INTERVALSTARTTIME_GMT,INTERVALENDTIME_GMT,OPR_DT,OPR_HR,NODE_ID_XML,NODE_ID,NODE,MARKET_RUN_ID,LMP_TYPE,XML_DATA_ITEM,PNODE_RESMRID,GRP_TYPE,POS,PRC,OPR_INTERVAL,GROUP
2022-09-01T07:00:00-00:00,2022-09-01T07:15:00-00:00,2022-09-01,01,SHASTRD_7_UNIT4GNODE,SHASTRD_7_UNIT4GNODE,SHASTRD_7_UNIT4GNODE,RTPD,LMP,LMP_PRC,SHASTRD_7_UNIT4GNODE,ALL,1,81.33116,1,1
2022-09-01T08:00:00-00:00,2022-09-01T08:15:00-00:00,2022-09-01,02,SHASTRD_7_UNIT4GNODE,SHASTRD_7_UNIT4GNODE,SHASTRD_7_UNIT4GNODE,RTPD,LMP,LMP_PRC,SHASTRD_7_UNIT4GNODE,ALL,1,112.40677,1,1
2022-09-01T09:00:00-00:00,2022-09-01T09:15:00-00:00,2022-09-01,03,SHASTRD_7_UNIT4GNODE,SHASTRD_7_UNIT4GNODE,SHASTRD_7_UNIT4GNODE,RTPD,LMP,LMP_PRC,SHASTRD_7_UNIT4GNODE,ALL,1,90.85295,1,1
2022-09-01T10:00:00-00:00,2022-09-01T10:15:00-00:00,2022-09-01,04,SHASTRD_7_UNIT4GNODE,SHASTRD_7_UNIT4GNODE,SHASTRD_7_UNIT4GNODE,RTPD,LMP,LMP_PRC,SHASTRD_7_UNIT4GNODE,ALL,1,90.36727,1,1
2022-09-01T11:00:00-00:00,2022-09-01T11:15:00-00:00,2022-09-01,05,SHASTRD_7_UNIT4GNODE,SHASTRD_7_UNIT4GNODE,SHASTRD_7_UNIT4GNODE,RTPD,LMP,LMP_PRC,SHASTRD_7_UNIT4GNODE,ALL,1,98.08749,1,1
2022-09-01T12:00:00-00:00,2022-09-01T12:15:00-00:00,2022-09-01,06,SHASTRD_7_UNIT4GNODE,SHASTRD_7_UNIT4GNODE,SHASTRD_7_UNIT4GNODE,RTPD,LMP,LMP_PRC,SHASTRD_7_UNIT4GNODE,ALL,1,83.07182,1,1
2022-09-01T13:00:00-00:00,2022-09-01T13:15:00-00:00,2022-09-01,07,SHASTRD_7_UNIT4GNODE,SHASTRD_7_UNIT4GNODE,SHASTRD_7_UNIT4GNODE,RTPD,LMP,LMP_PRC,SHASTRD_7_UNIT4GNODE,ALL,1,89.49799,1,1
2022-09-01T14:00:00-00:00,2022-09-01T14:15:00-00:00,2022-09-01,08,SHASTRD_7_UNIT4GNODE,SHASTRD_7_UNIT4GNODE,SHASTRD_7_UNIT4GNODE,RTPD,LMP,LMP_PRC,SHASTRD_7_UNIT4GNODE,ALL,1,108.18877,1,1
2022-09-01T15:00:00-00:00,2022-09-01T15:15:00-00:00,2022-09-01,09,SHASTRD_7_UNIT4GNODE,SHASTRD_7_UNIT4GNODE,SHASTRD_7_UNIT4GNODE,RTPD,LMP,LMP_PRC,SHASTRD_7_UNIT4GNODE,ALL,1,97.4124,1,1
2022-09-01T16:00:00-00:00,2022-09-01T16:15:00-00:00,2022-09-01,10,SHASTRD_7_UNIT4GNODE,SHASTRD_7_UNIT4GNODE,SHASTRD_7_UNIT4GNODE,RTPD,LMP,LMP_PRC,SHASTRD_7_UNIT4GNODE,ALL,1,83.43645,1,1
2022-09-01T17:00:00-00:00,2022-09-01T17:15:00-00:00,2022-09-01,11,SHASTRD_7_UNIT4GNODE,SHASTRD_7_UNIT4GNODE,SHASTRD_7_UNIT4GNODE,RTPD,LMP,LMP_PRC,SHASTRD_7_UNIT4GNODE,ALL,1,81.31099,1,1
2022-09-01T18:00:00-00:00,2022-09-01T18:15:00-00:00,2022-09-01,12,SHASTRD_7_UNIT4GNODE,SHASTRD_7_UNIT4GNODE,SHASTRD_7_UNIT4GNODE,RTPD,LMP,LMP_PRC,SHASTRD_7_UNIT4GNODE,ALL,1,61.18667,1,1
2022-09-01T19:00:00-00:00,2022-09-01T19:15:00-00:00,2022-09-01,13,SHASTRD_7_UNIT4GNODE,SHASTRD_7_UNIT4GNODE,SHASTRD_7_UNIT4GNODE,RTPD,LMP,LMP_PRC,SHASTRD_7_UNIT4GNODE,ALL,1,75.60752,1,1
2022-09-01T20:00:00-00:00,2022-09-01T20:15:00-00:00,2022-09-01,14,SHASTRD_7_UNIT4GNODE,SHASTRD_7_UNIT4GNODE,SHASTRD_7_UNIT4GNODE,RTPD,LMP,LMP_PRC,SHASTRD_7_UNIT4GNODE,ALL,1,114.64227,1,1
2022-09-01T21:00:00-00:00,2022-09-01T21:15:00-00:00,2022-09-01,15,SHASTRD_7_UNIT4GNODE,SHASTRD_7_UNIT4GNODE,SHASTRD_7_UNIT4GNODE,RTPD,LMP,LMP_PRC,SHASTRD_7_UNIT4GNODE,ALL,1,133.13293,1,1
2022-09-01T22:00:00-00:00,2022-09-01T22:15:00-00:00,2022-09-01,16,SHASTRD_7_UNIT4GNODE,SHASTRD_7_UNIT4GNODE,SHASTRD_7_UNIT4GNODE,RTPD,LMP,LMP_PRC,SHASTRD_7_UNIT4GNODE,ALL,1,127.97787,1,1
2022-09-01T23:00:00-00:00,2022-09-01T23:15:00-00:00,2022-09-01,17,SHASTRD_7_UNIT4GNODE,SHASTRD_7_UNIT4GNODE,SHASTRD_7_UNIT4GNODE,RTPD,LMP,LMP_PRC,SHASTRD_7_UNIT4GNODE,ALL,1,225.65102,1,1
2022-09-02T00:00:00-00:00,2022-09-02T00:15:00-00:00,2022-09-01,18,SHASTRD_7_UNIT4GNODE,SHASTRD_7_UNIT4GNODE,SHASTRD_7_UNIT4GNODE,RTPD,LMP,LMP_PRC,SHASTRD_7_UNIT4GNODE,ALL,1,1010.67035,1,1
2022-09-02T01:00:00-00:00,2022-09-02T01:15:00-00:00,2022-09-01,19,SHASTRD_7_UNIT4GNODE,SHASTRD_7_UNIT4GNODE,SHASTRD_7_UNIT4GNODE,RTPD,LMP,LMP_PRC,SHASTRD_7_UNIT4GNODE,ALL,1,1193.3474,1,1
2022-09-02T02:00:00-00:00,2022-09-02T02:15:00-00:00,2022-09-01,20,SHASTRD_7_UNIT4GNODE,SHASTRD_7_UNIT4GNODE,SHASTRD_7_UNIT4GNODE,RTPD,LMP,LMP_PRC,SHASTRD_7_UNIT4GNODE,ALL,1,1991.671,1,1
2022-09-02T03:00:00-00:00,2022-09-02T03:15:00-00:00,2022-09-01,21,SHASTRD_7_UNIT4GNODE,SHASTRD_7_UNIT4GNODE,SHASTRD_7_UNIT4GNODE,RTPD,LMP,LMP_PRC,SHASTRD_7_UNIT4GNODE,ALL,1,1193.5557,1,1
2022-09-02T04:00:00-00:00,2022-09-02T04:15:00-00:00,2022-09-01,22,SHASTRD_7_UNIT4GNODE,SHASTRD_7_UNIT4GNODE,SHASTRD_7_UNIT4GNODE,RTPD,LMP,LMP_PRC,SHASTRD_7_UNIT4GNODE,ALL,1,243.8803,1,1
2022-09-02T05:00:00-00:00,2022-09-02T05:15:00-00:00,2022-09-01,23,SHASTRD_7_UNIT4GNODE,SHASTRD_7_UNIT4GNODE,SHASTRD_7_UNIT4GNODE,RTPD,LMP,LMP_PRC,SHASTRD_7_UNIT4GNODE,ALL,1,175.91786,1,1
2022-09-02T06:00:00-00:00,2022-09-02T06:15:00-00:00,2022-09-01,24,SHASTRD_7_UNIT4GNODE,SHASTRD_7_UNIT4GNODE,SHASTRD_7_UNIT4GNODE,RTPD,LMP,LMP_PRC,SHASTRD_7_UNIT4GNODE,ALL,1,151.59204,1,1
2022-09-01T07:15:00-00:00,2022-09-01T07:30:00-00:00,2022-09-01,01,SHASTRD_7_UNIT4GNODE,SHASTRD_7_UNIT4GNODE,SHASTRD_7_UNIT4GNODE,RTPD,LMP,LMP_PRC,SHASTRD_7_UNIT4GNODE,ALL,1,116.1487,2,1
2022-09-01T08:15:00-00:00,2022-09-01T08:30:00-00:00,2022-09-01,02,SHASTRD_7_UNIT4GNODE,SHASTRD_7_UNIT4GNODE,SHASTRD_7_UNIT4GNODE,RTPD,LMP,LMP_PRC,SHASTRD_7_UNIT4GNODE,ALL,1,114.67489,2,1
2022-09-01T09:15:00-00:00,2022-09-01T09:30:00-00:00,2022-09-01,03,SHASTRD_7_UNIT4GNODE,SHASTRD_7_UNIT4GNODE,SHASTRD_7_UNIT4GNODE,RTPD,LMP,LMP_PRC,SHASTRD_7_UNIT4GNODE,ALL,1,88.21436,2,1
2022-09-01T10:15:00-00:00,2022-09-01T10:30:00-00:00,2022-09-01,04,SHASTRD_7_UNIT4GNODE,SHASTRD_7_UNIT4GNODE,SHASTRD_7_UNIT4GNODE,RTPD,LMP,LMP_PRC,SHASTRD_7_UNIT4GNODE,ALL,1,87.25943,2,1
2022-09-01T11:15:00-00:00,2022-09-01T11:30:00-00:00,2022-09-01,05,SHASTRD_7_UNIT4GNODE,SHASTRD_7_UNIT4GNODE,SHASTRD_7_UNIT4GNODE,RTPD,LMP,LMP_PRC,SHASTRD_7_UNIT4GNODE,ALL,1,98.52482,2,1
2022-09-01T12:15:00-00:00,2022-09-01T12:30:00-00:00,2022-09-01,06,SHASTRD_7_UNIT4GNODE,SHASTRD_7_UNIT4GNODE,SHASTRD_7_UNIT4GNODE,RTPD,LMP,LMP_PRC,SHASTRD_7_UNIT4GNODE,ALL,1,98.63086,2,1
2022-09-01T13:15:00-00:00,2022-09-01T13:30:00-00:00,2022-09-01,07,SHASTRD_7_UNIT4GNODE,SHASTRD_7_UNIT4GNODE,SHASTRD_7_UNIT4GNODE,RTPD,LMP,LMP_PRC,SHASTRD_7_UNIT4GNODE,ALL,1,105.54353,2,1
2022-09-01T14:15:00-00:00,2022-09-01T14:30:00-00:00,2022-09-01,08,SHASTRD_7_UNIT4GNODE,SHASTRD_7_UNIT4GNODE,SHASTRD_7_UNIT4GNODE,RTPD,LMP,LMP_PRC,SHASTRD_7_UNIT4GNODE,ALL,1,102.08275,2,1
2022-09-01T15:15:00-00:00,2022-09-01T15:30:00-00:00,2022-09-01,09,SHASTRD_7_UNIT4GNODE,SHASTRD_7_UNIT4GNODE,SHASTRD_7_UNIT4GNODE,RTPD,LMP,LMP_PRC,SHASTRD_7_UNIT4GNODE,ALL,1,86.94,2,1
2022-09-01T16:15:00-00:00,2022-09-01T16:30:00-00:00,2022-09-01,10,SHASTRD_7_UNIT4GNODE,SHASTRD_7_UNIT4GNODE,SHASTRD_7_UNIT4GNODE,RTPD,LMP,LMP_PRC,SHASTRD_7_UNIT4GNODE,ALL,1,87.9205,2,1
2022-09-01T17:15:00-00:00,2022-09-01T17:30:00-00:00,2022-09-01,11,SHASTRD_7_UNIT4GNODE,SHASTRD_7_UNIT4GNODE,SHASTRD_7_UNIT4GNODE,RTPD,LMP,LMP_PRC,SHASTRD_7_UNIT4GNODE,ALL,1,80.29359,2,1
2022-09-01T18:15:00-00:00,2022-09-01T18:30:00-00:00,2022-09-01,12,SHASTRD_7_UNIT4GNODE,SHASTRD_7_UNIT4GNODE,SHASTRD_7_UNIT4GNODE,RTPD,LMP,LMP_PRC,SHASTRD_7_UNIT4GNODE,ALL,1,76.25863,2,1
2022-09-01T19:15:00-00:00,2022-09-01T19:30:00-00:00,2022-09-01,13,SHASTRD_7_UNIT4GNODE,SHASTRD_7_UNIT4GNODE,SHASTRD_7_UNIT4GNODE,RTPD,LMP,LMP_PRC,SHASTRD_7_UNIT4GNODE,ALL,1,77.49119,2,1
2022-09-01T20:15:00-00:00,2022-09-01T20:30:00-00:00,2022-09-01,14,SHASTRD_7_UNIT4GNODE,SHASTRD_7_UNIT4GNODE,SHASTRD_7_UNIT4GNODE,RTPD,LMP,LMP_PRC,SHASTRD_7_UNIT4GNODE,ALL,1,114.50472,2,1
2022-09-01T21:15:00-00:00,2022-09-01T21:30:00-00:00,2022-09-01,15,SHASTRD_7_UNIT4GNODE,SHASTRD_7_UNIT4GNODE,SHASTRD_7_UNIT4GNODE,RTPD,LMP,LMP_PRC,SHASTRD_7_UNIT4GNODE,ALL,1,121.94867,2,1
2022-09-01T22:15:00-00:00,2022-09-01T22:30:00-00:00,2022-09-01,16,SHASTRD_7_UNIT4GNODE,SHASTRD_7_UNIT4GNODE,SHASTRD_7_UNIT4GNODE,RTPD,LMP,LMP_PRC,SHASTRD_7_UNIT4GNODE,ALL,1,145.56091,2,1
2022-09-01T23:15:00-00:00,2022-09-01T23:30:00-00:00,2022-09-01,17,SHASTRD_7_UNIT4GNODE,SHASTRD_7_UNIT4GNODE,SHASTRD_7_UNIT4GNODE,RTPD,LMP,LMP_PRC,SHASTRD_7_UNIT4GNODE,ALL,1,266.95245,2,1
2022-09-02T00:15:00-00:00,2022-09-02T00:30:00-00:00,2022-09-01,18,SHASTRD_7_UNIT4GNODE,SHASTRD_7_UNIT4GNODE,SHASTRD_7_UNIT4GNODE,RTPD,LMP,LMP_PRC,SHASTRD_7_UNIT4GNODE,ALL,1,928.90454,2,1
2022-09-02T01:15:00-00:00,2022-09-02T01:30:00-00:00,2022-09-01,19,SHASTRD_7_UNIT4GNODE,SHASTRD_7_UNIT4GNODE,SHASTRD_7_UNIT4GNODE,RTPD,LMP,LMP_PRC,SHASTRD_7_UNIT4GNODE,ALL,1,1999.9945,2,1
2022-09-02T02:15:00-00:00,2022-09-02T02:30:00-00:00,2022-09-01,20,SHASTRD_7_UNIT4GNODE,SHASTRD_7_UNIT4GNODE,SHASTRD_7_UNIT4GNODE,RTPD,LMP,LMP_PRC,SHASTRD_7_UNIT4GNODE,ALL,1,1991.671,2,1
2022-09-02T03:15:00-00:00,2022-09-02T03:30:00-00:00,2022-09-01,21,SHASTRD_7_UNIT4GNODE,SHASTRD_7_UNIT4GNODE,SHASTRD_7_UNIT4GNODE,RTPD,LMP,LMP_PRC,SHASTRD_7_UNIT4GNODE,ALL,1,501.84418,2,1
2022-09-02T04:15:00-00:00,2022-09-02T04:30:00-00:00,2022-09-01,22,SHASTRD_7_UNIT4GNODE,SHASTRD_7_UNIT4GNODE,SHASTRD_7_UNIT4GNODE,RTPD,LMP,LMP_PRC,SHASTRD_7_UNIT4GNODE,ALL,1,212.2082,2,1
2022-09-02T05:15:00-00:00,2022-09-02T05:30:00-00:00,2022-09-01,23,SHASTRD_7_UNIT4GNODE,SHASTRD_7_UNIT4GNODE,SHASTRD_7_UNIT4GNODE,RTPD,LMP,LMP_PRC,SHASTRD_7_UNIT4GNODE,ALL,1,150.0349,2,1
2022-09-02T06:15:00-00:00,2022-09-02T06:30:00-00:00,2022-09-01,24,SHASTRD_7_UNIT4GNODE,SHASTRD_7_UNIT4GNODE,SHASTRD_7_UNIT4GNODE,RTPD,LMP,LMP_PRC,SHASTRD_7_UNIT4GNODE,ALL,1,135.27403,2,1
2022-09-01T07:30:00-00:00,2022-09-01T07:45:00-00:00,2022-09-01,01,SHASTRD_7_UNIT4GNODE,SHASTRD_7_UNIT4GNODE,SHASTRD_7_UNIT4GNODE,RTPD,LMP,LMP_PRC,SHASTRD_7_UNIT4GNODE,ALL,1,103.83767,3,1
2022-09-01T08:30:00-00:00,2022-09-01T08:45:00-00:00,2022-09-01,02,SHASTRD_7_UNIT4GNODE,SHASTRD_7_UNIT4GNODE,SHASTRD_7_UNIT4GNODE,RTPD,LMP,LMP_PRC,SHASTRD_7_UNIT4GNODE,ALL,1,106.19046,3,1
2022-09-01T09:30:00-00:00,2022-09-01T09:45:00-00:00,2022-09-01,03,SHASTRD_7_UNIT4GNODE,SHASTRD_7_UNIT4GNODE,SHASTRD_7_UNIT4GNODE,RTPD,LMP,LMP_PRC,SHASTRD_7_UNIT4GNODE,ALL,1,88.02925,3,1
2022-09-01T10:30:00-00:00,2022-09-01T10:45:00-00:00,2022-09-01,04,SHASTRD_7_UNIT4GNODE,SHASTRD_7_UNIT4GNODE,SHASTRD_7_UNIT4GNODE,RTPD,LMP,LMP_PRC,SHASTRD_7_UNIT4GNODE,ALL,1,88.9511,3,1
2022-09-01T11:30:00-00:00,2022-09-01T11:45:00-00:00,2022-09-01,05,SHASTRD_7_UNIT4GNODE,SHASTRD_7_UNIT4GNODE,SHASTRD_7_UNIT4GNODE,RTPD,LMP,LMP_PRC,SHASTRD_7_UNIT4GNODE,ALL,1,98.55932,3,1
2022-09-01T12:30:00-00:00,2022-09-01T12:45:00-00:00,2022-09-01,06,SHASTRD_7_UNIT4GNODE,SHASTRD_7_UNIT4GNODE,SHASTRD_7_UNIT4GNODE,RTPD,LMP,LMP_PRC,SHASTRD_7_UNIT4GNODE,ALL,1,98.64682,3,1
2022-09-01T13:30:00-00:00,2022-09-01T13:45:00-00:00,2022-09-01,07,SHASTRD_7_UNIT4GNODE,SHASTRD_7_UNIT4GNODE,SHASTRD_7_UNIT4GNODE,RTPD,LMP,LMP_PRC,SHASTRD_7_UNIT4GNODE,ALL,1,106.77949,3,1
2022-09-01T14:30:00-00:00,2022-09-01T14:45:00-00:00,2022-09-01,08,SHASTRD_7_UNIT4GNODE,SHASTRD_7_UNIT4GNODE,SHASTRD_7_UNIT4GNODE,RTPD,LMP,LMP_PRC,SHASTRD_7_UNIT4GNODE,ALL,1,99.5622,3,1
2022-09-01T15:30:00-00:00,2022-09-01T15:45:00-00:00,2022-09-01,09,SHASTRD_7_UNIT4GNODE,SHASTRD_7_UNIT4GNODE,SHASTRD_7_UNIT4GNODE,RTPD,LMP,LMP_PRC,SHASTRD_7_UNIT4GNODE,ALL,1,86.14,3,1
2022-09-01T16:30:00-00:00,2022-09-01T16:45:00-00:00,2022-09-01,10,SHASTRD_7_UNIT4GNODE,SHASTRD_7_UNIT4GNODE,SHASTRD_7_UNIT4GNODE,RTPD,LMP,LMP_PRC,SHASTRD_7_UNIT4GNODE,ALL,1,75.98767,3,1
2022-09-01T17:30:00-00:00,2022-09-01T17:45:00-00:00,2022-09-01,11,SHASTRD_7_UNIT4GNODE,SHASTRD_7_UNIT4GNODE,SHASTRD_7_UNIT4GNODE,RTPD,LMP,LMP_PRC,SHASTRD_7_UNIT4GNODE,ALL,1,80,3,1
2022-09-01T18:30:00-00:00,2022-09-01T18:45:00-00:00,2022-09-01,12,SHASTRD_7_UNIT4GNODE,SHASTRD_7_UNIT4GNODE,SHASTRD_7_UNIT4GNODE,RTPD,LMP,LMP_PRC,SHASTRD_7_UNIT4GNODE,ALL,1,81.08208,3,1
2022-09-01T19:30:00-00:00,2022-09-01T19:45:00-00:00,2022-09-01,13,SHASTRD_7_UNIT4GNODE,SHASTRD_7_UNIT4GNODE,SHASTRD_7_UNIT4GNODE,RTPD,LMP,LMP_PRC,SHASTRD_7_UNIT4GNODE,ALL,1,102.14107,3,1
2022-09-01T20:30:00-00:00,2022-09-01T20:45:00-00:00,2022-09-01,14,SHASTRD_7_UNIT4GNODE,SHASTRD_7_UNIT4GNODE,SHASTRD_7_UNIT4GNODE,RTPD,LMP,LMP_PRC,SHASTRD_7_UNIT4GNODE,ALL,1,117.75041,3,1
2022-09-01T21:30:00-00:00,2022-09-01T21:45:00-00:00,2022-09-01,15,SHASTRD_7_UNIT4GNODE,SHASTRD_7_UNIT4GNODE,SHASTRD_7_UNIT4GNODE,RTPD,LMP,LMP_PRC,SHASTRD_7_UNIT4GNODE,ALL,1,129.72272,3,1
2022-09-01T22:30:00-00:00,2022-09-01T22:45:00-00:00,2022-09-01,16,SHASTRD_7_UNIT4GNODE,SHASTRD_7_UNIT4GNODE,SHASTRD_7_UNIT4GNODE,RTPD,LMP,LMP_PRC,SHASTRD_7_UNIT4GNODE,ALL,1,164.30466,3,1
2022-09-01T23:30:00-00:00,2022-09-01T23:45:00-00:00,2022-09-01,17,SHASTRD_7_UNIT4GNODE,SHASTRD_7_UNIT4GNODE,SHASTRD_7_UNIT4GNODE,RTPD,LMP,LMP_PRC,SHASTRD_7_UNIT4GNODE,ALL,1,566.4828,3,1
2022-09-02T00:30:00-00:00,2022-09-02T00:45:00-00:00,2022-09-01,18,SHASTRD_7_UNIT4GNODE,SHASTRD_7_UNIT4GNODE,SHASTRD_7_UNIT4GNODE,RTPD,LMP,LMP_PRC,SHASTRD_7_UNIT4GNODE,ALL,1,1714.315,3,1
2022-09-02T01:30:00-00:00,2022-09-02T01:45:00-00:00,2022-09-01,19,SHASTRD_7_UNIT4GNODE,SHASTRD_7_UNIT4GNODE,SHASTRD_7_UNIT4GNODE,RTPD,LMP,LMP_PRC,SHASTRD_7_UNIT4GNODE,ALL,1,1999.9944,3,1
2022-09-02T02:30:00-00:00,2022-09-02T02:45:00-00:00,2022-09-01,20,SHASTRD_7_UNIT4GNODE,SHASTRD_7_UNIT4GNODE,SHASTRD_7_UNIT4GNODE,RTPD,LMP,LMP_PRC,SHASTRD_7_UNIT4GNODE,ALL,1,1991.6698,3,1
2022-09-02T03:30:00-00:00,2022-09-02T03:45:00-00:00,2022-09-01,21,SHASTRD_7_UNIT4GNODE,SHASTRD_7_UNIT4GNODE,SHASTRD_7_UNIT4GNODE,RTPD,LMP,LMP_PRC,SHASTRD_7_UNIT4GNODE,ALL,1,204.2131,3,1
2022-09-02T04:30:00-00:00,2022-09-02T04:45:00-00:00,2022-09-01,22,SHASTRD_7_UNIT4GNODE,SHASTRD_7_UNIT4GNODE,SHASTRD_7_UNIT4GNODE,RTPD,LMP,LMP_PRC,SHASTRD_7_UNIT4GNODE,ALL,1,169.14986,3,1
2022-09-02T05:30:00-00:00,2022-09-02T05:45:00-00:00,2022-09-01,23,SHASTRD_7_UNIT4GNODE,SHASTRD_7_UNIT4GNODE,SHASTRD_7_UNIT4GNODE,RTPD,LMP,LMP_PRC,SHASTRD_7_UNIT4GNODE,ALL,1,125.15486,3,1
2022-09-02T06:30:00-00:00,2022-09-02T06:45:00-00:00,2022-09-01,24,SHASTRD_7_UNIT4GNODE,SHASTRD_7_UNIT4GNODE,SHASTRD_7_UNIT4GNODE,RTPD,LMP,LMP_PRC,SHASTRD_7_UNIT4GNODE,ALL,1,122.37121,3,1
2022-09-01T07:45:00-00:00,2022-09-01T08:00:00-00:00,2022-09-01,01,SHASTRD_7_UNIT4GNODE,SHASTRD_7_UNIT4GNODE,SHASTRD_7_UNIT4GNODE,RTPD,LMP,LMP_PRC,SHASTRD_7_UNIT4GNODE,ALL,1,91.80177,4,1
2022-09-01T08:45:00-00:00,2022-09-01T09:00:00-00:00,2022-09-01,02,SHASTRD_7_UNIT4GNODE,SHASTRD_7_UNIT4GNODE,SHASTRD_7_UNIT4GNODE,RTPD,LMP,LMP_PRC,SHASTRD_7_UNIT4GNODE,ALL,1,90.07548,4,1
2022-09-01T09:45:00-00:00,2022-09-01T10:00:00-00:00,2022-09-01,03,SHASTRD_7_UNIT4GNODE,SHASTRD_7_UNIT4GNODE,SHASTRD_7_UNIT4GNODE,RTPD,LMP,LMP_PRC,SHASTRD_7_UNIT4GNODE,ALL,1,87.96443,4,1
2022-09-01T10:45:00-00:00,2022-09-01T11:00:00-00:00,2022-09-01,04,SHASTRD_7_UNIT4GNODE,SHASTRD_7_UNIT4GNODE,SHASTRD_7_UNIT4GNODE,RTPD,LMP,LMP_PRC,SHASTRD_7_UNIT4GNODE,ALL,1,89.19789,4,1
2022-09-01T11:45:00-00:00,2022-09-01T12:00:00-00:00,2022-09-01,05,SHASTRD_7_UNIT4GNODE,SHASTRD_7_UNIT4GNODE,SHASTRD_7_UNIT4GNODE,RTPD,LMP,LMP_PRC,SHASTRD_7_UNIT4GNODE,ALL,1,107.0112,4,1
2022-09-01T12:45:00-00:00,2022-09-01T13:00:00-00:00,2022-09-01,06,SHASTRD_7_UNIT4GNODE,SHASTRD_7_UNIT4GNODE,SHASTRD_7_UNIT4GNODE,RTPD,LMP,LMP_PRC,SHASTRD_7_UNIT4GNODE,ALL,1,114.29136,4,1
2022-09-01T13:45:00-00:00,2022-09-01T14:00:00-00:00,2022-09-01,07,SHASTRD_7_UNIT4GNODE,SHASTRD_7_UNIT4GNODE,SHASTRD_7_UNIT4GNODE,RTPD,LMP,LMP_PRC,SHASTRD_7_UNIT4GNODE,ALL,1,111.4088,4,1
2022-09-01T14:45:00-00:00,2022-09-01T15:00:00-00:00,2022-09-01,08,SHASTRD_7_UNIT4GNODE,SHASTRD_7_UNIT4GNODE,SHASTRD_7_UNIT4GNODE,RTPD,LMP,LMP_PRC,SHASTRD_7_UNIT4GNODE,ALL,1,86.14,4,1
2022-09-01T15:45:00-00:00,2022-09-01T16:00:00-00:00,2022-09-01,09,SHASTRD_7_UNIT4GNODE,SHASTRD_7_UNIT4GNODE,SHASTRD_7_UNIT4GNODE,RTPD,LMP,LMP_PRC,SHASTRD_7_UNIT4GNODE,ALL,1,78.70196,4,1
2022-09-01T16:45:00-00:00,2022-09-01T17:00:00-00:00,2022-09-01,10,SHASTRD_7_UNIT4GNODE,SHASTRD_7_UNIT4GNODE,SHASTRD_7_UNIT4GNODE,RTPD,LMP,LMP_PRC,SHASTRD_7_UNIT4GNODE,ALL,1,79.64586,4,1
2022-09-01T17:45:00-00:00,2022-09-01T18:00:00-00:00,2022-09-01,11,SHASTRD_7_UNIT4GNODE,SHASTRD_7_UNIT4GNODE,SHASTRD_7_UNIT4GNODE,RTPD,LMP,LMP_PRC,SHASTRD_7_UNIT4GNODE,ALL,1,80.26158,4,1
2022-09-01T18:45:00-00:00,2022-09-01T19:00:00-00:00,2022-09-01,12,SHASTRD_7_UNIT4GNODE,SHASTRD_7_UNIT4GNODE,SHASTRD_7_UNIT4GNODE,RTPD,LMP,LMP_PRC,SHASTRD_7_UNIT4GNODE,ALL,1,83.16497,4,1
2022-09-01T19:45:00-00:00,2022-09-01T20:00:00-00:00,2022-09-01,13,SHASTRD_7_UNIT4GNODE,SHASTRD_7_UNIT4GNODE,SHASTRD_7_UNIT4GNODE,RTPD,LMP,LMP_PRC,SHASTRD_7_UNIT4GNODE,ALL,1,107.31257,4,1
2022-09-01T20:45:00-00:00,2022-09-01T21:00:00-00:00,2022-09-01,14,SHASTRD_7_UNIT4GNODE,SHASTRD_7_UNIT4GNODE,SHASTRD_7_UNIT4GNODE,RTPD,LMP,LMP_PRC,SHASTRD_7_UNIT4GNODE,ALL,1,127.3068,4,1
2022-09-01T21:45:00-00:00,2022-09-01T22:00:00-00:00,2022-09-01,15,SHASTRD_7_UNIT4GNODE,SHASTRD_7_UNIT4GNODE,SHASTRD_7_UNIT4GNODE,RTPD,LMP,LMP_PRC,SHASTRD_7_UNIT4GNODE,ALL,1,215.97508,4,1
2022-09-01T22:45:00-00:00,2022-09-01T23:00:00-00:00,2022-09-01,16,SHASTRD_7_UNIT4GNODE,SHASTRD_7_UNIT4GNODE,SHASTRD_7_UNIT4GNODE,RTPD,LMP,LMP_PRC,SHASTRD_7_UNIT4GNODE,ALL,1,188.4642,4,1
2022-09-01T23:45:00-00:00,2022-09-02T00:00:00-00:00,2022-09-01,17,SHASTRD_7_UNIT4GNODE,SHASTRD_7_UNIT4GNODE,SHASTRD_7_UNIT4GNODE,RTPD,LMP,LMP_PRC,SHASTRD_7_UNIT4GNODE,ALL,1,1598.5,4,1
2022-09-02T00:45:00-00:00,2022-09-02T01:00:00-00:00,2022-09-01,18,SHASTRD_7_UNIT4GNODE,SHASTRD_7_UNIT4GNODE,SHASTRD_7_UNIT4GNODE,RTPD,LMP,LMP_PRC,SHASTRD_7_UNIT4GNODE,ALL,1,1761.6761,4,1
2022-09-02T01:45:00-00:00,2022-09-02T02:00:00-00:00,2022-09-01,19,SHASTRD_7_UNIT4GNODE,SHASTRD_7_UNIT4GNODE,SHASTRD_7_UNIT4GNODE,RTPD,LMP,LMP_PRC,SHASTRD_7_UNIT4GNODE,ALL,1,1991.9325,4,1
2022-09-02T02:45:00-00:00,2022-09-02T03:00:00-00:00,2022-09-01,20,SHASTRD_7_UNIT4GNODE,SHASTRD_7_UNIT4GNODE,SHASTRD_7_UNIT4GNODE,RTPD,LMP,LMP_PRC,SHASTRD_7_UNIT4GNODE,ALL,1,1602.4535,4,1
2022-09-02T03:45:00-00:00,2022-09-02T04:00:00-00:00,2022-09-01,21,SHASTRD_7_UNIT4GNODE,SHASTRD_7_UNIT4GNODE,SHASTRD_7_UNIT4GNODE,RTPD,LMP,LMP_PRC,SHASTRD_7_UNIT4GNODE,ALL,1,148.78136,4,1
2022-09-02T04:45:00-00:00,2022-09-02T05:00:00-00:00,2022-09-01,22,SHASTRD_7_UNIT4GNODE,SHASTRD_7_UNIT4GNODE,SHASTRD_7_UNIT4GNODE,RTPD,LMP,LMP_PRC,SHASTRD_7_UNIT4GNODE,ALL,1,119.80553,4,1
2022-09-02T05:45:00-00:00,2022-09-02T06:00:00-00:00,2022-09-01,23,SHASTRD_7_UNIT4GNODE,SHASTRD_7_UNIT4GNODE,SHASTRD_7_UNIT4GNODE,RTPD,LMP,LMP_PRC,SHASTRD_7_UNIT4GNODE,ALL,1,107.96873,4,1
2022-09-02T06:45:00-00:00,2022-09-02T07:00:00-00:00,2022-09-01,24,SHASTRD_7_UNIT4GNODE,SHASTRD_7_UNIT4GNODE,SHASTRD_7_UNIT4GNODE,RTPD,LMP,LMP_PRC,SHASTRD_7_UNIT4GNODE,ALL,1,104.07183,4,1
2022-09-01T07:00:00-00:00,2022-09-01T07:15:00-00:00,2022-09-01,01,SHASTRD_7_UNIT4GNODE,SHASTRD_7_UNIT4GNODE,SHASTRD_7_UNIT4GNODE,RTPD,MCC,LMP_CONG_PRC,SHASTRD_7_UNIT4GNODE,ALL,1,-17.181,1,2
2022-09-01T08:00:00-00:00,2022-09-01T08:15:00-00:00,2022-09-01,02,SHASTRD_7_UNIT4GNODE,SHASTRD_7_UNIT4GNODE,SHASTRD_7_UNIT4GNODE,RTPD,MCC,LMP_CONG_PRC,SHASTRD_7_UNIT4GNODE,ALL,1,-3.14202,1,2
2022-09-01T09:00:00-00:00,2022-09-01T09:15:00-00:00,2022-09-01,03,SHASTRD_7_UNIT4GNODE,SHASTRD_7_UNIT4GNODE,SHASTRD_7_UNIT4GNODE,RTPD,MCC,LMP_CONG_PRC,SHASTRD_7_UNIT4GNODE,ALL,1,-4.20024,1,2
2022-09-01T10:00:00-00:00,2022-09-01T10:15:00-00:00,2022-09-01,04,SHASTRD_7_UNIT4GNODE,SHASTRD_7_UNIT4GNODE,SHASTRD_7_UNIT4GNODE,RTPD,MCC,LMP_CONG_PRC,SHASTRD_7_UNIT4GNODE,ALL,1,-3.63871,1,2
2022-09-01T11:00:00-00:00,2022-09-01T11:15:00-00:00,2022-09-01,05,SHASTRD_7_UNIT4GNODE,SHASTRD_7_UNIT4GNODE,SHASTRD_7_UNIT4GNODE,RTPD,MCC,LMP_CONG_PRC,SHASTRD_7_UNIT4GNODE,ALL,1,0.0012,1,2
2022-09-01T12:00:00-00:00,2022-09-01T12:15:00-00:00,2022-09-01,06,SHASTRD_7_UNIT4GNODE,SHASTRD_7_UNIT4GNODE,SHASTRD_7_UNIT4GNODE,RTPD,MCC,LMP_CONG_PRC,SHASTRD_7_UNIT4GNODE,ALL,1,-9.34003,1,2
2022-09-01T13:00:00-00:00,2022-09-01T13:15:00-00:00,2022-09-01,07,SHASTRD_7_UNIT4GNODE,SHASTRD_7_UNIT4GNODE,SHASTRD_7_UNIT4GNODE,RTPD,MCC,LMP_CONG_PRC,SHASTRD_7_UNIT4GNODE,ALL,1,-12.31078,1,2
2022-09-01T14:00:00-00:00,2022-09-01T14:15:00-00:00,2022-09-01,08,SHASTRD_7_UNIT4GNODE,SHASTRD_7_UNIT4GNODE,SHASTRD_7_UNIT4GNODE,RTPD,MCC,LMP_CONG_PRC,SHASTRD_7_UNIT4GNODE,ALL,1,-0.0012,1,2
2022-09-01T15:00:00-00:00,2022-09-01T15:15:00-00:00,2022-09-01,09,SHASTRD_7_UNIT4GNODE,SHASTRD_7_UNIT4GNODE,SHASTRD_7_UNIT4GNODE,RTPD,MCC,LMP_CONG_PRC,SHASTRD_7_UNIT4GNODE,ALL,1,0.0012,1,2
2022-09-01T16:00:00-00:00,2022-09-01T16:15:00-00:00,2022-09-01,10,SHASTRD_7_UNIT4GNODE,SHASTRD_7_UNIT4GNODE,SHASTRD_7_UNIT4GNODE,RTPD,MCC,LMP_CONG_PRC,SHASTRD_7_UNIT4GNODE,ALL,1,0.0012,1,2
2022-09-01T17:00:00-00:00,2022-09-01T17:15:00-00:00,2022-09-01,11,SHASTRD_7_UNIT4GNODE,SHASTRD_7_UNIT4GNODE,SHASTRD_7_UNIT4GNODE,RTPD,MCC,LMP_CONG_PRC,SHASTRD_7_UNIT4GNODE,ALL,1,-15.63798,1,2
2022-09-01T18:00:00-00:00,2022-09-01T18:15:00-00:00,2022-09-01,12,SHASTRD_7_UNIT4GNODE,SHASTRD_7_UNIT4GNODE,SHASTRD_7_UNIT4GNODE,RTPD,MCC,LMP_CONG_PRC,SHASTRD_7_UNIT4GNODE,ALL,1,-30.40624,1,2
2022-09-01T19:00:00-00:00,2022-09-01T19:15:00-00:00,2022-09-01,13,SHASTRD_7_UNIT4GNODE,SHASTRD_7_UNIT4GNODE,SHASTRD_7_UNIT4GNODE,RTPD,MCC,LMP_CONG_PRC,SHASTRD_7_UNIT4GNODE,ALL,1,-33.58884,1,2
2022-09-01T20:00:00-00:00,2022-09-01T20:15:00-00:00,2022-09-01,14,SHASTRD_7_UNIT4GNODE,SHASTRD_7_UNIT4GNODE,SHASTRD_7_UNIT4GNODE,RTPD,MCC,LMP_CONG_PRC,SHASTRD_7_UNIT4GNODE,ALL,1,-3.30132,1,2
2022-09-01T21:00:00-00:00,2022-09-01T21:15:00-00:00,2022-09-01,15,SHASTRD_7_UNIT4GNODE,SHASTRD_7_UNIT4GNODE,SHASTRD_7_UNIT4GNODE,RTPD,MCC,LMP_CONG_PRC,SHASTRD_7_UNIT4GNODE,ALL,1,-93.48205,1,2
2022-09-01T22:00:00-00:00,2022-09-01T22:15:00-00:00,2022-09-01,16,SHASTRD_7_UNIT4GNODE,SHASTRD_7_UNIT4GNODE,SHASTRD_7_UNIT4GNODE,RTPD,MCC,LMP_CONG_PRC,SHASTRD_7_UNIT4GNODE,ALL,1,-101.20764,1,2
2022-09-01T23:00:00-00:00,2022-09-01T23:15:00-00:00,2022-09-01,17,SHASTRD_7_UNIT4GNODE,SHASTRD_7_UNIT4GNODE,SHASTRD_7_UNIT4GNODE,RTPD,MCC,LMP_CONG_PRC,SHASTRD_7_UNIT4GNODE,ALL,1,-161.10268,1,2
2022-09-02T00:00:00-00:00,2022-09-02T00:15:00-00:00,2022-09-01,18,SHASTRD_7_UNIT4GNODE,SHASTRD_7_UNIT4GNODE,SHASTRD_7_UNIT4GNODE,RTPD,MCC,LMP_CONG_PRC,SHASTRD_7_UNIT4GNODE,ALL,1,283.5497,1,2
2022-09-02T01:00:00-00:00,2022-09-02T01:15:00-00:00,2022-09-01,19,SHASTRD_7_UNIT4GNODE,SHASTRD_7_UNIT4GNODE,SHASTRD_7_UNIT4GNODE,RTPD,MCC,LMP_CONG_PRC,SHASTRD_7_UNIT4GNODE,ALL,1,277.07617,1,2
2022-09-02T02:00:00-00:00,2022-09-02T02:15:00-00:00,2022-09-01,20,SHASTRD_7_UNIT4GNODE,SHASTRD_7_UNIT4GNODE,SHASTRD_7_UNIT4GNODE,RTPD,MCC,LMP_CONG_PRC,SHASTRD_7_UNIT4GNODE,ALL,1,-0.0012,1,2
2022-09-02T03:00:00-00:00,2022-09-02T03:15:00-00:00,2022-09-01,21,SHASTRD_7_UNIT4GNODE,SHASTRD_7_UNIT4GNODE,SHASTRD_7_UNIT4GNODE,RTPD,MCC,LMP_CONG_PRC,SHASTRD_7_UNIT4GNODE,ALL,1,349.3171,1,2
2022-09-02T04:00:00-00:00,2022-09-02T04:15:00-00:00,2022-09-01,22,SHASTRD_7_UNIT4GNODE,SHASTRD_7_UNIT4GNODE,SHASTRD_7_UNIT4GNODE,RTPD,MCC,LMP_CONG_PRC,SHASTRD_7_UNIT4GNODE,ALL,1,-0.0012,1,2
2022-09-02T05:00:00-00:00,2022-09-02T05:15:00-00:00,2022-09-01,23,SHASTRD_7_UNIT4GNODE,SHASTRD_7_UNIT4GNODE,SHASTRD_7_UNIT4GNODE,RTPD,MCC,LMP_CONG_PRC,SHASTRD_7_UNIT4GNODE,ALL,1,0.0012,1,2
2022-09-02T06:00:00-00:00,2022-09-02T06:15:00-00:00,2022-09-01,24,SHASTRD_7_UNIT4GNODE,SHASTRD_7_UNIT4GNODE,SHASTRD_7_UNIT4GNODE,RTPD,MCC,LMP_CONG_PRC,SHASTRD_7_UNIT4GNODE,ALL,1,0.0012,1,2
2022-09-01T07:15:00-00:00,2022-09-01T07:30:00-00:00,2022-09-01,01,SHASTRD_7_UNIT4GNODE,SHASTRD_7_UNIT4GNODE,SHASTRD_7_UNIT4GNODE,RTPD,MCC,LMP_CONG_PRC,SHASTRD_7_UNIT4GNODE,ALL,1,-9.40274,2,2
2022-09-01T08:15:00-00:00,2022-09-01T08:30:00-00:00,2022-09-01,02,SHASTRD_7_UNIT4GNODE,SHASTRD_7_UNIT4GNODE,SHASTRD_7_UNIT4GNODE,RTPD,MCC,LMP_CONG_PRC,SHASTRD_7_UNIT4GNODE,ALL,1,-0.85676,2,2
2022-09-01T09:15:00-00:00,2022-09-01T09:30:00-00:00,2022-09-01,03,SHASTRD_7_UNIT4GNODE,SHASTRD_7_UNIT4GNODE,SHASTRD_7_UNIT4GNODE,RTPD,MCC,LMP_CONG_PRC,SHASTRD_7_UNIT4GNODE,ALL,1,-5.51981,2,2
2022-09-01T10:15:00-00:00,2022-09-01T10:30:00-00:00,2022-09-01,04,SHASTRD_7_UNIT4GNODE,SHASTRD_7_UNIT4GNODE,SHASTRD_7_UNIT4GNODE,RTPD,MCC,LMP_CONG_PRC,SHASTRD_7_UNIT4GNODE,ALL,1,-5.14923,2,2
2022-09-01T11:15:00-00:00,2022-09-01T11:30:00-00:00,2022-09-01,05,SHASTRD_7_UNIT4GNODE,SHASTRD_7_UNIT4GNODE,SHASTRD_7_UNIT4GNODE,RTPD,MCC,LMP_CONG_PRC,SHASTRD_7_UNIT4GNODE,ALL,1,0.0012,2,2
2022-09-01T12:15:00-00:00,2022-09-01T12:30:00-00:00,2022-09-01,06,SHASTRD_7_UNIT4GNODE,SHASTRD_7_UNIT4GNODE,SHASTRD_7_UNIT4GNODE,RTPD,MCC,LMP_CONG_PRC,SHASTRD_7_UNIT4GNODE,ALL,1,-5.6951,2,2
2022-09-01T13:15:00-00:00,2022-09-01T13:30:00-00:00,2022-09-01,07,SHASTRD_7_UNIT4GNODE,SHASTRD_7_UNIT4GNODE,SHASTRD_7_UNIT4GNODE,RTPD,MCC,LMP_CONG_PRC,SHASTRD_7_UNIT4GNODE,ALL,1,-0.52955,2,2
2022-09-01T14:15:00-00:00,2022-09-01T14:30:00-00:00,2022-09-01,08,SHASTRD_7_UNIT4GNODE,SHASTRD_7_UNIT4GNODE,SHASTRD_7_UNIT4GNODE,RTPD,MCC,LMP_CONG_PRC,SHASTRD_7_UNIT4GNODE,ALL,1,-0.0012,2,2
2022-09-01T15:15:00-00:00,2022-09-01T15:30:00-00:00,2022-09-01,09,SHASTRD_7_UNIT4GNODE,SHASTRD_7_UNIT4GNODE,SHASTRD_7_UNIT4GNODE,RTPD,MCC,LMP_CONG_PRC,SHASTRD_7_UNIT4GNODE,ALL,1,0.0012,2,2
2022-09-01T16:15:00-00:00,2022-09-01T16:30:00-00:00,2022-09-01,10,SHASTRD_7_UNIT4GNODE,SHASTRD_7_UNIT4GNODE,SHASTRD_7_UNIT4GNODE,RTPD,MCC,LMP_CONG_PRC,SHASTRD_7_UNIT4GNODE,ALL,1,-1.52808,2,2
2022-09-01T17:15:00-00:00,2022-09-01T17:30:00-00:00,2022-09-01,11,SHASTRD_7_UNIT4GNODE,SHASTRD_7_UNIT4GNODE,SHASTRD_7_UNIT4GNODE,RTPD,MCC,LMP_CONG_PRC,SHASTRD_7_UNIT4GNODE,ALL,1,-19.05313,2,2
2022-09-01T18:15:00-00:00,2022-09-01T18:30:00-00:00,2022-09-01,12,SHASTRD_7_UNIT4GNODE,SHASTRD_7_UNIT4GNODE,SHASTRD_7_UNIT4GNODE,RTPD,MCC,LMP_CONG_PRC,SHASTRD_7_UNIT4GNODE,ALL,1,-24.90038,2,2
2022-09-01T19:15:00-00:00,2022-09-01T19:30:00-00:00,2022-09-01,13,SHASTRD_7_UNIT4GNODE,SHASTRD_7_UNIT4GNODE,SHASTRD_7_UNIT4GNODE,RTPD,MCC,LMP_CONG_PRC,SHASTRD_7_UNIT4GNODE,ALL,1,-27.81469,2,2
2022-09-01T20:15:00-00:00,2022-09-01T20:30:00-00:00,2022-09-01,14,SHASTRD_7_UNIT4GNODE,SHASTRD_7_UNIT4GNODE,SHASTRD_7_UNIT4GNODE,RTPD,MCC,LMP_CONG_PRC,SHASTRD_7_UNIT4GNODE,ALL,1,-2.98949,2,2
2022-09-01T21:15:00-00:00,2022-09-01T21:30:00-00:00,2022-09-01,15,SHASTRD_7_UNIT4GNODE,SHASTRD_7_UNIT4GNODE,SHASTRD_7_UNIT4GNODE,RTPD,MCC,LMP_CONG_PRC,SHASTRD_7_UNIT4GNODE,ALL,1,-25.26318,2,2
2022-09-01T22:15:00-00:00,2022-09-01T22:30:00-00:00,2022-09-01,16,SHASTRD_7_UNIT4GNODE,SHASTRD_7_UNIT4GNODE,SHASTRD_7_UNIT4GNODE,RTPD,MCC,LMP_CONG_PRC,SHASTRD_7_UNIT4GNODE,ALL,1,-111.0264,2,2
2022-09-01T23:15:00-00:00,2022-09-01T23:30:00-00:00,2022-09-01,17,SHASTRD_7_UNIT4GNODE,SHASTRD_7_UNIT4GNODE,SHASTRD_7_UNIT4GNODE,RTPD,MCC,LMP_CONG_PRC,SHASTRD_7_UNIT4GNODE,ALL,1,-95.17163,2,2
2022-09-02T00:15:00-00:00,2022-09-02T00:30:00-00:00,2022-09-01,18,SHASTRD_7_UNIT4GNODE,SHASTRD_7_UNIT4GNODE,SHASTRD_7_UNIT4GNODE,RTPD,MCC,LMP_CONG_PRC,SHASTRD_7_UNIT4GNODE,ALL,1,275.97974,2,2
2022-09-02T01:15:00-00:00,2022-09-02T01:30:00-00:00,2022-09-01,19,SHASTRD_7_UNIT4GNODE,SHASTRD_7_UNIT4GNODE,SHASTRD_7_UNIT4GNODE,RTPD,MCC,LMP_CONG_PRC,SHASTRD_7_UNIT4GNODE,ALL,1,0.0012,2,2
2022-09-02T02:15:00-00:00,2022-09-02T02:30:00-00:00,2022-09-01,20,SHASTRD_7_UNIT4GNODE,SHASTRD_7_UNIT4GNODE,SHASTRD_7_UNIT4GNODE,RTPD,MCC,LMP_CONG_PRC,SHASTRD_7_UNIT4GNODE,ALL,1,-0.0012,2,2
2022-09-02T03:15:00-00:00,2022-09-02T03:30:00-00:00,2022-09-01,21,SHASTRD_7_UNIT4GNODE,SHASTRD_7_UNIT4GNODE,SHASTRD_7_UNIT4GNODE,RTPD,MCC,LMP_CONG_PRC,SHASTRD_7_UNIT4GNODE,ALL,1,122.5433,2,2
2022-09-02T04:15:00-00:00,2022-09-02T04:30:00-00:00,2022-09-01,22,SHASTRD_7_UNIT4GNODE,SHASTRD_7_UNIT4GNODE,SHASTRD_7_UNIT4GNODE,RTPD,MCC,LMP_CONG_PRC,SHASTRD_7_UNIT4GNODE,ALL,1,-0.0012,2,2
2022-09-02T05:15:00-00:00,2022-09-02T05:30:00-00:00,2022-09-01,23,SHASTRD_7_UNIT4GNODE,SHASTRD_7_UNIT4GNODE,SHASTRD_7_UNIT4GNODE,RTPD,MCC,LMP_CONG_PRC,SHASTRD_7_UNIT4GNODE,ALL,1,0.0012,2,2
2022-09-02T06:15:00-00:00,2022-09-02T06:30:00-00:00,2022-09-01,24,SHASTRD_7_UNIT4GNODE,SHASTRD_7_UNIT4GNODE,SHASTRD_7_UNIT4GNODE,RTPD,MCC,LMP_CONG_PRC,SHASTRD_7_UNIT4GNODE,ALL,1,0.0012,2,2
2022-09-01T07:30:00-00:00,2022-09-01T07:45:00-00:00,2022-09-01,01,SHASTRD_7_UNIT4GNODE,SHASTRD_7_UNIT4GNODE,SHASTRD_7_UNIT4GNODE,RTPD,MCC,LMP_CONG_PRC,SHASTRD_7_UNIT4GNODE,ALL,1,-15.19429,3,2
2022-09-01T08:30:00-00:00,2022-09-01T08:45:00-00:00,2022-09-01,02,SHASTRD_7_UNIT4GNODE,SHASTRD_7_UNIT4GNODE,SHASTRD_7_UNIT4GNODE,RTPD,MCC,LMP_CONG_PRC,SHASTRD_7_UNIT4GNODE,ALL,1,0.00039,3,2
2022-09-01T09:30:00-00:00,2022-09-01T09:45:00-00:00,2022-09-01,03,SHASTRD_7_UNIT4GNODE,SHASTRD_7_UNIT4GNODE,SHASTRD_7_UNIT4GNODE,RTPD,MCC,LMP_CONG_PRC,SHASTRD_7_UNIT4GNODE,ALL,1,-5.47026,3,2
2022-09-01T10:30:00-00:00,2022-09-01T10:45:00-00:00,2022-09-01,04,SHASTRD_7_UNIT4GNODE,SHASTRD_7_UNIT4GNODE,SHASTRD_7_UNIT4GNODE,RTPD,MCC,LMP_CONG_PRC,SHASTRD_7_UNIT4GNODE,ALL,1,-2.91099,3,2
2022-09-01T11:30:00-00:00,2022-09-01T11:45:00-00:00,2022-09-01,05,SHASTRD_7_UNIT4GNODE,SHASTRD_7_UNIT4GNODE,SHASTRD_7_UNIT4GNODE,RTPD,MCC,LMP_CONG_PRC,SHASTRD_7_UNIT4GNODE,ALL,1,0.0012,3,2
2022-09-01T12:30:00-00:00,2022-09-01T12:45:00-00:00,2022-09-01,06,SHASTRD_7_UNIT4GNODE,SHASTRD_7_UNIT4GNODE,SHASTRD_7_UNIT4GNODE,RTPD,MCC,LMP_CONG_PRC,SHASTRD_7_UNIT4GNODE,ALL,1,-9.86176,3,2
2022-09-01T13:30:00-00:00,2022-09-01T13:45:00-00:00,2022-09-01,07,SHASTRD_7_UNIT4GNODE,SHASTRD_7_UNIT4GNODE,SHASTRD_7_UNIT4GNODE,RTPD,MCC,LMP_CONG_PRC,SHASTRD_7_UNIT4GNODE,ALL,1,-0.0012,3,2
2022-09-01T14:30:00-00:00,2022-09-01T14:45:00-00:00,2022-09-01,08,SHASTRD_7_UNIT4GNODE,SHASTRD_7_UNIT4GNODE,SHASTRD_7_UNIT4GNODE,RTPD,MCC,LMP_CONG_PRC,SHASTRD_7_UNIT4GNODE,ALL,1,-0.0012,3,2
2022-09-01T15:30:00-00:00,2022-09-01T15:45:00-00:00,2022-09-01,09,SHASTRD_7_UNIT4GNODE,SHASTRD_7_UNIT4GNODE,SHASTRD_7_UNIT4GNODE,RTPD,MCC,LMP_CONG_PRC,SHASTRD_7_UNIT4GNODE,ALL,1,0.0012,3,2
2022-09-01T16:30:00-00:00,2022-09-01T16:45:00-00:00,2022-09-01,10,SHASTRD_7_UNIT4GNODE,SHASTRD_7_UNIT4GNODE,SHASTRD_7_UNIT4GNODE,RTPD,MCC,LMP_CONG_PRC,SHASTRD_7_UNIT4GNODE,ALL,1,-12.80877,3,2
2022-09-01T17:30:00-00:00,2022-09-01T17:45:00-00:00,2022-09-01,11,SHASTRD_7_UNIT4GNODE,SHASTRD_7_UNIT4GNODE,SHASTRD_7_UNIT4GNODE,RTPD,MCC,LMP_CONG_PRC,SHASTRD_7_UNIT4GNODE,ALL,1,-19.13013,3,2
2022-09-01T18:30:00-00:00,2022-09-01T18:45:00-00:00,2022-09-01,12,SHASTRD_7_UNIT4GNODE,SHASTRD_7_UNIT4GNODE,SHASTRD_7_UNIT4GNODE,RTPD,MCC,LMP_CONG_PRC,SHASTRD_7_UNIT4GNODE,ALL,1,-25.97509,3,2
2022-09-01T19:30:00-00:00,2022-09-01T19:45:00-00:00,2022-09-01,13,SHASTRD_7_UNIT4GNODE,SHASTRD_7_UNIT4GNODE,SHASTRD_7_UNIT4GNODE,RTPD,MCC,LMP_CONG_PRC,SHASTRD_7_UNIT4GNODE,ALL,1,-11.91797,3,2
2022-09-01T20:30:00-00:00,2022-09-01T20:45:00-00:00,2022-09-01,14,SHASTRD_7_UNIT4GNODE,SHASTRD_7_UNIT4GNODE,SHASTRD_7_UNIT4GNODE,RTPD,MCC,LMP_CONG_PRC,SHASTRD_7_UNIT4GNODE,ALL,1,-12.06563,3,2
2022-09-01T21:30:00-00:00,2022-09-01T21:45:00-00:00,2022-09-01,15,SHASTRD_7_UNIT4GNODE,SHASTRD_7_UNIT4GNODE,SHASTRD_7_UNIT4GNODE,RTPD,MCC,LMP_CONG_PRC,SHASTRD_7_UNIT4GNODE,ALL,1,-23.20786,3,2
2022-09-01T22:30:00-00:00,2022-09-01T22:45:00-00:00,2022-09-01,16,SHASTRD_7_UNIT4GNODE,SHASTRD_7_UNIT4GNODE,SHASTRD_7_UNIT4GNODE,RTPD,MCC,LMP_CONG_PRC,SHASTRD_7_UNIT4GNODE,ALL,1,-118.87715,3,2
2022-09-01T23:30:00-00:00,2022-09-01T23:45:00-00:00,2022-09-01,17,SHASTRD_7_UNIT4GNODE,SHASTRD_7_UNIT4GNODE,SHASTRD_7_UNIT4GNODE,RTPD,MCC,LMP_CONG_PRC,SHASTRD_7_UNIT4GNODE,ALL,1,0.0012,3,2
2022-09-02T00:30:00-00:00,2022-09-02T00:45:00-00:00,2022-09-01,18,SHASTRD_7_UNIT4GNODE,SHASTRD_7_UNIT4GNODE,SHASTRD_7_UNIT4GNODE,RTPD,MCC,LMP_CONG_PRC,SHASTRD_7_UNIT4GNODE,ALL,1,385.2023,3,2
2022-09-02T01:30:00-00:00,2022-09-02T01:45:00-00:00,2022-09-01,19,SHASTRD_7_UNIT4GNODE,SHASTRD_7_UNIT4GNODE,SHASTRD_7_UNIT4GNODE,RTPD,MCC,LMP_CONG_PRC,SHASTRD_7_UNIT4GNODE,ALL,1,-0.0012,3,2
2022-09-02T02:30:00-00:00,2022-09-02T02:45:00-00:00,2022-09-01,20,SHASTRD_7_UNIT4GNODE,SHASTRD_7_UNIT4GNODE,SHASTRD_7_UNIT4GNODE,RTPD,MCC,LMP_CONG_PRC,SHASTRD_7_UNIT4GNODE,ALL,1,-0.0012,3,2
2022-09-02T03:30:00-00:00,2022-09-02T03:45:00-00:00,2022-09-01,21,SHASTRD_7_UNIT4GNODE,SHASTRD_7_UNIT4GNODE,SHASTRD_7_UNIT4GNODE,RTPD,MCC,LMP_CONG_PRC,SHASTRD_7_UNIT4GNODE,ALL,1,27.44827,3,2
2022-09-02T04:30:00-00:00,2022-09-02T04:45:00-00:00,2022-09-01,22,SHASTRD_7_UNIT4GNODE,SHASTRD_7_UNIT4GNODE,SHASTRD_7_UNIT4GNODE,RTPD,MCC,LMP_CONG_PRC,SHASTRD_7_UNIT4GNODE,ALL,1,-0.0012,3,2
2022-09-02T05:30:00-00:00,2022-09-02T05:45:00-00:00,2022-09-01,23,SHASTRD_7_UNIT4GNODE,SHASTRD_7_UNIT4GNODE,SHASTRD_7_UNIT4GNODE,RTPD,MCC,LMP_CONG_PRC,SHASTRD_7_UNIT4GNODE,ALL,1,0.0012,3,2
2022-09-02T06:30:00-00:00,2022-09-02T06:45:00-00:00,2022-09-01,24,SHASTRD_7_UNIT4GNODE,SHASTRD_7_UNIT4GNODE,SHASTRD_7_UNIT4GNODE,RTPD,MCC,LMP_CONG_PRC,SHASTRD_7_UNIT4GNODE,ALL,1,0.0012,3,2
2022-09-01T07:45:00-00:00,2022-09-01T08:00:00-00:00,2022-09-01,01,SHASTRD_7_UNIT4GNODE,SHASTRD_7_UNIT4GNODE,SHASTRD_7_UNIT4GNODE,RTPD,MCC,LMP_CONG_PRC,SHASTRD_7_UNIT4GNODE,ALL,1,-17.31921,4,2
2022-09-01T08:45:00-00:00,2022-09-01T09:00:00-00:00,2022-09-01,02,SHASTRD_7_UNIT4GNODE,SHASTRD_7_UNIT4GNODE,SHASTRD_7_UNIT4GNODE,RTPD,MCC,LMP_CONG_PRC,SHASTRD_7_UNIT4GNODE,ALL,1,-4.22693,4,2
2022-09-01T09:45:00-00:00,2022-09-01T10:00:00-00:00,2022-09-01,03,SHASTRD_7_UNIT4GNODE,SHASTRD_7_UNIT4GNODE,SHASTRD_7_UNIT4GNODE,RTPD,MCC,LMP_CONG_PRC,SHASTRD_7_UNIT4GNODE,ALL,1,-4.87953,4,2
2022-09-01T10:45:00-00:00,2022-09-01T11:00:00-00:00,2022-09-01,04,SHASTRD_7_UNIT4GNODE,SHASTRD_7_UNIT4GNODE,SHASTRD_7_UNIT4GNODE,RTPD,MCC,LMP_CONG_PRC,SHASTRD_7_UNIT4GNODE,ALL,1,-1.14567,4,2
2022-09-01T11:45:00-00:00,2022-09-01T12:00:00-00:00,2022-09-01,05,SHASTRD_7_UNIT4GNODE,SHASTRD_7_UNIT4GNODE,SHASTRD_7_UNIT4GNODE,RTPD,MCC,LMP_CONG_PRC,SHASTRD_7_UNIT4GNODE,ALL,1,0.0012,4,2
2022-09-01T12:45:00-00:00,2022-09-01T13:00:00-00:00,2022-09-01,06,SHASTRD_7_UNIT4GNODE,SHASTRD_7_UNIT4GNODE,SHASTRD_7_UNIT4GNODE,RTPD,MCC,LMP_CONG_PRC,SHASTRD_7_UNIT4GNODE,ALL,1,-2.19345,4,2
2022-09-01T13:45:00-00:00,2022-09-01T14:00:00-00:00,2022-09-01,07,SHASTRD_7_UNIT4GNODE,SHASTRD_7_UNIT4GNODE,SHASTRD_7_UNIT4GNODE,RTPD,MCC,LMP_CONG_PRC,SHASTRD_7_UNIT4GNODE,ALL,1,-0.0012,4,2
2022-09-01T14:45:00-00:00,2022-09-01T15:00:00-00:00,2022-09-01,08,SHASTRD_7_UNIT4GNODE,SHASTRD_7_UNIT4GNODE,SHASTRD_7_UNIT4GNODE,RTPD,MCC,LMP_CONG_PRC,SHASTRD_7_UNIT4GNODE,ALL,1,0.0012,4,2
2022-09-01T15:45:00-00:00,2022-09-01T16:00:00-00:00,2022-09-01,09,SHASTRD_7_UNIT4GNODE,SHASTRD_7_UNIT4GNODE,SHASTRD_7_UNIT4GNODE,RTPD,MCC,LMP_CONG_PRC,SHASTRD_7_UNIT4GNODE,ALL,1,0.0012,4,2
2022-09-01T16:45:00-00:00,2022-09-01T17:00:00-00:00,2022-09-01,10,SHASTRD_7_UNIT4GNODE,SHASTRD_7_UNIT4GNODE,SHASTRD_7_UNIT4GNODE,RTPD,MCC,LMP_CONG_PRC,SHASTRD_7_UNIT4GNODE,ALL,1,-11.60347,4,2
2022-09-01T17:45:00-00:00,2022-09-01T18:00:00-00:00,2022-09-01,11,SHASTRD_7_UNIT4GNODE,SHASTRD_7_UNIT4GNODE,SHASTRD_7_UNIT4GNODE,RTPD,MCC,LMP_CONG_PRC,SHASTRD_7_UNIT4GNODE,ALL,1,-18.94386,4,2
2022-09-01T18:45:00-00:00,2022-09-01T19:00:00-00:00,2022-09-01,12,SHASTRD_7_UNIT4GNODE,SHASTRD_7_UNIT4GNODE,SHASTRD_7_UNIT4GNODE,RTPD,MCC,LMP_CONG_PRC,SHASTRD_7_UNIT4GNODE,ALL,1,-25.87567,4,2
2022-09-01T19:45:00-00:00,2022-09-01T20:00:00-00:00,2022-09-01,13,SHASTRD_7_UNIT4GNODE,SHASTRD_7_UNIT4GNODE,SHASTRD_7_UNIT4GNODE,RTPD,MCC,LMP_CONG_PRC,SHASTRD_7_UNIT4GNODE,ALL,1,-12.91233,4,2
2022-09-01T20:45:00-00:00,2022-09-01T21:00:00-00:00,2022-09-01,14,SHASTRD_7_UNIT4GNODE,SHASTRD_7_UNIT4GNODE,SHASTRD_7_UNIT4GNODE,RTPD,MCC,LMP_CONG_PRC,SHASTRD_7_UNIT4GNODE,ALL,1,-26.71829,4,2
2022-09-01T21:45:00-00:00,2022-09-01T22:00:00-00:00,2022-09-01,15,SHASTRD_7_UNIT4GNODE,SHASTRD_7_UNIT4GNODE,SHASTRD_7_UNIT4GNODE,RTPD,MCC,LMP_CONG_PRC,SHASTRD_7_UNIT4GNODE,ALL,1,-84.31868,4,2
2022-09-01T22:45:00-00:00,2022-09-01T23:00:00-00:00,2022-09-01,16,SHASTRD_7_UNIT4GNODE,SHASTRD_7_UNIT4GNODE,SHASTRD_7_UNIT4GNODE,RTPD,MCC,LMP_CONG_PRC,SHASTRD_7_UNIT4GNODE,ALL,1,-241.44948,4,2
2022-09-01T23:45:00-00:00,2022-09-02T00:00:00-00:00,2022-09-01,17,SHASTRD_7_UNIT4GNODE,SHASTRD_7_UNIT4GNODE,SHASTRD_7_UNIT4GNODE,RTPD,MCC,LMP_CONG_PRC,SHASTRD_7_UNIT4GNODE,ALL,1,337.2876,4,2
2022-09-02T00:45:00-00:00,2022-09-02T01:00:00-00:00,2022-09-01,18,SHASTRD_7_UNIT4GNODE,SHASTRD_7_UNIT4GNODE,SHASTRD_7_UNIT4GNODE,RTPD,MCC,LMP_CONG_PRC,SHASTRD_7_UNIT4GNODE,ALL,1,242.52707,4,2
2022-09-02T01:45:00-00:00,2022-09-02T02:00:00-00:00,2022-09-01,19,SHASTRD_7_UNIT4GNODE,SHASTRD_7_UNIT4GNODE,SHASTRD_7_UNIT4GNODE,RTPD,MCC,LMP_CONG_PRC,SHASTRD_7_UNIT4GNODE,ALL,1,-0.0012,4,2
2022-09-02T02:45:00-00:00,2022-09-02T03:00:00-00:00,2022-09-01,20,SHASTRD_7_UNIT4GNODE,SHASTRD_7_UNIT4GNODE,SHASTRD_7_UNIT4GNODE,RTPD,MCC,LMP_CONG_PRC,SHASTRD_7_UNIT4GNODE,ALL,1,111.02398,4,2
2022-09-02T03:45:00-00:00,2022-09-02T04:00:00-00:00,2022-09-01,21,SHASTRD_7_UNIT4GNODE,SHASTRD_7_UNIT4GNODE,SHASTRD_7_UNIT4GNODE,RTPD,MCC,LMP_CONG_PRC,SHASTRD_7_UNIT4GNODE,ALL,1,15.98546,4,2
2022-09-02T04:45:00-00:00,2022-09-02T05:00:00-00:00,2022-09-01,22,SHASTRD_7_UNIT4GNODE,SHASTRD_7_UNIT4GNODE,SHASTRD_7_UNIT4GNODE,RTPD,MCC,LMP_CONG_PRC,SHASTRD_7_UNIT4GNODE,ALL,1,0.0012,4,2
2022-09-02T05:45:00-00:00,2022-09-02T06:00:00-00:00,2022-09-01,23,SHASTRD_7_UNIT4GNODE,SHASTRD_7_UNIT4GNODE,SHASTRD_7_UNIT4GNODE,RTPD,MCC,LMP_CONG_PRC,SHASTRD_7_UNIT4GNODE,ALL,1,-5.18552,4,2
2022-09-02T06:45:00-00:00,2022-09-02T07:00:00-00:00,2022-09-01,24,SHASTRD_7_UNIT4GNODE,SHASTRD_7_UNIT4GNODE,SHASTRD_7_UNIT4GNODE,RTPD,MCC,LMP_CONG_PRC,SHASTRD_7_UNIT4GNODE,ALL,1,0.0012,4,2
2022-09-01T07:00:00-00:00,2022-09-01T07:15:00-00:00,2022-09-01,01,SHASTRD_7_UNIT4GNODE,SHASTRD_7_UNIT4GNODE,SHASTRD_7_UNIT4GNODE,RTPD,MCE,LMP_ENE_PRC,SHASTRD_7_UNIT4GNODE,ALL,1,104.23471,1,3
2022-09-01T08:00:00-00:00,2022-09-01T08:15:00-00:00,2022-09-01,02,SHASTRD_7_UNIT4GNODE,SHASTRD_7_UNIT4GNODE,SHASTRD_7_UNIT4GNODE,RTPD,MCE,LMP_ENE_PRC,SHASTRD_7_UNIT4GNODE,ALL,1,115.5488,1,3
2022-09-01T09:00:00-00:00,2022-09-01T09:15:00-00:00,2022-09-01,03,SHASTRD_7_UNIT4GNODE,SHASTRD_7_UNIT4GNODE,SHASTRD_7_UNIT4GNODE,RTPD,MCE,LMP_ENE_PRC,SHASTRD_7_UNIT4GNODE,ALL,1,99.73061,1,3
2022-09-01T10:00:00-00:00,2022-09-01T10:15:00-00:00,2022-09-01,04,SHASTRD_7_UNIT4GNODE,SHASTRD_7_UNIT4GNODE,SHASTRD_7_UNIT4GNODE,RTPD,MCE,LMP_ENE_PRC,SHASTRD_7_UNIT4GNODE,ALL,1,98.64222,1,3
2022-09-01T11:00:00-00:00,2022-09-01T11:15:00-00:00,2022-09-01,05,SHASTRD_7_UNIT4GNODE,SHASTRD_7_UNIT4GNODE,SHASTRD_7_UNIT4GNODE,RTPD,MCE,LMP_ENE_PRC,SHASTRD_7_UNIT4GNODE,ALL,1,102.56859,1,3
2022-09-01T12:00:00-00:00,2022-09-01T12:15:00-00:00,2022-09-01,06,SHASTRD_7_UNIT4GNODE,SHASTRD_7_UNIT4GNODE,SHASTRD_7_UNIT4GNODE,RTPD,MCE,LMP_ENE_PRC,SHASTRD_7_UNIT4GNODE,ALL,1,96.90845,1,3
2022-09-01T13:00:00-00:00,2022-09-01T13:15:00-00:00,2022-09-01,07,SHASTRD_7_UNIT4GNODE,SHASTRD_7_UNIT4GNODE,SHASTRD_7_UNIT4GNODE,RTPD,MCE,LMP_ENE_PRC,SHASTRD_7_UNIT4GNODE,ALL,1,101.80878,1,3
2022-09-01T14:00:00-00:00,2022-09-01T14:15:00-00:00,2022-09-01,08,SHASTRD_7_UNIT4GNODE,SHASTRD_7_UNIT4GNODE,SHASTRD_7_UNIT4GNODE,RTPD,MCE,LMP_ENE_PRC,SHASTRD_7_UNIT4GNODE,ALL,1,111.11219,1,3
2022-09-01T15:00:00-00:00,2022-09-01T15:15:00-00:00,2022-09-01,09,SHASTRD_7_UNIT4GNODE,SHASTRD_7_UNIT4GNODE,SHASTRD_7_UNIT4GNODE,RTPD,MCE,LMP_ENE_PRC,SHASTRD_7_UNIT4GNODE,ALL,1,97.4112,1,3
2022-09-01T16:00:00-00:00,2022-09-01T16:15:00-00:00,2022-09-01,10,SHASTRD_7_UNIT4GNODE,SHASTRD_7_UNIT4GNODE,SHASTRD_7_UNIT4GNODE,RTPD,MCE,LMP_ENE_PRC,SHASTRD_7_UNIT4GNODE,ALL,1,83.43525,1,3
2022-09-01T17:00:00-00:00,2022-09-01T17:15:00-00:00,2022-09-01,11,SHASTRD_7_UNIT4GNODE,SHASTRD_7_UNIT4GNODE,SHASTRD_7_UNIT4GNODE,RTPD,MCE,LMP_ENE_PRC,SHASTRD_7_UNIT4GNODE,ALL,1,96.94897,1,3
2022-09-01T18:00:00-00:00,2022-09-01T18:15:00-00:00,2022-09-01,12,SHASTRD_7_UNIT4GNODE,SHASTRD_7_UNIT4GNODE,SHASTRD_7_UNIT4GNODE,RTPD,MCE,LMP_ENE_PRC,SHASTRD_7_UNIT4GNODE,ALL,1,91.59291,1,3
2022-09-01T19:00:00-00:00,2022-09-01T19:15:00-00:00,2022-09-01,13,SHASTRD_7_UNIT4GNODE,SHASTRD_7_UNIT4GNODE,SHASTRD_7_UNIT4GNODE,RTPD,MCE,LMP_ENE_PRC,SHASTRD_7_UNIT4GNODE,ALL,1,109.19637,1,3
2022-09-01T20:00:00-00:00,2022-09-01T20:15:00-00:00,2022-09-01,14,SHASTRD_7_UNIT4GNODE,SHASTRD_7_UNIT4GNODE,SHASTRD_7_UNIT4GNODE,RTPD,MCE,LMP_ENE_PRC,SHASTRD_7_UNIT4GNODE,ALL,1,117.94359,1,3
2022-09-01T21:00:00-00:00,2022-09-01T21:15:00-00:00,2022-09-01,15,SHASTRD_7_UNIT4GNODE,SHASTRD_7_UNIT4GNODE,SHASTRD_7_UNIT4GNODE,RTPD,MCE,LMP_ENE_PRC,SHASTRD_7_UNIT4GNODE,ALL,1,226.61499,1,3
2022-09-01T22:00:00-00:00,2022-09-01T22:15:00-00:00,2022-09-01,16,SHASTRD_7_UNIT4GNODE,SHASTRD_7_UNIT4GNODE,SHASTRD_7_UNIT4GNODE,RTPD,MCE,LMP_ENE_PRC,SHASTRD_7_UNIT4GNODE,ALL,1,229.18552,1,3
2022-09-01T23:00:00-00:00,2022-09-01T23:15:00-00:00,2022-09-01,17,SHASTRD_7_UNIT4GNODE,SHASTRD_7_UNIT4GNODE,SHASTRD_7_UNIT4GNODE,RTPD,MCE,LMP_ENE_PRC,SHASTRD_7_UNIT4GNODE,ALL,1,386.7537,1,3
2022-09-02T00:00:00-00:00,2022-09-02T00:15:00-00:00,2022-09-01,18,SHASTRD_7_UNIT4GNODE,SHASTRD_7_UNIT4GNODE,SHASTRD_7_UNIT4GNODE,RTPD,MCE,LMP_ENE_PRC,SHASTRD_7_UNIT4GNODE,ALL,1,770.58136,1,3
2022-09-02T01:00:00-00:00,2022-09-02T01:15:00-00:00,2022-09-01,19,SHASTRD_7_UNIT4GNODE,SHASTRD_7_UNIT4GNODE,SHASTRD_7_UNIT4GNODE,RTPD,MCE,LMP_ENE_PRC,SHASTRD_7_UNIT4GNODE,ALL,1,916.27124,1,3
2022-09-02T02:00:00-00:00,2022-09-02T02:15:00-00:00,2022-09-01,20,SHASTRD_7_UNIT4GNODE,SHASTRD_7_UNIT4GNODE,SHASTRD_7_UNIT4GNODE,RTPD,MCE,LMP_ENE_PRC,SHASTRD_7_UNIT4GNODE,ALL,1,1991.6721,1,3
2022-09-02T03:00:00-00:00,2022-09-02T03:15:00-00:00,2022-09-01,21,SHASTRD_7_UNIT4GNODE,SHASTRD_7_UNIT4GNODE,SHASTRD_7_UNIT4GNODE,RTPD,MCE,LMP_ENE_PRC,SHASTRD_7_UNIT4GNODE,ALL,1,917.5508,1,3
2022-09-02T04:00:00-00:00,2022-09-02T04:15:00-00:00,2022-09-01,22,SHASTRD_7_UNIT4GNODE,SHASTRD_7_UNIT4GNODE,SHASTRD_7_UNIT4GNODE,RTPD,MCE,LMP_ENE_PRC,SHASTRD_7_UNIT4GNODE,ALL,1,257.83005,1,3
2022-09-02T05:00:00-00:00,2022-09-02T05:15:00-00:00,2022-09-01,23,SHASTRD_7_UNIT4GNODE,SHASTRD_7_UNIT4GNODE,SHASTRD_7_UNIT4GNODE,RTPD,MCE,LMP_ENE_PRC,SHASTRD_7_UNIT4GNODE,ALL,1,183.24657,1,3
2022-09-02T06:00:00-00:00,2022-09-02T06:15:00-00:00,2022-09-01,24,SHASTRD_7_UNIT4GNODE,SHASTRD_7_UNIT4GNODE,SHASTRD_7_UNIT4GNODE,RTPD,MCE,LMP_ENE_PRC,SHASTRD_7_UNIT4GNODE,ALL,1,158.867,1,3
2022-09-01T07:15:00-00:00,2022-09-01T07:30:00-00:00,2022-09-01,01,SHASTRD_7_UNIT4GNODE,SHASTRD_7_UNIT4GNODE,SHASTRD_7_UNIT4GNODE,RTPD,MCE,LMP_ENE_PRC,SHASTRD_7_UNIT4GNODE,ALL,1,125.55144,2,3
2022-09-01T08:15:00-00:00,2022-09-01T08:30:00-00:00,2022-09-01,02,SHASTRD_7_UNIT4GNODE,SHASTRD_7_UNIT4GNODE,SHASTRD_7_UNIT4GNODE,RTPD,MCE,LMP_ENE_PRC,SHASTRD_7_UNIT4GNODE,ALL,1,115.53165,2,3
2022-09-01T09:15:00-00:00,2022-09-01T09:30:00-00:00,2022-09-01,03,SHASTRD_7_UNIT4GNODE,SHASTRD_7_UNIT4GNODE,SHASTRD_7_UNIT4GNODE,RTPD,MCE,LMP_ENE_PRC,SHASTRD_7_UNIT4GNODE,ALL,1,98.30543,2,3
2022-09-01T10:15:00-00:00,2022-09-01T10:30:00-00:00,2022-09-01,04,SHASTRD_7_UNIT4GNODE,SHASTRD_7_UNIT4GNODE,SHASTRD_7_UNIT4GNODE,RTPD,MCE,LMP_ENE_PRC,SHASTRD_7_UNIT4GNODE,ALL,1,97.00684,2,3
2022-09-01T11:15:00-00:00,2022-09-01T11:30:00-00:00,2022-09-01,05,SHASTRD_7_UNIT4GNODE,SHASTRD_7_UNIT4GNODE,SHASTRD_7_UNIT4GNODE,RTPD,MCE,LMP_ENE_PRC,SHASTRD_7_UNIT4GNODE,ALL,1,103.09059,2,3
2022-09-01T12:15:00-00:00,2022-09-01T12:30:00-00:00,2022-09-01,06,SHASTRD_7_UNIT4GNODE,SHASTRD_7_UNIT4GNODE,SHASTRD_7_UNIT4GNODE,RTPD,MCE,LMP_ENE_PRC,SHASTRD_7_UNIT4GNODE,ALL,1,109.32203,2,3
2022-09-01T13:15:00-00:00,2022-09-01T13:30:00-00:00,2022-09-01,07,SHASTRD_7_UNIT4GNODE,SHASTRD_7_UNIT4GNODE,SHASTRD_7_UNIT4GNODE,RTPD,MCE,LMP_ENE_PRC,SHASTRD_7_UNIT4GNODE,ALL,1,110.97827,2,3
2022-09-01T14:15:00-00:00,2022-09-01T14:30:00-00:00,2022-09-01,08,SHASTRD_7_UNIT4GNODE,SHASTRD_7_UNIT4GNODE,SHASTRD_7_UNIT4GNODE,RTPD,MCE,LMP_ENE_PRC,SHASTRD_7_UNIT4GNODE,ALL,1,104.78743,2,3
2022-09-01T15:15:00-00:00,2022-09-01T15:30:00-00:00,2022-09-01,09,SHASTRD_7_UNIT4GNODE,SHASTRD_7_UNIT4GNODE,SHASTRD_7_UNIT4GNODE,RTPD,MCE,LMP_ENE_PRC,SHASTRD_7_UNIT4GNODE,ALL,1,86.9388,2,3
2022-09-01T16:15:00-00:00,2022-09-01T16:30:00-00:00,2022-09-01,10,SHASTRD_7_UNIT4GNODE,SHASTRD_7_UNIT4GNODE,SHASTRD_7_UNIT4GNODE,RTPD,MCE,LMP_ENE_PRC,SHASTRD_7_UNIT4GNODE,ALL,1,89.44858,2,3
2022-09-01T17:15:00-00:00,2022-09-01T17:30:00-00:00,2022-09-01,11,SHASTRD_7_UNIT4GNODE,SHASTRD_7_UNIT4GNODE,SHASTRD_7_UNIT4GNODE,RTPD,MCE,LMP_ENE_PRC,SHASTRD_7_UNIT4GNODE,ALL,1,99.34673,2,3
2022-09-01T18:15:00-00:00,2022-09-01T18:30:00-00:00,2022-09-01,12,SHASTRD_7_UNIT4GNODE,SHASTRD_7_UNIT4GNODE,SHASTRD_7_UNIT4GNODE,RTPD,MCE,LMP_ENE_PRC,SHASTRD_7_UNIT4GNODE,ALL,1,101.15901,2,3
2022-09-01T19:15:00-00:00,2022-09-01T19:30:00-00:00,2022-09-01,13,SHASTRD_7_UNIT4GNODE,SHASTRD_7_UNIT4GNODE,SHASTRD_7_UNIT4GNODE,RTPD,MCE,LMP_ENE_PRC,SHASTRD_7_UNIT4GNODE,ALL,1,105.30588,2,3
2022-09-01T20:15:00-00:00,2022-09-01T20:30:00-00:00,2022-09-01,14,SHASTRD_7_UNIT4GNODE,SHASTRD_7_UNIT4GNODE,SHASTRD_7_UNIT4GNODE,RTPD,MCE,LMP_ENE_PRC,SHASTRD_7_UNIT4GNODE,ALL,1,117.49421,2,3
2022-09-01T21:15:00-00:00,2022-09-01T21:30:00-00:00,2022-09-01,15,SHASTRD_7_UNIT4GNODE,SHASTRD_7_UNIT4GNODE,SHASTRD_7_UNIT4GNODE,RTPD,MCE,LMP_ENE_PRC,SHASTRD_7_UNIT4GNODE,ALL,1,147.21185,2,3
2022-09-01T22:15:00-00:00,2022-09-01T22:30:00-00:00,2022-09-01,16,SHASTRD_7_UNIT4GNODE,SHASTRD_7_UNIT4GNODE,SHASTRD_7_UNIT4GNODE,RTPD,MCE,LMP_ENE_PRC,SHASTRD_7_UNIT4GNODE,ALL,1,256.58734,2,3
2022-09-01T23:15:00-00:00,2022-09-01T23:30:00-00:00,2022-09-01,17,SHASTRD_7_UNIT4GNODE,SHASTRD_7_UNIT4GNODE,SHASTRD_7_UNIT4GNODE,RTPD,MCE,LMP_ENE_PRC,SHASTRD_7_UNIT4GNODE,ALL,1,362.12408,2,3
2022-09-02T00:15:00-00:00,2022-09-02T00:30:00-00:00,2022-09-01,18,SHASTRD_7_UNIT4GNODE,SHASTRD_7_UNIT4GNODE,SHASTRD_7_UNIT4GNODE,RTPD,MCE,LMP_ENE_PRC,SHASTRD_7_UNIT4GNODE,ALL,1,691.2182,2,3
2022-09-02T01:15:00-00:00,2022-09-02T01:30:00-00:00,2022-09-01,19,SHASTRD_7_UNIT4GNODE,SHASTRD_7_UNIT4GNODE,SHASTRD_7_UNIT4GNODE,RTPD,MCE,LMP_ENE_PRC,SHASTRD_7_UNIT4GNODE,ALL,1,1999.9933,2,3
2022-09-02T02:15:00-00:00,2022-09-02T02:30:00-00:00,2022-09-01,20,SHASTRD_7_UNIT4GNODE,SHASTRD_7_UNIT4GNODE,SHASTRD_7_UNIT4GNODE,RTPD,MCE,LMP_ENE_PRC,SHASTRD_7_UNIT4GNODE,ALL,1,1991.6721,2,3
2022-09-02T03:15:00-00:00,2022-09-02T03:30:00-00:00,2022-09-01,21,SHASTRD_7_UNIT4GNODE,SHASTRD_7_UNIT4GNODE,SHASTRD_7_UNIT4GNODE,RTPD,MCE,LMP_ENE_PRC,SHASTRD_7_UNIT4GNODE,ALL,1,400.52884,2,3
2022-09-02T04:15:00-00:00,2022-09-02T04:30:00-00:00,2022-09-01,22,SHASTRD_7_UNIT4GNODE,SHASTRD_7_UNIT4GNODE,SHASTRD_7_UNIT4GNODE,RTPD,MCE,LMP_ENE_PRC,SHASTRD_7_UNIT4GNODE,ALL,1,224.75041,2,3
2022-09-02T05:15:00-00:00,2022-09-02T05:30:00-00:00,2022-09-01,23,SHASTRD_7_UNIT4GNODE,SHASTRD_7_UNIT4GNODE,SHASTRD_7_UNIT4GNODE,RTPD,MCE,LMP_ENE_PRC,SHASTRD_7_UNIT4GNODE,ALL,1,157.11986,2,3
2022-09-02T06:15:00-00:00,2022-09-02T06:30:00-00:00,2022-09-01,24,SHASTRD_7_UNIT4GNODE,SHASTRD_7_UNIT4GNODE,SHASTRD_7_UNIT4GNODE,RTPD,MCE,LMP_ENE_PRC,SHASTRD_7_UNIT4GNODE,ALL,1,143.1005,2,3
2022-09-01T07:30:00-00:00,2022-09-01T07:45:00-00:00,2022-09-01,01,SHASTRD_7_UNIT4GNODE,SHASTRD_7_UNIT4GNODE,SHASTRD_7_UNIT4GNODE,RTPD,MCE,LMP_ENE_PRC,SHASTRD_7_UNIT4GNODE,ALL,1,119.03196,3,3
2022-09-01T08:30:00-00:00,2022-09-01T08:45:00-00:00,2022-09-01,02,SHASTRD_7_UNIT4GNODE,SHASTRD_7_UNIT4GNODE,SHASTRD_7_UNIT4GNODE,RTPD,MCE,LMP_ENE_PRC,SHASTRD_7_UNIT4GNODE,ALL,1,111.11241,3,3
2022-09-01T09:30:00-00:00,2022-09-01T09:45:00-00:00,2022-09-01,03,SHASTRD_7_UNIT4GNODE,SHASTRD_7_UNIT4GNODE,SHASTRD_7_UNIT4GNODE,RTPD,MCE,LMP_ENE_PRC,SHASTRD_7_UNIT4GNODE,ALL,1,98.16228,3,3
2022-09-01T10:30:00-00:00,2022-09-01T10:45:00-00:00,2022-09-01,04,SHASTRD_7_UNIT4GNODE,SHASTRD_7_UNIT4GNODE,SHASTRD_7_UNIT4GNODE,RTPD,MCE,LMP_ENE_PRC,SHASTRD_7_UNIT4GNODE,ALL,1,96.36226,3,3
2022-09-01T11:30:00-00:00,2022-09-01T11:45:00-00:00,2022-09-01,05,SHASTRD_7_UNIT4GNODE,SHASTRD_7_UNIT4GNODE,SHASTRD_7_UNIT4GNODE,RTPD,MCE,LMP_ENE_PRC,SHASTRD_7_UNIT4GNODE,ALL,1,103.06198,3,3
2022-09-01T12:30:00-00:00,2022-09-01T12:45:00-00:00,2022-09-01,06,SHASTRD_7_UNIT4GNODE,SHASTRD_7_UNIT4GNODE,SHASTRD_7_UNIT4GNODE,RTPD,MCE,LMP_ENE_PRC,SHASTRD_7_UNIT4GNODE,ALL,1,113.57403,3,3
2022-09-01T13:30:00-00:00,2022-09-01T13:45:00-00:00,2022-09-01,07,SHASTRD_7_UNIT4GNODE,SHASTRD_7_UNIT4GNODE,SHASTRD_7_UNIT4GNODE,RTPD,MCE,LMP_ENE_PRC,SHASTRD_7_UNIT4GNODE,ALL,1,111.52025,3,3
2022-09-01T14:30:00-00:00,2022-09-01T14:45:00-00:00,2022-09-01,08,SHASTRD_7_UNIT4GNODE,SHASTRD_7_UNIT4GNODE,SHASTRD_7_UNIT4GNODE,RTPD,MCE,LMP_ENE_PRC,SHASTRD_7_UNIT4GNODE,ALL,1,101.83428,3,3
2022-09-01T15:30:00-00:00,2022-09-01T15:45:00-00:00,2022-09-01,09,SHASTRD_7_UNIT4GNODE,SHASTRD_7_UNIT4GNODE,SHASTRD_7_UNIT4GNODE,RTPD,MCE,LMP_ENE_PRC,SHASTRD_7_UNIT4GNODE,ALL,1,86.1388,3,3
2022-09-01T16:30:00-00:00,2022-09-01T16:45:00-00:00,2022-09-01,10,SHASTRD_7_UNIT4GNODE,SHASTRD_7_UNIT4GNODE,SHASTRD_7_UNIT4GNODE,RTPD,MCE,LMP_ENE_PRC,SHASTRD_7_UNIT4GNODE,ALL,1,88.79644,3,3
2022-09-01T17:30:00-00:00,2022-09-01T17:45:00-00:00,2022-09-01,11,SHASTRD_7_UNIT4GNODE,SHASTRD_7_UNIT4GNODE,SHASTRD_7_UNIT4GNODE,RTPD,MCE,LMP_ENE_PRC,SHASTRD_7_UNIT4GNODE,ALL,1,99.13013,3,3
2022-09-01T18:30:00-00:00,2022-09-01T18:45:00-00:00,2022-09-01,12,SHASTRD_7_UNIT4GNODE,SHASTRD_7_UNIT4GNODE,SHASTRD_7_UNIT4GNODE,RTPD,MCE,LMP_ENE_PRC,SHASTRD_7_UNIT4GNODE,ALL,1,107.05718,3,3
2022-09-01T19:30:00-00:00,2022-09-01T19:45:00-00:00,2022-09-01,13,SHASTRD_7_UNIT4GNODE,SHASTRD_7_UNIT4GNODE,SHASTRD_7_UNIT4GNODE,RTPD,MCE,LMP_ENE_PRC,SHASTRD_7_UNIT4GNODE,ALL,1,114.05905,3,3
2022-09-01T20:30:00-00:00,2022-09-01T20:45:00-00:00,2022-09-01,14,SHASTRD_7_UNIT4GNODE,SHASTRD_7_UNIT4GNODE,SHASTRD_7_UNIT4GNODE,RTPD,MCE,LMP_ENE_PRC,SHASTRD_7_UNIT4GNODE,ALL,1,129.81606,3,3
2022-09-01T21:30:00-00:00,2022-09-01T21:45:00-00:00,2022-09-01,15,SHASTRD_7_UNIT4GNODE,SHASTRD_7_UNIT4GNODE,SHASTRD_7_UNIT4GNODE,RTPD,MCE,LMP_ENE_PRC,SHASTRD_7_UNIT4GNODE,ALL,1,152.93057,3,3
2022-09-01T22:30:00-00:00,2022-09-01T22:45:00-00:00,2022-09-01,16,SHASTRD_7_UNIT4GNODE,SHASTRD_7_UNIT4GNODE,SHASTRD_7_UNIT4GNODE,RTPD,MCE,LMP_ENE_PRC,SHASTRD_7_UNIT4GNODE,ALL,1,283.18182,3,3
2022-09-01T23:30:00-00:00,2022-09-01T23:45:00-00:00,2022-09-01,17,SHASTRD_7_UNIT4GNODE,SHASTRD_7_UNIT4GNODE,SHASTRD_7_UNIT4GNODE,RTPD,MCE,LMP_ENE_PRC,SHASTRD_7_UNIT4GNODE,ALL,1,566.48157,3,3
2022-09-02T00:30:00-00:00,2022-09-02T00:45:00-00:00,2022-09-01,18,SHASTRD_7_UNIT4GNODE,SHASTRD_7_UNIT4GNODE,SHASTRD_7_UNIT4GNODE,RTPD,MCE,LMP_ENE_PRC,SHASTRD_7_UNIT4GNODE,ALL,1,1329.1127,3,3
2022-09-02T01:30:00-00:00,2022-09-02T01:45:00-00:00,2022-09-01,19,SHASTRD_7_UNIT4GNODE,SHASTRD_7_UNIT4GNODE,SHASTRD_7_UNIT4GNODE,RTPD,MCE,LMP_ENE_PRC,SHASTRD_7_UNIT4GNODE,ALL,1,1999.9956,3,3
2022-09-02T02:30:00-00:00,2022-09-02T02:45:00-00:00,2022-09-01,20,SHASTRD_7_UNIT4GNODE,SHASTRD_7_UNIT4GNODE,SHASTRD_7_UNIT4GNODE,RTPD,MCE,LMP_ENE_PRC,SHASTRD_7_UNIT4GNODE,ALL,1,1991.671,3,3
2022-09-02T03:30:00-00:00,2022-09-02T03:45:00-00:00,2022-09-01,21,SHASTRD_7_UNIT4GNODE,SHASTRD_7_UNIT4GNODE,SHASTRD_7_UNIT4GNODE,RTPD,MCE,LMP_ENE_PRC,SHASTRD_7_UNIT4GNODE,ALL,1,186.61823,3,3
2022-09-02T04:30:00-00:00,2022-09-02T04:45:00-00:00,2022-09-01,22,SHASTRD_7_UNIT4GNODE,SHASTRD_7_UNIT4GNODE,SHASTRD_7_UNIT4GNODE,RTPD,MCE,LMP_ENE_PRC,SHASTRD_7_UNIT4GNODE,ALL,1,180.67824,3,3
2022-09-02T05:30:00-00:00,2022-09-02T05:45:00-00:00,2022-09-01,23,SHASTRD_7_UNIT4GNODE,SHASTRD_7_UNIT4GNODE,SHASTRD_7_UNIT4GNODE,RTPD,MCE,LMP_ENE_PRC,SHASTRD_7_UNIT4GNODE,ALL,1,131.69917,3,3
2022-09-02T06:30:00-00:00,2022-09-02T06:45:00-00:00,2022-09-01,24,SHASTRD_7_UNIT4GNODE,SHASTRD_7_UNIT4GNODE,SHASTRD_7_UNIT4GNODE,RTPD,MCE,LMP_ENE_PRC,SHASTRD_7_UNIT4GNODE,ALL,1,128.9871,3,3
2022-09-01T07:45:00-00:00,2022-09-01T08:00:00-00:00,2022-09-01,01,SHASTRD_7_UNIT4GNODE,SHASTRD_7_UNIT4GNODE,SHASTRD_7_UNIT4GNODE,RTPD,MCE,LMP_ENE_PRC,SHASTRD_7_UNIT4GNODE,ALL,1,109.12099,4,3
2022-09-01T08:45:00-00:00,2022-09-01T09:00:00-00:00,2022-09-01,02,SHASTRD_7_UNIT4GNODE,SHASTRD_7_UNIT4GNODE,SHASTRD_7_UNIT4GNODE,RTPD,MCE,LMP_ENE_PRC,SHASTRD_7_UNIT4GNODE,ALL,1,98.7357,4,3
2022-09-01T09:45:00-00:00,2022-09-01T10:00:00-00:00,2022-09-01,03,SHASTRD_7_UNIT4GNODE,SHASTRD_7_UNIT4GNODE,SHASTRD_7_UNIT4GNODE,RTPD,MCE,LMP_ENE_PRC,SHASTRD_7_UNIT4GNODE,ALL,1,97.50475,4,3
2022-09-01T10:45:00-00:00,2022-09-01T11:00:00-00:00,2022-09-01,04,SHASTRD_7_UNIT4GNODE,SHASTRD_7_UNIT4GNODE,SHASTRD_7_UNIT4GNODE,RTPD,MCE,LMP_ENE_PRC,SHASTRD_7_UNIT4GNODE,ALL,1,94.71966,4,3
2022-09-01T11:45:00-00:00,2022-09-01T12:00:00-00:00,2022-09-01,05,SHASTRD_7_UNIT4GNODE,SHASTRD_7_UNIT4GNODE,SHASTRD_7_UNIT4GNODE,RTPD,MCE,LMP_ENE_PRC,SHASTRD_7_UNIT4GNODE,ALL,1,107.01,4,3
2022-09-01T12:45:00-00:00,2022-09-01T13:00:00-00:00,2022-09-01,06,SHASTRD_7_UNIT4GNODE,SHASTRD_7_UNIT4GNODE,SHASTRD_7_UNIT4GNODE,RTPD,MCE,LMP_ENE_PRC,SHASTRD_7_UNIT4GNODE,ALL,1,116.4848,4,3
2022-09-01T13:45:00-00:00,2022-09-01T14:00:00-00:00,2022-09-01,07,SHASTRD_7_UNIT4GNODE,SHASTRD_7_UNIT4GNODE,SHASTRD_7_UNIT4GNODE,RTPD,MCE,LMP_ENE_PRC,SHASTRD_7_UNIT4GNODE,ALL,1,111.41,4,3
2022-09-01T14:45:00-00:00,2022-09-01T15:00:00-00:00,2022-09-01,08,SHASTRD_7_UNIT4GNODE,SHASTRD_7_UNIT4GNODE,SHASTRD_7_UNIT4GNODE,RTPD,MCE,LMP_ENE_PRC,SHASTRD_7_UNIT4GNODE,ALL,1,86.1388,4,3
2022-09-01T15:45:00-00:00,2022-09-01T16:00:00-00:00,2022-09-01,09,SHASTRD_7_UNIT4GNODE,SHASTRD_7_UNIT4GNODE,SHASTRD_7_UNIT4GNODE,RTPD,MCE,LMP_ENE_PRC,SHASTRD_7_UNIT4GNODE,ALL,1,78.70076,4,3
2022-09-01T16:45:00-00:00,2022-09-01T17:00:00-00:00,2022-09-01,10,SHASTRD_7_UNIT4GNODE,SHASTRD_7_UNIT4GNODE,SHASTRD_7_UNIT4GNODE,RTPD,MCE,LMP_ENE_PRC,SHASTRD_7_UNIT4GNODE,ALL,1,91.24933,4,3
2022-09-01T17:45:00-00:00,2022-09-01T18:00:00-00:00,2022-09-01,11,SHASTRD_7_UNIT4GNODE,SHASTRD_7_UNIT4GNODE,SHASTRD_7_UNIT4GNODE,RTPD,MCE,LMP_ENE_PRC,SHASTRD_7_UNIT4GNODE,ALL,1,99.20544,4,3
2022-09-01T18:45:00-00:00,2022-09-01T19:00:00-00:00,2022-09-01,12,SHASTRD_7_UNIT4GNODE,SHASTRD_7_UNIT4GNODE,SHASTRD_7_UNIT4GNODE,RTPD,MCE,LMP_ENE_PRC,SHASTRD_7_UNIT4GNODE,ALL,1,109.04064,4,3
2022-09-01T19:45:00-00:00,2022-09-01T20:00:00-00:00,2022-09-01,13,SHASTRD_7_UNIT4GNODE,SHASTRD_7_UNIT4GNODE,SHASTRD_7_UNIT4GNODE,RTPD,MCE,LMP_ENE_PRC,SHASTRD_7_UNIT4GNODE,ALL,1,120.22491,4,3
2022-09-01T20:45:00-00:00,2022-09-01T21:00:00-00:00,2022-09-01,14,SHASTRD_7_UNIT4GNODE,SHASTRD_7_UNIT4GNODE,SHASTRD_7_UNIT4GNODE,RTPD,MCE,LMP_ENE_PRC,SHASTRD_7_UNIT4GNODE,ALL,1,154.02509,4,3
2022-09-01T21:45:00-00:00,2022-09-01T22:00:00-00:00,2022-09-01,15,SHASTRD_7_UNIT4GNODE,SHASTRD_7_UNIT4GNODE,SHASTRD_7_UNIT4GNODE,RTPD,MCE,LMP_ENE_PRC,SHASTRD_7_UNIT4GNODE,ALL,1,300.29376,4,3
2022-09-01T22:45:00-00:00,2022-09-01T23:00:00-00:00,2022-09-01,16,SHASTRD_7_UNIT4GNODE,SHASTRD_7_UNIT4GNODE,SHASTRD_7_UNIT4GNODE,RTPD,MCE,LMP_ENE_PRC,SHASTRD_7_UNIT4GNODE,ALL,1,429.9137,4,3
2022-09-01T23:45:00-00:00,2022-09-02T00:00:00-00:00,2022-09-01,17,SHASTRD_7_UNIT4GNODE,SHASTRD_7_UNIT4GNODE,SHASTRD_7_UNIT4GNODE,RTPD,MCE,LMP_ENE_PRC,SHASTRD_7_UNIT4GNODE,ALL,1,1261.2124,4,3
2022-09-02T00:45:00-00:00,2022-09-02T01:00:00-00:00,2022-09-01,18,SHASTRD_7_UNIT4GNODE,SHASTRD_7_UNIT4GNODE,SHASTRD_7_UNIT4GNODE,RTPD,MCE,LMP_ENE_PRC,SHASTRD_7_UNIT4GNODE,ALL,1,1519.149,4,3
2022-09-02T01:45:00-00:00,2022-09-02T02:00:00-00:00,2022-09-01,19,SHASTRD_7_UNIT4GNODE,SHASTRD_7_UNIT4GNODE,SHASTRD_7_UNIT4GNODE,RTPD,MCE,LMP_ENE_PRC,SHASTRD_7_UNIT4GNODE,ALL,1,1991.9337,4,3
2022-09-02T02:45:00-00:00,2022-09-02T03:00:00-00:00,2022-09-01,20,SHASTRD_7_UNIT4GNODE,SHASTRD_7_UNIT4GNODE,SHASTRD_7_UNIT4GNODE,RTPD,MCE,LMP_ENE_PRC,SHASTRD_7_UNIT4GNODE,ALL,1,1629.6213,4,3
2022-09-02T03:45:00-00:00,2022-09-02T04:00:00-00:00,2022-09-01,21,SHASTRD_7_UNIT4GNODE,SHASTRD_7_UNIT4GNODE,SHASTRD_7_UNIT4GNODE,RTPD,MCE,LMP_ENE_PRC,SHASTRD_7_UNIT4GNODE,ALL,1,141.13702,4,3
2022-09-02T04:45:00-00:00,2022-09-02T05:00:00-00:00,2022-09-01,22,SHASTRD_7_UNIT4GNODE,SHASTRD_7_UNIT4GNODE,SHASTRD_7_UNIT4GNODE,RTPD,MCE,LMP_ENE_PRC,SHASTRD_7_UNIT4GNODE,ALL,1,126.76372,4,3
2022-09-02T05:45:00-00:00,2022-09-02T06:00:00-00:00,2022-09-01,23,SHASTRD_7_UNIT4GNODE,SHASTRD_7_UNIT4GNODE,SHASTRD_7_UNIT4GNODE,RTPD,MCE,LMP_ENE_PRC,SHASTRD_7_UNIT4GNODE,ALL,1,119.00958,4,3
2022-09-02T06:45:00-00:00,2022-09-02T07:00:00-00:00,2022-09-01,24,SHASTRD_7_UNIT4GNODE,SHASTRD_7_UNIT4GNODE,SHASTRD_7_UNIT4GNODE,RTPD,MCE,LMP_ENE_PRC,SHASTRD_7_UNIT4GNODE,ALL,1,109.20324,4,3
2022-09-01T07:00:00-00:00,2022-09-01T07:15:00-00:00,2022-09-01,01,SHASTRD_7_UNIT4GNODE,SHASTRD_7_UNIT4GNODE,SHASTRD_7_UNIT4GNODE,RTPD,MCL,LMP_LOSS_PRC,SHASTRD_7_UNIT4GNODE,ALL,1,-5.72255,1,4
2022-09-01T08:00:00-00:00,2022-09-01T08:15:00-00:00,2022-09-01,02,SHASTRD_7_UNIT4GNODE,SHASTRD_7_UNIT4GNODE,SHASTRD_7_UNIT4GNODE,RTPD,MCL,LMP_LOSS_PRC,SHASTRD_7_UNIT4GNODE,ALL,1,0,1,4
2022-09-01T09:00:00-00:00,2022-09-01T09:15:00-00:00,2022-09-01,03,SHASTRD_7_UNIT4GNODE,SHASTRD_7_UNIT4GNODE,SHASTRD_7_UNIT4GNODE,RTPD,MCL,LMP_LOSS_PRC,SHASTRD_7_UNIT4GNODE,ALL,1,-4.67742,1,4
2022-09-01T10:00:00-00:00,2022-09-01T10:15:00-00:00,2022-09-01,04,SHASTRD_7_UNIT4GNODE,SHASTRD_7_UNIT4GNODE,SHASTRD_7_UNIT4GNODE,RTPD,MCL,LMP_LOSS_PRC,SHASTRD_7_UNIT4GNODE,ALL,1,-4.63624,1,4
2022-09-01T11:00:00-00:00,2022-09-01T11:15:00-00:00,2022-09-01,05,SHASTRD_7_UNIT4GNODE,SHASTRD_7_UNIT4GNODE,SHASTRD_7_UNIT4GNODE,RTPD,MCL,LMP_LOSS_PRC,SHASTRD_7_UNIT4GNODE,ALL,1,-4.4823,1,4
2022-09-01T12:00:00-00:00,2022-09-01T12:15:00-00:00,2022-09-01,06,SHASTRD_7_UNIT4GNODE,SHASTRD_7_UNIT4GNODE,SHASTRD_7_UNIT4GNODE,RTPD,MCL,LMP_LOSS_PRC,SHASTRD_7_UNIT4GNODE,ALL,1,-4.49661,1,4
2022-09-01T13:00:00-00:00,2022-09-01T13:15:00-00:00,2022-09-01,07,SHASTRD_7_UNIT4GNODE,SHASTRD_7_UNIT4GNODE,SHASTRD_7_UNIT4GNODE,RTPD,MCL,LMP_LOSS_PRC,SHASTRD_7_UNIT4GNODE,ALL,1,0,1,4
2022-09-01T14:00:00-00:00,2022-09-01T14:15:00-00:00,2022-09-01,08,SHASTRD_7_UNIT4GNODE,SHASTRD_7_UNIT4GNODE,SHASTRD_7_UNIT4GNODE,RTPD,MCL,LMP_LOSS_PRC,SHASTRD_7_UNIT4GNODE,ALL,1,-2.92222,1,4
2022-09-01T15:00:00-00:00,2022-09-01T15:15:00-00:00,2022-09-01,09,SHASTRD_7_UNIT4GNODE,SHASTRD_7_UNIT4GNODE,SHASTRD_7_UNIT4GNODE,RTPD,MCL,LMP_LOSS_PRC,SHASTRD_7_UNIT4GNODE,ALL,1,0,1,4
2022-09-01T16:00:00-00:00,2022-09-01T16:15:00-00:00,2022-09-01,10,SHASTRD_7_UNIT4GNODE,SHASTRD_7_UNIT4GNODE,SHASTRD_7_UNIT4GNODE,RTPD,MCL,LMP_LOSS_PRC,SHASTRD_7_UNIT4GNODE,ALL,1,0,1,4
2022-09-01T17:00:00-00:00,2022-09-01T17:15:00-00:00,2022-09-01,11,SHASTRD_7_UNIT4GNODE,SHASTRD_7_UNIT4GNODE,SHASTRD_7_UNIT4GNODE,RTPD,MCL,LMP_LOSS_PRC,SHASTRD_7_UNIT4GNODE,ALL,1,0,1,4
2022-09-01T18:00:00-00:00,2022-09-01T18:15:00-00:00,2022-09-01,12,SHASTRD_7_UNIT4GNODE,SHASTRD_7_UNIT4GNODE,SHASTRD_7_UNIT4GNODE,RTPD,MCL,LMP_LOSS_PRC,SHASTRD_7_UNIT4GNODE,ALL,1,0,1,4
2022-09-01T19:00:00-00:00,2022-09-01T19:15:00-00:00,2022-09-01,13,SHASTRD_7_UNIT4GNODE,SHASTRD_7_UNIT4GNODE,SHASTRD_7_UNIT4GNODE,RTPD,MCL,LMP_LOSS_PRC,SHASTRD_7_UNIT4GNODE,ALL,1,0,1,4
2022-09-01T20:00:00-00:00,2022-09-01T20:15:00-00:00,2022-09-01,14,SHASTRD_7_UNIT4GNODE,SHASTRD_7_UNIT4GNODE,SHASTRD_7_UNIT4GNODE,RTPD,MCL,LMP_LOSS_PRC,SHASTRD_7_UNIT4GNODE,ALL,1,0,1,4
2022-09-01T21:00:00-00:00,2022-09-01T21:15:00-00:00,2022-09-01,15,SHASTRD_7_UNIT4GNODE,SHASTRD_7_UNIT4GNODE,SHASTRD_7_UNIT4GNODE,RTPD,MCL,LMP_LOSS_PRC,SHASTRD_7_UNIT4GNODE,ALL,1,0,1,4
2022-09-01T22:00:00-00:00,2022-09-01T22:15:00-00:00,2022-09-01,16,SHASTRD_7_UNIT4GNODE,SHASTRD_7_UNIT4GNODE,SHASTRD_7_UNIT4GNODE,RTPD,MCL,LMP_LOSS_PRC,SHASTRD_7_UNIT4GNODE,ALL,1,0,1,4
2022-09-01T23:00:00-00:00,2022-09-01T23:15:00-00:00,2022-09-01,17,SHASTRD_7_UNIT4GNODE,SHASTRD_7_UNIT4GNODE,SHASTRD_7_UNIT4GNODE,RTPD,MCL,LMP_LOSS_PRC,SHASTRD_7_UNIT4GNODE,ALL,1,0,1,4
2022-09-02T00:00:00-00:00,2022-09-02T00:15:00-00:00,2022-09-01,18,SHASTRD_7_UNIT4GNODE,SHASTRD_7_UNIT4GNODE,SHASTRD_7_UNIT4GNODE,RTPD,MCL,LMP_LOSS_PRC,SHASTRD_7_UNIT4GNODE,ALL,1,-43.46072,1,4
2022-09-02T01:00:00-00:00,2022-09-02T01:15:00-00:00,2022-09-01,19,SHASTRD_7_UNIT4GNODE,SHASTRD_7_UNIT4GNODE,SHASTRD_7_UNIT4GNODE,RTPD,MCL,LMP_LOSS_PRC,SHASTRD_7_UNIT4GNODE,ALL,1,0,1,4
2022-09-02T02:00:00-00:00,2022-09-02T02:15:00-00:00,2022-09-01,20,SHASTRD_7_UNIT4GNODE,SHASTRD_7_UNIT4GNODE,SHASTRD_7_UNIT4GNODE,RTPD,MCL,LMP_LOSS_PRC,SHASTRD_7_UNIT4GNODE,ALL,1,0,1,4
2022-09-02T03:00:00-00:00,2022-09-02T03:15:00-00:00,2022-09-01,21,SHASTRD_7_UNIT4GNODE,SHASTRD_7_UNIT4GNODE,SHASTRD_7_UNIT4GNODE,RTPD,MCL,LMP_LOSS_PRC,SHASTRD_7_UNIT4GNODE,ALL,1,-73.31221,1,4
2022-09-02T04:00:00-00:00,2022-09-02T04:15:00-00:00,2022-09-01,22,SHASTRD_7_UNIT4GNODE,SHASTRD_7_UNIT4GNODE,SHASTRD_7_UNIT4GNODE,RTPD,MCL,LMP_LOSS_PRC,SHASTRD_7_UNIT4GNODE,ALL,1,-13.94854,1,4
2022-09-02T05:00:00-00:00,2022-09-02T05:15:00-00:00,2022-09-01,23,SHASTRD_7_UNIT4GNODE,SHASTRD_7_UNIT4GNODE,SHASTRD_7_UNIT4GNODE,RTPD,MCL,LMP_LOSS_PRC,SHASTRD_7_UNIT4GNODE,ALL,1,-7.32991,1,4
2022-09-02T06:00:00-00:00,2022-09-02T06:15:00-00:00,2022-09-01,24,SHASTRD_7_UNIT4GNODE,SHASTRD_7_UNIT4GNODE,SHASTRD_7_UNIT4GNODE,RTPD,MCL,LMP_LOSS_PRC,SHASTRD_7_UNIT4GNODE,ALL,1,-7.27616,1,4
2022-09-01T07:15:00-00:00,2022-09-01T07:30:00-00:00,2022-09-01,01,SHASTRD_7_UNIT4GNODE,SHASTRD_7_UNIT4GNODE,SHASTRD_7_UNIT4GNODE,RTPD,MCL,LMP_LOSS_PRC,SHASTRD_7_UNIT4GNODE,ALL,1,0,2,4
2022-09-01T08:15:00-00:00,2022-09-01T08:30:00-00:00,2022-09-01,02,SHASTRD_7_UNIT4GNODE,SHASTRD_7_UNIT4GNODE,SHASTRD_7_UNIT4GNODE,RTPD,MCL,LMP_LOSS_PRC,SHASTRD_7_UNIT4GNODE,ALL,1,0,2,4
2022-09-01T09:15:00-00:00,2022-09-01T09:30:00-00:00,2022-09-01,03,SHASTRD_7_UNIT4GNODE,SHASTRD_7_UNIT4GNODE,SHASTRD_7_UNIT4GNODE,RTPD,MCL,LMP_LOSS_PRC,SHASTRD_7_UNIT4GNODE,ALL,1,-4.57126,2,4
2022-09-01T10:15:00-00:00,2022-09-01T10:30:00-00:00,2022-09-01,04,SHASTRD_7_UNIT4GNODE,SHASTRD_7_UNIT4GNODE,SHASTRD_7_UNIT4GNODE,RTPD,MCL,LMP_LOSS_PRC,SHASTRD_7_UNIT4GNODE,ALL,1,-4.59818,2,4
2022-09-01T11:15:00-00:00,2022-09-01T11:30:00-00:00,2022-09-01,05,SHASTRD_7_UNIT4GNODE,SHASTRD_7_UNIT4GNODE,SHASTRD_7_UNIT4GNODE,RTPD,MCL,LMP_LOSS_PRC,SHASTRD_7_UNIT4GNODE,ALL,1,-4.56697,2,4
2022-09-01T12:15:00-00:00,2022-09-01T12:30:00-00:00,2022-09-01,06,SHASTRD_7_UNIT4GNODE,SHASTRD_7_UNIT4GNODE,SHASTRD_7_UNIT4GNODE,RTPD,MCL,LMP_LOSS_PRC,SHASTRD_7_UNIT4GNODE,ALL,1,-4.99607,2,4
2022-09-01T13:15:00-00:00,2022-09-01T13:30:00-00:00,2022-09-01,07,SHASTRD_7_UNIT4GNODE,SHASTRD_7_UNIT4GNODE,SHASTRD_7_UNIT4GNODE,RTPD,MCL,LMP_LOSS_PRC,SHASTRD_7_UNIT4GNODE,ALL,1,-4.90519,2,4
2022-09-01T14:15:00-00:00,2022-09-01T14:30:00-00:00,2022-09-01,08,SHASTRD_7_UNIT4GNODE,SHASTRD_7_UNIT4GNODE,SHASTRD_7_UNIT4GNODE,RTPD,MCL,LMP_LOSS_PRC,SHASTRD_7_UNIT4GNODE,ALL,1,-2.70348,2,4
2022-09-01T15:15:00-00:00,2022-09-01T15:30:00-00:00,2022-09-01,09,SHASTRD_7_UNIT4GNODE,SHASTRD_7_UNIT4GNODE,SHASTRD_7_UNIT4GNODE,RTPD,MCL,LMP_LOSS_PRC,SHASTRD_7_UNIT4GNODE,ALL,1,0,2,4
2022-09-01T16:15:00-00:00,2022-09-01T16:30:00-00:00,2022-09-01,10,SHASTRD_7_UNIT4GNODE,SHASTRD_7_UNIT4GNODE,SHASTRD_7_UNIT4GNODE,RTPD,MCL,LMP_LOSS_PRC,SHASTRD_7_UNIT4GNODE,ALL,1,0,2,4
2022-09-01T17:15:00-00:00,2022-09-01T17:30:00-00:00,2022-09-01,11,SHASTRD_7_UNIT4GNODE,SHASTRD_7_UNIT4GNODE,SHASTRD_7_UNIT4GNODE,RTPD,MCL,LMP_LOSS_PRC,SHASTRD_7_UNIT4GNODE,ALL,1,0,2,4
2022-09-01T18:15:00-00:00,2022-09-01T18:30:00-00:00,2022-09-01,12,SHASTRD_7_UNIT4GNODE,SHASTRD_7_UNIT4GNODE,SHASTRD_7_UNIT4GNODE,RTPD,MCL,LMP_LOSS_PRC,SHASTRD_7_UNIT4GNODE,ALL,1,0,2,4
2022-09-01T19:15:00-00:00,2022-09-01T19:30:00-00:00,2022-09-01,13,SHASTRD_7_UNIT4GNODE,SHASTRD_7_UNIT4GNODE,SHASTRD_7_UNIT4GNODE,RTPD,MCL,LMP_LOSS_PRC,SHASTRD_7_UNIT4GNODE,ALL,1,0,2,4
2022-09-01T20:15:00-00:00,2022-09-01T20:30:00-00:00,2022-09-01,14,SHASTRD_7_UNIT4GNODE,SHASTRD_7_UNIT4GNODE,SHASTRD_7_UNIT4GNODE,RTPD,MCL,LMP_LOSS_PRC,SHASTRD_7_UNIT4GNODE,ALL,1,0,2,4
2022-09-01T21:15:00-00:00,2022-09-01T21:30:00-00:00,2022-09-01,15,SHASTRD_7_UNIT4GNODE,SHASTRD_7_UNIT4GNODE,SHASTRD_7_UNIT4GNODE,RTPD,MCL,LMP_LOSS_PRC,SHASTRD_7_UNIT4GNODE,ALL,1,0,2,4
2022-09-01T22:15:00-00:00,2022-09-01T22:30:00-00:00,2022-09-01,16,SHASTRD_7_UNIT4GNODE,SHASTRD_7_UNIT4GNODE,SHASTRD_7_UNIT4GNODE,RTPD,MCL,LMP_LOSS_PRC,SHASTRD_7_UNIT4GNODE,ALL,1,0,2,4
2022-09-01T23:15:00-00:00,2022-09-01T23:30:00-00:00,2022-09-01,17,SHASTRD_7_UNIT4GNODE,SHASTRD_7_UNIT4GNODE,SHASTRD_7_UNIT4GNODE,RTPD,MCL,LMP_LOSS_PRC,SHASTRD_7_UNIT4GNODE,ALL,1,0,2,4
2022-09-02T00:15:00-00:00,2022-09-02T00:30:00-00:00,2022-09-01,18,SHASTRD_7_UNIT4GNODE,SHASTRD_7_UNIT4GNODE,SHASTRD_7_UNIT4GNODE,RTPD,MCL,LMP_LOSS_PRC,SHASTRD_7_UNIT4GNODE,ALL,1,-38.29342,2,4
2022-09-02T01:15:00-00:00,2022-09-02T01:30:00-00:00,2022-09-01,19,SHASTRD_7_UNIT4GNODE,SHASTRD_7_UNIT4GNODE,SHASTRD_7_UNIT4GNODE,RTPD,MCL,LMP_LOSS_PRC,SHASTRD_7_UNIT4GNODE,ALL,1,0,2,4
2022-09-02T02:15:00-00:00,2022-09-02T02:30:00-00:00,2022-09-01,20,SHASTRD_7_UNIT4GNODE,SHASTRD_7_UNIT4GNODE,SHASTRD_7_UNIT4GNODE,RTPD,MCL,LMP_LOSS_PRC,SHASTRD_7_UNIT4GNODE,ALL,1,0,2,4
2022-09-02T03:15:00-00:00,2022-09-02T03:30:00-00:00,2022-09-01,21,SHASTRD_7_UNIT4GNODE,SHASTRD_7_UNIT4GNODE,SHASTRD_7_UNIT4GNODE,RTPD,MCL,LMP_LOSS_PRC,SHASTRD_7_UNIT4GNODE,ALL,1,-21.22797,2,4
2022-09-02T04:15:00-00:00,2022-09-02T04:30:00-00:00,2022-09-01,22,SHASTRD_7_UNIT4GNODE,SHASTRD_7_UNIT4GNODE,SHASTRD_7_UNIT4GNODE,RTPD,MCL,LMP_LOSS_PRC,SHASTRD_7_UNIT4GNODE,ALL,1,-12.54101,2,4
2022-09-02T05:15:00-00:00,2022-09-02T05:30:00-00:00,2022-09-01,23,SHASTRD_7_UNIT4GNODE,SHASTRD_7_UNIT4GNODE,SHASTRD_7_UNIT4GNODE,RTPD,MCL,LMP_LOSS_PRC,SHASTRD_7_UNIT4GNODE,ALL,1,-7.08616,2,4
2022-09-02T06:15:00-00:00,2022-09-02T06:30:00-00:00,2022-09-01,24,SHASTRD_7_UNIT4GNODE,SHASTRD_7_UNIT4GNODE,SHASTRD_7_UNIT4GNODE,RTPD,MCL,LMP_LOSS_PRC,SHASTRD_7_UNIT4GNODE,ALL,1,-7.82766,2,4
2022-09-01T07:30:00-00:00,2022-09-01T07:45:00-00:00,2022-09-01,01,SHASTRD_7_UNIT4GNODE,SHASTRD_7_UNIT4GNODE,SHASTRD_7_UNIT4GNODE,RTPD,MCL,LMP_LOSS_PRC,SHASTRD_7_UNIT4GNODE,ALL,1,0,3,4
2022-09-01T08:30:00-00:00,2022-09-01T08:45:00-00:00,2022-09-01,02,SHASTRD_7_UNIT4GNODE,SHASTRD_7_UNIT4GNODE,SHASTRD_7_UNIT4GNODE,RTPD,MCL,LMP_LOSS_PRC,SHASTRD_7_UNIT4GNODE,ALL,1,-4.92233,3,4
2022-09-01T09:30:00-00:00,2022-09-01T09:45:00-00:00,2022-09-01,03,SHASTRD_7_UNIT4GNODE,SHASTRD_7_UNIT4GNODE,SHASTRD_7_UNIT4GNODE,RTPD,MCL,LMP_LOSS_PRC,SHASTRD_7_UNIT4GNODE,ALL,1,-4.66277,3,4
2022-09-01T10:30:00-00:00,2022-09-01T10:45:00-00:00,2022-09-01,04,SHASTRD_7_UNIT4GNODE,SHASTRD_7_UNIT4GNODE,SHASTRD_7_UNIT4GNODE,RTPD,MCL,LMP_LOSS_PRC,SHASTRD_7_UNIT4GNODE,ALL,1,-4.50017,3,4
2022-09-01T11:30:00-00:00,2022-09-01T11:45:00-00:00,2022-09-01,05,SHASTRD_7_UNIT4GNODE,SHASTRD_7_UNIT4GNODE,SHASTRD_7_UNIT4GNODE,RTPD,MCL,LMP_LOSS_PRC,SHASTRD_7_UNIT4GNODE,ALL,1,-4.50386,3,4
2022-09-01T12:30:00-00:00,2022-09-01T12:45:00-00:00,2022-09-01,06,SHASTRD_7_UNIT4GNODE,SHASTRD_7_UNIT4GNODE,SHASTRD_7_UNIT4GNODE,RTPD,MCL,LMP_LOSS_PRC,SHASTRD_7_UNIT4GNODE,ALL,1,-5.06546,3,4
2022-09-01T13:30:00-00:00,2022-09-01T13:45:00-00:00,2022-09-01,07,SHASTRD_7_UNIT4GNODE,SHASTRD_7_UNIT4GNODE,SHASTRD_7_UNIT4GNODE,RTPD,MCL,LMP_LOSS_PRC,SHASTRD_7_UNIT4GNODE,ALL,1,-4.73956,3,4
2022-09-01T14:30:00-00:00,2022-09-01T14:45:00-00:00,2022-09-01,08,SHASTRD_7_UNIT4GNODE,SHASTRD_7_UNIT4GNODE,SHASTRD_7_UNIT4GNODE,RTPD,MCL,LMP_LOSS_PRC,SHASTRD_7_UNIT4GNODE,ALL,1,-2.27088,3,4
2022-09-01T15:30:00-00:00,2022-09-01T15:45:00-00:00,2022-09-01,09,SHASTRD_7_UNIT4GNODE,SHASTRD_7_UNIT4GNODE,SHASTRD_7_UNIT4GNODE,RTPD,MCL,LMP_LOSS_PRC,SHASTRD_7_UNIT4GNODE,ALL,1,0,3,4
2022-09-01T16:30:00-00:00,2022-09-01T16:45:00-00:00,2022-09-01,10,SHASTRD_7_UNIT4GNODE,SHASTRD_7_UNIT4GNODE,SHASTRD_7_UNIT4GNODE,RTPD,MCL,LMP_LOSS_PRC,SHASTRD_7_UNIT4GNODE,ALL,1,0,3,4
2022-09-01T17:30:00-00:00,2022-09-01T17:45:00-00:00,2022-09-01,11,SHASTRD_7_UNIT4GNODE,SHASTRD_7_UNIT4GNODE,SHASTRD_7_UNIT4GNODE,RTPD,MCL,LMP_LOSS_PRC,SHASTRD_7_UNIT4GNODE,ALL,1,0,3,4
2022-09-01T18:30:00-00:00,2022-09-01T18:45:00-00:00,2022-09-01,12,SHASTRD_7_UNIT4GNODE,SHASTRD_7_UNIT4GNODE,SHASTRD_7_UNIT4GNODE,RTPD,MCL,LMP_LOSS_PRC,SHASTRD_7_UNIT4GNODE,ALL,1,0,3,4
2022-09-01T19:30:00-00:00,2022-09-01T19:45:00-00:00,2022-09-01,13,SHASTRD_7_UNIT4GNODE,SHASTRD_7_UNIT4GNODE,SHASTRD_7_UNIT4GNODE,RTPD,MCL,LMP_LOSS_PRC,SHASTRD_7_UNIT4GNODE,ALL,1,0,3,4
2022-09-01T20:30:00-00:00,2022-09-01T20:45:00-00:00,2022-09-01,14,SHASTRD_7_UNIT4GNODE,SHASTRD_7_UNIT4GNODE,SHASTRD_7_UNIT4GNODE,RTPD,MCL,LMP_LOSS_PRC,SHASTRD_7_UNIT4GNODE,ALL,1,0,3,4
2022-09-01T21:30:00-00:00,2022-09-01T21:45:00-00:00,2022-09-01,15,SHASTRD_7_UNIT4GNODE,SHASTRD_7_UNIT4GNODE,SHASTRD_7_UNIT4GNODE,RTPD,MCL,LMP_LOSS_PRC,SHASTRD_7_UNIT4GNODE,ALL,1,0,3,4
2022-09-01T22:30:00-00:00,2022-09-01T22:45:00-00:00,2022-09-01,16,SHASTRD_7_UNIT4GNODE,SHASTRD_7_UNIT4GNODE,SHASTRD_7_UNIT4GNODE,RTPD,MCL,LMP_LOSS_PRC,SHASTRD_7_UNIT4GNODE,ALL,1,0,3,4
2022-09-01T23:30:00-00:00,2022-09-01T23:45:00-00:00,2022-09-01,17,SHASTRD_7_UNIT4GNODE,SHASTRD_7_UNIT4GNODE,SHASTRD_7_UNIT4GNODE,RTPD,MCL,LMP_LOSS_PRC,SHASTRD_7_UNIT4GNODE,ALL,1,0,3,4
2022-09-02T00:30:00-00:00,2022-09-02T00:45:00-00:00,2022-09-01,18,SHASTRD_7_UNIT4GNODE,SHASTRD_7_UNIT4GNODE,SHASTRD_7_UNIT4GNODE,RTPD,MCL,LMP_LOSS_PRC,SHASTRD_7_UNIT4GNODE,ALL,1,0,3,4
2022-09-02T01:30:00-00:00,2022-09-02T01:45:00-00:00,2022-09-01,19,SHASTRD_7_UNIT4GNODE,SHASTRD_7_UNIT4GNODE,SHASTRD_7_UNIT4GNODE,RTPD,MCL,LMP_LOSS_PRC,SHASTRD_7_UNIT4GNODE,ALL,1,0,3,4
2022-09-02T02:30:00-00:00,2022-09-02T02:45:00-00:00,2022-09-01,20,SHASTRD_7_UNIT4GNODE,SHASTRD_7_UNIT4GNODE,SHASTRD_7_UNIT4GNODE,RTPD,MCL,LMP_LOSS_PRC,SHASTRD_7_UNIT4GNODE,ALL,1,0,3,4
2022-09-02T03:30:00-00:00,2022-09-02T03:45:00-00:00,2022-09-01,21,SHASTRD_7_UNIT4GNODE,SHASTRD_7_UNIT4GNODE,SHASTRD_7_UNIT4GNODE,RTPD,MCL,LMP_LOSS_PRC,SHASTRD_7_UNIT4GNODE,ALL,1,-9.85338,3,4
2022-09-02T04:30:00-00:00,2022-09-02T04:45:00-00:00,2022-09-01,22,SHASTRD_7_UNIT4GNODE,SHASTRD_7_UNIT4GNODE,SHASTRD_7_UNIT4GNODE,RTPD,MCL,LMP_LOSS_PRC,SHASTRD_7_UNIT4GNODE,ALL,1,-11.5272,3,4
2022-09-02T05:30:00-00:00,2022-09-02T05:45:00-00:00,2022-09-01,23,SHASTRD_7_UNIT4GNODE,SHASTRD_7_UNIT4GNODE,SHASTRD_7_UNIT4GNODE,RTPD,MCL,LMP_LOSS_PRC,SHASTRD_7_UNIT4GNODE,ALL,1,-6.54551,3,4
2022-09-02T06:30:00-00:00,2022-09-02T06:45:00-00:00,2022-09-01,24,SHASTRD_7_UNIT4GNODE,SHASTRD_7_UNIT4GNODE,SHASTRD_7_UNIT4GNODE,RTPD,MCL,LMP_LOSS_PRC,SHASTRD_7_UNIT4GNODE,ALL,1,-6.6171,3,4
2022-09-01T07:45:00-00:00,2022-09-01T08:00:00-00:00,2022-09-01,01,SHASTRD_7_UNIT4GNODE,SHASTRD_7_UNIT4GNODE,SHASTRD_7_UNIT4GNODE,RTPD,MCL,LMP_LOSS_PRC,SHASTRD_7_UNIT4GNODE,ALL,1,0,4,4
2022-09-01T08:45:00-00:00,2022-09-01T09:00:00-00:00,2022-09-01,02,SHASTRD_7_UNIT4GNODE,SHASTRD_7_UNIT4GNODE,SHASTRD_7_UNIT4GNODE,RTPD,MCL,LMP_LOSS_PRC,SHASTRD_7_UNIT4GNODE,ALL,1,-4.43329,4,4
2022-09-01T09:45:00-00:00,2022-09-01T10:00:00-00:00,2022-09-01,03,SHASTRD_7_UNIT4GNODE,SHASTRD_7_UNIT4GNODE,SHASTRD_7_UNIT4GNODE,RTPD,MCL,LMP_LOSS_PRC,SHASTRD_7_UNIT4GNODE,ALL,1,-4.66078,4,4
2022-09-01T10:45:00-00:00,2022-09-01T11:00:00-00:00,2022-09-01,04,SHASTRD_7_UNIT4GNODE,SHASTRD_7_UNIT4GNODE,SHASTRD_7_UNIT4GNODE,RTPD,MCL,LMP_LOSS_PRC,SHASTRD_7_UNIT4GNODE,ALL,1,-4.3761,4,4
2022-09-01T11:45:00-00:00,2022-09-01T12:00:00-00:00,2022-09-01,05,SHASTRD_7_UNIT4GNODE,SHASTRD_7_UNIT4GNODE,SHASTRD_7_UNIT4GNODE,RTPD,MCL,LMP_LOSS_PRC,SHASTRD_7_UNIT4GNODE,ALL,1,0,4,4
2022-09-01T12:45:00-00:00,2022-09-01T13:00:00-00:00,2022-09-01,06,SHASTRD_7_UNIT4GNODE,SHASTRD_7_UNIT4GNODE,SHASTRD_7_UNIT4GNODE,RTPD,MCL,LMP_LOSS_PRC,SHASTRD_7_UNIT4GNODE,ALL,1,0,4,4
2022-09-01T13:45:00-00:00,2022-09-01T14:00:00-00:00,2022-09-01,07,SHASTRD_7_UNIT4GNODE,SHASTRD_7_UNIT4GNODE,SHASTRD_7_UNIT4GNODE,RTPD,MCL,LMP_LOSS_PRC,SHASTRD_7_UNIT4GNODE,ALL,1,0,4,4
2022-09-01T14:45:00-00:00,2022-09-01T15:00:00-00:00,2022-09-01,08,SHASTRD_7_UNIT4GNODE,SHASTRD_7_UNIT4GNODE,SHASTRD_7_UNIT4GNODE,RTPD,MCL,LMP_LOSS_PRC,SHASTRD_7_UNIT4GNODE,ALL,1,0,4,4
2022-09-01T15:45:00-00:00,2022-09-01T16:00:00-00:00,2022-09-01,09,SHASTRD_7_UNIT4GNODE,SHASTRD_7_UNIT4GNODE,SHASTRD_7_UNIT4GNODE,RTPD,MCL,LMP_LOSS_PRC,SHASTRD_7_UNIT4GNODE,ALL,1,0,4,4
2022-09-01T16:45:00-00:00,2022-09-01T17:00:00-00:00,2022-09-01,10,SHASTRD_7_UNIT4GNODE,SHASTRD_7_UNIT4GNODE,SHASTRD_7_UNIT4GNODE,RTPD,MCL,LMP_LOSS_PRC,SHASTRD_7_UNIT4GNODE,ALL,1,0,4,4
2022-09-01T17:45:00-00:00,2022-09-01T18:00:00-00:00,2022-09-01,11,SHASTRD_7_UNIT4GNODE,SHASTRD_7_UNIT4GNODE,SHASTRD_7_UNIT4GNODE,RTPD,MCL,LMP_LOSS_PRC,SHASTRD_7_UNIT4GNODE,ALL,1,0,4,4
2022-09-01T18:45:00-00:00,2022-09-01T19:00:00-00:00,2022-09-01,12,SHASTRD_7_UNIT4GNODE,SHASTRD_7_UNIT4GNODE,SHASTRD_7_UNIT4GNODE,RTPD,MCL,LMP_LOSS_PRC,SHASTRD_7_UNIT4GNODE,ALL,1,0,4,4
2022-09-01T19:45:00-00:00,2022-09-01T20:00:00-00:00,2022-09-01,13,SHASTRD_7_UNIT4GNODE,SHASTRD_7_UNIT4GNODE,SHASTRD_7_UNIT4GNODE,RTPD,MCL,LMP_LOSS_PRC,SHASTRD_7_UNIT4GNODE,ALL,1,0,4,4
2022-09-01T20:45:00-00:00,2022-09-01T21:00:00-00:00,2022-09-01,14,SHASTRD_7_UNIT4GNODE,SHASTRD_7_UNIT4GNODE,SHASTRD_7_UNIT4GNODE,RTPD,MCL,LMP_LOSS_PRC,SHASTRD_7_UNIT4GNODE,ALL,1,0,4,4
2022-09-01T21:45:00-00:00,2022-09-01T22:00:00-00:00,2022-09-01,15,SHASTRD_7_UNIT4GNODE,SHASTRD_7_UNIT4GNODE,SHASTRD_7_UNIT4GNODE,RTPD,MCL,LMP_LOSS_PRC,SHASTRD_7_UNIT4GNODE,ALL,1,0,4,4
2022-09-01T22:45:00-00:00,2022-09-01T23:00:00-00:00,2022-09-01,16,SHASTRD_7_UNIT4GNODE,SHASTRD_7_UNIT4GNODE,SHASTRD_7_UNIT4GNODE,RTPD,MCL,LMP_LOSS_PRC,SHASTRD_7_UNIT4GNODE,ALL,1,0,4,4
2022-09-01T23:45:00-00:00,2022-09-02T00:00:00-00:00,2022-09-01,17,SHASTRD_7_UNIT4GNODE,SHASTRD_7_UNIT4GNODE,SHASTRD_7_UNIT4GNODE,RTPD,MCL,LMP_LOSS_PRC,SHASTRD_7_UNIT4GNODE,ALL,1,0,4,4
2022-09-02T00:45:00-00:00,2022-09-02T01:00:00-00:00,2022-09-01,18,SHASTRD_7_UNIT4GNODE,SHASTRD_7_UNIT4GNODE,SHASTRD_7_UNIT4GNODE,RTPD,MCL,LMP_LOSS_PRC,SHASTRD_7_UNIT4GNODE,ALL,1,0,4,4
2022-09-02T01:45:00-00:00,2022-09-02T02:00:00-00:00,2022-09-01,19,SHASTRD_7_UNIT4GNODE,SHASTRD_7_UNIT4GNODE,SHASTRD_7_UNIT4GNODE,RTPD,MCL,LMP_LOSS_PRC,SHASTRD_7_UNIT4GNODE,ALL,1,0,4,4
2022-09-02T02:45:00-00:00,2022-09-02T03:00:00-00:00,2022-09-01,20,SHASTRD_7_UNIT4GNODE,SHASTRD_7_UNIT4GNODE,SHASTRD_7_UNIT4GNODE,RTPD,MCL,LMP_LOSS_PRC,SHASTRD_7_UNIT4GNODE,ALL,1,-138.19179,4,4
2022-09-02T03:45:00-00:00,2022-09-02T04:00:00-00:00,2022-09-01,21,SHASTRD_7_UNIT4GNODE,SHASTRD_7_UNIT4GNODE,SHASTRD_7_UNIT4GNODE,RTPD,MCL,LMP_LOSS_PRC,SHASTRD_7_UNIT4GNODE,ALL,1,-8.34113,4,4
2022-09-02T04:45:00-00:00,2022-09-02T05:00:00-00:00,2022-09-01,22,SHASTRD_7_UNIT4GNODE,SHASTRD_7_UNIT4GNODE,SHASTRD_7_UNIT4GNODE,RTPD,MCL,LMP_LOSS_PRC,SHASTRD_7_UNIT4GNODE,ALL,1,-6.95939,4,4
2022-09-02T05:45:00-00:00,2022-09-02T06:00:00-00:00,2022-09-01,23,SHASTRD_7_UNIT4GNODE,SHASTRD_7_UNIT4GNODE,SHASTRD_7_UNIT4GNODE,RTPD,MCL,LMP_LOSS_PRC,SHASTRD_7_UNIT4GNODE,ALL,1,-5.85533,4,4
2022-09-02T06:45:00-00:00,2022-09-02T07:00:00-00:00,2022-09-01,24,SHASTRD_7_UNIT4GNODE,SHASTRD_7_UNIT4GNODE,SHASTRD_7_UNIT4GNODE,RTPD,MCL,LMP_LOSS_PRC,SHASTRD_7_UNIT4GNODE,ALL,1,-5.13261,4,4
2022-09-01T07:00:00-00:00,2022-09-01T07:15:00-00:00,2022-09-01,01,SHASTRD_7_UNIT4GNODE,SHASTRD_7_UNIT4GNODE,SHASTRD_7_UNIT4GNODE,RTPD,MGHG,LMP_GHG_PRC,SHASTRD_7_UNIT4GNODE,ALL,1,0,1,5
2022-09-01T08:00:00-00:00,2022-09-01T08:15:00-00:00,2022-09-01,02,SHASTRD_7_UNIT4GNODE,SHASTRD_7_UNIT4GNODE,SHASTRD_7_UNIT4GNODE,RTPD,MGHG,LMP_GHG_PRC,SHASTRD_7_UNIT4GNODE,ALL,1,0,1,5
2022-09-01T09:00:00-00:00,2022-09-01T09:15:00-00:00,2022-09-01,03,SHASTRD_7_UNIT4GNODE,SHASTRD_7_UNIT4GNODE,SHASTRD_7_UNIT4GNODE,RTPD,MGHG,LMP_GHG_PRC,SHASTRD_7_UNIT4GNODE,ALL,1,0,1,5
2022-09-01T10:00:00-00:00,2022-09-01T10:15:00-00:00,2022-09-01,04,SHASTRD_7_UNIT4GNODE,SHASTRD_7_UNIT4GNODE,SHASTRD_7_UNIT4GNODE,RTPD,MGHG,LMP_GHG_PRC,SHASTRD_7_UNIT4GNODE,ALL,1,0,1,5
2022-09-01T11:00:00-00:00,2022-09-01T11:15:00-00:00,2022-09-01,05,SHASTRD_7_UNIT4GNODE,SHASTRD_7_UNIT4GNODE,SHASTRD_7_UNIT4GNODE,RTPD,MGHG,LMP_GHG_PRC,SHASTRD_7_UNIT4GNODE,ALL,1,0,1,5
2022-09-01T12:00:00-00:00,2022-09-01T12:15:00-00:00,2022-09-01,06,SHASTRD_7_UNIT4GNODE,SHASTRD_7_UNIT4GNODE,SHASTRD_7_UNIT4GNODE,RTPD,MGHG,LMP_GHG_PRC,SHASTRD_7_UNIT4GNODE,ALL,1,0,1,5
2022-09-01T13:00:00-00:00,2022-09-01T13:15:00-00:00,2022-09-01,07,SHASTRD_7_UNIT4GNODE,SHASTRD_7_UNIT4GNODE,SHASTRD_7_UNIT4GNODE,RTPD,MGHG,LMP_GHG_PRC,SHASTRD_7_UNIT4GNODE,ALL,1,0,1,5
2022-09-01T14:00:00-00:00,2022-09-01T14:15:00-00:00,2022-09-01,08,SHASTRD_7_UNIT4GNODE,SHASTRD_7_UNIT4GNODE,SHASTRD_7_UNIT4GNODE,RTPD,MGHG,LMP_GHG_PRC,SHASTRD_7_UNIT4GNODE,ALL,1,0,1,5
2022-09-01T15:00:00-00:00,2022-09-01T15:15:00-00:00,2022-09-01,09,SHASTRD_7_UNIT4GNODE,SHASTRD_7_UNIT4GNODE,SHASTRD_7_UNIT4GNODE,RTPD,MGHG,LMP_GHG_PRC,SHASTRD_7_UNIT4GNODE,ALL,1,0,1,5
2022-09-01T16:00:00-00:00,2022-09-01T16:15:00-00:00,2022-09-01,10,SHASTRD_7_UNIT4GNODE,SHASTRD_7_UNIT4GNODE,SHASTRD_7_UNIT4GNODE,RTPD,MGHG,LMP_GHG_PRC,SHASTRD_7_UNIT4GNODE,ALL,1,0,1,5
2022-09-01T17:00:00-00:00,2022-09-01T17:15:00-00:00,2022-09-01,11,SHASTRD_7_UNIT4GNODE,SHASTRD_7_UNIT4GNODE,SHASTRD_7_UNIT4GNODE,RTPD,MGHG,LMP_GHG_PRC,SHASTRD_7_UNIT4GNODE,ALL,1,0,1,5
2022-09-01T18:00:00-00:00,2022-09-01T18:15:00-00:00,2022-09-01,12,SHASTRD_7_UNIT4GNODE,SHASTRD_7_UNIT4GNODE,SHASTRD_7_UNIT4GNODE,RTPD,MGHG,LMP_GHG_PRC,SHASTRD_7_UNIT4GNODE,ALL,1,0,1,5
2022-09-01T19:00:00-00:00,2022-09-01T19:15:00-00:00,2022-09-01,13,SHASTRD_7_UNIT4GNODE,SHASTRD_7_UNIT4GNODE,SHASTRD_7_UNIT4GNODE,RTPD,MGHG,LMP_GHG_PRC,SHASTRD_7_UNIT4GNODE,ALL,1,0,1,5
2022-09-01T20:00:00-00:00,2022-09-01T20:15:00-00:00,2022-09-01,14,SHASTRD_7_UNIT4GNODE,SHASTRD_7_UNIT4GNODE,SHASTRD_7_UNIT4GNODE,RTPD,MGHG,LMP_GHG_PRC,SHASTRD_7_UNIT4GNODE,ALL,1,0,1,5
2022-09-01T21:00:00-00:00,2022-09-01T21:15:00-00:00,2022-09-01,15,SHASTRD_7_UNIT4GNODE,SHASTRD_7_UNIT4GNODE,SHASTRD_7_UNIT4GNODE,RTPD,MGHG,LMP_GHG_PRC,SHASTRD_7_UNIT4GNODE,ALL,1,0,1,5
2022-09-01T22:00:00-00:00,2022-09-01T22:15:00-00:00,2022-09-01,16,SHASTRD_7_UNIT4GNODE,SHASTRD_7_UNIT4GNODE,SHASTRD_7_UNIT4GNODE,RTPD,MGHG,LMP_GHG_PRC,SHASTRD_7_UNIT4GNODE,ALL,1,0,1,5
2022-09-01T23:00:00-00:00,2022-09-01T23:15:00-00:00,2022-09-01,17,SHASTRD_7_UNIT4GNODE,SHASTRD_7_UNIT4GNODE,SHASTRD_7_UNIT4GNODE,RTPD,MGHG,LMP_GHG_PRC,SHASTRD_7_UNIT4GNODE,ALL,1,0,1,5
2022-09-02T00:00:00-00:00,2022-09-02T00:15:00-00:00,2022-09-01,18,SHASTRD_7_UNIT4GNODE,SHASTRD_7_UNIT4GNODE,SHASTRD_7_UNIT4GNODE,RTPD,MGHG,LMP_GHG_PRC,SHASTRD_7_UNIT4GNODE,ALL,1,0,1,5
2022-09-02T01:00:00-00:00,2022-09-02T01:15:00-00:00,2022-09-01,19,SHASTRD_7_UNIT4GNODE,SHASTRD_7_UNIT4GNODE,SHASTRD_7_UNIT4GNODE,RTPD,MGHG,LMP_GHG_PRC,SHASTRD_7_UNIT4GNODE,ALL,1,0,1,5
2022-09-02T02:00:00-00:00,2022-09-02T02:15:00-00:00,2022-09-01,20,SHASTRD_7_UNIT4GNODE,SHASTRD_7_UNIT4GNODE,SHASTRD_7_UNIT4GNODE,RTPD,MGHG,LMP_GHG_PRC,SHASTRD_7_UNIT4GNODE,ALL,1,0,1,5
2022-09-02T03:00:00-00:00,2022-09-02T03:15:00-00:00,2022-09-01,21,SHASTRD_7_UNIT4GNODE,SHASTRD_7_UNIT4GNODE,SHASTRD_7_UNIT4GNODE,RTPD,MGHG,LMP_GHG_PRC,SHASTRD_7_UNIT4GNODE,ALL,1,0,1,5
2022-09-02T04:00:00-00:00,2022-09-02T04:15:00-00:00,2022-09-01,22,SHASTRD_7_UNIT4GNODE,SHASTRD_7_UNIT4GNODE,SHASTRD_7_UNIT4GNODE,RTPD,MGHG,LMP_GHG_PRC,SHASTRD_7_UNIT4GNODE,ALL,1,0,1,5
2022-09-02T05:00:00-00:00,2022-09-02T05:15:00-00:00,2022-09-01,23,SHASTRD_7_UNIT4GNODE,SHASTRD_7_UNIT4GNODE,SHASTRD_7_UNIT4GNODE,RTPD,MGHG,LMP_GHG_PRC,SHASTRD_7_UNIT4GNODE,ALL,1,0,1,5
2022-09-02T06:00:00-00:00,2022-09-02T06:15:00-00:00,2022-09-01,24,SHASTRD_7_UNIT4GNODE,SHASTRD_7_UNIT4GNODE,SHASTRD_7_UNIT4GNODE,RTPD,MGHG,LMP_GHG_PRC,SHASTRD_7_UNIT4GNODE,ALL,1,0,1,5
2022-09-01T07:15:00-00:00,2022-09-01T07:30:00-00:00,2022-09-01,01,SHASTRD_7_UNIT4GNODE,SHASTRD_7_UNIT4GNODE,SHASTRD_7_UNIT4GNODE,RTPD,MGHG,LMP_GHG_PRC,SHASTRD_7_UNIT4GNODE,ALL,1,0,2,5
2022-09-01T08:15:00-00:00,2022-09-01T08:30:00-00:00,2022-09-01,02,SHASTRD_7_UNIT4GNODE,SHASTRD_7_UNIT4GNODE,SHASTRD_7_UNIT4GNODE,RTPD,MGHG,LMP_GHG_PRC,SHASTRD_7_UNIT4GNODE,ALL,1,0,2,5
2022-09-01T09:15:00-00:00,2022-09-01T09:30:00-00:00,2022-09-01,03,SHASTRD_7_UNIT4GNODE,SHASTRD_7_UNIT4GNODE,SHASTRD_7_UNIT4GNODE,RTPD,MGHG,LMP_GHG_PRC,SHASTRD_7_UNIT4GNODE,ALL,1,0,2,5
2022-09-01T10:15:00-00:00,2022-09-01T10:30:00-00:00,2022-09-01,04,SHASTRD_7_UNIT4GNODE,SHASTRD_7_UNIT4GNODE,SHASTRD_7_UNIT4GNODE,RTPD,MGHG,LMP_GHG_PRC,SHASTRD_7_UNIT4GNODE,ALL,1,0,2,5
2022-09-01T11:15:00-00:00,2022-09-01T11:30:00-00:00,2022-09-01,05,SHASTRD_7_UNIT4GNODE,SHASTRD_7_UNIT4GNODE,SHASTRD_7_UNIT4GNODE,RTPD,MGHG,LMP_GHG_PRC,SHASTRD_7_UNIT4GNODE,ALL,1,0,2,5
2022-09-01T12:15:00-00:00,2022-09-01T12:30:00-00:00,2022-09-01,06,SHASTRD_7_UNIT4GNODE,SHASTRD_7_UNIT4GNODE,SHASTRD_7_UNIT4GNODE,RTPD,MGHG,LMP_GHG_PRC,SHASTRD_7_UNIT4GNODE,ALL,1,0,2,5
2022-09-01T13:15:00-00:00,2022-09-01T13:30:00-00:00,2022-09-01,07,SHASTRD_7_UNIT4GNODE,SHASTRD_7_UNIT4GNODE,SHASTRD_7_UNIT4GNODE,RTPD,MGHG,LMP_GHG_PRC,SHASTRD_7_UNIT4GNODE,ALL,1,0,2,5
2022-09-01T14:15:00-00:00,2022-09-01T14:30:00-00:00,2022-09-01,08,SHASTRD_7_UNIT4GNODE,SHASTRD_7_UNIT4GNODE,SHASTRD_7_UNIT4GNODE,RTPD,MGHG,LMP_GHG_PRC,SHASTRD_7_UNIT4GNODE,ALL,1,0,2,5
2022-09-01T15:15:00-00:00,2022-09-01T15:30:00-00:00,2022-09-01,09,SHASTRD_7_UNIT4GNODE,SHASTRD_7_UNIT4GNODE,SHASTRD_7_UNIT4GNODE,RTPD,MGHG,LMP_GHG_PRC,SHASTRD_7_UNIT4GNODE,ALL,1,0,2,5
2022-09-01T16:15:00-00:00,2022-09-01T16:30:00-00:00,2022-09-01,10,SHASTRD_7_UNIT4GNODE,SHASTRD_7_UNIT4GNODE,SHASTRD_7_UNIT4GNODE,RTPD,MGHG,LMP_GHG_PRC,SHASTRD_7_UNIT4GNODE,ALL,1,0,2,5
2022-09-01T17:15:00-00:00,2022-09-01T17:30:00-00:00,2022-09-01,11,SHASTRD_7_UNIT4GNODE,SHASTRD_7_UNIT4GNODE,SHASTRD_7_UNIT4GNODE,RTPD,MGHG,LMP_GHG_PRC,SHASTRD_7_UNIT4GNODE,ALL,1,0,2,5
2022-09-01T18:15:00-00:00,2022-09-01T18:30:00-00:00,2022-09-01,12,SHASTRD_7_UNIT4GNODE,SHASTRD_7_UNIT4GNODE,SHASTRD_7_UNIT4GNODE,RTPD,MGHG,LMP_GHG_PRC,SHASTRD_7_UNIT4GNODE,ALL,1,0,2,5
2022-09-01T19:15:00-00:00,2022-09-01T19:30:00-00:00,2022-09-01,13,SHASTRD_7_UNIT4GNODE,SHASTRD_7_UNIT4GNODE,SHASTRD_7_UNIT4GNODE,RTPD,MGHG,LMP_GHG_PRC,SHASTRD_7_UNIT4GNODE,ALL,1,0,2,5
2022-09-01T20:15:00-00:00,2022-09-01T20:30:00-00:00,2022-09-01,14,SHASTRD_7_UNIT4GNODE,SHASTRD_7_UNIT4GNODE,SHASTRD_7_UNIT4GNODE,RTPD,MGHG,LMP_GHG_PRC,SHASTRD_7_UNIT4GNODE,ALL,1,0,2,5
2022-09-01T21:15:00-00:00,2022-09-01T21:30:00-00:00,2022-09-01,15,SHASTRD_7_UNIT4GNODE,SHASTRD_7_UNIT4GNODE,SHASTRD_7_UNIT4GNODE,RTPD,MGHG,LMP_GHG_PRC,SHASTRD_7_UNIT4GNODE,ALL,1,0,2,5
2022-09-01T22:15:00-00:00,2022-09-01T22:30:00-00:00,2022-09-01,16,SHASTRD_7_UNIT4GNODE,SHASTRD_7_UNIT4GNODE,SHASTRD_7_UNIT4GNODE,RTPD,MGHG,LMP_GHG_PRC,SHASTRD_7_UNIT4GNODE,ALL,1,0,2,5
2022-09-01T23:15:00-00:00,2022-09-01T23:30:00-00:00,2022-09-01,17,SHASTRD_7_UNIT4GNODE,SHASTRD_7_UNIT4GNODE,SHASTRD_7_UNIT4GNODE,RTPD,MGHG,LMP_GHG_PRC,SHASTRD_7_UNIT4GNODE,ALL,1,0,2,5
2022-09-02T00:15:00-00:00,2022-09-02T00:30:00-00:00,2022-09-01,18,SHASTRD_7_UNIT4GNODE,SHASTRD_7_UNIT4GNODE,SHASTRD_7_UNIT4GNODE,RTPD,MGHG,LMP_GHG_PRC,SHASTRD_7_UNIT4GNODE,ALL,1,0,2,5
2022-09-02T01:15:00-00:00,2022-09-02T01:30:00-00:00,2022-09-01,19,SHASTRD_7_UNIT4GNODE,SHASTRD_7_UNIT4GNODE,SHASTRD_7_UNIT4GNODE,RTPD,MGHG,LMP_GHG_PRC,SHASTRD_7_UNIT4GNODE,ALL,1,0,2,5
2022-09-02T02:15:00-00:00,2022-09-02T02:30:00-00:00,2022-09-01,20,SHASTRD_7_UNIT4GNODE,SHASTRD_7_UNIT4GNODE,SHASTRD_7_UNIT4GNODE,RTPD,MGHG,LMP_GHG_PRC,SHASTRD_7_UNIT4GNODE,ALL,1,0,2,5
2022-09-02T03:15:00-00:00,2022-09-02T03:30:00-00:00,2022-09-01,21,SHASTRD_7_UNIT4GNODE,SHASTRD_7_UNIT4GNODE,SHASTRD_7_UNIT4GNODE,RTPD,MGHG,LMP_GHG_PRC,SHASTRD_7_UNIT4GNODE,ALL,1,0,2,5
2022-09-02T04:15:00-00:00,2022-09-02T04:30:00-00:00,2022-09-01,22,SHASTRD_7_UNIT4GNODE,SHASTRD_7_UNIT4GNODE,SHASTRD_7_UNIT4GNODE,RTPD,MGHG,LMP_GHG_PRC,SHASTRD_7_UNIT4GNODE,ALL,1,0,2,5
2022-09-02T05:15:00-00:00,2022-09-02T05:30:00-00:00,2022-09-01,23,SHASTRD_7_UNIT4GNODE,SHASTRD_7_UNIT4GNODE,SHASTRD_7_UNIT4GNODE,RTPD,MGHG,LMP_GHG_PRC,SHASTRD_7_UNIT4GNODE,ALL,1,0,2,5
2022-09-02T06:15:00-00:00,2022-09-02T06:30:00-00:00,2022-09-01,24,SHASTRD_7_UNIT4GNODE,SHASTRD_7_UNIT4GNODE,SHASTRD_7_UNIT4GNODE,RTPD,MGHG,LMP_GHG_PRC,SHASTRD_7_UNIT4GNODE,ALL,1,0,2,5
2022-09-01T07:30:00-00:00,2022-09-01T07:45:00-00:00,2022-09-01,01,SHASTRD_7_UNIT4GNODE,SHASTRD_7_UNIT4GNODE,SHASTRD_7_UNIT4GNODE,RTPD,MGHG,LMP_GHG_PRC,SHASTRD_7_UNIT4GNODE,ALL,1,0,3,5
2022-09-01T08:30:00-00:00,2022-09-01T08:45:00-00:00,2022-09-01,02,SHASTRD_7_UNIT4GNODE,SHASTRD_7_UNIT4GNODE,SHASTRD_7_UNIT4GNODE,RTPD,MGHG,LMP_GHG_PRC,SHASTRD_7_UNIT4GNODE,ALL,1,0,3,5
2022-09-01T09:30:00-00:00,2022-09-01T09:45:00-00:00,2022-09-01,03,SHASTRD_7_UNIT4GNODE,SHASTRD_7_UNIT4GNODE,SHASTRD_7_UNIT4GNODE,RTPD,MGHG,LMP_GHG_PRC,SHASTRD_7_UNIT4GNODE,ALL,1,0,3,5
2022-09-01T10:30:00-00:00,2022-09-01T10:45:00-00:00,2022-09-01,04,SHASTRD_7_UNIT4GNODE,SHASTRD_7_UNIT4GNODE,SHASTRD_7_UNIT4GNODE,RTPD,MGHG,LMP_GHG_PRC,SHASTRD_7_UNIT4GNODE,ALL,1,0,3,5
2022-09-01T11:30:00-00:00,2022-09-01T11:45:00-00:00,2022-09-01,05,SHASTRD_7_UNIT4GNODE,SHASTRD_7_UNIT4GNODE,SHASTRD_7_UNIT4GNODE,RTPD,MGHG,LMP_GHG_PRC,SHASTRD_7_UNIT4GNODE,ALL,1,0,3,5
2022-09-01T12:30:00-00:00,2022-09-01T12:45:00-00:00,2022-09-01,06,SHASTRD_7_UNIT4GNODE,SHASTRD_7_UNIT4GNODE,SHASTRD_7_UNIT4GNODE,RTPD,MGHG,LMP_GHG_PRC,SHASTRD_7_UNIT4GNODE,ALL,1,0,3,5
2022-09-01T13:30:00-00:00,2022-09-01T13:45:00-00:00,2022-09-01,07,SHASTRD_7_UNIT4GNODE,SHASTRD_7_UNIT4GNODE,SHASTRD_7_UNIT4GNODE,RTPD,MGHG,LMP_GHG_PRC,SHASTRD_7_UNIT4GNODE,ALL,1,0,3,5
2022-09-01T14:30:00-00:00,2022-09-01T14:45:00-00:00,2022-09-01,08,SHASTRD_7_UNIT4GNODE,SHASTRD_7_UNIT4GNODE,SHASTRD_7_UNIT4GNODE,RTPD,MGHG,LMP_GHG_PRC,SHASTRD_7_UNIT4GNODE,ALL,1,0,3,5
2022-09-01T15:30:00-00:00,2022-09-01T15:45:00-00:00,2022-09-01,09,SHASTRD_7_UNIT4GNODE,SHASTRD_7_UNIT4GNODE,SHASTRD_7_UNIT4GNODE,RTPD,MGHG,LMP_GHG_PRC,SHASTRD_7_UNIT4GNODE,ALL,1,0,3,5
2022-09-01T16:30:00-00:00,2022-09-01T16:45:00-00:00,2022-09-01,10,SHASTRD_7_UNIT4GNODE,SHASTRD_7_UNIT4GNODE,SHASTRD_7_UNIT4GNODE,RTPD,MGHG,LMP_GHG_PRC,SHASTRD_7_UNIT4GNODE,ALL,1,0,3,5
2022-09-01T17:30:00-00:00,2022-09-01T17:45:00-00:00,2022-09-01,11,SHASTRD_7_UNIT4GNODE,SHASTRD_7_UNIT4GNODE,SHASTRD_7_UNIT4GNODE,RTPD,MGHG,LMP_GHG_PRC,SHASTRD_7_UNIT4GNODE,ALL,1,0,3,5
2022-09-01T18:30:00-00:00,2022-09-01T18:45:00-00:00,2022-09-01,12,SHASTRD_7_UNIT4GNODE,SHASTRD_7_UNIT4GNODE,SHASTRD_7_UNIT4GNODE,RTPD,MGHG,LMP_GHG_PRC,SHASTRD_7_UNIT4GNODE,ALL,1,0,3,5
2022-09-01T19:30:00-00:00,2022-09-01T19:45:00-00:00,2022-09-01,13,SHASTRD_7_UNIT4GNODE,SHASTRD_7_UNIT4GNODE,SHASTRD_7_UNIT4GNODE,RTPD,MGHG,LMP_GHG_PRC,SHASTRD_7_UNIT4GNODE,ALL,1,0,3,5
2022-09-01T20:30:00-00:00,2022-09-01T20:45:00-00:00,2022-09-01,14,SHASTRD_7_UNIT4GNODE,SHASTRD_7_UNIT4GNODE,SHASTRD_7_UNIT4GNODE,RTPD,MGHG,LMP_GHG_PRC,SHASTRD_7_UNIT4GNODE,ALL,1,0,3,5
2022-09-01T21:30:00-00:00,2022-09-01T21:45:00-00:00,2022-09-01,15,SHASTRD_7_UNIT4GNODE,SHASTRD_7_UNIT4GNODE,SHASTRD_7_UNIT4GNODE,RTPD,MGHG,LMP_GHG_PRC,SHASTRD_7_UNIT4GNODE,ALL,1,0,3,5
2022-09-01T22:30:00-00:00,2022-09-01T22:45:00-00:00,2022-09-01,16,SHASTRD_7_UNIT4GNODE,SHASTRD_7_UNIT4GNODE,SHASTRD_7_UNIT4GNODE,RTPD,MGHG,LMP_GHG_PRC,SHASTRD_7_UNIT4GNODE,ALL,1,0,3,5
2022-09-01T23:30:00-00:00,2022-09-01T23:45:00-00:00,2022-09-01,17,SHASTRD_7_UNIT4GNODE,SHASTRD_7_UNIT4GNODE,SHASTRD_7_UNIT4GNODE,RTPD,MGHG,LMP_GHG_PRC,SHASTRD_7_UNIT4GNODE,ALL,1,0,3,5
2022-09-02T00:30:00-00:00,2022-09-02T00:45:00-00:00,2022-09-01,18,SHASTRD_7_UNIT4GNODE,SHASTRD_7_UNIT4GNODE,SHASTRD_7_UNIT4GNODE,RTPD,MGHG,LMP_GHG_PRC,SHASTRD_7_UNIT4GNODE,ALL,1,0,3,5
2022-09-02T01:30:00-00:00,2022-09-02T01:45:00-00:00,2022-09-01,19,SHASTRD_7_UNIT4GNODE,SHASTRD_7_UNIT4GNODE,SHASTRD_7_UNIT4GNODE,RTPD,MGHG,LMP_GHG_PRC,SHASTRD_7_UNIT4GNODE,ALL,1,0,3,5
2022-09-02T02:30:00-00:00,2022-09-02T02:45:00-00:00,2022-09-01,20,SHASTRD_7_UNIT4GNODE,SHASTRD_7_UNIT4GNODE,SHASTRD_7_UNIT4GNODE,RTPD,MGHG,LMP_GHG_PRC,SHASTRD_7_UNIT4GNODE,ALL,1,0,3,5
2022-09-02T03:30:00-00:00,2022-09-02T03:45:00-00:00,2022-09-01,21,SHASTRD_7_UNIT4GNODE,SHASTRD_7_UNIT4GNODE,SHASTRD_7_UNIT4GNODE,RTPD,MGHG,LMP_GHG_PRC,SHASTRD_7_UNIT4GNODE,ALL,1,0,3,5
2022-09-02T04:30:00-00:00,2022-09-02T04:45:00-00:00,2022-09-01,22,SHASTRD_7_UNIT4GNODE,SHASTRD_7_UNIT4GNODE,SHASTRD_7_UNIT4GNODE,RTPD,MGHG,LMP_GHG_PRC,SHASTRD_7_UNIT4GNODE,ALL,1,0,3,5
2022-09-02T05:30:00-00:00,2022-09-02T05:45:00-00:00,2022-09-01,23,SHASTRD_7_UNIT4GNODE,SHASTRD_7_UNIT4GNODE,SHASTRD_7_UNIT4GNODE,RTPD,MGHG,LMP_GHG_PRC,SHASTRD_7_UNIT4GNODE,ALL,1,0,3,5
2022-09-02T06:30:00-00:00,2022-09-02T06:45:00-00:00,2022-09-01,24,SHASTRD_7_UNIT4GNODE,SHASTRD_7_UNIT4GNODE,SHASTRD_7_UNIT4GNODE,RTPD,MGHG,LMP_GHG_PRC,SHASTRD_7_UNIT4GNODE,ALL,1,0,3,5
2022-09-01T07:45:00-00:00,2022-09-01T08:00:00-00:00,2022-09-01,01,SHASTRD_7_UNIT4GNODE,SHASTRD_7_UNIT4GNODE,SHASTRD_7_UNIT4GNODE,RTPD,MGHG,LMP_GHG_PRC,SHASTRD_7_UNIT4GNODE,ALL,1,0,4,5
2022-09-01T08:45:00-00:00,2022-09-01T09:00:00-00:00,2022-09-01,02,SHASTRD_7_UNIT4GNODE,SHASTRD_7_UNIT4GNODE,SHASTRD_7_UNIT4GNODE,RTPD,MGHG,LMP_GHG_PRC,SHASTRD_7_UNIT4GNODE,ALL,1,0,4,5
2022-09-01T09:45:00-00:00,2022-09-01T10:00:00-00:00,2022-09-01,03,SHASTRD_7_UNIT4GNODE,SHASTRD_7_UNIT4GNODE,SHASTRD_7_UNIT4GNODE,RTPD,MGHG,LMP_GHG_PRC,SHASTRD_7_UNIT4GNODE,ALL,1,0,4,5
2022-09-01T10:45:00-00:00,2022-09-01T11:00:00-00:00,2022-09-01,04,SHASTRD_7_UNIT4GNODE,SHASTRD_7_UNIT4GNODE,SHASTRD_7_UNIT4GNODE,RTPD,MGHG,LMP_GHG_PRC,SHASTRD_7_UNIT4GNODE,ALL,1,0,4,5
2022-09-01T11:45:00-00:00,2022-09-01T12:00:00-00:00,2022-09-01,05,SHASTRD_7_UNIT4GNODE,SHASTRD_7_UNIT4GNODE,SHASTRD_7_UNIT4GNODE,RTPD,MGHG,LMP_GHG_PRC,SHASTRD_7_UNIT4GNODE,ALL,1,0,4,5
2022-09-01T12:45:00-00:00,2022-09-01T13:00:00-00:00,2022-09-01,06,SHASTRD_7_UNIT4GNODE,SHASTRD_7_UNIT4GNODE,SHASTRD_7_UNIT4GNODE,RTPD,MGHG,LMP_GHG_PRC,SHASTRD_7_UNIT4GNODE,ALL,1,0,4,5
2022-09-01T13:45:00-00:00,2022-09-01T14:00:00-00:00,2022-09-01,07,SHASTRD_7_UNIT4GNODE,SHASTRD_7_UNIT4GNODE,SHASTRD_7_UNIT4GNODE,RTPD,MGHG,LMP_GHG_PRC,SHASTRD_7_UNIT4GNODE,ALL,1,0,4,5
2022-09-01T14:45:00-00:00,2022-09-01T15:00:00-00:00,2022-09-01,08,SHASTRD_7_UNIT4GNODE,SHASTRD_7_UNIT4GNODE,SHASTRD_7_UNIT4GNODE,RTPD,MGHG,LMP_GHG_PRC,SHASTRD_7_UNIT4GNODE,ALL,1,0,4,5
2022-09-01T15:45:00-00:00,2022-09-01T16:00:00-00:00,2022-09-01,09,SHASTRD_7_UNIT4GNODE,SHASTRD_7_UNIT4GNODE,SHASTRD_7_UNIT4GNODE,RTPD,MGHG,LMP_GHG_PRC,SHASTRD_7_UNIT4GNODE,ALL,1,0,4,5
2022-09-01T16:45:00-00:00,2022-09-01T17:00:00-00:00,2022-09-01,10,SHASTRD_7_UNIT4GNODE,SHASTRD_7_UNIT4GNODE,SHASTRD_7_UNIT4GNODE,RTPD,MGHG,LMP_GHG_PRC,SHASTRD_7_UNIT4GNODE,ALL,1,0,4,5
2022-09-01T17:45:00-00:00,2022-09-01T18:00:00-00:00,2022-09-01,11,SHASTRD_7_UNIT4GNODE,SHASTRD_7_UNIT4GNODE,SHASTRD_7_UNIT4GNODE,RTPD,MGHG,LMP_GHG_PRC,SHASTRD_7_UNIT4GNODE,ALL,1,0,4,5
2022-09-01T18:45:00-00:00,2022-09-01T19:00:00-00:00,2022-09-01,12,SHASTRD_7_UNIT4GNODE,SHASTRD_7_UNIT4GNODE,SHASTRD_7_UNIT4GNODE,RTPD,MGHG,LMP_GHG_PRC,SHASTRD_7_UNIT4GNODE,ALL,1,0,4,5
2022-09-01T19:45:00-00:00,2022-09-01T20:00:00-00:00,2022-09-01,13,SHASTRD_7_UNIT4GNODE,SHASTRD_7_UNIT4GNODE,SHASTRD_7_UNIT4GNODE,RTPD,MGHG,LMP_GHG_PRC,SHASTRD_7_UNIT4GNODE,ALL,1,0,4,5
2022-09-01T20:45:00-00:00,2022-09-01T21:00:00-00:00,2022-09-01,14,SHASTRD_7_UNIT4GNODE,SHASTRD_7_UNIT4GNODE,SHASTRD_7_UNIT4GNODE,RTPD,MGHG,LMP_GHG_PRC,SHASTRD_7_UNIT4GNODE,ALL,1,0,4,5
2022-09-01T21:45:00-00:00,2022-09-01T22:00:00-00:00,2022-09-01,15,SHASTRD_7_UNIT4GNODE,SHASTRD_7_UNIT4GNODE,SHASTRD_7_UNIT4GNODE,RTPD,MGHG,LMP_GHG_PRC,SHASTRD_7_UNIT4GNODE,ALL,1,0,4,5
2022-09-01T22:45:00-00:00,2022-09-01T23:00:00-00:00,2022-09-01,16,SHASTRD_7_UNIT4GNODE,SHASTRD_7_UNIT4GNODE,SHASTRD_7_UNIT4GNODE,RTPD,MGHG,LMP_GHG_PRC,SHASTRD_7_UNIT4GNODE,ALL,1,0,4,5
2022-09-01T23:45:00-00:00,2022-09-02T00:00:00-00:00,2022-09-01,17,SHASTRD_7_UNIT4GNODE,SHASTRD_7_UNIT4GNODE,SHASTRD_7_UNIT4GNODE,RTPD,MGHG,LMP_GHG_PRC,SHASTRD_7_UNIT4GNODE,ALL,1,0,4,5
2022-09-02T00:45:00-00:00,2022-09-02T01:00:00-00:00,2022-09-01,18,SHASTRD_7_UNIT4GNODE,SHASTRD_7_UNIT4GNODE,SHASTRD_7_UNIT4GNODE,RTPD,MGHG,LMP_GHG_PRC,SHASTRD_7_UNIT4GNODE,ALL,1,0,4,5
2022-09-02T01:45:00-00:00,2022-09-02T02:00:00-00:00,2022-09-01,19,SHASTRD_7_UNIT4GNODE,SHASTRD_7_UNIT4GNODE,SHASTRD_7_UNIT4GNODE,RTPD,MGHG,LMP_GHG_PRC,SHASTRD_7_UNIT4GNODE,ALL,1,0,4,5
2022-09-02T02:45:00-00:00,2022-09-02T03:00:00-00:00,2022-09-01,20,SHASTRD_7_UNIT4GNODE,SHASTRD_7_UNIT4GNODE,SHASTRD_7_UNIT4GNODE,RTPD,MGHG,LMP_GHG_PRC,SHASTRD_7_UNIT4GNODE,ALL,1,0,4,5
2022-09-02T03:45:00-00:00,2022-09-02T04:00:00-00:00,2022-09-01,21,SHASTRD_7_UNIT4GNODE,SHASTRD_7_UNIT4GNODE,SHASTRD_7_UNIT4GNODE,RTPD,MGHG,LMP_GHG_PRC,SHASTRD_7_UNIT4GNODE,ALL,1,0,4,5
2022-09-02T04:45:00-00:00,2022-09-02T05:00:00-00:00,2022-09-01,22,SHASTRD_7_UNIT4GNODE,SHASTRD_7_UNIT4GNODE,SHASTRD_7_UNIT4GNODE,RTPD,MGHG,LMP_GHG_PRC,SHASTRD_7_UNIT4GNODE,ALL,1,0,4,5
2022-09-02T05:45:00-00:00,2022-09-02T06:00:00-00:00,2022-09-01,23,SHASTRD_7_UNIT4GNODE,SHASTRD_7_UNIT4GNODE,SHASTRD_7_UNIT4GNODE,RTPD,MGHG,LMP_GHG_PRC,SHASTRD_7_UNIT4GNODE,ALL,1,0,4,5
2022-09-02T06:45:00-00:00,2022-09-02T07:00:00-00:00,2022-09-01,24,SHASTRD_7_UNIT4GNODE,SHASTRD_7_UNIT4GNODE,SHASTRD_7_UNIT4GNODE,RTPD,MGHG,LMP_GHG_PRC,SHASTRD_7_UNIT4GNODE,ALL,1,0,4,5
