INTERVALSTARTTIME_GMT,INTERVALENDTIME_GMT,OPR_DT,OPR_HR,NODE_ID_XML,NODE_ID,NODE,MARKET_RUN_ID,LMP_TYPE,XML_DATA_ITEM,PNODE_RESMRID,GRP_TYPE,POS,PRC,OPR_INTERVAL,GROUP
2022-09-01T07:00:00-00:00,2022-09-01T07:15:00-00:00,2022-09-01,01,HERSHEY_LNODESLL,HERSHEY_LNODESLL,HERSHEY_LNODESLL,RTPD,LMP,LMP_PRC,HERSHEY_LNODESLL,ALL,1,89.31455,1,1
2022-09-01T08:00:00-00:00,2022-09-01T08:15:00-00:00,2022-09-01,02,HERSHEY_LNODESLL,HERSHEY_LNODESLL,HERSHEY_LNODESLL,RTPD,LMP,LMP_PRC,HERSHEY_LNODESLL,ALL,1,112.0511,1,1
2022-09-01T09:00:00-00:00,2022-09-01T09:15:00-00:00,2022-09-01,03,HERSHEY_LNODESLL,HERSHEY_LNODESLL,HERSHEY_LNODESLL,RTPD,LMP,LMP_PRC,HERSHEY_LNODESLL,ALL,1,100.45911,1,1
2022-09-01T10:00:00-00:00,2022-09-01T10:15:00-00:00,2022-09-01,04,HERSHEY_LNODESLL,HERSHEY_LNODESLL,HERSHEY_LNODESLL,RTPD,LMP,LMP_PRC,HERSHEY_LNODESLL,ALL,1,99.94516,1,1
2022-09-01T11:00:00-00:00,2022-09-01T11:15:00-00:00,2022-09-01,05,HERSHEY_LNODESLL,HERSHEY_LNODESLL,HERSHEY_LNODESLL,RTPD,LMP,LMP_PRC,HERSHEY_LNODESLL,ALL,1,108.3137,1,1
2022-09-01T12:00:00-00:00,2022-09-01T12:15:00-00:00,2022-09-01,06,HERSHEY_LNODESLL,HERSHEY_LNODESLL,HERSHEY_LNODESLL,RTPD,LMP,LMP_PRC,HERSHEY_LNODESLL,ALL,1,91.55979,1,1
2022-09-01T13:00:00-00:00,2022-09-01T13:15:00-00:00,2022-09-01,07,HERSHEY_LNODESLL,HERSHEY_LNODESLL,HERSHEY_LNODESLL,RTPD,LMP,LMP_PRC,HERSHEY_LNODESLL,ALL,1,87.97932,1,1
2022-09-01T14:00:00-00:00,2022-09-01T14:15:00-00:00,2022-09-01,08,HERSHEY_LNODESLL,HERSHEY_LNODESLL,HERSHEY_LNODESLL,RTPD,LMP,LMP_PRC,HERSHEY_LNODESLL,ALL,1,117.22209,1,1
2022-09-01T15:00:00-00:00,2022-09-01T15:15:00-00:00,2022-09-01,09,HERSHEY_LNODESLL,HERSHEY_LNODESLL,HERSHEY_LNODESLL,RTPD,LMP,LMP_PRC,HERSHEY_LNODESLL,ALL,1,97.4124,1,1
2022-09-01T16:00:00-00:00,2022-09-01T16:15:00-00:00,2022-09-01,10,HERSHEY_LNODESLL,HERSHEY_LNODESLL,HERSHEY_LNODESLL,RTPD,LMP,LMP_PRC,HERSHEY_LNODESLL,ALL,1,83.43645,1,1
2022-09-01T17:00:00-00:00,2022-09-01T17:15:00-00:00,2022-09-01,11,HERSHEY_LNODESLL,HERSHEY_LNODESLL,HERSHEY_LNODESLL,RTPD,LMP,LMP_PRC,HERSHEY_LNODESLL,ALL,1,79.67434,1,1
2022-09-01T18:00:00-00:00,2022-09-01T18:15:00-00:00,2022-09-01,12,HERSHEY_LNODESLL,HERSHEY_LNODESLL,HERSHEY_LNODESLL,RTPD,LMP,LMP_PRC,HERSHEY_LNODESLL,ALL,1,57.90404,1,1
2022-09-01T19:00:00-00:00,2022-09-01T19:15:00-00:00,2022-09-01,13,HERSHEY_LNODESLL,HERSHEY_LNODESLL,HERSHEY_LNODESLL,RTPD,LMP,LMP_PRC,HERSHEY_LNODESLL,ALL,1,72.02207,1,1
2022-09-01T20:00:00-00:00,2022-09-01T20:15:00-00:00,2022-09-01,14,HERSHEY_LNODESLL,HERSHEY_LNODESLL,HERSHEY_LNODESLL,RTPD,LMP,LMP_PRC,HERSHEY_LNODESLL,ALL,1,114.28976,1,1
2022-09-01T21:00:00-00:00,2022-09-01T21:15:00-00:00,2022-09-01,15,HERSHEY_LNODESLL,HERSHEY_LNODESLL,HERSHEY_LNODESLL,RTPD,LMP,LMP_PRC,HERSHEY_LNODESLL,ALL,1,124.88442,1,1
2022-09-01T22:00:00-00:00,2022-09-01T22:15:00-00:00,2022-09-01,16,HERSHEY_LNODESLL,HERSHEY_LNODESLL,HERSHEY_LNODESLL,RTPD,LMP,LMP_PRC,HERSHEY_LNODESLL,ALL,1,119.01,1,1
2022-09-01T23:00:00-00:00,2022-09-01T23:15:00-00:00,2022-09-01,17,HERSHEY_LNODESLL,HERSHEY_LNODESLL,HERSHEY_LNODESLL,RTPD,LMP,LMP_PRC,HERSHEY_LNODESLL,ALL,1,212.57053,1,1
2022-09-02T00:00:00-00:00,2022-09-02T00:15:00-00:00,2022-09-01,18,HERSHEY_LNODESLL,HERSHEY_LNODESLL,HERSHEY_LNODESLL,RTPD,LMP,LMP_PRC,HERSHEY_LNODESLL,ALL,1,1157.387,1,1
2022-09-02T01:00:00-00:00,2022-09-02T01:15:00-00:00,2022-09-01,19,HERSHEY_LNODESLL,HERSHEY_LNODESLL,HERSHEY_LNODESLL,RTPD,LMP,LMP_PRC,HERSHEY_LNODESLL,ALL,1,1240.0127,1,1
2022-09-02T02:00:00-00:00,2022-09-02T02:15:00-00:00,2022-09-01,20,HERSHEY_LNODESLL,HERSHEY_LNODESLL,HERSHEY_LNODESLL,RTPD,LMP,LMP_PRC,HERSHEY_LNODESLL,ALL,1,1991.671,1,1
2022-09-02T03:00:00-00:00,2022-09-02T03:15:00-00:00,2022-09-01,21,HERSHEY_LNODESLL,HERSHEY_LNODESLL,HERSHEY_LNODESLL,RTPD,LMP,LMP_PRC,HERSHEY_LNODESLL,ALL,1,1397.9597,1,1
2022-09-02T04:00:00-00:00,2022-09-02T04:15:00-00:00,2022-09-01,22,HERSHEY_LNODESLL,HERSHEY_LNODESLL,HERSHEY_LNODESLL,RTPD,LMP,LMP_PRC,HERSHEY_LNODESLL,ALL,1,584.2429,1,1
2022-09-02T05:00:00-00:00,2022-09-02T05:15:00-00:00,2022-09-01,23,HERSHEY_LNODESLL,HERSHEY_LNODESLL,HERSHEY_LNODESLL,RTPD,LMP,LMP_PRC,HERSHEY_LNODESLL,ALL,1,195.81857,1,1
2022-09-02T06:00:00-00:00,2022-09-02T06:15:00-00:00,2022-09-01,24,HERSHEY_LNODESLL,HERSHEY_LNODESLL,HERSHEY_LNODESLL,RTPD,LMP,LMP_PRC,HERSHEY_LNODESLL,ALL,1,210.59167,1,1
2022-09-01T07:15:00-00:00,2022-09-01T07:30:00-00:00,2022-09-01,01,HERSHEY_LNODESLL,HERSHEY_LNODESLL,HERSHEY_LNODESLL,RTPD,LMP,LMP_PRC,HERSHEY_LNODESLL,ALL,1,115.06521,2,1
2022-09-01T08:15:00-00:00,2022-09-01T08:30:00-00:00,2022-09-01,02,HERSHEY_LNODESLL,HERSHEY_LNODESLL,HERSHEY_LNODESLL,RTPD,LMP,LMP_PRC,HERSHEY_LNODESLL,ALL,1,114.57557,2,1
2022-09-01T09:15:00-00:00,2022-09-01T09:30:00-00:00,2022-09-01,03,HERSHEY_LNODESLL,HERSHEY_LNODESLL,HERSHEY_LNODESLL,RTPD,LMP,LMP_PRC,HERSHEY_LNODESLL,ALL,1,97.42228,2,1
2022-09-01T10:15:00-00:00,2022-09-01T10:30:00-00:00,2022-09-01,04,HERSHEY_LNODESLL,HERSHEY_LNODESLL,HERSHEY_LNODESLL,RTPD,LMP,LMP_PRC,HERSHEY_LNODESLL,ALL,1,96.58806,2,1
2022-09-01T11:15:00-00:00,2022-09-01T11:30:00-00:00,2022-09-01,05,HERSHEY_LNODESLL,HERSHEY_LNODESLL,HERSHEY_LNODESLL,RTPD,LMP,LMP_PRC,HERSHEY_LNODESLL,ALL,1,108.86493,2,1
2022-09-01T12:15:00-00:00,2022-09-01T12:30:00-00:00,2022-09-01,06,HERSHEY_LNODESLL,HERSHEY_LNODESLL,HERSHEY_LNODESLL,RTPD,LMP,LMP_PRC,HERSHEY_LNODESLL,ALL,1,108.91671,2,1
2022-09-01T13:15:00-00:00,2022-09-01T13:30:00-00:00,2022-09-01,07,HERSHEY_LNODESLL,HERSHEY_LNODESLL,HERSHEY_LNODESLL,RTPD,LMP,LMP_PRC,HERSHEY_LNODESLL,ALL,1,116.23204,2,1
2022-09-01T14:15:00-00:00,2022-09-01T14:30:00-00:00,2022-09-01,08,HERSHEY_LNODESLL,HERSHEY_LNODESLL,HERSHEY_LNODESLL,RTPD,LMP,LMP_PRC,HERSHEY_LNODESLL,ALL,1,110.22464,2,1
2022-09-01T15:15:00-00:00,2022-09-01T15:30:00-00:00,2022-09-01,09,HERSHEY_LNODESLL,HERSHEY_LNODESLL,HERSHEY_LNODESLL,RTPD,LMP,LMP_PRC,HERSHEY_LNODESLL,ALL,1,86.94,2,1
2022-09-01T16:15:00-00:00,2022-09-01T16:30:00-00:00,2022-09-01,10,HERSHEY_LNODESLL,HERSHEY_LNODESLL,HERSHEY_LNODESLL,RTPD,LMP,LMP_PRC,HERSHEY_LNODESLL,ALL,1,87.74754,2,1
2022-09-01T17:15:00-00:00,2022-09-01T17:30:00-00:00,2022-09-01,11,HERSHEY_LNODESLL,HERSHEY_LNODESLL,HERSHEY_LNODESLL,RTPD,LMP,LMP_PRC,HERSHEY_LNODESLL,ALL,1,78.20092,2,1
2022-09-01T18:15:00-00:00,2022-09-01T18:30:00-00:00,2022-09-01,12,HERSHEY_LNODESLL,HERSHEY_LNODESLL,HERSHEY_LNODESLL,RTPD,LMP,LMP_PRC,HERSHEY_LNODESLL,ALL,1,73.72627,2,1
2022-09-01T19:15:00-00:00,2022-09-01T19:30:00-00:00,2022-09-01,13,HERSHEY_LNODESLL,HERSHEY_LNODESLL,HERSHEY_LNODESLL,RTPD,LMP,LMP_PRC,HERSHEY_LNODESLL,ALL,1,74.69406,2,1
2022-09-01T20:15:00-00:00,2022-09-01T20:30:00-00:00,2022-09-01,14,HERSHEY_LNODESLL,HERSHEY_LNODESLL,HERSHEY_LNODESLL,RTPD,LMP,LMP_PRC,HERSHEY_LNODESLL,ALL,1,114.25411,2,1
2022-09-01T21:15:00-00:00,2022-09-01T21:30:00-00:00,2022-09-01,15,HERSHEY_LNODESLL,HERSHEY_LNODESLL,HERSHEY_LNODESLL,RTPD,LMP,LMP_PRC,HERSHEY_LNODESLL,ALL,1,119.71946,2,1
2022-09-01T22:15:00-00:00,2022-09-01T22:30:00-00:00,2022-09-01,16,HERSHEY_LNODESLL,HERSHEY_LNODESLL,HERSHEY_LNODESLL,RTPD,LMP,LMP_PRC,HERSHEY_LNODESLL,ALL,1,135.72304,2,1
2022-09-01T23:15:00-00:00,2022-09-01T23:30:00-00:00,2022-09-01,17,HERSHEY_LNODESLL,HERSHEY_LNODESLL,HERSHEY_LNODESLL,RTPD,LMP,LMP_PRC,HERSHEY_LNODESLL,ALL,1,260.69342,2,1
2022-09-02T00:15:00-00:00,2022-09-02T00:30:00-00:00,2022-09-01,18,HERSHEY_LNODESLL,HERSHEY_LNODESLL,HERSHEY_LNODESLL,RTPD,LMP,LMP_PRC,HERSHEY_LNODESLL,ALL,1,1064.4954,2,1
2022-09-02T01:15:00-00:00,2022-09-02T01:30:00-00:00,2022-09-01,19,HERSHEY_LNODESLL,HERSHEY_LNODESLL,HERSHEY_LNODESLL,RTPD,LMP,LMP_PRC,HERSHEY_LNODESLL,ALL,1,1999.9945,2,1
2022-09-02T02:15:00-00:00,2022-09-02T02:30:00-00:00,2022-09-01,20,HERSHEY_LNODESLL,HERSHEY_LNODESLL,HERSHEY_LNODESLL,RTPD,LMP,LMP_PRC,HERSHEY_LNODESLL,ALL,1,1991.671,2,1
2022-09-02T03:15:00-00:00,2022-09-02T03:30:00-00:00,2022-09-01,21,HERSHEY_LNODESLL,HERSHEY_LNODESLL,HERSHEY_LNODESLL,RTPD,LMP,LMP_PRC,HERSHEY_LNODESLL,ALL,1,574.9375,2,1
2022-09-02T04:15:00-00:00,2022-09-02T04:30:00-00:00,2022-09-01,22,HERSHEY_LNODESLL,HERSHEY_LNODESLL,HERSHEY_LNODESLL,RTPD,LMP,LMP_PRC,HERSHEY_LNODESLL,ALL,1,519.88214,2,1
2022-09-02T05:15:00-00:00,2022-09-02T05:30:00-00:00,2022-09-01,23,HERSHEY_LNODESLL,HERSHEY_LNODESLL,HERSHEY_LNODESLL,RTPD,LMP,LMP_PRC,HERSHEY_LNODESLL,ALL,1,167.93098,2,1
2022-09-02T06:15:00-00:00,2022-09-02T06:30:00-00:00,2022-09-01,24,HERSHEY_LNODESLL,HERSHEY_LNODESLL,HERSHEY_LNODESLL,RTPD,LMP,LMP_PRC,HERSHEY_LNODESLL,ALL,1,149.67007,2,1
2022-09-01T07:30:00-00:00,2022-09-01T07:45:00-00:00,2022-09-01,01,HERSHEY_LNODESLL,HERSHEY_LNODESLL,HERSHEY_LNODESLL,RTPD,LMP,LMP_PRC,HERSHEY_LNODESLL,ALL,1,102.07848,3,1
2022-09-01T08:30:00-00:00,2022-09-01T08:45:00-00:00,2022-09-01,02,HERSHEY_LNODESLL,HERSHEY_LNODESLL,HERSHEY_LNODESLL,RTPD,LMP,LMP_PRC,HERSHEY_LNODESLL,ALL,1,116.84617,3,1
2022-09-01T09:30:00-00:00,2022-09-01T09:45:00-00:00,2022-09-01,03,HERSHEY_LNODESLL,HERSHEY_LNODESLL,HERSHEY_LNODESLL,RTPD,LMP,LMP_PRC,HERSHEY_LNODESLL,ALL,1,97.14026,3,1
2022-09-01T10:30:00-00:00,2022-09-01T10:45:00-00:00,2022-09-01,04,HERSHEY_LNODESLL,HERSHEY_LNODESLL,HERSHEY_LNODESLL,RTPD,LMP,LMP_PRC,HERSHEY_LNODESLL,ALL,1,98.38442,3,1
2022-09-01T11:30:00-00:00,2022-09-01T11:45:00-00:00,2022-09-01,05,HERSHEY_LNODESLL,HERSHEY_LNODESLL,HERSHEY_LNODESLL,RTPD,LMP,LMP_PRC,HERSHEY_LNODESLL,ALL,1,108.94809,3,1
2022-09-01T12:30:00-00:00,2022-09-01T12:45:00-00:00,2022-09-01,06,HERSHEY_LNODESLL,HERSHEY_LNODESLL,HERSHEY_LNODESLL,RTPD,LMP,LMP_PRC,HERSHEY_LNODESLL,ALL,1,108.42313,3,1
2022-09-01T13:30:00-00:00,2022-09-01T13:45:00-00:00,2022-09-01,07,HERSHEY_LNODESLL,HERSHEY_LNODESLL,HERSHEY_LNODESLL,RTPD,LMP,LMP_PRC,HERSHEY_LNODESLL,ALL,1,117.57453,3,1
2022-09-01T14:30:00-00:00,2022-09-01T14:45:00-00:00,2022-09-01,08,HERSHEY_LNODESLL,HERSHEY_LNODESLL,HERSHEY_LNODESLL,RTPD,LMP,LMP_PRC,HERSHEY_LNODESLL,ALL,1,107.09785,3,1
2022-09-01T15:30:00-00:00,2022-09-01T15:45:00-00:00,2022-09-01,09,HERSHEY_LNODESLL,HERSHEY_LNODESLL,HERSHEY_LNODESLL,RTPD,LMP,LMP_PRC,HERSHEY_LNODESLL,ALL,1,86.14,3,1
2022-09-01T16:30:00-00:00,2022-09-01T16:45:00-00:00,2022-09-01,10,HERSHEY_LNODESLL,HERSHEY_LNODESLL,HERSHEY_LNODESLL,RTPD,LMP,LMP_PRC,HERSHEY_LNODESLL,ALL,1,74.5475,3,1
2022-09-01T17:30:00-00:00,2022-09-01T17:45:00-00:00,2022-09-01,11,HERSHEY_LNODESLL,HERSHEY_LNODESLL,HERSHEY_LNODESLL,RTPD,LMP,LMP_PRC,HERSHEY_LNODESLL,ALL,1,77.91095,3,1
2022-09-01T18:30:00-00:00,2022-09-01T18:45:00-00:00,2022-09-01,12,HERSHEY_LNODESLL,HERSHEY_LNODESLL,HERSHEY_LNODESLL,RTPD,LMP,LMP_PRC,HERSHEY_LNODESLL,ALL,1,78.45527,3,1
2022-09-01T19:30:00-00:00,2022-09-01T19:45:00-00:00,2022-09-01,13,HERSHEY_LNODESLL,HERSHEY_LNODESLL,HERSHEY_LNODESLL,RTPD,LMP,LMP_PRC,HERSHEY_LNODESLL,ALL,1,100.89106,3,1
2022-09-01T20:30:00-00:00,2022-09-01T20:45:00-00:00,2022-09-01,14,HERSHEY_LNODESLL,HERSHEY_LNODESLL,HERSHEY_LNODESLL,RTPD,LMP,LMP_PRC,HERSHEY_LNODESLL,ALL,1,116.73923,3,1
2022-09-01T21:30:00-00:00,2022-09-01T21:45:00-00:00,2022-09-01,15,HERSHEY_LNODESLL,HERSHEY_LNODESLL,HERSHEY_LNODESLL,RTPD,LMP,LMP_PRC,HERSHEY_LNODESLL,ALL,1,127.67485,3,1
2022-09-01T22:30:00-00:00,2022-09-01T22:45:00-00:00,2022-09-01,16,HERSHEY_LNODESLL,HERSHEY_LNODESLL,HERSHEY_LNODESLL,RTPD,LMP,LMP_PRC,HERSHEY_LNODESLL,ALL,1,153.7265,3,1
2022-09-01T23:30:00-00:00,2022-09-01T23:45:00-00:00,2022-09-01,17,HERSHEY_LNODESLL,HERSHEY_LNODESLL,HERSHEY_LNODESLL,RTPD,LMP,LMP_PRC,HERSHEY_LNODESLL,ALL,1,566.4828,3,1
2022-09-02T00:30:00-00:00,2022-09-02T00:45:00-00:00,2022-09-01,18,HERSHEY_LNODESLL,HERSHEY_LNODESLL,HERSHEY_LNODESLL,RTPD,LMP,LMP_PRC,HERSHEY_LNODESLL,ALL,1,1778.8517,3,1
2022-09-02T01:30:00-00:00,2022-09-02T01:45:00-00:00,2022-09-01,19,HERSHEY_LNODESLL,HERSHEY_LNODESLL,HERSHEY_LNODESLL,RTPD,LMP,LMP_PRC,HERSHEY_LNODESLL,ALL,1,1999.9944,3,1
2022-09-02T02:30:00-00:00,2022-09-02T02:45:00-00:00,2022-09-01,20,HERSHEY_LNODESLL,HERSHEY_LNODESLL,HERSHEY_LNODESLL,RTPD,LMP,LMP_PRC,HERSHEY_LNODESLL,ALL,1,1991.6698,3,1
2022-09-02T03:30:00-00:00,2022-09-02T03:45:00-00:00,2022-09-01,21,HERSHEY_LNODESLL,HERSHEY_LNODESLL,HERSHEY_LNODESLL,RTPD,LMP,LMP_PRC,HERSHEY_LNODESLL,ALL,1,233.4646,3,1
2022-09-02T04:30:00-00:00,2022-09-02T04:45:00-00:00,2022-09-01,22,HERSHEY_LNODESLL,HERSHEY_LNODESLL,HERSHEY_LNODESLL,RTPD,LMP,LMP_PRC,HERSHEY_LNODESLL,ALL,1,341.82556,3,1
2022-09-02T05:30:00-00:00,2022-09-02T05:45:00-00:00,2022-09-01,23,HERSHEY_LNODESLL,HERSHEY_LNODESLL,HERSHEY_LNODESLL,RTPD,LMP,LMP_PRC,HERSHEY_LNODESLL,ALL,1,140.57698,3,1
2022-09-02T06:30:00-00:00,2022-09-02T06:45:00-00:00,2022-09-01,24,HERSHEY_LNODESLL,HERSHEY_LNODESLL,HERSHEY_LNODESLL,RTPD,LMP,LMP_PRC,HERSHEY_LNODESLL,ALL,1,136.12137,3,1
2022-09-01T07:45:00-00:00,2022-09-01T08:00:00-00:00,2022-09-01,01,HERSHEY_LNODESLL,HERSHEY_LNODESLL,HERSHEY_LNODESLL,RTPD,LMP,LMP_PRC,HERSHEY_LNODESLL,ALL,1,89.84186,4,1
2022-09-01T08:45:00-00:00,2022-09-01T09:00:00-00:00,2022-09-01,02,HERSHEY_LNODESLL,HERSHEY_LNODESLL,HERSHEY_LNODESLL,RTPD,LMP,LMP_PRC,HERSHEY_LNODESLL,ALL,1,98.9178,4,1
2022-09-01T09:45:00-00:00,2022-09-01T10:00:00-00:00,2022-09-01,03,HERSHEY_LNODESLL,HERSHEY_LNODESLL,HERSHEY_LNODESLL,RTPD,LMP,LMP_PRC,HERSHEY_LNODESLL,ALL,1,97.0674,4,1
2022-09-01T10:45:00-00:00,2022-09-01T11:00:00-00:00,2022-09-01,04,HERSHEY_LNODESLL,HERSHEY_LNODESLL,HERSHEY_LNODESLL,RTPD,LMP,LMP_PRC,HERSHEY_LNODESLL,ALL,1,98.54838,4,1
2022-09-01T11:45:00-00:00,2022-09-01T12:00:00-00:00,2022-09-01,05,HERSHEY_LNODESLL,HERSHEY_LNODESLL,HERSHEY_LNODESLL,RTPD,LMP,LMP_PRC,HERSHEY_LNODESLL,ALL,1,107.0112,4,1
2022-09-01T12:45:00-00:00,2022-09-01T13:00:00-00:00,2022-09-01,06,HERSHEY_LNODESLL,HERSHEY_LNODESLL,HERSHEY_LNODESLL,RTPD,LMP,LMP_PRC,HERSHEY_LNODESLL,ALL,1,114.0234,4,1
2022-09-01T13:45:00-00:00,2022-09-01T14:00:00-00:00,2022-09-01,07,HERSHEY_LNODESLL,HERSHEY_LNODESLL,HERSHEY_LNODESLL,RTPD,LMP,LMP_PRC,HERSHEY_LNODESLL,ALL,1,111.4088,4,1
2022-09-01T14:45:00-00:00,2022-09-01T15:00:00-00:00,2022-09-01,08,HERSHEY_LNODESLL,HERSHEY_LNODESLL,HERSHEY_LNODESLL,RTPD,LMP,LMP_PRC,HERSHEY_LNODESLL,ALL,1,86.14,4,1
2022-09-01T15:45:00-00:00,2022-09-01T16:00:00-00:00,2022-09-01,09,HERSHEY_LNODESLL,HERSHEY_LNODESLL,HERSHEY_LNODESLL,RTPD,LMP,LMP_PRC,HERSHEY_LNODESLL,ALL,1,78.70196,4,1
2022-09-01T16:45:00-00:00,2022-09-01T17:00:00-00:00,2022-09-01,10,HERSHEY_LNODESLL,HERSHEY_LNODESLL,HERSHEY_LNODESLL,RTPD,LMP,LMP_PRC,HERSHEY_LNODESLL,ALL,1,78.34886,4,1
2022-09-01T17:45:00-00:00,2022-09-01T18:00:00-00:00,2022-09-01,11,HERSHEY_LNODESLL,HERSHEY_LNODESLL,HERSHEY_LNODESLL,RTPD,LMP,LMP_PRC,HERSHEY_LNODESLL,ALL,1,78.31294,4,1
2022-09-01T18:45:00-00:00,2022-09-01T19:00:00-00:00,2022-09-01,12,HERSHEY_LNODESLL,HERSHEY_LNODESLL,HERSHEY_LNODESLL,RTPD,LMP,LMP_PRC,HERSHEY_LNODESLL,ALL,1,80.54821,4,1
2022-09-01T19:45:00-00:00,2022-09-01T20:00:00-00:00,2022-09-01,13,HERSHEY_LNODESLL,HERSHEY_LNODESLL,HERSHEY_LNODESLL,RTPD,LMP,LMP_PRC,HERSHEY_LNODESLL,ALL,1,105.95611,4,1
2022-09-01T20:45:00-00:00,2022-09-01T21:00:00-00:00,2022-09-01,14,HERSHEY_LNODESLL,HERSHEY_LNODESLL,HERSHEY_LNODESLL,RTPD,LMP,LMP_PRC,HERSHEY_LNODESLL,ALL,1,124.94919,4,1
2022-09-01T21:45:00-00:00,2022-09-01T22:00:00-00:00,2022-09-01,15,HERSHEY_LNODESLL,HERSHEY_LNODESLL,HERSHEY_LNODESLL,RTPD,LMP,LMP_PRC,HERSHEY_LNODESLL,ALL,1,208.5351,4,1
2022-09-01T22:45:00-00:00,2022-09-01T23:00:00-00:00,2022-09-01,16,HERSHEY_LNODESLL,HERSHEY_LNODESLL,HERSHEY_LNODESLL,RTPD,LMP,LMP_PRC,HERSHEY_LNODESLL,ALL,1,166.97919,4,1
2022-09-01T23:45:00-00:00,2022-09-02T00:00:00-00:00,2022-09-01,17,HERSHEY_LNODESLL,HERSHEY_LNODESLL,HERSHEY_LNODESLL,RTPD,LMP,LMP_PRC,HERSHEY_LNODESLL,ALL,1,1654.7148,4,1
2022-09-02T00:45:00-00:00,2022-09-02T01:00:00-00:00,2022-09-01,18,HERSHEY_LNODESLL,HERSHEY_LNODESLL,HERSHEY_LNODESLL,RTPD,LMP,LMP_PRC,HERSHEY_LNODESLL,ALL,1,1802.3091,4,1
2022-09-02T01:45:00-00:00,2022-09-02T02:00:00-00:00,2022-09-01,19,HERSHEY_LNODESLL,HERSHEY_LNODESLL,HERSHEY_LNODESLL,RTPD,LMP,LMP_PRC,HERSHEY_LNODESLL,ALL,1,1991.9325,4,1
2022-09-02T02:45:00-00:00,2022-09-02T03:00:00-00:00,2022-09-01,20,HERSHEY_LNODESLL,HERSHEY_LNODESLL,HERSHEY_LNODESLL,RTPD,LMP,LMP_PRC,HERSHEY_LNODESLL,ALL,1,1908.6593,4,1
2022-09-02T03:45:00-00:00,2022-09-02T04:00:00-00:00,2022-09-01,21,HERSHEY_LNODESLL,HERSHEY_LNODESLL,HERSHEY_LNODESLL,RTPD,LMP,LMP_PRC,HERSHEY_LNODESLL,ALL,1,169.79993,4,1
2022-09-02T04:45:00-00:00,2022-09-02T05:00:00-00:00,2022-09-01,22,HERSHEY_LNODESLL,HERSHEY_LNODESLL,HERSHEY_LNODESLL,RTPD,LMP,LMP_PRC,HERSHEY_LNODESLL,ALL,1,139.59271,4,1
2022-09-02T05:45:00-00:00,2022-09-02T06:00:00-00:00,2022-09-01,23,HERSHEY_LNODESLL,HERSHEY_LNODESLL,HERSHEY_LNODESLL,RTPD,LMP,LMP_PRC,HERSHEY_LNODESLL,ALL,1,172.74014,4,1
2022-09-02T06:45:00-00:00,2022-09-02T07:00:00-00:00,2022-09-01,24,HERSHEY_LNODESLL,HERSHEY_LNODESLL,HERSHEY_LNODESLL,RTPD,LMP,LMP_PRC,HERSHEY_LNODESLL,ALL,1,115.66934,4,1
2022-09-01T07:00:00-00:00,2022-09-01T07:15:00-00:00,2022-09-01,01,HERSHEY_LNODESLL,HERSHEY_LNODESLL,HERSHEY_LNODESLL,RTPD,MCC,LMP_CONG_PRC,HERSHEY_LNODESLL,ALL,1,-19.39188,1,2
2022-09-01T08:00:00-00:00,2022-09-01T08:15:00-00:00,2022-09-01,02,HERSHEY_LNODESLL,HERSHEY_LNODESLL,HERSHEY_LNODESLL,RTPD,MCC,LMP_CONG_PRC,HERSHEY_LNODESLL,ALL,1,-3.4977,1,2
2022-09-01T09:00:00-00:00,2022-09-01T09:15:00-00:00,2022-09-01,03,HERSHEY_LNODESLL,HERSHEY_LNODESLL,HERSHEY_LNODESLL,RTPD,MCC,LMP_CONG_PRC,HERSHEY_LNODESLL,ALL,1,-4.68694,1,2
2022-09-01T10:00:00-00:00,2022-09-01T10:15:00-00:00,2022-09-01,04,HERSHEY_LNODESLL,HERSHEY_LNODESLL,HERSHEY_LNODESLL,RTPD,MCC,LMP_CONG_PRC,HERSHEY_LNODESLL,ALL,1,-4.07313,1,2
2022-09-01T11:00:00-00:00,2022-09-01T11:15:00-00:00,2022-09-01,05,HERSHEY_LNODESLL,HERSHEY_LNODESLL,HERSHEY_LNODESLL,RTPD,MCC,LMP_CONG_PRC,HERSHEY_LNODESLL,ALL,1,0.0012,1,2
2022-09-01T12:00:00-00:00,2022-09-01T12:15:00-00:00,2022-09-01,06,HERSHEY_LNODESLL,HERSHEY_LNODESLL,HERSHEY_LNODESLL,RTPD,MCC,LMP_CONG_PRC,HERSHEY_LNODESLL,ALL,1,-10.44611,1,2
2022-09-01T13:00:00-00:00,2022-09-01T13:15:00-00:00,2022-09-01,07,HERSHEY_LNODESLL,HERSHEY_LNODESLL,HERSHEY_LNODESLL,RTPD,MCC,LMP_CONG_PRC,HERSHEY_LNODESLL,ALL,1,-13.82945,1,2
2022-09-01T14:00:00-00:00,2022-09-01T14:15:00-00:00,2022-09-01,08,HERSHEY_LNODESLL,HERSHEY_LNODESLL,HERSHEY_LNODESLL,RTPD,MCC,LMP_CONG_PRC,HERSHEY_LNODESLL,ALL,1,-0.0012,1,2
2022-09-01T15:00:00-00:00,2022-09-01T15:15:00-00:00,2022-09-01,09,HERSHEY_LNODESLL,HERSHEY_LNODESLL,HERSHEY_LNODESLL,RTPD,MCC,LMP_CONG_PRC,HERSHEY_LNODESLL,ALL,1,0.0012,1,2
2022-09-01T16:00:00-00:00,2022-09-01T16:15:00-00:00,2022-09-01,10,HERSHEY_LNODESLL,HERSHEY_LNODESLL,HERSHEY_LNODESLL,RTPD,MCC,LMP_CONG_PRC,HERSHEY_LNODESLL,ALL,1,0.0012,1,2
2022-09-01T17:00:00-00:00,2022-09-01T17:15:00-00:00,2022-09-01,11,HERSHEY_LNODESLL,HERSHEY_LNODESLL,HERSHEY_LNODESLL,RTPD,MCC,LMP_CONG_PRC,HERSHEY_LNODESLL,ALL,1,-17.27464,1,2
2022-09-01T18:00:00-00:00,2022-09-01T18:15:00-00:00,2022-09-01,12,HERSHEY_LNODESLL,HERSHEY_LNODESLL,HERSHEY_LNODESLL,RTPD,MCC,LMP_CONG_PRC,HERSHEY_LNODESLL,ALL,1,-33.68886,1,2
2022-09-01T19:00:00-00:00,2022-09-01T19:15:00-00:00,2022-09-01,13,HERSHEY_LNODESLL,HERSHEY_LNODESLL,HERSHEY_LNODESLL,RTPD,MCC,LMP_CONG_PRC,HERSHEY_LNODESLL,ALL,1,-37.1743,1,2
2022-09-01T20:00:00-00:00,2022-09-01T20:15:00-00:00,2022-09-01,14,HERSHEY_LNODESLL,HERSHEY_LNODESLL,HERSHEY_LNODESLL,RTPD,MCC,LMP_CONG_PRC,HERSHEY_LNODESLL,ALL,1,-3.65383,1,2
2022-09-01T21:00:00-00:00,2022-09-01T21:15:00-00:00,2022-09-01,15,HERSHEY_LNODESLL,HERSHEY_LNODESLL,HERSHEY_LNODESLL,RTPD,MCC,LMP_CONG_PRC,HERSHEY_LNODESLL,ALL,1,-101.73058,1,2
2022-09-01T22:00:00-00:00,2022-09-01T22:15:00-00:00,2022-09-01,16,HERSHEY_LNODESLL,HERSHEY_LNODESLL,HERSHEY_LNODESLL,RTPD,MCC,LMP_CONG_PRC,HERSHEY_LNODESLL,ALL,1,-110.17551,1,2
2022-09-01T23:00:00-00:00,2022-09-01T23:15:00-00:00,2022-09-01,17,HERSHEY_LNODESLL,HERSHEY_LNODESLL,HERSHEY_LNODESLL,RTPD,MCC,LMP_CONG_PRC,HERSHEY_LNODESLL,ALL,1,-174.18318,1,2
2022-09-02T00:00:00-00:00,2022-09-02T00:15:00-00:00,2022-09-01,18,HERSHEY_LNODESLL,HERSHEY_LNODESLL,HERSHEY_LNODESLL,RTPD,MCC,LMP_CONG_PRC,HERSHEY_LNODESLL,ALL,1,327.62497,1,2
2022-09-02T01:00:00-00:00,2022-09-02T01:15:00-00:00,2022-09-01,19,HERSHEY_LNODESLL,HERSHEY_LNODESLL,HERSHEY_LNODESLL,RTPD,MCC,LMP_CONG_PRC,HERSHEY_LNODESLL,ALL,1,323.74142,1,2
2022-09-02T02:00:00-00:00,2022-09-02T02:15:00-00:00,2022-09-01,20,HERSHEY_LNODESLL,HERSHEY_LNODESLL,HERSHEY_LNODESLL,RTPD,MCC,LMP_CONG_PRC,HERSHEY_LNODESLL,ALL,1,-0.0012,1,2
2022-09-02T03:00:00-00:00,2022-09-02T03:15:00-00:00,2022-09-01,21,HERSHEY_LNODESLL,HERSHEY_LNODESLL,HERSHEY_LNODESLL,RTPD,MCC,LMP_CONG_PRC,HERSHEY_LNODESLL,ALL,1,402.7842,1,2
2022-09-02T04:00:00-00:00,2022-09-02T04:15:00-00:00,2022-09-01,22,HERSHEY_LNODESLL,HERSHEY_LNODESLL,HERSHEY_LNODESLL,RTPD,MCC,LMP_CONG_PRC,HERSHEY_LNODESLL,ALL,1,303.72394,1,2
2022-09-02T05:00:00-00:00,2022-09-02T05:15:00-00:00,2022-09-01,23,HERSHEY_LNODESLL,HERSHEY_LNODESLL,HERSHEY_LNODESLL,RTPD,MCC,LMP_CONG_PRC,HERSHEY_LNODESLL,ALL,1,0.0012,1,2
2022-09-02T06:00:00-00:00,2022-09-02T06:15:00-00:00,2022-09-01,24,HERSHEY_LNODESLL,HERSHEY_LNODESLL,HERSHEY_LNODESLL,RTPD,MCC,LMP_CONG_PRC,HERSHEY_LNODESLL,ALL,1,43.67005,1,2
2022-09-01T07:15:00-00:00,2022-09-01T07:30:00-00:00,2022-09-01,01,HERSHEY_LNODESLL,HERSHEY_LNODESLL,HERSHEY_LNODESLL,RTPD,MCC,LMP_CONG_PRC,HERSHEY_LNODESLL,ALL,1,-10.48623,2,2
2022-09-01T08:15:00-00:00,2022-09-01T08:30:00-00:00,2022-09-01,02,HERSHEY_LNODESLL,HERSHEY_LNODESLL,HERSHEY_LNODESLL,RTPD,MCC,LMP_CONG_PRC,HERSHEY_LNODESLL,ALL,1,-0.95608,2,2
2022-09-01T09:15:00-00:00,2022-09-01T09:30:00-00:00,2022-09-01,03,HERSHEY_LNODESLL,HERSHEY_LNODESLL,HERSHEY_LNODESLL,RTPD,MCC,LMP_CONG_PRC,HERSHEY_LNODESLL,ALL,1,-6.16221,2,2
2022-09-01T10:15:00-00:00,2022-09-01T10:30:00-00:00,2022-09-01,04,HERSHEY_LNODESLL,HERSHEY_LNODESLL,HERSHEY_LNODESLL,RTPD,MCC,LMP_CONG_PRC,HERSHEY_LNODESLL,ALL,1,-5.76393,2,2
2022-09-01T11:15:00-00:00,2022-09-01T11:30:00-00:00,2022-09-01,05,HERSHEY_LNODESLL,HERSHEY_LNODESLL,HERSHEY_LNODESLL,RTPD,MCC,LMP_CONG_PRC,HERSHEY_LNODESLL,ALL,1,0.0012,2,2
2022-09-01T12:15:00-00:00,2022-09-01T12:30:00-00:00,2022-09-01,06,HERSHEY_LNODESLL,HERSHEY_LNODESLL,HERSHEY_LNODESLL,RTPD,MCC,LMP_CONG_PRC,HERSHEY_LNODESLL,ALL,1,-6.3853,2,2
2022-09-01T13:15:00-00:00,2022-09-01T13:30:00-00:00,2022-09-01,07,HERSHEY_LNODESLL,HERSHEY_LNODESLL,HERSHEY_LNODESLL,RTPD,MCC,LMP_CONG_PRC,HERSHEY_LNODESLL,ALL,1,-0.59472,2,2
2022-09-01T14:15:00-00:00,2022-09-01T14:30:00-00:00,2022-09-01,08,HERSHEY_LNODESLL,HERSHEY_LNODESLL,HERSHEY_LNODESLL,RTPD,MCC,LMP_CONG_PRC,HERSHEY_LNODESLL,ALL,1,-0.0012,2,2
2022-09-01T15:15:00-00:00,2022-09-01T15:30:00-00:00,2022-09-01,09,HERSHEY_LNODESLL,HERSHEY_LNODESLL,HERSHEY_LNODESLL,RTPD,MCC,LMP_CONG_PRC,HERSHEY_LNODESLL,ALL,1,0.0012,2,2
2022-09-01T16:15:00-00:00,2022-09-01T16:30:00-00:00,2022-09-01,10,HERSHEY_LNODESLL,HERSHEY_LNODESLL,HERSHEY_LNODESLL,RTPD,MCC,LMP_CONG_PRC,HERSHEY_LNODESLL,ALL,1,-1.70104,2,2
2022-09-01T17:15:00-00:00,2022-09-01T17:30:00-00:00,2022-09-01,11,HERSHEY_LNODESLL,HERSHEY_LNODESLL,HERSHEY_LNODESLL,RTPD,MCC,LMP_CONG_PRC,HERSHEY_LNODESLL,ALL,1,-21.14581,2,2
2022-09-01T18:15:00-00:00,2022-09-01T18:30:00-00:00,2022-09-01,12,HERSHEY_LNODESLL,HERSHEY_LNODESLL,HERSHEY_LNODESLL,RTPD,MCC,LMP_CONG_PRC,HERSHEY_LNODESLL,ALL,1,-27.43275,2,2
2022-09-01T19:15:00-00:00,2022-09-01T19:30:00-00:00,2022-09-01,13,HERSHEY_LNODESLL,HERSHEY_LNODESLL,HERSHEY_LNODESLL,RTPD,MCC,LMP_CONG_PRC,HERSHEY_LNODESLL,ALL,1,-30.61182,2,2
2022-09-01T20:15:00-00:00,2022-09-01T20:30:00-00:00,2022-09-01,14,HERSHEY_LNODESLL,HERSHEY_LNODESLL,HERSHEY_LNODESLL,RTPD,MCC,LMP_CONG_PRC,HERSHEY_LNODESLL,ALL,1,-3.2401,2,2
2022-09-01T21:15:00-00:00,2022-09-01T21:30:00-00:00,2022-09-01,15,HERSHEY_LNODESLL,HERSHEY_LNODESLL,HERSHEY_LNODESLL,RTPD,MCC,LMP_CONG_PRC,HERSHEY_LNODESLL,ALL,1,-27.49239,2,2
2022-09-01T22:15:00-00:00,2022-09-01T22:30:00-00:00,2022-09-01,16,HERSHEY_LNODESLL,HERSHEY_LNODESLL,HERSHEY_LNODESLL,RTPD,MCC,LMP_CONG_PRC,HERSHEY_LNODESLL,ALL,1,-120.86429,2,2
2022-09-01T23:15:00-00:00,2022-09-01T23:30:00-00:00,2022-09-01,17,HERSHEY_LNODESLL,HERSHEY_LNODESLL,HERSHEY_LNODESLL,RTPD,MCC,LMP_CONG_PRC,HERSHEY_LNODESLL,ALL,1,-101.43066,2,2
2022-09-02T00:15:00-00:00,2022-09-02T00:30:00-00:00,2022-09-01,18,HERSHEY_LNODESLL,HERSHEY_LNODESLL,HERSHEY_LNODESLL,RTPD,MCC,LMP_CONG_PRC,HERSHEY_LNODESLL,ALL,1,318.87836,2,2
2022-09-02T01:15:00-00:00,2022-09-02T01:30:00-00:00,2022-09-01,19,HERSHEY_LNODESLL,HERSHEY_LNODESLL,HERSHEY_LNODESLL,RTPD,MCC,LMP_CONG_PRC,HERSHEY_LNODESLL,ALL,1,0.0012,2,2
2022-09-02T02:15:00-00:00,2022-09-02T02:30:00-00:00,2022-09-01,20,HERSHEY_LNODESLL,HERSHEY_LNODESLL,HERSHEY_LNODESLL,RTPD,MCC,LMP_CONG_PRC,HERSHEY_LNODESLL,ALL,1,-0.0012,2,2
2022-09-02T03:15:00-00:00,2022-09-02T03:30:00-00:00,2022-09-01,21,HERSHEY_LNODESLL,HERSHEY_LNODESLL,HERSHEY_LNODESLL,RTPD,MCC,LMP_CONG_PRC,HERSHEY_LNODESLL,ALL,1,141.2049,2,2
2022-09-02T04:15:00-00:00,2022-09-02T04:30:00-00:00,2022-09-01,22,HERSHEY_LNODESLL,HERSHEY_LNODESLL,HERSHEY_LNODESLL,RTPD,MCC,LMP_CONG_PRC,HERSHEY_LNODESLL,ALL,1,275.93817,2,2
2022-09-02T05:15:00-00:00,2022-09-02T05:30:00-00:00,2022-09-01,23,HERSHEY_LNODESLL,HERSHEY_LNODESLL,HERSHEY_LNODESLL,RTPD,MCC,LMP_CONG_PRC,HERSHEY_LNODESLL,ALL,1,0.0012,2,2
2022-09-02T06:15:00-00:00,2022-09-02T06:30:00-00:00,2022-09-01,24,HERSHEY_LNODESLL,HERSHEY_LNODESLL,HERSHEY_LNODESLL,RTPD,MCC,LMP_CONG_PRC,HERSHEY_LNODESLL,ALL,1,0.0012,2,2
2022-09-01T07:30:00-00:00,2022-09-01T07:45:00-00:00,2022-09-01,01,HERSHEY_LNODESLL,HERSHEY_LNODESLL,HERSHEY_LNODESLL,RTPD,MCC,LMP_CONG_PRC,HERSHEY_LNODESLL,ALL,1,-16.95348,3,2
2022-09-01T08:30:00-00:00,2022-09-01T08:45:00-00:00,2022-09-01,02,HERSHEY_LNODESLL,HERSHEY_LNODESLL,HERSHEY_LNODESLL,RTPD,MCC,LMP_CONG_PRC,HERSHEY_LNODESLL,ALL,1,0.0003,3,2
2022-09-01T09:30:00-00:00,2022-09-01T09:45:00-00:00,2022-09-01,03,HERSHEY_LNODESLL,HERSHEY_LNODESLL,HERSHEY_LNODESLL,RTPD,MCC,LMP_CONG_PRC,HERSHEY_LNODESLL,ALL,1,-6.10689,3,2
2022-09-01T10:30:00-00:00,2022-09-01T10:45:00-00:00,2022-09-01,04,HERSHEY_LNODESLL,HERSHEY_LNODESLL,HERSHEY_LNODESLL,RTPD,MCC,LMP_CONG_PRC,HERSHEY_LNODESLL,ALL,1,-3.25856,3,2
2022-09-01T11:30:00-00:00,2022-09-01T11:45:00-00:00,2022-09-01,05,HERSHEY_LNODESLL,HERSHEY_LNODESLL,HERSHEY_LNODESLL,RTPD,MCC,LMP_CONG_PRC,HERSHEY_LNODESLL,ALL,1,0.0012,3,2
2022-09-01T12:30:00-00:00,2022-09-01T12:45:00-00:00,2022-09-01,06,HERSHEY_LNODESLL,HERSHEY_LNODESLL,HERSHEY_LNODESLL,RTPD,MCC,LMP_CONG_PRC,HERSHEY_LNODESLL,ALL,1,-11.05682,3,2
2022-09-01T13:30:00-00:00,2022-09-01T13:45:00-00:00,2022-09-01,07,HERSHEY_LNODESLL,HERSHEY_LNODESLL,HERSHEY_LNODESLL,RTPD,MCC,LMP_CONG_PRC,HERSHEY_LNODESLL,ALL,1,-0.0012,3,2
2022-09-01T14:30:00-00:00,2022-09-01T14:45:00-00:00,2022-09-01,08,HERSHEY_LNODESLL,HERSHEY_LNODESLL,HERSHEY_LNODESLL,RTPD,MCC,LMP_CONG_PRC,HERSHEY_LNODESLL,ALL,1,-0.0012,3,2
2022-09-01T15:30:00-00:00,2022-09-01T15:45:00-00:00,2022-09-01,09,HERSHEY_LNODESLL,HERSHEY_LNODESLL,HERSHEY_LNODESLL,RTPD,MCC,LMP_CONG_PRC,HERSHEY_LNODESLL,ALL,1,0.0012,3,2
2022-09-01T16:30:00-00:00,2022-09-01T16:45:00-00:00,2022-09-01,10,HERSHEY_LNODESLL,HERSHEY_LNODESLL,HERSHEY_LNODESLL,RTPD,MCC,LMP_CONG_PRC,HERSHEY_LNODESLL,ALL,1,-14.24894,3,2
2022-09-01T17:30:00-00:00,2022-09-01T17:45:00-00:00,2022-09-01,11,HERSHEY_LNODESLL,HERSHEY_LNODESLL,HERSHEY_LNODESLL,RTPD,MCC,LMP_CONG_PRC,HERSHEY_LNODESLL,ALL,1,-21.21919,3,2
2022-09-01T18:30:00-00:00,2022-09-01T18:45:00-00:00,2022-09-01,12,HERSHEY_LNODESLL,HERSHEY_LNODESLL,HERSHEY_LNODESLL,RTPD,MCC,LMP_CONG_PRC,HERSHEY_LNODESLL,ALL,1,-28.60191,3,2
2022-09-01T19:30:00-00:00,2022-09-01T19:45:00-00:00,2022-09-01,13,HERSHEY_LNODESLL,HERSHEY_LNODESLL,HERSHEY_LNODESLL,RTPD,MCC,LMP_CONG_PRC,HERSHEY_LNODESLL,ALL,1,-13.16799,3,2
2022-09-01T20:30:00-00:00,2022-09-01T20:45:00-00:00,2022-09-01,14,HERSHEY_LNODESLL,HERSHEY_LNODESLL,HERSHEY_LNODESLL,RTPD,MCC,LMP_CONG_PRC,HERSHEY_LNODESLL,ALL,1,-13.07682,3,2
2022-09-01T21:30:00-00:00,2022-09-01T21:45:00-00:00,2022-09-01,15,HERSHEY_LNODESLL,HERSHEY_LNODESLL,HERSHEY_LNODESLL,RTPD,MCC,LMP_CONG_PRC,HERSHEY_LNODESLL,ALL,1,-25.25572,3,2
2022-09-01T22:30:00-00:00,2022-09-01T22:45:00-00:00,2022-09-01,16,HERSHEY_LNODESLL,HERSHEY_LNODESLL,HERSHEY_LNODESLL,RTPD,MCC,LMP_CONG_PRC,HERSHEY_LNODESLL,ALL,1,-129.4553,3,2
2022-09-01T23:30:00-00:00,2022-09-01T23:45:00-00:00,2022-09-01,17,HERSHEY_LNODESLL,HERSHEY_LNODESLL,HERSHEY_LNODESLL,RTPD,MCC,LMP_CONG_PRC,HERSHEY_LNODESLL,ALL,1,0.0012,3,2
2022-09-02T00:30:00-00:00,2022-09-02T00:45:00-00:00,2022-09-01,18,HERSHEY_LNODESLL,HERSHEY_LNODESLL,HERSHEY_LNODESLL,RTPD,MCC,LMP_CONG_PRC,HERSHEY_LNODESLL,ALL,1,449.739,3,2
2022-09-02T01:30:00-00:00,2022-09-02T01:45:00-00:00,2022-09-01,19,HERSHEY_LNODESLL,HERSHEY_LNODESLL,HERSHEY_LNODESLL,RTPD,MCC,LMP_CONG_PRC,HERSHEY_LNODESLL,ALL,1,-0.0012,3,2
2022-09-02T02:30:00-00:00,2022-09-02T02:45:00-00:00,2022-09-01,20,HERSHEY_LNODESLL,HERSHEY_LNODESLL,HERSHEY_LNODESLL,RTPD,MCC,LMP_CONG_PRC,HERSHEY_LNODESLL,ALL,1,-0.0012,3,2
2022-09-02T03:30:00-00:00,2022-09-02T03:45:00-00:00,2022-09-01,21,HERSHEY_LNODESLL,HERSHEY_LNODESLL,HERSHEY_LNODESLL,RTPD,MCC,LMP_CONG_PRC,HERSHEY_LNODESLL,ALL,1,31.76773,3,2
2022-09-02T04:30:00-00:00,2022-09-02T04:45:00-00:00,2022-09-01,22,HERSHEY_LNODESLL,HERSHEY_LNODESLL,HERSHEY_LNODESLL,RTPD,MCC,LMP_CONG_PRC,HERSHEY_LNODESLL,ALL,1,147.8495,3,2
2022-09-02T05:30:00-00:00,2022-09-02T05:45:00-00:00,2022-09-01,23,HERSHEY_LNODESLL,HERSHEY_LNODESLL,HERSHEY_LNODESLL,RTPD,MCC,LMP_CONG_PRC,HERSHEY_LNODESLL,ALL,1,0.0012,3,2
2022-09-02T06:30:00-00:00,2022-09-02T06:45:00-00:00,2022-09-01,24,HERSHEY_LNODESLL,HERSHEY_LNODESLL,HERSHEY_LNODESLL,RTPD,MCC,LMP_CONG_PRC,HERSHEY_LNODESLL,ALL,1,0.0012,3,2
2022-09-01T07:45:00-00:00,2022-09-01T08:00:00-00:00,2022-09-01,01,HERSHEY_LNODESLL,HERSHEY_LNODESLL,HERSHEY_LNODESLL,RTPD,MCC,LMP_CONG_PRC,HERSHEY_LNODESLL,ALL,1,-19.27913,4,2
2022-09-01T08:45:00-00:00,2022-09-01T09:00:00-00:00,2022-09-01,02,HERSHEY_LNODESLL,HERSHEY_LNODESLL,HERSHEY_LNODESLL,RTPD,MCC,LMP_CONG_PRC,HERSHEY_LNODESLL,ALL,1,-4.70537,4,2
2022-09-01T09:45:00-00:00,2022-09-01T10:00:00-00:00,2022-09-01,03,HERSHEY_LNODESLL,HERSHEY_LNODESLL,HERSHEY_LNODESLL,RTPD,MCC,LMP_CONG_PRC,HERSHEY_LNODESLL,ALL,1,-5.44916,4,2
2022-09-01T10:45:00-00:00,2022-09-01T11:00:00-00:00,2022-09-01,04,HERSHEY_LNODESLL,HERSHEY_LNODESLL,HERSHEY_LNODESLL,RTPD,MCC,LMP_CONG_PRC,HERSHEY_LNODESLL,ALL,1,-1.27673,4,2
2022-09-01T11:45:00-00:00,2022-09-01T12:00:00-00:00,2022-09-01,05,HERSHEY_LNODESLL,HERSHEY_LNODESLL,HERSHEY_LNODESLL,RTPD,MCC,LMP_CONG_PRC,HERSHEY_LNODESLL,ALL,1,0.0012,4,2
2022-09-01T12:45:00-00:00,2022-09-01T13:00:00-00:00,2022-09-01,06,HERSHEY_LNODESLL,HERSHEY_LNODESLL,HERSHEY_LNODESLL,RTPD,MCC,LMP_CONG_PRC,HERSHEY_LNODESLL,ALL,1,-2.4614,4,2
2022-09-01T13:45:00-00:00,2022-09-01T14:00:00-00:00,2022-09-01,07,HERSHEY_LNODESLL,HERSHEY_LNODESLL,HERSHEY_LNODESLL,RTPD,MCC,LMP_CONG_PRC,HERSHEY_LNODESLL,ALL,1,-0.0012,4,2
2022-09-01T14:45:00-00:00,2022-09-01T15:00:00-00:00,2022-09-01,08,HERSHEY_LNODESLL,HERSHEY_LNODESLL,HERSHEY_LNODESLL,RTPD,MCC,LMP_CONG_PRC,HERSHEY_LNODESLL,ALL,1,0.0012,4,2
2022-09-01T15:45:00-00:00,2022-09-01T16:00:00-00:00,2022-09-01,09,HERSHEY_LNODESLL,HERSHEY_LNODESLL,HERSHEY_LNODESLL,RTPD,MCC,LMP_CONG_PRC,HERSHEY_LNODESLL,ALL,1,0.0012,4,2
2022-09-01T16:45:00-00:00,2022-09-01T17:00:00-00:00,2022-09-01,10,HERSHEY_LNODESLL,HERSHEY_LNODESLL,HERSHEY_LNODESLL,RTPD,MCC,LMP_CONG_PRC,HERSHEY_LNODESLL,ALL,1,-12.90047,4,2
2022-09-01T17:45:00-00:00,2022-09-01T18:00:00-00:00,2022-09-01,11,HERSHEY_LNODESLL,HERSHEY_LNODESLL,HERSHEY_LNODESLL,RTPD,MCC,LMP_CONG_PRC,HERSHEY_LNODESLL,ALL,1,-20.8925,4,2
2022-09-01T18:45:00-00:00,2022-09-01T19:00:00-00:00,2022-09-01,12,HERSHEY_LNODESLL,HERSHEY_LNODESLL,HERSHEY_LNODESLL,RTPD,MCC,LMP_CONG_PRC,HERSHEY_LNODESLL,ALL,1,-28.49243,4,2
2022-09-01T19:45:00-00:00,2022-09-01T20:00:00-00:00,2022-09-01,13,HERSHEY_LNODESLL,HERSHEY_LNODESLL,HERSHEY_LNODESLL,RTPD,MCC,LMP_CONG_PRC,HERSHEY_LNODESLL,ALL,1,-14.2688,4,2
2022-09-01T20:45:00-00:00,2022-09-01T21:00:00-00:00,2022-09-01,14,HERSHEY_LNODESLL,HERSHEY_LNODESLL,HERSHEY_LNODESLL,RTPD,MCC,LMP_CONG_PRC,HERSHEY_LNODESLL,ALL,1,-29.0759,4,2
2022-09-01T21:45:00-00:00,2022-09-01T22:00:00-00:00,2022-09-01,15,HERSHEY_LNODESLL,HERSHEY_LNODESLL,HERSHEY_LNODESLL,RTPD,MCC,LMP_CONG_PRC,HERSHEY_LNODESLL,ALL,1,-91.75867,4,2
2022-09-01T22:45:00-00:00,2022-09-01T23:00:00-00:00,2022-09-01,16,HERSHEY_LNODESLL,HERSHEY_LNODESLL,HERSHEY_LNODESLL,RTPD,MCC,LMP_CONG_PRC,HERSHEY_LNODESLL,ALL,1,-262.9345,4,2
2022-09-01T23:45:00-00:00,2022-09-02T00:00:00-00:00,2022-09-01,17,HERSHEY_LNODESLL,HERSHEY_LNODESLL,HERSHEY_LNODESLL,RTPD,MCC,LMP_CONG_PRC,HERSHEY_LNODESLL,ALL,1,393.5024,4,2
2022-09-02T00:45:00-00:00,2022-09-02T01:00:00-00:00,2022-09-01,18,HERSHEY_LNODESLL,HERSHEY_LNODESLL,HERSHEY_LNODESLL,RTPD,MCC,LMP_CONG_PRC,HERSHEY_LNODESLL,ALL,1,283.16006,4,2
2022-09-02T01:45:00-00:00,2022-09-02T02:00:00-00:00,2022-09-01,19,HERSHEY_LNODESLL,HERSHEY_LNODESLL,HERSHEY_LNODESLL,RTPD,MCC,LMP_CONG_PRC,HERSHEY_LNODESLL,ALL,1,-0.0012,4,2
2022-09-02T02:45:00-00:00,2022-09-02T03:00:00-00:00,2022-09-01,20,HERSHEY_LNODESLL,HERSHEY_LNODESLL,HERSHEY_LNODESLL,RTPD,MCC,LMP_CONG_PRC,HERSHEY_LNODESLL,ALL,1,128.94992,4,2
2022-09-02T03:45:00-00:00,2022-09-02T04:00:00-00:00,2022-09-01,21,HERSHEY_LNODESLL,HERSHEY_LNODESLL,HERSHEY_LNODESLL,RTPD,MCC,LMP_CONG_PRC,HERSHEY_LNODESLL,ALL,1,18.50112,4,2
2022-09-02T04:45:00-00:00,2022-09-02T05:00:00-00:00,2022-09-01,22,HERSHEY_LNODESLL,HERSHEY_LNODESLL,HERSHEY_LNODESLL,RTPD,MCC,LMP_CONG_PRC,HERSHEY_LNODESLL,ALL,1,1.8765,4,2
2022-09-02T05:45:00-00:00,2022-09-02T06:00:00-00:00,2022-09-01,23,HERSHEY_LNODESLL,HERSHEY_LNODESLL,HERSHEY_LNODESLL,RTPD,MCC,LMP_CONG_PRC,HERSHEY_LNODESLL,ALL,1,46.62562,4,2
2022-09-02T06:45:00-00:00,2022-09-02T07:00:00-00:00,2022-09-01,24,HERSHEY_LNODESLL,HERSHEY_LNODESLL,HERSHEY_LNODESLL,RTPD,MCC,LMP_CONG_PRC,HERSHEY_LNODESLL,ALL,1,0.0012,4,2
2022-09-01T07:00:00-00:00,2022-09-01T07:15:00-00:00,2022-09-01,01,HERSHEY_LNODESLL,HERSHEY_LNODESLL,HERSHEY_LNODESLL,RTPD,MCE,LMP_ENE_PRC,HERSHEY_LNODESLL,ALL,1,104.23471,1,3
2022-09-01T08:00:00-00:00,2022-09-01T08:15:00-00:00,2022-09-01,02,HERSHEY_LNODESLL,HERSHEY_LNODESLL,HERSHEY_LNODESLL,RTPD,MCE,LMP_ENE_PRC,HERSHEY_LNODESLL,ALL,1,115.5488,1,3
2022-09-01T09:00:00-00:00,2022-09-01T09:15:00-00:00,2022-09-01,03,HERSHEY_LNODESLL,HERSHEY_LNODESLL,HERSHEY_LNODESLL,RTPD,MCE,LMP_ENE_PRC,HERSHEY_LNODESLL,ALL,1,99.73061,1,3
2022-09-01T10:00:00-00:00,2022-09-01T10:15:00-00:00,2022-09-01,04,HERSHEY_LNODESLL,HERSHEY_LNODESLL,HERSHEY_LNODESLL,RTPD,MCE,LMP_ENE_PRC,HERSHEY_LNODESLL,ALL,1,98.64222,1,3
2022-09-01T11:00:00-00:00,2022-09-01T11:15:00-00:00,2022-09-01,05,HERSHEY_LNODESLL,HERSHEY_LNODESLL,HERSHEY_LNODESLL,RTPD,MCE,LMP_ENE_PRC,HERSHEY_LNODESLL,ALL,1,102.56859,1,3
2022-09-01T12:00:00-00:00,2022-09-01T12:15:00-00:00,2022-09-01,06,HERSHEY_LNODESLL,HERSHEY_LNODESLL,HERSHEY_LNODESLL,RTPD,MCE,LMP_ENE_PRC,HERSHEY_LNODESLL,ALL,1,96.90845,1,3
2022-09-01T13:00:00-00:00,2022-09-01T13:15:00-00:00,2022-09-01,07,HERSHEY_LNODESLL,HERSHEY_LNODESLL,HERSHEY_LNODESLL,RTPD,MCE,LMP_ENE_PRC,HERSHEY_LNODESLL,ALL,1,101.80878,1,3
2022-09-01T14:00:00-00:00,2022-09-01T14:15:00-00:00,2022-09-01,08,HERSHEY_LNODESLL,HERSHEY_LNODESLL,HERSHEY_LNODESLL,RTPD,MCE,LMP_ENE_PRC,HERSHEY_LNODESLL,ALL,1,111.11219,1,3
2022-09-01T15:00:00-00:00,2022-09-01T15:15:00-00:00,2022-09-01,09,HERSHEY_LNODESLL,HERSHEY_LNODESLL,HERSHEY_LNODESLL,RTPD,MCE,LMP_ENE_PRC,HERSHEY_LNODESLL,ALL,1,97.4112,1,3
2022-09-01T16:00:00-00:00,2022-09-01T16:15:00-00:00,2022-09-01,10,HERSHEY_LNODESLL,HERSHEY_LNODESLL,HERSHEY_LNODESLL,RTPD,MCE,LMP_ENE_PRC,HERSHEY_LNODESLL,ALL,1,83.43525,1,3
2022-09-01T17:00:00-00:00,2022-09-01T17:15:00-00:00,2022-09-01,11,HERSHEY_LNODESLL,HERSHEY_LNODESLL,HERSHEY_LNODESLL,RTPD,MCE,LMP_ENE_PRC,HERSHEY_LNODESLL,ALL,1,96.94897,1,3
2022-09-01T18:00:00-00:00,2022-09-01T18:15:00-00:00,2022-09-01,12,HERSHEY_LNODESLL,HERSHEY_LNODESLL,HERSHEY_LNODESLL,RTPD,MCE,LMP_ENE_PRC,HERSHEY_LNODESLL,ALL,1,91.59291,1,3
2022-09-01T19:00:00-00:00,2022-09-01T19:15:00-00:00,2022-09-01,13,HERSHEY_LNODESLL,HERSHEY_LNODESLL,HERSHEY_LNODESLL,RTPD,MCE,LMP_ENE_PRC,HERSHEY_LNODESLL,ALL,1,109.19637,1,3
2022-09-01T20:00:00-00:00,2022-09-01T20:15:00-00:00,2022-09-01,14,HERSHEY_LNODESLL,HERSHEY_LNODESLL,HERSHEY_LNODESLL,RTPD,MCE,LMP_ENE_PRC,HERSHEY_LNODESLL,ALL,1,117.94359,1,3
2022-09-01T21:00:00-00:00,2022-09-01T21:15:00-00:00,2022-09-01,15,HERSHEY_LNODESLL,HERSHEY_LNODESLL,HERSHEY_LNODESLL,RTPD,MCE,LMP_ENE_PRC,HERSHEY_LNODESLL,ALL,1,226.61499,1,3
2022-09-01T22:00:00-00:00,2022-09-01T22:15:00-00:00,2022-09-01,16,HERSHEY_LNODESLL,HERSHEY_LNODESLL,HERSHEY_LNODESLL,RTPD,MCE,LMP_ENE_PRC,HERSHEY_LNODESLL,ALL,1,229.18552,1,3
2022-09-01T23:00:00-00:00,2022-09-01T23:15:00-00:00,2022-09-01,17,HERSHEY_LNODESLL,HERSHEY_LNODESLL,HERSHEY_LNODESLL,RTPD,MCE,LMP_ENE_PRC,HERSHEY_LNODESLL,ALL,1,386.7537,1,3
2022-09-02T00:00:00-00:00,2022-09-02T00:15:00-00:00,2022-09-01,18,HERSHEY_LNODESLL,HERSHEY_LNODESLL,HERSHEY_LNODESLL,RTPD,MCE,LMP_ENE_PRC,HERSHEY_LNODESLL,ALL,1,770.58136,1,3
2022-09-02T01:00:00-00:00,2022-09-02T01:15:00-00:00,2022-09-01,19,HERSHEY_LNODESLL,HERSHEY_LNODESLL,HERSHEY_LNODESLL,RTPD,MCE,LMP_ENE_PRC,HERSHEY_LNODESLL,ALL,1,916.27124,1,3
2022-09-02T02:00:00-00:00,2022-09-02T02:15:00-00:00,2022-09-01,20,HERSHEY_LNODESLL,HERSHEY_LNODESLL,HERSHEY_LNODESLL,RTPD,MCE,LMP_ENE_PRC,HERSHEY_LNODESLL,ALL,1,1991.6721,1,3
2022-09-02T03:00:00-00:00,2022-09-02T03:15:00-00:00,2022-09-01,21,HERSHEY_LNODESLL,HERSHEY_LNODESLL,HERSHEY_LNODESLL,RTPD,MCE,LMP_ENE_PRC,HERSHEY_LNODESLL,ALL,1,917.5508,1,3
2022-09-02T04:00:00-00:00,2022-09-02T04:15:00-00:00,2022-09-01,22,HERSHEY_LNODESLL,HERSHEY_LNODESLL,HERSHEY_LNODESLL,RTPD,MCE,LMP_ENE_PRC,HERSHEY_LNODESLL,ALL,1,257.83005,1,3
2022-09-02T05:00:00-00:00,2022-09-02T05:15:00-00:00,2022-09-01,23,HERSHEY_LNODESLL,HERSHEY_LNODESLL,HERSHEY_LNODESLL,RTPD,MCE,LMP_ENE_PRC,HERSHEY_LNODESLL,ALL,1,183.24657,1,3
2022-09-02T06:00:00-00:00,2022-09-02T06:15:00-00:00,2022-09-01,24,HERSHEY_LNODESLL,HERSHEY_LNODESLL,HERSHEY_LNODESLL,RTPD,MCE,LMP_ENE_PRC,HERSHEY_LNODESLL,ALL,1,158.867,1,3
2022-09-01T07:15:00-00:00,2022-09-01T07:30:00-00:00,2022-09-01,01,HERSHEY_LNODESLL,HERSHEY_LNODESLL,HERSHEY_LNODESLL,RTPD,MCE,LMP_ENE_PRC,HERSHEY_LNODESLL,ALL,1,125.55144,2,3
2022-09-01T08:15:00-00:00,2022-09-01T08:30:00-00:00,2022-09-01,02,HERSHEY_LNODESLL,HERSHEY_LNODESLL,HERSHEY_LNODESLL,RTPD,MCE,LMP_ENE_PRC,HERSHEY_LNODESLL,ALL,1,115.53165,2,3
2022-09-01T09:15:00-00:00,2022-09-01T09:30:00-00:00,2022-09-01,03,HERSHEY_LNODESLL,HERSHEY_LNODESLL,HERSHEY_LNODESLL,RTPD,MCE,LMP_ENE_PRC,HERSHEY_LNODESLL,ALL,1,98.30543,2,3
2022-09-01T10:15:00-00:00,2022-09-01T10:30:00-00:00,2022-09-01,04,HERSHEY_LNODESLL,HERSHEY_LNODESLL,HERSHEY_LNODESLL,RTPD,MCE,LMP_ENE_PRC,HERSHEY_LNODESLL,ALL,1,97.00684,2,3
2022-09-01T11:15:00-00:00,2022-09-01T11:30:00-00:00,2022-09-01,05,HERSHEY_LNODESLL,HERSHEY_LNODESLL,HERSHEY_LNODESLL,RTPD,MCE,LMP_ENE_PRC,HERSHEY_LNODESLL,ALL,1,103.09059,2,3
2022-09-01T12:15:00-00:00,2022-09-01T12:30:00-00:00,2022-09-01,06,HERSHEY_LNODESLL,HERSHEY_LNODESLL,HERSHEY_LNODESLL,RTPD,MCE,LMP_ENE_PRC,HERSHEY_LNODESLL,ALL,1,109.32203,2,3
2022-09-01T13:15:00-00:00,2022-09-01T13:30:00-00:00,2022-09-01,07,HERSHEY_LNODESLL,HERSHEY_LNODESLL,HERSHEY_LNODESLL,RTPD,MCE,LMP_ENE_PRC,HERSHEY_LNODESLL,ALL,1,110.97827,2,3
2022-09-01T14:15:00-00:00,2022-09-01T14:30:00-00:00,2022-09-01,08,HERSHEY_LNODESLL,HERSHEY_LNODESLL,HERSHEY_LNODESLL,RTPD,MCE,LMP_ENE_PRC,HERSHEY_LNODESLL,ALL,1,104.78743,2,3
2022-09-01T15:15:00-00:00,2022-09-01T15:30:00-00:00,2022-09-01,09,HERSHEY_LNODESLL,HERSHEY_LNODESLL,HERSHEY_LNODESLL,RTPD,MCE,LMP_ENE_PRC,HERSHEY_LNODESLL,ALL,1,86.9388,2,3
2022-09-01T16:15:00-00:00,2022-09-01T16:30:00-00:00,2022-09-01,10,HERSHEY_LNODESLL,HERSHEY_LNODESLL,HERSHEY_LNODESLL,RTPD,MCE,LMP_ENE_PRC,HERSHEY_LNODESLL,ALL,1,89.44858,2,3
2022-09-01T17:15:00-00:00,2022-09-01T17:30:00-00:00,2022-09-01,11,HERSHEY_LNODESLL,HERSHEY_LNODESLL,HERSHEY_LNODESLL,RTPD,MCE,LMP_ENE_PRC,HERSHEY_LNODESLL,ALL,1,99.34673,2,3
2022-09-01T18:15:00-00:00,2022-09-01T18:30:00-00:00,2022-09-01,12,HERSHEY_LNODESLL,HERSHEY_LNODESLL,HERSHEY_LNODESLL,RTPD,MCE,LMP_ENE_PRC,HERSHEY_LNODESLL,ALL,1,101.15901,2,3
2022-09-01T19:15:00-00:00,2022-09-01T19:30:00-00:00,2022-09-01,13,HERSHEY_LNODESLL,HERSHEY_LNODESLL,HERSHEY_LNODESLL,RTPD,MCE,LMP_ENE_PRC,HERSHEY_LNODESLL,ALL,1,105.30588,2,3
2022-09-01T20:15:00-00:00,2022-09-01T20:30:00-00:00,2022-09-01,14,HERSHEY_LNODESLL,HERSHEY_LNODESLL,HERSHEY_LNODESLL,RTPD,MCE,LMP_ENE_PRC,HERSHEY_LNODESLL,ALL,1,117.49421,2,3
2022-09-01T21:15:00-00:00,2022-09-01T21:30:00-00:00,2022-09-01,15,HERSHEY_LNODESLL,HERSHEY_LNODESLL,HERSHEY_LNODESLL,RTPD,MCE,LMP_ENE_PRC,HERSHEY_LNODESLL,ALL,1,147.21185,2,3
2022-09-01T22:15:00-00:00,2022-09-01T22:30:00-00:00,2022-09-01,16,HERSHEY_LNODESLL,HERSHEY_LNODESLL,HERSHEY_LNODESLL,RTPD,MCE,LMP_ENE_PRC,HERSHEY_LNODESLL,ALL,1,256.58734,2,3
2022-09-01T23:15:00-00:00,2022-09-01T23:30:00-00:00,2022-09-01,17,HERSHEY_LNODESLL,HERSHEY_LNODESLL,HERSHEY_LNODESLL,RTPD,MCE,LMP_ENE_PRC,HERSHEY_LNODESLL,ALL,1,362.12408,2,3
2022-09-02T00:15:00-00:00,2022-09-02T00:30:00-00:00,2022-09-01,18,HERSHEY_LNODESLL,HERSHEY_LNODESLL,HERSHEY_LNODESLL,RTPD,MCE,LMP_ENE_PRC,HERSHEY_LNODESLL,ALL,1,691.2182,2,3
2022-09-02T01:15:00-00:00,2022-09-02T01:30:00-00:00,2022-09-01,19,HERSHEY_LNODESLL,HERSHEY_LNODESLL,HERSHEY_LNODESLL,RTPD,MCE,LMP_ENE_PRC,HERSHEY_LNODESLL,ALL,1,1999.9933,2,3
2022-09-02T02:15:00-00:00,2022-09-02T02:30:00-00:00,2022-09-01,20,HERSHEY_LNODESLL,HERSHEY_LNODESLL,HERSHEY_LNODESLL,RTPD,MCE,LMP_ENE_PRC,HERSHEY_LNODESLL,ALL,1,1991.6721,2,3
2022-09-02T03:15:00-00:00,2022-09-02T03:30:00-00:00,2022-09-01,21,HERSHEY_LNODESLL,HERSHEY_LNODESLL,HERSHEY_LNODESLL,RTPD,MCE,LMP_ENE_PRC,HERSHEY_LNODESLL,ALL,1,400.52884,2,3
2022-09-02T04:15:00-00:00,2022-09-02T04:30:00-00:00,2022-09-01,22,HERSHEY_LNODESLL,HERSHEY_LNODESLL,HERSHEY_LNODESLL,RTPD,MCE,LMP_ENE_PRC,HERSHEY_LNODESLL,ALL,1,224.75041,2,3
2022-09-02T05:15:00-00:00,2022-09-02T05:30:00-00:00,2022-09-01,23,HERSHEY_LNODESLL,HERSHEY_LNODESLL,HERSHEY_LNODESLL,RTPD,MCE,LMP_ENE_PRC,HERSHEY_LNODESLL,ALL,1,157.11986,2,3
2022-09-02T06:15:00-00:00,2022-09-02T06:30:00-00:00,2022-09-01,24,HERSHEY_LNODESLL,HERSHEY_LNODESLL,HERSHEY_LNODESLL,RTPD,MCE,LMP_ENE_PRC,HERSHEY_LNODESLL,ALL,1,143.1005,2,3
2022-09-01T07:30:00-00:00,2022-09-01T07:45:00-00:00,2022-09-01,01,HERSHEY_LNODESLL,HERSHEY_LNODESLL,HERSHEY_LNODESLL,RTPD,MCE,LMP_ENE_PRC,HERSHEY_LNODESLL,ALL,1,119.03196,3,3
2022-09-01T08:30:00-00:00,2022-09-01T08:45:00-00:00,2022-09-01,02,HERSHEY_LNODESLL,HERSHEY_LNODESLL,HERSHEY_LNODESLL,RTPD,MCE,LMP_ENE_PRC,HERSHEY_LNODESLL,ALL,1,111.11241,3,3
2022-09-01T09:30:00-00:00,2022-09-01T09:45:00-00:00,2022-09-01,03,HERSHEY_LNODESLL,HERSHEY_LNODESLL,HERSHEY_LNODESLL,RTPD,MCE,LMP_ENE_PRC,HERSHEY_LNODESLL,ALL,1,98.16228,3,3
2022-09-01T10:30:00-00:00,2022-09-01T10:45:00-00:00,2022-09-01,04,HERSHEY_LNODESLL,HERSHEY_LNODESLL,HERSHEY_LNODESLL,RTPD,MCE,LMP_ENE_PRC,HERSHEY_LNODESLL,ALL,1,96.36226,3,3
2022-09-01T11:30:00-00:00,2022-09-01T11:45:00-00:00,2022-09-01,05,HERSHEY_LNODESLL,HERSHEY_LNODESLL,HERSHEY_LNODESLL,RTPD,MCE,LMP_ENE_PRC,HERSHEY_LNODESLL,ALL,1,103.06198,3,3
2022-09-01T12:30:00-00:00,2022-09-01T12:45:00-00:00,2022-09-01,06,HERSHEY_LNODESLL,HERSHEY_LNODESLL,HERSHEY_LNODESLL,RTPD,MCE,LMP_ENE_PRC,HERSHEY_LNODESLL,ALL,1,113.57403,3,3
2022-09-01T13:30:00-00:00,2022-09-01T13:45:00-00:00,2022-09-01,07,HERSHEY_LNODESLL,HERSHEY_LNODESLL,HERSHEY_LNODESLL,RTPD,MCE,LMP_ENE_PRC,HERSHEY_LNODESLL,ALL,1,111.52025,3,3
2022-09-01T14:30:00-00:00,2022-09-01T14:45:00-00:00,2022-09-01,08,HERSHEY_LNODESLL,HERSHEY_LNODESLL,HERSHEY_LNODESLL,RTPD,MCE,LMP_ENE_PRC,HERSHEY_LNODESLL,ALL,1,101.83428,3,3
2022-09-01T15:30:00-00:00,2022-09-01T15:45:00-00:00,2022-09-01,09,HERSHEY_LNODESLL,HERSHEY_LNODESLL,HERSHEY_LNODESLL,RTPD,MCE,LMP_ENE_PRC,HERSHEY_LNODESLL,ALL,1,86.1388,3,3
2022-09-01T16:30:00-00:00,2022-09-01T16:45:00-00:00,2022-09-01,10,HERSHEY_LNODESLL,HERSHEY_LNODESLL,HERSHEY_LNODESLL,RTPD,MCE,LMP_ENE_PRC,HERSHEY_LNODESLL,ALL,1,88.79644,3,3
2022-09-01T17:30:00-00:00,2022-09-01T17:45:00-00:00,2022-09-01,11,HERSHEY_LNODESLL,HERSHEY_LNODESLL,HERSHEY_LNODESLL,RTPD,MCE,LMP_ENE_PRC,HERSHEY_LNODESLL,ALL,1,99.13013,3,3
2022-09-01T18:30:00-00:00,2022-09-01T18:45:00-00:00,2022-09-01,12,HERSHEY_LNODESLL,HERSHEY_LNODESLL,HERSHEY_LNODESLL,RTPD,MCE,LMP_ENE_PRC,HERSHEY_LNODESLL,ALL,1,107.05718,3,3
2022-09-01T19:30:00-00:00,2022-09-01T19:45:00-00:00,2022-09-01,13,HERSHEY_LNODESLL,HERSHEY_LNODESLL,HERSHEY_LNODESLL,RTPD,MCE,LMP_ENE_PRC,HERSHEY_LNODESLL,ALL,1,114.05905,3,3
2022-09-01T20:30:00-00:00,2022-09-01T20:45:00-00:00,2022-09-01,14,HERSHEY_LNODESLL,HERSHEY_LNODESLL,HERSHEY_LNODESLL,RTPD,MCE,LMP_ENE_PRC,HERSHEY_LNODESLL,ALL,1,129.81606,3,3
2022-09-01T21:30:00-00:00,2022-09-01T21:45:00-00:00,2022-09-01,15,HERSHEY_LNODESLL,HERSHEY_LNODESLL,HERSHEY_LNODESLL,RTPD,MCE,LMP_ENE_PRC,HERSHEY_LNODESLL,ALL,1,152.93057,3,3
2022-09-01T22:30:00-00:00,2022-09-01T22:45:00-00:00,2022-09-01,16,HERSHEY_LNODESLL,HERSHEY_LNODESLL,HERSHEY_LNODESLL,RTPD,MCE,LMP_ENE_PRC,HERSHEY_LNODESLL,ALL,1,283.18182,3,3
2022-09-01T23:30:00-00:00,2022-09-01T23:45:00-00:00,2022-09-01,17,HERSHEY_LNODESLL,HERSHEY_LNODESLL,HERSHEY_LNODESLL,RTPD,MCE,LMP_ENE_PRC,HERSHEY_LNODESLL,ALL,1,566.48157,3,3
2022-09-02T00:30:00-00:00,2022-09-02T00:45:00-00:00,2022-09-01,18,HERSHEY_LNODESLL,HERSHEY_LNODESLL,HERSHEY_LNODESLL,RTPD,MCE,LMP_ENE_PRC,HERSHEY_LNODESLL,ALL,1,1329.1127,3,3
2022-09-02T01:30:00-00:00,2022-09-02T01:45:00-00:00,2022-09-01,19,HERSHEY_LNODESLL,HERSHEY_LNODESLL,HERSHEY_LNODESLL,RTPD,MCE,LMP_ENE_PRC,HERSHEY_LNODESLL,ALL,1,1999.9956,3,3
2022-09-02T02:30:00-00:00,2022-09-02T02:45:00-00:00,2022-09-01,20,HERSHEY_LNODESLL,HERSHEY_LNODESLL,HERSHEY_LNODESLL,RTPD,MCE,LMP_ENE_PRC,HERSHEY_LNODESLL,ALL,1,1991.671,3,3
2022-09-02T03:30:00-00:00,2022-09-02T03:45:00-00:00,2022-09-01,21,HERSHEY_LNODESLL,HERSHEY_LNODESLL,HERSHEY_LNODESLL,RTPD,MCE,LMP_ENE_PRC,HERSHEY_LNODESLL,ALL,1,186.61823,3,3
2022-09-02T04:30:00-00:00,2022-09-02T04:45:00-00:00,2022-09-01,22,HERSHEY_LNODESLL,HERSHEY_LNODESLL,HERSHEY_LNODESLL,RTPD,MCE,LMP_ENE_PRC,HERSHEY_LNODESLL,ALL,1,180.67824,3,3
2022-09-02T05:30:00-00:00,2022-09-02T05:45:00-00:00,2022-09-01,23,HERSHEY_LNODESLL,HERSHEY_LNODESLL,HERSHEY_LNODESLL,RTPD,MCE,LMP_ENE_PRC,HERSHEY_LNODESLL,ALL,1,131.69917,3,3
2022-09-02T06:30:00-00:00,2022-09-02T06:45:00-00:00,2022-09-01,24,HERSHEY_LNODESLL,HERSHEY_LNODESLL,HERSHEY_LNODESLL,RTPD,MCE,LMP_ENE_PRC,HERSHEY_LNODESLL,ALL,1,128.9871,3,3
2022-09-01T07:45:00-00:00,2022-09-01T08:00:00-00:00,2022-09-01,01,HERSHEY_LNODESLL,HERSHEY_LNODESLL,HERSHEY_LNODESLL,RTPD,MCE,LMP_ENE_PRC,HERSHEY_LNODESLL,ALL,1,109.12099,4,3
2022-09-01T08:45:00-00:00,2022-09-01T09:00:00-00:00,2022-09-01,02,HERSHEY_LNODESLL,HERSHEY_LNODESLL,HERSHEY_LNODESLL,RTPD,MCE,LMP_ENE_PRC,HERSHEY_LNODESLL,ALL,1,98.7357,4,3
2022-09-01T09:45:00-00:00,2022-09-01T10:00:00-00:00,2022-09-01,03,HERSHEY_LNODESLL,HERSHEY_LNODESLL,HERSHEY_LNODESLL,RTPD,MCE,LMP_ENE_PRC,HERSHEY_LNODESLL,ALL,1,97.50475,4,3
2022-09-01T10:45:00-00:00,2022-09-01T11:00:00-00:00,2022-09-01,04,HERSHEY_LNODESLL,HERSHEY_LNODESLL,HERSHEY_LNODESLL,RTPD,MCE,LMP_ENE_PRC,HERSHEY_LNODESLL,ALL,1,94.71966,4,3
2022-09-01T11:45:00-00:00,2022-09-01T12:00:00-00:00,2022-09-01,05,HERSHEY_LNODESLL,HERSHEY_LNODESLL,HERSHEY_LNODESLL,RTPD,MCE,LMP_ENE_PRC,HERSHEY_LNODESLL,ALL,1,107.01,4,3
2022-09-01T12:45:00-00:00,2022-09-01T13:00:00-00:00,2022-09-01,06,HERSHEY_LNODESLL,HERSHEY_LNODESLL,HERSHEY_LNODESLL,RTPD,MCE,LMP_ENE_PRC,HERSHEY_LNODESLL,ALL,1,116.4848,4,3
2022-09-01T13:45:00-00:00,2022-09-01T14:00:00-00:00,2022-09-01,07,HERSHEY_LNODESLL,HERSHEY_LNODESLL,HERSHEY_LNODESLL,RTPD,MCE,LMP_ENE_PRC,HERSHEY_LNODESLL,ALL,1,111.41,4,3
2022-09-01T14:45:00-00:00,2022-09-01T15:00:00-00:00,2022-09-01,08,HERSHEY_LNODESLL,HERSHEY_LNODESLL,HERSHEY_LNODESLL,RTPD,MCE,LMP_ENE_PRC,HERSHEY_LNODESLL,ALL,1,86.1388,4,3
2022-09-01T15:45:00-00:00,2022-09-01T16:00:00-00:00,2022-09-01,09,HERSHEY_LNODESLL,HERSHEY_LNODESLL,HERSHEY_LNODESLL,RTPD,MCE,LMP_ENE_PRC,HERSHEY_LNODESLL,ALL,1,78.70076,4,3
2022-09-01T16:45:00-00:00,2022-09-01T17:00:00-00:00,2022-09-01,10,HERSHEY_LNODESLL,HERSHEY_LNODESLL,HERSHEY_LNODESLL,RTPD,MCE,LMP_ENE_PRC,HERSHEY_LNODESLL,ALL,1,91.24933,4,3
2022-09-01T17:45:00-00:00,2022-09-01T18:00:00-00:00,2022-09-01,11,HERSHEY_LNODESLL,HERSHEY_LNODESLL,HERSHEY_LNODESLL,RTPD,MCE,LMP_ENE_PRC,HERSHEY_LNODESLL,ALL,1,99.20544,4,3
2022-09-01T18:45:00-00:00,2022-09-01T19:00:00-00:00,2022-09-01,12,HERSHEY_LNODESLL,HERSHEY_LNODESLL,HERSHEY_LNODESLL,RTPD,MCE,LMP_ENE_PRC,HERSHEY_LNODESLL,ALL,1,109.04064,4,3
2022-09-01T19:45:00-00:00,2022-09-01T20:00:00-00:00,2022-09-01,13,HERSHEY_LNODESLL,HERSHEY_LNODESLL,HERSHEY_LNODESLL,RTPD,MCE,LMP_ENE_PRC,HERSHEY_LNODESLL,ALL,1,120.22491,4,3
2022-09-01T20:45:00-00:00,2022-09-01T21:00:00-00:00,2022-09-01,14,HERSHEY_LNODESLL,HERSHEY_LNODESLL,HERSHEY_LNODESLL,RTPD,MCE,LMP_ENE_PRC,HERSHEY_LNODESLL,ALL,1,154.02509,4,3
2022-09-01T21:45:00-00:00,2022-09-01T22:00:00-00:00,2022-09-01,15,HERSHEY_LNODESLL,HERSHEY_LNODESLL,HERSHEY_LNODESLL,RTPD,MCE,LMP_ENE_PRC,HERSHEY_LNODESLL,ALL,1,300.29376,4,3
2022-09-01T22:45:00-00:00,2022-09-01T23:00:00-00:00,2022-09-01,16,HERSHEY_LNODESLL,HERSHEY_LNODESLL,HERSHEY_LNODESLL,RTPD,MCE,LMP_ENE_PRC,HERSHEY_LNODESLL,ALL,1,429.9137,4,3
2022-09-01T23:45:00-00:00,2022-09-02T00:00:00-00:00,2022-09-01,17,HERSHEY_LNODESLL,HERSHEY_LNODESLL,HERSHEY_LNODESLL,RTPD,MCE,LMP_ENE_PRC,HERSHEY_LNODESLL,ALL,1,1261.2124,4,3
2022-09-02T00:45:00-00:00,2022-09-02T01:00:00-00:00,2022-09-01,18,HERSHEY_LNODESLL,HERSHEY_LNODESLL,HERSHEY_LNODESLL,RTPD,MCE,LMP_ENE_PRC,HERSHEY_LNODESLL,ALL,1,1519.149,4,3
2022-09-02T01:45:00-00:00,2022-09-02T02:00:00-00:00,2022-09-01,19,HERSHEY_LNODESLL,HERSHEY_LNODESLL,HERSHEY_LNODESLL,RTPD,MCE,LMP_ENE_PRC,HERSHEY_LNODESLL,ALL,1,1991.9337,4,3
2022-09-02T02:45:00-00:00,2022-09-02T03:00:00-00:00,2022-09-01,20,HERSHEY_LNODESLL,HERSHEY_LNODESLL,HERSHEY_LNODESLL,RTPD,MCE,LMP_ENE_PRC,HERSHEY_LNODESLL,ALL,1,1629.6213,4,3
2022-09-02T03:45:00-00:00,2022-09-02T04:00:00-00:00,2022-09-01,21,HERSHEY_LNODESLL,HERSHEY_LNODESLL,HERSHEY_LNODESLL,RTPD,MCE,LMP_ENE_PRC,HERSHEY_LNODESLL,ALL,1,141.13702,4,3
2022-09-02T04:45:00-00:00,2022-09-02T05:00:00-00:00,2022-09-01,22,HERSHEY_LNODESLL,HERSHEY_LNODESLL,HERSHEY_LNODESLL,RTPD,MCE,LMP_ENE_PRC,HERSHEY_LNODESLL,ALL,1,126.76372,4,3
2022-09-02T05:45:00-00:00,2022-09-02T06:00:00-00:00,2022-09-01,23,HERSHEY_LNODESLL,HERSHEY_LNODESLL,HERSHEY_LNODESLL,RTPD,MCE,LMP_ENE_PRC,HERSHEY_LNODESLL,ALL,1,119.00958,4,3
2022-09-02T06:45:00-00:00,2022-09-02T07:00:00-00:00,2022-09-01,24,HERSHEY_LNODESLL,HERSHEY_LNODESLL,HERSHEY_LNODESLL,RTPD,MCE,LMP_ENE_PRC,HERSHEY_LNODESLL,ALL,1,109.20324,4,3
2022-09-01T07:00:00-00:00,2022-09-01T07:15:00-00:00,2022-09-01,01,HERSHEY_LNODESLL,HERSHEY_LNODESLL,HERSHEY_LNODESLL,RTPD,MCL,LMP_LOSS_PRC,HERSHEY_LNODESLL,ALL,1,4.47172,1,4
2022-09-01T08:00:00-00:00,2022-09-01T08:15:00-00:00,2022-09-01,02,HERSHEY_LNODESLL,HERSHEY_LNODESLL,HERSHEY_LNODESLL,RTPD,MCL,LMP_LOSS_PRC,HERSHEY_LNODESLL,ALL,1,0,1,4
2022-09-01T09:00:00-00:00,2022-09-01T09:15:00-00:00,2022-09-01,03,HERSHEY_LNODESLL,HERSHEY_LNODESLL,HERSHEY_LNODESLL,RTPD,MCL,LMP_LOSS_PRC,HERSHEY_LNODESLL,ALL,1,5.41544,1,4
2022-09-01T10:00:00-00:00,2022-09-01T10:15:00-00:00,2022-09-01,04,HERSHEY_LNODESLL,HERSHEY_LNODESLL,HERSHEY_LNODESLL,RTPD,MCL,LMP_LOSS_PRC,HERSHEY_LNODESLL,ALL,1,5.37607,1,4
2022-09-01T11:00:00-00:00,2022-09-01T11:15:00-00:00,2022-09-01,05,HERSHEY_LNODESLL,HERSHEY_LNODESLL,HERSHEY_LNODESLL,RTPD,MCL,LMP_LOSS_PRC,HERSHEY_LNODESLL,ALL,1,5.74391,1,4
2022-09-01T12:00:00-00:00,2022-09-01T12:15:00-00:00,2022-09-01,06,HERSHEY_LNODESLL,HERSHEY_LNODESLL,HERSHEY_LNODESLL,RTPD,MCL,LMP_LOSS_PRC,HERSHEY_LNODESLL,ALL,1,5.09745,1,4
2022-09-01T13:00:00-00:00,2022-09-01T13:15:00-00:00,2022-09-01,07,HERSHEY_LNODESLL,HERSHEY_LNODESLL,HERSHEY_LNODESLL,RTPD,MCL,LMP_LOSS_PRC,HERSHEY_LNODESLL,ALL,1,0,1,4
2022-09-01T14:00:00-00:00,2022-09-01T14:15:00-00:00,2022-09-01,08,HERSHEY_LNODESLL,HERSHEY_LNODESLL,HERSHEY_LNODESLL,RTPD,MCL,LMP_LOSS_PRC,HERSHEY_LNODESLL,ALL,1,6.1111,1,4
2022-09-01T15:00:00-00:00,2022-09-01T15:15:00-00:00,2022-09-01,09,HERSHEY_LNODESLL,HERSHEY_LNODESLL,HERSHEY_LNODESLL,RTPD,MCL,LMP_LOSS_PRC,HERSHEY_LNODESLL,ALL,1,0,1,4
2022-09-01T16:00:00-00:00,2022-09-01T16:15:00-00:00,2022-09-01,10,HERSHEY_LNODESLL,HERSHEY_LNODESLL,HERSHEY_LNODESLL,RTPD,MCL,LMP_LOSS_PRC,HERSHEY_LNODESLL,ALL,1,0,1,4
2022-09-01T17:00:00-00:00,2022-09-01T17:15:00-00:00,2022-09-01,11,HERSHEY_LNODESLL,HERSHEY_LNODESLL,HERSHEY_LNODESLL,RTPD,MCL,LMP_LOSS_PRC,HERSHEY_LNODESLL,ALL,1,0,1,4
2022-09-01T18:00:00-00:00,2022-09-01T18:15:00-00:00,2022-09-01,12,HERSHEY_LNODESLL,HERSHEY_LNODESLL,HERSHEY_LNODESLL,RTPD,MCL,LMP_LOSS_PRC,HERSHEY_LNODESLL,ALL,1,0,1,4
2022-09-01T19:00:00-00:00,2022-09-01T19:15:00-00:00,2022-09-01,13,HERSHEY_LNODESLL,HERSHEY_LNODESLL,HERSHEY_LNODESLL,RTPD,MCL,LMP_LOSS_PRC,HERSHEY_LNODESLL,ALL,1,0,1,4
2022-09-01T20:00:00-00:00,2022-09-01T20:15:00-00:00,2022-09-01,14,HERSHEY_LNODESLL,HERSHEY_LNODESLL,HERSHEY_LNODESLL,RTPD,MCL,LMP_LOSS_PRC,HERSHEY_LNODESLL,ALL,1,0,1,4
2022-09-01T21:00:00-00:00,2022-09-01T21:15:00-00:00,2022-09-01,15,HERSHEY_LNODESLL,HERSHEY_LNODESLL,HERSHEY_LNODESLL,RTPD,MCL,LMP_LOSS_PRC,HERSHEY_LNODESLL,ALL,1,0,1,4
2022-09-01T22:00:00-00:00,2022-09-01T22:15:00-00:00,2022-09-01,16,HERSHEY_LNODESLL,HERSHEY_LNODESLL,HERSHEY_LNODESLL,RTPD,MCL,LMP_LOSS_PRC,HERSHEY_LNODESLL,ALL,1,0,1,4
2022-09-01T23:00:00-00:00,2022-09-01T23:15:00-00:00,2022-09-01,17,HERSHEY_LNODESLL,HERSHEY_LNODESLL,HERSHEY_LNODESLL,RTPD,MCL,LMP_LOSS_PRC,HERSHEY_LNODESLL,ALL,1,0,1,4
2022-09-02T00:00:00-00:00,2022-09-02T00:15:00-00:00,2022-09-01,18,HERSHEY_LNODESLL,HERSHEY_LNODESLL,HERSHEY_LNODESLL,RTPD,MCL,LMP_LOSS_PRC,HERSHEY_LNODESLL,ALL,1,59.18056,1,4
2022-09-02T01:00:00-00:00,2022-09-02T01:15:00-00:00,2022-09-01,19,HERSHEY_LNODESLL,HERSHEY_LNODESLL,HERSHEY_LNODESLL,RTPD,MCL,LMP_LOSS_PRC,HERSHEY_LNODESLL,ALL,1,0,1,4
2022-09-02T02:00:00-00:00,2022-09-02T02:15:00-00:00,2022-09-01,20,HERSHEY_LNODESLL,HERSHEY_LNODESLL,HERSHEY_LNODESLL,RTPD,MCL,LMP_LOSS_PRC,HERSHEY_LNODESLL,ALL,1,0,1,4
2022-09-02T03:00:00-00:00,2022-09-02T03:15:00-00:00,2022-09-01,21,HERSHEY_LNODESLL,HERSHEY_LNODESLL,HERSHEY_LNODESLL,RTPD,MCL,LMP_LOSS_PRC,HERSHEY_LNODESLL,ALL,1,77.62469,1,4
2022-09-02T04:00:00-00:00,2022-09-02T04:15:00-00:00,2022-09-01,22,HERSHEY_LNODESLL,HERSHEY_LNODESLL,HERSHEY_LNODESLL,RTPD,MCL,LMP_LOSS_PRC,HERSHEY_LNODESLL,ALL,1,22.68894,1,4
2022-09-02T05:00:00-00:00,2022-09-02T05:15:00-00:00,2022-09-01,23,HERSHEY_LNODESLL,HERSHEY_LNODESLL,HERSHEY_LNODESLL,RTPD,MCL,LMP_LOSS_PRC,HERSHEY_LNODESLL,ALL,1,12.5708,1,4
2022-09-02T06:00:00-00:00,2022-09-02T06:15:00-00:00,2022-09-01,24,HERSHEY_LNODESLL,HERSHEY_LNODESLL,HERSHEY_LNODESLL,RTPD,MCL,LMP_LOSS_PRC,HERSHEY_LNODESLL,ALL,1,8.05462,1,4
2022-09-01T07:15:00-00:00,2022-09-01T07:30:00-00:00,2022-09-01,01,HERSHEY_LNODESLL,HERSHEY_LNODESLL,HERSHEY_LNODESLL,RTPD,MCL,LMP_LOSS_PRC,HERSHEY_LNODESLL,ALL,1,0,2,4
2022-09-01T08:15:00-00:00,2022-09-01T08:30:00-00:00,2022-09-01,02,HERSHEY_LNODESLL,HERSHEY_LNODESLL,HERSHEY_LNODESLL,RTPD,MCL,LMP_LOSS_PRC,HERSHEY_LNODESLL,ALL,1,0,2,4
2022-09-01T09:15:00-00:00,2022-09-01T09:30:00-00:00,2022-09-01,03,HERSHEY_LNODESLL,HERSHEY_LNODESLL,HERSHEY_LNODESLL,RTPD,MCL,LMP_LOSS_PRC,HERSHEY_LNODESLL,ALL,1,5.27907,2,4
2022-09-01T10:15:00-00:00,2022-09-01T10:30:00-00:00,2022-09-01,04,HERSHEY_LNODESLL,HERSHEY_LNODESLL,HERSHEY_LNODESLL,RTPD,MCL,LMP_LOSS_PRC,HERSHEY_LNODESLL,ALL,1,5.34514,2,4
2022-09-01T11:15:00-00:00,2022-09-01T11:30:00-00:00,2022-09-01,05,HERSHEY_LNODESLL,HERSHEY_LNODESLL,HERSHEY_LNODESLL,RTPD,MCL,LMP_LOSS_PRC,HERSHEY_LNODESLL,ALL,1,5.77314,2,4
2022-09-01T12:15:00-00:00,2022-09-01T12:30:00-00:00,2022-09-01,06,HERSHEY_LNODESLL,HERSHEY_LNODESLL,HERSHEY_LNODESLL,RTPD,MCL,LMP_LOSS_PRC,HERSHEY_LNODESLL,ALL,1,5.97998,2,4
2022-09-01T13:15:00-00:00,2022-09-01T13:30:00-00:00,2022-09-01,07,HERSHEY_LNODESLL,HERSHEY_LNODESLL,HERSHEY_LNODESLL,RTPD,MCL,LMP_LOSS_PRC,HERSHEY_LNODESLL,ALL,1,5.84849,2,4
2022-09-01T14:15:00-00:00,2022-09-01T14:30:00-00:00,2022-09-01,08,HERSHEY_LNODESLL,HERSHEY_LNODESLL,HERSHEY_LNODESLL,RTPD,MCL,LMP_LOSS_PRC,HERSHEY_LNODESLL,ALL,1,5.43841,2,4
2022-09-01T15:15:00-00:00,2022-09-01T15:30:00-00:00,2022-09-01,09,HERSHEY_LNODESLL,HERSHEY_LNODESLL,HERSHEY_LNODESLL,RTPD,MCL,LMP_LOSS_PRC,HERSHEY_LNODESLL,ALL,1,0,2,4
2022-09-01T16:15:00-00:00,2022-09-01T16:30:00-00:00,2022-09-01,10,HERSHEY_LNODESLL,HERSHEY_LNODESLL,HERSHEY_LNODESLL,RTPD,MCL,LMP_LOSS_PRC,HERSHEY_LNODESLL,ALL,1,0,2,4
2022-09-01T17:15:00-00:00,2022-09-01T17:30:00-00:00,2022-09-01,11,HERSHEY_LNODESLL,HERSHEY_LNODESLL,HERSHEY_LNODESLL,RTPD,MCL,LMP_LOSS_PRC,HERSHEY_LNODESLL,ALL,1,0,2,4
2022-09-01T18:15:00-00:00,2022-09-01T18:30:00-00:00,2022-09-01,12,HERSHEY_LNODESLL,HERSHEY_LNODESLL,HERSHEY_LNODESLL,RTPD,MCL,LMP_LOSS_PRC,HERSHEY_LNODESLL,ALL,1,0,2,4
2022-09-01T19:15:00-00:00,2022-09-01T19:30:00-00:00,2022-09-01,13,HERSHEY_LNODESLL,HERSHEY_LNODESLL,HERSHEY_LNODESLL,RTPD,MCL,LMP_LOSS_PRC,HERSHEY_LNODESLL,ALL,1,0,2,4
2022-09-01T20:15:00-00:00,2022-09-01T20:30:00-00:00,2022-09-01,14,HERSHEY_LNODESLL,HERSHEY_LNODESLL,HERSHEY_LNODESLL,RTPD,MCL,LMP_LOSS_PRC,HERSHEY_LNODESLL,ALL,1,0,2,4
2022-09-01T21:15:00-00:00,2022-09-01T21:30:00-00:00,2022-09-01,15,HERSHEY_LNODESLL,HERSHEY_LNODESLL,HERSHEY_LNODESLL,RTPD,MCL,LMP_LOSS_PRC,HERSHEY_LNODESLL,ALL,1,0,2,4
2022-09-01T22:15:00-00:00,2022-09-01T22:30:00-00:00,2022-09-01,16,HERSHEY_LNODESLL,HERSHEY_LNODESLL,HERSHEY_LNODESLL,RTPD,MCL,LMP_LOSS_PRC,HERSHEY_LNODESLL,ALL,1,0,2,4
2022-09-01T23:15:00-00:00,2022-09-01T23:30:00-00:00,2022-09-01,17,HERSHEY_LNODESLL,HERSHEY_LNODESLL,HERSHEY_LNODESLL,RTPD,MCL,LMP_LOSS_PRC,HERSHEY_LNODESLL,ALL,1,0,2,4
2022-09-02T00:15:00-00:00,2022-09-02T00:30:00-00:00,2022-09-01,18,HERSHEY_LNODESLL,HERSHEY_LNODESLL,HERSHEY_LNODESLL,RTPD,MCL,LMP_LOSS_PRC,HERSHEY_LNODESLL,ALL,1,54.39878,2,4
2022-09-02T01:15:00-00:00,2022-09-02T01:30:00-00:00,2022-09-01,19,HERSHEY_LNODESLL,HERSHEY_LNODESLL,HERSHEY_LNODESLL,RTPD,MCL,LMP_LOSS_PRC,HERSHEY_LNODESLL,ALL,1,0,2,4
2022-09-02T02:15:00-00:00,2022-09-02T02:30:00-00:00,2022-09-01,20,HERSHEY_LNODESLL,HERSHEY_LNODESLL,HERSHEY_LNODESLL,RTPD,MCL,LMP_LOSS_PRC,HERSHEY_LNODESLL,ALL,1,0,2,4
2022-09-02T03:15:00-00:00,2022-09-02T03:30:00-00:00,2022-09-01,21,HERSHEY_LNODESLL,HERSHEY_LNODESLL,HERSHEY_LNODESLL,RTPD,MCL,LMP_LOSS_PRC,HERSHEY_LNODESLL,ALL,1,33.20374,2,4
2022-09-02T04:15:00-00:00,2022-09-02T04:30:00-00:00,2022-09-01,22,HERSHEY_LNODESLL,HERSHEY_LNODESLL,HERSHEY_LNODESLL,RTPD,MCL,LMP_LOSS_PRC,HERSHEY_LNODESLL,ALL,1,19.19358,2,4
2022-09-02T05:15:00-00:00,2022-09-02T05:30:00-00:00,2022-09-01,23,HERSHEY_LNODESLL,HERSHEY_LNODESLL,HERSHEY_LNODESLL,RTPD,MCL,LMP_LOSS_PRC,HERSHEY_LNODESLL,ALL,1,10.80993,2,4
2022-09-02T06:15:00-00:00,2022-09-02T06:30:00-00:00,2022-09-01,24,HERSHEY_LNODESLL,HERSHEY_LNODESLL,HERSHEY_LNODESLL,RTPD,MCL,LMP_LOSS_PRC,HERSHEY_LNODESLL,ALL,1,6.56837,2,4
2022-09-01T07:30:00-00:00,2022-09-01T07:45:00-00:00,2022-09-01,01,HERSHEY_LNODESLL,HERSHEY_LNODESLL,HERSHEY_LNODESLL,RTPD,MCL,LMP_LOSS_PRC,HERSHEY_LNODESLL,ALL,1,0,3,4
2022-09-01T08:30:00-00:00,2022-09-01T08:45:00-00:00,2022-09-01,02,HERSHEY_LNODESLL,HERSHEY_LNODESLL,HERSHEY_LNODESLL,RTPD,MCL,LMP_LOSS_PRC,HERSHEY_LNODESLL,ALL,1,5.73346,3,4
2022-09-01T09:30:00-00:00,2022-09-01T09:45:00-00:00,2022-09-01,03,HERSHEY_LNODESLL,HERSHEY_LNODESLL,HERSHEY_LNODESLL,RTPD,MCL,LMP_LOSS_PRC,HERSHEY_LNODESLL,ALL,1,5.08487,3,4
2022-09-01T10:30:00-00:00,2022-09-01T10:45:00-00:00,2022-09-01,04,HERSHEY_LNODESLL,HERSHEY_LNODESLL,HERSHEY_LNODESLL,RTPD,MCL,LMP_LOSS_PRC,HERSHEY_LNODESLL,ALL,1,5.28072,3,4
2022-09-01T11:30:00-00:00,2022-09-01T11:45:00-00:00,2022-09-01,05,HERSHEY_LNODESLL,HERSHEY_LNODESLL,HERSHEY_LNODESLL,RTPD,MCL,LMP_LOSS_PRC,HERSHEY_LNODESLL,ALL,1,5.88491,3,4
2022-09-01T12:30:00-00:00,2022-09-01T12:45:00-00:00,2022-09-01,06,HERSHEY_LNODESLL,HERSHEY_LNODESLL,HERSHEY_LNODESLL,RTPD,MCL,LMP_LOSS_PRC,HERSHEY_LNODESLL,ALL,1,5.90591,3,4
2022-09-01T13:30:00-00:00,2022-09-01T13:45:00-00:00,2022-09-01,07,HERSHEY_LNODESLL,HERSHEY_LNODESLL,HERSHEY_LNODESLL,RTPD,MCL,LMP_LOSS_PRC,HERSHEY_LNODESLL,ALL,1,6.05548,3,4
2022-09-01T14:30:00-00:00,2022-09-01T14:45:00-00:00,2022-09-01,08,HERSHEY_LNODESLL,HERSHEY_LNODESLL,HERSHEY_LNODESLL,RTPD,MCL,LMP_LOSS_PRC,HERSHEY_LNODESLL,ALL,1,5.26477,3,4
2022-09-01T15:30:00-00:00,2022-09-01T15:45:00-00:00,2022-09-01,09,HERSHEY_LNODESLL,HERSHEY_LNODESLL,HERSHEY_LNODESLL,RTPD,MCL,LMP_LOSS_PRC,HERSHEY_LNODESLL,ALL,1,0,3,4
2022-09-01T16:30:00-00:00,2022-09-01T16:45:00-00:00,2022-09-01,10,HERSHEY_LNODESLL,HERSHEY_LNODESLL,HERSHEY_LNODESLL,RTPD,MCL,LMP_LOSS_PRC,HERSHEY_LNODESLL,ALL,1,0,3,4
2022-09-01T17:30:00-00:00,2022-09-01T17:45:00-00:00,2022-09-01,11,HERSHEY_LNODESLL,HERSHEY_LNODESLL,HERSHEY_LNODESLL,RTPD,MCL,LMP_LOSS_PRC,HERSHEY_LNODESLL,ALL,1,0,3,4
2022-09-01T18:30:00-00:00,2022-09-01T18:45:00-00:00,2022-09-01,12,HERSHEY_LNODESLL,HERSHEY_LNODESLL,HERSHEY_LNODESLL,RTPD,MCL,LMP_LOSS_PRC,HERSHEY_LNODESLL,ALL,1,0,3,4
2022-09-01T19:30:00-00:00,2022-09-01T19:45:00-00:00,2022-09-01,13,HERSHEY_LNODESLL,HERSHEY_LNODESLL,HERSHEY_LNODESLL,RTPD,MCL,LMP_LOSS_PRC,HERSHEY_LNODESLL,ALL,1,0,3,4
2022-09-01T20:30:00-00:00,2022-09-01T20:45:00-00:00,2022-09-01,14,HERSHEY_LNODESLL,HERSHEY_LNODESLL,HERSHEY_LNODESLL,RTPD,MCL,LMP_LOSS_PRC,HERSHEY_LNODESLL,ALL,1,0,3,4
2022-09-01T21:30:00-00:00,2022-09-01T21:45:00-00:00,2022-09-01,15,HERSHEY_LNODESLL,HERSHEY_LNODESLL,HERSHEY_LNODESLL,RTPD,MCL,LMP_LOSS_PRC,HERSHEY_LNODESLL,ALL,1,0,3,4
2022-09-01T22:30:00-00:00,2022-09-01T22:45:00-00:00,2022-09-01,16,HERSHEY_LNODESLL,HERSHEY_LNODESLL,HERSHEY_LNODESLL,RTPD,MCL,LMP_LOSS_PRC,HERSHEY_LNODESLL,ALL,1,0,3,4
2022-09-01T23:30:00-00:00,2022-09-01T23:45:00-00:00,2022-09-01,17,HERSHEY_LNODESLL,HERSHEY_LNODESLL,HERSHEY_LNODESLL,RTPD,MCL,LMP_LOSS_PRC,HERSHEY_LNODESLL,ALL,1,0,3,4
2022-09-02T00:30:00-00:00,2022-09-02T00:45:00-00:00,2022-09-01,18,HERSHEY_LNODESLL,HERSHEY_LNODESLL,HERSHEY_LNODESLL,RTPD,MCL,LMP_LOSS_PRC,HERSHEY_LNODESLL,ALL,1,0,3,4
2022-09-02T01:30:00-00:00,2022-09-02T01:45:00-00:00,2022-09-01,19,HERSHEY_LNODESLL,HERSHEY_LNODESLL,HERSHEY_LNODESLL,RTPD,MCL,LMP_LOSS_PRC,HERSHEY_LNODESLL,ALL,1,0,3,4
2022-09-02T02:30:00-00:00,2022-09-02T02:45:00-00:00,2022-09-01,20,HERSHEY_LNODESLL,HERSHEY_LNODESLL,HERSHEY_LNODESLL,RTPD,MCL,LMP_LOSS_PRC,HERSHEY_LNODESLL,ALL,1,0,3,4
2022-09-02T03:30:00-00:00,2022-09-02T03:45:00-00:00,2022-09-01,21,HERSHEY_LNODESLL,HERSHEY_LNODESLL,HERSHEY_LNODESLL,RTPD,MCL,LMP_LOSS_PRC,HERSHEY_LNODESLL,ALL,1,15.07866,3,4
2022-09-02T04:30:00-00:00,2022-09-02T04:45:00-00:00,2022-09-01,22,HERSHEY_LNODESLL,HERSHEY_LNODESLL,HERSHEY_LNODESLL,RTPD,MCL,LMP_LOSS_PRC,HERSHEY_LNODESLL,ALL,1,13.29783,3,4
2022-09-02T05:30:00-00:00,2022-09-02T05:45:00-00:00,2022-09-01,23,HERSHEY_LNODESLL,HERSHEY_LNODESLL,HERSHEY_LNODESLL,RTPD,MCL,LMP_LOSS_PRC,HERSHEY_LNODESLL,ALL,1,8.87661,3,4
2022-09-02T06:30:00-00:00,2022-09-02T06:45:00-00:00,2022-09-01,24,HERSHEY_LNODESLL,HERSHEY_LNODESLL,HERSHEY_LNODESLL,RTPD,MCL,LMP_LOSS_PRC,HERSHEY_LNODESLL,ALL,1,7.13305,3,4
2022-09-01T07:45:00-00:00,2022-09-01T08:00:00-00:00,2022-09-01,01,HERSHEY_LNODESLL,HERSHEY_LNODESLL,HERSHEY_LNODESLL,RTPD,MCL,LMP_LOSS_PRC,HERSHEY_LNODESLL,ALL,1,0,4,4
2022-09-01T08:45:00-00:00,2022-09-01T09:00:00-00:00,2022-09-01,02,HERSHEY_LNODESLL,HERSHEY_LNODESLL,HERSHEY_LNODESLL,RTPD,MCL,LMP_LOSS_PRC,HERSHEY_LNODESLL,ALL,1,4.88748,4,4
2022-09-01T09:45:00-00:00,2022-09-01T10:00:00-00:00,2022-09-01,03,HERSHEY_LNODESLL,HERSHEY_LNODESLL,HERSHEY_LNODESLL,RTPD,MCL,LMP_LOSS_PRC,HERSHEY_LNODESLL,ALL,1,5.01181,4,4
2022-09-01T10:45:00-00:00,2022-09-01T11:00:00-00:00,2022-09-01,04,HERSHEY_LNODESLL,HERSHEY_LNODESLL,HERSHEY_LNODESLL,RTPD,MCL,LMP_LOSS_PRC,HERSHEY_LNODESLL,ALL,1,5.10545,4,4
2022-09-01T11:45:00-00:00,2022-09-01T12:00:00-00:00,2022-09-01,05,HERSHEY_LNODESLL,HERSHEY_LNODESLL,HERSHEY_LNODESLL,RTPD,MCL,LMP_LOSS_PRC,HERSHEY_LNODESLL,ALL,1,0,4,4
2022-09-01T12:45:00-00:00,2022-09-01T13:00:00-00:00,2022-09-01,06,HERSHEY_LNODESLL,HERSHEY_LNODESLL,HERSHEY_LNODESLL,RTPD,MCL,LMP_LOSS_PRC,HERSHEY_LNODESLL,ALL,1,0,4,4
2022-09-01T13:45:00-00:00,2022-09-01T14:00:00-00:00,2022-09-01,07,HERSHEY_LNODESLL,HERSHEY_LNODESLL,HERSHEY_LNODESLL,RTPD,MCL,LMP_LOSS_PRC,HERSHEY_LNODESLL,ALL,1,0,4,4
2022-09-01T14:45:00-00:00,2022-09-01T15:00:00-00:00,2022-09-01,08,HERSHEY_LNODESLL,HERSHEY_LNODESLL,HERSHEY_LNODESLL,RTPD,MCL,LMP_LOSS_PRC,HERSHEY_LNODESLL,ALL,1,0,4,4
2022-09-01T15:45:00-00:00,2022-09-01T16:00:00-00:00,2022-09-01,09,HERSHEY_LNODESLL,HERSHEY_LNODESLL,HERSHEY_LNODESLL,RTPD,MCL,LMP_LOSS_PRC,HERSHEY_LNODESLL,ALL,1,0,4,4
2022-09-01T16:45:00-00:00,2022-09-01T17:00:00-00:00,2022-09-01,10,HERSHEY_LNODESLL,HERSHEY_LNODESLL,HERSHEY_LNODESLL,RTPD,MCL,LMP_LOSS_PRC,HERSHEY_LNODESLL,ALL,1,0,4,4
2022-09-01T17:45:00-00:00,2022-09-01T18:00:00-00:00,2022-09-01,11,HERSHEY_LNODESLL,HERSHEY_LNODESLL,HERSHEY_LNODESLL,RTPD,MCL,LMP_LOSS_PRC,HERSHEY_LNODESLL,ALL,1,0,4,4
2022-09-01T18:45:00-00:00,2022-09-01T19:00:00-00:00,2022-09-01,12,HERSHEY_LNODESLL,HERSHEY_LNODESLL,HERSHEY_LNODESLL,RTPD,MCL,LMP_LOSS_PRC,HERSHEY_LNODESLL,ALL,1,0,4,4
2022-09-01T19:45:00-00:00,2022-09-01T20:00:00-00:00,2022-09-01,13,HERSHEY_LNODESLL,HERSHEY_LNODESLL,HERSHEY_LNODESLL,RTPD,MCL,LMP_LOSS_PRC,HERSHEY_LNODESLL,ALL,1,0,4,4
2022-09-01T20:45:00-00:00,2022-09-01T21:00:00-00:00,2022-09-01,14,HERSHEY_LNODESLL,HERSHEY_LNODESLL,HERSHEY_LNODESLL,RTPD,MCL,LMP_LOSS_PRC,HERSHEY_LNODESLL,ALL,1,0,4,4
2022-09-01T21:45:00-00:00,2022-09-01T22:00:00-00:00,2022-09-01,15,HERSHEY_LNODESLL,HERSHEY_LNODESLL,HERSHEY_LNODESLL,RTPD,MCL,LMP_LOSS_PRC,HERSHEY_LNODESLL,ALL,1,0,4,4
2022-09-01T22:45:00-00:00,2022-09-01T23:00:00-00:00,2022-09-01,16,HERSHEY_LNODESLL,HERSHEY_LNODESLL,HERSHEY_LNODESLL,RTPD,MCL,LMP_LOSS_PRC,HERSHEY_LNODESLL,ALL,1,0,4,4
2022-09-01T23:45:00-00:00,2022-09-02T00:00:00-00:00,2022-09-01,17,HERSHEY_LNODESLL,HERSHEY_LNODESLL,HERSHEY_LNODESLL,RTPD,MCL,LMP_LOSS_PRC,HERSHEY_LNODESLL,ALL,1,0,4,4
2022-09-02T00:45:00-00:00,2022-09-02T01:00:00-00:00,2022-09-01,18,HERSHEY_LNODESLL,HERSHEY_LNODESLL,HERSHEY_LNODESLL,RTPD,MCL,LMP_LOSS_PRC,HERSHEY_LNODESLL,ALL,1,0,4,4
2022-09-02T01:45:00-00:00,2022-09-02T02:00:00-00:00,2022-09-01,19,HERSHEY_LNODESLL,HERSHEY_LNODESLL,HERSHEY_LNODESLL,RTPD,MCL,LMP_LOSS_PRC,HERSHEY_LNODESLL,ALL,1,0,4,4
2022-09-02T02:45:00-00:00,2022-09-02T03:00:00-00:00,2022-09-01,20,HERSHEY_LNODESLL,HERSHEY_LNODESLL,HERSHEY_LNODESLL,RTPD,MCL,LMP_LOSS_PRC,HERSHEY_LNODESLL,ALL,1,150.08801,4,4
2022-09-02T03:45:00-00:00,2022-09-02T04:00:00-00:00,2022-09-01,21,HERSHEY_LNODESLL,HERSHEY_LNODESLL,HERSHEY_LNODESLL,RTPD,MCL,LMP_LOSS_PRC,HERSHEY_LNODESLL,ALL,1,10.16178,4,4
2022-09-02T04:45:00-00:00,2022-09-02T05:00:00-00:00,2022-09-01,22,HERSHEY_LNODESLL,HERSHEY_LNODESLL,HERSHEY_LNODESLL,RTPD,MCL,LMP_LOSS_PRC,HERSHEY_LNODESLL,ALL,1,10.95249,4,4
2022-09-02T05:45:00-00:00,2022-09-02T06:00:00-00:00,2022-09-01,23,HERSHEY_LNODESLL,HERSHEY_LNODESLL,HERSHEY_LNODESLL,RTPD,MCL,LMP_LOSS_PRC,HERSHEY_LNODESLL,ALL,1,7.10494,4,4
2022-09-02T06:45:00-00:00,2022-09-02T07:00:00-00:00,2022-09-01,24,HERSHEY_LNODESLL,HERSHEY_LNODESLL,HERSHEY_LNODESLL,RTPD,MCL,LMP_LOSS_PRC,HERSHEY_LNODESLL,ALL,1,6.4649,4,4
2022-09-01T07:00:00-00:00,2022-09-01T07:15:00-00:00,2022-09-01,01,HERSHEY_LNODESLL,HERSHEY_LNODESLL,HERSHEY_LNODESLL,RTPD,MGHG,LMP_GHG_PRC,HERSHEY_LNODESLL,ALL,1,0,1,5
2022-09-01T08:00:00-00:00,2022-09-01T08:15:00-00:00,2022-09-01,02,HERSHEY_LNODESLL,HERSHEY_LNODESLL,HERSHEY_LNODESLL,RTPD,MGHG,LMP_GHG_PRC,HERSHEY_LNODESLL,ALL,1,0,1,5
2022-09-01T09:00:00-00:00,2022-09-01T09:15:00-00:00,2022-09-01,03,HERSHEY_LNODESLL,HERSHEY_LNODESLL,HERSHEY_LNODESLL,RTPD,MGHG,LMP_GHG_PRC,HERSHEY_LNODESLL,ALL,1,0,1,5
2022-09-01T10:00:00-00:00,2022-09-01T10:15:00-00:00,2022-09-01,04,HERSHEY_LNODESLL,HERSHEY_LNODESLL,HERSHEY_LNODESLL,RTPD,MGHG,LMP_GHG_PRC,HERSHEY_LNODESLL,ALL,1,0,1,5
2022-09-01T11:00:00-00:00,2022-09-01T11:15:00-00:00,2022-09-01,05,HERSHEY_LNODESLL,HERSHEY_LNODESLL,HERSHEY_LNODESLL,RTPD,MGHG,LMP_GHG_PRC,HERSHEY_LNODESLL,ALL,1,0,1,5
2022-09-01T12:00:00-00:00,2022-09-01T12:15:00-00:00,2022-09-01,06,HERSHEY_LNODESLL,HERSHEY_LNODESLL,HERSHEY_LNODESLL,RTPD,MGHG,LMP_GHG_PRC,HERSHEY_LNODESLL,ALL,1,0,1,5
2022-09-01T13:00:00-00:00,2022-09-01T13:15:00-00:00,2022-09-01,07,HERSHEY_LNODESLL,HERSHEY_LNODESLL,HERSHEY_LNODESLL,RTPD,MGHG,LMP_GHG_PRC,HERSHEY_LNODESLL,ALL,1,0,1,5
2022-09-01T14:00:00-00:00,2022-09-01T14:15:00-00:00,2022-09-01,08,HERSHEY_LNODESLL,HERSHEY_LNODESLL,HERSHEY_LNODESLL,RTPD,MGHG,LMP_GHG_PRC,HERSHEY_LNODESLL,ALL,1,0,1,5
2022-09-01T15:00:00-00:00,2022-09-01T15:15:00-00:00,2022-09-01,09,HERSHEY_LNODESLL,HERSHEY_LNODESLL,HERSHEY_LNODESLL,RTPD,MGHG,LMP_GHG_PRC,HERSHEY_LNODESLL,ALL,1,0,1,5
2022-09-01T16:00:00-00:00,2022-09-01T16:15:00-00:00,2022-09-01,10,HERSHEY_LNODESLL,HERSHEY_LNODESLL,HERSHEY_LNODESLL,RTPD,MGHG,LMP_GHG_PRC,HERSHEY_LNODESLL,ALL,1,0,1,5
2022-09-01T17:00:00-00:00,2022-09-01T17:15:00-00:00,2022-09-01,11,HERSHEY_LNODESLL,HERSHEY_LNODESLL,HERSHEY_LNODESLL,RTPD,MGHG,LMP_GHG_PRC,HERSHEY_LNODESLL,ALL,1,0,1,5
2022-09-01T18:00:00-00:00,2022-09-01T18:15:00-00:00,2022-09-01,12,HERSHEY_LNODESLL,HERSHEY_LNODESLL,HERSHEY_LNODESLL,RTPD,MGHG,LMP_GHG_PRC,HERSHEY_LNODESLL,ALL,1,0,1,5
2022-09-01T19:00:00-00:00,2022-09-01T19:15:00-00:00,2022-09-01,13,HERSHEY_LNODESLL,HERSHEY_LNODESLL,HERSHEY_LNODESLL,RTPD,MGHG,LMP_GHG_PRC,HERSHEY_LNODESLL,ALL,1,0,1,5
2022-09-01T20:00:00-00:00,2022-09-01T20:15:00-00:00,2022-09-01,14,HERSHEY_LNODESLL,HERSHEY_LNODESLL,HERSHEY_LNODESLL,RTPD,MGHG,LMP_GHG_PRC,HERSHEY_LNODESLL,ALL,1,0,1,5
2022-09-01T21:00:00-00:00,2022-09-01T21:15:00-00:00,2022-09-01,15,HERSHEY_LNODESLL,HERSHEY_LNODESLL,HERSHEY_LNODESLL,RTPD,MGHG,LMP_GHG_PRC,HERSHEY_LNODESLL,ALL,1,0,1,5
2022-09-01T22:00:00-00:00,2022-09-01T22:15:00-00:00,2022-09-01,16,HERSHEY_LNODESLL,HERSHEY_LNODESLL,HERSHEY_LNODESLL,RTPD,MGHG,LMP_GHG_PRC,HERSHEY_LNODESLL,ALL,1,0,1,5
2022-09-01T23:00:00-00:00,2022-09-01T23:15:00-00:00,2022-09-01,17,HERSHEY_LNODESLL,HERSHEY_LNODESLL,HERSHEY_LNODESLL,RTPD,MGHG,LMP_GHG_PRC,HERSHEY_LNODESLL,ALL,1,0,1,5
2022-09-02T00:00:00-00:00,2022-09-02T00:15:00-00:00,2022-09-01,18,HERSHEY_LNODESLL,HERSHEY_LNODESLL,HERSHEY_LNODESLL,RTPD,MGHG,LMP_GHG_PRC,HERSHEY_LNODESLL,ALL,1,0,1,5
2022-09-02T01:00:00-00:00,2022-09-02T01:15:00-00:00,2022-09-01,19,HERSHEY_LNODESLL,HERSHEY_LNODESLL,HERSHEY_LNODESLL,RTPD,MGHG,LMP_GHG_PRC,HERSHEY_LNODESLL,ALL,1,0,1,5
2022-09-02T02:00:00-00:00,2022-09-02T02:15:00-00:00,2022-09-01,20,HERSHEY_LNODESLL,HERSHEY_LNODESLL,HERSHEY_LNODESLL,RTPD,MGHG,LMP_GHG_PRC,HERSHEY_LNODESLL,ALL,1,0,1,5
2022-09-02T03:00:00-00:00,2022-09-02T03:15:00-00:00,2022-09-01,21,HERSHEY_LNODESLL,HERSHEY_LNODESLL,HERSHEY_LNODESLL,RTPD,MGHG,LMP_GHG_PRC,HERSHEY_LNODESLL,ALL,1,0,1,5
2022-09-02T04:00:00-00:00,2022-09-02T04:15:00-00:00,2022-09-01,22,HERSHEY_LNODESLL,HERSHEY_LNODESLL,HERSHEY_LNODESLL,RTPD,MGHG,LMP_GHG_PRC,HERSHEY_LNODESLL,ALL,1,0,1,5
2022-09-02T05:00:00-00:00,2022-09-02T05:15:00-00:00,2022-09-01,23,HERSHEY_LNODESLL,HERSHEY_LNODESLL,HERSHEY_LNODESLL,RTPD,MGHG,LMP_GHG_PRC,HERSHEY_LNODESLL,ALL,1,0,1,5
2022-09-02T06:00:00-00:00,2022-09-02T06:15:00-00:00,2022-09-01,24,HERSHEY_LNODESLL,HERSHEY_LNODESLL,HERSHEY_LNODESLL,RTPD,MGHG,LMP_GHG_PRC,HERSHEY_LNODESLL,ALL,1,0,1,5
2022-09-01T07:15:00-00:00,2022-09-01T07:30:00-00:00,2022-09-01,01,HERSHEY_LNODESLL,HERSHEY_LNODESLL,HERSHEY_LNODESLL,RTPD,MGHG,LMP_GHG_PRC,HERSHEY_LNODESLL,ALL,1,0,2,5
2022-09-01T08:15:00-00:00,2022-09-01T08:30:00-00:00,2022-09-01,02,HERSHEY_LNODESLL,HERSHEY_LNODESLL,HERSHEY_LNODESLL,RTPD,MGHG,LMP_GHG_PRC,HERSHEY_LNODESLL,ALL,1,0,2,5
2022-09-01T09:15:00-00:00,2022-09-01T09:30:00-00:00,2022-09-01,03,HERSHEY_LNODESLL,HERSHEY_LNODESLL,HERSHEY_LNODESLL,RTPD,MGHG,LMP_GHG_PRC,HERSHEY_LNODESLL,ALL,1,0,2,5
2022-09-01T10:15:00-00:00,2022-09-01T10:30:00-00:00,2022-09-01,04,HERSHEY_LNODESLL,HERSHEY_LNODESLL,HERSHEY_LNODESLL,RTPD,MGHG,LMP_GHG_PRC,HERSHEY_LNODESLL,ALL,1,0,2,5
2022-09-01T11:15:00-00:00,2022-09-01T11:30:00-00:00,2022-09-01,05,HERSHEY_LNODESLL,HERSHEY_LNODESLL,HERSHEY_LNODESLL,RTPD,MGHG,LMP_GHG_PRC,HERSHEY_LNODESLL,ALL,1,0,2,5
2022-09-01T12:15:00-00:00,2022-09-01T12:30:00-00:00,2022-09-01,06,HERSHEY_LNODESLL,HERSHEY_LNODESLL,HERSHEY_LNODESLL,RTPD,MGHG,LMP_GHG_PRC,HERSHEY_LNODESLL,ALL,1,0,2,5
2022-09-01T13:15:00-00:00,2022-09-01T13:30:00-00:00,2022-09-01,07,HERSHEY_LNODESLL,HERSHEY_LNODESLL,HERSHEY_LNODESLL,RTPD,MGHG,LMP_GHG_PRC,HERSHEY_LNODESLL,ALL,1,0,2,5
2022-09-01T14:15:00-00:00,2022-09-01T14:30:00-00:00,2022-09-01,08,HERSHEY_LNODESLL,HERSHEY_LNODESLL,HERSHEY_LNODESLL,RTPD,MGHG,LMP_GHG_PRC,HERSHEY_LNODESLL,ALL,1,0,2,5
2022-09-01T15:15:00-00:00,2022-09-01T15:30:00-00:00,2022-09-01,09,HERSHEY_LNODESLL,HERSHEY_LNODESLL,HERSHEY_LNODESLL,RTPD,MGHG,LMP_GHG_PRC,HERSHEY_LNODESLL,ALL,1,0,2,5
2022-09-01T16:15:00-00:00,2022-09-01T16:30:00-00:00,2022-09-01,10,HERSHEY_LNODESLL,HERSHEY_LNODESLL,HERSHEY_LNODESLL,RTPD,MGHG,LMP_GHG_PRC,HERSHEY_LNODESLL,ALL,1,0,2,5
2022-09-01T17:15:00-00:00,2022-09-01T17:30:00-00:00,2022-09-01,11,HERSHEY_LNODESLL,HERSHEY_LNODESLL,HERSHEY_LNODESLL,RTPD,MGHG,LMP_GHG_PRC,HERSHEY_LNODESLL,ALL,1,0,2,5
2022-09-01T18:15:00-00:00,2022-09-01T18:30:00-00:00,2022-09-01,12,HERSHEY_LNODESLL,HERSHEY_LNODESLL,HERSHEY_LNODESLL,RTPD,MGHG,LMP_GHG_PRC,HERSHEY_LNODESLL,ALL,1,0,2,5
2022-09-01T19:15:00-00:00,2022-09-01T19:30:00-00:00,2022-09-01,13,HERSHEY_LNODESLL,HERSHEY_LNODESLL,HERSHEY_LNODESLL,RTPD,MGHG,LMP_GHG_PRC,HERSHEY_LNODESLL,ALL,1,0,2,5
2022-09-01T20:15:00-00:00,2022-09-01T20:30:00-00:00,2022-09-01,14,HERSHEY_LNODESLL,HERSHEY_LNODESLL,HERSHEY_LNODESLL,RTPD,MGHG,LMP_GHG_PRC,HERSHEY_LNODESLL,ALL,1,0,2,5
2022-09-01T21:15:00-00:00,2022-09-01T21:30:00-00:00,2022-09-01,15,HERSHEY_LNODESLL,HERSHEY_LNODESLL,HERSHEY_LNODESLL,RTPD,MGHG,LMP_GHG_PRC,HERSHEY_LNODESLL,ALL,1,0,2,5
2022-09-01T22:15:00-00:00,2022-09-01T22:30:00-00:00,2022-09-01,16,HERSHEY_LNODESLL,HERSHEY_LNODESLL,HERSHEY_LNODESLL,RTPD,MGHG,LMP_GHG_PRC,HERSHEY_LNODESLL,ALL,1,0,2,5
2022-09-01T23:15:00-00:00,2022-09-01T23:30:00-00:00,2022-09-01,17,HERSHEY_LNODESLL,HERSHEY_LNODESLL,HERSHEY_LNODESLL,RTPD,MGHG,LMP_GHG_PRC,HERSHEY_LNODESLL,ALL,1,0,2,5
2022-09-02T00:15:00-00:00,2022-09-02T00:30:00-00:00,2022-09-01,18,HERSHEY_LNODESLL,HERSHEY_LNODESLL,HERSHEY_LNODESLL,RTPD,MGHG,LMP_GHG_PRC,HERSHEY_LNODESLL,ALL,1,0,2,5
2022-09-02T01:15:00-00:00,2022-09-02T01:30:00-00:00,2022-09-01,19,HERSHEY_LNODESLL,HERSHEY_LNODESLL,HERSHEY_LNODESLL,RTPD,MGHG,LMP_GHG_PRC,HERSHEY_LNODESLL,ALL,1,0,2,5
2022-09-02T02:15:00-00:00,2022-09-02T02:30:00-00:00,2022-09-01,20,HERSHEY_LNODESLL,HERSHEY_LNODESLL,HERSHEY_LNODESLL,RTPD,MGHG,LMP_GHG_PRC,HERSHEY_LNODESLL,ALL,1,0,2,5
2022-09-02T03:15:00-00:00,2022-09-02T03:30:00-00:00,2022-09-01,21,HERSHEY_LNODESLL,HERSHEY_LNODESLL,HERSHEY_LNODESLL,RTPD,MGHG,LMP_GHG_PRC,HERSHEY_LNODESLL,ALL,1,0,2,5
2022-09-02T04:15:00-00:00,2022-09-02T04:30:00-00:00,2022-09-01,22,HERSHEY_LNODESLL,HERSHEY_LNODESLL,HERSHEY_LNODESLL,RTPD,MGHG,LMP_GHG_PRC,HERSHEY_LNODESLL,ALL,1,0,2,5
2022-09-02T05:15:00-00:00,2022-09-02T05:30:00-00:00,2022-09-01,23,HERSHEY_LNODESLL,HERSHEY_LNODESLL,HERSHEY_LNODESLL,RTPD,MGHG,LMP_GHG_PRC,HERSHEY_LNODESLL,ALL,1,0,2,5
2022-09-02T06:15:00-00:00,2022-09-02T06:30:00-00:00,2022-09-01,24,HERSHEY_LNODESLL,HERSHEY_LNODESLL,HERSHEY_LNODESLL,RTPD,MGHG,LMP_GHG_PRC,HERSHEY_LNODESLL,ALL,1,0,2,5
2022-09-01T07:30:00-00:00,2022-09-01T07:45:00-00:00,2022-09-01,01,HERSHEY_LNODESLL,HERSHEY_LNODESLL,HERSHEY_LNODESLL,RTPD,MGHG,LMP_GHG_PRC,HERSHEY_LNODESLL,ALL,1,0,3,5
2022-09-01T08:30:00-00:00,2022-09-01T08:45:00-00:00,2022-09-01,02,HERSHEY_LNODESLL,HERSHEY_LNODESLL,HERSHEY_LNODESLL,RTPD,MGHG,LMP_GHG_PRC,HERSHEY_LNODESLL,ALL,1,0,3,5
2022-09-01T09:30:00-00:00,2022-09-01T09:45:00-00:00,2022-09-01,03,HERSHEY_LNODESLL,HERSHEY_LNODESLL,HERSHEY_LNODESLL,RTPD,MGHG,LMP_GHG_PRC,HERSHEY_LNODESLL,ALL,1,0,3,5
2022-09-01T10:30:00-00:00,2022-09-01T10:45:00-00:00,2022-09-01,04,HERSHEY_LNODESLL,HERSHEY_LNODESLL,HERSHEY_LNODESLL,RTPD,MGHG,LMP_GHG_PRC,HERSHEY_LNODESLL,ALL,1,0,3,5
2022-09-01T11:30:00-00:00,2022-09-01T11:45:00-00:00,2022-09-01,05,HERSHEY_LNODESLL,HERSHEY_LNODESLL,HERSHEY_LNODESLL,RTPD,MGHG,LMP_GHG_PRC,HERSHEY_LNODESLL,ALL,1,0,3,5
2022-09-01T12:30:00-00:00,2022-09-01T12:45:00-00:00,2022-09-01,06,HERSHEY_LNODESLL,HERSHEY_LNODESLL,HERSHEY_LNODESLL,RTPD,MGHG,LMP_GHG_PRC,HERSHEY_LNODESLL,ALL,1,0,3,5
2022-09-01T13:30:00-00:00,2022-09-01T13:45:00-00:00,2022-09-01,07,HERSHEY_LNODESLL,HERSHEY_LNODESLL,HERSHEY_LNODESLL,RTPD,MGHG,LMP_GHG_PRC,HERSHEY_LNODESLL,ALL,1,0,3,5
2022-09-01T14:30:00-00:00,2022-09-01T14:45:00-00:00,2022-09-01,08,HERSHEY_LNODESLL,HERSHEY_LNODESLL,HERSHEY_LNODESLL,RTPD,MGHG,LMP_GHG_PRC,HERSHEY_LNODESLL,ALL,1,0,3,5
2022-09-01T15:30:00-00:00,2022-09-01T15:45:00-00:00,2022-09-01,09,HERSHEY_LNODESLL,HERSHEY_LNODESLL,HERSHEY_LNODESLL,RTPD,MGHG,LMP_GHG_PRC,HERSHEY_LNODESLL,ALL,1,0,3,5
2022-09-01T16:30:00-00:00,2022-09-01T16:45:00-00:00,2022-09-01,10,HERSHEY_LNODESLL,HERSHEY_LNODESLL,HERSHEY_LNODESLL,RTPD,MGHG,LMP_GHG_PRC,HERSHEY_LNODESLL,ALL,1,0,3,5
2022-09-01T17:30:00-00:00,2022-09-01T17:45:00-00:00,2022-09-01,11,HERSHEY_LNODESLL,HERSHEY_LNODESLL,HERSHEY_LNODESLL,RTPD,MGHG,LMP_GHG_PRC,HERSHEY_LNODESLL,ALL,1,0,3,5
2022-09-01T18:30:00-00:00,2022-09-01T18:45:00-00:00,2022-09-01,12,HERSHEY_LNODESLL,HERSHEY_LNODESLL,HERSHEY_LNODESLL,RTPD,MGHG,LMP_GHG_PRC,HERSHEY_LNODESLL,ALL,1,0,3,5
2022-09-01T19:30:00-00:00,2022-09-01T19:45:00-00:00,2022-09-01,13,HERSHEY_LNODESLL,HERSHEY_LNODESLL,HERSHEY_LNODESLL,RTPD,MGHG,LMP_GHG_PRC,HERSHEY_LNODESLL,ALL,1,0,3,5
2022-09-01T20:30:00-00:00,2022-09-01T20:45:00-00:00,2022-09-01,14,HERSHEY_LNODESLL,HERSHEY_LNODESLL,HERSHEY_LNODESLL,RTPD,MGHG,LMP_GHG_PRC,HERSHEY_LNODESLL,ALL,1,0,3,5
2022-09-01T21:30:00-00:00,2022-09-01T21:45:00-00:00,2022-09-01,15,HERSHEY_LNODESLL,HERSHEY_LNODESLL,HERSHEY_LNODESLL,RTPD,MGHG,LMP_GHG_PRC,HERSHEY_LNODESLL,ALL,1,0,3,5
2022-09-01T22:30:00-00:00,2022-09-01T22:45:00-00:00,2022-09-01,16,HERSHEY_LNODESLL,HERSHEY_LNODESLL,HERSHEY_LNODESLL,RTPD,MGHG,LMP_GHG_PRC,HERSHEY_LNODESLL,ALL,1,0,3,5
2022-09-01T23:30:00-00:00,2022-09-01T23:45:00-00:00,2022-09-01,17,HERSHEY_LNODESLL,HERSHEY_LNODESLL,HERSHEY_LNODESLL,RTPD,MGHG,LMP_GHG_PRC,HERSHEY_LNODESLL,ALL,1,0,3,5
2022-09-02T00:30:00-00:00,2022-09-02T00:45:00-00:00,2022-09-01,18,HERSHEY_LNODESLL,HERSHEY_LNODESLL,HERSHEY_LNODESLL,RTPD,MGHG,LMP_GHG_PRC,HERSHEY_LNODESLL,ALL,1,0,3,5
2022-09-02T01:30:00-00:00,2022-09-02T01:45:00-00:00,2022-09-01,19,HERSHEY_LNODESLL,HERSHEY_LNODESLL,HERSHEY_LNODESLL,RTPD,MGHG,LMP_GHG_PRC,HERSHEY_LNODESLL,ALL,1,0,3,5
2022-09-02T02:30:00-00:00,2022-09-02T02:45:00-00:00,2022-09-01,20,HERSHEY_LNODESLL,HERSHEY_LNODESLL,HERSHEY_LNODESLL,RTPD,MGHG,LMP_GHG_PRC,HERSHEY_LNODESLL,ALL,1,0,3,5
2022-09-02T03:30:00-00:00,2022-09-02T03:45:00-00:00,2022-09-01,21,HERSHEY_LNODESLL,HERSHEY_LNODESLL,HERSHEY_LNODESLL,RTPD,MGHG,LMP_GHG_PRC,HERSHEY_LNODESLL,ALL,1,0,3,5
2022-09-02T04:30:00-00:00,2022-09-02T04:45:00-00:00,2022-09-01,22,HERSHEY_LNODESLL,HERSHEY_LNODESLL,HERSHEY_LNODESLL,RTPD,MGHG,LMP_GHG_PRC,HERSHEY_LNODESLL,ALL,1,0,3,5
2022-09-02T05:30:00-00:00,2022-09-02T05:45:00-00:00,2022-09-01,23,HERSHEY_LNODESLL,HERSHEY_LNODESLL,HERSHEY_LNODESLL,RTPD,MGHG,LMP_GHG_PRC,HERSHEY_LNODESLL,ALL,1,0,3,5
2022-09-02T06:30:00-00:00,2022-09-02T06:45:00-00:00,2022-09-01,24,HERSHEY_LNODESLL,HERSHEY_LNODESLL,HERSHEY_LNODESLL,RTPD,MGHG,LMP_GHG_PRC,HERSHEY_LNODESLL,ALL,1,0,3,5
2022-09-01T07:45:00-00:00,2022-09-01T08:00:00-00:00,2022-09-01,01,HERSHEY_LNODESLL,HERSHEY_LNODESLL,HERSHEY_LNODESLL,RTPD,MGHG,LMP_GHG_PRC,HERSHEY_LNODESLL,ALL,1,0,4,5
2022-09-01T08:45:00-00:00,2022-09-01T09:00:00-00:00,2022-09-01,02,HERSHEY_LNODESLL,HERSHEY_LNODESLL,HERSHEY_LNODESLL,RTPD,MGHG,LMP_GHG_PRC,HERSHEY_LNODESLL,ALL,1,0,4,5
2022-09-01T09:45:00-00:00,2022-09-01T10:00:00-00:00,2022-09-01,03,HERSHEY_LNODESLL,HERSHEY_LNODESLL,HERSHEY_LNODESLL,RTPD,MGHG,LMP_GHG_PRC,HERSHEY_LNODESLL,ALL,1,0,4,5
2022-09-01T10:45:00-00:00,2022-09-01T11:00:00-00:00,2022-09-01,04,HERSHEY_LNODESLL,HERSHEY_LNODESLL,HERSHEY_LNODESLL,RTPD,MGHG,LMP_GHG_PRC,HERSHEY_LNODESLL,ALL,1,0,4,5
2022-09-01T11:45:00-00:00,2022-09-01T12:00:00-00:00,2022-09-01,05,HERSHEY_LNODESLL,HERSHEY_LNODESLL,HERSHEY_LNODESLL,RTPD,MGHG,LMP_GHG_PRC,HERSHEY_LNODESLL,ALL,1,0,4,5
2022-09-01T12:45:00-00:00,2022-09-01T13:00:00-00:00,2022-09-01,06,HERSHEY_LNODESLL,HERSHEY_LNODESLL,HERSHEY_LNODESLL,RTPD,MGHG,LMP_GHG_PRC,HERSHEY_LNODESLL,ALL,1,0,4,5
2022-09-01T13:45:00-00:00,2022-09-01T14:00:00-00:00,2022-09-01,07,HERSHEY_LNODESLL,HERSHEY_LNODESLL,HERSHEY_LNODESLL,RTPD,MGHG,LMP_GHG_PRC,HERSHEY_LNODESLL,ALL,1,0,4,5
2022-09-01T14:45:00-00:00,2022-09-01T15:00:00-00:00,2022-09-01,08,HERSHEY_LNODESLL,HERSHEY_LNODESLL,HERSHEY_LNODESLL,RTPD,MGHG,LMP_GHG_PRC,HERSHEY_LNODESLL,ALL,1,0,4,5
2022-09-01T15:45:00-00:00,2022-09-01T16:00:00-00:00,2022-09-01,09,HERSHEY_LNODESLL,HERSHEY_LNODESLL,HERSHEY_LNODESLL,RTPD,MGHG,LMP_GHG_PRC,HERSHEY_LNODESLL,ALL,1,0,4,5
2022-09-01T16:45:00-00:00,2022-09-01T17:00:00-00:00,2022-09-01,10,HERSHEY_LNODESLL,HERSHEY_LNODESLL,HERSHEY_LNODESLL,RTPD,MGHG,LMP_GHG_PRC,HERSHEY_LNODESLL,ALL,1,0,4,5
2022-09-01T17:45:00-00:00,2022-09-01T18:00:00-00:00,2022-09-01,11,HERSHEY_LNODESLL,HERSHEY_LNODESLL,HERSHEY_LNODESLL,RTPD,MGHG,LMP_GHG_PRC,HERSHEY_LNODESLL,ALL,1,0,4,5
2022-09-01T18:45:00-00:00,2022-09-01T19:00:00-00:00,2022-09-01,12,HERSHEY_LNODESLL,HERSHEY_LNODESLL,HERSHEY_LNODESLL,RTPD,MGHG,LMP_GHG_PRC,HERSHEY_LNODESLL,ALL,1,0,4,5
2022-09-01T19:45:00-00:00,2022-09-01T20:00:00-00:00,2022-09-01,13,HERSHEY_LNODESLL,HERSHEY_LNODESLL,HERSHEY_LNODESLL,RTPD,MGHG,LMP_GHG_PRC,HERSHEY_LNODESLL,ALL,1,0,4,5
2022-09-01T20:45:00-00:00,2022-09-01T21:00:00-00:00,2022-09-01,14,HERSHEY_LNODESLL,HERSHEY_LNODESLL,HERSHEY_LNODESLL,RTPD,MGHG,LMP_GHG_PRC,HERSHEY_LNODESLL,ALL,1,0,4,5
2022-09-01T21:45:00-00:00,2022-09-01T22:00:00-00:00,2022-09-01,15,HERSHEY_LNODESLL,HERSHEY_LNODESLL,HERSHEY_LNODESLL,RTPD,MGHG,LMP_GHG_PRC,HERSHEY_LNODESLL,ALL,1,0,4,5
2022-09-01T22:45:00-00:00,2022-09-01T23:00:00-00:00,2022-09-01,16,HERSHEY_LNODESLL,HERSHEY_LNODESLL,HERSHEY_LNODESLL,RTPD,MGHG,LMP_GHG_PRC,HERSHEY_LNODESLL,ALL,1,0,4,5
2022-09-01T23:45:00-00:00,2022-09-02T00:00:00-00:00,2022-09-01,17,HERSHEY_LNODESLL,HERSHEY_LNODESLL,HERSHEY_LNODESLL,RTPD,MGHG,LMP_GHG_PRC,HERSHEY_LNODESLL,ALL,1,0,4,5
2022-09-02T00:45:00-00:00,2022-09-02T01:00:00-00:00,2022-09-01,18,HERSHEY_LNODESLL,HERSHEY_LNODESLL,HERSHEY_LNODESLL,RTPD,MGHG,LMP_GHG_PRC,HERSHEY_LNODESLL,ALL,1,0,4,5
2022-09-02T01:45:00-00:00,2022-09-02T02:00:00-00:00,2022-09-01,19,HERSHEY_LNODESLL,HERSHEY_LNODESLL,HERSHEY_LNODESLL,RTPD,MGHG,LMP_GHG_PRC,HERSHEY_LNODESLL,ALL,1,0,4,5
2022-09-02T02:45:00-00:00,2022-09-02T03:00:00-00:00,2022-09-01,20,HERSHEY_LNODESLL,HERSHEY_LNODESLL,HERSHEY_LNODESLL,RTPD,MGHG,LMP_GHG_PRC,HERSHEY_LNODESLL,ALL,1,0,4,5
2022-09-02T03:45:00-00:00,2022-09-02T04:00:00-00:00,2022-09-01,21,HERSHEY_LNODESLL,HERSHEY_LNODESLL,HERSHEY_LNODESLL,RTPD,MGHG,LMP_GHG_PRC,HERSHEY_LNODESLL,ALL,1,0,4,5
2022-09-02T04:45:00-00:00,2022-09-02T05:00:00-00:00,2022-09-01,22,HERSHEY_LNODESLL,HERSHEY_LNODESLL,HERSHEY_LNODESLL,RTPD,MGHG,LMP_GHG_PRC,HERSHEY_LNODESLL,ALL,1,0,4,5
2022-09-02T05:45:00-00:00,2022-09-02T06:00:00-00:00,2022-09-01,23,HERSHEY_LNODESLL,HERSHEY_LNODESLL,HERSHEY_LNODESLL,RTPD,MGHG,LMP_GHG_PRC,HERSHEY_LNODESLL,ALL,1,0,4,5
2022-09-02T06:45:00-00:00,2022-09-02T07:00:00-00:00,2022-09-01,24,HERSHEY_LNODESLL,HERSHEY_LNODESLL,HERSHEY_LNODESLL,RTPD,MGHG,LMP_GHG_PRC,HERSHEY_LNODESLL,ALL,1,0,4,5
