INTERVALSTARTTIME_GMT,INTERVALENDTIME_GMT,OPR_DT,OPR_HR,NODE_ID_XML,NODE_ID,NODE,MARKET_RUN_ID,LMP_TYPE,XML_DATA_ITEM,PNODE_RESMRID,GRP_TYPE,POS,PRC,OPR_INTERVAL,GROUP
2022-09-01T07:00:00-00:00,2022-09-01T07:15:00-00:00,2022-09-01,01,BELLVUE_1_N001,BELLVUE_1_N001,BELLVUE_1_N001,RTPD,LMP,LMP_PRC,BELLVUE_1_N001,ALL,1,82.32709,1,1
2022-09-01T08:00:00-00:00,2022-09-01T08:15:00-00:00,2022-09-01,02,BELLVUE_1_N001,BELLVUE_1_N001,BELLVUE_1_N001,RTPD,LMP,LMP_PRC,BELLVUE_1_N001,ALL,1,112.2353,1,1
2022-09-01T09:00:00-00:00,2022-09-01T09:15:00-00:00,2022-09-01,03,BELLVUE_1_N001,BELLVUE_1_N001,BELLVUE_1_N001,RTPD,LMP,LMP_PRC,BELLVUE_1_N001,ALL,1,93.84479,1,1
2022-09-01T10:00:00-00:00,2022-09-01T10:15:00-00:00,2022-09-01,04,BELLVUE_1_N001,BELLVUE_1_N001,BELLVUE_1_N001,RTPD,LMP,LMP_PRC,BELLVUE_1_N001,ALL,1,93.55144,1,1
2022-09-01T11:00:00-00:00,2022-09-01T11:15:00-00:00,2022-09-01,05,BELLVUE_1_N001,BELLVUE_1_N001,BELLVUE_1_N001,RTPD,LMP,LMP_PRC,BELLVUE_1_N001,ALL,1,101.33776,1,1
2022-09-01T12:00:00-00:00,2022-09-01T12:15:00-00:00,2022-09-01,06,BELLVUE_1_N001,BELLVUE_1_N001,BELLVUE_1_N001,RTPD,LMP,LMP_PRC,BELLVUE_1_N001,ALL,1,85.96837,1,1
2022-09-01T13:00:00-00:00,2022-09-01T13:15:00-00:00,2022-09-01,07,BELLVUE_1_N001,BELLVUE_1_N001,BELLVUE_1_N001,RTPD,LMP,LMP_PRC,BELLVUE_1_N001,ALL,1,88.7052,1,1
2022-09-01T14:00:00-00:00,2022-09-01T14:15:00-00:00,2022-09-01,08,BELLVUE_1_N001,BELLVUE_1_N001,BELLVUE_1_N001,RTPD,LMP,LMP_PRC,BELLVUE_1_N001,ALL,1,112.47887,1,1
2022-09-01T15:00:00-00:00,2022-09-01T15:15:00-00:00,2022-09-01,09,BELLVUE_1_N001,BELLVUE_1_N001,BELLVUE_1_N001,RTPD,LMP,LMP_PRC,BELLVUE_1_N001,ALL,1,97.4112,1,1
2022-09-01T16:00:00-00:00,2022-09-01T16:15:00-00:00,2022-09-01,10,BELLVUE_1_N001,BELLVUE_1_N001,BELLVUE_1_N001,RTPD,LMP,LMP_PRC,BELLVUE_1_N001,ALL,1,83.43525,1,1
2022-09-01T17:00:00-00:00,2022-09-01T17:15:00-00:00,2022-09-01,11,BELLVUE_1_N001,BELLVUE_1_N001,BELLVUE_1_N001,RTPD,LMP,LMP_PRC,BELLVUE_1_N001,ALL,1,80.40054,1,1
2022-09-01T18:00:00-00:00,2022-09-01T18:15:00-00:00,2022-09-01,12,BELLVUE_1_N001,BELLVUE_1_N001,BELLVUE_1_N001,RTPD,LMP,LMP_PRC,BELLVUE_1_N001,ALL,1,59.45777,1,1
2022-09-01T19:00:00-00:00,2022-09-01T19:15:00-00:00,2022-09-01,13,BELLVUE_1_N001,BELLVUE_1_N001,BELLVUE_1_N001,RTPD,LMP,LMP_PRC,BELLVUE_1_N001,ALL,1,73.71924,1,1
2022-09-01T20:00:00-00:00,2022-09-01T20:15:00-00:00,2022-09-01,14,BELLVUE_1_N001,BELLVUE_1_N001,BELLVUE_1_N001,RTPD,LMP,LMP_PRC,BELLVUE_1_N001,ALL,1,114.45554,1,1
2022-09-01T21:00:00-00:00,2022-09-01T21:15:00-00:00,2022-09-01,15,BELLVUE_1_N001,BELLVUE_1_N001,BELLVUE_1_N001,RTPD,LMP,LMP_PRC,BELLVUE_1_N001,ALL,1,128.02551,1,1
2022-09-01T22:00:00-00:00,2022-09-01T22:15:00-00:00,2022-09-01,16,BELLVUE_1_N001,BELLVUE_1_N001,BELLVUE_1_N001,RTPD,LMP,LMP_PRC,BELLVUE_1_N001,ALL,1,122.42513,1,1
2022-09-01T23:00:00-00:00,2022-09-01T23:15:00-00:00,2022-09-01,17,BELLVUE_1_N001,BELLVUE_1_N001,BELLVUE_1_N001,RTPD,LMP,LMP_PRC,BELLVUE_1_N001,ALL,1,221.2717,1,1
2022-09-02T00:00:00-00:00,2022-09-02T00:15:00-00:00,2022-09-01,18,BELLVUE_1_N001,BELLVUE_1_N001,BELLVUE_1_N001,RTPD,LMP,LMP_PRC,BELLVUE_1_N001,ALL,1,1186.6632,1,1
2022-09-02T01:00:00-00:00,2022-09-02T01:15:00-00:00,2022-09-01,19,BELLVUE_1_N001,BELLVUE_1_N001,BELLVUE_1_N001,RTPD,LMP,LMP_PRC,BELLVUE_1_N001,ALL,1,1282.3019,1,1
2022-09-02T02:00:00-00:00,2022-09-02T02:15:00-00:00,2022-09-01,20,BELLVUE_1_N001,BELLVUE_1_N001,BELLVUE_1_N001,RTPD,LMP,LMP_PRC,BELLVUE_1_N001,ALL,1,1991.6721,1,1
2022-09-02T03:00:00-00:00,2022-09-02T03:15:00-00:00,2022-09-01,21,BELLVUE_1_N001,BELLVUE_1_N001,BELLVUE_1_N001,RTPD,LMP,LMP_PRC,BELLVUE_1_N001,ALL,1,1414.9624,1,1
2022-09-02T04:00:00-00:00,2022-09-02T04:15:00-00:00,2022-09-01,22,BELLVUE_1_N001,BELLVUE_1_N001,BELLVUE_1_N001,RTPD,LMP,LMP_PRC,BELLVUE_1_N001,ALL,1,263.29602,1,1
2022-09-02T05:00:00-00:00,2022-09-02T05:15:00-00:00,2022-09-01,23,BELLVUE_1_N001,BELLVUE_1_N001,BELLVUE_1_N001,RTPD,LMP,LMP_PRC,BELLVUE_1_N001,ALL,1,186.87486,1,1
2022-09-02T06:00:00-00:00,2022-09-02T06:15:00-00:00,2022-09-01,24,BELLVUE_1_N001,BELLVUE_1_N001,BELLVUE_1_N001,RTPD,LMP,LMP_PRC,BELLVUE_1_N001,ALL,1,159.78844,1,1
2022-09-01T07:15:00-00:00,2022-09-01T07:30:00-00:00,2022-09-01,01,BELLVUE_1_N001,BELLVUE_1_N001,BELLVUE_1_N001,RTPD,LMP,LMP_PRC,BELLVUE_1_N001,ALL,1,115.61603,2,1
2022-09-01T08:15:00-00:00,2022-09-01T08:30:00-00:00,2022-09-01,02,BELLVUE_1_N001,BELLVUE_1_N001,BELLVUE_1_N001,RTPD,LMP,LMP_PRC,BELLVUE_1_N001,ALL,1,114.62515,2,1
2022-09-01T09:15:00-00:00,2022-09-01T09:30:00-00:00,2022-09-01,03,BELLVUE_1_N001,BELLVUE_1_N001,BELLVUE_1_N001,RTPD,LMP,LMP_PRC,BELLVUE_1_N001,ALL,1,91.0207,2,1
2022-09-01T10:15:00-00:00,2022-09-01T10:30:00-00:00,2022-09-01,04,BELLVUE_1_N001,BELLVUE_1_N001,BELLVUE_1_N001,RTPD,LMP,LMP_PRC,BELLVUE_1_N001,ALL,1,90.36894,2,1
2022-09-01T11:15:00-00:00,2022-09-01T11:30:00-00:00,2022-09-01,05,BELLVUE_1_N001,BELLVUE_1_N001,BELLVUE_1_N001,RTPD,LMP,LMP_PRC,BELLVUE_1_N001,ALL,1,101.83288,2,1
2022-09-01T12:15:00-00:00,2022-09-01T12:30:00-00:00,2022-09-01,06,BELLVUE_1_N001,BELLVUE_1_N001,BELLVUE_1_N001,RTPD,LMP,LMP_PRC,BELLVUE_1_N001,ALL,1,102.35079,2,1
2022-09-01T13:15:00-00:00,2022-09-01T13:30:00-00:00,2022-09-01,07,BELLVUE_1_N001,BELLVUE_1_N001,BELLVUE_1_N001,RTPD,LMP,LMP_PRC,BELLVUE_1_N001,ALL,1,109.70701,2,1
2022-09-01T14:15:00-00:00,2022-09-01T14:30:00-00:00,2022-09-01,08,BELLVUE_1_N001,BELLVUE_1_N001,BELLVUE_1_N001,RTPD,LMP,LMP_PRC,BELLVUE_1_N001,ALL,1,105.95057,2,1
2022-09-01T15:15:00-00:00,2022-09-01T15:30:00-00:00,2022-09-01,09,BELLVUE_1_N001,BELLVUE_1_N001,BELLVUE_1_N001,RTPD,LMP,LMP_PRC,BELLVUE_1_N001,ALL,1,86.9388,2,1
2022-09-01T16:15:00-00:00,2022-09-01T16:30:00-00:00,2022-09-01,10,BELLVUE_1_N001,BELLVUE_1_N001,BELLVUE_1_N001,RTPD,LMP,LMP_PRC,BELLVUE_1_N001,ALL,1,87.82827,2,1
2022-09-01T17:15:00-00:00,2022-09-01T17:30:00-00:00,2022-09-01,11,BELLVUE_1_N001,BELLVUE_1_N001,BELLVUE_1_N001,RTPD,LMP,LMP_PRC,BELLVUE_1_N001,ALL,1,79.19098,2,1
2022-09-01T18:15:00-00:00,2022-09-01T18:30:00-00:00,2022-09-01,12,BELLVUE_1_N001,BELLVUE_1_N001,BELLVUE_1_N001,RTPD,LMP,LMP_PRC,BELLVUE_1_N001,ALL,1,74.99125,2,1
2022-09-01T19:15:00-00:00,2022-09-01T19:30:00-00:00,2022-09-01,13,BELLVUE_1_N001,BELLVUE_1_N001,BELLVUE_1_N001,RTPD,LMP,LMP_PRC,BELLVUE_1_N001,ALL,1,76.09142,2,1
2022-09-01T20:15:00-00:00,2022-09-01T20:30:00-00:00,2022-09-01,14,BELLVUE_1_N001,BELLVUE_1_N001,BELLVUE_1_N001,RTPD,LMP,LMP_PRC,BELLVUE_1_N001,ALL,1,114.35315,2,1
2022-09-01T21:15:00-00:00,2022-09-01T21:30:00-00:00,2022-09-01,15,BELLVUE_1_N001,BELLVUE_1_N001,BELLVUE_1_N001,RTPD,LMP,LMP_PRC,BELLVUE_1_N001,ALL,1,120.56748,2,1
2022-09-01T22:15:00-00:00,2022-09-01T22:30:00-00:00,2022-09-01,16,BELLVUE_1_N001,BELLVUE_1_N001,BELLVUE_1_N001,RTPD,LMP,LMP_PRC,BELLVUE_1_N001,ALL,1,139.4696,2,1
2022-09-01T23:15:00-00:00,2022-09-01T23:30:00-00:00,2022-09-01,17,BELLVUE_1_N001,BELLVUE_1_N001,BELLVUE_1_N001,RTPD,LMP,LMP_PRC,BELLVUE_1_N001,ALL,1,268.09845,2,1
2022-09-02T00:15:00-00:00,2022-09-02T00:30:00-00:00,2022-09-01,18,BELLVUE_1_N001,BELLVUE_1_N001,BELLVUE_1_N001,RTPD,LMP,LMP_PRC,BELLVUE_1_N001,ALL,1,1092.2101,2,1
2022-09-02T01:15:00-00:00,2022-09-02T01:30:00-00:00,2022-09-01,19,BELLVUE_1_N001,BELLVUE_1_N001,BELLVUE_1_N001,RTPD,LMP,LMP_PRC,BELLVUE_1_N001,ALL,1,1999.9933,2,1
2022-09-02T02:15:00-00:00,2022-09-02T02:30:00-00:00,2022-09-01,20,BELLVUE_1_N001,BELLVUE_1_N001,BELLVUE_1_N001,RTPD,LMP,LMP_PRC,BELLVUE_1_N001,ALL,1,1991.6721,2,1
2022-09-02T03:15:00-00:00,2022-09-02T03:30:00-00:00,2022-09-01,21,BELLVUE_1_N001,BELLVUE_1_N001,BELLVUE_1_N001,RTPD,LMP,LMP_PRC,BELLVUE_1_N001,ALL,1,578.1187,2,1
2022-09-02T04:15:00-00:00,2022-09-02T04:30:00-00:00,2022-09-01,22,BELLVUE_1_N001,BELLVUE_1_N001,BELLVUE_1_N001,RTPD,LMP,LMP_PRC,BELLVUE_1_N001,ALL,1,229.33533,2,1
2022-09-02T05:15:00-00:00,2022-09-02T05:30:00-00:00,2022-09-01,23,BELLVUE_1_N001,BELLVUE_1_N001,BELLVUE_1_N001,RTPD,LMP,LMP_PRC,BELLVUE_1_N001,ALL,1,159.4138,2,1
2022-09-02T06:15:00-00:00,2022-09-02T06:30:00-00:00,2022-09-01,24,BELLVUE_1_N001,BELLVUE_1_N001,BELLVUE_1_N001,RTPD,LMP,LMP_PRC,BELLVUE_1_N001,ALL,1,142.55672,2,1
2022-09-01T07:30:00-00:00,2022-09-01T07:45:00-00:00,2022-09-01,01,BELLVUE_1_N001,BELLVUE_1_N001,BELLVUE_1_N001,RTPD,LMP,LMP_PRC,BELLVUE_1_N001,ALL,1,102.97674,3,1
2022-09-01T08:30:00-00:00,2022-09-01T08:45:00-00:00,2022-09-01,02,BELLVUE_1_N001,BELLVUE_1_N001,BELLVUE_1_N001,RTPD,LMP,LMP_PRC,BELLVUE_1_N001,ALL,1,110.00043,3,1
2022-09-01T09:30:00-00:00,2022-09-01T09:45:00-00:00,2022-09-01,03,BELLVUE_1_N001,BELLVUE_1_N001,BELLVUE_1_N001,RTPD,LMP,LMP_PRC,BELLVUE_1_N001,ALL,1,90.726,3,1
2022-09-01T10:30:00-00:00,2022-09-01T10:45:00-00:00,2022-09-01,04,BELLVUE_1_N001,BELLVUE_1_N001,BELLVUE_1_N001,RTPD,LMP,LMP_PRC,BELLVUE_1_N001,ALL,1,92.18514,3,1
2022-09-01T11:30:00-00:00,2022-09-01T11:45:00-00:00,2022-09-01,05,BELLVUE_1_N001,BELLVUE_1_N001,BELLVUE_1_N001,RTPD,LMP,LMP_PRC,BELLVUE_1_N001,ALL,1,101.94891,3,1
2022-09-01T12:30:00-00:00,2022-09-01T12:45:00-00:00,2022-09-01,06,BELLVUE_1_N001,BELLVUE_1_N001,BELLVUE_1_N001,RTPD,LMP,LMP_PRC,BELLVUE_1_N001,ALL,1,102.28712,3,1
2022-09-01T13:30:00-00:00,2022-09-01T13:45:00-00:00,2022-09-01,07,BELLVUE_1_N001,BELLVUE_1_N001,BELLVUE_1_N001,RTPD,LMP,LMP_PRC,BELLVUE_1_N001,ALL,1,111.09647,3,1
2022-09-01T14:30:00-00:00,2022-09-01T14:45:00-00:00,2022-09-01,08,BELLVUE_1_N001,BELLVUE_1_N001,BELLVUE_1_N001,RTPD,LMP,LMP_PRC,BELLVUE_1_N001,ALL,1,103.29051,3,1
2022-09-01T15:30:00-00:00,2022-09-01T15:45:00-00:00,2022-09-01,09,BELLVUE_1_N001,BELLVUE_1_N001,BELLVUE_1_N001,RTPD,LMP,LMP_PRC,BELLVUE_1_N001,ALL,1,86.1388,3,1
2022-09-01T16:30:00-00:00,2022-09-01T16:45:00-00:00,2022-09-01,10,BELLVUE_1_N001,BELLVUE_1_N001,BELLVUE_1_N001,RTPD,LMP,LMP_PRC,BELLVUE_1_N001,ALL,1,75.22849,3,1
2022-09-01T17:30:00-00:00,2022-09-01T17:45:00-00:00,2022-09-01,11,BELLVUE_1_N001,BELLVUE_1_N001,BELLVUE_1_N001,RTPD,LMP,LMP_PRC,BELLVUE_1_N001,ALL,1,78.8993,3,1
2022-09-01T18:30:00-00:00,2022-09-01T18:45:00-00:00,2022-09-01,12,BELLVUE_1_N001,BELLVUE_1_N001,BELLVUE_1_N001,RTPD,LMP,LMP_PRC,BELLVUE_1_N001,ALL,1,79.76747,3,1
2022-09-01T19:30:00-00:00,2022-09-01T19:45:00-00:00,2022-09-01,13,BELLVUE_1_N001,BELLVUE_1_N001,BELLVUE_1_N001,RTPD,LMP,LMP_PRC,BELLVUE_1_N001,ALL,1,101.48827,3,1
2022-09-01T20:30:00-00:00,2022-09-01T20:45:00-00:00,2022-09-01,14,BELLVUE_1_N001,BELLVUE_1_N001,BELLVUE_1_N001,RTPD,LMP,LMP_PRC,BELLVUE_1_N001,ALL,1,117.1425,3,1
2022-09-01T21:30:00-00:00,2022-09-01T21:45:00-00:00,2022-09-01,15,BELLVUE_1_N001,BELLVUE_1_N001,BELLVUE_1_N001,RTPD,LMP,LMP_PRC,BELLVUE_1_N001,ALL,1,128.4538,3,1
2022-09-01T22:30:00-00:00,2022-09-01T22:45:00-00:00,2022-09-01,16,BELLVUE_1_N001,BELLVUE_1_N001,BELLVUE_1_N001,RTPD,LMP,LMP_PRC,BELLVUE_1_N001,ALL,1,157.75508,3,1
2022-09-01T23:30:00-00:00,2022-09-01T23:45:00-00:00,2022-09-01,17,BELLVUE_1_N001,BELLVUE_1_N001,BELLVUE_1_N001,RTPD,LMP,LMP_PRC,BELLVUE_1_N001,ALL,1,566.48157,3,1
2022-09-02T00:30:00-00:00,2022-09-02T00:45:00-00:00,2022-09-01,18,BELLVUE_1_N001,BELLVUE_1_N001,BELLVUE_1_N001,RTPD,LMP,LMP_PRC,BELLVUE_1_N001,ALL,1,1837.3392,3,1
2022-09-02T01:30:00-00:00,2022-09-02T01:45:00-00:00,2022-09-01,19,BELLVUE_1_N001,BELLVUE_1_N001,BELLVUE_1_N001,RTPD,LMP,LMP_PRC,BELLVUE_1_N001,ALL,1,1999.9956,3,1
2022-09-02T02:30:00-00:00,2022-09-02T02:45:00-00:00,2022-09-01,20,BELLVUE_1_N001,BELLVUE_1_N001,BELLVUE_1_N001,RTPD,LMP,LMP_PRC,BELLVUE_1_N001,ALL,1,1991.671,3,1
2022-09-02T03:30:00-00:00,2022-09-02T03:45:00-00:00,2022-09-01,21,BELLVUE_1_N001,BELLVUE_1_N001,BELLVUE_1_N001,RTPD,LMP,LMP_PRC,BELLVUE_1_N001,ALL,1,230.9004,3,1
2022-09-02T04:30:00-00:00,2022-09-02T04:45:00-00:00,2022-09-01,22,BELLVUE_1_N001,BELLVUE_1_N001,BELLVUE_1_N001,RTPD,LMP,LMP_PRC,BELLVUE_1_N001,ALL,1,182.88252,3,1
2022-09-02T05:30:00-00:00,2022-09-02T05:45:00-00:00,2022-09-01,23,BELLVUE_1_N001,BELLVUE_1_N001,BELLVUE_1_N001,RTPD,LMP,LMP_PRC,BELLVUE_1_N001,ALL,1,133.05566,3,1
2022-09-02T06:30:00-00:00,2022-09-02T06:45:00-00:00,2022-09-01,24,BELLVUE_1_N001,BELLVUE_1_N001,BELLVUE_1_N001,RTPD,LMP,LMP_PRC,BELLVUE_1_N001,ALL,1,129.24509,3,1
2022-09-01T07:45:00-00:00,2022-09-01T08:00:00-00:00,2022-09-01,01,BELLVUE_1_N001,BELLVUE_1_N001,BELLVUE_1_N001,RTPD,LMP,LMP_PRC,BELLVUE_1_N001,ALL,1,90.82062,4,1
2022-09-01T08:45:00-00:00,2022-09-01T09:00:00-00:00,2022-09-01,02,BELLVUE_1_N001,BELLVUE_1_N001,BELLVUE_1_N001,RTPD,LMP,LMP_PRC,BELLVUE_1_N001,ALL,1,93.25137,4,1
2022-09-01T09:45:00-00:00,2022-09-01T10:00:00-00:00,2022-09-01,03,BELLVUE_1_N001,BELLVUE_1_N001,BELLVUE_1_N001,RTPD,LMP,LMP_PRC,BELLVUE_1_N001,ALL,1,90.68755,4,1
2022-09-01T10:45:00-00:00,2022-09-01T11:00:00-00:00,2022-09-01,04,BELLVUE_1_N001,BELLVUE_1_N001,BELLVUE_1_N001,RTPD,LMP,LMP_PRC,BELLVUE_1_N001,ALL,1,92.33274,4,1
2022-09-01T11:45:00-00:00,2022-09-01T12:00:00-00:00,2022-09-01,05,BELLVUE_1_N001,BELLVUE_1_N001,BELLVUE_1_N001,RTPD,LMP,LMP_PRC,BELLVUE_1_N001,ALL,1,107.01,4,1
2022-09-01T12:45:00-00:00,2022-09-01T13:00:00-00:00,2022-09-01,06,BELLVUE_1_N001,BELLVUE_1_N001,BELLVUE_1_N001,RTPD,LMP,LMP_PRC,BELLVUE_1_N001,ALL,1,114.15594,4,1
2022-09-01T13:45:00-00:00,2022-09-01T14:00:00-00:00,2022-09-01,07,BELLVUE_1_N001,BELLVUE_1_N001,BELLVUE_1_N001,RTPD,LMP,LMP_PRC,BELLVUE_1_N001,ALL,1,111.41,4,1
2022-09-01T14:45:00-00:00,2022-09-01T15:00:00-00:00,2022-09-01,08,BELLVUE_1_N001,BELLVUE_1_N001,BELLVUE_1_N001,RTPD,LMP,LMP_PRC,BELLVUE_1_N001,ALL,1,86.1388,4,1
2022-09-01T15:45:00-00:00,2022-09-01T16:00:00-00:00,2022-09-01,09,BELLVUE_1_N001,BELLVUE_1_N001,BELLVUE_1_N001,RTPD,LMP,LMP_PRC,BELLVUE_1_N001,ALL,1,78.70076,4,1
2022-09-01T16:45:00-00:00,2022-09-01T17:00:00-00:00,2022-09-01,10,BELLVUE_1_N001,BELLVUE_1_N001,BELLVUE_1_N001,RTPD,LMP,LMP_PRC,BELLVUE_1_N001,ALL,1,78.96203,4,1
2022-09-01T17:45:00-00:00,2022-09-01T18:00:00-00:00,2022-09-01,11,BELLVUE_1_N001,BELLVUE_1_N001,BELLVUE_1_N001,RTPD,LMP,LMP_PRC,BELLVUE_1_N001,ALL,1,79.28606,4,1
2022-09-01T18:45:00-00:00,2022-09-01T19:00:00-00:00,2022-09-01,12,BELLVUE_1_N001,BELLVUE_1_N001,BELLVUE_1_N001,RTPD,LMP,LMP_PRC,BELLVUE_1_N001,ALL,1,81.85539,4,1
2022-09-01T19:45:00-00:00,2022-09-01T20:00:00-00:00,2022-09-01,13,BELLVUE_1_N001,BELLVUE_1_N001,BELLVUE_1_N001,RTPD,LMP,LMP_PRC,BELLVUE_1_N001,ALL,1,106.60601,4,1
2022-09-01T20:45:00-00:00,2022-09-01T21:00:00-00:00,2022-09-01,14,BELLVUE_1_N001,BELLVUE_1_N001,BELLVUE_1_N001,RTPD,LMP,LMP_PRC,BELLVUE_1_N001,ALL,1,125.84613,4,1
2022-09-01T21:45:00-00:00,2022-09-01T22:00:00-00:00,2022-09-01,15,BELLVUE_1_N001,BELLVUE_1_N001,BELLVUE_1_N001,RTPD,LMP,LMP_PRC,BELLVUE_1_N001,ALL,1,211.36816,4,1
2022-09-01T22:45:00-00:00,2022-09-01T23:00:00-00:00,2022-09-01,16,BELLVUE_1_N001,BELLVUE_1_N001,BELLVUE_1_N001,RTPD,LMP,LMP_PRC,BELLVUE_1_N001,ALL,1,175.16277,4,1
2022-09-01T23:45:00-00:00,2022-09-02T00:00:00-00:00,2022-09-01,17,BELLVUE_1_N001,BELLVUE_1_N001,BELLVUE_1_N001,RTPD,LMP,LMP_PRC,BELLVUE_1_N001,ALL,1,1705.6608,4,1
2022-09-02T00:45:00-00:00,2022-09-02T01:00:00-00:00,2022-09-01,18,BELLVUE_1_N001,BELLVUE_1_N001,BELLVUE_1_N001,RTPD,LMP,LMP_PRC,BELLVUE_1_N001,ALL,1,1839.1339,4,1
2022-09-02T01:45:00-00:00,2022-09-02T02:00:00-00:00,2022-09-01,19,BELLVUE_1_N001,BELLVUE_1_N001,BELLVUE_1_N001,RTPD,LMP,LMP_PRC,BELLVUE_1_N001,ALL,1,1991.9337,4,1
2022-09-02T02:45:00-00:00,2022-09-02T03:00:00-00:00,2022-09-01,20,BELLVUE_1_N001,BELLVUE_1_N001,BELLVUE_1_N001,RTPD,LMP,LMP_PRC,BELLVUE_1_N001,ALL,1,1875.9631,4,1
2022-09-02T03:45:00-00:00,2022-09-02T04:00:00-00:00,2022-09-01,21,BELLVUE_1_N001,BELLVUE_1_N001,BELLVUE_1_N001,RTPD,LMP,LMP_PRC,BELLVUE_1_N001,ALL,1,167.3418,4,1
2022-09-02T04:45:00-00:00,2022-09-02T05:00:00-00:00,2022-09-01,22,BELLVUE_1_N001,BELLVUE_1_N001,BELLVUE_1_N001,RTPD,LMP,LMP_PRC,BELLVUE_1_N001,ALL,1,128.88068,4,1
2022-09-02T05:45:00-00:00,2022-09-02T06:00:00-00:00,2022-09-01,23,BELLVUE_1_N001,BELLVUE_1_N001,BELLVUE_1_N001,RTPD,LMP,LMP_PRC,BELLVUE_1_N001,ALL,1,115.05112,4,1
2022-09-02T06:45:00-00:00,2022-09-02T07:00:00-00:00,2022-09-01,24,BELLVUE_1_N001,BELLVUE_1_N001,BELLVUE_1_N001,RTPD,LMP,LMP_PRC,BELLVUE_1_N001,ALL,1,109.72741,4,1
2022-09-01T07:00:00-00:00,2022-09-01T07:15:00-00:00,2022-09-01,01,BELLVUE_1_N001,BELLVUE_1_N001,BELLVUE_1_N001,RTPD,MCC,LMP_CONG_PRC,BELLVUE_1_N001,ALL,1,-14.53822,1,2
2022-09-01T08:00:00-00:00,2022-09-01T08:15:00-00:00,2022-09-01,02,BELLVUE_1_N001,BELLVUE_1_N001,BELLVUE_1_N001,RTPD,MCC,LMP_CONG_PRC,BELLVUE_1_N001,ALL,1,-3.3135,1,2
2022-09-01T09:00:00-00:00,2022-09-01T09:15:00-00:00,2022-09-01,03,BELLVUE_1_N001,BELLVUE_1_N001,BELLVUE_1_N001,RTPD,MCC,LMP_CONG_PRC,BELLVUE_1_N001,ALL,1,-4.43972,1,2
2022-09-01T10:00:00-00:00,2022-09-01T10:15:00-00:00,2022-09-01,04,BELLVUE_1_N001,BELLVUE_1_N001,BELLVUE_1_N001,RTPD,MCC,LMP_CONG_PRC,BELLVUE_1_N001,ALL,1,-3.84789,1,2
2022-09-01T11:00:00-00:00,2022-09-01T11:15:00-00:00,2022-09-01,05,BELLVUE_1_N001,BELLVUE_1_N001,BELLVUE_1_N001,RTPD,MCC,LMP_CONG_PRC,BELLVUE_1_N001,ALL,1,0,1,2
2022-09-01T12:00:00-00:00,2022-09-01T12:15:00-00:00,2022-09-01,06,BELLVUE_1_N001,BELLVUE_1_N001,BELLVUE_1_N001,RTPD,MCC,LMP_CONG_PRC,BELLVUE_1_N001,ALL,1,-9.88378,1,2
2022-09-01T13:00:00-00:00,2022-09-01T13:15:00-00:00,2022-09-01,07,BELLVUE_1_N001,BELLVUE_1_N001,BELLVUE_1_N001,RTPD,MCC,LMP_CONG_PRC,BELLVUE_1_N001,ALL,1,-13.10357,1,2
2022-09-01T14:00:00-00:00,2022-09-01T14:15:00-00:00,2022-09-01,08,BELLVUE_1_N001,BELLVUE_1_N001,BELLVUE_1_N001,RTPD,MCC,LMP_CONG_PRC,BELLVUE_1_N001,ALL,1,0,1,2
2022-09-01T15:00:00-00:00,2022-09-01T15:15:00-00:00,2022-09-01,09,BELLVUE_1_N001,BELLVUE_1_N001,BELLVUE_1_N001,RTPD,MCC,LMP_CONG_PRC,BELLVUE_1_N001,ALL,1,0,1,2
2022-09-01T16:00:00-00:00,2022-09-01T16:15:00-00:00,2022-09-01,10,BELLVUE_1_N001,BELLVUE_1_N001,BELLVUE_1_N001,RTPD,MCC,LMP_CONG_PRC,BELLVUE_1_N001,ALL,1,0,1,2
2022-09-01T17:00:00-00:00,2022-09-01T17:15:00-00:00,2022-09-01,11,BELLVUE_1_N001,BELLVUE_1_N001,BELLVUE_1_N001,RTPD,MCC,LMP_CONG_PRC,BELLVUE_1_N001,ALL,1,-16.54843,1,2
2022-09-01T18:00:00-00:00,2022-09-01T18:15:00-00:00,2022-09-01,12,BELLVUE_1_N001,BELLVUE_1_N001,BELLVUE_1_N001,RTPD,MCC,LMP_CONG_PRC,BELLVUE_1_N001,ALL,1,-32.13514,1,2
2022-09-01T19:00:00-00:00,2022-09-01T19:15:00-00:00,2022-09-01,13,BELLVUE_1_N001,BELLVUE_1_N001,BELLVUE_1_N001,RTPD,MCC,LMP_CONG_PRC,BELLVUE_1_N001,ALL,1,-35.47712,1,2
2022-09-01T20:00:00-00:00,2022-09-01T20:15:00-00:00,2022-09-01,14,BELLVUE_1_N001,BELLVUE_1_N001,BELLVUE_1_N001,RTPD,MCC,LMP_CONG_PRC,BELLVUE_1_N001,ALL,1,-3.48805,1,2
2022-09-01T21:00:00-00:00,2022-09-01T21:15:00-00:00,2022-09-01,15,BELLVUE_1_N001,BELLVUE_1_N001,BELLVUE_1_N001,RTPD,MCC,LMP_CONG_PRC,BELLVUE_1_N001,ALL,1,-98.58948,1,2
2022-09-01T22:00:00-00:00,2022-09-01T22:15:00-00:00,2022-09-01,16,BELLVUE_1_N001,BELLVUE_1_N001,BELLVUE_1_N001,RTPD,MCC,LMP_CONG_PRC,BELLVUE_1_N001,ALL,1,-106.76038,1,2
2022-09-01T23:00:00-00:00,2022-09-01T23:15:00-00:00,2022-09-01,17,BELLVUE_1_N001,BELLVUE_1_N001,BELLVUE_1_N001,RTPD,MCC,LMP_CONG_PRC,BELLVUE_1_N001,ALL,1,-165.482,1,2
2022-09-02T00:00:00-00:00,2022-09-02T00:15:00-00:00,2022-09-01,18,BELLVUE_1_N001,BELLVUE_1_N001,BELLVUE_1_N001,RTPD,MCC,LMP_CONG_PRC,BELLVUE_1_N001,ALL,1,370.23227,1,2
2022-09-02T01:00:00-00:00,2022-09-02T01:15:00-00:00,2022-09-01,19,BELLVUE_1_N001,BELLVUE_1_N001,BELLVUE_1_N001,RTPD,MCC,LMP_CONG_PRC,BELLVUE_1_N001,ALL,1,366.0306,1,2
2022-09-02T02:00:00-00:00,2022-09-02T02:15:00-00:00,2022-09-01,20,BELLVUE_1_N001,BELLVUE_1_N001,BELLVUE_1_N001,RTPD,MCC,LMP_CONG_PRC,BELLVUE_1_N001,ALL,1,0,1,2
2022-09-02T03:00:00-00:00,2022-09-02T03:15:00-00:00,2022-09-01,21,BELLVUE_1_N001,BELLVUE_1_N001,BELLVUE_1_N001,RTPD,MCC,LMP_CONG_PRC,BELLVUE_1_N001,ALL,1,454.47025,1,2
2022-09-02T04:00:00-00:00,2022-09-02T04:15:00-00:00,2022-09-01,22,BELLVUE_1_N001,BELLVUE_1_N001,BELLVUE_1_N001,RTPD,MCC,LMP_CONG_PRC,BELLVUE_1_N001,ALL,1,0,1,2
2022-09-02T05:00:00-00:00,2022-09-02T05:15:00-00:00,2022-09-01,23,BELLVUE_1_N001,BELLVUE_1_N001,BELLVUE_1_N001,RTPD,MCC,LMP_CONG_PRC,BELLVUE_1_N001,ALL,1,0,1,2
2022-09-02T06:00:00-00:00,2022-09-02T06:15:00-00:00,2022-09-01,24,BELLVUE_1_N001,BELLVUE_1_N001,BELLVUE_1_N001,RTPD,MCC,LMP_CONG_PRC,BELLVUE_1_N001,ALL,1,0,1,2
2022-09-01T07:15:00-00:00,2022-09-01T07:30:00-00:00,2022-09-01,01,BELLVUE_1_N001,BELLVUE_1_N001,BELLVUE_1_N001,RTPD,MCC,LMP_CONG_PRC,BELLVUE_1_N001,ALL,1,-9.93541,2,2
2022-09-01T08:15:00-00:00,2022-09-01T08:30:00-00:00,2022-09-01,02,BELLVUE_1_N001,BELLVUE_1_N001,BELLVUE_1_N001,RTPD,MCC,LMP_CONG_PRC,BELLVUE_1_N001,ALL,1,-0.9065,2,2
2022-09-01T09:15:00-00:00,2022-09-01T09:30:00-00:00,2022-09-01,03,BELLVUE_1_N001,BELLVUE_1_N001,BELLVUE_1_N001,RTPD,MCC,LMP_CONG_PRC,BELLVUE_1_N001,ALL,1,-5.84947,2,2
2022-09-01T10:15:00-00:00,2022-09-01T10:30:00-00:00,2022-09-01,04,BELLVUE_1_N001,BELLVUE_1_N001,BELLVUE_1_N001,RTPD,MCC,LMP_CONG_PRC,BELLVUE_1_N001,ALL,1,-5.44472,2,2
2022-09-01T11:15:00-00:00,2022-09-01T11:30:00-00:00,2022-09-01,05,BELLVUE_1_N001,BELLVUE_1_N001,BELLVUE_1_N001,RTPD,MCC,LMP_CONG_PRC,BELLVUE_1_N001,ALL,1,0,2,2
2022-09-01T12:15:00-00:00,2022-09-01T12:30:00-00:00,2022-09-01,06,BELLVUE_1_N001,BELLVUE_1_N001,BELLVUE_1_N001,RTPD,MCC,LMP_CONG_PRC,BELLVUE_1_N001,ALL,1,-6.04201,2,2
2022-09-01T13:15:00-00:00,2022-09-01T13:30:00-00:00,2022-09-01,07,BELLVUE_1_N001,BELLVUE_1_N001,BELLVUE_1_N001,RTPD,MCC,LMP_CONG_PRC,BELLVUE_1_N001,ALL,1,-0.561,2,2
2022-09-01T14:15:00-00:00,2022-09-01T14:30:00-00:00,2022-09-01,08,BELLVUE_1_N001,BELLVUE_1_N001,BELLVUE_1_N001,RTPD,MCC,LMP_CONG_PRC,BELLVUE_1_N001,ALL,1,0,2,2
2022-09-01T15:15:00-00:00,2022-09-01T15:30:00-00:00,2022-09-01,09,BELLVUE_1_N001,BELLVUE_1_N001,BELLVUE_1_N001,RTPD,MCC,LMP_CONG_PRC,BELLVUE_1_N001,ALL,1,0,2,2
2022-09-01T16:15:00-00:00,2022-09-01T16:30:00-00:00,2022-09-01,10,BELLVUE_1_N001,BELLVUE_1_N001,BELLVUE_1_N001,RTPD,MCC,LMP_CONG_PRC,BELLVUE_1_N001,ALL,1,-1.62031,2,2
2022-09-01T17:15:00-00:00,2022-09-01T17:30:00-00:00,2022-09-01,11,BELLVUE_1_N001,BELLVUE_1_N001,BELLVUE_1_N001,RTPD,MCC,LMP_CONG_PRC,BELLVUE_1_N001,ALL,1,-20.15574,2,2
2022-09-01T18:15:00-00:00,2022-09-01T18:30:00-00:00,2022-09-01,12,BELLVUE_1_N001,BELLVUE_1_N001,BELLVUE_1_N001,RTPD,MCC,LMP_CONG_PRC,BELLVUE_1_N001,ALL,1,-26.16776,2,2
2022-09-01T19:15:00-00:00,2022-09-01T19:30:00-00:00,2022-09-01,13,BELLVUE_1_N001,BELLVUE_1_N001,BELLVUE_1_N001,RTPD,MCC,LMP_CONG_PRC,BELLVUE_1_N001,ALL,1,-29.21446,2,2
2022-09-01T20:15:00-00:00,2022-09-01T20:30:00-00:00,2022-09-01,14,BELLVUE_1_N001,BELLVUE_1_N001,BELLVUE_1_N001,RTPD,MCC,LMP_CONG_PRC,BELLVUE_1_N001,ALL,1,-3.14106,2,2
2022-09-01T21:15:00-00:00,2022-09-01T21:30:00-00:00,2022-09-01,15,BELLVUE_1_N001,BELLVUE_1_N001,BELLVUE_1_N001,RTPD,MCC,LMP_CONG_PRC,BELLVUE_1_N001,ALL,1,-26.64437,2,2
2022-09-01T22:15:00-00:00,2022-09-01T22:30:00-00:00,2022-09-01,16,BELLVUE_1_N001,BELLVUE_1_N001,BELLVUE_1_N001,RTPD,MCC,LMP_CONG_PRC,BELLVUE_1_N001,ALL,1,-117.11772,2,2
2022-09-01T23:15:00-00:00,2022-09-01T23:30:00-00:00,2022-09-01,17,BELLVUE_1_N001,BELLVUE_1_N001,BELLVUE_1_N001,RTPD,MCC,LMP_CONG_PRC,BELLVUE_1_N001,ALL,1,-94.02563,2,2
2022-09-02T00:15:00-00:00,2022-09-02T00:30:00-00:00,2022-09-01,18,BELLVUE_1_N001,BELLVUE_1_N001,BELLVUE_1_N001,RTPD,MCC,LMP_CONG_PRC,BELLVUE_1_N001,ALL,1,360.34818,2,2
2022-09-02T01:15:00-00:00,2022-09-02T01:30:00-00:00,2022-09-01,19,BELLVUE_1_N001,BELLVUE_1_N001,BELLVUE_1_N001,RTPD,MCC,LMP_CONG_PRC,BELLVUE_1_N001,ALL,1,0,2,2
2022-09-02T02:15:00-00:00,2022-09-02T02:30:00-00:00,2022-09-01,20,BELLVUE_1_N001,BELLVUE_1_N001,BELLVUE_1_N001,RTPD,MCC,LMP_CONG_PRC,BELLVUE_1_N001,ALL,1,0,2,2
2022-09-02T03:15:00-00:00,2022-09-02T03:30:00-00:00,2022-09-01,21,BELLVUE_1_N001,BELLVUE_1_N001,BELLVUE_1_N001,RTPD,MCC,LMP_CONG_PRC,BELLVUE_1_N001,ALL,1,159.24564,2,2
2022-09-02T04:15:00-00:00,2022-09-02T04:30:00-00:00,2022-09-01,22,BELLVUE_1_N001,BELLVUE_1_N001,BELLVUE_1_N001,RTPD,MCC,LMP_CONG_PRC,BELLVUE_1_N001,ALL,1,0,2,2
2022-09-02T05:15:00-00:00,2022-09-02T05:30:00-00:00,2022-09-01,23,BELLVUE_1_N001,BELLVUE_1_N001,BELLVUE_1_N001,RTPD,MCC,LMP_CONG_PRC,BELLVUE_1_N001,ALL,1,0,2,2
2022-09-02T06:15:00-00:00,2022-09-02T06:30:00-00:00,2022-09-01,24,BELLVUE_1_N001,BELLVUE_1_N001,BELLVUE_1_N001,RTPD,MCC,LMP_CONG_PRC,BELLVUE_1_N001,ALL,1,0,2,2
2022-09-01T07:30:00-00:00,2022-09-01T07:45:00-00:00,2022-09-01,01,BELLVUE_1_N001,BELLVUE_1_N001,BELLVUE_1_N001,RTPD,MCC,LMP_CONG_PRC,BELLVUE_1_N001,ALL,1,-16.05522,3,2
2022-09-01T08:30:00-00:00,2022-09-01T08:45:00-00:00,2022-09-01,02,BELLVUE_1_N001,BELLVUE_1_N001,BELLVUE_1_N001,RTPD,MCC,LMP_CONG_PRC,BELLVUE_1_N001,ALL,1,-0.00086,3,2
2022-09-01T09:30:00-00:00,2022-09-01T09:45:00-00:00,2022-09-01,03,BELLVUE_1_N001,BELLVUE_1_N001,BELLVUE_1_N001,RTPD,MCC,LMP_CONG_PRC,BELLVUE_1_N001,ALL,1,-5.79697,3,2
2022-09-01T10:30:00-00:00,2022-09-01T10:45:00-00:00,2022-09-01,04,BELLVUE_1_N001,BELLVUE_1_N001,BELLVUE_1_N001,RTPD,MCC,LMP_CONG_PRC,BELLVUE_1_N001,ALL,1,-3.07859,3,2
2022-09-01T11:30:00-00:00,2022-09-01T11:45:00-00:00,2022-09-01,05,BELLVUE_1_N001,BELLVUE_1_N001,BELLVUE_1_N001,RTPD,MCC,LMP_CONG_PRC,BELLVUE_1_N001,ALL,1,0,3,2
2022-09-01T12:30:00-00:00,2022-09-01T12:45:00-00:00,2022-09-01,06,BELLVUE_1_N001,BELLVUE_1_N001,BELLVUE_1_N001,RTPD,MCC,LMP_CONG_PRC,BELLVUE_1_N001,ALL,1,-10.43511,3,2
2022-09-01T13:30:00-00:00,2022-09-01T13:45:00-00:00,2022-09-01,07,BELLVUE_1_N001,BELLVUE_1_N001,BELLVUE_1_N001,RTPD,MCC,LMP_CONG_PRC,BELLVUE_1_N001,ALL,1,0,3,2
2022-09-01T14:30:00-00:00,2022-09-01T14:45:00-00:00,2022-09-01,08,BELLVUE_1_N001,BELLVUE_1_N001,BELLVUE_1_N001,RTPD,MCC,LMP_CONG_PRC,BELLVUE_1_N001,ALL,1,0,3,2
2022-09-01T15:30:00-00:00,2022-09-01T15:45:00-00:00,2022-09-01,09,BELLVUE_1_N001,BELLVUE_1_N001,BELLVUE_1_N001,RTPD,MCC,LMP_CONG_PRC,BELLVUE_1_N001,ALL,1,0,3,2
2022-09-01T16:30:00-00:00,2022-09-01T16:45:00-00:00,2022-09-01,10,BELLVUE_1_N001,BELLVUE_1_N001,BELLVUE_1_N001,RTPD,MCC,LMP_CONG_PRC,BELLVUE_1_N001,ALL,1,-13.56795,3,2
2022-09-01T17:30:00-00:00,2022-09-01T17:45:00-00:00,2022-09-01,11,BELLVUE_1_N001,BELLVUE_1_N001,BELLVUE_1_N001,RTPD,MCC,LMP_CONG_PRC,BELLVUE_1_N001,ALL,1,-20.23084,3,2
2022-09-01T18:30:00-00:00,2022-09-01T18:45:00-00:00,2022-09-01,12,BELLVUE_1_N001,BELLVUE_1_N001,BELLVUE_1_N001,RTPD,MCC,LMP_CONG_PRC,BELLVUE_1_N001,ALL,1,-27.2897,3,2
2022-09-01T19:30:00-00:00,2022-09-01T19:45:00-00:00,2022-09-01,13,BELLVUE_1_N001,BELLVUE_1_N001,BELLVUE_1_N001,RTPD,MCC,LMP_CONG_PRC,BELLVUE_1_N001,ALL,1,-12.57078,3,2
2022-09-01T20:30:00-00:00,2022-09-01T20:45:00-00:00,2022-09-01,14,BELLVUE_1_N001,BELLVUE_1_N001,BELLVUE_1_N001,RTPD,MCC,LMP_CONG_PRC,BELLVUE_1_N001,ALL,1,-12.67354,3,2
2022-09-01T21:30:00-00:00,2022-09-01T21:45:00-00:00,2022-09-01,15,BELLVUE_1_N001,BELLVUE_1_N001,BELLVUE_1_N001,RTPD,MCC,LMP_CONG_PRC,BELLVUE_1_N001,ALL,1,-24.47678,3,2
2022-09-01T22:30:00-00:00,2022-09-01T22:45:00-00:00,2022-09-01,16,BELLVUE_1_N001,BELLVUE_1_N001,BELLVUE_1_N001,RTPD,MCC,LMP_CONG_PRC,BELLVUE_1_N001,ALL,1,-125.42673,3,2
2022-09-01T23:30:00-00:00,2022-09-01T23:45:00-00:00,2022-09-01,17,BELLVUE_1_N001,BELLVUE_1_N001,BELLVUE_1_N001,RTPD,MCC,LMP_CONG_PRC,BELLVUE_1_N001,ALL,1,0,3,2
2022-09-02T00:30:00-00:00,2022-09-02T00:45:00-00:00,2022-09-01,18,BELLVUE_1_N001,BELLVUE_1_N001,BELLVUE_1_N001,RTPD,MCC,LMP_CONG_PRC,BELLVUE_1_N001,ALL,1,508.22662,3,2
2022-09-02T01:30:00-00:00,2022-09-02T01:45:00-00:00,2022-09-01,19,BELLVUE_1_N001,BELLVUE_1_N001,BELLVUE_1_N001,RTPD,MCC,LMP_CONG_PRC,BELLVUE_1_N001,ALL,1,0,3,2
2022-09-02T02:30:00-00:00,2022-09-02T02:45:00-00:00,2022-09-01,20,BELLVUE_1_N001,BELLVUE_1_N001,BELLVUE_1_N001,RTPD,MCC,LMP_CONG_PRC,BELLVUE_1_N001,ALL,1,0,3,2
2022-09-02T03:30:00-00:00,2022-09-02T03:45:00-00:00,2022-09-01,21,BELLVUE_1_N001,BELLVUE_1_N001,BELLVUE_1_N001,RTPD,MCC,LMP_CONG_PRC,BELLVUE_1_N001,ALL,1,35.80971,3,2
2022-09-02T04:30:00-00:00,2022-09-02T04:45:00-00:00,2022-09-01,22,BELLVUE_1_N001,BELLVUE_1_N001,BELLVUE_1_N001,RTPD,MCC,LMP_CONG_PRC,BELLVUE_1_N001,ALL,1,0,3,2
2022-09-02T05:30:00-00:00,2022-09-02T05:45:00-00:00,2022-09-01,23,BELLVUE_1_N001,BELLVUE_1_N001,BELLVUE_1_N001,RTPD,MCC,LMP_CONG_PRC,BELLVUE_1_N001,ALL,1,0,3,2
2022-09-02T06:30:00-00:00,2022-09-02T06:45:00-00:00,2022-09-01,24,BELLVUE_1_N001,BELLVUE_1_N001,BELLVUE_1_N001,RTPD,MCC,LMP_CONG_PRC,BELLVUE_1_N001,ALL,1,0,3,2
2022-09-01T07:45:00-00:00,2022-09-01T08:00:00-00:00,2022-09-01,01,BELLVUE_1_N001,BELLVUE_1_N001,BELLVUE_1_N001,RTPD,MCC,LMP_CONG_PRC,BELLVUE_1_N001,ALL,1,-18.30037,4,2
2022-09-01T08:45:00-00:00,2022-09-01T09:00:00-00:00,2022-09-01,02,BELLVUE_1_N001,BELLVUE_1_N001,BELLVUE_1_N001,RTPD,MCC,LMP_CONG_PRC,BELLVUE_1_N001,ALL,1,-4.46735,4,2
2022-09-01T09:45:00-00:00,2022-09-01T10:00:00-00:00,2022-09-01,03,BELLVUE_1_N001,BELLVUE_1_N001,BELLVUE_1_N001,RTPD,MCC,LMP_CONG_PRC,BELLVUE_1_N001,ALL,1,-5.15961,4,2
2022-09-01T10:45:00-00:00,2022-09-01T11:00:00-00:00,2022-09-01,04,BELLVUE_1_N001,BELLVUE_1_N001,BELLVUE_1_N001,RTPD,MCC,LMP_CONG_PRC,BELLVUE_1_N001,ALL,1,-1.2124,4,2
2022-09-01T11:45:00-00:00,2022-09-01T12:00:00-00:00,2022-09-01,05,BELLVUE_1_N001,BELLVUE_1_N001,BELLVUE_1_N001,RTPD,MCC,LMP_CONG_PRC,BELLVUE_1_N001,ALL,1,0,4,2
2022-09-01T12:45:00-00:00,2022-09-01T13:00:00-00:00,2022-09-01,06,BELLVUE_1_N001,BELLVUE_1_N001,BELLVUE_1_N001,RTPD,MCC,LMP_CONG_PRC,BELLVUE_1_N001,ALL,1,-2.32886,4,2
2022-09-01T13:45:00-00:00,2022-09-01T14:00:00-00:00,2022-09-01,07,BELLVUE_1_N001,BELLVUE_1_N001,BELLVUE_1_N001,RTPD,MCC,LMP_CONG_PRC,BELLVUE_1_N001,ALL,1,0,4,2
2022-09-01T14:45:00-00:00,2022-09-01T15:00:00-00:00,2022-09-01,08,BELLVUE_1_N001,BELLVUE_1_N001,BELLVUE_1_N001,RTPD,MCC,LMP_CONG_PRC,BELLVUE_1_N001,ALL,1,0,4,2
2022-09-01T15:45:00-00:00,2022-09-01T16:00:00-00:00,2022-09-01,09,BELLVUE_1_N001,BELLVUE_1_N001,BELLVUE_1_N001,RTPD,MCC,LMP_CONG_PRC,BELLVUE_1_N001,ALL,1,0,4,2
2022-09-01T16:45:00-00:00,2022-09-01T17:00:00-00:00,2022-09-01,10,BELLVUE_1_N001,BELLVUE_1_N001,BELLVUE_1_N001,RTPD,MCC,LMP_CONG_PRC,BELLVUE_1_N001,ALL,1,-12.2873,4,2
2022-09-01T17:45:00-00:00,2022-09-01T18:00:00-00:00,2022-09-01,11,BELLVUE_1_N001,BELLVUE_1_N001,BELLVUE_1_N001,RTPD,MCC,LMP_CONG_PRC,BELLVUE_1_N001,ALL,1,-19.91938,4,2
2022-09-01T18:45:00-00:00,2022-09-01T19:00:00-00:00,2022-09-01,12,BELLVUE_1_N001,BELLVUE_1_N001,BELLVUE_1_N001,RTPD,MCC,LMP_CONG_PRC,BELLVUE_1_N001,ALL,1,-27.18525,4,2
2022-09-01T19:45:00-00:00,2022-09-01T20:00:00-00:00,2022-09-01,13,BELLVUE_1_N001,BELLVUE_1_N001,BELLVUE_1_N001,RTPD,MCC,LMP_CONG_PRC,BELLVUE_1_N001,ALL,1,-13.61889,4,2
2022-09-01T20:45:00-00:00,2022-09-01T21:00:00-00:00,2022-09-01,14,BELLVUE_1_N001,BELLVUE_1_N001,BELLVUE_1_N001,RTPD,MCC,LMP_CONG_PRC,BELLVUE_1_N001,ALL,1,-28.17896,4,2
2022-09-01T21:45:00-00:00,2022-09-01T22:00:00-00:00,2022-09-01,15,BELLVUE_1_N001,BELLVUE_1_N001,BELLVUE_1_N001,RTPD,MCC,LMP_CONG_PRC,BELLVUE_1_N001,ALL,1,-88.92559,4,2
2022-09-01T22:45:00-00:00,2022-09-01T23:00:00-00:00,2022-09-01,16,BELLVUE_1_N001,BELLVUE_1_N001,BELLVUE_1_N001,RTPD,MCC,LMP_CONG_PRC,BELLVUE_1_N001,ALL,1,-254.75093,4,2
2022-09-01T23:45:00-00:00,2022-09-02T00:00:00-00:00,2022-09-01,17,BELLVUE_1_N001,BELLVUE_1_N001,BELLVUE_1_N001,RTPD,MCC,LMP_CONG_PRC,BELLVUE_1_N001,ALL,1,444.44827,4,2
2022-09-02T00:45:00-00:00,2022-09-02T01:00:00-00:00,2022-09-01,18,BELLVUE_1_N001,BELLVUE_1_N001,BELLVUE_1_N001,RTPD,MCC,LMP_CONG_PRC,BELLVUE_1_N001,ALL,1,319.98495,4,2
2022-09-02T01:45:00-00:00,2022-09-02T02:00:00-00:00,2022-09-01,19,BELLVUE_1_N001,BELLVUE_1_N001,BELLVUE_1_N001,RTPD,MCC,LMP_CONG_PRC,BELLVUE_1_N001,ALL,1,0,4,2
2022-09-02T02:45:00-00:00,2022-09-02T03:00:00-00:00,2022-09-01,20,BELLVUE_1_N001,BELLVUE_1_N001,BELLVUE_1_N001,RTPD,MCC,LMP_CONG_PRC,BELLVUE_1_N001,ALL,1,145.14229,4,2
2022-09-02T03:45:00-00:00,2022-09-02T04:00:00-00:00,2022-09-01,21,BELLVUE_1_N001,BELLVUE_1_N001,BELLVUE_1_N001,RTPD,MCC,LMP_CONG_PRC,BELLVUE_1_N001,ALL,1,20.85569,4,2
2022-09-02T04:45:00-00:00,2022-09-02T05:00:00-00:00,2022-09-01,22,BELLVUE_1_N001,BELLVUE_1_N001,BELLVUE_1_N001,RTPD,MCC,LMP_CONG_PRC,BELLVUE_1_N001,ALL,1,0,4,2
2022-09-02T05:45:00-00:00,2022-09-02T06:00:00-00:00,2022-09-01,23,BELLVUE_1_N001,BELLVUE_1_N001,BELLVUE_1_N001,RTPD,MCC,LMP_CONG_PRC,BELLVUE_1_N001,ALL,1,-5.02954,4,2
2022-09-02T06:45:00-00:00,2022-09-02T07:00:00-00:00,2022-09-01,24,BELLVUE_1_N001,BELLVUE_1_N001,BELLVUE_1_N001,RTPD,MCC,LMP_CONG_PRC,BELLVUE_1_N001,ALL,1,0,4,2
2022-09-01T07:00:00-00:00,2022-09-01T07:15:00-00:00,2022-09-01,01,BELLVUE_1_N001,BELLVUE_1_N001,BELLVUE_1_N001,RTPD,MCE,LMP_ENE_PRC,BELLVUE_1_N001,ALL,1,104.23471,1,3
2022-09-01T08:00:00-00:00,2022-09-01T08:15:00-00:00,2022-09-01,02,BELLVUE_1_N001,BELLVUE_1_N001,BELLVUE_1_N001,RTPD,MCE,LMP_ENE_PRC,BELLVUE_1_N001,ALL,1,115.5488,1,3
2022-09-01T09:00:00-00:00,2022-09-01T09:15:00-00:00,2022-09-01,03,BELLVUE_1_N001,BELLVUE_1_N001,BELLVUE_1_N001,RTPD,MCE,LMP_ENE_PRC,BELLVUE_1_N001,ALL,1,99.73061,1,3
2022-09-01T10:00:00-00:00,2022-09-01T10:15:00-00:00,2022-09-01,04,BELLVUE_1_N001,BELLVUE_1_N001,BELLVUE_1_N001,RTPD,MCE,LMP_ENE_PRC,BELLVUE_1_N001,ALL,1,98.64222,1,3
2022-09-01T11:00:00-00:00,2022-09-01T11:15:00-00:00,2022-09-01,05,BELLVUE_1_N001,BELLVUE_1_N001,BELLVUE_1_N001,RTPD,MCE,LMP_ENE_PRC,BELLVUE_1_N001,ALL,1,102.56859,1,3
2022-09-01T12:00:00-00:00,2022-09-01T12:15:00-00:00,2022-09-01,06,BELLVUE_1_N001,BELLVUE_1_N001,BELLVUE_1_N001,RTPD,MCE,LMP_ENE_PRC,BELLVUE_1_N001,ALL,1,96.90845,1,3
2022-09-01T13:00:00-00:00,2022-09-01T13:15:00-00:00,2022-09-01,07,BELLVUE_1_N001,BELLVUE_1_N001,BELLVUE_1_N001,RTPD,MCE,LMP_ENE_PRC,BELLVUE_1_N001,ALL,1,101.80878,1,3
2022-09-01T14:00:00-00:00,2022-09-01T14:15:00-00:00,2022-09-01,08,BELLVUE_1_N001,BELLVUE_1_N001,BELLVUE_1_N001,RTPD,MCE,LMP_ENE_PRC,BELLVUE_1_N001,ALL,1,111.11219,1,3
2022-09-01T15:00:00-00:00,2022-09-01T15:15:00-00:00,2022-09-01,09,BELLVUE_1_N001,BELLVUE_1_N001,BELLVUE_1_N001,RTPD,MCE,LMP_ENE_PRC,BELLVUE_1_N001,ALL,1,97.4112,1,3
2022-09-01T16:00:00-00:00,2022-09-01T16:15:00-00:00,2022-09-01,10,BELLVUE_1_N001,BELLVUE_1_N001,BELLVUE_1_N001,RTPD,MCE,LMP_ENE_PRC,BELLVUE_1_N001,ALL,1,83.43525,1,3
2022-09-01T17:00:00-00:00,2022-09-01T17:15:00-00:00,2022-09-01,11,BELLVUE_1_N001,BELLVUE_1_N001,BELLVUE_1_N001,RTPD,MCE,LMP_ENE_PRC,BELLVUE_1_N001,ALL,1,96.94897,1,3
2022-09-01T18:00:00-00:00,2022-09-01T18:15:00-00:00,2022-09-01,12,BELLVUE_1_N001,BELLVUE_1_N001,BELLVUE_1_N001,RTPD,MCE,LMP_ENE_PRC,BELLVUE_1_N001,ALL,1,91.59291,1,3
2022-09-01T19:00:00-00:00,2022-09-01T19:15:00-00:00,2022-09-01,13,BELLVUE_1_N001,BELLVUE_1_N001,BELLVUE_1_N001,RTPD,MCE,LMP_ENE_PRC,BELLVUE_1_N001,ALL,1,109.19637,1,3
2022-09-01T20:00:00-00:00,2022-09-01T20:15:00-00:00,2022-09-01,14,BELLVUE_1_N001,BELLVUE_1_N001,BELLVUE_1_N001,RTPD,MCE,LMP_ENE_PRC,BELLVUE_1_N001,ALL,1,117.94359,1,3
2022-09-01T21:00:00-00:00,2022-09-01T21:15:00-00:00,2022-09-01,15,BELLVUE_1_N001,BELLVUE_1_N001,BELLVUE_1_N001,RTPD,MCE,LMP_ENE_PRC,BELLVUE_1_N001,ALL,1,226.61499,1,3
2022-09-01T22:00:00-00:00,2022-09-01T22:15:00-00:00,2022-09-01,16,BELLVUE_1_N001,BELLVUE_1_N001,BELLVUE_1_N001,RTPD,MCE,LMP_ENE_PRC,BELLVUE_1_N001,ALL,1,229.18552,1,3
2022-09-01T23:00:00-00:00,2022-09-01T23:15:00-00:00,2022-09-01,17,BELLVUE_1_N001,BELLVUE_1_N001,BELLVUE_1_N001,RTPD,MCE,LMP_ENE_PRC,BELLVUE_1_N001,ALL,1,386.7537,1,3
2022-09-02T00:00:00-00:00,2022-09-02T00:15:00-00:00,2022-09-01,18,BELLVUE_1_N001,BELLVUE_1_N001,BELLVUE_1_N001,RTPD,MCE,LMP_ENE_PRC,BELLVUE_1_N001,ALL,1,770.58136,1,3
2022-09-02T01:00:00-00:00,2022-09-02T01:15:00-00:00,2022-09-01,19,BELLVUE_1_N001,BELLVUE_1_N001,BELLVUE_1_N001,RTPD,MCE,LMP_ENE_PRC,BELLVUE_1_N001,ALL,1,916.27124,1,3
2022-09-02T02:00:00-00:00,2022-09-02T02:15:00-00:00,2022-09-01,20,BELLVUE_1_N001,BELLVUE_1_N001,BELLVUE_1_N001,RTPD,MCE,LMP_ENE_PRC,BELLVUE_1_N001,ALL,1,1991.6721,1,3
2022-09-02T03:00:00-00:00,2022-09-02T03:15:00-00:00,2022-09-01,21,BELLVUE_1_N001,BELLVUE_1_N001,BELLVUE_1_N001,RTPD,MCE,LMP_ENE_PRC,BELLVUE_1_N001,ALL,1,917.5508,1,3
2022-09-02T04:00:00-00:00,2022-09-02T04:15:00-00:00,2022-09-01,22,BELLVUE_1_N001,BELLVUE_1_N001,BELLVUE_1_N001,RTPD,MCE,LMP_ENE_PRC,BELLVUE_1_N001,ALL,1,257.83005,1,3
2022-09-02T05:00:00-00:00,2022-09-02T05:15:00-00:00,2022-09-01,23,BELLVUE_1_N001,BELLVUE_1_N001,BELLVUE_1_N001,RTPD,MCE,LMP_ENE_PRC,BELLVUE_1_N001,ALL,1,183.24657,1,3
2022-09-02T06:00:00-00:00,2022-09-02T06:15:00-00:00,2022-09-01,24,BELLVUE_1_N001,BELLVUE_1_N001,BELLVUE_1_N001,RTPD,MCE,LMP_ENE_PRC,BELLVUE_1_N001,ALL,1,158.867,1,3
2022-09-01T07:15:00-00:00,2022-09-01T07:30:00-00:00,2022-09-01,01,BELLVUE_1_N001,BELLVUE_1_N001,BELLVUE_1_N001,RTPD,MCE,LMP_ENE_PRC,BELLVUE_1_N001,ALL,1,125.55144,2,3
2022-09-01T08:15:00-00:00,2022-09-01T08:30:00-00:00,2022-09-01,02,BELLVUE_1_N001,BELLVUE_1_N001,BELLVUE_1_N001,RTPD,MCE,LMP_ENE_PRC,BELLVUE_1_N001,ALL,1,115.53165,2,3
2022-09-01T09:15:00-00:00,2022-09-01T09:30:00-00:00,2022-09-01,03,BELLVUE_1_N001,BELLVUE_1_N001,BELLVUE_1_N001,RTPD,MCE,LMP_ENE_PRC,BELLVUE_1_N001,ALL,1,98.30543,2,3
2022-09-01T10:15:00-00:00,2022-09-01T10:30:00-00:00,2022-09-01,04,BELLVUE_1_N001,BELLVUE_1_N001,BELLVUE_1_N001,RTPD,MCE,LMP_ENE_PRC,BELLVUE_1_N001,ALL,1,97.00684,2,3
2022-09-01T11:15:00-00:00,2022-09-01T11:30:00-00:00,2022-09-01,05,BELLVUE_1_N001,BELLVUE_1_N001,BELLVUE_1_N001,RTPD,MCE,LMP_ENE_PRC,BELLVUE_1_N001,ALL,1,103.09059,2,3
2022-09-01T12:15:00-00:00,2022-09-01T12:30:00-00:00,2022-09-01,06,BELLVUE_1_N001,BELLVUE_1_N001,BELLVUE_1_N001,RTPD,MCE,LMP_ENE_PRC,BELLVUE_1_N001,ALL,1,109.32203,2,3
2022-09-01T13:15:00-00:00,2022-09-01T13:30:00-00:00,2022-09-01,07,BELLVUE_1_N001,BELLVUE_1_N001,BELLVUE_1_N001,RTPD,MCE,LMP_ENE_PRC,BELLVUE_1_N001,ALL,1,110.97827,2,3
2022-09-01T14:15:00-00:00,2022-09-01T14:30:00-00:00,2022-09-01,08,BELLVUE_1_N001,BELLVUE_1_N001,BELLVUE_1_N001,RTPD,MCE,LMP_ENE_PRC,BELLVUE_1_N001,ALL,1,104.78743,2,3
2022-09-01T15:15:00-00:00,2022-09-01T15:30:00-00:00,2022-09-01,09,BELLVUE_1_N001,BELLVUE_1_N001,BELLVUE_1_N001,RTPD,MCE,LMP_ENE_PRC,BELLVUE_1_N001,ALL,1,86.9388,2,3
2022-09-01T16:15:00-00:00,2022-09-01T16:30:00-00:00,2022-09-01,10,BELLVUE_1_N001,BELLVUE_1_N001,BELLVUE_1_N001,RTPD,MCE,LMP_ENE_PRC,BELLVUE_1_N001,ALL,1,89.44858,2,3
2022-09-01T17:15:00-00:00,2022-09-01T17:30:00-00:00,2022-09-01,11,BELLVUE_1_N001,BELLVUE_1_N001,BELLVUE_1_N001,RTPD,MCE,LMP_ENE_PRC,BELLVUE_1_N001,ALL,1,99.34673,2,3
2022-09-01T18:15:00-00:00,2022-09-01T18:30:00-00:00,2022-09-01,12,BELLVUE_1_N001,BELLVUE_1_N001,BELLVUE_1_N001,RTPD,MCE,LMP_ENE_PRC,BELLVUE_1_N001,ALL,1,101.15901,2,3
2022-09-01T19:15:00-00:00,2022-09-01T19:30:00-00:00,2022-09-01,13,BELLVUE_1_N001,BELLVUE_1_N001,BELLVUE_1_N001,RTPD,MCE,LMP_ENE_PRC,BELLVUE_1_N001,ALL,1,105.30588,2,3
2022-09-01T20:15:00-00:00,2022-09-01T20:30:00-00:00,2022-09-01,14,BELLVUE_1_N001,BELLVUE_1_N001,BELLVUE_1_N001,RTPD,MCE,LMP_ENE_PRC,BELLVUE_1_N001,ALL,1,117.49421,2,3
2022-09-01T21:15:00-00:00,2022-09-01T21:30:00-00:00,2022-09-01,15,BELLVUE_1_N001,BELLVUE_1_N001,BELLVUE_1_N001,RTPD,MCE,LMP_ENE_PRC,BELLVUE_1_N001,ALL,1,147.21185,2,3
2022-09-01T22:15:00-00:00,2022-09-01T22:30:00-00:00,2022-09-01,16,BELLVUE_1_N001,BELLVUE_1_N001,BELLVUE_1_N001,RTPD,MCE,LMP_ENE_PRC,BELLVUE_1_N001,ALL,1,256.58734,2,3
2022-09-01T23:15:00-00:00,2022-09-01T23:30:00-00:00,2022-09-01,17,BELLVUE_1_N001,BELLVUE_1_N001,BELLVUE_1_N001,RTPD,MCE,LMP_ENE_PRC,BELLVUE_1_N001,ALL,1,362.12408,2,3
2022-09-02T00:15:00-00:00,2022-09-02T00:30:00-00:00,2022-09-01,18,BELLVUE_1_N001,BELLVUE_1_N001,BELLVUE_1_N001,RTPD,MCE,LMP_ENE_PRC,BELLVUE_1_N001,ALL,1,691.2182,2,3
2022-09-02T01:15:00-00:00,2022-09-02T01:30:00-00:00,2022-09-01,19,BELLVUE_1_N001,BELLVUE_1_N001,BELLVUE_1_N001,RTPD,MCE,LMP_ENE_PRC,BELLVUE_1_N001,ALL,1,1999.9933,2,3
2022-09-02T02:15:00-00:00,2022-09-02T02:30:00-00:00,2022-09-01,20,BELLVUE_1_N001,BELLVUE_1_N001,BELLVUE_1_N001,RTPD,MCE,LMP_ENE_PRC,BELLVUE_1_N001,ALL,1,1991.6721,2,3
2022-09-02T03:15:00-00:00,2022-09-02T03:30:00-00:00,2022-09-01,21,BELLVUE_1_N001,BELLVUE_1_N001,BELLVUE_1_N001,RTPD,MCE,LMP_ENE_PRC,BELLVUE_1_N001,ALL,1,400.52884,2,3
2022-09-02T04:15:00-00:00,2022-09-02T04:30:00-00:00,2022-09-01,22,BELLVUE_1_N001,BELLVUE_1_N001,BELLVUE_1_N001,RTPD,MCE,LMP_ENE_PRC,BELLVUE_1_N001,ALL,1,224.75041,2,3
2022-09-02T05:15:00-00:00,2022-09-02T05:30:00-00:00,2022-09-01,23,BELLVUE_1_N001,BELLVUE_1_N001,BELLVUE_1_N001,RTPD,MCE,LMP_ENE_PRC,BELLVUE_1_N001,ALL,1,157.11986,2,3
2022-09-02T06:15:00-00:00,2022-09-02T06:30:00-00:00,2022-09-01,24,BELLVUE_1_N001,BELLVUE_1_N001,BELLVUE_1_N001,RTPD,MCE,LMP_ENE_PRC,BELLVUE_1_N001,ALL,1,143.1005,2,3
2022-09-01T07:30:00-00:00,2022-09-01T07:45:00-00:00,2022-09-01,01,BELLVUE_1_N001,BELLVUE_1_N001,BELLVUE_1_N001,RTPD,MCE,LMP_ENE_PRC,BELLVUE_1_N001,ALL,1,119.03196,3,3
2022-09-01T08:30:00-00:00,2022-09-01T08:45:00-00:00,2022-09-01,02,BELLVUE_1_N001,BELLVUE_1_N001,BELLVUE_1_N001,RTPD,MCE,LMP_ENE_PRC,BELLVUE_1_N001,ALL,1,111.11241,3,3
2022-09-01T09:30:00-00:00,2022-09-01T09:45:00-00:00,2022-09-01,03,BELLVUE_1_N001,BELLVUE_1_N001,BELLVUE_1_N001,RTPD,MCE,LMP_ENE_PRC,BELLVUE_1_N001,ALL,1,98.16228,3,3
2022-09-01T10:30:00-00:00,2022-09-01T10:45:00-00:00,2022-09-01,04,BELLVUE_1_N001,BELLVUE_1_N001,BELLVUE_1_N001,RTPD,MCE,LMP_ENE_PRC,BELLVUE_1_N001,ALL,1,96.36226,3,3
2022-09-01T11:30:00-00:00,2022-09-01T11:45:00-00:00,2022-09-01,05,BELLVUE_1_N001,BELLVUE_1_N001,BELLVUE_1_N001,RTPD,MCE,LMP_ENE_PRC,BELLVUE_1_N001,ALL,1,103.06198,3,3
2022-09-01T12:30:00-00:00,2022-09-01T12:45:00-00:00,2022-09-01,06,BELLVUE_1_N001,BELLVUE_1_N001,BELLVUE_1_N001,RTPD,MCE,LMP_ENE_PRC,BELLVUE_1_N001,ALL,1,113.57403,3,3
2022-09-01T13:30:00-00:00,2022-09-01T13:45:00-00:00,2022-09-01,07,BELLVUE_1_N001,BELLVUE_1_N001,BELLVUE_1_N001,RTPD,MCE,LMP_ENE_PRC,BELLVUE_1_N001,ALL,1,111.52025,3,3
2022-09-01T14:30:00-00:00,2022-09-01T14:45:00-00:00,2022-09-01,08,BELLVUE_1_N001,BELLVUE_1_N001,BELLVUE_1_N001,RTPD,MCE,LMP_ENE_PRC,BELLVUE_1_N001,ALL,1,101.83428,3,3
2022-09-01T15:30:00-00:00,2022-09-01T15:45:00-00:00,2022-09-01,09,BELLVUE_1_N001,BELLVUE_1_N001,BELLVUE_1_N001,RTPD,MCE,LMP_ENE_PRC,BELLVUE_1_N001,ALL,1,86.1388,3,3
2022-09-01T16:30:00-00:00,2022-09-01T16:45:00-00:00,2022-09-01,10,BELLVUE_1_N001,BELLVUE_1_N001,BELLVUE_1_N001,RTPD,MCE,LMP_ENE_PRC,BELLVUE_1_N001,ALL,1,88.79644,3,3
2022-09-01T17:30:00-00:00,2022-09-01T17:45:00-00:00,2022-09-01,11,BELLVUE_1_N001,BELLVUE_1_N001,BELLVUE_1_N001,RTPD,MCE,LMP_ENE_PRC,BELLVUE_1_N001,ALL,1,99.13013,3,3
2022-09-01T18:30:00-00:00,2022-09-01T18:45:00-00:00,2022-09-01,12,BELLVUE_1_N001,BELLVUE_1_N001,BELLVUE_1_N001,RTPD,MCE,LMP_ENE_PRC,BELLVUE_1_N001,ALL,1,107.05718,3,3
2022-09-01T19:30:00-00:00,2022-09-01T19:45:00-00:00,2022-09-01,13,BELLVUE_1_N001,BELLVUE_1_N001,BELLVUE_1_N001,RTPD,MCE,LMP_ENE_PRC,BELLVUE_1_N001,ALL,1,114.05905,3,3
2022-09-01T20:30:00-00:00,2022-09-01T20:45:00-00:00,2022-09-01,14,BELLVUE_1_N001,BELLVUE_1_N001,BELLVUE_1_N001,RTPD,MCE,LMP_ENE_PRC,BELLVUE_1_N001,ALL,1,129.81606,3,3
2022-09-01T21:30:00-00:00,2022-09-01T21:45:00-00:00,2022-09-01,15,BELLVUE_1_N001,BELLVUE_1_N001,BELLVUE_1_N001,RTPD,MCE,LMP_ENE_PRC,BELLVUE_1_N001,ALL,1,152.93057,3,3
2022-09-01T22:30:00-00:00,2022-09-01T22:45:00-00:00,2022-09-01,16,BELLVUE_1_N001,BELLVUE_1_N001,BELLVUE_1_N001,RTPD,MCE,LMP_ENE_PRC,BELLVUE_1_N001,ALL,1,283.18182,3,3
2022-09-01T23:30:00-00:00,2022-09-01T23:45:00-00:00,2022-09-01,17,BELLVUE_1_N001,BELLVUE_1_N001,BELLVUE_1_N001,RTPD,MCE,LMP_ENE_PRC,BELLVUE_1_N001,ALL,1,566.48157,3,3
2022-09-02T00:30:00-00:00,2022-09-02T00:45:00-00:00,2022-09-01,18,BELLVUE_1_N001,BELLVUE_1_N001,BELLVUE_1_N001,RTPD,MCE,LMP_ENE_PRC,BELLVUE_1_N001,ALL,1,1329.1127,3,3
2022-09-02T01:30:00-00:00,2022-09-02T01:45:00-00:00,2022-09-01,19,BELLVUE_1_N001,BELLVUE_1_N001,BELLVUE_1_N001,RTPD,MCE,LMP_ENE_PRC,BELLVUE_1_N001,ALL,1,1999.9956,3,3
2022-09-02T02:30:00-00:00,2022-09-02T02:45:00-00:00,2022-09-01,20,BELLVUE_1_N001,BELLVUE_1_N001,BELLVUE_1_N001,RTPD,MCE,LMP_ENE_PRC,BELLVUE_1_N001,ALL,1,1991.671,3,3
2022-09-02T03:30:00-00:00,2022-09-02T03:45:00-00:00,2022-09-01,21,BELLVUE_1_N001,BELLVUE_1_N001,BELLVUE_1_N001,RTPD,MCE,LMP_ENE_PRC,BELLVUE_1_N001,ALL,1,186.61823,3,3
2022-09-02T04:30:00-00:00,2022-09-02T04:45:00-00:00,2022-09-01,22,BELLVUE_1_N001,BELLVUE_1_N001,BELLVUE_1_N001,RTPD,MCE,LMP_ENE_PRC,BELLVUE_1_N001,ALL,1,180.67824,3,3
2022-09-02T05:30:00-00:00,2022-09-02T05:45:00-00:00,2022-09-01,23,BELLVUE_1_N001,BELLVUE_1_N001,BELLVUE_1_N001,RTPD,MCE,LMP_ENE_PRC,BELLVUE_1_N001,ALL,1,131.69917,3,3
2022-09-02T06:30:00-00:00,2022-09-02T06:45:00-00:00,2022-09-01,24,BELLVUE_1_N001,BELLVUE_1_N001,BELLVUE_1_N001,RTPD,MCE,LMP_ENE_PRC,BELLVUE_1_N001,ALL,1,128.9871,3,3
2022-09-01T07:45:00-00:00,2022-09-01T08:00:00-00:00,2022-09-01,01,BELLVUE_1_N001,BELLVUE_1_N001,BELLVUE_1_N001,RTPD,MCE,LMP_ENE_PRC,BELLVUE_1_N001,ALL,1,109.12099,4,3
2022-09-01T08:45:00-00:00,2022-09-01T09:00:00-00:00,2022-09-01,02,BELLVUE_1_N001,BELLVUE_1_N001,BELLVUE_1_N001,RTPD,MCE,LMP_ENE_PRC,BELLVUE_1_N001,ALL,1,98.7357,4,3
2022-09-01T09:45:00-00:00,2022-09-01T10:00:00-00:00,2022-09-01,03,BELLVUE_1_N001,BELLVUE_1_N001,BELLVUE_1_N001,RTPD,MCE,LMP_ENE_PRC,BELLVUE_1_N001,ALL,1,97.50475,4,3
2022-09-01T10:45:00-00:00,2022-09-01T11:00:00-00:00,2022-09-01,04,BELLVUE_1_N001,BELLVUE_1_N001,BELLVUE_1_N001,RTPD,MCE,LMP_ENE_PRC,BELLVUE_1_N001,ALL,1,94.71966,4,3
2022-09-01T11:45:00-00:00,2022-09-01T12:00:00-00:00,2022-09-01,05,BELLVUE_1_N001,BELLVUE_1_N001,BELLVUE_1_N001,RTPD,MCE,LMP_ENE_PRC,BELLVUE_1_N001,ALL,1,107.01,4,3
2022-09-01T12:45:00-00:00,2022-09-01T13:00:00-00:00,2022-09-01,06,BELLVUE_1_N001,BELLVUE_1_N001,BELLVUE_1_N001,RTPD,MCE,LMP_ENE_PRC,BELLVUE_1_N001,ALL,1,116.4848,4,3
2022-09-01T13:45:00-00:00,2022-09-01T14:00:00-00:00,2022-09-01,07,BELLVUE_1_N001,BELLVUE_1_N001,BELLVUE_1_N001,RTPD,MCE,LMP_ENE_PRC,BELLVUE_1_N001,ALL,1,111.41,4,3
2022-09-01T14:45:00-00:00,2022-09-01T15:00:00-00:00,2022-09-01,08,BELLVUE_1_N001,BELLVUE_1_N001,BELLVUE_1_N001,RTPD,MCE,LMP_ENE_PRC,BELLVUE_1_N001,ALL,1,86.1388,4,3
2022-09-01T15:45:00-00:00,2022-09-01T16:00:00-00:00,2022-09-01,09,BELLVUE_1_N001,BELLVUE_1_N001,BELLVUE_1_N001,RTPD,MCE,LMP_ENE_PRC,BELLVUE_1_N001,ALL,1,78.70076,4,3
2022-09-01T16:45:00-00:00,2022-09-01T17:00:00-00:00,2022-09-01,10,BELLVUE_1_N001,BELLVUE_1_N001,BELLVUE_1_N001,RTPD,MCE,LMP_ENE_PRC,BELLVUE_1_N001,ALL,1,91.24933,4,3
2022-09-01T17:45:00-00:00,2022-09-01T18:00:00-00:00,2022-09-01,11,BELLVUE_1_N001,BELLVUE_1_N001,BELLVUE_1_N001,RTPD,MCE,LMP_ENE_PRC,BELLVUE_1_N001,ALL,1,99.20544,4,3
2022-09-01T18:45:00-00:00,2022-09-01T19:00:00-00:00,2022-09-01,12,BELLVUE_1_N001,BELLVUE_1_N001,BELLVUE_1_N001,RTPD,MCE,LMP_ENE_PRC,BELLVUE_1_N001,ALL,1,109.04064,4,3
2022-09-01T19:45:00-00:00,2022-09-01T20:00:00-00:00,2022-09-01,13,BELLVUE_1_N001,BELLVUE_1_N001,BELLVUE_1_N001,RTPD,MCE,LMP_ENE_PRC,BELLVUE_1_N001,ALL,1,120.22491,4,3
2022-09-01T20:45:00-00:00,2022-09-01T21:00:00-00:00,2022-09-01,14,BELLVUE_1_N001,BELLVUE_1_N001,BELLVUE_1_N001,RTPD,MCE,LMP_ENE_PRC,BELLVUE_1_N001,ALL,1,154.02509,4,3
2022-09-01T21:45:00-00:00,2022-09-01T22:00:00-00:00,2022-09-01,15,BELLVUE_1_N001,BELLVUE_1_N001,BELLVUE_1_N001,RTPD,MCE,LMP_ENE_PRC,BELLVUE_1_N001,ALL,1,300.29376,4,3
2022-09-01T22:45:00-00:00,2022-09-01T23:00:00-00:00,2022-09-01,16,BELLVUE_1_N001,BELLVUE_1_N001,BELLVUE_1_N001,RTPD,MCE,LMP_ENE_PRC,BELLVUE_1_N001,ALL,1,429.9137,4,3
2022-09-01T23:45:00-00:00,2022-09-02T00:00:00-00:00,2022-09-01,17,BELLVUE_1_N001,BELLVUE_1_N001,BELLVUE_1_N001,RTPD,MCE,LMP_ENE_PRC,BELLVUE_1_N001,ALL,1,1261.2124,4,3
2022-09-02T00:45:00-00:00,2022-09-02T01:00:00-00:00,2022-09-01,18,BELLVUE_1_N001,BELLVUE_1_N001,BELLVUE_1_N001,RTPD,MCE,LMP_ENE_PRC,BELLVUE_1_N001,ALL,1,1519.149,4,3
2022-09-02T01:45:00-00:00,2022-09-02T02:00:00-00:00,2022-09-01,19,BELLVUE_1_N001,BELLVUE_1_N001,BELLVUE_1_N001,RTPD,MCE,LMP_ENE_PRC,BELLVUE_1_N001,ALL,1,1991.9337,4,3
2022-09-02T02:45:00-00:00,2022-09-02T03:00:00-00:00,2022-09-01,20,BELLVUE_1_N001,BELLVUE_1_N001,BELLVUE_1_N001,RTPD,MCE,LMP_ENE_PRC,BELLVUE_1_N001,ALL,1,1629.6213,4,3
2022-09-02T03:45:00-00:00,2022-09-02T04:00:00-00:00,2022-09-01,21,BELLVUE_1_N001,BELLVUE_1_N001,BELLVUE_1_N001,RTPD,MCE,LMP_ENE_PRC,BELLVUE_1_N001,ALL,1,141.13702,4,3
2022-09-02T04:45:00-00:00,2022-09-02T05:00:00-00:00,2022-09-01,22,BELLVUE_1_N001,BELLVUE_1_N001,BELLVUE_1_N001,RTPD,MCE,LMP_ENE_PRC,BELLVUE_1_N001,ALL,1,126.76372,4,3
2022-09-02T05:45:00-00:00,2022-09-02T06:00:00-00:00,2022-09-01,23,BELLVUE_1_N001,BELLVUE_1_N001,BELLVUE_1_N001,RTPD,MCE,LMP_ENE_PRC,BELLVUE_1_N001,ALL,1,119.00958,4,3
2022-09-02T06:45:00-00:00,2022-09-02T07:00:00-00:00,2022-09-01,24,BELLVUE_1_N001,BELLVUE_1_N001,BELLVUE_1_N001,RTPD,MCE,LMP_ENE_PRC,BELLVUE_1_N001,ALL,1,109.20324,4,3
2022-09-01T07:00:00-00:00,2022-09-01T07:15:00-00:00,2022-09-01,01,BELLVUE_1_N001,BELLVUE_1_N001,BELLVUE_1_N001,RTPD,MCL,LMP_LOSS_PRC,BELLVUE_1_N001,ALL,1,-7.36939,1,4
2022-09-01T08:00:00-00:00,2022-09-01T08:15:00-00:00,2022-09-01,02,BELLVUE_1_N001,BELLVUE_1_N001,BELLVUE_1_N001,RTPD,MCL,LMP_LOSS_PRC,BELLVUE_1_N001,ALL,1,0,1,4
2022-09-01T09:00:00-00:00,2022-09-01T09:15:00-00:00,2022-09-01,03,BELLVUE_1_N001,BELLVUE_1_N001,BELLVUE_1_N001,RTPD,MCL,LMP_LOSS_PRC,BELLVUE_1_N001,ALL,1,-1.44609,1,4
2022-09-01T10:00:00-00:00,2022-09-01T10:15:00-00:00,2022-09-01,04,BELLVUE_1_N001,BELLVUE_1_N001,BELLVUE_1_N001,RTPD,MCL,LMP_LOSS_PRC,BELLVUE_1_N001,ALL,1,-1.24289,1,4
2022-09-01T11:00:00-00:00,2022-09-01T11:15:00-00:00,2022-09-01,05,BELLVUE_1_N001,BELLVUE_1_N001,BELLVUE_1_N001,RTPD,MCL,LMP_LOSS_PRC,BELLVUE_1_N001,ALL,1,-1.23082,1,4
2022-09-01T12:00:00-00:00,2022-09-01T12:15:00-00:00,2022-09-01,06,BELLVUE_1_N001,BELLVUE_1_N001,BELLVUE_1_N001,RTPD,MCL,LMP_LOSS_PRC,BELLVUE_1_N001,ALL,1,-1.0563,1,4
2022-09-01T13:00:00-00:00,2022-09-01T13:15:00-00:00,2022-09-01,07,BELLVUE_1_N001,BELLVUE_1_N001,BELLVUE_1_N001,RTPD,MCL,LMP_LOSS_PRC,BELLVUE_1_N001,ALL,1,0,1,4
2022-09-01T14:00:00-00:00,2022-09-01T14:15:00-00:00,2022-09-01,08,BELLVUE_1_N001,BELLVUE_1_N001,BELLVUE_1_N001,RTPD,MCL,LMP_LOSS_PRC,BELLVUE_1_N001,ALL,1,1.36668,1,4
2022-09-01T15:00:00-00:00,2022-09-01T15:15:00-00:00,2022-09-01,09,BELLVUE_1_N001,BELLVUE_1_N001,BELLVUE_1_N001,RTPD,MCL,LMP_LOSS_PRC,BELLVUE_1_N001,ALL,1,0,1,4
2022-09-01T16:00:00-00:00,2022-09-01T16:15:00-00:00,2022-09-01,10,BELLVUE_1_N001,BELLVUE_1_N001,BELLVUE_1_N001,RTPD,MCL,LMP_LOSS_PRC,BELLVUE_1_N001,ALL,1,0,1,4
2022-09-01T17:00:00-00:00,2022-09-01T17:15:00-00:00,2022-09-01,11,BELLVUE_1_N001,BELLVUE_1_N001,BELLVUE_1_N001,RTPD,MCL,LMP_LOSS_PRC,BELLVUE_1_N001,ALL,1,0,1,4
2022-09-01T18:00:00-00:00,2022-09-01T18:15:00-00:00,2022-09-01,12,BELLVUE_1_N001,BELLVUE_1_N001,BELLVUE_1_N001,RTPD,MCL,LMP_LOSS_PRC,BELLVUE_1_N001,ALL,1,0,1,4
2022-09-01T19:00:00-00:00,2022-09-01T19:15:00-00:00,2022-09-01,13,BELLVUE_1_N001,BELLVUE_1_N001,BELLVUE_1_N001,RTPD,MCL,LMP_LOSS_PRC,BELLVUE_1_N001,ALL,1,0,1,4
2022-09-01T20:00:00-00:00,2022-09-01T20:15:00-00:00,2022-09-01,14,BELLVUE_1_N001,BELLVUE_1_N001,BELLVUE_1_N001,RTPD,MCL,LMP_LOSS_PRC,BELLVUE_1_N001,ALL,1,0,1,4
2022-09-01T21:00:00-00:00,2022-09-01T21:15:00-00:00,2022-09-01,15,BELLVUE_1_N001,BELLVUE_1_N001,BELLVUE_1_N001,RTPD,MCL,LMP_LOSS_PRC,BELLVUE_1_N001,ALL,1,0,1,4
2022-09-01T22:00:00-00:00,2022-09-01T22:15:00-00:00,2022-09-01,16,BELLVUE_1_N001,BELLVUE_1_N001,BELLVUE_1_N001,RTPD,MCL,LMP_LOSS_PRC,BELLVUE_1_N001,ALL,1,0,1,4
2022-09-01T23:00:00-00:00,2022-09-01T23:15:00-00:00,2022-09-01,17,BELLVUE_1_N001,BELLVUE_1_N001,BELLVUE_1_N001,RTPD,MCL,LMP_LOSS_PRC,BELLVUE_1_N001,ALL,1,0,1,4
2022-09-02T00:00:00-00:00,2022-09-02T00:15:00-00:00,2022-09-01,18,BELLVUE_1_N001,BELLVUE_1_N001,BELLVUE_1_N001,RTPD,MCL,LMP_LOSS_PRC,BELLVUE_1_N001,ALL,1,45.84959,1,4
2022-09-02T01:00:00-00:00,2022-09-02T01:15:00-00:00,2022-09-01,19,BELLVUE_1_N001,BELLVUE_1_N001,BELLVUE_1_N001,RTPD,MCL,LMP_LOSS_PRC,BELLVUE_1_N001,ALL,1,0,1,4
2022-09-02T02:00:00-00:00,2022-09-02T02:15:00-00:00,2022-09-01,20,BELLVUE_1_N001,BELLVUE_1_N001,BELLVUE_1_N001,RTPD,MCL,LMP_LOSS_PRC,BELLVUE_1_N001,ALL,1,0,1,4
2022-09-02T03:00:00-00:00,2022-09-02T03:15:00-00:00,2022-09-01,21,BELLVUE_1_N001,BELLVUE_1_N001,BELLVUE_1_N001,RTPD,MCL,LMP_LOSS_PRC,BELLVUE_1_N001,ALL,1,42.94138,1,4
2022-09-02T04:00:00-00:00,2022-09-02T04:15:00-00:00,2022-09-01,22,BELLVUE_1_N001,BELLVUE_1_N001,BELLVUE_1_N001,RTPD,MCL,LMP_LOSS_PRC,BELLVUE_1_N001,ALL,1,5.466,1,4
2022-09-02T05:00:00-00:00,2022-09-02T05:15:00-00:00,2022-09-01,23,BELLVUE_1_N001,BELLVUE_1_N001,BELLVUE_1_N001,RTPD,MCL,LMP_LOSS_PRC,BELLVUE_1_N001,ALL,1,3.62828,1,4
2022-09-02T06:00:00-00:00,2022-09-02T06:15:00-00:00,2022-09-01,24,BELLVUE_1_N001,BELLVUE_1_N001,BELLVUE_1_N001,RTPD,MCL,LMP_LOSS_PRC,BELLVUE_1_N001,ALL,1,0.92143,1,4
2022-09-01T07:15:00-00:00,2022-09-01T07:30:00-00:00,2022-09-01,01,BELLVUE_1_N001,BELLVUE_1_N001,BELLVUE_1_N001,RTPD,MCL,LMP_LOSS_PRC,BELLVUE_1_N001,ALL,1,0,2,4
2022-09-01T08:15:00-00:00,2022-09-01T08:30:00-00:00,2022-09-01,02,BELLVUE_1_N001,BELLVUE_1_N001,BELLVUE_1_N001,RTPD,MCL,LMP_LOSS_PRC,BELLVUE_1_N001,ALL,1,0,2,4
2022-09-01T09:15:00-00:00,2022-09-01T09:30:00-00:00,2022-09-01,03,BELLVUE_1_N001,BELLVUE_1_N001,BELLVUE_1_N001,RTPD,MCL,LMP_LOSS_PRC,BELLVUE_1_N001,ALL,1,-1.43526,2,4
2022-09-01T10:15:00-00:00,2022-09-01T10:30:00-00:00,2022-09-01,04,BELLVUE_1_N001,BELLVUE_1_N001,BELLVUE_1_N001,RTPD,MCL,LMP_LOSS_PRC,BELLVUE_1_N001,ALL,1,-1.19318,2,4
2022-09-01T11:15:00-00:00,2022-09-01T11:30:00-00:00,2022-09-01,05,BELLVUE_1_N001,BELLVUE_1_N001,BELLVUE_1_N001,RTPD,MCL,LMP_LOSS_PRC,BELLVUE_1_N001,ALL,1,-1.25771,2,4
2022-09-01T12:15:00-00:00,2022-09-01T12:30:00-00:00,2022-09-01,06,BELLVUE_1_N001,BELLVUE_1_N001,BELLVUE_1_N001,RTPD,MCL,LMP_LOSS_PRC,BELLVUE_1_N001,ALL,1,-0.92924,2,4
2022-09-01T13:15:00-00:00,2022-09-01T13:30:00-00:00,2022-09-01,07,BELLVUE_1_N001,BELLVUE_1_N001,BELLVUE_1_N001,RTPD,MCL,LMP_LOSS_PRC,BELLVUE_1_N001,ALL,1,-0.71026,2,4
2022-09-01T14:15:00-00:00,2022-09-01T14:30:00-00:00,2022-09-01,08,BELLVUE_1_N001,BELLVUE_1_N001,BELLVUE_1_N001,RTPD,MCL,LMP_LOSS_PRC,BELLVUE_1_N001,ALL,1,1.16314,2,4
2022-09-01T15:15:00-00:00,2022-09-01T15:30:00-00:00,2022-09-01,09,BELLVUE_1_N001,BELLVUE_1_N001,BELLVUE_1_N001,RTPD,MCL,LMP_LOSS_PRC,BELLVUE_1_N001,ALL,1,0,2,4
2022-09-01T16:15:00-00:00,2022-09-01T16:30:00-00:00,2022-09-01,10,BELLVUE_1_N001,BELLVUE_1_N001,BELLVUE_1_N001,RTPD,MCL,LMP_LOSS_PRC,BELLVUE_1_N001,ALL,1,0,2,4
2022-09-01T17:15:00-00:00,2022-09-01T17:30:00-00:00,2022-09-01,11,BELLVUE_1_N001,BELLVUE_1_N001,BELLVUE_1_N001,RTPD,MCL,LMP_LOSS_PRC,BELLVUE_1_N001,ALL,1,0,2,4
2022-09-01T18:15:00-00:00,2022-09-01T18:30:00-00:00,2022-09-01,12,BELLVUE_1_N001,BELLVUE_1_N001,BELLVUE_1_N001,RTPD,MCL,LMP_LOSS_PRC,BELLVUE_1_N001,ALL,1,0,2,4
2022-09-01T19:15:00-00:00,2022-09-01T19:30:00-00:00,2022-09-01,13,BELLVUE_1_N001,BELLVUE_1_N001,BELLVUE_1_N001,RTPD,MCL,LMP_LOSS_PRC,BELLVUE_1_N001,ALL,1,0,2,4
2022-09-01T20:15:00-00:00,2022-09-01T20:30:00-00:00,2022-09-01,14,BELLVUE_1_N001,BELLVUE_1_N001,BELLVUE_1_N001,RTPD,MCL,LMP_LOSS_PRC,BELLVUE_1_N001,ALL,1,0,2,4
2022-09-01T21:15:00-00:00,2022-09-01T21:30:00-00:00,2022-09-01,15,BELLVUE_1_N001,BELLVUE_1_N001,BELLVUE_1_N001,RTPD,MCL,LMP_LOSS_PRC,BELLVUE_1_N001,ALL,1,0,2,4
2022-09-01T22:15:00-00:00,2022-09-01T22:30:00-00:00,2022-09-01,16,BELLVUE_1_N001,BELLVUE_1_N001,BELLVUE_1_N001,RTPD,MCL,LMP_LOSS_PRC,BELLVUE_1_N001,ALL,1,0,2,4
2022-09-01T23:15:00-00:00,2022-09-01T23:30:00-00:00,2022-09-01,17,BELLVUE_1_N001,BELLVUE_1_N001,BELLVUE_1_N001,RTPD,MCL,LMP_LOSS_PRC,BELLVUE_1_N001,ALL,1,0,2,4
2022-09-02T00:15:00-00:00,2022-09-02T00:30:00-00:00,2022-09-01,18,BELLVUE_1_N001,BELLVUE_1_N001,BELLVUE_1_N001,RTPD,MCL,LMP_LOSS_PRC,BELLVUE_1_N001,ALL,1,40.64363,2,4
2022-09-02T01:15:00-00:00,2022-09-02T01:30:00-00:00,2022-09-01,19,BELLVUE_1_N001,BELLVUE_1_N001,BELLVUE_1_N001,RTPD,MCL,LMP_LOSS_PRC,BELLVUE_1_N001,ALL,1,0,2,4
2022-09-02T02:15:00-00:00,2022-09-02T02:30:00-00:00,2022-09-01,20,BELLVUE_1_N001,BELLVUE_1_N001,BELLVUE_1_N001,RTPD,MCL,LMP_LOSS_PRC,BELLVUE_1_N001,ALL,1,0,2,4
2022-09-02T03:15:00-00:00,2022-09-02T03:30:00-00:00,2022-09-01,21,BELLVUE_1_N001,BELLVUE_1_N001,BELLVUE_1_N001,RTPD,MCL,LMP_LOSS_PRC,BELLVUE_1_N001,ALL,1,18.34422,2,4
2022-09-02T04:15:00-00:00,2022-09-02T04:30:00-00:00,2022-09-01,22,BELLVUE_1_N001,BELLVUE_1_N001,BELLVUE_1_N001,RTPD,MCL,LMP_LOSS_PRC,BELLVUE_1_N001,ALL,1,4.58491,2,4
2022-09-02T05:15:00-00:00,2022-09-02T05:30:00-00:00,2022-09-01,23,BELLVUE_1_N001,BELLVUE_1_N001,BELLVUE_1_N001,RTPD,MCL,LMP_LOSS_PRC,BELLVUE_1_N001,ALL,1,2.29395,2,4
2022-09-02T06:15:00-00:00,2022-09-02T06:30:00-00:00,2022-09-01,24,BELLVUE_1_N001,BELLVUE_1_N001,BELLVUE_1_N001,RTPD,MCL,LMP_LOSS_PRC,BELLVUE_1_N001,ALL,1,-0.54378,2,4
2022-09-01T07:30:00-00:00,2022-09-01T07:45:00-00:00,2022-09-01,01,BELLVUE_1_N001,BELLVUE_1_N001,BELLVUE_1_N001,RTPD,MCL,LMP_LOSS_PRC,BELLVUE_1_N001,ALL,1,0,3,4
2022-09-01T08:30:00-00:00,2022-09-01T08:45:00-00:00,2022-09-01,02,BELLVUE_1_N001,BELLVUE_1_N001,BELLVUE_1_N001,RTPD,MCL,LMP_LOSS_PRC,BELLVUE_1_N001,ALL,1,-1.11112,3,4
2022-09-01T09:30:00-00:00,2022-09-01T09:45:00-00:00,2022-09-01,03,BELLVUE_1_N001,BELLVUE_1_N001,BELLVUE_1_N001,RTPD,MCL,LMP_LOSS_PRC,BELLVUE_1_N001,ALL,1,-1.63931,3,4
2022-09-01T10:30:00-00:00,2022-09-01T10:45:00-00:00,2022-09-01,04,BELLVUE_1_N001,BELLVUE_1_N001,BELLVUE_1_N001,RTPD,MCL,LMP_LOSS_PRC,BELLVUE_1_N001,ALL,1,-1.09853,3,4
2022-09-01T11:30:00-00:00,2022-09-01T11:45:00-00:00,2022-09-01,05,BELLVUE_1_N001,BELLVUE_1_N001,BELLVUE_1_N001,RTPD,MCL,LMP_LOSS_PRC,BELLVUE_1_N001,ALL,1,-1.11307,3,4
2022-09-01T12:30:00-00:00,2022-09-01T12:45:00-00:00,2022-09-01,06,BELLVUE_1_N001,BELLVUE_1_N001,BELLVUE_1_N001,RTPD,MCL,LMP_LOSS_PRC,BELLVUE_1_N001,ALL,1,-0.85181,3,4
2022-09-01T13:30:00-00:00,2022-09-01T13:45:00-00:00,2022-09-01,07,BELLVUE_1_N001,BELLVUE_1_N001,BELLVUE_1_N001,RTPD,MCL,LMP_LOSS_PRC,BELLVUE_1_N001,ALL,1,-0.42378,3,4
2022-09-01T14:30:00-00:00,2022-09-01T14:45:00-00:00,2022-09-01,08,BELLVUE_1_N001,BELLVUE_1_N001,BELLVUE_1_N001,RTPD,MCL,LMP_LOSS_PRC,BELLVUE_1_N001,ALL,1,1.45623,3,4
2022-09-01T15:30:00-00:00,2022-09-01T15:45:00-00:00,2022-09-01,09,BELLVUE_1_N001,BELLVUE_1_N001,BELLVUE_1_N001,RTPD,MCL,LMP_LOSS_PRC,BELLVUE_1_N001,ALL,1,0,3,4
2022-09-01T16:30:00-00:00,2022-09-01T16:45:00-00:00,2022-09-01,10,BELLVUE_1_N001,BELLVUE_1_N001,BELLVUE_1_N001,RTPD,MCL,LMP_LOSS_PRC,BELLVUE_1_N001,ALL,1,0,3,4
2022-09-01T17:30:00-00:00,2022-09-01T17:45:00-00:00,2022-09-01,11,BELLVUE_1_N001,BELLVUE_1_N001,BELLVUE_1_N001,RTPD,MCL,LMP_LOSS_PRC,BELLVUE_1_N001,ALL,1,0,3,4
2022-09-01T18:30:00-00:00,2022-09-01T18:45:00-00:00,2022-09-01,12,BELLVUE_1_N001,BELLVUE_1_N001,BELLVUE_1_N001,RTPD,MCL,LMP_LOSS_PRC,BELLVUE_1_N001,ALL,1,0,3,4
2022-09-01T19:30:00-00:00,2022-09-01T19:45:00-00:00,2022-09-01,13,BELLVUE_1_N001,BELLVUE_1_N001,BELLVUE_1_N001,RTPD,MCL,LMP_LOSS_PRC,BELLVUE_1_N001,ALL,1,0,3,4
2022-09-01T20:30:00-00:00,2022-09-01T20:45:00-00:00,2022-09-01,14,BELLVUE_1_N001,BELLVUE_1_N001,BELLVUE_1_N001,RTPD,MCL,LMP_LOSS_PRC,BELLVUE_1_N001,ALL,1,0,3,4
2022-09-01T21:30:00-00:00,2022-09-01T21:45:00-00:00,2022-09-01,15,BELLVUE_1_N001,BELLVUE_1_N001,BELLVUE_1_N001,RTPD,MCL,LMP_LOSS_PRC,BELLVUE_1_N001,ALL,1,0,3,4
2022-09-01T22:30:00-00:00,2022-09-01T22:45:00-00:00,2022-09-01,16,BELLVUE_1_N001,BELLVUE_1_N001,BELLVUE_1_N001,RTPD,MCL,LMP_LOSS_PRC,BELLVUE_1_N001,ALL,1,0,3,4
2022-09-01T23:30:00-00:00,2022-09-01T23:45:00-00:00,2022-09-01,17,BELLVUE_1_N001,BELLVUE_1_N001,BELLVUE_1_N001,RTPD,MCL,LMP_LOSS_PRC,BELLVUE_1_N001,ALL,1,0,3,4
2022-09-02T00:30:00-00:00,2022-09-02T00:45:00-00:00,2022-09-01,18,BELLVUE_1_N001,BELLVUE_1_N001,BELLVUE_1_N001,RTPD,MCL,LMP_LOSS_PRC,BELLVUE_1_N001,ALL,1,0,3,4
2022-09-02T01:30:00-00:00,2022-09-02T01:45:00-00:00,2022-09-01,19,BELLVUE_1_N001,BELLVUE_1_N001,BELLVUE_1_N001,RTPD,MCL,LMP_LOSS_PRC,BELLVUE_1_N001,ALL,1,0,3,4
2022-09-02T02:30:00-00:00,2022-09-02T02:45:00-00:00,2022-09-01,20,BELLVUE_1_N001,BELLVUE_1_N001,BELLVUE_1_N001,RTPD,MCL,LMP_LOSS_PRC,BELLVUE_1_N001,ALL,1,0,3,4
2022-09-02T03:30:00-00:00,2022-09-02T03:45:00-00:00,2022-09-01,21,BELLVUE_1_N001,BELLVUE_1_N001,BELLVUE_1_N001,RTPD,MCL,LMP_LOSS_PRC,BELLVUE_1_N001,ALL,1,8.47247,3,4
2022-09-02T04:30:00-00:00,2022-09-02T04:45:00-00:00,2022-09-01,22,BELLVUE_1_N001,BELLVUE_1_N001,BELLVUE_1_N001,RTPD,MCL,LMP_LOSS_PRC,BELLVUE_1_N001,ALL,1,2.20427,3,4
2022-09-02T05:30:00-00:00,2022-09-02T05:45:00-00:00,2022-09-01,23,BELLVUE_1_N001,BELLVUE_1_N001,BELLVUE_1_N001,RTPD,MCL,LMP_LOSS_PRC,BELLVUE_1_N001,ALL,1,1.3565,3,4
2022-09-02T06:30:00-00:00,2022-09-02T06:45:00-00:00,2022-09-01,24,BELLVUE_1_N001,BELLVUE_1_N001,BELLVUE_1_N001,RTPD,MCL,LMP_LOSS_PRC,BELLVUE_1_N001,ALL,1,0.25797,3,4
2022-09-01T07:45:00-00:00,2022-09-01T08:00:00-00:00,2022-09-01,01,BELLVUE_1_N001,BELLVUE_1_N001,BELLVUE_1_N001,RTPD,MCL,LMP_LOSS_PRC,BELLVUE_1_N001,ALL,1,0,4,4
2022-09-01T08:45:00-00:00,2022-09-01T09:00:00-00:00,2022-09-01,02,BELLVUE_1_N001,BELLVUE_1_N001,BELLVUE_1_N001,RTPD,MCL,LMP_LOSS_PRC,BELLVUE_1_N001,ALL,1,-1.01698,4,4
2022-09-01T09:45:00-00:00,2022-09-01T10:00:00-00:00,2022-09-01,03,BELLVUE_1_N001,BELLVUE_1_N001,BELLVUE_1_N001,RTPD,MCL,LMP_LOSS_PRC,BELLVUE_1_N001,ALL,1,-1.65758,4,4
2022-09-01T10:45:00-00:00,2022-09-01T11:00:00-00:00,2022-09-01,04,BELLVUE_1_N001,BELLVUE_1_N001,BELLVUE_1_N001,RTPD,MCL,LMP_LOSS_PRC,BELLVUE_1_N001,ALL,1,-1.17452,4,4
2022-09-01T11:45:00-00:00,2022-09-01T12:00:00-00:00,2022-09-01,05,BELLVUE_1_N001,BELLVUE_1_N001,BELLVUE_1_N001,RTPD,MCL,LMP_LOSS_PRC,BELLVUE_1_N001,ALL,1,0,4,4
2022-09-01T12:45:00-00:00,2022-09-01T13:00:00-00:00,2022-09-01,06,BELLVUE_1_N001,BELLVUE_1_N001,BELLVUE_1_N001,RTPD,MCL,LMP_LOSS_PRC,BELLVUE_1_N001,ALL,1,0,4,4
2022-09-01T13:45:00-00:00,2022-09-01T14:00:00-00:00,2022-09-01,07,BELLVUE_1_N001,BELLVUE_1_N001,BELLVUE_1_N001,RTPD,MCL,LMP_LOSS_PRC,BELLVUE_1_N001,ALL,1,0,4,4
2022-09-01T14:45:00-00:00,2022-09-01T15:00:00-00:00,2022-09-01,08,BELLVUE_1_N001,BELLVUE_1_N001,BELLVUE_1_N001,RTPD,MCL,LMP_LOSS_PRC,BELLVUE_1_N001,ALL,1,0,4,4
2022-09-01T15:45:00-00:00,2022-09-01T16:00:00-00:00,2022-09-01,09,BELLVUE_1_N001,BELLVUE_1_N001,BELLVUE_1_N001,RTPD,MCL,LMP_LOSS_PRC,BELLVUE_1_N001,ALL,1,0,4,4
2022-09-01T16:45:00-00:00,2022-09-01T17:00:00-00:00,2022-09-01,10,BELLVUE_1_N001,BELLVUE_1_N001,BELLVUE_1_N001,RTPD,MCL,LMP_LOSS_PRC,BELLVUE_1_N001,ALL,1,0,4,4
2022-09-01T17:45:00-00:00,2022-09-01T18:00:00-00:00,2022-09-01,11,BELLVUE_1_N001,BELLVUE_1_N001,BELLVUE_1_N001,RTPD,MCL,LMP_LOSS_PRC,BELLVUE_1_N001,ALL,1,0,4,4
2022-09-01T18:45:00-00:00,2022-09-01T19:00:00-00:00,2022-09-01,12,BELLVUE_1_N001,BELLVUE_1_N001,BELLVUE_1_N001,RTPD,MCL,LMP_LOSS_PRC,BELLVUE_1_N001,ALL,1,0,4,4
2022-09-01T19:45:00-00:00,2022-09-01T20:00:00-00:00,2022-09-01,13,BELLVUE_1_N001,BELLVUE_1_N001,BELLVUE_1_N001,RTPD,MCL,LMP_LOSS_PRC,BELLVUE_1_N001,ALL,1,0,4,4
2022-09-01T20:45:00-00:00,2022-09-01T21:00:00-00:00,2022-09-01,14,BELLVUE_1_N001,BELLVUE_1_N001,BELLVUE_1_N001,RTPD,MCL,LMP_LOSS_PRC,BELLVUE_1_N001,ALL,1,0,4,4
2022-09-01T21:45:00-00:00,2022-09-01T22:00:00-00:00,2022-09-01,15,BELLVUE_1_N001,BELLVUE_1_N001,BELLVUE_1_N001,RTPD,MCL,LMP_LOSS_PRC,BELLVUE_1_N001,ALL,1,0,4,4
2022-09-01T22:45:00-00:00,2022-09-01T23:00:00-00:00,2022-09-01,16,BELLVUE_1_N001,BELLVUE_1_N001,BELLVUE_1_N001,RTPD,MCL,LMP_LOSS_PRC,BELLVUE_1_N001,ALL,1,0,4,4
2022-09-01T23:45:00-00:00,2022-09-02T00:00:00-00:00,2022-09-01,17,BELLVUE_1_N001,BELLVUE_1_N001,BELLVUE_1_N001,RTPD,MCL,LMP_LOSS_PRC,BELLVUE_1_N001,ALL,1,0,4,4
2022-09-02T00:45:00-00:00,2022-09-02T01:00:00-00:00,2022-09-01,18,BELLVUE_1_N001,BELLVUE_1_N001,BELLVUE_1_N001,RTPD,MCL,LMP_LOSS_PRC,BELLVUE_1_N001,ALL,1,0,4,4
2022-09-02T01:45:00-00:00,2022-09-02T02:00:00-00:00,2022-09-01,19,BELLVUE_1_N001,BELLVUE_1_N001,BELLVUE_1_N001,RTPD,MCL,LMP_LOSS_PRC,BELLVUE_1_N001,ALL,1,0,4,4
2022-09-02T02:45:00-00:00,2022-09-02T03:00:00-00:00,2022-09-01,20,BELLVUE_1_N001,BELLVUE_1_N001,BELLVUE_1_N001,RTPD,MCL,LMP_LOSS_PRC,BELLVUE_1_N001,ALL,1,101.19949,4,4
2022-09-02T03:45:00-00:00,2022-09-02T04:00:00-00:00,2022-09-01,21,BELLVUE_1_N001,BELLVUE_1_N001,BELLVUE_1_N001,RTPD,MCL,LMP_LOSS_PRC,BELLVUE_1_N001,ALL,1,5.34909,4,4
2022-09-02T04:45:00-00:00,2022-09-02T05:00:00-00:00,2022-09-01,22,BELLVUE_1_N001,BELLVUE_1_N001,BELLVUE_1_N001,RTPD,MCL,LMP_LOSS_PRC,BELLVUE_1_N001,ALL,1,2.11695,4,4
2022-09-02T05:45:00-00:00,2022-09-02T06:00:00-00:00,2022-09-01,23,BELLVUE_1_N001,BELLVUE_1_N001,BELLVUE_1_N001,RTPD,MCL,LMP_LOSS_PRC,BELLVUE_1_N001,ALL,1,1.07109,4,4
2022-09-02T06:45:00-00:00,2022-09-02T07:00:00-00:00,2022-09-01,24,BELLVUE_1_N001,BELLVUE_1_N001,BELLVUE_1_N001,RTPD,MCL,LMP_LOSS_PRC,BELLVUE_1_N001,ALL,1,0.52418,4,4
2022-09-01T07:00:00-00:00,2022-09-01T07:15:00-00:00,2022-09-01,01,BELLVUE_1_N001,BELLVUE_1_N001,BELLVUE_1_N001,RTPD,MGHG,LMP_GHG_PRC,BELLVUE_1_N001,ALL,1,0,1,5
2022-09-01T08:00:00-00:00,2022-09-01T08:15:00-00:00,2022-09-01,02,BELLVUE_1_N001,BELLVUE_1_N001,BELLVUE_1_N001,RTPD,MGHG,LMP_GHG_PRC,BELLVUE_1_N001,ALL,1,0,1,5
2022-09-01T09:00:00-00:00,2022-09-01T09:15:00-00:00,2022-09-01,03,BELLVUE_1_N001,BELLVUE_1_N001,BELLVUE_1_N001,RTPD,MGHG,LMP_GHG_PRC,BELLVUE_1_N001,ALL,1,0,1,5
2022-09-01T10:00:00-00:00,2022-09-01T10:15:00-00:00,2022-09-01,04,BELLVUE_1_N001,BELLVUE_1_N001,BELLVUE_1_N001,RTPD,MGHG,LMP_GHG_PRC,BELLVUE_1_N001,ALL,1,0,1,5
2022-09-01T11:00:00-00:00,2022-09-01T11:15:00-00:00,2022-09-01,05,BELLVUE_1_N001,BELLVUE_1_N001,BELLVUE_1_N001,RTPD,MGHG,LMP_GHG_PRC,BELLVUE_1_N001,ALL,1,0,1,5
2022-09-01T12:00:00-00:00,2022-09-01T12:15:00-00:00,2022-09-01,06,BELLVUE_1_N001,BELLVUE_1_N001,BELLVUE_1_N001,RTPD,MGHG,LMP_GHG_PRC,BELLVUE_1_N001,ALL,1,0,1,5
2022-09-01T13:00:00-00:00,2022-09-01T13:15:00-00:00,2022-09-01,07,BELLVUE_1_N001,BELLVUE_1_N001,BELLVUE_1_N001,RTPD,MGHG,LMP_GHG_PRC,BELLVUE_1_N001,ALL,1,0,1,5
2022-09-01T14:00:00-00:00,2022-09-01T14:15:00-00:00,2022-09-01,08,BELLVUE_1_N001,BELLVUE_1_N001,BELLVUE_1_N001,RTPD,MGHG,LMP_GHG_PRC,BELLVUE_1_N001,ALL,1,0,1,5
2022-09-01T15:00:00-00:00,2022-09-01T15:15:00-00:00,2022-09-01,09,BELLVUE_1_N001,BELLVUE_1_N001,BELLVUE_1_N001,RTPD,MGHG,LMP_GHG_PRC,BELLVUE_1_N001,ALL,1,0,1,5
2022-09-01T16:00:00-00:00,2022-09-01T16:15:00-00:00,2022-09-01,10,BELLVUE_1_N001,BELLVUE_1_N001,BELLVUE_1_N001,RTPD,MGHG,LMP_GHG_PRC,BELLVUE_1_N001,ALL,1,0,1,5
2022-09-01T17:00:00-00:00,2022-09-01T17:15:00-00:00,2022-09-01,11,BELLVUE_1_N001,BELLVUE_1_N001,BELLVUE_1_N001,RTPD,MGHG,LMP_GHG_PRC,BELLVUE_1_N001,ALL,1,0,1,5
2022-09-01T18:00:00-00:00,2022-09-01T18:15:00-00:00,2022-09-01,12,BELLVUE_1_N001,BELLVUE_1_N001,BELLVUE_1_N001,RTPD,MGHG,LMP_GHG_PRC,BELLVUE_1_N001,ALL,1,0,1,5
2022-09-01T19:00:00-00:00,2022-09-01T19:15:00-00:00,2022-09-01,13,BELLVUE_1_N001,BELLVUE_1_N001,BELLVUE_1_N001,RTPD,MGHG,LMP_GHG_PRC,BELLVUE_1_N001,ALL,1,0,1,5
2022-09-01T20:00:00-00:00,2022-09-01T20:15:00-00:00,2022-09-01,14,BELLVUE_1_N001,BELLVUE_1_N001,BELLVUE_1_N001,RTPD,MGHG,LMP_GHG_PRC,BELLVUE_1_N001,ALL,1,0,1,5
2022-09-01T21:00:00-00:00,2022-09-01T21:15:00-00:00,2022-09-01,15,BELLVUE_1_N001,BELLVUE_1_N001,BELLVUE_1_N001,RTPD,MGHG,LMP_GHG_PRC,BELLVUE_1_N001,ALL,1,0,1,5
2022-09-01T22:00:00-00:00,2022-09-01T22:15:00-00:00,2022-09-01,16,BELLVUE_1_N001,BELLVUE_1_N001,BELLVUE_1_N001,RTPD,MGHG,LMP_GHG_PRC,BELLVUE_1_N001,ALL,1,0,1,5
2022-09-01T23:00:00-00:00,2022-09-01T23:15:00-00:00,2022-09-01,17,BELLVUE_1_N001,BELLVUE_1_N001,BELLVUE_1_N001,RTPD,MGHG,LMP_GHG_PRC,BELLVUE_1_N001,ALL,1,0,1,5
2022-09-02T00:00:00-00:00,2022-09-02T00:15:00-00:00,2022-09-01,18,BELLVUE_1_N001,BELLVUE_1_N001,BELLVUE_1_N001,RTPD,MGHG,LMP_GHG_PRC,BELLVUE_1_N001,ALL,1,0,1,5
2022-09-02T01:00:00-00:00,2022-09-02T01:15:00-00:00,2022-09-01,19,BELLVUE_1_N001,BELLVUE_1_N001,BELLVUE_1_N001,RTPD,MGHG,LMP_GHG_PRC,BELLVUE_1_N001,ALL,1,0,1,5
2022-09-02T02:00:00-00:00,2022-09-02T02:15:00-00:00,2022-09-01,20,BELLVUE_1_N001,BELLVUE_1_N001,BELLVUE_1_N001,RTPD,MGHG,LMP_GHG_PRC,BELLVUE_1_N001,ALL,1,0,1,5
2022-09-02T03:00:00-00:00,2022-09-02T03:15:00-00:00,2022-09-01,21,BELLVUE_1_N001,BELLVUE_1_N001,BELLVUE_1_N001,RTPD,MGHG,LMP_GHG_PRC,BELLVUE_1_N001,ALL,1,0,1,5
2022-09-02T04:00:00-00:00,2022-09-02T04:15:00-00:00,2022-09-01,22,BELLVUE_1_N001,BELLVUE_1_N001,BELLVUE_1_N001,RTPD,MGHG,LMP_GHG_PRC,BELLVUE_1_N001,ALL,1,0,1,5
2022-09-02T05:00:00-00:00,2022-09-02T05:15:00-00:00,2022-09-01,23,BELLVUE_1_N001,BELLVUE_1_N001,BELLVUE_1_N001,RTPD,MGHG,LMP_GHG_PRC,BELLVUE_1_N001,ALL,1,0,1,5
2022-09-02T06:00:00-00:00,2022-09-02T06:15:00-00:00,2022-09-01,24,BELLVUE_1_N001,BELLVUE_1_N001,BELLVUE_1_N001,RTPD,MGHG,LMP_GHG_PRC,BELLVUE_1_N001,ALL,1,0,1,5
2022-09-01T07:15:00-00:00,2022-09-01T07:30:00-00:00,2022-09-01,01,BELLVUE_1_N001,BELLVUE_1_N001,BELLVUE_1_N001,RTPD,MGHG,LMP_GHG_PRC,BELLVUE_1_N001,ALL,1,0,2,5
2022-09-01T08:15:00-00:00,2022-09-01T08:30:00-00:00,2022-09-01,02,BELLVUE_1_N001,BELLVUE_1_N001,BELLVUE_1_N001,RTPD,MGHG,LMP_GHG_PRC,BELLVUE_1_N001,ALL,1,0,2,5
2022-09-01T09:15:00-00:00,2022-09-01T09:30:00-00:00,2022-09-01,03,BELLVUE_1_N001,BELLVUE_1_N001,BELLVUE_1_N001,RTPD,MGHG,LMP_GHG_PRC,BELLVUE_1_N001,ALL,1,0,2,5
2022-09-01T10:15:00-00:00,2022-09-01T10:30:00-00:00,2022-09-01,04,BELLVUE_1_N001,BELLVUE_1_N001,BELLVUE_1_N001,RTPD,MGHG,LMP_GHG_PRC,BELLVUE_1_N001,ALL,1,0,2,5
2022-09-01T11:15:00-00:00,2022-09-01T11:30:00-00:00,2022-09-01,05,BELLVUE_1_N001,BELLVUE_1_N001,BELLVUE_1_N001,RTPD,MGHG,LMP_GHG_PRC,BELLVUE_1_N001,ALL,1,0,2,5
2022-09-01T12:15:00-00:00,2022-09-01T12:30:00-00:00,2022-09-01,06,BELLVUE_1_N001,BELLVUE_1_N001,BELLVUE_1_N001,RTPD,MGHG,LMP_GHG_PRC,BELLVUE_1_N001,ALL,1,0,2,5
2022-09-01T13:15:00-00:00,2022-09-01T13:30:00-00:00,2022-09-01,07,BELLVUE_1_N001,BELLVUE_1_N001,BELLVUE_1_N001,RTPD,MGHG,LMP_GHG_PRC,BELLVUE_1_N001,ALL,1,0,2,5
2022-09-01T14:15:00-00:00,2022-09-01T14:30:00-00:00,2022-09-01,08,BELLVUE_1_N001,BELLVUE_1_N001,BELLVUE_1_N001,RTPD,MGHG,LMP_GHG_PRC,BELLVUE_1_N001,ALL,1,0,2,5
2022-09-01T15:15:00-00:00,2022-09-01T15:30:00-00:00,2022-09-01,09,BELLVUE_1_N001,BELLVUE_1_N001,BELLVUE_1_N001,RTPD,MGHG,LMP_GHG_PRC,BELLVUE_1_N001,ALL,1,0,2,5
2022-09-01T16:15:00-00:00,2022-09-01T16:30:00-00:00,2022-09-01,10,BELLVUE_1_N001,BELLVUE_1_N001,BELLVUE_1_N001,RTPD,MGHG,LMP_GHG_PRC,BELLVUE_1_N001,ALL,1,0,2,5
2022-09-01T17:15:00-00:00,2022-09-01T17:30:00-00:00,2022-09-01,11,BELLVUE_1_N001,BELLVUE_1_N001,BELLVUE_1_N001,RTPD,MGHG,LMP_GHG_PRC,BELLVUE_1_N001,ALL,1,0,2,5
2022-09-01T18:15:00-00:00,2022-09-01T18:30:00-00:00,2022-09-01,12,BELLVUE_1_N001,BELLVUE_1_N001,BELLVUE_1_N001,RTPD,MGHG,LMP_GHG_PRC,BELLVUE_1_N001,ALL,1,0,2,5
2022-09-01T19:15:00-00:00,2022-09-01T19:30:00-00:00,2022-09-01,13,BELLVUE_1_N001,BELLVUE_1_N001,BELLVUE_1_N001,RTPD,MGHG,LMP_GHG_PRC,BELLVUE_1_N001,ALL,1,0,2,5
2022-09-01T20:15:00-00:00,2022-09-01T20:30:00-00:00,2022-09-01,14,BELLVUE_1_N001,BELLVUE_1_N001,BELLVUE_1_N001,RTPD,MGHG,LMP_GHG_PRC,BELLVUE_1_N001,ALL,1,0,2,5
2022-09-01T21:15:00-00:00,2022-09-01T21:30:00-00:00,2022-09-01,15,BELLVUE_1_N001,BELLVUE_1_N001,BELLVUE_1_N001,RTPD,MGHG,LMP_GHG_PRC,BELLVUE_1_N001,ALL,1,0,2,5
2022-09-01T22:15:00-00:00,2022-09-01T22:30:00-00:00,2022-09-01,16,BELLVUE_1_N001,BELLVUE_1_N001,BELLVUE_1_N001,RTPD,MGHG,LMP_GHG_PRC,BELLVUE_1_N001,ALL,1,0,2,5
2022-09-01T23:15:00-00:00,2022-09-01T23:30:00-00:00,2022-09-01,17,BELLVUE_1_N001,BELLVUE_1_N001,BELLVUE_1_N001,RTPD,MGHG,LMP_GHG_PRC,BELLVUE_1_N001,ALL,1,0,2,5
2022-09-02T00:15:00-00:00,2022-09-02T00:30:00-00:00,2022-09-01,18,BELLVUE_1_N001,BELLVUE_1_N001,BELLVUE_1_N001,RTPD,MGHG,LMP_GHG_PRC,BELLVUE_1_N001,ALL,1,0,2,5
2022-09-02T01:15:00-00:00,2022-09-02T01:30:00-00:00,2022-09-01,19,BELLVUE_1_N001,BELLVUE_1_N001,BELLVUE_1_N001,RTPD,MGHG,LMP_GHG_PRC,BELLVUE_1_N001,ALL,1,0,2,5
2022-09-02T02:15:00-00:00,2022-09-02T02:30:00-00:00,2022-09-01,20,BELLVUE_1_N001,BELLVUE_1_N001,BELLVUE_1_N001,RTPD,MGHG,LMP_GHG_PRC,BELLVUE_1_N001,ALL,1,0,2,5
2022-09-02T03:15:00-00:00,2022-09-02T03:30:00-00:00,2022-09-01,21,BELLVUE_1_N001,BELLVUE_1_N001,BELLVUE_1_N001,RTPD,MGHG,LMP_GHG_PRC,BELLVUE_1_N001,ALL,1,0,2,5
2022-09-02T04:15:00-00:00,2022-09-02T04:30:00-00:00,2022-09-01,22,BELLVUE_1_N001,BELLVUE_1_N001,BELLVUE_1_N001,RTPD,MGHG,LMP_GHG_PRC,BELLVUE_1_N001,ALL,1,0,2,5
2022-09-02T05:15:00-00:00,2022-09-02T05:30:00-00:00,2022-09-01,23,BELLVUE_1_N001,BELLVUE_1_N001,BELLVUE_1_N001,RTPD,MGHG,LMP_GHG_PRC,BELLVUE_1_N001,ALL,1,0,2,5
2022-09-02T06:15:00-00:00,2022-09-02T06:30:00-00:00,2022-09-01,24,BELLVUE_1_N001,BELLVUE_1_N001,BELLVUE_1_N001,RTPD,MGHG,LMP_GHG_PRC,BELLVUE_1_N001,ALL,1,0,2,5
2022-09-01T07:30:00-00:00,2022-09-01T07:45:00-00:00,2022-09-01,01,BELLVUE_1_N001,BELLVUE_1_N001,BELLVUE_1_N001,RTPD,MGHG,LMP_GHG_PRC,BELLVUE_1_N001,ALL,1,0,3,5
2022-09-01T08:30:00-00:00,2022-09-01T08:45:00-00:00,2022-09-01,02,BELLVUE_1_N001,BELLVUE_1_N001,BELLVUE_1_N001,RTPD,MGHG,LMP_GHG_PRC,BELLVUE_1_N001,ALL,1,0,3,5
2022-09-01T09:30:00-00:00,2022-09-01T09:45:00-00:00,2022-09-01,03,BELLVUE_1_N001,BELLVUE_1_N001,BELLVUE_1_N001,RTPD,MGHG,LMP_GHG_PRC,BELLVUE_1_N001,ALL,1,0,3,5
2022-09-01T10:30:00-00:00,2022-09-01T10:45:00-00:00,2022-09-01,04,BELLVUE_1_N001,BELLVUE_1_N001,BELLVUE_1_N001,RTPD,MGHG,LMP_GHG_PRC,BELLVUE_1_N001,ALL,1,0,3,5
2022-09-01T11:30:00-00:00,2022-09-01T11:45:00-00:00,2022-09-01,05,BELLVUE_1_N001,BELLVUE_1_N001,BELLVUE_1_N001,RTPD,MGHG,LMP_GHG_PRC,BELLVUE_1_N001,ALL,1,0,3,5
2022-09-01T12:30:00-00:00,2022-09-01T12:45:00-00:00,2022-09-01,06,BELLVUE_1_N001,BELLVUE_1_N001,BELLVUE_1_N001,RTPD,MGHG,LMP_GHG_PRC,BELLVUE_1_N001,ALL,1,0,3,5
2022-09-01T13:30:00-00:00,2022-09-01T13:45:00-00:00,2022-09-01,07,BELLVUE_1_N001,BELLVUE_1_N001,BELLVUE_1_N001,RTPD,MGHG,LMP_GHG_PRC,BELLVUE_1_N001,ALL,1,0,3,5
2022-09-01T14:30:00-00:00,2022-09-01T14:45:00-00:00,2022-09-01,08,BELLVUE_1_N001,BELLVUE_1_N001,BELLVUE_1_N001,RTPD,MGHG,LMP_GHG_PRC,BELLVUE_1_N001,ALL,1,0,3,5
2022-09-01T15:30:00-00:00,2022-09-01T15:45:00-00:00,2022-09-01,09,BELLVUE_1_N001,BELLVUE_1_N001,BELLVUE_1_N001,RTPD,MGHG,LMP_GHG_PRC,BELLVUE_1_N001,ALL,1,0,3,5
2022-09-01T16:30:00-00:00,2022-09-01T16:45:00-00:00,2022-09-01,10,BELLVUE_1_N001,BELLVUE_1_N001,BELLVUE_1_N001,RTPD,MGHG,LMP_GHG_PRC,BELLVUE_1_N001,ALL,1,0,3,5
2022-09-01T17:30:00-00:00,2022-09-01T17:45:00-00:00,2022-09-01,11,BELLVUE_1_N001,BELLVUE_1_N001,BELLVUE_1_N001,RTPD,MGHG,LMP_GHG_PRC,BELLVUE_1_N001,ALL,1,0,3,5
2022-09-01T18:30:00-00:00,2022-09-01T18:45:00-00:00,2022-09-01,12,BELLVUE_1_N001,BELLVUE_1_N001,BELLVUE_1_N001,RTPD,MGHG,LMP_GHG_PRC,BELLVUE_1_N001,ALL,1,0,3,5
2022-09-01T19:30:00-00:00,2022-09-01T19:45:00-00:00,2022-09-01,13,BELLVUE_1_N001,BELLVUE_1_N001,BELLVUE_1_N001,RTPD,MGHG,LMP_GHG_PRC,BELLVUE_1_N001,ALL,1,0,3,5
2022-09-01T20:30:00-00:00,2022-09-01T20:45:00-00:00,2022-09-01,14,BELLVUE_1_N001,BELLVUE_1_N001,BELLVUE_1_N001,RTPD,MGHG,LMP_GHG_PRC,BELLVUE_1_N001,ALL,1,0,3,5
2022-09-01T21:30:00-00:00,2022-09-01T21:45:00-00:00,2022-09-01,15,BELLVUE_1_N001,BELLVUE_1_N001,BELLVUE_1_N001,RTPD,MGHG,LMP_GHG_PRC,BELLVUE_1_N001,ALL,1,0,3,5
2022-09-01T22:30:00-00:00,2022-09-01T22:45:00-00:00,2022-09-01,16,BELLVUE_1_N001,BELLVUE_1_N001,BELLVUE_1_N001,RTPD,MGHG,LMP_GHG_PRC,BELLVUE_1_N001,ALL,1,0,3,5
2022-09-01T23:30:00-00:00,2022-09-01T23:45:00-00:00,2022-09-01,17,BELLVUE_1_N001,BELLVUE_1_N001,BELLVUE_1_N001,RTPD,MGHG,LMP_GHG_PRC,BELLVUE_1_N001,ALL,1,0,3,5
2022-09-02T00:30:00-00:00,2022-09-02T00:45:00-00:00,2022-09-01,18,BELLVUE_1_N001,BELLVUE_1_N001,BELLVUE_1_N001,RTPD,MGHG,LMP_GHG_PRC,BELLVUE_1_N001,ALL,1,0,3,5
2022-09-02T01:30:00-00:00,2022-09-02T01:45:00-00:00,2022-09-01,19,BELLVUE_1_N001,BELLVUE_1_N001,BELLVUE_1_N001,RTPD,MGHG,LMP_GHG_PRC,BELLVUE_1_N001,ALL,1,0,3,5
2022-09-02T02:30:00-00:00,2022-09-02T02:45:00-00:00,2022-09-01,20,BELLVUE_1_N001,BELLVUE_1_N001,BELLVUE_1_N001,RTPD,MGHG,LMP_GHG_PRC,BELLVUE_1_N001,ALL,1,0,3,5
2022-09-02T03:30:00-00:00,2022-09-02T03:45:00-00:00,2022-09-01,21,BELLVUE_1_N001,BELLVUE_1_N001,BELLVUE_1_N001,RTPD,MGHG,LMP_GHG_PRC,BELLVUE_1_N001,ALL,1,0,3,5
2022-09-02T04:30:00-00:00,2022-09-02T04:45:00-00:00,2022-09-01,22,BELLVUE_1_N001,BELLVUE_1_N001,BELLVUE_1_N001,RTPD,MGHG,LMP_GHG_PRC,BELLVUE_1_N001,ALL,1,0,3,5
2022-09-02T05:30:00-00:00,2022-09-02T05:45:00-00:00,2022-09-01,23,BELLVUE_1_N001,BELLVUE_1_N001,BELLVUE_1_N001,RTPD,MGHG,LMP_GHG_PRC,BELLVUE_1_N001,ALL,1,0,3,5
2022-09-02T06:30:00-00:00,2022-09-02T06:45:00-00:00,2022-09-01,24,BELLVUE_1_N001,BELLVUE_1_N001,BELLVUE_1_N001,RTPD,MGHG,LMP_GHG_PRC,BELLVUE_1_N001,ALL,1,0,3,5
2022-09-01T07:45:00-00:00,2022-09-01T08:00:00-00:00,2022-09-01,01,BELLVUE_1_N001,BELLVUE_1_N001,BELLVUE_1_N001,RTPD,MGHG,LMP_GHG_PRC,BELLVUE_1_N001,ALL,1,0,4,5
2022-09-01T08:45:00-00:00,2022-09-01T09:00:00-00:00,2022-09-01,02,BELLVUE_1_N001,BELLVUE_1_N001,BELLVUE_1_N001,RTPD,MGHG,LMP_GHG_PRC,BELLVUE_1_N001,ALL,1,0,4,5
2022-09-01T09:45:00-00:00,2022-09-01T10:00:00-00:00,2022-09-01,03,BELLVUE_1_N001,BELLVUE_1_N001,BELLVUE_1_N001,RTPD,MGHG,LMP_GHG_PRC,BELLVUE_1_N001,ALL,1,0,4,5
2022-09-01T10:45:00-00:00,2022-09-01T11:00:00-00:00,2022-09-01,04,BELLVUE_1_N001,BELLVUE_1_N001,BELLVUE_1_N001,RTPD,MGHG,LMP_GHG_PRC,BELLVUE_1_N001,ALL,1,0,4,5
2022-09-01T11:45:00-00:00,2022-09-01T12:00:00-00:00,2022-09-01,05,BELLVUE_1_N001,BELLVUE_1_N001,BELLVUE_1_N001,RTPD,MGHG,LMP_GHG_PRC,BELLVUE_1_N001,ALL,1,0,4,5
2022-09-01T12:45:00-00:00,2022-09-01T13:00:00-00:00,2022-09-01,06,BELLVUE_1_N001,BELLVUE_1_N001,BELLVUE_1_N001,RTPD,MGHG,LMP_GHG_PRC,BELLVUE_1_N001,ALL,1,0,4,5
2022-09-01T13:45:00-00:00,2022-09-01T14:00:00-00:00,2022-09-01,07,BELLVUE_1_N001,BELLVUE_1_N001,BELLVUE_1_N001,RTPD,MGHG,LMP_GHG_PRC,BELLVUE_1_N001,ALL,1,0,4,5
2022-09-01T14:45:00-00:00,2022-09-01T15:00:00-00:00,2022-09-01,08,BELLVUE_1_N001,BELLVUE_1_N001,BELLVUE_1_N001,RTPD,MGHG,LMP_GHG_PRC,BELLVUE_1_N001,ALL,1,0,4,5
2022-09-01T15:45:00-00:00,2022-09-01T16:00:00-00:00,2022-09-01,09,BELLVUE_1_N001,BELLVUE_1_N001,BELLVUE_1_N001,RTPD,MGHG,LMP_GHG_PRC,BELLVUE_1_N001,ALL,1,0,4,5
2022-09-01T16:45:00-00:00,2022-09-01T17:00:00-00:00,2022-09-01,10,BELLVUE_1_N001,BELLVUE_1_N001,BELLVUE_1_N001,RTPD,MGHG,LMP_GHG_PRC,BELLVUE_1_N001,ALL,1,0,4,5
2022-09-01T17:45:00-00:00,2022-09-01T18:00:00-00:00,2022-09-01,11,BELLVUE_1_N001,BELLVUE_1_N001,BELLVUE_1_N001,RTPD,MGHG,LMP_GHG_PRC,BELLVUE_1_N001,ALL,1,0,4,5
2022-09-01T18:45:00-00:00,2022-09-01T19:00:00-00:00,2022-09-01,12,BELLVUE_1_N001,BELLVUE_1_N001,BELLVUE_1_N001,RTPD,MGHG,LMP_GHG_PRC,BELLVUE_1_N001,ALL,1,0,4,5
2022-09-01T19:45:00-00:00,2022-09-01T20:00:00-00:00,2022-09-01,13,BELLVUE_1_N001,BELLVUE_1_N001,BELLVUE_1_N001,RTPD,MGHG,LMP_GHG_PRC,BELLVUE_1_N001,ALL,1,0,4,5
2022-09-01T20:45:00-00:00,2022-09-01T21:00:00-00:00,2022-09-01,14,BELLVUE_1_N001,BELLVUE_1_N001,BELLVUE_1_N001,RTPD,MGHG,LMP_GHG_PRC,BELLVUE_1_N001,ALL,1,0,4,5
2022-09-01T21:45:00-00:00,2022-09-01T22:00:00-00:00,2022-09-01,15,BELLVUE_1_N001,BELLVUE_1_N001,BELLVUE_1_N001,RTPD,MGHG,LMP_GHG_PRC,BELLVUE_1_N001,ALL,1,0,4,5
2022-09-01T22:45:00-00:00,2022-09-01T23:00:00-00:00,2022-09-01,16,BELLVUE_1_N001,BELLVUE_1_N001,BELLVUE_1_N001,RTPD,MGHG,LMP_GHG_PRC,BELLVUE_1_N001,ALL,1,0,4,5
2022-09-01T23:45:00-00:00,2022-09-02T00:00:00-00:00,2022-09-01,17,BELLVUE_1_N001,BELLVUE_1_N001,BELLVUE_1_N001,RTPD,MGHG,LMP_GHG_PRC,BELLVUE_1_N001,ALL,1,0,4,5
2022-09-02T00:45:00-00:00,2022-09-02T01:00:00-00:00,2022-09-01,18,BELLVUE_1_N001,BELLVUE_1_N001,BELLVUE_1_N001,RTPD,MGHG,LMP_GHG_PRC,BELLVUE_1_N001,ALL,1,0,4,5
2022-09-02T01:45:00-00:00,2022-09-02T02:00:00-00:00,2022-09-01,19,BELLVUE_1_N001,BELLVUE_1_N001,BELLVUE_1_N001,RTPD,MGHG,LMP_GHG_PRC,BELLVUE_1_N001,ALL,1,0,4,5
2022-09-02T02:45:00-00:00,2022-09-02T03:00:00-00:00,2022-09-01,20,BELLVUE_1_N001,BELLVUE_1_N001,BELLVUE_1_N001,RTPD,MGHG,LMP_GHG_PRC,BELLVUE_1_N001,ALL,1,0,4,5
2022-09-02T03:45:00-00:00,2022-09-02T04:00:00-00:00,2022-09-01,21,BELLVUE_1_N001,BELLVUE_1_N001,BELLVUE_1_N001,RTPD,MGHG,LMP_GHG_PRC,BELLVUE_1_N001,ALL,1,0,4,5
2022-09-02T04:45:00-00:00,2022-09-02T05:00:00-00:00,2022-09-01,22,BELLVUE_1_N001,BELLVUE_1_N001,BELLVUE_1_N001,RTPD,MGHG,LMP_GHG_PRC,BELLVUE_1_N001,ALL,1,0,4,5
2022-09-02T05:45:00-00:00,2022-09-02T06:00:00-00:00,2022-09-01,23,BELLVUE_1_N001,BELLVUE_1_N001,BELLVUE_1_N001,RTPD,MGHG,LMP_GHG_PRC,BELLVUE_1_N001,ALL,1,0,4,5
2022-09-02T06:45:00-00:00,2022-09-02T07:00:00-00:00,2022-09-01,24,BELLVUE_1_N001,BELLVUE_1_N001,BELLVUE_1_N001,RTPD,MGHG,LMP_GHG_PRC,BELLVUE_1_N001,ALL,1,0,4,5
