INTERVALSTARTTIME_GMT,INTERVALENDTIME_GMT,OPR_DT,OPR_HR,NODE_ID_XML,NODE_ID,NODE,MARKET_RUN_ID,LMP_TYPE,XML_DATA_ITEM,PNODE_RESMRID,GRP_TYPE,POS,PRC,OPR_INTERVAL,GROUP
2022-09-01T07:00:00-00:00,2022-09-01T07:15:00-00:00,2022-09-01,01,BERESFRD_6_N002,BERESFRD_6_N002,BERESFRD_6_N002,RTPD,LMP,LMP_PRC,BERESFRD_6_N002,ALL,1,82.23285,1,1
2022-09-01T08:00:00-00:00,2022-09-01T08:15:00-00:00,2022-09-01,02,BERESFRD_6_N002,BERESFRD_6_N002,BERESFRD_6_N002,RTPD,LMP,LMP_PRC,BERESFRD_6_N002,ALL,1,112.15016,1,1
2022-09-01T09:00:00-00:00,2022-09-01T09:15:00-00:00,2022-09-01,03,BERESFRD_6_N002,BERESFRD_6_N002,BERESFRD_6_N002,RTPD,LMP,LMP_PRC,BERESFRD_6_N002,ALL,1,96.6229,1,1
2022-09-01T10:00:00-00:00,2022-09-01T10:15:00-00:00,2022-09-01,04,BERESFRD_6_N002,BERESFRD_6_N002,BERESFRD_6_N002,RTPD,LMP,LMP_PRC,BERESFRD_6_N002,ALL,1,96.38154,1,1
2022-09-01T11:00:00-00:00,2022-09-01T11:15:00-00:00,2022-09-01,05,BERESFRD_6_N002,BERESFRD_6_N002,BERESFRD_6_N002,RTPD,LMP,LMP_PRC,BERESFRD_6_N002,ALL,1,104.40457,1,1
2022-09-01T12:00:00-00:00,2022-09-01T12:15:00-00:00,2022-09-01,06,BERESFRD_6_N002,BERESFRD_6_N002,BERESFRD_6_N002,RTPD,LMP,LMP_PRC,BERESFRD_6_N002,ALL,1,88.1379,1,1
2022-09-01T13:00:00-00:00,2022-09-01T13:15:00-00:00,2022-09-01,07,BERESFRD_6_N002,BERESFRD_6_N002,BERESFRD_6_N002,RTPD,LMP,LMP_PRC,BERESFRD_6_N002,ALL,1,88.38803,1,1
2022-09-01T14:00:00-00:00,2022-09-01T14:15:00-00:00,2022-09-01,08,BERESFRD_6_N002,BERESFRD_6_N002,BERESFRD_6_N002,RTPD,LMP,LMP_PRC,BERESFRD_6_N002,ALL,1,115.42334,1,1
2022-09-01T15:00:00-00:00,2022-09-01T15:15:00-00:00,2022-09-01,09,BERESFRD_6_N002,BERESFRD_6_N002,BERESFRD_6_N002,RTPD,LMP,LMP_PRC,BERESFRD_6_N002,ALL,1,97.4112,1,1
2022-09-01T16:00:00-00:00,2022-09-01T16:15:00-00:00,2022-09-01,10,BERESFRD_6_N002,BERESFRD_6_N002,BERESFRD_6_N002,RTPD,LMP,LMP_PRC,BERESFRD_6_N002,ALL,1,83.43525,1,1
2022-09-01T17:00:00-00:00,2022-09-01T17:15:00-00:00,2022-09-01,11,BERESFRD_6_N002,BERESFRD_6_N002,BERESFRD_6_N002,RTPD,LMP,LMP_PRC,BERESFRD_6_N002,ALL,1,80.03684,1,1
2022-09-01T18:00:00-00:00,2022-09-01T18:15:00-00:00,2022-09-01,12,BERESFRD_6_N002,BERESFRD_6_N002,BERESFRD_6_N002,RTPD,LMP,LMP_PRC,BERESFRD_6_N002,ALL,1,58.76669,1,1
2022-09-01T19:00:00-00:00,2022-09-01T19:15:00-00:00,2022-09-01,13,BERESFRD_6_N002,BERESFRD_6_N002,BERESFRD_6_N002,RTPD,LMP,LMP_PRC,BERESFRD_6_N002,ALL,1,72.96441,1,1
2022-09-01T20:00:00-00:00,2022-09-01T20:15:00-00:00,2022-09-01,14,BERESFRD_6_N002,BERESFRD_6_N002,BERESFRD_6_N002,RTPD,LMP,LMP_PRC,BERESFRD_6_N002,ALL,1,114.36277,1,1
2022-09-01T21:00:00-00:00,2022-09-01T21:15:00-00:00,2022-09-01,15,BERESFRD_6_N002,BERESFRD_6_N002,BERESFRD_6_N002,RTPD,LMP,LMP_PRC,BERESFRD_6_N002,ALL,1,125.66879,1,1
2022-09-01T22:00:00-00:00,2022-09-01T22:15:00-00:00,2022-09-01,16,BERESFRD_6_N002,BERESFRD_6_N002,BERESFRD_6_N002,RTPD,LMP,LMP_PRC,BERESFRD_6_N002,ALL,1,119.86288,1,1
2022-09-01T23:00:00-00:00,2022-09-01T23:15:00-00:00,2022-09-01,17,BERESFRD_6_N002,BERESFRD_6_N002,BERESFRD_6_N002,RTPD,LMP,LMP_PRC,BERESFRD_6_N002,ALL,1,215.08353,1,1
2022-09-02T00:00:00-00:00,2022-09-02T00:15:00-00:00,2022-09-01,18,BERESFRD_6_N002,BERESFRD_6_N002,BERESFRD_6_N002,RTPD,LMP,LMP_PRC,BERESFRD_6_N002,ALL,1,1163.9939,1,1
2022-09-02T01:00:00-00:00,2022-09-02T01:15:00-00:00,2022-09-01,19,BERESFRD_6_N002,BERESFRD_6_N002,BERESFRD_6_N002,RTPD,LMP,LMP_PRC,BERESFRD_6_N002,ALL,1,1256.0526,1,1
2022-09-02T02:00:00-00:00,2022-09-02T02:15:00-00:00,2022-09-01,20,BERESFRD_6_N002,BERESFRD_6_N002,BERESFRD_6_N002,RTPD,LMP,LMP_PRC,BERESFRD_6_N002,ALL,1,1991.6721,1,1
2022-09-02T03:00:00-00:00,2022-09-02T03:15:00-00:00,2022-09-01,21,BERESFRD_6_N002,BERESFRD_6_N002,BERESFRD_6_N002,RTPD,LMP,LMP_PRC,BERESFRD_6_N002,ALL,1,1390.5896,1,1
2022-09-02T04:00:00-00:00,2022-09-02T04:15:00-00:00,2022-09-01,22,BERESFRD_6_N002,BERESFRD_6_N002,BERESFRD_6_N002,RTPD,LMP,LMP_PRC,BERESFRD_6_N002,ALL,1,267.4213,1,1
2022-09-02T05:00:00-00:00,2022-09-02T05:15:00-00:00,2022-09-01,23,BERESFRD_6_N002,BERESFRD_6_N002,BERESFRD_6_N002,RTPD,LMP,LMP_PRC,BERESFRD_6_N002,ALL,1,189.00052,1,1
2022-09-02T06:00:00-00:00,2022-09-02T06:15:00-00:00,2022-09-01,24,BERESFRD_6_N002,BERESFRD_6_N002,BERESFRD_6_N002,RTPD,LMP,LMP_PRC,BERESFRD_6_N002,ALL,1,162.29852,1,1
2022-09-01T07:15:00-00:00,2022-09-01T07:30:00-00:00,2022-09-01,01,BERESFRD_6_N002,BERESFRD_6_N002,BERESFRD_6_N002,RTPD,LMP,LMP_PRC,BERESFRD_6_N002,ALL,1,115.37679,2,1
2022-09-01T08:15:00-00:00,2022-09-01T08:30:00-00:00,2022-09-01,02,BERESFRD_6_N002,BERESFRD_6_N002,BERESFRD_6_N002,RTPD,LMP,LMP_PRC,BERESFRD_6_N002,ALL,1,114.60398,2,1
2022-09-01T09:15:00-00:00,2022-09-01T09:30:00-00:00,2022-09-01,03,BERESFRD_6_N002,BERESFRD_6_N002,BERESFRD_6_N002,RTPD,LMP,LMP_PRC,BERESFRD_6_N002,ALL,1,93.76878,2,1
2022-09-01T10:15:00-00:00,2022-09-01T10:30:00-00:00,2022-09-01,04,BERESFRD_6_N002,BERESFRD_6_N002,BERESFRD_6_N002,RTPD,LMP,LMP_PRC,BERESFRD_6_N002,ALL,1,93.10915,2,1
2022-09-01T11:15:00-00:00,2022-09-01T11:30:00-00:00,2022-09-01,05,BERESFRD_6_N002,BERESFRD_6_N002,BERESFRD_6_N002,RTPD,LMP,LMP_PRC,BERESFRD_6_N002,ALL,1,104.90498,2,1
2022-09-01T12:15:00-00:00,2022-09-01T12:30:00-00:00,2022-09-01,06,BERESFRD_6_N002,BERESFRD_6_N002,BERESFRD_6_N002,RTPD,LMP,LMP_PRC,BERESFRD_6_N002,ALL,1,104.92998,2,1
2022-09-01T13:15:00-00:00,2022-09-01T13:30:00-00:00,2022-09-01,07,BERESFRD_6_N002,BERESFRD_6_N002,BERESFRD_6_N002,RTPD,LMP,LMP_PRC,BERESFRD_6_N002,ALL,1,112.57751,2,1
2022-09-01T14:15:00-00:00,2022-09-01T14:30:00-00:00,2022-09-01,08,BERESFRD_6_N002,BERESFRD_6_N002,BERESFRD_6_N002,RTPD,LMP,LMP_PRC,BERESFRD_6_N002,ALL,1,108.70648,2,1
2022-09-01T15:15:00-00:00,2022-09-01T15:30:00-00:00,2022-09-01,09,BERESFRD_6_N002,BERESFRD_6_N002,BERESFRD_6_N002,RTPD,LMP,LMP_PRC,BERESFRD_6_N002,ALL,1,86.9388,2,1
2022-09-01T16:15:00-00:00,2022-09-01T16:30:00-00:00,2022-09-01,10,BERESFRD_6_N002,BERESFRD_6_N002,BERESFRD_6_N002,RTPD,LMP,LMP_PRC,BERESFRD_6_N002,ALL,1,87.79185,2,1
2022-09-01T17:15:00-00:00,2022-09-01T17:30:00-00:00,2022-09-01,11,BERESFRD_6_N002,BERESFRD_6_N002,BERESFRD_6_N002,RTPD,LMP,LMP_PRC,BERESFRD_6_N002,ALL,1,78.75042,2,1
2022-09-01T18:15:00-00:00,2022-09-01T18:30:00-00:00,2022-09-01,12,BERESFRD_6_N002,BERESFRD_6_N002,BERESFRD_6_N002,RTPD,LMP,LMP_PRC,BERESFRD_6_N002,ALL,1,74.28781,2,1
2022-09-01T19:15:00-00:00,2022-09-01T19:30:00-00:00,2022-09-01,13,BERESFRD_6_N002,BERESFRD_6_N002,BERESFRD_6_N002,RTPD,LMP,LMP_PRC,BERESFRD_6_N002,ALL,1,75.31444,2,1
2022-09-01T20:15:00-00:00,2022-09-01T20:30:00-00:00,2022-09-01,14,BERESFRD_6_N002,BERESFRD_6_N002,BERESFRD_6_N002,RTPD,LMP,LMP_PRC,BERESFRD_6_N002,ALL,1,114.26961,2,1
2022-09-01T21:15:00-00:00,2022-09-01T21:30:00-00:00,2022-09-01,15,BERESFRD_6_N002,BERESFRD_6_N002,BERESFRD_6_N002,RTPD,LMP,LMP_PRC,BERESFRD_6_N002,ALL,1,119.93056,2,1
2022-09-01T22:15:00-00:00,2022-09-01T22:30:00-00:00,2022-09-01,16,BERESFRD_6_N002,BERESFRD_6_N002,BERESFRD_6_N002,RTPD,LMP,LMP_PRC,BERESFRD_6_N002,ALL,1,136.65878,2,1
2022-09-01T23:15:00-00:00,2022-09-01T23:30:00-00:00,2022-09-01,17,BERESFRD_6_N002,BERESFRD_6_N002,BERESFRD_6_N002,RTPD,LMP,LMP_PRC,BERESFRD_6_N002,ALL,1,263.02444,2,1
2022-09-02T00:15:00-00:00,2022-09-02T00:30:00-00:00,2022-09-01,18,BERESFRD_6_N002,BERESFRD_6_N002,BERESFRD_6_N002,RTPD,LMP,LMP_PRC,BERESFRD_6_N002,ALL,1,1069.1666,2,1
2022-09-02T01:15:00-00:00,2022-09-02T01:30:00-00:00,2022-09-01,19,BERESFRD_6_N002,BERESFRD_6_N002,BERESFRD_6_N002,RTPD,LMP,LMP_PRC,BERESFRD_6_N002,ALL,1,1999.9933,2,1
2022-09-02T02:15:00-00:00,2022-09-02T02:30:00-00:00,2022-09-01,20,BERESFRD_6_N002,BERESFRD_6_N002,BERESFRD_6_N002,RTPD,LMP,LMP_PRC,BERESFRD_6_N002,ALL,1,1991.6721,2,1
2022-09-02T03:15:00-00:00,2022-09-02T03:30:00-00:00,2022-09-01,21,BERESFRD_6_N002,BERESFRD_6_N002,BERESFRD_6_N002,RTPD,LMP,LMP_PRC,BERESFRD_6_N002,ALL,1,570.2862,2,1
2022-09-02T04:15:00-00:00,2022-09-02T04:30:00-00:00,2022-09-01,22,BERESFRD_6_N002,BERESFRD_6_N002,BERESFRD_6_N002,RTPD,LMP,LMP_PRC,BERESFRD_6_N002,ALL,1,232.52676,2,1
2022-09-02T05:15:00-00:00,2022-09-02T05:30:00-00:00,2022-09-01,23,BERESFRD_6_N002,BERESFRD_6_N002,BERESFRD_6_N002,RTPD,LMP,LMP_PRC,BERESFRD_6_N002,ALL,1,161.39352,2,1
2022-09-02T06:15:00-00:00,2022-09-02T06:30:00-00:00,2022-09-01,24,BERESFRD_6_N002,BERESFRD_6_N002,BERESFRD_6_N002,RTPD,LMP,LMP_PRC,BERESFRD_6_N002,ALL,1,144.97511,2,1
2022-09-01T07:30:00-00:00,2022-09-01T07:45:00-00:00,2022-09-01,01,BERESFRD_6_N002,BERESFRD_6_N002,BERESFRD_6_N002,RTPD,LMP,LMP_PRC,BERESFRD_6_N002,ALL,1,102.58839,3,1
2022-09-01T08:30:00-00:00,2022-09-01T08:45:00-00:00,2022-09-01,02,BERESFRD_6_N002,BERESFRD_6_N002,BERESFRD_6_N002,RTPD,LMP,LMP_PRC,BERESFRD_6_N002,ALL,1,112.90044,3,1
2022-09-01T09:30:00-00:00,2022-09-01T09:45:00-00:00,2022-09-01,03,BERESFRD_6_N002,BERESFRD_6_N002,BERESFRD_6_N002,RTPD,LMP,LMP_PRC,BERESFRD_6_N002,ALL,1,93.51026,3,1
2022-09-01T10:30:00-00:00,2022-09-01T10:45:00-00:00,2022-09-01,04,BERESFRD_6_N002,BERESFRD_6_N002,BERESFRD_6_N002,RTPD,LMP,LMP_PRC,BERESFRD_6_N002,ALL,1,94.96487,3,1
2022-09-01T11:30:00-00:00,2022-09-01T11:45:00-00:00,2022-09-01,05,BERESFRD_6_N002,BERESFRD_6_N002,BERESFRD_6_N002,RTPD,LMP,LMP_PRC,BERESFRD_6_N002,ALL,1,105.03046,3,1
2022-09-01T12:30:00-00:00,2022-09-01T12:45:00-00:00,2022-09-01,06,BERESFRD_6_N002,BERESFRD_6_N002,BERESFRD_6_N002,RTPD,LMP,LMP_PRC,BERESFRD_6_N002,ALL,1,104.88824,3,1
2022-09-01T13:30:00-00:00,2022-09-01T13:45:00-00:00,2022-09-01,07,BERESFRD_6_N002,BERESFRD_6_N002,BERESFRD_6_N002,RTPD,LMP,LMP_PRC,BERESFRD_6_N002,ALL,1,113.996,3,1
2022-09-01T14:30:00-00:00,2022-09-01T14:45:00-00:00,2022-09-01,08,BERESFRD_6_N002,BERESFRD_6_N002,BERESFRD_6_N002,RTPD,LMP,LMP_PRC,BERESFRD_6_N002,ALL,1,105.94839,3,1
2022-09-01T15:30:00-00:00,2022-09-01T15:45:00-00:00,2022-09-01,09,BERESFRD_6_N002,BERESFRD_6_N002,BERESFRD_6_N002,RTPD,LMP,LMP_PRC,BERESFRD_6_N002,ALL,1,86.1388,3,1
2022-09-01T16:30:00-00:00,2022-09-01T16:45:00-00:00,2022-09-01,10,BERESFRD_6_N002,BERESFRD_6_N002,BERESFRD_6_N002,RTPD,LMP,LMP_PRC,BERESFRD_6_N002,ALL,1,74.92529,3,1
2022-09-01T17:30:00-00:00,2022-09-01T17:45:00-00:00,2022-09-01,11,BERESFRD_6_N002,BERESFRD_6_N002,BERESFRD_6_N002,RTPD,LMP,LMP_PRC,BERESFRD_6_N002,ALL,1,78.4595,3,1
2022-09-01T18:30:00-00:00,2022-09-01T18:45:00-00:00,2022-09-01,12,BERESFRD_6_N002,BERESFRD_6_N002,BERESFRD_6_N002,RTPD,LMP,LMP_PRC,BERESFRD_6_N002,ALL,1,79.0378,3,1
2022-09-01T19:30:00-00:00,2022-09-01T19:45:00-00:00,2022-09-01,13,BERESFRD_6_N002,BERESFRD_6_N002,BERESFRD_6_N002,RTPD,LMP,LMP_PRC,BERESFRD_6_N002,ALL,1,101.18907,3,1
2022-09-01T20:30:00-00:00,2022-09-01T20:45:00-00:00,2022-09-01,14,BERESFRD_6_N002,BERESFRD_6_N002,BERESFRD_6_N002,RTPD,LMP,LMP_PRC,BERESFRD_6_N002,ALL,1,116.80544,3,1
2022-09-01T21:30:00-00:00,2022-09-01T21:45:00-00:00,2022-09-01,15,BERESFRD_6_N002,BERESFRD_6_N002,BERESFRD_6_N002,RTPD,LMP,LMP_PRC,BERESFRD_6_N002,ALL,1,127.86869,3,1
2022-09-01T22:30:00-00:00,2022-09-01T22:45:00-00:00,2022-09-01,16,BERESFRD_6_N002,BERESFRD_6_N002,BERESFRD_6_N002,RTPD,LMP,LMP_PRC,BERESFRD_6_N002,ALL,1,154.73276,3,1
2022-09-01T23:30:00-00:00,2022-09-01T23:45:00-00:00,2022-09-01,17,BERESFRD_6_N002,BERESFRD_6_N002,BERESFRD_6_N002,RTPD,LMP,LMP_PRC,BERESFRD_6_N002,ALL,1,566.48157,3,1
2022-09-02T00:30:00-00:00,2022-09-02T00:45:00-00:00,2022-09-01,18,BERESFRD_6_N002,BERESFRD_6_N002,BERESFRD_6_N002,RTPD,LMP,LMP_PRC,BERESFRD_6_N002,ALL,1,1801.0374,3,1
2022-09-02T01:30:00-00:00,2022-09-02T01:45:00-00:00,2022-09-01,19,BERESFRD_6_N002,BERESFRD_6_N002,BERESFRD_6_N002,RTPD,LMP,LMP_PRC,BERESFRD_6_N002,ALL,1,1999.9956,3,1
2022-09-02T02:30:00-00:00,2022-09-02T02:45:00-00:00,2022-09-01,20,BERESFRD_6_N002,BERESFRD_6_N002,BERESFRD_6_N002,RTPD,LMP,LMP_PRC,BERESFRD_6_N002,ALL,1,1991.671,3,1
2022-09-02T03:30:00-00:00,2022-09-02T03:45:00-00:00,2022-09-01,21,BERESFRD_6_N002,BERESFRD_6_N002,BERESFRD_6_N002,RTPD,LMP,LMP_PRC,BERESFRD_6_N002,ALL,1,229.95992,3,1
2022-09-02T04:30:00-00:00,2022-09-02T04:45:00-00:00,2022-09-01,22,BERESFRD_6_N002,BERESFRD_6_N002,BERESFRD_6_N002,RTPD,LMP,LMP_PRC,BERESFRD_6_N002,ALL,1,184.77963,3,1
2022-09-02T05:30:00-00:00,2022-09-02T05:45:00-00:00,2022-09-01,23,BERESFRD_6_N002,BERESFRD_6_N002,BERESFRD_6_N002,RTPD,LMP,LMP_PRC,BERESFRD_6_N002,ALL,1,134.84679,3,1
2022-09-02T06:30:00-00:00,2022-09-02T06:45:00-00:00,2022-09-01,24,BERESFRD_6_N002,BERESFRD_6_N002,BERESFRD_6_N002,RTPD,LMP,LMP_PRC,BERESFRD_6_N002,ALL,1,131.52815,3,1
2022-09-01T07:45:00-00:00,2022-09-01T08:00:00-00:00,2022-09-01,01,BERESFRD_6_N002,BERESFRD_6_N002,BERESFRD_6_N002,RTPD,LMP,LMP_PRC,BERESFRD_6_N002,ALL,1,90.39313,4,1
2022-09-01T08:45:00-00:00,2022-09-01T09:00:00-00:00,2022-09-01,02,BERESFRD_6_N002,BERESFRD_6_N002,BERESFRD_6_N002,RTPD,LMP,LMP_PRC,BERESFRD_6_N002,ALL,1,95.63515,4,1
2022-09-01T09:45:00-00:00,2022-09-01T10:00:00-00:00,2022-09-01,03,BERESFRD_6_N002,BERESFRD_6_N002,BERESFRD_6_N002,RTPD,LMP,LMP_PRC,BERESFRD_6_N002,ALL,1,93.45204,4,1
2022-09-01T10:45:00-00:00,2022-09-01T11:00:00-00:00,2022-09-01,04,BERESFRD_6_N002,BERESFRD_6_N002,BERESFRD_6_N002,RTPD,LMP,LMP_PRC,BERESFRD_6_N002,ALL,1,95.09838,4,1
2022-09-01T11:45:00-00:00,2022-09-01T12:00:00-00:00,2022-09-01,05,BERESFRD_6_N002,BERESFRD_6_N002,BERESFRD_6_N002,RTPD,LMP,LMP_PRC,BERESFRD_6_N002,ALL,1,107.01,4,1
2022-09-01T12:45:00-00:00,2022-09-01T13:00:00-00:00,2022-09-01,06,BERESFRD_6_N002,BERESFRD_6_N002,BERESFRD_6_N002,RTPD,LMP,LMP_PRC,BERESFRD_6_N002,ALL,1,114.10045,4,1
2022-09-01T13:45:00-00:00,2022-09-01T14:00:00-00:00,2022-09-01,07,BERESFRD_6_N002,BERESFRD_6_N002,BERESFRD_6_N002,RTPD,LMP,LMP_PRC,BERESFRD_6_N002,ALL,1,111.41,4,1
2022-09-01T14:45:00-00:00,2022-09-01T15:00:00-00:00,2022-09-01,08,BERESFRD_6_N002,BERESFRD_6_N002,BERESFRD_6_N002,RTPD,LMP,LMP_PRC,BERESFRD_6_N002,ALL,1,86.1388,4,1
2022-09-01T15:45:00-00:00,2022-09-01T16:00:00-00:00,2022-09-01,09,BERESFRD_6_N002,BERESFRD_6_N002,BERESFRD_6_N002,RTPD,LMP,LMP_PRC,BERESFRD_6_N002,ALL,1,78.70076,4,1
2022-09-01T16:45:00-00:00,2022-09-01T17:00:00-00:00,2022-09-01,10,BERESFRD_6_N002,BERESFRD_6_N002,BERESFRD_6_N002,RTPD,LMP,LMP_PRC,BERESFRD_6_N002,ALL,1,78.68898,4,1
2022-09-01T17:45:00-00:00,2022-09-01T18:00:00-00:00,2022-09-01,11,BERESFRD_6_N002,BERESFRD_6_N002,BERESFRD_6_N002,RTPD,LMP,LMP_PRC,BERESFRD_6_N002,ALL,1,78.74477,4,1
2022-09-01T18:45:00-00:00,2022-09-01T19:00:00-00:00,2022-09-01,12,BERESFRD_6_N002,BERESFRD_6_N002,BERESFRD_6_N002,RTPD,LMP,LMP_PRC,BERESFRD_6_N002,ALL,1,81.12851,4,1
2022-09-01T19:45:00-00:00,2022-09-01T20:00:00-00:00,2022-09-01,13,BERESFRD_6_N002,BERESFRD_6_N002,BERESFRD_6_N002,RTPD,LMP,LMP_PRC,BERESFRD_6_N002,ALL,1,106.28046,4,1
2022-09-01T20:45:00-00:00,2022-09-01T21:00:00-00:00,2022-09-01,14,BERESFRD_6_N002,BERESFRD_6_N002,BERESFRD_6_N002,RTPD,LMP,LMP_PRC,BERESFRD_6_N002,ALL,1,125.17253,4,1
2022-09-01T21:45:00-00:00,2022-09-01T22:00:00-00:00,2022-09-01,15,BERESFRD_6_N002,BERESFRD_6_N002,BERESFRD_6_N002,RTPD,LMP,LMP_PRC,BERESFRD_6_N002,ALL,1,209.24246,4,1
2022-09-01T22:45:00-00:00,2022-09-01T23:00:00-00:00,2022-09-01,16,BERESFRD_6_N002,BERESFRD_6_N002,BERESFRD_6_N002,RTPD,LMP,LMP_PRC,BERESFRD_6_N002,ALL,1,169.02419,4,1
2022-09-01T23:45:00-00:00,2022-09-02T00:00:00-00:00,2022-09-01,17,BERESFRD_6_N002,BERESFRD_6_N002,BERESFRD_6_N002,RTPD,LMP,LMP_PRC,BERESFRD_6_N002,ALL,1,1674.0399,4,1
2022-09-02T00:45:00-00:00,2022-09-02T01:00:00-00:00,2022-09-01,18,BERESFRD_6_N002,BERESFRD_6_N002,BERESFRD_6_N002,RTPD,LMP,LMP_PRC,BERESFRD_6_N002,ALL,1,1824.1664,4,1
2022-09-02T01:45:00-00:00,2022-09-02T02:00:00-00:00,2022-09-01,19,BERESFRD_6_N002,BERESFRD_6_N002,BERESFRD_6_N002,RTPD,LMP,LMP_PRC,BERESFRD_6_N002,ALL,1,1991.9337,4,1
2022-09-02T02:45:00-00:00,2022-09-02T03:00:00-00:00,2022-09-01,20,BERESFRD_6_N002,BERESFRD_6_N002,BERESFRD_6_N002,RTPD,LMP,LMP_PRC,BERESFRD_6_N002,ALL,1,1869.4656,4,1
2022-09-02T03:45:00-00:00,2022-09-02T04:00:00-00:00,2022-09-01,21,BERESFRD_6_N002,BERESFRD_6_N002,BERESFRD_6_N002,RTPD,LMP,LMP_PRC,BERESFRD_6_N002,ALL,1,166.93962,4,1
2022-09-02T04:45:00-00:00,2022-09-02T05:00:00-00:00,2022-09-01,22,BERESFRD_6_N002,BERESFRD_6_N002,BERESFRD_6_N002,RTPD,LMP,LMP_PRC,BERESFRD_6_N002,ALL,1,129.97084,4,1
2022-09-02T05:45:00-00:00,2022-09-02T06:00:00-00:00,2022-09-01,23,BERESFRD_6_N002,BERESFRD_6_N002,BERESFRD_6_N002,RTPD,LMP,LMP_PRC,BERESFRD_6_N002,ALL,1,117.56262,4,1
2022-09-02T06:45:00-00:00,2022-09-02T07:00:00-00:00,2022-09-01,24,BERESFRD_6_N002,BERESFRD_6_N002,BERESFRD_6_N002,RTPD,LMP,LMP_PRC,BERESFRD_6_N002,ALL,1,111.70399,4,1
2022-09-01T07:00:00-00:00,2022-09-01T07:15:00-00:00,2022-09-01,01,BERESFRD_6_N002,BERESFRD_6_N002,BERESFRD_6_N002,RTPD,MCC,LMP_CONG_PRC,BERESFRD_6_N002,ALL,1,-16.84223,1,2
2022-09-01T08:00:00-00:00,2022-09-01T08:15:00-00:00,2022-09-01,02,BERESFRD_6_N002,BERESFRD_6_N002,BERESFRD_6_N002,RTPD,MCC,LMP_CONG_PRC,BERESFRD_6_N002,ALL,1,-3.39864,1,2
2022-09-01T09:00:00-00:00,2022-09-01T09:15:00-00:00,2022-09-01,03,BERESFRD_6_N002,BERESFRD_6_N002,BERESFRD_6_N002,RTPD,MCC,LMP_CONG_PRC,BERESFRD_6_N002,ALL,1,-4.5538,1,2
2022-09-01T10:00:00-00:00,2022-09-01T10:15:00-00:00,2022-09-01,04,BERESFRD_6_N002,BERESFRD_6_N002,BERESFRD_6_N002,RTPD,MCC,LMP_CONG_PRC,BERESFRD_6_N002,ALL,1,-3.94746,1,2
2022-09-01T11:00:00-00:00,2022-09-01T11:15:00-00:00,2022-09-01,05,BERESFRD_6_N002,BERESFRD_6_N002,BERESFRD_6_N002,RTPD,MCC,LMP_CONG_PRC,BERESFRD_6_N002,ALL,1,0,1,2
2022-09-01T12:00:00-00:00,2022-09-01T12:15:00-00:00,2022-09-01,06,BERESFRD_6_N002,BERESFRD_6_N002,BERESFRD_6_N002,RTPD,MCC,LMP_CONG_PRC,BERESFRD_6_N002,ALL,1,-10.11758,1,2
2022-09-01T13:00:00-00:00,2022-09-01T13:15:00-00:00,2022-09-01,07,BERESFRD_6_N002,BERESFRD_6_N002,BERESFRD_6_N002,RTPD,MCC,LMP_CONG_PRC,BERESFRD_6_N002,ALL,1,-13.42075,1,2
2022-09-01T14:00:00-00:00,2022-09-01T14:15:00-00:00,2022-09-01,08,BERESFRD_6_N002,BERESFRD_6_N002,BERESFRD_6_N002,RTPD,MCC,LMP_CONG_PRC,BERESFRD_6_N002,ALL,1,0,1,2
2022-09-01T15:00:00-00:00,2022-09-01T15:15:00-00:00,2022-09-01,09,BERESFRD_6_N002,BERESFRD_6_N002,BERESFRD_6_N002,RTPD,MCC,LMP_CONG_PRC,BERESFRD_6_N002,ALL,1,0,1,2
2022-09-01T16:00:00-00:00,2022-09-01T16:15:00-00:00,2022-09-01,10,BERESFRD_6_N002,BERESFRD_6_N002,BERESFRD_6_N002,RTPD,MCC,LMP_CONG_PRC,BERESFRD_6_N002,ALL,1,0,1,2
2022-09-01T17:00:00-00:00,2022-09-01T17:15:00-00:00,2022-09-01,11,BERESFRD_6_N002,BERESFRD_6_N002,BERESFRD_6_N002,RTPD,MCC,LMP_CONG_PRC,BERESFRD_6_N002,ALL,1,-16.91213,1,2
2022-09-01T18:00:00-00:00,2022-09-01T18:15:00-00:00,2022-09-01,12,BERESFRD_6_N002,BERESFRD_6_N002,BERESFRD_6_N002,RTPD,MCC,LMP_CONG_PRC,BERESFRD_6_N002,ALL,1,-32.82622,1,2
2022-09-01T19:00:00-00:00,2022-09-01T19:15:00-00:00,2022-09-01,13,BERESFRD_6_N002,BERESFRD_6_N002,BERESFRD_6_N002,RTPD,MCC,LMP_CONG_PRC,BERESFRD_6_N002,ALL,1,-36.23196,1,2
2022-09-01T20:00:00-00:00,2022-09-01T20:15:00-00:00,2022-09-01,14,BERESFRD_6_N002,BERESFRD_6_N002,BERESFRD_6_N002,RTPD,MCC,LMP_CONG_PRC,BERESFRD_6_N002,ALL,1,-3.58082,1,2
2022-09-01T21:00:00-00:00,2022-09-01T21:15:00-00:00,2022-09-01,15,BERESFRD_6_N002,BERESFRD_6_N002,BERESFRD_6_N002,RTPD,MCC,LMP_CONG_PRC,BERESFRD_6_N002,ALL,1,-100.9462,1,2
2022-09-01T22:00:00-00:00,2022-09-01T22:15:00-00:00,2022-09-01,16,BERESFRD_6_N002,BERESFRD_6_N002,BERESFRD_6_N002,RTPD,MCC,LMP_CONG_PRC,BERESFRD_6_N002,ALL,1,-109.32262,1,2
2022-09-01T23:00:00-00:00,2022-09-01T23:15:00-00:00,2022-09-01,17,BERESFRD_6_N002,BERESFRD_6_N002,BERESFRD_6_N002,RTPD,MCC,LMP_CONG_PRC,BERESFRD_6_N002,ALL,1,-171.67017,1,2
2022-09-02T00:00:00-00:00,2022-09-02T00:15:00-00:00,2022-09-01,18,BERESFRD_6_N002,BERESFRD_6_N002,BERESFRD_6_N002,RTPD,MCC,LMP_CONG_PRC,BERESFRD_6_N002,ALL,1,343.7871,1,2
2022-09-02T01:00:00-00:00,2022-09-02T01:15:00-00:00,2022-09-01,19,BERESFRD_6_N002,BERESFRD_6_N002,BERESFRD_6_N002,RTPD,MCC,LMP_CONG_PRC,BERESFRD_6_N002,ALL,1,339.7814,1,2
2022-09-02T02:00:00-00:00,2022-09-02T02:15:00-00:00,2022-09-01,20,BERESFRD_6_N002,BERESFRD_6_N002,BERESFRD_6_N002,RTPD,MCC,LMP_CONG_PRC,BERESFRD_6_N002,ALL,1,0,1,2
2022-09-02T03:00:00-00:00,2022-09-02T03:15:00-00:00,2022-09-01,21,BERESFRD_6_N002,BERESFRD_6_N002,BERESFRD_6_N002,RTPD,MCC,LMP_CONG_PRC,BERESFRD_6_N002,ALL,1,422.39,1,2
2022-09-02T04:00:00-00:00,2022-09-02T04:15:00-00:00,2022-09-01,22,BERESFRD_6_N002,BERESFRD_6_N002,BERESFRD_6_N002,RTPD,MCC,LMP_CONG_PRC,BERESFRD_6_N002,ALL,1,0,1,2
2022-09-02T05:00:00-00:00,2022-09-02T05:15:00-00:00,2022-09-01,23,BERESFRD_6_N002,BERESFRD_6_N002,BERESFRD_6_N002,RTPD,MCC,LMP_CONG_PRC,BERESFRD_6_N002,ALL,1,0,1,2
2022-09-02T06:00:00-00:00,2022-09-02T06:15:00-00:00,2022-09-01,24,BERESFRD_6_N002,BERESFRD_6_N002,BERESFRD_6_N002,RTPD,MCC,LMP_CONG_PRC,BERESFRD_6_N002,ALL,1,0,1,2
2022-09-01T07:15:00-00:00,2022-09-01T07:30:00-00:00,2022-09-01,01,BERESFRD_6_N002,BERESFRD_6_N002,BERESFRD_6_N002,RTPD,MCC,LMP_CONG_PRC,BERESFRD_6_N002,ALL,1,-10.17465,2,2
2022-09-01T08:15:00-00:00,2022-09-01T08:30:00-00:00,2022-09-01,02,BERESFRD_6_N002,BERESFRD_6_N002,BERESFRD_6_N002,RTPD,MCC,LMP_CONG_PRC,BERESFRD_6_N002,ALL,1,-0.92767,2,2
2022-09-01T09:15:00-00:00,2022-09-01T09:30:00-00:00,2022-09-01,03,BERESFRD_6_N002,BERESFRD_6_N002,BERESFRD_6_N002,RTPD,MCC,LMP_CONG_PRC,BERESFRD_6_N002,ALL,1,-5.97191,2,2
2022-09-01T10:15:00-00:00,2022-09-01T10:30:00-00:00,2022-09-01,04,BERESFRD_6_N002,BERESFRD_6_N002,BERESFRD_6_N002,RTPD,MCC,LMP_CONG_PRC,BERESFRD_6_N002,ALL,1,-5.58561,2,2
2022-09-01T11:15:00-00:00,2022-09-01T11:30:00-00:00,2022-09-01,05,BERESFRD_6_N002,BERESFRD_6_N002,BERESFRD_6_N002,RTPD,MCC,LMP_CONG_PRC,BERESFRD_6_N002,ALL,1,0,2,2
2022-09-01T12:15:00-00:00,2022-09-01T12:30:00-00:00,2022-09-01,06,BERESFRD_6_N002,BERESFRD_6_N002,BERESFRD_6_N002,RTPD,MCC,LMP_CONG_PRC,BERESFRD_6_N002,ALL,1,-6.18494,2,2
2022-09-01T13:15:00-00:00,2022-09-01T13:30:00-00:00,2022-09-01,07,BERESFRD_6_N002,BERESFRD_6_N002,BERESFRD_6_N002,RTPD,MCC,LMP_CONG_PRC,BERESFRD_6_N002,ALL,1,-0.57593,2,2
2022-09-01T14:15:00-00:00,2022-09-01T14:30:00-00:00,2022-09-01,08,BERESFRD_6_N002,BERESFRD_6_N002,BERESFRD_6_N002,RTPD,MCC,LMP_CONG_PRC,BERESFRD_6_N002,ALL,1,0,2,2
2022-09-01T15:15:00-00:00,2022-09-01T15:30:00-00:00,2022-09-01,09,BERESFRD_6_N002,BERESFRD_6_N002,BERESFRD_6_N002,RTPD,MCC,LMP_CONG_PRC,BERESFRD_6_N002,ALL,1,0,2,2
2022-09-01T16:15:00-00:00,2022-09-01T16:30:00-00:00,2022-09-01,10,BERESFRD_6_N002,BERESFRD_6_N002,BERESFRD_6_N002,RTPD,MCC,LMP_CONG_PRC,BERESFRD_6_N002,ALL,1,-1.65672,2,2
2022-09-01T17:15:00-00:00,2022-09-01T17:30:00-00:00,2022-09-01,11,BERESFRD_6_N002,BERESFRD_6_N002,BERESFRD_6_N002,RTPD,MCC,LMP_CONG_PRC,BERESFRD_6_N002,ALL,1,-20.5963,2,2
2022-09-01T18:15:00-00:00,2022-09-01T18:30:00-00:00,2022-09-01,12,BERESFRD_6_N002,BERESFRD_6_N002,BERESFRD_6_N002,RTPD,MCC,LMP_CONG_PRC,BERESFRD_6_N002,ALL,1,-26.8712,2,2
2022-09-01T19:15:00-00:00,2022-09-01T19:30:00-00:00,2022-09-01,13,BERESFRD_6_N002,BERESFRD_6_N002,BERESFRD_6_N002,RTPD,MCC,LMP_CONG_PRC,BERESFRD_6_N002,ALL,1,-29.99144,2,2
2022-09-01T20:15:00-00:00,2022-09-01T20:30:00-00:00,2022-09-01,14,BERESFRD_6_N002,BERESFRD_6_N002,BERESFRD_6_N002,RTPD,MCC,LMP_CONG_PRC,BERESFRD_6_N002,ALL,1,-3.2246,2,2
2022-09-01T21:15:00-00:00,2022-09-01T21:30:00-00:00,2022-09-01,15,BERESFRD_6_N002,BERESFRD_6_N002,BERESFRD_6_N002,RTPD,MCC,LMP_CONG_PRC,BERESFRD_6_N002,ALL,1,-27.28129,2,2
2022-09-01T22:15:00-00:00,2022-09-01T22:30:00-00:00,2022-09-01,16,BERESFRD_6_N002,BERESFRD_6_N002,BERESFRD_6_N002,RTPD,MCC,LMP_CONG_PRC,BERESFRD_6_N002,ALL,1,-119.92855,2,2
2022-09-01T23:15:00-00:00,2022-09-01T23:30:00-00:00,2022-09-01,17,BERESFRD_6_N002,BERESFRD_6_N002,BERESFRD_6_N002,RTPD,MCC,LMP_CONG_PRC,BERESFRD_6_N002,ALL,1,-99.09966,2,2
2022-09-02T00:15:00-00:00,2022-09-02T00:30:00-00:00,2022-09-01,18,BERESFRD_6_N002,BERESFRD_6_N002,BERESFRD_6_N002,RTPD,MCC,LMP_CONG_PRC,BERESFRD_6_N002,ALL,1,334.60904,2,2
2022-09-02T01:15:00-00:00,2022-09-02T01:30:00-00:00,2022-09-01,19,BERESFRD_6_N002,BERESFRD_6_N002,BERESFRD_6_N002,RTPD,MCC,LMP_CONG_PRC,BERESFRD_6_N002,ALL,1,0,2,2
2022-09-02T02:15:00-00:00,2022-09-02T02:30:00-00:00,2022-09-01,20,BERESFRD_6_N002,BERESFRD_6_N002,BERESFRD_6_N002,RTPD,MCC,LMP_CONG_PRC,BERESFRD_6_N002,ALL,1,0,2,2
2022-09-02T03:15:00-00:00,2022-09-02T03:30:00-00:00,2022-09-01,21,BERESFRD_6_N002,BERESFRD_6_N002,BERESFRD_6_N002,RTPD,MCC,LMP_CONG_PRC,BERESFRD_6_N002,ALL,1,148.04868,2,2
2022-09-02T04:15:00-00:00,2022-09-02T04:30:00-00:00,2022-09-01,22,BERESFRD_6_N002,BERESFRD_6_N002,BERESFRD_6_N002,RTPD,MCC,LMP_CONG_PRC,BERESFRD_6_N002,ALL,1,0,2,2
2022-09-02T05:15:00-00:00,2022-09-02T05:30:00-00:00,2022-09-01,23,BERESFRD_6_N002,BERESFRD_6_N002,BERESFRD_6_N002,RTPD,MCC,LMP_CONG_PRC,BERESFRD_6_N002,ALL,1,0,2,2
2022-09-02T06:15:00-00:00,2022-09-02T06:30:00-00:00,2022-09-01,24,BERESFRD_6_N002,BERESFRD_6_N002,BERESFRD_6_N002,RTPD,MCC,LMP_CONG_PRC,BERESFRD_6_N002,ALL,1,0,2,2
2022-09-01T07:30:00-00:00,2022-09-01T07:45:00-00:00,2022-09-01,01,BERESFRD_6_N002,BERESFRD_6_N002,BERESFRD_6_N002,RTPD,MCC,LMP_CONG_PRC,BERESFRD_6_N002,ALL,1,-16.44357,3,2
2022-09-01T08:30:00-00:00,2022-09-01T08:45:00-00:00,2022-09-01,02,BERESFRD_6_N002,BERESFRD_6_N002,BERESFRD_6_N002,RTPD,MCC,LMP_CONG_PRC,BERESFRD_6_N002,ALL,1,-0.00088,3,2
2022-09-01T09:30:00-00:00,2022-09-01T09:45:00-00:00,2022-09-01,03,BERESFRD_6_N002,BERESFRD_6_N002,BERESFRD_6_N002,RTPD,MCC,LMP_CONG_PRC,BERESFRD_6_N002,ALL,1,-5.91831,3,2
2022-09-01T10:30:00-00:00,2022-09-01T10:45:00-00:00,2022-09-01,04,BERESFRD_6_N002,BERESFRD_6_N002,BERESFRD_6_N002,RTPD,MCC,LMP_CONG_PRC,BERESFRD_6_N002,ALL,1,-3.15118,3,2
2022-09-01T11:30:00-00:00,2022-09-01T11:45:00-00:00,2022-09-01,05,BERESFRD_6_N002,BERESFRD_6_N002,BERESFRD_6_N002,RTPD,MCC,LMP_CONG_PRC,BERESFRD_6_N002,ALL,1,0,3,2
2022-09-01T12:30:00-00:00,2022-09-01T12:45:00-00:00,2022-09-01,06,BERESFRD_6_N002,BERESFRD_6_N002,BERESFRD_6_N002,RTPD,MCC,LMP_CONG_PRC,BERESFRD_6_N002,ALL,1,-10.68469,3,2
2022-09-01T13:30:00-00:00,2022-09-01T13:45:00-00:00,2022-09-01,07,BERESFRD_6_N002,BERESFRD_6_N002,BERESFRD_6_N002,RTPD,MCC,LMP_CONG_PRC,BERESFRD_6_N002,ALL,1,0,3,2
2022-09-01T14:30:00-00:00,2022-09-01T14:45:00-00:00,2022-09-01,08,BERESFRD_6_N002,BERESFRD_6_N002,BERESFRD_6_N002,RTPD,MCC,LMP_CONG_PRC,BERESFRD_6_N002,ALL,1,0,3,2
2022-09-01T15:30:00-00:00,2022-09-01T15:45:00-00:00,2022-09-01,09,BERESFRD_6_N002,BERESFRD_6_N002,BERESFRD_6_N002,RTPD,MCC,LMP_CONG_PRC,BERESFRD_6_N002,ALL,1,0,3,2
2022-09-01T16:30:00-00:00,2022-09-01T16:45:00-00:00,2022-09-01,10,BERESFRD_6_N002,BERESFRD_6_N002,BERESFRD_6_N002,RTPD,MCC,LMP_CONG_PRC,BERESFRD_6_N002,ALL,1,-13.87115,3,2
2022-09-01T17:30:00-00:00,2022-09-01T17:45:00-00:00,2022-09-01,11,BERESFRD_6_N002,BERESFRD_6_N002,BERESFRD_6_N002,RTPD,MCC,LMP_CONG_PRC,BERESFRD_6_N002,ALL,1,-20.67064,3,2
2022-09-01T18:30:00-00:00,2022-09-01T18:45:00-00:00,2022-09-01,12,BERESFRD_6_N002,BERESFRD_6_N002,BERESFRD_6_N002,RTPD,MCC,LMP_CONG_PRC,BERESFRD_6_N002,ALL,1,-28.01937,3,2
2022-09-01T19:30:00-00:00,2022-09-01T19:45:00-00:00,2022-09-01,13,BERESFRD_6_N002,BERESFRD_6_N002,BERESFRD_6_N002,RTPD,MCC,LMP_CONG_PRC,BERESFRD_6_N002,ALL,1,-12.86998,3,2
2022-09-01T20:30:00-00:00,2022-09-01T20:45:00-00:00,2022-09-01,14,BERESFRD_6_N002,BERESFRD_6_N002,BERESFRD_6_N002,RTPD,MCC,LMP_CONG_PRC,BERESFRD_6_N002,ALL,1,-13.01061,3,2
2022-09-01T21:30:00-00:00,2022-09-01T21:45:00-00:00,2022-09-01,15,BERESFRD_6_N002,BERESFRD_6_N002,BERESFRD_6_N002,RTPD,MCC,LMP_CONG_PRC,BERESFRD_6_N002,ALL,1,-25.06189,3,2
2022-09-01T22:30:00-00:00,2022-09-01T22:45:00-00:00,2022-09-01,16,BERESFRD_6_N002,BERESFRD_6_N002,BERESFRD_6_N002,RTPD,MCC,LMP_CONG_PRC,BERESFRD_6_N002,ALL,1,-128.44907,3,2
2022-09-01T23:30:00-00:00,2022-09-01T23:45:00-00:00,2022-09-01,17,BERESFRD_6_N002,BERESFRD_6_N002,BERESFRD_6_N002,RTPD,MCC,LMP_CONG_PRC,BERESFRD_6_N002,ALL,1,0,3,2
2022-09-02T00:30:00-00:00,2022-09-02T00:45:00-00:00,2022-09-01,18,BERESFRD_6_N002,BERESFRD_6_N002,BERESFRD_6_N002,RTPD,MCC,LMP_CONG_PRC,BERESFRD_6_N002,ALL,1,471.9247,3,2
2022-09-02T01:30:00-00:00,2022-09-02T01:45:00-00:00,2022-09-01,19,BERESFRD_6_N002,BERESFRD_6_N002,BERESFRD_6_N002,RTPD,MCC,LMP_CONG_PRC,BERESFRD_6_N002,ALL,1,0,3,2
2022-09-02T02:30:00-00:00,2022-09-02T02:45:00-00:00,2022-09-01,20,BERESFRD_6_N002,BERESFRD_6_N002,BERESFRD_6_N002,RTPD,MCC,LMP_CONG_PRC,BERESFRD_6_N002,ALL,1,0,3,2
2022-09-02T03:30:00-00:00,2022-09-02T03:45:00-00:00,2022-09-01,21,BERESFRD_6_N002,BERESFRD_6_N002,BERESFRD_6_N002,RTPD,MCC,LMP_CONG_PRC,BERESFRD_6_N002,ALL,1,33.30164,3,2
2022-09-02T04:30:00-00:00,2022-09-02T04:45:00-00:00,2022-09-01,22,BERESFRD_6_N002,BERESFRD_6_N002,BERESFRD_6_N002,RTPD,MCC,LMP_CONG_PRC,BERESFRD_6_N002,ALL,1,0,3,2
2022-09-02T05:30:00-00:00,2022-09-02T05:45:00-00:00,2022-09-01,23,BERESFRD_6_N002,BERESFRD_6_N002,BERESFRD_6_N002,RTPD,MCC,LMP_CONG_PRC,BERESFRD_6_N002,ALL,1,0,3,2
2022-09-02T06:30:00-00:00,2022-09-02T06:45:00-00:00,2022-09-01,24,BERESFRD_6_N002,BERESFRD_6_N002,BERESFRD_6_N002,RTPD,MCC,LMP_CONG_PRC,BERESFRD_6_N002,ALL,1,0,3,2
2022-09-01T07:45:00-00:00,2022-09-01T08:00:00-00:00,2022-09-01,01,BERESFRD_6_N002,BERESFRD_6_N002,BERESFRD_6_N002,RTPD,MCC,LMP_CONG_PRC,BERESFRD_6_N002,ALL,1,-18.72785,4,2
2022-09-01T08:45:00-00:00,2022-09-01T09:00:00-00:00,2022-09-01,02,BERESFRD_6_N002,BERESFRD_6_N002,BERESFRD_6_N002,RTPD,MCC,LMP_CONG_PRC,BERESFRD_6_N002,ALL,1,-4.57171,4,2
2022-09-01T09:45:00-00:00,2022-09-01T10:00:00-00:00,2022-09-01,03,BERESFRD_6_N002,BERESFRD_6_N002,BERESFRD_6_N002,RTPD,MCC,LMP_CONG_PRC,BERESFRD_6_N002,ALL,1,-5.28127,4,2
2022-09-01T10:45:00-00:00,2022-09-01T11:00:00-00:00,2022-09-01,04,BERESFRD_6_N002,BERESFRD_6_N002,BERESFRD_6_N002,RTPD,MCC,LMP_CONG_PRC,BERESFRD_6_N002,ALL,1,-1.24099,4,2
2022-09-01T11:45:00-00:00,2022-09-01T12:00:00-00:00,2022-09-01,05,BERESFRD_6_N002,BERESFRD_6_N002,BERESFRD_6_N002,RTPD,MCC,LMP_CONG_PRC,BERESFRD_6_N002,ALL,1,0,4,2
2022-09-01T12:45:00-00:00,2022-09-01T13:00:00-00:00,2022-09-01,06,BERESFRD_6_N002,BERESFRD_6_N002,BERESFRD_6_N002,RTPD,MCC,LMP_CONG_PRC,BERESFRD_6_N002,ALL,1,-2.38435,4,2
2022-09-01T13:45:00-00:00,2022-09-01T14:00:00-00:00,2022-09-01,07,BERESFRD_6_N002,BERESFRD_6_N002,BERESFRD_6_N002,RTPD,MCC,LMP_CONG_PRC,BERESFRD_6_N002,ALL,1,0,4,2
2022-09-01T14:45:00-00:00,2022-09-01T15:00:00-00:00,2022-09-01,08,BERESFRD_6_N002,BERESFRD_6_N002,BERESFRD_6_N002,RTPD,MCC,LMP_CONG_PRC,BERESFRD_6_N002,ALL,1,0,4,2
2022-09-01T15:45:00-00:00,2022-09-01T16:00:00-00:00,2022-09-01,09,BERESFRD_6_N002,BERESFRD_6_N002,BERESFRD_6_N002,RTPD,MCC,LMP_CONG_PRC,BERESFRD_6_N002,ALL,1,0,4,2
2022-09-01T16:45:00-00:00,2022-09-01T17:00:00-00:00,2022-09-01,10,BERESFRD_6_N002,BERESFRD_6_N002,BERESFRD_6_N002,RTPD,MCC,LMP_CONG_PRC,BERESFRD_6_N002,ALL,1,-12.56035,4,2
2022-09-01T17:45:00-00:00,2022-09-01T18:00:00-00:00,2022-09-01,11,BERESFRD_6_N002,BERESFRD_6_N002,BERESFRD_6_N002,RTPD,MCC,LMP_CONG_PRC,BERESFRD_6_N002,ALL,1,-20.46067,4,2
2022-09-01T18:45:00-00:00,2022-09-01T19:00:00-00:00,2022-09-01,12,BERESFRD_6_N002,BERESFRD_6_N002,BERESFRD_6_N002,RTPD,MCC,LMP_CONG_PRC,BERESFRD_6_N002,ALL,1,-27.91213,4,2
2022-09-01T19:45:00-00:00,2022-09-01T20:00:00-00:00,2022-09-01,13,BERESFRD_6_N002,BERESFRD_6_N002,BERESFRD_6_N002,RTPD,MCC,LMP_CONG_PRC,BERESFRD_6_N002,ALL,1,-13.94445,4,2
2022-09-01T20:45:00-00:00,2022-09-01T21:00:00-00:00,2022-09-01,14,BERESFRD_6_N002,BERESFRD_6_N002,BERESFRD_6_N002,RTPD,MCC,LMP_CONG_PRC,BERESFRD_6_N002,ALL,1,-28.85256,4,2
2022-09-01T21:45:00-00:00,2022-09-01T22:00:00-00:00,2022-09-01,15,BERESFRD_6_N002,BERESFRD_6_N002,BERESFRD_6_N002,RTPD,MCC,LMP_CONG_PRC,BERESFRD_6_N002,ALL,1,-91.0513,4,2
2022-09-01T22:45:00-00:00,2022-09-01T23:00:00-00:00,2022-09-01,16,BERESFRD_6_N002,BERESFRD_6_N002,BERESFRD_6_N002,RTPD,MCC,LMP_CONG_PRC,BERESFRD_6_N002,ALL,1,-260.8895,4,2
2022-09-01T23:45:00-00:00,2022-09-02T00:00:00-00:00,2022-09-01,17,BERESFRD_6_N002,BERESFRD_6_N002,BERESFRD_6_N002,RTPD,MCC,LMP_CONG_PRC,BERESFRD_6_N002,ALL,1,412.82745,4,2
2022-09-02T00:45:00-00:00,2022-09-02T01:00:00-00:00,2022-09-01,18,BERESFRD_6_N002,BERESFRD_6_N002,BERESFRD_6_N002,RTPD,MCC,LMP_CONG_PRC,BERESFRD_6_N002,ALL,1,305.01733,4,2
2022-09-02T01:45:00-00:00,2022-09-02T02:00:00-00:00,2022-09-01,19,BERESFRD_6_N002,BERESFRD_6_N002,BERESFRD_6_N002,RTPD,MCC,LMP_CONG_PRC,BERESFRD_6_N002,ALL,1,0,4,2
2022-09-02T02:45:00-00:00,2022-09-02T03:00:00-00:00,2022-09-01,20,BERESFRD_6_N002,BERESFRD_6_N002,BERESFRD_6_N002,RTPD,MCC,LMP_CONG_PRC,BERESFRD_6_N002,ALL,1,134.73367,4,2
2022-09-02T03:45:00-00:00,2022-09-02T04:00:00-00:00,2022-09-01,21,BERESFRD_6_N002,BERESFRD_6_N002,BERESFRD_6_N002,RTPD,MCC,LMP_CONG_PRC,BERESFRD_6_N002,ALL,1,19.39498,4,2
2022-09-02T04:45:00-00:00,2022-09-02T05:00:00-00:00,2022-09-01,22,BERESFRD_6_N002,BERESFRD_6_N002,BERESFRD_6_N002,RTPD,MCC,LMP_CONG_PRC,BERESFRD_6_N002,ALL,1,0,4,2
2022-09-02T05:45:00-00:00,2022-09-02T06:00:00-00:00,2022-09-01,23,BERESFRD_6_N002,BERESFRD_6_N002,BERESFRD_6_N002,RTPD,MCC,LMP_CONG_PRC,BERESFRD_6_N002,ALL,1,-4.24368,4,2
2022-09-02T06:45:00-00:00,2022-09-02T07:00:00-00:00,2022-09-01,24,BERESFRD_6_N002,BERESFRD_6_N002,BERESFRD_6_N002,RTPD,MCC,LMP_CONG_PRC,BERESFRD_6_N002,ALL,1,0,4,2
2022-09-01T07:00:00-00:00,2022-09-01T07:15:00-00:00,2022-09-01,01,BERESFRD_6_N002,BERESFRD_6_N002,BERESFRD_6_N002,RTPD,MCE,LMP_ENE_PRC,BERESFRD_6_N002,ALL,1,104.23471,1,3
2022-09-01T08:00:00-00:00,2022-09-01T08:15:00-00:00,2022-09-01,02,BERESFRD_6_N002,BERESFRD_6_N002,BERESFRD_6_N002,RTPD,MCE,LMP_ENE_PRC,BERESFRD_6_N002,ALL,1,115.5488,1,3
2022-09-01T09:00:00-00:00,2022-09-01T09:15:00-00:00,2022-09-01,03,BERESFRD_6_N002,BERESFRD_6_N002,BERESFRD_6_N002,RTPD,MCE,LMP_ENE_PRC,BERESFRD_6_N002,ALL,1,99.73061,1,3
2022-09-01T10:00:00-00:00,2022-09-01T10:15:00-00:00,2022-09-01,04,BERESFRD_6_N002,BERESFRD_6_N002,BERESFRD_6_N002,RTPD,MCE,LMP_ENE_PRC,BERESFRD_6_N002,ALL,1,98.64222,1,3
2022-09-01T11:00:00-00:00,2022-09-01T11:15:00-00:00,2022-09-01,05,BERESFRD_6_N002,BERESFRD_6_N002,BERESFRD_6_N002,RTPD,MCE,LMP_ENE_PRC,BERESFRD_6_N002,ALL,1,102.56859,1,3
2022-09-01T12:00:00-00:00,2022-09-01T12:15:00-00:00,2022-09-01,06,BERESFRD_6_N002,BERESFRD_6_N002,BERESFRD_6_N002,RTPD,MCE,LMP_ENE_PRC,BERESFRD_6_N002,ALL,1,96.90845,1,3
2022-09-01T13:00:00-00:00,2022-09-01T13:15:00-00:00,2022-09-01,07,BERESFRD_6_N002,BERESFRD_6_N002,BERESFRD_6_N002,RTPD,MCE,LMP_ENE_PRC,BERESFRD_6_N002,ALL,1,101.80878,1,3
2022-09-01T14:00:00-00:00,2022-09-01T14:15:00-00:00,2022-09-01,08,BERESFRD_6_N002,BERESFRD_6_N002,BERESFRD_6_N002,RTPD,MCE,LMP_ENE_PRC,BERESFRD_6_N002,ALL,1,111.11219,1,3
2022-09-01T15:00:00-00:00,2022-09-01T15:15:00-00:00,2022-09-01,09,BERESFRD_6_N002,BERESFRD_6_N002,BERESFRD_6_N002,RTPD,MCE,LMP_ENE_PRC,BERESFRD_6_N002,ALL,1,97.4112,1,3
2022-09-01T16:00:00-00:00,2022-09-01T16:15:00-00:00,2022-09-01,10,BERESFRD_6_N002,BERESFRD_6_N002,BERESFRD_6_N002,RTPD,MCE,LMP_ENE_PRC,BERESFRD_6_N002,ALL,1,83.43525,1,3
2022-09-01T17:00:00-00:00,2022-09-01T17:15:00-00:00,2022-09-01,11,BERESFRD_6_N002,BERESFRD_6_N002,BERESFRD_6_N002,RTPD,MCE,LMP_ENE_PRC,BERESFRD_6_N002,ALL,1,96.94897,1,3
2022-09-01T18:00:00-00:00,2022-09-01T18:15:00-00:00,2022-09-01,12,BERESFRD_6_N002,BERESFRD_6_N002,BERESFRD_6_N002,RTPD,MCE,LMP_ENE_PRC,BERESFRD_6_N002,ALL,1,91.59291,1,3
2022-09-01T19:00:00-00:00,2022-09-01T19:15:00-00:00,2022-09-01,13,BERESFRD_6_N002,BERESFRD_6_N002,BERESFRD_6_N002,RTPD,MCE,LMP_ENE_PRC,BERESFRD_6_N002,ALL,1,109.19637,1,3
2022-09-01T20:00:00-00:00,2022-09-01T20:15:00-00:00,2022-09-01,14,BERESFRD_6_N002,BERESFRD_6_N002,BERESFRD_6_N002,RTPD,MCE,LMP_ENE_PRC,BERESFRD_6_N002,ALL,1,117.94359,1,3
2022-09-01T21:00:00-00:00,2022-09-01T21:15:00-00:00,2022-09-01,15,BERESFRD_6_N002,BERESFRD_6_N002,BERESFRD_6_N002,RTPD,MCE,LMP_ENE_PRC,BERESFRD_6_N002,ALL,1,226.61499,1,3
2022-09-01T22:00:00-00:00,2022-09-01T22:15:00-00:00,2022-09-01,16,BERESFRD_6_N002,BERESFRD_6_N002,BERESFRD_6_N002,RTPD,MCE,LMP_ENE_PRC,BERESFRD_6_N002,ALL,1,229.18552,1,3
2022-09-01T23:00:00-00:00,2022-09-01T23:15:00-00:00,2022-09-01,17,BERESFRD_6_N002,BERESFRD_6_N002,BERESFRD_6_N002,RTPD,MCE,LMP_ENE_PRC,BERESFRD_6_N002,ALL,1,386.7537,1,3
2022-09-02T00:00:00-00:00,2022-09-02T00:15:00-00:00,2022-09-01,18,BERESFRD_6_N002,BERESFRD_6_N002,BERESFRD_6_N002,RTPD,MCE,LMP_ENE_PRC,BERESFRD_6_N002,ALL,1,770.58136,1,3
2022-09-02T01:00:00-00:00,2022-09-02T01:15:00-00:00,2022-09-01,19,BERESFRD_6_N002,BERESFRD_6_N002,BERESFRD_6_N002,RTPD,MCE,LMP_ENE_PRC,BERESFRD_6_N002,ALL,1,916.27124,1,3
2022-09-02T02:00:00-00:00,2022-09-02T02:15:00-00:00,2022-09-01,20,BERESFRD_6_N002,BERESFRD_6_N002,BERESFRD_6_N002,RTPD,MCE,LMP_ENE_PRC,BERESFRD_6_N002,ALL,1,1991.6721,1,3
2022-09-02T03:00:00-00:00,2022-09-02T03:15:00-00:00,2022-09-01,21,BERESFRD_6_N002,BERESFRD_6_N002,BERESFRD_6_N002,RTPD,MCE,LMP_ENE_PRC,BERESFRD_6_N002,ALL,1,917.5508,1,3
2022-09-02T04:00:00-00:00,2022-09-02T04:15:00-00:00,2022-09-01,22,BERESFRD_6_N002,BERESFRD_6_N002,BERESFRD_6_N002,RTPD,MCE,LMP_ENE_PRC,BERESFRD_6_N002,ALL,1,257.83005,1,3
2022-09-02T05:00:00-00:00,2022-09-02T05:15:00-00:00,2022-09-01,23,BERESFRD_6_N002,BERESFRD_6_N002,BERESFRD_6_N002,RTPD,MCE,LMP_ENE_PRC,BERESFRD_6_N002,ALL,1,183.24657,1,3
2022-09-02T06:00:00-00:00,2022-09-02T06:15:00-00:00,2022-09-01,24,BERESFRD_6_N002,BERESFRD_6_N002,BERESFRD_6_N002,RTPD,MCE,LMP_ENE_PRC,BERESFRD_6_N002,ALL,1,158.867,1,3
2022-09-01T07:15:00-00:00,2022-09-01T07:30:00-00:00,2022-09-01,01,BERESFRD_6_N002,BERESFRD_6_N002,BERESFRD_6_N002,RTPD,MCE,LMP_ENE_PRC,BERESFRD_6_N002,ALL,1,125.55144,2,3
2022-09-01T08:15:00-00:00,2022-09-01T08:30:00-00:00,2022-09-01,02,BERESFRD_6_N002,BERESFRD_6_N002,BERESFRD_6_N002,RTPD,MCE,LMP_ENE_PRC,BERESFRD_6_N002,ALL,1,115.53165,2,3
2022-09-01T09:15:00-00:00,2022-09-01T09:30:00-00:00,2022-09-01,03,BERESFRD_6_N002,BERESFRD_6_N002,BERESFRD_6_N002,RTPD,MCE,LMP_ENE_PRC,BERESFRD_6_N002,ALL,1,98.30543,2,3
2022-09-01T10:15:00-00:00,2022-09-01T10:30:00-00:00,2022-09-01,04,BERESFRD_6_N002,BERESFRD_6_N002,BERESFRD_6_N002,RTPD,MCE,LMP_ENE_PRC,BERESFRD_6_N002,ALL,1,97.00684,2,3
2022-09-01T11:15:00-00:00,2022-09-01T11:30:00-00:00,2022-09-01,05,BERESFRD_6_N002,BERESFRD_6_N002,BERESFRD_6_N002,RTPD,MCE,LMP_ENE_PRC,BERESFRD_6_N002,ALL,1,103.09059,2,3
2022-09-01T12:15:00-00:00,2022-09-01T12:30:00-00:00,2022-09-01,06,BERESFRD_6_N002,BERESFRD_6_N002,BERESFRD_6_N002,RTPD,MCE,LMP_ENE_PRC,BERESFRD_6_N002,ALL,1,109.32203,2,3
2022-09-01T13:15:00-00:00,2022-09-01T13:30:00-00:00,2022-09-01,07,BERESFRD_6_N002,BERESFRD_6_N002,BERESFRD_6_N002,RTPD,MCE,LMP_ENE_PRC,BERESFRD_6_N002,ALL,1,110.97827,2,3
2022-09-01T14:15:00-00:00,2022-09-01T14:30:00-00:00,2022-09-01,08,BERESFRD_6_N002,BERESFRD_6_N002,BERESFRD_6_N002,RTPD,MCE,LMP_ENE_PRC,BERESFRD_6_N002,ALL,1,104.78743,2,3
2022-09-01T15:15:00-00:00,2022-09-01T15:30:00-00:00,2022-09-01,09,BERESFRD_6_N002,BERESFRD_6_N002,BERESFRD_6_N002,RTPD,MCE,LMP_ENE_PRC,BERESFRD_6_N002,ALL,1,86.9388,2,3
2022-09-01T16:15:00-00:00,2022-09-01T16:30:00-00:00,2022-09-01,10,BERESFRD_6_N002,BERESFRD_6_N002,BERESFRD_6_N002,RTPD,MCE,LMP_ENE_PRC,BERESFRD_6_N002,ALL,1,89.44858,2,3
2022-09-01T17:15:00-00:00,2022-09-01T17:30:00-00:00,2022-09-01,11,BERESFRD_6_N002,BERESFRD_6_N002,BERESFRD_6_N002,RTPD,MCE,LMP_ENE_PRC,BERESFRD_6_N002,ALL,1,99.34673,2,3
2022-09-01T18:15:00-00:00,2022-09-01T18:30:00-00:00,2022-09-01,12,BERESFRD_6_N002,BERESFRD_6_N002,BERESFRD_6_N002,RTPD,MCE,LMP_ENE_PRC,BERESFRD_6_N002,ALL,1,101.15901,2,3
2022-09-01T19:15:00-00:00,2022-09-01T19:30:00-00:00,2022-09-01,13,BERESFRD_6_N002,BERESFRD_6_N002,BERESFRD_6_N002,RTPD,MCE,LMP_ENE_PRC,BERESFRD_6_N002,ALL,1,105.30588,2,3
2022-09-01T20:15:00-00:00,2022-09-01T20:30:00-00:00,2022-09-01,14,BERESFRD_6_N002,BERESFRD_6_N002,BERESFRD_6_N002,RTPD,MCE,LMP_ENE_PRC,BERESFRD_6_N002,ALL,1,117.49421,2,3
2022-09-01T21:15:00-00:00,2022-09-01T21:30:00-00:00,2022-09-01,15,BERESFRD_6_N002,BERESFRD_6_N002,BERESFRD_6_N002,RTPD,MCE,LMP_ENE_PRC,BERESFRD_6_N002,ALL,1,147.21185,2,3
2022-09-01T22:15:00-00:00,2022-09-01T22:30:00-00:00,2022-09-01,16,BERESFRD_6_N002,BERESFRD_6_N002,BERESFRD_6_N002,RTPD,MCE,LMP_ENE_PRC,BERESFRD_6_N002,ALL,1,256.58734,2,3
2022-09-01T23:15:00-00:00,2022-09-01T23:30:00-00:00,2022-09-01,17,BERESFRD_6_N002,BERESFRD_6_N002,BERESFRD_6_N002,RTPD,MCE,LMP_ENE_PRC,BERESFRD_6_N002,ALL,1,362.12408,2,3
2022-09-02T00:15:00-00:00,2022-09-02T00:30:00-00:00,2022-09-01,18,BERESFRD_6_N002,BERESFRD_6_N002,BERESFRD_6_N002,RTPD,MCE,LMP_ENE_PRC,BERESFRD_6_N002,ALL,1,691.2182,2,3
2022-09-02T01:15:00-00:00,2022-09-02T01:30:00-00:00,2022-09-01,19,BERESFRD_6_N002,BERESFRD_6_N002,BERESFRD_6_N002,RTPD,MCE,LMP_ENE_PRC,BERESFRD_6_N002,ALL,1,1999.9933,2,3
2022-09-02T02:15:00-00:00,2022-09-02T02:30:00-00:00,2022-09-01,20,BERESFRD_6_N002,BERESFRD_6_N002,BERESFRD_6_N002,RTPD,MCE,LMP_ENE_PRC,BERESFRD_6_N002,ALL,1,1991.6721,2,3
2022-09-02T03:15:00-00:00,2022-09-02T03:30:00-00:00,2022-09-01,21,BERESFRD_6_N002,BERESFRD_6_N002,BERESFRD_6_N002,RTPD,MCE,LMP_ENE_PRC,BERESFRD_6_N002,ALL,1,400.52884,2,3
2022-09-02T04:15:00-00:00,2022-09-02T04:30:00-00:00,2022-09-01,22,BERESFRD_6_N002,BERESFRD_6_N002,BERESFRD_6_N002,RTPD,MCE,LMP_ENE_PRC,BERESFRD_6_N002,ALL,1,224.75041,2,3
2022-09-02T05:15:00-00:00,2022-09-02T05:30:00-00:00,2022-09-01,23,BERESFRD_6_N002,BERESFRD_6_N002,BERESFRD_6_N002,RTPD,MCE,LMP_ENE_PRC,BERESFRD_6_N002,ALL,1,157.11986,2,3
2022-09-02T06:15:00-00:00,2022-09-02T06:30:00-00:00,2022-09-01,24,BERESFRD_6_N002,BERESFRD_6_N002,BERESFRD_6_N002,RTPD,MCE,LMP_ENE_PRC,BERESFRD_6_N002,ALL,1,143.1005,2,3
2022-09-01T07:30:00-00:00,2022-09-01T07:45:00-00:00,2022-09-01,01,BERESFRD_6_N002,BERESFRD_6_N002,BERESFRD_6_N002,RTPD,MCE,LMP_ENE_PRC,BERESFRD_6_N002,ALL,1,119.03196,3,3
2022-09-01T08:30:00-00:00,2022-09-01T08:45:00-00:00,2022-09-01,02,BERESFRD_6_N002,BERESFRD_6_N002,BERESFRD_6_N002,RTPD,MCE,LMP_ENE_PRC,BERESFRD_6_N002,ALL,1,111.11241,3,3
2022-09-01T09:30:00-00:00,2022-09-01T09:45:00-00:00,2022-09-01,03,BERESFRD_6_N002,BERESFRD_6_N002,BERESFRD_6_N002,RTPD,MCE,LMP_ENE_PRC,BERESFRD_6_N002,ALL,1,98.16228,3,3
2022-09-01T10:30:00-00:00,2022-09-01T10:45:00-00:00,2022-09-01,04,BERESFRD_6_N002,BERESFRD_6_N002,BERESFRD_6_N002,RTPD,MCE,LMP_ENE_PRC,BERESFRD_6_N002,ALL,1,96.36226,3,3
2022-09-01T11:30:00-00:00,2022-09-01T11:45:00-00:00,2022-09-01,05,BERESFRD_6_N002,BERESFRD_6_N002,BERESFRD_6_N002,RTPD,MCE,LMP_ENE_PRC,BERESFRD_6_N002,ALL,1,103.06198,3,3
2022-09-01T12:30:00-00:00,2022-09-01T12:45:00-00:00,2022-09-01,06,BERESFRD_6_N002,BERESFRD_6_N002,BERESFRD_6_N002,RTPD,MCE,LMP_ENE_PRC,BERESFRD_6_N002,ALL,1,113.57403,3,3
2022-09-01T13:30:00-00:00,2022-09-01T13:45:00-00:00,2022-09-01,07,BERESFRD_6_N002,BERESFRD_6_N002,BERESFRD_6_N002,RTPD,MCE,LMP_ENE_PRC,BERESFRD_6_N002,ALL,1,111.52025,3,3
2022-09-01T14:30:00-00:00,2022-09-01T14:45:00-00:00,2022-09-01,08,BERESFRD_6_N002,BERESFRD_6_N002,BERESFRD_6_N002,RTPD,MCE,LMP_ENE_PRC,BERESFRD_6_N002,ALL,1,101.83428,3,3
2022-09-01T15:30:00-00:00,2022-09-01T15:45:00-00:00,2022-09-01,09,BERESFRD_6_N002,BERESFRD_6_N002,BERESFRD_6_N002,RTPD,MCE,LMP_ENE_PRC,BERESFRD_6_N002,ALL,1,86.1388,3,3
2022-09-01T16:30:00-00:00,2022-09-01T16:45:00-00:00,2022-09-01,10,BERESFRD_6_N002,BERESFRD_6_N002,BERESFRD_6_N002,RTPD,MCE,LMP_ENE_PRC,BERESFRD_6_N002,ALL,1,88.79644,3,3
2022-09-01T17:30:00-00:00,2022-09-01T17:45:00-00:00,2022-09-01,11,BERESFRD_6_N002,BERESFRD_6_N002,BERESFRD_6_N002,RTPD,MCE,LMP_ENE_PRC,BERESFRD_6_N002,ALL,1,99.13013,3,3
2022-09-01T18:30:00-00:00,2022-09-01T18:45:00-00:00,2022-09-01,12,BERESFRD_6_N002,BERESFRD_6_N002,BERESFRD_6_N002,RTPD,MCE,LMP_ENE_PRC,BERESFRD_6_N002,ALL,1,107.05718,3,3
2022-09-01T19:30:00-00:00,2022-09-01T19:45:00-00:00,2022-09-01,13,BERESFRD_6_N002,BERESFRD_6_N002,BERESFRD_6_N002,RTPD,MCE,LMP_ENE_PRC,BERESFRD_6_N002,ALL,1,114.05905,3,3
2022-09-01T20:30:00-00:00,2022-09-01T20:45:00-00:00,2022-09-01,14,BERESFRD_6_N002,BERESFRD_6_N002,BERESFRD_6_N002,RTPD,MCE,LMP_ENE_PRC,BERESFRD_6_N002,ALL,1,129.81606,3,3
2022-09-01T21:30:00-00:00,2022-09-01T21:45:00-00:00,2022-09-01,15,BERESFRD_6_N002,BERESFRD_6_N002,BERESFRD_6_N002,RTPD,MCE,LMP_ENE_PRC,BERESFRD_6_N002,ALL,1,152.93057,3,3
2022-09-01T22:30:00-00:00,2022-09-01T22:45:00-00:00,2022-09-01,16,BERESFRD_6_N002,BERESFRD_6_N002,BERESFRD_6_N002,RTPD,MCE,LMP_ENE_PRC,BERESFRD_6_N002,ALL,1,283.18182,3,3
2022-09-01T23:30:00-00:00,2022-09-01T23:45:00-00:00,2022-09-01,17,BERESFRD_6_N002,BERESFRD_6_N002,BERESFRD_6_N002,RTPD,MCE,LMP_ENE_PRC,BERESFRD_6_N002,ALL,1,566.48157,3,3
2022-09-02T00:30:00-00:00,2022-09-02T00:45:00-00:00,2022-09-01,18,BERESFRD_6_N002,BERESFRD_6_N002,BERESFRD_6_N002,RTPD,MCE,LMP_ENE_PRC,BERESFRD_6_N002,ALL,1,1329.1127,3,3
2022-09-02T01:30:00-00:00,2022-09-02T01:45:00-00:00,2022-09-01,19,BERESFRD_6_N002,BERESFRD_6_N002,BERESFRD_6_N002,RTPD,MCE,LMP_ENE_PRC,BERESFRD_6_N002,ALL,1,1999.9956,3,3
2022-09-02T02:30:00-00:00,2022-09-02T02:45:00-00:00,2022-09-01,20,BERESFRD_6_N002,BERESFRD_6_N002,BERESFRD_6_N002,RTPD,MCE,LMP_ENE_PRC,BERESFRD_6_N002,ALL,1,1991.671,3,3
2022-09-02T03:30:00-00:00,2022-09-02T03:45:00-00:00,2022-09-01,21,BERESFRD_6_N002,BERESFRD_6_N002,BERESFRD_6_N002,RTPD,MCE,LMP_ENE_PRC,BERESFRD_6_N002,ALL,1,186.61823,3,3
2022-09-02T04:30:00-00:00,2022-09-02T04:45:00-00:00,2022-09-01,22,BERESFRD_6_N002,BERESFRD_6_N002,BERESFRD_6_N002,RTPD,MCE,LMP_ENE_PRC,BERESFRD_6_N002,ALL,1,180.67824,3,3
2022-09-02T05:30:00-00:00,2022-09-02T05:45:00-00:00,2022-09-01,23,BERESFRD_6_N002,BERESFRD_6_N002,BERESFRD_6_N002,RTPD,MCE,LMP_ENE_PRC,BERESFRD_6_N002,ALL,1,131.69917,3,3
2022-09-02T06:30:00-00:00,2022-09-02T06:45:00-00:00,2022-09-01,24,BERESFRD_6_N002,BERESFRD_6_N002,BERESFRD_6_N002,RTPD,MCE,LMP_ENE_PRC,BERESFRD_6_N002,ALL,1,128.9871,3,3
2022-09-01T07:45:00-00:00,2022-09-01T08:00:00-00:00,2022-09-01,01,BERESFRD_6_N002,BERESFRD_6_N002,BERESFRD_6_N002,RTPD,MCE,LMP_ENE_PRC,BERESFRD_6_N002,ALL,1,109.12099,4,3
2022-09-01T08:45:00-00:00,2022-09-01T09:00:00-00:00,2022-09-01,02,BERESFRD_6_N002,BERESFRD_6_N002,BERESFRD_6_N002,RTPD,MCE,LMP_ENE_PRC,BERESFRD_6_N002,ALL,1,98.7357,4,3
2022-09-01T09:45:00-00:00,2022-09-01T10:00:00-00:00,2022-09-01,03,BERESFRD_6_N002,BERESFRD_6_N002,BERESFRD_6_N002,RTPD,MCE,LMP_ENE_PRC,BERESFRD_6_N002,ALL,1,97.50475,4,3
2022-09-01T10:45:00-00:00,2022-09-01T11:00:00-00:00,2022-09-01,04,BERESFRD_6_N002,BERESFRD_6_N002,BERESFRD_6_N002,RTPD,MCE,LMP_ENE_PRC,BERESFRD_6_N002,ALL,1,94.71966,4,3
2022-09-01T11:45:00-00:00,2022-09-01T12:00:00-00:00,2022-09-01,05,BERESFRD_6_N002,BERESFRD_6_N002,BERESFRD_6_N002,RTPD,MCE,LMP_ENE_PRC,BERESFRD_6_N002,ALL,1,107.01,4,3
2022-09-01T12:45:00-00:00,2022-09-01T13:00:00-00:00,2022-09-01,06,BERESFRD_6_N002,BERESFRD_6_N002,BERESFRD_6_N002,RTPD,MCE,LMP_ENE_PRC,BERESFRD_6_N002,ALL,1,116.4848,4,3
2022-09-01T13:45:00-00:00,2022-09-01T14:00:00-00:00,2022-09-01,07,BERESFRD_6_N002,BERESFRD_6_N002,BERESFRD_6_N002,RTPD,MCE,LMP_ENE_PRC,BERESFRD_6_N002,ALL,1,111.41,4,3
2022-09-01T14:45:00-00:00,2022-09-01T15:00:00-00:00,2022-09-01,08,BERESFRD_6_N002,BERESFRD_6_N002,BERESFRD_6_N002,RTPD,MCE,LMP_ENE_PRC,BERESFRD_6_N002,ALL,1,86.1388,4,3
2022-09-01T15:45:00-00:00,2022-09-01T16:00:00-00:00,2022-09-01,09,BERESFRD_6_N002,BERESFRD_6_N002,BERESFRD_6_N002,RTPD,MCE,LMP_ENE_PRC,BERESFRD_6_N002,ALL,1,78.70076,4,3
2022-09-01T16:45:00-00:00,2022-09-01T17:00:00-00:00,2022-09-01,10,BERESFRD_6_N002,BERESFRD_6_N002,BERESFRD_6_N002,RTPD,MCE,LMP_ENE_PRC,BERESFRD_6_N002,ALL,1,91.24933,4,3
2022-09-01T17:45:00-00:00,2022-09-01T18:00:00-00:00,2022-09-01,11,BERESFRD_6_N002,BERESFRD_6_N002,BERESFRD_6_N002,RTPD,MCE,LMP_ENE_PRC,BERESFRD_6_N002,ALL,1,99.20544,4,3
2022-09-01T18:45:00-00:00,2022-09-01T19:00:00-00:00,2022-09-01,12,BERESFRD_6_N002,BERESFRD_6_N002,BERESFRD_6_N002,RTPD,MCE,LMP_ENE_PRC,BERESFRD_6_N002,ALL,1,109.04064,4,3
2022-09-01T19:45:00-00:00,2022-09-01T20:00:00-00:00,2022-09-01,13,BERESFRD_6_N002,BERESFRD_6_N002,BERESFRD_6_N002,RTPD,MCE,LMP_ENE_PRC,BERESFRD_6_N002,ALL,1,120.22491,4,3
2022-09-01T20:45:00-00:00,2022-09-01T21:00:00-00:00,2022-09-01,14,BERESFRD_6_N002,BERESFRD_6_N002,BERESFRD_6_N002,RTPD,MCE,LMP_ENE_PRC,BERESFRD_6_N002,ALL,1,154.02509,4,3
2022-09-01T21:45:00-00:00,2022-09-01T22:00:00-00:00,2022-09-01,15,BERESFRD_6_N002,BERESFRD_6_N002,BERESFRD_6_N002,RTPD,MCE,LMP_ENE_PRC,BERESFRD_6_N002,ALL,1,300.29376,4,3
2022-09-01T22:45:00-00:00,2022-09-01T23:00:00-00:00,2022-09-01,16,BERESFRD_6_N002,BERESFRD_6_N002,BERESFRD_6_N002,RTPD,MCE,LMP_ENE_PRC,BERESFRD_6_N002,ALL,1,429.9137,4,3
2022-09-01T23:45:00-00:00,2022-09-02T00:00:00-00:00,2022-09-01,17,BERESFRD_6_N002,BERESFRD_6_N002,BERESFRD_6_N002,RTPD,MCE,LMP_ENE_PRC,BERESFRD_6_N002,ALL,1,1261.2124,4,3
2022-09-02T00:45:00-00:00,2022-09-02T01:00:00-00:00,2022-09-01,18,BERESFRD_6_N002,BERESFRD_6_N002,BERESFRD_6_N002,RTPD,MCE,LMP_ENE_PRC,BERESFRD_6_N002,ALL,1,1519.149,4,3
2022-09-02T01:45:00-00:00,2022-09-02T02:00:00-00:00,2022-09-01,19,BERESFRD_6_N002,BERESFRD_6_N002,BERESFRD_6_N002,RTPD,MCE,LMP_ENE_PRC,BERESFRD_6_N002,ALL,1,1991.9337,4,3
2022-09-02T02:45:00-00:00,2022-09-02T03:00:00-00:00,2022-09-01,20,BERESFRD_6_N002,BERESFRD_6_N002,BERESFRD_6_N002,RTPD,MCE,LMP_ENE_PRC,BERESFRD_6_N002,ALL,1,1629.6213,4,3
2022-09-02T03:45:00-00:00,2022-09-02T04:00:00-00:00,2022-09-01,21,BERESFRD_6_N002,BERESFRD_6_N002,BERESFRD_6_N002,RTPD,MCE,LMP_ENE_PRC,BERESFRD_6_N002,ALL,1,141.13702,4,3
2022-09-02T04:45:00-00:00,2022-09-02T05:00:00-00:00,2022-09-01,22,BERESFRD_6_N002,BERESFRD_6_N002,BERESFRD_6_N002,RTPD,MCE,LMP_ENE_PRC,BERESFRD_6_N002,ALL,1,126.76372,4,3
2022-09-02T05:45:00-00:00,2022-09-02T06:00:00-00:00,2022-09-01,23,BERESFRD_6_N002,BERESFRD_6_N002,BERESFRD_6_N002,RTPD,MCE,LMP_ENE_PRC,BERESFRD_6_N002,ALL,1,119.00958,4,3
2022-09-02T06:45:00-00:00,2022-09-02T07:00:00-00:00,2022-09-01,24,BERESFRD_6_N002,BERESFRD_6_N002,BERESFRD_6_N002,RTPD,MCE,LMP_ENE_PRC,BERESFRD_6_N002,ALL,1,109.20324,4,3
2022-09-01T07:00:00-00:00,2022-09-01T07:15:00-00:00,2022-09-01,01,BERESFRD_6_N002,BERESFRD_6_N002,BERESFRD_6_N002,RTPD,MCL,LMP_LOSS_PRC,BERESFRD_6_N002,ALL,1,-5.15962,1,4
2022-09-01T08:00:00-00:00,2022-09-01T08:15:00-00:00,2022-09-01,02,BERESFRD_6_N002,BERESFRD_6_N002,BERESFRD_6_N002,RTPD,MCL,LMP_LOSS_PRC,BERESFRD_6_N002,ALL,1,0,1,4
2022-09-01T09:00:00-00:00,2022-09-01T09:15:00-00:00,2022-09-01,03,BERESFRD_6_N002,BERESFRD_6_N002,BERESFRD_6_N002,RTPD,MCL,LMP_LOSS_PRC,BERESFRD_6_N002,ALL,1,1.44609,1,4
2022-09-01T10:00:00-00:00,2022-09-01T10:15:00-00:00,2022-09-01,04,BERESFRD_6_N002,BERESFRD_6_N002,BERESFRD_6_N002,RTPD,MCL,LMP_LOSS_PRC,BERESFRD_6_N002,ALL,1,1.68678,1,4
2022-09-01T11:00:00-00:00,2022-09-01T11:15:00-00:00,2022-09-01,05,BERESFRD_6_N002,BERESFRD_6_N002,BERESFRD_6_N002,RTPD,MCL,LMP_LOSS_PRC,BERESFRD_6_N002,ALL,1,1.83598,1,4
2022-09-01T12:00:00-00:00,2022-09-01T12:15:00-00:00,2022-09-01,06,BERESFRD_6_N002,BERESFRD_6_N002,BERESFRD_6_N002,RTPD,MCL,LMP_LOSS_PRC,BERESFRD_6_N002,ALL,1,1.34703,1,4
2022-09-01T13:00:00-00:00,2022-09-01T13:15:00-00:00,2022-09-01,07,BERESFRD_6_N002,BERESFRD_6_N002,BERESFRD_6_N002,RTPD,MCL,LMP_LOSS_PRC,BERESFRD_6_N002,ALL,1,0,1,4
2022-09-01T14:00:00-00:00,2022-09-01T14:15:00-00:00,2022-09-01,08,BERESFRD_6_N002,BERESFRD_6_N002,BERESFRD_6_N002,RTPD,MCL,LMP_LOSS_PRC,BERESFRD_6_N002,ALL,1,4.31115,1,4
2022-09-01T15:00:00-00:00,2022-09-01T15:15:00-00:00,2022-09-01,09,BERESFRD_6_N002,BERESFRD_6_N002,BERESFRD_6_N002,RTPD,MCL,LMP_LOSS_PRC,BERESFRD_6_N002,ALL,1,0,1,4
2022-09-01T16:00:00-00:00,2022-09-01T16:15:00-00:00,2022-09-01,10,BERESFRD_6_N002,BERESFRD_6_N002,BERESFRD_6_N002,RTPD,MCL,LMP_LOSS_PRC,BERESFRD_6_N002,ALL,1,0,1,4
2022-09-01T17:00:00-00:00,2022-09-01T17:15:00-00:00,2022-09-01,11,BERESFRD_6_N002,BERESFRD_6_N002,BERESFRD_6_N002,RTPD,MCL,LMP_LOSS_PRC,BERESFRD_6_N002,ALL,1,0,1,4
2022-09-01T18:00:00-00:00,2022-09-01T18:15:00-00:00,2022-09-01,12,BERESFRD_6_N002,BERESFRD_6_N002,BERESFRD_6_N002,RTPD,MCL,LMP_LOSS_PRC,BERESFRD_6_N002,ALL,1,0,1,4
2022-09-01T19:00:00-00:00,2022-09-01T19:15:00-00:00,2022-09-01,13,BERESFRD_6_N002,BERESFRD_6_N002,BERESFRD_6_N002,RTPD,MCL,LMP_LOSS_PRC,BERESFRD_6_N002,ALL,1,0,1,4
2022-09-01T20:00:00-00:00,2022-09-01T20:15:00-00:00,2022-09-01,14,BERESFRD_6_N002,BERESFRD_6_N002,BERESFRD_6_N002,RTPD,MCL,LMP_LOSS_PRC,BERESFRD_6_N002,ALL,1,0,1,4
2022-09-01T21:00:00-00:00,2022-09-01T21:15:00-00:00,2022-09-01,15,BERESFRD_6_N002,BERESFRD_6_N002,BERESFRD_6_N002,RTPD,MCL,LMP_LOSS_PRC,BERESFRD_6_N002,ALL,1,0,1,4
2022-09-01T22:00:00-00:00,2022-09-01T22:15:00-00:00,2022-09-01,16,BERESFRD_6_N002,BERESFRD_6_N002,BERESFRD_6_N002,RTPD,MCL,LMP_LOSS_PRC,BERESFRD_6_N002,ALL,1,0,1,4
2022-09-01T23:00:00-00:00,2022-09-01T23:15:00-00:00,2022-09-01,17,BERESFRD_6_N002,BERESFRD_6_N002,BERESFRD_6_N002,RTPD,MCL,LMP_LOSS_PRC,BERESFRD_6_N002,ALL,1,0,1,4
2022-09-02T00:00:00-00:00,2022-09-02T00:15:00-00:00,2022-09-01,18,BERESFRD_6_N002,BERESFRD_6_N002,BERESFRD_6_N002,RTPD,MCL,LMP_LOSS_PRC,BERESFRD_6_N002,ALL,1,49.62544,1,4
2022-09-02T01:00:00-00:00,2022-09-02T01:15:00-00:00,2022-09-01,19,BERESFRD_6_N002,BERESFRD_6_N002,BERESFRD_6_N002,RTPD,MCL,LMP_LOSS_PRC,BERESFRD_6_N002,ALL,1,0,1,4
2022-09-02T02:00:00-00:00,2022-09-02T02:15:00-00:00,2022-09-01,20,BERESFRD_6_N002,BERESFRD_6_N002,BERESFRD_6_N002,RTPD,MCL,LMP_LOSS_PRC,BERESFRD_6_N002,ALL,1,0,1,4
2022-09-02T03:00:00-00:00,2022-09-02T03:15:00-00:00,2022-09-01,21,BERESFRD_6_N002,BERESFRD_6_N002,BERESFRD_6_N002,RTPD,MCL,LMP_LOSS_PRC,BERESFRD_6_N002,ALL,1,50.6488,1,4
2022-09-02T04:00:00-00:00,2022-09-02T04:15:00-00:00,2022-09-01,22,BERESFRD_6_N002,BERESFRD_6_N002,BERESFRD_6_N002,RTPD,MCL,LMP_LOSS_PRC,BERESFRD_6_N002,ALL,1,9.59128,1,4
2022-09-02T05:00:00-00:00,2022-09-02T05:15:00-00:00,2022-09-01,23,BERESFRD_6_N002,BERESFRD_6_N002,BERESFRD_6_N002,RTPD,MCL,LMP_LOSS_PRC,BERESFRD_6_N002,ALL,1,5.75394,1,4
2022-09-02T06:00:00-00:00,2022-09-02T06:15:00-00:00,2022-09-01,24,BERESFRD_6_N002,BERESFRD_6_N002,BERESFRD_6_N002,RTPD,MCL,LMP_LOSS_PRC,BERESFRD_6_N002,ALL,1,3.43153,1,4
2022-09-01T07:15:00-00:00,2022-09-01T07:30:00-00:00,2022-09-01,01,BERESFRD_6_N002,BERESFRD_6_N002,BERESFRD_6_N002,RTPD,MCL,LMP_LOSS_PRC,BERESFRD_6_N002,ALL,1,0,2,4
2022-09-01T08:15:00-00:00,2022-09-01T08:30:00-00:00,2022-09-01,02,BERESFRD_6_N002,BERESFRD_6_N002,BERESFRD_6_N002,RTPD,MCL,LMP_LOSS_PRC,BERESFRD_6_N002,ALL,1,0,2,4
2022-09-01T09:15:00-00:00,2022-09-01T09:30:00-00:00,2022-09-01,03,BERESFRD_6_N002,BERESFRD_6_N002,BERESFRD_6_N002,RTPD,MCL,LMP_LOSS_PRC,BERESFRD_6_N002,ALL,1,1.43526,2,4
2022-09-01T10:15:00-00:00,2022-09-01T10:30:00-00:00,2022-09-01,04,BERESFRD_6_N002,BERESFRD_6_N002,BERESFRD_6_N002,RTPD,MCL,LMP_LOSS_PRC,BERESFRD_6_N002,ALL,1,1.68792,2,4
2022-09-01T11:15:00-00:00,2022-09-01T11:30:00-00:00,2022-09-01,05,BERESFRD_6_N002,BERESFRD_6_N002,BERESFRD_6_N002,RTPD,MCL,LMP_LOSS_PRC,BERESFRD_6_N002,ALL,1,1.81439,2,4
2022-09-01T12:15:00-00:00,2022-09-01T12:30:00-00:00,2022-09-01,06,BERESFRD_6_N002,BERESFRD_6_N002,BERESFRD_6_N002,RTPD,MCL,LMP_LOSS_PRC,BERESFRD_6_N002,ALL,1,1.79288,2,4
2022-09-01T13:15:00-00:00,2022-09-01T13:30:00-00:00,2022-09-01,07,BERESFRD_6_N002,BERESFRD_6_N002,BERESFRD_6_N002,RTPD,MCL,LMP_LOSS_PRC,BERESFRD_6_N002,ALL,1,2.17517,2,4
2022-09-01T14:15:00-00:00,2022-09-01T14:30:00-00:00,2022-09-01,08,BERESFRD_6_N002,BERESFRD_6_N002,BERESFRD_6_N002,RTPD,MCL,LMP_LOSS_PRC,BERESFRD_6_N002,ALL,1,3.91905,2,4
2022-09-01T15:15:00-00:00,2022-09-01T15:30:00-00:00,2022-09-01,09,BERESFRD_6_N002,BERESFRD_6_N002,BERESFRD_6_N002,RTPD,MCL,LMP_LOSS_PRC,BERESFRD_6_N002,ALL,1,0,2,4
2022-09-01T16:15:00-00:00,2022-09-01T16:30:00-00:00,2022-09-01,10,BERESFRD_6_N002,BERESFRD_6_N002,BERESFRD_6_N002,RTPD,MCL,LMP_LOSS_PRC,BERESFRD_6_N002,ALL,1,0,2,4
2022-09-01T17:15:00-00:00,2022-09-01T17:30:00-00:00,2022-09-01,11,BERESFRD_6_N002,BERESFRD_6_N002,BERESFRD_6_N002,RTPD,MCL,LMP_LOSS_PRC,BERESFRD_6_N002,ALL,1,0,2,4
2022-09-01T18:15:00-00:00,2022-09-01T18:30:00-00:00,2022-09-01,12,BERESFRD_6_N002,BERESFRD_6_N002,BERESFRD_6_N002,RTPD,MCL,LMP_LOSS_PRC,BERESFRD_6_N002,ALL,1,0,2,4
2022-09-01T19:15:00-00:00,2022-09-01T19:30:00-00:00,2022-09-01,13,BERESFRD_6_N002,BERESFRD_6_N002,BERESFRD_6_N002,RTPD,MCL,LMP_LOSS_PRC,BERESFRD_6_N002,ALL,1,0,2,4
2022-09-01T20:15:00-00:00,2022-09-01T20:30:00-00:00,2022-09-01,14,BERESFRD_6_N002,BERESFRD_6_N002,BERESFRD_6_N002,RTPD,MCL,LMP_LOSS_PRC,BERESFRD_6_N002,ALL,1,0,2,4
2022-09-01T21:15:00-00:00,2022-09-01T21:30:00-00:00,2022-09-01,15,BERESFRD_6_N002,BERESFRD_6_N002,BERESFRD_6_N002,RTPD,MCL,LMP_LOSS_PRC,BERESFRD_6_N002,ALL,1,0,2,4
2022-09-01T22:15:00-00:00,2022-09-01T22:30:00-00:00,2022-09-01,16,BERESFRD_6_N002,BERESFRD_6_N002,BERESFRD_6_N002,RTPD,MCL,LMP_LOSS_PRC,BERESFRD_6_N002,ALL,1,0,2,4
2022-09-01T23:15:00-00:00,2022-09-01T23:30:00-00:00,2022-09-01,17,BERESFRD_6_N002,BERESFRD_6_N002,BERESFRD_6_N002,RTPD,MCL,LMP_LOSS_PRC,BERESFRD_6_N002,ALL,1,0,2,4
2022-09-02T00:15:00-00:00,2022-09-02T00:30:00-00:00,2022-09-01,18,BERESFRD_6_N002,BERESFRD_6_N002,BERESFRD_6_N002,RTPD,MCL,LMP_LOSS_PRC,BERESFRD_6_N002,ALL,1,43.33938,2,4
2022-09-02T01:15:00-00:00,2022-09-02T01:30:00-00:00,2022-09-01,19,BERESFRD_6_N002,BERESFRD_6_N002,BERESFRD_6_N002,RTPD,MCL,LMP_LOSS_PRC,BERESFRD_6_N002,ALL,1,0,2,4
2022-09-02T02:15:00-00:00,2022-09-02T02:30:00-00:00,2022-09-01,20,BERESFRD_6_N002,BERESFRD_6_N002,BERESFRD_6_N002,RTPD,MCL,LMP_LOSS_PRC,BERESFRD_6_N002,ALL,1,0,2,4
2022-09-02T03:15:00-00:00,2022-09-02T03:30:00-00:00,2022-09-01,21,BERESFRD_6_N002,BERESFRD_6_N002,BERESFRD_6_N002,RTPD,MCL,LMP_LOSS_PRC,BERESFRD_6_N002,ALL,1,21.70866,2,4
2022-09-02T04:15:00-00:00,2022-09-02T04:30:00-00:00,2022-09-01,22,BERESFRD_6_N002,BERESFRD_6_N002,BERESFRD_6_N002,RTPD,MCL,LMP_LOSS_PRC,BERESFRD_6_N002,ALL,1,7.77636,2,4
2022-09-02T05:15:00-00:00,2022-09-02T05:30:00-00:00,2022-09-01,23,BERESFRD_6_N002,BERESFRD_6_N002,BERESFRD_6_N002,RTPD,MCL,LMP_LOSS_PRC,BERESFRD_6_N002,ALL,1,4.27366,2,4
2022-09-02T06:15:00-00:00,2022-09-02T06:30:00-00:00,2022-09-01,24,BERESFRD_6_N002,BERESFRD_6_N002,BERESFRD_6_N002,RTPD,MCL,LMP_LOSS_PRC,BERESFRD_6_N002,ALL,1,1.87462,2,4
2022-09-01T07:30:00-00:00,2022-09-01T07:45:00-00:00,2022-09-01,01,BERESFRD_6_N002,BERESFRD_6_N002,BERESFRD_6_N002,RTPD,MCL,LMP_LOSS_PRC,BERESFRD_6_N002,ALL,1,0,3,4
2022-09-01T08:30:00-00:00,2022-09-01T08:45:00-00:00,2022-09-01,02,BERESFRD_6_N002,BERESFRD_6_N002,BERESFRD_6_N002,RTPD,MCL,LMP_LOSS_PRC,BERESFRD_6_N002,ALL,1,1.78891,3,4
2022-09-01T09:30:00-00:00,2022-09-01T09:45:00-00:00,2022-09-01,03,BERESFRD_6_N002,BERESFRD_6_N002,BERESFRD_6_N002,RTPD,MCL,LMP_LOSS_PRC,BERESFRD_6_N002,ALL,1,1.26629,3,4
2022-09-01T10:30:00-00:00,2022-09-01T10:45:00-00:00,2022-09-01,04,BERESFRD_6_N002,BERESFRD_6_N002,BERESFRD_6_N002,RTPD,MCL,LMP_LOSS_PRC,BERESFRD_6_N002,ALL,1,1.75379,3,4
2022-09-01T11:30:00-00:00,2022-09-01T11:45:00-00:00,2022-09-01,05,BERESFRD_6_N002,BERESFRD_6_N002,BERESFRD_6_N002,RTPD,MCL,LMP_LOSS_PRC,BERESFRD_6_N002,ALL,1,1.96848,3,4
2022-09-01T12:30:00-00:00,2022-09-01T12:45:00-00:00,2022-09-01,06,BERESFRD_6_N002,BERESFRD_6_N002,BERESFRD_6_N002,RTPD,MCL,LMP_LOSS_PRC,BERESFRD_6_N002,ALL,1,1.9989,3,4
2022-09-01T13:30:00-00:00,2022-09-01T13:45:00-00:00,2022-09-01,07,BERESFRD_6_N002,BERESFRD_6_N002,BERESFRD_6_N002,RTPD,MCL,LMP_LOSS_PRC,BERESFRD_6_N002,ALL,1,2.47575,3,4
2022-09-01T14:30:00-00:00,2022-09-01T14:45:00-00:00,2022-09-01,08,BERESFRD_6_N002,BERESFRD_6_N002,BERESFRD_6_N002,RTPD,MCL,LMP_LOSS_PRC,BERESFRD_6_N002,ALL,1,4.1141,3,4
2022-09-01T15:30:00-00:00,2022-09-01T15:45:00-00:00,2022-09-01,09,BERESFRD_6_N002,BERESFRD_6_N002,BERESFRD_6_N002,RTPD,MCL,LMP_LOSS_PRC,BERESFRD_6_N002,ALL,1,0,3,4
2022-09-01T16:30:00-00:00,2022-09-01T16:45:00-00:00,2022-09-01,10,BERESFRD_6_N002,BERESFRD_6_N002,BERESFRD_6_N002,RTPD,MCL,LMP_LOSS_PRC,BERESFRD_6_N002,ALL,1,0,3,4
2022-09-01T17:30:00-00:00,2022-09-01T17:45:00-00:00,2022-09-01,11,BERESFRD_6_N002,BERESFRD_6_N002,BERESFRD_6_N002,RTPD,MCL,LMP_LOSS_PRC,BERESFRD_6_N002,ALL,1,0,3,4
2022-09-01T18:30:00-00:00,2022-09-01T18:45:00-00:00,2022-09-01,12,BERESFRD_6_N002,BERESFRD_6_N002,BERESFRD_6_N002,RTPD,MCL,LMP_LOSS_PRC,BERESFRD_6_N002,ALL,1,0,3,4
2022-09-01T19:30:00-00:00,2022-09-01T19:45:00-00:00,2022-09-01,13,BERESFRD_6_N002,BERESFRD_6_N002,BERESFRD_6_N002,RTPD,MCL,LMP_LOSS_PRC,BERESFRD_6_N002,ALL,1,0,3,4
2022-09-01T20:30:00-00:00,2022-09-01T20:45:00-00:00,2022-09-01,14,BERESFRD_6_N002,BERESFRD_6_N002,BERESFRD_6_N002,RTPD,MCL,LMP_LOSS_PRC,BERESFRD_6_N002,ALL,1,0,3,4
2022-09-01T21:30:00-00:00,2022-09-01T21:45:00-00:00,2022-09-01,15,BERESFRD_6_N002,BERESFRD_6_N002,BERESFRD_6_N002,RTPD,MCL,LMP_LOSS_PRC,BERESFRD_6_N002,ALL,1,0,3,4
2022-09-01T22:30:00-00:00,2022-09-01T22:45:00-00:00,2022-09-01,16,BERESFRD_6_N002,BERESFRD_6_N002,BERESFRD_6_N002,RTPD,MCL,LMP_LOSS_PRC,BERESFRD_6_N002,ALL,1,0,3,4
2022-09-01T23:30:00-00:00,2022-09-01T23:45:00-00:00,2022-09-01,17,BERESFRD_6_N002,BERESFRD_6_N002,BERESFRD_6_N002,RTPD,MCL,LMP_LOSS_PRC,BERESFRD_6_N002,ALL,1,0,3,4
2022-09-02T00:30:00-00:00,2022-09-02T00:45:00-00:00,2022-09-01,18,BERESFRD_6_N002,BERESFRD_6_N002,BERESFRD_6_N002,RTPD,MCL,LMP_LOSS_PRC,BERESFRD_6_N002,ALL,1,0,3,4
2022-09-02T01:30:00-00:00,2022-09-02T01:45:00-00:00,2022-09-01,19,BERESFRD_6_N002,BERESFRD_6_N002,BERESFRD_6_N002,RTPD,MCL,LMP_LOSS_PRC,BERESFRD_6_N002,ALL,1,0,3,4
2022-09-02T02:30:00-00:00,2022-09-02T02:45:00-00:00,2022-09-01,20,BERESFRD_6_N002,BERESFRD_6_N002,BERESFRD_6_N002,RTPD,MCL,LMP_LOSS_PRC,BERESFRD_6_N002,ALL,1,0,3,4
2022-09-02T03:30:00-00:00,2022-09-02T03:45:00-00:00,2022-09-01,21,BERESFRD_6_N002,BERESFRD_6_N002,BERESFRD_6_N002,RTPD,MCL,LMP_LOSS_PRC,BERESFRD_6_N002,ALL,1,10.04006,3,4
2022-09-02T04:30:00-00:00,2022-09-02T04:45:00-00:00,2022-09-01,22,BERESFRD_6_N002,BERESFRD_6_N002,BERESFRD_6_N002,RTPD,MCL,LMP_LOSS_PRC,BERESFRD_6_N002,ALL,1,4.1014,3,4
2022-09-02T05:30:00-00:00,2022-09-02T05:45:00-00:00,2022-09-01,23,BERESFRD_6_N002,BERESFRD_6_N002,BERESFRD_6_N002,RTPD,MCL,LMP_LOSS_PRC,BERESFRD_6_N002,ALL,1,3.14761,3,4
2022-09-02T06:30:00-00:00,2022-09-02T06:45:00-00:00,2022-09-01,24,BERESFRD_6_N002,BERESFRD_6_N002,BERESFRD_6_N002,RTPD,MCL,LMP_LOSS_PRC,BERESFRD_6_N002,ALL,1,2.54105,3,4
2022-09-01T07:45:00-00:00,2022-09-01T08:00:00-00:00,2022-09-01,01,BERESFRD_6_N002,BERESFRD_6_N002,BERESFRD_6_N002,RTPD,MCL,LMP_LOSS_PRC,BERESFRD_6_N002,ALL,1,0,4,4
2022-09-01T08:45:00-00:00,2022-09-01T09:00:00-00:00,2022-09-01,02,BERESFRD_6_N002,BERESFRD_6_N002,BERESFRD_6_N002,RTPD,MCL,LMP_LOSS_PRC,BERESFRD_6_N002,ALL,1,1.47116,4,4
2022-09-01T09:45:00-00:00,2022-09-01T10:00:00-00:00,2022-09-01,03,BERESFRD_6_N002,BERESFRD_6_N002,BERESFRD_6_N002,RTPD,MCL,LMP_LOSS_PRC,BERESFRD_6_N002,ALL,1,1.22856,4,4
2022-09-01T10:45:00-00:00,2022-09-01T11:00:00-00:00,2022-09-01,04,BERESFRD_6_N002,BERESFRD_6_N002,BERESFRD_6_N002,RTPD,MCL,LMP_LOSS_PRC,BERESFRD_6_N002,ALL,1,1.61971,4,4
2022-09-01T11:45:00-00:00,2022-09-01T12:00:00-00:00,2022-09-01,05,BERESFRD_6_N002,BERESFRD_6_N002,BERESFRD_6_N002,RTPD,MCL,LMP_LOSS_PRC,BERESFRD_6_N002,ALL,1,0,4,4
2022-09-01T12:45:00-00:00,2022-09-01T13:00:00-00:00,2022-09-01,06,BERESFRD_6_N002,BERESFRD_6_N002,BERESFRD_6_N002,RTPD,MCL,LMP_LOSS_PRC,BERESFRD_6_N002,ALL,1,0,4,4
2022-09-01T13:45:00-00:00,2022-09-01T14:00:00-00:00,2022-09-01,07,BERESFRD_6_N002,BERESFRD_6_N002,BERESFRD_6_N002,RTPD,MCL,LMP_LOSS_PRC,BERESFRD_6_N002,ALL,1,0,4,4
2022-09-01T14:45:00-00:00,2022-09-01T15:00:00-00:00,2022-09-01,08,BERESFRD_6_N002,BERESFRD_6_N002,BERESFRD_6_N002,RTPD,MCL,LMP_LOSS_PRC,BERESFRD_6_N002,ALL,1,0,4,4
2022-09-01T15:45:00-00:00,2022-09-01T16:00:00-00:00,2022-09-01,09,BERESFRD_6_N002,BERESFRD_6_N002,BERESFRD_6_N002,RTPD,MCL,LMP_LOSS_PRC,BERESFRD_6_N002,ALL,1,0,4,4
2022-09-01T16:45:00-00:00,2022-09-01T17:00:00-00:00,2022-09-01,10,BERESFRD_6_N002,BERESFRD_6_N002,BERESFRD_6_N002,RTPD,MCL,LMP_LOSS_PRC,BERESFRD_6_N002,ALL,1,0,4,4
2022-09-01T17:45:00-00:00,2022-09-01T18:00:00-00:00,2022-09-01,11,BERESFRD_6_N002,BERESFRD_6_N002,BERESFRD_6_N002,RTPD,MCL,LMP_LOSS_PRC,BERESFRD_6_N002,ALL,1,0,4,4
2022-09-01T18:45:00-00:00,2022-09-01T19:00:00-00:00,2022-09-01,12,BERESFRD_6_N002,BERESFRD_6_N002,BERESFRD_6_N002,RTPD,MCL,LMP_LOSS_PRC,BERESFRD_6_N002,ALL,1,0,4,4
2022-09-01T19:45:00-00:00,2022-09-01T20:00:00-00:00,2022-09-01,13,BERESFRD_6_N002,BERESFRD_6_N002,BERESFRD_6_N002,RTPD,MCL,LMP_LOSS_PRC,BERESFRD_6_N002,ALL,1,0,4,4
2022-09-01T20:45:00-00:00,2022-09-01T21:00:00-00:00,2022-09-01,14,BERESFRD_6_N002,BERESFRD_6_N002,BERESFRD_6_N002,RTPD,MCL,LMP_LOSS_PRC,BERESFRD_6_N002,ALL,1,0,4,4
2022-09-01T21:45:00-00:00,2022-09-01T22:00:00-00:00,2022-09-01,15,BERESFRD_6_N002,BERESFRD_6_N002,BERESFRD_6_N002,RTPD,MCL,LMP_LOSS_PRC,BERESFRD_6_N002,ALL,1,0,4,4
2022-09-01T22:45:00-00:00,2022-09-01T23:00:00-00:00,2022-09-01,16,BERESFRD_6_N002,BERESFRD_6_N002,BERESFRD_6_N002,RTPD,MCL,LMP_LOSS_PRC,BERESFRD_6_N002,ALL,1,0,4,4
2022-09-01T23:45:00-00:00,2022-09-02T00:00:00-00:00,2022-09-01,17,BERESFRD_6_N002,BERESFRD_6_N002,BERESFRD_6_N002,RTPD,MCL,LMP_LOSS_PRC,BERESFRD_6_N002,ALL,1,0,4,4
2022-09-02T00:45:00-00:00,2022-09-02T01:00:00-00:00,2022-09-01,18,BERESFRD_6_N002,BERESFRD_6_N002,BERESFRD_6_N002,RTPD,MCL,LMP_LOSS_PRC,BERESFRD_6_N002,ALL,1,0,4,4
2022-09-02T01:45:00-00:00,2022-09-02T02:00:00-00:00,2022-09-01,19,BERESFRD_6_N002,BERESFRD_6_N002,BERESFRD_6_N002,RTPD,MCL,LMP_LOSS_PRC,BERESFRD_6_N002,ALL,1,0,4,4
2022-09-02T02:45:00-00:00,2022-09-02T03:00:00-00:00,2022-09-01,20,BERESFRD_6_N002,BERESFRD_6_N002,BERESFRD_6_N002,RTPD,MCL,LMP_LOSS_PRC,BERESFRD_6_N002,ALL,1,105.11058,4,4
2022-09-02T03:45:00-00:00,2022-09-02T04:00:00-00:00,2022-09-01,21,BERESFRD_6_N002,BERESFRD_6_N002,BERESFRD_6_N002,RTPD,MCL,LMP_LOSS_PRC,BERESFRD_6_N002,ALL,1,6.40762,4,4
2022-09-02T04:45:00-00:00,2022-09-02T05:00:00-00:00,2022-09-01,22,BERESFRD_6_N002,BERESFRD_6_N002,BERESFRD_6_N002,RTPD,MCL,LMP_LOSS_PRC,BERESFRD_6_N002,ALL,1,3.20712,4,4
2022-09-02T05:45:00-00:00,2022-09-02T06:00:00-00:00,2022-09-01,23,BERESFRD_6_N002,BERESFRD_6_N002,BERESFRD_6_N002,RTPD,MCL,LMP_LOSS_PRC,BERESFRD_6_N002,ALL,1,2.79673,4,4
2022-09-02T06:45:00-00:00,2022-09-02T07:00:00-00:00,2022-09-01,24,BERESFRD_6_N002,BERESFRD_6_N002,BERESFRD_6_N002,RTPD,MCL,LMP_LOSS_PRC,BERESFRD_6_N002,ALL,1,2.50075,4,4
2022-09-01T07:00:00-00:00,2022-09-01T07:15:00-00:00,2022-09-01,01,BERESFRD_6_N002,BERESFRD_6_N002,BERESFRD_6_N002,RTPD,MGHG,LMP_GHG_PRC,BERESFRD_6_N002,ALL,1,0,1,5
2022-09-01T08:00:00-00:00,2022-09-01T08:15:00-00:00,2022-09-01,02,BERESFRD_6_N002,BERESFRD_6_N002,BERESFRD_6_N002,RTPD,MGHG,LMP_GHG_PRC,BERESFRD_6_N002,ALL,1,0,1,5
2022-09-01T09:00:00-00:00,2022-09-01T09:15:00-00:00,2022-09-01,03,BERESFRD_6_N002,BERESFRD_6_N002,BERESFRD_6_N002,RTPD,MGHG,LMP_GHG_PRC,BERESFRD_6_N002,ALL,1,0,1,5
2022-09-01T10:00:00-00:00,2022-09-01T10:15:00-00:00,2022-09-01,04,BERESFRD_6_N002,BERESFRD_6_N002,BERESFRD_6_N002,RTPD,MGHG,LMP_GHG_PRC,BERESFRD_6_N002,ALL,1,0,1,5
2022-09-01T11:00:00-00:00,2022-09-01T11:15:00-00:00,2022-09-01,05,BERESFRD_6_N002,BERESFRD_6_N002,BERESFRD_6_N002,RTPD,MGHG,LMP_GHG_PRC,BERESFRD_6_N002,ALL,1,0,1,5
2022-09-01T12:00:00-00:00,2022-09-01T12:15:00-00:00,2022-09-01,06,BERESFRD_6_N002,BERESFRD_6_N002,BERESFRD_6_N002,RTPD,MGHG,LMP_GHG_PRC,BERESFRD_6_N002,ALL,1,0,1,5
2022-09-01T13:00:00-00:00,2022-09-01T13:15:00-00:00,2022-09-01,07,BERESFRD_6_N002,BERESFRD_6_N002,BERESFRD_6_N002,RTPD,MGHG,LMP_GHG_PRC,BERESFRD_6_N002,ALL,1,0,1,5
2022-09-01T14:00:00-00:00,2022-09-01T14:15:00-00:00,2022-09-01,08,BERESFRD_6_N002,BERESFRD_6_N002,BERESFRD_6_N002,RTPD,MGHG,LMP_GHG_PRC,BERESFRD_6_N002,ALL,1,0,1,5
2022-09-01T15:00:00-00:00,2022-09-01T15:15:00-00:00,2022-09-01,09,BERESFRD_6_N002,BERESFRD_6_N002,BERESFRD_6_N002,RTPD,MGHG,LMP_GHG_PRC,BERESFRD_6_N002,ALL,1,0,1,5
2022-09-01T16:00:00-00:00,2022-09-01T16:15:00-00:00,2022-09-01,10,BERESFRD_6_N002,BERESFRD_6_N002,BERESFRD_6_N002,RTPD,MGHG,LMP_GHG_PRC,BERESFRD_6_N002,ALL,1,0,1,5
2022-09-01T17:00:00-00:00,2022-09-01T17:15:00-00:00,2022-09-01,11,BERESFRD_6_N002,BERESFRD_6_N002,BERESFRD_6_N002,RTPD,MGHG,LMP_GHG_PRC,BERESFRD_6_N002,ALL,1,0,1,5
2022-09-01T18:00:00-00:00,2022-09-01T18:15:00-00:00,2022-09-01,12,BERESFRD_6_N002,BERESFRD_6_N002,BERESFRD_6_N002,RTPD,MGHG,LMP_GHG_PRC,BERESFRD_6_N002,ALL,1,0,1,5
2022-09-01T19:00:00-00:00,2022-09-01T19:15:00-00:00,2022-09-01,13,BERESFRD_6_N002,BERESFRD_6_N002,BERESFRD_6_N002,RTPD,MGHG,LMP_GHG_PRC,BERESFRD_6_N002,ALL,1,0,1,5
2022-09-01T20:00:00-00:00,2022-09-01T20:15:00-00:00,2022-09-01,14,BERESFRD_6_N002,BERESFRD_6_N002,BERESFRD_6_N002,RTPD,MGHG,LMP_GHG_PRC,BERESFRD_6_N002,ALL,1,0,1,5
2022-09-01T21:00:00-00:00,2022-09-01T21:15:00-00:00,2022-09-01,15,BERESFRD_6_N002,BERESFRD_6_N002,BERESFRD_6_N002,RTPD,MGHG,LMP_GHG_PRC,BERESFRD_6_N002,ALL,1,0,1,5
2022-09-01T22:00:00-00:00,2022-09-01T22:15:00-00:00,2022-09-01,16,BERESFRD_6_N002,BERESFRD_6_N002,BERESFRD_6_N002,RTPD,MGHG,LMP_GHG_PRC,BERESFRD_6_N002,ALL,1,0,1,5
2022-09-01T23:00:00-00:00,2022-09-01T23:15:00-00:00,2022-09-01,17,BERESFRD_6_N002,BERESFRD_6_N002,BERESFRD_6_N002,RTPD,MGHG,LMP_GHG_PRC,BERESFRD_6_N002,ALL,1,0,1,5
2022-09-02T00:00:00-00:00,2022-09-02T00:15:00-00:00,2022-09-01,18,BERESFRD_6_N002,BERESFRD_6_N002,BERESFRD_6_N002,RTPD,MGHG,LMP_GHG_PRC,BERESFRD_6_N002,ALL,1,0,1,5
2022-09-02T01:00:00-00:00,2022-09-02T01:15:00-00:00,2022-09-01,19,BERESFRD_6_N002,BERESFRD_6_N002,BERESFRD_6_N002,RTPD,MGHG,LMP_GHG_PRC,BERESFRD_6_N002,ALL,1,0,1,5
2022-09-02T02:00:00-00:00,2022-09-02T02:15:00-00:00,2022-09-01,20,BERESFRD_6_N002,BERESFRD_6_N002,BERESFRD_6_N002,RTPD,MGHG,LMP_GHG_PRC,BERESFRD_6_N002,ALL,1,0,1,5
2022-09-02T03:00:00-00:00,2022-09-02T03:15:00-00:00,2022-09-01,21,BERESFRD_6_N002,BERESFRD_6_N002,BERESFRD_6_N002,RTPD,MGHG,LMP_GHG_PRC,BERESFRD_6_N002,ALL,1,0,1,5
2022-09-02T04:00:00-00:00,2022-09-02T04:15:00-00:00,2022-09-01,22,BERESFRD_6_N002,BERESFRD_6_N002,BERESFRD_6_N002,RTPD,MGHG,LMP_GHG_PRC,BERESFRD_6_N002,ALL,1,0,1,5
2022-09-02T05:00:00-00:00,2022-09-02T05:15:00-00:00,2022-09-01,23,BERESFRD_6_N002,BERESFRD_6_N002,BERESFRD_6_N002,RTPD,MGHG,LMP_GHG_PRC,BERESFRD_6_N002,ALL,1,0,1,5
2022-09-02T06:00:00-00:00,2022-09-02T06:15:00-00:00,2022-09-01,24,BERESFRD_6_N002,BERESFRD_6_N002,BERESFRD_6_N002,RTPD,MGHG,LMP_GHG_PRC,BERESFRD_6_N002,ALL,1,0,1,5
2022-09-01T07:15:00-00:00,2022-09-01T07:30:00-00:00,2022-09-01,01,BERESFRD_6_N002,BERESFRD_6_N002,BERESFRD_6_N002,RTPD,MGHG,LMP_GHG_PRC,BERESFRD_6_N002,ALL,1,0,2,5
2022-09-01T08:15:00-00:00,2022-09-01T08:30:00-00:00,2022-09-01,02,BERESFRD_6_N002,BERESFRD_6_N002,BERESFRD_6_N002,RTPD,MGHG,LMP_GHG_PRC,BERESFRD_6_N002,ALL,1,0,2,5
2022-09-01T09:15:00-00:00,2022-09-01T09:30:00-00:00,2022-09-01,03,BERESFRD_6_N002,BERESFRD_6_N002,BERESFRD_6_N002,RTPD,MGHG,LMP_GHG_PRC,BERESFRD_6_N002,ALL,1,0,2,5
2022-09-01T10:15:00-00:00,2022-09-01T10:30:00-00:00,2022-09-01,04,BERESFRD_6_N002,BERESFRD_6_N002,BERESFRD_6_N002,RTPD,MGHG,LMP_GHG_PRC,BERESFRD_6_N002,ALL,1,0,2,5
2022-09-01T11:15:00-00:00,2022-09-01T11:30:00-00:00,2022-09-01,05,BERESFRD_6_N002,BERESFRD_6_N002,BERESFRD_6_N002,RTPD,MGHG,LMP_GHG_PRC,BERESFRD_6_N002,ALL,1,0,2,5
2022-09-01T12:15:00-00:00,2022-09-01T12:30:00-00:00,2022-09-01,06,BERESFRD_6_N002,BERESFRD_6_N002,BERESFRD_6_N002,RTPD,MGHG,LMP_GHG_PRC,BERESFRD_6_N002,ALL,1,0,2,5
2022-09-01T13:15:00-00:00,2022-09-01T13:30:00-00:00,2022-09-01,07,BERESFRD_6_N002,BERESFRD_6_N002,BERESFRD_6_N002,RTPD,MGHG,LMP_GHG_PRC,BERESFRD_6_N002,ALL,1,0,2,5
2022-09-01T14:15:00-00:00,2022-09-01T14:30:00-00:00,2022-09-01,08,BERESFRD_6_N002,BERESFRD_6_N002,BERESFRD_6_N002,RTPD,MGHG,LMP_GHG_PRC,BERESFRD_6_N002,ALL,1,0,2,5
2022-09-01T15:15:00-00:00,2022-09-01T15:30:00-00:00,2022-09-01,09,BERESFRD_6_N002,BERESFRD_6_N002,BERESFRD_6_N002,RTPD,MGHG,LMP_GHG_PRC,BERESFRD_6_N002,ALL,1,0,2,5
2022-09-01T16:15:00-00:00,2022-09-01T16:30:00-00:00,2022-09-01,10,BERESFRD_6_N002,BERESFRD_6_N002,BERESFRD_6_N002,RTPD,MGHG,LMP_GHG_PRC,BERESFRD_6_N002,ALL,1,0,2,5
2022-09-01T17:15:00-00:00,2022-09-01T17:30:00-00:00,2022-09-01,11,BERESFRD_6_N002,BERESFRD_6_N002,BERESFRD_6_N002,RTPD,MGHG,LMP_GHG_PRC,BERESFRD_6_N002,ALL,1,0,2,5
2022-09-01T18:15:00-00:00,2022-09-01T18:30:00-00:00,2022-09-01,12,BERESFRD_6_N002,BERESFRD_6_N002,BERESFRD_6_N002,RTPD,MGHG,LMP_GHG_PRC,BERESFRD_6_N002,ALL,1,0,2,5
2022-09-01T19:15:00-00:00,2022-09-01T19:30:00-00:00,2022-09-01,13,BERESFRD_6_N002,BERESFRD_6_N002,BERESFRD_6_N002,RTPD,MGHG,LMP_GHG_PRC,BERESFRD_6_N002,ALL,1,0,2,5
2022-09-01T20:15:00-00:00,2022-09-01T20:30:00-00:00,2022-09-01,14,BERESFRD_6_N002,BERESFRD_6_N002,BERESFRD_6_N002,RTPD,MGHG,LMP_GHG_PRC,BERESFRD_6_N002,ALL,1,0,2,5
2022-09-01T21:15:00-00:00,2022-09-01T21:30:00-00:00,2022-09-01,15,BERESFRD_6_N002,BERESFRD_6_N002,BERESFRD_6_N002,RTPD,MGHG,LMP_GHG_PRC,BERESFRD_6_N002,ALL,1,0,2,5
2022-09-01T22:15:00-00:00,2022-09-01T22:30:00-00:00,2022-09-01,16,BERESFRD_6_N002,BERESFRD_6_N002,BERESFRD_6_N002,RTPD,MGHG,LMP_GHG_PRC,BERESFRD_6_N002,ALL,1,0,2,5
2022-09-01T23:15:00-00:00,2022-09-01T23:30:00-00:00,2022-09-01,17,BERESFRD_6_N002,BERESFRD_6_N002,BERESFRD_6_N002,RTPD,MGHG,LMP_GHG_PRC,BERESFRD_6_N002,ALL,1,0,2,5
2022-09-02T00:15:00-00:00,2022-09-02T00:30:00-00:00,2022-09-01,18,BERESFRD_6_N002,BERESFRD_6_N002,BERESFRD_6_N002,RTPD,MGHG,LMP_GHG_PRC,BERESFRD_6_N002,ALL,1,0,2,5
2022-09-02T01:15:00-00:00,2022-09-02T01:30:00-00:00,2022-09-01,19,BERESFRD_6_N002,BERESFRD_6_N002,BERESFRD_6_N002,RTPD,MGHG,LMP_GHG_PRC,BERESFRD_6_N002,ALL,1,0,2,5
2022-09-02T02:15:00-00:00,2022-09-02T02:30:00-00:00,2022-09-01,20,BERESFRD_6_N002,BERESFRD_6_N002,BERESFRD_6_N002,RTPD,MGHG,LMP_GHG_PRC,BERESFRD_6_N002,ALL,1,0,2,5
2022-09-02T03:15:00-00:00,2022-09-02T03:30:00-00:00,2022-09-01,21,BERESFRD_6_N002,BERESFRD_6_N002,BERESFRD_6_N002,RTPD,MGHG,LMP_GHG_PRC,BERESFRD_6_N002,ALL,1,0,2,5
2022-09-02T04:15:00-00:00,2022-09-02T04:30:00-00:00,2022-09-01,22,BERESFRD_6_N002,BERESFRD_6_N002,BERESFRD_6_N002,RTPD,MGHG,LMP_GHG_PRC,BERESFRD_6_N002,ALL,1,0,2,5
2022-09-02T05:15:00-00:00,2022-09-02T05:30:00-00:00,2022-09-01,23,BERESFRD_6_N002,BERESFRD_6_N002,BERESFRD_6_N002,RTPD,MGHG,LMP_GHG_PRC,BERESFRD_6_N002,ALL,1,0,2,5
2022-09-02T06:15:00-00:00,2022-09-02T06:30:00-00:00,2022-09-01,24,BERESFRD_6_N002,BERESFRD_6_N002,BERESFRD_6_N002,RTPD,MGHG,LMP_GHG_PRC,BERESFRD_6_N002,ALL,1,0,2,5
2022-09-01T07:30:00-00:00,2022-09-01T07:45:00-00:00,2022-09-01,01,BERESFRD_6_N002,BERESFRD_6_N002,BERESFRD_6_N002,RTPD,MGHG,LMP_GHG_PRC,BERESFRD_6_N002,ALL,1,0,3,5
2022-09-01T08:30:00-00:00,2022-09-01T08:45:00-00:00,2022-09-01,02,BERESFRD_6_N002,BERESFRD_6_N002,BERESFRD_6_N002,RTPD,MGHG,LMP_GHG_PRC,BERESFRD_6_N002,ALL,1,0,3,5
2022-09-01T09:30:00-00:00,2022-09-01T09:45:00-00:00,2022-09-01,03,BERESFRD_6_N002,BERESFRD_6_N002,BERESFRD_6_N002,RTPD,MGHG,LMP_GHG_PRC,BERESFRD_6_N002,ALL,1,0,3,5
2022-09-01T10:30:00-00:00,2022-09-01T10:45:00-00:00,2022-09-01,04,BERESFRD_6_N002,BERESFRD_6_N002,BERESFRD_6_N002,RTPD,MGHG,LMP_GHG_PRC,BERESFRD_6_N002,ALL,1,0,3,5
2022-09-01T11:30:00-00:00,2022-09-01T11:45:00-00:00,2022-09-01,05,BERESFRD_6_N002,BERESFRD_6_N002,BERESFRD_6_N002,RTPD,MGHG,LMP_GHG_PRC,BERESFRD_6_N002,ALL,1,0,3,5
2022-09-01T12:30:00-00:00,2022-09-01T12:45:00-00:00,2022-09-01,06,BERESFRD_6_N002,BERESFRD_6_N002,BERESFRD_6_N002,RTPD,MGHG,LMP_GHG_PRC,BERESFRD_6_N002,ALL,1,0,3,5
2022-09-01T13:30:00-00:00,2022-09-01T13:45:00-00:00,2022-09-01,07,BERESFRD_6_N002,BERESFRD_6_N002,BERESFRD_6_N002,RTPD,MGHG,LMP_GHG_PRC,BERESFRD_6_N002,ALL,1,0,3,5
2022-09-01T14:30:00-00:00,2022-09-01T14:45:00-00:00,2022-09-01,08,BERESFRD_6_N002,BERESFRD_6_N002,BERESFRD_6_N002,RTPD,MGHG,LMP_GHG_PRC,BERESFRD_6_N002,ALL,1,0,3,5
2022-09-01T15:30:00-00:00,2022-09-01T15:45:00-00:00,2022-09-01,09,BERESFRD_6_N002,BERESFRD_6_N002,BERESFRD_6_N002,RTPD,MGHG,LMP_GHG_PRC,BERESFRD_6_N002,ALL,1,0,3,5
2022-09-01T16:30:00-00:00,2022-09-01T16:45:00-00:00,2022-09-01,10,BERESFRD_6_N002,BERESFRD_6_N002,BERESFRD_6_N002,RTPD,MGHG,LMP_GHG_PRC,BERESFRD_6_N002,ALL,1,0,3,5
2022-09-01T17:30:00-00:00,2022-09-01T17:45:00-00:00,2022-09-01,11,BERESFRD_6_N002,BERESFRD_6_N002,BERESFRD_6_N002,RTPD,MGHG,LMP_GHG_PRC,BERESFRD_6_N002,ALL,1,0,3,5
2022-09-01T18:30:00-00:00,2022-09-01T18:45:00-00:00,2022-09-01,12,BERESFRD_6_N002,BERESFRD_6_N002,BERESFRD_6_N002,RTPD,MGHG,LMP_GHG_PRC,BERESFRD_6_N002,ALL,1,0,3,5
2022-09-01T19:30:00-00:00,2022-09-01T19:45:00-00:00,2022-09-01,13,BERESFRD_6_N002,BERESFRD_6_N002,BERESFRD_6_N002,RTPD,MGHG,LMP_GHG_PRC,BERESFRD_6_N002,ALL,1,0,3,5
2022-09-01T20:30:00-00:00,2022-09-01T20:45:00-00:00,2022-09-01,14,BERESFRD_6_N002,BERESFRD_6_N002,BERESFRD_6_N002,RTPD,MGHG,LMP_GHG_PRC,BERESFRD_6_N002,ALL,1,0,3,5
2022-09-01T21:30:00-00:00,2022-09-01T21:45:00-00:00,2022-09-01,15,BERESFRD_6_N002,BERESFRD_6_N002,BERESFRD_6_N002,RTPD,MGHG,LMP_GHG_PRC,BERESFRD_6_N002,ALL,1,0,3,5
2022-09-01T22:30:00-00:00,2022-09-01T22:45:00-00:00,2022-09-01,16,BERESFRD_6_N002,BERESFRD_6_N002,BERESFRD_6_N002,RTPD,MGHG,LMP_GHG_PRC,BERESFRD_6_N002,ALL,1,0,3,5
2022-09-01T23:30:00-00:00,2022-09-01T23:45:00-00:00,2022-09-01,17,BERESFRD_6_N002,BERESFRD_6_N002,BERESFRD_6_N002,RTPD,MGHG,LMP_GHG_PRC,BERESFRD_6_N002,ALL,1,0,3,5
2022-09-02T00:30:00-00:00,2022-09-02T00:45:00-00:00,2022-09-01,18,BERESFRD_6_N002,BERESFRD_6_N002,BERESFRD_6_N002,RTPD,MGHG,LMP_GHG_PRC,BERESFRD_6_N002,ALL,1,0,3,5
2022-09-02T01:30:00-00:00,2022-09-02T01:45:00-00:00,2022-09-01,19,BERESFRD_6_N002,BERESFRD_6_N002,BERESFRD_6_N002,RTPD,MGHG,LMP_GHG_PRC,BERESFRD_6_N002,ALL,1,0,3,5
2022-09-02T02:30:00-00:00,2022-09-02T02:45:00-00:00,2022-09-01,20,BERESFRD_6_N002,BERESFRD_6_N002,BERESFRD_6_N002,RTPD,MGHG,LMP_GHG_PRC,BERESFRD_6_N002,ALL,1,0,3,5
2022-09-02T03:30:00-00:00,2022-09-02T03:45:00-00:00,2022-09-01,21,BERESFRD_6_N002,BERESFRD_6_N002,BERESFRD_6_N002,RTPD,MGHG,LMP_GHG_PRC,BERESFRD_6_N002,ALL,1,0,3,5
2022-09-02T04:30:00-00:00,2022-09-02T04:45:00-00:00,2022-09-01,22,BERESFRD_6_N002,BERESFRD_6_N002,BERESFRD_6_N002,RTPD,MGHG,LMP_GHG_PRC,BERESFRD_6_N002,ALL,1,0,3,5
2022-09-02T05:30:00-00:00,2022-09-02T05:45:00-00:00,2022-09-01,23,BERESFRD_6_N002,BERESFRD_6_N002,BERESFRD_6_N002,RTPD,MGHG,LMP_GHG_PRC,BERESFRD_6_N002,ALL,1,0,3,5
2022-09-02T06:30:00-00:00,2022-09-02T06:45:00-00:00,2022-09-01,24,BERESFRD_6_N002,BERESFRD_6_N002,BERESFRD_6_N002,RTPD,MGHG,LMP_GHG_PRC,BERESFRD_6_N002,ALL,1,0,3,5
2022-09-01T07:45:00-00:00,2022-09-01T08:00:00-00:00,2022-09-01,01,BERESFRD_6_N002,BERESFRD_6_N002,BERESFRD_6_N002,RTPD,MGHG,LMP_GHG_PRC,BERESFRD_6_N002,ALL,1,0,4,5
2022-09-01T08:45:00-00:00,2022-09-01T09:00:00-00:00,2022-09-01,02,BERESFRD_6_N002,BERESFRD_6_N002,BERESFRD_6_N002,RTPD,MGHG,LMP_GHG_PRC,BERESFRD_6_N002,ALL,1,0,4,5
2022-09-01T09:45:00-00:00,2022-09-01T10:00:00-00:00,2022-09-01,03,BERESFRD_6_N002,BERESFRD_6_N002,BERESFRD_6_N002,RTPD,MGHG,LMP_GHG_PRC,BERESFRD_6_N002,ALL,1,0,4,5
2022-09-01T10:45:00-00:00,2022-09-01T11:00:00-00:00,2022-09-01,04,BERESFRD_6_N002,BERESFRD_6_N002,BERESFRD_6_N002,RTPD,MGHG,LMP_GHG_PRC,BERESFRD_6_N002,ALL,1,0,4,5
2022-09-01T11:45:00-00:00,2022-09-01T12:00:00-00:00,2022-09-01,05,BERESFRD_6_N002,BERESFRD_6_N002,BERESFRD_6_N002,RTPD,MGHG,LMP_GHG_PRC,BERESFRD_6_N002,ALL,1,0,4,5
2022-09-01T12:45:00-00:00,2022-09-01T13:00:00-00:00,2022-09-01,06,BERESFRD_6_N002,BERESFRD_6_N002,BERESFRD_6_N002,RTPD,MGHG,LMP_GHG_PRC,BERESFRD_6_N002,ALL,1,0,4,5
2022-09-01T13:45:00-00:00,2022-09-01T14:00:00-00:00,2022-09-01,07,BERESFRD_6_N002,BERESFRD_6_N002,BERESFRD_6_N002,RTPD,MGHG,LMP_GHG_PRC,BERESFRD_6_N002,ALL,1,0,4,5
2022-09-01T14:45:00-00:00,2022-09-01T15:00:00-00:00,2022-09-01,08,BERESFRD_6_N002,BERESFRD_6_N002,BERESFRD_6_N002,RTPD,MGHG,LMP_GHG_PRC,BERESFRD_6_N002,ALL,1,0,4,5
2022-09-01T15:45:00-00:00,2022-09-01T16:00:00-00:00,2022-09-01,09,BERESFRD_6_N002,BERESFRD_6_N002,BERESFRD_6_N002,RTPD,MGHG,LMP_GHG_PRC,BERESFRD_6_N002,ALL,1,0,4,5
2022-09-01T16:45:00-00:00,2022-09-01T17:00:00-00:00,2022-09-01,10,BERESFRD_6_N002,BERESFRD_6_N002,BERESFRD_6_N002,RTPD,MGHG,LMP_GHG_PRC,BERESFRD_6_N002,ALL,1,0,4,5
2022-09-01T17:45:00-00:00,2022-09-01T18:00:00-00:00,2022-09-01,11,BERESFRD_6_N002,BERESFRD_6_N002,BERESFRD_6_N002,RTPD,MGHG,LMP_GHG_PRC,BERESFRD_6_N002,ALL,1,0,4,5
2022-09-01T18:45:00-00:00,2022-09-01T19:00:00-00:00,2022-09-01,12,BERESFRD_6_N002,BERESFRD_6_N002,BERESFRD_6_N002,RTPD,MGHG,LMP_GHG_PRC,BERESFRD_6_N002,ALL,1,0,4,5
2022-09-01T19:45:00-00:00,2022-09-01T20:00:00-00:00,2022-09-01,13,BERESFRD_6_N002,BERESFRD_6_N002,BERESFRD_6_N002,RTPD,MGHG,LMP_GHG_PRC,BERESFRD_6_N002,ALL,1,0,4,5
2022-09-01T20:45:00-00:00,2022-09-01T21:00:00-00:00,2022-09-01,14,BERESFRD_6_N002,BERESFRD_6_N002,BERESFRD_6_N002,RTPD,MGHG,LMP_GHG_PRC,BERESFRD_6_N002,ALL,1,0,4,5
2022-09-01T21:45:00-00:00,2022-09-01T22:00:00-00:00,2022-09-01,15,BERESFRD_6_N002,BERESFRD_6_N002,BERESFRD_6_N002,RTPD,MGHG,LMP_GHG_PRC,BERESFRD_6_N002,ALL,1,0,4,5
2022-09-01T22:45:00-00:00,2022-09-01T23:00:00-00:00,2022-09-01,16,BERESFRD_6_N002,BERESFRD_6_N002,BERESFRD_6_N002,RTPD,MGHG,LMP_GHG_PRC,BERESFRD_6_N002,ALL,1,0,4,5
2022-09-01T23:45:00-00:00,2022-09-02T00:00:00-00:00,2022-09-01,17,BERESFRD_6_N002,BERESFRD_6_N002,BERESFRD_6_N002,RTPD,MGHG,LMP_GHG_PRC,BERESFRD_6_N002,ALL,1,0,4,5
2022-09-02T00:45:00-00:00,2022-09-02T01:00:00-00:00,2022-09-01,18,BERESFRD_6_N002,BERESFRD_6_N002,BERESFRD_6_N002,RTPD,MGHG,LMP_GHG_PRC,BERESFRD_6_N002,ALL,1,0,4,5
2022-09-02T01:45:00-00:00,2022-09-02T02:00:00-00:00,2022-09-01,19,BERESFRD_6_N002,BERESFRD_6_N002,BERESFRD_6_N002,RTPD,MGHG,LMP_GHG_PRC,BERESFRD_6_N002,ALL,1,0,4,5
2022-09-02T02:45:00-00:00,2022-09-02T03:00:00-00:00,2022-09-01,20,BERESFRD_6_N002,BERESFRD_6_N002,BERESFRD_6_N002,RTPD,MGHG,LMP_GHG_PRC,BERESFRD_6_N002,ALL,1,0,4,5
2022-09-02T03:45:00-00:00,2022-09-02T04:00:00-00:00,2022-09-01,21,BERESFRD_6_N002,BERESFRD_6_N002,BERESFRD_6_N002,RTPD,MGHG,LMP_GHG_PRC,BERESFRD_6_N002,ALL,1,0,4,5
2022-09-02T04:45:00-00:00,2022-09-02T05:00:00-00:00,2022-09-01,22,BERESFRD_6_N002,BERESFRD_6_N002,BERESFRD_6_N002,RTPD,MGHG,LMP_GHG_PRC,BERESFRD_6_N002,ALL,1,0,4,5
2022-09-02T05:45:00-00:00,2022-09-02T06:00:00-00:00,2022-09-01,23,BERESFRD_6_N002,BERESFRD_6_N002,BERESFRD_6_N002,RTPD,MGHG,LMP_GHG_PRC,BERESFRD_6_N002,ALL,1,0,4,5
2022-09-02T06:45:00-00:00,2022-09-02T07:00:00-00:00,2022-09-01,24,BERESFRD_6_N002,BERESFRD_6_N002,BERESFRD_6_N002,RTPD,MGHG,LMP_GHG_PRC,BERESFRD_6_N002,ALL,1,0,4,5
