INTERVALSTARTTIME_GMT,INTERVALENDTIME_GMT,OPR_DT,OPR_HR,NODE_ID_XML,NODE_ID,NODE,MARKET_RUN_ID,LMP_TYPE,XML_DATA_ITEM,PNODE_RESMRID,GRP_TYPE,POS,PRC,OPR_INTERVAL,GROUP
2022-09-01T07:00:00-00:00,2022-09-01T07:15:00-00:00,2022-09-01,01,BERVLLY_6_N001,BERVLLY_6_N001,BERVLLY_6_N001,RTPD,LMP,LMP_PRC,BERVLLY_6_N001,ALL,1,77.50553,1,1
2022-09-01T08:00:00-00:00,2022-09-01T08:15:00-00:00,2022-09-01,02,BERVLLY_6_N001,BERVLLY_6_N001,BERVLLY_6_N001,RTPD,LMP,LMP_PRC,BERVLLY_6_N001,ALL,1,111.79448,1,1
2022-09-01T09:00:00-00:00,2022-09-01T09:15:00-00:00,2022-09-01,03,BERVLLY_6_N001,BERVLLY_6_N001,BERVLLY_6_N001,RTPD,LMP,LMP_PRC,BERVLLY_6_N001,ALL,1,106.43854,1,1
2022-09-01T10:00:00-00:00,2022-09-01T10:15:00-00:00,2022-09-01,04,BERVLLY_6_N001,BERVLLY_6_N001,BERVLLY_6_N001,RTPD,LMP,LMP_PRC,BERVLLY_6_N001,ALL,1,105.24806,1,1
2022-09-01T11:00:00-00:00,2022-09-01T11:15:00-00:00,2022-09-01,05,BERVLLY_6_N001,BERVLLY_6_N001,BERVLLY_6_N001,RTPD,LMP,LMP_PRC,BERVLLY_6_N001,ALL,1,115.43069,1,1
2022-09-01T12:00:00-00:00,2022-09-01T12:15:00-00:00,2022-09-01,06,BERVLLY_6_N001,BERVLLY_6_N001,BERVLLY_6_N001,RTPD,LMP,LMP_PRC,BERVLLY_6_N001,ALL,1,98.87403,1,1
2022-09-01T13:00:00-00:00,2022-09-01T13:15:00-00:00,2022-09-01,07,BERVLLY_6_N001,BERVLLY_6_N001,BERVLLY_6_N001,RTPD,LMP,LMP_PRC,BERVLLY_6_N001,ALL,1,86.86936,1,1
2022-09-01T14:00:00-00:00,2022-09-01T14:15:00-00:00,2022-09-01,08,BERVLLY_6_N001,BERVLLY_6_N001,BERVLLY_6_N001,RTPD,LMP,LMP_PRC,BERVLLY_6_N001,ALL,1,123.16786,1,1
2022-09-01T15:00:00-00:00,2022-09-01T15:15:00-00:00,2022-09-01,09,BERVLLY_6_N001,BERVLLY_6_N001,BERVLLY_6_N001,RTPD,LMP,LMP_PRC,BERVLLY_6_N001,ALL,1,97.4112,1,1
2022-09-01T16:00:00-00:00,2022-09-01T16:15:00-00:00,2022-09-01,10,BERVLLY_6_N001,BERVLLY_6_N001,BERVLLY_6_N001,RTPD,LMP,LMP_PRC,BERVLLY_6_N001,ALL,1,83.43525,1,1
2022-09-01T17:00:00-00:00,2022-09-01T17:15:00-00:00,2022-09-01,11,BERVLLY_6_N001,BERVLLY_6_N001,BERVLLY_6_N001,RTPD,LMP,LMP_PRC,BERVLLY_6_N001,ALL,1,78.67296,1,1
2022-09-01T18:00:00-00:00,2022-09-01T18:15:00-00:00,2022-09-01,12,BERVLLY_6_N001,BERVLLY_6_N001,BERVLLY_6_N001,RTPD,LMP,LMP_PRC,BERVLLY_6_N001,ALL,1,56.00238,1,1
2022-09-01T19:00:00-00:00,2022-09-01T19:15:00-00:00,2022-09-01,13,BERVLLY_6_N001,BERVLLY_6_N001,BERVLLY_6_N001,RTPD,LMP,LMP_PRC,BERVLLY_6_N001,ALL,1,69.94508,1,1
2022-09-01T20:00:00-00:00,2022-09-01T20:15:00-00:00,2022-09-01,14,BERVLLY_6_N001,BERVLLY_6_N001,BERVLLY_6_N001,RTPD,LMP,LMP_PRC,BERVLLY_6_N001,ALL,1,114.08447,1,1
2022-09-01T21:00:00-00:00,2022-09-01T21:15:00-00:00,2022-09-01,15,BERVLLY_6_N001,BERVLLY_6_N001,BERVLLY_6_N001,RTPD,LMP,LMP_PRC,BERVLLY_6_N001,ALL,1,118.59863,1,1
2022-09-01T22:00:00-00:00,2022-09-01T22:15:00-00:00,2022-09-01,16,BERVLLY_6_N001,BERVLLY_6_N001,BERVLLY_6_N001,RTPD,LMP,LMP_PRC,BERVLLY_6_N001,ALL,1,111.74909,1,1
2022-09-01T23:00:00-00:00,2022-09-01T23:15:00-00:00,2022-09-01,17,BERVLLY_6_N001,BERVLLY_6_N001,BERVLLY_6_N001,RTPD,LMP,LMP_PRC,BERVLLY_6_N001,ALL,1,198.10622,1,1
2022-09-02T00:00:00-00:00,2022-09-02T00:15:00-00:00,2022-09-01,18,BERVLLY_6_N001,BERVLLY_6_N001,BERVLLY_6_N001,RTPD,LMP,LMP_PRC,BERVLLY_6_N001,ALL,1,1088.6432,1,1
2022-09-02T01:00:00-00:00,2022-09-02T01:15:00-00:00,2022-09-01,19,BERVLLY_6_N001,BERVLLY_6_N001,BERVLLY_6_N001,RTPD,LMP,LMP_PRC,BERVLLY_6_N001,ALL,1,1248.0167,1,1
2022-09-02T02:00:00-00:00,2022-09-02T02:15:00-00:00,2022-09-01,20,BERVLLY_6_N001,BERVLLY_6_N001,BERVLLY_6_N001,RTPD,LMP,LMP_PRC,BERVLLY_6_N001,ALL,1,1991.6721,1,1
2022-09-02T03:00:00-00:00,2022-09-02T03:15:00-00:00,2022-09-01,21,BERVLLY_6_N001,BERVLLY_6_N001,BERVLLY_6_N001,RTPD,LMP,LMP_PRC,BERVLLY_6_N001,ALL,1,1448.0702,1,1
2022-09-02T04:00:00-00:00,2022-09-02T04:15:00-00:00,2022-09-01,22,BERVLLY_6_N001,BERVLLY_6_N001,BERVLLY_6_N001,RTPD,LMP,LMP_PRC,BERVLLY_6_N001,ALL,1,1290.5065,1,1
2022-09-02T05:00:00-00:00,2022-09-02T05:15:00-00:00,2022-09-01,23,BERVLLY_6_N001,BERVLLY_6_N001,BERVLLY_6_N001,RTPD,LMP,LMP_PRC,BERVLLY_6_N001,ALL,1,197.79636,1,1
2022-09-02T06:00:00-00:00,2022-09-02T06:15:00-00:00,2022-09-01,24,BERVLLY_6_N001,BERVLLY_6_N001,BERVLLY_6_N001,RTPD,LMP,LMP_PRC,BERVLLY_6_N001,ALL,1,313.63794,1,1
2022-09-01T07:15:00-00:00,2022-09-01T07:30:00-00:00,2022-09-01,01,BERVLLY_6_N001,BERVLLY_6_N001,BERVLLY_6_N001,RTPD,LMP,LMP_PRC,BERVLLY_6_N001,ALL,1,114.30351,2,1
2022-09-01T08:15:00-00:00,2022-09-01T08:30:00-00:00,2022-09-01,02,BERVLLY_6_N001,BERVLLY_6_N001,BERVLLY_6_N001,RTPD,LMP,LMP_PRC,BERVLLY_6_N001,ALL,1,114.50465,2,1
2022-09-01T09:15:00-00:00,2022-09-01T09:30:00-00:00,2022-09-01,03,BERVLLY_6_N001,BERVLLY_6_N001,BERVLLY_6_N001,RTPD,LMP,LMP_PRC,BERVLLY_6_N001,ALL,1,102.92392,2,1
2022-09-01T10:15:00-00:00,2022-09-01T10:30:00-00:00,2022-09-01,04,BERVLLY_6_N001,BERVLLY_6_N001,BERVLLY_6_N001,RTPD,LMP,LMP_PRC,BERVLLY_6_N001,ALL,1,101.78081,2,1
2022-09-01T11:15:00-00:00,2022-09-01T11:30:00-00:00,2022-09-01,05,BERVLLY_6_N001,BERVLLY_6_N001,BERVLLY_6_N001,RTPD,LMP,LMP_PRC,BERVLLY_6_N001,ALL,1,115.8429,2,1
2022-09-01T12:15:00-00:00,2022-09-01T12:30:00-00:00,2022-09-01,06,BERVLLY_6_N001,BERVLLY_6_N001,BERVLLY_6_N001,RTPD,LMP,LMP_PRC,BERVLLY_6_N001,ALL,1,118.35637,2,1
2022-09-01T13:15:00-00:00,2022-09-01T13:30:00-00:00,2022-09-01,07,BERVLLY_6_N001,BERVLLY_6_N001,BERVLLY_6_N001,RTPD,LMP,LMP_PRC,BERVLLY_6_N001,ALL,1,122.15912,2,1
2022-09-01T14:15:00-00:00,2022-09-01T14:30:00-00:00,2022-09-01,08,BERVLLY_6_N001,BERVLLY_6_N001,BERVLLY_6_N001,RTPD,LMP,LMP_PRC,BERVLLY_6_N001,ALL,1,114.95182,2,1
2022-09-01T15:15:00-00:00,2022-09-01T15:30:00-00:00,2022-09-01,09,BERVLLY_6_N001,BERVLLY_6_N001,BERVLLY_6_N001,RTPD,LMP,LMP_PRC,BERVLLY_6_N001,ALL,1,86.9388,2,1
2022-09-01T16:15:00-00:00,2022-09-01T16:30:00-00:00,2022-09-01,10,BERVLLY_6_N001,BERVLLY_6_N001,BERVLLY_6_N001,RTPD,LMP,LMP_PRC,BERVLLY_6_N001,ALL,1,87.64621,2,1
2022-09-01T17:15:00-00:00,2022-09-01T17:30:00-00:00,2022-09-01,11,BERVLLY_6_N001,BERVLLY_6_N001,BERVLLY_6_N001,RTPD,LMP,LMP_PRC,BERVLLY_6_N001,ALL,1,76.98817,2,1
2022-09-01T18:15:00-00:00,2022-09-01T18:30:00-00:00,2022-09-01,12,BERVLLY_6_N001,BERVLLY_6_N001,BERVLLY_6_N001,RTPD,LMP,LMP_PRC,BERVLLY_6_N001,ALL,1,72.17751,2,1
2022-09-01T19:15:00-00:00,2022-09-01T19:30:00-00:00,2022-09-01,13,BERVLLY_6_N001,BERVLLY_6_N001,BERVLLY_6_N001,RTPD,LMP,LMP_PRC,BERVLLY_6_N001,ALL,1,72.9835,2,1
2022-09-01T20:15:00-00:00,2022-09-01T20:30:00-00:00,2022-09-01,14,BERVLLY_6_N001,BERVLLY_6_N001,BERVLLY_6_N001,RTPD,LMP,LMP_PRC,BERVLLY_6_N001,ALL,1,114.0357,2,1
2022-09-01T21:15:00-00:00,2022-09-01T21:30:00-00:00,2022-09-01,15,BERVLLY_6_N001,BERVLLY_6_N001,BERVLLY_6_N001,RTPD,LMP,LMP_PRC,BERVLLY_6_N001,ALL,1,118.01981,2,1
2022-09-01T22:15:00-00:00,2022-09-01T22:30:00-00:00,2022-09-01,16,BERVLLY_6_N001,BERVLLY_6_N001,BERVLLY_6_N001,RTPD,LMP,LMP_PRC,BERVLLY_6_N001,ALL,1,128.2263,2,1
2022-09-01T23:15:00-00:00,2022-09-01T23:30:00-00:00,2022-09-01,17,BERVLLY_6_N001,BERVLLY_6_N001,BERVLLY_6_N001,RTPD,LMP,LMP_PRC,BERVLLY_6_N001,ALL,1,249.94072,2,1
2022-09-02T00:15:00-00:00,2022-09-02T00:30:00-00:00,2022-09-01,18,BERVLLY_6_N001,BERVLLY_6_N001,BERVLLY_6_N001,RTPD,LMP,LMP_PRC,BERVLLY_6_N001,ALL,1,1036.4515,2,1
2022-09-02T01:15:00-00:00,2022-09-02T01:30:00-00:00,2022-09-01,19,BERVLLY_6_N001,BERVLLY_6_N001,BERVLLY_6_N001,RTPD,LMP,LMP_PRC,BERVLLY_6_N001,ALL,1,1999.9933,2,1
2022-09-02T02:15:00-00:00,2022-09-02T02:30:00-00:00,2022-09-01,20,BERVLLY_6_N001,BERVLLY_6_N001,BERVLLY_6_N001,RTPD,LMP,LMP_PRC,BERVLLY_6_N001,ALL,1,1991.6721,2,1
2022-09-02T03:15:00-00:00,2022-09-02T03:30:00-00:00,2022-09-01,21,BERVLLY_6_N001,BERVLLY_6_N001,BERVLLY_6_N001,RTPD,LMP,LMP_PRC,BERVLLY_6_N001,ALL,1,597.2664,2,1
2022-09-02T04:15:00-00:00,2022-09-02T04:30:00-00:00,2022-09-01,22,BERVLLY_6_N001,BERVLLY_6_N001,BERVLLY_6_N001,RTPD,LMP,LMP_PRC,BERVLLY_6_N001,ALL,1,1165.6969,2,1
2022-09-02T05:15:00-00:00,2022-09-02T05:30:00-00:00,2022-09-01,23,BERVLLY_6_N001,BERVLLY_6_N001,BERVLLY_6_N001,RTPD,LMP,LMP_PRC,BERVLLY_6_N001,ALL,1,171.92055,2,1
2022-09-02T06:15:00-00:00,2022-09-02T06:30:00-00:00,2022-09-01,24,BERVLLY_6_N001,BERVLLY_6_N001,BERVLLY_6_N001,RTPD,LMP,LMP_PRC,BERVLLY_6_N001,ALL,1,162.84837,2,1
2022-09-01T07:30:00-00:00,2022-09-01T07:45:00-00:00,2022-09-01,01,BERVLLY_6_N001,BERVLLY_6_N001,BERVLLY_6_N001,RTPD,LMP,LMP_PRC,BERVLLY_6_N001,ALL,1,100.84251,3,1
2022-09-01T08:30:00-00:00,2022-09-01T08:45:00-00:00,2022-09-01,02,BERVLLY_6_N001,BERVLLY_6_N001,BERVLLY_6_N001,RTPD,LMP,LMP_PRC,BERVLLY_6_N001,ALL,1,124.57826,3,1
2022-09-01T09:30:00-00:00,2022-09-01T09:45:00-00:00,2022-09-01,03,BERVLLY_6_N001,BERVLLY_6_N001,BERVLLY_6_N001,RTPD,LMP,LMP_PRC,BERVLLY_6_N001,ALL,1,102.55243,3,1
2022-09-01T10:30:00-00:00,2022-09-01T10:45:00-00:00,2022-09-01,04,BERVLLY_6_N001,BERVLLY_6_N001,BERVLLY_6_N001,RTPD,LMP,LMP_PRC,BERVLLY_6_N001,ALL,1,103.56936,3,1
2022-09-01T11:30:00-00:00,2022-09-01T11:45:00-00:00,2022-09-01,05,BERVLLY_6_N001,BERVLLY_6_N001,BERVLLY_6_N001,RTPD,LMP,LMP_PRC,BERVLLY_6_N001,ALL,1,115.98595,3,1
2022-09-01T12:30:00-00:00,2022-09-01T12:45:00-00:00,2022-09-01,06,BERVLLY_6_N001,BERVLLY_6_N001,BERVLLY_6_N001,RTPD,LMP,LMP_PRC,BERVLLY_6_N001,ALL,1,117.10627,3,1
2022-09-01T13:30:00-00:00,2022-09-01T13:45:00-00:00,2022-09-01,07,BERVLLY_6_N001,BERVLLY_6_N001,BERVLLY_6_N001,RTPD,LMP,LMP_PRC,BERVLLY_6_N001,ALL,1,123.46407,3,1
2022-09-01T14:30:00-00:00,2022-09-01T14:45:00-00:00,2022-09-01,08,BERVLLY_6_N001,BERVLLY_6_N001,BERVLLY_6_N001,RTPD,LMP,LMP_PRC,BERVLLY_6_N001,ALL,1,111.05028,3,1
2022-09-01T15:30:00-00:00,2022-09-01T15:45:00-00:00,2022-09-01,09,BERVLLY_6_N001,BERVLLY_6_N001,BERVLLY_6_N001,RTPD,LMP,LMP_PRC,BERVLLY_6_N001,ALL,1,86.1388,3,1
2022-09-01T16:30:00-00:00,2022-09-01T16:45:00-00:00,2022-09-01,10,BERVLLY_6_N001,BERVLLY_6_N001,BERVLLY_6_N001,RTPD,LMP,LMP_PRC,BERVLLY_6_N001,ALL,1,73.71251,3,1
2022-09-01T17:30:00-00:00,2022-09-01T17:45:00-00:00,2022-09-01,11,BERVLLY_6_N001,BERVLLY_6_N001,BERVLLY_6_N001,RTPD,LMP,LMP_PRC,BERVLLY_6_N001,ALL,1,76.70029,3,1
2022-09-01T18:30:00-00:00,2022-09-01T18:45:00-00:00,2022-09-01,12,BERVLLY_6_N001,BERVLLY_6_N001,BERVLLY_6_N001,RTPD,LMP,LMP_PRC,BERVLLY_6_N001,ALL,1,76.84879,3,1
2022-09-01T19:30:00-00:00,2022-09-01T19:45:00-00:00,2022-09-01,13,BERVLLY_6_N001,BERVLLY_6_N001,BERVLLY_6_N001,RTPD,LMP,LMP_PRC,BERVLLY_6_N001,ALL,1,100.18756,3,1
2022-09-01T20:30:00-00:00,2022-09-01T20:45:00-00:00,2022-09-01,14,BERVLLY_6_N001,BERVLLY_6_N001,BERVLLY_6_N001,RTPD,LMP,LMP_PRC,BERVLLY_6_N001,ALL,1,115.86167,3,1
2022-09-01T21:30:00-00:00,2022-09-01T21:45:00-00:00,2022-09-01,15,BERVLLY_6_N001,BERVLLY_6_N001,BERVLLY_6_N001,RTPD,LMP,LMP_PRC,BERVLLY_6_N001,ALL,1,126.11338,3,1
2022-09-01T22:30:00-00:00,2022-09-01T22:45:00-00:00,2022-09-01,16,BERVLLY_6_N001,BERVLLY_6_N001,BERVLLY_6_N001,RTPD,LMP,LMP_PRC,BERVLLY_6_N001,ALL,1,145.16203,3,1
2022-09-01T23:30:00-00:00,2022-09-01T23:45:00-00:00,2022-09-01,17,BERVLLY_6_N001,BERVLLY_6_N001,BERVLLY_6_N001,RTPD,LMP,LMP_PRC,BERVLLY_6_N001,ALL,1,584.19147,3,1
2022-09-02T00:30:00-00:00,2022-09-02T00:45:00-00:00,2022-09-01,18,BERVLLY_6_N001,BERVLLY_6_N001,BERVLLY_6_N001,RTPD,LMP,LMP_PRC,BERVLLY_6_N001,ALL,1,1744.5677,3,1
2022-09-02T01:30:00-00:00,2022-09-02T01:45:00-00:00,2022-09-01,19,BERVLLY_6_N001,BERVLLY_6_N001,BERVLLY_6_N001,RTPD,LMP,LMP_PRC,BERVLLY_6_N001,ALL,1,1999.9956,3,1
2022-09-02T02:30:00-00:00,2022-09-02T02:45:00-00:00,2022-09-01,20,BERVLLY_6_N001,BERVLLY_6_N001,BERVLLY_6_N001,RTPD,LMP,LMP_PRC,BERVLLY_6_N001,ALL,1,1991.671,3,1
2022-09-02T03:30:00-00:00,2022-09-02T03:45:00-00:00,2022-09-01,21,BERVLLY_6_N001,BERVLLY_6_N001,BERVLLY_6_N001,RTPD,LMP,LMP_PRC,BERVLLY_6_N001,ALL,1,237.02292,3,1
2022-09-02T04:30:00-00:00,2022-09-02T04:45:00-00:00,2022-09-01,22,BERVLLY_6_N001,BERVLLY_6_N001,BERVLLY_6_N001,RTPD,LMP,LMP_PRC,BERVLLY_6_N001,ALL,1,689.8001,3,1
2022-09-02T05:30:00-00:00,2022-09-02T05:45:00-00:00,2022-09-01,23,BERVLLY_6_N001,BERVLLY_6_N001,BERVLLY_6_N001,RTPD,LMP,LMP_PRC,BERVLLY_6_N001,ALL,1,144.55301,3,1
2022-09-02T06:30:00-00:00,2022-09-02T06:45:00-00:00,2022-09-01,24,BERVLLY_6_N001,BERVLLY_6_N001,BERVLLY_6_N001,RTPD,LMP,LMP_PRC,BERVLLY_6_N001,ALL,1,147.1356,3,1
2022-09-01T07:45:00-00:00,2022-09-01T08:00:00-00:00,2022-09-01,01,BERVLLY_6_N001,BERVLLY_6_N001,BERVLLY_6_N001,RTPD,LMP,LMP_PRC,BERVLLY_6_N001,ALL,1,88.43322,4,1
2022-09-01T08:45:00-00:00,2022-09-01T09:00:00-00:00,2022-09-01,02,BERVLLY_6_N001,BERVLLY_6_N001,BERVLLY_6_N001,RTPD,LMP,LMP_PRC,BERVLLY_6_N001,ALL,1,104.73407,4,1
2022-09-01T09:45:00-00:00,2022-09-01T10:00:00-00:00,2022-09-01,03,BERVLLY_6_N001,BERVLLY_6_N001,BERVLLY_6_N001,RTPD,LMP,LMP_PRC,BERVLLY_6_N001,ALL,1,102.04786,4,1
2022-09-01T10:45:00-00:00,2022-09-01T11:00:00-00:00,2022-09-01,04,BERVLLY_6_N001,BERVLLY_6_N001,BERVLLY_6_N001,RTPD,LMP,LMP_PRC,BERVLLY_6_N001,ALL,1,103.47314,4,1
2022-09-01T11:45:00-00:00,2022-09-01T12:00:00-00:00,2022-09-01,05,BERVLLY_6_N001,BERVLLY_6_N001,BERVLLY_6_N001,RTPD,LMP,LMP_PRC,BERVLLY_6_N001,ALL,1,107.01,4,1
2022-09-01T12:45:00-00:00,2022-09-01T13:00:00-00:00,2022-09-01,06,BERVLLY_6_N001,BERVLLY_6_N001,BERVLLY_6_N001,RTPD,LMP,LMP_PRC,BERVLLY_6_N001,ALL,1,113.83795,4,1
2022-09-01T13:45:00-00:00,2022-09-01T14:00:00-00:00,2022-09-01,07,BERVLLY_6_N001,BERVLLY_6_N001,BERVLLY_6_N001,RTPD,LMP,LMP_PRC,BERVLLY_6_N001,ALL,1,111.41,4,1
2022-09-01T14:45:00-00:00,2022-09-01T15:00:00-00:00,2022-09-01,08,BERVLLY_6_N001,BERVLLY_6_N001,BERVLLY_6_N001,RTPD,LMP,LMP_PRC,BERVLLY_6_N001,ALL,1,86.1388,4,1
2022-09-01T15:45:00-00:00,2022-09-01T16:00:00-00:00,2022-09-01,09,BERVLLY_6_N001,BERVLLY_6_N001,BERVLLY_6_N001,RTPD,LMP,LMP_PRC,BERVLLY_6_N001,ALL,1,78.70076,4,1
2022-09-01T16:45:00-00:00,2022-09-01T17:00:00-00:00,2022-09-01,10,BERVLLY_6_N001,BERVLLY_6_N001,BERVLLY_6_N001,RTPD,LMP,LMP_PRC,BERVLLY_6_N001,ALL,1,77.66504,4,1
2022-09-01T17:45:00-00:00,2022-09-01T18:00:00-00:00,2022-09-01,11,BERVLLY_6_N001,BERVLLY_6_N001,BERVLLY_6_N001,RTPD,LMP,LMP_PRC,BERVLLY_6_N001,ALL,1,77.12091,4,1
2022-09-01T18:45:00-00:00,2022-09-01T19:00:00-00:00,2022-09-01,12,BERVLLY_6_N001,BERVLLY_6_N001,BERVLLY_6_N001,RTPD,LMP,LMP_PRC,BERVLLY_6_N001,ALL,1,78.94788,4,1
2022-09-01T19:45:00-00:00,2022-09-01T20:00:00-00:00,2022-09-01,13,BERVLLY_6_N001,BERVLLY_6_N001,BERVLLY_6_N001,RTPD,LMP,LMP_PRC,BERVLLY_6_N001,ALL,1,105.19529,4,1
2022-09-01T20:45:00-00:00,2022-09-01T21:00:00-00:00,2022-09-01,14,BERVLLY_6_N001,BERVLLY_6_N001,BERVLLY_6_N001,RTPD,LMP,LMP_PRC,BERVLLY_6_N001,ALL,1,123.15173,4,1
2022-09-01T21:45:00-00:00,2022-09-01T22:00:00-00:00,2022-09-01,15,BERVLLY_6_N001,BERVLLY_6_N001,BERVLLY_6_N001,RTPD,LMP,LMP_PRC,BERVLLY_6_N001,ALL,1,202.51105,4,1
2022-09-01T22:45:00-00:00,2022-09-01T23:00:00-00:00,2022-09-01,16,BERVLLY_6_N001,BERVLLY_6_N001,BERVLLY_6_N001,RTPD,LMP,LMP_PRC,BERVLLY_6_N001,ALL,1,149.58536,4,1
2022-09-01T23:45:00-00:00,2022-09-02T00:00:00-00:00,2022-09-01,17,BERVLLY_6_N001,BERVLLY_6_N001,BERVLLY_6_N001,RTPD,LMP,LMP_PRC,BERVLLY_6_N001,ALL,1,1623.0952,4,1
2022-09-02T00:45:00-00:00,2022-09-02T01:00:00-00:00,2022-09-01,18,BERVLLY_6_N001,BERVLLY_6_N001,BERVLLY_6_N001,RTPD,LMP,LMP_PRC,BERVLLY_6_N001,ALL,1,1780.724,4,1
2022-09-02T01:45:00-00:00,2022-09-02T02:00:00-00:00,2022-09-01,19,BERVLLY_6_N001,BERVLLY_6_N001,BERVLLY_6_N001,RTPD,LMP,LMP_PRC,BERVLLY_6_N001,ALL,1,1991.9337,4,1
2022-09-02T02:45:00-00:00,2022-09-02T03:00:00-00:00,2022-09-01,20,BERVLLY_6_N001,BERVLLY_6_N001,BERVLLY_6_N001,RTPD,LMP,LMP_PRC,BERVLLY_6_N001,ALL,1,1953.659,4,1
2022-09-02T03:45:00-00:00,2022-09-02T04:00:00-00:00,2022-09-01,21,BERVLLY_6_N001,BERVLLY_6_N001,BERVLLY_6_N001,RTPD,LMP,LMP_PRC,BERVLLY_6_N001,ALL,1,171.45963,4,1
2022-09-02T04:45:00-00:00,2022-09-02T05:00:00-00:00,2022-09-01,22,BERVLLY_6_N001,BERVLLY_6_N001,BERVLLY_6_N001,RTPD,LMP,LMP_PRC,BERVLLY_6_N001,ALL,1,149.0402,4,1
2022-09-02T05:45:00-00:00,2022-09-02T06:00:00-00:00,2022-09-01,23,BERVLLY_6_N001,BERVLLY_6_N001,BERVLLY_6_N001,RTPD,LMP,LMP_PRC,BERVLLY_6_N001,ALL,1,284.04996,4,1
2022-09-02T06:45:00-00:00,2022-09-02T07:00:00-00:00,2022-09-01,24,BERVLLY_6_N001,BERVLLY_6_N001,BERVLLY_6_N001,RTPD,LMP,LMP_PRC,BERVLLY_6_N001,ALL,1,123.84739,4,1
2022-09-01T07:00:00-00:00,2022-09-01T07:15:00-00:00,2022-09-01,01,BERVLLY_6_N001,BERVLLY_6_N001,BERVLLY_6_N001,RTPD,MCC,LMP_CONG_PRC,BERVLLY_6_N001,ALL,1,-23.4979,1,2
2022-09-01T08:00:00-00:00,2022-09-01T08:15:00-00:00,2022-09-01,02,BERVLLY_6_N001,BERVLLY_6_N001,BERVLLY_6_N001,RTPD,MCC,LMP_CONG_PRC,BERVLLY_6_N001,ALL,1,-3.75431,1,2
2022-09-01T09:00:00-00:00,2022-09-01T09:15:00-00:00,2022-09-01,03,BERVLLY_6_N001,BERVLLY_6_N001,BERVLLY_6_N001,RTPD,MCC,LMP_CONG_PRC,BERVLLY_6_N001,ALL,1,-5.03036,1,2
2022-09-01T10:00:00-00:00,2022-09-01T10:15:00-00:00,2022-09-01,04,BERVLLY_6_N001,BERVLLY_6_N001,BERVLLY_6_N001,RTPD,MCC,LMP_CONG_PRC,BERVLLY_6_N001,ALL,1,-4.37304,1,2
2022-09-01T11:00:00-00:00,2022-09-01T11:15:00-00:00,2022-09-01,05,BERVLLY_6_N001,BERVLLY_6_N001,BERVLLY_6_N001,RTPD,MCC,LMP_CONG_PRC,BERVLLY_6_N001,ALL,1,0,1,2
2022-09-01T12:00:00-00:00,2022-09-01T12:15:00-00:00,2022-09-01,06,BERVLLY_6_N001,BERVLLY_6_N001,BERVLLY_6_N001,RTPD,MCC,LMP_CONG_PRC,BERVLLY_6_N001,ALL,1,-11.22366,1,2
2022-09-01T13:00:00-00:00,2022-09-01T13:15:00-00:00,2022-09-01,07,BERVLLY_6_N001,BERVLLY_6_N001,BERVLLY_6_N001,RTPD,MCC,LMP_CONG_PRC,BERVLLY_6_N001,ALL,1,-14.93942,1,2
2022-09-01T14:00:00-00:00,2022-09-01T14:15:00-00:00,2022-09-01,08,BERVLLY_6_N001,BERVLLY_6_N001,BERVLLY_6_N001,RTPD,MCC,LMP_CONG_PRC,BERVLLY_6_N001,ALL,1,0,1,2
2022-09-01T15:00:00-00:00,2022-09-01T15:15:00-00:00,2022-09-01,09,BERVLLY_6_N001,BERVLLY_6_N001,BERVLLY_6_N001,RTPD,MCC,LMP_CONG_PRC,BERVLLY_6_N001,ALL,1,0,1,2
2022-09-01T16:00:00-00:00,2022-09-01T16:15:00-00:00,2022-09-01,10,BERVLLY_6_N001,BERVLLY_6_N001,BERVLLY_6_N001,RTPD,MCC,LMP_CONG_PRC,BERVLLY_6_N001,ALL,1,0,1,2
2022-09-01T17:00:00-00:00,2022-09-01T17:15:00-00:00,2022-09-01,11,BERVLLY_6_N001,BERVLLY_6_N001,BERVLLY_6_N001,RTPD,MCC,LMP_CONG_PRC,BERVLLY_6_N001,ALL,1,-18.27602,1,2
2022-09-01T18:00:00-00:00,2022-09-01T18:15:00-00:00,2022-09-01,12,BERVLLY_6_N001,BERVLLY_6_N001,BERVLLY_6_N001,RTPD,MCC,LMP_CONG_PRC,BERVLLY_6_N001,ALL,1,-35.59053,1,2
2022-09-01T19:00:00-00:00,2022-09-01T19:15:00-00:00,2022-09-01,13,BERVLLY_6_N001,BERVLLY_6_N001,BERVLLY_6_N001,RTPD,MCC,LMP_CONG_PRC,BERVLLY_6_N001,ALL,1,-39.25129,1,2
2022-09-01T20:00:00-00:00,2022-09-01T20:15:00-00:00,2022-09-01,14,BERVLLY_6_N001,BERVLLY_6_N001,BERVLLY_6_N001,RTPD,MCC,LMP_CONG_PRC,BERVLLY_6_N001,ALL,1,-3.85912,1,2
2022-09-01T21:00:00-00:00,2022-09-01T21:15:00-00:00,2022-09-01,15,BERVLLY_6_N001,BERVLLY_6_N001,BERVLLY_6_N001,RTPD,MCC,LMP_CONG_PRC,BERVLLY_6_N001,ALL,1,-108.01636,1,2
2022-09-01T22:00:00-00:00,2022-09-01T22:15:00-00:00,2022-09-01,16,BERVLLY_6_N001,BERVLLY_6_N001,BERVLLY_6_N001,RTPD,MCC,LMP_CONG_PRC,BERVLLY_6_N001,ALL,1,-117.43641,1,2
2022-09-01T23:00:00-00:00,2022-09-01T23:15:00-00:00,2022-09-01,17,BERVLLY_6_N001,BERVLLY_6_N001,BERVLLY_6_N001,RTPD,MCC,LMP_CONG_PRC,BERVLLY_6_N001,ALL,1,-188.64748,1,2
2022-09-02T00:00:00-00:00,2022-09-02T00:15:00-00:00,2022-09-01,18,BERVLLY_6_N001,BERVLLY_6_N001,BERVLLY_6_N001,RTPD,MCC,LMP_CONG_PRC,BERVLLY_6_N001,ALL,1,302.65018,1,2
2022-09-02T01:00:00-00:00,2022-09-02T01:15:00-00:00,2022-09-01,19,BERVLLY_6_N001,BERVLLY_6_N001,BERVLLY_6_N001,RTPD,MCC,LMP_CONG_PRC,BERVLLY_6_N001,ALL,1,331.74542,1,2
2022-09-02T02:00:00-00:00,2022-09-02T02:15:00-00:00,2022-09-01,20,BERVLLY_6_N001,BERVLLY_6_N001,BERVLLY_6_N001,RTPD,MCC,LMP_CONG_PRC,BERVLLY_6_N001,ALL,1,0,1,2
2022-09-02T03:00:00-00:00,2022-09-02T03:15:00-00:00,2022-09-01,21,BERVLLY_6_N001,BERVLLY_6_N001,BERVLLY_6_N001,RTPD,MCC,LMP_CONG_PRC,BERVLLY_6_N001,ALL,1,415.18326,1,2
2022-09-02T04:00:00-00:00,2022-09-02T04:15:00-00:00,2022-09-01,22,BERVLLY_6_N001,BERVLLY_6_N001,BERVLLY_6_N001,RTPD,MCC,LMP_CONG_PRC,BERVLLY_6_N001,ALL,1,991.0369,1,2
2022-09-02T05:00:00-00:00,2022-09-02T05:15:00-00:00,2022-09-01,23,BERVLLY_6_N001,BERVLLY_6_N001,BERVLLY_6_N001,RTPD,MCC,LMP_CONG_PRC,BERVLLY_6_N001,ALL,1,0,1,2
2022-09-02T06:00:00-00:00,2022-09-02T06:15:00-00:00,2022-09-01,24,BERVLLY_6_N001,BERVLLY_6_N001,BERVLLY_6_N001,RTPD,MCC,LMP_CONG_PRC,BERVLLY_6_N001,ALL,1,133.02203,1,2
2022-09-01T07:15:00-00:00,2022-09-01T07:30:00-00:00,2022-09-01,01,BERVLLY_6_N001,BERVLLY_6_N001,BERVLLY_6_N001,RTPD,MCC,LMP_CONG_PRC,BERVLLY_6_N001,ALL,1,-11.24793,2,2
2022-09-01T08:15:00-00:00,2022-09-01T08:30:00-00:00,2022-09-01,02,BERVLLY_6_N001,BERVLLY_6_N001,BERVLLY_6_N001,RTPD,MCC,LMP_CONG_PRC,BERVLLY_6_N001,ALL,1,-1.027,2,2
2022-09-01T09:15:00-00:00,2022-09-01T09:30:00-00:00,2022-09-01,03,BERVLLY_6_N001,BERVLLY_6_N001,BERVLLY_6_N001,RTPD,MCC,LMP_CONG_PRC,BERVLLY_6_N001,ALL,1,-6.62766,2,2
2022-09-01T10:15:00-00:00,2022-09-01T10:30:00-00:00,2022-09-01,04,BERVLLY_6_N001,BERVLLY_6_N001,BERVLLY_6_N001,RTPD,MCC,LMP_CONG_PRC,BERVLLY_6_N001,ALL,1,-6.1878,2,2
2022-09-01T11:15:00-00:00,2022-09-01T11:30:00-00:00,2022-09-01,05,BERVLLY_6_N001,BERVLLY_6_N001,BERVLLY_6_N001,RTPD,MCC,LMP_CONG_PRC,BERVLLY_6_N001,ALL,1,0,2,2
2022-09-01T12:15:00-00:00,2022-09-01T12:30:00-00:00,2022-09-01,06,BERVLLY_6_N001,BERVLLY_6_N001,BERVLLY_6_N001,RTPD,MCC,LMP_CONG_PRC,BERVLLY_6_N001,ALL,1,-6.86109,2,2
2022-09-01T13:15:00-00:00,2022-09-01T13:30:00-00:00,2022-09-01,07,BERVLLY_6_N001,BERVLLY_6_N001,BERVLLY_6_N001,RTPD,MCC,LMP_CONG_PRC,BERVLLY_6_N001,ALL,1,-0.63834,2,2
2022-09-01T14:15:00-00:00,2022-09-01T14:30:00-00:00,2022-09-01,08,BERVLLY_6_N001,BERVLLY_6_N001,BERVLLY_6_N001,RTPD,MCC,LMP_CONG_PRC,BERVLLY_6_N001,ALL,1,0,2,2
2022-09-01T15:15:00-00:00,2022-09-01T15:30:00-00:00,2022-09-01,09,BERVLLY_6_N001,BERVLLY_6_N001,BERVLLY_6_N001,RTPD,MCC,LMP_CONG_PRC,BERVLLY_6_N001,ALL,1,0,2,2
2022-09-01T16:15:00-00:00,2022-09-01T16:30:00-00:00,2022-09-01,10,BERVLLY_6_N001,BERVLLY_6_N001,BERVLLY_6_N001,RTPD,MCC,LMP_CONG_PRC,BERVLLY_6_N001,ALL,1,-1.80237,2,2
2022-09-01T17:15:00-00:00,2022-09-01T17:30:00-00:00,2022-09-01,11,BERVLLY_6_N001,BERVLLY_6_N001,BERVLLY_6_N001,RTPD,MCC,LMP_CONG_PRC,BERVLLY_6_N001,ALL,1,-22.35855,2,2
2022-09-01T18:15:00-00:00,2022-09-01T18:30:00-00:00,2022-09-01,12,BERVLLY_6_N001,BERVLLY_6_N001,BERVLLY_6_N001,RTPD,MCC,LMP_CONG_PRC,BERVLLY_6_N001,ALL,1,-28.9815,2,2
2022-09-01T19:15:00-00:00,2022-09-01T19:30:00-00:00,2022-09-01,13,BERVLLY_6_N001,BERVLLY_6_N001,BERVLLY_6_N001,RTPD,MCC,LMP_CONG_PRC,BERVLLY_6_N001,ALL,1,-32.32238,2,2
2022-09-01T20:15:00-00:00,2022-09-01T20:30:00-00:00,2022-09-01,14,BERVLLY_6_N001,BERVLLY_6_N001,BERVLLY_6_N001,RTPD,MCC,LMP_CONG_PRC,BERVLLY_6_N001,ALL,1,-3.4585,2,2
2022-09-01T21:15:00-00:00,2022-09-01T21:30:00-00:00,2022-09-01,15,BERVLLY_6_N001,BERVLLY_6_N001,BERVLLY_6_N001,RTPD,MCC,LMP_CONG_PRC,BERVLLY_6_N001,ALL,1,-29.19204,2,2
2022-09-01T22:15:00-00:00,2022-09-01T22:30:00-00:00,2022-09-01,16,BERVLLY_6_N001,BERVLLY_6_N001,BERVLLY_6_N001,RTPD,MCC,LMP_CONG_PRC,BERVLLY_6_N001,ALL,1,-128.36102,2,2
2022-09-01T23:15:00-00:00,2022-09-01T23:30:00-00:00,2022-09-01,17,BERVLLY_6_N001,BERVLLY_6_N001,BERVLLY_6_N001,RTPD,MCC,LMP_CONG_PRC,BERVLLY_6_N001,ALL,1,-112.18337,2,2
2022-09-02T00:15:00-00:00,2022-09-02T00:30:00-00:00,2022-09-01,18,BERVLLY_6_N001,BERVLLY_6_N001,BERVLLY_6_N001,RTPD,MCC,LMP_CONG_PRC,BERVLLY_6_N001,ALL,1,330.09564,2,2
2022-09-02T01:15:00-00:00,2022-09-02T01:30:00-00:00,2022-09-01,19,BERVLLY_6_N001,BERVLLY_6_N001,BERVLLY_6_N001,RTPD,MCC,LMP_CONG_PRC,BERVLLY_6_N001,ALL,1,0,2,2
2022-09-02T02:15:00-00:00,2022-09-02T02:30:00-00:00,2022-09-01,20,BERVLLY_6_N001,BERVLLY_6_N001,BERVLLY_6_N001,RTPD,MCC,LMP_CONG_PRC,BERVLLY_6_N001,ALL,1,0,2,2
2022-09-02T03:15:00-00:00,2022-09-02T03:30:00-00:00,2022-09-01,21,BERVLLY_6_N001,BERVLLY_6_N001,BERVLLY_6_N001,RTPD,MCC,LMP_CONG_PRC,BERVLLY_6_N001,ALL,1,148.63403,2,2
2022-09-02T04:15:00-00:00,2022-09-02T04:30:00-00:00,2022-09-01,22,BERVLLY_6_N001,BERVLLY_6_N001,BERVLLY_6_N001,RTPD,MCC,LMP_CONG_PRC,BERVLLY_6_N001,ALL,1,906.0428,2,2
2022-09-02T05:15:00-00:00,2022-09-02T05:30:00-00:00,2022-09-01,23,BERVLLY_6_N001,BERVLLY_6_N001,BERVLLY_6_N001,RTPD,MCC,LMP_CONG_PRC,BERVLLY_6_N001,ALL,1,0,2,2
2022-09-02T06:15:00-00:00,2022-09-02T06:30:00-00:00,2022-09-01,24,BERVLLY_6_N001,BERVLLY_6_N001,BERVLLY_6_N001,RTPD,MCC,LMP_CONG_PRC,BERVLLY_6_N001,ALL,1,0,2,2
2022-09-01T07:30:00-00:00,2022-09-01T07:45:00-00:00,2022-09-01,01,BERVLLY_6_N001,BERVLLY_6_N001,BERVLLY_6_N001,RTPD,MCC,LMP_CONG_PRC,BERVLLY_6_N001,ALL,1,-18.18945,3,2
2022-09-01T08:30:00-00:00,2022-09-01T08:45:00-00:00,2022-09-01,02,BERVLLY_6_N001,BERVLLY_6_N001,BERVLLY_6_N001,RTPD,MCC,LMP_CONG_PRC,BERVLLY_6_N001,ALL,1,-0.00097,3,2
2022-09-01T09:30:00-00:00,2022-09-01T09:45:00-00:00,2022-09-01,03,BERVLLY_6_N001,BERVLLY_6_N001,BERVLLY_6_N001,RTPD,MCC,LMP_CONG_PRC,BERVLLY_6_N001,ALL,1,-6.55494,3,2
2022-09-01T10:30:00-00:00,2022-09-01T10:45:00-00:00,2022-09-01,04,BERVLLY_6_N001,BERVLLY_6_N001,BERVLLY_6_N001,RTPD,MCC,LMP_CONG_PRC,BERVLLY_6_N001,ALL,1,-3.49875,3,2
2022-09-01T11:30:00-00:00,2022-09-01T11:45:00-00:00,2022-09-01,05,BERVLLY_6_N001,BERVLLY_6_N001,BERVLLY_6_N001,RTPD,MCC,LMP_CONG_PRC,BERVLLY_6_N001,ALL,1,0,3,2
2022-09-01T12:30:00-00:00,2022-09-01T12:45:00-00:00,2022-09-01,06,BERVLLY_6_N001,BERVLLY_6_N001,BERVLLY_6_N001,RTPD,MCC,LMP_CONG_PRC,BERVLLY_6_N001,ALL,1,-11.87975,3,2
2022-09-01T13:30:00-00:00,2022-09-01T13:45:00-00:00,2022-09-01,07,BERVLLY_6_N001,BERVLLY_6_N001,BERVLLY_6_N001,RTPD,MCC,LMP_CONG_PRC,BERVLLY_6_N001,ALL,1,0,3,2
2022-09-01T14:30:00-00:00,2022-09-01T14:45:00-00:00,2022-09-01,08,BERVLLY_6_N001,BERVLLY_6_N001,BERVLLY_6_N001,RTPD,MCC,LMP_CONG_PRC,BERVLLY_6_N001,ALL,1,0,3,2
2022-09-01T15:30:00-00:00,2022-09-01T15:45:00-00:00,2022-09-01,09,BERVLLY_6_N001,BERVLLY_6_N001,BERVLLY_6_N001,RTPD,MCC,LMP_CONG_PRC,BERVLLY_6_N001,ALL,1,0,3,2
2022-09-01T16:30:00-00:00,2022-09-01T16:45:00-00:00,2022-09-01,10,BERVLLY_6_N001,BERVLLY_6_N001,BERVLLY_6_N001,RTPD,MCC,LMP_CONG_PRC,BERVLLY_6_N001,ALL,1,-15.08393,3,2
2022-09-01T17:30:00-00:00,2022-09-01T17:45:00-00:00,2022-09-01,11,BERVLLY_6_N001,BERVLLY_6_N001,BERVLLY_6_N001,RTPD,MCC,LMP_CONG_PRC,BERVLLY_6_N001,ALL,1,-22.42984,3,2
2022-09-01T18:30:00-00:00,2022-09-01T18:45:00-00:00,2022-09-01,12,BERVLLY_6_N001,BERVLLY_6_N001,BERVLLY_6_N001,RTPD,MCC,LMP_CONG_PRC,BERVLLY_6_N001,ALL,1,-30.20839,3,2
2022-09-01T19:30:00-00:00,2022-09-01T19:45:00-00:00,2022-09-01,13,BERVLLY_6_N001,BERVLLY_6_N001,BERVLLY_6_N001,RTPD,MCC,LMP_CONG_PRC,BERVLLY_6_N001,ALL,1,-13.87149,3,2
2022-09-01T20:30:00-00:00,2022-09-01T20:45:00-00:00,2022-09-01,14,BERVLLY_6_N001,BERVLLY_6_N001,BERVLLY_6_N001,RTPD,MCC,LMP_CONG_PRC,BERVLLY_6_N001,ALL,1,-13.95438,3,2
2022-09-01T21:30:00-00:00,2022-09-01T21:45:00-00:00,2022-09-01,15,BERVLLY_6_N001,BERVLLY_6_N001,BERVLLY_6_N001,RTPD,MCC,LMP_CONG_PRC,BERVLLY_6_N001,ALL,1,-26.81719,3,2
2022-09-01T22:30:00-00:00,2022-09-01T22:45:00-00:00,2022-09-01,16,BERVLLY_6_N001,BERVLLY_6_N001,BERVLLY_6_N001,RTPD,MCC,LMP_CONG_PRC,BERVLLY_6_N001,ALL,1,-138.01978,3,2
2022-09-01T23:30:00-00:00,2022-09-01T23:45:00-00:00,2022-09-01,17,BERVLLY_6_N001,BERVLLY_6_N001,BERVLLY_6_N001,RTPD,MCC,LMP_CONG_PRC,BERVLLY_6_N001,ALL,1,17.70985,3,2
2022-09-02T00:30:00-00:00,2022-09-02T00:45:00-00:00,2022-09-01,18,BERVLLY_6_N001,BERVLLY_6_N001,BERVLLY_6_N001,RTPD,MCC,LMP_CONG_PRC,BERVLLY_6_N001,ALL,1,415.45508,3,2
2022-09-02T01:30:00-00:00,2022-09-02T01:45:00-00:00,2022-09-01,19,BERVLLY_6_N001,BERVLLY_6_N001,BERVLLY_6_N001,RTPD,MCC,LMP_CONG_PRC,BERVLLY_6_N001,ALL,1,0,3,2
2022-09-02T02:30:00-00:00,2022-09-02T02:45:00-00:00,2022-09-01,20,BERVLLY_6_N001,BERVLLY_6_N001,BERVLLY_6_N001,RTPD,MCC,LMP_CONG_PRC,BERVLLY_6_N001,ALL,1,0,3,2
2022-09-02T03:30:00-00:00,2022-09-02T03:45:00-00:00,2022-09-01,21,BERVLLY_6_N001,BERVLLY_6_N001,BERVLLY_6_N001,RTPD,MCC,LMP_CONG_PRC,BERVLLY_6_N001,ALL,1,29.26086,3,2
2022-09-02T04:30:00-00:00,2022-09-02T04:45:00-00:00,2022-09-01,22,BERVLLY_6_N001,BERVLLY_6_N001,BERVLLY_6_N001,RTPD,MCC,LMP_CONG_PRC,BERVLLY_6_N001,ALL,1,485.27237,3,2
2022-09-02T05:30:00-00:00,2022-09-02T05:45:00-00:00,2022-09-01,23,BERVLLY_6_N001,BERVLLY_6_N001,BERVLLY_6_N001,RTPD,MCC,LMP_CONG_PRC,BERVLLY_6_N001,ALL,1,0,3,2
2022-09-02T06:30:00-00:00,2022-09-02T06:45:00-00:00,2022-09-01,24,BERVLLY_6_N001,BERVLLY_6_N001,BERVLLY_6_N001,RTPD,MCC,LMP_CONG_PRC,BERVLLY_6_N001,ALL,1,0,3,2
2022-09-01T07:45:00-00:00,2022-09-01T08:00:00-00:00,2022-09-01,01,BERVLLY_6_N001,BERVLLY_6_N001,BERVLLY_6_N001,RTPD,MCC,LMP_CONG_PRC,BERVLLY_6_N001,ALL,1,-20.68777,4,2
2022-09-01T08:45:00-00:00,2022-09-01T09:00:00-00:00,2022-09-01,02,BERVLLY_6_N001,BERVLLY_6_N001,BERVLLY_6_N001,RTPD,MCC,LMP_CONG_PRC,BERVLLY_6_N001,ALL,1,-5.05015,4,2
2022-09-01T09:45:00-00:00,2022-09-01T10:00:00-00:00,2022-09-01,03,BERVLLY_6_N001,BERVLLY_6_N001,BERVLLY_6_N001,RTPD,MCC,LMP_CONG_PRC,BERVLLY_6_N001,ALL,1,-5.8509,4,2
2022-09-01T10:45:00-00:00,2022-09-01T11:00:00-00:00,2022-09-01,04,BERVLLY_6_N001,BERVLLY_6_N001,BERVLLY_6_N001,RTPD,MCC,LMP_CONG_PRC,BERVLLY_6_N001,ALL,1,-1.37205,4,2
2022-09-01T11:45:00-00:00,2022-09-01T12:00:00-00:00,2022-09-01,05,BERVLLY_6_N001,BERVLLY_6_N001,BERVLLY_6_N001,RTPD,MCC,LMP_CONG_PRC,BERVLLY_6_N001,ALL,1,0,4,2
2022-09-01T12:45:00-00:00,2022-09-01T13:00:00-00:00,2022-09-01,06,BERVLLY_6_N001,BERVLLY_6_N001,BERVLLY_6_N001,RTPD,MCC,LMP_CONG_PRC,BERVLLY_6_N001,ALL,1,-2.64686,4,2
2022-09-01T13:45:00-00:00,2022-09-01T14:00:00-00:00,2022-09-01,07,BERVLLY_6_N001,BERVLLY_6_N001,BERVLLY_6_N001,RTPD,MCC,LMP_CONG_PRC,BERVLLY_6_N001,ALL,1,0,4,2
2022-09-01T14:45:00-00:00,2022-09-01T15:00:00-00:00,2022-09-01,08,BERVLLY_6_N001,BERVLLY_6_N001,BERVLLY_6_N001,RTPD,MCC,LMP_CONG_PRC,BERVLLY_6_N001,ALL,1,0,4,2
2022-09-01T15:45:00-00:00,2022-09-01T16:00:00-00:00,2022-09-01,09,BERVLLY_6_N001,BERVLLY_6_N001,BERVLLY_6_N001,RTPD,MCC,LMP_CONG_PRC,BERVLLY_6_N001,ALL,1,0,4,2
2022-09-01T16:45:00-00:00,2022-09-01T17:00:00-00:00,2022-09-01,10,BERVLLY_6_N001,BERVLLY_6_N001,BERVLLY_6_N001,RTPD,MCC,LMP_CONG_PRC,BERVLLY_6_N001,ALL,1,-13.58429,4,2
2022-09-01T17:45:00-00:00,2022-09-01T18:00:00-00:00,2022-09-01,11,BERVLLY_6_N001,BERVLLY_6_N001,BERVLLY_6_N001,RTPD,MCC,LMP_CONG_PRC,BERVLLY_6_N001,ALL,1,-22.08453,4,2
2022-09-01T18:45:00-00:00,2022-09-01T19:00:00-00:00,2022-09-01,12,BERVLLY_6_N001,BERVLLY_6_N001,BERVLLY_6_N001,RTPD,MCC,LMP_CONG_PRC,BERVLLY_6_N001,ALL,1,-30.09276,4,2
2022-09-01T19:45:00-00:00,2022-09-01T20:00:00-00:00,2022-09-01,13,BERVLLY_6_N001,BERVLLY_6_N001,BERVLLY_6_N001,RTPD,MCC,LMP_CONG_PRC,BERVLLY_6_N001,ALL,1,-15.02962,4,2
2022-09-01T20:45:00-00:00,2022-09-01T21:00:00-00:00,2022-09-01,14,BERVLLY_6_N001,BERVLLY_6_N001,BERVLLY_6_N001,RTPD,MCC,LMP_CONG_PRC,BERVLLY_6_N001,ALL,1,-30.87337,4,2
2022-09-01T21:45:00-00:00,2022-09-01T22:00:00-00:00,2022-09-01,15,BERVLLY_6_N001,BERVLLY_6_N001,BERVLLY_6_N001,RTPD,MCC,LMP_CONG_PRC,BERVLLY_6_N001,ALL,1,-97.78272,4,2
2022-09-01T22:45:00-00:00,2022-09-01T23:00:00-00:00,2022-09-01,16,BERVLLY_6_N001,BERVLLY_6_N001,BERVLLY_6_N001,RTPD,MCC,LMP_CONG_PRC,BERVLLY_6_N001,ALL,1,-280.32834,4,2
2022-09-01T23:45:00-00:00,2022-09-02T00:00:00-00:00,2022-09-01,17,BERVLLY_6_N001,BERVLLY_6_N001,BERVLLY_6_N001,RTPD,MCC,LMP_CONG_PRC,BERVLLY_6_N001,ALL,1,361.88278,4,2
2022-09-02T00:45:00-00:00,2022-09-02T01:00:00-00:00,2022-09-01,18,BERVLLY_6_N001,BERVLLY_6_N001,BERVLLY_6_N001,RTPD,MCC,LMP_CONG_PRC,BERVLLY_6_N001,ALL,1,261.57498,4,2
2022-09-02T01:45:00-00:00,2022-09-02T02:00:00-00:00,2022-09-01,19,BERVLLY_6_N001,BERVLLY_6_N001,BERVLLY_6_N001,RTPD,MCC,LMP_CONG_PRC,BERVLLY_6_N001,ALL,1,0,4,2
2022-09-02T02:45:00-00:00,2022-09-02T03:00:00-00:00,2022-09-01,20,BERVLLY_6_N001,BERVLLY_6_N001,BERVLLY_6_N001,RTPD,MCC,LMP_CONG_PRC,BERVLLY_6_N001,ALL,1,118.54251,4,2
2022-09-02T03:45:00-00:00,2022-09-02T04:00:00-00:00,2022-09-01,21,BERVLLY_6_N001,BERVLLY_6_N001,BERVLLY_6_N001,RTPD,MCC,LMP_CONG_PRC,BERVLLY_6_N001,ALL,1,17.04161,4,2
2022-09-02T04:45:00-00:00,2022-09-02T05:00:00-00:00,2022-09-01,22,BERVLLY_6_N001,BERVLLY_6_N001,BERVLLY_6_N001,RTPD,MCC,LMP_CONG_PRC,BERVLLY_6_N001,ALL,1,5.75916,4,2
2022-09-02T05:45:00-00:00,2022-09-02T06:00:00-00:00,2022-09-01,23,BERVLLY_6_N001,BERVLLY_6_N001,BERVLLY_6_N001,RTPD,MCC,LMP_CONG_PRC,BERVLLY_6_N001,ALL,1,157.8641,4,2
2022-09-02T06:45:00-00:00,2022-09-02T07:00:00-00:00,2022-09-01,24,BERVLLY_6_N001,BERVLLY_6_N001,BERVLLY_6_N001,RTPD,MCC,LMP_CONG_PRC,BERVLLY_6_N001,ALL,1,0,4,2
2022-09-01T07:00:00-00:00,2022-09-01T07:15:00-00:00,2022-09-01,01,BERVLLY_6_N001,BERVLLY_6_N001,BERVLLY_6_N001,RTPD,MCE,LMP_ENE_PRC,BERVLLY_6_N001,ALL,1,104.23471,1,3
2022-09-01T08:00:00-00:00,2022-09-01T08:15:00-00:00,2022-09-01,02,BERVLLY_6_N001,BERVLLY_6_N001,BERVLLY_6_N001,RTPD,MCE,LMP_ENE_PRC,BERVLLY_6_N001,ALL,1,115.5488,1,3
2022-09-01T09:00:00-00:00,2022-09-01T09:15:00-00:00,2022-09-01,03,BERVLLY_6_N001,BERVLLY_6_N001,BERVLLY_6_N001,RTPD,MCE,LMP_ENE_PRC,BERVLLY_6_N001,ALL,1,99.73061,1,3
2022-09-01T10:00:00-00:00,2022-09-01T10:15:00-00:00,2022-09-01,04,BERVLLY_6_N001,BERVLLY_6_N001,BERVLLY_6_N001,RTPD,MCE,LMP_ENE_PRC,BERVLLY_6_N001,ALL,1,98.64222,1,3
2022-09-01T11:00:00-00:00,2022-09-01T11:15:00-00:00,2022-09-01,05,BERVLLY_6_N001,BERVLLY_6_N001,BERVLLY_6_N001,RTPD,MCE,LMP_ENE_PRC,BERVLLY_6_N001,ALL,1,102.56859,1,3
2022-09-01T12:00:00-00:00,2022-09-01T12:15:00-00:00,2022-09-01,06,BERVLLY_6_N001,BERVLLY_6_N001,BERVLLY_6_N001,RTPD,MCE,LMP_ENE_PRC,BERVLLY_6_N001,ALL,1,96.90845,1,3
2022-09-01T13:00:00-00:00,2022-09-01T13:15:00-00:00,2022-09-01,07,BERVLLY_6_N001,BERVLLY_6_N001,BERVLLY_6_N001,RTPD,MCE,LMP_ENE_PRC,BERVLLY_6_N001,ALL,1,101.80878,1,3
2022-09-01T14:00:00-00:00,2022-09-01T14:15:00-00:00,2022-09-01,08,BERVLLY_6_N001,BERVLLY_6_N001,BERVLLY_6_N001,RTPD,MCE,LMP_ENE_PRC,BERVLLY_6_N001,ALL,1,111.11219,1,3
2022-09-01T15:00:00-00:00,2022-09-01T15:15:00-00:00,2022-09-01,09,BERVLLY_6_N001,BERVLLY_6_N001,BERVLLY_6_N001,RTPD,MCE,LMP_ENE_PRC,BERVLLY_6_N001,ALL,1,97.4112,1,3
2022-09-01T16:00:00-00:00,2022-09-01T16:15:00-00:00,2022-09-01,10,BERVLLY_6_N001,BERVLLY_6_N001,BERVLLY_6_N001,RTPD,MCE,LMP_ENE_PRC,BERVLLY_6_N001,ALL,1,83.43525,1,3
2022-09-01T17:00:00-00:00,2022-09-01T17:15:00-00:00,2022-09-01,11,BERVLLY_6_N001,BERVLLY_6_N001,BERVLLY_6_N001,RTPD,MCE,LMP_ENE_PRC,BERVLLY_6_N001,ALL,1,96.94897,1,3
2022-09-01T18:00:00-00:00,2022-09-01T18:15:00-00:00,2022-09-01,12,BERVLLY_6_N001,BERVLLY_6_N001,BERVLLY_6_N001,RTPD,MCE,LMP_ENE_PRC,BERVLLY_6_N001,ALL,1,91.59291,1,3
2022-09-01T19:00:00-00:00,2022-09-01T19:15:00-00:00,2022-09-01,13,BERVLLY_6_N001,BERVLLY_6_N001,BERVLLY_6_N001,RTPD,MCE,LMP_ENE_PRC,BERVLLY_6_N001,ALL,1,109.19637,1,3
2022-09-01T20:00:00-00:00,2022-09-01T20:15:00-00:00,2022-09-01,14,BERVLLY_6_N001,BERVLLY_6_N001,BERVLLY_6_N001,RTPD,MCE,LMP_ENE_PRC,BERVLLY_6_N001,ALL,1,117.94359,1,3
2022-09-01T21:00:00-00:00,2022-09-01T21:15:00-00:00,2022-09-01,15,BERVLLY_6_N001,BERVLLY_6_N001,BERVLLY_6_N001,RTPD,MCE,LMP_ENE_PRC,BERVLLY_6_N001,ALL,1,226.61499,1,3
2022-09-01T22:00:00-00:00,2022-09-01T22:15:00-00:00,2022-09-01,16,BERVLLY_6_N001,BERVLLY_6_N001,BERVLLY_6_N001,RTPD,MCE,LMP_ENE_PRC,BERVLLY_6_N001,ALL,1,229.18552,1,3
2022-09-01T23:00:00-00:00,2022-09-01T23:15:00-00:00,2022-09-01,17,BERVLLY_6_N001,BERVLLY_6_N001,BERVLLY_6_N001,RTPD,MCE,LMP_ENE_PRC,BERVLLY_6_N001,ALL,1,386.7537,1,3
2022-09-02T00:00:00-00:00,2022-09-02T00:15:00-00:00,2022-09-01,18,BERVLLY_6_N001,BERVLLY_6_N001,BERVLLY_6_N001,RTPD,MCE,LMP_ENE_PRC,BERVLLY_6_N001,ALL,1,770.58136,1,3
2022-09-02T01:00:00-00:00,2022-09-02T01:15:00-00:00,2022-09-01,19,BERVLLY_6_N001,BERVLLY_6_N001,BERVLLY_6_N001,RTPD,MCE,LMP_ENE_PRC,BERVLLY_6_N001,ALL,1,916.27124,1,3
2022-09-02T02:00:00-00:00,2022-09-02T02:15:00-00:00,2022-09-01,20,BERVLLY_6_N001,BERVLLY_6_N001,BERVLLY_6_N001,RTPD,MCE,LMP_ENE_PRC,BERVLLY_6_N001,ALL,1,1991.6721,1,3
2022-09-02T03:00:00-00:00,2022-09-02T03:15:00-00:00,2022-09-01,21,BERVLLY_6_N001,BERVLLY_6_N001,BERVLLY_6_N001,RTPD,MCE,LMP_ENE_PRC,BERVLLY_6_N001,ALL,1,917.5508,1,3
2022-09-02T04:00:00-00:00,2022-09-02T04:15:00-00:00,2022-09-01,22,BERVLLY_6_N001,BERVLLY_6_N001,BERVLLY_6_N001,RTPD,MCE,LMP_ENE_PRC,BERVLLY_6_N001,ALL,1,257.83005,1,3
2022-09-02T05:00:00-00:00,2022-09-02T05:15:00-00:00,2022-09-01,23,BERVLLY_6_N001,BERVLLY_6_N001,BERVLLY_6_N001,RTPD,MCE,LMP_ENE_PRC,BERVLLY_6_N001,ALL,1,183.24657,1,3
2022-09-02T06:00:00-00:00,2022-09-02T06:15:00-00:00,2022-09-01,24,BERVLLY_6_N001,BERVLLY_6_N001,BERVLLY_6_N001,RTPD,MCE,LMP_ENE_PRC,BERVLLY_6_N001,ALL,1,158.867,1,3
2022-09-01T07:15:00-00:00,2022-09-01T07:30:00-00:00,2022-09-01,01,BERVLLY_6_N001,BERVLLY_6_N001,BERVLLY_6_N001,RTPD,MCE,LMP_ENE_PRC,BERVLLY_6_N001,ALL,1,125.55144,2,3
2022-09-01T08:15:00-00:00,2022-09-01T08:30:00-00:00,2022-09-01,02,BERVLLY_6_N001,BERVLLY_6_N001,BERVLLY_6_N001,RTPD,MCE,LMP_ENE_PRC,BERVLLY_6_N001,ALL,1,115.53165,2,3
2022-09-01T09:15:00-00:00,2022-09-01T09:30:00-00:00,2022-09-01,03,BERVLLY_6_N001,BERVLLY_6_N001,BERVLLY_6_N001,RTPD,MCE,LMP_ENE_PRC,BERVLLY_6_N001,ALL,1,98.30543,2,3
2022-09-01T10:15:00-00:00,2022-09-01T10:30:00-00:00,2022-09-01,04,BERVLLY_6_N001,BERVLLY_6_N001,BERVLLY_6_N001,RTPD,MCE,LMP_ENE_PRC,BERVLLY_6_N001,ALL,1,97.00684,2,3
2022-09-01T11:15:00-00:00,2022-09-01T11:30:00-00:00,2022-09-01,05,BERVLLY_6_N001,BERVLLY_6_N001,BERVLLY_6_N001,RTPD,MCE,LMP_ENE_PRC,BERVLLY_6_N001,ALL,1,103.09059,2,3
2022-09-01T12:15:00-00:00,2022-09-01T12:30:00-00:00,2022-09-01,06,BERVLLY_6_N001,BERVLLY_6_N001,BERVLLY_6_N001,RTPD,MCE,LMP_ENE_PRC,BERVLLY_6_N001,ALL,1,109.32203,2,3
2022-09-01T13:15:00-00:00,2022-09-01T13:30:00-00:00,2022-09-01,07,BERVLLY_6_N001,BERVLLY_6_N001,BERVLLY_6_N001,RTPD,MCE,LMP_ENE_PRC,BERVLLY_6_N001,ALL,1,110.97827,2,3
2022-09-01T14:15:00-00:00,2022-09-01T14:30:00-00:00,2022-09-01,08,BERVLLY_6_N001,BERVLLY_6_N001,BERVLLY_6_N001,RTPD,MCE,LMP_ENE_PRC,BERVLLY_6_N001,ALL,1,104.78743,2,3
2022-09-01T15:15:00-00:00,2022-09-01T15:30:00-00:00,2022-09-01,09,BERVLLY_6_N001,BERVLLY_6_N001,BERVLLY_6_N001,RTPD,MCE,LMP_ENE_PRC,BERVLLY_6_N001,ALL,1,86.9388,2,3
2022-09-01T16:15:00-00:00,2022-09-01T16:30:00-00:00,2022-09-01,10,BERVLLY_6_N001,BERVLLY_6_N001,BERVLLY_6_N001,RTPD,MCE,LMP_ENE_PRC,BERVLLY_6_N001,ALL,1,89.44858,2,3
2022-09-01T17:15:00-00:00,2022-09-01T17:30:00-00:00,2022-09-01,11,BERVLLY_6_N001,BERVLLY_6_N001,BERVLLY_6_N001,RTPD,MCE,LMP_ENE_PRC,BERVLLY_6_N001,ALL,1,99.34673,2,3
2022-09-01T18:15:00-00:00,2022-09-01T18:30:00-00:00,2022-09-01,12,BERVLLY_6_N001,BERVLLY_6_N001,BERVLLY_6_N001,RTPD,MCE,LMP_ENE_PRC,BERVLLY_6_N001,ALL,1,101.15901,2,3
2022-09-01T19:15:00-00:00,2022-09-01T19:30:00-00:00,2022-09-01,13,BERVLLY_6_N001,BERVLLY_6_N001,BERVLLY_6_N001,RTPD,MCE,LMP_ENE_PRC,BERVLLY_6_N001,ALL,1,105.30588,2,3
2022-09-01T20:15:00-00:00,2022-09-01T20:30:00-00:00,2022-09-01,14,BERVLLY_6_N001,BERVLLY_6_N001,BERVLLY_6_N001,RTPD,MCE,LMP_ENE_PRC,BERVLLY_6_N001,ALL,1,117.49421,2,3
2022-09-01T21:15:00-00:00,2022-09-01T21:30:00-00:00,2022-09-01,15,BERVLLY_6_N001,BERVLLY_6_N001,BERVLLY_6_N001,RTPD,MCE,LMP_ENE_PRC,BERVLLY_6_N001,ALL,1,147.21185,2,3
2022-09-01T22:15:00-00:00,2022-09-01T22:30:00-00:00,2022-09-01,16,BERVLLY_6_N001,BERVLLY_6_N001,BERVLLY_6_N001,RTPD,MCE,LMP_ENE_PRC,BERVLLY_6_N001,ALL,1,256.58734,2,3
2022-09-01T23:15:00-00:00,2022-09-01T23:30:00-00:00,2022-09-01,17,BERVLLY_6_N001,BERVLLY_6_N001,BERVLLY_6_N001,RTPD,MCE,LMP_ENE_PRC,BERVLLY_6_N001,ALL,1,362.12408,2,3
2022-09-02T00:15:00-00:00,2022-09-02T00:30:00-00:00,2022-09-01,18,BERVLLY_6_N001,BERVLLY_6_N001,BERVLLY_6_N001,RTPD,MCE,LMP_ENE_PRC,BERVLLY_6_N001,ALL,1,691.2182,2,3
2022-09-02T01:15:00-00:00,2022-09-02T01:30:00-00:00,2022-09-01,19,BERVLLY_6_N001,BERVLLY_6_N001,BERVLLY_6_N001,RTPD,MCE,LMP_ENE_PRC,BERVLLY_6_N001,ALL,1,1999.9933,2,3
2022-09-02T02:15:00-00:00,2022-09-02T02:30:00-00:00,2022-09-01,20,BERVLLY_6_N001,BERVLLY_6_N001,BERVLLY_6_N001,RTPD,MCE,LMP_ENE_PRC,BERVLLY_6_N001,ALL,1,1991.6721,2,3
2022-09-02T03:15:00-00:00,2022-09-02T03:30:00-00:00,2022-09-01,21,BERVLLY_6_N001,BERVLLY_6_N001,BERVLLY_6_N001,RTPD,MCE,LMP_ENE_PRC,BERVLLY_6_N001,ALL,1,400.52884,2,3
2022-09-02T04:15:00-00:00,2022-09-02T04:30:00-00:00,2022-09-01,22,BERVLLY_6_N001,BERVLLY_6_N001,BERVLLY_6_N001,RTPD,MCE,LMP_ENE_PRC,BERVLLY_6_N001,ALL,1,224.75041,2,3
2022-09-02T05:15:00-00:00,2022-09-02T05:30:00-00:00,2022-09-01,23,BERVLLY_6_N001,BERVLLY_6_N001,BERVLLY_6_N001,RTPD,MCE,LMP_ENE_PRC,BERVLLY_6_N001,ALL,1,157.11986,2,3
2022-09-02T06:15:00-00:00,2022-09-02T06:30:00-00:00,2022-09-01,24,BERVLLY_6_N001,BERVLLY_6_N001,BERVLLY_6_N001,RTPD,MCE,LMP_ENE_PRC,BERVLLY_6_N001,ALL,1,143.1005,2,3
2022-09-01T07:30:00-00:00,2022-09-01T07:45:00-00:00,2022-09-01,01,BERVLLY_6_N001,BERVLLY_6_N001,BERVLLY_6_N001,RTPD,MCE,LMP_ENE_PRC,BERVLLY_6_N001,ALL,1,119.03196,3,3
2022-09-01T08:30:00-00:00,2022-09-01T08:45:00-00:00,2022-09-01,02,BERVLLY_6_N001,BERVLLY_6_N001,BERVLLY_6_N001,RTPD,MCE,LMP_ENE_PRC,BERVLLY_6_N001,ALL,1,111.11241,3,3
2022-09-01T09:30:00-00:00,2022-09-01T09:45:00-00:00,2022-09-01,03,BERVLLY_6_N001,BERVLLY_6_N001,BERVLLY_6_N001,RTPD,MCE,LMP_ENE_PRC,BERVLLY_6_N001,ALL,1,98.16228,3,3
2022-09-01T10:30:00-00:00,2022-09-01T10:45:00-00:00,2022-09-01,04,BERVLLY_6_N001,BERVLLY_6_N001,BERVLLY_6_N001,RTPD,MCE,LMP_ENE_PRC,BERVLLY_6_N001,ALL,1,96.36226,3,3
2022-09-01T11:30:00-00:00,2022-09-01T11:45:00-00:00,2022-09-01,05,BERVLLY_6_N001,BERVLLY_6_N001,BERVLLY_6_N001,RTPD,MCE,LMP_ENE_PRC,BERVLLY_6_N001,ALL,1,103.06198,3,3
2022-09-01T12:30:00-00:00,2022-09-01T12:45:00-00:00,2022-09-01,06,BERVLLY_6_N001,BERVLLY_6_N001,BERVLLY_6_N001,RTPD,MCE,LMP_ENE_PRC,BERVLLY_6_N001,ALL,1,113.57403,3,3
2022-09-01T13:30:00-00:00,2022-09-01T13:45:00-00:00,2022-09-01,07,BERVLLY_6_N001,BERVLLY_6_N001,BERVLLY_6_N001,RTPD,MCE,LMP_ENE_PRC,BERVLLY_6_N001,ALL,1,111.52025,3,3
2022-09-01T14:30:00-00:00,2022-09-01T14:45:00-00:00,2022-09-01,08,BERVLLY_6_N001,BERVLLY_6_N001,BERVLLY_6_N001,RTPD,MCE,LMP_ENE_PRC,BERVLLY_6_N001,ALL,1,101.83428,3,3
2022-09-01T15:30:00-00:00,2022-09-01T15:45:00-00:00,2022-09-01,09,BERVLLY_6_N001,BERVLLY_6_N001,BERVLLY_6_N001,RTPD,MCE,LMP_ENE_PRC,BERVLLY_6_N001,ALL,1,86.1388,3,3
2022-09-01T16:30:00-00:00,2022-09-01T16:45:00-00:00,2022-09-01,10,BERVLLY_6_N001,BERVLLY_6_N001,BERVLLY_6_N001,RTPD,MCE,LMP_ENE_PRC,BERVLLY_6_N001,ALL,1,88.79644,3,3
2022-09-01T17:30:00-00:00,2022-09-01T17:45:00-00:00,2022-09-01,11,BERVLLY_6_N001,BERVLLY_6_N001,BERVLLY_6_N001,RTPD,MCE,LMP_ENE_PRC,BERVLLY_6_N001,ALL,1,99.13013,3,3
2022-09-01T18:30:00-00:00,2022-09-01T18:45:00-00:00,2022-09-01,12,BERVLLY_6_N001,BERVLLY_6_N001,BERVLLY_6_N001,RTPD,MCE,LMP_ENE_PRC,BERVLLY_6_N001,ALL,1,107.05718,3,3
2022-09-01T19:30:00-00:00,2022-09-01T19:45:00-00:00,2022-09-01,13,BERVLLY_6_N001,BERVLLY_6_N001,BERVLLY_6_N001,RTPD,MCE,LMP_ENE_PRC,BERVLLY_6_N001,ALL,1,114.05905,3,3
2022-09-01T20:30:00-00:00,2022-09-01T20:45:00-00:00,2022-09-01,14,BERVLLY_6_N001,BERVLLY_6_N001,BERVLLY_6_N001,RTPD,MCE,LMP_ENE_PRC,BERVLLY_6_N001,ALL,1,129.81606,3,3
2022-09-01T21:30:00-00:00,2022-09-01T21:45:00-00:00,2022-09-01,15,BERVLLY_6_N001,BERVLLY_6_N001,BERVLLY_6_N001,RTPD,MCE,LMP_ENE_PRC,BERVLLY_6_N001,ALL,1,152.93057,3,3
2022-09-01T22:30:00-00:00,2022-09-01T22:45:00-00:00,2022-09-01,16,BERVLLY_6_N001,BERVLLY_6_N001,BERVLLY_6_N001,RTPD,MCE,LMP_ENE_PRC,BERVLLY_6_N001,ALL,1,283.18182,3,3
2022-09-01T23:30:00-00:00,2022-09-01T23:45:00-00:00,2022-09-01,17,BERVLLY_6_N001,BERVLLY_6_N001,BERVLLY_6_N001,RTPD,MCE,LMP_ENE_PRC,BERVLLY_6_N001,ALL,1,566.48157,3,3
2022-09-02T00:30:00-00:00,2022-09-02T00:45:00-00:00,2022-09-01,18,BERVLLY_6_N001,BERVLLY_6_N001,BERVLLY_6_N001,RTPD,MCE,LMP_ENE_PRC,BERVLLY_6_N001,ALL,1,1329.1127,3,3
2022-09-02T01:30:00-00:00,2022-09-02T01:45:00-00:00,2022-09-01,19,BERVLLY_6_N001,BERVLLY_6_N001,BERVLLY_6_N001,RTPD,MCE,LMP_ENE_PRC,BERVLLY_6_N001,ALL,1,1999.9956,3,3
2022-09-02T02:30:00-00:00,2022-09-02T02:45:00-00:00,2022-09-01,20,BERVLLY_6_N001,BERVLLY_6_N001,BERVLLY_6_N001,RTPD,MCE,LMP_ENE_PRC,BERVLLY_6_N001,ALL,1,1991.671,3,3
2022-09-02T03:30:00-00:00,2022-09-02T03:45:00-00:00,2022-09-01,21,BERVLLY_6_N001,BERVLLY_6_N001,BERVLLY_6_N001,RTPD,MCE,LMP_ENE_PRC,BERVLLY_6_N001,ALL,1,186.61823,3,3
2022-09-02T04:30:00-00:00,2022-09-02T04:45:00-00:00,2022-09-01,22,BERVLLY_6_N001,BERVLLY_6_N001,BERVLLY_6_N001,RTPD,MCE,LMP_ENE_PRC,BERVLLY_6_N001,ALL,1,180.67824,3,3
2022-09-02T05:30:00-00:00,2022-09-02T05:45:00-00:00,2022-09-01,23,BERVLLY_6_N001,BERVLLY_6_N001,BERVLLY_6_N001,RTPD,MCE,LMP_ENE_PRC,BERVLLY_6_N001,ALL,1,131.69917,3,3
2022-09-02T06:30:00-00:00,2022-09-02T06:45:00-00:00,2022-09-01,24,BERVLLY_6_N001,BERVLLY_6_N001,BERVLLY_6_N001,RTPD,MCE,LMP_ENE_PRC,BERVLLY_6_N001,ALL,1,128.9871,3,3
2022-09-01T07:45:00-00:00,2022-09-01T08:00:00-00:00,2022-09-01,01,BERVLLY_6_N001,BERVLLY_6_N001,BERVLLY_6_N001,RTPD,MCE,LMP_ENE_PRC,BERVLLY_6_N001,ALL,1,109.12099,4,3
2022-09-01T08:45:00-00:00,2022-09-01T09:00:00-00:00,2022-09-01,02,BERVLLY_6_N001,BERVLLY_6_N001,BERVLLY_6_N001,RTPD,MCE,LMP_ENE_PRC,BERVLLY_6_N001,ALL,1,98.7357,4,3
2022-09-01T09:45:00-00:00,2022-09-01T10:00:00-00:00,2022-09-01,03,BERVLLY_6_N001,BERVLLY_6_N001,BERVLLY_6_N001,RTPD,MCE,LMP_ENE_PRC,BERVLLY_6_N001,ALL,1,97.50475,4,3
2022-09-01T10:45:00-00:00,2022-09-01T11:00:00-00:00,2022-09-01,04,BERVLLY_6_N001,BERVLLY_6_N001,BERVLLY_6_N001,RTPD,MCE,LMP_ENE_PRC,BERVLLY_6_N001,ALL,1,94.71966,4,3
2022-09-01T11:45:00-00:00,2022-09-01T12:00:00-00:00,2022-09-01,05,BERVLLY_6_N001,BERVLLY_6_N001,BERVLLY_6_N001,RTPD,MCE,LMP_ENE_PRC,BERVLLY_6_N001,ALL,1,107.01,4,3
2022-09-01T12:45:00-00:00,2022-09-01T13:00:00-00:00,2022-09-01,06,BERVLLY_6_N001,BERVLLY_6_N001,BERVLLY_6_N001,RTPD,MCE,LMP_ENE_PRC,BERVLLY_6_N001,ALL,1,116.4848,4,3
2022-09-01T13:45:00-00:00,2022-09-01T14:00:00-00:00,2022-09-01,07,BERVLLY_6_N001,BERVLLY_6_N001,BERVLLY_6_N001,RTPD,MCE,LMP_ENE_PRC,BERVLLY_6_N001,ALL,1,111.41,4,3
2022-09-01T14:45:00-00:00,2022-09-01T15:00:00-00:00,2022-09-01,08,BERVLLY_6_N001,BERVLLY_6_N001,BERVLLY_6_N001,RTPD,MCE,LMP_ENE_PRC,BERVLLY_6_N001,ALL,1,86.1388,4,3
2022-09-01T15:45:00-00:00,2022-09-01T16:00:00-00:00,2022-09-01,09,BERVLLY_6_N001,BERVLLY_6_N001,BERVLLY_6_N001,RTPD,MCE,LMP_ENE_PRC,BERVLLY_6_N001,ALL,1,78.70076,4,3
2022-09-01T16:45:00-00:00,2022-09-01T17:00:00-00:00,2022-09-01,10,BERVLLY_6_N001,BERVLLY_6_N001,BERVLLY_6_N001,RTPD,MCE,LMP_ENE_PRC,BERVLLY_6_N001,ALL,1,91.24933,4,3
2022-09-01T17:45:00-00:00,2022-09-01T18:00:00-00:00,2022-09-01,11,BERVLLY_6_N001,BERVLLY_6_N001,BERVLLY_6_N001,RTPD,MCE,LMP_ENE_PRC,BERVLLY_6_N001,ALL,1,99.20544,4,3
2022-09-01T18:45:00-00:00,2022-09-01T19:00:00-00:00,2022-09-01,12,BERVLLY_6_N001,BERVLLY_6_N001,BERVLLY_6_N001,RTPD,MCE,LMP_ENE_PRC,BERVLLY_6_N001,ALL,1,109.04064,4,3
2022-09-01T19:45:00-00:00,2022-09-01T20:00:00-00:00,2022-09-01,13,BERVLLY_6_N001,BERVLLY_6_N001,BERVLLY_6_N001,RTPD,MCE,LMP_ENE_PRC,BERVLLY_6_N001,ALL,1,120.22491,4,3
2022-09-01T20:45:00-00:00,2022-09-01T21:00:00-00:00,2022-09-01,14,BERVLLY_6_N001,BERVLLY_6_N001,BERVLLY_6_N001,RTPD,MCE,LMP_ENE_PRC,BERVLLY_6_N001,ALL,1,154.02509,4,3
2022-09-01T21:45:00-00:00,2022-09-01T22:00:00-00:00,2022-09-01,15,BERVLLY_6_N001,BERVLLY_6_N001,BERVLLY_6_N001,RTPD,MCE,LMP_ENE_PRC,BERVLLY_6_N001,ALL,1,300.29376,4,3
2022-09-01T22:45:00-00:00,2022-09-01T23:00:00-00:00,2022-09-01,16,BERVLLY_6_N001,BERVLLY_6_N001,BERVLLY_6_N001,RTPD,MCE,LMP_ENE_PRC,BERVLLY_6_N001,ALL,1,429.9137,4,3
2022-09-01T23:45:00-00:00,2022-09-02T00:00:00-00:00,2022-09-01,17,BERVLLY_6_N001,BERVLLY_6_N001,BERVLLY_6_N001,RTPD,MCE,LMP_ENE_PRC,BERVLLY_6_N001,ALL,1,1261.2124,4,3
2022-09-02T00:45:00-00:00,2022-09-02T01:00:00-00:00,2022-09-01,18,BERVLLY_6_N001,BERVLLY_6_N001,BERVLLY_6_N001,RTPD,MCE,LMP_ENE_PRC,BERVLLY_6_N001,ALL,1,1519.149,4,3
2022-09-02T01:45:00-00:00,2022-09-02T02:00:00-00:00,2022-09-01,19,BERVLLY_6_N001,BERVLLY_6_N001,BERVLLY_6_N001,RTPD,MCE,LMP_ENE_PRC,BERVLLY_6_N001,ALL,1,1991.9337,4,3
2022-09-02T02:45:00-00:00,2022-09-02T03:00:00-00:00,2022-09-01,20,BERVLLY_6_N001,BERVLLY_6_N001,BERVLLY_6_N001,RTPD,MCE,LMP_ENE_PRC,BERVLLY_6_N001,ALL,1,1629.6213,4,3
2022-09-02T03:45:00-00:00,2022-09-02T04:00:00-00:00,2022-09-01,21,BERVLLY_6_N001,BERVLLY_6_N001,BERVLLY_6_N001,RTPD,MCE,LMP_ENE_PRC,BERVLLY_6_N001,ALL,1,141.13702,4,3
2022-09-02T04:45:00-00:00,2022-09-02T05:00:00-00:00,2022-09-01,22,BERVLLY_6_N001,BERVLLY_6_N001,BERVLLY_6_N001,RTPD,MCE,LMP_ENE_PRC,BERVLLY_6_N001,ALL,1,126.76372,4,3
2022-09-02T05:45:00-00:00,2022-09-02T06:00:00-00:00,2022-09-01,23,BERVLLY_6_N001,BERVLLY_6_N001,BERVLLY_6_N001,RTPD,MCE,LMP_ENE_PRC,BERVLLY_6_N001,ALL,1,119.00958,4,3
2022-09-02T06:45:00-00:00,2022-09-02T07:00:00-00:00,2022-09-01,24,BERVLLY_6_N001,BERVLLY_6_N001,BERVLLY_6_N001,RTPD,MCE,LMP_ENE_PRC,BERVLLY_6_N001,ALL,1,109.20324,4,3
2022-09-01T07:00:00-00:00,2022-09-01T07:15:00-00:00,2022-09-01,01,BERVLLY_6_N001,BERVLLY_6_N001,BERVLLY_6_N001,RTPD,MCL,LMP_LOSS_PRC,BERVLLY_6_N001,ALL,1,-3.23128,1,4
2022-09-01T08:00:00-00:00,2022-09-01T08:15:00-00:00,2022-09-01,02,BERVLLY_6_N001,BERVLLY_6_N001,BERVLLY_6_N001,RTPD,MCL,LMP_LOSS_PRC,BERVLLY_6_N001,ALL,1,0,1,4
2022-09-01T09:00:00-00:00,2022-09-01T09:15:00-00:00,2022-09-01,03,BERVLLY_6_N001,BERVLLY_6_N001,BERVLLY_6_N001,RTPD,MCL,LMP_LOSS_PRC,BERVLLY_6_N001,ALL,1,11.73829,1,4
2022-09-01T10:00:00-00:00,2022-09-01T10:15:00-00:00,2022-09-01,04,BERVLLY_6_N001,BERVLLY_6_N001,BERVLLY_6_N001,RTPD,MCL,LMP_LOSS_PRC,BERVLLY_6_N001,ALL,1,10.97888,1,4
2022-09-01T11:00:00-00:00,2022-09-01T11:15:00-00:00,2022-09-01,05,BERVLLY_6_N001,BERVLLY_6_N001,BERVLLY_6_N001,RTPD,MCL,LMP_LOSS_PRC,BERVLLY_6_N001,ALL,1,12.8621,1,4
2022-09-01T12:00:00-00:00,2022-09-01T12:15:00-00:00,2022-09-01,06,BERVLLY_6_N001,BERVLLY_6_N001,BERVLLY_6_N001,RTPD,MCL,LMP_LOSS_PRC,BERVLLY_6_N001,ALL,1,13.18924,1,4
2022-09-01T13:00:00-00:00,2022-09-01T13:15:00-00:00,2022-09-01,07,BERVLLY_6_N001,BERVLLY_6_N001,BERVLLY_6_N001,RTPD,MCL,LMP_LOSS_PRC,BERVLLY_6_N001,ALL,1,0,1,4
2022-09-01T14:00:00-00:00,2022-09-01T14:15:00-00:00,2022-09-01,08,BERVLLY_6_N001,BERVLLY_6_N001,BERVLLY_6_N001,RTPD,MCL,LMP_LOSS_PRC,BERVLLY_6_N001,ALL,1,12.05567,1,4
2022-09-01T15:00:00-00:00,2022-09-01T15:15:00-00:00,2022-09-01,09,BERVLLY_6_N001,BERVLLY_6_N001,BERVLLY_6_N001,RTPD,MCL,LMP_LOSS_PRC,BERVLLY_6_N001,ALL,1,0,1,4
2022-09-01T16:00:00-00:00,2022-09-01T16:15:00-00:00,2022-09-01,10,BERVLLY_6_N001,BERVLLY_6_N001,BERVLLY_6_N001,RTPD,MCL,LMP_LOSS_PRC,BERVLLY_6_N001,ALL,1,0,1,4
2022-09-01T17:00:00-00:00,2022-09-01T17:15:00-00:00,2022-09-01,11,BERVLLY_6_N001,BERVLLY_6_N001,BERVLLY_6_N001,RTPD,MCL,LMP_LOSS_PRC,BERVLLY_6_N001,ALL,1,0,1,4
2022-09-01T18:00:00-00:00,2022-09-01T18:15:00-00:00,2022-09-01,12,BERVLLY_6_N001,BERVLLY_6_N001,BERVLLY_6_N001,RTPD,MCL,LMP_LOSS_PRC,BERVLLY_6_N001,ALL,1,0,1,4
2022-09-01T19:00:00-00:00,2022-09-01T19:15:00-00:00,2022-09-01,13,BERVLLY_6_N001,BERVLLY_6_N001,BERVLLY_6_N001,RTPD,MCL,LMP_LOSS_PRC,BERVLLY_6_N001,ALL,1,0,1,4
2022-09-01T20:00:00-00:00,2022-09-01T20:15:00-00:00,2022-09-01,14,BERVLLY_6_N001,BERVLLY_6_N001,BERVLLY_6_N001,RTPD,MCL,LMP_LOSS_PRC,BERVLLY_6_N001,ALL,1,0,1,4
2022-09-01T21:00:00-00:00,2022-09-01T21:15:00-00:00,2022-09-01,15,BERVLLY_6_N001,BERVLLY_6_N001,BERVLLY_6_N001,RTPD,MCL,LMP_LOSS_PRC,BERVLLY_6_N001,ALL,1,0,1,4
2022-09-01T22:00:00-00:00,2022-09-01T22:15:00-00:00,2022-09-01,16,BERVLLY_6_N001,BERVLLY_6_N001,BERVLLY_6_N001,RTPD,MCL,LMP_LOSS_PRC,BERVLLY_6_N001,ALL,1,0,1,4
2022-09-01T23:00:00-00:00,2022-09-01T23:15:00-00:00,2022-09-01,17,BERVLLY_6_N001,BERVLLY_6_N001,BERVLLY_6_N001,RTPD,MCL,LMP_LOSS_PRC,BERVLLY_6_N001,ALL,1,0,1,4
2022-09-02T00:00:00-00:00,2022-09-02T00:15:00-00:00,2022-09-01,18,BERVLLY_6_N001,BERVLLY_6_N001,BERVLLY_6_N001,RTPD,MCL,LMP_LOSS_PRC,BERVLLY_6_N001,ALL,1,15.41163,1,4
2022-09-02T01:00:00-00:00,2022-09-02T01:15:00-00:00,2022-09-01,19,BERVLLY_6_N001,BERVLLY_6_N001,BERVLLY_6_N001,RTPD,MCL,LMP_LOSS_PRC,BERVLLY_6_N001,ALL,1,0,1,4
2022-09-02T02:00:00-00:00,2022-09-02T02:15:00-00:00,2022-09-01,20,BERVLLY_6_N001,BERVLLY_6_N001,BERVLLY_6_N001,RTPD,MCL,LMP_LOSS_PRC,BERVLLY_6_N001,ALL,1,0,1,4
2022-09-02T03:00:00-00:00,2022-09-02T03:15:00-00:00,2022-09-01,21,BERVLLY_6_N001,BERVLLY_6_N001,BERVLLY_6_N001,RTPD,MCL,LMP_LOSS_PRC,BERVLLY_6_N001,ALL,1,115.33613,1,4
2022-09-02T04:00:00-00:00,2022-09-02T04:15:00-00:00,2022-09-01,22,BERVLLY_6_N001,BERVLLY_6_N001,BERVLLY_6_N001,RTPD,MCL,LMP_LOSS_PRC,BERVLLY_6_N001,ALL,1,41.63955,1,4
2022-09-02T05:00:00-00:00,2022-09-02T05:15:00-00:00,2022-09-01,23,BERVLLY_6_N001,BERVLLY_6_N001,BERVLLY_6_N001,RTPD,MCL,LMP_LOSS_PRC,BERVLLY_6_N001,ALL,1,14.54978,1,4
2022-09-02T06:00:00-00:00,2022-09-02T06:15:00-00:00,2022-09-01,24,BERVLLY_6_N001,BERVLLY_6_N001,BERVLLY_6_N001,RTPD,MCL,LMP_LOSS_PRC,BERVLLY_6_N001,ALL,1,21.74889,1,4
2022-09-01T07:15:00-00:00,2022-09-01T07:30:00-00:00,2022-09-01,01,BERVLLY_6_N001,BERVLLY_6_N001,BERVLLY_6_N001,RTPD,MCL,LMP_LOSS_PRC,BERVLLY_6_N001,ALL,1,0,2,4
2022-09-01T08:15:00-00:00,2022-09-01T08:30:00-00:00,2022-09-01,02,BERVLLY_6_N001,BERVLLY_6_N001,BERVLLY_6_N001,RTPD,MCL,LMP_LOSS_PRC,BERVLLY_6_N001,ALL,1,0,2,4
2022-09-01T09:15:00-00:00,2022-09-01T09:30:00-00:00,2022-09-01,03,BERVLLY_6_N001,BERVLLY_6_N001,BERVLLY_6_N001,RTPD,MCL,LMP_LOSS_PRC,BERVLLY_6_N001,ALL,1,11.24614,2,4
2022-09-01T10:15:00-00:00,2022-09-01T10:30:00-00:00,2022-09-01,04,BERVLLY_6_N001,BERVLLY_6_N001,BERVLLY_6_N001,RTPD,MCL,LMP_LOSS_PRC,BERVLLY_6_N001,ALL,1,10.96177,2,4
2022-09-01T11:15:00-00:00,2022-09-01T11:30:00-00:00,2022-09-01,05,BERVLLY_6_N001,BERVLLY_6_N001,BERVLLY_6_N001,RTPD,MCL,LMP_LOSS_PRC,BERVLLY_6_N001,ALL,1,12.75231,2,4
2022-09-01T12:15:00-00:00,2022-09-01T12:30:00-00:00,2022-09-01,06,BERVLLY_6_N001,BERVLLY_6_N001,BERVLLY_6_N001,RTPD,MCL,LMP_LOSS_PRC,BERVLLY_6_N001,ALL,1,15.89542,2,4
2022-09-01T13:15:00-00:00,2022-09-01T13:30:00-00:00,2022-09-01,07,BERVLLY_6_N001,BERVLLY_6_N001,BERVLLY_6_N001,RTPD,MCL,LMP_LOSS_PRC,BERVLLY_6_N001,ALL,1,11.81919,2,4
2022-09-01T14:15:00-00:00,2022-09-01T14:30:00-00:00,2022-09-01,08,BERVLLY_6_N001,BERVLLY_6_N001,BERVLLY_6_N001,RTPD,MCL,LMP_LOSS_PRC,BERVLLY_6_N001,ALL,1,10.16438,2,4
2022-09-01T15:15:00-00:00,2022-09-01T15:30:00-00:00,2022-09-01,09,BERVLLY_6_N001,BERVLLY_6_N001,BERVLLY_6_N001,RTPD,MCL,LMP_LOSS_PRC,BERVLLY_6_N001,ALL,1,0,2,4
2022-09-01T16:15:00-00:00,2022-09-01T16:30:00-00:00,2022-09-01,10,BERVLLY_6_N001,BERVLLY_6_N001,BERVLLY_6_N001,RTPD,MCL,LMP_LOSS_PRC,BERVLLY_6_N001,ALL,1,0,2,4
2022-09-01T17:15:00-00:00,2022-09-01T17:30:00-00:00,2022-09-01,11,BERVLLY_6_N001,BERVLLY_6_N001,BERVLLY_6_N001,RTPD,MCL,LMP_LOSS_PRC,BERVLLY_6_N001,ALL,1,0,2,4
2022-09-01T18:15:00-00:00,2022-09-01T18:30:00-00:00,2022-09-01,12,BERVLLY_6_N001,BERVLLY_6_N001,BERVLLY_6_N001,RTPD,MCL,LMP_LOSS_PRC,BERVLLY_6_N001,ALL,1,0,2,4
2022-09-01T19:15:00-00:00,2022-09-01T19:30:00-00:00,2022-09-01,13,BERVLLY_6_N001,BERVLLY_6_N001,BERVLLY_6_N001,RTPD,MCL,LMP_LOSS_PRC,BERVLLY_6_N001,ALL,1,0,2,4
2022-09-01T20:15:00-00:00,2022-09-01T20:30:00-00:00,2022-09-01,14,BERVLLY_6_N001,BERVLLY_6_N001,BERVLLY_6_N001,RTPD,MCL,LMP_LOSS_PRC,BERVLLY_6_N001,ALL,1,0,2,4
2022-09-01T21:15:00-00:00,2022-09-01T21:30:00-00:00,2022-09-01,15,BERVLLY_6_N001,BERVLLY_6_N001,BERVLLY_6_N001,RTPD,MCL,LMP_LOSS_PRC,BERVLLY_6_N001,ALL,1,0,2,4
2022-09-01T22:15:00-00:00,2022-09-01T22:30:00-00:00,2022-09-01,16,BERVLLY_6_N001,BERVLLY_6_N001,BERVLLY_6_N001,RTPD,MCL,LMP_LOSS_PRC,BERVLLY_6_N001,ALL,1,0,2,4
2022-09-01T23:15:00-00:00,2022-09-01T23:30:00-00:00,2022-09-01,17,BERVLLY_6_N001,BERVLLY_6_N001,BERVLLY_6_N001,RTPD,MCL,LMP_LOSS_PRC,BERVLLY_6_N001,ALL,1,0,2,4
2022-09-02T00:15:00-00:00,2022-09-02T00:30:00-00:00,2022-09-01,18,BERVLLY_6_N001,BERVLLY_6_N001,BERVLLY_6_N001,RTPD,MCL,LMP_LOSS_PRC,BERVLLY_6_N001,ALL,1,15.13768,2,4
2022-09-02T01:15:00-00:00,2022-09-02T01:30:00-00:00,2022-09-01,19,BERVLLY_6_N001,BERVLLY_6_N001,BERVLLY_6_N001,RTPD,MCL,LMP_LOSS_PRC,BERVLLY_6_N001,ALL,1,0,2,4
2022-09-02T02:15:00-00:00,2022-09-02T02:30:00-00:00,2022-09-01,20,BERVLLY_6_N001,BERVLLY_6_N001,BERVLLY_6_N001,RTPD,MCL,LMP_LOSS_PRC,BERVLLY_6_N001,ALL,1,0,2,4
2022-09-02T03:15:00-00:00,2022-09-02T03:30:00-00:00,2022-09-01,21,BERVLLY_6_N001,BERVLLY_6_N001,BERVLLY_6_N001,RTPD,MCL,LMP_LOSS_PRC,BERVLLY_6_N001,ALL,1,48.10351,2,4
2022-09-02T04:15:00-00:00,2022-09-02T04:30:00-00:00,2022-09-01,22,BERVLLY_6_N001,BERVLLY_6_N001,BERVLLY_6_N001,RTPD,MCL,LMP_LOSS_PRC,BERVLLY_6_N001,ALL,1,34.90374,2,4
2022-09-02T05:15:00-00:00,2022-09-02T05:30:00-00:00,2022-09-01,23,BERVLLY_6_N001,BERVLLY_6_N001,BERVLLY_6_N001,RTPD,MCL,LMP_LOSS_PRC,BERVLLY_6_N001,ALL,1,14.80069,2,4
2022-09-02T06:15:00-00:00,2022-09-02T06:30:00-00:00,2022-09-01,24,BERVLLY_6_N001,BERVLLY_6_N001,BERVLLY_6_N001,RTPD,MCL,LMP_LOSS_PRC,BERVLLY_6_N001,ALL,1,19.74787,2,4
2022-09-01T07:30:00-00:00,2022-09-01T07:45:00-00:00,2022-09-01,01,BERVLLY_6_N001,BERVLLY_6_N001,BERVLLY_6_N001,RTPD,MCL,LMP_LOSS_PRC,BERVLLY_6_N001,ALL,1,0,3,4
2022-09-01T08:30:00-00:00,2022-09-01T08:45:00-00:00,2022-09-01,02,BERVLLY_6_N001,BERVLLY_6_N001,BERVLLY_6_N001,RTPD,MCL,LMP_LOSS_PRC,BERVLLY_6_N001,ALL,1,13.46682,3,4
2022-09-01T09:30:00-00:00,2022-09-01T09:45:00-00:00,2022-09-01,03,BERVLLY_6_N001,BERVLLY_6_N001,BERVLLY_6_N001,RTPD,MCL,LMP_LOSS_PRC,BERVLLY_6_N001,ALL,1,10.94509,3,4
2022-09-01T10:30:00-00:00,2022-09-01T10:45:00-00:00,2022-09-01,04,BERVLLY_6_N001,BERVLLY_6_N001,BERVLLY_6_N001,RTPD,MCL,LMP_LOSS_PRC,BERVLLY_6_N001,ALL,1,10.70585,3,4
2022-09-01T11:30:00-00:00,2022-09-01T11:45:00-00:00,2022-09-01,05,BERVLLY_6_N001,BERVLLY_6_N001,BERVLLY_6_N001,RTPD,MCL,LMP_LOSS_PRC,BERVLLY_6_N001,ALL,1,12.92397,3,4
2022-09-01T12:30:00-00:00,2022-09-01T12:45:00-00:00,2022-09-01,06,BERVLLY_6_N001,BERVLLY_6_N001,BERVLLY_6_N001,RTPD,MCL,LMP_LOSS_PRC,BERVLLY_6_N001,ALL,1,15.412,3,4
2022-09-01T13:30:00-00:00,2022-09-01T13:45:00-00:00,2022-09-01,07,BERVLLY_6_N001,BERVLLY_6_N001,BERVLLY_6_N001,RTPD,MCL,LMP_LOSS_PRC,BERVLLY_6_N001,ALL,1,11.94382,3,4
2022-09-01T14:30:00-00:00,2022-09-01T14:45:00-00:00,2022-09-01,08,BERVLLY_6_N001,BERVLLY_6_N001,BERVLLY_6_N001,RTPD,MCL,LMP_LOSS_PRC,BERVLLY_6_N001,ALL,1,9.216,3,4
2022-09-01T15:30:00-00:00,2022-09-01T15:45:00-00:00,2022-09-01,09,BERVLLY_6_N001,BERVLLY_6_N001,BERVLLY_6_N001,RTPD,MCL,LMP_LOSS_PRC,BERVLLY_6_N001,ALL,1,0,3,4
2022-09-01T16:30:00-00:00,2022-09-01T16:45:00-00:00,2022-09-01,10,BERVLLY_6_N001,BERVLLY_6_N001,BERVLLY_6_N001,RTPD,MCL,LMP_LOSS_PRC,BERVLLY_6_N001,ALL,1,0,3,4
2022-09-01T17:30:00-00:00,2022-09-01T17:45:00-00:00,2022-09-01,11,BERVLLY_6_N001,BERVLLY_6_N001,BERVLLY_6_N001,RTPD,MCL,LMP_LOSS_PRC,BERVLLY_6_N001,ALL,1,0,3,4
2022-09-01T18:30:00-00:00,2022-09-01T18:45:00-00:00,2022-09-01,12,BERVLLY_6_N001,BERVLLY_6_N001,BERVLLY_6_N001,RTPD,MCL,LMP_LOSS_PRC,BERVLLY_6_N001,ALL,1,0,3,4
2022-09-01T19:30:00-00:00,2022-09-01T19:45:00-00:00,2022-09-01,13,BERVLLY_6_N001,BERVLLY_6_N001,BERVLLY_6_N001,RTPD,MCL,LMP_LOSS_PRC,BERVLLY_6_N001,ALL,1,0,3,4
2022-09-01T20:30:00-00:00,2022-09-01T20:45:00-00:00,2022-09-01,14,BERVLLY_6_N001,BERVLLY_6_N001,BERVLLY_6_N001,RTPD,MCL,LMP_LOSS_PRC,BERVLLY_6_N001,ALL,1,0,3,4
2022-09-01T21:30:00-00:00,2022-09-01T21:45:00-00:00,2022-09-01,15,BERVLLY_6_N001,BERVLLY_6_N001,BERVLLY_6_N001,RTPD,MCL,LMP_LOSS_PRC,BERVLLY_6_N001,ALL,1,0,3,4
2022-09-01T22:30:00-00:00,2022-09-01T22:45:00-00:00,2022-09-01,16,BERVLLY_6_N001,BERVLLY_6_N001,BERVLLY_6_N001,RTPD,MCL,LMP_LOSS_PRC,BERVLLY_6_N001,ALL,1,0,3,4
2022-09-01T23:30:00-00:00,2022-09-01T23:45:00-00:00,2022-09-01,17,BERVLLY_6_N001,BERVLLY_6_N001,BERVLLY_6_N001,RTPD,MCL,LMP_LOSS_PRC,BERVLLY_6_N001,ALL,1,0,3,4
2022-09-02T00:30:00-00:00,2022-09-02T00:45:00-00:00,2022-09-01,18,BERVLLY_6_N001,BERVLLY_6_N001,BERVLLY_6_N001,RTPD,MCL,LMP_LOSS_PRC,BERVLLY_6_N001,ALL,1,0,3,4
2022-09-02T01:30:00-00:00,2022-09-02T01:45:00-00:00,2022-09-01,19,BERVLLY_6_N001,BERVLLY_6_N001,BERVLLY_6_N001,RTPD,MCL,LMP_LOSS_PRC,BERVLLY_6_N001,ALL,1,0,3,4
2022-09-02T02:30:00-00:00,2022-09-02T02:45:00-00:00,2022-09-01,20,BERVLLY_6_N001,BERVLLY_6_N001,BERVLLY_6_N001,RTPD,MCL,LMP_LOSS_PRC,BERVLLY_6_N001,ALL,1,0,3,4
2022-09-02T03:30:00-00:00,2022-09-02T03:45:00-00:00,2022-09-01,21,BERVLLY_6_N001,BERVLLY_6_N001,BERVLLY_6_N001,RTPD,MCL,LMP_LOSS_PRC,BERVLLY_6_N001,ALL,1,21.14384,3,4
2022-09-02T04:30:00-00:00,2022-09-02T04:45:00-00:00,2022-09-01,22,BERVLLY_6_N001,BERVLLY_6_N001,BERVLLY_6_N001,RTPD,MCL,LMP_LOSS_PRC,BERVLLY_6_N001,ALL,1,23.84953,3,4
2022-09-02T05:30:00-00:00,2022-09-02T05:45:00-00:00,2022-09-01,23,BERVLLY_6_N001,BERVLLY_6_N001,BERVLLY_6_N001,RTPD,MCL,LMP_LOSS_PRC,BERVLLY_6_N001,ALL,1,12.85384,3,4
2022-09-02T06:30:00-00:00,2022-09-02T06:45:00-00:00,2022-09-01,24,BERVLLY_6_N001,BERVLLY_6_N001,BERVLLY_6_N001,RTPD,MCL,LMP_LOSS_PRC,BERVLLY_6_N001,ALL,1,18.14849,3,4
2022-09-01T07:45:00-00:00,2022-09-01T08:00:00-00:00,2022-09-01,01,BERVLLY_6_N001,BERVLLY_6_N001,BERVLLY_6_N001,RTPD,MCL,LMP_LOSS_PRC,BERVLLY_6_N001,ALL,1,0,4,4
2022-09-01T08:45:00-00:00,2022-09-01T09:00:00-00:00,2022-09-01,02,BERVLLY_6_N001,BERVLLY_6_N001,BERVLLY_6_N001,RTPD,MCL,LMP_LOSS_PRC,BERVLLY_6_N001,ALL,1,11.04852,4,4
2022-09-01T09:45:00-00:00,2022-09-01T10:00:00-00:00,2022-09-01,03,BERVLLY_6_N001,BERVLLY_6_N001,BERVLLY_6_N001,RTPD,MCL,LMP_LOSS_PRC,BERVLLY_6_N001,ALL,1,10.39401,4,4
2022-09-01T10:45:00-00:00,2022-09-01T11:00:00-00:00,2022-09-01,04,BERVLLY_6_N001,BERVLLY_6_N001,BERVLLY_6_N001,RTPD,MCL,LMP_LOSS_PRC,BERVLLY_6_N001,ALL,1,10.12553,4,4
2022-09-01T11:45:00-00:00,2022-09-01T12:00:00-00:00,2022-09-01,05,BERVLLY_6_N001,BERVLLY_6_N001,BERVLLY_6_N001,RTPD,MCL,LMP_LOSS_PRC,BERVLLY_6_N001,ALL,1,0,4,4
2022-09-01T12:45:00-00:00,2022-09-01T13:00:00-00:00,2022-09-01,06,BERVLLY_6_N001,BERVLLY_6_N001,BERVLLY_6_N001,RTPD,MCL,LMP_LOSS_PRC,BERVLLY_6_N001,ALL,1,0,4,4
2022-09-01T13:45:00-00:00,2022-09-01T14:00:00-00:00,2022-09-01,07,BERVLLY_6_N001,BERVLLY_6_N001,BERVLLY_6_N001,RTPD,MCL,LMP_LOSS_PRC,BERVLLY_6_N001,ALL,1,0,4,4
2022-09-01T14:45:00-00:00,2022-09-01T15:00:00-00:00,2022-09-01,08,BERVLLY_6_N001,BERVLLY_6_N001,BERVLLY_6_N001,RTPD,MCL,LMP_LOSS_PRC,BERVLLY_6_N001,ALL,1,0,4,4
2022-09-01T15:45:00-00:00,2022-09-01T16:00:00-00:00,2022-09-01,09,BERVLLY_6_N001,BERVLLY_6_N001,BERVLLY_6_N001,RTPD,MCL,LMP_LOSS_PRC,BERVLLY_6_N001,ALL,1,0,4,4
2022-09-01T16:45:00-00:00,2022-09-01T17:00:00-00:00,2022-09-01,10,BERVLLY_6_N001,BERVLLY_6_N001,BERVLLY_6_N001,RTPD,MCL,LMP_LOSS_PRC,BERVLLY_6_N001,ALL,1,0,4,4
2022-09-01T17:45:00-00:00,2022-09-01T18:00:00-00:00,2022-09-01,11,BERVLLY_6_N001,BERVLLY_6_N001,BERVLLY_6_N001,RTPD,MCL,LMP_LOSS_PRC,BERVLLY_6_N001,ALL,1,0,4,4
2022-09-01T18:45:00-00:00,2022-09-01T19:00:00-00:00,2022-09-01,12,BERVLLY_6_N001,BERVLLY_6_N001,BERVLLY_6_N001,RTPD,MCL,LMP_LOSS_PRC,BERVLLY_6_N001,ALL,1,0,4,4
2022-09-01T19:45:00-00:00,2022-09-01T20:00:00-00:00,2022-09-01,13,BERVLLY_6_N001,BERVLLY_6_N001,BERVLLY_6_N001,RTPD,MCL,LMP_LOSS_PRC,BERVLLY_6_N001,ALL,1,0,4,4
2022-09-01T20:45:00-00:00,2022-09-01T21:00:00-00:00,2022-09-01,14,BERVLLY_6_N001,BERVLLY_6_N001,BERVLLY_6_N001,RTPD,MCL,LMP_LOSS_PRC,BERVLLY_6_N001,ALL,1,0,4,4
2022-09-01T21:45:00-00:00,2022-09-01T22:00:00-00:00,2022-09-01,15,BERVLLY_6_N001,BERVLLY_6_N001,BERVLLY_6_N001,RTPD,MCL,LMP_LOSS_PRC,BERVLLY_6_N001,ALL,1,0,4,4
2022-09-01T22:45:00-00:00,2022-09-01T23:00:00-00:00,2022-09-01,16,BERVLLY_6_N001,BERVLLY_6_N001,BERVLLY_6_N001,RTPD,MCL,LMP_LOSS_PRC,BERVLLY_6_N001,ALL,1,0,4,4
2022-09-01T23:45:00-00:00,2022-09-02T00:00:00-00:00,2022-09-01,17,BERVLLY_6_N001,BERVLLY_6_N001,BERVLLY_6_N001,RTPD,MCL,LMP_LOSS_PRC,BERVLLY_6_N001,ALL,1,0,4,4
2022-09-02T00:45:00-00:00,2022-09-02T01:00:00-00:00,2022-09-01,18,BERVLLY_6_N001,BERVLLY_6_N001,BERVLLY_6_N001,RTPD,MCL,LMP_LOSS_PRC,BERVLLY_6_N001,ALL,1,0,4,4
2022-09-02T01:45:00-00:00,2022-09-02T02:00:00-00:00,2022-09-01,19,BERVLLY_6_N001,BERVLLY_6_N001,BERVLLY_6_N001,RTPD,MCL,LMP_LOSS_PRC,BERVLLY_6_N001,ALL,1,0,4,4
2022-09-02T02:45:00-00:00,2022-09-02T03:00:00-00:00,2022-09-01,20,BERVLLY_6_N001,BERVLLY_6_N001,BERVLLY_6_N001,RTPD,MCL,LMP_LOSS_PRC,BERVLLY_6_N001,ALL,1,205.49525,4,4
2022-09-02T03:45:00-00:00,2022-09-02T04:00:00-00:00,2022-09-01,21,BERVLLY_6_N001,BERVLLY_6_N001,BERVLLY_6_N001,RTPD,MCL,LMP_LOSS_PRC,BERVLLY_6_N001,ALL,1,13.28099,4,4
2022-09-02T04:45:00-00:00,2022-09-02T05:00:00-00:00,2022-09-01,22,BERVLLY_6_N001,BERVLLY_6_N001,BERVLLY_6_N001,RTPD,MCL,LMP_LOSS_PRC,BERVLLY_6_N001,ALL,1,16.51731,4,4
2022-09-02T05:45:00-00:00,2022-09-02T06:00:00-00:00,2022-09-01,23,BERVLLY_6_N001,BERVLLY_6_N001,BERVLLY_6_N001,RTPD,MCL,LMP_LOSS_PRC,BERVLLY_6_N001,ALL,1,7.17628,4,4
2022-09-02T06:45:00-00:00,2022-09-02T07:00:00-00:00,2022-09-01,24,BERVLLY_6_N001,BERVLLY_6_N001,BERVLLY_6_N001,RTPD,MCL,LMP_LOSS_PRC,BERVLLY_6_N001,ALL,1,14.64415,4,4
2022-09-01T07:00:00-00:00,2022-09-01T07:15:00-00:00,2022-09-01,01,BERVLLY_6_N001,BERVLLY_6_N001,BERVLLY_6_N001,RTPD,MGHG,LMP_GHG_PRC,BERVLLY_6_N001,ALL,1,0,1,5
2022-09-01T08:00:00-00:00,2022-09-01T08:15:00-00:00,2022-09-01,02,BERVLLY_6_N001,BERVLLY_6_N001,BERVLLY_6_N001,RTPD,MGHG,LMP_GHG_PRC,BERVLLY_6_N001,ALL,1,0,1,5
2022-09-01T09:00:00-00:00,2022-09-01T09:15:00-00:00,2022-09-01,03,BERVLLY_6_N001,BERVLLY_6_N001,BERVLLY_6_N001,RTPD,MGHG,LMP_GHG_PRC,BERVLLY_6_N001,ALL,1,0,1,5
2022-09-01T10:00:00-00:00,2022-09-01T10:15:00-00:00,2022-09-01,04,BERVLLY_6_N001,BERVLLY_6_N001,BERVLLY_6_N001,RTPD,MGHG,LMP_GHG_PRC,BERVLLY_6_N001,ALL,1,0,1,5
2022-09-01T11:00:00-00:00,2022-09-01T11:15:00-00:00,2022-09-01,05,BERVLLY_6_N001,BERVLLY_6_N001,BERVLLY_6_N001,RTPD,MGHG,LMP_GHG_PRC,BERVLLY_6_N001,ALL,1,0,1,5
2022-09-01T12:00:00-00:00,2022-09-01T12:15:00-00:00,2022-09-01,06,BERVLLY_6_N001,BERVLLY_6_N001,BERVLLY_6_N001,RTPD,MGHG,LMP_GHG_PRC,BERVLLY_6_N001,ALL,1,0,1,5
2022-09-01T13:00:00-00:00,2022-09-01T13:15:00-00:00,2022-09-01,07,BERVLLY_6_N001,BERVLLY_6_N001,BERVLLY_6_N001,RTPD,MGHG,LMP_GHG_PRC,BERVLLY_6_N001,ALL,1,0,1,5
2022-09-01T14:00:00-00:00,2022-09-01T14:15:00-00:00,2022-09-01,08,BERVLLY_6_N001,BERVLLY_6_N001,BERVLLY_6_N001,RTPD,MGHG,LMP_GHG_PRC,BERVLLY_6_N001,ALL,1,0,1,5
2022-09-01T15:00:00-00:00,2022-09-01T15:15:00-00:00,2022-09-01,09,BERVLLY_6_N001,BERVLLY_6_N001,BERVLLY_6_N001,RTPD,MGHG,LMP_GHG_PRC,BERVLLY_6_N001,ALL,1,0,1,5
2022-09-01T16:00:00-00:00,2022-09-01T16:15:00-00:00,2022-09-01,10,BERVLLY_6_N001,BERVLLY_6_N001,BERVLLY_6_N001,RTPD,MGHG,LMP_GHG_PRC,BERVLLY_6_N001,ALL,1,0,1,5
2022-09-01T17:00:00-00:00,2022-09-01T17:15:00-00:00,2022-09-01,11,BERVLLY_6_N001,BERVLLY_6_N001,BERVLLY_6_N001,RTPD,MGHG,LMP_GHG_PRC,BERVLLY_6_N001,ALL,1,0,1,5
2022-09-01T18:00:00-00:00,2022-09-01T18:15:00-00:00,2022-09-01,12,BERVLLY_6_N001,BERVLLY_6_N001,BERVLLY_6_N001,RTPD,MGHG,LMP_GHG_PRC,BERVLLY_6_N001,ALL,1,0,1,5
2022-09-01T19:00:00-00:00,2022-09-01T19:15:00-00:00,2022-09-01,13,BERVLLY_6_N001,BERVLLY_6_N001,BERVLLY_6_N001,RTPD,MGHG,LMP_GHG_PRC,BERVLLY_6_N001,ALL,1,0,1,5
2022-09-01T20:00:00-00:00,2022-09-01T20:15:00-00:00,2022-09-01,14,BERVLLY_6_N001,BERVLLY_6_N001,BERVLLY_6_N001,RTPD,MGHG,LMP_GHG_PRC,BERVLLY_6_N001,ALL,1,0,1,5
2022-09-01T21:00:00-00:00,2022-09-01T21:15:00-00:00,2022-09-01,15,BERVLLY_6_N001,BERVLLY_6_N001,BERVLLY_6_N001,RTPD,MGHG,LMP_GHG_PRC,BERVLLY_6_N001,ALL,1,0,1,5
2022-09-01T22:00:00-00:00,2022-09-01T22:15:00-00:00,2022-09-01,16,BERVLLY_6_N001,BERVLLY_6_N001,BERVLLY_6_N001,RTPD,MGHG,LMP_GHG_PRC,BERVLLY_6_N001,ALL,1,0,1,5
2022-09-01T23:00:00-00:00,2022-09-01T23:15:00-00:00,2022-09-01,17,BERVLLY_6_N001,BERVLLY_6_N001,BERVLLY_6_N001,RTPD,MGHG,LMP_GHG_PRC,BERVLLY_6_N001,ALL,1,0,1,5
2022-09-02T00:00:00-00:00,2022-09-02T00:15:00-00:00,2022-09-01,18,BERVLLY_6_N001,BERVLLY_6_N001,BERVLLY_6_N001,RTPD,MGHG,LMP_GHG_PRC,BERVLLY_6_N001,ALL,1,0,1,5
2022-09-02T01:00:00-00:00,2022-09-02T01:15:00-00:00,2022-09-01,19,BERVLLY_6_N001,BERVLLY_6_N001,BERVLLY_6_N001,RTPD,MGHG,LMP_GHG_PRC,BERVLLY_6_N001,ALL,1,0,1,5
2022-09-02T02:00:00-00:00,2022-09-02T02:15:00-00:00,2022-09-01,20,BERVLLY_6_N001,BERVLLY_6_N001,BERVLLY_6_N001,RTPD,MGHG,LMP_GHG_PRC,BERVLLY_6_N001,ALL,1,0,1,5
2022-09-02T03:00:00-00:00,2022-09-02T03:15:00-00:00,2022-09-01,21,BERVLLY_6_N001,BERVLLY_6_N001,BERVLLY_6_N001,RTPD,MGHG,LMP_GHG_PRC,BERVLLY_6_N001,ALL,1,0,1,5
2022-09-02T04:00:00-00:00,2022-09-02T04:15:00-00:00,2022-09-01,22,BERVLLY_6_N001,BERVLLY_6_N001,BERVLLY_6_N001,RTPD,MGHG,LMP_GHG_PRC,BERVLLY_6_N001,ALL,1,0,1,5
2022-09-02T05:00:00-00:00,2022-09-02T05:15:00-00:00,2022-09-01,23,BERVLLY_6_N001,BERVLLY_6_N001,BERVLLY_6_N001,RTPD,MGHG,LMP_GHG_PRC,BERVLLY_6_N001,ALL,1,0,1,5
2022-09-02T06:00:00-00:00,2022-09-02T06:15:00-00:00,2022-09-01,24,BERVLLY_6_N001,BERVLLY_6_N001,BERVLLY_6_N001,RTPD,MGHG,LMP_GHG_PRC,BERVLLY_6_N001,ALL,1,0,1,5
2022-09-01T07:15:00-00:00,2022-09-01T07:30:00-00:00,2022-09-01,01,BERVLLY_6_N001,BERVLLY_6_N001,BERVLLY_6_N001,RTPD,MGHG,LMP_GHG_PRC,BERVLLY_6_N001,ALL,1,0,2,5
2022-09-01T08:15:00-00:00,2022-09-01T08:30:00-00:00,2022-09-01,02,BERVLLY_6_N001,BERVLLY_6_N001,BERVLLY_6_N001,RTPD,MGHG,LMP_GHG_PRC,BERVLLY_6_N001,ALL,1,0,2,5
2022-09-01T09:15:00-00:00,2022-09-01T09:30:00-00:00,2022-09-01,03,BERVLLY_6_N001,BERVLLY_6_N001,BERVLLY_6_N001,RTPD,MGHG,LMP_GHG_PRC,BERVLLY_6_N001,ALL,1,0,2,5
2022-09-01T10:15:00-00:00,2022-09-01T10:30:00-00:00,2022-09-01,04,BERVLLY_6_N001,BERVLLY_6_N001,BERVLLY_6_N001,RTPD,MGHG,LMP_GHG_PRC,BERVLLY_6_N001,ALL,1,0,2,5
2022-09-01T11:15:00-00:00,2022-09-01T11:30:00-00:00,2022-09-01,05,BERVLLY_6_N001,BERVLLY_6_N001,BERVLLY_6_N001,RTPD,MGHG,LMP_GHG_PRC,BERVLLY_6_N001,ALL,1,0,2,5
2022-09-01T12:15:00-00:00,2022-09-01T12:30:00-00:00,2022-09-01,06,BERVLLY_6_N001,BERVLLY_6_N001,BERVLLY_6_N001,RTPD,MGHG,LMP_GHG_PRC,BERVLLY_6_N001,ALL,1,0,2,5
2022-09-01T13:15:00-00:00,2022-09-01T13:30:00-00:00,2022-09-01,07,BERVLLY_6_N001,BERVLLY_6_N001,BERVLLY_6_N001,RTPD,MGHG,LMP_GHG_PRC,BERVLLY_6_N001,ALL,1,0,2,5
2022-09-01T14:15:00-00:00,2022-09-01T14:30:00-00:00,2022-09-01,08,BERVLLY_6_N001,BERVLLY_6_N001,BERVLLY_6_N001,RTPD,MGHG,LMP_GHG_PRC,BERVLLY_6_N001,ALL,1,0,2,5
2022-09-01T15:15:00-00:00,2022-09-01T15:30:00-00:00,2022-09-01,09,BERVLLY_6_N001,BERVLLY_6_N001,BERVLLY_6_N001,RTPD,MGHG,LMP_GHG_PRC,BERVLLY_6_N001,ALL,1,0,2,5
2022-09-01T16:15:00-00:00,2022-09-01T16:30:00-00:00,2022-09-01,10,BERVLLY_6_N001,BERVLLY_6_N001,BERVLLY_6_N001,RTPD,MGHG,LMP_GHG_PRC,BERVLLY_6_N001,ALL,1,0,2,5
2022-09-01T17:15:00-00:00,2022-09-01T17:30:00-00:00,2022-09-01,11,BERVLLY_6_N001,BERVLLY_6_N001,BERVLLY_6_N001,RTPD,MGHG,LMP_GHG_PRC,BERVLLY_6_N001,ALL,1,0,2,5
2022-09-01T18:15:00-00:00,2022-09-01T18:30:00-00:00,2022-09-01,12,BERVLLY_6_N001,BERVLLY_6_N001,BERVLLY_6_N001,RTPD,MGHG,LMP_GHG_PRC,BERVLLY_6_N001,ALL,1,0,2,5
2022-09-01T19:15:00-00:00,2022-09-01T19:30:00-00:00,2022-09-01,13,BERVLLY_6_N001,BERVLLY_6_N001,BERVLLY_6_N001,RTPD,MGHG,LMP_GHG_PRC,BERVLLY_6_N001,ALL,1,0,2,5
2022-09-01T20:15:00-00:00,2022-09-01T20:30:00-00:00,2022-09-01,14,BERVLLY_6_N001,BERVLLY_6_N001,BERVLLY_6_N001,RTPD,MGHG,LMP_GHG_PRC,BERVLLY_6_N001,ALL,1,0,2,5
2022-09-01T21:15:00-00:00,2022-09-01T21:30:00-00:00,2022-09-01,15,BERVLLY_6_N001,BERVLLY_6_N001,BERVLLY_6_N001,RTPD,MGHG,LMP_GHG_PRC,BERVLLY_6_N001,ALL,1,0,2,5
2022-09-01T22:15:00-00:00,2022-09-01T22:30:00-00:00,2022-09-01,16,BERVLLY_6_N001,BERVLLY_6_N001,BERVLLY_6_N001,RTPD,MGHG,LMP_GHG_PRC,BERVLLY_6_N001,ALL,1,0,2,5
2022-09-01T23:15:00-00:00,2022-09-01T23:30:00-00:00,2022-09-01,17,BERVLLY_6_N001,BERVLLY_6_N001,BERVLLY_6_N001,RTPD,MGHG,LMP_GHG_PRC,BERVLLY_6_N001,ALL,1,0,2,5
2022-09-02T00:15:00-00:00,2022-09-02T00:30:00-00:00,2022-09-01,18,BERVLLY_6_N001,BERVLLY_6_N001,BERVLLY_6_N001,RTPD,MGHG,LMP_GHG_PRC,BERVLLY_6_N001,ALL,1,0,2,5
2022-09-02T01:15:00-00:00,2022-09-02T01:30:00-00:00,2022-09-01,19,BERVLLY_6_N001,BERVLLY_6_N001,BERVLLY_6_N001,RTPD,MGHG,LMP_GHG_PRC,BERVLLY_6_N001,ALL,1,0,2,5
2022-09-02T02:15:00-00:00,2022-09-02T02:30:00-00:00,2022-09-01,20,BERVLLY_6_N001,BERVLLY_6_N001,BERVLLY_6_N001,RTPD,MGHG,LMP_GHG_PRC,BERVLLY_6_N001,ALL,1,0,2,5
2022-09-02T03:15:00-00:00,2022-09-02T03:30:00-00:00,2022-09-01,21,BERVLLY_6_N001,BERVLLY_6_N001,BERVLLY_6_N001,RTPD,MGHG,LMP_GHG_PRC,BERVLLY_6_N001,ALL,1,0,2,5
2022-09-02T04:15:00-00:00,2022-09-02T04:30:00-00:00,2022-09-01,22,BERVLLY_6_N001,BERVLLY_6_N001,BERVLLY_6_N001,RTPD,MGHG,LMP_GHG_PRC,BERVLLY_6_N001,ALL,1,0,2,5
2022-09-02T05:15:00-00:00,2022-09-02T05:30:00-00:00,2022-09-01,23,BERVLLY_6_N001,BERVLLY_6_N001,BERVLLY_6_N001,RTPD,MGHG,LMP_GHG_PRC,BERVLLY_6_N001,ALL,1,0,2,5
2022-09-02T06:15:00-00:00,2022-09-02T06:30:00-00:00,2022-09-01,24,BERVLLY_6_N001,BERVLLY_6_N001,BERVLLY_6_N001,RTPD,MGHG,LMP_GHG_PRC,BERVLLY_6_N001,ALL,1,0,2,5
2022-09-01T07:30:00-00:00,2022-09-01T07:45:00-00:00,2022-09-01,01,BERVLLY_6_N001,BERVLLY_6_N001,BERVLLY_6_N001,RTPD,MGHG,LMP_GHG_PRC,BERVLLY_6_N001,ALL,1,0,3,5
2022-09-01T08:30:00-00:00,2022-09-01T08:45:00-00:00,2022-09-01,02,BERVLLY_6_N001,BERVLLY_6_N001,BERVLLY_6_N001,RTPD,MGHG,LMP_GHG_PRC,BERVLLY_6_N001,ALL,1,0,3,5
2022-09-01T09:30:00-00:00,2022-09-01T09:45:00-00:00,2022-09-01,03,BERVLLY_6_N001,BERVLLY_6_N001,BERVLLY_6_N001,RTPD,MGHG,LMP_GHG_PRC,BERVLLY_6_N001,ALL,1,0,3,5
2022-09-01T10:30:00-00:00,2022-09-01T10:45:00-00:00,2022-09-01,04,BERVLLY_6_N001,BERVLLY_6_N001,BERVLLY_6_N001,RTPD,MGHG,LMP_GHG_PRC,BERVLLY_6_N001,ALL,1,0,3,5
2022-09-01T11:30:00-00:00,2022-09-01T11:45:00-00:00,2022-09-01,05,BERVLLY_6_N001,BERVLLY_6_N001,BERVLLY_6_N001,RTPD,MGHG,LMP_GHG_PRC,BERVLLY_6_N001,ALL,1,0,3,5
2022-09-01T12:30:00-00:00,2022-09-01T12:45:00-00:00,2022-09-01,06,BERVLLY_6_N001,BERVLLY_6_N001,BERVLLY_6_N001,RTPD,MGHG,LMP_GHG_PRC,BERVLLY_6_N001,ALL,1,0,3,5
2022-09-01T13:30:00-00:00,2022-09-01T13:45:00-00:00,2022-09-01,07,BERVLLY_6_N001,BERVLLY_6_N001,BERVLLY_6_N001,RTPD,MGHG,LMP_GHG_PRC,BERVLLY_6_N001,ALL,1,0,3,5
2022-09-01T14:30:00-00:00,2022-09-01T14:45:00-00:00,2022-09-01,08,BERVLLY_6_N001,BERVLLY_6_N001,BERVLLY_6_N001,RTPD,MGHG,LMP_GHG_PRC,BERVLLY_6_N001,ALL,1,0,3,5
2022-09-01T15:30:00-00:00,2022-09-01T15:45:00-00:00,2022-09-01,09,BERVLLY_6_N001,BERVLLY_6_N001,BERVLLY_6_N001,RTPD,MGHG,LMP_GHG_PRC,BERVLLY_6_N001,ALL,1,0,3,5
2022-09-01T16:30:00-00:00,2022-09-01T16:45:00-00:00,2022-09-01,10,BERVLLY_6_N001,BERVLLY_6_N001,BERVLLY_6_N001,RTPD,MGHG,LMP_GHG_PRC,BERVLLY_6_N001,ALL,1,0,3,5
2022-09-01T17:30:00-00:00,2022-09-01T17:45:00-00:00,2022-09-01,11,BERVLLY_6_N001,BERVLLY_6_N001,BERVLLY_6_N001,RTPD,MGHG,LMP_GHG_PRC,BERVLLY_6_N001,ALL,1,0,3,5
2022-09-01T18:30:00-00:00,2022-09-01T18:45:00-00:00,2022-09-01,12,BERVLLY_6_N001,BERVLLY_6_N001,BERVLLY_6_N001,RTPD,MGHG,LMP_GHG_PRC,BERVLLY_6_N001,ALL,1,0,3,5
2022-09-01T19:30:00-00:00,2022-09-01T19:45:00-00:00,2022-09-01,13,BERVLLY_6_N001,BERVLLY_6_N001,BERVLLY_6_N001,RTPD,MGHG,LMP_GHG_PRC,BERVLLY_6_N001,ALL,1,0,3,5
2022-09-01T20:30:00-00:00,2022-09-01T20:45:00-00:00,2022-09-01,14,BERVLLY_6_N001,BERVLLY_6_N001,BERVLLY_6_N001,RTPD,MGHG,LMP_GHG_PRC,BERVLLY_6_N001,ALL,1,0,3,5
2022-09-01T21:30:00-00:00,2022-09-01T21:45:00-00:00,2022-09-01,15,BERVLLY_6_N001,BERVLLY_6_N001,BERVLLY_6_N001,RTPD,MGHG,LMP_GHG_PRC,BERVLLY_6_N001,ALL,1,0,3,5
2022-09-01T22:30:00-00:00,2022-09-01T22:45:00-00:00,2022-09-01,16,BERVLLY_6_N001,BERVLLY_6_N001,BERVLLY_6_N001,RTPD,MGHG,LMP_GHG_PRC,BERVLLY_6_N001,ALL,1,0,3,5
2022-09-01T23:30:00-00:00,2022-09-01T23:45:00-00:00,2022-09-01,17,BERVLLY_6_N001,BERVLLY_6_N001,BERVLLY_6_N001,RTPD,MGHG,LMP_GHG_PRC,BERVLLY_6_N001,ALL,1,0,3,5
2022-09-02T00:30:00-00:00,2022-09-02T00:45:00-00:00,2022-09-01,18,BERVLLY_6_N001,BERVLLY_6_N001,BERVLLY_6_N001,RTPD,MGHG,LMP_GHG_PRC,BERVLLY_6_N001,ALL,1,0,3,5
2022-09-02T01:30:00-00:00,2022-09-02T01:45:00-00:00,2022-09-01,19,BERVLLY_6_N001,BERVLLY_6_N001,BERVLLY_6_N001,RTPD,MGHG,LMP_GHG_PRC,BERVLLY_6_N001,ALL,1,0,3,5
2022-09-02T02:30:00-00:00,2022-09-02T02:45:00-00:00,2022-09-01,20,BERVLLY_6_N001,BERVLLY_6_N001,BERVLLY_6_N001,RTPD,MGHG,LMP_GHG_PRC,BERVLLY_6_N001,ALL,1,0,3,5
2022-09-02T03:30:00-00:00,2022-09-02T03:45:00-00:00,2022-09-01,21,BERVLLY_6_N001,BERVLLY_6_N001,BERVLLY_6_N001,RTPD,MGHG,LMP_GHG_PRC,BERVLLY_6_N001,ALL,1,0,3,5
2022-09-02T04:30:00-00:00,2022-09-02T04:45:00-00:00,2022-09-01,22,BERVLLY_6_N001,BERVLLY_6_N001,BERVLLY_6_N001,RTPD,MGHG,LMP_GHG_PRC,BERVLLY_6_N001,ALL,1,0,3,5
2022-09-02T05:30:00-00:00,2022-09-02T05:45:00-00:00,2022-09-01,23,BERVLLY_6_N001,BERVLLY_6_N001,BERVLLY_6_N001,RTPD,MGHG,LMP_GHG_PRC,BERVLLY_6_N001,ALL,1,0,3,5
2022-09-02T06:30:00-00:00,2022-09-02T06:45:00-00:00,2022-09-01,24,BERVLLY_6_N001,BERVLLY_6_N001,BERVLLY_6_N001,RTPD,MGHG,LMP_GHG_PRC,BERVLLY_6_N001,ALL,1,0,3,5
2022-09-01T07:45:00-00:00,2022-09-01T08:00:00-00:00,2022-09-01,01,BERVLLY_6_N001,BERVLLY_6_N001,BERVLLY_6_N001,RTPD,MGHG,LMP_GHG_PRC,BERVLLY_6_N001,ALL,1,0,4,5
2022-09-01T08:45:00-00:00,2022-09-01T09:00:00-00:00,2022-09-01,02,BERVLLY_6_N001,BERVLLY_6_N001,BERVLLY_6_N001,RTPD,MGHG,LMP_GHG_PRC,BERVLLY_6_N001,ALL,1,0,4,5
2022-09-01T09:45:00-00:00,2022-09-01T10:00:00-00:00,2022-09-01,03,BERVLLY_6_N001,BERVLLY_6_N001,BERVLLY_6_N001,RTPD,MGHG,LMP_GHG_PRC,BERVLLY_6_N001,ALL,1,0,4,5
2022-09-01T10:45:00-00:00,2022-09-01T11:00:00-00:00,2022-09-01,04,BERVLLY_6_N001,BERVLLY_6_N001,BERVLLY_6_N001,RTPD,MGHG,LMP_GHG_PRC,BERVLLY_6_N001,ALL,1,0,4,5
2022-09-01T11:45:00-00:00,2022-09-01T12:00:00-00:00,2022-09-01,05,BERVLLY_6_N001,BERVLLY_6_N001,BERVLLY_6_N001,RTPD,MGHG,LMP_GHG_PRC,BERVLLY_6_N001,ALL,1,0,4,5
2022-09-01T12:45:00-00:00,2022-09-01T13:00:00-00:00,2022-09-01,06,BERVLLY_6_N001,BERVLLY_6_N001,BERVLLY_6_N001,RTPD,MGHG,LMP_GHG_PRC,BERVLLY_6_N001,ALL,1,0,4,5
2022-09-01T13:45:00-00:00,2022-09-01T14:00:00-00:00,2022-09-01,07,BERVLLY_6_N001,BERVLLY_6_N001,BERVLLY_6_N001,RTPD,MGHG,LMP_GHG_PRC,BERVLLY_6_N001,ALL,1,0,4,5
2022-09-01T14:45:00-00:00,2022-09-01T15:00:00-00:00,2022-09-01,08,BERVLLY_6_N001,BERVLLY_6_N001,BERVLLY_6_N001,RTPD,MGHG,LMP_GHG_PRC,BERVLLY_6_N001,ALL,1,0,4,5
2022-09-01T15:45:00-00:00,2022-09-01T16:00:00-00:00,2022-09-01,09,BERVLLY_6_N001,BERVLLY_6_N001,BERVLLY_6_N001,RTPD,MGHG,LMP_GHG_PRC,BERVLLY_6_N001,ALL,1,0,4,5
2022-09-01T16:45:00-00:00,2022-09-01T17:00:00-00:00,2022-09-01,10,BERVLLY_6_N001,BERVLLY_6_N001,BERVLLY_6_N001,RTPD,MGHG,LMP_GHG_PRC,BERVLLY_6_N001,ALL,1,0,4,5
2022-09-01T17:45:00-00:00,2022-09-01T18:00:00-00:00,2022-09-01,11,BERVLLY_6_N001,BERVLLY_6_N001,BERVLLY_6_N001,RTPD,MGHG,LMP_GHG_PRC,BERVLLY_6_N001,ALL,1,0,4,5
2022-09-01T18:45:00-00:00,2022-09-01T19:00:00-00:00,2022-09-01,12,BERVLLY_6_N001,BERVLLY_6_N001,BERVLLY_6_N001,RTPD,MGHG,LMP_GHG_PRC,BERVLLY_6_N001,ALL,1,0,4,5
2022-09-01T19:45:00-00:00,2022-09-01T20:00:00-00:00,2022-09-01,13,BERVLLY_6_N001,BERVLLY_6_N001,BERVLLY_6_N001,RTPD,MGHG,LMP_GHG_PRC,BERVLLY_6_N001,ALL,1,0,4,5
2022-09-01T20:45:00-00:00,2022-09-01T21:00:00-00:00,2022-09-01,14,BERVLLY_6_N001,BERVLLY_6_N001,BERVLLY_6_N001,RTPD,MGHG,LMP_GHG_PRC,BERVLLY_6_N001,ALL,1,0,4,5
2022-09-01T21:45:00-00:00,2022-09-01T22:00:00-00:00,2022-09-01,15,BERVLLY_6_N001,BERVLLY_6_N001,BERVLLY_6_N001,RTPD,MGHG,LMP_GHG_PRC,BERVLLY_6_N001,ALL,1,0,4,5
2022-09-01T22:45:00-00:00,2022-09-01T23:00:00-00:00,2022-09-01,16,BERVLLY_6_N001,BERVLLY_6_N001,BERVLLY_6_N001,RTPD,MGHG,LMP_GHG_PRC,BERVLLY_6_N001,ALL,1,0,4,5
2022-09-01T23:45:00-00:00,2022-09-02T00:00:00-00:00,2022-09-01,17,BERVLLY_6_N001,BERVLLY_6_N001,BERVLLY_6_N001,RTPD,MGHG,LMP_GHG_PRC,BERVLLY_6_N001,ALL,1,0,4,5
2022-09-02T00:45:00-00:00,2022-09-02T01:00:00-00:00,2022-09-01,18,BERVLLY_6_N001,BERVLLY_6_N001,BERVLLY_6_N001,RTPD,MGHG,LMP_GHG_PRC,BERVLLY_6_N001,ALL,1,0,4,5
2022-09-02T01:45:00-00:00,2022-09-02T02:00:00-00:00,2022-09-01,19,BERVLLY_6_N001,BERVLLY_6_N001,BERVLLY_6_N001,RTPD,MGHG,LMP_GHG_PRC,BERVLLY_6_N001,ALL,1,0,4,5
2022-09-02T02:45:00-00:00,2022-09-02T03:00:00-00:00,2022-09-01,20,BERVLLY_6_N001,BERVLLY_6_N001,BERVLLY_6_N001,RTPD,MGHG,LMP_GHG_PRC,BERVLLY_6_N001,ALL,1,0,4,5
2022-09-02T03:45:00-00:00,2022-09-02T04:00:00-00:00,2022-09-01,21,BERVLLY_6_N001,BERVLLY_6_N001,BERVLLY_6_N001,RTPD,MGHG,LMP_GHG_PRC,BERVLLY_6_N001,ALL,1,0,4,5
2022-09-02T04:45:00-00:00,2022-09-02T05:00:00-00:00,2022-09-01,22,BERVLLY_6_N001,BERVLLY_6_N001,BERVLLY_6_N001,RTPD,MGHG,LMP_GHG_PRC,BERVLLY_6_N001,ALL,1,0,4,5
2022-09-02T05:45:00-00:00,2022-09-02T06:00:00-00:00,2022-09-01,23,BERVLLY_6_N001,BERVLLY_6_N001,BERVLLY_6_N001,RTPD,MGHG,LMP_GHG_PRC,BERVLLY_6_N001,ALL,1,0,4,5
2022-09-02T06:45:00-00:00,2022-09-02T07:00:00-00:00,2022-09-01,24,BERVLLY_6_N001,BERVLLY_6_N001,BERVLLY_6_N001,RTPD,MGHG,LMP_GHG_PRC,BERVLLY_6_N001,ALL,1,0,4,5
