INTERVALSTARTTIME_GMT,INTERVALENDTIME_GMT,OPR_DT,OPR_HR,NODE_ID_XML,NODE_ID,NODE,MARKET_RUN_ID,LMP_TYPE,XML_DATA_ITEM,PNODE_RESMRID,GRP_TYPE,POS,PRC,OPR_INTERVAL,GROUP
2022-09-01T07:00:00-00:00,2022-09-01T07:15:00-00:00,2022-09-01,01,STD_GNODER,STD_GNODER,STD_GNODER,RTPD,LMP,LMP_PRC,STD_GNODER,ALL,1,87.69514,1,1
2022-09-01T08:00:00-00:00,2022-09-01T08:15:00-00:00,2022-09-01,02,STD_GNODER,STD_GNODER,STD_GNODER,RTPD,LMP,LMP_PRC,STD_GNODER,ALL,1,112.27561,1,1
2022-09-01T09:00:00-00:00,2022-09-01T09:15:00-00:00,2022-09-01,03,STD_GNODER,STD_GNODER,STD_GNODER,RTPD,LMP,LMP_PRC,STD_GNODER,ALL,1,95.97193,1,1
2022-09-01T10:00:00-00:00,2022-09-01T10:15:00-00:00,2022-09-01,04,STD_GNODER,STD_GNODER,STD_GNODER,RTPD,LMP,LMP_PRC,STD_GNODER,ALL,1,95.67898,1,1
2022-09-01T11:00:00-00:00,2022-09-01T11:15:00-00:00,2022-09-01,05,STD_GNODER,STD_GNODER,STD_GNODER,RTPD,LMP,LMP_PRC,STD_GNODER,ALL,1,103.34932,1,1
2022-09-01T12:00:00-00:00,2022-09-01T12:15:00-00:00,2022-09-01,06,STD_GNODER,STD_GNODER,STD_GNODER,RTPD,LMP,LMP_PRC,STD_GNODER,ALL,1,87.2223,1,1
2022-09-01T13:00:00-00:00,2022-09-01T13:15:00-00:00,2022-09-01,07,STD_GNODER,STD_GNODER,STD_GNODER,RTPD,LMP,LMP_PRC,STD_GNODER,ALL,1,88.89725,1,1
2022-09-01T14:00:00-00:00,2022-09-01T14:15:00-00:00,2022-09-01,08,STD_GNODER,STD_GNODER,STD_GNODER,RTPD,LMP,LMP_PRC,STD_GNODER,ALL,1,113.76654,1,1
2022-09-01T15:00:00-00:00,2022-09-01T15:15:00-00:00,2022-09-01,09,STD_GNODER,STD_GNODER,STD_GNODER,RTPD,LMP,LMP_PRC,STD_GNODER,ALL,1,97.4124,1,1
2022-09-01T16:00:00-00:00,2022-09-01T16:15:00-00:00,2022-09-01,10,STD_GNODER,STD_GNODER,STD_GNODER,RTPD,LMP,LMP_PRC,STD_GNODER,ALL,1,83.43645,1,1
2022-09-01T17:00:00-00:00,2022-09-01T17:15:00-00:00,2022-09-01,11,STD_GNODER,STD_GNODER,STD_GNODER,RTPD,LMP,LMP_PRC,STD_GNODER,ALL,1,80.58359,1,1
2022-09-01T18:00:00-00:00,2022-09-01T18:15:00-00:00,2022-09-01,12,STD_GNODER,STD_GNODER,STD_GNODER,RTPD,LMP,LMP_PRC,STD_GNODER,ALL,1,59.63174,1,1
2022-09-01T19:00:00-00:00,2022-09-01T19:15:00-00:00,2022-09-01,13,STD_GNODER,STD_GNODER,STD_GNODER,RTPD,LMP,LMP_PRC,STD_GNODER,ALL,1,73.90915,1,1
2022-09-01T20:00:00-00:00,2022-09-01T20:15:00-00:00,2022-09-01,14,STD_GNODER,STD_GNODER,STD_GNODER,RTPD,LMP,LMP_PRC,STD_GNODER,ALL,1,114.47529,1,1
2022-09-01T21:00:00-00:00,2022-09-01T21:15:00-00:00,2022-09-01,15,STD_GNODER,STD_GNODER,STD_GNODER,RTPD,LMP,LMP_PRC,STD_GNODER,ALL,1,128.4195,1,1
2022-09-01T22:00:00-00:00,2022-09-01T22:15:00-00:00,2022-09-01,16,STD_GNODER,STD_GNODER,STD_GNODER,RTPD,LMP,LMP_PRC,STD_GNODER,ALL,1,122.85337,1,1
2022-09-01T23:00:00-00:00,2022-09-01T23:15:00-00:00,2022-09-01,17,STD_GNODER,STD_GNODER,STD_GNODER,RTPD,LMP,LMP_PRC,STD_GNODER,ALL,1,219.2342,1,1
2022-09-02T00:00:00-00:00,2022-09-02T00:15:00-00:00,2022-09-01,18,STD_GNODER,STD_GNODER,STD_GNODER,RTPD,LMP,LMP_PRC,STD_GNODER,ALL,1,1140.8093,1,1
2022-09-02T01:00:00-00:00,2022-09-02T01:15:00-00:00,2022-09-01,19,STD_GNODER,STD_GNODER,STD_GNODER,RTPD,LMP,LMP_PRC,STD_GNODER,ALL,1,1235.6378,1,1
2022-09-02T02:00:00-00:00,2022-09-02T02:15:00-00:00,2022-09-01,20,STD_GNODER,STD_GNODER,STD_GNODER,RTPD,LMP,LMP_PRC,STD_GNODER,ALL,1,1991.671,1,1
2022-09-02T03:00:00-00:00,2022-09-02T03:15:00-00:00,2022-09-01,21,STD_GNODER,STD_GNODER,STD_GNODER,RTPD,LMP,LMP_PRC,STD_GNODER,ALL,1,1378.5216,1,1
2022-09-02T04:00:00-00:00,2022-09-02T04:15:00-00:00,2022-09-01,22,STD_GNODER,STD_GNODER,STD_GNODER,RTPD,LMP,LMP_PRC,STD_GNODER,ALL,1,267.75525,1,1
2022-09-02T05:00:00-00:00,2022-09-02T05:15:00-00:00,2022-09-01,23,STD_GNODER,STD_GNODER,STD_GNODER,RTPD,LMP,LMP_PRC,STD_GNODER,ALL,1,189.5515,1,1
2022-09-02T06:00:00-00:00,2022-09-02T06:15:00-00:00,2022-09-01,24,STD_GNODER,STD_GNODER,STD_GNODER,RTPD,LMP,LMP_PRC,STD_GNODER,ALL,1,162.6175,1,1
2022-09-01T07:15:00-00:00,2022-09-01T07:30:00-00:00,2022-09-01,01,STD_GNODER,STD_GNODER,STD_GNODER,RTPD,LMP,LMP_PRC,STD_GNODER,ALL,1,115.7337,2,1
2022-09-01T08:15:00-00:00,2022-09-01T08:30:00-00:00,2022-09-01,02,STD_GNODER,STD_GNODER,STD_GNODER,RTPD,LMP,LMP_PRC,STD_GNODER,ALL,1,114.63685,2,1
2022-09-01T09:15:00-00:00,2022-09-01T09:30:00-00:00,2022-09-01,03,STD_GNODER,STD_GNODER,STD_GNODER,RTPD,LMP,LMP_PRC,STD_GNODER,ALL,1,93.24737,2,1
2022-09-01T10:15:00-00:00,2022-09-01T10:30:00-00:00,2022-09-01,04,STD_GNODER,STD_GNODER,STD_GNODER,RTPD,LMP,LMP_PRC,STD_GNODER,ALL,1,92.36423,2,1
2022-09-01T11:15:00-00:00,2022-09-01T11:30:00-00:00,2022-09-01,05,STD_GNODER,STD_GNODER,STD_GNODER,RTPD,LMP,LMP_PRC,STD_GNODER,ALL,1,103.84436,2,1
2022-09-01T12:15:00-00:00,2022-09-01T12:30:00-00:00,2022-09-01,06,STD_GNODER,STD_GNODER,STD_GNODER,RTPD,LMP,LMP_PRC,STD_GNODER,ALL,1,103.54287,2,1
2022-09-01T13:15:00-00:00,2022-09-01T13:30:00-00:00,2022-09-01,07,STD_GNODER,STD_GNODER,STD_GNODER,RTPD,LMP,LMP_PRC,STD_GNODER,ALL,1,110.90014,2,1
2022-09-01T14:15:00-00:00,2022-09-01T14:30:00-00:00,2022-09-01,08,STD_GNODER,STD_GNODER,STD_GNODER,RTPD,LMP,LMP_PRC,STD_GNODER,ALL,1,107.32206,2,1
2022-09-01T15:15:00-00:00,2022-09-01T15:30:00-00:00,2022-09-01,09,STD_GNODER,STD_GNODER,STD_GNODER,RTPD,LMP,LMP_PRC,STD_GNODER,ALL,1,86.94,2,1
2022-09-01T16:15:00-00:00,2022-09-01T16:30:00-00:00,2022-09-01,10,STD_GNODER,STD_GNODER,STD_GNODER,RTPD,LMP,LMP_PRC,STD_GNODER,ALL,1,87.83857,2,1
2022-09-01T17:15:00-00:00,2022-09-01T17:30:00-00:00,2022-09-01,11,STD_GNODER,STD_GNODER,STD_GNODER,RTPD,LMP,LMP_PRC,STD_GNODER,ALL,1,79.30233,2,1
2022-09-01T18:15:00-00:00,2022-09-01T18:30:00-00:00,2022-09-01,12,STD_GNODER,STD_GNODER,STD_GNODER,RTPD,LMP,LMP_PRC,STD_GNODER,ALL,1,75.13314,2,1
2022-09-01T19:15:00-00:00,2022-09-01T19:30:00-00:00,2022-09-01,13,STD_GNODER,STD_GNODER,STD_GNODER,RTPD,LMP,LMP_PRC,STD_GNODER,ALL,1,76.24802,2,1
2022-09-01T20:15:00-00:00,2022-09-01T20:30:00-00:00,2022-09-01,14,STD_GNODER,STD_GNODER,STD_GNODER,RTPD,LMP,LMP_PRC,STD_GNODER,ALL,1,114.35435,2,1
2022-09-01T21:15:00-00:00,2022-09-01T21:30:00-00:00,2022-09-01,15,STD_GNODER,STD_GNODER,STD_GNODER,RTPD,LMP,LMP_PRC,STD_GNODER,ALL,1,120.67483,2,1
2022-09-01T22:15:00-00:00,2022-09-01T22:30:00-00:00,2022-09-01,16,STD_GNODER,STD_GNODER,STD_GNODER,RTPD,LMP,LMP_PRC,STD_GNODER,ALL,1,139.93927,2,1
2022-09-01T23:15:00-00:00,2022-09-01T23:30:00-00:00,2022-09-01,17,STD_GNODER,STD_GNODER,STD_GNODER,RTPD,LMP,LMP_PRC,STD_GNODER,ALL,1,264.37463,2,1
2022-09-02T00:15:00-00:00,2022-09-02T00:30:00-00:00,2022-09-01,18,STD_GNODER,STD_GNODER,STD_GNODER,RTPD,LMP,LMP_PRC,STD_GNODER,ALL,1,1049.5392,2,1
2022-09-02T01:15:00-00:00,2022-09-02T01:30:00-00:00,2022-09-01,19,STD_GNODER,STD_GNODER,STD_GNODER,RTPD,LMP,LMP_PRC,STD_GNODER,ALL,1,1999.9945,2,1
2022-09-02T02:15:00-00:00,2022-09-02T02:30:00-00:00,2022-09-01,20,STD_GNODER,STD_GNODER,STD_GNODER,RTPD,LMP,LMP_PRC,STD_GNODER,ALL,1,1991.671,2,1
2022-09-02T03:15:00-00:00,2022-09-02T03:30:00-00:00,2022-09-01,21,STD_GNODER,STD_GNODER,STD_GNODER,RTPD,LMP,LMP_PRC,STD_GNODER,ALL,1,567.52527,2,1
2022-09-02T04:15:00-00:00,2022-09-02T04:30:00-00:00,2022-09-01,22,STD_GNODER,STD_GNODER,STD_GNODER,RTPD,LMP,LMP_PRC,STD_GNODER,ALL,1,232.41316,2,1
2022-09-02T05:15:00-00:00,2022-09-02T05:30:00-00:00,2022-09-01,23,STD_GNODER,STD_GNODER,STD_GNODER,RTPD,LMP,LMP_PRC,STD_GNODER,ALL,1,161.92896,2,1
2022-09-02T06:15:00-00:00,2022-09-02T06:30:00-00:00,2022-09-01,24,STD_GNODER,STD_GNODER,STD_GNODER,RTPD,LMP,LMP_PRC,STD_GNODER,ALL,1,145.10512,2,1
2022-09-01T07:30:00-00:00,2022-09-01T07:45:00-00:00,2022-09-01,01,STD_GNODER,STD_GNODER,STD_GNODER,RTPD,LMP,LMP_PRC,STD_GNODER,ALL,1,103.12732,3,1
2022-09-01T08:30:00-00:00,2022-09-01T08:45:00-00:00,2022-09-01,02,STD_GNODER,STD_GNODER,STD_GNODER,RTPD,LMP,LMP_PRC,STD_GNODER,ALL,1,112.41279,3,1
2022-09-01T09:30:00-00:00,2022-09-01T09:45:00-00:00,2022-09-01,03,STD_GNODER,STD_GNODER,STD_GNODER,RTPD,LMP,LMP_PRC,STD_GNODER,ALL,1,92.98808,3,1
2022-09-01T10:30:00-00:00,2022-09-01T10:45:00-00:00,2022-09-01,04,STD_GNODER,STD_GNODER,STD_GNODER,RTPD,LMP,LMP_PRC,STD_GNODER,ALL,1,94.13031,3,1
2022-09-01T11:30:00-00:00,2022-09-01T11:45:00-00:00,2022-09-01,05,STD_GNODER,STD_GNODER,STD_GNODER,RTPD,LMP,LMP_PRC,STD_GNODER,ALL,1,103.77432,3,1
2022-09-01T12:30:00-00:00,2022-09-01T12:45:00-00:00,2022-09-01,06,STD_GNODER,STD_GNODER,STD_GNODER,RTPD,LMP,LMP_PRC,STD_GNODER,ALL,1,103.55916,3,1
2022-09-01T13:30:00-00:00,2022-09-01T13:45:00-00:00,2022-09-01,07,STD_GNODER,STD_GNODER,STD_GNODER,RTPD,LMP,LMP_PRC,STD_GNODER,ALL,1,112.25507,3,1
2022-09-01T14:30:00-00:00,2022-09-01T14:45:00-00:00,2022-09-01,08,STD_GNODER,STD_GNODER,STD_GNODER,RTPD,LMP,LMP_PRC,STD_GNODER,ALL,1,104.50111,3,1
2022-09-01T15:30:00-00:00,2022-09-01T15:45:00-00:00,2022-09-01,09,STD_GNODER,STD_GNODER,STD_GNODER,RTPD,LMP,LMP_PRC,STD_GNODER,ALL,1,86.14,3,1
2022-09-01T16:30:00-00:00,2022-09-01T16:45:00-00:00,2022-09-01,10,STD_GNODER,STD_GNODER,STD_GNODER,RTPD,LMP,LMP_PRC,STD_GNODER,ALL,1,75.30548,3,1
2022-09-01T17:30:00-00:00,2022-09-01T17:45:00-00:00,2022-09-01,11,STD_GNODER,STD_GNODER,STD_GNODER,RTPD,LMP,LMP_PRC,STD_GNODER,ALL,1,79.01045,3,1
2022-09-01T18:30:00-00:00,2022-09-01T18:45:00-00:00,2022-09-01,12,STD_GNODER,STD_GNODER,STD_GNODER,RTPD,LMP,LMP_PRC,STD_GNODER,ALL,1,79.91461,3,1
2022-09-01T19:30:00-00:00,2022-09-01T19:45:00-00:00,2022-09-01,13,STD_GNODER,STD_GNODER,STD_GNODER,RTPD,LMP,LMP_PRC,STD_GNODER,ALL,1,101.59087,3,1
2022-09-01T20:30:00-00:00,2022-09-01T20:45:00-00:00,2022-09-01,14,STD_GNODER,STD_GNODER,STD_GNODER,RTPD,LMP,LMP_PRC,STD_GNODER,ALL,1,117.1437,3,1
2022-09-01T21:30:00-00:00,2022-09-01T21:45:00-00:00,2022-09-01,15,STD_GNODER,STD_GNODER,STD_GNODER,RTPD,LMP,LMP_PRC,STD_GNODER,ALL,1,128.5525,3,1
2022-09-01T22:30:00-00:00,2022-09-01T22:45:00-00:00,2022-09-01,16,STD_GNODER,STD_GNODER,STD_GNODER,RTPD,LMP,LMP_PRC,STD_GNODER,ALL,1,157.75629,3,1
2022-09-01T23:30:00-00:00,2022-09-01T23:45:00-00:00,2022-09-01,17,STD_GNODER,STD_GNODER,STD_GNODER,RTPD,LMP,LMP_PRC,STD_GNODER,ALL,1,566.4828,3,1
2022-09-02T00:30:00-00:00,2022-09-02T00:45:00-00:00,2022-09-01,18,STD_GNODER,STD_GNODER,STD_GNODER,RTPD,LMP,LMP_PRC,STD_GNODER,ALL,1,1774.8181,3,1
2022-09-02T01:30:00-00:00,2022-09-02T01:45:00-00:00,2022-09-01,19,STD_GNODER,STD_GNODER,STD_GNODER,RTPD,LMP,LMP_PRC,STD_GNODER,ALL,1,1999.9944,3,1
2022-09-02T02:30:00-00:00,2022-09-02T02:45:00-00:00,2022-09-01,20,STD_GNODER,STD_GNODER,STD_GNODER,RTPD,LMP,LMP_PRC,STD_GNODER,ALL,1,1991.6698,3,1
2022-09-02T03:30:00-00:00,2022-09-02T03:45:00-00:00,2022-09-01,21,STD_GNODER,STD_GNODER,STD_GNODER,RTPD,LMP,LMP_PRC,STD_GNODER,ALL,1,230.06943,3,1
2022-09-02T04:30:00-00:00,2022-09-02T04:45:00-00:00,2022-09-01,22,STD_GNODER,STD_GNODER,STD_GNODER,RTPD,LMP,LMP_PRC,STD_GNODER,ALL,1,184.72421,3,1
2022-09-02T05:30:00-00:00,2022-09-02T05:45:00-00:00,2022-09-01,23,STD_GNODER,STD_GNODER,STD_GNODER,RTPD,LMP,LMP_PRC,STD_GNODER,ALL,1,135.13776,3,1
2022-09-02T06:30:00-00:00,2022-09-02T06:45:00-00:00,2022-09-01,24,STD_GNODER,STD_GNODER,STD_GNODER,RTPD,LMP,LMP_PRC,STD_GNODER,ALL,1,131.2972,3,1
2022-09-01T07:45:00-00:00,2022-09-01T08:00:00-00:00,2022-09-01,01,STD_GNODER,STD_GNODER,STD_GNODER,RTPD,LMP,LMP_PRC,STD_GNODER,ALL,1,91.07903,4,1
2022-09-01T08:45:00-00:00,2022-09-01T09:00:00-00:00,2022-09-01,02,STD_GNODER,STD_GNODER,STD_GNODER,RTPD,LMP,LMP_PRC,STD_GNODER,ALL,1,95.34814,4,1
2022-09-01T09:45:00-00:00,2022-09-01T10:00:00-00:00,2022-09-01,03,STD_GNODER,STD_GNODER,STD_GNODER,RTPD,LMP,LMP_PRC,STD_GNODER,ALL,1,92.98193,4,1
2022-09-01T10:45:00-00:00,2022-09-01T11:00:00-00:00,2022-09-01,04,STD_GNODER,STD_GNODER,STD_GNODER,RTPD,LMP,LMP_PRC,STD_GNODER,ALL,1,94.2929,4,1
2022-09-01T11:45:00-00:00,2022-09-01T12:00:00-00:00,2022-09-01,05,STD_GNODER,STD_GNODER,STD_GNODER,RTPD,LMP,LMP_PRC,STD_GNODER,ALL,1,107.0112,4,1
2022-09-01T12:45:00-00:00,2022-09-01T13:00:00-00:00,2022-09-01,06,STD_GNODER,STD_GNODER,STD_GNODER,RTPD,LMP,LMP_PRC,STD_GNODER,ALL,1,114.19081,4,1
2022-09-01T13:45:00-00:00,2022-09-01T14:00:00-00:00,2022-09-01,07,STD_GNODER,STD_GNODER,STD_GNODER,RTPD,LMP,LMP_PRC,STD_GNODER,ALL,1,111.4088,4,1
2022-09-01T14:45:00-00:00,2022-09-01T15:00:00-00:00,2022-09-01,08,STD_GNODER,STD_GNODER,STD_GNODER,RTPD,LMP,LMP_PRC,STD_GNODER,ALL,1,86.14,4,1
2022-09-01T15:45:00-00:00,2022-09-01T16:00:00-00:00,2022-09-01,09,STD_GNODER,STD_GNODER,STD_GNODER,RTPD,LMP,LMP_PRC,STD_GNODER,ALL,1,78.70196,4,1
2022-09-01T16:45:00-00:00,2022-09-01T17:00:00-00:00,2022-09-01,10,STD_GNODER,STD_GNODER,STD_GNODER,RTPD,LMP,LMP_PRC,STD_GNODER,ALL,1,79.09975,4,1
2022-09-01T17:45:00-00:00,2022-09-01T18:00:00-00:00,2022-09-01,11,STD_GNODER,STD_GNODER,STD_GNODER,RTPD,LMP,LMP_PRC,STD_GNODER,ALL,1,79.39552,4,1
2022-09-01T18:45:00-00:00,2022-09-01T19:00:00-00:00,2022-09-01,12,STD_GNODER,STD_GNODER,STD_GNODER,RTPD,LMP,LMP_PRC,STD_GNODER,ALL,1,82.00197,4,1
2022-09-01T19:45:00-00:00,2022-09-01T20:00:00-00:00,2022-09-01,13,STD_GNODER,STD_GNODER,STD_GNODER,RTPD,LMP,LMP_PRC,STD_GNODER,ALL,1,106.71573,4,1
2022-09-01T20:45:00-00:00,2022-09-01T21:00:00-00:00,2022-09-01,14,STD_GNODER,STD_GNODER,STD_GNODER,RTPD,LMP,LMP_PRC,STD_GNODER,ALL,1,125.9596,4,1
2022-09-01T21:45:00-00:00,2022-09-01T22:00:00-00:00,2022-09-01,15,STD_GNODER,STD_GNODER,STD_GNODER,RTPD,LMP,LMP_PRC,STD_GNODER,ALL,1,211.72366,4,1
2022-09-01T22:45:00-00:00,2022-09-01T23:00:00-00:00,2022-09-01,16,STD_GNODER,STD_GNODER,STD_GNODER,RTPD,LMP,LMP_PRC,STD_GNODER,ALL,1,176.18706,4,1
2022-09-01T23:45:00-00:00,2022-09-02T00:00:00-00:00,2022-09-01,17,STD_GNODER,STD_GNODER,STD_GNODER,RTPD,LMP,LMP_PRC,STD_GNODER,ALL,1,1649.4447,4,1
2022-09-02T00:45:00-00:00,2022-09-02T01:00:00-00:00,2022-09-01,18,STD_GNODER,STD_GNODER,STD_GNODER,RTPD,LMP,LMP_PRC,STD_GNODER,ALL,1,1799.7695,4,1
2022-09-02T01:45:00-00:00,2022-09-02T02:00:00-00:00,2022-09-01,19,STD_GNODER,STD_GNODER,STD_GNODER,RTPD,LMP,LMP_PRC,STD_GNODER,ALL,1,1991.9325,4,1
2022-09-02T02:45:00-00:00,2022-09-02T03:00:00-00:00,2022-09-01,20,STD_GNODER,STD_GNODER,STD_GNODER,RTPD,LMP,LMP_PRC,STD_GNODER,ALL,1,1860.4803,4,1
2022-09-02T03:45:00-00:00,2022-09-02T04:00:00-00:00,2022-09-01,21,STD_GNODER,STD_GNODER,STD_GNODER,RTPD,LMP,LMP_PRC,STD_GNODER,ALL,1,167.21008,4,1
2022-09-02T04:45:00-00:00,2022-09-02T05:00:00-00:00,2022-09-01,22,STD_GNODER,STD_GNODER,STD_GNODER,RTPD,LMP,LMP_PRC,STD_GNODER,ALL,1,130.51717,4,1
2022-09-02T05:45:00-00:00,2022-09-02T06:00:00-00:00,2022-09-01,23,STD_GNODER,STD_GNODER,STD_GNODER,RTPD,LMP,LMP_PRC,STD_GNODER,ALL,1,117.87328,4,1
2022-09-02T06:45:00-00:00,2022-09-02T07:00:00-00:00,2022-09-01,24,STD_GNODER,STD_GNODER,STD_GNODER,RTPD,LMP,LMP_PRC,STD_GNODER,ALL,1,111.67246,4,1
2022-09-01T07:00:00-00:00,2022-09-01T07:15:00-00:00,2022-09-01,01,STD_GNODER,STD_GNODER,STD_GNODER,RTPD,MCC,LMP_CONG_PRC,STD_GNODER,ALL,1,-16.39363,1,2
2022-09-01T08:00:00-00:00,2022-09-01T08:15:00-00:00,2022-09-01,02,STD_GNODER,STD_GNODER,STD_GNODER,RTPD,MCC,LMP_CONG_PRC,STD_GNODER,ALL,1,-3.27318,1,2
2022-09-01T09:00:00-00:00,2022-09-01T09:15:00-00:00,2022-09-01,03,STD_GNODER,STD_GNODER,STD_GNODER,RTPD,MCC,LMP_CONG_PRC,STD_GNODER,ALL,1,-4.38699,1,2
2022-09-01T10:00:00-00:00,2022-09-01T10:15:00-00:00,2022-09-01,04,STD_GNODER,STD_GNODER,STD_GNODER,RTPD,MCC,LMP_CONG_PRC,STD_GNODER,ALL,1,-3.80171,1,2
2022-09-01T11:00:00-00:00,2022-09-01T11:15:00-00:00,2022-09-01,05,STD_GNODER,STD_GNODER,STD_GNODER,RTPD,MCC,LMP_CONG_PRC,STD_GNODER,ALL,1,0.0012,1,2
2022-09-01T12:00:00-00:00,2022-09-01T12:15:00-00:00,2022-09-01,06,STD_GNODER,STD_GNODER,STD_GNODER,RTPD,MCC,LMP_CONG_PRC,STD_GNODER,ALL,1,-9.76368,1,2
2022-09-01T13:00:00-00:00,2022-09-01T13:15:00-00:00,2022-09-01,07,STD_GNODER,STD_GNODER,STD_GNODER,RTPD,MCC,LMP_CONG_PRC,STD_GNODER,ALL,1,-12.91153,1,2
2022-09-01T14:00:00-00:00,2022-09-01T14:15:00-00:00,2022-09-01,08,STD_GNODER,STD_GNODER,STD_GNODER,RTPD,MCC,LMP_CONG_PRC,STD_GNODER,ALL,1,-0.0012,1,2
2022-09-01T15:00:00-00:00,2022-09-01T15:15:00-00:00,2022-09-01,09,STD_GNODER,STD_GNODER,STD_GNODER,RTPD,MCC,LMP_CONG_PRC,STD_GNODER,ALL,1,0.0012,1,2
2022-09-01T16:00:00-00:00,2022-09-01T16:15:00-00:00,2022-09-01,10,STD_GNODER,STD_GNODER,STD_GNODER,RTPD,MCC,LMP_CONG_PRC,STD_GNODER,ALL,1,0.0012,1,2
2022-09-01T17:00:00-00:00,2022-09-01T17:15:00-00:00,2022-09-01,11,STD_GNODER,STD_GNODER,STD_GNODER,RTPD,MCC,LMP_CONG_PRC,STD_GNODER,ALL,1,-16.36538,1,2
2022-09-01T18:00:00-00:00,2022-09-01T18:15:00-00:00,2022-09-01,12,STD_GNODER,STD_GNODER,STD_GNODER,RTPD,MCC,LMP_CONG_PRC,STD_GNODER,ALL,1,-31.96117,1,2
2022-09-01T19:00:00-00:00,2022-09-01T19:15:00-00:00,2022-09-01,13,STD_GNODER,STD_GNODER,STD_GNODER,RTPD,MCC,LMP_CONG_PRC,STD_GNODER,ALL,1,-35.28722,1,2
2022-09-01T20:00:00-00:00,2022-09-01T20:15:00-00:00,2022-09-01,14,STD_GNODER,STD_GNODER,STD_GNODER,RTPD,MCC,LMP_CONG_PRC,STD_GNODER,ALL,1,-3.4683,1,2
2022-09-01T21:00:00-00:00,2022-09-01T21:15:00-00:00,2022-09-01,15,STD_GNODER,STD_GNODER,STD_GNODER,RTPD,MCC,LMP_CONG_PRC,STD_GNODER,ALL,1,-98.1955,1,2
2022-09-01T22:00:00-00:00,2022-09-01T22:15:00-00:00,2022-09-01,16,STD_GNODER,STD_GNODER,STD_GNODER,RTPD,MCC,LMP_CONG_PRC,STD_GNODER,ALL,1,-106.33213,1,2
2022-09-01T23:00:00-00:00,2022-09-01T23:15:00-00:00,2022-09-01,17,STD_GNODER,STD_GNODER,STD_GNODER,RTPD,MCC,LMP_CONG_PRC,STD_GNODER,ALL,1,-167.5195,1,2
2022-09-02T00:00:00-00:00,2022-09-02T00:15:00-00:00,2022-09-01,18,STD_GNODER,STD_GNODER,STD_GNODER,RTPD,MCC,LMP_CONG_PRC,STD_GNODER,ALL,1,324.6866,1,2
2022-09-02T01:00:00-00:00,2022-09-02T01:15:00-00:00,2022-09-01,19,STD_GNODER,STD_GNODER,STD_GNODER,RTPD,MCC,LMP_CONG_PRC,STD_GNODER,ALL,1,319.36655,1,2
2022-09-02T02:00:00-00:00,2022-09-02T02:15:00-00:00,2022-09-01,20,STD_GNODER,STD_GNODER,STD_GNODER,RTPD,MCC,LMP_CONG_PRC,STD_GNODER,ALL,1,-0.0012,1,2
2022-09-02T03:00:00-00:00,2022-09-02T03:15:00-00:00,2022-09-01,21,STD_GNODER,STD_GNODER,STD_GNODER,RTPD,MCC,LMP_CONG_PRC,STD_GNODER,ALL,1,399.21973,1,2
2022-09-02T04:00:00-00:00,2022-09-02T04:15:00-00:00,2022-09-01,22,STD_GNODER,STD_GNODER,STD_GNODER,RTPD,MCC,LMP_CONG_PRC,STD_GNODER,ALL,1,-0.0012,1,2
2022-09-02T05:00:00-00:00,2022-09-02T05:15:00-00:00,2022-09-01,23,STD_GNODER,STD_GNODER,STD_GNODER,RTPD,MCC,LMP_CONG_PRC,STD_GNODER,ALL,1,0.0012,1,2
2022-09-02T06:00:00-00:00,2022-09-02T06:15:00-00:00,2022-09-01,24,STD_GNODER,STD_GNODER,STD_GNODER,RTPD,MCC,LMP_CONG_PRC,STD_GNODER,ALL,1,0.0012,1,2
2022-09-01T07:15:00-00:00,2022-09-01T07:30:00-00:00,2022-09-01,01,STD_GNODER,STD_GNODER,STD_GNODER,RTPD,MCC,LMP_CONG_PRC,STD_GNODER,ALL,1,-9.81774,2,2
2022-09-01T08:15:00-00:00,2022-09-01T08:30:00-00:00,2022-09-01,02,STD_GNODER,STD_GNODER,STD_GNODER,RTPD,MCC,LMP_CONG_PRC,STD_GNODER,ALL,1,-0.8948,2,2
2022-09-01T09:15:00-00:00,2022-09-01T09:30:00-00:00,2022-09-01,03,STD_GNODER,STD_GNODER,STD_GNODER,RTPD,MCC,LMP_CONG_PRC,STD_GNODER,ALL,1,-5.76586,2,2
2022-09-01T10:15:00-00:00,2022-09-01T10:30:00-00:00,2022-09-01,04,STD_GNODER,STD_GNODER,STD_GNODER,RTPD,MCC,LMP_CONG_PRC,STD_GNODER,ALL,1,-5.37987,2,2
2022-09-01T11:15:00-00:00,2022-09-01T11:30:00-00:00,2022-09-01,05,STD_GNODER,STD_GNODER,STD_GNODER,RTPD,MCC,LMP_CONG_PRC,STD_GNODER,ALL,1,0.0012,2,2
2022-09-01T12:15:00-00:00,2022-09-01T12:30:00-00:00,2022-09-01,06,STD_GNODER,STD_GNODER,STD_GNODER,RTPD,MCC,LMP_CONG_PRC,STD_GNODER,ALL,1,-5.95408,2,2
2022-09-01T13:15:00-00:00,2022-09-01T13:30:00-00:00,2022-09-01,07,STD_GNODER,STD_GNODER,STD_GNODER,RTPD,MCC,LMP_CONG_PRC,STD_GNODER,ALL,1,-0.55533,2,2
2022-09-01T14:15:00-00:00,2022-09-01T14:30:00-00:00,2022-09-01,08,STD_GNODER,STD_GNODER,STD_GNODER,RTPD,MCC,LMP_CONG_PRC,STD_GNODER,ALL,1,-0.0012,2,2
2022-09-01T15:15:00-00:00,2022-09-01T15:30:00-00:00,2022-09-01,09,STD_GNODER,STD_GNODER,STD_GNODER,RTPD,MCC,LMP_CONG_PRC,STD_GNODER,ALL,1,0.0012,2,2
2022-09-01T16:15:00-00:00,2022-09-01T16:30:00-00:00,2022-09-01,10,STD_GNODER,STD_GNODER,STD_GNODER,RTPD,MCC,LMP_CONG_PRC,STD_GNODER,ALL,1,-1.61001,2,2
2022-09-01T17:15:00-00:00,2022-09-01T17:30:00-00:00,2022-09-01,11,STD_GNODER,STD_GNODER,STD_GNODER,RTPD,MCC,LMP_CONG_PRC,STD_GNODER,ALL,1,-20.0444,2,2
2022-09-01T18:15:00-00:00,2022-09-01T18:30:00-00:00,2022-09-01,12,STD_GNODER,STD_GNODER,STD_GNODER,RTPD,MCC,LMP_CONG_PRC,STD_GNODER,ALL,1,-26.02588,2,2
2022-09-01T19:15:00-00:00,2022-09-01T19:30:00-00:00,2022-09-01,13,STD_GNODER,STD_GNODER,STD_GNODER,RTPD,MCC,LMP_CONG_PRC,STD_GNODER,ALL,1,-29.05786,2,2
2022-09-01T20:15:00-00:00,2022-09-01T20:30:00-00:00,2022-09-01,14,STD_GNODER,STD_GNODER,STD_GNODER,RTPD,MCC,LMP_CONG_PRC,STD_GNODER,ALL,1,-3.13986,2,2
2022-09-01T21:15:00-00:00,2022-09-01T21:30:00-00:00,2022-09-01,15,STD_GNODER,STD_GNODER,STD_GNODER,RTPD,MCC,LMP_CONG_PRC,STD_GNODER,ALL,1,-26.53702,2,2
2022-09-01T22:15:00-00:00,2022-09-01T22:30:00-00:00,2022-09-01,16,STD_GNODER,STD_GNODER,STD_GNODER,RTPD,MCC,LMP_CONG_PRC,STD_GNODER,ALL,1,-116.64805,2,2
2022-09-01T23:15:00-00:00,2022-09-01T23:30:00-00:00,2022-09-01,17,STD_GNODER,STD_GNODER,STD_GNODER,RTPD,MCC,LMP_CONG_PRC,STD_GNODER,ALL,1,-97.74946,2,2
2022-09-02T00:15:00-00:00,2022-09-02T00:30:00-00:00,2022-09-01,18,STD_GNODER,STD_GNODER,STD_GNODER,RTPD,MCC,LMP_CONG_PRC,STD_GNODER,ALL,1,316.01843,2,2
2022-09-02T01:15:00-00:00,2022-09-02T01:30:00-00:00,2022-09-01,19,STD_GNODER,STD_GNODER,STD_GNODER,RTPD,MCC,LMP_CONG_PRC,STD_GNODER,ALL,1,0.0012,2,2
2022-09-02T02:15:00-00:00,2022-09-02T02:30:00-00:00,2022-09-01,20,STD_GNODER,STD_GNODER,STD_GNODER,RTPD,MCC,LMP_CONG_PRC,STD_GNODER,ALL,1,-0.0012,2,2
2022-09-02T03:15:00-00:00,2022-09-02T03:30:00-00:00,2022-09-01,21,STD_GNODER,STD_GNODER,STD_GNODER,RTPD,MCC,LMP_CONG_PRC,STD_GNODER,ALL,1,139.96078,2,2
2022-09-02T04:15:00-00:00,2022-09-02T04:30:00-00:00,2022-09-01,22,STD_GNODER,STD_GNODER,STD_GNODER,RTPD,MCC,LMP_CONG_PRC,STD_GNODER,ALL,1,-0.0012,2,2
2022-09-02T05:15:00-00:00,2022-09-02T05:30:00-00:00,2022-09-01,23,STD_GNODER,STD_GNODER,STD_GNODER,RTPD,MCC,LMP_CONG_PRC,STD_GNODER,ALL,1,0.0012,2,2
2022-09-02T06:15:00-00:00,2022-09-02T06:30:00-00:00,2022-09-01,24,STD_GNODER,STD_GNODER,STD_GNODER,RTPD,MCC,LMP_CONG_PRC,STD_GNODER,ALL,1,0.0012,2,2
2022-09-01T07:30:00-00:00,2022-09-01T07:45:00-00:00,2022-09-01,01,STD_GNODER,STD_GNODER,STD_GNODER,RTPD,MCC,LMP_CONG_PRC,STD_GNODER,ALL,1,-15.90464,3,2
2022-09-01T08:30:00-00:00,2022-09-01T08:45:00-00:00,2022-09-01,02,STD_GNODER,STD_GNODER,STD_GNODER,RTPD,MCC,LMP_CONG_PRC,STD_GNODER,ALL,1,0.00035,3,2
2022-09-01T09:30:00-00:00,2022-09-01T09:45:00-00:00,2022-09-01,03,STD_GNODER,STD_GNODER,STD_GNODER,RTPD,MCC,LMP_CONG_PRC,STD_GNODER,ALL,1,-5.7141,3,2
2022-09-01T10:30:00-00:00,2022-09-01T10:45:00-00:00,2022-09-01,04,STD_GNODER,STD_GNODER,STD_GNODER,RTPD,MCC,LMP_CONG_PRC,STD_GNODER,ALL,1,-3.0414,3,2
2022-09-01T11:30:00-00:00,2022-09-01T11:45:00-00:00,2022-09-01,05,STD_GNODER,STD_GNODER,STD_GNODER,RTPD,MCC,LMP_CONG_PRC,STD_GNODER,ALL,1,0.0012,3,2
2022-09-01T12:30:00-00:00,2022-09-01T12:45:00-00:00,2022-09-01,06,STD_GNODER,STD_GNODER,STD_GNODER,RTPD,MCC,LMP_CONG_PRC,STD_GNODER,ALL,1,-10.31017,3,2
2022-09-01T13:30:00-00:00,2022-09-01T13:45:00-00:00,2022-09-01,07,STD_GNODER,STD_GNODER,STD_GNODER,RTPD,MCC,LMP_CONG_PRC,STD_GNODER,ALL,1,-0.0012,3,2
2022-09-01T14:30:00-00:00,2022-09-01T14:45:00-00:00,2022-09-01,08,STD_GNODER,STD_GNODER,STD_GNODER,RTPD,MCC,LMP_CONG_PRC,STD_GNODER,ALL,1,-0.0012,3,2
2022-09-01T15:30:00-00:00,2022-09-01T15:45:00-00:00,2022-09-01,09,STD_GNODER,STD_GNODER,STD_GNODER,RTPD,MCC,LMP_CONG_PRC,STD_GNODER,ALL,1,0.0012,3,2
2022-09-01T16:30:00-00:00,2022-09-01T16:45:00-00:00,2022-09-01,10,STD_GNODER,STD_GNODER,STD_GNODER,RTPD,MCC,LMP_CONG_PRC,STD_GNODER,ALL,1,-13.49096,3,2
2022-09-01T17:30:00-00:00,2022-09-01T17:45:00-00:00,2022-09-01,11,STD_GNODER,STD_GNODER,STD_GNODER,RTPD,MCC,LMP_CONG_PRC,STD_GNODER,ALL,1,-20.11968,3,2
2022-09-01T18:30:00-00:00,2022-09-01T18:45:00-00:00,2022-09-01,12,STD_GNODER,STD_GNODER,STD_GNODER,RTPD,MCC,LMP_CONG_PRC,STD_GNODER,ALL,1,-27.14257,3,2
2022-09-01T19:30:00-00:00,2022-09-01T19:45:00-00:00,2022-09-01,13,STD_GNODER,STD_GNODER,STD_GNODER,RTPD,MCC,LMP_CONG_PRC,STD_GNODER,ALL,1,-12.46818,3,2
2022-09-01T20:30:00-00:00,2022-09-01T20:45:00-00:00,2022-09-01,14,STD_GNODER,STD_GNODER,STD_GNODER,RTPD,MCC,LMP_CONG_PRC,STD_GNODER,ALL,1,-12.67234,3,2
2022-09-01T21:30:00-00:00,2022-09-01T21:45:00-00:00,2022-09-01,15,STD_GNODER,STD_GNODER,STD_GNODER,RTPD,MCC,LMP_CONG_PRC,STD_GNODER,ALL,1,-24.37807,3,2
2022-09-01T22:30:00-00:00,2022-09-01T22:45:00-00:00,2022-09-01,16,STD_GNODER,STD_GNODER,STD_GNODER,RTPD,MCC,LMP_CONG_PRC,STD_GNODER,ALL,1,-125.42553,3,2
2022-09-01T23:30:00-00:00,2022-09-01T23:45:00-00:00,2022-09-01,17,STD_GNODER,STD_GNODER,STD_GNODER,RTPD,MCC,LMP_CONG_PRC,STD_GNODER,ALL,1,0.0012,3,2
2022-09-02T00:30:00-00:00,2022-09-02T00:45:00-00:00,2022-09-01,18,STD_GNODER,STD_GNODER,STD_GNODER,RTPD,MCC,LMP_CONG_PRC,STD_GNODER,ALL,1,445.70547,3,2
2022-09-02T01:30:00-00:00,2022-09-02T01:45:00-00:00,2022-09-01,19,STD_GNODER,STD_GNODER,STD_GNODER,RTPD,MCC,LMP_CONG_PRC,STD_GNODER,ALL,1,-0.0012,3,2
2022-09-02T02:30:00-00:00,2022-09-02T02:45:00-00:00,2022-09-01,20,STD_GNODER,STD_GNODER,STD_GNODER,RTPD,MCC,LMP_CONG_PRC,STD_GNODER,ALL,1,-0.0012,3,2
2022-09-02T03:30:00-00:00,2022-09-02T03:45:00-00:00,2022-09-01,21,STD_GNODER,STD_GNODER,STD_GNODER,RTPD,MCC,LMP_CONG_PRC,STD_GNODER,ALL,1,31.48905,3,2
2022-09-02T04:30:00-00:00,2022-09-02T04:45:00-00:00,2022-09-01,22,STD_GNODER,STD_GNODER,STD_GNODER,RTPD,MCC,LMP_CONG_PRC,STD_GNODER,ALL,1,-0.0012,3,2
2022-09-02T05:30:00-00:00,2022-09-02T05:45:00-00:00,2022-09-01,23,STD_GNODER,STD_GNODER,STD_GNODER,RTPD,MCC,LMP_CONG_PRC,STD_GNODER,ALL,1,0.0012,3,2
2022-09-02T06:30:00-00:00,2022-09-02T06:45:00-00:00,2022-09-01,24,STD_GNODER,STD_GNODER,STD_GNODER,RTPD,MCC,LMP_CONG_PRC,STD_GNODER,ALL,1,0.0012,3,2
2022-09-01T07:45:00-00:00,2022-09-01T08:00:00-00:00,2022-09-01,01,STD_GNODER,STD_GNODER,STD_GNODER,RTPD,MCC,LMP_CONG_PRC,STD_GNODER,ALL,1,-18.04195,4,2
2022-09-01T08:45:00-00:00,2022-09-01T09:00:00-00:00,2022-09-01,02,STD_GNODER,STD_GNODER,STD_GNODER,RTPD,MCC,LMP_CONG_PRC,STD_GNODER,ALL,1,-4.41442,4,2
2022-09-01T09:45:00-00:00,2022-09-01T10:00:00-00:00,2022-09-01,03,STD_GNODER,STD_GNODER,STD_GNODER,RTPD,MCC,LMP_CONG_PRC,STD_GNODER,ALL,1,-5.0981,4,2
2022-09-01T10:45:00-00:00,2022-09-01T11:00:00-00:00,2022-09-01,04,STD_GNODER,STD_GNODER,STD_GNODER,RTPD,MCC,LMP_CONG_PRC,STD_GNODER,ALL,1,-1.194,4,2
2022-09-01T11:45:00-00:00,2022-09-01T12:00:00-00:00,2022-09-01,05,STD_GNODER,STD_GNODER,STD_GNODER,RTPD,MCC,LMP_CONG_PRC,STD_GNODER,ALL,1,0.0012,4,2
2022-09-01T12:45:00-00:00,2022-09-01T13:00:00-00:00,2022-09-01,06,STD_GNODER,STD_GNODER,STD_GNODER,RTPD,MCC,LMP_CONG_PRC,STD_GNODER,ALL,1,-2.29399,4,2
2022-09-01T13:45:00-00:00,2022-09-01T14:00:00-00:00,2022-09-01,07,STD_GNODER,STD_GNODER,STD_GNODER,RTPD,MCC,LMP_CONG_PRC,STD_GNODER,ALL,1,-0.0012,4,2
2022-09-01T14:45:00-00:00,2022-09-01T15:00:00-00:00,2022-09-01,08,STD_GNODER,STD_GNODER,STD_GNODER,RTPD,MCC,LMP_CONG_PRC,STD_GNODER,ALL,1,0.0012,4,2
2022-09-01T15:45:00-00:00,2022-09-01T16:00:00-00:00,2022-09-01,09,STD_GNODER,STD_GNODER,STD_GNODER,RTPD,MCC,LMP_CONG_PRC,STD_GNODER,ALL,1,0.0012,4,2
2022-09-01T16:45:00-00:00,2022-09-01T17:00:00-00:00,2022-09-01,10,STD_GNODER,STD_GNODER,STD_GNODER,RTPD,MCC,LMP_CONG_PRC,STD_GNODER,ALL,1,-12.14958,4,2
2022-09-01T17:45:00-00:00,2022-09-01T18:00:00-00:00,2022-09-01,11,STD_GNODER,STD_GNODER,STD_GNODER,RTPD,MCC,LMP_CONG_PRC,STD_GNODER,ALL,1,-19.80992,4,2
2022-09-01T18:45:00-00:00,2022-09-01T19:00:00-00:00,2022-09-01,12,STD_GNODER,STD_GNODER,STD_GNODER,RTPD,MCC,LMP_CONG_PRC,STD_GNODER,ALL,1,-27.03867,4,2
2022-09-01T19:45:00-00:00,2022-09-01T20:00:00-00:00,2022-09-01,13,STD_GNODER,STD_GNODER,STD_GNODER,RTPD,MCC,LMP_CONG_PRC,STD_GNODER,ALL,1,-13.50918,4,2
2022-09-01T20:45:00-00:00,2022-09-01T21:00:00-00:00,2022-09-01,14,STD_GNODER,STD_GNODER,STD_GNODER,RTPD,MCC,LMP_CONG_PRC,STD_GNODER,ALL,1,-28.0655,4,2
2022-09-01T21:45:00-00:00,2022-09-01T22:00:00-00:00,2022-09-01,15,STD_GNODER,STD_GNODER,STD_GNODER,RTPD,MCC,LMP_CONG_PRC,STD_GNODER,ALL,1,-88.57011,4,2
2022-09-01T22:45:00-00:00,2022-09-01T23:00:00-00:00,2022-09-01,16,STD_GNODER,STD_GNODER,STD_GNODER,RTPD,MCC,LMP_CONG_PRC,STD_GNODER,ALL,1,-253.72664,4,2
2022-09-01T23:45:00-00:00,2022-09-02T00:00:00-00:00,2022-09-01,17,STD_GNODER,STD_GNODER,STD_GNODER,RTPD,MCC,LMP_CONG_PRC,STD_GNODER,ALL,1,388.23227,4,2
2022-09-02T00:45:00-00:00,2022-09-02T01:00:00-00:00,2022-09-01,18,STD_GNODER,STD_GNODER,STD_GNODER,RTPD,MCC,LMP_CONG_PRC,STD_GNODER,ALL,1,280.6205,4,2
2022-09-02T01:45:00-00:00,2022-09-02T02:00:00-00:00,2022-09-01,19,STD_GNODER,STD_GNODER,STD_GNODER,RTPD,MCC,LMP_CONG_PRC,STD_GNODER,ALL,1,-0.0012,4,2
2022-09-02T02:45:00-00:00,2022-09-02T03:00:00-00:00,2022-09-01,20,STD_GNODER,STD_GNODER,STD_GNODER,RTPD,MCC,LMP_CONG_PRC,STD_GNODER,ALL,1,127.21515,4,2
2022-09-02T03:45:00-00:00,2022-09-02T04:00:00-00:00,2022-09-01,21,STD_GNODER,STD_GNODER,STD_GNODER,RTPD,MCC,LMP_CONG_PRC,STD_GNODER,ALL,1,18.33882,4,2
2022-09-02T04:45:00-00:00,2022-09-02T05:00:00-00:00,2022-09-01,22,STD_GNODER,STD_GNODER,STD_GNODER,RTPD,MCC,LMP_CONG_PRC,STD_GNODER,ALL,1,0.0012,4,2
2022-09-02T05:45:00-00:00,2022-09-02T06:00:00-00:00,2022-09-01,23,STD_GNODER,STD_GNODER,STD_GNODER,RTPD,MCC,LMP_CONG_PRC,STD_GNODER,ALL,1,-4.24248,4,2
2022-09-02T06:45:00-00:00,2022-09-02T07:00:00-00:00,2022-09-01,24,STD_GNODER,STD_GNODER,STD_GNODER,RTPD,MCC,LMP_CONG_PRC,STD_GNODER,ALL,1,0.0012,4,2
2022-09-01T07:00:00-00:00,2022-09-01T07:15:00-00:00,2022-09-01,01,STD_GNODER,STD_GNODER,STD_GNODER,RTPD,MCE,LMP_ENE_PRC,STD_GNODER,ALL,1,104.23471,1,3
2022-09-01T08:00:00-00:00,2022-09-01T08:15:00-00:00,2022-09-01,02,STD_GNODER,STD_GNODER,STD_GNODER,RTPD,MCE,LMP_ENE_PRC,STD_GNODER,ALL,1,115.5488,1,3
2022-09-01T09:00:00-00:00,2022-09-01T09:15:00-00:00,2022-09-01,03,STD_GNODER,STD_GNODER,STD_GNODER,RTPD,MCE,LMP_ENE_PRC,STD_GNODER,ALL,1,99.73061,1,3
2022-09-01T10:00:00-00:00,2022-09-01T10:15:00-00:00,2022-09-01,04,STD_GNODER,STD_GNODER,STD_GNODER,RTPD,MCE,LMP_ENE_PRC,STD_GNODER,ALL,1,98.64222,1,3
2022-09-01T11:00:00-00:00,2022-09-01T11:15:00-00:00,2022-09-01,05,STD_GNODER,STD_GNODER,STD_GNODER,RTPD,MCE,LMP_ENE_PRC,STD_GNODER,ALL,1,102.56859,1,3
2022-09-01T12:00:00-00:00,2022-09-01T12:15:00-00:00,2022-09-01,06,STD_GNODER,STD_GNODER,STD_GNODER,RTPD,MCE,LMP_ENE_PRC,STD_GNODER,ALL,1,96.90845,1,3
2022-09-01T13:00:00-00:00,2022-09-01T13:15:00-00:00,2022-09-01,07,STD_GNODER,STD_GNODER,STD_GNODER,RTPD,MCE,LMP_ENE_PRC,STD_GNODER,ALL,1,101.80878,1,3
2022-09-01T14:00:00-00:00,2022-09-01T14:15:00-00:00,2022-09-01,08,STD_GNODER,STD_GNODER,STD_GNODER,RTPD,MCE,LMP_ENE_PRC,STD_GNODER,ALL,1,111.11219,1,3
2022-09-01T15:00:00-00:00,2022-09-01T15:15:00-00:00,2022-09-01,09,STD_GNODER,STD_GNODER,STD_GNODER,RTPD,MCE,LMP_ENE_PRC,STD_GNODER,ALL,1,97.4112,1,3
2022-09-01T16:00:00-00:00,2022-09-01T16:15:00-00:00,2022-09-01,10,STD_GNODER,STD_GNODER,STD_GNODER,RTPD,MCE,LMP_ENE_PRC,STD_GNODER,ALL,1,83.43525,1,3
2022-09-01T17:00:00-00:00,2022-09-01T17:15:00-00:00,2022-09-01,11,STD_GNODER,STD_GNODER,STD_GNODER,RTPD,MCE,LMP_ENE_PRC,STD_GNODER,ALL,1,96.94897,1,3
2022-09-01T18:00:00-00:00,2022-09-01T18:15:00-00:00,2022-09-01,12,STD_GNODER,STD_GNODER,STD_GNODER,RTPD,MCE,LMP_ENE_PRC,STD_GNODER,ALL,1,91.59291,1,3
2022-09-01T19:00:00-00:00,2022-09-01T19:15:00-00:00,2022-09-01,13,STD_GNODER,STD_GNODER,STD_GNODER,RTPD,MCE,LMP_ENE_PRC,STD_GNODER,ALL,1,109.19637,1,3
2022-09-01T20:00:00-00:00,2022-09-01T20:15:00-00:00,2022-09-01,14,STD_GNODER,STD_GNODER,STD_GNODER,RTPD,MCE,LMP_ENE_PRC,STD_GNODER,ALL,1,117.94359,1,3
2022-09-01T21:00:00-00:00,2022-09-01T21:15:00-00:00,2022-09-01,15,STD_GNODER,STD_GNODER,STD_GNODER,RTPD,MCE,LMP_ENE_PRC,STD_GNODER,ALL,1,226.61499,1,3
2022-09-01T22:00:00-00:00,2022-09-01T22:15:00-00:00,2022-09-01,16,STD_GNODER,STD_GNODER,STD_GNODER,RTPD,MCE,LMP_ENE_PRC,STD_GNODER,ALL,1,229.18552,1,3
2022-09-01T23:00:00-00:00,2022-09-01T23:15:00-00:00,2022-09-01,17,STD_GNODER,STD_GNODER,STD_GNODER,RTPD,MCE,LMP_ENE_PRC,STD_GNODER,ALL,1,386.7537,1,3
2022-09-02T00:00:00-00:00,2022-09-02T00:15:00-00:00,2022-09-01,18,STD_GNODER,STD_GNODER,STD_GNODER,RTPD,MCE,LMP_ENE_PRC,STD_GNODER,ALL,1,770.58136,1,3
2022-09-02T01:00:00-00:00,2022-09-02T01:15:00-00:00,2022-09-01,19,STD_GNODER,STD_GNODER,STD_GNODER,RTPD,MCE,LMP_ENE_PRC,STD_GNODER,ALL,1,916.27124,1,3
2022-09-02T02:00:00-00:00,2022-09-02T02:15:00-00:00,2022-09-01,20,STD_GNODER,STD_GNODER,STD_GNODER,RTPD,MCE,LMP_ENE_PRC,STD_GNODER,ALL,1,1991.6721,1,3
2022-09-02T03:00:00-00:00,2022-09-02T03:15:00-00:00,2022-09-01,21,STD_GNODER,STD_GNODER,STD_GNODER,RTPD,MCE,LMP_ENE_PRC,STD_GNODER,ALL,1,917.5508,1,3
2022-09-02T04:00:00-00:00,2022-09-02T04:15:00-00:00,2022-09-01,22,STD_GNODER,STD_GNODER,STD_GNODER,RTPD,MCE,LMP_ENE_PRC,STD_GNODER,ALL,1,257.83005,1,3
2022-09-02T05:00:00-00:00,2022-09-02T05:15:00-00:00,2022-09-01,23,STD_GNODER,STD_GNODER,STD_GNODER,RTPD,MCE,LMP_ENE_PRC,STD_GNODER,ALL,1,183.24657,1,3
2022-09-02T06:00:00-00:00,2022-09-02T06:15:00-00:00,2022-09-01,24,STD_GNODER,STD_GNODER,STD_GNODER,RTPD,MCE,LMP_ENE_PRC,STD_GNODER,ALL,1,158.867,1,3
2022-09-01T07:15:00-00:00,2022-09-01T07:30:00-00:00,2022-09-01,01,STD_GNODER,STD_GNODER,STD_GNODER,RTPD,MCE,LMP_ENE_PRC,STD_GNODER,ALL,1,125.55144,2,3
2022-09-01T08:15:00-00:00,2022-09-01T08:30:00-00:00,2022-09-01,02,STD_GNODER,STD_GNODER,STD_GNODER,RTPD,MCE,LMP_ENE_PRC,STD_GNODER,ALL,1,115.53165,2,3
2022-09-01T09:15:00-00:00,2022-09-01T09:30:00-00:00,2022-09-01,03,STD_GNODER,STD_GNODER,STD_GNODER,RTPD,MCE,LMP_ENE_PRC,STD_GNODER,ALL,1,98.30543,2,3
2022-09-01T10:15:00-00:00,2022-09-01T10:30:00-00:00,2022-09-01,04,STD_GNODER,STD_GNODER,STD_GNODER,RTPD,MCE,LMP_ENE_PRC,STD_GNODER,ALL,1,97.00684,2,3
2022-09-01T11:15:00-00:00,2022-09-01T11:30:00-00:00,2022-09-01,05,STD_GNODER,STD_GNODER,STD_GNODER,RTPD,MCE,LMP_ENE_PRC,STD_GNODER,ALL,1,103.09059,2,3
2022-09-01T12:15:00-00:00,2022-09-01T12:30:00-00:00,2022-09-01,06,STD_GNODER,STD_GNODER,STD_GNODER,RTPD,MCE,LMP_ENE_PRC,STD_GNODER,ALL,1,109.32203,2,3
2022-09-01T13:15:00-00:00,2022-09-01T13:30:00-00:00,2022-09-01,07,STD_GNODER,STD_GNODER,STD_GNODER,RTPD,MCE,LMP_ENE_PRC,STD_GNODER,ALL,1,110.97827,2,3
2022-09-01T14:15:00-00:00,2022-09-01T14:30:00-00:00,2022-09-01,08,STD_GNODER,STD_GNODER,STD_GNODER,RTPD,MCE,LMP_ENE_PRC,STD_GNODER,ALL,1,104.78743,2,3
2022-09-01T15:15:00-00:00,2022-09-01T15:30:00-00:00,2022-09-01,09,STD_GNODER,STD_GNODER,STD_GNODER,RTPD,MCE,LMP_ENE_PRC,STD_GNODER,ALL,1,86.9388,2,3
2022-09-01T16:15:00-00:00,2022-09-01T16:30:00-00:00,2022-09-01,10,STD_GNODER,STD_GNODER,STD_GNODER,RTPD,MCE,LMP_ENE_PRC,STD_GNODER,ALL,1,89.44858,2,3
2022-09-01T17:15:00-00:00,2022-09-01T17:30:00-00:00,2022-09-01,11,STD_GNODER,STD_GNODER,STD_GNODER,RTPD,MCE,LMP_ENE_PRC,STD_GNODER,ALL,1,99.34673,2,3
2022-09-01T18:15:00-00:00,2022-09-01T18:30:00-00:00,2022-09-01,12,STD_GNODER,STD_GNODER,STD_GNODER,RTPD,MCE,LMP_ENE_PRC,STD_GNODER,ALL,1,101.15901,2,3
2022-09-01T19:15:00-00:00,2022-09-01T19:30:00-00:00,2022-09-01,13,STD_GNODER,STD_GNODER,STD_GNODER,RTPD,MCE,LMP_ENE_PRC,STD_GNODER,ALL,1,105.30588,2,3
2022-09-01T20:15:00-00:00,2022-09-01T20:30:00-00:00,2022-09-01,14,STD_GNODER,STD_GNODER,STD_GNODER,RTPD,MCE,LMP_ENE_PRC,STD_GNODER,ALL,1,117.49421,2,3
2022-09-01T21:15:00-00:00,2022-09-01T21:30:00-00:00,2022-09-01,15,STD_GNODER,STD_GNODER,STD_GNODER,RTPD,MCE,LMP_ENE_PRC,STD_GNODER,ALL,1,147.21185,2,3
2022-09-01T22:15:00-00:00,2022-09-01T22:30:00-00:00,2022-09-01,16,STD_GNODER,STD_GNODER,STD_GNODER,RTPD,MCE,LMP_ENE_PRC,STD_GNODER,ALL,1,256.58734,2,3
2022-09-01T23:15:00-00:00,2022-09-01T23:30:00-00:00,2022-09-01,17,STD_GNODER,STD_GNODER,STD_GNODER,RTPD,MCE,LMP_ENE_PRC,STD_GNODER,ALL,1,362.12408,2,3
2022-09-02T00:15:00-00:00,2022-09-02T00:30:00-00:00,2022-09-01,18,STD_GNODER,STD_GNODER,STD_GNODER,RTPD,MCE,LMP_ENE_PRC,STD_GNODER,ALL,1,691.2182,2,3
2022-09-02T01:15:00-00:00,2022-09-02T01:30:00-00:00,2022-09-01,19,STD_GNODER,STD_GNODER,STD_GNODER,RTPD,MCE,LMP_ENE_PRC,STD_GNODER,ALL,1,1999.9933,2,3
2022-09-02T02:15:00-00:00,2022-09-02T02:30:00-00:00,2022-09-01,20,STD_GNODER,STD_GNODER,STD_GNODER,RTPD,MCE,LMP_ENE_PRC,STD_GNODER,ALL,1,1991.6721,2,3
2022-09-02T03:15:00-00:00,2022-09-02T03:30:00-00:00,2022-09-01,21,STD_GNODER,STD_GNODER,STD_GNODER,RTPD,MCE,LMP_ENE_PRC,STD_GNODER,ALL,1,400.52884,2,3
2022-09-02T04:15:00-00:00,2022-09-02T04:30:00-00:00,2022-09-01,22,STD_GNODER,STD_GNODER,STD_GNODER,RTPD,MCE,LMP_ENE_PRC,STD_GNODER,ALL,1,224.75041,2,3
2022-09-02T05:15:00-00:00,2022-09-02T05:30:00-00:00,2022-09-01,23,STD_GNODER,STD_GNODER,STD_GNODER,RTPD,MCE,LMP_ENE_PRC,STD_GNODER,ALL,1,157.11986,2,3
2022-09-02T06:15:00-00:00,2022-09-02T06:30:00-00:00,2022-09-01,24,STD_GNODER,STD_GNODER,STD_GNODER,RTPD,MCE,LMP_ENE_PRC,STD_GNODER,ALL,1,143.1005,2,3
2022-09-01T07:30:00-00:00,2022-09-01T07:45:00-00:00,2022-09-01,01,STD_GNODER,STD_GNODER,STD_GNODER,RTPD,MCE,LMP_ENE_PRC,STD_GNODER,ALL,1,119.03196,3,3
2022-09-01T08:30:00-00:00,2022-09-01T08:45:00-00:00,2022-09-01,02,STD_GNODER,STD_GNODER,STD_GNODER,RTPD,MCE,LMP_ENE_PRC,STD_GNODER,ALL,1,111.11241,3,3
2022-09-01T09:30:00-00:00,2022-09-01T09:45:00-00:00,2022-09-01,03,STD_GNODER,STD_GNODER,STD_GNODER,RTPD,MCE,LMP_ENE_PRC,STD_GNODER,ALL,1,98.16228,3,3
2022-09-01T10:30:00-00:00,2022-09-01T10:45:00-00:00,2022-09-01,04,STD_GNODER,STD_GNODER,STD_GNODER,RTPD,MCE,LMP_ENE_PRC,STD_GNODER,ALL,1,96.36226,3,3
2022-09-01T11:30:00-00:00,2022-09-01T11:45:00-00:00,2022-09-01,05,STD_GNODER,STD_GNODER,STD_GNODER,RTPD,MCE,LMP_ENE_PRC,STD_GNODER,ALL,1,103.06198,3,3
2022-09-01T12:30:00-00:00,2022-09-01T12:45:00-00:00,2022-09-01,06,STD_GNODER,STD_GNODER,STD_GNODER,RTPD,MCE,LMP_ENE_PRC,STD_GNODER,ALL,1,113.57403,3,3
2022-09-01T13:30:00-00:00,2022-09-01T13:45:00-00:00,2022-09-01,07,STD_GNODER,STD_GNODER,STD_GNODER,RTPD,MCE,LMP_ENE_PRC,STD_GNODER,ALL,1,111.52025,3,3
2022-09-01T14:30:00-00:00,2022-09-01T14:45:00-00:00,2022-09-01,08,STD_GNODER,STD_GNODER,STD_GNODER,RTPD,MCE,LMP_ENE_PRC,STD_GNODER,ALL,1,101.83428,3,3
2022-09-01T15:30:00-00:00,2022-09-01T15:45:00-00:00,2022-09-01,09,STD_GNODER,STD_GNODER,STD_GNODER,RTPD,MCE,LMP_ENE_PRC,STD_GNODER,ALL,1,86.1388,3,3
2022-09-01T16:30:00-00:00,2022-09-01T16:45:00-00:00,2022-09-01,10,STD_GNODER,STD_GNODER,STD_GNODER,RTPD,MCE,LMP_ENE_PRC,STD_GNODER,ALL,1,88.79644,3,3
2022-09-01T17:30:00-00:00,2022-09-01T17:45:00-00:00,2022-09-01,11,STD_GNODER,STD_GNODER,STD_GNODER,RTPD,MCE,LMP_ENE_PRC,STD_GNODER,ALL,1,99.13013,3,3
2022-09-01T18:30:00-00:00,2022-09-01T18:45:00-00:00,2022-09-01,12,STD_GNODER,STD_GNODER,STD_GNODER,RTPD,MCE,LMP_ENE_PRC,STD_GNODER,ALL,1,107.05718,3,3
2022-09-01T19:30:00-00:00,2022-09-01T19:45:00-00:00,2022-09-01,13,STD_GNODER,STD_GNODER,STD_GNODER,RTPD,MCE,LMP_ENE_PRC,STD_GNODER,ALL,1,114.05905,3,3
2022-09-01T20:30:00-00:00,2022-09-01T20:45:00-00:00,2022-09-01,14,STD_GNODER,STD_GNODER,STD_GNODER,RTPD,MCE,LMP_ENE_PRC,STD_GNODER,ALL,1,129.81606,3,3
2022-09-01T21:30:00-00:00,2022-09-01T21:45:00-00:00,2022-09-01,15,STD_GNODER,STD_GNODER,STD_GNODER,RTPD,MCE,LMP_ENE_PRC,STD_GNODER,ALL,1,152.93057,3,3
2022-09-01T22:30:00-00:00,2022-09-01T22:45:00-00:00,2022-09-01,16,STD_GNODER,STD_GNODER,STD_GNODER,RTPD,MCE,LMP_ENE_PRC,STD_GNODER,ALL,1,283.18182,3,3
2022-09-01T23:30:00-00:00,2022-09-01T23:45:00-00:00,2022-09-01,17,STD_GNODER,STD_GNODER,STD_GNODER,RTPD,MCE,LMP_ENE_PRC,STD_GNODER,ALL,1,566.48157,3,3
2022-09-02T00:30:00-00:00,2022-09-02T00:45:00-00:00,2022-09-01,18,STD_GNODER,STD_GNODER,STD_GNODER,RTPD,MCE,LMP_ENE_PRC,STD_GNODER,ALL,1,1329.1127,3,3
2022-09-02T01:30:00-00:00,2022-09-02T01:45:00-00:00,2022-09-01,19,STD_GNODER,STD_GNODER,STD_GNODER,RTPD,MCE,LMP_ENE_PRC,STD_GNODER,ALL,1,1999.9956,3,3
2022-09-02T02:30:00-00:00,2022-09-02T02:45:00-00:00,2022-09-01,20,STD_GNODER,STD_GNODER,STD_GNODER,RTPD,MCE,LMP_ENE_PRC,STD_GNODER,ALL,1,1991.671,3,3
2022-09-02T03:30:00-00:00,2022-09-02T03:45:00-00:00,2022-09-01,21,STD_GNODER,STD_GNODER,STD_GNODER,RTPD,MCE,LMP_ENE_PRC,STD_GNODER,ALL,1,186.61823,3,3
2022-09-02T04:30:00-00:00,2022-09-02T04:45:00-00:00,2022-09-01,22,STD_GNODER,STD_GNODER,STD_GNODER,RTPD,MCE,LMP_ENE_PRC,STD_GNODER,ALL,1,180.67824,3,3
2022-09-02T05:30:00-00:00,2022-09-02T05:45:00-00:00,2022-09-01,23,STD_GNODER,STD_GNODER,STD_GNODER,RTPD,MCE,LMP_ENE_PRC,STD_GNODER,ALL,1,131.69917,3,3
2022-09-02T06:30:00-00:00,2022-09-02T06:45:00-00:00,2022-09-01,24,STD_GNODER,STD_GNODER,STD_GNODER,RTPD,MCE,LMP_ENE_PRC,STD_GNODER,ALL,1,128.9871,3,3
2022-09-01T07:45:00-00:00,2022-09-01T08:00:00-00:00,2022-09-01,01,STD_GNODER,STD_GNODER,STD_GNODER,RTPD,MCE,LMP_ENE_PRC,STD_GNODER,ALL,1,109.12099,4,3
2022-09-01T08:45:00-00:00,2022-09-01T09:00:00-00:00,2022-09-01,02,STD_GNODER,STD_GNODER,STD_GNODER,RTPD,MCE,LMP_ENE_PRC,STD_GNODER,ALL,1,98.7357,4,3
2022-09-01T09:45:00-00:00,2022-09-01T10:00:00-00:00,2022-09-01,03,STD_GNODER,STD_GNODER,STD_GNODER,RTPD,MCE,LMP_ENE_PRC,STD_GNODER,ALL,1,97.50475,4,3
2022-09-01T10:45:00-00:00,2022-09-01T11:00:00-00:00,2022-09-01,04,STD_GNODER,STD_GNODER,STD_GNODER,RTPD,MCE,LMP_ENE_PRC,STD_GNODER,ALL,1,94.71966,4,3
2022-09-01T11:45:00-00:00,2022-09-01T12:00:00-00:00,2022-09-01,05,STD_GNODER,STD_GNODER,STD_GNODER,RTPD,MCE,LMP_ENE_PRC,STD_GNODER,ALL,1,107.01,4,3
2022-09-01T12:45:00-00:00,2022-09-01T13:00:00-00:00,2022-09-01,06,STD_GNODER,STD_GNODER,STD_GNODER,RTPD,MCE,LMP_ENE_PRC,STD_GNODER,ALL,1,116.4848,4,3
2022-09-01T13:45:00-00:00,2022-09-01T14:00:00-00:00,2022-09-01,07,STD_GNODER,STD_GNODER,STD_GNODER,RTPD,MCE,LMP_ENE_PRC,STD_GNODER,ALL,1,111.41,4,3
2022-09-01T14:45:00-00:00,2022-09-01T15:00:00-00:00,2022-09-01,08,STD_GNODER,STD_GNODER,STD_GNODER,RTPD,MCE,LMP_ENE_PRC,STD_GNODER,ALL,1,86.1388,4,3
2022-09-01T15:45:00-00:00,2022-09-01T16:00:00-00:00,2022-09-01,09,STD_GNODER,STD_GNODER,STD_GNODER,RTPD,MCE,LMP_ENE_PRC,STD_GNODER,ALL,1,78.70076,4,3
2022-09-01T16:45:00-00:00,2022-09-01T17:00:00-00:00,2022-09-01,10,STD_GNODER,STD_GNODER,STD_GNODER,RTPD,MCE,LMP_ENE_PRC,STD_GNODER,ALL,1,91.24933,4,3
2022-09-01T17:45:00-00:00,2022-09-01T18:00:00-00:00,2022-09-01,11,STD_GNODER,STD_GNODER,STD_GNODER,RTPD,MCE,LMP_ENE_PRC,STD_GNODER,ALL,1,99.20544,4,3
2022-09-01T18:45:00-00:00,2022-09-01T19:00:00-00:00,2022-09-01,12,STD_GNODER,STD_GNODER,STD_GNODER,RTPD,MCE,LMP_ENE_PRC,STD_GNODER,ALL,1,109.04064,4,3
2022-09-01T19:45:00-00:00,2022-09-01T20:00:00-00:00,2022-09-01,13,STD_GNODER,STD_GNODER,STD_GNODER,RTPD,MCE,LMP_ENE_PRC,STD_GNODER,ALL,1,120.22491,4,3
2022-09-01T20:45:00-00:00,2022-09-01T21:00:00-00:00,2022-09-01,14,STD_GNODER,STD_GNODER,STD_GNODER,RTPD,MCE,LMP_ENE_PRC,STD_GNODER,ALL,1,154.02509,4,3
2022-09-01T21:45:00-00:00,2022-09-01T22:00:00-00:00,2022-09-01,15,STD_GNODER,STD_GNODER,STD_GNODER,RTPD,MCE,LMP_ENE_PRC,STD_GNODER,ALL,1,300.29376,4,3
2022-09-01T22:45:00-00:00,2022-09-01T23:00:00-00:00,2022-09-01,16,STD_GNODER,STD_GNODER,STD_GNODER,RTPD,MCE,LMP_ENE_PRC,STD_GNODER,ALL,1,429.9137,4,3
2022-09-01T23:45:00-00:00,2022-09-02T00:00:00-00:00,2022-09-01,17,STD_GNODER,STD_GNODER,STD_GNODER,RTPD,MCE,LMP_ENE_PRC,STD_GNODER,ALL,1,1261.2124,4,3
2022-09-02T00:45:00-00:00,2022-09-02T01:00:00-00:00,2022-09-01,18,STD_GNODER,STD_GNODER,STD_GNODER,RTPD,MCE,LMP_ENE_PRC,STD_GNODER,ALL,1,1519.149,4,3
2022-09-02T01:45:00-00:00,2022-09-02T02:00:00-00:00,2022-09-01,19,STD_GNODER,STD_GNODER,STD_GNODER,RTPD,MCE,LMP_ENE_PRC,STD_GNODER,ALL,1,1991.9337,4,3
2022-09-02T02:45:00-00:00,2022-09-02T03:00:00-00:00,2022-09-01,20,STD_GNODER,STD_GNODER,STD_GNODER,RTPD,MCE,LMP_ENE_PRC,STD_GNODER,ALL,1,1629.6213,4,3
2022-09-02T03:45:00-00:00,2022-09-02T04:00:00-00:00,2022-09-01,21,STD_GNODER,STD_GNODER,STD_GNODER,RTPD,MCE,LMP_ENE_PRC,STD_GNODER,ALL,1,141.13702,4,3
2022-09-02T04:45:00-00:00,2022-09-02T05:00:00-00:00,2022-09-01,22,STD_GNODER,STD_GNODER,STD_GNODER,RTPD,MCE,LMP_ENE_PRC,STD_GNODER,ALL,1,126.76372,4,3
2022-09-02T05:45:00-00:00,2022-09-02T06:00:00-00:00,2022-09-01,23,STD_GNODER,STD_GNODER,STD_GNODER,RTPD,MCE,LMP_ENE_PRC,STD_GNODER,ALL,1,119.00958,4,3
2022-09-02T06:45:00-00:00,2022-09-02T07:00:00-00:00,2022-09-01,24,STD_GNODER,STD_GNODER,STD_GNODER,RTPD,MCE,LMP_ENE_PRC,STD_GNODER,ALL,1,109.20324,4,3
2022-09-01T07:00:00-00:00,2022-09-01T07:15:00-00:00,2022-09-01,01,STD_GNODER,STD_GNODER,STD_GNODER,RTPD,MCL,LMP_LOSS_PRC,STD_GNODER,ALL,1,-0.14593,1,4
2022-09-01T08:00:00-00:00,2022-09-01T08:15:00-00:00,2022-09-01,02,STD_GNODER,STD_GNODER,STD_GNODER,RTPD,MCL,LMP_LOSS_PRC,STD_GNODER,ALL,1,0,1,4
2022-09-01T09:00:00-00:00,2022-09-01T09:15:00-00:00,2022-09-01,03,STD_GNODER,STD_GNODER,STD_GNODER,RTPD,MCL,LMP_LOSS_PRC,STD_GNODER,ALL,1,0.62831,1,4
2022-09-01T10:00:00-00:00,2022-09-01T10:15:00-00:00,2022-09-01,04,STD_GNODER,STD_GNODER,STD_GNODER,RTPD,MCL,LMP_LOSS_PRC,STD_GNODER,ALL,1,0.83847,1,4
2022-09-01T11:00:00-00:00,2022-09-01T11:15:00-00:00,2022-09-01,05,STD_GNODER,STD_GNODER,STD_GNODER,RTPD,MCL,LMP_LOSS_PRC,STD_GNODER,ALL,1,0.77953,1,4
2022-09-01T12:00:00-00:00,2022-09-01T12:15:00-00:00,2022-09-01,06,STD_GNODER,STD_GNODER,STD_GNODER,RTPD,MCL,LMP_LOSS_PRC,STD_GNODER,ALL,1,0.07753,1,4
2022-09-01T13:00:00-00:00,2022-09-01T13:15:00-00:00,2022-09-01,07,STD_GNODER,STD_GNODER,STD_GNODER,RTPD,MCL,LMP_LOSS_PRC,STD_GNODER,ALL,1,0,1,4
2022-09-01T14:00:00-00:00,2022-09-01T14:15:00-00:00,2022-09-01,08,STD_GNODER,STD_GNODER,STD_GNODER,RTPD,MCL,LMP_LOSS_PRC,STD_GNODER,ALL,1,2.65555,1,4
2022-09-01T15:00:00-00:00,2022-09-01T15:15:00-00:00,2022-09-01,09,STD_GNODER,STD_GNODER,STD_GNODER,RTPD,MCL,LMP_LOSS_PRC,STD_GNODER,ALL,1,0,1,4
2022-09-01T16:00:00-00:00,2022-09-01T16:15:00-00:00,2022-09-01,10,STD_GNODER,STD_GNODER,STD_GNODER,RTPD,MCL,LMP_LOSS_PRC,STD_GNODER,ALL,1,0,1,4
2022-09-01T17:00:00-00:00,2022-09-01T17:15:00-00:00,2022-09-01,11,STD_GNODER,STD_GNODER,STD_GNODER,RTPD,MCL,LMP_LOSS_PRC,STD_GNODER,ALL,1,0,1,4
2022-09-01T18:00:00-00:00,2022-09-01T18:15:00-00:00,2022-09-01,12,STD_GNODER,STD_GNODER,STD_GNODER,RTPD,MCL,LMP_LOSS_PRC,STD_GNODER,ALL,1,0,1,4
2022-09-01T19:00:00-00:00,2022-09-01T19:15:00-00:00,2022-09-01,13,STD_GNODER,STD_GNODER,STD_GNODER,RTPD,MCL,LMP_LOSS_PRC,STD_GNODER,ALL,1,0,1,4
2022-09-01T20:00:00-00:00,2022-09-01T20:15:00-00:00,2022-09-01,14,STD_GNODER,STD_GNODER,STD_GNODER,RTPD,MCL,LMP_LOSS_PRC,STD_GNODER,ALL,1,0,1,4
2022-09-01T21:00:00-00:00,2022-09-01T21:15:00-00:00,2022-09-01,15,STD_GNODER,STD_GNODER,STD_GNODER,RTPD,MCL,LMP_LOSS_PRC,STD_GNODER,ALL,1,0,1,4
2022-09-01T22:00:00-00:00,2022-09-01T22:15:00-00:00,2022-09-01,16,STD_GNODER,STD_GNODER,STD_GNODER,RTPD,MCL,LMP_LOSS_PRC,STD_GNODER,ALL,1,0,1,4
2022-09-01T23:00:00-00:00,2022-09-01T23:15:00-00:00,2022-09-01,17,STD_GNODER,STD_GNODER,STD_GNODER,RTPD,MCL,LMP_LOSS_PRC,STD_GNODER,ALL,1,0,1,4
2022-09-02T00:00:00-00:00,2022-09-02T00:15:00-00:00,2022-09-01,18,STD_GNODER,STD_GNODER,STD_GNODER,RTPD,MCL,LMP_LOSS_PRC,STD_GNODER,ALL,1,45.54129,1,4
2022-09-02T01:00:00-00:00,2022-09-02T01:15:00-00:00,2022-09-01,19,STD_GNODER,STD_GNODER,STD_GNODER,RTPD,MCL,LMP_LOSS_PRC,STD_GNODER,ALL,1,0,1,4
2022-09-02T02:00:00-00:00,2022-09-02T02:15:00-00:00,2022-09-01,20,STD_GNODER,STD_GNODER,STD_GNODER,RTPD,MCL,LMP_LOSS_PRC,STD_GNODER,ALL,1,0,1,4
2022-09-02T03:00:00-00:00,2022-09-02T03:15:00-00:00,2022-09-01,21,STD_GNODER,STD_GNODER,STD_GNODER,RTPD,MCL,LMP_LOSS_PRC,STD_GNODER,ALL,1,61.75109,1,4
2022-09-02T04:00:00-00:00,2022-09-02T04:15:00-00:00,2022-09-01,22,STD_GNODER,STD_GNODER,STD_GNODER,RTPD,MCL,LMP_LOSS_PRC,STD_GNODER,ALL,1,9.92641,1,4
2022-09-02T05:00:00-00:00,2022-09-02T05:15:00-00:00,2022-09-01,23,STD_GNODER,STD_GNODER,STD_GNODER,RTPD,MCL,LMP_LOSS_PRC,STD_GNODER,ALL,1,6.30372,1,4
2022-09-02T06:00:00-00:00,2022-09-02T06:15:00-00:00,2022-09-01,24,STD_GNODER,STD_GNODER,STD_GNODER,RTPD,MCL,LMP_LOSS_PRC,STD_GNODER,ALL,1,3.74929,1,4
2022-09-01T07:15:00-00:00,2022-09-01T07:30:00-00:00,2022-09-01,01,STD_GNODER,STD_GNODER,STD_GNODER,RTPD,MCL,LMP_LOSS_PRC,STD_GNODER,ALL,1,0,2,4
2022-09-01T08:15:00-00:00,2022-09-01T08:30:00-00:00,2022-09-01,02,STD_GNODER,STD_GNODER,STD_GNODER,RTPD,MCL,LMP_LOSS_PRC,STD_GNODER,ALL,1,0,2,4
2022-09-01T09:15:00-00:00,2022-09-01T09:30:00-00:00,2022-09-01,03,STD_GNODER,STD_GNODER,STD_GNODER,RTPD,MCL,LMP_LOSS_PRC,STD_GNODER,ALL,1,0.70781,2,4
2022-09-01T10:15:00-00:00,2022-09-01T10:30:00-00:00,2022-09-01,04,STD_GNODER,STD_GNODER,STD_GNODER,RTPD,MCL,LMP_LOSS_PRC,STD_GNODER,ALL,1,0.73726,2,4
2022-09-01T11:15:00-00:00,2022-09-01T11:30:00-00:00,2022-09-01,05,STD_GNODER,STD_GNODER,STD_GNODER,RTPD,MCL,LMP_LOSS_PRC,STD_GNODER,ALL,1,0.75257,2,4
2022-09-01T12:15:00-00:00,2022-09-01T12:30:00-00:00,2022-09-01,06,STD_GNODER,STD_GNODER,STD_GNODER,RTPD,MCL,LMP_LOSS_PRC,STD_GNODER,ALL,1,0.17492,2,4
2022-09-01T13:15:00-00:00,2022-09-01T13:30:00-00:00,2022-09-01,07,STD_GNODER,STD_GNODER,STD_GNODER,RTPD,MCL,LMP_LOSS_PRC,STD_GNODER,ALL,1,0.4772,2,4
2022-09-01T14:15:00-00:00,2022-09-01T14:30:00-00:00,2022-09-01,08,STD_GNODER,STD_GNODER,STD_GNODER,RTPD,MCL,LMP_LOSS_PRC,STD_GNODER,ALL,1,2.53583,2,4
2022-09-01T15:15:00-00:00,2022-09-01T15:30:00-00:00,2022-09-01,09,STD_GNODER,STD_GNODER,STD_GNODER,RTPD,MCL,LMP_LOSS_PRC,STD_GNODER,ALL,1,0,2,4
2022-09-01T16:15:00-00:00,2022-09-01T16:30:00-00:00,2022-09-01,10,STD_GNODER,STD_GNODER,STD_GNODER,RTPD,MCL,LMP_LOSS_PRC,STD_GNODER,ALL,1,0,2,4
2022-09-01T17:15:00-00:00,2022-09-01T17:30:00-00:00,2022-09-01,11,STD_GNODER,STD_GNODER,STD_GNODER,RTPD,MCL,LMP_LOSS_PRC,STD_GNODER,ALL,1,0,2,4
2022-09-01T18:15:00-00:00,2022-09-01T18:30:00-00:00,2022-09-01,12,STD_GNODER,STD_GNODER,STD_GNODER,RTPD,MCL,LMP_LOSS_PRC,STD_GNODER,ALL,1,0,2,4
2022-09-01T19:15:00-00:00,2022-09-01T19:30:00-00:00,2022-09-01,13,STD_GNODER,STD_GNODER,STD_GNODER,RTPD,MCL,LMP_LOSS_PRC,STD_GNODER,ALL,1,0,2,4
2022-09-01T20:15:00-00:00,2022-09-01T20:30:00-00:00,2022-09-01,14,STD_GNODER,STD_GNODER,STD_GNODER,RTPD,MCL,LMP_LOSS_PRC,STD_GNODER,ALL,1,0,2,4
2022-09-01T21:15:00-00:00,2022-09-01T21:30:00-00:00,2022-09-01,15,STD_GNODER,STD_GNODER,STD_GNODER,RTPD,MCL,LMP_LOSS_PRC,STD_GNODER,ALL,1,0,2,4
2022-09-01T22:15:00-00:00,2022-09-01T22:30:00-00:00,2022-09-01,16,STD_GNODER,STD_GNODER,STD_GNODER,RTPD,MCL,LMP_LOSS_PRC,STD_GNODER,ALL,1,0,2,4
2022-09-01T23:15:00-00:00,2022-09-01T23:30:00-00:00,2022-09-01,17,STD_GNODER,STD_GNODER,STD_GNODER,RTPD,MCL,LMP_LOSS_PRC,STD_GNODER,ALL,1,0,2,4
2022-09-02T00:15:00-00:00,2022-09-02T00:30:00-00:00,2022-09-01,18,STD_GNODER,STD_GNODER,STD_GNODER,RTPD,MCL,LMP_LOSS_PRC,STD_GNODER,ALL,1,42.30248,2,4
2022-09-02T01:15:00-00:00,2022-09-02T01:30:00-00:00,2022-09-01,19,STD_GNODER,STD_GNODER,STD_GNODER,RTPD,MCL,LMP_LOSS_PRC,STD_GNODER,ALL,1,0,2,4
2022-09-02T02:15:00-00:00,2022-09-02T02:30:00-00:00,2022-09-01,20,STD_GNODER,STD_GNODER,STD_GNODER,RTPD,MCL,LMP_LOSS_PRC,STD_GNODER,ALL,1,0,2,4
2022-09-02T03:15:00-00:00,2022-09-02T03:30:00-00:00,2022-09-01,21,STD_GNODER,STD_GNODER,STD_GNODER,RTPD,MCL,LMP_LOSS_PRC,STD_GNODER,ALL,1,27.03562,2,4
2022-09-02T04:15:00-00:00,2022-09-02T04:30:00-00:00,2022-09-01,22,STD_GNODER,STD_GNODER,STD_GNODER,RTPD,MCL,LMP_LOSS_PRC,STD_GNODER,ALL,1,7.66395,2,4
2022-09-02T05:15:00-00:00,2022-09-02T05:30:00-00:00,2022-09-01,23,STD_GNODER,STD_GNODER,STD_GNODER,RTPD,MCL,LMP_LOSS_PRC,STD_GNODER,ALL,1,4.8079,2,4
2022-09-02T06:15:00-00:00,2022-09-02T06:30:00-00:00,2022-09-01,24,STD_GNODER,STD_GNODER,STD_GNODER,RTPD,MCL,LMP_LOSS_PRC,STD_GNODER,ALL,1,2.00342,2,4
2022-09-01T07:30:00-00:00,2022-09-01T07:45:00-00:00,2022-09-01,01,STD_GNODER,STD_GNODER,STD_GNODER,RTPD,MCL,LMP_LOSS_PRC,STD_GNODER,ALL,1,0,3,4
2022-09-01T08:30:00-00:00,2022-09-01T08:45:00-00:00,2022-09-01,02,STD_GNODER,STD_GNODER,STD_GNODER,RTPD,MCL,LMP_LOSS_PRC,STD_GNODER,ALL,1,1.30003,3,4
2022-09-01T09:30:00-00:00,2022-09-01T09:45:00-00:00,2022-09-01,03,STD_GNODER,STD_GNODER,STD_GNODER,RTPD,MCL,LMP_LOSS_PRC,STD_GNODER,ALL,1,0.5399,3,4
2022-09-01T10:30:00-00:00,2022-09-01T10:45:00-00:00,2022-09-01,04,STD_GNODER,STD_GNODER,STD_GNODER,RTPD,MCL,LMP_LOSS_PRC,STD_GNODER,ALL,1,0.80945,3,4
2022-09-01T11:30:00-00:00,2022-09-01T11:45:00-00:00,2022-09-01,05,STD_GNODER,STD_GNODER,STD_GNODER,RTPD,MCL,LMP_LOSS_PRC,STD_GNODER,ALL,1,0.71114,3,4
2022-09-01T12:30:00-00:00,2022-09-01T12:45:00-00:00,2022-09-01,06,STD_GNODER,STD_GNODER,STD_GNODER,RTPD,MCL,LMP_LOSS_PRC,STD_GNODER,ALL,1,0.2953,3,4
2022-09-01T13:30:00-00:00,2022-09-01T13:45:00-00:00,2022-09-01,07,STD_GNODER,STD_GNODER,STD_GNODER,RTPD,MCL,LMP_LOSS_PRC,STD_GNODER,ALL,1,0.73603,3,4
2022-09-01T14:30:00-00:00,2022-09-01T14:45:00-00:00,2022-09-01,08,STD_GNODER,STD_GNODER,STD_GNODER,RTPD,MCL,LMP_LOSS_PRC,STD_GNODER,ALL,1,2.66803,3,4
2022-09-01T15:30:00-00:00,2022-09-01T15:45:00-00:00,2022-09-01,09,STD_GNODER,STD_GNODER,STD_GNODER,RTPD,MCL,LMP_LOSS_PRC,STD_GNODER,ALL,1,0,3,4
2022-09-01T16:30:00-00:00,2022-09-01T16:45:00-00:00,2022-09-01,10,STD_GNODER,STD_GNODER,STD_GNODER,RTPD,MCL,LMP_LOSS_PRC,STD_GNODER,ALL,1,0,3,4
2022-09-01T17:30:00-00:00,2022-09-01T17:45:00-00:00,2022-09-01,11,STD_GNODER,STD_GNODER,STD_GNODER,RTPD,MCL,LMP_LOSS_PRC,STD_GNODER,ALL,1,0,3,4
2022-09-01T18:30:00-00:00,2022-09-01T18:45:00-00:00,2022-09-01,12,STD_GNODER,STD_GNODER,STD_GNODER,RTPD,MCL,LMP_LOSS_PRC,STD_GNODER,ALL,1,0,3,4
2022-09-01T19:30:00-00:00,2022-09-01T19:45:00-00:00,2022-09-01,13,STD_GNODER,STD_GNODER,STD_GNODER,RTPD,MCL,LMP_LOSS_PRC,STD_GNODER,ALL,1,0,3,4
2022-09-01T20:30:00-00:00,2022-09-01T20:45:00-00:00,2022-09-01,14,STD_GNODER,STD_GNODER,STD_GNODER,RTPD,MCL,LMP_LOSS_PRC,STD_GNODER,ALL,1,0,3,4
2022-09-01T21:30:00-00:00,2022-09-01T21:45:00-00:00,2022-09-01,15,STD_GNODER,STD_GNODER,STD_GNODER,RTPD,MCL,LMP_LOSS_PRC,STD_GNODER,ALL,1,0,3,4
2022-09-01T22:30:00-00:00,2022-09-01T22:45:00-00:00,2022-09-01,16,STD_GNODER,STD_GNODER,STD_GNODER,RTPD,MCL,LMP_LOSS_PRC,STD_GNODER,ALL,1,0,3,4
2022-09-01T23:30:00-00:00,2022-09-01T23:45:00-00:00,2022-09-01,17,STD_GNODER,STD_GNODER,STD_GNODER,RTPD,MCL,LMP_LOSS_PRC,STD_GNODER,ALL,1,0,3,4
2022-09-02T00:30:00-00:00,2022-09-02T00:45:00-00:00,2022-09-01,18,STD_GNODER,STD_GNODER,STD_GNODER,RTPD,MCL,LMP_LOSS_PRC,STD_GNODER,ALL,1,0,3,4
2022-09-02T01:30:00-00:00,2022-09-02T01:45:00-00:00,2022-09-01,19,STD_GNODER,STD_GNODER,STD_GNODER,RTPD,MCL,LMP_LOSS_PRC,STD_GNODER,ALL,1,0,3,4
2022-09-02T02:30:00-00:00,2022-09-02T02:45:00-00:00,2022-09-01,20,STD_GNODER,STD_GNODER,STD_GNODER,RTPD,MCL,LMP_LOSS_PRC,STD_GNODER,ALL,1,0,3,4
2022-09-02T03:30:00-00:00,2022-09-02T03:45:00-00:00,2022-09-01,21,STD_GNODER,STD_GNODER,STD_GNODER,RTPD,MCL,LMP_LOSS_PRC,STD_GNODER,ALL,1,11.96215,3,4
2022-09-02T04:30:00-00:00,2022-09-02T04:45:00-00:00,2022-09-01,22,STD_GNODER,STD_GNODER,STD_GNODER,RTPD,MCL,LMP_LOSS_PRC,STD_GNODER,ALL,1,4.04717,3,4
2022-09-02T05:30:00-00:00,2022-09-02T05:45:00-00:00,2022-09-01,23,STD_GNODER,STD_GNODER,STD_GNODER,RTPD,MCL,LMP_LOSS_PRC,STD_GNODER,ALL,1,3.43738,3,4
2022-09-02T06:30:00-00:00,2022-09-02T06:45:00-00:00,2022-09-01,24,STD_GNODER,STD_GNODER,STD_GNODER,RTPD,MCL,LMP_LOSS_PRC,STD_GNODER,ALL,1,2.30889,3,4
2022-09-01T07:45:00-00:00,2022-09-01T08:00:00-00:00,2022-09-01,01,STD_GNODER,STD_GNODER,STD_GNODER,RTPD,MCL,LMP_LOSS_PRC,STD_GNODER,ALL,1,0,4,4
2022-09-01T08:45:00-00:00,2022-09-01T09:00:00-00:00,2022-09-01,02,STD_GNODER,STD_GNODER,STD_GNODER,RTPD,MCL,LMP_LOSS_PRC,STD_GNODER,ALL,1,1.02686,4,4
2022-09-01T09:45:00-00:00,2022-09-01T10:00:00-00:00,2022-09-01,03,STD_GNODER,STD_GNODER,STD_GNODER,RTPD,MCL,LMP_LOSS_PRC,STD_GNODER,ALL,1,0.57529,4,4
2022-09-01T10:45:00-00:00,2022-09-01T11:00:00-00:00,2022-09-01,04,STD_GNODER,STD_GNODER,STD_GNODER,RTPD,MCL,LMP_LOSS_PRC,STD_GNODER,ALL,1,0.76724,4,4
2022-09-01T11:45:00-00:00,2022-09-01T12:00:00-00:00,2022-09-01,05,STD_GNODER,STD_GNODER,STD_GNODER,RTPD,MCL,LMP_LOSS_PRC,STD_GNODER,ALL,1,0,4,4
2022-09-01T12:45:00-00:00,2022-09-01T13:00:00-00:00,2022-09-01,06,STD_GNODER,STD_GNODER,STD_GNODER,RTPD,MCL,LMP_LOSS_PRC,STD_GNODER,ALL,1,0,4,4
2022-09-01T13:45:00-00:00,2022-09-01T14:00:00-00:00,2022-09-01,07,STD_GNODER,STD_GNODER,STD_GNODER,RTPD,MCL,LMP_LOSS_PRC,STD_GNODER,ALL,1,0,4,4
2022-09-01T14:45:00-00:00,2022-09-01T15:00:00-00:00,2022-09-01,08,STD_GNODER,STD_GNODER,STD_GNODER,RTPD,MCL,LMP_LOSS_PRC,STD_GNODER,ALL,1,0,4,4
2022-09-01T15:45:00-00:00,2022-09-01T16:00:00-00:00,2022-09-01,09,STD_GNODER,STD_GNODER,STD_GNODER,RTPD,MCL,LMP_LOSS_PRC,STD_GNODER,ALL,1,0,4,4
2022-09-01T16:45:00-00:00,2022-09-01T17:00:00-00:00,2022-09-01,10,STD_GNODER,STD_GNODER,STD_GNODER,RTPD,MCL,LMP_LOSS_PRC,STD_GNODER,ALL,1,0,4,4
2022-09-01T17:45:00-00:00,2022-09-01T18:00:00-00:00,2022-09-01,11,STD_GNODER,STD_GNODER,STD_GNODER,RTPD,MCL,LMP_LOSS_PRC,STD_GNODER,ALL,1,0,4,4
2022-09-01T18:45:00-00:00,2022-09-01T19:00:00-00:00,2022-09-01,12,STD_GNODER,STD_GNODER,STD_GNODER,RTPD,MCL,LMP_LOSS_PRC,STD_GNODER,ALL,1,0,4,4
2022-09-01T19:45:00-00:00,2022-09-01T20:00:00-00:00,2022-09-01,13,STD_GNODER,STD_GNODER,STD_GNODER,RTPD,MCL,LMP_LOSS_PRC,STD_GNODER,ALL,1,0,4,4
2022-09-01T20:45:00-00:00,2022-09-01T21:00:00-00:00,2022-09-01,14,STD_GNODER,STD_GNODER,STD_GNODER,RTPD,MCL,LMP_LOSS_PRC,STD_GNODER,ALL,1,0,4,4
2022-09-01T21:45:00-00:00,2022-09-01T22:00:00-00:00,2022-09-01,15,STD_GNODER,STD_GNODER,STD_GNODER,RTPD,MCL,LMP_LOSS_PRC,STD_GNODER,ALL,1,0,4,4
2022-09-01T22:45:00-00:00,2022-09-01T23:00:00-00:00,2022-09-01,16,STD_GNODER,STD_GNODER,STD_GNODER,RTPD,MCL,LMP_LOSS_PRC,STD_GNODER,ALL,1,0,4,4
2022-09-01T23:45:00-00:00,2022-09-02T00:00:00-00:00,2022-09-01,17,STD_GNODER,STD_GNODER,STD_GNODER,RTPD,MCL,LMP_LOSS_PRC,STD_GNODER,ALL,1,0,4,4
2022-09-02T00:45:00-00:00,2022-09-02T01:00:00-00:00,2022-09-01,18,STD_GNODER,STD_GNODER,STD_GNODER,RTPD,MCL,LMP_LOSS_PRC,STD_GNODER,ALL,1,0,4,4
2022-09-02T01:45:00-00:00,2022-09-02T02:00:00-00:00,2022-09-01,19,STD_GNODER,STD_GNODER,STD_GNODER,RTPD,MCL,LMP_LOSS_PRC,STD_GNODER,ALL,1,0,4,4
2022-09-02T02:45:00-00:00,2022-09-02T03:00:00-00:00,2022-09-01,20,STD_GNODER,STD_GNODER,STD_GNODER,RTPD,MCL,LMP_LOSS_PRC,STD_GNODER,ALL,1,103.64384,4,4
2022-09-02T03:45:00-00:00,2022-09-02T04:00:00-00:00,2022-09-01,21,STD_GNODER,STD_GNODER,STD_GNODER,RTPD,MCL,LMP_LOSS_PRC,STD_GNODER,ALL,1,7.73424,4,4
2022-09-02T04:45:00-00:00,2022-09-02T05:00:00-00:00,2022-09-01,22,STD_GNODER,STD_GNODER,STD_GNODER,RTPD,MCL,LMP_LOSS_PRC,STD_GNODER,ALL,1,3.75224,4,4
2022-09-02T05:45:00-00:00,2022-09-02T06:00:00-00:00,2022-09-01,23,STD_GNODER,STD_GNODER,STD_GNODER,RTPD,MCL,LMP_LOSS_PRC,STD_GNODER,ALL,1,3.10618,4,4
2022-09-02T06:45:00-00:00,2022-09-02T07:00:00-00:00,2022-09-01,24,STD_GNODER,STD_GNODER,STD_GNODER,RTPD,MCL,LMP_LOSS_PRC,STD_GNODER,ALL,1,2.46802,4,4
2022-09-01T07:00:00-00:00,2022-09-01T07:15:00-00:00,2022-09-01,01,STD_GNODER,STD_GNODER,STD_GNODER,RTPD,MGHG,LMP_GHG_PRC,STD_GNODER,ALL,1,0,1,5
2022-09-01T08:00:00-00:00,2022-09-01T08:15:00-00:00,2022-09-01,02,STD_GNODER,STD_GNODER,STD_GNODER,RTPD,MGHG,LMP_GHG_PRC,STD_GNODER,ALL,1,0,1,5
2022-09-01T09:00:00-00:00,2022-09-01T09:15:00-00:00,2022-09-01,03,STD_GNODER,STD_GNODER,STD_GNODER,RTPD,MGHG,LMP_GHG_PRC,STD_GNODER,ALL,1,0,1,5
2022-09-01T10:00:00-00:00,2022-09-01T10:15:00-00:00,2022-09-01,04,STD_GNODER,STD_GNODER,STD_GNODER,RTPD,MGHG,LMP_GHG_PRC,STD_GNODER,ALL,1,0,1,5
2022-09-01T11:00:00-00:00,2022-09-01T11:15:00-00:00,2022-09-01,05,STD_GNODER,STD_GNODER,STD_GNODER,RTPD,MGHG,LMP_GHG_PRC,STD_GNODER,ALL,1,0,1,5
2022-09-01T12:00:00-00:00,2022-09-01T12:15:00-00:00,2022-09-01,06,STD_GNODER,STD_GNODER,STD_GNODER,RTPD,MGHG,LMP_GHG_PRC,STD_GNODER,ALL,1,0,1,5
2022-09-01T13:00:00-00:00,2022-09-01T13:15:00-00:00,2022-09-01,07,STD_GNODER,STD_GNODER,STD_GNODER,RTPD,MGHG,LMP_GHG_PRC,STD_GNODER,ALL,1,0,1,5
2022-09-01T14:00:00-00:00,2022-09-01T14:15:00-00:00,2022-09-01,08,STD_GNODER,STD_GNODER,STD_GNODER,RTPD,MGHG,LMP_GHG_PRC,STD_GNODER,ALL,1,0,1,5
2022-09-01T15:00:00-00:00,2022-09-01T15:15:00-00:00,2022-09-01,09,STD_GNODER,STD_GNODER,STD_GNODER,RTPD,MGHG,LMP_GHG_PRC,STD_GNODER,ALL,1,0,1,5
2022-09-01T16:00:00-00:00,2022-09-01T16:15:00-00:00,2022-09-01,10,STD_GNODER,STD_GNODER,STD_GNODER,RTPD,MGHG,LMP_GHG_PRC,STD_GNODER,ALL,1,0,1,5
2022-09-01T17:00:00-00:00,2022-09-01T17:15:00-00:00,2022-09-01,11,STD_GNODER,STD_GNODER,STD_GNODER,RTPD,MGHG,LMP_GHG_PRC,STD_GNODER,ALL,1,0,1,5
2022-09-01T18:00:00-00:00,2022-09-01T18:15:00-00:00,2022-09-01,12,STD_GNODER,STD_GNODER,STD_GNODER,RTPD,MGHG,LMP_GHG_PRC,STD_GNODER,ALL,1,0,1,5
2022-09-01T19:00:00-00:00,2022-09-01T19:15:00-00:00,2022-09-01,13,STD_GNODER,STD_GNODER,STD_GNODER,RTPD,MGHG,LMP_GHG_PRC,STD_GNODER,ALL,1,0,1,5
2022-09-01T20:00:00-00:00,2022-09-01T20:15:00-00:00,2022-09-01,14,STD_GNODER,STD_GNODER,STD_GNODER,RTPD,MGHG,LMP_GHG_PRC,STD_GNODER,ALL,1,0,1,5
2022-09-01T21:00:00-00:00,2022-09-01T21:15:00-00:00,2022-09-01,15,STD_GNODER,STD_GNODER,STD_GNODER,RTPD,MGHG,LMP_GHG_PRC,STD_GNODER,ALL,1,0,1,5
2022-09-01T22:00:00-00:00,2022-09-01T22:15:00-00:00,2022-09-01,16,STD_GNODER,STD_GNODER,STD_GNODER,RTPD,MGHG,LMP_GHG_PRC,STD_GNODER,ALL,1,0,1,5
2022-09-01T23:00:00-00:00,2022-09-01T23:15:00-00:00,2022-09-01,17,STD_GNODER,STD_GNODER,STD_GNODER,RTPD,MGHG,LMP_GHG_PRC,STD_GNODER,ALL,1,0,1,5
2022-09-02T00:00:00-00:00,2022-09-02T00:15:00-00:00,2022-09-01,18,STD_GNODER,STD_GNODER,STD_GNODER,RTPD,MGHG,LMP_GHG_PRC,STD_GNODER,ALL,1,0,1,5
2022-09-02T01:00:00-00:00,2022-09-02T01:15:00-00:00,2022-09-01,19,STD_GNODER,STD_GNODER,STD_GNODER,RTPD,MGHG,LMP_GHG_PRC,STD_GNODER,ALL,1,0,1,5
2022-09-02T02:00:00-00:00,2022-09-02T02:15:00-00:00,2022-09-01,20,STD_GNODER,STD_GNODER,STD_GNODER,RTPD,MGHG,LMP_GHG_PRC,STD_GNODER,ALL,1,0,1,5
2022-09-02T03:00:00-00:00,2022-09-02T03:15:00-00:00,2022-09-01,21,STD_GNODER,STD_GNODER,STD_GNODER,RTPD,MGHG,LMP_GHG_PRC,STD_GNODER,ALL,1,0,1,5
2022-09-02T04:00:00-00:00,2022-09-02T04:15:00-00:00,2022-09-01,22,STD_GNODER,STD_GNODER,STD_GNODER,RTPD,MGHG,LMP_GHG_PRC,STD_GNODER,ALL,1,0,1,5
2022-09-02T05:00:00-00:00,2022-09-02T05:15:00-00:00,2022-09-01,23,STD_GNODER,STD_GNODER,STD_GNODER,RTPD,MGHG,LMP_GHG_PRC,STD_GNODER,ALL,1,0,1,5
2022-09-02T06:00:00-00:00,2022-09-02T06:15:00-00:00,2022-09-01,24,STD_GNODER,STD_GNODER,STD_GNODER,RTPD,MGHG,LMP_GHG_PRC,STD_GNODER,ALL,1,0,1,5
2022-09-01T07:15:00-00:00,2022-09-01T07:30:00-00:00,2022-09-01,01,STD_GNODER,STD_GNODER,STD_GNODER,RTPD,MGHG,LMP_GHG_PRC,STD_GNODER,ALL,1,0,2,5
2022-09-01T08:15:00-00:00,2022-09-01T08:30:00-00:00,2022-09-01,02,STD_GNODER,STD_GNODER,STD_GNODER,RTPD,MGHG,LMP_GHG_PRC,STD_GNODER,ALL,1,0,2,5
2022-09-01T09:15:00-00:00,2022-09-01T09:30:00-00:00,2022-09-01,03,STD_GNODER,STD_GNODER,STD_GNODER,RTPD,MGHG,LMP_GHG_PRC,STD_GNODER,ALL,1,0,2,5
2022-09-01T10:15:00-00:00,2022-09-01T10:30:00-00:00,2022-09-01,04,STD_GNODER,STD_GNODER,STD_GNODER,RTPD,MGHG,LMP_GHG_PRC,STD_GNODER,ALL,1,0,2,5
2022-09-01T11:15:00-00:00,2022-09-01T11:30:00-00:00,2022-09-01,05,STD_GNODER,STD_GNODER,STD_GNODER,RTPD,MGHG,LMP_GHG_PRC,STD_GNODER,ALL,1,0,2,5
2022-09-01T12:15:00-00:00,2022-09-01T12:30:00-00:00,2022-09-01,06,STD_GNODER,STD_GNODER,STD_GNODER,RTPD,MGHG,LMP_GHG_PRC,STD_GNODER,ALL,1,0,2,5
2022-09-01T13:15:00-00:00,2022-09-01T13:30:00-00:00,2022-09-01,07,STD_GNODER,STD_GNODER,STD_GNODER,RTPD,MGHG,LMP_GHG_PRC,STD_GNODER,ALL,1,0,2,5
2022-09-01T14:15:00-00:00,2022-09-01T14:30:00-00:00,2022-09-01,08,STD_GNODER,STD_GNODER,STD_GNODER,RTPD,MGHG,LMP_GHG_PRC,STD_GNODER,ALL,1,0,2,5
2022-09-01T15:15:00-00:00,2022-09-01T15:30:00-00:00,2022-09-01,09,STD_GNODER,STD_GNODER,STD_GNODER,RTPD,MGHG,LMP_GHG_PRC,STD_GNODER,ALL,1,0,2,5
2022-09-01T16:15:00-00:00,2022-09-01T16:30:00-00:00,2022-09-01,10,STD_GNODER,STD_GNODER,STD_GNODER,RTPD,MGHG,LMP_GHG_PRC,STD_GNODER,ALL,1,0,2,5
2022-09-01T17:15:00-00:00,2022-09-01T17:30:00-00:00,2022-09-01,11,STD_GNODER,STD_GNODER,STD_GNODER,RTPD,MGHG,LMP_GHG_PRC,STD_GNODER,ALL,1,0,2,5
2022-09-01T18:15:00-00:00,2022-09-01T18:30:00-00:00,2022-09-01,12,STD_GNODER,STD_GNODER,STD_GNODER,RTPD,MGHG,LMP_GHG_PRC,STD_GNODER,ALL,1,0,2,5
2022-09-01T19:15:00-00:00,2022-09-01T19:30:00-00:00,2022-09-01,13,STD_GNODER,STD_GNODER,STD_GNODER,RTPD,MGHG,LMP_GHG_PRC,STD_GNODER,ALL,1,0,2,5
2022-09-01T20:15:00-00:00,2022-09-01T20:30:00-00:00,2022-09-01,14,STD_GNODER,STD_GNODER,STD_GNODER,RTPD,MGHG,LMP_GHG_PRC,STD_GNODER,ALL,1,0,2,5
2022-09-01T21:15:00-00:00,2022-09-01T21:30:00-00:00,2022-09-01,15,STD_GNODER,STD_GNODER,STD_GNODER,RTPD,MGHG,LMP_GHG_PRC,STD_GNODER,ALL,1,0,2,5
2022-09-01T22:15:00-00:00,2022-09-01T22:30:00-00:00,2022-09-01,16,STD_GNODER,STD_GNODER,STD_GNODER,RTPD,MGHG,LMP_GHG_PRC,STD_GNODER,ALL,1,0,2,5
2022-09-01T23:15:00-00:00,2022-09-01T23:30:00-00:00,2022-09-01,17,STD_GNODER,STD_GNODER,STD_GNODER,RTPD,MGHG,LMP_GHG_PRC,STD_GNODER,ALL,1,0,2,5
2022-09-02T00:15:00-00:00,2022-09-02T00:30:00-00:00,2022-09-01,18,STD_GNODER,STD_GNODER,STD_GNODER,RTPD,MGHG,LMP_GHG_PRC,STD_GNODER,ALL,1,0,2,5
2022-09-02T01:15:00-00:00,2022-09-02T01:30:00-00:00,2022-09-01,19,STD_GNODER,STD_GNODER,STD_GNODER,RTPD,MGHG,LMP_GHG_PRC,STD_GNODER,ALL,1,0,2,5
2022-09-02T02:15:00-00:00,2022-09-02T02:30:00-00:00,2022-09-01,20,STD_GNODER,STD_GNODER,STD_GNODER,RTPD,MGHG,LMP_GHG_PRC,STD_GNODER,ALL,1,0,2,5
2022-09-02T03:15:00-00:00,2022-09-02T03:30:00-00:00,2022-09-01,21,STD_GNODER,STD_GNODER,STD_GNODER,RTPD,MGHG,LMP_GHG_PRC,STD_GNODER,ALL,1,0,2,5
2022-09-02T04:15:00-00:00,2022-09-02T04:30:00-00:00,2022-09-01,22,STD_GNODER,STD_GNODER,STD_GNODER,RTPD,MGHG,LMP_GHG_PRC,STD_GNODER,ALL,1,0,2,5
2022-09-02T05:15:00-00:00,2022-09-02T05:30:00-00:00,2022-09-01,23,STD_GNODER,STD_GNODER,STD_GNODER,RTPD,MGHG,LMP_GHG_PRC,STD_GNODER,ALL,1,0,2,5
2022-09-02T06:15:00-00:00,2022-09-02T06:30:00-00:00,2022-09-01,24,STD_GNODER,STD_GNODER,STD_GNODER,RTPD,MGHG,LMP_GHG_PRC,STD_GNODER,ALL,1,0,2,5
2022-09-01T07:30:00-00:00,2022-09-01T07:45:00-00:00,2022-09-01,01,STD_GNODER,STD_GNODER,STD_GNODER,RTPD,MGHG,LMP_GHG_PRC,STD_GNODER,ALL,1,0,3,5
2022-09-01T08:30:00-00:00,2022-09-01T08:45:00-00:00,2022-09-01,02,STD_GNODER,STD_GNODER,STD_GNODER,RTPD,MGHG,LMP_GHG_PRC,STD_GNODER,ALL,1,0,3,5
2022-09-01T09:30:00-00:00,2022-09-01T09:45:00-00:00,2022-09-01,03,STD_GNODER,STD_GNODER,STD_GNODER,RTPD,MGHG,LMP_GHG_PRC,STD_GNODER,ALL,1,0,3,5
2022-09-01T10:30:00-00:00,2022-09-01T10:45:00-00:00,2022-09-01,04,STD_GNODER,STD_GNODER,STD_GNODER,RTPD,MGHG,LMP_GHG_PRC,STD_GNODER,ALL,1,0,3,5
2022-09-01T11:30:00-00:00,2022-09-01T11:45:00-00:00,2022-09-01,05,STD_GNODER,STD_GNODER,STD_GNODER,RTPD,MGHG,LMP_GHG_PRC,STD_GNODER,ALL,1,0,3,5
2022-09-01T12:30:00-00:00,2022-09-01T12:45:00-00:00,2022-09-01,06,STD_GNODER,STD_GNODER,STD_GNODER,RTPD,MGHG,LMP_GHG_PRC,STD_GNODER,ALL,1,0,3,5
2022-09-01T13:30:00-00:00,2022-09-01T13:45:00-00:00,2022-09-01,07,STD_GNODER,STD_GNODER,STD_GNODER,RTPD,MGHG,LMP_GHG_PRC,STD_GNODER,ALL,1,0,3,5
2022-09-01T14:30:00-00:00,2022-09-01T14:45:00-00:00,2022-09-01,08,STD_GNODER,STD_GNODER,STD_GNODER,RTPD,MGHG,LMP_GHG_PRC,STD_GNODER,ALL,1,0,3,5
2022-09-01T15:30:00-00:00,2022-09-01T15:45:00-00:00,2022-09-01,09,STD_GNODER,STD_GNODER,STD_GNODER,RTPD,MGHG,LMP_GHG_PRC,STD_GNODER,ALL,1,0,3,5
2022-09-01T16:30:00-00:00,2022-09-01T16:45:00-00:00,2022-09-01,10,STD_GNODER,STD_GNODER,STD_GNODER,RTPD,MGHG,LMP_GHG_PRC,STD_GNODER,ALL,1,0,3,5
2022-09-01T17:30:00-00:00,2022-09-01T17:45:00-00:00,2022-09-01,11,STD_GNODER,STD_GNODER,STD_GNODER,RTPD,MGHG,LMP_GHG_PRC,STD_GNODER,ALL,1,0,3,5
2022-09-01T18:30:00-00:00,2022-09-01T18:45:00-00:00,2022-09-01,12,STD_GNODER,STD_GNODER,STD_GNODER,RTPD,MGHG,LMP_GHG_PRC,STD_GNODER,ALL,1,0,3,5
2022-09-01T19:30:00-00:00,2022-09-01T19:45:00-00:00,2022-09-01,13,STD_GNODER,STD_GNODER,STD_GNODER,RTPD,MGHG,LMP_GHG_PRC,STD_GNODER,ALL,1,0,3,5
2022-09-01T20:30:00-00:00,2022-09-01T20:45:00-00:00,2022-09-01,14,STD_GNODER,STD_GNODER,STD_GNODER,RTPD,MGHG,LMP_GHG_PRC,STD_GNODER,ALL,1,0,3,5
2022-09-01T21:30:00-00:00,2022-09-01T21:45:00-00:00,2022-09-01,15,STD_GNODER,STD_GNODER,STD_GNODER,RTPD,MGHG,LMP_GHG_PRC,STD_GNODER,ALL,1,0,3,5
2022-09-01T22:30:00-00:00,2022-09-01T22:45:00-00:00,2022-09-01,16,STD_GNODER,STD_GNODER,STD_GNODER,RTPD,MGHG,LMP_GHG_PRC,STD_GNODER,ALL,1,0,3,5
2022-09-01T23:30:00-00:00,2022-09-01T23:45:00-00:00,2022-09-01,17,STD_GNODER,STD_GNODER,STD_GNODER,RTPD,MGHG,LMP_GHG_PRC,STD_GNODER,ALL,1,0,3,5
2022-09-02T00:30:00-00:00,2022-09-02T00:45:00-00:00,2022-09-01,18,STD_GNODER,STD_GNODER,STD_GNODER,RTPD,MGHG,LMP_GHG_PRC,STD_GNODER,ALL,1,0,3,5
2022-09-02T01:30:00-00:00,2022-09-02T01:45:00-00:00,2022-09-01,19,STD_GNODER,STD_GNODER,STD_GNODER,RTPD,MGHG,LMP_GHG_PRC,STD_GNODER,ALL,1,0,3,5
2022-09-02T02:30:00-00:00,2022-09-02T02:45:00-00:00,2022-09-01,20,STD_GNODER,STD_GNODER,STD_GNODER,RTPD,MGHG,LMP_GHG_PRC,STD_GNODER,ALL,1,0,3,5
2022-09-02T03:30:00-00:00,2022-09-02T03:45:00-00:00,2022-09-01,21,STD_GNODER,STD_GNODER,STD_GNODER,RTPD,MGHG,LMP_GHG_PRC,STD_GNODER,ALL,1,0,3,5
2022-09-02T04:30:00-00:00,2022-09-02T04:45:00-00:00,2022-09-01,22,STD_GNODER,STD_GNODER,STD_GNODER,RTPD,MGHG,LMP_GHG_PRC,STD_GNODER,ALL,1,0,3,5
2022-09-02T05:30:00-00:00,2022-09-02T05:45:00-00:00,2022-09-01,23,STD_GNODER,STD_GNODER,STD_GNODER,RTPD,MGHG,LMP_GHG_PRC,STD_GNODER,ALL,1,0,3,5
2022-09-02T06:30:00-00:00,2022-09-02T06:45:00-00:00,2022-09-01,24,STD_GNODER,STD_GNODER,STD_GNODER,RTPD,MGHG,LMP_GHG_PRC,STD_GNODER,ALL,1,0,3,5
2022-09-01T07:45:00-00:00,2022-09-01T08:00:00-00:00,2022-09-01,01,STD_GNODER,STD_GNODER,STD_GNODER,RTPD,MGHG,LMP_GHG_PRC,STD_GNODER,ALL,1,0,4,5
2022-09-01T08:45:00-00:00,2022-09-01T09:00:00-00:00,2022-09-01,02,STD_GNODER,STD_GNODER,STD_GNODER,RTPD,MGHG,LMP_GHG_PRC,STD_GNODER,ALL,1,0,4,5
2022-09-01T09:45:00-00:00,2022-09-01T10:00:00-00:00,2022-09-01,03,STD_GNODER,STD_GNODER,STD_GNODER,RTPD,MGHG,LMP_GHG_PRC,STD_GNODER,ALL,1,0,4,5
2022-09-01T10:45:00-00:00,2022-09-01T11:00:00-00:00,2022-09-01,04,STD_GNODER,STD_GNODER,STD_GNODER,RTPD,MGHG,LMP_GHG_PRC,STD_GNODER,ALL,1,0,4,5
2022-09-01T11:45:00-00:00,2022-09-01T12:00:00-00:00,2022-09-01,05,STD_GNODER,STD_GNODER,STD_GNODER,RTPD,MGHG,LMP_GHG_PRC,STD_GNODER,ALL,1,0,4,5
2022-09-01T12:45:00-00:00,2022-09-01T13:00:00-00:00,2022-09-01,06,STD_GNODER,STD_GNODER,STD_GNODER,RTPD,MGHG,LMP_GHG_PRC,STD_GNODER,ALL,1,0,4,5
2022-09-01T13:45:00-00:00,2022-09-01T14:00:00-00:00,2022-09-01,07,STD_GNODER,STD_GNODER,STD_GNODER,RTPD,MGHG,LMP_GHG_PRC,STD_GNODER,ALL,1,0,4,5
2022-09-01T14:45:00-00:00,2022-09-01T15:00:00-00:00,2022-09-01,08,STD_GNODER,STD_GNODER,STD_GNODER,RTPD,MGHG,LMP_GHG_PRC,STD_GNODER,ALL,1,0,4,5
2022-09-01T15:45:00-00:00,2022-09-01T16:00:00-00:00,2022-09-01,09,STD_GNODER,STD_GNODER,STD_GNODER,RTPD,MGHG,LMP_GHG_PRC,STD_GNODER,ALL,1,0,4,5
2022-09-01T16:45:00-00:00,2022-09-01T17:00:00-00:00,2022-09-01,10,STD_GNODER,STD_GNODER,STD_GNODER,RTPD,MGHG,LMP_GHG_PRC,STD_GNODER,ALL,1,0,4,5
2022-09-01T17:45:00-00:00,2022-09-01T18:00:00-00:00,2022-09-01,11,STD_GNODER,STD_GNODER,STD_GNODER,RTPD,MGHG,LMP_GHG_PRC,STD_GNODER,ALL,1,0,4,5
2022-09-01T18:45:00-00:00,2022-09-01T19:00:00-00:00,2022-09-01,12,STD_GNODER,STD_GNODER,STD_GNODER,RTPD,MGHG,LMP_GHG_PRC,STD_GNODER,ALL,1,0,4,5
2022-09-01T19:45:00-00:00,2022-09-01T20:00:00-00:00,2022-09-01,13,STD_GNODER,STD_GNODER,STD_GNODER,RTPD,MGHG,LMP_GHG_PRC,STD_GNODER,ALL,1,0,4,5
2022-09-01T20:45:00-00:00,2022-09-01T21:00:00-00:00,2022-09-01,14,STD_GNODER,STD_GNODER,STD_GNODER,RTPD,MGHG,LMP_GHG_PRC,STD_GNODER,ALL,1,0,4,5
2022-09-01T21:45:00-00:00,2022-09-01T22:00:00-00:00,2022-09-01,15,STD_GNODER,STD_GNODER,STD_GNODER,RTPD,MGHG,LMP_GHG_PRC,STD_GNODER,ALL,1,0,4,5
2022-09-01T22:45:00-00:00,2022-09-01T23:00:00-00:00,2022-09-01,16,STD_GNODER,STD_GNODER,STD_GNODER,RTPD,MGHG,LMP_GHG_PRC,STD_GNODER,ALL,1,0,4,5
2022-09-01T23:45:00-00:00,2022-09-02T00:00:00-00:00,2022-09-01,17,STD_GNODER,STD_GNODER,STD_GNODER,RTPD,MGHG,LMP_GHG_PRC,STD_GNODER,ALL,1,0,4,5
2022-09-02T00:45:00-00:00,2022-09-02T01:00:00-00:00,2022-09-01,18,STD_GNODER,STD_GNODER,STD_GNODER,RTPD,MGHG,LMP_GHG_PRC,STD_GNODER,ALL,1,0,4,5
2022-09-02T01:45:00-00:00,2022-09-02T02:00:00-00:00,2022-09-01,19,STD_GNODER,STD_GNODER,STD_GNODER,RTPD,MGHG,LMP_GHG_PRC,STD_GNODER,ALL,1,0,4,5
2022-09-02T02:45:00-00:00,2022-09-02T03:00:00-00:00,2022-09-01,20,STD_GNODER,STD_GNODER,STD_GNODER,RTPD,MGHG,LMP_GHG_PRC,STD_GNODER,ALL,1,0,4,5
2022-09-02T03:45:00-00:00,2022-09-02T04:00:00-00:00,2022-09-01,21,STD_GNODER,STD_GNODER,STD_GNODER,RTPD,MGHG,LMP_GHG_PRC,STD_GNODER,ALL,1,0,4,5
2022-09-02T04:45:00-00:00,2022-09-02T05:00:00-00:00,2022-09-01,22,STD_GNODER,STD_GNODER,STD_GNODER,RTPD,MGHG,LMP_GHG_PRC,STD_GNODER,ALL,1,0,4,5
2022-09-02T05:45:00-00:00,2022-09-02T06:00:00-00:00,2022-09-01,23,STD_GNODER,STD_GNODER,STD_GNODER,RTPD,MGHG,LMP_GHG_PRC,STD_GNODER,ALL,1,0,4,5
2022-09-02T06:45:00-00:00,2022-09-02T07:00:00-00:00,2022-09-01,24,STD_GNODER,STD_GNODER,STD_GNODER,RTPD,MGHG,LMP_GHG_PRC,STD_GNODER,ALL,1,0,4,5
