INTERVALSTARTTIME_GMT,INTERVALENDTIME_GMT,OPR_DT,OPR_HR,NODE_ID_XML,NODE_ID,NODE,MARKET_RUN_ID,LMP_TYPE,XML_DATA_ITEM,PNODE_RESMRID,GRP_TYPE,POS,PRC,OPR_INTERVAL,GROUP
2022-09-01T07:00:00-00:00,2022-09-01T07:15:00-00:00,2022-09-01,01,BARTON_1_N008,BARTON_1_N008,BARTON_1_N008,RTPD,LMP,LMP_PRC,BARTON_1_N008,ALL,1,82.48499,1,1
2022-09-01T08:00:00-00:00,2022-09-01T08:15:00-00:00,2022-09-01,02,BARTON_1_N008,BARTON_1_N008,BARTON_1_N008,RTPD,LMP,LMP_PRC,BARTON_1_N008,ALL,1,111.7478,1,1
2022-09-01T09:00:00-00:00,2022-09-01T09:15:00-00:00,2022-09-01,03,BARTON_1_N008,BARTON_1_N008,BARTON_1_N008,RTPD,LMP,LMP_PRC,BARTON_1_N008,ALL,1,106.40591,1,1
2022-09-01T10:00:00-00:00,2022-09-01T10:15:00-00:00,2022-09-01,04,BARTON_1_N008,BARTON_1_N008,BARTON_1_N008,RTPD,LMP,LMP_PRC,BARTON_1_N008,ALL,1,105.19322,1,1
2022-09-01T11:00:00-00:00,2022-09-01T11:15:00-00:00,2022-09-01,05,BARTON_1_N008,BARTON_1_N008,BARTON_1_N008,RTPD,LMP,LMP_PRC,BARTON_1_N008,ALL,1,114.72297,1,1
2022-09-01T12:00:00-00:00,2022-09-01T12:15:00-00:00,2022-09-01,06,BARTON_1_N008,BARTON_1_N008,BARTON_1_N008,RTPD,LMP,LMP_PRC,BARTON_1_N008,ALL,1,96.61954,1,1
2022-09-01T13:00:00-00:00,2022-09-01T13:15:00-00:00,2022-09-01,07,BARTON_1_N008,BARTON_1_N008,BARTON_1_N008,RTPD,LMP,LMP_PRC,BARTON_1_N008,ALL,1,86.71212,1,1
2022-09-01T14:00:00-00:00,2022-09-01T14:15:00-00:00,2022-09-01,08,BARTON_1_N008,BARTON_1_N008,BARTON_1_N008,RTPD,LMP,LMP_PRC,BARTON_1_N008,ALL,1,121.74562,1,1
2022-09-01T15:00:00-00:00,2022-09-01T15:15:00-00:00,2022-09-01,09,BARTON_1_N008,BARTON_1_N008,BARTON_1_N008,RTPD,LMP,LMP_PRC,BARTON_1_N008,ALL,1,97.4112,1,1
2022-09-01T16:00:00-00:00,2022-09-01T16:15:00-00:00,2022-09-01,10,BARTON_1_N008,BARTON_1_N008,BARTON_1_N008,RTPD,LMP,LMP_PRC,BARTON_1_N008,ALL,1,83.43525,1,1
2022-09-01T17:00:00-00:00,2022-09-01T17:15:00-00:00,2022-09-01,11,BARTON_1_N008,BARTON_1_N008,BARTON_1_N008,RTPD,LMP,LMP_PRC,BARTON_1_N008,ALL,1,78.21833,1,1
2022-09-01T18:00:00-00:00,2022-09-01T18:15:00-00:00,2022-09-01,12,BARTON_1_N008,BARTON_1_N008,BARTON_1_N008,RTPD,LMP,LMP_PRC,BARTON_1_N008,ALL,1,55.3113,1,1
2022-09-01T19:00:00-00:00,2022-09-01T19:15:00-00:00,2022-09-01,13,BARTON_1_N008,BARTON_1_N008,BARTON_1_N008,RTPD,LMP,LMP_PRC,BARTON_1_N008,ALL,1,69.19025,1,1
2022-09-01T20:00:00-00:00,2022-09-01T20:15:00-00:00,2022-09-01,14,BARTON_1_N008,BARTON_1_N008,BARTON_1_N008,RTPD,LMP,LMP_PRC,BARTON_1_N008,ALL,1,114.01026,1,1
2022-09-01T21:00:00-00:00,2022-09-01T21:15:00-00:00,2022-09-01,15,BARTON_1_N008,BARTON_1_N008,BARTON_1_N008,RTPD,LMP,LMP_PRC,BARTON_1_N008,ALL,1,115.84912,1,1
2022-09-01T22:00:00-00:00,2022-09-01T22:15:00-00:00,2022-09-01,16,BARTON_1_N008,BARTON_1_N008,BARTON_1_N008,RTPD,LMP,LMP_PRC,BARTON_1_N008,ALL,1,108.7598,1,1
2022-09-01T23:00:00-00:00,2022-09-01T23:15:00-00:00,2022-09-01,17,BARTON_1_N008,BARTON_1_N008,BARTON_1_N008,RTPD,LMP,LMP_PRC,BARTON_1_N008,ALL,1,192.06052,1,1
2022-09-02T00:00:00-00:00,2022-09-02T00:15:00-00:00,2022-09-01,18,BARTON_1_N008,BARTON_1_N008,BARTON_1_N008,RTPD,LMP,LMP_PRC,BARTON_1_N008,ALL,1,1120.2736,1,1
2022-09-02T01:00:00-00:00,2022-09-02T01:15:00-00:00,2022-09-01,19,BARTON_1_N008,BARTON_1_N008,BARTON_1_N008,RTPD,LMP,LMP_PRC,BARTON_1_N008,ALL,1,1293.9601,1,1
2022-09-02T02:00:00-00:00,2022-09-02T02:15:00-00:00,2022-09-01,20,BARTON_1_N008,BARTON_1_N008,BARTON_1_N008,RTPD,LMP,LMP_PRC,BARTON_1_N008,ALL,1,1991.6721,1,1
2022-09-02T03:00:00-00:00,2022-09-02T03:15:00-00:00,2022-09-01,21,BARTON_1_N008,BARTON_1_N008,BARTON_1_N008,RTPD,LMP,LMP_PRC,BARTON_1_N008,ALL,1,1555.8734,1,1
2022-09-02T04:00:00-00:00,2022-09-02T04:15:00-00:00,2022-09-01,22,BARTON_1_N008,BARTON_1_N008,BARTON_1_N008,RTPD,LMP,LMP_PRC,BARTON_1_N008,ALL,1,1539.9752,1,1
2022-09-02T05:00:00-00:00,2022-09-02T05:15:00-00:00,2022-09-01,23,BARTON_1_N008,BARTON_1_N008,BARTON_1_N008,RTPD,LMP,LMP_PRC,BARTON_1_N008,ALL,1,219.762,1,1
2022-09-02T06:00:00-00:00,2022-09-02T06:15:00-00:00,2022-09-01,24,BARTON_1_N008,BARTON_1_N008,BARTON_1_N008,RTPD,LMP,LMP_PRC,BARTON_1_N008,ALL,1,334.67792,1,1
2022-09-01T07:15:00-00:00,2022-09-01T07:30:00-00:00,2022-09-01,01,BARTON_1_N008,BARTON_1_N008,BARTON_1_N008,RTPD,LMP,LMP_PRC,BARTON_1_N008,ALL,1,114.16453,2,1
2022-09-01T08:15:00-00:00,2022-09-01T08:30:00-00:00,2022-09-01,02,BARTON_1_N008,BARTON_1_N008,BARTON_1_N008,RTPD,LMP,LMP_PRC,BARTON_1_N008,ALL,1,114.49209,2,1
2022-09-01T09:15:00-00:00,2022-09-01T09:30:00-00:00,2022-09-01,03,BARTON_1_N008,BARTON_1_N008,BARTON_1_N008,RTPD,LMP,LMP_PRC,BARTON_1_N008,ALL,1,102.84151,2,1
2022-09-01T10:15:00-00:00,2022-09-01T10:30:00-00:00,2022-09-01,04,BARTON_1_N008,BARTON_1_N008,BARTON_1_N008,RTPD,LMP,LMP_PRC,BARTON_1_N008,ALL,1,101.77537,2,1
2022-09-01T11:15:00-00:00,2022-09-01T11:30:00-00:00,2022-09-01,05,BARTON_1_N008,BARTON_1_N008,BARTON_1_N008,RTPD,LMP,LMP_PRC,BARTON_1_N008,ALL,1,115.22435,2,1
2022-09-01T12:15:00-00:00,2022-09-01T12:30:00-00:00,2022-09-01,06,BARTON_1_N008,BARTON_1_N008,BARTON_1_N008,RTPD,LMP,LMP_PRC,BARTON_1_N008,ALL,1,115.75523,2,1
2022-09-01T13:15:00-00:00,2022-09-01T13:30:00-00:00,2022-09-01,07,BARTON_1_N008,BARTON_1_N008,BARTON_1_N008,RTPD,LMP,LMP_PRC,BARTON_1_N008,ALL,1,120.75128,2,1
2022-09-01T14:15:00-00:00,2022-09-01T14:30:00-00:00,2022-09-01,08,BARTON_1_N008,BARTON_1_N008,BARTON_1_N008,RTPD,LMP,LMP_PRC,BARTON_1_N008,ALL,1,113.62101,2,1
2022-09-01T15:15:00-00:00,2022-09-01T15:30:00-00:00,2022-09-01,09,BARTON_1_N008,BARTON_1_N008,BARTON_1_N008,RTPD,LMP,LMP_PRC,BARTON_1_N008,ALL,1,86.9388,2,1
2022-09-01T16:15:00-00:00,2022-09-01T16:30:00-00:00,2022-09-01,10,BARTON_1_N008,BARTON_1_N008,BARTON_1_N008,RTPD,LMP,LMP_PRC,BARTON_1_N008,ALL,1,87.6098,2,1
2022-09-01T17:15:00-00:00,2022-09-01T17:30:00-00:00,2022-09-01,11,BARTON_1_N008,BARTON_1_N008,BARTON_1_N008,RTPD,LMP,LMP_PRC,BARTON_1_N008,ALL,1,76.54761,2,1
2022-09-01T18:15:00-00:00,2022-09-01T18:30:00-00:00,2022-09-01,12,BARTON_1_N008,BARTON_1_N008,BARTON_1_N008,RTPD,LMP,LMP_PRC,BARTON_1_N008,ALL,1,71.47408,2,1
2022-09-01T19:15:00-00:00,2022-09-01T19:30:00-00:00,2022-09-01,13,BARTON_1_N008,BARTON_1_N008,BARTON_1_N008,RTPD,LMP,LMP_PRC,BARTON_1_N008,ALL,1,72.20652,2,1
2022-09-01T20:15:00-00:00,2022-09-01T20:30:00-00:00,2022-09-01,14,BARTON_1_N008,BARTON_1_N008,BARTON_1_N008,RTPD,LMP,LMP_PRC,BARTON_1_N008,ALL,1,113.95217,2,1
2022-09-01T21:15:00-00:00,2022-09-01T21:30:00-00:00,2022-09-01,15,BARTON_1_N008,BARTON_1_N008,BARTON_1_N008,RTPD,LMP,LMP_PRC,BARTON_1_N008,ALL,1,117.27674,2,1
2022-09-01T22:15:00-00:00,2022-09-01T22:30:00-00:00,2022-09-01,16,BARTON_1_N008,BARTON_1_N008,BARTON_1_N008,RTPD,LMP,LMP_PRC,BARTON_1_N008,ALL,1,124.947,2,1
2022-09-01T23:15:00-00:00,2022-09-01T23:30:00-00:00,2022-09-01,17,BARTON_1_N008,BARTON_1_N008,BARTON_1_N008,RTPD,LMP,LMP_PRC,BARTON_1_N008,ALL,1,254.46893,2,1
2022-09-02T00:15:00-00:00,2022-09-02T00:30:00-00:00,2022-09-01,18,BARTON_1_N008,BARTON_1_N008,BARTON_1_N008,RTPD,LMP,LMP_PRC,BARTON_1_N008,ALL,1,1125.7041,2,1
2022-09-02T01:15:00-00:00,2022-09-02T01:30:00-00:00,2022-09-01,19,BARTON_1_N008,BARTON_1_N008,BARTON_1_N008,RTPD,LMP,LMP_PRC,BARTON_1_N008,ALL,1,1999.9933,2,1
2022-09-02T02:15:00-00:00,2022-09-02T02:30:00-00:00,2022-09-01,20,BARTON_1_N008,BARTON_1_N008,BARTON_1_N008,RTPD,LMP,LMP_PRC,BARTON_1_N008,ALL,1,1991.6721,2,1
2022-09-02T03:15:00-00:00,2022-09-02T03:30:00-00:00,2022-09-01,21,BARTON_1_N008,BARTON_1_N008,BARTON_1_N008,RTPD,LMP,LMP_PRC,BARTON_1_N008,ALL,1,643.32513,2,1
2022-09-02T04:15:00-00:00,2022-09-02T04:30:00-00:00,2022-09-01,22,BARTON_1_N008,BARTON_1_N008,BARTON_1_N008,RTPD,LMP,LMP_PRC,BARTON_1_N008,ALL,1,1387.8068,2,1
2022-09-02T05:15:00-00:00,2022-09-02T05:30:00-00:00,2022-09-01,23,BARTON_1_N008,BARTON_1_N008,BARTON_1_N008,RTPD,LMP,LMP_PRC,BARTON_1_N008,ALL,1,193.06905,2,1
2022-09-02T06:15:00-00:00,2022-09-02T06:30:00-00:00,2022-09-01,24,BARTON_1_N008,BARTON_1_N008,BARTON_1_N008,RTPD,LMP,LMP_PRC,BARTON_1_N008,ALL,1,162.0351,2,1
2022-09-01T07:30:00-00:00,2022-09-01T07:45:00-00:00,2022-09-01,01,BARTON_1_N008,BARTON_1_N008,BARTON_1_N008,RTPD,LMP,LMP_PRC,BARTON_1_N008,ALL,1,100.58348,3,1
2022-09-01T08:30:00-00:00,2022-09-01T08:45:00-00:00,2022-09-01,02,BARTON_1_N008,BARTON_1_N008,BARTON_1_N008,RTPD,LMP,LMP_PRC,BARTON_1_N008,ALL,1,123.3449,3,1
2022-09-01T09:30:00-00:00,2022-09-01T09:45:00-00:00,2022-09-01,03,BARTON_1_N008,BARTON_1_N008,BARTON_1_N008,RTPD,LMP,LMP_PRC,BARTON_1_N008,ALL,1,102.56552,3,1
2022-09-01T10:30:00-00:00,2022-09-01T10:45:00-00:00,2022-09-01,04,BARTON_1_N008,BARTON_1_N008,BARTON_1_N008,RTPD,LMP,LMP_PRC,BARTON_1_N008,ALL,1,103.56228,3,1
2022-09-01T11:30:00-00:00,2022-09-01T11:45:00-00:00,2022-09-01,05,BARTON_1_N008,BARTON_1_N008,BARTON_1_N008,RTPD,LMP,LMP_PRC,BARTON_1_N008,ALL,1,115.37789,3,1
2022-09-01T12:30:00-00:00,2022-09-01T12:45:00-00:00,2022-09-01,06,BARTON_1_N008,BARTON_1_N008,BARTON_1_N008,RTPD,LMP,LMP_PRC,BARTON_1_N008,ALL,1,114.26439,3,1
2022-09-01T13:30:00-00:00,2022-09-01T13:45:00-00:00,2022-09-01,07,BARTON_1_N008,BARTON_1_N008,BARTON_1_N008,RTPD,LMP,LMP_PRC,BARTON_1_N008,ALL,1,121.992,3,1
2022-09-01T14:30:00-00:00,2022-09-01T14:45:00-00:00,2022-09-01,08,BARTON_1_N008,BARTON_1_N008,BARTON_1_N008,RTPD,LMP,LMP_PRC,BARTON_1_N008,ALL,1,109.84864,3,1
2022-09-01T15:30:00-00:00,2022-09-01T15:45:00-00:00,2022-09-01,09,BARTON_1_N008,BARTON_1_N008,BARTON_1_N008,RTPD,LMP,LMP_PRC,BARTON_1_N008,ALL,1,86.1388,3,1
2022-09-01T16:30:00-00:00,2022-09-01T16:45:00-00:00,2022-09-01,10,BARTON_1_N008,BARTON_1_N008,BARTON_1_N008,RTPD,LMP,LMP_PRC,BARTON_1_N008,ALL,1,73.40932,3,1
2022-09-01T17:30:00-00:00,2022-09-01T17:45:00-00:00,2022-09-01,11,BARTON_1_N008,BARTON_1_N008,BARTON_1_N008,RTPD,LMP,LMP_PRC,BARTON_1_N008,ALL,1,76.26049,3,1
2022-09-01T18:30:00-00:00,2022-09-01T18:45:00-00:00,2022-09-01,12,BARTON_1_N008,BARTON_1_N008,BARTON_1_N008,RTPD,LMP,LMP_PRC,BARTON_1_N008,ALL,1,76.11912,3,1
2022-09-01T19:30:00-00:00,2022-09-01T19:45:00-00:00,2022-09-01,13,BARTON_1_N008,BARTON_1_N008,BARTON_1_N008,RTPD,LMP,LMP_PRC,BARTON_1_N008,ALL,1,99.88586,3,1
2022-09-01T20:30:00-00:00,2022-09-01T20:45:00-00:00,2022-09-01,14,BARTON_1_N008,BARTON_1_N008,BARTON_1_N008,RTPD,LMP,LMP_PRC,BARTON_1_N008,ALL,1,115.5246,3,1
2022-09-01T21:30:00-00:00,2022-09-01T21:45:00-00:00,2022-09-01,15,BARTON_1_N008,BARTON_1_N008,BARTON_1_N008,RTPD,LMP,LMP_PRC,BARTON_1_N008,ALL,1,125.43076,3,1
2022-09-01T22:30:00-00:00,2022-09-01T22:45:00-00:00,2022-09-01,16,BARTON_1_N008,BARTON_1_N008,BARTON_1_N008,RTPD,LMP,LMP_PRC,BARTON_1_N008,ALL,1,141.63599,3,1
2022-09-01T23:30:00-00:00,2022-09-01T23:45:00-00:00,2022-09-01,17,BARTON_1_N008,BARTON_1_N008,BARTON_1_N008,RTPD,LMP,LMP_PRC,BARTON_1_N008,ALL,1,613.9762,3,1
2022-09-02T00:30:00-00:00,2022-09-02T00:45:00-00:00,2022-09-01,18,BARTON_1_N008,BARTON_1_N008,BARTON_1_N008,RTPD,LMP,LMP_PRC,BARTON_1_N008,ALL,1,1728.4335,3,1
2022-09-02T01:30:00-00:00,2022-09-02T01:45:00-00:00,2022-09-01,19,BARTON_1_N008,BARTON_1_N008,BARTON_1_N008,RTPD,LMP,LMP_PRC,BARTON_1_N008,ALL,1,1999.9956,3,1
2022-09-02T02:30:00-00:00,2022-09-02T02:45:00-00:00,2022-09-01,20,BARTON_1_N008,BARTON_1_N008,BARTON_1_N008,RTPD,LMP,LMP_PRC,BARTON_1_N008,ALL,1,1991.671,3,1
2022-09-02T03:30:00-00:00,2022-09-02T03:45:00-00:00,2022-09-01,21,BARTON_1_N008,BARTON_1_N008,BARTON_1_N008,RTPD,LMP,LMP_PRC,BARTON_1_N008,ALL,1,245.29512,3,1
2022-09-02T04:30:00-00:00,2022-09-02T04:45:00-00:00,2022-09-01,22,BARTON_1_N008,BARTON_1_N008,BARTON_1_N008,RTPD,LMP,LMP_PRC,BARTON_1_N008,ALL,1,817.4296,3,1
2022-09-02T05:30:00-00:00,2022-09-02T05:45:00-00:00,2022-09-01,23,BARTON_1_N008,BARTON_1_N008,BARTON_1_N008,RTPD,LMP,LMP_PRC,BARTON_1_N008,ALL,1,160.86963,3,1
2022-09-02T06:30:00-00:00,2022-09-02T06:45:00-00:00,2022-09-01,24,BARTON_1_N008,BARTON_1_N008,BARTON_1_N008,RTPD,LMP,LMP_PRC,BARTON_1_N008,ALL,1,152.25175,3,1
2022-09-01T07:45:00-00:00,2022-09-01T08:00:00-00:00,2022-09-01,01,BARTON_1_N008,BARTON_1_N008,BARTON_1_N008,RTPD,LMP,LMP_PRC,BARTON_1_N008,ALL,1,88.13434,4,1
2022-09-01T08:45:00-00:00,2022-09-01T09:00:00-00:00,2022-09-01,02,BARTON_1_N008,BARTON_1_N008,BARTON_1_N008,RTPD,LMP,LMP_PRC,BARTON_1_N008,ALL,1,103.5846,4,1
2022-09-01T09:45:00-00:00,2022-09-01T10:00:00-00:00,2022-09-01,03,BARTON_1_N008,BARTON_1_N008,BARTON_1_N008,RTPD,LMP,LMP_PRC,BARTON_1_N008,ALL,1,101.67239,4,1
2022-09-01T10:45:00-00:00,2022-09-01T11:00:00-00:00,2022-09-01,04,BARTON_1_N008,BARTON_1_N008,BARTON_1_N008,RTPD,LMP,LMP_PRC,BARTON_1_N008,ALL,1,103.31108,4,1
2022-09-01T11:45:00-00:00,2022-09-01T12:00:00-00:00,2022-09-01,05,BARTON_1_N008,BARTON_1_N008,BARTON_1_N008,RTPD,LMP,LMP_PRC,BARTON_1_N008,ALL,1,107.01,4,1
2022-09-01T12:45:00-00:00,2022-09-01T13:00:00-00:00,2022-09-01,06,BARTON_1_N008,BARTON_1_N008,BARTON_1_N008,RTPD,LMP,LMP_PRC,BARTON_1_N008,ALL,1,113.80428,4,1
2022-09-01T13:45:00-00:00,2022-09-01T14:00:00-00:00,2022-09-01,07,BARTON_1_N008,BARTON_1_N008,BARTON_1_N008,RTPD,LMP,LMP_PRC,BARTON_1_N008,ALL,1,111.41,4,1
2022-09-01T14:45:00-00:00,2022-09-01T15:00:00-00:00,2022-09-01,08,BARTON_1_N008,BARTON_1_N008,BARTON_1_N008,RTPD,LMP,LMP_PRC,BARTON_1_N008,ALL,1,86.1388,4,1
2022-09-01T15:45:00-00:00,2022-09-01T16:00:00-00:00,2022-09-01,09,BARTON_1_N008,BARTON_1_N008,BARTON_1_N008,RTPD,LMP,LMP_PRC,BARTON_1_N008,ALL,1,78.70076,4,1
2022-09-01T16:45:00-00:00,2022-09-01T17:00:00-00:00,2022-09-01,10,BARTON_1_N008,BARTON_1_N008,BARTON_1_N008,RTPD,LMP,LMP_PRC,BARTON_1_N008,ALL,1,77.32372,4,1
2022-09-01T17:45:00-00:00,2022-09-01T18:00:00-00:00,2022-09-01,11,BARTON_1_N008,BARTON_1_N008,BARTON_1_N008,RTPD,LMP,LMP_PRC,BARTON_1_N008,ALL,1,76.57962,4,1
2022-09-01T18:45:00-00:00,2022-09-01T19:00:00-00:00,2022-09-01,12,BARTON_1_N008,BARTON_1_N008,BARTON_1_N008,RTPD,LMP,LMP_PRC,BARTON_1_N008,ALL,1,78.221,4,1
2022-09-01T19:45:00-00:00,2022-09-01T20:00:00-00:00,2022-09-01,13,BARTON_1_N008,BARTON_1_N008,BARTON_1_N008,RTPD,LMP,LMP_PRC,BARTON_1_N008,ALL,1,104.86974,4,1
2022-09-01T20:45:00-00:00,2022-09-01T21:00:00-00:00,2022-09-01,14,BARTON_1_N008,BARTON_1_N008,BARTON_1_N008,RTPD,LMP,LMP_PRC,BARTON_1_N008,ALL,1,122.36586,4,1
2022-09-01T21:45:00-00:00,2022-09-01T22:00:00-00:00,2022-09-01,15,BARTON_1_N008,BARTON_1_N008,BARTON_1_N008,RTPD,LMP,LMP_PRC,BARTON_1_N008,ALL,1,200.03105,4,1
2022-09-01T22:45:00-00:00,2022-09-01T23:00:00-00:00,2022-09-01,16,BARTON_1_N008,BARTON_1_N008,BARTON_1_N008,RTPD,LMP,LMP_PRC,BARTON_1_N008,ALL,1,142.42369,4,1
2022-09-01T23:45:00-00:00,2022-09-02T00:00:00-00:00,2022-09-01,17,BARTON_1_N008,BARTON_1_N008,BARTON_1_N008,RTPD,LMP,LMP_PRC,BARTON_1_N008,ALL,1,1609.0415,4,1
2022-09-02T00:45:00-00:00,2022-09-02T01:00:00-00:00,2022-09-01,18,BARTON_1_N008,BARTON_1_N008,BARTON_1_N008,RTPD,LMP,LMP_PRC,BARTON_1_N008,ALL,1,1770.5658,4,1
2022-09-02T01:45:00-00:00,2022-09-02T02:00:00-00:00,2022-09-01,19,BARTON_1_N008,BARTON_1_N008,BARTON_1_N008,RTPD,LMP,LMP_PRC,BARTON_1_N008,ALL,1,1991.9337,4,1
2022-09-02T02:45:00-00:00,2022-09-02T03:00:00-00:00,2022-09-01,20,BARTON_1_N008,BARTON_1_N008,BARTON_1_N008,RTPD,LMP,LMP_PRC,BARTON_1_N008,ALL,1,1984.3959,4,1
2022-09-02T03:45:00-00:00,2022-09-02T04:00:00-00:00,2022-09-01,21,BARTON_1_N008,BARTON_1_N008,BARTON_1_N008,RTPD,LMP,LMP_PRC,BARTON_1_N008,ALL,1,177.98018,4,1
2022-09-02T04:45:00-00:00,2022-09-02T05:00:00-00:00,2022-09-01,22,BARTON_1_N008,BARTON_1_N008,BARTON_1_N008,RTPD,LMP,LMP_PRC,BARTON_1_N008,ALL,1,166.47826,4,1
2022-09-02T05:45:00-00:00,2022-09-02T06:00:00-00:00,2022-09-01,23,BARTON_1_N008,BARTON_1_N008,BARTON_1_N008,RTPD,LMP,LMP_PRC,BARTON_1_N008,ALL,1,327.09012,4,1
2022-09-02T06:45:00-00:00,2022-09-02T07:00:00-00:00,2022-09-01,24,BARTON_1_N008,BARTON_1_N008,BARTON_1_N008,RTPD,LMP,LMP_PRC,BARTON_1_N008,ALL,1,126.1357,4,1
2022-09-01T07:00:00-00:00,2022-09-01T07:15:00-00:00,2022-09-01,01,BARTON_1_N008,BARTON_1_N008,BARTON_1_N008,RTPD,MCC,LMP_CONG_PRC,BARTON_1_N008,ALL,1,-24.30347,1,2
2022-09-01T08:00:00-00:00,2022-09-01T08:15:00-00:00,2022-09-01,02,BARTON_1_N008,BARTON_1_N008,BARTON_1_N008,RTPD,MCC,LMP_CONG_PRC,BARTON_1_N008,ALL,1,-3.80099,1,2
2022-09-01T09:00:00-00:00,2022-09-01T09:15:00-00:00,2022-09-01,03,BARTON_1_N008,BARTON_1_N008,BARTON_1_N008,RTPD,MCC,LMP_CONG_PRC,BARTON_1_N008,ALL,1,-5.09291,1,2
2022-09-01T10:00:00-00:00,2022-09-01T10:15:00-00:00,2022-09-01,04,BARTON_1_N008,BARTON_1_N008,BARTON_1_N008,RTPD,MCC,LMP_CONG_PRC,BARTON_1_N008,ALL,1,-4.41802,1,2
2022-09-01T11:00:00-00:00,2022-09-01T11:15:00-00:00,2022-09-01,05,BARTON_1_N008,BARTON_1_N008,BARTON_1_N008,RTPD,MCC,LMP_CONG_PRC,BARTON_1_N008,ALL,1,0,1,2
2022-09-01T12:00:00-00:00,2022-09-01T12:15:00-00:00,2022-09-01,06,BARTON_1_N008,BARTON_1_N008,BARTON_1_N008,RTPD,MCC,LMP_CONG_PRC,BARTON_1_N008,ALL,1,-11.36554,1,2
2022-09-01T13:00:00-00:00,2022-09-01T13:15:00-00:00,2022-09-01,07,BARTON_1_N008,BARTON_1_N008,BARTON_1_N008,RTPD,MCC,LMP_CONG_PRC,BARTON_1_N008,ALL,1,-15.09666,1,2
2022-09-01T14:00:00-00:00,2022-09-01T14:15:00-00:00,2022-09-01,08,BARTON_1_N008,BARTON_1_N008,BARTON_1_N008,RTPD,MCC,LMP_CONG_PRC,BARTON_1_N008,ALL,1,0,1,2
2022-09-01T15:00:00-00:00,2022-09-01T15:15:00-00:00,2022-09-01,09,BARTON_1_N008,BARTON_1_N008,BARTON_1_N008,RTPD,MCC,LMP_CONG_PRC,BARTON_1_N008,ALL,1,0,1,2
2022-09-01T16:00:00-00:00,2022-09-01T16:15:00-00:00,2022-09-01,10,BARTON_1_N008,BARTON_1_N008,BARTON_1_N008,RTPD,MCC,LMP_CONG_PRC,BARTON_1_N008,ALL,1,0,1,2
2022-09-01T17:00:00-00:00,2022-09-01T17:15:00-00:00,2022-09-01,11,BARTON_1_N008,BARTON_1_N008,BARTON_1_N008,RTPD,MCC,LMP_CONG_PRC,BARTON_1_N008,ALL,1,-18.73064,1,2
2022-09-01T18:00:00-00:00,2022-09-01T18:15:00-00:00,2022-09-01,12,BARTON_1_N008,BARTON_1_N008,BARTON_1_N008,RTPD,MCC,LMP_CONG_PRC,BARTON_1_N008,ALL,1,-36.28161,1,2
2022-09-01T19:00:00-00:00,2022-09-01T19:15:00-00:00,2022-09-01,13,BARTON_1_N008,BARTON_1_N008,BARTON_1_N008,RTPD,MCC,LMP_CONG_PRC,BARTON_1_N008,ALL,1,-40.00612,1,2
2022-09-01T20:00:00-00:00,2022-09-01T20:15:00-00:00,2022-09-01,14,BARTON_1_N008,BARTON_1_N008,BARTON_1_N008,RTPD,MCC,LMP_CONG_PRC,BARTON_1_N008,ALL,1,-3.93333,1,2
2022-09-01T21:00:00-00:00,2022-09-01T21:15:00-00:00,2022-09-01,15,BARTON_1_N008,BARTON_1_N008,BARTON_1_N008,RTPD,MCC,LMP_CONG_PRC,BARTON_1_N008,ALL,1,-110.76587,1,2
2022-09-01T22:00:00-00:00,2022-09-01T22:15:00-00:00,2022-09-01,16,BARTON_1_N008,BARTON_1_N008,BARTON_1_N008,RTPD,MCC,LMP_CONG_PRC,BARTON_1_N008,ALL,1,-120.4257,1,2
2022-09-01T23:00:00-00:00,2022-09-01T23:15:00-00:00,2022-09-01,17,BARTON_1_N008,BARTON_1_N008,BARTON_1_N008,RTPD,MCC,LMP_CONG_PRC,BARTON_1_N008,ALL,1,-194.69318,1,2
2022-09-02T00:00:00-00:00,2022-09-02T00:15:00-00:00,2022-09-01,18,BARTON_1_N008,BARTON_1_N008,BARTON_1_N008,RTPD,MCC,LMP_CONG_PRC,BARTON_1_N008,ALL,1,290.89676,1,2
2022-09-02T01:00:00-00:00,2022-09-02T01:15:00-00:00,2022-09-01,19,BARTON_1_N008,BARTON_1_N008,BARTON_1_N008,RTPD,MCC,LMP_CONG_PRC,BARTON_1_N008,ALL,1,377.68884,1,2
2022-09-02T02:00:00-00:00,2022-09-02T02:15:00-00:00,2022-09-01,20,BARTON_1_N008,BARTON_1_N008,BARTON_1_N008,RTPD,MCC,LMP_CONG_PRC,BARTON_1_N008,ALL,1,0,1,2
2022-09-02T03:00:00-00:00,2022-09-02T03:15:00-00:00,2022-09-01,21,BARTON_1_N008,BARTON_1_N008,BARTON_1_N008,RTPD,MCC,LMP_CONG_PRC,BARTON_1_N008,ALL,1,477.7512,1,2
2022-09-02T04:00:00-00:00,2022-09-02T04:15:00-00:00,2022-09-01,22,BARTON_1_N008,BARTON_1_N008,BARTON_1_N008,RTPD,MCC,LMP_CONG_PRC,BARTON_1_N008,ALL,1,1224.7007,1,2
2022-09-02T05:00:00-00:00,2022-09-02T05:15:00-00:00,2022-09-01,23,BARTON_1_N008,BARTON_1_N008,BARTON_1_N008,RTPD,MCC,LMP_CONG_PRC,BARTON_1_N008,ALL,1,13.35304,1,2
2022-09-02T06:00:00-00:00,2022-09-02T06:15:00-00:00,2022-09-01,24,BARTON_1_N008,BARTON_1_N008,BARTON_1_N008,RTPD,MCC,LMP_CONG_PRC,BARTON_1_N008,ALL,1,158.71684,1,2
2022-09-01T07:15:00-00:00,2022-09-01T07:30:00-00:00,2022-09-01,01,BARTON_1_N008,BARTON_1_N008,BARTON_1_N008,RTPD,MCC,LMP_CONG_PRC,BARTON_1_N008,ALL,1,-11.38691,2,2
2022-09-01T08:15:00-00:00,2022-09-01T08:30:00-00:00,2022-09-01,02,BARTON_1_N008,BARTON_1_N008,BARTON_1_N008,RTPD,MCC,LMP_CONG_PRC,BARTON_1_N008,ALL,1,-1.03956,2,2
2022-09-01T09:15:00-00:00,2022-09-01T09:30:00-00:00,2022-09-01,03,BARTON_1_N008,BARTON_1_N008,BARTON_1_N008,RTPD,MCC,LMP_CONG_PRC,BARTON_1_N008,ALL,1,-6.71006,2,2
2022-09-01T10:15:00-00:00,2022-09-01T10:30:00-00:00,2022-09-01,04,BARTON_1_N008,BARTON_1_N008,BARTON_1_N008,RTPD,MCC,LMP_CONG_PRC,BARTON_1_N008,ALL,1,-6.25145,2,2
2022-09-01T11:15:00-00:00,2022-09-01T11:30:00-00:00,2022-09-01,05,BARTON_1_N008,BARTON_1_N008,BARTON_1_N008,RTPD,MCC,LMP_CONG_PRC,BARTON_1_N008,ALL,1,0,2,2
2022-09-01T12:15:00-00:00,2022-09-01T12:30:00-00:00,2022-09-01,06,BARTON_1_N008,BARTON_1_N008,BARTON_1_N008,RTPD,MCC,LMP_CONG_PRC,BARTON_1_N008,ALL,1,-6.94782,2,2
2022-09-01T13:15:00-00:00,2022-09-01T13:30:00-00:00,2022-09-01,07,BARTON_1_N008,BARTON_1_N008,BARTON_1_N008,RTPD,MCC,LMP_CONG_PRC,BARTON_1_N008,ALL,1,-0.64785,2,2
2022-09-01T14:15:00-00:00,2022-09-01T14:30:00-00:00,2022-09-01,08,BARTON_1_N008,BARTON_1_N008,BARTON_1_N008,RTPD,MCC,LMP_CONG_PRC,BARTON_1_N008,ALL,1,0,2,2
2022-09-01T15:15:00-00:00,2022-09-01T15:30:00-00:00,2022-09-01,09,BARTON_1_N008,BARTON_1_N008,BARTON_1_N008,RTPD,MCC,LMP_CONG_PRC,BARTON_1_N008,ALL,1,0,2,2
2022-09-01T16:15:00-00:00,2022-09-01T16:30:00-00:00,2022-09-01,10,BARTON_1_N008,BARTON_1_N008,BARTON_1_N008,RTPD,MCC,LMP_CONG_PRC,BARTON_1_N008,ALL,1,-1.83878,2,2
2022-09-01T17:15:00-00:00,2022-09-01T17:30:00-00:00,2022-09-01,11,BARTON_1_N008,BARTON_1_N008,BARTON_1_N008,RTPD,MCC,LMP_CONG_PRC,BARTON_1_N008,ALL,1,-22.79912,2,2
2022-09-01T18:15:00-00:00,2022-09-01T18:30:00-00:00,2022-09-01,12,BARTON_1_N008,BARTON_1_N008,BARTON_1_N008,RTPD,MCC,LMP_CONG_PRC,BARTON_1_N008,ALL,1,-29.68494,2,2
2022-09-01T19:15:00-00:00,2022-09-01T19:30:00-00:00,2022-09-01,13,BARTON_1_N008,BARTON_1_N008,BARTON_1_N008,RTPD,MCC,LMP_CONG_PRC,BARTON_1_N008,ALL,1,-33.09936,2,2
2022-09-01T20:15:00-00:00,2022-09-01T20:30:00-00:00,2022-09-01,14,BARTON_1_N008,BARTON_1_N008,BARTON_1_N008,RTPD,MCC,LMP_CONG_PRC,BARTON_1_N008,ALL,1,-3.54204,2,2
2022-09-01T21:15:00-00:00,2022-09-01T21:30:00-00:00,2022-09-01,15,BARTON_1_N008,BARTON_1_N008,BARTON_1_N008,RTPD,MCC,LMP_CONG_PRC,BARTON_1_N008,ALL,1,-29.93511,2,2
2022-09-01T22:15:00-00:00,2022-09-01T22:30:00-00:00,2022-09-01,16,BARTON_1_N008,BARTON_1_N008,BARTON_1_N008,RTPD,MCC,LMP_CONG_PRC,BARTON_1_N008,ALL,1,-131.64032,2,2
2022-09-01T23:15:00-00:00,2022-09-01T23:30:00-00:00,2022-09-01,17,BARTON_1_N008,BARTON_1_N008,BARTON_1_N008,RTPD,MCC,LMP_CONG_PRC,BARTON_1_N008,ALL,1,-107.65515,2,2
2022-09-02T00:15:00-00:00,2022-09-02T00:30:00-00:00,2022-09-01,18,BARTON_1_N008,BARTON_1_N008,BARTON_1_N008,RTPD,MCC,LMP_CONG_PRC,BARTON_1_N008,ALL,1,380.01785,2,2
2022-09-02T01:15:00-00:00,2022-09-02T01:30:00-00:00,2022-09-01,19,BARTON_1_N008,BARTON_1_N008,BARTON_1_N008,RTPD,MCC,LMP_CONG_PRC,BARTON_1_N008,ALL,1,0,2,2
2022-09-02T02:15:00-00:00,2022-09-02T02:30:00-00:00,2022-09-01,20,BARTON_1_N008,BARTON_1_N008,BARTON_1_N008,RTPD,MCC,LMP_CONG_PRC,BARTON_1_N008,ALL,1,0,2,2
2022-09-02T03:15:00-00:00,2022-09-02T03:30:00-00:00,2022-09-01,21,BARTON_1_N008,BARTON_1_N008,BARTON_1_N008,RTPD,MCC,LMP_CONG_PRC,BARTON_1_N008,ALL,1,175.8279,2,2
2022-09-02T04:15:00-00:00,2022-09-02T04:30:00-00:00,2022-09-01,22,BARTON_1_N008,BARTON_1_N008,BARTON_1_N008,RTPD,MCC,LMP_CONG_PRC,BARTON_1_N008,ALL,1,1114.4653,2,2
2022-09-02T05:15:00-00:00,2022-09-02T05:30:00-00:00,2022-09-01,23,BARTON_1_N008,BARTON_1_N008,BARTON_1_N008,RTPD,MCC,LMP_CONG_PRC,BARTON_1_N008,ALL,1,12.774,2,2
2022-09-02T06:15:00-00:00,2022-09-02T06:30:00-00:00,2022-09-01,24,BARTON_1_N008,BARTON_1_N008,BARTON_1_N008,RTPD,MCC,LMP_CONG_PRC,BARTON_1_N008,ALL,1,4.46714,2,2
2022-09-01T07:30:00-00:00,2022-09-01T07:45:00-00:00,2022-09-01,01,BARTON_1_N008,BARTON_1_N008,BARTON_1_N008,RTPD,MCC,LMP_CONG_PRC,BARTON_1_N008,ALL,1,-18.44849,3,2
2022-09-01T08:30:00-00:00,2022-09-01T08:45:00-00:00,2022-09-01,02,BARTON_1_N008,BARTON_1_N008,BARTON_1_N008,RTPD,MCC,LMP_CONG_PRC,BARTON_1_N008,ALL,1,-0.00098,3,2
2022-09-01T09:30:00-00:00,2022-09-01T09:45:00-00:00,2022-09-01,03,BARTON_1_N008,BARTON_1_N008,BARTON_1_N008,RTPD,MCC,LMP_CONG_PRC,BARTON_1_N008,ALL,1,-6.64983,3,2
2022-09-01T10:30:00-00:00,2022-09-01T10:45:00-00:00,2022-09-01,04,BARTON_1_N008,BARTON_1_N008,BARTON_1_N008,RTPD,MCC,LMP_CONG_PRC,BARTON_1_N008,ALL,1,-3.53474,3,2
2022-09-01T11:30:00-00:00,2022-09-01T11:45:00-00:00,2022-09-01,05,BARTON_1_N008,BARTON_1_N008,BARTON_1_N008,RTPD,MCC,LMP_CONG_PRC,BARTON_1_N008,ALL,1,0,3,2
2022-09-01T12:30:00-00:00,2022-09-01T12:45:00-00:00,2022-09-01,06,BARTON_1_N008,BARTON_1_N008,BARTON_1_N008,RTPD,MCC,LMP_CONG_PRC,BARTON_1_N008,ALL,1,-12.02993,3,2
2022-09-01T13:30:00-00:00,2022-09-01T13:45:00-00:00,2022-09-01,07,BARTON_1_N008,BARTON_1_N008,BARTON_1_N008,RTPD,MCC,LMP_CONG_PRC,BARTON_1_N008,ALL,1,0,3,2
2022-09-01T14:30:00-00:00,2022-09-01T14:45:00-00:00,2022-09-01,08,BARTON_1_N008,BARTON_1_N008,BARTON_1_N008,RTPD,MCC,LMP_CONG_PRC,BARTON_1_N008,ALL,1,0,3,2
2022-09-01T15:30:00-00:00,2022-09-01T15:45:00-00:00,2022-09-01,09,BARTON_1_N008,BARTON_1_N008,BARTON_1_N008,RTPD,MCC,LMP_CONG_PRC,BARTON_1_N008,ALL,1,0,3,2
2022-09-01T16:30:00-00:00,2022-09-01T16:45:00-00:00,2022-09-01,10,BARTON_1_N008,BARTON_1_N008,BARTON_1_N008,RTPD,MCC,LMP_CONG_PRC,BARTON_1_N008,ALL,1,-15.38712,3,2
2022-09-01T17:30:00-00:00,2022-09-01T17:45:00-00:00,2022-09-01,11,BARTON_1_N008,BARTON_1_N008,BARTON_1_N008,RTPD,MCC,LMP_CONG_PRC,BARTON_1_N008,ALL,1,-22.86964,3,2
2022-09-01T18:30:00-00:00,2022-09-01T18:45:00-00:00,2022-09-01,12,BARTON_1_N008,BARTON_1_N008,BARTON_1_N008,RTPD,MCC,LMP_CONG_PRC,BARTON_1_N008,ALL,1,-30.93806,3,2
2022-09-01T19:30:00-00:00,2022-09-01T19:45:00-00:00,2022-09-01,13,BARTON_1_N008,BARTON_1_N008,BARTON_1_N008,RTPD,MCC,LMP_CONG_PRC,BARTON_1_N008,ALL,1,-14.17319,3,2
2022-09-01T20:30:00-00:00,2022-09-01T20:45:00-00:00,2022-09-01,14,BARTON_1_N008,BARTON_1_N008,BARTON_1_N008,RTPD,MCC,LMP_CONG_PRC,BARTON_1_N008,ALL,1,-14.29144,3,2
2022-09-01T21:30:00-00:00,2022-09-01T21:45:00-00:00,2022-09-01,15,BARTON_1_N008,BARTON_1_N008,BARTON_1_N008,RTPD,MCC,LMP_CONG_PRC,BARTON_1_N008,ALL,1,-27.49981,3,2
2022-09-01T22:30:00-00:00,2022-09-01T22:45:00-00:00,2022-09-01,16,BARTON_1_N008,BARTON_1_N008,BARTON_1_N008,RTPD,MCC,LMP_CONG_PRC,BARTON_1_N008,ALL,1,-141.54584,3,2
2022-09-01T23:30:00-00:00,2022-09-01T23:45:00-00:00,2022-09-01,17,BARTON_1_N008,BARTON_1_N008,BARTON_1_N008,RTPD,MCC,LMP_CONG_PRC,BARTON_1_N008,ALL,1,47.49461,3,2
2022-09-02T00:30:00-00:00,2022-09-02T00:45:00-00:00,2022-09-01,18,BARTON_1_N008,BARTON_1_N008,BARTON_1_N008,RTPD,MCC,LMP_CONG_PRC,BARTON_1_N008,ALL,1,399.32092,3,2
2022-09-02T01:30:00-00:00,2022-09-02T01:45:00-00:00,2022-09-01,19,BARTON_1_N008,BARTON_1_N008,BARTON_1_N008,RTPD,MCC,LMP_CONG_PRC,BARTON_1_N008,ALL,1,0,3,2
2022-09-02T02:30:00-00:00,2022-09-02T02:45:00-00:00,2022-09-01,20,BARTON_1_N008,BARTON_1_N008,BARTON_1_N008,RTPD,MCC,LMP_CONG_PRC,BARTON_1_N008,ALL,1,0,3,2
2022-09-02T03:30:00-00:00,2022-09-02T03:45:00-00:00,2022-09-01,21,BARTON_1_N008,BARTON_1_N008,BARTON_1_N008,RTPD,MCC,LMP_CONG_PRC,BARTON_1_N008,ALL,1,28.14616,3,2
2022-09-02T04:30:00-00:00,2022-09-02T04:45:00-00:00,2022-09-01,22,BARTON_1_N008,BARTON_1_N008,BARTON_1_N008,RTPD,MCC,LMP_CONG_PRC,BARTON_1_N008,ALL,1,601.8443,3,2
2022-09-02T05:30:00-00:00,2022-09-02T05:45:00-00:00,2022-09-01,23,BARTON_1_N008,BARTON_1_N008,BARTON_1_N008,RTPD,MCC,LMP_CONG_PRC,BARTON_1_N008,ALL,1,9.94238,3,2
2022-09-02T06:30:00-00:00,2022-09-02T06:45:00-00:00,2022-09-01,24,BARTON_1_N008,BARTON_1_N008,BARTON_1_N008,RTPD,MCC,LMP_CONG_PRC,BARTON_1_N008,ALL,1,9.82419,3,2
2022-09-01T07:45:00-00:00,2022-09-01T08:00:00-00:00,2022-09-01,01,BARTON_1_N008,BARTON_1_N008,BARTON_1_N008,RTPD,MCC,LMP_CONG_PRC,BARTON_1_N008,ALL,1,-20.98664,4,2
2022-09-01T08:45:00-00:00,2022-09-01T09:00:00-00:00,2022-09-01,02,BARTON_1_N008,BARTON_1_N008,BARTON_1_N008,RTPD,MCC,LMP_CONG_PRC,BARTON_1_N008,ALL,1,-5.13328,4,2
2022-09-01T09:45:00-00:00,2022-09-01T10:00:00-00:00,2022-09-01,03,BARTON_1_N008,BARTON_1_N008,BARTON_1_N008,RTPD,MCC,LMP_CONG_PRC,BARTON_1_N008,ALL,1,-5.9241,4,2
2022-09-01T10:45:00-00:00,2022-09-01T11:00:00-00:00,2022-09-01,04,BARTON_1_N008,BARTON_1_N008,BARTON_1_N008,RTPD,MCC,LMP_CONG_PRC,BARTON_1_N008,ALL,1,-1.39204,4,2
2022-09-01T11:45:00-00:00,2022-09-01T12:00:00-00:00,2022-09-01,05,BARTON_1_N008,BARTON_1_N008,BARTON_1_N008,RTPD,MCC,LMP_CONG_PRC,BARTON_1_N008,ALL,1,0,4,2
2022-09-01T12:45:00-00:00,2022-09-01T13:00:00-00:00,2022-09-01,06,BARTON_1_N008,BARTON_1_N008,BARTON_1_N008,RTPD,MCC,LMP_CONG_PRC,BARTON_1_N008,ALL,1,-2.68053,4,2
2022-09-01T13:45:00-00:00,2022-09-01T14:00:00-00:00,2022-09-01,07,BARTON_1_N008,BARTON_1_N008,BARTON_1_N008,RTPD,MCC,LMP_CONG_PRC,BARTON_1_N008,ALL,1,0,4,2
2022-09-01T14:45:00-00:00,2022-09-01T15:00:00-00:00,2022-09-01,08,BARTON_1_N008,BARTON_1_N008,BARTON_1_N008,RTPD,MCC,LMP_CONG_PRC,BARTON_1_N008,ALL,1,0,4,2
2022-09-01T15:45:00-00:00,2022-09-01T16:00:00-00:00,2022-09-01,09,BARTON_1_N008,BARTON_1_N008,BARTON_1_N008,RTPD,MCC,LMP_CONG_PRC,BARTON_1_N008,ALL,1,0,4,2
2022-09-01T16:45:00-00:00,2022-09-01T17:00:00-00:00,2022-09-01,10,BARTON_1_N008,BARTON_1_N008,BARTON_1_N008,RTPD,MCC,LMP_CONG_PRC,BARTON_1_N008,ALL,1,-13.92561,4,2
2022-09-01T17:45:00-00:00,2022-09-01T18:00:00-00:00,2022-09-01,11,BARTON_1_N008,BARTON_1_N008,BARTON_1_N008,RTPD,MCC,LMP_CONG_PRC,BARTON_1_N008,ALL,1,-22.62582,4,2
2022-09-01T18:45:00-00:00,2022-09-01T19:00:00-00:00,2022-09-01,12,BARTON_1_N008,BARTON_1_N008,BARTON_1_N008,RTPD,MCC,LMP_CONG_PRC,BARTON_1_N008,ALL,1,-30.81964,4,2
2022-09-01T19:45:00-00:00,2022-09-01T20:00:00-00:00,2022-09-01,13,BARTON_1_N008,BARTON_1_N008,BARTON_1_N008,RTPD,MCC,LMP_CONG_PRC,BARTON_1_N008,ALL,1,-15.35517,4,2
2022-09-01T20:45:00-00:00,2022-09-01T21:00:00-00:00,2022-09-01,14,BARTON_1_N008,BARTON_1_N008,BARTON_1_N008,RTPD,MCC,LMP_CONG_PRC,BARTON_1_N008,ALL,1,-31.65923,4,2
2022-09-01T21:45:00-00:00,2022-09-01T22:00:00-00:00,2022-09-01,15,BARTON_1_N008,BARTON_1_N008,BARTON_1_N008,RTPD,MCC,LMP_CONG_PRC,BARTON_1_N008,ALL,1,-100.26272,4,2
2022-09-01T22:45:00-00:00,2022-09-01T23:00:00-00:00,2022-09-01,16,BARTON_1_N008,BARTON_1_N008,BARTON_1_N008,RTPD,MCC,LMP_CONG_PRC,BARTON_1_N008,ALL,1,-287.49002,4,2
2022-09-01T23:45:00-00:00,2022-09-02T00:00:00-00:00,2022-09-01,17,BARTON_1_N008,BARTON_1_N008,BARTON_1_N008,RTPD,MCC,LMP_CONG_PRC,BARTON_1_N008,ALL,1,347.8291,4,2
2022-09-02T00:45:00-00:00,2022-09-02T01:00:00-00:00,2022-09-01,18,BARTON_1_N008,BARTON_1_N008,BARTON_1_N008,RTPD,MCC,LMP_CONG_PRC,BARTON_1_N008,ALL,1,251.41673,4,2
2022-09-02T01:45:00-00:00,2022-09-02T02:00:00-00:00,2022-09-01,19,BARTON_1_N008,BARTON_1_N008,BARTON_1_N008,RTPD,MCC,LMP_CONG_PRC,BARTON_1_N008,ALL,1,0,4,2
2022-09-02T02:45:00-00:00,2022-09-02T03:00:00-00:00,2022-09-01,20,BARTON_1_N008,BARTON_1_N008,BARTON_1_N008,RTPD,MCC,LMP_CONG_PRC,BARTON_1_N008,ALL,1,113.91646,4,2
2022-09-02T03:45:00-00:00,2022-09-02T04:00:00-00:00,2022-09-01,21,BARTON_1_N008,BARTON_1_N008,BARTON_1_N008,RTPD,MCC,LMP_CONG_PRC,BARTON_1_N008,ALL,1,16.39241,4,2
2022-09-02T04:45:00-00:00,2022-09-02T05:00:00-00:00,2022-09-01,22,BARTON_1_N008,BARTON_1_N008,BARTON_1_N008,RTPD,MCC,LMP_CONG_PRC,BARTON_1_N008,ALL,1,16.5548,4,2
2022-09-02T05:45:00-00:00,2022-09-02T06:00:00-00:00,2022-09-01,23,BARTON_1_N008,BARTON_1_N008,BARTON_1_N008,RTPD,MCC,LMP_CONG_PRC,BARTON_1_N008,ALL,1,193.41856,4,2
2022-09-02T06:45:00-00:00,2022-09-02T07:00:00-00:00,2022-09-01,24,BARTON_1_N008,BARTON_1_N008,BARTON_1_N008,RTPD,MCC,LMP_CONG_PRC,BARTON_1_N008,ALL,1,6.14318,4,2
2022-09-01T07:00:00-00:00,2022-09-01T07:15:00-00:00,2022-09-01,01,BARTON_1_N008,BARTON_1_N008,BARTON_1_N008,RTPD,MCE,LMP_ENE_PRC,BARTON_1_N008,ALL,1,104.23471,1,3
2022-09-01T08:00:00-00:00,2022-09-01T08:15:00-00:00,2022-09-01,02,BARTON_1_N008,BARTON_1_N008,BARTON_1_N008,RTPD,MCE,LMP_ENE_PRC,BARTON_1_N008,ALL,1,115.5488,1,3
2022-09-01T09:00:00-00:00,2022-09-01T09:15:00-00:00,2022-09-01,03,BARTON_1_N008,BARTON_1_N008,BARTON_1_N008,RTPD,MCE,LMP_ENE_PRC,BARTON_1_N008,ALL,1,99.73061,1,3
2022-09-01T10:00:00-00:00,2022-09-01T10:15:00-00:00,2022-09-01,04,BARTON_1_N008,BARTON_1_N008,BARTON_1_N008,RTPD,MCE,LMP_ENE_PRC,BARTON_1_N008,ALL,1,98.64222,1,3
2022-09-01T11:00:00-00:00,2022-09-01T11:15:00-00:00,2022-09-01,05,BARTON_1_N008,BARTON_1_N008,BARTON_1_N008,RTPD,MCE,LMP_ENE_PRC,BARTON_1_N008,ALL,1,102.56859,1,3
2022-09-01T12:00:00-00:00,2022-09-01T12:15:00-00:00,2022-09-01,06,BARTON_1_N008,BARTON_1_N008,BARTON_1_N008,RTPD,MCE,LMP_ENE_PRC,BARTON_1_N008,ALL,1,96.90845,1,3
2022-09-01T13:00:00-00:00,2022-09-01T13:15:00-00:00,2022-09-01,07,BARTON_1_N008,BARTON_1_N008,BARTON_1_N008,RTPD,MCE,LMP_ENE_PRC,BARTON_1_N008,ALL,1,101.80878,1,3
2022-09-01T14:00:00-00:00,2022-09-01T14:15:00-00:00,2022-09-01,08,BARTON_1_N008,BARTON_1_N008,BARTON_1_N008,RTPD,MCE,LMP_ENE_PRC,BARTON_1_N008,ALL,1,111.11219,1,3
2022-09-01T15:00:00-00:00,2022-09-01T15:15:00-00:00,2022-09-01,09,BARTON_1_N008,BARTON_1_N008,BARTON_1_N008,RTPD,MCE,LMP_ENE_PRC,BARTON_1_N008,ALL,1,97.4112,1,3
2022-09-01T16:00:00-00:00,2022-09-01T16:15:00-00:00,2022-09-01,10,BARTON_1_N008,BARTON_1_N008,BARTON_1_N008,RTPD,MCE,LMP_ENE_PRC,BARTON_1_N008,ALL,1,83.43525,1,3
2022-09-01T17:00:00-00:00,2022-09-01T17:15:00-00:00,2022-09-01,11,BARTON_1_N008,BARTON_1_N008,BARTON_1_N008,RTPD,MCE,LMP_ENE_PRC,BARTON_1_N008,ALL,1,96.94897,1,3
2022-09-01T18:00:00-00:00,2022-09-01T18:15:00-00:00,2022-09-01,12,BARTON_1_N008,BARTON_1_N008,BARTON_1_N008,RTPD,MCE,LMP_ENE_PRC,BARTON_1_N008,ALL,1,91.59291,1,3
2022-09-01T19:00:00-00:00,2022-09-01T19:15:00-00:00,2022-09-01,13,BARTON_1_N008,BARTON_1_N008,BARTON_1_N008,RTPD,MCE,LMP_ENE_PRC,BARTON_1_N008,ALL,1,109.19637,1,3
2022-09-01T20:00:00-00:00,2022-09-01T20:15:00-00:00,2022-09-01,14,BARTON_1_N008,BARTON_1_N008,BARTON_1_N008,RTPD,MCE,LMP_ENE_PRC,BARTON_1_N008,ALL,1,117.94359,1,3
2022-09-01T21:00:00-00:00,2022-09-01T21:15:00-00:00,2022-09-01,15,BARTON_1_N008,BARTON_1_N008,BARTON_1_N008,RTPD,MCE,LMP_ENE_PRC,BARTON_1_N008,ALL,1,226.61499,1,3
2022-09-01T22:00:00-00:00,2022-09-01T22:15:00-00:00,2022-09-01,16,BARTON_1_N008,BARTON_1_N008,BARTON_1_N008,RTPD,MCE,LMP_ENE_PRC,BARTON_1_N008,ALL,1,229.18552,1,3
2022-09-01T23:00:00-00:00,2022-09-01T23:15:00-00:00,2022-09-01,17,BARTON_1_N008,BARTON_1_N008,BARTON_1_N008,RTPD,MCE,LMP_ENE_PRC,BARTON_1_N008,ALL,1,386.7537,1,3
2022-09-02T00:00:00-00:00,2022-09-02T00:15:00-00:00,2022-09-01,18,BARTON_1_N008,BARTON_1_N008,BARTON_1_N008,RTPD,MCE,LMP_ENE_PRC,BARTON_1_N008,ALL,1,770.58136,1,3
2022-09-02T01:00:00-00:00,2022-09-02T01:15:00-00:00,2022-09-01,19,BARTON_1_N008,BARTON_1_N008,BARTON_1_N008,RTPD,MCE,LMP_ENE_PRC,BARTON_1_N008,ALL,1,916.27124,1,3
2022-09-02T02:00:00-00:00,2022-09-02T02:15:00-00:00,2022-09-01,20,BARTON_1_N008,BARTON_1_N008,BARTON_1_N008,RTPD,MCE,LMP_ENE_PRC,BARTON_1_N008,ALL,1,1991.6721,1,3
2022-09-02T03:00:00-00:00,2022-09-02T03:15:00-00:00,2022-09-01,21,BARTON_1_N008,BARTON_1_N008,BARTON_1_N008,RTPD,MCE,LMP_ENE_PRC,BARTON_1_N008,ALL,1,917.5508,1,3
2022-09-02T04:00:00-00:00,2022-09-02T04:15:00-00:00,2022-09-01,22,BARTON_1_N008,BARTON_1_N008,BARTON_1_N008,RTPD,MCE,LMP_ENE_PRC,BARTON_1_N008,ALL,1,257.83005,1,3
2022-09-02T05:00:00-00:00,2022-09-02T05:15:00-00:00,2022-09-01,23,BARTON_1_N008,BARTON_1_N008,BARTON_1_N008,RTPD,MCE,LMP_ENE_PRC,BARTON_1_N008,ALL,1,183.24657,1,3
2022-09-02T06:00:00-00:00,2022-09-02T06:15:00-00:00,2022-09-01,24,BARTON_1_N008,BARTON_1_N008,BARTON_1_N008,RTPD,MCE,LMP_ENE_PRC,BARTON_1_N008,ALL,1,158.867,1,3
2022-09-01T07:15:00-00:00,2022-09-01T07:30:00-00:00,2022-09-01,01,BARTON_1_N008,BARTON_1_N008,BARTON_1_N008,RTPD,MCE,LMP_ENE_PRC,BARTON_1_N008,ALL,1,125.55144,2,3
2022-09-01T08:15:00-00:00,2022-09-01T08:30:00-00:00,2022-09-01,02,BARTON_1_N008,BARTON_1_N008,BARTON_1_N008,RTPD,MCE,LMP_ENE_PRC,BARTON_1_N008,ALL,1,115.53165,2,3
2022-09-01T09:15:00-00:00,2022-09-01T09:30:00-00:00,2022-09-01,03,BARTON_1_N008,BARTON_1_N008,BARTON_1_N008,RTPD,MCE,LMP_ENE_PRC,BARTON_1_N008,ALL,1,98.30543,2,3
2022-09-01T10:15:00-00:00,2022-09-01T10:30:00-00:00,2022-09-01,04,BARTON_1_N008,BARTON_1_N008,BARTON_1_N008,RTPD,MCE,LMP_ENE_PRC,BARTON_1_N008,ALL,1,97.00684,2,3
2022-09-01T11:15:00-00:00,2022-09-01T11:30:00-00:00,2022-09-01,05,BARTON_1_N008,BARTON_1_N008,BARTON_1_N008,RTPD,MCE,LMP_ENE_PRC,BARTON_1_N008,ALL,1,103.09059,2,3
2022-09-01T12:15:00-00:00,2022-09-01T12:30:00-00:00,2022-09-01,06,BARTON_1_N008,BARTON_1_N008,BARTON_1_N008,RTPD,MCE,LMP_ENE_PRC,BARTON_1_N008,ALL,1,109.32203,2,3
2022-09-01T13:15:00-00:00,2022-09-01T13:30:00-00:00,2022-09-01,07,BARTON_1_N008,BARTON_1_N008,BARTON_1_N008,RTPD,MCE,LMP_ENE_PRC,BARTON_1_N008,ALL,1,110.97827,2,3
2022-09-01T14:15:00-00:00,2022-09-01T14:30:00-00:00,2022-09-01,08,BARTON_1_N008,BARTON_1_N008,BARTON_1_N008,RTPD,MCE,LMP_ENE_PRC,BARTON_1_N008,ALL,1,104.78743,2,3
2022-09-01T15:15:00-00:00,2022-09-01T15:30:00-00:00,2022-09-01,09,BARTON_1_N008,BARTON_1_N008,BARTON_1_N008,RTPD,MCE,LMP_ENE_PRC,BARTON_1_N008,ALL,1,86.9388,2,3
2022-09-01T16:15:00-00:00,2022-09-01T16:30:00-00:00,2022-09-01,10,BARTON_1_N008,BARTON_1_N008,BARTON_1_N008,RTPD,MCE,LMP_ENE_PRC,BARTON_1_N008,ALL,1,89.44858,2,3
2022-09-01T17:15:00-00:00,2022-09-01T17:30:00-00:00,2022-09-01,11,BARTON_1_N008,BARTON_1_N008,BARTON_1_N008,RTPD,MCE,LMP_ENE_PRC,BARTON_1_N008,ALL,1,99.34673,2,3
2022-09-01T18:15:00-00:00,2022-09-01T18:30:00-00:00,2022-09-01,12,BARTON_1_N008,BARTON_1_N008,BARTON_1_N008,RTPD,MCE,LMP_ENE_PRC,BARTON_1_N008,ALL,1,101.15901,2,3
2022-09-01T19:15:00-00:00,2022-09-01T19:30:00-00:00,2022-09-01,13,BARTON_1_N008,BARTON_1_N008,BARTON_1_N008,RTPD,MCE,LMP_ENE_PRC,BARTON_1_N008,ALL,1,105.30588,2,3
2022-09-01T20:15:00-00:00,2022-09-01T20:30:00-00:00,2022-09-01,14,BARTON_1_N008,BARTON_1_N008,BARTON_1_N008,RTPD,MCE,LMP_ENE_PRC,BARTON_1_N008,ALL,1,117.49421,2,3
2022-09-01T21:15:00-00:00,2022-09-01T21:30:00-00:00,2022-09-01,15,BARTON_1_N008,BARTON_1_N008,BARTON_1_N008,RTPD,MCE,LMP_ENE_PRC,BARTON_1_N008,ALL,1,147.21185,2,3
2022-09-01T22:15:00-00:00,2022-09-01T22:30:00-00:00,2022-09-01,16,BARTON_1_N008,BARTON_1_N008,BARTON_1_N008,RTPD,MCE,LMP_ENE_PRC,BARTON_1_N008,ALL,1,256.58734,2,3
2022-09-01T23:15:00-00:00,2022-09-01T23:30:00-00:00,2022-09-01,17,BARTON_1_N008,BARTON_1_N008,BARTON_1_N008,RTPD,MCE,LMP_ENE_PRC,BARTON_1_N008,ALL,1,362.12408,2,3
2022-09-02T00:15:00-00:00,2022-09-02T00:30:00-00:00,2022-09-01,18,BARTON_1_N008,BARTON_1_N008,BARTON_1_N008,RTPD,MCE,LMP_ENE_PRC,BARTON_1_N008,ALL,1,691.2182,2,3
2022-09-02T01:15:00-00:00,2022-09-02T01:30:00-00:00,2022-09-01,19,BARTON_1_N008,BARTON_1_N008,BARTON_1_N008,RTPD,MCE,LMP_ENE_PRC,BARTON_1_N008,ALL,1,1999.9933,2,3
2022-09-02T02:15:00-00:00,2022-09-02T02:30:00-00:00,2022-09-01,20,BARTON_1_N008,BARTON_1_N008,BARTON_1_N008,RTPD,MCE,LMP_ENE_PRC,BARTON_1_N008,ALL,1,1991.6721,2,3
2022-09-02T03:15:00-00:00,2022-09-02T03:30:00-00:00,2022-09-01,21,BARTON_1_N008,BARTON_1_N008,BARTON_1_N008,RTPD,MCE,LMP_ENE_PRC,BARTON_1_N008,ALL,1,400.52884,2,3
2022-09-02T04:15:00-00:00,2022-09-02T04:30:00-00:00,2022-09-01,22,BARTON_1_N008,BARTON_1_N008,BARTON_1_N008,RTPD,MCE,LMP_ENE_PRC,BARTON_1_N008,ALL,1,224.75041,2,3
2022-09-02T05:15:00-00:00,2022-09-02T05:30:00-00:00,2022-09-01,23,BARTON_1_N008,BARTON_1_N008,BARTON_1_N008,RTPD,MCE,LMP_ENE_PRC,BARTON_1_N008,ALL,1,157.11986,2,3
2022-09-02T06:15:00-00:00,2022-09-02T06:30:00-00:00,2022-09-01,24,BARTON_1_N008,BARTON_1_N008,BARTON_1_N008,RTPD,MCE,LMP_ENE_PRC,BARTON_1_N008,ALL,1,143.1005,2,3
2022-09-01T07:30:00-00:00,2022-09-01T07:45:00-00:00,2022-09-01,01,BARTON_1_N008,BARTON_1_N008,BARTON_1_N008,RTPD,MCE,LMP_ENE_PRC,BARTON_1_N008,ALL,1,119.03196,3,3
2022-09-01T08:30:00-00:00,2022-09-01T08:45:00-00:00,2022-09-01,02,BARTON_1_N008,BARTON_1_N008,BARTON_1_N008,RTPD,MCE,LMP_ENE_PRC,BARTON_1_N008,ALL,1,111.11241,3,3
2022-09-01T09:30:00-00:00,2022-09-01T09:45:00-00:00,2022-09-01,03,BARTON_1_N008,BARTON_1_N008,BARTON_1_N008,RTPD,MCE,LMP_ENE_PRC,BARTON_1_N008,ALL,1,98.16228,3,3
2022-09-01T10:30:00-00:00,2022-09-01T10:45:00-00:00,2022-09-01,04,BARTON_1_N008,BARTON_1_N008,BARTON_1_N008,RTPD,MCE,LMP_ENE_PRC,BARTON_1_N008,ALL,1,96.36226,3,3
2022-09-01T11:30:00-00:00,2022-09-01T11:45:00-00:00,2022-09-01,05,BARTON_1_N008,BARTON_1_N008,BARTON_1_N008,RTPD,MCE,LMP_ENE_PRC,BARTON_1_N008,ALL,1,103.06198,3,3
2022-09-01T12:30:00-00:00,2022-09-01T12:45:00-00:00,2022-09-01,06,BARTON_1_N008,BARTON_1_N008,BARTON_1_N008,RTPD,MCE,LMP_ENE_PRC,BARTON_1_N008,ALL,1,113.57403,3,3
2022-09-01T13:30:00-00:00,2022-09-01T13:45:00-00:00,2022-09-01,07,BARTON_1_N008,BARTON_1_N008,BARTON_1_N008,RTPD,MCE,LMP_ENE_PRC,BARTON_1_N008,ALL,1,111.52025,3,3
2022-09-01T14:30:00-00:00,2022-09-01T14:45:00-00:00,2022-09-01,08,BARTON_1_N008,BARTON_1_N008,BARTON_1_N008,RTPD,MCE,LMP_ENE_PRC,BARTON_1_N008,ALL,1,101.83428,3,3
2022-09-01T15:30:00-00:00,2022-09-01T15:45:00-00:00,2022-09-01,09,BARTON_1_N008,BARTON_1_N008,BARTON_1_N008,RTPD,MCE,LMP_ENE_PRC,BARTON_1_N008,ALL,1,86.1388,3,3
2022-09-01T16:30:00-00:00,2022-09-01T16:45:00-00:00,2022-09-01,10,BARTON_1_N008,BARTON_1_N008,BARTON_1_N008,RTPD,MCE,LMP_ENE_PRC,BARTON_1_N008,ALL,1,88.79644,3,3
2022-09-01T17:30:00-00:00,2022-09-01T17:45:00-00:00,2022-09-01,11,BARTON_1_N008,BARTON_1_N008,BARTON_1_N008,RTPD,MCE,LMP_ENE_PRC,BARTON_1_N008,ALL,1,99.13013,3,3
2022-09-01T18:30:00-00:00,2022-09-01T18:45:00-00:00,2022-09-01,12,BARTON_1_N008,BARTON_1_N008,BARTON_1_N008,RTPD,MCE,LMP_ENE_PRC,BARTON_1_N008,ALL,1,107.05718,3,3
2022-09-01T19:30:00-00:00,2022-09-01T19:45:00-00:00,2022-09-01,13,BARTON_1_N008,BARTON_1_N008,BARTON_1_N008,RTPD,MCE,LMP_ENE_PRC,BARTON_1_N008,ALL,1,114.05905,3,3
2022-09-01T20:30:00-00:00,2022-09-01T20:45:00-00:00,2022-09-01,14,BARTON_1_N008,BARTON_1_N008,BARTON_1_N008,RTPD,MCE,LMP_ENE_PRC,BARTON_1_N008,ALL,1,129.81606,3,3
2022-09-01T21:30:00-00:00,2022-09-01T21:45:00-00:00,2022-09-01,15,BARTON_1_N008,BARTON_1_N008,BARTON_1_N008,RTPD,MCE,LMP_ENE_PRC,BARTON_1_N008,ALL,1,152.93057,3,3
2022-09-01T22:30:00-00:00,2022-09-01T22:45:00-00:00,2022-09-01,16,BARTON_1_N008,BARTON_1_N008,BARTON_1_N008,RTPD,MCE,LMP_ENE_PRC,BARTON_1_N008,ALL,1,283.18182,3,3
2022-09-01T23:30:00-00:00,2022-09-01T23:45:00-00:00,2022-09-01,17,BARTON_1_N008,BARTON_1_N008,BARTON_1_N008,RTPD,MCE,LMP_ENE_PRC,BARTON_1_N008,ALL,1,566.48157,3,3
2022-09-02T00:30:00-00:00,2022-09-02T00:45:00-00:00,2022-09-01,18,BARTON_1_N008,BARTON_1_N008,BARTON_1_N008,RTPD,MCE,LMP_ENE_PRC,BARTON_1_N008,ALL,1,1329.1127,3,3
2022-09-02T01:30:00-00:00,2022-09-02T01:45:00-00:00,2022-09-01,19,BARTON_1_N008,BARTON_1_N008,BARTON_1_N008,RTPD,MCE,LMP_ENE_PRC,BARTON_1_N008,ALL,1,1999.9956,3,3
2022-09-02T02:30:00-00:00,2022-09-02T02:45:00-00:00,2022-09-01,20,BARTON_1_N008,BARTON_1_N008,BARTON_1_N008,RTPD,MCE,LMP_ENE_PRC,BARTON_1_N008,ALL,1,1991.671,3,3
2022-09-02T03:30:00-00:00,2022-09-02T03:45:00-00:00,2022-09-01,21,BARTON_1_N008,BARTON_1_N008,BARTON_1_N008,RTPD,MCE,LMP_ENE_PRC,BARTON_1_N008,ALL,1,186.61823,3,3
2022-09-02T04:30:00-00:00,2022-09-02T04:45:00-00:00,2022-09-01,22,BARTON_1_N008,BARTON_1_N008,BARTON_1_N008,RTPD,MCE,LMP_ENE_PRC,BARTON_1_N008,ALL,1,180.67824,3,3
2022-09-02T05:30:00-00:00,2022-09-02T05:45:00-00:00,2022-09-01,23,BARTON_1_N008,BARTON_1_N008,BARTON_1_N008,RTPD,MCE,LMP_ENE_PRC,BARTON_1_N008,ALL,1,131.69917,3,3
2022-09-02T06:30:00-00:00,2022-09-02T06:45:00-00:00,2022-09-01,24,BARTON_1_N008,BARTON_1_N008,BARTON_1_N008,RTPD,MCE,LMP_ENE_PRC,BARTON_1_N008,ALL,1,128.9871,3,3
2022-09-01T07:45:00-00:00,2022-09-01T08:00:00-00:00,2022-09-01,01,BARTON_1_N008,BARTON_1_N008,BARTON_1_N008,RTPD,MCE,LMP_ENE_PRC,BARTON_1_N008,ALL,1,109.12099,4,3
2022-09-01T08:45:00-00:00,2022-09-01T09:00:00-00:00,2022-09-01,02,BARTON_1_N008,BARTON_1_N008,BARTON_1_N008,RTPD,MCE,LMP_ENE_PRC,BARTON_1_N008,ALL,1,98.7357,4,3
2022-09-01T09:45:00-00:00,2022-09-01T10:00:00-00:00,2022-09-01,03,BARTON_1_N008,BARTON_1_N008,BARTON_1_N008,RTPD,MCE,LMP_ENE_PRC,BARTON_1_N008,ALL,1,97.50475,4,3
2022-09-01T10:45:00-00:00,2022-09-01T11:00:00-00:00,2022-09-01,04,BARTON_1_N008,BARTON_1_N008,BARTON_1_N008,RTPD,MCE,LMP_ENE_PRC,BARTON_1_N008,ALL,1,94.71966,4,3
2022-09-01T11:45:00-00:00,2022-09-01T12:00:00-00:00,2022-09-01,05,BARTON_1_N008,BARTON_1_N008,BARTON_1_N008,RTPD,MCE,LMP_ENE_PRC,BARTON_1_N008,ALL,1,107.01,4,3
2022-09-01T12:45:00-00:00,2022-09-01T13:00:00-00:00,2022-09-01,06,BARTON_1_N008,BARTON_1_N008,BARTON_1_N008,RTPD,MCE,LMP_ENE_PRC,BARTON_1_N008,ALL,1,116.4848,4,3
2022-09-01T13:45:00-00:00,2022-09-01T14:00:00-00:00,2022-09-01,07,BARTON_1_N008,BARTON_1_N008,BARTON_1_N008,RTPD,MCE,LMP_ENE_PRC,BARTON_1_N008,ALL,1,111.41,4,3
2022-09-01T14:45:00-00:00,2022-09-01T15:00:00-00:00,2022-09-01,08,BARTON_1_N008,BARTON_1_N008,BARTON_1_N008,RTPD,MCE,LMP_ENE_PRC,BARTON_1_N008,ALL,1,86.1388,4,3
2022-09-01T15:45:00-00:00,2022-09-01T16:00:00-00:00,2022-09-01,09,BARTON_1_N008,BARTON_1_N008,BARTON_1_N008,RTPD,MCE,LMP_ENE_PRC,BARTON_1_N008,ALL,1,78.70076,4,3
2022-09-01T16:45:00-00:00,2022-09-01T17:00:00-00:00,2022-09-01,10,BARTON_1_N008,BARTON_1_N008,BARTON_1_N008,RTPD,MCE,LMP_ENE_PRC,BARTON_1_N008,ALL,1,91.24933,4,3
2022-09-01T17:45:00-00:00,2022-09-01T18:00:00-00:00,2022-09-01,11,BARTON_1_N008,BARTON_1_N008,BARTON_1_N008,RTPD,MCE,LMP_ENE_PRC,BARTON_1_N008,ALL,1,99.20544,4,3
2022-09-01T18:45:00-00:00,2022-09-01T19:00:00-00:00,2022-09-01,12,BARTON_1_N008,BARTON_1_N008,BARTON_1_N008,RTPD,MCE,LMP_ENE_PRC,BARTON_1_N008,ALL,1,109.04064,4,3
2022-09-01T19:45:00-00:00,2022-09-01T20:00:00-00:00,2022-09-01,13,BARTON_1_N008,BARTON_1_N008,BARTON_1_N008,RTPD,MCE,LMP_ENE_PRC,BARTON_1_N008,ALL,1,120.22491,4,3
2022-09-01T20:45:00-00:00,2022-09-01T21:00:00-00:00,2022-09-01,14,BARTON_1_N008,BARTON_1_N008,BARTON_1_N008,RTPD,MCE,LMP_ENE_PRC,BARTON_1_N008,ALL,1,154.02509,4,3
2022-09-01T21:45:00-00:00,2022-09-01T22:00:00-00:00,2022-09-01,15,BARTON_1_N008,BARTON_1_N008,BARTON_1_N008,RTPD,MCE,LMP_ENE_PRC,BARTON_1_N008,ALL,1,300.29376,4,3
2022-09-01T22:45:00-00:00,2022-09-01T23:00:00-00:00,2022-09-01,16,BARTON_1_N008,BARTON_1_N008,BARTON_1_N008,RTPD,MCE,LMP_ENE_PRC,BARTON_1_N008,ALL,1,429.9137,4,3
2022-09-01T23:45:00-00:00,2022-09-02T00:00:00-00:00,2022-09-01,17,BARTON_1_N008,BARTON_1_N008,BARTON_1_N008,RTPD,MCE,LMP_ENE_PRC,BARTON_1_N008,ALL,1,1261.2124,4,3
2022-09-02T00:45:00-00:00,2022-09-02T01:00:00-00:00,2022-09-01,18,BARTON_1_N008,BARTON_1_N008,BARTON_1_N008,RTPD,MCE,LMP_ENE_PRC,BARTON_1_N008,ALL,1,1519.149,4,3
2022-09-02T01:45:00-00:00,2022-09-02T02:00:00-00:00,2022-09-01,19,BARTON_1_N008,BARTON_1_N008,BARTON_1_N008,RTPD,MCE,LMP_ENE_PRC,BARTON_1_N008,ALL,1,1991.9337,4,3
2022-09-02T02:45:00-00:00,2022-09-02T03:00:00-00:00,2022-09-01,20,BARTON_1_N008,BARTON_1_N008,BARTON_1_N008,RTPD,MCE,LMP_ENE_PRC,BARTON_1_N008,ALL,1,1629.6213,4,3
2022-09-02T03:45:00-00:00,2022-09-02T04:00:00-00:00,2022-09-01,21,BARTON_1_N008,BARTON_1_N008,BARTON_1_N008,RTPD,MCE,LMP_ENE_PRC,BARTON_1_N008,ALL,1,141.13702,4,3
2022-09-02T04:45:00-00:00,2022-09-02T05:00:00-00:00,2022-09-01,22,BARTON_1_N008,BARTON_1_N008,BARTON_1_N008,RTPD,MCE,LMP_ENE_PRC,BARTON_1_N008,ALL,1,126.76372,4,3
2022-09-02T05:45:00-00:00,2022-09-02T06:00:00-00:00,2022-09-01,23,BARTON_1_N008,BARTON_1_N008,BARTON_1_N008,RTPD,MCE,LMP_ENE_PRC,BARTON_1_N008,ALL,1,119.00958,4,3
2022-09-02T06:45:00-00:00,2022-09-02T07:00:00-00:00,2022-09-01,24,BARTON_1_N008,BARTON_1_N008,BARTON_1_N008,RTPD,MCE,LMP_ENE_PRC,BARTON_1_N008,ALL,1,109.20324,4,3
2022-09-01T07:00:00-00:00,2022-09-01T07:15:00-00:00,2022-09-01,01,BARTON_1_N008,BARTON_1_N008,BARTON_1_N008,RTPD,MCL,LMP_LOSS_PRC,BARTON_1_N008,ALL,1,2.55375,1,4
2022-09-01T08:00:00-00:00,2022-09-01T08:15:00-00:00,2022-09-01,02,BARTON_1_N008,BARTON_1_N008,BARTON_1_N008,RTPD,MCL,LMP_LOSS_PRC,BARTON_1_N008,ALL,1,0,1,4
2022-09-01T09:00:00-00:00,2022-09-01T09:15:00-00:00,2022-09-01,03,BARTON_1_N008,BARTON_1_N008,BARTON_1_N008,RTPD,MCL,LMP_LOSS_PRC,BARTON_1_N008,ALL,1,11.76821,1,4
2022-09-01T10:00:00-00:00,2022-09-01T10:15:00-00:00,2022-09-01,04,BARTON_1_N008,BARTON_1_N008,BARTON_1_N008,RTPD,MCL,LMP_LOSS_PRC,BARTON_1_N008,ALL,1,10.96901,1,4
2022-09-01T11:00:00-00:00,2022-09-01T11:15:00-00:00,2022-09-01,05,BARTON_1_N008,BARTON_1_N008,BARTON_1_N008,RTPD,MCL,LMP_LOSS_PRC,BARTON_1_N008,ALL,1,12.15438,1,4
2022-09-01T12:00:00-00:00,2022-09-01T12:15:00-00:00,2022-09-01,06,BARTON_1_N008,BARTON_1_N008,BARTON_1_N008,RTPD,MCL,LMP_LOSS_PRC,BARTON_1_N008,ALL,1,11.07664,1,4
2022-09-01T13:00:00-00:00,2022-09-01T13:15:00-00:00,2022-09-01,07,BARTON_1_N008,BARTON_1_N008,BARTON_1_N008,RTPD,MCL,LMP_LOSS_PRC,BARTON_1_N008,ALL,1,0,1,4
2022-09-01T14:00:00-00:00,2022-09-01T14:15:00-00:00,2022-09-01,08,BARTON_1_N008,BARTON_1_N008,BARTON_1_N008,RTPD,MCL,LMP_LOSS_PRC,BARTON_1_N008,ALL,1,10.63344,1,4
2022-09-01T15:00:00-00:00,2022-09-01T15:15:00-00:00,2022-09-01,09,BARTON_1_N008,BARTON_1_N008,BARTON_1_N008,RTPD,MCL,LMP_LOSS_PRC,BARTON_1_N008,ALL,1,0,1,4
2022-09-01T16:00:00-00:00,2022-09-01T16:15:00-00:00,2022-09-01,10,BARTON_1_N008,BARTON_1_N008,BARTON_1_N008,RTPD,MCL,LMP_LOSS_PRC,BARTON_1_N008,ALL,1,0,1,4
2022-09-01T17:00:00-00:00,2022-09-01T17:15:00-00:00,2022-09-01,11,BARTON_1_N008,BARTON_1_N008,BARTON_1_N008,RTPD,MCL,LMP_LOSS_PRC,BARTON_1_N008,ALL,1,0,1,4
2022-09-01T18:00:00-00:00,2022-09-01T18:15:00-00:00,2022-09-01,12,BARTON_1_N008,BARTON_1_N008,BARTON_1_N008,RTPD,MCL,LMP_LOSS_PRC,BARTON_1_N008,ALL,1,0,1,4
2022-09-01T19:00:00-00:00,2022-09-01T19:15:00-00:00,2022-09-01,13,BARTON_1_N008,BARTON_1_N008,BARTON_1_N008,RTPD,MCL,LMP_LOSS_PRC,BARTON_1_N008,ALL,1,0,1,4
2022-09-01T20:00:00-00:00,2022-09-01T20:15:00-00:00,2022-09-01,14,BARTON_1_N008,BARTON_1_N008,BARTON_1_N008,RTPD,MCL,LMP_LOSS_PRC,BARTON_1_N008,ALL,1,0,1,4
2022-09-01T21:00:00-00:00,2022-09-01T21:15:00-00:00,2022-09-01,15,BARTON_1_N008,BARTON_1_N008,BARTON_1_N008,RTPD,MCL,LMP_LOSS_PRC,BARTON_1_N008,ALL,1,0,1,4
2022-09-01T22:00:00-00:00,2022-09-01T22:15:00-00:00,2022-09-01,16,BARTON_1_N008,BARTON_1_N008,BARTON_1_N008,RTPD,MCL,LMP_LOSS_PRC,BARTON_1_N008,ALL,1,0,1,4
2022-09-01T23:00:00-00:00,2022-09-01T23:15:00-00:00,2022-09-01,17,BARTON_1_N008,BARTON_1_N008,BARTON_1_N008,RTPD,MCL,LMP_LOSS_PRC,BARTON_1_N008,ALL,1,0,1,4
2022-09-02T00:00:00-00:00,2022-09-02T00:15:00-00:00,2022-09-01,18,BARTON_1_N008,BARTON_1_N008,BARTON_1_N008,RTPD,MCL,LMP_LOSS_PRC,BARTON_1_N008,ALL,1,58.79536,1,4
2022-09-02T01:00:00-00:00,2022-09-02T01:15:00-00:00,2022-09-01,19,BARTON_1_N008,BARTON_1_N008,BARTON_1_N008,RTPD,MCL,LMP_LOSS_PRC,BARTON_1_N008,ALL,1,0,1,4
2022-09-02T02:00:00-00:00,2022-09-02T02:15:00-00:00,2022-09-01,20,BARTON_1_N008,BARTON_1_N008,BARTON_1_N008,RTPD,MCL,LMP_LOSS_PRC,BARTON_1_N008,ALL,1,0,1,4
2022-09-02T03:00:00-00:00,2022-09-02T03:15:00-00:00,2022-09-01,21,BARTON_1_N008,BARTON_1_N008,BARTON_1_N008,RTPD,MCL,LMP_LOSS_PRC,BARTON_1_N008,ALL,1,160.5714,1,4
2022-09-02T04:00:00-00:00,2022-09-02T04:15:00-00:00,2022-09-01,22,BARTON_1_N008,BARTON_1_N008,BARTON_1_N008,RTPD,MCL,LMP_LOSS_PRC,BARTON_1_N008,ALL,1,57.44453,1,4
2022-09-02T05:00:00-00:00,2022-09-02T05:15:00-00:00,2022-09-01,23,BARTON_1_N008,BARTON_1_N008,BARTON_1_N008,RTPD,MCL,LMP_LOSS_PRC,BARTON_1_N008,ALL,1,23.16237,1,4
2022-09-02T06:00:00-00:00,2022-09-02T06:15:00-00:00,2022-09-01,24,BARTON_1_N008,BARTON_1_N008,BARTON_1_N008,RTPD,MCL,LMP_LOSS_PRC,BARTON_1_N008,ALL,1,17.09409,1,4
2022-09-01T07:15:00-00:00,2022-09-01T07:30:00-00:00,2022-09-01,01,BARTON_1_N008,BARTON_1_N008,BARTON_1_N008,RTPD,MCL,LMP_LOSS_PRC,BARTON_1_N008,ALL,1,0,2,4
2022-09-01T08:15:00-00:00,2022-09-01T08:30:00-00:00,2022-09-01,02,BARTON_1_N008,BARTON_1_N008,BARTON_1_N008,RTPD,MCL,LMP_LOSS_PRC,BARTON_1_N008,ALL,1,0,2,4
2022-09-01T09:15:00-00:00,2022-09-01T09:30:00-00:00,2022-09-01,03,BARTON_1_N008,BARTON_1_N008,BARTON_1_N008,RTPD,MCL,LMP_LOSS_PRC,BARTON_1_N008,ALL,1,11.24614,2,4
2022-09-01T10:15:00-00:00,2022-09-01T10:30:00-00:00,2022-09-01,04,BARTON_1_N008,BARTON_1_N008,BARTON_1_N008,RTPD,MCL,LMP_LOSS_PRC,BARTON_1_N008,ALL,1,11.01998,2,4
2022-09-01T11:15:00-00:00,2022-09-01T11:30:00-00:00,2022-09-01,05,BARTON_1_N008,BARTON_1_N008,BARTON_1_N008,RTPD,MCL,LMP_LOSS_PRC,BARTON_1_N008,ALL,1,12.13376,2,4
2022-09-01T12:15:00-00:00,2022-09-01T12:30:00-00:00,2022-09-01,06,BARTON_1_N008,BARTON_1_N008,BARTON_1_N008,RTPD,MCL,LMP_LOSS_PRC,BARTON_1_N008,ALL,1,13.38102,2,4
2022-09-01T13:15:00-00:00,2022-09-01T13:30:00-00:00,2022-09-01,07,BARTON_1_N008,BARTON_1_N008,BARTON_1_N008,RTPD,MCL,LMP_LOSS_PRC,BARTON_1_N008,ALL,1,10.42086,2,4
2022-09-01T14:15:00-00:00,2022-09-01T14:30:00-00:00,2022-09-01,08,BARTON_1_N008,BARTON_1_N008,BARTON_1_N008,RTPD,MCL,LMP_LOSS_PRC,BARTON_1_N008,ALL,1,8.83358,2,4
2022-09-01T15:15:00-00:00,2022-09-01T15:30:00-00:00,2022-09-01,09,BARTON_1_N008,BARTON_1_N008,BARTON_1_N008,RTPD,MCL,LMP_LOSS_PRC,BARTON_1_N008,ALL,1,0,2,4
2022-09-01T16:15:00-00:00,2022-09-01T16:30:00-00:00,2022-09-01,10,BARTON_1_N008,BARTON_1_N008,BARTON_1_N008,RTPD,MCL,LMP_LOSS_PRC,BARTON_1_N008,ALL,1,0,2,4
2022-09-01T17:15:00-00:00,2022-09-01T17:30:00-00:00,2022-09-01,11,BARTON_1_N008,BARTON_1_N008,BARTON_1_N008,RTPD,MCL,LMP_LOSS_PRC,BARTON_1_N008,ALL,1,0,2,4
2022-09-01T18:15:00-00:00,2022-09-01T18:30:00-00:00,2022-09-01,12,BARTON_1_N008,BARTON_1_N008,BARTON_1_N008,RTPD,MCL,LMP_LOSS_PRC,BARTON_1_N008,ALL,1,0,2,4
2022-09-01T19:15:00-00:00,2022-09-01T19:30:00-00:00,2022-09-01,13,BARTON_1_N008,BARTON_1_N008,BARTON_1_N008,RTPD,MCL,LMP_LOSS_PRC,BARTON_1_N008,ALL,1,0,2,4
2022-09-01T20:15:00-00:00,2022-09-01T20:30:00-00:00,2022-09-01,14,BARTON_1_N008,BARTON_1_N008,BARTON_1_N008,RTPD,MCL,LMP_LOSS_PRC,BARTON_1_N008,ALL,1,0,2,4
2022-09-01T21:15:00-00:00,2022-09-01T21:30:00-00:00,2022-09-01,15,BARTON_1_N008,BARTON_1_N008,BARTON_1_N008,RTPD,MCL,LMP_LOSS_PRC,BARTON_1_N008,ALL,1,0,2,4
2022-09-01T22:15:00-00:00,2022-09-01T22:30:00-00:00,2022-09-01,16,BARTON_1_N008,BARTON_1_N008,BARTON_1_N008,RTPD,MCL,LMP_LOSS_PRC,BARTON_1_N008,ALL,1,0,2,4
2022-09-01T23:15:00-00:00,2022-09-01T23:30:00-00:00,2022-09-01,17,BARTON_1_N008,BARTON_1_N008,BARTON_1_N008,RTPD,MCL,LMP_LOSS_PRC,BARTON_1_N008,ALL,1,0,2,4
2022-09-02T00:15:00-00:00,2022-09-02T00:30:00-00:00,2022-09-01,18,BARTON_1_N008,BARTON_1_N008,BARTON_1_N008,RTPD,MCL,LMP_LOSS_PRC,BARTON_1_N008,ALL,1,54.468,2,4
2022-09-02T01:15:00-00:00,2022-09-02T01:30:00-00:00,2022-09-01,19,BARTON_1_N008,BARTON_1_N008,BARTON_1_N008,RTPD,MCL,LMP_LOSS_PRC,BARTON_1_N008,ALL,1,0,2,4
2022-09-02T02:15:00-00:00,2022-09-02T02:30:00-00:00,2022-09-01,20,BARTON_1_N008,BARTON_1_N008,BARTON_1_N008,RTPD,MCL,LMP_LOSS_PRC,BARTON_1_N008,ALL,1,0,2,4
2022-09-02T03:15:00-00:00,2022-09-02T03:30:00-00:00,2022-09-01,21,BARTON_1_N008,BARTON_1_N008,BARTON_1_N008,RTPD,MCL,LMP_LOSS_PRC,BARTON_1_N008,ALL,1,66.96842,2,4
2022-09-02T04:15:00-00:00,2022-09-02T04:30:00-00:00,2022-09-01,22,BARTON_1_N008,BARTON_1_N008,BARTON_1_N008,RTPD,MCL,LMP_LOSS_PRC,BARTON_1_N008,ALL,1,48.59104,2,4
2022-09-02T05:15:00-00:00,2022-09-02T05:30:00-00:00,2022-09-01,23,BARTON_1_N008,BARTON_1_N008,BARTON_1_N008,RTPD,MCL,LMP_LOSS_PRC,BARTON_1_N008,ALL,1,23.17518,2,4
2022-09-02T06:15:00-00:00,2022-09-02T06:30:00-00:00,2022-09-01,24,BARTON_1_N008,BARTON_1_N008,BARTON_1_N008,RTPD,MCL,LMP_LOSS_PRC,BARTON_1_N008,ALL,1,14.46746,2,4
2022-09-01T07:30:00-00:00,2022-09-01T07:45:00-00:00,2022-09-01,01,BARTON_1_N008,BARTON_1_N008,BARTON_1_N008,RTPD,MCL,LMP_LOSS_PRC,BARTON_1_N008,ALL,1,0,3,4
2022-09-01T08:30:00-00:00,2022-09-01T08:45:00-00:00,2022-09-01,02,BARTON_1_N008,BARTON_1_N008,BARTON_1_N008,RTPD,MCL,LMP_LOSS_PRC,BARTON_1_N008,ALL,1,12.23348,3,4
2022-09-01T09:30:00-00:00,2022-09-01T09:45:00-00:00,2022-09-01,03,BARTON_1_N008,BARTON_1_N008,BARTON_1_N008,RTPD,MCL,LMP_LOSS_PRC,BARTON_1_N008,ALL,1,11.05307,3,4
2022-09-01T10:30:00-00:00,2022-09-01T10:45:00-00:00,2022-09-01,04,BARTON_1_N008,BARTON_1_N008,BARTON_1_N008,RTPD,MCL,LMP_LOSS_PRC,BARTON_1_N008,ALL,1,10.73476,3,4
2022-09-01T11:30:00-00:00,2022-09-01T11:45:00-00:00,2022-09-01,05,BARTON_1_N008,BARTON_1_N008,BARTON_1_N008,RTPD,MCL,LMP_LOSS_PRC,BARTON_1_N008,ALL,1,12.31591,3,4
2022-09-01T12:30:00-00:00,2022-09-01T12:45:00-00:00,2022-09-01,06,BARTON_1_N008,BARTON_1_N008,BARTON_1_N008,RTPD,MCL,LMP_LOSS_PRC,BARTON_1_N008,ALL,1,12.72029,3,4
2022-09-01T13:30:00-00:00,2022-09-01T13:45:00-00:00,2022-09-01,07,BARTON_1_N008,BARTON_1_N008,BARTON_1_N008,RTPD,MCL,LMP_LOSS_PRC,BARTON_1_N008,ALL,1,10.47175,3,4
2022-09-01T14:30:00-00:00,2022-09-01T14:45:00-00:00,2022-09-01,08,BARTON_1_N008,BARTON_1_N008,BARTON_1_N008,RTPD,MCL,LMP_LOSS_PRC,BARTON_1_N008,ALL,1,8.01436,3,4
2022-09-01T15:30:00-00:00,2022-09-01T15:45:00-00:00,2022-09-01,09,BARTON_1_N008,BARTON_1_N008,BARTON_1_N008,RTPD,MCL,LMP_LOSS_PRC,BARTON_1_N008,ALL,1,0,3,4
2022-09-01T16:30:00-00:00,2022-09-01T16:45:00-00:00,2022-09-01,10,BARTON_1_N008,BARTON_1_N008,BARTON_1_N008,RTPD,MCL,LMP_LOSS_PRC,BARTON_1_N008,ALL,1,0,3,4
2022-09-01T17:30:00-00:00,2022-09-01T17:45:00-00:00,2022-09-01,11,BARTON_1_N008,BARTON_1_N008,BARTON_1_N008,RTPD,MCL,LMP_LOSS_PRC,BARTON_1_N008,ALL,1,0,3,4
2022-09-01T18:30:00-00:00,2022-09-01T18:45:00-00:00,2022-09-01,12,BARTON_1_N008,BARTON_1_N008,BARTON_1_N008,RTPD,MCL,LMP_LOSS_PRC,BARTON_1_N008,ALL,1,0,3,4
2022-09-01T19:30:00-00:00,2022-09-01T19:45:00-00:00,2022-09-01,13,BARTON_1_N008,BARTON_1_N008,BARTON_1_N008,RTPD,MCL,LMP_LOSS_PRC,BARTON_1_N008,ALL,1,0,3,4
2022-09-01T20:30:00-00:00,2022-09-01T20:45:00-00:00,2022-09-01,14,BARTON_1_N008,BARTON_1_N008,BARTON_1_N008,RTPD,MCL,LMP_LOSS_PRC,BARTON_1_N008,ALL,1,0,3,4
2022-09-01T21:30:00-00:00,2022-09-01T21:45:00-00:00,2022-09-01,15,BARTON_1_N008,BARTON_1_N008,BARTON_1_N008,RTPD,MCL,LMP_LOSS_PRC,BARTON_1_N008,ALL,1,0,3,4
2022-09-01T22:30:00-00:00,2022-09-01T22:45:00-00:00,2022-09-01,16,BARTON_1_N008,BARTON_1_N008,BARTON_1_N008,RTPD,MCL,LMP_LOSS_PRC,BARTON_1_N008,ALL,1,0,3,4
2022-09-01T23:30:00-00:00,2022-09-01T23:45:00-00:00,2022-09-01,17,BARTON_1_N008,BARTON_1_N008,BARTON_1_N008,RTPD,MCL,LMP_LOSS_PRC,BARTON_1_N008,ALL,1,0,3,4
2022-09-02T00:30:00-00:00,2022-09-02T00:45:00-00:00,2022-09-01,18,BARTON_1_N008,BARTON_1_N008,BARTON_1_N008,RTPD,MCL,LMP_LOSS_PRC,BARTON_1_N008,ALL,1,0,3,4
2022-09-02T01:30:00-00:00,2022-09-02T01:45:00-00:00,2022-09-01,19,BARTON_1_N008,BARTON_1_N008,BARTON_1_N008,RTPD,MCL,LMP_LOSS_PRC,BARTON_1_N008,ALL,1,0,3,4
2022-09-02T02:30:00-00:00,2022-09-02T02:45:00-00:00,2022-09-01,20,BARTON_1_N008,BARTON_1_N008,BARTON_1_N008,RTPD,MCL,LMP_LOSS_PRC,BARTON_1_N008,ALL,1,0,3,4
2022-09-02T03:30:00-00:00,2022-09-02T03:45:00-00:00,2022-09-01,21,BARTON_1_N008,BARTON_1_N008,BARTON_1_N008,RTPD,MCL,LMP_LOSS_PRC,BARTON_1_N008,ALL,1,30.53074,3,4
2022-09-02T04:30:00-00:00,2022-09-02T04:45:00-00:00,2022-09-01,22,BARTON_1_N008,BARTON_1_N008,BARTON_1_N008,RTPD,MCL,LMP_LOSS_PRC,BARTON_1_N008,ALL,1,34.90704,3,4
2022-09-02T05:30:00-00:00,2022-09-02T05:45:00-00:00,2022-09-01,23,BARTON_1_N008,BARTON_1_N008,BARTON_1_N008,RTPD,MCL,LMP_LOSS_PRC,BARTON_1_N008,ALL,1,19.22808,3,4
2022-09-02T06:30:00-00:00,2022-09-02T06:45:00-00:00,2022-09-01,24,BARTON_1_N008,BARTON_1_N008,BARTON_1_N008,RTPD,MCL,LMP_LOSS_PRC,BARTON_1_N008,ALL,1,13.44046,3,4
2022-09-01T07:45:00-00:00,2022-09-01T08:00:00-00:00,2022-09-01,01,BARTON_1_N008,BARTON_1_N008,BARTON_1_N008,RTPD,MCL,LMP_LOSS_PRC,BARTON_1_N008,ALL,1,0,4,4
2022-09-01T08:45:00-00:00,2022-09-01T09:00:00-00:00,2022-09-01,02,BARTON_1_N008,BARTON_1_N008,BARTON_1_N008,RTPD,MCL,LMP_LOSS_PRC,BARTON_1_N008,ALL,1,9.98218,4,4
2022-09-01T09:45:00-00:00,2022-09-01T10:00:00-00:00,2022-09-01,03,BARTON_1_N008,BARTON_1_N008,BARTON_1_N008,RTPD,MCL,LMP_LOSS_PRC,BARTON_1_N008,ALL,1,10.09174,4,4
2022-09-01T10:45:00-00:00,2022-09-01T11:00:00-00:00,2022-09-01,04,BARTON_1_N008,BARTON_1_N008,BARTON_1_N008,RTPD,MCL,LMP_LOSS_PRC,BARTON_1_N008,ALL,1,9.98345,4,4
2022-09-01T11:45:00-00:00,2022-09-01T12:00:00-00:00,2022-09-01,05,BARTON_1_N008,BARTON_1_N008,BARTON_1_N008,RTPD,MCL,LMP_LOSS_PRC,BARTON_1_N008,ALL,1,0,4,4
2022-09-01T12:45:00-00:00,2022-09-01T13:00:00-00:00,2022-09-01,06,BARTON_1_N008,BARTON_1_N008,BARTON_1_N008,RTPD,MCL,LMP_LOSS_PRC,BARTON_1_N008,ALL,1,0,4,4
2022-09-01T13:45:00-00:00,2022-09-01T14:00:00-00:00,2022-09-01,07,BARTON_1_N008,BARTON_1_N008,BARTON_1_N008,RTPD,MCL,LMP_LOSS_PRC,BARTON_1_N008,ALL,1,0,4,4
2022-09-01T14:45:00-00:00,2022-09-01T15:00:00-00:00,2022-09-01,08,BARTON_1_N008,BARTON_1_N008,BARTON_1_N008,RTPD,MCL,LMP_LOSS_PRC,BARTON_1_N008,ALL,1,0,4,4
2022-09-01T15:45:00-00:00,2022-09-01T16:00:00-00:00,2022-09-01,09,BARTON_1_N008,BARTON_1_N008,BARTON_1_N008,RTPD,MCL,LMP_LOSS_PRC,BARTON_1_N008,ALL,1,0,4,4
2022-09-01T16:45:00-00:00,2022-09-01T17:00:00-00:00,2022-09-01,10,BARTON_1_N008,BARTON_1_N008,BARTON_1_N008,RTPD,MCL,LMP_LOSS_PRC,BARTON_1_N008,ALL,1,0,4,4
2022-09-01T17:45:00-00:00,2022-09-01T18:00:00-00:00,2022-09-01,11,BARTON_1_N008,BARTON_1_N008,BARTON_1_N008,RTPD,MCL,LMP_LOSS_PRC,BARTON_1_N008,ALL,1,0,4,4
2022-09-01T18:45:00-00:00,2022-09-01T19:00:00-00:00,2022-09-01,12,BARTON_1_N008,BARTON_1_N008,BARTON_1_N008,RTPD,MCL,LMP_LOSS_PRC,BARTON_1_N008,ALL,1,0,4,4
2022-09-01T19:45:00-00:00,2022-09-01T20:00:00-00:00,2022-09-01,13,BARTON_1_N008,BARTON_1_N008,BARTON_1_N008,RTPD,MCL,LMP_LOSS_PRC,BARTON_1_N008,ALL,1,0,4,4
2022-09-01T20:45:00-00:00,2022-09-01T21:00:00-00:00,2022-09-01,14,BARTON_1_N008,BARTON_1_N008,BARTON_1_N008,RTPD,MCL,LMP_LOSS_PRC,BARTON_1_N008,ALL,1,0,4,4
2022-09-01T21:45:00-00:00,2022-09-01T22:00:00-00:00,2022-09-01,15,BARTON_1_N008,BARTON_1_N008,BARTON_1_N008,RTPD,MCL,LMP_LOSS_PRC,BARTON_1_N008,ALL,1,0,4,4
2022-09-01T22:45:00-00:00,2022-09-01T23:00:00-00:00,2022-09-01,16,BARTON_1_N008,BARTON_1_N008,BARTON_1_N008,RTPD,MCL,LMP_LOSS_PRC,BARTON_1_N008,ALL,1,0,4,4
2022-09-01T23:45:00-00:00,2022-09-02T00:00:00-00:00,2022-09-01,17,BARTON_1_N008,BARTON_1_N008,BARTON_1_N008,RTPD,MCL,LMP_LOSS_PRC,BARTON_1_N008,ALL,1,0,4,4
2022-09-02T00:45:00-00:00,2022-09-02T01:00:00-00:00,2022-09-01,18,BARTON_1_N008,BARTON_1_N008,BARTON_1_N008,RTPD,MCL,LMP_LOSS_PRC,BARTON_1_N008,ALL,1,0,4,4
2022-09-02T01:45:00-00:00,2022-09-02T02:00:00-00:00,2022-09-01,19,BARTON_1_N008,BARTON_1_N008,BARTON_1_N008,RTPD,MCL,LMP_LOSS_PRC,BARTON_1_N008,ALL,1,0,4,4
2022-09-02T02:45:00-00:00,2022-09-02T03:00:00-00:00,2022-09-01,20,BARTON_1_N008,BARTON_1_N008,BARTON_1_N008,RTPD,MCL,LMP_LOSS_PRC,BARTON_1_N008,ALL,1,240.85805,4,4
2022-09-02T03:45:00-00:00,2022-09-02T04:00:00-00:00,2022-09-01,21,BARTON_1_N008,BARTON_1_N008,BARTON_1_N008,RTPD,MCL,LMP_LOSS_PRC,BARTON_1_N008,ALL,1,20.45075,4,4
2022-09-02T04:45:00-00:00,2022-09-02T05:00:00-00:00,2022-09-01,22,BARTON_1_N008,BARTON_1_N008,BARTON_1_N008,RTPD,MCL,LMP_LOSS_PRC,BARTON_1_N008,ALL,1,23.15973,4,4
2022-09-02T05:45:00-00:00,2022-09-02T06:00:00-00:00,2022-09-01,23,BARTON_1_N008,BARTON_1_N008,BARTON_1_N008,RTPD,MCL,LMP_LOSS_PRC,BARTON_1_N008,ALL,1,14.66198,4,4
2022-09-02T06:45:00-00:00,2022-09-02T07:00:00-00:00,2022-09-01,24,BARTON_1_N008,BARTON_1_N008,BARTON_1_N008,RTPD,MCL,LMP_LOSS_PRC,BARTON_1_N008,ALL,1,10.78928,4,4
2022-09-01T07:00:00-00:00,2022-09-01T07:15:00-00:00,2022-09-01,01,BARTON_1_N008,BARTON_1_N008,BARTON_1_N008,RTPD,MGHG,LMP_GHG_PRC,BARTON_1_N008,ALL,1,0,1,5
2022-09-01T08:00:00-00:00,2022-09-01T08:15:00-00:00,2022-09-01,02,BARTON_1_N008,BARTON_1_N008,BARTON_1_N008,RTPD,MGHG,LMP_GHG_PRC,BARTON_1_N008,ALL,1,0,1,5
2022-09-01T09:00:00-00:00,2022-09-01T09:15:00-00:00,2022-09-01,03,BARTON_1_N008,BARTON_1_N008,BARTON_1_N008,RTPD,MGHG,LMP_GHG_PRC,BARTON_1_N008,ALL,1,0,1,5
2022-09-01T10:00:00-00:00,2022-09-01T10:15:00-00:00,2022-09-01,04,BARTON_1_N008,BARTON_1_N008,BARTON_1_N008,RTPD,MGHG,LMP_GHG_PRC,BARTON_1_N008,ALL,1,0,1,5
2022-09-01T11:00:00-00:00,2022-09-01T11:15:00-00:00,2022-09-01,05,BARTON_1_N008,BARTON_1_N008,BARTON_1_N008,RTPD,MGHG,LMP_GHG_PRC,BARTON_1_N008,ALL,1,0,1,5
2022-09-01T12:00:00-00:00,2022-09-01T12:15:00-00:00,2022-09-01,06,BARTON_1_N008,BARTON_1_N008,BARTON_1_N008,RTPD,MGHG,LMP_GHG_PRC,BARTON_1_N008,ALL,1,0,1,5
2022-09-01T13:00:00-00:00,2022-09-01T13:15:00-00:00,2022-09-01,07,BARTON_1_N008,BARTON_1_N008,BARTON_1_N008,RTPD,MGHG,LMP_GHG_PRC,BARTON_1_N008,ALL,1,0,1,5
2022-09-01T14:00:00-00:00,2022-09-01T14:15:00-00:00,2022-09-01,08,BARTON_1_N008,BARTON_1_N008,BARTON_1_N008,RTPD,MGHG,LMP_GHG_PRC,BARTON_1_N008,ALL,1,0,1,5
2022-09-01T15:00:00-00:00,2022-09-01T15:15:00-00:00,2022-09-01,09,BARTON_1_N008,BARTON_1_N008,BARTON_1_N008,RTPD,MGHG,LMP_GHG_PRC,BARTON_1_N008,ALL,1,0,1,5
2022-09-01T16:00:00-00:00,2022-09-01T16:15:00-00:00,2022-09-01,10,BARTON_1_N008,BARTON_1_N008,BARTON_1_N008,RTPD,MGHG,LMP_GHG_PRC,BARTON_1_N008,ALL,1,0,1,5
2022-09-01T17:00:00-00:00,2022-09-01T17:15:00-00:00,2022-09-01,11,BARTON_1_N008,BARTON_1_N008,BARTON_1_N008,RTPD,MGHG,LMP_GHG_PRC,BARTON_1_N008,ALL,1,0,1,5
2022-09-01T18:00:00-00:00,2022-09-01T18:15:00-00:00,2022-09-01,12,BARTON_1_N008,BARTON_1_N008,BARTON_1_N008,RTPD,MGHG,LMP_GHG_PRC,BARTON_1_N008,ALL,1,0,1,5
2022-09-01T19:00:00-00:00,2022-09-01T19:15:00-00:00,2022-09-01,13,BARTON_1_N008,BARTON_1_N008,BARTON_1_N008,RTPD,MGHG,LMP_GHG_PRC,BARTON_1_N008,ALL,1,0,1,5
2022-09-01T20:00:00-00:00,2022-09-01T20:15:00-00:00,2022-09-01,14,BARTON_1_N008,BARTON_1_N008,BARTON_1_N008,RTPD,MGHG,LMP_GHG_PRC,BARTON_1_N008,ALL,1,0,1,5
2022-09-01T21:00:00-00:00,2022-09-01T21:15:00-00:00,2022-09-01,15,BARTON_1_N008,BARTON_1_N008,BARTON_1_N008,RTPD,MGHG,LMP_GHG_PRC,BARTON_1_N008,ALL,1,0,1,5
2022-09-01T22:00:00-00:00,2022-09-01T22:15:00-00:00,2022-09-01,16,BARTON_1_N008,BARTON_1_N008,BARTON_1_N008,RTPD,MGHG,LMP_GHG_PRC,BARTON_1_N008,ALL,1,0,1,5
2022-09-01T23:00:00-00:00,2022-09-01T23:15:00-00:00,2022-09-01,17,BARTON_1_N008,BARTON_1_N008,BARTON_1_N008,RTPD,MGHG,LMP_GHG_PRC,BARTON_1_N008,ALL,1,0,1,5
2022-09-02T00:00:00-00:00,2022-09-02T00:15:00-00:00,2022-09-01,18,BARTON_1_N008,BARTON_1_N008,BARTON_1_N008,RTPD,MGHG,LMP_GHG_PRC,BARTON_1_N008,ALL,1,0,1,5
2022-09-02T01:00:00-00:00,2022-09-02T01:15:00-00:00,2022-09-01,19,BARTON_1_N008,BARTON_1_N008,BARTON_1_N008,RTPD,MGHG,LMP_GHG_PRC,BARTON_1_N008,ALL,1,0,1,5
2022-09-02T02:00:00-00:00,2022-09-02T02:15:00-00:00,2022-09-01,20,BARTON_1_N008,BARTON_1_N008,BARTON_1_N008,RTPD,MGHG,LMP_GHG_PRC,BARTON_1_N008,ALL,1,0,1,5
2022-09-02T03:00:00-00:00,2022-09-02T03:15:00-00:00,2022-09-01,21,BARTON_1_N008,BARTON_1_N008,BARTON_1_N008,RTPD,MGHG,LMP_GHG_PRC,BARTON_1_N008,ALL,1,0,1,5
2022-09-02T04:00:00-00:00,2022-09-02T04:15:00-00:00,2022-09-01,22,BARTON_1_N008,BARTON_1_N008,BARTON_1_N008,RTPD,MGHG,LMP_GHG_PRC,BARTON_1_N008,ALL,1,0,1,5
2022-09-02T05:00:00-00:00,2022-09-02T05:15:00-00:00,2022-09-01,23,BARTON_1_N008,BARTON_1_N008,BARTON_1_N008,RTPD,MGHG,LMP_GHG_PRC,BARTON_1_N008,ALL,1,0,1,5
2022-09-02T06:00:00-00:00,2022-09-02T06:15:00-00:00,2022-09-01,24,BARTON_1_N008,BARTON_1_N008,BARTON_1_N008,RTPD,MGHG,LMP_GHG_PRC,BARTON_1_N008,ALL,1,0,1,5
2022-09-01T07:15:00-00:00,2022-09-01T07:30:00-00:00,2022-09-01,01,BARTON_1_N008,BARTON_1_N008,BARTON_1_N008,RTPD,MGHG,LMP_GHG_PRC,BARTON_1_N008,ALL,1,0,2,5
2022-09-01T08:15:00-00:00,2022-09-01T08:30:00-00:00,2022-09-01,02,BARTON_1_N008,BARTON_1_N008,BARTON_1_N008,RTPD,MGHG,LMP_GHG_PRC,BARTON_1_N008,ALL,1,0,2,5
2022-09-01T09:15:00-00:00,2022-09-01T09:30:00-00:00,2022-09-01,03,BARTON_1_N008,BARTON_1_N008,BARTON_1_N008,RTPD,MGHG,LMP_GHG_PRC,BARTON_1_N008,ALL,1,0,2,5
2022-09-01T10:15:00-00:00,2022-09-01T10:30:00-00:00,2022-09-01,04,BARTON_1_N008,BARTON_1_N008,BARTON_1_N008,RTPD,MGHG,LMP_GHG_PRC,BARTON_1_N008,ALL,1,0,2,5
2022-09-01T11:15:00-00:00,2022-09-01T11:30:00-00:00,2022-09-01,05,BARTON_1_N008,BARTON_1_N008,BARTON_1_N008,RTPD,MGHG,LMP_GHG_PRC,BARTON_1_N008,ALL,1,0,2,5
2022-09-01T12:15:00-00:00,2022-09-01T12:30:00-00:00,2022-09-01,06,BARTON_1_N008,BARTON_1_N008,BARTON_1_N008,RTPD,MGHG,LMP_GHG_PRC,BARTON_1_N008,ALL,1,0,2,5
2022-09-01T13:15:00-00:00,2022-09-01T13:30:00-00:00,2022-09-01,07,BARTON_1_N008,BARTON_1_N008,BARTON_1_N008,RTPD,MGHG,LMP_GHG_PRC,BARTON_1_N008,ALL,1,0,2,5
2022-09-01T14:15:00-00:00,2022-09-01T14:30:00-00:00,2022-09-01,08,BARTON_1_N008,BARTON_1_N008,BARTON_1_N008,RTPD,MGHG,LMP_GHG_PRC,BARTON_1_N008,ALL,1,0,2,5
2022-09-01T15:15:00-00:00,2022-09-01T15:30:00-00:00,2022-09-01,09,BARTON_1_N008,BARTON_1_N008,BARTON_1_N008,RTPD,MGHG,LMP_GHG_PRC,BARTON_1_N008,ALL,1,0,2,5
2022-09-01T16:15:00-00:00,2022-09-01T16:30:00-00:00,2022-09-01,10,BARTON_1_N008,BARTON_1_N008,BARTON_1_N008,RTPD,MGHG,LMP_GHG_PRC,BARTON_1_N008,ALL,1,0,2,5
2022-09-01T17:15:00-00:00,2022-09-01T17:30:00-00:00,2022-09-01,11,BARTON_1_N008,BARTON_1_N008,BARTON_1_N008,RTPD,MGHG,LMP_GHG_PRC,BARTON_1_N008,ALL,1,0,2,5
2022-09-01T18:15:00-00:00,2022-09-01T18:30:00-00:00,2022-09-01,12,BARTON_1_N008,BARTON_1_N008,BARTON_1_N008,RTPD,MGHG,LMP_GHG_PRC,BARTON_1_N008,ALL,1,0,2,5
2022-09-01T19:15:00-00:00,2022-09-01T19:30:00-00:00,2022-09-01,13,BARTON_1_N008,BARTON_1_N008,BARTON_1_N008,RTPD,MGHG,LMP_GHG_PRC,BARTON_1_N008,ALL,1,0,2,5
2022-09-01T20:15:00-00:00,2022-09-01T20:30:00-00:00,2022-09-01,14,BARTON_1_N008,BARTON_1_N008,BARTON_1_N008,RTPD,MGHG,LMP_GHG_PRC,BARTON_1_N008,ALL,1,0,2,5
2022-09-01T21:15:00-00:00,2022-09-01T21:30:00-00:00,2022-09-01,15,BARTON_1_N008,BARTON_1_N008,BARTON_1_N008,RTPD,MGHG,LMP_GHG_PRC,BARTON_1_N008,ALL,1,0,2,5
2022-09-01T22:15:00-00:00,2022-09-01T22:30:00-00:00,2022-09-01,16,BARTON_1_N008,BARTON_1_N008,BARTON_1_N008,RTPD,MGHG,LMP_GHG_PRC,BARTON_1_N008,ALL,1,0,2,5
2022-09-01T23:15:00-00:00,2022-09-01T23:30:00-00:00,2022-09-01,17,BARTON_1_N008,BARTON_1_N008,BARTON_1_N008,RTPD,MGHG,LMP_GHG_PRC,BARTON_1_N008,ALL,1,0,2,5
2022-09-02T00:15:00-00:00,2022-09-02T00:30:00-00:00,2022-09-01,18,BARTON_1_N008,BARTON_1_N008,BARTON_1_N008,RTPD,MGHG,LMP_GHG_PRC,BARTON_1_N008,ALL,1,0,2,5
2022-09-02T01:15:00-00:00,2022-09-02T01:30:00-00:00,2022-09-01,19,BARTON_1_N008,BARTON_1_N008,BARTON_1_N008,RTPD,MGHG,LMP_GHG_PRC,BARTON_1_N008,ALL,1,0,2,5
2022-09-02T02:15:00-00:00,2022-09-02T02:30:00-00:00,2022-09-01,20,BARTON_1_N008,BARTON_1_N008,BARTON_1_N008,RTPD,MGHG,LMP_GHG_PRC,BARTON_1_N008,ALL,1,0,2,5
2022-09-02T03:15:00-00:00,2022-09-02T03:30:00-00:00,2022-09-01,21,BARTON_1_N008,BARTON_1_N008,BARTON_1_N008,RTPD,MGHG,LMP_GHG_PRC,BARTON_1_N008,ALL,1,0,2,5
2022-09-02T04:15:00-00:00,2022-09-02T04:30:00-00:00,2022-09-01,22,BARTON_1_N008,BARTON_1_N008,BARTON_1_N008,RTPD,MGHG,LMP_GHG_PRC,BARTON_1_N008,ALL,1,0,2,5
2022-09-02T05:15:00-00:00,2022-09-02T05:30:00-00:00,2022-09-01,23,BARTON_1_N008,BARTON_1_N008,BARTON_1_N008,RTPD,MGHG,LMP_GHG_PRC,BARTON_1_N008,ALL,1,0,2,5
2022-09-02T06:15:00-00:00,2022-09-02T06:30:00-00:00,2022-09-01,24,BARTON_1_N008,BARTON_1_N008,BARTON_1_N008,RTPD,MGHG,LMP_GHG_PRC,BARTON_1_N008,ALL,1,0,2,5
2022-09-01T07:30:00-00:00,2022-09-01T07:45:00-00:00,2022-09-01,01,BARTON_1_N008,BARTON_1_N008,BARTON_1_N008,RTPD,MGHG,LMP_GHG_PRC,BARTON_1_N008,ALL,1,0,3,5
2022-09-01T08:30:00-00:00,2022-09-01T08:45:00-00:00,2022-09-01,02,BARTON_1_N008,BARTON_1_N008,BARTON_1_N008,RTPD,MGHG,LMP_GHG_PRC,BARTON_1_N008,ALL,1,0,3,5
2022-09-01T09:30:00-00:00,2022-09-01T09:45:00-00:00,2022-09-01,03,BARTON_1_N008,BARTON_1_N008,BARTON_1_N008,RTPD,MGHG,LMP_GHG_PRC,BARTON_1_N008,ALL,1,0,3,5
2022-09-01T10:30:00-00:00,2022-09-01T10:45:00-00:00,2022-09-01,04,BARTON_1_N008,BARTON_1_N008,BARTON_1_N008,RTPD,MGHG,LMP_GHG_PRC,BARTON_1_N008,ALL,1,0,3,5
2022-09-01T11:30:00-00:00,2022-09-01T11:45:00-00:00,2022-09-01,05,BARTON_1_N008,BARTON_1_N008,BARTON_1_N008,RTPD,MGHG,LMP_GHG_PRC,BARTON_1_N008,ALL,1,0,3,5
2022-09-01T12:30:00-00:00,2022-09-01T12:45:00-00:00,2022-09-01,06,BARTON_1_N008,BARTON_1_N008,BARTON_1_N008,RTPD,MGHG,LMP_GHG_PRC,BARTON_1_N008,ALL,1,0,3,5
2022-09-01T13:30:00-00:00,2022-09-01T13:45:00-00:00,2022-09-01,07,BARTON_1_N008,BARTON_1_N008,BARTON_1_N008,RTPD,MGHG,LMP_GHG_PRC,BARTON_1_N008,ALL,1,0,3,5
2022-09-01T14:30:00-00:00,2022-09-01T14:45:00-00:00,2022-09-01,08,BARTON_1_N008,BARTON_1_N008,BARTON_1_N008,RTPD,MGHG,LMP_GHG_PRC,BARTON_1_N008,ALL,1,0,3,5
2022-09-01T15:30:00-00:00,2022-09-01T15:45:00-00:00,2022-09-01,09,BARTON_1_N008,BARTON_1_N008,BARTON_1_N008,RTPD,MGHG,LMP_GHG_PRC,BARTON_1_N008,ALL,1,0,3,5
2022-09-01T16:30:00-00:00,2022-09-01T16:45:00-00:00,2022-09-01,10,BARTON_1_N008,BARTON_1_N008,BARTON_1_N008,RTPD,MGHG,LMP_GHG_PRC,BARTON_1_N008,ALL,1,0,3,5
2022-09-01T17:30:00-00:00,2022-09-01T17:45:00-00:00,2022-09-01,11,BARTON_1_N008,BARTON_1_N008,BARTON_1_N008,RTPD,MGHG,LMP_GHG_PRC,BARTON_1_N008,ALL,1,0,3,5
2022-09-01T18:30:00-00:00,2022-09-01T18:45:00-00:00,2022-09-01,12,BARTON_1_N008,BARTON_1_N008,BARTON_1_N008,RTPD,MGHG,LMP_GHG_PRC,BARTON_1_N008,ALL,1,0,3,5
2022-09-01T19:30:00-00:00,2022-09-01T19:45:00-00:00,2022-09-01,13,BARTON_1_N008,BARTON_1_N008,BARTON_1_N008,RTPD,MGHG,LMP_GHG_PRC,BARTON_1_N008,ALL,1,0,3,5
2022-09-01T20:30:00-00:00,2022-09-01T20:45:00-00:00,2022-09-01,14,BARTON_1_N008,BARTON_1_N008,BARTON_1_N008,RTPD,MGHG,LMP_GHG_PRC,BARTON_1_N008,ALL,1,0,3,5
2022-09-01T21:30:00-00:00,2022-09-01T21:45:00-00:00,2022-09-01,15,BARTON_1_N008,BARTON_1_N008,BARTON_1_N008,RTPD,MGHG,LMP_GHG_PRC,BARTON_1_N008,ALL,1,0,3,5
2022-09-01T22:30:00-00:00,2022-09-01T22:45:00-00:00,2022-09-01,16,BARTON_1_N008,BARTON_1_N008,BARTON_1_N008,RTPD,MGHG,LMP_GHG_PRC,BARTON_1_N008,ALL,1,0,3,5
2022-09-01T23:30:00-00:00,2022-09-01T23:45:00-00:00,2022-09-01,17,BARTON_1_N008,BARTON_1_N008,BARTON_1_N008,RTPD,MGHG,LMP_GHG_PRC,BARTON_1_N008,ALL,1,0,3,5
2022-09-02T00:30:00-00:00,2022-09-02T00:45:00-00:00,2022-09-01,18,BARTON_1_N008,BARTON_1_N008,BARTON_1_N008,RTPD,MGHG,LMP_GHG_PRC,BARTON_1_N008,ALL,1,0,3,5
2022-09-02T01:30:00-00:00,2022-09-02T01:45:00-00:00,2022-09-01,19,BARTON_1_N008,BARTON_1_N008,BARTON_1_N008,RTPD,MGHG,LMP_GHG_PRC,BARTON_1_N008,ALL,1,0,3,5
2022-09-02T02:30:00-00:00,2022-09-02T02:45:00-00:00,2022-09-01,20,BARTON_1_N008,BARTON_1_N008,BARTON_1_N008,RTPD,MGHG,LMP_GHG_PRC,BARTON_1_N008,ALL,1,0,3,5
2022-09-02T03:30:00-00:00,2022-09-02T03:45:00-00:00,2022-09-01,21,BARTON_1_N008,BARTON_1_N008,BARTON_1_N008,RTPD,MGHG,LMP_GHG_PRC,BARTON_1_N008,ALL,1,0,3,5
2022-09-02T04:30:00-00:00,2022-09-02T04:45:00-00:00,2022-09-01,22,BARTON_1_N008,BARTON_1_N008,BARTON_1_N008,RTPD,MGHG,LMP_GHG_PRC,BARTON_1_N008,ALL,1,0,3,5
2022-09-02T05:30:00-00:00,2022-09-02T05:45:00-00:00,2022-09-01,23,BARTON_1_N008,BARTON_1_N008,BARTON_1_N008,RTPD,MGHG,LMP_GHG_PRC,BARTON_1_N008,ALL,1,0,3,5
2022-09-02T06:30:00-00:00,2022-09-02T06:45:00-00:00,2022-09-01,24,BARTON_1_N008,BARTON_1_N008,BARTON_1_N008,RTPD,MGHG,LMP_GHG_PRC,BARTON_1_N008,ALL,1,0,3,5
2022-09-01T07:45:00-00:00,2022-09-01T08:00:00-00:00,2022-09-01,01,BARTON_1_N008,BARTON_1_N008,BARTON_1_N008,RTPD,MGHG,LMP_GHG_PRC,BARTON_1_N008,ALL,1,0,4,5
2022-09-01T08:45:00-00:00,2022-09-01T09:00:00-00:00,2022-09-01,02,BARTON_1_N008,BARTON_1_N008,BARTON_1_N008,RTPD,MGHG,LMP_GHG_PRC,BARTON_1_N008,ALL,1,0,4,5
2022-09-01T09:45:00-00:00,2022-09-01T10:00:00-00:00,2022-09-01,03,BARTON_1_N008,BARTON_1_N008,BARTON_1_N008,RTPD,MGHG,LMP_GHG_PRC,BARTON_1_N008,ALL,1,0,4,5
2022-09-01T10:45:00-00:00,2022-09-01T11:00:00-00:00,2022-09-01,04,BARTON_1_N008,BARTON_1_N008,BARTON_1_N008,RTPD,MGHG,LMP_GHG_PRC,BARTON_1_N008,ALL,1,0,4,5
2022-09-01T11:45:00-00:00,2022-09-01T12:00:00-00:00,2022-09-01,05,BARTON_1_N008,BARTON_1_N008,BARTON_1_N008,RTPD,MGHG,LMP_GHG_PRC,BARTON_1_N008,ALL,1,0,4,5
2022-09-01T12:45:00-00:00,2022-09-01T13:00:00-00:00,2022-09-01,06,BARTON_1_N008,BARTON_1_N008,BARTON_1_N008,RTPD,MGHG,LMP_GHG_PRC,BARTON_1_N008,ALL,1,0,4,5
2022-09-01T13:45:00-00:00,2022-09-01T14:00:00-00:00,2022-09-01,07,BARTON_1_N008,BARTON_1_N008,BARTON_1_N008,RTPD,MGHG,LMP_GHG_PRC,BARTON_1_N008,ALL,1,0,4,5
2022-09-01T14:45:00-00:00,2022-09-01T15:00:00-00:00,2022-09-01,08,BARTON_1_N008,BARTON_1_N008,BARTON_1_N008,RTPD,MGHG,LMP_GHG_PRC,BARTON_1_N008,ALL,1,0,4,5
2022-09-01T15:45:00-00:00,2022-09-01T16:00:00-00:00,2022-09-01,09,BARTON_1_N008,BARTON_1_N008,BARTON_1_N008,RTPD,MGHG,LMP_GHG_PRC,BARTON_1_N008,ALL,1,0,4,5
2022-09-01T16:45:00-00:00,2022-09-01T17:00:00-00:00,2022-09-01,10,BARTON_1_N008,BARTON_1_N008,BARTON_1_N008,RTPD,MGHG,LMP_GHG_PRC,BARTON_1_N008,ALL,1,0,4,5
2022-09-01T17:45:00-00:00,2022-09-01T18:00:00-00:00,2022-09-01,11,BARTON_1_N008,BARTON_1_N008,BARTON_1_N008,RTPD,MGHG,LMP_GHG_PRC,BARTON_1_N008,ALL,1,0,4,5
2022-09-01T18:45:00-00:00,2022-09-01T19:00:00-00:00,2022-09-01,12,BARTON_1_N008,BARTON_1_N008,BARTON_1_N008,RTPD,MGHG,LMP_GHG_PRC,BARTON_1_N008,ALL,1,0,4,5
2022-09-01T19:45:00-00:00,2022-09-01T20:00:00-00:00,2022-09-01,13,BARTON_1_N008,BARTON_1_N008,BARTON_1_N008,RTPD,MGHG,LMP_GHG_PRC,BARTON_1_N008,ALL,1,0,4,5
2022-09-01T20:45:00-00:00,2022-09-01T21:00:00-00:00,2022-09-01,14,BARTON_1_N008,BARTON_1_N008,BARTON_1_N008,RTPD,MGHG,LMP_GHG_PRC,BARTON_1_N008,ALL,1,0,4,5
2022-09-01T21:45:00-00:00,2022-09-01T22:00:00-00:00,2022-09-01,15,BARTON_1_N008,BARTON_1_N008,BARTON_1_N008,RTPD,MGHG,LMP_GHG_PRC,BARTON_1_N008,ALL,1,0,4,5
2022-09-01T22:45:00-00:00,2022-09-01T23:00:00-00:00,2022-09-01,16,BARTON_1_N008,BARTON_1_N008,BARTON_1_N008,RTPD,MGHG,LMP_GHG_PRC,BARTON_1_N008,ALL,1,0,4,5
2022-09-01T23:45:00-00:00,2022-09-02T00:00:00-00:00,2022-09-01,17,BARTON_1_N008,BARTON_1_N008,BARTON_1_N008,RTPD,MGHG,LMP_GHG_PRC,BARTON_1_N008,ALL,1,0,4,5
2022-09-02T00:45:00-00:00,2022-09-02T01:00:00-00:00,2022-09-01,18,BARTON_1_N008,BARTON_1_N008,BARTON_1_N008,RTPD,MGHG,LMP_GHG_PRC,BARTON_1_N008,ALL,1,0,4,5
2022-09-02T01:45:00-00:00,2022-09-02T02:00:00-00:00,2022-09-01,19,BARTON_1_N008,BARTON_1_N008,BARTON_1_N008,RTPD,MGHG,LMP_GHG_PRC,BARTON_1_N008,ALL,1,0,4,5
2022-09-02T02:45:00-00:00,2022-09-02T03:00:00-00:00,2022-09-01,20,BARTON_1_N008,BARTON_1_N008,BARTON_1_N008,RTPD,MGHG,LMP_GHG_PRC,BARTON_1_N008,ALL,1,0,4,5
2022-09-02T03:45:00-00:00,2022-09-02T04:00:00-00:00,2022-09-01,21,BARTON_1_N008,BARTON_1_N008,BARTON_1_N008,RTPD,MGHG,LMP_GHG_PRC,BARTON_1_N008,ALL,1,0,4,5
2022-09-02T04:45:00-00:00,2022-09-02T05:00:00-00:00,2022-09-01,22,BARTON_1_N008,BARTON_1_N008,BARTON_1_N008,RTPD,MGHG,LMP_GHG_PRC,BARTON_1_N008,ALL,1,0,4,5
2022-09-02T05:45:00-00:00,2022-09-02T06:00:00-00:00,2022-09-01,23,BARTON_1_N008,BARTON_1_N008,BARTON_1_N008,RTPD,MGHG,LMP_GHG_PRC,BARTON_1_N008,ALL,1,0,4,5
2022-09-02T06:45:00-00:00,2022-09-02T07:00:00-00:00,2022-09-01,24,BARTON_1_N008,BARTON_1_N008,BARTON_1_N008,RTPD,MGHG,LMP_GHG_PRC,BARTON_1_N008,ALL,1,0,4,5
