INTERVALSTARTTIME_GMT,INTERVALENDTIME_GMT,OPR_DT,OPR_HR,NODE_ID_XML,NODE_ID,NODE,MARKET_RUN_ID,LMP_TYPE,XML_DATA_ITEM,PNODE_RESMRID,GRP_TYPE,POS,PRC,OPR_INTERVAL,GROUP
2022-09-01T07:00:00-00:00,2022-09-01T07:15:00-00:00,2022-09-01,01,BELEN_1_LALUZGNODE,BELEN_1_LALUZGNODE,BELEN_1_LALUZGNODE,RTPD,LMP,LMP_PRC,BELEN_1_LALUZGNODE,ALL,1,108.96563,1,1
2022-09-01T08:00:00-00:00,2022-09-01T08:15:00-00:00,2022-09-01,02,BELEN_1_LALUZGNODE,BELEN_1_LALUZGNODE,BELEN_1_LALUZGNODE,RTPD,LMP,LMP_PRC,BELEN_1_LALUZGNODE,ALL,1,103.62112,1,1
2022-09-01T09:00:00-00:00,2022-09-01T09:15:00-00:00,2022-09-01,03,BELEN_1_LALUZGNODE,BELEN_1_LALUZGNODE,BELEN_1_LALUZGNODE,RTPD,LMP,LMP_PRC,BELEN_1_LALUZGNODE,ALL,1,90.83488,1,1
2022-09-01T10:00:00-00:00,2022-09-01T10:15:00-00:00,2022-09-01,04,BELEN_1_LALUZGNODE,BELEN_1_LALUZGNODE,BELEN_1_LALUZGNODE,RTPD,LMP,LMP_PRC,BELEN_1_LALUZGNODE,ALL,1,88.77014,1,1
2022-09-01T11:00:00-00:00,2022-09-01T11:15:00-00:00,2022-09-01,05,BELEN_1_LALUZGNODE,BELEN_1_LALUZGNODE,BELEN_1_LALUZGNODE,RTPD,LMP,LMP_PRC,BELEN_1_LALUZGNODE,ALL,1,89.70081,1,1
2022-09-01T12:00:00-00:00,2022-09-01T12:15:00-00:00,2022-09-01,06,BELEN_1_LALUZGNODE,BELEN_1_LALUZGNODE,BELEN_1_LALUZGNODE,RTPD,LMP,LMP_PRC,BELEN_1_LALUZGNODE,ALL,1,90.65133,1,1
2022-09-01T13:00:00-00:00,2022-09-01T13:15:00-00:00,2022-09-01,07,BELEN_1_LALUZGNODE,BELEN_1_LALUZGNODE,BELEN_1_LALUZGNODE,RTPD,LMP,LMP_PRC,BELEN_1_LALUZGNODE,ALL,1,96.263,1,1
2022-09-01T14:00:00-00:00,2022-09-01T14:15:00-00:00,2022-09-01,08,BELEN_1_LALUZGNODE,BELEN_1_LALUZGNODE,BELEN_1_LALUZGNODE,RTPD,LMP,LMP_PRC,BELEN_1_LALUZGNODE,ALL,1,75.19248,1,1
2022-09-01T15:00:00-00:00,2022-09-01T15:15:00-00:00,2022-09-01,09,BELEN_1_LALUZGNODE,BELEN_1_LALUZGNODE,BELEN_1_LALUZGNODE,RTPD,LMP,LMP_PRC,BELEN_1_LALUZGNODE,ALL,1,39.56495,1,1
2022-09-01T16:00:00-00:00,2022-09-01T16:15:00-00:00,2022-09-01,10,BELEN_1_LALUZGNODE,BELEN_1_LALUZGNODE,BELEN_1_LALUZGNODE,RTPD,LMP,LMP_PRC,BELEN_1_LALUZGNODE,ALL,1,36.08823,1,1
2022-09-01T17:00:00-00:00,2022-09-01T17:15:00-00:00,2022-09-01,11,BELEN_1_LALUZGNODE,BELEN_1_LALUZGNODE,BELEN_1_LALUZGNODE,RTPD,LMP,LMP_PRC,BELEN_1_LALUZGNODE,ALL,1,66.35207,1,1
2022-09-01T18:00:00-00:00,2022-09-01T18:15:00-00:00,2022-09-01,12,BELEN_1_LALUZGNODE,BELEN_1_LALUZGNODE,BELEN_1_LALUZGNODE,RTPD,LMP,LMP_PRC,BELEN_1_LALUZGNODE,ALL,1,65.50291,1,1
2022-09-01T19:00:00-00:00,2022-09-01T19:15:00-00:00,2022-09-01,13,BELEN_1_LALUZGNODE,BELEN_1_LALUZGNODE,BELEN_1_LALUZGNODE,RTPD,LMP,LMP_PRC,BELEN_1_LALUZGNODE,ALL,1,62.28633,1,1
2022-09-01T20:00:00-00:00,2022-09-01T20:15:00-00:00,2022-09-01,14,BELEN_1_LALUZGNODE,BELEN_1_LALUZGNODE,BELEN_1_LALUZGNODE,RTPD,LMP,LMP_PRC,BELEN_1_LALUZGNODE,ALL,1,93.49409,1,1
2022-09-01T21:00:00-00:00,2022-09-01T21:15:00-00:00,2022-09-01,15,BELEN_1_LALUZGNODE,BELEN_1_LALUZGNODE,BELEN_1_LALUZGNODE,RTPD,LMP,LMP_PRC,BELEN_1_LALUZGNODE,ALL,1,77.79,1,1
2022-09-01T22:00:00-00:00,2022-09-01T22:15:00-00:00,2022-09-01,16,BELEN_1_LALUZGNODE,BELEN_1_LALUZGNODE,BELEN_1_LALUZGNODE,RTPD,LMP,LMP_PRC,BELEN_1_LALUZGNODE,ALL,1,130.4646,1,1
2022-09-01T23:00:00-00:00,2022-09-01T23:15:00-00:00,2022-09-01,17,BELEN_1_LALUZGNODE,BELEN_1_LALUZGNODE,BELEN_1_LALUZGNODE,RTPD,LMP,LMP_PRC,BELEN_1_LALUZGNODE,ALL,1,179.50389,1,1
2022-09-02T00:00:00-00:00,2022-09-02T00:15:00-00:00,2022-09-01,18,BELEN_1_LALUZGNODE,BELEN_1_LALUZGNODE,BELEN_1_LALUZGNODE,RTPD,LMP,LMP_PRC,BELEN_1_LALUZGNODE,ALL,1,527.6737,1,1
2022-09-02T01:00:00-00:00,2022-09-02T01:15:00-00:00,2022-09-01,19,BELEN_1_LALUZGNODE,BELEN_1_LALUZGNODE,BELEN_1_LALUZGNODE,RTPD,LMP,LMP_PRC,BELEN_1_LALUZGNODE,ALL,1,955.888,1,1
2022-09-02T02:00:00-00:00,2022-09-02T02:15:00-00:00,2022-09-01,20,BELEN_1_LALUZGNODE,BELEN_1_LALUZGNODE,BELEN_1_LALUZGNODE,RTPD,LMP,LMP_PRC,BELEN_1_LALUZGNODE,ALL,1,1891.0966,1,1
2022-09-02T03:00:00-00:00,2022-09-02T03:15:00-00:00,2022-09-01,21,BELEN_1_LALUZGNODE,BELEN_1_LALUZGNODE,BELEN_1_LALUZGNODE,RTPD,LMP,LMP_PRC,BELEN_1_LALUZGNODE,ALL,1,136.66057,1,1
2022-09-02T04:00:00-00:00,2022-09-02T04:15:00-00:00,2022-09-01,22,BELEN_1_LALUZGNODE,BELEN_1_LALUZGNODE,BELEN_1_LALUZGNODE,RTPD,LMP,LMP_PRC,BELEN_1_LALUZGNODE,ALL,1,-29.89613,1,1
2022-09-02T05:00:00-00:00,2022-09-02T05:15:00-00:00,2022-09-01,23,BELEN_1_LALUZGNODE,BELEN_1_LALUZGNODE,BELEN_1_LALUZGNODE,RTPD,LMP,LMP_PRC,BELEN_1_LALUZGNODE,ALL,1,-22.94588,1,1
2022-09-02T06:00:00-00:00,2022-09-02T06:15:00-00:00,2022-09-01,24,BELEN_1_LALUZGNODE,BELEN_1_LALUZGNODE,BELEN_1_LALUZGNODE,RTPD,LMP,LMP_PRC,BELEN_1_LALUZGNODE,ALL,1,22.35979,1,1
2022-09-01T07:15:00-00:00,2022-09-01T07:30:00-00:00,2022-09-01,01,BELEN_1_LALUZGNODE,BELEN_1_LALUZGNODE,BELEN_1_LALUZGNODE,RTPD,LMP,LMP_PRC,BELEN_1_LALUZGNODE,ALL,1,118.2841,2,1
2022-09-01T08:15:00-00:00,2022-09-01T08:30:00-00:00,2022-09-01,02,BELEN_1_LALUZGNODE,BELEN_1_LALUZGNODE,BELEN_1_LALUZGNODE,RTPD,LMP,LMP_PRC,BELEN_1_LALUZGNODE,ALL,1,101.38104,2,1
2022-09-01T09:15:00-00:00,2022-09-01T09:30:00-00:00,2022-09-01,03,BELEN_1_LALUZGNODE,BELEN_1_LALUZGNODE,BELEN_1_LALUZGNODE,RTPD,LMP,LMP_PRC,BELEN_1_LALUZGNODE,ALL,1,90.37783,2,1
2022-09-01T10:15:00-00:00,2022-09-01T10:30:00-00:00,2022-09-01,04,BELEN_1_LALUZGNODE,BELEN_1_LALUZGNODE,BELEN_1_LALUZGNODE,RTPD,LMP,LMP_PRC,BELEN_1_LALUZGNODE,ALL,1,87.82651,2,1
2022-09-01T11:15:00-00:00,2022-09-01T11:30:00-00:00,2022-09-01,05,BELEN_1_LALUZGNODE,BELEN_1_LALUZGNODE,BELEN_1_LALUZGNODE,RTPD,LMP,LMP_PRC,BELEN_1_LALUZGNODE,ALL,1,89.94419,2,1
2022-09-01T12:15:00-00:00,2022-09-01T12:30:00-00:00,2022-09-01,06,BELEN_1_LALUZGNODE,BELEN_1_LALUZGNODE,BELEN_1_LALUZGNODE,RTPD,LMP,LMP_PRC,BELEN_1_LALUZGNODE,ALL,1,99.16187,2,1
2022-09-01T13:15:00-00:00,2022-09-01T13:30:00-00:00,2022-09-01,07,BELEN_1_LALUZGNODE,BELEN_1_LALUZGNODE,BELEN_1_LALUZGNODE,RTPD,LMP,LMP_PRC,BELEN_1_LALUZGNODE,ALL,1,97.92612,2,1
2022-09-01T14:15:00-00:00,2022-09-01T14:30:00-00:00,2022-09-01,08,BELEN_1_LALUZGNODE,BELEN_1_LALUZGNODE,BELEN_1_LALUZGNODE,RTPD,LMP,LMP_PRC,BELEN_1_LALUZGNODE,ALL,1,65.2409,2,1
2022-09-01T15:15:00-00:00,2022-09-01T15:30:00-00:00,2022-09-01,09,BELEN_1_LALUZGNODE,BELEN_1_LALUZGNODE,BELEN_1_LALUZGNODE,RTPD,LMP,LMP_PRC,BELEN_1_LALUZGNODE,ALL,1,26.45537,2,1
2022-09-01T16:15:00-00:00,2022-09-01T16:30:00-00:00,2022-09-01,10,BELEN_1_LALUZGNODE,BELEN_1_LALUZGNODE,BELEN_1_LALUZGNODE,RTPD,LMP,LMP_PRC,BELEN_1_LALUZGNODE,ALL,1,45.88726,2,1
2022-09-01T17:15:00-00:00,2022-09-01T17:30:00-00:00,2022-09-01,11,BELEN_1_LALUZGNODE,BELEN_1_LALUZGNODE,BELEN_1_LALUZGNODE,RTPD,LMP,LMP_PRC,BELEN_1_LALUZGNODE,ALL,1,69.09942,2,1
2022-09-01T18:15:00-00:00,2022-09-01T18:30:00-00:00,2022-09-01,12,BELEN_1_LALUZGNODE,BELEN_1_LALUZGNODE,BELEN_1_LALUZGNODE,RTPD,LMP,LMP_PRC,BELEN_1_LALUZGNODE,ALL,1,64.82034,2,1
2022-09-01T19:15:00-00:00,2022-09-01T19:30:00-00:00,2022-09-01,13,BELEN_1_LALUZGNODE,BELEN_1_LALUZGNODE,BELEN_1_LALUZGNODE,RTPD,LMP,LMP_PRC,BELEN_1_LALUZGNODE,ALL,1,77.33755,2,1
2022-09-01T20:15:00-00:00,2022-09-01T20:30:00-00:00,2022-09-01,14,BELEN_1_LALUZGNODE,BELEN_1_LALUZGNODE,BELEN_1_LALUZGNODE,RTPD,LMP,LMP_PRC,BELEN_1_LALUZGNODE,ALL,1,100.75557,2,1
2022-09-01T21:15:00-00:00,2022-09-01T21:30:00-00:00,2022-09-01,15,BELEN_1_LALUZGNODE,BELEN_1_LALUZGNODE,BELEN_1_LALUZGNODE,RTPD,LMP,LMP_PRC,BELEN_1_LALUZGNODE,ALL,1,103.53543,2,1
2022-09-01T22:15:00-00:00,2022-09-01T22:30:00-00:00,2022-09-01,16,BELEN_1_LALUZGNODE,BELEN_1_LALUZGNODE,BELEN_1_LALUZGNODE,RTPD,LMP,LMP_PRC,BELEN_1_LALUZGNODE,ALL,1,151.66856,2,1
2022-09-01T23:15:00-00:00,2022-09-01T23:30:00-00:00,2022-09-01,17,BELEN_1_LALUZGNODE,BELEN_1_LALUZGNODE,BELEN_1_LALUZGNODE,RTPD,LMP,LMP_PRC,BELEN_1_LALUZGNODE,ALL,1,166.53853,2,1
2022-09-02T00:15:00-00:00,2022-09-02T00:30:00-00:00,2022-09-01,18,BELEN_1_LALUZGNODE,BELEN_1_LALUZGNODE,BELEN_1_LALUZGNODE,RTPD,LMP,LMP_PRC,BELEN_1_LALUZGNODE,ALL,1,476.33755,2,1
2022-09-02T01:15:00-00:00,2022-09-02T01:30:00-00:00,2022-09-01,19,BELEN_1_LALUZGNODE,BELEN_1_LALUZGNODE,BELEN_1_LALUZGNODE,RTPD,LMP,LMP_PRC,BELEN_1_LALUZGNODE,ALL,1,1867.3993,2,1
2022-09-02T02:15:00-00:00,2022-09-02T02:30:00-00:00,2022-09-01,20,BELEN_1_LALUZGNODE,BELEN_1_LALUZGNODE,BELEN_1_LALUZGNODE,RTPD,LMP,LMP_PRC,BELEN_1_LALUZGNODE,ALL,1,1974.5098,2,1
2022-09-02T03:15:00-00:00,2022-09-02T03:30:00-00:00,2022-09-01,21,BELEN_1_LALUZGNODE,BELEN_1_LALUZGNODE,BELEN_1_LALUZGNODE,RTPD,LMP,LMP_PRC,BELEN_1_LALUZGNODE,ALL,1,121.74379,2,1
2022-09-02T04:15:00-00:00,2022-09-02T04:30:00-00:00,2022-09-01,22,BELEN_1_LALUZGNODE,BELEN_1_LALUZGNODE,BELEN_1_LALUZGNODE,RTPD,LMP,LMP_PRC,BELEN_1_LALUZGNODE,ALL,1,-24.37486,2,1
2022-09-02T05:15:00-00:00,2022-09-02T05:30:00-00:00,2022-09-01,23,BELEN_1_LALUZGNODE,BELEN_1_LALUZGNODE,BELEN_1_LALUZGNODE,RTPD,LMP,LMP_PRC,BELEN_1_LALUZGNODE,ALL,1,-39.78203,2,1
2022-09-02T06:15:00-00:00,2022-09-02T06:30:00-00:00,2022-09-01,24,BELEN_1_LALUZGNODE,BELEN_1_LALUZGNODE,BELEN_1_LALUZGNODE,RTPD,LMP,LMP_PRC,BELEN_1_LALUZGNODE,ALL,1,64.43312,2,1
2022-09-01T07:30:00-00:00,2022-09-01T07:45:00-00:00,2022-09-01,01,BELEN_1_LALUZGNODE,BELEN_1_LALUZGNODE,BELEN_1_LALUZGNODE,RTPD,LMP,LMP_PRC,BELEN_1_LALUZGNODE,ALL,1,115.22802,3,1
2022-09-01T08:30:00-00:00,2022-09-01T08:45:00-00:00,2022-09-01,02,BELEN_1_LALUZGNODE,BELEN_1_LALUZGNODE,BELEN_1_LALUZGNODE,RTPD,LMP,LMP_PRC,BELEN_1_LALUZGNODE,ALL,1,96.82144,3,1
2022-09-01T09:30:00-00:00,2022-09-01T09:45:00-00:00,2022-09-01,03,BELEN_1_LALUZGNODE,BELEN_1_LALUZGNODE,BELEN_1_LALUZGNODE,RTPD,LMP,LMP_PRC,BELEN_1_LALUZGNODE,ALL,1,89.6931,3,1
2022-09-01T10:30:00-00:00,2022-09-01T10:45:00-00:00,2022-09-01,04,BELEN_1_LALUZGNODE,BELEN_1_LALUZGNODE,BELEN_1_LALUZGNODE,RTPD,LMP,LMP_PRC,BELEN_1_LALUZGNODE,ALL,1,85.60393,3,1
2022-09-01T11:30:00-00:00,2022-09-01T11:45:00-00:00,2022-09-01,05,BELEN_1_LALUZGNODE,BELEN_1_LALUZGNODE,BELEN_1_LALUZGNODE,RTPD,LMP,LMP_PRC,BELEN_1_LALUZGNODE,ALL,1,89.02859,3,1
2022-09-01T12:30:00-00:00,2022-09-01T12:45:00-00:00,2022-09-01,06,BELEN_1_LALUZGNODE,BELEN_1_LALUZGNODE,BELEN_1_LALUZGNODE,RTPD,LMP,LMP_PRC,BELEN_1_LALUZGNODE,ALL,1,107.22617,3,1
2022-09-01T13:30:00-00:00,2022-09-01T13:45:00-00:00,2022-09-01,07,BELEN_1_LALUZGNODE,BELEN_1_LALUZGNODE,BELEN_1_LALUZGNODE,RTPD,LMP,LMP_PRC,BELEN_1_LALUZGNODE,ALL,1,94.54357,3,1
2022-09-01T14:30:00-00:00,2022-09-01T14:45:00-00:00,2022-09-01,08,BELEN_1_LALUZGNODE,BELEN_1_LALUZGNODE,BELEN_1_LALUZGNODE,RTPD,LMP,LMP_PRC,BELEN_1_LALUZGNODE,ALL,1,68.55105,3,1
2022-09-01T15:30:00-00:00,2022-09-01T15:45:00-00:00,2022-09-01,09,BELEN_1_LALUZGNODE,BELEN_1_LALUZGNODE,BELEN_1_LALUZGNODE,RTPD,LMP,LMP_PRC,BELEN_1_LALUZGNODE,ALL,1,14.16845,3,1
2022-09-01T16:30:00-00:00,2022-09-01T16:45:00-00:00,2022-09-01,10,BELEN_1_LALUZGNODE,BELEN_1_LALUZGNODE,BELEN_1_LALUZGNODE,RTPD,LMP,LMP_PRC,BELEN_1_LALUZGNODE,ALL,1,61.33432,3,1
2022-09-01T17:30:00-00:00,2022-09-01T17:45:00-00:00,2022-09-01,11,BELEN_1_LALUZGNODE,BELEN_1_LALUZGNODE,BELEN_1_LALUZGNODE,RTPD,LMP,LMP_PRC,BELEN_1_LALUZGNODE,ALL,1,72.45709,3,1
2022-09-01T18:30:00-00:00,2022-09-01T18:45:00-00:00,2022-09-01,12,BELEN_1_LALUZGNODE,BELEN_1_LALUZGNODE,BELEN_1_LALUZGNODE,RTPD,LMP,LMP_PRC,BELEN_1_LALUZGNODE,ALL,1,72.37811,3,1
2022-09-01T19:30:00-00:00,2022-09-01T19:45:00-00:00,2022-09-01,13,BELEN_1_LALUZGNODE,BELEN_1_LALUZGNODE,BELEN_1_LALUZGNODE,RTPD,LMP,LMP_PRC,BELEN_1_LALUZGNODE,ALL,1,77.2713,3,1
2022-09-01T20:30:00-00:00,2022-09-01T20:45:00-00:00,2022-09-01,14,BELEN_1_LALUZGNODE,BELEN_1_LALUZGNODE,BELEN_1_LALUZGNODE,RTPD,LMP,LMP_PRC,BELEN_1_LALUZGNODE,ALL,1,117.66022,3,1
2022-09-01T21:30:00-00:00,2022-09-01T21:45:00-00:00,2022-09-01,15,BELEN_1_LALUZGNODE,BELEN_1_LALUZGNODE,BELEN_1_LALUZGNODE,RTPD,LMP,LMP_PRC,BELEN_1_LALUZGNODE,ALL,1,100.90074,3,1
2022-09-01T22:30:00-00:00,2022-09-01T22:45:00-00:00,2022-09-01,16,BELEN_1_LALUZGNODE,BELEN_1_LALUZGNODE,BELEN_1_LALUZGNODE,RTPD,LMP,LMP_PRC,BELEN_1_LALUZGNODE,ALL,1,151.08331,3,1
2022-09-01T23:30:00-00:00,2022-09-01T23:45:00-00:00,2022-09-01,17,BELEN_1_LALUZGNODE,BELEN_1_LALUZGNODE,BELEN_1_LALUZGNODE,RTPD,LMP,LMP_PRC,BELEN_1_LALUZGNODE,ALL,1,226.88234,3,1
2022-09-02T00:30:00-00:00,2022-09-02T00:45:00-00:00,2022-09-01,18,BELEN_1_LALUZGNODE,BELEN_1_LALUZGNODE,BELEN_1_LALUZGNODE,RTPD,LMP,LMP_PRC,BELEN_1_LALUZGNODE,ALL,1,1292.5051,3,1
2022-09-02T01:30:00-00:00,2022-09-02T01:45:00-00:00,2022-09-01,19,BELEN_1_LALUZGNODE,BELEN_1_LALUZGNODE,BELEN_1_LALUZGNODE,RTPD,LMP,LMP_PRC,BELEN_1_LALUZGNODE,ALL,1,1959.2642,3,1
2022-09-02T02:30:00-00:00,2022-09-02T02:45:00-00:00,2022-09-01,20,BELEN_1_LALUZGNODE,BELEN_1_LALUZGNODE,BELEN_1_LALUZGNODE,RTPD,LMP,LMP_PRC,BELEN_1_LALUZGNODE,ALL,1,1965.7886,3,1
2022-09-02T03:30:00-00:00,2022-09-02T03:45:00-00:00,2022-09-01,21,BELEN_1_LALUZGNODE,BELEN_1_LALUZGNODE,BELEN_1_LALUZGNODE,RTPD,LMP,LMP_PRC,BELEN_1_LALUZGNODE,ALL,1,91.42761,3,1
2022-09-02T04:30:00-00:00,2022-09-02T04:45:00-00:00,2022-09-01,22,BELEN_1_LALUZGNODE,BELEN_1_LALUZGNODE,BELEN_1_LALUZGNODE,RTPD,LMP,LMP_PRC,BELEN_1_LALUZGNODE,ALL,1,-17.50645,3,1
2022-09-02T05:30:00-00:00,2022-09-02T05:45:00-00:00,2022-09-01,23,BELEN_1_LALUZGNODE,BELEN_1_LALUZGNODE,BELEN_1_LALUZGNODE,RTPD,LMP,LMP_PRC,BELEN_1_LALUZGNODE,ALL,1,-28.38515,3,1
2022-09-02T06:30:00-00:00,2022-09-02T06:45:00-00:00,2022-09-01,24,BELEN_1_LALUZGNODE,BELEN_1_LALUZGNODE,BELEN_1_LALUZGNODE,RTPD,LMP,LMP_PRC,BELEN_1_LALUZGNODE,ALL,1,-21.43266,3,1
2022-09-01T07:45:00-00:00,2022-09-01T08:00:00-00:00,2022-09-01,01,BELEN_1_LALUZGNODE,BELEN_1_LALUZGNODE,BELEN_1_LALUZGNODE,RTPD,LMP,LMP_PRC,BELEN_1_LALUZGNODE,ALL,1,107.26751,4,1
2022-09-01T08:45:00-00:00,2022-09-01T09:00:00-00:00,2022-09-01,02,BELEN_1_LALUZGNODE,BELEN_1_LALUZGNODE,BELEN_1_LALUZGNODE,RTPD,LMP,LMP_PRC,BELEN_1_LALUZGNODE,ALL,1,87.7988,4,1
2022-09-01T09:45:00-00:00,2022-09-01T10:00:00-00:00,2022-09-01,03,BELEN_1_LALUZGNODE,BELEN_1_LALUZGNODE,BELEN_1_LALUZGNODE,RTPD,LMP,LMP_PRC,BELEN_1_LALUZGNODE,ALL,1,88.72198,4,1
2022-09-01T10:45:00-00:00,2022-09-01T11:00:00-00:00,2022-09-01,04,BELEN_1_LALUZGNODE,BELEN_1_LALUZGNODE,BELEN_1_LALUZGNODE,RTPD,LMP,LMP_PRC,BELEN_1_LALUZGNODE,ALL,1,83.51134,4,1
2022-09-01T11:45:00-00:00,2022-09-01T12:00:00-00:00,2022-09-01,05,BELEN_1_LALUZGNODE,BELEN_1_LALUZGNODE,BELEN_1_LALUZGNODE,RTPD,LMP,LMP_PRC,BELEN_1_LALUZGNODE,ALL,1,92.2168,4,1
2022-09-01T12:45:00-00:00,2022-09-01T13:00:00-00:00,2022-09-01,06,BELEN_1_LALUZGNODE,BELEN_1_LALUZGNODE,BELEN_1_LALUZGNODE,RTPD,LMP,LMP_PRC,BELEN_1_LALUZGNODE,ALL,1,103.3424,4,1
2022-09-01T13:45:00-00:00,2022-09-01T14:00:00-00:00,2022-09-01,07,BELEN_1_LALUZGNODE,BELEN_1_LALUZGNODE,BELEN_1_LALUZGNODE,RTPD,LMP,LMP_PRC,BELEN_1_LALUZGNODE,ALL,1,88.7785,4,1
2022-09-01T14:45:00-00:00,2022-09-01T15:00:00-00:00,2022-09-01,08,BELEN_1_LALUZGNODE,BELEN_1_LALUZGNODE,BELEN_1_LALUZGNODE,RTPD,LMP,LMP_PRC,BELEN_1_LALUZGNODE,ALL,1,57.70853,4,1
2022-09-01T15:45:00-00:00,2022-09-01T16:00:00-00:00,2022-09-01,09,BELEN_1_LALUZGNODE,BELEN_1_LALUZGNODE,BELEN_1_LALUZGNODE,RTPD,LMP,LMP_PRC,BELEN_1_LALUZGNODE,ALL,1,36.64889,4,1
2022-09-01T16:45:00-00:00,2022-09-01T17:00:00-00:00,2022-09-01,10,BELEN_1_LALUZGNODE,BELEN_1_LALUZGNODE,BELEN_1_LALUZGNODE,RTPD,LMP,LMP_PRC,BELEN_1_LALUZGNODE,ALL,1,63.12716,4,1
2022-09-01T17:45:00-00:00,2022-09-01T18:00:00-00:00,2022-09-01,11,BELEN_1_LALUZGNODE,BELEN_1_LALUZGNODE,BELEN_1_LALUZGNODE,RTPD,LMP,LMP_PRC,BELEN_1_LALUZGNODE,ALL,1,70.32196,4,1
2022-09-01T18:45:00-00:00,2022-09-01T19:00:00-00:00,2022-09-01,12,BELEN_1_LALUZGNODE,BELEN_1_LALUZGNODE,BELEN_1_LALUZGNODE,RTPD,LMP,LMP_PRC,BELEN_1_LALUZGNODE,ALL,1,71.91845,4,1
2022-09-01T19:45:00-00:00,2022-09-01T20:00:00-00:00,2022-09-01,13,BELEN_1_LALUZGNODE,BELEN_1_LALUZGNODE,BELEN_1_LALUZGNODE,RTPD,LMP,LMP_PRC,BELEN_1_LALUZGNODE,ALL,1,82.3956,4,1
2022-09-01T20:45:00-00:00,2022-09-01T21:00:00-00:00,2022-09-01,14,BELEN_1_LALUZGNODE,BELEN_1_LALUZGNODE,BELEN_1_LALUZGNODE,RTPD,LMP,LMP_PRC,BELEN_1_LALUZGNODE,ALL,1,114.19744,4,1
2022-09-01T21:45:00-00:00,2022-09-01T22:00:00-00:00,2022-09-01,15,BELEN_1_LALUZGNODE,BELEN_1_LALUZGNODE,BELEN_1_LALUZGNODE,RTPD,LMP,LMP_PRC,BELEN_1_LALUZGNODE,ALL,1,145.38261,4,1
2022-09-01T22:45:00-00:00,2022-09-01T23:00:00-00:00,2022-09-01,16,BELEN_1_LALUZGNODE,BELEN_1_LALUZGNODE,BELEN_1_LALUZGNODE,RTPD,LMP,LMP_PRC,BELEN_1_LALUZGNODE,ALL,1,248.34933,4,1
2022-09-01T23:45:00-00:00,2022-09-02T00:00:00-00:00,2022-09-01,17,BELEN_1_LALUZGNODE,BELEN_1_LALUZGNODE,BELEN_1_LALUZGNODE,RTPD,LMP,LMP_PRC,BELEN_1_LALUZGNODE,ALL,1,888.8742,4,1
2022-09-02T00:45:00-00:00,2022-09-02T01:00:00-00:00,2022-09-01,18,BELEN_1_LALUZGNODE,BELEN_1_LALUZGNODE,BELEN_1_LALUZGNODE,RTPD,LMP,LMP_PRC,BELEN_1_LALUZGNODE,ALL,1,770.64136,4,1
2022-09-02T01:45:00-00:00,2022-09-02T02:00:00-00:00,2022-09-01,19,BELEN_1_LALUZGNODE,BELEN_1_LALUZGNODE,BELEN_1_LALUZGNODE,RTPD,LMP,LMP_PRC,BELEN_1_LALUZGNODE,ALL,1,1976.3213,4,1
2022-09-02T02:45:00-00:00,2022-09-02T03:00:00-00:00,2022-09-01,20,BELEN_1_LALUZGNODE,BELEN_1_LALUZGNODE,BELEN_1_LALUZGNODE,RTPD,LMP,LMP_PRC,BELEN_1_LALUZGNODE,ALL,1,704.73816,4,1
2022-09-02T03:45:00-00:00,2022-09-02T04:00:00-00:00,2022-09-01,21,BELEN_1_LALUZGNODE,BELEN_1_LALUZGNODE,BELEN_1_LALUZGNODE,RTPD,LMP,LMP_PRC,BELEN_1_LALUZGNODE,ALL,1,55.30477,4,1
2022-09-02T04:45:00-00:00,2022-09-02T05:00:00-00:00,2022-09-01,22,BELEN_1_LALUZGNODE,BELEN_1_LALUZGNODE,BELEN_1_LALUZGNODE,RTPD,LMP,LMP_PRC,BELEN_1_LALUZGNODE,ALL,1,-32.85109,4,1
2022-09-02T05:45:00-00:00,2022-09-02T06:00:00-00:00,2022-09-01,23,BELEN_1_LALUZGNODE,BELEN_1_LALUZGNODE,BELEN_1_LALUZGNODE,RTPD,LMP,LMP_PRC,BELEN_1_LALUZGNODE,ALL,1,-65.59558,4,1
2022-09-02T06:45:00-00:00,2022-09-02T07:00:00-00:00,2022-09-01,24,BELEN_1_LALUZGNODE,BELEN_1_LALUZGNODE,BELEN_1_LALUZGNODE,RTPD,LMP,LMP_PRC,BELEN_1_LALUZGNODE,ALL,1,7.43527,4,1
2022-09-01T07:00:00-00:00,2022-09-01T07:15:00-00:00,2022-09-01,01,BELEN_1_LALUZGNODE,BELEN_1_LALUZGNODE,BELEN_1_LALUZGNODE,RTPD,MCC,LMP_CONG_PRC,BELEN_1_LALUZGNODE,ALL,1,14.93764,1,2
2022-09-01T08:00:00-00:00,2022-09-01T08:15:00-00:00,2022-09-01,02,BELEN_1_LALUZGNODE,BELEN_1_LALUZGNODE,BELEN_1_LALUZGNODE,RTPD,MCC,LMP_CONG_PRC,BELEN_1_LALUZGNODE,ALL,1,2.20233,1,2
2022-09-01T09:00:00-00:00,2022-09-01T09:15:00-00:00,2022-09-01,03,BELEN_1_LALUZGNODE,BELEN_1_LALUZGNODE,BELEN_1_LALUZGNODE,RTPD,MCC,LMP_CONG_PRC,BELEN_1_LALUZGNODE,ALL,1,2.95209,1,2
2022-09-01T10:00:00-00:00,2022-09-01T10:15:00-00:00,2022-09-01,04,BELEN_1_LALUZGNODE,BELEN_1_LALUZGNODE,BELEN_1_LALUZGNODE,RTPD,MCC,LMP_CONG_PRC,BELEN_1_LALUZGNODE,ALL,1,2.60575,1,2
2022-09-01T11:00:00-00:00,2022-09-01T11:15:00-00:00,2022-09-01,05,BELEN_1_LALUZGNODE,BELEN_1_LALUZGNODE,BELEN_1_LALUZGNODE,RTPD,MCC,LMP_CONG_PRC,BELEN_1_LALUZGNODE,ALL,1,-0.0032,1,2
2022-09-01T12:00:00-00:00,2022-09-01T12:15:00-00:00,2022-09-01,06,BELEN_1_LALUZGNODE,BELEN_1_LALUZGNODE,BELEN_1_LALUZGNODE,RTPD,MCC,LMP_CONG_PRC,BELEN_1_LALUZGNODE,ALL,1,6.84451,1,2
2022-09-01T13:00:00-00:00,2022-09-01T13:15:00-00:00,2022-09-01,07,BELEN_1_LALUZGNODE,BELEN_1_LALUZGNODE,BELEN_1_LALUZGNODE,RTPD,MCC,LMP_CONG_PRC,BELEN_1_LALUZGNODE,ALL,1,9.45422,1,2
2022-09-01T14:00:00-00:00,2022-09-01T14:15:00-00:00,2022-09-01,08,BELEN_1_LALUZGNODE,BELEN_1_LALUZGNODE,BELEN_1_LALUZGNODE,RTPD,MCC,LMP_CONG_PRC,BELEN_1_LALUZGNODE,ALL,1,-16.88133,1,2
2022-09-01T15:00:00-00:00,2022-09-01T15:15:00-00:00,2022-09-01,09,BELEN_1_LALUZGNODE,BELEN_1_LALUZGNODE,BELEN_1_LALUZGNODE,RTPD,MCC,LMP_CONG_PRC,BELEN_1_LALUZGNODE,ALL,1,-45.14625,1,2
2022-09-01T16:00:00-00:00,2022-09-01T16:15:00-00:00,2022-09-01,10,BELEN_1_LALUZGNODE,BELEN_1_LALUZGNODE,BELEN_1_LALUZGNODE,RTPD,MCC,LMP_CONG_PRC,BELEN_1_LALUZGNODE,ALL,1,-33.24702,1,2
2022-09-01T17:00:00-00:00,2022-09-01T17:15:00-00:00,2022-09-01,11,BELEN_1_LALUZGNODE,BELEN_1_LALUZGNODE,BELEN_1_LALUZGNODE,RTPD,MCC,LMP_CONG_PRC,BELEN_1_LALUZGNODE,ALL,1,-18.9669,1,2
2022-09-01T18:00:00-00:00,2022-09-01T18:15:00-00:00,2022-09-01,12,BELEN_1_LALUZGNODE,BELEN_1_LALUZGNODE,BELEN_1_LALUZGNODE,RTPD,MCC,LMP_CONG_PRC,BELEN_1_LALUZGNODE,ALL,1,-12.11,1,2
2022-09-01T19:00:00-00:00,2022-09-01T19:15:00-00:00,2022-09-01,13,BELEN_1_LALUZGNODE,BELEN_1_LALUZGNODE,BELEN_1_LALUZGNODE,RTPD,MCC,LMP_CONG_PRC,BELEN_1_LALUZGNODE,ALL,1,-32.76004,1,2
2022-09-01T20:00:00-00:00,2022-09-01T20:15:00-00:00,2022-09-01,14,BELEN_1_LALUZGNODE,BELEN_1_LALUZGNODE,BELEN_1_LALUZGNODE,RTPD,MCC,LMP_CONG_PRC,BELEN_1_LALUZGNODE,ALL,1,1.7105,1,2
2022-09-01T21:00:00-00:00,2022-09-01T21:15:00-00:00,2022-09-01,15,BELEN_1_LALUZGNODE,BELEN_1_LALUZGNODE,BELEN_1_LALUZGNODE,RTPD,MCC,LMP_CONG_PRC,BELEN_1_LALUZGNODE,ALL,1,-133.825,1,2
2022-09-01T22:00:00-00:00,2022-09-01T22:15:00-00:00,2022-09-01,16,BELEN_1_LALUZGNODE,BELEN_1_LALUZGNODE,BELEN_1_LALUZGNODE,RTPD,MCC,LMP_CONG_PRC,BELEN_1_LALUZGNODE,ALL,1,-81.3609,1,2
2022-09-01T23:00:00-00:00,2022-09-01T23:15:00-00:00,2022-09-01,17,BELEN_1_LALUZGNODE,BELEN_1_LALUZGNODE,BELEN_1_LALUZGNODE,RTPD,MCC,LMP_CONG_PRC,BELEN_1_LALUZGNODE,ALL,1,-181.08981,1,2
2022-09-02T00:00:00-00:00,2022-09-02T00:15:00-00:00,2022-09-01,18,BELEN_1_LALUZGNODE,BELEN_1_LALUZGNODE,BELEN_1_LALUZGNODE,RTPD,MCC,LMP_CONG_PRC,BELEN_1_LALUZGNODE,ALL,1,-129.251,1,2
2022-09-02T01:00:00-00:00,2022-09-02T01:15:00-00:00,2022-09-01,19,BELEN_1_LALUZGNODE,BELEN_1_LALUZGNODE,BELEN_1_LALUZGNODE,RTPD,MCC,LMP_CONG_PRC,BELEN_1_LALUZGNODE,ALL,1,64.52672,1,2
2022-09-02T02:00:00-00:00,2022-09-02T02:15:00-00:00,2022-09-01,20,BELEN_1_LALUZGNODE,BELEN_1_LALUZGNODE,BELEN_1_LALUZGNODE,RTPD,MCC,LMP_CONG_PRC,BELEN_1_LALUZGNODE,ALL,1,-84.9656,1,2
2022-09-02T03:00:00-00:00,2022-09-02T03:15:00-00:00,2022-09-01,21,BELEN_1_LALUZGNODE,BELEN_1_LALUZGNODE,BELEN_1_LALUZGNODE,RTPD,MCC,LMP_CONG_PRC,BELEN_1_LALUZGNODE,ALL,1,-689.30225,1,2
2022-09-02T04:00:00-00:00,2022-09-02T04:15:00-00:00,2022-09-01,22,BELEN_1_LALUZGNODE,BELEN_1_LALUZGNODE,BELEN_1_LALUZGNODE,RTPD,MCC,LMP_CONG_PRC,BELEN_1_LALUZGNODE,ALL,1,-259.92285,1,2
2022-09-02T05:00:00-00:00,2022-09-02T05:15:00-00:00,2022-09-01,23,BELEN_1_LALUZGNODE,BELEN_1_LALUZGNODE,BELEN_1_LALUZGNODE,RTPD,MCC,LMP_CONG_PRC,BELEN_1_LALUZGNODE,ALL,1,-182.27065,1,2
2022-09-02T06:00:00-00:00,2022-09-02T06:15:00-00:00,2022-09-01,24,BELEN_1_LALUZGNODE,BELEN_1_LALUZGNODE,BELEN_1_LALUZGNODE,RTPD,MCC,LMP_CONG_PRC,BELEN_1_LALUZGNODE,ALL,1,-112.53889,1,2
2022-09-01T07:15:00-00:00,2022-09-01T07:30:00-00:00,2022-09-01,01,BELEN_1_LALUZGNODE,BELEN_1_LALUZGNODE,BELEN_1_LALUZGNODE,RTPD,MCC,LMP_CONG_PRC,BELEN_1_LALUZGNODE,ALL,1,6.49266,2,2
2022-09-01T08:15:00-00:00,2022-09-01T08:30:00-00:00,2022-09-01,02,BELEN_1_LALUZGNODE,BELEN_1_LALUZGNODE,BELEN_1_LALUZGNODE,RTPD,MCC,LMP_CONG_PRC,BELEN_1_LALUZGNODE,ALL,1,0.59939,2,2
2022-09-01T09:15:00-00:00,2022-09-01T09:30:00-00:00,2022-09-01,03,BELEN_1_LALUZGNODE,BELEN_1_LALUZGNODE,BELEN_1_LALUZGNODE,RTPD,MCC,LMP_CONG_PRC,BELEN_1_LALUZGNODE,ALL,1,3.8921,2,2
2022-09-01T10:15:00-00:00,2022-09-01T10:30:00-00:00,2022-09-01,04,BELEN_1_LALUZGNODE,BELEN_1_LALUZGNODE,BELEN_1_LALUZGNODE,RTPD,MCC,LMP_CONG_PRC,BELEN_1_LALUZGNODE,ALL,1,3.68711,2,2
2022-09-01T11:15:00-00:00,2022-09-01T11:30:00-00:00,2022-09-01,05,BELEN_1_LALUZGNODE,BELEN_1_LALUZGNODE,BELEN_1_LALUZGNODE,RTPD,MCC,LMP_CONG_PRC,BELEN_1_LALUZGNODE,ALL,1,-0.004,2,2
2022-09-01T12:15:00-00:00,2022-09-01T12:30:00-00:00,2022-09-01,06,BELEN_1_LALUZGNODE,BELEN_1_LALUZGNODE,BELEN_1_LALUZGNODE,RTPD,MCC,LMP_CONG_PRC,BELEN_1_LALUZGNODE,ALL,1,4.195,2,2
2022-09-01T13:15:00-00:00,2022-09-01T13:30:00-00:00,2022-09-01,07,BELEN_1_LALUZGNODE,BELEN_1_LALUZGNODE,BELEN_1_LALUZGNODE,RTPD,MCC,LMP_CONG_PRC,BELEN_1_LALUZGNODE,ALL,1,0.40265,2,2
2022-09-01T14:15:00-00:00,2022-09-01T14:30:00-00:00,2022-09-01,08,BELEN_1_LALUZGNODE,BELEN_1_LALUZGNODE,BELEN_1_LALUZGNODE,RTPD,MCC,LMP_CONG_PRC,BELEN_1_LALUZGNODE,ALL,1,-21.51751,2,2
2022-09-01T15:15:00-00:00,2022-09-01T15:30:00-00:00,2022-09-01,09,BELEN_1_LALUZGNODE,BELEN_1_LALUZGNODE,BELEN_1_LALUZGNODE,RTPD,MCC,LMP_CONG_PRC,BELEN_1_LALUZGNODE,ALL,1,-47.78343,2,2
2022-09-01T16:15:00-00:00,2022-09-01T16:30:00-00:00,2022-09-01,10,BELEN_1_LALUZGNODE,BELEN_1_LALUZGNODE,BELEN_1_LALUZGNODE,RTPD,MCC,LMP_CONG_PRC,BELEN_1_LALUZGNODE,ALL,1,-30.21971,2,2
2022-09-01T17:15:00-00:00,2022-09-01T17:30:00-00:00,2022-09-01,11,BELEN_1_LALUZGNODE,BELEN_1_LALUZGNODE,BELEN_1_LALUZGNODE,RTPD,MCC,LMP_CONG_PRC,BELEN_1_LALUZGNODE,ALL,1,-18.3573,2,2
2022-09-01T18:15:00-00:00,2022-09-01T18:30:00-00:00,2022-09-01,12,BELEN_1_LALUZGNODE,BELEN_1_LALUZGNODE,BELEN_1_LALUZGNODE,RTPD,MCC,LMP_CONG_PRC,BELEN_1_LALUZGNODE,ALL,1,-21.54867,2,2
2022-09-01T19:15:00-00:00,2022-09-01T19:30:00-00:00,2022-09-01,13,BELEN_1_LALUZGNODE,BELEN_1_LALUZGNODE,BELEN_1_LALUZGNODE,RTPD,MCC,LMP_CONG_PRC,BELEN_1_LALUZGNODE,ALL,1,-13.17833,2,2
2022-09-01T20:15:00-00:00,2022-09-01T20:30:00-00:00,2022-09-01,14,BELEN_1_LALUZGNODE,BELEN_1_LALUZGNODE,BELEN_1_LALUZGNODE,RTPD,MCC,LMP_CONG_PRC,BELEN_1_LALUZGNODE,ALL,1,1.85136,2,2
2022-09-01T21:15:00-00:00,2022-09-01T21:30:00-00:00,2022-09-01,15,BELEN_1_LALUZGNODE,BELEN_1_LALUZGNODE,BELEN_1_LALUZGNODE,RTPD,MCC,LMP_CONG_PRC,BELEN_1_LALUZGNODE,ALL,1,-28.26641,2,2
2022-09-01T22:15:00-00:00,2022-09-01T22:30:00-00:00,2022-09-01,16,BELEN_1_LALUZGNODE,BELEN_1_LALUZGNODE,BELEN_1_LALUZGNODE,RTPD,MCC,LMP_CONG_PRC,BELEN_1_LALUZGNODE,ALL,1,-85.47062,2,2
2022-09-01T23:15:00-00:00,2022-09-01T23:30:00-00:00,2022-09-01,17,BELEN_1_LALUZGNODE,BELEN_1_LALUZGNODE,BELEN_1_LALUZGNODE,RTPD,MCC,LMP_CONG_PRC,BELEN_1_LALUZGNODE,ALL,1,-169.42557,2,2
2022-09-02T00:15:00-00:00,2022-09-02T00:30:00-00:00,2022-09-01,18,BELEN_1_LALUZGNODE,BELEN_1_LALUZGNODE,BELEN_1_LALUZGNODE,RTPD,MCC,LMP_CONG_PRC,BELEN_1_LALUZGNODE,ALL,1,-115.14455,2,2
2022-09-02T01:15:00-00:00,2022-09-02T01:30:00-00:00,2022-09-01,19,BELEN_1_LALUZGNODE,BELEN_1_LALUZGNODE,BELEN_1_LALUZGNODE,RTPD,MCC,LMP_CONG_PRC,BELEN_1_LALUZGNODE,ALL,1,-114.004,2,2
2022-09-02T02:15:00-00:00,2022-09-02T02:30:00-00:00,2022-09-01,20,BELEN_1_LALUZGNODE,BELEN_1_LALUZGNODE,BELEN_1_LALUZGNODE,RTPD,MCC,LMP_CONG_PRC,BELEN_1_LALUZGNODE,ALL,1,-0.0024,2,2
2022-09-02T03:15:00-00:00,2022-09-02T03:30:00-00:00,2022-09-01,21,BELEN_1_LALUZGNODE,BELEN_1_LALUZGNODE,BELEN_1_LALUZGNODE,RTPD,MCC,LMP_CONG_PRC,BELEN_1_LALUZGNODE,ALL,1,-244.12962,2,2
2022-09-02T04:15:00-00:00,2022-09-02T04:30:00-00:00,2022-09-01,22,BELEN_1_LALUZGNODE,BELEN_1_LALUZGNODE,BELEN_1_LALUZGNODE,RTPD,MCC,LMP_CONG_PRC,BELEN_1_LALUZGNODE,ALL,1,-221.59077,2,2
2022-09-02T05:15:00-00:00,2022-09-02T05:30:00-00:00,2022-09-01,23,BELEN_1_LALUZGNODE,BELEN_1_LALUZGNODE,BELEN_1_LALUZGNODE,RTPD,MCC,LMP_CONG_PRC,BELEN_1_LALUZGNODE,ALL,1,-174.36665,2,2
2022-09-02T06:15:00-00:00,2022-09-02T06:30:00-00:00,2022-09-01,24,BELEN_1_LALUZGNODE,BELEN_1_LALUZGNODE,BELEN_1_LALUZGNODE,RTPD,MCC,LMP_CONG_PRC,BELEN_1_LALUZGNODE,ALL,1,-58.07526,2,2
2022-09-01T07:30:00-00:00,2022-09-01T07:45:00-00:00,2022-09-01,01,BELEN_1_LALUZGNODE,BELEN_1_LALUZGNODE,BELEN_1_LALUZGNODE,RTPD,MCC,LMP_CONG_PRC,BELEN_1_LALUZGNODE,ALL,1,10.65605,3,2
2022-09-01T08:30:00-00:00,2022-09-01T08:45:00-00:00,2022-09-01,02,BELEN_1_LALUZGNODE,BELEN_1_LALUZGNODE,BELEN_1_LALUZGNODE,RTPD,MCC,LMP_CONG_PRC,BELEN_1_LALUZGNODE,ALL,1,-0.00183,3,2
2022-09-01T09:30:00-00:00,2022-09-01T09:45:00-00:00,2022-09-01,03,BELEN_1_LALUZGNODE,BELEN_1_LALUZGNODE,BELEN_1_LALUZGNODE,RTPD,MCC,LMP_CONG_PRC,BELEN_1_LALUZGNODE,ALL,1,3.8704,3,2
2022-09-01T10:30:00-00:00,2022-09-01T10:45:00-00:00,2022-09-01,04,BELEN_1_LALUZGNODE,BELEN_1_LALUZGNODE,BELEN_1_LALUZGNODE,RTPD,MCC,LMP_CONG_PRC,BELEN_1_LALUZGNODE,ALL,1,2.08479,3,2
2022-09-01T11:30:00-00:00,2022-09-01T11:45:00-00:00,2022-09-01,05,BELEN_1_LALUZGNODE,BELEN_1_LALUZGNODE,BELEN_1_LALUZGNODE,RTPD,MCC,LMP_CONG_PRC,BELEN_1_LALUZGNODE,ALL,1,-0.004,3,2
2022-09-01T12:30:00-00:00,2022-09-01T12:45:00-00:00,2022-09-01,06,BELEN_1_LALUZGNODE,BELEN_1_LALUZGNODE,BELEN_1_LALUZGNODE,RTPD,MCC,LMP_CONG_PRC,BELEN_1_LALUZGNODE,ALL,1,7.31603,3,2
2022-09-01T13:30:00-00:00,2022-09-01T13:45:00-00:00,2022-09-01,07,BELEN_1_LALUZGNODE,BELEN_1_LALUZGNODE,BELEN_1_LALUZGNODE,RTPD,MCC,LMP_CONG_PRC,BELEN_1_LALUZGNODE,ALL,1,-1.65116,3,2
2022-09-01T14:30:00-00:00,2022-09-01T14:45:00-00:00,2022-09-01,08,BELEN_1_LALUZGNODE,BELEN_1_LALUZGNODE,BELEN_1_LALUZGNODE,RTPD,MCC,LMP_CONG_PRC,BELEN_1_LALUZGNODE,ALL,1,-15.76129,3,2
2022-09-01T15:30:00-00:00,2022-09-01T15:45:00-00:00,2022-09-01,09,BELEN_1_LALUZGNODE,BELEN_1_LALUZGNODE,BELEN_1_LALUZGNODE,RTPD,MCC,LMP_CONG_PRC,BELEN_1_LALUZGNODE,ALL,1,-59.92035,3,2
2022-09-01T16:30:00-00:00,2022-09-01T16:45:00-00:00,2022-09-01,10,BELEN_1_LALUZGNODE,BELEN_1_LALUZGNODE,BELEN_1_LALUZGNODE,RTPD,MCC,LMP_CONG_PRC,BELEN_1_LALUZGNODE,ALL,1,-16.33212,3,2
2022-09-01T17:30:00-00:00,2022-09-01T17:45:00-00:00,2022-09-01,11,BELEN_1_LALUZGNODE,BELEN_1_LALUZGNODE,BELEN_1_LALUZGNODE,RTPD,MCC,LMP_CONG_PRC,BELEN_1_LALUZGNODE,ALL,1,-15.04304,3,2
2022-09-01T18:30:00-00:00,2022-09-01T18:45:00-00:00,2022-09-01,12,BELEN_1_LALUZGNODE,BELEN_1_LALUZGNODE,BELEN_1_LALUZGNODE,RTPD,MCC,LMP_CONG_PRC,BELEN_1_LALUZGNODE,ALL,1,-20.29925,3,2
2022-09-01T19:30:00-00:00,2022-09-01T19:45:00-00:00,2022-09-01,13,BELEN_1_LALUZGNODE,BELEN_1_LALUZGNODE,BELEN_1_LALUZGNODE,RTPD,MCC,LMP_CONG_PRC,BELEN_1_LALUZGNODE,ALL,1,-21.99775,3,2
2022-09-01T20:30:00-00:00,2022-09-01T20:45:00-00:00,2022-09-01,14,BELEN_1_LALUZGNODE,BELEN_1_LALUZGNODE,BELEN_1_LALUZGNODE,RTPD,MCC,LMP_CONG_PRC,BELEN_1_LALUZGNODE,ALL,1,7.21418,3,2
2022-09-01T21:30:00-00:00,2022-09-01T21:45:00-00:00,2022-09-01,15,BELEN_1_LALUZGNODE,BELEN_1_LALUZGNODE,BELEN_1_LALUZGNODE,RTPD,MCC,LMP_CONG_PRC,BELEN_1_LALUZGNODE,ALL,1,-37.23984,3,2
2022-09-01T22:30:00-00:00,2022-09-01T22:45:00-00:00,2022-09-01,16,BELEN_1_LALUZGNODE,BELEN_1_LALUZGNODE,BELEN_1_LALUZGNODE,RTPD,MCC,LMP_CONG_PRC,BELEN_1_LALUZGNODE,ALL,1,-114.3285,3,2
2022-09-01T23:30:00-00:00,2022-09-01T23:45:00-00:00,2022-09-01,17,BELEN_1_LALUZGNODE,BELEN_1_LALUZGNODE,BELEN_1_LALUZGNODE,RTPD,MCC,LMP_CONG_PRC,BELEN_1_LALUZGNODE,ALL,1,-313.43924,3,2
2022-09-02T00:30:00-00:00,2022-09-02T00:45:00-00:00,2022-09-01,18,BELEN_1_LALUZGNODE,BELEN_1_LALUZGNODE,BELEN_1_LALUZGNODE,RTPD,MCC,LMP_CONG_PRC,BELEN_1_LALUZGNODE,ALL,1,-7.0975,3,2
2022-09-02T01:30:00-00:00,2022-09-02T01:45:00-00:00,2022-09-01,19,BELEN_1_LALUZGNODE,BELEN_1_LALUZGNODE,BELEN_1_LALUZGNODE,RTPD,MCC,LMP_CONG_PRC,BELEN_1_LALUZGNODE,ALL,1,-22.14147,3,2
2022-09-02T02:30:00-00:00,2022-09-02T02:45:00-00:00,2022-09-01,20,BELEN_1_LALUZGNODE,BELEN_1_LALUZGNODE,BELEN_1_LALUZGNODE,RTPD,MCC,LMP_CONG_PRC,BELEN_1_LALUZGNODE,ALL,1,-0.0024,3,2
2022-09-02T03:30:00-00:00,2022-09-02T03:45:00-00:00,2022-09-01,21,BELEN_1_LALUZGNODE,BELEN_1_LALUZGNODE,BELEN_1_LALUZGNODE,RTPD,MCC,LMP_CONG_PRC,BELEN_1_LALUZGNODE,ALL,1,-70.76118,3,2
2022-09-02T04:30:00-00:00,2022-09-02T04:45:00-00:00,2022-09-01,22,BELEN_1_LALUZGNODE,BELEN_1_LALUZGNODE,BELEN_1_LALUZGNODE,RTPD,MCC,LMP_CONG_PRC,BELEN_1_LALUZGNODE,ALL,1,-173.44655,3,2
2022-09-02T05:30:00-00:00,2022-09-02T05:45:00-00:00,2022-09-01,23,BELEN_1_LALUZGNODE,BELEN_1_LALUZGNODE,BELEN_1_LALUZGNODE,RTPD,MCC,LMP_CONG_PRC,BELEN_1_LALUZGNODE,ALL,1,-136.8301,3,2
2022-09-02T06:30:00-00:00,2022-09-02T06:45:00-00:00,2022-09-01,24,BELEN_1_LALUZGNODE,BELEN_1_LALUZGNODE,BELEN_1_LALUZGNODE,RTPD,MCC,LMP_CONG_PRC,BELEN_1_LALUZGNODE,ALL,1,-127.71602,3,2
2022-09-01T07:45:00-00:00,2022-09-01T08:00:00-00:00,2022-09-01,01,BELEN_1_LALUZGNODE,BELEN_1_LALUZGNODE,BELEN_1_LALUZGNODE,RTPD,MCC,LMP_CONG_PRC,BELEN_1_LALUZGNODE,ALL,1,12.14652,4,2
2022-09-01T08:45:00-00:00,2022-09-01T09:00:00-00:00,2022-09-01,02,BELEN_1_LALUZGNODE,BELEN_1_LALUZGNODE,BELEN_1_LALUZGNODE,RTPD,MCC,LMP_CONG_PRC,BELEN_1_LALUZGNODE,ALL,1,2.96331,4,2
2022-09-01T09:45:00-00:00,2022-09-01T10:00:00-00:00,2022-09-01,03,BELEN_1_LALUZGNODE,BELEN_1_LALUZGNODE,BELEN_1_LALUZGNODE,RTPD,MCC,LMP_CONG_PRC,BELEN_1_LALUZGNODE,ALL,1,3.49404,4,2
2022-09-01T10:45:00-00:00,2022-09-01T11:00:00-00:00,2022-09-01,04,BELEN_1_LALUZGNODE,BELEN_1_LALUZGNODE,BELEN_1_LALUZGNODE,RTPD,MCC,LMP_CONG_PRC,BELEN_1_LALUZGNODE,ALL,1,0.82381,4,2
2022-09-01T11:45:00-00:00,2022-09-01T12:00:00-00:00,2022-09-01,05,BELEN_1_LALUZGNODE,BELEN_1_LALUZGNODE,BELEN_1_LALUZGNODE,RTPD,MCC,LMP_CONG_PRC,BELEN_1_LALUZGNODE,ALL,1,-0.0032,4,2
2022-09-01T12:45:00-00:00,2022-09-01T13:00:00-00:00,2022-09-01,06,BELEN_1_LALUZGNODE,BELEN_1_LALUZGNODE,BELEN_1_LALUZGNODE,RTPD,MCC,LMP_CONG_PRC,BELEN_1_LALUZGNODE,ALL,1,1.6476,4,2
2022-09-01T13:45:00-00:00,2022-09-01T14:00:00-00:00,2022-09-01,07,BELEN_1_LALUZGNODE,BELEN_1_LALUZGNODE,BELEN_1_LALUZGNODE,RTPD,MCC,LMP_CONG_PRC,BELEN_1_LALUZGNODE,ALL,1,-7.8415,4,2
2022-09-01T14:45:00-00:00,2022-09-01T15:00:00-00:00,2022-09-01,08,BELEN_1_LALUZGNODE,BELEN_1_LALUZGNODE,BELEN_1_LALUZGNODE,RTPD,MCC,LMP_CONG_PRC,BELEN_1_LALUZGNODE,ALL,1,-19.59027,4,2
2022-09-01T15:45:00-00:00,2022-09-01T16:00:00-00:00,2022-09-01,09,BELEN_1_LALUZGNODE,BELEN_1_LALUZGNODE,BELEN_1_LALUZGNODE,RTPD,MCC,LMP_CONG_PRC,BELEN_1_LALUZGNODE,ALL,1,-30.00186,4,2
2022-09-01T16:45:00-00:00,2022-09-01T17:00:00-00:00,2022-09-01,10,BELEN_1_LALUZGNODE,BELEN_1_LALUZGNODE,BELEN_1_LALUZGNODE,RTPD,MCC,LMP_CONG_PRC,BELEN_1_LALUZGNODE,ALL,1,-17.18217,4,2
2022-09-01T17:45:00-00:00,2022-09-01T18:00:00-00:00,2022-09-01,11,BELEN_1_LALUZGNODE,BELEN_1_LALUZGNODE,BELEN_1_LALUZGNODE,RTPD,MCC,LMP_CONG_PRC,BELEN_1_LALUZGNODE,ALL,1,-16.56169,4,2
2022-09-01T18:45:00-00:00,2022-09-01T19:00:00-00:00,2022-09-01,12,BELEN_1_LALUZGNODE,BELEN_1_LALUZGNODE,BELEN_1_LALUZGNODE,RTPD,MCC,LMP_CONG_PRC,BELEN_1_LALUZGNODE,ALL,1,-23.14219,4,2
2022-09-01T19:45:00-00:00,2022-09-01T20:00:00-00:00,2022-09-01,13,BELEN_1_LALUZGNODE,BELEN_1_LALUZGNODE,BELEN_1_LALUZGNODE,RTPD,MCC,LMP_CONG_PRC,BELEN_1_LALUZGNODE,ALL,1,-22.45931,4,2
2022-09-01T20:45:00-00:00,2022-09-01T21:00:00-00:00,2022-09-01,14,BELEN_1_LALUZGNODE,BELEN_1_LALUZGNODE,BELEN_1_LALUZGNODE,RTPD,MCC,LMP_CONG_PRC,BELEN_1_LALUZGNODE,ALL,1,-24.21765,4,2
2022-09-01T21:45:00-00:00,2022-09-01T22:00:00-00:00,2022-09-01,15,BELEN_1_LALUZGNODE,BELEN_1_LALUZGNODE,BELEN_1_LALUZGNODE,RTPD,MCC,LMP_CONG_PRC,BELEN_1_LALUZGNODE,ALL,1,-140.12115,4,2
2022-09-01T22:45:00-00:00,2022-09-01T23:00:00-00:00,2022-09-01,16,BELEN_1_LALUZGNODE,BELEN_1_LALUZGNODE,BELEN_1_LALUZGNODE,RTPD,MCC,LMP_CONG_PRC,BELEN_1_LALUZGNODE,ALL,1,-164.40436,4,2
2022-09-01T23:45:00-00:00,2022-09-02T00:00:00-00:00,2022-09-01,17,BELEN_1_LALUZGNODE,BELEN_1_LALUZGNODE,BELEN_1_LALUZGNODE,RTPD,MCC,LMP_CONG_PRC,BELEN_1_LALUZGNODE,ALL,1,-344.00824,4,2
2022-09-02T00:45:00-00:00,2022-09-02T01:00:00-00:00,2022-09-01,18,BELEN_1_LALUZGNODE,BELEN_1_LALUZGNODE,BELEN_1_LALUZGNODE,RTPD,MCC,LMP_CONG_PRC,BELEN_1_LALUZGNODE,ALL,1,-718.9976,4,2
2022-09-02T01:45:00-00:00,2022-09-02T02:00:00-00:00,2022-09-01,19,BELEN_1_LALUZGNODE,BELEN_1_LALUZGNODE,BELEN_1_LALUZGNODE,RTPD,MCC,LMP_CONG_PRC,BELEN_1_LALUZGNODE,ALL,1,-0.0024,4,2
2022-09-02T02:45:00-00:00,2022-09-02T03:00:00-00:00,2022-09-01,20,BELEN_1_LALUZGNODE,BELEN_1_LALUZGNODE,BELEN_1_LALUZGNODE,RTPD,MCC,LMP_CONG_PRC,BELEN_1_LALUZGNODE,ALL,1,-723.526,4,2
2022-09-02T03:45:00-00:00,2022-09-02T04:00:00-00:00,2022-09-01,21,BELEN_1_LALUZGNODE,BELEN_1_LALUZGNODE,BELEN_1_LALUZGNODE,RTPD,MCC,LMP_CONG_PRC,BELEN_1_LALUZGNODE,ALL,1,-63.64965,4,2
2022-09-02T04:45:00-00:00,2022-09-02T05:00:00-00:00,2022-09-01,22,BELEN_1_LALUZGNODE,BELEN_1_LALUZGNODE,BELEN_1_LALUZGNODE,RTPD,MCC,LMP_CONG_PRC,BELEN_1_LALUZGNODE,ALL,1,-136.31308,4,2
2022-09-02T05:45:00-00:00,2022-09-02T06:00:00-00:00,2022-09-01,23,BELEN_1_LALUZGNODE,BELEN_1_LALUZGNODE,BELEN_1_LALUZGNODE,RTPD,MCC,LMP_CONG_PRC,BELEN_1_LALUZGNODE,ALL,1,-163.61409,4,2
2022-09-02T06:45:00-00:00,2022-09-02T07:00:00-00:00,2022-09-01,24,BELEN_1_LALUZGNODE,BELEN_1_LALUZGNODE,BELEN_1_LALUZGNODE,RTPD,MCC,LMP_CONG_PRC,BELEN_1_LALUZGNODE,ALL,1,-79.86299,4,2
2022-09-01T07:00:00-00:00,2022-09-01T07:15:00-00:00,2022-09-01,01,BELEN_1_LALUZGNODE,BELEN_1_LALUZGNODE,BELEN_1_LALUZGNODE,RTPD,MCE,LMP_ENE_PRC,BELEN_1_LALUZGNODE,ALL,1,104.23471,1,3
2022-09-01T08:00:00-00:00,2022-09-01T08:15:00-00:00,2022-09-01,02,BELEN_1_LALUZGNODE,BELEN_1_LALUZGNODE,BELEN_1_LALUZGNODE,RTPD,MCE,LMP_ENE_PRC,BELEN_1_LALUZGNODE,ALL,1,115.5488,1,3
2022-09-01T09:00:00-00:00,2022-09-01T09:15:00-00:00,2022-09-01,03,BELEN_1_LALUZGNODE,BELEN_1_LALUZGNODE,BELEN_1_LALUZGNODE,RTPD,MCE,LMP_ENE_PRC,BELEN_1_LALUZGNODE,ALL,1,99.73061,1,3
2022-09-01T10:00:00-00:00,2022-09-01T10:15:00-00:00,2022-09-01,04,BELEN_1_LALUZGNODE,BELEN_1_LALUZGNODE,BELEN_1_LALUZGNODE,RTPD,MCE,LMP_ENE_PRC,BELEN_1_LALUZGNODE,ALL,1,98.64222,1,3
2022-09-01T11:00:00-00:00,2022-09-01T11:15:00-00:00,2022-09-01,05,BELEN_1_LALUZGNODE,BELEN_1_LALUZGNODE,BELEN_1_LALUZGNODE,RTPD,MCE,LMP_ENE_PRC,BELEN_1_LALUZGNODE,ALL,1,102.56859,1,3
2022-09-01T12:00:00-00:00,2022-09-01T12:15:00-00:00,2022-09-01,06,BELEN_1_LALUZGNODE,BELEN_1_LALUZGNODE,BELEN_1_LALUZGNODE,RTPD,MCE,LMP_ENE_PRC,BELEN_1_LALUZGNODE,ALL,1,96.90845,1,3
2022-09-01T13:00:00-00:00,2022-09-01T13:15:00-00:00,2022-09-01,07,BELEN_1_LALUZGNODE,BELEN_1_LALUZGNODE,BELEN_1_LALUZGNODE,RTPD,MCE,LMP_ENE_PRC,BELEN_1_LALUZGNODE,ALL,1,101.80878,1,3
2022-09-01T14:00:00-00:00,2022-09-01T14:15:00-00:00,2022-09-01,08,BELEN_1_LALUZGNODE,BELEN_1_LALUZGNODE,BELEN_1_LALUZGNODE,RTPD,MCE,LMP_ENE_PRC,BELEN_1_LALUZGNODE,ALL,1,111.11219,1,3
2022-09-01T15:00:00-00:00,2022-09-01T15:15:00-00:00,2022-09-01,09,BELEN_1_LALUZGNODE,BELEN_1_LALUZGNODE,BELEN_1_LALUZGNODE,RTPD,MCE,LMP_ENE_PRC,BELEN_1_LALUZGNODE,ALL,1,97.4112,1,3
2022-09-01T16:00:00-00:00,2022-09-01T16:15:00-00:00,2022-09-01,10,BELEN_1_LALUZGNODE,BELEN_1_LALUZGNODE,BELEN_1_LALUZGNODE,RTPD,MCE,LMP_ENE_PRC,BELEN_1_LALUZGNODE,ALL,1,83.43525,1,3
2022-09-01T17:00:00-00:00,2022-09-01T17:15:00-00:00,2022-09-01,11,BELEN_1_LALUZGNODE,BELEN_1_LALUZGNODE,BELEN_1_LALUZGNODE,RTPD,MCE,LMP_ENE_PRC,BELEN_1_LALUZGNODE,ALL,1,96.94897,1,3
2022-09-01T18:00:00-00:00,2022-09-01T18:15:00-00:00,2022-09-01,12,BELEN_1_LALUZGNODE,BELEN_1_LALUZGNODE,BELEN_1_LALUZGNODE,RTPD,MCE,LMP_ENE_PRC,BELEN_1_LALUZGNODE,ALL,1,91.59291,1,3
2022-09-01T19:00:00-00:00,2022-09-01T19:15:00-00:00,2022-09-01,13,BELEN_1_LALUZGNODE,BELEN_1_LALUZGNODE,BELEN_1_LALUZGNODE,RTPD,MCE,LMP_ENE_PRC,BELEN_1_LALUZGNODE,ALL,1,109.19637,1,3
2022-09-01T20:00:00-00:00,2022-09-01T20:15:00-00:00,2022-09-01,14,BELEN_1_LALUZGNODE,BELEN_1_LALUZGNODE,BELEN_1_LALUZGNODE,RTPD,MCE,LMP_ENE_PRC,BELEN_1_LALUZGNODE,ALL,1,117.94359,1,3
2022-09-01T21:00:00-00:00,2022-09-01T21:15:00-00:00,2022-09-01,15,BELEN_1_LALUZGNODE,BELEN_1_LALUZGNODE,BELEN_1_LALUZGNODE,RTPD,MCE,LMP_ENE_PRC,BELEN_1_LALUZGNODE,ALL,1,226.61499,1,3
2022-09-01T22:00:00-00:00,2022-09-01T22:15:00-00:00,2022-09-01,16,BELEN_1_LALUZGNODE,BELEN_1_LALUZGNODE,BELEN_1_LALUZGNODE,RTPD,MCE,LMP_ENE_PRC,BELEN_1_LALUZGNODE,ALL,1,229.18552,1,3
2022-09-01T23:00:00-00:00,2022-09-01T23:15:00-00:00,2022-09-01,17,BELEN_1_LALUZGNODE,BELEN_1_LALUZGNODE,BELEN_1_LALUZGNODE,RTPD,MCE,LMP_ENE_PRC,BELEN_1_LALUZGNODE,ALL,1,386.7537,1,3
2022-09-02T00:00:00-00:00,2022-09-02T00:15:00-00:00,2022-09-01,18,BELEN_1_LALUZGNODE,BELEN_1_LALUZGNODE,BELEN_1_LALUZGNODE,RTPD,MCE,LMP_ENE_PRC,BELEN_1_LALUZGNODE,ALL,1,770.58136,1,3
2022-09-02T01:00:00-00:00,2022-09-02T01:15:00-00:00,2022-09-01,19,BELEN_1_LALUZGNODE,BELEN_1_LALUZGNODE,BELEN_1_LALUZGNODE,RTPD,MCE,LMP_ENE_PRC,BELEN_1_LALUZGNODE,ALL,1,916.27124,1,3
2022-09-02T02:00:00-00:00,2022-09-02T02:15:00-00:00,2022-09-01,20,BELEN_1_LALUZGNODE,BELEN_1_LALUZGNODE,BELEN_1_LALUZGNODE,RTPD,MCE,LMP_ENE_PRC,BELEN_1_LALUZGNODE,ALL,1,1991.6721,1,3
2022-09-02T03:00:00-00:00,2022-09-02T03:15:00-00:00,2022-09-01,21,BELEN_1_LALUZGNODE,BELEN_1_LALUZGNODE,BELEN_1_LALUZGNODE,RTPD,MCE,LMP_ENE_PRC,BELEN_1_LALUZGNODE,ALL,1,917.5508,1,3
2022-09-02T04:00:00-00:00,2022-09-02T04:15:00-00:00,2022-09-01,22,BELEN_1_LALUZGNODE,BELEN_1_LALUZGNODE,BELEN_1_LALUZGNODE,RTPD,MCE,LMP_ENE_PRC,BELEN_1_LALUZGNODE,ALL,1,257.83005,1,3
2022-09-02T05:00:00-00:00,2022-09-02T05:15:00-00:00,2022-09-01,23,BELEN_1_LALUZGNODE,BELEN_1_LALUZGNODE,BELEN_1_LALUZGNODE,RTPD,MCE,LMP_ENE_PRC,BELEN_1_LALUZGNODE,ALL,1,183.24657,1,3
2022-09-02T06:00:00-00:00,2022-09-02T06:15:00-00:00,2022-09-01,24,BELEN_1_LALUZGNODE,BELEN_1_LALUZGNODE,BELEN_1_LALUZGNODE,RTPD,MCE,LMP_ENE_PRC,BELEN_1_LALUZGNODE,ALL,1,158.867,1,3
2022-09-01T07:15:00-00:00,2022-09-01T07:30:00-00:00,2022-09-01,01,BELEN_1_LALUZGNODE,BELEN_1_LALUZGNODE,BELEN_1_LALUZGNODE,RTPD,MCE,LMP_ENE_PRC,BELEN_1_LALUZGNODE,ALL,1,125.55144,2,3
2022-09-01T08:15:00-00:00,2022-09-01T08:30:00-00:00,2022-09-01,02,BELEN_1_LALUZGNODE,BELEN_1_LALUZGNODE,BELEN_1_LALUZGNODE,RTPD,MCE,LMP_ENE_PRC,BELEN_1_LALUZGNODE,ALL,1,115.53165,2,3
2022-09-01T09:15:00-00:00,2022-09-01T09:30:00-00:00,2022-09-01,03,BELEN_1_LALUZGNODE,BELEN_1_LALUZGNODE,BELEN_1_LALUZGNODE,RTPD,MCE,LMP_ENE_PRC,BELEN_1_LALUZGNODE,ALL,1,98.30543,2,3
2022-09-01T10:15:00-00:00,2022-09-01T10:30:00-00:00,2022-09-01,04,BELEN_1_LALUZGNODE,BELEN_1_LALUZGNODE,BELEN_1_LALUZGNODE,RTPD,MCE,LMP_ENE_PRC,BELEN_1_LALUZGNODE,ALL,1,97.00684,2,3
2022-09-01T11:15:00-00:00,2022-09-01T11:30:00-00:00,2022-09-01,05,BELEN_1_LALUZGNODE,BELEN_1_LALUZGNODE,BELEN_1_LALUZGNODE,RTPD,MCE,LMP_ENE_PRC,BELEN_1_LALUZGNODE,ALL,1,103.09059,2,3
2022-09-01T12:15:00-00:00,2022-09-01T12:30:00-00:00,2022-09-01,06,BELEN_1_LALUZGNODE,BELEN_1_LALUZGNODE,BELEN_1_LALUZGNODE,RTPD,MCE,LMP_ENE_PRC,BELEN_1_LALUZGNODE,ALL,1,109.32203,2,3
2022-09-01T13:15:00-00:00,2022-09-01T13:30:00-00:00,2022-09-01,07,BELEN_1_LALUZGNODE,BELEN_1_LALUZGNODE,BELEN_1_LALUZGNODE,RTPD,MCE,LMP_ENE_PRC,BELEN_1_LALUZGNODE,ALL,1,110.97827,2,3
2022-09-01T14:15:00-00:00,2022-09-01T14:30:00-00:00,2022-09-01,08,BELEN_1_LALUZGNODE,BELEN_1_LALUZGNODE,BELEN_1_LALUZGNODE,RTPD,MCE,LMP_ENE_PRC,BELEN_1_LALUZGNODE,ALL,1,104.78743,2,3
2022-09-01T15:15:00-00:00,2022-09-01T15:30:00-00:00,2022-09-01,09,BELEN_1_LALUZGNODE,BELEN_1_LALUZGNODE,BELEN_1_LALUZGNODE,RTPD,MCE,LMP_ENE_PRC,BELEN_1_LALUZGNODE,ALL,1,86.9388,2,3
2022-09-01T16:15:00-00:00,2022-09-01T16:30:00-00:00,2022-09-01,10,BELEN_1_LALUZGNODE,BELEN_1_LALUZGNODE,BELEN_1_LALUZGNODE,RTPD,MCE,LMP_ENE_PRC,BELEN_1_LALUZGNODE,ALL,1,89.44858,2,3
2022-09-01T17:15:00-00:00,2022-09-01T17:30:00-00:00,2022-09-01,11,BELEN_1_LALUZGNODE,BELEN_1_LALUZGNODE,BELEN_1_LALUZGNODE,RTPD,MCE,LMP_ENE_PRC,BELEN_1_LALUZGNODE,ALL,1,99.34673,2,3
2022-09-01T18:15:00-00:00,2022-09-01T18:30:00-00:00,2022-09-01,12,BELEN_1_LALUZGNODE,BELEN_1_LALUZGNODE,BELEN_1_LALUZGNODE,RTPD,MCE,LMP_ENE_PRC,BELEN_1_LALUZGNODE,ALL,1,101.15901,2,3
2022-09-01T19:15:00-00:00,2022-09-01T19:30:00-00:00,2022-09-01,13,BELEN_1_LALUZGNODE,BELEN_1_LALUZGNODE,BELEN_1_LALUZGNODE,RTPD,MCE,LMP_ENE_PRC,BELEN_1_LALUZGNODE,ALL,1,105.30588,2,3
2022-09-01T20:15:00-00:00,2022-09-01T20:30:00-00:00,2022-09-01,14,BELEN_1_LALUZGNODE,BELEN_1_LALUZGNODE,BELEN_1_LALUZGNODE,RTPD,MCE,LMP_ENE_PRC,BELEN_1_LALUZGNODE,ALL,1,117.49421,2,3
2022-09-01T21:15:00-00:00,2022-09-01T21:30:00-00:00,2022-09-01,15,BELEN_1_LALUZGNODE,BELEN_1_LALUZGNODE,BELEN_1_LALUZGNODE,RTPD,MCE,LMP_ENE_PRC,BELEN_1_LALUZGNODE,ALL,1,147.21185,2,3
2022-09-01T22:15:00-00:00,2022-09-01T22:30:00-00:00,2022-09-01,16,BELEN_1_LALUZGNODE,BELEN_1_LALUZGNODE,BELEN_1_LALUZGNODE,RTPD,MCE,LMP_ENE_PRC,BELEN_1_LALUZGNODE,ALL,1,256.58734,2,3
2022-09-01T23:15:00-00:00,2022-09-01T23:30:00-00:00,2022-09-01,17,BELEN_1_LALUZGNODE,BELEN_1_LALUZGNODE,BELEN_1_LALUZGNODE,RTPD,MCE,LMP_ENE_PRC,BELEN_1_LALUZGNODE,ALL,1,362.12408,2,3
2022-09-02T00:15:00-00:00,2022-09-02T00:30:00-00:00,2022-09-01,18,BELEN_1_LALUZGNODE,BELEN_1_LALUZGNODE,BELEN_1_LALUZGNODE,RTPD,MCE,LMP_ENE_PRC,BELEN_1_LALUZGNODE,ALL,1,691.2182,2,3
2022-09-02T01:15:00-00:00,2022-09-02T01:30:00-00:00,2022-09-01,19,BELEN_1_LALUZGNODE,BELEN_1_LALUZGNODE,BELEN_1_LALUZGNODE,RTPD,MCE,LMP_ENE_PRC,BELEN_1_LALUZGNODE,ALL,1,1999.9933,2,3
2022-09-02T02:15:00-00:00,2022-09-02T02:30:00-00:00,2022-09-01,20,BELEN_1_LALUZGNODE,BELEN_1_LALUZGNODE,BELEN_1_LALUZGNODE,RTPD,MCE,LMP_ENE_PRC,BELEN_1_LALUZGNODE,ALL,1,1991.6721,2,3
2022-09-02T03:15:00-00:00,2022-09-02T03:30:00-00:00,2022-09-01,21,BELEN_1_LALUZGNODE,BELEN_1_LALUZGNODE,BELEN_1_LALUZGNODE,RTPD,MCE,LMP_ENE_PRC,BELEN_1_LALUZGNODE,ALL,1,400.52884,2,3
2022-09-02T04:15:00-00:00,2022-09-02T04:30:00-00:00,2022-09-01,22,BELEN_1_LALUZGNODE,BELEN_1_LALUZGNODE,BELEN_1_LALUZGNODE,RTPD,MCE,LMP_ENE_PRC,BELEN_1_LALUZGNODE,ALL,1,224.75041,2,3
2022-09-02T05:15:00-00:00,2022-09-02T05:30:00-00:00,2022-09-01,23,BELEN_1_LALUZGNODE,BELEN_1_LALUZGNODE,BELEN_1_LALUZGNODE,RTPD,MCE,LMP_ENE_PRC,BELEN_1_LALUZGNODE,ALL,1,157.11986,2,3
2022-09-02T06:15:00-00:00,2022-09-02T06:30:00-00:00,2022-09-01,24,BELEN_1_LALUZGNODE,BELEN_1_LALUZGNODE,BELEN_1_LALUZGNODE,RTPD,MCE,LMP_ENE_PRC,BELEN_1_LALUZGNODE,ALL,1,143.1005,2,3
2022-09-01T07:30:00-00:00,2022-09-01T07:45:00-00:00,2022-09-01,01,BELEN_1_LALUZGNODE,BELEN_1_LALUZGNODE,BELEN_1_LALUZGNODE,RTPD,MCE,LMP_ENE_PRC,BELEN_1_LALUZGNODE,ALL,1,119.03196,3,3
2022-09-01T08:30:00-00:00,2022-09-01T08:45:00-00:00,2022-09-01,02,BELEN_1_LALUZGNODE,BELEN_1_LALUZGNODE,BELEN_1_LALUZGNODE,RTPD,MCE,LMP_ENE_PRC,BELEN_1_LALUZGNODE,ALL,1,111.11241,3,3
2022-09-01T09:30:00-00:00,2022-09-01T09:45:00-00:00,2022-09-01,03,BELEN_1_LALUZGNODE,BELEN_1_LALUZGNODE,BELEN_1_LALUZGNODE,RTPD,MCE,LMP_ENE_PRC,BELEN_1_LALUZGNODE,ALL,1,98.16228,3,3
2022-09-01T10:30:00-00:00,2022-09-01T10:45:00-00:00,2022-09-01,04,BELEN_1_LALUZGNODE,BELEN_1_LALUZGNODE,BELEN_1_LALUZGNODE,RTPD,MCE,LMP_ENE_PRC,BELEN_1_LALUZGNODE,ALL,1,96.36226,3,3
2022-09-01T11:30:00-00:00,2022-09-01T11:45:00-00:00,2022-09-01,05,BELEN_1_LALUZGNODE,BELEN_1_LALUZGNODE,BELEN_1_LALUZGNODE,RTPD,MCE,LMP_ENE_PRC,BELEN_1_LALUZGNODE,ALL,1,103.06198,3,3
2022-09-01T12:30:00-00:00,2022-09-01T12:45:00-00:00,2022-09-01,06,BELEN_1_LALUZGNODE,BELEN_1_LALUZGNODE,BELEN_1_LALUZGNODE,RTPD,MCE,LMP_ENE_PRC,BELEN_1_LALUZGNODE,ALL,1,113.57403,3,3
2022-09-01T13:30:00-00:00,2022-09-01T13:45:00-00:00,2022-09-01,07,BELEN_1_LALUZGNODE,BELEN_1_LALUZGNODE,BELEN_1_LALUZGNODE,RTPD,MCE,LMP_ENE_PRC,BELEN_1_LALUZGNODE,ALL,1,111.52025,3,3
2022-09-01T14:30:00-00:00,2022-09-01T14:45:00-00:00,2022-09-01,08,BELEN_1_LALUZGNODE,BELEN_1_LALUZGNODE,BELEN_1_LALUZGNODE,RTPD,MCE,LMP_ENE_PRC,BELEN_1_LALUZGNODE,ALL,1,101.83428,3,3
2022-09-01T15:30:00-00:00,2022-09-01T15:45:00-00:00,2022-09-01,09,BELEN_1_LALUZGNODE,BELEN_1_LALUZGNODE,BELEN_1_LALUZGNODE,RTPD,MCE,LMP_ENE_PRC,BELEN_1_LALUZGNODE,ALL,1,86.1388,3,3
2022-09-01T16:30:00-00:00,2022-09-01T16:45:00-00:00,2022-09-01,10,BELEN_1_LALUZGNODE,BELEN_1_LALUZGNODE,BELEN_1_LALUZGNODE,RTPD,MCE,LMP_ENE_PRC,BELEN_1_LALUZGNODE,ALL,1,88.79644,3,3
2022-09-01T17:30:00-00:00,2022-09-01T17:45:00-00:00,2022-09-01,11,BELEN_1_LALUZGNODE,BELEN_1_LALUZGNODE,BELEN_1_LALUZGNODE,RTPD,MCE,LMP_ENE_PRC,BELEN_1_LALUZGNODE,ALL,1,99.13013,3,3
2022-09-01T18:30:00-00:00,2022-09-01T18:45:00-00:00,2022-09-01,12,BELEN_1_LALUZGNODE,BELEN_1_LALUZGNODE,BELEN_1_LALUZGNODE,RTPD,MCE,LMP_ENE_PRC,BELEN_1_LALUZGNODE,ALL,1,107.05718,3,3
2022-09-01T19:30:00-00:00,2022-09-01T19:45:00-00:00,2022-09-01,13,BELEN_1_LALUZGNODE,BELEN_1_LALUZGNODE,BELEN_1_LALUZGNODE,RTPD,MCE,LMP_ENE_PRC,BELEN_1_LALUZGNODE,ALL,1,114.05905,3,3
2022-09-01T20:30:00-00:00,2022-09-01T20:45:00-00:00,2022-09-01,14,BELEN_1_LALUZGNODE,BELEN_1_LALUZGNODE,BELEN_1_LALUZGNODE,RTPD,MCE,LMP_ENE_PRC,BELEN_1_LALUZGNODE,ALL,1,129.81606,3,3
2022-09-01T21:30:00-00:00,2022-09-01T21:45:00-00:00,2022-09-01,15,BELEN_1_LALUZGNODE,BELEN_1_LALUZGNODE,BELEN_1_LALUZGNODE,RTPD,MCE,LMP_ENE_PRC,BELEN_1_LALUZGNODE,ALL,1,152.93057,3,3
2022-09-01T22:30:00-00:00,2022-09-01T22:45:00-00:00,2022-09-01,16,BELEN_1_LALUZGNODE,BELEN_1_LALUZGNODE,BELEN_1_LALUZGNODE,RTPD,MCE,LMP_ENE_PRC,BELEN_1_LALUZGNODE,ALL,1,283.18182,3,3
2022-09-01T23:30:00-00:00,2022-09-01T23:45:00-00:00,2022-09-01,17,BELEN_1_LALUZGNODE,BELEN_1_LALUZGNODE,BELEN_1_LALUZGNODE,RTPD,MCE,LMP_ENE_PRC,BELEN_1_LALUZGNODE,ALL,1,566.48157,3,3
2022-09-02T00:30:00-00:00,2022-09-02T00:45:00-00:00,2022-09-01,18,BELEN_1_LALUZGNODE,BELEN_1_LALUZGNODE,BELEN_1_LALUZGNODE,RTPD,MCE,LMP_ENE_PRC,BELEN_1_LALUZGNODE,ALL,1,1329.1127,3,3
2022-09-02T01:30:00-00:00,2022-09-02T01:45:00-00:00,2022-09-01,19,BELEN_1_LALUZGNODE,BELEN_1_LALUZGNODE,BELEN_1_LALUZGNODE,RTPD,MCE,LMP_ENE_PRC,BELEN_1_LALUZGNODE,ALL,1,1999.9956,3,3
2022-09-02T02:30:00-00:00,2022-09-02T02:45:00-00:00,2022-09-01,20,BELEN_1_LALUZGNODE,BELEN_1_LALUZGNODE,BELEN_1_LALUZGNODE,RTPD,MCE,LMP_ENE_PRC,BELEN_1_LALUZGNODE,ALL,1,1991.671,3,3
2022-09-02T03:30:00-00:00,2022-09-02T03:45:00-00:00,2022-09-01,21,BELEN_1_LALUZGNODE,BELEN_1_LALUZGNODE,BELEN_1_LALUZGNODE,RTPD,MCE,LMP_ENE_PRC,BELEN_1_LALUZGNODE,ALL,1,186.61823,3,3
2022-09-02T04:30:00-00:00,2022-09-02T04:45:00-00:00,2022-09-01,22,BELEN_1_LALUZGNODE,BELEN_1_LALUZGNODE,BELEN_1_LALUZGNODE,RTPD,MCE,LMP_ENE_PRC,BELEN_1_LALUZGNODE,ALL,1,180.67824,3,3
2022-09-02T05:30:00-00:00,2022-09-02T05:45:00-00:00,2022-09-01,23,BELEN_1_LALUZGNODE,BELEN_1_LALUZGNODE,BELEN_1_LALUZGNODE,RTPD,MCE,LMP_ENE_PRC,BELEN_1_LALUZGNODE,ALL,1,131.69917,3,3
2022-09-02T06:30:00-00:00,2022-09-02T06:45:00-00:00,2022-09-01,24,BELEN_1_LALUZGNODE,BELEN_1_LALUZGNODE,BELEN_1_LALUZGNODE,RTPD,MCE,LMP_ENE_PRC,BELEN_1_LALUZGNODE,ALL,1,128.9871,3,3
2022-09-01T07:45:00-00:00,2022-09-01T08:00:00-00:00,2022-09-01,01,BELEN_1_LALUZGNODE,BELEN_1_LALUZGNODE,BELEN_1_LALUZGNODE,RTPD,MCE,LMP_ENE_PRC,BELEN_1_LALUZGNODE,ALL,1,109.12099,4,3
2022-09-01T08:45:00-00:00,2022-09-01T09:00:00-00:00,2022-09-01,02,BELEN_1_LALUZGNODE,BELEN_1_LALUZGNODE,BELEN_1_LALUZGNODE,RTPD,MCE,LMP_ENE_PRC,BELEN_1_LALUZGNODE,ALL,1,98.7357,4,3
2022-09-01T09:45:00-00:00,2022-09-01T10:00:00-00:00,2022-09-01,03,BELEN_1_LALUZGNODE,BELEN_1_LALUZGNODE,BELEN_1_LALUZGNODE,RTPD,MCE,LMP_ENE_PRC,BELEN_1_LALUZGNODE,ALL,1,97.50475,4,3
2022-09-01T10:45:00-00:00,2022-09-01T11:00:00-00:00,2022-09-01,04,BELEN_1_LALUZGNODE,BELEN_1_LALUZGNODE,BELEN_1_LALUZGNODE,RTPD,MCE,LMP_ENE_PRC,BELEN_1_LALUZGNODE,ALL,1,94.71966,4,3
2022-09-01T11:45:00-00:00,2022-09-01T12:00:00-00:00,2022-09-01,05,BELEN_1_LALUZGNODE,BELEN_1_LALUZGNODE,BELEN_1_LALUZGNODE,RTPD,MCE,LMP_ENE_PRC,BELEN_1_LALUZGNODE,ALL,1,107.01,4,3
2022-09-01T12:45:00-00:00,2022-09-01T13:00:00-00:00,2022-09-01,06,BELEN_1_LALUZGNODE,BELEN_1_LALUZGNODE,BELEN_1_LALUZGNODE,RTPD,MCE,LMP_ENE_PRC,BELEN_1_LALUZGNODE,ALL,1,116.4848,4,3
2022-09-01T13:45:00-00:00,2022-09-01T14:00:00-00:00,2022-09-01,07,BELEN_1_LALUZGNODE,BELEN_1_LALUZGNODE,BELEN_1_LALUZGNODE,RTPD,MCE,LMP_ENE_PRC,BELEN_1_LALUZGNODE,ALL,1,111.41,4,3
2022-09-01T14:45:00-00:00,2022-09-01T15:00:00-00:00,2022-09-01,08,BELEN_1_LALUZGNODE,BELEN_1_LALUZGNODE,BELEN_1_LALUZGNODE,RTPD,MCE,LMP_ENE_PRC,BELEN_1_LALUZGNODE,ALL,1,86.1388,4,3
2022-09-01T15:45:00-00:00,2022-09-01T16:00:00-00:00,2022-09-01,09,BELEN_1_LALUZGNODE,BELEN_1_LALUZGNODE,BELEN_1_LALUZGNODE,RTPD,MCE,LMP_ENE_PRC,BELEN_1_LALUZGNODE,ALL,1,78.70076,4,3
2022-09-01T16:45:00-00:00,2022-09-01T17:00:00-00:00,2022-09-01,10,BELEN_1_LALUZGNODE,BELEN_1_LALUZGNODE,BELEN_1_LALUZGNODE,RTPD,MCE,LMP_ENE_PRC,BELEN_1_LALUZGNODE,ALL,1,91.24933,4,3
2022-09-01T17:45:00-00:00,2022-09-01T18:00:00-00:00,2022-09-01,11,BELEN_1_LALUZGNODE,BELEN_1_LALUZGNODE,BELEN_1_LALUZGNODE,RTPD,MCE,LMP_ENE_PRC,BELEN_1_LALUZGNODE,ALL,1,99.20544,4,3
2022-09-01T18:45:00-00:00,2022-09-01T19:00:00-00:00,2022-09-01,12,BELEN_1_LALUZGNODE,BELEN_1_LALUZGNODE,BELEN_1_LALUZGNODE,RTPD,MCE,LMP_ENE_PRC,BELEN_1_LALUZGNODE,ALL,1,109.04064,4,3
2022-09-01T19:45:00-00:00,2022-09-01T20:00:00-00:00,2022-09-01,13,BELEN_1_LALUZGNODE,BELEN_1_LALUZGNODE,BELEN_1_LALUZGNODE,RTPD,MCE,LMP_ENE_PRC,BELEN_1_LALUZGNODE,ALL,1,120.22491,4,3
2022-09-01T20:45:00-00:00,2022-09-01T21:00:00-00:00,2022-09-01,14,BELEN_1_LALUZGNODE,BELEN_1_LALUZGNODE,BELEN_1_LALUZGNODE,RTPD,MCE,LMP_ENE_PRC,BELEN_1_LALUZGNODE,ALL,1,154.02509,4,3
2022-09-01T21:45:00-00:00,2022-09-01T22:00:00-00:00,2022-09-01,15,BELEN_1_LALUZGNODE,BELEN_1_LALUZGNODE,BELEN_1_LALUZGNODE,RTPD,MCE,LMP_ENE_PRC,BELEN_1_LALUZGNODE,ALL,1,300.29376,4,3
2022-09-01T22:45:00-00:00,2022-09-01T23:00:00-00:00,2022-09-01,16,BELEN_1_LALUZGNODE,BELEN_1_LALUZGNODE,BELEN_1_LALUZGNODE,RTPD,MCE,LMP_ENE_PRC,BELEN_1_LALUZGNODE,ALL,1,429.9137,4,3
2022-09-01T23:45:00-00:00,2022-09-02T00:00:00-00:00,2022-09-01,17,BELEN_1_LALUZGNODE,BELEN_1_LALUZGNODE,BELEN_1_LALUZGNODE,RTPD,MCE,LMP_ENE_PRC,BELEN_1_LALUZGNODE,ALL,1,1261.2124,4,3
2022-09-02T00:45:00-00:00,2022-09-02T01:00:00-00:00,2022-09-01,18,BELEN_1_LALUZGNODE,BELEN_1_LALUZGNODE,BELEN_1_LALUZGNODE,RTPD,MCE,LMP_ENE_PRC,BELEN_1_LALUZGNODE,ALL,1,1519.149,4,3
2022-09-02T01:45:00-00:00,2022-09-02T02:00:00-00:00,2022-09-01,19,BELEN_1_LALUZGNODE,BELEN_1_LALUZGNODE,BELEN_1_LALUZGNODE,RTPD,MCE,LMP_ENE_PRC,BELEN_1_LALUZGNODE,ALL,1,1991.9337,4,3
2022-09-02T02:45:00-00:00,2022-09-02T03:00:00-00:00,2022-09-01,20,BELEN_1_LALUZGNODE,BELEN_1_LALUZGNODE,BELEN_1_LALUZGNODE,RTPD,MCE,LMP_ENE_PRC,BELEN_1_LALUZGNODE,ALL,1,1629.6213,4,3
2022-09-02T03:45:00-00:00,2022-09-02T04:00:00-00:00,2022-09-01,21,BELEN_1_LALUZGNODE,BELEN_1_LALUZGNODE,BELEN_1_LALUZGNODE,RTPD,MCE,LMP_ENE_PRC,BELEN_1_LALUZGNODE,ALL,1,141.13702,4,3
2022-09-02T04:45:00-00:00,2022-09-02T05:00:00-00:00,2022-09-01,22,BELEN_1_LALUZGNODE,BELEN_1_LALUZGNODE,BELEN_1_LALUZGNODE,RTPD,MCE,LMP_ENE_PRC,BELEN_1_LALUZGNODE,ALL,1,126.76372,4,3
2022-09-02T05:45:00-00:00,2022-09-02T06:00:00-00:00,2022-09-01,23,BELEN_1_LALUZGNODE,BELEN_1_LALUZGNODE,BELEN_1_LALUZGNODE,RTPD,MCE,LMP_ENE_PRC,BELEN_1_LALUZGNODE,ALL,1,119.00958,4,3
2022-09-02T06:45:00-00:00,2022-09-02T07:00:00-00:00,2022-09-01,24,BELEN_1_LALUZGNODE,BELEN_1_LALUZGNODE,BELEN_1_LALUZGNODE,RTPD,MCE,LMP_ENE_PRC,BELEN_1_LALUZGNODE,ALL,1,109.20324,4,3
2022-09-01T07:00:00-00:00,2022-09-01T07:15:00-00:00,2022-09-01,01,BELEN_1_LALUZGNODE,BELEN_1_LALUZGNODE,BELEN_1_LALUZGNODE,RTPD,MCL,LMP_LOSS_PRC,BELEN_1_LALUZGNODE,ALL,1,1.24328,1,4
2022-09-01T08:00:00-00:00,2022-09-01T08:15:00-00:00,2022-09-01,02,BELEN_1_LALUZGNODE,BELEN_1_LALUZGNODE,BELEN_1_LALUZGNODE,RTPD,MCL,LMP_LOSS_PRC,BELEN_1_LALUZGNODE,ALL,1,0,1,4
2022-09-01T09:00:00-00:00,2022-09-01T09:15:00-00:00,2022-09-01,03,BELEN_1_LALUZGNODE,BELEN_1_LALUZGNODE,BELEN_1_LALUZGNODE,RTPD,MCL,LMP_LOSS_PRC,BELEN_1_LALUZGNODE,ALL,1,0.32396,1,4
2022-09-01T10:00:00-00:00,2022-09-01T10:15:00-00:00,2022-09-01,04,BELEN_1_LALUZGNODE,BELEN_1_LALUZGNODE,BELEN_1_LALUZGNODE,RTPD,MCL,LMP_LOSS_PRC,BELEN_1_LALUZGNODE,ALL,1,1.07216,1,4
2022-09-01T11:00:00-00:00,2022-09-01T11:15:00-00:00,2022-09-01,05,BELEN_1_LALUZGNODE,BELEN_1_LALUZGNODE,BELEN_1_LALUZGNODE,RTPD,MCL,LMP_LOSS_PRC,BELEN_1_LALUZGNODE,ALL,1,0.68542,1,4
2022-09-01T12:00:00-00:00,2022-09-01T12:15:00-00:00,2022-09-01,06,BELEN_1_LALUZGNODE,BELEN_1_LALUZGNODE,BELEN_1_LALUZGNODE,RTPD,MCL,LMP_LOSS_PRC,BELEN_1_LALUZGNODE,ALL,1,0.61562,1,4
2022-09-01T13:00:00-00:00,2022-09-01T13:15:00-00:00,2022-09-01,07,BELEN_1_LALUZGNODE,BELEN_1_LALUZGNODE,BELEN_1_LALUZGNODE,RTPD,MCL,LMP_LOSS_PRC,BELEN_1_LALUZGNODE,ALL,1,0,1,4
2022-09-01T14:00:00-00:00,2022-09-01T14:15:00-00:00,2022-09-01,08,BELEN_1_LALUZGNODE,BELEN_1_LALUZGNODE,BELEN_1_LALUZGNODE,RTPD,MCL,LMP_LOSS_PRC,BELEN_1_LALUZGNODE,ALL,1,-3.42838,1,4
2022-09-01T15:00:00-00:00,2022-09-01T15:15:00-00:00,2022-09-01,09,BELEN_1_LALUZGNODE,BELEN_1_LALUZGNODE,BELEN_1_LALUZGNODE,RTPD,MCL,LMP_LOSS_PRC,BELEN_1_LALUZGNODE,ALL,1,0,1,4
2022-09-01T16:00:00-00:00,2022-09-01T16:15:00-00:00,2022-09-01,10,BELEN_1_LALUZGNODE,BELEN_1_LALUZGNODE,BELEN_1_LALUZGNODE,RTPD,MCL,LMP_LOSS_PRC,BELEN_1_LALUZGNODE,ALL,1,0,1,4
2022-09-01T17:00:00-00:00,2022-09-01T17:15:00-00:00,2022-09-01,11,BELEN_1_LALUZGNODE,BELEN_1_LALUZGNODE,BELEN_1_LALUZGNODE,RTPD,MCL,LMP_LOSS_PRC,BELEN_1_LALUZGNODE,ALL,1,0,1,4
2022-09-01T18:00:00-00:00,2022-09-01T18:15:00-00:00,2022-09-01,12,BELEN_1_LALUZGNODE,BELEN_1_LALUZGNODE,BELEN_1_LALUZGNODE,RTPD,MCL,LMP_LOSS_PRC,BELEN_1_LALUZGNODE,ALL,1,0,1,4
2022-09-01T19:00:00-00:00,2022-09-01T19:15:00-00:00,2022-09-01,13,BELEN_1_LALUZGNODE,BELEN_1_LALUZGNODE,BELEN_1_LALUZGNODE,RTPD,MCL,LMP_LOSS_PRC,BELEN_1_LALUZGNODE,ALL,1,0,1,4
2022-09-01T20:00:00-00:00,2022-09-01T20:15:00-00:00,2022-09-01,14,BELEN_1_LALUZGNODE,BELEN_1_LALUZGNODE,BELEN_1_LALUZGNODE,RTPD,MCL,LMP_LOSS_PRC,BELEN_1_LALUZGNODE,ALL,1,0,1,4
2022-09-01T21:00:00-00:00,2022-09-01T21:15:00-00:00,2022-09-01,15,BELEN_1_LALUZGNODE,BELEN_1_LALUZGNODE,BELEN_1_LALUZGNODE,RTPD,MCL,LMP_LOSS_PRC,BELEN_1_LALUZGNODE,ALL,1,0,1,4
2022-09-01T22:00:00-00:00,2022-09-01T22:15:00-00:00,2022-09-01,16,BELEN_1_LALUZGNODE,BELEN_1_LALUZGNODE,BELEN_1_LALUZGNODE,RTPD,MCL,LMP_LOSS_PRC,BELEN_1_LALUZGNODE,ALL,1,0,1,4
2022-09-01T23:00:00-00:00,2022-09-01T23:15:00-00:00,2022-09-01,17,BELEN_1_LALUZGNODE,BELEN_1_LALUZGNODE,BELEN_1_LALUZGNODE,RTPD,MCL,LMP_LOSS_PRC,BELEN_1_LALUZGNODE,ALL,1,0,1,4
2022-09-02T00:00:00-00:00,2022-09-02T00:15:00-00:00,2022-09-01,18,BELEN_1_LALUZGNODE,BELEN_1_LALUZGNODE,BELEN_1_LALUZGNODE,RTPD,MCL,LMP_LOSS_PRC,BELEN_1_LALUZGNODE,ALL,1,-85.44667,1,4
2022-09-02T01:00:00-00:00,2022-09-02T01:15:00-00:00,2022-09-01,19,BELEN_1_LALUZGNODE,BELEN_1_LALUZGNODE,BELEN_1_LALUZGNODE,RTPD,MCL,LMP_LOSS_PRC,BELEN_1_LALUZGNODE,ALL,1,0,1,4
2022-09-02T02:00:00-00:00,2022-09-02T02:15:00-00:00,2022-09-01,20,BELEN_1_LALUZGNODE,BELEN_1_LALUZGNODE,BELEN_1_LALUZGNODE,RTPD,MCL,LMP_LOSS_PRC,BELEN_1_LALUZGNODE,ALL,1,0,1,4
2022-09-02T03:00:00-00:00,2022-09-02T03:15:00-00:00,2022-09-01,21,BELEN_1_LALUZGNODE,BELEN_1_LALUZGNODE,BELEN_1_LALUZGNODE,RTPD,MCL,LMP_LOSS_PRC,BELEN_1_LALUZGNODE,ALL,1,-79.69794,1,4
2022-09-02T04:00:00-00:00,2022-09-02T04:15:00-00:00,2022-09-01,22,BELEN_1_LALUZGNODE,BELEN_1_LALUZGNODE,BELEN_1_LALUZGNODE,RTPD,MCL,LMP_LOSS_PRC,BELEN_1_LALUZGNODE,ALL,1,-13.05331,1,4
2022-09-02T05:00:00-00:00,2022-09-02T05:15:00-00:00,2022-09-01,23,BELEN_1_LALUZGNODE,BELEN_1_LALUZGNODE,BELEN_1_LALUZGNODE,RTPD,MCL,LMP_LOSS_PRC,BELEN_1_LALUZGNODE,ALL,1,-14.4018,1,4
2022-09-02T06:00:00-00:00,2022-09-02T06:15:00-00:00,2022-09-01,24,BELEN_1_LALUZGNODE,BELEN_1_LALUZGNODE,BELEN_1_LALUZGNODE,RTPD,MCL,LMP_LOSS_PRC,BELEN_1_LALUZGNODE,ALL,1,-12.33833,1,4
2022-09-01T07:15:00-00:00,2022-09-01T07:30:00-00:00,2022-09-01,01,BELEN_1_LALUZGNODE,BELEN_1_LALUZGNODE,BELEN_1_LALUZGNODE,RTPD,MCL,LMP_LOSS_PRC,BELEN_1_LALUZGNODE,ALL,1,0,2,4
2022-09-01T08:15:00-00:00,2022-09-01T08:30:00-00:00,2022-09-01,02,BELEN_1_LALUZGNODE,BELEN_1_LALUZGNODE,BELEN_1_LALUZGNODE,RTPD,MCL,LMP_LOSS_PRC,BELEN_1_LALUZGNODE,ALL,1,0,2,4
2022-09-01T09:15:00-00:00,2022-09-01T09:30:00-00:00,2022-09-01,03,BELEN_1_LALUZGNODE,BELEN_1_LALUZGNODE,BELEN_1_LALUZGNODE,RTPD,MCL,LMP_LOSS_PRC,BELEN_1_LALUZGNODE,ALL,1,0.3703,2,4
2022-09-01T10:15:00-00:00,2022-09-01T10:30:00-00:00,2022-09-01,04,BELEN_1_LALUZGNODE,BELEN_1_LALUZGNODE,BELEN_1_LALUZGNODE,RTPD,MCL,LMP_LOSS_PRC,BELEN_1_LALUZGNODE,ALL,1,1.11256,2,4
2022-09-01T11:15:00-00:00,2022-09-01T11:30:00-00:00,2022-09-01,05,BELEN_1_LALUZGNODE,BELEN_1_LALUZGNODE,BELEN_1_LALUZGNODE,RTPD,MCL,LMP_LOSS_PRC,BELEN_1_LALUZGNODE,ALL,1,0.8376,2,4
2022-09-01T12:15:00-00:00,2022-09-01T12:30:00-00:00,2022-09-01,06,BELEN_1_LALUZGNODE,BELEN_1_LALUZGNODE,BELEN_1_LALUZGNODE,RTPD,MCL,LMP_LOSS_PRC,BELEN_1_LALUZGNODE,ALL,1,0.43484,2,4
2022-09-01T13:15:00-00:00,2022-09-01T13:30:00-00:00,2022-09-01,07,BELEN_1_LALUZGNODE,BELEN_1_LALUZGNODE,BELEN_1_LALUZGNODE,RTPD,MCL,LMP_LOSS_PRC,BELEN_1_LALUZGNODE,ALL,1,1.5452,2,4
2022-09-01T14:15:00-00:00,2022-09-01T14:30:00-00:00,2022-09-01,08,BELEN_1_LALUZGNODE,BELEN_1_LALUZGNODE,BELEN_1_LALUZGNODE,RTPD,MCL,LMP_LOSS_PRC,BELEN_1_LALUZGNODE,ALL,1,-3.80343,2,4
2022-09-01T15:15:00-00:00,2022-09-01T15:30:00-00:00,2022-09-01,09,BELEN_1_LALUZGNODE,BELEN_1_LALUZGNODE,BELEN_1_LALUZGNODE,RTPD,MCL,LMP_LOSS_PRC,BELEN_1_LALUZGNODE,ALL,1,0,2,4
2022-09-01T16:15:00-00:00,2022-09-01T16:30:00-00:00,2022-09-01,10,BELEN_1_LALUZGNODE,BELEN_1_LALUZGNODE,BELEN_1_LALUZGNODE,RTPD,MCL,LMP_LOSS_PRC,BELEN_1_LALUZGNODE,ALL,1,0,2,4
2022-09-01T17:15:00-00:00,2022-09-01T17:30:00-00:00,2022-09-01,11,BELEN_1_LALUZGNODE,BELEN_1_LALUZGNODE,BELEN_1_LALUZGNODE,RTPD,MCL,LMP_LOSS_PRC,BELEN_1_LALUZGNODE,ALL,1,0,2,4
2022-09-01T18:15:00-00:00,2022-09-01T18:30:00-00:00,2022-09-01,12,BELEN_1_LALUZGNODE,BELEN_1_LALUZGNODE,BELEN_1_LALUZGNODE,RTPD,MCL,LMP_LOSS_PRC,BELEN_1_LALUZGNODE,ALL,1,0,2,4
2022-09-01T19:15:00-00:00,2022-09-01T19:30:00-00:00,2022-09-01,13,BELEN_1_LALUZGNODE,BELEN_1_LALUZGNODE,BELEN_1_LALUZGNODE,RTPD,MCL,LMP_LOSS_PRC,BELEN_1_LALUZGNODE,ALL,1,0,2,4
2022-09-01T20:15:00-00:00,2022-09-01T20:30:00-00:00,2022-09-01,14,BELEN_1_LALUZGNODE,BELEN_1_LALUZGNODE,BELEN_1_LALUZGNODE,RTPD,MCL,LMP_LOSS_PRC,BELEN_1_LALUZGNODE,ALL,1,0,2,4
2022-09-01T21:15:00-00:00,2022-09-01T21:30:00-00:00,2022-09-01,15,BELEN_1_LALUZGNODE,BELEN_1_LALUZGNODE,BELEN_1_LALUZGNODE,RTPD,MCL,LMP_LOSS_PRC,BELEN_1_LALUZGNODE,ALL,1,0,2,4
2022-09-01T22:15:00-00:00,2022-09-01T22:30:00-00:00,2022-09-01,16,BELEN_1_LALUZGNODE,BELEN_1_LALUZGNODE,BELEN_1_LALUZGNODE,RTPD,MCL,LMP_LOSS_PRC,BELEN_1_LALUZGNODE,ALL,1,0,2,4
2022-09-01T23:15:00-00:00,2022-09-01T23:30:00-00:00,2022-09-01,17,BELEN_1_LALUZGNODE,BELEN_1_LALUZGNODE,BELEN_1_LALUZGNODE,RTPD,MCL,LMP_LOSS_PRC,BELEN_1_LALUZGNODE,ALL,1,0,2,4
2022-09-02T00:15:00-00:00,2022-09-02T00:30:00-00:00,2022-09-01,18,BELEN_1_LALUZGNODE,BELEN_1_LALUZGNODE,BELEN_1_LALUZGNODE,RTPD,MCL,LMP_LOSS_PRC,BELEN_1_LALUZGNODE,ALL,1,-74.82614,2,4
2022-09-02T01:15:00-00:00,2022-09-02T01:30:00-00:00,2022-09-01,19,BELEN_1_LALUZGNODE,BELEN_1_LALUZGNODE,BELEN_1_LALUZGNODE,RTPD,MCL,LMP_LOSS_PRC,BELEN_1_LALUZGNODE,ALL,1,0,2,4
2022-09-02T02:15:00-00:00,2022-09-02T02:30:00-00:00,2022-09-01,20,BELEN_1_LALUZGNODE,BELEN_1_LALUZGNODE,BELEN_1_LALUZGNODE,RTPD,MCL,LMP_LOSS_PRC,BELEN_1_LALUZGNODE,ALL,1,0,2,4
2022-09-02T03:15:00-00:00,2022-09-02T03:30:00-00:00,2022-09-01,21,BELEN_1_LALUZGNODE,BELEN_1_LALUZGNODE,BELEN_1_LALUZGNODE,RTPD,MCL,LMP_LOSS_PRC,BELEN_1_LALUZGNODE,ALL,1,-19.86543,2,4
2022-09-02T04:15:00-00:00,2022-09-02T04:30:00-00:00,2022-09-01,22,BELEN_1_LALUZGNODE,BELEN_1_LALUZGNODE,BELEN_1_LALUZGNODE,RTPD,MCL,LMP_LOSS_PRC,BELEN_1_LALUZGNODE,ALL,1,-12.7445,2,4
2022-09-02T05:15:00-00:00,2022-09-02T05:30:00-00:00,2022-09-01,23,BELEN_1_LALUZGNODE,BELEN_1_LALUZGNODE,BELEN_1_LALUZGNODE,RTPD,MCL,LMP_LOSS_PRC,BELEN_1_LALUZGNODE,ALL,1,-10.64523,2,4
2022-09-02T06:15:00-00:00,2022-09-02T06:30:00-00:00,2022-09-01,24,BELEN_1_LALUZGNODE,BELEN_1_LALUZGNODE,BELEN_1_LALUZGNODE,RTPD,MCL,LMP_LOSS_PRC,BELEN_1_LALUZGNODE,ALL,1,-9.46211,2,4
2022-09-01T07:30:00-00:00,2022-09-01T07:45:00-00:00,2022-09-01,01,BELEN_1_LALUZGNODE,BELEN_1_LALUZGNODE,BELEN_1_LALUZGNODE,RTPD,MCL,LMP_LOSS_PRC,BELEN_1_LALUZGNODE,ALL,1,0,3,4
2022-09-01T08:30:00-00:00,2022-09-01T08:45:00-00:00,2022-09-01,02,BELEN_1_LALUZGNODE,BELEN_1_LALUZGNODE,BELEN_1_LALUZGNODE,RTPD,MCL,LMP_LOSS_PRC,BELEN_1_LALUZGNODE,ALL,1,0.50086,3,4
2022-09-01T09:30:00-00:00,2022-09-01T09:45:00-00:00,2022-09-01,03,BELEN_1_LALUZGNODE,BELEN_1_LALUZGNODE,BELEN_1_LALUZGNODE,RTPD,MCL,LMP_LOSS_PRC,BELEN_1_LALUZGNODE,ALL,1,0.63042,3,4
2022-09-01T10:30:00-00:00,2022-09-01T10:45:00-00:00,2022-09-01,04,BELEN_1_LALUZGNODE,BELEN_1_LALUZGNODE,BELEN_1_LALUZGNODE,RTPD,MCL,LMP_LOSS_PRC,BELEN_1_LALUZGNODE,ALL,1,1.13688,3,4
2022-09-01T11:30:00-00:00,2022-09-01T11:45:00-00:00,2022-09-01,05,BELEN_1_LALUZGNODE,BELEN_1_LALUZGNODE,BELEN_1_LALUZGNODE,RTPD,MCL,LMP_LOSS_PRC,BELEN_1_LALUZGNODE,ALL,1,0.50459,3,4
2022-09-01T12:30:00-00:00,2022-09-01T12:45:00-00:00,2022-09-01,06,BELEN_1_LALUZGNODE,BELEN_1_LALUZGNODE,BELEN_1_LALUZGNODE,RTPD,MCL,LMP_LOSS_PRC,BELEN_1_LALUZGNODE,ALL,1,1.12611,3,4
2022-09-01T13:30:00-00:00,2022-09-01T13:45:00-00:00,2022-09-01,07,BELEN_1_LALUZGNODE,BELEN_1_LALUZGNODE,BELEN_1_LALUZGNODE,RTPD,MCL,LMP_LOSS_PRC,BELEN_1_LALUZGNODE,ALL,1,0.51664,3,4
2022-09-01T14:30:00-00:00,2022-09-01T14:45:00-00:00,2022-09-01,08,BELEN_1_LALUZGNODE,BELEN_1_LALUZGNODE,BELEN_1_LALUZGNODE,RTPD,MCL,LMP_LOSS_PRC,BELEN_1_LALUZGNODE,ALL,1,-4.82195,3,4
2022-09-01T15:30:00-00:00,2022-09-01T15:45:00-00:00,2022-09-01,09,BELEN_1_LALUZGNODE,BELEN_1_LALUZGNODE,BELEN_1_LALUZGNODE,RTPD,MCL,LMP_LOSS_PRC,BELEN_1_LALUZGNODE,ALL,1,0,3,4
2022-09-01T16:30:00-00:00,2022-09-01T16:45:00-00:00,2022-09-01,10,BELEN_1_LALUZGNODE,BELEN_1_LALUZGNODE,BELEN_1_LALUZGNODE,RTPD,MCL,LMP_LOSS_PRC,BELEN_1_LALUZGNODE,ALL,1,0,3,4
2022-09-01T17:30:00-00:00,2022-09-01T17:45:00-00:00,2022-09-01,11,BELEN_1_LALUZGNODE,BELEN_1_LALUZGNODE,BELEN_1_LALUZGNODE,RTPD,MCL,LMP_LOSS_PRC,BELEN_1_LALUZGNODE,ALL,1,0,3,4
2022-09-01T18:30:00-00:00,2022-09-01T18:45:00-00:00,2022-09-01,12,BELEN_1_LALUZGNODE,BELEN_1_LALUZGNODE,BELEN_1_LALUZGNODE,RTPD,MCL,LMP_LOSS_PRC,BELEN_1_LALUZGNODE,ALL,1,0,3,4
2022-09-01T19:30:00-00:00,2022-09-01T19:45:00-00:00,2022-09-01,13,BELEN_1_LALUZGNODE,BELEN_1_LALUZGNODE,BELEN_1_LALUZGNODE,RTPD,MCL,LMP_LOSS_PRC,BELEN_1_LALUZGNODE,ALL,1,0,3,4
2022-09-01T20:30:00-00:00,2022-09-01T20:45:00-00:00,2022-09-01,14,BELEN_1_LALUZGNODE,BELEN_1_LALUZGNODE,BELEN_1_LALUZGNODE,RTPD,MCL,LMP_LOSS_PRC,BELEN_1_LALUZGNODE,ALL,1,0,3,4
2022-09-01T21:30:00-00:00,2022-09-01T21:45:00-00:00,2022-09-01,15,BELEN_1_LALUZGNODE,BELEN_1_LALUZGNODE,BELEN_1_LALUZGNODE,RTPD,MCL,LMP_LOSS_PRC,BELEN_1_LALUZGNODE,ALL,1,0,3,4
2022-09-01T22:30:00-00:00,2022-09-01T22:45:00-00:00,2022-09-01,16,BELEN_1_LALUZGNODE,BELEN_1_LALUZGNODE,BELEN_1_LALUZGNODE,RTPD,MCL,LMP_LOSS_PRC,BELEN_1_LALUZGNODE,ALL,1,0,3,4
2022-09-01T23:30:00-00:00,2022-09-01T23:45:00-00:00,2022-09-01,17,BELEN_1_LALUZGNODE,BELEN_1_LALUZGNODE,BELEN_1_LALUZGNODE,RTPD,MCL,LMP_LOSS_PRC,BELEN_1_LALUZGNODE,ALL,1,0,3,4
2022-09-02T00:30:00-00:00,2022-09-02T00:45:00-00:00,2022-09-01,18,BELEN_1_LALUZGNODE,BELEN_1_LALUZGNODE,BELEN_1_LALUZGNODE,RTPD,MCL,LMP_LOSS_PRC,BELEN_1_LALUZGNODE,ALL,1,0,3,4
2022-09-02T01:30:00-00:00,2022-09-02T01:45:00-00:00,2022-09-01,19,BELEN_1_LALUZGNODE,BELEN_1_LALUZGNODE,BELEN_1_LALUZGNODE,RTPD,MCL,LMP_LOSS_PRC,BELEN_1_LALUZGNODE,ALL,1,0,3,4
2022-09-02T02:30:00-00:00,2022-09-02T02:45:00-00:00,2022-09-01,20,BELEN_1_LALUZGNODE,BELEN_1_LALUZGNODE,BELEN_1_LALUZGNODE,RTPD,MCL,LMP_LOSS_PRC,BELEN_1_LALUZGNODE,ALL,1,0,3,4
2022-09-02T03:30:00-00:00,2022-09-02T03:45:00-00:00,2022-09-01,21,BELEN_1_LALUZGNODE,BELEN_1_LALUZGNODE,BELEN_1_LALUZGNODE,RTPD,MCL,LMP_LOSS_PRC,BELEN_1_LALUZGNODE,ALL,1,-9.63943,3,4
2022-09-02T04:30:00-00:00,2022-09-02T04:45:00-00:00,2022-09-01,22,BELEN_1_LALUZGNODE,BELEN_1_LALUZGNODE,BELEN_1_LALUZGNODE,RTPD,MCL,LMP_LOSS_PRC,BELEN_1_LALUZGNODE,ALL,1,-9.12814,3,4
2022-09-02T05:30:00-00:00,2022-09-02T05:45:00-00:00,2022-09-01,23,BELEN_1_LALUZGNODE,BELEN_1_LALUZGNODE,BELEN_1_LALUZGNODE,RTPD,MCL,LMP_LOSS_PRC,BELEN_1_LALUZGNODE,ALL,1,-8.46422,3,4
2022-09-02T06:30:00-00:00,2022-09-02T06:45:00-00:00,2022-09-01,24,BELEN_1_LALUZGNODE,BELEN_1_LALUZGNODE,BELEN_1_LALUZGNODE,RTPD,MCL,LMP_LOSS_PRC,BELEN_1_LALUZGNODE,ALL,1,-7.91375,3,4
2022-09-01T07:45:00-00:00,2022-09-01T08:00:00-00:00,2022-09-01,01,BELEN_1_LALUZGNODE,BELEN_1_LALUZGNODE,BELEN_1_LALUZGNODE,RTPD,MCL,LMP_LOSS_PRC,BELEN_1_LALUZGNODE,ALL,1,0,4,4
2022-09-01T08:45:00-00:00,2022-09-01T09:00:00-00:00,2022-09-01,02,BELEN_1_LALUZGNODE,BELEN_1_LALUZGNODE,BELEN_1_LALUZGNODE,RTPD,MCL,LMP_LOSS_PRC,BELEN_1_LALUZGNODE,ALL,1,0.8898,4,4
2022-09-01T09:45:00-00:00,2022-09-01T10:00:00-00:00,2022-09-01,03,BELEN_1_LALUZGNODE,BELEN_1_LALUZGNODE,BELEN_1_LALUZGNODE,RTPD,MCL,LMP_LOSS_PRC,BELEN_1_LALUZGNODE,ALL,1,0.69318,4,4
2022-09-01T10:45:00-00:00,2022-09-01T11:00:00-00:00,2022-09-01,04,BELEN_1_LALUZGNODE,BELEN_1_LALUZGNODE,BELEN_1_LALUZGNODE,RTPD,MCL,LMP_LOSS_PRC,BELEN_1_LALUZGNODE,ALL,1,1.51787,4,4
2022-09-01T11:45:00-00:00,2022-09-01T12:00:00-00:00,2022-09-01,05,BELEN_1_LALUZGNODE,BELEN_1_LALUZGNODE,BELEN_1_LALUZGNODE,RTPD,MCL,LMP_LOSS_PRC,BELEN_1_LALUZGNODE,ALL,1,0,4,4
2022-09-01T12:45:00-00:00,2022-09-01T13:00:00-00:00,2022-09-01,06,BELEN_1_LALUZGNODE,BELEN_1_LALUZGNODE,BELEN_1_LALUZGNODE,RTPD,MCL,LMP_LOSS_PRC,BELEN_1_LALUZGNODE,ALL,1,0,4,4
2022-09-01T13:45:00-00:00,2022-09-01T14:00:00-00:00,2022-09-01,07,BELEN_1_LALUZGNODE,BELEN_1_LALUZGNODE,BELEN_1_LALUZGNODE,RTPD,MCL,LMP_LOSS_PRC,BELEN_1_LALUZGNODE,ALL,1,0,4,4
2022-09-01T14:45:00-00:00,2022-09-01T15:00:00-00:00,2022-09-01,08,BELEN_1_LALUZGNODE,BELEN_1_LALUZGNODE,BELEN_1_LALUZGNODE,RTPD,MCL,LMP_LOSS_PRC,BELEN_1_LALUZGNODE,ALL,1,0,4,4
2022-09-01T15:45:00-00:00,2022-09-01T16:00:00-00:00,2022-09-01,09,BELEN_1_LALUZGNODE,BELEN_1_LALUZGNODE,BELEN_1_LALUZGNODE,RTPD,MCL,LMP_LOSS_PRC,BELEN_1_LALUZGNODE,ALL,1,0,4,4
2022-09-01T16:45:00-00:00,2022-09-01T17:00:00-00:00,2022-09-01,10,BELEN_1_LALUZGNODE,BELEN_1_LALUZGNODE,BELEN_1_LALUZGNODE,RTPD,MCL,LMP_LOSS_PRC,BELEN_1_LALUZGNODE,ALL,1,0,4,4
2022-09-01T17:45:00-00:00,2022-09-01T18:00:00-00:00,2022-09-01,11,BELEN_1_LALUZGNODE,BELEN_1_LALUZGNODE,BELEN_1_LALUZGNODE,RTPD,MCL,LMP_LOSS_PRC,BELEN_1_LALUZGNODE,ALL,1,0,4,4
2022-09-01T18:45:00-00:00,2022-09-01T19:00:00-00:00,2022-09-01,12,BELEN_1_LALUZGNODE,BELEN_1_LALUZGNODE,BELEN_1_LALUZGNODE,RTPD,MCL,LMP_LOSS_PRC,BELEN_1_LALUZGNODE,ALL,1,0,4,4
2022-09-01T19:45:00-00:00,2022-09-01T20:00:00-00:00,2022-09-01,13,BELEN_1_LALUZGNODE,BELEN_1_LALUZGNODE,BELEN_1_LALUZGNODE,RTPD,MCL,LMP_LOSS_PRC,BELEN_1_LALUZGNODE,ALL,1,0,4,4
2022-09-01T20:45:00-00:00,2022-09-01T21:00:00-00:00,2022-09-01,14,BELEN_1_LALUZGNODE,BELEN_1_LALUZGNODE,BELEN_1_LALUZGNODE,RTPD,MCL,LMP_LOSS_PRC,BELEN_1_LALUZGNODE,ALL,1,0,4,4
2022-09-01T21:45:00-00:00,2022-09-01T22:00:00-00:00,2022-09-01,15,BELEN_1_LALUZGNODE,BELEN_1_LALUZGNODE,BELEN_1_LALUZGNODE,RTPD,MCL,LMP_LOSS_PRC,BELEN_1_LALUZGNODE,ALL,1,0,4,4
2022-09-01T22:45:00-00:00,2022-09-01T23:00:00-00:00,2022-09-01,16,BELEN_1_LALUZGNODE,BELEN_1_LALUZGNODE,BELEN_1_LALUZGNODE,RTPD,MCL,LMP_LOSS_PRC,BELEN_1_LALUZGNODE,ALL,1,0,4,4
2022-09-01T23:45:00-00:00,2022-09-02T00:00:00-00:00,2022-09-01,17,BELEN_1_LALUZGNODE,BELEN_1_LALUZGNODE,BELEN_1_LALUZGNODE,RTPD,MCL,LMP_LOSS_PRC,BELEN_1_LALUZGNODE,ALL,1,0,4,4
2022-09-02T00:45:00-00:00,2022-09-02T01:00:00-00:00,2022-09-01,18,BELEN_1_LALUZGNODE,BELEN_1_LALUZGNODE,BELEN_1_LALUZGNODE,RTPD,MCL,LMP_LOSS_PRC,BELEN_1_LALUZGNODE,ALL,1,0,4,4
2022-09-02T01:45:00-00:00,2022-09-02T02:00:00-00:00,2022-09-01,19,BELEN_1_LALUZGNODE,BELEN_1_LALUZGNODE,BELEN_1_LALUZGNODE,RTPD,MCL,LMP_LOSS_PRC,BELEN_1_LALUZGNODE,ALL,1,0,4,4
2022-09-02T02:45:00-00:00,2022-09-02T03:00:00-00:00,2022-09-01,20,BELEN_1_LALUZGNODE,BELEN_1_LALUZGNODE,BELEN_1_LALUZGNODE,RTPD,MCL,LMP_LOSS_PRC,BELEN_1_LALUZGNODE,ALL,1,-170.77719,4,4
2022-09-02T03:45:00-00:00,2022-09-02T04:00:00-00:00,2022-09-01,21,BELEN_1_LALUZGNODE,BELEN_1_LALUZGNODE,BELEN_1_LALUZGNODE,RTPD,MCL,LMP_LOSS_PRC,BELEN_1_LALUZGNODE,ALL,1,-5.7226,4,4
2022-09-02T04:45:00-00:00,2022-09-02T05:00:00-00:00,2022-09-01,22,BELEN_1_LALUZGNODE,BELEN_1_LALUZGNODE,BELEN_1_LALUZGNODE,RTPD,MCL,LMP_LOSS_PRC,BELEN_1_LALUZGNODE,ALL,1,-7.69173,4,4
2022-09-02T05:45:00-00:00,2022-09-02T06:00:00-00:00,2022-09-01,23,BELEN_1_LALUZGNODE,BELEN_1_LALUZGNODE,BELEN_1_LALUZGNODE,RTPD,MCL,LMP_LOSS_PRC,BELEN_1_LALUZGNODE,ALL,1,-6.20106,4,4
2022-09-02T06:45:00-00:00,2022-09-02T07:00:00-00:00,2022-09-01,24,BELEN_1_LALUZGNODE,BELEN_1_LALUZGNODE,BELEN_1_LALUZGNODE,RTPD,MCL,LMP_LOSS_PRC,BELEN_1_LALUZGNODE,ALL,1,-6.90498,4,4
2022-09-01T07:00:00-00:00,2022-09-01T07:15:00-00:00,2022-09-01,01,BELEN_1_LALUZGNODE,BELEN_1_LALUZGNODE,BELEN_1_LALUZGNODE,RTPD,MGHG,LMP_GHG_PRC,BELEN_1_LALUZGNODE,ALL,1,-11.45,1,5
2022-09-01T08:00:00-00:00,2022-09-01T08:15:00-00:00,2022-09-01,02,BELEN_1_LALUZGNODE,BELEN_1_LALUZGNODE,BELEN_1_LALUZGNODE,RTPD,MGHG,LMP_GHG_PRC,BELEN_1_LALUZGNODE,ALL,1,-14.13,1,5
2022-09-01T09:00:00-00:00,2022-09-01T09:15:00-00:00,2022-09-01,03,BELEN_1_LALUZGNODE,BELEN_1_LALUZGNODE,BELEN_1_LALUZGNODE,RTPD,MGHG,LMP_GHG_PRC,BELEN_1_LALUZGNODE,ALL,1,-12.17178,1,5
2022-09-01T10:00:00-00:00,2022-09-01T10:15:00-00:00,2022-09-01,04,BELEN_1_LALUZGNODE,BELEN_1_LALUZGNODE,BELEN_1_LALUZGNODE,RTPD,MGHG,LMP_GHG_PRC,BELEN_1_LALUZGNODE,ALL,1,-13.55,1,5
2022-09-01T11:00:00-00:00,2022-09-01T11:15:00-00:00,2022-09-01,05,BELEN_1_LALUZGNODE,BELEN_1_LALUZGNODE,BELEN_1_LALUZGNODE,RTPD,MGHG,LMP_GHG_PRC,BELEN_1_LALUZGNODE,ALL,1,-13.55,1,5
2022-09-01T12:00:00-00:00,2022-09-01T12:15:00-00:00,2022-09-01,06,BELEN_1_LALUZGNODE,BELEN_1_LALUZGNODE,BELEN_1_LALUZGNODE,RTPD,MGHG,LMP_GHG_PRC,BELEN_1_LALUZGNODE,ALL,1,-13.71725,1,5
2022-09-01T13:00:00-00:00,2022-09-01T13:15:00-00:00,2022-09-01,07,BELEN_1_LALUZGNODE,BELEN_1_LALUZGNODE,BELEN_1_LALUZGNODE,RTPD,MGHG,LMP_GHG_PRC,BELEN_1_LALUZGNODE,ALL,1,-15,1,5
2022-09-01T14:00:00-00:00,2022-09-01T14:15:00-00:00,2022-09-01,08,BELEN_1_LALUZGNODE,BELEN_1_LALUZGNODE,BELEN_1_LALUZGNODE,RTPD,MGHG,LMP_GHG_PRC,BELEN_1_LALUZGNODE,ALL,1,-15.61,1,5
2022-09-01T15:00:00-00:00,2022-09-01T15:15:00-00:00,2022-09-01,09,BELEN_1_LALUZGNODE,BELEN_1_LALUZGNODE,BELEN_1_LALUZGNODE,RTPD,MGHG,LMP_GHG_PRC,BELEN_1_LALUZGNODE,ALL,1,-12.7,1,5
2022-09-01T16:00:00-00:00,2022-09-01T16:15:00-00:00,2022-09-01,10,BELEN_1_LALUZGNODE,BELEN_1_LALUZGNODE,BELEN_1_LALUZGNODE,RTPD,MGHG,LMP_GHG_PRC,BELEN_1_LALUZGNODE,ALL,1,-14.1,1,5
2022-09-01T17:00:00-00:00,2022-09-01T17:15:00-00:00,2022-09-01,11,BELEN_1_LALUZGNODE,BELEN_1_LALUZGNODE,BELEN_1_LALUZGNODE,RTPD,MGHG,LMP_GHG_PRC,BELEN_1_LALUZGNODE,ALL,1,-11.63,1,5
2022-09-01T18:00:00-00:00,2022-09-01T18:15:00-00:00,2022-09-01,12,BELEN_1_LALUZGNODE,BELEN_1_LALUZGNODE,BELEN_1_LALUZGNODE,RTPD,MGHG,LMP_GHG_PRC,BELEN_1_LALUZGNODE,ALL,1,-13.98,1,5
2022-09-01T19:00:00-00:00,2022-09-01T19:15:00-00:00,2022-09-01,13,BELEN_1_LALUZGNODE,BELEN_1_LALUZGNODE,BELEN_1_LALUZGNODE,RTPD,MGHG,LMP_GHG_PRC,BELEN_1_LALUZGNODE,ALL,1,-14.15,1,5
2022-09-01T20:00:00-00:00,2022-09-01T20:15:00-00:00,2022-09-01,14,BELEN_1_LALUZGNODE,BELEN_1_LALUZGNODE,BELEN_1_LALUZGNODE,RTPD,MGHG,LMP_GHG_PRC,BELEN_1_LALUZGNODE,ALL,1,-26.16,1,5
2022-09-01T21:00:00-00:00,2022-09-01T21:15:00-00:00,2022-09-01,15,BELEN_1_LALUZGNODE,BELEN_1_LALUZGNODE,BELEN_1_LALUZGNODE,RTPD,MGHG,LMP_GHG_PRC,BELEN_1_LALUZGNODE,ALL,1,-15,1,5
2022-09-01T22:00:00-00:00,2022-09-01T22:15:00-00:00,2022-09-01,16,BELEN_1_LALUZGNODE,BELEN_1_LALUZGNODE,BELEN_1_LALUZGNODE,RTPD,MGHG,LMP_GHG_PRC,BELEN_1_LALUZGNODE,ALL,1,-17.36,1,5
2022-09-01T23:00:00-00:00,2022-09-01T23:15:00-00:00,2022-09-01,17,BELEN_1_LALUZGNODE,BELEN_1_LALUZGNODE,BELEN_1_LALUZGNODE,RTPD,MGHG,LMP_GHG_PRC,BELEN_1_LALUZGNODE,ALL,1,-26.16,1,5
2022-09-02T00:00:00-00:00,2022-09-02T00:15:00-00:00,2022-09-01,18,BELEN_1_LALUZGNODE,BELEN_1_LALUZGNODE,BELEN_1_LALUZGNODE,RTPD,MGHG,LMP_GHG_PRC,BELEN_1_LALUZGNODE,ALL,1,-28.21,1,5
2022-09-02T01:00:00-00:00,2022-09-02T01:15:00-00:00,2022-09-01,19,BELEN_1_LALUZGNODE,BELEN_1_LALUZGNODE,BELEN_1_LALUZGNODE,RTPD,MGHG,LMP_GHG_PRC,BELEN_1_LALUZGNODE,ALL,1,-24.91,1,5
2022-09-02T02:00:00-00:00,2022-09-02T02:15:00-00:00,2022-09-01,20,BELEN_1_LALUZGNODE,BELEN_1_LALUZGNODE,BELEN_1_LALUZGNODE,RTPD,MGHG,LMP_GHG_PRC,BELEN_1_LALUZGNODE,ALL,1,-15.61,1,5
2022-09-02T03:00:00-00:00,2022-09-02T03:15:00-00:00,2022-09-01,21,BELEN_1_LALUZGNODE,BELEN_1_LALUZGNODE,BELEN_1_LALUZGNODE,RTPD,MGHG,LMP_GHG_PRC,BELEN_1_LALUZGNODE,ALL,1,-11.89,1,5
2022-09-02T04:00:00-00:00,2022-09-02T04:15:00-00:00,2022-09-01,22,BELEN_1_LALUZGNODE,BELEN_1_LALUZGNODE,BELEN_1_LALUZGNODE,RTPD,MGHG,LMP_GHG_PRC,BELEN_1_LALUZGNODE,ALL,1,-14.75,1,5
2022-09-02T05:00:00-00:00,2022-09-02T05:15:00-00:00,2022-09-01,23,BELEN_1_LALUZGNODE,BELEN_1_LALUZGNODE,BELEN_1_LALUZGNODE,RTPD,MGHG,LMP_GHG_PRC,BELEN_1_LALUZGNODE,ALL,1,-9.52,1,5
2022-09-02T06:00:00-00:00,2022-09-02T06:15:00-00:00,2022-09-01,24,BELEN_1_LALUZGNODE,BELEN_1_LALUZGNODE,BELEN_1_LALUZGNODE,RTPD,MGHG,LMP_GHG_PRC,BELEN_1_LALUZGNODE,ALL,1,-11.63,1,5
2022-09-01T07:15:00-00:00,2022-09-01T07:30:00-00:00,2022-09-01,01,BELEN_1_LALUZGNODE,BELEN_1_LALUZGNODE,BELEN_1_LALUZGNODE,RTPD,MGHG,LMP_GHG_PRC,BELEN_1_LALUZGNODE,ALL,1,-13.76,2,5
2022-09-01T08:15:00-00:00,2022-09-01T08:30:00-00:00,2022-09-01,02,BELEN_1_LALUZGNODE,BELEN_1_LALUZGNODE,BELEN_1_LALUZGNODE,RTPD,MGHG,LMP_GHG_PRC,BELEN_1_LALUZGNODE,ALL,1,-14.75,2,5
2022-09-01T09:15:00-00:00,2022-09-01T09:30:00-00:00,2022-09-01,03,BELEN_1_LALUZGNODE,BELEN_1_LALUZGNODE,BELEN_1_LALUZGNODE,RTPD,MGHG,LMP_GHG_PRC,BELEN_1_LALUZGNODE,ALL,1,-12.19,2,5
2022-09-01T10:15:00-00:00,2022-09-01T10:30:00-00:00,2022-09-01,04,BELEN_1_LALUZGNODE,BELEN_1_LALUZGNODE,BELEN_1_LALUZGNODE,RTPD,MGHG,LMP_GHG_PRC,BELEN_1_LALUZGNODE,ALL,1,-13.98,2,5
2022-09-01T11:15:00-00:00,2022-09-01T11:30:00-00:00,2022-09-01,05,BELEN_1_LALUZGNODE,BELEN_1_LALUZGNODE,BELEN_1_LALUZGNODE,RTPD,MGHG,LMP_GHG_PRC,BELEN_1_LALUZGNODE,ALL,1,-13.98,2,5
2022-09-01T12:15:00-00:00,2022-09-01T12:30:00-00:00,2022-09-01,06,BELEN_1_LALUZGNODE,BELEN_1_LALUZGNODE,BELEN_1_LALUZGNODE,RTPD,MGHG,LMP_GHG_PRC,BELEN_1_LALUZGNODE,ALL,1,-14.79,2,5
2022-09-01T13:15:00-00:00,2022-09-01T13:30:00-00:00,2022-09-01,07,BELEN_1_LALUZGNODE,BELEN_1_LALUZGNODE,BELEN_1_LALUZGNODE,RTPD,MGHG,LMP_GHG_PRC,BELEN_1_LALUZGNODE,ALL,1,-15,2,5
2022-09-01T14:15:00-00:00,2022-09-01T14:30:00-00:00,2022-09-01,08,BELEN_1_LALUZGNODE,BELEN_1_LALUZGNODE,BELEN_1_LALUZGNODE,RTPD,MGHG,LMP_GHG_PRC,BELEN_1_LALUZGNODE,ALL,1,-14.22559,2,5
2022-09-01T15:15:00-00:00,2022-09-01T15:30:00-00:00,2022-09-01,09,BELEN_1_LALUZGNODE,BELEN_1_LALUZGNODE,BELEN_1_LALUZGNODE,RTPD,MGHG,LMP_GHG_PRC,BELEN_1_LALUZGNODE,ALL,1,-12.7,2,5
2022-09-01T16:15:00-00:00,2022-09-01T16:30:00-00:00,2022-09-01,10,BELEN_1_LALUZGNODE,BELEN_1_LALUZGNODE,BELEN_1_LALUZGNODE,RTPD,MGHG,LMP_GHG_PRC,BELEN_1_LALUZGNODE,ALL,1,-13.34161,2,5
2022-09-01T17:15:00-00:00,2022-09-01T17:30:00-00:00,2022-09-01,11,BELEN_1_LALUZGNODE,BELEN_1_LALUZGNODE,BELEN_1_LALUZGNODE,RTPD,MGHG,LMP_GHG_PRC,BELEN_1_LALUZGNODE,ALL,1,-11.89,2,5
2022-09-01T18:15:00-00:00,2022-09-01T18:30:00-00:00,2022-09-01,12,BELEN_1_LALUZGNODE,BELEN_1_LALUZGNODE,BELEN_1_LALUZGNODE,RTPD,MGHG,LMP_GHG_PRC,BELEN_1_LALUZGNODE,ALL,1,-14.79,2,5
2022-09-01T19:15:00-00:00,2022-09-01T19:30:00-00:00,2022-09-01,13,BELEN_1_LALUZGNODE,BELEN_1_LALUZGNODE,BELEN_1_LALUZGNODE,RTPD,MGHG,LMP_GHG_PRC,BELEN_1_LALUZGNODE,ALL,1,-14.79,2,5
2022-09-01T20:15:00-00:00,2022-09-01T20:30:00-00:00,2022-09-01,14,BELEN_1_LALUZGNODE,BELEN_1_LALUZGNODE,BELEN_1_LALUZGNODE,RTPD,MGHG,LMP_GHG_PRC,BELEN_1_LALUZGNODE,ALL,1,-18.59,2,5
2022-09-01T21:15:00-00:00,2022-09-01T21:30:00-00:00,2022-09-01,15,BELEN_1_LALUZGNODE,BELEN_1_LALUZGNODE,BELEN_1_LALUZGNODE,RTPD,MGHG,LMP_GHG_PRC,BELEN_1_LALUZGNODE,ALL,1,-15.41,2,5
2022-09-01T22:15:00-00:00,2022-09-01T22:30:00-00:00,2022-09-01,16,BELEN_1_LALUZGNODE,BELEN_1_LALUZGNODE,BELEN_1_LALUZGNODE,RTPD,MGHG,LMP_GHG_PRC,BELEN_1_LALUZGNODE,ALL,1,-19.44814,2,5
2022-09-01T23:15:00-00:00,2022-09-01T23:30:00-00:00,2022-09-01,17,BELEN_1_LALUZGNODE,BELEN_1_LALUZGNODE,BELEN_1_LALUZGNODE,RTPD,MGHG,LMP_GHG_PRC,BELEN_1_LALUZGNODE,ALL,1,-26.16,2,5
2022-09-02T00:15:00-00:00,2022-09-02T00:30:00-00:00,2022-09-01,18,BELEN_1_LALUZGNODE,BELEN_1_LALUZGNODE,BELEN_1_LALUZGNODE,RTPD,MGHG,LMP_GHG_PRC,BELEN_1_LALUZGNODE,ALL,1,-24.91,2,5
2022-09-02T01:15:00-00:00,2022-09-02T01:30:00-00:00,2022-09-01,19,BELEN_1_LALUZGNODE,BELEN_1_LALUZGNODE,BELEN_1_LALUZGNODE,RTPD,MGHG,LMP_GHG_PRC,BELEN_1_LALUZGNODE,ALL,1,-18.59,2,5
2022-09-02T02:15:00-00:00,2022-09-02T02:30:00-00:00,2022-09-01,20,BELEN_1_LALUZGNODE,BELEN_1_LALUZGNODE,BELEN_1_LALUZGNODE,RTPD,MGHG,LMP_GHG_PRC,BELEN_1_LALUZGNODE,ALL,1,-17.16,2,5
2022-09-02T03:15:00-00:00,2022-09-02T03:30:00-00:00,2022-09-01,21,BELEN_1_LALUZGNODE,BELEN_1_LALUZGNODE,BELEN_1_LALUZGNODE,RTPD,MGHG,LMP_GHG_PRC,BELEN_1_LALUZGNODE,ALL,1,-14.79,2,5
2022-09-02T04:15:00-00:00,2022-09-02T04:30:00-00:00,2022-09-01,22,BELEN_1_LALUZGNODE,BELEN_1_LALUZGNODE,BELEN_1_LALUZGNODE,RTPD,MGHG,LMP_GHG_PRC,BELEN_1_LALUZGNODE,ALL,1,-14.79,2,5
2022-09-02T05:15:00-00:00,2022-09-02T05:30:00-00:00,2022-09-01,23,BELEN_1_LALUZGNODE,BELEN_1_LALUZGNODE,BELEN_1_LALUZGNODE,RTPD,MGHG,LMP_GHG_PRC,BELEN_1_LALUZGNODE,ALL,1,-11.89,2,5
2022-09-02T06:15:00-00:00,2022-09-02T06:30:00-00:00,2022-09-01,24,BELEN_1_LALUZGNODE,BELEN_1_LALUZGNODE,BELEN_1_LALUZGNODE,RTPD,MGHG,LMP_GHG_PRC,BELEN_1_LALUZGNODE,ALL,1,-11.13,2,5
2022-09-01T07:30:00-00:00,2022-09-01T07:45:00-00:00,2022-09-01,01,BELEN_1_LALUZGNODE,BELEN_1_LALUZGNODE,BELEN_1_LALUZGNODE,RTPD,MGHG,LMP_GHG_PRC,BELEN_1_LALUZGNODE,ALL,1,-14.46,3,5
2022-09-01T08:30:00-00:00,2022-09-01T08:45:00-00:00,2022-09-01,02,BELEN_1_LALUZGNODE,BELEN_1_LALUZGNODE,BELEN_1_LALUZGNODE,RTPD,MGHG,LMP_GHG_PRC,BELEN_1_LALUZGNODE,ALL,1,-14.79,3,5
2022-09-01T09:30:00-00:00,2022-09-01T09:45:00-00:00,2022-09-01,03,BELEN_1_LALUZGNODE,BELEN_1_LALUZGNODE,BELEN_1_LALUZGNODE,RTPD,MGHG,LMP_GHG_PRC,BELEN_1_LALUZGNODE,ALL,1,-12.97,3,5
2022-09-01T10:30:00-00:00,2022-09-01T10:45:00-00:00,2022-09-01,04,BELEN_1_LALUZGNODE,BELEN_1_LALUZGNODE,BELEN_1_LALUZGNODE,RTPD,MGHG,LMP_GHG_PRC,BELEN_1_LALUZGNODE,ALL,1,-13.98,3,5
2022-09-01T11:30:00-00:00,2022-09-01T11:45:00-00:00,2022-09-01,05,BELEN_1_LALUZGNODE,BELEN_1_LALUZGNODE,BELEN_1_LALUZGNODE,RTPD,MGHG,LMP_GHG_PRC,BELEN_1_LALUZGNODE,ALL,1,-14.53398,3,5
2022-09-01T12:30:00-00:00,2022-09-01T12:45:00-00:00,2022-09-01,06,BELEN_1_LALUZGNODE,BELEN_1_LALUZGNODE,BELEN_1_LALUZGNODE,RTPD,MGHG,LMP_GHG_PRC,BELEN_1_LALUZGNODE,ALL,1,-14.79,3,5
2022-09-01T13:30:00-00:00,2022-09-01T13:45:00-00:00,2022-09-01,07,BELEN_1_LALUZGNODE,BELEN_1_LALUZGNODE,BELEN_1_LALUZGNODE,RTPD,MGHG,LMP_GHG_PRC,BELEN_1_LALUZGNODE,ALL,1,-15.84217,3,5
2022-09-01T14:30:00-00:00,2022-09-01T14:45:00-00:00,2022-09-01,08,BELEN_1_LALUZGNODE,BELEN_1_LALUZGNODE,BELEN_1_LALUZGNODE,RTPD,MGHG,LMP_GHG_PRC,BELEN_1_LALUZGNODE,ALL,1,-12.7,3,5
2022-09-01T15:30:00-00:00,2022-09-01T15:45:00-00:00,2022-09-01,09,BELEN_1_LALUZGNODE,BELEN_1_LALUZGNODE,BELEN_1_LALUZGNODE,RTPD,MGHG,LMP_GHG_PRC,BELEN_1_LALUZGNODE,ALL,1,-12.05,3,5
2022-09-01T16:30:00-00:00,2022-09-01T16:45:00-00:00,2022-09-01,10,BELEN_1_LALUZGNODE,BELEN_1_LALUZGNODE,BELEN_1_LALUZGNODE,RTPD,MGHG,LMP_GHG_PRC,BELEN_1_LALUZGNODE,ALL,1,-11.13,3,5
2022-09-01T17:30:00-00:00,2022-09-01T17:45:00-00:00,2022-09-01,11,BELEN_1_LALUZGNODE,BELEN_1_LALUZGNODE,BELEN_1_LALUZGNODE,RTPD,MGHG,LMP_GHG_PRC,BELEN_1_LALUZGNODE,ALL,1,-11.63,3,5
2022-09-01T18:30:00-00:00,2022-09-01T18:45:00-00:00,2022-09-01,12,BELEN_1_LALUZGNODE,BELEN_1_LALUZGNODE,BELEN_1_LALUZGNODE,RTPD,MGHG,LMP_GHG_PRC,BELEN_1_LALUZGNODE,ALL,1,-14.37982,3,5
2022-09-01T19:30:00-00:00,2022-09-01T19:45:00-00:00,2022-09-01,13,BELEN_1_LALUZGNODE,BELEN_1_LALUZGNODE,BELEN_1_LALUZGNODE,RTPD,MGHG,LMP_GHG_PRC,BELEN_1_LALUZGNODE,ALL,1,-14.79,3,5
2022-09-01T20:30:00-00:00,2022-09-01T20:45:00-00:00,2022-09-01,14,BELEN_1_LALUZGNODE,BELEN_1_LALUZGNODE,BELEN_1_LALUZGNODE,RTPD,MGHG,LMP_GHG_PRC,BELEN_1_LALUZGNODE,ALL,1,-19.37,3,5
2022-09-01T21:30:00-00:00,2022-09-01T21:45:00-00:00,2022-09-01,15,BELEN_1_LALUZGNODE,BELEN_1_LALUZGNODE,BELEN_1_LALUZGNODE,RTPD,MGHG,LMP_GHG_PRC,BELEN_1_LALUZGNODE,ALL,1,-14.79,3,5
2022-09-01T22:30:00-00:00,2022-09-01T22:45:00-00:00,2022-09-01,16,BELEN_1_LALUZGNODE,BELEN_1_LALUZGNODE,BELEN_1_LALUZGNODE,RTPD,MGHG,LMP_GHG_PRC,BELEN_1_LALUZGNODE,ALL,1,-17.77,3,5
2022-09-01T23:30:00-00:00,2022-09-01T23:45:00-00:00,2022-09-01,17,BELEN_1_LALUZGNODE,BELEN_1_LALUZGNODE,BELEN_1_LALUZGNODE,RTPD,MGHG,LMP_GHG_PRC,BELEN_1_LALUZGNODE,ALL,1,-26.16,3,5
2022-09-02T00:30:00-00:00,2022-09-02T00:45:00-00:00,2022-09-01,18,BELEN_1_LALUZGNODE,BELEN_1_LALUZGNODE,BELEN_1_LALUZGNODE,RTPD,MGHG,LMP_GHG_PRC,BELEN_1_LALUZGNODE,ALL,1,-29.51,3,5
2022-09-02T01:30:00-00:00,2022-09-02T01:45:00-00:00,2022-09-01,19,BELEN_1_LALUZGNODE,BELEN_1_LALUZGNODE,BELEN_1_LALUZGNODE,RTPD,MGHG,LMP_GHG_PRC,BELEN_1_LALUZGNODE,ALL,1,-18.59,3,5
2022-09-02T02:30:00-00:00,2022-09-02T02:45:00-00:00,2022-09-01,20,BELEN_1_LALUZGNODE,BELEN_1_LALUZGNODE,BELEN_1_LALUZGNODE,RTPD,MGHG,LMP_GHG_PRC,BELEN_1_LALUZGNODE,ALL,1,-25.88,3,5
2022-09-02T03:30:00-00:00,2022-09-02T03:45:00-00:00,2022-09-01,21,BELEN_1_LALUZGNODE,BELEN_1_LALUZGNODE,BELEN_1_LALUZGNODE,RTPD,MGHG,LMP_GHG_PRC,BELEN_1_LALUZGNODE,ALL,1,-14.79,3,5
2022-09-02T04:30:00-00:00,2022-09-02T04:45:00-00:00,2022-09-01,22,BELEN_1_LALUZGNODE,BELEN_1_LALUZGNODE,BELEN_1_LALUZGNODE,RTPD,MGHG,LMP_GHG_PRC,BELEN_1_LALUZGNODE,ALL,1,-15.61,3,5
2022-09-02T05:30:00-00:00,2022-09-02T05:45:00-00:00,2022-09-01,23,BELEN_1_LALUZGNODE,BELEN_1_LALUZGNODE,BELEN_1_LALUZGNODE,RTPD,MGHG,LMP_GHG_PRC,BELEN_1_LALUZGNODE,ALL,1,-14.79,3,5
2022-09-02T06:30:00-00:00,2022-09-02T06:45:00-00:00,2022-09-01,24,BELEN_1_LALUZGNODE,BELEN_1_LALUZGNODE,BELEN_1_LALUZGNODE,RTPD,MGHG,LMP_GHG_PRC,BELEN_1_LALUZGNODE,ALL,1,-14.79,3,5
2022-09-01T07:45:00-00:00,2022-09-01T08:00:00-00:00,2022-09-01,01,BELEN_1_LALUZGNODE,BELEN_1_LALUZGNODE,BELEN_1_LALUZGNODE,RTPD,MGHG,LMP_GHG_PRC,BELEN_1_LALUZGNODE,ALL,1,-14,4,5
2022-09-01T08:45:00-00:00,2022-09-01T09:00:00-00:00,2022-09-01,02,BELEN_1_LALUZGNODE,BELEN_1_LALUZGNODE,BELEN_1_LALUZGNODE,RTPD,MGHG,LMP_GHG_PRC,BELEN_1_LALUZGNODE,ALL,1,-14.79,4,5
2022-09-01T09:45:00-00:00,2022-09-01T10:00:00-00:00,2022-09-01,03,BELEN_1_LALUZGNODE,BELEN_1_LALUZGNODE,BELEN_1_LALUZGNODE,RTPD,MGHG,LMP_GHG_PRC,BELEN_1_LALUZGNODE,ALL,1,-12.97,4,5
2022-09-01T10:45:00-00:00,2022-09-01T11:00:00-00:00,2022-09-01,04,BELEN_1_LALUZGNODE,BELEN_1_LALUZGNODE,BELEN_1_LALUZGNODE,RTPD,MGHG,LMP_GHG_PRC,BELEN_1_LALUZGNODE,ALL,1,-13.55,4,5
2022-09-01T11:45:00-00:00,2022-09-01T12:00:00-00:00,2022-09-01,05,BELEN_1_LALUZGNODE,BELEN_1_LALUZGNODE,BELEN_1_LALUZGNODE,RTPD,MGHG,LMP_GHG_PRC,BELEN_1_LALUZGNODE,ALL,1,-14.79,4,5
2022-09-01T12:45:00-00:00,2022-09-01T13:00:00-00:00,2022-09-01,06,BELEN_1_LALUZGNODE,BELEN_1_LALUZGNODE,BELEN_1_LALUZGNODE,RTPD,MGHG,LMP_GHG_PRC,BELEN_1_LALUZGNODE,ALL,1,-14.79,4,5
2022-09-01T13:45:00-00:00,2022-09-01T14:00:00-00:00,2022-09-01,07,BELEN_1_LALUZGNODE,BELEN_1_LALUZGNODE,BELEN_1_LALUZGNODE,RTPD,MGHG,LMP_GHG_PRC,BELEN_1_LALUZGNODE,ALL,1,-14.79,4,5
2022-09-01T14:45:00-00:00,2022-09-01T15:00:00-00:00,2022-09-01,08,BELEN_1_LALUZGNODE,BELEN_1_LALUZGNODE,BELEN_1_LALUZGNODE,RTPD,MGHG,LMP_GHG_PRC,BELEN_1_LALUZGNODE,ALL,1,-8.84,4,5
2022-09-01T15:45:00-00:00,2022-09-01T16:00:00-00:00,2022-09-01,09,BELEN_1_LALUZGNODE,BELEN_1_LALUZGNODE,BELEN_1_LALUZGNODE,RTPD,MGHG,LMP_GHG_PRC,BELEN_1_LALUZGNODE,ALL,1,-12.05,4,5
2022-09-01T16:45:00-00:00,2022-09-01T17:00:00-00:00,2022-09-01,10,BELEN_1_LALUZGNODE,BELEN_1_LALUZGNODE,BELEN_1_LALUZGNODE,RTPD,MGHG,LMP_GHG_PRC,BELEN_1_LALUZGNODE,ALL,1,-10.94,4,5
2022-09-01T17:45:00-00:00,2022-09-01T18:00:00-00:00,2022-09-01,11,BELEN_1_LALUZGNODE,BELEN_1_LALUZGNODE,BELEN_1_LALUZGNODE,RTPD,MGHG,LMP_GHG_PRC,BELEN_1_LALUZGNODE,ALL,1,-12.32178,4,5
2022-09-01T18:45:00-00:00,2022-09-01T19:00:00-00:00,2022-09-01,12,BELEN_1_LALUZGNODE,BELEN_1_LALUZGNODE,BELEN_1_LALUZGNODE,RTPD,MGHG,LMP_GHG_PRC,BELEN_1_LALUZGNODE,ALL,1,-13.98,4,5
2022-09-01T19:45:00-00:00,2022-09-01T20:00:00-00:00,2022-09-01,13,BELEN_1_LALUZGNODE,BELEN_1_LALUZGNODE,BELEN_1_LALUZGNODE,RTPD,MGHG,LMP_GHG_PRC,BELEN_1_LALUZGNODE,ALL,1,-15.37,4,5
2022-09-01T20:45:00-00:00,2022-09-01T21:00:00-00:00,2022-09-01,14,BELEN_1_LALUZGNODE,BELEN_1_LALUZGNODE,BELEN_1_LALUZGNODE,RTPD,MGHG,LMP_GHG_PRC,BELEN_1_LALUZGNODE,ALL,1,-15.61,4,5
2022-09-01T21:45:00-00:00,2022-09-01T22:00:00-00:00,2022-09-01,15,BELEN_1_LALUZGNODE,BELEN_1_LALUZGNODE,BELEN_1_LALUZGNODE,RTPD,MGHG,LMP_GHG_PRC,BELEN_1_LALUZGNODE,ALL,1,-14.79,4,5
2022-09-01T22:45:00-00:00,2022-09-01T23:00:00-00:00,2022-09-01,16,BELEN_1_LALUZGNODE,BELEN_1_LALUZGNODE,BELEN_1_LALUZGNODE,RTPD,MGHG,LMP_GHG_PRC,BELEN_1_LALUZGNODE,ALL,1,-17.16,4,5
2022-09-01T23:45:00-00:00,2022-09-02T00:00:00-00:00,2022-09-01,17,BELEN_1_LALUZGNODE,BELEN_1_LALUZGNODE,BELEN_1_LALUZGNODE,RTPD,MGHG,LMP_GHG_PRC,BELEN_1_LALUZGNODE,ALL,1,-28.33,4,5
2022-09-02T00:45:00-00:00,2022-09-02T01:00:00-00:00,2022-09-01,18,BELEN_1_LALUZGNODE,BELEN_1_LALUZGNODE,BELEN_1_LALUZGNODE,RTPD,MGHG,LMP_GHG_PRC,BELEN_1_LALUZGNODE,ALL,1,-29.51,4,5
2022-09-02T01:45:00-00:00,2022-09-02T02:00:00-00:00,2022-09-01,19,BELEN_1_LALUZGNODE,BELEN_1_LALUZGNODE,BELEN_1_LALUZGNODE,RTPD,MGHG,LMP_GHG_PRC,BELEN_1_LALUZGNODE,ALL,1,-15.61,4,5
2022-09-02T02:45:00-00:00,2022-09-02T03:00:00-00:00,2022-09-01,20,BELEN_1_LALUZGNODE,BELEN_1_LALUZGNODE,BELEN_1_LALUZGNODE,RTPD,MGHG,LMP_GHG_PRC,BELEN_1_LALUZGNODE,ALL,1,-30.58,4,5
2022-09-02T03:45:00-00:00,2022-09-02T04:00:00-00:00,2022-09-01,21,BELEN_1_LALUZGNODE,BELEN_1_LALUZGNODE,BELEN_1_LALUZGNODE,RTPD,MGHG,LMP_GHG_PRC,BELEN_1_LALUZGNODE,ALL,1,-16.46,4,5
2022-09-02T04:45:00-00:00,2022-09-02T05:00:00-00:00,2022-09-01,22,BELEN_1_LALUZGNODE,BELEN_1_LALUZGNODE,BELEN_1_LALUZGNODE,RTPD,MGHG,LMP_GHG_PRC,BELEN_1_LALUZGNODE,ALL,1,-15.61,4,5
2022-09-02T05:45:00-00:00,2022-09-02T06:00:00-00:00,2022-09-01,23,BELEN_1_LALUZGNODE,BELEN_1_LALUZGNODE,BELEN_1_LALUZGNODE,RTPD,MGHG,LMP_GHG_PRC,BELEN_1_LALUZGNODE,ALL,1,-14.79,4,5
2022-09-02T06:45:00-00:00,2022-09-02T07:00:00-00:00,2022-09-01,24,BELEN_1_LALUZGNODE,BELEN_1_LALUZGNODE,BELEN_1_LALUZGNODE,RTPD,MGHG,LMP_GHG_PRC,BELEN_1_LALUZGNODE,ALL,1,-15,4,5
