INTERVALSTARTTIME_GMT,INTERVALENDTIME_GMT,OPR_DT,OPR_HR,NODE_ID_XML,NODE_ID,NODE,MARKET_RUN_ID,LMP_TYPE,XML_DATA_ITEM,PNODE_RESMRID,GRP_TYPE,POS,PRC,OPR_INTERVAL,GROUP
2022-09-01T07:00:00-00:00,2022-09-01T07:15:00-00:00,2022-09-01,01,AFTON_3_AFTONCTGNODE,AFTON_3_AFTONCTGNODE,AFTON_3_AFTONCTGNODE,RTPD,LMP,LMP_PRC,AFTON_3_AFTONCTGNODE,ALL,1,108.65409,1,1
2022-09-01T08:00:00-00:00,2022-09-01T08:15:00-00:00,2022-09-01,02,AFTON_3_AFTONCTGNODE,AFTON_3_AFTONCTGNODE,AFTON_3_AFTONCTGNODE,RTPD,LMP,LMP_PRC,AFTON_3_AFTONCTGNODE,ALL,1,103.76806,1,1
2022-09-01T09:00:00-00:00,2022-09-01T09:15:00-00:00,2022-09-01,03,AFTON_3_AFTONCTGNODE,AFTON_3_AFTONCTGNODE,AFTON_3_AFTONCTGNODE,RTPD,LMP,LMP_PRC,AFTON_3_AFTONCTGNODE,ALL,1,90.00735,1,1
2022-09-01T10:00:00-00:00,2022-09-01T10:15:00-00:00,2022-09-01,04,AFTON_3_AFTONCTGNODE,AFTON_3_AFTONCTGNODE,AFTON_3_AFTONCTGNODE,RTPD,LMP,LMP_PRC,AFTON_3_AFTONCTGNODE,ALL,1,87.62305,1,1
2022-09-01T11:00:00-00:00,2022-09-01T11:15:00-00:00,2022-09-01,05,AFTON_3_AFTONCTGNODE,AFTON_3_AFTONCTGNODE,AFTON_3_AFTONCTGNODE,RTPD,LMP,LMP_PRC,AFTON_3_AFTONCTGNODE,ALL,1,88.31217,1,1
2022-09-01T12:00:00-00:00,2022-09-01T12:15:00-00:00,2022-09-01,06,AFTON_3_AFTONCTGNODE,AFTON_3_AFTONCTGNODE,AFTON_3_AFTONCTGNODE,RTPD,LMP,LMP_PRC,AFTON_3_AFTONCTGNODE,ALL,1,89.1679,1,1
2022-09-01T13:00:00-00:00,2022-09-01T13:15:00-00:00,2022-09-01,07,AFTON_3_AFTONCTGNODE,AFTON_3_AFTONCTGNODE,AFTON_3_AFTONCTGNODE,RTPD,LMP,LMP_PRC,AFTON_3_AFTONCTGNODE,ALL,1,96.83283,1,1
2022-09-01T14:00:00-00:00,2022-09-01T14:15:00-00:00,2022-09-01,08,AFTON_3_AFTONCTGNODE,AFTON_3_AFTONCTGNODE,AFTON_3_AFTONCTGNODE,RTPD,LMP,LMP_PRC,AFTON_3_AFTONCTGNODE,ALL,1,72.90977,1,1
2022-09-01T15:00:00-00:00,2022-09-01T15:15:00-00:00,2022-09-01,09,AFTON_3_AFTONCTGNODE,AFTON_3_AFTONCTGNODE,AFTON_3_AFTONCTGNODE,RTPD,LMP,LMP_PRC,AFTON_3_AFTONCTGNODE,ALL,1,34.00401,1,1
2022-09-01T16:00:00-00:00,2022-09-01T16:15:00-00:00,2022-09-01,10,AFTON_3_AFTONCTGNODE,AFTON_3_AFTONCTGNODE,AFTON_3_AFTONCTGNODE,RTPD,LMP,LMP_PRC,AFTON_3_AFTONCTGNODE,ALL,1,32.50529,1,1
2022-09-01T17:00:00-00:00,2022-09-01T17:15:00-00:00,2022-09-01,11,AFTON_3_AFTONCTGNODE,AFTON_3_AFTONCTGNODE,AFTON_3_AFTONCTGNODE,RTPD,LMP,LMP_PRC,AFTON_3_AFTONCTGNODE,ALL,1,63.9077,1,1
2022-09-01T18:00:00-00:00,2022-09-01T18:15:00-00:00,2022-09-01,12,AFTON_3_AFTONCTGNODE,AFTON_3_AFTONCTGNODE,AFTON_3_AFTONCTGNODE,RTPD,LMP,LMP_PRC,AFTON_3_AFTONCTGNODE,ALL,1,63.49616,1,1
2022-09-01T19:00:00-00:00,2022-09-01T19:15:00-00:00,2022-09-01,13,AFTON_3_AFTONCTGNODE,AFTON_3_AFTONCTGNODE,AFTON_3_AFTONCTGNODE,RTPD,LMP,LMP_PRC,AFTON_3_AFTONCTGNODE,ALL,1,57.85321,1,1
2022-09-01T20:00:00-00:00,2022-09-01T20:15:00-00:00,2022-09-01,14,AFTON_3_AFTONCTGNODE,AFTON_3_AFTONCTGNODE,AFTON_3_AFTONCTGNODE,RTPD,LMP,LMP_PRC,AFTON_3_AFTONCTGNODE,ALL,1,93.59043,1,1
2022-09-01T21:00:00-00:00,2022-09-01T21:15:00-00:00,2022-09-01,15,AFTON_3_AFTONCTGNODE,AFTON_3_AFTONCTGNODE,AFTON_3_AFTONCTGNODE,RTPD,LMP,LMP_PRC,AFTON_3_AFTONCTGNODE,ALL,1,60.82454,1,1
2022-09-01T22:00:00-00:00,2022-09-01T22:15:00-00:00,2022-09-01,16,AFTON_3_AFTONCTGNODE,AFTON_3_AFTONCTGNODE,AFTON_3_AFTONCTGNODE,RTPD,LMP,LMP_PRC,AFTON_3_AFTONCTGNODE,ALL,1,118.90196,1,1
2022-09-01T23:00:00-00:00,2022-09-01T23:15:00-00:00,2022-09-01,17,AFTON_3_AFTONCTGNODE,AFTON_3_AFTONCTGNODE,AFTON_3_AFTONCTGNODE,RTPD,LMP,LMP_PRC,AFTON_3_AFTONCTGNODE,ALL,1,157.59416,1,1
2022-09-02T00:00:00-00:00,2022-09-02T00:15:00-00:00,2022-09-01,18,AFTON_3_AFTONCTGNODE,AFTON_3_AFTONCTGNODE,AFTON_3_AFTONCTGNODE,RTPD,LMP,LMP_PRC,AFTON_3_AFTONCTGNODE,ALL,1,524.03174,1,1
2022-09-02T01:00:00-00:00,2022-09-02T01:15:00-00:00,2022-09-01,19,AFTON_3_AFTONCTGNODE,AFTON_3_AFTONCTGNODE,AFTON_3_AFTONCTGNODE,RTPD,LMP,LMP_PRC,AFTON_3_AFTONCTGNODE,ALL,1,972.0937,1,1
2022-09-02T02:00:00-00:00,2022-09-02T02:15:00-00:00,2022-09-01,20,AFTON_3_AFTONCTGNODE,AFTON_3_AFTONCTGNODE,AFTON_3_AFTONCTGNODE,RTPD,LMP,LMP_PRC,AFTON_3_AFTONCTGNODE,ALL,1,1882.1531,1,1
2022-09-02T03:00:00-00:00,2022-09-02T03:15:00-00:00,2022-09-01,21,AFTON_3_AFTONCTGNODE,AFTON_3_AFTONCTGNODE,AFTON_3_AFTONCTGNODE,RTPD,LMP,LMP_PRC,AFTON_3_AFTONCTGNODE,ALL,1,421.6122,1,1
2022-09-02T04:00:00-00:00,2022-09-02T04:15:00-00:00,2022-09-01,22,AFTON_3_AFTONCTGNODE,AFTON_3_AFTONCTGNODE,AFTON_3_AFTONCTGNODE,RTPD,LMP,LMP_PRC,AFTON_3_AFTONCTGNODE,ALL,1,26.54342,1,1
2022-09-02T05:00:00-00:00,2022-09-02T05:15:00-00:00,2022-09-01,23,AFTON_3_AFTONCTGNODE,AFTON_3_AFTONCTGNODE,AFTON_3_AFTONCTGNODE,RTPD,LMP,LMP_PRC,AFTON_3_AFTONCTGNODE,ALL,1,41.7639,1,1
2022-09-02T06:00:00-00:00,2022-09-02T06:15:00-00:00,2022-09-01,24,AFTON_3_AFTONCTGNODE,AFTON_3_AFTONCTGNODE,AFTON_3_AFTONCTGNODE,RTPD,LMP,LMP_PRC,AFTON_3_AFTONCTGNODE,ALL,1,58.95332,1,1
2022-09-01T07:15:00-00:00,2022-09-01T07:30:00-00:00,2022-09-01,01,AFTON_3_AFTONCTGNODE,AFTON_3_AFTONCTGNODE,AFTON_3_AFTONCTGNODE,RTPD,LMP,LMP_PRC,AFTON_3_AFTONCTGNODE,ALL,1,118.6991,2,1
2022-09-01T08:15:00-00:00,2022-09-01T08:30:00-00:00,2022-09-01,02,AFTON_3_AFTONCTGNODE,AFTON_3_AFTONCTGNODE,AFTON_3_AFTONCTGNODE,RTPD,LMP,LMP_PRC,AFTON_3_AFTONCTGNODE,ALL,1,101.41908,2,1
2022-09-01T09:15:00-00:00,2022-09-01T09:30:00-00:00,2022-09-01,03,AFTON_3_AFTONCTGNODE,AFTON_3_AFTONCTGNODE,AFTON_3_AFTONCTGNODE,RTPD,LMP,LMP_PRC,AFTON_3_AFTONCTGNODE,ALL,1,89.71579,2,1
2022-09-01T10:15:00-00:00,2022-09-01T10:30:00-00:00,2022-09-01,04,AFTON_3_AFTONCTGNODE,AFTON_3_AFTONCTGNODE,AFTON_3_AFTONCTGNODE,RTPD,LMP,LMP_PRC,AFTON_3_AFTONCTGNODE,ALL,1,86.74955,2,1
2022-09-01T11:15:00-00:00,2022-09-01T11:30:00-00:00,2022-09-01,05,AFTON_3_AFTONCTGNODE,AFTON_3_AFTONCTGNODE,AFTON_3_AFTONCTGNODE,RTPD,LMP,LMP_PRC,AFTON_3_AFTONCTGNODE,ALL,1,88.24226,2,1
2022-09-01T12:15:00-00:00,2022-09-01T12:30:00-00:00,2022-09-01,06,AFTON_3_AFTONCTGNODE,AFTON_3_AFTONCTGNODE,AFTON_3_AFTONCTGNODE,RTPD,LMP,LMP_PRC,AFTON_3_AFTONCTGNODE,ALL,1,96.72675,2,1
2022-09-01T13:15:00-00:00,2022-09-01T13:30:00-00:00,2022-09-01,07,AFTON_3_AFTONCTGNODE,AFTON_3_AFTONCTGNODE,AFTON_3_AFTONCTGNODE,RTPD,LMP,LMP_PRC,AFTON_3_AFTONCTGNODE,ALL,1,94.62157,2,1
2022-09-01T14:15:00-00:00,2022-09-01T14:30:00-00:00,2022-09-01,08,AFTON_3_AFTONCTGNODE,AFTON_3_AFTONCTGNODE,AFTON_3_AFTONCTGNODE,RTPD,LMP,LMP_PRC,AFTON_3_AFTONCTGNODE,ALL,1,63.44722,2,1
2022-09-01T15:15:00-00:00,2022-09-01T15:30:00-00:00,2022-09-01,09,AFTON_3_AFTONCTGNODE,AFTON_3_AFTONCTGNODE,AFTON_3_AFTONCTGNODE,RTPD,LMP,LMP_PRC,AFTON_3_AFTONCTGNODE,ALL,1,20.48229,2,1
2022-09-01T16:15:00-00:00,2022-09-01T16:30:00-00:00,2022-09-01,10,AFTON_3_AFTONCTGNODE,AFTON_3_AFTONCTGNODE,AFTON_3_AFTONCTGNODE,RTPD,LMP,LMP_PRC,AFTON_3_AFTONCTGNODE,ALL,1,42.58942,2,1
2022-09-01T17:15:00-00:00,2022-09-01T17:30:00-00:00,2022-09-01,11,AFTON_3_AFTONCTGNODE,AFTON_3_AFTONCTGNODE,AFTON_3_AFTONCTGNODE,RTPD,LMP,LMP_PRC,AFTON_3_AFTONCTGNODE,ALL,1,66.63843,2,1
2022-09-01T18:15:00-00:00,2022-09-01T18:30:00-00:00,2022-09-01,12,AFTON_3_AFTONCTGNODE,AFTON_3_AFTONCTGNODE,AFTON_3_AFTONCTGNODE,RTPD,LMP,LMP_PRC,AFTON_3_AFTONCTGNODE,ALL,1,61.78,2,1
2022-09-01T19:15:00-00:00,2022-09-01T19:30:00-00:00,2022-09-01,13,AFTON_3_AFTONCTGNODE,AFTON_3_AFTONCTGNODE,AFTON_3_AFTONCTGNODE,RTPD,LMP,LMP_PRC,AFTON_3_AFTONCTGNODE,ALL,1,75.16551,2,1
2022-09-01T20:15:00-00:00,2022-09-01T20:30:00-00:00,2022-09-01,14,AFTON_3_AFTONCTGNODE,AFTON_3_AFTONCTGNODE,AFTON_3_AFTONCTGNODE,RTPD,LMP,LMP_PRC,AFTON_3_AFTONCTGNODE,ALL,1,100.87252,2,1
2022-09-01T21:15:00-00:00,2022-09-01T21:30:00-00:00,2022-09-01,15,AFTON_3_AFTONCTGNODE,AFTON_3_AFTONCTGNODE,AFTON_3_AFTONCTGNODE,RTPD,LMP,LMP_PRC,AFTON_3_AFTONCTGNODE,ALL,1,99.8413,2,1
2022-09-01T22:15:00-00:00,2022-09-01T22:30:00-00:00,2022-09-01,16,AFTON_3_AFTONCTGNODE,AFTON_3_AFTONCTGNODE,AFTON_3_AFTONCTGNODE,RTPD,LMP,LMP_PRC,AFTON_3_AFTONCTGNODE,ALL,1,139.7277,2,1
2022-09-01T23:15:00-00:00,2022-09-01T23:30:00-00:00,2022-09-01,17,AFTON_3_AFTONCTGNODE,AFTON_3_AFTONCTGNODE,AFTON_3_AFTONCTGNODE,RTPD,LMP,LMP_PRC,AFTON_3_AFTONCTGNODE,ALL,1,147.59457,2,1
2022-09-02T00:15:00-00:00,2022-09-02T00:30:00-00:00,2022-09-01,18,AFTON_3_AFTONCTGNODE,AFTON_3_AFTONCTGNODE,AFTON_3_AFTONCTGNODE,RTPD,LMP,LMP_PRC,AFTON_3_AFTONCTGNODE,ALL,1,478.3072,2,1
2022-09-02T01:15:00-00:00,2022-09-02T01:30:00-00:00,2022-09-01,19,AFTON_3_AFTONCTGNODE,AFTON_3_AFTONCTGNODE,AFTON_3_AFTONCTGNODE,RTPD,LMP,LMP_PRC,AFTON_3_AFTONCTGNODE,ALL,1,1853.3993,2,1
2022-09-02T02:15:00-00:00,2022-09-02T02:30:00-00:00,2022-09-01,20,AFTON_3_AFTONCTGNODE,AFTON_3_AFTONCTGNODE,AFTON_3_AFTONCTGNODE,RTPD,LMP,LMP_PRC,AFTON_3_AFTONCTGNODE,ALL,1,1974.5098,2,1
2022-09-02T03:15:00-00:00,2022-09-02T03:30:00-00:00,2022-09-01,21,AFTON_3_AFTONCTGNODE,AFTON_3_AFTONCTGNODE,AFTON_3_AFTONCTGNODE,RTPD,LMP,LMP_PRC,AFTON_3_AFTONCTGNODE,ALL,1,208.44713,2,1
2022-09-02T04:15:00-00:00,2022-09-02T04:30:00-00:00,2022-09-01,22,AFTON_3_AFTONCTGNODE,AFTON_3_AFTONCTGNODE,AFTON_3_AFTONCTGNODE,RTPD,LMP,LMP_PRC,AFTON_3_AFTONCTGNODE,ALL,1,28.97096,2,1
2022-09-02T05:15:00-00:00,2022-09-02T05:30:00-00:00,2022-09-01,23,AFTON_3_AFTONCTGNODE,AFTON_3_AFTONCTGNODE,AFTON_3_AFTONCTGNODE,RTPD,LMP,LMP_PRC,AFTON_3_AFTONCTGNODE,ALL,1,19.28425,2,1
2022-09-02T06:15:00-00:00,2022-09-02T06:30:00-00:00,2022-09-01,24,AFTON_3_AFTONCTGNODE,AFTON_3_AFTONCTGNODE,AFTON_3_AFTONCTGNODE,RTPD,LMP,LMP_PRC,AFTON_3_AFTONCTGNODE,ALL,1,84.72615,2,1
2022-09-01T07:30:00-00:00,2022-09-01T07:45:00-00:00,2022-09-01,01,AFTON_3_AFTONCTGNODE,AFTON_3_AFTONCTGNODE,AFTON_3_AFTONCTGNODE,RTPD,LMP,LMP_PRC,AFTON_3_AFTONCTGNODE,ALL,1,115.86527,3,1
2022-09-01T08:30:00-00:00,2022-09-01T08:45:00-00:00,2022-09-01,02,AFTON_3_AFTONCTGNODE,AFTON_3_AFTONCTGNODE,AFTON_3_AFTONCTGNODE,RTPD,LMP,LMP_PRC,AFTON_3_AFTONCTGNODE,ALL,1,94.30753,3,1
2022-09-01T09:30:00-00:00,2022-09-01T09:45:00-00:00,2022-09-01,03,AFTON_3_AFTONCTGNODE,AFTON_3_AFTONCTGNODE,AFTON_3_AFTONCTGNODE,RTPD,LMP,LMP_PRC,AFTON_3_AFTONCTGNODE,ALL,1,89.06798,3,1
2022-09-01T10:30:00-00:00,2022-09-01T10:45:00-00:00,2022-09-01,04,AFTON_3_AFTONCTGNODE,AFTON_3_AFTONCTGNODE,AFTON_3_AFTONCTGNODE,RTPD,LMP,LMP_PRC,AFTON_3_AFTONCTGNODE,ALL,1,84.39035,3,1
2022-09-01T11:30:00-00:00,2022-09-01T11:45:00-00:00,2022-09-01,05,AFTON_3_AFTONCTGNODE,AFTON_3_AFTONCTGNODE,AFTON_3_AFTONCTGNODE,RTPD,LMP,LMP_PRC,AFTON_3_AFTONCTGNODE,ALL,1,87.16959,3,1
2022-09-01T12:30:00-00:00,2022-09-01T12:45:00-00:00,2022-09-01,06,AFTON_3_AFTONCTGNODE,AFTON_3_AFTONCTGNODE,AFTON_3_AFTONCTGNODE,RTPD,LMP,LMP_PRC,AFTON_3_AFTONCTGNODE,ALL,1,104.51814,3,1
2022-09-01T13:30:00-00:00,2022-09-01T13:45:00-00:00,2022-09-01,07,AFTON_3_AFTONCTGNODE,AFTON_3_AFTONCTGNODE,AFTON_3_AFTONCTGNODE,RTPD,LMP,LMP_PRC,AFTON_3_AFTONCTGNODE,ALL,1,91.72958,3,1
2022-09-01T14:30:00-00:00,2022-09-01T14:45:00-00:00,2022-09-01,08,AFTON_3_AFTONCTGNODE,AFTON_3_AFTONCTGNODE,AFTON_3_AFTONCTGNODE,RTPD,LMP,LMP_PRC,AFTON_3_AFTONCTGNODE,ALL,1,67.59651,3,1
2022-09-01T15:30:00-00:00,2022-09-01T15:45:00-00:00,2022-09-01,09,AFTON_3_AFTONCTGNODE,AFTON_3_AFTONCTGNODE,AFTON_3_AFTONCTGNODE,RTPD,LMP,LMP_PRC,AFTON_3_AFTONCTGNODE,ALL,1,6.53099,3,1
2022-09-01T16:30:00-00:00,2022-09-01T16:45:00-00:00,2022-09-01,10,AFTON_3_AFTONCTGNODE,AFTON_3_AFTONCTGNODE,AFTON_3_AFTONCTGNODE,RTPD,LMP,LMP_PRC,AFTON_3_AFTONCTGNODE,ALL,1,59.20993,3,1
2022-09-01T17:30:00-00:00,2022-09-01T17:45:00-00:00,2022-09-01,11,AFTON_3_AFTONCTGNODE,AFTON_3_AFTONCTGNODE,AFTON_3_AFTONCTGNODE,RTPD,LMP,LMP_PRC,AFTON_3_AFTONCTGNODE,ALL,1,70.37045,3,1
2022-09-01T18:30:00-00:00,2022-09-01T18:45:00-00:00,2022-09-01,12,AFTON_3_AFTONCTGNODE,AFTON_3_AFTONCTGNODE,AFTON_3_AFTONCTGNODE,RTPD,LMP,LMP_PRC,AFTON_3_AFTONCTGNODE,ALL,1,69.46415,3,1
2022-09-01T19:30:00-00:00,2022-09-01T19:45:00-00:00,2022-09-01,13,AFTON_3_AFTONCTGNODE,AFTON_3_AFTONCTGNODE,AFTON_3_AFTONCTGNODE,RTPD,LMP,LMP_PRC,AFTON_3_AFTONCTGNODE,ALL,1,74.60746,3,1
2022-09-01T20:30:00-00:00,2022-09-01T20:45:00-00:00,2022-09-01,14,AFTON_3_AFTONCTGNODE,AFTON_3_AFTONCTGNODE,AFTON_3_AFTONCTGNODE,RTPD,LMP,LMP_PRC,AFTON_3_AFTONCTGNODE,ALL,1,118.10635,3,1
2022-09-01T21:30:00-00:00,2022-09-01T21:45:00-00:00,2022-09-01,15,AFTON_3_AFTONCTGNODE,AFTON_3_AFTONCTGNODE,AFTON_3_AFTONCTGNODE,RTPD,LMP,LMP_PRC,AFTON_3_AFTONCTGNODE,ALL,1,96.28774,3,1
2022-09-01T22:30:00-00:00,2022-09-01T22:45:00-00:00,2022-09-01,16,AFTON_3_AFTONCTGNODE,AFTON_3_AFTONCTGNODE,AFTON_3_AFTONCTGNODE,RTPD,LMP,LMP_PRC,AFTON_3_AFTONCTGNODE,ALL,1,136.34998,3,1
2022-09-01T23:30:00-00:00,2022-09-01T23:45:00-00:00,2022-09-01,17,AFTON_3_AFTONCTGNODE,AFTON_3_AFTONCTGNODE,AFTON_3_AFTONCTGNODE,RTPD,LMP,LMP_PRC,AFTON_3_AFTONCTGNODE,ALL,1,194.11513,3,1
2022-09-02T00:30:00-00:00,2022-09-02T00:45:00-00:00,2022-09-01,18,AFTON_3_AFTONCTGNODE,AFTON_3_AFTONCTGNODE,AFTON_3_AFTONCTGNODE,RTPD,LMP,LMP_PRC,AFTON_3_AFTONCTGNODE,ALL,1,1304.7064,3,1
2022-09-02T01:30:00-00:00,2022-09-02T01:45:00-00:00,2022-09-01,19,AFTON_3_AFTONCTGNODE,AFTON_3_AFTONCTGNODE,AFTON_3_AFTONCTGNODE,RTPD,LMP,LMP_PRC,AFTON_3_AFTONCTGNODE,ALL,1,1956.9337,3,1
2022-09-02T02:30:00-00:00,2022-09-02T02:45:00-00:00,2022-09-01,20,AFTON_3_AFTONCTGNODE,AFTON_3_AFTONCTGNODE,AFTON_3_AFTONCTGNODE,RTPD,LMP,LMP_PRC,AFTON_3_AFTONCTGNODE,ALL,1,1965.7886,3,1
2022-09-02T03:30:00-00:00,2022-09-02T03:45:00-00:00,2022-09-01,21,AFTON_3_AFTONCTGNODE,AFTON_3_AFTONCTGNODE,AFTON_3_AFTONCTGNODE,RTPD,LMP,LMP_PRC,AFTON_3_AFTONCTGNODE,ALL,1,114.43696,3,1
2022-09-02T04:30:00-00:00,2022-09-02T04:45:00-00:00,2022-09-01,22,AFTON_3_AFTONCTGNODE,AFTON_3_AFTONCTGNODE,AFTON_3_AFTONCTGNODE,RTPD,LMP,LMP_PRC,AFTON_3_AFTONCTGNODE,ALL,1,29.83683,3,1
2022-09-02T05:30:00-00:00,2022-09-02T05:45:00-00:00,2022-09-01,23,AFTON_3_AFTONCTGNODE,AFTON_3_AFTONCTGNODE,AFTON_3_AFTONCTGNODE,RTPD,LMP,LMP_PRC,AFTON_3_AFTONCTGNODE,ALL,1,20.24374,3,1
2022-09-02T06:30:00-00:00,2022-09-02T06:45:00-00:00,2022-09-01,24,AFTON_3_AFTONCTGNODE,AFTON_3_AFTONCTGNODE,AFTON_3_AFTONCTGNODE,RTPD,LMP,LMP_PRC,AFTON_3_AFTONCTGNODE,ALL,1,23.012,3,1
2022-09-01T07:45:00-00:00,2022-09-01T08:00:00-00:00,2022-09-01,01,AFTON_3_AFTONCTGNODE,AFTON_3_AFTONCTGNODE,AFTON_3_AFTONCTGNODE,RTPD,LMP,LMP_PRC,AFTON_3_AFTONCTGNODE,ALL,1,108.03553,4,1
2022-09-01T08:45:00-00:00,2022-09-01T09:00:00-00:00,2022-09-01,02,AFTON_3_AFTONCTGNODE,AFTON_3_AFTONCTGNODE,AFTON_3_AFTONCTGNODE,RTPD,LMP,LMP_PRC,AFTON_3_AFTONCTGNODE,ALL,1,86.11435,4,1
2022-09-01T09:45:00-00:00,2022-09-01T10:00:00-00:00,2022-09-01,03,AFTON_3_AFTONCTGNODE,AFTON_3_AFTONCTGNODE,AFTON_3_AFTONCTGNODE,RTPD,LMP,LMP_PRC,AFTON_3_AFTONCTGNODE,ALL,1,88.19159,4,1
2022-09-01T10:45:00-00:00,2022-09-01T11:00:00-00:00,2022-09-01,04,AFTON_3_AFTONCTGNODE,AFTON_3_AFTONCTGNODE,AFTON_3_AFTONCTGNODE,RTPD,LMP,LMP_PRC,AFTON_3_AFTONCTGNODE,ALL,1,82.08542,4,1
2022-09-01T11:45:00-00:00,2022-09-01T12:00:00-00:00,2022-09-01,05,AFTON_3_AFTONCTGNODE,AFTON_3_AFTONCTGNODE,AFTON_3_AFTONCTGNODE,RTPD,LMP,LMP_PRC,AFTON_3_AFTONCTGNODE,ALL,1,92.2168,4,1
2022-09-01T12:45:00-00:00,2022-09-01T13:00:00-00:00,2022-09-01,06,AFTON_3_AFTONCTGNODE,AFTON_3_AFTONCTGNODE,AFTON_3_AFTONCTGNODE,RTPD,LMP,LMP_PRC,AFTON_3_AFTONCTGNODE,ALL,1,103.44295,4,1
2022-09-01T13:45:00-00:00,2022-09-01T14:00:00-00:00,2022-09-01,07,AFTON_3_AFTONCTGNODE,AFTON_3_AFTONCTGNODE,AFTON_3_AFTONCTGNODE,RTPD,LMP,LMP_PRC,AFTON_3_AFTONCTGNODE,ALL,1,87.9535,4,1
2022-09-01T14:45:00-00:00,2022-09-01T15:00:00-00:00,2022-09-01,08,AFTON_3_AFTONCTGNODE,AFTON_3_AFTONCTGNODE,AFTON_3_AFTONCTGNODE,RTPD,LMP,LMP_PRC,AFTON_3_AFTONCTGNODE,ALL,1,55.60979,4,1
2022-09-01T15:45:00-00:00,2022-09-01T16:00:00-00:00,2022-09-01,09,AFTON_3_AFTONCTGNODE,AFTON_3_AFTONCTGNODE,AFTON_3_AFTONCTGNODE,RTPD,LMP,LMP_PRC,AFTON_3_AFTONCTGNODE,ALL,1,33.31241,4,1
2022-09-01T16:45:00-00:00,2022-09-01T17:00:00-00:00,2022-09-01,10,AFTON_3_AFTONCTGNODE,AFTON_3_AFTONCTGNODE,AFTON_3_AFTONCTGNODE,RTPD,LMP,LMP_PRC,AFTON_3_AFTONCTGNODE,ALL,1,60.96079,4,1
2022-09-01T17:45:00-00:00,2022-09-01T18:00:00-00:00,2022-09-01,11,AFTON_3_AFTONCTGNODE,AFTON_3_AFTONCTGNODE,AFTON_3_AFTONCTGNODE,RTPD,LMP,LMP_PRC,AFTON_3_AFTONCTGNODE,ALL,1,67.96912,4,1
2022-09-01T18:45:00-00:00,2022-09-01T19:00:00-00:00,2022-09-01,12,AFTON_3_AFTONCTGNODE,AFTON_3_AFTONCTGNODE,AFTON_3_AFTONCTGNODE,RTPD,LMP,LMP_PRC,AFTON_3_AFTONCTGNODE,ALL,1,68.66295,4,1
2022-09-01T19:45:00-00:00,2022-09-01T20:00:00-00:00,2022-09-01,13,AFTON_3_AFTONCTGNODE,AFTON_3_AFTONCTGNODE,AFTON_3_AFTONCTGNODE,RTPD,LMP,LMP_PRC,AFTON_3_AFTONCTGNODE,ALL,1,78.85153,4,1
2022-09-01T20:45:00-00:00,2022-09-01T21:00:00-00:00,2022-09-01,14,AFTON_3_AFTONCTGNODE,AFTON_3_AFTONCTGNODE,AFTON_3_AFTONCTGNODE,RTPD,LMP,LMP_PRC,AFTON_3_AFTONCTGNODE,ALL,1,110.9093,4,1
2022-09-01T21:45:00-00:00,2022-09-01T22:00:00-00:00,2022-09-01,15,AFTON_3_AFTONCTGNODE,AFTON_3_AFTONCTGNODE,AFTON_3_AFTONCTGNODE,RTPD,LMP,LMP_PRC,AFTON_3_AFTONCTGNODE,ALL,1,128.35455,4,1
2022-09-01T22:45:00-00:00,2022-09-01T23:00:00-00:00,2022-09-01,16,AFTON_3_AFTONCTGNODE,AFTON_3_AFTONCTGNODE,AFTON_3_AFTONCTGNODE,RTPD,LMP,LMP_PRC,AFTON_3_AFTONCTGNODE,ALL,1,226.59073,4,1
2022-09-01T23:45:00-00:00,2022-09-02T00:00:00-00:00,2022-09-01,17,AFTON_3_AFTONCTGNODE,AFTON_3_AFTONCTGNODE,AFTON_3_AFTONCTGNODE,RTPD,LMP,LMP_PRC,AFTON_3_AFTONCTGNODE,ALL,1,856.58606,4,1
2022-09-02T00:45:00-00:00,2022-09-02T01:00:00-00:00,2022-09-01,18,AFTON_3_AFTONCTGNODE,AFTON_3_AFTONCTGNODE,AFTON_3_AFTONCTGNODE,RTPD,LMP,LMP_PRC,AFTON_3_AFTONCTGNODE,ALL,1,940.7284,4,1
2022-09-02T01:45:00-00:00,2022-09-02T02:00:00-00:00,2022-09-01,19,AFTON_3_AFTONCTGNODE,AFTON_3_AFTONCTGNODE,AFTON_3_AFTONCTGNODE,RTPD,LMP,LMP_PRC,AFTON_3_AFTONCTGNODE,ALL,1,1976.3213,4,1
2022-09-02T02:45:00-00:00,2022-09-02T03:00:00-00:00,2022-09-01,20,AFTON_3_AFTONCTGNODE,AFTON_3_AFTONCTGNODE,AFTON_3_AFTONCTGNODE,RTPD,LMP,LMP_PRC,AFTON_3_AFTONCTGNODE,ALL,1,912.4858,4,1
2022-09-02T03:45:00-00:00,2022-09-02T04:00:00-00:00,2022-09-01,21,AFTON_3_AFTONCTGNODE,AFTON_3_AFTONCTGNODE,AFTON_3_AFTONCTGNODE,RTPD,LMP,LMP_PRC,AFTON_3_AFTONCTGNODE,ALL,1,77.23023,4,1
2022-09-02T04:45:00-00:00,2022-09-02T05:00:00-00:00,2022-09-01,22,AFTON_3_AFTONCTGNODE,AFTON_3_AFTONCTGNODE,AFTON_3_AFTONCTGNODE,RTPD,LMP,LMP_PRC,AFTON_3_AFTONCTGNODE,ALL,1,13.66204,4,1
2022-09-02T05:45:00-00:00,2022-09-02T06:00:00-00:00,2022-09-01,23,AFTON_3_AFTONCTGNODE,AFTON_3_AFTONCTGNODE,AFTON_3_AFTONCTGNODE,RTPD,LMP,LMP_PRC,AFTON_3_AFTONCTGNODE,ALL,1,-13.23247,4,1
2022-09-02T06:45:00-00:00,2022-09-02T07:00:00-00:00,2022-09-01,24,AFTON_3_AFTONCTGNODE,AFTON_3_AFTONCTGNODE,AFTON_3_AFTONCTGNODE,RTPD,LMP,LMP_PRC,AFTON_3_AFTONCTGNODE,ALL,1,37.47474,4,1
2022-09-01T07:00:00-00:00,2022-09-01T07:15:00-00:00,2022-09-01,01,AFTON_3_AFTONCTGNODE,AFTON_3_AFTONCTGNODE,AFTON_3_AFTONCTGNODE,RTPD,MCC,LMP_CONG_PRC,AFTON_3_AFTONCTGNODE,ALL,1,15.96217,1,2
2022-09-01T08:00:00-00:00,2022-09-01T08:15:00-00:00,2022-09-01,02,AFTON_3_AFTONCTGNODE,AFTON_3_AFTONCTGNODE,AFTON_3_AFTONCTGNODE,RTPD,MCC,LMP_CONG_PRC,AFTON_3_AFTONCTGNODE,ALL,1,2.34926,1,2
2022-09-01T09:00:00-00:00,2022-09-01T09:15:00-00:00,2022-09-01,03,AFTON_3_AFTONCTGNODE,AFTON_3_AFTONCTGNODE,AFTON_3_AFTONCTGNODE,RTPD,MCC,LMP_CONG_PRC,AFTON_3_AFTONCTGNODE,ALL,1,3.14897,1,2
2022-09-01T10:00:00-00:00,2022-09-01T10:15:00-00:00,2022-09-01,04,AFTON_3_AFTONCTGNODE,AFTON_3_AFTONCTGNODE,AFTON_3_AFTONCTGNODE,RTPD,MCC,LMP_CONG_PRC,AFTON_3_AFTONCTGNODE,ALL,1,2.7776,1,2
2022-09-01T11:00:00-00:00,2022-09-01T11:15:00-00:00,2022-09-01,05,AFTON_3_AFTONCTGNODE,AFTON_3_AFTONCTGNODE,AFTON_3_AFTONCTGNODE,RTPD,MCC,LMP_CONG_PRC,AFTON_3_AFTONCTGNODE,ALL,1,-0.0032,1,2
2022-09-01T12:00:00-00:00,2022-09-01T12:15:00-00:00,2022-09-01,06,AFTON_3_AFTONCTGNODE,AFTON_3_AFTONCTGNODE,AFTON_3_AFTONCTGNODE,RTPD,MCC,LMP_CONG_PRC,AFTON_3_AFTONCTGNODE,ALL,1,7.29113,1,2
2022-09-01T13:00:00-00:00,2022-09-01T13:15:00-00:00,2022-09-01,07,AFTON_3_AFTONCTGNODE,AFTON_3_AFTONCTGNODE,AFTON_3_AFTONCTGNODE,RTPD,MCC,LMP_CONG_PRC,AFTON_3_AFTONCTGNODE,ALL,1,10.02406,1,2
2022-09-01T14:00:00-00:00,2022-09-01T14:15:00-00:00,2022-09-01,08,AFTON_3_AFTONCTGNODE,AFTON_3_AFTONCTGNODE,AFTON_3_AFTONCTGNODE,RTPD,MCC,LMP_CONG_PRC,AFTON_3_AFTONCTGNODE,ALL,1,-18.65789,1,2
2022-09-01T15:00:00-00:00,2022-09-01T15:15:00-00:00,2022-09-01,09,AFTON_3_AFTONCTGNODE,AFTON_3_AFTONCTGNODE,AFTON_3_AFTONCTGNODE,RTPD,MCC,LMP_CONG_PRC,AFTON_3_AFTONCTGNODE,ALL,1,-50.70719,1,2
2022-09-01T16:00:00-00:00,2022-09-01T16:15:00-00:00,2022-09-01,10,AFTON_3_AFTONCTGNODE,AFTON_3_AFTONCTGNODE,AFTON_3_AFTONCTGNODE,RTPD,MCC,LMP_CONG_PRC,AFTON_3_AFTONCTGNODE,ALL,1,-36.82996,1,2
2022-09-01T17:00:00-00:00,2022-09-01T17:15:00-00:00,2022-09-01,11,AFTON_3_AFTONCTGNODE,AFTON_3_AFTONCTGNODE,AFTON_3_AFTONCTGNODE,RTPD,MCC,LMP_CONG_PRC,AFTON_3_AFTONCTGNODE,ALL,1,-21.41127,1,2
2022-09-01T18:00:00-00:00,2022-09-01T18:15:00-00:00,2022-09-01,12,AFTON_3_AFTONCTGNODE,AFTON_3_AFTONCTGNODE,AFTON_3_AFTONCTGNODE,RTPD,MCC,LMP_CONG_PRC,AFTON_3_AFTONCTGNODE,ALL,1,-14.11674,1,2
2022-09-01T19:00:00-00:00,2022-09-01T19:15:00-00:00,2022-09-01,13,AFTON_3_AFTONCTGNODE,AFTON_3_AFTONCTGNODE,AFTON_3_AFTONCTGNODE,RTPD,MCC,LMP_CONG_PRC,AFTON_3_AFTONCTGNODE,ALL,1,-37.19315,1,2
2022-09-01T20:00:00-00:00,2022-09-01T20:15:00-00:00,2022-09-01,14,AFTON_3_AFTONCTGNODE,AFTON_3_AFTONCTGNODE,AFTON_3_AFTONCTGNODE,RTPD,MCC,LMP_CONG_PRC,AFTON_3_AFTONCTGNODE,ALL,1,1.80684,1,2
2022-09-01T21:00:00-00:00,2022-09-01T21:15:00-00:00,2022-09-01,15,AFTON_3_AFTONCTGNODE,AFTON_3_AFTONCTGNODE,AFTON_3_AFTONCTGNODE,RTPD,MCC,LMP_CONG_PRC,AFTON_3_AFTONCTGNODE,ALL,1,-150.79045,1,2
2022-09-01T22:00:00-00:00,2022-09-01T22:15:00-00:00,2022-09-01,16,AFTON_3_AFTONCTGNODE,AFTON_3_AFTONCTGNODE,AFTON_3_AFTONCTGNODE,RTPD,MCC,LMP_CONG_PRC,AFTON_3_AFTONCTGNODE,ALL,1,-92.92355,1,2
2022-09-01T23:00:00-00:00,2022-09-01T23:15:00-00:00,2022-09-01,17,AFTON_3_AFTONCTGNODE,AFTON_3_AFTONCTGNODE,AFTON_3_AFTONCTGNODE,RTPD,MCC,LMP_CONG_PRC,AFTON_3_AFTONCTGNODE,ALL,1,-202.99953,1,2
2022-09-02T00:00:00-00:00,2022-09-02T00:15:00-00:00,2022-09-01,18,AFTON_3_AFTONCTGNODE,AFTON_3_AFTONCTGNODE,AFTON_3_AFTONCTGNODE,RTPD,MCC,LMP_CONG_PRC,AFTON_3_AFTONCTGNODE,ALL,1,-138.53497,1,2
2022-09-02T01:00:00-00:00,2022-09-02T01:15:00-00:00,2022-09-01,19,AFTON_3_AFTONCTGNODE,AFTON_3_AFTONCTGNODE,AFTON_3_AFTONCTGNODE,RTPD,MCC,LMP_CONG_PRC,AFTON_3_AFTONCTGNODE,ALL,1,80.73246,1,2
2022-09-02T02:00:00-00:00,2022-09-02T02:15:00-00:00,2022-09-01,20,AFTON_3_AFTONCTGNODE,AFTON_3_AFTONCTGNODE,AFTON_3_AFTONCTGNODE,RTPD,MCC,LMP_CONG_PRC,AFTON_3_AFTONCTGNODE,ALL,1,-93.9091,1,2
2022-09-02T03:00:00-00:00,2022-09-02T03:15:00-00:00,2022-09-01,21,AFTON_3_AFTONCTGNODE,AFTON_3_AFTONCTGNODE,AFTON_3_AFTONCTGNODE,RTPD,MCC,LMP_CONG_PRC,AFTON_3_AFTONCTGNODE,ALL,1,-409.33176,1,2
2022-09-02T04:00:00-00:00,2022-09-02T04:15:00-00:00,2022-09-01,22,AFTON_3_AFTONCTGNODE,AFTON_3_AFTONCTGNODE,AFTON_3_AFTONCTGNODE,RTPD,MCC,LMP_CONG_PRC,AFTON_3_AFTONCTGNODE,ALL,1,-204.77162,1,2
2022-09-02T05:00:00-00:00,2022-09-02T05:15:00-00:00,2022-09-01,23,AFTON_3_AFTONCTGNODE,AFTON_3_AFTONCTGNODE,AFTON_3_AFTONCTGNODE,RTPD,MCC,LMP_CONG_PRC,AFTON_3_AFTONCTGNODE,ALL,1,-122.18195,1,2
2022-09-02T06:00:00-00:00,2022-09-02T06:15:00-00:00,2022-09-01,24,AFTON_3_AFTONCTGNODE,AFTON_3_AFTONCTGNODE,AFTON_3_AFTONCTGNODE,RTPD,MCC,LMP_CONG_PRC,AFTON_3_AFTONCTGNODE,ALL,1,-78.87534,1,2
2022-09-01T07:15:00-00:00,2022-09-01T07:30:00-00:00,2022-09-01,01,AFTON_3_AFTONCTGNODE,AFTON_3_AFTONCTGNODE,AFTON_3_AFTONCTGNODE,RTPD,MCC,LMP_CONG_PRC,AFTON_3_AFTONCTGNODE,ALL,1,6.90766,2,2
2022-09-01T08:15:00-00:00,2022-09-01T08:30:00-00:00,2022-09-01,02,AFTON_3_AFTONCTGNODE,AFTON_3_AFTONCTGNODE,AFTON_3_AFTONCTGNODE,RTPD,MCC,LMP_CONG_PRC,AFTON_3_AFTONCTGNODE,ALL,1,0.63743,2,2
2022-09-01T09:15:00-00:00,2022-09-01T09:30:00-00:00,2022-09-01,03,AFTON_3_AFTONCTGNODE,AFTON_3_AFTONCTGNODE,AFTON_3_AFTONCTGNODE,RTPD,MCC,LMP_CONG_PRC,AFTON_3_AFTONCTGNODE,ALL,1,4.1515,2,2
2022-09-01T10:15:00-00:00,2022-09-01T10:30:00-00:00,2022-09-01,04,AFTON_3_AFTONCTGNODE,AFTON_3_AFTONCTGNODE,AFTON_3_AFTONCTGNODE,RTPD,MCC,LMP_CONG_PRC,AFTON_3_AFTONCTGNODE,ALL,1,3.93027,2,2
2022-09-01T11:15:00-00:00,2022-09-01T11:30:00-00:00,2022-09-01,05,AFTON_3_AFTONCTGNODE,AFTON_3_AFTONCTGNODE,AFTON_3_AFTONCTGNODE,RTPD,MCC,LMP_CONG_PRC,AFTON_3_AFTONCTGNODE,ALL,1,-0.004,2,2
2022-09-01T12:15:00-00:00,2022-09-01T12:30:00-00:00,2022-09-01,06,AFTON_3_AFTONCTGNODE,AFTON_3_AFTONCTGNODE,AFTON_3_AFTONCTGNODE,RTPD,MCC,LMP_CONG_PRC,AFTON_3_AFTONCTGNODE,ALL,1,4.45398,2,2
2022-09-01T13:15:00-00:00,2022-09-01T13:30:00-00:00,2022-09-01,07,AFTON_3_AFTONCTGNODE,AFTON_3_AFTONCTGNODE,AFTON_3_AFTONCTGNODE,RTPD,MCC,LMP_CONG_PRC,AFTON_3_AFTONCTGNODE,ALL,1,0.42843,2,2
2022-09-01T14:15:00-00:00,2022-09-01T14:30:00-00:00,2022-09-01,08,AFTON_3_AFTONCTGNODE,AFTON_3_AFTONCTGNODE,AFTON_3_AFTONCTGNODE,RTPD,MCC,LMP_CONG_PRC,AFTON_3_AFTONCTGNODE,ALL,1,-23.78209,2,2
2022-09-01T15:15:00-00:00,2022-09-01T15:30:00-00:00,2022-09-01,09,AFTON_3_AFTONCTGNODE,AFTON_3_AFTONCTGNODE,AFTON_3_AFTONCTGNODE,RTPD,MCC,LMP_CONG_PRC,AFTON_3_AFTONCTGNODE,ALL,1,-53.75651,2,2
2022-09-01T16:15:00-00:00,2022-09-01T16:30:00-00:00,2022-09-01,10,AFTON_3_AFTONCTGNODE,AFTON_3_AFTONCTGNODE,AFTON_3_AFTONCTGNODE,RTPD,MCC,LMP_CONG_PRC,AFTON_3_AFTONCTGNODE,ALL,1,-33.51755,2,2
2022-09-01T17:15:00-00:00,2022-09-01T17:30:00-00:00,2022-09-01,11,AFTON_3_AFTONCTGNODE,AFTON_3_AFTONCTGNODE,AFTON_3_AFTONCTGNODE,RTPD,MCC,LMP_CONG_PRC,AFTON_3_AFTONCTGNODE,ALL,1,-20.8183,2,2
2022-09-01T18:15:00-00:00,2022-09-01T18:30:00-00:00,2022-09-01,12,AFTON_3_AFTONCTGNODE,AFTON_3_AFTONCTGNODE,AFTON_3_AFTONCTGNODE,RTPD,MCC,LMP_CONG_PRC,AFTON_3_AFTONCTGNODE,ALL,1,-24.58901,2,2
2022-09-01T19:15:00-00:00,2022-09-01T19:30:00-00:00,2022-09-01,13,AFTON_3_AFTONCTGNODE,AFTON_3_AFTONCTGNODE,AFTON_3_AFTONCTGNODE,RTPD,MCC,LMP_CONG_PRC,AFTON_3_AFTONCTGNODE,ALL,1,-15.35037,2,2
2022-09-01T20:15:00-00:00,2022-09-01T20:30:00-00:00,2022-09-01,14,AFTON_3_AFTONCTGNODE,AFTON_3_AFTONCTGNODE,AFTON_3_AFTONCTGNODE,RTPD,MCC,LMP_CONG_PRC,AFTON_3_AFTONCTGNODE,ALL,1,1.96831,2,2
2022-09-01T21:15:00-00:00,2022-09-01T21:30:00-00:00,2022-09-01,15,AFTON_3_AFTONCTGNODE,AFTON_3_AFTONCTGNODE,AFTON_3_AFTONCTGNODE,RTPD,MCC,LMP_CONG_PRC,AFTON_3_AFTONCTGNODE,ALL,1,-31.96055,2,2
2022-09-01T22:15:00-00:00,2022-09-01T22:30:00-00:00,2022-09-01,16,AFTON_3_AFTONCTGNODE,AFTON_3_AFTONCTGNODE,AFTON_3_AFTONCTGNODE,RTPD,MCC,LMP_CONG_PRC,AFTON_3_AFTONCTGNODE,ALL,1,-97.41148,2,2
2022-09-01T23:15:00-00:00,2022-09-01T23:30:00-00:00,2022-09-01,17,AFTON_3_AFTONCTGNODE,AFTON_3_AFTONCTGNODE,AFTON_3_AFTONCTGNODE,RTPD,MCC,LMP_CONG_PRC,AFTON_3_AFTONCTGNODE,ALL,1,-188.3695,2,2
2022-09-02T00:15:00-00:00,2022-09-02T00:30:00-00:00,2022-09-01,18,AFTON_3_AFTONCTGNODE,AFTON_3_AFTONCTGNODE,AFTON_3_AFTONCTGNODE,RTPD,MCC,LMP_CONG_PRC,AFTON_3_AFTONCTGNODE,ALL,1,-119.83796,2,2
2022-09-02T01:15:00-00:00,2022-09-02T01:30:00-00:00,2022-09-01,19,AFTON_3_AFTONCTGNODE,AFTON_3_AFTONCTGNODE,AFTON_3_AFTONCTGNODE,RTPD,MCC,LMP_CONG_PRC,AFTON_3_AFTONCTGNODE,ALL,1,-128.004,2,2
2022-09-02T02:15:00-00:00,2022-09-02T02:30:00-00:00,2022-09-01,20,AFTON_3_AFTONCTGNODE,AFTON_3_AFTONCTGNODE,AFTON_3_AFTONCTGNODE,RTPD,MCC,LMP_CONG_PRC,AFTON_3_AFTONCTGNODE,ALL,1,-0.0024,2,2
2022-09-02T03:15:00-00:00,2022-09-02T03:30:00-00:00,2022-09-01,21,AFTON_3_AFTONCTGNODE,AFTON_3_AFTONCTGNODE,AFTON_3_AFTONCTGNODE,RTPD,MCC,LMP_CONG_PRC,AFTON_3_AFTONCTGNODE,ALL,1,-145.04414,2,2
2022-09-02T04:15:00-00:00,2022-09-02T04:30:00-00:00,2022-09-01,22,AFTON_3_AFTONCTGNODE,AFTON_3_AFTONCTGNODE,AFTON_3_AFTONCTGNODE,RTPD,MCC,LMP_CONG_PRC,AFTON_3_AFTONCTGNODE,ALL,1,-171.5413,2,2
2022-09-02T05:15:00-00:00,2022-09-02T05:30:00-00:00,2022-09-01,23,AFTON_3_AFTONCTGNODE,AFTON_3_AFTONCTGNODE,AFTON_3_AFTONCTGNODE,RTPD,MCC,LMP_CONG_PRC,AFTON_3_AFTONCTGNODE,ALL,1,-117.52237,2,2
2022-09-02T06:15:00-00:00,2022-09-02T06:30:00-00:00,2022-09-01,24,AFTON_3_AFTONCTGNODE,AFTON_3_AFTONCTGNODE,AFTON_3_AFTONCTGNODE,RTPD,MCC,LMP_CONG_PRC,AFTON_3_AFTONCTGNODE,ALL,1,-38.93036,2,2
2022-09-01T07:30:00-00:00,2022-09-01T07:45:00-00:00,2022-09-01,01,AFTON_3_AFTONCTGNODE,AFTON_3_AFTONCTGNODE,AFTON_3_AFTONCTGNODE,RTPD,MCC,LMP_CONG_PRC,AFTON_3_AFTONCTGNODE,ALL,1,11.2933,3,2
2022-09-01T08:30:00-00:00,2022-09-01T08:45:00-00:00,2022-09-01,02,AFTON_3_AFTONCTGNODE,AFTON_3_AFTONCTGNODE,AFTON_3_AFTONCTGNODE,RTPD,MCC,LMP_CONG_PRC,AFTON_3_AFTONCTGNODE,ALL,1,-0.00179,3,2
2022-09-01T09:30:00-00:00,2022-09-01T09:45:00-00:00,2022-09-01,03,AFTON_3_AFTONCTGNODE,AFTON_3_AFTONCTGNODE,AFTON_3_AFTONCTGNODE,RTPD,MCC,LMP_CONG_PRC,AFTON_3_AFTONCTGNODE,ALL,1,4.11424,3,2
2022-09-01T10:30:00-00:00,2022-09-01T10:45:00-00:00,2022-09-01,04,AFTON_3_AFTONCTGNODE,AFTON_3_AFTONCTGNODE,AFTON_3_AFTONCTGNODE,RTPD,MCC,LMP_CONG_PRC,AFTON_3_AFTONCTGNODE,ALL,1,2.22228,3,2
2022-09-01T11:30:00-00:00,2022-09-01T11:45:00-00:00,2022-09-01,05,AFTON_3_AFTONCTGNODE,AFTON_3_AFTONCTGNODE,AFTON_3_AFTONCTGNODE,RTPD,MCC,LMP_CONG_PRC,AFTON_3_AFTONCTGNODE,ALL,1,-0.004,3,2
2022-09-01T12:30:00-00:00,2022-09-01T12:45:00-00:00,2022-09-01,06,AFTON_3_AFTONCTGNODE,AFTON_3_AFTONCTGNODE,AFTON_3_AFTONCTGNODE,RTPD,MCC,LMP_CONG_PRC,AFTON_3_AFTONCTGNODE,ALL,1,7.78876,3,2
2022-09-01T13:30:00-00:00,2022-09-01T13:45:00-00:00,2022-09-01,07,AFTON_3_AFTONCTGNODE,AFTON_3_AFTONCTGNODE,AFTON_3_AFTONCTGNODE,RTPD,MCC,LMP_CONG_PRC,AFTON_3_AFTONCTGNODE,ALL,1,-1.82454,3,2
2022-09-01T14:30:00-00:00,2022-09-01T14:45:00-00:00,2022-09-01,08,AFTON_3_AFTONCTGNODE,AFTON_3_AFTONCTGNODE,AFTON_3_AFTONCTGNODE,RTPD,MCC,LMP_CONG_PRC,AFTON_3_AFTONCTGNODE,ALL,1,-17.41995,3,2
2022-09-01T15:30:00-00:00,2022-09-01T15:45:00-00:00,2022-09-01,09,AFTON_3_AFTONCTGNODE,AFTON_3_AFTONCTGNODE,AFTON_3_AFTONCTGNODE,RTPD,MCC,LMP_CONG_PRC,AFTON_3_AFTONCTGNODE,ALL,1,-67.55781,3,2
2022-09-01T16:30:00-00:00,2022-09-01T16:45:00-00:00,2022-09-01,10,AFTON_3_AFTONCTGNODE,AFTON_3_AFTONCTGNODE,AFTON_3_AFTONCTGNODE,RTPD,MCC,LMP_CONG_PRC,AFTON_3_AFTONCTGNODE,ALL,1,-18.45651,3,2
2022-09-01T17:30:00-00:00,2022-09-01T17:45:00-00:00,2022-09-01,11,AFTON_3_AFTONCTGNODE,AFTON_3_AFTONCTGNODE,AFTON_3_AFTONCTGNODE,RTPD,MCC,LMP_CONG_PRC,AFTON_3_AFTONCTGNODE,ALL,1,-17.12968,3,2
2022-09-01T18:30:00-00:00,2022-09-01T18:45:00-00:00,2022-09-01,12,AFTON_3_AFTONCTGNODE,AFTON_3_AFTONCTGNODE,AFTON_3_AFTONCTGNODE,RTPD,MCC,LMP_CONG_PRC,AFTON_3_AFTONCTGNODE,ALL,1,-23.21321,3,2
2022-09-01T19:30:00-00:00,2022-09-01T19:45:00-00:00,2022-09-01,13,AFTON_3_AFTONCTGNODE,AFTON_3_AFTONCTGNODE,AFTON_3_AFTONCTGNODE,RTPD,MCC,LMP_CONG_PRC,AFTON_3_AFTONCTGNODE,ALL,1,-24.66159,3,2
2022-09-01T20:30:00-00:00,2022-09-01T20:45:00-00:00,2022-09-01,14,AFTON_3_AFTONCTGNODE,AFTON_3_AFTONCTGNODE,AFTON_3_AFTONCTGNODE,RTPD,MCC,LMP_CONG_PRC,AFTON_3_AFTONCTGNODE,ALL,1,7.6603,3,2
2022-09-01T21:30:00-00:00,2022-09-01T21:45:00-00:00,2022-09-01,15,AFTON_3_AFTONCTGNODE,AFTON_3_AFTONCTGNODE,AFTON_3_AFTONCTGNODE,RTPD,MCC,LMP_CONG_PRC,AFTON_3_AFTONCTGNODE,ALL,1,-41.85283,3,2
2022-09-01T22:30:00-00:00,2022-09-01T22:45:00-00:00,2022-09-01,16,AFTON_3_AFTONCTGNODE,AFTON_3_AFTONCTGNODE,AFTON_3_AFTONCTGNODE,RTPD,MCC,LMP_CONG_PRC,AFTON_3_AFTONCTGNODE,ALL,1,-129.06183,3,2
2022-09-01T23:30:00-00:00,2022-09-01T23:45:00-00:00,2022-09-01,17,AFTON_3_AFTONCTGNODE,AFTON_3_AFTONCTGNODE,AFTON_3_AFTONCTGNODE,RTPD,MCC,LMP_CONG_PRC,AFTON_3_AFTONCTGNODE,ALL,1,-346.20648,3,2
2022-09-02T00:30:00-00:00,2022-09-02T00:45:00-00:00,2022-09-01,18,AFTON_3_AFTONCTGNODE,AFTON_3_AFTONCTGNODE,AFTON_3_AFTONCTGNODE,RTPD,MCC,LMP_CONG_PRC,AFTON_3_AFTONCTGNODE,ALL,1,5.10377,3,2
2022-09-02T01:30:00-00:00,2022-09-02T01:45:00-00:00,2022-09-01,19,AFTON_3_AFTONCTGNODE,AFTON_3_AFTONCTGNODE,AFTON_3_AFTONCTGNODE,RTPD,MCC,LMP_CONG_PRC,AFTON_3_AFTONCTGNODE,ALL,1,-24.4719,3,2
2022-09-02T02:30:00-00:00,2022-09-02T02:45:00-00:00,2022-09-01,20,AFTON_3_AFTONCTGNODE,AFTON_3_AFTONCTGNODE,AFTON_3_AFTONCTGNODE,RTPD,MCC,LMP_CONG_PRC,AFTON_3_AFTONCTGNODE,ALL,1,-0.0024,3,2
2022-09-02T03:30:00-00:00,2022-09-02T03:45:00-00:00,2022-09-01,21,AFTON_3_AFTONCTGNODE,AFTON_3_AFTONCTGNODE,AFTON_3_AFTONCTGNODE,RTPD,MCC,LMP_CONG_PRC,AFTON_3_AFTONCTGNODE,ALL,1,-43.1469,3,2
2022-09-02T04:30:00-00:00,2022-09-02T04:45:00-00:00,2022-09-01,22,AFTON_3_AFTONCTGNODE,AFTON_3_AFTONCTGNODE,AFTON_3_AFTONCTGNODE,RTPD,MCC,LMP_CONG_PRC,AFTON_3_AFTONCTGNODE,ALL,1,-127.65489,3,2
2022-09-02T05:30:00-00:00,2022-09-02T05:45:00-00:00,2022-09-01,23,AFTON_3_AFTONCTGNODE,AFTON_3_AFTONCTGNODE,AFTON_3_AFTONCTGNODE,RTPD,MCC,LMP_CONG_PRC,AFTON_3_AFTONCTGNODE,ALL,1,-92.22288,3,2
2022-09-02T06:30:00-00:00,2022-09-02T06:45:00-00:00,2022-09-01,24,AFTON_3_AFTONCTGNODE,AFTON_3_AFTONCTGNODE,AFTON_3_AFTONCTGNODE,RTPD,MCC,LMP_CONG_PRC,AFTON_3_AFTONCTGNODE,ALL,1,-85.61237,3,2
2022-09-01T07:45:00-00:00,2022-09-01T08:00:00-00:00,2022-09-01,01,AFTON_3_AFTONCTGNODE,AFTON_3_AFTONCTGNODE,AFTON_3_AFTONCTGNODE,RTPD,MCC,LMP_CONG_PRC,AFTON_3_AFTONCTGNODE,ALL,1,12.91455,4,2
2022-09-01T08:45:00-00:00,2022-09-01T09:00:00-00:00,2022-09-01,02,AFTON_3_AFTONCTGNODE,AFTON_3_AFTONCTGNODE,AFTON_3_AFTONCTGNODE,RTPD,MCC,LMP_CONG_PRC,AFTON_3_AFTONCTGNODE,ALL,1,3.15079,4,2
2022-09-01T09:45:00-00:00,2022-09-01T10:00:00-00:00,2022-09-01,03,AFTON_3_AFTONCTGNODE,AFTON_3_AFTONCTGNODE,AFTON_3_AFTONCTGNODE,RTPD,MCC,LMP_CONG_PRC,AFTON_3_AFTONCTGNODE,ALL,1,3.72447,4,2
2022-09-01T10:45:00-00:00,2022-09-01T11:00:00-00:00,2022-09-01,04,AFTON_3_AFTONCTGNODE,AFTON_3_AFTONCTGNODE,AFTON_3_AFTONCTGNODE,RTPD,MCC,LMP_CONG_PRC,AFTON_3_AFTONCTGNODE,ALL,1,0.87517,4,2
2022-09-01T11:45:00-00:00,2022-09-01T12:00:00-00:00,2022-09-01,05,AFTON_3_AFTONCTGNODE,AFTON_3_AFTONCTGNODE,AFTON_3_AFTONCTGNODE,RTPD,MCC,LMP_CONG_PRC,AFTON_3_AFTONCTGNODE,ALL,1,-0.0032,4,2
2022-09-01T12:45:00-00:00,2022-09-01T13:00:00-00:00,2022-09-01,06,AFTON_3_AFTONCTGNODE,AFTON_3_AFTONCTGNODE,AFTON_3_AFTONCTGNODE,RTPD,MCC,LMP_CONG_PRC,AFTON_3_AFTONCTGNODE,ALL,1,1.74814,4,2
2022-09-01T13:45:00-00:00,2022-09-01T14:00:00-00:00,2022-09-01,07,AFTON_3_AFTONCTGNODE,AFTON_3_AFTONCTGNODE,AFTON_3_AFTONCTGNODE,RTPD,MCC,LMP_CONG_PRC,AFTON_3_AFTONCTGNODE,ALL,1,-8.6665,4,2
2022-09-01T14:45:00-00:00,2022-09-01T15:00:00-00:00,2022-09-01,08,AFTON_3_AFTONCTGNODE,AFTON_3_AFTONCTGNODE,AFTON_3_AFTONCTGNODE,RTPD,MCC,LMP_CONG_PRC,AFTON_3_AFTONCTGNODE,ALL,1,-21.68901,4,2
2022-09-01T15:45:00-00:00,2022-09-01T16:00:00-00:00,2022-09-01,09,AFTON_3_AFTONCTGNODE,AFTON_3_AFTONCTGNODE,AFTON_3_AFTONCTGNODE,RTPD,MCC,LMP_CONG_PRC,AFTON_3_AFTONCTGNODE,ALL,1,-33.33834,4,2
2022-09-01T16:45:00-00:00,2022-09-01T17:00:00-00:00,2022-09-01,10,AFTON_3_AFTONCTGNODE,AFTON_3_AFTONCTGNODE,AFTON_3_AFTONCTGNODE,RTPD,MCC,LMP_CONG_PRC,AFTON_3_AFTONCTGNODE,ALL,1,-19.34854,4,2
2022-09-01T17:45:00-00:00,2022-09-01T18:00:00-00:00,2022-09-01,11,AFTON_3_AFTONCTGNODE,AFTON_3_AFTONCTGNODE,AFTON_3_AFTONCTGNODE,RTPD,MCC,LMP_CONG_PRC,AFTON_3_AFTONCTGNODE,ALL,1,-18.91454,4,2
2022-09-01T18:45:00-00:00,2022-09-01T19:00:00-00:00,2022-09-01,12,AFTON_3_AFTONCTGNODE,AFTON_3_AFTONCTGNODE,AFTON_3_AFTONCTGNODE,RTPD,MCC,LMP_CONG_PRC,AFTON_3_AFTONCTGNODE,ALL,1,-26.39769,4,2
2022-09-01T19:45:00-00:00,2022-09-01T20:00:00-00:00,2022-09-01,13,AFTON_3_AFTONCTGNODE,AFTON_3_AFTONCTGNODE,AFTON_3_AFTONCTGNODE,RTPD,MCC,LMP_CONG_PRC,AFTON_3_AFTONCTGNODE,ALL,1,-26.00338,4,2
2022-09-01T20:45:00-00:00,2022-09-01T21:00:00-00:00,2022-09-01,14,AFTON_3_AFTONCTGNODE,AFTON_3_AFTONCTGNODE,AFTON_3_AFTONCTGNODE,RTPD,MCC,LMP_CONG_PRC,AFTON_3_AFTONCTGNODE,ALL,1,-27.50579,4,2
2022-09-01T21:45:00-00:00,2022-09-01T22:00:00-00:00,2022-09-01,15,AFTON_3_AFTONCTGNODE,AFTON_3_AFTONCTGNODE,AFTON_3_AFTONCTGNODE,RTPD,MCC,LMP_CONG_PRC,AFTON_3_AFTONCTGNODE,ALL,1,-157.14922,4,2
2022-09-01T22:45:00-00:00,2022-09-01T23:00:00-00:00,2022-09-01,16,AFTON_3_AFTONCTGNODE,AFTON_3_AFTONCTGNODE,AFTON_3_AFTONCTGNODE,RTPD,MCC,LMP_CONG_PRC,AFTON_3_AFTONCTGNODE,ALL,1,-186.16296,4,2
2022-09-01T23:45:00-00:00,2022-09-02T00:00:00-00:00,2022-09-01,17,AFTON_3_AFTONCTGNODE,AFTON_3_AFTONCTGNODE,AFTON_3_AFTONCTGNODE,RTPD,MCC,LMP_CONG_PRC,AFTON_3_AFTONCTGNODE,ALL,1,-376.2964,4,2
2022-09-02T00:45:00-00:00,2022-09-02T01:00:00-00:00,2022-09-01,18,AFTON_3_AFTONCTGNODE,AFTON_3_AFTONCTGNODE,AFTON_3_AFTONCTGNODE,RTPD,MCC,LMP_CONG_PRC,AFTON_3_AFTONCTGNODE,ALL,1,-548.9106,4,2
2022-09-02T01:45:00-00:00,2022-09-02T02:00:00-00:00,2022-09-01,19,AFTON_3_AFTONCTGNODE,AFTON_3_AFTONCTGNODE,AFTON_3_AFTONCTGNODE,RTPD,MCC,LMP_CONG_PRC,AFTON_3_AFTONCTGNODE,ALL,1,-0.0024,4,2
2022-09-02T02:45:00-00:00,2022-09-02T03:00:00-00:00,2022-09-01,20,AFTON_3_AFTONCTGNODE,AFTON_3_AFTONCTGNODE,AFTON_3_AFTONCTGNODE,RTPD,MCC,LMP_CONG_PRC,AFTON_3_AFTONCTGNODE,ALL,1,-557.5133,4,2
2022-09-02T03:45:00-00:00,2022-09-02T04:00:00-00:00,2022-09-01,21,AFTON_3_AFTONCTGNODE,AFTON_3_AFTONCTGNODE,AFTON_3_AFTONCTGNODE,RTPD,MCC,LMP_CONG_PRC,AFTON_3_AFTONCTGNODE,ALL,1,-40.36523,4,2
2022-09-02T04:45:00-00:00,2022-09-02T05:00:00-00:00,2022-09-01,22,AFTON_3_AFTONCTGNODE,AFTON_3_AFTONCTGNODE,AFTON_3_AFTONCTGNODE,RTPD,MCC,LMP_CONG_PRC,AFTON_3_AFTONCTGNODE,ALL,1,-91.52281,4,2
2022-09-02T05:45:00-00:00,2022-09-02T06:00:00-00:00,2022-09-01,23,AFTON_3_AFTONCTGNODE,AFTON_3_AFTONCTGNODE,AFTON_3_AFTONCTGNODE,RTPD,MCC,LMP_CONG_PRC,AFTON_3_AFTONCTGNODE,ALL,1,-114.18998,4,2
2022-09-02T06:45:00-00:00,2022-09-02T07:00:00-00:00,2022-09-01,24,AFTON_3_AFTONCTGNODE,AFTON_3_AFTONCTGNODE,AFTON_3_AFTONCTGNODE,RTPD,MCC,LMP_CONG_PRC,AFTON_3_AFTONCTGNODE,ALL,1,-53.53506,4,2
2022-09-01T07:00:00-00:00,2022-09-01T07:15:00-00:00,2022-09-01,01,AFTON_3_AFTONCTGNODE,AFTON_3_AFTONCTGNODE,AFTON_3_AFTONCTGNODE,RTPD,MCE,LMP_ENE_PRC,AFTON_3_AFTONCTGNODE,ALL,1,104.23471,1,3
2022-09-01T08:00:00-00:00,2022-09-01T08:15:00-00:00,2022-09-01,02,AFTON_3_AFTONCTGNODE,AFTON_3_AFTONCTGNODE,AFTON_3_AFTONCTGNODE,RTPD,MCE,LMP_ENE_PRC,AFTON_3_AFTONCTGNODE,ALL,1,115.5488,1,3
2022-09-01T09:00:00-00:00,2022-09-01T09:15:00-00:00,2022-09-01,03,AFTON_3_AFTONCTGNODE,AFTON_3_AFTONCTGNODE,AFTON_3_AFTONCTGNODE,RTPD,MCE,LMP_ENE_PRC,AFTON_3_AFTONCTGNODE,ALL,1,99.73061,1,3
2022-09-01T10:00:00-00:00,2022-09-01T10:15:00-00:00,2022-09-01,04,AFTON_3_AFTONCTGNODE,AFTON_3_AFTONCTGNODE,AFTON_3_AFTONCTGNODE,RTPD,MCE,LMP_ENE_PRC,AFTON_3_AFTONCTGNODE,ALL,1,98.64222,1,3
2022-09-01T11:00:00-00:00,2022-09-01T11:15:00-00:00,2022-09-01,05,AFTON_3_AFTONCTGNODE,AFTON_3_AFTONCTGNODE,AFTON_3_AFTONCTGNODE,RTPD,MCE,LMP_ENE_PRC,AFTON_3_AFTONCTGNODE,ALL,1,102.56859,1,3
2022-09-01T12:00:00-00:00,2022-09-01T12:15:00-00:00,2022-09-01,06,AFTON_3_AFTONCTGNODE,AFTON_3_AFTONCTGNODE,AFTON_3_AFTONCTGNODE,RTPD,MCE,LMP_ENE_PRC,AFTON_3_AFTONCTGNODE,ALL,1,96.90845,1,3
2022-09-01T13:00:00-00:00,2022-09-01T13:15:00-00:00,2022-09-01,07,AFTON_3_AFTONCTGNODE,AFTON_3_AFTONCTGNODE,AFTON_3_AFTONCTGNODE,RTPD,MCE,LMP_ENE_PRC,AFTON_3_AFTONCTGNODE,ALL,1,101.80878,1,3
2022-09-01T14:00:00-00:00,2022-09-01T14:15:00-00:00,2022-09-01,08,AFTON_3_AFTONCTGNODE,AFTON_3_AFTONCTGNODE,AFTON_3_AFTONCTGNODE,RTPD,MCE,LMP_ENE_PRC,AFTON_3_AFTONCTGNODE,ALL,1,111.11219,1,3
2022-09-01T15:00:00-00:00,2022-09-01T15:15:00-00:00,2022-09-01,09,AFTON_3_AFTONCTGNODE,AFTON_3_AFTONCTGNODE,AFTON_3_AFTONCTGNODE,RTPD,MCE,LMP_ENE_PRC,AFTON_3_AFTONCTGNODE,ALL,1,97.4112,1,3
2022-09-01T16:00:00-00:00,2022-09-01T16:15:00-00:00,2022-09-01,10,AFTON_3_AFTONCTGNODE,AFTON_3_AFTONCTGNODE,AFTON_3_AFTONCTGNODE,RTPD,MCE,LMP_ENE_PRC,AFTON_3_AFTONCTGNODE,ALL,1,83.43525,1,3
2022-09-01T17:00:00-00:00,2022-09-01T17:15:00-00:00,2022-09-01,11,AFTON_3_AFTONCTGNODE,AFTON_3_AFTONCTGNODE,AFTON_3_AFTONCTGNODE,RTPD,MCE,LMP_ENE_PRC,AFTON_3_AFTONCTGNODE,ALL,1,96.94897,1,3
2022-09-01T18:00:00-00:00,2022-09-01T18:15:00-00:00,2022-09-01,12,AFTON_3_AFTONCTGNODE,AFTON_3_AFTONCTGNODE,AFTON_3_AFTONCTGNODE,RTPD,MCE,LMP_ENE_PRC,AFTON_3_AFTONCTGNODE,ALL,1,91.59291,1,3
2022-09-01T19:00:00-00:00,2022-09-01T19:15:00-00:00,2022-09-01,13,AFTON_3_AFTONCTGNODE,AFTON_3_AFTONCTGNODE,AFTON_3_AFTONCTGNODE,RTPD,MCE,LMP_ENE_PRC,AFTON_3_AFTONCTGNODE,ALL,1,109.19637,1,3
2022-09-01T20:00:00-00:00,2022-09-01T20:15:00-00:00,2022-09-01,14,AFTON_3_AFTONCTGNODE,AFTON_3_AFTONCTGNODE,AFTON_3_AFTONCTGNODE,RTPD,MCE,LMP_ENE_PRC,AFTON_3_AFTONCTGNODE,ALL,1,117.94359,1,3
2022-09-01T21:00:00-00:00,2022-09-01T21:15:00-00:00,2022-09-01,15,AFTON_3_AFTONCTGNODE,AFTON_3_AFTONCTGNODE,AFTON_3_AFTONCTGNODE,RTPD,MCE,LMP_ENE_PRC,AFTON_3_AFTONCTGNODE,ALL,1,226.61499,1,3
2022-09-01T22:00:00-00:00,2022-09-01T22:15:00-00:00,2022-09-01,16,AFTON_3_AFTONCTGNODE,AFTON_3_AFTONCTGNODE,AFTON_3_AFTONCTGNODE,RTPD,MCE,LMP_ENE_PRC,AFTON_3_AFTONCTGNODE,ALL,1,229.18552,1,3
2022-09-01T23:00:00-00:00,2022-09-01T23:15:00-00:00,2022-09-01,17,AFTON_3_AFTONCTGNODE,AFTON_3_AFTONCTGNODE,AFTON_3_AFTONCTGNODE,RTPD,MCE,LMP_ENE_PRC,AFTON_3_AFTONCTGNODE,ALL,1,386.7537,1,3
2022-09-02T00:00:00-00:00,2022-09-02T00:15:00-00:00,2022-09-01,18,AFTON_3_AFTONCTGNODE,AFTON_3_AFTONCTGNODE,AFTON_3_AFTONCTGNODE,RTPD,MCE,LMP_ENE_PRC,AFTON_3_AFTONCTGNODE,ALL,1,770.58136,1,3
2022-09-02T01:00:00-00:00,2022-09-02T01:15:00-00:00,2022-09-01,19,AFTON_3_AFTONCTGNODE,AFTON_3_AFTONCTGNODE,AFTON_3_AFTONCTGNODE,RTPD,MCE,LMP_ENE_PRC,AFTON_3_AFTONCTGNODE,ALL,1,916.27124,1,3
2022-09-02T02:00:00-00:00,2022-09-02T02:15:00-00:00,2022-09-01,20,AFTON_3_AFTONCTGNODE,AFTON_3_AFTONCTGNODE,AFTON_3_AFTONCTGNODE,RTPD,MCE,LMP_ENE_PRC,AFTON_3_AFTONCTGNODE,ALL,1,1991.6721,1,3
2022-09-02T03:00:00-00:00,2022-09-02T03:15:00-00:00,2022-09-01,21,AFTON_3_AFTONCTGNODE,AFTON_3_AFTONCTGNODE,AFTON_3_AFTONCTGNODE,RTPD,MCE,LMP_ENE_PRC,AFTON_3_AFTONCTGNODE,ALL,1,917.5508,1,3
2022-09-02T04:00:00-00:00,2022-09-02T04:15:00-00:00,2022-09-01,22,AFTON_3_AFTONCTGNODE,AFTON_3_AFTONCTGNODE,AFTON_3_AFTONCTGNODE,RTPD,MCE,LMP_ENE_PRC,AFTON_3_AFTONCTGNODE,ALL,1,257.83005,1,3
2022-09-02T05:00:00-00:00,2022-09-02T05:15:00-00:00,2022-09-01,23,AFTON_3_AFTONCTGNODE,AFTON_3_AFTONCTGNODE,AFTON_3_AFTONCTGNODE,RTPD,MCE,LMP_ENE_PRC,AFTON_3_AFTONCTGNODE,ALL,1,183.24657,1,3
2022-09-02T06:00:00-00:00,2022-09-02T06:15:00-00:00,2022-09-01,24,AFTON_3_AFTONCTGNODE,AFTON_3_AFTONCTGNODE,AFTON_3_AFTONCTGNODE,RTPD,MCE,LMP_ENE_PRC,AFTON_3_AFTONCTGNODE,ALL,1,158.867,1,3
2022-09-01T07:15:00-00:00,2022-09-01T07:30:00-00:00,2022-09-01,01,AFTON_3_AFTONCTGNODE,AFTON_3_AFTONCTGNODE,AFTON_3_AFTONCTGNODE,RTPD,MCE,LMP_ENE_PRC,AFTON_3_AFTONCTGNODE,ALL,1,125.55144,2,3
2022-09-01T08:15:00-00:00,2022-09-01T08:30:00-00:00,2022-09-01,02,AFTON_3_AFTONCTGNODE,AFTON_3_AFTONCTGNODE,AFTON_3_AFTONCTGNODE,RTPD,MCE,LMP_ENE_PRC,AFTON_3_AFTONCTGNODE,ALL,1,115.53165,2,3
2022-09-01T09:15:00-00:00,2022-09-01T09:30:00-00:00,2022-09-01,03,AFTON_3_AFTONCTGNODE,AFTON_3_AFTONCTGNODE,AFTON_3_AFTONCTGNODE,RTPD,MCE,LMP_ENE_PRC,AFTON_3_AFTONCTGNODE,ALL,1,98.30543,2,3
2022-09-01T10:15:00-00:00,2022-09-01T10:30:00-00:00,2022-09-01,04,AFTON_3_AFTONCTGNODE,AFTON_3_AFTONCTGNODE,AFTON_3_AFTONCTGNODE,RTPD,MCE,LMP_ENE_PRC,AFTON_3_AFTONCTGNODE,ALL,1,97.00684,2,3
2022-09-01T11:15:00-00:00,2022-09-01T11:30:00-00:00,2022-09-01,05,AFTON_3_AFTONCTGNODE,AFTON_3_AFTONCTGNODE,AFTON_3_AFTONCTGNODE,RTPD,MCE,LMP_ENE_PRC,AFTON_3_AFTONCTGNODE,ALL,1,103.09059,2,3
2022-09-01T12:15:00-00:00,2022-09-01T12:30:00-00:00,2022-09-01,06,AFTON_3_AFTONCTGNODE,AFTON_3_AFTONCTGNODE,AFTON_3_AFTONCTGNODE,RTPD,MCE,LMP_ENE_PRC,AFTON_3_AFTONCTGNODE,ALL,1,109.32203,2,3
2022-09-01T13:15:00-00:00,2022-09-01T13:30:00-00:00,2022-09-01,07,AFTON_3_AFTONCTGNODE,AFTON_3_AFTONCTGNODE,AFTON_3_AFTONCTGNODE,RTPD,MCE,LMP_ENE_PRC,AFTON_3_AFTONCTGNODE,ALL,1,110.97827,2,3
2022-09-01T14:15:00-00:00,2022-09-01T14:30:00-00:00,2022-09-01,08,AFTON_3_AFTONCTGNODE,AFTON_3_AFTONCTGNODE,AFTON_3_AFTONCTGNODE,RTPD,MCE,LMP_ENE_PRC,AFTON_3_AFTONCTGNODE,ALL,1,104.78743,2,3
2022-09-01T15:15:00-00:00,2022-09-01T15:30:00-00:00,2022-09-01,09,AFTON_3_AFTONCTGNODE,AFTON_3_AFTONCTGNODE,AFTON_3_AFTONCTGNODE,RTPD,MCE,LMP_ENE_PRC,AFTON_3_AFTONCTGNODE,ALL,1,86.9388,2,3
2022-09-01T16:15:00-00:00,2022-09-01T16:30:00-00:00,2022-09-01,10,AFTON_3_AFTONCTGNODE,AFTON_3_AFTONCTGNODE,AFTON_3_AFTONCTGNODE,RTPD,MCE,LMP_ENE_PRC,AFTON_3_AFTONCTGNODE,ALL,1,89.44858,2,3
2022-09-01T17:15:00-00:00,2022-09-01T17:30:00-00:00,2022-09-01,11,AFTON_3_AFTONCTGNODE,AFTON_3_AFTONCTGNODE,AFTON_3_AFTONCTGNODE,RTPD,MCE,LMP_ENE_PRC,AFTON_3_AFTONCTGNODE,ALL,1,99.34673,2,3
2022-09-01T18:15:00-00:00,2022-09-01T18:30:00-00:00,2022-09-01,12,AFTON_3_AFTONCTGNODE,AFTON_3_AFTONCTGNODE,AFTON_3_AFTONCTGNODE,RTPD,MCE,LMP_ENE_PRC,AFTON_3_AFTONCTGNODE,ALL,1,101.15901,2,3
2022-09-01T19:15:00-00:00,2022-09-01T19:30:00-00:00,2022-09-01,13,AFTON_3_AFTONCTGNODE,AFTON_3_AFTONCTGNODE,AFTON_3_AFTONCTGNODE,RTPD,MCE,LMP_ENE_PRC,AFTON_3_AFTONCTGNODE,ALL,1,105.30588,2,3
2022-09-01T20:15:00-00:00,2022-09-01T20:30:00-00:00,2022-09-01,14,AFTON_3_AFTONCTGNODE,AFTON_3_AFTONCTGNODE,AFTON_3_AFTONCTGNODE,RTPD,MCE,LMP_ENE_PRC,AFTON_3_AFTONCTGNODE,ALL,1,117.49421,2,3
2022-09-01T21:15:00-00:00,2022-09-01T21:30:00-00:00,2022-09-01,15,AFTON_3_AFTONCTGNODE,AFTON_3_AFTONCTGNODE,AFTON_3_AFTONCTGNODE,RTPD,MCE,LMP_ENE_PRC,AFTON_3_AFTONCTGNODE,ALL,1,147.21185,2,3
2022-09-01T22:15:00-00:00,2022-09-01T22:30:00-00:00,2022-09-01,16,AFTON_3_AFTONCTGNODE,AFTON_3_AFTONCTGNODE,AFTON_3_AFTONCTGNODE,RTPD,MCE,LMP_ENE_PRC,AFTON_3_AFTONCTGNODE,ALL,1,256.58734,2,3
2022-09-01T23:15:00-00:00,2022-09-01T23:30:00-00:00,2022-09-01,17,AFTON_3_AFTONCTGNODE,AFTON_3_AFTONCTGNODE,AFTON_3_AFTONCTGNODE,RTPD,MCE,LMP_ENE_PRC,AFTON_3_AFTONCTGNODE,ALL,1,362.12408,2,3
2022-09-02T00:15:00-00:00,2022-09-02T00:30:00-00:00,2022-09-01,18,AFTON_3_AFTONCTGNODE,AFTON_3_AFTONCTGNODE,AFTON_3_AFTONCTGNODE,RTPD,MCE,LMP_ENE_PRC,AFTON_3_AFTONCTGNODE,ALL,1,691.2182,2,3
2022-09-02T01:15:00-00:00,2022-09-02T01:30:00-00:00,2022-09-01,19,AFTON_3_AFTONCTGNODE,AFTON_3_AFTONCTGNODE,AFTON_3_AFTONCTGNODE,RTPD,MCE,LMP_ENE_PRC,AFTON_3_AFTONCTGNODE,ALL,1,1999.9933,2,3
2022-09-02T02:15:00-00:00,2022-09-02T02:30:00-00:00,2022-09-01,20,AFTON_3_AFTONCTGNODE,AFTON_3_AFTONCTGNODE,AFTON_3_AFTONCTGNODE,RTPD,MCE,LMP_ENE_PRC,AFTON_3_AFTONCTGNODE,ALL,1,1991.6721,2,3
2022-09-02T03:15:00-00:00,2022-09-02T03:30:00-00:00,2022-09-01,21,AFTON_3_AFTONCTGNODE,AFTON_3_AFTONCTGNODE,AFTON_3_AFTONCTGNODE,RTPD,MCE,LMP_ENE_PRC,AFTON_3_AFTONCTGNODE,ALL,1,400.52884,2,3
2022-09-02T04:15:00-00:00,2022-09-02T04:30:00-00:00,2022-09-01,22,AFTON_3_AFTONCTGNODE,AFTON_3_AFTONCTGNODE,AFTON_3_AFTONCTGNODE,RTPD,MCE,LMP_ENE_PRC,AFTON_3_AFTONCTGNODE,ALL,1,224.75041,2,3
2022-09-02T05:15:00-00:00,2022-09-02T05:30:00-00:00,2022-09-01,23,AFTON_3_AFTONCTGNODE,AFTON_3_AFTONCTGNODE,AFTON_3_AFTONCTGNODE,RTPD,MCE,LMP_ENE_PRC,AFTON_3_AFTONCTGNODE,ALL,1,157.11986,2,3
2022-09-02T06:15:00-00:00,2022-09-02T06:30:00-00:00,2022-09-01,24,AFTON_3_AFTONCTGNODE,AFTON_3_AFTONCTGNODE,AFTON_3_AFTONCTGNODE,RTPD,MCE,LMP_ENE_PRC,AFTON_3_AFTONCTGNODE,ALL,1,143.1005,2,3
2022-09-01T07:30:00-00:00,2022-09-01T07:45:00-00:00,2022-09-01,01,AFTON_3_AFTONCTGNODE,AFTON_3_AFTONCTGNODE,AFTON_3_AFTONCTGNODE,RTPD,MCE,LMP_ENE_PRC,AFTON_3_AFTONCTGNODE,ALL,1,119.03196,3,3
2022-09-01T08:30:00-00:00,2022-09-01T08:45:00-00:00,2022-09-01,02,AFTON_3_AFTONCTGNODE,AFTON_3_AFTONCTGNODE,AFTON_3_AFTONCTGNODE,RTPD,MCE,LMP_ENE_PRC,AFTON_3_AFTONCTGNODE,ALL,1,111.11241,3,3
2022-09-01T09:30:00-00:00,2022-09-01T09:45:00-00:00,2022-09-01,03,AFTON_3_AFTONCTGNODE,AFTON_3_AFTONCTGNODE,AFTON_3_AFTONCTGNODE,RTPD,MCE,LMP_ENE_PRC,AFTON_3_AFTONCTGNODE,ALL,1,98.16228,3,3
2022-09-01T10:30:00-00:00,2022-09-01T10:45:00-00:00,2022-09-01,04,AFTON_3_AFTONCTGNODE,AFTON_3_AFTONCTGNODE,AFTON_3_AFTONCTGNODE,RTPD,MCE,LMP_ENE_PRC,AFTON_3_AFTONCTGNODE,ALL,1,96.36226,3,3
2022-09-01T11:30:00-00:00,2022-09-01T11:45:00-00:00,2022-09-01,05,AFTON_3_AFTONCTGNODE,AFTON_3_AFTONCTGNODE,AFTON_3_AFTONCTGNODE,RTPD,MCE,LMP_ENE_PRC,AFTON_3_AFTONCTGNODE,ALL,1,103.06198,3,3
2022-09-01T12:30:00-00:00,2022-09-01T12:45:00-00:00,2022-09-01,06,AFTON_3_AFTONCTGNODE,AFTON_3_AFTONCTGNODE,AFTON_3_AFTONCTGNODE,RTPD,MCE,LMP_ENE_PRC,AFTON_3_AFTONCTGNODE,ALL,1,113.57403,3,3
2022-09-01T13:30:00-00:00,2022-09-01T13:45:00-00:00,2022-09-01,07,AFTON_3_AFTONCTGNODE,AFTON_3_AFTONCTGNODE,AFTON_3_AFTONCTGNODE,RTPD,MCE,LMP_ENE_PRC,AFTON_3_AFTONCTGNODE,ALL,1,111.52025,3,3
2022-09-01T14:30:00-00:00,2022-09-01T14:45:00-00:00,2022-09-01,08,AFTON_3_AFTONCTGNODE,AFTON_3_AFTONCTGNODE,AFTON_3_AFTONCTGNODE,RTPD,MCE,LMP_ENE_PRC,AFTON_3_AFTONCTGNODE,ALL,1,101.83428,3,3
2022-09-01T15:30:00-00:00,2022-09-01T15:45:00-00:00,2022-09-01,09,AFTON_3_AFTONCTGNODE,AFTON_3_AFTONCTGNODE,AFTON_3_AFTONCTGNODE,RTPD,MCE,LMP_ENE_PRC,AFTON_3_AFTONCTGNODE,ALL,1,86.1388,3,3
2022-09-01T16:30:00-00:00,2022-09-01T16:45:00-00:00,2022-09-01,10,AFTON_3_AFTONCTGNODE,AFTON_3_AFTONCTGNODE,AFTON_3_AFTONCTGNODE,RTPD,MCE,LMP_ENE_PRC,AFTON_3_AFTONCTGNODE,ALL,1,88.79644,3,3
2022-09-01T17:30:00-00:00,2022-09-01T17:45:00-00:00,2022-09-01,11,AFTON_3_AFTONCTGNODE,AFTON_3_AFTONCTGNODE,AFTON_3_AFTONCTGNODE,RTPD,MCE,LMP_ENE_PRC,AFTON_3_AFTONCTGNODE,ALL,1,99.13013,3,3
2022-09-01T18:30:00-00:00,2022-09-01T18:45:00-00:00,2022-09-01,12,AFTON_3_AFTONCTGNODE,AFTON_3_AFTONCTGNODE,AFTON_3_AFTONCTGNODE,RTPD,MCE,LMP_ENE_PRC,AFTON_3_AFTONCTGNODE,ALL,1,107.05718,3,3
2022-09-01T19:30:00-00:00,2022-09-01T19:45:00-00:00,2022-09-01,13,AFTON_3_AFTONCTGNODE,AFTON_3_AFTONCTGNODE,AFTON_3_AFTONCTGNODE,RTPD,MCE,LMP_ENE_PRC,AFTON_3_AFTONCTGNODE,ALL,1,114.05905,3,3
2022-09-01T20:30:00-00:00,2022-09-01T20:45:00-00:00,2022-09-01,14,AFTON_3_AFTONCTGNODE,AFTON_3_AFTONCTGNODE,AFTON_3_AFTONCTGNODE,RTPD,MCE,LMP_ENE_PRC,AFTON_3_AFTONCTGNODE,ALL,1,129.81606,3,3
2022-09-01T21:30:00-00:00,2022-09-01T21:45:00-00:00,2022-09-01,15,AFTON_3_AFTONCTGNODE,AFTON_3_AFTONCTGNODE,AFTON_3_AFTONCTGNODE,RTPD,MCE,LMP_ENE_PRC,AFTON_3_AFTONCTGNODE,ALL,1,152.93057,3,3
2022-09-01T22:30:00-00:00,2022-09-01T22:45:00-00:00,2022-09-01,16,AFTON_3_AFTONCTGNODE,AFTON_3_AFTONCTGNODE,AFTON_3_AFTONCTGNODE,RTPD,MCE,LMP_ENE_PRC,AFTON_3_AFTONCTGNODE,ALL,1,283.18182,3,3
2022-09-01T23:30:00-00:00,2022-09-01T23:45:00-00:00,2022-09-01,17,AFTON_3_AFTONCTGNODE,AFTON_3_AFTONCTGNODE,AFTON_3_AFTONCTGNODE,RTPD,MCE,LMP_ENE_PRC,AFTON_3_AFTONCTGNODE,ALL,1,566.48157,3,3
2022-09-02T00:30:00-00:00,2022-09-02T00:45:00-00:00,2022-09-01,18,AFTON_3_AFTONCTGNODE,AFTON_3_AFTONCTGNODE,AFTON_3_AFTONCTGNODE,RTPD,MCE,LMP_ENE_PRC,AFTON_3_AFTONCTGNODE,ALL,1,1329.1127,3,3
2022-09-02T01:30:00-00:00,2022-09-02T01:45:00-00:00,2022-09-01,19,AFTON_3_AFTONCTGNODE,AFTON_3_AFTONCTGNODE,AFTON_3_AFTONCTGNODE,RTPD,MCE,LMP_ENE_PRC,AFTON_3_AFTONCTGNODE,ALL,1,1999.9956,3,3
2022-09-02T02:30:00-00:00,2022-09-02T02:45:00-00:00,2022-09-01,20,AFTON_3_AFTONCTGNODE,AFTON_3_AFTONCTGNODE,AFTON_3_AFTONCTGNODE,RTPD,MCE,LMP_ENE_PRC,AFTON_3_AFTONCTGNODE,ALL,1,1991.671,3,3
2022-09-02T03:30:00-00:00,2022-09-02T03:45:00-00:00,2022-09-01,21,AFTON_3_AFTONCTGNODE,AFTON_3_AFTONCTGNODE,AFTON_3_AFTONCTGNODE,RTPD,MCE,LMP_ENE_PRC,AFTON_3_AFTONCTGNODE,ALL,1,186.61823,3,3
2022-09-02T04:30:00-00:00,2022-09-02T04:45:00-00:00,2022-09-01,22,AFTON_3_AFTONCTGNODE,AFTON_3_AFTONCTGNODE,AFTON_3_AFTONCTGNODE,RTPD,MCE,LMP_ENE_PRC,AFTON_3_AFTONCTGNODE,ALL,1,180.67824,3,3
2022-09-02T05:30:00-00:00,2022-09-02T05:45:00-00:00,2022-09-01,23,AFTON_3_AFTONCTGNODE,AFTON_3_AFTONCTGNODE,AFTON_3_AFTONCTGNODE,RTPD,MCE,LMP_ENE_PRC,AFTON_3_AFTONCTGNODE,ALL,1,131.69917,3,3
2022-09-02T06:30:00-00:00,2022-09-02T06:45:00-00:00,2022-09-01,24,AFTON_3_AFTONCTGNODE,AFTON_3_AFTONCTGNODE,AFTON_3_AFTONCTGNODE,RTPD,MCE,LMP_ENE_PRC,AFTON_3_AFTONCTGNODE,ALL,1,128.9871,3,3
2022-09-01T07:45:00-00:00,2022-09-01T08:00:00-00:00,2022-09-01,01,AFTON_3_AFTONCTGNODE,AFTON_3_AFTONCTGNODE,AFTON_3_AFTONCTGNODE,RTPD,MCE,LMP_ENE_PRC,AFTON_3_AFTONCTGNODE,ALL,1,109.12099,4,3
2022-09-01T08:45:00-00:00,2022-09-01T09:00:00-00:00,2022-09-01,02,AFTON_3_AFTONCTGNODE,AFTON_3_AFTONCTGNODE,AFTON_3_AFTONCTGNODE,RTPD,MCE,LMP_ENE_PRC,AFTON_3_AFTONCTGNODE,ALL,1,98.7357,4,3
2022-09-01T09:45:00-00:00,2022-09-01T10:00:00-00:00,2022-09-01,03,AFTON_3_AFTONCTGNODE,AFTON_3_AFTONCTGNODE,AFTON_3_AFTONCTGNODE,RTPD,MCE,LMP_ENE_PRC,AFTON_3_AFTONCTGNODE,ALL,1,97.50475,4,3
2022-09-01T10:45:00-00:00,2022-09-01T11:00:00-00:00,2022-09-01,04,AFTON_3_AFTONCTGNODE,AFTON_3_AFTONCTGNODE,AFTON_3_AFTONCTGNODE,RTPD,MCE,LMP_ENE_PRC,AFTON_3_AFTONCTGNODE,ALL,1,94.71966,4,3
2022-09-01T11:45:00-00:00,2022-09-01T12:00:00-00:00,2022-09-01,05,AFTON_3_AFTONCTGNODE,AFTON_3_AFTONCTGNODE,AFTON_3_AFTONCTGNODE,RTPD,MCE,LMP_ENE_PRC,AFTON_3_AFTONCTGNODE,ALL,1,107.01,4,3
2022-09-01T12:45:00-00:00,2022-09-01T13:00:00-00:00,2022-09-01,06,AFTON_3_AFTONCTGNODE,AFTON_3_AFTONCTGNODE,AFTON_3_AFTONCTGNODE,RTPD,MCE,LMP_ENE_PRC,AFTON_3_AFTONCTGNODE,ALL,1,116.4848,4,3
2022-09-01T13:45:00-00:00,2022-09-01T14:00:00-00:00,2022-09-01,07,AFTON_3_AFTONCTGNODE,AFTON_3_AFTONCTGNODE,AFTON_3_AFTONCTGNODE,RTPD,MCE,LMP_ENE_PRC,AFTON_3_AFTONCTGNODE,ALL,1,111.41,4,3
2022-09-01T14:45:00-00:00,2022-09-01T15:00:00-00:00,2022-09-01,08,AFTON_3_AFTONCTGNODE,AFTON_3_AFTONCTGNODE,AFTON_3_AFTONCTGNODE,RTPD,MCE,LMP_ENE_PRC,AFTON_3_AFTONCTGNODE,ALL,1,86.1388,4,3
2022-09-01T15:45:00-00:00,2022-09-01T16:00:00-00:00,2022-09-01,09,AFTON_3_AFTONCTGNODE,AFTON_3_AFTONCTGNODE,AFTON_3_AFTONCTGNODE,RTPD,MCE,LMP_ENE_PRC,AFTON_3_AFTONCTGNODE,ALL,1,78.70076,4,3
2022-09-01T16:45:00-00:00,2022-09-01T17:00:00-00:00,2022-09-01,10,AFTON_3_AFTONCTGNODE,AFTON_3_AFTONCTGNODE,AFTON_3_AFTONCTGNODE,RTPD,MCE,LMP_ENE_PRC,AFTON_3_AFTONCTGNODE,ALL,1,91.24933,4,3
2022-09-01T17:45:00-00:00,2022-09-01T18:00:00-00:00,2022-09-01,11,AFTON_3_AFTONCTGNODE,AFTON_3_AFTONCTGNODE,AFTON_3_AFTONCTGNODE,RTPD,MCE,LMP_ENE_PRC,AFTON_3_AFTONCTGNODE,ALL,1,99.20544,4,3
2022-09-01T18:45:00-00:00,2022-09-01T19:00:00-00:00,2022-09-01,12,AFTON_3_AFTONCTGNODE,AFTON_3_AFTONCTGNODE,AFTON_3_AFTONCTGNODE,RTPD,MCE,LMP_ENE_PRC,AFTON_3_AFTONCTGNODE,ALL,1,109.04064,4,3
2022-09-01T19:45:00-00:00,2022-09-01T20:00:00-00:00,2022-09-01,13,AFTON_3_AFTONCTGNODE,AFTON_3_AFTONCTGNODE,AFTON_3_AFTONCTGNODE,RTPD,MCE,LMP_ENE_PRC,AFTON_3_AFTONCTGNODE,ALL,1,120.22491,4,3
2022-09-01T20:45:00-00:00,2022-09-01T21:00:00-00:00,2022-09-01,14,AFTON_3_AFTONCTGNODE,AFTON_3_AFTONCTGNODE,AFTON_3_AFTONCTGNODE,RTPD,MCE,LMP_ENE_PRC,AFTON_3_AFTONCTGNODE,ALL,1,154.02509,4,3
2022-09-01T21:45:00-00:00,2022-09-01T22:00:00-00:00,2022-09-01,15,AFTON_3_AFTONCTGNODE,AFTON_3_AFTONCTGNODE,AFTON_3_AFTONCTGNODE,RTPD,MCE,LMP_ENE_PRC,AFTON_3_AFTONCTGNODE,ALL,1,300.29376,4,3
2022-09-01T22:45:00-00:00,2022-09-01T23:00:00-00:00,2022-09-01,16,AFTON_3_AFTONCTGNODE,AFTON_3_AFTONCTGNODE,AFTON_3_AFTONCTGNODE,RTPD,MCE,LMP_ENE_PRC,AFTON_3_AFTONCTGNODE,ALL,1,429.9137,4,3
2022-09-01T23:45:00-00:00,2022-09-02T00:00:00-00:00,2022-09-01,17,AFTON_3_AFTONCTGNODE,AFTON_3_AFTONCTGNODE,AFTON_3_AFTONCTGNODE,RTPD,MCE,LMP_ENE_PRC,AFTON_3_AFTONCTGNODE,ALL,1,1261.2124,4,3
2022-09-02T00:45:00-00:00,2022-09-02T01:00:00-00:00,2022-09-01,18,AFTON_3_AFTONCTGNODE,AFTON_3_AFTONCTGNODE,AFTON_3_AFTONCTGNODE,RTPD,MCE,LMP_ENE_PRC,AFTON_3_AFTONCTGNODE,ALL,1,1519.149,4,3
2022-09-02T01:45:00-00:00,2022-09-02T02:00:00-00:00,2022-09-01,19,AFTON_3_AFTONCTGNODE,AFTON_3_AFTONCTGNODE,AFTON_3_AFTONCTGNODE,RTPD,MCE,LMP_ENE_PRC,AFTON_3_AFTONCTGNODE,ALL,1,1991.9337,4,3
2022-09-02T02:45:00-00:00,2022-09-02T03:00:00-00:00,2022-09-01,20,AFTON_3_AFTONCTGNODE,AFTON_3_AFTONCTGNODE,AFTON_3_AFTONCTGNODE,RTPD,MCE,LMP_ENE_PRC,AFTON_3_AFTONCTGNODE,ALL,1,1629.6213,4,3
2022-09-02T03:45:00-00:00,2022-09-02T04:00:00-00:00,2022-09-01,21,AFTON_3_AFTONCTGNODE,AFTON_3_AFTONCTGNODE,AFTON_3_AFTONCTGNODE,RTPD,MCE,LMP_ENE_PRC,AFTON_3_AFTONCTGNODE,ALL,1,141.13702,4,3
2022-09-02T04:45:00-00:00,2022-09-02T05:00:00-00:00,2022-09-01,22,AFTON_3_AFTONCTGNODE,AFTON_3_AFTONCTGNODE,AFTON_3_AFTONCTGNODE,RTPD,MCE,LMP_ENE_PRC,AFTON_3_AFTONCTGNODE,ALL,1,126.76372,4,3
2022-09-02T05:45:00-00:00,2022-09-02T06:00:00-00:00,2022-09-01,23,AFTON_3_AFTONCTGNODE,AFTON_3_AFTONCTGNODE,AFTON_3_AFTONCTGNODE,RTPD,MCE,LMP_ENE_PRC,AFTON_3_AFTONCTGNODE,ALL,1,119.00958,4,3
2022-09-02T06:45:00-00:00,2022-09-02T07:00:00-00:00,2022-09-01,24,AFTON_3_AFTONCTGNODE,AFTON_3_AFTONCTGNODE,AFTON_3_AFTONCTGNODE,RTPD,MCE,LMP_ENE_PRC,AFTON_3_AFTONCTGNODE,ALL,1,109.20324,4,3
2022-09-01T07:00:00-00:00,2022-09-01T07:15:00-00:00,2022-09-01,01,AFTON_3_AFTONCTGNODE,AFTON_3_AFTONCTGNODE,AFTON_3_AFTONCTGNODE,RTPD,MCL,LMP_LOSS_PRC,AFTON_3_AFTONCTGNODE,ALL,1,-0.09278,1,4
2022-09-01T08:00:00-00:00,2022-09-01T08:15:00-00:00,2022-09-01,02,AFTON_3_AFTONCTGNODE,AFTON_3_AFTONCTGNODE,AFTON_3_AFTONCTGNODE,RTPD,MCL,LMP_LOSS_PRC,AFTON_3_AFTONCTGNODE,ALL,1,0,1,4
2022-09-01T09:00:00-00:00,2022-09-01T09:15:00-00:00,2022-09-01,03,AFTON_3_AFTONCTGNODE,AFTON_3_AFTONCTGNODE,AFTON_3_AFTONCTGNODE,RTPD,MCL,LMP_LOSS_PRC,AFTON_3_AFTONCTGNODE,ALL,1,-0.70045,1,4
2022-09-01T10:00:00-00:00,2022-09-01T10:15:00-00:00,2022-09-01,04,AFTON_3_AFTONCTGNODE,AFTON_3_AFTONCTGNODE,AFTON_3_AFTONCTGNODE,RTPD,MCL,LMP_LOSS_PRC,AFTON_3_AFTONCTGNODE,ALL,1,-0.24677,1,4
2022-09-01T11:00:00-00:00,2022-09-01T11:15:00-00:00,2022-09-01,05,AFTON_3_AFTONCTGNODE,AFTON_3_AFTONCTGNODE,AFTON_3_AFTONCTGNODE,RTPD,MCL,LMP_LOSS_PRC,AFTON_3_AFTONCTGNODE,ALL,1,-0.70322,1,4
2022-09-01T12:00:00-00:00,2022-09-01T12:15:00-00:00,2022-09-01,06,AFTON_3_AFTONCTGNODE,AFTON_3_AFTONCTGNODE,AFTON_3_AFTONCTGNODE,RTPD,MCL,LMP_LOSS_PRC,AFTON_3_AFTONCTGNODE,ALL,1,-1.31444,1,4
2022-09-01T13:00:00-00:00,2022-09-01T13:15:00-00:00,2022-09-01,07,AFTON_3_AFTONCTGNODE,AFTON_3_AFTONCTGNODE,AFTON_3_AFTONCTGNODE,RTPD,MCL,LMP_LOSS_PRC,AFTON_3_AFTONCTGNODE,ALL,1,0,1,4
2022-09-01T14:00:00-00:00,2022-09-01T14:15:00-00:00,2022-09-01,08,AFTON_3_AFTONCTGNODE,AFTON_3_AFTONCTGNODE,AFTON_3_AFTONCTGNODE,RTPD,MCL,LMP_LOSS_PRC,AFTON_3_AFTONCTGNODE,ALL,1,-3.93453,1,4
2022-09-01T15:00:00-00:00,2022-09-01T15:15:00-00:00,2022-09-01,09,AFTON_3_AFTONCTGNODE,AFTON_3_AFTONCTGNODE,AFTON_3_AFTONCTGNODE,RTPD,MCL,LMP_LOSS_PRC,AFTON_3_AFTONCTGNODE,ALL,1,0,1,4
2022-09-01T16:00:00-00:00,2022-09-01T16:15:00-00:00,2022-09-01,10,AFTON_3_AFTONCTGNODE,AFTON_3_AFTONCTGNODE,AFTON_3_AFTONCTGNODE,RTPD,MCL,LMP_LOSS_PRC,AFTON_3_AFTONCTGNODE,ALL,1,0,1,4
2022-09-01T17:00:00-00:00,2022-09-01T17:15:00-00:00,2022-09-01,11,AFTON_3_AFTONCTGNODE,AFTON_3_AFTONCTGNODE,AFTON_3_AFTONCTGNODE,RTPD,MCL,LMP_LOSS_PRC,AFTON_3_AFTONCTGNODE,ALL,1,0,1,4
2022-09-01T18:00:00-00:00,2022-09-01T18:15:00-00:00,2022-09-01,12,AFTON_3_AFTONCTGNODE,AFTON_3_AFTONCTGNODE,AFTON_3_AFTONCTGNODE,RTPD,MCL,LMP_LOSS_PRC,AFTON_3_AFTONCTGNODE,ALL,1,0,1,4
2022-09-01T19:00:00-00:00,2022-09-01T19:15:00-00:00,2022-09-01,13,AFTON_3_AFTONCTGNODE,AFTON_3_AFTONCTGNODE,AFTON_3_AFTONCTGNODE,RTPD,MCL,LMP_LOSS_PRC,AFTON_3_AFTONCTGNODE,ALL,1,0,1,4
2022-09-01T20:00:00-00:00,2022-09-01T20:15:00-00:00,2022-09-01,14,AFTON_3_AFTONCTGNODE,AFTON_3_AFTONCTGNODE,AFTON_3_AFTONCTGNODE,RTPD,MCL,LMP_LOSS_PRC,AFTON_3_AFTONCTGNODE,ALL,1,0,1,4
2022-09-01T21:00:00-00:00,2022-09-01T21:15:00-00:00,2022-09-01,15,AFTON_3_AFTONCTGNODE,AFTON_3_AFTONCTGNODE,AFTON_3_AFTONCTGNODE,RTPD,MCL,LMP_LOSS_PRC,AFTON_3_AFTONCTGNODE,ALL,1,0,1,4
2022-09-01T22:00:00-00:00,2022-09-01T22:15:00-00:00,2022-09-01,16,AFTON_3_AFTONCTGNODE,AFTON_3_AFTONCTGNODE,AFTON_3_AFTONCTGNODE,RTPD,MCL,LMP_LOSS_PRC,AFTON_3_AFTONCTGNODE,ALL,1,0,1,4
2022-09-01T23:00:00-00:00,2022-09-01T23:15:00-00:00,2022-09-01,17,AFTON_3_AFTONCTGNODE,AFTON_3_AFTONCTGNODE,AFTON_3_AFTONCTGNODE,RTPD,MCL,LMP_LOSS_PRC,AFTON_3_AFTONCTGNODE,ALL,1,0,1,4
2022-09-02T00:00:00-00:00,2022-09-02T00:15:00-00:00,2022-09-01,18,AFTON_3_AFTONCTGNODE,AFTON_3_AFTONCTGNODE,AFTON_3_AFTONCTGNODE,RTPD,MCL,LMP_LOSS_PRC,AFTON_3_AFTONCTGNODE,ALL,1,-79.80467,1,4
2022-09-02T01:00:00-00:00,2022-09-02T01:15:00-00:00,2022-09-01,19,AFTON_3_AFTONCTGNODE,AFTON_3_AFTONCTGNODE,AFTON_3_AFTONCTGNODE,RTPD,MCL,LMP_LOSS_PRC,AFTON_3_AFTONCTGNODE,ALL,1,0,1,4
2022-09-02T02:00:00-00:00,2022-09-02T02:15:00-00:00,2022-09-01,20,AFTON_3_AFTONCTGNODE,AFTON_3_AFTONCTGNODE,AFTON_3_AFTONCTGNODE,RTPD,MCL,LMP_LOSS_PRC,AFTON_3_AFTONCTGNODE,ALL,1,0,1,4
2022-09-02T03:00:00-00:00,2022-09-02T03:15:00-00:00,2022-09-01,21,AFTON_3_AFTONCTGNODE,AFTON_3_AFTONCTGNODE,AFTON_3_AFTONCTGNODE,RTPD,MCL,LMP_LOSS_PRC,AFTON_3_AFTONCTGNODE,ALL,1,-74.71682,1,4
2022-09-02T04:00:00-00:00,2022-09-02T04:15:00-00:00,2022-09-01,22,AFTON_3_AFTONCTGNODE,AFTON_3_AFTONCTGNODE,AFTON_3_AFTONCTGNODE,RTPD,MCL,LMP_LOSS_PRC,AFTON_3_AFTONCTGNODE,ALL,1,-11.765,1,4
2022-09-02T05:00:00-00:00,2022-09-02T05:15:00-00:00,2022-09-01,23,AFTON_3_AFTONCTGNODE,AFTON_3_AFTONCTGNODE,AFTON_3_AFTONCTGNODE,RTPD,MCL,LMP_LOSS_PRC,AFTON_3_AFTONCTGNODE,ALL,1,-9.78072,1,4
2022-09-02T06:00:00-00:00,2022-09-02T06:15:00-00:00,2022-09-01,24,AFTON_3_AFTONCTGNODE,AFTON_3_AFTONCTGNODE,AFTON_3_AFTONCTGNODE,RTPD,MCL,LMP_LOSS_PRC,AFTON_3_AFTONCTGNODE,ALL,1,-9.40834,1,4
2022-09-01T07:15:00-00:00,2022-09-01T07:30:00-00:00,2022-09-01,01,AFTON_3_AFTONCTGNODE,AFTON_3_AFTONCTGNODE,AFTON_3_AFTONCTGNODE,RTPD,MCL,LMP_LOSS_PRC,AFTON_3_AFTONCTGNODE,ALL,1,0,2,4
2022-09-01T08:15:00-00:00,2022-09-01T08:30:00-00:00,2022-09-01,02,AFTON_3_AFTONCTGNODE,AFTON_3_AFTONCTGNODE,AFTON_3_AFTONCTGNODE,RTPD,MCL,LMP_LOSS_PRC,AFTON_3_AFTONCTGNODE,ALL,1,0,2,4
2022-09-01T09:15:00-00:00,2022-09-01T09:30:00-00:00,2022-09-01,03,AFTON_3_AFTONCTGNODE,AFTON_3_AFTONCTGNODE,AFTON_3_AFTONCTGNODE,RTPD,MCL,LMP_LOSS_PRC,AFTON_3_AFTONCTGNODE,ALL,1,-0.55114,2,4
2022-09-01T10:15:00-00:00,2022-09-01T10:30:00-00:00,2022-09-01,04,AFTON_3_AFTONCTGNODE,AFTON_3_AFTONCTGNODE,AFTON_3_AFTONCTGNODE,RTPD,MCL,LMP_LOSS_PRC,AFTON_3_AFTONCTGNODE,ALL,1,-0.20757,2,4
2022-09-01T11:15:00-00:00,2022-09-01T11:30:00-00:00,2022-09-01,05,AFTON_3_AFTONCTGNODE,AFTON_3_AFTONCTGNODE,AFTON_3_AFTONCTGNODE,RTPD,MCL,LMP_LOSS_PRC,AFTON_3_AFTONCTGNODE,ALL,1,-0.86433,2,4
2022-09-01T12:15:00-00:00,2022-09-01T12:30:00-00:00,2022-09-01,06,AFTON_3_AFTONCTGNODE,AFTON_3_AFTONCTGNODE,AFTON_3_AFTONCTGNODE,RTPD,MCL,LMP_LOSS_PRC,AFTON_3_AFTONCTGNODE,ALL,1,-2.25926,2,4
2022-09-01T13:15:00-00:00,2022-09-01T13:30:00-00:00,2022-09-01,07,AFTON_3_AFTONCTGNODE,AFTON_3_AFTONCTGNODE,AFTON_3_AFTONCTGNODE,RTPD,MCL,LMP_LOSS_PRC,AFTON_3_AFTONCTGNODE,ALL,1,-1.78514,2,4
2022-09-01T14:15:00-00:00,2022-09-01T14:30:00-00:00,2022-09-01,08,AFTON_3_AFTONCTGNODE,AFTON_3_AFTONCTGNODE,AFTON_3_AFTONCTGNODE,RTPD,MCL,LMP_LOSS_PRC,AFTON_3_AFTONCTGNODE,ALL,1,-3.33253,2,4
2022-09-01T15:15:00-00:00,2022-09-01T15:30:00-00:00,2022-09-01,09,AFTON_3_AFTONCTGNODE,AFTON_3_AFTONCTGNODE,AFTON_3_AFTONCTGNODE,RTPD,MCL,LMP_LOSS_PRC,AFTON_3_AFTONCTGNODE,ALL,1,0,2,4
2022-09-01T16:15:00-00:00,2022-09-01T16:30:00-00:00,2022-09-01,10,AFTON_3_AFTONCTGNODE,AFTON_3_AFTONCTGNODE,AFTON_3_AFTONCTGNODE,RTPD,MCL,LMP_LOSS_PRC,AFTON_3_AFTONCTGNODE,ALL,1,0,2,4
2022-09-01T17:15:00-00:00,2022-09-01T17:30:00-00:00,2022-09-01,11,AFTON_3_AFTONCTGNODE,AFTON_3_AFTONCTGNODE,AFTON_3_AFTONCTGNODE,RTPD,MCL,LMP_LOSS_PRC,AFTON_3_AFTONCTGNODE,ALL,1,0,2,4
2022-09-01T18:15:00-00:00,2022-09-01T18:30:00-00:00,2022-09-01,12,AFTON_3_AFTONCTGNODE,AFTON_3_AFTONCTGNODE,AFTON_3_AFTONCTGNODE,RTPD,MCL,LMP_LOSS_PRC,AFTON_3_AFTONCTGNODE,ALL,1,0,2,4
2022-09-01T19:15:00-00:00,2022-09-01T19:30:00-00:00,2022-09-01,13,AFTON_3_AFTONCTGNODE,AFTON_3_AFTONCTGNODE,AFTON_3_AFTONCTGNODE,RTPD,MCL,LMP_LOSS_PRC,AFTON_3_AFTONCTGNODE,ALL,1,0,2,4
2022-09-01T20:15:00-00:00,2022-09-01T20:30:00-00:00,2022-09-01,14,AFTON_3_AFTONCTGNODE,AFTON_3_AFTONCTGNODE,AFTON_3_AFTONCTGNODE,RTPD,MCL,LMP_LOSS_PRC,AFTON_3_AFTONCTGNODE,ALL,1,0,2,4
2022-09-01T21:15:00-00:00,2022-09-01T21:30:00-00:00,2022-09-01,15,AFTON_3_AFTONCTGNODE,AFTON_3_AFTONCTGNODE,AFTON_3_AFTONCTGNODE,RTPD,MCL,LMP_LOSS_PRC,AFTON_3_AFTONCTGNODE,ALL,1,0,2,4
2022-09-01T22:15:00-00:00,2022-09-01T22:30:00-00:00,2022-09-01,16,AFTON_3_AFTONCTGNODE,AFTON_3_AFTONCTGNODE,AFTON_3_AFTONCTGNODE,RTPD,MCL,LMP_LOSS_PRC,AFTON_3_AFTONCTGNODE,ALL,1,0,2,4
2022-09-01T23:15:00-00:00,2022-09-01T23:30:00-00:00,2022-09-01,17,AFTON_3_AFTONCTGNODE,AFTON_3_AFTONCTGNODE,AFTON_3_AFTONCTGNODE,RTPD,MCL,LMP_LOSS_PRC,AFTON_3_AFTONCTGNODE,ALL,1,0,2,4
2022-09-02T00:15:00-00:00,2022-09-02T00:30:00-00:00,2022-09-01,18,AFTON_3_AFTONCTGNODE,AFTON_3_AFTONCTGNODE,AFTON_3_AFTONCTGNODE,RTPD,MCL,LMP_LOSS_PRC,AFTON_3_AFTONCTGNODE,ALL,1,-68.16309,2,4
2022-09-02T01:15:00-00:00,2022-09-02T01:30:00-00:00,2022-09-01,19,AFTON_3_AFTONCTGNODE,AFTON_3_AFTONCTGNODE,AFTON_3_AFTONCTGNODE,RTPD,MCL,LMP_LOSS_PRC,AFTON_3_AFTONCTGNODE,ALL,1,0,2,4
2022-09-02T02:15:00-00:00,2022-09-02T02:30:00-00:00,2022-09-01,20,AFTON_3_AFTONCTGNODE,AFTON_3_AFTONCTGNODE,AFTON_3_AFTONCTGNODE,RTPD,MCL,LMP_LOSS_PRC,AFTON_3_AFTONCTGNODE,ALL,1,0,2,4
2022-09-02T03:15:00-00:00,2022-09-02T03:30:00-00:00,2022-09-01,21,AFTON_3_AFTONCTGNODE,AFTON_3_AFTONCTGNODE,AFTON_3_AFTONCTGNODE,RTPD,MCL,LMP_LOSS_PRC,AFTON_3_AFTONCTGNODE,ALL,1,-32.24757,2,4
2022-09-02T04:15:00-00:00,2022-09-02T04:30:00-00:00,2022-09-01,22,AFTON_3_AFTONCTGNODE,AFTON_3_AFTONCTGNODE,AFTON_3_AFTONCTGNODE,RTPD,MCL,LMP_LOSS_PRC,AFTON_3_AFTONCTGNODE,ALL,1,-9.44815,2,4
2022-09-02T05:15:00-00:00,2022-09-02T05:30:00-00:00,2022-09-01,23,AFTON_3_AFTONCTGNODE,AFTON_3_AFTONCTGNODE,AFTON_3_AFTONCTGNODE,RTPD,MCL,LMP_LOSS_PRC,AFTON_3_AFTONCTGNODE,ALL,1,-8.42324,2,4
2022-09-02T06:15:00-00:00,2022-09-02T06:30:00-00:00,2022-09-01,24,AFTON_3_AFTONCTGNODE,AFTON_3_AFTONCTGNODE,AFTON_3_AFTONCTGNODE,RTPD,MCL,LMP_LOSS_PRC,AFTON_3_AFTONCTGNODE,ALL,1,-8.31399,2,4
2022-09-01T07:30:00-00:00,2022-09-01T07:45:00-00:00,2022-09-01,01,AFTON_3_AFTONCTGNODE,AFTON_3_AFTONCTGNODE,AFTON_3_AFTONCTGNODE,RTPD,MCL,LMP_LOSS_PRC,AFTON_3_AFTONCTGNODE,ALL,1,0,3,4
2022-09-01T08:30:00-00:00,2022-09-01T08:45:00-00:00,2022-09-01,02,AFTON_3_AFTONCTGNODE,AFTON_3_AFTONCTGNODE,AFTON_3_AFTONCTGNODE,RTPD,MCL,LMP_LOSS_PRC,AFTON_3_AFTONCTGNODE,ALL,1,-2.01309,3,4
2022-09-01T09:30:00-00:00,2022-09-01T09:45:00-00:00,2022-09-01,03,AFTON_3_AFTONCTGNODE,AFTON_3_AFTONCTGNODE,AFTON_3_AFTONCTGNODE,RTPD,MCL,LMP_LOSS_PRC,AFTON_3_AFTONCTGNODE,ALL,1,-0.23854,3,4
2022-09-01T10:30:00-00:00,2022-09-01T10:45:00-00:00,2022-09-01,04,AFTON_3_AFTONCTGNODE,AFTON_3_AFTONCTGNODE,AFTON_3_AFTONCTGNODE,RTPD,MCL,LMP_LOSS_PRC,AFTON_3_AFTONCTGNODE,ALL,1,-0.21419,3,4
2022-09-01T11:30:00-00:00,2022-09-01T11:45:00-00:00,2022-09-01,05,AFTON_3_AFTONCTGNODE,AFTON_3_AFTONCTGNODE,AFTON_3_AFTONCTGNODE,RTPD,MCL,LMP_LOSS_PRC,AFTON_3_AFTONCTGNODE,ALL,1,-1.35442,3,4
2022-09-01T12:30:00-00:00,2022-09-01T12:45:00-00:00,2022-09-01,06,AFTON_3_AFTONCTGNODE,AFTON_3_AFTONCTGNODE,AFTON_3_AFTONCTGNODE,RTPD,MCL,LMP_LOSS_PRC,AFTON_3_AFTONCTGNODE,ALL,1,-2.05466,3,4
2022-09-01T13:30:00-00:00,2022-09-01T13:45:00-00:00,2022-09-01,07,AFTON_3_AFTONCTGNODE,AFTON_3_AFTONCTGNODE,AFTON_3_AFTONCTGNODE,RTPD,MCL,LMP_LOSS_PRC,AFTON_3_AFTONCTGNODE,ALL,1,-2.12396,3,4
2022-09-01T14:30:00-00:00,2022-09-01T14:45:00-00:00,2022-09-01,08,AFTON_3_AFTONCTGNODE,AFTON_3_AFTONCTGNODE,AFTON_3_AFTONCTGNODE,RTPD,MCL,LMP_LOSS_PRC,AFTON_3_AFTONCTGNODE,ALL,1,-4.11782,3,4
2022-09-01T15:30:00-00:00,2022-09-01T15:45:00-00:00,2022-09-01,09,AFTON_3_AFTONCTGNODE,AFTON_3_AFTONCTGNODE,AFTON_3_AFTONCTGNODE,RTPD,MCL,LMP_LOSS_PRC,AFTON_3_AFTONCTGNODE,ALL,1,0,3,4
2022-09-01T16:30:00-00:00,2022-09-01T16:45:00-00:00,2022-09-01,10,AFTON_3_AFTONCTGNODE,AFTON_3_AFTONCTGNODE,AFTON_3_AFTONCTGNODE,RTPD,MCL,LMP_LOSS_PRC,AFTON_3_AFTONCTGNODE,ALL,1,0,3,4
2022-09-01T17:30:00-00:00,2022-09-01T17:45:00-00:00,2022-09-01,11,AFTON_3_AFTONCTGNODE,AFTON_3_AFTONCTGNODE,AFTON_3_AFTONCTGNODE,RTPD,MCL,LMP_LOSS_PRC,AFTON_3_AFTONCTGNODE,ALL,1,0,3,4
2022-09-01T18:30:00-00:00,2022-09-01T18:45:00-00:00,2022-09-01,12,AFTON_3_AFTONCTGNODE,AFTON_3_AFTONCTGNODE,AFTON_3_AFTONCTGNODE,RTPD,MCL,LMP_LOSS_PRC,AFTON_3_AFTONCTGNODE,ALL,1,0,3,4
2022-09-01T19:30:00-00:00,2022-09-01T19:45:00-00:00,2022-09-01,13,AFTON_3_AFTONCTGNODE,AFTON_3_AFTONCTGNODE,AFTON_3_AFTONCTGNODE,RTPD,MCL,LMP_LOSS_PRC,AFTON_3_AFTONCTGNODE,ALL,1,0,3,4
2022-09-01T20:30:00-00:00,2022-09-01T20:45:00-00:00,2022-09-01,14,AFTON_3_AFTONCTGNODE,AFTON_3_AFTONCTGNODE,AFTON_3_AFTONCTGNODE,RTPD,MCL,LMP_LOSS_PRC,AFTON_3_AFTONCTGNODE,ALL,1,0,3,4
2022-09-01T21:30:00-00:00,2022-09-01T21:45:00-00:00,2022-09-01,15,AFTON_3_AFTONCTGNODE,AFTON_3_AFTONCTGNODE,AFTON_3_AFTONCTGNODE,RTPD,MCL,LMP_LOSS_PRC,AFTON_3_AFTONCTGNODE,ALL,1,0,3,4
2022-09-01T22:30:00-00:00,2022-09-01T22:45:00-00:00,2022-09-01,16,AFTON_3_AFTONCTGNODE,AFTON_3_AFTONCTGNODE,AFTON_3_AFTONCTGNODE,RTPD,MCL,LMP_LOSS_PRC,AFTON_3_AFTONCTGNODE,ALL,1,0,3,4
2022-09-01T23:30:00-00:00,2022-09-01T23:45:00-00:00,2022-09-01,17,AFTON_3_AFTONCTGNODE,AFTON_3_AFTONCTGNODE,AFTON_3_AFTONCTGNODE,RTPD,MCL,LMP_LOSS_PRC,AFTON_3_AFTONCTGNODE,ALL,1,0,3,4
2022-09-02T00:30:00-00:00,2022-09-02T00:45:00-00:00,2022-09-01,18,AFTON_3_AFTONCTGNODE,AFTON_3_AFTONCTGNODE,AFTON_3_AFTONCTGNODE,RTPD,MCL,LMP_LOSS_PRC,AFTON_3_AFTONCTGNODE,ALL,1,0,3,4
2022-09-02T01:30:00-00:00,2022-09-02T01:45:00-00:00,2022-09-01,19,AFTON_3_AFTONCTGNODE,AFTON_3_AFTONCTGNODE,AFTON_3_AFTONCTGNODE,RTPD,MCL,LMP_LOSS_PRC,AFTON_3_AFTONCTGNODE,ALL,1,0,3,4
2022-09-02T02:30:00-00:00,2022-09-02T02:45:00-00:00,2022-09-01,20,AFTON_3_AFTONCTGNODE,AFTON_3_AFTONCTGNODE,AFTON_3_AFTONCTGNODE,RTPD,MCL,LMP_LOSS_PRC,AFTON_3_AFTONCTGNODE,ALL,1,0,3,4
2022-09-02T03:30:00-00:00,2022-09-02T03:45:00-00:00,2022-09-01,21,AFTON_3_AFTONCTGNODE,AFTON_3_AFTONCTGNODE,AFTON_3_AFTONCTGNODE,RTPD,MCL,LMP_LOSS_PRC,AFTON_3_AFTONCTGNODE,ALL,1,-14.24436,3,4
2022-09-02T04:30:00-00:00,2022-09-02T04:45:00-00:00,2022-09-01,22,AFTON_3_AFTONCTGNODE,AFTON_3_AFTONCTGNODE,AFTON_3_AFTONCTGNODE,RTPD,MCL,LMP_LOSS_PRC,AFTON_3_AFTONCTGNODE,ALL,1,-7.57652,3,4
2022-09-02T05:30:00-00:00,2022-09-02T05:45:00-00:00,2022-09-01,23,AFTON_3_AFTONCTGNODE,AFTON_3_AFTONCTGNODE,AFTON_3_AFTONCTGNODE,RTPD,MCL,LMP_LOSS_PRC,AFTON_3_AFTONCTGNODE,ALL,1,-4.44255,3,4
2022-09-02T06:30:00-00:00,2022-09-02T06:45:00-00:00,2022-09-01,24,AFTON_3_AFTONCTGNODE,AFTON_3_AFTONCTGNODE,AFTON_3_AFTONCTGNODE,RTPD,MCL,LMP_LOSS_PRC,AFTON_3_AFTONCTGNODE,ALL,1,-5.57274,3,4
2022-09-01T07:45:00-00:00,2022-09-01T08:00:00-00:00,2022-09-01,01,AFTON_3_AFTONCTGNODE,AFTON_3_AFTONCTGNODE,AFTON_3_AFTONCTGNODE,RTPD,MCL,LMP_LOSS_PRC,AFTON_3_AFTONCTGNODE,ALL,1,0,4,4
2022-09-01T08:45:00-00:00,2022-09-01T09:00:00-00:00,2022-09-01,02,AFTON_3_AFTONCTGNODE,AFTON_3_AFTONCTGNODE,AFTON_3_AFTONCTGNODE,RTPD,MCL,LMP_LOSS_PRC,AFTON_3_AFTONCTGNODE,ALL,1,-0.98214,4,4
2022-09-01T09:45:00-00:00,2022-09-01T10:00:00-00:00,2022-09-01,03,AFTON_3_AFTONCTGNODE,AFTON_3_AFTONCTGNODE,AFTON_3_AFTONCTGNODE,RTPD,MCL,LMP_LOSS_PRC,AFTON_3_AFTONCTGNODE,ALL,1,-0.06763,4,4
2022-09-01T10:45:00-00:00,2022-09-01T11:00:00-00:00,2022-09-01,04,AFTON_3_AFTONCTGNODE,AFTON_3_AFTONCTGNODE,AFTON_3_AFTONCTGNODE,RTPD,MCL,LMP_LOSS_PRC,AFTON_3_AFTONCTGNODE,ALL,1,0.04058,4,4
2022-09-01T11:45:00-00:00,2022-09-01T12:00:00-00:00,2022-09-01,05,AFTON_3_AFTONCTGNODE,AFTON_3_AFTONCTGNODE,AFTON_3_AFTONCTGNODE,RTPD,MCL,LMP_LOSS_PRC,AFTON_3_AFTONCTGNODE,ALL,1,0,4,4
2022-09-01T12:45:00-00:00,2022-09-01T13:00:00-00:00,2022-09-01,06,AFTON_3_AFTONCTGNODE,AFTON_3_AFTONCTGNODE,AFTON_3_AFTONCTGNODE,RTPD,MCL,LMP_LOSS_PRC,AFTON_3_AFTONCTGNODE,ALL,1,0,4,4
2022-09-01T13:45:00-00:00,2022-09-01T14:00:00-00:00,2022-09-01,07,AFTON_3_AFTONCTGNODE,AFTON_3_AFTONCTGNODE,AFTON_3_AFTONCTGNODE,RTPD,MCL,LMP_LOSS_PRC,AFTON_3_AFTONCTGNODE,ALL,1,0,4,4
2022-09-01T14:45:00-00:00,2022-09-01T15:00:00-00:00,2022-09-01,08,AFTON_3_AFTONCTGNODE,AFTON_3_AFTONCTGNODE,AFTON_3_AFTONCTGNODE,RTPD,MCL,LMP_LOSS_PRC,AFTON_3_AFTONCTGNODE,ALL,1,0,4,4
2022-09-01T15:45:00-00:00,2022-09-01T16:00:00-00:00,2022-09-01,09,AFTON_3_AFTONCTGNODE,AFTON_3_AFTONCTGNODE,AFTON_3_AFTONCTGNODE,RTPD,MCL,LMP_LOSS_PRC,AFTON_3_AFTONCTGNODE,ALL,1,0,4,4
2022-09-01T16:45:00-00:00,2022-09-01T17:00:00-00:00,2022-09-01,10,AFTON_3_AFTONCTGNODE,AFTON_3_AFTONCTGNODE,AFTON_3_AFTONCTGNODE,RTPD,MCL,LMP_LOSS_PRC,AFTON_3_AFTONCTGNODE,ALL,1,0,4,4
2022-09-01T17:45:00-00:00,2022-09-01T18:00:00-00:00,2022-09-01,11,AFTON_3_AFTONCTGNODE,AFTON_3_AFTONCTGNODE,AFTON_3_AFTONCTGNODE,RTPD,MCL,LMP_LOSS_PRC,AFTON_3_AFTONCTGNODE,ALL,1,0,4,4
2022-09-01T18:45:00-00:00,2022-09-01T19:00:00-00:00,2022-09-01,12,AFTON_3_AFTONCTGNODE,AFTON_3_AFTONCTGNODE,AFTON_3_AFTONCTGNODE,RTPD,MCL,LMP_LOSS_PRC,AFTON_3_AFTONCTGNODE,ALL,1,0,4,4
2022-09-01T19:45:00-00:00,2022-09-01T20:00:00-00:00,2022-09-01,13,AFTON_3_AFTONCTGNODE,AFTON_3_AFTONCTGNODE,AFTON_3_AFTONCTGNODE,RTPD,MCL,LMP_LOSS_PRC,AFTON_3_AFTONCTGNODE,ALL,1,0,4,4
2022-09-01T20:45:00-00:00,2022-09-01T21:00:00-00:00,2022-09-01,14,AFTON_3_AFTONCTGNODE,AFTON_3_AFTONCTGNODE,AFTON_3_AFTONCTGNODE,RTPD,MCL,LMP_LOSS_PRC,AFTON_3_AFTONCTGNODE,ALL,1,0,4,4
2022-09-01T21:45:00-00:00,2022-09-01T22:00:00-00:00,2022-09-01,15,AFTON_3_AFTONCTGNODE,AFTON_3_AFTONCTGNODE,AFTON_3_AFTONCTGNODE,RTPD,MCL,LMP_LOSS_PRC,AFTON_3_AFTONCTGNODE,ALL,1,0,4,4
2022-09-01T22:45:00-00:00,2022-09-01T23:00:00-00:00,2022-09-01,16,AFTON_3_AFTONCTGNODE,AFTON_3_AFTONCTGNODE,AFTON_3_AFTONCTGNODE,RTPD,MCL,LMP_LOSS_PRC,AFTON_3_AFTONCTGNODE,ALL,1,0,4,4
2022-09-01T23:45:00-00:00,2022-09-02T00:00:00-00:00,2022-09-01,17,AFTON_3_AFTONCTGNODE,AFTON_3_AFTONCTGNODE,AFTON_3_AFTONCTGNODE,RTPD,MCL,LMP_LOSS_PRC,AFTON_3_AFTONCTGNODE,ALL,1,0,4,4
2022-09-02T00:45:00-00:00,2022-09-02T01:00:00-00:00,2022-09-01,18,AFTON_3_AFTONCTGNODE,AFTON_3_AFTONCTGNODE,AFTON_3_AFTONCTGNODE,RTPD,MCL,LMP_LOSS_PRC,AFTON_3_AFTONCTGNODE,ALL,1,0,4,4
2022-09-02T01:45:00-00:00,2022-09-02T02:00:00-00:00,2022-09-01,19,AFTON_3_AFTONCTGNODE,AFTON_3_AFTONCTGNODE,AFTON_3_AFTONCTGNODE,RTPD,MCL,LMP_LOSS_PRC,AFTON_3_AFTONCTGNODE,ALL,1,0,4,4
2022-09-02T02:45:00-00:00,2022-09-02T03:00:00-00:00,2022-09-01,20,AFTON_3_AFTONCTGNODE,AFTON_3_AFTONCTGNODE,AFTON_3_AFTONCTGNODE,RTPD,MCL,LMP_LOSS_PRC,AFTON_3_AFTONCTGNODE,ALL,1,-129.04231,4,4
2022-09-02T03:45:00-00:00,2022-09-02T04:00:00-00:00,2022-09-01,21,AFTON_3_AFTONCTGNODE,AFTON_3_AFTONCTGNODE,AFTON_3_AFTONCTGNODE,RTPD,MCL,LMP_LOSS_PRC,AFTON_3_AFTONCTGNODE,ALL,1,-7.08156,4,4
2022-09-02T04:45:00-00:00,2022-09-02T05:00:00-00:00,2022-09-01,22,AFTON_3_AFTONCTGNODE,AFTON_3_AFTONCTGNODE,AFTON_3_AFTONCTGNODE,RTPD,MCL,LMP_LOSS_PRC,AFTON_3_AFTONCTGNODE,ALL,1,-5.96887,4,4
2022-09-02T05:45:00-00:00,2022-09-02T06:00:00-00:00,2022-09-01,23,AFTON_3_AFTONCTGNODE,AFTON_3_AFTONCTGNODE,AFTON_3_AFTONCTGNODE,RTPD,MCL,LMP_LOSS_PRC,AFTON_3_AFTONCTGNODE,ALL,1,-3.26207,4,4
2022-09-02T06:45:00-00:00,2022-09-02T07:00:00-00:00,2022-09-01,24,AFTON_3_AFTONCTGNODE,AFTON_3_AFTONCTGNODE,AFTON_3_AFTONCTGNODE,RTPD,MCL,LMP_LOSS_PRC,AFTON_3_AFTONCTGNODE,ALL,1,-3.19344,4,4
2022-09-01T07:00:00-00:00,2022-09-01T07:15:00-00:00,2022-09-01,01,AFTON_3_AFTONCTGNODE,AFTON_3_AFTONCTGNODE,AFTON_3_AFTONCTGNODE,RTPD,MGHG,LMP_GHG_PRC,AFTON_3_AFTONCTGNODE,ALL,1,-11.45,1,5
2022-09-01T08:00:00-00:00,2022-09-01T08:15:00-00:00,2022-09-01,02,AFTON_3_AFTONCTGNODE,AFTON_3_AFTONCTGNODE,AFTON_3_AFTONCTGNODE,RTPD,MGHG,LMP_GHG_PRC,AFTON_3_AFTONCTGNODE,ALL,1,-14.13,1,5
2022-09-01T09:00:00-00:00,2022-09-01T09:15:00-00:00,2022-09-01,03,AFTON_3_AFTONCTGNODE,AFTON_3_AFTONCTGNODE,AFTON_3_AFTONCTGNODE,RTPD,MGHG,LMP_GHG_PRC,AFTON_3_AFTONCTGNODE,ALL,1,-12.17178,1,5
2022-09-01T10:00:00-00:00,2022-09-01T10:15:00-00:00,2022-09-01,04,AFTON_3_AFTONCTGNODE,AFTON_3_AFTONCTGNODE,AFTON_3_AFTONCTGNODE,RTPD,MGHG,LMP_GHG_PRC,AFTON_3_AFTONCTGNODE,ALL,1,-13.55,1,5
2022-09-01T11:00:00-00:00,2022-09-01T11:15:00-00:00,2022-09-01,05,AFTON_3_AFTONCTGNODE,AFTON_3_AFTONCTGNODE,AFTON_3_AFTONCTGNODE,RTPD,MGHG,LMP_GHG_PRC,AFTON_3_AFTONCTGNODE,ALL,1,-13.55,1,5
2022-09-01T12:00:00-00:00,2022-09-01T12:15:00-00:00,2022-09-01,06,AFTON_3_AFTONCTGNODE,AFTON_3_AFTONCTGNODE,AFTON_3_AFTONCTGNODE,RTPD,MGHG,LMP_GHG_PRC,AFTON_3_AFTONCTGNODE,ALL,1,-13.71725,1,5
2022-09-01T13:00:00-00:00,2022-09-01T13:15:00-00:00,2022-09-01,07,AFTON_3_AFTONCTGNODE,AFTON_3_AFTONCTGNODE,AFTON_3_AFTONCTGNODE,RTPD,MGHG,LMP_GHG_PRC,AFTON_3_AFTONCTGNODE,ALL,1,-15,1,5
2022-09-01T14:00:00-00:00,2022-09-01T14:15:00-00:00,2022-09-01,08,AFTON_3_AFTONCTGNODE,AFTON_3_AFTONCTGNODE,AFTON_3_AFTONCTGNODE,RTPD,MGHG,LMP_GHG_PRC,AFTON_3_AFTONCTGNODE,ALL,1,-15.61,1,5
2022-09-01T15:00:00-00:00,2022-09-01T15:15:00-00:00,2022-09-01,09,AFTON_3_AFTONCTGNODE,AFTON_3_AFTONCTGNODE,AFTON_3_AFTONCTGNODE,RTPD,MGHG,LMP_GHG_PRC,AFTON_3_AFTONCTGNODE,ALL,1,-12.7,1,5
2022-09-01T16:00:00-00:00,2022-09-01T16:15:00-00:00,2022-09-01,10,AFTON_3_AFTONCTGNODE,AFTON_3_AFTONCTGNODE,AFTON_3_AFTONCTGNODE,RTPD,MGHG,LMP_GHG_PRC,AFTON_3_AFTONCTGNODE,ALL,1,-14.1,1,5
2022-09-01T17:00:00-00:00,2022-09-01T17:15:00-00:00,2022-09-01,11,AFTON_3_AFTONCTGNODE,AFTON_3_AFTONCTGNODE,AFTON_3_AFTONCTGNODE,RTPD,MGHG,LMP_GHG_PRC,AFTON_3_AFTONCTGNODE,ALL,1,-11.63,1,5
2022-09-01T18:00:00-00:00,2022-09-01T18:15:00-00:00,2022-09-01,12,AFTON_3_AFTONCTGNODE,AFTON_3_AFTONCTGNODE,AFTON_3_AFTONCTGNODE,RTPD,MGHG,LMP_GHG_PRC,AFTON_3_AFTONCTGNODE,ALL,1,-13.98,1,5
2022-09-01T19:00:00-00:00,2022-09-01T19:15:00-00:00,2022-09-01,13,AFTON_3_AFTONCTGNODE,AFTON_3_AFTONCTGNODE,AFTON_3_AFTONCTGNODE,RTPD,MGHG,LMP_GHG_PRC,AFTON_3_AFTONCTGNODE,ALL,1,-14.15,1,5
2022-09-01T20:00:00-00:00,2022-09-01T20:15:00-00:00,2022-09-01,14,AFTON_3_AFTONCTGNODE,AFTON_3_AFTONCTGNODE,AFTON_3_AFTONCTGNODE,RTPD,MGHG,LMP_GHG_PRC,AFTON_3_AFTONCTGNODE,ALL,1,-26.16,1,5
2022-09-01T21:00:00-00:00,2022-09-01T21:15:00-00:00,2022-09-01,15,AFTON_3_AFTONCTGNODE,AFTON_3_AFTONCTGNODE,AFTON_3_AFTONCTGNODE,RTPD,MGHG,LMP_GHG_PRC,AFTON_3_AFTONCTGNODE,ALL,1,-15,1,5
2022-09-01T22:00:00-00:00,2022-09-01T22:15:00-00:00,2022-09-01,16,AFTON_3_AFTONCTGNODE,AFTON_3_AFTONCTGNODE,AFTON_3_AFTONCTGNODE,RTPD,MGHG,LMP_GHG_PRC,AFTON_3_AFTONCTGNODE,ALL,1,-17.36,1,5
2022-09-01T23:00:00-00:00,2022-09-01T23:15:00-00:00,2022-09-01,17,AFTON_3_AFTONCTGNODE,AFTON_3_AFTONCTGNODE,AFTON_3_AFTONCTGNODE,RTPD,MGHG,LMP_GHG_PRC,AFTON_3_AFTONCTGNODE,ALL,1,-26.16,1,5
2022-09-02T00:00:00-00:00,2022-09-02T00:15:00-00:00,2022-09-01,18,AFTON_3_AFTONCTGNODE,AFTON_3_AFTONCTGNODE,AFTON_3_AFTONCTGNODE,RTPD,MGHG,LMP_GHG_PRC,AFTON_3_AFTONCTGNODE,ALL,1,-28.21,1,5
2022-09-02T01:00:00-00:00,2022-09-02T01:15:00-00:00,2022-09-01,19,AFTON_3_AFTONCTGNODE,AFTON_3_AFTONCTGNODE,AFTON_3_AFTONCTGNODE,RTPD,MGHG,LMP_GHG_PRC,AFTON_3_AFTONCTGNODE,ALL,1,-24.91,1,5
2022-09-02T02:00:00-00:00,2022-09-02T02:15:00-00:00,2022-09-01,20,AFTON_3_AFTONCTGNODE,AFTON_3_AFTONCTGNODE,AFTON_3_AFTONCTGNODE,RTPD,MGHG,LMP_GHG_PRC,AFTON_3_AFTONCTGNODE,ALL,1,-15.61,1,5
2022-09-02T03:00:00-00:00,2022-09-02T03:15:00-00:00,2022-09-01,21,AFTON_3_AFTONCTGNODE,AFTON_3_AFTONCTGNODE,AFTON_3_AFTONCTGNODE,RTPD,MGHG,LMP_GHG_PRC,AFTON_3_AFTONCTGNODE,ALL,1,-11.89,1,5
2022-09-02T04:00:00-00:00,2022-09-02T04:15:00-00:00,2022-09-01,22,AFTON_3_AFTONCTGNODE,AFTON_3_AFTONCTGNODE,AFTON_3_AFTONCTGNODE,RTPD,MGHG,LMP_GHG_PRC,AFTON_3_AFTONCTGNODE,ALL,1,-14.75,1,5
2022-09-02T05:00:00-00:00,2022-09-02T05:15:00-00:00,2022-09-01,23,AFTON_3_AFTONCTGNODE,AFTON_3_AFTONCTGNODE,AFTON_3_AFTONCTGNODE,RTPD,MGHG,LMP_GHG_PRC,AFTON_3_AFTONCTGNODE,ALL,1,-9.52,1,5
2022-09-02T06:00:00-00:00,2022-09-02T06:15:00-00:00,2022-09-01,24,AFTON_3_AFTONCTGNODE,AFTON_3_AFTONCTGNODE,AFTON_3_AFTONCTGNODE,RTPD,MGHG,LMP_GHG_PRC,AFTON_3_AFTONCTGNODE,ALL,1,-11.63,1,5
2022-09-01T07:15:00-00:00,2022-09-01T07:30:00-00:00,2022-09-01,01,AFTON_3_AFTONCTGNODE,AFTON_3_AFTONCTGNODE,AFTON_3_AFTONCTGNODE,RTPD,MGHG,LMP_GHG_PRC,AFTON_3_AFTONCTGNODE,ALL,1,-13.76,2,5
2022-09-01T08:15:00-00:00,2022-09-01T08:30:00-00:00,2022-09-01,02,AFTON_3_AFTONCTGNODE,AFTON_3_AFTONCTGNODE,AFTON_3_AFTONCTGNODE,RTPD,MGHG,LMP_GHG_PRC,AFTON_3_AFTONCTGNODE,ALL,1,-14.75,2,5
2022-09-01T09:15:00-00:00,2022-09-01T09:30:00-00:00,2022-09-01,03,AFTON_3_AFTONCTGNODE,AFTON_3_AFTONCTGNODE,AFTON_3_AFTONCTGNODE,RTPD,MGHG,LMP_GHG_PRC,AFTON_3_AFTONCTGNODE,ALL,1,-12.19,2,5
2022-09-01T10:15:00-00:00,2022-09-01T10:30:00-00:00,2022-09-01,04,AFTON_3_AFTONCTGNODE,AFTON_3_AFTONCTGNODE,AFTON_3_AFTONCTGNODE,RTPD,MGHG,LMP_GHG_PRC,AFTON_3_AFTONCTGNODE,ALL,1,-13.98,2,5
2022-09-01T11:15:00-00:00,2022-09-01T11:30:00-00:00,2022-09-01,05,AFTON_3_AFTONCTGNODE,AFTON_3_AFTONCTGNODE,AFTON_3_AFTONCTGNODE,RTPD,MGHG,LMP_GHG_PRC,AFTON_3_AFTONCTGNODE,ALL,1,-13.98,2,5
2022-09-01T12:15:00-00:00,2022-09-01T12:30:00-00:00,2022-09-01,06,AFTON_3_AFTONCTGNODE,AFTON_3_AFTONCTGNODE,AFTON_3_AFTONCTGNODE,RTPD,MGHG,LMP_GHG_PRC,AFTON_3_AFTONCTGNODE,ALL,1,-14.79,2,5
2022-09-01T13:15:00-00:00,2022-09-01T13:30:00-00:00,2022-09-01,07,AFTON_3_AFTONCTGNODE,AFTON_3_AFTONCTGNODE,AFTON_3_AFTONCTGNODE,RTPD,MGHG,LMP_GHG_PRC,AFTON_3_AFTONCTGNODE,ALL,1,-15,2,5
2022-09-01T14:15:00-00:00,2022-09-01T14:30:00-00:00,2022-09-01,08,AFTON_3_AFTONCTGNODE,AFTON_3_AFTONCTGNODE,AFTON_3_AFTONCTGNODE,RTPD,MGHG,LMP_GHG_PRC,AFTON_3_AFTONCTGNODE,ALL,1,-14.22559,2,5
2022-09-01T15:15:00-00:00,2022-09-01T15:30:00-00:00,2022-09-01,09,AFTON_3_AFTONCTGNODE,AFTON_3_AFTONCTGNODE,AFTON_3_AFTONCTGNODE,RTPD,MGHG,LMP_GHG_PRC,AFTON_3_AFTONCTGNODE,ALL,1,-12.7,2,5
2022-09-01T16:15:00-00:00,2022-09-01T16:30:00-00:00,2022-09-01,10,AFTON_3_AFTONCTGNODE,AFTON_3_AFTONCTGNODE,AFTON_3_AFTONCTGNODE,RTPD,MGHG,LMP_GHG_PRC,AFTON_3_AFTONCTGNODE,ALL,1,-13.34161,2,5
2022-09-01T17:15:00-00:00,2022-09-01T17:30:00-00:00,2022-09-01,11,AFTON_3_AFTONCTGNODE,AFTON_3_AFTONCTGNODE,AFTON_3_AFTONCTGNODE,RTPD,MGHG,LMP_GHG_PRC,AFTON_3_AFTONCTGNODE,ALL,1,-11.89,2,5
2022-09-01T18:15:00-00:00,2022-09-01T18:30:00-00:00,2022-09-01,12,AFTON_3_AFTONCTGNODE,AFTON_3_AFTONCTGNODE,AFTON_3_AFTONCTGNODE,RTPD,MGHG,LMP_GHG_PRC,AFTON_3_AFTONCTGNODE,ALL,1,-14.79,2,5
2022-09-01T19:15:00-00:00,2022-09-01T19:30:00-00:00,2022-09-01,13,AFTON_3_AFTONCTGNODE,AFTON_3_AFTONCTGNODE,AFTON_3_AFTONCTGNODE,RTPD,MGHG,LMP_GHG_PRC,AFTON_3_AFTONCTGNODE,ALL,1,-14.79,2,5
2022-09-01T20:15:00-00:00,2022-09-01T20:30:00-00:00,2022-09-01,14,AFTON_3_AFTONCTGNODE,AFTON_3_AFTONCTGNODE,AFTON_3_AFTONCTGNODE,RTPD,MGHG,LMP_GHG_PRC,AFTON_3_AFTONCTGNODE,ALL,1,-18.59,2,5
2022-09-01T21:15:00-00:00,2022-09-01T21:30:00-00:00,2022-09-01,15,AFTON_3_AFTONCTGNODE,AFTON_3_AFTONCTGNODE,AFTON_3_AFTONCTGNODE,RTPD,MGHG,LMP_GHG_PRC,AFTON_3_AFTONCTGNODE,ALL,1,-15.41,2,5
2022-09-01T22:15:00-00:00,2022-09-01T22:30:00-00:00,2022-09-01,16,AFTON_3_AFTONCTGNODE,AFTON_3_AFTONCTGNODE,AFTON_3_AFTONCTGNODE,RTPD,MGHG,LMP_GHG_PRC,AFTON_3_AFTONCTGNODE,ALL,1,-19.44814,2,5
2022-09-01T23:15:00-00:00,2022-09-01T23:30:00-00:00,2022-09-01,17,AFTON_3_AFTONCTGNODE,AFTON_3_AFTONCTGNODE,AFTON_3_AFTONCTGNODE,RTPD,MGHG,LMP_GHG_PRC,AFTON_3_AFTONCTGNODE,ALL,1,-26.16,2,5
2022-09-02T00:15:00-00:00,2022-09-02T00:30:00-00:00,2022-09-01,18,AFTON_3_AFTONCTGNODE,AFTON_3_AFTONCTGNODE,AFTON_3_AFTONCTGNODE,RTPD,MGHG,LMP_GHG_PRC,AFTON_3_AFTONCTGNODE,ALL,1,-24.91,2,5
2022-09-02T01:15:00-00:00,2022-09-02T01:30:00-00:00,2022-09-01,19,AFTON_3_AFTONCTGNODE,AFTON_3_AFTONCTGNODE,AFTON_3_AFTONCTGNODE,RTPD,MGHG,LMP_GHG_PRC,AFTON_3_AFTONCTGNODE,ALL,1,-18.59,2,5
2022-09-02T02:15:00-00:00,2022-09-02T02:30:00-00:00,2022-09-01,20,AFTON_3_AFTONCTGNODE,AFTON_3_AFTONCTGNODE,AFTON_3_AFTONCTGNODE,RTPD,MGHG,LMP_GHG_PRC,AFTON_3_AFTONCTGNODE,ALL,1,-17.16,2,5
2022-09-02T03:15:00-00:00,2022-09-02T03:30:00-00:00,2022-09-01,21,AFTON_3_AFTONCTGNODE,AFTON_3_AFTONCTGNODE,AFTON_3_AFTONCTGNODE,RTPD,MGHG,LMP_GHG_PRC,AFTON_3_AFTONCTGNODE,ALL,1,-14.79,2,5
2022-09-02T04:15:00-00:00,2022-09-02T04:30:00-00:00,2022-09-01,22,AFTON_3_AFTONCTGNODE,AFTON_3_AFTONCTGNODE,AFTON_3_AFTONCTGNODE,RTPD,MGHG,LMP_GHG_PRC,AFTON_3_AFTONCTGNODE,ALL,1,-14.79,2,5
2022-09-02T05:15:00-00:00,2022-09-02T05:30:00-00:00,2022-09-01,23,AFTON_3_AFTONCTGNODE,AFTON_3_AFTONCTGNODE,AFTON_3_AFTONCTGNODE,RTPD,MGHG,LMP_GHG_PRC,AFTON_3_AFTONCTGNODE,ALL,1,-11.89,2,5
2022-09-02T06:15:00-00:00,2022-09-02T06:30:00-00:00,2022-09-01,24,AFTON_3_AFTONCTGNODE,AFTON_3_AFTONCTGNODE,AFTON_3_AFTONCTGNODE,RTPD,MGHG,LMP_GHG_PRC,AFTON_3_AFTONCTGNODE,ALL,1,-11.13,2,5
2022-09-01T07:30:00-00:00,2022-09-01T07:45:00-00:00,2022-09-01,01,AFTON_3_AFTONCTGNODE,AFTON_3_AFTONCTGNODE,AFTON_3_AFTONCTGNODE,RTPD,MGHG,LMP_GHG_PRC,AFTON_3_AFTONCTGNODE,ALL,1,-14.46,3,5
2022-09-01T08:30:00-00:00,2022-09-01T08:45:00-00:00,2022-09-01,02,AFTON_3_AFTONCTGNODE,AFTON_3_AFTONCTGNODE,AFTON_3_AFTONCTGNODE,RTPD,MGHG,LMP_GHG_PRC,AFTON_3_AFTONCTGNODE,ALL,1,-14.79,3,5
2022-09-01T09:30:00-00:00,2022-09-01T09:45:00-00:00,2022-09-01,03,AFTON_3_AFTONCTGNODE,AFTON_3_AFTONCTGNODE,AFTON_3_AFTONCTGNODE,RTPD,MGHG,LMP_GHG_PRC,AFTON_3_AFTONCTGNODE,ALL,1,-12.97,3,5
2022-09-01T10:30:00-00:00,2022-09-01T10:45:00-00:00,2022-09-01,04,AFTON_3_AFTONCTGNODE,AFTON_3_AFTONCTGNODE,AFTON_3_AFTONCTGNODE,RTPD,MGHG,LMP_GHG_PRC,AFTON_3_AFTONCTGNODE,ALL,1,-13.98,3,5
2022-09-01T11:30:00-00:00,2022-09-01T11:45:00-00:00,2022-09-01,05,AFTON_3_AFTONCTGNODE,AFTON_3_AFTONCTGNODE,AFTON_3_AFTONCTGNODE,RTPD,MGHG,LMP_GHG_PRC,AFTON_3_AFTONCTGNODE,ALL,1,-14.53398,3,5
2022-09-01T12:30:00-00:00,2022-09-01T12:45:00-00:00,2022-09-01,06,AFTON_3_AFTONCTGNODE,AFTON_3_AFTONCTGNODE,AFTON_3_AFTONCTGNODE,RTPD,MGHG,LMP_GHG_PRC,AFTON_3_AFTONCTGNODE,ALL,1,-14.79,3,5
2022-09-01T13:30:00-00:00,2022-09-01T13:45:00-00:00,2022-09-01,07,AFTON_3_AFTONCTGNODE,AFTON_3_AFTONCTGNODE,AFTON_3_AFTONCTGNODE,RTPD,MGHG,LMP_GHG_PRC,AFTON_3_AFTONCTGNODE,ALL,1,-15.84217,3,5
2022-09-01T14:30:00-00:00,2022-09-01T14:45:00-00:00,2022-09-01,08,AFTON_3_AFTONCTGNODE,AFTON_3_AFTONCTGNODE,AFTON_3_AFTONCTGNODE,RTPD,MGHG,LMP_GHG_PRC,AFTON_3_AFTONCTGNODE,ALL,1,-12.7,3,5
2022-09-01T15:30:00-00:00,2022-09-01T15:45:00-00:00,2022-09-01,09,AFTON_3_AFTONCTGNODE,AFTON_3_AFTONCTGNODE,AFTON_3_AFTONCTGNODE,RTPD,MGHG,LMP_GHG_PRC,AFTON_3_AFTONCTGNODE,ALL,1,-12.05,3,5
2022-09-01T16:30:00-00:00,2022-09-01T16:45:00-00:00,2022-09-01,10,AFTON_3_AFTONCTGNODE,AFTON_3_AFTONCTGNODE,AFTON_3_AFTONCTGNODE,RTPD,MGHG,LMP_GHG_PRC,AFTON_3_AFTONCTGNODE,ALL,1,-11.13,3,5
2022-09-01T17:30:00-00:00,2022-09-01T17:45:00-00:00,2022-09-01,11,AFTON_3_AFTONCTGNODE,AFTON_3_AFTONCTGNODE,AFTON_3_AFTONCTGNODE,RTPD,MGHG,LMP_GHG_PRC,AFTON_3_AFTONCTGNODE,ALL,1,-11.63,3,5
2022-09-01T18:30:00-00:00,2022-09-01T18:45:00-00:00,2022-09-01,12,AFTON_3_AFTONCTGNODE,AFTON_3_AFTONCTGNODE,AFTON_3_AFTONCTGNODE,RTPD,MGHG,LMP_GHG_PRC,AFTON_3_AFTONCTGNODE,ALL,1,-14.37982,3,5
2022-09-01T19:30:00-00:00,2022-09-01T19:45:00-00:00,2022-09-01,13,AFTON_3_AFTONCTGNODE,AFTON_3_AFTONCTGNODE,AFTON_3_AFTONCTGNODE,RTPD,MGHG,LMP_GHG_PRC,AFTON_3_AFTONCTGNODE,ALL,1,-14.79,3,5
2022-09-01T20:30:00-00:00,2022-09-01T20:45:00-00:00,2022-09-01,14,AFTON_3_AFTONCTGNODE,AFTON_3_AFTONCTGNODE,AFTON_3_AFTONCTGNODE,RTPD,MGHG,LMP_GHG_PRC,AFTON_3_AFTONCTGNODE,ALL,1,-19.37,3,5
2022-09-01T21:30:00-00:00,2022-09-01T21:45:00-00:00,2022-09-01,15,AFTON_3_AFTONCTGNODE,AFTON_3_AFTONCTGNODE,AFTON_3_AFTONCTGNODE,RTPD,MGHG,LMP_GHG_PRC,AFTON_3_AFTONCTGNODE,ALL,1,-14.79,3,5
2022-09-01T22:30:00-00:00,2022-09-01T22:45:00-00:00,2022-09-01,16,AFTON_3_AFTONCTGNODE,AFTON_3_AFTONCTGNODE,AFTON_3_AFTONCTGNODE,RTPD,MGHG,LMP_GHG_PRC,AFTON_3_AFTONCTGNODE,ALL,1,-17.77,3,5
2022-09-01T23:30:00-00:00,2022-09-01T23:45:00-00:00,2022-09-01,17,AFTON_3_AFTONCTGNODE,AFTON_3_AFTONCTGNODE,AFTON_3_AFTONCTGNODE,RTPD,MGHG,LMP_GHG_PRC,AFTON_3_AFTONCTGNODE,ALL,1,-26.16,3,5
2022-09-02T00:30:00-00:00,2022-09-02T00:45:00-00:00,2022-09-01,18,AFTON_3_AFTONCTGNODE,AFTON_3_AFTONCTGNODE,AFTON_3_AFTONCTGNODE,RTPD,MGHG,LMP_GHG_PRC,AFTON_3_AFTONCTGNODE,ALL,1,-29.51,3,5
2022-09-02T01:30:00-00:00,2022-09-02T01:45:00-00:00,2022-09-01,19,AFTON_3_AFTONCTGNODE,AFTON_3_AFTONCTGNODE,AFTON_3_AFTONCTGNODE,RTPD,MGHG,LMP_GHG_PRC,AFTON_3_AFTONCTGNODE,ALL,1,-18.59,3,5
2022-09-02T02:30:00-00:00,2022-09-02T02:45:00-00:00,2022-09-01,20,AFTON_3_AFTONCTGNODE,AFTON_3_AFTONCTGNODE,AFTON_3_AFTONCTGNODE,RTPD,MGHG,LMP_GHG_PRC,AFTON_3_AFTONCTGNODE,ALL,1,-25.88,3,5
2022-09-02T03:30:00-00:00,2022-09-02T03:45:00-00:00,2022-09-01,21,AFTON_3_AFTONCTGNODE,AFTON_3_AFTONCTGNODE,AFTON_3_AFTONCTGNODE,RTPD,MGHG,LMP_GHG_PRC,AFTON_3_AFTONCTGNODE,ALL,1,-14.79,3,5
2022-09-02T04:30:00-00:00,2022-09-02T04:45:00-00:00,2022-09-01,22,AFTON_3_AFTONCTGNODE,AFTON_3_AFTONCTGNODE,AFTON_3_AFTONCTGNODE,RTPD,MGHG,LMP_GHG_PRC,AFTON_3_AFTONCTGNODE,ALL,1,-15.61,3,5
2022-09-02T05:30:00-00:00,2022-09-02T05:45:00-00:00,2022-09-01,23,AFTON_3_AFTONCTGNODE,AFTON_3_AFTONCTGNODE,AFTON_3_AFTONCTGNODE,RTPD,MGHG,LMP_GHG_PRC,AFTON_3_AFTONCTGNODE,ALL,1,-14.79,3,5
2022-09-02T06:30:00-00:00,2022-09-02T06:45:00-00:00,2022-09-01,24,AFTON_3_AFTONCTGNODE,AFTON_3_AFTONCTGNODE,AFTON_3_AFTONCTGNODE,RTPD,MGHG,LMP_GHG_PRC,AFTON_3_AFTONCTGNODE,ALL,1,-14.79,3,5
2022-09-01T07:45:00-00:00,2022-09-01T08:00:00-00:00,2022-09-01,01,AFTON_3_AFTONCTGNODE,AFTON_3_AFTONCTGNODE,AFTON_3_AFTONCTGNODE,RTPD,MGHG,LMP_GHG_PRC,AFTON_3_AFTONCTGNODE,ALL,1,-14,4,5
2022-09-01T08:45:00-00:00,2022-09-01T09:00:00-00:00,2022-09-01,02,AFTON_3_AFTONCTGNODE,AFTON_3_AFTONCTGNODE,AFTON_3_AFTONCTGNODE,RTPD,MGHG,LMP_GHG_PRC,AFTON_3_AFTONCTGNODE,ALL,1,-14.79,4,5
2022-09-01T09:45:00-00:00,2022-09-01T10:00:00-00:00,2022-09-01,03,AFTON_3_AFTONCTGNODE,AFTON_3_AFTONCTGNODE,AFTON_3_AFTONCTGNODE,RTPD,MGHG,LMP_GHG_PRC,AFTON_3_AFTONCTGNODE,ALL,1,-12.97,4,5
2022-09-01T10:45:00-00:00,2022-09-01T11:00:00-00:00,2022-09-01,04,AFTON_3_AFTONCTGNODE,AFTON_3_AFTONCTGNODE,AFTON_3_AFTONCTGNODE,RTPD,MGHG,LMP_GHG_PRC,AFTON_3_AFTONCTGNODE,ALL,1,-13.55,4,5
2022-09-01T11:45:00-00:00,2022-09-01T12:00:00-00:00,2022-09-01,05,AFTON_3_AFTONCTGNODE,AFTON_3_AFTONCTGNODE,AFTON_3_AFTONCTGNODE,RTPD,MGHG,LMP_GHG_PRC,AFTON_3_AFTONCTGNODE,ALL,1,-14.79,4,5
2022-09-01T12:45:00-00:00,2022-09-01T13:00:00-00:00,2022-09-01,06,AFTON_3_AFTONCTGNODE,AFTON_3_AFTONCTGNODE,AFTON_3_AFTONCTGNODE,RTPD,MGHG,LMP_GHG_PRC,AFTON_3_AFTONCTGNODE,ALL,1,-14.79,4,5
2022-09-01T13:45:00-00:00,2022-09-01T14:00:00-00:00,2022-09-01,07,AFTON_3_AFTONCTGNODE,AFTON_3_AFTONCTGNODE,AFTON_3_AFTONCTGNODE,RTPD,MGHG,LMP_GHG_PRC,AFTON_3_AFTONCTGNODE,ALL,1,-14.79,4,5
2022-09-01T14:45:00-00:00,2022-09-01T15:00:00-00:00,2022-09-01,08,AFTON_3_AFTONCTGNODE,AFTON_3_AFTONCTGNODE,AFTON_3_AFTONCTGNODE,RTPD,MGHG,LMP_GHG_PRC,AFTON_3_AFTONCTGNODE,ALL,1,-8.84,4,5
2022-09-01T15:45:00-00:00,2022-09-01T16:00:00-00:00,2022-09-01,09,AFTON_3_AFTONCTGNODE,AFTON_3_AFTONCTGNODE,AFTON_3_AFTONCTGNODE,RTPD,MGHG,LMP_GHG_PRC,AFTON_3_AFTONCTGNODE,ALL,1,-12.05,4,5
2022-09-01T16:45:00-00:00,2022-09-01T17:00:00-00:00,2022-09-01,10,AFTON_3_AFTONCTGNODE,AFTON_3_AFTONCTGNODE,AFTON_3_AFTONCTGNODE,RTPD,MGHG,LMP_GHG_PRC,AFTON_3_AFTONCTGNODE,ALL,1,-10.94,4,5
2022-09-01T17:45:00-00:00,2022-09-01T18:00:00-00:00,2022-09-01,11,AFTON_3_AFTONCTGNODE,AFTON_3_AFTONCTGNODE,AFTON_3_AFTONCTGNODE,RTPD,MGHG,LMP_GHG_PRC,AFTON_3_AFTONCTGNODE,ALL,1,-12.32178,4,5
2022-09-01T18:45:00-00:00,2022-09-01T19:00:00-00:00,2022-09-01,12,AFTON_3_AFTONCTGNODE,AFTON_3_AFTONCTGNODE,AFTON_3_AFTONCTGNODE,RTPD,MGHG,LMP_GHG_PRC,AFTON_3_AFTONCTGNODE,ALL,1,-13.98,4,5
2022-09-01T19:45:00-00:00,2022-09-01T20:00:00-00:00,2022-09-01,13,AFTON_3_AFTONCTGNODE,AFTON_3_AFTONCTGNODE,AFTON_3_AFTONCTGNODE,RTPD,MGHG,LMP_GHG_PRC,AFTON_3_AFTONCTGNODE,ALL,1,-15.37,4,5
2022-09-01T20:45:00-00:00,2022-09-01T21:00:00-00:00,2022-09-01,14,AFTON_3_AFTONCTGNODE,AFTON_3_AFTONCTGNODE,AFTON_3_AFTONCTGNODE,RTPD,MGHG,LMP_GHG_PRC,AFTON_3_AFTONCTGNODE,ALL,1,-15.61,4,5
2022-09-01T21:45:00-00:00,2022-09-01T22:00:00-00:00,2022-09-01,15,AFTON_3_AFTONCTGNODE,AFTON_3_AFTONCTGNODE,AFTON_3_AFTONCTGNODE,RTPD,MGHG,LMP_GHG_PRC,AFTON_3_AFTONCTGNODE,ALL,1,-14.79,4,5
2022-09-01T22:45:00-00:00,2022-09-01T23:00:00-00:00,2022-09-01,16,AFTON_3_AFTONCTGNODE,AFTON_3_AFTONCTGNODE,AFTON_3_AFTONCTGNODE,RTPD,MGHG,LMP_GHG_PRC,AFTON_3_AFTONCTGNODE,ALL,1,-17.16,4,5
2022-09-01T23:45:00-00:00,2022-09-02T00:00:00-00:00,2022-09-01,17,AFTON_3_AFTONCTGNODE,AFTON_3_AFTONCTGNODE,AFTON_3_AFTONCTGNODE,RTPD,MGHG,LMP_GHG_PRC,AFTON_3_AFTONCTGNODE,ALL,1,-28.33,4,5
2022-09-02T00:45:00-00:00,2022-09-02T01:00:00-00:00,2022-09-01,18,AFTON_3_AFTONCTGNODE,AFTON_3_AFTONCTGNODE,AFTON_3_AFTONCTGNODE,RTPD,MGHG,LMP_GHG_PRC,AFTON_3_AFTONCTGNODE,ALL,1,-29.51,4,5
2022-09-02T01:45:00-00:00,2022-09-02T02:00:00-00:00,2022-09-01,19,AFTON_3_AFTONCTGNODE,AFTON_3_AFTONCTGNODE,AFTON_3_AFTONCTGNODE,RTPD,MGHG,LMP_GHG_PRC,AFTON_3_AFTONCTGNODE,ALL,1,-15.61,4,5
2022-09-02T02:45:00-00:00,2022-09-02T03:00:00-00:00,2022-09-01,20,AFTON_3_AFTONCTGNODE,AFTON_3_AFTONCTGNODE,AFTON_3_AFTONCTGNODE,RTPD,MGHG,LMP_GHG_PRC,AFTON_3_AFTONCTGNODE,ALL,1,-30.58,4,5
2022-09-02T03:45:00-00:00,2022-09-02T04:00:00-00:00,2022-09-01,21,AFTON_3_AFTONCTGNODE,AFTON_3_AFTONCTGNODE,AFTON_3_AFTONCTGNODE,RTPD,MGHG,LMP_GHG_PRC,AFTON_3_AFTONCTGNODE,ALL,1,-16.46,4,5
2022-09-02T04:45:00-00:00,2022-09-02T05:00:00-00:00,2022-09-01,22,AFTON_3_AFTONCTGNODE,AFTON_3_AFTONCTGNODE,AFTON_3_AFTONCTGNODE,RTPD,MGHG,LMP_GHG_PRC,AFTON_3_AFTONCTGNODE,ALL,1,-15.61,4,5
2022-09-02T05:45:00-00:00,2022-09-02T06:00:00-00:00,2022-09-01,23,AFTON_3_AFTONCTGNODE,AFTON_3_AFTONCTGNODE,AFTON_3_AFTONCTGNODE,RTPD,MGHG,LMP_GHG_PRC,AFTON_3_AFTONCTGNODE,ALL,1,-14.79,4,5
2022-09-02T06:45:00-00:00,2022-09-02T07:00:00-00:00,2022-09-01,24,AFTON_3_AFTONCTGNODE,AFTON_3_AFTONCTGNODE,AFTON_3_AFTONCTGNODE,RTPD,MGHG,LMP_GHG_PRC,AFTON_3_AFTONCTGNODE,ALL,1,-15,4,5
