INTERVALSTARTTIME_GMT,INTERVALENDTIME_GMT,OPR_DT,OPR_HR,NODE_ID_XML,NODE_ID,NODE,MARKET_RUN_ID,LMP_TYPE,XML_DATA_ITEM,PNODE_RESMRID,GRP_TYPE,POS,PRC,OPR_INTERVAL,GROUP
2022-09-01T07:00:00-00:00,2022-09-01T07:15:00-00:00,2022-09-01,01,PYGS_1_PYRAMID A3GNODE,PYGS_1_PYRAMID A3GNODE,PYGS_1_PYRAMID A3GNODE,RTPD,LMP,LMP_PRC,PYGS_1_PYRAMID A3GNODE,ALL,1,109.71564,1,1
2022-09-01T08:00:00-00:00,2022-09-01T08:15:00-00:00,2022-09-01,02,PYGS_1_PYRAMID A3GNODE,PYGS_1_PYRAMID A3GNODE,PYGS_1_PYRAMID A3GNODE,RTPD,LMP,LMP_PRC,PYGS_1_PYRAMID A3GNODE,ALL,1,103.81474,1,1
2022-09-01T09:00:00-00:00,2022-09-01T09:15:00-00:00,2022-09-01,03,PYGS_1_PYRAMID A3GNODE,PYGS_1_PYRAMID A3GNODE,PYGS_1_PYRAMID A3GNODE,RTPD,LMP,LMP_PRC,PYGS_1_PYRAMID A3GNODE,ALL,1,91.52333,1,1
2022-09-01T10:00:00-00:00,2022-09-01T10:15:00-00:00,2022-09-01,04,PYGS_1_PYRAMID A3GNODE,PYGS_1_PYRAMID A3GNODE,PYGS_1_PYRAMID A3GNODE,RTPD,LMP,LMP_PRC,PYGS_1_PYRAMID A3GNODE,ALL,1,89.05504,1,1
2022-09-01T11:00:00-00:00,2022-09-01T11:15:00-00:00,2022-09-01,05,PYGS_1_PYRAMID A3GNODE,PYGS_1_PYRAMID A3GNODE,PYGS_1_PYRAMID A3GNODE,RTPD,LMP,LMP_PRC,PYGS_1_PYRAMID A3GNODE,ALL,1,89.70081,1,1
2022-09-01T12:00:00-00:00,2022-09-01T12:15:00-00:00,2022-09-01,06,PYGS_1_PYRAMID A3GNODE,PYGS_1_PYRAMID A3GNODE,PYGS_1_PYRAMID A3GNODE,RTPD,LMP,LMP_PRC,PYGS_1_PYRAMID A3GNODE,ALL,1,90.6056,1,1
2022-09-01T13:00:00-00:00,2022-09-01T13:15:00-00:00,2022-09-01,07,PYGS_1_PYRAMID A3GNODE,PYGS_1_PYRAMID A3GNODE,PYGS_1_PYRAMID A3GNODE,RTPD,LMP,LMP_PRC,PYGS_1_PYRAMID A3GNODE,ALL,1,96.99008,1,1
2022-09-01T14:00:00-00:00,2022-09-01T14:15:00-00:00,2022-09-01,08,PYGS_1_PYRAMID A3GNODE,PYGS_1_PYRAMID A3GNODE,PYGS_1_PYRAMID A3GNODE,RTPD,LMP,LMP_PRC,PYGS_1_PYRAMID A3GNODE,ALL,1,73.25347,1,1
2022-09-01T15:00:00-00:00,2022-09-01T15:15:00-00:00,2022-09-01,09,PYGS_1_PYRAMID A3GNODE,PYGS_1_PYRAMID A3GNODE,PYGS_1_PYRAMID A3GNODE,RTPD,LMP,LMP_PRC,PYGS_1_PYRAMID A3GNODE,ALL,1,32.37997,1,1
2022-09-01T16:00:00-00:00,2022-09-01T16:15:00-00:00,2022-09-01,10,PYGS_1_PYRAMID A3GNODE,PYGS_1_PYRAMID A3GNODE,PYGS_1_PYRAMID A3GNODE,RTPD,LMP,LMP_PRC,PYGS_1_PYRAMID A3GNODE,ALL,1,31.31097,1,1
2022-09-01T17:00:00-00:00,2022-09-01T17:15:00-00:00,2022-09-01,11,PYGS_1_PYRAMID A3GNODE,PYGS_1_PYRAMID A3GNODE,PYGS_1_PYRAMID A3GNODE,RTPD,LMP,LMP_PRC,PYGS_1_PYRAMID A3GNODE,ALL,1,63.12322,1,1
2022-09-01T18:00:00-00:00,2022-09-01T18:15:00-00:00,2022-09-01,12,PYGS_1_PYRAMID A3GNODE,PYGS_1_PYRAMID A3GNODE,PYGS_1_PYRAMID A3GNODE,RTPD,LMP,LMP_PRC,PYGS_1_PYRAMID A3GNODE,ALL,1,62.71207,1,1
2022-09-01T19:00:00-00:00,2022-09-01T19:15:00-00:00,2022-09-01,13,PYGS_1_PYRAMID A3GNODE,PYGS_1_PYRAMID A3GNODE,PYGS_1_PYRAMID A3GNODE,RTPD,LMP,LMP_PRC,PYGS_1_PYRAMID A3GNODE,ALL,1,56.50131,1,1
2022-09-01T20:00:00-00:00,2022-09-01T20:15:00-00:00,2022-09-01,14,PYGS_1_PYRAMID A3GNODE,PYGS_1_PYRAMID A3GNODE,PYGS_1_PYRAMID A3GNODE,RTPD,LMP,LMP_PRC,PYGS_1_PYRAMID A3GNODE,ALL,1,93.63491,1,1
2022-09-01T21:00:00-00:00,2022-09-01T21:15:00-00:00,2022-09-01,15,PYGS_1_PYRAMID A3GNODE,PYGS_1_PYRAMID A3GNODE,PYGS_1_PYRAMID A3GNODE,RTPD,LMP,LMP_PRC,PYGS_1_PYRAMID A3GNODE,ALL,1,55.43125,1,1
2022-09-01T22:00:00-00:00,2022-09-01T22:15:00-00:00,2022-09-01,16,PYGS_1_PYRAMID A3GNODE,PYGS_1_PYRAMID A3GNODE,PYGS_1_PYRAMID A3GNODE,RTPD,LMP,LMP_PRC,PYGS_1_PYRAMID A3GNODE,ALL,1,114.99751,1,1
2022-09-01T23:00:00-00:00,2022-09-01T23:15:00-00:00,2022-09-01,17,PYGS_1_PYRAMID A3GNODE,PYGS_1_PYRAMID A3GNODE,PYGS_1_PYRAMID A3GNODE,RTPD,LMP,LMP_PRC,PYGS_1_PYRAMID A3GNODE,ALL,1,150.03743,1,1
2022-09-02T00:00:00-00:00,2022-09-02T00:15:00-00:00,2022-09-01,18,PYGS_1_PYRAMID A3GNODE,PYGS_1_PYRAMID A3GNODE,PYGS_1_PYRAMID A3GNODE,RTPD,LMP,LMP_PRC,PYGS_1_PYRAMID A3GNODE,ALL,1,517.9091,1,1
2022-09-02T01:00:00-00:00,2022-09-02T01:15:00-00:00,2022-09-01,19,PYGS_1_PYRAMID A3GNODE,PYGS_1_PYRAMID A3GNODE,PYGS_1_PYRAMID A3GNODE,RTPD,LMP,LMP_PRC,PYGS_1_PYRAMID A3GNODE,ALL,1,976.03735,1,1
2022-09-02T02:00:00-00:00,2022-09-02T02:15:00-00:00,2022-09-01,20,PYGS_1_PYRAMID A3GNODE,PYGS_1_PYRAMID A3GNODE,PYGS_1_PYRAMID A3GNODE,RTPD,LMP,LMP_PRC,PYGS_1_PYRAMID A3GNODE,ALL,1,1879.1719,1,1
2022-09-02T03:00:00-00:00,2022-09-02T03:15:00-00:00,2022-09-01,21,PYGS_1_PYRAMID A3GNODE,PYGS_1_PYRAMID A3GNODE,PYGS_1_PYRAMID A3GNODE,RTPD,LMP,LMP_PRC,PYGS_1_PYRAMID A3GNODE,ALL,1,510.82553,1,1
2022-09-02T04:00:00-00:00,2022-09-02T04:15:00-00:00,2022-09-01,22,PYGS_1_PYRAMID A3GNODE,PYGS_1_PYRAMID A3GNODE,PYGS_1_PYRAMID A3GNODE,RTPD,LMP,LMP_PRC,PYGS_1_PYRAMID A3GNODE,ALL,1,46.1938,1,1
2022-09-02T05:00:00-00:00,2022-09-02T05:15:00-00:00,2022-09-01,23,PYGS_1_PYRAMID A3GNODE,PYGS_1_PYRAMID A3GNODE,PYGS_1_PYRAMID A3GNODE,RTPD,LMP,LMP_PRC,PYGS_1_PYRAMID A3GNODE,ALL,1,64.14863,1,1
2022-09-02T06:00:00-00:00,2022-09-02T06:15:00-00:00,2022-09-01,24,PYGS_1_PYRAMID A3GNODE,PYGS_1_PYRAMID A3GNODE,PYGS_1_PYRAMID A3GNODE,RTPD,LMP,LMP_PRC,PYGS_1_PYRAMID A3GNODE,ALL,1,72.52949,1,1
2022-09-01T07:15:00-00:00,2022-09-01T07:30:00-00:00,2022-09-01,01,PYGS_1_PYRAMID A3GNODE,PYGS_1_PYRAMID A3GNODE,PYGS_1_PYRAMID A3GNODE,RTPD,LMP,LMP_PRC,PYGS_1_PYRAMID A3GNODE,ALL,1,118.86059,2,1
2022-09-01T08:15:00-00:00,2022-09-01T08:30:00-00:00,2022-09-01,02,PYGS_1_PYRAMID A3GNODE,PYGS_1_PYRAMID A3GNODE,PYGS_1_PYRAMID A3GNODE,RTPD,LMP,LMP_PRC,PYGS_1_PYRAMID A3GNODE,ALL,1,101.43182,2,1
2022-09-01T09:15:00-00:00,2022-09-01T09:30:00-00:00,2022-09-01,03,PYGS_1_PYRAMID A3GNODE,PYGS_1_PYRAMID A3GNODE,PYGS_1_PYRAMID A3GNODE,RTPD,LMP,LMP_PRC,PYGS_1_PYRAMID A3GNODE,ALL,1,91.19326,2,1
2022-09-01T10:15:00-00:00,2022-09-01T10:30:00-00:00,2022-09-01,04,PYGS_1_PYRAMID A3GNODE,PYGS_1_PYRAMID A3GNODE,PYGS_1_PYRAMID A3GNODE,RTPD,LMP,LMP_PRC,PYGS_1_PYRAMID A3GNODE,ALL,1,88.17483,2,1
2022-09-01T11:15:00-00:00,2022-09-01T11:30:00-00:00,2022-09-01,05,PYGS_1_PYRAMID A3GNODE,PYGS_1_PYRAMID A3GNODE,PYGS_1_PYRAMID A3GNODE,RTPD,LMP,LMP_PRC,PYGS_1_PYRAMID A3GNODE,ALL,1,89.65014,2,1
2022-09-01T12:15:00-00:00,2022-09-01T12:30:00-00:00,2022-09-01,06,PYGS_1_PYRAMID A3GNODE,PYGS_1_PYRAMID A3GNODE,PYGS_1_PYRAMID A3GNODE,RTPD,LMP,LMP_PRC,PYGS_1_PYRAMID A3GNODE,ALL,1,97.99025,2,1
2022-09-01T13:15:00-00:00,2022-09-01T13:30:00-00:00,2022-09-01,07,PYGS_1_PYRAMID A3GNODE,PYGS_1_PYRAMID A3GNODE,PYGS_1_PYRAMID A3GNODE,RTPD,LMP,LMP_PRC,PYGS_1_PYRAMID A3GNODE,ALL,1,95.54008,2,1
2022-09-01T14:15:00-00:00,2022-09-01T14:30:00-00:00,2022-09-01,08,PYGS_1_PYRAMID A3GNODE,PYGS_1_PYRAMID A3GNODE,PYGS_1_PYRAMID A3GNODE,RTPD,LMP,LMP_PRC,PYGS_1_PYRAMID A3GNODE,ALL,1,63.63417,2,1
2022-09-01T15:15:00-00:00,2022-09-01T15:30:00-00:00,2022-09-01,09,PYGS_1_PYRAMID A3GNODE,PYGS_1_PYRAMID A3GNODE,PYGS_1_PYRAMID A3GNODE,RTPD,LMP,LMP_PRC,PYGS_1_PYRAMID A3GNODE,ALL,1,18.86229,2,1
2022-09-01T16:15:00-00:00,2022-09-01T16:30:00-00:00,2022-09-01,10,PYGS_1_PYRAMID A3GNODE,PYGS_1_PYRAMID A3GNODE,PYGS_1_PYRAMID A3GNODE,RTPD,LMP,LMP_PRC,PYGS_1_PYRAMID A3GNODE,ALL,1,41.48407,2,1
2022-09-01T17:15:00-00:00,2022-09-01T17:30:00-00:00,2022-09-01,11,PYGS_1_PYRAMID A3GNODE,PYGS_1_PYRAMID A3GNODE,PYGS_1_PYRAMID A3GNODE,RTPD,LMP,LMP_PRC,PYGS_1_PYRAMID A3GNODE,ALL,1,65.74467,2,1
2022-09-01T18:15:00-00:00,2022-09-01T18:30:00-00:00,2022-09-01,12,PYGS_1_PYRAMID A3GNODE,PYGS_1_PYRAMID A3GNODE,PYGS_1_PYRAMID A3GNODE,RTPD,LMP,LMP_PRC,PYGS_1_PYRAMID A3GNODE,ALL,1,60.86034,2,1
2022-09-01T19:15:00-00:00,2022-09-01T19:30:00-00:00,2022-09-01,13,PYGS_1_PYRAMID A3GNODE,PYGS_1_PYRAMID A3GNODE,PYGS_1_PYRAMID A3GNODE,RTPD,LMP,LMP_PRC,PYGS_1_PYRAMID A3GNODE,ALL,1,74.54509,2,1
2022-09-01T20:15:00-00:00,2022-09-01T20:30:00-00:00,2022-09-01,14,PYGS_1_PYRAMID A3GNODE,PYGS_1_PYRAMID A3GNODE,PYGS_1_PYRAMID A3GNODE,RTPD,LMP,LMP_PRC,PYGS_1_PYRAMID A3GNODE,ALL,1,100.92265,2,1
2022-09-01T21:15:00-00:00,2022-09-01T21:30:00-00:00,2022-09-01,15,PYGS_1_PYRAMID A3GNODE,PYGS_1_PYRAMID A3GNODE,PYGS_1_PYRAMID A3GNODE,RTPD,LMP,LMP_PRC,PYGS_1_PYRAMID A3GNODE,ALL,1,98.68069,2,1
2022-09-01T22:15:00-00:00,2022-09-01T22:30:00-00:00,2022-09-01,16,PYGS_1_PYRAMID A3GNODE,PYGS_1_PYRAMID A3GNODE,PYGS_1_PYRAMID A3GNODE,RTPD,LMP,LMP_PRC,PYGS_1_PYRAMID A3GNODE,ALL,1,136.05972,2,1
2022-09-01T23:15:00-00:00,2022-09-01T23:30:00-00:00,2022-09-01,17,PYGS_1_PYRAMID A3GNODE,PYGS_1_PYRAMID A3GNODE,PYGS_1_PYRAMID A3GNODE,RTPD,LMP,LMP_PRC,PYGS_1_PYRAMID A3GNODE,ALL,1,140.98317,2,1
2022-09-02T00:15:00-00:00,2022-09-02T00:30:00-00:00,2022-09-01,18,PYGS_1_PYRAMID A3GNODE,PYGS_1_PYRAMID A3GNODE,PYGS_1_PYRAMID A3GNODE,RTPD,LMP,LMP_PRC,PYGS_1_PYRAMID A3GNODE,ALL,1,473.16617,2,1
2022-09-02T01:15:00-00:00,2022-09-02T01:30:00-00:00,2022-09-01,19,PYGS_1_PYRAMID A3GNODE,PYGS_1_PYRAMID A3GNODE,PYGS_1_PYRAMID A3GNODE,RTPD,LMP,LMP_PRC,PYGS_1_PYRAMID A3GNODE,ALL,1,1849.3993,2,1
2022-09-02T02:15:00-00:00,2022-09-02T02:30:00-00:00,2022-09-01,20,PYGS_1_PYRAMID A3GNODE,PYGS_1_PYRAMID A3GNODE,PYGS_1_PYRAMID A3GNODE,RTPD,LMP,LMP_PRC,PYGS_1_PYRAMID A3GNODE,ALL,1,1974.5098,2,1
2022-09-02T03:15:00-00:00,2022-09-02T03:30:00-00:00,2022-09-01,21,PYGS_1_PYRAMID A3GNODE,PYGS_1_PYRAMID A3GNODE,PYGS_1_PYRAMID A3GNODE,RTPD,LMP,LMP_PRC,PYGS_1_PYRAMID A3GNODE,ALL,1,239.848,2,1
2022-09-02T04:15:00-00:00,2022-09-02T04:30:00-00:00,2022-09-01,22,PYGS_1_PYRAMID A3GNODE,PYGS_1_PYRAMID A3GNODE,PYGS_1_PYRAMID A3GNODE,RTPD,LMP,LMP_PRC,PYGS_1_PYRAMID A3GNODE,ALL,1,46.20013,2,1
2022-09-02T05:15:00-00:00,2022-09-02T05:30:00-00:00,2022-09-01,23,PYGS_1_PYRAMID A3GNODE,PYGS_1_PYRAMID A3GNODE,PYGS_1_PYRAMID A3GNODE,RTPD,LMP,LMP_PRC,PYGS_1_PYRAMID A3GNODE,ALL,1,41.10292,2,1
2022-09-02T06:15:00-00:00,2022-09-02T06:30:00-00:00,2022-09-01,24,PYGS_1_PYRAMID A3GNODE,PYGS_1_PYRAMID A3GNODE,PYGS_1_PYRAMID A3GNODE,RTPD,LMP,LMP_PRC,PYGS_1_PYRAMID A3GNODE,ALL,1,93.48163,2,1
2022-09-01T07:30:00-00:00,2022-09-01T07:45:00-00:00,2022-09-01,01,PYGS_1_PYRAMID A3GNODE,PYGS_1_PYRAMID A3GNODE,PYGS_1_PYRAMID A3GNODE,RTPD,LMP,LMP_PRC,PYGS_1_PYRAMID A3GNODE,ALL,1,116.0512,3,1
2022-09-01T08:30:00-00:00,2022-09-01T08:45:00-00:00,2022-09-01,02,PYGS_1_PYRAMID A3GNODE,PYGS_1_PYRAMID A3GNODE,PYGS_1_PYRAMID A3GNODE,RTPD,LMP,LMP_PRC,PYGS_1_PYRAMID A3GNODE,ALL,1,95.78124,3,1
2022-09-01T09:30:00-00:00,2022-09-01T09:45:00-00:00,2022-09-01,03,PYGS_1_PYRAMID A3GNODE,PYGS_1_PYRAMID A3GNODE,PYGS_1_PYRAMID A3GNODE,RTPD,LMP,LMP_PRC,PYGS_1_PYRAMID A3GNODE,ALL,1,90.55531,3,1
2022-09-01T10:30:00-00:00,2022-09-01T10:45:00-00:00,2022-09-01,04,PYGS_1_PYRAMID A3GNODE,PYGS_1_PYRAMID A3GNODE,PYGS_1_PYRAMID A3GNODE,RTPD,LMP,LMP_PRC,PYGS_1_PYRAMID A3GNODE,ALL,1,85.77686,3,1
2022-09-01T11:30:00-00:00,2022-09-01T11:45:00-00:00,2022-09-01,05,PYGS_1_PYRAMID A3GNODE,PYGS_1_PYRAMID A3GNODE,PYGS_1_PYRAMID A3GNODE,RTPD,LMP,LMP_PRC,PYGS_1_PYRAMID A3GNODE,ALL,1,88.55941,3,1
2022-09-01T12:30:00-00:00,2022-09-01T12:45:00-00:00,2022-09-01,06,PYGS_1_PYRAMID A3GNODE,PYGS_1_PYRAMID A3GNODE,PYGS_1_PYRAMID A3GNODE,RTPD,LMP,LMP_PRC,PYGS_1_PYRAMID A3GNODE,ALL,1,105.75811,3,1
2022-09-01T13:30:00-00:00,2022-09-01T13:45:00-00:00,2022-09-01,07,PYGS_1_PYRAMID A3GNODE,PYGS_1_PYRAMID A3GNODE,PYGS_1_PYRAMID A3GNODE,RTPD,LMP,LMP_PRC,PYGS_1_PYRAMID A3GNODE,ALL,1,92.59025,3,1
2022-09-01T14:30:00-00:00,2022-09-01T14:45:00-00:00,2022-09-01,08,PYGS_1_PYRAMID A3GNODE,PYGS_1_PYRAMID A3GNODE,PYGS_1_PYRAMID A3GNODE,RTPD,LMP,LMP_PRC,PYGS_1_PYRAMID A3GNODE,ALL,1,68.07754,3,1
2022-09-01T15:30:00-00:00,2022-09-01T15:45:00-00:00,2022-09-01,09,PYGS_1_PYRAMID A3GNODE,PYGS_1_PYRAMID A3GNODE,PYGS_1_PYRAMID A3GNODE,RTPD,LMP,LMP_PRC,PYGS_1_PYRAMID A3GNODE,ALL,1,4.32709,3,1
2022-09-01T16:30:00-00:00,2022-09-01T16:45:00-00:00,2022-09-01,10,PYGS_1_PYRAMID A3GNODE,PYGS_1_PYRAMID A3GNODE,PYGS_1_PYRAMID A3GNODE,RTPD,LMP,LMP_PRC,PYGS_1_PYRAMID A3GNODE,ALL,1,58.45264,3,1
2022-09-01T17:30:00-00:00,2022-09-01T17:45:00-00:00,2022-09-01,11,PYGS_1_PYRAMID A3GNODE,PYGS_1_PYRAMID A3GNODE,PYGS_1_PYRAMID A3GNODE,RTPD,LMP,LMP_PRC,PYGS_1_PYRAMID A3GNODE,ALL,1,69.60161,3,1
2022-09-01T18:30:00-00:00,2022-09-01T18:45:00-00:00,2022-09-01,12,PYGS_1_PYRAMID A3GNODE,PYGS_1_PYRAMID A3GNODE,PYGS_1_PYRAMID A3GNODE,RTPD,LMP,LMP_PRC,PYGS_1_PYRAMID A3GNODE,ALL,1,68.59012,3,1
2022-09-01T19:30:00-00:00,2022-09-01T19:45:00-00:00,2022-09-01,13,PYGS_1_PYRAMID A3GNODE,PYGS_1_PYRAMID A3GNODE,PYGS_1_PYRAMID A3GNODE,RTPD,LMP,LMP_PRC,PYGS_1_PYRAMID A3GNODE,ALL,1,73.75248,3,1
2022-09-01T20:30:00-00:00,2022-09-01T20:45:00-00:00,2022-09-01,14,PYGS_1_PYRAMID A3GNODE,PYGS_1_PYRAMID A3GNODE,PYGS_1_PYRAMID A3GNODE,RTPD,LMP,LMP_PRC,PYGS_1_PYRAMID A3GNODE,ALL,1,118.3,3,1
2022-09-01T21:30:00-00:00,2022-09-01T21:45:00-00:00,2022-09-01,15,PYGS_1_PYRAMID A3GNODE,PYGS_1_PYRAMID A3GNODE,PYGS_1_PYRAMID A3GNODE,RTPD,LMP,LMP_PRC,PYGS_1_PYRAMID A3GNODE,ALL,1,94.81509,3,1
2022-09-01T22:30:00-00:00,2022-09-01T22:45:00-00:00,2022-09-01,16,PYGS_1_PYRAMID A3GNODE,PYGS_1_PYRAMID A3GNODE,PYGS_1_PYRAMID A3GNODE,RTPD,LMP,LMP_PRC,PYGS_1_PYRAMID A3GNODE,ALL,1,131.10306,3,1
2022-09-01T23:30:00-00:00,2022-09-01T23:45:00-00:00,2022-09-01,17,PYGS_1_PYRAMID A3GNODE,PYGS_1_PYRAMID A3GNODE,PYGS_1_PYRAMID A3GNODE,RTPD,LMP,LMP_PRC,PYGS_1_PYRAMID A3GNODE,ALL,1,184.09766,3,1
2022-09-02T00:30:00-00:00,2022-09-02T00:45:00-00:00,2022-09-01,18,PYGS_1_PYRAMID A3GNODE,PYGS_1_PYRAMID A3GNODE,PYGS_1_PYRAMID A3GNODE,RTPD,LMP,LMP_PRC,PYGS_1_PYRAMID A3GNODE,ALL,1,1308.7734,3,1
2022-09-02T01:30:00-00:00,2022-09-02T01:45:00-00:00,2022-09-01,19,PYGS_1_PYRAMID A3GNODE,PYGS_1_PYRAMID A3GNODE,PYGS_1_PYRAMID A3GNODE,RTPD,LMP,LMP_PRC,PYGS_1_PYRAMID A3GNODE,ALL,1,1956.1569,3,1
2022-09-02T02:30:00-00:00,2022-09-02T02:45:00-00:00,2022-09-01,20,PYGS_1_PYRAMID A3GNODE,PYGS_1_PYRAMID A3GNODE,PYGS_1_PYRAMID A3GNODE,RTPD,LMP,LMP_PRC,PYGS_1_PYRAMID A3GNODE,ALL,1,1965.7886,3,1
2022-09-02T03:30:00-00:00,2022-09-02T03:45:00-00:00,2022-09-01,21,PYGS_1_PYRAMID A3GNODE,PYGS_1_PYRAMID A3GNODE,PYGS_1_PYRAMID A3GNODE,RTPD,LMP,LMP_PRC,PYGS_1_PYRAMID A3GNODE,ALL,1,123.8174,3,1
2022-09-02T04:30:00-00:00,2022-09-02T04:45:00-00:00,2022-09-01,22,PYGS_1_PYRAMID A3GNODE,PYGS_1_PYRAMID A3GNODE,PYGS_1_PYRAMID A3GNODE,RTPD,LMP,LMP_PRC,PYGS_1_PYRAMID A3GNODE,ALL,1,43.96985,3,1
2022-09-02T05:30:00-00:00,2022-09-02T05:45:00-00:00,2022-09-01,23,PYGS_1_PYRAMID A3GNODE,PYGS_1_PYRAMID A3GNODE,PYGS_1_PYRAMID A3GNODE,RTPD,LMP,LMP_PRC,PYGS_1_PYRAMID A3GNODE,ALL,1,36.86844,3,1
2022-09-02T06:30:00-00:00,2022-09-02T06:45:00-00:00,2022-09-01,24,PYGS_1_PYRAMID A3GNODE,PYGS_1_PYRAMID A3GNODE,PYGS_1_PYRAMID A3GNODE,RTPD,LMP,LMP_PRC,PYGS_1_PYRAMID A3GNODE,ALL,1,38.61142,3,1
2022-09-01T07:45:00-00:00,2022-09-01T08:00:00-00:00,2022-09-01,01,PYGS_1_PYRAMID A3GNODE,PYGS_1_PYRAMID A3GNODE,PYGS_1_PYRAMID A3GNODE,RTPD,LMP,LMP_PRC,PYGS_1_PYRAMID A3GNODE,ALL,1,108.29275,4,1
2022-09-01T08:45:00-00:00,2022-09-01T09:00:00-00:00,2022-09-01,02,PYGS_1_PYRAMID A3GNODE,PYGS_1_PYRAMID A3GNODE,PYGS_1_PYRAMID A3GNODE,RTPD,LMP,LMP_PRC,PYGS_1_PYRAMID A3GNODE,ALL,1,87.64615,4,1
2022-09-01T09:45:00-00:00,2022-09-01T10:00:00-00:00,2022-09-01,03,PYGS_1_PYRAMID A3GNODE,PYGS_1_PYRAMID A3GNODE,PYGS_1_PYRAMID A3GNODE,RTPD,LMP,LMP_PRC,PYGS_1_PYRAMID A3GNODE,ALL,1,89.64271,4,1
2022-09-01T10:45:00-00:00,2022-09-01T11:00:00-00:00,2022-09-01,04,PYGS_1_PYRAMID A3GNODE,PYGS_1_PYRAMID A3GNODE,PYGS_1_PYRAMID A3GNODE,RTPD,LMP,LMP_PRC,PYGS_1_PYRAMID A3GNODE,ALL,1,83.40133,4,1
2022-09-01T11:45:00-00:00,2022-09-01T12:00:00-00:00,2022-09-01,05,PYGS_1_PYRAMID A3GNODE,PYGS_1_PYRAMID A3GNODE,PYGS_1_PYRAMID A3GNODE,RTPD,LMP,LMP_PRC,PYGS_1_PYRAMID A3GNODE,ALL,1,92.2168,4,1
2022-09-01T12:45:00-00:00,2022-09-01T13:00:00-00:00,2022-09-01,06,PYGS_1_PYRAMID A3GNODE,PYGS_1_PYRAMID A3GNODE,PYGS_1_PYRAMID A3GNODE,RTPD,LMP,LMP_PRC,PYGS_1_PYRAMID A3GNODE,ALL,1,103.47069,4,1
2022-09-01T13:45:00-00:00,2022-09-01T14:00:00-00:00,2022-09-01,07,PYGS_1_PYRAMID A3GNODE,PYGS_1_PYRAMID A3GNODE,PYGS_1_PYRAMID A3GNODE,RTPD,LMP,LMP_PRC,PYGS_1_PYRAMID A3GNODE,ALL,1,87.6785,4,1
2022-09-01T14:45:00-00:00,2022-09-01T15:00:00-00:00,2022-09-01,08,PYGS_1_PYRAMID A3GNODE,PYGS_1_PYRAMID A3GNODE,PYGS_1_PYRAMID A3GNODE,RTPD,LMP,LMP_PRC,PYGS_1_PYRAMID A3GNODE,ALL,1,54.9102,4,1
2022-09-01T15:45:00-00:00,2022-09-01T16:00:00-00:00,2022-09-01,09,PYGS_1_PYRAMID A3GNODE,PYGS_1_PYRAMID A3GNODE,PYGS_1_PYRAMID A3GNODE,RTPD,LMP,LMP_PRC,PYGS_1_PYRAMID A3GNODE,ALL,1,31.72907,4,1
2022-09-01T16:45:00-00:00,2022-09-01T17:00:00-00:00,2022-09-01,10,PYGS_1_PYRAMID A3GNODE,PYGS_1_PYRAMID A3GNODE,PYGS_1_PYRAMID A3GNODE,RTPD,LMP,LMP_PRC,PYGS_1_PYRAMID A3GNODE,ALL,1,60.19316,4,1
2022-09-01T17:45:00-00:00,2022-09-01T18:00:00-00:00,2022-09-01,11,PYGS_1_PYRAMID A3GNODE,PYGS_1_PYRAMID A3GNODE,PYGS_1_PYRAMID A3GNODE,RTPD,LMP,LMP_PRC,PYGS_1_PYRAMID A3GNODE,ALL,1,67.257,4,1
2022-09-01T18:45:00-00:00,2022-09-01T19:00:00-00:00,2022-09-01,12,PYGS_1_PYRAMID A3GNODE,PYGS_1_PYRAMID A3GNODE,PYGS_1_PYRAMID A3GNODE,RTPD,LMP,LMP_PRC,PYGS_1_PYRAMID A3GNODE,ALL,1,67.68543,4,1
2022-09-01T19:45:00-00:00,2022-09-01T20:00:00-00:00,2022-09-01,13,PYGS_1_PYRAMID A3GNODE,PYGS_1_PYRAMID A3GNODE,PYGS_1_PYRAMID A3GNODE,RTPD,LMP,LMP_PRC,PYGS_1_PYRAMID A3GNODE,ALL,1,78.04689,4,1
2022-09-01T20:45:00-00:00,2022-09-01T21:00:00-00:00,2022-09-01,14,PYGS_1_PYRAMID A3GNODE,PYGS_1_PYRAMID A3GNODE,PYGS_1_PYRAMID A3GNODE,RTPD,LMP,LMP_PRC,PYGS_1_PYRAMID A3GNODE,ALL,1,109.8881,4,1
2022-09-01T21:45:00-00:00,2022-09-01T22:00:00-00:00,2022-09-01,15,PYGS_1_PYRAMID A3GNODE,PYGS_1_PYRAMID A3GNODE,PYGS_1_PYRAMID A3GNODE,RTPD,LMP,LMP_PRC,PYGS_1_PYRAMID A3GNODE,ALL,1,122.91473,4,1
2022-09-01T22:45:00-00:00,2022-09-01T23:00:00-00:00,2022-09-01,16,PYGS_1_PYRAMID A3GNODE,PYGS_1_PYRAMID A3GNODE,PYGS_1_PYRAMID A3GNODE,RTPD,LMP,LMP_PRC,PYGS_1_PYRAMID A3GNODE,ALL,1,218.44615,4,1
2022-09-01T23:45:00-00:00,2022-09-02T00:00:00-00:00,2022-09-01,17,PYGS_1_PYRAMID A3GNODE,PYGS_1_PYRAMID A3GNODE,PYGS_1_PYRAMID A3GNODE,RTPD,LMP,LMP_PRC,PYGS_1_PYRAMID A3GNODE,ALL,1,847.2719,4,1
2022-09-02T00:45:00-00:00,2022-09-02T01:00:00-00:00,2022-09-01,18,PYGS_1_PYRAMID A3GNODE,PYGS_1_PYRAMID A3GNODE,PYGS_1_PYRAMID A3GNODE,RTPD,LMP,LMP_PRC,PYGS_1_PYRAMID A3GNODE,ALL,1,995.9549,4,1
2022-09-02T01:45:00-00:00,2022-09-02T02:00:00-00:00,2022-09-01,19,PYGS_1_PYRAMID A3GNODE,PYGS_1_PYRAMID A3GNODE,PYGS_1_PYRAMID A3GNODE,RTPD,LMP,LMP_PRC,PYGS_1_PYRAMID A3GNODE,ALL,1,1976.3213,4,1
2022-09-02T02:45:00-00:00,2022-09-02T03:00:00-00:00,2022-09-01,20,PYGS_1_PYRAMID A3GNODE,PYGS_1_PYRAMID A3GNODE,PYGS_1_PYRAMID A3GNODE,RTPD,LMP,LMP_PRC,PYGS_1_PYRAMID A3GNODE,ALL,1,964.3277,4,1
2022-09-02T03:45:00-00:00,2022-09-02T04:00:00-00:00,2022-09-01,21,PYGS_1_PYRAMID A3GNODE,PYGS_1_PYRAMID A3GNODE,PYGS_1_PYRAMID A3GNODE,RTPD,LMP,LMP_PRC,PYGS_1_PYRAMID A3GNODE,ALL,1,86.0602,4,1
2022-09-02T04:45:00-00:00,2022-09-02T05:00:00-00:00,2022-09-01,22,PYGS_1_PYRAMID A3GNODE,PYGS_1_PYRAMID A3GNODE,PYGS_1_PYRAMID A3GNODE,RTPD,LMP,LMP_PRC,PYGS_1_PYRAMID A3GNODE,ALL,1,28.11022,4,1
2022-09-02T05:45:00-00:00,2022-09-02T06:00:00-00:00,2022-09-01,23,PYGS_1_PYRAMID A3GNODE,PYGS_1_PYRAMID A3GNODE,PYGS_1_PYRAMID A3GNODE,RTPD,LMP,LMP_PRC,PYGS_1_PYRAMID A3GNODE,ALL,1,4.64113,4,1
2022-09-02T06:45:00-00:00,2022-09-02T07:00:00-00:00,2022-09-01,24,PYGS_1_PYRAMID A3GNODE,PYGS_1_PYRAMID A3GNODE,PYGS_1_PYRAMID A3GNODE,RTPD,LMP,LMP_PRC,PYGS_1_PYRAMID A3GNODE,ALL,1,47.58788,4,1
2022-09-01T07:00:00-00:00,2022-09-01T07:15:00-00:00,2022-09-01,01,PYGS_1_PYRAMID A3GNODE,PYGS_1_PYRAMID A3GNODE,PYGS_1_PYRAMID A3GNODE,RTPD,MCC,LMP_CONG_PRC,PYGS_1_PYRAMID A3GNODE,ALL,1,16.11445,1,2
2022-09-01T08:00:00-00:00,2022-09-01T08:15:00-00:00,2022-09-01,02,PYGS_1_PYRAMID A3GNODE,PYGS_1_PYRAMID A3GNODE,PYGS_1_PYRAMID A3GNODE,RTPD,MCC,LMP_CONG_PRC,PYGS_1_PYRAMID A3GNODE,ALL,1,2.39594,1,2
2022-09-01T09:00:00-00:00,2022-09-01T09:15:00-00:00,2022-09-01,03,PYGS_1_PYRAMID A3GNODE,PYGS_1_PYRAMID A3GNODE,PYGS_1_PYRAMID A3GNODE,RTPD,MCC,LMP_CONG_PRC,PYGS_1_PYRAMID A3GNODE,ALL,1,3.21151,1,2
2022-09-01T10:00:00-00:00,2022-09-01T10:15:00-00:00,2022-09-01,04,PYGS_1_PYRAMID A3GNODE,PYGS_1_PYRAMID A3GNODE,PYGS_1_PYRAMID A3GNODE,RTPD,MCC,LMP_CONG_PRC,PYGS_1_PYRAMID A3GNODE,ALL,1,2.82258,1,2
2022-09-01T11:00:00-00:00,2022-09-01T11:15:00-00:00,2022-09-01,05,PYGS_1_PYRAMID A3GNODE,PYGS_1_PYRAMID A3GNODE,PYGS_1_PYRAMID A3GNODE,RTPD,MCC,LMP_CONG_PRC,PYGS_1_PYRAMID A3GNODE,ALL,1,-0.0032,1,2
2022-09-01T12:00:00-00:00,2022-09-01T12:15:00-00:00,2022-09-01,06,PYGS_1_PYRAMID A3GNODE,PYGS_1_PYRAMID A3GNODE,PYGS_1_PYRAMID A3GNODE,RTPD,MCC,LMP_CONG_PRC,PYGS_1_PYRAMID A3GNODE,ALL,1,7.456,1,2
2022-09-01T13:00:00-00:00,2022-09-01T13:15:00-00:00,2022-09-01,07,PYGS_1_PYRAMID A3GNODE,PYGS_1_PYRAMID A3GNODE,PYGS_1_PYRAMID A3GNODE,RTPD,MCC,LMP_CONG_PRC,PYGS_1_PYRAMID A3GNODE,ALL,1,10.1813,1,2
2022-09-01T14:00:00-00:00,2022-09-01T14:15:00-00:00,2022-09-01,08,PYGS_1_PYRAMID A3GNODE,PYGS_1_PYRAMID A3GNODE,PYGS_1_PYRAMID A3GNODE,RTPD,MCC,LMP_CONG_PRC,PYGS_1_PYRAMID A3GNODE,ALL,1,-19.25007,1,2
2022-09-01T15:00:00-00:00,2022-09-01T15:15:00-00:00,2022-09-01,09,PYGS_1_PYRAMID A3GNODE,PYGS_1_PYRAMID A3GNODE,PYGS_1_PYRAMID A3GNODE,RTPD,MCC,LMP_CONG_PRC,PYGS_1_PYRAMID A3GNODE,ALL,1,-52.33123,1,2
2022-09-01T16:00:00-00:00,2022-09-01T16:15:00-00:00,2022-09-01,10,PYGS_1_PYRAMID A3GNODE,PYGS_1_PYRAMID A3GNODE,PYGS_1_PYRAMID A3GNODE,RTPD,MCC,LMP_CONG_PRC,PYGS_1_PYRAMID A3GNODE,ALL,1,-38.02428,1,2
2022-09-01T17:00:00-00:00,2022-09-01T17:15:00-00:00,2022-09-01,11,PYGS_1_PYRAMID A3GNODE,PYGS_1_PYRAMID A3GNODE,PYGS_1_PYRAMID A3GNODE,RTPD,MCC,LMP_CONG_PRC,PYGS_1_PYRAMID A3GNODE,ALL,1,-22.19575,1,2
2022-09-01T18:00:00-00:00,2022-09-01T18:15:00-00:00,2022-09-01,12,PYGS_1_PYRAMID A3GNODE,PYGS_1_PYRAMID A3GNODE,PYGS_1_PYRAMID A3GNODE,RTPD,MCC,LMP_CONG_PRC,PYGS_1_PYRAMID A3GNODE,ALL,1,-14.90084,1,2
2022-09-01T19:00:00-00:00,2022-09-01T19:15:00-00:00,2022-09-01,13,PYGS_1_PYRAMID A3GNODE,PYGS_1_PYRAMID A3GNODE,PYGS_1_PYRAMID A3GNODE,RTPD,MCC,LMP_CONG_PRC,PYGS_1_PYRAMID A3GNODE,ALL,1,-38.54505,1,2
2022-09-01T20:00:00-00:00,2022-09-01T20:15:00-00:00,2022-09-01,14,PYGS_1_PYRAMID A3GNODE,PYGS_1_PYRAMID A3GNODE,PYGS_1_PYRAMID A3GNODE,RTPD,MCC,LMP_CONG_PRC,PYGS_1_PYRAMID A3GNODE,ALL,1,1.85132,1,2
2022-09-01T21:00:00-00:00,2022-09-01T21:15:00-00:00,2022-09-01,15,PYGS_1_PYRAMID A3GNODE,PYGS_1_PYRAMID A3GNODE,PYGS_1_PYRAMID A3GNODE,RTPD,MCC,LMP_CONG_PRC,PYGS_1_PYRAMID A3GNODE,ALL,1,-156.18375,1,2
2022-09-01T22:00:00-00:00,2022-09-01T22:15:00-00:00,2022-09-01,16,PYGS_1_PYRAMID A3GNODE,PYGS_1_PYRAMID A3GNODE,PYGS_1_PYRAMID A3GNODE,RTPD,MCC,LMP_CONG_PRC,PYGS_1_PYRAMID A3GNODE,ALL,1,-96.828,1,2
2022-09-01T23:00:00-00:00,2022-09-01T23:15:00-00:00,2022-09-01,17,PYGS_1_PYRAMID A3GNODE,PYGS_1_PYRAMID A3GNODE,PYGS_1_PYRAMID A3GNODE,RTPD,MCC,LMP_CONG_PRC,PYGS_1_PYRAMID A3GNODE,ALL,1,-210.55627,1,2
2022-09-02T00:00:00-00:00,2022-09-02T00:15:00-00:00,2022-09-01,18,PYGS_1_PYRAMID A3GNODE,PYGS_1_PYRAMID A3GNODE,PYGS_1_PYRAMID A3GNODE,RTPD,MCC,LMP_CONG_PRC,PYGS_1_PYRAMID A3GNODE,ALL,1,-139.3868,1,2
2022-09-02T01:00:00-00:00,2022-09-02T01:15:00-00:00,2022-09-01,19,PYGS_1_PYRAMID A3GNODE,PYGS_1_PYRAMID A3GNODE,PYGS_1_PYRAMID A3GNODE,RTPD,MCC,LMP_CONG_PRC,PYGS_1_PYRAMID A3GNODE,ALL,1,84.67608,1,2
2022-09-02T02:00:00-00:00,2022-09-02T02:15:00-00:00,2022-09-01,20,PYGS_1_PYRAMID A3GNODE,PYGS_1_PYRAMID A3GNODE,PYGS_1_PYRAMID A3GNODE,RTPD,MCC,LMP_CONG_PRC,PYGS_1_PYRAMID A3GNODE,ALL,1,-96.89026,1,2
2022-09-02T03:00:00-00:00,2022-09-02T03:15:00-00:00,2022-09-01,21,PYGS_1_PYRAMID A3GNODE,PYGS_1_PYRAMID A3GNODE,PYGS_1_PYRAMID A3GNODE,RTPD,MCC,LMP_CONG_PRC,PYGS_1_PYRAMID A3GNODE,ALL,1,-318.30713,1,2
2022-09-02T04:00:00-00:00,2022-09-02T04:15:00-00:00,2022-09-01,22,PYGS_1_PYRAMID A3GNODE,PYGS_1_PYRAMID A3GNODE,PYGS_1_PYRAMID A3GNODE,RTPD,MCC,LMP_CONG_PRC,PYGS_1_PYRAMID A3GNODE,ALL,1,-186.36095,1,2
2022-09-02T05:00:00-00:00,2022-09-02T05:15:00-00:00,2022-09-01,23,PYGS_1_PYRAMID A3GNODE,PYGS_1_PYRAMID A3GNODE,PYGS_1_PYRAMID A3GNODE,RTPD,MCC,LMP_CONG_PRC,PYGS_1_PYRAMID A3GNODE,ALL,1,-102.82004,1,2
2022-09-02T06:00:00-00:00,2022-09-02T06:15:00-00:00,2022-09-01,24,PYGS_1_PYRAMID A3GNODE,PYGS_1_PYRAMID A3GNODE,PYGS_1_PYRAMID A3GNODE,RTPD,MCC,LMP_CONG_PRC,PYGS_1_PYRAMID A3GNODE,ALL,1,-67.91996,1,2
2022-09-01T07:15:00-00:00,2022-09-01T07:30:00-00:00,2022-09-01,01,PYGS_1_PYRAMID A3GNODE,PYGS_1_PYRAMID A3GNODE,PYGS_1_PYRAMID A3GNODE,RTPD,MCC,LMP_CONG_PRC,PYGS_1_PYRAMID A3GNODE,ALL,1,7.06915,2,2
2022-09-01T08:15:00-00:00,2022-09-01T08:30:00-00:00,2022-09-01,02,PYGS_1_PYRAMID A3GNODE,PYGS_1_PYRAMID A3GNODE,PYGS_1_PYRAMID A3GNODE,RTPD,MCC,LMP_CONG_PRC,PYGS_1_PYRAMID A3GNODE,ALL,1,0.65018,2,2
2022-09-01T09:15:00-00:00,2022-09-01T09:30:00-00:00,2022-09-01,03,PYGS_1_PYRAMID A3GNODE,PYGS_1_PYRAMID A3GNODE,PYGS_1_PYRAMID A3GNODE,RTPD,MCC,LMP_CONG_PRC,PYGS_1_PYRAMID A3GNODE,ALL,1,4.2339,2,2
2022-09-01T10:15:00-00:00,2022-09-01T10:30:00-00:00,2022-09-01,04,PYGS_1_PYRAMID A3GNODE,PYGS_1_PYRAMID A3GNODE,PYGS_1_PYRAMID A3GNODE,RTPD,MCC,LMP_CONG_PRC,PYGS_1_PYRAMID A3GNODE,ALL,1,3.99392,2,2
2022-09-01T11:15:00-00:00,2022-09-01T11:30:00-00:00,2022-09-01,05,PYGS_1_PYRAMID A3GNODE,PYGS_1_PYRAMID A3GNODE,PYGS_1_PYRAMID A3GNODE,RTPD,MCC,LMP_CONG_PRC,PYGS_1_PYRAMID A3GNODE,ALL,1,-0.004,2,2
2022-09-01T12:15:00-00:00,2022-09-01T12:30:00-00:00,2022-09-01,06,PYGS_1_PYRAMID A3GNODE,PYGS_1_PYRAMID A3GNODE,PYGS_1_PYRAMID A3GNODE,RTPD,MCC,LMP_CONG_PRC,PYGS_1_PYRAMID A3GNODE,ALL,1,4.55476,2,2
2022-09-01T13:15:00-00:00,2022-09-01T13:30:00-00:00,2022-09-01,07,PYGS_1_PYRAMID A3GNODE,PYGS_1_PYRAMID A3GNODE,PYGS_1_PYRAMID A3GNODE,RTPD,MCC,LMP_CONG_PRC,PYGS_1_PYRAMID A3GNODE,ALL,1,0.43518,2,2
2022-09-01T14:15:00-00:00,2022-09-01T14:30:00-00:00,2022-09-01,08,PYGS_1_PYRAMID A3GNODE,PYGS_1_PYRAMID A3GNODE,PYGS_1_PYRAMID A3GNODE,RTPD,MCC,LMP_CONG_PRC,PYGS_1_PYRAMID A3GNODE,ALL,1,-24.53695,2,2
2022-09-01T15:15:00-00:00,2022-09-01T15:30:00-00:00,2022-09-01,09,PYGS_1_PYRAMID A3GNODE,PYGS_1_PYRAMID A3GNODE,PYGS_1_PYRAMID A3GNODE,RTPD,MCC,LMP_CONG_PRC,PYGS_1_PYRAMID A3GNODE,ALL,1,-55.37651,2,2
2022-09-01T16:15:00-00:00,2022-09-01T16:30:00-00:00,2022-09-01,10,PYGS_1_PYRAMID A3GNODE,PYGS_1_PYRAMID A3GNODE,PYGS_1_PYRAMID A3GNODE,RTPD,MCC,LMP_CONG_PRC,PYGS_1_PYRAMID A3GNODE,ALL,1,-34.62289,2,2
2022-09-01T17:15:00-00:00,2022-09-01T17:30:00-00:00,2022-09-01,11,PYGS_1_PYRAMID A3GNODE,PYGS_1_PYRAMID A3GNODE,PYGS_1_PYRAMID A3GNODE,RTPD,MCC,LMP_CONG_PRC,PYGS_1_PYRAMID A3GNODE,ALL,1,-21.71206,2,2
2022-09-01T18:15:00-00:00,2022-09-01T18:30:00-00:00,2022-09-01,12,PYGS_1_PYRAMID A3GNODE,PYGS_1_PYRAMID A3GNODE,PYGS_1_PYRAMID A3GNODE,RTPD,MCC,LMP_CONG_PRC,PYGS_1_PYRAMID A3GNODE,ALL,1,-25.50867,2,2
2022-09-01T19:15:00-00:00,2022-09-01T19:30:00-00:00,2022-09-01,13,PYGS_1_PYRAMID A3GNODE,PYGS_1_PYRAMID A3GNODE,PYGS_1_PYRAMID A3GNODE,RTPD,MCC,LMP_CONG_PRC,PYGS_1_PYRAMID A3GNODE,ALL,1,-15.97078,2,2
2022-09-01T20:15:00-00:00,2022-09-01T20:30:00-00:00,2022-09-01,14,PYGS_1_PYRAMID A3GNODE,PYGS_1_PYRAMID A3GNODE,PYGS_1_PYRAMID A3GNODE,RTPD,MCC,LMP_CONG_PRC,PYGS_1_PYRAMID A3GNODE,ALL,1,2.01844,2,2
2022-09-01T21:15:00-00:00,2022-09-01T21:30:00-00:00,2022-09-01,15,PYGS_1_PYRAMID A3GNODE,PYGS_1_PYRAMID A3GNODE,PYGS_1_PYRAMID A3GNODE,RTPD,MCC,LMP_CONG_PRC,PYGS_1_PYRAMID A3GNODE,ALL,1,-33.12116,2,2
2022-09-01T22:15:00-00:00,2022-09-01T22:30:00-00:00,2022-09-01,16,PYGS_1_PYRAMID A3GNODE,PYGS_1_PYRAMID A3GNODE,PYGS_1_PYRAMID A3GNODE,RTPD,MCC,LMP_CONG_PRC,PYGS_1_PYRAMID A3GNODE,ALL,1,-101.07945,2,2
2022-09-01T23:15:00-00:00,2022-09-01T23:30:00-00:00,2022-09-01,17,PYGS_1_PYRAMID A3GNODE,PYGS_1_PYRAMID A3GNODE,PYGS_1_PYRAMID A3GNODE,RTPD,MCC,LMP_CONG_PRC,PYGS_1_PYRAMID A3GNODE,ALL,1,-194.98091,2,2
2022-09-02T00:15:00-00:00,2022-09-02T00:30:00-00:00,2022-09-01,18,PYGS_1_PYRAMID A3GNODE,PYGS_1_PYRAMID A3GNODE,PYGS_1_PYRAMID A3GNODE,RTPD,MCC,LMP_CONG_PRC,PYGS_1_PYRAMID A3GNODE,ALL,1,-120.58137,2,2
2022-09-02T01:15:00-00:00,2022-09-02T01:30:00-00:00,2022-09-01,19,PYGS_1_PYRAMID A3GNODE,PYGS_1_PYRAMID A3GNODE,PYGS_1_PYRAMID A3GNODE,RTPD,MCC,LMP_CONG_PRC,PYGS_1_PYRAMID A3GNODE,ALL,1,-132.004,2,2
2022-09-02T02:15:00-00:00,2022-09-02T02:30:00-00:00,2022-09-01,20,PYGS_1_PYRAMID A3GNODE,PYGS_1_PYRAMID A3GNODE,PYGS_1_PYRAMID A3GNODE,RTPD,MCC,LMP_CONG_PRC,PYGS_1_PYRAMID A3GNODE,ALL,1,-0.0024,2,2
2022-09-02T03:15:00-00:00,2022-09-02T03:30:00-00:00,2022-09-01,21,PYGS_1_PYRAMID A3GNODE,PYGS_1_PYRAMID A3GNODE,PYGS_1_PYRAMID A3GNODE,RTPD,MCC,LMP_CONG_PRC,PYGS_1_PYRAMID A3GNODE,ALL,1,-112.83322,2,2
2022-09-02T04:15:00-00:00,2022-09-02T04:30:00-00:00,2022-09-01,22,PYGS_1_PYRAMID A3GNODE,PYGS_1_PYRAMID A3GNODE,PYGS_1_PYRAMID A3GNODE,RTPD,MCC,LMP_CONG_PRC,PYGS_1_PYRAMID A3GNODE,ALL,1,-153.9552,2,2
2022-09-02T05:15:00-00:00,2022-09-02T05:30:00-00:00,2022-09-01,23,PYGS_1_PYRAMID A3GNODE,PYGS_1_PYRAMID A3GNODE,PYGS_1_PYRAMID A3GNODE,RTPD,MCC,LMP_CONG_PRC,PYGS_1_PYRAMID A3GNODE,ALL,1,-98.36138,2,2
2022-09-02T06:15:00-00:00,2022-09-02T06:30:00-00:00,2022-09-01,24,PYGS_1_PYRAMID A3GNODE,PYGS_1_PYRAMID A3GNODE,PYGS_1_PYRAMID A3GNODE,RTPD,MCC,LMP_CONG_PRC,PYGS_1_PYRAMID A3GNODE,ALL,1,-32.76145,2,2
2022-09-01T07:30:00-00:00,2022-09-01T07:45:00-00:00,2022-09-01,01,PYGS_1_PYRAMID A3GNODE,PYGS_1_PYRAMID A3GNODE,PYGS_1_PYRAMID A3GNODE,RTPD,MCC,LMP_CONG_PRC,PYGS_1_PYRAMID A3GNODE,ALL,1,11.47924,3,2
2022-09-01T08:30:00-00:00,2022-09-01T08:45:00-00:00,2022-09-01,02,PYGS_1_PYRAMID A3GNODE,PYGS_1_PYRAMID A3GNODE,PYGS_1_PYRAMID A3GNODE,RTPD,MCC,LMP_CONG_PRC,PYGS_1_PYRAMID A3GNODE,ALL,1,-0.00178,3,2
2022-09-01T09:30:00-00:00,2022-09-01T09:45:00-00:00,2022-09-01,03,PYGS_1_PYRAMID A3GNODE,PYGS_1_PYRAMID A3GNODE,PYGS_1_PYRAMID A3GNODE,RTPD,MCC,LMP_CONG_PRC,PYGS_1_PYRAMID A3GNODE,ALL,1,4.1959,3,2
2022-09-01T10:30:00-00:00,2022-09-01T10:45:00-00:00,2022-09-01,04,PYGS_1_PYRAMID A3GNODE,PYGS_1_PYRAMID A3GNODE,PYGS_1_PYRAMID A3GNODE,RTPD,MCC,LMP_CONG_PRC,PYGS_1_PYRAMID A3GNODE,ALL,1,2.26596,3,2
2022-09-01T11:30:00-00:00,2022-09-01T11:45:00-00:00,2022-09-01,05,PYGS_1_PYRAMID A3GNODE,PYGS_1_PYRAMID A3GNODE,PYGS_1_PYRAMID A3GNODE,RTPD,MCC,LMP_CONG_PRC,PYGS_1_PYRAMID A3GNODE,ALL,1,-0.004,3,2
2022-09-01T12:30:00-00:00,2022-09-01T12:45:00-00:00,2022-09-01,06,PYGS_1_PYRAMID A3GNODE,PYGS_1_PYRAMID A3GNODE,PYGS_1_PYRAMID A3GNODE,RTPD,MCC,LMP_CONG_PRC,PYGS_1_PYRAMID A3GNODE,ALL,1,7.9125,3,2
2022-09-01T13:30:00-00:00,2022-09-01T13:45:00-00:00,2022-09-01,07,PYGS_1_PYRAMID A3GNODE,PYGS_1_PYRAMID A3GNODE,PYGS_1_PYRAMID A3GNODE,RTPD,MCC,LMP_CONG_PRC,PYGS_1_PYRAMID A3GNODE,ALL,1,-1.88234,3,2
2022-09-01T14:30:00-00:00,2022-09-01T14:45:00-00:00,2022-09-01,08,PYGS_1_PYRAMID A3GNODE,PYGS_1_PYRAMID A3GNODE,PYGS_1_PYRAMID A3GNODE,RTPD,MCC,LMP_CONG_PRC,PYGS_1_PYRAMID A3GNODE,ALL,1,-17.97284,3,2
2022-09-01T15:30:00-00:00,2022-09-01T15:45:00-00:00,2022-09-01,09,PYGS_1_PYRAMID A3GNODE,PYGS_1_PYRAMID A3GNODE,PYGS_1_PYRAMID A3GNODE,RTPD,MCC,LMP_CONG_PRC,PYGS_1_PYRAMID A3GNODE,ALL,1,-69.76171,3,2
2022-09-01T16:30:00-00:00,2022-09-01T16:45:00-00:00,2022-09-01,10,PYGS_1_PYRAMID A3GNODE,PYGS_1_PYRAMID A3GNODE,PYGS_1_PYRAMID A3GNODE,RTPD,MCC,LMP_CONG_PRC,PYGS_1_PYRAMID A3GNODE,ALL,1,-19.2138,3,2
2022-09-01T17:30:00-00:00,2022-09-01T17:45:00-00:00,2022-09-01,11,PYGS_1_PYRAMID A3GNODE,PYGS_1_PYRAMID A3GNODE,PYGS_1_PYRAMID A3GNODE,RTPD,MCC,LMP_CONG_PRC,PYGS_1_PYRAMID A3GNODE,ALL,1,-17.89853,3,2
2022-09-01T18:30:00-00:00,2022-09-01T18:45:00-00:00,2022-09-01,12,PYGS_1_PYRAMID A3GNODE,PYGS_1_PYRAMID A3GNODE,PYGS_1_PYRAMID A3GNODE,RTPD,MCC,LMP_CONG_PRC,PYGS_1_PYRAMID A3GNODE,ALL,1,-24.08724,3,2
2022-09-01T19:30:00-00:00,2022-09-01T19:45:00-00:00,2022-09-01,13,PYGS_1_PYRAMID A3GNODE,PYGS_1_PYRAMID A3GNODE,PYGS_1_PYRAMID A3GNODE,RTPD,MCC,LMP_CONG_PRC,PYGS_1_PYRAMID A3GNODE,ALL,1,-25.51657,3,2
2022-09-01T20:30:00-00:00,2022-09-01T20:45:00-00:00,2022-09-01,14,PYGS_1_PYRAMID A3GNODE,PYGS_1_PYRAMID A3GNODE,PYGS_1_PYRAMID A3GNODE,RTPD,MCC,LMP_CONG_PRC,PYGS_1_PYRAMID A3GNODE,ALL,1,7.85395,3,2
2022-09-01T21:30:00-00:00,2022-09-01T21:45:00-00:00,2022-09-01,15,PYGS_1_PYRAMID A3GNODE,PYGS_1_PYRAMID A3GNODE,PYGS_1_PYRAMID A3GNODE,RTPD,MCC,LMP_CONG_PRC,PYGS_1_PYRAMID A3GNODE,ALL,1,-43.32548,3,2
2022-09-01T22:30:00-00:00,2022-09-01T22:45:00-00:00,2022-09-01,16,PYGS_1_PYRAMID A3GNODE,PYGS_1_PYRAMID A3GNODE,PYGS_1_PYRAMID A3GNODE,RTPD,MCC,LMP_CONG_PRC,PYGS_1_PYRAMID A3GNODE,ALL,1,-134.30875,3,2
2022-09-01T23:30:00-00:00,2022-09-01T23:45:00-00:00,2022-09-01,17,PYGS_1_PYRAMID A3GNODE,PYGS_1_PYRAMID A3GNODE,PYGS_1_PYRAMID A3GNODE,RTPD,MCC,LMP_CONG_PRC,PYGS_1_PYRAMID A3GNODE,ALL,1,-356.22394,3,2
2022-09-02T00:30:00-00:00,2022-09-02T00:45:00-00:00,2022-09-01,18,PYGS_1_PYRAMID A3GNODE,PYGS_1_PYRAMID A3GNODE,PYGS_1_PYRAMID A3GNODE,RTPD,MCC,LMP_CONG_PRC,PYGS_1_PYRAMID A3GNODE,ALL,1,9.17086,3,2
2022-09-02T01:30:00-00:00,2022-09-02T01:45:00-00:00,2022-09-01,19,PYGS_1_PYRAMID A3GNODE,PYGS_1_PYRAMID A3GNODE,PYGS_1_PYRAMID A3GNODE,RTPD,MCC,LMP_CONG_PRC,PYGS_1_PYRAMID A3GNODE,ALL,1,-25.24871,3,2
2022-09-02T02:30:00-00:00,2022-09-02T02:45:00-00:00,2022-09-01,20,PYGS_1_PYRAMID A3GNODE,PYGS_1_PYRAMID A3GNODE,PYGS_1_PYRAMID A3GNODE,RTPD,MCC,LMP_CONG_PRC,PYGS_1_PYRAMID A3GNODE,ALL,1,-0.0024,3,2
2022-09-02T03:30:00-00:00,2022-09-02T03:45:00-00:00,2022-09-01,21,PYGS_1_PYRAMID A3GNODE,PYGS_1_PYRAMID A3GNODE,PYGS_1_PYRAMID A3GNODE,RTPD,MCC,LMP_CONG_PRC,PYGS_1_PYRAMID A3GNODE,ALL,1,-34.23038,3,2
2022-09-02T04:30:00-00:00,2022-09-02T04:45:00-00:00,2022-09-01,22,PYGS_1_PYRAMID A3GNODE,PYGS_1_PYRAMID A3GNODE,PYGS_1_PYRAMID A3GNODE,RTPD,MCC,LMP_CONG_PRC,PYGS_1_PYRAMID A3GNODE,ALL,1,-113.35681,3,2
2022-09-02T05:30:00-00:00,2022-09-02T05:45:00-00:00,2022-09-01,23,PYGS_1_PYRAMID A3GNODE,PYGS_1_PYRAMID A3GNODE,PYGS_1_PYRAMID A3GNODE,RTPD,MCC,LMP_CONG_PRC,PYGS_1_PYRAMID A3GNODE,ALL,1,-77.84284,3,2
2022-09-02T06:30:00-00:00,2022-09-02T06:45:00-00:00,2022-09-01,24,PYGS_1_PYRAMID A3GNODE,PYGS_1_PYRAMID A3GNODE,PYGS_1_PYRAMID A3GNODE,RTPD,MCC,LMP_CONG_PRC,PYGS_1_PYRAMID A3GNODE,ALL,1,-72.04563,3,2
2022-09-01T07:45:00-00:00,2022-09-01T08:00:00-00:00,2022-09-01,01,PYGS_1_PYRAMID A3GNODE,PYGS_1_PYRAMID A3GNODE,PYGS_1_PYRAMID A3GNODE,RTPD,MCC,LMP_CONG_PRC,PYGS_1_PYRAMID A3GNODE,ALL,1,13.17176,4,2
2022-09-01T08:45:00-00:00,2022-09-01T09:00:00-00:00,2022-09-01,02,PYGS_1_PYRAMID A3GNODE,PYGS_1_PYRAMID A3GNODE,PYGS_1_PYRAMID A3GNODE,RTPD,MCC,LMP_CONG_PRC,PYGS_1_PYRAMID A3GNODE,ALL,1,3.21358,4,2
2022-09-01T09:45:00-00:00,2022-09-01T10:00:00-00:00,2022-09-01,03,PYGS_1_PYRAMID A3GNODE,PYGS_1_PYRAMID A3GNODE,PYGS_1_PYRAMID A3GNODE,RTPD,MCC,LMP_CONG_PRC,PYGS_1_PYRAMID A3GNODE,ALL,1,3.79767,4,2
2022-09-01T10:45:00-00:00,2022-09-01T11:00:00-00:00,2022-09-01,04,PYGS_1_PYRAMID A3GNODE,PYGS_1_PYRAMID A3GNODE,PYGS_1_PYRAMID A3GNODE,RTPD,MCC,LMP_CONG_PRC,PYGS_1_PYRAMID A3GNODE,ALL,1,0.89237,4,2
2022-09-01T11:45:00-00:00,2022-09-01T12:00:00-00:00,2022-09-01,05,PYGS_1_PYRAMID A3GNODE,PYGS_1_PYRAMID A3GNODE,PYGS_1_PYRAMID A3GNODE,RTPD,MCC,LMP_CONG_PRC,PYGS_1_PYRAMID A3GNODE,ALL,1,-0.0032,4,2
2022-09-01T12:45:00-00:00,2022-09-01T13:00:00-00:00,2022-09-01,06,PYGS_1_PYRAMID A3GNODE,PYGS_1_PYRAMID A3GNODE,PYGS_1_PYRAMID A3GNODE,RTPD,MCC,LMP_CONG_PRC,PYGS_1_PYRAMID A3GNODE,ALL,1,1.77589,4,2
2022-09-01T13:45:00-00:00,2022-09-01T14:00:00-00:00,2022-09-01,07,PYGS_1_PYRAMID A3GNODE,PYGS_1_PYRAMID A3GNODE,PYGS_1_PYRAMID A3GNODE,RTPD,MCC,LMP_CONG_PRC,PYGS_1_PYRAMID A3GNODE,ALL,1,-8.9415,4,2
2022-09-01T14:45:00-00:00,2022-09-01T15:00:00-00:00,2022-09-01,08,PYGS_1_PYRAMID A3GNODE,PYGS_1_PYRAMID A3GNODE,PYGS_1_PYRAMID A3GNODE,RTPD,MCC,LMP_CONG_PRC,PYGS_1_PYRAMID A3GNODE,ALL,1,-22.3886,4,2
2022-09-01T15:45:00-00:00,2022-09-01T16:00:00-00:00,2022-09-01,09,PYGS_1_PYRAMID A3GNODE,PYGS_1_PYRAMID A3GNODE,PYGS_1_PYRAMID A3GNODE,RTPD,MCC,LMP_CONG_PRC,PYGS_1_PYRAMID A3GNODE,ALL,1,-34.92169,4,2
2022-09-01T16:45:00-00:00,2022-09-01T17:00:00-00:00,2022-09-01,10,PYGS_1_PYRAMID A3GNODE,PYGS_1_PYRAMID A3GNODE,PYGS_1_PYRAMID A3GNODE,RTPD,MCC,LMP_CONG_PRC,PYGS_1_PYRAMID A3GNODE,ALL,1,-20.11617,4,2
2022-09-01T17:45:00-00:00,2022-09-01T18:00:00-00:00,2022-09-01,11,PYGS_1_PYRAMID A3GNODE,PYGS_1_PYRAMID A3GNODE,PYGS_1_PYRAMID A3GNODE,RTPD,MCC,LMP_CONG_PRC,PYGS_1_PYRAMID A3GNODE,ALL,1,-19.62665,4,2
2022-09-01T18:45:00-00:00,2022-09-01T19:00:00-00:00,2022-09-01,12,PYGS_1_PYRAMID A3GNODE,PYGS_1_PYRAMID A3GNODE,PYGS_1_PYRAMID A3GNODE,RTPD,MCC,LMP_CONG_PRC,PYGS_1_PYRAMID A3GNODE,ALL,1,-27.37521,4,2
2022-09-01T19:45:00-00:00,2022-09-01T20:00:00-00:00,2022-09-01,13,PYGS_1_PYRAMID A3GNODE,PYGS_1_PYRAMID A3GNODE,PYGS_1_PYRAMID A3GNODE,RTPD,MCC,LMP_CONG_PRC,PYGS_1_PYRAMID A3GNODE,ALL,1,-26.80801,4,2
2022-09-01T20:45:00-00:00,2022-09-01T21:00:00-00:00,2022-09-01,14,PYGS_1_PYRAMID A3GNODE,PYGS_1_PYRAMID A3GNODE,PYGS_1_PYRAMID A3GNODE,RTPD,MCC,LMP_CONG_PRC,PYGS_1_PYRAMID A3GNODE,ALL,1,-28.52699,4,2
2022-09-01T21:45:00-00:00,2022-09-01T22:00:00-00:00,2022-09-01,15,PYGS_1_PYRAMID A3GNODE,PYGS_1_PYRAMID A3GNODE,PYGS_1_PYRAMID A3GNODE,RTPD,MCC,LMP_CONG_PRC,PYGS_1_PYRAMID A3GNODE,ALL,1,-162.58904,4,2
2022-09-01T22:45:00-00:00,2022-09-01T23:00:00-00:00,2022-09-01,16,PYGS_1_PYRAMID A3GNODE,PYGS_1_PYRAMID A3GNODE,PYGS_1_PYRAMID A3GNODE,RTPD,MCC,LMP_CONG_PRC,PYGS_1_PYRAMID A3GNODE,ALL,1,-194.30754,4,2
2022-09-01T23:45:00-00:00,2022-09-02T00:00:00-00:00,2022-09-01,17,PYGS_1_PYRAMID A3GNODE,PYGS_1_PYRAMID A3GNODE,PYGS_1_PYRAMID A3GNODE,RTPD,MCC,LMP_CONG_PRC,PYGS_1_PYRAMID A3GNODE,ALL,1,-385.61053,4,2
2022-09-02T00:45:00-00:00,2022-09-02T01:00:00-00:00,2022-09-01,18,PYGS_1_PYRAMID A3GNODE,PYGS_1_PYRAMID A3GNODE,PYGS_1_PYRAMID A3GNODE,RTPD,MCC,LMP_CONG_PRC,PYGS_1_PYRAMID A3GNODE,ALL,1,-493.68414,4,2
2022-09-02T01:45:00-00:00,2022-09-02T02:00:00-00:00,2022-09-01,19,PYGS_1_PYRAMID A3GNODE,PYGS_1_PYRAMID A3GNODE,PYGS_1_PYRAMID A3GNODE,RTPD,MCC,LMP_CONG_PRC,PYGS_1_PYRAMID A3GNODE,ALL,1,-0.0024,4,2
2022-09-02T02:45:00-00:00,2022-09-02T03:00:00-00:00,2022-09-01,20,PYGS_1_PYRAMID A3GNODE,PYGS_1_PYRAMID A3GNODE,PYGS_1_PYRAMID A3GNODE,RTPD,MCC,LMP_CONG_PRC,PYGS_1_PYRAMID A3GNODE,ALL,1,-504.55203,4,2
2022-09-02T03:45:00-00:00,2022-09-02T04:00:00-00:00,2022-09-01,21,PYGS_1_PYRAMID A3GNODE,PYGS_1_PYRAMID A3GNODE,PYGS_1_PYRAMID A3GNODE,RTPD,MCC,LMP_CONG_PRC,PYGS_1_PYRAMID A3GNODE,ALL,1,-32.52019,4,2
2022-09-02T04:45:00-00:00,2022-09-02T05:00:00-00:00,2022-09-01,22,PYGS_1_PYRAMID A3GNODE,PYGS_1_PYRAMID A3GNODE,PYGS_1_PYRAMID A3GNODE,RTPD,MCC,LMP_CONG_PRC,PYGS_1_PYRAMID A3GNODE,ALL,1,-77.08575,4,2
2022-09-02T05:45:00-00:00,2022-09-02T06:00:00-00:00,2022-09-01,23,PYGS_1_PYRAMID A3GNODE,PYGS_1_PYRAMID A3GNODE,PYGS_1_PYRAMID A3GNODE,RTPD,MCC,LMP_CONG_PRC,PYGS_1_PYRAMID A3GNODE,ALL,1,-98.20274,4,2
2022-09-02T06:45:00-00:00,2022-09-02T07:00:00-00:00,2022-09-01,24,PYGS_1_PYRAMID A3GNODE,PYGS_1_PYRAMID A3GNODE,PYGS_1_PYRAMID A3GNODE,RTPD,MCC,LMP_CONG_PRC,PYGS_1_PYRAMID A3GNODE,ALL,1,-45.05161,4,2
2022-09-01T07:00:00-00:00,2022-09-01T07:15:00-00:00,2022-09-01,01,PYGS_1_PYRAMID A3GNODE,PYGS_1_PYRAMID A3GNODE,PYGS_1_PYRAMID A3GNODE,RTPD,MCE,LMP_ENE_PRC,PYGS_1_PYRAMID A3GNODE,ALL,1,104.23471,1,3
2022-09-01T08:00:00-00:00,2022-09-01T08:15:00-00:00,2022-09-01,02,PYGS_1_PYRAMID A3GNODE,PYGS_1_PYRAMID A3GNODE,PYGS_1_PYRAMID A3GNODE,RTPD,MCE,LMP_ENE_PRC,PYGS_1_PYRAMID A3GNODE,ALL,1,115.5488,1,3
2022-09-01T09:00:00-00:00,2022-09-01T09:15:00-00:00,2022-09-01,03,PYGS_1_PYRAMID A3GNODE,PYGS_1_PYRAMID A3GNODE,PYGS_1_PYRAMID A3GNODE,RTPD,MCE,LMP_ENE_PRC,PYGS_1_PYRAMID A3GNODE,ALL,1,99.73061,1,3
2022-09-01T10:00:00-00:00,2022-09-01T10:15:00-00:00,2022-09-01,04,PYGS_1_PYRAMID A3GNODE,PYGS_1_PYRAMID A3GNODE,PYGS_1_PYRAMID A3GNODE,RTPD,MCE,LMP_ENE_PRC,PYGS_1_PYRAMID A3GNODE,ALL,1,98.64222,1,3
2022-09-01T11:00:00-00:00,2022-09-01T11:15:00-00:00,2022-09-01,05,PYGS_1_PYRAMID A3GNODE,PYGS_1_PYRAMID A3GNODE,PYGS_1_PYRAMID A3GNODE,RTPD,MCE,LMP_ENE_PRC,PYGS_1_PYRAMID A3GNODE,ALL,1,102.56859,1,3
2022-09-01T12:00:00-00:00,2022-09-01T12:15:00-00:00,2022-09-01,06,PYGS_1_PYRAMID A3GNODE,PYGS_1_PYRAMID A3GNODE,PYGS_1_PYRAMID A3GNODE,RTPD,MCE,LMP_ENE_PRC,PYGS_1_PYRAMID A3GNODE,ALL,1,96.90845,1,3
2022-09-01T13:00:00-00:00,2022-09-01T13:15:00-00:00,2022-09-01,07,PYGS_1_PYRAMID A3GNODE,PYGS_1_PYRAMID A3GNODE,PYGS_1_PYRAMID A3GNODE,RTPD,MCE,LMP_ENE_PRC,PYGS_1_PYRAMID A3GNODE,ALL,1,101.80878,1,3
2022-09-01T14:00:00-00:00,2022-09-01T14:15:00-00:00,2022-09-01,08,PYGS_1_PYRAMID A3GNODE,PYGS_1_PYRAMID A3GNODE,PYGS_1_PYRAMID A3GNODE,RTPD,MCE,LMP_ENE_PRC,PYGS_1_PYRAMID A3GNODE,ALL,1,111.11219,1,3
2022-09-01T15:00:00-00:00,2022-09-01T15:15:00-00:00,2022-09-01,09,PYGS_1_PYRAMID A3GNODE,PYGS_1_PYRAMID A3GNODE,PYGS_1_PYRAMID A3GNODE,RTPD,MCE,LMP_ENE_PRC,PYGS_1_PYRAMID A3GNODE,ALL,1,97.4112,1,3
2022-09-01T16:00:00-00:00,2022-09-01T16:15:00-00:00,2022-09-01,10,PYGS_1_PYRAMID A3GNODE,PYGS_1_PYRAMID A3GNODE,PYGS_1_PYRAMID A3GNODE,RTPD,MCE,LMP_ENE_PRC,PYGS_1_PYRAMID A3GNODE,ALL,1,83.43525,1,3
2022-09-01T17:00:00-00:00,2022-09-01T17:15:00-00:00,2022-09-01,11,PYGS_1_PYRAMID A3GNODE,PYGS_1_PYRAMID A3GNODE,PYGS_1_PYRAMID A3GNODE,RTPD,MCE,LMP_ENE_PRC,PYGS_1_PYRAMID A3GNODE,ALL,1,96.94897,1,3
2022-09-01T18:00:00-00:00,2022-09-01T18:15:00-00:00,2022-09-01,12,PYGS_1_PYRAMID A3GNODE,PYGS_1_PYRAMID A3GNODE,PYGS_1_PYRAMID A3GNODE,RTPD,MCE,LMP_ENE_PRC,PYGS_1_PYRAMID A3GNODE,ALL,1,91.59291,1,3
2022-09-01T19:00:00-00:00,2022-09-01T19:15:00-00:00,2022-09-01,13,PYGS_1_PYRAMID A3GNODE,PYGS_1_PYRAMID A3GNODE,PYGS_1_PYRAMID A3GNODE,RTPD,MCE,LMP_ENE_PRC,PYGS_1_PYRAMID A3GNODE,ALL,1,109.19637,1,3
2022-09-01T20:00:00-00:00,2022-09-01T20:15:00-00:00,2022-09-01,14,PYGS_1_PYRAMID A3GNODE,PYGS_1_PYRAMID A3GNODE,PYGS_1_PYRAMID A3GNODE,RTPD,MCE,LMP_ENE_PRC,PYGS_1_PYRAMID A3GNODE,ALL,1,117.94359,1,3
2022-09-01T21:00:00-00:00,2022-09-01T21:15:00-00:00,2022-09-01,15,PYGS_1_PYRAMID A3GNODE,PYGS_1_PYRAMID A3GNODE,PYGS_1_PYRAMID A3GNODE,RTPD,MCE,LMP_ENE_PRC,PYGS_1_PYRAMID A3GNODE,ALL,1,226.61499,1,3
2022-09-01T22:00:00-00:00,2022-09-01T22:15:00-00:00,2022-09-01,16,PYGS_1_PYRAMID A3GNODE,PYGS_1_PYRAMID A3GNODE,PYGS_1_PYRAMID A3GNODE,RTPD,MCE,LMP_ENE_PRC,PYGS_1_PYRAMID A3GNODE,ALL,1,229.18552,1,3
2022-09-01T23:00:00-00:00,2022-09-01T23:15:00-00:00,2022-09-01,17,PYGS_1_PYRAMID A3GNODE,PYGS_1_PYRAMID A3GNODE,PYGS_1_PYRAMID A3GNODE,RTPD,MCE,LMP_ENE_PRC,PYGS_1_PYRAMID A3GNODE,ALL,1,386.7537,1,3
2022-09-02T00:00:00-00:00,2022-09-02T00:15:00-00:00,2022-09-01,18,PYGS_1_PYRAMID A3GNODE,PYGS_1_PYRAMID A3GNODE,PYGS_1_PYRAMID A3GNODE,RTPD,MCE,LMP_ENE_PRC,PYGS_1_PYRAMID A3GNODE,ALL,1,770.58136,1,3
2022-09-02T01:00:00-00:00,2022-09-02T01:15:00-00:00,2022-09-01,19,PYGS_1_PYRAMID A3GNODE,PYGS_1_PYRAMID A3GNODE,PYGS_1_PYRAMID A3GNODE,RTPD,MCE,LMP_ENE_PRC,PYGS_1_PYRAMID A3GNODE,ALL,1,916.27124,1,3
2022-09-02T02:00:00-00:00,2022-09-02T02:15:00-00:00,2022-09-01,20,PYGS_1_PYRAMID A3GNODE,PYGS_1_PYRAMID A3GNODE,PYGS_1_PYRAMID A3GNODE,RTPD,MCE,LMP_ENE_PRC,PYGS_1_PYRAMID A3GNODE,ALL,1,1991.6721,1,3
2022-09-02T03:00:00-00:00,2022-09-02T03:15:00-00:00,2022-09-01,21,PYGS_1_PYRAMID A3GNODE,PYGS_1_PYRAMID A3GNODE,PYGS_1_PYRAMID A3GNODE,RTPD,MCE,LMP_ENE_PRC,PYGS_1_PYRAMID A3GNODE,ALL,1,917.5508,1,3
2022-09-02T04:00:00-00:00,2022-09-02T04:15:00-00:00,2022-09-01,22,PYGS_1_PYRAMID A3GNODE,PYGS_1_PYRAMID A3GNODE,PYGS_1_PYRAMID A3GNODE,RTPD,MCE,LMP_ENE_PRC,PYGS_1_PYRAMID A3GNODE,ALL,1,257.83005,1,3
2022-09-02T05:00:00-00:00,2022-09-02T05:15:00-00:00,2022-09-01,23,PYGS_1_PYRAMID A3GNODE,PYGS_1_PYRAMID A3GNODE,PYGS_1_PYRAMID A3GNODE,RTPD,MCE,LMP_ENE_PRC,PYGS_1_PYRAMID A3GNODE,ALL,1,183.24657,1,3
2022-09-02T06:00:00-00:00,2022-09-02T06:15:00-00:00,2022-09-01,24,PYGS_1_PYRAMID A3GNODE,PYGS_1_PYRAMID A3GNODE,PYGS_1_PYRAMID A3GNODE,RTPD,MCE,LMP_ENE_PRC,PYGS_1_PYRAMID A3GNODE,ALL,1,158.867,1,3
2022-09-01T07:15:00-00:00,2022-09-01T07:30:00-00:00,2022-09-01,01,PYGS_1_PYRAMID A3GNODE,PYGS_1_PYRAMID A3GNODE,PYGS_1_PYRAMID A3GNODE,RTPD,MCE,LMP_ENE_PRC,PYGS_1_PYRAMID A3GNODE,ALL,1,125.55144,2,3
2022-09-01T08:15:00-00:00,2022-09-01T08:30:00-00:00,2022-09-01,02,PYGS_1_PYRAMID A3GNODE,PYGS_1_PYRAMID A3GNODE,PYGS_1_PYRAMID A3GNODE,RTPD,MCE,LMP_ENE_PRC,PYGS_1_PYRAMID A3GNODE,ALL,1,115.53165,2,3
2022-09-01T09:15:00-00:00,2022-09-01T09:30:00-00:00,2022-09-01,03,PYGS_1_PYRAMID A3GNODE,PYGS_1_PYRAMID A3GNODE,PYGS_1_PYRAMID A3GNODE,RTPD,MCE,LMP_ENE_PRC,PYGS_1_PYRAMID A3GNODE,ALL,1,98.30543,2,3
2022-09-01T10:15:00-00:00,2022-09-01T10:30:00-00:00,2022-09-01,04,PYGS_1_PYRAMID A3GNODE,PYGS_1_PYRAMID A3GNODE,PYGS_1_PYRAMID A3GNODE,RTPD,MCE,LMP_ENE_PRC,PYGS_1_PYRAMID A3GNODE,ALL,1,97.00684,2,3
2022-09-01T11:15:00-00:00,2022-09-01T11:30:00-00:00,2022-09-01,05,PYGS_1_PYRAMID A3GNODE,PYGS_1_PYRAMID A3GNODE,PYGS_1_PYRAMID A3GNODE,RTPD,MCE,LMP_ENE_PRC,PYGS_1_PYRAMID A3GNODE,ALL,1,103.09059,2,3
2022-09-01T12:15:00-00:00,2022-09-01T12:30:00-00:00,2022-09-01,06,PYGS_1_PYRAMID A3GNODE,PYGS_1_PYRAMID A3GNODE,PYGS_1_PYRAMID A3GNODE,RTPD,MCE,LMP_ENE_PRC,PYGS_1_PYRAMID A3GNODE,ALL,1,109.32203,2,3
2022-09-01T13:15:00-00:00,2022-09-01T13:30:00-00:00,2022-09-01,07,PYGS_1_PYRAMID A3GNODE,PYGS_1_PYRAMID A3GNODE,PYGS_1_PYRAMID A3GNODE,RTPD,MCE,LMP_ENE_PRC,PYGS_1_PYRAMID A3GNODE,ALL,1,110.97827,2,3
2022-09-01T14:15:00-00:00,2022-09-01T14:30:00-00:00,2022-09-01,08,PYGS_1_PYRAMID A3GNODE,PYGS_1_PYRAMID A3GNODE,PYGS_1_PYRAMID A3GNODE,RTPD,MCE,LMP_ENE_PRC,PYGS_1_PYRAMID A3GNODE,ALL,1,104.78743,2,3
2022-09-01T15:15:00-00:00,2022-09-01T15:30:00-00:00,2022-09-01,09,PYGS_1_PYRAMID A3GNODE,PYGS_1_PYRAMID A3GNODE,PYGS_1_PYRAMID A3GNODE,RTPD,MCE,LMP_ENE_PRC,PYGS_1_PYRAMID A3GNODE,ALL,1,86.9388,2,3
2022-09-01T16:15:00-00:00,2022-09-01T16:30:00-00:00,2022-09-01,10,PYGS_1_PYRAMID A3GNODE,PYGS_1_PYRAMID A3GNODE,PYGS_1_PYRAMID A3GNODE,RTPD,MCE,LMP_ENE_PRC,PYGS_1_PYRAMID A3GNODE,ALL,1,89.44858,2,3
2022-09-01T17:15:00-00:00,2022-09-01T17:30:00-00:00,2022-09-01,11,PYGS_1_PYRAMID A3GNODE,PYGS_1_PYRAMID A3GNODE,PYGS_1_PYRAMID A3GNODE,RTPD,MCE,LMP_ENE_PRC,PYGS_1_PYRAMID A3GNODE,ALL,1,99.34673,2,3
2022-09-01T18:15:00-00:00,2022-09-01T18:30:00-00:00,2022-09-01,12,PYGS_1_PYRAMID A3GNODE,PYGS_1_PYRAMID A3GNODE,PYGS_1_PYRAMID A3GNODE,RTPD,MCE,LMP_ENE_PRC,PYGS_1_PYRAMID A3GNODE,ALL,1,101.15901,2,3
2022-09-01T19:15:00-00:00,2022-09-01T19:30:00-00:00,2022-09-01,13,PYGS_1_PYRAMID A3GNODE,PYGS_1_PYRAMID A3GNODE,PYGS_1_PYRAMID A3GNODE,RTPD,MCE,LMP_ENE_PRC,PYGS_1_PYRAMID A3GNODE,ALL,1,105.30588,2,3
2022-09-01T20:15:00-00:00,2022-09-01T20:30:00-00:00,2022-09-01,14,PYGS_1_PYRAMID A3GNODE,PYGS_1_PYRAMID A3GNODE,PYGS_1_PYRAMID A3GNODE,RTPD,MCE,LMP_ENE_PRC,PYGS_1_PYRAMID A3GNODE,ALL,1,117.49421,2,3
2022-09-01T21:15:00-00:00,2022-09-01T21:30:00-00:00,2022-09-01,15,PYGS_1_PYRAMID A3GNODE,PYGS_1_PYRAMID A3GNODE,PYGS_1_PYRAMID A3GNODE,RTPD,MCE,LMP_ENE_PRC,PYGS_1_PYRAMID A3GNODE,ALL,1,147.21185,2,3
2022-09-01T22:15:00-00:00,2022-09-01T22:30:00-00:00,2022-09-01,16,PYGS_1_PYRAMID A3GNODE,PYGS_1_PYRAMID A3GNODE,PYGS_1_PYRAMID A3GNODE,RTPD,MCE,LMP_ENE_PRC,PYGS_1_PYRAMID A3GNODE,ALL,1,256.58734,2,3
2022-09-01T23:15:00-00:00,2022-09-01T23:30:00-00:00,2022-09-01,17,PYGS_1_PYRAMID A3GNODE,PYGS_1_PYRAMID A3GNODE,PYGS_1_PYRAMID A3GNODE,RTPD,MCE,LMP_ENE_PRC,PYGS_1_PYRAMID A3GNODE,ALL,1,362.12408,2,3
2022-09-02T00:15:00-00:00,2022-09-02T00:30:00-00:00,2022-09-01,18,PYGS_1_PYRAMID A3GNODE,PYGS_1_PYRAMID A3GNODE,PYGS_1_PYRAMID A3GNODE,RTPD,MCE,LMP_ENE_PRC,PYGS_1_PYRAMID A3GNODE,ALL,1,691.2182,2,3
2022-09-02T01:15:00-00:00,2022-09-02T01:30:00-00:00,2022-09-01,19,PYGS_1_PYRAMID A3GNODE,PYGS_1_PYRAMID A3GNODE,PYGS_1_PYRAMID A3GNODE,RTPD,MCE,LMP_ENE_PRC,PYGS_1_PYRAMID A3GNODE,ALL,1,1999.9933,2,3
2022-09-02T02:15:00-00:00,2022-09-02T02:30:00-00:00,2022-09-01,20,PYGS_1_PYRAMID A3GNODE,PYGS_1_PYRAMID A3GNODE,PYGS_1_PYRAMID A3GNODE,RTPD,MCE,LMP_ENE_PRC,PYGS_1_PYRAMID A3GNODE,ALL,1,1991.6721,2,3
2022-09-02T03:15:00-00:00,2022-09-02T03:30:00-00:00,2022-09-01,21,PYGS_1_PYRAMID A3GNODE,PYGS_1_PYRAMID A3GNODE,PYGS_1_PYRAMID A3GNODE,RTPD,MCE,LMP_ENE_PRC,PYGS_1_PYRAMID A3GNODE,ALL,1,400.52884,2,3
2022-09-02T04:15:00-00:00,2022-09-02T04:30:00-00:00,2022-09-01,22,PYGS_1_PYRAMID A3GNODE,PYGS_1_PYRAMID A3GNODE,PYGS_1_PYRAMID A3GNODE,RTPD,MCE,LMP_ENE_PRC,PYGS_1_PYRAMID A3GNODE,ALL,1,224.75041,2,3
2022-09-02T05:15:00-00:00,2022-09-02T05:30:00-00:00,2022-09-01,23,PYGS_1_PYRAMID A3GNODE,PYGS_1_PYRAMID A3GNODE,PYGS_1_PYRAMID A3GNODE,RTPD,MCE,LMP_ENE_PRC,PYGS_1_PYRAMID A3GNODE,ALL,1,157.11986,2,3
2022-09-02T06:15:00-00:00,2022-09-02T06:30:00-00:00,2022-09-01,24,PYGS_1_PYRAMID A3GNODE,PYGS_1_PYRAMID A3GNODE,PYGS_1_PYRAMID A3GNODE,RTPD,MCE,LMP_ENE_PRC,PYGS_1_PYRAMID A3GNODE,ALL,1,143.1005,2,3
2022-09-01T07:30:00-00:00,2022-09-01T07:45:00-00:00,2022-09-01,01,PYGS_1_PYRAMID A3GNODE,PYGS_1_PYRAMID A3GNODE,PYGS_1_PYRAMID A3GNODE,RTPD,MCE,LMP_ENE_PRC,PYGS_1_PYRAMID A3GNODE,ALL,1,119.03196,3,3
2022-09-01T08:30:00-00:00,2022-09-01T08:45:00-00:00,2022-09-01,02,PYGS_1_PYRAMID A3GNODE,PYGS_1_PYRAMID A3GNODE,PYGS_1_PYRAMID A3GNODE,RTPD,MCE,LMP_ENE_PRC,PYGS_1_PYRAMID A3GNODE,ALL,1,111.11241,3,3
2022-09-01T09:30:00-00:00,2022-09-01T09:45:00-00:00,2022-09-01,03,PYGS_1_PYRAMID A3GNODE,PYGS_1_PYRAMID A3GNODE,PYGS_1_PYRAMID A3GNODE,RTPD,MCE,LMP_ENE_PRC,PYGS_1_PYRAMID A3GNODE,ALL,1,98.16228,3,3
2022-09-01T10:30:00-00:00,2022-09-01T10:45:00-00:00,2022-09-01,04,PYGS_1_PYRAMID A3GNODE,PYGS_1_PYRAMID A3GNODE,PYGS_1_PYRAMID A3GNODE,RTPD,MCE,LMP_ENE_PRC,PYGS_1_PYRAMID A3GNODE,ALL,1,96.36226,3,3
2022-09-01T11:30:00-00:00,2022-09-01T11:45:00-00:00,2022-09-01,05,PYGS_1_PYRAMID A3GNODE,PYGS_1_PYRAMID A3GNODE,PYGS_1_PYRAMID A3GNODE,RTPD,MCE,LMP_ENE_PRC,PYGS_1_PYRAMID A3GNODE,ALL,1,103.06198,3,3
2022-09-01T12:30:00-00:00,2022-09-01T12:45:00-00:00,2022-09-01,06,PYGS_1_PYRAMID A3GNODE,PYGS_1_PYRAMID A3GNODE,PYGS_1_PYRAMID A3GNODE,RTPD,MCE,LMP_ENE_PRC,PYGS_1_PYRAMID A3GNODE,ALL,1,113.57403,3,3
2022-09-01T13:30:00-00:00,2022-09-01T13:45:00-00:00,2022-09-01,07,PYGS_1_PYRAMID A3GNODE,PYGS_1_PYRAMID A3GNODE,PYGS_1_PYRAMID A3GNODE,RTPD,MCE,LMP_ENE_PRC,PYGS_1_PYRAMID A3GNODE,ALL,1,111.52025,3,3
2022-09-01T14:30:00-00:00,2022-09-01T14:45:00-00:00,2022-09-01,08,PYGS_1_PYRAMID A3GNODE,PYGS_1_PYRAMID A3GNODE,PYGS_1_PYRAMID A3GNODE,RTPD,MCE,LMP_ENE_PRC,PYGS_1_PYRAMID A3GNODE,ALL,1,101.83428,3,3
2022-09-01T15:30:00-00:00,2022-09-01T15:45:00-00:00,2022-09-01,09,PYGS_1_PYRAMID A3GNODE,PYGS_1_PYRAMID A3GNODE,PYGS_1_PYRAMID A3GNODE,RTPD,MCE,LMP_ENE_PRC,PYGS_1_PYRAMID A3GNODE,ALL,1,86.1388,3,3
2022-09-01T16:30:00-00:00,2022-09-01T16:45:00-00:00,2022-09-01,10,PYGS_1_PYRAMID A3GNODE,PYGS_1_PYRAMID A3GNODE,PYGS_1_PYRAMID A3GNODE,RTPD,MCE,LMP_ENE_PRC,PYGS_1_PYRAMID A3GNODE,ALL,1,88.79644,3,3
2022-09-01T17:30:00-00:00,2022-09-01T17:45:00-00:00,2022-09-01,11,PYGS_1_PYRAMID A3GNODE,PYGS_1_PYRAMID A3GNODE,PYGS_1_PYRAMID A3GNODE,RTPD,MCE,LMP_ENE_PRC,PYGS_1_PYRAMID A3GNODE,ALL,1,99.13013,3,3
2022-09-01T18:30:00-00:00,2022-09-01T18:45:00-00:00,2022-09-01,12,PYGS_1_PYRAMID A3GNODE,PYGS_1_PYRAMID A3GNODE,PYGS_1_PYRAMID A3GNODE,RTPD,MCE,LMP_ENE_PRC,PYGS_1_PYRAMID A3GNODE,ALL,1,107.05718,3,3
2022-09-01T19:30:00-00:00,2022-09-01T19:45:00-00:00,2022-09-01,13,PYGS_1_PYRAMID A3GNODE,PYGS_1_PYRAMID A3GNODE,PYGS_1_PYRAMID A3GNODE,RTPD,MCE,LMP_ENE_PRC,PYGS_1_PYRAMID A3GNODE,ALL,1,114.05905,3,3
2022-09-01T20:30:00-00:00,2022-09-01T20:45:00-00:00,2022-09-01,14,PYGS_1_PYRAMID A3GNODE,PYGS_1_PYRAMID A3GNODE,PYGS_1_PYRAMID A3GNODE,RTPD,MCE,LMP_ENE_PRC,PYGS_1_PYRAMID A3GNODE,ALL,1,129.81606,3,3
2022-09-01T21:30:00-00:00,2022-09-01T21:45:00-00:00,2022-09-01,15,PYGS_1_PYRAMID A3GNODE,PYGS_1_PYRAMID A3GNODE,PYGS_1_PYRAMID A3GNODE,RTPD,MCE,LMP_ENE_PRC,PYGS_1_PYRAMID A3GNODE,ALL,1,152.93057,3,3
2022-09-01T22:30:00-00:00,2022-09-01T22:45:00-00:00,2022-09-01,16,PYGS_1_PYRAMID A3GNODE,PYGS_1_PYRAMID A3GNODE,PYGS_1_PYRAMID A3GNODE,RTPD,MCE,LMP_ENE_PRC,PYGS_1_PYRAMID A3GNODE,ALL,1,283.18182,3,3
2022-09-01T23:30:00-00:00,2022-09-01T23:45:00-00:00,2022-09-01,17,PYGS_1_PYRAMID A3GNODE,PYGS_1_PYRAMID A3GNODE,PYGS_1_PYRAMID A3GNODE,RTPD,MCE,LMP_ENE_PRC,PYGS_1_PYRAMID A3GNODE,ALL,1,566.48157,3,3
2022-09-02T00:30:00-00:00,2022-09-02T00:45:00-00:00,2022-09-01,18,PYGS_1_PYRAMID A3GNODE,PYGS_1_PYRAMID A3GNODE,PYGS_1_PYRAMID A3GNODE,RTPD,MCE,LMP_ENE_PRC,PYGS_1_PYRAMID A3GNODE,ALL,1,1329.1127,3,3
2022-09-02T01:30:00-00:00,2022-09-02T01:45:00-00:00,2022-09-01,19,PYGS_1_PYRAMID A3GNODE,PYGS_1_PYRAMID A3GNODE,PYGS_1_PYRAMID A3GNODE,RTPD,MCE,LMP_ENE_PRC,PYGS_1_PYRAMID A3GNODE,ALL,1,1999.9956,3,3
2022-09-02T02:30:00-00:00,2022-09-02T02:45:00-00:00,2022-09-01,20,PYGS_1_PYRAMID A3GNODE,PYGS_1_PYRAMID A3GNODE,PYGS_1_PYRAMID A3GNODE,RTPD,MCE,LMP_ENE_PRC,PYGS_1_PYRAMID A3GNODE,ALL,1,1991.671,3,3
2022-09-02T03:30:00-00:00,2022-09-02T03:45:00-00:00,2022-09-01,21,PYGS_1_PYRAMID A3GNODE,PYGS_1_PYRAMID A3GNODE,PYGS_1_PYRAMID A3GNODE,RTPD,MCE,LMP_ENE_PRC,PYGS_1_PYRAMID A3GNODE,ALL,1,186.61823,3,3
2022-09-02T04:30:00-00:00,2022-09-02T04:45:00-00:00,2022-09-01,22,PYGS_1_PYRAMID A3GNODE,PYGS_1_PYRAMID A3GNODE,PYGS_1_PYRAMID A3GNODE,RTPD,MCE,LMP_ENE_PRC,PYGS_1_PYRAMID A3GNODE,ALL,1,180.67824,3,3
2022-09-02T05:30:00-00:00,2022-09-02T05:45:00-00:00,2022-09-01,23,PYGS_1_PYRAMID A3GNODE,PYGS_1_PYRAMID A3GNODE,PYGS_1_PYRAMID A3GNODE,RTPD,MCE,LMP_ENE_PRC,PYGS_1_PYRAMID A3GNODE,ALL,1,131.69917,3,3
2022-09-02T06:30:00-00:00,2022-09-02T06:45:00-00:00,2022-09-01,24,PYGS_1_PYRAMID A3GNODE,PYGS_1_PYRAMID A3GNODE,PYGS_1_PYRAMID A3GNODE,RTPD,MCE,LMP_ENE_PRC,PYGS_1_PYRAMID A3GNODE,ALL,1,128.9871,3,3
2022-09-01T07:45:00-00:00,2022-09-01T08:00:00-00:00,2022-09-01,01,PYGS_1_PYRAMID A3GNODE,PYGS_1_PYRAMID A3GNODE,PYGS_1_PYRAMID A3GNODE,RTPD,MCE,LMP_ENE_PRC,PYGS_1_PYRAMID A3GNODE,ALL,1,109.12099,4,3
2022-09-01T08:45:00-00:00,2022-09-01T09:00:00-00:00,2022-09-01,02,PYGS_1_PYRAMID A3GNODE,PYGS_1_PYRAMID A3GNODE,PYGS_1_PYRAMID A3GNODE,RTPD,MCE,LMP_ENE_PRC,PYGS_1_PYRAMID A3GNODE,ALL,1,98.7357,4,3
2022-09-01T09:45:00-00:00,2022-09-01T10:00:00-00:00,2022-09-01,03,PYGS_1_PYRAMID A3GNODE,PYGS_1_PYRAMID A3GNODE,PYGS_1_PYRAMID A3GNODE,RTPD,MCE,LMP_ENE_PRC,PYGS_1_PYRAMID A3GNODE,ALL,1,97.50475,4,3
2022-09-01T10:45:00-00:00,2022-09-01T11:00:00-00:00,2022-09-01,04,PYGS_1_PYRAMID A3GNODE,PYGS_1_PYRAMID A3GNODE,PYGS_1_PYRAMID A3GNODE,RTPD,MCE,LMP_ENE_PRC,PYGS_1_PYRAMID A3GNODE,ALL,1,94.71966,4,3
2022-09-01T11:45:00-00:00,2022-09-01T12:00:00-00:00,2022-09-01,05,PYGS_1_PYRAMID A3GNODE,PYGS_1_PYRAMID A3GNODE,PYGS_1_PYRAMID A3GNODE,RTPD,MCE,LMP_ENE_PRC,PYGS_1_PYRAMID A3GNODE,ALL,1,107.01,4,3
2022-09-01T12:45:00-00:00,2022-09-01T13:00:00-00:00,2022-09-01,06,PYGS_1_PYRAMID A3GNODE,PYGS_1_PYRAMID A3GNODE,PYGS_1_PYRAMID A3GNODE,RTPD,MCE,LMP_ENE_PRC,PYGS_1_PYRAMID A3GNODE,ALL,1,116.4848,4,3
2022-09-01T13:45:00-00:00,2022-09-01T14:00:00-00:00,2022-09-01,07,PYGS_1_PYRAMID A3GNODE,PYGS_1_PYRAMID A3GNODE,PYGS_1_PYRAMID A3GNODE,RTPD,MCE,LMP_ENE_PRC,PYGS_1_PYRAMID A3GNODE,ALL,1,111.41,4,3
2022-09-01T14:45:00-00:00,2022-09-01T15:00:00-00:00,2022-09-01,08,PYGS_1_PYRAMID A3GNODE,PYGS_1_PYRAMID A3GNODE,PYGS_1_PYRAMID A3GNODE,RTPD,MCE,LMP_ENE_PRC,PYGS_1_PYRAMID A3GNODE,ALL,1,86.1388,4,3
2022-09-01T15:45:00-00:00,2022-09-01T16:00:00-00:00,2022-09-01,09,PYGS_1_PYRAMID A3GNODE,PYGS_1_PYRAMID A3GNODE,PYGS_1_PYRAMID A3GNODE,RTPD,MCE,LMP_ENE_PRC,PYGS_1_PYRAMID A3GNODE,ALL,1,78.70076,4,3
2022-09-01T16:45:00-00:00,2022-09-01T17:00:00-00:00,2022-09-01,10,PYGS_1_PYRAMID A3GNODE,PYGS_1_PYRAMID A3GNODE,PYGS_1_PYRAMID A3GNODE,RTPD,MCE,LMP_ENE_PRC,PYGS_1_PYRAMID A3GNODE,ALL,1,91.24933,4,3
2022-09-01T17:45:00-00:00,2022-09-01T18:00:00-00:00,2022-09-01,11,PYGS_1_PYRAMID A3GNODE,PYGS_1_PYRAMID A3GNODE,PYGS_1_PYRAMID A3GNODE,RTPD,MCE,LMP_ENE_PRC,PYGS_1_PYRAMID A3GNODE,ALL,1,99.20544,4,3
2022-09-01T18:45:00-00:00,2022-09-01T19:00:00-00:00,2022-09-01,12,PYGS_1_PYRAMID A3GNODE,PYGS_1_PYRAMID A3GNODE,PYGS_1_PYRAMID A3GNODE,RTPD,MCE,LMP_ENE_PRC,PYGS_1_PYRAMID A3GNODE,ALL,1,109.04064,4,3
2022-09-01T19:45:00-00:00,2022-09-01T20:00:00-00:00,2022-09-01,13,PYGS_1_PYRAMID A3GNODE,PYGS_1_PYRAMID A3GNODE,PYGS_1_PYRAMID A3GNODE,RTPD,MCE,LMP_ENE_PRC,PYGS_1_PYRAMID A3GNODE,ALL,1,120.22491,4,3
2022-09-01T20:45:00-00:00,2022-09-01T21:00:00-00:00,2022-09-01,14,PYGS_1_PYRAMID A3GNODE,PYGS_1_PYRAMID A3GNODE,PYGS_1_PYRAMID A3GNODE,RTPD,MCE,LMP_ENE_PRC,PYGS_1_PYRAMID A3GNODE,ALL,1,154.02509,4,3
2022-09-01T21:45:00-00:00,2022-09-01T22:00:00-00:00,2022-09-01,15,PYGS_1_PYRAMID A3GNODE,PYGS_1_PYRAMID A3GNODE,PYGS_1_PYRAMID A3GNODE,RTPD,MCE,LMP_ENE_PRC,PYGS_1_PYRAMID A3GNODE,ALL,1,300.29376,4,3
2022-09-01T22:45:00-00:00,2022-09-01T23:00:00-00:00,2022-09-01,16,PYGS_1_PYRAMID A3GNODE,PYGS_1_PYRAMID A3GNODE,PYGS_1_PYRAMID A3GNODE,RTPD,MCE,LMP_ENE_PRC,PYGS_1_PYRAMID A3GNODE,ALL,1,429.9137,4,3
2022-09-01T23:45:00-00:00,2022-09-02T00:00:00-00:00,2022-09-01,17,PYGS_1_PYRAMID A3GNODE,PYGS_1_PYRAMID A3GNODE,PYGS_1_PYRAMID A3GNODE,RTPD,MCE,LMP_ENE_PRC,PYGS_1_PYRAMID A3GNODE,ALL,1,1261.2124,4,3
2022-09-02T00:45:00-00:00,2022-09-02T01:00:00-00:00,2022-09-01,18,PYGS_1_PYRAMID A3GNODE,PYGS_1_PYRAMID A3GNODE,PYGS_1_PYRAMID A3GNODE,RTPD,MCE,LMP_ENE_PRC,PYGS_1_PYRAMID A3GNODE,ALL,1,1519.149,4,3
2022-09-02T01:45:00-00:00,2022-09-02T02:00:00-00:00,2022-09-01,19,PYGS_1_PYRAMID A3GNODE,PYGS_1_PYRAMID A3GNODE,PYGS_1_PYRAMID A3GNODE,RTPD,MCE,LMP_ENE_PRC,PYGS_1_PYRAMID A3GNODE,ALL,1,1991.9337,4,3
2022-09-02T02:45:00-00:00,2022-09-02T03:00:00-00:00,2022-09-01,20,PYGS_1_PYRAMID A3GNODE,PYGS_1_PYRAMID A3GNODE,PYGS_1_PYRAMID A3GNODE,RTPD,MCE,LMP_ENE_PRC,PYGS_1_PYRAMID A3GNODE,ALL,1,1629.6213,4,3
2022-09-02T03:45:00-00:00,2022-09-02T04:00:00-00:00,2022-09-01,21,PYGS_1_PYRAMID A3GNODE,PYGS_1_PYRAMID A3GNODE,PYGS_1_PYRAMID A3GNODE,RTPD,MCE,LMP_ENE_PRC,PYGS_1_PYRAMID A3GNODE,ALL,1,141.13702,4,3
2022-09-02T04:45:00-00:00,2022-09-02T05:00:00-00:00,2022-09-01,22,PYGS_1_PYRAMID A3GNODE,PYGS_1_PYRAMID A3GNODE,PYGS_1_PYRAMID A3GNODE,RTPD,MCE,LMP_ENE_PRC,PYGS_1_PYRAMID A3GNODE,ALL,1,126.76372,4,3
2022-09-02T05:45:00-00:00,2022-09-02T06:00:00-00:00,2022-09-01,23,PYGS_1_PYRAMID A3GNODE,PYGS_1_PYRAMID A3GNODE,PYGS_1_PYRAMID A3GNODE,RTPD,MCE,LMP_ENE_PRC,PYGS_1_PYRAMID A3GNODE,ALL,1,119.00958,4,3
2022-09-02T06:45:00-00:00,2022-09-02T07:00:00-00:00,2022-09-01,24,PYGS_1_PYRAMID A3GNODE,PYGS_1_PYRAMID A3GNODE,PYGS_1_PYRAMID A3GNODE,RTPD,MCE,LMP_ENE_PRC,PYGS_1_PYRAMID A3GNODE,ALL,1,109.20324,4,3
2022-09-01T07:00:00-00:00,2022-09-01T07:15:00-00:00,2022-09-01,01,PYGS_1_PYRAMID A3GNODE,PYGS_1_PYRAMID A3GNODE,PYGS_1_PYRAMID A3GNODE,RTPD,MCL,LMP_LOSS_PRC,PYGS_1_PYRAMID A3GNODE,ALL,1,0.81648,1,4
2022-09-01T08:00:00-00:00,2022-09-01T08:15:00-00:00,2022-09-01,02,PYGS_1_PYRAMID A3GNODE,PYGS_1_PYRAMID A3GNODE,PYGS_1_PYRAMID A3GNODE,RTPD,MCL,LMP_LOSS_PRC,PYGS_1_PYRAMID A3GNODE,ALL,1,0,1,4
2022-09-01T09:00:00-00:00,2022-09-01T09:15:00-00:00,2022-09-01,03,PYGS_1_PYRAMID A3GNODE,PYGS_1_PYRAMID A3GNODE,PYGS_1_PYRAMID A3GNODE,RTPD,MCL,LMP_LOSS_PRC,PYGS_1_PYRAMID A3GNODE,ALL,1,0.75299,1,4
2022-09-01T10:00:00-00:00,2022-09-01T10:15:00-00:00,2022-09-01,04,PYGS_1_PYRAMID A3GNODE,PYGS_1_PYRAMID A3GNODE,PYGS_1_PYRAMID A3GNODE,RTPD,MCL,LMP_LOSS_PRC,PYGS_1_PYRAMID A3GNODE,ALL,1,1.14024,1,4
2022-09-01T11:00:00-00:00,2022-09-01T11:15:00-00:00,2022-09-01,05,PYGS_1_PYRAMID A3GNODE,PYGS_1_PYRAMID A3GNODE,PYGS_1_PYRAMID A3GNODE,RTPD,MCL,LMP_LOSS_PRC,PYGS_1_PYRAMID A3GNODE,ALL,1,0.68542,1,4
2022-09-01T12:00:00-00:00,2022-09-01T12:15:00-00:00,2022-09-01,06,PYGS_1_PYRAMID A3GNODE,PYGS_1_PYRAMID A3GNODE,PYGS_1_PYRAMID A3GNODE,RTPD,MCL,LMP_LOSS_PRC,PYGS_1_PYRAMID A3GNODE,ALL,1,-0.0416,1,4
2022-09-01T13:00:00-00:00,2022-09-01T13:15:00-00:00,2022-09-01,07,PYGS_1_PYRAMID A3GNODE,PYGS_1_PYRAMID A3GNODE,PYGS_1_PYRAMID A3GNODE,RTPD,MCL,LMP_LOSS_PRC,PYGS_1_PYRAMID A3GNODE,ALL,1,0,1,4
2022-09-01T14:00:00-00:00,2022-09-01T14:15:00-00:00,2022-09-01,08,PYGS_1_PYRAMID A3GNODE,PYGS_1_PYRAMID A3GNODE,PYGS_1_PYRAMID A3GNODE,RTPD,MCL,LMP_LOSS_PRC,PYGS_1_PYRAMID A3GNODE,ALL,1,-2.99864,1,4
2022-09-01T15:00:00-00:00,2022-09-01T15:15:00-00:00,2022-09-01,09,PYGS_1_PYRAMID A3GNODE,PYGS_1_PYRAMID A3GNODE,PYGS_1_PYRAMID A3GNODE,RTPD,MCL,LMP_LOSS_PRC,PYGS_1_PYRAMID A3GNODE,ALL,1,0,1,4
2022-09-01T16:00:00-00:00,2022-09-01T16:15:00-00:00,2022-09-01,10,PYGS_1_PYRAMID A3GNODE,PYGS_1_PYRAMID A3GNODE,PYGS_1_PYRAMID A3GNODE,RTPD,MCL,LMP_LOSS_PRC,PYGS_1_PYRAMID A3GNODE,ALL,1,0,1,4
2022-09-01T17:00:00-00:00,2022-09-01T17:15:00-00:00,2022-09-01,11,PYGS_1_PYRAMID A3GNODE,PYGS_1_PYRAMID A3GNODE,PYGS_1_PYRAMID A3GNODE,RTPD,MCL,LMP_LOSS_PRC,PYGS_1_PYRAMID A3GNODE,ALL,1,0,1,4
2022-09-01T18:00:00-00:00,2022-09-01T18:15:00-00:00,2022-09-01,12,PYGS_1_PYRAMID A3GNODE,PYGS_1_PYRAMID A3GNODE,PYGS_1_PYRAMID A3GNODE,RTPD,MCL,LMP_LOSS_PRC,PYGS_1_PYRAMID A3GNODE,ALL,1,0,1,4
2022-09-01T19:00:00-00:00,2022-09-01T19:15:00-00:00,2022-09-01,13,PYGS_1_PYRAMID A3GNODE,PYGS_1_PYRAMID A3GNODE,PYGS_1_PYRAMID A3GNODE,RTPD,MCL,LMP_LOSS_PRC,PYGS_1_PYRAMID A3GNODE,ALL,1,0,1,4
2022-09-01T20:00:00-00:00,2022-09-01T20:15:00-00:00,2022-09-01,14,PYGS_1_PYRAMID A3GNODE,PYGS_1_PYRAMID A3GNODE,PYGS_1_PYRAMID A3GNODE,RTPD,MCL,LMP_LOSS_PRC,PYGS_1_PYRAMID A3GNODE,ALL,1,0,1,4
2022-09-01T21:00:00-00:00,2022-09-01T21:15:00-00:00,2022-09-01,15,PYGS_1_PYRAMID A3GNODE,PYGS_1_PYRAMID A3GNODE,PYGS_1_PYRAMID A3GNODE,RTPD,MCL,LMP_LOSS_PRC,PYGS_1_PYRAMID A3GNODE,ALL,1,0,1,4
2022-09-01T22:00:00-00:00,2022-09-01T22:15:00-00:00,2022-09-01,16,PYGS_1_PYRAMID A3GNODE,PYGS_1_PYRAMID A3GNODE,PYGS_1_PYRAMID A3GNODE,RTPD,MCL,LMP_LOSS_PRC,PYGS_1_PYRAMID A3GNODE,ALL,1,0,1,4
2022-09-01T23:00:00-00:00,2022-09-01T23:15:00-00:00,2022-09-01,17,PYGS_1_PYRAMID A3GNODE,PYGS_1_PYRAMID A3GNODE,PYGS_1_PYRAMID A3GNODE,RTPD,MCL,LMP_LOSS_PRC,PYGS_1_PYRAMID A3GNODE,ALL,1,0,1,4
2022-09-02T00:00:00-00:00,2022-09-02T00:15:00-00:00,2022-09-01,18,PYGS_1_PYRAMID A3GNODE,PYGS_1_PYRAMID A3GNODE,PYGS_1_PYRAMID A3GNODE,RTPD,MCL,LMP_LOSS_PRC,PYGS_1_PYRAMID A3GNODE,ALL,1,-85.07549,1,4
2022-09-02T01:00:00-00:00,2022-09-02T01:15:00-00:00,2022-09-01,19,PYGS_1_PYRAMID A3GNODE,PYGS_1_PYRAMID A3GNODE,PYGS_1_PYRAMID A3GNODE,RTPD,MCL,LMP_LOSS_PRC,PYGS_1_PYRAMID A3GNODE,ALL,1,0,1,4
2022-09-02T02:00:00-00:00,2022-09-02T02:15:00-00:00,2022-09-01,20,PYGS_1_PYRAMID A3GNODE,PYGS_1_PYRAMID A3GNODE,PYGS_1_PYRAMID A3GNODE,RTPD,MCL,LMP_LOSS_PRC,PYGS_1_PYRAMID A3GNODE,ALL,1,0,1,4
2022-09-02T03:00:00-00:00,2022-09-02T03:15:00-00:00,2022-09-01,21,PYGS_1_PYRAMID A3GNODE,PYGS_1_PYRAMID A3GNODE,PYGS_1_PYRAMID A3GNODE,RTPD,MCL,LMP_LOSS_PRC,PYGS_1_PYRAMID A3GNODE,ALL,1,-76.52813,1,4
2022-09-02T04:00:00-00:00,2022-09-02T04:15:00-00:00,2022-09-01,22,PYGS_1_PYRAMID A3GNODE,PYGS_1_PYRAMID A3GNODE,PYGS_1_PYRAMID A3GNODE,RTPD,MCL,LMP_LOSS_PRC,PYGS_1_PYRAMID A3GNODE,ALL,1,-10.5253,1,4
2022-09-02T05:00:00-00:00,2022-09-02T05:15:00-00:00,2022-09-01,23,PYGS_1_PYRAMID A3GNODE,PYGS_1_PYRAMID A3GNODE,PYGS_1_PYRAMID A3GNODE,RTPD,MCL,LMP_LOSS_PRC,PYGS_1_PYRAMID A3GNODE,ALL,1,-6.7579,1,4
2022-09-02T06:00:00-00:00,2022-09-02T06:15:00-00:00,2022-09-01,24,PYGS_1_PYRAMID A3GNODE,PYGS_1_PYRAMID A3GNODE,PYGS_1_PYRAMID A3GNODE,RTPD,MCL,LMP_LOSS_PRC,PYGS_1_PYRAMID A3GNODE,ALL,1,-6.78755,1,4
2022-09-01T07:15:00-00:00,2022-09-01T07:30:00-00:00,2022-09-01,01,PYGS_1_PYRAMID A3GNODE,PYGS_1_PYRAMID A3GNODE,PYGS_1_PYRAMID A3GNODE,RTPD,MCL,LMP_LOSS_PRC,PYGS_1_PYRAMID A3GNODE,ALL,1,0,2,4
2022-09-01T08:15:00-00:00,2022-09-01T08:30:00-00:00,2022-09-01,02,PYGS_1_PYRAMID A3GNODE,PYGS_1_PYRAMID A3GNODE,PYGS_1_PYRAMID A3GNODE,RTPD,MCL,LMP_LOSS_PRC,PYGS_1_PYRAMID A3GNODE,ALL,1,0,2,4
2022-09-01T09:15:00-00:00,2022-09-01T09:30:00-00:00,2022-09-01,03,PYGS_1_PYRAMID A3GNODE,PYGS_1_PYRAMID A3GNODE,PYGS_1_PYRAMID A3GNODE,RTPD,MCL,LMP_LOSS_PRC,PYGS_1_PYRAMID A3GNODE,ALL,1,0.84393,2,4
2022-09-01T10:15:00-00:00,2022-09-01T10:30:00-00:00,2022-09-01,04,PYGS_1_PYRAMID A3GNODE,PYGS_1_PYRAMID A3GNODE,PYGS_1_PYRAMID A3GNODE,RTPD,MCL,LMP_LOSS_PRC,PYGS_1_PYRAMID A3GNODE,ALL,1,1.15407,2,4
2022-09-01T11:15:00-00:00,2022-09-01T11:30:00-00:00,2022-09-01,05,PYGS_1_PYRAMID A3GNODE,PYGS_1_PYRAMID A3GNODE,PYGS_1_PYRAMID A3GNODE,RTPD,MCL,LMP_LOSS_PRC,PYGS_1_PYRAMID A3GNODE,ALL,1,0.54355,2,4
2022-09-01T12:15:00-00:00,2022-09-01T12:30:00-00:00,2022-09-01,06,PYGS_1_PYRAMID A3GNODE,PYGS_1_PYRAMID A3GNODE,PYGS_1_PYRAMID A3GNODE,RTPD,MCL,LMP_LOSS_PRC,PYGS_1_PYRAMID A3GNODE,ALL,1,-1.09654,2,4
2022-09-01T13:15:00-00:00,2022-09-01T13:30:00-00:00,2022-09-01,07,PYGS_1_PYRAMID A3GNODE,PYGS_1_PYRAMID A3GNODE,PYGS_1_PYRAMID A3GNODE,RTPD,MCL,LMP_LOSS_PRC,PYGS_1_PYRAMID A3GNODE,ALL,1,-0.87337,2,4
2022-09-01T14:15:00-00:00,2022-09-01T14:30:00-00:00,2022-09-01,08,PYGS_1_PYRAMID A3GNODE,PYGS_1_PYRAMID A3GNODE,PYGS_1_PYRAMID A3GNODE,RTPD,MCL,LMP_LOSS_PRC,PYGS_1_PYRAMID A3GNODE,ALL,1,-2.39073,2,4
2022-09-01T15:15:00-00:00,2022-09-01T15:30:00-00:00,2022-09-01,09,PYGS_1_PYRAMID A3GNODE,PYGS_1_PYRAMID A3GNODE,PYGS_1_PYRAMID A3GNODE,RTPD,MCL,LMP_LOSS_PRC,PYGS_1_PYRAMID A3GNODE,ALL,1,0,2,4
2022-09-01T16:15:00-00:00,2022-09-01T16:30:00-00:00,2022-09-01,10,PYGS_1_PYRAMID A3GNODE,PYGS_1_PYRAMID A3GNODE,PYGS_1_PYRAMID A3GNODE,RTPD,MCL,LMP_LOSS_PRC,PYGS_1_PYRAMID A3GNODE,ALL,1,0,2,4
2022-09-01T17:15:00-00:00,2022-09-01T17:30:00-00:00,2022-09-01,11,PYGS_1_PYRAMID A3GNODE,PYGS_1_PYRAMID A3GNODE,PYGS_1_PYRAMID A3GNODE,RTPD,MCL,LMP_LOSS_PRC,PYGS_1_PYRAMID A3GNODE,ALL,1,0,2,4
2022-09-01T18:15:00-00:00,2022-09-01T18:30:00-00:00,2022-09-01,12,PYGS_1_PYRAMID A3GNODE,PYGS_1_PYRAMID A3GNODE,PYGS_1_PYRAMID A3GNODE,RTPD,MCL,LMP_LOSS_PRC,PYGS_1_PYRAMID A3GNODE,ALL,1,0,2,4
2022-09-01T19:15:00-00:00,2022-09-01T19:30:00-00:00,2022-09-01,13,PYGS_1_PYRAMID A3GNODE,PYGS_1_PYRAMID A3GNODE,PYGS_1_PYRAMID A3GNODE,RTPD,MCL,LMP_LOSS_PRC,PYGS_1_PYRAMID A3GNODE,ALL,1,0,2,4
2022-09-01T20:15:00-00:00,2022-09-01T20:30:00-00:00,2022-09-01,14,PYGS_1_PYRAMID A3GNODE,PYGS_1_PYRAMID A3GNODE,PYGS_1_PYRAMID A3GNODE,RTPD,MCL,LMP_LOSS_PRC,PYGS_1_PYRAMID A3GNODE,ALL,1,0,2,4
2022-09-01T21:15:00-00:00,2022-09-01T21:30:00-00:00,2022-09-01,15,PYGS_1_PYRAMID A3GNODE,PYGS_1_PYRAMID A3GNODE,PYGS_1_PYRAMID A3GNODE,RTPD,MCL,LMP_LOSS_PRC,PYGS_1_PYRAMID A3GNODE,ALL,1,0,2,4
2022-09-01T22:15:00-00:00,2022-09-01T22:30:00-00:00,2022-09-01,16,PYGS_1_PYRAMID A3GNODE,PYGS_1_PYRAMID A3GNODE,PYGS_1_PYRAMID A3GNODE,RTPD,MCL,LMP_LOSS_PRC,PYGS_1_PYRAMID A3GNODE,ALL,1,0,2,4
2022-09-01T23:15:00-00:00,2022-09-01T23:30:00-00:00,2022-09-01,17,PYGS_1_PYRAMID A3GNODE,PYGS_1_PYRAMID A3GNODE,PYGS_1_PYRAMID A3GNODE,RTPD,MCL,LMP_LOSS_PRC,PYGS_1_PYRAMID A3GNODE,ALL,1,0,2,4
2022-09-02T00:15:00-00:00,2022-09-02T00:30:00-00:00,2022-09-01,18,PYGS_1_PYRAMID A3GNODE,PYGS_1_PYRAMID A3GNODE,PYGS_1_PYRAMID A3GNODE,RTPD,MCL,LMP_LOSS_PRC,PYGS_1_PYRAMID A3GNODE,ALL,1,-72.5607,2,4
2022-09-02T01:15:00-00:00,2022-09-02T01:30:00-00:00,2022-09-01,19,PYGS_1_PYRAMID A3GNODE,PYGS_1_PYRAMID A3GNODE,PYGS_1_PYRAMID A3GNODE,RTPD,MCL,LMP_LOSS_PRC,PYGS_1_PYRAMID A3GNODE,ALL,1,0,2,4
2022-09-02T02:15:00-00:00,2022-09-02T02:30:00-00:00,2022-09-01,20,PYGS_1_PYRAMID A3GNODE,PYGS_1_PYRAMID A3GNODE,PYGS_1_PYRAMID A3GNODE,RTPD,MCL,LMP_LOSS_PRC,PYGS_1_PYRAMID A3GNODE,ALL,1,0,2,4
2022-09-02T03:15:00-00:00,2022-09-02T03:30:00-00:00,2022-09-01,21,PYGS_1_PYRAMID A3GNODE,PYGS_1_PYRAMID A3GNODE,PYGS_1_PYRAMID A3GNODE,RTPD,MCL,LMP_LOSS_PRC,PYGS_1_PYRAMID A3GNODE,ALL,1,-33.05761,2,4
2022-09-02T04:15:00-00:00,2022-09-02T04:30:00-00:00,2022-09-01,22,PYGS_1_PYRAMID A3GNODE,PYGS_1_PYRAMID A3GNODE,PYGS_1_PYRAMID A3GNODE,RTPD,MCL,LMP_LOSS_PRC,PYGS_1_PYRAMID A3GNODE,ALL,1,-9.80508,2,4
2022-09-02T05:15:00-00:00,2022-09-02T05:30:00-00:00,2022-09-01,23,PYGS_1_PYRAMID A3GNODE,PYGS_1_PYRAMID A3GNODE,PYGS_1_PYRAMID A3GNODE,RTPD,MCL,LMP_LOSS_PRC,PYGS_1_PYRAMID A3GNODE,ALL,1,-5.76556,2,4
2022-09-02T06:15:00-00:00,2022-09-02T06:30:00-00:00,2022-09-01,24,PYGS_1_PYRAMID A3GNODE,PYGS_1_PYRAMID A3GNODE,PYGS_1_PYRAMID A3GNODE,RTPD,MCL,LMP_LOSS_PRC,PYGS_1_PYRAMID A3GNODE,ALL,1,-5.72742,2,4
2022-09-01T07:30:00-00:00,2022-09-01T07:45:00-00:00,2022-09-01,01,PYGS_1_PYRAMID A3GNODE,PYGS_1_PYRAMID A3GNODE,PYGS_1_PYRAMID A3GNODE,RTPD,MCL,LMP_LOSS_PRC,PYGS_1_PYRAMID A3GNODE,ALL,1,0,3,4
2022-09-01T08:30:00-00:00,2022-09-01T08:45:00-00:00,2022-09-01,02,PYGS_1_PYRAMID A3GNODE,PYGS_1_PYRAMID A3GNODE,PYGS_1_PYRAMID A3GNODE,RTPD,MCL,LMP_LOSS_PRC,PYGS_1_PYRAMID A3GNODE,ALL,1,-0.53939,3,4
2022-09-01T09:30:00-00:00,2022-09-01T09:45:00-00:00,2022-09-01,03,PYGS_1_PYRAMID A3GNODE,PYGS_1_PYRAMID A3GNODE,PYGS_1_PYRAMID A3GNODE,RTPD,MCL,LMP_LOSS_PRC,PYGS_1_PYRAMID A3GNODE,ALL,1,1.16713,3,4
2022-09-01T10:30:00-00:00,2022-09-01T10:45:00-00:00,2022-09-01,04,PYGS_1_PYRAMID A3GNODE,PYGS_1_PYRAMID A3GNODE,PYGS_1_PYRAMID A3GNODE,RTPD,MCL,LMP_LOSS_PRC,PYGS_1_PYRAMID A3GNODE,ALL,1,1.12864,3,4
2022-09-01T11:30:00-00:00,2022-09-01T11:45:00-00:00,2022-09-01,05,PYGS_1_PYRAMID A3GNODE,PYGS_1_PYRAMID A3GNODE,PYGS_1_PYRAMID A3GNODE,RTPD,MCL,LMP_LOSS_PRC,PYGS_1_PYRAMID A3GNODE,ALL,1,0.03541,3,4
2022-09-01T12:30:00-00:00,2022-09-01T12:45:00-00:00,2022-09-01,06,PYGS_1_PYRAMID A3GNODE,PYGS_1_PYRAMID A3GNODE,PYGS_1_PYRAMID A3GNODE,RTPD,MCL,LMP_LOSS_PRC,PYGS_1_PYRAMID A3GNODE,ALL,1,-0.93843,3,4
2022-09-01T13:30:00-00:00,2022-09-01T13:45:00-00:00,2022-09-01,07,PYGS_1_PYRAMID A3GNODE,PYGS_1_PYRAMID A3GNODE,PYGS_1_PYRAMID A3GNODE,RTPD,MCL,LMP_LOSS_PRC,PYGS_1_PYRAMID A3GNODE,ALL,1,-1.20549,3,4
2022-09-01T14:30:00-00:00,2022-09-01T14:45:00-00:00,2022-09-01,08,PYGS_1_PYRAMID A3GNODE,PYGS_1_PYRAMID A3GNODE,PYGS_1_PYRAMID A3GNODE,RTPD,MCL,LMP_LOSS_PRC,PYGS_1_PYRAMID A3GNODE,ALL,1,-3.08391,3,4
2022-09-01T15:30:00-00:00,2022-09-01T15:45:00-00:00,2022-09-01,09,PYGS_1_PYRAMID A3GNODE,PYGS_1_PYRAMID A3GNODE,PYGS_1_PYRAMID A3GNODE,RTPD,MCL,LMP_LOSS_PRC,PYGS_1_PYRAMID A3GNODE,ALL,1,0,3,4
2022-09-01T16:30:00-00:00,2022-09-01T16:45:00-00:00,2022-09-01,10,PYGS_1_PYRAMID A3GNODE,PYGS_1_PYRAMID A3GNODE,PYGS_1_PYRAMID A3GNODE,RTPD,MCL,LMP_LOSS_PRC,PYGS_1_PYRAMID A3GNODE,ALL,1,0,3,4
2022-09-01T17:30:00-00:00,2022-09-01T17:45:00-00:00,2022-09-01,11,PYGS_1_PYRAMID A3GNODE,PYGS_1_PYRAMID A3GNODE,PYGS_1_PYRAMID A3GNODE,RTPD,MCL,LMP_LOSS_PRC,PYGS_1_PYRAMID A3GNODE,ALL,1,0,3,4
2022-09-01T18:30:00-00:00,2022-09-01T18:45:00-00:00,2022-09-01,12,PYGS_1_PYRAMID A3GNODE,PYGS_1_PYRAMID A3GNODE,PYGS_1_PYRAMID A3GNODE,RTPD,MCL,LMP_LOSS_PRC,PYGS_1_PYRAMID A3GNODE,ALL,1,0,3,4
2022-09-01T19:30:00-00:00,2022-09-01T19:45:00-00:00,2022-09-01,13,PYGS_1_PYRAMID A3GNODE,PYGS_1_PYRAMID A3GNODE,PYGS_1_PYRAMID A3GNODE,RTPD,MCL,LMP_LOSS_PRC,PYGS_1_PYRAMID A3GNODE,ALL,1,0,3,4
2022-09-01T20:30:00-00:00,2022-09-01T20:45:00-00:00,2022-09-01,14,PYGS_1_PYRAMID A3GNODE,PYGS_1_PYRAMID A3GNODE,PYGS_1_PYRAMID A3GNODE,RTPD,MCL,LMP_LOSS_PRC,PYGS_1_PYRAMID A3GNODE,ALL,1,0,3,4
2022-09-01T21:30:00-00:00,2022-09-01T21:45:00-00:00,2022-09-01,15,PYGS_1_PYRAMID A3GNODE,PYGS_1_PYRAMID A3GNODE,PYGS_1_PYRAMID A3GNODE,RTPD,MCL,LMP_LOSS_PRC,PYGS_1_PYRAMID A3GNODE,ALL,1,0,3,4
2022-09-01T22:30:00-00:00,2022-09-01T22:45:00-00:00,2022-09-01,16,PYGS_1_PYRAMID A3GNODE,PYGS_1_PYRAMID A3GNODE,PYGS_1_PYRAMID A3GNODE,RTPD,MCL,LMP_LOSS_PRC,PYGS_1_PYRAMID A3GNODE,ALL,1,0,3,4
2022-09-01T23:30:00-00:00,2022-09-01T23:45:00-00:00,2022-09-01,17,PYGS_1_PYRAMID A3GNODE,PYGS_1_PYRAMID A3GNODE,PYGS_1_PYRAMID A3GNODE,RTPD,MCL,LMP_LOSS_PRC,PYGS_1_PYRAMID A3GNODE,ALL,1,0,3,4
2022-09-02T00:30:00-00:00,2022-09-02T00:45:00-00:00,2022-09-01,18,PYGS_1_PYRAMID A3GNODE,PYGS_1_PYRAMID A3GNODE,PYGS_1_PYRAMID A3GNODE,RTPD,MCL,LMP_LOSS_PRC,PYGS_1_PYRAMID A3GNODE,ALL,1,0,3,4
2022-09-02T01:30:00-00:00,2022-09-02T01:45:00-00:00,2022-09-01,19,PYGS_1_PYRAMID A3GNODE,PYGS_1_PYRAMID A3GNODE,PYGS_1_PYRAMID A3GNODE,RTPD,MCL,LMP_LOSS_PRC,PYGS_1_PYRAMID A3GNODE,ALL,1,0,3,4
2022-09-02T02:30:00-00:00,2022-09-02T02:45:00-00:00,2022-09-01,20,PYGS_1_PYRAMID A3GNODE,PYGS_1_PYRAMID A3GNODE,PYGS_1_PYRAMID A3GNODE,RTPD,MCL,LMP_LOSS_PRC,PYGS_1_PYRAMID A3GNODE,ALL,1,0,3,4
2022-09-02T03:30:00-00:00,2022-09-02T03:45:00-00:00,2022-09-01,21,PYGS_1_PYRAMID A3GNODE,PYGS_1_PYRAMID A3GNODE,PYGS_1_PYRAMID A3GNODE,RTPD,MCL,LMP_LOSS_PRC,PYGS_1_PYRAMID A3GNODE,ALL,1,-13.78043,3,4
2022-09-02T04:30:00-00:00,2022-09-02T04:45:00-00:00,2022-09-01,22,PYGS_1_PYRAMID A3GNODE,PYGS_1_PYRAMID A3GNODE,PYGS_1_PYRAMID A3GNODE,RTPD,MCL,LMP_LOSS_PRC,PYGS_1_PYRAMID A3GNODE,ALL,1,-7.74159,3,4
2022-09-02T05:30:00-00:00,2022-09-02T05:45:00-00:00,2022-09-01,23,PYGS_1_PYRAMID A3GNODE,PYGS_1_PYRAMID A3GNODE,PYGS_1_PYRAMID A3GNODE,RTPD,MCL,LMP_LOSS_PRC,PYGS_1_PYRAMID A3GNODE,ALL,1,-2.19789,3,4
2022-09-02T06:30:00-00:00,2022-09-02T06:45:00-00:00,2022-09-01,24,PYGS_1_PYRAMID A3GNODE,PYGS_1_PYRAMID A3GNODE,PYGS_1_PYRAMID A3GNODE,RTPD,MCL,LMP_LOSS_PRC,PYGS_1_PYRAMID A3GNODE,ALL,1,-3.54006,3,4
2022-09-01T07:45:00-00:00,2022-09-01T08:00:00-00:00,2022-09-01,01,PYGS_1_PYRAMID A3GNODE,PYGS_1_PYRAMID A3GNODE,PYGS_1_PYRAMID A3GNODE,RTPD,MCL,LMP_LOSS_PRC,PYGS_1_PYRAMID A3GNODE,ALL,1,0,4,4
2022-09-01T08:45:00-00:00,2022-09-01T09:00:00-00:00,2022-09-01,02,PYGS_1_PYRAMID A3GNODE,PYGS_1_PYRAMID A3GNODE,PYGS_1_PYRAMID A3GNODE,RTPD,MCL,LMP_LOSS_PRC,PYGS_1_PYRAMID A3GNODE,ALL,1,0.48687,4,4
2022-09-01T09:45:00-00:00,2022-09-01T10:00:00-00:00,2022-09-01,03,PYGS_1_PYRAMID A3GNODE,PYGS_1_PYRAMID A3GNODE,PYGS_1_PYRAMID A3GNODE,RTPD,MCL,LMP_LOSS_PRC,PYGS_1_PYRAMID A3GNODE,ALL,1,1.31029,4,4
2022-09-01T10:45:00-00:00,2022-09-01T11:00:00-00:00,2022-09-01,04,PYGS_1_PYRAMID A3GNODE,PYGS_1_PYRAMID A3GNODE,PYGS_1_PYRAMID A3GNODE,RTPD,MCL,LMP_LOSS_PRC,PYGS_1_PYRAMID A3GNODE,ALL,1,1.3393,4,4
2022-09-01T11:45:00-00:00,2022-09-01T12:00:00-00:00,2022-09-01,05,PYGS_1_PYRAMID A3GNODE,PYGS_1_PYRAMID A3GNODE,PYGS_1_PYRAMID A3GNODE,RTPD,MCL,LMP_LOSS_PRC,PYGS_1_PYRAMID A3GNODE,ALL,1,0,4,4
2022-09-01T12:45:00-00:00,2022-09-01T13:00:00-00:00,2022-09-01,06,PYGS_1_PYRAMID A3GNODE,PYGS_1_PYRAMID A3GNODE,PYGS_1_PYRAMID A3GNODE,RTPD,MCL,LMP_LOSS_PRC,PYGS_1_PYRAMID A3GNODE,ALL,1,0,4,4
2022-09-01T13:45:00-00:00,2022-09-01T14:00:00-00:00,2022-09-01,07,PYGS_1_PYRAMID A3GNODE,PYGS_1_PYRAMID A3GNODE,PYGS_1_PYRAMID A3GNODE,RTPD,MCL,LMP_LOSS_PRC,PYGS_1_PYRAMID A3GNODE,ALL,1,0,4,4
2022-09-01T14:45:00-00:00,2022-09-01T15:00:00-00:00,2022-09-01,08,PYGS_1_PYRAMID A3GNODE,PYGS_1_PYRAMID A3GNODE,PYGS_1_PYRAMID A3GNODE,RTPD,MCL,LMP_LOSS_PRC,PYGS_1_PYRAMID A3GNODE,ALL,1,0,4,4
2022-09-01T15:45:00-00:00,2022-09-01T16:00:00-00:00,2022-09-01,09,PYGS_1_PYRAMID A3GNODE,PYGS_1_PYRAMID A3GNODE,PYGS_1_PYRAMID A3GNODE,RTPD,MCL,LMP_LOSS_PRC,PYGS_1_PYRAMID A3GNODE,ALL,1,0,4,4
2022-09-01T16:45:00-00:00,2022-09-01T17:00:00-00:00,2022-09-01,10,PYGS_1_PYRAMID A3GNODE,PYGS_1_PYRAMID A3GNODE,PYGS_1_PYRAMID A3GNODE,RTPD,MCL,LMP_LOSS_PRC,PYGS_1_PYRAMID A3GNODE,ALL,1,0,4,4
2022-09-01T17:45:00-00:00,2022-09-01T18:00:00-00:00,2022-09-01,11,PYGS_1_PYRAMID A3GNODE,PYGS_1_PYRAMID A3GNODE,PYGS_1_PYRAMID A3GNODE,RTPD,MCL,LMP_LOSS_PRC,PYGS_1_PYRAMID A3GNODE,ALL,1,0,4,4
2022-09-01T18:45:00-00:00,2022-09-01T19:00:00-00:00,2022-09-01,12,PYGS_1_PYRAMID A3GNODE,PYGS_1_PYRAMID A3GNODE,PYGS_1_PYRAMID A3GNODE,RTPD,MCL,LMP_LOSS_PRC,PYGS_1_PYRAMID A3GNODE,ALL,1,0,4,4
2022-09-01T19:45:00-00:00,2022-09-01T20:00:00-00:00,2022-09-01,13,PYGS_1_PYRAMID A3GNODE,PYGS_1_PYRAMID A3GNODE,PYGS_1_PYRAMID A3GNODE,RTPD,MCL,LMP_LOSS_PRC,PYGS_1_PYRAMID A3GNODE,ALL,1,0,4,4
2022-09-01T20:45:00-00:00,2022-09-01T21:00:00-00:00,2022-09-01,14,PYGS_1_PYRAMID A3GNODE,PYGS_1_PYRAMID A3GNODE,PYGS_1_PYRAMID A3GNODE,RTPD,MCL,LMP_LOSS_PRC,PYGS_1_PYRAMID A3GNODE,ALL,1,0,4,4
2022-09-01T21:45:00-00:00,2022-09-01T22:00:00-00:00,2022-09-01,15,PYGS_1_PYRAMID A3GNODE,PYGS_1_PYRAMID A3GNODE,PYGS_1_PYRAMID A3GNODE,RTPD,MCL,LMP_LOSS_PRC,PYGS_1_PYRAMID A3GNODE,ALL,1,0,4,4
2022-09-01T22:45:00-00:00,2022-09-01T23:00:00-00:00,2022-09-01,16,PYGS_1_PYRAMID A3GNODE,PYGS_1_PYRAMID A3GNODE,PYGS_1_PYRAMID A3GNODE,RTPD,MCL,LMP_LOSS_PRC,PYGS_1_PYRAMID A3GNODE,ALL,1,0,4,4
2022-09-01T23:45:00-00:00,2022-09-02T00:00:00-00:00,2022-09-01,17,PYGS_1_PYRAMID A3GNODE,PYGS_1_PYRAMID A3GNODE,PYGS_1_PYRAMID A3GNODE,RTPD,MCL,LMP_LOSS_PRC,PYGS_1_PYRAMID A3GNODE,ALL,1,0,4,4
2022-09-02T00:45:00-00:00,2022-09-02T01:00:00-00:00,2022-09-01,18,PYGS_1_PYRAMID A3GNODE,PYGS_1_PYRAMID A3GNODE,PYGS_1_PYRAMID A3GNODE,RTPD,MCL,LMP_LOSS_PRC,PYGS_1_PYRAMID A3GNODE,ALL,1,0,4,4
2022-09-02T01:45:00-00:00,2022-09-02T02:00:00-00:00,2022-09-01,19,PYGS_1_PYRAMID A3GNODE,PYGS_1_PYRAMID A3GNODE,PYGS_1_PYRAMID A3GNODE,RTPD,MCL,LMP_LOSS_PRC,PYGS_1_PYRAMID A3GNODE,ALL,1,0,4,4
2022-09-02T02:45:00-00:00,2022-09-02T03:00:00-00:00,2022-09-01,20,PYGS_1_PYRAMID A3GNODE,PYGS_1_PYRAMID A3GNODE,PYGS_1_PYRAMID A3GNODE,RTPD,MCL,LMP_LOSS_PRC,PYGS_1_PYRAMID A3GNODE,ALL,1,-130.16164,4,4
2022-09-02T03:45:00-00:00,2022-09-02T04:00:00-00:00,2022-09-01,21,PYGS_1_PYRAMID A3GNODE,PYGS_1_PYRAMID A3GNODE,PYGS_1_PYRAMID A3GNODE,RTPD,MCL,LMP_LOSS_PRC,PYGS_1_PYRAMID A3GNODE,ALL,1,-6.09663,4,4
2022-09-02T04:45:00-00:00,2022-09-02T05:00:00-00:00,2022-09-01,22,PYGS_1_PYRAMID A3GNODE,PYGS_1_PYRAMID A3GNODE,PYGS_1_PYRAMID A3GNODE,RTPD,MCL,LMP_LOSS_PRC,PYGS_1_PYRAMID A3GNODE,ALL,1,-5.95775,4,4
2022-09-02T05:45:00-00:00,2022-09-02T06:00:00-00:00,2022-09-01,23,PYGS_1_PYRAMID A3GNODE,PYGS_1_PYRAMID A3GNODE,PYGS_1_PYRAMID A3GNODE,RTPD,MCL,LMP_LOSS_PRC,PYGS_1_PYRAMID A3GNODE,ALL,1,-1.3757,4,4
2022-09-02T06:45:00-00:00,2022-09-02T07:00:00-00:00,2022-09-01,24,PYGS_1_PYRAMID A3GNODE,PYGS_1_PYRAMID A3GNODE,PYGS_1_PYRAMID A3GNODE,RTPD,MCL,LMP_LOSS_PRC,PYGS_1_PYRAMID A3GNODE,ALL,1,-1.56375,4,4
2022-09-01T07:00:00-00:00,2022-09-01T07:15:00-00:00,2022-09-01,01,PYGS_1_PYRAMID A3GNODE,PYGS_1_PYRAMID A3GNODE,PYGS_1_PYRAMID A3GNODE,RTPD,MGHG,LMP_GHG_PRC,PYGS_1_PYRAMID A3GNODE,ALL,1,-11.45,1,5
2022-09-01T08:00:00-00:00,2022-09-01T08:15:00-00:00,2022-09-01,02,PYGS_1_PYRAMID A3GNODE,PYGS_1_PYRAMID A3GNODE,PYGS_1_PYRAMID A3GNODE,RTPD,MGHG,LMP_GHG_PRC,PYGS_1_PYRAMID A3GNODE,ALL,1,-14.13,1,5
2022-09-01T09:00:00-00:00,2022-09-01T09:15:00-00:00,2022-09-01,03,PYGS_1_PYRAMID A3GNODE,PYGS_1_PYRAMID A3GNODE,PYGS_1_PYRAMID A3GNODE,RTPD,MGHG,LMP_GHG_PRC,PYGS_1_PYRAMID A3GNODE,ALL,1,-12.17178,1,5
2022-09-01T10:00:00-00:00,2022-09-01T10:15:00-00:00,2022-09-01,04,PYGS_1_PYRAMID A3GNODE,PYGS_1_PYRAMID A3GNODE,PYGS_1_PYRAMID A3GNODE,RTPD,MGHG,LMP_GHG_PRC,PYGS_1_PYRAMID A3GNODE,ALL,1,-13.55,1,5
2022-09-01T11:00:00-00:00,2022-09-01T11:15:00-00:00,2022-09-01,05,PYGS_1_PYRAMID A3GNODE,PYGS_1_PYRAMID A3GNODE,PYGS_1_PYRAMID A3GNODE,RTPD,MGHG,LMP_GHG_PRC,PYGS_1_PYRAMID A3GNODE,ALL,1,-13.55,1,5
2022-09-01T12:00:00-00:00,2022-09-01T12:15:00-00:00,2022-09-01,06,PYGS_1_PYRAMID A3GNODE,PYGS_1_PYRAMID A3GNODE,PYGS_1_PYRAMID A3GNODE,RTPD,MGHG,LMP_GHG_PRC,PYGS_1_PYRAMID A3GNODE,ALL,1,-13.71725,1,5
2022-09-01T13:00:00-00:00,2022-09-01T13:15:00-00:00,2022-09-01,07,PYGS_1_PYRAMID A3GNODE,PYGS_1_PYRAMID A3GNODE,PYGS_1_PYRAMID A3GNODE,RTPD,MGHG,LMP_GHG_PRC,PYGS_1_PYRAMID A3GNODE,ALL,1,-15,1,5
2022-09-01T14:00:00-00:00,2022-09-01T14:15:00-00:00,2022-09-01,08,PYGS_1_PYRAMID A3GNODE,PYGS_1_PYRAMID A3GNODE,PYGS_1_PYRAMID A3GNODE,RTPD,MGHG,LMP_GHG_PRC,PYGS_1_PYRAMID A3GNODE,ALL,1,-15.61,1,5
2022-09-01T15:00:00-00:00,2022-09-01T15:15:00-00:00,2022-09-01,09,PYGS_1_PYRAMID A3GNODE,PYGS_1_PYRAMID A3GNODE,PYGS_1_PYRAMID A3GNODE,RTPD,MGHG,LMP_GHG_PRC,PYGS_1_PYRAMID A3GNODE,ALL,1,-12.7,1,5
2022-09-01T16:00:00-00:00,2022-09-01T16:15:00-00:00,2022-09-01,10,PYGS_1_PYRAMID A3GNODE,PYGS_1_PYRAMID A3GNODE,PYGS_1_PYRAMID A3GNODE,RTPD,MGHG,LMP_GHG_PRC,PYGS_1_PYRAMID A3GNODE,ALL,1,-14.1,1,5
2022-09-01T17:00:00-00:00,2022-09-01T17:15:00-00:00,2022-09-01,11,PYGS_1_PYRAMID A3GNODE,PYGS_1_PYRAMID A3GNODE,PYGS_1_PYRAMID A3GNODE,RTPD,MGHG,LMP_GHG_PRC,PYGS_1_PYRAMID A3GNODE,ALL,1,-11.63,1,5
2022-09-01T18:00:00-00:00,2022-09-01T18:15:00-00:00,2022-09-01,12,PYGS_1_PYRAMID A3GNODE,PYGS_1_PYRAMID A3GNODE,PYGS_1_PYRAMID A3GNODE,RTPD,MGHG,LMP_GHG_PRC,PYGS_1_PYRAMID A3GNODE,ALL,1,-13.98,1,5
2022-09-01T19:00:00-00:00,2022-09-01T19:15:00-00:00,2022-09-01,13,PYGS_1_PYRAMID A3GNODE,PYGS_1_PYRAMID A3GNODE,PYGS_1_PYRAMID A3GNODE,RTPD,MGHG,LMP_GHG_PRC,PYGS_1_PYRAMID A3GNODE,ALL,1,-14.15,1,5
2022-09-01T20:00:00-00:00,2022-09-01T20:15:00-00:00,2022-09-01,14,PYGS_1_PYRAMID A3GNODE,PYGS_1_PYRAMID A3GNODE,PYGS_1_PYRAMID A3GNODE,RTPD,MGHG,LMP_GHG_PRC,PYGS_1_PYRAMID A3GNODE,ALL,1,-26.16,1,5
2022-09-01T21:00:00-00:00,2022-09-01T21:15:00-00:00,2022-09-01,15,PYGS_1_PYRAMID A3GNODE,PYGS_1_PYRAMID A3GNODE,PYGS_1_PYRAMID A3GNODE,RTPD,MGHG,LMP_GHG_PRC,PYGS_1_PYRAMID A3GNODE,ALL,1,-15,1,5
2022-09-01T22:00:00-00:00,2022-09-01T22:15:00-00:00,2022-09-01,16,PYGS_1_PYRAMID A3GNODE,PYGS_1_PYRAMID A3GNODE,PYGS_1_PYRAMID A3GNODE,RTPD,MGHG,LMP_GHG_PRC,PYGS_1_PYRAMID A3GNODE,ALL,1,-17.36,1,5
2022-09-01T23:00:00-00:00,2022-09-01T23:15:00-00:00,2022-09-01,17,PYGS_1_PYRAMID A3GNODE,PYGS_1_PYRAMID A3GNODE,PYGS_1_PYRAMID A3GNODE,RTPD,MGHG,LMP_GHG_PRC,PYGS_1_PYRAMID A3GNODE,ALL,1,-26.16,1,5
2022-09-02T00:00:00-00:00,2022-09-02T00:15:00-00:00,2022-09-01,18,PYGS_1_PYRAMID A3GNODE,PYGS_1_PYRAMID A3GNODE,PYGS_1_PYRAMID A3GNODE,RTPD,MGHG,LMP_GHG_PRC,PYGS_1_PYRAMID A3GNODE,ALL,1,-28.21,1,5
2022-09-02T01:00:00-00:00,2022-09-02T01:15:00-00:00,2022-09-01,19,PYGS_1_PYRAMID A3GNODE,PYGS_1_PYRAMID A3GNODE,PYGS_1_PYRAMID A3GNODE,RTPD,MGHG,LMP_GHG_PRC,PYGS_1_PYRAMID A3GNODE,ALL,1,-24.91,1,5
2022-09-02T02:00:00-00:00,2022-09-02T02:15:00-00:00,2022-09-01,20,PYGS_1_PYRAMID A3GNODE,PYGS_1_PYRAMID A3GNODE,PYGS_1_PYRAMID A3GNODE,RTPD,MGHG,LMP_GHG_PRC,PYGS_1_PYRAMID A3GNODE,ALL,1,-15.61,1,5
2022-09-02T03:00:00-00:00,2022-09-02T03:15:00-00:00,2022-09-01,21,PYGS_1_PYRAMID A3GNODE,PYGS_1_PYRAMID A3GNODE,PYGS_1_PYRAMID A3GNODE,RTPD,MGHG,LMP_GHG_PRC,PYGS_1_PYRAMID A3GNODE,ALL,1,-11.89,1,5
2022-09-02T04:00:00-00:00,2022-09-02T04:15:00-00:00,2022-09-01,22,PYGS_1_PYRAMID A3GNODE,PYGS_1_PYRAMID A3GNODE,PYGS_1_PYRAMID A3GNODE,RTPD,MGHG,LMP_GHG_PRC,PYGS_1_PYRAMID A3GNODE,ALL,1,-14.75,1,5
2022-09-02T05:00:00-00:00,2022-09-02T05:15:00-00:00,2022-09-01,23,PYGS_1_PYRAMID A3GNODE,PYGS_1_PYRAMID A3GNODE,PYGS_1_PYRAMID A3GNODE,RTPD,MGHG,LMP_GHG_PRC,PYGS_1_PYRAMID A3GNODE,ALL,1,-9.52,1,5
2022-09-02T06:00:00-00:00,2022-09-02T06:15:00-00:00,2022-09-01,24,PYGS_1_PYRAMID A3GNODE,PYGS_1_PYRAMID A3GNODE,PYGS_1_PYRAMID A3GNODE,RTPD,MGHG,LMP_GHG_PRC,PYGS_1_PYRAMID A3GNODE,ALL,1,-11.63,1,5
2022-09-01T07:15:00-00:00,2022-09-01T07:30:00-00:00,2022-09-01,01,PYGS_1_PYRAMID A3GNODE,PYGS_1_PYRAMID A3GNODE,PYGS_1_PYRAMID A3GNODE,RTPD,MGHG,LMP_GHG_PRC,PYGS_1_PYRAMID A3GNODE,ALL,1,-13.76,2,5
2022-09-01T08:15:00-00:00,2022-09-01T08:30:00-00:00,2022-09-01,02,PYGS_1_PYRAMID A3GNODE,PYGS_1_PYRAMID A3GNODE,PYGS_1_PYRAMID A3GNODE,RTPD,MGHG,LMP_GHG_PRC,PYGS_1_PYRAMID A3GNODE,ALL,1,-14.75,2,5
2022-09-01T09:15:00-00:00,2022-09-01T09:30:00-00:00,2022-09-01,03,PYGS_1_PYRAMID A3GNODE,PYGS_1_PYRAMID A3GNODE,PYGS_1_PYRAMID A3GNODE,RTPD,MGHG,LMP_GHG_PRC,PYGS_1_PYRAMID A3GNODE,ALL,1,-12.19,2,5
2022-09-01T10:15:00-00:00,2022-09-01T10:30:00-00:00,2022-09-01,04,PYGS_1_PYRAMID A3GNODE,PYGS_1_PYRAMID A3GNODE,PYGS_1_PYRAMID A3GNODE,RTPD,MGHG,LMP_GHG_PRC,PYGS_1_PYRAMID A3GNODE,ALL,1,-13.98,2,5
2022-09-01T11:15:00-00:00,2022-09-01T11:30:00-00:00,2022-09-01,05,PYGS_1_PYRAMID A3GNODE,PYGS_1_PYRAMID A3GNODE,PYGS_1_PYRAMID A3GNODE,RTPD,MGHG,LMP_GHG_PRC,PYGS_1_PYRAMID A3GNODE,ALL,1,-13.98,2,5
2022-09-01T12:15:00-00:00,2022-09-01T12:30:00-00:00,2022-09-01,06,PYGS_1_PYRAMID A3GNODE,PYGS_1_PYRAMID A3GNODE,PYGS_1_PYRAMID A3GNODE,RTPD,MGHG,LMP_GHG_PRC,PYGS_1_PYRAMID A3GNODE,ALL,1,-14.79,2,5
2022-09-01T13:15:00-00:00,2022-09-01T13:30:00-00:00,2022-09-01,07,PYGS_1_PYRAMID A3GNODE,PYGS_1_PYRAMID A3GNODE,PYGS_1_PYRAMID A3GNODE,RTPD,MGHG,LMP_GHG_PRC,PYGS_1_PYRAMID A3GNODE,ALL,1,-15,2,5
2022-09-01T14:15:00-00:00,2022-09-01T14:30:00-00:00,2022-09-01,08,PYGS_1_PYRAMID A3GNODE,PYGS_1_PYRAMID A3GNODE,PYGS_1_PYRAMID A3GNODE,RTPD,MGHG,LMP_GHG_PRC,PYGS_1_PYRAMID A3GNODE,ALL,1,-14.22559,2,5
2022-09-01T15:15:00-00:00,2022-09-01T15:30:00-00:00,2022-09-01,09,PYGS_1_PYRAMID A3GNODE,PYGS_1_PYRAMID A3GNODE,PYGS_1_PYRAMID A3GNODE,RTPD,MGHG,LMP_GHG_PRC,PYGS_1_PYRAMID A3GNODE,ALL,1,-12.7,2,5
2022-09-01T16:15:00-00:00,2022-09-01T16:30:00-00:00,2022-09-01,10,PYGS_1_PYRAMID A3GNODE,PYGS_1_PYRAMID A3GNODE,PYGS_1_PYRAMID A3GNODE,RTPD,MGHG,LMP_GHG_PRC,PYGS_1_PYRAMID A3GNODE,ALL,1,-13.34161,2,5
2022-09-01T17:15:00-00:00,2022-09-01T17:30:00-00:00,2022-09-01,11,PYGS_1_PYRAMID A3GNODE,PYGS_1_PYRAMID A3GNODE,PYGS_1_PYRAMID A3GNODE,RTPD,MGHG,LMP_GHG_PRC,PYGS_1_PYRAMID A3GNODE,ALL,1,-11.89,2,5
2022-09-01T18:15:00-00:00,2022-09-01T18:30:00-00:00,2022-09-01,12,PYGS_1_PYRAMID A3GNODE,PYGS_1_PYRAMID A3GNODE,PYGS_1_PYRAMID A3GNODE,RTPD,MGHG,LMP_GHG_PRC,PYGS_1_PYRAMID A3GNODE,ALL,1,-14.79,2,5
2022-09-01T19:15:00-00:00,2022-09-01T19:30:00-00:00,2022-09-01,13,PYGS_1_PYRAMID A3GNODE,PYGS_1_PYRAMID A3GNODE,PYGS_1_PYRAMID A3GNODE,RTPD,MGHG,LMP_GHG_PRC,PYGS_1_PYRAMID A3GNODE,ALL,1,-14.79,2,5
2022-09-01T20:15:00-00:00,2022-09-01T20:30:00-00:00,2022-09-01,14,PYGS_1_PYRAMID A3GNODE,PYGS_1_PYRAMID A3GNODE,PYGS_1_PYRAMID A3GNODE,RTPD,MGHG,LMP_GHG_PRC,PYGS_1_PYRAMID A3GNODE,ALL,1,-18.59,2,5
2022-09-01T21:15:00-00:00,2022-09-01T21:30:00-00:00,2022-09-01,15,PYGS_1_PYRAMID A3GNODE,PYGS_1_PYRAMID A3GNODE,PYGS_1_PYRAMID A3GNODE,RTPD,MGHG,LMP_GHG_PRC,PYGS_1_PYRAMID A3GNODE,ALL,1,-15.41,2,5
2022-09-01T22:15:00-00:00,2022-09-01T22:30:00-00:00,2022-09-01,16,PYGS_1_PYRAMID A3GNODE,PYGS_1_PYRAMID A3GNODE,PYGS_1_PYRAMID A3GNODE,RTPD,MGHG,LMP_GHG_PRC,PYGS_1_PYRAMID A3GNODE,ALL,1,-19.44814,2,5
2022-09-01T23:15:00-00:00,2022-09-01T23:30:00-00:00,2022-09-01,17,PYGS_1_PYRAMID A3GNODE,PYGS_1_PYRAMID A3GNODE,PYGS_1_PYRAMID A3GNODE,RTPD,MGHG,LMP_GHG_PRC,PYGS_1_PYRAMID A3GNODE,ALL,1,-26.16,2,5
2022-09-02T00:15:00-00:00,2022-09-02T00:30:00-00:00,2022-09-01,18,PYGS_1_PYRAMID A3GNODE,PYGS_1_PYRAMID A3GNODE,PYGS_1_PYRAMID A3GNODE,RTPD,MGHG,LMP_GHG_PRC,PYGS_1_PYRAMID A3GNODE,ALL,1,-24.91,2,5
2022-09-02T01:15:00-00:00,2022-09-02T01:30:00-00:00,2022-09-01,19,PYGS_1_PYRAMID A3GNODE,PYGS_1_PYRAMID A3GNODE,PYGS_1_PYRAMID A3GNODE,RTPD,MGHG,LMP_GHG_PRC,PYGS_1_PYRAMID A3GNODE,ALL,1,-18.59,2,5
2022-09-02T02:15:00-00:00,2022-09-02T02:30:00-00:00,2022-09-01,20,PYGS_1_PYRAMID A3GNODE,PYGS_1_PYRAMID A3GNODE,PYGS_1_PYRAMID A3GNODE,RTPD,MGHG,LMP_GHG_PRC,PYGS_1_PYRAMID A3GNODE,ALL,1,-17.16,2,5
2022-09-02T03:15:00-00:00,2022-09-02T03:30:00-00:00,2022-09-01,21,PYGS_1_PYRAMID A3GNODE,PYGS_1_PYRAMID A3GNODE,PYGS_1_PYRAMID A3GNODE,RTPD,MGHG,LMP_GHG_PRC,PYGS_1_PYRAMID A3GNODE,ALL,1,-14.79,2,5
2022-09-02T04:15:00-00:00,2022-09-02T04:30:00-00:00,2022-09-01,22,PYGS_1_PYRAMID A3GNODE,PYGS_1_PYRAMID A3GNODE,PYGS_1_PYRAMID A3GNODE,RTPD,MGHG,LMP_GHG_PRC,PYGS_1_PYRAMID A3GNODE,ALL,1,-14.79,2,5
2022-09-02T05:15:00-00:00,2022-09-02T05:30:00-00:00,2022-09-01,23,PYGS_1_PYRAMID A3GNODE,PYGS_1_PYRAMID A3GNODE,PYGS_1_PYRAMID A3GNODE,RTPD,MGHG,LMP_GHG_PRC,PYGS_1_PYRAMID A3GNODE,ALL,1,-11.89,2,5
2022-09-02T06:15:00-00:00,2022-09-02T06:30:00-00:00,2022-09-01,24,PYGS_1_PYRAMID A3GNODE,PYGS_1_PYRAMID A3GNODE,PYGS_1_PYRAMID A3GNODE,RTPD,MGHG,LMP_GHG_PRC,PYGS_1_PYRAMID A3GNODE,ALL,1,-11.13,2,5
2022-09-01T07:30:00-00:00,2022-09-01T07:45:00-00:00,2022-09-01,01,PYGS_1_PYRAMID A3GNODE,PYGS_1_PYRAMID A3GNODE,PYGS_1_PYRAMID A3GNODE,RTPD,MGHG,LMP_GHG_PRC,PYGS_1_PYRAMID A3GNODE,ALL,1,-14.46,3,5
2022-09-01T08:30:00-00:00,2022-09-01T08:45:00-00:00,2022-09-01,02,PYGS_1_PYRAMID A3GNODE,PYGS_1_PYRAMID A3GNODE,PYGS_1_PYRAMID A3GNODE,RTPD,MGHG,LMP_GHG_PRC,PYGS_1_PYRAMID A3GNODE,ALL,1,-14.79,3,5
2022-09-01T09:30:00-00:00,2022-09-01T09:45:00-00:00,2022-09-01,03,PYGS_1_PYRAMID A3GNODE,PYGS_1_PYRAMID A3GNODE,PYGS_1_PYRAMID A3GNODE,RTPD,MGHG,LMP_GHG_PRC,PYGS_1_PYRAMID A3GNODE,ALL,1,-12.97,3,5
2022-09-01T10:30:00-00:00,2022-09-01T10:45:00-00:00,2022-09-01,04,PYGS_1_PYRAMID A3GNODE,PYGS_1_PYRAMID A3GNODE,PYGS_1_PYRAMID A3GNODE,RTPD,MGHG,LMP_GHG_PRC,PYGS_1_PYRAMID A3GNODE,ALL,1,-13.98,3,5
2022-09-01T11:30:00-00:00,2022-09-01T11:45:00-00:00,2022-09-01,05,PYGS_1_PYRAMID A3GNODE,PYGS_1_PYRAMID A3GNODE,PYGS_1_PYRAMID A3GNODE,RTPD,MGHG,LMP_GHG_PRC,PYGS_1_PYRAMID A3GNODE,ALL,1,-14.53398,3,5
2022-09-01T12:30:00-00:00,2022-09-01T12:45:00-00:00,2022-09-01,06,PYGS_1_PYRAMID A3GNODE,PYGS_1_PYRAMID A3GNODE,PYGS_1_PYRAMID A3GNODE,RTPD,MGHG,LMP_GHG_PRC,PYGS_1_PYRAMID A3GNODE,ALL,1,-14.79,3,5
2022-09-01T13:30:00-00:00,2022-09-01T13:45:00-00:00,2022-09-01,07,PYGS_1_PYRAMID A3GNODE,PYGS_1_PYRAMID A3GNODE,PYGS_1_PYRAMID A3GNODE,RTPD,MGHG,LMP_GHG_PRC,PYGS_1_PYRAMID A3GNODE,ALL,1,-15.84217,3,5
2022-09-01T14:30:00-00:00,2022-09-01T14:45:00-00:00,2022-09-01,08,PYGS_1_PYRAMID A3GNODE,PYGS_1_PYRAMID A3GNODE,PYGS_1_PYRAMID A3GNODE,RTPD,MGHG,LMP_GHG_PRC,PYGS_1_PYRAMID A3GNODE,ALL,1,-12.7,3,5
2022-09-01T15:30:00-00:00,2022-09-01T15:45:00-00:00,2022-09-01,09,PYGS_1_PYRAMID A3GNODE,PYGS_1_PYRAMID A3GNODE,PYGS_1_PYRAMID A3GNODE,RTPD,MGHG,LMP_GHG_PRC,PYGS_1_PYRAMID A3GNODE,ALL,1,-12.05,3,5
2022-09-01T16:30:00-00:00,2022-09-01T16:45:00-00:00,2022-09-01,10,PYGS_1_PYRAMID A3GNODE,PYGS_1_PYRAMID A3GNODE,PYGS_1_PYRAMID A3GNODE,RTPD,MGHG,LMP_GHG_PRC,PYGS_1_PYRAMID A3GNODE,ALL,1,-11.13,3,5
2022-09-01T17:30:00-00:00,2022-09-01T17:45:00-00:00,2022-09-01,11,PYGS_1_PYRAMID A3GNODE,PYGS_1_PYRAMID A3GNODE,PYGS_1_PYRAMID A3GNODE,RTPD,MGHG,LMP_GHG_PRC,PYGS_1_PYRAMID A3GNODE,ALL,1,-11.63,3,5
2022-09-01T18:30:00-00:00,2022-09-01T18:45:00-00:00,2022-09-01,12,PYGS_1_PYRAMID A3GNODE,PYGS_1_PYRAMID A3GNODE,PYGS_1_PYRAMID A3GNODE,RTPD,MGHG,LMP_GHG_PRC,PYGS_1_PYRAMID A3GNODE,ALL,1,-14.37982,3,5
2022-09-01T19:30:00-00:00,2022-09-01T19:45:00-00:00,2022-09-01,13,PYGS_1_PYRAMID A3GNODE,PYGS_1_PYRAMID A3GNODE,PYGS_1_PYRAMID A3GNODE,RTPD,MGHG,LMP_GHG_PRC,PYGS_1_PYRAMID A3GNODE,ALL,1,-14.79,3,5
2022-09-01T20:30:00-00:00,2022-09-01T20:45:00-00:00,2022-09-01,14,PYGS_1_PYRAMID A3GNODE,PYGS_1_PYRAMID A3GNODE,PYGS_1_PYRAMID A3GNODE,RTPD,MGHG,LMP_GHG_PRC,PYGS_1_PYRAMID A3GNODE,ALL,1,-19.37,3,5
2022-09-01T21:30:00-00:00,2022-09-01T21:45:00-00:00,2022-09-01,15,PYGS_1_PYRAMID A3GNODE,PYGS_1_PYRAMID A3GNODE,PYGS_1_PYRAMID A3GNODE,RTPD,MGHG,LMP_GHG_PRC,PYGS_1_PYRAMID A3GNODE,ALL,1,-14.79,3,5
2022-09-01T22:30:00-00:00,2022-09-01T22:45:00-00:00,2022-09-01,16,PYGS_1_PYRAMID A3GNODE,PYGS_1_PYRAMID A3GNODE,PYGS_1_PYRAMID A3GNODE,RTPD,MGHG,LMP_GHG_PRC,PYGS_1_PYRAMID A3GNODE,ALL,1,-17.77,3,5
2022-09-01T23:30:00-00:00,2022-09-01T23:45:00-00:00,2022-09-01,17,PYGS_1_PYRAMID A3GNODE,PYGS_1_PYRAMID A3GNODE,PYGS_1_PYRAMID A3GNODE,RTPD,MGHG,LMP_GHG_PRC,PYGS_1_PYRAMID A3GNODE,ALL,1,-26.16,3,5
2022-09-02T00:30:00-00:00,2022-09-02T00:45:00-00:00,2022-09-01,18,PYGS_1_PYRAMID A3GNODE,PYGS_1_PYRAMID A3GNODE,PYGS_1_PYRAMID A3GNODE,RTPD,MGHG,LMP_GHG_PRC,PYGS_1_PYRAMID A3GNODE,ALL,1,-29.51,3,5
2022-09-02T01:30:00-00:00,2022-09-02T01:45:00-00:00,2022-09-01,19,PYGS_1_PYRAMID A3GNODE,PYGS_1_PYRAMID A3GNODE,PYGS_1_PYRAMID A3GNODE,RTPD,MGHG,LMP_GHG_PRC,PYGS_1_PYRAMID A3GNODE,ALL,1,-18.59,3,5
2022-09-02T02:30:00-00:00,2022-09-02T02:45:00-00:00,2022-09-01,20,PYGS_1_PYRAMID A3GNODE,PYGS_1_PYRAMID A3GNODE,PYGS_1_PYRAMID A3GNODE,RTPD,MGHG,LMP_GHG_PRC,PYGS_1_PYRAMID A3GNODE,ALL,1,-25.88,3,5
2022-09-02T03:30:00-00:00,2022-09-02T03:45:00-00:00,2022-09-01,21,PYGS_1_PYRAMID A3GNODE,PYGS_1_PYRAMID A3GNODE,PYGS_1_PYRAMID A3GNODE,RTPD,MGHG,LMP_GHG_PRC,PYGS_1_PYRAMID A3GNODE,ALL,1,-14.79,3,5
2022-09-02T04:30:00-00:00,2022-09-02T04:45:00-00:00,2022-09-01,22,PYGS_1_PYRAMID A3GNODE,PYGS_1_PYRAMID A3GNODE,PYGS_1_PYRAMID A3GNODE,RTPD,MGHG,LMP_GHG_PRC,PYGS_1_PYRAMID A3GNODE,ALL,1,-15.61,3,5
2022-09-02T05:30:00-00:00,2022-09-02T05:45:00-00:00,2022-09-01,23,PYGS_1_PYRAMID A3GNODE,PYGS_1_PYRAMID A3GNODE,PYGS_1_PYRAMID A3GNODE,RTPD,MGHG,LMP_GHG_PRC,PYGS_1_PYRAMID A3GNODE,ALL,1,-14.79,3,5
2022-09-02T06:30:00-00:00,2022-09-02T06:45:00-00:00,2022-09-01,24,PYGS_1_PYRAMID A3GNODE,PYGS_1_PYRAMID A3GNODE,PYGS_1_PYRAMID A3GNODE,RTPD,MGHG,LMP_GHG_PRC,PYGS_1_PYRAMID A3GNODE,ALL,1,-14.79,3,5
2022-09-01T07:45:00-00:00,2022-09-01T08:00:00-00:00,2022-09-01,01,PYGS_1_PYRAMID A3GNODE,PYGS_1_PYRAMID A3GNODE,PYGS_1_PYRAMID A3GNODE,RTPD,MGHG,LMP_GHG_PRC,PYGS_1_PYRAMID A3GNODE,ALL,1,-14,4,5
2022-09-01T08:45:00-00:00,2022-09-01T09:00:00-00:00,2022-09-01,02,PYGS_1_PYRAMID A3GNODE,PYGS_1_PYRAMID A3GNODE,PYGS_1_PYRAMID A3GNODE,RTPD,MGHG,LMP_GHG_PRC,PYGS_1_PYRAMID A3GNODE,ALL,1,-14.79,4,5
2022-09-01T09:45:00-00:00,2022-09-01T10:00:00-00:00,2022-09-01,03,PYGS_1_PYRAMID A3GNODE,PYGS_1_PYRAMID A3GNODE,PYGS_1_PYRAMID A3GNODE,RTPD,MGHG,LMP_GHG_PRC,PYGS_1_PYRAMID A3GNODE,ALL,1,-12.97,4,5
2022-09-01T10:45:00-00:00,2022-09-01T11:00:00-00:00,2022-09-01,04,PYGS_1_PYRAMID A3GNODE,PYGS_1_PYRAMID A3GNODE,PYGS_1_PYRAMID A3GNODE,RTPD,MGHG,LMP_GHG_PRC,PYGS_1_PYRAMID A3GNODE,ALL,1,-13.55,4,5
2022-09-01T11:45:00-00:00,2022-09-01T12:00:00-00:00,2022-09-01,05,PYGS_1_PYRAMID A3GNODE,PYGS_1_PYRAMID A3GNODE,PYGS_1_PYRAMID A3GNODE,RTPD,MGHG,LMP_GHG_PRC,PYGS_1_PYRAMID A3GNODE,ALL,1,-14.79,4,5
2022-09-01T12:45:00-00:00,2022-09-01T13:00:00-00:00,2022-09-01,06,PYGS_1_PYRAMID A3GNODE,PYGS_1_PYRAMID A3GNODE,PYGS_1_PYRAMID A3GNODE,RTPD,MGHG,LMP_GHG_PRC,PYGS_1_PYRAMID A3GNODE,ALL,1,-14.79,4,5
2022-09-01T13:45:00-00:00,2022-09-01T14:00:00-00:00,2022-09-01,07,PYGS_1_PYRAMID A3GNODE,PYGS_1_PYRAMID A3GNODE,PYGS_1_PYRAMID A3GNODE,RTPD,MGHG,LMP_GHG_PRC,PYGS_1_PYRAMID A3GNODE,ALL,1,-14.79,4,5
2022-09-01T14:45:00-00:00,2022-09-01T15:00:00-00:00,2022-09-01,08,PYGS_1_PYRAMID A3GNODE,PYGS_1_PYRAMID A3GNODE,PYGS_1_PYRAMID A3GNODE,RTPD,MGHG,LMP_GHG_PRC,PYGS_1_PYRAMID A3GNODE,ALL,1,-8.84,4,5
2022-09-01T15:45:00-00:00,2022-09-01T16:00:00-00:00,2022-09-01,09,PYGS_1_PYRAMID A3GNODE,PYGS_1_PYRAMID A3GNODE,PYGS_1_PYRAMID A3GNODE,RTPD,MGHG,LMP_GHG_PRC,PYGS_1_PYRAMID A3GNODE,ALL,1,-12.05,4,5
2022-09-01T16:45:00-00:00,2022-09-01T17:00:00-00:00,2022-09-01,10,PYGS_1_PYRAMID A3GNODE,PYGS_1_PYRAMID A3GNODE,PYGS_1_PYRAMID A3GNODE,RTPD,MGHG,LMP_GHG_PRC,PYGS_1_PYRAMID A3GNODE,ALL,1,-10.94,4,5
2022-09-01T17:45:00-00:00,2022-09-01T18:00:00-00:00,2022-09-01,11,PYGS_1_PYRAMID A3GNODE,PYGS_1_PYRAMID A3GNODE,PYGS_1_PYRAMID A3GNODE,RTPD,MGHG,LMP_GHG_PRC,PYGS_1_PYRAMID A3GNODE,ALL,1,-12.32178,4,5
2022-09-01T18:45:00-00:00,2022-09-01T19:00:00-00:00,2022-09-01,12,PYGS_1_PYRAMID A3GNODE,PYGS_1_PYRAMID A3GNODE,PYGS_1_PYRAMID A3GNODE,RTPD,MGHG,LMP_GHG_PRC,PYGS_1_PYRAMID A3GNODE,ALL,1,-13.98,4,5
2022-09-01T19:45:00-00:00,2022-09-01T20:00:00-00:00,2022-09-01,13,PYGS_1_PYRAMID A3GNODE,PYGS_1_PYRAMID A3GNODE,PYGS_1_PYRAMID A3GNODE,RTPD,MGHG,LMP_GHG_PRC,PYGS_1_PYRAMID A3GNODE,ALL,1,-15.37,4,5
2022-09-01T20:45:00-00:00,2022-09-01T21:00:00-00:00,2022-09-01,14,PYGS_1_PYRAMID A3GNODE,PYGS_1_PYRAMID A3GNODE,PYGS_1_PYRAMID A3GNODE,RTPD,MGHG,LMP_GHG_PRC,PYGS_1_PYRAMID A3GNODE,ALL,1,-15.61,4,5
2022-09-01T21:45:00-00:00,2022-09-01T22:00:00-00:00,2022-09-01,15,PYGS_1_PYRAMID A3GNODE,PYGS_1_PYRAMID A3GNODE,PYGS_1_PYRAMID A3GNODE,RTPD,MGHG,LMP_GHG_PRC,PYGS_1_PYRAMID A3GNODE,ALL,1,-14.79,4,5
2022-09-01T22:45:00-00:00,2022-09-01T23:00:00-00:00,2022-09-01,16,PYGS_1_PYRAMID A3GNODE,PYGS_1_PYRAMID A3GNODE,PYGS_1_PYRAMID A3GNODE,RTPD,MGHG,LMP_GHG_PRC,PYGS_1_PYRAMID A3GNODE,ALL,1,-17.16,4,5
2022-09-01T23:45:00-00:00,2022-09-02T00:00:00-00:00,2022-09-01,17,PYGS_1_PYRAMID A3GNODE,PYGS_1_PYRAMID A3GNODE,PYGS_1_PYRAMID A3GNODE,RTPD,MGHG,LMP_GHG_PRC,PYGS_1_PYRAMID A3GNODE,ALL,1,-28.33,4,5
2022-09-02T00:45:00-00:00,2022-09-02T01:00:00-00:00,2022-09-01,18,PYGS_1_PYRAMID A3GNODE,PYGS_1_PYRAMID A3GNODE,PYGS_1_PYRAMID A3GNODE,RTPD,MGHG,LMP_GHG_PRC,PYGS_1_PYRAMID A3GNODE,ALL,1,-29.51,4,5
2022-09-02T01:45:00-00:00,2022-09-02T02:00:00-00:00,2022-09-01,19,PYGS_1_PYRAMID A3GNODE,PYGS_1_PYRAMID A3GNODE,PYGS_1_PYRAMID A3GNODE,RTPD,MGHG,LMP_GHG_PRC,PYGS_1_PYRAMID A3GNODE,ALL,1,-15.61,4,5
2022-09-02T02:45:00-00:00,2022-09-02T03:00:00-00:00,2022-09-01,20,PYGS_1_PYRAMID A3GNODE,PYGS_1_PYRAMID A3GNODE,PYGS_1_PYRAMID A3GNODE,RTPD,MGHG,LMP_GHG_PRC,PYGS_1_PYRAMID A3GNODE,ALL,1,-30.58,4,5
2022-09-02T03:45:00-00:00,2022-09-02T04:00:00-00:00,2022-09-01,21,PYGS_1_PYRAMID A3GNODE,PYGS_1_PYRAMID A3GNODE,PYGS_1_PYRAMID A3GNODE,RTPD,MGHG,LMP_GHG_PRC,PYGS_1_PYRAMID A3GNODE,ALL,1,-16.46,4,5
2022-09-02T04:45:00-00:00,2022-09-02T05:00:00-00:00,2022-09-01,22,PYGS_1_PYRAMID A3GNODE,PYGS_1_PYRAMID A3GNODE,PYGS_1_PYRAMID A3GNODE,RTPD,MGHG,LMP_GHG_PRC,PYGS_1_PYRAMID A3GNODE,ALL,1,-15.61,4,5
2022-09-02T05:45:00-00:00,2022-09-02T06:00:00-00:00,2022-09-01,23,PYGS_1_PYRAMID A3GNODE,PYGS_1_PYRAMID A3GNODE,PYGS_1_PYRAMID A3GNODE,RTPD,MGHG,LMP_GHG_PRC,PYGS_1_PYRAMID A3GNODE,ALL,1,-14.79,4,5
2022-09-02T06:45:00-00:00,2022-09-02T07:00:00-00:00,2022-09-01,24,PYGS_1_PYRAMID A3GNODE,PYGS_1_PYRAMID A3GNODE,PYGS_1_PYRAMID A3GNODE,RTPD,MGHG,LMP_GHG_PRC,PYGS_1_PYRAMID A3GNODE,ALL,1,-15,4,5
