INTERVALSTARTTIME_GMT,INTERVALENDTIME_GMT,OPR_DT,OPR_HR,NODE_ID_XML,NODE_ID,NODE,MARKET_RUN_ID,LMP_TYPE,XML_DATA_ITEM,PNODE_RESMRID,GRP_TYPE,POS,PRC,OPR_INTERVAL,GROUP
2022-09-01T07:00:00-00:00,2022-09-01T07:15:00-00:00,2022-09-01,01,ALAMT3G_7_B1,ALAMT3G_7_B1,ALAMT3G_7_B1,RTPD,LMP,LMP_PRC,ALAMT3G_7_B1,ALL,1,161.1581,1,1
2022-09-01T08:00:00-00:00,2022-09-01T08:15:00-00:00,2022-09-01,02,ALAMT3G_7_B1,ALAMT3G_7_B1,ALAMT3G_7_B1,RTPD,LMP,LMP_PRC,ALAMT3G_7_B1,ALL,1,118.73607,1,1
2022-09-01T09:00:00-00:00,2022-09-01T09:15:00-00:00,2022-09-01,03,ALAMT3G_7_B1,ALAMT3G_7_B1,ALAMT3G_7_B1,RTPD,LMP,LMP_PRC,ALAMT3G_7_B1,ALL,1,114.37318,1,1
2022-09-01T10:00:00-00:00,2022-09-01T10:15:00-00:00,2022-09-01,04,ALAMT3G_7_B1,ALAMT3G_7_B1,ALAMT3G_7_B1,RTPD,LMP,LMP_PRC,ALAMT3G_7_B1,ALL,1,112.82356,1,1
2022-09-01T11:00:00-00:00,2022-09-01T11:15:00-00:00,2022-09-01,05,ALAMT3G_7_B1,ALAMT3G_7_B1,ALAMT3G_7_B1,RTPD,LMP,LMP_PRC,ALAMT3G_7_B1,ALL,1,112.93827,1,1
2022-09-01T12:00:00-00:00,2022-09-01T12:15:00-00:00,2022-09-01,06,ALAMT3G_7_B1,ALAMT3G_7_B1,ALAMT3G_7_B1,RTPD,LMP,LMP_PRC,ALAMT3G_7_B1,ALL,1,116.16497,1,1
2022-09-01T13:00:00-00:00,2022-09-01T13:15:00-00:00,2022-09-01,07,ALAMT3G_7_B1,ALAMT3G_7_B1,ALAMT3G_7_B1,RTPD,LMP,LMP_PRC,ALAMT3G_7_B1,ALL,1,115.28328,1,1
2022-09-01T14:00:00-00:00,2022-09-01T14:15:00-00:00,2022-09-01,08,ALAMT3G_7_B1,ALAMT3G_7_B1,ALAMT3G_7_B1,RTPD,LMP,LMP_PRC,ALAMT3G_7_B1,ALL,1,131.21938,1,1
2022-09-01T15:00:00-00:00,2022-09-01T15:15:00-00:00,2022-09-01,09,ALAMT3G_7_B1,ALAMT3G_7_B1,ALAMT3G_7_B1,RTPD,LMP,LMP_PRC,ALAMT3G_7_B1,ALL,1,127.77516,1,1
2022-09-01T16:00:00-00:00,2022-09-01T16:15:00-00:00,2022-09-01,10,ALAMT3G_7_B1,ALAMT3G_7_B1,ALAMT3G_7_B1,RTPD,LMP,LMP_PRC,ALAMT3G_7_B1,ALL,1,105.83833,1,1
2022-09-01T17:00:00-00:00,2022-09-01T17:15:00-00:00,2022-09-01,11,ALAMT3G_7_B1,ALAMT3G_7_B1,ALAMT3G_7_B1,RTPD,LMP,LMP_PRC,ALAMT3G_7_B1,ALL,1,133.11372,1,1
2022-09-01T18:00:00-00:00,2022-09-01T18:15:00-00:00,2022-09-01,12,ALAMT3G_7_B1,ALAMT3G_7_B1,ALAMT3G_7_B1,RTPD,LMP,LMP_PRC,ALAMT3G_7_B1,ALL,1,142.30052,1,1
2022-09-01T19:00:00-00:00,2022-09-01T19:15:00-00:00,2022-09-01,13,ALAMT3G_7_B1,ALAMT3G_7_B1,ALAMT3G_7_B1,RTPD,LMP,LMP_PRC,ALAMT3G_7_B1,ALL,1,177.54594,1,1
2022-09-01T20:00:00-00:00,2022-09-01T20:15:00-00:00,2022-09-01,14,ALAMT3G_7_B1,ALAMT3G_7_B1,ALAMT3G_7_B1,RTPD,LMP,LMP_PRC,ALAMT3G_7_B1,ALL,1,121.22111,1,1
2022-09-01T21:00:00-00:00,2022-09-01T21:15:00-00:00,2022-09-01,15,ALAMT3G_7_B1,ALAMT3G_7_B1,ALAMT3G_7_B1,RTPD,LMP,LMP_PRC,ALAMT3G_7_B1,ALL,1,444.1172,1,1
2022-09-01T22:00:00-00:00,2022-09-01T22:15:00-00:00,2022-09-01,16,ALAMT3G_7_B1,ALAMT3G_7_B1,ALAMT3G_7_B1,RTPD,LMP,LMP_PRC,ALAMT3G_7_B1,ALL,1,421.43417,1,1
2022-09-01T23:00:00-00:00,2022-09-01T23:15:00-00:00,2022-09-01,17,ALAMT3G_7_B1,ALAMT3G_7_B1,ALAMT3G_7_B1,RTPD,LMP,LMP_PRC,ALAMT3G_7_B1,ALL,1,764.9173,1,1
2022-09-02T00:00:00-00:00,2022-09-02T00:15:00-00:00,2022-09-01,18,ALAMT3G_7_B1,ALAMT3G_7_B1,ALAMT3G_7_B1,RTPD,LMP,LMP_PRC,ALAMT3G_7_B1,ALL,1,1053.5249,1,1
2022-09-02T01:00:00-00:00,2022-09-02T01:15:00-00:00,2022-09-01,19,ALAMT3G_7_B1,ALAMT3G_7_B1,ALAMT3G_7_B1,RTPD,LMP,LMP_PRC,ALAMT3G_7_B1,ALL,1,1118.3542,1,1
2022-09-02T02:00:00-00:00,2022-09-02T02:15:00-00:00,2022-09-01,20,ALAMT3G_7_B1,ALAMT3G_7_B1,ALAMT3G_7_B1,RTPD,LMP,LMP_PRC,ALAMT3G_7_B1,ALL,1,2046.8237,1,1
2022-09-02T03:00:00-00:00,2022-09-02T03:15:00-00:00,2022-09-01,21,ALAMT3G_7_B1,ALAMT3G_7_B1,ALAMT3G_7_B1,RTPD,LMP,LMP_PRC,ALAMT3G_7_B1,ALL,1,1324.7639,1,1
2022-09-02T04:00:00-00:00,2022-09-02T04:15:00-00:00,2022-09-01,22,ALAMT3G_7_B1,ALAMT3G_7_B1,ALAMT3G_7_B1,RTPD,LMP,LMP_PRC,ALAMT3G_7_B1,ALL,1,230.6018,1,1
2022-09-02T05:00:00-00:00,2022-09-02T05:15:00-00:00,2022-09-01,23,ALAMT3G_7_B1,ALAMT3G_7_B1,ALAMT3G_7_B1,RTPD,LMP,LMP_PRC,ALAMT3G_7_B1,ALL,1,217.4857,1,1
2022-09-02T06:00:00-00:00,2022-09-02T06:15:00-00:00,2022-09-01,24,ALAMT3G_7_B1,ALAMT3G_7_B1,ALAMT3G_7_B1,RTPD,LMP,LMP_PRC,ALAMT3G_7_B1,ALL,1,172.29514,1,1
2022-09-01T07:15:00-00:00,2022-09-01T07:30:00-00:00,2022-09-01,01,ALAMT3G_7_B1,ALAMT3G_7_B1,ALAMT3G_7_B1,RTPD,LMP,LMP_PRC,ALAMT3G_7_B1,ALL,1,134.97202,2,1
2022-09-01T08:15:00-00:00,2022-09-01T08:30:00-00:00,2022-09-01,02,ALAMT3G_7_B1,ALAMT3G_7_B1,ALAMT3G_7_B1,RTPD,LMP,LMP_PRC,ALAMT3G_7_B1,ALL,1,116.40163,2,1
2022-09-01T09:15:00-00:00,2022-09-01T09:30:00-00:00,2022-09-01,03,ALAMT3G_7_B1,ALAMT3G_7_B1,ALAMT3G_7_B1,RTPD,LMP,LMP_PRC,ALAMT3G_7_B1,ALL,1,114.08701,2,1
2022-09-01T10:15:00-00:00,2022-09-01T10:30:00-00:00,2022-09-01,04,ALAMT3G_7_B1,ALAMT3G_7_B1,ALAMT3G_7_B1,RTPD,LMP,LMP_PRC,ALAMT3G_7_B1,ALL,1,112.88396,2,1
2022-09-01T11:15:00-00:00,2022-09-01T11:30:00-00:00,2022-09-01,05,ALAMT3G_7_B1,ALAMT3G_7_B1,ALAMT3G_7_B1,RTPD,LMP,LMP_PRC,ALAMT3G_7_B1,ALL,1,113.5749,2,1
2022-09-01T12:15:00-00:00,2022-09-01T12:30:00-00:00,2022-09-01,06,ALAMT3G_7_B1,ALAMT3G_7_B1,ALAMT3G_7_B1,RTPD,LMP,LMP_PRC,ALAMT3G_7_B1,ALL,1,126.18638,2,1
2022-09-01T13:15:00-00:00,2022-09-01T13:30:00-00:00,2022-09-01,07,ALAMT3G_7_B1,ALAMT3G_7_B1,ALAMT3G_7_B1,RTPD,LMP,LMP_PRC,ALAMT3G_7_B1,ALL,1,122.45458,2,1
2022-09-01T14:15:00-00:00,2022-09-01T14:30:00-00:00,2022-09-01,08,ALAMT3G_7_B1,ALAMT3G_7_B1,ALAMT3G_7_B1,RTPD,LMP,LMP_PRC,ALAMT3G_7_B1,ALL,1,127.28224,2,1
2022-09-01T15:15:00-00:00,2022-09-01T15:30:00-00:00,2022-09-01,09,ALAMT3G_7_B1,ALAMT3G_7_B1,ALAMT3G_7_B1,RTPD,LMP,LMP_PRC,ALAMT3G_7_B1,ALL,1,119.03214,2,1
2022-09-01T16:15:00-00:00,2022-09-01T16:30:00-00:00,2022-09-01,10,ALAMT3G_7_B1,ALAMT3G_7_B1,ALAMT3G_7_B1,RTPD,LMP,LMP_PRC,ALAMT3G_7_B1,ALL,1,112.17247,2,1
2022-09-01T17:15:00-00:00,2022-09-01T17:30:00-00:00,2022-09-01,11,ALAMT3G_7_B1,ALAMT3G_7_B1,ALAMT3G_7_B1,RTPD,LMP,LMP_PRC,ALAMT3G_7_B1,ALL,1,139.60379,2,1
2022-09-01T18:15:00-00:00,2022-09-01T18:30:00-00:00,2022-09-01,12,ALAMT3G_7_B1,ALAMT3G_7_B1,ALAMT3G_7_B1,RTPD,LMP,LMP_PRC,ALAMT3G_7_B1,ALL,1,149.81822,2,1
2022-09-01T19:15:00-00:00,2022-09-01T19:30:00-00:00,2022-09-01,13,ALAMT3G_7_B1,ALAMT3G_7_B1,ALAMT3G_7_B1,RTPD,LMP,LMP_PRC,ALAMT3G_7_B1,ALL,1,151.97958,2,1
2022-09-01T20:15:00-00:00,2022-09-01T20:30:00-00:00,2022-09-01,14,ALAMT3G_7_B1,ALAMT3G_7_B1,ALAMT3G_7_B1,RTPD,LMP,LMP_PRC,ALAMT3G_7_B1,ALL,1,120.23428,2,1
2022-09-01T21:15:00-00:00,2022-09-01T21:30:00-00:00,2022-09-01,15,ALAMT3G_7_B1,ALAMT3G_7_B1,ALAMT3G_7_B1,RTPD,LMP,LMP_PRC,ALAMT3G_7_B1,ALL,1,200.96964,2,1
2022-09-01T22:15:00-00:00,2022-09-01T22:30:00-00:00,2022-09-01,16,ALAMT3G_7_B1,ALAMT3G_7_B1,ALAMT3G_7_B1,RTPD,LMP,LMP_PRC,ALAMT3G_7_B1,ALL,1,465.31747,2,1
2022-09-01T23:15:00-00:00,2022-09-01T23:30:00-00:00,2022-09-01,17,ALAMT3G_7_B1,ALAMT3G_7_B1,ALAMT3G_7_B1,RTPD,LMP,LMP_PRC,ALAMT3G_7_B1,ALL,1,656.14764,2,1
2022-09-02T00:15:00-00:00,2022-09-02T00:30:00-00:00,2022-09-01,18,ALAMT3G_7_B1,ALAMT3G_7_B1,ALAMT3G_7_B1,RTPD,LMP,LMP_PRC,ALAMT3G_7_B1,ALL,1,1024.9861,2,1
2022-09-02T01:15:00-00:00,2022-09-02T01:30:00-00:00,2022-09-01,19,ALAMT3G_7_B1,ALAMT3G_7_B1,ALAMT3G_7_B1,RTPD,LMP,LMP_PRC,ALAMT3G_7_B1,ALL,1,2073.9934,2,1
2022-09-02T02:15:00-00:00,2022-09-02T02:30:00-00:00,2022-09-01,20,ALAMT3G_7_B1,ALAMT3G_7_B1,ALAMT3G_7_B1,RTPD,LMP,LMP_PRC,ALAMT3G_7_B1,ALL,1,1991.6721,2,1
2022-09-02T03:15:00-00:00,2022-09-02T03:30:00-00:00,2022-09-01,21,ALAMT3G_7_B1,ALAMT3G_7_B1,ALAMT3G_7_B1,RTPD,LMP,LMP_PRC,ALAMT3G_7_B1,ALL,1,549.8053,2,1
2022-09-02T04:15:00-00:00,2022-09-02T04:30:00-00:00,2022-09-01,22,ALAMT3G_7_B1,ALAMT3G_7_B1,ALAMT3G_7_B1,RTPD,LMP,LMP_PRC,ALAMT3G_7_B1,ALL,1,191.65573,2,1
2022-09-02T05:15:00-00:00,2022-09-02T05:30:00-00:00,2022-09-01,23,ALAMT3G_7_B1,ALAMT3G_7_B1,ALAMT3G_7_B1,RTPD,LMP,LMP_PRC,ALAMT3G_7_B1,ALL,1,189.83481,2,1
2022-09-02T06:15:00-00:00,2022-09-02T06:30:00-00:00,2022-09-01,24,ALAMT3G_7_B1,ALAMT3G_7_B1,ALAMT3G_7_B1,RTPD,LMP,LMP_PRC,ALAMT3G_7_B1,ALL,1,162.98695,2,1
2022-09-01T07:30:00-00:00,2022-09-01T07:45:00-00:00,2022-09-01,01,ALAMT3G_7_B1,ALAMT3G_7_B1,ALAMT3G_7_B1,RTPD,LMP,LMP_PRC,ALAMT3G_7_B1,ALL,1,134.40385,3,1
2022-09-01T08:30:00-00:00,2022-09-01T08:45:00-00:00,2022-09-01,02,ALAMT3G_7_B1,ALAMT3G_7_B1,ALAMT3G_7_B1,RTPD,LMP,LMP_PRC,ALAMT3G_7_B1,ALL,1,122.39114,3,1
2022-09-01T09:30:00-00:00,2022-09-01T09:45:00-00:00,2022-09-01,03,ALAMT3G_7_B1,ALAMT3G_7_B1,ALAMT3G_7_B1,RTPD,LMP,LMP_PRC,ALAMT3G_7_B1,ALL,1,113.65621,3,1
2022-09-01T10:30:00-00:00,2022-09-01T10:45:00-00:00,2022-09-01,04,ALAMT3G_7_B1,ALAMT3G_7_B1,ALAMT3G_7_B1,RTPD,LMP,LMP_PRC,ALAMT3G_7_B1,ALL,1,109.84099,3,1
2022-09-01T11:30:00-00:00,2022-09-01T11:45:00-00:00,2022-09-01,05,ALAMT3G_7_B1,ALAMT3G_7_B1,ALAMT3G_7_B1,RTPD,LMP,LMP_PRC,ALAMT3G_7_B1,ALL,1,113.54338,3,1
2022-09-01T12:30:00-00:00,2022-09-01T12:45:00-00:00,2022-09-01,06,ALAMT3G_7_B1,ALAMT3G_7_B1,ALAMT3G_7_B1,RTPD,LMP,LMP_PRC,ALAMT3G_7_B1,ALL,1,134.79765,3,1
2022-09-01T13:30:00-00:00,2022-09-01T13:45:00-00:00,2022-09-01,07,ALAMT3G_7_B1,ALAMT3G_7_B1,ALAMT3G_7_B1,RTPD,LMP,LMP_PRC,ALAMT3G_7_B1,ALL,1,123.50273,3,1
2022-09-01T14:30:00-00:00,2022-09-01T14:45:00-00:00,2022-09-01,08,ALAMT3G_7_B1,ALAMT3G_7_B1,ALAMT3G_7_B1,RTPD,LMP,LMP_PRC,ALAMT3G_7_B1,ALL,1,119.78322,3,1
2022-09-01T15:30:00-00:00,2022-09-01T15:45:00-00:00,2022-09-01,09,ALAMT3G_7_B1,ALAMT3G_7_B1,ALAMT3G_7_B1,RTPD,LMP,LMP_PRC,ALAMT3G_7_B1,ALL,1,127.09862,3,1
2022-09-01T16:30:00-00:00,2022-09-01T16:45:00-00:00,2022-09-01,10,ALAMT3G_7_B1,ALAMT3G_7_B1,ALAMT3G_7_B1,RTPD,LMP,LMP_PRC,ALAMT3G_7_B1,ALL,1,119.60172,3,1
2022-09-01T17:30:00-00:00,2022-09-01T17:45:00-00:00,2022-09-01,11,ALAMT3G_7_B1,ALAMT3G_7_B1,ALAMT3G_7_B1,RTPD,LMP,LMP_PRC,ALAMT3G_7_B1,ALL,1,136.88232,3,1
2022-09-01T18:30:00-00:00,2022-09-01T18:45:00-00:00,2022-09-01,12,ALAMT3G_7_B1,ALAMT3G_7_B1,ALAMT3G_7_B1,RTPD,LMP,LMP_PRC,ALAMT3G_7_B1,ALL,1,156.54709,3,1
2022-09-01T19:30:00-00:00,2022-09-01T19:45:00-00:00,2022-09-01,13,ALAMT3G_7_B1,ALAMT3G_7_B1,ALAMT3G_7_B1,RTPD,LMP,LMP_PRC,ALAMT3G_7_B1,ALL,1,145.79321,3,1
2022-09-01T20:30:00-00:00,2022-09-01T20:45:00-00:00,2022-09-01,14,ALAMT3G_7_B1,ALAMT3G_7_B1,ALAMT3G_7_B1,RTPD,LMP,LMP_PRC,ALAMT3G_7_B1,ALL,1,141.05202,3,1
2022-09-01T21:30:00-00:00,2022-09-01T21:45:00-00:00,2022-09-01,15,ALAMT3G_7_B1,ALAMT3G_7_B1,ALAMT3G_7_B1,RTPD,LMP,LMP_PRC,ALAMT3G_7_B1,ALL,1,209.8756,3,1
2022-09-01T22:30:00-00:00,2022-09-01T22:45:00-00:00,2022-09-01,16,ALAMT3G_7_B1,ALAMT3G_7_B1,ALAMT3G_7_B1,RTPD,LMP,LMP_PRC,ALAMT3G_7_B1,ALL,1,522.25714,3,1
2022-09-01T23:30:00-00:00,2022-09-01T23:45:00-00:00,2022-09-01,17,ALAMT3G_7_B1,ALAMT3G_7_B1,ALAMT3G_7_B1,RTPD,LMP,LMP_PRC,ALAMT3G_7_B1,ALL,1,766.9393,3,1
2022-09-02T00:30:00-00:00,2022-09-02T00:45:00-00:00,2022-09-01,18,ALAMT3G_7_B1,ALAMT3G_7_B1,ALAMT3G_7_B1,RTPD,LMP,LMP_PRC,ALAMT3G_7_B1,ALL,1,1673.3601,3,1
2022-09-02T01:30:00-00:00,2022-09-02T01:45:00-00:00,2022-09-01,19,ALAMT3G_7_B1,ALAMT3G_7_B1,ALAMT3G_7_B1,RTPD,LMP,LMP_PRC,ALAMT3G_7_B1,ALL,1,2014.3666,3,1
2022-09-02T02:30:00-00:00,2022-09-02T02:45:00-00:00,2022-09-01,20,ALAMT3G_7_B1,ALAMT3G_7_B1,ALAMT3G_7_B1,RTPD,LMP,LMP_PRC,ALAMT3G_7_B1,ALL,1,1991.671,3,1
2022-09-02T03:30:00-00:00,2022-09-02T03:45:00-00:00,2022-09-01,21,ALAMT3G_7_B1,ALAMT3G_7_B1,ALAMT3G_7_B1,RTPD,LMP,LMP_PRC,ALAMT3G_7_B1,ALL,1,230.45837,3,1
2022-09-02T04:30:00-00:00,2022-09-02T04:45:00-00:00,2022-09-01,22,ALAMT3G_7_B1,ALAMT3G_7_B1,ALAMT3G_7_B1,RTPD,LMP,LMP_PRC,ALAMT3G_7_B1,ALL,1,176.18994,3,1
2022-09-02T05:30:00-00:00,2022-09-02T05:45:00-00:00,2022-09-01,23,ALAMT3G_7_B1,ALAMT3G_7_B1,ALAMT3G_7_B1,RTPD,LMP,LMP_PRC,ALAMT3G_7_B1,ALL,1,160.15504,3,1
2022-09-02T06:30:00-00:00,2022-09-02T06:45:00-00:00,2022-09-01,24,ALAMT3G_7_B1,ALAMT3G_7_B1,ALAMT3G_7_B1,RTPD,LMP,LMP_PRC,ALAMT3G_7_B1,ALL,1,156.13368,3,1
2022-09-01T07:45:00-00:00,2022-09-01T08:00:00-00:00,2022-09-01,01,ALAMT3G_7_B1,ALAMT3G_7_B1,ALAMT3G_7_B1,RTPD,LMP,LMP_PRC,ALAMT3G_7_B1,ALL,1,126.68412,4,1
2022-09-01T08:45:00-00:00,2022-09-01T09:00:00-00:00,2022-09-01,02,ALAMT3G_7_B1,ALAMT3G_7_B1,ALAMT3G_7_B1,RTPD,LMP,LMP_PRC,ALAMT3G_7_B1,ALL,1,113.53844,4,1
2022-09-01T09:45:00-00:00,2022-09-01T10:00:00-00:00,2022-09-01,03,ALAMT3G_7_B1,ALAMT3G_7_B1,ALAMT3G_7_B1,RTPD,LMP,LMP_PRC,ALAMT3G_7_B1,ALL,1,112.53385,4,1
2022-09-01T10:45:00-00:00,2022-09-01T11:00:00-00:00,2022-09-01,04,ALAMT3G_7_B1,ALAMT3G_7_B1,ALAMT3G_7_B1,RTPD,LMP,LMP_PRC,ALAMT3G_7_B1,ALL,1,106.23945,4,1
2022-09-01T11:45:00-00:00,2022-09-01T12:00:00-00:00,2022-09-01,05,ALAMT3G_7_B1,ALAMT3G_7_B1,ALAMT3G_7_B1,RTPD,LMP,LMP_PRC,ALAMT3G_7_B1,ALL,1,107.01,4,1
2022-09-01T12:45:00-00:00,2022-09-01T13:00:00-00:00,2022-09-01,06,ALAMT3G_7_B1,ALAMT3G_7_B1,ALAMT3G_7_B1,RTPD,LMP,LMP_PRC,ALAMT3G_7_B1,ALL,1,118.84544,4,1
2022-09-01T13:45:00-00:00,2022-09-01T14:00:00-00:00,2022-09-01,07,ALAMT3G_7_B1,ALAMT3G_7_B1,ALAMT3G_7_B1,RTPD,LMP,LMP_PRC,ALAMT3G_7_B1,ALL,1,116.635,4,1
2022-09-01T14:45:00-00:00,2022-09-01T15:00:00-00:00,2022-09-01,08,ALAMT3G_7_B1,ALAMT3G_7_B1,ALAMT3G_7_B1,RTPD,LMP,LMP_PRC,ALAMT3G_7_B1,ALL,1,99.43084,4,1
2022-09-01T15:45:00-00:00,2022-09-01T16:00:00-00:00,2022-09-01,09,ALAMT3G_7_B1,ALAMT3G_7_B1,ALAMT3G_7_B1,RTPD,LMP,LMP_PRC,ALAMT3G_7_B1,ALL,1,99.30826,4,1
2022-09-01T16:45:00-00:00,2022-09-01T17:00:00-00:00,2022-09-01,10,ALAMT3G_7_B1,ALAMT3G_7_B1,ALAMT3G_7_B1,RTPD,LMP,LMP_PRC,ALAMT3G_7_B1,ALL,1,120.60734,4,1
2022-09-01T17:45:00-00:00,2022-09-01T18:00:00-00:00,2022-09-01,11,ALAMT3G_7_B1,ALAMT3G_7_B1,ALAMT3G_7_B1,RTPD,LMP,LMP_PRC,ALAMT3G_7_B1,ALL,1,137.58093,4,1
2022-09-01T18:45:00-00:00,2022-09-01T19:00:00-00:00,2022-09-01,12,ALAMT3G_7_B1,ALAMT3G_7_B1,ALAMT3G_7_B1,RTPD,LMP,LMP_PRC,ALAMT3G_7_B1,ALL,1,160.38441,4,1
2022-09-01T19:45:00-00:00,2022-09-01T20:00:00-00:00,2022-09-01,13,ALAMT3G_7_B1,ALAMT3G_7_B1,ALAMT3G_7_B1,RTPD,LMP,LMP_PRC,ALAMT3G_7_B1,ALL,1,153.77953,4,1
2022-09-01T20:45:00-00:00,2022-09-01T21:00:00-00:00,2022-09-01,14,ALAMT3G_7_B1,ALAMT3G_7_B1,ALAMT3G_7_B1,RTPD,LMP,LMP_PRC,ALAMT3G_7_B1,ALL,1,207.10797,4,1
2022-09-01T21:45:00-00:00,2022-09-01T22:00:00-00:00,2022-09-01,15,ALAMT3G_7_B1,ALAMT3G_7_B1,ALAMT3G_7_B1,RTPD,LMP,LMP_PRC,ALAMT3G_7_B1,ALL,1,506.7696,4,1
2022-09-01T22:45:00-00:00,2022-09-01T23:00:00-00:00,2022-09-01,16,ALAMT3G_7_B1,ALAMT3G_7_B1,ALAMT3G_7_B1,RTPD,LMP,LMP_PRC,ALAMT3G_7_B1,ALL,1,865.9597,4,1
2022-09-01T23:45:00-00:00,2022-09-02T00:00:00-00:00,2022-09-01,17,ALAMT3G_7_B1,ALAMT3G_7_B1,ALAMT3G_7_B1,RTPD,LMP,LMP_PRC,ALAMT3G_7_B1,ALL,1,1595.7472,4,1
2022-09-02T00:45:00-00:00,2022-09-02T01:00:00-00:00,2022-09-01,18,ALAMT3G_7_B1,ALAMT3G_7_B1,ALAMT3G_7_B1,RTPD,LMP,LMP_PRC,ALAMT3G_7_B1,ALL,1,1830.5062,4,1
2022-09-02T01:45:00-00:00,2022-09-02T02:00:00-00:00,2022-09-01,19,ALAMT3G_7_B1,ALAMT3G_7_B1,ALAMT3G_7_B1,RTPD,LMP,LMP_PRC,ALAMT3G_7_B1,ALL,1,1991.9337,4,1
2022-09-02T02:45:00-00:00,2022-09-02T03:00:00-00:00,2022-09-01,20,ALAMT3G_7_B1,ALAMT3G_7_B1,ALAMT3G_7_B1,RTPD,LMP,LMP_PRC,ALAMT3G_7_B1,ALL,1,2094.7031,4,1
2022-09-02T03:45:00-00:00,2022-09-02T04:00:00-00:00,2022-09-01,21,ALAMT3G_7_B1,ALAMT3G_7_B1,ALAMT3G_7_B1,RTPD,LMP,LMP_PRC,ALAMT3G_7_B1,ALL,1,173.00684,4,1
2022-09-02T04:45:00-00:00,2022-09-02T05:00:00-00:00,2022-09-01,22,ALAMT3G_7_B1,ALAMT3G_7_B1,ALAMT3G_7_B1,RTPD,LMP,LMP_PRC,ALAMT3G_7_B1,ALL,1,153.50769,4,1
2022-09-02T05:45:00-00:00,2022-09-02T06:00:00-00:00,2022-09-01,23,ALAMT3G_7_B1,ALAMT3G_7_B1,ALAMT3G_7_B1,RTPD,LMP,LMP_PRC,ALAMT3G_7_B1,ALL,1,139.65051,4,1
2022-09-02T06:45:00-00:00,2022-09-02T07:00:00-00:00,2022-09-01,24,ALAMT3G_7_B1,ALAMT3G_7_B1,ALAMT3G_7_B1,RTPD,LMP,LMP_PRC,ALAMT3G_7_B1,ALL,1,128.75294,4,1
2022-09-01T07:00:00-00:00,2022-09-01T07:15:00-00:00,2022-09-01,01,ALAMT3G_7_B1,ALAMT3G_7_B1,ALAMT3G_7_B1,RTPD,MCC,LMP_CONG_PRC,ALAMT3G_7_B1,ALL,1,54.35921,1,2
2022-09-01T08:00:00-00:00,2022-09-01T08:15:00-00:00,2022-09-01,02,ALAMT3G_7_B1,ALAMT3G_7_B1,ALAMT3G_7_B1,RTPD,MCC,LMP_CONG_PRC,ALAMT3G_7_B1,ALL,1,3.18727,1,2
2022-09-01T09:00:00-00:00,2022-09-01T09:15:00-00:00,2022-09-01,03,ALAMT3G_7_B1,ALAMT3G_7_B1,ALAMT3G_7_B1,RTPD,MCC,LMP_CONG_PRC,ALAMT3G_7_B1,ALL,1,4.27059,1,2
2022-09-01T10:00:00-00:00,2022-09-01T10:15:00-00:00,2022-09-01,04,ALAMT3G_7_B1,ALAMT3G_7_B1,ALAMT3G_7_B1,RTPD,MCC,LMP_CONG_PRC,ALAMT3G_7_B1,ALL,1,3.75485,1,2
2022-09-01T11:00:00-00:00,2022-09-01T11:15:00-00:00,2022-09-01,05,ALAMT3G_7_B1,ALAMT3G_7_B1,ALAMT3G_7_B1,RTPD,MCC,LMP_CONG_PRC,ALAMT3G_7_B1,ALL,1,0,1,2
2022-09-01T12:00:00-00:00,2022-09-01T12:15:00-00:00,2022-09-01,06,ALAMT3G_7_B1,ALAMT3G_7_B1,ALAMT3G_7_B1,RTPD,MCC,LMP_CONG_PRC,ALAMT3G_7_B1,ALL,1,9.87578,1,2
2022-09-01T13:00:00-00:00,2022-09-01T13:15:00-00:00,2022-09-01,07,ALAMT3G_7_B1,ALAMT3G_7_B1,ALAMT3G_7_B1,RTPD,MCC,LMP_CONG_PRC,ALAMT3G_7_B1,ALL,1,13.47451,1,2
2022-09-01T14:00:00-00:00,2022-09-01T14:15:00-00:00,2022-09-01,08,ALAMT3G_7_B1,ALAMT3G_7_B1,ALAMT3G_7_B1,RTPD,MCC,LMP_CONG_PRC,ALAMT3G_7_B1,ALL,1,11.25155,1,2
2022-09-01T15:00:00-00:00,2022-09-01T15:15:00-00:00,2022-09-01,09,ALAMT3G_7_B1,ALAMT3G_7_B1,ALAMT3G_7_B1,RTPD,MCC,LMP_CONG_PRC,ALAMT3G_7_B1,ALL,1,30.36396,1,2
2022-09-01T16:00:00-00:00,2022-09-01T16:15:00-00:00,2022-09-01,10,ALAMT3G_7_B1,ALAMT3G_7_B1,ALAMT3G_7_B1,RTPD,MCC,LMP_CONG_PRC,ALAMT3G_7_B1,ALL,1,22.40308,1,2
2022-09-01T17:00:00-00:00,2022-09-01T17:15:00-00:00,2022-09-01,11,ALAMT3G_7_B1,ALAMT3G_7_B1,ALAMT3G_7_B1,RTPD,MCC,LMP_CONG_PRC,ALAMT3G_7_B1,ALL,1,36.16475,1,2
2022-09-01T18:00:00-00:00,2022-09-01T18:15:00-00:00,2022-09-01,12,ALAMT3G_7_B1,ALAMT3G_7_B1,ALAMT3G_7_B1,RTPD,MCC,LMP_CONG_PRC,ALAMT3G_7_B1,ALL,1,50.70761,1,2
2022-09-01T19:00:00-00:00,2022-09-01T19:15:00-00:00,2022-09-01,13,ALAMT3G_7_B1,ALAMT3G_7_B1,ALAMT3G_7_B1,RTPD,MCC,LMP_CONG_PRC,ALAMT3G_7_B1,ALL,1,68.34958,1,2
2022-09-01T20:00:00-00:00,2022-09-01T20:15:00-00:00,2022-09-01,14,ALAMT3G_7_B1,ALAMT3G_7_B1,ALAMT3G_7_B1,RTPD,MCC,LMP_CONG_PRC,ALAMT3G_7_B1,ALL,1,3.27752,1,2
2022-09-01T21:00:00-00:00,2022-09-01T21:15:00-00:00,2022-09-01,15,ALAMT3G_7_B1,ALAMT3G_7_B1,ALAMT3G_7_B1,RTPD,MCC,LMP_CONG_PRC,ALAMT3G_7_B1,ALL,1,217.5022,1,2
2022-09-01T22:00:00-00:00,2022-09-01T22:15:00-00:00,2022-09-01,16,ALAMT3G_7_B1,ALAMT3G_7_B1,ALAMT3G_7_B1,RTPD,MCC,LMP_CONG_PRC,ALAMT3G_7_B1,ALL,1,192.24867,1,2
2022-09-01T23:00:00-00:00,2022-09-01T23:15:00-00:00,2022-09-01,17,ALAMT3G_7_B1,ALAMT3G_7_B1,ALAMT3G_7_B1,RTPD,MCC,LMP_CONG_PRC,ALAMT3G_7_B1,ALL,1,378.1636,1,2
2022-09-02T00:00:00-00:00,2022-09-02T00:15:00-00:00,2022-09-01,18,ALAMT3G_7_B1,ALAMT3G_7_B1,ALAMT3G_7_B1,RTPD,MCC,LMP_CONG_PRC,ALAMT3G_7_B1,ALL,1,196.86954,1,2
2022-09-02T01:00:00-00:00,2022-09-02T01:15:00-00:00,2022-09-01,19,ALAMT3G_7_B1,ALAMT3G_7_B1,ALAMT3G_7_B1,RTPD,MCC,LMP_CONG_PRC,ALAMT3G_7_B1,ALL,1,202.08298,1,2
2022-09-02T02:00:00-00:00,2022-09-02T02:15:00-00:00,2022-09-01,20,ALAMT3G_7_B1,ALAMT3G_7_B1,ALAMT3G_7_B1,RTPD,MCC,LMP_CONG_PRC,ALAMT3G_7_B1,ALL,1,55.15155,1,2
2022-09-02T03:00:00-00:00,2022-09-02T03:15:00-00:00,2022-09-01,21,ALAMT3G_7_B1,ALAMT3G_7_B1,ALAMT3G_7_B1,RTPD,MCC,LMP_CONG_PRC,ALAMT3G_7_B1,ALL,1,332.06573,1,2
2022-09-02T04:00:00-00:00,2022-09-02T04:15:00-00:00,2022-09-01,22,ALAMT3G_7_B1,ALAMT3G_7_B1,ALAMT3G_7_B1,RTPD,MCC,LMP_CONG_PRC,ALAMT3G_7_B1,ALL,1,-50.84545,1,2
2022-09-02T05:00:00-00:00,2022-09-02T05:15:00-00:00,2022-09-01,23,ALAMT3G_7_B1,ALAMT3G_7_B1,ALAMT3G_7_B1,RTPD,MCC,LMP_CONG_PRC,ALAMT3G_7_B1,ALL,1,20.69722,1,2
2022-09-02T06:00:00-00:00,2022-09-02T06:15:00-00:00,2022-09-01,24,ALAMT3G_7_B1,ALAMT3G_7_B1,ALAMT3G_7_B1,RTPD,MCC,LMP_CONG_PRC,ALAMT3G_7_B1,ALL,1,0.28984,1,2
2022-09-01T07:15:00-00:00,2022-09-01T07:30:00-00:00,2022-09-01,01,ALAMT3G_7_B1,ALAMT3G_7_B1,ALAMT3G_7_B1,RTPD,MCC,LMP_CONG_PRC,ALAMT3G_7_B1,ALL,1,9.42058,2,2
2022-09-01T08:15:00-00:00,2022-09-01T08:30:00-00:00,2022-09-01,02,ALAMT3G_7_B1,ALAMT3G_7_B1,ALAMT3G_7_B1,RTPD,MCC,LMP_CONG_PRC,ALAMT3G_7_B1,ALL,1,0.86998,2,2
2022-09-01T09:15:00-00:00,2022-09-01T09:30:00-00:00,2022-09-01,03,ALAMT3G_7_B1,ALAMT3G_7_B1,ALAMT3G_7_B1,RTPD,MCC,LMP_CONG_PRC,ALAMT3G_7_B1,ALL,1,5.62663,2,2
2022-09-01T10:15:00-00:00,2022-09-01T10:30:00-00:00,2022-09-01,04,ALAMT3G_7_B1,ALAMT3G_7_B1,ALAMT3G_7_B1,RTPD,MCC,LMP_CONG_PRC,ALAMT3G_7_B1,ALL,1,5.31308,2,2
2022-09-01T11:15:00-00:00,2022-09-01T11:30:00-00:00,2022-09-01,05,ALAMT3G_7_B1,ALAMT3G_7_B1,ALAMT3G_7_B1,RTPD,MCC,LMP_CONG_PRC,ALAMT3G_7_B1,ALL,1,0,2,2
2022-09-01T12:15:00-00:00,2022-09-01T12:30:00-00:00,2022-09-01,06,ALAMT3G_7_B1,ALAMT3G_7_B1,ALAMT3G_7_B1,RTPD,MCC,LMP_CONG_PRC,ALAMT3G_7_B1,ALL,1,6.05239,2,2
2022-09-01T13:15:00-00:00,2022-09-01T13:30:00-00:00,2022-09-01,07,ALAMT3G_7_B1,ALAMT3G_7_B1,ALAMT3G_7_B1,RTPD,MCC,LMP_CONG_PRC,ALAMT3G_7_B1,ALL,1,0.57824,2,2
2022-09-01T14:15:00-00:00,2022-09-01T14:30:00-00:00,2022-09-01,08,ALAMT3G_7_B1,ALAMT3G_7_B1,ALAMT3G_7_B1,RTPD,MCC,LMP_CONG_PRC,ALAMT3G_7_B1,ALL,1,14.34234,2,2
2022-09-01T15:15:00-00:00,2022-09-01T15:30:00-00:00,2022-09-01,09,ALAMT3G_7_B1,ALAMT3G_7_B1,ALAMT3G_7_B1,RTPD,MCC,LMP_CONG_PRC,ALAMT3G_7_B1,ALL,1,32.09334,2,2
2022-09-01T16:15:00-00:00,2022-09-01T16:30:00-00:00,2022-09-01,10,ALAMT3G_7_B1,ALAMT3G_7_B1,ALAMT3G_7_B1,RTPD,MCC,LMP_CONG_PRC,ALAMT3G_7_B1,ALL,1,22.7239,2,2
2022-09-01T17:15:00-00:00,2022-09-01T17:30:00-00:00,2022-09-01,11,ALAMT3G_7_B1,ALAMT3G_7_B1,ALAMT3G_7_B1,RTPD,MCC,LMP_CONG_PRC,ALAMT3G_7_B1,ALL,1,40.25707,2,2
2022-09-01T18:15:00-00:00,2022-09-01T18:30:00-00:00,2022-09-01,12,ALAMT3G_7_B1,ALAMT3G_7_B1,ALAMT3G_7_B1,RTPD,MCC,LMP_CONG_PRC,ALAMT3G_7_B1,ALL,1,48.6592,2,2
2022-09-01T19:15:00-00:00,2022-09-01T19:30:00-00:00,2022-09-01,13,ALAMT3G_7_B1,ALAMT3G_7_B1,ALAMT3G_7_B1,RTPD,MCC,LMP_CONG_PRC,ALAMT3G_7_B1,ALL,1,46.67372,2,2
2022-09-01T20:15:00-00:00,2022-09-01T20:30:00-00:00,2022-09-01,14,ALAMT3G_7_B1,ALAMT3G_7_B1,ALAMT3G_7_B1,RTPD,MCC,LMP_CONG_PRC,ALAMT3G_7_B1,ALL,1,2.74007,2,2
2022-09-01T21:15:00-00:00,2022-09-01T21:30:00-00:00,2022-09-01,15,ALAMT3G_7_B1,ALAMT3G_7_B1,ALAMT3G_7_B1,RTPD,MCC,LMP_CONG_PRC,ALAMT3G_7_B1,ALL,1,53.7578,2,2
2022-09-01T22:15:00-00:00,2022-09-01T22:30:00-00:00,2022-09-01,16,ALAMT3G_7_B1,ALAMT3G_7_B1,ALAMT3G_7_B1,RTPD,MCC,LMP_CONG_PRC,ALAMT3G_7_B1,ALL,1,208.73015,2,2
2022-09-01T23:15:00-00:00,2022-09-01T23:30:00-00:00,2022-09-01,17,ALAMT3G_7_B1,ALAMT3G_7_B1,ALAMT3G_7_B1,RTPD,MCC,LMP_CONG_PRC,ALAMT3G_7_B1,ALL,1,294.0236,2,2
2022-09-02T00:15:00-00:00,2022-09-02T00:30:00-00:00,2022-09-01,18,ALAMT3G_7_B1,ALAMT3G_7_B1,ALAMT3G_7_B1,RTPD,MCC,LMP_CONG_PRC,ALAMT3G_7_B1,ALL,1,265.6137,2,2
2022-09-02T01:15:00-00:00,2022-09-02T01:30:00-00:00,2022-09-01,19,ALAMT3G_7_B1,ALAMT3G_7_B1,ALAMT3G_7_B1,RTPD,MCC,LMP_CONG_PRC,ALAMT3G_7_B1,ALL,1,74,2,2
2022-09-02T02:15:00-00:00,2022-09-02T02:30:00-00:00,2022-09-01,20,ALAMT3G_7_B1,ALAMT3G_7_B1,ALAMT3G_7_B1,RTPD,MCC,LMP_CONG_PRC,ALAMT3G_7_B1,ALL,1,0,2,2
2022-09-02T03:15:00-00:00,2022-09-02T03:30:00-00:00,2022-09-01,21,ALAMT3G_7_B1,ALAMT3G_7_B1,ALAMT3G_7_B1,RTPD,MCC,LMP_CONG_PRC,ALAMT3G_7_B1,ALL,1,116.99385,2,2
2022-09-02T04:15:00-00:00,2022-09-02T04:30:00-00:00,2022-09-01,22,ALAMT3G_7_B1,ALAMT3G_7_B1,ALAMT3G_7_B1,RTPD,MCC,LMP_CONG_PRC,ALAMT3G_7_B1,ALL,1,-53.99646,2,2
2022-09-02T05:15:00-00:00,2022-09-02T05:30:00-00:00,2022-09-01,23,ALAMT3G_7_B1,ALAMT3G_7_B1,ALAMT3G_7_B1,RTPD,MCC,LMP_CONG_PRC,ALAMT3G_7_B1,ALL,1,19.7997,2,2
2022-09-02T06:15:00-00:00,2022-09-02T06:30:00-00:00,2022-09-01,24,ALAMT3G_7_B1,ALAMT3G_7_B1,ALAMT3G_7_B1,RTPD,MCC,LMP_CONG_PRC,ALAMT3G_7_B1,ALL,1,6.80708,2,2
2022-09-01T07:30:00-00:00,2022-09-01T07:45:00-00:00,2022-09-01,01,ALAMT3G_7_B1,ALAMT3G_7_B1,ALAMT3G_7_B1,RTPD,MCC,LMP_CONG_PRC,ALAMT3G_7_B1,ALL,1,15.37188,3,2
2022-09-01T08:30:00-00:00,2022-09-01T08:45:00-00:00,2022-09-01,02,ALAMT3G_7_B1,ALAMT3G_7_B1,ALAMT3G_7_B1,RTPD,MCC,LMP_CONG_PRC,ALAMT3G_7_B1,ALL,1,0.00082,3,2
2022-09-01T09:30:00-00:00,2022-09-01T09:45:00-00:00,2022-09-01,03,ALAMT3G_7_B1,ALAMT3G_7_B1,ALAMT3G_7_B1,RTPD,MCC,LMP_CONG_PRC,ALAMT3G_7_B1,ALL,1,5.58936,3,2
2022-09-01T10:30:00-00:00,2022-09-01T10:45:00-00:00,2022-09-01,04,ALAMT3G_7_B1,ALAMT3G_7_B1,ALAMT3G_7_B1,RTPD,MCC,LMP_CONG_PRC,ALAMT3G_7_B1,ALL,1,3.00416,3,2
2022-09-01T11:30:00-00:00,2022-09-01T11:45:00-00:00,2022-09-01,05,ALAMT3G_7_B1,ALAMT3G_7_B1,ALAMT3G_7_B1,RTPD,MCC,LMP_CONG_PRC,ALAMT3G_7_B1,ALL,1,0,3,2
2022-09-01T12:30:00-00:00,2022-09-01T12:45:00-00:00,2022-09-01,06,ALAMT3G_7_B1,ALAMT3G_7_B1,ALAMT3G_7_B1,RTPD,MCC,LMP_CONG_PRC,ALAMT3G_7_B1,ALL,1,10.47952,3,2
2022-09-01T13:30:00-00:00,2022-09-01T13:45:00-00:00,2022-09-01,07,ALAMT3G_7_B1,ALAMT3G_7_B1,ALAMT3G_7_B1,RTPD,MCC,LMP_CONG_PRC,ALAMT3G_7_B1,ALL,1,1.0981,3,2
2022-09-01T14:30:00-00:00,2022-09-01T14:45:00-00:00,2022-09-01,08,ALAMT3G_7_B1,ALAMT3G_7_B1,ALAMT3G_7_B1,RTPD,MCC,LMP_CONG_PRC,ALAMT3G_7_B1,ALL,1,10.50486,3,2
2022-09-01T15:30:00-00:00,2022-09-01T15:45:00-00:00,2022-09-01,09,ALAMT3G_7_B1,ALAMT3G_7_B1,ALAMT3G_7_B1,RTPD,MCC,LMP_CONG_PRC,ALAMT3G_7_B1,ALL,1,40.95982,3,2
2022-09-01T16:30:00-00:00,2022-09-01T16:45:00-00:00,2022-09-01,10,ALAMT3G_7_B1,ALAMT3G_7_B1,ALAMT3G_7_B1,RTPD,MCC,LMP_CONG_PRC,ALAMT3G_7_B1,ALL,1,30.80528,3,2
2022-09-01T17:30:00-00:00,2022-09-01T17:45:00-00:00,2022-09-01,11,ALAMT3G_7_B1,ALAMT3G_7_B1,ALAMT3G_7_B1,RTPD,MCC,LMP_CONG_PRC,ALAMT3G_7_B1,ALL,1,37.7522,3,2
2022-09-01T18:30:00-00:00,2022-09-01T18:45:00-00:00,2022-09-01,12,ALAMT3G_7_B1,ALAMT3G_7_B1,ALAMT3G_7_B1,RTPD,MCC,LMP_CONG_PRC,ALAMT3G_7_B1,ALL,1,49.48992,3,2
2022-09-01T19:30:00-00:00,2022-09-01T19:45:00-00:00,2022-09-01,13,ALAMT3G_7_B1,ALAMT3G_7_B1,ALAMT3G_7_B1,RTPD,MCC,LMP_CONG_PRC,ALAMT3G_7_B1,ALL,1,31.73417,3,2
2022-09-01T20:30:00-00:00,2022-09-01T20:45:00-00:00,2022-09-01,14,ALAMT3G_7_B1,ALAMT3G_7_B1,ALAMT3G_7_B1,RTPD,MCC,LMP_CONG_PRC,ALAMT3G_7_B1,ALL,1,11.23598,3,2
2022-09-01T21:30:00-00:00,2022-09-01T21:45:00-00:00,2022-09-01,15,ALAMT3G_7_B1,ALAMT3G_7_B1,ALAMT3G_7_B1,RTPD,MCC,LMP_CONG_PRC,ALAMT3G_7_B1,ALL,1,56.94502,3,2
2022-09-01T22:30:00-00:00,2022-09-01T22:45:00-00:00,2022-09-01,16,ALAMT3G_7_B1,ALAMT3G_7_B1,ALAMT3G_7_B1,RTPD,MCC,LMP_CONG_PRC,ALAMT3G_7_B1,ALL,1,239.07533,3,2
2022-09-01T23:30:00-00:00,2022-09-01T23:45:00-00:00,2022-09-01,17,ALAMT3G_7_B1,ALAMT3G_7_B1,ALAMT3G_7_B1,RTPD,MCC,LMP_CONG_PRC,ALAMT3G_7_B1,ALL,1,200.45769,3,2
2022-09-02T00:30:00-00:00,2022-09-02T00:45:00-00:00,2022-09-01,18,ALAMT3G_7_B1,ALAMT3G_7_B1,ALAMT3G_7_B1,RTPD,MCC,LMP_CONG_PRC,ALAMT3G_7_B1,ALL,1,344.2475,3,2
2022-09-02T01:30:00-00:00,2022-09-02T01:45:00-00:00,2022-09-01,19,ALAMT3G_7_B1,ALAMT3G_7_B1,ALAMT3G_7_B1,RTPD,MCC,LMP_CONG_PRC,ALAMT3G_7_B1,ALL,1,14.37097,3,2
2022-09-02T02:30:00-00:00,2022-09-02T02:45:00-00:00,2022-09-01,20,ALAMT3G_7_B1,ALAMT3G_7_B1,ALAMT3G_7_B1,RTPD,MCC,LMP_CONG_PRC,ALAMT3G_7_B1,ALL,1,0,3,2
2022-09-02T03:30:00-00:00,2022-09-02T03:45:00-00:00,2022-09-01,21,ALAMT3G_7_B1,ALAMT3G_7_B1,ALAMT3G_7_B1,RTPD,MCC,LMP_CONG_PRC,ALAMT3G_7_B1,ALL,1,28.16422,3,2
2022-09-02T04:30:00-00:00,2022-09-02T04:45:00-00:00,2022-09-01,22,ALAMT3G_7_B1,ALAMT3G_7_B1,ALAMT3G_7_B1,RTPD,MCC,LMP_CONG_PRC,ALAMT3G_7_B1,ALL,1,-22.71874,3,2
2022-09-02T05:30:00-00:00,2022-09-02T05:45:00-00:00,2022-09-01,23,ALAMT3G_7_B1,ALAMT3G_7_B1,ALAMT3G_7_B1,RTPD,MCC,LMP_CONG_PRC,ALAMT3G_7_B1,ALL,1,16.10248,3,2
2022-09-02T06:30:00-00:00,2022-09-02T06:45:00-00:00,2022-09-01,24,ALAMT3G_7_B1,ALAMT3G_7_B1,ALAMT3G_7_B1,RTPD,MCC,LMP_CONG_PRC,ALAMT3G_7_B1,ALL,1,14.97019,3,2
2022-09-01T07:45:00-00:00,2022-09-01T08:00:00-00:00,2022-09-01,01,ALAMT3G_7_B1,ALAMT3G_7_B1,ALAMT3G_7_B1,RTPD,MCC,LMP_CONG_PRC,ALAMT3G_7_B1,ALL,1,17.56314,4,2
2022-09-01T08:45:00-00:00,2022-09-01T09:00:00-00:00,2022-09-01,02,ALAMT3G_7_B1,ALAMT3G_7_B1,ALAMT3G_7_B1,RTPD,MCC,LMP_CONG_PRC,ALAMT3G_7_B1,ALL,1,4.28739,4,2
2022-09-01T09:45:00-00:00,2022-09-01T10:00:00-00:00,2022-09-01,03,ALAMT3G_7_B1,ALAMT3G_7_B1,ALAMT3G_7_B1,RTPD,MCC,LMP_CONG_PRC,ALAMT3G_7_B1,ALL,1,5.03486,4,2
2022-09-01T10:45:00-00:00,2022-09-01T11:00:00-00:00,2022-09-01,04,ALAMT3G_7_B1,ALAMT3G_7_B1,ALAMT3G_7_B1,RTPD,MCC,LMP_CONG_PRC,ALAMT3G_7_B1,ALL,1,1.18587,4,2
2022-09-01T11:45:00-00:00,2022-09-01T12:00:00-00:00,2022-09-01,05,ALAMT3G_7_B1,ALAMT3G_7_B1,ALAMT3G_7_B1,RTPD,MCC,LMP_CONG_PRC,ALAMT3G_7_B1,ALL,1,0,4,2
2022-09-01T12:45:00-00:00,2022-09-01T13:00:00-00:00,2022-09-01,06,ALAMT3G_7_B1,ALAMT3G_7_B1,ALAMT3G_7_B1,RTPD,MCC,LMP_CONG_PRC,ALAMT3G_7_B1,ALL,1,2.36064,4,2
2022-09-01T13:45:00-00:00,2022-09-01T14:00:00-00:00,2022-09-01,07,ALAMT3G_7_B1,ALAMT3G_7_B1,ALAMT3G_7_B1,RTPD,MCC,LMP_CONG_PRC,ALAMT3G_7_B1,ALL,1,5.225,4,2
2022-09-01T14:45:00-00:00,2022-09-01T15:00:00-00:00,2022-09-01,08,ALAMT3G_7_B1,ALAMT3G_7_B1,ALAMT3G_7_B1,RTPD,MCC,LMP_CONG_PRC,ALAMT3G_7_B1,ALL,1,13.29204,4,2
2022-09-01T15:45:00-00:00,2022-09-01T16:00:00-00:00,2022-09-01,09,ALAMT3G_7_B1,ALAMT3G_7_B1,ALAMT3G_7_B1,RTPD,MCC,LMP_CONG_PRC,ALAMT3G_7_B1,ALL,1,20.6075,4,2
2022-09-01T16:45:00-00:00,2022-09-01T17:00:00-00:00,2022-09-01,10,ALAMT3G_7_B1,ALAMT3G_7_B1,ALAMT3G_7_B1,RTPD,MCC,LMP_CONG_PRC,ALAMT3G_7_B1,ALL,1,29.35801,4,2
2022-09-01T17:45:00-00:00,2022-09-01T18:00:00-00:00,2022-09-01,11,ALAMT3G_7_B1,ALAMT3G_7_B1,ALAMT3G_7_B1,RTPD,MCC,LMP_CONG_PRC,ALAMT3G_7_B1,ALL,1,38.3755,4,2
2022-09-01T18:45:00-00:00,2022-09-01T19:00:00-00:00,2022-09-01,12,ALAMT3G_7_B1,ALAMT3G_7_B1,ALAMT3G_7_B1,RTPD,MCC,LMP_CONG_PRC,ALAMT3G_7_B1,ALL,1,51.34377,4,2
2022-09-01T19:45:00-00:00,2022-09-01T20:00:00-00:00,2022-09-01,13,ALAMT3G_7_B1,ALAMT3G_7_B1,ALAMT3G_7_B1,RTPD,MCC,LMP_CONG_PRC,ALAMT3G_7_B1,ALL,1,33.55462,4,2
2022-09-01T20:45:00-00:00,2022-09-01T21:00:00-00:00,2022-09-01,14,ALAMT3G_7_B1,ALAMT3G_7_B1,ALAMT3G_7_B1,RTPD,MCC,LMP_CONG_PRC,ALAMT3G_7_B1,ALL,1,53.08287,4,2
2022-09-01T21:45:00-00:00,2022-09-01T22:00:00-00:00,2022-09-01,15,ALAMT3G_7_B1,ALAMT3G_7_B1,ALAMT3G_7_B1,RTPD,MCC,LMP_CONG_PRC,ALAMT3G_7_B1,ALL,1,206.47583,4,2
2022-09-01T22:45:00-00:00,2022-09-01T23:00:00-00:00,2022-09-01,16,ALAMT3G_7_B1,ALAMT3G_7_B1,ALAMT3G_7_B1,RTPD,MCC,LMP_CONG_PRC,ALAMT3G_7_B1,ALL,1,436.046,4,2
2022-09-01T23:45:00-00:00,2022-09-02T00:00:00-00:00,2022-09-01,17,ALAMT3G_7_B1,ALAMT3G_7_B1,ALAMT3G_7_B1,RTPD,MCC,LMP_CONG_PRC,ALAMT3G_7_B1,ALL,1,334.53476,4,2
2022-09-02T00:45:00-00:00,2022-09-02T01:00:00-00:00,2022-09-01,18,ALAMT3G_7_B1,ALAMT3G_7_B1,ALAMT3G_7_B1,RTPD,MCC,LMP_CONG_PRC,ALAMT3G_7_B1,ALL,1,311.35718,4,2
2022-09-02T01:45:00-00:00,2022-09-02T02:00:00-00:00,2022-09-01,19,ALAMT3G_7_B1,ALAMT3G_7_B1,ALAMT3G_7_B1,RTPD,MCC,LMP_CONG_PRC,ALAMT3G_7_B1,ALL,1,0,4,2
2022-09-02T02:45:00-00:00,2022-09-02T03:00:00-00:00,2022-09-01,20,ALAMT3G_7_B1,ALAMT3G_7_B1,ALAMT3G_7_B1,RTPD,MCC,LMP_CONG_PRC,ALAMT3G_7_B1,ALL,1,267.08282,4,2
2022-09-02T03:45:00-00:00,2022-09-02T04:00:00-00:00,2022-09-01,21,ALAMT3G_7_B1,ALAMT3G_7_B1,ALAMT3G_7_B1,RTPD,MCC,LMP_CONG_PRC,ALAMT3G_7_B1,ALL,1,18.96989,4,2
2022-09-02T04:45:00-00:00,2022-09-02T05:00:00-00:00,2022-09-01,22,ALAMT3G_7_B1,ALAMT3G_7_B1,ALAMT3G_7_B1,RTPD,MCC,LMP_CONG_PRC,ALAMT3G_7_B1,ALL,1,14.94227,4,2
2022-09-02T05:45:00-00:00,2022-09-02T06:00:00-00:00,2022-09-01,23,ALAMT3G_7_B1,ALAMT3G_7_B1,ALAMT3G_7_B1,RTPD,MCC,LMP_CONG_PRC,ALAMT3G_7_B1,ALL,1,9.76345,4,2
2022-09-02T06:45:00-00:00,2022-09-02T07:00:00-00:00,2022-09-01,24,ALAMT3G_7_B1,ALAMT3G_7_B1,ALAMT3G_7_B1,RTPD,MCC,LMP_CONG_PRC,ALAMT3G_7_B1,ALL,1,9.36104,4,2
2022-09-01T07:00:00-00:00,2022-09-01T07:15:00-00:00,2022-09-01,01,ALAMT3G_7_B1,ALAMT3G_7_B1,ALAMT3G_7_B1,RTPD,MCE,LMP_ENE_PRC,ALAMT3G_7_B1,ALL,1,104.23471,1,3
2022-09-01T08:00:00-00:00,2022-09-01T08:15:00-00:00,2022-09-01,02,ALAMT3G_7_B1,ALAMT3G_7_B1,ALAMT3G_7_B1,RTPD,MCE,LMP_ENE_PRC,ALAMT3G_7_B1,ALL,1,115.5488,1,3
2022-09-01T09:00:00-00:00,2022-09-01T09:15:00-00:00,2022-09-01,03,ALAMT3G_7_B1,ALAMT3G_7_B1,ALAMT3G_7_B1,RTPD,MCE,LMP_ENE_PRC,ALAMT3G_7_B1,ALL,1,99.73061,1,3
2022-09-01T10:00:00-00:00,2022-09-01T10:15:00-00:00,2022-09-01,04,ALAMT3G_7_B1,ALAMT3G_7_B1,ALAMT3G_7_B1,RTPD,MCE,LMP_ENE_PRC,ALAMT3G_7_B1,ALL,1,98.64222,1,3
2022-09-01T11:00:00-00:00,2022-09-01T11:15:00-00:00,2022-09-01,05,ALAMT3G_7_B1,ALAMT3G_7_B1,ALAMT3G_7_B1,RTPD,MCE,LMP_ENE_PRC,ALAMT3G_7_B1,ALL,1,102.56859,1,3
2022-09-01T12:00:00-00:00,2022-09-01T12:15:00-00:00,2022-09-01,06,ALAMT3G_7_B1,ALAMT3G_7_B1,ALAMT3G_7_B1,RTPD,MCE,LMP_ENE_PRC,ALAMT3G_7_B1,ALL,1,96.90845,1,3
2022-09-01T13:00:00-00:00,2022-09-01T13:15:00-00:00,2022-09-01,07,ALAMT3G_7_B1,ALAMT3G_7_B1,ALAMT3G_7_B1,RTPD,MCE,LMP_ENE_PRC,ALAMT3G_7_B1,ALL,1,101.80878,1,3
2022-09-01T14:00:00-00:00,2022-09-01T14:15:00-00:00,2022-09-01,08,ALAMT3G_7_B1,ALAMT3G_7_B1,ALAMT3G_7_B1,RTPD,MCE,LMP_ENE_PRC,ALAMT3G_7_B1,ALL,1,111.11219,1,3
2022-09-01T15:00:00-00:00,2022-09-01T15:15:00-00:00,2022-09-01,09,ALAMT3G_7_B1,ALAMT3G_7_B1,ALAMT3G_7_B1,RTPD,MCE,LMP_ENE_PRC,ALAMT3G_7_B1,ALL,1,97.4112,1,3
2022-09-01T16:00:00-00:00,2022-09-01T16:15:00-00:00,2022-09-01,10,ALAMT3G_7_B1,ALAMT3G_7_B1,ALAMT3G_7_B1,RTPD,MCE,LMP_ENE_PRC,ALAMT3G_7_B1,ALL,1,83.43525,1,3
2022-09-01T17:00:00-00:00,2022-09-01T17:15:00-00:00,2022-09-01,11,ALAMT3G_7_B1,ALAMT3G_7_B1,ALAMT3G_7_B1,RTPD,MCE,LMP_ENE_PRC,ALAMT3G_7_B1,ALL,1,96.94897,1,3
2022-09-01T18:00:00-00:00,2022-09-01T18:15:00-00:00,2022-09-01,12,ALAMT3G_7_B1,ALAMT3G_7_B1,ALAMT3G_7_B1,RTPD,MCE,LMP_ENE_PRC,ALAMT3G_7_B1,ALL,1,91.59291,1,3
2022-09-01T19:00:00-00:00,2022-09-01T19:15:00-00:00,2022-09-01,13,ALAMT3G_7_B1,ALAMT3G_7_B1,ALAMT3G_7_B1,RTPD,MCE,LMP_ENE_PRC,ALAMT3G_7_B1,ALL,1,109.19637,1,3
2022-09-01T20:00:00-00:00,2022-09-01T20:15:00-00:00,2022-09-01,14,ALAMT3G_7_B1,ALAMT3G_7_B1,ALAMT3G_7_B1,RTPD,MCE,LMP_ENE_PRC,ALAMT3G_7_B1,ALL,1,117.94359,1,3
2022-09-01T21:00:00-00:00,2022-09-01T21:15:00-00:00,2022-09-01,15,ALAMT3G_7_B1,ALAMT3G_7_B1,ALAMT3G_7_B1,RTPD,MCE,LMP_ENE_PRC,ALAMT3G_7_B1,ALL,1,226.61499,1,3
2022-09-01T22:00:00-00:00,2022-09-01T22:15:00-00:00,2022-09-01,16,ALAMT3G_7_B1,ALAMT3G_7_B1,ALAMT3G_7_B1,RTPD,MCE,LMP_ENE_PRC,ALAMT3G_7_B1,ALL,1,229.18552,1,3
2022-09-01T23:00:00-00:00,2022-09-01T23:15:00-00:00,2022-09-01,17,ALAMT3G_7_B1,ALAMT3G_7_B1,ALAMT3G_7_B1,RTPD,MCE,LMP_ENE_PRC,ALAMT3G_7_B1,ALL,1,386.7537,1,3
2022-09-02T00:00:00-00:00,2022-09-02T00:15:00-00:00,2022-09-01,18,ALAMT3G_7_B1,ALAMT3G_7_B1,ALAMT3G_7_B1,RTPD,MCE,LMP_ENE_PRC,ALAMT3G_7_B1,ALL,1,770.58136,1,3
2022-09-02T01:00:00-00:00,2022-09-02T01:15:00-00:00,2022-09-01,19,ALAMT3G_7_B1,ALAMT3G_7_B1,ALAMT3G_7_B1,RTPD,MCE,LMP_ENE_PRC,ALAMT3G_7_B1,ALL,1,916.27124,1,3
2022-09-02T02:00:00-00:00,2022-09-02T02:15:00-00:00,2022-09-01,20,ALAMT3G_7_B1,ALAMT3G_7_B1,ALAMT3G_7_B1,RTPD,MCE,LMP_ENE_PRC,ALAMT3G_7_B1,ALL,1,1991.6721,1,3
2022-09-02T03:00:00-00:00,2022-09-02T03:15:00-00:00,2022-09-01,21,ALAMT3G_7_B1,ALAMT3G_7_B1,ALAMT3G_7_B1,RTPD,MCE,LMP_ENE_PRC,ALAMT3G_7_B1,ALL,1,917.5508,1,3
2022-09-02T04:00:00-00:00,2022-09-02T04:15:00-00:00,2022-09-01,22,ALAMT3G_7_B1,ALAMT3G_7_B1,ALAMT3G_7_B1,RTPD,MCE,LMP_ENE_PRC,ALAMT3G_7_B1,ALL,1,257.83005,1,3
2022-09-02T05:00:00-00:00,2022-09-02T05:15:00-00:00,2022-09-01,23,ALAMT3G_7_B1,ALAMT3G_7_B1,ALAMT3G_7_B1,RTPD,MCE,LMP_ENE_PRC,ALAMT3G_7_B1,ALL,1,183.24657,1,3
2022-09-02T06:00:00-00:00,2022-09-02T06:15:00-00:00,2022-09-01,24,ALAMT3G_7_B1,ALAMT3G_7_B1,ALAMT3G_7_B1,RTPD,MCE,LMP_ENE_PRC,ALAMT3G_7_B1,ALL,1,158.867,1,3
2022-09-01T07:15:00-00:00,2022-09-01T07:30:00-00:00,2022-09-01,01,ALAMT3G_7_B1,ALAMT3G_7_B1,ALAMT3G_7_B1,RTPD,MCE,LMP_ENE_PRC,ALAMT3G_7_B1,ALL,1,125.55144,2,3
2022-09-01T08:15:00-00:00,2022-09-01T08:30:00-00:00,2022-09-01,02,ALAMT3G_7_B1,ALAMT3G_7_B1,ALAMT3G_7_B1,RTPD,MCE,LMP_ENE_PRC,ALAMT3G_7_B1,ALL,1,115.53165,2,3
2022-09-01T09:15:00-00:00,2022-09-01T09:30:00-00:00,2022-09-01,03,ALAMT3G_7_B1,ALAMT3G_7_B1,ALAMT3G_7_B1,RTPD,MCE,LMP_ENE_PRC,ALAMT3G_7_B1,ALL,1,98.30543,2,3
2022-09-01T10:15:00-00:00,2022-09-01T10:30:00-00:00,2022-09-01,04,ALAMT3G_7_B1,ALAMT3G_7_B1,ALAMT3G_7_B1,RTPD,MCE,LMP_ENE_PRC,ALAMT3G_7_B1,ALL,1,97.00684,2,3
2022-09-01T11:15:00-00:00,2022-09-01T11:30:00-00:00,2022-09-01,05,ALAMT3G_7_B1,ALAMT3G_7_B1,ALAMT3G_7_B1,RTPD,MCE,LMP_ENE_PRC,ALAMT3G_7_B1,ALL,1,103.09059,2,3
2022-09-01T12:15:00-00:00,2022-09-01T12:30:00-00:00,2022-09-01,06,ALAMT3G_7_B1,ALAMT3G_7_B1,ALAMT3G_7_B1,RTPD,MCE,LMP_ENE_PRC,ALAMT3G_7_B1,ALL,1,109.32203,2,3
2022-09-01T13:15:00-00:00,2022-09-01T13:30:00-00:00,2022-09-01,07,ALAMT3G_7_B1,ALAMT3G_7_B1,ALAMT3G_7_B1,RTPD,MCE,LMP_ENE_PRC,ALAMT3G_7_B1,ALL,1,110.97827,2,3
2022-09-01T14:15:00-00:00,2022-09-01T14:30:00-00:00,2022-09-01,08,ALAMT3G_7_B1,ALAMT3G_7_B1,ALAMT3G_7_B1,RTPD,MCE,LMP_ENE_PRC,ALAMT3G_7_B1,ALL,1,104.78743,2,3
2022-09-01T15:15:00-00:00,2022-09-01T15:30:00-00:00,2022-09-01,09,ALAMT3G_7_B1,ALAMT3G_7_B1,ALAMT3G_7_B1,RTPD,MCE,LMP_ENE_PRC,ALAMT3G_7_B1,ALL,1,86.9388,2,3
2022-09-01T16:15:00-00:00,2022-09-01T16:30:00-00:00,2022-09-01,10,ALAMT3G_7_B1,ALAMT3G_7_B1,ALAMT3G_7_B1,RTPD,MCE,LMP_ENE_PRC,ALAMT3G_7_B1,ALL,1,89.44858,2,3
2022-09-01T17:15:00-00:00,2022-09-01T17:30:00-00:00,2022-09-01,11,ALAMT3G_7_B1,ALAMT3G_7_B1,ALAMT3G_7_B1,RTPD,MCE,LMP_ENE_PRC,ALAMT3G_7_B1,ALL,1,99.34673,2,3
2022-09-01T18:15:00-00:00,2022-09-01T18:30:00-00:00,2022-09-01,12,ALAMT3G_7_B1,ALAMT3G_7_B1,ALAMT3G_7_B1,RTPD,MCE,LMP_ENE_PRC,ALAMT3G_7_B1,ALL,1,101.15901,2,3
2022-09-01T19:15:00-00:00,2022-09-01T19:30:00-00:00,2022-09-01,13,ALAMT3G_7_B1,ALAMT3G_7_B1,ALAMT3G_7_B1,RTPD,MCE,LMP_ENE_PRC,ALAMT3G_7_B1,ALL,1,105.30588,2,3
2022-09-01T20:15:00-00:00,2022-09-01T20:30:00-00:00,2022-09-01,14,ALAMT3G_7_B1,ALAMT3G_7_B1,ALAMT3G_7_B1,RTPD,MCE,LMP_ENE_PRC,ALAMT3G_7_B1,ALL,1,117.49421,2,3
2022-09-01T21:15:00-00:00,2022-09-01T21:30:00-00:00,2022-09-01,15,ALAMT3G_7_B1,ALAMT3G_7_B1,ALAMT3G_7_B1,RTPD,MCE,LMP_ENE_PRC,ALAMT3G_7_B1,ALL,1,147.21185,2,3
2022-09-01T22:15:00-00:00,2022-09-01T22:30:00-00:00,2022-09-01,16,ALAMT3G_7_B1,ALAMT3G_7_B1,ALAMT3G_7_B1,RTPD,MCE,LMP_ENE_PRC,ALAMT3G_7_B1,ALL,1,256.58734,2,3
2022-09-01T23:15:00-00:00,2022-09-01T23:30:00-00:00,2022-09-01,17,ALAMT3G_7_B1,ALAMT3G_7_B1,ALAMT3G_7_B1,RTPD,MCE,LMP_ENE_PRC,ALAMT3G_7_B1,ALL,1,362.12408,2,3
2022-09-02T00:15:00-00:00,2022-09-02T00:30:00-00:00,2022-09-01,18,ALAMT3G_7_B1,ALAMT3G_7_B1,ALAMT3G_7_B1,RTPD,MCE,LMP_ENE_PRC,ALAMT3G_7_B1,ALL,1,691.2182,2,3
2022-09-02T01:15:00-00:00,2022-09-02T01:30:00-00:00,2022-09-01,19,ALAMT3G_7_B1,ALAMT3G_7_B1,ALAMT3G_7_B1,RTPD,MCE,LMP_ENE_PRC,ALAMT3G_7_B1,ALL,1,1999.9933,2,3
2022-09-02T02:15:00-00:00,2022-09-02T02:30:00-00:00,2022-09-01,20,ALAMT3G_7_B1,ALAMT3G_7_B1,ALAMT3G_7_B1,RTPD,MCE,LMP_ENE_PRC,ALAMT3G_7_B1,ALL,1,1991.6721,2,3
2022-09-02T03:15:00-00:00,2022-09-02T03:30:00-00:00,2022-09-01,21,ALAMT3G_7_B1,ALAMT3G_7_B1,ALAMT3G_7_B1,RTPD,MCE,LMP_ENE_PRC,ALAMT3G_7_B1,ALL,1,400.52884,2,3
2022-09-02T04:15:00-00:00,2022-09-02T04:30:00-00:00,2022-09-01,22,ALAMT3G_7_B1,ALAMT3G_7_B1,ALAMT3G_7_B1,RTPD,MCE,LMP_ENE_PRC,ALAMT3G_7_B1,ALL,1,224.75041,2,3
2022-09-02T05:15:00-00:00,2022-09-02T05:30:00-00:00,2022-09-01,23,ALAMT3G_7_B1,ALAMT3G_7_B1,ALAMT3G_7_B1,RTPD,MCE,LMP_ENE_PRC,ALAMT3G_7_B1,ALL,1,157.11986,2,3
2022-09-02T06:15:00-00:00,2022-09-02T06:30:00-00:00,2022-09-01,24,ALAMT3G_7_B1,ALAMT3G_7_B1,ALAMT3G_7_B1,RTPD,MCE,LMP_ENE_PRC,ALAMT3G_7_B1,ALL,1,143.1005,2,3
2022-09-01T07:30:00-00:00,2022-09-01T07:45:00-00:00,2022-09-01,01,ALAMT3G_7_B1,ALAMT3G_7_B1,ALAMT3G_7_B1,RTPD,MCE,LMP_ENE_PRC,ALAMT3G_7_B1,ALL,1,119.03196,3,3
2022-09-01T08:30:00-00:00,2022-09-01T08:45:00-00:00,2022-09-01,02,ALAMT3G_7_B1,ALAMT3G_7_B1,ALAMT3G_7_B1,RTPD,MCE,LMP_ENE_PRC,ALAMT3G_7_B1,ALL,1,111.11241,3,3
2022-09-01T09:30:00-00:00,2022-09-01T09:45:00-00:00,2022-09-01,03,ALAMT3G_7_B1,ALAMT3G_7_B1,ALAMT3G_7_B1,RTPD,MCE,LMP_ENE_PRC,ALAMT3G_7_B1,ALL,1,98.16228,3,3
2022-09-01T10:30:00-00:00,2022-09-01T10:45:00-00:00,2022-09-01,04,ALAMT3G_7_B1,ALAMT3G_7_B1,ALAMT3G_7_B1,RTPD,MCE,LMP_ENE_PRC,ALAMT3G_7_B1,ALL,1,96.36226,3,3
2022-09-01T11:30:00-00:00,2022-09-01T11:45:00-00:00,2022-09-01,05,ALAMT3G_7_B1,ALAMT3G_7_B1,ALAMT3G_7_B1,RTPD,MCE,LMP_ENE_PRC,ALAMT3G_7_B1,ALL,1,103.06198,3,3
2022-09-01T12:30:00-00:00,2022-09-01T12:45:00-00:00,2022-09-01,06,ALAMT3G_7_B1,ALAMT3G_7_B1,ALAMT3G_7_B1,RTPD,MCE,LMP_ENE_PRC,ALAMT3G_7_B1,ALL,1,113.57403,3,3
2022-09-01T13:30:00-00:00,2022-09-01T13:45:00-00:00,2022-09-01,07,ALAMT3G_7_B1,ALAMT3G_7_B1,ALAMT3G_7_B1,RTPD,MCE,LMP_ENE_PRC,ALAMT3G_7_B1,ALL,1,111.52025,3,3
2022-09-01T14:30:00-00:00,2022-09-01T14:45:00-00:00,2022-09-01,08,ALAMT3G_7_B1,ALAMT3G_7_B1,ALAMT3G_7_B1,RTPD,MCE,LMP_ENE_PRC,ALAMT3G_7_B1,ALL,1,101.83428,3,3
2022-09-01T15:30:00-00:00,2022-09-01T15:45:00-00:00,2022-09-01,09,ALAMT3G_7_B1,ALAMT3G_7_B1,ALAMT3G_7_B1,RTPD,MCE,LMP_ENE_PRC,ALAMT3G_7_B1,ALL,1,86.1388,3,3
2022-09-01T16:30:00-00:00,2022-09-01T16:45:00-00:00,2022-09-01,10,ALAMT3G_7_B1,ALAMT3G_7_B1,ALAMT3G_7_B1,RTPD,MCE,LMP_ENE_PRC,ALAMT3G_7_B1,ALL,1,88.79644,3,3
2022-09-01T17:30:00-00:00,2022-09-01T17:45:00-00:00,2022-09-01,11,ALAMT3G_7_B1,ALAMT3G_7_B1,ALAMT3G_7_B1,RTPD,MCE,LMP_ENE_PRC,ALAMT3G_7_B1,ALL,1,99.13013,3,3
2022-09-01T18:30:00-00:00,2022-09-01T18:45:00-00:00,2022-09-01,12,ALAMT3G_7_B1,ALAMT3G_7_B1,ALAMT3G_7_B1,RTPD,MCE,LMP_ENE_PRC,ALAMT3G_7_B1,ALL,1,107.05718,3,3
2022-09-01T19:30:00-00:00,2022-09-01T19:45:00-00:00,2022-09-01,13,ALAMT3G_7_B1,ALAMT3G_7_B1,ALAMT3G_7_B1,RTPD,MCE,LMP_ENE_PRC,ALAMT3G_7_B1,ALL,1,114.05905,3,3
2022-09-01T20:30:00-00:00,2022-09-01T20:45:00-00:00,2022-09-01,14,ALAMT3G_7_B1,ALAMT3G_7_B1,ALAMT3G_7_B1,RTPD,MCE,LMP_ENE_PRC,ALAMT3G_7_B1,ALL,1,129.81606,3,3
2022-09-01T21:30:00-00:00,2022-09-01T21:45:00-00:00,2022-09-01,15,ALAMT3G_7_B1,ALAMT3G_7_B1,ALAMT3G_7_B1,RTPD,MCE,LMP_ENE_PRC,ALAMT3G_7_B1,ALL,1,152.93057,3,3
2022-09-01T22:30:00-00:00,2022-09-01T22:45:00-00:00,2022-09-01,16,ALAMT3G_7_B1,ALAMT3G_7_B1,ALAMT3G_7_B1,RTPD,MCE,LMP_ENE_PRC,ALAMT3G_7_B1,ALL,1,283.18182,3,3
2022-09-01T23:30:00-00:00,2022-09-01T23:45:00-00:00,2022-09-01,17,ALAMT3G_7_B1,ALAMT3G_7_B1,ALAMT3G_7_B1,RTPD,MCE,LMP_ENE_PRC,ALAMT3G_7_B1,ALL,1,566.48157,3,3
2022-09-02T00:30:00-00:00,2022-09-02T00:45:00-00:00,2022-09-01,18,ALAMT3G_7_B1,ALAMT3G_7_B1,ALAMT3G_7_B1,RTPD,MCE,LMP_ENE_PRC,ALAMT3G_7_B1,ALL,1,1329.1127,3,3
2022-09-02T01:30:00-00:00,2022-09-02T01:45:00-00:00,2022-09-01,19,ALAMT3G_7_B1,ALAMT3G_7_B1,ALAMT3G_7_B1,RTPD,MCE,LMP_ENE_PRC,ALAMT3G_7_B1,ALL,1,1999.9956,3,3
2022-09-02T02:30:00-00:00,2022-09-02T02:45:00-00:00,2022-09-01,20,ALAMT3G_7_B1,ALAMT3G_7_B1,ALAMT3G_7_B1,RTPD,MCE,LMP_ENE_PRC,ALAMT3G_7_B1,ALL,1,1991.671,3,3
2022-09-02T03:30:00-00:00,2022-09-02T03:45:00-00:00,2022-09-01,21,ALAMT3G_7_B1,ALAMT3G_7_B1,ALAMT3G_7_B1,RTPD,MCE,LMP_ENE_PRC,ALAMT3G_7_B1,ALL,1,186.61823,3,3
2022-09-02T04:30:00-00:00,2022-09-02T04:45:00-00:00,2022-09-01,22,ALAMT3G_7_B1,ALAMT3G_7_B1,ALAMT3G_7_B1,RTPD,MCE,LMP_ENE_PRC,ALAMT3G_7_B1,ALL,1,180.67824,3,3
2022-09-02T05:30:00-00:00,2022-09-02T05:45:00-00:00,2022-09-01,23,ALAMT3G_7_B1,ALAMT3G_7_B1,ALAMT3G_7_B1,RTPD,MCE,LMP_ENE_PRC,ALAMT3G_7_B1,ALL,1,131.69917,3,3
2022-09-02T06:30:00-00:00,2022-09-02T06:45:00-00:00,2022-09-01,24,ALAMT3G_7_B1,ALAMT3G_7_B1,ALAMT3G_7_B1,RTPD,MCE,LMP_ENE_PRC,ALAMT3G_7_B1,ALL,1,128.9871,3,3
2022-09-01T07:45:00-00:00,2022-09-01T08:00:00-00:00,2022-09-01,01,ALAMT3G_7_B1,ALAMT3G_7_B1,ALAMT3G_7_B1,RTPD,MCE,LMP_ENE_PRC,ALAMT3G_7_B1,ALL,1,109.12099,4,3
2022-09-01T08:45:00-00:00,2022-09-01T09:00:00-00:00,2022-09-01,02,ALAMT3G_7_B1,ALAMT3G_7_B1,ALAMT3G_7_B1,RTPD,MCE,LMP_ENE_PRC,ALAMT3G_7_B1,ALL,1,98.7357,4,3
2022-09-01T09:45:00-00:00,2022-09-01T10:00:00-00:00,2022-09-01,03,ALAMT3G_7_B1,ALAMT3G_7_B1,ALAMT3G_7_B1,RTPD,MCE,LMP_ENE_PRC,ALAMT3G_7_B1,ALL,1,97.50475,4,3
2022-09-01T10:45:00-00:00,2022-09-01T11:00:00-00:00,2022-09-01,04,ALAMT3G_7_B1,ALAMT3G_7_B1,ALAMT3G_7_B1,RTPD,MCE,LMP_ENE_PRC,ALAMT3G_7_B1,ALL,1,94.71966,4,3
2022-09-01T11:45:00-00:00,2022-09-01T12:00:00-00:00,2022-09-01,05,ALAMT3G_7_B1,ALAMT3G_7_B1,ALAMT3G_7_B1,RTPD,MCE,LMP_ENE_PRC,ALAMT3G_7_B1,ALL,1,107.01,4,3
2022-09-01T12:45:00-00:00,2022-09-01T13:00:00-00:00,2022-09-01,06,ALAMT3G_7_B1,ALAMT3G_7_B1,ALAMT3G_7_B1,RTPD,MCE,LMP_ENE_PRC,ALAMT3G_7_B1,ALL,1,116.4848,4,3
2022-09-01T13:45:00-00:00,2022-09-01T14:00:00-00:00,2022-09-01,07,ALAMT3G_7_B1,ALAMT3G_7_B1,ALAMT3G_7_B1,RTPD,MCE,LMP_ENE_PRC,ALAMT3G_7_B1,ALL,1,111.41,4,3
2022-09-01T14:45:00-00:00,2022-09-01T15:00:00-00:00,2022-09-01,08,ALAMT3G_7_B1,ALAMT3G_7_B1,ALAMT3G_7_B1,RTPD,MCE,LMP_ENE_PRC,ALAMT3G_7_B1,ALL,1,86.1388,4,3
2022-09-01T15:45:00-00:00,2022-09-01T16:00:00-00:00,2022-09-01,09,ALAMT3G_7_B1,ALAMT3G_7_B1,ALAMT3G_7_B1,RTPD,MCE,LMP_ENE_PRC,ALAMT3G_7_B1,ALL,1,78.70076,4,3
2022-09-01T16:45:00-00:00,2022-09-01T17:00:00-00:00,2022-09-01,10,ALAMT3G_7_B1,ALAMT3G_7_B1,ALAMT3G_7_B1,RTPD,MCE,LMP_ENE_PRC,ALAMT3G_7_B1,ALL,1,91.24933,4,3
2022-09-01T17:45:00-00:00,2022-09-01T18:00:00-00:00,2022-09-01,11,ALAMT3G_7_B1,ALAMT3G_7_B1,ALAMT3G_7_B1,RTPD,MCE,LMP_ENE_PRC,ALAMT3G_7_B1,ALL,1,99.20544,4,3
2022-09-01T18:45:00-00:00,2022-09-01T19:00:00-00:00,2022-09-01,12,ALAMT3G_7_B1,ALAMT3G_7_B1,ALAMT3G_7_B1,RTPD,MCE,LMP_ENE_PRC,ALAMT3G_7_B1,ALL,1,109.04064,4,3
2022-09-01T19:45:00-00:00,2022-09-01T20:00:00-00:00,2022-09-01,13,ALAMT3G_7_B1,ALAMT3G_7_B1,ALAMT3G_7_B1,RTPD,MCE,LMP_ENE_PRC,ALAMT3G_7_B1,ALL,1,120.22491,4,3
2022-09-01T20:45:00-00:00,2022-09-01T21:00:00-00:00,2022-09-01,14,ALAMT3G_7_B1,ALAMT3G_7_B1,ALAMT3G_7_B1,RTPD,MCE,LMP_ENE_PRC,ALAMT3G_7_B1,ALL,1,154.02509,4,3
2022-09-01T21:45:00-00:00,2022-09-01T22:00:00-00:00,2022-09-01,15,ALAMT3G_7_B1,ALAMT3G_7_B1,ALAMT3G_7_B1,RTPD,MCE,LMP_ENE_PRC,ALAMT3G_7_B1,ALL,1,300.29376,4,3
2022-09-01T22:45:00-00:00,2022-09-01T23:00:00-00:00,2022-09-01,16,ALAMT3G_7_B1,ALAMT3G_7_B1,ALAMT3G_7_B1,RTPD,MCE,LMP_ENE_PRC,ALAMT3G_7_B1,ALL,1,429.9137,4,3
2022-09-01T23:45:00-00:00,2022-09-02T00:00:00-00:00,2022-09-01,17,ALAMT3G_7_B1,ALAMT3G_7_B1,ALAMT3G_7_B1,RTPD,MCE,LMP_ENE_PRC,ALAMT3G_7_B1,ALL,1,1261.2124,4,3
2022-09-02T00:45:00-00:00,2022-09-02T01:00:00-00:00,2022-09-01,18,ALAMT3G_7_B1,ALAMT3G_7_B1,ALAMT3G_7_B1,RTPD,MCE,LMP_ENE_PRC,ALAMT3G_7_B1,ALL,1,1519.149,4,3
2022-09-02T01:45:00-00:00,2022-09-02T02:00:00-00:00,2022-09-01,19,ALAMT3G_7_B1,ALAMT3G_7_B1,ALAMT3G_7_B1,RTPD,MCE,LMP_ENE_PRC,ALAMT3G_7_B1,ALL,1,1991.9337,4,3
2022-09-02T02:45:00-00:00,2022-09-02T03:00:00-00:00,2022-09-01,20,ALAMT3G_7_B1,ALAMT3G_7_B1,ALAMT3G_7_B1,RTPD,MCE,LMP_ENE_PRC,ALAMT3G_7_B1,ALL,1,1629.6213,4,3
2022-09-02T03:45:00-00:00,2022-09-02T04:00:00-00:00,2022-09-01,21,ALAMT3G_7_B1,ALAMT3G_7_B1,ALAMT3G_7_B1,RTPD,MCE,LMP_ENE_PRC,ALAMT3G_7_B1,ALL,1,141.13702,4,3
2022-09-02T04:45:00-00:00,2022-09-02T05:00:00-00:00,2022-09-01,22,ALAMT3G_7_B1,ALAMT3G_7_B1,ALAMT3G_7_B1,RTPD,MCE,LMP_ENE_PRC,ALAMT3G_7_B1,ALL,1,126.76372,4,3
2022-09-02T05:45:00-00:00,2022-09-02T06:00:00-00:00,2022-09-01,23,ALAMT3G_7_B1,ALAMT3G_7_B1,ALAMT3G_7_B1,RTPD,MCE,LMP_ENE_PRC,ALAMT3G_7_B1,ALL,1,119.00958,4,3
2022-09-02T06:45:00-00:00,2022-09-02T07:00:00-00:00,2022-09-01,24,ALAMT3G_7_B1,ALAMT3G_7_B1,ALAMT3G_7_B1,RTPD,MCE,LMP_ENE_PRC,ALAMT3G_7_B1,ALL,1,109.20324,4,3
2022-09-01T07:00:00-00:00,2022-09-01T07:15:00-00:00,2022-09-01,01,ALAMT3G_7_B1,ALAMT3G_7_B1,ALAMT3G_7_B1,RTPD,MCL,LMP_LOSS_PRC,ALAMT3G_7_B1,ALL,1,2.56417,1,4
2022-09-01T08:00:00-00:00,2022-09-01T08:15:00-00:00,2022-09-01,02,ALAMT3G_7_B1,ALAMT3G_7_B1,ALAMT3G_7_B1,RTPD,MCL,LMP_LOSS_PRC,ALAMT3G_7_B1,ALL,1,0,1,4
2022-09-01T09:00:00-00:00,2022-09-01T09:15:00-00:00,2022-09-01,03,ALAMT3G_7_B1,ALAMT3G_7_B1,ALAMT3G_7_B1,RTPD,MCL,LMP_LOSS_PRC,ALAMT3G_7_B1,ALL,1,10.37198,1,4
2022-09-01T10:00:00-00:00,2022-09-01T10:15:00-00:00,2022-09-01,04,ALAMT3G_7_B1,ALAMT3G_7_B1,ALAMT3G_7_B1,RTPD,MCL,LMP_LOSS_PRC,ALAMT3G_7_B1,ALL,1,10.42648,1,4
2022-09-01T11:00:00-00:00,2022-09-01T11:15:00-00:00,2022-09-01,05,ALAMT3G_7_B1,ALAMT3G_7_B1,ALAMT3G_7_B1,RTPD,MCL,LMP_LOSS_PRC,ALAMT3G_7_B1,ALL,1,10.36968,1,4
2022-09-01T12:00:00-00:00,2022-09-01T12:15:00-00:00,2022-09-01,06,ALAMT3G_7_B1,ALAMT3G_7_B1,ALAMT3G_7_B1,RTPD,MCL,LMP_LOSS_PRC,ALAMT3G_7_B1,ALL,1,9.38074,1,4
2022-09-01T13:00:00-00:00,2022-09-01T13:15:00-00:00,2022-09-01,07,ALAMT3G_7_B1,ALAMT3G_7_B1,ALAMT3G_7_B1,RTPD,MCL,LMP_LOSS_PRC,ALAMT3G_7_B1,ALL,1,0,1,4
2022-09-01T14:00:00-00:00,2022-09-01T14:15:00-00:00,2022-09-01,08,ALAMT3G_7_B1,ALAMT3G_7_B1,ALAMT3G_7_B1,RTPD,MCL,LMP_LOSS_PRC,ALAMT3G_7_B1,ALL,1,8.85564,1,4
2022-09-01T15:00:00-00:00,2022-09-01T15:15:00-00:00,2022-09-01,09,ALAMT3G_7_B1,ALAMT3G_7_B1,ALAMT3G_7_B1,RTPD,MCL,LMP_LOSS_PRC,ALAMT3G_7_B1,ALL,1,0,1,4
2022-09-01T16:00:00-00:00,2022-09-01T16:15:00-00:00,2022-09-01,10,ALAMT3G_7_B1,ALAMT3G_7_B1,ALAMT3G_7_B1,RTPD,MCL,LMP_LOSS_PRC,ALAMT3G_7_B1,ALL,1,0,1,4
2022-09-01T17:00:00-00:00,2022-09-01T17:15:00-00:00,2022-09-01,11,ALAMT3G_7_B1,ALAMT3G_7_B1,ALAMT3G_7_B1,RTPD,MCL,LMP_LOSS_PRC,ALAMT3G_7_B1,ALL,1,0,1,4
2022-09-01T18:00:00-00:00,2022-09-01T18:15:00-00:00,2022-09-01,12,ALAMT3G_7_B1,ALAMT3G_7_B1,ALAMT3G_7_B1,RTPD,MCL,LMP_LOSS_PRC,ALAMT3G_7_B1,ALL,1,0,1,4
2022-09-01T19:00:00-00:00,2022-09-01T19:15:00-00:00,2022-09-01,13,ALAMT3G_7_B1,ALAMT3G_7_B1,ALAMT3G_7_B1,RTPD,MCL,LMP_LOSS_PRC,ALAMT3G_7_B1,ALL,1,0,1,4
2022-09-01T20:00:00-00:00,2022-09-01T20:15:00-00:00,2022-09-01,14,ALAMT3G_7_B1,ALAMT3G_7_B1,ALAMT3G_7_B1,RTPD,MCL,LMP_LOSS_PRC,ALAMT3G_7_B1,ALL,1,0,1,4
2022-09-01T21:00:00-00:00,2022-09-01T21:15:00-00:00,2022-09-01,15,ALAMT3G_7_B1,ALAMT3G_7_B1,ALAMT3G_7_B1,RTPD,MCL,LMP_LOSS_PRC,ALAMT3G_7_B1,ALL,1,0,1,4
2022-09-01T22:00:00-00:00,2022-09-01T22:15:00-00:00,2022-09-01,16,ALAMT3G_7_B1,ALAMT3G_7_B1,ALAMT3G_7_B1,RTPD,MCL,LMP_LOSS_PRC,ALAMT3G_7_B1,ALL,1,0,1,4
2022-09-01T23:00:00-00:00,2022-09-01T23:15:00-00:00,2022-09-01,17,ALAMT3G_7_B1,ALAMT3G_7_B1,ALAMT3G_7_B1,RTPD,MCL,LMP_LOSS_PRC,ALAMT3G_7_B1,ALL,1,0,1,4
2022-09-02T00:00:00-00:00,2022-09-02T00:15:00-00:00,2022-09-01,18,ALAMT3G_7_B1,ALAMT3G_7_B1,ALAMT3G_7_B1,RTPD,MCL,LMP_LOSS_PRC,ALAMT3G_7_B1,ALL,1,86.07394,1,4
2022-09-02T01:00:00-00:00,2022-09-02T01:15:00-00:00,2022-09-01,19,ALAMT3G_7_B1,ALAMT3G_7_B1,ALAMT3G_7_B1,RTPD,MCL,LMP_LOSS_PRC,ALAMT3G_7_B1,ALL,1,0,1,4
2022-09-02T02:00:00-00:00,2022-09-02T02:15:00-00:00,2022-09-01,20,ALAMT3G_7_B1,ALAMT3G_7_B1,ALAMT3G_7_B1,RTPD,MCL,LMP_LOSS_PRC,ALAMT3G_7_B1,ALL,1,0,1,4
2022-09-02T03:00:00-00:00,2022-09-02T03:15:00-00:00,2022-09-01,21,ALAMT3G_7_B1,ALAMT3G_7_B1,ALAMT3G_7_B1,RTPD,MCL,LMP_LOSS_PRC,ALAMT3G_7_B1,ALL,1,75.14741,1,4
2022-09-02T04:00:00-00:00,2022-09-02T04:15:00-00:00,2022-09-01,22,ALAMT3G_7_B1,ALAMT3G_7_B1,ALAMT3G_7_B1,RTPD,MCL,LMP_LOSS_PRC,ALAMT3G_7_B1,ALL,1,23.61723,1,4
2022-09-02T05:00:00-00:00,2022-09-02T05:15:00-00:00,2022-09-01,23,ALAMT3G_7_B1,ALAMT3G_7_B1,ALAMT3G_7_B1,RTPD,MCL,LMP_LOSS_PRC,ALAMT3G_7_B1,ALL,1,13.54192,1,4
2022-09-02T06:00:00-00:00,2022-09-02T06:15:00-00:00,2022-09-01,24,ALAMT3G_7_B1,ALAMT3G_7_B1,ALAMT3G_7_B1,RTPD,MCL,LMP_LOSS_PRC,ALAMT3G_7_B1,ALL,1,13.1383,1,4
2022-09-01T07:15:00-00:00,2022-09-01T07:30:00-00:00,2022-09-01,01,ALAMT3G_7_B1,ALAMT3G_7_B1,ALAMT3G_7_B1,RTPD,MCL,LMP_LOSS_PRC,ALAMT3G_7_B1,ALL,1,0,2,4
2022-09-01T08:15:00-00:00,2022-09-01T08:30:00-00:00,2022-09-01,02,ALAMT3G_7_B1,ALAMT3G_7_B1,ALAMT3G_7_B1,RTPD,MCL,LMP_LOSS_PRC,ALAMT3G_7_B1,ALL,1,0,2,4
2022-09-01T09:15:00-00:00,2022-09-01T09:30:00-00:00,2022-09-01,03,ALAMT3G_7_B1,ALAMT3G_7_B1,ALAMT3G_7_B1,RTPD,MCL,LMP_LOSS_PRC,ALAMT3G_7_B1,ALL,1,10.15495,2,4
2022-09-01T10:15:00-00:00,2022-09-01T10:30:00-00:00,2022-09-01,04,ALAMT3G_7_B1,ALAMT3G_7_B1,ALAMT3G_7_B1,RTPD,MCL,LMP_LOSS_PRC,ALAMT3G_7_B1,ALL,1,10.56405,2,4
2022-09-01T11:15:00-00:00,2022-09-01T11:30:00-00:00,2022-09-01,05,ALAMT3G_7_B1,ALAMT3G_7_B1,ALAMT3G_7_B1,RTPD,MCL,LMP_LOSS_PRC,ALAMT3G_7_B1,ALL,1,10.48431,2,4
2022-09-01T12:15:00-00:00,2022-09-01T12:30:00-00:00,2022-09-01,06,ALAMT3G_7_B1,ALAMT3G_7_B1,ALAMT3G_7_B1,RTPD,MCL,LMP_LOSS_PRC,ALAMT3G_7_B1,ALL,1,10.81195,2,4
2022-09-01T13:15:00-00:00,2022-09-01T13:30:00-00:00,2022-09-01,07,ALAMT3G_7_B1,ALAMT3G_7_B1,ALAMT3G_7_B1,RTPD,MCL,LMP_LOSS_PRC,ALAMT3G_7_B1,ALL,1,10.89807,2,4
2022-09-01T14:15:00-00:00,2022-09-01T14:30:00-00:00,2022-09-01,08,ALAMT3G_7_B1,ALAMT3G_7_B1,ALAMT3G_7_B1,RTPD,MCL,LMP_LOSS_PRC,ALAMT3G_7_B1,ALL,1,8.15246,2,4
2022-09-01T15:15:00-00:00,2022-09-01T15:30:00-00:00,2022-09-01,09,ALAMT3G_7_B1,ALAMT3G_7_B1,ALAMT3G_7_B1,RTPD,MCL,LMP_LOSS_PRC,ALAMT3G_7_B1,ALL,1,0,2,4
2022-09-01T16:15:00-00:00,2022-09-01T16:30:00-00:00,2022-09-01,10,ALAMT3G_7_B1,ALAMT3G_7_B1,ALAMT3G_7_B1,RTPD,MCL,LMP_LOSS_PRC,ALAMT3G_7_B1,ALL,1,0,2,4
2022-09-01T17:15:00-00:00,2022-09-01T17:30:00-00:00,2022-09-01,11,ALAMT3G_7_B1,ALAMT3G_7_B1,ALAMT3G_7_B1,RTPD,MCL,LMP_LOSS_PRC,ALAMT3G_7_B1,ALL,1,0,2,4
2022-09-01T18:15:00-00:00,2022-09-01T18:30:00-00:00,2022-09-01,12,ALAMT3G_7_B1,ALAMT3G_7_B1,ALAMT3G_7_B1,RTPD,MCL,LMP_LOSS_PRC,ALAMT3G_7_B1,ALL,1,0,2,4
2022-09-01T19:15:00-00:00,2022-09-01T19:30:00-00:00,2022-09-01,13,ALAMT3G_7_B1,ALAMT3G_7_B1,ALAMT3G_7_B1,RTPD,MCL,LMP_LOSS_PRC,ALAMT3G_7_B1,ALL,1,0,2,4
2022-09-01T20:15:00-00:00,2022-09-01T20:30:00-00:00,2022-09-01,14,ALAMT3G_7_B1,ALAMT3G_7_B1,ALAMT3G_7_B1,RTPD,MCL,LMP_LOSS_PRC,ALAMT3G_7_B1,ALL,1,0,2,4
2022-09-01T21:15:00-00:00,2022-09-01T21:30:00-00:00,2022-09-01,15,ALAMT3G_7_B1,ALAMT3G_7_B1,ALAMT3G_7_B1,RTPD,MCL,LMP_LOSS_PRC,ALAMT3G_7_B1,ALL,1,0,2,4
2022-09-01T22:15:00-00:00,2022-09-01T22:30:00-00:00,2022-09-01,16,ALAMT3G_7_B1,ALAMT3G_7_B1,ALAMT3G_7_B1,RTPD,MCL,LMP_LOSS_PRC,ALAMT3G_7_B1,ALL,1,0,2,4
2022-09-01T23:15:00-00:00,2022-09-01T23:30:00-00:00,2022-09-01,17,ALAMT3G_7_B1,ALAMT3G_7_B1,ALAMT3G_7_B1,RTPD,MCL,LMP_LOSS_PRC,ALAMT3G_7_B1,ALL,1,0,2,4
2022-09-02T00:15:00-00:00,2022-09-02T00:30:00-00:00,2022-09-01,18,ALAMT3G_7_B1,ALAMT3G_7_B1,ALAMT3G_7_B1,RTPD,MCL,LMP_LOSS_PRC,ALAMT3G_7_B1,ALL,1,68.15412,2,4
2022-09-02T01:15:00-00:00,2022-09-02T01:30:00-00:00,2022-09-01,19,ALAMT3G_7_B1,ALAMT3G_7_B1,ALAMT3G_7_B1,RTPD,MCL,LMP_LOSS_PRC,ALAMT3G_7_B1,ALL,1,0,2,4
2022-09-02T02:15:00-00:00,2022-09-02T02:30:00-00:00,2022-09-01,20,ALAMT3G_7_B1,ALAMT3G_7_B1,ALAMT3G_7_B1,RTPD,MCL,LMP_LOSS_PRC,ALAMT3G_7_B1,ALL,1,0,2,4
2022-09-02T03:15:00-00:00,2022-09-02T03:30:00-00:00,2022-09-01,21,ALAMT3G_7_B1,ALAMT3G_7_B1,ALAMT3G_7_B1,RTPD,MCL,LMP_LOSS_PRC,ALAMT3G_7_B1,ALL,1,32.28262,2,4
2022-09-02T04:15:00-00:00,2022-09-02T04:30:00-00:00,2022-09-01,22,ALAMT3G_7_B1,ALAMT3G_7_B1,ALAMT3G_7_B1,RTPD,MCL,LMP_LOSS_PRC,ALAMT3G_7_B1,ALL,1,20.90179,2,4
2022-09-02T05:15:00-00:00,2022-09-02T05:30:00-00:00,2022-09-01,23,ALAMT3G_7_B1,ALAMT3G_7_B1,ALAMT3G_7_B1,RTPD,MCL,LMP_LOSS_PRC,ALAMT3G_7_B1,ALL,1,12.91525,2,4
2022-09-02T06:15:00-00:00,2022-09-02T06:30:00-00:00,2022-09-01,24,ALAMT3G_7_B1,ALAMT3G_7_B1,ALAMT3G_7_B1,RTPD,MCL,LMP_LOSS_PRC,ALAMT3G_7_B1,ALL,1,13.07939,2,4
2022-09-01T07:30:00-00:00,2022-09-01T07:45:00-00:00,2022-09-01,01,ALAMT3G_7_B1,ALAMT3G_7_B1,ALAMT3G_7_B1,RTPD,MCL,LMP_LOSS_PRC,ALAMT3G_7_B1,ALL,1,0,3,4
2022-09-01T08:30:00-00:00,2022-09-01T08:45:00-00:00,2022-09-01,02,ALAMT3G_7_B1,ALAMT3G_7_B1,ALAMT3G_7_B1,RTPD,MCL,LMP_LOSS_PRC,ALAMT3G_7_B1,ALL,1,11.27791,3,4
2022-09-01T09:30:00-00:00,2022-09-01T09:45:00-00:00,2022-09-01,03,ALAMT3G_7_B1,ALAMT3G_7_B1,ALAMT3G_7_B1,RTPD,MCL,LMP_LOSS_PRC,ALAMT3G_7_B1,ALL,1,9.90457,3,4
2022-09-01T10:30:00-00:00,2022-09-01T10:45:00-00:00,2022-09-01,04,ALAMT3G_7_B1,ALAMT3G_7_B1,ALAMT3G_7_B1,RTPD,MCL,LMP_LOSS_PRC,ALAMT3G_7_B1,ALL,1,10.47458,3,4
2022-09-01T11:30:00-00:00,2022-09-01T11:45:00-00:00,2022-09-01,05,ALAMT3G_7_B1,ALAMT3G_7_B1,ALAMT3G_7_B1,RTPD,MCL,LMP_LOSS_PRC,ALAMT3G_7_B1,ALL,1,10.4814,3,4
2022-09-01T12:30:00-00:00,2022-09-01T12:45:00-00:00,2022-09-01,06,ALAMT3G_7_B1,ALAMT3G_7_B1,ALAMT3G_7_B1,RTPD,MCL,LMP_LOSS_PRC,ALAMT3G_7_B1,ALL,1,10.7441,3,4
2022-09-01T13:30:00-00:00,2022-09-01T13:45:00-00:00,2022-09-01,07,ALAMT3G_7_B1,ALAMT3G_7_B1,ALAMT3G_7_B1,RTPD,MCL,LMP_LOSS_PRC,ALAMT3G_7_B1,ALL,1,10.88438,3,4
2022-09-01T14:30:00-00:00,2022-09-01T14:45:00-00:00,2022-09-01,08,ALAMT3G_7_B1,ALAMT3G_7_B1,ALAMT3G_7_B1,RTPD,MCL,LMP_LOSS_PRC,ALAMT3G_7_B1,ALL,1,7.44409,3,4
2022-09-01T15:30:00-00:00,2022-09-01T15:45:00-00:00,2022-09-01,09,ALAMT3G_7_B1,ALAMT3G_7_B1,ALAMT3G_7_B1,RTPD,MCL,LMP_LOSS_PRC,ALAMT3G_7_B1,ALL,1,0,3,4
2022-09-01T16:30:00-00:00,2022-09-01T16:45:00-00:00,2022-09-01,10,ALAMT3G_7_B1,ALAMT3G_7_B1,ALAMT3G_7_B1,RTPD,MCL,LMP_LOSS_PRC,ALAMT3G_7_B1,ALL,1,0,3,4
2022-09-01T17:30:00-00:00,2022-09-01T17:45:00-00:00,2022-09-01,11,ALAMT3G_7_B1,ALAMT3G_7_B1,ALAMT3G_7_B1,RTPD,MCL,LMP_LOSS_PRC,ALAMT3G_7_B1,ALL,1,0,3,4
2022-09-01T18:30:00-00:00,2022-09-01T18:45:00-00:00,2022-09-01,12,ALAMT3G_7_B1,ALAMT3G_7_B1,ALAMT3G_7_B1,RTPD,MCL,LMP_LOSS_PRC,ALAMT3G_7_B1,ALL,1,0,3,4
2022-09-01T19:30:00-00:00,2022-09-01T19:45:00-00:00,2022-09-01,13,ALAMT3G_7_B1,ALAMT3G_7_B1,ALAMT3G_7_B1,RTPD,MCL,LMP_LOSS_PRC,ALAMT3G_7_B1,ALL,1,0,3,4
2022-09-01T20:30:00-00:00,2022-09-01T20:45:00-00:00,2022-09-01,14,ALAMT3G_7_B1,ALAMT3G_7_B1,ALAMT3G_7_B1,RTPD,MCL,LMP_LOSS_PRC,ALAMT3G_7_B1,ALL,1,0,3,4
2022-09-01T21:30:00-00:00,2022-09-01T21:45:00-00:00,2022-09-01,15,ALAMT3G_7_B1,ALAMT3G_7_B1,ALAMT3G_7_B1,RTPD,MCL,LMP_LOSS_PRC,ALAMT3G_7_B1,ALL,1,0,3,4
2022-09-01T22:30:00-00:00,2022-09-01T22:45:00-00:00,2022-09-01,16,ALAMT3G_7_B1,ALAMT3G_7_B1,ALAMT3G_7_B1,RTPD,MCL,LMP_LOSS_PRC,ALAMT3G_7_B1,ALL,1,0,3,4
2022-09-01T23:30:00-00:00,2022-09-01T23:45:00-00:00,2022-09-01,17,ALAMT3G_7_B1,ALAMT3G_7_B1,ALAMT3G_7_B1,RTPD,MCL,LMP_LOSS_PRC,ALAMT3G_7_B1,ALL,1,0,3,4
2022-09-02T00:30:00-00:00,2022-09-02T00:45:00-00:00,2022-09-01,18,ALAMT3G_7_B1,ALAMT3G_7_B1,ALAMT3G_7_B1,RTPD,MCL,LMP_LOSS_PRC,ALAMT3G_7_B1,ALL,1,0,3,4
2022-09-02T01:30:00-00:00,2022-09-02T01:45:00-00:00,2022-09-01,19,ALAMT3G_7_B1,ALAMT3G_7_B1,ALAMT3G_7_B1,RTPD,MCL,LMP_LOSS_PRC,ALAMT3G_7_B1,ALL,1,0,3,4
2022-09-02T02:30:00-00:00,2022-09-02T02:45:00-00:00,2022-09-01,20,ALAMT3G_7_B1,ALAMT3G_7_B1,ALAMT3G_7_B1,RTPD,MCL,LMP_LOSS_PRC,ALAMT3G_7_B1,ALL,1,0,3,4
2022-09-02T03:30:00-00:00,2022-09-02T03:45:00-00:00,2022-09-01,21,ALAMT3G_7_B1,ALAMT3G_7_B1,ALAMT3G_7_B1,RTPD,MCL,LMP_LOSS_PRC,ALAMT3G_7_B1,ALL,1,15.67593,3,4
2022-09-02T04:30:00-00:00,2022-09-02T04:45:00-00:00,2022-09-01,22,ALAMT3G_7_B1,ALAMT3G_7_B1,ALAMT3G_7_B1,RTPD,MCL,LMP_LOSS_PRC,ALAMT3G_7_B1,ALL,1,18.23043,3,4
2022-09-02T05:30:00-00:00,2022-09-02T05:45:00-00:00,2022-09-01,23,ALAMT3G_7_B1,ALAMT3G_7_B1,ALAMT3G_7_B1,RTPD,MCL,LMP_LOSS_PRC,ALAMT3G_7_B1,ALL,1,12.35338,3,4
2022-09-02T06:30:00-00:00,2022-09-02T06:45:00-00:00,2022-09-01,24,ALAMT3G_7_B1,ALAMT3G_7_B1,ALAMT3G_7_B1,RTPD,MCL,LMP_LOSS_PRC,ALAMT3G_7_B1,ALL,1,12.17638,3,4
2022-09-01T07:45:00-00:00,2022-09-01T08:00:00-00:00,2022-09-01,01,ALAMT3G_7_B1,ALAMT3G_7_B1,ALAMT3G_7_B1,RTPD,MCL,LMP_LOSS_PRC,ALAMT3G_7_B1,ALL,1,0,4,4
2022-09-01T08:45:00-00:00,2022-09-01T09:00:00-00:00,2022-09-01,02,ALAMT3G_7_B1,ALAMT3G_7_B1,ALAMT3G_7_B1,RTPD,MCL,LMP_LOSS_PRC,ALAMT3G_7_B1,ALL,1,10.51535,4,4
2022-09-01T09:45:00-00:00,2022-09-01T10:00:00-00:00,2022-09-01,03,ALAMT3G_7_B1,ALAMT3G_7_B1,ALAMT3G_7_B1,RTPD,MCL,LMP_LOSS_PRC,ALAMT3G_7_B1,ALL,1,9.99424,4,4
2022-09-01T10:45:00-00:00,2022-09-01T11:00:00-00:00,2022-09-01,04,ALAMT3G_7_B1,ALAMT3G_7_B1,ALAMT3G_7_B1,RTPD,MCL,LMP_LOSS_PRC,ALAMT3G_7_B1,ALL,1,10.33391,4,4
2022-09-01T11:45:00-00:00,2022-09-01T12:00:00-00:00,2022-09-01,05,ALAMT3G_7_B1,ALAMT3G_7_B1,ALAMT3G_7_B1,RTPD,MCL,LMP_LOSS_PRC,ALAMT3G_7_B1,ALL,1,0,4,4
2022-09-01T12:45:00-00:00,2022-09-01T13:00:00-00:00,2022-09-01,06,ALAMT3G_7_B1,ALAMT3G_7_B1,ALAMT3G_7_B1,RTPD,MCL,LMP_LOSS_PRC,ALAMT3G_7_B1,ALL,1,0,4,4
2022-09-01T13:45:00-00:00,2022-09-01T14:00:00-00:00,2022-09-01,07,ALAMT3G_7_B1,ALAMT3G_7_B1,ALAMT3G_7_B1,RTPD,MCL,LMP_LOSS_PRC,ALAMT3G_7_B1,ALL,1,0,4,4
2022-09-01T14:45:00-00:00,2022-09-01T15:00:00-00:00,2022-09-01,08,ALAMT3G_7_B1,ALAMT3G_7_B1,ALAMT3G_7_B1,RTPD,MCL,LMP_LOSS_PRC,ALAMT3G_7_B1,ALL,1,0,4,4
2022-09-01T15:45:00-00:00,2022-09-01T16:00:00-00:00,2022-09-01,09,ALAMT3G_7_B1,ALAMT3G_7_B1,ALAMT3G_7_B1,RTPD,MCL,LMP_LOSS_PRC,ALAMT3G_7_B1,ALL,1,0,4,4
2022-09-01T16:45:00-00:00,2022-09-01T17:00:00-00:00,2022-09-01,10,ALAMT3G_7_B1,ALAMT3G_7_B1,ALAMT3G_7_B1,RTPD,MCL,LMP_LOSS_PRC,ALAMT3G_7_B1,ALL,1,0,4,4
2022-09-01T17:45:00-00:00,2022-09-01T18:00:00-00:00,2022-09-01,11,ALAMT3G_7_B1,ALAMT3G_7_B1,ALAMT3G_7_B1,RTPD,MCL,LMP_LOSS_PRC,ALAMT3G_7_B1,ALL,1,0,4,4
2022-09-01T18:45:00-00:00,2022-09-01T19:00:00-00:00,2022-09-01,12,ALAMT3G_7_B1,ALAMT3G_7_B1,ALAMT3G_7_B1,RTPD,MCL,LMP_LOSS_PRC,ALAMT3G_7_B1,ALL,1,0,4,4
2022-09-01T19:45:00-00:00,2022-09-01T20:00:00-00:00,2022-09-01,13,ALAMT3G_7_B1,ALAMT3G_7_B1,ALAMT3G_7_B1,RTPD,MCL,LMP_LOSS_PRC,ALAMT3G_7_B1,ALL,1,0,4,4
2022-09-01T20:45:00-00:00,2022-09-01T21:00:00-00:00,2022-09-01,14,ALAMT3G_7_B1,ALAMT3G_7_B1,ALAMT3G_7_B1,RTPD,MCL,LMP_LOSS_PRC,ALAMT3G_7_B1,ALL,1,0,4,4
2022-09-01T21:45:00-00:00,2022-09-01T22:00:00-00:00,2022-09-01,15,ALAMT3G_7_B1,ALAMT3G_7_B1,ALAMT3G_7_B1,RTPD,MCL,LMP_LOSS_PRC,ALAMT3G_7_B1,ALL,1,0,4,4
2022-09-01T22:45:00-00:00,2022-09-01T23:00:00-00:00,2022-09-01,16,ALAMT3G_7_B1,ALAMT3G_7_B1,ALAMT3G_7_B1,RTPD,MCL,LMP_LOSS_PRC,ALAMT3G_7_B1,ALL,1,0,4,4
2022-09-01T23:45:00-00:00,2022-09-02T00:00:00-00:00,2022-09-01,17,ALAMT3G_7_B1,ALAMT3G_7_B1,ALAMT3G_7_B1,RTPD,MCL,LMP_LOSS_PRC,ALAMT3G_7_B1,ALL,1,0,4,4
2022-09-02T00:45:00-00:00,2022-09-02T01:00:00-00:00,2022-09-01,18,ALAMT3G_7_B1,ALAMT3G_7_B1,ALAMT3G_7_B1,RTPD,MCL,LMP_LOSS_PRC,ALAMT3G_7_B1,ALL,1,0,4,4
2022-09-02T01:45:00-00:00,2022-09-02T02:00:00-00:00,2022-09-01,19,ALAMT3G_7_B1,ALAMT3G_7_B1,ALAMT3G_7_B1,RTPD,MCL,LMP_LOSS_PRC,ALAMT3G_7_B1,ALL,1,0,4,4
2022-09-02T02:45:00-00:00,2022-09-02T03:00:00-00:00,2022-09-01,20,ALAMT3G_7_B1,ALAMT3G_7_B1,ALAMT3G_7_B1,RTPD,MCL,LMP_LOSS_PRC,ALAMT3G_7_B1,ALL,1,197.999,4,4
2022-09-02T03:45:00-00:00,2022-09-02T04:00:00-00:00,2022-09-01,21,ALAMT3G_7_B1,ALAMT3G_7_B1,ALAMT3G_7_B1,RTPD,MCL,LMP_LOSS_PRC,ALAMT3G_7_B1,ALL,1,12.89992,4,4
2022-09-02T04:45:00-00:00,2022-09-02T05:00:00-00:00,2022-09-01,22,ALAMT3G_7_B1,ALAMT3G_7_B1,ALAMT3G_7_B1,RTPD,MCL,LMP_LOSS_PRC,ALAMT3G_7_B1,ALL,1,11.8017,4,4
2022-09-02T05:45:00-00:00,2022-09-02T06:00:00-00:00,2022-09-01,23,ALAMT3G_7_B1,ALAMT3G_7_B1,ALAMT3G_7_B1,RTPD,MCL,LMP_LOSS_PRC,ALAMT3G_7_B1,ALL,1,10.87748,4,4
2022-09-02T06:45:00-00:00,2022-09-02T07:00:00-00:00,2022-09-01,24,ALAMT3G_7_B1,ALAMT3G_7_B1,ALAMT3G_7_B1,RTPD,MCL,LMP_LOSS_PRC,ALAMT3G_7_B1,ALL,1,10.18866,4,4
2022-09-01T07:00:00-00:00,2022-09-01T07:15:00-00:00,2022-09-01,01,ALAMT3G_7_B1,ALAMT3G_7_B1,ALAMT3G_7_B1,RTPD,MGHG,LMP_GHG_PRC,ALAMT3G_7_B1,ALL,1,0,1,5
2022-09-01T08:00:00-00:00,2022-09-01T08:15:00-00:00,2022-09-01,02,ALAMT3G_7_B1,ALAMT3G_7_B1,ALAMT3G_7_B1,RTPD,MGHG,LMP_GHG_PRC,ALAMT3G_7_B1,ALL,1,0,1,5
2022-09-01T09:00:00-00:00,2022-09-01T09:15:00-00:00,2022-09-01,03,ALAMT3G_7_B1,ALAMT3G_7_B1,ALAMT3G_7_B1,RTPD,MGHG,LMP_GHG_PRC,ALAMT3G_7_B1,ALL,1,0,1,5
2022-09-01T10:00:00-00:00,2022-09-01T10:15:00-00:00,2022-09-01,04,ALAMT3G_7_B1,ALAMT3G_7_B1,ALAMT3G_7_B1,RTPD,MGHG,LMP_GHG_PRC,ALAMT3G_7_B1,ALL,1,0,1,5
2022-09-01T11:00:00-00:00,2022-09-01T11:15:00-00:00,2022-09-01,05,ALAMT3G_7_B1,ALAMT3G_7_B1,ALAMT3G_7_B1,RTPD,MGHG,LMP_GHG_PRC,ALAMT3G_7_B1,ALL,1,0,1,5
2022-09-01T12:00:00-00:00,2022-09-01T12:15:00-00:00,2022-09-01,06,ALAMT3G_7_B1,ALAMT3G_7_B1,ALAMT3G_7_B1,RTPD,MGHG,LMP_GHG_PRC,ALAMT3G_7_B1,ALL,1,0,1,5
2022-09-01T13:00:00-00:00,2022-09-01T13:15:00-00:00,2022-09-01,07,ALAMT3G_7_B1,ALAMT3G_7_B1,ALAMT3G_7_B1,RTPD,MGHG,LMP_GHG_PRC,ALAMT3G_7_B1,ALL,1,0,1,5
2022-09-01T14:00:00-00:00,2022-09-01T14:15:00-00:00,2022-09-01,08,ALAMT3G_7_B1,ALAMT3G_7_B1,ALAMT3G_7_B1,RTPD,MGHG,LMP_GHG_PRC,ALAMT3G_7_B1,ALL,1,0,1,5
2022-09-01T15:00:00-00:00,2022-09-01T15:15:00-00:00,2022-09-01,09,ALAMT3G_7_B1,ALAMT3G_7_B1,ALAMT3G_7_B1,RTPD,MGHG,LMP_GHG_PRC,ALAMT3G_7_B1,ALL,1,0,1,5
2022-09-01T16:00:00-00:00,2022-09-01T16:15:00-00:00,2022-09-01,10,ALAMT3G_7_B1,ALAMT3G_7_B1,ALAMT3G_7_B1,RTPD,MGHG,LMP_GHG_PRC,ALAMT3G_7_B1,ALL,1,0,1,5
2022-09-01T17:00:00-00:00,2022-09-01T17:15:00-00:00,2022-09-01,11,ALAMT3G_7_B1,ALAMT3G_7_B1,ALAMT3G_7_B1,RTPD,MGHG,LMP_GHG_PRC,ALAMT3G_7_B1,ALL,1,0,1,5
2022-09-01T18:00:00-00:00,2022-09-01T18:15:00-00:00,2022-09-01,12,ALAMT3G_7_B1,ALAMT3G_7_B1,ALAMT3G_7_B1,RTPD,MGHG,LMP_GHG_PRC,ALAMT3G_7_B1,ALL,1,0,1,5
2022-09-01T19:00:00-00:00,2022-09-01T19:15:00-00:00,2022-09-01,13,ALAMT3G_7_B1,ALAMT3G_7_B1,ALAMT3G_7_B1,RTPD,MGHG,LMP_GHG_PRC,ALAMT3G_7_B1,ALL,1,0,1,5
2022-09-01T20:00:00-00:00,2022-09-01T20:15:00-00:00,2022-09-01,14,ALAMT3G_7_B1,ALAMT3G_7_B1,ALAMT3G_7_B1,RTPD,MGHG,LMP_GHG_PRC,ALAMT3G_7_B1,ALL,1,0,1,5
2022-09-01T21:00:00-00:00,2022-09-01T21:15:00-00:00,2022-09-01,15,ALAMT3G_7_B1,ALAMT3G_7_B1,ALAMT3G_7_B1,RTPD,MGHG,LMP_GHG_PRC,ALAMT3G_7_B1,ALL,1,0,1,5
2022-09-01T22:00:00-00:00,2022-09-01T22:15:00-00:00,2022-09-01,16,ALAMT3G_7_B1,ALAMT3G_7_B1,ALAMT3G_7_B1,RTPD,MGHG,LMP_GHG_PRC,ALAMT3G_7_B1,ALL,1,0,1,5
2022-09-01T23:00:00-00:00,2022-09-01T23:15:00-00:00,2022-09-01,17,ALAMT3G_7_B1,ALAMT3G_7_B1,ALAMT3G_7_B1,RTPD,MGHG,LMP_GHG_PRC,ALAMT3G_7_B1,ALL,1,0,1,5
2022-09-02T00:00:00-00:00,2022-09-02T00:15:00-00:00,2022-09-01,18,ALAMT3G_7_B1,ALAMT3G_7_B1,ALAMT3G_7_B1,RTPD,MGHG,LMP_GHG_PRC,ALAMT3G_7_B1,ALL,1,0,1,5
2022-09-02T01:00:00-00:00,2022-09-02T01:15:00-00:00,2022-09-01,19,ALAMT3G_7_B1,ALAMT3G_7_B1,ALAMT3G_7_B1,RTPD,MGHG,LMP_GHG_PRC,ALAMT3G_7_B1,ALL,1,0,1,5
2022-09-02T02:00:00-00:00,2022-09-02T02:15:00-00:00,2022-09-01,20,ALAMT3G_7_B1,ALAMT3G_7_B1,ALAMT3G_7_B1,RTPD,MGHG,LMP_GHG_PRC,ALAMT3G_7_B1,ALL,1,0,1,5
2022-09-02T03:00:00-00:00,2022-09-02T03:15:00-00:00,2022-09-01,21,ALAMT3G_7_B1,ALAMT3G_7_B1,ALAMT3G_7_B1,RTPD,MGHG,LMP_GHG_PRC,ALAMT3G_7_B1,ALL,1,0,1,5
2022-09-02T04:00:00-00:00,2022-09-02T04:15:00-00:00,2022-09-01,22,ALAMT3G_7_B1,ALAMT3G_7_B1,ALAMT3G_7_B1,RTPD,MGHG,LMP_GHG_PRC,ALAMT3G_7_B1,ALL,1,0,1,5
2022-09-02T05:00:00-00:00,2022-09-02T05:15:00-00:00,2022-09-01,23,ALAMT3G_7_B1,ALAMT3G_7_B1,ALAMT3G_7_B1,RTPD,MGHG,LMP_GHG_PRC,ALAMT3G_7_B1,ALL,1,0,1,5
2022-09-02T06:00:00-00:00,2022-09-02T06:15:00-00:00,2022-09-01,24,ALAMT3G_7_B1,ALAMT3G_7_B1,ALAMT3G_7_B1,RTPD,MGHG,LMP_GHG_PRC,ALAMT3G_7_B1,ALL,1,0,1,5
2022-09-01T07:15:00-00:00,2022-09-01T07:30:00-00:00,2022-09-01,01,ALAMT3G_7_B1,ALAMT3G_7_B1,ALAMT3G_7_B1,RTPD,MGHG,LMP_GHG_PRC,ALAMT3G_7_B1,ALL,1,0,2,5
2022-09-01T08:15:00-00:00,2022-09-01T08:30:00-00:00,2022-09-01,02,ALAMT3G_7_B1,ALAMT3G_7_B1,ALAMT3G_7_B1,RTPD,MGHG,LMP_GHG_PRC,ALAMT3G_7_B1,ALL,1,0,2,5
2022-09-01T09:15:00-00:00,2022-09-01T09:30:00-00:00,2022-09-01,03,ALAMT3G_7_B1,ALAMT3G_7_B1,ALAMT3G_7_B1,RTPD,MGHG,LMP_GHG_PRC,ALAMT3G_7_B1,ALL,1,0,2,5
2022-09-01T10:15:00-00:00,2022-09-01T10:30:00-00:00,2022-09-01,04,ALAMT3G_7_B1,ALAMT3G_7_B1,ALAMT3G_7_B1,RTPD,MGHG,LMP_GHG_PRC,ALAMT3G_7_B1,ALL,1,0,2,5
2022-09-01T11:15:00-00:00,2022-09-01T11:30:00-00:00,2022-09-01,05,ALAMT3G_7_B1,ALAMT3G_7_B1,ALAMT3G_7_B1,RTPD,MGHG,LMP_GHG_PRC,ALAMT3G_7_B1,ALL,1,0,2,5
2022-09-01T12:15:00-00:00,2022-09-01T12:30:00-00:00,2022-09-01,06,ALAMT3G_7_B1,ALAMT3G_7_B1,ALAMT3G_7_B1,RTPD,MGHG,LMP_GHG_PRC,ALAMT3G_7_B1,ALL,1,0,2,5
2022-09-01T13:15:00-00:00,2022-09-01T13:30:00-00:00,2022-09-01,07,ALAMT3G_7_B1,ALAMT3G_7_B1,ALAMT3G_7_B1,RTPD,MGHG,LMP_GHG_PRC,ALAMT3G_7_B1,ALL,1,0,2,5
2022-09-01T14:15:00-00:00,2022-09-01T14:30:00-00:00,2022-09-01,08,ALAMT3G_7_B1,ALAMT3G_7_B1,ALAMT3G_7_B1,RTPD,MGHG,LMP_GHG_PRC,ALAMT3G_7_B1,ALL,1,0,2,5
2022-09-01T15:15:00-00:00,2022-09-01T15:30:00-00:00,2022-09-01,09,ALAMT3G_7_B1,ALAMT3G_7_B1,ALAMT3G_7_B1,RTPD,MGHG,LMP_GHG_PRC,ALAMT3G_7_B1,ALL,1,0,2,5
2022-09-01T16:15:00-00:00,2022-09-01T16:30:00-00:00,2022-09-01,10,ALAMT3G_7_B1,ALAMT3G_7_B1,ALAMT3G_7_B1,RTPD,MGHG,LMP_GHG_PRC,ALAMT3G_7_B1,ALL,1,0,2,5
2022-09-01T17:15:00-00:00,2022-09-01T17:30:00-00:00,2022-09-01,11,ALAMT3G_7_B1,ALAMT3G_7_B1,ALAMT3G_7_B1,RTPD,MGHG,LMP_GHG_PRC,ALAMT3G_7_B1,ALL,1,0,2,5
2022-09-01T18:15:00-00:00,2022-09-01T18:30:00-00:00,2022-09-01,12,ALAMT3G_7_B1,ALAMT3G_7_B1,ALAMT3G_7_B1,RTPD,MGHG,LMP_GHG_PRC,ALAMT3G_7_B1,ALL,1,0,2,5
2022-09-01T19:15:00-00:00,2022-09-01T19:30:00-00:00,2022-09-01,13,ALAMT3G_7_B1,ALAMT3G_7_B1,ALAMT3G_7_B1,RTPD,MGHG,LMP_GHG_PRC,ALAMT3G_7_B1,ALL,1,0,2,5
2022-09-01T20:15:00-00:00,2022-09-01T20:30:00-00:00,2022-09-01,14,ALAMT3G_7_B1,ALAMT3G_7_B1,ALAMT3G_7_B1,RTPD,MGHG,LMP_GHG_PRC,ALAMT3G_7_B1,ALL,1,0,2,5
2022-09-01T21:15:00-00:00,2022-09-01T21:30:00-00:00,2022-09-01,15,ALAMT3G_7_B1,ALAMT3G_7_B1,ALAMT3G_7_B1,RTPD,MGHG,LMP_GHG_PRC,ALAMT3G_7_B1,ALL,1,0,2,5
2022-09-01T22:15:00-00:00,2022-09-01T22:30:00-00:00,2022-09-01,16,ALAMT3G_7_B1,ALAMT3G_7_B1,ALAMT3G_7_B1,RTPD,MGHG,LMP_GHG_PRC,ALAMT3G_7_B1,ALL,1,0,2,5
2022-09-01T23:15:00-00:00,2022-09-01T23:30:00-00:00,2022-09-01,17,ALAMT3G_7_B1,ALAMT3G_7_B1,ALAMT3G_7_B1,RTPD,MGHG,LMP_GHG_PRC,ALAMT3G_7_B1,ALL,1,0,2,5
2022-09-02T00:15:00-00:00,2022-09-02T00:30:00-00:00,2022-09-01,18,ALAMT3G_7_B1,ALAMT3G_7_B1,ALAMT3G_7_B1,RTPD,MGHG,LMP_GHG_PRC,ALAMT3G_7_B1,ALL,1,0,2,5
2022-09-02T01:15:00-00:00,2022-09-02T01:30:00-00:00,2022-09-01,19,ALAMT3G_7_B1,ALAMT3G_7_B1,ALAMT3G_7_B1,RTPD,MGHG,LMP_GHG_PRC,ALAMT3G_7_B1,ALL,1,0,2,5
2022-09-02T02:15:00-00:00,2022-09-02T02:30:00-00:00,2022-09-01,20,ALAMT3G_7_B1,ALAMT3G_7_B1,ALAMT3G_7_B1,RTPD,MGHG,LMP_GHG_PRC,ALAMT3G_7_B1,ALL,1,0,2,5
2022-09-02T03:15:00-00:00,2022-09-02T03:30:00-00:00,2022-09-01,21,ALAMT3G_7_B1,ALAMT3G_7_B1,ALAMT3G_7_B1,RTPD,MGHG,LMP_GHG_PRC,ALAMT3G_7_B1,ALL,1,0,2,5
2022-09-02T04:15:00-00:00,2022-09-02T04:30:00-00:00,2022-09-01,22,ALAMT3G_7_B1,ALAMT3G_7_B1,ALAMT3G_7_B1,RTPD,MGHG,LMP_GHG_PRC,ALAMT3G_7_B1,ALL,1,0,2,5
2022-09-02T05:15:00-00:00,2022-09-02T05:30:00-00:00,2022-09-01,23,ALAMT3G_7_B1,ALAMT3G_7_B1,ALAMT3G_7_B1,RTPD,MGHG,LMP_GHG_PRC,ALAMT3G_7_B1,ALL,1,0,2,5
2022-09-02T06:15:00-00:00,2022-09-02T06:30:00-00:00,2022-09-01,24,ALAMT3G_7_B1,ALAMT3G_7_B1,ALAMT3G_7_B1,RTPD,MGHG,LMP_GHG_PRC,ALAMT3G_7_B1,ALL,1,0,2,5
2022-09-01T07:30:00-00:00,2022-09-01T07:45:00-00:00,2022-09-01,01,ALAMT3G_7_B1,ALAMT3G_7_B1,ALAMT3G_7_B1,RTPD,MGHG,LMP_GHG_PRC,ALAMT3G_7_B1,ALL,1,0,3,5
2022-09-01T08:30:00-00:00,2022-09-01T08:45:00-00:00,2022-09-01,02,ALAMT3G_7_B1,ALAMT3G_7_B1,ALAMT3G_7_B1,RTPD,MGHG,LMP_GHG_PRC,ALAMT3G_7_B1,ALL,1,0,3,5
2022-09-01T09:30:00-00:00,2022-09-01T09:45:00-00:00,2022-09-01,03,ALAMT3G_7_B1,ALAMT3G_7_B1,ALAMT3G_7_B1,RTPD,MGHG,LMP_GHG_PRC,ALAMT3G_7_B1,ALL,1,0,3,5
2022-09-01T10:30:00-00:00,2022-09-01T10:45:00-00:00,2022-09-01,04,ALAMT3G_7_B1,ALAMT3G_7_B1,ALAMT3G_7_B1,RTPD,MGHG,LMP_GHG_PRC,ALAMT3G_7_B1,ALL,1,0,3,5
2022-09-01T11:30:00-00:00,2022-09-01T11:45:00-00:00,2022-09-01,05,ALAMT3G_7_B1,ALAMT3G_7_B1,ALAMT3G_7_B1,RTPD,MGHG,LMP_GHG_PRC,ALAMT3G_7_B1,ALL,1,0,3,5
2022-09-01T12:30:00-00:00,2022-09-01T12:45:00-00:00,2022-09-01,06,ALAMT3G_7_B1,ALAMT3G_7_B1,ALAMT3G_7_B1,RTPD,MGHG,LMP_GHG_PRC,ALAMT3G_7_B1,ALL,1,0,3,5
2022-09-01T13:30:00-00:00,2022-09-01T13:45:00-00:00,2022-09-01,07,ALAMT3G_7_B1,ALAMT3G_7_B1,ALAMT3G_7_B1,RTPD,MGHG,LMP_GHG_PRC,ALAMT3G_7_B1,ALL,1,0,3,5
2022-09-01T14:30:00-00:00,2022-09-01T14:45:00-00:00,2022-09-01,08,ALAMT3G_7_B1,ALAMT3G_7_B1,ALAMT3G_7_B1,RTPD,MGHG,LMP_GHG_PRC,ALAMT3G_7_B1,ALL,1,0,3,5
2022-09-01T15:30:00-00:00,2022-09-01T15:45:00-00:00,2022-09-01,09,ALAMT3G_7_B1,ALAMT3G_7_B1,ALAMT3G_7_B1,RTPD,MGHG,LMP_GHG_PRC,ALAMT3G_7_B1,ALL,1,0,3,5
2022-09-01T16:30:00-00:00,2022-09-01T16:45:00-00:00,2022-09-01,10,ALAMT3G_7_B1,ALAMT3G_7_B1,ALAMT3G_7_B1,RTPD,MGHG,LMP_GHG_PRC,ALAMT3G_7_B1,ALL,1,0,3,5
2022-09-01T17:30:00-00:00,2022-09-01T17:45:00-00:00,2022-09-01,11,ALAMT3G_7_B1,ALAMT3G_7_B1,ALAMT3G_7_B1,RTPD,MGHG,LMP_GHG_PRC,ALAMT3G_7_B1,ALL,1,0,3,5
2022-09-01T18:30:00-00:00,2022-09-01T18:45:00-00:00,2022-09-01,12,ALAMT3G_7_B1,ALAMT3G_7_B1,ALAMT3G_7_B1,RTPD,MGHG,LMP_GHG_PRC,ALAMT3G_7_B1,ALL,1,0,3,5
2022-09-01T19:30:00-00:00,2022-09-01T19:45:00-00:00,2022-09-01,13,ALAMT3G_7_B1,ALAMT3G_7_B1,ALAMT3G_7_B1,RTPD,MGHG,LMP_GHG_PRC,ALAMT3G_7_B1,ALL,1,0,3,5
2022-09-01T20:30:00-00:00,2022-09-01T20:45:00-00:00,2022-09-01,14,ALAMT3G_7_B1,ALAMT3G_7_B1,ALAMT3G_7_B1,RTPD,MGHG,LMP_GHG_PRC,ALAMT3G_7_B1,ALL,1,0,3,5
2022-09-01T21:30:00-00:00,2022-09-01T21:45:00-00:00,2022-09-01,15,ALAMT3G_7_B1,ALAMT3G_7_B1,ALAMT3G_7_B1,RTPD,MGHG,LMP_GHG_PRC,ALAMT3G_7_B1,ALL,1,0,3,5
2022-09-01T22:30:00-00:00,2022-09-01T22:45:00-00:00,2022-09-01,16,ALAMT3G_7_B1,ALAMT3G_7_B1,ALAMT3G_7_B1,RTPD,MGHG,LMP_GHG_PRC,ALAMT3G_7_B1,ALL,1,0,3,5
2022-09-01T23:30:00-00:00,2022-09-01T23:45:00-00:00,2022-09-01,17,ALAMT3G_7_B1,ALAMT3G_7_B1,ALAMT3G_7_B1,RTPD,MGHG,LMP_GHG_PRC,ALAMT3G_7_B1,ALL,1,0,3,5
2022-09-02T00:30:00-00:00,2022-09-02T00:45:00-00:00,2022-09-01,18,ALAMT3G_7_B1,ALAMT3G_7_B1,ALAMT3G_7_B1,RTPD,MGHG,LMP_GHG_PRC,ALAMT3G_7_B1,ALL,1,0,3,5
2022-09-02T01:30:00-00:00,2022-09-02T01:45:00-00:00,2022-09-01,19,ALAMT3G_7_B1,ALAMT3G_7_B1,ALAMT3G_7_B1,RTPD,MGHG,LMP_GHG_PRC,ALAMT3G_7_B1,ALL,1,0,3,5
2022-09-02T02:30:00-00:00,2022-09-02T02:45:00-00:00,2022-09-01,20,ALAMT3G_7_B1,ALAMT3G_7_B1,ALAMT3G_7_B1,RTPD,MGHG,LMP_GHG_PRC,ALAMT3G_7_B1,ALL,1,0,3,5
2022-09-02T03:30:00-00:00,2022-09-02T03:45:00-00:00,2022-09-01,21,ALAMT3G_7_B1,ALAMT3G_7_B1,ALAMT3G_7_B1,RTPD,MGHG,LMP_GHG_PRC,ALAMT3G_7_B1,ALL,1,0,3,5
2022-09-02T04:30:00-00:00,2022-09-02T04:45:00-00:00,2022-09-01,22,ALAMT3G_7_B1,ALAMT3G_7_B1,ALAMT3G_7_B1,RTPD,MGHG,LMP_GHG_PRC,ALAMT3G_7_B1,ALL,1,0,3,5
2022-09-02T05:30:00-00:00,2022-09-02T05:45:00-00:00,2022-09-01,23,ALAMT3G_7_B1,ALAMT3G_7_B1,ALAMT3G_7_B1,RTPD,MGHG,LMP_GHG_PRC,ALAMT3G_7_B1,ALL,1,0,3,5
2022-09-02T06:30:00-00:00,2022-09-02T06:45:00-00:00,2022-09-01,24,ALAMT3G_7_B1,ALAMT3G_7_B1,ALAMT3G_7_B1,RTPD,MGHG,LMP_GHG_PRC,ALAMT3G_7_B1,ALL,1,0,3,5
2022-09-01T07:45:00-00:00,2022-09-01T08:00:00-00:00,2022-09-01,01,ALAMT3G_7_B1,ALAMT3G_7_B1,ALAMT3G_7_B1,RTPD,MGHG,LMP_GHG_PRC,ALAMT3G_7_B1,ALL,1,0,4,5
2022-09-01T08:45:00-00:00,2022-09-01T09:00:00-00:00,2022-09-01,02,ALAMT3G_7_B1,ALAMT3G_7_B1,ALAMT3G_7_B1,RTPD,MGHG,LMP_GHG_PRC,ALAMT3G_7_B1,ALL,1,0,4,5
2022-09-01T09:45:00-00:00,2022-09-01T10:00:00-00:00,2022-09-01,03,ALAMT3G_7_B1,ALAMT3G_7_B1,ALAMT3G_7_B1,RTPD,MGHG,LMP_GHG_PRC,ALAMT3G_7_B1,ALL,1,0,4,5
2022-09-01T10:45:00-00:00,2022-09-01T11:00:00-00:00,2022-09-01,04,ALAMT3G_7_B1,ALAMT3G_7_B1,ALAMT3G_7_B1,RTPD,MGHG,LMP_GHG_PRC,ALAMT3G_7_B1,ALL,1,0,4,5
2022-09-01T11:45:00-00:00,2022-09-01T12:00:00-00:00,2022-09-01,05,ALAMT3G_7_B1,ALAMT3G_7_B1,ALAMT3G_7_B1,RTPD,MGHG,LMP_GHG_PRC,ALAMT3G_7_B1,ALL,1,0,4,5
2022-09-01T12:45:00-00:00,2022-09-01T13:00:00-00:00,2022-09-01,06,ALAMT3G_7_B1,ALAMT3G_7_B1,ALAMT3G_7_B1,RTPD,MGHG,LMP_GHG_PRC,ALAMT3G_7_B1,ALL,1,0,4,5
2022-09-01T13:45:00-00:00,2022-09-01T14:00:00-00:00,2022-09-01,07,ALAMT3G_7_B1,ALAMT3G_7_B1,ALAMT3G_7_B1,RTPD,MGHG,LMP_GHG_PRC,ALAMT3G_7_B1,ALL,1,0,4,5
2022-09-01T14:45:00-00:00,2022-09-01T15:00:00-00:00,2022-09-01,08,ALAMT3G_7_B1,ALAMT3G_7_B1,ALAMT3G_7_B1,RTPD,MGHG,LMP_GHG_PRC,ALAMT3G_7_B1,ALL,1,0,4,5
2022-09-01T15:45:00-00:00,2022-09-01T16:00:00-00:00,2022-09-01,09,ALAMT3G_7_B1,ALAMT3G_7_B1,ALAMT3G_7_B1,RTPD,MGHG,LMP_GHG_PRC,ALAMT3G_7_B1,ALL,1,0,4,5
2022-09-01T16:45:00-00:00,2022-09-01T17:00:00-00:00,2022-09-01,10,ALAMT3G_7_B1,ALAMT3G_7_B1,ALAMT3G_7_B1,RTPD,MGHG,LMP_GHG_PRC,ALAMT3G_7_B1,ALL,1,0,4,5
2022-09-01T17:45:00-00:00,2022-09-01T18:00:00-00:00,2022-09-01,11,ALAMT3G_7_B1,ALAMT3G_7_B1,ALAMT3G_7_B1,RTPD,MGHG,LMP_GHG_PRC,ALAMT3G_7_B1,ALL,1,0,4,5
2022-09-01T18:45:00-00:00,2022-09-01T19:00:00-00:00,2022-09-01,12,ALAMT3G_7_B1,ALAMT3G_7_B1,ALAMT3G_7_B1,RTPD,MGHG,LMP_GHG_PRC,ALAMT3G_7_B1,ALL,1,0,4,5
2022-09-01T19:45:00-00:00,2022-09-01T20:00:00-00:00,2022-09-01,13,ALAMT3G_7_B1,ALAMT3G_7_B1,ALAMT3G_7_B1,RTPD,MGHG,LMP_GHG_PRC,ALAMT3G_7_B1,ALL,1,0,4,5
2022-09-01T20:45:00-00:00,2022-09-01T21:00:00-00:00,2022-09-01,14,ALAMT3G_7_B1,ALAMT3G_7_B1,ALAMT3G_7_B1,RTPD,MGHG,LMP_GHG_PRC,ALAMT3G_7_B1,ALL,1,0,4,5
2022-09-01T21:45:00-00:00,2022-09-01T22:00:00-00:00,2022-09-01,15,ALAMT3G_7_B1,ALAMT3G_7_B1,ALAMT3G_7_B1,RTPD,MGHG,LMP_GHG_PRC,ALAMT3G_7_B1,ALL,1,0,4,5
2022-09-01T22:45:00-00:00,2022-09-01T23:00:00-00:00,2022-09-01,16,ALAMT3G_7_B1,ALAMT3G_7_B1,ALAMT3G_7_B1,RTPD,MGHG,LMP_GHG_PRC,ALAMT3G_7_B1,ALL,1,0,4,5
2022-09-01T23:45:00-00:00,2022-09-02T00:00:00-00:00,2022-09-01,17,ALAMT3G_7_B1,ALAMT3G_7_B1,ALAMT3G_7_B1,RTPD,MGHG,LMP_GHG_PRC,ALAMT3G_7_B1,ALL,1,0,4,5
2022-09-02T00:45:00-00:00,2022-09-02T01:00:00-00:00,2022-09-01,18,ALAMT3G_7_B1,ALAMT3G_7_B1,ALAMT3G_7_B1,RTPD,MGHG,LMP_GHG_PRC,ALAMT3G_7_B1,ALL,1,0,4,5
2022-09-02T01:45:00-00:00,2022-09-02T02:00:00-00:00,2022-09-01,19,ALAMT3G_7_B1,ALAMT3G_7_B1,ALAMT3G_7_B1,RTPD,MGHG,LMP_GHG_PRC,ALAMT3G_7_B1,ALL,1,0,4,5
2022-09-02T02:45:00-00:00,2022-09-02T03:00:00-00:00,2022-09-01,20,ALAMT3G_7_B1,ALAMT3G_7_B1,ALAMT3G_7_B1,RTPD,MGHG,LMP_GHG_PRC,ALAMT3G_7_B1,ALL,1,0,4,5
2022-09-02T03:45:00-00:00,2022-09-02T04:00:00-00:00,2022-09-01,21,ALAMT3G_7_B1,ALAMT3G_7_B1,ALAMT3G_7_B1,RTPD,MGHG,LMP_GHG_PRC,ALAMT3G_7_B1,ALL,1,0,4,5
2022-09-02T04:45:00-00:00,2022-09-02T05:00:00-00:00,2022-09-01,22,ALAMT3G_7_B1,ALAMT3G_7_B1,ALAMT3G_7_B1,RTPD,MGHG,LMP_GHG_PRC,ALAMT3G_7_B1,ALL,1,0,4,5
2022-09-02T05:45:00-00:00,2022-09-02T06:00:00-00:00,2022-09-01,23,ALAMT3G_7_B1,ALAMT3G_7_B1,ALAMT3G_7_B1,RTPD,MGHG,LMP_GHG_PRC,ALAMT3G_7_B1,ALL,1,0,4,5
2022-09-02T06:45:00-00:00,2022-09-02T07:00:00-00:00,2022-09-01,24,ALAMT3G_7_B1,ALAMT3G_7_B1,ALAMT3G_7_B1,RTPD,MGHG,LMP_GHG_PRC,ALAMT3G_7_B1,ALL,1,0,4,5
