INTERVALSTARTTIME_GMT,INTERVALENDTIME_GMT,OPR_DT,OPR_HR,NODE_ID_XML,NODE_ID,NODE,MARKET_RUN_ID,LMP_TYPE,XML_DATA_ITEM,PNODE_RESMRID,GRP_TYPE,POS,PRC,OPR_INTERVAL,GROUP
2022-09-01T07:00:00-00:00,2022-09-01T07:15:00-00:00,2022-09-01,01,ALAMOSC_7_N001,ALAMOSC_7_N001,ALAMOSC_7_N001,RTPD,LMP,LMP_PRC,ALAMOSC_7_N001,ALL,1,150.15115,1,1
2022-09-01T08:00:00-00:00,2022-09-01T08:15:00-00:00,2022-09-01,02,ALAMOSC_7_N001,ALAMOSC_7_N001,ALAMOSC_7_N001,RTPD,LMP,LMP_PRC,ALAMOSC_7_N001,ALL,1,118.82942,1,1
2022-09-01T09:00:00-00:00,2022-09-01T09:15:00-00:00,2022-09-01,03,ALAMOSC_7_N001,ALAMOSC_7_N001,ALAMOSC_7_N001,RTPD,LMP,LMP_PRC,ALAMOSC_7_N001,ALL,1,113.37147,1,1
2022-09-01T10:00:00-00:00,2022-09-01T10:15:00-00:00,2022-09-01,04,ALAMOSC_7_N001,ALAMOSC_7_N001,ALAMOSC_7_N001,RTPD,LMP,LMP_PRC,ALAMOSC_7_N001,ALL,1,110.81116,1,1
2022-09-01T11:00:00-00:00,2022-09-01T11:15:00-00:00,2022-09-01,05,ALAMOSC_7_N001,ALAMOSC_7_N001,ALAMOSC_7_N001,RTPD,LMP,LMP_PRC,ALAMOSC_7_N001,ALL,1,110.96896,1,1
2022-09-01T12:00:00-00:00,2022-09-01T12:15:00-00:00,2022-09-01,06,ALAMOSC_7_N001,ALAMOSC_7_N001,ALAMOSC_7_N001,RTPD,LMP,LMP_PRC,ALAMOSC_7_N001,ALL,1,114.66922,1,1
2022-09-01T13:00:00-00:00,2022-09-01T13:15:00-00:00,2022-09-01,07,ALAMOSC_7_N001,ALAMOSC_7_N001,ALAMOSC_7_N001,RTPD,LMP,LMP_PRC,ALAMOSC_7_N001,ALL,1,115.69588,1,1
2022-09-01T14:00:00-00:00,2022-09-01T14:15:00-00:00,2022-09-01,08,ALAMOSC_7_N001,ALAMOSC_7_N001,ALAMOSC_7_N001,RTPD,LMP,LMP_PRC,ALAMOSC_7_N001,ALL,1,117.15669,1,1
2022-09-01T15:00:00-00:00,2022-09-01T15:15:00-00:00,2022-09-01,09,ALAMOSC_7_N001,ALAMOSC_7_N001,ALAMOSC_7_N001,RTPD,LMP,LMP_PRC,ALAMOSC_7_N001,ALL,1,97.4112,1,1
2022-09-01T16:00:00-00:00,2022-09-01T16:15:00-00:00,2022-09-01,10,ALAMOSC_7_N001,ALAMOSC_7_N001,ALAMOSC_7_N001,RTPD,LMP,LMP_PRC,ALAMOSC_7_N001,ALL,1,106.82166,1,1
2022-09-01T17:00:00-00:00,2022-09-01T17:15:00-00:00,2022-09-01,11,ALAMOSC_7_N001,ALAMOSC_7_N001,ALAMOSC_7_N001,RTPD,LMP,LMP_PRC,ALAMOSC_7_N001,ALL,1,115.86147,1,1
2022-09-01T18:00:00-00:00,2022-09-01T18:15:00-00:00,2022-09-01,12,ALAMOSC_7_N001,ALAMOSC_7_N001,ALAMOSC_7_N001,RTPD,LMP,LMP_PRC,ALAMOSC_7_N001,ALL,1,203.57607,1,1
2022-09-01T19:00:00-00:00,2022-09-01T19:15:00-00:00,2022-09-01,13,ALAMOSC_7_N001,ALAMOSC_7_N001,ALAMOSC_7_N001,RTPD,LMP,LMP_PRC,ALAMOSC_7_N001,ALL,1,201.40314,1,1
2022-09-01T20:00:00-00:00,2022-09-01T20:15:00-00:00,2022-09-01,14,ALAMOSC_7_N001,ALAMOSC_7_N001,ALAMOSC_7_N001,RTPD,LMP,LMP_PRC,ALAMOSC_7_N001,ALL,1,121.67284,1,1
2022-09-01T21:00:00-00:00,2022-09-01T21:15:00-00:00,2022-09-01,15,ALAMOSC_7_N001,ALAMOSC_7_N001,ALAMOSC_7_N001,RTPD,LMP,LMP_PRC,ALAMOSC_7_N001,ALL,1,305.95792,1,1
2022-09-01T22:00:00-00:00,2022-09-01T22:15:00-00:00,2022-09-01,16,ALAMOSC_7_N001,ALAMOSC_7_N001,ALAMOSC_7_N001,RTPD,LMP,LMP_PRC,ALAMOSC_7_N001,ALL,1,315.87494,1,1
2022-09-01T23:00:00-00:00,2022-09-01T23:15:00-00:00,2022-09-01,17,ALAMOSC_7_N001,ALAMOSC_7_N001,ALAMOSC_7_N001,RTPD,LMP,LMP_PRC,ALAMOSC_7_N001,ALL,1,555.92456,1,1
2022-09-02T00:00:00-00:00,2022-09-02T00:15:00-00:00,2022-09-01,18,ALAMOSC_7_N001,ALAMOSC_7_N001,ALAMOSC_7_N001,RTPD,LMP,LMP_PRC,ALAMOSC_7_N001,ALL,1,991.7699,1,1
2022-09-02T01:00:00-00:00,2022-09-02T01:15:00-00:00,2022-09-01,19,ALAMOSC_7_N001,ALAMOSC_7_N001,ALAMOSC_7_N001,RTPD,LMP,LMP_PRC,ALAMOSC_7_N001,ALL,1,1123.3484,1,1
2022-09-02T02:00:00-00:00,2022-09-02T02:15:00-00:00,2022-09-01,20,ALAMOSC_7_N001,ALAMOSC_7_N001,ALAMOSC_7_N001,RTPD,LMP,LMP_PRC,ALAMOSC_7_N001,ALL,1,1849.8008,1,1
2022-09-02T03:00:00-00:00,2022-09-02T03:15:00-00:00,2022-09-01,21,ALAMOSC_7_N001,ALAMOSC_7_N001,ALAMOSC_7_N001,RTPD,LMP,LMP_PRC,ALAMOSC_7_N001,ALL,1,58.85464,1,1
2022-09-02T04:00:00-00:00,2022-09-02T04:15:00-00:00,2022-09-01,22,ALAMOSC_7_N001,ALAMOSC_7_N001,ALAMOSC_7_N001,RTPD,LMP,LMP_PRC,ALAMOSC_7_N001,ALL,1,213.96552,1,1
2022-09-02T05:00:00-00:00,2022-09-02T05:15:00-00:00,2022-09-01,23,ALAMOSC_7_N001,ALAMOSC_7_N001,ALAMOSC_7_N001,RTPD,LMP,LMP_PRC,ALAMOSC_7_N001,ALL,1,210.20047,1,1
2022-09-02T06:00:00-00:00,2022-09-02T06:15:00-00:00,2022-09-01,24,ALAMOSC_7_N001,ALAMOSC_7_N001,ALAMOSC_7_N001,RTPD,LMP,LMP_PRC,ALAMOSC_7_N001,ALL,1,163.04558,1,1
2022-09-01T07:15:00-00:00,2022-09-01T07:30:00-00:00,2022-09-01,01,ALAMOSC_7_N001,ALAMOSC_7_N001,ALAMOSC_7_N001,RTPD,LMP,LMP_PRC,ALAMOSC_7_N001,ALL,1,135.24998,2,1
2022-09-01T08:15:00-00:00,2022-09-01T08:30:00-00:00,2022-09-01,02,ALAMOSC_7_N001,ALAMOSC_7_N001,ALAMOSC_7_N001,RTPD,LMP,LMP_PRC,ALAMOSC_7_N001,ALL,1,116.42711,2,1
2022-09-01T09:15:00-00:00,2022-09-01T09:30:00-00:00,2022-09-01,03,ALAMOSC_7_N001,ALAMOSC_7_N001,ALAMOSC_7_N001,RTPD,LMP,LMP_PRC,ALAMOSC_7_N001,ALL,1,113.10516,2,1
2022-09-01T10:15:00-00:00,2022-09-01T10:30:00-00:00,2022-09-01,04,ALAMOSC_7_N001,ALAMOSC_7_N001,ALAMOSC_7_N001,RTPD,LMP,LMP_PRC,ALAMOSC_7_N001,ALL,1,110.86441,2,1
2022-09-01T11:15:00-00:00,2022-09-01T11:30:00-00:00,2022-09-01,05,ALAMOSC_7_N001,ALAMOSC_7_N001,ALAMOSC_7_N001,RTPD,LMP,LMP_PRC,ALAMOSC_7_N001,ALL,1,111.7502,2,1
2022-09-01T12:15:00-00:00,2022-09-01T12:30:00-00:00,2022-09-01,06,ALAMOSC_7_N001,ALAMOSC_7_N001,ALAMOSC_7_N001,RTPD,LMP,LMP_PRC,ALAMOSC_7_N001,ALL,1,124.44549,2,1
2022-09-01T13:15:00-00:00,2022-09-01T13:30:00-00:00,2022-09-01,07,ALAMOSC_7_N001,ALAMOSC_7_N001,ALAMOSC_7_N001,RTPD,LMP,LMP_PRC,ALAMOSC_7_N001,ALL,1,119.22062,2,1
2022-09-01T14:15:00-00:00,2022-09-01T14:30:00-00:00,2022-09-01,08,ALAMOSC_7_N001,ALAMOSC_7_N001,ALAMOSC_7_N001,RTPD,LMP,LMP_PRC,ALAMOSC_7_N001,ALL,1,197.64265,2,1
2022-09-01T15:15:00-00:00,2022-09-01T15:30:00-00:00,2022-09-01,09,ALAMOSC_7_N001,ALAMOSC_7_N001,ALAMOSC_7_N001,RTPD,LMP,LMP_PRC,ALAMOSC_7_N001,ALL,1,107.97131,2,1
2022-09-01T16:15:00-00:00,2022-09-01T16:30:00-00:00,2022-09-01,10,ALAMOSC_7_N001,ALAMOSC_7_N001,ALAMOSC_7_N001,RTPD,LMP,LMP_PRC,ALAMOSC_7_N001,ALL,1,106.82106,2,1
2022-09-01T17:15:00-00:00,2022-09-01T17:30:00-00:00,2022-09-01,11,ALAMOSC_7_N001,ALAMOSC_7_N001,ALAMOSC_7_N001,RTPD,LMP,LMP_PRC,ALAMOSC_7_N001,ALL,1,122.29578,2,1
2022-09-01T18:15:00-00:00,2022-09-01T18:30:00-00:00,2022-09-01,12,ALAMOSC_7_N001,ALAMOSC_7_N001,ALAMOSC_7_N001,RTPD,LMP,LMP_PRC,ALAMOSC_7_N001,ALL,1,204.55818,2,1
2022-09-01T19:15:00-00:00,2022-09-01T19:30:00-00:00,2022-09-01,13,ALAMOSC_7_N001,ALAMOSC_7_N001,ALAMOSC_7_N001,RTPD,LMP,LMP_PRC,ALAMOSC_7_N001,ALL,1,144.65297,2,1
2022-09-01T20:15:00-00:00,2022-09-01T20:30:00-00:00,2022-09-01,14,ALAMOSC_7_N001,ALAMOSC_7_N001,ALAMOSC_7_N001,RTPD,LMP,LMP_PRC,ALAMOSC_7_N001,ALL,1,120.85247,2,1
2022-09-01T21:15:00-00:00,2022-09-01T21:30:00-00:00,2022-09-01,15,ALAMOSC_7_N001,ALAMOSC_7_N001,ALAMOSC_7_N001,RTPD,LMP,LMP_PRC,ALAMOSC_7_N001,ALL,1,168.65472,2,1
2022-09-01T22:15:00-00:00,2022-09-01T22:30:00-00:00,2022-09-01,16,ALAMOSC_7_N001,ALAMOSC_7_N001,ALAMOSC_7_N001,RTPD,LMP,LMP_PRC,ALAMOSC_7_N001,ALL,1,319.4667,2,1
2022-09-01T23:15:00-00:00,2022-09-01T23:30:00-00:00,2022-09-01,17,ALAMOSC_7_N001,ALAMOSC_7_N001,ALAMOSC_7_N001,RTPD,LMP,LMP_PRC,ALAMOSC_7_N001,ALL,1,483.98157,2,1
2022-09-02T00:15:00-00:00,2022-09-02T00:30:00-00:00,2022-09-01,18,ALAMOSC_7_N001,ALAMOSC_7_N001,ALAMOSC_7_N001,RTPD,LMP,LMP_PRC,ALAMOSC_7_N001,ALL,1,900.6092,2,1
2022-09-02T01:15:00-00:00,2022-09-02T01:30:00-00:00,2022-09-01,19,ALAMOSC_7_N001,ALAMOSC_7_N001,ALAMOSC_7_N001,RTPD,LMP,LMP_PRC,ALAMOSC_7_N001,ALL,1,1999.92,2,1
2022-09-02T02:15:00-00:00,2022-09-02T02:30:00-00:00,2022-09-01,20,ALAMOSC_7_N001,ALAMOSC_7_N001,ALAMOSC_7_N001,RTPD,LMP,LMP_PRC,ALAMOSC_7_N001,ALL,1,1849.8008,2,1
2022-09-02T03:15:00-00:00,2022-09-02T03:30:00-00:00,2022-09-01,21,ALAMOSC_7_N001,ALAMOSC_7_N001,ALAMOSC_7_N001,RTPD,LMP,LMP_PRC,ALAMOSC_7_N001,ALL,1,178.45537,2,1
2022-09-02T04:15:00-00:00,2022-09-02T04:30:00-00:00,2022-09-01,22,ALAMOSC_7_N001,ALAMOSC_7_N001,ALAMOSC_7_N001,RTPD,LMP,LMP_PRC,ALAMOSC_7_N001,ALL,1,181.87099,2,1
2022-09-02T05:15:00-00:00,2022-09-02T05:30:00-00:00,2022-09-01,23,ALAMOSC_7_N001,ALAMOSC_7_N001,ALAMOSC_7_N001,RTPD,LMP,LMP_PRC,ALAMOSC_7_N001,ALL,1,181.50195,2,1
2022-09-02T06:15:00-00:00,2022-09-02T06:30:00-00:00,2022-09-01,24,ALAMOSC_7_N001,ALAMOSC_7_N001,ALAMOSC_7_N001,RTPD,LMP,LMP_PRC,ALAMOSC_7_N001,ALL,1,153.9697,2,1
2022-09-01T07:30:00-00:00,2022-09-01T07:45:00-00:00,2022-09-01,01,ALAMOSC_7_N001,ALAMOSC_7_N001,ALAMOSC_7_N001,RTPD,LMP,LMP_PRC,ALAMOSC_7_N001,ALL,1,134.85199,3,1
2022-09-01T08:30:00-00:00,2022-09-01T08:45:00-00:00,2022-09-01,02,ALAMOSC_7_N001,ALAMOSC_7_N001,ALAMOSC_7_N001,RTPD,LMP,LMP_PRC,ALAMOSC_7_N001,ALL,1,120.40226,3,1
2022-09-01T09:30:00-00:00,2022-09-01T09:45:00-00:00,2022-09-01,03,ALAMOSC_7_N001,ALAMOSC_7_N001,ALAMOSC_7_N001,RTPD,LMP,LMP_PRC,ALAMOSC_7_N001,ALL,1,112.69408,3,1
2022-09-01T10:30:00-00:00,2022-09-01T10:45:00-00:00,2022-09-01,04,ALAMOSC_7_N001,ALAMOSC_7_N001,ALAMOSC_7_N001,RTPD,LMP,LMP_PRC,ALAMOSC_7_N001,ALL,1,107.77691,3,1
2022-09-01T11:30:00-00:00,2022-09-01T11:45:00-00:00,2022-09-01,05,ALAMOSC_7_N001,ALAMOSC_7_N001,ALAMOSC_7_N001,RTPD,LMP,LMP_PRC,ALAMOSC_7_N001,ALL,1,111.88409,3,1
2022-09-01T12:30:00-00:00,2022-09-01T12:45:00-00:00,2022-09-01,06,ALAMOSC_7_N001,ALAMOSC_7_N001,ALAMOSC_7_N001,RTPD,LMP,LMP_PRC,ALAMOSC_7_N001,ALL,1,132.98341,3,1
2022-09-01T13:30:00-00:00,2022-09-01T13:45:00-00:00,2022-09-01,07,ALAMOSC_7_N001,ALAMOSC_7_N001,ALAMOSC_7_N001,RTPD,LMP,LMP_PRC,ALAMOSC_7_N001,ALL,1,119.12593,3,1
2022-09-01T14:30:00-00:00,2022-09-01T14:45:00-00:00,2022-09-01,08,ALAMOSC_7_N001,ALAMOSC_7_N001,ALAMOSC_7_N001,RTPD,LMP,LMP_PRC,ALAMOSC_7_N001,ALL,1,198.42482,3,1
2022-09-01T15:30:00-00:00,2022-09-01T15:45:00-00:00,2022-09-01,09,ALAMOSC_7_N001,ALAMOSC_7_N001,ALAMOSC_7_N001,RTPD,LMP,LMP_PRC,ALAMOSC_7_N001,ALL,1,107.97139,3,1
2022-09-01T16:30:00-00:00,2022-09-01T16:45:00-00:00,2022-09-01,10,ALAMOSC_7_N001,ALAMOSC_7_N001,ALAMOSC_7_N001,RTPD,LMP,LMP_PRC,ALAMOSC_7_N001,ALL,1,104.79698,3,1
2022-09-01T17:30:00-00:00,2022-09-01T17:45:00-00:00,2022-09-01,11,ALAMOSC_7_N001,ALAMOSC_7_N001,ALAMOSC_7_N001,RTPD,LMP,LMP_PRC,ALAMOSC_7_N001,ALL,1,121.66992,3,1
2022-09-01T18:30:00-00:00,2022-09-01T18:45:00-00:00,2022-09-01,12,ALAMOSC_7_N001,ALAMOSC_7_N001,ALAMOSC_7_N001,RTPD,LMP,LMP_PRC,ALAMOSC_7_N001,ALL,1,205.99637,3,1
2022-09-01T19:30:00-00:00,2022-09-01T19:45:00-00:00,2022-09-01,13,ALAMOSC_7_N001,ALAMOSC_7_N001,ALAMOSC_7_N001,RTPD,LMP,LMP_PRC,ALAMOSC_7_N001,ALL,1,144.41872,3,1
2022-09-01T20:30:00-00:00,2022-09-01T20:45:00-00:00,2022-09-01,14,ALAMOSC_7_N001,ALAMOSC_7_N001,ALAMOSC_7_N001,RTPD,LMP,LMP_PRC,ALAMOSC_7_N001,ALL,1,143.36595,3,1
2022-09-01T21:30:00-00:00,2022-09-01T21:45:00-00:00,2022-09-01,15,ALAMOSC_7_N001,ALAMOSC_7_N001,ALAMOSC_7_N001,RTPD,LMP,LMP_PRC,ALAMOSC_7_N001,ALL,1,172.62901,3,1
2022-09-01T22:30:00-00:00,2022-09-01T22:45:00-00:00,2022-09-01,16,ALAMOSC_7_N001,ALAMOSC_7_N001,ALAMOSC_7_N001,RTPD,LMP,LMP_PRC,ALAMOSC_7_N001,ALL,1,-114.7025,3,1
2022-09-01T23:30:00-00:00,2022-09-01T23:45:00-00:00,2022-09-01,17,ALAMOSC_7_N001,ALAMOSC_7_N001,ALAMOSC_7_N001,RTPD,LMP,LMP_PRC,ALAMOSC_7_N001,ALL,1,566.48157,3,1
2022-09-02T00:30:00-00:00,2022-09-02T00:45:00-00:00,2022-09-01,18,ALAMOSC_7_N001,ALAMOSC_7_N001,ALAMOSC_7_N001,RTPD,LMP,LMP_PRC,ALAMOSC_7_N001,ALL,1,1617.5111,3,1
2022-09-02T01:30:00-00:00,2022-09-02T01:45:00-00:00,2022-09-01,19,ALAMOSC_7_N001,ALAMOSC_7_N001,ALAMOSC_7_N001,RTPD,LMP,LMP_PRC,ALAMOSC_7_N001,ALL,1,1999.92,3,1
2022-09-02T02:30:00-00:00,2022-09-02T02:45:00-00:00,2022-09-01,20,ALAMOSC_7_N001,ALAMOSC_7_N001,ALAMOSC_7_N001,RTPD,LMP,LMP_PRC,ALAMOSC_7_N001,ALL,1,1849.8008,3,1
2022-09-02T03:30:00-00:00,2022-09-02T03:45:00-00:00,2022-09-01,21,ALAMOSC_7_N001,ALAMOSC_7_N001,ALAMOSC_7_N001,RTPD,LMP,LMP_PRC,ALAMOSC_7_N001,ALL,1,221.85733,3,1
2022-09-02T04:30:00-00:00,2022-09-02T04:45:00-00:00,2022-09-01,22,ALAMOSC_7_N001,ALAMOSC_7_N001,ALAMOSC_7_N001,RTPD,LMP,LMP_PRC,ALAMOSC_7_N001,ALL,1,167.6173,3,1
2022-09-02T05:30:00-00:00,2022-09-02T05:45:00-00:00,2022-09-01,23,ALAMOSC_7_N001,ALAMOSC_7_N001,ALAMOSC_7_N001,RTPD,LMP,LMP_PRC,ALAMOSC_7_N001,ALL,1,151.66795,3,1
2022-09-02T06:30:00-00:00,2022-09-02T06:45:00-00:00,2022-09-01,24,ALAMOSC_7_N001,ALAMOSC_7_N001,ALAMOSC_7_N001,RTPD,LMP,LMP_PRC,ALAMOSC_7_N001,ALL,1,148.04967,3,1
2022-09-01T07:45:00-00:00,2022-09-01T08:00:00-00:00,2022-09-01,01,ALAMOSC_7_N001,ALAMOSC_7_N001,ALAMOSC_7_N001,RTPD,LMP,LMP_PRC,ALAMOSC_7_N001,ALL,1,127.19855,4,1
2022-09-01T08:45:00-00:00,2022-09-01T09:00:00-00:00,2022-09-01,02,ALAMOSC_7_N001,ALAMOSC_7_N001,ALAMOSC_7_N001,RTPD,LMP,LMP_PRC,ALAMOSC_7_N001,ALL,1,111.15613,4,1
2022-09-01T09:45:00-00:00,2022-09-01T10:00:00-00:00,2022-09-01,03,ALAMOSC_7_N001,ALAMOSC_7_N001,ALAMOSC_7_N001,RTPD,LMP,LMP_PRC,ALAMOSC_7_N001,ALL,1,111.22954,4,1
2022-09-01T10:45:00-00:00,2022-09-01T11:00:00-00:00,2022-09-01,04,ALAMOSC_7_N001,ALAMOSC_7_N001,ALAMOSC_7_N001,RTPD,LMP,LMP_PRC,ALAMOSC_7_N001,ALL,1,103.7192,4,1
2022-09-01T11:45:00-00:00,2022-09-01T12:00:00-00:00,2022-09-01,05,ALAMOSC_7_N001,ALAMOSC_7_N001,ALAMOSC_7_N001,RTPD,LMP,LMP_PRC,ALAMOSC_7_N001,ALL,1,107.01,4,1
2022-09-01T12:45:00-00:00,2022-09-01T13:00:00-00:00,2022-09-01,06,ALAMOSC_7_N001,ALAMOSC_7_N001,ALAMOSC_7_N001,RTPD,LMP,LMP_PRC,ALAMOSC_7_N001,ALL,1,118.91279,4,1
2022-09-01T13:45:00-00:00,2022-09-01T14:00:00-00:00,2022-09-01,07,ALAMOSC_7_N001,ALAMOSC_7_N001,ALAMOSC_7_N001,RTPD,LMP,LMP_PRC,ALAMOSC_7_N001,ALL,1,111.41,4,1
2022-09-01T14:45:00-00:00,2022-09-01T15:00:00-00:00,2022-09-01,08,ALAMOSC_7_N001,ALAMOSC_7_N001,ALAMOSC_7_N001,RTPD,LMP,LMP_PRC,ALAMOSC_7_N001,ALL,1,107.30139,4,1
2022-09-01T15:45:00-00:00,2022-09-01T16:00:00-00:00,2022-09-01,09,ALAMOSC_7_N001,ALAMOSC_7_N001,ALAMOSC_7_N001,RTPD,LMP,LMP_PRC,ALAMOSC_7_N001,ALL,1,107.97213,4,1
2022-09-01T16:45:00-00:00,2022-09-01T17:00:00-00:00,2022-09-01,10,ALAMOSC_7_N001,ALAMOSC_7_N001,ALAMOSC_7_N001,RTPD,LMP,LMP_PRC,ALAMOSC_7_N001,ALL,1,106.82088,4,1
2022-09-01T17:45:00-00:00,2022-09-01T18:00:00-00:00,2022-09-01,11,ALAMOSC_7_N001,ALAMOSC_7_N001,ALAMOSC_7_N001,RTPD,LMP,LMP_PRC,ALAMOSC_7_N001,ALL,1,121.49834,4,1
2022-09-01T18:45:00-00:00,2022-09-01T19:00:00-00:00,2022-09-01,12,ALAMOSC_7_N001,ALAMOSC_7_N001,ALAMOSC_7_N001,RTPD,LMP,LMP_PRC,ALAMOSC_7_N001,ALL,1,206.21642,4,1
2022-09-01T19:45:00-00:00,2022-09-01T20:00:00-00:00,2022-09-01,13,ALAMOSC_7_N001,ALAMOSC_7_N001,ALAMOSC_7_N001,RTPD,LMP,LMP_PRC,ALAMOSC_7_N001,ALL,1,131.18513,4,1
2022-09-01T20:45:00-00:00,2022-09-01T21:00:00-00:00,2022-09-01,14,ALAMOSC_7_N001,ALAMOSC_7_N001,ALAMOSC_7_N001,RTPD,LMP,LMP_PRC,ALAMOSC_7_N001,ALL,1,176.70297,4,1
2022-09-01T21:45:00-00:00,2022-09-01T22:00:00-00:00,2022-09-01,15,ALAMOSC_7_N001,ALAMOSC_7_N001,ALAMOSC_7_N001,RTPD,LMP,LMP_PRC,ALAMOSC_7_N001,ALL,1,371.85938,4,1
2022-09-01T22:45:00-00:00,2022-09-01T23:00:00-00:00,2022-09-01,16,ALAMOSC_7_N001,ALAMOSC_7_N001,ALAMOSC_7_N001,RTPD,LMP,LMP_PRC,ALAMOSC_7_N001,ALL,1,-172.83128,4,1
2022-09-01T23:45:00-00:00,2022-09-02T00:00:00-00:00,2022-09-01,17,ALAMOSC_7_N001,ALAMOSC_7_N001,ALAMOSC_7_N001,RTPD,LMP,LMP_PRC,ALAMOSC_7_N001,ALL,1,1514.1791,4,1
2022-09-02T00:45:00-00:00,2022-09-02T01:00:00-00:00,2022-09-01,18,ALAMOSC_7_N001,ALAMOSC_7_N001,ALAMOSC_7_N001,RTPD,LMP,LMP_PRC,ALAMOSC_7_N001,ALL,1,1764.7278,4,1
2022-09-02T01:45:00-00:00,2022-09-02T02:00:00-00:00,2022-09-01,19,ALAMOSC_7_N001,ALAMOSC_7_N001,ALAMOSC_7_N001,RTPD,LMP,LMP_PRC,ALAMOSC_7_N001,ALL,1,1849.8008,4,1
2022-09-02T02:45:00-00:00,2022-09-02T03:00:00-00:00,2022-09-01,20,ALAMOSC_7_N001,ALAMOSC_7_N001,ALAMOSC_7_N001,RTPD,LMP,LMP_PRC,ALAMOSC_7_N001,ALL,1,1846.2518,4,1
2022-09-02T03:45:00-00:00,2022-09-02T04:00:00-00:00,2022-09-01,21,ALAMOSC_7_N001,ALAMOSC_7_N001,ALAMOSC_7_N001,RTPD,LMP,LMP_PRC,ALAMOSC_7_N001,ALL,1,166.77223,4,1
2022-09-02T04:45:00-00:00,2022-09-02T05:00:00-00:00,2022-09-01,22,ALAMOSC_7_N001,ALAMOSC_7_N001,ALAMOSC_7_N001,RTPD,LMP,LMP_PRC,ALAMOSC_7_N001,ALL,1,148.52757,4,1
2022-09-02T05:45:00-00:00,2022-09-02T06:00:00-00:00,2022-09-01,23,ALAMOSC_7_N001,ALAMOSC_7_N001,ALAMOSC_7_N001,RTPD,LMP,LMP_PRC,ALAMOSC_7_N001,ALL,1,131.47302,4,1
2022-09-02T06:45:00-00:00,2022-09-02T07:00:00-00:00,2022-09-01,24,ALAMOSC_7_N001,ALAMOSC_7_N001,ALAMOSC_7_N001,RTPD,LMP,LMP_PRC,ALAMOSC_7_N001,ALL,1,121.76162,4,1
2022-09-01T07:00:00-00:00,2022-09-01T07:15:00-00:00,2022-09-01,01,ALAMOSC_7_N001,ALAMOSC_7_N001,ALAMOSC_7_N001,RTPD,MCC,LMP_CONG_PRC,ALAMOSC_7_N001,ALL,1,46.61481,1,2
2022-09-01T08:00:00-00:00,2022-09-01T08:15:00-00:00,2022-09-01,02,ALAMOSC_7_N001,ALAMOSC_7_N001,ALAMOSC_7_N001,RTPD,MCC,LMP_CONG_PRC,ALAMOSC_7_N001,ALL,1,3.28063,1,2
2022-09-01T09:00:00-00:00,2022-09-01T09:15:00-00:00,2022-09-01,03,ALAMOSC_7_N001,ALAMOSC_7_N001,ALAMOSC_7_N001,RTPD,MCC,LMP_CONG_PRC,ALAMOSC_7_N001,ALL,1,4.40581,1,2
2022-09-01T10:00:00-00:00,2022-09-01T10:15:00-00:00,2022-09-01,04,ALAMOSC_7_N001,ALAMOSC_7_N001,ALAMOSC_7_N001,RTPD,MCC,LMP_CONG_PRC,ALAMOSC_7_N001,ALL,1,3.86327,1,2
2022-09-01T11:00:00-00:00,2022-09-01T11:15:00-00:00,2022-09-01,05,ALAMOSC_7_N001,ALAMOSC_7_N001,ALAMOSC_7_N001,RTPD,MCC,LMP_CONG_PRC,ALAMOSC_7_N001,ALL,1,0,1,2
2022-09-01T12:00:00-00:00,2022-09-01T12:15:00-00:00,2022-09-01,06,ALAMOSC_7_N001,ALAMOSC_7_N001,ALAMOSC_7_N001,RTPD,MCC,LMP_CONG_PRC,ALAMOSC_7_N001,ALL,1,10.18253,1,2
2022-09-01T13:00:00-00:00,2022-09-01T13:15:00-00:00,2022-09-01,07,ALAMOSC_7_N001,ALAMOSC_7_N001,ALAMOSC_7_N001,RTPD,MCC,LMP_CONG_PRC,ALAMOSC_7_N001,ALL,1,13.8871,1,2
2022-09-01T14:00:00-00:00,2022-09-01T14:15:00-00:00,2022-09-01,08,ALAMOSC_7_N001,ALAMOSC_7_N001,ALAMOSC_7_N001,RTPD,MCC,LMP_CONG_PRC,ALAMOSC_7_N001,ALL,1,0,1,2
2022-09-01T15:00:00-00:00,2022-09-01T15:15:00-00:00,2022-09-01,09,ALAMOSC_7_N001,ALAMOSC_7_N001,ALAMOSC_7_N001,RTPD,MCC,LMP_CONG_PRC,ALAMOSC_7_N001,ALL,1,0,1,2
2022-09-01T16:00:00-00:00,2022-09-01T16:15:00-00:00,2022-09-01,10,ALAMOSC_7_N001,ALAMOSC_7_N001,ALAMOSC_7_N001,RTPD,MCC,LMP_CONG_PRC,ALAMOSC_7_N001,ALL,1,23.38641,1,2
2022-09-01T17:00:00-00:00,2022-09-01T17:15:00-00:00,2022-09-01,11,ALAMOSC_7_N001,ALAMOSC_7_N001,ALAMOSC_7_N001,RTPD,MCC,LMP_CONG_PRC,ALAMOSC_7_N001,ALL,1,18.91249,1,2
2022-09-01T18:00:00-00:00,2022-09-01T18:15:00-00:00,2022-09-01,12,ALAMOSC_7_N001,ALAMOSC_7_N001,ALAMOSC_7_N001,RTPD,MCC,LMP_CONG_PRC,ALAMOSC_7_N001,ALL,1,111.98316,1,2
2022-09-01T19:00:00-00:00,2022-09-01T19:15:00-00:00,2022-09-01,13,ALAMOSC_7_N001,ALAMOSC_7_N001,ALAMOSC_7_N001,RTPD,MCC,LMP_CONG_PRC,ALAMOSC_7_N001,ALL,1,92.20677,1,2
2022-09-01T20:00:00-00:00,2022-09-01T20:15:00-00:00,2022-09-01,14,ALAMOSC_7_N001,ALAMOSC_7_N001,ALAMOSC_7_N001,RTPD,MCC,LMP_CONG_PRC,ALAMOSC_7_N001,ALL,1,3.72924,1,2
2022-09-01T21:00:00-00:00,2022-09-01T21:15:00-00:00,2022-09-01,15,ALAMOSC_7_N001,ALAMOSC_7_N001,ALAMOSC_7_N001,RTPD,MCC,LMP_CONG_PRC,ALAMOSC_7_N001,ALL,1,79.34293,1,2
2022-09-01T22:00:00-00:00,2022-09-01T22:15:00-00:00,2022-09-01,16,ALAMOSC_7_N001,ALAMOSC_7_N001,ALAMOSC_7_N001,RTPD,MCC,LMP_CONG_PRC,ALAMOSC_7_N001,ALL,1,86.68942,1,2
2022-09-01T23:00:00-00:00,2022-09-01T23:15:00-00:00,2022-09-01,17,ALAMOSC_7_N001,ALAMOSC_7_N001,ALAMOSC_7_N001,RTPD,MCC,LMP_CONG_PRC,ALAMOSC_7_N001,ALL,1,169.17085,1,2
2022-09-02T00:00:00-00:00,2022-09-02T00:15:00-00:00,2022-09-01,18,ALAMOSC_7_N001,ALAMOSC_7_N001,ALAMOSC_7_N001,RTPD,MCC,LMP_CONG_PRC,ALAMOSC_7_N001,ALL,1,210.09212,1,2
2022-09-02T01:00:00-00:00,2022-09-02T01:15:00-00:00,2022-09-01,19,ALAMOSC_7_N001,ALAMOSC_7_N001,ALAMOSC_7_N001,RTPD,MCC,LMP_CONG_PRC,ALAMOSC_7_N001,ALL,1,207.07707,1,2
2022-09-02T02:00:00-00:00,2022-09-02T02:15:00-00:00,2022-09-01,20,ALAMOSC_7_N001,ALAMOSC_7_N001,ALAMOSC_7_N001,RTPD,MCC,LMP_CONG_PRC,ALAMOSC_7_N001,ALL,1,-141.87132,1,2
2022-09-02T03:00:00-00:00,2022-09-02T03:15:00-00:00,2022-09-01,21,ALAMOSC_7_N001,ALAMOSC_7_N001,ALAMOSC_7_N001,RTPD,MCC,LMP_CONG_PRC,ALAMOSC_7_N001,ALL,1,-865.119,1,2
2022-09-02T04:00:00-00:00,2022-09-02T04:15:00-00:00,2022-09-01,22,ALAMOSC_7_N001,ALAMOSC_7_N001,ALAMOSC_7_N001,RTPD,MCC,LMP_CONG_PRC,ALAMOSC_7_N001,ALL,1,-57.76156,1,2
2022-09-02T05:00:00-00:00,2022-09-02T05:15:00-00:00,2022-09-01,23,ALAMOSC_7_N001,ALAMOSC_7_N001,ALAMOSC_7_N001,RTPD,MCC,LMP_CONG_PRC,ALAMOSC_7_N001,ALL,1,21.36487,1,2
2022-09-02T06:00:00-00:00,2022-09-02T06:15:00-00:00,2022-09-01,24,ALAMOSC_7_N001,ALAMOSC_7_N001,ALAMOSC_7_N001,RTPD,MCC,LMP_CONG_PRC,ALAMOSC_7_N001,ALL,1,0.66761,1,2
2022-09-01T07:15:00-00:00,2022-09-01T07:30:00-00:00,2022-09-01,01,ALAMOSC_7_N001,ALAMOSC_7_N001,ALAMOSC_7_N001,RTPD,MCC,LMP_CONG_PRC,ALAMOSC_7_N001,ALL,1,9.69855,2,2
2022-09-01T08:15:00-00:00,2022-09-01T08:30:00-00:00,2022-09-01,02,ALAMOSC_7_N001,ALAMOSC_7_N001,ALAMOSC_7_N001,RTPD,MCC,LMP_CONG_PRC,ALAMOSC_7_N001,ALL,1,0.89546,2,2
2022-09-01T09:15:00-00:00,2022-09-01T09:30:00-00:00,2022-09-01,03,ALAMOSC_7_N001,ALAMOSC_7_N001,ALAMOSC_7_N001,RTPD,MCC,LMP_CONG_PRC,ALAMOSC_7_N001,ALL,1,5.80478,2,2
2022-09-01T10:15:00-00:00,2022-09-01T10:30:00-00:00,2022-09-01,04,ALAMOSC_7_N001,ALAMOSC_7_N001,ALAMOSC_7_N001,RTPD,MCC,LMP_CONG_PRC,ALAMOSC_7_N001,ALL,1,5.46648,2,2
2022-09-01T11:15:00-00:00,2022-09-01T11:30:00-00:00,2022-09-01,05,ALAMOSC_7_N001,ALAMOSC_7_N001,ALAMOSC_7_N001,RTPD,MCC,LMP_CONG_PRC,ALAMOSC_7_N001,ALL,1,0,2,2
2022-09-01T12:15:00-00:00,2022-09-01T12:30:00-00:00,2022-09-01,06,ALAMOSC_7_N001,ALAMOSC_7_N001,ALAMOSC_7_N001,RTPD,MCC,LMP_CONG_PRC,ALAMOSC_7_N001,ALL,1,6.22464,2,2
2022-09-01T13:15:00-00:00,2022-09-01T13:30:00-00:00,2022-09-01,07,ALAMOSC_7_N001,ALAMOSC_7_N001,ALAMOSC_7_N001,RTPD,MCC,LMP_CONG_PRC,ALAMOSC_7_N001,ALL,1,0.59595,2,2
2022-09-01T14:15:00-00:00,2022-09-01T14:30:00-00:00,2022-09-01,08,ALAMOSC_7_N001,ALAMOSC_7_N001,ALAMOSC_7_N001,RTPD,MCC,LMP_CONG_PRC,ALAMOSC_7_N001,ALL,1,87.63681,2,2
2022-09-01T15:15:00-00:00,2022-09-01T15:30:00-00:00,2022-09-01,09,ALAMOSC_7_N001,ALAMOSC_7_N001,ALAMOSC_7_N001,RTPD,MCC,LMP_CONG_PRC,ALAMOSC_7_N001,ALL,1,21.03251,2,2
2022-09-01T16:15:00-00:00,2022-09-01T16:30:00-00:00,2022-09-01,10,ALAMOSC_7_N001,ALAMOSC_7_N001,ALAMOSC_7_N001,RTPD,MCC,LMP_CONG_PRC,ALAMOSC_7_N001,ALL,1,17.37248,2,2
2022-09-01T17:15:00-00:00,2022-09-01T17:30:00-00:00,2022-09-01,11,ALAMOSC_7_N001,ALAMOSC_7_N001,ALAMOSC_7_N001,RTPD,MCC,LMP_CONG_PRC,ALAMOSC_7_N001,ALL,1,22.94905,2,2
2022-09-01T18:15:00-00:00,2022-09-01T18:30:00-00:00,2022-09-01,12,ALAMOSC_7_N001,ALAMOSC_7_N001,ALAMOSC_7_N001,RTPD,MCC,LMP_CONG_PRC,ALAMOSC_7_N001,ALL,1,103.39917,2,2
2022-09-01T19:15:00-00:00,2022-09-01T19:30:00-00:00,2022-09-01,13,ALAMOSC_7_N001,ALAMOSC_7_N001,ALAMOSC_7_N001,RTPD,MCC,LMP_CONG_PRC,ALAMOSC_7_N001,ALL,1,39.3471,2,2
2022-09-01T20:15:00-00:00,2022-09-01T20:30:00-00:00,2022-09-01,14,ALAMOSC_7_N001,ALAMOSC_7_N001,ALAMOSC_7_N001,RTPD,MCC,LMP_CONG_PRC,ALAMOSC_7_N001,ALL,1,3.35826,2,2
2022-09-01T21:15:00-00:00,2022-09-01T21:30:00-00:00,2022-09-01,15,ALAMOSC_7_N001,ALAMOSC_7_N001,ALAMOSC_7_N001,RTPD,MCC,LMP_CONG_PRC,ALAMOSC_7_N001,ALL,1,21.44288,2,2
2022-09-01T22:15:00-00:00,2022-09-01T22:30:00-00:00,2022-09-01,16,ALAMOSC_7_N001,ALAMOSC_7_N001,ALAMOSC_7_N001,RTPD,MCC,LMP_CONG_PRC,ALAMOSC_7_N001,ALL,1,62.87938,2,2
2022-09-01T23:15:00-00:00,2022-09-01T23:30:00-00:00,2022-09-01,17,ALAMOSC_7_N001,ALAMOSC_7_N001,ALAMOSC_7_N001,RTPD,MCC,LMP_CONG_PRC,ALAMOSC_7_N001,ALL,1,121.8575,2,2
2022-09-02T00:15:00-00:00,2022-09-02T00:30:00-00:00,2022-09-01,18,ALAMOSC_7_N001,ALAMOSC_7_N001,ALAMOSC_7_N001,RTPD,MCC,LMP_CONG_PRC,ALAMOSC_7_N001,ALL,1,204.4833,2,2
2022-09-02T01:15:00-00:00,2022-09-02T01:30:00-00:00,2022-09-01,19,ALAMOSC_7_N001,ALAMOSC_7_N001,ALAMOSC_7_N001,RTPD,MCC,LMP_CONG_PRC,ALAMOSC_7_N001,ALL,1,-0.0733,2,2
2022-09-02T02:15:00-00:00,2022-09-02T02:30:00-00:00,2022-09-01,20,ALAMOSC_7_N001,ALAMOSC_7_N001,ALAMOSC_7_N001,RTPD,MCC,LMP_CONG_PRC,ALAMOSC_7_N001,ALL,1,-141.87132,2,2
2022-09-02T03:15:00-00:00,2022-09-02T03:30:00-00:00,2022-09-01,21,ALAMOSC_7_N001,ALAMOSC_7_N001,ALAMOSC_7_N001,RTPD,MCC,LMP_CONG_PRC,ALAMOSC_7_N001,ALL,1,-224.63686,2,2
2022-09-02T04:15:00-00:00,2022-09-02T04:30:00-00:00,2022-09-01,22,ALAMOSC_7_N001,ALAMOSC_7_N001,ALAMOSC_7_N001,RTPD,MCC,LMP_CONG_PRC,ALAMOSC_7_N001,ALL,1,-55.53287,2,2
2022-09-02T05:15:00-00:00,2022-09-02T05:30:00-00:00,2022-09-01,23,ALAMOSC_7_N001,ALAMOSC_7_N001,ALAMOSC_7_N001,RTPD,MCC,LMP_CONG_PRC,ALAMOSC_7_N001,ALL,1,20.4384,2,2
2022-09-02T06:15:00-00:00,2022-09-02T06:30:00-00:00,2022-09-01,24,ALAMOSC_7_N001,ALAMOSC_7_N001,ALAMOSC_7_N001,RTPD,MCC,LMP_CONG_PRC,ALAMOSC_7_N001,ALL,1,7.0198,2,2
2022-09-01T07:30:00-00:00,2022-09-01T07:45:00-00:00,2022-09-01,01,ALAMOSC_7_N001,ALAMOSC_7_N001,ALAMOSC_7_N001,RTPD,MCC,LMP_CONG_PRC,ALAMOSC_7_N001,ALL,1,15.82003,3,2
2022-09-01T08:30:00-00:00,2022-09-01T08:45:00-00:00,2022-09-01,02,ALAMOSC_7_N001,ALAMOSC_7_N001,ALAMOSC_7_N001,RTPD,MCC,LMP_CONG_PRC,ALAMOSC_7_N001,ALL,1,0.00085,3,2
2022-09-01T09:30:00-00:00,2022-09-01T09:45:00-00:00,2022-09-01,03,ALAMOSC_7_N001,ALAMOSC_7_N001,ALAMOSC_7_N001,RTPD,MCC,LMP_CONG_PRC,ALAMOSC_7_N001,ALL,1,5.76591,3,2
2022-09-01T10:30:00-00:00,2022-09-01T10:45:00-00:00,2022-09-01,04,ALAMOSC_7_N001,ALAMOSC_7_N001,ALAMOSC_7_N001,RTPD,MCC,LMP_CONG_PRC,ALAMOSC_7_N001,ALL,1,3.09858,3,2
2022-09-01T11:30:00-00:00,2022-09-01T11:45:00-00:00,2022-09-01,05,ALAMOSC_7_N001,ALAMOSC_7_N001,ALAMOSC_7_N001,RTPD,MCC,LMP_CONG_PRC,ALAMOSC_7_N001,ALL,1,0,3,2
2022-09-01T12:30:00-00:00,2022-09-01T12:45:00-00:00,2022-09-01,06,ALAMOSC_7_N001,ALAMOSC_7_N001,ALAMOSC_7_N001,RTPD,MCC,LMP_CONG_PRC,ALAMOSC_7_N001,ALL,1,10.77776,3,2
2022-09-01T13:30:00-00:00,2022-09-01T13:45:00-00:00,2022-09-01,07,ALAMOSC_7_N001,ALAMOSC_7_N001,ALAMOSC_7_N001,RTPD,MCC,LMP_CONG_PRC,ALAMOSC_7_N001,ALL,1,0,3,2
2022-09-01T14:30:00-00:00,2022-09-01T14:45:00-00:00,2022-09-01,08,ALAMOSC_7_N001,ALAMOSC_7_N001,ALAMOSC_7_N001,RTPD,MCC,LMP_CONG_PRC,ALAMOSC_7_N001,ALL,1,92.68011,3,2
2022-09-01T15:30:00-00:00,2022-09-01T15:45:00-00:00,2022-09-01,09,ALAMOSC_7_N001,ALAMOSC_7_N001,ALAMOSC_7_N001,RTPD,MCC,LMP_CONG_PRC,ALAMOSC_7_N001,ALL,1,21.83259,3,2
2022-09-01T16:30:00-00:00,2022-09-01T16:45:00-00:00,2022-09-01,10,ALAMOSC_7_N001,ALAMOSC_7_N001,ALAMOSC_7_N001,RTPD,MCC,LMP_CONG_PRC,ALAMOSC_7_N001,ALL,1,16.00054,3,2
2022-09-01T17:30:00-00:00,2022-09-01T17:45:00-00:00,2022-09-01,11,ALAMOSC_7_N001,ALAMOSC_7_N001,ALAMOSC_7_N001,RTPD,MCC,LMP_CONG_PRC,ALAMOSC_7_N001,ALL,1,22.53979,3,2
2022-09-01T18:30:00-00:00,2022-09-01T18:45:00-00:00,2022-09-01,12,ALAMOSC_7_N001,ALAMOSC_7_N001,ALAMOSC_7_N001,RTPD,MCC,LMP_CONG_PRC,ALAMOSC_7_N001,ALL,1,98.93919,3,2
2022-09-01T19:30:00-00:00,2022-09-01T19:45:00-00:00,2022-09-01,13,ALAMOSC_7_N001,ALAMOSC_7_N001,ALAMOSC_7_N001,RTPD,MCC,LMP_CONG_PRC,ALAMOSC_7_N001,ALL,1,30.35967,3,2
2022-09-01T20:30:00-00:00,2022-09-01T20:45:00-00:00,2022-09-01,14,ALAMOSC_7_N001,ALAMOSC_7_N001,ALAMOSC_7_N001,RTPD,MCC,LMP_CONG_PRC,ALAMOSC_7_N001,ALL,1,13.54991,3,2
2022-09-01T21:30:00-00:00,2022-09-01T21:45:00-00:00,2022-09-01,15,ALAMOSC_7_N001,ALAMOSC_7_N001,ALAMOSC_7_N001,RTPD,MCC,LMP_CONG_PRC,ALAMOSC_7_N001,ALL,1,19.69845,3,2
2022-09-01T22:30:00-00:00,2022-09-01T22:45:00-00:00,2022-09-01,16,ALAMOSC_7_N001,ALAMOSC_7_N001,ALAMOSC_7_N001,RTPD,MCC,LMP_CONG_PRC,ALAMOSC_7_N001,ALL,1,-397.8843,3,2
2022-09-01T23:30:00-00:00,2022-09-01T23:45:00-00:00,2022-09-01,17,ALAMOSC_7_N001,ALAMOSC_7_N001,ALAMOSC_7_N001,RTPD,MCC,LMP_CONG_PRC,ALAMOSC_7_N001,ALL,1,0,3,2
2022-09-02T00:30:00-00:00,2022-09-02T00:45:00-00:00,2022-09-01,18,ALAMOSC_7_N001,ALAMOSC_7_N001,ALAMOSC_7_N001,RTPD,MCC,LMP_CONG_PRC,ALAMOSC_7_N001,ALL,1,288.39844,3,2
2022-09-02T01:30:00-00:00,2022-09-02T01:45:00-00:00,2022-09-01,19,ALAMOSC_7_N001,ALAMOSC_7_N001,ALAMOSC_7_N001,RTPD,MCC,LMP_CONG_PRC,ALAMOSC_7_N001,ALL,1,-0.07556,3,2
2022-09-02T02:30:00-00:00,2022-09-02T02:45:00-00:00,2022-09-01,20,ALAMOSC_7_N001,ALAMOSC_7_N001,ALAMOSC_7_N001,RTPD,MCC,LMP_CONG_PRC,ALAMOSC_7_N001,ALL,1,-141.8702,3,2
2022-09-02T03:30:00-00:00,2022-09-02T03:45:00-00:00,2022-09-01,21,ALAMOSC_7_N001,ALAMOSC_7_N001,ALAMOSC_7_N001,RTPD,MCC,LMP_CONG_PRC,ALAMOSC_7_N001,ALL,1,29.84584,3,2
2022-09-02T04:30:00-00:00,2022-09-02T04:45:00-00:00,2022-09-01,22,ALAMOSC_7_N001,ALAMOSC_7_N001,ALAMOSC_7_N001,RTPD,MCC,LMP_CONG_PRC,ALAMOSC_7_N001,ALL,1,-23.34154,3,2
2022-09-02T05:30:00-00:00,2022-09-02T05:45:00-00:00,2022-09-01,23,ALAMOSC_7_N001,ALAMOSC_7_N001,ALAMOSC_7_N001,RTPD,MCC,LMP_CONG_PRC,ALAMOSC_7_N001,ALL,1,16.16268,3,2
2022-09-02T06:30:00-00:00,2022-09-02T06:45:00-00:00,2022-09-01,24,ALAMOSC_7_N001,ALAMOSC_7_N001,ALAMOSC_7_N001,RTPD,MCC,LMP_CONG_PRC,ALAMOSC_7_N001,ALL,1,15.43801,3,2
2022-09-01T07:45:00-00:00,2022-09-01T08:00:00-00:00,2022-09-01,01,ALAMOSC_7_N001,ALAMOSC_7_N001,ALAMOSC_7_N001,RTPD,MCC,LMP_CONG_PRC,ALAMOSC_7_N001,ALL,1,18.07757,4,2
2022-09-01T08:45:00-00:00,2022-09-01T09:00:00-00:00,2022-09-01,02,ALAMOSC_7_N001,ALAMOSC_7_N001,ALAMOSC_7_N001,RTPD,MCC,LMP_CONG_PRC,ALAMOSC_7_N001,ALL,1,4.41297,4,2
2022-09-01T09:45:00-00:00,2022-09-01T10:00:00-00:00,2022-09-01,03,ALAMOSC_7_N001,ALAMOSC_7_N001,ALAMOSC_7_N001,RTPD,MCC,LMP_CONG_PRC,ALAMOSC_7_N001,ALL,1,5.19312,4,2
2022-09-01T10:45:00-00:00,2022-09-01T11:00:00-00:00,2022-09-01,04,ALAMOSC_7_N001,ALAMOSC_7_N001,ALAMOSC_7_N001,RTPD,MCC,LMP_CONG_PRC,ALAMOSC_7_N001,ALL,1,1.22306,4,2
2022-09-01T11:45:00-00:00,2022-09-01T12:00:00-00:00,2022-09-01,05,ALAMOSC_7_N001,ALAMOSC_7_N001,ALAMOSC_7_N001,RTPD,MCC,LMP_CONG_PRC,ALAMOSC_7_N001,ALL,1,0,4,2
2022-09-01T12:45:00-00:00,2022-09-01T13:00:00-00:00,2022-09-01,06,ALAMOSC_7_N001,ALAMOSC_7_N001,ALAMOSC_7_N001,RTPD,MCC,LMP_CONG_PRC,ALAMOSC_7_N001,ALL,1,2.42798,4,2
2022-09-01T13:45:00-00:00,2022-09-01T14:00:00-00:00,2022-09-01,07,ALAMOSC_7_N001,ALAMOSC_7_N001,ALAMOSC_7_N001,RTPD,MCC,LMP_CONG_PRC,ALAMOSC_7_N001,ALL,1,0,4,2
2022-09-01T14:45:00-00:00,2022-09-01T15:00:00-00:00,2022-09-01,08,ALAMOSC_7_N001,ALAMOSC_7_N001,ALAMOSC_7_N001,RTPD,MCC,LMP_CONG_PRC,ALAMOSC_7_N001,ALL,1,21.16259,4,2
2022-09-01T15:45:00-00:00,2022-09-01T16:00:00-00:00,2022-09-01,09,ALAMOSC_7_N001,ALAMOSC_7_N001,ALAMOSC_7_N001,RTPD,MCC,LMP_CONG_PRC,ALAMOSC_7_N001,ALL,1,29.27137,4,2
2022-09-01T16:45:00-00:00,2022-09-01T17:00:00-00:00,2022-09-01,10,ALAMOSC_7_N001,ALAMOSC_7_N001,ALAMOSC_7_N001,RTPD,MCC,LMP_CONG_PRC,ALAMOSC_7_N001,ALL,1,15.57154,4,2
2022-09-01T17:45:00-00:00,2022-09-01T18:00:00-00:00,2022-09-01,11,ALAMOSC_7_N001,ALAMOSC_7_N001,ALAMOSC_7_N001,RTPD,MCC,LMP_CONG_PRC,ALAMOSC_7_N001,ALL,1,22.2929,4,2
2022-09-01T18:45:00-00:00,2022-09-01T19:00:00-00:00,2022-09-01,12,ALAMOSC_7_N001,ALAMOSC_7_N001,ALAMOSC_7_N001,RTPD,MCC,LMP_CONG_PRC,ALAMOSC_7_N001,ALL,1,97.17577,4,2
2022-09-01T19:45:00-00:00,2022-09-01T20:00:00-00:00,2022-09-01,13,ALAMOSC_7_N001,ALAMOSC_7_N001,ALAMOSC_7_N001,RTPD,MCC,LMP_CONG_PRC,ALAMOSC_7_N001,ALL,1,10.96023,4,2
2022-09-01T20:45:00-00:00,2022-09-01T21:00:00-00:00,2022-09-01,14,ALAMOSC_7_N001,ALAMOSC_7_N001,ALAMOSC_7_N001,RTPD,MCC,LMP_CONG_PRC,ALAMOSC_7_N001,ALL,1,22.67789,4,2
2022-09-01T21:45:00-00:00,2022-09-01T22:00:00-00:00,2022-09-01,15,ALAMOSC_7_N001,ALAMOSC_7_N001,ALAMOSC_7_N001,RTPD,MCC,LMP_CONG_PRC,ALAMOSC_7_N001,ALL,1,71.56562,4,2
2022-09-01T22:45:00-00:00,2022-09-01T23:00:00-00:00,2022-09-01,16,ALAMOSC_7_N001,ALAMOSC_7_N001,ALAMOSC_7_N001,RTPD,MCC,LMP_CONG_PRC,ALAMOSC_7_N001,ALL,1,-602.745,4,2
2022-09-01T23:45:00-00:00,2022-09-02T00:00:00-00:00,2022-09-01,17,ALAMOSC_7_N001,ALAMOSC_7_N001,ALAMOSC_7_N001,RTPD,MCC,LMP_CONG_PRC,ALAMOSC_7_N001,ALL,1,252.96661,4,2
2022-09-02T00:45:00-00:00,2022-09-02T01:00:00-00:00,2022-09-01,18,ALAMOSC_7_N001,ALAMOSC_7_N001,ALAMOSC_7_N001,RTPD,MCC,LMP_CONG_PRC,ALAMOSC_7_N001,ALL,1,245.57875,4,2
2022-09-02T01:45:00-00:00,2022-09-02T02:00:00-00:00,2022-09-01,19,ALAMOSC_7_N001,ALAMOSC_7_N001,ALAMOSC_7_N001,RTPD,MCC,LMP_CONG_PRC,ALAMOSC_7_N001,ALL,1,-142.13293,4,2
2022-09-02T02:45:00-00:00,2022-09-02T03:00:00-00:00,2022-09-01,20,ALAMOSC_7_N001,ALAMOSC_7_N001,ALAMOSC_7_N001,RTPD,MCC,LMP_CONG_PRC,ALAMOSC_7_N001,ALL,1,144.11237,4,2
2022-09-02T03:45:00-00:00,2022-09-02T04:00:00-00:00,2022-09-01,21,ALAMOSC_7_N001,ALAMOSC_7_N001,ALAMOSC_7_N001,RTPD,MCC,LMP_CONG_PRC,ALAMOSC_7_N001,ALL,1,20.03207,4,2
2022-09-02T04:45:00-00:00,2022-09-02T05:00:00-00:00,2022-09-01,22,ALAMOSC_7_N001,ALAMOSC_7_N001,ALAMOSC_7_N001,RTPD,MCC,LMP_CONG_PRC,ALAMOSC_7_N001,ALL,1,15.42567,4,2
2022-09-02T05:45:00-00:00,2022-09-02T06:00:00-00:00,2022-09-01,23,ALAMOSC_7_N001,ALAMOSC_7_N001,ALAMOSC_7_N001,RTPD,MCC,LMP_CONG_PRC,ALAMOSC_7_N001,ALL,1,8.90506,4,2
2022-09-02T06:45:00-00:00,2022-09-02T07:00:00-00:00,2022-09-01,24,ALAMOSC_7_N001,ALAMOSC_7_N001,ALAMOSC_7_N001,RTPD,MCC,LMP_CONG_PRC,ALAMOSC_7_N001,ALL,1,9.65357,4,2
2022-09-01T07:00:00-00:00,2022-09-01T07:15:00-00:00,2022-09-01,01,ALAMOSC_7_N001,ALAMOSC_7_N001,ALAMOSC_7_N001,RTPD,MCE,LMP_ENE_PRC,ALAMOSC_7_N001,ALL,1,104.23471,1,3
2022-09-01T08:00:00-00:00,2022-09-01T08:15:00-00:00,2022-09-01,02,ALAMOSC_7_N001,ALAMOSC_7_N001,ALAMOSC_7_N001,RTPD,MCE,LMP_ENE_PRC,ALAMOSC_7_N001,ALL,1,115.5488,1,3
2022-09-01T09:00:00-00:00,2022-09-01T09:15:00-00:00,2022-09-01,03,ALAMOSC_7_N001,ALAMOSC_7_N001,ALAMOSC_7_N001,RTPD,MCE,LMP_ENE_PRC,ALAMOSC_7_N001,ALL,1,99.73061,1,3
2022-09-01T10:00:00-00:00,2022-09-01T10:15:00-00:00,2022-09-01,04,ALAMOSC_7_N001,ALAMOSC_7_N001,ALAMOSC_7_N001,RTPD,MCE,LMP_ENE_PRC,ALAMOSC_7_N001,ALL,1,98.64222,1,3
2022-09-01T11:00:00-00:00,2022-09-01T11:15:00-00:00,2022-09-01,05,ALAMOSC_7_N001,ALAMOSC_7_N001,ALAMOSC_7_N001,RTPD,MCE,LMP_ENE_PRC,ALAMOSC_7_N001,ALL,1,102.56859,1,3
2022-09-01T12:00:00-00:00,2022-09-01T12:15:00-00:00,2022-09-01,06,ALAMOSC_7_N001,ALAMOSC_7_N001,ALAMOSC_7_N001,RTPD,MCE,LMP_ENE_PRC,ALAMOSC_7_N001,ALL,1,96.90845,1,3
2022-09-01T13:00:00-00:00,2022-09-01T13:15:00-00:00,2022-09-01,07,ALAMOSC_7_N001,ALAMOSC_7_N001,ALAMOSC_7_N001,RTPD,MCE,LMP_ENE_PRC,ALAMOSC_7_N001,ALL,1,101.80878,1,3
2022-09-01T14:00:00-00:00,2022-09-01T14:15:00-00:00,2022-09-01,08,ALAMOSC_7_N001,ALAMOSC_7_N001,ALAMOSC_7_N001,RTPD,MCE,LMP_ENE_PRC,ALAMOSC_7_N001,ALL,1,111.11219,1,3
2022-09-01T15:00:00-00:00,2022-09-01T15:15:00-00:00,2022-09-01,09,ALAMOSC_7_N001,ALAMOSC_7_N001,ALAMOSC_7_N001,RTPD,MCE,LMP_ENE_PRC,ALAMOSC_7_N001,ALL,1,97.4112,1,3
2022-09-01T16:00:00-00:00,2022-09-01T16:15:00-00:00,2022-09-01,10,ALAMOSC_7_N001,ALAMOSC_7_N001,ALAMOSC_7_N001,RTPD,MCE,LMP_ENE_PRC,ALAMOSC_7_N001,ALL,1,83.43525,1,3
2022-09-01T17:00:00-00:00,2022-09-01T17:15:00-00:00,2022-09-01,11,ALAMOSC_7_N001,ALAMOSC_7_N001,ALAMOSC_7_N001,RTPD,MCE,LMP_ENE_PRC,ALAMOSC_7_N001,ALL,1,96.94897,1,3
2022-09-01T18:00:00-00:00,2022-09-01T18:15:00-00:00,2022-09-01,12,ALAMOSC_7_N001,ALAMOSC_7_N001,ALAMOSC_7_N001,RTPD,MCE,LMP_ENE_PRC,ALAMOSC_7_N001,ALL,1,91.59291,1,3
2022-09-01T19:00:00-00:00,2022-09-01T19:15:00-00:00,2022-09-01,13,ALAMOSC_7_N001,ALAMOSC_7_N001,ALAMOSC_7_N001,RTPD,MCE,LMP_ENE_PRC,ALAMOSC_7_N001,ALL,1,109.19637,1,3
2022-09-01T20:00:00-00:00,2022-09-01T20:15:00-00:00,2022-09-01,14,ALAMOSC_7_N001,ALAMOSC_7_N001,ALAMOSC_7_N001,RTPD,MCE,LMP_ENE_PRC,ALAMOSC_7_N001,ALL,1,117.94359,1,3
2022-09-01T21:00:00-00:00,2022-09-01T21:15:00-00:00,2022-09-01,15,ALAMOSC_7_N001,ALAMOSC_7_N001,ALAMOSC_7_N001,RTPD,MCE,LMP_ENE_PRC,ALAMOSC_7_N001,ALL,1,226.61499,1,3
2022-09-01T22:00:00-00:00,2022-09-01T22:15:00-00:00,2022-09-01,16,ALAMOSC_7_N001,ALAMOSC_7_N001,ALAMOSC_7_N001,RTPD,MCE,LMP_ENE_PRC,ALAMOSC_7_N001,ALL,1,229.18552,1,3
2022-09-01T23:00:00-00:00,2022-09-01T23:15:00-00:00,2022-09-01,17,ALAMOSC_7_N001,ALAMOSC_7_N001,ALAMOSC_7_N001,RTPD,MCE,LMP_ENE_PRC,ALAMOSC_7_N001,ALL,1,386.7537,1,3
2022-09-02T00:00:00-00:00,2022-09-02T00:15:00-00:00,2022-09-01,18,ALAMOSC_7_N001,ALAMOSC_7_N001,ALAMOSC_7_N001,RTPD,MCE,LMP_ENE_PRC,ALAMOSC_7_N001,ALL,1,770.58136,1,3
2022-09-02T01:00:00-00:00,2022-09-02T01:15:00-00:00,2022-09-01,19,ALAMOSC_7_N001,ALAMOSC_7_N001,ALAMOSC_7_N001,RTPD,MCE,LMP_ENE_PRC,ALAMOSC_7_N001,ALL,1,916.27124,1,3
2022-09-02T02:00:00-00:00,2022-09-02T02:15:00-00:00,2022-09-01,20,ALAMOSC_7_N001,ALAMOSC_7_N001,ALAMOSC_7_N001,RTPD,MCE,LMP_ENE_PRC,ALAMOSC_7_N001,ALL,1,1991.6721,1,3
2022-09-02T03:00:00-00:00,2022-09-02T03:15:00-00:00,2022-09-01,21,ALAMOSC_7_N001,ALAMOSC_7_N001,ALAMOSC_7_N001,RTPD,MCE,LMP_ENE_PRC,ALAMOSC_7_N001,ALL,1,917.5508,1,3
2022-09-02T04:00:00-00:00,2022-09-02T04:15:00-00:00,2022-09-01,22,ALAMOSC_7_N001,ALAMOSC_7_N001,ALAMOSC_7_N001,RTPD,MCE,LMP_ENE_PRC,ALAMOSC_7_N001,ALL,1,257.83005,1,3
2022-09-02T05:00:00-00:00,2022-09-02T05:15:00-00:00,2022-09-01,23,ALAMOSC_7_N001,ALAMOSC_7_N001,ALAMOSC_7_N001,RTPD,MCE,LMP_ENE_PRC,ALAMOSC_7_N001,ALL,1,183.24657,1,3
2022-09-02T06:00:00-00:00,2022-09-02T06:15:00-00:00,2022-09-01,24,ALAMOSC_7_N001,ALAMOSC_7_N001,ALAMOSC_7_N001,RTPD,MCE,LMP_ENE_PRC,ALAMOSC_7_N001,ALL,1,158.867,1,3
2022-09-01T07:15:00-00:00,2022-09-01T07:30:00-00:00,2022-09-01,01,ALAMOSC_7_N001,ALAMOSC_7_N001,ALAMOSC_7_N001,RTPD,MCE,LMP_ENE_PRC,ALAMOSC_7_N001,ALL,1,125.55144,2,3
2022-09-01T08:15:00-00:00,2022-09-01T08:30:00-00:00,2022-09-01,02,ALAMOSC_7_N001,ALAMOSC_7_N001,ALAMOSC_7_N001,RTPD,MCE,LMP_ENE_PRC,ALAMOSC_7_N001,ALL,1,115.53165,2,3
2022-09-01T09:15:00-00:00,2022-09-01T09:30:00-00:00,2022-09-01,03,ALAMOSC_7_N001,ALAMOSC_7_N001,ALAMOSC_7_N001,RTPD,MCE,LMP_ENE_PRC,ALAMOSC_7_N001,ALL,1,98.30543,2,3
2022-09-01T10:15:00-00:00,2022-09-01T10:30:00-00:00,2022-09-01,04,ALAMOSC_7_N001,ALAMOSC_7_N001,ALAMOSC_7_N001,RTPD,MCE,LMP_ENE_PRC,ALAMOSC_7_N001,ALL,1,97.00684,2,3
2022-09-01T11:15:00-00:00,2022-09-01T11:30:00-00:00,2022-09-01,05,ALAMOSC_7_N001,ALAMOSC_7_N001,ALAMOSC_7_N001,RTPD,MCE,LMP_ENE_PRC,ALAMOSC_7_N001,ALL,1,103.09059,2,3
2022-09-01T12:15:00-00:00,2022-09-01T12:30:00-00:00,2022-09-01,06,ALAMOSC_7_N001,ALAMOSC_7_N001,ALAMOSC_7_N001,RTPD,MCE,LMP_ENE_PRC,ALAMOSC_7_N001,ALL,1,109.32203,2,3
2022-09-01T13:15:00-00:00,2022-09-01T13:30:00-00:00,2022-09-01,07,ALAMOSC_7_N001,ALAMOSC_7_N001,ALAMOSC_7_N001,RTPD,MCE,LMP_ENE_PRC,ALAMOSC_7_N001,ALL,1,110.97827,2,3
2022-09-01T14:15:00-00:00,2022-09-01T14:30:00-00:00,2022-09-01,08,ALAMOSC_7_N001,ALAMOSC_7_N001,ALAMOSC_7_N001,RTPD,MCE,LMP_ENE_PRC,ALAMOSC_7_N001,ALL,1,104.78743,2,3
2022-09-01T15:15:00-00:00,2022-09-01T15:30:00-00:00,2022-09-01,09,ALAMOSC_7_N001,ALAMOSC_7_N001,ALAMOSC_7_N001,RTPD,MCE,LMP_ENE_PRC,ALAMOSC_7_N001,ALL,1,86.9388,2,3
2022-09-01T16:15:00-00:00,2022-09-01T16:30:00-00:00,2022-09-01,10,ALAMOSC_7_N001,ALAMOSC_7_N001,ALAMOSC_7_N001,RTPD,MCE,LMP_ENE_PRC,ALAMOSC_7_N001,ALL,1,89.44858,2,3
2022-09-01T17:15:00-00:00,2022-09-01T17:30:00-00:00,2022-09-01,11,ALAMOSC_7_N001,ALAMOSC_7_N001,ALAMOSC_7_N001,RTPD,MCE,LMP_ENE_PRC,ALAMOSC_7_N001,ALL,1,99.34673,2,3
2022-09-01T18:15:00-00:00,2022-09-01T18:30:00-00:00,2022-09-01,12,ALAMOSC_7_N001,ALAMOSC_7_N001,ALAMOSC_7_N001,RTPD,MCE,LMP_ENE_PRC,ALAMOSC_7_N001,ALL,1,101.15901,2,3
2022-09-01T19:15:00-00:00,2022-09-01T19:30:00-00:00,2022-09-01,13,ALAMOSC_7_N001,ALAMOSC_7_N001,ALAMOSC_7_N001,RTPD,MCE,LMP_ENE_PRC,ALAMOSC_7_N001,ALL,1,105.30588,2,3
2022-09-01T20:15:00-00:00,2022-09-01T20:30:00-00:00,2022-09-01,14,ALAMOSC_7_N001,ALAMOSC_7_N001,ALAMOSC_7_N001,RTPD,MCE,LMP_ENE_PRC,ALAMOSC_7_N001,ALL,1,117.49421,2,3
2022-09-01T21:15:00-00:00,2022-09-01T21:30:00-00:00,2022-09-01,15,ALAMOSC_7_N001,ALAMOSC_7_N001,ALAMOSC_7_N001,RTPD,MCE,LMP_ENE_PRC,ALAMOSC_7_N001,ALL,1,147.21185,2,3
2022-09-01T22:15:00-00:00,2022-09-01T22:30:00-00:00,2022-09-01,16,ALAMOSC_7_N001,ALAMOSC_7_N001,ALAMOSC_7_N001,RTPD,MCE,LMP_ENE_PRC,ALAMOSC_7_N001,ALL,1,256.58734,2,3
2022-09-01T23:15:00-00:00,2022-09-01T23:30:00-00:00,2022-09-01,17,ALAMOSC_7_N001,ALAMOSC_7_N001,ALAMOSC_7_N001,RTPD,MCE,LMP_ENE_PRC,ALAMOSC_7_N001,ALL,1,362.12408,2,3
2022-09-02T00:15:00-00:00,2022-09-02T00:30:00-00:00,2022-09-01,18,ALAMOSC_7_N001,ALAMOSC_7_N001,ALAMOSC_7_N001,RTPD,MCE,LMP_ENE_PRC,ALAMOSC_7_N001,ALL,1,691.2182,2,3
2022-09-02T01:15:00-00:00,2022-09-02T01:30:00-00:00,2022-09-01,19,ALAMOSC_7_N001,ALAMOSC_7_N001,ALAMOSC_7_N001,RTPD,MCE,LMP_ENE_PRC,ALAMOSC_7_N001,ALL,1,1999.9933,2,3
2022-09-02T02:15:00-00:00,2022-09-02T02:30:00-00:00,2022-09-01,20,ALAMOSC_7_N001,ALAMOSC_7_N001,ALAMOSC_7_N001,RTPD,MCE,LMP_ENE_PRC,ALAMOSC_7_N001,ALL,1,1991.6721,2,3
2022-09-02T03:15:00-00:00,2022-09-02T03:30:00-00:00,2022-09-01,21,ALAMOSC_7_N001,ALAMOSC_7_N001,ALAMOSC_7_N001,RTPD,MCE,LMP_ENE_PRC,ALAMOSC_7_N001,ALL,1,400.52884,2,3
2022-09-02T04:15:00-00:00,2022-09-02T04:30:00-00:00,2022-09-01,22,ALAMOSC_7_N001,ALAMOSC_7_N001,ALAMOSC_7_N001,RTPD,MCE,LMP_ENE_PRC,ALAMOSC_7_N001,ALL,1,224.75041,2,3
2022-09-02T05:15:00-00:00,2022-09-02T05:30:00-00:00,2022-09-01,23,ALAMOSC_7_N001,ALAMOSC_7_N001,ALAMOSC_7_N001,RTPD,MCE,LMP_ENE_PRC,ALAMOSC_7_N001,ALL,1,157.11986,2,3
2022-09-02T06:15:00-00:00,2022-09-02T06:30:00-00:00,2022-09-01,24,ALAMOSC_7_N001,ALAMOSC_7_N001,ALAMOSC_7_N001,RTPD,MCE,LMP_ENE_PRC,ALAMOSC_7_N001,ALL,1,143.1005,2,3
2022-09-01T07:30:00-00:00,2022-09-01T07:45:00-00:00,2022-09-01,01,ALAMOSC_7_N001,ALAMOSC_7_N001,ALAMOSC_7_N001,RTPD,MCE,LMP_ENE_PRC,ALAMOSC_7_N001,ALL,1,119.03196,3,3
2022-09-01T08:30:00-00:00,2022-09-01T08:45:00-00:00,2022-09-01,02,ALAMOSC_7_N001,ALAMOSC_7_N001,ALAMOSC_7_N001,RTPD,MCE,LMP_ENE_PRC,ALAMOSC_7_N001,ALL,1,111.11241,3,3
2022-09-01T09:30:00-00:00,2022-09-01T09:45:00-00:00,2022-09-01,03,ALAMOSC_7_N001,ALAMOSC_7_N001,ALAMOSC_7_N001,RTPD,MCE,LMP_ENE_PRC,ALAMOSC_7_N001,ALL,1,98.16228,3,3
2022-09-01T10:30:00-00:00,2022-09-01T10:45:00-00:00,2022-09-01,04,ALAMOSC_7_N001,ALAMOSC_7_N001,ALAMOSC_7_N001,RTPD,MCE,LMP_ENE_PRC,ALAMOSC_7_N001,ALL,1,96.36226,3,3
2022-09-01T11:30:00-00:00,2022-09-01T11:45:00-00:00,2022-09-01,05,ALAMOSC_7_N001,ALAMOSC_7_N001,ALAMOSC_7_N001,RTPD,MCE,LMP_ENE_PRC,ALAMOSC_7_N001,ALL,1,103.06198,3,3
2022-09-01T12:30:00-00:00,2022-09-01T12:45:00-00:00,2022-09-01,06,ALAMOSC_7_N001,ALAMOSC_7_N001,ALAMOSC_7_N001,RTPD,MCE,LMP_ENE_PRC,ALAMOSC_7_N001,ALL,1,113.57403,3,3
2022-09-01T13:30:00-00:00,2022-09-01T13:45:00-00:00,2022-09-01,07,ALAMOSC_7_N001,ALAMOSC_7_N001,ALAMOSC_7_N001,RTPD,MCE,LMP_ENE_PRC,ALAMOSC_7_N001,ALL,1,111.52025,3,3
2022-09-01T14:30:00-00:00,2022-09-01T14:45:00-00:00,2022-09-01,08,ALAMOSC_7_N001,ALAMOSC_7_N001,ALAMOSC_7_N001,RTPD,MCE,LMP_ENE_PRC,ALAMOSC_7_N001,ALL,1,101.83428,3,3
2022-09-01T15:30:00-00:00,2022-09-01T15:45:00-00:00,2022-09-01,09,ALAMOSC_7_N001,ALAMOSC_7_N001,ALAMOSC_7_N001,RTPD,MCE,LMP_ENE_PRC,ALAMOSC_7_N001,ALL,1,86.1388,3,3
2022-09-01T16:30:00-00:00,2022-09-01T16:45:00-00:00,2022-09-01,10,ALAMOSC_7_N001,ALAMOSC_7_N001,ALAMOSC_7_N001,RTPD,MCE,LMP_ENE_PRC,ALAMOSC_7_N001,ALL,1,88.79644,3,3
2022-09-01T17:30:00-00:00,2022-09-01T17:45:00-00:00,2022-09-01,11,ALAMOSC_7_N001,ALAMOSC_7_N001,ALAMOSC_7_N001,RTPD,MCE,LMP_ENE_PRC,ALAMOSC_7_N001,ALL,1,99.13013,3,3
2022-09-01T18:30:00-00:00,2022-09-01T18:45:00-00:00,2022-09-01,12,ALAMOSC_7_N001,ALAMOSC_7_N001,ALAMOSC_7_N001,RTPD,MCE,LMP_ENE_PRC,ALAMOSC_7_N001,ALL,1,107.05718,3,3
2022-09-01T19:30:00-00:00,2022-09-01T19:45:00-00:00,2022-09-01,13,ALAMOSC_7_N001,ALAMOSC_7_N001,ALAMOSC_7_N001,RTPD,MCE,LMP_ENE_PRC,ALAMOSC_7_N001,ALL,1,114.05905,3,3
2022-09-01T20:30:00-00:00,2022-09-01T20:45:00-00:00,2022-09-01,14,ALAMOSC_7_N001,ALAMOSC_7_N001,ALAMOSC_7_N001,RTPD,MCE,LMP_ENE_PRC,ALAMOSC_7_N001,ALL,1,129.81606,3,3
2022-09-01T21:30:00-00:00,2022-09-01T21:45:00-00:00,2022-09-01,15,ALAMOSC_7_N001,ALAMOSC_7_N001,ALAMOSC_7_N001,RTPD,MCE,LMP_ENE_PRC,ALAMOSC_7_N001,ALL,1,152.93057,3,3
2022-09-01T22:30:00-00:00,2022-09-01T22:45:00-00:00,2022-09-01,16,ALAMOSC_7_N001,ALAMOSC_7_N001,ALAMOSC_7_N001,RTPD,MCE,LMP_ENE_PRC,ALAMOSC_7_N001,ALL,1,283.18182,3,3
2022-09-01T23:30:00-00:00,2022-09-01T23:45:00-00:00,2022-09-01,17,ALAMOSC_7_N001,ALAMOSC_7_N001,ALAMOSC_7_N001,RTPD,MCE,LMP_ENE_PRC,ALAMOSC_7_N001,ALL,1,566.48157,3,3
2022-09-02T00:30:00-00:00,2022-09-02T00:45:00-00:00,2022-09-01,18,ALAMOSC_7_N001,ALAMOSC_7_N001,ALAMOSC_7_N001,RTPD,MCE,LMP_ENE_PRC,ALAMOSC_7_N001,ALL,1,1329.1127,3,3
2022-09-02T01:30:00-00:00,2022-09-02T01:45:00-00:00,2022-09-01,19,ALAMOSC_7_N001,ALAMOSC_7_N001,ALAMOSC_7_N001,RTPD,MCE,LMP_ENE_PRC,ALAMOSC_7_N001,ALL,1,1999.9956,3,3
2022-09-02T02:30:00-00:00,2022-09-02T02:45:00-00:00,2022-09-01,20,ALAMOSC_7_N001,ALAMOSC_7_N001,ALAMOSC_7_N001,RTPD,MCE,LMP_ENE_PRC,ALAMOSC_7_N001,ALL,1,1991.671,3,3
2022-09-02T03:30:00-00:00,2022-09-02T03:45:00-00:00,2022-09-01,21,ALAMOSC_7_N001,ALAMOSC_7_N001,ALAMOSC_7_N001,RTPD,MCE,LMP_ENE_PRC,ALAMOSC_7_N001,ALL,1,186.61823,3,3
2022-09-02T04:30:00-00:00,2022-09-02T04:45:00-00:00,2022-09-01,22,ALAMOSC_7_N001,ALAMOSC_7_N001,ALAMOSC_7_N001,RTPD,MCE,LMP_ENE_PRC,ALAMOSC_7_N001,ALL,1,180.67824,3,3
2022-09-02T05:30:00-00:00,2022-09-02T05:45:00-00:00,2022-09-01,23,ALAMOSC_7_N001,ALAMOSC_7_N001,ALAMOSC_7_N001,RTPD,MCE,LMP_ENE_PRC,ALAMOSC_7_N001,ALL,1,131.69917,3,3
2022-09-02T06:30:00-00:00,2022-09-02T06:45:00-00:00,2022-09-01,24,ALAMOSC_7_N001,ALAMOSC_7_N001,ALAMOSC_7_N001,RTPD,MCE,LMP_ENE_PRC,ALAMOSC_7_N001,ALL,1,128.9871,3,3
2022-09-01T07:45:00-00:00,2022-09-01T08:00:00-00:00,2022-09-01,01,ALAMOSC_7_N001,ALAMOSC_7_N001,ALAMOSC_7_N001,RTPD,MCE,LMP_ENE_PRC,ALAMOSC_7_N001,ALL,1,109.12099,4,3
2022-09-01T08:45:00-00:00,2022-09-01T09:00:00-00:00,2022-09-01,02,ALAMOSC_7_N001,ALAMOSC_7_N001,ALAMOSC_7_N001,RTPD,MCE,LMP_ENE_PRC,ALAMOSC_7_N001,ALL,1,98.7357,4,3
2022-09-01T09:45:00-00:00,2022-09-01T10:00:00-00:00,2022-09-01,03,ALAMOSC_7_N001,ALAMOSC_7_N001,ALAMOSC_7_N001,RTPD,MCE,LMP_ENE_PRC,ALAMOSC_7_N001,ALL,1,97.50475,4,3
2022-09-01T10:45:00-00:00,2022-09-01T11:00:00-00:00,2022-09-01,04,ALAMOSC_7_N001,ALAMOSC_7_N001,ALAMOSC_7_N001,RTPD,MCE,LMP_ENE_PRC,ALAMOSC_7_N001,ALL,1,94.71966,4,3
2022-09-01T11:45:00-00:00,2022-09-01T12:00:00-00:00,2022-09-01,05,ALAMOSC_7_N001,ALAMOSC_7_N001,ALAMOSC_7_N001,RTPD,MCE,LMP_ENE_PRC,ALAMOSC_7_N001,ALL,1,107.01,4,3
2022-09-01T12:45:00-00:00,2022-09-01T13:00:00-00:00,2022-09-01,06,ALAMOSC_7_N001,ALAMOSC_7_N001,ALAMOSC_7_N001,RTPD,MCE,LMP_ENE_PRC,ALAMOSC_7_N001,ALL,1,116.4848,4,3
2022-09-01T13:45:00-00:00,2022-09-01T14:00:00-00:00,2022-09-01,07,ALAMOSC_7_N001,ALAMOSC_7_N001,ALAMOSC_7_N001,RTPD,MCE,LMP_ENE_PRC,ALAMOSC_7_N001,ALL,1,111.41,4,3
2022-09-01T14:45:00-00:00,2022-09-01T15:00:00-00:00,2022-09-01,08,ALAMOSC_7_N001,ALAMOSC_7_N001,ALAMOSC_7_N001,RTPD,MCE,LMP_ENE_PRC,ALAMOSC_7_N001,ALL,1,86.1388,4,3
2022-09-01T15:45:00-00:00,2022-09-01T16:00:00-00:00,2022-09-01,09,ALAMOSC_7_N001,ALAMOSC_7_N001,ALAMOSC_7_N001,RTPD,MCE,LMP_ENE_PRC,ALAMOSC_7_N001,ALL,1,78.70076,4,3
2022-09-01T16:45:00-00:00,2022-09-01T17:00:00-00:00,2022-09-01,10,ALAMOSC_7_N001,ALAMOSC_7_N001,ALAMOSC_7_N001,RTPD,MCE,LMP_ENE_PRC,ALAMOSC_7_N001,ALL,1,91.24933,4,3
2022-09-01T17:45:00-00:00,2022-09-01T18:00:00-00:00,2022-09-01,11,ALAMOSC_7_N001,ALAMOSC_7_N001,ALAMOSC_7_N001,RTPD,MCE,LMP_ENE_PRC,ALAMOSC_7_N001,ALL,1,99.20544,4,3
2022-09-01T18:45:00-00:00,2022-09-01T19:00:00-00:00,2022-09-01,12,ALAMOSC_7_N001,ALAMOSC_7_N001,ALAMOSC_7_N001,RTPD,MCE,LMP_ENE_PRC,ALAMOSC_7_N001,ALL,1,109.04064,4,3
2022-09-01T19:45:00-00:00,2022-09-01T20:00:00-00:00,2022-09-01,13,ALAMOSC_7_N001,ALAMOSC_7_N001,ALAMOSC_7_N001,RTPD,MCE,LMP_ENE_PRC,ALAMOSC_7_N001,ALL,1,120.22491,4,3
2022-09-01T20:45:00-00:00,2022-09-01T21:00:00-00:00,2022-09-01,14,ALAMOSC_7_N001,ALAMOSC_7_N001,ALAMOSC_7_N001,RTPD,MCE,LMP_ENE_PRC,ALAMOSC_7_N001,ALL,1,154.02509,4,3
2022-09-01T21:45:00-00:00,2022-09-01T22:00:00-00:00,2022-09-01,15,ALAMOSC_7_N001,ALAMOSC_7_N001,ALAMOSC_7_N001,RTPD,MCE,LMP_ENE_PRC,ALAMOSC_7_N001,ALL,1,300.29376,4,3
2022-09-01T22:45:00-00:00,2022-09-01T23:00:00-00:00,2022-09-01,16,ALAMOSC_7_N001,ALAMOSC_7_N001,ALAMOSC_7_N001,RTPD,MCE,LMP_ENE_PRC,ALAMOSC_7_N001,ALL,1,429.9137,4,3
2022-09-01T23:45:00-00:00,2022-09-02T00:00:00-00:00,2022-09-01,17,ALAMOSC_7_N001,ALAMOSC_7_N001,ALAMOSC_7_N001,RTPD,MCE,LMP_ENE_PRC,ALAMOSC_7_N001,ALL,1,1261.2124,4,3
2022-09-02T00:45:00-00:00,2022-09-02T01:00:00-00:00,2022-09-01,18,ALAMOSC_7_N001,ALAMOSC_7_N001,ALAMOSC_7_N001,RTPD,MCE,LMP_ENE_PRC,ALAMOSC_7_N001,ALL,1,1519.149,4,3
2022-09-02T01:45:00-00:00,2022-09-02T02:00:00-00:00,2022-09-01,19,ALAMOSC_7_N001,ALAMOSC_7_N001,ALAMOSC_7_N001,RTPD,MCE,LMP_ENE_PRC,ALAMOSC_7_N001,ALL,1,1991.9337,4,3
2022-09-02T02:45:00-00:00,2022-09-02T03:00:00-00:00,2022-09-01,20,ALAMOSC_7_N001,ALAMOSC_7_N001,ALAMOSC_7_N001,RTPD,MCE,LMP_ENE_PRC,ALAMOSC_7_N001,ALL,1,1629.6213,4,3
2022-09-02T03:45:00-00:00,2022-09-02T04:00:00-00:00,2022-09-01,21,ALAMOSC_7_N001,ALAMOSC_7_N001,ALAMOSC_7_N001,RTPD,MCE,LMP_ENE_PRC,ALAMOSC_7_N001,ALL,1,141.13702,4,3
2022-09-02T04:45:00-00:00,2022-09-02T05:00:00-00:00,2022-09-01,22,ALAMOSC_7_N001,ALAMOSC_7_N001,ALAMOSC_7_N001,RTPD,MCE,LMP_ENE_PRC,ALAMOSC_7_N001,ALL,1,126.76372,4,3
2022-09-02T05:45:00-00:00,2022-09-02T06:00:00-00:00,2022-09-01,23,ALAMOSC_7_N001,ALAMOSC_7_N001,ALAMOSC_7_N001,RTPD,MCE,LMP_ENE_PRC,ALAMOSC_7_N001,ALL,1,119.00958,4,3
2022-09-02T06:45:00-00:00,2022-09-02T07:00:00-00:00,2022-09-01,24,ALAMOSC_7_N001,ALAMOSC_7_N001,ALAMOSC_7_N001,RTPD,MCE,LMP_ENE_PRC,ALAMOSC_7_N001,ALL,1,109.20324,4,3
2022-09-01T07:00:00-00:00,2022-09-01T07:15:00-00:00,2022-09-01,01,ALAMOSC_7_N001,ALAMOSC_7_N001,ALAMOSC_7_N001,RTPD,MCL,LMP_LOSS_PRC,ALAMOSC_7_N001,ALL,1,-0.69837,1,4
2022-09-01T08:00:00-00:00,2022-09-01T08:15:00-00:00,2022-09-01,02,ALAMOSC_7_N001,ALAMOSC_7_N001,ALAMOSC_7_N001,RTPD,MCL,LMP_LOSS_PRC,ALAMOSC_7_N001,ALL,1,0,1,4
2022-09-01T09:00:00-00:00,2022-09-01T09:15:00-00:00,2022-09-01,03,ALAMOSC_7_N001,ALAMOSC_7_N001,ALAMOSC_7_N001,RTPD,MCL,LMP_LOSS_PRC,ALAMOSC_7_N001,ALL,1,9.23505,1,4
2022-09-01T10:00:00-00:00,2022-09-01T10:15:00-00:00,2022-09-01,04,ALAMOSC_7_N001,ALAMOSC_7_N001,ALAMOSC_7_N001,RTPD,MCL,LMP_LOSS_PRC,ALAMOSC_7_N001,ALL,1,8.30567,1,4
2022-09-01T11:00:00-00:00,2022-09-01T11:15:00-00:00,2022-09-01,05,ALAMOSC_7_N001,ALAMOSC_7_N001,ALAMOSC_7_N001,RTPD,MCL,LMP_LOSS_PRC,ALAMOSC_7_N001,ALL,1,8.40037,1,4
2022-09-01T12:00:00-00:00,2022-09-01T12:15:00-00:00,2022-09-01,06,ALAMOSC_7_N001,ALAMOSC_7_N001,ALAMOSC_7_N001,RTPD,MCL,LMP_LOSS_PRC,ALAMOSC_7_N001,ALL,1,7.57824,1,4
2022-09-01T13:00:00-00:00,2022-09-01T13:15:00-00:00,2022-09-01,07,ALAMOSC_7_N001,ALAMOSC_7_N001,ALAMOSC_7_N001,RTPD,MCL,LMP_LOSS_PRC,ALAMOSC_7_N001,ALL,1,0,1,4
2022-09-01T14:00:00-00:00,2022-09-01T14:15:00-00:00,2022-09-01,08,ALAMOSC_7_N001,ALAMOSC_7_N001,ALAMOSC_7_N001,RTPD,MCL,LMP_LOSS_PRC,ALAMOSC_7_N001,ALL,1,6.0445,1,4
2022-09-01T15:00:00-00:00,2022-09-01T15:15:00-00:00,2022-09-01,09,ALAMOSC_7_N001,ALAMOSC_7_N001,ALAMOSC_7_N001,RTPD,MCL,LMP_LOSS_PRC,ALAMOSC_7_N001,ALL,1,0,1,4
2022-09-01T16:00:00-00:00,2022-09-01T16:15:00-00:00,2022-09-01,10,ALAMOSC_7_N001,ALAMOSC_7_N001,ALAMOSC_7_N001,RTPD,MCL,LMP_LOSS_PRC,ALAMOSC_7_N001,ALL,1,0,1,4
2022-09-01T17:00:00-00:00,2022-09-01T17:15:00-00:00,2022-09-01,11,ALAMOSC_7_N001,ALAMOSC_7_N001,ALAMOSC_7_N001,RTPD,MCL,LMP_LOSS_PRC,ALAMOSC_7_N001,ALL,1,0,1,4
2022-09-01T18:00:00-00:00,2022-09-01T18:15:00-00:00,2022-09-01,12,ALAMOSC_7_N001,ALAMOSC_7_N001,ALAMOSC_7_N001,RTPD,MCL,LMP_LOSS_PRC,ALAMOSC_7_N001,ALL,1,0,1,4
2022-09-01T19:00:00-00:00,2022-09-01T19:15:00-00:00,2022-09-01,13,ALAMOSC_7_N001,ALAMOSC_7_N001,ALAMOSC_7_N001,RTPD,MCL,LMP_LOSS_PRC,ALAMOSC_7_N001,ALL,1,0,1,4
2022-09-01T20:00:00-00:00,2022-09-01T20:15:00-00:00,2022-09-01,14,ALAMOSC_7_N001,ALAMOSC_7_N001,ALAMOSC_7_N001,RTPD,MCL,LMP_LOSS_PRC,ALAMOSC_7_N001,ALL,1,0,1,4
2022-09-01T21:00:00-00:00,2022-09-01T21:15:00-00:00,2022-09-01,15,ALAMOSC_7_N001,ALAMOSC_7_N001,ALAMOSC_7_N001,RTPD,MCL,LMP_LOSS_PRC,ALAMOSC_7_N001,ALL,1,0,1,4
2022-09-01T22:00:00-00:00,2022-09-01T22:15:00-00:00,2022-09-01,16,ALAMOSC_7_N001,ALAMOSC_7_N001,ALAMOSC_7_N001,RTPD,MCL,LMP_LOSS_PRC,ALAMOSC_7_N001,ALL,1,0,1,4
2022-09-01T23:00:00-00:00,2022-09-01T23:15:00-00:00,2022-09-01,17,ALAMOSC_7_N001,ALAMOSC_7_N001,ALAMOSC_7_N001,RTPD,MCL,LMP_LOSS_PRC,ALAMOSC_7_N001,ALL,1,0,1,4
2022-09-02T00:00:00-00:00,2022-09-02T00:15:00-00:00,2022-09-01,18,ALAMOSC_7_N001,ALAMOSC_7_N001,ALAMOSC_7_N001,RTPD,MCL,LMP_LOSS_PRC,ALAMOSC_7_N001,ALL,1,11.09637,1,4
2022-09-02T01:00:00-00:00,2022-09-02T01:15:00-00:00,2022-09-01,19,ALAMOSC_7_N001,ALAMOSC_7_N001,ALAMOSC_7_N001,RTPD,MCL,LMP_LOSS_PRC,ALAMOSC_7_N001,ALL,1,0,1,4
2022-09-02T02:00:00-00:00,2022-09-02T02:15:00-00:00,2022-09-01,20,ALAMOSC_7_N001,ALAMOSC_7_N001,ALAMOSC_7_N001,RTPD,MCL,LMP_LOSS_PRC,ALAMOSC_7_N001,ALL,1,0,1,4
2022-09-02T03:00:00-00:00,2022-09-02T03:15:00-00:00,2022-09-01,21,ALAMOSC_7_N001,ALAMOSC_7_N001,ALAMOSC_7_N001,RTPD,MCL,LMP_LOSS_PRC,ALAMOSC_7_N001,ALL,1,6.42286,1,4
2022-09-02T04:00:00-00:00,2022-09-02T04:15:00-00:00,2022-09-01,22,ALAMOSC_7_N001,ALAMOSC_7_N001,ALAMOSC_7_N001,RTPD,MCL,LMP_LOSS_PRC,ALAMOSC_7_N001,ALL,1,13.89704,1,4
2022-09-02T05:00:00-00:00,2022-09-02T05:15:00-00:00,2022-09-01,23,ALAMOSC_7_N001,ALAMOSC_7_N001,ALAMOSC_7_N001,RTPD,MCL,LMP_LOSS_PRC,ALAMOSC_7_N001,ALL,1,5.58902,1,4
2022-09-02T06:00:00-00:00,2022-09-02T06:15:00-00:00,2022-09-01,24,ALAMOSC_7_N001,ALAMOSC_7_N001,ALAMOSC_7_N001,RTPD,MCL,LMP_LOSS_PRC,ALAMOSC_7_N001,ALL,1,3.51096,1,4
2022-09-01T07:15:00-00:00,2022-09-01T07:30:00-00:00,2022-09-01,01,ALAMOSC_7_N001,ALAMOSC_7_N001,ALAMOSC_7_N001,RTPD,MCL,LMP_LOSS_PRC,ALAMOSC_7_N001,ALL,1,0,2,4
2022-09-01T08:15:00-00:00,2022-09-01T08:30:00-00:00,2022-09-01,02,ALAMOSC_7_N001,ALAMOSC_7_N001,ALAMOSC_7_N001,RTPD,MCL,LMP_LOSS_PRC,ALAMOSC_7_N001,ALL,1,0,2,4
2022-09-01T09:15:00-00:00,2022-09-01T09:30:00-00:00,2022-09-01,03,ALAMOSC_7_N001,ALAMOSC_7_N001,ALAMOSC_7_N001,RTPD,MCL,LMP_LOSS_PRC,ALAMOSC_7_N001,ALL,1,8.99495,2,4
2022-09-01T10:15:00-00:00,2022-09-01T10:30:00-00:00,2022-09-01,04,ALAMOSC_7_N001,ALAMOSC_7_N001,ALAMOSC_7_N001,RTPD,MCL,LMP_LOSS_PRC,ALAMOSC_7_N001,ALL,1,8.39109,2,4
2022-09-01T11:15:00-00:00,2022-09-01T11:30:00-00:00,2022-09-01,05,ALAMOSC_7_N001,ALAMOSC_7_N001,ALAMOSC_7_N001,RTPD,MCL,LMP_LOSS_PRC,ALAMOSC_7_N001,ALL,1,8.65961,2,4
2022-09-01T12:15:00-00:00,2022-09-01T12:30:00-00:00,2022-09-01,06,ALAMOSC_7_N001,ALAMOSC_7_N001,ALAMOSC_7_N001,RTPD,MCL,LMP_LOSS_PRC,ALAMOSC_7_N001,ALL,1,8.89881,2,4
2022-09-01T13:15:00-00:00,2022-09-01T13:30:00-00:00,2022-09-01,07,ALAMOSC_7_N001,ALAMOSC_7_N001,ALAMOSC_7_N001,RTPD,MCL,LMP_LOSS_PRC,ALAMOSC_7_N001,ALL,1,7.6464,2,4
2022-09-01T14:15:00-00:00,2022-09-01T14:30:00-00:00,2022-09-01,08,ALAMOSC_7_N001,ALAMOSC_7_N001,ALAMOSC_7_N001,RTPD,MCL,LMP_LOSS_PRC,ALAMOSC_7_N001,ALL,1,5.21841,2,4
2022-09-01T15:15:00-00:00,2022-09-01T15:30:00-00:00,2022-09-01,09,ALAMOSC_7_N001,ALAMOSC_7_N001,ALAMOSC_7_N001,RTPD,MCL,LMP_LOSS_PRC,ALAMOSC_7_N001,ALL,1,0,2,4
2022-09-01T16:15:00-00:00,2022-09-01T16:30:00-00:00,2022-09-01,10,ALAMOSC_7_N001,ALAMOSC_7_N001,ALAMOSC_7_N001,RTPD,MCL,LMP_LOSS_PRC,ALAMOSC_7_N001,ALL,1,0,2,4
2022-09-01T17:15:00-00:00,2022-09-01T17:30:00-00:00,2022-09-01,11,ALAMOSC_7_N001,ALAMOSC_7_N001,ALAMOSC_7_N001,RTPD,MCL,LMP_LOSS_PRC,ALAMOSC_7_N001,ALL,1,0,2,4
2022-09-01T18:15:00-00:00,2022-09-01T18:30:00-00:00,2022-09-01,12,ALAMOSC_7_N001,ALAMOSC_7_N001,ALAMOSC_7_N001,RTPD,MCL,LMP_LOSS_PRC,ALAMOSC_7_N001,ALL,1,0,2,4
2022-09-01T19:15:00-00:00,2022-09-01T19:30:00-00:00,2022-09-01,13,ALAMOSC_7_N001,ALAMOSC_7_N001,ALAMOSC_7_N001,RTPD,MCL,LMP_LOSS_PRC,ALAMOSC_7_N001,ALL,1,0,2,4
2022-09-01T20:15:00-00:00,2022-09-01T20:30:00-00:00,2022-09-01,14,ALAMOSC_7_N001,ALAMOSC_7_N001,ALAMOSC_7_N001,RTPD,MCL,LMP_LOSS_PRC,ALAMOSC_7_N001,ALL,1,0,2,4
2022-09-01T21:15:00-00:00,2022-09-01T21:30:00-00:00,2022-09-01,15,ALAMOSC_7_N001,ALAMOSC_7_N001,ALAMOSC_7_N001,RTPD,MCL,LMP_LOSS_PRC,ALAMOSC_7_N001,ALL,1,0,2,4
2022-09-01T22:15:00-00:00,2022-09-01T22:30:00-00:00,2022-09-01,16,ALAMOSC_7_N001,ALAMOSC_7_N001,ALAMOSC_7_N001,RTPD,MCL,LMP_LOSS_PRC,ALAMOSC_7_N001,ALL,1,0,2,4
2022-09-01T23:15:00-00:00,2022-09-01T23:30:00-00:00,2022-09-01,17,ALAMOSC_7_N001,ALAMOSC_7_N001,ALAMOSC_7_N001,RTPD,MCL,LMP_LOSS_PRC,ALAMOSC_7_N001,ALL,1,0,2,4
2022-09-02T00:15:00-00:00,2022-09-02T00:30:00-00:00,2022-09-01,18,ALAMOSC_7_N001,ALAMOSC_7_N001,ALAMOSC_7_N001,RTPD,MCL,LMP_LOSS_PRC,ALAMOSC_7_N001,ALL,1,4.90765,2,4
2022-09-02T01:15:00-00:00,2022-09-02T01:30:00-00:00,2022-09-01,19,ALAMOSC_7_N001,ALAMOSC_7_N001,ALAMOSC_7_N001,RTPD,MCL,LMP_LOSS_PRC,ALAMOSC_7_N001,ALL,1,0,2,4
2022-09-02T02:15:00-00:00,2022-09-02T02:30:00-00:00,2022-09-01,20,ALAMOSC_7_N001,ALAMOSC_7_N001,ALAMOSC_7_N001,RTPD,MCL,LMP_LOSS_PRC,ALAMOSC_7_N001,ALL,1,0,2,4
2022-09-02T03:15:00-00:00,2022-09-02T03:30:00-00:00,2022-09-01,21,ALAMOSC_7_N001,ALAMOSC_7_N001,ALAMOSC_7_N001,RTPD,MCL,LMP_LOSS_PRC,ALAMOSC_7_N001,ALL,1,2.56338,2,4
2022-09-02T04:15:00-00:00,2022-09-02T04:30:00-00:00,2022-09-01,22,ALAMOSC_7_N001,ALAMOSC_7_N001,ALAMOSC_7_N001,RTPD,MCL,LMP_LOSS_PRC,ALAMOSC_7_N001,ALL,1,12.65345,2,4
2022-09-02T05:15:00-00:00,2022-09-02T05:30:00-00:00,2022-09-01,23,ALAMOSC_7_N001,ALAMOSC_7_N001,ALAMOSC_7_N001,RTPD,MCL,LMP_LOSS_PRC,ALAMOSC_7_N001,ALL,1,3.94371,2,4
2022-09-02T06:15:00-00:00,2022-09-02T06:30:00-00:00,2022-09-01,24,ALAMOSC_7_N001,ALAMOSC_7_N001,ALAMOSC_7_N001,RTPD,MCL,LMP_LOSS_PRC,ALAMOSC_7_N001,ALL,1,3.8494,2,4
2022-09-01T07:30:00-00:00,2022-09-01T07:45:00-00:00,2022-09-01,01,ALAMOSC_7_N001,ALAMOSC_7_N001,ALAMOSC_7_N001,RTPD,MCL,LMP_LOSS_PRC,ALAMOSC_7_N001,ALL,1,0,3,4
2022-09-01T08:30:00-00:00,2022-09-01T08:45:00-00:00,2022-09-01,02,ALAMOSC_7_N001,ALAMOSC_7_N001,ALAMOSC_7_N001,RTPD,MCL,LMP_LOSS_PRC,ALAMOSC_7_N001,ALL,1,9.289,3,4
2022-09-01T09:30:00-00:00,2022-09-01T09:45:00-00:00,2022-09-01,03,ALAMOSC_7_N001,ALAMOSC_7_N001,ALAMOSC_7_N001,RTPD,MCL,LMP_LOSS_PRC,ALAMOSC_7_N001,ALL,1,8.76589,3,4
2022-09-01T10:30:00-00:00,2022-09-01T10:45:00-00:00,2022-09-01,04,ALAMOSC_7_N001,ALAMOSC_7_N001,ALAMOSC_7_N001,RTPD,MCL,LMP_LOSS_PRC,ALAMOSC_7_N001,ALL,1,8.31606,3,4
2022-09-01T11:30:00-00:00,2022-09-01T11:45:00-00:00,2022-09-01,05,ALAMOSC_7_N001,ALAMOSC_7_N001,ALAMOSC_7_N001,RTPD,MCL,LMP_LOSS_PRC,ALAMOSC_7_N001,ALL,1,8.82211,3,4
2022-09-01T12:30:00-00:00,2022-09-01T12:45:00-00:00,2022-09-01,06,ALAMOSC_7_N001,ALAMOSC_7_N001,ALAMOSC_7_N001,RTPD,MCL,LMP_LOSS_PRC,ALAMOSC_7_N001,ALL,1,8.63163,3,4
2022-09-01T13:30:00-00:00,2022-09-01T13:45:00-00:00,2022-09-01,07,ALAMOSC_7_N001,ALAMOSC_7_N001,ALAMOSC_7_N001,RTPD,MCL,LMP_LOSS_PRC,ALAMOSC_7_N001,ALL,1,7.60568,3,4
2022-09-01T14:30:00-00:00,2022-09-01T14:45:00-00:00,2022-09-01,08,ALAMOSC_7_N001,ALAMOSC_7_N001,ALAMOSC_7_N001,RTPD,MCL,LMP_LOSS_PRC,ALAMOSC_7_N001,ALL,1,3.91044,3,4
2022-09-01T15:30:00-00:00,2022-09-01T15:45:00-00:00,2022-09-01,09,ALAMOSC_7_N001,ALAMOSC_7_N001,ALAMOSC_7_N001,RTPD,MCL,LMP_LOSS_PRC,ALAMOSC_7_N001,ALL,1,0,3,4
2022-09-01T16:30:00-00:00,2022-09-01T16:45:00-00:00,2022-09-01,10,ALAMOSC_7_N001,ALAMOSC_7_N001,ALAMOSC_7_N001,RTPD,MCL,LMP_LOSS_PRC,ALAMOSC_7_N001,ALL,1,0,3,4
2022-09-01T17:30:00-00:00,2022-09-01T17:45:00-00:00,2022-09-01,11,ALAMOSC_7_N001,ALAMOSC_7_N001,ALAMOSC_7_N001,RTPD,MCL,LMP_LOSS_PRC,ALAMOSC_7_N001,ALL,1,0,3,4
2022-09-01T18:30:00-00:00,2022-09-01T18:45:00-00:00,2022-09-01,12,ALAMOSC_7_N001,ALAMOSC_7_N001,ALAMOSC_7_N001,RTPD,MCL,LMP_LOSS_PRC,ALAMOSC_7_N001,ALL,1,0,3,4
2022-09-01T19:30:00-00:00,2022-09-01T19:45:00-00:00,2022-09-01,13,ALAMOSC_7_N001,ALAMOSC_7_N001,ALAMOSC_7_N001,RTPD,MCL,LMP_LOSS_PRC,ALAMOSC_7_N001,ALL,1,0,3,4
2022-09-01T20:30:00-00:00,2022-09-01T20:45:00-00:00,2022-09-01,14,ALAMOSC_7_N001,ALAMOSC_7_N001,ALAMOSC_7_N001,RTPD,MCL,LMP_LOSS_PRC,ALAMOSC_7_N001,ALL,1,0,3,4
2022-09-01T21:30:00-00:00,2022-09-01T21:45:00-00:00,2022-09-01,15,ALAMOSC_7_N001,ALAMOSC_7_N001,ALAMOSC_7_N001,RTPD,MCL,LMP_LOSS_PRC,ALAMOSC_7_N001,ALL,1,0,3,4
2022-09-01T22:30:00-00:00,2022-09-01T22:45:00-00:00,2022-09-01,16,ALAMOSC_7_N001,ALAMOSC_7_N001,ALAMOSC_7_N001,RTPD,MCL,LMP_LOSS_PRC,ALAMOSC_7_N001,ALL,1,0,3,4
2022-09-01T23:30:00-00:00,2022-09-01T23:45:00-00:00,2022-09-01,17,ALAMOSC_7_N001,ALAMOSC_7_N001,ALAMOSC_7_N001,RTPD,MCL,LMP_LOSS_PRC,ALAMOSC_7_N001,ALL,1,0,3,4
2022-09-02T00:30:00-00:00,2022-09-02T00:45:00-00:00,2022-09-01,18,ALAMOSC_7_N001,ALAMOSC_7_N001,ALAMOSC_7_N001,RTPD,MCL,LMP_LOSS_PRC,ALAMOSC_7_N001,ALL,1,0,3,4
2022-09-02T01:30:00-00:00,2022-09-02T01:45:00-00:00,2022-09-01,19,ALAMOSC_7_N001,ALAMOSC_7_N001,ALAMOSC_7_N001,RTPD,MCL,LMP_LOSS_PRC,ALAMOSC_7_N001,ALL,1,0,3,4
2022-09-02T02:30:00-00:00,2022-09-02T02:45:00-00:00,2022-09-01,20,ALAMOSC_7_N001,ALAMOSC_7_N001,ALAMOSC_7_N001,RTPD,MCL,LMP_LOSS_PRC,ALAMOSC_7_N001,ALL,1,0,3,4
2022-09-02T03:30:00-00:00,2022-09-02T03:45:00-00:00,2022-09-01,21,ALAMOSC_7_N001,ALAMOSC_7_N001,ALAMOSC_7_N001,RTPD,MCL,LMP_LOSS_PRC,ALAMOSC_7_N001,ALL,1,5.39327,3,4
2022-09-02T04:30:00-00:00,2022-09-02T04:45:00-00:00,2022-09-01,22,ALAMOSC_7_N001,ALAMOSC_7_N001,ALAMOSC_7_N001,RTPD,MCL,LMP_LOSS_PRC,ALAMOSC_7_N001,ALL,1,10.28059,3,4
2022-09-02T05:30:00-00:00,2022-09-02T05:45:00-00:00,2022-09-01,23,ALAMOSC_7_N001,ALAMOSC_7_N001,ALAMOSC_7_N001,RTPD,MCL,LMP_LOSS_PRC,ALAMOSC_7_N001,ALL,1,3.80611,3,4
2022-09-02T06:30:00-00:00,2022-09-02T06:45:00-00:00,2022-09-01,24,ALAMOSC_7_N001,ALAMOSC_7_N001,ALAMOSC_7_N001,RTPD,MCL,LMP_LOSS_PRC,ALAMOSC_7_N001,ALL,1,3.62454,3,4
2022-09-01T07:45:00-00:00,2022-09-01T08:00:00-00:00,2022-09-01,01,ALAMOSC_7_N001,ALAMOSC_7_N001,ALAMOSC_7_N001,RTPD,MCL,LMP_LOSS_PRC,ALAMOSC_7_N001,ALL,1,0,4,4
2022-09-01T08:45:00-00:00,2022-09-01T09:00:00-00:00,2022-09-01,02,ALAMOSC_7_N001,ALAMOSC_7_N001,ALAMOSC_7_N001,RTPD,MCL,LMP_LOSS_PRC,ALAMOSC_7_N001,ALL,1,8.00747,4,4
2022-09-01T09:45:00-00:00,2022-09-01T10:00:00-00:00,2022-09-01,03,ALAMOSC_7_N001,ALAMOSC_7_N001,ALAMOSC_7_N001,RTPD,MCL,LMP_LOSS_PRC,ALAMOSC_7_N001,ALL,1,8.53167,4,4
2022-09-01T10:45:00-00:00,2022-09-01T11:00:00-00:00,2022-09-01,04,ALAMOSC_7_N001,ALAMOSC_7_N001,ALAMOSC_7_N001,RTPD,MCL,LMP_LOSS_PRC,ALAMOSC_7_N001,ALL,1,7.77648,4,4
2022-09-01T11:45:00-00:00,2022-09-01T12:00:00-00:00,2022-09-01,05,ALAMOSC_7_N001,ALAMOSC_7_N001,ALAMOSC_7_N001,RTPD,MCL,LMP_LOSS_PRC,ALAMOSC_7_N001,ALL,1,0,4,4
2022-09-01T12:45:00-00:00,2022-09-01T13:00:00-00:00,2022-09-01,06,ALAMOSC_7_N001,ALAMOSC_7_N001,ALAMOSC_7_N001,RTPD,MCL,LMP_LOSS_PRC,ALAMOSC_7_N001,ALL,1,0,4,4
2022-09-01T13:45:00-00:00,2022-09-01T14:00:00-00:00,2022-09-01,07,ALAMOSC_7_N001,ALAMOSC_7_N001,ALAMOSC_7_N001,RTPD,MCL,LMP_LOSS_PRC,ALAMOSC_7_N001,ALL,1,0,4,4
2022-09-01T14:45:00-00:00,2022-09-01T15:00:00-00:00,2022-09-01,08,ALAMOSC_7_N001,ALAMOSC_7_N001,ALAMOSC_7_N001,RTPD,MCL,LMP_LOSS_PRC,ALAMOSC_7_N001,ALL,1,0,4,4
2022-09-01T15:45:00-00:00,2022-09-01T16:00:00-00:00,2022-09-01,09,ALAMOSC_7_N001,ALAMOSC_7_N001,ALAMOSC_7_N001,RTPD,MCL,LMP_LOSS_PRC,ALAMOSC_7_N001,ALL,1,0,4,4
2022-09-01T16:45:00-00:00,2022-09-01T17:00:00-00:00,2022-09-01,10,ALAMOSC_7_N001,ALAMOSC_7_N001,ALAMOSC_7_N001,RTPD,MCL,LMP_LOSS_PRC,ALAMOSC_7_N001,ALL,1,0,4,4
2022-09-01T17:45:00-00:00,2022-09-01T18:00:00-00:00,2022-09-01,11,ALAMOSC_7_N001,ALAMOSC_7_N001,ALAMOSC_7_N001,RTPD,MCL,LMP_LOSS_PRC,ALAMOSC_7_N001,ALL,1,0,4,4
2022-09-01T18:45:00-00:00,2022-09-01T19:00:00-00:00,2022-09-01,12,ALAMOSC_7_N001,ALAMOSC_7_N001,ALAMOSC_7_N001,RTPD,MCL,LMP_LOSS_PRC,ALAMOSC_7_N001,ALL,1,0,4,4
2022-09-01T19:45:00-00:00,2022-09-01T20:00:00-00:00,2022-09-01,13,ALAMOSC_7_N001,ALAMOSC_7_N001,ALAMOSC_7_N001,RTPD,MCL,LMP_LOSS_PRC,ALAMOSC_7_N001,ALL,1,0,4,4
2022-09-01T20:45:00-00:00,2022-09-01T21:00:00-00:00,2022-09-01,14,ALAMOSC_7_N001,ALAMOSC_7_N001,ALAMOSC_7_N001,RTPD,MCL,LMP_LOSS_PRC,ALAMOSC_7_N001,ALL,1,0,4,4
2022-09-01T21:45:00-00:00,2022-09-01T22:00:00-00:00,2022-09-01,15,ALAMOSC_7_N001,ALAMOSC_7_N001,ALAMOSC_7_N001,RTPD,MCL,LMP_LOSS_PRC,ALAMOSC_7_N001,ALL,1,0,4,4
2022-09-01T22:45:00-00:00,2022-09-01T23:00:00-00:00,2022-09-01,16,ALAMOSC_7_N001,ALAMOSC_7_N001,ALAMOSC_7_N001,RTPD,MCL,LMP_LOSS_PRC,ALAMOSC_7_N001,ALL,1,0,4,4
2022-09-01T23:45:00-00:00,2022-09-02T00:00:00-00:00,2022-09-01,17,ALAMOSC_7_N001,ALAMOSC_7_N001,ALAMOSC_7_N001,RTPD,MCL,LMP_LOSS_PRC,ALAMOSC_7_N001,ALL,1,0,4,4
2022-09-02T00:45:00-00:00,2022-09-02T01:00:00-00:00,2022-09-01,18,ALAMOSC_7_N001,ALAMOSC_7_N001,ALAMOSC_7_N001,RTPD,MCL,LMP_LOSS_PRC,ALAMOSC_7_N001,ALL,1,0,4,4
2022-09-02T01:45:00-00:00,2022-09-02T02:00:00-00:00,2022-09-01,19,ALAMOSC_7_N001,ALAMOSC_7_N001,ALAMOSC_7_N001,RTPD,MCL,LMP_LOSS_PRC,ALAMOSC_7_N001,ALL,1,0,4,4
2022-09-02T02:45:00-00:00,2022-09-02T03:00:00-00:00,2022-09-01,20,ALAMOSC_7_N001,ALAMOSC_7_N001,ALAMOSC_7_N001,RTPD,MCL,LMP_LOSS_PRC,ALAMOSC_7_N001,ALL,1,72.51815,4,4
2022-09-02T03:45:00-00:00,2022-09-02T04:00:00-00:00,2022-09-01,21,ALAMOSC_7_N001,ALAMOSC_7_N001,ALAMOSC_7_N001,RTPD,MCL,LMP_LOSS_PRC,ALAMOSC_7_N001,ALL,1,5.60314,4,4
2022-09-02T04:45:00-00:00,2022-09-02T05:00:00-00:00,2022-09-01,22,ALAMOSC_7_N001,ALAMOSC_7_N001,ALAMOSC_7_N001,RTPD,MCL,LMP_LOSS_PRC,ALAMOSC_7_N001,ALL,1,6.33819,4,4
2022-09-02T05:45:00-00:00,2022-09-02T06:00:00-00:00,2022-09-01,23,ALAMOSC_7_N001,ALAMOSC_7_N001,ALAMOSC_7_N001,RTPD,MCL,LMP_LOSS_PRC,ALAMOSC_7_N001,ALL,1,3.55839,4,4
2022-09-02T06:45:00-00:00,2022-09-02T07:00:00-00:00,2022-09-01,24,ALAMOSC_7_N001,ALAMOSC_7_N001,ALAMOSC_7_N001,RTPD,MCL,LMP_LOSS_PRC,ALAMOSC_7_N001,ALL,1,2.90481,4,4
2022-09-01T07:00:00-00:00,2022-09-01T07:15:00-00:00,2022-09-01,01,ALAMOSC_7_N001,ALAMOSC_7_N001,ALAMOSC_7_N001,RTPD,MGHG,LMP_GHG_PRC,ALAMOSC_7_N001,ALL,1,0,1,5
2022-09-01T08:00:00-00:00,2022-09-01T08:15:00-00:00,2022-09-01,02,ALAMOSC_7_N001,ALAMOSC_7_N001,ALAMOSC_7_N001,RTPD,MGHG,LMP_GHG_PRC,ALAMOSC_7_N001,ALL,1,0,1,5
2022-09-01T09:00:00-00:00,2022-09-01T09:15:00-00:00,2022-09-01,03,ALAMOSC_7_N001,ALAMOSC_7_N001,ALAMOSC_7_N001,RTPD,MGHG,LMP_GHG_PRC,ALAMOSC_7_N001,ALL,1,0,1,5
2022-09-01T10:00:00-00:00,2022-09-01T10:15:00-00:00,2022-09-01,04,ALAMOSC_7_N001,ALAMOSC_7_N001,ALAMOSC_7_N001,RTPD,MGHG,LMP_GHG_PRC,ALAMOSC_7_N001,ALL,1,0,1,5
2022-09-01T11:00:00-00:00,2022-09-01T11:15:00-00:00,2022-09-01,05,ALAMOSC_7_N001,ALAMOSC_7_N001,ALAMOSC_7_N001,RTPD,MGHG,LMP_GHG_PRC,ALAMOSC_7_N001,ALL,1,0,1,5
2022-09-01T12:00:00-00:00,2022-09-01T12:15:00-00:00,2022-09-01,06,ALAMOSC_7_N001,ALAMOSC_7_N001,ALAMOSC_7_N001,RTPD,MGHG,LMP_GHG_PRC,ALAMOSC_7_N001,ALL,1,0,1,5
2022-09-01T13:00:00-00:00,2022-09-01T13:15:00-00:00,2022-09-01,07,ALAMOSC_7_N001,ALAMOSC_7_N001,ALAMOSC_7_N001,RTPD,MGHG,LMP_GHG_PRC,ALAMOSC_7_N001,ALL,1,0,1,5
2022-09-01T14:00:00-00:00,2022-09-01T14:15:00-00:00,2022-09-01,08,ALAMOSC_7_N001,ALAMOSC_7_N001,ALAMOSC_7_N001,RTPD,MGHG,LMP_GHG_PRC,ALAMOSC_7_N001,ALL,1,0,1,5
2022-09-01T15:00:00-00:00,2022-09-01T15:15:00-00:00,2022-09-01,09,ALAMOSC_7_N001,ALAMOSC_7_N001,ALAMOSC_7_N001,RTPD,MGHG,LMP_GHG_PRC,ALAMOSC_7_N001,ALL,1,0,1,5
2022-09-01T16:00:00-00:00,2022-09-01T16:15:00-00:00,2022-09-01,10,ALAMOSC_7_N001,ALAMOSC_7_N001,ALAMOSC_7_N001,RTPD,MGHG,LMP_GHG_PRC,ALAMOSC_7_N001,ALL,1,0,1,5
2022-09-01T17:00:00-00:00,2022-09-01T17:15:00-00:00,2022-09-01,11,ALAMOSC_7_N001,ALAMOSC_7_N001,ALAMOSC_7_N001,RTPD,MGHG,LMP_GHG_PRC,ALAMOSC_7_N001,ALL,1,0,1,5
2022-09-01T18:00:00-00:00,2022-09-01T18:15:00-00:00,2022-09-01,12,ALAMOSC_7_N001,ALAMOSC_7_N001,ALAMOSC_7_N001,RTPD,MGHG,LMP_GHG_PRC,ALAMOSC_7_N001,ALL,1,0,1,5
2022-09-01T19:00:00-00:00,2022-09-01T19:15:00-00:00,2022-09-01,13,ALAMOSC_7_N001,ALAMOSC_7_N001,ALAMOSC_7_N001,RTPD,MGHG,LMP_GHG_PRC,ALAMOSC_7_N001,ALL,1,0,1,5
2022-09-01T20:00:00-00:00,2022-09-01T20:15:00-00:00,2022-09-01,14,ALAMOSC_7_N001,ALAMOSC_7_N001,ALAMOSC_7_N001,RTPD,MGHG,LMP_GHG_PRC,ALAMOSC_7_N001,ALL,1,0,1,5
2022-09-01T21:00:00-00:00,2022-09-01T21:15:00-00:00,2022-09-01,15,ALAMOSC_7_N001,ALAMOSC_7_N001,ALAMOSC_7_N001,RTPD,MGHG,LMP_GHG_PRC,ALAMOSC_7_N001,ALL,1,0,1,5
2022-09-01T22:00:00-00:00,2022-09-01T22:15:00-00:00,2022-09-01,16,ALAMOSC_7_N001,ALAMOSC_7_N001,ALAMOSC_7_N001,RTPD,MGHG,LMP_GHG_PRC,ALAMOSC_7_N001,ALL,1,0,1,5
2022-09-01T23:00:00-00:00,2022-09-01T23:15:00-00:00,2022-09-01,17,ALAMOSC_7_N001,ALAMOSC_7_N001,ALAMOSC_7_N001,RTPD,MGHG,LMP_GHG_PRC,ALAMOSC_7_N001,ALL,1,0,1,5
2022-09-02T00:00:00-00:00,2022-09-02T00:15:00-00:00,2022-09-01,18,ALAMOSC_7_N001,ALAMOSC_7_N001,ALAMOSC_7_N001,RTPD,MGHG,LMP_GHG_PRC,ALAMOSC_7_N001,ALL,1,0,1,5
2022-09-02T01:00:00-00:00,2022-09-02T01:15:00-00:00,2022-09-01,19,ALAMOSC_7_N001,ALAMOSC_7_N001,ALAMOSC_7_N001,RTPD,MGHG,LMP_GHG_PRC,ALAMOSC_7_N001,ALL,1,0,1,5
2022-09-02T02:00:00-00:00,2022-09-02T02:15:00-00:00,2022-09-01,20,ALAMOSC_7_N001,ALAMOSC_7_N001,ALAMOSC_7_N001,RTPD,MGHG,LMP_GHG_PRC,ALAMOSC_7_N001,ALL,1,0,1,5
2022-09-02T03:00:00-00:00,2022-09-02T03:15:00-00:00,2022-09-01,21,ALAMOSC_7_N001,ALAMOSC_7_N001,ALAMOSC_7_N001,RTPD,MGHG,LMP_GHG_PRC,ALAMOSC_7_N001,ALL,1,0,1,5
2022-09-02T04:00:00-00:00,2022-09-02T04:15:00-00:00,2022-09-01,22,ALAMOSC_7_N001,ALAMOSC_7_N001,ALAMOSC_7_N001,RTPD,MGHG,LMP_GHG_PRC,ALAMOSC_7_N001,ALL,1,0,1,5
2022-09-02T05:00:00-00:00,2022-09-02T05:15:00-00:00,2022-09-01,23,ALAMOSC_7_N001,ALAMOSC_7_N001,ALAMOSC_7_N001,RTPD,MGHG,LMP_GHG_PRC,ALAMOSC_7_N001,ALL,1,0,1,5
2022-09-02T06:00:00-00:00,2022-09-02T06:15:00-00:00,2022-09-01,24,ALAMOSC_7_N001,ALAMOSC_7_N001,ALAMOSC_7_N001,RTPD,MGHG,LMP_GHG_PRC,ALAMOSC_7_N001,ALL,1,0,1,5
2022-09-01T07:15:00-00:00,2022-09-01T07:30:00-00:00,2022-09-01,01,ALAMOSC_7_N001,ALAMOSC_7_N001,ALAMOSC_7_N001,RTPD,MGHG,LMP_GHG_PRC,ALAMOSC_7_N001,ALL,1,0,2,5
2022-09-01T08:15:00-00:00,2022-09-01T08:30:00-00:00,2022-09-01,02,ALAMOSC_7_N001,ALAMOSC_7_N001,ALAMOSC_7_N001,RTPD,MGHG,LMP_GHG_PRC,ALAMOSC_7_N001,ALL,1,0,2,5
2022-09-01T09:15:00-00:00,2022-09-01T09:30:00-00:00,2022-09-01,03,ALAMOSC_7_N001,ALAMOSC_7_N001,ALAMOSC_7_N001,RTPD,MGHG,LMP_GHG_PRC,ALAMOSC_7_N001,ALL,1,0,2,5
2022-09-01T10:15:00-00:00,2022-09-01T10:30:00-00:00,2022-09-01,04,ALAMOSC_7_N001,ALAMOSC_7_N001,ALAMOSC_7_N001,RTPD,MGHG,LMP_GHG_PRC,ALAMOSC_7_N001,ALL,1,0,2,5
2022-09-01T11:15:00-00:00,2022-09-01T11:30:00-00:00,2022-09-01,05,ALAMOSC_7_N001,ALAMOSC_7_N001,ALAMOSC_7_N001,RTPD,MGHG,LMP_GHG_PRC,ALAMOSC_7_N001,ALL,1,0,2,5
2022-09-01T12:15:00-00:00,2022-09-01T12:30:00-00:00,2022-09-01,06,ALAMOSC_7_N001,ALAMOSC_7_N001,ALAMOSC_7_N001,RTPD,MGHG,LMP_GHG_PRC,ALAMOSC_7_N001,ALL,1,0,2,5
2022-09-01T13:15:00-00:00,2022-09-01T13:30:00-00:00,2022-09-01,07,ALAMOSC_7_N001,ALAMOSC_7_N001,ALAMOSC_7_N001,RTPD,MGHG,LMP_GHG_PRC,ALAMOSC_7_N001,ALL,1,0,2,5
2022-09-01T14:15:00-00:00,2022-09-01T14:30:00-00:00,2022-09-01,08,ALAMOSC_7_N001,ALAMOSC_7_N001,ALAMOSC_7_N001,RTPD,MGHG,LMP_GHG_PRC,ALAMOSC_7_N001,ALL,1,0,2,5
2022-09-01T15:15:00-00:00,2022-09-01T15:30:00-00:00,2022-09-01,09,ALAMOSC_7_N001,ALAMOSC_7_N001,ALAMOSC_7_N001,RTPD,MGHG,LMP_GHG_PRC,ALAMOSC_7_N001,ALL,1,0,2,5
2022-09-01T16:15:00-00:00,2022-09-01T16:30:00-00:00,2022-09-01,10,ALAMOSC_7_N001,ALAMOSC_7_N001,ALAMOSC_7_N001,RTPD,MGHG,LMP_GHG_PRC,ALAMOSC_7_N001,ALL,1,0,2,5
2022-09-01T17:15:00-00:00,2022-09-01T17:30:00-00:00,2022-09-01,11,ALAMOSC_7_N001,ALAMOSC_7_N001,ALAMOSC_7_N001,RTPD,MGHG,LMP_GHG_PRC,ALAMOSC_7_N001,ALL,1,0,2,5
2022-09-01T18:15:00-00:00,2022-09-01T18:30:00-00:00,2022-09-01,12,ALAMOSC_7_N001,ALAMOSC_7_N001,ALAMOSC_7_N001,RTPD,MGHG,LMP_GHG_PRC,ALAMOSC_7_N001,ALL,1,0,2,5
2022-09-01T19:15:00-00:00,2022-09-01T19:30:00-00:00,2022-09-01,13,ALAMOSC_7_N001,ALAMOSC_7_N001,ALAMOSC_7_N001,RTPD,MGHG,LMP_GHG_PRC,ALAMOSC_7_N001,ALL,1,0,2,5
2022-09-01T20:15:00-00:00,2022-09-01T20:30:00-00:00,2022-09-01,14,ALAMOSC_7_N001,ALAMOSC_7_N001,ALAMOSC_7_N001,RTPD,MGHG,LMP_GHG_PRC,ALAMOSC_7_N001,ALL,1,0,2,5
2022-09-01T21:15:00-00:00,2022-09-01T21:30:00-00:00,2022-09-01,15,ALAMOSC_7_N001,ALAMOSC_7_N001,ALAMOSC_7_N001,RTPD,MGHG,LMP_GHG_PRC,ALAMOSC_7_N001,ALL,1,0,2,5
2022-09-01T22:15:00-00:00,2022-09-01T22:30:00-00:00,2022-09-01,16,ALAMOSC_7_N001,ALAMOSC_7_N001,ALAMOSC_7_N001,RTPD,MGHG,LMP_GHG_PRC,ALAMOSC_7_N001,ALL,1,0,2,5
2022-09-01T23:15:00-00:00,2022-09-01T23:30:00-00:00,2022-09-01,17,ALAMOSC_7_N001,ALAMOSC_7_N001,ALAMOSC_7_N001,RTPD,MGHG,LMP_GHG_PRC,ALAMOSC_7_N001,ALL,1,0,2,5
2022-09-02T00:15:00-00:00,2022-09-02T00:30:00-00:00,2022-09-01,18,ALAMOSC_7_N001,ALAMOSC_7_N001,ALAMOSC_7_N001,RTPD,MGHG,LMP_GHG_PRC,ALAMOSC_7_N001,ALL,1,0,2,5
2022-09-02T01:15:00-00:00,2022-09-02T01:30:00-00:00,2022-09-01,19,ALAMOSC_7_N001,ALAMOSC_7_N001,ALAMOSC_7_N001,RTPD,MGHG,LMP_GHG_PRC,ALAMOSC_7_N001,ALL,1,0,2,5
2022-09-02T02:15:00-00:00,2022-09-02T02:30:00-00:00,2022-09-01,20,ALAMOSC_7_N001,ALAMOSC_7_N001,ALAMOSC_7_N001,RTPD,MGHG,LMP_GHG_PRC,ALAMOSC_7_N001,ALL,1,0,2,5
2022-09-02T03:15:00-00:00,2022-09-02T03:30:00-00:00,2022-09-01,21,ALAMOSC_7_N001,ALAMOSC_7_N001,ALAMOSC_7_N001,RTPD,MGHG,LMP_GHG_PRC,ALAMOSC_7_N001,ALL,1,0,2,5
2022-09-02T04:15:00-00:00,2022-09-02T04:30:00-00:00,2022-09-01,22,ALAMOSC_7_N001,ALAMOSC_7_N001,ALAMOSC_7_N001,RTPD,MGHG,LMP_GHG_PRC,ALAMOSC_7_N001,ALL,1,0,2,5
2022-09-02T05:15:00-00:00,2022-09-02T05:30:00-00:00,2022-09-01,23,ALAMOSC_7_N001,ALAMOSC_7_N001,ALAMOSC_7_N001,RTPD,MGHG,LMP_GHG_PRC,ALAMOSC_7_N001,ALL,1,0,2,5
2022-09-02T06:15:00-00:00,2022-09-02T06:30:00-00:00,2022-09-01,24,ALAMOSC_7_N001,ALAMOSC_7_N001,ALAMOSC_7_N001,RTPD,MGHG,LMP_GHG_PRC,ALAMOSC_7_N001,ALL,1,0,2,5
2022-09-01T07:30:00-00:00,2022-09-01T07:45:00-00:00,2022-09-01,01,ALAMOSC_7_N001,ALAMOSC_7_N001,ALAMOSC_7_N001,RTPD,MGHG,LMP_GHG_PRC,ALAMOSC_7_N001,ALL,1,0,3,5
2022-09-01T08:30:00-00:00,2022-09-01T08:45:00-00:00,2022-09-01,02,ALAMOSC_7_N001,ALAMOSC_7_N001,ALAMOSC_7_N001,RTPD,MGHG,LMP_GHG_PRC,ALAMOSC_7_N001,ALL,1,0,3,5
2022-09-01T09:30:00-00:00,2022-09-01T09:45:00-00:00,2022-09-01,03,ALAMOSC_7_N001,ALAMOSC_7_N001,ALAMOSC_7_N001,RTPD,MGHG,LMP_GHG_PRC,ALAMOSC_7_N001,ALL,1,0,3,5
2022-09-01T10:30:00-00:00,2022-09-01T10:45:00-00:00,2022-09-01,04,ALAMOSC_7_N001,ALAMOSC_7_N001,ALAMOSC_7_N001,RTPD,MGHG,LMP_GHG_PRC,ALAMOSC_7_N001,ALL,1,0,3,5
2022-09-01T11:30:00-00:00,2022-09-01T11:45:00-00:00,2022-09-01,05,ALAMOSC_7_N001,ALAMOSC_7_N001,ALAMOSC_7_N001,RTPD,MGHG,LMP_GHG_PRC,ALAMOSC_7_N001,ALL,1,0,3,5
2022-09-01T12:30:00-00:00,2022-09-01T12:45:00-00:00,2022-09-01,06,ALAMOSC_7_N001,ALAMOSC_7_N001,ALAMOSC_7_N001,RTPD,MGHG,LMP_GHG_PRC,ALAMOSC_7_N001,ALL,1,0,3,5
2022-09-01T13:30:00-00:00,2022-09-01T13:45:00-00:00,2022-09-01,07,ALAMOSC_7_N001,ALAMOSC_7_N001,ALAMOSC_7_N001,RTPD,MGHG,LMP_GHG_PRC,ALAMOSC_7_N001,ALL,1,0,3,5
2022-09-01T14:30:00-00:00,2022-09-01T14:45:00-00:00,2022-09-01,08,ALAMOSC_7_N001,ALAMOSC_7_N001,ALAMOSC_7_N001,RTPD,MGHG,LMP_GHG_PRC,ALAMOSC_7_N001,ALL,1,0,3,5
2022-09-01T15:30:00-00:00,2022-09-01T15:45:00-00:00,2022-09-01,09,ALAMOSC_7_N001,ALAMOSC_7_N001,ALAMOSC_7_N001,RTPD,MGHG,LMP_GHG_PRC,ALAMOSC_7_N001,ALL,1,0,3,5
2022-09-01T16:30:00-00:00,2022-09-01T16:45:00-00:00,2022-09-01,10,ALAMOSC_7_N001,ALAMOSC_7_N001,ALAMOSC_7_N001,RTPD,MGHG,LMP_GHG_PRC,ALAMOSC_7_N001,ALL,1,0,3,5
2022-09-01T17:30:00-00:00,2022-09-01T17:45:00-00:00,2022-09-01,11,ALAMOSC_7_N001,ALAMOSC_7_N001,ALAMOSC_7_N001,RTPD,MGHG,LMP_GHG_PRC,ALAMOSC_7_N001,ALL,1,0,3,5
2022-09-01T18:30:00-00:00,2022-09-01T18:45:00-00:00,2022-09-01,12,ALAMOSC_7_N001,ALAMOSC_7_N001,ALAMOSC_7_N001,RTPD,MGHG,LMP_GHG_PRC,ALAMOSC_7_N001,ALL,1,0,3,5
2022-09-01T19:30:00-00:00,2022-09-01T19:45:00-00:00,2022-09-01,13,ALAMOSC_7_N001,ALAMOSC_7_N001,ALAMOSC_7_N001,RTPD,MGHG,LMP_GHG_PRC,ALAMOSC_7_N001,ALL,1,0,3,5
2022-09-01T20:30:00-00:00,2022-09-01T20:45:00-00:00,2022-09-01,14,ALAMOSC_7_N001,ALAMOSC_7_N001,ALAMOSC_7_N001,RTPD,MGHG,LMP_GHG_PRC,ALAMOSC_7_N001,ALL,1,0,3,5
2022-09-01T21:30:00-00:00,2022-09-01T21:45:00-00:00,2022-09-01,15,ALAMOSC_7_N001,ALAMOSC_7_N001,ALAMOSC_7_N001,RTPD,MGHG,LMP_GHG_PRC,ALAMOSC_7_N001,ALL,1,0,3,5
2022-09-01T22:30:00-00:00,2022-09-01T22:45:00-00:00,2022-09-01,16,ALAMOSC_7_N001,ALAMOSC_7_N001,ALAMOSC_7_N001,RTPD,MGHG,LMP_GHG_PRC,ALAMOSC_7_N001,ALL,1,0,3,5
2022-09-01T23:30:00-00:00,2022-09-01T23:45:00-00:00,2022-09-01,17,ALAMOSC_7_N001,ALAMOSC_7_N001,ALAMOSC_7_N001,RTPD,MGHG,LMP_GHG_PRC,ALAMOSC_7_N001,ALL,1,0,3,5
2022-09-02T00:30:00-00:00,2022-09-02T00:45:00-00:00,2022-09-01,18,ALAMOSC_7_N001,ALAMOSC_7_N001,ALAMOSC_7_N001,RTPD,MGHG,LMP_GHG_PRC,ALAMOSC_7_N001,ALL,1,0,3,5
2022-09-02T01:30:00-00:00,2022-09-02T01:45:00-00:00,2022-09-01,19,ALAMOSC_7_N001,ALAMOSC_7_N001,ALAMOSC_7_N001,RTPD,MGHG,LMP_GHG_PRC,ALAMOSC_7_N001,ALL,1,0,3,5
2022-09-02T02:30:00-00:00,2022-09-02T02:45:00-00:00,2022-09-01,20,ALAMOSC_7_N001,ALAMOSC_7_N001,ALAMOSC_7_N001,RTPD,MGHG,LMP_GHG_PRC,ALAMOSC_7_N001,ALL,1,0,3,5
2022-09-02T03:30:00-00:00,2022-09-02T03:45:00-00:00,2022-09-01,21,ALAMOSC_7_N001,ALAMOSC_7_N001,ALAMOSC_7_N001,RTPD,MGHG,LMP_GHG_PRC,ALAMOSC_7_N001,ALL,1,0,3,5
2022-09-02T04:30:00-00:00,2022-09-02T04:45:00-00:00,2022-09-01,22,ALAMOSC_7_N001,ALAMOSC_7_N001,ALAMOSC_7_N001,RTPD,MGHG,LMP_GHG_PRC,ALAMOSC_7_N001,ALL,1,0,3,5
2022-09-02T05:30:00-00:00,2022-09-02T05:45:00-00:00,2022-09-01,23,ALAMOSC_7_N001,ALAMOSC_7_N001,ALAMOSC_7_N001,RTPD,MGHG,LMP_GHG_PRC,ALAMOSC_7_N001,ALL,1,0,3,5
2022-09-02T06:30:00-00:00,2022-09-02T06:45:00-00:00,2022-09-01,24,ALAMOSC_7_N001,ALAMOSC_7_N001,ALAMOSC_7_N001,RTPD,MGHG,LMP_GHG_PRC,ALAMOSC_7_N001,ALL,1,0,3,5
2022-09-01T07:45:00-00:00,2022-09-01T08:00:00-00:00,2022-09-01,01,ALAMOSC_7_N001,ALAMOSC_7_N001,ALAMOSC_7_N001,RTPD,MGHG,LMP_GHG_PRC,ALAMOSC_7_N001,ALL,1,0,4,5
2022-09-01T08:45:00-00:00,2022-09-01T09:00:00-00:00,2022-09-01,02,ALAMOSC_7_N001,ALAMOSC_7_N001,ALAMOSC_7_N001,RTPD,MGHG,LMP_GHG_PRC,ALAMOSC_7_N001,ALL,1,0,4,5
2022-09-01T09:45:00-00:00,2022-09-01T10:00:00-00:00,2022-09-01,03,ALAMOSC_7_N001,ALAMOSC_7_N001,ALAMOSC_7_N001,RTPD,MGHG,LMP_GHG_PRC,ALAMOSC_7_N001,ALL,1,0,4,5
2022-09-01T10:45:00-00:00,2022-09-01T11:00:00-00:00,2022-09-01,04,ALAMOSC_7_N001,ALAMOSC_7_N001,ALAMOSC_7_N001,RTPD,MGHG,LMP_GHG_PRC,ALAMOSC_7_N001,ALL,1,0,4,5
2022-09-01T11:45:00-00:00,2022-09-01T12:00:00-00:00,2022-09-01,05,ALAMOSC_7_N001,ALAMOSC_7_N001,ALAMOSC_7_N001,RTPD,MGHG,LMP_GHG_PRC,ALAMOSC_7_N001,ALL,1,0,4,5
2022-09-01T12:45:00-00:00,2022-09-01T13:00:00-00:00,2022-09-01,06,ALAMOSC_7_N001,ALAMOSC_7_N001,ALAMOSC_7_N001,RTPD,MGHG,LMP_GHG_PRC,ALAMOSC_7_N001,ALL,1,0,4,5
2022-09-01T13:45:00-00:00,2022-09-01T14:00:00-00:00,2022-09-01,07,ALAMOSC_7_N001,ALAMOSC_7_N001,ALAMOSC_7_N001,RTPD,MGHG,LMP_GHG_PRC,ALAMOSC_7_N001,ALL,1,0,4,5
2022-09-01T14:45:00-00:00,2022-09-01T15:00:00-00:00,2022-09-01,08,ALAMOSC_7_N001,ALAMOSC_7_N001,ALAMOSC_7_N001,RTPD,MGHG,LMP_GHG_PRC,ALAMOSC_7_N001,ALL,1,0,4,5
2022-09-01T15:45:00-00:00,2022-09-01T16:00:00-00:00,2022-09-01,09,ALAMOSC_7_N001,ALAMOSC_7_N001,ALAMOSC_7_N001,RTPD,MGHG,LMP_GHG_PRC,ALAMOSC_7_N001,ALL,1,0,4,5
2022-09-01T16:45:00-00:00,2022-09-01T17:00:00-00:00,2022-09-01,10,ALAMOSC_7_N001,ALAMOSC_7_N001,ALAMOSC_7_N001,RTPD,MGHG,LMP_GHG_PRC,ALAMOSC_7_N001,ALL,1,0,4,5
2022-09-01T17:45:00-00:00,2022-09-01T18:00:00-00:00,2022-09-01,11,ALAMOSC_7_N001,ALAMOSC_7_N001,ALAMOSC_7_N001,RTPD,MGHG,LMP_GHG_PRC,ALAMOSC_7_N001,ALL,1,0,4,5
2022-09-01T18:45:00-00:00,2022-09-01T19:00:00-00:00,2022-09-01,12,ALAMOSC_7_N001,ALAMOSC_7_N001,ALAMOSC_7_N001,RTPD,MGHG,LMP_GHG_PRC,ALAMOSC_7_N001,ALL,1,0,4,5
2022-09-01T19:45:00-00:00,2022-09-01T20:00:00-00:00,2022-09-01,13,ALAMOSC_7_N001,ALAMOSC_7_N001,ALAMOSC_7_N001,RTPD,MGHG,LMP_GHG_PRC,ALAMOSC_7_N001,ALL,1,0,4,5
2022-09-01T20:45:00-00:00,2022-09-01T21:00:00-00:00,2022-09-01,14,ALAMOSC_7_N001,ALAMOSC_7_N001,ALAMOSC_7_N001,RTPD,MGHG,LMP_GHG_PRC,ALAMOSC_7_N001,ALL,1,0,4,5
2022-09-01T21:45:00-00:00,2022-09-01T22:00:00-00:00,2022-09-01,15,ALAMOSC_7_N001,ALAMOSC_7_N001,ALAMOSC_7_N001,RTPD,MGHG,LMP_GHG_PRC,ALAMOSC_7_N001,ALL,1,0,4,5
2022-09-01T22:45:00-00:00,2022-09-01T23:00:00-00:00,2022-09-01,16,ALAMOSC_7_N001,ALAMOSC_7_N001,ALAMOSC_7_N001,RTPD,MGHG,LMP_GHG_PRC,ALAMOSC_7_N001,ALL,1,0,4,5
2022-09-01T23:45:00-00:00,2022-09-02T00:00:00-00:00,2022-09-01,17,ALAMOSC_7_N001,ALAMOSC_7_N001,ALAMOSC_7_N001,RTPD,MGHG,LMP_GHG_PRC,ALAMOSC_7_N001,ALL,1,0,4,5
2022-09-02T00:45:00-00:00,2022-09-02T01:00:00-00:00,2022-09-01,18,ALAMOSC_7_N001,ALAMOSC_7_N001,ALAMOSC_7_N001,RTPD,MGHG,LMP_GHG_PRC,ALAMOSC_7_N001,ALL,1,0,4,5
2022-09-02T01:45:00-00:00,2022-09-02T02:00:00-00:00,2022-09-01,19,ALAMOSC_7_N001,ALAMOSC_7_N001,ALAMOSC_7_N001,RTPD,MGHG,LMP_GHG_PRC,ALAMOSC_7_N001,ALL,1,0,4,5
2022-09-02T02:45:00-00:00,2022-09-02T03:00:00-00:00,2022-09-01,20,ALAMOSC_7_N001,ALAMOSC_7_N001,ALAMOSC_7_N001,RTPD,MGHG,LMP_GHG_PRC,ALAMOSC_7_N001,ALL,1,0,4,5
2022-09-02T03:45:00-00:00,2022-09-02T04:00:00-00:00,2022-09-01,21,ALAMOSC_7_N001,ALAMOSC_7_N001,ALAMOSC_7_N001,RTPD,MGHG,LMP_GHG_PRC,ALAMOSC_7_N001,ALL,1,0,4,5
2022-09-02T04:45:00-00:00,2022-09-02T05:00:00-00:00,2022-09-01,22,ALAMOSC_7_N001,ALAMOSC_7_N001,ALAMOSC_7_N001,RTPD,MGHG,LMP_GHG_PRC,ALAMOSC_7_N001,ALL,1,0,4,5
2022-09-02T05:45:00-00:00,2022-09-02T06:00:00-00:00,2022-09-01,23,ALAMOSC_7_N001,ALAMOSC_7_N001,ALAMOSC_7_N001,RTPD,MGHG,LMP_GHG_PRC,ALAMOSC_7_N001,ALL,1,0,4,5
2022-09-02T06:45:00-00:00,2022-09-02T07:00:00-00:00,2022-09-01,24,ALAMOSC_7_N001,ALAMOSC_7_N001,ALAMOSC_7_N001,RTPD,MGHG,LMP_GHG_PRC,ALAMOSC_7_N001,ALL,1,0,4,5
