,REEVES_1_REEVES3GNODE,TA3_7_CGTGGNODE,STUDIO_1_PROSPERITYGNODE,CLINESCO_3_ELCABOWF1GNODE,SANJUAN_3_SANJUAN4GNODE,CMFS_1_SOLA_CIMGNODE,FC_3_PNM_FCST4GNODE,ARROYO_1_ARROYOSOLARGNODE,LOSMORRO_1_FACEBOOK1PVGNODE,PDTYRONE_LNODERONE,MARQUEZ_1_CIBOLAPVGNODE,GUADALUP_3_ARAGONNEWFGNODE,LONEMESA_7_CASAMEBATTGNODE,LOSTHORZ_1_SANTOLINAPVGNODE,ALAMOGCP_1_OTEROPVGNODE,AFTON_3_AFTONSTGNODE,COLLEGE_1_VISTAPVGNODE,SANJUAN_3_SANJUAN1GNODE,ELBUTTE_1_ELBUTTEHYDROGNODE,PROGRESS_1_SANDOVALPVGNODE,LUNA_3_LEFGNODE,LOSMORRO_1_LOSLUNASPVGNODE,LORDBURG_1_GEN2GTGNODE,ARRIBA_1_SANMIGUEL1PVGNODE,STATEPEN_1_SANTAFEPVGNODE,CLINESCO_3_ELCABOWF2GNODE,PYGS_1_PYRAMID A3GNODE,TAIBANM_3_LONEMESAWFGNODE,PERSON_1_RIOBRAVOGNODE,ALAMOGCP_1_ALAMOPVGNODE,REDMESA_1_REDMESAWFGNODE,WILLARD_1_HIGHLONEWFGNODE,LAJOYA_3_LJOYA1GNODE,TOME_1_RIODELOROPVGNODE,LOSTHORZ_1_FACEBOOK2PVGNODE,IVANHOE_LNODENHOE,PYGS_1_PYRAMID A1GNODE,SCENIC_1_RIORANCHOPVGNODE,COLLEGE_1_MANZANOPVGNODE,BRITTON_1_BRITTONPVGNODE,PYGS_1_PYRAMID A4GNODE,SPRV_3_COAL_SPV3GNODE,REEVES_1_REEVES1GNODE,COYTEJCT_6_ABIQUIUHYDROGNODE,ALLN_1_ALLN SOLARGNODE,PYGS_1_PYRAMID A2GNODE,HURLEY_LNODERLEY,LORDBURG_1_GEN1GTGNODE,CIBOLA_1_ROUTE66GNODE,REEVES_1_REEVES2GNODE,SPILLS_6_ELVADOHYDROGNODE,ARRIBA_1_SANMIGUEL2PVGNODE,BELEN_1_LALUZGNODE,JARALES_1_RIOCOMMPVGNODE,LIGHTDOC_1_LIGHTNINGDGEOGNODE,FC_5_PNM_FCST5GNODE,LOSTHORZ_1_FACEBOOK3PVGNODE,MD1_LNODEMINE,LAJOYA_3_LJOYA2GNODE,TOME_1_VEFGTGNODE,LONEMESA_7_CASAMESAWFGNODE,HONDALE_1_DEMINGPVGNODE,AFTON_3_AFTONCTGNODE,S_COORS_1_SOUTHVALLEPVGNODE,REEVES_1_REEVESPVGNODE,ARRIBAT_1_LASVEGASPVGNODE,ELCERRO_1_MEADOWLAKEPVGNODE,RIOPUERC_3_ENCINOPVGNODE,ARROYO_1_ARROYOBATTERYGNODE
2022-09-01T07:00:00-00:00,14.53486,14.37627,14.61283,14.77905,14.69845,4.88046,15.02325,15.02325,14.77275,15.87656,14.77275,14.77905,14.77905,14.77275,15.63736,15.96217,14.77275,14.69845,15.4008,14.53486,15.95587,14.77275,16.11445,10.29565,14.05146,14.77905,16.11445,14.77905,14.61283,15.63736,14.77275,14.69279,14.77905,14.93764,14.77275,15.87656,16.11445,14.61283,14.77275,14.61283,16.11445,16.19243,14.53486,13.97348,15.63736,16.11445,15.87656,16.11445,14.93764,14.53486,13.97348,10.29565,14.93764,14.93764,16.11445,16.3889,14.77275,15.87656,14.77905,14.93764,14.77905,15.79595,15.96217,14.61283,14.53486,10.29565,14.77275,14.77905,15.02325
2022-09-01T07:15:00-00:00,6.44764,6.37815,6.44764,6.44764,6.37815,4.60365,6.44764,6.44764,6.49266,7.02413,6.49266,6.44764,6.44764,6.47015,6.88515,6.90766,6.49266,6.37815,6.81565,6.44764,6.97715,6.49266,7.06915,5.47867,6.30866,6.44764,7.06915,6.44764,6.44764,6.88515,6.49266,6.47015,6.44764,6.49266,6.47015,6.99966,7.06915,6.44764,6.49266,6.44764,7.06915,7.06915,6.44764,6.30866,6.88515,7.06915,6.99966,7.06915,6.49266,6.44764,6.30866,5.47867,6.49266,6.49266,7.06915,6.63165,6.47015,7.02413,6.44764,6.49266,6.44764,6.95464,6.90766,6.44764,6.44764,5.47867,6.49266,6.44764,6.44764
2022-09-01T07:30:00-00:00,10.54322,10.35729,10.54322,10.50667,10.47012,7.51271,10.54322,10.54322,10.58295,11.47924,10.58295,10.50667,10.50667,10.58295,11.25358,11.2933,10.58295,10.47012,11.14392,10.54322,11.40613,10.58295,11.47924,8.93659,10.35729,10.50667,11.47924,10.50667,10.54322,11.25358,10.58295,10.58295,10.50667,10.6195,10.58295,11.47924,11.47924,10.54322,10.58295,10.54322,11.47924,11.55551,10.54322,10.32074,11.2933,11.47924,11.44268,11.47924,10.6195,10.54322,10.32074,8.93659,10.65605,10.6195,11.47924,10.88171,10.58295,11.47924,10.50667,10.6195,10.50667,11.36641,11.2933,10.54322,10.54322,8.93659,10.58295,10.54322,10.54322
2022-09-01T07:45:00-00:00,12.0632,11.93459,12.0632,12.01792,11.93459,8.65056,12.0632,12.0632,12.14652,13.08482,12.10486,12.01792,12.01792,12.0632,12.87289,12.91455,12.14652,11.93459,12.74428,12.0632,13.04316,12.14652,13.17176,10.26993,11.80598,12.01792,13.17176,12.01792,12.0632,12.87289,12.10486,12.0632,12.01792,12.14652,12.0632,13.08482,13.17176,12.0632,12.14652,12.0632,13.17176,13.21343,12.0632,11.80598,12.87289,13.17176,13.08482,13.17176,12.14652,12.0632,11.80598,10.26993,12.14652,12.14652,13.17176,12.40374,12.0632,13.08482,12.01792,12.14652,12.01792,13.00149,12.91455,12.0632,12.0632,10.26993,12.10486,12.0632,12.0632
2022-09-01T08:00:00-00:00,2.18721,2.16387,2.18721,2.17899,2.16387,1.5679,2.18721,2.18721,2.20233,2.3726,2.20233,2.17899,2.17899,2.20233,2.33414,2.34926,2.20233,2.16387,2.3108,2.18721,2.36504,2.20233,2.39594,1.86177,2.14053,2.17899,2.39594,2.17899,2.18721,2.33414,2.20233,2.19477,2.17899,2.20233,2.20233,2.3726,2.39594,2.18721,2.20233,2.18721,2.39594,2.39594,2.18721,2.14053,2.33414,2.39594,2.3726,2.39594,2.20233,2.18721,2.14053,1.86177,2.20233,2.20233,2.39594,2.249,2.20233,2.3726,2.17899,2.20233,2.17899,2.35748,2.34926,2.18721,2.18721,1.86177,2.20233,2.18721,2.18721
2022-09-01T08:15:00-00:00,0.59526,0.58665,0.59526,0.59302,0.58889,0.42622,0.59302,0.59302,0.59939,0.64587,0.59733,0.59302,0.59302,0.59733,0.63537,0.63743,0.59939,0.58889,0.629,0.59302,0.6438,0.59939,0.65018,0.50643,0.58252,0.59302,0.65018,0.59302,0.59526,0.63537,0.59939,0.59526,0.59302,0.59939,0.59733,0.64587,0.65018,0.59526,0.59939,0.59526,0.65018,0.65224,0.59526,0.58252,0.63537,0.65018,0.64587,0.65018,0.59939,0.59526,0.58252,0.50643,0.59939,0.59939,0.65018,0.61213,0.59733,0.64587,0.59302,0.59939,0.59302,0.6395,0.63743,0.59526,0.59526,0.50643,0.59733,0.59302,0.59302
2022-09-01T08:30:00-00:00,-0.00183,-0.00184,-0.00183,-0.00184,-0.00184,-0.00199,-0.00184,-0.00184,-0.00183,-0.00179,-0.00183,-0.00184,-0.00184,-0.00183,-0.0018,-0.00179,-0.00183,-0.00184,-0.0018,-0.00184,-0.00179,-0.00183,-0.00178,-0.00192,-0.00185,-0.00184,-0.00178,-0.00184,-0.00183,-0.0018,-0.00183,-0.00183,-0.00184,-0.00183,-0.00183,-0.00179,-0.00178,-0.00183,-0.00183,-0.00183,-0.00178,-0.00178,-0.00183,-0.00185,-0.0018,-0.00178,-0.00179,-0.00178,-0.00183,-0.00183,-0.00185,-0.00192,-0.00183,-0.00183,-0.00178,-0.00182,-0.00183,-0.00179,-0.00184,-0.00183,-0.00184,-0.00179,-0.00179,-0.00183,-0.00183,-0.00192,-0.00183,-0.00184,-0.00184
2022-09-01T08:45:00-00:00,2.94297,2.89035,2.94297,2.93191,2.91157,2.1099,2.93191,2.93191,2.95314,3.19236,2.94297,2.93191,2.93191,2.94297,3.14062,3.15079,2.95314,2.91157,3.10923,2.93191,3.18219,2.95314,3.21358,2.50521,2.88018,2.93191,3.21358,2.93191,2.94297,3.14062,2.95314,2.94297,2.93191,2.96331,2.94297,3.19236,3.21358,2.94297,2.95314,2.94297,3.21358,3.22375,2.94297,2.88018,3.14062,3.21358,3.19236,3.21358,2.96331,2.94297,2.88018,2.50521,2.96331,2.96331,3.21358,3.0261,2.94297,3.19236,2.93191,2.96331,2.93191,3.17202,3.15079,2.94297,2.94297,2.50521,2.94297,2.93191,2.93191
2022-09-01T09:00:00-00:00,2.93183,2.90056,2.94196,2.92082,2.90056,2.10202,2.93183,2.93183,2.95209,3.19037,2.95209,2.92082,2.92082,2.95209,3.12871,3.14897,2.95209,2.90056,3.09744,2.92082,3.18024,2.95209,3.21151,2.49578,2.86928,2.92082,3.21151,2.92082,2.94196,3.12871,2.95209,2.95209,2.92082,2.95209,2.95209,3.18024,3.21151,2.93183,2.95209,2.93183,3.21151,3.21151,2.93183,2.86928,3.13884,3.21151,3.18024,3.21151,2.95209,2.93183,2.86928,2.49578,2.95209,2.95209,3.21151,3.01463,2.95209,3.19037,2.92082,2.95209,2.92082,3.15998,3.14897,2.94196,2.93183,2.49578,2.95209,2.93183,2.93183
2022-09-01T09:15:00-00:00,3.87875,3.82421,3.8921,3.86541,3.83755,2.77211,3.86541,3.86541,3.8921,4.2339,3.8921,3.86541,3.86541,3.8921,4.13815,4.1515,3.8921,3.83755,4.0836,3.86541,4.1927,3.8921,4.2339,3.29091,3.79635,3.86541,4.2339,3.86541,3.8921,4.13815,3.8921,3.8921,3.86541,3.8921,3.8921,4.20605,4.2339,3.8921,3.8921,3.8921,4.2339,4.24725,3.87875,3.783,4.1515,4.2339,4.20605,4.2339,3.8921,3.87875,3.783,3.29091,3.8921,3.8921,4.2339,4.0012,3.8921,4.2339,3.86541,3.8921,3.86541,4.17935,4.1515,3.8921,3.87875,3.29091,3.8921,3.87875,3.86541
2022-09-01T09:30:00-00:00,3.85717,3.78988,3.85717,3.84394,3.81634,2.74723,3.84394,3.84394,3.85717,4.1959,3.85717,3.84394,3.84394,3.85717,4.10101,4.11424,3.85717,3.81634,4.04695,3.84394,4.15507,3.85717,4.1959,3.26137,3.7755,3.84394,4.1959,3.84394,3.85717,4.10101,3.85717,3.85717,3.84394,3.85717,3.85717,4.1959,4.1959,3.85717,3.85717,3.85717,4.1959,4.20913,3.85717,3.74905,4.11424,4.1959,4.1683,4.1959,3.85717,3.85717,3.74905,3.26137,3.8704,3.8704,4.1959,3.96529,3.85717,4.1959,3.84394,3.85717,3.84394,4.15507,4.11424,3.85717,3.85717,3.26137,3.85717,3.85717,3.84394
2022-09-01T09:45:00-00:00,3.48219,3.43373,3.49404,3.45744,3.43373,2.49913,3.45744,3.45744,3.49404,3.77293,3.49404,3.45744,3.45744,3.49404,3.70076,3.72447,3.49404,3.43373,3.66416,3.45744,3.76107,3.49404,3.79767,2.95999,3.39713,3.45744,3.79767,3.45744,3.49404,3.70076,3.49404,3.49404,3.45744,3.49404,3.49404,3.77293,3.79767,3.48219,3.49404,3.48219,3.79767,3.79767,3.48219,3.39713,3.72447,3.79767,3.76107,3.79767,3.49404,3.48219,3.39713,2.95999,3.49404,3.49404,3.79767,3.5791,3.49404,3.77293,3.45744,3.49404,3.45744,3.74921,3.72447,3.49404,3.48219,2.95999,3.49404,3.45744,3.45744
2022-09-01T10:00:00-00:00,2.57846,2.55116,2.5873,2.57846,2.56077,1.85417,2.57846,2.57846,2.60575,2.81374,2.60575,2.57846,2.57846,2.60575,2.7503,2.7776,2.60575,2.56077,2.73262,2.57846,2.8049,2.60575,2.82258,2.20747,2.53348,2.57846,2.82258,2.57846,2.5873,2.7503,2.60575,2.60575,2.57846,2.60575,2.60575,2.8049,2.82258,2.57846,2.60575,2.57846,2.82258,2.83219,2.57846,2.53348,2.76876,2.82258,2.8049,2.82258,2.60575,2.57846,2.53348,2.20747,2.60575,2.60575,2.82258,2.66919,2.60575,2.81374,2.57846,2.60575,2.57846,2.78644,2.7776,2.5873,2.57846,2.20747,2.60575,2.57846,2.57846
2022-09-01T10:15:00-00:00,3.64849,3.60987,3.661,3.64849,3.62347,2.62363,3.64849,3.64849,3.68711,3.98141,3.68711,3.64849,3.64849,3.68711,3.89165,3.93027,3.68711,3.62347,3.86663,3.64849,3.9689,3.68711,3.99392,3.12355,3.58484,3.64849,3.99392,3.64849,3.661,3.89165,3.68711,3.68711,3.64849,3.68711,3.68711,3.9689,3.99392,3.661,3.68711,3.64849,3.99392,4.00752,3.64849,3.58484,3.91776,3.99392,3.9689,3.99392,3.68711,3.64849,3.58484,3.12355,3.68711,3.68711,3.99392,3.77687,3.68711,3.98141,3.64849,3.68711,3.64849,3.94279,3.93027,3.661,3.64849,3.12355,3.68711,3.64849,3.64849
2022-09-01T10:30:00-00:00,2.07003,2.04112,2.08479,2.06295,2.05588,1.49116,2.06295,2.06295,2.08479,2.25827,2.08479,2.06295,2.06295,2.08479,2.21521,2.22228,2.08479,2.05588,2.18629,2.06295,2.24412,2.08479,2.26596,1.76614,2.03404,2.06295,2.26596,2.06295,2.08479,2.21521,2.08479,2.08479,2.06295,2.08479,2.08479,2.25119,2.26596,2.08479,2.08479,2.0771,2.26596,2.26596,2.07003,2.02697,2.22228,2.26596,2.24412,2.26596,2.08479,2.07003,2.02697,1.76614,2.08479,2.08479,2.26596,2.14262,2.08479,2.25119,2.06295,2.08479,2.06295,2.22936,2.22228,2.08479,2.07003,1.76614,2.08479,2.06295,2.06295
2022-09-01T10:45:00-00:00,0.82103,0.80685,0.82103,0.81824,0.81243,0.59003,0.81824,0.81824,0.82103,0.88934,0.82103,0.81824,0.81824,0.82103,0.87239,0.87517,0.82103,0.81243,0.861,0.81824,0.88377,0.82103,0.89237,0.69553,0.80383,0.81824,0.89237,0.81824,0.82103,0.87239,0.82103,0.82103,0.81824,0.82103,0.82103,0.88934,0.89237,0.82103,0.82103,0.82103,0.89237,0.89516,0.82103,0.79825,0.87517,0.89237,0.88656,0.89237,0.82103,0.82103,0.79825,0.69553,0.82381,0.82381,0.89237,0.8438,0.82103,0.88934,0.81824,0.82103,0.81824,0.88377,0.87517,0.82103,0.82103,0.69553,0.82103,0.81824,0.81824
2022-09-01T11:00:00-00:00,-0.0032,-0.0032,-0.0032,-0.0032,-0.0032,-0.0032,-0.0032,-0.0032,-0.0032,-0.0032,-0.0032,-0.0032,-0.0032,-0.0032,-0.0032,-0.0032,-0.0032,-0.0032,-0.0032,-0.0032,-0.0032,-0.0032,-0.0032,-0.0032,-0.0032,-0.0032,-0.0032,-0.0032,-0.0032,-0.0032,-0.0032,-0.0032,-0.0032,-0.0032,-0.0032,-0.0032,-0.0032,-0.0032,-0.0032,-0.0032,-0.0032,-0.0032,-0.0032,-0.0032,-0.0032,-0.0032,-0.0032,-0.0032,-0.0032,-0.0032,-0.0032,-0.0032,-0.0032,-0.0032,-0.0032,-0.0032,-0.0032,-0.0032,-0.0032,-0.0032,-0.0032,-0.0032,-0.0032,-0.0032,-0.0032,-0.0032,-0.0032,-0.0032,-0.0032
2022-09-01T11:15:00-00:00,-0.004,-0.004,-0.004,-0.004,-0.004,-0.004,-0.004,-0.004,-0.004,-0.004,-0.004,-0.004,-0.004,-0.004,-0.004,-0.004,-0.004,-0.004,-0.004,-0.004,-0.004,-0.004,-0.004,-0.004,-0.004,-0.004,-0.004,-0.004,-0.004,-0.004,-0.004,-0.004,-0.004,-0.004,-0.004,-0.004,-0.004,-0.004,-0.004,-0.004,-0.004,-0.004,-0.004,-0.004,-0.004,-0.004,-0.004,-0.004,-0.004,-0.004,-0.004,-0.004,-0.004,-0.004,-0.004,-0.004,-0.004,-0.004,-0.004,-0.004,-0.004,-0.004,-0.004,-0.004,-0.004,-0.004,-0.004,-0.004,-0.004
2022-09-01T11:30:00-00:00,-0.004,-0.004,-0.004,-0.004,-0.004,-0.004,-0.004,-0.004,-0.004,-0.004,-0.004,-0.004,-0.004,-0.004,-0.004,-0.004,-0.004,-0.004,-0.004,-0.004,-0.004,-0.004,-0.004,-0.004,-0.004,-0.004,-0.004,-0.004,-0.004,-0.004,-0.004,-0.004,-0.004,-0.004,-0.004,-0.004,-0.004,-0.004,-0.004,-0.004,-0.004,-0.004,-0.004,-0.004,-0.004,-0.004,-0.004,-0.004,-0.004,-0.004,-0.004,-0.004,-0.004,-0.004,-0.004,-0.004,-0.004,-0.004,-0.004,-0.004,-0.004,-0.004,-0.004,-0.004,-0.004,-0.004,-0.004,-0.004,-0.004
2022-09-01T11:45:00-00:00,-0.0032,-0.0032,-0.0032,-0.0032,-0.0032,-0.0032,-0.0032,-0.0032,-0.0032,-0.0032,-0.0032,-0.0032,-0.0032,-0.0032,-0.0032,-0.0032,-0.0032,-0.0032,-0.0032,-0.0032,-0.0032,-0.0032,-0.0032,-0.0032,-0.0032,-0.0032,-0.0032,-0.0032,-0.0032,-0.0032,-0.0032,-0.0032,-0.0032,-0.0032,-0.0032,-0.0032,-0.0032,-0.0032,-0.0032,-0.0032,-0.0032,-0.0032,-0.0032,-0.0032,-0.0032,-0.0032,-0.0032,-0.0032,-0.0032,-0.0032,-0.0032,-0.0032,-0.0032,-0.0032,-0.0032,-0.0032,-0.0032,-0.0032,-0.0032,-0.0032,-0.0032,-0.0032,-0.0032,-0.0032,-0.0032,-0.0032,-0.0032,-0.0032,-0.0032
2022-09-01T12:00:00-00:00,6.79655,6.70262,6.81953,6.77357,6.7276,4.91611,6.77357,6.77357,6.84451,7.40804,6.84451,6.77357,6.77357,6.84451,7.26815,7.29113,6.84451,6.7276,7.17423,6.77357,7.36208,6.84451,7.456,5.80937,6.65666,6.77357,7.456,6.77357,6.81953,7.26815,6.84451,6.84451,6.77357,6.84451,6.84451,7.40804,7.456,6.79655,6.84451,6.79655,7.456,7.43302,6.79655,6.65666,7.29113,7.456,7.38506,7.456,6.84451,6.79655,6.65666,5.80937,6.84451,6.84451,7.456,7.03235,6.84451,7.40804,6.77357,6.84451,6.77357,7.3371,7.29113,6.81953,6.79655,5.80937,6.84451,6.77357,6.77357
2022-09-01T12:15:00-00:00,4.16568,4.09422,4.18095,4.15163,4.12354,3.01616,4.15163,4.15163,4.18095,4.52544,4.18095,4.15163,4.15163,4.18095,4.45398,4.45398,4.18095,4.12354,4.39656,4.15163,4.51139,4.18095,4.55476,3.54817,4.09422,4.15163,4.55476,4.15163,4.18095,4.45398,4.18095,4.18095,4.15163,4.18095,4.18095,4.52544,4.55476,4.18095,4.18095,4.18095,4.55476,4.55476,4.16568,4.06612,4.45398,4.55476,4.52544,4.55476,4.18095,4.16568,4.06612,3.54817,4.195,4.195,4.55476,4.29578,4.18095,4.52544,4.15163,4.18095,4.15163,4.49735,4.45398,4.18095,4.16568,3.54817,4.18095,4.15163,4.15163
2022-09-01T12:30:00-00:00,7.26526,7.16585,7.28959,7.24094,7.16585,5.24847,7.24094,7.24094,7.28959,7.88818,7.28959,7.24094,7.24094,7.28959,7.71368,7.78876,7.31603,7.16585,7.63859,7.24094,7.83741,7.28959,7.9125,6.22038,7.1172,7.24094,7.9125,7.24094,7.28959,7.71368,7.28959,7.28959,7.24094,7.31603,7.28959,7.88818,7.9125,7.26526,7.31603,7.26526,7.9125,7.9125,7.26526,7.09076,7.76233,7.9125,7.86385,7.9125,7.31603,7.26526,7.09076,6.22038,7.31603,7.31603,7.9125,7.46409,7.28959,7.88818,7.24094,7.31603,7.24094,7.81309,7.78876,7.28959,7.26526,6.22038,7.28959,7.24094,7.24094
2022-09-01T12:45:00-00:00,1.63622,1.60847,1.63622,1.62531,1.61393,1.18401,1.63076,1.63076,1.64215,1.77589,1.64215,1.62531,1.62531,1.64215,1.73676,1.74814,1.64215,1.61393,1.71447,1.63076,1.76498,1.64215,1.77589,1.39648,1.60302,1.62531,1.77589,1.62531,1.63622,1.73676,1.64215,1.64215,1.62531,1.64215,1.64215,1.77043,1.77589,1.63622,1.64215,1.63622,1.77589,1.78727,1.63622,1.59757,1.74814,1.77589,1.77043,1.77589,1.64215,1.63622,1.59757,1.39648,1.6476,1.64215,1.77589,1.67534,1.64215,1.77589,1.62531,1.64215,1.62531,1.75905,1.74814,1.63622,1.63622,1.39648,1.64215,1.63076,1.63076
2022-09-01T13:00:00-00:00,9.3588,9.23247,9.3588,9.3588,9.26338,6.82679,9.3588,9.3588,9.42331,10.15039,9.38971,9.3588,9.3588,9.38971,9.95955,10.02406,9.42331,9.26338,9.86413,9.3588,10.08588,9.42331,10.1813,8.06188,9.20156,9.3588,10.1813,9.3588,9.3588,9.95955,9.42331,9.3588,9.3588,9.45422,9.38971,10.15039,10.1813,9.3588,9.42331,9.3588,10.1813,10.21221,9.3588,9.16796,9.95955,10.1813,10.15039,10.1813,9.45422,9.3588,9.16796,8.06188,9.45422,9.45422,10.1813,9.61146,9.38971,10.15039,9.3588,9.45422,9.3588,10.05497,10.02406,9.3588,9.3588,8.06188,9.38971,9.3588,9.3588
2022-09-01T13:15:00-00:00,0.39856,0.39446,0.39856,0.39856,0.39446,0.2899,0.39856,0.39856,0.40265,0.43385,0.40265,0.39856,0.39856,0.40133,0.42434,0.42843,0.40265,0.39446,0.42024,0.39856,0.43253,0.40265,0.43518,0.3429,0.39181,0.39856,0.43518,0.39856,0.39856,0.42434,0.40265,0.39988,0.39856,0.40265,0.40133,0.43253,0.43518,0.39856,0.40265,0.39856,0.43518,0.43662,0.39856,0.39181,0.42711,0.43518,0.43253,0.43518,0.40265,0.39856,0.39181,0.3429,0.40265,0.40265,0.43518,0.41084,0.40133,0.43253,0.39856,0.40265,0.39856,0.42843,0.42843,0.39856,0.39856,0.3429,0.40265,0.39856,0.39856
2022-09-01T13:30:00-00:00,-1.62226,-1.62226,-1.62226,-1.62226,-1.59336,-1.36218,-1.59336,-1.59336,-1.65116,-1.88234,-1.62226,-1.62226,-1.62226,-1.62226,-1.79564,-1.82454,-1.65116,-1.59336,-1.76675,-1.62226,-1.85344,-1.65116,-1.88234,-1.47777,-1.59336,-1.62226,-1.88234,-1.62226,-1.62226,-1.79564,-1.62226,-1.65116,-1.62226,-1.65116,-1.62226,-1.85344,-1.88234,-1.62226,-1.65116,-1.62226,-1.88234,-1.88234,-1.62226,-1.59336,-1.82454,-1.88234,-1.85344,-1.88234,-1.65116,-1.62226,-1.59336,-1.47777,-1.65116,-1.65116,-1.88234,-1.53557,-1.62226,-1.85344,-1.62226,-1.65116,-1.62226,-1.82454,-1.82454,-1.62226,-1.62226,-1.47777,-1.65116,-1.62226,-1.59336
2022-09-01T13:45:00-00:00,-7.704,-7.5665,-7.704,-7.704,-7.5665,-6.4665,-7.429,-7.429,-7.704,-8.804,-7.704,-7.704,-7.704,-7.704,-8.529,-8.6665,-7.704,-7.5665,-8.3915,-7.704,-8.804,-7.704,-8.9415,-7.0165,-7.5665,-7.704,-8.9415,-7.704,-7.704,-8.529,-7.704,-7.704,-7.704,-7.704,-7.704,-8.804,-8.9415,-7.704,-7.704,-7.704,-8.9415,-8.9415,-7.704,-7.5665,-8.529,-8.9415,-8.804,-8.9415,-7.704,-7.704,-7.5665,-7.0165,-7.8415,-7.704,-8.9415,-7.2915,-7.704,-8.804,-7.704,-7.704,-7.704,-8.6665,-8.6665,-7.704,-7.704,-7.0165,-7.704,-7.704,-7.429
2022-09-01T14:00:00-00:00,-16.58523,-16.58523,-16.58523,-16.58523,-16.28914,-13.92039,-16.28914,-16.28914,-16.88133,-19.25007,-16.58523,-16.58523,-16.58523,-16.58523,-18.65789,-18.65789,-16.88133,-16.28914,-18.0657,-16.58523,-18.95398,-16.88133,-19.25007,-15.10477,-16.28914,-16.58523,-19.25007,-16.58523,-16.58523,-18.65789,-16.88133,-16.88133,-16.58523,-16.88133,-16.58523,-18.95398,-19.25007,-16.58523,-16.88133,-16.58523,-19.25007,-19.25007,-16.58523,-16.28914,-18.65789,-19.25007,-18.95398,-19.25007,-16.88133,-16.58523,-16.28914,-15.10477,-16.88133,-16.88133,-19.25007,-15.69695,-16.58523,-19.25007,-16.58523,-16.88133,-16.58523,-18.95398,-18.65789,-16.58523,-16.58523,-15.10477,-16.88133,-16.58523,-16.28914
2022-09-01T14:15:00-00:00,-21.14008,-20.76265,-21.14008,-21.14008,-20.76265,-17.74321,-20.76265,-20.76265,-21.14008,-24.15952,-21.14008,-21.14008,-21.14008,-21.14008,-23.40466,-23.78209,-21.14008,-20.76265,-23.02723,-21.14008,-24.15952,-21.14008,-24.53695,-19.25293,-20.76265,-21.14008,-24.53695,-21.14008,-21.14008,-23.40466,-21.14008,-21.14008,-21.14008,-21.51751,-21.14008,-24.15952,-24.53695,-21.14008,-21.14008,-21.14008,-24.53695,-24.53695,-21.14008,-20.76265,-23.78209,-24.53695,-24.15952,-24.53695,-21.14008,-21.14008,-20.76265,-19.25293,-21.51751,-21.51751,-24.53695,-20.00779,-21.14008,-24.15952,-21.14008,-21.51751,-21.14008,-23.78209,-23.78209,-21.14008,-21.14008,-19.25293,-21.14008,-21.14008,-20.76265
2022-09-01T14:30:00-00:00,-15.48484,-15.2084,-15.48484,-15.48484,-15.2084,-12.99685,-14.93196,-14.93196,-15.48484,-17.69639,-15.48484,-15.48484,-15.48484,-15.48484,-17.14351,-17.41995,-15.48484,-15.2084,-16.86706,-15.48484,-17.69639,-15.48484,-17.97284,-14.10263,-15.2084,-15.48484,-17.97284,-15.48484,-15.48484,-17.14351,-15.48484,-15.48484,-15.48484,-15.48484,-15.48484,-17.69639,-17.97284,-15.48484,-15.48484,-15.48484,-17.97284,-17.97284,-15.48484,-15.2084,-17.14351,-17.97284,-17.69639,-17.97284,-15.48484,-15.48484,-15.2084,-14.10263,-15.76129,-15.76129,-17.97284,-14.65551,-15.48484,-17.69639,-15.48484,-15.48484,-15.48484,-17.41995,-17.41995,-15.48484,-15.48484,-14.10263,-15.48484,-15.48484,-14.93196
2022-09-01T14:45:00-00:00,-19.24048,-19.24048,-19.59027,-19.24048,-18.89069,-16.44216,-18.89069,-18.89069,-19.59027,-22.3886,-19.59027,-19.24048,-19.24048,-19.59027,-21.68901,-21.68901,-19.59027,-18.89069,-21.33922,-19.24048,-22.03881,-19.59027,-22.3886,-17.84132,-19.24048,-19.24048,-22.3886,-19.24048,-19.59027,-21.68901,-19.59027,-19.59027,-19.24048,-19.59027,-19.59027,-22.3886,-22.3886,-19.59027,-19.59027,-19.59027,-22.3886,-22.3886,-19.24048,-18.89069,-21.68901,-22.3886,-22.3886,-22.3886,-19.59027,-19.24048,-18.89069,-17.84132,-19.59027,-19.59027,-22.3886,-18.5409,-19.59027,-22.3886,-19.24048,-19.59027,-19.24048,-22.03881,-21.68901,-19.59027,-19.24048,-17.84132,-19.59027,-19.24048,-18.89069
2022-09-01T15:00:00-00:00,-45.0641,-44.29316,-45.0641,-45.0641,-44.21101,-37.79698,-43.52221,-43.52221,-45.14625,-51.64243,-45.14625,-45.0641,-45.0641,-45.14625,-50.01838,-50.70719,-45.14625,-44.21101,-49.16529,-45.0641,-50.87148,-45.14625,-51.64243,-41.04507,-44.29316,-45.0641,-52.33123,-45.0641,-45.0641,-50.01838,-45.14625,-45.14625,-45.0641,-45.14625,-45.14625,-51.56028,-52.33123,-45.0641,-45.14625,-45.0641,-52.33123,-52.41338,-45.0641,-44.29316,-50.01838,-52.33123,-51.56028,-51.64243,-45.14625,-45.0641,-44.29316,-41.04507,-45.14625,-45.14625,-52.33123,-42.66911,-45.14625,-51.64243,-45.0641,-45.14625,-45.0641,-50.78933,-50.70719,-45.0641,-45.0641,-41.04507,-45.14625,-45.0641,-43.52221
2022-09-01T15:15:00-00:00,-47.68241,-46.87241,-47.68241,-47.68241,-46.77138,-39.9883,-46.06241,-46.06241,-47.78343,-54.66754,-47.78343,-47.68241,-47.68241,-47.78343,-52.94651,-53.75651,-47.78343,-46.77138,-52.03549,-47.68241,-54.56651,-47.78343,-55.37651,-43.43035,-46.87241,-47.68241,-55.37651,-47.68241,-47.68241,-52.94651,-47.78343,-47.78343,-47.68241,-47.78343,-47.78343,-54.66754,-55.37651,-47.68241,-47.78343,-47.68241,-55.37651,-55.47754,-47.68241,-46.87241,-52.94651,-55.37651,-54.56651,-55.37651,-47.78343,-47.68241,-46.87241,-43.43035,-47.78343,-47.78343,-55.37651,-45.15138,-47.78343,-54.66754,-47.68241,-47.78343,-47.68241,-53.75651,-53.75651,-47.68241,-47.68241,-43.43035,-47.78343,-47.68241,-46.06241
2022-09-01T15:30:00-00:00,-58.89459,-58.74221,-59.76797,-58.89459,-57.71645,-50.07899,-57.71645,-57.71645,-59.92035,-68.88834,-59.92035,-58.89459,-58.89459,-59.92035,-66.53205,-67.55781,-59.92035,-57.71645,-65.50629,-58.89459,-68.73595,-59.92035,-69.76171,-54.48679,-58.74221,-58.89459,-69.76171,-58.89459,-59.76797,-66.53205,-59.92035,-59.92035,-58.89459,-59.92035,-59.92035,-68.73595,-69.76171,-59.76797,-59.92035,-59.92035,-69.76171,-68.88834,-58.89459,-57.86883,-66.68444,-69.76171,-68.73595,-69.76171,-59.92035,-58.89459,-57.86883,-54.48679,-59.92035,-59.92035,-69.76171,-56.53831,-59.92035,-68.88834,-58.89459,-59.92035,-58.89459,-67.71019,-67.55781,-59.76797,-58.89459,-54.48679,-59.92035,-58.89459,-57.71645
2022-09-01T15:45:00-00:00,-29.47408,-29.43163,-29.47408,-29.47408,-28.90385,-25.03959,-28.90385,-28.90385,-30.00186,-34.3939,-29.95942,-29.47408,-29.47408,-29.95942,-33.29589,-33.33834,-30.00186,-28.90385,-32.72567,-29.47408,-33.86612,-30.00186,-34.92169,-27.23561,-29.43163,-29.47408,-34.92169,-29.47408,-29.47408,-33.29589,-29.95942,-30.00186,-29.47408,-30.00186,-29.95942,-34.3939,-34.92169,-29.47408,-30.00186,-29.47408,-34.92169,-34.3939,-29.47408,-28.90385,-33.29589,-34.92169,-34.3939,-34.92169,-30.00186,-29.47408,-28.90385,-27.23561,-30.00186,-30.00186,-34.92169,-27.84829,-29.95942,-34.3939,-29.47408,-30.00186,-29.47408,-33.86612,-33.33834,-29.47408,-29.47408,-27.23561,-30.00186,-29.47408,-28.90385
2022-09-01T16:00:00-00:00,-32.67394,-32.62578,-33.19887,-32.67394,-32.0527,-27.84852,-32.0527,-32.0527,-33.24702,-37.97613,-33.19887,-32.67394,-32.67394,-33.19887,-36.78181,-36.82996,-33.24702,-32.0527,-36.20873,-32.67394,-37.40304,-33.24702,-38.02428,-30.23715,-32.62578,-32.67394,-38.02428,-32.67394,-33.19887,-36.78181,-33.19887,-33.19887,-32.67394,-33.24702,-33.19887,-37.97613,-38.02428,-32.67394,-33.24702,-33.19887,-38.02428,-38.02428,-32.67394,-32.0527,-36.82996,-38.02428,-37.97613,-38.02428,-33.19887,-32.67394,-32.0527,-30.23715,-33.24702,-33.24702,-38.02428,-31.38332,-33.19887,-37.97613,-32.67394,-33.24702,-32.67394,-37.40304,-36.82996,-33.19887,-32.67394,-30.23715,-33.19887,-32.67394,-32.0527
2022-09-01T16:15:00-00:00,-29.68433,-29.66795,-29.68433,-29.64974,-29.11436,-24.95513,-29.07067,-29.07067,-30.18512,-34.58831,-30.18512,-29.64974,-29.64974,-30.18512,-33.49206,-33.51755,-30.18512,-29.11436,-32.4122,-29.64974,-34.05293,-30.18512,-34.62289,-27.56648,-29.63336,-29.64974,-34.62289,-29.64974,-29.68433,-33.49206,-30.18512,-30.19422,-29.64974,-30.21971,-30.18512,-34.59741,-34.62289,-29.68433,-30.18512,-29.68433,-34.62289,-34.62289,-29.68433,-29.13257,-33.52665,-34.62289,-34.08751,-34.62289,-30.18512,-29.68433,-29.13257,-27.56648,-30.21971,-30.21971,-34.62289,-27.9544,-30.18512,-34.58831,-29.64974,-30.21971,-29.64974,-34.06203,-33.51755,-29.68433,-29.68433,-27.56648,-30.18512,-29.64974,-29.07067
2022-09-01T16:30:00-00:00,-15.95555,-16.03135,-15.95969,-15.95555,-15.57898,-14.44895,-15.49904,-15.49904,-16.33212,-19.20966,-15.88389,-15.95555,-15.95555,-15.88389,-18.07994,-18.45651,-16.33212,-15.57898,-17.69923,-15.95555,-18.83309,-16.33212,-19.2138,-15.05393,-15.65478,-15.95555,-19.2138,-15.95555,-15.95969,-18.07994,-15.88389,-16.33212,-15.95555,-16.33212,-15.88389,-18.83723,-19.2138,-15.95555,-16.33212,-15.95969,-19.2138,-19.2138,-15.95555,-15.73057,-18.52817,-19.2138,-18.83723,-19.2138,-16.33212,-15.95555,-15.73057,-15.05393,-16.33212,-16.33212,-19.2138,-14.2911,-15.88389,-18.76143,-15.95555,-16.33212,-15.95555,-18.90474,-18.45651,-15.95969,-15.95555,-15.05393,-16.33212,-15.95555,-15.49904
2022-09-01T16:45:00-00:00,-16.79945,-16.41673,-16.73118,-16.79945,-16.41454,-15.05277,-16.34627,-16.34627,-16.73338,-19.66738,-16.73338,-16.79945,-16.79945,-16.73338,-18.96801,-19.34854,-17.18217,-16.41454,-18.5831,-16.79945,-19.73345,-16.73338,-20.11617,-15.70062,-16.48499,-16.79945,-20.11617,-16.79945,-16.73118,-18.96801,-16.73338,-16.73338,-16.79945,-17.18217,-16.73338,-19.66738,-20.11617,-16.79945,-17.18217,-16.79945,-20.11617,-20.0501,-16.79945,-16.48499,-19.34854,-20.11617,-19.66519,-20.11617,-16.73338,-16.79945,-16.48499,-15.70062,-17.18217,-17.18217,-20.11617,-15.17126,-16.73338,-19.66738,-16.79945,-17.18217,-16.79945,-19.28247,-19.34854,-16.73118,-16.79945,-15.70062,-16.73338,-16.79945,-16.34627
2022-09-01T17:00:00-00:00,-18.5292,-18.0915,-18.43827,-18.5292,-18.0915,-16.77209,-18.00057,-18.00057,-18.43827,-21.75805,-18.43827,-18.5292,-18.5292,-18.43827,-20.97357,-21.41127,-18.43827,-18.0915,-20.53586,-18.5292,-21.84897,-18.43827,-22.19575,-17.43179,-18.18242,-18.5292,-22.19575,-18.5292,-18.43827,-20.97357,-18.43827,-18.43827,-18.5292,-18.9669,-18.43827,-21.75805,-22.19575,-18.43827,-18.43827,-18.43827,-22.19575,-22.19575,-18.5292,-18.18242,-21.41127,-22.19575,-21.75805,-22.19575,-18.43827,-18.5292,-18.18242,-17.43179,-18.9669,-18.9669,-22.19575,-16.57961,-18.43827,-21.75805,-18.5292,-18.9669,-18.5292,-21.32034,-21.41127,-18.43827,-18.5292,-17.43179,-18.43827,-18.5292,-18.00057
2022-09-01T17:15:00-00:00,-17.91661,-17.58607,-17.91661,-17.91661,-17.46354,-16.65441,-17.3534,-17.3534,-17.81886,-21.17361,-17.81886,-17.91661,-17.91661,-17.929,-20.39,-20.8183,-17.81886,-17.46354,-19.93692,-17.91661,-21.27137,-17.81886,-21.71206,-17.12024,-17.58607,-17.91661,-21.71206,-17.91661,-17.91661,-20.39,-17.81886,-17.929,-17.91661,-18.3573,-17.929,-21.28376,-21.71206,-17.91661,-17.81886,-17.91661,-21.71206,-21.72444,-17.91661,-17.69621,-20.92844,-21.71206,-21.27137,-21.71206,-17.81886,-17.91661,-17.69621,-17.12024,-18.3573,-18.3573,-21.71206,-15.92132,-17.929,-21.28376,-17.91661,-18.3573,-17.91661,-20.83068,-20.8183,-17.91661,-17.91661,-17.12024,-17.81886,-17.91661,-17.3534
2022-09-01T17:30:00-00:00,-14.65862,-14.38414,-14.65862,-14.65862,-14.27419,-13.94756,-13.66987,-13.66987,-14.54867,-17.40415,-14.54867,-14.65862,-14.65862,-14.54867,-16.74526,-17.12968,-14.54867,-14.27419,-16.36083,-14.65862,-17.5141,-14.54867,-17.89853,-14.16585,-14.38414,-14.65862,-17.89853,-14.65862,-14.65862,-16.74526,-14.54867,-14.65862,-14.65862,-14.54867,-14.54867,-17.5141,-17.89853,-14.65862,-14.54867,-14.65862,-17.89853,-17.89853,-14.65862,-14.49409,-16.74526,-17.89853,-17.5141,-17.89853,-14.54867,-14.65862,-14.49409,-14.16585,-15.04304,-15.04304,-17.89853,-12.84565,-14.54867,-17.5141,-14.65862,-14.54867,-14.65862,-17.12968,-17.12968,-14.65862,-14.65862,-14.16585,-14.54867,-14.65862,-13.66987
2022-09-01T17:45:00-00:00,-16.15389,-15.85435,-16.15389,-16.26215,-15.84958,-15.17105,-15.23003,-15.23003,-16.15866,-19.22362,-16.15389,-16.26215,-16.26215,-16.15389,-18.40325,-18.91454,-16.15866,-15.84958,-18.09894,-16.26215,-19.32711,-16.15866,-19.62665,-15.5127,-15.96261,-16.26215,-19.62665,-16.26215,-16.15389,-18.40325,-16.15389,-16.15866,-16.26215,-16.15866,-16.15389,-19.21885,-19.62665,-16.15389,-16.15866,-16.15389,-19.62665,-19.62665,-16.15389,-15.95784,-18.40325,-19.62665,-19.21885,-19.62665,-16.15866,-16.15389,-15.95784,-15.5127,-16.56169,-16.56169,-19.62665,-14.27141,-16.15389,-19.22362,-16.26215,-16.15866,-16.26215,-18.81105,-18.91454,-16.15389,-16.15389,-15.5127,-16.15866,-16.26215,-15.23003
2022-09-01T18:00:00-00:00,-11.71795,-11.49867,-11.71795,-11.71795,-11.3259,-12.50876,-11.15313,-11.15313,-12.11,-14.33602,-11.54518,-11.71795,-11.71795,-11.54518,-13.7247,-14.11674,-12.11,-11.3259,-13.33265,-11.71795,-14.50879,-12.11,-14.90084,-12.00372,-11.49867,-11.71795,-14.90084,-11.71795,-11.71795,-13.7247,-11.54518,-11.54518,-11.71795,-12.11,-11.54518,-14.50879,-14.90084,-11.71795,-12.11,-11.71795,-14.90084,-14.90084,-11.71795,-11.67144,-14.28951,-14.90084,-14.50879,-14.90084,-11.54518,-11.71795,-11.67144,-12.00372,-12.11,-12.11,-14.90084,-9.33242,-11.54518,-14.33602,-11.71795,-12.11,-11.71795,-14.11674,-14.11674,-11.71795,-11.71795,-12.00372,-11.54518,-11.71795,-11.15313
2022-09-01T18:15:00-00:00,-21.00288,-21.28426,-21.03412,-21.14357,-20.62902,-19.79537,-20.45709,-20.45709,-21.65812,-25.61812,-21.03412,-21.14357,-21.14357,-21.03412,-24.55778,-24.58901,-21.65812,-20.62902,-23.52867,-21.14357,-25.10356,-21.65812,-25.50867,-20.22781,-20.76971,-21.14357,-25.50867,-21.14357,-21.03412,-24.55778,-21.65812,-21.65812,-21.14357,-21.65812,-21.03412,-24.99412,-25.50867,-21.03412,-21.65812,-21.03412,-25.50867,-25.50867,-21.00288,-20.76971,-24.55778,-25.50867,-24.99412,-25.50867,-21.65812,-21.00288,-20.76971,-20.22781,-21.54867,-21.68936,-25.50867,-18.58387,-21.03412,-25.61812,-21.14357,-21.65812,-21.14357,-25.10356,-24.58901,-21.03412,-21.00288,-20.22781,-21.65812,-21.14357,-20.45709
2022-09-01T18:30:00-00:00,-19.77793,-20.0698,-19.8006,-19.92387,-19.27928,-18.87044,-19.11068,-19.11068,-20.42252,-24.21051,-19.8006,-19.92387,-19.92387,-19.8006,-22.56863,-23.21321,-20.42252,-19.27928,-22.19324,-19.77793,-23.56593,-20.42252,-24.08724,-19.15916,-19.57115,-19.92387,-24.08724,-19.92387,-19.8006,-22.56863,-19.8006,-20.42252,-19.92387,-20.27658,-19.8006,-23.58859,-24.08724,-19.77793,-20.42252,-19.8006,-24.08724,-24.08724,-19.77793,-19.57115,-23.19054,-24.08724,-23.58859,-24.08724,-20.27658,-19.77793,-19.57115,-19.15916,-20.29925,-20.27658,-24.08724,-17.38371,-19.8006,-23.58859,-19.92387,-20.27658,-19.92387,-23.71186,-23.21321,-19.8006,-19.77793,-19.15916,-20.42252,-19.77793,-19.11068
2022-09-01T18:45:00-00:00,-22.59684,-22.19687,-22.59684,-22.74222,-22.16467,-21.19431,-22.01929,-22.01929,-23.28756,-26.82986,-22.62904,-22.74222,-22.74222,-22.62904,-25.70697,-26.39769,-23.28756,-22.16467,-25.2748,-22.74222,-26.94304,-23.28756,-27.34301,-21.69559,-22.34224,-22.74222,-27.37521,-22.74222,-22.59684,-25.70697,-22.62904,-22.62904,-22.74222,-23.28756,-22.62904,-26.82986,-27.37521,-22.59684,-23.28756,-22.62904,-27.37521,-27.37521,-22.59684,-22.34224,-26.36549,-27.37521,-26.79766,-27.34301,-22.62904,-22.59684,-22.34224,-21.69559,-23.14219,-23.28756,-27.37521,-20.05635,-22.62904,-26.82986,-22.74222,-23.28756,-22.74222,-26.25232,-26.39769,-22.59684,-22.59684,-21.69559,-23.28756,-22.74222,-22.01929
2022-09-01T19:00:00-00:00,-31.98974,-31.40814,-31.98974,-31.98974,-31.21944,-29.77471,-31.03073,-31.03073,-32.76004,-37.77475,-31.98974,-31.98974,-31.98974,-31.98974,-36.23414,-37.19315,-32.76004,-31.21944,-35.65255,-31.98974,-37.77475,-32.76004,-38.54505,-30.59143,-31.59685,-31.98974,-38.54505,-31.98974,-31.98974,-36.23414,-31.80103,-31.98974,-31.98974,-32.76004,-31.98974,-37.77475,-38.54505,-31.98974,-32.76004,-31.98974,-38.54505,-38.54505,-31.98974,-31.59685,-37.19315,-38.54505,-37.77475,-38.54505,-31.80103,-31.98974,-31.59685,-30.59143,-32.76004,-32.76004,-38.54505,-28.54658,-31.98974,-37.77475,-31.98974,-32.76004,-31.98974,-37.00445,-37.19315,-31.98974,-31.98974,-30.59143,-31.98974,-31.98974,-31.03073
2022-09-01T19:15:00-00:00,-12.79043,-13.10122,-12.79043,-12.94582,-12.55792,-13.18418,-12.24712,-12.24712,-13.33373,-16.12618,-12.79043,-12.94582,-12.94582,-12.79043,-14.80707,-15.35037,-13.33373,-12.55792,-14.57456,-12.79043,-15.73828,-13.33373,-15.97078,-12.87105,-12.71331,-12.94582,-15.97078,-12.94582,-12.79043,-14.80707,-12.79043,-12.79043,-12.94582,-13.33373,-12.79043,-15.58288,-15.97078,-12.79043,-13.33373,-12.79043,-15.97078,-15.97078,-12.79043,-12.71331,-15.35037,-15.97078,-15.58288,-15.97078,-12.79043,-12.79043,-12.71331,-12.87105,-13.17833,-13.17833,-15.97078,-10.69433,-12.79043,-15.58288,-12.94582,-13.33373,-12.94582,-15.19497,-15.35037,-12.79043,-12.79043,-12.87105,-13.33373,-12.79043,-12.24712
2022-09-01T19:30:00-00:00,-21.52081,-21.66792,-21.51832,-21.56902,-21.09207,-19.07178,-21.04138,-21.04138,-21.99775,-25.56727,-21.51832,-21.56902,-21.56902,-21.51832,-24.18465,-24.66159,-21.99775,-21.09207,-23.75592,-21.56902,-25.09033,-21.99775,-25.51906,-20.08193,-21.19098,-21.56902,-25.51657,-21.56902,-21.51832,-24.18465,-21.51832,-22.04596,-21.56902,-21.99775,-21.51832,-25.03963,-25.51657,-21.51832,-21.99775,-21.51832,-25.51657,-25.51657,-21.52081,-21.19098,-24.66159,-25.51657,-25.08784,-25.51906,-21.99775,-21.52081,-21.19098,-20.08193,-21.99775,-21.99775,-25.51657,-19.7351,-21.51832,-25.03963,-21.56902,-21.99775,-21.56902,-25.13853,-24.66159,-21.51832,-21.52081,-20.08193,-22.04596,-21.56902,-21.04138
2022-09-01T19:45:00-00:00,-22.51357,-22.67634,-22.51357,-22.56783,-21.60042,-19.90114,-21.54616,-21.54616,-22.45931,-26.86227,-22.51357,-22.56783,-22.56783,-22.51357,-25.03598,-26.00338,-22.45931,-21.60042,-25.09024,-22.56783,-25.89487,-22.45931,-26.80801,-20.75078,-22.7306,-22.56783,-26.80801,-22.56783,-22.51357,-25.03598,-22.45931,-22.51357,-22.56783,-22.45931,-22.51357,-26.86227,-26.80801,-22.51357,-22.45931,-22.51357,-26.80801,-26.80801,-22.51357,-21.70894,-26.00338,-26.80801,-25.89487,-26.80801,-22.45931,-22.51357,-21.70894,-20.75078,-22.45931,-22.45931,-26.80801,-20.2532,-22.51357,-26.86227,-22.56783,-22.45931,-22.56783,-25.94912,-26.00338,-22.51357,-22.51357,-20.75078,-22.51357,-22.51357,-21.54616
2022-09-01T20:00:00-00:00,1.70312,1.66602,1.70312,1.70312,1.69575,1.1282,1.7143,1.7143,1.70312,1.83277,1.70312,1.70312,1.70312,1.70312,1.80684,1.80684,1.70312,1.69575,1.78091,1.70312,1.84394,1.70312,1.85132,1.39152,1.64746,1.70312,1.85132,1.70312,1.70312,1.80684,1.70312,1.70312,1.70312,1.72168,1.70312,1.83277,1.85132,1.70312,1.70312,1.70312,1.85132,1.85132,1.70312,1.64746,1.80684,1.85132,1.83277,1.85132,1.72168,1.70312,1.64746,1.39152,1.7105,1.7105,1.85132,1.76996,1.70312,1.83277,1.70312,1.72168,1.70312,1.82539,1.80684,1.70312,1.70312,1.39152,1.70312,1.70312,1.7143
2022-09-01T20:15:00-00:00,1.83465,1.80124,1.83465,1.81794,1.80124,1.26659,1.83465,1.83465,1.83465,2.00173,1.83465,1.81794,1.81794,1.83465,1.96831,1.96831,1.83465,1.80124,1.9349,1.83465,1.98502,1.83465,2.01844,1.53391,1.78453,1.81794,2.01844,1.81794,1.83465,1.96831,1.83465,1.83465,1.81794,1.83465,1.83465,2.00173,2.01844,1.83465,1.83465,1.83465,2.01844,2.01844,1.83465,1.78453,1.96831,2.01844,2.00173,2.01844,1.83465,1.83465,1.78453,1.53391,1.85136,1.85136,2.01844,1.88478,1.83465,2.00173,1.81794,1.83465,1.81794,1.98502,1.96831,1.83465,1.83465,1.53391,1.83465,1.83465,1.83465
2022-09-01T20:30:00-00:00,7.15535,7.02053,7.15535,7.08794,7.02912,4.90627,7.16394,7.16394,7.15535,7.78654,7.15535,7.08794,7.08794,7.15535,7.6603,7.6603,7.15535,7.02912,7.53407,7.15535,7.72772,7.15535,7.85395,5.9591,6.95312,7.08794,7.85395,7.08794,7.15535,7.6603,7.15535,7.15535,7.08794,7.15535,7.15535,7.78654,7.85395,7.15535,7.15535,7.15535,7.85395,7.85395,7.15535,6.95312,7.6603,7.85395,7.78654,7.85395,7.15535,7.15535,6.95312,5.9591,7.21418,7.22277,7.85395,7.36618,7.15535,7.78654,7.08794,7.15535,7.08794,7.72772,7.6603,7.15535,7.15535,5.9591,7.15535,7.15535,7.16394
2022-09-01T20:45:00-00:00,-23.59478,-23.81932,-24.32992,-23.70705,-23.08418,-22.87798,-22.85965,-22.85965,-24.21765,-28.63926,-24.21765,-23.70705,-23.70705,-24.32992,-27.50579,-27.50579,-24.21765,-23.08418,-26.99519,-23.59478,-28.01639,-24.21765,-28.52699,-23.34865,-23.93158,-23.70705,-28.52699,-23.70705,-24.32992,-27.50579,-24.21765,-24.32992,-23.70705,-24.21765,-24.32992,-28.63926,-28.52699,-23.59478,-24.21765,-24.32992,-28.52699,-28.52699,-23.59478,-23.30872,-27.50579,-28.52699,-27.90413,-28.52699,-24.21765,-23.59478,-23.30872,-23.34865,-24.21765,-24.21765,-28.52699,-20.94031,-24.32992,-28.63926,-23.70705,-24.21765,-23.70705,-28.12866,-27.50579,-23.59478,-23.59478,-23.34865,-24.21765,-23.59478,-22.85965
2022-09-01T21:00:00-00:00,-130.96944,-131.28728,-133.75005,-131.36221,-128.03891,-120.71212,-127.25334,-127.25334,-133.825,-156.57652,-133.35725,-131.36221,-131.36221,-133.75005,-150.32271,-150.79045,-133.825,-128.03891,-147.85992,-130.96944,-153.72096,-133.825,-156.18375,-125.99969,-131.68005,-131.36221,-156.18375,-131.36221,-133.75005,-150.32271,-133.35725,-134.21777,-131.36221,-133.825,-133.75005,-156.1088,-156.18375,-130.96944,-133.825,-133.75005,-156.18375,-156.18375,-130.96944,-128.8245,-150.79045,-156.18375,-153.32819,-156.18375,-133.825,-130.96944,-128.8245,-125.99969,-133.825,-133.825,-156.18375,-118.71775,-133.75005,-156.1088,-131.36221,-133.825,-131.36221,-153.64603,-150.79045,-133.75005,-130.96944,-125.99969,-133.825,-130.96944,-127.25334
2022-09-01T21:15:00-00:00,-28.34929,-27.78062,-28.34929,-27.69775,-26.99965,-26.11047,-26.78735,-26.78735,-28.26641,-33.22731,-28.34929,-27.69775,-27.69775,-28.34929,-31.93727,-31.96055,-28.26641,-26.99965,-31.36861,-27.59159,-32.55249,-28.26641,-33.12116,-26.94555,-27.99293,-27.69775,-33.12116,-27.69775,-28.34929,-31.93727,-28.24314,-28.34929,-27.69775,-28.26641,-28.34929,-33.20404,-33.12116,-28.34929,-28.26641,-28.34929,-33.12116,-33.12116,-28.34929,-27.21196,-31.96055,-33.12116,-33.20404,-33.12116,-28.24314,-28.34929,-27.21196,-26.94555,-28.26641,-28.26641,-33.12116,-25.53521,-28.34929,-33.20404,-27.69775,-28.26641,-27.69775,-32.63537,-31.96055,-28.34929,-28.34929,-26.94555,-28.26641,-27.59159,-26.78735
2022-09-01T21:30:00-00:00,-37.28894,-36.57682,-37.28894,-36.52772,-35.66967,-33.41669,-35.47463,-35.47463,-37.23984,-43.423,-37.19142,-36.52772,-36.52772,-37.28894,-41.85283,-41.85283,-37.23984,-35.66967,-41.0923,-36.4302,-42.61336,-37.23984,-43.32548,-34.99675,-36.77186,-36.52772,-43.32548,-36.52772,-37.28894,-41.85283,-37.19142,-37.33736,-36.52772,-37.23984,-37.28894,-43.37458,-43.32548,-37.28894,-37.23984,-37.28894,-43.32548,-44.18422,-37.28894,-36.72344,-41.85283,-43.32548,-43.37458,-43.32548,-37.23984,-37.28894,-36.72344,-34.99675,-37.23984,-37.23984,-43.32548,-34.08058,-37.28894,-43.423,-36.52772,-37.23984,-36.52772,-42.66246,-41.85283,-37.28894,-37.28894,-34.99675,-37.23984,-36.4302,-35.47463
2022-09-01T21:45:00-00:00,-136.84607,-135.08305,-137.24782,-137.20036,-134.32703,-122.88944,-133.571,-133.571,-139.7194,-159.71571,-137.24782,-137.20036,-137.20036,-137.24782,-154.27588,-157.14922,-139.7194,-134.32703,-151.35509,-137.20036,-159.66824,-139.7194,-162.58904,-128.80911,-135.0356,-137.20036,-162.58904,-137.20036,-137.24782,-154.27588,-137.24782,-137.24782,-137.20036,-139.7194,-137.24782,-159.71571,-162.58904,-137.24782,-139.7194,-137.24782,-162.58904,-162.58904,-136.84607,-135.0356,-156.74747,-162.58904,-160.07,-162.58904,-136.89354,-136.84607,-135.0356,-128.80911,-140.12115,-139.7194,-162.58904,-125.34435,-137.24782,-159.71571,-137.20036,-139.7194,-137.20036,-157.19667,-157.14922,-137.24782,-136.84607,-128.80911,-137.24782,-137.20036,-133.571
2022-09-01T22:00:00-00:00,-79.76038,-78.15985,-79.60969,-79.76038,-77.45646,-75.78036,-74.85116,-74.85116,-79.60969,-94.37339,-79.60969,-79.76038,-79.76038,-79.60969,-90.89598,-92.92355,-79.60969,-77.45646,-89.01911,-79.76038,-94.52408,-79.60969,-96.828,-76.75658,-78.58689,-79.76038,-96.828,-79.76038,-79.60969,-90.89598,-79.60969,-79.60969,-79.76038,-79.60969,-79.60969,-94.80043,-96.828,-79.33334,-79.60969,-79.60969,-96.828,-96.40095,-79.76038,-78.58689,-90.46894,-96.828,-94.80043,-96.828,-79.60969,-79.76038,-78.58689,-76.75658,-81.3609,-81.3609,-96.828,-69.98499,-79.60969,-94.37339,-79.76038,-79.60969,-79.76038,-92.49651,-92.92355,-79.60969,-79.76038,-76.75658,-79.60969,-79.76038,-74.85116
2022-09-01T22:15:00-00:00,-83.30895,-81.61576,-83.30895,-83.49584,-81.33418,-80.06105,-80.11565,-80.11565,-82.84048,-98.91779,-82.84048,-83.49584,-83.49584,-83.30895,-94.78134,-97.41148,-85.18904,-81.33418,-92.80657,-83.02737,-99.10468,-82.84048,-101.07945,-80.8384,-82.27112,-83.49584,-101.07945,-83.49584,-83.30895,-94.78134,-82.84048,-83.30895,-83.49584,-85.18904,-83.30895,-98.91779,-101.07945,-83.30895,-85.18904,-83.30895,-101.07945,-101.07945,-83.30895,-82.27112,-97.1299,-101.07945,-98.91779,-101.07945,-82.84048,-83.30895,-82.27112,-80.8384,-85.47062,-85.47062,-101.07945,-72.98149,-83.30895,-98.91779,-83.49584,-85.18904,-83.49584,-97.22459,-97.41148,-83.30895,-83.30895,-80.8384,-82.84048,-83.02737,-80.11565
2022-09-01T22:30:00-00:00,-111.64359,-109.4624,-111.64359,-111.26277,-109.08158,-104.09009,-107.69332,-107.69332,-113.94768,-131.62384,-111.13987,-111.26277,-111.26277,-111.13987,-126.37691,-129.06183,-113.94768,-109.08158,-123.8149,-111.26277,-131.74673,-113.94768,-134.30875,-107.0281,-109.5853,-111.26277,-134.30875,-111.26277,-111.64359,-126.37691,-111.13987,-111.13987,-111.26277,-113.94768,-111.13987,-131.62384,-134.30875,-111.64359,-113.94768,-111.64359,-134.30875,-134.30875,-111.64359,-109.5853,-129.56555,-134.30875,-131.62384,-134.30875,-111.13987,-111.64359,-109.5853,-107.0281,-114.3285,-114.3285,-134.30875,-98.79744,-111.13987,-131.62384,-111.26277,-113.94768,-111.26277,-128.93893,-129.06183,-111.64359,-111.64359,-107.0281,-111.13987,-111.26277,-107.69332
2022-09-01T22:45:00-00:00,-164.79549,-158.93794,-163.77238,-158.02832,-156.81046,-159.20914,-155.2367,-155.2367,-165.42746,-193.75687,-163.77238,-158.02832,-158.02832,-163.77238,-186.60017,-186.16296,-165.42746,-156.81046,-179.70563,-158.02832,-193.1249,-165.42746,-194.30754,-159.09659,-159.44254,-158.02832,-194.30754,-158.02832,-163.77238,-186.60017,-164.2909,-164.2909,-158.02832,-165.42746,-163.77238,-193.67557,-194.30754,-164.79549,-165.42746,-164.79549,-194.30754,-193.28445,-158.02832,-158.85664,-186.16296,-194.30754,-193.67557,-194.30754,-164.2909,-158.02832,-158.85664,-159.09659,-164.40436,-164.40436,-194.30754,-140.0087,-163.77238,-193.17097,-158.02832,-165.42746,-158.02832,-186.79494,-186.16296,-163.77238,-164.79549,-159.09659,-164.2909,-158.02832,-155.2367
2022-09-01T23:00:00-00:00,-174.78627,-175.91856,-180.31557,-174.78627,-173.44278,-171.73212,-172.50171,-172.50171,-181.85028,-210.64656,-180.8848,-174.78627,-174.78627,-180.22527,-202.88483,-202.99953,-181.85028,-173.44278,-196.01205,-174.78627,-209.87231,-181.85028,-210.55627,-173.45197,-175.80386,-174.78627,-210.55627,-174.78627,-180.31557,-202.88483,-180.8848,-181.85028,-174.78627,-181.85028,-180.22527,-210.44156,-210.55627,-174.78627,-181.85028,-181.07603,-210.55627,-210.45534,-174.78627,-175.80386,-202.99953,-210.55627,-209.78201,-210.55627,-181.85028,-174.78627,-175.80386,-173.45197,-181.08981,-181.08981,-210.55627,-158.70805,-180.22527,-210.44156,-174.78627,-181.85028,-174.78627,-203.77377,-202.99953,-180.31557,-174.78627,-173.45197,-181.85028,-174.78627,-172.50171
2022-09-01T23:15:00-00:00,-163.78204,-164.31787,-168.54723,-163.78204,-162.81415,-157.93654,-161.56342,-161.56342,-169.54572,-195.6063,-168.042,-163.78204,-163.78204,-168.042,-188.20609,-188.3695,-169.54572,-162.81415,-182.35287,-163.78204,-194.72795,-169.54572,-194.98091,-160.4324,-164.15445,-163.78204,-194.98091,-163.78204,-168.54723,-188.20609,-168.75693,-169.54572,-163.78204,-169.54572,-168.042,-194.10257,-194.98091,-163.78204,-169.54572,-168.66737,-194.98091,-195.57568,-163.78204,-164.0649,-188.87473,-194.98091,-194.10257,-194.98091,-169.54572,-163.78204,-164.0649,-160.4324,-169.42557,-169.42557,-194.98091,-150.42361,-168.042,-194.8175,-163.78204,-169.54572,-163.78204,-188.45906,-188.3695,-168.54723,-163.78204,-160.4324,-169.54572,-163.78204,-161.56342
2022-09-01T23:30:00-00:00,-310.76056,-305.42178,-310.76056,-306.1005,-302.74307,-260.6371,-302.74307,-302.74307,-313.43924,-356.22394,-313.43924,-306.1005,-306.1005,-311.43924,-345.52777,-346.20648,-313.43924,-302.74307,-335.5103,-306.1005,-353.54523,-313.43924,-356.22394,-284.02945,-303.42178,-306.1005,-356.22394,-306.1005,-310.76056,-345.52777,-313.43924,-313.43924,-306.1005,-313.43924,-311.43924,-354.22394,-356.22394,-310.76056,-313.43924,-310.76056,-356.22394,-356.90265,-310.76056,-303.42178,-345.52777,-356.22394,-353.54523,-356.22394,-313.43924,-310.76056,-303.42178,-284.02945,-313.43924,-313.43924,-356.22394,-292.72562,-311.43924,-356.22394,-306.1005,-313.43924,-306.1005,-348.20648,-346.20648,-310.76056,-310.76056,-284.02945,-313.43924,-306.1005,-302.74307
2022-09-01T23:45:00-00:00,-345.46957,-337.31497,-343.71286,-345.07382,-334.69415,-368.17453,-331.35367,-331.35367,-344.1812,-374.80658,-343.71286,-345.07382,-345.07382,-343.71286,-366.38507,-376.2964,-344.1812,-334.69415,-369.20734,-345.46957,-377.4559,-344.1812,-385.61053,-352.06427,-339.0717,-345.07382,-385.61053,-345.07382,-343.71286,-366.38507,-343.71286,-343.71286,-345.07382,-342.4245,-343.71286,-376.09497,-385.61053,-343.71286,-344.1812,-345.46957,-385.61053,-383.85382,-345.46957,-339.9643,-367.24918,-385.61053,-375.6992,-385.61053,-341.95615,-345.46957,-339.9643,-352.06427,-344.00824,-342.4245,-385.61053,-307.8129,-343.71286,-376.09497,-345.07382,-342.4245,-345.07382,-375.4038,-376.2964,-343.71286,-345.46957,-352.06427,-344.1812,-345.07382,-331.35367
2022-09-02T00:00:00-00:00,-130.72018,-135.12772,-130.72018,-132.18936,-126.93001,-174.9439,-123.99166,-123.99166,-129.251,-140.85597,-129.251,-132.18936,-132.18936,-129.251,-133.27563,-138.53497,-129.251,-126.93001,-136.21397,-130.72018,-135.59662,-129.251,-139.3868,-150.20238,-136.59688,-132.18936,-139.3868,-132.18936,-130.72018,-133.27563,-129.251,-130.72018,-132.18936,-129.251,-129.251,-134.12746,-139.3868,-130.72018,-129.251,-130.72018,-139.3868,-139.3868,-130.72018,-129.86836,-138.53497,-139.3868,-135.59662,-139.3868,-129.251,-130.72018,-129.86836,-150.20238,-129.251,-129.251,-139.3868,-109.91726,-129.251,-134.12746,-132.18936,-129.251,-132.18936,-137.0658,-138.53497,-130.72018,-130.72018,-150.20238,-129.251,-130.72018,-123.99166
2022-09-02T00:15:00-00:00,-114.5745,-118.86436,-114.5745,-116.00445,-112.97119,-160.04594,-110.11129,-110.11129,-115.14455,-120.01132,-113.14455,-116.00445,-116.00445,-113.14455,-116.8047,-119.83796,-115.14455,-112.97119,-117.66461,-114.5745,-118.97806,-115.14455,-120.58137,-135.7936,-118.29431,-116.00445,-120.58137,-116.00445,-114.5745,-116.8047,-113.14455,-114.5745,-116.00445,-115.14455,-113.14455,-117.54811,-120.58137,-114.5745,-115.14455,-114.5745,-120.58137,-120.58137,-114.5745,-115.8311,-119.83796,-120.58137,-118.97806,-120.58137,-113.14455,-114.5745,-115.8311,-135.7936,-115.14455,-115.14455,-120.58137,-96.49831,-113.14455,-120.01132,-116.00445,-115.14455,-116.00445,-118.40801,-119.83796,-114.5745,-114.5745,-135.7936,-115.14455,-114.5745,-110.11129
2022-09-02T00:30:00-00:00,-7.11427,-11.16459,-7.11427,-7.11427,-9.14782,-96.0032,-5.11427,-5.11427,-5.0975,9.15409,-5.0975,-7.11427,-7.11427,-5.0975,5.087,5.10377,-5.0975,-9.14782,3.05345,-7.11427,7.13731,-5.0975,9.17086,-51.56712,-13.18136,-7.11427,9.17086,-7.11427,-7.11427,5.087,-5.0975,-5.0975,-7.11427,-7.0975,-5.0975,9.15409,9.17086,-7.11427,-5.0975,-7.11427,9.17086,9.17086,-7.11427,-13.18136,7.10377,9.17086,9.15409,9.17086,-5.0975,-7.11427,-13.18136,-51.56712,-7.0975,-7.0975,9.17086,8.96959,-5.0975,9.15409,-7.11427,-7.0975,-7.11427,7.12054,5.10377,-7.11427,-7.11427,-51.56712,-5.0975,-7.11427,-5.11427
2022-09-02T00:45:00-00:00,-740.13727,-743.81647,-736.13727,-745.40704,-774.95435,-682.17236,-802.2846,-802.2846,-722.8675,-501.36157,-732.8675,-745.40704,-745.40704,-732.8675,-560.588,-548.9106,-724.8675,-774.95435,-594.8673,-742.13727,-522.5012,-722.8675,-495.68414,-708.9935,-739.4939,-745.40704,-493.68414,-745.40704,-736.13727,-560.588,-732.8675,-726.13727,-745.40704,-722.8675,-732.8675,-507.36157,-493.68414,-738.13727,-724.8675,-732.13727,-493.68414,-489.68414,-740.13727,-749.4939,-553.31824,-493.68414,-512.63135,-495.68414,-730.8675,-740.13727,-749.4939,-708.9935,-718.9976,-720.9976,-493.68414,-966.2132,-732.8675,-503.36157,-745.40704,-722.8675,-745.40704,-533.771,-548.9106,-736.13727,-740.13727,-708.9935,-724.8675,-744.13727,-802.2846
2022-09-02T01:00:00-00:00,61.82577,59.12481,63.28405,61.82577,60.5831,-10.55556,62.09221,62.09221,64.57754,84.84088,63.28405,61.82577,61.82577,63.28405,79.43897,80.73246,64.57754,60.5831,76.78883,61.82577,81.97512,64.57754,84.67608,23.53007,57.66652,61.82577,84.67608,61.82577,63.28405,79.43897,64.74234,63.28405,61.82577,64.52672,63.28405,83.38259,84.67608,63.28405,64.57754,63.28405,84.67608,86.08355,61.82577,56.20823,79.27417,84.67608,83.38259,84.67608,64.74234,61.82577,56.20823,23.53007,64.52672,64.52672,84.67608,71.22237,63.28405,84.84088,61.82577,64.52672,61.82577,82.13993,80.73246,63.28405,61.82577,23.53007,63.28405,61.82577,62.09221
2022-09-02T01:15:00-00:00,-114.004,-112.004,-114.004,-114.004,-112.004,-96.004,-110.004,-110.004,-114.004,-130.004,-114.004,-114.004,-114.004,-114.004,-126.004,-128.004,-114.004,-112.004,-124.004,-114.004,-130.004,-114.004,-132.004,-104.004,-112.004,-114.004,-132.004,-114.004,-114.004,-126.004,-114.004,-114.004,-114.004,-114.004,-114.004,-130.004,-132.004,-114.004,-114.004,-114.004,-132.004,-132.004,-114.004,-112.004,-126.004,-132.004,-130.004,-132.004,-114.004,-114.004,-112.004,-104.004,-114.004,-114.004,-132.004,-108.004,-114.004,-130.004,-114.004,-114.004,-114.004,-128.004,-128.004,-114.004,-114.004,-104.004,-114.004,-114.004,-110.004
2022-09-02T01:30:00-00:00,-21.75306,-21.75306,-21.75306,-21.75306,-21.36466,-18.25742,-21.36466,-21.36466,-22.14147,-25.24871,-22.14147,-21.75306,-21.75306,-22.14147,-24.4719,-24.4719,-22.14147,-21.36466,-23.69509,-21.75306,-24.8603,-22.14147,-25.24871,-20.19944,-21.75306,-21.75306,-25.24871,-21.75306,-21.75306,-24.4719,-22.14147,-22.14147,-21.75306,-22.14147,-22.14147,-25.24871,-25.24871,-21.75306,-22.14147,-21.75306,-25.24871,-25.24871,-21.75306,-21.36466,-24.4719,-25.24871,-24.8603,-25.24871,-22.14147,-21.75306,-21.36466,-20.19944,-22.14147,-22.14147,-25.24871,-20.58785,-22.14147,-25.24871,-21.75306,-22.14147,-21.75306,-24.8603,-24.4719,-21.75306,-21.75306,-20.19944,-22.14147,-21.75306,-21.36466
2022-09-02T01:45:00-00:00,-0.0024,-0.0024,-0.0024,-0.0024,-0.0024,-0.0024,-0.0024,-0.0024,-0.0024,-0.0024,-0.0024,-0.0024,-0.0024,-0.0024,-0.0024,-0.0024,-0.0024,-0.0024,-0.0024,-0.0024,-0.0024,-0.0024,-0.0024,-0.0024,-0.0024,-0.0024,-0.0024,-0.0024,-0.0024,-0.0024,-0.0024,-0.0024,-0.0024,-0.0024,-0.0024,-0.0024,-0.0024,-0.0024,-0.0024,-0.0024,-0.0024,-0.0024,-0.0024,-0.0024,-0.0024,-0.0024,-0.0024,-0.0024,-0.0024,-0.0024,-0.0024,-0.0024,-0.0024,-0.0024,-0.0024,-0.0024,-0.0024,-0.0024,-0.0024,-0.0024,-0.0024,-0.0024,-0.0024,-0.0024,-0.0024,-0.0024,-0.0024,-0.0024,-0.0024
2022-09-02T02:00:00-00:00,-83.47502,-83.47502,-83.47502,-83.47502,-81.98444,-70.05978,-81.98444,-81.98444,-84.9656,-96.89026,-83.47502,-83.47502,-83.47502,-83.47502,-93.9091,-93.9091,-84.9656,-81.98444,-90.92793,-83.47502,-95.39968,-84.9656,-96.89026,-77.51269,-81.98444,-83.47502,-96.89026,-83.47502,-83.47502,-93.9091,-84.9656,-84.9656,-83.47502,-84.9656,-83.47502,-95.39968,-96.89026,-83.47502,-84.9656,-83.47502,-96.89026,-96.89026,-83.47502,-81.98444,-93.9091,-96.89026,-95.39968,-96.89026,-84.9656,-83.47502,-81.98444,-77.51269,-84.9656,-84.9656,-96.89026,-79.00327,-83.47502,-96.89026,-83.47502,-84.9656,-83.47502,-95.39968,-93.9091,-83.47502,-83.47502,-77.51269,-84.9656,-83.47502,-81.98444
2022-09-02T02:15:00-00:00,-0.0024,-0.0024,-0.0024,-0.0024,-0.0024,-0.0024,-0.0024,-0.0024,-0.0024,-0.0024,-0.0024,-0.0024,-0.0024,-0.0024,-0.0024,-0.0024,-0.0024,-0.0024,-0.0024,-0.0024,-0.0024,-0.0024,-0.0024,-0.0024,-0.0024,-0.0024,-0.0024,-0.0024,-0.0024,-0.0024,-0.0024,-0.0024,-0.0024,-0.0024,-0.0024,-0.0024,-0.0024,-0.0024,-0.0024,-0.0024,-0.0024,-0.0024,-0.0024,-0.0024,-0.0024,-0.0024,-0.0024,-0.0024,-0.0024,-0.0024,-0.0024,-0.0024,-0.0024,-0.0024,-0.0024,-0.0024,-0.0024,-0.0024,-0.0024,-0.0024,-0.0024,-0.0024,-0.0024,-0.0024,-0.0024,-0.0024,-0.0024,-0.0024,-0.0024
2022-09-02T02:30:00-00:00,-0.0024,-0.0024,-0.0024,-0.0024,-0.0024,-0.0024,-0.0024,-0.0024,-0.0024,-0.0024,-0.0024,-0.0024,-0.0024,-0.0024,-0.0024,-0.0024,-0.0024,-0.0024,-0.0024,-0.0024,-0.0024,-0.0024,-0.0024,-0.0024,-0.0024,-0.0024,-0.0024,-0.0024,-0.0024,-0.0024,-0.0024,-0.0024,-0.0024,-0.0024,-0.0024,-0.0024,-0.0024,-0.0024,-0.0024,-0.0024,-0.0024,-0.0024,-0.0024,-0.0024,-0.0024,-0.0024,-0.0024,-0.0024,-0.0024,-0.0024,-0.0024,-0.0024,-0.0024,-0.0024,-0.0024,-0.0024,-0.0024,-0.0024,-0.0024,-0.0024,-0.0024,-0.0024,-0.0024,-0.0024,-0.0024,-0.0024,-0.0024,-0.0024,-0.0024
2022-09-02T02:45:00-00:00,-742.6166,-745.3967,-738.6166,-744.6166,-778.28534,-652.92004,-806.7525,-806.7525,-729.526,-513.6426,-736.03827,-744.6166,-744.6166,-736.03827,-570.98016,-557.5133,-729.526,-778.28534,-600.6489,-744.6166,-531.8445,-729.526,-504.17572,-698.79083,-741.44183,-744.6166,-504.55203,-744.6166,-738.6166,-570.98016,-736.03827,-728.03827,-744.6166,-727.526,-736.03827,-517.6426,-504.55203,-740.6166,-729.526,-734.6166,-504.55203,-498.55203,-742.6166,-751.44183,-565.5133,-504.55203,-521.6426,-504.17572,-734.03827,-742.6166,-751.44183,-698.79083,-723.526,-725.526,-504.55203,-982.68384,-736.03827,-515.6426,-744.6166,-727.526,-744.6166,-541.31134,-557.5133,-738.6166,-742.6166,-698.79083,-731.1497,-746.6166,-806.7525
2022-09-02T03:00:00-00:00,-724.6893,-731.14667,-718.9033,-727.5822,-783.21985,-697.20447,-823.0497,-823.0497,-699.76337,-337.44708,-714.22815,-727.5822,-727.5822,-714.22815,-434.25763,-409.33176,-699.76337,-783.21985,-484.10938,-727.5822,-365.2659,-699.76337,-318.30713,-712.05756,-731.8182,-727.5822,-318.30713,-727.5822,-718.9033,-434.25763,-714.22815,-702.6563,-727.5822,-696.8704,-714.22815,-343.233,-318.30713,-721.79626,-699.76337,-713.11743,-318.30713,-307.846,-724.6893,-746.28296,-420.90356,-318.30713,-349.0189,-318.30713,-711.3352,-724.6893,-746.28296,-712.05756,-689.30225,-693.9775,-318.30713,-1081.401,-714.22815,-340.34003,-727.5822,-696.8704,-727.5822,-384.40588,-409.33176,-718.9033,-724.6893,-712.05756,-702.6563,-730.47516,-823.0497
2022-09-02T03:15:00-00:00,-255.62294,-258.9169,-254.59802,-257.6728,-277.36548,-247.00838,-290.47025,-290.47025,-247.82645,-118.57988,-252.95105,-257.6728,-257.6728,-252.95105,-152.84064,-145.04414,-247.82645,-277.36548,-171.5084,-257.6728,-129.45114,-247.82645,-112.83322,-250.89503,-259.13608,-257.6728,-112.83322,-257.6728,-254.59802,-152.84064,-251.92613,-248.85136,-257.6728,-246.80151,-252.95105,-121.65464,-112.83322,-255.62294,-247.82645,-252.54819,-112.83322,-109.1364,-255.62294,-264.26068,-148.11891,-112.83322,-123.70448,-112.83322,-250.9012,-255.62294,-264.26068,-250.89503,-244.12962,-244.75168,-112.83322,-383.0805,-252.95105,-120.62972,-257.6728,-246.80151,-257.6728,-136.22272,-145.04414,-254.59802,-255.62294,-250.89503,-248.85136,-258.69772,-290.47025
2022-09-02T03:30:00-00:00,-73.78299,-74.77749,-73.49474,-74.35948,-79.8266,-69.46993,-83.58339,-83.58339,-71.62592,-35.81096,-73.06716,-74.35948,-74.35948,-73.06716,-45.30396,-43.1469,-71.62592,-79.8266,-50.48284,-74.35948,-38.83276,-71.62592,-34.23038,-71.49191,-74.62858,-74.35948,-34.23038,-74.35948,-73.49474,-45.30396,-72.77891,-71.91417,-74.35948,-71.33767,-73.06716,-36.6757,-34.23038,-73.78299,-71.62592,-72.63,-34.23038,-33.36564,-73.78299,-76.06982,-44.01164,-34.23038,-37.25219,-34.23038,-72.49066,-73.78299,-76.06982,-71.49191,-70.76118,-70.76118,-34.23038,-109.98192,-73.06716,-36.38745,-74.35948,-71.33767,-74.35948,-40.70158,-43.1469,-73.49474,-73.78299,-71.49191,-71.91417,-74.64773,-83.58339
2022-09-02T03:45:00-00:00,-66.48829,-67.2331,-66.23761,-66.98965,-71.66421,-60.41574,-75.01145,-75.01145,-64.65237,-34.10543,-65.90578,-66.98965,-66.98965,-65.90578,-42.20115,-40.36523,-64.65237,-71.66421,-46.62502,-66.98965,-36.69339,-64.65237,-32.77087,-63.41505,-67.06357,-66.98965,-32.52019,-66.98965,-66.23761,-42.20115,-65.6551,-64.90305,-66.98965,-64.15101,-65.90578,-34.85747,-32.52019,-66.48829,-64.65237,-65.48557,-32.52019,-32.01883,-66.48829,-68.31698,-41.11727,-32.52019,-35.35884,-32.77087,-65.40442,-66.48829,-68.31698,-63.41505,-63.64965,-63.90033,-32.52019,-98.16971,-65.90578,-34.60679,-66.98965,-64.15101,-66.98965,-38.27863,-40.36523,-66.23761,-66.48829,-63.41505,-64.90305,-67.24033,-75.01145
2022-09-02T04:00:00-00:00,-266.9814,-268.14584,-266.3265,-268.29126,-279.13385,-226.639,-288.81207,-288.81207,-262.54248,-190.14497,-265.67163,-268.29126,-268.29126,-265.67163,-210.01088,-204.77162,-262.54248,-279.13385,-218.51714,-268.29126,-196.54865,-262.54248,-187.01584,-247.39243,-264.4997,-268.29126,-186.36095,-268.29126,-265.67163,-210.01088,-265.01672,-263.052,-268.29126,-261.23267,-265.67163,-192.1097,-186.36095,-266.9814,-262.54248,-264.3618,-186.36095,-185.05112,-266.9814,-268.28372,-207.39125,-186.36095,-193.41951,-187.01584,-264.3618,-266.9814,-268.28372,-247.39243,-259.92285,-260.57776,-186.36095,-350.08252,-265.67163,-191.45479,-268.29126,-261.23267,-268.29126,-200.33269,-204.77162,-266.3265,-266.9814,-247.39243,-263.1974,-268.29126,-288.81207
2022-09-02T04:15:00-00:00,-228.039,-229.21141,-227.4528,-229.21141,-239.17686,-193.75562,-247.96991,-247.96991,-223.93558,-157.47243,-226.8666,-229.21141,-229.21141,-226.8666,-175.64471,-171.5413,-223.93558,-239.17686,-183.48756,-229.21141,-163.33446,-223.93558,-154.54141,-211.48352,-225.9164,-229.21141,-153.9552,-229.21141,-226.8666,-175.64471,-226.2804,-224.52177,-229.21141,-222.76317,-226.8666,-159.23103,-153.9552,-228.039,-223.93558,-225.69418,-153.9552,-152.7828,-228.039,-229.43361,-173.29991,-153.9552,-160.40344,-154.54141,-225.69418,-228.039,-229.43361,-211.48352,-221.59077,-222.17697,-153.9552,-303.073,-226.8666,-158.64484,-229.21141,-222.76317,-229.21141,-166.85167,-171.5413,-227.4528,-228.039,-211.48352,-224.52177,-229.21141,-247.96991
2022-09-02T04:30:00-00:00,-179.10619,-178.99791,-178.59167,-180.13522,-187.74463,-152.43288,-196.59964,-196.59964,-175.5046,-116.44388,-178.07716,-180.13522,-180.13522,-178.07716,-131.25648,-127.65489,-175.5046,-187.74463,-140.0032,-180.13522,-121.58902,-175.5046,-113.87132,-166.0268,-177.96889,-180.13522,-113.35681,-180.13522,-178.07716,-131.25648,-177.56265,-176.01912,-180.13522,-174.47559,-178.07716,-117.98742,-113.35681,-179.10619,-175.5046,-177.04814,-113.35681,-112.32778,-179.10619,-181.05595,-129.19843,-113.35681,-119.01645,-113.87132,-177.04814,-179.10619,-181.05595,-166.0268,-173.44655,-173.96106,-113.35681,-244.96387,-178.07716,-117.47291,-180.13522,-174.47559,-180.13522,-124.67609,-127.65489,-178.59167,-179.10619,-166.0268,-176.01912,-180.13522,-196.59964
2022-09-02T04:45:00-00:00,-141.78922,-142.28703,-140.79355,-142.78487,-151.24799,-119.84142,-158.71542,-158.71542,-138.3044,-80.07273,-140.29572,-142.78487,-142.78487,-140.79355,-95.50545,-91.52281,-137.80656,-151.24799,-103.96856,-142.28703,-85.05102,-138.3044,-77.58358,-131.30592,-141.78922,-142.78487,-77.08575,-142.78487,-140.79355,-95.50545,-140.29572,-138.80223,-142.78487,-137.30875,-140.79355,-81.56622,-77.08575,-141.78922,-137.80656,-139.7979,-77.08575,-76.09009,-141.78922,-144.77618,-93.51413,-77.08575,-82.56188,-77.58358,-139.7979,-141.78922,-144.77618,-131.30592,-136.31308,-136.81091,-77.08575,-205.52586,-140.79355,-80.57056,-142.78487,-137.30875,-142.78487,-87.54017,-91.52281,-141.29138,-141.78922,-131.30592,-138.80223,-142.78487,-158.71542
2022-09-02T05:00:00-00:00,-189.61482,-190.95013,-188.94717,-190.95013,-202.30022,-160.23813,-212.315,-212.315,-184.94125,-106.82595,-188.27953,-190.95013,-190.95013,-188.27953,-127.52317,-122.18195,-184.2736,-202.30022,-138.87326,-190.28249,-113.50248,-184.94125,-103.48769,-175.59413,-189.61482,-190.95013,-102.82004,-190.95013,-188.27953,-127.52317,-187.61188,-185.60892,-190.95013,-183.60596,-188.27953,-108.82891,-102.82004,-189.61482,-184.2736,-186.94421,-102.82004,-101.48474,-189.61482,-193.62074,-124.85256,-102.82004,-110.16421,-103.48769,-186.94421,-189.61482,-193.62074,-175.59413,-182.27065,-182.93831,-102.82004,-275.0743,-188.27953,-107.49361,-190.95013,-183.60596,-190.95013,-117.50839,-122.18195,-188.94717,-189.61482,-175.59413,-185.60892,-190.95013,-212.315
2022-09-02T05:15:00-00:00,-181.39236,-182.66975,-180.75366,-182.66975,-193.52765,-153.92825,-203.10815,-203.10815,-176.92146,-102.19358,-180.11496,-182.66975,-182.66975,-180.11496,-121.99327,-117.52237,-176.92146,-193.52765,-132.85117,-182.66975,-108.58057,-176.92146,-99.00008,-167.97966,-181.39236,-182.66975,-98.36138,-182.66975,-180.11496,-121.99327,-179.47626,-177.56017,-182.66975,-175.64406,-180.11496,-104.10967,-98.36138,-181.39236,-176.92146,-178.83755,-98.36138,-97.08398,-181.39236,-185.22456,-119.43847,-98.36138,-105.38707,-99.00008,-178.83755,-181.39236,-185.22456,-167.97966,-174.36665,-175.00536,-98.36138,-263.14594,-180.11496,-103.47097,-182.66975,-175.64406,-182.66975,-112.41277,-117.52237,-180.75366,-181.39236,-167.97966,-177.56017,-183.30846,-203.10815
2022-09-02T05:30:00-00:00,-142.28627,-143.26837,-141.78915,-143.28052,-151.70726,-120.7281,-159.16405,-159.16405,-138.81857,-80.81341,-141.29202,-143.28052,-143.28052,-141.29202,-96.1877,-92.22288,-138.81857,-151.70726,-104.61445,-143.28052,-85.77247,-138.81857,-78.33995,-131.74966,-142.27412,-143.28052,-77.84284,-143.28052,-141.29202,-96.1877,-140.80705,-139.31569,-143.28052,-137.82433,-141.29202,-82.30477,-77.84284,-142.28627,-138.81857,-140.29779,-77.84284,-76.8486,-142.28627,-145.2447,-94.19922,-77.84284,-83.29901,-78.33995,-140.30994,-142.28627,-145.2447,-131.74966,-136.8301,-137.32722,-77.84284,-205.85683,-141.29202,-81.80765,-143.28052,-137.82433,-143.28052,-88.75518,-92.22288,-141.78915,-142.28627,-131.74966,-139.31569,-143.28052,-159.16405
2022-09-02T05:45:00-00:00,-169.69855,-170.21594,-168.58513,-170.77264,-180.19733,-143.46857,-188.5086,-188.5086,-165.84091,-101.50367,-168.02843,-170.77264,-170.77264,-168.58513,-118.60431,-114.18998,-165.2842,-180.19733,-127.18597,-170.25525,-107.03142,-165.84091,-98.75945,-157.1206,-169.61993,-170.77264,-98.20274,-170.77264,-168.58513,-118.60431,-168.02843,-165.8016,-170.77264,-164.7275,-168.58513,-103.17379,-98.20274,-169.69855,-165.2842,-167.47173,-98.20274,-97.08933,-169.69855,-172.67384,-116.4168,-98.20274,-104.2872,-98.75945,-167.47173,-169.69855,-172.67384,-157.1206,-163.61409,-164.17079,-98.20274,-240.72102,-168.58513,-102.06038,-170.77264,-164.7275,-170.77264,-109.77564,-114.18998,-169.14185,-169.69855,-157.1206,-166.3583,-170.77264,-188.5086
2022-09-02T06:00:00-00:00,-116.69437,-117.07215,-115.93883,-117.44992,-123.87204,-98.72876,-129.5386,-129.5386,-114.04997,-70.18659,-115.56106,-117.44992,-117.44992,-115.93883,-81.89752,-78.87534,-113.6722,-123.87204,-87.98372,-117.07215,-73.96431,-114.04997,-68.29773,-108.08934,-116.69437,-117.44992,-67.91996,-117.44992,-115.93883,-81.89752,-115.56106,-114.42774,-117.44992,-113.29443,-115.93883,-71.31991,-67.91996,-116.69437,-113.6722,-115.18329,-67.91996,-67.16442,-116.69437,-118.62509,-80.38643,-67.91996,-72.07545,-68.29773,-115.18329,-116.69437,-118.62509,-108.08934,-112.53889,-112.91666,-67.91996,-165.04916,-115.93883,-70.56436,-117.44992,-113.29443,-117.44992,-75.85317,-78.87534,-116.3166,-116.69437,-108.08934,-114.42774,-117.44992,-129.5386
2022-09-02T06:15:00-00:00,-60.4152,-60.62792,-59.98975,-60.84064,-64.4569,-51.05547,-67.64771,-67.64771,-58.71343,-34.03778,-59.77703,-60.84064,-60.84064,-59.77703,-40.63213,-38.93036,-58.71343,-64.4569,-44.03567,-60.62792,-36.16499,-58.71343,-32.76145,-55.94805,-60.4152,-60.84064,-32.76145,-60.84064,-59.98975,-40.63213,-59.77703,-58.92615,-60.84064,-58.50071,-59.77703,-34.67594,-32.76145,-60.4152,-58.71343,-59.56431,-32.76145,-32.33601,-60.4152,-61.4788,-39.78125,-32.76145,-34.88866,-32.76145,-59.56431,-60.4152,-61.4788,-55.94805,-58.07526,-58.28799,-32.76145,-87.6435,-59.77703,-34.2505,-60.84064,-58.50071,-60.84064,-37.22859,-38.93036,-59.98975,-60.4152,-55.94805,-59.13887,-60.84064,-67.64771
2022-09-02T06:30:00-00:00,-132.86201,-133.32983,-131.92639,-133.79765,-141.75056,-112.27802,-148.76785,-148.76785,-129.11948,-74.85254,-131.45857,-133.79765,-133.79765,-131.45857,-89.35491,-85.61237,-129.11948,-141.75056,-96.84001,-133.32983,-79.53073,-129.11948,-72.04563,-123.03784,-132.86201,-133.79765,-72.04563,-133.79765,-131.92639,-89.35491,-131.45857,-129.5873,-133.79765,-128.65166,-131.45857,-76.256,-72.04563,-132.86201,-129.11948,-130.99075,-72.04563,-71.11,-132.86201,-135.20113,-87.48364,-72.04563,-77.19164,-72.04563,-130.99075,-132.86201,-135.20113,-123.03784,-127.71602,-128.18384,-72.04563,-192.74278,-131.45857,-75.32036,-133.79765,-128.65166,-133.79765,-81.86982,-85.61237,-131.92639,-132.86201,-123.03784,-130.05511,-133.79765,-148.76785
2022-09-02T06:45:00-00:00,-83.08084,-83.37338,-82.49578,-83.66591,-88.63896,-70.20941,-93.02695,-93.02695,-80.74058,-46.80681,-82.20325,-83.66591,-83.66591,-82.20325,-55.87532,-53.53506,-80.74058,-88.63896,-60.55584,-83.37338,-49.4396,-80.74058,-45.05161,-76.93766,-83.08084,-83.66591,-45.05161,-83.66591,-82.49578,-55.87532,-82.20325,-81.03312,-83.66591,-80.44805,-82.20325,-47.68441,-45.05161,-82.78831,-80.74058,-81.91071,-45.05161,-44.46655,-83.08084,-84.54351,-54.70519,-45.05161,-47.97694,-45.05161,-81.91071,-83.08084,-84.54351,-76.93766,-79.86299,-80.15552,-45.05161,-120.52501,-82.20325,-47.09934,-83.66591,-80.44805,-83.66591,-51.1948,-53.53506,-82.49578,-83.08084,-76.93766,-81.32565,-83.66591,-93.02695
