INTERVALSTARTTIME_GMT,INTERVALENDTIME_GMT,OPR_DT,OPR_HR,NODE_ID_XML,NODE_ID,NODE,MARKET_RUN_ID,LMP_TYPE,XML_DATA_ITEM,PNODE_RESMRID,GRP_TYPE,POS,PRC,OPR_INTERVAL,GROUP
2022-09-01T07:00:00-00:00,2022-09-01T07:15:00-00:00,2022-09-01,01,AMFORST_6_N001,AMFORST_6_N001,AMFORST_6_N001,RTPD,LMP,LMP_PRC,AMFORST_6_N001,ALL,1,82.55271,1,1
2022-09-01T08:00:00-00:00,2022-09-01T08:15:00-00:00,2022-09-01,02,AMFORST_6_N001,AMFORST_6_N001,AMFORST_6_N001,RTPD,LMP,LMP_PRC,AMFORST_6_N001,ALL,1,112.25863,1,1
2022-09-01T09:00:00-00:00,2022-09-01T09:15:00-00:00,2022-09-01,03,AMFORST_6_N001,AMFORST_6_N001,AMFORST_6_N001,RTPD,LMP,LMP_PRC,AMFORST_6_N001,ALL,1,96.08011,1,1
2022-09-01T10:00:00-00:00,2022-09-01T10:15:00-00:00,2022-09-01,04,AMFORST_6_N001,AMFORST_6_N001,AMFORST_6_N001,RTPD,LMP,LMP_PRC,AMFORST_6_N001,ALL,1,95.97574,1,1
2022-09-01T11:00:00-00:00,2022-09-01T11:15:00-00:00,2022-09-01,05,AMFORST_6_N001,AMFORST_6_N001,AMFORST_6_N001,RTPD,LMP,LMP_PRC,AMFORST_6_N001,ALL,1,103.67633,1,1
2022-09-01T12:00:00-00:00,2022-09-01T12:15:00-00:00,2022-09-01,06,AMFORST_6_N001,AMFORST_6_N001,AMFORST_6_N001,RTPD,LMP,LMP_PRC,AMFORST_6_N001,ALL,1,87.08592,1,1
2022-09-01T13:00:00-00:00,2022-09-01T13:15:00-00:00,2022-09-01,07,AMFORST_6_N001,AMFORST_6_N001,AMFORST_6_N001,RTPD,LMP,LMP_PRC,AMFORST_6_N001,ALL,1,88.83154,1,1
2022-09-01T14:00:00-00:00,2022-09-01T14:15:00-00:00,2022-09-01,08,AMFORST_6_N001,AMFORST_6_N001,AMFORST_6_N001,RTPD,LMP,LMP_PRC,AMFORST_6_N001,ALL,1,113.87888,1,1
2022-09-01T15:00:00-00:00,2022-09-01T15:15:00-00:00,2022-09-01,09,AMFORST_6_N001,AMFORST_6_N001,AMFORST_6_N001,RTPD,LMP,LMP_PRC,AMFORST_6_N001,ALL,1,97.4112,1,1
2022-09-01T16:00:00-00:00,2022-09-01T16:15:00-00:00,2022-09-01,10,AMFORST_6_N001,AMFORST_6_N001,AMFORST_6_N001,RTPD,LMP,LMP_PRC,AMFORST_6_N001,ALL,1,83.43525,1,1
2022-09-01T17:00:00-00:00,2022-09-01T17:15:00-00:00,2022-09-01,11,AMFORST_6_N001,AMFORST_6_N001,AMFORST_6_N001,RTPD,LMP,LMP_PRC,AMFORST_6_N001,ALL,1,80.40054,1,1
2022-09-01T18:00:00-00:00,2022-09-01T18:15:00-00:00,2022-09-01,12,AMFORST_6_N001,AMFORST_6_N001,AMFORST_6_N001,RTPD,LMP,LMP_PRC,AMFORST_6_N001,ALL,1,59.45777,1,1
2022-09-01T19:00:00-00:00,2022-09-01T19:15:00-00:00,2022-09-01,13,AMFORST_6_N001,AMFORST_6_N001,AMFORST_6_N001,RTPD,LMP,LMP_PRC,AMFORST_6_N001,ALL,1,73.53054,1,1
2022-09-01T20:00:00-00:00,2022-09-01T20:15:00-00:00,2022-09-01,14,AMFORST_6_N001,AMFORST_6_N001,AMFORST_6_N001,RTPD,LMP,LMP_PRC,AMFORST_6_N001,ALL,1,114.43699,1,1
2022-09-01T21:00:00-00:00,2022-09-01T21:15:00-00:00,2022-09-01,15,AMFORST_6_N001,AMFORST_6_N001,AMFORST_6_N001,RTPD,LMP,LMP_PRC,AMFORST_6_N001,ALL,1,127.23994,1,1
2022-09-01T22:00:00-00:00,2022-09-01T22:15:00-00:00,2022-09-01,16,AMFORST_6_N001,AMFORST_6_N001,AMFORST_6_N001,RTPD,LMP,LMP_PRC,AMFORST_6_N001,ALL,1,121.14401,1,1
2022-09-01T23:00:00-00:00,2022-09-01T23:15:00-00:00,2022-09-01,17,AMFORST_6_N001,AMFORST_6_N001,AMFORST_6_N001,RTPD,LMP,LMP_PRC,AMFORST_6_N001,ALL,1,217.09406,1,1
2022-09-02T00:00:00-00:00,2022-09-02T00:15:00-00:00,2022-09-01,18,AMFORST_6_N001,AMFORST_6_N001,AMFORST_6_N001,RTPD,LMP,LMP_PRC,AMFORST_6_N001,ALL,1,1152.425,1,1
2022-09-02T01:00:00-00:00,2022-09-02T01:15:00-00:00,2022-09-01,19,AMFORST_6_N001,AMFORST_6_N001,AMFORST_6_N001,RTPD,LMP,LMP_PRC,AMFORST_6_N001,ALL,1,1251.6777,1,1
2022-09-02T02:00:00-00:00,2022-09-02T02:15:00-00:00,2022-09-01,20,AMFORST_6_N001,AMFORST_6_N001,AMFORST_6_N001,RTPD,LMP,LMP_PRC,AMFORST_6_N001,ALL,1,1991.6721,1,1
2022-09-02T03:00:00-00:00,2022-09-02T03:15:00-00:00,2022-09-01,21,AMFORST_6_N001,AMFORST_6_N001,AMFORST_6_N001,RTPD,LMP,LMP_PRC,AMFORST_6_N001,ALL,1,1391.8492,1,1
2022-09-02T04:00:00-00:00,2022-09-02T04:15:00-00:00,2022-09-01,22,AMFORST_6_N001,AMFORST_6_N001,AMFORST_6_N001,RTPD,LMP,LMP_PRC,AMFORST_6_N001,ALL,1,312.1114,1,1
2022-09-02T05:00:00-00:00,2022-09-02T05:15:00-00:00,2022-09-01,23,AMFORST_6_N001,AMFORST_6_N001,AMFORST_6_N001,RTPD,LMP,LMP_PRC,AMFORST_6_N001,ALL,1,188.85393,1,1
2022-09-02T06:00:00-00:00,2022-09-02T06:15:00-00:00,2022-09-01,24,AMFORST_6_N001,AMFORST_6_N001,AMFORST_6_N001,RTPD,LMP,LMP_PRC,AMFORST_6_N001,ALL,1,169.7499,1,1
2022-09-01T07:15:00-00:00,2022-09-01T07:30:00-00:00,2022-09-01,01,AMFORST_6_N001,AMFORST_6_N001,AMFORST_6_N001,RTPD,LMP,LMP_PRC,AMFORST_6_N001,ALL,1,115.68552,2,1
2022-09-01T08:15:00-00:00,2022-09-01T08:30:00-00:00,2022-09-01,02,AMFORST_6_N001,AMFORST_6_N001,AMFORST_6_N001,RTPD,LMP,LMP_PRC,AMFORST_6_N001,ALL,1,114.63358,2,1
2022-09-01T09:15:00-00:00,2022-09-01T09:30:00-00:00,2022-09-01,03,AMFORST_6_N001,AMFORST_6_N001,AMFORST_6_N001,RTPD,LMP,LMP_PRC,AMFORST_6_N001,ALL,1,93.30327,2,1
2022-09-01T10:15:00-00:00,2022-09-01T10:30:00-00:00,2022-09-01,04,AMFORST_6_N001,AMFORST_6_N001,AMFORST_6_N001,RTPD,LMP,LMP_PRC,AMFORST_6_N001,ALL,1,92.66782,2,1
2022-09-01T11:15:00-00:00,2022-09-01T11:30:00-00:00,2022-09-01,05,AMFORST_6_N001,AMFORST_6_N001,AMFORST_6_N001,RTPD,LMP,LMP_PRC,AMFORST_6_N001,ALL,1,104.17304,2,1
2022-09-01T12:15:00-00:00,2022-09-01T12:30:00-00:00,2022-09-01,06,AMFORST_6_N001,AMFORST_6_N001,AMFORST_6_N001,RTPD,LMP,LMP_PRC,AMFORST_6_N001,ALL,1,103.50924,2,1
2022-09-01T13:15:00-00:00,2022-09-01T13:30:00-00:00,2022-09-01,07,AMFORST_6_N001,AMFORST_6_N001,AMFORST_6_N001,RTPD,LMP,LMP_PRC,AMFORST_6_N001,ALL,1,110.85418,2,1
2022-09-01T14:15:00-00:00,2022-09-01T14:30:00-00:00,2022-09-01,08,AMFORST_6_N001,AMFORST_6_N001,AMFORST_6_N001,RTPD,LMP,LMP_PRC,AMFORST_6_N001,ALL,1,107.36521,2,1
2022-09-01T15:15:00-00:00,2022-09-01T15:30:00-00:00,2022-09-01,09,AMFORST_6_N001,AMFORST_6_N001,AMFORST_6_N001,RTPD,LMP,LMP_PRC,AMFORST_6_N001,ALL,1,86.9388,2,1
2022-09-01T16:15:00-00:00,2022-09-01T16:30:00-00:00,2022-09-01,10,AMFORST_6_N001,AMFORST_6_N001,AMFORST_6_N001,RTPD,LMP,LMP_PRC,AMFORST_6_N001,ALL,1,87.81916,2,1
2022-09-01T17:15:00-00:00,2022-09-01T17:30:00-00:00,2022-09-01,11,AMFORST_6_N001,AMFORST_6_N001,AMFORST_6_N001,RTPD,LMP,LMP_PRC,AMFORST_6_N001,ALL,1,79.08084,2,1
2022-09-01T18:15:00-00:00,2022-09-01T18:30:00-00:00,2022-09-01,12,AMFORST_6_N001,AMFORST_6_N001,AMFORST_6_N001,RTPD,LMP,LMP_PRC,AMFORST_6_N001,ALL,1,74.85056,2,1
2022-09-01T19:15:00-00:00,2022-09-01T19:30:00-00:00,2022-09-01,13,AMFORST_6_N001,AMFORST_6_N001,AMFORST_6_N001,RTPD,LMP,LMP_PRC,AMFORST_6_N001,ALL,1,75.93603,2,1
2022-09-01T20:15:00-00:00,2022-09-01T20:30:00-00:00,2022-09-01,14,AMFORST_6_N001,AMFORST_6_N001,AMFORST_6_N001,RTPD,LMP,LMP_PRC,AMFORST_6_N001,ALL,1,114.31974,2,1
2022-09-01T21:15:00-00:00,2022-09-01T21:30:00-00:00,2022-09-01,15,AMFORST_6_N001,AMFORST_6_N001,AMFORST_6_N001,RTPD,LMP,LMP_PRC,AMFORST_6_N001,ALL,1,120.35517,2,1
2022-09-01T22:15:00-00:00,2022-09-01T22:30:00-00:00,2022-09-01,16,AMFORST_6_N001,AMFORST_6_N001,AMFORST_6_N001,RTPD,LMP,LMP_PRC,AMFORST_6_N001,ALL,1,138.53265,2,1
2022-09-01T23:15:00-00:00,2022-09-01T23:30:00-00:00,2022-09-01,17,AMFORST_6_N001,AMFORST_6_N001,AMFORST_6_N001,RTPD,LMP,LMP_PRC,AMFORST_6_N001,ALL,1,264.17957,2,1
2022-09-02T00:15:00-00:00,2022-09-02T00:30:00-00:00,2022-09-01,18,AMFORST_6_N001,AMFORST_6_N001,AMFORST_6_N001,RTPD,LMP,LMP_PRC,AMFORST_6_N001,ALL,1,1060.5696,2,1
2022-09-02T01:15:00-00:00,2022-09-02T01:30:00-00:00,2022-09-01,19,AMFORST_6_N001,AMFORST_6_N001,AMFORST_6_N001,RTPD,LMP,LMP_PRC,AMFORST_6_N001,ALL,1,1999.9933,2,1
2022-09-02T02:15:00-00:00,2022-09-02T02:30:00-00:00,2022-09-01,20,AMFORST_6_N001,AMFORST_6_N001,AMFORST_6_N001,RTPD,LMP,LMP_PRC,AMFORST_6_N001,ALL,1,1991.6721,2,1
2022-09-02T03:15:00-00:00,2022-09-02T03:30:00-00:00,2022-09-01,21,AMFORST_6_N001,AMFORST_6_N001,AMFORST_6_N001,RTPD,LMP,LMP_PRC,AMFORST_6_N001,ALL,1,571.5041,2,1
2022-09-02T04:15:00-00:00,2022-09-02T04:30:00-00:00,2022-09-01,22,AMFORST_6_N001,AMFORST_6_N001,AMFORST_6_N001,RTPD,LMP,LMP_PRC,AMFORST_6_N001,ALL,1,272.84387,2,1
2022-09-02T05:15:00-00:00,2022-09-02T05:30:00-00:00,2022-09-01,23,AMFORST_6_N001,AMFORST_6_N001,AMFORST_6_N001,RTPD,LMP,LMP_PRC,AMFORST_6_N001,ALL,1,161.26782,2,1
2022-09-02T06:15:00-00:00,2022-09-02T06:30:00-00:00,2022-09-01,24,AMFORST_6_N001,AMFORST_6_N001,AMFORST_6_N001,RTPD,LMP,LMP_PRC,AMFORST_6_N001,ALL,1,145.16115,2,1
2022-09-01T07:30:00-00:00,2022-09-01T07:45:00-00:00,2022-09-01,01,AMFORST_6_N001,AMFORST_6_N001,AMFORST_6_N001,RTPD,LMP,LMP_PRC,AMFORST_6_N001,ALL,1,103.08957,3,1
2022-09-01T08:30:00-00:00,2022-09-01T08:45:00-00:00,2022-09-01,02,AMFORST_6_N001,AMFORST_6_N001,AMFORST_6_N001,RTPD,LMP,LMP_PRC,AMFORST_6_N001,ALL,1,112.51158,3,1
2022-09-01T09:30:00-00:00,2022-09-01T09:45:00-00:00,2022-09-01,03,AMFORST_6_N001,AMFORST_6_N001,AMFORST_6_N001,RTPD,LMP,LMP_PRC,AMFORST_6_N001,ALL,1,93.04761,3,1
2022-09-01T10:30:00-00:00,2022-09-01T10:45:00-00:00,2022-09-01,04,AMFORST_6_N001,AMFORST_6_N001,AMFORST_6_N001,RTPD,LMP,LMP_PRC,AMFORST_6_N001,ALL,1,94.45222,3,1
2022-09-01T11:30:00-00:00,2022-09-01T11:45:00-00:00,2022-09-01,05,AMFORST_6_N001,AMFORST_6_N001,AMFORST_6_N001,RTPD,LMP,LMP_PRC,AMFORST_6_N001,ALL,1,104.0926,3,1
2022-09-01T12:30:00-00:00,2022-09-01T12:45:00-00:00,2022-09-01,06,AMFORST_6_N001,AMFORST_6_N001,AMFORST_6_N001,RTPD,LMP,LMP_PRC,AMFORST_6_N001,ALL,1,103.49423,3,1
2022-09-01T13:30:00-00:00,2022-09-01T13:45:00-00:00,2022-09-01,07,AMFORST_6_N001,AMFORST_6_N001,AMFORST_6_N001,RTPD,LMP,LMP_PRC,AMFORST_6_N001,ALL,1,112.22282,3,1
2022-09-01T14:30:00-00:00,2022-09-01T14:45:00-00:00,2022-09-01,08,AMFORST_6_N001,AMFORST_6_N001,AMFORST_6_N001,RTPD,LMP,LMP_PRC,AMFORST_6_N001,ALL,1,104.55326,3,1
2022-09-01T15:30:00-00:00,2022-09-01T15:45:00-00:00,2022-09-01,09,AMFORST_6_N001,AMFORST_6_N001,AMFORST_6_N001,RTPD,LMP,LMP_PRC,AMFORST_6_N001,ALL,1,86.1388,3,1
2022-09-01T16:30:00-00:00,2022-09-01T16:45:00-00:00,2022-09-01,10,AMFORST_6_N001,AMFORST_6_N001,AMFORST_6_N001,RTPD,LMP,LMP_PRC,AMFORST_6_N001,ALL,1,75.15269,3,1
2022-09-01T17:30:00-00:00,2022-09-01T17:45:00-00:00,2022-09-01,11,AMFORST_6_N001,AMFORST_6_N001,AMFORST_6_N001,RTPD,LMP,LMP_PRC,AMFORST_6_N001,ALL,1,78.8993,3,1
2022-09-01T18:30:00-00:00,2022-09-01T18:45:00-00:00,2022-09-01,12,AMFORST_6_N001,AMFORST_6_N001,AMFORST_6_N001,RTPD,LMP,LMP_PRC,AMFORST_6_N001,ALL,1,79.62154,3,1
2022-09-01T19:30:00-00:00,2022-09-01T19:45:00-00:00,2022-09-01,13,AMFORST_6_N001,AMFORST_6_N001,AMFORST_6_N001,RTPD,LMP,LMP_PRC,AMFORST_6_N001,ALL,1,101.44007,3,1
2022-09-01T20:30:00-00:00,2022-09-01T20:45:00-00:00,2022-09-01,14,AMFORST_6_N001,AMFORST_6_N001,AMFORST_6_N001,RTPD,LMP,LMP_PRC,AMFORST_6_N001,ALL,1,117.00768,3,1
2022-09-01T21:30:00-00:00,2022-09-01T21:45:00-00:00,2022-09-01,15,AMFORST_6_N001,AMFORST_6_N001,AMFORST_6_N001,RTPD,LMP,LMP_PRC,AMFORST_6_N001,ALL,1,128.25876,3,1
2022-09-01T22:30:00-00:00,2022-09-01T22:45:00-00:00,2022-09-01,16,AMFORST_6_N001,AMFORST_6_N001,AMFORST_6_N001,RTPD,LMP,LMP_PRC,AMFORST_6_N001,ALL,1,156.24391,3,1
2022-09-01T23:30:00-00:00,2022-09-01T23:45:00-00:00,2022-09-01,17,AMFORST_6_N001,AMFORST_6_N001,AMFORST_6_N001,RTPD,LMP,LMP_PRC,AMFORST_6_N001,ALL,1,566.48157,3,1
2022-09-02T00:30:00-00:00,2022-09-02T00:45:00-00:00,2022-09-01,18,AMFORST_6_N001,AMFORST_6_N001,AMFORST_6_N001,RTPD,LMP,LMP_PRC,AMFORST_6_N001,ALL,1,1797.0038,3,1
2022-09-02T01:30:00-00:00,2022-09-02T01:45:00-00:00,2022-09-01,19,AMFORST_6_N001,AMFORST_6_N001,AMFORST_6_N001,RTPD,LMP,LMP_PRC,AMFORST_6_N001,ALL,1,1999.9956,3,1
2022-09-02T02:30:00-00:00,2022-09-02T02:45:00-00:00,2022-09-01,20,AMFORST_6_N001,AMFORST_6_N001,AMFORST_6_N001,RTPD,LMP,LMP_PRC,AMFORST_6_N001,ALL,1,1991.671,3,1
2022-09-02T03:30:00-00:00,2022-09-02T03:45:00-00:00,2022-09-01,21,AMFORST_6_N001,AMFORST_6_N001,AMFORST_6_N001,RTPD,LMP,LMP_PRC,AMFORST_6_N001,ALL,1,230.419,3,1
2022-09-02T04:30:00-00:00,2022-09-02T04:45:00-00:00,2022-09-01,22,AMFORST_6_N001,AMFORST_6_N001,AMFORST_6_N001,RTPD,LMP,LMP_PRC,AMFORST_6_N001,ALL,1,205.88173,3,1
2022-09-02T05:30:00-00:00,2022-09-02T05:45:00-00:00,2022-09-01,23,AMFORST_6_N001,AMFORST_6_N001,AMFORST_6_N001,RTPD,LMP,LMP_PRC,AMFORST_6_N001,ALL,1,134.6624,3,1
2022-09-02T06:30:00-00:00,2022-09-02T06:45:00-00:00,2022-09-01,24,AMFORST_6_N001,AMFORST_6_N001,AMFORST_6_N001,RTPD,LMP,LMP_PRC,AMFORST_6_N001,ALL,1,131.46365,3,1
2022-09-01T07:45:00-00:00,2022-09-01T08:00:00-00:00,2022-09-01,01,AMFORST_6_N001,AMFORST_6_N001,AMFORST_6_N001,RTPD,LMP,LMP_PRC,AMFORST_6_N001,ALL,1,90.99089,4,1
2022-09-01T08:45:00-00:00,2022-09-01T09:00:00-00:00,2022-09-01,02,AMFORST_6_N001,AMFORST_6_N001,AMFORST_6_N001,RTPD,LMP,LMP_PRC,AMFORST_6_N001,ALL,1,95.40558,4,1
2022-09-01T09:45:00-00:00,2022-09-01T10:00:00-00:00,2022-09-01,03,AMFORST_6_N001,AMFORST_6_N001,AMFORST_6_N001,RTPD,LMP,LMP_PRC,AMFORST_6_N001,ALL,1,93.01552,4,1
2022-09-01T10:45:00-00:00,2022-09-01T11:00:00-00:00,2022-09-01,04,AMFORST_6_N001,AMFORST_6_N001,AMFORST_6_N001,RTPD,LMP,LMP_PRC,AMFORST_6_N001,ALL,1,94.57672,4,1
2022-09-01T11:45:00-00:00,2022-09-01T12:00:00-00:00,2022-09-01,05,AMFORST_6_N001,AMFORST_6_N001,AMFORST_6_N001,RTPD,LMP,LMP_PRC,AMFORST_6_N001,ALL,1,107.01,4,1
2022-09-01T12:45:00-00:00,2022-09-01T13:00:00-00:00,2022-09-01,06,AMFORST_6_N001,AMFORST_6_N001,AMFORST_6_N001,RTPD,LMP,LMP_PRC,AMFORST_6_N001,ALL,1,114.17278,4,1
2022-09-01T13:45:00-00:00,2022-09-01T14:00:00-00:00,2022-09-01,07,AMFORST_6_N001,AMFORST_6_N001,AMFORST_6_N001,RTPD,LMP,LMP_PRC,AMFORST_6_N001,ALL,1,111.41,4,1
2022-09-01T14:45:00-00:00,2022-09-01T15:00:00-00:00,2022-09-01,08,AMFORST_6_N001,AMFORST_6_N001,AMFORST_6_N001,RTPD,LMP,LMP_PRC,AMFORST_6_N001,ALL,1,86.1388,4,1
2022-09-01T15:45:00-00:00,2022-09-01T16:00:00-00:00,2022-09-01,09,AMFORST_6_N001,AMFORST_6_N001,AMFORST_6_N001,RTPD,LMP,LMP_PRC,AMFORST_6_N001,ALL,1,78.70076,4,1
2022-09-01T16:45:00-00:00,2022-09-01T17:00:00-00:00,2022-09-01,10,AMFORST_6_N001,AMFORST_6_N001,AMFORST_6_N001,RTPD,LMP,LMP_PRC,AMFORST_6_N001,ALL,1,78.96203,4,1
2022-09-01T17:45:00-00:00,2022-09-01T18:00:00-00:00,2022-09-01,11,AMFORST_6_N001,AMFORST_6_N001,AMFORST_6_N001,RTPD,LMP,LMP_PRC,AMFORST_6_N001,ALL,1,79.1778,4,1
2022-09-01T18:45:00-00:00,2022-09-01T19:00:00-00:00,2022-09-01,12,AMFORST_6_N001,AMFORST_6_N001,AMFORST_6_N001,RTPD,LMP,LMP_PRC,AMFORST_6_N001,ALL,1,81.71002,4,1
2022-09-01T19:45:00-00:00,2022-09-01T20:00:00-00:00,2022-09-01,13,AMFORST_6_N001,AMFORST_6_N001,AMFORST_6_N001,RTPD,LMP,LMP_PRC,AMFORST_6_N001,ALL,1,106.60601,4,1
2022-09-01T20:45:00-00:00,2022-09-01T21:00:00-00:00,2022-09-01,14,AMFORST_6_N001,AMFORST_6_N001,AMFORST_6_N001,RTPD,LMP,LMP_PRC,AMFORST_6_N001,ALL,1,125.6216,4,1
2022-09-01T21:45:00-00:00,2022-09-01T22:00:00-00:00,2022-09-01,15,AMFORST_6_N001,AMFORST_6_N001,AMFORST_6_N001,RTPD,LMP,LMP_PRC,AMFORST_6_N001,ALL,1,210.6596,4,1
2022-09-01T22:45:00-00:00,2022-09-01T23:00:00-00:00,2022-09-01,16,AMFORST_6_N001,AMFORST_6_N001,AMFORST_6_N001,RTPD,LMP,LMP_PRC,AMFORST_6_N001,ALL,1,172.09348,4,1
2022-09-01T23:45:00-00:00,2022-09-02T00:00:00-00:00,2022-09-01,17,AMFORST_6_N001,AMFORST_6_N001,AMFORST_6_N001,RTPD,LMP,LMP_PRC,AMFORST_6_N001,ALL,1,1668.7698,4,1
2022-09-02T00:45:00-00:00,2022-09-02T01:00:00-00:00,2022-09-01,18,AMFORST_6_N001,AMFORST_6_N001,AMFORST_6_N001,RTPD,LMP,LMP_PRC,AMFORST_6_N001,ALL,1,1812.4685,4,1
2022-09-02T01:45:00-00:00,2022-09-02T02:00:00-00:00,2022-09-01,19,AMFORST_6_N001,AMFORST_6_N001,AMFORST_6_N001,RTPD,LMP,LMP_PRC,AMFORST_6_N001,ALL,1,1991.9337,4,1
2022-09-02T02:45:00-00:00,2022-09-02T03:00:00-00:00,2022-09-01,20,AMFORST_6_N001,AMFORST_6_N001,AMFORST_6_N001,RTPD,LMP,LMP_PRC,AMFORST_6_N001,ALL,1,1858.2054,4,1
2022-09-02T03:45:00-00:00,2022-09-02T04:00:00-00:00,2022-09-01,21,AMFORST_6_N001,AMFORST_6_N001,AMFORST_6_N001,RTPD,LMP,LMP_PRC,AMFORST_6_N001,ALL,1,166.96432,4,1
2022-09-02T04:45:00-00:00,2022-09-02T05:00:00-00:00,2022-09-01,22,AMFORST_6_N001,AMFORST_6_N001,AMFORST_6_N001,RTPD,LMP,LMP_PRC,AMFORST_6_N001,ALL,1,129.72868,4,1
2022-09-02T05:45:00-00:00,2022-09-02T06:00:00-00:00,2022-09-01,23,AMFORST_6_N001,AMFORST_6_N001,AMFORST_6_N001,RTPD,LMP,LMP_PRC,AMFORST_6_N001,ALL,1,123.92793,4,1
2022-09-02T06:45:00-00:00,2022-09-02T07:00:00-00:00,2022-09-01,24,AMFORST_6_N001,AMFORST_6_N001,AMFORST_6_N001,RTPD,LMP,LMP_PRC,AMFORST_6_N001,ALL,1,111.90056,4,1
2022-09-01T07:00:00-00:00,2022-09-01T07:15:00-00:00,2022-09-01,01,AMFORST_6_N001,AMFORST_6_N001,AMFORST_6_N001,RTPD,MCC,LMP_CONG_PRC,AMFORST_6_N001,ALL,1,-15.62596,1,2
2022-09-01T08:00:00-00:00,2022-09-01T08:15:00-00:00,2022-09-01,02,AMFORST_6_N001,AMFORST_6_N001,AMFORST_6_N001,RTPD,MCC,LMP_CONG_PRC,AMFORST_6_N001,ALL,1,-3.29016,1,2
2022-09-01T09:00:00-00:00,2022-09-01T09:15:00-00:00,2022-09-01,03,AMFORST_6_N001,AMFORST_6_N001,AMFORST_6_N001,RTPD,MCC,LMP_CONG_PRC,AMFORST_6_N001,ALL,1,-4.40845,1,2
2022-09-01T10:00:00-00:00,2022-09-01T10:15:00-00:00,2022-09-01,04,AMFORST_6_N001,AMFORST_6_N001,AMFORST_6_N001,RTPD,MCC,LMP_CONG_PRC,AMFORST_6_N001,ALL,1,-3.82059,1,2
2022-09-01T11:00:00-00:00,2022-09-01T11:15:00-00:00,2022-09-01,05,AMFORST_6_N001,AMFORST_6_N001,AMFORST_6_N001,RTPD,MCC,LMP_CONG_PRC,AMFORST_6_N001,ALL,1,0,1,2
2022-09-01T12:00:00-00:00,2022-09-01T12:15:00-00:00,2022-09-01,06,AMFORST_6_N001,AMFORST_6_N001,AMFORST_6_N001,RTPD,MCC,LMP_CONG_PRC,AMFORST_6_N001,ALL,1,-9.81284,1,2
2022-09-01T13:00:00-00:00,2022-09-01T13:15:00-00:00,2022-09-01,07,AMFORST_6_N001,AMFORST_6_N001,AMFORST_6_N001,RTPD,MCC,LMP_CONG_PRC,AMFORST_6_N001,ALL,1,-12.97724,1,2
2022-09-01T14:00:00-00:00,2022-09-01T14:15:00-00:00,2022-09-01,08,AMFORST_6_N001,AMFORST_6_N001,AMFORST_6_N001,RTPD,MCC,LMP_CONG_PRC,AMFORST_6_N001,ALL,1,0,1,2
2022-09-01T15:00:00-00:00,2022-09-01T15:15:00-00:00,2022-09-01,09,AMFORST_6_N001,AMFORST_6_N001,AMFORST_6_N001,RTPD,MCC,LMP_CONG_PRC,AMFORST_6_N001,ALL,1,0,1,2
2022-09-01T16:00:00-00:00,2022-09-01T16:15:00-00:00,2022-09-01,10,AMFORST_6_N001,AMFORST_6_N001,AMFORST_6_N001,RTPD,MCC,LMP_CONG_PRC,AMFORST_6_N001,ALL,1,0,1,2
2022-09-01T17:00:00-00:00,2022-09-01T17:15:00-00:00,2022-09-01,11,AMFORST_6_N001,AMFORST_6_N001,AMFORST_6_N001,RTPD,MCC,LMP_CONG_PRC,AMFORST_6_N001,ALL,1,-16.54843,1,2
2022-09-01T18:00:00-00:00,2022-09-01T18:15:00-00:00,2022-09-01,12,AMFORST_6_N001,AMFORST_6_N001,AMFORST_6_N001,RTPD,MCC,LMP_CONG_PRC,AMFORST_6_N001,ALL,1,-32.13514,1,2
2022-09-01T19:00:00-00:00,2022-09-01T19:15:00-00:00,2022-09-01,13,AMFORST_6_N001,AMFORST_6_N001,AMFORST_6_N001,RTPD,MCC,LMP_CONG_PRC,AMFORST_6_N001,ALL,1,-35.66583,1,2
2022-09-01T20:00:00-00:00,2022-09-01T20:15:00-00:00,2022-09-01,14,AMFORST_6_N001,AMFORST_6_N001,AMFORST_6_N001,RTPD,MCC,LMP_CONG_PRC,AMFORST_6_N001,ALL,1,-3.5066,1,2
2022-09-01T21:00:00-00:00,2022-09-01T21:15:00-00:00,2022-09-01,15,AMFORST_6_N001,AMFORST_6_N001,AMFORST_6_N001,RTPD,MCC,LMP_CONG_PRC,AMFORST_6_N001,ALL,1,-99.37506,1,2
2022-09-01T22:00:00-00:00,2022-09-01T22:15:00-00:00,2022-09-01,16,AMFORST_6_N001,AMFORST_6_N001,AMFORST_6_N001,RTPD,MCC,LMP_CONG_PRC,AMFORST_6_N001,ALL,1,-108.0415,1,2
2022-09-01T23:00:00-00:00,2022-09-01T23:15:00-00:00,2022-09-01,17,AMFORST_6_N001,AMFORST_6_N001,AMFORST_6_N001,RTPD,MCC,LMP_CONG_PRC,AMFORST_6_N001,ALL,1,-169.65964,1,2
2022-09-02T00:00:00-00:00,2022-09-02T00:15:00-00:00,2022-09-01,18,AMFORST_6_N001,AMFORST_6_N001,AMFORST_6_N001,RTPD,MCC,LMP_CONG_PRC,AMFORST_6_N001,ALL,1,340.84875,1,2
2022-09-02T01:00:00-00:00,2022-09-02T01:15:00-00:00,2022-09-01,19,AMFORST_6_N001,AMFORST_6_N001,AMFORST_6_N001,RTPD,MCC,LMP_CONG_PRC,AMFORST_6_N001,ALL,1,335.40652,1,2
2022-09-02T02:00:00-00:00,2022-09-02T02:15:00-00:00,2022-09-01,20,AMFORST_6_N001,AMFORST_6_N001,AMFORST_6_N001,RTPD,MCC,LMP_CONG_PRC,AMFORST_6_N001,ALL,1,0,1,2
2022-09-02T03:00:00-00:00,2022-09-02T03:15:00-00:00,2022-09-01,21,AMFORST_6_N001,AMFORST_6_N001,AMFORST_6_N001,RTPD,MCC,LMP_CONG_PRC,AMFORST_6_N001,ALL,1,417.0433,1,2
2022-09-02T04:00:00-00:00,2022-09-02T04:15:00-00:00,2022-09-01,22,AMFORST_6_N001,AMFORST_6_N001,AMFORST_6_N001,RTPD,MCC,LMP_CONG_PRC,AMFORST_6_N001,ALL,1,46.72694,1,2
2022-09-02T05:00:00-00:00,2022-09-02T05:15:00-00:00,2022-09-01,23,AMFORST_6_N001,AMFORST_6_N001,AMFORST_6_N001,RTPD,MCC,LMP_CONG_PRC,AMFORST_6_N001,ALL,1,0,1,2
2022-09-02T06:00:00-00:00,2022-09-02T06:15:00-00:00,2022-09-01,24,AMFORST_6_N001,AMFORST_6_N001,AMFORST_6_N001,RTPD,MCC,LMP_CONG_PRC,AMFORST_6_N001,ALL,1,7.0542,1,2
2022-09-01T07:15:00-00:00,2022-09-01T07:30:00-00:00,2022-09-01,01,AMFORST_6_N001,AMFORST_6_N001,AMFORST_6_N001,RTPD,MCC,LMP_CONG_PRC,AMFORST_6_N001,ALL,1,-9.86592,2,2
2022-09-01T08:15:00-00:00,2022-09-01T08:30:00-00:00,2022-09-01,02,AMFORST_6_N001,AMFORST_6_N001,AMFORST_6_N001,RTPD,MCC,LMP_CONG_PRC,AMFORST_6_N001,ALL,1,-0.89806,2,2
2022-09-01T09:15:00-00:00,2022-09-01T09:30:00-00:00,2022-09-01,03,AMFORST_6_N001,AMFORST_6_N001,AMFORST_6_N001,RTPD,MCC,LMP_CONG_PRC,AMFORST_6_N001,ALL,1,-5.80827,2,2
2022-09-01T10:15:00-00:00,2022-09-01T10:30:00-00:00,2022-09-01,04,AMFORST_6_N001,AMFORST_6_N001,AMFORST_6_N001,RTPD,MCC,LMP_CONG_PRC,AMFORST_6_N001,ALL,1,-5.4061,2,2
2022-09-01T11:15:00-00:00,2022-09-01T11:30:00-00:00,2022-09-01,05,AMFORST_6_N001,AMFORST_6_N001,AMFORST_6_N001,RTPD,MCC,LMP_CONG_PRC,AMFORST_6_N001,ALL,1,0,2,2
2022-09-01T12:15:00-00:00,2022-09-01T12:30:00-00:00,2022-09-01,06,AMFORST_6_N001,AMFORST_6_N001,AMFORST_6_N001,RTPD,MCC,LMP_CONG_PRC,AMFORST_6_N001,ALL,1,-5.99864,2,2
2022-09-01T13:15:00-00:00,2022-09-01T13:30:00-00:00,2022-09-01,07,AMFORST_6_N001,AMFORST_6_N001,AMFORST_6_N001,RTPD,MCC,LMP_CONG_PRC,AMFORST_6_N001,ALL,1,-0.5569,2,2
2022-09-01T14:15:00-00:00,2022-09-01T14:30:00-00:00,2022-09-01,08,AMFORST_6_N001,AMFORST_6_N001,AMFORST_6_N001,RTPD,MCC,LMP_CONG_PRC,AMFORST_6_N001,ALL,1,0,2,2
2022-09-01T15:15:00-00:00,2022-09-01T15:30:00-00:00,2022-09-01,09,AMFORST_6_N001,AMFORST_6_N001,AMFORST_6_N001,RTPD,MCC,LMP_CONG_PRC,AMFORST_6_N001,ALL,1,0,2,2
2022-09-01T16:15:00-00:00,2022-09-01T16:30:00-00:00,2022-09-01,10,AMFORST_6_N001,AMFORST_6_N001,AMFORST_6_N001,RTPD,MCC,LMP_CONG_PRC,AMFORST_6_N001,ALL,1,-1.62941,2,2
2022-09-01T17:15:00-00:00,2022-09-01T17:30:00-00:00,2022-09-01,11,AMFORST_6_N001,AMFORST_6_N001,AMFORST_6_N001,RTPD,MCC,LMP_CONG_PRC,AMFORST_6_N001,ALL,1,-20.26588,2,2
2022-09-01T18:15:00-00:00,2022-09-01T18:30:00-00:00,2022-09-01,12,AMFORST_6_N001,AMFORST_6_N001,AMFORST_6_N001,RTPD,MCC,LMP_CONG_PRC,AMFORST_6_N001,ALL,1,-26.30845,2,2
2022-09-01T19:15:00-00:00,2022-09-01T19:30:00-00:00,2022-09-01,13,AMFORST_6_N001,AMFORST_6_N001,AMFORST_6_N001,RTPD,MCC,LMP_CONG_PRC,AMFORST_6_N001,ALL,1,-29.36985,2,2
2022-09-01T20:15:00-00:00,2022-09-01T20:30:00-00:00,2022-09-01,14,AMFORST_6_N001,AMFORST_6_N001,AMFORST_6_N001,RTPD,MCC,LMP_CONG_PRC,AMFORST_6_N001,ALL,1,-3.17447,2,2
2022-09-01T21:15:00-00:00,2022-09-01T21:30:00-00:00,2022-09-01,15,AMFORST_6_N001,AMFORST_6_N001,AMFORST_6_N001,RTPD,MCC,LMP_CONG_PRC,AMFORST_6_N001,ALL,1,-26.85667,2,2
2022-09-01T22:15:00-00:00,2022-09-01T22:30:00-00:00,2022-09-01,16,AMFORST_6_N001,AMFORST_6_N001,AMFORST_6_N001,RTPD,MCC,LMP_CONG_PRC,AMFORST_6_N001,ALL,1,-118.05467,2,2
2022-09-01T23:15:00-00:00,2022-09-01T23:30:00-00:00,2022-09-01,17,AMFORST_6_N001,AMFORST_6_N001,AMFORST_6_N001,RTPD,MCC,LMP_CONG_PRC,AMFORST_6_N001,ALL,1,-97.94451,2,2
2022-09-02T00:15:00-00:00,2022-09-02T00:30:00-00:00,2022-09-01,18,AMFORST_6_N001,AMFORST_6_N001,AMFORST_6_N001,RTPD,MCC,LMP_CONG_PRC,AMFORST_6_N001,ALL,1,331.7491,2,2
2022-09-02T01:15:00-00:00,2022-09-02T01:30:00-00:00,2022-09-01,19,AMFORST_6_N001,AMFORST_6_N001,AMFORST_6_N001,RTPD,MCC,LMP_CONG_PRC,AMFORST_6_N001,ALL,1,0,2,2
2022-09-02T02:15:00-00:00,2022-09-02T02:30:00-00:00,2022-09-01,20,AMFORST_6_N001,AMFORST_6_N001,AMFORST_6_N001,RTPD,MCC,LMP_CONG_PRC,AMFORST_6_N001,ALL,1,0,2,2
2022-09-02T03:15:00-00:00,2022-09-02T03:30:00-00:00,2022-09-01,21,AMFORST_6_N001,AMFORST_6_N001,AMFORST_6_N001,RTPD,MCC,LMP_CONG_PRC,AMFORST_6_N001,ALL,1,146.18253,2,2
2022-09-02T04:15:00-00:00,2022-09-02T04:30:00-00:00,2022-09-01,22,AMFORST_6_N001,AMFORST_6_N001,AMFORST_6_N001,RTPD,MCC,LMP_CONG_PRC,AMFORST_6_N001,ALL,1,42.45221,2,2
2022-09-02T05:15:00-00:00,2022-09-02T05:30:00-00:00,2022-09-01,23,AMFORST_6_N001,AMFORST_6_N001,AMFORST_6_N001,RTPD,MCC,LMP_CONG_PRC,AMFORST_6_N001,ALL,1,0,2,2
2022-09-02T06:15:00-00:00,2022-09-02T06:30:00-00:00,2022-09-01,24,AMFORST_6_N001,AMFORST_6_N001,AMFORST_6_N001,RTPD,MCC,LMP_CONG_PRC,AMFORST_6_N001,ALL,1,0,2,2
2022-09-01T07:30:00-00:00,2022-09-01T07:45:00-00:00,2022-09-01,01,AMFORST_6_N001,AMFORST_6_N001,AMFORST_6_N001,RTPD,MCC,LMP_CONG_PRC,AMFORST_6_N001,ALL,1,-15.94239,3,2
2022-09-01T08:30:00-00:00,2022-09-01T08:45:00-00:00,2022-09-01,02,AMFORST_6_N001,AMFORST_6_N001,AMFORST_6_N001,RTPD,MCC,LMP_CONG_PRC,AMFORST_6_N001,ALL,1,-0.00085,3,2
2022-09-01T09:30:00-00:00,2022-09-01T09:45:00-00:00,2022-09-01,03,AMFORST_6_N001,AMFORST_6_N001,AMFORST_6_N001,RTPD,MCC,LMP_CONG_PRC,AMFORST_6_N001,ALL,1,-5.74291,3,2
2022-09-01T10:30:00-00:00,2022-09-01T10:45:00-00:00,2022-09-01,04,AMFORST_6_N001,AMFORST_6_N001,AMFORST_6_N001,RTPD,MCC,LMP_CONG_PRC,AMFORST_6_N001,ALL,1,-3.05675,3,2
2022-09-01T11:30:00-00:00,2022-09-01T11:45:00-00:00,2022-09-01,05,AMFORST_6_N001,AMFORST_6_N001,AMFORST_6_N001,RTPD,MCC,LMP_CONG_PRC,AMFORST_6_N001,ALL,1,0,3,2
2022-09-01T12:30:00-00:00,2022-09-01T12:45:00-00:00,2022-09-01,06,AMFORST_6_N001,AMFORST_6_N001,AMFORST_6_N001,RTPD,MCC,LMP_CONG_PRC,AMFORST_6_N001,ALL,1,-10.38646,3,2
2022-09-01T13:30:00-00:00,2022-09-01T13:45:00-00:00,2022-09-01,07,AMFORST_6_N001,AMFORST_6_N001,AMFORST_6_N001,RTPD,MCC,LMP_CONG_PRC,AMFORST_6_N001,ALL,1,0,3,2
2022-09-01T14:30:00-00:00,2022-09-01T14:45:00-00:00,2022-09-01,08,AMFORST_6_N001,AMFORST_6_N001,AMFORST_6_N001,RTPD,MCC,LMP_CONG_PRC,AMFORST_6_N001,ALL,1,0,3,2
2022-09-01T15:30:00-00:00,2022-09-01T15:45:00-00:00,2022-09-01,09,AMFORST_6_N001,AMFORST_6_N001,AMFORST_6_N001,RTPD,MCC,LMP_CONG_PRC,AMFORST_6_N001,ALL,1,0,3,2
2022-09-01T16:30:00-00:00,2022-09-01T16:45:00-00:00,2022-09-01,10,AMFORST_6_N001,AMFORST_6_N001,AMFORST_6_N001,RTPD,MCC,LMP_CONG_PRC,AMFORST_6_N001,ALL,1,-13.64375,3,2
2022-09-01T17:30:00-00:00,2022-09-01T17:45:00-00:00,2022-09-01,11,AMFORST_6_N001,AMFORST_6_N001,AMFORST_6_N001,RTPD,MCC,LMP_CONG_PRC,AMFORST_6_N001,ALL,1,-20.23084,3,2
2022-09-01T18:30:00-00:00,2022-09-01T18:45:00-00:00,2022-09-01,12,AMFORST_6_N001,AMFORST_6_N001,AMFORST_6_N001,RTPD,MCC,LMP_CONG_PRC,AMFORST_6_N001,ALL,1,-27.43564,3,2
2022-09-01T19:30:00-00:00,2022-09-01T19:45:00-00:00,2022-09-01,13,AMFORST_6_N001,AMFORST_6_N001,AMFORST_6_N001,RTPD,MCC,LMP_CONG_PRC,AMFORST_6_N001,ALL,1,-12.61898,3,2
2022-09-01T20:30:00-00:00,2022-09-01T20:45:00-00:00,2022-09-01,14,AMFORST_6_N001,AMFORST_6_N001,AMFORST_6_N001,RTPD,MCC,LMP_CONG_PRC,AMFORST_6_N001,ALL,1,-12.80837,3,2
2022-09-01T21:30:00-00:00,2022-09-01T21:45:00-00:00,2022-09-01,15,AMFORST_6_N001,AMFORST_6_N001,AMFORST_6_N001,RTPD,MCC,LMP_CONG_PRC,AMFORST_6_N001,ALL,1,-24.67182,3,2
2022-09-01T22:30:00-00:00,2022-09-01T22:45:00-00:00,2022-09-01,16,AMFORST_6_N001,AMFORST_6_N001,AMFORST_6_N001,RTPD,MCC,LMP_CONG_PRC,AMFORST_6_N001,ALL,1,-126.9379,3,2
2022-09-01T23:30:00-00:00,2022-09-01T23:45:00-00:00,2022-09-01,17,AMFORST_6_N001,AMFORST_6_N001,AMFORST_6_N001,RTPD,MCC,LMP_CONG_PRC,AMFORST_6_N001,ALL,1,0,3,2
2022-09-02T00:30:00-00:00,2022-09-02T00:45:00-00:00,2022-09-01,18,AMFORST_6_N001,AMFORST_6_N001,AMFORST_6_N001,RTPD,MCC,LMP_CONG_PRC,AMFORST_6_N001,ALL,1,467.89117,3,2
2022-09-02T01:30:00-00:00,2022-09-02T01:45:00-00:00,2022-09-01,19,AMFORST_6_N001,AMFORST_6_N001,AMFORST_6_N001,RTPD,MCC,LMP_CONG_PRC,AMFORST_6_N001,ALL,1,0,3,2
2022-09-02T02:30:00-00:00,2022-09-02T02:45:00-00:00,2022-09-01,20,AMFORST_6_N001,AMFORST_6_N001,AMFORST_6_N001,RTPD,MCC,LMP_CONG_PRC,AMFORST_6_N001,ALL,1,0,3,2
2022-09-02T03:30:00-00:00,2022-09-02T03:45:00-00:00,2022-09-01,21,AMFORST_6_N001,AMFORST_6_N001,AMFORST_6_N001,RTPD,MCC,LMP_CONG_PRC,AMFORST_6_N001,ALL,1,32.88363,3,2
2022-09-02T04:30:00-00:00,2022-09-02T04:45:00-00:00,2022-09-01,22,AMFORST_6_N001,AMFORST_6_N001,AMFORST_6_N001,RTPD,MCC,LMP_CONG_PRC,AMFORST_6_N001,ALL,1,22.74626,3,2
2022-09-02T05:30:00-00:00,2022-09-02T05:45:00-00:00,2022-09-01,23,AMFORST_6_N001,AMFORST_6_N001,AMFORST_6_N001,RTPD,MCC,LMP_CONG_PRC,AMFORST_6_N001,ALL,1,0,3,2
2022-09-02T06:30:00-00:00,2022-09-02T06:45:00-00:00,2022-09-01,24,AMFORST_6_N001,AMFORST_6_N001,AMFORST_6_N001,RTPD,MCC,LMP_CONG_PRC,AMFORST_6_N001,ALL,1,0,3,2
2022-09-01T07:45:00-00:00,2022-09-01T08:00:00-00:00,2022-09-01,01,AMFORST_6_N001,AMFORST_6_N001,AMFORST_6_N001,RTPD,MCC,LMP_CONG_PRC,AMFORST_6_N001,ALL,1,-18.1301,4,2
2022-09-01T08:45:00-00:00,2022-09-01T09:00:00-00:00,2022-09-01,02,AMFORST_6_N001,AMFORST_6_N001,AMFORST_6_N001,RTPD,MCC,LMP_CONG_PRC,AMFORST_6_N001,ALL,1,-4.43596,4,2
2022-09-01T09:45:00-00:00,2022-09-01T10:00:00-00:00,2022-09-01,03,AMFORST_6_N001,AMFORST_6_N001,AMFORST_6_N001,RTPD,MCC,LMP_CONG_PRC,AMFORST_6_N001,ALL,1,-5.12301,4,2
2022-09-01T10:45:00-00:00,2022-09-01T11:00:00-00:00,2022-09-01,04,AMFORST_6_N001,AMFORST_6_N001,AMFORST_6_N001,RTPD,MCC,LMP_CONG_PRC,AMFORST_6_N001,ALL,1,-1.2038,4,2
2022-09-01T11:45:00-00:00,2022-09-01T12:00:00-00:00,2022-09-01,05,AMFORST_6_N001,AMFORST_6_N001,AMFORST_6_N001,RTPD,MCC,LMP_CONG_PRC,AMFORST_6_N001,ALL,1,0,4,2
2022-09-01T12:45:00-00:00,2022-09-01T13:00:00-00:00,2022-09-01,06,AMFORST_6_N001,AMFORST_6_N001,AMFORST_6_N001,RTPD,MCC,LMP_CONG_PRC,AMFORST_6_N001,ALL,1,-2.31203,4,2
2022-09-01T13:45:00-00:00,2022-09-01T14:00:00-00:00,2022-09-01,07,AMFORST_6_N001,AMFORST_6_N001,AMFORST_6_N001,RTPD,MCC,LMP_CONG_PRC,AMFORST_6_N001,ALL,1,0,4,2
2022-09-01T14:45:00-00:00,2022-09-01T15:00:00-00:00,2022-09-01,08,AMFORST_6_N001,AMFORST_6_N001,AMFORST_6_N001,RTPD,MCC,LMP_CONG_PRC,AMFORST_6_N001,ALL,1,0,4,2
2022-09-01T15:45:00-00:00,2022-09-01T16:00:00-00:00,2022-09-01,09,AMFORST_6_N001,AMFORST_6_N001,AMFORST_6_N001,RTPD,MCC,LMP_CONG_PRC,AMFORST_6_N001,ALL,1,0,4,2
2022-09-01T16:45:00-00:00,2022-09-01T17:00:00-00:00,2022-09-01,10,AMFORST_6_N001,AMFORST_6_N001,AMFORST_6_N001,RTPD,MCC,LMP_CONG_PRC,AMFORST_6_N001,ALL,1,-12.2873,4,2
2022-09-01T17:45:00-00:00,2022-09-01T18:00:00-00:00,2022-09-01,11,AMFORST_6_N001,AMFORST_6_N001,AMFORST_6_N001,RTPD,MCC,LMP_CONG_PRC,AMFORST_6_N001,ALL,1,-20.02764,4,2
2022-09-01T18:45:00-00:00,2022-09-01T19:00:00-00:00,2022-09-01,12,AMFORST_6_N001,AMFORST_6_N001,AMFORST_6_N001,RTPD,MCC,LMP_CONG_PRC,AMFORST_6_N001,ALL,1,-27.33062,4,2
2022-09-01T19:45:00-00:00,2022-09-01T20:00:00-00:00,2022-09-01,13,AMFORST_6_N001,AMFORST_6_N001,AMFORST_6_N001,RTPD,MCC,LMP_CONG_PRC,AMFORST_6_N001,ALL,1,-13.61889,4,2
2022-09-01T20:45:00-00:00,2022-09-01T21:00:00-00:00,2022-09-01,14,AMFORST_6_N001,AMFORST_6_N001,AMFORST_6_N001,RTPD,MCC,LMP_CONG_PRC,AMFORST_6_N001,ALL,1,-28.4035,4,2
2022-09-01T21:45:00-00:00,2022-09-01T22:00:00-00:00,2022-09-01,15,AMFORST_6_N001,AMFORST_6_N001,AMFORST_6_N001,RTPD,MCC,LMP_CONG_PRC,AMFORST_6_N001,ALL,1,-89.63416,4,2
2022-09-01T22:45:00-00:00,2022-09-01T23:00:00-00:00,2022-09-01,16,AMFORST_6_N001,AMFORST_6_N001,AMFORST_6_N001,RTPD,MCC,LMP_CONG_PRC,AMFORST_6_N001,ALL,1,-257.82022,4,2
2022-09-01T23:45:00-00:00,2022-09-02T00:00:00-00:00,2022-09-01,17,AMFORST_6_N001,AMFORST_6_N001,AMFORST_6_N001,RTPD,MCC,LMP_CONG_PRC,AMFORST_6_N001,ALL,1,407.5573,4,2
2022-09-02T00:45:00-00:00,2022-09-02T01:00:00-00:00,2022-09-01,18,AMFORST_6_N001,AMFORST_6_N001,AMFORST_6_N001,RTPD,MCC,LMP_CONG_PRC,AMFORST_6_N001,ALL,1,293.31952,4,2
2022-09-02T01:45:00-00:00,2022-09-02T02:00:00-00:00,2022-09-01,19,AMFORST_6_N001,AMFORST_6_N001,AMFORST_6_N001,RTPD,MCC,LMP_CONG_PRC,AMFORST_6_N001,ALL,1,0,4,2
2022-09-02T02:45:00-00:00,2022-09-02T03:00:00-00:00,2022-09-01,20,AMFORST_6_N001,AMFORST_6_N001,AMFORST_6_N001,RTPD,MCC,LMP_CONG_PRC,AMFORST_6_N001,ALL,1,133.57716,4,2
2022-09-02T03:45:00-00:00,2022-09-02T04:00:00-00:00,2022-09-01,21,AMFORST_6_N001,AMFORST_6_N001,AMFORST_6_N001,RTPD,MCC,LMP_CONG_PRC,AMFORST_6_N001,ALL,1,19.15153,4,2
2022-09-02T04:45:00-00:00,2022-09-02T05:00:00-00:00,2022-09-01,22,AMFORST_6_N001,AMFORST_6_N001,AMFORST_6_N001,RTPD,MCC,LMP_CONG_PRC,AMFORST_6_N001,ALL,1,0.30293,4,2
2022-09-02T05:45:00-00:00,2022-09-02T06:00:00-00:00,2022-09-01,23,AMFORST_6_N001,AMFORST_6_N001,AMFORST_6_N001,RTPD,MCC,LMP_CONG_PRC,AMFORST_6_N001,ALL,1,2.24064,4,2
2022-09-02T06:45:00-00:00,2022-09-02T07:00:00-00:00,2022-09-01,24,AMFORST_6_N001,AMFORST_6_N001,AMFORST_6_N001,RTPD,MCC,LMP_CONG_PRC,AMFORST_6_N001,ALL,1,0,4,2
2022-09-01T07:00:00-00:00,2022-09-01T07:15:00-00:00,2022-09-01,01,AMFORST_6_N001,AMFORST_6_N001,AMFORST_6_N001,RTPD,MCE,LMP_ENE_PRC,AMFORST_6_N001,ALL,1,104.23471,1,3
2022-09-01T08:00:00-00:00,2022-09-01T08:15:00-00:00,2022-09-01,02,AMFORST_6_N001,AMFORST_6_N001,AMFORST_6_N001,RTPD,MCE,LMP_ENE_PRC,AMFORST_6_N001,ALL,1,115.5488,1,3
2022-09-01T09:00:00-00:00,2022-09-01T09:15:00-00:00,2022-09-01,03,AMFORST_6_N001,AMFORST_6_N001,AMFORST_6_N001,RTPD,MCE,LMP_ENE_PRC,AMFORST_6_N001,ALL,1,99.73061,1,3
2022-09-01T10:00:00-00:00,2022-09-01T10:15:00-00:00,2022-09-01,04,AMFORST_6_N001,AMFORST_6_N001,AMFORST_6_N001,RTPD,MCE,LMP_ENE_PRC,AMFORST_6_N001,ALL,1,98.64222,1,3
2022-09-01T11:00:00-00:00,2022-09-01T11:15:00-00:00,2022-09-01,05,AMFORST_6_N001,AMFORST_6_N001,AMFORST_6_N001,RTPD,MCE,LMP_ENE_PRC,AMFORST_6_N001,ALL,1,102.56859,1,3
2022-09-01T12:00:00-00:00,2022-09-01T12:15:00-00:00,2022-09-01,06,AMFORST_6_N001,AMFORST_6_N001,AMFORST_6_N001,RTPD,MCE,LMP_ENE_PRC,AMFORST_6_N001,ALL,1,96.90845,1,3
2022-09-01T13:00:00-00:00,2022-09-01T13:15:00-00:00,2022-09-01,07,AMFORST_6_N001,AMFORST_6_N001,AMFORST_6_N001,RTPD,MCE,LMP_ENE_PRC,AMFORST_6_N001,ALL,1,101.80878,1,3
2022-09-01T14:00:00-00:00,2022-09-01T14:15:00-00:00,2022-09-01,08,AMFORST_6_N001,AMFORST_6_N001,AMFORST_6_N001,RTPD,MCE,LMP_ENE_PRC,AMFORST_6_N001,ALL,1,111.11219,1,3
2022-09-01T15:00:00-00:00,2022-09-01T15:15:00-00:00,2022-09-01,09,AMFORST_6_N001,AMFORST_6_N001,AMFORST_6_N001,RTPD,MCE,LMP_ENE_PRC,AMFORST_6_N001,ALL,1,97.4112,1,3
2022-09-01T16:00:00-00:00,2022-09-01T16:15:00-00:00,2022-09-01,10,AMFORST_6_N001,AMFORST_6_N001,AMFORST_6_N001,RTPD,MCE,LMP_ENE_PRC,AMFORST_6_N001,ALL,1,83.43525,1,3
2022-09-01T17:00:00-00:00,2022-09-01T17:15:00-00:00,2022-09-01,11,AMFORST_6_N001,AMFORST_6_N001,AMFORST_6_N001,RTPD,MCE,LMP_ENE_PRC,AMFORST_6_N001,ALL,1,96.94897,1,3
2022-09-01T18:00:00-00:00,2022-09-01T18:15:00-00:00,2022-09-01,12,AMFORST_6_N001,AMFORST_6_N001,AMFORST_6_N001,RTPD,MCE,LMP_ENE_PRC,AMFORST_6_N001,ALL,1,91.59291,1,3
2022-09-01T19:00:00-00:00,2022-09-01T19:15:00-00:00,2022-09-01,13,AMFORST_6_N001,AMFORST_6_N001,AMFORST_6_N001,RTPD,MCE,LMP_ENE_PRC,AMFORST_6_N001,ALL,1,109.19637,1,3
2022-09-01T20:00:00-00:00,2022-09-01T20:15:00-00:00,2022-09-01,14,AMFORST_6_N001,AMFORST_6_N001,AMFORST_6_N001,RTPD,MCE,LMP_ENE_PRC,AMFORST_6_N001,ALL,1,117.94359,1,3
2022-09-01T21:00:00-00:00,2022-09-01T21:15:00-00:00,2022-09-01,15,AMFORST_6_N001,AMFORST_6_N001,AMFORST_6_N001,RTPD,MCE,LMP_ENE_PRC,AMFORST_6_N001,ALL,1,226.61499,1,3
2022-09-01T22:00:00-00:00,2022-09-01T22:15:00-00:00,2022-09-01,16,AMFORST_6_N001,AMFORST_6_N001,AMFORST_6_N001,RTPD,MCE,LMP_ENE_PRC,AMFORST_6_N001,ALL,1,229.18552,1,3
2022-09-01T23:00:00-00:00,2022-09-01T23:15:00-00:00,2022-09-01,17,AMFORST_6_N001,AMFORST_6_N001,AMFORST_6_N001,RTPD,MCE,LMP_ENE_PRC,AMFORST_6_N001,ALL,1,386.7537,1,3
2022-09-02T00:00:00-00:00,2022-09-02T00:15:00-00:00,2022-09-01,18,AMFORST_6_N001,AMFORST_6_N001,AMFORST_6_N001,RTPD,MCE,LMP_ENE_PRC,AMFORST_6_N001,ALL,1,770.58136,1,3
2022-09-02T01:00:00-00:00,2022-09-02T01:15:00-00:00,2022-09-01,19,AMFORST_6_N001,AMFORST_6_N001,AMFORST_6_N001,RTPD,MCE,LMP_ENE_PRC,AMFORST_6_N001,ALL,1,916.27124,1,3
2022-09-02T02:00:00-00:00,2022-09-02T02:15:00-00:00,2022-09-01,20,AMFORST_6_N001,AMFORST_6_N001,AMFORST_6_N001,RTPD,MCE,LMP_ENE_PRC,AMFORST_6_N001,ALL,1,1991.6721,1,3
2022-09-02T03:00:00-00:00,2022-09-02T03:15:00-00:00,2022-09-01,21,AMFORST_6_N001,AMFORST_6_N001,AMFORST_6_N001,RTPD,MCE,LMP_ENE_PRC,AMFORST_6_N001,ALL,1,917.5508,1,3
2022-09-02T04:00:00-00:00,2022-09-02T04:15:00-00:00,2022-09-01,22,AMFORST_6_N001,AMFORST_6_N001,AMFORST_6_N001,RTPD,MCE,LMP_ENE_PRC,AMFORST_6_N001,ALL,1,257.83005,1,3
2022-09-02T05:00:00-00:00,2022-09-02T05:15:00-00:00,2022-09-01,23,AMFORST_6_N001,AMFORST_6_N001,AMFORST_6_N001,RTPD,MCE,LMP_ENE_PRC,AMFORST_6_N001,ALL,1,183.24657,1,3
2022-09-02T06:00:00-00:00,2022-09-02T06:15:00-00:00,2022-09-01,24,AMFORST_6_N001,AMFORST_6_N001,AMFORST_6_N001,RTPD,MCE,LMP_ENE_PRC,AMFORST_6_N001,ALL,1,158.867,1,3
2022-09-01T07:15:00-00:00,2022-09-01T07:30:00-00:00,2022-09-01,01,AMFORST_6_N001,AMFORST_6_N001,AMFORST_6_N001,RTPD,MCE,LMP_ENE_PRC,AMFORST_6_N001,ALL,1,125.55144,2,3
2022-09-01T08:15:00-00:00,2022-09-01T08:30:00-00:00,2022-09-01,02,AMFORST_6_N001,AMFORST_6_N001,AMFORST_6_N001,RTPD,MCE,LMP_ENE_PRC,AMFORST_6_N001,ALL,1,115.53165,2,3
2022-09-01T09:15:00-00:00,2022-09-01T09:30:00-00:00,2022-09-01,03,AMFORST_6_N001,AMFORST_6_N001,AMFORST_6_N001,RTPD,MCE,LMP_ENE_PRC,AMFORST_6_N001,ALL,1,98.30543,2,3
2022-09-01T10:15:00-00:00,2022-09-01T10:30:00-00:00,2022-09-01,04,AMFORST_6_N001,AMFORST_6_N001,AMFORST_6_N001,RTPD,MCE,LMP_ENE_PRC,AMFORST_6_N001,ALL,1,97.00684,2,3
2022-09-01T11:15:00-00:00,2022-09-01T11:30:00-00:00,2022-09-01,05,AMFORST_6_N001,AMFORST_6_N001,AMFORST_6_N001,RTPD,MCE,LMP_ENE_PRC,AMFORST_6_N001,ALL,1,103.09059,2,3
2022-09-01T12:15:00-00:00,2022-09-01T12:30:00-00:00,2022-09-01,06,AMFORST_6_N001,AMFORST_6_N001,AMFORST_6_N001,RTPD,MCE,LMP_ENE_PRC,AMFORST_6_N001,ALL,1,109.32203,2,3
2022-09-01T13:15:00-00:00,2022-09-01T13:30:00-00:00,2022-09-01,07,AMFORST_6_N001,AMFORST_6_N001,AMFORST_6_N001,RTPD,MCE,LMP_ENE_PRC,AMFORST_6_N001,ALL,1,110.97827,2,3
2022-09-01T14:15:00-00:00,2022-09-01T14:30:00-00:00,2022-09-01,08,AMFORST_6_N001,AMFORST_6_N001,AMFORST_6_N001,RTPD,MCE,LMP_ENE_PRC,AMFORST_6_N001,ALL,1,104.78743,2,3
2022-09-01T15:15:00-00:00,2022-09-01T15:30:00-00:00,2022-09-01,09,AMFORST_6_N001,AMFORST_6_N001,AMFORST_6_N001,RTPD,MCE,LMP_ENE_PRC,AMFORST_6_N001,ALL,1,86.9388,2,3
2022-09-01T16:15:00-00:00,2022-09-01T16:30:00-00:00,2022-09-01,10,AMFORST_6_N001,AMFORST_6_N001,AMFORST_6_N001,RTPD,MCE,LMP_ENE_PRC,AMFORST_6_N001,ALL,1,89.44858,2,3
2022-09-01T17:15:00-00:00,2022-09-01T17:30:00-00:00,2022-09-01,11,AMFORST_6_N001,AMFORST_6_N001,AMFORST_6_N001,RTPD,MCE,LMP_ENE_PRC,AMFORST_6_N001,ALL,1,99.34673,2,3
2022-09-01T18:15:00-00:00,2022-09-01T18:30:00-00:00,2022-09-01,12,AMFORST_6_N001,AMFORST_6_N001,AMFORST_6_N001,RTPD,MCE,LMP_ENE_PRC,AMFORST_6_N001,ALL,1,101.15901,2,3
2022-09-01T19:15:00-00:00,2022-09-01T19:30:00-00:00,2022-09-01,13,AMFORST_6_N001,AMFORST_6_N001,AMFORST_6_N001,RTPD,MCE,LMP_ENE_PRC,AMFORST_6_N001,ALL,1,105.30588,2,3
2022-09-01T20:15:00-00:00,2022-09-01T20:30:00-00:00,2022-09-01,14,AMFORST_6_N001,AMFORST_6_N001,AMFORST_6_N001,RTPD,MCE,LMP_ENE_PRC,AMFORST_6_N001,ALL,1,117.49421,2,3
2022-09-01T21:15:00-00:00,2022-09-01T21:30:00-00:00,2022-09-01,15,AMFORST_6_N001,AMFORST_6_N001,AMFORST_6_N001,RTPD,MCE,LMP_ENE_PRC,AMFORST_6_N001,ALL,1,147.21185,2,3
2022-09-01T22:15:00-00:00,2022-09-01T22:30:00-00:00,2022-09-01,16,AMFORST_6_N001,AMFORST_6_N001,AMFORST_6_N001,RTPD,MCE,LMP_ENE_PRC,AMFORST_6_N001,ALL,1,256.58734,2,3
2022-09-01T23:15:00-00:00,2022-09-01T23:30:00-00:00,2022-09-01,17,AMFORST_6_N001,AMFORST_6_N001,AMFORST_6_N001,RTPD,MCE,LMP_ENE_PRC,AMFORST_6_N001,ALL,1,362.12408,2,3
2022-09-02T00:15:00-00:00,2022-09-02T00:30:00-00:00,2022-09-01,18,AMFORST_6_N001,AMFORST_6_N001,AMFORST_6_N001,RTPD,MCE,LMP_ENE_PRC,AMFORST_6_N001,ALL,1,691.2182,2,3
2022-09-02T01:15:00-00:00,2022-09-02T01:30:00-00:00,2022-09-01,19,AMFORST_6_N001,AMFORST_6_N001,AMFORST_6_N001,RTPD,MCE,LMP_ENE_PRC,AMFORST_6_N001,ALL,1,1999.9933,2,3
2022-09-02T02:15:00-00:00,2022-09-02T02:30:00-00:00,2022-09-01,20,AMFORST_6_N001,AMFORST_6_N001,AMFORST_6_N001,RTPD,MCE,LMP_ENE_PRC,AMFORST_6_N001,ALL,1,1991.6721,2,3
2022-09-02T03:15:00-00:00,2022-09-02T03:30:00-00:00,2022-09-01,21,AMFORST_6_N001,AMFORST_6_N001,AMFORST_6_N001,RTPD,MCE,LMP_ENE_PRC,AMFORST_6_N001,ALL,1,400.52884,2,3
2022-09-02T04:15:00-00:00,2022-09-02T04:30:00-00:00,2022-09-01,22,AMFORST_6_N001,AMFORST_6_N001,AMFORST_6_N001,RTPD,MCE,LMP_ENE_PRC,AMFORST_6_N001,ALL,1,224.75041,2,3
2022-09-02T05:15:00-00:00,2022-09-02T05:30:00-00:00,2022-09-01,23,AMFORST_6_N001,AMFORST_6_N001,AMFORST_6_N001,RTPD,MCE,LMP_ENE_PRC,AMFORST_6_N001,ALL,1,157.11986,2,3
2022-09-02T06:15:00-00:00,2022-09-02T06:30:00-00:00,2022-09-01,24,AMFORST_6_N001,AMFORST_6_N001,AMFORST_6_N001,RTPD,MCE,LMP_ENE_PRC,AMFORST_6_N001,ALL,1,143.1005,2,3
2022-09-01T07:30:00-00:00,2022-09-01T07:45:00-00:00,2022-09-01,01,AMFORST_6_N001,AMFORST_6_N001,AMFORST_6_N001,RTPD,MCE,LMP_ENE_PRC,AMFORST_6_N001,ALL,1,119.03196,3,3
2022-09-01T08:30:00-00:00,2022-09-01T08:45:00-00:00,2022-09-01,02,AMFORST_6_N001,AMFORST_6_N001,AMFORST_6_N001,RTPD,MCE,LMP_ENE_PRC,AMFORST_6_N001,ALL,1,111.11241,3,3
2022-09-01T09:30:00-00:00,2022-09-01T09:45:00-00:00,2022-09-01,03,AMFORST_6_N001,AMFORST_6_N001,AMFORST_6_N001,RTPD,MCE,LMP_ENE_PRC,AMFORST_6_N001,ALL,1,98.16228,3,3
2022-09-01T10:30:00-00:00,2022-09-01T10:45:00-00:00,2022-09-01,04,AMFORST_6_N001,AMFORST_6_N001,AMFORST_6_N001,RTPD,MCE,LMP_ENE_PRC,AMFORST_6_N001,ALL,1,96.36226,3,3
2022-09-01T11:30:00-00:00,2022-09-01T11:45:00-00:00,2022-09-01,05,AMFORST_6_N001,AMFORST_6_N001,AMFORST_6_N001,RTPD,MCE,LMP_ENE_PRC,AMFORST_6_N001,ALL,1,103.06198,3,3
2022-09-01T12:30:00-00:00,2022-09-01T12:45:00-00:00,2022-09-01,06,AMFORST_6_N001,AMFORST_6_N001,AMFORST_6_N001,RTPD,MCE,LMP_ENE_PRC,AMFORST_6_N001,ALL,1,113.57403,3,3
2022-09-01T13:30:00-00:00,2022-09-01T13:45:00-00:00,2022-09-01,07,AMFORST_6_N001,AMFORST_6_N001,AMFORST_6_N001,RTPD,MCE,LMP_ENE_PRC,AMFORST_6_N001,ALL,1,111.52025,3,3
2022-09-01T14:30:00-00:00,2022-09-01T14:45:00-00:00,2022-09-01,08,AMFORST_6_N001,AMFORST_6_N001,AMFORST_6_N001,RTPD,MCE,LMP_ENE_PRC,AMFORST_6_N001,ALL,1,101.83428,3,3
2022-09-01T15:30:00-00:00,2022-09-01T15:45:00-00:00,2022-09-01,09,AMFORST_6_N001,AMFORST_6_N001,AMFORST_6_N001,RTPD,MCE,LMP_ENE_PRC,AMFORST_6_N001,ALL,1,86.1388,3,3
2022-09-01T16:30:00-00:00,2022-09-01T16:45:00-00:00,2022-09-01,10,AMFORST_6_N001,AMFORST_6_N001,AMFORST_6_N001,RTPD,MCE,LMP_ENE_PRC,AMFORST_6_N001,ALL,1,88.79644,3,3
2022-09-01T17:30:00-00:00,2022-09-01T17:45:00-00:00,2022-09-01,11,AMFORST_6_N001,AMFORST_6_N001,AMFORST_6_N001,RTPD,MCE,LMP_ENE_PRC,AMFORST_6_N001,ALL,1,99.13013,3,3
2022-09-01T18:30:00-00:00,2022-09-01T18:45:00-00:00,2022-09-01,12,AMFORST_6_N001,AMFORST_6_N001,AMFORST_6_N001,RTPD,MCE,LMP_ENE_PRC,AMFORST_6_N001,ALL,1,107.05718,3,3
2022-09-01T19:30:00-00:00,2022-09-01T19:45:00-00:00,2022-09-01,13,AMFORST_6_N001,AMFORST_6_N001,AMFORST_6_N001,RTPD,MCE,LMP_ENE_PRC,AMFORST_6_N001,ALL,1,114.05905,3,3
2022-09-01T20:30:00-00:00,2022-09-01T20:45:00-00:00,2022-09-01,14,AMFORST_6_N001,AMFORST_6_N001,AMFORST_6_N001,RTPD,MCE,LMP_ENE_PRC,AMFORST_6_N001,ALL,1,129.81606,3,3
2022-09-01T21:30:00-00:00,2022-09-01T21:45:00-00:00,2022-09-01,15,AMFORST_6_N001,AMFORST_6_N001,AMFORST_6_N001,RTPD,MCE,LMP_ENE_PRC,AMFORST_6_N001,ALL,1,152.93057,3,3
2022-09-01T22:30:00-00:00,2022-09-01T22:45:00-00:00,2022-09-01,16,AMFORST_6_N001,AMFORST_6_N001,AMFORST_6_N001,RTPD,MCE,LMP_ENE_PRC,AMFORST_6_N001,ALL,1,283.18182,3,3
2022-09-01T23:30:00-00:00,2022-09-01T23:45:00-00:00,2022-09-01,17,AMFORST_6_N001,AMFORST_6_N001,AMFORST_6_N001,RTPD,MCE,LMP_ENE_PRC,AMFORST_6_N001,ALL,1,566.48157,3,3
2022-09-02T00:30:00-00:00,2022-09-02T00:45:00-00:00,2022-09-01,18,AMFORST_6_N001,AMFORST_6_N001,AMFORST_6_N001,RTPD,MCE,LMP_ENE_PRC,AMFORST_6_N001,ALL,1,1329.1127,3,3
2022-09-02T01:30:00-00:00,2022-09-02T01:45:00-00:00,2022-09-01,19,AMFORST_6_N001,AMFORST_6_N001,AMFORST_6_N001,RTPD,MCE,LMP_ENE_PRC,AMFORST_6_N001,ALL,1,1999.9956,3,3
2022-09-02T02:30:00-00:00,2022-09-02T02:45:00-00:00,2022-09-01,20,AMFORST_6_N001,AMFORST_6_N001,AMFORST_6_N001,RTPD,MCE,LMP_ENE_PRC,AMFORST_6_N001,ALL,1,1991.671,3,3
2022-09-02T03:30:00-00:00,2022-09-02T03:45:00-00:00,2022-09-01,21,AMFORST_6_N001,AMFORST_6_N001,AMFORST_6_N001,RTPD,MCE,LMP_ENE_PRC,AMFORST_6_N001,ALL,1,186.61823,3,3
2022-09-02T04:30:00-00:00,2022-09-02T04:45:00-00:00,2022-09-01,22,AMFORST_6_N001,AMFORST_6_N001,AMFORST_6_N001,RTPD,MCE,LMP_ENE_PRC,AMFORST_6_N001,ALL,1,180.67824,3,3
2022-09-02T05:30:00-00:00,2022-09-02T05:45:00-00:00,2022-09-01,23,AMFORST_6_N001,AMFORST_6_N001,AMFORST_6_N001,RTPD,MCE,LMP_ENE_PRC,AMFORST_6_N001,ALL,1,131.69917,3,3
2022-09-02T06:30:00-00:00,2022-09-02T06:45:00-00:00,2022-09-01,24,AMFORST_6_N001,AMFORST_6_N001,AMFORST_6_N001,RTPD,MCE,LMP_ENE_PRC,AMFORST_6_N001,ALL,1,128.9871,3,3
2022-09-01T07:45:00-00:00,2022-09-01T08:00:00-00:00,2022-09-01,01,AMFORST_6_N001,AMFORST_6_N001,AMFORST_6_N001,RTPD,MCE,LMP_ENE_PRC,AMFORST_6_N001,ALL,1,109.12099,4,3
2022-09-01T08:45:00-00:00,2022-09-01T09:00:00-00:00,2022-09-01,02,AMFORST_6_N001,AMFORST_6_N001,AMFORST_6_N001,RTPD,MCE,LMP_ENE_PRC,AMFORST_6_N001,ALL,1,98.7357,4,3
2022-09-01T09:45:00-00:00,2022-09-01T10:00:00-00:00,2022-09-01,03,AMFORST_6_N001,AMFORST_6_N001,AMFORST_6_N001,RTPD,MCE,LMP_ENE_PRC,AMFORST_6_N001,ALL,1,97.50475,4,3
2022-09-01T10:45:00-00:00,2022-09-01T11:00:00-00:00,2022-09-01,04,AMFORST_6_N001,AMFORST_6_N001,AMFORST_6_N001,RTPD,MCE,LMP_ENE_PRC,AMFORST_6_N001,ALL,1,94.71966,4,3
2022-09-01T11:45:00-00:00,2022-09-01T12:00:00-00:00,2022-09-01,05,AMFORST_6_N001,AMFORST_6_N001,AMFORST_6_N001,RTPD,MCE,LMP_ENE_PRC,AMFORST_6_N001,ALL,1,107.01,4,3
2022-09-01T12:45:00-00:00,2022-09-01T13:00:00-00:00,2022-09-01,06,AMFORST_6_N001,AMFORST_6_N001,AMFORST_6_N001,RTPD,MCE,LMP_ENE_PRC,AMFORST_6_N001,ALL,1,116.4848,4,3
2022-09-01T13:45:00-00:00,2022-09-01T14:00:00-00:00,2022-09-01,07,AMFORST_6_N001,AMFORST_6_N001,AMFORST_6_N001,RTPD,MCE,LMP_ENE_PRC,AMFORST_6_N001,ALL,1,111.41,4,3
2022-09-01T14:45:00-00:00,2022-09-01T15:00:00-00:00,2022-09-01,08,AMFORST_6_N001,AMFORST_6_N001,AMFORST_6_N001,RTPD,MCE,LMP_ENE_PRC,AMFORST_6_N001,ALL,1,86.1388,4,3
2022-09-01T15:45:00-00:00,2022-09-01T16:00:00-00:00,2022-09-01,09,AMFORST_6_N001,AMFORST_6_N001,AMFORST_6_N001,RTPD,MCE,LMP_ENE_PRC,AMFORST_6_N001,ALL,1,78.70076,4,3
2022-09-01T16:45:00-00:00,2022-09-01T17:00:00-00:00,2022-09-01,10,AMFORST_6_N001,AMFORST_6_N001,AMFORST_6_N001,RTPD,MCE,LMP_ENE_PRC,AMFORST_6_N001,ALL,1,91.24933,4,3
2022-09-01T17:45:00-00:00,2022-09-01T18:00:00-00:00,2022-09-01,11,AMFORST_6_N001,AMFORST_6_N001,AMFORST_6_N001,RTPD,MCE,LMP_ENE_PRC,AMFORST_6_N001,ALL,1,99.20544,4,3
2022-09-01T18:45:00-00:00,2022-09-01T19:00:00-00:00,2022-09-01,12,AMFORST_6_N001,AMFORST_6_N001,AMFORST_6_N001,RTPD,MCE,LMP_ENE_PRC,AMFORST_6_N001,ALL,1,109.04064,4,3
2022-09-01T19:45:00-00:00,2022-09-01T20:00:00-00:00,2022-09-01,13,AMFORST_6_N001,AMFORST_6_N001,AMFORST_6_N001,RTPD,MCE,LMP_ENE_PRC,AMFORST_6_N001,ALL,1,120.22491,4,3
2022-09-01T20:45:00-00:00,2022-09-01T21:00:00-00:00,2022-09-01,14,AMFORST_6_N001,AMFORST_6_N001,AMFORST_6_N001,RTPD,MCE,LMP_ENE_PRC,AMFORST_6_N001,ALL,1,154.02509,4,3
2022-09-01T21:45:00-00:00,2022-09-01T22:00:00-00:00,2022-09-01,15,AMFORST_6_N001,AMFORST_6_N001,AMFORST_6_N001,RTPD,MCE,LMP_ENE_PRC,AMFORST_6_N001,ALL,1,300.29376,4,3
2022-09-01T22:45:00-00:00,2022-09-01T23:00:00-00:00,2022-09-01,16,AMFORST_6_N001,AMFORST_6_N001,AMFORST_6_N001,RTPD,MCE,LMP_ENE_PRC,AMFORST_6_N001,ALL,1,429.9137,4,3
2022-09-01T23:45:00-00:00,2022-09-02T00:00:00-00:00,2022-09-01,17,AMFORST_6_N001,AMFORST_6_N001,AMFORST_6_N001,RTPD,MCE,LMP_ENE_PRC,AMFORST_6_N001,ALL,1,1261.2124,4,3
2022-09-02T00:45:00-00:00,2022-09-02T01:00:00-00:00,2022-09-01,18,AMFORST_6_N001,AMFORST_6_N001,AMFORST_6_N001,RTPD,MCE,LMP_ENE_PRC,AMFORST_6_N001,ALL,1,1519.149,4,3
2022-09-02T01:45:00-00:00,2022-09-02T02:00:00-00:00,2022-09-01,19,AMFORST_6_N001,AMFORST_6_N001,AMFORST_6_N001,RTPD,MCE,LMP_ENE_PRC,AMFORST_6_N001,ALL,1,1991.9337,4,3
2022-09-02T02:45:00-00:00,2022-09-02T03:00:00-00:00,2022-09-01,20,AMFORST_6_N001,AMFORST_6_N001,AMFORST_6_N001,RTPD,MCE,LMP_ENE_PRC,AMFORST_6_N001,ALL,1,1629.6213,4,3
2022-09-02T03:45:00-00:00,2022-09-02T04:00:00-00:00,2022-09-01,21,AMFORST_6_N001,AMFORST_6_N001,AMFORST_6_N001,RTPD,MCE,LMP_ENE_PRC,AMFORST_6_N001,ALL,1,141.13702,4,3
2022-09-02T04:45:00-00:00,2022-09-02T05:00:00-00:00,2022-09-01,22,AMFORST_6_N001,AMFORST_6_N001,AMFORST_6_N001,RTPD,MCE,LMP_ENE_PRC,AMFORST_6_N001,ALL,1,126.76372,4,3
2022-09-02T05:45:00-00:00,2022-09-02T06:00:00-00:00,2022-09-01,23,AMFORST_6_N001,AMFORST_6_N001,AMFORST_6_N001,RTPD,MCE,LMP_ENE_PRC,AMFORST_6_N001,ALL,1,119.00958,4,3
2022-09-02T06:45:00-00:00,2022-09-02T07:00:00-00:00,2022-09-01,24,AMFORST_6_N001,AMFORST_6_N001,AMFORST_6_N001,RTPD,MCE,LMP_ENE_PRC,AMFORST_6_N001,ALL,1,109.20324,4,3
2022-09-01T07:00:00-00:00,2022-09-01T07:15:00-00:00,2022-09-01,01,AMFORST_6_N001,AMFORST_6_N001,AMFORST_6_N001,RTPD,MCL,LMP_LOSS_PRC,AMFORST_6_N001,ALL,1,-6.05604,1,4
2022-09-01T08:00:00-00:00,2022-09-01T08:15:00-00:00,2022-09-01,02,AMFORST_6_N001,AMFORST_6_N001,AMFORST_6_N001,RTPD,MCL,LMP_LOSS_PRC,AMFORST_6_N001,ALL,1,0,1,4
2022-09-01T09:00:00-00:00,2022-09-01T09:15:00-00:00,2022-09-01,03,AMFORST_6_N001,AMFORST_6_N001,AMFORST_6_N001,RTPD,MCL,LMP_LOSS_PRC,AMFORST_6_N001,ALL,1,0.75795,1,4
2022-09-01T10:00:00-00:00,2022-09-01T10:15:00-00:00,2022-09-01,04,AMFORST_6_N001,AMFORST_6_N001,AMFORST_6_N001,RTPD,MCL,LMP_LOSS_PRC,AMFORST_6_N001,ALL,1,1.15411,1,4
2022-09-01T11:00:00-00:00,2022-09-01T11:15:00-00:00,2022-09-01,05,AMFORST_6_N001,AMFORST_6_N001,AMFORST_6_N001,RTPD,MCL,LMP_LOSS_PRC,AMFORST_6_N001,ALL,1,1.10774,1,4
2022-09-01T12:00:00-00:00,2022-09-01T12:15:00-00:00,2022-09-01,06,AMFORST_6_N001,AMFORST_6_N001,AMFORST_6_N001,RTPD,MCL,LMP_LOSS_PRC,AMFORST_6_N001,ALL,1,-0.00969,1,4
2022-09-01T13:00:00-00:00,2022-09-01T13:15:00-00:00,2022-09-01,07,AMFORST_6_N001,AMFORST_6_N001,AMFORST_6_N001,RTPD,MCL,LMP_LOSS_PRC,AMFORST_6_N001,ALL,1,0,1,4
2022-09-01T14:00:00-00:00,2022-09-01T14:15:00-00:00,2022-09-01,08,AMFORST_6_N001,AMFORST_6_N001,AMFORST_6_N001,RTPD,MCL,LMP_LOSS_PRC,AMFORST_6_N001,ALL,1,2.76669,1,4
2022-09-01T15:00:00-00:00,2022-09-01T15:15:00-00:00,2022-09-01,09,AMFORST_6_N001,AMFORST_6_N001,AMFORST_6_N001,RTPD,MCL,LMP_LOSS_PRC,AMFORST_6_N001,ALL,1,0,1,4
2022-09-01T16:00:00-00:00,2022-09-01T16:15:00-00:00,2022-09-01,10,AMFORST_6_N001,AMFORST_6_N001,AMFORST_6_N001,RTPD,MCL,LMP_LOSS_PRC,AMFORST_6_N001,ALL,1,0,1,4
2022-09-01T17:00:00-00:00,2022-09-01T17:15:00-00:00,2022-09-01,11,AMFORST_6_N001,AMFORST_6_N001,AMFORST_6_N001,RTPD,MCL,LMP_LOSS_PRC,AMFORST_6_N001,ALL,1,0,1,4
2022-09-01T18:00:00-00:00,2022-09-01T18:15:00-00:00,2022-09-01,12,AMFORST_6_N001,AMFORST_6_N001,AMFORST_6_N001,RTPD,MCL,LMP_LOSS_PRC,AMFORST_6_N001,ALL,1,0,1,4
2022-09-01T19:00:00-00:00,2022-09-01T19:15:00-00:00,2022-09-01,13,AMFORST_6_N001,AMFORST_6_N001,AMFORST_6_N001,RTPD,MCL,LMP_LOSS_PRC,AMFORST_6_N001,ALL,1,0,1,4
2022-09-01T20:00:00-00:00,2022-09-01T20:15:00-00:00,2022-09-01,14,AMFORST_6_N001,AMFORST_6_N001,AMFORST_6_N001,RTPD,MCL,LMP_LOSS_PRC,AMFORST_6_N001,ALL,1,0,1,4
2022-09-01T21:00:00-00:00,2022-09-01T21:15:00-00:00,2022-09-01,15,AMFORST_6_N001,AMFORST_6_N001,AMFORST_6_N001,RTPD,MCL,LMP_LOSS_PRC,AMFORST_6_N001,ALL,1,0,1,4
2022-09-01T22:00:00-00:00,2022-09-01T22:15:00-00:00,2022-09-01,16,AMFORST_6_N001,AMFORST_6_N001,AMFORST_6_N001,RTPD,MCL,LMP_LOSS_PRC,AMFORST_6_N001,ALL,1,0,1,4
2022-09-01T23:00:00-00:00,2022-09-01T23:15:00-00:00,2022-09-01,17,AMFORST_6_N001,AMFORST_6_N001,AMFORST_6_N001,RTPD,MCL,LMP_LOSS_PRC,AMFORST_6_N001,ALL,1,0,1,4
2022-09-02T00:00:00-00:00,2022-09-02T00:15:00-00:00,2022-09-01,18,AMFORST_6_N001,AMFORST_6_N001,AMFORST_6_N001,RTPD,MCL,LMP_LOSS_PRC,AMFORST_6_N001,ALL,1,40.99493,1,4
2022-09-02T01:00:00-00:00,2022-09-02T01:15:00-00:00,2022-09-01,19,AMFORST_6_N001,AMFORST_6_N001,AMFORST_6_N001,RTPD,MCL,LMP_LOSS_PRC,AMFORST_6_N001,ALL,1,0,1,4
2022-09-02T02:00:00-00:00,2022-09-02T02:15:00-00:00,2022-09-01,20,AMFORST_6_N001,AMFORST_6_N001,AMFORST_6_N001,RTPD,MCL,LMP_LOSS_PRC,AMFORST_6_N001,ALL,1,0,1,4
2022-09-02T03:00:00-00:00,2022-09-02T03:15:00-00:00,2022-09-01,21,AMFORST_6_N001,AMFORST_6_N001,AMFORST_6_N001,RTPD,MCL,LMP_LOSS_PRC,AMFORST_6_N001,ALL,1,57.25517,1,4
2022-09-02T04:00:00-00:00,2022-09-02T04:15:00-00:00,2022-09-01,22,AMFORST_6_N001,AMFORST_6_N001,AMFORST_6_N001,RTPD,MCL,LMP_LOSS_PRC,AMFORST_6_N001,ALL,1,7.55442,1,4
2022-09-02T05:00:00-00:00,2022-09-02T05:15:00-00:00,2022-09-01,23,AMFORST_6_N001,AMFORST_6_N001,AMFORST_6_N001,RTPD,MCL,LMP_LOSS_PRC,AMFORST_6_N001,ALL,1,5.60735,1,4
2022-09-02T06:00:00-00:00,2022-09-02T06:15:00-00:00,2022-09-01,24,AMFORST_6_N001,AMFORST_6_N001,AMFORST_6_N001,RTPD,MCL,LMP_LOSS_PRC,AMFORST_6_N001,ALL,1,3.82869,1,4
2022-09-01T07:15:00-00:00,2022-09-01T07:30:00-00:00,2022-09-01,01,AMFORST_6_N001,AMFORST_6_N001,AMFORST_6_N001,RTPD,MCL,LMP_LOSS_PRC,AMFORST_6_N001,ALL,1,0,2,4
2022-09-01T08:15:00-00:00,2022-09-01T08:30:00-00:00,2022-09-01,02,AMFORST_6_N001,AMFORST_6_N001,AMFORST_6_N001,RTPD,MCL,LMP_LOSS_PRC,AMFORST_6_N001,ALL,1,0,2,4
2022-09-01T09:15:00-00:00,2022-09-01T09:30:00-00:00,2022-09-01,03,AMFORST_6_N001,AMFORST_6_N001,AMFORST_6_N001,RTPD,MCL,LMP_LOSS_PRC,AMFORST_6_N001,ALL,1,0.8061,2,4
2022-09-01T10:15:00-00:00,2022-09-01T10:30:00-00:00,2022-09-01,04,AMFORST_6_N001,AMFORST_6_N001,AMFORST_6_N001,RTPD,MCL,LMP_LOSS_PRC,AMFORST_6_N001,ALL,1,1.06708,2,4
2022-09-01T11:15:00-00:00,2022-09-01T11:30:00-00:00,2022-09-01,05,AMFORST_6_N001,AMFORST_6_N001,AMFORST_6_N001,RTPD,MCL,LMP_LOSS_PRC,AMFORST_6_N001,ALL,1,1.08245,2,4
2022-09-01T12:15:00-00:00,2022-09-01T12:30:00-00:00,2022-09-01,06,AMFORST_6_N001,AMFORST_6_N001,AMFORST_6_N001,RTPD,MCL,LMP_LOSS_PRC,AMFORST_6_N001,ALL,1,0.18585,2,4
2022-09-01T13:15:00-00:00,2022-09-01T13:30:00-00:00,2022-09-01,07,AMFORST_6_N001,AMFORST_6_N001,AMFORST_6_N001,RTPD,MCL,LMP_LOSS_PRC,AMFORST_6_N001,ALL,1,0.43282,2,4
2022-09-01T14:15:00-00:00,2022-09-01T14:30:00-00:00,2022-09-01,08,AMFORST_6_N001,AMFORST_6_N001,AMFORST_6_N001,RTPD,MCL,LMP_LOSS_PRC,AMFORST_6_N001,ALL,1,2.57777,2,4
2022-09-01T15:15:00-00:00,2022-09-01T15:30:00-00:00,2022-09-01,09,AMFORST_6_N001,AMFORST_6_N001,AMFORST_6_N001,RTPD,MCL,LMP_LOSS_PRC,AMFORST_6_N001,ALL,1,0,2,4
2022-09-01T16:15:00-00:00,2022-09-01T16:30:00-00:00,2022-09-01,10,AMFORST_6_N001,AMFORST_6_N001,AMFORST_6_N001,RTPD,MCL,LMP_LOSS_PRC,AMFORST_6_N001,ALL,1,0,2,4
2022-09-01T17:15:00-00:00,2022-09-01T17:30:00-00:00,2022-09-01,11,AMFORST_6_N001,AMFORST_6_N001,AMFORST_6_N001,RTPD,MCL,LMP_LOSS_PRC,AMFORST_6_N001,ALL,1,0,2,4
2022-09-01T18:15:00-00:00,2022-09-01T18:30:00-00:00,2022-09-01,12,AMFORST_6_N001,AMFORST_6_N001,AMFORST_6_N001,RTPD,MCL,LMP_LOSS_PRC,AMFORST_6_N001,ALL,1,0,2,4
2022-09-01T19:15:00-00:00,2022-09-01T19:30:00-00:00,2022-09-01,13,AMFORST_6_N001,AMFORST_6_N001,AMFORST_6_N001,RTPD,MCL,LMP_LOSS_PRC,AMFORST_6_N001,ALL,1,0,2,4
2022-09-01T20:15:00-00:00,2022-09-01T20:30:00-00:00,2022-09-01,14,AMFORST_6_N001,AMFORST_6_N001,AMFORST_6_N001,RTPD,MCL,LMP_LOSS_PRC,AMFORST_6_N001,ALL,1,0,2,4
2022-09-01T21:15:00-00:00,2022-09-01T21:30:00-00:00,2022-09-01,15,AMFORST_6_N001,AMFORST_6_N001,AMFORST_6_N001,RTPD,MCL,LMP_LOSS_PRC,AMFORST_6_N001,ALL,1,0,2,4
2022-09-01T22:15:00-00:00,2022-09-01T22:30:00-00:00,2022-09-01,16,AMFORST_6_N001,AMFORST_6_N001,AMFORST_6_N001,RTPD,MCL,LMP_LOSS_PRC,AMFORST_6_N001,ALL,1,0,2,4
2022-09-01T23:15:00-00:00,2022-09-01T23:30:00-00:00,2022-09-01,17,AMFORST_6_N001,AMFORST_6_N001,AMFORST_6_N001,RTPD,MCL,LMP_LOSS_PRC,AMFORST_6_N001,ALL,1,0,2,4
2022-09-02T00:15:00-00:00,2022-09-02T00:30:00-00:00,2022-09-01,18,AMFORST_6_N001,AMFORST_6_N001,AMFORST_6_N001,RTPD,MCL,LMP_LOSS_PRC,AMFORST_6_N001,ALL,1,37.60227,2,4
2022-09-02T01:15:00-00:00,2022-09-02T01:30:00-00:00,2022-09-01,19,AMFORST_6_N001,AMFORST_6_N001,AMFORST_6_N001,RTPD,MCL,LMP_LOSS_PRC,AMFORST_6_N001,ALL,1,0,2,4
2022-09-02T02:15:00-00:00,2022-09-02T02:30:00-00:00,2022-09-01,20,AMFORST_6_N001,AMFORST_6_N001,AMFORST_6_N001,RTPD,MCL,LMP_LOSS_PRC,AMFORST_6_N001,ALL,1,0,2,4
2022-09-02T03:15:00-00:00,2022-09-02T03:30:00-00:00,2022-09-01,21,AMFORST_6_N001,AMFORST_6_N001,AMFORST_6_N001,RTPD,MCL,LMP_LOSS_PRC,AMFORST_6_N001,ALL,1,24.79274,2,4
2022-09-02T04:15:00-00:00,2022-09-02T04:30:00-00:00,2022-09-01,22,AMFORST_6_N001,AMFORST_6_N001,AMFORST_6_N001,RTPD,MCL,LMP_LOSS_PRC,AMFORST_6_N001,ALL,1,5.64124,2,4
2022-09-02T05:15:00-00:00,2022-09-02T05:30:00-00:00,2022-09-01,23,AMFORST_6_N001,AMFORST_6_N001,AMFORST_6_N001,RTPD,MCL,LMP_LOSS_PRC,AMFORST_6_N001,ALL,1,4.14796,2,4
2022-09-02T06:15:00-00:00,2022-09-02T06:30:00-00:00,2022-09-01,24,AMFORST_6_N001,AMFORST_6_N001,AMFORST_6_N001,RTPD,MCL,LMP_LOSS_PRC,AMFORST_6_N001,ALL,1,2.06065,2,4
2022-09-01T07:30:00-00:00,2022-09-01T07:45:00-00:00,2022-09-01,01,AMFORST_6_N001,AMFORST_6_N001,AMFORST_6_N001,RTPD,MCL,LMP_LOSS_PRC,AMFORST_6_N001,ALL,1,0,3,4
2022-09-01T08:30:00-00:00,2022-09-01T08:45:00-00:00,2022-09-01,02,AMFORST_6_N001,AMFORST_6_N001,AMFORST_6_N001,RTPD,MCL,LMP_LOSS_PRC,AMFORST_6_N001,ALL,1,1.40002,3,4
2022-09-01T09:30:00-00:00,2022-09-01T09:45:00-00:00,2022-09-01,03,AMFORST_6_N001,AMFORST_6_N001,AMFORST_6_N001,RTPD,MCL,LMP_LOSS_PRC,AMFORST_6_N001,ALL,1,0.62824,3,4
2022-09-01T10:30:00-00:00,2022-09-01T10:45:00-00:00,2022-09-01,04,AMFORST_6_N001,AMFORST_6_N001,AMFORST_6_N001,RTPD,MCL,LMP_LOSS_PRC,AMFORST_6_N001,ALL,1,1.14671,3,4
2022-09-01T11:30:00-00:00,2022-09-01T11:45:00-00:00,2022-09-01,05,AMFORST_6_N001,AMFORST_6_N001,AMFORST_6_N001,RTPD,MCL,LMP_LOSS_PRC,AMFORST_6_N001,ALL,1,1.03062,3,4
2022-09-01T12:30:00-00:00,2022-09-01T12:45:00-00:00,2022-09-01,06,AMFORST_6_N001,AMFORST_6_N001,AMFORST_6_N001,RTPD,MCL,LMP_LOSS_PRC,AMFORST_6_N001,ALL,1,0.30665,3,4
2022-09-01T13:30:00-00:00,2022-09-01T13:45:00-00:00,2022-09-01,07,AMFORST_6_N001,AMFORST_6_N001,AMFORST_6_N001,RTPD,MCL,LMP_LOSS_PRC,AMFORST_6_N001,ALL,1,0.70258,3,4
2022-09-01T14:30:00-00:00,2022-09-01T14:45:00-00:00,2022-09-01,08,AMFORST_6_N001,AMFORST_6_N001,AMFORST_6_N001,RTPD,MCL,LMP_LOSS_PRC,AMFORST_6_N001,ALL,1,2.71898,3,4
2022-09-01T15:30:00-00:00,2022-09-01T15:45:00-00:00,2022-09-01,09,AMFORST_6_N001,AMFORST_6_N001,AMFORST_6_N001,RTPD,MCL,LMP_LOSS_PRC,AMFORST_6_N001,ALL,1,0,3,4
2022-09-01T16:30:00-00:00,2022-09-01T16:45:00-00:00,2022-09-01,10,AMFORST_6_N001,AMFORST_6_N001,AMFORST_6_N001,RTPD,MCL,LMP_LOSS_PRC,AMFORST_6_N001,ALL,1,0,3,4
2022-09-01T17:30:00-00:00,2022-09-01T17:45:00-00:00,2022-09-01,11,AMFORST_6_N001,AMFORST_6_N001,AMFORST_6_N001,RTPD,MCL,LMP_LOSS_PRC,AMFORST_6_N001,ALL,1,0,3,4
2022-09-01T18:30:00-00:00,2022-09-01T18:45:00-00:00,2022-09-01,12,AMFORST_6_N001,AMFORST_6_N001,AMFORST_6_N001,RTPD,MCL,LMP_LOSS_PRC,AMFORST_6_N001,ALL,1,0,3,4
2022-09-01T19:30:00-00:00,2022-09-01T19:45:00-00:00,2022-09-01,13,AMFORST_6_N001,AMFORST_6_N001,AMFORST_6_N001,RTPD,MCL,LMP_LOSS_PRC,AMFORST_6_N001,ALL,1,0,3,4
2022-09-01T20:30:00-00:00,2022-09-01T20:45:00-00:00,2022-09-01,14,AMFORST_6_N001,AMFORST_6_N001,AMFORST_6_N001,RTPD,MCL,LMP_LOSS_PRC,AMFORST_6_N001,ALL,1,0,3,4
2022-09-01T21:30:00-00:00,2022-09-01T21:45:00-00:00,2022-09-01,15,AMFORST_6_N001,AMFORST_6_N001,AMFORST_6_N001,RTPD,MCL,LMP_LOSS_PRC,AMFORST_6_N001,ALL,1,0,3,4
2022-09-01T22:30:00-00:00,2022-09-01T22:45:00-00:00,2022-09-01,16,AMFORST_6_N001,AMFORST_6_N001,AMFORST_6_N001,RTPD,MCL,LMP_LOSS_PRC,AMFORST_6_N001,ALL,1,0,3,4
2022-09-01T23:30:00-00:00,2022-09-01T23:45:00-00:00,2022-09-01,17,AMFORST_6_N001,AMFORST_6_N001,AMFORST_6_N001,RTPD,MCL,LMP_LOSS_PRC,AMFORST_6_N001,ALL,1,0,3,4
2022-09-02T00:30:00-00:00,2022-09-02T00:45:00-00:00,2022-09-01,18,AMFORST_6_N001,AMFORST_6_N001,AMFORST_6_N001,RTPD,MCL,LMP_LOSS_PRC,AMFORST_6_N001,ALL,1,0,3,4
2022-09-02T01:30:00-00:00,2022-09-02T01:45:00-00:00,2022-09-01,19,AMFORST_6_N001,AMFORST_6_N001,AMFORST_6_N001,RTPD,MCL,LMP_LOSS_PRC,AMFORST_6_N001,ALL,1,0,3,4
2022-09-02T02:30:00-00:00,2022-09-02T02:45:00-00:00,2022-09-01,20,AMFORST_6_N001,AMFORST_6_N001,AMFORST_6_N001,RTPD,MCL,LMP_LOSS_PRC,AMFORST_6_N001,ALL,1,0,3,4
2022-09-02T03:30:00-00:00,2022-09-02T03:45:00-00:00,2022-09-01,21,AMFORST_6_N001,AMFORST_6_N001,AMFORST_6_N001,RTPD,MCL,LMP_LOSS_PRC,AMFORST_6_N001,ALL,1,10.91717,3,4
2022-09-02T04:30:00-00:00,2022-09-02T04:45:00-00:00,2022-09-01,22,AMFORST_6_N001,AMFORST_6_N001,AMFORST_6_N001,RTPD,MCL,LMP_LOSS_PRC,AMFORST_6_N001,ALL,1,2.45722,3,4
2022-09-02T05:30:00-00:00,2022-09-02T05:45:00-00:00,2022-09-01,23,AMFORST_6_N001,AMFORST_6_N001,AMFORST_6_N001,RTPD,MCL,LMP_LOSS_PRC,AMFORST_6_N001,ALL,1,2.96323,3,4
2022-09-02T06:30:00-00:00,2022-09-02T06:45:00-00:00,2022-09-01,24,AMFORST_6_N001,AMFORST_6_N001,AMFORST_6_N001,RTPD,MCL,LMP_LOSS_PRC,AMFORST_6_N001,ALL,1,2.47655,3,4
2022-09-01T07:45:00-00:00,2022-09-01T08:00:00-00:00,2022-09-01,01,AMFORST_6_N001,AMFORST_6_N001,AMFORST_6_N001,RTPD,MCL,LMP_LOSS_PRC,AMFORST_6_N001,ALL,1,0,4,4
2022-09-01T08:45:00-00:00,2022-09-01T09:00:00-00:00,2022-09-01,02,AMFORST_6_N001,AMFORST_6_N001,AMFORST_6_N001,RTPD,MCL,LMP_LOSS_PRC,AMFORST_6_N001,ALL,1,1.10584,4,4
2022-09-01T09:45:00-00:00,2022-09-01T10:00:00-00:00,2022-09-01,03,AMFORST_6_N001,AMFORST_6_N001,AMFORST_6_N001,RTPD,MCL,LMP_LOSS_PRC,AMFORST_6_N001,ALL,1,0.63378,4,4
2022-09-01T10:45:00-00:00,2022-09-01T11:00:00-00:00,2022-09-01,04,AMFORST_6_N001,AMFORST_6_N001,AMFORST_6_N001,RTPD,MCL,LMP_LOSS_PRC,AMFORST_6_N001,ALL,1,1.06086,4,4
2022-09-01T11:45:00-00:00,2022-09-01T12:00:00-00:00,2022-09-01,05,AMFORST_6_N001,AMFORST_6_N001,AMFORST_6_N001,RTPD,MCL,LMP_LOSS_PRC,AMFORST_6_N001,ALL,1,0,4,4
2022-09-01T12:45:00-00:00,2022-09-01T13:00:00-00:00,2022-09-01,06,AMFORST_6_N001,AMFORST_6_N001,AMFORST_6_N001,RTPD,MCL,LMP_LOSS_PRC,AMFORST_6_N001,ALL,1,0,4,4
2022-09-01T13:45:00-00:00,2022-09-01T14:00:00-00:00,2022-09-01,07,AMFORST_6_N001,AMFORST_6_N001,AMFORST_6_N001,RTPD,MCL,LMP_LOSS_PRC,AMFORST_6_N001,ALL,1,0,4,4
2022-09-01T14:45:00-00:00,2022-09-01T15:00:00-00:00,2022-09-01,08,AMFORST_6_N001,AMFORST_6_N001,AMFORST_6_N001,RTPD,MCL,LMP_LOSS_PRC,AMFORST_6_N001,ALL,1,0,4,4
2022-09-01T15:45:00-00:00,2022-09-01T16:00:00-00:00,2022-09-01,09,AMFORST_6_N001,AMFORST_6_N001,AMFORST_6_N001,RTPD,MCL,LMP_LOSS_PRC,AMFORST_6_N001,ALL,1,0,4,4
2022-09-01T16:45:00-00:00,2022-09-01T17:00:00-00:00,2022-09-01,10,AMFORST_6_N001,AMFORST_6_N001,AMFORST_6_N001,RTPD,MCL,LMP_LOSS_PRC,AMFORST_6_N001,ALL,1,0,4,4
2022-09-01T17:45:00-00:00,2022-09-01T18:00:00-00:00,2022-09-01,11,AMFORST_6_N001,AMFORST_6_N001,AMFORST_6_N001,RTPD,MCL,LMP_LOSS_PRC,AMFORST_6_N001,ALL,1,0,4,4
2022-09-01T18:45:00-00:00,2022-09-01T19:00:00-00:00,2022-09-01,12,AMFORST_6_N001,AMFORST_6_N001,AMFORST_6_N001,RTPD,MCL,LMP_LOSS_PRC,AMFORST_6_N001,ALL,1,0,4,4
2022-09-01T19:45:00-00:00,2022-09-01T20:00:00-00:00,2022-09-01,13,AMFORST_6_N001,AMFORST_6_N001,AMFORST_6_N001,RTPD,MCL,LMP_LOSS_PRC,AMFORST_6_N001,ALL,1,0,4,4
2022-09-01T20:45:00-00:00,2022-09-01T21:00:00-00:00,2022-09-01,14,AMFORST_6_N001,AMFORST_6_N001,AMFORST_6_N001,RTPD,MCL,LMP_LOSS_PRC,AMFORST_6_N001,ALL,1,0,4,4
2022-09-01T21:45:00-00:00,2022-09-01T22:00:00-00:00,2022-09-01,15,AMFORST_6_N001,AMFORST_6_N001,AMFORST_6_N001,RTPD,MCL,LMP_LOSS_PRC,AMFORST_6_N001,ALL,1,0,4,4
2022-09-01T22:45:00-00:00,2022-09-01T23:00:00-00:00,2022-09-01,16,AMFORST_6_N001,AMFORST_6_N001,AMFORST_6_N001,RTPD,MCL,LMP_LOSS_PRC,AMFORST_6_N001,ALL,1,0,4,4
2022-09-01T23:45:00-00:00,2022-09-02T00:00:00-00:00,2022-09-01,17,AMFORST_6_N001,AMFORST_6_N001,AMFORST_6_N001,RTPD,MCL,LMP_LOSS_PRC,AMFORST_6_N001,ALL,1,0,4,4
2022-09-02T00:45:00-00:00,2022-09-02T01:00:00-00:00,2022-09-01,18,AMFORST_6_N001,AMFORST_6_N001,AMFORST_6_N001,RTPD,MCL,LMP_LOSS_PRC,AMFORST_6_N001,ALL,1,0,4,4
2022-09-02T01:45:00-00:00,2022-09-02T02:00:00-00:00,2022-09-01,19,AMFORST_6_N001,AMFORST_6_N001,AMFORST_6_N001,RTPD,MCL,LMP_LOSS_PRC,AMFORST_6_N001,ALL,1,0,4,4
2022-09-02T02:45:00-00:00,2022-09-02T03:00:00-00:00,2022-09-01,20,AMFORST_6_N001,AMFORST_6_N001,AMFORST_6_N001,RTPD,MCL,LMP_LOSS_PRC,AMFORST_6_N001,ALL,1,95.00692,4,4
2022-09-02T03:45:00-00:00,2022-09-02T04:00:00-00:00,2022-09-01,21,AMFORST_6_N001,AMFORST_6_N001,AMFORST_6_N001,RTPD,MCL,LMP_LOSS_PRC,AMFORST_6_N001,ALL,1,6.67578,4,4
2022-09-02T04:45:00-00:00,2022-09-02T05:00:00-00:00,2022-09-01,22,AMFORST_6_N001,AMFORST_6_N001,AMFORST_6_N001,RTPD,MCL,LMP_LOSS_PRC,AMFORST_6_N001,ALL,1,2.66204,4,4
2022-09-02T05:45:00-00:00,2022-09-02T06:00:00-00:00,2022-09-01,23,AMFORST_6_N001,AMFORST_6_N001,AMFORST_6_N001,RTPD,MCL,LMP_LOSS_PRC,AMFORST_6_N001,ALL,1,2.67772,4,4
2022-09-02T06:45:00-00:00,2022-09-02T07:00:00-00:00,2022-09-01,24,AMFORST_6_N001,AMFORST_6_N001,AMFORST_6_N001,RTPD,MCL,LMP_LOSS_PRC,AMFORST_6_N001,ALL,1,2.69732,4,4
2022-09-01T07:00:00-00:00,2022-09-01T07:15:00-00:00,2022-09-01,01,AMFORST_6_N001,AMFORST_6_N001,AMFORST_6_N001,RTPD,MGHG,LMP_GHG_PRC,AMFORST_6_N001,ALL,1,0,1,5
2022-09-01T08:00:00-00:00,2022-09-01T08:15:00-00:00,2022-09-01,02,AMFORST_6_N001,AMFORST_6_N001,AMFORST_6_N001,RTPD,MGHG,LMP_GHG_PRC,AMFORST_6_N001,ALL,1,0,1,5
2022-09-01T09:00:00-00:00,2022-09-01T09:15:00-00:00,2022-09-01,03,AMFORST_6_N001,AMFORST_6_N001,AMFORST_6_N001,RTPD,MGHG,LMP_GHG_PRC,AMFORST_6_N001,ALL,1,0,1,5
2022-09-01T10:00:00-00:00,2022-09-01T10:15:00-00:00,2022-09-01,04,AMFORST_6_N001,AMFORST_6_N001,AMFORST_6_N001,RTPD,MGHG,LMP_GHG_PRC,AMFORST_6_N001,ALL,1,0,1,5
2022-09-01T11:00:00-00:00,2022-09-01T11:15:00-00:00,2022-09-01,05,AMFORST_6_N001,AMFORST_6_N001,AMFORST_6_N001,RTPD,MGHG,LMP_GHG_PRC,AMFORST_6_N001,ALL,1,0,1,5
2022-09-01T12:00:00-00:00,2022-09-01T12:15:00-00:00,2022-09-01,06,AMFORST_6_N001,AMFORST_6_N001,AMFORST_6_N001,RTPD,MGHG,LMP_GHG_PRC,AMFORST_6_N001,ALL,1,0,1,5
2022-09-01T13:00:00-00:00,2022-09-01T13:15:00-00:00,2022-09-01,07,AMFORST_6_N001,AMFORST_6_N001,AMFORST_6_N001,RTPD,MGHG,LMP_GHG_PRC,AMFORST_6_N001,ALL,1,0,1,5
2022-09-01T14:00:00-00:00,2022-09-01T14:15:00-00:00,2022-09-01,08,AMFORST_6_N001,AMFORST_6_N001,AMFORST_6_N001,RTPD,MGHG,LMP_GHG_PRC,AMFORST_6_N001,ALL,1,0,1,5
2022-09-01T15:00:00-00:00,2022-09-01T15:15:00-00:00,2022-09-01,09,AMFORST_6_N001,AMFORST_6_N001,AMFORST_6_N001,RTPD,MGHG,LMP_GHG_PRC,AMFORST_6_N001,ALL,1,0,1,5
2022-09-01T16:00:00-00:00,2022-09-01T16:15:00-00:00,2022-09-01,10,AMFORST_6_N001,AMFORST_6_N001,AMFORST_6_N001,RTPD,MGHG,LMP_GHG_PRC,AMFORST_6_N001,ALL,1,0,1,5
2022-09-01T17:00:00-00:00,2022-09-01T17:15:00-00:00,2022-09-01,11,AMFORST_6_N001,AMFORST_6_N001,AMFORST_6_N001,RTPD,MGHG,LMP_GHG_PRC,AMFORST_6_N001,ALL,1,0,1,5
2022-09-01T18:00:00-00:00,2022-09-01T18:15:00-00:00,2022-09-01,12,AMFORST_6_N001,AMFORST_6_N001,AMFORST_6_N001,RTPD,MGHG,LMP_GHG_PRC,AMFORST_6_N001,ALL,1,0,1,5
2022-09-01T19:00:00-00:00,2022-09-01T19:15:00-00:00,2022-09-01,13,AMFORST_6_N001,AMFORST_6_N001,AMFORST_6_N001,RTPD,MGHG,LMP_GHG_PRC,AMFORST_6_N001,ALL,1,0,1,5
2022-09-01T20:00:00-00:00,2022-09-01T20:15:00-00:00,2022-09-01,14,AMFORST_6_N001,AMFORST_6_N001,AMFORST_6_N001,RTPD,MGHG,LMP_GHG_PRC,AMFORST_6_N001,ALL,1,0,1,5
2022-09-01T21:00:00-00:00,2022-09-01T21:15:00-00:00,2022-09-01,15,AMFORST_6_N001,AMFORST_6_N001,AMFORST_6_N001,RTPD,MGHG,LMP_GHG_PRC,AMFORST_6_N001,ALL,1,0,1,5
2022-09-01T22:00:00-00:00,2022-09-01T22:15:00-00:00,2022-09-01,16,AMFORST_6_N001,AMFORST_6_N001,AMFORST_6_N001,RTPD,MGHG,LMP_GHG_PRC,AMFORST_6_N001,ALL,1,0,1,5
2022-09-01T23:00:00-00:00,2022-09-01T23:15:00-00:00,2022-09-01,17,AMFORST_6_N001,AMFORST_6_N001,AMFORST_6_N001,RTPD,MGHG,LMP_GHG_PRC,AMFORST_6_N001,ALL,1,0,1,5
2022-09-02T00:00:00-00:00,2022-09-02T00:15:00-00:00,2022-09-01,18,AMFORST_6_N001,AMFORST_6_N001,AMFORST_6_N001,RTPD,MGHG,LMP_GHG_PRC,AMFORST_6_N001,ALL,1,0,1,5
2022-09-02T01:00:00-00:00,2022-09-02T01:15:00-00:00,2022-09-01,19,AMFORST_6_N001,AMFORST_6_N001,AMFORST_6_N001,RTPD,MGHG,LMP_GHG_PRC,AMFORST_6_N001,ALL,1,0,1,5
2022-09-02T02:00:00-00:00,2022-09-02T02:15:00-00:00,2022-09-01,20,AMFORST_6_N001,AMFORST_6_N001,AMFORST_6_N001,RTPD,MGHG,LMP_GHG_PRC,AMFORST_6_N001,ALL,1,0,1,5
2022-09-02T03:00:00-00:00,2022-09-02T03:15:00-00:00,2022-09-01,21,AMFORST_6_N001,AMFORST_6_N001,AMFORST_6_N001,RTPD,MGHG,LMP_GHG_PRC,AMFORST_6_N001,ALL,1,0,1,5
2022-09-02T04:00:00-00:00,2022-09-02T04:15:00-00:00,2022-09-01,22,AMFORST_6_N001,AMFORST_6_N001,AMFORST_6_N001,RTPD,MGHG,LMP_GHG_PRC,AMFORST_6_N001,ALL,1,0,1,5
2022-09-02T05:00:00-00:00,2022-09-02T05:15:00-00:00,2022-09-01,23,AMFORST_6_N001,AMFORST_6_N001,AMFORST_6_N001,RTPD,MGHG,LMP_GHG_PRC,AMFORST_6_N001,ALL,1,0,1,5
2022-09-02T06:00:00-00:00,2022-09-02T06:15:00-00:00,2022-09-01,24,AMFORST_6_N001,AMFORST_6_N001,AMFORST_6_N001,RTPD,MGHG,LMP_GHG_PRC,AMFORST_6_N001,ALL,1,0,1,5
2022-09-01T07:15:00-00:00,2022-09-01T07:30:00-00:00,2022-09-01,01,AMFORST_6_N001,AMFORST_6_N001,AMFORST_6_N001,RTPD,MGHG,LMP_GHG_PRC,AMFORST_6_N001,ALL,1,0,2,5
2022-09-01T08:15:00-00:00,2022-09-01T08:30:00-00:00,2022-09-01,02,AMFORST_6_N001,AMFORST_6_N001,AMFORST_6_N001,RTPD,MGHG,LMP_GHG_PRC,AMFORST_6_N001,ALL,1,0,2,5
2022-09-01T09:15:00-00:00,2022-09-01T09:30:00-00:00,2022-09-01,03,AMFORST_6_N001,AMFORST_6_N001,AMFORST_6_N001,RTPD,MGHG,LMP_GHG_PRC,AMFORST_6_N001,ALL,1,0,2,5
2022-09-01T10:15:00-00:00,2022-09-01T10:30:00-00:00,2022-09-01,04,AMFORST_6_N001,AMFORST_6_N001,AMFORST_6_N001,RTPD,MGHG,LMP_GHG_PRC,AMFORST_6_N001,ALL,1,0,2,5
2022-09-01T11:15:00-00:00,2022-09-01T11:30:00-00:00,2022-09-01,05,AMFORST_6_N001,AMFORST_6_N001,AMFORST_6_N001,RTPD,MGHG,LMP_GHG_PRC,AMFORST_6_N001,ALL,1,0,2,5
2022-09-01T12:15:00-00:00,2022-09-01T12:30:00-00:00,2022-09-01,06,AMFORST_6_N001,AMFORST_6_N001,AMFORST_6_N001,RTPD,MGHG,LMP_GHG_PRC,AMFORST_6_N001,ALL,1,0,2,5
2022-09-01T13:15:00-00:00,2022-09-01T13:30:00-00:00,2022-09-01,07,AMFORST_6_N001,AMFORST_6_N001,AMFORST_6_N001,RTPD,MGHG,LMP_GHG_PRC,AMFORST_6_N001,ALL,1,0,2,5
2022-09-01T14:15:00-00:00,2022-09-01T14:30:00-00:00,2022-09-01,08,AMFORST_6_N001,AMFORST_6_N001,AMFORST_6_N001,RTPD,MGHG,LMP_GHG_PRC,AMFORST_6_N001,ALL,1,0,2,5
2022-09-01T15:15:00-00:00,2022-09-01T15:30:00-00:00,2022-09-01,09,AMFORST_6_N001,AMFORST_6_N001,AMFORST_6_N001,RTPD,MGHG,LMP_GHG_PRC,AMFORST_6_N001,ALL,1,0,2,5
2022-09-01T16:15:00-00:00,2022-09-01T16:30:00-00:00,2022-09-01,10,AMFORST_6_N001,AMFORST_6_N001,AMFORST_6_N001,RTPD,MGHG,LMP_GHG_PRC,AMFORST_6_N001,ALL,1,0,2,5
2022-09-01T17:15:00-00:00,2022-09-01T17:30:00-00:00,2022-09-01,11,AMFORST_6_N001,AMFORST_6_N001,AMFORST_6_N001,RTPD,MGHG,LMP_GHG_PRC,AMFORST_6_N001,ALL,1,0,2,5
2022-09-01T18:15:00-00:00,2022-09-01T18:30:00-00:00,2022-09-01,12,AMFORST_6_N001,AMFORST_6_N001,AMFORST_6_N001,RTPD,MGHG,LMP_GHG_PRC,AMFORST_6_N001,ALL,1,0,2,5
2022-09-01T19:15:00-00:00,2022-09-01T19:30:00-00:00,2022-09-01,13,AMFORST_6_N001,AMFORST_6_N001,AMFORST_6_N001,RTPD,MGHG,LMP_GHG_PRC,AMFORST_6_N001,ALL,1,0,2,5
2022-09-01T20:15:00-00:00,2022-09-01T20:30:00-00:00,2022-09-01,14,AMFORST_6_N001,AMFORST_6_N001,AMFORST_6_N001,RTPD,MGHG,LMP_GHG_PRC,AMFORST_6_N001,ALL,1,0,2,5
2022-09-01T21:15:00-00:00,2022-09-01T21:30:00-00:00,2022-09-01,15,AMFORST_6_N001,AMFORST_6_N001,AMFORST_6_N001,RTPD,MGHG,LMP_GHG_PRC,AMFORST_6_N001,ALL,1,0,2,5
2022-09-01T22:15:00-00:00,2022-09-01T22:30:00-00:00,2022-09-01,16,AMFORST_6_N001,AMFORST_6_N001,AMFORST_6_N001,RTPD,MGHG,LMP_GHG_PRC,AMFORST_6_N001,ALL,1,0,2,5
2022-09-01T23:15:00-00:00,2022-09-01T23:30:00-00:00,2022-09-01,17,AMFORST_6_N001,AMFORST_6_N001,AMFORST_6_N001,RTPD,MGHG,LMP_GHG_PRC,AMFORST_6_N001,ALL,1,0,2,5
2022-09-02T00:15:00-00:00,2022-09-02T00:30:00-00:00,2022-09-01,18,AMFORST_6_N001,AMFORST_6_N001,AMFORST_6_N001,RTPD,MGHG,LMP_GHG_PRC,AMFORST_6_N001,ALL,1,0,2,5
2022-09-02T01:15:00-00:00,2022-09-02T01:30:00-00:00,2022-09-01,19,AMFORST_6_N001,AMFORST_6_N001,AMFORST_6_N001,RTPD,MGHG,LMP_GHG_PRC,AMFORST_6_N001,ALL,1,0,2,5
2022-09-02T02:15:00-00:00,2022-09-02T02:30:00-00:00,2022-09-01,20,AMFORST_6_N001,AMFORST_6_N001,AMFORST_6_N001,RTPD,MGHG,LMP_GHG_PRC,AMFORST_6_N001,ALL,1,0,2,5
2022-09-02T03:15:00-00:00,2022-09-02T03:30:00-00:00,2022-09-01,21,AMFORST_6_N001,AMFORST_6_N001,AMFORST_6_N001,RTPD,MGHG,LMP_GHG_PRC,AMFORST_6_N001,ALL,1,0,2,5
2022-09-02T04:15:00-00:00,2022-09-02T04:30:00-00:00,2022-09-01,22,AMFORST_6_N001,AMFORST_6_N001,AMFORST_6_N001,RTPD,MGHG,LMP_GHG_PRC,AMFORST_6_N001,ALL,1,0,2,5
2022-09-02T05:15:00-00:00,2022-09-02T05:30:00-00:00,2022-09-01,23,AMFORST_6_N001,AMFORST_6_N001,AMFORST_6_N001,RTPD,MGHG,LMP_GHG_PRC,AMFORST_6_N001,ALL,1,0,2,5
2022-09-02T06:15:00-00:00,2022-09-02T06:30:00-00:00,2022-09-01,24,AMFORST_6_N001,AMFORST_6_N001,AMFORST_6_N001,RTPD,MGHG,LMP_GHG_PRC,AMFORST_6_N001,ALL,1,0,2,5
2022-09-01T07:30:00-00:00,2022-09-01T07:45:00-00:00,2022-09-01,01,AMFORST_6_N001,AMFORST_6_N001,AMFORST_6_N001,RTPD,MGHG,LMP_GHG_PRC,AMFORST_6_N001,ALL,1,0,3,5
2022-09-01T08:30:00-00:00,2022-09-01T08:45:00-00:00,2022-09-01,02,AMFORST_6_N001,AMFORST_6_N001,AMFORST_6_N001,RTPD,MGHG,LMP_GHG_PRC,AMFORST_6_N001,ALL,1,0,3,5
2022-09-01T09:30:00-00:00,2022-09-01T09:45:00-00:00,2022-09-01,03,AMFORST_6_N001,AMFORST_6_N001,AMFORST_6_N001,RTPD,MGHG,LMP_GHG_PRC,AMFORST_6_N001,ALL,1,0,3,5
2022-09-01T10:30:00-00:00,2022-09-01T10:45:00-00:00,2022-09-01,04,AMFORST_6_N001,AMFORST_6_N001,AMFORST_6_N001,RTPD,MGHG,LMP_GHG_PRC,AMFORST_6_N001,ALL,1,0,3,5
2022-09-01T11:30:00-00:00,2022-09-01T11:45:00-00:00,2022-09-01,05,AMFORST_6_N001,AMFORST_6_N001,AMFORST_6_N001,RTPD,MGHG,LMP_GHG_PRC,AMFORST_6_N001,ALL,1,0,3,5
2022-09-01T12:30:00-00:00,2022-09-01T12:45:00-00:00,2022-09-01,06,AMFORST_6_N001,AMFORST_6_N001,AMFORST_6_N001,RTPD,MGHG,LMP_GHG_PRC,AMFORST_6_N001,ALL,1,0,3,5
2022-09-01T13:30:00-00:00,2022-09-01T13:45:00-00:00,2022-09-01,07,AMFORST_6_N001,AMFORST_6_N001,AMFORST_6_N001,RTPD,MGHG,LMP_GHG_PRC,AMFORST_6_N001,ALL,1,0,3,5
2022-09-01T14:30:00-00:00,2022-09-01T14:45:00-00:00,2022-09-01,08,AMFORST_6_N001,AMFORST_6_N001,AMFORST_6_N001,RTPD,MGHG,LMP_GHG_PRC,AMFORST_6_N001,ALL,1,0,3,5
2022-09-01T15:30:00-00:00,2022-09-01T15:45:00-00:00,2022-09-01,09,AMFORST_6_N001,AMFORST_6_N001,AMFORST_6_N001,RTPD,MGHG,LMP_GHG_PRC,AMFORST_6_N001,ALL,1,0,3,5
2022-09-01T16:30:00-00:00,2022-09-01T16:45:00-00:00,2022-09-01,10,AMFORST_6_N001,AMFORST_6_N001,AMFORST_6_N001,RTPD,MGHG,LMP_GHG_PRC,AMFORST_6_N001,ALL,1,0,3,5
2022-09-01T17:30:00-00:00,2022-09-01T17:45:00-00:00,2022-09-01,11,AMFORST_6_N001,AMFORST_6_N001,AMFORST_6_N001,RTPD,MGHG,LMP_GHG_PRC,AMFORST_6_N001,ALL,1,0,3,5
2022-09-01T18:30:00-00:00,2022-09-01T18:45:00-00:00,2022-09-01,12,AMFORST_6_N001,AMFORST_6_N001,AMFORST_6_N001,RTPD,MGHG,LMP_GHG_PRC,AMFORST_6_N001,ALL,1,0,3,5
2022-09-01T19:30:00-00:00,2022-09-01T19:45:00-00:00,2022-09-01,13,AMFORST_6_N001,AMFORST_6_N001,AMFORST_6_N001,RTPD,MGHG,LMP_GHG_PRC,AMFORST_6_N001,ALL,1,0,3,5
2022-09-01T20:30:00-00:00,2022-09-01T20:45:00-00:00,2022-09-01,14,AMFORST_6_N001,AMFORST_6_N001,AMFORST_6_N001,RTPD,MGHG,LMP_GHG_PRC,AMFORST_6_N001,ALL,1,0,3,5
2022-09-01T21:30:00-00:00,2022-09-01T21:45:00-00:00,2022-09-01,15,AMFORST_6_N001,AMFORST_6_N001,AMFORST_6_N001,RTPD,MGHG,LMP_GHG_PRC,AMFORST_6_N001,ALL,1,0,3,5
2022-09-01T22:30:00-00:00,2022-09-01T22:45:00-00:00,2022-09-01,16,AMFORST_6_N001,AMFORST_6_N001,AMFORST_6_N001,RTPD,MGHG,LMP_GHG_PRC,AMFORST_6_N001,ALL,1,0,3,5
2022-09-01T23:30:00-00:00,2022-09-01T23:45:00-00:00,2022-09-01,17,AMFORST_6_N001,AMFORST_6_N001,AMFORST_6_N001,RTPD,MGHG,LMP_GHG_PRC,AMFORST_6_N001,ALL,1,0,3,5
2022-09-02T00:30:00-00:00,2022-09-02T00:45:00-00:00,2022-09-01,18,AMFORST_6_N001,AMFORST_6_N001,AMFORST_6_N001,RTPD,MGHG,LMP_GHG_PRC,AMFORST_6_N001,ALL,1,0,3,5
2022-09-02T01:30:00-00:00,2022-09-02T01:45:00-00:00,2022-09-01,19,AMFORST_6_N001,AMFORST_6_N001,AMFORST_6_N001,RTPD,MGHG,LMP_GHG_PRC,AMFORST_6_N001,ALL,1,0,3,5
2022-09-02T02:30:00-00:00,2022-09-02T02:45:00-00:00,2022-09-01,20,AMFORST_6_N001,AMFORST_6_N001,AMFORST_6_N001,RTPD,MGHG,LMP_GHG_PRC,AMFORST_6_N001,ALL,1,0,3,5
2022-09-02T03:30:00-00:00,2022-09-02T03:45:00-00:00,2022-09-01,21,AMFORST_6_N001,AMFORST_6_N001,AMFORST_6_N001,RTPD,MGHG,LMP_GHG_PRC,AMFORST_6_N001,ALL,1,0,3,5
2022-09-02T04:30:00-00:00,2022-09-02T04:45:00-00:00,2022-09-01,22,AMFORST_6_N001,AMFORST_6_N001,AMFORST_6_N001,RTPD,MGHG,LMP_GHG_PRC,AMFORST_6_N001,ALL,1,0,3,5
2022-09-02T05:30:00-00:00,2022-09-02T05:45:00-00:00,2022-09-01,23,AMFORST_6_N001,AMFORST_6_N001,AMFORST_6_N001,RTPD,MGHG,LMP_GHG_PRC,AMFORST_6_N001,ALL,1,0,3,5
2022-09-02T06:30:00-00:00,2022-09-02T06:45:00-00:00,2022-09-01,24,AMFORST_6_N001,AMFORST_6_N001,AMFORST_6_N001,RTPD,MGHG,LMP_GHG_PRC,AMFORST_6_N001,ALL,1,0,3,5
2022-09-01T07:45:00-00:00,2022-09-01T08:00:00-00:00,2022-09-01,01,AMFORST_6_N001,AMFORST_6_N001,AMFORST_6_N001,RTPD,MGHG,LMP_GHG_PRC,AMFORST_6_N001,ALL,1,0,4,5
2022-09-01T08:45:00-00:00,2022-09-01T09:00:00-00:00,2022-09-01,02,AMFORST_6_N001,AMFORST_6_N001,AMFORST_6_N001,RTPD,MGHG,LMP_GHG_PRC,AMFORST_6_N001,ALL,1,0,4,5
2022-09-01T09:45:00-00:00,2022-09-01T10:00:00-00:00,2022-09-01,03,AMFORST_6_N001,AMFORST_6_N001,AMFORST_6_N001,RTPD,MGHG,LMP_GHG_PRC,AMFORST_6_N001,ALL,1,0,4,5
2022-09-01T10:45:00-00:00,2022-09-01T11:00:00-00:00,2022-09-01,04,AMFORST_6_N001,AMFORST_6_N001,AMFORST_6_N001,RTPD,MGHG,LMP_GHG_PRC,AMFORST_6_N001,ALL,1,0,4,5
2022-09-01T11:45:00-00:00,2022-09-01T12:00:00-00:00,2022-09-01,05,AMFORST_6_N001,AMFORST_6_N001,AMFORST_6_N001,RTPD,MGHG,LMP_GHG_PRC,AMFORST_6_N001,ALL,1,0,4,5
2022-09-01T12:45:00-00:00,2022-09-01T13:00:00-00:00,2022-09-01,06,AMFORST_6_N001,AMFORST_6_N001,AMFORST_6_N001,RTPD,MGHG,LMP_GHG_PRC,AMFORST_6_N001,ALL,1,0,4,5
2022-09-01T13:45:00-00:00,2022-09-01T14:00:00-00:00,2022-09-01,07,AMFORST_6_N001,AMFORST_6_N001,AMFORST_6_N001,RTPD,MGHG,LMP_GHG_PRC,AMFORST_6_N001,ALL,1,0,4,5
2022-09-01T14:45:00-00:00,2022-09-01T15:00:00-00:00,2022-09-01,08,AMFORST_6_N001,AMFORST_6_N001,AMFORST_6_N001,RTPD,MGHG,LMP_GHG_PRC,AMFORST_6_N001,ALL,1,0,4,5
2022-09-01T15:45:00-00:00,2022-09-01T16:00:00-00:00,2022-09-01,09,AMFORST_6_N001,AMFORST_6_N001,AMFORST_6_N001,RTPD,MGHG,LMP_GHG_PRC,AMFORST_6_N001,ALL,1,0,4,5
2022-09-01T16:45:00-00:00,2022-09-01T17:00:00-00:00,2022-09-01,10,AMFORST_6_N001,AMFORST_6_N001,AMFORST_6_N001,RTPD,MGHG,LMP_GHG_PRC,AMFORST_6_N001,ALL,1,0,4,5
2022-09-01T17:45:00-00:00,2022-09-01T18:00:00-00:00,2022-09-01,11,AMFORST_6_N001,AMFORST_6_N001,AMFORST_6_N001,RTPD,MGHG,LMP_GHG_PRC,AMFORST_6_N001,ALL,1,0,4,5
2022-09-01T18:45:00-00:00,2022-09-01T19:00:00-00:00,2022-09-01,12,AMFORST_6_N001,AMFORST_6_N001,AMFORST_6_N001,RTPD,MGHG,LMP_GHG_PRC,AMFORST_6_N001,ALL,1,0,4,5
2022-09-01T19:45:00-00:00,2022-09-01T20:00:00-00:00,2022-09-01,13,AMFORST_6_N001,AMFORST_6_N001,AMFORST_6_N001,RTPD,MGHG,LMP_GHG_PRC,AMFORST_6_N001,ALL,1,0,4,5
2022-09-01T20:45:00-00:00,2022-09-01T21:00:00-00:00,2022-09-01,14,AMFORST_6_N001,AMFORST_6_N001,AMFORST_6_N001,RTPD,MGHG,LMP_GHG_PRC,AMFORST_6_N001,ALL,1,0,4,5
2022-09-01T21:45:00-00:00,2022-09-01T22:00:00-00:00,2022-09-01,15,AMFORST_6_N001,AMFORST_6_N001,AMFORST_6_N001,RTPD,MGHG,LMP_GHG_PRC,AMFORST_6_N001,ALL,1,0,4,5
2022-09-01T22:45:00-00:00,2022-09-01T23:00:00-00:00,2022-09-01,16,AMFORST_6_N001,AMFORST_6_N001,AMFORST_6_N001,RTPD,MGHG,LMP_GHG_PRC,AMFORST_6_N001,ALL,1,0,4,5
2022-09-01T23:45:00-00:00,2022-09-02T00:00:00-00:00,2022-09-01,17,AMFORST_6_N001,AMFORST_6_N001,AMFORST_6_N001,RTPD,MGHG,LMP_GHG_PRC,AMFORST_6_N001,ALL,1,0,4,5
2022-09-02T00:45:00-00:00,2022-09-02T01:00:00-00:00,2022-09-01,18,AMFORST_6_N001,AMFORST_6_N001,AMFORST_6_N001,RTPD,MGHG,LMP_GHG_PRC,AMFORST_6_N001,ALL,1,0,4,5
2022-09-02T01:45:00-00:00,2022-09-02T02:00:00-00:00,2022-09-01,19,AMFORST_6_N001,AMFORST_6_N001,AMFORST_6_N001,RTPD,MGHG,LMP_GHG_PRC,AMFORST_6_N001,ALL,1,0,4,5
2022-09-02T02:45:00-00:00,2022-09-02T03:00:00-00:00,2022-09-01,20,AMFORST_6_N001,AMFORST_6_N001,AMFORST_6_N001,RTPD,MGHG,LMP_GHG_PRC,AMFORST_6_N001,ALL,1,0,4,5
2022-09-02T03:45:00-00:00,2022-09-02T04:00:00-00:00,2022-09-01,21,AMFORST_6_N001,AMFORST_6_N001,AMFORST_6_N001,RTPD,MGHG,LMP_GHG_PRC,AMFORST_6_N001,ALL,1,0,4,5
2022-09-02T04:45:00-00:00,2022-09-02T05:00:00-00:00,2022-09-01,22,AMFORST_6_N001,AMFORST_6_N001,AMFORST_6_N001,RTPD,MGHG,LMP_GHG_PRC,AMFORST_6_N001,ALL,1,0,4,5
2022-09-02T05:45:00-00:00,2022-09-02T06:00:00-00:00,2022-09-01,23,AMFORST_6_N001,AMFORST_6_N001,AMFORST_6_N001,RTPD,MGHG,LMP_GHG_PRC,AMFORST_6_N001,ALL,1,0,4,5
2022-09-02T06:45:00-00:00,2022-09-02T07:00:00-00:00,2022-09-01,24,AMFORST_6_N001,AMFORST_6_N001,AMFORST_6_N001,RTPD,MGHG,LMP_GHG_PRC,AMFORST_6_N001,ALL,1,0,4,5
