INTERVALSTARTTIME_GMT,INTERVALENDTIME_GMT,OPR_DT,OPR_HR,NODE_ID_XML,NODE_ID,NODE,MARKET_RUN_ID,LMP_TYPE,XML_DATA_ITEM,PNODE_RESMRID,GRP_TYPE,POS,PRC,OPR_INTERVAL,GROUP
2022-09-01T07:00:00-00:00,2022-09-01T07:15:00-00:00,2022-09-01,01,ALTA41GT_7_B1,ALTA41GT_7_B1,ALTA41GT_7_B1,RTPD,LMP,LMP_PRC,ALTA41GT_7_B1,ALL,1,148.24847,1,1
2022-09-01T08:00:00-00:00,2022-09-01T08:15:00-00:00,2022-09-01,02,ALTA41GT_7_B1,ALTA41GT_7_B1,ALTA41GT_7_B1,RTPD,LMP,LMP_PRC,ALTA41GT_7_B1,ALL,1,118.65849,1,1
2022-09-01T09:00:00-00:00,2022-09-01T09:15:00-00:00,2022-09-01,03,ALTA41GT_7_B1,ALTA41GT_7_B1,ALTA41GT_7_B1,RTPD,LMP,LMP_PRC,ALTA41GT_7_B1,ALL,1,112.58379,1,1
2022-09-01T10:00:00-00:00,2022-09-01T10:15:00-00:00,2022-09-01,04,ALTA41GT_7_B1,ALTA41GT_7_B1,ALTA41GT_7_B1,RTPD,LMP,LMP_PRC,ALTA41GT_7_B1,ALL,1,110.8389,1,1
2022-09-01T11:00:00-00:00,2022-09-01T11:15:00-00:00,2022-09-01,05,ALTA41GT_7_B1,ALTA41GT_7_B1,ALTA41GT_7_B1,RTPD,LMP,LMP_PRC,ALTA41GT_7_B1,ALL,1,110.01507,1,1
2022-09-01T12:00:00-00:00,2022-09-01T12:15:00-00:00,2022-09-01,06,ALTA41GT_7_B1,ALTA41GT_7_B1,ALTA41GT_7_B1,RTPD,LMP,LMP_PRC,ALTA41GT_7_B1,ALL,1,113.10553,1,1
2022-09-01T13:00:00-00:00,2022-09-01T13:15:00-00:00,2022-09-01,07,ALTA41GT_7_B1,ALTA41GT_7_B1,ALTA41GT_7_B1,RTPD,LMP,LMP_PRC,ALTA41GT_7_B1,ALL,1,114.9352,1,1
2022-09-01T14:00:00-00:00,2022-09-01T14:15:00-00:00,2022-09-01,08,ALTA41GT_7_B1,ALTA41GT_7_B1,ALTA41GT_7_B1,RTPD,LMP,LMP_PRC,ALTA41GT_7_B1,ALL,1,116.84558,1,1
2022-09-01T15:00:00-00:00,2022-09-01T15:15:00-00:00,2022-09-01,09,ALTA41GT_7_B1,ALTA41GT_7_B1,ALTA41GT_7_B1,RTPD,LMP,LMP_PRC,ALTA41GT_7_B1,ALL,1,97.4112,1,1
2022-09-01T16:00:00-00:00,2022-09-01T16:15:00-00:00,2022-09-01,10,ALTA41GT_7_B1,ALTA41GT_7_B1,ALTA41GT_7_B1,RTPD,LMP,LMP_PRC,ALTA41GT_7_B1,ALL,1,83.43525,1,1
2022-09-01T17:00:00-00:00,2022-09-01T17:15:00-00:00,2022-09-01,11,ALTA41GT_7_B1,ALTA41GT_7_B1,ALTA41GT_7_B1,RTPD,LMP,LMP_PRC,ALTA41GT_7_B1,ALL,1,112.0426,1,1
2022-09-01T18:00:00-00:00,2022-09-01T18:15:00-00:00,2022-09-01,12,ALTA41GT_7_B1,ALTA41GT_7_B1,ALTA41GT_7_B1,RTPD,LMP,LMP_PRC,ALTA41GT_7_B1,ALL,1,119.40881,1,1
2022-09-01T19:00:00-00:00,2022-09-01T19:15:00-00:00,2022-09-01,13,ALTA41GT_7_B1,ALTA41GT_7_B1,ALTA41GT_7_B1,RTPD,LMP,LMP_PRC,ALTA41GT_7_B1,ALL,1,139.38966,1,1
2022-09-01T20:00:00-00:00,2022-09-01T20:15:00-00:00,2022-09-01,14,ALTA41GT_7_B1,ALTA41GT_7_B1,ALTA41GT_7_B1,RTPD,LMP,LMP_PRC,ALTA41GT_7_B1,ALL,1,120.91214,1,1
2022-09-01T21:00:00-00:00,2022-09-01T21:15:00-00:00,2022-09-01,15,ALTA41GT_7_B1,ALTA41GT_7_B1,ALTA41GT_7_B1,RTPD,LMP,LMP_PRC,ALTA41GT_7_B1,ALL,1,312.24252,1,1
2022-09-01T22:00:00-00:00,2022-09-01T22:15:00-00:00,2022-09-01,16,ALTA41GT_7_B1,ALTA41GT_7_B1,ALTA41GT_7_B1,RTPD,LMP,LMP_PRC,ALTA41GT_7_B1,ALL,1,322.7076,1,1
2022-09-01T23:00:00-00:00,2022-09-01T23:15:00-00:00,2022-09-01,17,ALTA41GT_7_B1,ALTA41GT_7_B1,ALTA41GT_7_B1,RTPD,LMP,LMP_PRC,ALTA41GT_7_B1,ALL,1,566.828,1,1
2022-09-02T00:00:00-00:00,2022-09-02T00:15:00-00:00,2022-09-01,18,ALTA41GT_7_B1,ALTA41GT_7_B1,ALTA41GT_7_B1,RTPD,LMP,LMP_PRC,ALTA41GT_7_B1,ALL,1,990.6921,1,1
2022-09-02T01:00:00-00:00,2022-09-02T01:15:00-00:00,2022-09-01,19,ALTA41GT_7_B1,ALTA41GT_7_B1,ALTA41GT_7_B1,RTPD,LMP,LMP_PRC,ALTA41GT_7_B1,ALL,1,1101.474,1,1
2022-09-02T02:00:00-00:00,2022-09-02T02:15:00-00:00,2022-09-01,20,ALTA41GT_7_B1,ALTA41GT_7_B1,ALTA41GT_7_B1,RTPD,LMP,LMP_PRC,ALTA41GT_7_B1,ALL,1,1991.6721,1,1
2022-09-02T03:00:00-00:00,2022-09-02T03:15:00-00:00,2022-09-01,21,ALTA41GT_7_B1,ALTA41GT_7_B1,ALTA41GT_7_B1,RTPD,LMP,LMP_PRC,ALTA41GT_7_B1,ALL,1,1320.8667,1,1
2022-09-02T04:00:00-00:00,2022-09-02T04:15:00-00:00,2022-09-01,22,ALTA41GT_7_B1,ALTA41GT_7_B1,ALTA41GT_7_B1,RTPD,LMP,LMP_PRC,ALTA41GT_7_B1,ALL,1,223.7163,1,1
2022-09-02T05:00:00-00:00,2022-09-02T05:15:00-00:00,2022-09-01,23,ALTA41GT_7_B1,ALTA41GT_7_B1,ALTA41GT_7_B1,RTPD,LMP,LMP_PRC,ALTA41GT_7_B1,ALL,1,219.36597,1,1
2022-09-02T06:00:00-00:00,2022-09-02T06:15:00-00:00,2022-09-01,24,ALTA41GT_7_B1,ALTA41GT_7_B1,ALTA41GT_7_B1,RTPD,LMP,LMP_PRC,ALTA41GT_7_B1,ALL,1,171.97453,1,1
2022-09-01T07:15:00-00:00,2022-09-01T07:30:00-00:00,2022-09-01,01,ALTA41GT_7_B1,ALTA41GT_7_B1,ALTA41GT_7_B1,RTPD,LMP,LMP_PRC,ALTA41GT_7_B1,ALL,1,134.7655,2,1
2022-09-01T08:15:00-00:00,2022-09-01T08:30:00-00:00,2022-09-01,02,ALTA41GT_7_B1,ALTA41GT_7_B1,ALTA41GT_7_B1,RTPD,LMP,LMP_PRC,ALTA41GT_7_B1,ALL,1,116.38045,2,1
2022-09-01T09:15:00-00:00,2022-09-01T09:30:00-00:00,2022-09-01,03,ALTA41GT_7_B1,ALTA41GT_7_B1,ALTA41GT_7_B1,RTPD,LMP,LMP_PRC,ALTA41GT_7_B1,ALL,1,112.27255,2,1
2022-09-01T10:15:00-00:00,2022-09-01T10:30:00-00:00,2022-09-01,04,ALTA41GT_7_B1,ALTA41GT_7_B1,ALTA41GT_7_B1,RTPD,LMP,LMP_PRC,ALTA41GT_7_B1,ALL,1,109.81927,2,1
2022-09-01T11:15:00-00:00,2022-09-01T11:30:00-00:00,2022-09-01,05,ALTA41GT_7_B1,ALTA41GT_7_B1,ALTA41GT_7_B1,RTPD,LMP,LMP_PRC,ALTA41GT_7_B1,ALL,1,110.64713,2,1
2022-09-01T12:15:00-00:00,2022-09-01T12:30:00-00:00,2022-09-01,06,ALTA41GT_7_B1,ALTA41GT_7_B1,ALTA41GT_7_B1,RTPD,LMP,LMP_PRC,ALTA41GT_7_B1,ALL,1,122.91128,2,1
2022-09-01T13:15:00-00:00,2022-09-01T13:30:00-00:00,2022-09-01,07,ALTA41GT_7_B1,ALTA41GT_7_B1,ALTA41GT_7_B1,RTPD,LMP,LMP_PRC,ALTA41GT_7_B1,ALL,1,119.04503,2,1
2022-09-01T14:15:00-00:00,2022-09-01T14:30:00-00:00,2022-09-01,08,ALTA41GT_7_B1,ALTA41GT_7_B1,ALTA41GT_7_B1,RTPD,LMP,LMP_PRC,ALTA41GT_7_B1,ALL,1,109.98489,2,1
2022-09-01T15:15:00-00:00,2022-09-01T15:30:00-00:00,2022-09-01,09,ALTA41GT_7_B1,ALTA41GT_7_B1,ALTA41GT_7_B1,RTPD,LMP,LMP_PRC,ALTA41GT_7_B1,ALL,1,86.9388,2,1
2022-09-01T16:15:00-00:00,2022-09-01T16:30:00-00:00,2022-09-01,10,ALTA41GT_7_B1,ALTA41GT_7_B1,ALTA41GT_7_B1,RTPD,LMP,LMP_PRC,ALTA41GT_7_B1,ALL,1,90.98696,2,1
2022-09-01T17:15:00-00:00,2022-09-01T17:30:00-00:00,2022-09-01,11,ALTA41GT_7_B1,ALTA41GT_7_B1,ALTA41GT_7_B1,RTPD,LMP,LMP_PRC,ALTA41GT_7_B1,ALL,1,117.40979,2,1
2022-09-01T18:15:00-00:00,2022-09-01T18:30:00-00:00,2022-09-01,12,ALTA41GT_7_B1,ALTA41GT_7_B1,ALTA41GT_7_B1,RTPD,LMP,LMP_PRC,ALTA41GT_7_B1,ALL,1,123.8096,2,1
2022-09-01T19:15:00-00:00,2022-09-01T19:30:00-00:00,2022-09-01,13,ALTA41GT_7_B1,ALTA41GT_7_B1,ALTA41GT_7_B1,RTPD,LMP,LMP_PRC,ALTA41GT_7_B1,ALL,1,130.16924,2,1
2022-09-01T20:15:00-00:00,2022-09-01T20:30:00-00:00,2022-09-01,14,ALTA41GT_7_B1,ALTA41GT_7_B1,ALTA41GT_7_B1,RTPD,LMP,LMP_PRC,ALTA41GT_7_B1,ALL,1,120.16745,2,1
2022-09-01T21:15:00-00:00,2022-09-01T21:30:00-00:00,2022-09-01,15,ALTA41GT_7_B1,ALTA41GT_7_B1,ALTA41GT_7_B1,RTPD,LMP,LMP_PRC,ALTA41GT_7_B1,ALL,1,170.35316,2,1
2022-09-01T22:15:00-00:00,2022-09-01T22:30:00-00:00,2022-09-01,16,ALTA41GT_7_B1,ALTA41GT_7_B1,ALTA41GT_7_B1,RTPD,LMP,LMP_PRC,ALTA41GT_7_B1,ALL,1,359.18246,2,1
2022-09-01T23:15:00-00:00,2022-09-01T23:30:00-00:00,2022-09-01,17,ALTA41GT_7_B1,ALTA41GT_7_B1,ALTA41GT_7_B1,RTPD,LMP,LMP_PRC,ALTA41GT_7_B1,ALL,1,490.26254,2,1
2022-09-02T00:15:00-00:00,2022-09-02T00:30:00-00:00,2022-09-01,18,ALTA41GT_7_B1,ALTA41GT_7_B1,ALTA41GT_7_B1,RTPD,LMP,LMP_PRC,ALTA41GT_7_B1,ALL,1,898.5831,2,1
2022-09-02T01:15:00-00:00,2022-09-02T01:30:00-00:00,2022-09-01,19,ALTA41GT_7_B1,ALTA41GT_7_B1,ALTA41GT_7_B1,RTPD,LMP,LMP_PRC,ALTA41GT_7_B1,ALL,1,1999.9933,2,1
2022-09-02T02:15:00-00:00,2022-09-02T02:30:00-00:00,2022-09-01,20,ALTA41GT_7_B1,ALTA41GT_7_B1,ALTA41GT_7_B1,RTPD,LMP,LMP_PRC,ALTA41GT_7_B1,ALL,1,1991.6721,2,1
2022-09-02T03:15:00-00:00,2022-09-02T03:30:00-00:00,2022-09-01,21,ALTA41GT_7_B1,ALTA41GT_7_B1,ALTA41GT_7_B1,RTPD,LMP,LMP_PRC,ALTA41GT_7_B1,ALL,1,548.25494,2,1
2022-09-02T04:15:00-00:00,2022-09-02T04:30:00-00:00,2022-09-01,22,ALTA41GT_7_B1,ALTA41GT_7_B1,ALTA41GT_7_B1,RTPD,LMP,LMP_PRC,ALTA41GT_7_B1,ALL,1,193.10526,2,1
2022-09-02T05:15:00-00:00,2022-09-02T05:30:00-00:00,2022-09-01,23,ALTA41GT_7_B1,ALTA41GT_7_B1,ALTA41GT_7_B1,RTPD,LMP,LMP_PRC,ALTA41GT_7_B1,ALL,1,191.53018,2,1
2022-09-02T06:15:00-00:00,2022-09-02T06:30:00-00:00,2022-09-01,24,ALTA41GT_7_B1,ALTA41GT_7_B1,ALTA41GT_7_B1,RTPD,LMP,LMP_PRC,ALTA41GT_7_B1,ALL,1,161.20287,2,1
2022-09-01T07:30:00-00:00,2022-09-01T07:45:00-00:00,2022-09-01,01,ALTA41GT_7_B1,ALTA41GT_7_B1,ALTA41GT_7_B1,RTPD,LMP,LMP_PRC,ALTA41GT_7_B1,ALL,1,134.02881,3,1
2022-09-01T08:30:00-00:00,2022-09-01T08:45:00-00:00,2022-09-01,02,ALTA41GT_7_B1,ALTA41GT_7_B1,ALTA41GT_7_B1,RTPD,LMP,LMP_PRC,ALTA41GT_7_B1,ALL,1,120.06887,3,1
2022-09-01T09:30:00-00:00,2022-09-01T09:45:00-00:00,2022-09-01,03,ALTA41GT_7_B1,ALTA41GT_7_B1,ALTA41GT_7_B1,RTPD,LMP,LMP_PRC,ALTA41GT_7_B1,ALL,1,111.83666,3,1
2022-09-01T10:30:00-00:00,2022-09-01T10:45:00-00:00,2022-09-01,04,ALTA41GT_7_B1,ALTA41GT_7_B1,ALTA41GT_7_B1,RTPD,LMP,LMP_PRC,ALTA41GT_7_B1,ALL,1,106.91608,3,1
2022-09-01T11:30:00-00:00,2022-09-01T11:45:00-00:00,2022-09-01,05,ALTA41GT_7_B1,ALTA41GT_7_B1,ALTA41GT_7_B1,RTPD,LMP,LMP_PRC,ALTA41GT_7_B1,ALL,1,110.69887,3,1
2022-09-01T12:30:00-00:00,2022-09-01T12:45:00-00:00,2022-09-01,06,ALTA41GT_7_B1,ALTA41GT_7_B1,ALTA41GT_7_B1,RTPD,LMP,LMP_PRC,ALTA41GT_7_B1,ALL,1,131.26205,3,1
2022-09-01T13:30:00-00:00,2022-09-01T13:45:00-00:00,2022-09-01,07,ALTA41GT_7_B1,ALTA41GT_7_B1,ALTA41GT_7_B1,RTPD,LMP,LMP_PRC,ALTA41GT_7_B1,ALL,1,119.02556,3,1
2022-09-01T14:30:00-00:00,2022-09-01T14:45:00-00:00,2022-09-01,08,ALTA41GT_7_B1,ALTA41GT_7_B1,ALTA41GT_7_B1,RTPD,LMP,LMP_PRC,ALTA41GT_7_B1,ALL,1,106.25389,3,1
2022-09-01T15:30:00-00:00,2022-09-01T15:45:00-00:00,2022-09-01,09,ALTA41GT_7_B1,ALTA41GT_7_B1,ALTA41GT_7_B1,RTPD,LMP,LMP_PRC,ALTA41GT_7_B1,ALL,1,86.1388,3,1
2022-09-01T16:30:00-00:00,2022-09-01T16:45:00-00:00,2022-09-01,10,ALTA41GT_7_B1,ALTA41GT_7_B1,ALTA41GT_7_B1,RTPD,LMP,LMP_PRC,ALTA41GT_7_B1,ALL,1,101.53061,3,1
2022-09-01T17:30:00-00:00,2022-09-01T17:45:00-00:00,2022-09-01,11,ALTA41GT_7_B1,ALTA41GT_7_B1,ALTA41GT_7_B1,RTPD,LMP,LMP_PRC,ALTA41GT_7_B1,ALL,1,117.05201,3,1
2022-09-01T18:30:00-00:00,2022-09-01T18:45:00-00:00,2022-09-01,12,ALTA41GT_7_B1,ALTA41GT_7_B1,ALTA41GT_7_B1,RTPD,LMP,LMP_PRC,ALTA41GT_7_B1,ALL,1,130.40665,3,1
2022-09-01T19:30:00-00:00,2022-09-01T19:45:00-00:00,2022-09-01,13,ALTA41GT_7_B1,ALTA41GT_7_B1,ALTA41GT_7_B1,RTPD,LMP,LMP_PRC,ALTA41GT_7_B1,ALL,1,124.96427,3,1
2022-09-01T20:30:00-00:00,2022-09-01T20:45:00-00:00,2022-09-01,14,ALTA41GT_7_B1,ALTA41GT_7_B1,ALTA41GT_7_B1,RTPD,LMP,LMP_PRC,ALTA41GT_7_B1,ALL,1,140.60204,3,1
2022-09-01T21:30:00-00:00,2022-09-01T21:45:00-00:00,2022-09-01,15,ALTA41GT_7_B1,ALTA41GT_7_B1,ALTA41GT_7_B1,RTPD,LMP,LMP_PRC,ALTA41GT_7_B1,ALL,1,174.18929,3,1
2022-09-01T22:30:00-00:00,2022-09-01T22:45:00-00:00,2022-09-01,16,ALTA41GT_7_B1,ALTA41GT_7_B1,ALTA41GT_7_B1,RTPD,LMP,LMP_PRC,ALTA41GT_7_B1,ALL,1,394.0006,3,1
2022-09-01T23:30:00-00:00,2022-09-01T23:45:00-00:00,2022-09-01,17,ALTA41GT_7_B1,ALTA41GT_7_B1,ALTA41GT_7_B1,RTPD,LMP,LMP_PRC,ALTA41GT_7_B1,ALL,1,566.48157,3,1
2022-09-02T00:30:00-00:00,2022-09-02T00:45:00-00:00,2022-09-01,18,ALTA41GT_7_B1,ALTA41GT_7_B1,ALTA41GT_7_B1,RTPD,LMP,LMP_PRC,ALTA41GT_7_B1,ALL,1,1589.2762,3,1
2022-09-02T01:30:00-00:00,2022-09-02T01:45:00-00:00,2022-09-01,19,ALTA41GT_7_B1,ALTA41GT_7_B1,ALTA41GT_7_B1,RTPD,LMP,LMP_PRC,ALTA41GT_7_B1,ALL,1,1999.9956,3,1
2022-09-02T02:30:00-00:00,2022-09-02T02:45:00-00:00,2022-09-01,20,ALTA41GT_7_B1,ALTA41GT_7_B1,ALTA41GT_7_B1,RTPD,LMP,LMP_PRC,ALTA41GT_7_B1,ALL,1,1991.671,3,1
2022-09-02T03:30:00-00:00,2022-09-02T03:45:00-00:00,2022-09-01,21,ALTA41GT_7_B1,ALTA41GT_7_B1,ALTA41GT_7_B1,RTPD,LMP,LMP_PRC,ALTA41GT_7_B1,ALL,1,229.69131,3,1
2022-09-02T04:30:00-00:00,2022-09-02T04:45:00-00:00,2022-09-01,22,ALTA41GT_7_B1,ALTA41GT_7_B1,ALTA41GT_7_B1,RTPD,LMP,LMP_PRC,ALTA41GT_7_B1,ALL,1,177.61478,3,1
2022-09-02T05:30:00-00:00,2022-09-02T05:45:00-00:00,2022-09-01,23,ALTA41GT_7_B1,ALTA41GT_7_B1,ALTA41GT_7_B1,RTPD,LMP,LMP_PRC,ALTA41GT_7_B1,ALL,1,160.19391,3,1
2022-09-02T06:30:00-00:00,2022-09-02T06:45:00-00:00,2022-09-01,24,ALTA41GT_7_B1,ALTA41GT_7_B1,ALTA41GT_7_B1,RTPD,LMP,LMP_PRC,ALTA41GT_7_B1,ALL,1,155.97043,3,1
2022-09-01T07:45:00-00:00,2022-09-01T08:00:00-00:00,2022-09-01,01,ALTA41GT_7_B1,ALTA41GT_7_B1,ALTA41GT_7_B1,RTPD,LMP,LMP_PRC,ALTA41GT_7_B1,ALL,1,126.21498,4,1
2022-09-01T08:45:00-00:00,2022-09-01T09:00:00-00:00,2022-09-01,02,ALTA41GT_7_B1,ALTA41GT_7_B1,ALTA41GT_7_B1,RTPD,LMP,LMP_PRC,ALTA41GT_7_B1,ALL,1,111.03451,4,1
2022-09-01T09:45:00-00:00,2022-09-01T10:00:00-00:00,2022-09-01,03,ALTA41GT_7_B1,ALTA41GT_7_B1,ALTA41GT_7_B1,RTPD,LMP,LMP_PRC,ALTA41GT_7_B1,ALL,1,110.80547,4,1
2022-09-01T10:45:00-00:00,2022-09-01T11:00:00-00:00,2022-09-01,04,ALTA41GT_7_B1,ALTA41GT_7_B1,ALTA41GT_7_B1,RTPD,LMP,LMP_PRC,ALTA41GT_7_B1,ALL,1,103.24335,4,1
2022-09-01T11:45:00-00:00,2022-09-01T12:00:00-00:00,2022-09-01,05,ALTA41GT_7_B1,ALTA41GT_7_B1,ALTA41GT_7_B1,RTPD,LMP,LMP_PRC,ALTA41GT_7_B1,ALL,1,107.01,4,1
2022-09-01T12:45:00-00:00,2022-09-01T13:00:00-00:00,2022-09-01,06,ALTA41GT_7_B1,ALTA41GT_7_B1,ALTA41GT_7_B1,RTPD,LMP,LMP_PRC,ALTA41GT_7_B1,ALL,1,118.78403,4,1
2022-09-01T13:45:00-00:00,2022-09-01T14:00:00-00:00,2022-09-01,07,ALTA41GT_7_B1,ALTA41GT_7_B1,ALTA41GT_7_B1,RTPD,LMP,LMP_PRC,ALTA41GT_7_B1,ALL,1,111.41,4,1
2022-09-01T14:45:00-00:00,2022-09-01T15:00:00-00:00,2022-09-01,08,ALTA41GT_7_B1,ALTA41GT_7_B1,ALTA41GT_7_B1,RTPD,LMP,LMP_PRC,ALTA41GT_7_B1,ALL,1,86.1388,4,1
2022-09-01T15:45:00-00:00,2022-09-01T16:00:00-00:00,2022-09-01,09,ALTA41GT_7_B1,ALTA41GT_7_B1,ALTA41GT_7_B1,RTPD,LMP,LMP_PRC,ALTA41GT_7_B1,ALL,1,78.70076,4,1
2022-09-01T16:45:00-00:00,2022-09-01T17:00:00-00:00,2022-09-01,10,ALTA41GT_7_B1,ALTA41GT_7_B1,ALTA41GT_7_B1,RTPD,LMP,LMP_PRC,ALTA41GT_7_B1,ALL,1,102.71748,4,1
2022-09-01T17:45:00-00:00,2022-09-01T18:00:00-00:00,2022-09-01,11,ALTA41GT_7_B1,ALTA41GT_7_B1,ALTA41GT_7_B1,RTPD,LMP,LMP_PRC,ALTA41GT_7_B1,ALL,1,116.85141,4,1
2022-09-01T18:45:00-00:00,2022-09-01T19:00:00-00:00,2022-09-01,12,ALTA41GT_7_B1,ALTA41GT_7_B1,ALTA41GT_7_B1,RTPD,LMP,LMP_PRC,ALTA41GT_7_B1,ALL,1,132.44612,4,1
2022-09-01T19:45:00-00:00,2022-09-01T20:00:00-00:00,2022-09-01,13,ALTA41GT_7_B1,ALTA41GT_7_B1,ALTA41GT_7_B1,RTPD,LMP,LMP_PRC,ALTA41GT_7_B1,ALL,1,132.05327,4,1
2022-09-01T20:45:00-00:00,2022-09-01T21:00:00-00:00,2022-09-01,14,ALTA41GT_7_B1,ALTA41GT_7_B1,ALTA41GT_7_B1,RTPD,LMP,LMP_PRC,ALTA41GT_7_B1,ALL,1,178.49925,4,1
2022-09-01T21:45:00-00:00,2022-09-01T22:00:00-00:00,2022-09-01,15,ALTA41GT_7_B1,ALTA41GT_7_B1,ALTA41GT_7_B1,RTPD,LMP,LMP_PRC,ALTA41GT_7_B1,ALL,1,377.52795,4,1
2022-09-01T22:45:00-00:00,2022-09-01T23:00:00-00:00,2022-09-01,16,ALTA41GT_7_B1,ALTA41GT_7_B1,ALTA41GT_7_B1,RTPD,LMP,LMP_PRC,ALTA41GT_7_B1,ALL,1,654.9948,4,1
2022-09-01T23:45:00-00:00,2022-09-02T00:00:00-00:00,2022-09-01,17,ALTA41GT_7_B1,ALTA41GT_7_B1,ALTA41GT_7_B1,RTPD,LMP,LMP_PRC,ALTA41GT_7_B1,ALL,1,1487.8284,4,1
2022-09-02T00:45:00-00:00,2022-09-02T01:00:00-00:00,2022-09-01,18,ALTA41GT_7_B1,ALTA41GT_7_B1,ALTA41GT_7_B1,RTPD,LMP,LMP_PRC,ALTA41GT_7_B1,ALL,1,1753.681,4,1
2022-09-02T01:45:00-00:00,2022-09-02T02:00:00-00:00,2022-09-01,19,ALTA41GT_7_B1,ALTA41GT_7_B1,ALTA41GT_7_B1,RTPD,LMP,LMP_PRC,ALTA41GT_7_B1,ALL,1,1991.9337,4,1
2022-09-02T02:45:00-00:00,2022-09-02T03:00:00-00:00,2022-09-01,20,ALTA41GT_7_B1,ALTA41GT_7_B1,ALTA41GT_7_B1,RTPD,LMP,LMP_PRC,ALTA41GT_7_B1,ALL,1,1947.8892,4,1
2022-09-02T03:45:00-00:00,2022-09-02T04:00:00-00:00,2022-09-01,21,ALTA41GT_7_B1,ALTA41GT_7_B1,ALTA41GT_7_B1,RTPD,LMP,LMP_PRC,ALTA41GT_7_B1,ALL,1,172.62323,4,1
2022-09-02T04:45:00-00:00,2022-09-02T05:00:00-00:00,2022-09-01,22,ALTA41GT_7_B1,ALTA41GT_7_B1,ALTA41GT_7_B1,RTPD,LMP,LMP_PRC,ALTA41GT_7_B1,ALL,1,155.42986,4,1
2022-09-02T05:45:00-00:00,2022-09-02T06:00:00-00:00,2022-09-01,23,ALTA41GT_7_B1,ALTA41GT_7_B1,ALTA41GT_7_B1,RTPD,LMP,LMP_PRC,ALTA41GT_7_B1,ALL,1,139.19183,4,1
2022-09-02T06:45:00-00:00,2022-09-02T07:00:00-00:00,2022-09-01,24,ALTA41GT_7_B1,ALTA41GT_7_B1,ALTA41GT_7_B1,RTPD,LMP,LMP_PRC,ALTA41GT_7_B1,ALL,1,128.02061,4,1
2022-09-01T07:00:00-00:00,2022-09-01T07:15:00-00:00,2022-09-01,01,ALTA41GT_7_B1,ALTA41GT_7_B1,ALTA41GT_7_B1,RTPD,MCC,LMP_CONG_PRC,ALTA41GT_7_B1,ALL,1,43.87827,1,2
2022-09-01T08:00:00-00:00,2022-09-01T08:15:00-00:00,2022-09-01,02,ALTA41GT_7_B1,ALTA41GT_7_B1,ALTA41GT_7_B1,RTPD,MCC,LMP_CONG_PRC,ALTA41GT_7_B1,ALL,1,3.10969,1,2
2022-09-01T09:00:00-00:00,2022-09-01T09:15:00-00:00,2022-09-01,03,ALTA41GT_7_B1,ALTA41GT_7_B1,ALTA41GT_7_B1,RTPD,MCC,LMP_CONG_PRC,ALTA41GT_7_B1,ALL,1,4.16664,1,2
2022-09-01T10:00:00-00:00,2022-09-01T10:15:00-00:00,2022-09-01,04,ALTA41GT_7_B1,ALTA41GT_7_B1,ALTA41GT_7_B1,RTPD,MCC,LMP_CONG_PRC,ALTA41GT_7_B1,ALL,1,3.66413,1,2
2022-09-01T11:00:00-00:00,2022-09-01T11:15:00-00:00,2022-09-01,05,ALTA41GT_7_B1,ALTA41GT_7_B1,ALTA41GT_7_B1,RTPD,MCC,LMP_CONG_PRC,ALTA41GT_7_B1,ALL,1,0,1,2
2022-09-01T12:00:00-00:00,2022-09-01T12:15:00-00:00,2022-09-01,06,ALTA41GT_7_B1,ALTA41GT_7_B1,ALTA41GT_7_B1,RTPD,MCC,LMP_CONG_PRC,ALTA41GT_7_B1,ALL,1,9.617,1,2
2022-09-01T13:00:00-00:00,2022-09-01T13:15:00-00:00,2022-09-01,07,ALTA41GT_7_B1,ALTA41GT_7_B1,ALTA41GT_7_B1,RTPD,MCC,LMP_CONG_PRC,ALTA41GT_7_B1,ALL,1,13.12642,1,2
2022-09-01T14:00:00-00:00,2022-09-01T14:15:00-00:00,2022-09-01,08,ALTA41GT_7_B1,ALTA41GT_7_B1,ALTA41GT_7_B1,RTPD,MCC,LMP_CONG_PRC,ALTA41GT_7_B1,ALL,1,0,1,2
2022-09-01T15:00:00-00:00,2022-09-01T15:15:00-00:00,2022-09-01,09,ALTA41GT_7_B1,ALTA41GT_7_B1,ALTA41GT_7_B1,RTPD,MCC,LMP_CONG_PRC,ALTA41GT_7_B1,ALL,1,0,1,2
2022-09-01T16:00:00-00:00,2022-09-01T16:15:00-00:00,2022-09-01,10,ALTA41GT_7_B1,ALTA41GT_7_B1,ALTA41GT_7_B1,RTPD,MCC,LMP_CONG_PRC,ALTA41GT_7_B1,ALL,1,0,1,2
2022-09-01T17:00:00-00:00,2022-09-01T17:15:00-00:00,2022-09-01,11,ALTA41GT_7_B1,ALTA41GT_7_B1,ALTA41GT_7_B1,RTPD,MCC,LMP_CONG_PRC,ALTA41GT_7_B1,ALL,1,15.09362,1,2
2022-09-01T18:00:00-00:00,2022-09-01T18:15:00-00:00,2022-09-01,12,ALTA41GT_7_B1,ALTA41GT_7_B1,ALTA41GT_7_B1,RTPD,MCC,LMP_CONG_PRC,ALTA41GT_7_B1,ALL,1,27.8159,1,2
2022-09-01T19:00:00-00:00,2022-09-01T19:15:00-00:00,2022-09-01,13,ALTA41GT_7_B1,ALTA41GT_7_B1,ALTA41GT_7_B1,RTPD,MCC,LMP_CONG_PRC,ALTA41GT_7_B1,ALL,1,30.1933,1,2
2022-09-01T20:00:00-00:00,2022-09-01T20:15:00-00:00,2022-09-01,14,ALTA41GT_7_B1,ALTA41GT_7_B1,ALTA41GT_7_B1,RTPD,MCC,LMP_CONG_PRC,ALTA41GT_7_B1,ALL,1,2.96855,1,2
2022-09-01T21:00:00-00:00,2022-09-01T21:15:00-00:00,2022-09-01,15,ALTA41GT_7_B1,ALTA41GT_7_B1,ALTA41GT_7_B1,RTPD,MCC,LMP_CONG_PRC,ALTA41GT_7_B1,ALL,1,85.62752,1,2
2022-09-01T22:00:00-00:00,2022-09-01T22:15:00-00:00,2022-09-01,16,ALTA41GT_7_B1,ALTA41GT_7_B1,ALTA41GT_7_B1,RTPD,MCC,LMP_CONG_PRC,ALTA41GT_7_B1,ALL,1,93.52209,1,2
2022-09-01T23:00:00-00:00,2022-09-01T23:15:00-00:00,2022-09-01,17,ALTA41GT_7_B1,ALTA41GT_7_B1,ALTA41GT_7_B1,RTPD,MCC,LMP_CONG_PRC,ALTA41GT_7_B1,ALL,1,180.0743,1,2
2022-09-02T00:00:00-00:00,2022-09-02T00:15:00-00:00,2022-09-01,18,ALTA41GT_7_B1,ALTA41GT_7_B1,ALTA41GT_7_B1,RTPD,MCC,LMP_CONG_PRC,ALTA41GT_7_B1,ALL,1,188.05447,1,2
2022-09-02T01:00:00-00:00,2022-09-02T01:15:00-00:00,2022-09-01,19,ALTA41GT_7_B1,ALTA41GT_7_B1,ALTA41GT_7_B1,RTPD,MCC,LMP_CONG_PRC,ALTA41GT_7_B1,ALL,1,185.20273,1,2
2022-09-02T02:00:00-00:00,2022-09-02T02:15:00-00:00,2022-09-01,20,ALTA41GT_7_B1,ALTA41GT_7_B1,ALTA41GT_7_B1,RTPD,MCC,LMP_CONG_PRC,ALTA41GT_7_B1,ALL,1,0,1,2
2022-09-02T03:00:00-00:00,2022-09-02T03:15:00-00:00,2022-09-01,21,ALTA41GT_7_B1,ALTA41GT_7_B1,ALTA41GT_7_B1,RTPD,MCC,LMP_CONG_PRC,ALTA41GT_7_B1,ALL,1,337.61932,1,2
2022-09-02T04:00:00-00:00,2022-09-02T04:15:00-00:00,2022-09-01,22,ALTA41GT_7_B1,ALTA41GT_7_B1,ALTA41GT_7_B1,RTPD,MCC,LMP_CONG_PRC,ALTA41GT_7_B1,ALL,1,-55.20423,1,2
2022-09-02T05:00:00-00:00,2022-09-02T05:15:00-00:00,2022-09-01,23,ALTA41GT_7_B1,ALTA41GT_7_B1,ALTA41GT_7_B1,RTPD,MCC,LMP_CONG_PRC,ALTA41GT_7_B1,ALL,1,24.70313,1,2
2022-09-02T06:00:00-00:00,2022-09-02T06:15:00-00:00,2022-09-01,24,ALTA41GT_7_B1,ALTA41GT_7_B1,ALTA41GT_7_B1,RTPD,MCC,LMP_CONG_PRC,ALTA41GT_7_B1,ALL,1,2.89239,1,2
2022-09-01T07:15:00-00:00,2022-09-01T07:30:00-00:00,2022-09-01,01,ALTA41GT_7_B1,ALTA41GT_7_B1,ALTA41GT_7_B1,RTPD,MCC,LMP_CONG_PRC,ALTA41GT_7_B1,ALL,1,9.21406,2,2
2022-09-01T08:15:00-00:00,2022-09-01T08:30:00-00:00,2022-09-01,02,ALTA41GT_7_B1,ALTA41GT_7_B1,ALTA41GT_7_B1,RTPD,MCC,LMP_CONG_PRC,ALTA41GT_7_B1,ALL,1,0.84881,2,2
2022-09-01T09:15:00-00:00,2022-09-01T09:30:00-00:00,2022-09-01,03,ALTA41GT_7_B1,ALTA41GT_7_B1,ALTA41GT_7_B1,RTPD,MCC,LMP_CONG_PRC,ALTA41GT_7_B1,ALL,1,5.50303,2,2
2022-09-01T10:15:00-00:00,2022-09-01T10:30:00-00:00,2022-09-01,04,ALTA41GT_7_B1,ALTA41GT_7_B1,ALTA41GT_7_B1,RTPD,MCC,LMP_CONG_PRC,ALTA41GT_7_B1,ALL,1,5.15859,2,2
2022-09-01T11:15:00-00:00,2022-09-01T11:30:00-00:00,2022-09-01,05,ALTA41GT_7_B1,ALTA41GT_7_B1,ALTA41GT_7_B1,RTPD,MCC,LMP_CONG_PRC,ALTA41GT_7_B1,ALL,1,0,2,2
2022-09-01T12:15:00-00:00,2022-09-01T12:30:00-00:00,2022-09-01,06,ALTA41GT_7_B1,ALTA41GT_7_B1,ALTA41GT_7_B1,RTPD,MCC,LMP_CONG_PRC,ALTA41GT_7_B1,ALL,1,5.89298,2,2
2022-09-01T13:15:00-00:00,2022-09-01T13:30:00-00:00,2022-09-01,07,ALTA41GT_7_B1,ALTA41GT_7_B1,ALTA41GT_7_B1,RTPD,MCC,LMP_CONG_PRC,ALTA41GT_7_B1,ALL,1,0.56463,2,2
2022-09-01T14:15:00-00:00,2022-09-01T14:30:00-00:00,2022-09-01,08,ALTA41GT_7_B1,ALTA41GT_7_B1,ALTA41GT_7_B1,RTPD,MCC,LMP_CONG_PRC,ALTA41GT_7_B1,ALL,1,0,2,2
2022-09-01T15:15:00-00:00,2022-09-01T15:30:00-00:00,2022-09-01,09,ALTA41GT_7_B1,ALTA41GT_7_B1,ALTA41GT_7_B1,RTPD,MCC,LMP_CONG_PRC,ALTA41GT_7_B1,ALL,1,0,2,2
2022-09-01T16:15:00-00:00,2022-09-01T16:30:00-00:00,2022-09-01,10,ALTA41GT_7_B1,ALTA41GT_7_B1,ALTA41GT_7_B1,RTPD,MCC,LMP_CONG_PRC,ALTA41GT_7_B1,ALL,1,1.53839,2,2
2022-09-01T17:15:00-00:00,2022-09-01T17:30:00-00:00,2022-09-01,11,ALTA41GT_7_B1,ALTA41GT_7_B1,ALTA41GT_7_B1,RTPD,MCC,LMP_CONG_PRC,ALTA41GT_7_B1,ALL,1,18.06307,2,2
2022-09-01T18:15:00-00:00,2022-09-01T18:30:00-00:00,2022-09-01,12,ALTA41GT_7_B1,ALTA41GT_7_B1,ALTA41GT_7_B1,RTPD,MCC,LMP_CONG_PRC,ALTA41GT_7_B1,ALL,1,22.65059,2,2
2022-09-01T19:15:00-00:00,2022-09-01T19:30:00-00:00,2022-09-01,13,ALTA41GT_7_B1,ALTA41GT_7_B1,ALTA41GT_7_B1,RTPD,MCC,LMP_CONG_PRC,ALTA41GT_7_B1,ALL,1,24.86337,2,2
2022-09-01T20:15:00-00:00,2022-09-01T20:30:00-00:00,2022-09-01,14,ALTA41GT_7_B1,ALTA41GT_7_B1,ALTA41GT_7_B1,RTPD,MCC,LMP_CONG_PRC,ALTA41GT_7_B1,ALL,1,2.67324,2,2
2022-09-01T21:15:00-00:00,2022-09-01T21:30:00-00:00,2022-09-01,15,ALTA41GT_7_B1,ALTA41GT_7_B1,ALTA41GT_7_B1,RTPD,MCC,LMP_CONG_PRC,ALTA41GT_7_B1,ALL,1,23.14132,2,2
2022-09-01T22:15:00-00:00,2022-09-01T22:30:00-00:00,2022-09-01,16,ALTA41GT_7_B1,ALTA41GT_7_B1,ALTA41GT_7_B1,RTPD,MCC,LMP_CONG_PRC,ALTA41GT_7_B1,ALL,1,102.59513,2,2
2022-09-01T23:15:00-00:00,2022-09-01T23:30:00-00:00,2022-09-01,17,ALTA41GT_7_B1,ALTA41GT_7_B1,ALTA41GT_7_B1,RTPD,MCC,LMP_CONG_PRC,ALTA41GT_7_B1,ALL,1,128.13844,2,2
2022-09-02T00:15:00-00:00,2022-09-02T00:30:00-00:00,2022-09-01,18,ALTA41GT_7_B1,ALTA41GT_7_B1,ALTA41GT_7_B1,RTPD,MCC,LMP_CONG_PRC,ALTA41GT_7_B1,ALL,1,183.034,2,2
2022-09-02T01:15:00-00:00,2022-09-02T01:30:00-00:00,2022-09-01,19,ALTA41GT_7_B1,ALTA41GT_7_B1,ALTA41GT_7_B1,RTPD,MCC,LMP_CONG_PRC,ALTA41GT_7_B1,ALL,1,0,2,2
2022-09-02T02:15:00-00:00,2022-09-02T02:30:00-00:00,2022-09-01,20,ALTA41GT_7_B1,ALTA41GT_7_B1,ALTA41GT_7_B1,RTPD,MCC,LMP_CONG_PRC,ALTA41GT_7_B1,ALL,1,0,2,2
2022-09-02T03:15:00-00:00,2022-09-02T03:30:00-00:00,2022-09-01,21,ALTA41GT_7_B1,ALTA41GT_7_B1,ALTA41GT_7_B1,RTPD,MCC,LMP_CONG_PRC,ALTA41GT_7_B1,ALL,1,119.00819,2,2
2022-09-02T04:15:00-00:00,2022-09-02T04:30:00-00:00,2022-09-01,22,ALTA41GT_7_B1,ALTA41GT_7_B1,ALTA41GT_7_B1,RTPD,MCC,LMP_CONG_PRC,ALTA41GT_7_B1,ALL,1,-50.47924,2,2
2022-09-02T05:15:00-00:00,2022-09-02T05:30:00-00:00,2022-09-01,23,ALTA41GT_7_B1,ALTA41GT_7_B1,ALTA41GT_7_B1,RTPD,MCC,LMP_CONG_PRC,ALTA41GT_7_B1,ALL,1,23.63189,2,2
2022-09-02T06:15:00-00:00,2022-09-02T06:30:00-00:00,2022-09-01,24,ALTA41GT_7_B1,ALTA41GT_7_B1,ALTA41GT_7_B1,RTPD,MCC,LMP_CONG_PRC,ALTA41GT_7_B1,ALL,1,7.87068,2,2
2022-09-01T07:30:00-00:00,2022-09-01T07:45:00-00:00,2022-09-01,01,ALTA41GT_7_B1,ALTA41GT_7_B1,ALTA41GT_7_B1,RTPD,MCC,LMP_CONG_PRC,ALTA41GT_7_B1,ALL,1,14.99684,3,2
2022-09-01T08:30:00-00:00,2022-09-01T08:45:00-00:00,2022-09-01,02,ALTA41GT_7_B1,ALTA41GT_7_B1,ALTA41GT_7_B1,RTPD,MCC,LMP_CONG_PRC,ALTA41GT_7_B1,ALL,1,0.0008,3,2
2022-09-01T09:30:00-00:00,2022-09-01T09:45:00-00:00,2022-09-01,03,ALTA41GT_7_B1,ALTA41GT_7_B1,ALTA41GT_7_B1,RTPD,MCC,LMP_CONG_PRC,ALTA41GT_7_B1,ALL,1,5.46801,3,2
2022-09-01T10:30:00-00:00,2022-09-01T10:45:00-00:00,2022-09-01,04,ALTA41GT_7_B1,ALTA41GT_7_B1,ALTA41GT_7_B1,RTPD,MCC,LMP_CONG_PRC,ALTA41GT_7_B1,ALL,1,2.93157,3,2
2022-09-01T11:30:00-00:00,2022-09-01T11:45:00-00:00,2022-09-01,05,ALTA41GT_7_B1,ALTA41GT_7_B1,ALTA41GT_7_B1,RTPD,MCC,LMP_CONG_PRC,ALTA41GT_7_B1,ALL,1,0,3,2
2022-09-01T12:30:00-00:00,2022-09-01T12:45:00-00:00,2022-09-01,06,ALTA41GT_7_B1,ALTA41GT_7_B1,ALTA41GT_7_B1,RTPD,MCC,LMP_CONG_PRC,ALTA41GT_7_B1,ALL,1,10.2035,3,2
2022-09-01T13:30:00-00:00,2022-09-01T13:45:00-00:00,2022-09-01,07,ALTA41GT_7_B1,ALTA41GT_7_B1,ALTA41GT_7_B1,RTPD,MCC,LMP_CONG_PRC,ALTA41GT_7_B1,ALL,1,0,3,2
2022-09-01T14:30:00-00:00,2022-09-01T14:45:00-00:00,2022-09-01,08,ALTA41GT_7_B1,ALTA41GT_7_B1,ALTA41GT_7_B1,RTPD,MCC,LMP_CONG_PRC,ALTA41GT_7_B1,ALL,1,0,3,2
2022-09-01T15:30:00-00:00,2022-09-01T15:45:00-00:00,2022-09-01,09,ALTA41GT_7_B1,ALTA41GT_7_B1,ALTA41GT_7_B1,RTPD,MCC,LMP_CONG_PRC,ALTA41GT_7_B1,ALL,1,0,3,2
2022-09-01T16:30:00-00:00,2022-09-01T16:45:00-00:00,2022-09-01,10,ALTA41GT_7_B1,ALTA41GT_7_B1,ALTA41GT_7_B1,RTPD,MCC,LMP_CONG_PRC,ALTA41GT_7_B1,ALL,1,12.73417,3,2
2022-09-01T17:30:00-00:00,2022-09-01T17:45:00-00:00,2022-09-01,11,ALTA41GT_7_B1,ALTA41GT_7_B1,ALTA41GT_7_B1,RTPD,MCC,LMP_CONG_PRC,ALTA41GT_7_B1,ALL,1,17.92188,3,2
2022-09-01T18:30:00-00:00,2022-09-01T18:45:00-00:00,2022-09-01,12,ALTA41GT_7_B1,ALTA41GT_7_B1,ALTA41GT_7_B1,RTPD,MCC,LMP_CONG_PRC,ALTA41GT_7_B1,ALL,1,23.34948,3,2
2022-09-01T19:30:00-00:00,2022-09-01T19:45:00-00:00,2022-09-01,13,ALTA41GT_7_B1,ALTA41GT_7_B1,ALTA41GT_7_B1,RTPD,MCC,LMP_CONG_PRC,ALTA41GT_7_B1,ALL,1,10.90522,3,2
2022-09-01T20:30:00-00:00,2022-09-01T20:45:00-00:00,2022-09-01,14,ALTA41GT_7_B1,ALTA41GT_7_B1,ALTA41GT_7_B1,RTPD,MCC,LMP_CONG_PRC,ALTA41GT_7_B1,ALL,1,10.78599,3,2
2022-09-01T21:30:00-00:00,2022-09-01T21:45:00-00:00,2022-09-01,15,ALTA41GT_7_B1,ALTA41GT_7_B1,ALTA41GT_7_B1,RTPD,MCC,LMP_CONG_PRC,ALTA41GT_7_B1,ALL,1,21.25872,3,2
2022-09-01T22:30:00-00:00,2022-09-01T22:45:00-00:00,2022-09-01,16,ALTA41GT_7_B1,ALTA41GT_7_B1,ALTA41GT_7_B1,RTPD,MCC,LMP_CONG_PRC,ALTA41GT_7_B1,ALL,1,110.8188,3,2
2022-09-01T23:30:00-00:00,2022-09-01T23:45:00-00:00,2022-09-01,17,ALTA41GT_7_B1,ALTA41GT_7_B1,ALTA41GT_7_B1,RTPD,MCC,LMP_CONG_PRC,ALTA41GT_7_B1,ALL,1,0,3,2
2022-09-02T00:30:00-00:00,2022-09-02T00:45:00-00:00,2022-09-01,18,ALTA41GT_7_B1,ALTA41GT_7_B1,ALTA41GT_7_B1,RTPD,MCC,LMP_CONG_PRC,ALTA41GT_7_B1,ALL,1,260.16364,3,2
2022-09-02T01:30:00-00:00,2022-09-02T01:45:00-00:00,2022-09-01,19,ALTA41GT_7_B1,ALTA41GT_7_B1,ALTA41GT_7_B1,RTPD,MCC,LMP_CONG_PRC,ALTA41GT_7_B1,ALL,1,0,3,2
2022-09-02T02:30:00-00:00,2022-09-02T02:45:00-00:00,2022-09-01,20,ALTA41GT_7_B1,ALTA41GT_7_B1,ALTA41GT_7_B1,RTPD,MCC,LMP_CONG_PRC,ALTA41GT_7_B1,ALL,1,0,3,2
2022-09-02T03:30:00-00:00,2022-09-02T03:45:00-00:00,2022-09-01,21,ALTA41GT_7_B1,ALTA41GT_7_B1,ALTA41GT_7_B1,RTPD,MCC,LMP_CONG_PRC,ALTA41GT_7_B1,ALL,1,28.90877,3,2
2022-09-02T04:30:00-00:00,2022-09-02T04:45:00-00:00,2022-09-01,22,ALTA41GT_7_B1,ALTA41GT_7_B1,ALTA41GT_7_B1,RTPD,MCC,LMP_CONG_PRC,ALTA41GT_7_B1,ALL,1,-19.63166,3,2
2022-09-02T05:30:00-00:00,2022-09-02T05:45:00-00:00,2022-09-01,23,ALTA41GT_7_B1,ALTA41GT_7_B1,ALTA41GT_7_B1,RTPD,MCC,LMP_CONG_PRC,ALTA41GT_7_B1,ALL,1,18.39341,3,2
2022-09-02T06:30:00-00:00,2022-09-02T06:45:00-00:00,2022-09-01,24,ALTA41GT_7_B1,ALTA41GT_7_B1,ALTA41GT_7_B1,RTPD,MCC,LMP_CONG_PRC,ALTA41GT_7_B1,ALL,1,17.30928,3,2
2022-09-01T07:45:00-00:00,2022-09-01T08:00:00-00:00,2022-09-01,01,ALTA41GT_7_B1,ALTA41GT_7_B1,ALTA41GT_7_B1,RTPD,MCC,LMP_CONG_PRC,ALTA41GT_7_B1,ALL,1,17.09399,4,2
2022-09-01T08:45:00-00:00,2022-09-01T09:00:00-00:00,2022-09-01,02,ALTA41GT_7_B1,ALTA41GT_7_B1,ALTA41GT_7_B1,RTPD,MCC,LMP_CONG_PRC,ALTA41GT_7_B1,ALL,1,4.17286,4,2
2022-09-01T09:45:00-00:00,2022-09-01T10:00:00-00:00,2022-09-01,03,ALTA41GT_7_B1,ALTA41GT_7_B1,ALTA41GT_7_B1,RTPD,MCC,LMP_CONG_PRC,ALTA41GT_7_B1,ALL,1,4.92506,4,2
2022-09-01T10:45:00-00:00,2022-09-01T11:00:00-00:00,2022-09-01,04,ALTA41GT_7_B1,ALTA41GT_7_B1,ALTA41GT_7_B1,RTPD,MCC,LMP_CONG_PRC,ALTA41GT_7_B1,ALL,1,1.1545,4,2
2022-09-01T11:45:00-00:00,2022-09-01T12:00:00-00:00,2022-09-01,05,ALTA41GT_7_B1,ALTA41GT_7_B1,ALTA41GT_7_B1,RTPD,MCC,LMP_CONG_PRC,ALTA41GT_7_B1,ALL,1,0,4,2
2022-09-01T12:45:00-00:00,2022-09-01T13:00:00-00:00,2022-09-01,06,ALTA41GT_7_B1,ALTA41GT_7_B1,ALTA41GT_7_B1,RTPD,MCC,LMP_CONG_PRC,ALTA41GT_7_B1,ALL,1,2.29922,4,2
2022-09-01T13:45:00-00:00,2022-09-01T14:00:00-00:00,2022-09-01,07,ALTA41GT_7_B1,ALTA41GT_7_B1,ALTA41GT_7_B1,RTPD,MCC,LMP_CONG_PRC,ALTA41GT_7_B1,ALL,1,0,4,2
2022-09-01T14:45:00-00:00,2022-09-01T15:00:00-00:00,2022-09-01,08,ALTA41GT_7_B1,ALTA41GT_7_B1,ALTA41GT_7_B1,RTPD,MCC,LMP_CONG_PRC,ALTA41GT_7_B1,ALL,1,0,4,2
2022-09-01T15:45:00-00:00,2022-09-01T16:00:00-00:00,2022-09-01,09,ALTA41GT_7_B1,ALTA41GT_7_B1,ALTA41GT_7_B1,RTPD,MCC,LMP_CONG_PRC,ALTA41GT_7_B1,ALL,1,0,4,2
2022-09-01T16:45:00-00:00,2022-09-01T17:00:00-00:00,2022-09-01,10,ALTA41GT_7_B1,ALTA41GT_7_B1,ALTA41GT_7_B1,RTPD,MCC,LMP_CONG_PRC,ALTA41GT_7_B1,ALL,1,11.46815,4,2
2022-09-01T17:45:00-00:00,2022-09-01T18:00:00-00:00,2022-09-01,11,ALTA41GT_7_B1,ALTA41GT_7_B1,ALTA41GT_7_B1,RTPD,MCC,LMP_CONG_PRC,ALTA41GT_7_B1,ALL,1,17.64597,4,2
2022-09-01T18:45:00-00:00,2022-09-01T19:00:00-00:00,2022-09-01,12,ALTA41GT_7_B1,ALTA41GT_7_B1,ALTA41GT_7_B1,RTPD,MCC,LMP_CONG_PRC,ALTA41GT_7_B1,ALL,1,23.40548,4,2
2022-09-01T19:45:00-00:00,2022-09-01T20:00:00-00:00,2022-09-01,13,ALTA41GT_7_B1,ALTA41GT_7_B1,ALTA41GT_7_B1,RTPD,MCC,LMP_CONG_PRC,ALTA41GT_7_B1,ALL,1,11.82836,4,2
2022-09-01T20:45:00-00:00,2022-09-01T21:00:00-00:00,2022-09-01,14,ALTA41GT_7_B1,ALTA41GT_7_B1,ALTA41GT_7_B1,RTPD,MCC,LMP_CONG_PRC,ALTA41GT_7_B1,ALL,1,24.47416,4,2
2022-09-01T21:45:00-00:00,2022-09-01T22:00:00-00:00,2022-09-01,15,ALTA41GT_7_B1,ALTA41GT_7_B1,ALTA41GT_7_B1,RTPD,MCC,LMP_CONG_PRC,ALTA41GT_7_B1,ALL,1,77.23418,4,2
2022-09-01T22:45:00-00:00,2022-09-01T23:00:00-00:00,2022-09-01,16,ALTA41GT_7_B1,ALTA41GT_7_B1,ALTA41GT_7_B1,RTPD,MCC,LMP_CONG_PRC,ALTA41GT_7_B1,ALL,1,225.08115,4,2
2022-09-01T23:45:00-00:00,2022-09-02T00:00:00-00:00,2022-09-01,17,ALTA41GT_7_B1,ALTA41GT_7_B1,ALTA41GT_7_B1,RTPD,MCC,LMP_CONG_PRC,ALTA41GT_7_B1,ALL,1,226.61592,4,2
2022-09-02T00:45:00-00:00,2022-09-02T01:00:00-00:00,2022-09-01,18,ALTA41GT_7_B1,ALTA41GT_7_B1,ALTA41GT_7_B1,RTPD,MCC,LMP_CONG_PRC,ALTA41GT_7_B1,ALL,1,234.53203,4,2
2022-09-02T01:45:00-00:00,2022-09-02T02:00:00-00:00,2022-09-01,19,ALTA41GT_7_B1,ALTA41GT_7_B1,ALTA41GT_7_B1,RTPD,MCC,LMP_CONG_PRC,ALTA41GT_7_B1,ALL,1,0,4,2
2022-09-02T02:45:00-00:00,2022-09-02T03:00:00-00:00,2022-09-01,20,ALTA41GT_7_B1,ALTA41GT_7_B1,ALTA41GT_7_B1,RTPD,MCC,LMP_CONG_PRC,ALTA41GT_7_B1,ALL,1,146.01678,4,2
2022-09-02T03:45:00-00:00,2022-09-02T04:00:00-00:00,2022-09-01,21,ALTA41GT_7_B1,ALTA41GT_7_B1,ALTA41GT_7_B1,RTPD,MCC,LMP_CONG_PRC,ALTA41GT_7_B1,ALL,1,20.06822,4,2
2022-09-02T04:45:00-00:00,2022-09-02T05:00:00-00:00,2022-09-01,22,ALTA41GT_7_B1,ALTA41GT_7_B1,ALTA41GT_7_B1,RTPD,MCC,LMP_CONG_PRC,ALTA41GT_7_B1,ALL,1,17.92925,4,2
2022-09-02T05:45:00-00:00,2022-09-02T06:00:00-00:00,2022-09-01,23,ALTA41GT_7_B1,ALTA41GT_7_B1,ALTA41GT_7_B1,RTPD,MCC,LMP_CONG_PRC,ALTA41GT_7_B1,ALL,1,11.14944,4,2
2022-09-02T06:45:00-00:00,2022-09-02T07:00:00-00:00,2022-09-01,24,ALTA41GT_7_B1,ALTA41GT_7_B1,ALTA41GT_7_B1,RTPD,MCC,LMP_CONG_PRC,ALTA41GT_7_B1,ALL,1,10.8237,4,2
2022-09-01T07:00:00-00:00,2022-09-01T07:15:00-00:00,2022-09-01,01,ALTA41GT_7_B1,ALTA41GT_7_B1,ALTA41GT_7_B1,RTPD,MCE,LMP_ENE_PRC,ALTA41GT_7_B1,ALL,1,104.23471,1,3
2022-09-01T08:00:00-00:00,2022-09-01T08:15:00-00:00,2022-09-01,02,ALTA41GT_7_B1,ALTA41GT_7_B1,ALTA41GT_7_B1,RTPD,MCE,LMP_ENE_PRC,ALTA41GT_7_B1,ALL,1,115.5488,1,3
2022-09-01T09:00:00-00:00,2022-09-01T09:15:00-00:00,2022-09-01,03,ALTA41GT_7_B1,ALTA41GT_7_B1,ALTA41GT_7_B1,RTPD,MCE,LMP_ENE_PRC,ALTA41GT_7_B1,ALL,1,99.73061,1,3
2022-09-01T10:00:00-00:00,2022-09-01T10:15:00-00:00,2022-09-01,04,ALTA41GT_7_B1,ALTA41GT_7_B1,ALTA41GT_7_B1,RTPD,MCE,LMP_ENE_PRC,ALTA41GT_7_B1,ALL,1,98.64222,1,3
2022-09-01T11:00:00-00:00,2022-09-01T11:15:00-00:00,2022-09-01,05,ALTA41GT_7_B1,ALTA41GT_7_B1,ALTA41GT_7_B1,RTPD,MCE,LMP_ENE_PRC,ALTA41GT_7_B1,ALL,1,102.56859,1,3
2022-09-01T12:00:00-00:00,2022-09-01T12:15:00-00:00,2022-09-01,06,ALTA41GT_7_B1,ALTA41GT_7_B1,ALTA41GT_7_B1,RTPD,MCE,LMP_ENE_PRC,ALTA41GT_7_B1,ALL,1,96.90845,1,3
2022-09-01T13:00:00-00:00,2022-09-01T13:15:00-00:00,2022-09-01,07,ALTA41GT_7_B1,ALTA41GT_7_B1,ALTA41GT_7_B1,RTPD,MCE,LMP_ENE_PRC,ALTA41GT_7_B1,ALL,1,101.80878,1,3
2022-09-01T14:00:00-00:00,2022-09-01T14:15:00-00:00,2022-09-01,08,ALTA41GT_7_B1,ALTA41GT_7_B1,ALTA41GT_7_B1,RTPD,MCE,LMP_ENE_PRC,ALTA41GT_7_B1,ALL,1,111.11219,1,3
2022-09-01T15:00:00-00:00,2022-09-01T15:15:00-00:00,2022-09-01,09,ALTA41GT_7_B1,ALTA41GT_7_B1,ALTA41GT_7_B1,RTPD,MCE,LMP_ENE_PRC,ALTA41GT_7_B1,ALL,1,97.4112,1,3
2022-09-01T16:00:00-00:00,2022-09-01T16:15:00-00:00,2022-09-01,10,ALTA41GT_7_B1,ALTA41GT_7_B1,ALTA41GT_7_B1,RTPD,MCE,LMP_ENE_PRC,ALTA41GT_7_B1,ALL,1,83.43525,1,3
2022-09-01T17:00:00-00:00,2022-09-01T17:15:00-00:00,2022-09-01,11,ALTA41GT_7_B1,ALTA41GT_7_B1,ALTA41GT_7_B1,RTPD,MCE,LMP_ENE_PRC,ALTA41GT_7_B1,ALL,1,96.94897,1,3
2022-09-01T18:00:00-00:00,2022-09-01T18:15:00-00:00,2022-09-01,12,ALTA41GT_7_B1,ALTA41GT_7_B1,ALTA41GT_7_B1,RTPD,MCE,LMP_ENE_PRC,ALTA41GT_7_B1,ALL,1,91.59291,1,3
2022-09-01T19:00:00-00:00,2022-09-01T19:15:00-00:00,2022-09-01,13,ALTA41GT_7_B1,ALTA41GT_7_B1,ALTA41GT_7_B1,RTPD,MCE,LMP_ENE_PRC,ALTA41GT_7_B1,ALL,1,109.19637,1,3
2022-09-01T20:00:00-00:00,2022-09-01T20:15:00-00:00,2022-09-01,14,ALTA41GT_7_B1,ALTA41GT_7_B1,ALTA41GT_7_B1,RTPD,MCE,LMP_ENE_PRC,ALTA41GT_7_B1,ALL,1,117.94359,1,3
2022-09-01T21:00:00-00:00,2022-09-01T21:15:00-00:00,2022-09-01,15,ALTA41GT_7_B1,ALTA41GT_7_B1,ALTA41GT_7_B1,RTPD,MCE,LMP_ENE_PRC,ALTA41GT_7_B1,ALL,1,226.61499,1,3
2022-09-01T22:00:00-00:00,2022-09-01T22:15:00-00:00,2022-09-01,16,ALTA41GT_7_B1,ALTA41GT_7_B1,ALTA41GT_7_B1,RTPD,MCE,LMP_ENE_PRC,ALTA41GT_7_B1,ALL,1,229.18552,1,3
2022-09-01T23:00:00-00:00,2022-09-01T23:15:00-00:00,2022-09-01,17,ALTA41GT_7_B1,ALTA41GT_7_B1,ALTA41GT_7_B1,RTPD,MCE,LMP_ENE_PRC,ALTA41GT_7_B1,ALL,1,386.7537,1,3
2022-09-02T00:00:00-00:00,2022-09-02T00:15:00-00:00,2022-09-01,18,ALTA41GT_7_B1,ALTA41GT_7_B1,ALTA41GT_7_B1,RTPD,MCE,LMP_ENE_PRC,ALTA41GT_7_B1,ALL,1,770.58136,1,3
2022-09-02T01:00:00-00:00,2022-09-02T01:15:00-00:00,2022-09-01,19,ALTA41GT_7_B1,ALTA41GT_7_B1,ALTA41GT_7_B1,RTPD,MCE,LMP_ENE_PRC,ALTA41GT_7_B1,ALL,1,916.27124,1,3
2022-09-02T02:00:00-00:00,2022-09-02T02:15:00-00:00,2022-09-01,20,ALTA41GT_7_B1,ALTA41GT_7_B1,ALTA41GT_7_B1,RTPD,MCE,LMP_ENE_PRC,ALTA41GT_7_B1,ALL,1,1991.6721,1,3
2022-09-02T03:00:00-00:00,2022-09-02T03:15:00-00:00,2022-09-01,21,ALTA41GT_7_B1,ALTA41GT_7_B1,ALTA41GT_7_B1,RTPD,MCE,LMP_ENE_PRC,ALTA41GT_7_B1,ALL,1,917.5508,1,3
2022-09-02T04:00:00-00:00,2022-09-02T04:15:00-00:00,2022-09-01,22,ALTA41GT_7_B1,ALTA41GT_7_B1,ALTA41GT_7_B1,RTPD,MCE,LMP_ENE_PRC,ALTA41GT_7_B1,ALL,1,257.83005,1,3
2022-09-02T05:00:00-00:00,2022-09-02T05:15:00-00:00,2022-09-01,23,ALTA41GT_7_B1,ALTA41GT_7_B1,ALTA41GT_7_B1,RTPD,MCE,LMP_ENE_PRC,ALTA41GT_7_B1,ALL,1,183.24657,1,3
2022-09-02T06:00:00-00:00,2022-09-02T06:15:00-00:00,2022-09-01,24,ALTA41GT_7_B1,ALTA41GT_7_B1,ALTA41GT_7_B1,RTPD,MCE,LMP_ENE_PRC,ALTA41GT_7_B1,ALL,1,158.867,1,3
2022-09-01T07:15:00-00:00,2022-09-01T07:30:00-00:00,2022-09-01,01,ALTA41GT_7_B1,ALTA41GT_7_B1,ALTA41GT_7_B1,RTPD,MCE,LMP_ENE_PRC,ALTA41GT_7_B1,ALL,1,125.55144,2,3
2022-09-01T08:15:00-00:00,2022-09-01T08:30:00-00:00,2022-09-01,02,ALTA41GT_7_B1,ALTA41GT_7_B1,ALTA41GT_7_B1,RTPD,MCE,LMP_ENE_PRC,ALTA41GT_7_B1,ALL,1,115.53165,2,3
2022-09-01T09:15:00-00:00,2022-09-01T09:30:00-00:00,2022-09-01,03,ALTA41GT_7_B1,ALTA41GT_7_B1,ALTA41GT_7_B1,RTPD,MCE,LMP_ENE_PRC,ALTA41GT_7_B1,ALL,1,98.30543,2,3
2022-09-01T10:15:00-00:00,2022-09-01T10:30:00-00:00,2022-09-01,04,ALTA41GT_7_B1,ALTA41GT_7_B1,ALTA41GT_7_B1,RTPD,MCE,LMP_ENE_PRC,ALTA41GT_7_B1,ALL,1,97.00684,2,3
2022-09-01T11:15:00-00:00,2022-09-01T11:30:00-00:00,2022-09-01,05,ALTA41GT_7_B1,ALTA41GT_7_B1,ALTA41GT_7_B1,RTPD,MCE,LMP_ENE_PRC,ALTA41GT_7_B1,ALL,1,103.09059,2,3
2022-09-01T12:15:00-00:00,2022-09-01T12:30:00-00:00,2022-09-01,06,ALTA41GT_7_B1,ALTA41GT_7_B1,ALTA41GT_7_B1,RTPD,MCE,LMP_ENE_PRC,ALTA41GT_7_B1,ALL,1,109.32203,2,3
2022-09-01T13:15:00-00:00,2022-09-01T13:30:00-00:00,2022-09-01,07,ALTA41GT_7_B1,ALTA41GT_7_B1,ALTA41GT_7_B1,RTPD,MCE,LMP_ENE_PRC,ALTA41GT_7_B1,ALL,1,110.97827,2,3
2022-09-01T14:15:00-00:00,2022-09-01T14:30:00-00:00,2022-09-01,08,ALTA41GT_7_B1,ALTA41GT_7_B1,ALTA41GT_7_B1,RTPD,MCE,LMP_ENE_PRC,ALTA41GT_7_B1,ALL,1,104.78743,2,3
2022-09-01T15:15:00-00:00,2022-09-01T15:30:00-00:00,2022-09-01,09,ALTA41GT_7_B1,ALTA41GT_7_B1,ALTA41GT_7_B1,RTPD,MCE,LMP_ENE_PRC,ALTA41GT_7_B1,ALL,1,86.9388,2,3
2022-09-01T16:15:00-00:00,2022-09-01T16:30:00-00:00,2022-09-01,10,ALTA41GT_7_B1,ALTA41GT_7_B1,ALTA41GT_7_B1,RTPD,MCE,LMP_ENE_PRC,ALTA41GT_7_B1,ALL,1,89.44858,2,3
2022-09-01T17:15:00-00:00,2022-09-01T17:30:00-00:00,2022-09-01,11,ALTA41GT_7_B1,ALTA41GT_7_B1,ALTA41GT_7_B1,RTPD,MCE,LMP_ENE_PRC,ALTA41GT_7_B1,ALL,1,99.34673,2,3
2022-09-01T18:15:00-00:00,2022-09-01T18:30:00-00:00,2022-09-01,12,ALTA41GT_7_B1,ALTA41GT_7_B1,ALTA41GT_7_B1,RTPD,MCE,LMP_ENE_PRC,ALTA41GT_7_B1,ALL,1,101.15901,2,3
2022-09-01T19:15:00-00:00,2022-09-01T19:30:00-00:00,2022-09-01,13,ALTA41GT_7_B1,ALTA41GT_7_B1,ALTA41GT_7_B1,RTPD,MCE,LMP_ENE_PRC,ALTA41GT_7_B1,ALL,1,105.30588,2,3
2022-09-01T20:15:00-00:00,2022-09-01T20:30:00-00:00,2022-09-01,14,ALTA41GT_7_B1,ALTA41GT_7_B1,ALTA41GT_7_B1,RTPD,MCE,LMP_ENE_PRC,ALTA41GT_7_B1,ALL,1,117.49421,2,3
2022-09-01T21:15:00-00:00,2022-09-01T21:30:00-00:00,2022-09-01,15,ALTA41GT_7_B1,ALTA41GT_7_B1,ALTA41GT_7_B1,RTPD,MCE,LMP_ENE_PRC,ALTA41GT_7_B1,ALL,1,147.21185,2,3
2022-09-01T22:15:00-00:00,2022-09-01T22:30:00-00:00,2022-09-01,16,ALTA41GT_7_B1,ALTA41GT_7_B1,ALTA41GT_7_B1,RTPD,MCE,LMP_ENE_PRC,ALTA41GT_7_B1,ALL,1,256.58734,2,3
2022-09-01T23:15:00-00:00,2022-09-01T23:30:00-00:00,2022-09-01,17,ALTA41GT_7_B1,ALTA41GT_7_B1,ALTA41GT_7_B1,RTPD,MCE,LMP_ENE_PRC,ALTA41GT_7_B1,ALL,1,362.12408,2,3
2022-09-02T00:15:00-00:00,2022-09-02T00:30:00-00:00,2022-09-01,18,ALTA41GT_7_B1,ALTA41GT_7_B1,ALTA41GT_7_B1,RTPD,MCE,LMP_ENE_PRC,ALTA41GT_7_B1,ALL,1,691.2182,2,3
2022-09-02T01:15:00-00:00,2022-09-02T01:30:00-00:00,2022-09-01,19,ALTA41GT_7_B1,ALTA41GT_7_B1,ALTA41GT_7_B1,RTPD,MCE,LMP_ENE_PRC,ALTA41GT_7_B1,ALL,1,1999.9933,2,3
2022-09-02T02:15:00-00:00,2022-09-02T02:30:00-00:00,2022-09-01,20,ALTA41GT_7_B1,ALTA41GT_7_B1,ALTA41GT_7_B1,RTPD,MCE,LMP_ENE_PRC,ALTA41GT_7_B1,ALL,1,1991.6721,2,3
2022-09-02T03:15:00-00:00,2022-09-02T03:30:00-00:00,2022-09-01,21,ALTA41GT_7_B1,ALTA41GT_7_B1,ALTA41GT_7_B1,RTPD,MCE,LMP_ENE_PRC,ALTA41GT_7_B1,ALL,1,400.52884,2,3
2022-09-02T04:15:00-00:00,2022-09-02T04:30:00-00:00,2022-09-01,22,ALTA41GT_7_B1,ALTA41GT_7_B1,ALTA41GT_7_B1,RTPD,MCE,LMP_ENE_PRC,ALTA41GT_7_B1,ALL,1,224.75041,2,3
2022-09-02T05:15:00-00:00,2022-09-02T05:30:00-00:00,2022-09-01,23,ALTA41GT_7_B1,ALTA41GT_7_B1,ALTA41GT_7_B1,RTPD,MCE,LMP_ENE_PRC,ALTA41GT_7_B1,ALL,1,157.11986,2,3
2022-09-02T06:15:00-00:00,2022-09-02T06:30:00-00:00,2022-09-01,24,ALTA41GT_7_B1,ALTA41GT_7_B1,ALTA41GT_7_B1,RTPD,MCE,LMP_ENE_PRC,ALTA41GT_7_B1,ALL,1,143.1005,2,3
2022-09-01T07:30:00-00:00,2022-09-01T07:45:00-00:00,2022-09-01,01,ALTA41GT_7_B1,ALTA41GT_7_B1,ALTA41GT_7_B1,RTPD,MCE,LMP_ENE_PRC,ALTA41GT_7_B1,ALL,1,119.03196,3,3
2022-09-01T08:30:00-00:00,2022-09-01T08:45:00-00:00,2022-09-01,02,ALTA41GT_7_B1,ALTA41GT_7_B1,ALTA41GT_7_B1,RTPD,MCE,LMP_ENE_PRC,ALTA41GT_7_B1,ALL,1,111.11241,3,3
2022-09-01T09:30:00-00:00,2022-09-01T09:45:00-00:00,2022-09-01,03,ALTA41GT_7_B1,ALTA41GT_7_B1,ALTA41GT_7_B1,RTPD,MCE,LMP_ENE_PRC,ALTA41GT_7_B1,ALL,1,98.16228,3,3
2022-09-01T10:30:00-00:00,2022-09-01T10:45:00-00:00,2022-09-01,04,ALTA41GT_7_B1,ALTA41GT_7_B1,ALTA41GT_7_B1,RTPD,MCE,LMP_ENE_PRC,ALTA41GT_7_B1,ALL,1,96.36226,3,3
2022-09-01T11:30:00-00:00,2022-09-01T11:45:00-00:00,2022-09-01,05,ALTA41GT_7_B1,ALTA41GT_7_B1,ALTA41GT_7_B1,RTPD,MCE,LMP_ENE_PRC,ALTA41GT_7_B1,ALL,1,103.06198,3,3
2022-09-01T12:30:00-00:00,2022-09-01T12:45:00-00:00,2022-09-01,06,ALTA41GT_7_B1,ALTA41GT_7_B1,ALTA41GT_7_B1,RTPD,MCE,LMP_ENE_PRC,ALTA41GT_7_B1,ALL,1,113.57403,3,3
2022-09-01T13:30:00-00:00,2022-09-01T13:45:00-00:00,2022-09-01,07,ALTA41GT_7_B1,ALTA41GT_7_B1,ALTA41GT_7_B1,RTPD,MCE,LMP_ENE_PRC,ALTA41GT_7_B1,ALL,1,111.52025,3,3
2022-09-01T14:30:00-00:00,2022-09-01T14:45:00-00:00,2022-09-01,08,ALTA41GT_7_B1,ALTA41GT_7_B1,ALTA41GT_7_B1,RTPD,MCE,LMP_ENE_PRC,ALTA41GT_7_B1,ALL,1,101.83428,3,3
2022-09-01T15:30:00-00:00,2022-09-01T15:45:00-00:00,2022-09-01,09,ALTA41GT_7_B1,ALTA41GT_7_B1,ALTA41GT_7_B1,RTPD,MCE,LMP_ENE_PRC,ALTA41GT_7_B1,ALL,1,86.1388,3,3
2022-09-01T16:30:00-00:00,2022-09-01T16:45:00-00:00,2022-09-01,10,ALTA41GT_7_B1,ALTA41GT_7_B1,ALTA41GT_7_B1,RTPD,MCE,LMP_ENE_PRC,ALTA41GT_7_B1,ALL,1,88.79644,3,3
2022-09-01T17:30:00-00:00,2022-09-01T17:45:00-00:00,2022-09-01,11,ALTA41GT_7_B1,ALTA41GT_7_B1,ALTA41GT_7_B1,RTPD,MCE,LMP_ENE_PRC,ALTA41GT_7_B1,ALL,1,99.13013,3,3
2022-09-01T18:30:00-00:00,2022-09-01T18:45:00-00:00,2022-09-01,12,ALTA41GT_7_B1,ALTA41GT_7_B1,ALTA41GT_7_B1,RTPD,MCE,LMP_ENE_PRC,ALTA41GT_7_B1,ALL,1,107.05718,3,3
2022-09-01T19:30:00-00:00,2022-09-01T19:45:00-00:00,2022-09-01,13,ALTA41GT_7_B1,ALTA41GT_7_B1,ALTA41GT_7_B1,RTPD,MCE,LMP_ENE_PRC,ALTA41GT_7_B1,ALL,1,114.05905,3,3
2022-09-01T20:30:00-00:00,2022-09-01T20:45:00-00:00,2022-09-01,14,ALTA41GT_7_B1,ALTA41GT_7_B1,ALTA41GT_7_B1,RTPD,MCE,LMP_ENE_PRC,ALTA41GT_7_B1,ALL,1,129.81606,3,3
2022-09-01T21:30:00-00:00,2022-09-01T21:45:00-00:00,2022-09-01,15,ALTA41GT_7_B1,ALTA41GT_7_B1,ALTA41GT_7_B1,RTPD,MCE,LMP_ENE_PRC,ALTA41GT_7_B1,ALL,1,152.93057,3,3
2022-09-01T22:30:00-00:00,2022-09-01T22:45:00-00:00,2022-09-01,16,ALTA41GT_7_B1,ALTA41GT_7_B1,ALTA41GT_7_B1,RTPD,MCE,LMP_ENE_PRC,ALTA41GT_7_B1,ALL,1,283.18182,3,3
2022-09-01T23:30:00-00:00,2022-09-01T23:45:00-00:00,2022-09-01,17,ALTA41GT_7_B1,ALTA41GT_7_B1,ALTA41GT_7_B1,RTPD,MCE,LMP_ENE_PRC,ALTA41GT_7_B1,ALL,1,566.48157,3,3
2022-09-02T00:30:00-00:00,2022-09-02T00:45:00-00:00,2022-09-01,18,ALTA41GT_7_B1,ALTA41GT_7_B1,ALTA41GT_7_B1,RTPD,MCE,LMP_ENE_PRC,ALTA41GT_7_B1,ALL,1,1329.1127,3,3
2022-09-02T01:30:00-00:00,2022-09-02T01:45:00-00:00,2022-09-01,19,ALTA41GT_7_B1,ALTA41GT_7_B1,ALTA41GT_7_B1,RTPD,MCE,LMP_ENE_PRC,ALTA41GT_7_B1,ALL,1,1999.9956,3,3
2022-09-02T02:30:00-00:00,2022-09-02T02:45:00-00:00,2022-09-01,20,ALTA41GT_7_B1,ALTA41GT_7_B1,ALTA41GT_7_B1,RTPD,MCE,LMP_ENE_PRC,ALTA41GT_7_B1,ALL,1,1991.671,3,3
2022-09-02T03:30:00-00:00,2022-09-02T03:45:00-00:00,2022-09-01,21,ALTA41GT_7_B1,ALTA41GT_7_B1,ALTA41GT_7_B1,RTPD,MCE,LMP_ENE_PRC,ALTA41GT_7_B1,ALL,1,186.61823,3,3
2022-09-02T04:30:00-00:00,2022-09-02T04:45:00-00:00,2022-09-01,22,ALTA41GT_7_B1,ALTA41GT_7_B1,ALTA41GT_7_B1,RTPD,MCE,LMP_ENE_PRC,ALTA41GT_7_B1,ALL,1,180.67824,3,3
2022-09-02T05:30:00-00:00,2022-09-02T05:45:00-00:00,2022-09-01,23,ALTA41GT_7_B1,ALTA41GT_7_B1,ALTA41GT_7_B1,RTPD,MCE,LMP_ENE_PRC,ALTA41GT_7_B1,ALL,1,131.69917,3,3
2022-09-02T06:30:00-00:00,2022-09-02T06:45:00-00:00,2022-09-01,24,ALTA41GT_7_B1,ALTA41GT_7_B1,ALTA41GT_7_B1,RTPD,MCE,LMP_ENE_PRC,ALTA41GT_7_B1,ALL,1,128.9871,3,3
2022-09-01T07:45:00-00:00,2022-09-01T08:00:00-00:00,2022-09-01,01,ALTA41GT_7_B1,ALTA41GT_7_B1,ALTA41GT_7_B1,RTPD,MCE,LMP_ENE_PRC,ALTA41GT_7_B1,ALL,1,109.12099,4,3
2022-09-01T08:45:00-00:00,2022-09-01T09:00:00-00:00,2022-09-01,02,ALTA41GT_7_B1,ALTA41GT_7_B1,ALTA41GT_7_B1,RTPD,MCE,LMP_ENE_PRC,ALTA41GT_7_B1,ALL,1,98.7357,4,3
2022-09-01T09:45:00-00:00,2022-09-01T10:00:00-00:00,2022-09-01,03,ALTA41GT_7_B1,ALTA41GT_7_B1,ALTA41GT_7_B1,RTPD,MCE,LMP_ENE_PRC,ALTA41GT_7_B1,ALL,1,97.50475,4,3
2022-09-01T10:45:00-00:00,2022-09-01T11:00:00-00:00,2022-09-01,04,ALTA41GT_7_B1,ALTA41GT_7_B1,ALTA41GT_7_B1,RTPD,MCE,LMP_ENE_PRC,ALTA41GT_7_B1,ALL,1,94.71966,4,3
2022-09-01T11:45:00-00:00,2022-09-01T12:00:00-00:00,2022-09-01,05,ALTA41GT_7_B1,ALTA41GT_7_B1,ALTA41GT_7_B1,RTPD,MCE,LMP_ENE_PRC,ALTA41GT_7_B1,ALL,1,107.01,4,3
2022-09-01T12:45:00-00:00,2022-09-01T13:00:00-00:00,2022-09-01,06,ALTA41GT_7_B1,ALTA41GT_7_B1,ALTA41GT_7_B1,RTPD,MCE,LMP_ENE_PRC,ALTA41GT_7_B1,ALL,1,116.4848,4,3
2022-09-01T13:45:00-00:00,2022-09-01T14:00:00-00:00,2022-09-01,07,ALTA41GT_7_B1,ALTA41GT_7_B1,ALTA41GT_7_B1,RTPD,MCE,LMP_ENE_PRC,ALTA41GT_7_B1,ALL,1,111.41,4,3
2022-09-01T14:45:00-00:00,2022-09-01T15:00:00-00:00,2022-09-01,08,ALTA41GT_7_B1,ALTA41GT_7_B1,ALTA41GT_7_B1,RTPD,MCE,LMP_ENE_PRC,ALTA41GT_7_B1,ALL,1,86.1388,4,3
2022-09-01T15:45:00-00:00,2022-09-01T16:00:00-00:00,2022-09-01,09,ALTA41GT_7_B1,ALTA41GT_7_B1,ALTA41GT_7_B1,RTPD,MCE,LMP_ENE_PRC,ALTA41GT_7_B1,ALL,1,78.70076,4,3
2022-09-01T16:45:00-00:00,2022-09-01T17:00:00-00:00,2022-09-01,10,ALTA41GT_7_B1,ALTA41GT_7_B1,ALTA41GT_7_B1,RTPD,MCE,LMP_ENE_PRC,ALTA41GT_7_B1,ALL,1,91.24933,4,3
2022-09-01T17:45:00-00:00,2022-09-01T18:00:00-00:00,2022-09-01,11,ALTA41GT_7_B1,ALTA41GT_7_B1,ALTA41GT_7_B1,RTPD,MCE,LMP_ENE_PRC,ALTA41GT_7_B1,ALL,1,99.20544,4,3
2022-09-01T18:45:00-00:00,2022-09-01T19:00:00-00:00,2022-09-01,12,ALTA41GT_7_B1,ALTA41GT_7_B1,ALTA41GT_7_B1,RTPD,MCE,LMP_ENE_PRC,ALTA41GT_7_B1,ALL,1,109.04064,4,3
2022-09-01T19:45:00-00:00,2022-09-01T20:00:00-00:00,2022-09-01,13,ALTA41GT_7_B1,ALTA41GT_7_B1,ALTA41GT_7_B1,RTPD,MCE,LMP_ENE_PRC,ALTA41GT_7_B1,ALL,1,120.22491,4,3
2022-09-01T20:45:00-00:00,2022-09-01T21:00:00-00:00,2022-09-01,14,ALTA41GT_7_B1,ALTA41GT_7_B1,ALTA41GT_7_B1,RTPD,MCE,LMP_ENE_PRC,ALTA41GT_7_B1,ALL,1,154.02509,4,3
2022-09-01T21:45:00-00:00,2022-09-01T22:00:00-00:00,2022-09-01,15,ALTA41GT_7_B1,ALTA41GT_7_B1,ALTA41GT_7_B1,RTPD,MCE,LMP_ENE_PRC,ALTA41GT_7_B1,ALL,1,300.29376,4,3
2022-09-01T22:45:00-00:00,2022-09-01T23:00:00-00:00,2022-09-01,16,ALTA41GT_7_B1,ALTA41GT_7_B1,ALTA41GT_7_B1,RTPD,MCE,LMP_ENE_PRC,ALTA41GT_7_B1,ALL,1,429.9137,4,3
2022-09-01T23:45:00-00:00,2022-09-02T00:00:00-00:00,2022-09-01,17,ALTA41GT_7_B1,ALTA41GT_7_B1,ALTA41GT_7_B1,RTPD,MCE,LMP_ENE_PRC,ALTA41GT_7_B1,ALL,1,1261.2124,4,3
2022-09-02T00:45:00-00:00,2022-09-02T01:00:00-00:00,2022-09-01,18,ALTA41GT_7_B1,ALTA41GT_7_B1,ALTA41GT_7_B1,RTPD,MCE,LMP_ENE_PRC,ALTA41GT_7_B1,ALL,1,1519.149,4,3
2022-09-02T01:45:00-00:00,2022-09-02T02:00:00-00:00,2022-09-01,19,ALTA41GT_7_B1,ALTA41GT_7_B1,ALTA41GT_7_B1,RTPD,MCE,LMP_ENE_PRC,ALTA41GT_7_B1,ALL,1,1991.9337,4,3
2022-09-02T02:45:00-00:00,2022-09-02T03:00:00-00:00,2022-09-01,20,ALTA41GT_7_B1,ALTA41GT_7_B1,ALTA41GT_7_B1,RTPD,MCE,LMP_ENE_PRC,ALTA41GT_7_B1,ALL,1,1629.6213,4,3
2022-09-02T03:45:00-00:00,2022-09-02T04:00:00-00:00,2022-09-01,21,ALTA41GT_7_B1,ALTA41GT_7_B1,ALTA41GT_7_B1,RTPD,MCE,LMP_ENE_PRC,ALTA41GT_7_B1,ALL,1,141.13702,4,3
2022-09-02T04:45:00-00:00,2022-09-02T05:00:00-00:00,2022-09-01,22,ALTA41GT_7_B1,ALTA41GT_7_B1,ALTA41GT_7_B1,RTPD,MCE,LMP_ENE_PRC,ALTA41GT_7_B1,ALL,1,126.76372,4,3
2022-09-02T05:45:00-00:00,2022-09-02T06:00:00-00:00,2022-09-01,23,ALTA41GT_7_B1,ALTA41GT_7_B1,ALTA41GT_7_B1,RTPD,MCE,LMP_ENE_PRC,ALTA41GT_7_B1,ALL,1,119.00958,4,3
2022-09-02T06:45:00-00:00,2022-09-02T07:00:00-00:00,2022-09-01,24,ALTA41GT_7_B1,ALTA41GT_7_B1,ALTA41GT_7_B1,RTPD,MCE,LMP_ENE_PRC,ALTA41GT_7_B1,ALL,1,109.20324,4,3
2022-09-01T07:00:00-00:00,2022-09-01T07:15:00-00:00,2022-09-01,01,ALTA41GT_7_B1,ALTA41GT_7_B1,ALTA41GT_7_B1,RTPD,MCL,LMP_LOSS_PRC,ALTA41GT_7_B1,ALL,1,0.13551,1,4
2022-09-01T08:00:00-00:00,2022-09-01T08:15:00-00:00,2022-09-01,02,ALTA41GT_7_B1,ALTA41GT_7_B1,ALTA41GT_7_B1,RTPD,MCL,LMP_LOSS_PRC,ALTA41GT_7_B1,ALL,1,0,1,4
2022-09-01T09:00:00-00:00,2022-09-01T09:15:00-00:00,2022-09-01,03,ALTA41GT_7_B1,ALTA41GT_7_B1,ALTA41GT_7_B1,RTPD,MCL,LMP_LOSS_PRC,ALTA41GT_7_B1,ALL,1,8.68654,1,4
2022-09-01T10:00:00-00:00,2022-09-01T10:15:00-00:00,2022-09-01,04,ALTA41GT_7_B1,ALTA41GT_7_B1,ALTA41GT_7_B1,RTPD,MCL,LMP_LOSS_PRC,ALTA41GT_7_B1,ALL,1,8.53255,1,4
2022-09-01T11:00:00-00:00,2022-09-01T11:15:00-00:00,2022-09-01,05,ALTA41GT_7_B1,ALTA41GT_7_B1,ALTA41GT_7_B1,RTPD,MCL,LMP_LOSS_PRC,ALTA41GT_7_B1,ALL,1,7.44648,1,4
2022-09-01T12:00:00-00:00,2022-09-01T12:15:00-00:00,2022-09-01,06,ALTA41GT_7_B1,ALTA41GT_7_B1,ALTA41GT_7_B1,RTPD,MCL,LMP_LOSS_PRC,ALTA41GT_7_B1,ALL,1,6.58008,1,4
2022-09-01T13:00:00-00:00,2022-09-01T13:15:00-00:00,2022-09-01,07,ALTA41GT_7_B1,ALTA41GT_7_B1,ALTA41GT_7_B1,RTPD,MCL,LMP_LOSS_PRC,ALTA41GT_7_B1,ALL,1,0,1,4
2022-09-01T14:00:00-00:00,2022-09-01T14:15:00-00:00,2022-09-01,08,ALTA41GT_7_B1,ALTA41GT_7_B1,ALTA41GT_7_B1,RTPD,MCL,LMP_LOSS_PRC,ALTA41GT_7_B1,ALL,1,5.73339,1,4
2022-09-01T15:00:00-00:00,2022-09-01T15:15:00-00:00,2022-09-01,09,ALTA41GT_7_B1,ALTA41GT_7_B1,ALTA41GT_7_B1,RTPD,MCL,LMP_LOSS_PRC,ALTA41GT_7_B1,ALL,1,0,1,4
2022-09-01T16:00:00-00:00,2022-09-01T16:15:00-00:00,2022-09-01,10,ALTA41GT_7_B1,ALTA41GT_7_B1,ALTA41GT_7_B1,RTPD,MCL,LMP_LOSS_PRC,ALTA41GT_7_B1,ALL,1,0,1,4
2022-09-01T17:00:00-00:00,2022-09-01T17:15:00-00:00,2022-09-01,11,ALTA41GT_7_B1,ALTA41GT_7_B1,ALTA41GT_7_B1,RTPD,MCL,LMP_LOSS_PRC,ALTA41GT_7_B1,ALL,1,0,1,4
2022-09-01T18:00:00-00:00,2022-09-01T18:15:00-00:00,2022-09-01,12,ALTA41GT_7_B1,ALTA41GT_7_B1,ALTA41GT_7_B1,RTPD,MCL,LMP_LOSS_PRC,ALTA41GT_7_B1,ALL,1,0,1,4
2022-09-01T19:00:00-00:00,2022-09-01T19:15:00-00:00,2022-09-01,13,ALTA41GT_7_B1,ALTA41GT_7_B1,ALTA41GT_7_B1,RTPD,MCL,LMP_LOSS_PRC,ALTA41GT_7_B1,ALL,1,0,1,4
2022-09-01T20:00:00-00:00,2022-09-01T20:15:00-00:00,2022-09-01,14,ALTA41GT_7_B1,ALTA41GT_7_B1,ALTA41GT_7_B1,RTPD,MCL,LMP_LOSS_PRC,ALTA41GT_7_B1,ALL,1,0,1,4
2022-09-01T21:00:00-00:00,2022-09-01T21:15:00-00:00,2022-09-01,15,ALTA41GT_7_B1,ALTA41GT_7_B1,ALTA41GT_7_B1,RTPD,MCL,LMP_LOSS_PRC,ALTA41GT_7_B1,ALL,1,0,1,4
2022-09-01T22:00:00-00:00,2022-09-01T22:15:00-00:00,2022-09-01,16,ALTA41GT_7_B1,ALTA41GT_7_B1,ALTA41GT_7_B1,RTPD,MCL,LMP_LOSS_PRC,ALTA41GT_7_B1,ALL,1,0,1,4
2022-09-01T23:00:00-00:00,2022-09-01T23:15:00-00:00,2022-09-01,17,ALTA41GT_7_B1,ALTA41GT_7_B1,ALTA41GT_7_B1,RTPD,MCL,LMP_LOSS_PRC,ALTA41GT_7_B1,ALL,1,0,1,4
2022-09-02T00:00:00-00:00,2022-09-02T00:15:00-00:00,2022-09-01,18,ALTA41GT_7_B1,ALTA41GT_7_B1,ALTA41GT_7_B1,RTPD,MCL,LMP_LOSS_PRC,ALTA41GT_7_B1,ALL,1,32.05619,1,4
2022-09-02T01:00:00-00:00,2022-09-02T01:15:00-00:00,2022-09-01,19,ALTA41GT_7_B1,ALTA41GT_7_B1,ALTA41GT_7_B1,RTPD,MCL,LMP_LOSS_PRC,ALTA41GT_7_B1,ALL,1,0,1,4
2022-09-02T02:00:00-00:00,2022-09-02T02:15:00-00:00,2022-09-01,20,ALTA41GT_7_B1,ALTA41GT_7_B1,ALTA41GT_7_B1,RTPD,MCL,LMP_LOSS_PRC,ALTA41GT_7_B1,ALL,1,0,1,4
2022-09-02T03:00:00-00:00,2022-09-02T03:15:00-00:00,2022-09-01,21,ALTA41GT_7_B1,ALTA41GT_7_B1,ALTA41GT_7_B1,RTPD,MCL,LMP_LOSS_PRC,ALTA41GT_7_B1,ALL,1,65.69664,1,4
2022-09-02T04:00:00-00:00,2022-09-02T04:15:00-00:00,2022-09-01,22,ALTA41GT_7_B1,ALTA41GT_7_B1,ALTA41GT_7_B1,RTPD,MCL,LMP_LOSS_PRC,ALTA41GT_7_B1,ALL,1,21.0905,1,4
2022-09-02T05:00:00-00:00,2022-09-02T05:15:00-00:00,2022-09-01,23,ALTA41GT_7_B1,ALTA41GT_7_B1,ALTA41GT_7_B1,RTPD,MCL,LMP_LOSS_PRC,ALTA41GT_7_B1,ALL,1,11.41626,1,4
2022-09-02T06:00:00-00:00,2022-09-02T06:15:00-00:00,2022-09-01,24,ALTA41GT_7_B1,ALTA41GT_7_B1,ALTA41GT_7_B1,RTPD,MCL,LMP_LOSS_PRC,ALTA41GT_7_B1,ALL,1,10.21515,1,4
2022-09-01T07:15:00-00:00,2022-09-01T07:30:00-00:00,2022-09-01,01,ALTA41GT_7_B1,ALTA41GT_7_B1,ALTA41GT_7_B1,RTPD,MCL,LMP_LOSS_PRC,ALTA41GT_7_B1,ALL,1,0,2,4
2022-09-01T08:15:00-00:00,2022-09-01T08:30:00-00:00,2022-09-01,02,ALTA41GT_7_B1,ALTA41GT_7_B1,ALTA41GT_7_B1,RTPD,MCL,LMP_LOSS_PRC,ALTA41GT_7_B1,ALL,1,0,2,4
2022-09-01T09:15:00-00:00,2022-09-01T09:30:00-00:00,2022-09-01,03,ALTA41GT_7_B1,ALTA41GT_7_B1,ALTA41GT_7_B1,RTPD,MCL,LMP_LOSS_PRC,ALTA41GT_7_B1,ALL,1,8.4641,2,4
2022-09-01T10:15:00-00:00,2022-09-01T10:30:00-00:00,2022-09-01,04,ALTA41GT_7_B1,ALTA41GT_7_B1,ALTA41GT_7_B1,RTPD,MCL,LMP_LOSS_PRC,ALTA41GT_7_B1,ALL,1,7.65384,2,4
2022-09-01T11:15:00-00:00,2022-09-01T11:30:00-00:00,2022-09-01,05,ALTA41GT_7_B1,ALTA41GT_7_B1,ALTA41GT_7_B1,RTPD,MCL,LMP_LOSS_PRC,ALTA41GT_7_B1,ALL,1,7.55654,2,4
2022-09-01T12:15:00-00:00,2022-09-01T12:30:00-00:00,2022-09-01,06,ALTA41GT_7_B1,ALTA41GT_7_B1,ALTA41GT_7_B1,RTPD,MCL,LMP_LOSS_PRC,ALTA41GT_7_B1,ALL,1,7.69627,2,4
2022-09-01T13:15:00-00:00,2022-09-01T13:30:00-00:00,2022-09-01,07,ALTA41GT_7_B1,ALTA41GT_7_B1,ALTA41GT_7_B1,RTPD,MCL,LMP_LOSS_PRC,ALTA41GT_7_B1,ALL,1,7.50213,2,4
2022-09-01T14:15:00-00:00,2022-09-01T14:30:00-00:00,2022-09-01,08,ALTA41GT_7_B1,ALTA41GT_7_B1,ALTA41GT_7_B1,RTPD,MCL,LMP_LOSS_PRC,ALTA41GT_7_B1,ALL,1,5.19746,2,4
2022-09-01T15:15:00-00:00,2022-09-01T15:30:00-00:00,2022-09-01,09,ALTA41GT_7_B1,ALTA41GT_7_B1,ALTA41GT_7_B1,RTPD,MCL,LMP_LOSS_PRC,ALTA41GT_7_B1,ALL,1,0,2,4
2022-09-01T16:15:00-00:00,2022-09-01T16:30:00-00:00,2022-09-01,10,ALTA41GT_7_B1,ALTA41GT_7_B1,ALTA41GT_7_B1,RTPD,MCL,LMP_LOSS_PRC,ALTA41GT_7_B1,ALL,1,0,2,4
2022-09-01T17:15:00-00:00,2022-09-01T17:30:00-00:00,2022-09-01,11,ALTA41GT_7_B1,ALTA41GT_7_B1,ALTA41GT_7_B1,RTPD,MCL,LMP_LOSS_PRC,ALTA41GT_7_B1,ALL,1,0,2,4
2022-09-01T18:15:00-00:00,2022-09-01T18:30:00-00:00,2022-09-01,12,ALTA41GT_7_B1,ALTA41GT_7_B1,ALTA41GT_7_B1,RTPD,MCL,LMP_LOSS_PRC,ALTA41GT_7_B1,ALL,1,0,2,4
2022-09-01T19:15:00-00:00,2022-09-01T19:30:00-00:00,2022-09-01,13,ALTA41GT_7_B1,ALTA41GT_7_B1,ALTA41GT_7_B1,RTPD,MCL,LMP_LOSS_PRC,ALTA41GT_7_B1,ALL,1,0,2,4
2022-09-01T20:15:00-00:00,2022-09-01T20:30:00-00:00,2022-09-01,14,ALTA41GT_7_B1,ALTA41GT_7_B1,ALTA41GT_7_B1,RTPD,MCL,LMP_LOSS_PRC,ALTA41GT_7_B1,ALL,1,0,2,4
2022-09-01T21:15:00-00:00,2022-09-01T21:30:00-00:00,2022-09-01,15,ALTA41GT_7_B1,ALTA41GT_7_B1,ALTA41GT_7_B1,RTPD,MCL,LMP_LOSS_PRC,ALTA41GT_7_B1,ALL,1,0,2,4
2022-09-01T22:15:00-00:00,2022-09-01T22:30:00-00:00,2022-09-01,16,ALTA41GT_7_B1,ALTA41GT_7_B1,ALTA41GT_7_B1,RTPD,MCL,LMP_LOSS_PRC,ALTA41GT_7_B1,ALL,1,0,2,4
2022-09-01T23:15:00-00:00,2022-09-01T23:30:00-00:00,2022-09-01,17,ALTA41GT_7_B1,ALTA41GT_7_B1,ALTA41GT_7_B1,RTPD,MCL,LMP_LOSS_PRC,ALTA41GT_7_B1,ALL,1,0,2,4
2022-09-02T00:15:00-00:00,2022-09-02T00:30:00-00:00,2022-09-01,18,ALTA41GT_7_B1,ALTA41GT_7_B1,ALTA41GT_7_B1,RTPD,MCL,LMP_LOSS_PRC,ALTA41GT_7_B1,ALL,1,24.33088,2,4
2022-09-02T01:15:00-00:00,2022-09-02T01:30:00-00:00,2022-09-01,19,ALTA41GT_7_B1,ALTA41GT_7_B1,ALTA41GT_7_B1,RTPD,MCL,LMP_LOSS_PRC,ALTA41GT_7_B1,ALL,1,0,2,4
2022-09-02T02:15:00-00:00,2022-09-02T02:30:00-00:00,2022-09-01,20,ALTA41GT_7_B1,ALTA41GT_7_B1,ALTA41GT_7_B1,RTPD,MCL,LMP_LOSS_PRC,ALTA41GT_7_B1,ALL,1,0,2,4
2022-09-02T03:15:00-00:00,2022-09-02T03:30:00-00:00,2022-09-01,21,ALTA41GT_7_B1,ALTA41GT_7_B1,ALTA41GT_7_B1,RTPD,MCL,LMP_LOSS_PRC,ALTA41GT_7_B1,ALL,1,28.71792,2,4
2022-09-02T04:15:00-00:00,2022-09-02T04:30:00-00:00,2022-09-01,22,ALTA41GT_7_B1,ALTA41GT_7_B1,ALTA41GT_7_B1,RTPD,MCL,LMP_LOSS_PRC,ALTA41GT_7_B1,ALL,1,18.83408,2,4
2022-09-02T05:15:00-00:00,2022-09-02T05:30:00-00:00,2022-09-01,23,ALTA41GT_7_B1,ALTA41GT_7_B1,ALTA41GT_7_B1,RTPD,MCL,LMP_LOSS_PRC,ALTA41GT_7_B1,ALL,1,10.77842,2,4
2022-09-02T06:15:00-00:00,2022-09-02T06:30:00-00:00,2022-09-01,24,ALTA41GT_7_B1,ALTA41GT_7_B1,ALTA41GT_7_B1,RTPD,MCL,LMP_LOSS_PRC,ALTA41GT_7_B1,ALL,1,10.23169,2,4
2022-09-01T07:30:00-00:00,2022-09-01T07:45:00-00:00,2022-09-01,01,ALTA41GT_7_B1,ALTA41GT_7_B1,ALTA41GT_7_B1,RTPD,MCL,LMP_LOSS_PRC,ALTA41GT_7_B1,ALL,1,0,3,4
2022-09-01T08:30:00-00:00,2022-09-01T08:45:00-00:00,2022-09-01,02,ALTA41GT_7_B1,ALTA41GT_7_B1,ALTA41GT_7_B1,RTPD,MCL,LMP_LOSS_PRC,ALTA41GT_7_B1,ALL,1,8.95566,3,4
2022-09-01T09:30:00-00:00,2022-09-01T09:45:00-00:00,2022-09-01,03,ALTA41GT_7_B1,ALTA41GT_7_B1,ALTA41GT_7_B1,RTPD,MCL,LMP_LOSS_PRC,ALTA41GT_7_B1,ALL,1,8.20637,3,4
2022-09-01T10:30:00-00:00,2022-09-01T10:45:00-00:00,2022-09-01,04,ALTA41GT_7_B1,ALTA41GT_7_B1,ALTA41GT_7_B1,RTPD,MCL,LMP_LOSS_PRC,ALTA41GT_7_B1,ALL,1,7.62225,3,4
2022-09-01T11:30:00-00:00,2022-09-01T11:45:00-00:00,2022-09-01,05,ALTA41GT_7_B1,ALTA41GT_7_B1,ALTA41GT_7_B1,RTPD,MCL,LMP_LOSS_PRC,ALTA41GT_7_B1,ALL,1,7.63689,3,4
2022-09-01T12:30:00-00:00,2022-09-01T12:45:00-00:00,2022-09-01,06,ALTA41GT_7_B1,ALTA41GT_7_B1,ALTA41GT_7_B1,RTPD,MCL,LMP_LOSS_PRC,ALTA41GT_7_B1,ALL,1,7.48453,3,4
2022-09-01T13:30:00-00:00,2022-09-01T13:45:00-00:00,2022-09-01,07,ALTA41GT_7_B1,ALTA41GT_7_B1,ALTA41GT_7_B1,RTPD,MCL,LMP_LOSS_PRC,ALTA41GT_7_B1,ALL,1,7.50531,3,4
2022-09-01T14:30:00-00:00,2022-09-01T14:45:00-00:00,2022-09-01,08,ALTA41GT_7_B1,ALTA41GT_7_B1,ALTA41GT_7_B1,RTPD,MCL,LMP_LOSS_PRC,ALTA41GT_7_B1,ALL,1,4.41961,3,4
2022-09-01T15:30:00-00:00,2022-09-01T15:45:00-00:00,2022-09-01,09,ALTA41GT_7_B1,ALTA41GT_7_B1,ALTA41GT_7_B1,RTPD,MCL,LMP_LOSS_PRC,ALTA41GT_7_B1,ALL,1,0,3,4
2022-09-01T16:30:00-00:00,2022-09-01T16:45:00-00:00,2022-09-01,10,ALTA41GT_7_B1,ALTA41GT_7_B1,ALTA41GT_7_B1,RTPD,MCL,LMP_LOSS_PRC,ALTA41GT_7_B1,ALL,1,0,3,4
2022-09-01T17:30:00-00:00,2022-09-01T17:45:00-00:00,2022-09-01,11,ALTA41GT_7_B1,ALTA41GT_7_B1,ALTA41GT_7_B1,RTPD,MCL,LMP_LOSS_PRC,ALTA41GT_7_B1,ALL,1,0,3,4
2022-09-01T18:30:00-00:00,2022-09-01T18:45:00-00:00,2022-09-01,12,ALTA41GT_7_B1,ALTA41GT_7_B1,ALTA41GT_7_B1,RTPD,MCL,LMP_LOSS_PRC,ALTA41GT_7_B1,ALL,1,0,3,4
2022-09-01T19:30:00-00:00,2022-09-01T19:45:00-00:00,2022-09-01,13,ALTA41GT_7_B1,ALTA41GT_7_B1,ALTA41GT_7_B1,RTPD,MCL,LMP_LOSS_PRC,ALTA41GT_7_B1,ALL,1,0,3,4
2022-09-01T20:30:00-00:00,2022-09-01T20:45:00-00:00,2022-09-01,14,ALTA41GT_7_B1,ALTA41GT_7_B1,ALTA41GT_7_B1,RTPD,MCL,LMP_LOSS_PRC,ALTA41GT_7_B1,ALL,1,0,3,4
2022-09-01T21:30:00-00:00,2022-09-01T21:45:00-00:00,2022-09-01,15,ALTA41GT_7_B1,ALTA41GT_7_B1,ALTA41GT_7_B1,RTPD,MCL,LMP_LOSS_PRC,ALTA41GT_7_B1,ALL,1,0,3,4
2022-09-01T22:30:00-00:00,2022-09-01T22:45:00-00:00,2022-09-01,16,ALTA41GT_7_B1,ALTA41GT_7_B1,ALTA41GT_7_B1,RTPD,MCL,LMP_LOSS_PRC,ALTA41GT_7_B1,ALL,1,0,3,4
2022-09-01T23:30:00-00:00,2022-09-01T23:45:00-00:00,2022-09-01,17,ALTA41GT_7_B1,ALTA41GT_7_B1,ALTA41GT_7_B1,RTPD,MCL,LMP_LOSS_PRC,ALTA41GT_7_B1,ALL,1,0,3,4
2022-09-02T00:30:00-00:00,2022-09-02T00:45:00-00:00,2022-09-01,18,ALTA41GT_7_B1,ALTA41GT_7_B1,ALTA41GT_7_B1,RTPD,MCL,LMP_LOSS_PRC,ALTA41GT_7_B1,ALL,1,0,3,4
2022-09-02T01:30:00-00:00,2022-09-02T01:45:00-00:00,2022-09-01,19,ALTA41GT_7_B1,ALTA41GT_7_B1,ALTA41GT_7_B1,RTPD,MCL,LMP_LOSS_PRC,ALTA41GT_7_B1,ALL,1,0,3,4
2022-09-02T02:30:00-00:00,2022-09-02T02:45:00-00:00,2022-09-01,20,ALTA41GT_7_B1,ALTA41GT_7_B1,ALTA41GT_7_B1,RTPD,MCL,LMP_LOSS_PRC,ALTA41GT_7_B1,ALL,1,0,3,4
2022-09-02T03:30:00-00:00,2022-09-02T03:45:00-00:00,2022-09-01,21,ALTA41GT_7_B1,ALTA41GT_7_B1,ALTA41GT_7_B1,RTPD,MCL,LMP_LOSS_PRC,ALTA41GT_7_B1,ALL,1,14.16432,3,4
2022-09-02T04:30:00-00:00,2022-09-02T04:45:00-00:00,2022-09-01,22,ALTA41GT_7_B1,ALTA41GT_7_B1,ALTA41GT_7_B1,RTPD,MCL,LMP_LOSS_PRC,ALTA41GT_7_B1,ALL,1,16.56819,3,4
2022-09-02T05:30:00-00:00,2022-09-02T05:45:00-00:00,2022-09-01,23,ALTA41GT_7_B1,ALTA41GT_7_B1,ALTA41GT_7_B1,RTPD,MCL,LMP_LOSS_PRC,ALTA41GT_7_B1,ALL,1,10.10133,3,4
2022-09-02T06:30:00-00:00,2022-09-02T06:45:00-00:00,2022-09-01,24,ALTA41GT_7_B1,ALTA41GT_7_B1,ALTA41GT_7_B1,RTPD,MCL,LMP_LOSS_PRC,ALTA41GT_7_B1,ALL,1,9.67403,3,4
2022-09-01T07:45:00-00:00,2022-09-01T08:00:00-00:00,2022-09-01,01,ALTA41GT_7_B1,ALTA41GT_7_B1,ALTA41GT_7_B1,RTPD,MCL,LMP_LOSS_PRC,ALTA41GT_7_B1,ALL,1,0,4,4
2022-09-01T08:45:00-00:00,2022-09-01T09:00:00-00:00,2022-09-01,02,ALTA41GT_7_B1,ALTA41GT_7_B1,ALTA41GT_7_B1,RTPD,MCL,LMP_LOSS_PRC,ALTA41GT_7_B1,ALL,1,8.12595,4,4
2022-09-01T09:45:00-00:00,2022-09-01T10:00:00-00:00,2022-09-01,03,ALTA41GT_7_B1,ALTA41GT_7_B1,ALTA41GT_7_B1,RTPD,MCL,LMP_LOSS_PRC,ALTA41GT_7_B1,ALL,1,8.37566,4,4
2022-09-01T10:45:00-00:00,2022-09-01T11:00:00-00:00,2022-09-01,04,ALTA41GT_7_B1,ALTA41GT_7_B1,ALTA41GT_7_B1,RTPD,MCL,LMP_LOSS_PRC,ALTA41GT_7_B1,ALL,1,7.36919,4,4
2022-09-01T11:45:00-00:00,2022-09-01T12:00:00-00:00,2022-09-01,05,ALTA41GT_7_B1,ALTA41GT_7_B1,ALTA41GT_7_B1,RTPD,MCL,LMP_LOSS_PRC,ALTA41GT_7_B1,ALL,1,0,4,4
2022-09-01T12:45:00-00:00,2022-09-01T13:00:00-00:00,2022-09-01,06,ALTA41GT_7_B1,ALTA41GT_7_B1,ALTA41GT_7_B1,RTPD,MCL,LMP_LOSS_PRC,ALTA41GT_7_B1,ALL,1,0,4,4
2022-09-01T13:45:00-00:00,2022-09-01T14:00:00-00:00,2022-09-01,07,ALTA41GT_7_B1,ALTA41GT_7_B1,ALTA41GT_7_B1,RTPD,MCL,LMP_LOSS_PRC,ALTA41GT_7_B1,ALL,1,0,4,4
2022-09-01T14:45:00-00:00,2022-09-01T15:00:00-00:00,2022-09-01,08,ALTA41GT_7_B1,ALTA41GT_7_B1,ALTA41GT_7_B1,RTPD,MCL,LMP_LOSS_PRC,ALTA41GT_7_B1,ALL,1,0,4,4
2022-09-01T15:45:00-00:00,2022-09-01T16:00:00-00:00,2022-09-01,09,ALTA41GT_7_B1,ALTA41GT_7_B1,ALTA41GT_7_B1,RTPD,MCL,LMP_LOSS_PRC,ALTA41GT_7_B1,ALL,1,0,4,4
2022-09-01T16:45:00-00:00,2022-09-01T17:00:00-00:00,2022-09-01,10,ALTA41GT_7_B1,ALTA41GT_7_B1,ALTA41GT_7_B1,RTPD,MCL,LMP_LOSS_PRC,ALTA41GT_7_B1,ALL,1,0,4,4
2022-09-01T17:45:00-00:00,2022-09-01T18:00:00-00:00,2022-09-01,11,ALTA41GT_7_B1,ALTA41GT_7_B1,ALTA41GT_7_B1,RTPD,MCL,LMP_LOSS_PRC,ALTA41GT_7_B1,ALL,1,0,4,4
2022-09-01T18:45:00-00:00,2022-09-01T19:00:00-00:00,2022-09-01,12,ALTA41GT_7_B1,ALTA41GT_7_B1,ALTA41GT_7_B1,RTPD,MCL,LMP_LOSS_PRC,ALTA41GT_7_B1,ALL,1,0,4,4
2022-09-01T19:45:00-00:00,2022-09-01T20:00:00-00:00,2022-09-01,13,ALTA41GT_7_B1,ALTA41GT_7_B1,ALTA41GT_7_B1,RTPD,MCL,LMP_LOSS_PRC,ALTA41GT_7_B1,ALL,1,0,4,4
2022-09-01T20:45:00-00:00,2022-09-01T21:00:00-00:00,2022-09-01,14,ALTA41GT_7_B1,ALTA41GT_7_B1,ALTA41GT_7_B1,RTPD,MCL,LMP_LOSS_PRC,ALTA41GT_7_B1,ALL,1,0,4,4
2022-09-01T21:45:00-00:00,2022-09-01T22:00:00-00:00,2022-09-01,15,ALTA41GT_7_B1,ALTA41GT_7_B1,ALTA41GT_7_B1,RTPD,MCL,LMP_LOSS_PRC,ALTA41GT_7_B1,ALL,1,0,4,4
2022-09-01T22:45:00-00:00,2022-09-01T23:00:00-00:00,2022-09-01,16,ALTA41GT_7_B1,ALTA41GT_7_B1,ALTA41GT_7_B1,RTPD,MCL,LMP_LOSS_PRC,ALTA41GT_7_B1,ALL,1,0,4,4
2022-09-01T23:45:00-00:00,2022-09-02T00:00:00-00:00,2022-09-01,17,ALTA41GT_7_B1,ALTA41GT_7_B1,ALTA41GT_7_B1,RTPD,MCL,LMP_LOSS_PRC,ALTA41GT_7_B1,ALL,1,0,4,4
2022-09-02T00:45:00-00:00,2022-09-02T01:00:00-00:00,2022-09-01,18,ALTA41GT_7_B1,ALTA41GT_7_B1,ALTA41GT_7_B1,RTPD,MCL,LMP_LOSS_PRC,ALTA41GT_7_B1,ALL,1,0,4,4
2022-09-02T01:45:00-00:00,2022-09-02T02:00:00-00:00,2022-09-01,19,ALTA41GT_7_B1,ALTA41GT_7_B1,ALTA41GT_7_B1,RTPD,MCL,LMP_LOSS_PRC,ALTA41GT_7_B1,ALL,1,0,4,4
2022-09-02T02:45:00-00:00,2022-09-02T03:00:00-00:00,2022-09-01,20,ALTA41GT_7_B1,ALTA41GT_7_B1,ALTA41GT_7_B1,RTPD,MCL,LMP_LOSS_PRC,ALTA41GT_7_B1,ALL,1,172.25098,4,4
2022-09-02T03:45:00-00:00,2022-09-02T04:00:00-00:00,2022-09-01,21,ALTA41GT_7_B1,ALTA41GT_7_B1,ALTA41GT_7_B1,RTPD,MCL,LMP_LOSS_PRC,ALTA41GT_7_B1,ALL,1,11.41798,4,4
2022-09-02T04:45:00-00:00,2022-09-02T05:00:00-00:00,2022-09-01,22,ALTA41GT_7_B1,ALTA41GT_7_B1,ALTA41GT_7_B1,RTPD,MCL,LMP_LOSS_PRC,ALTA41GT_7_B1,ALL,1,10.73689,4,4
2022-09-02T05:45:00-00:00,2022-09-02T06:00:00-00:00,2022-09-01,23,ALTA41GT_7_B1,ALTA41GT_7_B1,ALTA41GT_7_B1,RTPD,MCL,LMP_LOSS_PRC,ALTA41GT_7_B1,ALL,1,9.03283,4,4
2022-09-02T06:45:00-00:00,2022-09-02T07:00:00-00:00,2022-09-01,24,ALTA41GT_7_B1,ALTA41GT_7_B1,ALTA41GT_7_B1,RTPD,MCL,LMP_LOSS_PRC,ALTA41GT_7_B1,ALL,1,7.99368,4,4
2022-09-01T07:00:00-00:00,2022-09-01T07:15:00-00:00,2022-09-01,01,ALTA41GT_7_B1,ALTA41GT_7_B1,ALTA41GT_7_B1,RTPD,MGHG,LMP_GHG_PRC,ALTA41GT_7_B1,ALL,1,0,1,5
2022-09-01T08:00:00-00:00,2022-09-01T08:15:00-00:00,2022-09-01,02,ALTA41GT_7_B1,ALTA41GT_7_B1,ALTA41GT_7_B1,RTPD,MGHG,LMP_GHG_PRC,ALTA41GT_7_B1,ALL,1,0,1,5
2022-09-01T09:00:00-00:00,2022-09-01T09:15:00-00:00,2022-09-01,03,ALTA41GT_7_B1,ALTA41GT_7_B1,ALTA41GT_7_B1,RTPD,MGHG,LMP_GHG_PRC,ALTA41GT_7_B1,ALL,1,0,1,5
2022-09-01T10:00:00-00:00,2022-09-01T10:15:00-00:00,2022-09-01,04,ALTA41GT_7_B1,ALTA41GT_7_B1,ALTA41GT_7_B1,RTPD,MGHG,LMP_GHG_PRC,ALTA41GT_7_B1,ALL,1,0,1,5
2022-09-01T11:00:00-00:00,2022-09-01T11:15:00-00:00,2022-09-01,05,ALTA41GT_7_B1,ALTA41GT_7_B1,ALTA41GT_7_B1,RTPD,MGHG,LMP_GHG_PRC,ALTA41GT_7_B1,ALL,1,0,1,5
2022-09-01T12:00:00-00:00,2022-09-01T12:15:00-00:00,2022-09-01,06,ALTA41GT_7_B1,ALTA41GT_7_B1,ALTA41GT_7_B1,RTPD,MGHG,LMP_GHG_PRC,ALTA41GT_7_B1,ALL,1,0,1,5
2022-09-01T13:00:00-00:00,2022-09-01T13:15:00-00:00,2022-09-01,07,ALTA41GT_7_B1,ALTA41GT_7_B1,ALTA41GT_7_B1,RTPD,MGHG,LMP_GHG_PRC,ALTA41GT_7_B1,ALL,1,0,1,5
2022-09-01T14:00:00-00:00,2022-09-01T14:15:00-00:00,2022-09-01,08,ALTA41GT_7_B1,ALTA41GT_7_B1,ALTA41GT_7_B1,RTPD,MGHG,LMP_GHG_PRC,ALTA41GT_7_B1,ALL,1,0,1,5
2022-09-01T15:00:00-00:00,2022-09-01T15:15:00-00:00,2022-09-01,09,ALTA41GT_7_B1,ALTA41GT_7_B1,ALTA41GT_7_B1,RTPD,MGHG,LMP_GHG_PRC,ALTA41GT_7_B1,ALL,1,0,1,5
2022-09-01T16:00:00-00:00,2022-09-01T16:15:00-00:00,2022-09-01,10,ALTA41GT_7_B1,ALTA41GT_7_B1,ALTA41GT_7_B1,RTPD,MGHG,LMP_GHG_PRC,ALTA41GT_7_B1,ALL,1,0,1,5
2022-09-01T17:00:00-00:00,2022-09-01T17:15:00-00:00,2022-09-01,11,ALTA41GT_7_B1,ALTA41GT_7_B1,ALTA41GT_7_B1,RTPD,MGHG,LMP_GHG_PRC,ALTA41GT_7_B1,ALL,1,0,1,5
2022-09-01T18:00:00-00:00,2022-09-01T18:15:00-00:00,2022-09-01,12,ALTA41GT_7_B1,ALTA41GT_7_B1,ALTA41GT_7_B1,RTPD,MGHG,LMP_GHG_PRC,ALTA41GT_7_B1,ALL,1,0,1,5
2022-09-01T19:00:00-00:00,2022-09-01T19:15:00-00:00,2022-09-01,13,ALTA41GT_7_B1,ALTA41GT_7_B1,ALTA41GT_7_B1,RTPD,MGHG,LMP_GHG_PRC,ALTA41GT_7_B1,ALL,1,0,1,5
2022-09-01T20:00:00-00:00,2022-09-01T20:15:00-00:00,2022-09-01,14,ALTA41GT_7_B1,ALTA41GT_7_B1,ALTA41GT_7_B1,RTPD,MGHG,LMP_GHG_PRC,ALTA41GT_7_B1,ALL,1,0,1,5
2022-09-01T21:00:00-00:00,2022-09-01T21:15:00-00:00,2022-09-01,15,ALTA41GT_7_B1,ALTA41GT_7_B1,ALTA41GT_7_B1,RTPD,MGHG,LMP_GHG_PRC,ALTA41GT_7_B1,ALL,1,0,1,5
2022-09-01T22:00:00-00:00,2022-09-01T22:15:00-00:00,2022-09-01,16,ALTA41GT_7_B1,ALTA41GT_7_B1,ALTA41GT_7_B1,RTPD,MGHG,LMP_GHG_PRC,ALTA41GT_7_B1,ALL,1,0,1,5
2022-09-01T23:00:00-00:00,2022-09-01T23:15:00-00:00,2022-09-01,17,ALTA41GT_7_B1,ALTA41GT_7_B1,ALTA41GT_7_B1,RTPD,MGHG,LMP_GHG_PRC,ALTA41GT_7_B1,ALL,1,0,1,5
2022-09-02T00:00:00-00:00,2022-09-02T00:15:00-00:00,2022-09-01,18,ALTA41GT_7_B1,ALTA41GT_7_B1,ALTA41GT_7_B1,RTPD,MGHG,LMP_GHG_PRC,ALTA41GT_7_B1,ALL,1,0,1,5
2022-09-02T01:00:00-00:00,2022-09-02T01:15:00-00:00,2022-09-01,19,ALTA41GT_7_B1,ALTA41GT_7_B1,ALTA41GT_7_B1,RTPD,MGHG,LMP_GHG_PRC,ALTA41GT_7_B1,ALL,1,0,1,5
2022-09-02T02:00:00-00:00,2022-09-02T02:15:00-00:00,2022-09-01,20,ALTA41GT_7_B1,ALTA41GT_7_B1,ALTA41GT_7_B1,RTPD,MGHG,LMP_GHG_PRC,ALTA41GT_7_B1,ALL,1,0,1,5
2022-09-02T03:00:00-00:00,2022-09-02T03:15:00-00:00,2022-09-01,21,ALTA41GT_7_B1,ALTA41GT_7_B1,ALTA41GT_7_B1,RTPD,MGHG,LMP_GHG_PRC,ALTA41GT_7_B1,ALL,1,0,1,5
2022-09-02T04:00:00-00:00,2022-09-02T04:15:00-00:00,2022-09-01,22,ALTA41GT_7_B1,ALTA41GT_7_B1,ALTA41GT_7_B1,RTPD,MGHG,LMP_GHG_PRC,ALTA41GT_7_B1,ALL,1,0,1,5
2022-09-02T05:00:00-00:00,2022-09-02T05:15:00-00:00,2022-09-01,23,ALTA41GT_7_B1,ALTA41GT_7_B1,ALTA41GT_7_B1,RTPD,MGHG,LMP_GHG_PRC,ALTA41GT_7_B1,ALL,1,0,1,5
2022-09-02T06:00:00-00:00,2022-09-02T06:15:00-00:00,2022-09-01,24,ALTA41GT_7_B1,ALTA41GT_7_B1,ALTA41GT_7_B1,RTPD,MGHG,LMP_GHG_PRC,ALTA41GT_7_B1,ALL,1,0,1,5
2022-09-01T07:15:00-00:00,2022-09-01T07:30:00-00:00,2022-09-01,01,ALTA41GT_7_B1,ALTA41GT_7_B1,ALTA41GT_7_B1,RTPD,MGHG,LMP_GHG_PRC,ALTA41GT_7_B1,ALL,1,0,2,5
2022-09-01T08:15:00-00:00,2022-09-01T08:30:00-00:00,2022-09-01,02,ALTA41GT_7_B1,ALTA41GT_7_B1,ALTA41GT_7_B1,RTPD,MGHG,LMP_GHG_PRC,ALTA41GT_7_B1,ALL,1,0,2,5
2022-09-01T09:15:00-00:00,2022-09-01T09:30:00-00:00,2022-09-01,03,ALTA41GT_7_B1,ALTA41GT_7_B1,ALTA41GT_7_B1,RTPD,MGHG,LMP_GHG_PRC,ALTA41GT_7_B1,ALL,1,0,2,5
2022-09-01T10:15:00-00:00,2022-09-01T10:30:00-00:00,2022-09-01,04,ALTA41GT_7_B1,ALTA41GT_7_B1,ALTA41GT_7_B1,RTPD,MGHG,LMP_GHG_PRC,ALTA41GT_7_B1,ALL,1,0,2,5
2022-09-01T11:15:00-00:00,2022-09-01T11:30:00-00:00,2022-09-01,05,ALTA41GT_7_B1,ALTA41GT_7_B1,ALTA41GT_7_B1,RTPD,MGHG,LMP_GHG_PRC,ALTA41GT_7_B1,ALL,1,0,2,5
2022-09-01T12:15:00-00:00,2022-09-01T12:30:00-00:00,2022-09-01,06,ALTA41GT_7_B1,ALTA41GT_7_B1,ALTA41GT_7_B1,RTPD,MGHG,LMP_GHG_PRC,ALTA41GT_7_B1,ALL,1,0,2,5
2022-09-01T13:15:00-00:00,2022-09-01T13:30:00-00:00,2022-09-01,07,ALTA41GT_7_B1,ALTA41GT_7_B1,ALTA41GT_7_B1,RTPD,MGHG,LMP_GHG_PRC,ALTA41GT_7_B1,ALL,1,0,2,5
2022-09-01T14:15:00-00:00,2022-09-01T14:30:00-00:00,2022-09-01,08,ALTA41GT_7_B1,ALTA41GT_7_B1,ALTA41GT_7_B1,RTPD,MGHG,LMP_GHG_PRC,ALTA41GT_7_B1,ALL,1,0,2,5
2022-09-01T15:15:00-00:00,2022-09-01T15:30:00-00:00,2022-09-01,09,ALTA41GT_7_B1,ALTA41GT_7_B1,ALTA41GT_7_B1,RTPD,MGHG,LMP_GHG_PRC,ALTA41GT_7_B1,ALL,1,0,2,5
2022-09-01T16:15:00-00:00,2022-09-01T16:30:00-00:00,2022-09-01,10,ALTA41GT_7_B1,ALTA41GT_7_B1,ALTA41GT_7_B1,RTPD,MGHG,LMP_GHG_PRC,ALTA41GT_7_B1,ALL,1,0,2,5
2022-09-01T17:15:00-00:00,2022-09-01T17:30:00-00:00,2022-09-01,11,ALTA41GT_7_B1,ALTA41GT_7_B1,ALTA41GT_7_B1,RTPD,MGHG,LMP_GHG_PRC,ALTA41GT_7_B1,ALL,1,0,2,5
2022-09-01T18:15:00-00:00,2022-09-01T18:30:00-00:00,2022-09-01,12,ALTA41GT_7_B1,ALTA41GT_7_B1,ALTA41GT_7_B1,RTPD,MGHG,LMP_GHG_PRC,ALTA41GT_7_B1,ALL,1,0,2,5
2022-09-01T19:15:00-00:00,2022-09-01T19:30:00-00:00,2022-09-01,13,ALTA41GT_7_B1,ALTA41GT_7_B1,ALTA41GT_7_B1,RTPD,MGHG,LMP_GHG_PRC,ALTA41GT_7_B1,ALL,1,0,2,5
2022-09-01T20:15:00-00:00,2022-09-01T20:30:00-00:00,2022-09-01,14,ALTA41GT_7_B1,ALTA41GT_7_B1,ALTA41GT_7_B1,RTPD,MGHG,LMP_GHG_PRC,ALTA41GT_7_B1,ALL,1,0,2,5
2022-09-01T21:15:00-00:00,2022-09-01T21:30:00-00:00,2022-09-01,15,ALTA41GT_7_B1,ALTA41GT_7_B1,ALTA41GT_7_B1,RTPD,MGHG,LMP_GHG_PRC,ALTA41GT_7_B1,ALL,1,0,2,5
2022-09-01T22:15:00-00:00,2022-09-01T22:30:00-00:00,2022-09-01,16,ALTA41GT_7_B1,ALTA41GT_7_B1,ALTA41GT_7_B1,RTPD,MGHG,LMP_GHG_PRC,ALTA41GT_7_B1,ALL,1,0,2,5
2022-09-01T23:15:00-00:00,2022-09-01T23:30:00-00:00,2022-09-01,17,ALTA41GT_7_B1,ALTA41GT_7_B1,ALTA41GT_7_B1,RTPD,MGHG,LMP_GHG_PRC,ALTA41GT_7_B1,ALL,1,0,2,5
2022-09-02T00:15:00-00:00,2022-09-02T00:30:00-00:00,2022-09-01,18,ALTA41GT_7_B1,ALTA41GT_7_B1,ALTA41GT_7_B1,RTPD,MGHG,LMP_GHG_PRC,ALTA41GT_7_B1,ALL,1,0,2,5
2022-09-02T01:15:00-00:00,2022-09-02T01:30:00-00:00,2022-09-01,19,ALTA41GT_7_B1,ALTA41GT_7_B1,ALTA41GT_7_B1,RTPD,MGHG,LMP_GHG_PRC,ALTA41GT_7_B1,ALL,1,0,2,5
2022-09-02T02:15:00-00:00,2022-09-02T02:30:00-00:00,2022-09-01,20,ALTA41GT_7_B1,ALTA41GT_7_B1,ALTA41GT_7_B1,RTPD,MGHG,LMP_GHG_PRC,ALTA41GT_7_B1,ALL,1,0,2,5
2022-09-02T03:15:00-00:00,2022-09-02T03:30:00-00:00,2022-09-01,21,ALTA41GT_7_B1,ALTA41GT_7_B1,ALTA41GT_7_B1,RTPD,MGHG,LMP_GHG_PRC,ALTA41GT_7_B1,ALL,1,0,2,5
2022-09-02T04:15:00-00:00,2022-09-02T04:30:00-00:00,2022-09-01,22,ALTA41GT_7_B1,ALTA41GT_7_B1,ALTA41GT_7_B1,RTPD,MGHG,LMP_GHG_PRC,ALTA41GT_7_B1,ALL,1,0,2,5
2022-09-02T05:15:00-00:00,2022-09-02T05:30:00-00:00,2022-09-01,23,ALTA41GT_7_B1,ALTA41GT_7_B1,ALTA41GT_7_B1,RTPD,MGHG,LMP_GHG_PRC,ALTA41GT_7_B1,ALL,1,0,2,5
2022-09-02T06:15:00-00:00,2022-09-02T06:30:00-00:00,2022-09-01,24,ALTA41GT_7_B1,ALTA41GT_7_B1,ALTA41GT_7_B1,RTPD,MGHG,LMP_GHG_PRC,ALTA41GT_7_B1,ALL,1,0,2,5
2022-09-01T07:30:00-00:00,2022-09-01T07:45:00-00:00,2022-09-01,01,ALTA41GT_7_B1,ALTA41GT_7_B1,ALTA41GT_7_B1,RTPD,MGHG,LMP_GHG_PRC,ALTA41GT_7_B1,ALL,1,0,3,5
2022-09-01T08:30:00-00:00,2022-09-01T08:45:00-00:00,2022-09-01,02,ALTA41GT_7_B1,ALTA41GT_7_B1,ALTA41GT_7_B1,RTPD,MGHG,LMP_GHG_PRC,ALTA41GT_7_B1,ALL,1,0,3,5
2022-09-01T09:30:00-00:00,2022-09-01T09:45:00-00:00,2022-09-01,03,ALTA41GT_7_B1,ALTA41GT_7_B1,ALTA41GT_7_B1,RTPD,MGHG,LMP_GHG_PRC,ALTA41GT_7_B1,ALL,1,0,3,5
2022-09-01T10:30:00-00:00,2022-09-01T10:45:00-00:00,2022-09-01,04,ALTA41GT_7_B1,ALTA41GT_7_B1,ALTA41GT_7_B1,RTPD,MGHG,LMP_GHG_PRC,ALTA41GT_7_B1,ALL,1,0,3,5
2022-09-01T11:30:00-00:00,2022-09-01T11:45:00-00:00,2022-09-01,05,ALTA41GT_7_B1,ALTA41GT_7_B1,ALTA41GT_7_B1,RTPD,MGHG,LMP_GHG_PRC,ALTA41GT_7_B1,ALL,1,0,3,5
2022-09-01T12:30:00-00:00,2022-09-01T12:45:00-00:00,2022-09-01,06,ALTA41GT_7_B1,ALTA41GT_7_B1,ALTA41GT_7_B1,RTPD,MGHG,LMP_GHG_PRC,ALTA41GT_7_B1,ALL,1,0,3,5
2022-09-01T13:30:00-00:00,2022-09-01T13:45:00-00:00,2022-09-01,07,ALTA41GT_7_B1,ALTA41GT_7_B1,ALTA41GT_7_B1,RTPD,MGHG,LMP_GHG_PRC,ALTA41GT_7_B1,ALL,1,0,3,5
2022-09-01T14:30:00-00:00,2022-09-01T14:45:00-00:00,2022-09-01,08,ALTA41GT_7_B1,ALTA41GT_7_B1,ALTA41GT_7_B1,RTPD,MGHG,LMP_GHG_PRC,ALTA41GT_7_B1,ALL,1,0,3,5
2022-09-01T15:30:00-00:00,2022-09-01T15:45:00-00:00,2022-09-01,09,ALTA41GT_7_B1,ALTA41GT_7_B1,ALTA41GT_7_B1,RTPD,MGHG,LMP_GHG_PRC,ALTA41GT_7_B1,ALL,1,0,3,5
2022-09-01T16:30:00-00:00,2022-09-01T16:45:00-00:00,2022-09-01,10,ALTA41GT_7_B1,ALTA41GT_7_B1,ALTA41GT_7_B1,RTPD,MGHG,LMP_GHG_PRC,ALTA41GT_7_B1,ALL,1,0,3,5
2022-09-01T17:30:00-00:00,2022-09-01T17:45:00-00:00,2022-09-01,11,ALTA41GT_7_B1,ALTA41GT_7_B1,ALTA41GT_7_B1,RTPD,MGHG,LMP_GHG_PRC,ALTA41GT_7_B1,ALL,1,0,3,5
2022-09-01T18:30:00-00:00,2022-09-01T18:45:00-00:00,2022-09-01,12,ALTA41GT_7_B1,ALTA41GT_7_B1,ALTA41GT_7_B1,RTPD,MGHG,LMP_GHG_PRC,ALTA41GT_7_B1,ALL,1,0,3,5
2022-09-01T19:30:00-00:00,2022-09-01T19:45:00-00:00,2022-09-01,13,ALTA41GT_7_B1,ALTA41GT_7_B1,ALTA41GT_7_B1,RTPD,MGHG,LMP_GHG_PRC,ALTA41GT_7_B1,ALL,1,0,3,5
2022-09-01T20:30:00-00:00,2022-09-01T20:45:00-00:00,2022-09-01,14,ALTA41GT_7_B1,ALTA41GT_7_B1,ALTA41GT_7_B1,RTPD,MGHG,LMP_GHG_PRC,ALTA41GT_7_B1,ALL,1,0,3,5
2022-09-01T21:30:00-00:00,2022-09-01T21:45:00-00:00,2022-09-01,15,ALTA41GT_7_B1,ALTA41GT_7_B1,ALTA41GT_7_B1,RTPD,MGHG,LMP_GHG_PRC,ALTA41GT_7_B1,ALL,1,0,3,5
2022-09-01T22:30:00-00:00,2022-09-01T22:45:00-00:00,2022-09-01,16,ALTA41GT_7_B1,ALTA41GT_7_B1,ALTA41GT_7_B1,RTPD,MGHG,LMP_GHG_PRC,ALTA41GT_7_B1,ALL,1,0,3,5
2022-09-01T23:30:00-00:00,2022-09-01T23:45:00-00:00,2022-09-01,17,ALTA41GT_7_B1,ALTA41GT_7_B1,ALTA41GT_7_B1,RTPD,MGHG,LMP_GHG_PRC,ALTA41GT_7_B1,ALL,1,0,3,5
2022-09-02T00:30:00-00:00,2022-09-02T00:45:00-00:00,2022-09-01,18,ALTA41GT_7_B1,ALTA41GT_7_B1,ALTA41GT_7_B1,RTPD,MGHG,LMP_GHG_PRC,ALTA41GT_7_B1,ALL,1,0,3,5
2022-09-02T01:30:00-00:00,2022-09-02T01:45:00-00:00,2022-09-01,19,ALTA41GT_7_B1,ALTA41GT_7_B1,ALTA41GT_7_B1,RTPD,MGHG,LMP_GHG_PRC,ALTA41GT_7_B1,ALL,1,0,3,5
2022-09-02T02:30:00-00:00,2022-09-02T02:45:00-00:00,2022-09-01,20,ALTA41GT_7_B1,ALTA41GT_7_B1,ALTA41GT_7_B1,RTPD,MGHG,LMP_GHG_PRC,ALTA41GT_7_B1,ALL,1,0,3,5
2022-09-02T03:30:00-00:00,2022-09-02T03:45:00-00:00,2022-09-01,21,ALTA41GT_7_B1,ALTA41GT_7_B1,ALTA41GT_7_B1,RTPD,MGHG,LMP_GHG_PRC,ALTA41GT_7_B1,ALL,1,0,3,5
2022-09-02T04:30:00-00:00,2022-09-02T04:45:00-00:00,2022-09-01,22,ALTA41GT_7_B1,ALTA41GT_7_B1,ALTA41GT_7_B1,RTPD,MGHG,LMP_GHG_PRC,ALTA41GT_7_B1,ALL,1,0,3,5
2022-09-02T05:30:00-00:00,2022-09-02T05:45:00-00:00,2022-09-01,23,ALTA41GT_7_B1,ALTA41GT_7_B1,ALTA41GT_7_B1,RTPD,MGHG,LMP_GHG_PRC,ALTA41GT_7_B1,ALL,1,0,3,5
2022-09-02T06:30:00-00:00,2022-09-02T06:45:00-00:00,2022-09-01,24,ALTA41GT_7_B1,ALTA41GT_7_B1,ALTA41GT_7_B1,RTPD,MGHG,LMP_GHG_PRC,ALTA41GT_7_B1,ALL,1,0,3,5
2022-09-01T07:45:00-00:00,2022-09-01T08:00:00-00:00,2022-09-01,01,ALTA41GT_7_B1,ALTA41GT_7_B1,ALTA41GT_7_B1,RTPD,MGHG,LMP_GHG_PRC,ALTA41GT_7_B1,ALL,1,0,4,5
2022-09-01T08:45:00-00:00,2022-09-01T09:00:00-00:00,2022-09-01,02,ALTA41GT_7_B1,ALTA41GT_7_B1,ALTA41GT_7_B1,RTPD,MGHG,LMP_GHG_PRC,ALTA41GT_7_B1,ALL,1,0,4,5
2022-09-01T09:45:00-00:00,2022-09-01T10:00:00-00:00,2022-09-01,03,ALTA41GT_7_B1,ALTA41GT_7_B1,ALTA41GT_7_B1,RTPD,MGHG,LMP_GHG_PRC,ALTA41GT_7_B1,ALL,1,0,4,5
2022-09-01T10:45:00-00:00,2022-09-01T11:00:00-00:00,2022-09-01,04,ALTA41GT_7_B1,ALTA41GT_7_B1,ALTA41GT_7_B1,RTPD,MGHG,LMP_GHG_PRC,ALTA41GT_7_B1,ALL,1,0,4,5
2022-09-01T11:45:00-00:00,2022-09-01T12:00:00-00:00,2022-09-01,05,ALTA41GT_7_B1,ALTA41GT_7_B1,ALTA41GT_7_B1,RTPD,MGHG,LMP_GHG_PRC,ALTA41GT_7_B1,ALL,1,0,4,5
2022-09-01T12:45:00-00:00,2022-09-01T13:00:00-00:00,2022-09-01,06,ALTA41GT_7_B1,ALTA41GT_7_B1,ALTA41GT_7_B1,RTPD,MGHG,LMP_GHG_PRC,ALTA41GT_7_B1,ALL,1,0,4,5
2022-09-01T13:45:00-00:00,2022-09-01T14:00:00-00:00,2022-09-01,07,ALTA41GT_7_B1,ALTA41GT_7_B1,ALTA41GT_7_B1,RTPD,MGHG,LMP_GHG_PRC,ALTA41GT_7_B1,ALL,1,0,4,5
2022-09-01T14:45:00-00:00,2022-09-01T15:00:00-00:00,2022-09-01,08,ALTA41GT_7_B1,ALTA41GT_7_B1,ALTA41GT_7_B1,RTPD,MGHG,LMP_GHG_PRC,ALTA41GT_7_B1,ALL,1,0,4,5
2022-09-01T15:45:00-00:00,2022-09-01T16:00:00-00:00,2022-09-01,09,ALTA41GT_7_B1,ALTA41GT_7_B1,ALTA41GT_7_B1,RTPD,MGHG,LMP_GHG_PRC,ALTA41GT_7_B1,ALL,1,0,4,5
2022-09-01T16:45:00-00:00,2022-09-01T17:00:00-00:00,2022-09-01,10,ALTA41GT_7_B1,ALTA41GT_7_B1,ALTA41GT_7_B1,RTPD,MGHG,LMP_GHG_PRC,ALTA41GT_7_B1,ALL,1,0,4,5
2022-09-01T17:45:00-00:00,2022-09-01T18:00:00-00:00,2022-09-01,11,ALTA41GT_7_B1,ALTA41GT_7_B1,ALTA41GT_7_B1,RTPD,MGHG,LMP_GHG_PRC,ALTA41GT_7_B1,ALL,1,0,4,5
2022-09-01T18:45:00-00:00,2022-09-01T19:00:00-00:00,2022-09-01,12,ALTA41GT_7_B1,ALTA41GT_7_B1,ALTA41GT_7_B1,RTPD,MGHG,LMP_GHG_PRC,ALTA41GT_7_B1,ALL,1,0,4,5
2022-09-01T19:45:00-00:00,2022-09-01T20:00:00-00:00,2022-09-01,13,ALTA41GT_7_B1,ALTA41GT_7_B1,ALTA41GT_7_B1,RTPD,MGHG,LMP_GHG_PRC,ALTA41GT_7_B1,ALL,1,0,4,5
2022-09-01T20:45:00-00:00,2022-09-01T21:00:00-00:00,2022-09-01,14,ALTA41GT_7_B1,ALTA41GT_7_B1,ALTA41GT_7_B1,RTPD,MGHG,LMP_GHG_PRC,ALTA41GT_7_B1,ALL,1,0,4,5
2022-09-01T21:45:00-00:00,2022-09-01T22:00:00-00:00,2022-09-01,15,ALTA41GT_7_B1,ALTA41GT_7_B1,ALTA41GT_7_B1,RTPD,MGHG,LMP_GHG_PRC,ALTA41GT_7_B1,ALL,1,0,4,5
2022-09-01T22:45:00-00:00,2022-09-01T23:00:00-00:00,2022-09-01,16,ALTA41GT_7_B1,ALTA41GT_7_B1,ALTA41GT_7_B1,RTPD,MGHG,LMP_GHG_PRC,ALTA41GT_7_B1,ALL,1,0,4,5
2022-09-01T23:45:00-00:00,2022-09-02T00:00:00-00:00,2022-09-01,17,ALTA41GT_7_B1,ALTA41GT_7_B1,ALTA41GT_7_B1,RTPD,MGHG,LMP_GHG_PRC,ALTA41GT_7_B1,ALL,1,0,4,5
2022-09-02T00:45:00-00:00,2022-09-02T01:00:00-00:00,2022-09-01,18,ALTA41GT_7_B1,ALTA41GT_7_B1,ALTA41GT_7_B1,RTPD,MGHG,LMP_GHG_PRC,ALTA41GT_7_B1,ALL,1,0,4,5
2022-09-02T01:45:00-00:00,2022-09-02T02:00:00-00:00,2022-09-01,19,ALTA41GT_7_B1,ALTA41GT_7_B1,ALTA41GT_7_B1,RTPD,MGHG,LMP_GHG_PRC,ALTA41GT_7_B1,ALL,1,0,4,5
2022-09-02T02:45:00-00:00,2022-09-02T03:00:00-00:00,2022-09-01,20,ALTA41GT_7_B1,ALTA41GT_7_B1,ALTA41GT_7_B1,RTPD,MGHG,LMP_GHG_PRC,ALTA41GT_7_B1,ALL,1,0,4,5
2022-09-02T03:45:00-00:00,2022-09-02T04:00:00-00:00,2022-09-01,21,ALTA41GT_7_B1,ALTA41GT_7_B1,ALTA41GT_7_B1,RTPD,MGHG,LMP_GHG_PRC,ALTA41GT_7_B1,ALL,1,0,4,5
2022-09-02T04:45:00-00:00,2022-09-02T05:00:00-00:00,2022-09-01,22,ALTA41GT_7_B1,ALTA41GT_7_B1,ALTA41GT_7_B1,RTPD,MGHG,LMP_GHG_PRC,ALTA41GT_7_B1,ALL,1,0,4,5
2022-09-02T05:45:00-00:00,2022-09-02T06:00:00-00:00,2022-09-01,23,ALTA41GT_7_B1,ALTA41GT_7_B1,ALTA41GT_7_B1,RTPD,MGHG,LMP_GHG_PRC,ALTA41GT_7_B1,ALL,1,0,4,5
2022-09-02T06:45:00-00:00,2022-09-02T07:00:00-00:00,2022-09-01,24,ALTA41GT_7_B1,ALTA41GT_7_B1,ALTA41GT_7_B1,RTPD,MGHG,LMP_GHG_PRC,ALTA41GT_7_B1,ALL,1,0,4,5
