INTERVALSTARTTIME_GMT,INTERVALENDTIME_GMT,OPR_DT,OPR_HR,NODE_ID_XML,NODE_ID,NODE,MARKET_RUN_ID,LMP_TYPE,XML_DATA_ITEM,PNODE_RESMRID,GRP_TYPE,POS,PRC,OPR_INTERVAL,GROUP
2022-09-01T07:00:00-00:00,2022-09-01T07:15:00-00:00,2022-09-01,01,AVOCADO_6_N001,AVOCADO_6_N001,AVOCADO_6_N001,RTPD,LMP,LMP_PRC,AVOCADO_6_N001,ALL,1,201.48364,1,1
2022-09-01T08:00:00-00:00,2022-09-01T08:15:00-00:00,2022-09-01,02,AVOCADO_6_N001,AVOCADO_6_N001,AVOCADO_6_N001,RTPD,LMP,LMP_PRC,AVOCADO_6_N001,ALL,1,118.58913,1,1
2022-09-01T09:00:00-00:00,2022-09-01T09:15:00-00:00,2022-09-01,03,AVOCADO_6_N001,AVOCADO_6_N001,AVOCADO_6_N001,RTPD,LMP,LMP_PRC,AVOCADO_6_N001,ALL,1,118.00596,1,1
2022-09-01T10:00:00-00:00,2022-09-01T10:15:00-00:00,2022-09-01,04,AVOCADO_6_N001,AVOCADO_6_N001,AVOCADO_6_N001,RTPD,LMP,LMP_PRC,AVOCADO_6_N001,ALL,1,116.23242,1,1
2022-09-01T11:00:00-00:00,2022-09-01T11:15:00-00:00,2022-09-01,05,AVOCADO_6_N001,AVOCADO_6_N001,AVOCADO_6_N001,RTPD,LMP,LMP_PRC,AVOCADO_6_N001,ALL,1,116.39483,1,1
2022-09-01T12:00:00-00:00,2022-09-01T12:15:00-00:00,2022-09-01,06,AVOCADO_6_N001,AVOCADO_6_N001,AVOCADO_6_N001,RTPD,LMP,LMP_PRC,AVOCADO_6_N001,ALL,1,118.78065,1,1
2022-09-01T13:00:00-00:00,2022-09-01T13:15:00-00:00,2022-09-01,07,AVOCADO_6_N001,AVOCADO_6_N001,AVOCADO_6_N001,RTPD,LMP,LMP_PRC,AVOCADO_6_N001,ALL,1,114.68253,1,1
2022-09-01T14:00:00-00:00,2022-09-01T14:15:00-00:00,2022-09-01,08,AVOCADO_6_N001,AVOCADO_6_N001,AVOCADO_6_N001,RTPD,LMP,LMP_PRC,AVOCADO_6_N001,ALL,1,181.1244,1,1
2022-09-01T15:00:00-00:00,2022-09-01T15:15:00-00:00,2022-09-01,09,AVOCADO_6_N001,AVOCADO_6_N001,AVOCADO_6_N001,RTPD,LMP,LMP_PRC,AVOCADO_6_N001,ALL,1,259.56985,1,1
2022-09-01T16:00:00-00:00,2022-09-01T16:15:00-00:00,2022-09-01,10,AVOCADO_6_N001,AVOCADO_6_N001,AVOCADO_6_N001,RTPD,LMP,LMP_PRC,AVOCADO_6_N001,ALL,1,202.81107,1,1
2022-09-01T17:00:00-00:00,2022-09-01T17:15:00-00:00,2022-09-01,11,AVOCADO_6_N001,AVOCADO_6_N001,AVOCADO_6_N001,RTPD,LMP,LMP_PRC,AVOCADO_6_N001,ALL,1,216.34727,1,1
2022-09-01T18:00:00-00:00,2022-09-01T18:15:00-00:00,2022-09-01,12,AVOCADO_6_N001,AVOCADO_6_N001,AVOCADO_6_N001,RTPD,LMP,LMP_PRC,AVOCADO_6_N001,ALL,1,230.15947,1,1
2022-09-01T19:00:00-00:00,2022-09-01T19:15:00-00:00,2022-09-01,13,AVOCADO_6_N001,AVOCADO_6_N001,AVOCADO_6_N001,RTPD,LMP,LMP_PRC,AVOCADO_6_N001,ALL,1,327.5601,1,1
2022-09-01T20:00:00-00:00,2022-09-01T20:15:00-00:00,2022-09-01,14,AVOCADO_6_N001,AVOCADO_6_N001,AVOCADO_6_N001,RTPD,LMP,LMP_PRC,AVOCADO_6_N001,ALL,1,167.99486,1,1
2022-09-01T21:00:00-00:00,2022-09-01T21:15:00-00:00,2022-09-01,15,AVOCADO_6_N001,AVOCADO_6_N001,AVOCADO_6_N001,RTPD,LMP,LMP_PRC,AVOCADO_6_N001,ALL,1,1010.3567,1,1
2022-09-01T22:00:00-00:00,2022-09-01T22:15:00-00:00,2022-09-01,16,AVOCADO_6_N001,AVOCADO_6_N001,AVOCADO_6_N001,RTPD,LMP,LMP_PRC,AVOCADO_6_N001,ALL,1,838.4314,1,1
2022-09-01T23:00:00-00:00,2022-09-01T23:15:00-00:00,2022-09-01,17,AVOCADO_6_N001,AVOCADO_6_N001,AVOCADO_6_N001,RTPD,LMP,LMP_PRC,AVOCADO_6_N001,ALL,1,1634.0573,1,1
2022-09-02T00:00:00-00:00,2022-09-02T00:15:00-00:00,2022-09-01,18,AVOCADO_6_N001,AVOCADO_6_N001,AVOCADO_6_N001,RTPD,LMP,LMP_PRC,AVOCADO_6_N001,ALL,1,1780.4805,1,1
2022-09-02T01:00:00-00:00,2022-09-02T01:15:00-00:00,2022-09-01,19,AVOCADO_6_N001,AVOCADO_6_N001,AVOCADO_6_N001,RTPD,LMP,LMP_PRC,AVOCADO_6_N001,ALL,1,1143.7454,1,1
2022-09-02T02:00:00-00:00,2022-09-02T02:15:00-00:00,2022-09-01,20,AVOCADO_6_N001,AVOCADO_6_N001,AVOCADO_6_N001,RTPD,LMP,LMP_PRC,AVOCADO_6_N001,ALL,1,2282.3357,1,1
2022-09-02T03:00:00-00:00,2022-09-02T03:15:00-00:00,2022-09-01,21,AVOCADO_6_N001,AVOCADO_6_N001,AVOCADO_6_N001,RTPD,LMP,LMP_PRC,AVOCADO_6_N001,ALL,1,1292.3547,1,1
2022-09-02T04:00:00-00:00,2022-09-02T04:15:00-00:00,2022-09-01,22,AVOCADO_6_N001,AVOCADO_6_N001,AVOCADO_6_N001,RTPD,LMP,LMP_PRC,AVOCADO_6_N001,ALL,1,290.0666,1,1
2022-09-02T05:00:00-00:00,2022-09-02T05:15:00-00:00,2022-09-01,23,AVOCADO_6_N001,AVOCADO_6_N001,AVOCADO_6_N001,RTPD,LMP,LMP_PRC,AVOCADO_6_N001,ALL,1,220.06871,1,1
2022-09-02T06:00:00-00:00,2022-09-02T06:15:00-00:00,2022-09-01,24,AVOCADO_6_N001,AVOCADO_6_N001,AVOCADO_6_N001,RTPD,LMP,LMP_PRC,AVOCADO_6_N001,ALL,1,176.24602,1,1
2022-09-01T07:15:00-00:00,2022-09-01T07:30:00-00:00,2022-09-01,01,AVOCADO_6_N001,AVOCADO_6_N001,AVOCADO_6_N001,RTPD,LMP,LMP_PRC,AVOCADO_6_N001,ALL,1,134.53452,2,1
2022-09-01T08:15:00-00:00,2022-09-01T08:30:00-00:00,2022-09-01,02,AVOCADO_6_N001,AVOCADO_6_N001,AVOCADO_6_N001,RTPD,LMP,LMP_PRC,AVOCADO_6_N001,ALL,1,116.36152,2,1
2022-09-01T09:15:00-00:00,2022-09-01T09:30:00-00:00,2022-09-01,03,AVOCADO_6_N001,AVOCADO_6_N001,AVOCADO_6_N001,RTPD,LMP,LMP_PRC,AVOCADO_6_N001,ALL,1,117.60606,2,1
2022-09-01T10:15:00-00:00,2022-09-01T10:30:00-00:00,2022-09-01,04,AVOCADO_6_N001,AVOCADO_6_N001,AVOCADO_6_N001,RTPD,LMP,LMP_PRC,AVOCADO_6_N001,ALL,1,115.94874,2,1
2022-09-01T11:15:00-00:00,2022-09-01T11:30:00-00:00,2022-09-01,05,AVOCADO_6_N001,AVOCADO_6_N001,AVOCADO_6_N001,RTPD,LMP,LMP_PRC,AVOCADO_6_N001,ALL,1,117.05936,2,1
2022-09-01T12:15:00-00:00,2022-09-01T12:30:00-00:00,2022-09-01,06,AVOCADO_6_N001,AVOCADO_6_N001,AVOCADO_6_N001,RTPD,LMP,LMP_PRC,AVOCADO_6_N001,ALL,1,129.3995,2,1
2022-09-01T13:15:00-00:00,2022-09-01T13:30:00-00:00,2022-09-01,07,AVOCADO_6_N001,AVOCADO_6_N001,AVOCADO_6_N001,RTPD,LMP,LMP_PRC,AVOCADO_6_N001,ALL,1,126.25755,2,1
2022-09-01T14:15:00-00:00,2022-09-01T14:30:00-00:00,2022-09-01,08,AVOCADO_6_N001,AVOCADO_6_N001,AVOCADO_6_N001,RTPD,LMP,LMP_PRC,AVOCADO_6_N001,ALL,1,189.51491,2,1
2022-09-01T15:15:00-00:00,2022-09-01T15:30:00-00:00,2022-09-01,09,AVOCADO_6_N001,AVOCADO_6_N001,AVOCADO_6_N001,RTPD,LMP,LMP_PRC,AVOCADO_6_N001,ALL,1,259.29175,2,1
2022-09-01T16:15:00-00:00,2022-09-01T16:30:00-00:00,2022-09-01,10,AVOCADO_6_N001,AVOCADO_6_N001,AVOCADO_6_N001,RTPD,LMP,LMP_PRC,AVOCADO_6_N001,ALL,1,202.87653,2,1
2022-09-01T17:15:00-00:00,2022-09-01T17:30:00-00:00,2022-09-01,11,AVOCADO_6_N001,AVOCADO_6_N001,AVOCADO_6_N001,RTPD,LMP,LMP_PRC,AVOCADO_6_N001,ALL,1,227.80966,2,1
2022-09-01T18:15:00-00:00,2022-09-01T18:30:00-00:00,2022-09-01,12,AVOCADO_6_N001,AVOCADO_6_N001,AVOCADO_6_N001,RTPD,LMP,LMP_PRC,AVOCADO_6_N001,ALL,1,256.67258,2,1
2022-09-01T19:15:00-00:00,2022-09-01T19:30:00-00:00,2022-09-01,13,AVOCADO_6_N001,AVOCADO_6_N001,AVOCADO_6_N001,RTPD,LMP,LMP_PRC,AVOCADO_6_N001,ALL,1,236.5781,2,1
2022-09-01T20:15:00-00:00,2022-09-01T20:30:00-00:00,2022-09-01,14,AVOCADO_6_N001,AVOCADO_6_N001,AVOCADO_6_N001,RTPD,LMP,LMP_PRC,AVOCADO_6_N001,ALL,1,194.8716,2,1
2022-09-01T21:15:00-00:00,2022-09-01T21:30:00-00:00,2022-09-01,15,AVOCADO_6_N001,AVOCADO_6_N001,AVOCADO_6_N001,RTPD,LMP,LMP_PRC,AVOCADO_6_N001,ALL,1,326.02475,2,1
2022-09-01T22:15:00-00:00,2022-09-01T22:30:00-00:00,2022-09-01,16,AVOCADO_6_N001,AVOCADO_6_N001,AVOCADO_6_N001,RTPD,LMP,LMP_PRC,AVOCADO_6_N001,ALL,1,910.23346,2,1
2022-09-01T23:15:00-00:00,2022-09-01T23:30:00-00:00,2022-09-01,17,AVOCADO_6_N001,AVOCADO_6_N001,AVOCADO_6_N001,RTPD,LMP,LMP_PRC,AVOCADO_6_N001,ALL,1,1556.7598,2,1
2022-09-02T00:15:00-00:00,2022-09-02T00:30:00-00:00,2022-09-01,18,AVOCADO_6_N001,AVOCADO_6_N001,AVOCADO_6_N001,RTPD,LMP,LMP_PRC,AVOCADO_6_N001,ALL,1,1622.9961,2,1
2022-09-02T01:15:00-00:00,2022-09-02T01:30:00-00:00,2022-09-01,19,AVOCADO_6_N001,AVOCADO_6_N001,AVOCADO_6_N001,RTPD,LMP,LMP_PRC,AVOCADO_6_N001,ALL,1,2389.9934,2,1
2022-09-02T02:15:00-00:00,2022-09-02T02:30:00-00:00,2022-09-01,20,AVOCADO_6_N001,AVOCADO_6_N001,AVOCADO_6_N001,RTPD,LMP,LMP_PRC,AVOCADO_6_N001,ALL,1,1991.6721,2,1
2022-09-02T03:15:00-00:00,2022-09-02T03:30:00-00:00,2022-09-01,21,AVOCADO_6_N001,AVOCADO_6_N001,AVOCADO_6_N001,RTPD,LMP,LMP_PRC,AVOCADO_6_N001,ALL,1,540.9927,2,1
2022-09-02T04:15:00-00:00,2022-09-02T04:30:00-00:00,2022-09-01,22,AVOCADO_6_N001,AVOCADO_6_N001,AVOCADO_6_N001,RTPD,LMP,LMP_PRC,AVOCADO_6_N001,ALL,1,201.15967,2,1
2022-09-02T05:15:00-00:00,2022-09-02T05:30:00-00:00,2022-09-01,23,AVOCADO_6_N001,AVOCADO_6_N001,AVOCADO_6_N001,RTPD,LMP,LMP_PRC,AVOCADO_6_N001,ALL,1,192.51286,2,1
2022-09-02T06:15:00-00:00,2022-09-02T06:30:00-00:00,2022-09-01,24,AVOCADO_6_N001,AVOCADO_6_N001,AVOCADO_6_N001,RTPD,LMP,LMP_PRC,AVOCADO_6_N001,ALL,1,166.93765,2,1
2022-09-01T07:30:00-00:00,2022-09-01T07:45:00-00:00,2022-09-01,01,AVOCADO_6_N001,AVOCADO_6_N001,AVOCADO_6_N001,RTPD,LMP,LMP_PRC,AVOCADO_6_N001,ALL,1,133.6935,3,1
2022-09-01T08:30:00-00:00,2022-09-01T08:45:00-00:00,2022-09-01,02,AVOCADO_6_N001,AVOCADO_6_N001,AVOCADO_6_N001,RTPD,LMP,LMP_PRC,AVOCADO_6_N001,ALL,1,126.7356,3,1
2022-09-01T09:30:00-00:00,2022-09-01T09:45:00-00:00,2022-09-01,03,AVOCADO_6_N001,AVOCADO_6_N001,AVOCADO_6_N001,RTPD,LMP,LMP_PRC,AVOCADO_6_N001,ALL,1,117.20784,3,1
2022-09-01T10:30:00-00:00,2022-09-01T10:45:00-00:00,2022-09-01,04,AVOCADO_6_N001,AVOCADO_6_N001,AVOCADO_6_N001,RTPD,LMP,LMP_PRC,AVOCADO_6_N001,ALL,1,112.95799,3,1
2022-09-01T11:30:00-00:00,2022-09-01T11:45:00-00:00,2022-09-01,05,AVOCADO_6_N001,AVOCADO_6_N001,AVOCADO_6_N001,RTPD,LMP,LMP_PRC,AVOCADO_6_N001,ALL,1,116.94443,3,1
2022-09-01T12:30:00-00:00,2022-09-01T12:45:00-00:00,2022-09-01,06,AVOCADO_6_N001,AVOCADO_6_N001,AVOCADO_6_N001,RTPD,LMP,LMP_PRC,AVOCADO_6_N001,ALL,1,137.9231,3,1
2022-09-01T13:30:00-00:00,2022-09-01T13:45:00-00:00,2022-09-01,07,AVOCADO_6_N001,AVOCADO_6_N001,AVOCADO_6_N001,RTPD,LMP,LMP_PRC,AVOCADO_6_N001,ALL,1,132.44012,3,1
2022-09-01T14:30:00-00:00,2022-09-01T14:45:00-00:00,2022-09-01,08,AVOCADO_6_N001,AVOCADO_6_N001,AVOCADO_6_N001,RTPD,LMP,LMP_PRC,AVOCADO_6_N001,ALL,1,166.04791,3,1
2022-09-01T15:30:00-00:00,2022-09-01T15:45:00-00:00,2022-09-01,09,AVOCADO_6_N001,AVOCADO_6_N001,AVOCADO_6_N001,RTPD,LMP,LMP_PRC,AVOCADO_6_N001,ALL,1,307.69043,3,1
2022-09-01T16:30:00-00:00,2022-09-01T16:45:00-00:00,2022-09-01,10,AVOCADO_6_N001,AVOCADO_6_N001,AVOCADO_6_N001,RTPD,LMP,LMP_PRC,AVOCADO_6_N001,ALL,1,190.98138,3,1
2022-09-01T17:30:00-00:00,2022-09-01T17:45:00-00:00,2022-09-01,11,AVOCADO_6_N001,AVOCADO_6_N001,AVOCADO_6_N001,RTPD,LMP,LMP_PRC,AVOCADO_6_N001,ALL,1,214.11372,3,1
2022-09-01T18:30:00-00:00,2022-09-01T18:45:00-00:00,2022-09-01,12,AVOCADO_6_N001,AVOCADO_6_N001,AVOCADO_6_N001,RTPD,LMP,LMP_PRC,AVOCADO_6_N001,ALL,1,260.0015,3,1
2022-09-01T19:30:00-00:00,2022-09-01T19:45:00-00:00,2022-09-01,13,AVOCADO_6_N001,AVOCADO_6_N001,AVOCADO_6_N001,RTPD,LMP,LMP_PRC,AVOCADO_6_N001,ALL,1,228.65833,3,1
2022-09-01T20:30:00-00:00,2022-09-01T20:45:00-00:00,2022-09-01,14,AVOCADO_6_N001,AVOCADO_6_N001,AVOCADO_6_N001,RTPD,LMP,LMP_PRC,AVOCADO_6_N001,ALL,1,251.4882,3,1
2022-09-01T21:30:00-00:00,2022-09-01T21:45:00-00:00,2022-09-01,15,AVOCADO_6_N001,AVOCADO_6_N001,AVOCADO_6_N001,RTPD,LMP,LMP_PRC,AVOCADO_6_N001,ALL,1,358.01788,3,1
2022-09-01T22:30:00-00:00,2022-09-01T22:45:00-00:00,2022-09-01,16,AVOCADO_6_N001,AVOCADO_6_N001,AVOCADO_6_N001,RTPD,LMP,LMP_PRC,AVOCADO_6_N001,ALL,1,1067.1892,3,1
2022-09-01T23:30:00-00:00,2022-09-01T23:45:00-00:00,2022-09-01,17,AVOCADO_6_N001,AVOCADO_6_N001,AVOCADO_6_N001,RTPD,LMP,LMP_PRC,AVOCADO_6_N001,ALL,1,1674.1136,3,1
2022-09-02T00:30:00-00:00,2022-09-02T00:45:00-00:00,2022-09-01,18,AVOCADO_6_N001,AVOCADO_6_N001,AVOCADO_6_N001,RTPD,LMP,LMP_PRC,AVOCADO_6_N001,ALL,1,1967.1757,3,1
2022-09-02T01:30:00-00:00,2022-09-02T01:45:00-00:00,2022-09-01,19,AVOCADO_6_N001,AVOCADO_6_N001,AVOCADO_6_N001,RTPD,LMP,LMP_PRC,AVOCADO_6_N001,ALL,1,2075.7344,3,1
2022-09-02T02:30:00-00:00,2022-09-02T02:45:00-00:00,2022-09-01,20,AVOCADO_6_N001,AVOCADO_6_N001,AVOCADO_6_N001,RTPD,LMP,LMP_PRC,AVOCADO_6_N001,ALL,1,1991.671,3,1
2022-09-02T03:30:00-00:00,2022-09-02T03:45:00-00:00,2022-09-01,21,AVOCADO_6_N001,AVOCADO_6_N001,AVOCADO_6_N001,RTPD,LMP,LMP_PRC,AVOCADO_6_N001,ALL,1,228.79402,3,1
2022-09-02T04:30:00-00:00,2022-09-02T04:45:00-00:00,2022-09-01,22,AVOCADO_6_N001,AVOCADO_6_N001,AVOCADO_6_N001,RTPD,LMP,LMP_PRC,AVOCADO_6_N001,ALL,1,183.37389,3,1
2022-09-02T05:30:00-00:00,2022-09-02T05:45:00-00:00,2022-09-01,23,AVOCADO_6_N001,AVOCADO_6_N001,AVOCADO_6_N001,RTPD,LMP,LMP_PRC,AVOCADO_6_N001,ALL,1,166.70258,3,1
2022-09-02T06:30:00-00:00,2022-09-02T06:45:00-00:00,2022-09-01,24,AVOCADO_6_N001,AVOCADO_6_N001,AVOCADO_6_N001,RTPD,LMP,LMP_PRC,AVOCADO_6_N001,ALL,1,157.35715,3,1
2022-09-01T07:45:00-00:00,2022-09-01T08:00:00-00:00,2022-09-01,01,AVOCADO_6_N001,AVOCADO_6_N001,AVOCADO_6_N001,RTPD,LMP,LMP_PRC,AVOCADO_6_N001,ALL,1,125.87444,4,1
2022-09-01T08:45:00-00:00,2022-09-01T09:00:00-00:00,2022-09-01,02,AVOCADO_6_N001,AVOCADO_6_N001,AVOCADO_6_N001,RTPD,LMP,LMP_PRC,AVOCADO_6_N001,ALL,1,116.95451,4,1
2022-09-01T09:45:00-00:00,2022-09-01T10:00:00-00:00,2022-09-01,03,AVOCADO_6_N001,AVOCADO_6_N001,AVOCADO_6_N001,RTPD,LMP,LMP_PRC,AVOCADO_6_N001,ALL,1,116.18622,4,1
2022-09-01T10:45:00-00:00,2022-09-01T11:00:00-00:00,2022-09-01,04,AVOCADO_6_N001,AVOCADO_6_N001,AVOCADO_6_N001,RTPD,LMP,LMP_PRC,AVOCADO_6_N001,ALL,1,109.52891,4,1
2022-09-01T11:45:00-00:00,2022-09-01T12:00:00-00:00,2022-09-01,05,AVOCADO_6_N001,AVOCADO_6_N001,AVOCADO_6_N001,RTPD,LMP,LMP_PRC,AVOCADO_6_N001,ALL,1,107.01,4,1
2022-09-01T12:45:00-00:00,2022-09-01T13:00:00-00:00,2022-09-01,06,AVOCADO_6_N001,AVOCADO_6_N001,AVOCADO_6_N001,RTPD,LMP,LMP_PRC,AVOCADO_6_N001,ALL,1,118.73944,4,1
2022-09-01T13:45:00-00:00,2022-09-01T14:00:00-00:00,2022-09-01,07,AVOCADO_6_N001,AVOCADO_6_N001,AVOCADO_6_N001,RTPD,LMP,LMP_PRC,AVOCADO_6_N001,ALL,1,138.36,4,1
2022-09-01T14:45:00-00:00,2022-09-01T15:00:00-00:00,2022-09-01,08,AVOCADO_6_N001,AVOCADO_6_N001,AVOCADO_6_N001,RTPD,LMP,LMP_PRC,AVOCADO_6_N001,ALL,1,155.04755,4,1
2022-09-01T15:45:00-00:00,2022-09-01T16:00:00-00:00,2022-09-01,09,AVOCADO_6_N001,AVOCADO_6_N001,AVOCADO_6_N001,RTPD,LMP,LMP_PRC,AVOCADO_6_N001,ALL,1,188.38495,4,1
2022-09-01T16:45:00-00:00,2022-09-01T17:00:00-00:00,2022-09-01,10,AVOCADO_6_N001,AVOCADO_6_N001,AVOCADO_6_N001,RTPD,LMP,LMP_PRC,AVOCADO_6_N001,ALL,1,192.034,4,1
2022-09-01T17:45:00-00:00,2022-09-01T18:00:00-00:00,2022-09-01,11,AVOCADO_6_N001,AVOCADO_6_N001,AVOCADO_6_N001,RTPD,LMP,LMP_PRC,AVOCADO_6_N001,ALL,1,218.83151,4,1
2022-09-01T18:45:00-00:00,2022-09-01T19:00:00-00:00,2022-09-01,12,AVOCADO_6_N001,AVOCADO_6_N001,AVOCADO_6_N001,RTPD,LMP,LMP_PRC,AVOCADO_6_N001,ALL,1,272.26935,4,1
2022-09-01T19:45:00-00:00,2022-09-01T20:00:00-00:00,2022-09-01,13,AVOCADO_6_N001,AVOCADO_6_N001,AVOCADO_6_N001,RTPD,LMP,LMP_PRC,AVOCADO_6_N001,ALL,1,241.10013,4,1
2022-09-01T20:45:00-00:00,2022-09-01T21:00:00-00:00,2022-09-01,14,AVOCADO_6_N001,AVOCADO_6_N001,AVOCADO_6_N001,RTPD,LMP,LMP_PRC,AVOCADO_6_N001,ALL,1,322.0243,4,1
2022-09-01T21:45:00-00:00,2022-09-01T22:00:00-00:00,2022-09-01,15,AVOCADO_6_N001,AVOCADO_6_N001,AVOCADO_6_N001,RTPD,LMP,LMP_PRC,AVOCADO_6_N001,ALL,1,1011.9538,4,1
2022-09-01T22:45:00-00:00,2022-09-01T23:00:00-00:00,2022-09-01,16,AVOCADO_6_N001,AVOCADO_6_N001,AVOCADO_6_N001,RTPD,LMP,LMP_PRC,AVOCADO_6_N001,ALL,1,1865.5472,4,1
2022-09-01T23:45:00-00:00,2022-09-02T00:00:00-00:00,2022-09-01,17,AVOCADO_6_N001,AVOCADO_6_N001,AVOCADO_6_N001,RTPD,LMP,LMP_PRC,AVOCADO_6_N001,ALL,1,3170.4026,4,1
2022-09-02T00:45:00-00:00,2022-09-02T01:00:00-00:00,2022-09-01,18,AVOCADO_6_N001,AVOCADO_6_N001,AVOCADO_6_N001,RTPD,LMP,LMP_PRC,AVOCADO_6_N001,ALL,1,2647.219,4,1
2022-09-02T01:45:00-00:00,2022-09-02T02:00:00-00:00,2022-09-01,19,AVOCADO_6_N001,AVOCADO_6_N001,AVOCADO_6_N001,RTPD,LMP,LMP_PRC,AVOCADO_6_N001,ALL,1,1991.9337,4,1
2022-09-02T02:45:00-00:00,2022-09-02T03:00:00-00:00,2022-09-01,20,AVOCADO_6_N001,AVOCADO_6_N001,AVOCADO_6_N001,RTPD,LMP,LMP_PRC,AVOCADO_6_N001,ALL,1,2737.8748,4,1
2022-09-02T03:45:00-00:00,2022-09-02T04:00:00-00:00,2022-09-01,21,AVOCADO_6_N001,AVOCADO_6_N001,AVOCADO_6_N001,RTPD,LMP,LMP_PRC,AVOCADO_6_N001,ALL,1,176.6894,4,1
2022-09-02T04:45:00-00:00,2022-09-02T05:00:00-00:00,2022-09-01,22,AVOCADO_6_N001,AVOCADO_6_N001,AVOCADO_6_N001,RTPD,LMP,LMP_PRC,AVOCADO_6_N001,ALL,1,156.86987,4,1
2022-09-02T05:45:00-00:00,2022-09-02T06:00:00-00:00,2022-09-01,23,AVOCADO_6_N001,AVOCADO_6_N001,AVOCADO_6_N001,RTPD,LMP,LMP_PRC,AVOCADO_6_N001,ALL,1,155.11282,4,1
2022-09-02T06:45:00-00:00,2022-09-02T07:00:00-00:00,2022-09-01,24,AVOCADO_6_N001,AVOCADO_6_N001,AVOCADO_6_N001,RTPD,LMP,LMP_PRC,AVOCADO_6_N001,ALL,1,130.47504,4,1
2022-09-01T07:00:00-00:00,2022-09-01T07:15:00-00:00,2022-09-01,01,AVOCADO_6_N001,AVOCADO_6_N001,AVOCADO_6_N001,RTPD,MCC,LMP_CONG_PRC,AVOCADO_6_N001,ALL,1,90.45284,1,2
2022-09-01T08:00:00-00:00,2022-09-01T08:15:00-00:00,2022-09-01,02,AVOCADO_6_N001,AVOCADO_6_N001,AVOCADO_6_N001,RTPD,MCC,LMP_CONG_PRC,AVOCADO_6_N001,ALL,1,3.04033,1,2
2022-09-01T09:00:00-00:00,2022-09-01T09:15:00-00:00,2022-09-01,03,AVOCADO_6_N001,AVOCADO_6_N001,AVOCADO_6_N001,RTPD,MCC,LMP_CONG_PRC,AVOCADO_6_N001,ALL,1,4.07371,1,2
2022-09-01T10:00:00-00:00,2022-09-01T10:15:00-00:00,2022-09-01,04,AVOCADO_6_N001,AVOCADO_6_N001,AVOCADO_6_N001,RTPD,MCC,LMP_CONG_PRC,AVOCADO_6_N001,ALL,1,3.58301,1,2
2022-09-01T11:00:00-00:00,2022-09-01T11:15:00-00:00,2022-09-01,05,AVOCADO_6_N001,AVOCADO_6_N001,AVOCADO_6_N001,RTPD,MCC,LMP_CONG_PRC,AVOCADO_6_N001,ALL,1,0,1,2
2022-09-01T12:00:00-00:00,2022-09-01T12:15:00-00:00,2022-09-01,06,AVOCADO_6_N001,AVOCADO_6_N001,AVOCADO_6_N001,RTPD,MCC,LMP_CONG_PRC,AVOCADO_6_N001,ALL,1,9.42915,1,2
2022-09-01T13:00:00-00:00,2022-09-01T13:15:00-00:00,2022-09-01,07,AVOCADO_6_N001,AVOCADO_6_N001,AVOCADO_6_N001,RTPD,MCC,LMP_CONG_PRC,AVOCADO_6_N001,ALL,1,12.87376,1,2
2022-09-01T14:00:00-00:00,2022-09-01T14:15:00-00:00,2022-09-01,08,AVOCADO_6_N001,AVOCADO_6_N001,AVOCADO_6_N001,RTPD,MCC,LMP_CONG_PRC,AVOCADO_6_N001,ALL,1,58.03432,1,2
2022-09-01T15:00:00-00:00,2022-09-01T15:15:00-00:00,2022-09-01,09,AVOCADO_6_N001,AVOCADO_6_N001,AVOCADO_6_N001,RTPD,MCC,LMP_CONG_PRC,AVOCADO_6_N001,ALL,1,162.15865,1,2
2022-09-01T16:00:00-00:00,2022-09-01T16:15:00-00:00,2022-09-01,10,AVOCADO_6_N001,AVOCADO_6_N001,AVOCADO_6_N001,RTPD,MCC,LMP_CONG_PRC,AVOCADO_6_N001,ALL,1,119.37583,1,2
2022-09-01T17:00:00-00:00,2022-09-01T17:15:00-00:00,2022-09-01,11,AVOCADO_6_N001,AVOCADO_6_N001,AVOCADO_6_N001,RTPD,MCC,LMP_CONG_PRC,AVOCADO_6_N001,ALL,1,119.39831,1,2
2022-09-01T18:00:00-00:00,2022-09-01T18:15:00-00:00,2022-09-01,12,AVOCADO_6_N001,AVOCADO_6_N001,AVOCADO_6_N001,RTPD,MCC,LMP_CONG_PRC,AVOCADO_6_N001,ALL,1,138.56656,1,2
2022-09-01T19:00:00-00:00,2022-09-01T19:15:00-00:00,2022-09-01,13,AVOCADO_6_N001,AVOCADO_6_N001,AVOCADO_6_N001,RTPD,MCC,LMP_CONG_PRC,AVOCADO_6_N001,ALL,1,218.36372,1,2
2022-09-01T20:00:00-00:00,2022-09-01T20:15:00-00:00,2022-09-01,14,AVOCADO_6_N001,AVOCADO_6_N001,AVOCADO_6_N001,RTPD,MCC,LMP_CONG_PRC,AVOCADO_6_N001,ALL,1,50.05127,1,2
2022-09-01T21:00:00-00:00,2022-09-01T21:15:00-00:00,2022-09-01,15,AVOCADO_6_N001,AVOCADO_6_N001,AVOCADO_6_N001,RTPD,MCC,LMP_CONG_PRC,AVOCADO_6_N001,ALL,1,783.7417,1,2
2022-09-01T22:00:00-00:00,2022-09-01T22:15:00-00:00,2022-09-01,16,AVOCADO_6_N001,AVOCADO_6_N001,AVOCADO_6_N001,RTPD,MCC,LMP_CONG_PRC,AVOCADO_6_N001,ALL,1,609.24585,1,2
2022-09-01T23:00:00-00:00,2022-09-01T23:15:00-00:00,2022-09-01,17,AVOCADO_6_N001,AVOCADO_6_N001,AVOCADO_6_N001,RTPD,MCC,LMP_CONG_PRC,AVOCADO_6_N001,ALL,1,1247.3035,1,2
2022-09-02T00:00:00-00:00,2022-09-02T00:15:00-00:00,2022-09-01,18,AVOCADO_6_N001,AVOCADO_6_N001,AVOCADO_6_N001,RTPD,MCC,LMP_CONG_PRC,AVOCADO_6_N001,ALL,1,892.46246,1,2
2022-09-02T01:00:00-00:00,2022-09-02T01:15:00-00:00,2022-09-01,19,AVOCADO_6_N001,AVOCADO_6_N001,AVOCADO_6_N001,RTPD,MCC,LMP_CONG_PRC,AVOCADO_6_N001,ALL,1,227.47414,1,2
2022-09-02T02:00:00-00:00,2022-09-02T02:15:00-00:00,2022-09-01,20,AVOCADO_6_N001,AVOCADO_6_N001,AVOCADO_6_N001,RTPD,MCC,LMP_CONG_PRC,AVOCADO_6_N001,ALL,1,290.6636,1,2
2022-09-02T03:00:00-00:00,2022-09-02T03:15:00-00:00,2022-09-01,21,AVOCADO_6_N001,AVOCADO_6_N001,AVOCADO_6_N001,RTPD,MCC,LMP_CONG_PRC,AVOCADO_6_N001,ALL,1,288.64597,1,2
2022-09-02T04:00:00-00:00,2022-09-02T04:15:00-00:00,2022-09-01,22,AVOCADO_6_N001,AVOCADO_6_N001,AVOCADO_6_N001,RTPD,MCC,LMP_CONG_PRC,AVOCADO_6_N001,ALL,1,-4.24638,1,2
2022-09-02T05:00:00-00:00,2022-09-02T05:15:00-00:00,2022-09-01,23,AVOCADO_6_N001,AVOCADO_6_N001,AVOCADO_6_N001,RTPD,MCC,LMP_CONG_PRC,AVOCADO_6_N001,ALL,1,16.02365,1,2
2022-09-02T06:00:00-00:00,2022-09-02T06:15:00-00:00,2022-09-01,24,AVOCADO_6_N001,AVOCADO_6_N001,AVOCADO_6_N001,RTPD,MCC,LMP_CONG_PRC,AVOCADO_6_N001,ALL,1,-2.01865,1,2
2022-09-01T07:15:00-00:00,2022-09-01T07:30:00-00:00,2022-09-01,01,AVOCADO_6_N001,AVOCADO_6_N001,AVOCADO_6_N001,RTPD,MCC,LMP_CONG_PRC,AVOCADO_6_N001,ALL,1,8.98308,2,2
2022-09-01T08:15:00-00:00,2022-09-01T08:30:00-00:00,2022-09-01,02,AVOCADO_6_N001,AVOCADO_6_N001,AVOCADO_6_N001,RTPD,MCC,LMP_CONG_PRC,AVOCADO_6_N001,ALL,1,0.82987,2,2
2022-09-01T09:15:00-00:00,2022-09-01T09:30:00-00:00,2022-09-01,03,AVOCADO_6_N001,AVOCADO_6_N001,AVOCADO_6_N001,RTPD,MCC,LMP_CONG_PRC,AVOCADO_6_N001,ALL,1,5.38058,2,2
2022-09-01T10:15:00-00:00,2022-09-01T10:30:00-00:00,2022-09-01,04,AVOCADO_6_N001,AVOCADO_6_N001,AVOCADO_6_N001,RTPD,MCC,LMP_CONG_PRC,AVOCADO_6_N001,ALL,1,5.06992,2,2
2022-09-01T11:15:00-00:00,2022-09-01T11:30:00-00:00,2022-09-01,05,AVOCADO_6_N001,AVOCADO_6_N001,AVOCADO_6_N001,RTPD,MCC,LMP_CONG_PRC,AVOCADO_6_N001,ALL,1,0,2,2
2022-09-01T12:15:00-00:00,2022-09-01T12:30:00-00:00,2022-09-01,06,AVOCADO_6_N001,AVOCADO_6_N001,AVOCADO_6_N001,RTPD,MCC,LMP_CONG_PRC,AVOCADO_6_N001,ALL,1,5.77815,2,2
2022-09-01T13:15:00-00:00,2022-09-01T13:30:00-00:00,2022-09-01,07,AVOCADO_6_N001,AVOCADO_6_N001,AVOCADO_6_N001,RTPD,MCC,LMP_CONG_PRC,AVOCADO_6_N001,ALL,1,0.55246,2,2
2022-09-01T14:15:00-00:00,2022-09-01T14:30:00-00:00,2022-09-01,08,AVOCADO_6_N001,AVOCADO_6_N001,AVOCADO_6_N001,RTPD,MCC,LMP_CONG_PRC,AVOCADO_6_N001,ALL,1,73.97629,2,2
2022-09-01T15:15:00-00:00,2022-09-01T15:30:00-00:00,2022-09-01,09,AVOCADO_6_N001,AVOCADO_6_N001,AVOCADO_6_N001,RTPD,MCC,LMP_CONG_PRC,AVOCADO_6_N001,ALL,1,172.35294,2,2
2022-09-01T16:15:00-00:00,2022-09-01T16:30:00-00:00,2022-09-01,10,AVOCADO_6_N001,AVOCADO_6_N001,AVOCADO_6_N001,RTPD,MCC,LMP_CONG_PRC,AVOCADO_6_N001,ALL,1,113.42795,2,2
2022-09-01T17:15:00-00:00,2022-09-01T17:30:00-00:00,2022-09-01,11,AVOCADO_6_N001,AVOCADO_6_N001,AVOCADO_6_N001,RTPD,MCC,LMP_CONG_PRC,AVOCADO_6_N001,ALL,1,128.46294,2,2
2022-09-01T18:15:00-00:00,2022-09-01T18:30:00-00:00,2022-09-01,12,AVOCADO_6_N001,AVOCADO_6_N001,AVOCADO_6_N001,RTPD,MCC,LMP_CONG_PRC,AVOCADO_6_N001,ALL,1,155.51357,2,2
2022-09-01T19:15:00-00:00,2022-09-01T19:30:00-00:00,2022-09-01,13,AVOCADO_6_N001,AVOCADO_6_N001,AVOCADO_6_N001,RTPD,MCC,LMP_CONG_PRC,AVOCADO_6_N001,ALL,1,131.27222,2,2
2022-09-01T20:15:00-00:00,2022-09-01T20:30:00-00:00,2022-09-01,14,AVOCADO_6_N001,AVOCADO_6_N001,AVOCADO_6_N001,RTPD,MCC,LMP_CONG_PRC,AVOCADO_6_N001,ALL,1,77.37738,2,2
2022-09-01T21:15:00-00:00,2022-09-01T21:30:00-00:00,2022-09-01,15,AVOCADO_6_N001,AVOCADO_6_N001,AVOCADO_6_N001,RTPD,MCC,LMP_CONG_PRC,AVOCADO_6_N001,ALL,1,178.81291,2,2
2022-09-01T22:15:00-00:00,2022-09-01T22:30:00-00:00,2022-09-01,16,AVOCADO_6_N001,AVOCADO_6_N001,AVOCADO_6_N001,RTPD,MCC,LMP_CONG_PRC,AVOCADO_6_N001,ALL,1,653.6461,2,2
2022-09-01T23:15:00-00:00,2022-09-01T23:30:00-00:00,2022-09-01,17,AVOCADO_6_N001,AVOCADO_6_N001,AVOCADO_6_N001,RTPD,MCC,LMP_CONG_PRC,AVOCADO_6_N001,ALL,1,1194.6356,2,2
2022-09-02T00:15:00-00:00,2022-09-02T00:30:00-00:00,2022-09-01,18,AVOCADO_6_N001,AVOCADO_6_N001,AVOCADO_6_N001,RTPD,MCC,LMP_CONG_PRC,AVOCADO_6_N001,ALL,1,833.2793,2,2
2022-09-02T01:15:00-00:00,2022-09-02T01:30:00-00:00,2022-09-01,19,AVOCADO_6_N001,AVOCADO_6_N001,AVOCADO_6_N001,RTPD,MCC,LMP_CONG_PRC,AVOCADO_6_N001,ALL,1,390,2,2
2022-09-02T02:15:00-00:00,2022-09-02T02:30:00-00:00,2022-09-01,20,AVOCADO_6_N001,AVOCADO_6_N001,AVOCADO_6_N001,RTPD,MCC,LMP_CONG_PRC,AVOCADO_6_N001,ALL,1,0,2,2
2022-09-02T03:15:00-00:00,2022-09-02T03:30:00-00:00,2022-09-01,21,AVOCADO_6_N001,AVOCADO_6_N001,AVOCADO_6_N001,RTPD,MCC,LMP_CONG_PRC,AVOCADO_6_N001,ALL,1,101.73271,2,2
2022-09-02T04:15:00-00:00,2022-09-02T04:30:00-00:00,2022-09-01,22,AVOCADO_6_N001,AVOCADO_6_N001,AVOCADO_6_N001,RTPD,MCC,LMP_CONG_PRC,AVOCADO_6_N001,ALL,1,-55.97727,2,2
2022-09-02T05:15:00-00:00,2022-09-02T05:30:00-00:00,2022-09-01,23,AVOCADO_6_N001,AVOCADO_6_N001,AVOCADO_6_N001,RTPD,MCC,LMP_CONG_PRC,AVOCADO_6_N001,ALL,1,15.3288,2,2
2022-09-02T06:15:00-00:00,2022-09-02T06:30:00-00:00,2022-09-01,24,AVOCADO_6_N001,AVOCADO_6_N001,AVOCADO_6_N001,RTPD,MCC,LMP_CONG_PRC,AVOCADO_6_N001,ALL,1,5.10531,2,2
2022-09-01T07:30:00-00:00,2022-09-01T07:45:00-00:00,2022-09-01,01,AVOCADO_6_N001,AVOCADO_6_N001,AVOCADO_6_N001,RTPD,MCC,LMP_CONG_PRC,AVOCADO_6_N001,ALL,1,14.66153,3,2
2022-09-01T08:30:00-00:00,2022-09-01T08:45:00-00:00,2022-09-01,02,AVOCADO_6_N001,AVOCADO_6_N001,AVOCADO_6_N001,RTPD,MCC,LMP_CONG_PRC,AVOCADO_6_N001,ALL,1,0.00079,3,2
2022-09-01T09:30:00-00:00,2022-09-01T09:45:00-00:00,2022-09-01,03,AVOCADO_6_N001,AVOCADO_6_N001,AVOCADO_6_N001,RTPD,MCC,LMP_CONG_PRC,AVOCADO_6_N001,ALL,1,5.33229,3,2
2022-09-01T10:30:00-00:00,2022-09-01T10:45:00-00:00,2022-09-01,04,AVOCADO_6_N001,AVOCADO_6_N001,AVOCADO_6_N001,RTPD,MCC,LMP_CONG_PRC,AVOCADO_6_N001,ALL,1,2.87374,3,2
2022-09-01T11:30:00-00:00,2022-09-01T11:45:00-00:00,2022-09-01,05,AVOCADO_6_N001,AVOCADO_6_N001,AVOCADO_6_N001,RTPD,MCC,LMP_CONG_PRC,AVOCADO_6_N001,ALL,1,0,3,2
2022-09-01T12:30:00-00:00,2022-09-01T12:45:00-00:00,2022-09-01,06,AVOCADO_6_N001,AVOCADO_6_N001,AVOCADO_6_N001,RTPD,MCC,LMP_CONG_PRC,AVOCADO_6_N001,ALL,1,10.00467,3,2
2022-09-01T13:30:00-00:00,2022-09-01T13:45:00-00:00,2022-09-01,07,AVOCADO_6_N001,AVOCADO_6_N001,AVOCADO_6_N001,RTPD,MCC,LMP_CONG_PRC,AVOCADO_6_N001,ALL,1,5.6639,3,2
2022-09-01T14:30:00-00:00,2022-09-01T14:45:00-00:00,2022-09-01,08,AVOCADO_6_N001,AVOCADO_6_N001,AVOCADO_6_N001,RTPD,MCC,LMP_CONG_PRC,AVOCADO_6_N001,ALL,1,54.18295,3,2
2022-09-01T15:30:00-00:00,2022-09-01T15:45:00-00:00,2022-09-01,09,AVOCADO_6_N001,AVOCADO_6_N001,AVOCADO_6_N001,RTPD,MCC,LMP_CONG_PRC,AVOCADO_6_N001,ALL,1,221.55164,3,2
2022-09-01T16:30:00-00:00,2022-09-01T16:45:00-00:00,2022-09-01,10,AVOCADO_6_N001,AVOCADO_6_N001,AVOCADO_6_N001,RTPD,MCC,LMP_CONG_PRC,AVOCADO_6_N001,ALL,1,102.18495,3,2
2022-09-01T17:30:00-00:00,2022-09-01T17:45:00-00:00,2022-09-01,11,AVOCADO_6_N001,AVOCADO_6_N001,AVOCADO_6_N001,RTPD,MCC,LMP_CONG_PRC,AVOCADO_6_N001,ALL,1,114.9836,3,2
2022-09-01T18:30:00-00:00,2022-09-01T18:45:00-00:00,2022-09-01,12,AVOCADO_6_N001,AVOCADO_6_N001,AVOCADO_6_N001,RTPD,MCC,LMP_CONG_PRC,AVOCADO_6_N001,ALL,1,152.94432,3,2
2022-09-01T19:30:00-00:00,2022-09-01T19:45:00-00:00,2022-09-01,13,AVOCADO_6_N001,AVOCADO_6_N001,AVOCADO_6_N001,RTPD,MCC,LMP_CONG_PRC,AVOCADO_6_N001,ALL,1,114.59927,3,2
2022-09-01T20:30:00-00:00,2022-09-01T20:45:00-00:00,2022-09-01,14,AVOCADO_6_N001,AVOCADO_6_N001,AVOCADO_6_N001,RTPD,MCC,LMP_CONG_PRC,AVOCADO_6_N001,ALL,1,121.67217,3,2
2022-09-01T21:30:00-00:00,2022-09-01T21:45:00-00:00,2022-09-01,15,AVOCADO_6_N001,AVOCADO_6_N001,AVOCADO_6_N001,RTPD,MCC,LMP_CONG_PRC,AVOCADO_6_N001,ALL,1,205.0873,3,2
2022-09-01T22:30:00-00:00,2022-09-01T22:45:00-00:00,2022-09-01,16,AVOCADO_6_N001,AVOCADO_6_N001,AVOCADO_6_N001,RTPD,MCC,LMP_CONG_PRC,AVOCADO_6_N001,ALL,1,784.00745,3,2
2022-09-01T23:30:00-00:00,2022-09-01T23:45:00-00:00,2022-09-01,17,AVOCADO_6_N001,AVOCADO_6_N001,AVOCADO_6_N001,RTPD,MCC,LMP_CONG_PRC,AVOCADO_6_N001,ALL,1,1107.6321,3,2
2022-09-02T00:30:00-00:00,2022-09-02T00:45:00-00:00,2022-09-01,18,AVOCADO_6_N001,AVOCADO_6_N001,AVOCADO_6_N001,RTPD,MCC,LMP_CONG_PRC,AVOCADO_6_N001,ALL,1,638.063,3,2
2022-09-02T01:30:00-00:00,2022-09-02T01:45:00-00:00,2022-09-01,19,AVOCADO_6_N001,AVOCADO_6_N001,AVOCADO_6_N001,RTPD,MCC,LMP_CONG_PRC,AVOCADO_6_N001,ALL,1,75.73892,3,2
2022-09-02T02:30:00-00:00,2022-09-02T02:45:00-00:00,2022-09-01,20,AVOCADO_6_N001,AVOCADO_6_N001,AVOCADO_6_N001,RTPD,MCC,LMP_CONG_PRC,AVOCADO_6_N001,ALL,1,0,3,2
2022-09-02T03:30:00-00:00,2022-09-02T03:45:00-00:00,2022-09-01,21,AVOCADO_6_N001,AVOCADO_6_N001,AVOCADO_6_N001,RTPD,MCC,LMP_CONG_PRC,AVOCADO_6_N001,ALL,1,24.33511,3,2
2022-09-02T04:30:00-00:00,2022-09-02T04:45:00-00:00,2022-09-01,22,AVOCADO_6_N001,AVOCADO_6_N001,AVOCADO_6_N001,RTPD,MCC,LMP_CONG_PRC,AVOCADO_6_N001,ALL,1,-25.18302,3,2
2022-09-02T05:30:00-00:00,2022-09-02T05:45:00-00:00,2022-09-01,23,AVOCADO_6_N001,AVOCADO_6_N001,AVOCADO_6_N001,RTPD,MCC,LMP_CONG_PRC,AVOCADO_6_N001,ALL,1,16.89477,3,2
2022-09-02T06:30:00-00:00,2022-09-02T06:45:00-00:00,2022-09-01,24,AVOCADO_6_N001,AVOCADO_6_N001,AVOCADO_6_N001,RTPD,MCC,LMP_CONG_PRC,AVOCADO_6_N001,ALL,1,11.22764,3,2
2022-09-01T07:45:00-00:00,2022-09-01T08:00:00-00:00,2022-09-01,01,AVOCADO_6_N001,AVOCADO_6_N001,AVOCADO_6_N001,RTPD,MCC,LMP_CONG_PRC,AVOCADO_6_N001,ALL,1,16.75345,4,2
2022-09-01T08:45:00-00:00,2022-09-01T09:00:00-00:00,2022-09-01,02,AVOCADO_6_N001,AVOCADO_6_N001,AVOCADO_6_N001,RTPD,MCC,LMP_CONG_PRC,AVOCADO_6_N001,ALL,1,4.08973,4,2
2022-09-01T09:45:00-00:00,2022-09-01T10:00:00-00:00,2022-09-01,03,AVOCADO_6_N001,AVOCADO_6_N001,AVOCADO_6_N001,RTPD,MCC,LMP_CONG_PRC,AVOCADO_6_N001,ALL,1,4.81629,4,2
2022-09-01T10:45:00-00:00,2022-09-01T11:00:00-00:00,2022-09-01,04,AVOCADO_6_N001,AVOCADO_6_N001,AVOCADO_6_N001,RTPD,MCC,LMP_CONG_PRC,AVOCADO_6_N001,ALL,1,1.13173,4,2
2022-09-01T11:45:00-00:00,2022-09-01T12:00:00-00:00,2022-09-01,05,AVOCADO_6_N001,AVOCADO_6_N001,AVOCADO_6_N001,RTPD,MCC,LMP_CONG_PRC,AVOCADO_6_N001,ALL,1,0,4,2
2022-09-01T12:45:00-00:00,2022-09-01T13:00:00-00:00,2022-09-01,06,AVOCADO_6_N001,AVOCADO_6_N001,AVOCADO_6_N001,RTPD,MCC,LMP_CONG_PRC,AVOCADO_6_N001,ALL,1,2.25464,4,2
2022-09-01T13:45:00-00:00,2022-09-01T14:00:00-00:00,2022-09-01,07,AVOCADO_6_N001,AVOCADO_6_N001,AVOCADO_6_N001,RTPD,MCC,LMP_CONG_PRC,AVOCADO_6_N001,ALL,1,26.95,4,2
2022-09-01T14:45:00-00:00,2022-09-01T15:00:00-00:00,2022-09-01,08,AVOCADO_6_N001,AVOCADO_6_N001,AVOCADO_6_N001,RTPD,MCC,LMP_CONG_PRC,AVOCADO_6_N001,ALL,1,68.90874,4,2
2022-09-01T15:45:00-00:00,2022-09-01T16:00:00-00:00,2022-09-01,09,AVOCADO_6_N001,AVOCADO_6_N001,AVOCADO_6_N001,RTPD,MCC,LMP_CONG_PRC,AVOCADO_6_N001,ALL,1,109.68419,4,2
2022-09-01T16:45:00-00:00,2022-09-01T17:00:00-00:00,2022-09-01,10,AVOCADO_6_N001,AVOCADO_6_N001,AVOCADO_6_N001,RTPD,MCC,LMP_CONG_PRC,AVOCADO_6_N001,ALL,1,100.78466,4,2
2022-09-01T17:45:00-00:00,2022-09-01T18:00:00-00:00,2022-09-01,11,AVOCADO_6_N001,AVOCADO_6_N001,AVOCADO_6_N001,RTPD,MCC,LMP_CONG_PRC,AVOCADO_6_N001,ALL,1,119.62608,4,2
2022-09-01T18:45:00-00:00,2022-09-01T19:00:00-00:00,2022-09-01,12,AVOCADO_6_N001,AVOCADO_6_N001,AVOCADO_6_N001,RTPD,MCC,LMP_CONG_PRC,AVOCADO_6_N001,ALL,1,163.2287,4,2
2022-09-01T19:45:00-00:00,2022-09-01T20:00:00-00:00,2022-09-01,13,AVOCADO_6_N001,AVOCADO_6_N001,AVOCADO_6_N001,RTPD,MCC,LMP_CONG_PRC,AVOCADO_6_N001,ALL,1,120.87522,4,2
2022-09-01T20:45:00-00:00,2022-09-01T21:00:00-00:00,2022-09-01,14,AVOCADO_6_N001,AVOCADO_6_N001,AVOCADO_6_N001,RTPD,MCC,LMP_CONG_PRC,AVOCADO_6_N001,ALL,1,167.9992,4,2
2022-09-01T21:45:00-00:00,2022-09-01T22:00:00-00:00,2022-09-01,15,AVOCADO_6_N001,AVOCADO_6_N001,AVOCADO_6_N001,RTPD,MCC,LMP_CONG_PRC,AVOCADO_6_N001,ALL,1,711.66003,4,2
2022-09-01T22:45:00-00:00,2022-09-01T23:00:00-00:00,2022-09-01,16,AVOCADO_6_N001,AVOCADO_6_N001,AVOCADO_6_N001,RTPD,MCC,LMP_CONG_PRC,AVOCADO_6_N001,ALL,1,1435.6335,4,2
2022-09-01T23:45:00-00:00,2022-09-02T00:00:00-00:00,2022-09-01,17,AVOCADO_6_N001,AVOCADO_6_N001,AVOCADO_6_N001,RTPD,MCC,LMP_CONG_PRC,AVOCADO_6_N001,ALL,1,1909.1902,4,2
2022-09-02T00:45:00-00:00,2022-09-02T01:00:00-00:00,2022-09-01,18,AVOCADO_6_N001,AVOCADO_6_N001,AVOCADO_6_N001,RTPD,MCC,LMP_CONG_PRC,AVOCADO_6_N001,ALL,1,1128.07,4,2
2022-09-02T01:45:00-00:00,2022-09-02T02:00:00-00:00,2022-09-01,19,AVOCADO_6_N001,AVOCADO_6_N001,AVOCADO_6_N001,RTPD,MCC,LMP_CONG_PRC,AVOCADO_6_N001,ALL,1,0,4,2
2022-09-02T02:45:00-00:00,2022-09-02T03:00:00-00:00,2022-09-01,20,AVOCADO_6_N001,AVOCADO_6_N001,AVOCADO_6_N001,RTPD,MCC,LMP_CONG_PRC,AVOCADO_6_N001,ALL,1,865.1139,4,2
2022-09-02T03:45:00-00:00,2022-09-02T04:00:00-00:00,2022-09-01,21,AVOCADO_6_N001,AVOCADO_6_N001,AVOCADO_6_N001,RTPD,MCC,LMP_CONG_PRC,AVOCADO_6_N001,ALL,1,16.16016,4,2
2022-09-02T04:45:00-00:00,2022-09-02T05:00:00-00:00,2022-09-01,22,AVOCADO_6_N001,AVOCADO_6_N001,AVOCADO_6_N001,RTPD,MCC,LMP_CONG_PRC,AVOCADO_6_N001,ALL,1,11.47188,4,2
2022-09-02T05:45:00-00:00,2022-09-02T06:00:00-00:00,2022-09-01,23,AVOCADO_6_N001,AVOCADO_6_N001,AVOCADO_6_N001,RTPD,MCC,LMP_CONG_PRC,AVOCADO_6_N001,ALL,1,19.98936,4,2
2022-09-02T06:45:00-00:00,2022-09-02T07:00:00-00:00,2022-09-01,24,AVOCADO_6_N001,AVOCADO_6_N001,AVOCADO_6_N001,RTPD,MCC,LMP_CONG_PRC,AVOCADO_6_N001,ALL,1,7.02078,4,2
2022-09-01T07:00:00-00:00,2022-09-01T07:15:00-00:00,2022-09-01,01,AVOCADO_6_N001,AVOCADO_6_N001,AVOCADO_6_N001,RTPD,MCE,LMP_ENE_PRC,AVOCADO_6_N001,ALL,1,104.23471,1,3
2022-09-01T08:00:00-00:00,2022-09-01T08:15:00-00:00,2022-09-01,02,AVOCADO_6_N001,AVOCADO_6_N001,AVOCADO_6_N001,RTPD,MCE,LMP_ENE_PRC,AVOCADO_6_N001,ALL,1,115.5488,1,3
2022-09-01T09:00:00-00:00,2022-09-01T09:15:00-00:00,2022-09-01,03,AVOCADO_6_N001,AVOCADO_6_N001,AVOCADO_6_N001,RTPD,MCE,LMP_ENE_PRC,AVOCADO_6_N001,ALL,1,99.73061,1,3
2022-09-01T10:00:00-00:00,2022-09-01T10:15:00-00:00,2022-09-01,04,AVOCADO_6_N001,AVOCADO_6_N001,AVOCADO_6_N001,RTPD,MCE,LMP_ENE_PRC,AVOCADO_6_N001,ALL,1,98.64222,1,3
2022-09-01T11:00:00-00:00,2022-09-01T11:15:00-00:00,2022-09-01,05,AVOCADO_6_N001,AVOCADO_6_N001,AVOCADO_6_N001,RTPD,MCE,LMP_ENE_PRC,AVOCADO_6_N001,ALL,1,102.56859,1,3
2022-09-01T12:00:00-00:00,2022-09-01T12:15:00-00:00,2022-09-01,06,AVOCADO_6_N001,AVOCADO_6_N001,AVOCADO_6_N001,RTPD,MCE,LMP_ENE_PRC,AVOCADO_6_N001,ALL,1,96.90845,1,3
2022-09-01T13:00:00-00:00,2022-09-01T13:15:00-00:00,2022-09-01,07,AVOCADO_6_N001,AVOCADO_6_N001,AVOCADO_6_N001,RTPD,MCE,LMP_ENE_PRC,AVOCADO_6_N001,ALL,1,101.80878,1,3
2022-09-01T14:00:00-00:00,2022-09-01T14:15:00-00:00,2022-09-01,08,AVOCADO_6_N001,AVOCADO_6_N001,AVOCADO_6_N001,RTPD,MCE,LMP_ENE_PRC,AVOCADO_6_N001,ALL,1,111.11219,1,3
2022-09-01T15:00:00-00:00,2022-09-01T15:15:00-00:00,2022-09-01,09,AVOCADO_6_N001,AVOCADO_6_N001,AVOCADO_6_N001,RTPD,MCE,LMP_ENE_PRC,AVOCADO_6_N001,ALL,1,97.4112,1,3
2022-09-01T16:00:00-00:00,2022-09-01T16:15:00-00:00,2022-09-01,10,AVOCADO_6_N001,AVOCADO_6_N001,AVOCADO_6_N001,RTPD,MCE,LMP_ENE_PRC,AVOCADO_6_N001,ALL,1,83.43525,1,3
2022-09-01T17:00:00-00:00,2022-09-01T17:15:00-00:00,2022-09-01,11,AVOCADO_6_N001,AVOCADO_6_N001,AVOCADO_6_N001,RTPD,MCE,LMP_ENE_PRC,AVOCADO_6_N001,ALL,1,96.94897,1,3
2022-09-01T18:00:00-00:00,2022-09-01T18:15:00-00:00,2022-09-01,12,AVOCADO_6_N001,AVOCADO_6_N001,AVOCADO_6_N001,RTPD,MCE,LMP_ENE_PRC,AVOCADO_6_N001,ALL,1,91.59291,1,3
2022-09-01T19:00:00-00:00,2022-09-01T19:15:00-00:00,2022-09-01,13,AVOCADO_6_N001,AVOCADO_6_N001,AVOCADO_6_N001,RTPD,MCE,LMP_ENE_PRC,AVOCADO_6_N001,ALL,1,109.19637,1,3
2022-09-01T20:00:00-00:00,2022-09-01T20:15:00-00:00,2022-09-01,14,AVOCADO_6_N001,AVOCADO_6_N001,AVOCADO_6_N001,RTPD,MCE,LMP_ENE_PRC,AVOCADO_6_N001,ALL,1,117.94359,1,3
2022-09-01T21:00:00-00:00,2022-09-01T21:15:00-00:00,2022-09-01,15,AVOCADO_6_N001,AVOCADO_6_N001,AVOCADO_6_N001,RTPD,MCE,LMP_ENE_PRC,AVOCADO_6_N001,ALL,1,226.61499,1,3
2022-09-01T22:00:00-00:00,2022-09-01T22:15:00-00:00,2022-09-01,16,AVOCADO_6_N001,AVOCADO_6_N001,AVOCADO_6_N001,RTPD,MCE,LMP_ENE_PRC,AVOCADO_6_N001,ALL,1,229.18552,1,3
2022-09-01T23:00:00-00:00,2022-09-01T23:15:00-00:00,2022-09-01,17,AVOCADO_6_N001,AVOCADO_6_N001,AVOCADO_6_N001,RTPD,MCE,LMP_ENE_PRC,AVOCADO_6_N001,ALL,1,386.7537,1,3
2022-09-02T00:00:00-00:00,2022-09-02T00:15:00-00:00,2022-09-01,18,AVOCADO_6_N001,AVOCADO_6_N001,AVOCADO_6_N001,RTPD,MCE,LMP_ENE_PRC,AVOCADO_6_N001,ALL,1,770.58136,1,3
2022-09-02T01:00:00-00:00,2022-09-02T01:15:00-00:00,2022-09-01,19,AVOCADO_6_N001,AVOCADO_6_N001,AVOCADO_6_N001,RTPD,MCE,LMP_ENE_PRC,AVOCADO_6_N001,ALL,1,916.27124,1,3
2022-09-02T02:00:00-00:00,2022-09-02T02:15:00-00:00,2022-09-01,20,AVOCADO_6_N001,AVOCADO_6_N001,AVOCADO_6_N001,RTPD,MCE,LMP_ENE_PRC,AVOCADO_6_N001,ALL,1,1991.6721,1,3
2022-09-02T03:00:00-00:00,2022-09-02T03:15:00-00:00,2022-09-01,21,AVOCADO_6_N001,AVOCADO_6_N001,AVOCADO_6_N001,RTPD,MCE,LMP_ENE_PRC,AVOCADO_6_N001,ALL,1,917.5508,1,3
2022-09-02T04:00:00-00:00,2022-09-02T04:15:00-00:00,2022-09-01,22,AVOCADO_6_N001,AVOCADO_6_N001,AVOCADO_6_N001,RTPD,MCE,LMP_ENE_PRC,AVOCADO_6_N001,ALL,1,257.83005,1,3
2022-09-02T05:00:00-00:00,2022-09-02T05:15:00-00:00,2022-09-01,23,AVOCADO_6_N001,AVOCADO_6_N001,AVOCADO_6_N001,RTPD,MCE,LMP_ENE_PRC,AVOCADO_6_N001,ALL,1,183.24657,1,3
2022-09-02T06:00:00-00:00,2022-09-02T06:15:00-00:00,2022-09-01,24,AVOCADO_6_N001,AVOCADO_6_N001,AVOCADO_6_N001,RTPD,MCE,LMP_ENE_PRC,AVOCADO_6_N001,ALL,1,158.867,1,3
2022-09-01T07:15:00-00:00,2022-09-01T07:30:00-00:00,2022-09-01,01,AVOCADO_6_N001,AVOCADO_6_N001,AVOCADO_6_N001,RTPD,MCE,LMP_ENE_PRC,AVOCADO_6_N001,ALL,1,125.55144,2,3
2022-09-01T08:15:00-00:00,2022-09-01T08:30:00-00:00,2022-09-01,02,AVOCADO_6_N001,AVOCADO_6_N001,AVOCADO_6_N001,RTPD,MCE,LMP_ENE_PRC,AVOCADO_6_N001,ALL,1,115.53165,2,3
2022-09-01T09:15:00-00:00,2022-09-01T09:30:00-00:00,2022-09-01,03,AVOCADO_6_N001,AVOCADO_6_N001,AVOCADO_6_N001,RTPD,MCE,LMP_ENE_PRC,AVOCADO_6_N001,ALL,1,98.30543,2,3
2022-09-01T10:15:00-00:00,2022-09-01T10:30:00-00:00,2022-09-01,04,AVOCADO_6_N001,AVOCADO_6_N001,AVOCADO_6_N001,RTPD,MCE,LMP_ENE_PRC,AVOCADO_6_N001,ALL,1,97.00684,2,3
2022-09-01T11:15:00-00:00,2022-09-01T11:30:00-00:00,2022-09-01,05,AVOCADO_6_N001,AVOCADO_6_N001,AVOCADO_6_N001,RTPD,MCE,LMP_ENE_PRC,AVOCADO_6_N001,ALL,1,103.09059,2,3
2022-09-01T12:15:00-00:00,2022-09-01T12:30:00-00:00,2022-09-01,06,AVOCADO_6_N001,AVOCADO_6_N001,AVOCADO_6_N001,RTPD,MCE,LMP_ENE_PRC,AVOCADO_6_N001,ALL,1,109.32203,2,3
2022-09-01T13:15:00-00:00,2022-09-01T13:30:00-00:00,2022-09-01,07,AVOCADO_6_N001,AVOCADO_6_N001,AVOCADO_6_N001,RTPD,MCE,LMP_ENE_PRC,AVOCADO_6_N001,ALL,1,110.97827,2,3
2022-09-01T14:15:00-00:00,2022-09-01T14:30:00-00:00,2022-09-01,08,AVOCADO_6_N001,AVOCADO_6_N001,AVOCADO_6_N001,RTPD,MCE,LMP_ENE_PRC,AVOCADO_6_N001,ALL,1,104.78743,2,3
2022-09-01T15:15:00-00:00,2022-09-01T15:30:00-00:00,2022-09-01,09,AVOCADO_6_N001,AVOCADO_6_N001,AVOCADO_6_N001,RTPD,MCE,LMP_ENE_PRC,AVOCADO_6_N001,ALL,1,86.9388,2,3
2022-09-01T16:15:00-00:00,2022-09-01T16:30:00-00:00,2022-09-01,10,AVOCADO_6_N001,AVOCADO_6_N001,AVOCADO_6_N001,RTPD,MCE,LMP_ENE_PRC,AVOCADO_6_N001,ALL,1,89.44858,2,3
2022-09-01T17:15:00-00:00,2022-09-01T17:30:00-00:00,2022-09-01,11,AVOCADO_6_N001,AVOCADO_6_N001,AVOCADO_6_N001,RTPD,MCE,LMP_ENE_PRC,AVOCADO_6_N001,ALL,1,99.34673,2,3
2022-09-01T18:15:00-00:00,2022-09-01T18:30:00-00:00,2022-09-01,12,AVOCADO_6_N001,AVOCADO_6_N001,AVOCADO_6_N001,RTPD,MCE,LMP_ENE_PRC,AVOCADO_6_N001,ALL,1,101.15901,2,3
2022-09-01T19:15:00-00:00,2022-09-01T19:30:00-00:00,2022-09-01,13,AVOCADO_6_N001,AVOCADO_6_N001,AVOCADO_6_N001,RTPD,MCE,LMP_ENE_PRC,AVOCADO_6_N001,ALL,1,105.30588,2,3
2022-09-01T20:15:00-00:00,2022-09-01T20:30:00-00:00,2022-09-01,14,AVOCADO_6_N001,AVOCADO_6_N001,AVOCADO_6_N001,RTPD,MCE,LMP_ENE_PRC,AVOCADO_6_N001,ALL,1,117.49421,2,3
2022-09-01T21:15:00-00:00,2022-09-01T21:30:00-00:00,2022-09-01,15,AVOCADO_6_N001,AVOCADO_6_N001,AVOCADO_6_N001,RTPD,MCE,LMP_ENE_PRC,AVOCADO_6_N001,ALL,1,147.21185,2,3
2022-09-01T22:15:00-00:00,2022-09-01T22:30:00-00:00,2022-09-01,16,AVOCADO_6_N001,AVOCADO_6_N001,AVOCADO_6_N001,RTPD,MCE,LMP_ENE_PRC,AVOCADO_6_N001,ALL,1,256.58734,2,3
2022-09-01T23:15:00-00:00,2022-09-01T23:30:00-00:00,2022-09-01,17,AVOCADO_6_N001,AVOCADO_6_N001,AVOCADO_6_N001,RTPD,MCE,LMP_ENE_PRC,AVOCADO_6_N001,ALL,1,362.12408,2,3
2022-09-02T00:15:00-00:00,2022-09-02T00:30:00-00:00,2022-09-01,18,AVOCADO_6_N001,AVOCADO_6_N001,AVOCADO_6_N001,RTPD,MCE,LMP_ENE_PRC,AVOCADO_6_N001,ALL,1,691.2182,2,3
2022-09-02T01:15:00-00:00,2022-09-02T01:30:00-00:00,2022-09-01,19,AVOCADO_6_N001,AVOCADO_6_N001,AVOCADO_6_N001,RTPD,MCE,LMP_ENE_PRC,AVOCADO_6_N001,ALL,1,1999.9933,2,3
2022-09-02T02:15:00-00:00,2022-09-02T02:30:00-00:00,2022-09-01,20,AVOCADO_6_N001,AVOCADO_6_N001,AVOCADO_6_N001,RTPD,MCE,LMP_ENE_PRC,AVOCADO_6_N001,ALL,1,1991.6721,2,3
2022-09-02T03:15:00-00:00,2022-09-02T03:30:00-00:00,2022-09-01,21,AVOCADO_6_N001,AVOCADO_6_N001,AVOCADO_6_N001,RTPD,MCE,LMP_ENE_PRC,AVOCADO_6_N001,ALL,1,400.52884,2,3
2022-09-02T04:15:00-00:00,2022-09-02T04:30:00-00:00,2022-09-01,22,AVOCADO_6_N001,AVOCADO_6_N001,AVOCADO_6_N001,RTPD,MCE,LMP_ENE_PRC,AVOCADO_6_N001,ALL,1,224.75041,2,3
2022-09-02T05:15:00-00:00,2022-09-02T05:30:00-00:00,2022-09-01,23,AVOCADO_6_N001,AVOCADO_6_N001,AVOCADO_6_N001,RTPD,MCE,LMP_ENE_PRC,AVOCADO_6_N001,ALL,1,157.11986,2,3
2022-09-02T06:15:00-00:00,2022-09-02T06:30:00-00:00,2022-09-01,24,AVOCADO_6_N001,AVOCADO_6_N001,AVOCADO_6_N001,RTPD,MCE,LMP_ENE_PRC,AVOCADO_6_N001,ALL,1,143.1005,2,3
2022-09-01T07:30:00-00:00,2022-09-01T07:45:00-00:00,2022-09-01,01,AVOCADO_6_N001,AVOCADO_6_N001,AVOCADO_6_N001,RTPD,MCE,LMP_ENE_PRC,AVOCADO_6_N001,ALL,1,119.03196,3,3
2022-09-01T08:30:00-00:00,2022-09-01T08:45:00-00:00,2022-09-01,02,AVOCADO_6_N001,AVOCADO_6_N001,AVOCADO_6_N001,RTPD,MCE,LMP_ENE_PRC,AVOCADO_6_N001,ALL,1,111.11241,3,3
2022-09-01T09:30:00-00:00,2022-09-01T09:45:00-00:00,2022-09-01,03,AVOCADO_6_N001,AVOCADO_6_N001,AVOCADO_6_N001,RTPD,MCE,LMP_ENE_PRC,AVOCADO_6_N001,ALL,1,98.16228,3,3
2022-09-01T10:30:00-00:00,2022-09-01T10:45:00-00:00,2022-09-01,04,AVOCADO_6_N001,AVOCADO_6_N001,AVOCADO_6_N001,RTPD,MCE,LMP_ENE_PRC,AVOCADO_6_N001,ALL,1,96.36226,3,3
2022-09-01T11:30:00-00:00,2022-09-01T11:45:00-00:00,2022-09-01,05,AVOCADO_6_N001,AVOCADO_6_N001,AVOCADO_6_N001,RTPD,MCE,LMP_ENE_PRC,AVOCADO_6_N001,ALL,1,103.06198,3,3
2022-09-01T12:30:00-00:00,2022-09-01T12:45:00-00:00,2022-09-01,06,AVOCADO_6_N001,AVOCADO_6_N001,AVOCADO_6_N001,RTPD,MCE,LMP_ENE_PRC,AVOCADO_6_N001,ALL,1,113.57403,3,3
2022-09-01T13:30:00-00:00,2022-09-01T13:45:00-00:00,2022-09-01,07,AVOCADO_6_N001,AVOCADO_6_N001,AVOCADO_6_N001,RTPD,MCE,LMP_ENE_PRC,AVOCADO_6_N001,ALL,1,111.52025,3,3
2022-09-01T14:30:00-00:00,2022-09-01T14:45:00-00:00,2022-09-01,08,AVOCADO_6_N001,AVOCADO_6_N001,AVOCADO_6_N001,RTPD,MCE,LMP_ENE_PRC,AVOCADO_6_N001,ALL,1,101.83428,3,3
2022-09-01T15:30:00-00:00,2022-09-01T15:45:00-00:00,2022-09-01,09,AVOCADO_6_N001,AVOCADO_6_N001,AVOCADO_6_N001,RTPD,MCE,LMP_ENE_PRC,AVOCADO_6_N001,ALL,1,86.1388,3,3
2022-09-01T16:30:00-00:00,2022-09-01T16:45:00-00:00,2022-09-01,10,AVOCADO_6_N001,AVOCADO_6_N001,AVOCADO_6_N001,RTPD,MCE,LMP_ENE_PRC,AVOCADO_6_N001,ALL,1,88.79644,3,3
2022-09-01T17:30:00-00:00,2022-09-01T17:45:00-00:00,2022-09-01,11,AVOCADO_6_N001,AVOCADO_6_N001,AVOCADO_6_N001,RTPD,MCE,LMP_ENE_PRC,AVOCADO_6_N001,ALL,1,99.13013,3,3
2022-09-01T18:30:00-00:00,2022-09-01T18:45:00-00:00,2022-09-01,12,AVOCADO_6_N001,AVOCADO_6_N001,AVOCADO_6_N001,RTPD,MCE,LMP_ENE_PRC,AVOCADO_6_N001,ALL,1,107.05718,3,3
2022-09-01T19:30:00-00:00,2022-09-01T19:45:00-00:00,2022-09-01,13,AVOCADO_6_N001,AVOCADO_6_N001,AVOCADO_6_N001,RTPD,MCE,LMP_ENE_PRC,AVOCADO_6_N001,ALL,1,114.05905,3,3
2022-09-01T20:30:00-00:00,2022-09-01T20:45:00-00:00,2022-09-01,14,AVOCADO_6_N001,AVOCADO_6_N001,AVOCADO_6_N001,RTPD,MCE,LMP_ENE_PRC,AVOCADO_6_N001,ALL,1,129.81606,3,3
2022-09-01T21:30:00-00:00,2022-09-01T21:45:00-00:00,2022-09-01,15,AVOCADO_6_N001,AVOCADO_6_N001,AVOCADO_6_N001,RTPD,MCE,LMP_ENE_PRC,AVOCADO_6_N001,ALL,1,152.93057,3,3
2022-09-01T22:30:00-00:00,2022-09-01T22:45:00-00:00,2022-09-01,16,AVOCADO_6_N001,AVOCADO_6_N001,AVOCADO_6_N001,RTPD,MCE,LMP_ENE_PRC,AVOCADO_6_N001,ALL,1,283.18182,3,3
2022-09-01T23:30:00-00:00,2022-09-01T23:45:00-00:00,2022-09-01,17,AVOCADO_6_N001,AVOCADO_6_N001,AVOCADO_6_N001,RTPD,MCE,LMP_ENE_PRC,AVOCADO_6_N001,ALL,1,566.48157,3,3
2022-09-02T00:30:00-00:00,2022-09-02T00:45:00-00:00,2022-09-01,18,AVOCADO_6_N001,AVOCADO_6_N001,AVOCADO_6_N001,RTPD,MCE,LMP_ENE_PRC,AVOCADO_6_N001,ALL,1,1329.1127,3,3
2022-09-02T01:30:00-00:00,2022-09-02T01:45:00-00:00,2022-09-01,19,AVOCADO_6_N001,AVOCADO_6_N001,AVOCADO_6_N001,RTPD,MCE,LMP_ENE_PRC,AVOCADO_6_N001,ALL,1,1999.9956,3,3
2022-09-02T02:30:00-00:00,2022-09-02T02:45:00-00:00,2022-09-01,20,AVOCADO_6_N001,AVOCADO_6_N001,AVOCADO_6_N001,RTPD,MCE,LMP_ENE_PRC,AVOCADO_6_N001,ALL,1,1991.671,3,3
2022-09-02T03:30:00-00:00,2022-09-02T03:45:00-00:00,2022-09-01,21,AVOCADO_6_N001,AVOCADO_6_N001,AVOCADO_6_N001,RTPD,MCE,LMP_ENE_PRC,AVOCADO_6_N001,ALL,1,186.61823,3,3
2022-09-02T04:30:00-00:00,2022-09-02T04:45:00-00:00,2022-09-01,22,AVOCADO_6_N001,AVOCADO_6_N001,AVOCADO_6_N001,RTPD,MCE,LMP_ENE_PRC,AVOCADO_6_N001,ALL,1,180.67824,3,3
2022-09-02T05:30:00-00:00,2022-09-02T05:45:00-00:00,2022-09-01,23,AVOCADO_6_N001,AVOCADO_6_N001,AVOCADO_6_N001,RTPD,MCE,LMP_ENE_PRC,AVOCADO_6_N001,ALL,1,131.69917,3,3
2022-09-02T06:30:00-00:00,2022-09-02T06:45:00-00:00,2022-09-01,24,AVOCADO_6_N001,AVOCADO_6_N001,AVOCADO_6_N001,RTPD,MCE,LMP_ENE_PRC,AVOCADO_6_N001,ALL,1,128.9871,3,3
2022-09-01T07:45:00-00:00,2022-09-01T08:00:00-00:00,2022-09-01,01,AVOCADO_6_N001,AVOCADO_6_N001,AVOCADO_6_N001,RTPD,MCE,LMP_ENE_PRC,AVOCADO_6_N001,ALL,1,109.12099,4,3
2022-09-01T08:45:00-00:00,2022-09-01T09:00:00-00:00,2022-09-01,02,AVOCADO_6_N001,AVOCADO_6_N001,AVOCADO_6_N001,RTPD,MCE,LMP_ENE_PRC,AVOCADO_6_N001,ALL,1,98.7357,4,3
2022-09-01T09:45:00-00:00,2022-09-01T10:00:00-00:00,2022-09-01,03,AVOCADO_6_N001,AVOCADO_6_N001,AVOCADO_6_N001,RTPD,MCE,LMP_ENE_PRC,AVOCADO_6_N001,ALL,1,97.50475,4,3
2022-09-01T10:45:00-00:00,2022-09-01T11:00:00-00:00,2022-09-01,04,AVOCADO_6_N001,AVOCADO_6_N001,AVOCADO_6_N001,RTPD,MCE,LMP_ENE_PRC,AVOCADO_6_N001,ALL,1,94.71966,4,3
2022-09-01T11:45:00-00:00,2022-09-01T12:00:00-00:00,2022-09-01,05,AVOCADO_6_N001,AVOCADO_6_N001,AVOCADO_6_N001,RTPD,MCE,LMP_ENE_PRC,AVOCADO_6_N001,ALL,1,107.01,4,3
2022-09-01T12:45:00-00:00,2022-09-01T13:00:00-00:00,2022-09-01,06,AVOCADO_6_N001,AVOCADO_6_N001,AVOCADO_6_N001,RTPD,MCE,LMP_ENE_PRC,AVOCADO_6_N001,ALL,1,116.4848,4,3
2022-09-01T13:45:00-00:00,2022-09-01T14:00:00-00:00,2022-09-01,07,AVOCADO_6_N001,AVOCADO_6_N001,AVOCADO_6_N001,RTPD,MCE,LMP_ENE_PRC,AVOCADO_6_N001,ALL,1,111.41,4,3
2022-09-01T14:45:00-00:00,2022-09-01T15:00:00-00:00,2022-09-01,08,AVOCADO_6_N001,AVOCADO_6_N001,AVOCADO_6_N001,RTPD,MCE,LMP_ENE_PRC,AVOCADO_6_N001,ALL,1,86.1388,4,3
2022-09-01T15:45:00-00:00,2022-09-01T16:00:00-00:00,2022-09-01,09,AVOCADO_6_N001,AVOCADO_6_N001,AVOCADO_6_N001,RTPD,MCE,LMP_ENE_PRC,AVOCADO_6_N001,ALL,1,78.70076,4,3
2022-09-01T16:45:00-00:00,2022-09-01T17:00:00-00:00,2022-09-01,10,AVOCADO_6_N001,AVOCADO_6_N001,AVOCADO_6_N001,RTPD,MCE,LMP_ENE_PRC,AVOCADO_6_N001,ALL,1,91.24933,4,3
2022-09-01T17:45:00-00:00,2022-09-01T18:00:00-00:00,2022-09-01,11,AVOCADO_6_N001,AVOCADO_6_N001,AVOCADO_6_N001,RTPD,MCE,LMP_ENE_PRC,AVOCADO_6_N001,ALL,1,99.20544,4,3
2022-09-01T18:45:00-00:00,2022-09-01T19:00:00-00:00,2022-09-01,12,AVOCADO_6_N001,AVOCADO_6_N001,AVOCADO_6_N001,RTPD,MCE,LMP_ENE_PRC,AVOCADO_6_N001,ALL,1,109.04064,4,3
2022-09-01T19:45:00-00:00,2022-09-01T20:00:00-00:00,2022-09-01,13,AVOCADO_6_N001,AVOCADO_6_N001,AVOCADO_6_N001,RTPD,MCE,LMP_ENE_PRC,AVOCADO_6_N001,ALL,1,120.22491,4,3
2022-09-01T20:45:00-00:00,2022-09-01T21:00:00-00:00,2022-09-01,14,AVOCADO_6_N001,AVOCADO_6_N001,AVOCADO_6_N001,RTPD,MCE,LMP_ENE_PRC,AVOCADO_6_N001,ALL,1,154.02509,4,3
2022-09-01T21:45:00-00:00,2022-09-01T22:00:00-00:00,2022-09-01,15,AVOCADO_6_N001,AVOCADO_6_N001,AVOCADO_6_N001,RTPD,MCE,LMP_ENE_PRC,AVOCADO_6_N001,ALL,1,300.29376,4,3
2022-09-01T22:45:00-00:00,2022-09-01T23:00:00-00:00,2022-09-01,16,AVOCADO_6_N001,AVOCADO_6_N001,AVOCADO_6_N001,RTPD,MCE,LMP_ENE_PRC,AVOCADO_6_N001,ALL,1,429.9137,4,3
2022-09-01T23:45:00-00:00,2022-09-02T00:00:00-00:00,2022-09-01,17,AVOCADO_6_N001,AVOCADO_6_N001,AVOCADO_6_N001,RTPD,MCE,LMP_ENE_PRC,AVOCADO_6_N001,ALL,1,1261.2124,4,3
2022-09-02T00:45:00-00:00,2022-09-02T01:00:00-00:00,2022-09-01,18,AVOCADO_6_N001,AVOCADO_6_N001,AVOCADO_6_N001,RTPD,MCE,LMP_ENE_PRC,AVOCADO_6_N001,ALL,1,1519.149,4,3
2022-09-02T01:45:00-00:00,2022-09-02T02:00:00-00:00,2022-09-01,19,AVOCADO_6_N001,AVOCADO_6_N001,AVOCADO_6_N001,RTPD,MCE,LMP_ENE_PRC,AVOCADO_6_N001,ALL,1,1991.9337,4,3
2022-09-02T02:45:00-00:00,2022-09-02T03:00:00-00:00,2022-09-01,20,AVOCADO_6_N001,AVOCADO_6_N001,AVOCADO_6_N001,RTPD,MCE,LMP_ENE_PRC,AVOCADO_6_N001,ALL,1,1629.6213,4,3
2022-09-02T03:45:00-00:00,2022-09-02T04:00:00-00:00,2022-09-01,21,AVOCADO_6_N001,AVOCADO_6_N001,AVOCADO_6_N001,RTPD,MCE,LMP_ENE_PRC,AVOCADO_6_N001,ALL,1,141.13702,4,3
2022-09-02T04:45:00-00:00,2022-09-02T05:00:00-00:00,2022-09-01,22,AVOCADO_6_N001,AVOCADO_6_N001,AVOCADO_6_N001,RTPD,MCE,LMP_ENE_PRC,AVOCADO_6_N001,ALL,1,126.76372,4,3
2022-09-02T05:45:00-00:00,2022-09-02T06:00:00-00:00,2022-09-01,23,AVOCADO_6_N001,AVOCADO_6_N001,AVOCADO_6_N001,RTPD,MCE,LMP_ENE_PRC,AVOCADO_6_N001,ALL,1,119.00958,4,3
2022-09-02T06:45:00-00:00,2022-09-02T07:00:00-00:00,2022-09-01,24,AVOCADO_6_N001,AVOCADO_6_N001,AVOCADO_6_N001,RTPD,MCE,LMP_ENE_PRC,AVOCADO_6_N001,ALL,1,109.20324,4,3
2022-09-01T07:00:00-00:00,2022-09-01T07:15:00-00:00,2022-09-01,01,AVOCADO_6_N001,AVOCADO_6_N001,AVOCADO_6_N001,RTPD,MCL,LMP_LOSS_PRC,AVOCADO_6_N001,ALL,1,6.7961,1,4
2022-09-01T08:00:00-00:00,2022-09-01T08:15:00-00:00,2022-09-01,02,AVOCADO_6_N001,AVOCADO_6_N001,AVOCADO_6_N001,RTPD,MCL,LMP_LOSS_PRC,AVOCADO_6_N001,ALL,1,0,1,4
2022-09-01T09:00:00-00:00,2022-09-01T09:15:00-00:00,2022-09-01,03,AVOCADO_6_N001,AVOCADO_6_N001,AVOCADO_6_N001,RTPD,MCL,LMP_LOSS_PRC,AVOCADO_6_N001,ALL,1,14.20164,1,4
2022-09-01T10:00:00-00:00,2022-09-01T10:15:00-00:00,2022-09-01,04,AVOCADO_6_N001,AVOCADO_6_N001,AVOCADO_6_N001,RTPD,MCL,LMP_LOSS_PRC,AVOCADO_6_N001,ALL,1,14.0072,1,4
2022-09-01T11:00:00-00:00,2022-09-01T11:15:00-00:00,2022-09-01,05,AVOCADO_6_N001,AVOCADO_6_N001,AVOCADO_6_N001,RTPD,MCL,LMP_LOSS_PRC,AVOCADO_6_N001,ALL,1,13.82625,1,4
2022-09-01T12:00:00-00:00,2022-09-01T12:15:00-00:00,2022-09-01,06,AVOCADO_6_N001,AVOCADO_6_N001,AVOCADO_6_N001,RTPD,MCL,LMP_LOSS_PRC,AVOCADO_6_N001,ALL,1,12.44305,1,4
2022-09-01T13:00:00-00:00,2022-09-01T13:15:00-00:00,2022-09-01,07,AVOCADO_6_N001,AVOCADO_6_N001,AVOCADO_6_N001,RTPD,MCL,LMP_LOSS_PRC,AVOCADO_6_N001,ALL,1,0,1,4
2022-09-01T14:00:00-00:00,2022-09-01T14:15:00-00:00,2022-09-01,08,AVOCADO_6_N001,AVOCADO_6_N001,AVOCADO_6_N001,RTPD,MCL,LMP_LOSS_PRC,AVOCADO_6_N001,ALL,1,11.97789,1,4
2022-09-01T15:00:00-00:00,2022-09-01T15:15:00-00:00,2022-09-01,09,AVOCADO_6_N001,AVOCADO_6_N001,AVOCADO_6_N001,RTPD,MCL,LMP_LOSS_PRC,AVOCADO_6_N001,ALL,1,0,1,4
2022-09-01T16:00:00-00:00,2022-09-01T16:15:00-00:00,2022-09-01,10,AVOCADO_6_N001,AVOCADO_6_N001,AVOCADO_6_N001,RTPD,MCL,LMP_LOSS_PRC,AVOCADO_6_N001,ALL,1,0,1,4
2022-09-01T17:00:00-00:00,2022-09-01T17:15:00-00:00,2022-09-01,11,AVOCADO_6_N001,AVOCADO_6_N001,AVOCADO_6_N001,RTPD,MCL,LMP_LOSS_PRC,AVOCADO_6_N001,ALL,1,0,1,4
2022-09-01T18:00:00-00:00,2022-09-01T18:15:00-00:00,2022-09-01,12,AVOCADO_6_N001,AVOCADO_6_N001,AVOCADO_6_N001,RTPD,MCL,LMP_LOSS_PRC,AVOCADO_6_N001,ALL,1,0,1,4
2022-09-01T19:00:00-00:00,2022-09-01T19:15:00-00:00,2022-09-01,13,AVOCADO_6_N001,AVOCADO_6_N001,AVOCADO_6_N001,RTPD,MCL,LMP_LOSS_PRC,AVOCADO_6_N001,ALL,1,0,1,4
2022-09-01T20:00:00-00:00,2022-09-01T20:15:00-00:00,2022-09-01,14,AVOCADO_6_N001,AVOCADO_6_N001,AVOCADO_6_N001,RTPD,MCL,LMP_LOSS_PRC,AVOCADO_6_N001,ALL,1,0,1,4
2022-09-01T21:00:00-00:00,2022-09-01T21:15:00-00:00,2022-09-01,15,AVOCADO_6_N001,AVOCADO_6_N001,AVOCADO_6_N001,RTPD,MCL,LMP_LOSS_PRC,AVOCADO_6_N001,ALL,1,0,1,4
2022-09-01T22:00:00-00:00,2022-09-01T22:15:00-00:00,2022-09-01,16,AVOCADO_6_N001,AVOCADO_6_N001,AVOCADO_6_N001,RTPD,MCL,LMP_LOSS_PRC,AVOCADO_6_N001,ALL,1,0,1,4
2022-09-01T23:00:00-00:00,2022-09-01T23:15:00-00:00,2022-09-01,17,AVOCADO_6_N001,AVOCADO_6_N001,AVOCADO_6_N001,RTPD,MCL,LMP_LOSS_PRC,AVOCADO_6_N001,ALL,1,0,1,4
2022-09-02T00:00:00-00:00,2022-09-02T00:15:00-00:00,2022-09-01,18,AVOCADO_6_N001,AVOCADO_6_N001,AVOCADO_6_N001,RTPD,MCL,LMP_LOSS_PRC,AVOCADO_6_N001,ALL,1,117.4366,1,4
2022-09-02T01:00:00-00:00,2022-09-02T01:15:00-00:00,2022-09-01,19,AVOCADO_6_N001,AVOCADO_6_N001,AVOCADO_6_N001,RTPD,MCL,LMP_LOSS_PRC,AVOCADO_6_N001,ALL,1,0,1,4
2022-09-02T02:00:00-00:00,2022-09-02T02:15:00-00:00,2022-09-01,20,AVOCADO_6_N001,AVOCADO_6_N001,AVOCADO_6_N001,RTPD,MCL,LMP_LOSS_PRC,AVOCADO_6_N001,ALL,1,0,1,4
2022-09-02T03:00:00-00:00,2022-09-02T03:15:00-00:00,2022-09-01,21,AVOCADO_6_N001,AVOCADO_6_N001,AVOCADO_6_N001,RTPD,MCL,LMP_LOSS_PRC,AVOCADO_6_N001,ALL,1,86.15802,1,4
2022-09-02T04:00:00-00:00,2022-09-02T04:15:00-00:00,2022-09-01,22,AVOCADO_6_N001,AVOCADO_6_N001,AVOCADO_6_N001,RTPD,MCL,LMP_LOSS_PRC,AVOCADO_6_N001,ALL,1,36.48295,1,4
2022-09-02T05:00:00-00:00,2022-09-02T05:15:00-00:00,2022-09-01,23,AVOCADO_6_N001,AVOCADO_6_N001,AVOCADO_6_N001,RTPD,MCL,LMP_LOSS_PRC,AVOCADO_6_N001,ALL,1,20.79849,1,4
2022-09-02T06:00:00-00:00,2022-09-02T06:15:00-00:00,2022-09-01,24,AVOCADO_6_N001,AVOCADO_6_N001,AVOCADO_6_N001,RTPD,MCL,LMP_LOSS_PRC,AVOCADO_6_N001,ALL,1,19.39766,1,4
2022-09-01T07:15:00-00:00,2022-09-01T07:30:00-00:00,2022-09-01,01,AVOCADO_6_N001,AVOCADO_6_N001,AVOCADO_6_N001,RTPD,MCL,LMP_LOSS_PRC,AVOCADO_6_N001,ALL,1,0,2,4
2022-09-01T08:15:00-00:00,2022-09-01T08:30:00-00:00,2022-09-01,02,AVOCADO_6_N001,AVOCADO_6_N001,AVOCADO_6_N001,RTPD,MCL,LMP_LOSS_PRC,AVOCADO_6_N001,ALL,1,0,2,4
2022-09-01T09:15:00-00:00,2022-09-01T09:30:00-00:00,2022-09-01,03,AVOCADO_6_N001,AVOCADO_6_N001,AVOCADO_6_N001,RTPD,MCL,LMP_LOSS_PRC,AVOCADO_6_N001,ALL,1,13.92005,2,4
2022-09-01T10:15:00-00:00,2022-09-01T10:30:00-00:00,2022-09-01,04,AVOCADO_6_N001,AVOCADO_6_N001,AVOCADO_6_N001,RTPD,MCL,LMP_LOSS_PRC,AVOCADO_6_N001,ALL,1,13.87198,2,4
2022-09-01T11:15:00-00:00,2022-09-01T11:30:00-00:00,2022-09-01,05,AVOCADO_6_N001,AVOCADO_6_N001,AVOCADO_6_N001,RTPD,MCL,LMP_LOSS_PRC,AVOCADO_6_N001,ALL,1,13.96877,2,4
2022-09-01T12:15:00-00:00,2022-09-01T12:30:00-00:00,2022-09-01,06,AVOCADO_6_N001,AVOCADO_6_N001,AVOCADO_6_N001,RTPD,MCL,LMP_LOSS_PRC,AVOCADO_6_N001,ALL,1,14.29932,2,4
2022-09-01T13:15:00-00:00,2022-09-01T13:30:00-00:00,2022-09-01,07,AVOCADO_6_N001,AVOCADO_6_N001,AVOCADO_6_N001,RTPD,MCL,LMP_LOSS_PRC,AVOCADO_6_N001,ALL,1,14.72682,2,4
2022-09-01T14:15:00-00:00,2022-09-01T14:30:00-00:00,2022-09-01,08,AVOCADO_6_N001,AVOCADO_6_N001,AVOCADO_6_N001,RTPD,MCL,LMP_LOSS_PRC,AVOCADO_6_N001,ALL,1,10.75119,2,4
2022-09-01T15:15:00-00:00,2022-09-01T15:30:00-00:00,2022-09-01,09,AVOCADO_6_N001,AVOCADO_6_N001,AVOCADO_6_N001,RTPD,MCL,LMP_LOSS_PRC,AVOCADO_6_N001,ALL,1,0,2,4
2022-09-01T16:15:00-00:00,2022-09-01T16:30:00-00:00,2022-09-01,10,AVOCADO_6_N001,AVOCADO_6_N001,AVOCADO_6_N001,RTPD,MCL,LMP_LOSS_PRC,AVOCADO_6_N001,ALL,1,0,2,4
2022-09-01T17:15:00-00:00,2022-09-01T17:30:00-00:00,2022-09-01,11,AVOCADO_6_N001,AVOCADO_6_N001,AVOCADO_6_N001,RTPD,MCL,LMP_LOSS_PRC,AVOCADO_6_N001,ALL,1,0,2,4
2022-09-01T18:15:00-00:00,2022-09-01T18:30:00-00:00,2022-09-01,12,AVOCADO_6_N001,AVOCADO_6_N001,AVOCADO_6_N001,RTPD,MCL,LMP_LOSS_PRC,AVOCADO_6_N001,ALL,1,0,2,4
2022-09-01T19:15:00-00:00,2022-09-01T19:30:00-00:00,2022-09-01,13,AVOCADO_6_N001,AVOCADO_6_N001,AVOCADO_6_N001,RTPD,MCL,LMP_LOSS_PRC,AVOCADO_6_N001,ALL,1,0,2,4
2022-09-01T20:15:00-00:00,2022-09-01T20:30:00-00:00,2022-09-01,14,AVOCADO_6_N001,AVOCADO_6_N001,AVOCADO_6_N001,RTPD,MCL,LMP_LOSS_PRC,AVOCADO_6_N001,ALL,1,0,2,4
2022-09-01T21:15:00-00:00,2022-09-01T21:30:00-00:00,2022-09-01,15,AVOCADO_6_N001,AVOCADO_6_N001,AVOCADO_6_N001,RTPD,MCL,LMP_LOSS_PRC,AVOCADO_6_N001,ALL,1,0,2,4
2022-09-01T22:15:00-00:00,2022-09-01T22:30:00-00:00,2022-09-01,16,AVOCADO_6_N001,AVOCADO_6_N001,AVOCADO_6_N001,RTPD,MCL,LMP_LOSS_PRC,AVOCADO_6_N001,ALL,1,0,2,4
2022-09-01T23:15:00-00:00,2022-09-01T23:30:00-00:00,2022-09-01,17,AVOCADO_6_N001,AVOCADO_6_N001,AVOCADO_6_N001,RTPD,MCL,LMP_LOSS_PRC,AVOCADO_6_N001,ALL,1,0,2,4
2022-09-02T00:15:00-00:00,2022-09-02T00:30:00-00:00,2022-09-01,18,AVOCADO_6_N001,AVOCADO_6_N001,AVOCADO_6_N001,RTPD,MCL,LMP_LOSS_PRC,AVOCADO_6_N001,ALL,1,98.4986,2,4
2022-09-02T01:15:00-00:00,2022-09-02T01:30:00-00:00,2022-09-01,19,AVOCADO_6_N001,AVOCADO_6_N001,AVOCADO_6_N001,RTPD,MCL,LMP_LOSS_PRC,AVOCADO_6_N001,ALL,1,0,2,4
2022-09-02T02:15:00-00:00,2022-09-02T02:30:00-00:00,2022-09-01,20,AVOCADO_6_N001,AVOCADO_6_N001,AVOCADO_6_N001,RTPD,MCL,LMP_LOSS_PRC,AVOCADO_6_N001,ALL,1,0,2,4
2022-09-02T03:15:00-00:00,2022-09-02T03:30:00-00:00,2022-09-01,21,AVOCADO_6_N001,AVOCADO_6_N001,AVOCADO_6_N001,RTPD,MCL,LMP_LOSS_PRC,AVOCADO_6_N001,ALL,1,38.73114,2,4
2022-09-02T04:15:00-00:00,2022-09-02T04:30:00-00:00,2022-09-01,22,AVOCADO_6_N001,AVOCADO_6_N001,AVOCADO_6_N001,RTPD,MCL,LMP_LOSS_PRC,AVOCADO_6_N001,ALL,1,32.38653,2,4
2022-09-02T05:15:00-00:00,2022-09-02T05:30:00-00:00,2022-09-01,23,AVOCADO_6_N001,AVOCADO_6_N001,AVOCADO_6_N001,RTPD,MCL,LMP_LOSS_PRC,AVOCADO_6_N001,ALL,1,20.06421,2,4
2022-09-02T06:15:00-00:00,2022-09-02T06:30:00-00:00,2022-09-01,24,AVOCADO_6_N001,AVOCADO_6_N001,AVOCADO_6_N001,RTPD,MCL,LMP_LOSS_PRC,AVOCADO_6_N001,ALL,1,18.73186,2,4
2022-09-01T07:30:00-00:00,2022-09-01T07:45:00-00:00,2022-09-01,01,AVOCADO_6_N001,AVOCADO_6_N001,AVOCADO_6_N001,RTPD,MCL,LMP_LOSS_PRC,AVOCADO_6_N001,ALL,1,0,3,4
2022-09-01T08:30:00-00:00,2022-09-01T08:45:00-00:00,2022-09-01,02,AVOCADO_6_N001,AVOCADO_6_N001,AVOCADO_6_N001,RTPD,MCL,LMP_LOSS_PRC,AVOCADO_6_N001,ALL,1,15.6224,3,4
2022-09-01T09:30:00-00:00,2022-09-01T09:45:00-00:00,2022-09-01,03,AVOCADO_6_N001,AVOCADO_6_N001,AVOCADO_6_N001,RTPD,MCL,LMP_LOSS_PRC,AVOCADO_6_N001,ALL,1,13.71327,3,4
2022-09-01T10:30:00-00:00,2022-09-01T10:45:00-00:00,2022-09-01,04,AVOCADO_6_N001,AVOCADO_6_N001,AVOCADO_6_N001,RTPD,MCL,LMP_LOSS_PRC,AVOCADO_6_N001,ALL,1,13.72199,3,4
2022-09-01T11:30:00-00:00,2022-09-01T11:45:00-00:00,2022-09-01,05,AVOCADO_6_N001,AVOCADO_6_N001,AVOCADO_6_N001,RTPD,MCL,LMP_LOSS_PRC,AVOCADO_6_N001,ALL,1,13.88245,3,4
2022-09-01T12:30:00-00:00,2022-09-01T12:45:00-00:00,2022-09-01,06,AVOCADO_6_N001,AVOCADO_6_N001,AVOCADO_6_N001,RTPD,MCL,LMP_LOSS_PRC,AVOCADO_6_N001,ALL,1,14.3444,3,4
2022-09-01T13:30:00-00:00,2022-09-01T13:45:00-00:00,2022-09-01,07,AVOCADO_6_N001,AVOCADO_6_N001,AVOCADO_6_N001,RTPD,MCL,LMP_LOSS_PRC,AVOCADO_6_N001,ALL,1,15.25597,3,4
2022-09-01T14:30:00-00:00,2022-09-01T14:45:00-00:00,2022-09-01,08,AVOCADO_6_N001,AVOCADO_6_N001,AVOCADO_6_N001,RTPD,MCL,LMP_LOSS_PRC,AVOCADO_6_N001,ALL,1,10.03068,3,4
2022-09-01T15:30:00-00:00,2022-09-01T15:45:00-00:00,2022-09-01,09,AVOCADO_6_N001,AVOCADO_6_N001,AVOCADO_6_N001,RTPD,MCL,LMP_LOSS_PRC,AVOCADO_6_N001,ALL,1,0,3,4
2022-09-01T16:30:00-00:00,2022-09-01T16:45:00-00:00,2022-09-01,10,AVOCADO_6_N001,AVOCADO_6_N001,AVOCADO_6_N001,RTPD,MCL,LMP_LOSS_PRC,AVOCADO_6_N001,ALL,1,0,3,4
2022-09-01T17:30:00-00:00,2022-09-01T17:45:00-00:00,2022-09-01,11,AVOCADO_6_N001,AVOCADO_6_N001,AVOCADO_6_N001,RTPD,MCL,LMP_LOSS_PRC,AVOCADO_6_N001,ALL,1,0,3,4
2022-09-01T18:30:00-00:00,2022-09-01T18:45:00-00:00,2022-09-01,12,AVOCADO_6_N001,AVOCADO_6_N001,AVOCADO_6_N001,RTPD,MCL,LMP_LOSS_PRC,AVOCADO_6_N001,ALL,1,0,3,4
2022-09-01T19:30:00-00:00,2022-09-01T19:45:00-00:00,2022-09-01,13,AVOCADO_6_N001,AVOCADO_6_N001,AVOCADO_6_N001,RTPD,MCL,LMP_LOSS_PRC,AVOCADO_6_N001,ALL,1,0,3,4
2022-09-01T20:30:00-00:00,2022-09-01T20:45:00-00:00,2022-09-01,14,AVOCADO_6_N001,AVOCADO_6_N001,AVOCADO_6_N001,RTPD,MCL,LMP_LOSS_PRC,AVOCADO_6_N001,ALL,1,0,3,4
2022-09-01T21:30:00-00:00,2022-09-01T21:45:00-00:00,2022-09-01,15,AVOCADO_6_N001,AVOCADO_6_N001,AVOCADO_6_N001,RTPD,MCL,LMP_LOSS_PRC,AVOCADO_6_N001,ALL,1,0,3,4
2022-09-01T22:30:00-00:00,2022-09-01T22:45:00-00:00,2022-09-01,16,AVOCADO_6_N001,AVOCADO_6_N001,AVOCADO_6_N001,RTPD,MCL,LMP_LOSS_PRC,AVOCADO_6_N001,ALL,1,0,3,4
2022-09-01T23:30:00-00:00,2022-09-01T23:45:00-00:00,2022-09-01,17,AVOCADO_6_N001,AVOCADO_6_N001,AVOCADO_6_N001,RTPD,MCL,LMP_LOSS_PRC,AVOCADO_6_N001,ALL,1,0,3,4
2022-09-02T00:30:00-00:00,2022-09-02T00:45:00-00:00,2022-09-01,18,AVOCADO_6_N001,AVOCADO_6_N001,AVOCADO_6_N001,RTPD,MCL,LMP_LOSS_PRC,AVOCADO_6_N001,ALL,1,0,3,4
2022-09-02T01:30:00-00:00,2022-09-02T01:45:00-00:00,2022-09-01,19,AVOCADO_6_N001,AVOCADO_6_N001,AVOCADO_6_N001,RTPD,MCL,LMP_LOSS_PRC,AVOCADO_6_N001,ALL,1,0,3,4
2022-09-02T02:30:00-00:00,2022-09-02T02:45:00-00:00,2022-09-01,20,AVOCADO_6_N001,AVOCADO_6_N001,AVOCADO_6_N001,RTPD,MCL,LMP_LOSS_PRC,AVOCADO_6_N001,ALL,1,0,3,4
2022-09-02T03:30:00-00:00,2022-09-02T03:45:00-00:00,2022-09-01,21,AVOCADO_6_N001,AVOCADO_6_N001,AVOCADO_6_N001,RTPD,MCL,LMP_LOSS_PRC,AVOCADO_6_N001,ALL,1,17.8407,3,4
2022-09-02T04:30:00-00:00,2022-09-02T04:45:00-00:00,2022-09-01,22,AVOCADO_6_N001,AVOCADO_6_N001,AVOCADO_6_N001,RTPD,MCL,LMP_LOSS_PRC,AVOCADO_6_N001,ALL,1,27.87865,3,4
2022-09-02T05:30:00-00:00,2022-09-02T05:45:00-00:00,2022-09-01,23,AVOCADO_6_N001,AVOCADO_6_N001,AVOCADO_6_N001,RTPD,MCL,LMP_LOSS_PRC,AVOCADO_6_N001,ALL,1,18.10864,3,4
2022-09-02T06:30:00-00:00,2022-09-02T06:45:00-00:00,2022-09-01,24,AVOCADO_6_N001,AVOCADO_6_N001,AVOCADO_6_N001,RTPD,MCL,LMP_LOSS_PRC,AVOCADO_6_N001,ALL,1,17.14239,3,4
2022-09-01T07:45:00-00:00,2022-09-01T08:00:00-00:00,2022-09-01,01,AVOCADO_6_N001,AVOCADO_6_N001,AVOCADO_6_N001,RTPD,MCL,LMP_LOSS_PRC,AVOCADO_6_N001,ALL,1,0,4,4
2022-09-01T08:45:00-00:00,2022-09-01T09:00:00-00:00,2022-09-01,02,AVOCADO_6_N001,AVOCADO_6_N001,AVOCADO_6_N001,RTPD,MCL,LMP_LOSS_PRC,AVOCADO_6_N001,ALL,1,14.12908,4,4
2022-09-01T09:45:00-00:00,2022-09-01T10:00:00-00:00,2022-09-01,03,AVOCADO_6_N001,AVOCADO_6_N001,AVOCADO_6_N001,RTPD,MCL,LMP_LOSS_PRC,AVOCADO_6_N001,ALL,1,13.86518,4,4
2022-09-01T10:45:00-00:00,2022-09-01T11:00:00-00:00,2022-09-01,04,AVOCADO_6_N001,AVOCADO_6_N001,AVOCADO_6_N001,RTPD,MCL,LMP_LOSS_PRC,AVOCADO_6_N001,ALL,1,13.67752,4,4
2022-09-01T11:45:00-00:00,2022-09-01T12:00:00-00:00,2022-09-01,05,AVOCADO_6_N001,AVOCADO_6_N001,AVOCADO_6_N001,RTPD,MCL,LMP_LOSS_PRC,AVOCADO_6_N001,ALL,1,0,4,4
2022-09-01T12:45:00-00:00,2022-09-01T13:00:00-00:00,2022-09-01,06,AVOCADO_6_N001,AVOCADO_6_N001,AVOCADO_6_N001,RTPD,MCL,LMP_LOSS_PRC,AVOCADO_6_N001,ALL,1,0,4,4
2022-09-01T13:45:00-00:00,2022-09-01T14:00:00-00:00,2022-09-01,07,AVOCADO_6_N001,AVOCADO_6_N001,AVOCADO_6_N001,RTPD,MCL,LMP_LOSS_PRC,AVOCADO_6_N001,ALL,1,0,4,4
2022-09-01T14:45:00-00:00,2022-09-01T15:00:00-00:00,2022-09-01,08,AVOCADO_6_N001,AVOCADO_6_N001,AVOCADO_6_N001,RTPD,MCL,LMP_LOSS_PRC,AVOCADO_6_N001,ALL,1,0,4,4
2022-09-01T15:45:00-00:00,2022-09-01T16:00:00-00:00,2022-09-01,09,AVOCADO_6_N001,AVOCADO_6_N001,AVOCADO_6_N001,RTPD,MCL,LMP_LOSS_PRC,AVOCADO_6_N001,ALL,1,0,4,4
2022-09-01T16:45:00-00:00,2022-09-01T17:00:00-00:00,2022-09-01,10,AVOCADO_6_N001,AVOCADO_6_N001,AVOCADO_6_N001,RTPD,MCL,LMP_LOSS_PRC,AVOCADO_6_N001,ALL,1,0,4,4
2022-09-01T17:45:00-00:00,2022-09-01T18:00:00-00:00,2022-09-01,11,AVOCADO_6_N001,AVOCADO_6_N001,AVOCADO_6_N001,RTPD,MCL,LMP_LOSS_PRC,AVOCADO_6_N001,ALL,1,0,4,4
2022-09-01T18:45:00-00:00,2022-09-01T19:00:00-00:00,2022-09-01,12,AVOCADO_6_N001,AVOCADO_6_N001,AVOCADO_6_N001,RTPD,MCL,LMP_LOSS_PRC,AVOCADO_6_N001,ALL,1,0,4,4
2022-09-01T19:45:00-00:00,2022-09-01T20:00:00-00:00,2022-09-01,13,AVOCADO_6_N001,AVOCADO_6_N001,AVOCADO_6_N001,RTPD,MCL,LMP_LOSS_PRC,AVOCADO_6_N001,ALL,1,0,4,4
2022-09-01T20:45:00-00:00,2022-09-01T21:00:00-00:00,2022-09-01,14,AVOCADO_6_N001,AVOCADO_6_N001,AVOCADO_6_N001,RTPD,MCL,LMP_LOSS_PRC,AVOCADO_6_N001,ALL,1,0,4,4
2022-09-01T21:45:00-00:00,2022-09-01T22:00:00-00:00,2022-09-01,15,AVOCADO_6_N001,AVOCADO_6_N001,AVOCADO_6_N001,RTPD,MCL,LMP_LOSS_PRC,AVOCADO_6_N001,ALL,1,0,4,4
2022-09-01T22:45:00-00:00,2022-09-01T23:00:00-00:00,2022-09-01,16,AVOCADO_6_N001,AVOCADO_6_N001,AVOCADO_6_N001,RTPD,MCL,LMP_LOSS_PRC,AVOCADO_6_N001,ALL,1,0,4,4
2022-09-01T23:45:00-00:00,2022-09-02T00:00:00-00:00,2022-09-01,17,AVOCADO_6_N001,AVOCADO_6_N001,AVOCADO_6_N001,RTPD,MCL,LMP_LOSS_PRC,AVOCADO_6_N001,ALL,1,0,4,4
2022-09-02T00:45:00-00:00,2022-09-02T01:00:00-00:00,2022-09-01,18,AVOCADO_6_N001,AVOCADO_6_N001,AVOCADO_6_N001,RTPD,MCL,LMP_LOSS_PRC,AVOCADO_6_N001,ALL,1,0,4,4
2022-09-02T01:45:00-00:00,2022-09-02T02:00:00-00:00,2022-09-01,19,AVOCADO_6_N001,AVOCADO_6_N001,AVOCADO_6_N001,RTPD,MCL,LMP_LOSS_PRC,AVOCADO_6_N001,ALL,1,0,4,4
2022-09-02T02:45:00-00:00,2022-09-02T03:00:00-00:00,2022-09-01,20,AVOCADO_6_N001,AVOCADO_6_N001,AVOCADO_6_N001,RTPD,MCL,LMP_LOSS_PRC,AVOCADO_6_N001,ALL,1,243.13951,4,4
2022-09-02T03:45:00-00:00,2022-09-02T04:00:00-00:00,2022-09-01,21,AVOCADO_6_N001,AVOCADO_6_N001,AVOCADO_6_N001,RTPD,MCL,LMP_LOSS_PRC,AVOCADO_6_N001,ALL,1,19.39223,4,4
2022-09-02T04:45:00-00:00,2022-09-02T05:00:00-00:00,2022-09-01,22,AVOCADO_6_N001,AVOCADO_6_N001,AVOCADO_6_N001,RTPD,MCL,LMP_LOSS_PRC,AVOCADO_6_N001,ALL,1,18.63427,4,4
2022-09-02T05:45:00-00:00,2022-09-02T06:00:00-00:00,2022-09-01,23,AVOCADO_6_N001,AVOCADO_6_N001,AVOCADO_6_N001,RTPD,MCL,LMP_LOSS_PRC,AVOCADO_6_N001,ALL,1,16.1139,4,4
2022-09-02T06:45:00-00:00,2022-09-02T07:00:00-00:00,2022-09-01,24,AVOCADO_6_N001,AVOCADO_6_N001,AVOCADO_6_N001,RTPD,MCL,LMP_LOSS_PRC,AVOCADO_6_N001,ALL,1,14.25102,4,4
2022-09-01T07:00:00-00:00,2022-09-01T07:15:00-00:00,2022-09-01,01,AVOCADO_6_N001,AVOCADO_6_N001,AVOCADO_6_N001,RTPD,MGHG,LMP_GHG_PRC,AVOCADO_6_N001,ALL,1,0,1,5
2022-09-01T08:00:00-00:00,2022-09-01T08:15:00-00:00,2022-09-01,02,AVOCADO_6_N001,AVOCADO_6_N001,AVOCADO_6_N001,RTPD,MGHG,LMP_GHG_PRC,AVOCADO_6_N001,ALL,1,0,1,5
2022-09-01T09:00:00-00:00,2022-09-01T09:15:00-00:00,2022-09-01,03,AVOCADO_6_N001,AVOCADO_6_N001,AVOCADO_6_N001,RTPD,MGHG,LMP_GHG_PRC,AVOCADO_6_N001,ALL,1,0,1,5
2022-09-01T10:00:00-00:00,2022-09-01T10:15:00-00:00,2022-09-01,04,AVOCADO_6_N001,AVOCADO_6_N001,AVOCADO_6_N001,RTPD,MGHG,LMP_GHG_PRC,AVOCADO_6_N001,ALL,1,0,1,5
2022-09-01T11:00:00-00:00,2022-09-01T11:15:00-00:00,2022-09-01,05,AVOCADO_6_N001,AVOCADO_6_N001,AVOCADO_6_N001,RTPD,MGHG,LMP_GHG_PRC,AVOCADO_6_N001,ALL,1,0,1,5
2022-09-01T12:00:00-00:00,2022-09-01T12:15:00-00:00,2022-09-01,06,AVOCADO_6_N001,AVOCADO_6_N001,AVOCADO_6_N001,RTPD,MGHG,LMP_GHG_PRC,AVOCADO_6_N001,ALL,1,0,1,5
2022-09-01T13:00:00-00:00,2022-09-01T13:15:00-00:00,2022-09-01,07,AVOCADO_6_N001,AVOCADO_6_N001,AVOCADO_6_N001,RTPD,MGHG,LMP_GHG_PRC,AVOCADO_6_N001,ALL,1,0,1,5
2022-09-01T14:00:00-00:00,2022-09-01T14:15:00-00:00,2022-09-01,08,AVOCADO_6_N001,AVOCADO_6_N001,AVOCADO_6_N001,RTPD,MGHG,LMP_GHG_PRC,AVOCADO_6_N001,ALL,1,0,1,5
2022-09-01T15:00:00-00:00,2022-09-01T15:15:00-00:00,2022-09-01,09,AVOCADO_6_N001,AVOCADO_6_N001,AVOCADO_6_N001,RTPD,MGHG,LMP_GHG_PRC,AVOCADO_6_N001,ALL,1,0,1,5
2022-09-01T16:00:00-00:00,2022-09-01T16:15:00-00:00,2022-09-01,10,AVOCADO_6_N001,AVOCADO_6_N001,AVOCADO_6_N001,RTPD,MGHG,LMP_GHG_PRC,AVOCADO_6_N001,ALL,1,0,1,5
2022-09-01T17:00:00-00:00,2022-09-01T17:15:00-00:00,2022-09-01,11,AVOCADO_6_N001,AVOCADO_6_N001,AVOCADO_6_N001,RTPD,MGHG,LMP_GHG_PRC,AVOCADO_6_N001,ALL,1,0,1,5
2022-09-01T18:00:00-00:00,2022-09-01T18:15:00-00:00,2022-09-01,12,AVOCADO_6_N001,AVOCADO_6_N001,AVOCADO_6_N001,RTPD,MGHG,LMP_GHG_PRC,AVOCADO_6_N001,ALL,1,0,1,5
2022-09-01T19:00:00-00:00,2022-09-01T19:15:00-00:00,2022-09-01,13,AVOCADO_6_N001,AVOCADO_6_N001,AVOCADO_6_N001,RTPD,MGHG,LMP_GHG_PRC,AVOCADO_6_N001,ALL,1,0,1,5
2022-09-01T20:00:00-00:00,2022-09-01T20:15:00-00:00,2022-09-01,14,AVOCADO_6_N001,AVOCADO_6_N001,AVOCADO_6_N001,RTPD,MGHG,LMP_GHG_PRC,AVOCADO_6_N001,ALL,1,0,1,5
2022-09-01T21:00:00-00:00,2022-09-01T21:15:00-00:00,2022-09-01,15,AVOCADO_6_N001,AVOCADO_6_N001,AVOCADO_6_N001,RTPD,MGHG,LMP_GHG_PRC,AVOCADO_6_N001,ALL,1,0,1,5
2022-09-01T22:00:00-00:00,2022-09-01T22:15:00-00:00,2022-09-01,16,AVOCADO_6_N001,AVOCADO_6_N001,AVOCADO_6_N001,RTPD,MGHG,LMP_GHG_PRC,AVOCADO_6_N001,ALL,1,0,1,5
2022-09-01T23:00:00-00:00,2022-09-01T23:15:00-00:00,2022-09-01,17,AVOCADO_6_N001,AVOCADO_6_N001,AVOCADO_6_N001,RTPD,MGHG,LMP_GHG_PRC,AVOCADO_6_N001,ALL,1,0,1,5
2022-09-02T00:00:00-00:00,2022-09-02T00:15:00-00:00,2022-09-01,18,AVOCADO_6_N001,AVOCADO_6_N001,AVOCADO_6_N001,RTPD,MGHG,LMP_GHG_PRC,AVOCADO_6_N001,ALL,1,0,1,5
2022-09-02T01:00:00-00:00,2022-09-02T01:15:00-00:00,2022-09-01,19,AVOCADO_6_N001,AVOCADO_6_N001,AVOCADO_6_N001,RTPD,MGHG,LMP_GHG_PRC,AVOCADO_6_N001,ALL,1,0,1,5
2022-09-02T02:00:00-00:00,2022-09-02T02:15:00-00:00,2022-09-01,20,AVOCADO_6_N001,AVOCADO_6_N001,AVOCADO_6_N001,RTPD,MGHG,LMP_GHG_PRC,AVOCADO_6_N001,ALL,1,0,1,5
2022-09-02T03:00:00-00:00,2022-09-02T03:15:00-00:00,2022-09-01,21,AVOCADO_6_N001,AVOCADO_6_N001,AVOCADO_6_N001,RTPD,MGHG,LMP_GHG_PRC,AVOCADO_6_N001,ALL,1,0,1,5
2022-09-02T04:00:00-00:00,2022-09-02T04:15:00-00:00,2022-09-01,22,AVOCADO_6_N001,AVOCADO_6_N001,AVOCADO_6_N001,RTPD,MGHG,LMP_GHG_PRC,AVOCADO_6_N001,ALL,1,0,1,5
2022-09-02T05:00:00-00:00,2022-09-02T05:15:00-00:00,2022-09-01,23,AVOCADO_6_N001,AVOCADO_6_N001,AVOCADO_6_N001,RTPD,MGHG,LMP_GHG_PRC,AVOCADO_6_N001,ALL,1,0,1,5
2022-09-02T06:00:00-00:00,2022-09-02T06:15:00-00:00,2022-09-01,24,AVOCADO_6_N001,AVOCADO_6_N001,AVOCADO_6_N001,RTPD,MGHG,LMP_GHG_PRC,AVOCADO_6_N001,ALL,1,0,1,5
2022-09-01T07:15:00-00:00,2022-09-01T07:30:00-00:00,2022-09-01,01,AVOCADO_6_N001,AVOCADO_6_N001,AVOCADO_6_N001,RTPD,MGHG,LMP_GHG_PRC,AVOCADO_6_N001,ALL,1,0,2,5
2022-09-01T08:15:00-00:00,2022-09-01T08:30:00-00:00,2022-09-01,02,AVOCADO_6_N001,AVOCADO_6_N001,AVOCADO_6_N001,RTPD,MGHG,LMP_GHG_PRC,AVOCADO_6_N001,ALL,1,0,2,5
2022-09-01T09:15:00-00:00,2022-09-01T09:30:00-00:00,2022-09-01,03,AVOCADO_6_N001,AVOCADO_6_N001,AVOCADO_6_N001,RTPD,MGHG,LMP_GHG_PRC,AVOCADO_6_N001,ALL,1,0,2,5
2022-09-01T10:15:00-00:00,2022-09-01T10:30:00-00:00,2022-09-01,04,AVOCADO_6_N001,AVOCADO_6_N001,AVOCADO_6_N001,RTPD,MGHG,LMP_GHG_PRC,AVOCADO_6_N001,ALL,1,0,2,5
2022-09-01T11:15:00-00:00,2022-09-01T11:30:00-00:00,2022-09-01,05,AVOCADO_6_N001,AVOCADO_6_N001,AVOCADO_6_N001,RTPD,MGHG,LMP_GHG_PRC,AVOCADO_6_N001,ALL,1,0,2,5
2022-09-01T12:15:00-00:00,2022-09-01T12:30:00-00:00,2022-09-01,06,AVOCADO_6_N001,AVOCADO_6_N001,AVOCADO_6_N001,RTPD,MGHG,LMP_GHG_PRC,AVOCADO_6_N001,ALL,1,0,2,5
2022-09-01T13:15:00-00:00,2022-09-01T13:30:00-00:00,2022-09-01,07,AVOCADO_6_N001,AVOCADO_6_N001,AVOCADO_6_N001,RTPD,MGHG,LMP_GHG_PRC,AVOCADO_6_N001,ALL,1,0,2,5
2022-09-01T14:15:00-00:00,2022-09-01T14:30:00-00:00,2022-09-01,08,AVOCADO_6_N001,AVOCADO_6_N001,AVOCADO_6_N001,RTPD,MGHG,LMP_GHG_PRC,AVOCADO_6_N001,ALL,1,0,2,5
2022-09-01T15:15:00-00:00,2022-09-01T15:30:00-00:00,2022-09-01,09,AVOCADO_6_N001,AVOCADO_6_N001,AVOCADO_6_N001,RTPD,MGHG,LMP_GHG_PRC,AVOCADO_6_N001,ALL,1,0,2,5
2022-09-01T16:15:00-00:00,2022-09-01T16:30:00-00:00,2022-09-01,10,AVOCADO_6_N001,AVOCADO_6_N001,AVOCADO_6_N001,RTPD,MGHG,LMP_GHG_PRC,AVOCADO_6_N001,ALL,1,0,2,5
2022-09-01T17:15:00-00:00,2022-09-01T17:30:00-00:00,2022-09-01,11,AVOCADO_6_N001,AVOCADO_6_N001,AVOCADO_6_N001,RTPD,MGHG,LMP_GHG_PRC,AVOCADO_6_N001,ALL,1,0,2,5
2022-09-01T18:15:00-00:00,2022-09-01T18:30:00-00:00,2022-09-01,12,AVOCADO_6_N001,AVOCADO_6_N001,AVOCADO_6_N001,RTPD,MGHG,LMP_GHG_PRC,AVOCADO_6_N001,ALL,1,0,2,5
2022-09-01T19:15:00-00:00,2022-09-01T19:30:00-00:00,2022-09-01,13,AVOCADO_6_N001,AVOCADO_6_N001,AVOCADO_6_N001,RTPD,MGHG,LMP_GHG_PRC,AVOCADO_6_N001,ALL,1,0,2,5
2022-09-01T20:15:00-00:00,2022-09-01T20:30:00-00:00,2022-09-01,14,AVOCADO_6_N001,AVOCADO_6_N001,AVOCADO_6_N001,RTPD,MGHG,LMP_GHG_PRC,AVOCADO_6_N001,ALL,1,0,2,5
2022-09-01T21:15:00-00:00,2022-09-01T21:30:00-00:00,2022-09-01,15,AVOCADO_6_N001,AVOCADO_6_N001,AVOCADO_6_N001,RTPD,MGHG,LMP_GHG_PRC,AVOCADO_6_N001,ALL,1,0,2,5
2022-09-01T22:15:00-00:00,2022-09-01T22:30:00-00:00,2022-09-01,16,AVOCADO_6_N001,AVOCADO_6_N001,AVOCADO_6_N001,RTPD,MGHG,LMP_GHG_PRC,AVOCADO_6_N001,ALL,1,0,2,5
2022-09-01T23:15:00-00:00,2022-09-01T23:30:00-00:00,2022-09-01,17,AVOCADO_6_N001,AVOCADO_6_N001,AVOCADO_6_N001,RTPD,MGHG,LMP_GHG_PRC,AVOCADO_6_N001,ALL,1,0,2,5
2022-09-02T00:15:00-00:00,2022-09-02T00:30:00-00:00,2022-09-01,18,AVOCADO_6_N001,AVOCADO_6_N001,AVOCADO_6_N001,RTPD,MGHG,LMP_GHG_PRC,AVOCADO_6_N001,ALL,1,0,2,5
2022-09-02T01:15:00-00:00,2022-09-02T01:30:00-00:00,2022-09-01,19,AVOCADO_6_N001,AVOCADO_6_N001,AVOCADO_6_N001,RTPD,MGHG,LMP_GHG_PRC,AVOCADO_6_N001,ALL,1,0,2,5
2022-09-02T02:15:00-00:00,2022-09-02T02:30:00-00:00,2022-09-01,20,AVOCADO_6_N001,AVOCADO_6_N001,AVOCADO_6_N001,RTPD,MGHG,LMP_GHG_PRC,AVOCADO_6_N001,ALL,1,0,2,5
2022-09-02T03:15:00-00:00,2022-09-02T03:30:00-00:00,2022-09-01,21,AVOCADO_6_N001,AVOCADO_6_N001,AVOCADO_6_N001,RTPD,MGHG,LMP_GHG_PRC,AVOCADO_6_N001,ALL,1,0,2,5
2022-09-02T04:15:00-00:00,2022-09-02T04:30:00-00:00,2022-09-01,22,AVOCADO_6_N001,AVOCADO_6_N001,AVOCADO_6_N001,RTPD,MGHG,LMP_GHG_PRC,AVOCADO_6_N001,ALL,1,0,2,5
2022-09-02T05:15:00-00:00,2022-09-02T05:30:00-00:00,2022-09-01,23,AVOCADO_6_N001,AVOCADO_6_N001,AVOCADO_6_N001,RTPD,MGHG,LMP_GHG_PRC,AVOCADO_6_N001,ALL,1,0,2,5
2022-09-02T06:15:00-00:00,2022-09-02T06:30:00-00:00,2022-09-01,24,AVOCADO_6_N001,AVOCADO_6_N001,AVOCADO_6_N001,RTPD,MGHG,LMP_GHG_PRC,AVOCADO_6_N001,ALL,1,0,2,5
2022-09-01T07:30:00-00:00,2022-09-01T07:45:00-00:00,2022-09-01,01,AVOCADO_6_N001,AVOCADO_6_N001,AVOCADO_6_N001,RTPD,MGHG,LMP_GHG_PRC,AVOCADO_6_N001,ALL,1,0,3,5
2022-09-01T08:30:00-00:00,2022-09-01T08:45:00-00:00,2022-09-01,02,AVOCADO_6_N001,AVOCADO_6_N001,AVOCADO_6_N001,RTPD,MGHG,LMP_GHG_PRC,AVOCADO_6_N001,ALL,1,0,3,5
2022-09-01T09:30:00-00:00,2022-09-01T09:45:00-00:00,2022-09-01,03,AVOCADO_6_N001,AVOCADO_6_N001,AVOCADO_6_N001,RTPD,MGHG,LMP_GHG_PRC,AVOCADO_6_N001,ALL,1,0,3,5
2022-09-01T10:30:00-00:00,2022-09-01T10:45:00-00:00,2022-09-01,04,AVOCADO_6_N001,AVOCADO_6_N001,AVOCADO_6_N001,RTPD,MGHG,LMP_GHG_PRC,AVOCADO_6_N001,ALL,1,0,3,5
2022-09-01T11:30:00-00:00,2022-09-01T11:45:00-00:00,2022-09-01,05,AVOCADO_6_N001,AVOCADO_6_N001,AVOCADO_6_N001,RTPD,MGHG,LMP_GHG_PRC,AVOCADO_6_N001,ALL,1,0,3,5
2022-09-01T12:30:00-00:00,2022-09-01T12:45:00-00:00,2022-09-01,06,AVOCADO_6_N001,AVOCADO_6_N001,AVOCADO_6_N001,RTPD,MGHG,LMP_GHG_PRC,AVOCADO_6_N001,ALL,1,0,3,5
2022-09-01T13:30:00-00:00,2022-09-01T13:45:00-00:00,2022-09-01,07,AVOCADO_6_N001,AVOCADO_6_N001,AVOCADO_6_N001,RTPD,MGHG,LMP_GHG_PRC,AVOCADO_6_N001,ALL,1,0,3,5
2022-09-01T14:30:00-00:00,2022-09-01T14:45:00-00:00,2022-09-01,08,AVOCADO_6_N001,AVOCADO_6_N001,AVOCADO_6_N001,RTPD,MGHG,LMP_GHG_PRC,AVOCADO_6_N001,ALL,1,0,3,5
2022-09-01T15:30:00-00:00,2022-09-01T15:45:00-00:00,2022-09-01,09,AVOCADO_6_N001,AVOCADO_6_N001,AVOCADO_6_N001,RTPD,MGHG,LMP_GHG_PRC,AVOCADO_6_N001,ALL,1,0,3,5
2022-09-01T16:30:00-00:00,2022-09-01T16:45:00-00:00,2022-09-01,10,AVOCADO_6_N001,AVOCADO_6_N001,AVOCADO_6_N001,RTPD,MGHG,LMP_GHG_PRC,AVOCADO_6_N001,ALL,1,0,3,5
2022-09-01T17:30:00-00:00,2022-09-01T17:45:00-00:00,2022-09-01,11,AVOCADO_6_N001,AVOCADO_6_N001,AVOCADO_6_N001,RTPD,MGHG,LMP_GHG_PRC,AVOCADO_6_N001,ALL,1,0,3,5
2022-09-01T18:30:00-00:00,2022-09-01T18:45:00-00:00,2022-09-01,12,AVOCADO_6_N001,AVOCADO_6_N001,AVOCADO_6_N001,RTPD,MGHG,LMP_GHG_PRC,AVOCADO_6_N001,ALL,1,0,3,5
2022-09-01T19:30:00-00:00,2022-09-01T19:45:00-00:00,2022-09-01,13,AVOCADO_6_N001,AVOCADO_6_N001,AVOCADO_6_N001,RTPD,MGHG,LMP_GHG_PRC,AVOCADO_6_N001,ALL,1,0,3,5
2022-09-01T20:30:00-00:00,2022-09-01T20:45:00-00:00,2022-09-01,14,AVOCADO_6_N001,AVOCADO_6_N001,AVOCADO_6_N001,RTPD,MGHG,LMP_GHG_PRC,AVOCADO_6_N001,ALL,1,0,3,5
2022-09-01T21:30:00-00:00,2022-09-01T21:45:00-00:00,2022-09-01,15,AVOCADO_6_N001,AVOCADO_6_N001,AVOCADO_6_N001,RTPD,MGHG,LMP_GHG_PRC,AVOCADO_6_N001,ALL,1,0,3,5
2022-09-01T22:30:00-00:00,2022-09-01T22:45:00-00:00,2022-09-01,16,AVOCADO_6_N001,AVOCADO_6_N001,AVOCADO_6_N001,RTPD,MGHG,LMP_GHG_PRC,AVOCADO_6_N001,ALL,1,0,3,5
2022-09-01T23:30:00-00:00,2022-09-01T23:45:00-00:00,2022-09-01,17,AVOCADO_6_N001,AVOCADO_6_N001,AVOCADO_6_N001,RTPD,MGHG,LMP_GHG_PRC,AVOCADO_6_N001,ALL,1,0,3,5
2022-09-02T00:30:00-00:00,2022-09-02T00:45:00-00:00,2022-09-01,18,AVOCADO_6_N001,AVOCADO_6_N001,AVOCADO_6_N001,RTPD,MGHG,LMP_GHG_PRC,AVOCADO_6_N001,ALL,1,0,3,5
2022-09-02T01:30:00-00:00,2022-09-02T01:45:00-00:00,2022-09-01,19,AVOCADO_6_N001,AVOCADO_6_N001,AVOCADO_6_N001,RTPD,MGHG,LMP_GHG_PRC,AVOCADO_6_N001,ALL,1,0,3,5
2022-09-02T02:30:00-00:00,2022-09-02T02:45:00-00:00,2022-09-01,20,AVOCADO_6_N001,AVOCADO_6_N001,AVOCADO_6_N001,RTPD,MGHG,LMP_GHG_PRC,AVOCADO_6_N001,ALL,1,0,3,5
2022-09-02T03:30:00-00:00,2022-09-02T03:45:00-00:00,2022-09-01,21,AVOCADO_6_N001,AVOCADO_6_N001,AVOCADO_6_N001,RTPD,MGHG,LMP_GHG_PRC,AVOCADO_6_N001,ALL,1,0,3,5
2022-09-02T04:30:00-00:00,2022-09-02T04:45:00-00:00,2022-09-01,22,AVOCADO_6_N001,AVOCADO_6_N001,AVOCADO_6_N001,RTPD,MGHG,LMP_GHG_PRC,AVOCADO_6_N001,ALL,1,0,3,5
2022-09-02T05:30:00-00:00,2022-09-02T05:45:00-00:00,2022-09-01,23,AVOCADO_6_N001,AVOCADO_6_N001,AVOCADO_6_N001,RTPD,MGHG,LMP_GHG_PRC,AVOCADO_6_N001,ALL,1,0,3,5
2022-09-02T06:30:00-00:00,2022-09-02T06:45:00-00:00,2022-09-01,24,AVOCADO_6_N001,AVOCADO_6_N001,AVOCADO_6_N001,RTPD,MGHG,LMP_GHG_PRC,AVOCADO_6_N001,ALL,1,0,3,5
2022-09-01T07:45:00-00:00,2022-09-01T08:00:00-00:00,2022-09-01,01,AVOCADO_6_N001,AVOCADO_6_N001,AVOCADO_6_N001,RTPD,MGHG,LMP_GHG_PRC,AVOCADO_6_N001,ALL,1,0,4,5
2022-09-01T08:45:00-00:00,2022-09-01T09:00:00-00:00,2022-09-01,02,AVOCADO_6_N001,AVOCADO_6_N001,AVOCADO_6_N001,RTPD,MGHG,LMP_GHG_PRC,AVOCADO_6_N001,ALL,1,0,4,5
2022-09-01T09:45:00-00:00,2022-09-01T10:00:00-00:00,2022-09-01,03,AVOCADO_6_N001,AVOCADO_6_N001,AVOCADO_6_N001,RTPD,MGHG,LMP_GHG_PRC,AVOCADO_6_N001,ALL,1,0,4,5
2022-09-01T10:45:00-00:00,2022-09-01T11:00:00-00:00,2022-09-01,04,AVOCADO_6_N001,AVOCADO_6_N001,AVOCADO_6_N001,RTPD,MGHG,LMP_GHG_PRC,AVOCADO_6_N001,ALL,1,0,4,5
2022-09-01T11:45:00-00:00,2022-09-01T12:00:00-00:00,2022-09-01,05,AVOCADO_6_N001,AVOCADO_6_N001,AVOCADO_6_N001,RTPD,MGHG,LMP_GHG_PRC,AVOCADO_6_N001,ALL,1,0,4,5
2022-09-01T12:45:00-00:00,2022-09-01T13:00:00-00:00,2022-09-01,06,AVOCADO_6_N001,AVOCADO_6_N001,AVOCADO_6_N001,RTPD,MGHG,LMP_GHG_PRC,AVOCADO_6_N001,ALL,1,0,4,5
2022-09-01T13:45:00-00:00,2022-09-01T14:00:00-00:00,2022-09-01,07,AVOCADO_6_N001,AVOCADO_6_N001,AVOCADO_6_N001,RTPD,MGHG,LMP_GHG_PRC,AVOCADO_6_N001,ALL,1,0,4,5
2022-09-01T14:45:00-00:00,2022-09-01T15:00:00-00:00,2022-09-01,08,AVOCADO_6_N001,AVOCADO_6_N001,AVOCADO_6_N001,RTPD,MGHG,LMP_GHG_PRC,AVOCADO_6_N001,ALL,1,0,4,5
2022-09-01T15:45:00-00:00,2022-09-01T16:00:00-00:00,2022-09-01,09,AVOCADO_6_N001,AVOCADO_6_N001,AVOCADO_6_N001,RTPD,MGHG,LMP_GHG_PRC,AVOCADO_6_N001,ALL,1,0,4,5
2022-09-01T16:45:00-00:00,2022-09-01T17:00:00-00:00,2022-09-01,10,AVOCADO_6_N001,AVOCADO_6_N001,AVOCADO_6_N001,RTPD,MGHG,LMP_GHG_PRC,AVOCADO_6_N001,ALL,1,0,4,5
2022-09-01T17:45:00-00:00,2022-09-01T18:00:00-00:00,2022-09-01,11,AVOCADO_6_N001,AVOCADO_6_N001,AVOCADO_6_N001,RTPD,MGHG,LMP_GHG_PRC,AVOCADO_6_N001,ALL,1,0,4,5
2022-09-01T18:45:00-00:00,2022-09-01T19:00:00-00:00,2022-09-01,12,AVOCADO_6_N001,AVOCADO_6_N001,AVOCADO_6_N001,RTPD,MGHG,LMP_GHG_PRC,AVOCADO_6_N001,ALL,1,0,4,5
2022-09-01T19:45:00-00:00,2022-09-01T20:00:00-00:00,2022-09-01,13,AVOCADO_6_N001,AVOCADO_6_N001,AVOCADO_6_N001,RTPD,MGHG,LMP_GHG_PRC,AVOCADO_6_N001,ALL,1,0,4,5
2022-09-01T20:45:00-00:00,2022-09-01T21:00:00-00:00,2022-09-01,14,AVOCADO_6_N001,AVOCADO_6_N001,AVOCADO_6_N001,RTPD,MGHG,LMP_GHG_PRC,AVOCADO_6_N001,ALL,1,0,4,5
2022-09-01T21:45:00-00:00,2022-09-01T22:00:00-00:00,2022-09-01,15,AVOCADO_6_N001,AVOCADO_6_N001,AVOCADO_6_N001,RTPD,MGHG,LMP_GHG_PRC,AVOCADO_6_N001,ALL,1,0,4,5
2022-09-01T22:45:00-00:00,2022-09-01T23:00:00-00:00,2022-09-01,16,AVOCADO_6_N001,AVOCADO_6_N001,AVOCADO_6_N001,RTPD,MGHG,LMP_GHG_PRC,AVOCADO_6_N001,ALL,1,0,4,5
2022-09-01T23:45:00-00:00,2022-09-02T00:00:00-00:00,2022-09-01,17,AVOCADO_6_N001,AVOCADO_6_N001,AVOCADO_6_N001,RTPD,MGHG,LMP_GHG_PRC,AVOCADO_6_N001,ALL,1,0,4,5
2022-09-02T00:45:00-00:00,2022-09-02T01:00:00-00:00,2022-09-01,18,AVOCADO_6_N001,AVOCADO_6_N001,AVOCADO_6_N001,RTPD,MGHG,LMP_GHG_PRC,AVOCADO_6_N001,ALL,1,0,4,5
2022-09-02T01:45:00-00:00,2022-09-02T02:00:00-00:00,2022-09-01,19,AVOCADO_6_N001,AVOCADO_6_N001,AVOCADO_6_N001,RTPD,MGHG,LMP_GHG_PRC,AVOCADO_6_N001,ALL,1,0,4,5
2022-09-02T02:45:00-00:00,2022-09-02T03:00:00-00:00,2022-09-01,20,AVOCADO_6_N001,AVOCADO_6_N001,AVOCADO_6_N001,RTPD,MGHG,LMP_GHG_PRC,AVOCADO_6_N001,ALL,1,0,4,5
2022-09-02T03:45:00-00:00,2022-09-02T04:00:00-00:00,2022-09-01,21,AVOCADO_6_N001,AVOCADO_6_N001,AVOCADO_6_N001,RTPD,MGHG,LMP_GHG_PRC,AVOCADO_6_N001,ALL,1,0,4,5
2022-09-02T04:45:00-00:00,2022-09-02T05:00:00-00:00,2022-09-01,22,AVOCADO_6_N001,AVOCADO_6_N001,AVOCADO_6_N001,RTPD,MGHG,LMP_GHG_PRC,AVOCADO_6_N001,ALL,1,0,4,5
2022-09-02T05:45:00-00:00,2022-09-02T06:00:00-00:00,2022-09-01,23,AVOCADO_6_N001,AVOCADO_6_N001,AVOCADO_6_N001,RTPD,MGHG,LMP_GHG_PRC,AVOCADO_6_N001,ALL,1,0,4,5
2022-09-02T06:45:00-00:00,2022-09-02T07:00:00-00:00,2022-09-01,24,AVOCADO_6_N001,AVOCADO_6_N001,AVOCADO_6_N001,RTPD,MGHG,LMP_GHG_PRC,AVOCADO_6_N001,ALL,1,0,4,5
