INTERVALSTARTTIME_GMT,INTERVALENDTIME_GMT,OPR_DT,OPR_HR,NODE_ID_XML,NODE_ID,NODE,MARKET_RUN_ID,LMP_TYPE,XML_DATA_ITEM,PNODE_RESMRID,GRP_TYPE,POS,PRC,OPR_INTERVAL,GROUP
2022-09-01T07:00:00-00:00,2022-09-01T07:15:00-00:00,2022-09-01,01,BNAVSTA_6_N002,BNAVSTA_6_N002,BNAVSTA_6_N002,RTPD,LMP,LMP_PRC,BNAVSTA_6_N002,ALL,1,79.99017,1,1
2022-09-01T08:00:00-00:00,2022-09-01T08:15:00-00:00,2022-09-01,02,BNAVSTA_6_N002,BNAVSTA_6_N002,BNAVSTA_6_N002,RTPD,LMP,LMP_PRC,BNAVSTA_6_N002,ALL,1,112.00322,1,1
2022-09-01T09:00:00-00:00,2022-09-01T09:15:00-00:00,2022-09-01,03,BNAVSTA_6_N002,BNAVSTA_6_N002,BNAVSTA_6_N002,RTPD,LMP,LMP_PRC,BNAVSTA_6_N002,ALL,1,98.03169,1,1
2022-09-01T10:00:00-00:00,2022-09-01T10:15:00-00:00,2022-09-01,04,BNAVSTA_6_N002,BNAVSTA_6_N002,BNAVSTA_6_N002,RTPD,LMP,LMP_PRC,BNAVSTA_6_N002,ALL,1,98.04444,1,1
2022-09-01T11:00:00-00:00,2022-09-01T11:15:00-00:00,2022-09-01,05,BNAVSTA_6_N002,BNAVSTA_6_N002,BNAVSTA_6_N002,RTPD,LMP,LMP_PRC,BNAVSTA_6_N002,ALL,1,105.35845,1,1
2022-09-01T12:00:00-00:00,2022-09-01T12:15:00-00:00,2022-09-01,06,BNAVSTA_6_N002,BNAVSTA_6_N002,BNAVSTA_6_N002,RTPD,LMP,LMP_PRC,BNAVSTA_6_N002,ALL,1,87.94732,1,1
2022-09-01T13:00:00-00:00,2022-09-01T13:15:00-00:00,2022-09-01,07,BNAVSTA_6_N002,BNAVSTA_6_N002,BNAVSTA_6_N002,RTPD,LMP,LMP_PRC,BNAVSTA_6_N002,ALL,1,87.75637,1,1
2022-09-01T14:00:00-00:00,2022-09-01T14:15:00-00:00,2022-09-01,08,BNAVSTA_6_N002,BNAVSTA_6_N002,BNAVSTA_6_N002,RTPD,LMP,LMP_PRC,BNAVSTA_6_N002,ALL,1,115.46779,1,1
2022-09-01T15:00:00-00:00,2022-09-01T15:15:00-00:00,2022-09-01,09,BNAVSTA_6_N002,BNAVSTA_6_N002,BNAVSTA_6_N002,RTPD,LMP,LMP_PRC,BNAVSTA_6_N002,ALL,1,97.4112,1,1
2022-09-01T16:00:00-00:00,2022-09-01T16:15:00-00:00,2022-09-01,10,BNAVSTA_6_N002,BNAVSTA_6_N002,BNAVSTA_6_N002,RTPD,LMP,LMP_PRC,BNAVSTA_6_N002,ALL,1,83.43525,1,1
2022-09-01T17:00:00-00:00,2022-09-01T17:15:00-00:00,2022-09-01,11,BNAVSTA_6_N002,BNAVSTA_6_N002,BNAVSTA_6_N002,RTPD,LMP,LMP_PRC,BNAVSTA_6_N002,ALL,1,79.30943,1,1
2022-09-01T18:00:00-00:00,2022-09-01T18:15:00-00:00,2022-09-01,12,BNAVSTA_6_N002,BNAVSTA_6_N002,BNAVSTA_6_N002,RTPD,LMP,LMP_PRC,BNAVSTA_6_N002,ALL,1,57.38454,1,1
2022-09-01T19:00:00-00:00,2022-09-01T19:15:00-00:00,2022-09-01,13,BNAVSTA_6_N002,BNAVSTA_6_N002,BNAVSTA_6_N002,RTPD,LMP,LMP_PRC,BNAVSTA_6_N002,ALL,1,71.26604,1,1
2022-09-01T20:00:00-00:00,2022-09-01T20:15:00-00:00,2022-09-01,14,BNAVSTA_6_N002,BNAVSTA_6_N002,BNAVSTA_6_N002,RTPD,LMP,LMP_PRC,BNAVSTA_6_N002,ALL,1,114.21435,1,1
2022-09-01T21:00:00-00:00,2022-09-01T21:15:00-00:00,2022-09-01,15,BNAVSTA_6_N002,BNAVSTA_6_N002,BNAVSTA_6_N002,RTPD,LMP,LMP_PRC,BNAVSTA_6_N002,ALL,1,121.74092,1,1
2022-09-01T22:00:00-00:00,2022-09-01T22:15:00-00:00,2022-09-01,16,BNAVSTA_6_N002,BNAVSTA_6_N002,BNAVSTA_6_N002,RTPD,LMP,LMP_PRC,BNAVSTA_6_N002,ALL,1,115.16543,1,1
2022-09-01T23:00:00-00:00,2022-09-01T23:15:00-00:00,2022-09-01,17,BNAVSTA_6_N002,BNAVSTA_6_N002,BNAVSTA_6_N002,RTPD,LMP,LMP_PRC,BNAVSTA_6_N002,ALL,1,205.36386,1,1
2022-09-02T00:00:00-00:00,2022-09-02T00:15:00-00:00,2022-09-01,18,BNAVSTA_6_N002,BNAVSTA_6_N002,BNAVSTA_6_N002,RTPD,LMP,LMP_PRC,BNAVSTA_6_N002,ALL,1,1133.2488,1,1
2022-09-02T01:00:00-00:00,2022-09-02T01:15:00-00:00,2022-09-01,19,BNAVSTA_6_N002,BNAVSTA_6_N002,BNAVSTA_6_N002,RTPD,LMP,LMP_PRC,BNAVSTA_6_N002,ALL,1,1234.1783,1,1
2022-09-02T02:00:00-00:00,2022-09-02T02:15:00-00:00,2022-09-01,20,BNAVSTA_6_N002,BNAVSTA_6_N002,BNAVSTA_6_N002,RTPD,LMP,LMP_PRC,BNAVSTA_6_N002,ALL,1,1991.6721,1,1
2022-09-02T03:00:00-00:00,2022-09-02T03:15:00-00:00,2022-09-01,21,BNAVSTA_6_N002,BNAVSTA_6_N002,BNAVSTA_6_N002,RTPD,LMP,LMP_PRC,BNAVSTA_6_N002,ALL,1,1364.1313,1,1
2022-09-02T04:00:00-00:00,2022-09-02T04:15:00-00:00,2022-09-01,22,BNAVSTA_6_N002,BNAVSTA_6_N002,BNAVSTA_6_N002,RTPD,LMP,LMP_PRC,BNAVSTA_6_N002,ALL,1,379.7108,1,1
2022-09-02T05:00:00-00:00,2022-09-02T05:15:00-00:00,2022-09-01,23,BNAVSTA_6_N002,BNAVSTA_6_N002,BNAVSTA_6_N002,RTPD,LMP,LMP_PRC,BNAVSTA_6_N002,ALL,1,189.67853,1,1
2022-09-02T06:00:00-00:00,2022-09-02T06:15:00-00:00,2022-09-01,24,BNAVSTA_6_N002,BNAVSTA_6_N002,BNAVSTA_6_N002,RTPD,LMP,LMP_PRC,BNAVSTA_6_N002,ALL,1,179.33253,1,1
2022-09-01T07:15:00-00:00,2022-09-01T07:30:00-00:00,2022-09-01,01,BNAVSTA_6_N002,BNAVSTA_6_N002,BNAVSTA_6_N002,RTPD,LMP,LMP_PRC,BNAVSTA_6_N002,ALL,1,114.92502,2,1
2022-09-01T08:15:00-00:00,2022-09-01T08:30:00-00:00,2022-09-01,02,BNAVSTA_6_N002,BNAVSTA_6_N002,BNAVSTA_6_N002,RTPD,LMP,LMP_PRC,BNAVSTA_6_N002,ALL,1,114.56387,2,1
2022-09-01T09:15:00-00:00,2022-09-01T09:30:00-00:00,2022-09-01,03,BNAVSTA_6_N002,BNAVSTA_6_N002,BNAVSTA_6_N002,RTPD,LMP,LMP_PRC,BNAVSTA_6_N002,ALL,1,95.14289,2,1
2022-09-01T10:15:00-00:00,2022-09-01T10:30:00-00:00,2022-09-01,04,BNAVSTA_6_N002,BNAVSTA_6_N002,BNAVSTA_6_N002,RTPD,LMP,LMP_PRC,BNAVSTA_6_N002,ALL,1,94.73822,2,1
2022-09-01T11:15:00-00:00,2022-09-01T11:30:00-00:00,2022-09-01,05,BNAVSTA_6_N002,BNAVSTA_6_N002,BNAVSTA_6_N002,RTPD,LMP,LMP_PRC,BNAVSTA_6_N002,ALL,1,105.87404,2,1
2022-09-01T12:15:00-00:00,2022-09-01T12:30:00-00:00,2022-09-01,06,BNAVSTA_6_N002,BNAVSTA_6_N002,BNAVSTA_6_N002,RTPD,LMP,LMP_PRC,BNAVSTA_6_N002,ALL,1,104.90405,2,1
2022-09-01T13:15:00-00:00,2022-09-01T13:30:00-00:00,2022-09-01,07,BNAVSTA_6_N002,BNAVSTA_6_N002,BNAVSTA_6_N002,RTPD,LMP,LMP_PRC,BNAVSTA_6_N002,ALL,1,113.29528,2,1
2022-09-01T14:15:00-00:00,2022-09-01T14:30:00-00:00,2022-09-01,08,BNAVSTA_6_N002,BNAVSTA_6_N002,BNAVSTA_6_N002,RTPD,LMP,LMP_PRC,BNAVSTA_6_N002,ALL,1,108.52835,2,1
2022-09-01T15:15:00-00:00,2022-09-01T15:30:00-00:00,2022-09-01,09,BNAVSTA_6_N002,BNAVSTA_6_N002,BNAVSTA_6_N002,RTPD,LMP,LMP_PRC,BNAVSTA_6_N002,ALL,1,86.9388,2,1
2022-09-01T16:15:00-00:00,2022-09-01T16:30:00-00:00,2022-09-01,10,BNAVSTA_6_N002,BNAVSTA_6_N002,BNAVSTA_6_N002,RTPD,LMP,LMP_PRC,BNAVSTA_6_N002,ALL,1,87.70993,2,1
2022-09-01T17:15:00-00:00,2022-09-01T17:30:00-00:00,2022-09-01,11,BNAVSTA_6_N002,BNAVSTA_6_N002,BNAVSTA_6_N002,RTPD,LMP,LMP_PRC,BNAVSTA_6_N002,ALL,1,77.8693,2,1
2022-09-01T18:15:00-00:00,2022-09-01T18:30:00-00:00,2022-09-01,12,BNAVSTA_6_N002,BNAVSTA_6_N002,BNAVSTA_6_N002,RTPD,LMP,LMP_PRC,BNAVSTA_6_N002,ALL,1,73.16232,2,1
2022-09-01T19:15:00-00:00,2022-09-01T19:30:00-00:00,2022-09-01,13,BNAVSTA_6_N002,BNAVSTA_6_N002,BNAVSTA_6_N002,RTPD,LMP,LMP_PRC,BNAVSTA_6_N002,ALL,1,74.07127,2,1
2022-09-01T20:15:00-00:00,2022-09-01T20:30:00-00:00,2022-09-01,14,BNAVSTA_6_N002,BNAVSTA_6_N002,BNAVSTA_6_N002,RTPD,LMP,LMP_PRC,BNAVSTA_6_N002,ALL,1,114.13595,2,1
2022-09-01T21:15:00-00:00,2022-09-01T21:30:00-00:00,2022-09-01,15,BNAVSTA_6_N002,BNAVSTA_6_N002,BNAVSTA_6_N002,RTPD,LMP,LMP_PRC,BNAVSTA_6_N002,ALL,1,118.86903,2,1
2022-09-01T22:15:00-00:00,2022-09-01T22:30:00-00:00,2022-09-01,16,BNAVSTA_6_N002,BNAVSTA_6_N002,BNAVSTA_6_N002,RTPD,LMP,LMP_PRC,BNAVSTA_6_N002,ALL,1,131.97408,2,1
2022-09-01T23:15:00-00:00,2022-09-01T23:30:00-00:00,2022-09-01,17,BNAVSTA_6_N002,BNAVSTA_6_N002,BNAVSTA_6_N002,RTPD,LMP,LMP_PRC,BNAVSTA_6_N002,ALL,1,255.54451,2,1
2022-09-02T00:15:00-00:00,2022-09-02T00:30:00-00:00,2022-09-01,18,BNAVSTA_6_N002,BNAVSTA_6_N002,BNAVSTA_6_N002,RTPD,LMP,LMP_PRC,BNAVSTA_6_N002,ALL,1,1037.6256,2,1
2022-09-02T01:15:00-00:00,2022-09-02T01:30:00-00:00,2022-09-01,19,BNAVSTA_6_N002,BNAVSTA_6_N002,BNAVSTA_6_N002,RTPD,LMP,LMP_PRC,BNAVSTA_6_N002,ALL,1,1999.9933,2,1
2022-09-02T02:15:00-00:00,2022-09-02T02:30:00-00:00,2022-09-01,20,BNAVSTA_6_N002,BNAVSTA_6_N002,BNAVSTA_6_N002,RTPD,LMP,LMP_PRC,BNAVSTA_6_N002,ALL,1,1991.6721,2,1
2022-09-02T03:15:00-00:00,2022-09-02T03:30:00-00:00,2022-09-01,21,BNAVSTA_6_N002,BNAVSTA_6_N002,BNAVSTA_6_N002,RTPD,LMP,LMP_PRC,BNAVSTA_6_N002,ALL,1,560.8753,2,1
2022-09-02T04:15:00-00:00,2022-09-02T04:30:00-00:00,2022-09-01,22,BNAVSTA_6_N002,BNAVSTA_6_N002,BNAVSTA_6_N002,RTPD,LMP,LMP_PRC,BNAVSTA_6_N002,ALL,1,334.69174,2,1
2022-09-02T05:15:00-00:00,2022-09-02T05:30:00-00:00,2022-09-01,23,BNAVSTA_6_N002,BNAVSTA_6_N002,BNAVSTA_6_N002,RTPD,LMP,LMP_PRC,BNAVSTA_6_N002,ALL,1,162.43051,2,1
2022-09-02T06:15:00-00:00,2022-09-02T06:30:00-00:00,2022-09-01,24,BNAVSTA_6_N002,BNAVSTA_6_N002,BNAVSTA_6_N002,RTPD,LMP,LMP_PRC,BNAVSTA_6_N002,ALL,1,145.56183,2,1
2022-09-01T07:30:00-00:00,2022-09-01T07:45:00-00:00,2022-09-01,01,BNAVSTA_6_N002,BNAVSTA_6_N002,BNAVSTA_6_N002,RTPD,LMP,LMP_PRC,BNAVSTA_6_N002,ALL,1,101.8548,3,1
2022-09-01T08:30:00-00:00,2022-09-01T08:45:00-00:00,2022-09-01,02,BNAVSTA_6_N002,BNAVSTA_6_N002,BNAVSTA_6_N002,RTPD,LMP,LMP_PRC,BNAVSTA_6_N002,ALL,1,114.61153,3,1
2022-09-01T09:30:00-00:00,2022-09-01T09:45:00-00:00,2022-09-01,03,BNAVSTA_6_N002,BNAVSTA_6_N002,BNAVSTA_6_N002,RTPD,LMP,LMP_PRC,BNAVSTA_6_N002,ALL,1,94.98269,3,1
2022-09-01T10:30:00-00:00,2022-09-01T10:45:00-00:00,2022-09-01,04,BNAVSTA_6_N002,BNAVSTA_6_N002,BNAVSTA_6_N002,RTPD,LMP,LMP_PRC,BNAVSTA_6_N002,ALL,1,96.62228,3,1
2022-09-01T11:30:00-00:00,2022-09-01T11:45:00-00:00,2022-09-01,05,BNAVSTA_6_N002,BNAVSTA_6_N002,BNAVSTA_6_N002,RTPD,LMP,LMP_PRC,BNAVSTA_6_N002,ALL,1,105.97863,3,1
2022-09-01T12:30:00-00:00,2022-09-01T12:45:00-00:00,2022-09-01,06,BNAVSTA_6_N002,BNAVSTA_6_N002,BNAVSTA_6_N002,RTPD,LMP,LMP_PRC,BNAVSTA_6_N002,ALL,1,104.69411,3,1
2022-09-01T13:30:00-00:00,2022-09-01T13:45:00-00:00,2022-09-01,07,BNAVSTA_6_N002,BNAVSTA_6_N002,BNAVSTA_6_N002,RTPD,LMP,LMP_PRC,BNAVSTA_6_N002,ALL,1,114.66512,3,1
2022-09-01T14:30:00-00:00,2022-09-01T14:45:00-00:00,2022-09-01,08,BNAVSTA_6_N002,BNAVSTA_6_N002,BNAVSTA_6_N002,RTPD,LMP,LMP_PRC,BNAVSTA_6_N002,ALL,1,105.53086,3,1
2022-09-01T15:30:00-00:00,2022-09-01T15:45:00-00:00,2022-09-01,09,BNAVSTA_6_N002,BNAVSTA_6_N002,BNAVSTA_6_N002,RTPD,LMP,LMP_PRC,BNAVSTA_6_N002,ALL,1,86.1388,3,1
2022-09-01T16:30:00-00:00,2022-09-01T16:45:00-00:00,2022-09-01,10,BNAVSTA_6_N002,BNAVSTA_6_N002,BNAVSTA_6_N002,RTPD,LMP,LMP_PRC,BNAVSTA_6_N002,ALL,1,74.2431,3,1
2022-09-01T17:30:00-00:00,2022-09-01T17:45:00-00:00,2022-09-01,11,BNAVSTA_6_N002,BNAVSTA_6_N002,BNAVSTA_6_N002,RTPD,LMP,LMP_PRC,BNAVSTA_6_N002,ALL,1,77.5799,3,1
2022-09-01T18:30:00-00:00,2022-09-01T18:45:00-00:00,2022-09-01,12,BNAVSTA_6_N002,BNAVSTA_6_N002,BNAVSTA_6_N002,RTPD,LMP,LMP_PRC,BNAVSTA_6_N002,ALL,1,77.87033,3,1
2022-09-01T19:30:00-00:00,2022-09-01T19:45:00-00:00,2022-09-01,13,BNAVSTA_6_N002,BNAVSTA_6_N002,BNAVSTA_6_N002,RTPD,LMP,LMP_PRC,BNAVSTA_6_N002,ALL,1,100.63886,3,1
2022-09-01T20:30:00-00:00,2022-09-01T20:45:00-00:00,2022-09-01,14,BNAVSTA_6_N002,BNAVSTA_6_N002,BNAVSTA_6_N002,RTPD,LMP,LMP_PRC,BNAVSTA_6_N002,ALL,1,116.26614,3,1
2022-09-01T21:30:00-00:00,2022-09-01T21:45:00-00:00,2022-09-01,15,BNAVSTA_6_N002,BNAVSTA_6_N002,BNAVSTA_6_N002,RTPD,LMP,LMP_PRC,BNAVSTA_6_N002,ALL,1,126.89352,3,1
2022-09-01T22:30:00-00:00,2022-09-01T22:45:00-00:00,2022-09-01,16,BNAVSTA_6_N002,BNAVSTA_6_N002,BNAVSTA_6_N002,RTPD,LMP,LMP_PRC,BNAVSTA_6_N002,ALL,1,149.1918,3,1
2022-09-01T23:30:00-00:00,2022-09-01T23:45:00-00:00,2022-09-01,17,BNAVSTA_6_N002,BNAVSTA_6_N002,BNAVSTA_6_N002,RTPD,LMP,LMP_PRC,BNAVSTA_6_N002,ALL,1,566.48157,3,1
2022-09-02T00:30:00-00:00,2022-09-02T00:45:00-00:00,2022-09-01,18,BNAVSTA_6_N002,BNAVSTA_6_N002,BNAVSTA_6_N002,RTPD,LMP,LMP_PRC,BNAVSTA_6_N002,ALL,1,1770.7858,3,1
2022-09-02T01:30:00-00:00,2022-09-02T01:45:00-00:00,2022-09-01,19,BNAVSTA_6_N002,BNAVSTA_6_N002,BNAVSTA_6_N002,RTPD,LMP,LMP_PRC,BNAVSTA_6_N002,ALL,1,1999.9956,3,1
2022-09-02T02:30:00-00:00,2022-09-02T02:45:00-00:00,2022-09-01,20,BNAVSTA_6_N002,BNAVSTA_6_N002,BNAVSTA_6_N002,RTPD,LMP,LMP_PRC,BNAVSTA_6_N002,ALL,1,1991.671,3,1
2022-09-02T03:30:00-00:00,2022-09-02T03:45:00-00:00,2022-09-01,21,BNAVSTA_6_N002,BNAVSTA_6_N002,BNAVSTA_6_N002,RTPD,LMP,LMP_PRC,BNAVSTA_6_N002,ALL,1,228.14108,3,1
2022-09-02T04:30:00-00:00,2022-09-02T04:45:00-00:00,2022-09-01,22,BNAVSTA_6_N002,BNAVSTA_6_N002,BNAVSTA_6_N002,RTPD,LMP,LMP_PRC,BNAVSTA_6_N002,ALL,1,239.85754,3,1
2022-09-02T05:30:00-00:00,2022-09-02T05:45:00-00:00,2022-09-01,23,BNAVSTA_6_N002,BNAVSTA_6_N002,BNAVSTA_6_N002,RTPD,LMP,LMP_PRC,BNAVSTA_6_N002,ALL,1,135.9794,3,1
2022-09-02T06:30:00-00:00,2022-09-02T06:45:00-00:00,2022-09-01,24,BNAVSTA_6_N002,BNAVSTA_6_N002,BNAVSTA_6_N002,RTPD,LMP,LMP_PRC,BNAVSTA_6_N002,ALL,1,131.88931,3,1
2022-09-01T07:45:00-00:00,2022-09-01T08:00:00-00:00,2022-09-01,01,BNAVSTA_6_N002,BNAVSTA_6_N002,BNAVSTA_6_N002,RTPD,LMP,LMP_PRC,BNAVSTA_6_N002,ALL,1,89.58344,4,1
2022-09-01T08:45:00-00:00,2022-09-01T09:00:00-00:00,2022-09-01,02,BNAVSTA_6_N002,BNAVSTA_6_N002,BNAVSTA_6_N002,RTPD,LMP,LMP_PRC,BNAVSTA_6_N002,ALL,1,96.87874,4,1
2022-09-01T09:45:00-00:00,2022-09-01T10:00:00-00:00,2022-09-01,03,BNAVSTA_6_N002,BNAVSTA_6_N002,BNAVSTA_6_N002,RTPD,LMP,LMP_PRC,BNAVSTA_6_N002,ALL,1,95.06234,4,1
2022-09-01T10:45:00-00:00,2022-09-01T11:00:00-00:00,2022-09-01,04,BNAVSTA_6_N002,BNAVSTA_6_N002,BNAVSTA_6_N002,RTPD,LMP,LMP_PRC,BNAVSTA_6_N002,ALL,1,96.92637,4,1
2022-09-01T11:45:00-00:00,2022-09-01T12:00:00-00:00,2022-09-01,05,BNAVSTA_6_N002,BNAVSTA_6_N002,BNAVSTA_6_N002,RTPD,LMP,LMP_PRC,BNAVSTA_6_N002,ALL,1,107.01,4,1
2022-09-01T12:45:00-00:00,2022-09-01T13:00:00-00:00,2022-09-01,06,BNAVSTA_6_N002,BNAVSTA_6_N002,BNAVSTA_6_N002,RTPD,LMP,LMP_PRC,BNAVSTA_6_N002,ALL,1,113.98853,4,1
2022-09-01T13:45:00-00:00,2022-09-01T14:00:00-00:00,2022-09-01,07,BNAVSTA_6_N002,BNAVSTA_6_N002,BNAVSTA_6_N002,RTPD,LMP,LMP_PRC,BNAVSTA_6_N002,ALL,1,111.41,4,1
2022-09-01T14:45:00-00:00,2022-09-01T15:00:00-00:00,2022-09-01,08,BNAVSTA_6_N002,BNAVSTA_6_N002,BNAVSTA_6_N002,RTPD,LMP,LMP_PRC,BNAVSTA_6_N002,ALL,1,86.1388,4,1
2022-09-01T15:45:00-00:00,2022-09-01T16:00:00-00:00,2022-09-01,09,BNAVSTA_6_N002,BNAVSTA_6_N002,BNAVSTA_6_N002,RTPD,LMP,LMP_PRC,BNAVSTA_6_N002,ALL,1,78.70076,4,1
2022-09-01T16:45:00-00:00,2022-09-01T17:00:00-00:00,2022-09-01,10,BNAVSTA_6_N002,BNAVSTA_6_N002,BNAVSTA_6_N002,RTPD,LMP,LMP_PRC,BNAVSTA_6_N002,ALL,1,78.14288,4,1
2022-09-01T17:45:00-00:00,2022-09-01T18:00:00-00:00,2022-09-01,11,BNAVSTA_6_N002,BNAVSTA_6_N002,BNAVSTA_6_N002,RTPD,LMP,LMP_PRC,BNAVSTA_6_N002,ALL,1,77.87871,4,1
2022-09-01T18:45:00-00:00,2022-09-01T19:00:00-00:00,2022-09-01,12,BNAVSTA_6_N002,BNAVSTA_6_N002,BNAVSTA_6_N002,RTPD,LMP,LMP_PRC,BNAVSTA_6_N002,ALL,1,79.96551,4,1
2022-09-01T19:45:00-00:00,2022-09-01T20:00:00-00:00,2022-09-01,13,BNAVSTA_6_N002,BNAVSTA_6_N002,BNAVSTA_6_N002,RTPD,LMP,LMP_PRC,BNAVSTA_6_N002,ALL,1,105.73788,4,1
2022-09-01T20:45:00-00:00,2022-09-01T21:00:00-00:00,2022-09-01,14,BNAVSTA_6_N002,BNAVSTA_6_N002,BNAVSTA_6_N002,RTPD,LMP,LMP_PRC,BNAVSTA_6_N002,ALL,1,124.04986,4,1
2022-09-01T21:45:00-00:00,2022-09-01T22:00:00-00:00,2022-09-01,15,BNAVSTA_6_N002,BNAVSTA_6_N002,BNAVSTA_6_N002,RTPD,LMP,LMP_PRC,BNAVSTA_6_N002,ALL,1,205.69962,4,1
2022-09-01T22:45:00-00:00,2022-09-01T23:00:00-00:00,2022-09-01,16,BNAVSTA_6_N002,BNAVSTA_6_N002,BNAVSTA_6_N002,RTPD,LMP,LMP_PRC,BNAVSTA_6_N002,ALL,1,157.77013,4,1
2022-09-01T23:45:00-00:00,2022-09-02T00:00:00-00:00,2022-09-01,17,BNAVSTA_6_N002,BNAVSTA_6_N002,BNAVSTA_6_N002,RTPD,LMP,LMP_PRC,BNAVSTA_6_N002,ALL,1,1645.9325,4,1
2022-09-02T00:45:00-00:00,2022-09-02T01:00:00-00:00,2022-09-01,18,BNAVSTA_6_N002,BNAVSTA_6_N002,BNAVSTA_6_N002,RTPD,LMP,LMP_PRC,BNAVSTA_6_N002,ALL,1,1797.2312,4,1
2022-09-02T01:45:00-00:00,2022-09-02T02:00:00-00:00,2022-09-01,19,BNAVSTA_6_N002,BNAVSTA_6_N002,BNAVSTA_6_N002,RTPD,LMP,LMP_PRC,BNAVSTA_6_N002,ALL,1,1991.9337,4,1
2022-09-02T02:45:00-00:00,2022-09-02T03:00:00-00:00,2022-09-01,20,BNAVSTA_6_N002,BNAVSTA_6_N002,BNAVSTA_6_N002,RTPD,LMP,LMP_PRC,BNAVSTA_6_N002,ALL,1,1865.6807,4,1
2022-09-02T03:45:00-00:00,2022-09-02T04:00:00-00:00,2022-09-01,21,BNAVSTA_6_N002,BNAVSTA_6_N002,BNAVSTA_6_N002,RTPD,LMP,LMP_PRC,BNAVSTA_6_N002,ALL,1,165.90936,4,1
2022-09-02T04:45:00-00:00,2022-09-02T05:00:00-00:00,2022-09-01,22,BNAVSTA_6_N002,BNAVSTA_6_N002,BNAVSTA_6_N002,RTPD,LMP,LMP_PRC,BNAVSTA_6_N002,ALL,1,130.22308,4,1
2022-09-02T05:45:00-00:00,2022-09-02T06:00:00-00:00,2022-09-01,23,BNAVSTA_6_N002,BNAVSTA_6_N002,BNAVSTA_6_N002,RTPD,LMP,LMP_PRC,BNAVSTA_6_N002,ALL,1,137.24117,4,1
2022-09-02T06:45:00-00:00,2022-09-02T07:00:00-00:00,2022-09-01,24,BNAVSTA_6_N002,BNAVSTA_6_N002,BNAVSTA_6_N002,RTPD,LMP,LMP_PRC,BNAVSTA_6_N002,ALL,1,112.40289,4,1
2022-09-01T07:00:00-00:00,2022-09-01T07:15:00-00:00,2022-09-01,01,BNAVSTA_6_N002,BNAVSTA_6_N002,BNAVSTA_6_N002,RTPD,MCC,LMP_CONG_PRC,BNAVSTA_6_N002,ALL,1,-19.57482,1,2
2022-09-01T08:00:00-00:00,2022-09-01T08:15:00-00:00,2022-09-01,02,BNAVSTA_6_N002,BNAVSTA_6_N002,BNAVSTA_6_N002,RTPD,MCC,LMP_CONG_PRC,BNAVSTA_6_N002,ALL,1,-3.54558,1,2
2022-09-01T09:00:00-00:00,2022-09-01T09:15:00-00:00,2022-09-01,03,BNAVSTA_6_N002,BNAVSTA_6_N002,BNAVSTA_6_N002,RTPD,MCC,LMP_CONG_PRC,BNAVSTA_6_N002,ALL,1,-4.75068,1,2
2022-09-01T10:00:00-00:00,2022-09-01T10:15:00-00:00,2022-09-01,04,BNAVSTA_6_N002,BNAVSTA_6_N002,BNAVSTA_6_N002,RTPD,MCC,LMP_CONG_PRC,BNAVSTA_6_N002,ALL,1,-4.11931,1,2
2022-09-01T11:00:00-00:00,2022-09-01T11:15:00-00:00,2022-09-01,05,BNAVSTA_6_N002,BNAVSTA_6_N002,BNAVSTA_6_N002,RTPD,MCC,LMP_CONG_PRC,BNAVSTA_6_N002,ALL,1,0,1,2
2022-09-01T12:00:00-00:00,2022-09-01T12:15:00-00:00,2022-09-01,06,BNAVSTA_6_N002,BNAVSTA_6_N002,BNAVSTA_6_N002,RTPD,MCC,LMP_CONG_PRC,BNAVSTA_6_N002,ALL,1,-10.58919,1,2
2022-09-01T13:00:00-00:00,2022-09-01T13:15:00-00:00,2022-09-01,07,BNAVSTA_6_N002,BNAVSTA_6_N002,BNAVSTA_6_N002,RTPD,MCC,LMP_CONG_PRC,BNAVSTA_6_N002,ALL,1,-14.05241,1,2
2022-09-01T14:00:00-00:00,2022-09-01T14:15:00-00:00,2022-09-01,08,BNAVSTA_6_N002,BNAVSTA_6_N002,BNAVSTA_6_N002,RTPD,MCC,LMP_CONG_PRC,BNAVSTA_6_N002,ALL,1,0,1,2
2022-09-01T15:00:00-00:00,2022-09-01T15:15:00-00:00,2022-09-01,09,BNAVSTA_6_N002,BNAVSTA_6_N002,BNAVSTA_6_N002,RTPD,MCC,LMP_CONG_PRC,BNAVSTA_6_N002,ALL,1,0,1,2
2022-09-01T16:00:00-00:00,2022-09-01T16:15:00-00:00,2022-09-01,10,BNAVSTA_6_N002,BNAVSTA_6_N002,BNAVSTA_6_N002,RTPD,MCC,LMP_CONG_PRC,BNAVSTA_6_N002,ALL,1,0,1,2
2022-09-01T17:00:00-00:00,2022-09-01T17:15:00-00:00,2022-09-01,11,BNAVSTA_6_N002,BNAVSTA_6_N002,BNAVSTA_6_N002,RTPD,MCC,LMP_CONG_PRC,BNAVSTA_6_N002,ALL,1,-17.63954,1,2
2022-09-01T18:00:00-00:00,2022-09-01T18:15:00-00:00,2022-09-01,12,BNAVSTA_6_N002,BNAVSTA_6_N002,BNAVSTA_6_N002,RTPD,MCC,LMP_CONG_PRC,BNAVSTA_6_N002,ALL,1,-34.20837,1,2
2022-09-01T19:00:00-00:00,2022-09-01T19:15:00-00:00,2022-09-01,13,BNAVSTA_6_N002,BNAVSTA_6_N002,BNAVSTA_6_N002,RTPD,MCC,LMP_CONG_PRC,BNAVSTA_6_N002,ALL,1,-37.93033,1,2
2022-09-01T20:00:00-00:00,2022-09-01T20:15:00-00:00,2022-09-01,14,BNAVSTA_6_N002,BNAVSTA_6_N002,BNAVSTA_6_N002,RTPD,MCC,LMP_CONG_PRC,BNAVSTA_6_N002,ALL,1,-3.72924,1,2
2022-09-01T21:00:00-00:00,2022-09-01T21:15:00-00:00,2022-09-01,15,BNAVSTA_6_N002,BNAVSTA_6_N002,BNAVSTA_6_N002,RTPD,MCC,LMP_CONG_PRC,BNAVSTA_6_N002,ALL,1,-104.87407,1,2
2022-09-01T22:00:00-00:00,2022-09-01T22:15:00-00:00,2022-09-01,16,BNAVSTA_6_N002,BNAVSTA_6_N002,BNAVSTA_6_N002,RTPD,MCC,LMP_CONG_PRC,BNAVSTA_6_N002,ALL,1,-114.02008,1,2
2022-09-01T23:00:00-00:00,2022-09-01T23:15:00-00:00,2022-09-01,17,BNAVSTA_6_N002,BNAVSTA_6_N002,BNAVSTA_6_N002,RTPD,MCC,LMP_CONG_PRC,BNAVSTA_6_N002,ALL,1,-181.38985,1,2
2022-09-02T00:00:00-00:00,2022-09-02T00:15:00-00:00,2022-09-01,18,BNAVSTA_6_N002,BNAVSTA_6_N002,BNAVSTA_6_N002,RTPD,MCC,LMP_CONG_PRC,BNAVSTA_6_N002,ALL,1,321.74945,1,2
2022-09-02T01:00:00-00:00,2022-09-02T01:15:00-00:00,2022-09-01,19,BNAVSTA_6_N002,BNAVSTA_6_N002,BNAVSTA_6_N002,RTPD,MCC,LMP_CONG_PRC,BNAVSTA_6_N002,ALL,1,317.90707,1,2
2022-09-02T02:00:00-00:00,2022-09-02T02:15:00-00:00,2022-09-01,20,BNAVSTA_6_N002,BNAVSTA_6_N002,BNAVSTA_6_N002,RTPD,MCC,LMP_CONG_PRC,BNAVSTA_6_N002,ALL,1,0,1,2
2022-09-02T03:00:00-00:00,2022-09-02T03:15:00-00:00,2022-09-01,21,BNAVSTA_6_N002,BNAVSTA_6_N002,BNAVSTA_6_N002,RTPD,MCC,LMP_CONG_PRC,BNAVSTA_6_N002,ALL,1,395.65646,1,2
2022-09-02T04:00:00-00:00,2022-09-02T04:15:00-00:00,2022-09-01,22,BNAVSTA_6_N002,BNAVSTA_6_N002,BNAVSTA_6_N002,RTPD,MCC,LMP_CONG_PRC,BNAVSTA_6_N002,ALL,1,114.48101,1,2
2022-09-02T05:00:00-00:00,2022-09-02T05:15:00-00:00,2022-09-01,23,BNAVSTA_6_N002,BNAVSTA_6_N002,BNAVSTA_6_N002,RTPD,MCC,LMP_CONG_PRC,BNAVSTA_6_N002,ALL,1,0,1,2
2022-09-02T06:00:00-00:00,2022-09-02T06:15:00-00:00,2022-09-01,24,BNAVSTA_6_N002,BNAVSTA_6_N002,BNAVSTA_6_N002,RTPD,MCC,LMP_CONG_PRC,BNAVSTA_6_N002,ALL,1,16.79571,1,2
2022-09-01T07:15:00-00:00,2022-09-01T07:30:00-00:00,2022-09-01,01,BNAVSTA_6_N002,BNAVSTA_6_N002,BNAVSTA_6_N002,RTPD,MCC,LMP_CONG_PRC,BNAVSTA_6_N002,ALL,1,-10.62642,2,2
2022-09-01T08:15:00-00:00,2022-09-01T08:30:00-00:00,2022-09-01,02,BNAVSTA_6_N002,BNAVSTA_6_N002,BNAVSTA_6_N002,RTPD,MCC,LMP_CONG_PRC,BNAVSTA_6_N002,ALL,1,-0.96778,2,2
2022-09-01T09:15:00-00:00,2022-09-01T09:30:00-00:00,2022-09-01,03,BNAVSTA_6_N002,BNAVSTA_6_N002,BNAVSTA_6_N002,RTPD,MCC,LMP_CONG_PRC,BNAVSTA_6_N002,ALL,1,-6.25916,2,2
2022-09-01T10:15:00-00:00,2022-09-01T10:30:00-00:00,2022-09-01,04,BNAVSTA_6_N002,BNAVSTA_6_N002,BNAVSTA_6_N002,RTPD,MCC,LMP_CONG_PRC,BNAVSTA_6_N002,ALL,1,-5.82877,2,2
2022-09-01T11:15:00-00:00,2022-09-01T11:30:00-00:00,2022-09-01,05,BNAVSTA_6_N002,BNAVSTA_6_N002,BNAVSTA_6_N002,RTPD,MCC,LMP_CONG_PRC,BNAVSTA_6_N002,ALL,1,0,2,2
2022-09-01T12:15:00-00:00,2022-09-01T12:30:00-00:00,2022-09-01,06,BNAVSTA_6_N002,BNAVSTA_6_N002,BNAVSTA_6_N002,RTPD,MCC,LMP_CONG_PRC,BNAVSTA_6_N002,ALL,1,-6.47323,2,2
2022-09-01T13:15:00-00:00,2022-09-01T13:30:00-00:00,2022-09-01,07,BNAVSTA_6_N002,BNAVSTA_6_N002,BNAVSTA_6_N002,RTPD,MCC,LMP_CONG_PRC,BNAVSTA_6_N002,ALL,1,-0.60171,2,2
2022-09-01T14:15:00-00:00,2022-09-01T14:30:00-00:00,2022-09-01,08,BNAVSTA_6_N002,BNAVSTA_6_N002,BNAVSTA_6_N002,RTPD,MCC,LMP_CONG_PRC,BNAVSTA_6_N002,ALL,1,0,2,2
2022-09-01T15:15:00-00:00,2022-09-01T15:30:00-00:00,2022-09-01,09,BNAVSTA_6_N002,BNAVSTA_6_N002,BNAVSTA_6_N002,RTPD,MCC,LMP_CONG_PRC,BNAVSTA_6_N002,ALL,1,0,2,2
2022-09-01T16:15:00-00:00,2022-09-01T16:30:00-00:00,2022-09-01,10,BNAVSTA_6_N002,BNAVSTA_6_N002,BNAVSTA_6_N002,RTPD,MCC,LMP_CONG_PRC,BNAVSTA_6_N002,ALL,1,-1.73865,2,2
2022-09-01T17:15:00-00:00,2022-09-01T17:30:00-00:00,2022-09-01,11,BNAVSTA_6_N002,BNAVSTA_6_N002,BNAVSTA_6_N002,RTPD,MCC,LMP_CONG_PRC,BNAVSTA_6_N002,ALL,1,-21.47743,2,2
2022-09-01T18:15:00-00:00,2022-09-01T18:30:00-00:00,2022-09-01,12,BNAVSTA_6_N002,BNAVSTA_6_N002,BNAVSTA_6_N002,RTPD,MCC,LMP_CONG_PRC,BNAVSTA_6_N002,ALL,1,-27.99669,2,2
2022-09-01T19:15:00-00:00,2022-09-01T19:30:00-00:00,2022-09-01,13,BNAVSTA_6_N002,BNAVSTA_6_N002,BNAVSTA_6_N002,RTPD,MCC,LMP_CONG_PRC,BNAVSTA_6_N002,ALL,1,-31.2346,2,2
2022-09-01T20:15:00-00:00,2022-09-01T20:30:00-00:00,2022-09-01,14,BNAVSTA_6_N002,BNAVSTA_6_N002,BNAVSTA_6_N002,RTPD,MCC,LMP_CONG_PRC,BNAVSTA_6_N002,ALL,1,-3.35826,2,2
2022-09-01T21:15:00-00:00,2022-09-01T21:30:00-00:00,2022-09-01,15,BNAVSTA_6_N002,BNAVSTA_6_N002,BNAVSTA_6_N002,RTPD,MCC,LMP_CONG_PRC,BNAVSTA_6_N002,ALL,1,-28.34281,2,2
2022-09-01T22:15:00-00:00,2022-09-01T22:30:00-00:00,2022-09-01,16,BNAVSTA_6_N002,BNAVSTA_6_N002,BNAVSTA_6_N002,RTPD,MCC,LMP_CONG_PRC,BNAVSTA_6_N002,ALL,1,-124.61326,2,2
2022-09-01T23:15:00-00:00,2022-09-01T23:30:00-00:00,2022-09-01,17,BNAVSTA_6_N002,BNAVSTA_6_N002,BNAVSTA_6_N002,RTPD,MCC,LMP_CONG_PRC,BNAVSTA_6_N002,ALL,1,-106.57957,2,2
2022-09-02T00:15:00-00:00,2022-09-02T00:30:00-00:00,2022-09-01,18,BNAVSTA_6_N002,BNAVSTA_6_N002,BNAVSTA_6_N002,RTPD,MCC,LMP_CONG_PRC,BNAVSTA_6_N002,ALL,1,313.15973,2,2
2022-09-02T01:15:00-00:00,2022-09-02T01:30:00-00:00,2022-09-01,19,BNAVSTA_6_N002,BNAVSTA_6_N002,BNAVSTA_6_N002,RTPD,MCC,LMP_CONG_PRC,BNAVSTA_6_N002,ALL,1,0,2,2
2022-09-02T02:15:00-00:00,2022-09-02T02:30:00-00:00,2022-09-01,20,BNAVSTA_6_N002,BNAVSTA_6_N002,BNAVSTA_6_N002,RTPD,MCC,LMP_CONG_PRC,BNAVSTA_6_N002,ALL,1,0,2,2
2022-09-02T03:15:00-00:00,2022-09-02T03:30:00-00:00,2022-09-01,21,BNAVSTA_6_N002,BNAVSTA_6_N002,BNAVSTA_6_N002,RTPD,MCC,LMP_CONG_PRC,BNAVSTA_6_N002,ALL,1,138.71788,2,2
2022-09-02T04:15:00-00:00,2022-09-02T04:30:00-00:00,2022-09-01,22,BNAVSTA_6_N002,BNAVSTA_6_N002,BNAVSTA_6_N002,RTPD,MCC,LMP_CONG_PRC,BNAVSTA_6_N002,ALL,1,104.00792,2,2
2022-09-02T05:15:00-00:00,2022-09-02T05:30:00-00:00,2022-09-01,23,BNAVSTA_6_N002,BNAVSTA_6_N002,BNAVSTA_6_N002,RTPD,MCC,LMP_CONG_PRC,BNAVSTA_6_N002,ALL,1,0,2,2
2022-09-02T06:15:00-00:00,2022-09-02T06:30:00-00:00,2022-09-01,24,BNAVSTA_6_N002,BNAVSTA_6_N002,BNAVSTA_6_N002,RTPD,MCC,LMP_CONG_PRC,BNAVSTA_6_N002,ALL,1,0,2,2
2022-09-01T07:30:00-00:00,2022-09-01T07:45:00-00:00,2022-09-01,01,BNAVSTA_6_N002,BNAVSTA_6_N002,BNAVSTA_6_N002,RTPD,MCC,LMP_CONG_PRC,BNAVSTA_6_N002,ALL,1,-17.17716,3,2
2022-09-01T08:30:00-00:00,2022-09-01T08:45:00-00:00,2022-09-01,02,BNAVSTA_6_N002,BNAVSTA_6_N002,BNAVSTA_6_N002,RTPD,MCC,LMP_CONG_PRC,BNAVSTA_6_N002,ALL,1,-0.00092,3,2
2022-09-01T09:30:00-00:00,2022-09-01T09:45:00-00:00,2022-09-01,03,BNAVSTA_6_N002,BNAVSTA_6_N002,BNAVSTA_6_N002,RTPD,MCC,LMP_CONG_PRC,BNAVSTA_6_N002,ALL,1,-6.20298,3,2
2022-09-01T10:30:00-00:00,2022-09-01T10:45:00-00:00,2022-09-01,04,BNAVSTA_6_N002,BNAVSTA_6_N002,BNAVSTA_6_N002,RTPD,MCC,LMP_CONG_PRC,BNAVSTA_6_N002,ALL,1,-3.29574,3,2
2022-09-01T11:30:00-00:00,2022-09-01T11:45:00-00:00,2022-09-01,05,BNAVSTA_6_N002,BNAVSTA_6_N002,BNAVSTA_6_N002,RTPD,MCC,LMP_CONG_PRC,BNAVSTA_6_N002,ALL,1,0,3,2
2022-09-01T12:30:00-00:00,2022-09-01T12:45:00-00:00,2022-09-01,06,BNAVSTA_6_N002,BNAVSTA_6_N002,BNAVSTA_6_N002,RTPD,MCC,LMP_CONG_PRC,BNAVSTA_6_N002,ALL,1,-11.20819,3,2
2022-09-01T13:30:00-00:00,2022-09-01T13:45:00-00:00,2022-09-01,07,BNAVSTA_6_N002,BNAVSTA_6_N002,BNAVSTA_6_N002,RTPD,MCC,LMP_CONG_PRC,BNAVSTA_6_N002,ALL,1,0,3,2
2022-09-01T14:30:00-00:00,2022-09-01T14:45:00-00:00,2022-09-01,08,BNAVSTA_6_N002,BNAVSTA_6_N002,BNAVSTA_6_N002,RTPD,MCC,LMP_CONG_PRC,BNAVSTA_6_N002,ALL,1,0,3,2
2022-09-01T15:30:00-00:00,2022-09-01T15:45:00-00:00,2022-09-01,09,BNAVSTA_6_N002,BNAVSTA_6_N002,BNAVSTA_6_N002,RTPD,MCC,LMP_CONG_PRC,BNAVSTA_6_N002,ALL,1,0,3,2
2022-09-01T16:30:00-00:00,2022-09-01T16:45:00-00:00,2022-09-01,10,BNAVSTA_6_N002,BNAVSTA_6_N002,BNAVSTA_6_N002,RTPD,MCC,LMP_CONG_PRC,BNAVSTA_6_N002,ALL,1,-14.55334,3,2
2022-09-01T17:30:00-00:00,2022-09-01T17:45:00-00:00,2022-09-01,11,BNAVSTA_6_N002,BNAVSTA_6_N002,BNAVSTA_6_N002,RTPD,MCC,LMP_CONG_PRC,BNAVSTA_6_N002,ALL,1,-21.55024,3,2
2022-09-01T18:30:00-00:00,2022-09-01T18:45:00-00:00,2022-09-01,12,BNAVSTA_6_N002,BNAVSTA_6_N002,BNAVSTA_6_N002,RTPD,MCC,LMP_CONG_PRC,BNAVSTA_6_N002,ALL,1,-29.18685,3,2
2022-09-01T19:30:00-00:00,2022-09-01T19:45:00-00:00,2022-09-01,13,BNAVSTA_6_N002,BNAVSTA_6_N002,BNAVSTA_6_N002,RTPD,MCC,LMP_CONG_PRC,BNAVSTA_6_N002,ALL,1,-13.42019,3,2
2022-09-01T20:30:00-00:00,2022-09-01T20:45:00-00:00,2022-09-01,14,BNAVSTA_6_N002,BNAVSTA_6_N002,BNAVSTA_6_N002,RTPD,MCC,LMP_CONG_PRC,BNAVSTA_6_N002,ALL,1,-13.54991,3,2
2022-09-01T21:30:00-00:00,2022-09-01T21:45:00-00:00,2022-09-01,15,BNAVSTA_6_N002,BNAVSTA_6_N002,BNAVSTA_6_N002,RTPD,MCC,LMP_CONG_PRC,BNAVSTA_6_N002,ALL,1,-26.03706,3,2
2022-09-01T22:30:00-00:00,2022-09-01T22:45:00-00:00,2022-09-01,16,BNAVSTA_6_N002,BNAVSTA_6_N002,BNAVSTA_6_N002,RTPD,MCC,LMP_CONG_PRC,BNAVSTA_6_N002,ALL,1,-133.99,3,2
2022-09-01T23:30:00-00:00,2022-09-01T23:45:00-00:00,2022-09-01,17,BNAVSTA_6_N002,BNAVSTA_6_N002,BNAVSTA_6_N002,RTPD,MCC,LMP_CONG_PRC,BNAVSTA_6_N002,ALL,1,0,3,2
2022-09-02T00:30:00-00:00,2022-09-02T00:45:00-00:00,2022-09-01,18,BNAVSTA_6_N002,BNAVSTA_6_N002,BNAVSTA_6_N002,RTPD,MCC,LMP_CONG_PRC,BNAVSTA_6_N002,ALL,1,441.67313,3,2
2022-09-02T01:30:00-00:00,2022-09-02T01:45:00-00:00,2022-09-01,19,BNAVSTA_6_N002,BNAVSTA_6_N002,BNAVSTA_6_N002,RTPD,MCC,LMP_CONG_PRC,BNAVSTA_6_N002,ALL,1,0,3,2
2022-09-02T02:30:00-00:00,2022-09-02T02:45:00-00:00,2022-09-01,20,BNAVSTA_6_N002,BNAVSTA_6_N002,BNAVSTA_6_N002,RTPD,MCC,LMP_CONG_PRC,BNAVSTA_6_N002,ALL,1,0,3,2
2022-09-02T03:30:00-00:00,2022-09-02T03:45:00-00:00,2022-09-01,21,BNAVSTA_6_N002,BNAVSTA_6_N002,BNAVSTA_6_N002,RTPD,MCC,LMP_CONG_PRC,BNAVSTA_6_N002,ALL,1,31.07224,3,2
2022-09-02T04:30:00-00:00,2022-09-02T04:45:00-00:00,2022-09-01,22,BNAVSTA_6_N002,BNAVSTA_6_N002,BNAVSTA_6_N002,RTPD,MCC,LMP_CONG_PRC,BNAVSTA_6_N002,ALL,1,55.72834,3,2
2022-09-02T05:30:00-00:00,2022-09-02T05:45:00-00:00,2022-09-01,23,BNAVSTA_6_N002,BNAVSTA_6_N002,BNAVSTA_6_N002,RTPD,MCC,LMP_CONG_PRC,BNAVSTA_6_N002,ALL,1,0,3,2
2022-09-02T06:30:00-00:00,2022-09-02T06:45:00-00:00,2022-09-01,24,BNAVSTA_6_N002,BNAVSTA_6_N002,BNAVSTA_6_N002,RTPD,MCC,LMP_CONG_PRC,BNAVSTA_6_N002,ALL,1,0,3,2
2022-09-01T07:45:00-00:00,2022-09-01T08:00:00-00:00,2022-09-01,01,BNAVSTA_6_N002,BNAVSTA_6_N002,BNAVSTA_6_N002,RTPD,MCC,LMP_CONG_PRC,BNAVSTA_6_N002,ALL,1,-19.53754,4,2
2022-09-01T08:45:00-00:00,2022-09-01T09:00:00-00:00,2022-09-01,02,BNAVSTA_6_N002,BNAVSTA_6_N002,BNAVSTA_6_N002,RTPD,MCC,LMP_CONG_PRC,BNAVSTA_6_N002,ALL,1,-4.77953,4,2
2022-09-01T09:45:00-00:00,2022-09-01T10:00:00-00:00,2022-09-01,03,BNAVSTA_6_N002,BNAVSTA_6_N002,BNAVSTA_6_N002,RTPD,MCC,LMP_CONG_PRC,BNAVSTA_6_N002,ALL,1,-5.52356,4,2
2022-09-01T10:45:00-00:00,2022-09-01T11:00:00-00:00,2022-09-01,04,BNAVSTA_6_N002,BNAVSTA_6_N002,BNAVSTA_6_N002,RTPD,MCC,LMP_CONG_PRC,BNAVSTA_6_N002,ALL,1,-1.29792,4,2
2022-09-01T11:45:00-00:00,2022-09-01T12:00:00-00:00,2022-09-01,05,BNAVSTA_6_N002,BNAVSTA_6_N002,BNAVSTA_6_N002,RTPD,MCC,LMP_CONG_PRC,BNAVSTA_6_N002,ALL,1,0,4,2
2022-09-01T12:45:00-00:00,2022-09-01T13:00:00-00:00,2022-09-01,06,BNAVSTA_6_N002,BNAVSTA_6_N002,BNAVSTA_6_N002,RTPD,MCC,LMP_CONG_PRC,BNAVSTA_6_N002,ALL,1,-2.49628,4,2
2022-09-01T13:45:00-00:00,2022-09-01T14:00:00-00:00,2022-09-01,07,BNAVSTA_6_N002,BNAVSTA_6_N002,BNAVSTA_6_N002,RTPD,MCC,LMP_CONG_PRC,BNAVSTA_6_N002,ALL,1,0,4,2
2022-09-01T14:45:00-00:00,2022-09-01T15:00:00-00:00,2022-09-01,08,BNAVSTA_6_N002,BNAVSTA_6_N002,BNAVSTA_6_N002,RTPD,MCC,LMP_CONG_PRC,BNAVSTA_6_N002,ALL,1,0,4,2
2022-09-01T15:45:00-00:00,2022-09-01T16:00:00-00:00,2022-09-01,09,BNAVSTA_6_N002,BNAVSTA_6_N002,BNAVSTA_6_N002,RTPD,MCC,LMP_CONG_PRC,BNAVSTA_6_N002,ALL,1,0,4,2
2022-09-01T16:45:00-00:00,2022-09-01T17:00:00-00:00,2022-09-01,10,BNAVSTA_6_N002,BNAVSTA_6_N002,BNAVSTA_6_N002,RTPD,MCC,LMP_CONG_PRC,BNAVSTA_6_N002,ALL,1,-13.10646,4,2
2022-09-01T17:45:00-00:00,2022-09-01T18:00:00-00:00,2022-09-01,11,BNAVSTA_6_N002,BNAVSTA_6_N002,BNAVSTA_6_N002,RTPD,MCC,LMP_CONG_PRC,BNAVSTA_6_N002,ALL,1,-21.32673,4,2
2022-09-01T18:45:00-00:00,2022-09-01T19:00:00-00:00,2022-09-01,12,BNAVSTA_6_N002,BNAVSTA_6_N002,BNAVSTA_6_N002,RTPD,MCC,LMP_CONG_PRC,BNAVSTA_6_N002,ALL,1,-29.07513,4,2
2022-09-01T19:45:00-00:00,2022-09-01T20:00:00-00:00,2022-09-01,13,BNAVSTA_6_N002,BNAVSTA_6_N002,BNAVSTA_6_N002,RTPD,MCC,LMP_CONG_PRC,BNAVSTA_6_N002,ALL,1,-14.48703,4,2
2022-09-01T20:45:00-00:00,2022-09-01T21:00:00-00:00,2022-09-01,14,BNAVSTA_6_N002,BNAVSTA_6_N002,BNAVSTA_6_N002,RTPD,MCC,LMP_CONG_PRC,BNAVSTA_6_N002,ALL,1,-29.97523,4,2
2022-09-01T21:45:00-00:00,2022-09-01T22:00:00-00:00,2022-09-01,15,BNAVSTA_6_N002,BNAVSTA_6_N002,BNAVSTA_6_N002,RTPD,MCC,LMP_CONG_PRC,BNAVSTA_6_N002,ALL,1,-94.59415,4,2
2022-09-01T22:45:00-00:00,2022-09-01T23:00:00-00:00,2022-09-01,16,BNAVSTA_6_N002,BNAVSTA_6_N002,BNAVSTA_6_N002,RTPD,MCC,LMP_CONG_PRC,BNAVSTA_6_N002,ALL,1,-272.1436,4,2
2022-09-01T23:45:00-00:00,2022-09-02T00:00:00-00:00,2022-09-01,17,BNAVSTA_6_N002,BNAVSTA_6_N002,BNAVSTA_6_N002,RTPD,MCC,LMP_CONG_PRC,BNAVSTA_6_N002,ALL,1,384.72006,4,2
2022-09-02T00:45:00-00:00,2022-09-02T01:00:00-00:00,2022-09-01,18,BNAVSTA_6_N002,BNAVSTA_6_N002,BNAVSTA_6_N002,RTPD,MCC,LMP_CONG_PRC,BNAVSTA_6_N002,ALL,1,278.08215,4,2
2022-09-02T01:45:00-00:00,2022-09-02T02:00:00-00:00,2022-09-01,19,BNAVSTA_6_N002,BNAVSTA_6_N002,BNAVSTA_6_N002,RTPD,MCC,LMP_CONG_PRC,BNAVSTA_6_N002,ALL,1,0,4,2
2022-09-02T02:45:00-00:00,2022-09-02T03:00:00-00:00,2022-09-01,20,BNAVSTA_6_N002,BNAVSTA_6_N002,BNAVSTA_6_N002,RTPD,MCC,LMP_CONG_PRC,BNAVSTA_6_N002,ALL,1,126.05984,4,2
2022-09-02T03:45:00-00:00,2022-09-02T04:00:00-00:00,2022-09-01,21,BNAVSTA_6_N002,BNAVSTA_6_N002,BNAVSTA_6_N002,RTPD,MCC,LMP_CONG_PRC,BNAVSTA_6_N002,ALL,1,18.09657,4,2
2022-09-02T04:45:00-00:00,2022-09-02T05:00:00-00:00,2022-09-01,22,BNAVSTA_6_N002,BNAVSTA_6_N002,BNAVSTA_6_N002,RTPD,MCC,LMP_CONG_PRC,BNAVSTA_6_N002,ALL,1,0.72127,4,2
2022-09-02T05:45:00-00:00,2022-09-02T06:00:00-00:00,2022-09-01,23,BNAVSTA_6_N002,BNAVSTA_6_N002,BNAVSTA_6_N002,RTPD,MCC,LMP_CONG_PRC,BNAVSTA_6_N002,ALL,1,14.31617,4,2
2022-09-02T06:45:00-00:00,2022-09-02T07:00:00-00:00,2022-09-01,24,BNAVSTA_6_N002,BNAVSTA_6_N002,BNAVSTA_6_N002,RTPD,MCC,LMP_CONG_PRC,BNAVSTA_6_N002,ALL,1,0,4,2
2022-09-01T07:00:00-00:00,2022-09-01T07:15:00-00:00,2022-09-01,01,BNAVSTA_6_N002,BNAVSTA_6_N002,BNAVSTA_6_N002,RTPD,MCE,LMP_ENE_PRC,BNAVSTA_6_N002,ALL,1,104.23471,1,3
2022-09-01T08:00:00-00:00,2022-09-01T08:15:00-00:00,2022-09-01,02,BNAVSTA_6_N002,BNAVSTA_6_N002,BNAVSTA_6_N002,RTPD,MCE,LMP_ENE_PRC,BNAVSTA_6_N002,ALL,1,115.5488,1,3
2022-09-01T09:00:00-00:00,2022-09-01T09:15:00-00:00,2022-09-01,03,BNAVSTA_6_N002,BNAVSTA_6_N002,BNAVSTA_6_N002,RTPD,MCE,LMP_ENE_PRC,BNAVSTA_6_N002,ALL,1,99.73061,1,3
2022-09-01T10:00:00-00:00,2022-09-01T10:15:00-00:00,2022-09-01,04,BNAVSTA_6_N002,BNAVSTA_6_N002,BNAVSTA_6_N002,RTPD,MCE,LMP_ENE_PRC,BNAVSTA_6_N002,ALL,1,98.64222,1,3
2022-09-01T11:00:00-00:00,2022-09-01T11:15:00-00:00,2022-09-01,05,BNAVSTA_6_N002,BNAVSTA_6_N002,BNAVSTA_6_N002,RTPD,MCE,LMP_ENE_PRC,BNAVSTA_6_N002,ALL,1,102.56859,1,3
2022-09-01T12:00:00-00:00,2022-09-01T12:15:00-00:00,2022-09-01,06,BNAVSTA_6_N002,BNAVSTA_6_N002,BNAVSTA_6_N002,RTPD,MCE,LMP_ENE_PRC,BNAVSTA_6_N002,ALL,1,96.90845,1,3
2022-09-01T13:00:00-00:00,2022-09-01T13:15:00-00:00,2022-09-01,07,BNAVSTA_6_N002,BNAVSTA_6_N002,BNAVSTA_6_N002,RTPD,MCE,LMP_ENE_PRC,BNAVSTA_6_N002,ALL,1,101.80878,1,3
2022-09-01T14:00:00-00:00,2022-09-01T14:15:00-00:00,2022-09-01,08,BNAVSTA_6_N002,BNAVSTA_6_N002,BNAVSTA_6_N002,RTPD,MCE,LMP_ENE_PRC,BNAVSTA_6_N002,ALL,1,111.11219,1,3
2022-09-01T15:00:00-00:00,2022-09-01T15:15:00-00:00,2022-09-01,09,BNAVSTA_6_N002,BNAVSTA_6_N002,BNAVSTA_6_N002,RTPD,MCE,LMP_ENE_PRC,BNAVSTA_6_N002,ALL,1,97.4112,1,3
2022-09-01T16:00:00-00:00,2022-09-01T16:15:00-00:00,2022-09-01,10,BNAVSTA_6_N002,BNAVSTA_6_N002,BNAVSTA_6_N002,RTPD,MCE,LMP_ENE_PRC,BNAVSTA_6_N002,ALL,1,83.43525,1,3
2022-09-01T17:00:00-00:00,2022-09-01T17:15:00-00:00,2022-09-01,11,BNAVSTA_6_N002,BNAVSTA_6_N002,BNAVSTA_6_N002,RTPD,MCE,LMP_ENE_PRC,BNAVSTA_6_N002,ALL,1,96.94897,1,3
2022-09-01T18:00:00-00:00,2022-09-01T18:15:00-00:00,2022-09-01,12,BNAVSTA_6_N002,BNAVSTA_6_N002,BNAVSTA_6_N002,RTPD,MCE,LMP_ENE_PRC,BNAVSTA_6_N002,ALL,1,91.59291,1,3
2022-09-01T19:00:00-00:00,2022-09-01T19:15:00-00:00,2022-09-01,13,BNAVSTA_6_N002,BNAVSTA_6_N002,BNAVSTA_6_N002,RTPD,MCE,LMP_ENE_PRC,BNAVSTA_6_N002,ALL,1,109.19637,1,3
2022-09-01T20:00:00-00:00,2022-09-01T20:15:00-00:00,2022-09-01,14,BNAVSTA_6_N002,BNAVSTA_6_N002,BNAVSTA_6_N002,RTPD,MCE,LMP_ENE_PRC,BNAVSTA_6_N002,ALL,1,117.94359,1,3
2022-09-01T21:00:00-00:00,2022-09-01T21:15:00-00:00,2022-09-01,15,BNAVSTA_6_N002,BNAVSTA_6_N002,BNAVSTA_6_N002,RTPD,MCE,LMP_ENE_PRC,BNAVSTA_6_N002,ALL,1,226.61499,1,3
2022-09-01T22:00:00-00:00,2022-09-01T22:15:00-00:00,2022-09-01,16,BNAVSTA_6_N002,BNAVSTA_6_N002,BNAVSTA_6_N002,RTPD,MCE,LMP_ENE_PRC,BNAVSTA_6_N002,ALL,1,229.18552,1,3
2022-09-01T23:00:00-00:00,2022-09-01T23:15:00-00:00,2022-09-01,17,BNAVSTA_6_N002,BNAVSTA_6_N002,BNAVSTA_6_N002,RTPD,MCE,LMP_ENE_PRC,BNAVSTA_6_N002,ALL,1,386.7537,1,3
2022-09-02T00:00:00-00:00,2022-09-02T00:15:00-00:00,2022-09-01,18,BNAVSTA_6_N002,BNAVSTA_6_N002,BNAVSTA_6_N002,RTPD,MCE,LMP_ENE_PRC,BNAVSTA_6_N002,ALL,1,770.58136,1,3
2022-09-02T01:00:00-00:00,2022-09-02T01:15:00-00:00,2022-09-01,19,BNAVSTA_6_N002,BNAVSTA_6_N002,BNAVSTA_6_N002,RTPD,MCE,LMP_ENE_PRC,BNAVSTA_6_N002,ALL,1,916.27124,1,3
2022-09-02T02:00:00-00:00,2022-09-02T02:15:00-00:00,2022-09-01,20,BNAVSTA_6_N002,BNAVSTA_6_N002,BNAVSTA_6_N002,RTPD,MCE,LMP_ENE_PRC,BNAVSTA_6_N002,ALL,1,1991.6721,1,3
2022-09-02T03:00:00-00:00,2022-09-02T03:15:00-00:00,2022-09-01,21,BNAVSTA_6_N002,BNAVSTA_6_N002,BNAVSTA_6_N002,RTPD,MCE,LMP_ENE_PRC,BNAVSTA_6_N002,ALL,1,917.5508,1,3
2022-09-02T04:00:00-00:00,2022-09-02T04:15:00-00:00,2022-09-01,22,BNAVSTA_6_N002,BNAVSTA_6_N002,BNAVSTA_6_N002,RTPD,MCE,LMP_ENE_PRC,BNAVSTA_6_N002,ALL,1,257.83005,1,3
2022-09-02T05:00:00-00:00,2022-09-02T05:15:00-00:00,2022-09-01,23,BNAVSTA_6_N002,BNAVSTA_6_N002,BNAVSTA_6_N002,RTPD,MCE,LMP_ENE_PRC,BNAVSTA_6_N002,ALL,1,183.24657,1,3
2022-09-02T06:00:00-00:00,2022-09-02T06:15:00-00:00,2022-09-01,24,BNAVSTA_6_N002,BNAVSTA_6_N002,BNAVSTA_6_N002,RTPD,MCE,LMP_ENE_PRC,BNAVSTA_6_N002,ALL,1,158.867,1,3
2022-09-01T07:15:00-00:00,2022-09-01T07:30:00-00:00,2022-09-01,01,BNAVSTA_6_N002,BNAVSTA_6_N002,BNAVSTA_6_N002,RTPD,MCE,LMP_ENE_PRC,BNAVSTA_6_N002,ALL,1,125.55144,2,3
2022-09-01T08:15:00-00:00,2022-09-01T08:30:00-00:00,2022-09-01,02,BNAVSTA_6_N002,BNAVSTA_6_N002,BNAVSTA_6_N002,RTPD,MCE,LMP_ENE_PRC,BNAVSTA_6_N002,ALL,1,115.53165,2,3
2022-09-01T09:15:00-00:00,2022-09-01T09:30:00-00:00,2022-09-01,03,BNAVSTA_6_N002,BNAVSTA_6_N002,BNAVSTA_6_N002,RTPD,MCE,LMP_ENE_PRC,BNAVSTA_6_N002,ALL,1,98.30543,2,3
2022-09-01T10:15:00-00:00,2022-09-01T10:30:00-00:00,2022-09-01,04,BNAVSTA_6_N002,BNAVSTA_6_N002,BNAVSTA_6_N002,RTPD,MCE,LMP_ENE_PRC,BNAVSTA_6_N002,ALL,1,97.00684,2,3
2022-09-01T11:15:00-00:00,2022-09-01T11:30:00-00:00,2022-09-01,05,BNAVSTA_6_N002,BNAVSTA_6_N002,BNAVSTA_6_N002,RTPD,MCE,LMP_ENE_PRC,BNAVSTA_6_N002,ALL,1,103.09059,2,3
2022-09-01T12:15:00-00:00,2022-09-01T12:30:00-00:00,2022-09-01,06,BNAVSTA_6_N002,BNAVSTA_6_N002,BNAVSTA_6_N002,RTPD,MCE,LMP_ENE_PRC,BNAVSTA_6_N002,ALL,1,109.32203,2,3
2022-09-01T13:15:00-00:00,2022-09-01T13:30:00-00:00,2022-09-01,07,BNAVSTA_6_N002,BNAVSTA_6_N002,BNAVSTA_6_N002,RTPD,MCE,LMP_ENE_PRC,BNAVSTA_6_N002,ALL,1,110.97827,2,3
2022-09-01T14:15:00-00:00,2022-09-01T14:30:00-00:00,2022-09-01,08,BNAVSTA_6_N002,BNAVSTA_6_N002,BNAVSTA_6_N002,RTPD,MCE,LMP_ENE_PRC,BNAVSTA_6_N002,ALL,1,104.78743,2,3
2022-09-01T15:15:00-00:00,2022-09-01T15:30:00-00:00,2022-09-01,09,BNAVSTA_6_N002,BNAVSTA_6_N002,BNAVSTA_6_N002,RTPD,MCE,LMP_ENE_PRC,BNAVSTA_6_N002,ALL,1,86.9388,2,3
2022-09-01T16:15:00-00:00,2022-09-01T16:30:00-00:00,2022-09-01,10,BNAVSTA_6_N002,BNAVSTA_6_N002,BNAVSTA_6_N002,RTPD,MCE,LMP_ENE_PRC,BNAVSTA_6_N002,ALL,1,89.44858,2,3
2022-09-01T17:15:00-00:00,2022-09-01T17:30:00-00:00,2022-09-01,11,BNAVSTA_6_N002,BNAVSTA_6_N002,BNAVSTA_6_N002,RTPD,MCE,LMP_ENE_PRC,BNAVSTA_6_N002,ALL,1,99.34673,2,3
2022-09-01T18:15:00-00:00,2022-09-01T18:30:00-00:00,2022-09-01,12,BNAVSTA_6_N002,BNAVSTA_6_N002,BNAVSTA_6_N002,RTPD,MCE,LMP_ENE_PRC,BNAVSTA_6_N002,ALL,1,101.15901,2,3
2022-09-01T19:15:00-00:00,2022-09-01T19:30:00-00:00,2022-09-01,13,BNAVSTA_6_N002,BNAVSTA_6_N002,BNAVSTA_6_N002,RTPD,MCE,LMP_ENE_PRC,BNAVSTA_6_N002,ALL,1,105.30588,2,3
2022-09-01T20:15:00-00:00,2022-09-01T20:30:00-00:00,2022-09-01,14,BNAVSTA_6_N002,BNAVSTA_6_N002,BNAVSTA_6_N002,RTPD,MCE,LMP_ENE_PRC,BNAVSTA_6_N002,ALL,1,117.49421,2,3
2022-09-01T21:15:00-00:00,2022-09-01T21:30:00-00:00,2022-09-01,15,BNAVSTA_6_N002,BNAVSTA_6_N002,BNAVSTA_6_N002,RTPD,MCE,LMP_ENE_PRC,BNAVSTA_6_N002,ALL,1,147.21185,2,3
2022-09-01T22:15:00-00:00,2022-09-01T22:30:00-00:00,2022-09-01,16,BNAVSTA_6_N002,BNAVSTA_6_N002,BNAVSTA_6_N002,RTPD,MCE,LMP_ENE_PRC,BNAVSTA_6_N002,ALL,1,256.58734,2,3
2022-09-01T23:15:00-00:00,2022-09-01T23:30:00-00:00,2022-09-01,17,BNAVSTA_6_N002,BNAVSTA_6_N002,BNAVSTA_6_N002,RTPD,MCE,LMP_ENE_PRC,BNAVSTA_6_N002,ALL,1,362.12408,2,3
2022-09-02T00:15:00-00:00,2022-09-02T00:30:00-00:00,2022-09-01,18,BNAVSTA_6_N002,BNAVSTA_6_N002,BNAVSTA_6_N002,RTPD,MCE,LMP_ENE_PRC,BNAVSTA_6_N002,ALL,1,691.2182,2,3
2022-09-02T01:15:00-00:00,2022-09-02T01:30:00-00:00,2022-09-01,19,BNAVSTA_6_N002,BNAVSTA_6_N002,BNAVSTA_6_N002,RTPD,MCE,LMP_ENE_PRC,BNAVSTA_6_N002,ALL,1,1999.9933,2,3
2022-09-02T02:15:00-00:00,2022-09-02T02:30:00-00:00,2022-09-01,20,BNAVSTA_6_N002,BNAVSTA_6_N002,BNAVSTA_6_N002,RTPD,MCE,LMP_ENE_PRC,BNAVSTA_6_N002,ALL,1,1991.6721,2,3
2022-09-02T03:15:00-00:00,2022-09-02T03:30:00-00:00,2022-09-01,21,BNAVSTA_6_N002,BNAVSTA_6_N002,BNAVSTA_6_N002,RTPD,MCE,LMP_ENE_PRC,BNAVSTA_6_N002,ALL,1,400.52884,2,3
2022-09-02T04:15:00-00:00,2022-09-02T04:30:00-00:00,2022-09-01,22,BNAVSTA_6_N002,BNAVSTA_6_N002,BNAVSTA_6_N002,RTPD,MCE,LMP_ENE_PRC,BNAVSTA_6_N002,ALL,1,224.75041,2,3
2022-09-02T05:15:00-00:00,2022-09-02T05:30:00-00:00,2022-09-01,23,BNAVSTA_6_N002,BNAVSTA_6_N002,BNAVSTA_6_N002,RTPD,MCE,LMP_ENE_PRC,BNAVSTA_6_N002,ALL,1,157.11986,2,3
2022-09-02T06:15:00-00:00,2022-09-02T06:30:00-00:00,2022-09-01,24,BNAVSTA_6_N002,BNAVSTA_6_N002,BNAVSTA_6_N002,RTPD,MCE,LMP_ENE_PRC,BNAVSTA_6_N002,ALL,1,143.1005,2,3
2022-09-01T07:30:00-00:00,2022-09-01T07:45:00-00:00,2022-09-01,01,BNAVSTA_6_N002,BNAVSTA_6_N002,BNAVSTA_6_N002,RTPD,MCE,LMP_ENE_PRC,BNAVSTA_6_N002,ALL,1,119.03196,3,3
2022-09-01T08:30:00-00:00,2022-09-01T08:45:00-00:00,2022-09-01,02,BNAVSTA_6_N002,BNAVSTA_6_N002,BNAVSTA_6_N002,RTPD,MCE,LMP_ENE_PRC,BNAVSTA_6_N002,ALL,1,111.11241,3,3
2022-09-01T09:30:00-00:00,2022-09-01T09:45:00-00:00,2022-09-01,03,BNAVSTA_6_N002,BNAVSTA_6_N002,BNAVSTA_6_N002,RTPD,MCE,LMP_ENE_PRC,BNAVSTA_6_N002,ALL,1,98.16228,3,3
2022-09-01T10:30:00-00:00,2022-09-01T10:45:00-00:00,2022-09-01,04,BNAVSTA_6_N002,BNAVSTA_6_N002,BNAVSTA_6_N002,RTPD,MCE,LMP_ENE_PRC,BNAVSTA_6_N002,ALL,1,96.36226,3,3
2022-09-01T11:30:00-00:00,2022-09-01T11:45:00-00:00,2022-09-01,05,BNAVSTA_6_N002,BNAVSTA_6_N002,BNAVSTA_6_N002,RTPD,MCE,LMP_ENE_PRC,BNAVSTA_6_N002,ALL,1,103.06198,3,3
2022-09-01T12:30:00-00:00,2022-09-01T12:45:00-00:00,2022-09-01,06,BNAVSTA_6_N002,BNAVSTA_6_N002,BNAVSTA_6_N002,RTPD,MCE,LMP_ENE_PRC,BNAVSTA_6_N002,ALL,1,113.57403,3,3
2022-09-01T13:30:00-00:00,2022-09-01T13:45:00-00:00,2022-09-01,07,BNAVSTA_6_N002,BNAVSTA_6_N002,BNAVSTA_6_N002,RTPD,MCE,LMP_ENE_PRC,BNAVSTA_6_N002,ALL,1,111.52025,3,3
2022-09-01T14:30:00-00:00,2022-09-01T14:45:00-00:00,2022-09-01,08,BNAVSTA_6_N002,BNAVSTA_6_N002,BNAVSTA_6_N002,RTPD,MCE,LMP_ENE_PRC,BNAVSTA_6_N002,ALL,1,101.83428,3,3
2022-09-01T15:30:00-00:00,2022-09-01T15:45:00-00:00,2022-09-01,09,BNAVSTA_6_N002,BNAVSTA_6_N002,BNAVSTA_6_N002,RTPD,MCE,LMP_ENE_PRC,BNAVSTA_6_N002,ALL,1,86.1388,3,3
2022-09-01T16:30:00-00:00,2022-09-01T16:45:00-00:00,2022-09-01,10,BNAVSTA_6_N002,BNAVSTA_6_N002,BNAVSTA_6_N002,RTPD,MCE,LMP_ENE_PRC,BNAVSTA_6_N002,ALL,1,88.79644,3,3
2022-09-01T17:30:00-00:00,2022-09-01T17:45:00-00:00,2022-09-01,11,BNAVSTA_6_N002,BNAVSTA_6_N002,BNAVSTA_6_N002,RTPD,MCE,LMP_ENE_PRC,BNAVSTA_6_N002,ALL,1,99.13013,3,3
2022-09-01T18:30:00-00:00,2022-09-01T18:45:00-00:00,2022-09-01,12,BNAVSTA_6_N002,BNAVSTA_6_N002,BNAVSTA_6_N002,RTPD,MCE,LMP_ENE_PRC,BNAVSTA_6_N002,ALL,1,107.05718,3,3
2022-09-01T19:30:00-00:00,2022-09-01T19:45:00-00:00,2022-09-01,13,BNAVSTA_6_N002,BNAVSTA_6_N002,BNAVSTA_6_N002,RTPD,MCE,LMP_ENE_PRC,BNAVSTA_6_N002,ALL,1,114.05905,3,3
2022-09-01T20:30:00-00:00,2022-09-01T20:45:00-00:00,2022-09-01,14,BNAVSTA_6_N002,BNAVSTA_6_N002,BNAVSTA_6_N002,RTPD,MCE,LMP_ENE_PRC,BNAVSTA_6_N002,ALL,1,129.81606,3,3
2022-09-01T21:30:00-00:00,2022-09-01T21:45:00-00:00,2022-09-01,15,BNAVSTA_6_N002,BNAVSTA_6_N002,BNAVSTA_6_N002,RTPD,MCE,LMP_ENE_PRC,BNAVSTA_6_N002,ALL,1,152.93057,3,3
2022-09-01T22:30:00-00:00,2022-09-01T22:45:00-00:00,2022-09-01,16,BNAVSTA_6_N002,BNAVSTA_6_N002,BNAVSTA_6_N002,RTPD,MCE,LMP_ENE_PRC,BNAVSTA_6_N002,ALL,1,283.18182,3,3
2022-09-01T23:30:00-00:00,2022-09-01T23:45:00-00:00,2022-09-01,17,BNAVSTA_6_N002,BNAVSTA_6_N002,BNAVSTA_6_N002,RTPD,MCE,LMP_ENE_PRC,BNAVSTA_6_N002,ALL,1,566.48157,3,3
2022-09-02T00:30:00-00:00,2022-09-02T00:45:00-00:00,2022-09-01,18,BNAVSTA_6_N002,BNAVSTA_6_N002,BNAVSTA_6_N002,RTPD,MCE,LMP_ENE_PRC,BNAVSTA_6_N002,ALL,1,1329.1127,3,3
2022-09-02T01:30:00-00:00,2022-09-02T01:45:00-00:00,2022-09-01,19,BNAVSTA_6_N002,BNAVSTA_6_N002,BNAVSTA_6_N002,RTPD,MCE,LMP_ENE_PRC,BNAVSTA_6_N002,ALL,1,1999.9956,3,3
2022-09-02T02:30:00-00:00,2022-09-02T02:45:00-00:00,2022-09-01,20,BNAVSTA_6_N002,BNAVSTA_6_N002,BNAVSTA_6_N002,RTPD,MCE,LMP_ENE_PRC,BNAVSTA_6_N002,ALL,1,1991.671,3,3
2022-09-02T03:30:00-00:00,2022-09-02T03:45:00-00:00,2022-09-01,21,BNAVSTA_6_N002,BNAVSTA_6_N002,BNAVSTA_6_N002,RTPD,MCE,LMP_ENE_PRC,BNAVSTA_6_N002,ALL,1,186.61823,3,3
2022-09-02T04:30:00-00:00,2022-09-02T04:45:00-00:00,2022-09-01,22,BNAVSTA_6_N002,BNAVSTA_6_N002,BNAVSTA_6_N002,RTPD,MCE,LMP_ENE_PRC,BNAVSTA_6_N002,ALL,1,180.67824,3,3
2022-09-02T05:30:00-00:00,2022-09-02T05:45:00-00:00,2022-09-01,23,BNAVSTA_6_N002,BNAVSTA_6_N002,BNAVSTA_6_N002,RTPD,MCE,LMP_ENE_PRC,BNAVSTA_6_N002,ALL,1,131.69917,3,3
2022-09-02T06:30:00-00:00,2022-09-02T06:45:00-00:00,2022-09-01,24,BNAVSTA_6_N002,BNAVSTA_6_N002,BNAVSTA_6_N002,RTPD,MCE,LMP_ENE_PRC,BNAVSTA_6_N002,ALL,1,128.9871,3,3
2022-09-01T07:45:00-00:00,2022-09-01T08:00:00-00:00,2022-09-01,01,BNAVSTA_6_N002,BNAVSTA_6_N002,BNAVSTA_6_N002,RTPD,MCE,LMP_ENE_PRC,BNAVSTA_6_N002,ALL,1,109.12099,4,3
2022-09-01T08:45:00-00:00,2022-09-01T09:00:00-00:00,2022-09-01,02,BNAVSTA_6_N002,BNAVSTA_6_N002,BNAVSTA_6_N002,RTPD,MCE,LMP_ENE_PRC,BNAVSTA_6_N002,ALL,1,98.7357,4,3
2022-09-01T09:45:00-00:00,2022-09-01T10:00:00-00:00,2022-09-01,03,BNAVSTA_6_N002,BNAVSTA_6_N002,BNAVSTA_6_N002,RTPD,MCE,LMP_ENE_PRC,BNAVSTA_6_N002,ALL,1,97.50475,4,3
2022-09-01T10:45:00-00:00,2022-09-01T11:00:00-00:00,2022-09-01,04,BNAVSTA_6_N002,BNAVSTA_6_N002,BNAVSTA_6_N002,RTPD,MCE,LMP_ENE_PRC,BNAVSTA_6_N002,ALL,1,94.71966,4,3
2022-09-01T11:45:00-00:00,2022-09-01T12:00:00-00:00,2022-09-01,05,BNAVSTA_6_N002,BNAVSTA_6_N002,BNAVSTA_6_N002,RTPD,MCE,LMP_ENE_PRC,BNAVSTA_6_N002,ALL,1,107.01,4,3
2022-09-01T12:45:00-00:00,2022-09-01T13:00:00-00:00,2022-09-01,06,BNAVSTA_6_N002,BNAVSTA_6_N002,BNAVSTA_6_N002,RTPD,MCE,LMP_ENE_PRC,BNAVSTA_6_N002,ALL,1,116.4848,4,3
2022-09-01T13:45:00-00:00,2022-09-01T14:00:00-00:00,2022-09-01,07,BNAVSTA_6_N002,BNAVSTA_6_N002,BNAVSTA_6_N002,RTPD,MCE,LMP_ENE_PRC,BNAVSTA_6_N002,ALL,1,111.41,4,3
2022-09-01T14:45:00-00:00,2022-09-01T15:00:00-00:00,2022-09-01,08,BNAVSTA_6_N002,BNAVSTA_6_N002,BNAVSTA_6_N002,RTPD,MCE,LMP_ENE_PRC,BNAVSTA_6_N002,ALL,1,86.1388,4,3
2022-09-01T15:45:00-00:00,2022-09-01T16:00:00-00:00,2022-09-01,09,BNAVSTA_6_N002,BNAVSTA_6_N002,BNAVSTA_6_N002,RTPD,MCE,LMP_ENE_PRC,BNAVSTA_6_N002,ALL,1,78.70076,4,3
2022-09-01T16:45:00-00:00,2022-09-01T17:00:00-00:00,2022-09-01,10,BNAVSTA_6_N002,BNAVSTA_6_N002,BNAVSTA_6_N002,RTPD,MCE,LMP_ENE_PRC,BNAVSTA_6_N002,ALL,1,91.24933,4,3
2022-09-01T17:45:00-00:00,2022-09-01T18:00:00-00:00,2022-09-01,11,BNAVSTA_6_N002,BNAVSTA_6_N002,BNAVSTA_6_N002,RTPD,MCE,LMP_ENE_PRC,BNAVSTA_6_N002,ALL,1,99.20544,4,3
2022-09-01T18:45:00-00:00,2022-09-01T19:00:00-00:00,2022-09-01,12,BNAVSTA_6_N002,BNAVSTA_6_N002,BNAVSTA_6_N002,RTPD,MCE,LMP_ENE_PRC,BNAVSTA_6_N002,ALL,1,109.04064,4,3
2022-09-01T19:45:00-00:00,2022-09-01T20:00:00-00:00,2022-09-01,13,BNAVSTA_6_N002,BNAVSTA_6_N002,BNAVSTA_6_N002,RTPD,MCE,LMP_ENE_PRC,BNAVSTA_6_N002,ALL,1,120.22491,4,3
2022-09-01T20:45:00-00:00,2022-09-01T21:00:00-00:00,2022-09-01,14,BNAVSTA_6_N002,BNAVSTA_6_N002,BNAVSTA_6_N002,RTPD,MCE,LMP_ENE_PRC,BNAVSTA_6_N002,ALL,1,154.02509,4,3
2022-09-01T21:45:00-00:00,2022-09-01T22:00:00-00:00,2022-09-01,15,BNAVSTA_6_N002,BNAVSTA_6_N002,BNAVSTA_6_N002,RTPD,MCE,LMP_ENE_PRC,BNAVSTA_6_N002,ALL,1,300.29376,4,3
2022-09-01T22:45:00-00:00,2022-09-01T23:00:00-00:00,2022-09-01,16,BNAVSTA_6_N002,BNAVSTA_6_N002,BNAVSTA_6_N002,RTPD,MCE,LMP_ENE_PRC,BNAVSTA_6_N002,ALL,1,429.9137,4,3
2022-09-01T23:45:00-00:00,2022-09-02T00:00:00-00:00,2022-09-01,17,BNAVSTA_6_N002,BNAVSTA_6_N002,BNAVSTA_6_N002,RTPD,MCE,LMP_ENE_PRC,BNAVSTA_6_N002,ALL,1,1261.2124,4,3
2022-09-02T00:45:00-00:00,2022-09-02T01:00:00-00:00,2022-09-01,18,BNAVSTA_6_N002,BNAVSTA_6_N002,BNAVSTA_6_N002,RTPD,MCE,LMP_ENE_PRC,BNAVSTA_6_N002,ALL,1,1519.149,4,3
2022-09-02T01:45:00-00:00,2022-09-02T02:00:00-00:00,2022-09-01,19,BNAVSTA_6_N002,BNAVSTA_6_N002,BNAVSTA_6_N002,RTPD,MCE,LMP_ENE_PRC,BNAVSTA_6_N002,ALL,1,1991.9337,4,3
2022-09-02T02:45:00-00:00,2022-09-02T03:00:00-00:00,2022-09-01,20,BNAVSTA_6_N002,BNAVSTA_6_N002,BNAVSTA_6_N002,RTPD,MCE,LMP_ENE_PRC,BNAVSTA_6_N002,ALL,1,1629.6213,4,3
2022-09-02T03:45:00-00:00,2022-09-02T04:00:00-00:00,2022-09-01,21,BNAVSTA_6_N002,BNAVSTA_6_N002,BNAVSTA_6_N002,RTPD,MCE,LMP_ENE_PRC,BNAVSTA_6_N002,ALL,1,141.13702,4,3
2022-09-02T04:45:00-00:00,2022-09-02T05:00:00-00:00,2022-09-01,22,BNAVSTA_6_N002,BNAVSTA_6_N002,BNAVSTA_6_N002,RTPD,MCE,LMP_ENE_PRC,BNAVSTA_6_N002,ALL,1,126.76372,4,3
2022-09-02T05:45:00-00:00,2022-09-02T06:00:00-00:00,2022-09-01,23,BNAVSTA_6_N002,BNAVSTA_6_N002,BNAVSTA_6_N002,RTPD,MCE,LMP_ENE_PRC,BNAVSTA_6_N002,ALL,1,119.00958,4,3
2022-09-02T06:45:00-00:00,2022-09-02T07:00:00-00:00,2022-09-01,24,BNAVSTA_6_N002,BNAVSTA_6_N002,BNAVSTA_6_N002,RTPD,MCE,LMP_ENE_PRC,BNAVSTA_6_N002,ALL,1,109.20324,4,3
2022-09-01T07:00:00-00:00,2022-09-01T07:15:00-00:00,2022-09-01,01,BNAVSTA_6_N002,BNAVSTA_6_N002,BNAVSTA_6_N002,RTPD,MCL,LMP_LOSS_PRC,BNAVSTA_6_N002,ALL,1,-4.66971,1,4
2022-09-01T08:00:00-00:00,2022-09-01T08:15:00-00:00,2022-09-01,02,BNAVSTA_6_N002,BNAVSTA_6_N002,BNAVSTA_6_N002,RTPD,MCL,LMP_LOSS_PRC,BNAVSTA_6_N002,ALL,1,0,1,4
2022-09-01T09:00:00-00:00,2022-09-01T09:15:00-00:00,2022-09-01,03,BNAVSTA_6_N002,BNAVSTA_6_N002,BNAVSTA_6_N002,RTPD,MCL,LMP_LOSS_PRC,BNAVSTA_6_N002,ALL,1,3.05176,1,4
2022-09-01T10:00:00-00:00,2022-09-01T10:15:00-00:00,2022-09-01,04,BNAVSTA_6_N002,BNAVSTA_6_N002,BNAVSTA_6_N002,RTPD,MCL,LMP_LOSS_PRC,BNAVSTA_6_N002,ALL,1,3.52153,1,4
2022-09-01T11:00:00-00:00,2022-09-01T11:15:00-00:00,2022-09-01,05,BNAVSTA_6_N002,BNAVSTA_6_N002,BNAVSTA_6_N002,RTPD,MCL,LMP_LOSS_PRC,BNAVSTA_6_N002,ALL,1,2.78987,1,4
2022-09-01T12:00:00-00:00,2022-09-01T12:15:00-00:00,2022-09-01,06,BNAVSTA_6_N002,BNAVSTA_6_N002,BNAVSTA_6_N002,RTPD,MCL,LMP_LOSS_PRC,BNAVSTA_6_N002,ALL,1,1.62806,1,4
2022-09-01T13:00:00-00:00,2022-09-01T13:15:00-00:00,2022-09-01,07,BNAVSTA_6_N002,BNAVSTA_6_N002,BNAVSTA_6_N002,RTPD,MCL,LMP_LOSS_PRC,BNAVSTA_6_N002,ALL,1,0,1,4
2022-09-01T14:00:00-00:00,2022-09-01T14:15:00-00:00,2022-09-01,08,BNAVSTA_6_N002,BNAVSTA_6_N002,BNAVSTA_6_N002,RTPD,MCL,LMP_LOSS_PRC,BNAVSTA_6_N002,ALL,1,4.3556,1,4
2022-09-01T15:00:00-00:00,2022-09-01T15:15:00-00:00,2022-09-01,09,BNAVSTA_6_N002,BNAVSTA_6_N002,BNAVSTA_6_N002,RTPD,MCL,LMP_LOSS_PRC,BNAVSTA_6_N002,ALL,1,0,1,4
2022-09-01T16:00:00-00:00,2022-09-01T16:15:00-00:00,2022-09-01,10,BNAVSTA_6_N002,BNAVSTA_6_N002,BNAVSTA_6_N002,RTPD,MCL,LMP_LOSS_PRC,BNAVSTA_6_N002,ALL,1,0,1,4
2022-09-01T17:00:00-00:00,2022-09-01T17:15:00-00:00,2022-09-01,11,BNAVSTA_6_N002,BNAVSTA_6_N002,BNAVSTA_6_N002,RTPD,MCL,LMP_LOSS_PRC,BNAVSTA_6_N002,ALL,1,0,1,4
2022-09-01T18:00:00-00:00,2022-09-01T18:15:00-00:00,2022-09-01,12,BNAVSTA_6_N002,BNAVSTA_6_N002,BNAVSTA_6_N002,RTPD,MCL,LMP_LOSS_PRC,BNAVSTA_6_N002,ALL,1,0,1,4
2022-09-01T19:00:00-00:00,2022-09-01T19:15:00-00:00,2022-09-01,13,BNAVSTA_6_N002,BNAVSTA_6_N002,BNAVSTA_6_N002,RTPD,MCL,LMP_LOSS_PRC,BNAVSTA_6_N002,ALL,1,0,1,4
2022-09-01T20:00:00-00:00,2022-09-01T20:15:00-00:00,2022-09-01,14,BNAVSTA_6_N002,BNAVSTA_6_N002,BNAVSTA_6_N002,RTPD,MCL,LMP_LOSS_PRC,BNAVSTA_6_N002,ALL,1,0,1,4
2022-09-01T21:00:00-00:00,2022-09-01T21:15:00-00:00,2022-09-01,15,BNAVSTA_6_N002,BNAVSTA_6_N002,BNAVSTA_6_N002,RTPD,MCL,LMP_LOSS_PRC,BNAVSTA_6_N002,ALL,1,0,1,4
2022-09-01T22:00:00-00:00,2022-09-01T22:15:00-00:00,2022-09-01,16,BNAVSTA_6_N002,BNAVSTA_6_N002,BNAVSTA_6_N002,RTPD,MCL,LMP_LOSS_PRC,BNAVSTA_6_N002,ALL,1,0,1,4
2022-09-01T23:00:00-00:00,2022-09-01T23:15:00-00:00,2022-09-01,17,BNAVSTA_6_N002,BNAVSTA_6_N002,BNAVSTA_6_N002,RTPD,MCL,LMP_LOSS_PRC,BNAVSTA_6_N002,ALL,1,0,1,4
2022-09-02T00:00:00-00:00,2022-09-02T00:15:00-00:00,2022-09-01,18,BNAVSTA_6_N002,BNAVSTA_6_N002,BNAVSTA_6_N002,RTPD,MCL,LMP_LOSS_PRC,BNAVSTA_6_N002,ALL,1,40.91787,1,4
2022-09-02T01:00:00-00:00,2022-09-02T01:15:00-00:00,2022-09-01,19,BNAVSTA_6_N002,BNAVSTA_6_N002,BNAVSTA_6_N002,RTPD,MCL,LMP_LOSS_PRC,BNAVSTA_6_N002,ALL,1,0,1,4
2022-09-02T02:00:00-00:00,2022-09-02T02:15:00-00:00,2022-09-01,20,BNAVSTA_6_N002,BNAVSTA_6_N002,BNAVSTA_6_N002,RTPD,MCL,LMP_LOSS_PRC,BNAVSTA_6_N002,ALL,1,0,1,4
2022-09-02T03:00:00-00:00,2022-09-02T03:15:00-00:00,2022-09-01,21,BNAVSTA_6_N002,BNAVSTA_6_N002,BNAVSTA_6_N002,RTPD,MCL,LMP_LOSS_PRC,BNAVSTA_6_N002,ALL,1,50.92407,1,4
2022-09-02T04:00:00-00:00,2022-09-02T04:15:00-00:00,2022-09-01,22,BNAVSTA_6_N002,BNAVSTA_6_N002,BNAVSTA_6_N002,RTPD,MCL,LMP_LOSS_PRC,BNAVSTA_6_N002,ALL,1,7.39972,1,4
2022-09-02T05:00:00-00:00,2022-09-02T05:15:00-00:00,2022-09-01,23,BNAVSTA_6_N002,BNAVSTA_6_N002,BNAVSTA_6_N002,RTPD,MCL,LMP_LOSS_PRC,BNAVSTA_6_N002,ALL,1,6.43195,1,4
2022-09-02T06:00:00-00:00,2022-09-02T06:15:00-00:00,2022-09-01,24,BNAVSTA_6_N002,BNAVSTA_6_N002,BNAVSTA_6_N002,RTPD,MCL,LMP_LOSS_PRC,BNAVSTA_6_N002,ALL,1,3.66983,1,4
2022-09-01T07:15:00-00:00,2022-09-01T07:30:00-00:00,2022-09-01,01,BNAVSTA_6_N002,BNAVSTA_6_N002,BNAVSTA_6_N002,RTPD,MCL,LMP_LOSS_PRC,BNAVSTA_6_N002,ALL,1,0,2,4
2022-09-01T08:15:00-00:00,2022-09-01T08:30:00-00:00,2022-09-01,02,BNAVSTA_6_N002,BNAVSTA_6_N002,BNAVSTA_6_N002,RTPD,MCL,LMP_LOSS_PRC,BNAVSTA_6_N002,ALL,1,0,2,4
2022-09-01T09:15:00-00:00,2022-09-01T09:30:00-00:00,2022-09-01,03,BNAVSTA_6_N002,BNAVSTA_6_N002,BNAVSTA_6_N002,RTPD,MCL,LMP_LOSS_PRC,BNAVSTA_6_N002,ALL,1,3.09662,2,4
2022-09-01T10:15:00-00:00,2022-09-01T10:30:00-00:00,2022-09-01,04,BNAVSTA_6_N002,BNAVSTA_6_N002,BNAVSTA_6_N002,RTPD,MCL,LMP_LOSS_PRC,BNAVSTA_6_N002,ALL,1,3.56015,2,4
2022-09-01T11:15:00-00:00,2022-09-01T11:30:00-00:00,2022-09-01,05,BNAVSTA_6_N002,BNAVSTA_6_N002,BNAVSTA_6_N002,RTPD,MCL,LMP_LOSS_PRC,BNAVSTA_6_N002,ALL,1,2.78345,2,4
2022-09-01T12:15:00-00:00,2022-09-01T12:30:00-00:00,2022-09-01,06,BNAVSTA_6_N002,BNAVSTA_6_N002,BNAVSTA_6_N002,RTPD,MCL,LMP_LOSS_PRC,BNAVSTA_6_N002,ALL,1,2.05525,2,4
2022-09-01T13:15:00-00:00,2022-09-01T13:30:00-00:00,2022-09-01,07,BNAVSTA_6_N002,BNAVSTA_6_N002,BNAVSTA_6_N002,RTPD,MCL,LMP_LOSS_PRC,BNAVSTA_6_N002,ALL,1,2.91873,2,4
2022-09-01T14:15:00-00:00,2022-09-01T14:30:00-00:00,2022-09-01,08,BNAVSTA_6_N002,BNAVSTA_6_N002,BNAVSTA_6_N002,RTPD,MCL,LMP_LOSS_PRC,BNAVSTA_6_N002,ALL,1,3.74091,2,4
2022-09-01T15:15:00-00:00,2022-09-01T15:30:00-00:00,2022-09-01,09,BNAVSTA_6_N002,BNAVSTA_6_N002,BNAVSTA_6_N002,RTPD,MCL,LMP_LOSS_PRC,BNAVSTA_6_N002,ALL,1,0,2,4
2022-09-01T16:15:00-00:00,2022-09-01T16:30:00-00:00,2022-09-01,10,BNAVSTA_6_N002,BNAVSTA_6_N002,BNAVSTA_6_N002,RTPD,MCL,LMP_LOSS_PRC,BNAVSTA_6_N002,ALL,1,0,2,4
2022-09-01T17:15:00-00:00,2022-09-01T17:30:00-00:00,2022-09-01,11,BNAVSTA_6_N002,BNAVSTA_6_N002,BNAVSTA_6_N002,RTPD,MCL,LMP_LOSS_PRC,BNAVSTA_6_N002,ALL,1,0,2,4
2022-09-01T18:15:00-00:00,2022-09-01T18:30:00-00:00,2022-09-01,12,BNAVSTA_6_N002,BNAVSTA_6_N002,BNAVSTA_6_N002,RTPD,MCL,LMP_LOSS_PRC,BNAVSTA_6_N002,ALL,1,0,2,4
2022-09-01T19:15:00-00:00,2022-09-01T19:30:00-00:00,2022-09-01,13,BNAVSTA_6_N002,BNAVSTA_6_N002,BNAVSTA_6_N002,RTPD,MCL,LMP_LOSS_PRC,BNAVSTA_6_N002,ALL,1,0,2,4
2022-09-01T20:15:00-00:00,2022-09-01T20:30:00-00:00,2022-09-01,14,BNAVSTA_6_N002,BNAVSTA_6_N002,BNAVSTA_6_N002,RTPD,MCL,LMP_LOSS_PRC,BNAVSTA_6_N002,ALL,1,0,2,4
2022-09-01T21:15:00-00:00,2022-09-01T21:30:00-00:00,2022-09-01,15,BNAVSTA_6_N002,BNAVSTA_6_N002,BNAVSTA_6_N002,RTPD,MCL,LMP_LOSS_PRC,BNAVSTA_6_N002,ALL,1,0,2,4
2022-09-01T22:15:00-00:00,2022-09-01T22:30:00-00:00,2022-09-01,16,BNAVSTA_6_N002,BNAVSTA_6_N002,BNAVSTA_6_N002,RTPD,MCL,LMP_LOSS_PRC,BNAVSTA_6_N002,ALL,1,0,2,4
2022-09-01T23:15:00-00:00,2022-09-01T23:30:00-00:00,2022-09-01,17,BNAVSTA_6_N002,BNAVSTA_6_N002,BNAVSTA_6_N002,RTPD,MCL,LMP_LOSS_PRC,BNAVSTA_6_N002,ALL,1,0,2,4
2022-09-02T00:15:00-00:00,2022-09-02T00:30:00-00:00,2022-09-01,18,BNAVSTA_6_N002,BNAVSTA_6_N002,BNAVSTA_6_N002,RTPD,MCL,LMP_LOSS_PRC,BNAVSTA_6_N002,ALL,1,33.2476,2,4
2022-09-02T01:15:00-00:00,2022-09-02T01:30:00-00:00,2022-09-01,19,BNAVSTA_6_N002,BNAVSTA_6_N002,BNAVSTA_6_N002,RTPD,MCL,LMP_LOSS_PRC,BNAVSTA_6_N002,ALL,1,0,2,4
2022-09-02T02:15:00-00:00,2022-09-02T02:30:00-00:00,2022-09-01,20,BNAVSTA_6_N002,BNAVSTA_6_N002,BNAVSTA_6_N002,RTPD,MCL,LMP_LOSS_PRC,BNAVSTA_6_N002,ALL,1,0,2,4
2022-09-02T03:15:00-00:00,2022-09-02T03:30:00-00:00,2022-09-01,21,BNAVSTA_6_N002,BNAVSTA_6_N002,BNAVSTA_6_N002,RTPD,MCL,LMP_LOSS_PRC,BNAVSTA_6_N002,ALL,1,21.62856,2,4
2022-09-02T04:15:00-00:00,2022-09-02T04:30:00-00:00,2022-09-01,22,BNAVSTA_6_N002,BNAVSTA_6_N002,BNAVSTA_6_N002,RTPD,MCL,LMP_LOSS_PRC,BNAVSTA_6_N002,ALL,1,5.93341,2,4
2022-09-02T05:15:00-00:00,2022-09-02T05:30:00-00:00,2022-09-01,23,BNAVSTA_6_N002,BNAVSTA_6_N002,BNAVSTA_6_N002,RTPD,MCL,LMP_LOSS_PRC,BNAVSTA_6_N002,ALL,1,5.31065,2,4
2022-09-02T06:15:00-00:00,2022-09-02T06:30:00-00:00,2022-09-01,24,BNAVSTA_6_N002,BNAVSTA_6_N002,BNAVSTA_6_N002,RTPD,MCL,LMP_LOSS_PRC,BNAVSTA_6_N002,ALL,1,2.46133,2,4
2022-09-01T07:30:00-00:00,2022-09-01T07:45:00-00:00,2022-09-01,01,BNAVSTA_6_N002,BNAVSTA_6_N002,BNAVSTA_6_N002,RTPD,MCL,LMP_LOSS_PRC,BNAVSTA_6_N002,ALL,1,0,3,4
2022-09-01T08:30:00-00:00,2022-09-01T08:45:00-00:00,2022-09-01,02,BNAVSTA_6_N002,BNAVSTA_6_N002,BNAVSTA_6_N002,RTPD,MCL,LMP_LOSS_PRC,BNAVSTA_6_N002,ALL,1,3.50004,3,4
2022-09-01T09:30:00-00:00,2022-09-01T09:45:00-00:00,2022-09-01,03,BNAVSTA_6_N002,BNAVSTA_6_N002,BNAVSTA_6_N002,RTPD,MCL,LMP_LOSS_PRC,BNAVSTA_6_N002,ALL,1,3.0234,3,4
2022-09-01T10:30:00-00:00,2022-09-01T10:45:00-00:00,2022-09-01,04,BNAVSTA_6_N002,BNAVSTA_6_N002,BNAVSTA_6_N002,RTPD,MCL,LMP_LOSS_PRC,BNAVSTA_6_N002,ALL,1,3.55577,3,4
2022-09-01T11:30:00-00:00,2022-09-01T11:45:00-00:00,2022-09-01,05,BNAVSTA_6_N002,BNAVSTA_6_N002,BNAVSTA_6_N002,RTPD,MCL,LMP_LOSS_PRC,BNAVSTA_6_N002,ALL,1,2.91665,3,4
2022-09-01T12:30:00-00:00,2022-09-01T12:45:00-00:00,2022-09-01,06,BNAVSTA_6_N002,BNAVSTA_6_N002,BNAVSTA_6_N002,RTPD,MCL,LMP_LOSS_PRC,BNAVSTA_6_N002,ALL,1,2.32827,3,4
2022-09-01T13:30:00-00:00,2022-09-01T13:45:00-00:00,2022-09-01,07,BNAVSTA_6_N002,BNAVSTA_6_N002,BNAVSTA_6_N002,RTPD,MCL,LMP_LOSS_PRC,BNAVSTA_6_N002,ALL,1,3.14487,3,4
2022-09-01T14:30:00-00:00,2022-09-01T14:45:00-00:00,2022-09-01,08,BNAVSTA_6_N002,BNAVSTA_6_N002,BNAVSTA_6_N002,RTPD,MCL,LMP_LOSS_PRC,BNAVSTA_6_N002,ALL,1,3.69658,3,4
2022-09-01T15:30:00-00:00,2022-09-01T15:45:00-00:00,2022-09-01,09,BNAVSTA_6_N002,BNAVSTA_6_N002,BNAVSTA_6_N002,RTPD,MCL,LMP_LOSS_PRC,BNAVSTA_6_N002,ALL,1,0,3,4
2022-09-01T16:30:00-00:00,2022-09-01T16:45:00-00:00,2022-09-01,10,BNAVSTA_6_N002,BNAVSTA_6_N002,BNAVSTA_6_N002,RTPD,MCL,LMP_LOSS_PRC,BNAVSTA_6_N002,ALL,1,0,3,4
2022-09-01T17:30:00-00:00,2022-09-01T17:45:00-00:00,2022-09-01,11,BNAVSTA_6_N002,BNAVSTA_6_N002,BNAVSTA_6_N002,RTPD,MCL,LMP_LOSS_PRC,BNAVSTA_6_N002,ALL,1,0,3,4
2022-09-01T18:30:00-00:00,2022-09-01T18:45:00-00:00,2022-09-01,12,BNAVSTA_6_N002,BNAVSTA_6_N002,BNAVSTA_6_N002,RTPD,MCL,LMP_LOSS_PRC,BNAVSTA_6_N002,ALL,1,0,3,4
2022-09-01T19:30:00-00:00,2022-09-01T19:45:00-00:00,2022-09-01,13,BNAVSTA_6_N002,BNAVSTA_6_N002,BNAVSTA_6_N002,RTPD,MCL,LMP_LOSS_PRC,BNAVSTA_6_N002,ALL,1,0,3,4
2022-09-01T20:30:00-00:00,2022-09-01T20:45:00-00:00,2022-09-01,14,BNAVSTA_6_N002,BNAVSTA_6_N002,BNAVSTA_6_N002,RTPD,MCL,LMP_LOSS_PRC,BNAVSTA_6_N002,ALL,1,0,3,4
2022-09-01T21:30:00-00:00,2022-09-01T21:45:00-00:00,2022-09-01,15,BNAVSTA_6_N002,BNAVSTA_6_N002,BNAVSTA_6_N002,RTPD,MCL,LMP_LOSS_PRC,BNAVSTA_6_N002,ALL,1,0,3,4
2022-09-01T22:30:00-00:00,2022-09-01T22:45:00-00:00,2022-09-01,16,BNAVSTA_6_N002,BNAVSTA_6_N002,BNAVSTA_6_N002,RTPD,MCL,LMP_LOSS_PRC,BNAVSTA_6_N002,ALL,1,0,3,4
2022-09-01T23:30:00-00:00,2022-09-01T23:45:00-00:00,2022-09-01,17,BNAVSTA_6_N002,BNAVSTA_6_N002,BNAVSTA_6_N002,RTPD,MCL,LMP_LOSS_PRC,BNAVSTA_6_N002,ALL,1,0,3,4
2022-09-02T00:30:00-00:00,2022-09-02T00:45:00-00:00,2022-09-01,18,BNAVSTA_6_N002,BNAVSTA_6_N002,BNAVSTA_6_N002,RTPD,MCL,LMP_LOSS_PRC,BNAVSTA_6_N002,ALL,1,0,3,4
2022-09-02T01:30:00-00:00,2022-09-02T01:45:00-00:00,2022-09-01,19,BNAVSTA_6_N002,BNAVSTA_6_N002,BNAVSTA_6_N002,RTPD,MCL,LMP_LOSS_PRC,BNAVSTA_6_N002,ALL,1,0,3,4
2022-09-02T02:30:00-00:00,2022-09-02T02:45:00-00:00,2022-09-01,20,BNAVSTA_6_N002,BNAVSTA_6_N002,BNAVSTA_6_N002,RTPD,MCL,LMP_LOSS_PRC,BNAVSTA_6_N002,ALL,1,0,3,4
2022-09-02T03:30:00-00:00,2022-09-02T03:45:00-00:00,2022-09-01,21,BNAVSTA_6_N002,BNAVSTA_6_N002,BNAVSTA_6_N002,RTPD,MCL,LMP_LOSS_PRC,BNAVSTA_6_N002,ALL,1,10.45062,3,4
2022-09-02T04:30:00-00:00,2022-09-02T04:45:00-00:00,2022-09-01,22,BNAVSTA_6_N002,BNAVSTA_6_N002,BNAVSTA_6_N002,RTPD,MCL,LMP_LOSS_PRC,BNAVSTA_6_N002,ALL,1,3.45095,3,4
2022-09-02T05:30:00-00:00,2022-09-02T05:45:00-00:00,2022-09-01,23,BNAVSTA_6_N002,BNAVSTA_6_N002,BNAVSTA_6_N002,RTPD,MCL,LMP_LOSS_PRC,BNAVSTA_6_N002,ALL,1,4.28022,3,4
2022-09-02T06:30:00-00:00,2022-09-02T06:45:00-00:00,2022-09-01,24,BNAVSTA_6_N002,BNAVSTA_6_N002,BNAVSTA_6_N002,RTPD,MCL,LMP_LOSS_PRC,BNAVSTA_6_N002,ALL,1,2.90221,3,4
2022-09-01T07:45:00-00:00,2022-09-01T08:00:00-00:00,2022-09-01,01,BNAVSTA_6_N002,BNAVSTA_6_N002,BNAVSTA_6_N002,RTPD,MCL,LMP_LOSS_PRC,BNAVSTA_6_N002,ALL,1,0,4,4
2022-09-01T08:45:00-00:00,2022-09-01T09:00:00-00:00,2022-09-01,02,BNAVSTA_6_N002,BNAVSTA_6_N002,BNAVSTA_6_N002,RTPD,MCL,LMP_LOSS_PRC,BNAVSTA_6_N002,ALL,1,2.92258,4,4
2022-09-01T09:45:00-00:00,2022-09-01T10:00:00-00:00,2022-09-01,03,BNAVSTA_6_N002,BNAVSTA_6_N002,BNAVSTA_6_N002,RTPD,MCL,LMP_LOSS_PRC,BNAVSTA_6_N002,ALL,1,3.08115,4,4
2022-09-01T10:45:00-00:00,2022-09-01T11:00:00-00:00,2022-09-01,04,BNAVSTA_6_N002,BNAVSTA_6_N002,BNAVSTA_6_N002,RTPD,MCL,LMP_LOSS_PRC,BNAVSTA_6_N002,ALL,1,3.50463,4,4
2022-09-01T11:45:00-00:00,2022-09-01T12:00:00-00:00,2022-09-01,05,BNAVSTA_6_N002,BNAVSTA_6_N002,BNAVSTA_6_N002,RTPD,MCL,LMP_LOSS_PRC,BNAVSTA_6_N002,ALL,1,0,4,4
2022-09-01T12:45:00-00:00,2022-09-01T13:00:00-00:00,2022-09-01,06,BNAVSTA_6_N002,BNAVSTA_6_N002,BNAVSTA_6_N002,RTPD,MCL,LMP_LOSS_PRC,BNAVSTA_6_N002,ALL,1,0,4,4
2022-09-01T13:45:00-00:00,2022-09-01T14:00:00-00:00,2022-09-01,07,BNAVSTA_6_N002,BNAVSTA_6_N002,BNAVSTA_6_N002,RTPD,MCL,LMP_LOSS_PRC,BNAVSTA_6_N002,ALL,1,0,4,4
2022-09-01T14:45:00-00:00,2022-09-01T15:00:00-00:00,2022-09-01,08,BNAVSTA_6_N002,BNAVSTA_6_N002,BNAVSTA_6_N002,RTPD,MCL,LMP_LOSS_PRC,BNAVSTA_6_N002,ALL,1,0,4,4
2022-09-01T15:45:00-00:00,2022-09-01T16:00:00-00:00,2022-09-01,09,BNAVSTA_6_N002,BNAVSTA_6_N002,BNAVSTA_6_N002,RTPD,MCL,LMP_LOSS_PRC,BNAVSTA_6_N002,ALL,1,0,4,4
2022-09-01T16:45:00-00:00,2022-09-01T17:00:00-00:00,2022-09-01,10,BNAVSTA_6_N002,BNAVSTA_6_N002,BNAVSTA_6_N002,RTPD,MCL,LMP_LOSS_PRC,BNAVSTA_6_N002,ALL,1,0,4,4
2022-09-01T17:45:00-00:00,2022-09-01T18:00:00-00:00,2022-09-01,11,BNAVSTA_6_N002,BNAVSTA_6_N002,BNAVSTA_6_N002,RTPD,MCL,LMP_LOSS_PRC,BNAVSTA_6_N002,ALL,1,0,4,4
2022-09-01T18:45:00-00:00,2022-09-01T19:00:00-00:00,2022-09-01,12,BNAVSTA_6_N002,BNAVSTA_6_N002,BNAVSTA_6_N002,RTPD,MCL,LMP_LOSS_PRC,BNAVSTA_6_N002,ALL,1,0,4,4
2022-09-01T19:45:00-00:00,2022-09-01T20:00:00-00:00,2022-09-01,13,BNAVSTA_6_N002,BNAVSTA_6_N002,BNAVSTA_6_N002,RTPD,MCL,LMP_LOSS_PRC,BNAVSTA_6_N002,ALL,1,0,4,4
2022-09-01T20:45:00-00:00,2022-09-01T21:00:00-00:00,2022-09-01,14,BNAVSTA_6_N002,BNAVSTA_6_N002,BNAVSTA_6_N002,RTPD,MCL,LMP_LOSS_PRC,BNAVSTA_6_N002,ALL,1,0,4,4
2022-09-01T21:45:00-00:00,2022-09-01T22:00:00-00:00,2022-09-01,15,BNAVSTA_6_N002,BNAVSTA_6_N002,BNAVSTA_6_N002,RTPD,MCL,LMP_LOSS_PRC,BNAVSTA_6_N002,ALL,1,0,4,4
2022-09-01T22:45:00-00:00,2022-09-01T23:00:00-00:00,2022-09-01,16,BNAVSTA_6_N002,BNAVSTA_6_N002,BNAVSTA_6_N002,RTPD,MCL,LMP_LOSS_PRC,BNAVSTA_6_N002,ALL,1,0,4,4
2022-09-01T23:45:00-00:00,2022-09-02T00:00:00-00:00,2022-09-01,17,BNAVSTA_6_N002,BNAVSTA_6_N002,BNAVSTA_6_N002,RTPD,MCL,LMP_LOSS_PRC,BNAVSTA_6_N002,ALL,1,0,4,4
2022-09-02T00:45:00-00:00,2022-09-02T01:00:00-00:00,2022-09-01,18,BNAVSTA_6_N002,BNAVSTA_6_N002,BNAVSTA_6_N002,RTPD,MCL,LMP_LOSS_PRC,BNAVSTA_6_N002,ALL,1,0,4,4
2022-09-02T01:45:00-00:00,2022-09-02T02:00:00-00:00,2022-09-01,19,BNAVSTA_6_N002,BNAVSTA_6_N002,BNAVSTA_6_N002,RTPD,MCL,LMP_LOSS_PRC,BNAVSTA_6_N002,ALL,1,0,4,4
2022-09-02T02:45:00-00:00,2022-09-02T03:00:00-00:00,2022-09-01,20,BNAVSTA_6_N002,BNAVSTA_6_N002,BNAVSTA_6_N002,RTPD,MCL,LMP_LOSS_PRC,BNAVSTA_6_N002,ALL,1,109.99944,4,4
2022-09-02T03:45:00-00:00,2022-09-02T04:00:00-00:00,2022-09-01,21,BNAVSTA_6_N002,BNAVSTA_6_N002,BNAVSTA_6_N002,RTPD,MCL,LMP_LOSS_PRC,BNAVSTA_6_N002,ALL,1,6.67578,4,4
2022-09-02T04:45:00-00:00,2022-09-02T05:00:00-00:00,2022-09-01,22,BNAVSTA_6_N002,BNAVSTA_6_N002,BNAVSTA_6_N002,RTPD,MCL,LMP_LOSS_PRC,BNAVSTA_6_N002,ALL,1,2.7381,4,4
2022-09-02T05:45:00-00:00,2022-09-02T06:00:00-00:00,2022-09-01,23,BNAVSTA_6_N002,BNAVSTA_6_N002,BNAVSTA_6_N002,RTPD,MCL,LMP_LOSS_PRC,BNAVSTA_6_N002,ALL,1,3.91542,4,4
2022-09-02T06:45:00-00:00,2022-09-02T07:00:00-00:00,2022-09-01,24,BNAVSTA_6_N002,BNAVSTA_6_N002,BNAVSTA_6_N002,RTPD,MCL,LMP_LOSS_PRC,BNAVSTA_6_N002,ALL,1,3.19965,4,4
2022-09-01T07:00:00-00:00,2022-09-01T07:15:00-00:00,2022-09-01,01,BNAVSTA_6_N002,BNAVSTA_6_N002,BNAVSTA_6_N002,RTPD,MGHG,LMP_GHG_PRC,BNAVSTA_6_N002,ALL,1,0,1,5
2022-09-01T08:00:00-00:00,2022-09-01T08:15:00-00:00,2022-09-01,02,BNAVSTA_6_N002,BNAVSTA_6_N002,BNAVSTA_6_N002,RTPD,MGHG,LMP_GHG_PRC,BNAVSTA_6_N002,ALL,1,0,1,5
2022-09-01T09:00:00-00:00,2022-09-01T09:15:00-00:00,2022-09-01,03,BNAVSTA_6_N002,BNAVSTA_6_N002,BNAVSTA_6_N002,RTPD,MGHG,LMP_GHG_PRC,BNAVSTA_6_N002,ALL,1,0,1,5
2022-09-01T10:00:00-00:00,2022-09-01T10:15:00-00:00,2022-09-01,04,BNAVSTA_6_N002,BNAVSTA_6_N002,BNAVSTA_6_N002,RTPD,MGHG,LMP_GHG_PRC,BNAVSTA_6_N002,ALL,1,0,1,5
2022-09-01T11:00:00-00:00,2022-09-01T11:15:00-00:00,2022-09-01,05,BNAVSTA_6_N002,BNAVSTA_6_N002,BNAVSTA_6_N002,RTPD,MGHG,LMP_GHG_PRC,BNAVSTA_6_N002,ALL,1,0,1,5
2022-09-01T12:00:00-00:00,2022-09-01T12:15:00-00:00,2022-09-01,06,BNAVSTA_6_N002,BNAVSTA_6_N002,BNAVSTA_6_N002,RTPD,MGHG,LMP_GHG_PRC,BNAVSTA_6_N002,ALL,1,0,1,5
2022-09-01T13:00:00-00:00,2022-09-01T13:15:00-00:00,2022-09-01,07,BNAVSTA_6_N002,BNAVSTA_6_N002,BNAVSTA_6_N002,RTPD,MGHG,LMP_GHG_PRC,BNAVSTA_6_N002,ALL,1,0,1,5
2022-09-01T14:00:00-00:00,2022-09-01T14:15:00-00:00,2022-09-01,08,BNAVSTA_6_N002,BNAVSTA_6_N002,BNAVSTA_6_N002,RTPD,MGHG,LMP_GHG_PRC,BNAVSTA_6_N002,ALL,1,0,1,5
2022-09-01T15:00:00-00:00,2022-09-01T15:15:00-00:00,2022-09-01,09,BNAVSTA_6_N002,BNAVSTA_6_N002,BNAVSTA_6_N002,RTPD,MGHG,LMP_GHG_PRC,BNAVSTA_6_N002,ALL,1,0,1,5
2022-09-01T16:00:00-00:00,2022-09-01T16:15:00-00:00,2022-09-01,10,BNAVSTA_6_N002,BNAVSTA_6_N002,BNAVSTA_6_N002,RTPD,MGHG,LMP_GHG_PRC,BNAVSTA_6_N002,ALL,1,0,1,5
2022-09-01T17:00:00-00:00,2022-09-01T17:15:00-00:00,2022-09-01,11,BNAVSTA_6_N002,BNAVSTA_6_N002,BNAVSTA_6_N002,RTPD,MGHG,LMP_GHG_PRC,BNAVSTA_6_N002,ALL,1,0,1,5
2022-09-01T18:00:00-00:00,2022-09-01T18:15:00-00:00,2022-09-01,12,BNAVSTA_6_N002,BNAVSTA_6_N002,BNAVSTA_6_N002,RTPD,MGHG,LMP_GHG_PRC,BNAVSTA_6_N002,ALL,1,0,1,5
2022-09-01T19:00:00-00:00,2022-09-01T19:15:00-00:00,2022-09-01,13,BNAVSTA_6_N002,BNAVSTA_6_N002,BNAVSTA_6_N002,RTPD,MGHG,LMP_GHG_PRC,BNAVSTA_6_N002,ALL,1,0,1,5
2022-09-01T20:00:00-00:00,2022-09-01T20:15:00-00:00,2022-09-01,14,BNAVSTA_6_N002,BNAVSTA_6_N002,BNAVSTA_6_N002,RTPD,MGHG,LMP_GHG_PRC,BNAVSTA_6_N002,ALL,1,0,1,5
2022-09-01T21:00:00-00:00,2022-09-01T21:15:00-00:00,2022-09-01,15,BNAVSTA_6_N002,BNAVSTA_6_N002,BNAVSTA_6_N002,RTPD,MGHG,LMP_GHG_PRC,BNAVSTA_6_N002,ALL,1,0,1,5
2022-09-01T22:00:00-00:00,2022-09-01T22:15:00-00:00,2022-09-01,16,BNAVSTA_6_N002,BNAVSTA_6_N002,BNAVSTA_6_N002,RTPD,MGHG,LMP_GHG_PRC,BNAVSTA_6_N002,ALL,1,0,1,5
2022-09-01T23:00:00-00:00,2022-09-01T23:15:00-00:00,2022-09-01,17,BNAVSTA_6_N002,BNAVSTA_6_N002,BNAVSTA_6_N002,RTPD,MGHG,LMP_GHG_PRC,BNAVSTA_6_N002,ALL,1,0,1,5
2022-09-02T00:00:00-00:00,2022-09-02T00:15:00-00:00,2022-09-01,18,BNAVSTA_6_N002,BNAVSTA_6_N002,BNAVSTA_6_N002,RTPD,MGHG,LMP_GHG_PRC,BNAVSTA_6_N002,ALL,1,0,1,5
2022-09-02T01:00:00-00:00,2022-09-02T01:15:00-00:00,2022-09-01,19,BNAVSTA_6_N002,BNAVSTA_6_N002,BNAVSTA_6_N002,RTPD,MGHG,LMP_GHG_PRC,BNAVSTA_6_N002,ALL,1,0,1,5
2022-09-02T02:00:00-00:00,2022-09-02T02:15:00-00:00,2022-09-01,20,BNAVSTA_6_N002,BNAVSTA_6_N002,BNAVSTA_6_N002,RTPD,MGHG,LMP_GHG_PRC,BNAVSTA_6_N002,ALL,1,0,1,5
2022-09-02T03:00:00-00:00,2022-09-02T03:15:00-00:00,2022-09-01,21,BNAVSTA_6_N002,BNAVSTA_6_N002,BNAVSTA_6_N002,RTPD,MGHG,LMP_GHG_PRC,BNAVSTA_6_N002,ALL,1,0,1,5
2022-09-02T04:00:00-00:00,2022-09-02T04:15:00-00:00,2022-09-01,22,BNAVSTA_6_N002,BNAVSTA_6_N002,BNAVSTA_6_N002,RTPD,MGHG,LMP_GHG_PRC,BNAVSTA_6_N002,ALL,1,0,1,5
2022-09-02T05:00:00-00:00,2022-09-02T05:15:00-00:00,2022-09-01,23,BNAVSTA_6_N002,BNAVSTA_6_N002,BNAVSTA_6_N002,RTPD,MGHG,LMP_GHG_PRC,BNAVSTA_6_N002,ALL,1,0,1,5
2022-09-02T06:00:00-00:00,2022-09-02T06:15:00-00:00,2022-09-01,24,BNAVSTA_6_N002,BNAVSTA_6_N002,BNAVSTA_6_N002,RTPD,MGHG,LMP_GHG_PRC,BNAVSTA_6_N002,ALL,1,0,1,5
2022-09-01T07:15:00-00:00,2022-09-01T07:30:00-00:00,2022-09-01,01,BNAVSTA_6_N002,BNAVSTA_6_N002,BNAVSTA_6_N002,RTPD,MGHG,LMP_GHG_PRC,BNAVSTA_6_N002,ALL,1,0,2,5
2022-09-01T08:15:00-00:00,2022-09-01T08:30:00-00:00,2022-09-01,02,BNAVSTA_6_N002,BNAVSTA_6_N002,BNAVSTA_6_N002,RTPD,MGHG,LMP_GHG_PRC,BNAVSTA_6_N002,ALL,1,0,2,5
2022-09-01T09:15:00-00:00,2022-09-01T09:30:00-00:00,2022-09-01,03,BNAVSTA_6_N002,BNAVSTA_6_N002,BNAVSTA_6_N002,RTPD,MGHG,LMP_GHG_PRC,BNAVSTA_6_N002,ALL,1,0,2,5
2022-09-01T10:15:00-00:00,2022-09-01T10:30:00-00:00,2022-09-01,04,BNAVSTA_6_N002,BNAVSTA_6_N002,BNAVSTA_6_N002,RTPD,MGHG,LMP_GHG_PRC,BNAVSTA_6_N002,ALL,1,0,2,5
2022-09-01T11:15:00-00:00,2022-09-01T11:30:00-00:00,2022-09-01,05,BNAVSTA_6_N002,BNAVSTA_6_N002,BNAVSTA_6_N002,RTPD,MGHG,LMP_GHG_PRC,BNAVSTA_6_N002,ALL,1,0,2,5
2022-09-01T12:15:00-00:00,2022-09-01T12:30:00-00:00,2022-09-01,06,BNAVSTA_6_N002,BNAVSTA_6_N002,BNAVSTA_6_N002,RTPD,MGHG,LMP_GHG_PRC,BNAVSTA_6_N002,ALL,1,0,2,5
2022-09-01T13:15:00-00:00,2022-09-01T13:30:00-00:00,2022-09-01,07,BNAVSTA_6_N002,BNAVSTA_6_N002,BNAVSTA_6_N002,RTPD,MGHG,LMP_GHG_PRC,BNAVSTA_6_N002,ALL,1,0,2,5
2022-09-01T14:15:00-00:00,2022-09-01T14:30:00-00:00,2022-09-01,08,BNAVSTA_6_N002,BNAVSTA_6_N002,BNAVSTA_6_N002,RTPD,MGHG,LMP_GHG_PRC,BNAVSTA_6_N002,ALL,1,0,2,5
2022-09-01T15:15:00-00:00,2022-09-01T15:30:00-00:00,2022-09-01,09,BNAVSTA_6_N002,BNAVSTA_6_N002,BNAVSTA_6_N002,RTPD,MGHG,LMP_GHG_PRC,BNAVSTA_6_N002,ALL,1,0,2,5
2022-09-01T16:15:00-00:00,2022-09-01T16:30:00-00:00,2022-09-01,10,BNAVSTA_6_N002,BNAVSTA_6_N002,BNAVSTA_6_N002,RTPD,MGHG,LMP_GHG_PRC,BNAVSTA_6_N002,ALL,1,0,2,5
2022-09-01T17:15:00-00:00,2022-09-01T17:30:00-00:00,2022-09-01,11,BNAVSTA_6_N002,BNAVSTA_6_N002,BNAVSTA_6_N002,RTPD,MGHG,LMP_GHG_PRC,BNAVSTA_6_N002,ALL,1,0,2,5
2022-09-01T18:15:00-00:00,2022-09-01T18:30:00-00:00,2022-09-01,12,BNAVSTA_6_N002,BNAVSTA_6_N002,BNAVSTA_6_N002,RTPD,MGHG,LMP_GHG_PRC,BNAVSTA_6_N002,ALL,1,0,2,5
2022-09-01T19:15:00-00:00,2022-09-01T19:30:00-00:00,2022-09-01,13,BNAVSTA_6_N002,BNAVSTA_6_N002,BNAVSTA_6_N002,RTPD,MGHG,LMP_GHG_PRC,BNAVSTA_6_N002,ALL,1,0,2,5
2022-09-01T20:15:00-00:00,2022-09-01T20:30:00-00:00,2022-09-01,14,BNAVSTA_6_N002,BNAVSTA_6_N002,BNAVSTA_6_N002,RTPD,MGHG,LMP_GHG_PRC,BNAVSTA_6_N002,ALL,1,0,2,5
2022-09-01T21:15:00-00:00,2022-09-01T21:30:00-00:00,2022-09-01,15,BNAVSTA_6_N002,BNAVSTA_6_N002,BNAVSTA_6_N002,RTPD,MGHG,LMP_GHG_PRC,BNAVSTA_6_N002,ALL,1,0,2,5
2022-09-01T22:15:00-00:00,2022-09-01T22:30:00-00:00,2022-09-01,16,BNAVSTA_6_N002,BNAVSTA_6_N002,BNAVSTA_6_N002,RTPD,MGHG,LMP_GHG_PRC,BNAVSTA_6_N002,ALL,1,0,2,5
2022-09-01T23:15:00-00:00,2022-09-01T23:30:00-00:00,2022-09-01,17,BNAVSTA_6_N002,BNAVSTA_6_N002,BNAVSTA_6_N002,RTPD,MGHG,LMP_GHG_PRC,BNAVSTA_6_N002,ALL,1,0,2,5
2022-09-02T00:15:00-00:00,2022-09-02T00:30:00-00:00,2022-09-01,18,BNAVSTA_6_N002,BNAVSTA_6_N002,BNAVSTA_6_N002,RTPD,MGHG,LMP_GHG_PRC,BNAVSTA_6_N002,ALL,1,0,2,5
2022-09-02T01:15:00-00:00,2022-09-02T01:30:00-00:00,2022-09-01,19,BNAVSTA_6_N002,BNAVSTA_6_N002,BNAVSTA_6_N002,RTPD,MGHG,LMP_GHG_PRC,BNAVSTA_6_N002,ALL,1,0,2,5
2022-09-02T02:15:00-00:00,2022-09-02T02:30:00-00:00,2022-09-01,20,BNAVSTA_6_N002,BNAVSTA_6_N002,BNAVSTA_6_N002,RTPD,MGHG,LMP_GHG_PRC,BNAVSTA_6_N002,ALL,1,0,2,5
2022-09-02T03:15:00-00:00,2022-09-02T03:30:00-00:00,2022-09-01,21,BNAVSTA_6_N002,BNAVSTA_6_N002,BNAVSTA_6_N002,RTPD,MGHG,LMP_GHG_PRC,BNAVSTA_6_N002,ALL,1,0,2,5
2022-09-02T04:15:00-00:00,2022-09-02T04:30:00-00:00,2022-09-01,22,BNAVSTA_6_N002,BNAVSTA_6_N002,BNAVSTA_6_N002,RTPD,MGHG,LMP_GHG_PRC,BNAVSTA_6_N002,ALL,1,0,2,5
2022-09-02T05:15:00-00:00,2022-09-02T05:30:00-00:00,2022-09-01,23,BNAVSTA_6_N002,BNAVSTA_6_N002,BNAVSTA_6_N002,RTPD,MGHG,LMP_GHG_PRC,BNAVSTA_6_N002,ALL,1,0,2,5
2022-09-02T06:15:00-00:00,2022-09-02T06:30:00-00:00,2022-09-01,24,BNAVSTA_6_N002,BNAVSTA_6_N002,BNAVSTA_6_N002,RTPD,MGHG,LMP_GHG_PRC,BNAVSTA_6_N002,ALL,1,0,2,5
2022-09-01T07:30:00-00:00,2022-09-01T07:45:00-00:00,2022-09-01,01,BNAVSTA_6_N002,BNAVSTA_6_N002,BNAVSTA_6_N002,RTPD,MGHG,LMP_GHG_PRC,BNAVSTA_6_N002,ALL,1,0,3,5
2022-09-01T08:30:00-00:00,2022-09-01T08:45:00-00:00,2022-09-01,02,BNAVSTA_6_N002,BNAVSTA_6_N002,BNAVSTA_6_N002,RTPD,MGHG,LMP_GHG_PRC,BNAVSTA_6_N002,ALL,1,0,3,5
2022-09-01T09:30:00-00:00,2022-09-01T09:45:00-00:00,2022-09-01,03,BNAVSTA_6_N002,BNAVSTA_6_N002,BNAVSTA_6_N002,RTPD,MGHG,LMP_GHG_PRC,BNAVSTA_6_N002,ALL,1,0,3,5
2022-09-01T10:30:00-00:00,2022-09-01T10:45:00-00:00,2022-09-01,04,BNAVSTA_6_N002,BNAVSTA_6_N002,BNAVSTA_6_N002,RTPD,MGHG,LMP_GHG_PRC,BNAVSTA_6_N002,ALL,1,0,3,5
2022-09-01T11:30:00-00:00,2022-09-01T11:45:00-00:00,2022-09-01,05,BNAVSTA_6_N002,BNAVSTA_6_N002,BNAVSTA_6_N002,RTPD,MGHG,LMP_GHG_PRC,BNAVSTA_6_N002,ALL,1,0,3,5
2022-09-01T12:30:00-00:00,2022-09-01T12:45:00-00:00,2022-09-01,06,BNAVSTA_6_N002,BNAVSTA_6_N002,BNAVSTA_6_N002,RTPD,MGHG,LMP_GHG_PRC,BNAVSTA_6_N002,ALL,1,0,3,5
2022-09-01T13:30:00-00:00,2022-09-01T13:45:00-00:00,2022-09-01,07,BNAVSTA_6_N002,BNAVSTA_6_N002,BNAVSTA_6_N002,RTPD,MGHG,LMP_GHG_PRC,BNAVSTA_6_N002,ALL,1,0,3,5
2022-09-01T14:30:00-00:00,2022-09-01T14:45:00-00:00,2022-09-01,08,BNAVSTA_6_N002,BNAVSTA_6_N002,BNAVSTA_6_N002,RTPD,MGHG,LMP_GHG_PRC,BNAVSTA_6_N002,ALL,1,0,3,5
2022-09-01T15:30:00-00:00,2022-09-01T15:45:00-00:00,2022-09-01,09,BNAVSTA_6_N002,BNAVSTA_6_N002,BNAVSTA_6_N002,RTPD,MGHG,LMP_GHG_PRC,BNAVSTA_6_N002,ALL,1,0,3,5
2022-09-01T16:30:00-00:00,2022-09-01T16:45:00-00:00,2022-09-01,10,BNAVSTA_6_N002,BNAVSTA_6_N002,BNAVSTA_6_N002,RTPD,MGHG,LMP_GHG_PRC,BNAVSTA_6_N002,ALL,1,0,3,5
2022-09-01T17:30:00-00:00,2022-09-01T17:45:00-00:00,2022-09-01,11,BNAVSTA_6_N002,BNAVSTA_6_N002,BNAVSTA_6_N002,RTPD,MGHG,LMP_GHG_PRC,BNAVSTA_6_N002,ALL,1,0,3,5
2022-09-01T18:30:00-00:00,2022-09-01T18:45:00-00:00,2022-09-01,12,BNAVSTA_6_N002,BNAVSTA_6_N002,BNAVSTA_6_N002,RTPD,MGHG,LMP_GHG_PRC,BNAVSTA_6_N002,ALL,1,0,3,5
2022-09-01T19:30:00-00:00,2022-09-01T19:45:00-00:00,2022-09-01,13,BNAVSTA_6_N002,BNAVSTA_6_N002,BNAVSTA_6_N002,RTPD,MGHG,LMP_GHG_PRC,BNAVSTA_6_N002,ALL,1,0,3,5
2022-09-01T20:30:00-00:00,2022-09-01T20:45:00-00:00,2022-09-01,14,BNAVSTA_6_N002,BNAVSTA_6_N002,BNAVSTA_6_N002,RTPD,MGHG,LMP_GHG_PRC,BNAVSTA_6_N002,ALL,1,0,3,5
2022-09-01T21:30:00-00:00,2022-09-01T21:45:00-00:00,2022-09-01,15,BNAVSTA_6_N002,BNAVSTA_6_N002,BNAVSTA_6_N002,RTPD,MGHG,LMP_GHG_PRC,BNAVSTA_6_N002,ALL,1,0,3,5
2022-09-01T22:30:00-00:00,2022-09-01T22:45:00-00:00,2022-09-01,16,BNAVSTA_6_N002,BNAVSTA_6_N002,BNAVSTA_6_N002,RTPD,MGHG,LMP_GHG_PRC,BNAVSTA_6_N002,ALL,1,0,3,5
2022-09-01T23:30:00-00:00,2022-09-01T23:45:00-00:00,2022-09-01,17,BNAVSTA_6_N002,BNAVSTA_6_N002,BNAVSTA_6_N002,RTPD,MGHG,LMP_GHG_PRC,BNAVSTA_6_N002,ALL,1,0,3,5
2022-09-02T00:30:00-00:00,2022-09-02T00:45:00-00:00,2022-09-01,18,BNAVSTA_6_N002,BNAVSTA_6_N002,BNAVSTA_6_N002,RTPD,MGHG,LMP_GHG_PRC,BNAVSTA_6_N002,ALL,1,0,3,5
2022-09-02T01:30:00-00:00,2022-09-02T01:45:00-00:00,2022-09-01,19,BNAVSTA_6_N002,BNAVSTA_6_N002,BNAVSTA_6_N002,RTPD,MGHG,LMP_GHG_PRC,BNAVSTA_6_N002,ALL,1,0,3,5
2022-09-02T02:30:00-00:00,2022-09-02T02:45:00-00:00,2022-09-01,20,BNAVSTA_6_N002,BNAVSTA_6_N002,BNAVSTA_6_N002,RTPD,MGHG,LMP_GHG_PRC,BNAVSTA_6_N002,ALL,1,0,3,5
2022-09-02T03:30:00-00:00,2022-09-02T03:45:00-00:00,2022-09-01,21,BNAVSTA_6_N002,BNAVSTA_6_N002,BNAVSTA_6_N002,RTPD,MGHG,LMP_GHG_PRC,BNAVSTA_6_N002,ALL,1,0,3,5
2022-09-02T04:30:00-00:00,2022-09-02T04:45:00-00:00,2022-09-01,22,BNAVSTA_6_N002,BNAVSTA_6_N002,BNAVSTA_6_N002,RTPD,MGHG,LMP_GHG_PRC,BNAVSTA_6_N002,ALL,1,0,3,5
2022-09-02T05:30:00-00:00,2022-09-02T05:45:00-00:00,2022-09-01,23,BNAVSTA_6_N002,BNAVSTA_6_N002,BNAVSTA_6_N002,RTPD,MGHG,LMP_GHG_PRC,BNAVSTA_6_N002,ALL,1,0,3,5
2022-09-02T06:30:00-00:00,2022-09-02T06:45:00-00:00,2022-09-01,24,BNAVSTA_6_N002,BNAVSTA_6_N002,BNAVSTA_6_N002,RTPD,MGHG,LMP_GHG_PRC,BNAVSTA_6_N002,ALL,1,0,3,5
2022-09-01T07:45:00-00:00,2022-09-01T08:00:00-00:00,2022-09-01,01,BNAVSTA_6_N002,BNAVSTA_6_N002,BNAVSTA_6_N002,RTPD,MGHG,LMP_GHG_PRC,BNAVSTA_6_N002,ALL,1,0,4,5
2022-09-01T08:45:00-00:00,2022-09-01T09:00:00-00:00,2022-09-01,02,BNAVSTA_6_N002,BNAVSTA_6_N002,BNAVSTA_6_N002,RTPD,MGHG,LMP_GHG_PRC,BNAVSTA_6_N002,ALL,1,0,4,5
2022-09-01T09:45:00-00:00,2022-09-01T10:00:00-00:00,2022-09-01,03,BNAVSTA_6_N002,BNAVSTA_6_N002,BNAVSTA_6_N002,RTPD,MGHG,LMP_GHG_PRC,BNAVSTA_6_N002,ALL,1,0,4,5
2022-09-01T10:45:00-00:00,2022-09-01T11:00:00-00:00,2022-09-01,04,BNAVSTA_6_N002,BNAVSTA_6_N002,BNAVSTA_6_N002,RTPD,MGHG,LMP_GHG_PRC,BNAVSTA_6_N002,ALL,1,0,4,5
2022-09-01T11:45:00-00:00,2022-09-01T12:00:00-00:00,2022-09-01,05,BNAVSTA_6_N002,BNAVSTA_6_N002,BNAVSTA_6_N002,RTPD,MGHG,LMP_GHG_PRC,BNAVSTA_6_N002,ALL,1,0,4,5
2022-09-01T12:45:00-00:00,2022-09-01T13:00:00-00:00,2022-09-01,06,BNAVSTA_6_N002,BNAVSTA_6_N002,BNAVSTA_6_N002,RTPD,MGHG,LMP_GHG_PRC,BNAVSTA_6_N002,ALL,1,0,4,5
2022-09-01T13:45:00-00:00,2022-09-01T14:00:00-00:00,2022-09-01,07,BNAVSTA_6_N002,BNAVSTA_6_N002,BNAVSTA_6_N002,RTPD,MGHG,LMP_GHG_PRC,BNAVSTA_6_N002,ALL,1,0,4,5
2022-09-01T14:45:00-00:00,2022-09-01T15:00:00-00:00,2022-09-01,08,BNAVSTA_6_N002,BNAVSTA_6_N002,BNAVSTA_6_N002,RTPD,MGHG,LMP_GHG_PRC,BNAVSTA_6_N002,ALL,1,0,4,5
2022-09-01T15:45:00-00:00,2022-09-01T16:00:00-00:00,2022-09-01,09,BNAVSTA_6_N002,BNAVSTA_6_N002,BNAVSTA_6_N002,RTPD,MGHG,LMP_GHG_PRC,BNAVSTA_6_N002,ALL,1,0,4,5
2022-09-01T16:45:00-00:00,2022-09-01T17:00:00-00:00,2022-09-01,10,BNAVSTA_6_N002,BNAVSTA_6_N002,BNAVSTA_6_N002,RTPD,MGHG,LMP_GHG_PRC,BNAVSTA_6_N002,ALL,1,0,4,5
2022-09-01T17:45:00-00:00,2022-09-01T18:00:00-00:00,2022-09-01,11,BNAVSTA_6_N002,BNAVSTA_6_N002,BNAVSTA_6_N002,RTPD,MGHG,LMP_GHG_PRC,BNAVSTA_6_N002,ALL,1,0,4,5
2022-09-01T18:45:00-00:00,2022-09-01T19:00:00-00:00,2022-09-01,12,BNAVSTA_6_N002,BNAVSTA_6_N002,BNAVSTA_6_N002,RTPD,MGHG,LMP_GHG_PRC,BNAVSTA_6_N002,ALL,1,0,4,5
2022-09-01T19:45:00-00:00,2022-09-01T20:00:00-00:00,2022-09-01,13,BNAVSTA_6_N002,BNAVSTA_6_N002,BNAVSTA_6_N002,RTPD,MGHG,LMP_GHG_PRC,BNAVSTA_6_N002,ALL,1,0,4,5
2022-09-01T20:45:00-00:00,2022-09-01T21:00:00-00:00,2022-09-01,14,BNAVSTA_6_N002,BNAVSTA_6_N002,BNAVSTA_6_N002,RTPD,MGHG,LMP_GHG_PRC,BNAVSTA_6_N002,ALL,1,0,4,5
2022-09-01T21:45:00-00:00,2022-09-01T22:00:00-00:00,2022-09-01,15,BNAVSTA_6_N002,BNAVSTA_6_N002,BNAVSTA_6_N002,RTPD,MGHG,LMP_GHG_PRC,BNAVSTA_6_N002,ALL,1,0,4,5
2022-09-01T22:45:00-00:00,2022-09-01T23:00:00-00:00,2022-09-01,16,BNAVSTA_6_N002,BNAVSTA_6_N002,BNAVSTA_6_N002,RTPD,MGHG,LMP_GHG_PRC,BNAVSTA_6_N002,ALL,1,0,4,5
2022-09-01T23:45:00-00:00,2022-09-02T00:00:00-00:00,2022-09-01,17,BNAVSTA_6_N002,BNAVSTA_6_N002,BNAVSTA_6_N002,RTPD,MGHG,LMP_GHG_PRC,BNAVSTA_6_N002,ALL,1,0,4,5
2022-09-02T00:45:00-00:00,2022-09-02T01:00:00-00:00,2022-09-01,18,BNAVSTA_6_N002,BNAVSTA_6_N002,BNAVSTA_6_N002,RTPD,MGHG,LMP_GHG_PRC,BNAVSTA_6_N002,ALL,1,0,4,5
2022-09-02T01:45:00-00:00,2022-09-02T02:00:00-00:00,2022-09-01,19,BNAVSTA_6_N002,BNAVSTA_6_N002,BNAVSTA_6_N002,RTPD,MGHG,LMP_GHG_PRC,BNAVSTA_6_N002,ALL,1,0,4,5
2022-09-02T02:45:00-00:00,2022-09-02T03:00:00-00:00,2022-09-01,20,BNAVSTA_6_N002,BNAVSTA_6_N002,BNAVSTA_6_N002,RTPD,MGHG,LMP_GHG_PRC,BNAVSTA_6_N002,ALL,1,0,4,5
2022-09-02T03:45:00-00:00,2022-09-02T04:00:00-00:00,2022-09-01,21,BNAVSTA_6_N002,BNAVSTA_6_N002,BNAVSTA_6_N002,RTPD,MGHG,LMP_GHG_PRC,BNAVSTA_6_N002,ALL,1,0,4,5
2022-09-02T04:45:00-00:00,2022-09-02T05:00:00-00:00,2022-09-01,22,BNAVSTA_6_N002,BNAVSTA_6_N002,BNAVSTA_6_N002,RTPD,MGHG,LMP_GHG_PRC,BNAVSTA_6_N002,ALL,1,0,4,5
2022-09-02T05:45:00-00:00,2022-09-02T06:00:00-00:00,2022-09-01,23,BNAVSTA_6_N002,BNAVSTA_6_N002,BNAVSTA_6_N002,RTPD,MGHG,LMP_GHG_PRC,BNAVSTA_6_N002,ALL,1,0,4,5
2022-09-02T06:45:00-00:00,2022-09-02T07:00:00-00:00,2022-09-01,24,BNAVSTA_6_N002,BNAVSTA_6_N002,BNAVSTA_6_N002,RTPD,MGHG,LMP_GHG_PRC,BNAVSTA_6_N002,ALL,1,0,4,5
