INTERVALSTARTTIME_GMT,INTERVALENDTIME_GMT,OPR_DT,OPR_HR,NODE_ID_XML,NODE_ID,NODE,MARKET_RUN_ID,LMP_TYPE,XML_DATA_ITEM,PNODE_RESMRID,GRP_TYPE,POS,PRC,OPR_INTERVAL,GROUP
2022-09-01T07:00:00-00:00,2022-09-01T07:15:00-00:00,2022-09-01,01,AUBURN_6_N001,AUBURN_6_N001,AUBURN_6_N001,RTPD,LMP,LMP_PRC,AUBURN_6_N001,ALL,1,83.58497,1,1
2022-09-01T08:00:00-00:00,2022-09-01T08:15:00-00:00,2022-09-01,02,AUBURN_6_N001,AUBURN_6_N001,AUBURN_6_N001,RTPD,LMP,LMP_PRC,AUBURN_6_N001,ALL,1,112.50649,1,1
2022-09-01T09:00:00-00:00,2022-09-01T09:15:00-00:00,2022-09-01,03,AUBURN_6_N001,AUBURN_6_N001,AUBURN_6_N001,RTPD,LMP,LMP_PRC,AUBURN_6_N001,ALL,1,96.58175,1,1
2022-09-01T10:00:00-00:00,2022-09-01T10:15:00-00:00,2022-09-01,04,AUBURN_6_N001,AUBURN_6_N001,AUBURN_6_N001,RTPD,LMP,LMP_PRC,AUBURN_6_N001,ALL,1,95.38693,1,1
2022-09-01T11:00:00-00:00,2022-09-01T11:15:00-00:00,2022-09-01,05,AUBURN_6_N001,AUBURN_6_N001,AUBURN_6_N001,RTPD,LMP,LMP_PRC,AUBURN_6_N001,ALL,1,102.18908,1,1
2022-09-01T12:00:00-00:00,2022-09-01T12:15:00-00:00,2022-09-01,06,AUBURN_6_N001,AUBURN_6_N001,AUBURN_6_N001,RTPD,LMP,LMP_PRC,AUBURN_6_N001,ALL,1,86.12402,1,1
2022-09-01T13:00:00-00:00,2022-09-01T13:15:00-00:00,2022-09-01,07,AUBURN_6_N001,AUBURN_6_N001,AUBURN_6_N001,RTPD,LMP,LMP_PRC,AUBURN_6_N001,ALL,1,89.84488,1,1
2022-09-01T14:00:00-00:00,2022-09-01T14:15:00-00:00,2022-09-01,08,AUBURN_6_N001,AUBURN_6_N001,AUBURN_6_N001,RTPD,LMP,LMP_PRC,AUBURN_6_N001,ALL,1,113.16776,1,1
2022-09-01T15:00:00-00:00,2022-09-01T15:15:00-00:00,2022-09-01,09,AUBURN_6_N001,AUBURN_6_N001,AUBURN_6_N001,RTPD,LMP,LMP_PRC,AUBURN_6_N001,ALL,1,97.4112,1,1
2022-09-01T16:00:00-00:00,2022-09-01T16:15:00-00:00,2022-09-01,10,AUBURN_6_N001,AUBURN_6_N001,AUBURN_6_N001,RTPD,LMP,LMP_PRC,AUBURN_6_N001,ALL,1,118.12342,1,1
2022-09-01T17:00:00-00:00,2022-09-01T17:15:00-00:00,2022-09-01,11,AUBURN_6_N001,AUBURN_6_N001,AUBURN_6_N001,RTPD,LMP,LMP_PRC,AUBURN_6_N001,ALL,1,85.51009,1,1
2022-09-01T18:00:00-00:00,2022-09-01T18:15:00-00:00,2022-09-01,12,AUBURN_6_N001,AUBURN_6_N001,AUBURN_6_N001,RTPD,LMP,LMP_PRC,AUBURN_6_N001,ALL,1,66.66824,1,1
2022-09-01T19:00:00-00:00,2022-09-01T19:15:00-00:00,2022-09-01,13,AUBURN_6_N001,AUBURN_6_N001,AUBURN_6_N001,RTPD,LMP,LMP_PRC,AUBURN_6_N001,ALL,1,76.36116,1,1
2022-09-01T20:00:00-00:00,2022-09-01T20:15:00-00:00,2022-09-01,14,AUBURN_6_N001,AUBURN_6_N001,AUBURN_6_N001,RTPD,LMP,LMP_PRC,AUBURN_6_N001,ALL,1,114.71529,1,1
2022-09-01T21:00:00-00:00,2022-09-01T21:15:00-00:00,2022-09-01,15,AUBURN_6_N001,AUBURN_6_N001,AUBURN_6_N001,RTPD,LMP,LMP_PRC,AUBURN_6_N001,ALL,1,135.48846,1,1
2022-09-01T22:00:00-00:00,2022-09-01T22:15:00-00:00,2022-09-01,16,AUBURN_6_N001,AUBURN_6_N001,AUBURN_6_N001,RTPD,LMP,LMP_PRC,AUBURN_6_N001,ALL,1,130.11188,1,1
2022-09-01T23:00:00-00:00,2022-09-01T23:15:00-00:00,2022-09-01,17,AUBURN_6_N001,AUBURN_6_N001,AUBURN_6_N001,RTPD,LMP,LMP_PRC,AUBURN_6_N001,ALL,1,233.06403,1,1
2022-09-02T00:00:00-00:00,2022-09-02T00:15:00-00:00,2022-09-01,18,AUBURN_6_N001,AUBURN_6_N001,AUBURN_6_N001,RTPD,LMP,LMP_PRC,AUBURN_6_N001,ALL,1,1122.5215,1,1
2022-09-02T01:00:00-00:00,2022-09-02T01:15:00-00:00,2022-09-01,19,AUBURN_6_N001,AUBURN_6_N001,AUBURN_6_N001,RTPD,LMP,LMP_PRC,AUBURN_6_N001,ALL,1,1251.6777,1,1
2022-09-02T02:00:00-00:00,2022-09-02T02:15:00-00:00,2022-09-01,20,AUBURN_6_N001,AUBURN_6_N001,AUBURN_6_N001,RTPD,LMP,LMP_PRC,AUBURN_6_N001,ALL,1,1991.6721,1,1
2022-09-02T03:00:00-00:00,2022-09-02T03:15:00-00:00,2022-09-01,21,AUBURN_6_N001,AUBURN_6_N001,AUBURN_6_N001,RTPD,LMP,LMP_PRC,AUBURN_6_N001,ALL,1,1389.1884,1,1
2022-09-02T04:00:00-00:00,2022-09-02T04:15:00-00:00,2022-09-01,22,AUBURN_6_N001,AUBURN_6_N001,AUBURN_6_N001,RTPD,LMP,LMP_PRC,AUBURN_6_N001,ALL,1,265.66806,1,1
2022-09-02T05:00:00-00:00,2022-09-02T05:15:00-00:00,2022-09-01,23,AUBURN_6_N001,AUBURN_6_N001,AUBURN_6_N001,RTPD,LMP,LMP_PRC,AUBURN_6_N001,ALL,1,187.25967,1,1
2022-09-02T06:00:00-00:00,2022-09-02T06:15:00-00:00,2022-09-01,24,AUBURN_6_N001,AUBURN_6_N001,AUBURN_6_N001,RTPD,LMP,LMP_PRC,AUBURN_6_N001,ALL,1,160.97993,1,1
2022-09-01T07:15:00-00:00,2022-09-01T07:30:00-00:00,2022-09-01,01,AUBURN_6_N001,AUBURN_6_N001,AUBURN_6_N001,RTPD,LMP,LMP_PRC,AUBURN_6_N001,ALL,1,116.42351,2,1
2022-09-01T08:15:00-00:00,2022-09-01T08:30:00-00:00,2022-09-01,02,AUBURN_6_N001,AUBURN_6_N001,AUBURN_6_N001,RTPD,LMP,LMP_PRC,AUBURN_6_N001,ALL,1,114.70124,2,1
2022-09-01T09:15:00-00:00,2022-09-01T09:30:00-00:00,2022-09-01,03,AUBURN_6_N001,AUBURN_6_N001,AUBURN_6_N001,RTPD,LMP,LMP_PRC,AUBURN_6_N001,ALL,1,93.99993,2,1
2022-09-01T10:15:00-00:00,2022-09-01T10:30:00-00:00,2022-09-01,04,AUBURN_6_N001,AUBURN_6_N001,AUBURN_6_N001,RTPD,LMP,LMP_PRC,AUBURN_6_N001,ALL,1,92.07772,2,1
2022-09-01T11:15:00-00:00,2022-09-01T11:30:00-00:00,2022-09-01,05,AUBURN_6_N001,AUBURN_6_N001,AUBURN_6_N001,RTPD,LMP,LMP_PRC,AUBURN_6_N001,ALL,1,102.65761,2,1
2022-09-01T12:15:00-00:00,2022-09-01T12:30:00-00:00,2022-09-01,06,AUBURN_6_N001,AUBURN_6_N001,AUBURN_6_N001,RTPD,LMP,LMP_PRC,AUBURN_6_N001,ALL,1,102.05976,2,1
2022-09-01T13:15:00-00:00,2022-09-01T13:30:00-00:00,2022-09-01,07,AUBURN_6_N001,AUBURN_6_N001,AUBURN_6_N001,RTPD,LMP,LMP_PRC,AUBURN_6_N001,ALL,1,108.97775,2,1
2022-09-01T14:15:00-00:00,2022-09-01T14:30:00-00:00,2022-09-01,08,AUBURN_6_N001,AUBURN_6_N001,AUBURN_6_N001,RTPD,LMP,LMP_PRC,AUBURN_6_N001,ALL,1,106.86223,2,1
2022-09-01T15:15:00-00:00,2022-09-01T15:30:00-00:00,2022-09-01,09,AUBURN_6_N001,AUBURN_6_N001,AUBURN_6_N001,RTPD,LMP,LMP_PRC,AUBURN_6_N001,ALL,1,86.9388,2,1
2022-09-01T16:15:00-00:00,2022-09-01T16:30:00-00:00,2022-09-01,10,AUBURN_6_N001,AUBURN_6_N001,AUBURN_6_N001,RTPD,LMP,LMP_PRC,AUBURN_6_N001,ALL,1,102.47535,2,1
2022-09-01T17:15:00-00:00,2022-09-01T17:30:00-00:00,2022-09-01,11,AUBURN_6_N001,AUBURN_6_N001,AUBURN_6_N001,RTPD,LMP,LMP_PRC,AUBURN_6_N001,ALL,1,84.54541,2,1
2022-09-01T18:15:00-00:00,2022-09-01T18:30:00-00:00,2022-09-01,12,AUBURN_6_N001,AUBURN_6_N001,AUBURN_6_N001,RTPD,LMP,LMP_PRC,AUBURN_6_N001,ALL,1,81.28426,2,1
2022-09-01T19:15:00-00:00,2022-09-01T19:30:00-00:00,2022-09-01,13,AUBURN_6_N001,AUBURN_6_N001,AUBURN_6_N001,RTPD,LMP,LMP_PRC,AUBURN_6_N001,ALL,1,78.26697,2,1
2022-09-01T20:15:00-00:00,2022-09-01T20:30:00-00:00,2022-09-01,14,AUBURN_6_N001,AUBURN_6_N001,AUBURN_6_N001,RTPD,LMP,LMP_PRC,AUBURN_6_N001,ALL,1,114.57035,2,1
2022-09-01T21:15:00-00:00,2022-09-01T21:30:00-00:00,2022-09-01,15,AUBURN_6_N001,AUBURN_6_N001,AUBURN_6_N001,RTPD,LMP,LMP_PRC,AUBURN_6_N001,ALL,1,122.47823,2,1
2022-09-01T22:15:00-00:00,2022-09-01T22:30:00-00:00,2022-09-01,16,AUBURN_6_N001,AUBURN_6_N001,AUBURN_6_N001,RTPD,LMP,LMP_PRC,AUBURN_6_N001,ALL,1,189.13179,2,1
2022-09-01T23:15:00-00:00,2022-09-01T23:30:00-00:00,2022-09-01,17,AUBURN_6_N001,AUBURN_6_N001,AUBURN_6_N001,RTPD,LMP,LMP_PRC,AUBURN_6_N001,ALL,1,274.789,2,1
2022-09-02T00:15:00-00:00,2022-09-02T00:30:00-00:00,2022-09-01,18,AUBURN_6_N001,AUBURN_6_N001,AUBURN_6_N001,RTPD,LMP,LMP_PRC,AUBURN_6_N001,ALL,1,1033.9102,2,1
2022-09-02T01:15:00-00:00,2022-09-02T01:30:00-00:00,2022-09-01,19,AUBURN_6_N001,AUBURN_6_N001,AUBURN_6_N001,RTPD,LMP,LMP_PRC,AUBURN_6_N001,ALL,1,1999.9933,2,1
2022-09-02T02:15:00-00:00,2022-09-02T02:30:00-00:00,2022-09-01,20,AUBURN_6_N001,AUBURN_6_N001,AUBURN_6_N001,RTPD,LMP,LMP_PRC,AUBURN_6_N001,ALL,1,1991.6721,2,1
2022-09-02T03:15:00-00:00,2022-09-02T03:30:00-00:00,2022-09-01,21,AUBURN_6_N001,AUBURN_6_N001,AUBURN_6_N001,RTPD,LMP,LMP_PRC,AUBURN_6_N001,ALL,1,569.902,2,1
2022-09-02T04:15:00-00:00,2022-09-02T04:30:00-00:00,2022-09-01,22,AUBURN_6_N001,AUBURN_6_N001,AUBURN_6_N001,RTPD,LMP,LMP_PRC,AUBURN_6_N001,ALL,1,230.66135,2,1
2022-09-02T05:15:00-00:00,2022-09-02T05:30:00-00:00,2022-09-01,23,AUBURN_6_N001,AUBURN_6_N001,AUBURN_6_N001,RTPD,LMP,LMP_PRC,AUBURN_6_N001,ALL,1,159.75948,2,1
2022-09-02T06:15:00-00:00,2022-09-02T06:30:00-00:00,2022-09-01,24,AUBURN_6_N001,AUBURN_6_N001,AUBURN_6_N001,RTPD,LMP,LMP_PRC,AUBURN_6_N001,ALL,1,143.65858,2,1
2022-09-01T07:30:00-00:00,2022-09-01T07:45:00-00:00,2022-09-01,01,AUBURN_6_N001,AUBURN_6_N001,AUBURN_6_N001,RTPD,LMP,LMP_PRC,AUBURN_6_N001,ALL,1,104.24807,3,1
2022-09-01T08:30:00-00:00,2022-09-01T08:45:00-00:00,2022-09-01,02,AUBURN_6_N001,AUBURN_6_N001,AUBURN_6_N001,RTPD,LMP,LMP_PRC,AUBURN_6_N001,ALL,1,113.08942,3,1
2022-09-01T09:30:00-00:00,2022-09-01T09:45:00-00:00,2022-09-01,03,AUBURN_6_N001,AUBURN_6_N001,AUBURN_6_N001,RTPD,LMP,LMP_PRC,AUBURN_6_N001,ALL,1,93.74627,3,1
2022-09-01T10:30:00-00:00,2022-09-01T10:45:00-00:00,2022-09-01,04,AUBURN_6_N001,AUBURN_6_N001,AUBURN_6_N001,RTPD,LMP,LMP_PRC,AUBURN_6_N001,ALL,1,93.87213,3,1
2022-09-01T11:30:00-00:00,2022-09-01T11:45:00-00:00,2022-09-01,05,AUBURN_6_N001,AUBURN_6_N001,AUBURN_6_N001,RTPD,LMP,LMP_PRC,AUBURN_6_N001,ALL,1,102.31993,3,1
2022-09-01T12:30:00-00:00,2022-09-01T12:45:00-00:00,2022-09-01,06,AUBURN_6_N001,AUBURN_6_N001,AUBURN_6_N001,RTPD,LMP,LMP_PRC,AUBURN_6_N001,ALL,1,102.33977,3,1
2022-09-01T13:30:00-00:00,2022-09-01T13:45:00-00:00,2022-09-01,07,AUBURN_6_N001,AUBURN_6_N001,AUBURN_6_N001,RTPD,LMP,LMP_PRC,AUBURN_6_N001,ALL,1,110.24892,3,1
2022-09-01T14:30:00-00:00,2022-09-01T14:45:00-00:00,2022-09-01,08,AUBURN_6_N001,AUBURN_6_N001,AUBURN_6_N001,RTPD,LMP,LMP_PRC,AUBURN_6_N001,ALL,1,104.1561,3,1
2022-09-01T15:30:00-00:00,2022-09-01T15:45:00-00:00,2022-09-01,09,AUBURN_6_N001,AUBURN_6_N001,AUBURN_6_N001,RTPD,LMP,LMP_PRC,AUBURN_6_N001,ALL,1,86.1388,3,1
2022-09-01T16:30:00-00:00,2022-09-01T16:45:00-00:00,2022-09-01,10,AUBURN_6_N001,AUBURN_6_N001,AUBURN_6_N001,RTPD,LMP,LMP_PRC,AUBURN_6_N001,ALL,1,80.74022,3,1
2022-09-01T17:30:00-00:00,2022-09-01T17:45:00-00:00,2022-09-01,11,AUBURN_6_N001,AUBURN_6_N001,AUBURN_6_N001,RTPD,LMP,LMP_PRC,AUBURN_6_N001,ALL,1,88.76866,3,1
2022-09-01T18:30:00-00:00,2022-09-01T18:45:00-00:00,2022-09-01,12,AUBURN_6_N001,AUBURN_6_N001,AUBURN_6_N001,RTPD,LMP,LMP_PRC,AUBURN_6_N001,ALL,1,81.81055,3,1
2022-09-01T19:30:00-00:00,2022-09-01T19:45:00-00:00,2022-09-01,13,AUBURN_6_N001,AUBURN_6_N001,AUBURN_6_N001,RTPD,LMP,LMP_PRC,AUBURN_6_N001,ALL,1,145.88817,3,1
2022-09-01T20:30:00-00:00,2022-09-01T20:45:00-00:00,2022-09-01,14,AUBURN_6_N001,AUBURN_6_N001,AUBURN_6_N001,RTPD,LMP,LMP_PRC,AUBURN_6_N001,ALL,1,118.01886,3,1
2022-09-01T21:30:00-00:00,2022-09-01T21:45:00-00:00,2022-09-01,15,AUBURN_6_N001,AUBURN_6_N001,AUBURN_6_N001,RTPD,LMP,LMP_PRC,AUBURN_6_N001,ALL,1,130.2091,3,1
2022-09-01T22:30:00-00:00,2022-09-01T22:45:00-00:00,2022-09-01,16,AUBURN_6_N001,AUBURN_6_N001,AUBURN_6_N001,RTPD,LMP,LMP_PRC,AUBURN_6_N001,ALL,1,205.65675,3,1
2022-09-01T23:30:00-00:00,2022-09-01T23:45:00-00:00,2022-09-01,17,AUBURN_6_N001,AUBURN_6_N001,AUBURN_6_N001,RTPD,LMP,LMP_PRC,AUBURN_6_N001,ALL,1,566.48157,3,1
2022-09-02T00:30:00-00:00,2022-09-02T00:45:00-00:00,2022-09-01,18,AUBURN_6_N001,AUBURN_6_N001,AUBURN_6_N001,RTPD,LMP,LMP_PRC,AUBURN_6_N001,ALL,1,1797.0038,3,1
2022-09-02T01:30:00-00:00,2022-09-02T01:45:00-00:00,2022-09-01,19,AUBURN_6_N001,AUBURN_6_N001,AUBURN_6_N001,RTPD,LMP,LMP_PRC,AUBURN_6_N001,ALL,1,1999.9956,3,1
2022-09-02T02:30:00-00:00,2022-09-02T02:45:00-00:00,2022-09-01,20,AUBURN_6_N001,AUBURN_6_N001,AUBURN_6_N001,RTPD,LMP,LMP_PRC,AUBURN_6_N001,ALL,1,1991.671,3,1
2022-09-02T03:30:00-00:00,2022-09-02T03:45:00-00:00,2022-09-01,21,AUBURN_6_N001,AUBURN_6_N001,AUBURN_6_N001,RTPD,LMP,LMP_PRC,AUBURN_6_N001,ALL,1,229.26198,3,1
2022-09-02T04:30:00-00:00,2022-09-02T04:45:00-00:00,2022-09-01,22,AUBURN_6_N001,AUBURN_6_N001,AUBURN_6_N001,RTPD,LMP,LMP_PRC,AUBURN_6_N001,ALL,1,183.29808,3,1
2022-09-02T05:30:00-00:00,2022-09-02T05:45:00-00:00,2022-09-01,23,AUBURN_6_N001,AUBURN_6_N001,AUBURN_6_N001,RTPD,LMP,LMP_PRC,AUBURN_6_N001,ALL,1,133.41125,3,1
2022-09-02T06:30:00-00:00,2022-09-02T06:45:00-00:00,2022-09-01,24,AUBURN_6_N001,AUBURN_6_N001,AUBURN_6_N001,RTPD,LMP,LMP_PRC,AUBURN_6_N001,ALL,1,129.95451,3,1
2022-09-01T07:45:00-00:00,2022-09-01T08:00:00-00:00,2022-09-01,01,AUBURN_6_N001,AUBURN_6_N001,AUBURN_6_N001,RTPD,LMP,LMP_PRC,AUBURN_6_N001,ALL,1,92.35667,4,1
2022-09-01T08:45:00-00:00,2022-09-01T09:00:00-00:00,2022-09-01,02,AUBURN_6_N001,AUBURN_6_N001,AUBURN_6_N001,RTPD,LMP,LMP_PRC,AUBURN_6_N001,ALL,1,96.19346,4,1
2022-09-01T09:45:00-00:00,2022-09-01T10:00:00-00:00,2022-09-01,03,AUBURN_6_N001,AUBURN_6_N001,AUBURN_6_N001,RTPD,LMP,LMP_PRC,AUBURN_6_N001,ALL,1,93.65007,4,1
2022-09-01T10:45:00-00:00,2022-09-01T11:00:00-00:00,2022-09-01,04,AUBURN_6_N001,AUBURN_6_N001,AUBURN_6_N001,RTPD,LMP,LMP_PRC,AUBURN_6_N001,ALL,1,93.79942,4,1
2022-09-01T11:45:00-00:00,2022-09-01T12:00:00-00:00,2022-09-01,05,AUBURN_6_N001,AUBURN_6_N001,AUBURN_6_N001,RTPD,LMP,LMP_PRC,AUBURN_6_N001,ALL,1,107.01,4,1
2022-09-01T12:45:00-00:00,2022-09-01T13:00:00-00:00,2022-09-01,06,AUBURN_6_N001,AUBURN_6_N001,AUBURN_6_N001,RTPD,LMP,LMP_PRC,AUBURN_6_N001,ALL,1,114.35157,4,1
2022-09-01T13:45:00-00:00,2022-09-01T14:00:00-00:00,2022-09-01,07,AUBURN_6_N001,AUBURN_6_N001,AUBURN_6_N001,RTPD,LMP,LMP_PRC,AUBURN_6_N001,ALL,1,111.41,4,1
2022-09-01T14:45:00-00:00,2022-09-01T15:00:00-00:00,2022-09-01,08,AUBURN_6_N001,AUBURN_6_N001,AUBURN_6_N001,RTPD,LMP,LMP_PRC,AUBURN_6_N001,ALL,1,86.1388,4,1
2022-09-01T15:45:00-00:00,2022-09-01T16:00:00-00:00,2022-09-01,09,AUBURN_6_N001,AUBURN_6_N001,AUBURN_6_N001,RTPD,LMP,LMP_PRC,AUBURN_6_N001,ALL,1,78.70076,4,1
2022-09-01T16:45:00-00:00,2022-09-01T17:00:00-00:00,2022-09-01,10,AUBURN_6_N001,AUBURN_6_N001,AUBURN_6_N001,RTPD,LMP,LMP_PRC,AUBURN_6_N001,ALL,1,83.88077,4,1
2022-09-01T17:45:00-00:00,2022-09-01T18:00:00-00:00,2022-09-01,11,AUBURN_6_N001,AUBURN_6_N001,AUBURN_6_N001,RTPD,LMP,LMP_PRC,AUBURN_6_N001,ALL,1,95.06517,4,1
2022-09-01T18:45:00-00:00,2022-09-01T19:00:00-00:00,2022-09-01,12,AUBURN_6_N001,AUBURN_6_N001,AUBURN_6_N001,RTPD,LMP,LMP_PRC,AUBURN_6_N001,ALL,1,85.78373,4,1
2022-09-01T19:45:00-00:00,2022-09-01T20:00:00-00:00,2022-09-01,13,AUBURN_6_N001,AUBURN_6_N001,AUBURN_6_N001,RTPD,LMP,LMP_PRC,AUBURN_6_N001,ALL,1,107.63693,4,1
2022-09-01T20:45:00-00:00,2022-09-01T21:00:00-00:00,2022-09-01,14,AUBURN_6_N001,AUBURN_6_N001,AUBURN_6_N001,RTPD,LMP,LMP_PRC,AUBURN_6_N001,ALL,1,127.86693,4,1
2022-09-01T21:45:00-00:00,2022-09-01T22:00:00-00:00,2022-09-01,15,AUBURN_6_N001,AUBURN_6_N001,AUBURN_6_N001,RTPD,LMP,LMP_PRC,AUBURN_6_N001,ALL,1,249.97765,4,1
2022-09-01T22:45:00-00:00,2022-09-01T23:00:00-00:00,2022-09-01,16,AUBURN_6_N001,AUBURN_6_N001,AUBURN_6_N001,RTPD,LMP,LMP_PRC,AUBURN_6_N001,ALL,1,229.32611,4,1
2022-09-01T23:45:00-00:00,2022-09-02T00:00:00-00:00,2022-09-01,17,AUBURN_6_N001,AUBURN_6_N001,AUBURN_6_N001,RTPD,LMP,LMP_PRC,AUBURN_6_N001,ALL,1,1668.7698,4,1
2022-09-02T00:45:00-00:00,2022-09-02T01:00:00-00:00,2022-09-01,18,AUBURN_6_N001,AUBURN_6_N001,AUBURN_6_N001,RTPD,LMP,LMP_PRC,AUBURN_6_N001,ALL,1,1813.7383,4,1
2022-09-02T01:45:00-00:00,2022-09-02T02:00:00-00:00,2022-09-01,19,AUBURN_6_N001,AUBURN_6_N001,AUBURN_6_N001,RTPD,LMP,LMP_PRC,AUBURN_6_N001,ALL,1,1991.9337,4,1
2022-09-02T02:45:00-00:00,2022-09-02T03:00:00-00:00,2022-09-01,20,AUBURN_6_N001,AUBURN_6_N001,AUBURN_6_N001,RTPD,LMP,LMP_PRC,AUBURN_6_N001,ALL,1,1834.3236,4,1
2022-09-02T03:45:00-00:00,2022-09-02T04:00:00-00:00,2022-09-01,21,AUBURN_6_N001,AUBURN_6_N001,AUBURN_6_N001,RTPD,LMP,LMP_PRC,AUBURN_6_N001,ALL,1,165.96227,4,1
2022-09-02T04:45:00-00:00,2022-09-02T05:00:00-00:00,2022-09-01,22,AUBURN_6_N001,AUBURN_6_N001,AUBURN_6_N001,RTPD,LMP,LMP_PRC,AUBURN_6_N001,ALL,1,129.53986,4,1
2022-09-02T05:45:00-00:00,2022-09-02T06:00:00-00:00,2022-09-01,23,AUBURN_6_N001,AUBURN_6_N001,AUBURN_6_N001,RTPD,LMP,LMP_PRC,AUBURN_6_N001,ALL,1,116.67497,4,1
2022-09-02T06:45:00-00:00,2022-09-02T07:00:00-00:00,2022-09-01,24,AUBURN_6_N001,AUBURN_6_N001,AUBURN_6_N001,RTPD,LMP,LMP_PRC,AUBURN_6_N001,ALL,1,110.83036,4,1
2022-09-01T07:00:00-00:00,2022-09-01T07:15:00-00:00,2022-09-01,01,AUBURN_6_N001,AUBURN_6_N001,AUBURN_6_N001,RTPD,MCC,LMP_CONG_PRC,AUBURN_6_N001,ALL,1,-13.23865,1,2
2022-09-01T08:00:00-00:00,2022-09-01T08:15:00-00:00,2022-09-01,02,AUBURN_6_N001,AUBURN_6_N001,AUBURN_6_N001,RTPD,MCC,LMP_CONG_PRC,AUBURN_6_N001,ALL,1,-3.04231,1,2
2022-09-01T09:00:00-00:00,2022-09-01T09:15:00-00:00,2022-09-01,03,AUBURN_6_N001,AUBURN_6_N001,AUBURN_6_N001,RTPD,MCC,LMP_CONG_PRC,AUBURN_6_N001,ALL,1,-4.07635,1,2
2022-09-01T10:00:00-00:00,2022-09-01T10:15:00-00:00,2022-09-01,04,AUBURN_6_N001,AUBURN_6_N001,AUBURN_6_N001,RTPD,MCC,LMP_CONG_PRC,AUBURN_6_N001,ALL,1,-3.53149,1,2
2022-09-01T11:00:00-00:00,2022-09-01T11:15:00-00:00,2022-09-01,05,AUBURN_6_N001,AUBURN_6_N001,AUBURN_6_N001,RTPD,MCC,LMP_CONG_PRC,AUBURN_6_N001,ALL,1,0,1,2
2022-09-01T12:00:00-00:00,2022-09-01T12:15:00-00:00,2022-09-01,06,AUBURN_6_N001,AUBURN_6_N001,AUBURN_6_N001,RTPD,MCC,LMP_CONG_PRC,AUBURN_6_N001,ALL,1,-9.05946,1,2
2022-09-01T13:00:00-00:00,2022-09-01T13:15:00-00:00,2022-09-01,07,AUBURN_6_N001,AUBURN_6_N001,AUBURN_6_N001,RTPD,MCC,LMP_CONG_PRC,AUBURN_6_N001,ALL,1,-11.9639,1,2
2022-09-01T14:00:00-00:00,2022-09-01T14:15:00-00:00,2022-09-01,08,AUBURN_6_N001,AUBURN_6_N001,AUBURN_6_N001,RTPD,MCC,LMP_CONG_PRC,AUBURN_6_N001,ALL,1,0,1,2
2022-09-01T15:00:00-00:00,2022-09-01T15:15:00-00:00,2022-09-01,09,AUBURN_6_N001,AUBURN_6_N001,AUBURN_6_N001,RTPD,MCC,LMP_CONG_PRC,AUBURN_6_N001,ALL,1,0,1,2
2022-09-01T16:00:00-00:00,2022-09-01T16:15:00-00:00,2022-09-01,10,AUBURN_6_N001,AUBURN_6_N001,AUBURN_6_N001,RTPD,MCC,LMP_CONG_PRC,AUBURN_6_N001,ALL,1,34.68817,1,2
2022-09-01T17:00:00-00:00,2022-09-01T17:15:00-00:00,2022-09-01,11,AUBURN_6_N001,AUBURN_6_N001,AUBURN_6_N001,RTPD,MCC,LMP_CONG_PRC,AUBURN_6_N001,ALL,1,-11.43888,1,2
2022-09-01T18:00:00-00:00,2022-09-01T18:15:00-00:00,2022-09-01,12,AUBURN_6_N001,AUBURN_6_N001,AUBURN_6_N001,RTPD,MCC,LMP_CONG_PRC,AUBURN_6_N001,ALL,1,-24.92467,1,2
2022-09-01T19:00:00-00:00,2022-09-01T19:15:00-00:00,2022-09-01,13,AUBURN_6_N001,AUBURN_6_N001,AUBURN_6_N001,RTPD,MCC,LMP_CONG_PRC,AUBURN_6_N001,ALL,1,-32.83521,1,2
2022-09-01T20:00:00-00:00,2022-09-01T20:15:00-00:00,2022-09-01,14,AUBURN_6_N001,AUBURN_6_N001,AUBURN_6_N001,RTPD,MCC,LMP_CONG_PRC,AUBURN_6_N001,ALL,1,-3.2283,1,2
2022-09-01T21:00:00-00:00,2022-09-01T21:15:00-00:00,2022-09-01,15,AUBURN_6_N001,AUBURN_6_N001,AUBURN_6_N001,RTPD,MCC,LMP_CONG_PRC,AUBURN_6_N001,ALL,1,-91.12653,1,2
2022-09-01T22:00:00-00:00,2022-09-01T22:15:00-00:00,2022-09-01,16,AUBURN_6_N001,AUBURN_6_N001,AUBURN_6_N001,RTPD,MCC,LMP_CONG_PRC,AUBURN_6_N001,ALL,1,-99.07363,1,2
2022-09-01T23:00:00-00:00,2022-09-01T23:15:00-00:00,2022-09-01,17,AUBURN_6_N001,AUBURN_6_N001,AUBURN_6_N001,RTPD,MCC,LMP_CONG_PRC,AUBURN_6_N001,ALL,1,-153.68967,1,2
2022-09-02T00:00:00-00:00,2022-09-02T00:15:00-00:00,2022-09-01,18,AUBURN_6_N001,AUBURN_6_N001,AUBURN_6_N001,RTPD,MCC,LMP_CONG_PRC,AUBURN_6_N001,ALL,1,339.37958,1,2
2022-09-02T01:00:00-00:00,2022-09-02T01:15:00-00:00,2022-09-01,19,AUBURN_6_N001,AUBURN_6_N001,AUBURN_6_N001,RTPD,MCC,LMP_CONG_PRC,AUBURN_6_N001,ALL,1,335.40652,1,2
2022-09-02T02:00:00-00:00,2022-09-02T02:15:00-00:00,2022-09-01,20,AUBURN_6_N001,AUBURN_6_N001,AUBURN_6_N001,RTPD,MCC,LMP_CONG_PRC,AUBURN_6_N001,ALL,1,0,1,2
2022-09-02T03:00:00-00:00,2022-09-02T03:15:00-00:00,2022-09-01,21,AUBURN_6_N001,AUBURN_6_N001,AUBURN_6_N001,RTPD,MCC,LMP_CONG_PRC,AUBURN_6_N001,ALL,1,417.0433,1,2
2022-09-02T04:00:00-00:00,2022-09-02T04:15:00-00:00,2022-09-01,22,AUBURN_6_N001,AUBURN_6_N001,AUBURN_6_N001,RTPD,MCC,LMP_CONG_PRC,AUBURN_6_N001,ALL,1,0,1,2
2022-09-02T05:00:00-00:00,2022-09-02T05:15:00-00:00,2022-09-01,23,AUBURN_6_N001,AUBURN_6_N001,AUBURN_6_N001,RTPD,MCC,LMP_CONG_PRC,AUBURN_6_N001,ALL,1,0,1,2
2022-09-02T06:00:00-00:00,2022-09-02T06:15:00-00:00,2022-09-01,24,AUBURN_6_N001,AUBURN_6_N001,AUBURN_6_N001,RTPD,MCC,LMP_CONG_PRC,AUBURN_6_N001,ALL,1,0,1,2
2022-09-01T07:15:00-00:00,2022-09-01T07:30:00-00:00,2022-09-01,01,AUBURN_6_N001,AUBURN_6_N001,AUBURN_6_N001,RTPD,MCC,LMP_CONG_PRC,AUBURN_6_N001,ALL,1,-9.12793,2,2
2022-09-01T08:15:00-00:00,2022-09-01T08:30:00-00:00,2022-09-01,02,AUBURN_6_N001,AUBURN_6_N001,AUBURN_6_N001,RTPD,MCC,LMP_CONG_PRC,AUBURN_6_N001,ALL,1,-0.83041,2,2
2022-09-01T09:15:00-00:00,2022-09-01T09:30:00-00:00,2022-09-01,03,AUBURN_6_N001,AUBURN_6_N001,AUBURN_6_N001,RTPD,MCC,LMP_CONG_PRC,AUBURN_6_N001,ALL,1,-5.35737,2,2
2022-09-01T10:15:00-00:00,2022-09-01T10:30:00-00:00,2022-09-01,04,AUBURN_6_N001,AUBURN_6_N001,AUBURN_6_N001,RTPD,MCC,LMP_CONG_PRC,AUBURN_6_N001,ALL,1,-4.99702,2,2
2022-09-01T11:15:00-00:00,2022-09-01T11:30:00-00:00,2022-09-01,05,AUBURN_6_N001,AUBURN_6_N001,AUBURN_6_N001,RTPD,MCC,LMP_CONG_PRC,AUBURN_6_N001,ALL,1,0,2,2
2022-09-01T12:15:00-00:00,2022-09-01T12:30:00-00:00,2022-09-01,06,AUBURN_6_N001,AUBURN_6_N001,AUBURN_6_N001,RTPD,MCC,LMP_CONG_PRC,AUBURN_6_N001,ALL,1,-5.52405,2,2
2022-09-01T13:15:00-00:00,2022-09-01T13:30:00-00:00,2022-09-01,07,AUBURN_6_N001,AUBURN_6_N001,AUBURN_6_N001,RTPD,MCC,LMP_CONG_PRC,AUBURN_6_N001,ALL,1,-0.51342,2,2
2022-09-01T14:15:00-00:00,2022-09-01T14:30:00-00:00,2022-09-01,08,AUBURN_6_N001,AUBURN_6_N001,AUBURN_6_N001,RTPD,MCC,LMP_CONG_PRC,AUBURN_6_N001,ALL,1,0,2,2
2022-09-01T15:15:00-00:00,2022-09-01T15:30:00-00:00,2022-09-01,09,AUBURN_6_N001,AUBURN_6_N001,AUBURN_6_N001,RTPD,MCC,LMP_CONG_PRC,AUBURN_6_N001,ALL,1,0,2,2
2022-09-01T16:15:00-00:00,2022-09-01T16:30:00-00:00,2022-09-01,10,AUBURN_6_N001,AUBURN_6_N001,AUBURN_6_N001,RTPD,MCC,LMP_CONG_PRC,AUBURN_6_N001,ALL,1,13.02677,2,2
2022-09-01T17:15:00-00:00,2022-09-01T17:30:00-00:00,2022-09-01,11,AUBURN_6_N001,AUBURN_6_N001,AUBURN_6_N001,RTPD,MCC,LMP_CONG_PRC,AUBURN_6_N001,ALL,1,-14.80131,2,2
2022-09-01T18:15:00-00:00,2022-09-01T18:30:00-00:00,2022-09-01,12,AUBURN_6_N001,AUBURN_6_N001,AUBURN_6_N001,RTPD,MCC,LMP_CONG_PRC,AUBURN_6_N001,ALL,1,-19.87475,2,2
2022-09-01T19:15:00-00:00,2022-09-01T19:30:00-00:00,2022-09-01,13,AUBURN_6_N001,AUBURN_6_N001,AUBURN_6_N001,RTPD,MCC,LMP_CONG_PRC,AUBURN_6_N001,ALL,1,-27.03891,2,2
2022-09-01T20:15:00-00:00,2022-09-01T20:30:00-00:00,2022-09-01,14,AUBURN_6_N001,AUBURN_6_N001,AUBURN_6_N001,RTPD,MCC,LMP_CONG_PRC,AUBURN_6_N001,ALL,1,-2.92386,2,2
2022-09-01T21:15:00-00:00,2022-09-01T21:30:00-00:00,2022-09-01,15,AUBURN_6_N001,AUBURN_6_N001,AUBURN_6_N001,RTPD,MCC,LMP_CONG_PRC,AUBURN_6_N001,ALL,1,-24.73362,2,2
2022-09-01T22:15:00-00:00,2022-09-01T22:30:00-00:00,2022-09-01,16,AUBURN_6_N001,AUBURN_6_N001,AUBURN_6_N001,RTPD,MCC,LMP_CONG_PRC,AUBURN_6_N001,ALL,1,-67.45554,2,2
2022-09-01T23:15:00-00:00,2022-09-01T23:30:00-00:00,2022-09-01,17,AUBURN_6_N001,AUBURN_6_N001,AUBURN_6_N001,RTPD,MCC,LMP_CONG_PRC,AUBURN_6_N001,ALL,1,-87.33508,2,2
2022-09-02T00:15:00-00:00,2022-09-02T00:30:00-00:00,2022-09-01,18,AUBURN_6_N001,AUBURN_6_N001,AUBURN_6_N001,RTPD,MCC,LMP_CONG_PRC,AUBURN_6_N001,ALL,1,330.31918,2,2
2022-09-02T01:15:00-00:00,2022-09-02T01:30:00-00:00,2022-09-01,19,AUBURN_6_N001,AUBURN_6_N001,AUBURN_6_N001,RTPD,MCC,LMP_CONG_PRC,AUBURN_6_N001,ALL,1,0,2,2
2022-09-02T02:15:00-00:00,2022-09-02T02:30:00-00:00,2022-09-01,20,AUBURN_6_N001,AUBURN_6_N001,AUBURN_6_N001,RTPD,MCC,LMP_CONG_PRC,AUBURN_6_N001,ALL,1,0,2,2
2022-09-02T03:15:00-00:00,2022-09-02T03:30:00-00:00,2022-09-01,21,AUBURN_6_N001,AUBURN_6_N001,AUBURN_6_N001,RTPD,MCC,LMP_CONG_PRC,AUBURN_6_N001,ALL,1,146.18253,2,2
2022-09-02T04:15:00-00:00,2022-09-02T04:30:00-00:00,2022-09-01,22,AUBURN_6_N001,AUBURN_6_N001,AUBURN_6_N001,RTPD,MCC,LMP_CONG_PRC,AUBURN_6_N001,ALL,1,0,2,2
2022-09-02T05:15:00-00:00,2022-09-02T05:30:00-00:00,2022-09-01,23,AUBURN_6_N001,AUBURN_6_N001,AUBURN_6_N001,RTPD,MCC,LMP_CONG_PRC,AUBURN_6_N001,ALL,1,0,2,2
2022-09-02T06:15:00-00:00,2022-09-02T06:30:00-00:00,2022-09-01,24,AUBURN_6_N001,AUBURN_6_N001,AUBURN_6_N001,RTPD,MCC,LMP_CONG_PRC,AUBURN_6_N001,ALL,1,0,2,2
2022-09-01T07:30:00-00:00,2022-09-01T07:45:00-00:00,2022-09-01,01,AUBURN_6_N001,AUBURN_6_N001,AUBURN_6_N001,RTPD,MCC,LMP_CONG_PRC,AUBURN_6_N001,ALL,1,-14.7839,3,2
2022-09-01T08:30:00-00:00,2022-09-01T08:45:00-00:00,2022-09-01,02,AUBURN_6_N001,AUBURN_6_N001,AUBURN_6_N001,RTPD,MCC,LMP_CONG_PRC,AUBURN_6_N001,ALL,1,-0.00079,3,2
2022-09-01T09:30:00-00:00,2022-09-01T09:45:00-00:00,2022-09-01,03,AUBURN_6_N001,AUBURN_6_N001,AUBURN_6_N001,RTPD,MCC,LMP_CONG_PRC,AUBURN_6_N001,ALL,1,-5.30929,3,2
2022-09-01T10:30:00-00:00,2022-09-01T10:45:00-00:00,2022-09-01,04,AUBURN_6_N001,AUBURN_6_N001,AUBURN_6_N001,RTPD,MCC,LMP_CONG_PRC,AUBURN_6_N001,ALL,1,-2.81776,3,2
2022-09-01T11:30:00-00:00,2022-09-01T11:45:00-00:00,2022-09-01,05,AUBURN_6_N001,AUBURN_6_N001,AUBURN_6_N001,RTPD,MCC,LMP_CONG_PRC,AUBURN_6_N001,ALL,1,0,3,2
2022-09-01T12:30:00-00:00,2022-09-01T12:45:00-00:00,2022-09-01,06,AUBURN_6_N001,AUBURN_6_N001,AUBURN_6_N001,RTPD,MCC,LMP_CONG_PRC,AUBURN_6_N001,ALL,1,-9.56472,3,2
2022-09-01T13:30:00-00:00,2022-09-01T13:45:00-00:00,2022-09-01,07,AUBURN_6_N001,AUBURN_6_N001,AUBURN_6_N001,RTPD,MCC,LMP_CONG_PRC,AUBURN_6_N001,ALL,1,0,3,2
2022-09-01T14:30:00-00:00,2022-09-01T14:45:00-00:00,2022-09-01,08,AUBURN_6_N001,AUBURN_6_N001,AUBURN_6_N001,RTPD,MCC,LMP_CONG_PRC,AUBURN_6_N001,ALL,1,0,3,2
2022-09-01T15:30:00-00:00,2022-09-01T15:45:00-00:00,2022-09-01,09,AUBURN_6_N001,AUBURN_6_N001,AUBURN_6_N001,RTPD,MCC,LMP_CONG_PRC,AUBURN_6_N001,ALL,1,0,3,2
2022-09-01T16:30:00-00:00,2022-09-01T16:45:00-00:00,2022-09-01,10,AUBURN_6_N001,AUBURN_6_N001,AUBURN_6_N001,RTPD,MCC,LMP_CONG_PRC,AUBURN_6_N001,ALL,1,-8.05622,3,2
2022-09-01T17:30:00-00:00,2022-09-01T17:45:00-00:00,2022-09-01,11,AUBURN_6_N001,AUBURN_6_N001,AUBURN_6_N001,RTPD,MCC,LMP_CONG_PRC,AUBURN_6_N001,ALL,1,-10.36148,3,2
2022-09-01T18:30:00-00:00,2022-09-01T18:45:00-00:00,2022-09-01,12,AUBURN_6_N001,AUBURN_6_N001,AUBURN_6_N001,RTPD,MCC,LMP_CONG_PRC,AUBURN_6_N001,ALL,1,-25.24662,3,2
2022-09-01T19:30:00-00:00,2022-09-01T19:45:00-00:00,2022-09-01,13,AUBURN_6_N001,AUBURN_6_N001,AUBURN_6_N001,RTPD,MCC,LMP_CONG_PRC,AUBURN_6_N001,ALL,1,31.82912,3,2
2022-09-01T20:30:00-00:00,2022-09-01T20:45:00-00:00,2022-09-01,14,AUBURN_6_N001,AUBURN_6_N001,AUBURN_6_N001,RTPD,MCC,LMP_CONG_PRC,AUBURN_6_N001,ALL,1,-11.79718,3,2
2022-09-01T21:30:00-00:00,2022-09-01T21:45:00-00:00,2022-09-01,15,AUBURN_6_N001,AUBURN_6_N001,AUBURN_6_N001,RTPD,MCC,LMP_CONG_PRC,AUBURN_6_N001,ALL,1,-22.72148,3,2
2022-09-01T22:30:00-00:00,2022-09-01T22:45:00-00:00,2022-09-01,16,AUBURN_6_N001,AUBURN_6_N001,AUBURN_6_N001,RTPD,MCC,LMP_CONG_PRC,AUBURN_6_N001,ALL,1,-77.52506,3,2
2022-09-01T23:30:00-00:00,2022-09-01T23:45:00-00:00,2022-09-01,17,AUBURN_6_N001,AUBURN_6_N001,AUBURN_6_N001,RTPD,MCC,LMP_CONG_PRC,AUBURN_6_N001,ALL,1,0,3,2
2022-09-02T00:30:00-00:00,2022-09-02T00:45:00-00:00,2022-09-01,18,AUBURN_6_N001,AUBURN_6_N001,AUBURN_6_N001,RTPD,MCC,LMP_CONG_PRC,AUBURN_6_N001,ALL,1,467.89117,3,2
2022-09-02T01:30:00-00:00,2022-09-02T01:45:00-00:00,2022-09-01,19,AUBURN_6_N001,AUBURN_6_N001,AUBURN_6_N001,RTPD,MCC,LMP_CONG_PRC,AUBURN_6_N001,ALL,1,0,3,2
2022-09-02T02:30:00-00:00,2022-09-02T02:45:00-00:00,2022-09-01,20,AUBURN_6_N001,AUBURN_6_N001,AUBURN_6_N001,RTPD,MCC,LMP_CONG_PRC,AUBURN_6_N001,ALL,1,0,3,2
2022-09-02T03:30:00-00:00,2022-09-02T03:45:00-00:00,2022-09-01,21,AUBURN_6_N001,AUBURN_6_N001,AUBURN_6_N001,RTPD,MCC,LMP_CONG_PRC,AUBURN_6_N001,ALL,1,32.88363,3,2
2022-09-02T04:30:00-00:00,2022-09-02T04:45:00-00:00,2022-09-01,22,AUBURN_6_N001,AUBURN_6_N001,AUBURN_6_N001,RTPD,MCC,LMP_CONG_PRC,AUBURN_6_N001,ALL,1,0,3,2
2022-09-02T05:30:00-00:00,2022-09-02T05:45:00-00:00,2022-09-01,23,AUBURN_6_N001,AUBURN_6_N001,AUBURN_6_N001,RTPD,MCC,LMP_CONG_PRC,AUBURN_6_N001,ALL,1,0,3,2
2022-09-02T06:30:00-00:00,2022-09-02T06:45:00-00:00,2022-09-01,24,AUBURN_6_N001,AUBURN_6_N001,AUBURN_6_N001,RTPD,MCC,LMP_CONG_PRC,AUBURN_6_N001,ALL,1,0,3,2
2022-09-01T07:45:00-00:00,2022-09-01T08:00:00-00:00,2022-09-01,01,AUBURN_6_N001,AUBURN_6_N001,AUBURN_6_N001,RTPD,MCC,LMP_CONG_PRC,AUBURN_6_N001,ALL,1,-16.76432,4,2
2022-09-01T08:45:00-00:00,2022-09-01T09:00:00-00:00,2022-09-01,02,AUBURN_6_N001,AUBURN_6_N001,AUBURN_6_N001,RTPD,MCC,LMP_CONG_PRC,AUBURN_6_N001,ALL,1,-4.09239,4,2
2022-09-01T09:45:00-00:00,2022-09-01T10:00:00-00:00,2022-09-01,03,AUBURN_6_N001,AUBURN_6_N001,AUBURN_6_N001,RTPD,MCC,LMP_CONG_PRC,AUBURN_6_N001,ALL,1,-4.72247,4,2
2022-09-01T10:45:00-00:00,2022-09-01T11:00:00-00:00,2022-09-01,04,AUBURN_6_N001,AUBURN_6_N001,AUBURN_6_N001,RTPD,MCC,LMP_CONG_PRC,AUBURN_6_N001,ALL,1,-1.10968,4,2
2022-09-01T11:45:00-00:00,2022-09-01T12:00:00-00:00,2022-09-01,05,AUBURN_6_N001,AUBURN_6_N001,AUBURN_6_N001,RTPD,MCC,LMP_CONG_PRC,AUBURN_6_N001,ALL,1,0,4,2
2022-09-01T12:45:00-00:00,2022-09-01T13:00:00-00:00,2022-09-01,06,AUBURN_6_N001,AUBURN_6_N001,AUBURN_6_N001,RTPD,MCC,LMP_CONG_PRC,AUBURN_6_N001,ALL,1,-2.13323,4,2
2022-09-01T13:45:00-00:00,2022-09-01T14:00:00-00:00,2022-09-01,07,AUBURN_6_N001,AUBURN_6_N001,AUBURN_6_N001,RTPD,MCC,LMP_CONG_PRC,AUBURN_6_N001,ALL,1,0,4,2
2022-09-01T14:45:00-00:00,2022-09-01T15:00:00-00:00,2022-09-01,08,AUBURN_6_N001,AUBURN_6_N001,AUBURN_6_N001,RTPD,MCC,LMP_CONG_PRC,AUBURN_6_N001,ALL,1,0,4,2
2022-09-01T15:45:00-00:00,2022-09-01T16:00:00-00:00,2022-09-01,09,AUBURN_6_N001,AUBURN_6_N001,AUBURN_6_N001,RTPD,MCC,LMP_CONG_PRC,AUBURN_6_N001,ALL,1,0,4,2
2022-09-01T16:45:00-00:00,2022-09-01T17:00:00-00:00,2022-09-01,10,AUBURN_6_N001,AUBURN_6_N001,AUBURN_6_N001,RTPD,MCC,LMP_CONG_PRC,AUBURN_6_N001,ALL,1,-7.36856,4,2
2022-09-01T17:45:00-00:00,2022-09-01T18:00:00-00:00,2022-09-01,11,AUBURN_6_N001,AUBURN_6_N001,AUBURN_6_N001,RTPD,MCC,LMP_CONG_PRC,AUBURN_6_N001,ALL,1,-4.14027,4,2
2022-09-01T18:45:00-00:00,2022-09-01T19:00:00-00:00,2022-09-01,12,AUBURN_6_N001,AUBURN_6_N001,AUBURN_6_N001,RTPD,MCC,LMP_CONG_PRC,AUBURN_6_N001,ALL,1,-23.25691,4,2
2022-09-01T19:45:00-00:00,2022-09-01T20:00:00-00:00,2022-09-01,13,AUBURN_6_N001,AUBURN_6_N001,AUBURN_6_N001,RTPD,MCC,LMP_CONG_PRC,AUBURN_6_N001,ALL,1,-12.58798,4,2
2022-09-01T20:45:00-00:00,2022-09-01T21:00:00-00:00,2022-09-01,14,AUBURN_6_N001,AUBURN_6_N001,AUBURN_6_N001,RTPD,MCC,LMP_CONG_PRC,AUBURN_6_N001,ALL,1,-26.15816,4,2
2022-09-01T21:45:00-00:00,2022-09-01T22:00:00-00:00,2022-09-01,15,AUBURN_6_N001,AUBURN_6_N001,AUBURN_6_N001,RTPD,MCC,LMP_CONG_PRC,AUBURN_6_N001,ALL,1,-50.31611,4,2
2022-09-01T22:45:00-00:00,2022-09-01T23:00:00-00:00,2022-09-01,16,AUBURN_6_N001,AUBURN_6_N001,AUBURN_6_N001,RTPD,MCC,LMP_CONG_PRC,AUBURN_6_N001,ALL,1,-200.58759,4,2
2022-09-01T23:45:00-00:00,2022-09-02T00:00:00-00:00,2022-09-01,17,AUBURN_6_N001,AUBURN_6_N001,AUBURN_6_N001,RTPD,MCC,LMP_CONG_PRC,AUBURN_6_N001,ALL,1,407.5573,4,2
2022-09-02T00:45:00-00:00,2022-09-02T01:00:00-00:00,2022-09-01,18,AUBURN_6_N001,AUBURN_6_N001,AUBURN_6_N001,RTPD,MCC,LMP_CONG_PRC,AUBURN_6_N001,ALL,1,294.58932,4,2
2022-09-02T01:45:00-00:00,2022-09-02T02:00:00-00:00,2022-09-01,19,AUBURN_6_N001,AUBURN_6_N001,AUBURN_6_N001,RTPD,MCC,LMP_CONG_PRC,AUBURN_6_N001,ALL,1,0,4,2
2022-09-02T02:45:00-00:00,2022-09-02T03:00:00-00:00,2022-09-01,20,AUBURN_6_N001,AUBURN_6_N001,AUBURN_6_N001,RTPD,MCC,LMP_CONG_PRC,AUBURN_6_N001,ALL,1,132.99892,4,2
2022-09-02T03:45:00-00:00,2022-09-02T04:00:00-00:00,2022-09-01,21,AUBURN_6_N001,AUBURN_6_N001,AUBURN_6_N001,RTPD,MCC,LMP_CONG_PRC,AUBURN_6_N001,ALL,1,19.15153,4,2
2022-09-02T04:45:00-00:00,2022-09-02T05:00:00-00:00,2022-09-01,22,AUBURN_6_N001,AUBURN_6_N001,AUBURN_6_N001,RTPD,MCC,LMP_CONG_PRC,AUBURN_6_N001,ALL,1,0,4,2
2022-09-02T05:45:00-00:00,2022-09-02T06:00:00-00:00,2022-09-01,23,AUBURN_6_N001,AUBURN_6_N001,AUBURN_6_N001,RTPD,MCC,LMP_CONG_PRC,AUBURN_6_N001,ALL,1,-3.92933,4,2
2022-09-02T06:45:00-00:00,2022-09-02T07:00:00-00:00,2022-09-01,24,AUBURN_6_N001,AUBURN_6_N001,AUBURN_6_N001,RTPD,MCC,LMP_CONG_PRC,AUBURN_6_N001,ALL,1,0,4,2
2022-09-01T07:00:00-00:00,2022-09-01T07:15:00-00:00,2022-09-01,01,AUBURN_6_N001,AUBURN_6_N001,AUBURN_6_N001,RTPD,MCE,LMP_ENE_PRC,AUBURN_6_N001,ALL,1,104.23471,1,3
2022-09-01T08:00:00-00:00,2022-09-01T08:15:00-00:00,2022-09-01,02,AUBURN_6_N001,AUBURN_6_N001,AUBURN_6_N001,RTPD,MCE,LMP_ENE_PRC,AUBURN_6_N001,ALL,1,115.5488,1,3
2022-09-01T09:00:00-00:00,2022-09-01T09:15:00-00:00,2022-09-01,03,AUBURN_6_N001,AUBURN_6_N001,AUBURN_6_N001,RTPD,MCE,LMP_ENE_PRC,AUBURN_6_N001,ALL,1,99.73061,1,3
2022-09-01T10:00:00-00:00,2022-09-01T10:15:00-00:00,2022-09-01,04,AUBURN_6_N001,AUBURN_6_N001,AUBURN_6_N001,RTPD,MCE,LMP_ENE_PRC,AUBURN_6_N001,ALL,1,98.64222,1,3
2022-09-01T11:00:00-00:00,2022-09-01T11:15:00-00:00,2022-09-01,05,AUBURN_6_N001,AUBURN_6_N001,AUBURN_6_N001,RTPD,MCE,LMP_ENE_PRC,AUBURN_6_N001,ALL,1,102.56859,1,3
2022-09-01T12:00:00-00:00,2022-09-01T12:15:00-00:00,2022-09-01,06,AUBURN_6_N001,AUBURN_6_N001,AUBURN_6_N001,RTPD,MCE,LMP_ENE_PRC,AUBURN_6_N001,ALL,1,96.90845,1,3
2022-09-01T13:00:00-00:00,2022-09-01T13:15:00-00:00,2022-09-01,07,AUBURN_6_N001,AUBURN_6_N001,AUBURN_6_N001,RTPD,MCE,LMP_ENE_PRC,AUBURN_6_N001,ALL,1,101.80878,1,3
2022-09-01T14:00:00-00:00,2022-09-01T14:15:00-00:00,2022-09-01,08,AUBURN_6_N001,AUBURN_6_N001,AUBURN_6_N001,RTPD,MCE,LMP_ENE_PRC,AUBURN_6_N001,ALL,1,111.11219,1,3
2022-09-01T15:00:00-00:00,2022-09-01T15:15:00-00:00,2022-09-01,09,AUBURN_6_N001,AUBURN_6_N001,AUBURN_6_N001,RTPD,MCE,LMP_ENE_PRC,AUBURN_6_N001,ALL,1,97.4112,1,3
2022-09-01T16:00:00-00:00,2022-09-01T16:15:00-00:00,2022-09-01,10,AUBURN_6_N001,AUBURN_6_N001,AUBURN_6_N001,RTPD,MCE,LMP_ENE_PRC,AUBURN_6_N001,ALL,1,83.43525,1,3
2022-09-01T17:00:00-00:00,2022-09-01T17:15:00-00:00,2022-09-01,11,AUBURN_6_N001,AUBURN_6_N001,AUBURN_6_N001,RTPD,MCE,LMP_ENE_PRC,AUBURN_6_N001,ALL,1,96.94897,1,3
2022-09-01T18:00:00-00:00,2022-09-01T18:15:00-00:00,2022-09-01,12,AUBURN_6_N001,AUBURN_6_N001,AUBURN_6_N001,RTPD,MCE,LMP_ENE_PRC,AUBURN_6_N001,ALL,1,91.59291,1,3
2022-09-01T19:00:00-00:00,2022-09-01T19:15:00-00:00,2022-09-01,13,AUBURN_6_N001,AUBURN_6_N001,AUBURN_6_N001,RTPD,MCE,LMP_ENE_PRC,AUBURN_6_N001,ALL,1,109.19637,1,3
2022-09-01T20:00:00-00:00,2022-09-01T20:15:00-00:00,2022-09-01,14,AUBURN_6_N001,AUBURN_6_N001,AUBURN_6_N001,RTPD,MCE,LMP_ENE_PRC,AUBURN_6_N001,ALL,1,117.94359,1,3
2022-09-01T21:00:00-00:00,2022-09-01T21:15:00-00:00,2022-09-01,15,AUBURN_6_N001,AUBURN_6_N001,AUBURN_6_N001,RTPD,MCE,LMP_ENE_PRC,AUBURN_6_N001,ALL,1,226.61499,1,3
2022-09-01T22:00:00-00:00,2022-09-01T22:15:00-00:00,2022-09-01,16,AUBURN_6_N001,AUBURN_6_N001,AUBURN_6_N001,RTPD,MCE,LMP_ENE_PRC,AUBURN_6_N001,ALL,1,229.18552,1,3
2022-09-01T23:00:00-00:00,2022-09-01T23:15:00-00:00,2022-09-01,17,AUBURN_6_N001,AUBURN_6_N001,AUBURN_6_N001,RTPD,MCE,LMP_ENE_PRC,AUBURN_6_N001,ALL,1,386.7537,1,3
2022-09-02T00:00:00-00:00,2022-09-02T00:15:00-00:00,2022-09-01,18,AUBURN_6_N001,AUBURN_6_N001,AUBURN_6_N001,RTPD,MCE,LMP_ENE_PRC,AUBURN_6_N001,ALL,1,770.58136,1,3
2022-09-02T01:00:00-00:00,2022-09-02T01:15:00-00:00,2022-09-01,19,AUBURN_6_N001,AUBURN_6_N001,AUBURN_6_N001,RTPD,MCE,LMP_ENE_PRC,AUBURN_6_N001,ALL,1,916.27124,1,3
2022-09-02T02:00:00-00:00,2022-09-02T02:15:00-00:00,2022-09-01,20,AUBURN_6_N001,AUBURN_6_N001,AUBURN_6_N001,RTPD,MCE,LMP_ENE_PRC,AUBURN_6_N001,ALL,1,1991.6721,1,3
2022-09-02T03:00:00-00:00,2022-09-02T03:15:00-00:00,2022-09-01,21,AUBURN_6_N001,AUBURN_6_N001,AUBURN_6_N001,RTPD,MCE,LMP_ENE_PRC,AUBURN_6_N001,ALL,1,917.5508,1,3
2022-09-02T04:00:00-00:00,2022-09-02T04:15:00-00:00,2022-09-01,22,AUBURN_6_N001,AUBURN_6_N001,AUBURN_6_N001,RTPD,MCE,LMP_ENE_PRC,AUBURN_6_N001,ALL,1,257.83005,1,3
2022-09-02T05:00:00-00:00,2022-09-02T05:15:00-00:00,2022-09-01,23,AUBURN_6_N001,AUBURN_6_N001,AUBURN_6_N001,RTPD,MCE,LMP_ENE_PRC,AUBURN_6_N001,ALL,1,183.24657,1,3
2022-09-02T06:00:00-00:00,2022-09-02T06:15:00-00:00,2022-09-01,24,AUBURN_6_N001,AUBURN_6_N001,AUBURN_6_N001,RTPD,MCE,LMP_ENE_PRC,AUBURN_6_N001,ALL,1,158.867,1,3
2022-09-01T07:15:00-00:00,2022-09-01T07:30:00-00:00,2022-09-01,01,AUBURN_6_N001,AUBURN_6_N001,AUBURN_6_N001,RTPD,MCE,LMP_ENE_PRC,AUBURN_6_N001,ALL,1,125.55144,2,3
2022-09-01T08:15:00-00:00,2022-09-01T08:30:00-00:00,2022-09-01,02,AUBURN_6_N001,AUBURN_6_N001,AUBURN_6_N001,RTPD,MCE,LMP_ENE_PRC,AUBURN_6_N001,ALL,1,115.53165,2,3
2022-09-01T09:15:00-00:00,2022-09-01T09:30:00-00:00,2022-09-01,03,AUBURN_6_N001,AUBURN_6_N001,AUBURN_6_N001,RTPD,MCE,LMP_ENE_PRC,AUBURN_6_N001,ALL,1,98.30543,2,3
2022-09-01T10:15:00-00:00,2022-09-01T10:30:00-00:00,2022-09-01,04,AUBURN_6_N001,AUBURN_6_N001,AUBURN_6_N001,RTPD,MCE,LMP_ENE_PRC,AUBURN_6_N001,ALL,1,97.00684,2,3
2022-09-01T11:15:00-00:00,2022-09-01T11:30:00-00:00,2022-09-01,05,AUBURN_6_N001,AUBURN_6_N001,AUBURN_6_N001,RTPD,MCE,LMP_ENE_PRC,AUBURN_6_N001,ALL,1,103.09059,2,3
2022-09-01T12:15:00-00:00,2022-09-01T12:30:00-00:00,2022-09-01,06,AUBURN_6_N001,AUBURN_6_N001,AUBURN_6_N001,RTPD,MCE,LMP_ENE_PRC,AUBURN_6_N001,ALL,1,109.32203,2,3
2022-09-01T13:15:00-00:00,2022-09-01T13:30:00-00:00,2022-09-01,07,AUBURN_6_N001,AUBURN_6_N001,AUBURN_6_N001,RTPD,MCE,LMP_ENE_PRC,AUBURN_6_N001,ALL,1,110.97827,2,3
2022-09-01T14:15:00-00:00,2022-09-01T14:30:00-00:00,2022-09-01,08,AUBURN_6_N001,AUBURN_6_N001,AUBURN_6_N001,RTPD,MCE,LMP_ENE_PRC,AUBURN_6_N001,ALL,1,104.78743,2,3
2022-09-01T15:15:00-00:00,2022-09-01T15:30:00-00:00,2022-09-01,09,AUBURN_6_N001,AUBURN_6_N001,AUBURN_6_N001,RTPD,MCE,LMP_ENE_PRC,AUBURN_6_N001,ALL,1,86.9388,2,3
2022-09-01T16:15:00-00:00,2022-09-01T16:30:00-00:00,2022-09-01,10,AUBURN_6_N001,AUBURN_6_N001,AUBURN_6_N001,RTPD,MCE,LMP_ENE_PRC,AUBURN_6_N001,ALL,1,89.44858,2,3
2022-09-01T17:15:00-00:00,2022-09-01T17:30:00-00:00,2022-09-01,11,AUBURN_6_N001,AUBURN_6_N001,AUBURN_6_N001,RTPD,MCE,LMP_ENE_PRC,AUBURN_6_N001,ALL,1,99.34673,2,3
2022-09-01T18:15:00-00:00,2022-09-01T18:30:00-00:00,2022-09-01,12,AUBURN_6_N001,AUBURN_6_N001,AUBURN_6_N001,RTPD,MCE,LMP_ENE_PRC,AUBURN_6_N001,ALL,1,101.15901,2,3
2022-09-01T19:15:00-00:00,2022-09-01T19:30:00-00:00,2022-09-01,13,AUBURN_6_N001,AUBURN_6_N001,AUBURN_6_N001,RTPD,MCE,LMP_ENE_PRC,AUBURN_6_N001,ALL,1,105.30588,2,3
2022-09-01T20:15:00-00:00,2022-09-01T20:30:00-00:00,2022-09-01,14,AUBURN_6_N001,AUBURN_6_N001,AUBURN_6_N001,RTPD,MCE,LMP_ENE_PRC,AUBURN_6_N001,ALL,1,117.49421,2,3
2022-09-01T21:15:00-00:00,2022-09-01T21:30:00-00:00,2022-09-01,15,AUBURN_6_N001,AUBURN_6_N001,AUBURN_6_N001,RTPD,MCE,LMP_ENE_PRC,AUBURN_6_N001,ALL,1,147.21185,2,3
2022-09-01T22:15:00-00:00,2022-09-01T22:30:00-00:00,2022-09-01,16,AUBURN_6_N001,AUBURN_6_N001,AUBURN_6_N001,RTPD,MCE,LMP_ENE_PRC,AUBURN_6_N001,ALL,1,256.58734,2,3
2022-09-01T23:15:00-00:00,2022-09-01T23:30:00-00:00,2022-09-01,17,AUBURN_6_N001,AUBURN_6_N001,AUBURN_6_N001,RTPD,MCE,LMP_ENE_PRC,AUBURN_6_N001,ALL,1,362.12408,2,3
2022-09-02T00:15:00-00:00,2022-09-02T00:30:00-00:00,2022-09-01,18,AUBURN_6_N001,AUBURN_6_N001,AUBURN_6_N001,RTPD,MCE,LMP_ENE_PRC,AUBURN_6_N001,ALL,1,691.2182,2,3
2022-09-02T01:15:00-00:00,2022-09-02T01:30:00-00:00,2022-09-01,19,AUBURN_6_N001,AUBURN_6_N001,AUBURN_6_N001,RTPD,MCE,LMP_ENE_PRC,AUBURN_6_N001,ALL,1,1999.9933,2,3
2022-09-02T02:15:00-00:00,2022-09-02T02:30:00-00:00,2022-09-01,20,AUBURN_6_N001,AUBURN_6_N001,AUBURN_6_N001,RTPD,MCE,LMP_ENE_PRC,AUBURN_6_N001,ALL,1,1991.6721,2,3
2022-09-02T03:15:00-00:00,2022-09-02T03:30:00-00:00,2022-09-01,21,AUBURN_6_N001,AUBURN_6_N001,AUBURN_6_N001,RTPD,MCE,LMP_ENE_PRC,AUBURN_6_N001,ALL,1,400.52884,2,3
2022-09-02T04:15:00-00:00,2022-09-02T04:30:00-00:00,2022-09-01,22,AUBURN_6_N001,AUBURN_6_N001,AUBURN_6_N001,RTPD,MCE,LMP_ENE_PRC,AUBURN_6_N001,ALL,1,224.75041,2,3
2022-09-02T05:15:00-00:00,2022-09-02T05:30:00-00:00,2022-09-01,23,AUBURN_6_N001,AUBURN_6_N001,AUBURN_6_N001,RTPD,MCE,LMP_ENE_PRC,AUBURN_6_N001,ALL,1,157.11986,2,3
2022-09-02T06:15:00-00:00,2022-09-02T06:30:00-00:00,2022-09-01,24,AUBURN_6_N001,AUBURN_6_N001,AUBURN_6_N001,RTPD,MCE,LMP_ENE_PRC,AUBURN_6_N001,ALL,1,143.1005,2,3
2022-09-01T07:30:00-00:00,2022-09-01T07:45:00-00:00,2022-09-01,01,AUBURN_6_N001,AUBURN_6_N001,AUBURN_6_N001,RTPD,MCE,LMP_ENE_PRC,AUBURN_6_N001,ALL,1,119.03196,3,3
2022-09-01T08:30:00-00:00,2022-09-01T08:45:00-00:00,2022-09-01,02,AUBURN_6_N001,AUBURN_6_N001,AUBURN_6_N001,RTPD,MCE,LMP_ENE_PRC,AUBURN_6_N001,ALL,1,111.11241,3,3
2022-09-01T09:30:00-00:00,2022-09-01T09:45:00-00:00,2022-09-01,03,AUBURN_6_N001,AUBURN_6_N001,AUBURN_6_N001,RTPD,MCE,LMP_ENE_PRC,AUBURN_6_N001,ALL,1,98.16228,3,3
2022-09-01T10:30:00-00:00,2022-09-01T10:45:00-00:00,2022-09-01,04,AUBURN_6_N001,AUBURN_6_N001,AUBURN_6_N001,RTPD,MCE,LMP_ENE_PRC,AUBURN_6_N001,ALL,1,96.36226,3,3
2022-09-01T11:30:00-00:00,2022-09-01T11:45:00-00:00,2022-09-01,05,AUBURN_6_N001,AUBURN_6_N001,AUBURN_6_N001,RTPD,MCE,LMP_ENE_PRC,AUBURN_6_N001,ALL,1,103.06198,3,3
2022-09-01T12:30:00-00:00,2022-09-01T12:45:00-00:00,2022-09-01,06,AUBURN_6_N001,AUBURN_6_N001,AUBURN_6_N001,RTPD,MCE,LMP_ENE_PRC,AUBURN_6_N001,ALL,1,113.57403,3,3
2022-09-01T13:30:00-00:00,2022-09-01T13:45:00-00:00,2022-09-01,07,AUBURN_6_N001,AUBURN_6_N001,AUBURN_6_N001,RTPD,MCE,LMP_ENE_PRC,AUBURN_6_N001,ALL,1,111.52025,3,3
2022-09-01T14:30:00-00:00,2022-09-01T14:45:00-00:00,2022-09-01,08,AUBURN_6_N001,AUBURN_6_N001,AUBURN_6_N001,RTPD,MCE,LMP_ENE_PRC,AUBURN_6_N001,ALL,1,101.83428,3,3
2022-09-01T15:30:00-00:00,2022-09-01T15:45:00-00:00,2022-09-01,09,AUBURN_6_N001,AUBURN_6_N001,AUBURN_6_N001,RTPD,MCE,LMP_ENE_PRC,AUBURN_6_N001,ALL,1,86.1388,3,3
2022-09-01T16:30:00-00:00,2022-09-01T16:45:00-00:00,2022-09-01,10,AUBURN_6_N001,AUBURN_6_N001,AUBURN_6_N001,RTPD,MCE,LMP_ENE_PRC,AUBURN_6_N001,ALL,1,88.79644,3,3
2022-09-01T17:30:00-00:00,2022-09-01T17:45:00-00:00,2022-09-01,11,AUBURN_6_N001,AUBURN_6_N001,AUBURN_6_N001,RTPD,MCE,LMP_ENE_PRC,AUBURN_6_N001,ALL,1,99.13013,3,3
2022-09-01T18:30:00-00:00,2022-09-01T18:45:00-00:00,2022-09-01,12,AUBURN_6_N001,AUBURN_6_N001,AUBURN_6_N001,RTPD,MCE,LMP_ENE_PRC,AUBURN_6_N001,ALL,1,107.05718,3,3
2022-09-01T19:30:00-00:00,2022-09-01T19:45:00-00:00,2022-09-01,13,AUBURN_6_N001,AUBURN_6_N001,AUBURN_6_N001,RTPD,MCE,LMP_ENE_PRC,AUBURN_6_N001,ALL,1,114.05905,3,3
2022-09-01T20:30:00-00:00,2022-09-01T20:45:00-00:00,2022-09-01,14,AUBURN_6_N001,AUBURN_6_N001,AUBURN_6_N001,RTPD,MCE,LMP_ENE_PRC,AUBURN_6_N001,ALL,1,129.81606,3,3
2022-09-01T21:30:00-00:00,2022-09-01T21:45:00-00:00,2022-09-01,15,AUBURN_6_N001,AUBURN_6_N001,AUBURN_6_N001,RTPD,MCE,LMP_ENE_PRC,AUBURN_6_N001,ALL,1,152.93057,3,3
2022-09-01T22:30:00-00:00,2022-09-01T22:45:00-00:00,2022-09-01,16,AUBURN_6_N001,AUBURN_6_N001,AUBURN_6_N001,RTPD,MCE,LMP_ENE_PRC,AUBURN_6_N001,ALL,1,283.18182,3,3
2022-09-01T23:30:00-00:00,2022-09-01T23:45:00-00:00,2022-09-01,17,AUBURN_6_N001,AUBURN_6_N001,AUBURN_6_N001,RTPD,MCE,LMP_ENE_PRC,AUBURN_6_N001,ALL,1,566.48157,3,3
2022-09-02T00:30:00-00:00,2022-09-02T00:45:00-00:00,2022-09-01,18,AUBURN_6_N001,AUBURN_6_N001,AUBURN_6_N001,RTPD,MCE,LMP_ENE_PRC,AUBURN_6_N001,ALL,1,1329.1127,3,3
2022-09-02T01:30:00-00:00,2022-09-02T01:45:00-00:00,2022-09-01,19,AUBURN_6_N001,AUBURN_6_N001,AUBURN_6_N001,RTPD,MCE,LMP_ENE_PRC,AUBURN_6_N001,ALL,1,1999.9956,3,3
2022-09-02T02:30:00-00:00,2022-09-02T02:45:00-00:00,2022-09-01,20,AUBURN_6_N001,AUBURN_6_N001,AUBURN_6_N001,RTPD,MCE,LMP_ENE_PRC,AUBURN_6_N001,ALL,1,1991.671,3,3
2022-09-02T03:30:00-00:00,2022-09-02T03:45:00-00:00,2022-09-01,21,AUBURN_6_N001,AUBURN_6_N001,AUBURN_6_N001,RTPD,MCE,LMP_ENE_PRC,AUBURN_6_N001,ALL,1,186.61823,3,3
2022-09-02T04:30:00-00:00,2022-09-02T04:45:00-00:00,2022-09-01,22,AUBURN_6_N001,AUBURN_6_N001,AUBURN_6_N001,RTPD,MCE,LMP_ENE_PRC,AUBURN_6_N001,ALL,1,180.67824,3,3
2022-09-02T05:30:00-00:00,2022-09-02T05:45:00-00:00,2022-09-01,23,AUBURN_6_N001,AUBURN_6_N001,AUBURN_6_N001,RTPD,MCE,LMP_ENE_PRC,AUBURN_6_N001,ALL,1,131.69917,3,3
2022-09-02T06:30:00-00:00,2022-09-02T06:45:00-00:00,2022-09-01,24,AUBURN_6_N001,AUBURN_6_N001,AUBURN_6_N001,RTPD,MCE,LMP_ENE_PRC,AUBURN_6_N001,ALL,1,128.9871,3,3
2022-09-01T07:45:00-00:00,2022-09-01T08:00:00-00:00,2022-09-01,01,AUBURN_6_N001,AUBURN_6_N001,AUBURN_6_N001,RTPD,MCE,LMP_ENE_PRC,AUBURN_6_N001,ALL,1,109.12099,4,3
2022-09-01T08:45:00-00:00,2022-09-01T09:00:00-00:00,2022-09-01,02,AUBURN_6_N001,AUBURN_6_N001,AUBURN_6_N001,RTPD,MCE,LMP_ENE_PRC,AUBURN_6_N001,ALL,1,98.7357,4,3
2022-09-01T09:45:00-00:00,2022-09-01T10:00:00-00:00,2022-09-01,03,AUBURN_6_N001,AUBURN_6_N001,AUBURN_6_N001,RTPD,MCE,LMP_ENE_PRC,AUBURN_6_N001,ALL,1,97.50475,4,3
2022-09-01T10:45:00-00:00,2022-09-01T11:00:00-00:00,2022-09-01,04,AUBURN_6_N001,AUBURN_6_N001,AUBURN_6_N001,RTPD,MCE,LMP_ENE_PRC,AUBURN_6_N001,ALL,1,94.71966,4,3
2022-09-01T11:45:00-00:00,2022-09-01T12:00:00-00:00,2022-09-01,05,AUBURN_6_N001,AUBURN_6_N001,AUBURN_6_N001,RTPD,MCE,LMP_ENE_PRC,AUBURN_6_N001,ALL,1,107.01,4,3
2022-09-01T12:45:00-00:00,2022-09-01T13:00:00-00:00,2022-09-01,06,AUBURN_6_N001,AUBURN_6_N001,AUBURN_6_N001,RTPD,MCE,LMP_ENE_PRC,AUBURN_6_N001,ALL,1,116.4848,4,3
2022-09-01T13:45:00-00:00,2022-09-01T14:00:00-00:00,2022-09-01,07,AUBURN_6_N001,AUBURN_6_N001,AUBURN_6_N001,RTPD,MCE,LMP_ENE_PRC,AUBURN_6_N001,ALL,1,111.41,4,3
2022-09-01T14:45:00-00:00,2022-09-01T15:00:00-00:00,2022-09-01,08,AUBURN_6_N001,AUBURN_6_N001,AUBURN_6_N001,RTPD,MCE,LMP_ENE_PRC,AUBURN_6_N001,ALL,1,86.1388,4,3
2022-09-01T15:45:00-00:00,2022-09-01T16:00:00-00:00,2022-09-01,09,AUBURN_6_N001,AUBURN_6_N001,AUBURN_6_N001,RTPD,MCE,LMP_ENE_PRC,AUBURN_6_N001,ALL,1,78.70076,4,3
2022-09-01T16:45:00-00:00,2022-09-01T17:00:00-00:00,2022-09-01,10,AUBURN_6_N001,AUBURN_6_N001,AUBURN_6_N001,RTPD,MCE,LMP_ENE_PRC,AUBURN_6_N001,ALL,1,91.24933,4,3
2022-09-01T17:45:00-00:00,2022-09-01T18:00:00-00:00,2022-09-01,11,AUBURN_6_N001,AUBURN_6_N001,AUBURN_6_N001,RTPD,MCE,LMP_ENE_PRC,AUBURN_6_N001,ALL,1,99.20544,4,3
2022-09-01T18:45:00-00:00,2022-09-01T19:00:00-00:00,2022-09-01,12,AUBURN_6_N001,AUBURN_6_N001,AUBURN_6_N001,RTPD,MCE,LMP_ENE_PRC,AUBURN_6_N001,ALL,1,109.04064,4,3
2022-09-01T19:45:00-00:00,2022-09-01T20:00:00-00:00,2022-09-01,13,AUBURN_6_N001,AUBURN_6_N001,AUBURN_6_N001,RTPD,MCE,LMP_ENE_PRC,AUBURN_6_N001,ALL,1,120.22491,4,3
2022-09-01T20:45:00-00:00,2022-09-01T21:00:00-00:00,2022-09-01,14,AUBURN_6_N001,AUBURN_6_N001,AUBURN_6_N001,RTPD,MCE,LMP_ENE_PRC,AUBURN_6_N001,ALL,1,154.02509,4,3
2022-09-01T21:45:00-00:00,2022-09-01T22:00:00-00:00,2022-09-01,15,AUBURN_6_N001,AUBURN_6_N001,AUBURN_6_N001,RTPD,MCE,LMP_ENE_PRC,AUBURN_6_N001,ALL,1,300.29376,4,3
2022-09-01T22:45:00-00:00,2022-09-01T23:00:00-00:00,2022-09-01,16,AUBURN_6_N001,AUBURN_6_N001,AUBURN_6_N001,RTPD,MCE,LMP_ENE_PRC,AUBURN_6_N001,ALL,1,429.9137,4,3
2022-09-01T23:45:00-00:00,2022-09-02T00:00:00-00:00,2022-09-01,17,AUBURN_6_N001,AUBURN_6_N001,AUBURN_6_N001,RTPD,MCE,LMP_ENE_PRC,AUBURN_6_N001,ALL,1,1261.2124,4,3
2022-09-02T00:45:00-00:00,2022-09-02T01:00:00-00:00,2022-09-01,18,AUBURN_6_N001,AUBURN_6_N001,AUBURN_6_N001,RTPD,MCE,LMP_ENE_PRC,AUBURN_6_N001,ALL,1,1519.149,4,3
2022-09-02T01:45:00-00:00,2022-09-02T02:00:00-00:00,2022-09-01,19,AUBURN_6_N001,AUBURN_6_N001,AUBURN_6_N001,RTPD,MCE,LMP_ENE_PRC,AUBURN_6_N001,ALL,1,1991.9337,4,3
2022-09-02T02:45:00-00:00,2022-09-02T03:00:00-00:00,2022-09-01,20,AUBURN_6_N001,AUBURN_6_N001,AUBURN_6_N001,RTPD,MCE,LMP_ENE_PRC,AUBURN_6_N001,ALL,1,1629.6213,4,3
2022-09-02T03:45:00-00:00,2022-09-02T04:00:00-00:00,2022-09-01,21,AUBURN_6_N001,AUBURN_6_N001,AUBURN_6_N001,RTPD,MCE,LMP_ENE_PRC,AUBURN_6_N001,ALL,1,141.13702,4,3
2022-09-02T04:45:00-00:00,2022-09-02T05:00:00-00:00,2022-09-01,22,AUBURN_6_N001,AUBURN_6_N001,AUBURN_6_N001,RTPD,MCE,LMP_ENE_PRC,AUBURN_6_N001,ALL,1,126.76372,4,3
2022-09-02T05:45:00-00:00,2022-09-02T06:00:00-00:00,2022-09-01,23,AUBURN_6_N001,AUBURN_6_N001,AUBURN_6_N001,RTPD,MCE,LMP_ENE_PRC,AUBURN_6_N001,ALL,1,119.00958,4,3
2022-09-02T06:45:00-00:00,2022-09-02T07:00:00-00:00,2022-09-01,24,AUBURN_6_N001,AUBURN_6_N001,AUBURN_6_N001,RTPD,MCE,LMP_ENE_PRC,AUBURN_6_N001,ALL,1,109.20324,4,3
2022-09-01T07:00:00-00:00,2022-09-01T07:15:00-00:00,2022-09-01,01,AUBURN_6_N001,AUBURN_6_N001,AUBURN_6_N001,RTPD,MCL,LMP_LOSS_PRC,AUBURN_6_N001,ALL,1,-7.41109,1,4
2022-09-01T08:00:00-00:00,2022-09-01T08:15:00-00:00,2022-09-01,02,AUBURN_6_N001,AUBURN_6_N001,AUBURN_6_N001,RTPD,MCL,LMP_LOSS_PRC,AUBURN_6_N001,ALL,1,0,1,4
2022-09-01T09:00:00-00:00,2022-09-01T09:15:00-00:00,2022-09-01,03,AUBURN_6_N001,AUBURN_6_N001,AUBURN_6_N001,RTPD,MCL,LMP_LOSS_PRC,AUBURN_6_N001,ALL,1,0.92749,1,4
2022-09-01T10:00:00-00:00,2022-09-01T10:15:00-00:00,2022-09-01,04,AUBURN_6_N001,AUBURN_6_N001,AUBURN_6_N001,RTPD,MCL,LMP_LOSS_PRC,AUBURN_6_N001,ALL,1,0.2762,1,4
2022-09-01T11:00:00-00:00,2022-09-01T11:15:00-00:00,2022-09-01,05,AUBURN_6_N001,AUBURN_6_N001,AUBURN_6_N001,RTPD,MCL,LMP_LOSS_PRC,AUBURN_6_N001,ALL,1,-0.3795,1,4
2022-09-01T12:00:00-00:00,2022-09-01T12:15:00-00:00,2022-09-01,06,AUBURN_6_N001,AUBURN_6_N001,AUBURN_6_N001,RTPD,MCL,LMP_LOSS_PRC,AUBURN_6_N001,ALL,1,-1.72497,1,4
2022-09-01T13:00:00-00:00,2022-09-01T13:15:00-00:00,2022-09-01,07,AUBURN_6_N001,AUBURN_6_N001,AUBURN_6_N001,RTPD,MCL,LMP_LOSS_PRC,AUBURN_6_N001,ALL,1,0,1,4
2022-09-01T14:00:00-00:00,2022-09-01T14:15:00-00:00,2022-09-01,08,AUBURN_6_N001,AUBURN_6_N001,AUBURN_6_N001,RTPD,MCL,LMP_LOSS_PRC,AUBURN_6_N001,ALL,1,2.05558,1,4
2022-09-01T15:00:00-00:00,2022-09-01T15:15:00-00:00,2022-09-01,09,AUBURN_6_N001,AUBURN_6_N001,AUBURN_6_N001,RTPD,MCL,LMP_LOSS_PRC,AUBURN_6_N001,ALL,1,0,1,4
2022-09-01T16:00:00-00:00,2022-09-01T16:15:00-00:00,2022-09-01,10,AUBURN_6_N001,AUBURN_6_N001,AUBURN_6_N001,RTPD,MCL,LMP_LOSS_PRC,AUBURN_6_N001,ALL,1,0,1,4
2022-09-01T17:00:00-00:00,2022-09-01T17:15:00-00:00,2022-09-01,11,AUBURN_6_N001,AUBURN_6_N001,AUBURN_6_N001,RTPD,MCL,LMP_LOSS_PRC,AUBURN_6_N001,ALL,1,0,1,4
2022-09-01T18:00:00-00:00,2022-09-01T18:15:00-00:00,2022-09-01,12,AUBURN_6_N001,AUBURN_6_N001,AUBURN_6_N001,RTPD,MCL,LMP_LOSS_PRC,AUBURN_6_N001,ALL,1,0,1,4
2022-09-01T19:00:00-00:00,2022-09-01T19:15:00-00:00,2022-09-01,13,AUBURN_6_N001,AUBURN_6_N001,AUBURN_6_N001,RTPD,MCL,LMP_LOSS_PRC,AUBURN_6_N001,ALL,1,0,1,4
2022-09-01T20:00:00-00:00,2022-09-01T20:15:00-00:00,2022-09-01,14,AUBURN_6_N001,AUBURN_6_N001,AUBURN_6_N001,RTPD,MCL,LMP_LOSS_PRC,AUBURN_6_N001,ALL,1,0,1,4
2022-09-01T21:00:00-00:00,2022-09-01T21:15:00-00:00,2022-09-01,15,AUBURN_6_N001,AUBURN_6_N001,AUBURN_6_N001,RTPD,MCL,LMP_LOSS_PRC,AUBURN_6_N001,ALL,1,0,1,4
2022-09-01T22:00:00-00:00,2022-09-01T22:15:00-00:00,2022-09-01,16,AUBURN_6_N001,AUBURN_6_N001,AUBURN_6_N001,RTPD,MCL,LMP_LOSS_PRC,AUBURN_6_N001,ALL,1,0,1,4
2022-09-01T23:00:00-00:00,2022-09-01T23:15:00-00:00,2022-09-01,17,AUBURN_6_N001,AUBURN_6_N001,AUBURN_6_N001,RTPD,MCL,LMP_LOSS_PRC,AUBURN_6_N001,ALL,1,0,1,4
2022-09-02T00:00:00-00:00,2022-09-02T00:15:00-00:00,2022-09-01,18,AUBURN_6_N001,AUBURN_6_N001,AUBURN_6_N001,RTPD,MCL,LMP_LOSS_PRC,AUBURN_6_N001,ALL,1,12.56048,1,4
2022-09-02T01:00:00-00:00,2022-09-02T01:15:00-00:00,2022-09-01,19,AUBURN_6_N001,AUBURN_6_N001,AUBURN_6_N001,RTPD,MCL,LMP_LOSS_PRC,AUBURN_6_N001,ALL,1,0,1,4
2022-09-02T02:00:00-00:00,2022-09-02T02:15:00-00:00,2022-09-01,20,AUBURN_6_N001,AUBURN_6_N001,AUBURN_6_N001,RTPD,MCL,LMP_LOSS_PRC,AUBURN_6_N001,ALL,1,0,1,4
2022-09-02T03:00:00-00:00,2022-09-02T03:15:00-00:00,2022-09-01,21,AUBURN_6_N001,AUBURN_6_N001,AUBURN_6_N001,RTPD,MCL,LMP_LOSS_PRC,AUBURN_6_N001,ALL,1,54.59427,1,4
2022-09-02T04:00:00-00:00,2022-09-02T04:15:00-00:00,2022-09-01,22,AUBURN_6_N001,AUBURN_6_N001,AUBURN_6_N001,RTPD,MCL,LMP_LOSS_PRC,AUBURN_6_N001,ALL,1,7.83803,1,4
2022-09-02T05:00:00-00:00,2022-09-02T05:15:00-00:00,2022-09-01,23,AUBURN_6_N001,AUBURN_6_N001,AUBURN_6_N001,RTPD,MCL,LMP_LOSS_PRC,AUBURN_6_N001,ALL,1,4.0131,1,4
2022-09-02T06:00:00-00:00,2022-09-02T06:15:00-00:00,2022-09-01,24,AUBURN_6_N001,AUBURN_6_N001,AUBURN_6_N001,RTPD,MCL,LMP_LOSS_PRC,AUBURN_6_N001,ALL,1,2.11293,1,4
2022-09-01T07:15:00-00:00,2022-09-01T07:30:00-00:00,2022-09-01,01,AUBURN_6_N001,AUBURN_6_N001,AUBURN_6_N001,RTPD,MCL,LMP_LOSS_PRC,AUBURN_6_N001,ALL,1,0,2,4
2022-09-01T08:15:00-00:00,2022-09-01T08:30:00-00:00,2022-09-01,02,AUBURN_6_N001,AUBURN_6_N001,AUBURN_6_N001,RTPD,MCL,LMP_LOSS_PRC,AUBURN_6_N001,ALL,1,0,2,4
2022-09-01T09:15:00-00:00,2022-09-01T09:30:00-00:00,2022-09-01,03,AUBURN_6_N001,AUBURN_6_N001,AUBURN_6_N001,RTPD,MCL,LMP_LOSS_PRC,AUBURN_6_N001,ALL,1,1.05187,2,4
2022-09-01T10:15:00-00:00,2022-09-01T10:30:00-00:00,2022-09-01,04,AUBURN_6_N001,AUBURN_6_N001,AUBURN_6_N001,RTPD,MCL,LMP_LOSS_PRC,AUBURN_6_N001,ALL,1,0.0679,2,4
2022-09-01T11:15:00-00:00,2022-09-01T11:30:00-00:00,2022-09-01,05,AUBURN_6_N001,AUBURN_6_N001,AUBURN_6_N001,RTPD,MCL,LMP_LOSS_PRC,AUBURN_6_N001,ALL,1,-0.43298,2,4
2022-09-01T12:15:00-00:00,2022-09-01T12:30:00-00:00,2022-09-01,06,AUBURN_6_N001,AUBURN_6_N001,AUBURN_6_N001,RTPD,MCL,LMP_LOSS_PRC,AUBURN_6_N001,ALL,1,-1.73822,2,4
2022-09-01T13:15:00-00:00,2022-09-01T13:30:00-00:00,2022-09-01,07,AUBURN_6_N001,AUBURN_6_N001,AUBURN_6_N001,RTPD,MCL,LMP_LOSS_PRC,AUBURN_6_N001,ALL,1,-1.48711,2,4
2022-09-01T14:15:00-00:00,2022-09-01T14:30:00-00:00,2022-09-01,08,AUBURN_6_N001,AUBURN_6_N001,AUBURN_6_N001,RTPD,MCL,LMP_LOSS_PRC,AUBURN_6_N001,ALL,1,2.07479,2,4
2022-09-01T15:15:00-00:00,2022-09-01T15:30:00-00:00,2022-09-01,09,AUBURN_6_N001,AUBURN_6_N001,AUBURN_6_N001,RTPD,MCL,LMP_LOSS_PRC,AUBURN_6_N001,ALL,1,0,2,4
2022-09-01T16:15:00-00:00,2022-09-01T16:30:00-00:00,2022-09-01,10,AUBURN_6_N001,AUBURN_6_N001,AUBURN_6_N001,RTPD,MCL,LMP_LOSS_PRC,AUBURN_6_N001,ALL,1,0,2,4
2022-09-01T17:15:00-00:00,2022-09-01T17:30:00-00:00,2022-09-01,11,AUBURN_6_N001,AUBURN_6_N001,AUBURN_6_N001,RTPD,MCL,LMP_LOSS_PRC,AUBURN_6_N001,ALL,1,0,2,4
2022-09-01T18:15:00-00:00,2022-09-01T18:30:00-00:00,2022-09-01,12,AUBURN_6_N001,AUBURN_6_N001,AUBURN_6_N001,RTPD,MCL,LMP_LOSS_PRC,AUBURN_6_N001,ALL,1,0,2,4
2022-09-01T19:15:00-00:00,2022-09-01T19:30:00-00:00,2022-09-01,13,AUBURN_6_N001,AUBURN_6_N001,AUBURN_6_N001,RTPD,MCL,LMP_LOSS_PRC,AUBURN_6_N001,ALL,1,0,2,4
2022-09-01T20:15:00-00:00,2022-09-01T20:30:00-00:00,2022-09-01,14,AUBURN_6_N001,AUBURN_6_N001,AUBURN_6_N001,RTPD,MCL,LMP_LOSS_PRC,AUBURN_6_N001,ALL,1,0,2,4
2022-09-01T21:15:00-00:00,2022-09-01T21:30:00-00:00,2022-09-01,15,AUBURN_6_N001,AUBURN_6_N001,AUBURN_6_N001,RTPD,MCL,LMP_LOSS_PRC,AUBURN_6_N001,ALL,1,0,2,4
2022-09-01T22:15:00-00:00,2022-09-01T22:30:00-00:00,2022-09-01,16,AUBURN_6_N001,AUBURN_6_N001,AUBURN_6_N001,RTPD,MCL,LMP_LOSS_PRC,AUBURN_6_N001,ALL,1,0,2,4
2022-09-01T23:15:00-00:00,2022-09-01T23:30:00-00:00,2022-09-01,17,AUBURN_6_N001,AUBURN_6_N001,AUBURN_6_N001,RTPD,MCL,LMP_LOSS_PRC,AUBURN_6_N001,ALL,1,0,2,4
2022-09-02T00:15:00-00:00,2022-09-02T00:30:00-00:00,2022-09-01,18,AUBURN_6_N001,AUBURN_6_N001,AUBURN_6_N001,RTPD,MCL,LMP_LOSS_PRC,AUBURN_6_N001,ALL,1,12.37281,2,4
2022-09-02T01:15:00-00:00,2022-09-02T01:30:00-00:00,2022-09-01,19,AUBURN_6_N001,AUBURN_6_N001,AUBURN_6_N001,RTPD,MCL,LMP_LOSS_PRC,AUBURN_6_N001,ALL,1,0,2,4
2022-09-02T02:15:00-00:00,2022-09-02T02:30:00-00:00,2022-09-01,20,AUBURN_6_N001,AUBURN_6_N001,AUBURN_6_N001,RTPD,MCL,LMP_LOSS_PRC,AUBURN_6_N001,ALL,1,0,2,4
2022-09-02T03:15:00-00:00,2022-09-02T03:30:00-00:00,2022-09-01,21,AUBURN_6_N001,AUBURN_6_N001,AUBURN_6_N001,RTPD,MCL,LMP_LOSS_PRC,AUBURN_6_N001,ALL,1,23.19062,2,4
2022-09-02T04:15:00-00:00,2022-09-02T04:30:00-00:00,2022-09-01,22,AUBURN_6_N001,AUBURN_6_N001,AUBURN_6_N001,RTPD,MCL,LMP_LOSS_PRC,AUBURN_6_N001,ALL,1,5.91094,2,4
2022-09-02T05:15:00-00:00,2022-09-02T05:30:00-00:00,2022-09-01,23,AUBURN_6_N001,AUBURN_6_N001,AUBURN_6_N001,RTPD,MCL,LMP_LOSS_PRC,AUBURN_6_N001,ALL,1,2.63961,2,4
2022-09-02T06:15:00-00:00,2022-09-02T06:30:00-00:00,2022-09-01,24,AUBURN_6_N001,AUBURN_6_N001,AUBURN_6_N001,RTPD,MCL,LMP_LOSS_PRC,AUBURN_6_N001,ALL,1,0.55809,2,4
2022-09-01T07:30:00-00:00,2022-09-01T07:45:00-00:00,2022-09-01,01,AUBURN_6_N001,AUBURN_6_N001,AUBURN_6_N001,RTPD,MCL,LMP_LOSS_PRC,AUBURN_6_N001,ALL,1,0,3,4
2022-09-01T08:30:00-00:00,2022-09-01T08:45:00-00:00,2022-09-01,02,AUBURN_6_N001,AUBURN_6_N001,AUBURN_6_N001,RTPD,MCL,LMP_LOSS_PRC,AUBURN_6_N001,ALL,1,1.9778,3,4
2022-09-01T09:30:00-00:00,2022-09-01T09:45:00-00:00,2022-09-01,03,AUBURN_6_N001,AUBURN_6_N001,AUBURN_6_N001,RTPD,MCL,LMP_LOSS_PRC,AUBURN_6_N001,ALL,1,0.89328,3,4
2022-09-01T10:30:00-00:00,2022-09-01T10:45:00-00:00,2022-09-01,04,AUBURN_6_N001,AUBURN_6_N001,AUBURN_6_N001,RTPD,MCL,LMP_LOSS_PRC,AUBURN_6_N001,ALL,1,0.32763,3,4
2022-09-01T11:30:00-00:00,2022-09-01T11:45:00-00:00,2022-09-01,05,AUBURN_6_N001,AUBURN_6_N001,AUBURN_6_N001,RTPD,MCL,LMP_LOSS_PRC,AUBURN_6_N001,ALL,1,-0.74205,3,4
2022-09-01T12:30:00-00:00,2022-09-01T12:45:00-00:00,2022-09-01,06,AUBURN_6_N001,AUBURN_6_N001,AUBURN_6_N001,RTPD,MCL,LMP_LOSS_PRC,AUBURN_6_N001,ALL,1,-1.66954,3,4
2022-09-01T13:30:00-00:00,2022-09-01T13:45:00-00:00,2022-09-01,07,AUBURN_6_N001,AUBURN_6_N001,AUBURN_6_N001,RTPD,MCL,LMP_LOSS_PRC,AUBURN_6_N001,ALL,1,-1.27133,3,4
2022-09-01T14:30:00-00:00,2022-09-01T14:45:00-00:00,2022-09-01,08,AUBURN_6_N001,AUBURN_6_N001,AUBURN_6_N001,RTPD,MCL,LMP_LOSS_PRC,AUBURN_6_N001,ALL,1,2.32182,3,4
2022-09-01T15:30:00-00:00,2022-09-01T15:45:00-00:00,2022-09-01,09,AUBURN_6_N001,AUBURN_6_N001,AUBURN_6_N001,RTPD,MCL,LMP_LOSS_PRC,AUBURN_6_N001,ALL,1,0,3,4
2022-09-01T16:30:00-00:00,2022-09-01T16:45:00-00:00,2022-09-01,10,AUBURN_6_N001,AUBURN_6_N001,AUBURN_6_N001,RTPD,MCL,LMP_LOSS_PRC,AUBURN_6_N001,ALL,1,0,3,4
2022-09-01T17:30:00-00:00,2022-09-01T17:45:00-00:00,2022-09-01,11,AUBURN_6_N001,AUBURN_6_N001,AUBURN_6_N001,RTPD,MCL,LMP_LOSS_PRC,AUBURN_6_N001,ALL,1,0,3,4
2022-09-01T18:30:00-00:00,2022-09-01T18:45:00-00:00,2022-09-01,12,AUBURN_6_N001,AUBURN_6_N001,AUBURN_6_N001,RTPD,MCL,LMP_LOSS_PRC,AUBURN_6_N001,ALL,1,0,3,4
2022-09-01T19:30:00-00:00,2022-09-01T19:45:00-00:00,2022-09-01,13,AUBURN_6_N001,AUBURN_6_N001,AUBURN_6_N001,RTPD,MCL,LMP_LOSS_PRC,AUBURN_6_N001,ALL,1,0,3,4
2022-09-01T20:30:00-00:00,2022-09-01T20:45:00-00:00,2022-09-01,14,AUBURN_6_N001,AUBURN_6_N001,AUBURN_6_N001,RTPD,MCL,LMP_LOSS_PRC,AUBURN_6_N001,ALL,1,0,3,4
2022-09-01T21:30:00-00:00,2022-09-01T21:45:00-00:00,2022-09-01,15,AUBURN_6_N001,AUBURN_6_N001,AUBURN_6_N001,RTPD,MCL,LMP_LOSS_PRC,AUBURN_6_N001,ALL,1,0,3,4
2022-09-01T22:30:00-00:00,2022-09-01T22:45:00-00:00,2022-09-01,16,AUBURN_6_N001,AUBURN_6_N001,AUBURN_6_N001,RTPD,MCL,LMP_LOSS_PRC,AUBURN_6_N001,ALL,1,0,3,4
2022-09-01T23:30:00-00:00,2022-09-01T23:45:00-00:00,2022-09-01,17,AUBURN_6_N001,AUBURN_6_N001,AUBURN_6_N001,RTPD,MCL,LMP_LOSS_PRC,AUBURN_6_N001,ALL,1,0,3,4
2022-09-02T00:30:00-00:00,2022-09-02T00:45:00-00:00,2022-09-01,18,AUBURN_6_N001,AUBURN_6_N001,AUBURN_6_N001,RTPD,MCL,LMP_LOSS_PRC,AUBURN_6_N001,ALL,1,0,3,4
2022-09-02T01:30:00-00:00,2022-09-02T01:45:00-00:00,2022-09-01,19,AUBURN_6_N001,AUBURN_6_N001,AUBURN_6_N001,RTPD,MCL,LMP_LOSS_PRC,AUBURN_6_N001,ALL,1,0,3,4
2022-09-02T02:30:00-00:00,2022-09-02T02:45:00-00:00,2022-09-01,20,AUBURN_6_N001,AUBURN_6_N001,AUBURN_6_N001,RTPD,MCL,LMP_LOSS_PRC,AUBURN_6_N001,ALL,1,0,3,4
2022-09-02T03:30:00-00:00,2022-09-02T03:45:00-00:00,2022-09-01,21,AUBURN_6_N001,AUBURN_6_N001,AUBURN_6_N001,RTPD,MCL,LMP_LOSS_PRC,AUBURN_6_N001,ALL,1,9.76013,3,4
2022-09-02T04:30:00-00:00,2022-09-02T04:45:00-00:00,2022-09-01,22,AUBURN_6_N001,AUBURN_6_N001,AUBURN_6_N001,RTPD,MCL,LMP_LOSS_PRC,AUBURN_6_N001,ALL,1,2.61983,3,4
2022-09-02T05:30:00-00:00,2022-09-02T05:45:00-00:00,2022-09-01,23,AUBURN_6_N001,AUBURN_6_N001,AUBURN_6_N001,RTPD,MCL,LMP_LOSS_PRC,AUBURN_6_N001,ALL,1,1.71209,3,4
2022-09-02T06:30:00-00:00,2022-09-02T06:45:00-00:00,2022-09-01,24,AUBURN_6_N001,AUBURN_6_N001,AUBURN_6_N001,RTPD,MCL,LMP_LOSS_PRC,AUBURN_6_N001,ALL,1,0.9674,3,4
2022-09-01T07:45:00-00:00,2022-09-01T08:00:00-00:00,2022-09-01,01,AUBURN_6_N001,AUBURN_6_N001,AUBURN_6_N001,RTPD,MCL,LMP_LOSS_PRC,AUBURN_6_N001,ALL,1,0,4,4
2022-09-01T08:45:00-00:00,2022-09-01T09:00:00-00:00,2022-09-01,02,AUBURN_6_N001,AUBURN_6_N001,AUBURN_6_N001,RTPD,MCL,LMP_LOSS_PRC,AUBURN_6_N001,ALL,1,1.55015,4,4
2022-09-01T09:45:00-00:00,2022-09-01T10:00:00-00:00,2022-09-01,03,AUBURN_6_N001,AUBURN_6_N001,AUBURN_6_N001,RTPD,MCL,LMP_LOSS_PRC,AUBURN_6_N001,ALL,1,0.86779,4,4
2022-09-01T10:45:00-00:00,2022-09-01T11:00:00-00:00,2022-09-01,04,AUBURN_6_N001,AUBURN_6_N001,AUBURN_6_N001,RTPD,MCL,LMP_LOSS_PRC,AUBURN_6_N001,ALL,1,0.18944,4,4
2022-09-01T11:45:00-00:00,2022-09-01T12:00:00-00:00,2022-09-01,05,AUBURN_6_N001,AUBURN_6_N001,AUBURN_6_N001,RTPD,MCL,LMP_LOSS_PRC,AUBURN_6_N001,ALL,1,0,4,4
2022-09-01T12:45:00-00:00,2022-09-01T13:00:00-00:00,2022-09-01,06,AUBURN_6_N001,AUBURN_6_N001,AUBURN_6_N001,RTPD,MCL,LMP_LOSS_PRC,AUBURN_6_N001,ALL,1,0,4,4
2022-09-01T13:45:00-00:00,2022-09-01T14:00:00-00:00,2022-09-01,07,AUBURN_6_N001,AUBURN_6_N001,AUBURN_6_N001,RTPD,MCL,LMP_LOSS_PRC,AUBURN_6_N001,ALL,1,0,4,4
2022-09-01T14:45:00-00:00,2022-09-01T15:00:00-00:00,2022-09-01,08,AUBURN_6_N001,AUBURN_6_N001,AUBURN_6_N001,RTPD,MCL,LMP_LOSS_PRC,AUBURN_6_N001,ALL,1,0,4,4
2022-09-01T15:45:00-00:00,2022-09-01T16:00:00-00:00,2022-09-01,09,AUBURN_6_N001,AUBURN_6_N001,AUBURN_6_N001,RTPD,MCL,LMP_LOSS_PRC,AUBURN_6_N001,ALL,1,0,4,4
2022-09-01T16:45:00-00:00,2022-09-01T17:00:00-00:00,2022-09-01,10,AUBURN_6_N001,AUBURN_6_N001,AUBURN_6_N001,RTPD,MCL,LMP_LOSS_PRC,AUBURN_6_N001,ALL,1,0,4,4
2022-09-01T17:45:00-00:00,2022-09-01T18:00:00-00:00,2022-09-01,11,AUBURN_6_N001,AUBURN_6_N001,AUBURN_6_N001,RTPD,MCL,LMP_LOSS_PRC,AUBURN_6_N001,ALL,1,0,4,4
2022-09-01T18:45:00-00:00,2022-09-01T19:00:00-00:00,2022-09-01,12,AUBURN_6_N001,AUBURN_6_N001,AUBURN_6_N001,RTPD,MCL,LMP_LOSS_PRC,AUBURN_6_N001,ALL,1,0,4,4
2022-09-01T19:45:00-00:00,2022-09-01T20:00:00-00:00,2022-09-01,13,AUBURN_6_N001,AUBURN_6_N001,AUBURN_6_N001,RTPD,MCL,LMP_LOSS_PRC,AUBURN_6_N001,ALL,1,0,4,4
2022-09-01T20:45:00-00:00,2022-09-01T21:00:00-00:00,2022-09-01,14,AUBURN_6_N001,AUBURN_6_N001,AUBURN_6_N001,RTPD,MCL,LMP_LOSS_PRC,AUBURN_6_N001,ALL,1,0,4,4
2022-09-01T21:45:00-00:00,2022-09-01T22:00:00-00:00,2022-09-01,15,AUBURN_6_N001,AUBURN_6_N001,AUBURN_6_N001,RTPD,MCL,LMP_LOSS_PRC,AUBURN_6_N001,ALL,1,0,4,4
2022-09-01T22:45:00-00:00,2022-09-01T23:00:00-00:00,2022-09-01,16,AUBURN_6_N001,AUBURN_6_N001,AUBURN_6_N001,RTPD,MCL,LMP_LOSS_PRC,AUBURN_6_N001,ALL,1,0,4,4
2022-09-01T23:45:00-00:00,2022-09-02T00:00:00-00:00,2022-09-01,17,AUBURN_6_N001,AUBURN_6_N001,AUBURN_6_N001,RTPD,MCL,LMP_LOSS_PRC,AUBURN_6_N001,ALL,1,0,4,4
2022-09-02T00:45:00-00:00,2022-09-02T01:00:00-00:00,2022-09-01,18,AUBURN_6_N001,AUBURN_6_N001,AUBURN_6_N001,RTPD,MCL,LMP_LOSS_PRC,AUBURN_6_N001,ALL,1,0,4,4
2022-09-02T01:45:00-00:00,2022-09-02T02:00:00-00:00,2022-09-01,19,AUBURN_6_N001,AUBURN_6_N001,AUBURN_6_N001,RTPD,MCL,LMP_LOSS_PRC,AUBURN_6_N001,ALL,1,0,4,4
2022-09-02T02:45:00-00:00,2022-09-02T03:00:00-00:00,2022-09-01,20,AUBURN_6_N001,AUBURN_6_N001,AUBURN_6_N001,RTPD,MCL,LMP_LOSS_PRC,AUBURN_6_N001,ALL,1,71.70334,4,4
2022-09-02T03:45:00-00:00,2022-09-02T04:00:00-00:00,2022-09-01,21,AUBURN_6_N001,AUBURN_6_N001,AUBURN_6_N001,RTPD,MCL,LMP_LOSS_PRC,AUBURN_6_N001,ALL,1,5.67371,4,4
2022-09-02T04:45:00-00:00,2022-09-02T05:00:00-00:00,2022-09-01,22,AUBURN_6_N001,AUBURN_6_N001,AUBURN_6_N001,RTPD,MCL,LMP_LOSS_PRC,AUBURN_6_N001,ALL,1,2.77613,4,4
2022-09-02T05:45:00-00:00,2022-09-02T06:00:00-00:00,2022-09-01,23,AUBURN_6_N001,AUBURN_6_N001,AUBURN_6_N001,RTPD,MCL,LMP_LOSS_PRC,AUBURN_6_N001,ALL,1,1.59473,4,4
2022-09-02T06:45:00-00:00,2022-09-02T07:00:00-00:00,2022-09-01,24,AUBURN_6_N001,AUBURN_6_N001,AUBURN_6_N001,RTPD,MCL,LMP_LOSS_PRC,AUBURN_6_N001,ALL,1,1.62713,4,4
2022-09-01T07:00:00-00:00,2022-09-01T07:15:00-00:00,2022-09-01,01,AUBURN_6_N001,AUBURN_6_N001,AUBURN_6_N001,RTPD,MGHG,LMP_GHG_PRC,AUBURN_6_N001,ALL,1,0,1,5
2022-09-01T08:00:00-00:00,2022-09-01T08:15:00-00:00,2022-09-01,02,AUBURN_6_N001,AUBURN_6_N001,AUBURN_6_N001,RTPD,MGHG,LMP_GHG_PRC,AUBURN_6_N001,ALL,1,0,1,5
2022-09-01T09:00:00-00:00,2022-09-01T09:15:00-00:00,2022-09-01,03,AUBURN_6_N001,AUBURN_6_N001,AUBURN_6_N001,RTPD,MGHG,LMP_GHG_PRC,AUBURN_6_N001,ALL,1,0,1,5
2022-09-01T10:00:00-00:00,2022-09-01T10:15:00-00:00,2022-09-01,04,AUBURN_6_N001,AUBURN_6_N001,AUBURN_6_N001,RTPD,MGHG,LMP_GHG_PRC,AUBURN_6_N001,ALL,1,0,1,5
2022-09-01T11:00:00-00:00,2022-09-01T11:15:00-00:00,2022-09-01,05,AUBURN_6_N001,AUBURN_6_N001,AUBURN_6_N001,RTPD,MGHG,LMP_GHG_PRC,AUBURN_6_N001,ALL,1,0,1,5
2022-09-01T12:00:00-00:00,2022-09-01T12:15:00-00:00,2022-09-01,06,AUBURN_6_N001,AUBURN_6_N001,AUBURN_6_N001,RTPD,MGHG,LMP_GHG_PRC,AUBURN_6_N001,ALL,1,0,1,5
2022-09-01T13:00:00-00:00,2022-09-01T13:15:00-00:00,2022-09-01,07,AUBURN_6_N001,AUBURN_6_N001,AUBURN_6_N001,RTPD,MGHG,LMP_GHG_PRC,AUBURN_6_N001,ALL,1,0,1,5
2022-09-01T14:00:00-00:00,2022-09-01T14:15:00-00:00,2022-09-01,08,AUBURN_6_N001,AUBURN_6_N001,AUBURN_6_N001,RTPD,MGHG,LMP_GHG_PRC,AUBURN_6_N001,ALL,1,0,1,5
2022-09-01T15:00:00-00:00,2022-09-01T15:15:00-00:00,2022-09-01,09,AUBURN_6_N001,AUBURN_6_N001,AUBURN_6_N001,RTPD,MGHG,LMP_GHG_PRC,AUBURN_6_N001,ALL,1,0,1,5
2022-09-01T16:00:00-00:00,2022-09-01T16:15:00-00:00,2022-09-01,10,AUBURN_6_N001,AUBURN_6_N001,AUBURN_6_N001,RTPD,MGHG,LMP_GHG_PRC,AUBURN_6_N001,ALL,1,0,1,5
2022-09-01T17:00:00-00:00,2022-09-01T17:15:00-00:00,2022-09-01,11,AUBURN_6_N001,AUBURN_6_N001,AUBURN_6_N001,RTPD,MGHG,LMP_GHG_PRC,AUBURN_6_N001,ALL,1,0,1,5
2022-09-01T18:00:00-00:00,2022-09-01T18:15:00-00:00,2022-09-01,12,AUBURN_6_N001,AUBURN_6_N001,AUBURN_6_N001,RTPD,MGHG,LMP_GHG_PRC,AUBURN_6_N001,ALL,1,0,1,5
2022-09-01T19:00:00-00:00,2022-09-01T19:15:00-00:00,2022-09-01,13,AUBURN_6_N001,AUBURN_6_N001,AUBURN_6_N001,RTPD,MGHG,LMP_GHG_PRC,AUBURN_6_N001,ALL,1,0,1,5
2022-09-01T20:00:00-00:00,2022-09-01T20:15:00-00:00,2022-09-01,14,AUBURN_6_N001,AUBURN_6_N001,AUBURN_6_N001,RTPD,MGHG,LMP_GHG_PRC,AUBURN_6_N001,ALL,1,0,1,5
2022-09-01T21:00:00-00:00,2022-09-01T21:15:00-00:00,2022-09-01,15,AUBURN_6_N001,AUBURN_6_N001,AUBURN_6_N001,RTPD,MGHG,LMP_GHG_PRC,AUBURN_6_N001,ALL,1,0,1,5
2022-09-01T22:00:00-00:00,2022-09-01T22:15:00-00:00,2022-09-01,16,AUBURN_6_N001,AUBURN_6_N001,AUBURN_6_N001,RTPD,MGHG,LMP_GHG_PRC,AUBURN_6_N001,ALL,1,0,1,5
2022-09-01T23:00:00-00:00,2022-09-01T23:15:00-00:00,2022-09-01,17,AUBURN_6_N001,AUBURN_6_N001,AUBURN_6_N001,RTPD,MGHG,LMP_GHG_PRC,AUBURN_6_N001,ALL,1,0,1,5
2022-09-02T00:00:00-00:00,2022-09-02T00:15:00-00:00,2022-09-01,18,AUBURN_6_N001,AUBURN_6_N001,AUBURN_6_N001,RTPD,MGHG,LMP_GHG_PRC,AUBURN_6_N001,ALL,1,0,1,5
2022-09-02T01:00:00-00:00,2022-09-02T01:15:00-00:00,2022-09-01,19,AUBURN_6_N001,AUBURN_6_N001,AUBURN_6_N001,RTPD,MGHG,LMP_GHG_PRC,AUBURN_6_N001,ALL,1,0,1,5
2022-09-02T02:00:00-00:00,2022-09-02T02:15:00-00:00,2022-09-01,20,AUBURN_6_N001,AUBURN_6_N001,AUBURN_6_N001,RTPD,MGHG,LMP_GHG_PRC,AUBURN_6_N001,ALL,1,0,1,5
2022-09-02T03:00:00-00:00,2022-09-02T03:15:00-00:00,2022-09-01,21,AUBURN_6_N001,AUBURN_6_N001,AUBURN_6_N001,RTPD,MGHG,LMP_GHG_PRC,AUBURN_6_N001,ALL,1,0,1,5
2022-09-02T04:00:00-00:00,2022-09-02T04:15:00-00:00,2022-09-01,22,AUBURN_6_N001,AUBURN_6_N001,AUBURN_6_N001,RTPD,MGHG,LMP_GHG_PRC,AUBURN_6_N001,ALL,1,0,1,5
2022-09-02T05:00:00-00:00,2022-09-02T05:15:00-00:00,2022-09-01,23,AUBURN_6_N001,AUBURN_6_N001,AUBURN_6_N001,RTPD,MGHG,LMP_GHG_PRC,AUBURN_6_N001,ALL,1,0,1,5
2022-09-02T06:00:00-00:00,2022-09-02T06:15:00-00:00,2022-09-01,24,AUBURN_6_N001,AUBURN_6_N001,AUBURN_6_N001,RTPD,MGHG,LMP_GHG_PRC,AUBURN_6_N001,ALL,1,0,1,5
2022-09-01T07:15:00-00:00,2022-09-01T07:30:00-00:00,2022-09-01,01,AUBURN_6_N001,AUBURN_6_N001,AUBURN_6_N001,RTPD,MGHG,LMP_GHG_PRC,AUBURN_6_N001,ALL,1,0,2,5
2022-09-01T08:15:00-00:00,2022-09-01T08:30:00-00:00,2022-09-01,02,AUBURN_6_N001,AUBURN_6_N001,AUBURN_6_N001,RTPD,MGHG,LMP_GHG_PRC,AUBURN_6_N001,ALL,1,0,2,5
2022-09-01T09:15:00-00:00,2022-09-01T09:30:00-00:00,2022-09-01,03,AUBURN_6_N001,AUBURN_6_N001,AUBURN_6_N001,RTPD,MGHG,LMP_GHG_PRC,AUBURN_6_N001,ALL,1,0,2,5
2022-09-01T10:15:00-00:00,2022-09-01T10:30:00-00:00,2022-09-01,04,AUBURN_6_N001,AUBURN_6_N001,AUBURN_6_N001,RTPD,MGHG,LMP_GHG_PRC,AUBURN_6_N001,ALL,1,0,2,5
2022-09-01T11:15:00-00:00,2022-09-01T11:30:00-00:00,2022-09-01,05,AUBURN_6_N001,AUBURN_6_N001,AUBURN_6_N001,RTPD,MGHG,LMP_GHG_PRC,AUBURN_6_N001,ALL,1,0,2,5
2022-09-01T12:15:00-00:00,2022-09-01T12:30:00-00:00,2022-09-01,06,AUBURN_6_N001,AUBURN_6_N001,AUBURN_6_N001,RTPD,MGHG,LMP_GHG_PRC,AUBURN_6_N001,ALL,1,0,2,5
2022-09-01T13:15:00-00:00,2022-09-01T13:30:00-00:00,2022-09-01,07,AUBURN_6_N001,AUBURN_6_N001,AUBURN_6_N001,RTPD,MGHG,LMP_GHG_PRC,AUBURN_6_N001,ALL,1,0,2,5
2022-09-01T14:15:00-00:00,2022-09-01T14:30:00-00:00,2022-09-01,08,AUBURN_6_N001,AUBURN_6_N001,AUBURN_6_N001,RTPD,MGHG,LMP_GHG_PRC,AUBURN_6_N001,ALL,1,0,2,5
2022-09-01T15:15:00-00:00,2022-09-01T15:30:00-00:00,2022-09-01,09,AUBURN_6_N001,AUBURN_6_N001,AUBURN_6_N001,RTPD,MGHG,LMP_GHG_PRC,AUBURN_6_N001,ALL,1,0,2,5
2022-09-01T16:15:00-00:00,2022-09-01T16:30:00-00:00,2022-09-01,10,AUBURN_6_N001,AUBURN_6_N001,AUBURN_6_N001,RTPD,MGHG,LMP_GHG_PRC,AUBURN_6_N001,ALL,1,0,2,5
2022-09-01T17:15:00-00:00,2022-09-01T17:30:00-00:00,2022-09-01,11,AUBURN_6_N001,AUBURN_6_N001,AUBURN_6_N001,RTPD,MGHG,LMP_GHG_PRC,AUBURN_6_N001,ALL,1,0,2,5
2022-09-01T18:15:00-00:00,2022-09-01T18:30:00-00:00,2022-09-01,12,AUBURN_6_N001,AUBURN_6_N001,AUBURN_6_N001,RTPD,MGHG,LMP_GHG_PRC,AUBURN_6_N001,ALL,1,0,2,5
2022-09-01T19:15:00-00:00,2022-09-01T19:30:00-00:00,2022-09-01,13,AUBURN_6_N001,AUBURN_6_N001,AUBURN_6_N001,RTPD,MGHG,LMP_GHG_PRC,AUBURN_6_N001,ALL,1,0,2,5
2022-09-01T20:15:00-00:00,2022-09-01T20:30:00-00:00,2022-09-01,14,AUBURN_6_N001,AUBURN_6_N001,AUBURN_6_N001,RTPD,MGHG,LMP_GHG_PRC,AUBURN_6_N001,ALL,1,0,2,5
2022-09-01T21:15:00-00:00,2022-09-01T21:30:00-00:00,2022-09-01,15,AUBURN_6_N001,AUBURN_6_N001,AUBURN_6_N001,RTPD,MGHG,LMP_GHG_PRC,AUBURN_6_N001,ALL,1,0,2,5
2022-09-01T22:15:00-00:00,2022-09-01T22:30:00-00:00,2022-09-01,16,AUBURN_6_N001,AUBURN_6_N001,AUBURN_6_N001,RTPD,MGHG,LMP_GHG_PRC,AUBURN_6_N001,ALL,1,0,2,5
2022-09-01T23:15:00-00:00,2022-09-01T23:30:00-00:00,2022-09-01,17,AUBURN_6_N001,AUBURN_6_N001,AUBURN_6_N001,RTPD,MGHG,LMP_GHG_PRC,AUBURN_6_N001,ALL,1,0,2,5
2022-09-02T00:15:00-00:00,2022-09-02T00:30:00-00:00,2022-09-01,18,AUBURN_6_N001,AUBURN_6_N001,AUBURN_6_N001,RTPD,MGHG,LMP_GHG_PRC,AUBURN_6_N001,ALL,1,0,2,5
2022-09-02T01:15:00-00:00,2022-09-02T01:30:00-00:00,2022-09-01,19,AUBURN_6_N001,AUBURN_6_N001,AUBURN_6_N001,RTPD,MGHG,LMP_GHG_PRC,AUBURN_6_N001,ALL,1,0,2,5
2022-09-02T02:15:00-00:00,2022-09-02T02:30:00-00:00,2022-09-01,20,AUBURN_6_N001,AUBURN_6_N001,AUBURN_6_N001,RTPD,MGHG,LMP_GHG_PRC,AUBURN_6_N001,ALL,1,0,2,5
2022-09-02T03:15:00-00:00,2022-09-02T03:30:00-00:00,2022-09-01,21,AUBURN_6_N001,AUBURN_6_N001,AUBURN_6_N001,RTPD,MGHG,LMP_GHG_PRC,AUBURN_6_N001,ALL,1,0,2,5
2022-09-02T04:15:00-00:00,2022-09-02T04:30:00-00:00,2022-09-01,22,AUBURN_6_N001,AUBURN_6_N001,AUBURN_6_N001,RTPD,MGHG,LMP_GHG_PRC,AUBURN_6_N001,ALL,1,0,2,5
2022-09-02T05:15:00-00:00,2022-09-02T05:30:00-00:00,2022-09-01,23,AUBURN_6_N001,AUBURN_6_N001,AUBURN_6_N001,RTPD,MGHG,LMP_GHG_PRC,AUBURN_6_N001,ALL,1,0,2,5
2022-09-02T06:15:00-00:00,2022-09-02T06:30:00-00:00,2022-09-01,24,AUBURN_6_N001,AUBURN_6_N001,AUBURN_6_N001,RTPD,MGHG,LMP_GHG_PRC,AUBURN_6_N001,ALL,1,0,2,5
2022-09-01T07:30:00-00:00,2022-09-01T07:45:00-00:00,2022-09-01,01,AUBURN_6_N001,AUBURN_6_N001,AUBURN_6_N001,RTPD,MGHG,LMP_GHG_PRC,AUBURN_6_N001,ALL,1,0,3,5
2022-09-01T08:30:00-00:00,2022-09-01T08:45:00-00:00,2022-09-01,02,AUBURN_6_N001,AUBURN_6_N001,AUBURN_6_N001,RTPD,MGHG,LMP_GHG_PRC,AUBURN_6_N001,ALL,1,0,3,5
2022-09-01T09:30:00-00:00,2022-09-01T09:45:00-00:00,2022-09-01,03,AUBURN_6_N001,AUBURN_6_N001,AUBURN_6_N001,RTPD,MGHG,LMP_GHG_PRC,AUBURN_6_N001,ALL,1,0,3,5
2022-09-01T10:30:00-00:00,2022-09-01T10:45:00-00:00,2022-09-01,04,AUBURN_6_N001,AUBURN_6_N001,AUBURN_6_N001,RTPD,MGHG,LMP_GHG_PRC,AUBURN_6_N001,ALL,1,0,3,5
2022-09-01T11:30:00-00:00,2022-09-01T11:45:00-00:00,2022-09-01,05,AUBURN_6_N001,AUBURN_6_N001,AUBURN_6_N001,RTPD,MGHG,LMP_GHG_PRC,AUBURN_6_N001,ALL,1,0,3,5
2022-09-01T12:30:00-00:00,2022-09-01T12:45:00-00:00,2022-09-01,06,AUBURN_6_N001,AUBURN_6_N001,AUBURN_6_N001,RTPD,MGHG,LMP_GHG_PRC,AUBURN_6_N001,ALL,1,0,3,5
2022-09-01T13:30:00-00:00,2022-09-01T13:45:00-00:00,2022-09-01,07,AUBURN_6_N001,AUBURN_6_N001,AUBURN_6_N001,RTPD,MGHG,LMP_GHG_PRC,AUBURN_6_N001,ALL,1,0,3,5
2022-09-01T14:30:00-00:00,2022-09-01T14:45:00-00:00,2022-09-01,08,AUBURN_6_N001,AUBURN_6_N001,AUBURN_6_N001,RTPD,MGHG,LMP_GHG_PRC,AUBURN_6_N001,ALL,1,0,3,5
2022-09-01T15:30:00-00:00,2022-09-01T15:45:00-00:00,2022-09-01,09,AUBURN_6_N001,AUBURN_6_N001,AUBURN_6_N001,RTPD,MGHG,LMP_GHG_PRC,AUBURN_6_N001,ALL,1,0,3,5
2022-09-01T16:30:00-00:00,2022-09-01T16:45:00-00:00,2022-09-01,10,AUBURN_6_N001,AUBURN_6_N001,AUBURN_6_N001,RTPD,MGHG,LMP_GHG_PRC,AUBURN_6_N001,ALL,1,0,3,5
2022-09-01T17:30:00-00:00,2022-09-01T17:45:00-00:00,2022-09-01,11,AUBURN_6_N001,AUBURN_6_N001,AUBURN_6_N001,RTPD,MGHG,LMP_GHG_PRC,AUBURN_6_N001,ALL,1,0,3,5
2022-09-01T18:30:00-00:00,2022-09-01T18:45:00-00:00,2022-09-01,12,AUBURN_6_N001,AUBURN_6_N001,AUBURN_6_N001,RTPD,MGHG,LMP_GHG_PRC,AUBURN_6_N001,ALL,1,0,3,5
2022-09-01T19:30:00-00:00,2022-09-01T19:45:00-00:00,2022-09-01,13,AUBURN_6_N001,AUBURN_6_N001,AUBURN_6_N001,RTPD,MGHG,LMP_GHG_PRC,AUBURN_6_N001,ALL,1,0,3,5
2022-09-01T20:30:00-00:00,2022-09-01T20:45:00-00:00,2022-09-01,14,AUBURN_6_N001,AUBURN_6_N001,AUBURN_6_N001,RTPD,MGHG,LMP_GHG_PRC,AUBURN_6_N001,ALL,1,0,3,5
2022-09-01T21:30:00-00:00,2022-09-01T21:45:00-00:00,2022-09-01,15,AUBURN_6_N001,AUBURN_6_N001,AUBURN_6_N001,RTPD,MGHG,LMP_GHG_PRC,AUBURN_6_N001,ALL,1,0,3,5
2022-09-01T22:30:00-00:00,2022-09-01T22:45:00-00:00,2022-09-01,16,AUBURN_6_N001,AUBURN_6_N001,AUBURN_6_N001,RTPD,MGHG,LMP_GHG_PRC,AUBURN_6_N001,ALL,1,0,3,5
2022-09-01T23:30:00-00:00,2022-09-01T23:45:00-00:00,2022-09-01,17,AUBURN_6_N001,AUBURN_6_N001,AUBURN_6_N001,RTPD,MGHG,LMP_GHG_PRC,AUBURN_6_N001,ALL,1,0,3,5
2022-09-02T00:30:00-00:00,2022-09-02T00:45:00-00:00,2022-09-01,18,AUBURN_6_N001,AUBURN_6_N001,AUBURN_6_N001,RTPD,MGHG,LMP_GHG_PRC,AUBURN_6_N001,ALL,1,0,3,5
2022-09-02T01:30:00-00:00,2022-09-02T01:45:00-00:00,2022-09-01,19,AUBURN_6_N001,AUBURN_6_N001,AUBURN_6_N001,RTPD,MGHG,LMP_GHG_PRC,AUBURN_6_N001,ALL,1,0,3,5
2022-09-02T02:30:00-00:00,2022-09-02T02:45:00-00:00,2022-09-01,20,AUBURN_6_N001,AUBURN_6_N001,AUBURN_6_N001,RTPD,MGHG,LMP_GHG_PRC,AUBURN_6_N001,ALL,1,0,3,5
2022-09-02T03:30:00-00:00,2022-09-02T03:45:00-00:00,2022-09-01,21,AUBURN_6_N001,AUBURN_6_N001,AUBURN_6_N001,RTPD,MGHG,LMP_GHG_PRC,AUBURN_6_N001,ALL,1,0,3,5
2022-09-02T04:30:00-00:00,2022-09-02T04:45:00-00:00,2022-09-01,22,AUBURN_6_N001,AUBURN_6_N001,AUBURN_6_N001,RTPD,MGHG,LMP_GHG_PRC,AUBURN_6_N001,ALL,1,0,3,5
2022-09-02T05:30:00-00:00,2022-09-02T05:45:00-00:00,2022-09-01,23,AUBURN_6_N001,AUBURN_6_N001,AUBURN_6_N001,RTPD,MGHG,LMP_GHG_PRC,AUBURN_6_N001,ALL,1,0,3,5
2022-09-02T06:30:00-00:00,2022-09-02T06:45:00-00:00,2022-09-01,24,AUBURN_6_N001,AUBURN_6_N001,AUBURN_6_N001,RTPD,MGHG,LMP_GHG_PRC,AUBURN_6_N001,ALL,1,0,3,5
2022-09-01T07:45:00-00:00,2022-09-01T08:00:00-00:00,2022-09-01,01,AUBURN_6_N001,AUBURN_6_N001,AUBURN_6_N001,RTPD,MGHG,LMP_GHG_PRC,AUBURN_6_N001,ALL,1,0,4,5
2022-09-01T08:45:00-00:00,2022-09-01T09:00:00-00:00,2022-09-01,02,AUBURN_6_N001,AUBURN_6_N001,AUBURN_6_N001,RTPD,MGHG,LMP_GHG_PRC,AUBURN_6_N001,ALL,1,0,4,5
2022-09-01T09:45:00-00:00,2022-09-01T10:00:00-00:00,2022-09-01,03,AUBURN_6_N001,AUBURN_6_N001,AUBURN_6_N001,RTPD,MGHG,LMP_GHG_PRC,AUBURN_6_N001,ALL,1,0,4,5
2022-09-01T10:45:00-00:00,2022-09-01T11:00:00-00:00,2022-09-01,04,AUBURN_6_N001,AUBURN_6_N001,AUBURN_6_N001,RTPD,MGHG,LMP_GHG_PRC,AUBURN_6_N001,ALL,1,0,4,5
2022-09-01T11:45:00-00:00,2022-09-01T12:00:00-00:00,2022-09-01,05,AUBURN_6_N001,AUBURN_6_N001,AUBURN_6_N001,RTPD,MGHG,LMP_GHG_PRC,AUBURN_6_N001,ALL,1,0,4,5
2022-09-01T12:45:00-00:00,2022-09-01T13:00:00-00:00,2022-09-01,06,AUBURN_6_N001,AUBURN_6_N001,AUBURN_6_N001,RTPD,MGHG,LMP_GHG_PRC,AUBURN_6_N001,ALL,1,0,4,5
2022-09-01T13:45:00-00:00,2022-09-01T14:00:00-00:00,2022-09-01,07,AUBURN_6_N001,AUBURN_6_N001,AUBURN_6_N001,RTPD,MGHG,LMP_GHG_PRC,AUBURN_6_N001,ALL,1,0,4,5
2022-09-01T14:45:00-00:00,2022-09-01T15:00:00-00:00,2022-09-01,08,AUBURN_6_N001,AUBURN_6_N001,AUBURN_6_N001,RTPD,MGHG,LMP_GHG_PRC,AUBURN_6_N001,ALL,1,0,4,5
2022-09-01T15:45:00-00:00,2022-09-01T16:00:00-00:00,2022-09-01,09,AUBURN_6_N001,AUBURN_6_N001,AUBURN_6_N001,RTPD,MGHG,LMP_GHG_PRC,AUBURN_6_N001,ALL,1,0,4,5
2022-09-01T16:45:00-00:00,2022-09-01T17:00:00-00:00,2022-09-01,10,AUBURN_6_N001,AUBURN_6_N001,AUBURN_6_N001,RTPD,MGHG,LMP_GHG_PRC,AUBURN_6_N001,ALL,1,0,4,5
2022-09-01T17:45:00-00:00,2022-09-01T18:00:00-00:00,2022-09-01,11,AUBURN_6_N001,AUBURN_6_N001,AUBURN_6_N001,RTPD,MGHG,LMP_GHG_PRC,AUBURN_6_N001,ALL,1,0,4,5
2022-09-01T18:45:00-00:00,2022-09-01T19:00:00-00:00,2022-09-01,12,AUBURN_6_N001,AUBURN_6_N001,AUBURN_6_N001,RTPD,MGHG,LMP_GHG_PRC,AUBURN_6_N001,ALL,1,0,4,5
2022-09-01T19:45:00-00:00,2022-09-01T20:00:00-00:00,2022-09-01,13,AUBURN_6_N001,AUBURN_6_N001,AUBURN_6_N001,RTPD,MGHG,LMP_GHG_PRC,AUBURN_6_N001,ALL,1,0,4,5
2022-09-01T20:45:00-00:00,2022-09-01T21:00:00-00:00,2022-09-01,14,AUBURN_6_N001,AUBURN_6_N001,AUBURN_6_N001,RTPD,MGHG,LMP_GHG_PRC,AUBURN_6_N001,ALL,1,0,4,5
2022-09-01T21:45:00-00:00,2022-09-01T22:00:00-00:00,2022-09-01,15,AUBURN_6_N001,AUBURN_6_N001,AUBURN_6_N001,RTPD,MGHG,LMP_GHG_PRC,AUBURN_6_N001,ALL,1,0,4,5
2022-09-01T22:45:00-00:00,2022-09-01T23:00:00-00:00,2022-09-01,16,AUBURN_6_N001,AUBURN_6_N001,AUBURN_6_N001,RTPD,MGHG,LMP_GHG_PRC,AUBURN_6_N001,ALL,1,0,4,5
2022-09-01T23:45:00-00:00,2022-09-02T00:00:00-00:00,2022-09-01,17,AUBURN_6_N001,AUBURN_6_N001,AUBURN_6_N001,RTPD,MGHG,LMP_GHG_PRC,AUBURN_6_N001,ALL,1,0,4,5
2022-09-02T00:45:00-00:00,2022-09-02T01:00:00-00:00,2022-09-01,18,AUBURN_6_N001,AUBURN_6_N001,AUBURN_6_N001,RTPD,MGHG,LMP_GHG_PRC,AUBURN_6_N001,ALL,1,0,4,5
2022-09-02T01:45:00-00:00,2022-09-02T02:00:00-00:00,2022-09-01,19,AUBURN_6_N001,AUBURN_6_N001,AUBURN_6_N001,RTPD,MGHG,LMP_GHG_PRC,AUBURN_6_N001,ALL,1,0,4,5
2022-09-02T02:45:00-00:00,2022-09-02T03:00:00-00:00,2022-09-01,20,AUBURN_6_N001,AUBURN_6_N001,AUBURN_6_N001,RTPD,MGHG,LMP_GHG_PRC,AUBURN_6_N001,ALL,1,0,4,5
2022-09-02T03:45:00-00:00,2022-09-02T04:00:00-00:00,2022-09-01,21,AUBURN_6_N001,AUBURN_6_N001,AUBURN_6_N001,RTPD,MGHG,LMP_GHG_PRC,AUBURN_6_N001,ALL,1,0,4,5
2022-09-02T04:45:00-00:00,2022-09-02T05:00:00-00:00,2022-09-01,22,AUBURN_6_N001,AUBURN_6_N001,AUBURN_6_N001,RTPD,MGHG,LMP_GHG_PRC,AUBURN_6_N001,ALL,1,0,4,5
2022-09-02T05:45:00-00:00,2022-09-02T06:00:00-00:00,2022-09-01,23,AUBURN_6_N001,AUBURN_6_N001,AUBURN_6_N001,RTPD,MGHG,LMP_GHG_PRC,AUBURN_6_N001,ALL,1,0,4,5
2022-09-02T06:45:00-00:00,2022-09-02T07:00:00-00:00,2022-09-01,24,AUBURN_6_N001,AUBURN_6_N001,AUBURN_6_N001,RTPD,MGHG,LMP_GHG_PRC,AUBURN_6_N001,ALL,1,0,4,5
