INTERVALSTARTTIME_GMT,INTERVALENDTIME_GMT,OPR_DT,OPR_HR,NODE_ID_XML,NODE_ID,NODE,MARKET_RUN_ID,LMP_TYPE,XML_DATA_ITEM,PNODE_RESMRID,GRP_TYPE,POS,PRC,OPR_INTERVAL,GROUP
2022-09-01T07:00:00-00:00,2022-09-01T07:15:00-00:00,2022-09-01,01,APTORVC_6_N002,APTORVC_6_N002,APTORVC_6_N002,RTPD,LMP,LMP_PRC,APTORVC_6_N002,ALL,1,87.17818,1,1
2022-09-01T08:00:00-00:00,2022-09-01T08:15:00-00:00,2022-09-01,02,APTORVC_6_N002,APTORVC_6_N002,APTORVC_6_N002,RTPD,LMP,LMP_PRC,APTORVC_6_N002,ALL,1,112.40557,1,1
2022-09-01T09:00:00-00:00,2022-09-01T09:15:00-00:00,2022-09-01,03,APTORVC_6_N002,APTORVC_6_N002,APTORVC_6_N002,RTPD,LMP,LMP_PRC,APTORVC_6_N002,ALL,1,95.3096,1,1
2022-09-01T10:00:00-00:00,2022-09-01T10:15:00-00:00,2022-09-01,04,APTORVC_6_N002,APTORVC_6_N002,APTORVC_6_N002,RTPD,LMP,LMP_PRC,APTORVC_6_N002,ALL,1,94.82578,1,1
2022-09-01T11:00:00-00:00,2022-09-01T11:15:00-00:00,2022-09-01,05,APTORVC_6_N002,APTORVC_6_N002,APTORVC_6_N002,RTPD,LMP,LMP_PRC,APTORVC_6_N002,ALL,1,102.55833,1,1
2022-09-01T12:00:00-00:00,2022-09-01T12:15:00-00:00,2022-09-01,06,APTORVC_6_N002,APTORVC_6_N002,APTORVC_6_N002,RTPD,LMP,LMP_PRC,APTORVC_6_N002,ALL,1,85.40057,1,1
2022-09-01T13:00:00-00:00,2022-09-01T13:15:00-00:00,2022-09-01,07,APTORVC_6_N002,APTORVC_6_N002,APTORVC_6_N002,RTPD,LMP,LMP_PRC,APTORVC_6_N002,ALL,1,89.43228,1,1
2022-09-01T14:00:00-00:00,2022-09-01T14:15:00-00:00,2022-09-01,08,APTORVC_6_N002,APTORVC_6_N002,APTORVC_6_N002,RTPD,LMP,LMP_PRC,APTORVC_6_N002,ALL,1,110.64552,1,1
2022-09-01T15:00:00-00:00,2022-09-01T15:15:00-00:00,2022-09-01,09,APTORVC_6_N002,APTORVC_6_N002,APTORVC_6_N002,RTPD,LMP,LMP_PRC,APTORVC_6_N002,ALL,1,97.4112,1,1
2022-09-01T16:00:00-00:00,2022-09-01T16:15:00-00:00,2022-09-01,10,APTORVC_6_N002,APTORVC_6_N002,APTORVC_6_N002,RTPD,LMP,LMP_PRC,APTORVC_6_N002,ALL,1,83.43525,1,1
2022-09-01T17:00:00-00:00,2022-09-01T17:15:00-00:00,2022-09-01,11,APTORVC_6_N002,APTORVC_6_N002,APTORVC_6_N002,RTPD,LMP,LMP_PRC,APTORVC_6_N002,ALL,1,81.21887,1,1
2022-09-01T18:00:00-00:00,2022-09-01T18:15:00-00:00,2022-09-01,12,APTORVC_6_N002,APTORVC_6_N002,APTORVC_6_N002,RTPD,LMP,LMP_PRC,APTORVC_6_N002,ALL,1,61.0127,1,1
2022-09-01T19:00:00-00:00,2022-09-01T19:15:00-00:00,2022-09-01,13,APTORVC_6_N002,APTORVC_6_N002,APTORVC_6_N002,RTPD,LMP,LMP_PRC,APTORVC_6_N002,ALL,1,75.41762,1,1
2022-09-01T20:00:00-00:00,2022-09-01T20:15:00-00:00,2022-09-01,14,APTORVC_6_N002,APTORVC_6_N002,APTORVC_6_N002,RTPD,LMP,LMP_PRC,APTORVC_6_N002,ALL,1,114.62252,1,1
2022-09-01T21:00:00-00:00,2022-09-01T21:15:00-00:00,2022-09-01,15,APTORVC_6_N002,APTORVC_6_N002,APTORVC_6_N002,RTPD,LMP,LMP_PRC,APTORVC_6_N002,ALL,1,132.73895,1,1
2022-09-01T22:00:00-00:00,2022-09-01T22:15:00-00:00,2022-09-01,16,APTORVC_6_N002,APTORVC_6_N002,APTORVC_6_N002,RTPD,LMP,LMP_PRC,APTORVC_6_N002,ALL,1,127.54963,1,1
2022-09-01T23:00:00-00:00,2022-09-01T23:15:00-00:00,2022-09-01,17,APTORVC_6_N002,APTORVC_6_N002,APTORVC_6_N002,RTPD,LMP,LMP_PRC,APTORVC_6_N002,ALL,1,235.95764,1,1
2022-09-02T00:00:00-00:00,2022-09-02T00:15:00-00:00,2022-09-01,18,APTORVC_6_N002,APTORVC_6_N002,APTORVC_6_N002,RTPD,LMP,LMP_PRC,APTORVC_6_N002,ALL,1,1238.6421,1,1
2022-09-02T01:00:00-00:00,2022-09-02T01:15:00-00:00,2022-09-01,19,APTORVC_6_N002,APTORVC_6_N002,APTORVC_6_N002,RTPD,LMP,LMP_PRC,APTORVC_6_N002,ALL,1,1384.3821,1,1
2022-09-02T02:00:00-00:00,2022-09-02T02:15:00-00:00,2022-09-01,20,APTORVC_6_N002,APTORVC_6_N002,APTORVC_6_N002,RTPD,LMP,LMP_PRC,APTORVC_6_N002,ALL,1,1991.6721,1,1
2022-09-02T03:00:00-00:00,2022-09-02T03:15:00-00:00,2022-09-01,21,APTORVC_6_N002,APTORVC_6_N002,APTORVC_6_N002,RTPD,LMP,LMP_PRC,APTORVC_6_N002,ALL,1,1498.6655,1,1
2022-09-02T04:00:00-00:00,2022-09-02T04:15:00-00:00,2022-09-01,22,APTORVC_6_N002,APTORVC_6_N002,APTORVC_6_N002,RTPD,LMP,LMP_PRC,APTORVC_6_N002,ALL,1,254.47826,1,1
2022-09-02T05:00:00-00:00,2022-09-02T05:15:00-00:00,2022-09-01,23,APTORVC_6_N002,APTORVC_6_N002,APTORVC_6_N002,RTPD,LMP,LMP_PRC,APTORVC_6_N002,ALL,1,180.97432,1,1
2022-09-02T06:00:00-00:00,2022-09-02T06:15:00-00:00,2022-09-01,24,APTORVC_6_N002,APTORVC_6_N002,APTORVC_6_N002,RTPD,LMP,LMP_PRC,APTORVC_6_N002,ALL,1,156.8335,1,1
2022-09-01T07:15:00-00:00,2022-09-01T07:30:00-00:00,2022-09-01,01,APTORVC_6_N002,APTORVC_6_N002,APTORVC_6_N002,RTPD,LMP,LMP_PRC,APTORVC_6_N002,ALL,1,116.10052,2,1
2022-09-01T08:15:00-00:00,2022-09-01T08:30:00-00:00,2022-09-01,02,APTORVC_6_N002,APTORVC_6_N002,APTORVC_6_N002,RTPD,LMP,LMP_PRC,APTORVC_6_N002,ALL,1,114.67369,2,1
2022-09-01T09:15:00-00:00,2022-09-01T09:30:00-00:00,2022-09-01,03,APTORVC_6_N002,APTORVC_6_N002,APTORVC_6_N002,RTPD,LMP,LMP_PRC,APTORVC_6_N002,ALL,1,92.62876,2,1
2022-09-01T10:15:00-00:00,2022-09-01T10:30:00-00:00,2022-09-01,04,APTORVC_6_N002,APTORVC_6_N002,APTORVC_6_N002,RTPD,LMP,LMP_PRC,APTORVC_6_N002,ALL,1,91.61109,2,1
2022-09-01T11:15:00-00:00,2022-09-01T11:30:00-00:00,2022-09-01,05,APTORVC_6_N002,APTORVC_6_N002,APTORVC_6_N002,RTPD,LMP,LMP_PRC,APTORVC_6_N002,ALL,1,103.01843,2,1
2022-09-01T12:15:00-00:00,2022-09-01T12:30:00-00:00,2022-09-01,06,APTORVC_6_N002,APTORVC_6_N002,APTORVC_6_N002,RTPD,LMP,LMP_PRC,APTORVC_6_N002,ALL,1,101.41431,2,1
2022-09-01T13:15:00-00:00,2022-09-01T13:30:00-00:00,2022-09-01,07,APTORVC_6_N002,APTORVC_6_N002,APTORVC_6_N002,RTPD,LMP,LMP_PRC,APTORVC_6_N002,ALL,1,106.5851,2,1
2022-09-01T14:15:00-00:00,2022-09-01T14:30:00-00:00,2022-09-01,08,APTORVC_6_N002,APTORVC_6_N002,APTORVC_6_N002,RTPD,LMP,LMP_PRC,APTORVC_6_N002,ALL,1,104.35781,2,1
2022-09-01T15:15:00-00:00,2022-09-01T15:30:00-00:00,2022-09-01,09,APTORVC_6_N002,APTORVC_6_N002,APTORVC_6_N002,RTPD,LMP,LMP_PRC,APTORVC_6_N002,ALL,1,86.9388,2,1
2022-09-01T16:15:00-00:00,2022-09-01T16:30:00-00:00,2022-09-01,10,APTORVC_6_N002,APTORVC_6_N002,APTORVC_6_N002,RTPD,LMP,LMP_PRC,APTORVC_6_N002,ALL,1,87.91019,2,1
2022-09-01T17:15:00-00:00,2022-09-01T17:30:00-00:00,2022-09-01,11,APTORVC_6_N002,APTORVC_6_N002,APTORVC_6_N002,RTPD,LMP,LMP_PRC,APTORVC_6_N002,ALL,1,80.18225,2,1
2022-09-01T18:15:00-00:00,2022-09-01T18:30:00-00:00,2022-09-01,12,APTORVC_6_N002,APTORVC_6_N002,APTORVC_6_N002,RTPD,LMP,LMP_PRC,APTORVC_6_N002,ALL,1,76.25743,2,1
2022-09-01T19:15:00-00:00,2022-09-01T19:30:00-00:00,2022-09-01,13,APTORVC_6_N002,APTORVC_6_N002,APTORVC_6_N002,RTPD,LMP,LMP_PRC,APTORVC_6_N002,ALL,1,77.48999,2,1
2022-09-01T20:15:00-00:00,2022-09-01T20:30:00-00:00,2022-09-01,14,APTORVC_6_N002,APTORVC_6_N002,APTORVC_6_N002,RTPD,LMP,LMP_PRC,APTORVC_6_N002,ALL,1,114.48681,2,1
2022-09-01T21:15:00-00:00,2022-09-01T21:30:00-00:00,2022-09-01,15,APTORVC_6_N002,APTORVC_6_N002,APTORVC_6_N002,RTPD,LMP,LMP_PRC,APTORVC_6_N002,ALL,1,121.84131,2,1
2022-09-01T22:15:00-00:00,2022-09-01T22:30:00-00:00,2022-09-01,16,APTORVC_6_N002,APTORVC_6_N002,APTORVC_6_N002,RTPD,LMP,LMP_PRC,APTORVC_6_N002,ALL,1,145.09125,2,1
2022-09-01T23:15:00-00:00,2022-09-01T23:30:00-00:00,2022-09-01,17,APTORVC_6_N002,APTORVC_6_N002,APTORVC_6_N002,RTPD,LMP,LMP_PRC,APTORVC_6_N002,ALL,1,282.06714,2,1
2022-09-02T00:15:00-00:00,2022-09-02T00:30:00-00:00,2022-09-01,18,APTORVC_6_N002,APTORVC_6_N002,APTORVC_6_N002,RTPD,LMP,LMP_PRC,APTORVC_6_N002,ALL,1,1147.6757,2,1
2022-09-02T01:15:00-00:00,2022-09-02T01:30:00-00:00,2022-09-01,19,APTORVC_6_N002,APTORVC_6_N002,APTORVC_6_N002,RTPD,LMP,LMP_PRC,APTORVC_6_N002,ALL,1,1999.9933,2,1
2022-09-02T02:15:00-00:00,2022-09-02T02:30:00-00:00,2022-09-01,20,APTORVC_6_N002,APTORVC_6_N002,APTORVC_6_N002,RTPD,LMP,LMP_PRC,APTORVC_6_N002,ALL,1,1991.6721,2,1
2022-09-02T03:15:00-00:00,2022-09-02T03:30:00-00:00,2022-09-01,21,APTORVC_6_N002,APTORVC_6_N002,APTORVC_6_N002,RTPD,LMP,LMP_PRC,APTORVC_6_N002,ALL,1,604.77893,2,1
2022-09-02T04:15:00-00:00,2022-09-02T04:30:00-00:00,2022-09-01,22,APTORVC_6_N002,APTORVC_6_N002,APTORVC_6_N002,RTPD,LMP,LMP_PRC,APTORVC_6_N002,ALL,1,221.3342,2,1
2022-09-02T05:15:00-00:00,2022-09-02T05:30:00-00:00,2022-09-01,23,APTORVC_6_N002,APTORVC_6_N002,APTORVC_6_N002,RTPD,LMP,LMP_PRC,APTORVC_6_N002,ALL,1,154.4331,2,1
2022-09-02T06:15:00-00:00,2022-09-02T06:30:00-00:00,2022-09-01,24,APTORVC_6_N002,APTORVC_6_N002,APTORVC_6_N002,RTPD,LMP,LMP_PRC,APTORVC_6_N002,ALL,1,139.92368,2,1
2022-09-01T07:30:00-00:00,2022-09-01T07:45:00-00:00,2022-09-01,01,APTORVC_6_N002,APTORVC_6_N002,APTORVC_6_N002,RTPD,LMP,LMP_PRC,APTORVC_6_N002,ALL,1,103.79992,3,1
2022-09-01T08:30:00-00:00,2022-09-01T08:45:00-00:00,2022-09-01,02,APTORVC_6_N002,APTORVC_6_N002,APTORVC_6_N002,RTPD,LMP,LMP_PRC,APTORVC_6_N002,ALL,1,111.14493,3,1
2022-09-01T09:30:00-00:00,2022-09-01T09:45:00-00:00,2022-09-01,03,APTORVC_6_N002,APTORVC_6_N002,APTORVC_6_N002,RTPD,LMP,LMP_PRC,APTORVC_6_N002,ALL,1,92.39177,3,1
2022-09-01T10:30:00-00:00,2022-09-01T10:45:00-00:00,2022-09-01,04,APTORVC_6_N002,APTORVC_6_N002,APTORVC_6_N002,RTPD,LMP,LMP_PRC,APTORVC_6_N002,ALL,1,93.30809,3,1
2022-09-01T11:30:00-00:00,2022-09-01T11:45:00-00:00,2022-09-01,05,APTORVC_6_N002,APTORVC_6_N002,APTORVC_6_N002,RTPD,LMP,LMP_PRC,APTORVC_6_N002,ALL,1,102.88677,3,1
2022-09-01T12:30:00-00:00,2022-09-01T12:45:00-00:00,2022-09-01,06,APTORVC_6_N002,APTORVC_6_N002,APTORVC_6_N002,RTPD,LMP,LMP_PRC,APTORVC_6_N002,ALL,1,101.52885,3,1
2022-09-01T13:30:00-00:00,2022-09-01T13:45:00-00:00,2022-09-01,07,APTORVC_6_N002,APTORVC_6_N002,APTORVC_6_N002,RTPD,LMP,LMP_PRC,APTORVC_6_N002,ALL,1,107.87354,3,1
2022-09-01T14:30:00-00:00,2022-09-01T14:45:00-00:00,2022-09-01,08,APTORVC_6_N002,APTORVC_6_N002,APTORVC_6_N002,RTPD,LMP,LMP_PRC,APTORVC_6_N002,ALL,1,101.68153,3,1
2022-09-01T15:30:00-00:00,2022-09-01T15:45:00-00:00,2022-09-01,09,APTORVC_6_N002,APTORVC_6_N002,APTORVC_6_N002,RTPD,LMP,LMP_PRC,APTORVC_6_N002,ALL,1,86.1388,3,1
2022-09-01T16:30:00-00:00,2022-09-01T16:45:00-00:00,2022-09-01,10,APTORVC_6_N002,APTORVC_6_N002,APTORVC_6_N002,RTPD,LMP,LMP_PRC,APTORVC_6_N002,ALL,1,75.91067,3,1
2022-09-01T17:30:00-00:00,2022-09-01T17:45:00-00:00,2022-09-01,11,APTORVC_6_N002,APTORVC_6_N002,APTORVC_6_N002,RTPD,LMP,LMP_PRC,APTORVC_6_N002,ALL,1,79.88885,3,1
2022-09-01T18:30:00-00:00,2022-09-01T18:45:00-00:00,2022-09-01,12,APTORVC_6_N002,APTORVC_6_N002,APTORVC_6_N002,RTPD,LMP,LMP_PRC,APTORVC_6_N002,ALL,1,81.08088,3,1
2022-09-01T19:30:00-00:00,2022-09-01T19:45:00-00:00,2022-09-01,13,APTORVC_6_N002,APTORVC_6_N002,APTORVC_6_N002,RTPD,LMP,LMP_PRC,APTORVC_6_N002,ALL,1,102.08918,3,1
2022-09-01T20:30:00-00:00,2022-09-01T20:45:00-00:00,2022-09-01,14,APTORVC_6_N002,APTORVC_6_N002,APTORVC_6_N002,RTPD,LMP,LMP_PRC,APTORVC_6_N002,ALL,1,117.6818,3,1
2022-09-01T21:30:00-00:00,2022-09-01T21:45:00-00:00,2022-09-01,15,APTORVC_6_N002,APTORVC_6_N002,APTORVC_6_N002,RTPD,LMP,LMP_PRC,APTORVC_6_N002,ALL,1,129.624,3,1
2022-09-01T22:30:00-00:00,2022-09-01T22:45:00-00:00,2022-09-01,16,APTORVC_6_N002,APTORVC_6_N002,APTORVC_6_N002,RTPD,LMP,LMP_PRC,APTORVC_6_N002,ALL,1,163.29602,3,1
2022-09-01T23:30:00-00:00,2022-09-01T23:45:00-00:00,2022-09-01,17,APTORVC_6_N002,APTORVC_6_N002,APTORVC_6_N002,RTPD,LMP,LMP_PRC,APTORVC_6_N002,ALL,1,566.48157,3,1
2022-09-02T00:30:00-00:00,2022-09-02T00:45:00-00:00,2022-09-01,18,APTORVC_6_N002,APTORVC_6_N002,APTORVC_6_N002,RTPD,LMP,LMP_PRC,APTORVC_6_N002,ALL,1,1978.5133,3,1
2022-09-02T01:30:00-00:00,2022-09-02T01:45:00-00:00,2022-09-01,19,APTORVC_6_N002,APTORVC_6_N002,APTORVC_6_N002,RTPD,LMP,LMP_PRC,APTORVC_6_N002,ALL,1,1999.9956,3,1
2022-09-02T02:30:00-00:00,2022-09-02T02:45:00-00:00,2022-09-01,20,APTORVC_6_N002,APTORVC_6_N002,APTORVC_6_N002,RTPD,LMP,LMP_PRC,APTORVC_6_N002,ALL,1,1991.671,3,1
2022-09-02T03:30:00-00:00,2022-09-02T03:45:00-00:00,2022-09-01,21,APTORVC_6_N002,APTORVC_6_N002,APTORVC_6_N002,RTPD,LMP,LMP_PRC,APTORVC_6_N002,ALL,1,232.75136,3,1
2022-09-02T04:30:00-00:00,2022-09-02T04:45:00-00:00,2022-09-01,22,APTORVC_6_N002,APTORVC_6_N002,APTORVC_6_N002,RTPD,LMP,LMP_PRC,APTORVC_6_N002,ALL,1,176.23357,3,1
2022-09-02T05:30:00-00:00,2022-09-02T05:45:00-00:00,2022-09-01,23,APTORVC_6_N002,APTORVC_6_N002,APTORVC_6_N002,RTPD,LMP,LMP_PRC,APTORVC_6_N002,ALL,1,129.32858,3,1
2022-09-02T06:30:00-00:00,2022-09-02T06:45:00-00:00,2022-09-01,24,APTORVC_6_N002,APTORVC_6_N002,APTORVC_6_N002,RTPD,LMP,LMP_PRC,APTORVC_6_N002,ALL,1,126.62665,3,1
2022-09-01T07:45:00-00:00,2022-09-01T08:00:00-00:00,2022-09-01,01,APTORVC_6_N002,APTORVC_6_N002,APTORVC_6_N002,RTPD,LMP,LMP_PRC,APTORVC_6_N002,ALL,1,91.75891,4,1
2022-09-01T08:45:00-00:00,2022-09-01T09:00:00-00:00,2022-09-01,02,APTORVC_6_N002,APTORVC_6_N002,APTORVC_6_N002,RTPD,LMP,LMP_PRC,APTORVC_6_N002,ALL,1,94.33942,4,1
2022-09-01T09:45:00-00:00,2022-09-01T10:00:00-00:00,2022-09-01,03,APTORVC_6_N002,APTORVC_6_N002,APTORVC_6_N002,RTPD,LMP,LMP_PRC,APTORVC_6_N002,ALL,1,92.26115,4,1
2022-09-01T10:45:00-00:00,2022-09-01T11:00:00-00:00,2022-09-01,04,APTORVC_6_N002,APTORVC_6_N002,APTORVC_6_N002,RTPD,LMP,LMP_PRC,APTORVC_6_N002,ALL,1,93.20339,4,1
2022-09-01T11:45:00-00:00,2022-09-01T12:00:00-00:00,2022-09-01,05,APTORVC_6_N002,APTORVC_6_N002,APTORVC_6_N002,RTPD,LMP,LMP_PRC,APTORVC_6_N002,ALL,1,107.01,4,1
2022-09-01T12:45:00-00:00,2022-09-01T13:00:00-00:00,2022-09-01,06,APTORVC_6_N002,APTORVC_6_N002,APTORVC_6_N002,RTPD,LMP,LMP_PRC,APTORVC_6_N002,ALL,1,114.27877,4,1
2022-09-01T13:45:00-00:00,2022-09-01T14:00:00-00:00,2022-09-01,07,APTORVC_6_N002,APTORVC_6_N002,APTORVC_6_N002,RTPD,LMP,LMP_PRC,APTORVC_6_N002,ALL,1,111.41,4,1
2022-09-01T14:45:00-00:00,2022-09-01T15:00:00-00:00,2022-09-01,08,APTORVC_6_N002,APTORVC_6_N002,APTORVC_6_N002,RTPD,LMP,LMP_PRC,APTORVC_6_N002,ALL,1,86.1388,4,1
2022-09-01T15:45:00-00:00,2022-09-01T16:00:00-00:00,2022-09-01,09,APTORVC_6_N002,APTORVC_6_N002,APTORVC_6_N002,RTPD,LMP,LMP_PRC,APTORVC_6_N002,ALL,1,78.70076,4,1
2022-09-01T16:45:00-00:00,2022-09-01T17:00:00-00:00,2022-09-01,10,APTORVC_6_N002,APTORVC_6_N002,APTORVC_6_N002,RTPD,LMP,LMP_PRC,APTORVC_6_N002,ALL,1,79.57639,4,1
2022-09-01T17:45:00-00:00,2022-09-01T18:00:00-00:00,2022-09-01,11,APTORVC_6_N002,APTORVC_6_N002,APTORVC_6_N002,RTPD,LMP,LMP_PRC,APTORVC_6_N002,ALL,1,80.26038,4,1
2022-09-01T18:45:00-00:00,2022-09-01T19:00:00-00:00,2022-09-01,12,APTORVC_6_N002,APTORVC_6_N002,APTORVC_6_N002,RTPD,LMP,LMP_PRC,APTORVC_6_N002,ALL,1,83.16377,4,1
2022-09-01T19:45:00-00:00,2022-09-01T20:00:00-00:00,2022-09-01,13,APTORVC_6_N002,APTORVC_6_N002,APTORVC_6_N002,RTPD,LMP,LMP_PRC,APTORVC_6_N002,ALL,1,107.25712,4,1
2022-09-01T20:45:00-00:00,2022-09-01T21:00:00-00:00,2022-09-01,14,APTORVC_6_N002,APTORVC_6_N002,APTORVC_6_N002,RTPD,LMP,LMP_PRC,APTORVC_6_N002,ALL,1,127.19333,4,1
2022-09-01T21:45:00-00:00,2022-09-01T22:00:00-00:00,2022-09-01,15,APTORVC_6_N002,APTORVC_6_N002,APTORVC_6_N002,RTPD,LMP,LMP_PRC,APTORVC_6_N002,ALL,1,215.6196,4,1
2022-09-01T22:45:00-00:00,2022-09-01T23:00:00-00:00,2022-09-01,16,APTORVC_6_N002,APTORVC_6_N002,APTORVC_6_N002,RTPD,LMP,LMP_PRC,APTORVC_6_N002,ALL,1,187.43993,4,1
2022-09-01T23:45:00-00:00,2022-09-02T00:00:00-00:00,2022-09-01,17,APTORVC_6_N002,APTORVC_6_N002,APTORVC_6_N002,RTPD,LMP,LMP_PRC,APTORVC_6_N002,ALL,1,1828.6306,4,1
2022-09-02T00:45:00-00:00,2022-09-02T01:00:00-00:00,2022-09-01,18,APTORVC_6_N002,APTORVC_6_N002,APTORVC_6_N002,RTPD,LMP,LMP_PRC,APTORVC_6_N002,ALL,1,1928.0187,4,1
2022-09-02T01:45:00-00:00,2022-09-02T02:00:00-00:00,2022-09-01,19,APTORVC_6_N002,APTORVC_6_N002,APTORVC_6_N002,RTPD,LMP,LMP_PRC,APTORVC_6_N002,ALL,1,1991.9337,4,1
2022-09-02T02:45:00-00:00,2022-09-02T03:00:00-00:00,2022-09-01,20,APTORVC_6_N002,APTORVC_6_N002,APTORVC_6_N002,RTPD,LMP,LMP_PRC,APTORVC_6_N002,ALL,1,1810.6786,4,1
2022-09-02T03:45:00-00:00,2022-09-02T04:00:00-00:00,2022-09-01,21,APTORVC_6_N002,APTORVC_6_N002,APTORVC_6_N002,RTPD,LMP,LMP_PRC,APTORVC_6_N002,ALL,1,166.66058,4,1
2022-09-02T04:45:00-00:00,2022-09-02T05:00:00-00:00,2022-09-01,22,APTORVC_6_N002,APTORVC_6_N002,APTORVC_6_N002,RTPD,LMP,LMP_PRC,APTORVC_6_N002,ALL,1,124.65944,4,1
2022-09-02T05:45:00-00:00,2022-09-02T06:00:00-00:00,2022-09-01,23,APTORVC_6_N002,APTORVC_6_N002,APTORVC_6_N002,RTPD,LMP,LMP_PRC,APTORVC_6_N002,ALL,1,111.98313,4,1
2022-09-02T06:45:00-00:00,2022-09-02T07:00:00-00:00,2022-09-01,24,APTORVC_6_N002,APTORVC_6_N002,APTORVC_6_N002,RTPD,LMP,LMP_PRC,APTORVC_6_N002,ALL,1,107.73991,4,1
2022-09-01T07:00:00-00:00,2022-09-01T07:15:00-00:00,2022-09-01,01,APTORVC_6_N002,APTORVC_6_N002,APTORVC_6_N002,RTPD,MCC,LMP_CONG_PRC,APTORVC_6_N002,ALL,1,-7.12295,1,2
2022-09-01T08:00:00-00:00,2022-09-01T08:15:00-00:00,2022-09-01,02,APTORVC_6_N002,APTORVC_6_N002,APTORVC_6_N002,RTPD,MCC,LMP_CONG_PRC,APTORVC_6_N002,ALL,1,-3.14322,1,2
2022-09-01T09:00:00-00:00,2022-09-01T09:15:00-00:00,2022-09-01,03,APTORVC_6_N002,APTORVC_6_N002,APTORVC_6_N002,RTPD,MCC,LMP_CONG_PRC,APTORVC_6_N002,ALL,1,-4.21157,1,2
2022-09-01T10:00:00-00:00,2022-09-01T10:15:00-00:00,2022-09-01,04,APTORVC_6_N002,APTORVC_6_N002,APTORVC_6_N002,RTPD,MCC,LMP_CONG_PRC,APTORVC_6_N002,ALL,1,-3.64875,1,2
2022-09-01T11:00:00-00:00,2022-09-01T11:15:00-00:00,2022-09-01,05,APTORVC_6_N002,APTORVC_6_N002,APTORVC_6_N002,RTPD,MCC,LMP_CONG_PRC,APTORVC_6_N002,ALL,1,0,1,2
2022-09-01T12:00:00-00:00,2022-09-01T12:15:00-00:00,2022-09-01,06,APTORVC_6_N002,APTORVC_6_N002,APTORVC_6_N002,RTPD,MCC,LMP_CONG_PRC,APTORVC_6_N002,ALL,1,-9.36621,1,2
2022-09-01T13:00:00-00:00,2022-09-01T13:15:00-00:00,2022-09-01,07,APTORVC_6_N002,APTORVC_6_N002,APTORVC_6_N002,RTPD,MCC,LMP_CONG_PRC,APTORVC_6_N002,ALL,1,-12.37649,1,2
2022-09-01T14:00:00-00:00,2022-09-01T14:15:00-00:00,2022-09-01,08,APTORVC_6_N002,APTORVC_6_N002,APTORVC_6_N002,RTPD,MCC,LMP_CONG_PRC,APTORVC_6_N002,ALL,1,0,1,2
2022-09-01T15:00:00-00:00,2022-09-01T15:15:00-00:00,2022-09-01,09,APTORVC_6_N002,APTORVC_6_N002,APTORVC_6_N002,RTPD,MCC,LMP_CONG_PRC,APTORVC_6_N002,ALL,1,0,1,2
2022-09-01T16:00:00-00:00,2022-09-01T16:15:00-00:00,2022-09-01,10,APTORVC_6_N002,APTORVC_6_N002,APTORVC_6_N002,RTPD,MCC,LMP_CONG_PRC,APTORVC_6_N002,ALL,1,0,1,2
2022-09-01T17:00:00-00:00,2022-09-01T17:15:00-00:00,2022-09-01,11,APTORVC_6_N002,APTORVC_6_N002,APTORVC_6_N002,RTPD,MCC,LMP_CONG_PRC,APTORVC_6_N002,ALL,1,-15.7301,1,2
2022-09-01T18:00:00-00:00,2022-09-01T18:15:00-00:00,2022-09-01,12,APTORVC_6_N002,APTORVC_6_N002,APTORVC_6_N002,RTPD,MCC,LMP_CONG_PRC,APTORVC_6_N002,ALL,1,-30.58021,1,2
2022-09-01T19:00:00-00:00,2022-09-01T19:15:00-00:00,2022-09-01,13,APTORVC_6_N002,APTORVC_6_N002,APTORVC_6_N002,RTPD,MCC,LMP_CONG_PRC,APTORVC_6_N002,ALL,1,-33.77875,1,2
2022-09-01T20:00:00-00:00,2022-09-01T20:15:00-00:00,2022-09-01,14,APTORVC_6_N002,APTORVC_6_N002,APTORVC_6_N002,RTPD,MCC,LMP_CONG_PRC,APTORVC_6_N002,ALL,1,-3.32107,1,2
2022-09-01T21:00:00-00:00,2022-09-01T21:15:00-00:00,2022-09-01,15,APTORVC_6_N002,APTORVC_6_N002,APTORVC_6_N002,RTPD,MCC,LMP_CONG_PRC,APTORVC_6_N002,ALL,1,-93.87604,1,2
2022-09-01T22:00:00-00:00,2022-09-01T22:15:00-00:00,2022-09-01,16,APTORVC_6_N002,APTORVC_6_N002,APTORVC_6_N002,RTPD,MCC,LMP_CONG_PRC,APTORVC_6_N002,ALL,1,-101.63588,1,2
2022-09-01T23:00:00-00:00,2022-09-01T23:15:00-00:00,2022-09-01,17,APTORVC_6_N002,APTORVC_6_N002,APTORVC_6_N002,RTPD,MCC,LMP_CONG_PRC,APTORVC_6_N002,ALL,1,-150.79607,1,2
2022-09-02T00:00:00-00:00,2022-09-02T00:15:00-00:00,2022-09-01,18,APTORVC_6_N002,APTORVC_6_N002,APTORVC_6_N002,RTPD,MCC,LMP_CONG_PRC,APTORVC_6_N002,ALL,1,471.60538,1,2
2022-09-02T01:00:00-00:00,2022-09-02T01:15:00-00:00,2022-09-01,19,APTORVC_6_N002,APTORVC_6_N002,APTORVC_6_N002,RTPD,MCC,LMP_CONG_PRC,APTORVC_6_N002,ALL,1,468.11084,1,2
2022-09-02T02:00:00-00:00,2022-09-02T02:15:00-00:00,2022-09-01,20,APTORVC_6_N002,APTORVC_6_N002,APTORVC_6_N002,RTPD,MCC,LMP_CONG_PRC,APTORVC_6_N002,ALL,1,0,1,2
2022-09-02T03:00:00-00:00,2022-09-02T03:15:00-00:00,2022-09-01,21,APTORVC_6_N002,APTORVC_6_N002,APTORVC_6_N002,RTPD,MCC,LMP_CONG_PRC,APTORVC_6_N002,ALL,1,577.4446,1,2
2022-09-02T04:00:00-00:00,2022-09-02T04:15:00-00:00,2022-09-01,22,APTORVC_6_N002,APTORVC_6_N002,APTORVC_6_N002,RTPD,MCC,LMP_CONG_PRC,APTORVC_6_N002,ALL,1,0,1,2
2022-09-02T05:00:00-00:00,2022-09-02T05:15:00-00:00,2022-09-01,23,APTORVC_6_N002,APTORVC_6_N002,APTORVC_6_N002,RTPD,MCC,LMP_CONG_PRC,APTORVC_6_N002,ALL,1,0,1,2
2022-09-02T06:00:00-00:00,2022-09-02T06:15:00-00:00,2022-09-01,24,APTORVC_6_N002,APTORVC_6_N002,APTORVC_6_N002,RTPD,MCC,LMP_CONG_PRC,APTORVC_6_N002,ALL,1,0,1,2
2022-09-01T07:15:00-00:00,2022-09-01T07:30:00-00:00,2022-09-01,01,APTORVC_6_N002,APTORVC_6_N002,APTORVC_6_N002,RTPD,MCC,LMP_CONG_PRC,APTORVC_6_N002,ALL,1,-9.45092,2,2
2022-09-01T08:15:00-00:00,2022-09-01T08:30:00-00:00,2022-09-01,02,APTORVC_6_N002,APTORVC_6_N002,APTORVC_6_N002,RTPD,MCC,LMP_CONG_PRC,APTORVC_6_N002,ALL,1,-0.85796,2,2
2022-09-01T09:15:00-00:00,2022-09-01T09:30:00-00:00,2022-09-01,03,APTORVC_6_N002,APTORVC_6_N002,APTORVC_6_N002,RTPD,MCC,LMP_CONG_PRC,APTORVC_6_N002,ALL,1,-5.54887,2,2
2022-09-01T10:15:00-00:00,2022-09-01T10:30:00-00:00,2022-09-01,04,APTORVC_6_N002,APTORVC_6_N002,APTORVC_6_N002,RTPD,MCC,LMP_CONG_PRC,APTORVC_6_N002,ALL,1,-5.16294,2,2
2022-09-01T11:15:00-00:00,2022-09-01T11:30:00-00:00,2022-09-01,05,APTORVC_6_N002,APTORVC_6_N002,APTORVC_6_N002,RTPD,MCC,LMP_CONG_PRC,APTORVC_6_N002,ALL,1,0,2,2
2022-09-01T12:15:00-00:00,2022-09-01T12:30:00-00:00,2022-09-01,06,APTORVC_6_N002,APTORVC_6_N002,APTORVC_6_N002,RTPD,MCC,LMP_CONG_PRC,APTORVC_6_N002,ALL,1,-5.71035,2,2
2022-09-01T13:15:00-00:00,2022-09-01T13:30:00-00:00,2022-09-01,07,APTORVC_6_N002,APTORVC_6_N002,APTORVC_6_N002,RTPD,MCC,LMP_CONG_PRC,APTORVC_6_N002,ALL,1,-0.53112,2,2
2022-09-01T14:15:00-00:00,2022-09-01T14:30:00-00:00,2022-09-01,08,APTORVC_6_N002,APTORVC_6_N002,APTORVC_6_N002,RTPD,MCC,LMP_CONG_PRC,APTORVC_6_N002,ALL,1,0,2,2
2022-09-01T15:15:00-00:00,2022-09-01T15:30:00-00:00,2022-09-01,09,APTORVC_6_N002,APTORVC_6_N002,APTORVC_6_N002,RTPD,MCC,LMP_CONG_PRC,APTORVC_6_N002,ALL,1,0,2,2
2022-09-01T16:15:00-00:00,2022-09-01T16:30:00-00:00,2022-09-01,10,APTORVC_6_N002,APTORVC_6_N002,APTORVC_6_N002,RTPD,MCC,LMP_CONG_PRC,APTORVC_6_N002,ALL,1,-1.53839,2,2
2022-09-01T17:15:00-00:00,2022-09-01T17:30:00-00:00,2022-09-01,11,APTORVC_6_N002,APTORVC_6_N002,APTORVC_6_N002,RTPD,MCC,LMP_CONG_PRC,APTORVC_6_N002,ALL,1,-19.16447,2,2
2022-09-01T18:15:00-00:00,2022-09-01T18:30:00-00:00,2022-09-01,12,APTORVC_6_N002,APTORVC_6_N002,APTORVC_6_N002,RTPD,MCC,LMP_CONG_PRC,APTORVC_6_N002,ALL,1,-24.90158,2,2
2022-09-01T19:15:00-00:00,2022-09-01T19:30:00-00:00,2022-09-01,13,APTORVC_6_N002,APTORVC_6_N002,APTORVC_6_N002,RTPD,MCC,LMP_CONG_PRC,APTORVC_6_N002,ALL,1,-27.81589,2,2
2022-09-01T20:15:00-00:00,2022-09-01T20:30:00-00:00,2022-09-01,14,APTORVC_6_N002,APTORVC_6_N002,APTORVC_6_N002,RTPD,MCC,LMP_CONG_PRC,APTORVC_6_N002,ALL,1,-3.00739,2,2
2022-09-01T21:15:00-00:00,2022-09-01T21:30:00-00:00,2022-09-01,15,APTORVC_6_N002,APTORVC_6_N002,APTORVC_6_N002,RTPD,MCC,LMP_CONG_PRC,APTORVC_6_N002,ALL,1,-25.37053,2,2
2022-09-01T22:15:00-00:00,2022-09-01T22:30:00-00:00,2022-09-01,16,APTORVC_6_N002,APTORVC_6_N002,APTORVC_6_N002,RTPD,MCC,LMP_CONG_PRC,APTORVC_6_N002,ALL,1,-111.49607,2,2
2022-09-01T23:15:00-00:00,2022-09-01T23:30:00-00:00,2022-09-01,17,APTORVC_6_N002,APTORVC_6_N002,APTORVC_6_N002,RTPD,MCC,LMP_CONG_PRC,APTORVC_6_N002,ALL,1,-80.05696,2,2
2022-09-02T00:15:00-00:00,2022-09-02T00:30:00-00:00,2022-09-01,18,APTORVC_6_N002,APTORVC_6_N002,APTORVC_6_N002,RTPD,MCC,LMP_CONG_PRC,APTORVC_6_N002,ALL,1,459.01495,2,2
2022-09-02T01:15:00-00:00,2022-09-02T01:30:00-00:00,2022-09-01,19,APTORVC_6_N002,APTORVC_6_N002,APTORVC_6_N002,RTPD,MCC,LMP_CONG_PRC,APTORVC_6_N002,ALL,1,0,2,2
2022-09-02T02:15:00-00:00,2022-09-02T02:30:00-00:00,2022-09-01,20,APTORVC_6_N002,APTORVC_6_N002,APTORVC_6_N002,RTPD,MCC,LMP_CONG_PRC,APTORVC_6_N002,ALL,1,0,2,2
2022-09-02T03:15:00-00:00,2022-09-02T03:30:00-00:00,2022-09-01,21,APTORVC_6_N002,APTORVC_6_N002,APTORVC_6_N002,RTPD,MCC,LMP_CONG_PRC,APTORVC_6_N002,ALL,1,202.16731,2,2
2022-09-02T04:15:00-00:00,2022-09-02T04:30:00-00:00,2022-09-01,22,APTORVC_6_N002,APTORVC_6_N002,APTORVC_6_N002,RTPD,MCC,LMP_CONG_PRC,APTORVC_6_N002,ALL,1,0,2,2
2022-09-02T05:15:00-00:00,2022-09-02T05:30:00-00:00,2022-09-01,23,APTORVC_6_N002,APTORVC_6_N002,APTORVC_6_N002,RTPD,MCC,LMP_CONG_PRC,APTORVC_6_N002,ALL,1,0,2,2
2022-09-02T06:15:00-00:00,2022-09-02T06:30:00-00:00,2022-09-01,24,APTORVC_6_N002,APTORVC_6_N002,APTORVC_6_N002,RTPD,MCC,LMP_CONG_PRC,APTORVC_6_N002,ALL,1,0,2,2
2022-09-01T07:30:00-00:00,2022-09-01T07:45:00-00:00,2022-09-01,01,APTORVC_6_N002,APTORVC_6_N002,APTORVC_6_N002,RTPD,MCC,LMP_CONG_PRC,APTORVC_6_N002,ALL,1,-15.23204,3,2
2022-09-01T08:30:00-00:00,2022-09-01T08:45:00-00:00,2022-09-01,02,APTORVC_6_N002,APTORVC_6_N002,APTORVC_6_N002,RTPD,MCC,LMP_CONG_PRC,APTORVC_6_N002,ALL,1,-0.00081,3,2
2022-09-01T09:30:00-00:00,2022-09-01T09:45:00-00:00,2022-09-01,03,APTORVC_6_N002,APTORVC_6_N002,APTORVC_6_N002,RTPD,MCC,LMP_CONG_PRC,APTORVC_6_N002,ALL,1,-5.48584,3,2
2022-09-01T10:30:00-00:00,2022-09-01T10:45:00-00:00,2022-09-01,04,APTORVC_6_N002,APTORVC_6_N002,APTORVC_6_N002,RTPD,MCC,LMP_CONG_PRC,APTORVC_6_N002,ALL,1,-2.91926,3,2
2022-09-01T11:30:00-00:00,2022-09-01T11:45:00-00:00,2022-09-01,05,APTORVC_6_N002,APTORVC_6_N002,APTORVC_6_N002,RTPD,MCC,LMP_CONG_PRC,APTORVC_6_N002,ALL,1,0,3,2
2022-09-01T12:30:00-00:00,2022-09-01T12:45:00-00:00,2022-09-01,06,APTORVC_6_N002,APTORVC_6_N002,APTORVC_6_N002,RTPD,MCC,LMP_CONG_PRC,APTORVC_6_N002,ALL,1,-9.88728,3,2
2022-09-01T13:30:00-00:00,2022-09-01T13:45:00-00:00,2022-09-01,07,APTORVC_6_N002,APTORVC_6_N002,APTORVC_6_N002,RTPD,MCC,LMP_CONG_PRC,APTORVC_6_N002,ALL,1,0,3,2
2022-09-01T14:30:00-00:00,2022-09-01T14:45:00-00:00,2022-09-01,08,APTORVC_6_N002,APTORVC_6_N002,APTORVC_6_N002,RTPD,MCC,LMP_CONG_PRC,APTORVC_6_N002,ALL,1,0,3,2
2022-09-01T15:30:00-00:00,2022-09-01T15:45:00-00:00,2022-09-01,09,APTORVC_6_N002,APTORVC_6_N002,APTORVC_6_N002,RTPD,MCC,LMP_CONG_PRC,APTORVC_6_N002,ALL,1,0,3,2
2022-09-01T16:30:00-00:00,2022-09-01T16:45:00-00:00,2022-09-01,10,APTORVC_6_N002,APTORVC_6_N002,APTORVC_6_N002,RTPD,MCC,LMP_CONG_PRC,APTORVC_6_N002,ALL,1,-12.88577,3,2
2022-09-01T17:30:00-00:00,2022-09-01T17:45:00-00:00,2022-09-01,11,APTORVC_6_N002,APTORVC_6_N002,APTORVC_6_N002,RTPD,MCC,LMP_CONG_PRC,APTORVC_6_N002,ALL,1,-19.24128,3,2
2022-09-01T18:30:00-00:00,2022-09-01T18:45:00-00:00,2022-09-01,12,APTORVC_6_N002,APTORVC_6_N002,APTORVC_6_N002,RTPD,MCC,LMP_CONG_PRC,APTORVC_6_N002,ALL,1,-25.97629,3,2
2022-09-01T19:30:00-00:00,2022-09-01T19:45:00-00:00,2022-09-01,13,APTORVC_6_N002,APTORVC_6_N002,APTORVC_6_N002,RTPD,MCC,LMP_CONG_PRC,APTORVC_6_N002,ALL,1,-11.96987,3,2
2022-09-01T20:30:00-00:00,2022-09-01T20:45:00-00:00,2022-09-01,14,APTORVC_6_N002,APTORVC_6_N002,APTORVC_6_N002,RTPD,MCC,LMP_CONG_PRC,APTORVC_6_N002,ALL,1,-12.13424,3,2
2022-09-01T21:30:00-00:00,2022-09-01T21:45:00-00:00,2022-09-01,15,APTORVC_6_N002,APTORVC_6_N002,APTORVC_6_N002,RTPD,MCC,LMP_CONG_PRC,APTORVC_6_N002,ALL,1,-23.30658,3,2
2022-09-01T22:30:00-00:00,2022-09-01T22:45:00-00:00,2022-09-01,16,APTORVC_6_N002,APTORVC_6_N002,APTORVC_6_N002,RTPD,MCC,LMP_CONG_PRC,APTORVC_6_N002,ALL,1,-119.88579,3,2
2022-09-01T23:30:00-00:00,2022-09-01T23:45:00-00:00,2022-09-01,17,APTORVC_6_N002,APTORVC_6_N002,APTORVC_6_N002,RTPD,MCC,LMP_CONG_PRC,APTORVC_6_N002,ALL,1,0,3,2
2022-09-02T00:30:00-00:00,2022-09-02T00:45:00-00:00,2022-09-01,18,APTORVC_6_N002,APTORVC_6_N002,APTORVC_6_N002,RTPD,MCC,LMP_CONG_PRC,APTORVC_6_N002,ALL,1,649.4007,3,2
2022-09-02T01:30:00-00:00,2022-09-02T01:45:00-00:00,2022-09-01,19,APTORVC_6_N002,APTORVC_6_N002,APTORVC_6_N002,RTPD,MCC,LMP_CONG_PRC,APTORVC_6_N002,ALL,1,0,3,2
2022-09-02T02:30:00-00:00,2022-09-02T02:45:00-00:00,2022-09-01,20,APTORVC_6_N002,APTORVC_6_N002,APTORVC_6_N002,RTPD,MCC,LMP_CONG_PRC,APTORVC_6_N002,ALL,1,0,3,2
2022-09-02T03:30:00-00:00,2022-09-02T03:45:00-00:00,2022-09-01,21,APTORVC_6_N002,APTORVC_6_N002,APTORVC_6_N002,RTPD,MCC,LMP_CONG_PRC,APTORVC_6_N002,ALL,1,45.424,3,2
2022-09-02T04:30:00-00:00,2022-09-02T04:45:00-00:00,2022-09-01,22,APTORVC_6_N002,APTORVC_6_N002,APTORVC_6_N002,RTPD,MCC,LMP_CONG_PRC,APTORVC_6_N002,ALL,1,0,3,2
2022-09-02T05:30:00-00:00,2022-09-02T05:45:00-00:00,2022-09-01,23,APTORVC_6_N002,APTORVC_6_N002,APTORVC_6_N002,RTPD,MCC,LMP_CONG_PRC,APTORVC_6_N002,ALL,1,0,3,2
2022-09-02T06:30:00-00:00,2022-09-02T06:45:00-00:00,2022-09-01,24,APTORVC_6_N002,APTORVC_6_N002,APTORVC_6_N002,RTPD,MCC,LMP_CONG_PRC,APTORVC_6_N002,ALL,1,0,3,2
2022-09-01T07:45:00-00:00,2022-09-01T08:00:00-00:00,2022-09-01,01,APTORVC_6_N002,APTORVC_6_N002,APTORVC_6_N002,RTPD,MCC,LMP_CONG_PRC,APTORVC_6_N002,ALL,1,-17.36207,4,2
2022-09-01T08:45:00-00:00,2022-09-01T09:00:00-00:00,2022-09-01,02,APTORVC_6_N002,APTORVC_6_N002,APTORVC_6_N002,RTPD,MCC,LMP_CONG_PRC,APTORVC_6_N002,ALL,1,-4.2383,4,2
2022-09-01T09:45:00-00:00,2022-09-01T10:00:00-00:00,2022-09-01,03,APTORVC_6_N002,APTORVC_6_N002,APTORVC_6_N002,RTPD,MCC,LMP_CONG_PRC,APTORVC_6_N002,ALL,1,-4.89259,4,2
2022-09-01T10:45:00-00:00,2022-09-01T11:00:00-00:00,2022-09-01,04,APTORVC_6_N002,APTORVC_6_N002,APTORVC_6_N002,RTPD,MCC,LMP_CONG_PRC,APTORVC_6_N002,ALL,1,-1.14687,4,2
2022-09-01T11:45:00-00:00,2022-09-01T12:00:00-00:00,2022-09-01,05,APTORVC_6_N002,APTORVC_6_N002,APTORVC_6_N002,RTPD,MCC,LMP_CONG_PRC,APTORVC_6_N002,ALL,1,0,4,2
2022-09-01T12:45:00-00:00,2022-09-01T13:00:00-00:00,2022-09-01,06,APTORVC_6_N002,APTORVC_6_N002,APTORVC_6_N002,RTPD,MCC,LMP_CONG_PRC,APTORVC_6_N002,ALL,1,-2.20603,4,2
2022-09-01T13:45:00-00:00,2022-09-01T14:00:00-00:00,2022-09-01,07,APTORVC_6_N002,APTORVC_6_N002,APTORVC_6_N002,RTPD,MCC,LMP_CONG_PRC,APTORVC_6_N002,ALL,1,0,4,2
2022-09-01T14:45:00-00:00,2022-09-01T15:00:00-00:00,2022-09-01,08,APTORVC_6_N002,APTORVC_6_N002,APTORVC_6_N002,RTPD,MCC,LMP_CONG_PRC,APTORVC_6_N002,ALL,1,0,4,2
2022-09-01T15:45:00-00:00,2022-09-01T16:00:00-00:00,2022-09-01,09,APTORVC_6_N002,APTORVC_6_N002,APTORVC_6_N002,RTPD,MCC,LMP_CONG_PRC,APTORVC_6_N002,ALL,1,0,4,2
2022-09-01T16:45:00-00:00,2022-09-01T17:00:00-00:00,2022-09-01,10,APTORVC_6_N002,APTORVC_6_N002,APTORVC_6_N002,RTPD,MCC,LMP_CONG_PRC,APTORVC_6_N002,ALL,1,-11.67294,4,2
2022-09-01T17:45:00-00:00,2022-09-01T18:00:00-00:00,2022-09-01,11,APTORVC_6_N002,APTORVC_6_N002,APTORVC_6_N002,RTPD,MCC,LMP_CONG_PRC,APTORVC_6_N002,ALL,1,-18.94506,4,2
2022-09-01T18:45:00-00:00,2022-09-01T19:00:00-00:00,2022-09-01,12,APTORVC_6_N002,APTORVC_6_N002,APTORVC_6_N002,RTPD,MCC,LMP_CONG_PRC,APTORVC_6_N002,ALL,1,-25.87687,4,2
2022-09-01T19:45:00-00:00,2022-09-01T20:00:00-00:00,2022-09-01,13,APTORVC_6_N002,APTORVC_6_N002,APTORVC_6_N002,RTPD,MCC,LMP_CONG_PRC,APTORVC_6_N002,ALL,1,-12.96779,4,2
2022-09-01T20:45:00-00:00,2022-09-01T21:00:00-00:00,2022-09-01,14,APTORVC_6_N002,APTORVC_6_N002,APTORVC_6_N002,RTPD,MCC,LMP_CONG_PRC,APTORVC_6_N002,ALL,1,-26.83176,4,2
2022-09-01T21:45:00-00:00,2022-09-01T22:00:00-00:00,2022-09-01,15,APTORVC_6_N002,APTORVC_6_N002,APTORVC_6_N002,RTPD,MCC,LMP_CONG_PRC,APTORVC_6_N002,ALL,1,-84.67417,4,2
2022-09-01T22:45:00-00:00,2022-09-01T23:00:00-00:00,2022-09-01,16,APTORVC_6_N002,APTORVC_6_N002,APTORVC_6_N002,RTPD,MCC,LMP_CONG_PRC,APTORVC_6_N002,ALL,1,-242.47379,4,2
2022-09-01T23:45:00-00:00,2022-09-02T00:00:00-00:00,2022-09-01,17,APTORVC_6_N002,APTORVC_6_N002,APTORVC_6_N002,RTPD,MCC,LMP_CONG_PRC,APTORVC_6_N002,ALL,1,567.41815,4,2
2022-09-02T00:45:00-00:00,2022-09-02T01:00:00-00:00,2022-09-01,18,APTORVC_6_N002,APTORVC_6_N002,APTORVC_6_N002,RTPD,MCC,LMP_CONG_PRC,APTORVC_6_N002,ALL,1,408.86963,4,2
2022-09-02T01:45:00-00:00,2022-09-02T02:00:00-00:00,2022-09-01,19,APTORVC_6_N002,APTORVC_6_N002,APTORVC_6_N002,RTPD,MCC,LMP_CONG_PRC,APTORVC_6_N002,ALL,1,0,4,2
2022-09-02T02:45:00-00:00,2022-09-02T03:00:00-00:00,2022-09-01,20,APTORVC_6_N002,APTORVC_6_N002,APTORVC_6_N002,RTPD,MCC,LMP_CONG_PRC,APTORVC_6_N002,ALL,1,185.62022,4,2
2022-09-02T03:45:00-00:00,2022-09-02T04:00:00-00:00,2022-09-01,21,APTORVC_6_N002,APTORVC_6_N002,APTORVC_6_N002,RTPD,MCC,LMP_CONG_PRC,APTORVC_6_N002,ALL,1,26.45508,4,2
2022-09-02T04:45:00-00:00,2022-09-02T05:00:00-00:00,2022-09-01,22,APTORVC_6_N002,APTORVC_6_N002,APTORVC_6_N002,RTPD,MCC,LMP_CONG_PRC,APTORVC_6_N002,ALL,1,0,4,2
2022-09-02T05:45:00-00:00,2022-09-02T06:00:00-00:00,2022-09-01,23,APTORVC_6_N002,APTORVC_6_N002,APTORVC_6_N002,RTPD,MCC,LMP_CONG_PRC,APTORVC_6_N002,ALL,1,-4.87237,4,2
2022-09-02T06:45:00-00:00,2022-09-02T07:00:00-00:00,2022-09-01,24,APTORVC_6_N002,APTORVC_6_N002,APTORVC_6_N002,RTPD,MCC,LMP_CONG_PRC,APTORVC_6_N002,ALL,1,0,4,2
2022-09-01T07:00:00-00:00,2022-09-01T07:15:00-00:00,2022-09-01,01,APTORVC_6_N002,APTORVC_6_N002,APTORVC_6_N002,RTPD,MCE,LMP_ENE_PRC,APTORVC_6_N002,ALL,1,104.23471,1,3
2022-09-01T08:00:00-00:00,2022-09-01T08:15:00-00:00,2022-09-01,02,APTORVC_6_N002,APTORVC_6_N002,APTORVC_6_N002,RTPD,MCE,LMP_ENE_PRC,APTORVC_6_N002,ALL,1,115.5488,1,3
2022-09-01T09:00:00-00:00,2022-09-01T09:15:00-00:00,2022-09-01,03,APTORVC_6_N002,APTORVC_6_N002,APTORVC_6_N002,RTPD,MCE,LMP_ENE_PRC,APTORVC_6_N002,ALL,1,99.73061,1,3
2022-09-01T10:00:00-00:00,2022-09-01T10:15:00-00:00,2022-09-01,04,APTORVC_6_N002,APTORVC_6_N002,APTORVC_6_N002,RTPD,MCE,LMP_ENE_PRC,APTORVC_6_N002,ALL,1,98.64222,1,3
2022-09-01T11:00:00-00:00,2022-09-01T11:15:00-00:00,2022-09-01,05,APTORVC_6_N002,APTORVC_6_N002,APTORVC_6_N002,RTPD,MCE,LMP_ENE_PRC,APTORVC_6_N002,ALL,1,102.56859,1,3
2022-09-01T12:00:00-00:00,2022-09-01T12:15:00-00:00,2022-09-01,06,APTORVC_6_N002,APTORVC_6_N002,APTORVC_6_N002,RTPD,MCE,LMP_ENE_PRC,APTORVC_6_N002,ALL,1,96.90845,1,3
2022-09-01T13:00:00-00:00,2022-09-01T13:15:00-00:00,2022-09-01,07,APTORVC_6_N002,APTORVC_6_N002,APTORVC_6_N002,RTPD,MCE,LMP_ENE_PRC,APTORVC_6_N002,ALL,1,101.80878,1,3
2022-09-01T14:00:00-00:00,2022-09-01T14:15:00-00:00,2022-09-01,08,APTORVC_6_N002,APTORVC_6_N002,APTORVC_6_N002,RTPD,MCE,LMP_ENE_PRC,APTORVC_6_N002,ALL,1,111.11219,1,3
2022-09-01T15:00:00-00:00,2022-09-01T15:15:00-00:00,2022-09-01,09,APTORVC_6_N002,APTORVC_6_N002,APTORVC_6_N002,RTPD,MCE,LMP_ENE_PRC,APTORVC_6_N002,ALL,1,97.4112,1,3
2022-09-01T16:00:00-00:00,2022-09-01T16:15:00-00:00,2022-09-01,10,APTORVC_6_N002,APTORVC_6_N002,APTORVC_6_N002,RTPD,MCE,LMP_ENE_PRC,APTORVC_6_N002,ALL,1,83.43525,1,3
2022-09-01T17:00:00-00:00,2022-09-01T17:15:00-00:00,2022-09-01,11,APTORVC_6_N002,APTORVC_6_N002,APTORVC_6_N002,RTPD,MCE,LMP_ENE_PRC,APTORVC_6_N002,ALL,1,96.94897,1,3
2022-09-01T18:00:00-00:00,2022-09-01T18:15:00-00:00,2022-09-01,12,APTORVC_6_N002,APTORVC_6_N002,APTORVC_6_N002,RTPD,MCE,LMP_ENE_PRC,APTORVC_6_N002,ALL,1,91.59291,1,3
2022-09-01T19:00:00-00:00,2022-09-01T19:15:00-00:00,2022-09-01,13,APTORVC_6_N002,APTORVC_6_N002,APTORVC_6_N002,RTPD,MCE,LMP_ENE_PRC,APTORVC_6_N002,ALL,1,109.19637,1,3
2022-09-01T20:00:00-00:00,2022-09-01T20:15:00-00:00,2022-09-01,14,APTORVC_6_N002,APTORVC_6_N002,APTORVC_6_N002,RTPD,MCE,LMP_ENE_PRC,APTORVC_6_N002,ALL,1,117.94359,1,3
2022-09-01T21:00:00-00:00,2022-09-01T21:15:00-00:00,2022-09-01,15,APTORVC_6_N002,APTORVC_6_N002,APTORVC_6_N002,RTPD,MCE,LMP_ENE_PRC,APTORVC_6_N002,ALL,1,226.61499,1,3
2022-09-01T22:00:00-00:00,2022-09-01T22:15:00-00:00,2022-09-01,16,APTORVC_6_N002,APTORVC_6_N002,APTORVC_6_N002,RTPD,MCE,LMP_ENE_PRC,APTORVC_6_N002,ALL,1,229.18552,1,3
2022-09-01T23:00:00-00:00,2022-09-01T23:15:00-00:00,2022-09-01,17,APTORVC_6_N002,APTORVC_6_N002,APTORVC_6_N002,RTPD,MCE,LMP_ENE_PRC,APTORVC_6_N002,ALL,1,386.7537,1,3
2022-09-02T00:00:00-00:00,2022-09-02T00:15:00-00:00,2022-09-01,18,APTORVC_6_N002,APTORVC_6_N002,APTORVC_6_N002,RTPD,MCE,LMP_ENE_PRC,APTORVC_6_N002,ALL,1,770.58136,1,3
2022-09-02T01:00:00-00:00,2022-09-02T01:15:00-00:00,2022-09-01,19,APTORVC_6_N002,APTORVC_6_N002,APTORVC_6_N002,RTPD,MCE,LMP_ENE_PRC,APTORVC_6_N002,ALL,1,916.27124,1,3
2022-09-02T02:00:00-00:00,2022-09-02T02:15:00-00:00,2022-09-01,20,APTORVC_6_N002,APTORVC_6_N002,APTORVC_6_N002,RTPD,MCE,LMP_ENE_PRC,APTORVC_6_N002,ALL,1,1991.6721,1,3
2022-09-02T03:00:00-00:00,2022-09-02T03:15:00-00:00,2022-09-01,21,APTORVC_6_N002,APTORVC_6_N002,APTORVC_6_N002,RTPD,MCE,LMP_ENE_PRC,APTORVC_6_N002,ALL,1,917.5508,1,3
2022-09-02T04:00:00-00:00,2022-09-02T04:15:00-00:00,2022-09-01,22,APTORVC_6_N002,APTORVC_6_N002,APTORVC_6_N002,RTPD,MCE,LMP_ENE_PRC,APTORVC_6_N002,ALL,1,257.83005,1,3
2022-09-02T05:00:00-00:00,2022-09-02T05:15:00-00:00,2022-09-01,23,APTORVC_6_N002,APTORVC_6_N002,APTORVC_6_N002,RTPD,MCE,LMP_ENE_PRC,APTORVC_6_N002,ALL,1,183.24657,1,3
2022-09-02T06:00:00-00:00,2022-09-02T06:15:00-00:00,2022-09-01,24,APTORVC_6_N002,APTORVC_6_N002,APTORVC_6_N002,RTPD,MCE,LMP_ENE_PRC,APTORVC_6_N002,ALL,1,158.867,1,3
2022-09-01T07:15:00-00:00,2022-09-01T07:30:00-00:00,2022-09-01,01,APTORVC_6_N002,APTORVC_6_N002,APTORVC_6_N002,RTPD,MCE,LMP_ENE_PRC,APTORVC_6_N002,ALL,1,125.55144,2,3
2022-09-01T08:15:00-00:00,2022-09-01T08:30:00-00:00,2022-09-01,02,APTORVC_6_N002,APTORVC_6_N002,APTORVC_6_N002,RTPD,MCE,LMP_ENE_PRC,APTORVC_6_N002,ALL,1,115.53165,2,3
2022-09-01T09:15:00-00:00,2022-09-01T09:30:00-00:00,2022-09-01,03,APTORVC_6_N002,APTORVC_6_N002,APTORVC_6_N002,RTPD,MCE,LMP_ENE_PRC,APTORVC_6_N002,ALL,1,98.30543,2,3
2022-09-01T10:15:00-00:00,2022-09-01T10:30:00-00:00,2022-09-01,04,APTORVC_6_N002,APTORVC_6_N002,APTORVC_6_N002,RTPD,MCE,LMP_ENE_PRC,APTORVC_6_N002,ALL,1,97.00684,2,3
2022-09-01T11:15:00-00:00,2022-09-01T11:30:00-00:00,2022-09-01,05,APTORVC_6_N002,APTORVC_6_N002,APTORVC_6_N002,RTPD,MCE,LMP_ENE_PRC,APTORVC_6_N002,ALL,1,103.09059,2,3
2022-09-01T12:15:00-00:00,2022-09-01T12:30:00-00:00,2022-09-01,06,APTORVC_6_N002,APTORVC_6_N002,APTORVC_6_N002,RTPD,MCE,LMP_ENE_PRC,APTORVC_6_N002,ALL,1,109.32203,2,3
2022-09-01T13:15:00-00:00,2022-09-01T13:30:00-00:00,2022-09-01,07,APTORVC_6_N002,APTORVC_6_N002,APTORVC_6_N002,RTPD,MCE,LMP_ENE_PRC,APTORVC_6_N002,ALL,1,110.97827,2,3
2022-09-01T14:15:00-00:00,2022-09-01T14:30:00-00:00,2022-09-01,08,APTORVC_6_N002,APTORVC_6_N002,APTORVC_6_N002,RTPD,MCE,LMP_ENE_PRC,APTORVC_6_N002,ALL,1,104.78743,2,3
2022-09-01T15:15:00-00:00,2022-09-01T15:30:00-00:00,2022-09-01,09,APTORVC_6_N002,APTORVC_6_N002,APTORVC_6_N002,RTPD,MCE,LMP_ENE_PRC,APTORVC_6_N002,ALL,1,86.9388,2,3
2022-09-01T16:15:00-00:00,2022-09-01T16:30:00-00:00,2022-09-01,10,APTORVC_6_N002,APTORVC_6_N002,APTORVC_6_N002,RTPD,MCE,LMP_ENE_PRC,APTORVC_6_N002,ALL,1,89.44858,2,3
2022-09-01T17:15:00-00:00,2022-09-01T17:30:00-00:00,2022-09-01,11,APTORVC_6_N002,APTORVC_6_N002,APTORVC_6_N002,RTPD,MCE,LMP_ENE_PRC,APTORVC_6_N002,ALL,1,99.34673,2,3
2022-09-01T18:15:00-00:00,2022-09-01T18:30:00-00:00,2022-09-01,12,APTORVC_6_N002,APTORVC_6_N002,APTORVC_6_N002,RTPD,MCE,LMP_ENE_PRC,APTORVC_6_N002,ALL,1,101.15901,2,3
2022-09-01T19:15:00-00:00,2022-09-01T19:30:00-00:00,2022-09-01,13,APTORVC_6_N002,APTORVC_6_N002,APTORVC_6_N002,RTPD,MCE,LMP_ENE_PRC,APTORVC_6_N002,ALL,1,105.30588,2,3
2022-09-01T20:15:00-00:00,2022-09-01T20:30:00-00:00,2022-09-01,14,APTORVC_6_N002,APTORVC_6_N002,APTORVC_6_N002,RTPD,MCE,LMP_ENE_PRC,APTORVC_6_N002,ALL,1,117.49421,2,3
2022-09-01T21:15:00-00:00,2022-09-01T21:30:00-00:00,2022-09-01,15,APTORVC_6_N002,APTORVC_6_N002,APTORVC_6_N002,RTPD,MCE,LMP_ENE_PRC,APTORVC_6_N002,ALL,1,147.21185,2,3
2022-09-01T22:15:00-00:00,2022-09-01T22:30:00-00:00,2022-09-01,16,APTORVC_6_N002,APTORVC_6_N002,APTORVC_6_N002,RTPD,MCE,LMP_ENE_PRC,APTORVC_6_N002,ALL,1,256.58734,2,3
2022-09-01T23:15:00-00:00,2022-09-01T23:30:00-00:00,2022-09-01,17,APTORVC_6_N002,APTORVC_6_N002,APTORVC_6_N002,RTPD,MCE,LMP_ENE_PRC,APTORVC_6_N002,ALL,1,362.12408,2,3
2022-09-02T00:15:00-00:00,2022-09-02T00:30:00-00:00,2022-09-01,18,APTORVC_6_N002,APTORVC_6_N002,APTORVC_6_N002,RTPD,MCE,LMP_ENE_PRC,APTORVC_6_N002,ALL,1,691.2182,2,3
2022-09-02T01:15:00-00:00,2022-09-02T01:30:00-00:00,2022-09-01,19,APTORVC_6_N002,APTORVC_6_N002,APTORVC_6_N002,RTPD,MCE,LMP_ENE_PRC,APTORVC_6_N002,ALL,1,1999.9933,2,3
2022-09-02T02:15:00-00:00,2022-09-02T02:30:00-00:00,2022-09-01,20,APTORVC_6_N002,APTORVC_6_N002,APTORVC_6_N002,RTPD,MCE,LMP_ENE_PRC,APTORVC_6_N002,ALL,1,1991.6721,2,3
2022-09-02T03:15:00-00:00,2022-09-02T03:30:00-00:00,2022-09-01,21,APTORVC_6_N002,APTORVC_6_N002,APTORVC_6_N002,RTPD,MCE,LMP_ENE_PRC,APTORVC_6_N002,ALL,1,400.52884,2,3
2022-09-02T04:15:00-00:00,2022-09-02T04:30:00-00:00,2022-09-01,22,APTORVC_6_N002,APTORVC_6_N002,APTORVC_6_N002,RTPD,MCE,LMP_ENE_PRC,APTORVC_6_N002,ALL,1,224.75041,2,3
2022-09-02T05:15:00-00:00,2022-09-02T05:30:00-00:00,2022-09-01,23,APTORVC_6_N002,APTORVC_6_N002,APTORVC_6_N002,RTPD,MCE,LMP_ENE_PRC,APTORVC_6_N002,ALL,1,157.11986,2,3
2022-09-02T06:15:00-00:00,2022-09-02T06:30:00-00:00,2022-09-01,24,APTORVC_6_N002,APTORVC_6_N002,APTORVC_6_N002,RTPD,MCE,LMP_ENE_PRC,APTORVC_6_N002,ALL,1,143.1005,2,3
2022-09-01T07:30:00-00:00,2022-09-01T07:45:00-00:00,2022-09-01,01,APTORVC_6_N002,APTORVC_6_N002,APTORVC_6_N002,RTPD,MCE,LMP_ENE_PRC,APTORVC_6_N002,ALL,1,119.03196,3,3
2022-09-01T08:30:00-00:00,2022-09-01T08:45:00-00:00,2022-09-01,02,APTORVC_6_N002,APTORVC_6_N002,APTORVC_6_N002,RTPD,MCE,LMP_ENE_PRC,APTORVC_6_N002,ALL,1,111.11241,3,3
2022-09-01T09:30:00-00:00,2022-09-01T09:45:00-00:00,2022-09-01,03,APTORVC_6_N002,APTORVC_6_N002,APTORVC_6_N002,RTPD,MCE,LMP_ENE_PRC,APTORVC_6_N002,ALL,1,98.16228,3,3
2022-09-01T10:30:00-00:00,2022-09-01T10:45:00-00:00,2022-09-01,04,APTORVC_6_N002,APTORVC_6_N002,APTORVC_6_N002,RTPD,MCE,LMP_ENE_PRC,APTORVC_6_N002,ALL,1,96.36226,3,3
2022-09-01T11:30:00-00:00,2022-09-01T11:45:00-00:00,2022-09-01,05,APTORVC_6_N002,APTORVC_6_N002,APTORVC_6_N002,RTPD,MCE,LMP_ENE_PRC,APTORVC_6_N002,ALL,1,103.06198,3,3
2022-09-01T12:30:00-00:00,2022-09-01T12:45:00-00:00,2022-09-01,06,APTORVC_6_N002,APTORVC_6_N002,APTORVC_6_N002,RTPD,MCE,LMP_ENE_PRC,APTORVC_6_N002,ALL,1,113.57403,3,3
2022-09-01T13:30:00-00:00,2022-09-01T13:45:00-00:00,2022-09-01,07,APTORVC_6_N002,APTORVC_6_N002,APTORVC_6_N002,RTPD,MCE,LMP_ENE_PRC,APTORVC_6_N002,ALL,1,111.52025,3,3
2022-09-01T14:30:00-00:00,2022-09-01T14:45:00-00:00,2022-09-01,08,APTORVC_6_N002,APTORVC_6_N002,APTORVC_6_N002,RTPD,MCE,LMP_ENE_PRC,APTORVC_6_N002,ALL,1,101.83428,3,3
2022-09-01T15:30:00-00:00,2022-09-01T15:45:00-00:00,2022-09-01,09,APTORVC_6_N002,APTORVC_6_N002,APTORVC_6_N002,RTPD,MCE,LMP_ENE_PRC,APTORVC_6_N002,ALL,1,86.1388,3,3
2022-09-01T16:30:00-00:00,2022-09-01T16:45:00-00:00,2022-09-01,10,APTORVC_6_N002,APTORVC_6_N002,APTORVC_6_N002,RTPD,MCE,LMP_ENE_PRC,APTORVC_6_N002,ALL,1,88.79644,3,3
2022-09-01T17:30:00-00:00,2022-09-01T17:45:00-00:00,2022-09-01,11,APTORVC_6_N002,APTORVC_6_N002,APTORVC_6_N002,RTPD,MCE,LMP_ENE_PRC,APTORVC_6_N002,ALL,1,99.13013,3,3
2022-09-01T18:30:00-00:00,2022-09-01T18:45:00-00:00,2022-09-01,12,APTORVC_6_N002,APTORVC_6_N002,APTORVC_6_N002,RTPD,MCE,LMP_ENE_PRC,APTORVC_6_N002,ALL,1,107.05718,3,3
2022-09-01T19:30:00-00:00,2022-09-01T19:45:00-00:00,2022-09-01,13,APTORVC_6_N002,APTORVC_6_N002,APTORVC_6_N002,RTPD,MCE,LMP_ENE_PRC,APTORVC_6_N002,ALL,1,114.05905,3,3
2022-09-01T20:30:00-00:00,2022-09-01T20:45:00-00:00,2022-09-01,14,APTORVC_6_N002,APTORVC_6_N002,APTORVC_6_N002,RTPD,MCE,LMP_ENE_PRC,APTORVC_6_N002,ALL,1,129.81606,3,3
2022-09-01T21:30:00-00:00,2022-09-01T21:45:00-00:00,2022-09-01,15,APTORVC_6_N002,APTORVC_6_N002,APTORVC_6_N002,RTPD,MCE,LMP_ENE_PRC,APTORVC_6_N002,ALL,1,152.93057,3,3
2022-09-01T22:30:00-00:00,2022-09-01T22:45:00-00:00,2022-09-01,16,APTORVC_6_N002,APTORVC_6_N002,APTORVC_6_N002,RTPD,MCE,LMP_ENE_PRC,APTORVC_6_N002,ALL,1,283.18182,3,3
2022-09-01T23:30:00-00:00,2022-09-01T23:45:00-00:00,2022-09-01,17,APTORVC_6_N002,APTORVC_6_N002,APTORVC_6_N002,RTPD,MCE,LMP_ENE_PRC,APTORVC_6_N002,ALL,1,566.48157,3,3
2022-09-02T00:30:00-00:00,2022-09-02T00:45:00-00:00,2022-09-01,18,APTORVC_6_N002,APTORVC_6_N002,APTORVC_6_N002,RTPD,MCE,LMP_ENE_PRC,APTORVC_6_N002,ALL,1,1329.1127,3,3
2022-09-02T01:30:00-00:00,2022-09-02T01:45:00-00:00,2022-09-01,19,APTORVC_6_N002,APTORVC_6_N002,APTORVC_6_N002,RTPD,MCE,LMP_ENE_PRC,APTORVC_6_N002,ALL,1,1999.9956,3,3
2022-09-02T02:30:00-00:00,2022-09-02T02:45:00-00:00,2022-09-01,20,APTORVC_6_N002,APTORVC_6_N002,APTORVC_6_N002,RTPD,MCE,LMP_ENE_PRC,APTORVC_6_N002,ALL,1,1991.671,3,3
2022-09-02T03:30:00-00:00,2022-09-02T03:45:00-00:00,2022-09-01,21,APTORVC_6_N002,APTORVC_6_N002,APTORVC_6_N002,RTPD,MCE,LMP_ENE_PRC,APTORVC_6_N002,ALL,1,186.61823,3,3
2022-09-02T04:30:00-00:00,2022-09-02T04:45:00-00:00,2022-09-01,22,APTORVC_6_N002,APTORVC_6_N002,APTORVC_6_N002,RTPD,MCE,LMP_ENE_PRC,APTORVC_6_N002,ALL,1,180.67824,3,3
2022-09-02T05:30:00-00:00,2022-09-02T05:45:00-00:00,2022-09-01,23,APTORVC_6_N002,APTORVC_6_N002,APTORVC_6_N002,RTPD,MCE,LMP_ENE_PRC,APTORVC_6_N002,ALL,1,131.69917,3,3
2022-09-02T06:30:00-00:00,2022-09-02T06:45:00-00:00,2022-09-01,24,APTORVC_6_N002,APTORVC_6_N002,APTORVC_6_N002,RTPD,MCE,LMP_ENE_PRC,APTORVC_6_N002,ALL,1,128.9871,3,3
2022-09-01T07:45:00-00:00,2022-09-01T08:00:00-00:00,2022-09-01,01,APTORVC_6_N002,APTORVC_6_N002,APTORVC_6_N002,RTPD,MCE,LMP_ENE_PRC,APTORVC_6_N002,ALL,1,109.12099,4,3
2022-09-01T08:45:00-00:00,2022-09-01T09:00:00-00:00,2022-09-01,02,APTORVC_6_N002,APTORVC_6_N002,APTORVC_6_N002,RTPD,MCE,LMP_ENE_PRC,APTORVC_6_N002,ALL,1,98.7357,4,3
2022-09-01T09:45:00-00:00,2022-09-01T10:00:00-00:00,2022-09-01,03,APTORVC_6_N002,APTORVC_6_N002,APTORVC_6_N002,RTPD,MCE,LMP_ENE_PRC,APTORVC_6_N002,ALL,1,97.50475,4,3
2022-09-01T10:45:00-00:00,2022-09-01T11:00:00-00:00,2022-09-01,04,APTORVC_6_N002,APTORVC_6_N002,APTORVC_6_N002,RTPD,MCE,LMP_ENE_PRC,APTORVC_6_N002,ALL,1,94.71966,4,3
2022-09-01T11:45:00-00:00,2022-09-01T12:00:00-00:00,2022-09-01,05,APTORVC_6_N002,APTORVC_6_N002,APTORVC_6_N002,RTPD,MCE,LMP_ENE_PRC,APTORVC_6_N002,ALL,1,107.01,4,3
2022-09-01T12:45:00-00:00,2022-09-01T13:00:00-00:00,2022-09-01,06,APTORVC_6_N002,APTORVC_6_N002,APTORVC_6_N002,RTPD,MCE,LMP_ENE_PRC,APTORVC_6_N002,ALL,1,116.4848,4,3
2022-09-01T13:45:00-00:00,2022-09-01T14:00:00-00:00,2022-09-01,07,APTORVC_6_N002,APTORVC_6_N002,APTORVC_6_N002,RTPD,MCE,LMP_ENE_PRC,APTORVC_6_N002,ALL,1,111.41,4,3
2022-09-01T14:45:00-00:00,2022-09-01T15:00:00-00:00,2022-09-01,08,APTORVC_6_N002,APTORVC_6_N002,APTORVC_6_N002,RTPD,MCE,LMP_ENE_PRC,APTORVC_6_N002,ALL,1,86.1388,4,3
2022-09-01T15:45:00-00:00,2022-09-01T16:00:00-00:00,2022-09-01,09,APTORVC_6_N002,APTORVC_6_N002,APTORVC_6_N002,RTPD,MCE,LMP_ENE_PRC,APTORVC_6_N002,ALL,1,78.70076,4,3
2022-09-01T16:45:00-00:00,2022-09-01T17:00:00-00:00,2022-09-01,10,APTORVC_6_N002,APTORVC_6_N002,APTORVC_6_N002,RTPD,MCE,LMP_ENE_PRC,APTORVC_6_N002,ALL,1,91.24933,4,3
2022-09-01T17:45:00-00:00,2022-09-01T18:00:00-00:00,2022-09-01,11,APTORVC_6_N002,APTORVC_6_N002,APTORVC_6_N002,RTPD,MCE,LMP_ENE_PRC,APTORVC_6_N002,ALL,1,99.20544,4,3
2022-09-01T18:45:00-00:00,2022-09-01T19:00:00-00:00,2022-09-01,12,APTORVC_6_N002,APTORVC_6_N002,APTORVC_6_N002,RTPD,MCE,LMP_ENE_PRC,APTORVC_6_N002,ALL,1,109.04064,4,3
2022-09-01T19:45:00-00:00,2022-09-01T20:00:00-00:00,2022-09-01,13,APTORVC_6_N002,APTORVC_6_N002,APTORVC_6_N002,RTPD,MCE,LMP_ENE_PRC,APTORVC_6_N002,ALL,1,120.22491,4,3
2022-09-01T20:45:00-00:00,2022-09-01T21:00:00-00:00,2022-09-01,14,APTORVC_6_N002,APTORVC_6_N002,APTORVC_6_N002,RTPD,MCE,LMP_ENE_PRC,APTORVC_6_N002,ALL,1,154.02509,4,3
2022-09-01T21:45:00-00:00,2022-09-01T22:00:00-00:00,2022-09-01,15,APTORVC_6_N002,APTORVC_6_N002,APTORVC_6_N002,RTPD,MCE,LMP_ENE_PRC,APTORVC_6_N002,ALL,1,300.29376,4,3
2022-09-01T22:45:00-00:00,2022-09-01T23:00:00-00:00,2022-09-01,16,APTORVC_6_N002,APTORVC_6_N002,APTORVC_6_N002,RTPD,MCE,LMP_ENE_PRC,APTORVC_6_N002,ALL,1,429.9137,4,3
2022-09-01T23:45:00-00:00,2022-09-02T00:00:00-00:00,2022-09-01,17,APTORVC_6_N002,APTORVC_6_N002,APTORVC_6_N002,RTPD,MCE,LMP_ENE_PRC,APTORVC_6_N002,ALL,1,1261.2124,4,3
2022-09-02T00:45:00-00:00,2022-09-02T01:00:00-00:00,2022-09-01,18,APTORVC_6_N002,APTORVC_6_N002,APTORVC_6_N002,RTPD,MCE,LMP_ENE_PRC,APTORVC_6_N002,ALL,1,1519.149,4,3
2022-09-02T01:45:00-00:00,2022-09-02T02:00:00-00:00,2022-09-01,19,APTORVC_6_N002,APTORVC_6_N002,APTORVC_6_N002,RTPD,MCE,LMP_ENE_PRC,APTORVC_6_N002,ALL,1,1991.9337,4,3
2022-09-02T02:45:00-00:00,2022-09-02T03:00:00-00:00,2022-09-01,20,APTORVC_6_N002,APTORVC_6_N002,APTORVC_6_N002,RTPD,MCE,LMP_ENE_PRC,APTORVC_6_N002,ALL,1,1629.6213,4,3
2022-09-02T03:45:00-00:00,2022-09-02T04:00:00-00:00,2022-09-01,21,APTORVC_6_N002,APTORVC_6_N002,APTORVC_6_N002,RTPD,MCE,LMP_ENE_PRC,APTORVC_6_N002,ALL,1,141.13702,4,3
2022-09-02T04:45:00-00:00,2022-09-02T05:00:00-00:00,2022-09-01,22,APTORVC_6_N002,APTORVC_6_N002,APTORVC_6_N002,RTPD,MCE,LMP_ENE_PRC,APTORVC_6_N002,ALL,1,126.76372,4,3
2022-09-02T05:45:00-00:00,2022-09-02T06:00:00-00:00,2022-09-01,23,APTORVC_6_N002,APTORVC_6_N002,APTORVC_6_N002,RTPD,MCE,LMP_ENE_PRC,APTORVC_6_N002,ALL,1,119.00958,4,3
2022-09-02T06:45:00-00:00,2022-09-02T07:00:00-00:00,2022-09-01,24,APTORVC_6_N002,APTORVC_6_N002,APTORVC_6_N002,RTPD,MCE,LMP_ENE_PRC,APTORVC_6_N002,ALL,1,109.20324,4,3
2022-09-01T07:00:00-00:00,2022-09-01T07:15:00-00:00,2022-09-01,01,APTORVC_6_N002,APTORVC_6_N002,APTORVC_6_N002,RTPD,MCL,LMP_LOSS_PRC,APTORVC_6_N002,ALL,1,-9.93357,1,4
2022-09-01T08:00:00-00:00,2022-09-01T08:15:00-00:00,2022-09-01,02,APTORVC_6_N002,APTORVC_6_N002,APTORVC_6_N002,RTPD,MCL,LMP_LOSS_PRC,APTORVC_6_N002,ALL,1,0,1,4
2022-09-01T09:00:00-00:00,2022-09-01T09:15:00-00:00,2022-09-01,03,APTORVC_6_N002,APTORVC_6_N002,APTORVC_6_N002,RTPD,MCL,LMP_LOSS_PRC,APTORVC_6_N002,ALL,1,-0.20943,1,4
2022-09-01T10:00:00-00:00,2022-09-01T10:15:00-00:00,2022-09-01,04,APTORVC_6_N002,APTORVC_6_N002,APTORVC_6_N002,RTPD,MCL,LMP_LOSS_PRC,APTORVC_6_N002,ALL,1,-0.16769,1,4
2022-09-01T11:00:00-00:00,2022-09-01T11:15:00-00:00,2022-09-01,05,APTORVC_6_N002,APTORVC_6_N002,APTORVC_6_N002,RTPD,MCL,LMP_LOSS_PRC,APTORVC_6_N002,ALL,1,-0.01026,1,4
2022-09-01T12:00:00-00:00,2022-09-01T12:15:00-00:00,2022-09-01,06,APTORVC_6_N002,APTORVC_6_N002,APTORVC_6_N002,RTPD,MCL,LMP_LOSS_PRC,APTORVC_6_N002,ALL,1,-2.14168,1,4
2022-09-01T13:00:00-00:00,2022-09-01T13:15:00-00:00,2022-09-01,07,APTORVC_6_N002,APTORVC_6_N002,APTORVC_6_N002,RTPD,MCL,LMP_LOSS_PRC,APTORVC_6_N002,ALL,1,0,1,4
2022-09-01T14:00:00-00:00,2022-09-01T14:15:00-00:00,2022-09-01,08,APTORVC_6_N002,APTORVC_6_N002,APTORVC_6_N002,RTPD,MCL,LMP_LOSS_PRC,APTORVC_6_N002,ALL,1,-0.46667,1,4
2022-09-01T15:00:00-00:00,2022-09-01T15:15:00-00:00,2022-09-01,09,APTORVC_6_N002,APTORVC_6_N002,APTORVC_6_N002,RTPD,MCL,LMP_LOSS_PRC,APTORVC_6_N002,ALL,1,0,1,4
2022-09-01T16:00:00-00:00,2022-09-01T16:15:00-00:00,2022-09-01,10,APTORVC_6_N002,APTORVC_6_N002,APTORVC_6_N002,RTPD,MCL,LMP_LOSS_PRC,APTORVC_6_N002,ALL,1,0,1,4
2022-09-01T17:00:00-00:00,2022-09-01T17:15:00-00:00,2022-09-01,11,APTORVC_6_N002,APTORVC_6_N002,APTORVC_6_N002,RTPD,MCL,LMP_LOSS_PRC,APTORVC_6_N002,ALL,1,0,1,4
2022-09-01T18:00:00-00:00,2022-09-01T18:15:00-00:00,2022-09-01,12,APTORVC_6_N002,APTORVC_6_N002,APTORVC_6_N002,RTPD,MCL,LMP_LOSS_PRC,APTORVC_6_N002,ALL,1,0,1,4
2022-09-01T19:00:00-00:00,2022-09-01T19:15:00-00:00,2022-09-01,13,APTORVC_6_N002,APTORVC_6_N002,APTORVC_6_N002,RTPD,MCL,LMP_LOSS_PRC,APTORVC_6_N002,ALL,1,0,1,4
2022-09-01T20:00:00-00:00,2022-09-01T20:15:00-00:00,2022-09-01,14,APTORVC_6_N002,APTORVC_6_N002,APTORVC_6_N002,RTPD,MCL,LMP_LOSS_PRC,APTORVC_6_N002,ALL,1,0,1,4
2022-09-01T21:00:00-00:00,2022-09-01T21:15:00-00:00,2022-09-01,15,APTORVC_6_N002,APTORVC_6_N002,APTORVC_6_N002,RTPD,MCL,LMP_LOSS_PRC,APTORVC_6_N002,ALL,1,0,1,4
2022-09-01T22:00:00-00:00,2022-09-01T22:15:00-00:00,2022-09-01,16,APTORVC_6_N002,APTORVC_6_N002,APTORVC_6_N002,RTPD,MCL,LMP_LOSS_PRC,APTORVC_6_N002,ALL,1,0,1,4
2022-09-01T23:00:00-00:00,2022-09-01T23:15:00-00:00,2022-09-01,17,APTORVC_6_N002,APTORVC_6_N002,APTORVC_6_N002,RTPD,MCL,LMP_LOSS_PRC,APTORVC_6_N002,ALL,1,0,1,4
2022-09-02T00:00:00-00:00,2022-09-02T00:15:00-00:00,2022-09-01,18,APTORVC_6_N002,APTORVC_6_N002,APTORVC_6_N002,RTPD,MCL,LMP_LOSS_PRC,APTORVC_6_N002,ALL,1,-3.54467,1,4
2022-09-02T01:00:00-00:00,2022-09-02T01:15:00-00:00,2022-09-01,19,APTORVC_6_N002,APTORVC_6_N002,APTORVC_6_N002,RTPD,MCL,LMP_LOSS_PRC,APTORVC_6_N002,ALL,1,0,1,4
2022-09-02T02:00:00-00:00,2022-09-02T02:15:00-00:00,2022-09-01,20,APTORVC_6_N002,APTORVC_6_N002,APTORVC_6_N002,RTPD,MCL,LMP_LOSS_PRC,APTORVC_6_N002,ALL,1,0,1,4
2022-09-02T03:00:00-00:00,2022-09-02T03:15:00-00:00,2022-09-01,21,APTORVC_6_N002,APTORVC_6_N002,APTORVC_6_N002,RTPD,MCL,LMP_LOSS_PRC,APTORVC_6_N002,ALL,1,3.6702,1,4
2022-09-02T04:00:00-00:00,2022-09-02T04:15:00-00:00,2022-09-01,22,APTORVC_6_N002,APTORVC_6_N002,APTORVC_6_N002,RTPD,MCL,LMP_LOSS_PRC,APTORVC_6_N002,ALL,1,-3.35179,1,4
2022-09-02T05:00:00-00:00,2022-09-02T05:15:00-00:00,2022-09-01,23,APTORVC_6_N002,APTORVC_6_N002,APTORVC_6_N002,RTPD,MCL,LMP_LOSS_PRC,APTORVC_6_N002,ALL,1,-2.27226,1,4
2022-09-02T06:00:00-00:00,2022-09-02T06:15:00-00:00,2022-09-01,24,APTORVC_6_N002,APTORVC_6_N002,APTORVC_6_N002,RTPD,MCL,LMP_LOSS_PRC,APTORVC_6_N002,ALL,1,-2.0335,1,4
2022-09-01T07:15:00-00:00,2022-09-01T07:30:00-00:00,2022-09-01,01,APTORVC_6_N002,APTORVC_6_N002,APTORVC_6_N002,RTPD,MCL,LMP_LOSS_PRC,APTORVC_6_N002,ALL,1,0,2,4
2022-09-01T08:15:00-00:00,2022-09-01T08:30:00-00:00,2022-09-01,02,APTORVC_6_N002,APTORVC_6_N002,APTORVC_6_N002,RTPD,MCL,LMP_LOSS_PRC,APTORVC_6_N002,ALL,1,0,2,4
2022-09-01T09:15:00-00:00,2022-09-01T09:30:00-00:00,2022-09-01,03,APTORVC_6_N002,APTORVC_6_N002,APTORVC_6_N002,RTPD,MCL,LMP_LOSS_PRC,APTORVC_6_N002,ALL,1,-0.1278,2,4
2022-09-01T10:15:00-00:00,2022-09-01T10:30:00-00:00,2022-09-01,04,APTORVC_6_N002,APTORVC_6_N002,APTORVC_6_N002,RTPD,MCL,LMP_LOSS_PRC,APTORVC_6_N002,ALL,1,-0.23282,2,4
2022-09-01T11:15:00-00:00,2022-09-01T11:30:00-00:00,2022-09-01,05,APTORVC_6_N002,APTORVC_6_N002,APTORVC_6_N002,RTPD,MCL,LMP_LOSS_PRC,APTORVC_6_N002,ALL,1,-0.07216,2,4
2022-09-01T12:15:00-00:00,2022-09-01T12:30:00-00:00,2022-09-01,06,APTORVC_6_N002,APTORVC_6_N002,APTORVC_6_N002,RTPD,MCL,LMP_LOSS_PRC,APTORVC_6_N002,ALL,1,-2.19737,2,4
2022-09-01T13:15:00-00:00,2022-09-01T13:30:00-00:00,2022-09-01,07,APTORVC_6_N002,APTORVC_6_N002,APTORVC_6_N002,RTPD,MCL,LMP_LOSS_PRC,APTORVC_6_N002,ALL,1,-3.86204,2,4
2022-09-01T14:15:00-00:00,2022-09-01T14:30:00-00:00,2022-09-01,08,APTORVC_6_N002,APTORVC_6_N002,APTORVC_6_N002,RTPD,MCL,LMP_LOSS_PRC,APTORVC_6_N002,ALL,1,-0.42963,2,4
2022-09-01T15:15:00-00:00,2022-09-01T15:30:00-00:00,2022-09-01,09,APTORVC_6_N002,APTORVC_6_N002,APTORVC_6_N002,RTPD,MCL,LMP_LOSS_PRC,APTORVC_6_N002,ALL,1,0,2,4
2022-09-01T16:15:00-00:00,2022-09-01T16:30:00-00:00,2022-09-01,10,APTORVC_6_N002,APTORVC_6_N002,APTORVC_6_N002,RTPD,MCL,LMP_LOSS_PRC,APTORVC_6_N002,ALL,1,0,2,4
2022-09-01T17:15:00-00:00,2022-09-01T17:30:00-00:00,2022-09-01,11,APTORVC_6_N002,APTORVC_6_N002,APTORVC_6_N002,RTPD,MCL,LMP_LOSS_PRC,APTORVC_6_N002,ALL,1,0,2,4
2022-09-01T18:15:00-00:00,2022-09-01T18:30:00-00:00,2022-09-01,12,APTORVC_6_N002,APTORVC_6_N002,APTORVC_6_N002,RTPD,MCL,LMP_LOSS_PRC,APTORVC_6_N002,ALL,1,0,2,4
2022-09-01T19:15:00-00:00,2022-09-01T19:30:00-00:00,2022-09-01,13,APTORVC_6_N002,APTORVC_6_N002,APTORVC_6_N002,RTPD,MCL,LMP_LOSS_PRC,APTORVC_6_N002,ALL,1,0,2,4
2022-09-01T20:15:00-00:00,2022-09-01T20:30:00-00:00,2022-09-01,14,APTORVC_6_N002,APTORVC_6_N002,APTORVC_6_N002,RTPD,MCL,LMP_LOSS_PRC,APTORVC_6_N002,ALL,1,0,2,4
2022-09-01T21:15:00-00:00,2022-09-01T21:30:00-00:00,2022-09-01,15,APTORVC_6_N002,APTORVC_6_N002,APTORVC_6_N002,RTPD,MCL,LMP_LOSS_PRC,APTORVC_6_N002,ALL,1,0,2,4
2022-09-01T22:15:00-00:00,2022-09-01T22:30:00-00:00,2022-09-01,16,APTORVC_6_N002,APTORVC_6_N002,APTORVC_6_N002,RTPD,MCL,LMP_LOSS_PRC,APTORVC_6_N002,ALL,1,0,2,4
2022-09-01T23:15:00-00:00,2022-09-01T23:30:00-00:00,2022-09-01,17,APTORVC_6_N002,APTORVC_6_N002,APTORVC_6_N002,RTPD,MCL,LMP_LOSS_PRC,APTORVC_6_N002,ALL,1,0,2,4
2022-09-02T00:15:00-00:00,2022-09-02T00:30:00-00:00,2022-09-01,18,APTORVC_6_N002,APTORVC_6_N002,APTORVC_6_N002,RTPD,MCL,LMP_LOSS_PRC,APTORVC_6_N002,ALL,1,-2.55751,2,4
2022-09-02T01:15:00-00:00,2022-09-02T01:30:00-00:00,2022-09-01,19,APTORVC_6_N002,APTORVC_6_N002,APTORVC_6_N002,RTPD,MCL,LMP_LOSS_PRC,APTORVC_6_N002,ALL,1,0,2,4
2022-09-02T02:15:00-00:00,2022-09-02T02:30:00-00:00,2022-09-01,20,APTORVC_6_N002,APTORVC_6_N002,APTORVC_6_N002,RTPD,MCL,LMP_LOSS_PRC,APTORVC_6_N002,ALL,1,0,2,4
2022-09-02T03:15:00-00:00,2022-09-02T03:30:00-00:00,2022-09-01,21,APTORVC_6_N002,APTORVC_6_N002,APTORVC_6_N002,RTPD,MCL,LMP_LOSS_PRC,APTORVC_6_N002,ALL,1,2.08275,2,4
2022-09-02T04:15:00-00:00,2022-09-02T04:30:00-00:00,2022-09-01,22,APTORVC_6_N002,APTORVC_6_N002,APTORVC_6_N002,RTPD,MCL,LMP_LOSS_PRC,APTORVC_6_N002,ALL,1,-3.41621,2,4
2022-09-02T05:15:00-00:00,2022-09-02T05:30:00-00:00,2022-09-01,23,APTORVC_6_N002,APTORVC_6_N002,APTORVC_6_N002,RTPD,MCL,LMP_LOSS_PRC,APTORVC_6_N002,ALL,1,-2.68675,2,4
2022-09-02T06:15:00-00:00,2022-09-02T06:30:00-00:00,2022-09-01,24,APTORVC_6_N002,APTORVC_6_N002,APTORVC_6_N002,RTPD,MCL,LMP_LOSS_PRC,APTORVC_6_N002,ALL,1,-3.17683,2,4
2022-09-01T07:30:00-00:00,2022-09-01T07:45:00-00:00,2022-09-01,01,APTORVC_6_N002,APTORVC_6_N002,APTORVC_6_N002,RTPD,MCL,LMP_LOSS_PRC,APTORVC_6_N002,ALL,1,0,3,4
2022-09-01T08:30:00-00:00,2022-09-01T08:45:00-00:00,2022-09-01,02,APTORVC_6_N002,APTORVC_6_N002,APTORVC_6_N002,RTPD,MCL,LMP_LOSS_PRC,APTORVC_6_N002,ALL,1,0.03333,3,4
2022-09-01T09:30:00-00:00,2022-09-01T09:45:00-00:00,2022-09-01,03,APTORVC_6_N002,APTORVC_6_N002,APTORVC_6_N002,RTPD,MCL,LMP_LOSS_PRC,APTORVC_6_N002,ALL,1,-0.28467,3,4
2022-09-01T10:30:00-00:00,2022-09-01T10:45:00-00:00,2022-09-01,04,APTORVC_6_N002,APTORVC_6_N002,APTORVC_6_N002,RTPD,MCL,LMP_LOSS_PRC,APTORVC_6_N002,ALL,1,-0.13491,3,4
2022-09-01T11:30:00-00:00,2022-09-01T11:45:00-00:00,2022-09-01,05,APTORVC_6_N002,APTORVC_6_N002,APTORVC_6_N002,RTPD,MCL,LMP_LOSS_PRC,APTORVC_6_N002,ALL,1,-0.17521,3,4
2022-09-01T12:30:00-00:00,2022-09-01T12:45:00-00:00,2022-09-01,06,APTORVC_6_N002,APTORVC_6_N002,APTORVC_6_N002,RTPD,MCL,LMP_LOSS_PRC,APTORVC_6_N002,ALL,1,-2.15791,3,4
2022-09-01T13:30:00-00:00,2022-09-01T13:45:00-00:00,2022-09-01,07,APTORVC_6_N002,APTORVC_6_N002,APTORVC_6_N002,RTPD,MCL,LMP_LOSS_PRC,APTORVC_6_N002,ALL,1,-3.64671,3,4
2022-09-01T14:30:00-00:00,2022-09-01T14:45:00-00:00,2022-09-01,08,APTORVC_6_N002,APTORVC_6_N002,APTORVC_6_N002,RTPD,MCL,LMP_LOSS_PRC,APTORVC_6_N002,ALL,1,-0.15275,3,4
2022-09-01T15:30:00-00:00,2022-09-01T15:45:00-00:00,2022-09-01,09,APTORVC_6_N002,APTORVC_6_N002,APTORVC_6_N002,RTPD,MCL,LMP_LOSS_PRC,APTORVC_6_N002,ALL,1,0,3,4
2022-09-01T16:30:00-00:00,2022-09-01T16:45:00-00:00,2022-09-01,10,APTORVC_6_N002,APTORVC_6_N002,APTORVC_6_N002,RTPD,MCL,LMP_LOSS_PRC,APTORVC_6_N002,ALL,1,0,3,4
2022-09-01T17:30:00-00:00,2022-09-01T17:45:00-00:00,2022-09-01,11,APTORVC_6_N002,APTORVC_6_N002,APTORVC_6_N002,RTPD,MCL,LMP_LOSS_PRC,APTORVC_6_N002,ALL,1,0,3,4
2022-09-01T18:30:00-00:00,2022-09-01T18:45:00-00:00,2022-09-01,12,APTORVC_6_N002,APTORVC_6_N002,APTORVC_6_N002,RTPD,MCL,LMP_LOSS_PRC,APTORVC_6_N002,ALL,1,0,3,4
2022-09-01T19:30:00-00:00,2022-09-01T19:45:00-00:00,2022-09-01,13,APTORVC_6_N002,APTORVC_6_N002,APTORVC_6_N002,RTPD,MCL,LMP_LOSS_PRC,APTORVC_6_N002,ALL,1,0,3,4
2022-09-01T20:30:00-00:00,2022-09-01T20:45:00-00:00,2022-09-01,14,APTORVC_6_N002,APTORVC_6_N002,APTORVC_6_N002,RTPD,MCL,LMP_LOSS_PRC,APTORVC_6_N002,ALL,1,0,3,4
2022-09-01T21:30:00-00:00,2022-09-01T21:45:00-00:00,2022-09-01,15,APTORVC_6_N002,APTORVC_6_N002,APTORVC_6_N002,RTPD,MCL,LMP_LOSS_PRC,APTORVC_6_N002,ALL,1,0,3,4
2022-09-01T22:30:00-00:00,2022-09-01T22:45:00-00:00,2022-09-01,16,APTORVC_6_N002,APTORVC_6_N002,APTORVC_6_N002,RTPD,MCL,LMP_LOSS_PRC,APTORVC_6_N002,ALL,1,0,3,4
2022-09-01T23:30:00-00:00,2022-09-01T23:45:00-00:00,2022-09-01,17,APTORVC_6_N002,APTORVC_6_N002,APTORVC_6_N002,RTPD,MCL,LMP_LOSS_PRC,APTORVC_6_N002,ALL,1,0,3,4
2022-09-02T00:30:00-00:00,2022-09-02T00:45:00-00:00,2022-09-01,18,APTORVC_6_N002,APTORVC_6_N002,APTORVC_6_N002,RTPD,MCL,LMP_LOSS_PRC,APTORVC_6_N002,ALL,1,0,3,4
2022-09-02T01:30:00-00:00,2022-09-02T01:45:00-00:00,2022-09-01,19,APTORVC_6_N002,APTORVC_6_N002,APTORVC_6_N002,RTPD,MCL,LMP_LOSS_PRC,APTORVC_6_N002,ALL,1,0,3,4
2022-09-02T02:30:00-00:00,2022-09-02T02:45:00-00:00,2022-09-01,20,APTORVC_6_N002,APTORVC_6_N002,APTORVC_6_N002,RTPD,MCL,LMP_LOSS_PRC,APTORVC_6_N002,ALL,1,0,3,4
2022-09-02T03:30:00-00:00,2022-09-02T03:45:00-00:00,2022-09-01,21,APTORVC_6_N002,APTORVC_6_N002,APTORVC_6_N002,RTPD,MCL,LMP_LOSS_PRC,APTORVC_6_N002,ALL,1,0.70915,3,4
2022-09-02T04:30:00-00:00,2022-09-02T04:45:00-00:00,2022-09-01,22,APTORVC_6_N002,APTORVC_6_N002,APTORVC_6_N002,RTPD,MCL,LMP_LOSS_PRC,APTORVC_6_N002,ALL,1,-4.44468,3,4
2022-09-02T05:30:00-00:00,2022-09-02T05:45:00-00:00,2022-09-01,23,APTORVC_6_N002,APTORVC_6_N002,APTORVC_6_N002,RTPD,MCL,LMP_LOSS_PRC,APTORVC_6_N002,ALL,1,-2.37059,3,4
2022-09-02T06:30:00-00:00,2022-09-02T06:45:00-00:00,2022-09-01,24,APTORVC_6_N002,APTORVC_6_N002,APTORVC_6_N002,RTPD,MCL,LMP_LOSS_PRC,APTORVC_6_N002,ALL,1,-2.36046,3,4
2022-09-01T07:45:00-00:00,2022-09-01T08:00:00-00:00,2022-09-01,01,APTORVC_6_N002,APTORVC_6_N002,APTORVC_6_N002,RTPD,MCL,LMP_LOSS_PRC,APTORVC_6_N002,ALL,1,0,4,4
2022-09-01T08:45:00-00:00,2022-09-01T09:00:00-00:00,2022-09-01,02,APTORVC_6_N002,APTORVC_6_N002,APTORVC_6_N002,RTPD,MCL,LMP_LOSS_PRC,APTORVC_6_N002,ALL,1,-0.15798,4,4
2022-09-01T09:45:00-00:00,2022-09-01T10:00:00-00:00,2022-09-01,03,APTORVC_6_N002,APTORVC_6_N002,APTORVC_6_N002,RTPD,MCL,LMP_LOSS_PRC,APTORVC_6_N002,ALL,1,-0.35102,4,4
2022-09-01T10:45:00-00:00,2022-09-01T11:00:00-00:00,2022-09-01,04,APTORVC_6_N002,APTORVC_6_N002,APTORVC_6_N002,RTPD,MCL,LMP_LOSS_PRC,APTORVC_6_N002,ALL,1,-0.36941,4,4
2022-09-01T11:45:00-00:00,2022-09-01T12:00:00-00:00,2022-09-01,05,APTORVC_6_N002,APTORVC_6_N002,APTORVC_6_N002,RTPD,MCL,LMP_LOSS_PRC,APTORVC_6_N002,ALL,1,0,4,4
2022-09-01T12:45:00-00:00,2022-09-01T13:00:00-00:00,2022-09-01,06,APTORVC_6_N002,APTORVC_6_N002,APTORVC_6_N002,RTPD,MCL,LMP_LOSS_PRC,APTORVC_6_N002,ALL,1,0,4,4
2022-09-01T13:45:00-00:00,2022-09-01T14:00:00-00:00,2022-09-01,07,APTORVC_6_N002,APTORVC_6_N002,APTORVC_6_N002,RTPD,MCL,LMP_LOSS_PRC,APTORVC_6_N002,ALL,1,0,4,4
2022-09-01T14:45:00-00:00,2022-09-01T15:00:00-00:00,2022-09-01,08,APTORVC_6_N002,APTORVC_6_N002,APTORVC_6_N002,RTPD,MCL,LMP_LOSS_PRC,APTORVC_6_N002,ALL,1,0,4,4
2022-09-01T15:45:00-00:00,2022-09-01T16:00:00-00:00,2022-09-01,09,APTORVC_6_N002,APTORVC_6_N002,APTORVC_6_N002,RTPD,MCL,LMP_LOSS_PRC,APTORVC_6_N002,ALL,1,0,4,4
2022-09-01T16:45:00-00:00,2022-09-01T17:00:00-00:00,2022-09-01,10,APTORVC_6_N002,APTORVC_6_N002,APTORVC_6_N002,RTPD,MCL,LMP_LOSS_PRC,APTORVC_6_N002,ALL,1,0,4,4
2022-09-01T17:45:00-00:00,2022-09-01T18:00:00-00:00,2022-09-01,11,APTORVC_6_N002,APTORVC_6_N002,APTORVC_6_N002,RTPD,MCL,LMP_LOSS_PRC,APTORVC_6_N002,ALL,1,0,4,4
2022-09-01T18:45:00-00:00,2022-09-01T19:00:00-00:00,2022-09-01,12,APTORVC_6_N002,APTORVC_6_N002,APTORVC_6_N002,RTPD,MCL,LMP_LOSS_PRC,APTORVC_6_N002,ALL,1,0,4,4
2022-09-01T19:45:00-00:00,2022-09-01T20:00:00-00:00,2022-09-01,13,APTORVC_6_N002,APTORVC_6_N002,APTORVC_6_N002,RTPD,MCL,LMP_LOSS_PRC,APTORVC_6_N002,ALL,1,0,4,4
2022-09-01T20:45:00-00:00,2022-09-01T21:00:00-00:00,2022-09-01,14,APTORVC_6_N002,APTORVC_6_N002,APTORVC_6_N002,RTPD,MCL,LMP_LOSS_PRC,APTORVC_6_N002,ALL,1,0,4,4
2022-09-01T21:45:00-00:00,2022-09-01T22:00:00-00:00,2022-09-01,15,APTORVC_6_N002,APTORVC_6_N002,APTORVC_6_N002,RTPD,MCL,LMP_LOSS_PRC,APTORVC_6_N002,ALL,1,0,4,4
2022-09-01T22:45:00-00:00,2022-09-01T23:00:00-00:00,2022-09-01,16,APTORVC_6_N002,APTORVC_6_N002,APTORVC_6_N002,RTPD,MCL,LMP_LOSS_PRC,APTORVC_6_N002,ALL,1,0,4,4
2022-09-01T23:45:00-00:00,2022-09-02T00:00:00-00:00,2022-09-01,17,APTORVC_6_N002,APTORVC_6_N002,APTORVC_6_N002,RTPD,MCL,LMP_LOSS_PRC,APTORVC_6_N002,ALL,1,0,4,4
2022-09-02T00:45:00-00:00,2022-09-02T01:00:00-00:00,2022-09-01,18,APTORVC_6_N002,APTORVC_6_N002,APTORVC_6_N002,RTPD,MCL,LMP_LOSS_PRC,APTORVC_6_N002,ALL,1,0,4,4
2022-09-02T01:45:00-00:00,2022-09-02T02:00:00-00:00,2022-09-01,19,APTORVC_6_N002,APTORVC_6_N002,APTORVC_6_N002,RTPD,MCL,LMP_LOSS_PRC,APTORVC_6_N002,ALL,1,0,4,4
2022-09-02T02:45:00-00:00,2022-09-02T03:00:00-00:00,2022-09-01,20,APTORVC_6_N002,APTORVC_6_N002,APTORVC_6_N002,RTPD,MCL,LMP_LOSS_PRC,APTORVC_6_N002,ALL,1,-4.56294,4,4
2022-09-02T03:45:00-00:00,2022-09-02T04:00:00-00:00,2022-09-01,21,APTORVC_6_N002,APTORVC_6_N002,APTORVC_6_N002,RTPD,MCL,LMP_LOSS_PRC,APTORVC_6_N002,ALL,1,-0.9315,4,4
2022-09-02T04:45:00-00:00,2022-09-02T05:00:00-00:00,2022-09-01,22,APTORVC_6_N002,APTORVC_6_N002,APTORVC_6_N002,RTPD,MCL,LMP_LOSS_PRC,APTORVC_6_N002,ALL,1,-2.10428,4,4
2022-09-02T05:45:00-00:00,2022-09-02T06:00:00-00:00,2022-09-01,23,APTORVC_6_N002,APTORVC_6_N002,APTORVC_6_N002,RTPD,MCL,LMP_LOSS_PRC,APTORVC_6_N002,ALL,1,-2.15407,4,4
2022-09-02T06:45:00-00:00,2022-09-02T07:00:00-00:00,2022-09-01,24,APTORVC_6_N002,APTORVC_6_N002,APTORVC_6_N002,RTPD,MCL,LMP_LOSS_PRC,APTORVC_6_N002,ALL,1,-1.46332,4,4
2022-09-01T07:00:00-00:00,2022-09-01T07:15:00-00:00,2022-09-01,01,APTORVC_6_N002,APTORVC_6_N002,APTORVC_6_N002,RTPD,MGHG,LMP_GHG_PRC,APTORVC_6_N002,ALL,1,0,1,5
2022-09-01T08:00:00-00:00,2022-09-01T08:15:00-00:00,2022-09-01,02,APTORVC_6_N002,APTORVC_6_N002,APTORVC_6_N002,RTPD,MGHG,LMP_GHG_PRC,APTORVC_6_N002,ALL,1,0,1,5
2022-09-01T09:00:00-00:00,2022-09-01T09:15:00-00:00,2022-09-01,03,APTORVC_6_N002,APTORVC_6_N002,APTORVC_6_N002,RTPD,MGHG,LMP_GHG_PRC,APTORVC_6_N002,ALL,1,0,1,5
2022-09-01T10:00:00-00:00,2022-09-01T10:15:00-00:00,2022-09-01,04,APTORVC_6_N002,APTORVC_6_N002,APTORVC_6_N002,RTPD,MGHG,LMP_GHG_PRC,APTORVC_6_N002,ALL,1,0,1,5
2022-09-01T11:00:00-00:00,2022-09-01T11:15:00-00:00,2022-09-01,05,APTORVC_6_N002,APTORVC_6_N002,APTORVC_6_N002,RTPD,MGHG,LMP_GHG_PRC,APTORVC_6_N002,ALL,1,0,1,5
2022-09-01T12:00:00-00:00,2022-09-01T12:15:00-00:00,2022-09-01,06,APTORVC_6_N002,APTORVC_6_N002,APTORVC_6_N002,RTPD,MGHG,LMP_GHG_PRC,APTORVC_6_N002,ALL,1,0,1,5
2022-09-01T13:00:00-00:00,2022-09-01T13:15:00-00:00,2022-09-01,07,APTORVC_6_N002,APTORVC_6_N002,APTORVC_6_N002,RTPD,MGHG,LMP_GHG_PRC,APTORVC_6_N002,ALL,1,0,1,5
2022-09-01T14:00:00-00:00,2022-09-01T14:15:00-00:00,2022-09-01,08,APTORVC_6_N002,APTORVC_6_N002,APTORVC_6_N002,RTPD,MGHG,LMP_GHG_PRC,APTORVC_6_N002,ALL,1,0,1,5
2022-09-01T15:00:00-00:00,2022-09-01T15:15:00-00:00,2022-09-01,09,APTORVC_6_N002,APTORVC_6_N002,APTORVC_6_N002,RTPD,MGHG,LMP_GHG_PRC,APTORVC_6_N002,ALL,1,0,1,5
2022-09-01T16:00:00-00:00,2022-09-01T16:15:00-00:00,2022-09-01,10,APTORVC_6_N002,APTORVC_6_N002,APTORVC_6_N002,RTPD,MGHG,LMP_GHG_PRC,APTORVC_6_N002,ALL,1,0,1,5
2022-09-01T17:00:00-00:00,2022-09-01T17:15:00-00:00,2022-09-01,11,APTORVC_6_N002,APTORVC_6_N002,APTORVC_6_N002,RTPD,MGHG,LMP_GHG_PRC,APTORVC_6_N002,ALL,1,0,1,5
2022-09-01T18:00:00-00:00,2022-09-01T18:15:00-00:00,2022-09-01,12,APTORVC_6_N002,APTORVC_6_N002,APTORVC_6_N002,RTPD,MGHG,LMP_GHG_PRC,APTORVC_6_N002,ALL,1,0,1,5
2022-09-01T19:00:00-00:00,2022-09-01T19:15:00-00:00,2022-09-01,13,APTORVC_6_N002,APTORVC_6_N002,APTORVC_6_N002,RTPD,MGHG,LMP_GHG_PRC,APTORVC_6_N002,ALL,1,0,1,5
2022-09-01T20:00:00-00:00,2022-09-01T20:15:00-00:00,2022-09-01,14,APTORVC_6_N002,APTORVC_6_N002,APTORVC_6_N002,RTPD,MGHG,LMP_GHG_PRC,APTORVC_6_N002,ALL,1,0,1,5
2022-09-01T21:00:00-00:00,2022-09-01T21:15:00-00:00,2022-09-01,15,APTORVC_6_N002,APTORVC_6_N002,APTORVC_6_N002,RTPD,MGHG,LMP_GHG_PRC,APTORVC_6_N002,ALL,1,0,1,5
2022-09-01T22:00:00-00:00,2022-09-01T22:15:00-00:00,2022-09-01,16,APTORVC_6_N002,APTORVC_6_N002,APTORVC_6_N002,RTPD,MGHG,LMP_GHG_PRC,APTORVC_6_N002,ALL,1,0,1,5
2022-09-01T23:00:00-00:00,2022-09-01T23:15:00-00:00,2022-09-01,17,APTORVC_6_N002,APTORVC_6_N002,APTORVC_6_N002,RTPD,MGHG,LMP_GHG_PRC,APTORVC_6_N002,ALL,1,0,1,5
2022-09-02T00:00:00-00:00,2022-09-02T00:15:00-00:00,2022-09-01,18,APTORVC_6_N002,APTORVC_6_N002,APTORVC_6_N002,RTPD,MGHG,LMP_GHG_PRC,APTORVC_6_N002,ALL,1,0,1,5
2022-09-02T01:00:00-00:00,2022-09-02T01:15:00-00:00,2022-09-01,19,APTORVC_6_N002,APTORVC_6_N002,APTORVC_6_N002,RTPD,MGHG,LMP_GHG_PRC,APTORVC_6_N002,ALL,1,0,1,5
2022-09-02T02:00:00-00:00,2022-09-02T02:15:00-00:00,2022-09-01,20,APTORVC_6_N002,APTORVC_6_N002,APTORVC_6_N002,RTPD,MGHG,LMP_GHG_PRC,APTORVC_6_N002,ALL,1,0,1,5
2022-09-02T03:00:00-00:00,2022-09-02T03:15:00-00:00,2022-09-01,21,APTORVC_6_N002,APTORVC_6_N002,APTORVC_6_N002,RTPD,MGHG,LMP_GHG_PRC,APTORVC_6_N002,ALL,1,0,1,5
2022-09-02T04:00:00-00:00,2022-09-02T04:15:00-00:00,2022-09-01,22,APTORVC_6_N002,APTORVC_6_N002,APTORVC_6_N002,RTPD,MGHG,LMP_GHG_PRC,APTORVC_6_N002,ALL,1,0,1,5
2022-09-02T05:00:00-00:00,2022-09-02T05:15:00-00:00,2022-09-01,23,APTORVC_6_N002,APTORVC_6_N002,APTORVC_6_N002,RTPD,MGHG,LMP_GHG_PRC,APTORVC_6_N002,ALL,1,0,1,5
2022-09-02T06:00:00-00:00,2022-09-02T06:15:00-00:00,2022-09-01,24,APTORVC_6_N002,APTORVC_6_N002,APTORVC_6_N002,RTPD,MGHG,LMP_GHG_PRC,APTORVC_6_N002,ALL,1,0,1,5
2022-09-01T07:15:00-00:00,2022-09-01T07:30:00-00:00,2022-09-01,01,APTORVC_6_N002,APTORVC_6_N002,APTORVC_6_N002,RTPD,MGHG,LMP_GHG_PRC,APTORVC_6_N002,ALL,1,0,2,5
2022-09-01T08:15:00-00:00,2022-09-01T08:30:00-00:00,2022-09-01,02,APTORVC_6_N002,APTORVC_6_N002,APTORVC_6_N002,RTPD,MGHG,LMP_GHG_PRC,APTORVC_6_N002,ALL,1,0,2,5
2022-09-01T09:15:00-00:00,2022-09-01T09:30:00-00:00,2022-09-01,03,APTORVC_6_N002,APTORVC_6_N002,APTORVC_6_N002,RTPD,MGHG,LMP_GHG_PRC,APTORVC_6_N002,ALL,1,0,2,5
2022-09-01T10:15:00-00:00,2022-09-01T10:30:00-00:00,2022-09-01,04,APTORVC_6_N002,APTORVC_6_N002,APTORVC_6_N002,RTPD,MGHG,LMP_GHG_PRC,APTORVC_6_N002,ALL,1,0,2,5
2022-09-01T11:15:00-00:00,2022-09-01T11:30:00-00:00,2022-09-01,05,APTORVC_6_N002,APTORVC_6_N002,APTORVC_6_N002,RTPD,MGHG,LMP_GHG_PRC,APTORVC_6_N002,ALL,1,0,2,5
2022-09-01T12:15:00-00:00,2022-09-01T12:30:00-00:00,2022-09-01,06,APTORVC_6_N002,APTORVC_6_N002,APTORVC_6_N002,RTPD,MGHG,LMP_GHG_PRC,APTORVC_6_N002,ALL,1,0,2,5
2022-09-01T13:15:00-00:00,2022-09-01T13:30:00-00:00,2022-09-01,07,APTORVC_6_N002,APTORVC_6_N002,APTORVC_6_N002,RTPD,MGHG,LMP_GHG_PRC,APTORVC_6_N002,ALL,1,0,2,5
2022-09-01T14:15:00-00:00,2022-09-01T14:30:00-00:00,2022-09-01,08,APTORVC_6_N002,APTORVC_6_N002,APTORVC_6_N002,RTPD,MGHG,LMP_GHG_PRC,APTORVC_6_N002,ALL,1,0,2,5
2022-09-01T15:15:00-00:00,2022-09-01T15:30:00-00:00,2022-09-01,09,APTORVC_6_N002,APTORVC_6_N002,APTORVC_6_N002,RTPD,MGHG,LMP_GHG_PRC,APTORVC_6_N002,ALL,1,0,2,5
2022-09-01T16:15:00-00:00,2022-09-01T16:30:00-00:00,2022-09-01,10,APTORVC_6_N002,APTORVC_6_N002,APTORVC_6_N002,RTPD,MGHG,LMP_GHG_PRC,APTORVC_6_N002,ALL,1,0,2,5
2022-09-01T17:15:00-00:00,2022-09-01T17:30:00-00:00,2022-09-01,11,APTORVC_6_N002,APTORVC_6_N002,APTORVC_6_N002,RTPD,MGHG,LMP_GHG_PRC,APTORVC_6_N002,ALL,1,0,2,5
2022-09-01T18:15:00-00:00,2022-09-01T18:30:00-00:00,2022-09-01,12,APTORVC_6_N002,APTORVC_6_N002,APTORVC_6_N002,RTPD,MGHG,LMP_GHG_PRC,APTORVC_6_N002,ALL,1,0,2,5
2022-09-01T19:15:00-00:00,2022-09-01T19:30:00-00:00,2022-09-01,13,APTORVC_6_N002,APTORVC_6_N002,APTORVC_6_N002,RTPD,MGHG,LMP_GHG_PRC,APTORVC_6_N002,ALL,1,0,2,5
2022-09-01T20:15:00-00:00,2022-09-01T20:30:00-00:00,2022-09-01,14,APTORVC_6_N002,APTORVC_6_N002,APTORVC_6_N002,RTPD,MGHG,LMP_GHG_PRC,APTORVC_6_N002,ALL,1,0,2,5
2022-09-01T21:15:00-00:00,2022-09-01T21:30:00-00:00,2022-09-01,15,APTORVC_6_N002,APTORVC_6_N002,APTORVC_6_N002,RTPD,MGHG,LMP_GHG_PRC,APTORVC_6_N002,ALL,1,0,2,5
2022-09-01T22:15:00-00:00,2022-09-01T22:30:00-00:00,2022-09-01,16,APTORVC_6_N002,APTORVC_6_N002,APTORVC_6_N002,RTPD,MGHG,LMP_GHG_PRC,APTORVC_6_N002,ALL,1,0,2,5
2022-09-01T23:15:00-00:00,2022-09-01T23:30:00-00:00,2022-09-01,17,APTORVC_6_N002,APTORVC_6_N002,APTORVC_6_N002,RTPD,MGHG,LMP_GHG_PRC,APTORVC_6_N002,ALL,1,0,2,5
2022-09-02T00:15:00-00:00,2022-09-02T00:30:00-00:00,2022-09-01,18,APTORVC_6_N002,APTORVC_6_N002,APTORVC_6_N002,RTPD,MGHG,LMP_GHG_PRC,APTORVC_6_N002,ALL,1,0,2,5
2022-09-02T01:15:00-00:00,2022-09-02T01:30:00-00:00,2022-09-01,19,APTORVC_6_N002,APTORVC_6_N002,APTORVC_6_N002,RTPD,MGHG,LMP_GHG_PRC,APTORVC_6_N002,ALL,1,0,2,5
2022-09-02T02:15:00-00:00,2022-09-02T02:30:00-00:00,2022-09-01,20,APTORVC_6_N002,APTORVC_6_N002,APTORVC_6_N002,RTPD,MGHG,LMP_GHG_PRC,APTORVC_6_N002,ALL,1,0,2,5
2022-09-02T03:15:00-00:00,2022-09-02T03:30:00-00:00,2022-09-01,21,APTORVC_6_N002,APTORVC_6_N002,APTORVC_6_N002,RTPD,MGHG,LMP_GHG_PRC,APTORVC_6_N002,ALL,1,0,2,5
2022-09-02T04:15:00-00:00,2022-09-02T04:30:00-00:00,2022-09-01,22,APTORVC_6_N002,APTORVC_6_N002,APTORVC_6_N002,RTPD,MGHG,LMP_GHG_PRC,APTORVC_6_N002,ALL,1,0,2,5
2022-09-02T05:15:00-00:00,2022-09-02T05:30:00-00:00,2022-09-01,23,APTORVC_6_N002,APTORVC_6_N002,APTORVC_6_N002,RTPD,MGHG,LMP_GHG_PRC,APTORVC_6_N002,ALL,1,0,2,5
2022-09-02T06:15:00-00:00,2022-09-02T06:30:00-00:00,2022-09-01,24,APTORVC_6_N002,APTORVC_6_N002,APTORVC_6_N002,RTPD,MGHG,LMP_GHG_PRC,APTORVC_6_N002,ALL,1,0,2,5
2022-09-01T07:30:00-00:00,2022-09-01T07:45:00-00:00,2022-09-01,01,APTORVC_6_N002,APTORVC_6_N002,APTORVC_6_N002,RTPD,MGHG,LMP_GHG_PRC,APTORVC_6_N002,ALL,1,0,3,5
2022-09-01T08:30:00-00:00,2022-09-01T08:45:00-00:00,2022-09-01,02,APTORVC_6_N002,APTORVC_6_N002,APTORVC_6_N002,RTPD,MGHG,LMP_GHG_PRC,APTORVC_6_N002,ALL,1,0,3,5
2022-09-01T09:30:00-00:00,2022-09-01T09:45:00-00:00,2022-09-01,03,APTORVC_6_N002,APTORVC_6_N002,APTORVC_6_N002,RTPD,MGHG,LMP_GHG_PRC,APTORVC_6_N002,ALL,1,0,3,5
2022-09-01T10:30:00-00:00,2022-09-01T10:45:00-00:00,2022-09-01,04,APTORVC_6_N002,APTORVC_6_N002,APTORVC_6_N002,RTPD,MGHG,LMP_GHG_PRC,APTORVC_6_N002,ALL,1,0,3,5
2022-09-01T11:30:00-00:00,2022-09-01T11:45:00-00:00,2022-09-01,05,APTORVC_6_N002,APTORVC_6_N002,APTORVC_6_N002,RTPD,MGHG,LMP_GHG_PRC,APTORVC_6_N002,ALL,1,0,3,5
2022-09-01T12:30:00-00:00,2022-09-01T12:45:00-00:00,2022-09-01,06,APTORVC_6_N002,APTORVC_6_N002,APTORVC_6_N002,RTPD,MGHG,LMP_GHG_PRC,APTORVC_6_N002,ALL,1,0,3,5
2022-09-01T13:30:00-00:00,2022-09-01T13:45:00-00:00,2022-09-01,07,APTORVC_6_N002,APTORVC_6_N002,APTORVC_6_N002,RTPD,MGHG,LMP_GHG_PRC,APTORVC_6_N002,ALL,1,0,3,5
2022-09-01T14:30:00-00:00,2022-09-01T14:45:00-00:00,2022-09-01,08,APTORVC_6_N002,APTORVC_6_N002,APTORVC_6_N002,RTPD,MGHG,LMP_GHG_PRC,APTORVC_6_N002,ALL,1,0,3,5
2022-09-01T15:30:00-00:00,2022-09-01T15:45:00-00:00,2022-09-01,09,APTORVC_6_N002,APTORVC_6_N002,APTORVC_6_N002,RTPD,MGHG,LMP_GHG_PRC,APTORVC_6_N002,ALL,1,0,3,5
2022-09-01T16:30:00-00:00,2022-09-01T16:45:00-00:00,2022-09-01,10,APTORVC_6_N002,APTORVC_6_N002,APTORVC_6_N002,RTPD,MGHG,LMP_GHG_PRC,APTORVC_6_N002,ALL,1,0,3,5
2022-09-01T17:30:00-00:00,2022-09-01T17:45:00-00:00,2022-09-01,11,APTORVC_6_N002,APTORVC_6_N002,APTORVC_6_N002,RTPD,MGHG,LMP_GHG_PRC,APTORVC_6_N002,ALL,1,0,3,5
2022-09-01T18:30:00-00:00,2022-09-01T18:45:00-00:00,2022-09-01,12,APTORVC_6_N002,APTORVC_6_N002,APTORVC_6_N002,RTPD,MGHG,LMP_GHG_PRC,APTORVC_6_N002,ALL,1,0,3,5
2022-09-01T19:30:00-00:00,2022-09-01T19:45:00-00:00,2022-09-01,13,APTORVC_6_N002,APTORVC_6_N002,APTORVC_6_N002,RTPD,MGHG,LMP_GHG_PRC,APTORVC_6_N002,ALL,1,0,3,5
2022-09-01T20:30:00-00:00,2022-09-01T20:45:00-00:00,2022-09-01,14,APTORVC_6_N002,APTORVC_6_N002,APTORVC_6_N002,RTPD,MGHG,LMP_GHG_PRC,APTORVC_6_N002,ALL,1,0,3,5
2022-09-01T21:30:00-00:00,2022-09-01T21:45:00-00:00,2022-09-01,15,APTORVC_6_N002,APTORVC_6_N002,APTORVC_6_N002,RTPD,MGHG,LMP_GHG_PRC,APTORVC_6_N002,ALL,1,0,3,5
2022-09-01T22:30:00-00:00,2022-09-01T22:45:00-00:00,2022-09-01,16,APTORVC_6_N002,APTORVC_6_N002,APTORVC_6_N002,RTPD,MGHG,LMP_GHG_PRC,APTORVC_6_N002,ALL,1,0,3,5
2022-09-01T23:30:00-00:00,2022-09-01T23:45:00-00:00,2022-09-01,17,APTORVC_6_N002,APTORVC_6_N002,APTORVC_6_N002,RTPD,MGHG,LMP_GHG_PRC,APTORVC_6_N002,ALL,1,0,3,5
2022-09-02T00:30:00-00:00,2022-09-02T00:45:00-00:00,2022-09-01,18,APTORVC_6_N002,APTORVC_6_N002,APTORVC_6_N002,RTPD,MGHG,LMP_GHG_PRC,APTORVC_6_N002,ALL,1,0,3,5
2022-09-02T01:30:00-00:00,2022-09-02T01:45:00-00:00,2022-09-01,19,APTORVC_6_N002,APTORVC_6_N002,APTORVC_6_N002,RTPD,MGHG,LMP_GHG_PRC,APTORVC_6_N002,ALL,1,0,3,5
2022-09-02T02:30:00-00:00,2022-09-02T02:45:00-00:00,2022-09-01,20,APTORVC_6_N002,APTORVC_6_N002,APTORVC_6_N002,RTPD,MGHG,LMP_GHG_PRC,APTORVC_6_N002,ALL,1,0,3,5
2022-09-02T03:30:00-00:00,2022-09-02T03:45:00-00:00,2022-09-01,21,APTORVC_6_N002,APTORVC_6_N002,APTORVC_6_N002,RTPD,MGHG,LMP_GHG_PRC,APTORVC_6_N002,ALL,1,0,3,5
2022-09-02T04:30:00-00:00,2022-09-02T04:45:00-00:00,2022-09-01,22,APTORVC_6_N002,APTORVC_6_N002,APTORVC_6_N002,RTPD,MGHG,LMP_GHG_PRC,APTORVC_6_N002,ALL,1,0,3,5
2022-09-02T05:30:00-00:00,2022-09-02T05:45:00-00:00,2022-09-01,23,APTORVC_6_N002,APTORVC_6_N002,APTORVC_6_N002,RTPD,MGHG,LMP_GHG_PRC,APTORVC_6_N002,ALL,1,0,3,5
2022-09-02T06:30:00-00:00,2022-09-02T06:45:00-00:00,2022-09-01,24,APTORVC_6_N002,APTORVC_6_N002,APTORVC_6_N002,RTPD,MGHG,LMP_GHG_PRC,APTORVC_6_N002,ALL,1,0,3,5
2022-09-01T07:45:00-00:00,2022-09-01T08:00:00-00:00,2022-09-01,01,APTORVC_6_N002,APTORVC_6_N002,APTORVC_6_N002,RTPD,MGHG,LMP_GHG_PRC,APTORVC_6_N002,ALL,1,0,4,5
2022-09-01T08:45:00-00:00,2022-09-01T09:00:00-00:00,2022-09-01,02,APTORVC_6_N002,APTORVC_6_N002,APTORVC_6_N002,RTPD,MGHG,LMP_GHG_PRC,APTORVC_6_N002,ALL,1,0,4,5
2022-09-01T09:45:00-00:00,2022-09-01T10:00:00-00:00,2022-09-01,03,APTORVC_6_N002,APTORVC_6_N002,APTORVC_6_N002,RTPD,MGHG,LMP_GHG_PRC,APTORVC_6_N002,ALL,1,0,4,5
2022-09-01T10:45:00-00:00,2022-09-01T11:00:00-00:00,2022-09-01,04,APTORVC_6_N002,APTORVC_6_N002,APTORVC_6_N002,RTPD,MGHG,LMP_GHG_PRC,APTORVC_6_N002,ALL,1,0,4,5
2022-09-01T11:45:00-00:00,2022-09-01T12:00:00-00:00,2022-09-01,05,APTORVC_6_N002,APTORVC_6_N002,APTORVC_6_N002,RTPD,MGHG,LMP_GHG_PRC,APTORVC_6_N002,ALL,1,0,4,5
2022-09-01T12:45:00-00:00,2022-09-01T13:00:00-00:00,2022-09-01,06,APTORVC_6_N002,APTORVC_6_N002,APTORVC_6_N002,RTPD,MGHG,LMP_GHG_PRC,APTORVC_6_N002,ALL,1,0,4,5
2022-09-01T13:45:00-00:00,2022-09-01T14:00:00-00:00,2022-09-01,07,APTORVC_6_N002,APTORVC_6_N002,APTORVC_6_N002,RTPD,MGHG,LMP_GHG_PRC,APTORVC_6_N002,ALL,1,0,4,5
2022-09-01T14:45:00-00:00,2022-09-01T15:00:00-00:00,2022-09-01,08,APTORVC_6_N002,APTORVC_6_N002,APTORVC_6_N002,RTPD,MGHG,LMP_GHG_PRC,APTORVC_6_N002,ALL,1,0,4,5
2022-09-01T15:45:00-00:00,2022-09-01T16:00:00-00:00,2022-09-01,09,APTORVC_6_N002,APTORVC_6_N002,APTORVC_6_N002,RTPD,MGHG,LMP_GHG_PRC,APTORVC_6_N002,ALL,1,0,4,5
2022-09-01T16:45:00-00:00,2022-09-01T17:00:00-00:00,2022-09-01,10,APTORVC_6_N002,APTORVC_6_N002,APTORVC_6_N002,RTPD,MGHG,LMP_GHG_PRC,APTORVC_6_N002,ALL,1,0,4,5
2022-09-01T17:45:00-00:00,2022-09-01T18:00:00-00:00,2022-09-01,11,APTORVC_6_N002,APTORVC_6_N002,APTORVC_6_N002,RTPD,MGHG,LMP_GHG_PRC,APTORVC_6_N002,ALL,1,0,4,5
2022-09-01T18:45:00-00:00,2022-09-01T19:00:00-00:00,2022-09-01,12,APTORVC_6_N002,APTORVC_6_N002,APTORVC_6_N002,RTPD,MGHG,LMP_GHG_PRC,APTORVC_6_N002,ALL,1,0,4,5
2022-09-01T19:45:00-00:00,2022-09-01T20:00:00-00:00,2022-09-01,13,APTORVC_6_N002,APTORVC_6_N002,APTORVC_6_N002,RTPD,MGHG,LMP_GHG_PRC,APTORVC_6_N002,ALL,1,0,4,5
2022-09-01T20:45:00-00:00,2022-09-01T21:00:00-00:00,2022-09-01,14,APTORVC_6_N002,APTORVC_6_N002,APTORVC_6_N002,RTPD,MGHG,LMP_GHG_PRC,APTORVC_6_N002,ALL,1,0,4,5
2022-09-01T21:45:00-00:00,2022-09-01T22:00:00-00:00,2022-09-01,15,APTORVC_6_N002,APTORVC_6_N002,APTORVC_6_N002,RTPD,MGHG,LMP_GHG_PRC,APTORVC_6_N002,ALL,1,0,4,5
2022-09-01T22:45:00-00:00,2022-09-01T23:00:00-00:00,2022-09-01,16,APTORVC_6_N002,APTORVC_6_N002,APTORVC_6_N002,RTPD,MGHG,LMP_GHG_PRC,APTORVC_6_N002,ALL,1,0,4,5
2022-09-01T23:45:00-00:00,2022-09-02T00:00:00-00:00,2022-09-01,17,APTORVC_6_N002,APTORVC_6_N002,APTORVC_6_N002,RTPD,MGHG,LMP_GHG_PRC,APTORVC_6_N002,ALL,1,0,4,5
2022-09-02T00:45:00-00:00,2022-09-02T01:00:00-00:00,2022-09-01,18,APTORVC_6_N002,APTORVC_6_N002,APTORVC_6_N002,RTPD,MGHG,LMP_GHG_PRC,APTORVC_6_N002,ALL,1,0,4,5
2022-09-02T01:45:00-00:00,2022-09-02T02:00:00-00:00,2022-09-01,19,APTORVC_6_N002,APTORVC_6_N002,APTORVC_6_N002,RTPD,MGHG,LMP_GHG_PRC,APTORVC_6_N002,ALL,1,0,4,5
2022-09-02T02:45:00-00:00,2022-09-02T03:00:00-00:00,2022-09-01,20,APTORVC_6_N002,APTORVC_6_N002,APTORVC_6_N002,RTPD,MGHG,LMP_GHG_PRC,APTORVC_6_N002,ALL,1,0,4,5
2022-09-02T03:45:00-00:00,2022-09-02T04:00:00-00:00,2022-09-01,21,APTORVC_6_N002,APTORVC_6_N002,APTORVC_6_N002,RTPD,MGHG,LMP_GHG_PRC,APTORVC_6_N002,ALL,1,0,4,5
2022-09-02T04:45:00-00:00,2022-09-02T05:00:00-00:00,2022-09-01,22,APTORVC_6_N002,APTORVC_6_N002,APTORVC_6_N002,RTPD,MGHG,LMP_GHG_PRC,APTORVC_6_N002,ALL,1,0,4,5
2022-09-02T05:45:00-00:00,2022-09-02T06:00:00-00:00,2022-09-01,23,APTORVC_6_N002,APTORVC_6_N002,APTORVC_6_N002,RTPD,MGHG,LMP_GHG_PRC,APTORVC_6_N002,ALL,1,0,4,5
2022-09-02T06:45:00-00:00,2022-09-02T07:00:00-00:00,2022-09-01,24,APTORVC_6_N002,APTORVC_6_N002,APTORVC_6_N002,RTPD,MGHG,LMP_GHG_PRC,APTORVC_6_N002,ALL,1,0,4,5
