INTERVALSTARTTIME_GMT,INTERVALENDTIME_GMT,OPR_DT,OPR_HR,NODE_ID_XML,NODE_ID,NODE,MARKET_RUN_ID,LMP_TYPE,XML_DATA_ITEM,PNODE_RESMRID,GRP_TYPE,POS,PRC,OPR_INTERVAL,GROUP
2022-09-01T07:00:00-00:00,2022-09-01T07:15:00-00:00,2022-09-01,01,ASHLAN_2_N007,ASHLAN_2_N007,ASHLAN_2_N007,RTPD,LMP,LMP_PRC,ASHLAN_2_N007,ALL,1,80.55476,1,1
2022-09-01T08:00:00-00:00,2022-09-01T08:15:00-00:00,2022-09-01,02,ASHLAN_2_N007,ASHLAN_2_N007,ASHLAN_2_N007,RTPD,LMP,LMP_PRC,ASHLAN_2_N007,ALL,1,111.7478,1,1
2022-09-01T09:00:00-00:00,2022-09-01T09:15:00-00:00,2022-09-01,03,ASHLAN_2_N007,ASHLAN_2_N007,ASHLAN_2_N007,RTPD,LMP,LMP_PRC,ASHLAN_2_N007,ALL,1,104.55124,1,1
2022-09-01T10:00:00-00:00,2022-09-01T10:15:00-00:00,2022-09-01,04,ASHLAN_2_N007,ASHLAN_2_N007,ASHLAN_2_N007,RTPD,LMP,LMP_PRC,ASHLAN_2_N007,ALL,1,103.65235,1,1
2022-09-01T11:00:00-00:00,2022-09-01T11:15:00-00:00,2022-09-01,05,ASHLAN_2_N007,ASHLAN_2_N007,ASHLAN_2_N007,RTPD,LMP,LMP_PRC,ASHLAN_2_N007,ALL,1,113.19469,1,1
2022-09-01T12:00:00-00:00,2022-09-01T12:15:00-00:00,2022-09-01,06,ASHLAN_2_N007,ASHLAN_2_N007,ASHLAN_2_N007,RTPD,LMP,LMP_PRC,ASHLAN_2_N007,ALL,1,95.13635,1,1
2022-09-01T13:00:00-00:00,2022-09-01T13:15:00-00:00,2022-09-01,07,ASHLAN_2_N007,ASHLAN_2_N007,ASHLAN_2_N007,RTPD,LMP,LMP_PRC,ASHLAN_2_N007,ALL,1,86.77394,1,1
2022-09-01T14:00:00-00:00,2022-09-01T14:15:00-00:00,2022-09-01,08,ASHLAN_2_N007,ASHLAN_2_N007,ASHLAN_2_N007,RTPD,LMP,LMP_PRC,ASHLAN_2_N007,ALL,1,119.90116,1,1
2022-09-01T15:00:00-00:00,2022-09-01T15:15:00-00:00,2022-09-01,09,ASHLAN_2_N007,ASHLAN_2_N007,ASHLAN_2_N007,RTPD,LMP,LMP_PRC,ASHLAN_2_N007,ALL,1,97.4112,1,1
2022-09-01T16:00:00-00:00,2022-09-01T16:15:00-00:00,2022-09-01,10,ASHLAN_2_N007,ASHLAN_2_N007,ASHLAN_2_N007,RTPD,LMP,LMP_PRC,ASHLAN_2_N007,ALL,1,83.43525,1,1
2022-09-01T17:00:00-00:00,2022-09-01T17:15:00-00:00,2022-09-01,11,ASHLAN_2_N007,ASHLAN_2_N007,ASHLAN_2_N007,RTPD,LMP,LMP_PRC,ASHLAN_2_N007,ALL,1,78.40018,1,1
2022-09-01T18:00:00-00:00,2022-09-01T18:15:00-00:00,2022-09-01,12,ASHLAN_2_N007,ASHLAN_2_N007,ASHLAN_2_N007,RTPD,LMP,LMP_PRC,ASHLAN_2_N007,ALL,1,55.48407,1,1
2022-09-01T19:00:00-00:00,2022-09-01T19:15:00-00:00,2022-09-01,13,ASHLAN_2_N007,ASHLAN_2_N007,ASHLAN_2_N007,RTPD,LMP,LMP_PRC,ASHLAN_2_N007,ALL,1,69.37896,1,1
2022-09-01T20:00:00-00:00,2022-09-01T20:15:00-00:00,2022-09-01,14,ASHLAN_2_N007,ASHLAN_2_N007,ASHLAN_2_N007,RTPD,LMP,LMP_PRC,ASHLAN_2_N007,ALL,1,114.02881,1,1
2022-09-01T21:00:00-00:00,2022-09-01T21:15:00-00:00,2022-09-01,15,ASHLAN_2_N007,ASHLAN_2_N007,ASHLAN_2_N007,RTPD,LMP,LMP_PRC,ASHLAN_2_N007,ALL,1,116.6347,1,1
2022-09-01T22:00:00-00:00,2022-09-01T22:15:00-00:00,2022-09-01,16,ASHLAN_2_N007,ASHLAN_2_N007,ASHLAN_2_N007,RTPD,LMP,LMP_PRC,ASHLAN_2_N007,ALL,1,110.04093,1,1
2022-09-01T23:00:00-00:00,2022-09-01T23:15:00-00:00,2022-09-01,17,ASHLAN_2_N007,ASHLAN_2_N007,ASHLAN_2_N007,RTPD,LMP,LMP_PRC,ASHLAN_2_N007,ALL,1,194.61282,1,1
2022-09-02T00:00:00-00:00,2022-09-02T00:15:00-00:00,2022-09-01,18,ASHLAN_2_N007,ASHLAN_2_N007,ASHLAN_2_N007,RTPD,LMP,LMP_PRC,ASHLAN_2_N007,ALL,1,1114.7406,1,1
2022-09-02T01:00:00-00:00,2022-09-02T01:15:00-00:00,2022-09-01,19,ASHLAN_2_N007,ASHLAN_2_N007,ASHLAN_2_N007,RTPD,LMP,LMP_PRC,ASHLAN_2_N007,ALL,1,1206.4708,1,1
2022-09-02T02:00:00-00:00,2022-09-02T02:15:00-00:00,2022-09-01,20,ASHLAN_2_N007,ASHLAN_2_N007,ASHLAN_2_N007,RTPD,LMP,LMP_PRC,ASHLAN_2_N007,ALL,1,1991.6721,1,1
2022-09-02T03:00:00-00:00,2022-09-02T03:15:00-00:00,2022-09-01,21,ASHLAN_2_N007,ASHLAN_2_N007,ASHLAN_2_N007,RTPD,LMP,LMP_PRC,ASHLAN_2_N007,ALL,1,1412.2979,1,1
2022-09-02T04:00:00-00:00,2022-09-02T04:15:00-00:00,2022-09-01,22,ASHLAN_2_N007,ASHLAN_2_N007,ASHLAN_2_N007,RTPD,LMP,LMP_PRC,ASHLAN_2_N007,ALL,1,1372.3202,1,1
2022-09-02T05:00:00-00:00,2022-09-02T05:15:00-00:00,2022-09-01,23,ASHLAN_2_N007,ASHLAN_2_N007,ASHLAN_2_N007,RTPD,LMP,LMP_PRC,ASHLAN_2_N007,ALL,1,201.79112,1,1
2022-09-02T06:00:00-00:00,2022-09-02T06:15:00-00:00,2022-09-01,24,ASHLAN_2_N007,ASHLAN_2_N007,ASHLAN_2_N007,RTPD,LMP,LMP_PRC,ASHLAN_2_N007,ALL,1,325.10922,1,1
2022-09-01T07:15:00-00:00,2022-09-01T07:30:00-00:00,2022-09-01,01,ASHLAN_2_N007,ASHLAN_2_N007,ASHLAN_2_N007,RTPD,LMP,LMP_PRC,ASHLAN_2_N007,ALL,1,114.18899,2,1
2022-09-01T08:15:00-00:00,2022-09-01T08:30:00-00:00,2022-09-01,02,ASHLAN_2_N007,ASHLAN_2_N007,ASHLAN_2_N007,RTPD,LMP,LMP_PRC,ASHLAN_2_N007,ALL,1,114.49415,2,1
2022-09-01T09:15:00-00:00,2022-09-01T09:30:00-00:00,2022-09-01,03,ASHLAN_2_N007,ASHLAN_2_N007,ASHLAN_2_N007,RTPD,LMP,LMP_PRC,ASHLAN_2_N007,ALL,1,101.08372,2,1
2022-09-01T10:15:00-00:00,2022-09-01T10:30:00-00:00,2022-09-01,04,ASHLAN_2_N007,ASHLAN_2_N007,ASHLAN_2_N007,RTPD,LMP,LMP_PRC,ASHLAN_2_N007,ALL,1,100.25799,2,1
2022-09-01T11:15:00-00:00,2022-09-01T11:30:00-00:00,2022-09-01,05,ASHLAN_2_N007,ASHLAN_2_N007,ASHLAN_2_N007,RTPD,LMP,LMP_PRC,ASHLAN_2_N007,ALL,1,113.70892,2,1
2022-09-01T12:15:00-00:00,2022-09-01T12:30:00-00:00,2022-09-01,06,ASHLAN_2_N007,ASHLAN_2_N007,ASHLAN_2_N007,RTPD,LMP,LMP_PRC,ASHLAN_2_N007,ALL,1,113.94012,2,1
2022-09-01T13:15:00-00:00,2022-09-01T13:30:00-00:00,2022-09-01,07,ASHLAN_2_N007,ASHLAN_2_N007,ASHLAN_2_N007,RTPD,LMP,LMP_PRC,ASHLAN_2_N007,ALL,1,119.18913,2,1
2022-09-01T14:15:00-00:00,2022-09-01T14:30:00-00:00,2022-09-01,08,ASHLAN_2_N007,ASHLAN_2_N007,ASHLAN_2_N007,RTPD,LMP,LMP_PRC,ASHLAN_2_N007,ALL,1,111.92346,2,1
2022-09-01T15:15:00-00:00,2022-09-01T15:30:00-00:00,2022-09-01,09,ASHLAN_2_N007,ASHLAN_2_N007,ASHLAN_2_N007,RTPD,LMP,LMP_PRC,ASHLAN_2_N007,ALL,1,86.9388,2,1
2022-09-01T16:15:00-00:00,2022-09-01T16:30:00-00:00,2022-09-01,10,ASHLAN_2_N007,ASHLAN_2_N007,ASHLAN_2_N007,RTPD,LMP,LMP_PRC,ASHLAN_2_N007,ALL,1,87.6189,2,1
2022-09-01T17:15:00-00:00,2022-09-01T17:30:00-00:00,2022-09-01,11,ASHLAN_2_N007,ASHLAN_2_N007,ASHLAN_2_N007,RTPD,LMP,LMP_PRC,ASHLAN_2_N007,ALL,1,76.65775,2,1
2022-09-01T18:15:00-00:00,2022-09-01T18:30:00-00:00,2022-09-01,12,ASHLAN_2_N007,ASHLAN_2_N007,ASHLAN_2_N007,RTPD,LMP,LMP_PRC,ASHLAN_2_N007,ALL,1,71.75545,2,1
2022-09-01T19:15:00-00:00,2022-09-01T19:30:00-00:00,2022-09-01,13,ASHLAN_2_N007,ASHLAN_2_N007,ASHLAN_2_N007,RTPD,LMP,LMP_PRC,ASHLAN_2_N007,ALL,1,72.51731,2,1
2022-09-01T20:15:00-00:00,2022-09-01T20:30:00-00:00,2022-09-01,14,ASHLAN_2_N007,ASHLAN_2_N007,ASHLAN_2_N007,RTPD,LMP,LMP_PRC,ASHLAN_2_N007,ALL,1,113.98558,2,1
2022-09-01T21:15:00-00:00,2022-09-01T21:30:00-00:00,2022-09-01,15,ASHLAN_2_N007,ASHLAN_2_N007,ASHLAN_2_N007,RTPD,LMP,LMP_PRC,ASHLAN_2_N007,ALL,1,117.48905,2,1
2022-09-01T22:15:00-00:00,2022-09-01T22:30:00-00:00,2022-09-01,16,ASHLAN_2_N007,ASHLAN_2_N007,ASHLAN_2_N007,RTPD,LMP,LMP_PRC,ASHLAN_2_N007,ALL,1,125.88395,2,1
2022-09-01T23:15:00-00:00,2022-09-01T23:30:00-00:00,2022-09-01,17,ASHLAN_2_N007,ASHLAN_2_N007,ASHLAN_2_N007,RTPD,LMP,LMP_PRC,ASHLAN_2_N007,ALL,1,246.81384,2,1
2022-09-02T00:15:00-00:00,2022-09-02T00:30:00-00:00,2022-09-01,18,ASHLAN_2_N007,ASHLAN_2_N007,ASHLAN_2_N007,RTPD,LMP,LMP_PRC,ASHLAN_2_N007,ALL,1,1022.41455,2,1
2022-09-02T01:15:00-00:00,2022-09-02T01:30:00-00:00,2022-09-01,19,ASHLAN_2_N007,ASHLAN_2_N007,ASHLAN_2_N007,RTPD,LMP,LMP_PRC,ASHLAN_2_N007,ALL,1,1999.9933,2,1
2022-09-02T02:15:00-00:00,2022-09-02T02:30:00-00:00,2022-09-01,20,ASHLAN_2_N007,ASHLAN_2_N007,ASHLAN_2_N007,RTPD,LMP,LMP_PRC,ASHLAN_2_N007,ALL,1,1991.6721,2,1
2022-09-02T03:15:00-00:00,2022-09-02T03:30:00-00:00,2022-09-01,21,ASHLAN_2_N007,ASHLAN_2_N007,ASHLAN_2_N007,RTPD,LMP,LMP_PRC,ASHLAN_2_N007,ALL,1,583.2214,2,1
2022-09-02T04:15:00-00:00,2022-09-02T04:30:00-00:00,2022-09-01,22,ASHLAN_2_N007,ASHLAN_2_N007,ASHLAN_2_N007,RTPD,LMP,LMP_PRC,ASHLAN_2_N007,ALL,1,1237.9766,2,1
2022-09-02T05:15:00-00:00,2022-09-02T05:30:00-00:00,2022-09-01,23,ASHLAN_2_N007,ASHLAN_2_N007,ASHLAN_2_N007,RTPD,LMP,LMP_PRC,ASHLAN_2_N007,ALL,1,175.20435,2,1
2022-09-02T06:15:00-00:00,2022-09-02T06:30:00-00:00,2022-09-01,24,ASHLAN_2_N007,ASHLAN_2_N007,ASHLAN_2_N007,RTPD,LMP,LMP_PRC,ASHLAN_2_N007,ALL,1,158.38797,2,1
2022-09-01T07:30:00-00:00,2022-09-01T07:45:00-00:00,2022-09-01,01,ASHLAN_2_N007,ASHLAN_2_N007,ASHLAN_2_N007,RTPD,LMP,LMP_PRC,ASHLAN_2_N007,ALL,1,100.65658,3,1
2022-09-01T08:30:00-00:00,2022-09-01T08:45:00-00:00,2022-09-01,02,ASHLAN_2_N007,ASHLAN_2_N007,ASHLAN_2_N007,RTPD,LMP,LMP_PRC,ASHLAN_2_N007,ALL,1,121.21155,3,1
2022-09-01T09:30:00-00:00,2022-09-01T09:45:00-00:00,2022-09-01,03,ASHLAN_2_N007,ASHLAN_2_N007,ASHLAN_2_N007,RTPD,LMP,LMP_PRC,ASHLAN_2_N007,ALL,1,100.82961,3,1
2022-09-01T10:30:00-00:00,2022-09-01T10:45:00-00:00,2022-09-01,04,ASHLAN_2_N007,ASHLAN_2_N007,ASHLAN_2_N007,RTPD,LMP,LMP_PRC,ASHLAN_2_N007,ALL,1,102.07318,3,1
2022-09-01T11:30:00-00:00,2022-09-01T11:45:00-00:00,2022-09-01,05,ASHLAN_2_N007,ASHLAN_2_N007,ASHLAN_2_N007,RTPD,LMP,LMP_PRC,ASHLAN_2_N007,ALL,1,113.85257,3,1
2022-09-01T12:30:00-00:00,2022-09-01T12:45:00-00:00,2022-09-01,06,ASHLAN_2_N007,ASHLAN_2_N007,ASHLAN_2_N007,RTPD,LMP,LMP_PRC,ASHLAN_2_N007,ALL,1,112.53365,3,1
2022-09-01T13:30:00-00:00,2022-09-01T13:45:00-00:00,2022-09-01,07,ASHLAN_2_N007,ASHLAN_2_N007,ASHLAN_2_N007,RTPD,LMP,LMP_PRC,ASHLAN_2_N007,ALL,1,120.50878,3,1
2022-09-01T14:30:00-00:00,2022-09-01T14:45:00-00:00,2022-09-01,08,ASHLAN_2_N007,ASHLAN_2_N007,ASHLAN_2_N007,RTPD,LMP,LMP_PRC,ASHLAN_2_N007,ALL,1,108.22947,3,1
2022-09-01T15:30:00-00:00,2022-09-01T15:45:00-00:00,2022-09-01,09,ASHLAN_2_N007,ASHLAN_2_N007,ASHLAN_2_N007,RTPD,LMP,LMP_PRC,ASHLAN_2_N007,ALL,1,86.1388,3,1
2022-09-01T16:30:00-00:00,2022-09-01T16:45:00-00:00,2022-09-01,10,ASHLAN_2_N007,ASHLAN_2_N007,ASHLAN_2_N007,RTPD,LMP,LMP_PRC,ASHLAN_2_N007,ALL,1,73.48512,3,1
2022-09-01T17:30:00-00:00,2022-09-01T17:45:00-00:00,2022-09-01,11,ASHLAN_2_N007,ASHLAN_2_N007,ASHLAN_2_N007,RTPD,LMP,LMP_PRC,ASHLAN_2_N007,ALL,1,76.37044,3,1
2022-09-01T18:30:00-00:00,2022-09-01T18:45:00-00:00,2022-09-01,12,ASHLAN_2_N007,ASHLAN_2_N007,ASHLAN_2_N007,RTPD,LMP,LMP_PRC,ASHLAN_2_N007,ALL,1,76.41099,3,1
2022-09-01T19:30:00-00:00,2022-09-01T19:45:00-00:00,2022-09-01,13,ASHLAN_2_N007,ASHLAN_2_N007,ASHLAN_2_N007,RTPD,LMP,LMP_PRC,ASHLAN_2_N007,ALL,1,99.98726,3,1
2022-09-01T20:30:00-00:00,2022-09-01T20:45:00-00:00,2022-09-01,14,ASHLAN_2_N007,ASHLAN_2_N007,ASHLAN_2_N007,RTPD,LMP,LMP_PRC,ASHLAN_2_N007,ALL,1,115.65943,3,1
2022-09-01T21:30:00-00:00,2022-09-01T21:45:00-00:00,2022-09-01,15,ASHLAN_2_N007,ASHLAN_2_N007,ASHLAN_2_N007,RTPD,LMP,LMP_PRC,ASHLAN_2_N007,ALL,1,125.6258,3,1
2022-09-01T22:30:00-00:00,2022-09-01T22:45:00-00:00,2022-09-01,16,ASHLAN_2_N007,ASHLAN_2_N007,ASHLAN_2_N007,RTPD,LMP,LMP_PRC,ASHLAN_2_N007,ALL,1,142.64342,3,1
2022-09-01T23:30:00-00:00,2022-09-01T23:45:00-00:00,2022-09-01,17,ASHLAN_2_N007,ASHLAN_2_N007,ASHLAN_2_N007,RTPD,LMP,LMP_PRC,ASHLAN_2_N007,ALL,1,566.48157,3,1
2022-09-02T00:30:00-00:00,2022-09-02T00:45:00-00:00,2022-09-01,18,ASHLAN_2_N007,ASHLAN_2_N007,ASHLAN_2_N007,RTPD,LMP,LMP_PRC,ASHLAN_2_N007,ALL,1,1734.4839,3,1
2022-09-02T01:30:00-00:00,2022-09-02T01:45:00-00:00,2022-09-01,19,ASHLAN_2_N007,ASHLAN_2_N007,ASHLAN_2_N007,RTPD,LMP,LMP_PRC,ASHLAN_2_N007,ALL,1,1999.9956,3,1
2022-09-02T02:30:00-00:00,2022-09-02T02:45:00-00:00,2022-09-01,20,ASHLAN_2_N007,ASHLAN_2_N007,ASHLAN_2_N007,RTPD,LMP,LMP_PRC,ASHLAN_2_N007,ALL,1,1991.671,3,1
2022-09-02T03:30:00-00:00,2022-09-02T03:45:00-00:00,2022-09-01,21,ASHLAN_2_N007,ASHLAN_2_N007,ASHLAN_2_N007,RTPD,LMP,LMP_PRC,ASHLAN_2_N007,ALL,1,240.74908,3,1
2022-09-02T04:30:00-00:00,2022-09-02T04:45:00-00:00,2022-09-01,22,ASHLAN_2_N007,ASHLAN_2_N007,ASHLAN_2_N007,RTPD,LMP,LMP_PRC,ASHLAN_2_N007,ALL,1,732.3699,3,1
2022-09-02T05:30:00-00:00,2022-09-02T05:45:00-00:00,2022-09-01,23,ASHLAN_2_N007,ASHLAN_2_N007,ASHLAN_2_N007,RTPD,LMP,LMP_PRC,ASHLAN_2_N007,ALL,1,146.84457,3,1
2022-09-02T06:30:00-00:00,2022-09-02T06:45:00-00:00,2022-09-01,24,ASHLAN_2_N007,ASHLAN_2_N007,ASHLAN_2_N007,RTPD,LMP,LMP_PRC,ASHLAN_2_N007,ALL,1,148.76564,3,1
2022-09-01T07:45:00-00:00,2022-09-01T08:00:00-00:00,2022-09-01,01,ASHLAN_2_N007,ASHLAN_2_N007,ASHLAN_2_N007,RTPD,LMP,LMP_PRC,ASHLAN_2_N007,ALL,1,88.176,4,1
2022-09-01T08:45:00-00:00,2022-09-01T09:00:00-00:00,2022-09-01,02,ASHLAN_2_N007,ASHLAN_2_N007,ASHLAN_2_N007,RTPD,LMP,LMP_PRC,ASHLAN_2_N007,ALL,1,101.92643,4,1
2022-09-01T09:45:00-00:00,2022-09-01T10:00:00-00:00,2022-09-01,03,ASHLAN_2_N007,ASHLAN_2_N007,ASHLAN_2_N007,RTPD,LMP,LMP_PRC,ASHLAN_2_N007,ALL,1,100.37004,4,1
2022-09-01T10:45:00-00:00,2022-09-01T11:00:00-00:00,2022-09-01,04,ASHLAN_2_N007,ASHLAN_2_N007,ASHLAN_2_N007,RTPD,LMP,LMP_PRC,ASHLAN_2_N007,ALL,1,101.99057,4,1
2022-09-01T11:45:00-00:00,2022-09-01T12:00:00-00:00,2022-09-01,05,ASHLAN_2_N007,ASHLAN_2_N007,ASHLAN_2_N007,RTPD,LMP,LMP_PRC,ASHLAN_2_N007,ALL,1,107.01,4,1
2022-09-01T12:45:00-00:00,2022-09-01T13:00:00-00:00,2022-09-01,06,ASHLAN_2_N007,ASHLAN_2_N007,ASHLAN_2_N007,RTPD,LMP,LMP_PRC,ASHLAN_2_N007,ALL,1,113.80428,4,1
2022-09-01T13:45:00-00:00,2022-09-01T14:00:00-00:00,2022-09-01,07,ASHLAN_2_N007,ASHLAN_2_N007,ASHLAN_2_N007,RTPD,LMP,LMP_PRC,ASHLAN_2_N007,ALL,1,111.41,4,1
2022-09-01T14:45:00-00:00,2022-09-01T15:00:00-00:00,2022-09-01,08,ASHLAN_2_N007,ASHLAN_2_N007,ASHLAN_2_N007,RTPD,LMP,LMP_PRC,ASHLAN_2_N007,ALL,1,86.1388,4,1
2022-09-01T15:45:00-00:00,2022-09-01T16:00:00-00:00,2022-09-01,09,ASHLAN_2_N007,ASHLAN_2_N007,ASHLAN_2_N007,RTPD,LMP,LMP_PRC,ASHLAN_2_N007,ALL,1,78.70076,4,1
2022-09-01T16:45:00-00:00,2022-09-01T17:00:00-00:00,2022-09-01,10,ASHLAN_2_N007,ASHLAN_2_N007,ASHLAN_2_N007,RTPD,LMP,LMP_PRC,ASHLAN_2_N007,ALL,1,77.46025,4,1
2022-09-01T17:45:00-00:00,2022-09-01T18:00:00-00:00,2022-09-01,11,ASHLAN_2_N007,ASHLAN_2_N007,ASHLAN_2_N007,RTPD,LMP,LMP_PRC,ASHLAN_2_N007,ALL,1,76.79614,4,1
2022-09-01T18:45:00-00:00,2022-09-01T19:00:00-00:00,2022-09-01,12,ASHLAN_2_N007,ASHLAN_2_N007,ASHLAN_2_N007,RTPD,LMP,LMP_PRC,ASHLAN_2_N007,ALL,1,78.51175,4,1
2022-09-01T19:45:00-00:00,2022-09-01T20:00:00-00:00,2022-09-01,13,ASHLAN_2_N007,ASHLAN_2_N007,ASHLAN_2_N007,RTPD,LMP,LMP_PRC,ASHLAN_2_N007,ALL,1,104.97826,4,1
2022-09-01T20:45:00-00:00,2022-09-01T21:00:00-00:00,2022-09-01,14,ASHLAN_2_N007,ASHLAN_2_N007,ASHLAN_2_N007,RTPD,LMP,LMP_PRC,ASHLAN_2_N007,ALL,1,122.59039,4,1
2022-09-01T21:45:00-00:00,2022-09-01T22:00:00-00:00,2022-09-01,15,ASHLAN_2_N007,ASHLAN_2_N007,ASHLAN_2_N007,RTPD,LMP,LMP_PRC,ASHLAN_2_N007,ALL,1,201.0939,4,1
2022-09-01T22:45:00-00:00,2022-09-01T23:00:00-00:00,2022-09-01,16,ASHLAN_2_N007,ASHLAN_2_N007,ASHLAN_2_N007,RTPD,LMP,LMP_PRC,ASHLAN_2_N007,ALL,1,145.49298,4,1
2022-09-01T23:45:00-00:00,2022-09-02T00:00:00-00:00,2022-09-01,17,ASHLAN_2_N007,ASHLAN_2_N007,ASHLAN_2_N007,RTPD,LMP,LMP_PRC,ASHLAN_2_N007,ALL,1,1614.3116,4,1
2022-09-02T00:45:00-00:00,2022-09-02T01:00:00-00:00,2022-09-01,18,ASHLAN_2_N007,ASHLAN_2_N007,ASHLAN_2_N007,RTPD,LMP,LMP_PRC,ASHLAN_2_N007,ALL,1,1773.1053,4,1
2022-09-02T01:45:00-00:00,2022-09-02T02:00:00-00:00,2022-09-01,19,ASHLAN_2_N007,ASHLAN_2_N007,ASHLAN_2_N007,RTPD,LMP,LMP_PRC,ASHLAN_2_N007,ALL,1,1991.9337,4,1
2022-09-02T02:45:00-00:00,2022-09-02T03:00:00-00:00,2022-09-01,20,ASHLAN_2_N007,ASHLAN_2_N007,ASHLAN_2_N007,RTPD,LMP,LMP_PRC,ASHLAN_2_N007,ALL,1,1964.4567,4,1
2022-09-02T03:45:00-00:00,2022-09-02T04:00:00-00:00,2022-09-01,21,ASHLAN_2_N007,ASHLAN_2_N007,ASHLAN_2_N007,RTPD,LMP,LMP_PRC,ASHLAN_2_N007,ALL,1,174.86456,4,1
2022-09-02T04:45:00-00:00,2022-09-02T05:00:00-00:00,2022-09-01,22,ASHLAN_2_N007,ASHLAN_2_N007,ASHLAN_2_N007,RTPD,LMP,LMP_PRC,ASHLAN_2_N007,ALL,1,163.88293,4,1
2022-09-02T05:45:00-00:00,2022-09-02T06:00:00-00:00,2022-09-01,23,ASHLAN_2_N007,ASHLAN_2_N007,ASHLAN_2_N007,RTPD,LMP,LMP_PRC,ASHLAN_2_N007,ALL,1,316.96188,4,1
2022-09-02T06:45:00-00:00,2022-09-02T07:00:00-00:00,2022-09-01,24,ASHLAN_2_N007,ASHLAN_2_N007,ASHLAN_2_N007,RTPD,LMP,LMP_PRC,ASHLAN_2_N007,ALL,1,123.50622,4,1
2022-09-01T07:00:00-00:00,2022-09-01T07:15:00-00:00,2022-09-01,01,ASHLAN_2_N007,ASHLAN_2_N007,ASHLAN_2_N007,RTPD,MCC,LMP_CONG_PRC,ASHLAN_2_N007,ALL,1,-24.13858,1,2
2022-09-01T08:00:00-00:00,2022-09-01T08:15:00-00:00,2022-09-01,02,ASHLAN_2_N007,ASHLAN_2_N007,ASHLAN_2_N007,RTPD,MCC,LMP_CONG_PRC,ASHLAN_2_N007,ALL,1,-3.80099,1,2
2022-09-01T09:00:00-00:00,2022-09-01T09:15:00-00:00,2022-09-01,03,ASHLAN_2_N007,ASHLAN_2_N007,ASHLAN_2_N007,RTPD,MCC,LMP_CONG_PRC,ASHLAN_2_N007,ALL,1,-5.07265,1,2
2022-09-01T10:00:00-00:00,2022-09-01T10:15:00-00:00,2022-09-01,04,ASHLAN_2_N007,ASHLAN_2_N007,ASHLAN_2_N007,RTPD,MCC,LMP_CONG_PRC,ASHLAN_2_N007,ALL,1,-4.40033,1,2
2022-09-01T11:00:00-00:00,2022-09-01T11:15:00-00:00,2022-09-01,05,ASHLAN_2_N007,ASHLAN_2_N007,ASHLAN_2_N007,RTPD,MCC,LMP_CONG_PRC,ASHLAN_2_N007,ALL,1,0,1,2
2022-09-01T12:00:00-00:00,2022-09-01T12:15:00-00:00,2022-09-01,06,ASHLAN_2_N007,ASHLAN_2_N007,ASHLAN_2_N007,RTPD,MCC,LMP_CONG_PRC,ASHLAN_2_N007,ALL,1,-11.31758,1,2
2022-09-01T13:00:00-00:00,2022-09-01T13:15:00-00:00,2022-09-01,07,ASHLAN_2_N007,ASHLAN_2_N007,ASHLAN_2_N007,RTPD,MCC,LMP_CONG_PRC,ASHLAN_2_N007,ALL,1,-15.03484,1,2
2022-09-01T14:00:00-00:00,2022-09-01T14:15:00-00:00,2022-09-01,08,ASHLAN_2_N007,ASHLAN_2_N007,ASHLAN_2_N007,RTPD,MCC,LMP_CONG_PRC,ASHLAN_2_N007,ALL,1,0,1,2
2022-09-01T15:00:00-00:00,2022-09-01T15:15:00-00:00,2022-09-01,09,ASHLAN_2_N007,ASHLAN_2_N007,ASHLAN_2_N007,RTPD,MCC,LMP_CONG_PRC,ASHLAN_2_N007,ALL,1,0,1,2
2022-09-01T16:00:00-00:00,2022-09-01T16:15:00-00:00,2022-09-01,10,ASHLAN_2_N007,ASHLAN_2_N007,ASHLAN_2_N007,RTPD,MCC,LMP_CONG_PRC,ASHLAN_2_N007,ALL,1,0,1,2
2022-09-01T17:00:00-00:00,2022-09-01T17:15:00-00:00,2022-09-01,11,ASHLAN_2_N007,ASHLAN_2_N007,ASHLAN_2_N007,RTPD,MCC,LMP_CONG_PRC,ASHLAN_2_N007,ALL,1,-18.54879,1,2
2022-09-01T18:00:00-00:00,2022-09-01T18:15:00-00:00,2022-09-01,12,ASHLAN_2_N007,ASHLAN_2_N007,ASHLAN_2_N007,RTPD,MCC,LMP_CONG_PRC,ASHLAN_2_N007,ALL,1,-36.10884,1,2
2022-09-01T19:00:00-00:00,2022-09-01T19:15:00-00:00,2022-09-01,13,ASHLAN_2_N007,ASHLAN_2_N007,ASHLAN_2_N007,RTPD,MCC,LMP_CONG_PRC,ASHLAN_2_N007,ALL,1,-39.81741,1,2
2022-09-01T20:00:00-00:00,2022-09-01T20:15:00-00:00,2022-09-01,14,ASHLAN_2_N007,ASHLAN_2_N007,ASHLAN_2_N007,RTPD,MCC,LMP_CONG_PRC,ASHLAN_2_N007,ALL,1,-3.91478,1,2
2022-09-01T21:00:00-00:00,2022-09-01T21:15:00-00:00,2022-09-01,15,ASHLAN_2_N007,ASHLAN_2_N007,ASHLAN_2_N007,RTPD,MCC,LMP_CONG_PRC,ASHLAN_2_N007,ALL,1,-109.9803,1,2
2022-09-01T22:00:00-00:00,2022-09-01T22:15:00-00:00,2022-09-01,16,ASHLAN_2_N007,ASHLAN_2_N007,ASHLAN_2_N007,RTPD,MCC,LMP_CONG_PRC,ASHLAN_2_N007,ALL,1,-119.14458,1,2
2022-09-01T23:00:00-00:00,2022-09-01T23:15:00-00:00,2022-09-01,17,ASHLAN_2_N007,ASHLAN_2_N007,ASHLAN_2_N007,RTPD,MCC,LMP_CONG_PRC,ASHLAN_2_N007,ALL,1,-192.14085,1,2
2022-09-02T00:00:00-00:00,2022-09-02T00:15:00-00:00,2022-09-01,18,ASHLAN_2_N007,ASHLAN_2_N007,ASHLAN_2_N007,RTPD,MCC,LMP_CONG_PRC,ASHLAN_2_N007,ALL,1,295.3043,1,2
2022-09-02T01:00:00-00:00,2022-09-02T01:15:00-00:00,2022-09-01,19,ASHLAN_2_N007,ASHLAN_2_N007,ASHLAN_2_N007,RTPD,MCC,LMP_CONG_PRC,ASHLAN_2_N007,ALL,1,290.19955,1,2
2022-09-02T02:00:00-00:00,2022-09-02T02:15:00-00:00,2022-09-01,20,ASHLAN_2_N007,ASHLAN_2_N007,ASHLAN_2_N007,RTPD,MCC,LMP_CONG_PRC,ASHLAN_2_N007,ALL,1,0,1,2
2022-09-02T03:00:00-00:00,2022-09-02T03:15:00-00:00,2022-09-01,21,ASHLAN_2_N007,ASHLAN_2_N007,ASHLAN_2_N007,RTPD,MCC,LMP_CONG_PRC,ASHLAN_2_N007,ALL,1,361.79398,1,2
2022-09-02T04:00:00-00:00,2022-09-02T04:15:00-00:00,2022-09-01,22,ASHLAN_2_N007,ASHLAN_2_N007,ASHLAN_2_N007,RTPD,MCC,LMP_CONG_PRC,ASHLAN_2_N007,ALL,1,1064.0844,1,2
2022-09-02T05:00:00-00:00,2022-09-02T05:15:00-00:00,2022-09-01,23,ASHLAN_2_N007,ASHLAN_2_N007,ASHLAN_2_N007,RTPD,MCC,LMP_CONG_PRC,ASHLAN_2_N007,ALL,1,0,1,2
2022-09-02T06:00:00-00:00,2022-09-02T06:15:00-00:00,2022-09-01,24,ASHLAN_2_N007,ASHLAN_2_N007,ASHLAN_2_N007,RTPD,MCC,LMP_CONG_PRC,ASHLAN_2_N007,ALL,1,153.34221,1,2
2022-09-01T07:15:00-00:00,2022-09-01T07:30:00-00:00,2022-09-01,01,ASHLAN_2_N007,ASHLAN_2_N007,ASHLAN_2_N007,RTPD,MCC,LMP_CONG_PRC,ASHLAN_2_N007,ALL,1,-11.36245,2,2
2022-09-01T08:15:00-00:00,2022-09-01T08:30:00-00:00,2022-09-01,02,ASHLAN_2_N007,ASHLAN_2_N007,ASHLAN_2_N007,RTPD,MCC,LMP_CONG_PRC,ASHLAN_2_N007,ALL,1,-1.0375,2,2
2022-09-01T09:15:00-00:00,2022-09-01T09:30:00-00:00,2022-09-01,03,ASHLAN_2_N007,ASHLAN_2_N007,ASHLAN_2_N007,RTPD,MCC,LMP_CONG_PRC,ASHLAN_2_N007,ALL,1,-6.66886,2,2
2022-09-01T10:15:00-00:00,2022-09-01T10:30:00-00:00,2022-09-01,04,ASHLAN_2_N007,ASHLAN_2_N007,ASHLAN_2_N007,RTPD,MCC,LMP_CONG_PRC,ASHLAN_2_N007,ALL,1,-6.22642,2,2
2022-09-01T11:15:00-00:00,2022-09-01T11:30:00-00:00,2022-09-01,05,ASHLAN_2_N007,ASHLAN_2_N007,ASHLAN_2_N007,RTPD,MCC,LMP_CONG_PRC,ASHLAN_2_N007,ALL,1,0,2,2
2022-09-01T12:15:00-00:00,2022-09-01T12:30:00-00:00,2022-09-01,06,ASHLAN_2_N007,ASHLAN_2_N007,ASHLAN_2_N007,RTPD,MCC,LMP_CONG_PRC,ASHLAN_2_N007,ALL,1,-6.90446,2,2
2022-09-01T13:15:00-00:00,2022-09-01T13:30:00-00:00,2022-09-01,07,ASHLAN_2_N007,ASHLAN_2_N007,ASHLAN_2_N007,RTPD,MCC,LMP_CONG_PRC,ASHLAN_2_N007,ALL,1,-0.6452,2,2
2022-09-01T14:15:00-00:00,2022-09-01T14:30:00-00:00,2022-09-01,08,ASHLAN_2_N007,ASHLAN_2_N007,ASHLAN_2_N007,RTPD,MCC,LMP_CONG_PRC,ASHLAN_2_N007,ALL,1,0,2,2
2022-09-01T15:15:00-00:00,2022-09-01T15:30:00-00:00,2022-09-01,09,ASHLAN_2_N007,ASHLAN_2_N007,ASHLAN_2_N007,RTPD,MCC,LMP_CONG_PRC,ASHLAN_2_N007,ALL,1,0,2,2
2022-09-01T16:15:00-00:00,2022-09-01T16:30:00-00:00,2022-09-01,10,ASHLAN_2_N007,ASHLAN_2_N007,ASHLAN_2_N007,RTPD,MCC,LMP_CONG_PRC,ASHLAN_2_N007,ALL,1,-1.82968,2,2
2022-09-01T17:15:00-00:00,2022-09-01T17:30:00-00:00,2022-09-01,11,ASHLAN_2_N007,ASHLAN_2_N007,ASHLAN_2_N007,RTPD,MCC,LMP_CONG_PRC,ASHLAN_2_N007,ALL,1,-22.68898,2,2
2022-09-01T18:15:00-00:00,2022-09-01T18:30:00-00:00,2022-09-01,12,ASHLAN_2_N007,ASHLAN_2_N007,ASHLAN_2_N007,RTPD,MCC,LMP_CONG_PRC,ASHLAN_2_N007,ALL,1,-29.40356,2,2
2022-09-01T19:15:00-00:00,2022-09-01T19:30:00-00:00,2022-09-01,13,ASHLAN_2_N007,ASHLAN_2_N007,ASHLAN_2_N007,RTPD,MCC,LMP_CONG_PRC,ASHLAN_2_N007,ALL,1,-32.78857,2,2
2022-09-01T20:15:00-00:00,2022-09-01T20:30:00-00:00,2022-09-01,14,ASHLAN_2_N007,ASHLAN_2_N007,ASHLAN_2_N007,RTPD,MCC,LMP_CONG_PRC,ASHLAN_2_N007,ALL,1,-3.50863,2,2
2022-09-01T21:15:00-00:00,2022-09-01T21:30:00-00:00,2022-09-01,15,ASHLAN_2_N007,ASHLAN_2_N007,ASHLAN_2_N007,RTPD,MCC,LMP_CONG_PRC,ASHLAN_2_N007,ALL,1,-29.7228,2,2
2022-09-01T22:15:00-00:00,2022-09-01T22:30:00-00:00,2022-09-01,16,ASHLAN_2_N007,ASHLAN_2_N007,ASHLAN_2_N007,RTPD,MCC,LMP_CONG_PRC,ASHLAN_2_N007,ALL,1,-130.70338,2,2
2022-09-01T23:15:00-00:00,2022-09-01T23:30:00-00:00,2022-09-01,17,ASHLAN_2_N007,ASHLAN_2_N007,ASHLAN_2_N007,RTPD,MCC,LMP_CONG_PRC,ASHLAN_2_N007,ALL,1,-115.31024,2,2
2022-09-02T00:15:00-00:00,2022-09-02T00:30:00-00:00,2022-09-01,18,ASHLAN_2_N007,ASHLAN_2_N007,ASHLAN_2_N007,RTPD,MCC,LMP_CONG_PRC,ASHLAN_2_N007,ALL,1,285.99063,2,2
2022-09-02T01:15:00-00:00,2022-09-02T01:30:00-00:00,2022-09-01,19,ASHLAN_2_N007,ASHLAN_2_N007,ASHLAN_2_N007,RTPD,MCC,LMP_CONG_PRC,ASHLAN_2_N007,ALL,1,0,2,2
2022-09-02T02:15:00-00:00,2022-09-02T02:30:00-00:00,2022-09-01,20,ASHLAN_2_N007,ASHLAN_2_N007,ASHLAN_2_N007,RTPD,MCC,LMP_CONG_PRC,ASHLAN_2_N007,ALL,1,0,2,2
2022-09-02T03:15:00-00:00,2022-09-02T03:30:00-00:00,2022-09-01,21,ASHLAN_2_N007,ASHLAN_2_N007,ASHLAN_2_N007,RTPD,MCC,LMP_CONG_PRC,ASHLAN_2_N007,ALL,1,126.89887,2,2
2022-09-02T04:15:00-00:00,2022-09-02T04:30:00-00:00,2022-09-01,22,ASHLAN_2_N007,ASHLAN_2_N007,ASHLAN_2_N007,RTPD,MCC,LMP_CONG_PRC,ASHLAN_2_N007,ALL,1,970.546,2,2
2022-09-02T05:15:00-00:00,2022-09-02T05:30:00-00:00,2022-09-01,23,ASHLAN_2_N007,ASHLAN_2_N007,ASHLAN_2_N007,RTPD,MCC,LMP_CONG_PRC,ASHLAN_2_N007,ALL,1,0,2,2
2022-09-02T06:15:00-00:00,2022-09-02T06:30:00-00:00,2022-09-01,24,ASHLAN_2_N007,ASHLAN_2_N007,ASHLAN_2_N007,RTPD,MCC,LMP_CONG_PRC,ASHLAN_2_N007,ALL,1,4.25442,2,2
2022-09-01T07:30:00-00:00,2022-09-01T07:45:00-00:00,2022-09-01,01,ASHLAN_2_N007,ASHLAN_2_N007,ASHLAN_2_N007,RTPD,MCC,LMP_CONG_PRC,ASHLAN_2_N007,ALL,1,-18.37538,3,2
2022-09-01T08:30:00-00:00,2022-09-01T08:45:00-00:00,2022-09-01,02,ASHLAN_2_N007,ASHLAN_2_N007,ASHLAN_2_N007,RTPD,MCC,LMP_CONG_PRC,ASHLAN_2_N007,ALL,1,-0.00098,3,2
2022-09-01T09:30:00-00:00,2022-09-01T09:45:00-00:00,2022-09-01,03,ASHLAN_2_N007,ASHLAN_2_N007,ASHLAN_2_N007,RTPD,MCC,LMP_CONG_PRC,ASHLAN_2_N007,ALL,1,-6.609,3,2
2022-09-01T10:30:00-00:00,2022-09-01T10:45:00-00:00,2022-09-01,04,ASHLAN_2_N007,ASHLAN_2_N007,ASHLAN_2_N007,RTPD,MCC,LMP_CONG_PRC,ASHLAN_2_N007,ALL,1,-3.52059,3,2
2022-09-01T11:30:00-00:00,2022-09-01T11:45:00-00:00,2022-09-01,05,ASHLAN_2_N007,ASHLAN_2_N007,ASHLAN_2_N007,RTPD,MCC,LMP_CONG_PRC,ASHLAN_2_N007,ALL,1,0,3,2
2022-09-01T12:30:00-00:00,2022-09-01T12:45:00-00:00,2022-09-01,06,ASHLAN_2_N007,ASHLAN_2_N007,ASHLAN_2_N007,RTPD,MCC,LMP_CONG_PRC,ASHLAN_2_N007,ALL,1,-11.95484,3,2
2022-09-01T13:30:00-00:00,2022-09-01T13:45:00-00:00,2022-09-01,07,ASHLAN_2_N007,ASHLAN_2_N007,ASHLAN_2_N007,RTPD,MCC,LMP_CONG_PRC,ASHLAN_2_N007,ALL,1,0,3,2
2022-09-01T14:30:00-00:00,2022-09-01T14:45:00-00:00,2022-09-01,08,ASHLAN_2_N007,ASHLAN_2_N007,ASHLAN_2_N007,RTPD,MCC,LMP_CONG_PRC,ASHLAN_2_N007,ALL,1,0,3,2
2022-09-01T15:30:00-00:00,2022-09-01T15:45:00-00:00,2022-09-01,09,ASHLAN_2_N007,ASHLAN_2_N007,ASHLAN_2_N007,RTPD,MCC,LMP_CONG_PRC,ASHLAN_2_N007,ALL,1,0,3,2
2022-09-01T16:30:00-00:00,2022-09-01T16:45:00-00:00,2022-09-01,10,ASHLAN_2_N007,ASHLAN_2_N007,ASHLAN_2_N007,RTPD,MCC,LMP_CONG_PRC,ASHLAN_2_N007,ALL,1,-15.31132,3,2
2022-09-01T17:30:00-00:00,2022-09-01T17:45:00-00:00,2022-09-01,11,ASHLAN_2_N007,ASHLAN_2_N007,ASHLAN_2_N007,RTPD,MCC,LMP_CONG_PRC,ASHLAN_2_N007,ALL,1,-22.75969,3,2
2022-09-01T18:30:00-00:00,2022-09-01T18:45:00-00:00,2022-09-01,12,ASHLAN_2_N007,ASHLAN_2_N007,ASHLAN_2_N007,RTPD,MCC,LMP_CONG_PRC,ASHLAN_2_N007,ALL,1,-30.64619,3,2
2022-09-01T19:30:00-00:00,2022-09-01T19:45:00-00:00,2022-09-01,13,ASHLAN_2_N007,ASHLAN_2_N007,ASHLAN_2_N007,RTPD,MCC,LMP_CONG_PRC,ASHLAN_2_N007,ALL,1,-14.07179,3,2
2022-09-01T20:30:00-00:00,2022-09-01T20:45:00-00:00,2022-09-01,14,ASHLAN_2_N007,ASHLAN_2_N007,ASHLAN_2_N007,RTPD,MCC,LMP_CONG_PRC,ASHLAN_2_N007,ALL,1,-14.15662,3,2
2022-09-01T21:30:00-00:00,2022-09-01T21:45:00-00:00,2022-09-01,15,ASHLAN_2_N007,ASHLAN_2_N007,ASHLAN_2_N007,RTPD,MCC,LMP_CONG_PRC,ASHLAN_2_N007,ALL,1,-27.30478,3,2
2022-09-01T22:30:00-00:00,2022-09-01T22:45:00-00:00,2022-09-01,16,ASHLAN_2_N007,ASHLAN_2_N007,ASHLAN_2_N007,RTPD,MCC,LMP_CONG_PRC,ASHLAN_2_N007,ALL,1,-140.53838,3,2
2022-09-01T23:30:00-00:00,2022-09-01T23:45:00-00:00,2022-09-01,17,ASHLAN_2_N007,ASHLAN_2_N007,ASHLAN_2_N007,RTPD,MCC,LMP_CONG_PRC,ASHLAN_2_N007,ALL,1,0,3,2
2022-09-02T00:30:00-00:00,2022-09-02T00:45:00-00:00,2022-09-01,18,ASHLAN_2_N007,ASHLAN_2_N007,ASHLAN_2_N007,RTPD,MCC,LMP_CONG_PRC,ASHLAN_2_N007,ALL,1,405.37122,3,2
2022-09-02T01:30:00-00:00,2022-09-02T01:45:00-00:00,2022-09-01,19,ASHLAN_2_N007,ASHLAN_2_N007,ASHLAN_2_N007,RTPD,MCC,LMP_CONG_PRC,ASHLAN_2_N007,ALL,1,0,3,2
2022-09-02T02:30:00-00:00,2022-09-02T02:45:00-00:00,2022-09-01,20,ASHLAN_2_N007,ASHLAN_2_N007,ASHLAN_2_N007,RTPD,MCC,LMP_CONG_PRC,ASHLAN_2_N007,ALL,1,0,3,2
2022-09-02T03:30:00-00:00,2022-09-02T03:45:00-00:00,2022-09-01,21,ASHLAN_2_N007,ASHLAN_2_N007,ASHLAN_2_N007,RTPD,MCC,LMP_CONG_PRC,ASHLAN_2_N007,ALL,1,28.56417,3,2
2022-09-02T04:30:00-00:00,2022-09-02T04:45:00-00:00,2022-09-01,22,ASHLAN_2_N007,ASHLAN_2_N007,ASHLAN_2_N007,RTPD,MCC,LMP_CONG_PRC,ASHLAN_2_N007,ALL,1,521.01245,3,2
2022-09-02T05:30:00-00:00,2022-09-02T05:45:00-00:00,2022-09-01,23,ASHLAN_2_N007,ASHLAN_2_N007,ASHLAN_2_N007,RTPD,MCC,LMP_CONG_PRC,ASHLAN_2_N007,ALL,1,0,3,2
2022-09-02T06:30:00-00:00,2022-09-02T06:45:00-00:00,2022-09-01,24,ASHLAN_2_N007,ASHLAN_2_N007,ASHLAN_2_N007,RTPD,MCC,LMP_CONG_PRC,ASHLAN_2_N007,ALL,1,9.35637,3,2
2022-09-01T07:45:00-00:00,2022-09-01T08:00:00-00:00,2022-09-01,01,ASHLAN_2_N007,ASHLAN_2_N007,ASHLAN_2_N007,RTPD,MCC,LMP_CONG_PRC,ASHLAN_2_N007,ALL,1,-20.94498,4,2
2022-09-01T08:45:00-00:00,2022-09-01T09:00:00-00:00,2022-09-01,02,ASHLAN_2_N007,ASHLAN_2_N007,ASHLAN_2_N007,RTPD,MCC,LMP_CONG_PRC,ASHLAN_2_N007,ALL,1,-5.11294,4,2
2022-09-01T09:45:00-00:00,2022-09-01T10:00:00-00:00,2022-09-01,03,ASHLAN_2_N007,ASHLAN_2_N007,ASHLAN_2_N007,RTPD,MCC,LMP_CONG_PRC,ASHLAN_2_N007,ALL,1,-5.90038,4,2
2022-09-01T10:45:00-00:00,2022-09-01T11:00:00-00:00,2022-09-01,04,ASHLAN_2_N007,ASHLAN_2_N007,ASHLAN_2_N007,RTPD,MCC,LMP_CONG_PRC,ASHLAN_2_N007,ALL,1,-1.38646,4,2
2022-09-01T11:45:00-00:00,2022-09-01T12:00:00-00:00,2022-09-01,05,ASHLAN_2_N007,ASHLAN_2_N007,ASHLAN_2_N007,RTPD,MCC,LMP_CONG_PRC,ASHLAN_2_N007,ALL,1,0,4,2
2022-09-01T12:45:00-00:00,2022-09-01T13:00:00-00:00,2022-09-01,06,ASHLAN_2_N007,ASHLAN_2_N007,ASHLAN_2_N007,RTPD,MCC,LMP_CONG_PRC,ASHLAN_2_N007,ALL,1,-2.68053,4,2
2022-09-01T13:45:00-00:00,2022-09-01T14:00:00-00:00,2022-09-01,07,ASHLAN_2_N007,ASHLAN_2_N007,ASHLAN_2_N007,RTPD,MCC,LMP_CONG_PRC,ASHLAN_2_N007,ALL,1,0,4,2
2022-09-01T14:45:00-00:00,2022-09-01T15:00:00-00:00,2022-09-01,08,ASHLAN_2_N007,ASHLAN_2_N007,ASHLAN_2_N007,RTPD,MCC,LMP_CONG_PRC,ASHLAN_2_N007,ALL,1,0,4,2
2022-09-01T15:45:00-00:00,2022-09-01T16:00:00-00:00,2022-09-01,09,ASHLAN_2_N007,ASHLAN_2_N007,ASHLAN_2_N007,RTPD,MCC,LMP_CONG_PRC,ASHLAN_2_N007,ALL,1,0,4,2
2022-09-01T16:45:00-00:00,2022-09-01T17:00:00-00:00,2022-09-01,10,ASHLAN_2_N007,ASHLAN_2_N007,ASHLAN_2_N007,RTPD,MCC,LMP_CONG_PRC,ASHLAN_2_N007,ALL,1,-13.78908,4,2
2022-09-01T17:45:00-00:00,2022-09-01T18:00:00-00:00,2022-09-01,11,ASHLAN_2_N007,ASHLAN_2_N007,ASHLAN_2_N007,RTPD,MCC,LMP_CONG_PRC,ASHLAN_2_N007,ALL,1,-22.4093,4,2
2022-09-01T18:45:00-00:00,2022-09-01T19:00:00-00:00,2022-09-01,12,ASHLAN_2_N007,ASHLAN_2_N007,ASHLAN_2_N007,RTPD,MCC,LMP_CONG_PRC,ASHLAN_2_N007,ALL,1,-30.52889,4,2
2022-09-01T19:45:00-00:00,2022-09-01T20:00:00-00:00,2022-09-01,13,ASHLAN_2_N007,ASHLAN_2_N007,ASHLAN_2_N007,RTPD,MCC,LMP_CONG_PRC,ASHLAN_2_N007,ALL,1,-15.24665,4,2
2022-09-01T20:45:00-00:00,2022-09-01T21:00:00-00:00,2022-09-01,14,ASHLAN_2_N007,ASHLAN_2_N007,ASHLAN_2_N007,RTPD,MCC,LMP_CONG_PRC,ASHLAN_2_N007,ALL,1,-31.4347,4,2
2022-09-01T21:45:00-00:00,2022-09-01T22:00:00-00:00,2022-09-01,15,ASHLAN_2_N007,ASHLAN_2_N007,ASHLAN_2_N007,RTPD,MCC,LMP_CONG_PRC,ASHLAN_2_N007,ALL,1,-99.19986,4,2
2022-09-01T22:45:00-00:00,2022-09-01T23:00:00-00:00,2022-09-01,16,ASHLAN_2_N007,ASHLAN_2_N007,ASHLAN_2_N007,RTPD,MCC,LMP_CONG_PRC,ASHLAN_2_N007,ALL,1,-284.42072,4,2
2022-09-01T23:45:00-00:00,2022-09-02T00:00:00-00:00,2022-09-01,17,ASHLAN_2_N007,ASHLAN_2_N007,ASHLAN_2_N007,RTPD,MCC,LMP_CONG_PRC,ASHLAN_2_N007,ALL,1,353.09924,4,2
2022-09-02T00:45:00-00:00,2022-09-02T01:00:00-00:00,2022-09-01,18,ASHLAN_2_N007,ASHLAN_2_N007,ASHLAN_2_N007,RTPD,MCC,LMP_CONG_PRC,ASHLAN_2_N007,ALL,1,253.9563,4,2
2022-09-02T01:45:00-00:00,2022-09-02T02:00:00-00:00,2022-09-01,19,ASHLAN_2_N007,ASHLAN_2_N007,ASHLAN_2_N007,RTPD,MCC,LMP_CONG_PRC,ASHLAN_2_N007,ALL,1,0,4,2
2022-09-02T02:45:00-00:00,2022-09-02T03:00:00-00:00,2022-09-01,20,ASHLAN_2_N007,ASHLAN_2_N007,ASHLAN_2_N007,RTPD,MCC,LMP_CONG_PRC,ASHLAN_2_N007,ALL,1,115.65123,4,2
2022-09-02T03:45:00-00:00,2022-09-02T04:00:00-00:00,2022-09-01,21,ASHLAN_2_N007,ASHLAN_2_N007,ASHLAN_2_N007,RTPD,MCC,LMP_CONG_PRC,ASHLAN_2_N007,ALL,1,16.63586,4,2
2022-09-02T04:45:00-00:00,2022-09-02T05:00:00-00:00,2022-09-01,22,ASHLAN_2_N007,ASHLAN_2_N007,ASHLAN_2_N007,RTPD,MCC,LMP_CONG_PRC,ASHLAN_2_N007,ALL,1,16.25391,4,2
2022-09-02T05:45:00-00:00,2022-09-02T06:00:00-00:00,2022-09-01,23,ASHLAN_2_N007,ASHLAN_2_N007,ASHLAN_2_N007,RTPD,MCC,LMP_CONG_PRC,ASHLAN_2_N007,ALL,1,186.47978,4,2
2022-09-02T06:45:00-00:00,2022-09-02T07:00:00-00:00,2022-09-01,24,ASHLAN_2_N007,ASHLAN_2_N007,ASHLAN_2_N007,RTPD,MCC,LMP_CONG_PRC,ASHLAN_2_N007,ALL,1,5.85065,4,2
2022-09-01T07:00:00-00:00,2022-09-01T07:15:00-00:00,2022-09-01,01,ASHLAN_2_N007,ASHLAN_2_N007,ASHLAN_2_N007,RTPD,MCE,LMP_ENE_PRC,ASHLAN_2_N007,ALL,1,104.23471,1,3
2022-09-01T08:00:00-00:00,2022-09-01T08:15:00-00:00,2022-09-01,02,ASHLAN_2_N007,ASHLAN_2_N007,ASHLAN_2_N007,RTPD,MCE,LMP_ENE_PRC,ASHLAN_2_N007,ALL,1,115.5488,1,3
2022-09-01T09:00:00-00:00,2022-09-01T09:15:00-00:00,2022-09-01,03,ASHLAN_2_N007,ASHLAN_2_N007,ASHLAN_2_N007,RTPD,MCE,LMP_ENE_PRC,ASHLAN_2_N007,ALL,1,99.73061,1,3
2022-09-01T10:00:00-00:00,2022-09-01T10:15:00-00:00,2022-09-01,04,ASHLAN_2_N007,ASHLAN_2_N007,ASHLAN_2_N007,RTPD,MCE,LMP_ENE_PRC,ASHLAN_2_N007,ALL,1,98.64222,1,3
2022-09-01T11:00:00-00:00,2022-09-01T11:15:00-00:00,2022-09-01,05,ASHLAN_2_N007,ASHLAN_2_N007,ASHLAN_2_N007,RTPD,MCE,LMP_ENE_PRC,ASHLAN_2_N007,ALL,1,102.56859,1,3
2022-09-01T12:00:00-00:00,2022-09-01T12:15:00-00:00,2022-09-01,06,ASHLAN_2_N007,ASHLAN_2_N007,ASHLAN_2_N007,RTPD,MCE,LMP_ENE_PRC,ASHLAN_2_N007,ALL,1,96.90845,1,3
2022-09-01T13:00:00-00:00,2022-09-01T13:15:00-00:00,2022-09-01,07,ASHLAN_2_N007,ASHLAN_2_N007,ASHLAN_2_N007,RTPD,MCE,LMP_ENE_PRC,ASHLAN_2_N007,ALL,1,101.80878,1,3
2022-09-01T14:00:00-00:00,2022-09-01T14:15:00-00:00,2022-09-01,08,ASHLAN_2_N007,ASHLAN_2_N007,ASHLAN_2_N007,RTPD,MCE,LMP_ENE_PRC,ASHLAN_2_N007,ALL,1,111.11219,1,3
2022-09-01T15:00:00-00:00,2022-09-01T15:15:00-00:00,2022-09-01,09,ASHLAN_2_N007,ASHLAN_2_N007,ASHLAN_2_N007,RTPD,MCE,LMP_ENE_PRC,ASHLAN_2_N007,ALL,1,97.4112,1,3
2022-09-01T16:00:00-00:00,2022-09-01T16:15:00-00:00,2022-09-01,10,ASHLAN_2_N007,ASHLAN_2_N007,ASHLAN_2_N007,RTPD,MCE,LMP_ENE_PRC,ASHLAN_2_N007,ALL,1,83.43525,1,3
2022-09-01T17:00:00-00:00,2022-09-01T17:15:00-00:00,2022-09-01,11,ASHLAN_2_N007,ASHLAN_2_N007,ASHLAN_2_N007,RTPD,MCE,LMP_ENE_PRC,ASHLAN_2_N007,ALL,1,96.94897,1,3
2022-09-01T18:00:00-00:00,2022-09-01T18:15:00-00:00,2022-09-01,12,ASHLAN_2_N007,ASHLAN_2_N007,ASHLAN_2_N007,RTPD,MCE,LMP_ENE_PRC,ASHLAN_2_N007,ALL,1,91.59291,1,3
2022-09-01T19:00:00-00:00,2022-09-01T19:15:00-00:00,2022-09-01,13,ASHLAN_2_N007,ASHLAN_2_N007,ASHLAN_2_N007,RTPD,MCE,LMP_ENE_PRC,ASHLAN_2_N007,ALL,1,109.19637,1,3
2022-09-01T20:00:00-00:00,2022-09-01T20:15:00-00:00,2022-09-01,14,ASHLAN_2_N007,ASHLAN_2_N007,ASHLAN_2_N007,RTPD,MCE,LMP_ENE_PRC,ASHLAN_2_N007,ALL,1,117.94359,1,3
2022-09-01T21:00:00-00:00,2022-09-01T21:15:00-00:00,2022-09-01,15,ASHLAN_2_N007,ASHLAN_2_N007,ASHLAN_2_N007,RTPD,MCE,LMP_ENE_PRC,ASHLAN_2_N007,ALL,1,226.61499,1,3
2022-09-01T22:00:00-00:00,2022-09-01T22:15:00-00:00,2022-09-01,16,ASHLAN_2_N007,ASHLAN_2_N007,ASHLAN_2_N007,RTPD,MCE,LMP_ENE_PRC,ASHLAN_2_N007,ALL,1,229.18552,1,3
2022-09-01T23:00:00-00:00,2022-09-01T23:15:00-00:00,2022-09-01,17,ASHLAN_2_N007,ASHLAN_2_N007,ASHLAN_2_N007,RTPD,MCE,LMP_ENE_PRC,ASHLAN_2_N007,ALL,1,386.7537,1,3
2022-09-02T00:00:00-00:00,2022-09-02T00:15:00-00:00,2022-09-01,18,ASHLAN_2_N007,ASHLAN_2_N007,ASHLAN_2_N007,RTPD,MCE,LMP_ENE_PRC,ASHLAN_2_N007,ALL,1,770.58136,1,3
2022-09-02T01:00:00-00:00,2022-09-02T01:15:00-00:00,2022-09-01,19,ASHLAN_2_N007,ASHLAN_2_N007,ASHLAN_2_N007,RTPD,MCE,LMP_ENE_PRC,ASHLAN_2_N007,ALL,1,916.27124,1,3
2022-09-02T02:00:00-00:00,2022-09-02T02:15:00-00:00,2022-09-01,20,ASHLAN_2_N007,ASHLAN_2_N007,ASHLAN_2_N007,RTPD,MCE,LMP_ENE_PRC,ASHLAN_2_N007,ALL,1,1991.6721,1,3
2022-09-02T03:00:00-00:00,2022-09-02T03:15:00-00:00,2022-09-01,21,ASHLAN_2_N007,ASHLAN_2_N007,ASHLAN_2_N007,RTPD,MCE,LMP_ENE_PRC,ASHLAN_2_N007,ALL,1,917.5508,1,3
2022-09-02T04:00:00-00:00,2022-09-02T04:15:00-00:00,2022-09-01,22,ASHLAN_2_N007,ASHLAN_2_N007,ASHLAN_2_N007,RTPD,MCE,LMP_ENE_PRC,ASHLAN_2_N007,ALL,1,257.83005,1,3
2022-09-02T05:00:00-00:00,2022-09-02T05:15:00-00:00,2022-09-01,23,ASHLAN_2_N007,ASHLAN_2_N007,ASHLAN_2_N007,RTPD,MCE,LMP_ENE_PRC,ASHLAN_2_N007,ALL,1,183.24657,1,3
2022-09-02T06:00:00-00:00,2022-09-02T06:15:00-00:00,2022-09-01,24,ASHLAN_2_N007,ASHLAN_2_N007,ASHLAN_2_N007,RTPD,MCE,LMP_ENE_PRC,ASHLAN_2_N007,ALL,1,158.867,1,3
2022-09-01T07:15:00-00:00,2022-09-01T07:30:00-00:00,2022-09-01,01,ASHLAN_2_N007,ASHLAN_2_N007,ASHLAN_2_N007,RTPD,MCE,LMP_ENE_PRC,ASHLAN_2_N007,ALL,1,125.55144,2,3
2022-09-01T08:15:00-00:00,2022-09-01T08:30:00-00:00,2022-09-01,02,ASHLAN_2_N007,ASHLAN_2_N007,ASHLAN_2_N007,RTPD,MCE,LMP_ENE_PRC,ASHLAN_2_N007,ALL,1,115.53165,2,3
2022-09-01T09:15:00-00:00,2022-09-01T09:30:00-00:00,2022-09-01,03,ASHLAN_2_N007,ASHLAN_2_N007,ASHLAN_2_N007,RTPD,MCE,LMP_ENE_PRC,ASHLAN_2_N007,ALL,1,98.30543,2,3
2022-09-01T10:15:00-00:00,2022-09-01T10:30:00-00:00,2022-09-01,04,ASHLAN_2_N007,ASHLAN_2_N007,ASHLAN_2_N007,RTPD,MCE,LMP_ENE_PRC,ASHLAN_2_N007,ALL,1,97.00684,2,3
2022-09-01T11:15:00-00:00,2022-09-01T11:30:00-00:00,2022-09-01,05,ASHLAN_2_N007,ASHLAN_2_N007,ASHLAN_2_N007,RTPD,MCE,LMP_ENE_PRC,ASHLAN_2_N007,ALL,1,103.09059,2,3
2022-09-01T12:15:00-00:00,2022-09-01T12:30:00-00:00,2022-09-01,06,ASHLAN_2_N007,ASHLAN_2_N007,ASHLAN_2_N007,RTPD,MCE,LMP_ENE_PRC,ASHLAN_2_N007,ALL,1,109.32203,2,3
2022-09-01T13:15:00-00:00,2022-09-01T13:30:00-00:00,2022-09-01,07,ASHLAN_2_N007,ASHLAN_2_N007,ASHLAN_2_N007,RTPD,MCE,LMP_ENE_PRC,ASHLAN_2_N007,ALL,1,110.97827,2,3
2022-09-01T14:15:00-00:00,2022-09-01T14:30:00-00:00,2022-09-01,08,ASHLAN_2_N007,ASHLAN_2_N007,ASHLAN_2_N007,RTPD,MCE,LMP_ENE_PRC,ASHLAN_2_N007,ALL,1,104.78743,2,3
2022-09-01T15:15:00-00:00,2022-09-01T15:30:00-00:00,2022-09-01,09,ASHLAN_2_N007,ASHLAN_2_N007,ASHLAN_2_N007,RTPD,MCE,LMP_ENE_PRC,ASHLAN_2_N007,ALL,1,86.9388,2,3
2022-09-01T16:15:00-00:00,2022-09-01T16:30:00-00:00,2022-09-01,10,ASHLAN_2_N007,ASHLAN_2_N007,ASHLAN_2_N007,RTPD,MCE,LMP_ENE_PRC,ASHLAN_2_N007,ALL,1,89.44858,2,3
2022-09-01T17:15:00-00:00,2022-09-01T17:30:00-00:00,2022-09-01,11,ASHLAN_2_N007,ASHLAN_2_N007,ASHLAN_2_N007,RTPD,MCE,LMP_ENE_PRC,ASHLAN_2_N007,ALL,1,99.34673,2,3
2022-09-01T18:15:00-00:00,2022-09-01T18:30:00-00:00,2022-09-01,12,ASHLAN_2_N007,ASHLAN_2_N007,ASHLAN_2_N007,RTPD,MCE,LMP_ENE_PRC,ASHLAN_2_N007,ALL,1,101.15901,2,3
2022-09-01T19:15:00-00:00,2022-09-01T19:30:00-00:00,2022-09-01,13,ASHLAN_2_N007,ASHLAN_2_N007,ASHLAN_2_N007,RTPD,MCE,LMP_ENE_PRC,ASHLAN_2_N007,ALL,1,105.30588,2,3
2022-09-01T20:15:00-00:00,2022-09-01T20:30:00-00:00,2022-09-01,14,ASHLAN_2_N007,ASHLAN_2_N007,ASHLAN_2_N007,RTPD,MCE,LMP_ENE_PRC,ASHLAN_2_N007,ALL,1,117.49421,2,3
2022-09-01T21:15:00-00:00,2022-09-01T21:30:00-00:00,2022-09-01,15,ASHLAN_2_N007,ASHLAN_2_N007,ASHLAN_2_N007,RTPD,MCE,LMP_ENE_PRC,ASHLAN_2_N007,ALL,1,147.21185,2,3
2022-09-01T22:15:00-00:00,2022-09-01T22:30:00-00:00,2022-09-01,16,ASHLAN_2_N007,ASHLAN_2_N007,ASHLAN_2_N007,RTPD,MCE,LMP_ENE_PRC,ASHLAN_2_N007,ALL,1,256.58734,2,3
2022-09-01T23:15:00-00:00,2022-09-01T23:30:00-00:00,2022-09-01,17,ASHLAN_2_N007,ASHLAN_2_N007,ASHLAN_2_N007,RTPD,MCE,LMP_ENE_PRC,ASHLAN_2_N007,ALL,1,362.12408,2,3
2022-09-02T00:15:00-00:00,2022-09-02T00:30:00-00:00,2022-09-01,18,ASHLAN_2_N007,ASHLAN_2_N007,ASHLAN_2_N007,RTPD,MCE,LMP_ENE_PRC,ASHLAN_2_N007,ALL,1,691.2182,2,3
2022-09-02T01:15:00-00:00,2022-09-02T01:30:00-00:00,2022-09-01,19,ASHLAN_2_N007,ASHLAN_2_N007,ASHLAN_2_N007,RTPD,MCE,LMP_ENE_PRC,ASHLAN_2_N007,ALL,1,1999.9933,2,3
2022-09-02T02:15:00-00:00,2022-09-02T02:30:00-00:00,2022-09-01,20,ASHLAN_2_N007,ASHLAN_2_N007,ASHLAN_2_N007,RTPD,MCE,LMP_ENE_PRC,ASHLAN_2_N007,ALL,1,1991.6721,2,3
2022-09-02T03:15:00-00:00,2022-09-02T03:30:00-00:00,2022-09-01,21,ASHLAN_2_N007,ASHLAN_2_N007,ASHLAN_2_N007,RTPD,MCE,LMP_ENE_PRC,ASHLAN_2_N007,ALL,1,400.52884,2,3
2022-09-02T04:15:00-00:00,2022-09-02T04:30:00-00:00,2022-09-01,22,ASHLAN_2_N007,ASHLAN_2_N007,ASHLAN_2_N007,RTPD,MCE,LMP_ENE_PRC,ASHLAN_2_N007,ALL,1,224.75041,2,3
2022-09-02T05:15:00-00:00,2022-09-02T05:30:00-00:00,2022-09-01,23,ASHLAN_2_N007,ASHLAN_2_N007,ASHLAN_2_N007,RTPD,MCE,LMP_ENE_PRC,ASHLAN_2_N007,ALL,1,157.11986,2,3
2022-09-02T06:15:00-00:00,2022-09-02T06:30:00-00:00,2022-09-01,24,ASHLAN_2_N007,ASHLAN_2_N007,ASHLAN_2_N007,RTPD,MCE,LMP_ENE_PRC,ASHLAN_2_N007,ALL,1,143.1005,2,3
2022-09-01T07:30:00-00:00,2022-09-01T07:45:00-00:00,2022-09-01,01,ASHLAN_2_N007,ASHLAN_2_N007,ASHLAN_2_N007,RTPD,MCE,LMP_ENE_PRC,ASHLAN_2_N007,ALL,1,119.03196,3,3
2022-09-01T08:30:00-00:00,2022-09-01T08:45:00-00:00,2022-09-01,02,ASHLAN_2_N007,ASHLAN_2_N007,ASHLAN_2_N007,RTPD,MCE,LMP_ENE_PRC,ASHLAN_2_N007,ALL,1,111.11241,3,3
2022-09-01T09:30:00-00:00,2022-09-01T09:45:00-00:00,2022-09-01,03,ASHLAN_2_N007,ASHLAN_2_N007,ASHLAN_2_N007,RTPD,MCE,LMP_ENE_PRC,ASHLAN_2_N007,ALL,1,98.16228,3,3
2022-09-01T10:30:00-00:00,2022-09-01T10:45:00-00:00,2022-09-01,04,ASHLAN_2_N007,ASHLAN_2_N007,ASHLAN_2_N007,RTPD,MCE,LMP_ENE_PRC,ASHLAN_2_N007,ALL,1,96.36226,3,3
2022-09-01T11:30:00-00:00,2022-09-01T11:45:00-00:00,2022-09-01,05,ASHLAN_2_N007,ASHLAN_2_N007,ASHLAN_2_N007,RTPD,MCE,LMP_ENE_PRC,ASHLAN_2_N007,ALL,1,103.06198,3,3
2022-09-01T12:30:00-00:00,2022-09-01T12:45:00-00:00,2022-09-01,06,ASHLAN_2_N007,ASHLAN_2_N007,ASHLAN_2_N007,RTPD,MCE,LMP_ENE_PRC,ASHLAN_2_N007,ALL,1,113.57403,3,3
2022-09-01T13:30:00-00:00,2022-09-01T13:45:00-00:00,2022-09-01,07,ASHLAN_2_N007,ASHLAN_2_N007,ASHLAN_2_N007,RTPD,MCE,LMP_ENE_PRC,ASHLAN_2_N007,ALL,1,111.52025,3,3
2022-09-01T14:30:00-00:00,2022-09-01T14:45:00-00:00,2022-09-01,08,ASHLAN_2_N007,ASHLAN_2_N007,ASHLAN_2_N007,RTPD,MCE,LMP_ENE_PRC,ASHLAN_2_N007,ALL,1,101.83428,3,3
2022-09-01T15:30:00-00:00,2022-09-01T15:45:00-00:00,2022-09-01,09,ASHLAN_2_N007,ASHLAN_2_N007,ASHLAN_2_N007,RTPD,MCE,LMP_ENE_PRC,ASHLAN_2_N007,ALL,1,86.1388,3,3
2022-09-01T16:30:00-00:00,2022-09-01T16:45:00-00:00,2022-09-01,10,ASHLAN_2_N007,ASHLAN_2_N007,ASHLAN_2_N007,RTPD,MCE,LMP_ENE_PRC,ASHLAN_2_N007,ALL,1,88.79644,3,3
2022-09-01T17:30:00-00:00,2022-09-01T17:45:00-00:00,2022-09-01,11,ASHLAN_2_N007,ASHLAN_2_N007,ASHLAN_2_N007,RTPD,MCE,LMP_ENE_PRC,ASHLAN_2_N007,ALL,1,99.13013,3,3
2022-09-01T18:30:00-00:00,2022-09-01T18:45:00-00:00,2022-09-01,12,ASHLAN_2_N007,ASHLAN_2_N007,ASHLAN_2_N007,RTPD,MCE,LMP_ENE_PRC,ASHLAN_2_N007,ALL,1,107.05718,3,3
2022-09-01T19:30:00-00:00,2022-09-01T19:45:00-00:00,2022-09-01,13,ASHLAN_2_N007,ASHLAN_2_N007,ASHLAN_2_N007,RTPD,MCE,LMP_ENE_PRC,ASHLAN_2_N007,ALL,1,114.05905,3,3
2022-09-01T20:30:00-00:00,2022-09-01T20:45:00-00:00,2022-09-01,14,ASHLAN_2_N007,ASHLAN_2_N007,ASHLAN_2_N007,RTPD,MCE,LMP_ENE_PRC,ASHLAN_2_N007,ALL,1,129.81606,3,3
2022-09-01T21:30:00-00:00,2022-09-01T21:45:00-00:00,2022-09-01,15,ASHLAN_2_N007,ASHLAN_2_N007,ASHLAN_2_N007,RTPD,MCE,LMP_ENE_PRC,ASHLAN_2_N007,ALL,1,152.93057,3,3
2022-09-01T22:30:00-00:00,2022-09-01T22:45:00-00:00,2022-09-01,16,ASHLAN_2_N007,ASHLAN_2_N007,ASHLAN_2_N007,RTPD,MCE,LMP_ENE_PRC,ASHLAN_2_N007,ALL,1,283.18182,3,3
2022-09-01T23:30:00-00:00,2022-09-01T23:45:00-00:00,2022-09-01,17,ASHLAN_2_N007,ASHLAN_2_N007,ASHLAN_2_N007,RTPD,MCE,LMP_ENE_PRC,ASHLAN_2_N007,ALL,1,566.48157,3,3
2022-09-02T00:30:00-00:00,2022-09-02T00:45:00-00:00,2022-09-01,18,ASHLAN_2_N007,ASHLAN_2_N007,ASHLAN_2_N007,RTPD,MCE,LMP_ENE_PRC,ASHLAN_2_N007,ALL,1,1329.1127,3,3
2022-09-02T01:30:00-00:00,2022-09-02T01:45:00-00:00,2022-09-01,19,ASHLAN_2_N007,ASHLAN_2_N007,ASHLAN_2_N007,RTPD,MCE,LMP_ENE_PRC,ASHLAN_2_N007,ALL,1,1999.9956,3,3
2022-09-02T02:30:00-00:00,2022-09-02T02:45:00-00:00,2022-09-01,20,ASHLAN_2_N007,ASHLAN_2_N007,ASHLAN_2_N007,RTPD,MCE,LMP_ENE_PRC,ASHLAN_2_N007,ALL,1,1991.671,3,3
2022-09-02T03:30:00-00:00,2022-09-02T03:45:00-00:00,2022-09-01,21,ASHLAN_2_N007,ASHLAN_2_N007,ASHLAN_2_N007,RTPD,MCE,LMP_ENE_PRC,ASHLAN_2_N007,ALL,1,186.61823,3,3
2022-09-02T04:30:00-00:00,2022-09-02T04:45:00-00:00,2022-09-01,22,ASHLAN_2_N007,ASHLAN_2_N007,ASHLAN_2_N007,RTPD,MCE,LMP_ENE_PRC,ASHLAN_2_N007,ALL,1,180.67824,3,3
2022-09-02T05:30:00-00:00,2022-09-02T05:45:00-00:00,2022-09-01,23,ASHLAN_2_N007,ASHLAN_2_N007,ASHLAN_2_N007,RTPD,MCE,LMP_ENE_PRC,ASHLAN_2_N007,ALL,1,131.69917,3,3
2022-09-02T06:30:00-00:00,2022-09-02T06:45:00-00:00,2022-09-01,24,ASHLAN_2_N007,ASHLAN_2_N007,ASHLAN_2_N007,RTPD,MCE,LMP_ENE_PRC,ASHLAN_2_N007,ALL,1,128.9871,3,3
2022-09-01T07:45:00-00:00,2022-09-01T08:00:00-00:00,2022-09-01,01,ASHLAN_2_N007,ASHLAN_2_N007,ASHLAN_2_N007,RTPD,MCE,LMP_ENE_PRC,ASHLAN_2_N007,ALL,1,109.12099,4,3
2022-09-01T08:45:00-00:00,2022-09-01T09:00:00-00:00,2022-09-01,02,ASHLAN_2_N007,ASHLAN_2_N007,ASHLAN_2_N007,RTPD,MCE,LMP_ENE_PRC,ASHLAN_2_N007,ALL,1,98.7357,4,3
2022-09-01T09:45:00-00:00,2022-09-01T10:00:00-00:00,2022-09-01,03,ASHLAN_2_N007,ASHLAN_2_N007,ASHLAN_2_N007,RTPD,MCE,LMP_ENE_PRC,ASHLAN_2_N007,ALL,1,97.50475,4,3
2022-09-01T10:45:00-00:00,2022-09-01T11:00:00-00:00,2022-09-01,04,ASHLAN_2_N007,ASHLAN_2_N007,ASHLAN_2_N007,RTPD,MCE,LMP_ENE_PRC,ASHLAN_2_N007,ALL,1,94.71966,4,3
2022-09-01T11:45:00-00:00,2022-09-01T12:00:00-00:00,2022-09-01,05,ASHLAN_2_N007,ASHLAN_2_N007,ASHLAN_2_N007,RTPD,MCE,LMP_ENE_PRC,ASHLAN_2_N007,ALL,1,107.01,4,3
2022-09-01T12:45:00-00:00,2022-09-01T13:00:00-00:00,2022-09-01,06,ASHLAN_2_N007,ASHLAN_2_N007,ASHLAN_2_N007,RTPD,MCE,LMP_ENE_PRC,ASHLAN_2_N007,ALL,1,116.4848,4,3
2022-09-01T13:45:00-00:00,2022-09-01T14:00:00-00:00,2022-09-01,07,ASHLAN_2_N007,ASHLAN_2_N007,ASHLAN_2_N007,RTPD,MCE,LMP_ENE_PRC,ASHLAN_2_N007,ALL,1,111.41,4,3
2022-09-01T14:45:00-00:00,2022-09-01T15:00:00-00:00,2022-09-01,08,ASHLAN_2_N007,ASHLAN_2_N007,ASHLAN_2_N007,RTPD,MCE,LMP_ENE_PRC,ASHLAN_2_N007,ALL,1,86.1388,4,3
2022-09-01T15:45:00-00:00,2022-09-01T16:00:00-00:00,2022-09-01,09,ASHLAN_2_N007,ASHLAN_2_N007,ASHLAN_2_N007,RTPD,MCE,LMP_ENE_PRC,ASHLAN_2_N007,ALL,1,78.70076,4,3
2022-09-01T16:45:00-00:00,2022-09-01T17:00:00-00:00,2022-09-01,10,ASHLAN_2_N007,ASHLAN_2_N007,ASHLAN_2_N007,RTPD,MCE,LMP_ENE_PRC,ASHLAN_2_N007,ALL,1,91.24933,4,3
2022-09-01T17:45:00-00:00,2022-09-01T18:00:00-00:00,2022-09-01,11,ASHLAN_2_N007,ASHLAN_2_N007,ASHLAN_2_N007,RTPD,MCE,LMP_ENE_PRC,ASHLAN_2_N007,ALL,1,99.20544,4,3
2022-09-01T18:45:00-00:00,2022-09-01T19:00:00-00:00,2022-09-01,12,ASHLAN_2_N007,ASHLAN_2_N007,ASHLAN_2_N007,RTPD,MCE,LMP_ENE_PRC,ASHLAN_2_N007,ALL,1,109.04064,4,3
2022-09-01T19:45:00-00:00,2022-09-01T20:00:00-00:00,2022-09-01,13,ASHLAN_2_N007,ASHLAN_2_N007,ASHLAN_2_N007,RTPD,MCE,LMP_ENE_PRC,ASHLAN_2_N007,ALL,1,120.22491,4,3
2022-09-01T20:45:00-00:00,2022-09-01T21:00:00-00:00,2022-09-01,14,ASHLAN_2_N007,ASHLAN_2_N007,ASHLAN_2_N007,RTPD,MCE,LMP_ENE_PRC,ASHLAN_2_N007,ALL,1,154.02509,4,3
2022-09-01T21:45:00-00:00,2022-09-01T22:00:00-00:00,2022-09-01,15,ASHLAN_2_N007,ASHLAN_2_N007,ASHLAN_2_N007,RTPD,MCE,LMP_ENE_PRC,ASHLAN_2_N007,ALL,1,300.29376,4,3
2022-09-01T22:45:00-00:00,2022-09-01T23:00:00-00:00,2022-09-01,16,ASHLAN_2_N007,ASHLAN_2_N007,ASHLAN_2_N007,RTPD,MCE,LMP_ENE_PRC,ASHLAN_2_N007,ALL,1,429.9137,4,3
2022-09-01T23:45:00-00:00,2022-09-02T00:00:00-00:00,2022-09-01,17,ASHLAN_2_N007,ASHLAN_2_N007,ASHLAN_2_N007,RTPD,MCE,LMP_ENE_PRC,ASHLAN_2_N007,ALL,1,1261.2124,4,3
2022-09-02T00:45:00-00:00,2022-09-02T01:00:00-00:00,2022-09-01,18,ASHLAN_2_N007,ASHLAN_2_N007,ASHLAN_2_N007,RTPD,MCE,LMP_ENE_PRC,ASHLAN_2_N007,ALL,1,1519.149,4,3
2022-09-02T01:45:00-00:00,2022-09-02T02:00:00-00:00,2022-09-01,19,ASHLAN_2_N007,ASHLAN_2_N007,ASHLAN_2_N007,RTPD,MCE,LMP_ENE_PRC,ASHLAN_2_N007,ALL,1,1991.9337,4,3
2022-09-02T02:45:00-00:00,2022-09-02T03:00:00-00:00,2022-09-01,20,ASHLAN_2_N007,ASHLAN_2_N007,ASHLAN_2_N007,RTPD,MCE,LMP_ENE_PRC,ASHLAN_2_N007,ALL,1,1629.6213,4,3
2022-09-02T03:45:00-00:00,2022-09-02T04:00:00-00:00,2022-09-01,21,ASHLAN_2_N007,ASHLAN_2_N007,ASHLAN_2_N007,RTPD,MCE,LMP_ENE_PRC,ASHLAN_2_N007,ALL,1,141.13702,4,3
2022-09-02T04:45:00-00:00,2022-09-02T05:00:00-00:00,2022-09-01,22,ASHLAN_2_N007,ASHLAN_2_N007,ASHLAN_2_N007,RTPD,MCE,LMP_ENE_PRC,ASHLAN_2_N007,ALL,1,126.76372,4,3
2022-09-02T05:45:00-00:00,2022-09-02T06:00:00-00:00,2022-09-01,23,ASHLAN_2_N007,ASHLAN_2_N007,ASHLAN_2_N007,RTPD,MCE,LMP_ENE_PRC,ASHLAN_2_N007,ALL,1,119.00958,4,3
2022-09-02T06:45:00-00:00,2022-09-02T07:00:00-00:00,2022-09-01,24,ASHLAN_2_N007,ASHLAN_2_N007,ASHLAN_2_N007,RTPD,MCE,LMP_ENE_PRC,ASHLAN_2_N007,ALL,1,109.20324,4,3
2022-09-01T07:00:00-00:00,2022-09-01T07:15:00-00:00,2022-09-01,01,ASHLAN_2_N007,ASHLAN_2_N007,ASHLAN_2_N007,RTPD,MCL,LMP_LOSS_PRC,ASHLAN_2_N007,ALL,1,0.45863,1,4
2022-09-01T08:00:00-00:00,2022-09-01T08:15:00-00:00,2022-09-01,02,ASHLAN_2_N007,ASHLAN_2_N007,ASHLAN_2_N007,RTPD,MCL,LMP_LOSS_PRC,ASHLAN_2_N007,ALL,1,0,1,4
2022-09-01T09:00:00-00:00,2022-09-01T09:15:00-00:00,2022-09-01,03,ASHLAN_2_N007,ASHLAN_2_N007,ASHLAN_2_N007,RTPD,MCL,LMP_LOSS_PRC,ASHLAN_2_N007,ALL,1,9.89328,1,4
2022-09-01T10:00:00-00:00,2022-09-01T10:15:00-00:00,2022-09-01,04,ASHLAN_2_N007,ASHLAN_2_N007,ASHLAN_2_N007,RTPD,MCL,LMP_LOSS_PRC,ASHLAN_2_N007,ALL,1,9.41047,1,4
2022-09-01T11:00:00-00:00,2022-09-01T11:15:00-00:00,2022-09-01,05,ASHLAN_2_N007,ASHLAN_2_N007,ASHLAN_2_N007,RTPD,MCL,LMP_LOSS_PRC,ASHLAN_2_N007,ALL,1,10.62611,1,4
2022-09-01T12:00:00-00:00,2022-09-01T12:15:00-00:00,2022-09-01,06,ASHLAN_2_N007,ASHLAN_2_N007,ASHLAN_2_N007,RTPD,MCL,LMP_LOSS_PRC,ASHLAN_2_N007,ALL,1,9.54548,1,4
2022-09-01T13:00:00-00:00,2022-09-01T13:15:00-00:00,2022-09-01,07,ASHLAN_2_N007,ASHLAN_2_N007,ASHLAN_2_N007,RTPD,MCL,LMP_LOSS_PRC,ASHLAN_2_N007,ALL,1,0,1,4
2022-09-01T14:00:00-00:00,2022-09-01T14:15:00-00:00,2022-09-01,08,ASHLAN_2_N007,ASHLAN_2_N007,ASHLAN_2_N007,RTPD,MCL,LMP_LOSS_PRC,ASHLAN_2_N007,ALL,1,8.78897,1,4
2022-09-01T15:00:00-00:00,2022-09-01T15:15:00-00:00,2022-09-01,09,ASHLAN_2_N007,ASHLAN_2_N007,ASHLAN_2_N007,RTPD,MCL,LMP_LOSS_PRC,ASHLAN_2_N007,ALL,1,0,1,4
2022-09-01T16:00:00-00:00,2022-09-01T16:15:00-00:00,2022-09-01,10,ASHLAN_2_N007,ASHLAN_2_N007,ASHLAN_2_N007,RTPD,MCL,LMP_LOSS_PRC,ASHLAN_2_N007,ALL,1,0,1,4
2022-09-01T17:00:00-00:00,2022-09-01T17:15:00-00:00,2022-09-01,11,ASHLAN_2_N007,ASHLAN_2_N007,ASHLAN_2_N007,RTPD,MCL,LMP_LOSS_PRC,ASHLAN_2_N007,ALL,1,0,1,4
2022-09-01T18:00:00-00:00,2022-09-01T18:15:00-00:00,2022-09-01,12,ASHLAN_2_N007,ASHLAN_2_N007,ASHLAN_2_N007,RTPD,MCL,LMP_LOSS_PRC,ASHLAN_2_N007,ALL,1,0,1,4
2022-09-01T19:00:00-00:00,2022-09-01T19:15:00-00:00,2022-09-01,13,ASHLAN_2_N007,ASHLAN_2_N007,ASHLAN_2_N007,RTPD,MCL,LMP_LOSS_PRC,ASHLAN_2_N007,ALL,1,0,1,4
2022-09-01T20:00:00-00:00,2022-09-01T20:15:00-00:00,2022-09-01,14,ASHLAN_2_N007,ASHLAN_2_N007,ASHLAN_2_N007,RTPD,MCL,LMP_LOSS_PRC,ASHLAN_2_N007,ALL,1,0,1,4
2022-09-01T21:00:00-00:00,2022-09-01T21:15:00-00:00,2022-09-01,15,ASHLAN_2_N007,ASHLAN_2_N007,ASHLAN_2_N007,RTPD,MCL,LMP_LOSS_PRC,ASHLAN_2_N007,ALL,1,0,1,4
2022-09-01T22:00:00-00:00,2022-09-01T22:15:00-00:00,2022-09-01,16,ASHLAN_2_N007,ASHLAN_2_N007,ASHLAN_2_N007,RTPD,MCL,LMP_LOSS_PRC,ASHLAN_2_N007,ALL,1,0,1,4
2022-09-01T23:00:00-00:00,2022-09-01T23:15:00-00:00,2022-09-01,17,ASHLAN_2_N007,ASHLAN_2_N007,ASHLAN_2_N007,RTPD,MCL,LMP_LOSS_PRC,ASHLAN_2_N007,ALL,1,0,1,4
2022-09-02T00:00:00-00:00,2022-09-02T00:15:00-00:00,2022-09-01,18,ASHLAN_2_N007,ASHLAN_2_N007,ASHLAN_2_N007,RTPD,MCL,LMP_LOSS_PRC,ASHLAN_2_N007,ALL,1,48.85486,1,4
2022-09-02T01:00:00-00:00,2022-09-02T01:15:00-00:00,2022-09-01,19,ASHLAN_2_N007,ASHLAN_2_N007,ASHLAN_2_N007,RTPD,MCL,LMP_LOSS_PRC,ASHLAN_2_N007,ALL,1,0,1,4
2022-09-02T02:00:00-00:00,2022-09-02T02:15:00-00:00,2022-09-01,20,ASHLAN_2_N007,ASHLAN_2_N007,ASHLAN_2_N007,RTPD,MCL,LMP_LOSS_PRC,ASHLAN_2_N007,ALL,1,0,1,4
2022-09-02T03:00:00-00:00,2022-09-02T03:15:00-00:00,2022-09-01,21,ASHLAN_2_N007,ASHLAN_2_N007,ASHLAN_2_N007,RTPD,MCL,LMP_LOSS_PRC,ASHLAN_2_N007,ALL,1,132.95311,1,4
2022-09-02T04:00:00-00:00,2022-09-02T04:15:00-00:00,2022-09-01,22,ASHLAN_2_N007,ASHLAN_2_N007,ASHLAN_2_N007,RTPD,MCL,LMP_LOSS_PRC,ASHLAN_2_N007,ALL,1,50.40577,1,4
2022-09-02T05:00:00-00:00,2022-09-02T05:15:00-00:00,2022-09-01,23,ASHLAN_2_N007,ASHLAN_2_N007,ASHLAN_2_N007,RTPD,MCL,LMP_LOSS_PRC,ASHLAN_2_N007,ALL,1,18.54455,1,4
2022-09-02T06:00:00-00:00,2022-09-02T06:15:00-00:00,2022-09-01,24,ASHLAN_2_N007,ASHLAN_2_N007,ASHLAN_2_N007,RTPD,MCL,LMP_LOSS_PRC,ASHLAN_2_N007,ALL,1,12.9,1,4
2022-09-01T07:15:00-00:00,2022-09-01T07:30:00-00:00,2022-09-01,01,ASHLAN_2_N007,ASHLAN_2_N007,ASHLAN_2_N007,RTPD,MCL,LMP_LOSS_PRC,ASHLAN_2_N007,ALL,1,0,2,4
2022-09-01T08:15:00-00:00,2022-09-01T08:30:00-00:00,2022-09-01,02,ASHLAN_2_N007,ASHLAN_2_N007,ASHLAN_2_N007,RTPD,MCL,LMP_LOSS_PRC,ASHLAN_2_N007,ALL,1,0,2,4
2022-09-01T09:15:00-00:00,2022-09-01T09:30:00-00:00,2022-09-01,03,ASHLAN_2_N007,ASHLAN_2_N007,ASHLAN_2_N007,RTPD,MCL,LMP_LOSS_PRC,ASHLAN_2_N007,ALL,1,9.44715,2,4
2022-09-01T10:15:00-00:00,2022-09-01T10:30:00-00:00,2022-09-01,04,ASHLAN_2_N007,ASHLAN_2_N007,ASHLAN_2_N007,RTPD,MCL,LMP_LOSS_PRC,ASHLAN_2_N007,ALL,1,9.47757,2,4
2022-09-01T11:15:00-00:00,2022-09-01T11:30:00-00:00,2022-09-01,05,ASHLAN_2_N007,ASHLAN_2_N007,ASHLAN_2_N007,RTPD,MCL,LMP_LOSS_PRC,ASHLAN_2_N007,ALL,1,10.61833,2,4
2022-09-01T12:15:00-00:00,2022-09-01T12:30:00-00:00,2022-09-01,06,ASHLAN_2_N007,ASHLAN_2_N007,ASHLAN_2_N007,RTPD,MCL,LMP_LOSS_PRC,ASHLAN_2_N007,ALL,1,11.52254,2,4
2022-09-01T13:15:00-00:00,2022-09-01T13:30:00-00:00,2022-09-01,07,ASHLAN_2_N007,ASHLAN_2_N007,ASHLAN_2_N007,RTPD,MCL,LMP_LOSS_PRC,ASHLAN_2_N007,ALL,1,8.85607,2,4
2022-09-01T14:15:00-00:00,2022-09-01T14:30:00-00:00,2022-09-01,08,ASHLAN_2_N007,ASHLAN_2_N007,ASHLAN_2_N007,RTPD,MCL,LMP_LOSS_PRC,ASHLAN_2_N007,ALL,1,7.13602,2,4
2022-09-01T15:15:00-00:00,2022-09-01T15:30:00-00:00,2022-09-01,09,ASHLAN_2_N007,ASHLAN_2_N007,ASHLAN_2_N007,RTPD,MCL,LMP_LOSS_PRC,ASHLAN_2_N007,ALL,1,0,2,4
2022-09-01T16:15:00-00:00,2022-09-01T16:30:00-00:00,2022-09-01,10,ASHLAN_2_N007,ASHLAN_2_N007,ASHLAN_2_N007,RTPD,MCL,LMP_LOSS_PRC,ASHLAN_2_N007,ALL,1,0,2,4
2022-09-01T17:15:00-00:00,2022-09-01T17:30:00-00:00,2022-09-01,11,ASHLAN_2_N007,ASHLAN_2_N007,ASHLAN_2_N007,RTPD,MCL,LMP_LOSS_PRC,ASHLAN_2_N007,ALL,1,0,2,4
2022-09-01T18:15:00-00:00,2022-09-01T18:30:00-00:00,2022-09-01,12,ASHLAN_2_N007,ASHLAN_2_N007,ASHLAN_2_N007,RTPD,MCL,LMP_LOSS_PRC,ASHLAN_2_N007,ALL,1,0,2,4
2022-09-01T19:15:00-00:00,2022-09-01T19:30:00-00:00,2022-09-01,13,ASHLAN_2_N007,ASHLAN_2_N007,ASHLAN_2_N007,RTPD,MCL,LMP_LOSS_PRC,ASHLAN_2_N007,ALL,1,0,2,4
2022-09-01T20:15:00-00:00,2022-09-01T20:30:00-00:00,2022-09-01,14,ASHLAN_2_N007,ASHLAN_2_N007,ASHLAN_2_N007,RTPD,MCL,LMP_LOSS_PRC,ASHLAN_2_N007,ALL,1,0,2,4
2022-09-01T21:15:00-00:00,2022-09-01T21:30:00-00:00,2022-09-01,15,ASHLAN_2_N007,ASHLAN_2_N007,ASHLAN_2_N007,RTPD,MCL,LMP_LOSS_PRC,ASHLAN_2_N007,ALL,1,0,2,4
2022-09-01T22:15:00-00:00,2022-09-01T22:30:00-00:00,2022-09-01,16,ASHLAN_2_N007,ASHLAN_2_N007,ASHLAN_2_N007,RTPD,MCL,LMP_LOSS_PRC,ASHLAN_2_N007,ALL,1,0,2,4
2022-09-01T23:15:00-00:00,2022-09-01T23:30:00-00:00,2022-09-01,17,ASHLAN_2_N007,ASHLAN_2_N007,ASHLAN_2_N007,RTPD,MCL,LMP_LOSS_PRC,ASHLAN_2_N007,ALL,1,0,2,4
2022-09-02T00:15:00-00:00,2022-09-02T00:30:00-00:00,2022-09-01,18,ASHLAN_2_N007,ASHLAN_2_N007,ASHLAN_2_N007,RTPD,MCL,LMP_LOSS_PRC,ASHLAN_2_N007,ALL,1,45.20567,2,4
2022-09-02T01:15:00-00:00,2022-09-02T01:30:00-00:00,2022-09-01,19,ASHLAN_2_N007,ASHLAN_2_N007,ASHLAN_2_N007,RTPD,MCL,LMP_LOSS_PRC,ASHLAN_2_N007,ALL,1,0,2,4
2022-09-02T02:15:00-00:00,2022-09-02T02:30:00-00:00,2022-09-01,20,ASHLAN_2_N007,ASHLAN_2_N007,ASHLAN_2_N007,RTPD,MCL,LMP_LOSS_PRC,ASHLAN_2_N007,ALL,1,0,2,4
2022-09-02T03:15:00-00:00,2022-09-02T03:30:00-00:00,2022-09-01,21,ASHLAN_2_N007,ASHLAN_2_N007,ASHLAN_2_N007,RTPD,MCL,LMP_LOSS_PRC,ASHLAN_2_N007,ALL,1,55.79367,2,4
2022-09-02T04:15:00-00:00,2022-09-02T04:30:00-00:00,2022-09-01,22,ASHLAN_2_N007,ASHLAN_2_N007,ASHLAN_2_N007,RTPD,MCL,LMP_LOSS_PRC,ASHLAN_2_N007,ALL,1,42.6801,2,4
2022-09-02T05:15:00-00:00,2022-09-02T05:30:00-00:00,2022-09-01,23,ASHLAN_2_N007,ASHLAN_2_N007,ASHLAN_2_N007,RTPD,MCL,LMP_LOSS_PRC,ASHLAN_2_N007,ALL,1,18.0845,2,4
2022-09-02T06:15:00-00:00,2022-09-02T06:30:00-00:00,2022-09-01,24,ASHLAN_2_N007,ASHLAN_2_N007,ASHLAN_2_N007,RTPD,MCL,LMP_LOSS_PRC,ASHLAN_2_N007,ALL,1,11.03305,2,4
2022-09-01T07:30:00-00:00,2022-09-01T07:45:00-00:00,2022-09-01,01,ASHLAN_2_N007,ASHLAN_2_N007,ASHLAN_2_N007,RTPD,MCL,LMP_LOSS_PRC,ASHLAN_2_N007,ALL,1,0,3,4
2022-09-01T08:30:00-00:00,2022-09-01T08:45:00-00:00,2022-09-01,02,ASHLAN_2_N007,ASHLAN_2_N007,ASHLAN_2_N007,RTPD,MCL,LMP_LOSS_PRC,ASHLAN_2_N007,ALL,1,10.10012,3,4
2022-09-01T09:30:00-00:00,2022-09-01T09:45:00-00:00,2022-09-01,03,ASHLAN_2_N007,ASHLAN_2_N007,ASHLAN_2_N007,RTPD,MCL,LMP_LOSS_PRC,ASHLAN_2_N007,ALL,1,9.27634,3,4
2022-09-01T10:30:00-00:00,2022-09-01T10:45:00-00:00,2022-09-01,04,ASHLAN_2_N007,ASHLAN_2_N007,ASHLAN_2_N007,RTPD,MCL,LMP_LOSS_PRC,ASHLAN_2_N007,ALL,1,9.2315,3,4
2022-09-01T11:30:00-00:00,2022-09-01T11:45:00-00:00,2022-09-01,05,ASHLAN_2_N007,ASHLAN_2_N007,ASHLAN_2_N007,RTPD,MCL,LMP_LOSS_PRC,ASHLAN_2_N007,ALL,1,10.79059,3,4
2022-09-01T12:30:00-00:00,2022-09-01T12:45:00-00:00,2022-09-01,06,ASHLAN_2_N007,ASHLAN_2_N007,ASHLAN_2_N007,RTPD,MCL,LMP_LOSS_PRC,ASHLAN_2_N007,ALL,1,10.91446,3,4
2022-09-01T13:30:00-00:00,2022-09-01T13:45:00-00:00,2022-09-01,07,ASHLAN_2_N007,ASHLAN_2_N007,ASHLAN_2_N007,RTPD,MCL,LMP_LOSS_PRC,ASHLAN_2_N007,ALL,1,8.98853,3,4
2022-09-01T14:30:00-00:00,2022-09-01T14:45:00-00:00,2022-09-01,08,ASHLAN_2_N007,ASHLAN_2_N007,ASHLAN_2_N007,RTPD,MCL,LMP_LOSS_PRC,ASHLAN_2_N007,ALL,1,6.39519,3,4
2022-09-01T15:30:00-00:00,2022-09-01T15:45:00-00:00,2022-09-01,09,ASHLAN_2_N007,ASHLAN_2_N007,ASHLAN_2_N007,RTPD,MCL,LMP_LOSS_PRC,ASHLAN_2_N007,ALL,1,0,3,4
2022-09-01T16:30:00-00:00,2022-09-01T16:45:00-00:00,2022-09-01,10,ASHLAN_2_N007,ASHLAN_2_N007,ASHLAN_2_N007,RTPD,MCL,LMP_LOSS_PRC,ASHLAN_2_N007,ALL,1,0,3,4
2022-09-01T17:30:00-00:00,2022-09-01T17:45:00-00:00,2022-09-01,11,ASHLAN_2_N007,ASHLAN_2_N007,ASHLAN_2_N007,RTPD,MCL,LMP_LOSS_PRC,ASHLAN_2_N007,ALL,1,0,3,4
2022-09-01T18:30:00-00:00,2022-09-01T18:45:00-00:00,2022-09-01,12,ASHLAN_2_N007,ASHLAN_2_N007,ASHLAN_2_N007,RTPD,MCL,LMP_LOSS_PRC,ASHLAN_2_N007,ALL,1,0,3,4
2022-09-01T19:30:00-00:00,2022-09-01T19:45:00-00:00,2022-09-01,13,ASHLAN_2_N007,ASHLAN_2_N007,ASHLAN_2_N007,RTPD,MCL,LMP_LOSS_PRC,ASHLAN_2_N007,ALL,1,0,3,4
2022-09-01T20:30:00-00:00,2022-09-01T20:45:00-00:00,2022-09-01,14,ASHLAN_2_N007,ASHLAN_2_N007,ASHLAN_2_N007,RTPD,MCL,LMP_LOSS_PRC,ASHLAN_2_N007,ALL,1,0,3,4
2022-09-01T21:30:00-00:00,2022-09-01T21:45:00-00:00,2022-09-01,15,ASHLAN_2_N007,ASHLAN_2_N007,ASHLAN_2_N007,RTPD,MCL,LMP_LOSS_PRC,ASHLAN_2_N007,ALL,1,0,3,4
2022-09-01T22:30:00-00:00,2022-09-01T22:45:00-00:00,2022-09-01,16,ASHLAN_2_N007,ASHLAN_2_N007,ASHLAN_2_N007,RTPD,MCL,LMP_LOSS_PRC,ASHLAN_2_N007,ALL,1,0,3,4
2022-09-01T23:30:00-00:00,2022-09-01T23:45:00-00:00,2022-09-01,17,ASHLAN_2_N007,ASHLAN_2_N007,ASHLAN_2_N007,RTPD,MCL,LMP_LOSS_PRC,ASHLAN_2_N007,ALL,1,0,3,4
2022-09-02T00:30:00-00:00,2022-09-02T00:45:00-00:00,2022-09-01,18,ASHLAN_2_N007,ASHLAN_2_N007,ASHLAN_2_N007,RTPD,MCL,LMP_LOSS_PRC,ASHLAN_2_N007,ALL,1,0,3,4
2022-09-02T01:30:00-00:00,2022-09-02T01:45:00-00:00,2022-09-01,19,ASHLAN_2_N007,ASHLAN_2_N007,ASHLAN_2_N007,RTPD,MCL,LMP_LOSS_PRC,ASHLAN_2_N007,ALL,1,0,3,4
2022-09-02T02:30:00-00:00,2022-09-02T02:45:00-00:00,2022-09-01,20,ASHLAN_2_N007,ASHLAN_2_N007,ASHLAN_2_N007,RTPD,MCL,LMP_LOSS_PRC,ASHLAN_2_N007,ALL,1,0,3,4
2022-09-02T03:30:00-00:00,2022-09-02T03:45:00-00:00,2022-09-01,21,ASHLAN_2_N007,ASHLAN_2_N007,ASHLAN_2_N007,RTPD,MCL,LMP_LOSS_PRC,ASHLAN_2_N007,ALL,1,25.5667,3,4
2022-09-02T04:30:00-00:00,2022-09-02T04:45:00-00:00,2022-09-01,22,ASHLAN_2_N007,ASHLAN_2_N007,ASHLAN_2_N007,RTPD,MCL,LMP_LOSS_PRC,ASHLAN_2_N007,ALL,1,30.67917,3,4
2022-09-02T05:30:00-00:00,2022-09-02T05:45:00-00:00,2022-09-01,23,ASHLAN_2_N007,ASHLAN_2_N007,ASHLAN_2_N007,RTPD,MCL,LMP_LOSS_PRC,ASHLAN_2_N007,ALL,1,15.1454,3,4
2022-09-02T06:30:00-00:00,2022-09-02T06:45:00-00:00,2022-09-01,24,ASHLAN_2_N007,ASHLAN_2_N007,ASHLAN_2_N007,RTPD,MCL,LMP_LOSS_PRC,ASHLAN_2_N007,ALL,1,10.42216,3,4
2022-09-01T07:45:00-00:00,2022-09-01T08:00:00-00:00,2022-09-01,01,ASHLAN_2_N007,ASHLAN_2_N007,ASHLAN_2_N007,RTPD,MCL,LMP_LOSS_PRC,ASHLAN_2_N007,ALL,1,0,4,4
2022-09-01T08:45:00-00:00,2022-09-01T09:00:00-00:00,2022-09-01,02,ASHLAN_2_N007,ASHLAN_2_N007,ASHLAN_2_N007,RTPD,MCL,LMP_LOSS_PRC,ASHLAN_2_N007,ALL,1,8.30367,4,4
2022-09-01T09:45:00-00:00,2022-09-01T10:00:00-00:00,2022-09-01,03,ASHLAN_2_N007,ASHLAN_2_N007,ASHLAN_2_N007,RTPD,MCL,LMP_LOSS_PRC,ASHLAN_2_N007,ALL,1,8.76568,4,4
2022-09-01T10:45:00-00:00,2022-09-01T11:00:00-00:00,2022-09-01,04,ASHLAN_2_N007,ASHLAN_2_N007,ASHLAN_2_N007,RTPD,MCL,LMP_LOSS_PRC,ASHLAN_2_N007,ALL,1,8.65738,4,4
2022-09-01T11:45:00-00:00,2022-09-01T12:00:00-00:00,2022-09-01,05,ASHLAN_2_N007,ASHLAN_2_N007,ASHLAN_2_N007,RTPD,MCL,LMP_LOSS_PRC,ASHLAN_2_N007,ALL,1,0,4,4
2022-09-01T12:45:00-00:00,2022-09-01T13:00:00-00:00,2022-09-01,06,ASHLAN_2_N007,ASHLAN_2_N007,ASHLAN_2_N007,RTPD,MCL,LMP_LOSS_PRC,ASHLAN_2_N007,ALL,1,0,4,4
2022-09-01T13:45:00-00:00,2022-09-01T14:00:00-00:00,2022-09-01,07,ASHLAN_2_N007,ASHLAN_2_N007,ASHLAN_2_N007,RTPD,MCL,LMP_LOSS_PRC,ASHLAN_2_N007,ALL,1,0,4,4
2022-09-01T14:45:00-00:00,2022-09-01T15:00:00-00:00,2022-09-01,08,ASHLAN_2_N007,ASHLAN_2_N007,ASHLAN_2_N007,RTPD,MCL,LMP_LOSS_PRC,ASHLAN_2_N007,ALL,1,0,4,4
2022-09-01T15:45:00-00:00,2022-09-01T16:00:00-00:00,2022-09-01,09,ASHLAN_2_N007,ASHLAN_2_N007,ASHLAN_2_N007,RTPD,MCL,LMP_LOSS_PRC,ASHLAN_2_N007,ALL,1,0,4,4
2022-09-01T16:45:00-00:00,2022-09-01T17:00:00-00:00,2022-09-01,10,ASHLAN_2_N007,ASHLAN_2_N007,ASHLAN_2_N007,RTPD,MCL,LMP_LOSS_PRC,ASHLAN_2_N007,ALL,1,0,4,4
2022-09-01T17:45:00-00:00,2022-09-01T18:00:00-00:00,2022-09-01,11,ASHLAN_2_N007,ASHLAN_2_N007,ASHLAN_2_N007,RTPD,MCL,LMP_LOSS_PRC,ASHLAN_2_N007,ALL,1,0,4,4
2022-09-01T18:45:00-00:00,2022-09-01T19:00:00-00:00,2022-09-01,12,ASHLAN_2_N007,ASHLAN_2_N007,ASHLAN_2_N007,RTPD,MCL,LMP_LOSS_PRC,ASHLAN_2_N007,ALL,1,0,4,4
2022-09-01T19:45:00-00:00,2022-09-01T20:00:00-00:00,2022-09-01,13,ASHLAN_2_N007,ASHLAN_2_N007,ASHLAN_2_N007,RTPD,MCL,LMP_LOSS_PRC,ASHLAN_2_N007,ALL,1,0,4,4
2022-09-01T20:45:00-00:00,2022-09-01T21:00:00-00:00,2022-09-01,14,ASHLAN_2_N007,ASHLAN_2_N007,ASHLAN_2_N007,RTPD,MCL,LMP_LOSS_PRC,ASHLAN_2_N007,ALL,1,0,4,4
2022-09-01T21:45:00-00:00,2022-09-01T22:00:00-00:00,2022-09-01,15,ASHLAN_2_N007,ASHLAN_2_N007,ASHLAN_2_N007,RTPD,MCL,LMP_LOSS_PRC,ASHLAN_2_N007,ALL,1,0,4,4
2022-09-01T22:45:00-00:00,2022-09-01T23:00:00-00:00,2022-09-01,16,ASHLAN_2_N007,ASHLAN_2_N007,ASHLAN_2_N007,RTPD,MCL,LMP_LOSS_PRC,ASHLAN_2_N007,ALL,1,0,4,4
2022-09-01T23:45:00-00:00,2022-09-02T00:00:00-00:00,2022-09-01,17,ASHLAN_2_N007,ASHLAN_2_N007,ASHLAN_2_N007,RTPD,MCL,LMP_LOSS_PRC,ASHLAN_2_N007,ALL,1,0,4,4
2022-09-02T00:45:00-00:00,2022-09-02T01:00:00-00:00,2022-09-01,18,ASHLAN_2_N007,ASHLAN_2_N007,ASHLAN_2_N007,RTPD,MCL,LMP_LOSS_PRC,ASHLAN_2_N007,ALL,1,0,4,4
2022-09-02T01:45:00-00:00,2022-09-02T02:00:00-00:00,2022-09-01,19,ASHLAN_2_N007,ASHLAN_2_N007,ASHLAN_2_N007,RTPD,MCL,LMP_LOSS_PRC,ASHLAN_2_N007,ALL,1,0,4,4
2022-09-02T02:45:00-00:00,2022-09-02T03:00:00-00:00,2022-09-01,20,ASHLAN_2_N007,ASHLAN_2_N007,ASHLAN_2_N007,RTPD,MCL,LMP_LOSS_PRC,ASHLAN_2_N007,ALL,1,219.18407,4,4
2022-09-02T03:45:00-00:00,2022-09-02T04:00:00-00:00,2022-09-01,21,ASHLAN_2_N007,ASHLAN_2_N007,ASHLAN_2_N007,RTPD,MCL,LMP_LOSS_PRC,ASHLAN_2_N007,ALL,1,17.09169,4,4
2022-09-02T04:45:00-00:00,2022-09-02T05:00:00-00:00,2022-09-01,22,ASHLAN_2_N007,ASHLAN_2_N007,ASHLAN_2_N007,RTPD,MCL,LMP_LOSS_PRC,ASHLAN_2_N007,ALL,1,20.86531,4,4
2022-09-02T05:45:00-00:00,2022-09-02T06:00:00-00:00,2022-09-01,23,ASHLAN_2_N007,ASHLAN_2_N007,ASHLAN_2_N007,RTPD,MCL,LMP_LOSS_PRC,ASHLAN_2_N007,ALL,1,11.47252,4,4
2022-09-02T06:45:00-00:00,2022-09-02T07:00:00-00:00,2022-09-01,24,ASHLAN_2_N007,ASHLAN_2_N007,ASHLAN_2_N007,RTPD,MCL,LMP_LOSS_PRC,ASHLAN_2_N007,ALL,1,8.45233,4,4
2022-09-01T07:00:00-00:00,2022-09-01T07:15:00-00:00,2022-09-01,01,ASHLAN_2_N007,ASHLAN_2_N007,ASHLAN_2_N007,RTPD,MGHG,LMP_GHG_PRC,ASHLAN_2_N007,ALL,1,0,1,5
2022-09-01T08:00:00-00:00,2022-09-01T08:15:00-00:00,2022-09-01,02,ASHLAN_2_N007,ASHLAN_2_N007,ASHLAN_2_N007,RTPD,MGHG,LMP_GHG_PRC,ASHLAN_2_N007,ALL,1,0,1,5
2022-09-01T09:00:00-00:00,2022-09-01T09:15:00-00:00,2022-09-01,03,ASHLAN_2_N007,ASHLAN_2_N007,ASHLAN_2_N007,RTPD,MGHG,LMP_GHG_PRC,ASHLAN_2_N007,ALL,1,0,1,5
2022-09-01T10:00:00-00:00,2022-09-01T10:15:00-00:00,2022-09-01,04,ASHLAN_2_N007,ASHLAN_2_N007,ASHLAN_2_N007,RTPD,MGHG,LMP_GHG_PRC,ASHLAN_2_N007,ALL,1,0,1,5
2022-09-01T11:00:00-00:00,2022-09-01T11:15:00-00:00,2022-09-01,05,ASHLAN_2_N007,ASHLAN_2_N007,ASHLAN_2_N007,RTPD,MGHG,LMP_GHG_PRC,ASHLAN_2_N007,ALL,1,0,1,5
2022-09-01T12:00:00-00:00,2022-09-01T12:15:00-00:00,2022-09-01,06,ASHLAN_2_N007,ASHLAN_2_N007,ASHLAN_2_N007,RTPD,MGHG,LMP_GHG_PRC,ASHLAN_2_N007,ALL,1,0,1,5
2022-09-01T13:00:00-00:00,2022-09-01T13:15:00-00:00,2022-09-01,07,ASHLAN_2_N007,ASHLAN_2_N007,ASHLAN_2_N007,RTPD,MGHG,LMP_GHG_PRC,ASHLAN_2_N007,ALL,1,0,1,5
2022-09-01T14:00:00-00:00,2022-09-01T14:15:00-00:00,2022-09-01,08,ASHLAN_2_N007,ASHLAN_2_N007,ASHLAN_2_N007,RTPD,MGHG,LMP_GHG_PRC,ASHLAN_2_N007,ALL,1,0,1,5
2022-09-01T15:00:00-00:00,2022-09-01T15:15:00-00:00,2022-09-01,09,ASHLAN_2_N007,ASHLAN_2_N007,ASHLAN_2_N007,RTPD,MGHG,LMP_GHG_PRC,ASHLAN_2_N007,ALL,1,0,1,5
2022-09-01T16:00:00-00:00,2022-09-01T16:15:00-00:00,2022-09-01,10,ASHLAN_2_N007,ASHLAN_2_N007,ASHLAN_2_N007,RTPD,MGHG,LMP_GHG_PRC,ASHLAN_2_N007,ALL,1,0,1,5
2022-09-01T17:00:00-00:00,2022-09-01T17:15:00-00:00,2022-09-01,11,ASHLAN_2_N007,ASHLAN_2_N007,ASHLAN_2_N007,RTPD,MGHG,LMP_GHG_PRC,ASHLAN_2_N007,ALL,1,0,1,5
2022-09-01T18:00:00-00:00,2022-09-01T18:15:00-00:00,2022-09-01,12,ASHLAN_2_N007,ASHLAN_2_N007,ASHLAN_2_N007,RTPD,MGHG,LMP_GHG_PRC,ASHLAN_2_N007,ALL,1,0,1,5
2022-09-01T19:00:00-00:00,2022-09-01T19:15:00-00:00,2022-09-01,13,ASHLAN_2_N007,ASHLAN_2_N007,ASHLAN_2_N007,RTPD,MGHG,LMP_GHG_PRC,ASHLAN_2_N007,ALL,1,0,1,5
2022-09-01T20:00:00-00:00,2022-09-01T20:15:00-00:00,2022-09-01,14,ASHLAN_2_N007,ASHLAN_2_N007,ASHLAN_2_N007,RTPD,MGHG,LMP_GHG_PRC,ASHLAN_2_N007,ALL,1,0,1,5
2022-09-01T21:00:00-00:00,2022-09-01T21:15:00-00:00,2022-09-01,15,ASHLAN_2_N007,ASHLAN_2_N007,ASHLAN_2_N007,RTPD,MGHG,LMP_GHG_PRC,ASHLAN_2_N007,ALL,1,0,1,5
2022-09-01T22:00:00-00:00,2022-09-01T22:15:00-00:00,2022-09-01,16,ASHLAN_2_N007,ASHLAN_2_N007,ASHLAN_2_N007,RTPD,MGHG,LMP_GHG_PRC,ASHLAN_2_N007,ALL,1,0,1,5
2022-09-01T23:00:00-00:00,2022-09-01T23:15:00-00:00,2022-09-01,17,ASHLAN_2_N007,ASHLAN_2_N007,ASHLAN_2_N007,RTPD,MGHG,LMP_GHG_PRC,ASHLAN_2_N007,ALL,1,0,1,5
2022-09-02T00:00:00-00:00,2022-09-02T00:15:00-00:00,2022-09-01,18,ASHLAN_2_N007,ASHLAN_2_N007,ASHLAN_2_N007,RTPD,MGHG,LMP_GHG_PRC,ASHLAN_2_N007,ALL,1,0,1,5
2022-09-02T01:00:00-00:00,2022-09-02T01:15:00-00:00,2022-09-01,19,ASHLAN_2_N007,ASHLAN_2_N007,ASHLAN_2_N007,RTPD,MGHG,LMP_GHG_PRC,ASHLAN_2_N007,ALL,1,0,1,5
2022-09-02T02:00:00-00:00,2022-09-02T02:15:00-00:00,2022-09-01,20,ASHLAN_2_N007,ASHLAN_2_N007,ASHLAN_2_N007,RTPD,MGHG,LMP_GHG_PRC,ASHLAN_2_N007,ALL,1,0,1,5
2022-09-02T03:00:00-00:00,2022-09-02T03:15:00-00:00,2022-09-01,21,ASHLAN_2_N007,ASHLAN_2_N007,ASHLAN_2_N007,RTPD,MGHG,LMP_GHG_PRC,ASHLAN_2_N007,ALL,1,0,1,5
2022-09-02T04:00:00-00:00,2022-09-02T04:15:00-00:00,2022-09-01,22,ASHLAN_2_N007,ASHLAN_2_N007,ASHLAN_2_N007,RTPD,MGHG,LMP_GHG_PRC,ASHLAN_2_N007,ALL,1,0,1,5
2022-09-02T05:00:00-00:00,2022-09-02T05:15:00-00:00,2022-09-01,23,ASHLAN_2_N007,ASHLAN_2_N007,ASHLAN_2_N007,RTPD,MGHG,LMP_GHG_PRC,ASHLAN_2_N007,ALL,1,0,1,5
2022-09-02T06:00:00-00:00,2022-09-02T06:15:00-00:00,2022-09-01,24,ASHLAN_2_N007,ASHLAN_2_N007,ASHLAN_2_N007,RTPD,MGHG,LMP_GHG_PRC,ASHLAN_2_N007,ALL,1,0,1,5
2022-09-01T07:15:00-00:00,2022-09-01T07:30:00-00:00,2022-09-01,01,ASHLAN_2_N007,ASHLAN_2_N007,ASHLAN_2_N007,RTPD,MGHG,LMP_GHG_PRC,ASHLAN_2_N007,ALL,1,0,2,5
2022-09-01T08:15:00-00:00,2022-09-01T08:30:00-00:00,2022-09-01,02,ASHLAN_2_N007,ASHLAN_2_N007,ASHLAN_2_N007,RTPD,MGHG,LMP_GHG_PRC,ASHLAN_2_N007,ALL,1,0,2,5
2022-09-01T09:15:00-00:00,2022-09-01T09:30:00-00:00,2022-09-01,03,ASHLAN_2_N007,ASHLAN_2_N007,ASHLAN_2_N007,RTPD,MGHG,LMP_GHG_PRC,ASHLAN_2_N007,ALL,1,0,2,5
2022-09-01T10:15:00-00:00,2022-09-01T10:30:00-00:00,2022-09-01,04,ASHLAN_2_N007,ASHLAN_2_N007,ASHLAN_2_N007,RTPD,MGHG,LMP_GHG_PRC,ASHLAN_2_N007,ALL,1,0,2,5
2022-09-01T11:15:00-00:00,2022-09-01T11:30:00-00:00,2022-09-01,05,ASHLAN_2_N007,ASHLAN_2_N007,ASHLAN_2_N007,RTPD,MGHG,LMP_GHG_PRC,ASHLAN_2_N007,ALL,1,0,2,5
2022-09-01T12:15:00-00:00,2022-09-01T12:30:00-00:00,2022-09-01,06,ASHLAN_2_N007,ASHLAN_2_N007,ASHLAN_2_N007,RTPD,MGHG,LMP_GHG_PRC,ASHLAN_2_N007,ALL,1,0,2,5
2022-09-01T13:15:00-00:00,2022-09-01T13:30:00-00:00,2022-09-01,07,ASHLAN_2_N007,ASHLAN_2_N007,ASHLAN_2_N007,RTPD,MGHG,LMP_GHG_PRC,ASHLAN_2_N007,ALL,1,0,2,5
2022-09-01T14:15:00-00:00,2022-09-01T14:30:00-00:00,2022-09-01,08,ASHLAN_2_N007,ASHLAN_2_N007,ASHLAN_2_N007,RTPD,MGHG,LMP_GHG_PRC,ASHLAN_2_N007,ALL,1,0,2,5
2022-09-01T15:15:00-00:00,2022-09-01T15:30:00-00:00,2022-09-01,09,ASHLAN_2_N007,ASHLAN_2_N007,ASHLAN_2_N007,RTPD,MGHG,LMP_GHG_PRC,ASHLAN_2_N007,ALL,1,0,2,5
2022-09-01T16:15:00-00:00,2022-09-01T16:30:00-00:00,2022-09-01,10,ASHLAN_2_N007,ASHLAN_2_N007,ASHLAN_2_N007,RTPD,MGHG,LMP_GHG_PRC,ASHLAN_2_N007,ALL,1,0,2,5
2022-09-01T17:15:00-00:00,2022-09-01T17:30:00-00:00,2022-09-01,11,ASHLAN_2_N007,ASHLAN_2_N007,ASHLAN_2_N007,RTPD,MGHG,LMP_GHG_PRC,ASHLAN_2_N007,ALL,1,0,2,5
2022-09-01T18:15:00-00:00,2022-09-01T18:30:00-00:00,2022-09-01,12,ASHLAN_2_N007,ASHLAN_2_N007,ASHLAN_2_N007,RTPD,MGHG,LMP_GHG_PRC,ASHLAN_2_N007,ALL,1,0,2,5
2022-09-01T19:15:00-00:00,2022-09-01T19:30:00-00:00,2022-09-01,13,ASHLAN_2_N007,ASHLAN_2_N007,ASHLAN_2_N007,RTPD,MGHG,LMP_GHG_PRC,ASHLAN_2_N007,ALL,1,0,2,5
2022-09-01T20:15:00-00:00,2022-09-01T20:30:00-00:00,2022-09-01,14,ASHLAN_2_N007,ASHLAN_2_N007,ASHLAN_2_N007,RTPD,MGHG,LMP_GHG_PRC,ASHLAN_2_N007,ALL,1,0,2,5
2022-09-01T21:15:00-00:00,2022-09-01T21:30:00-00:00,2022-09-01,15,ASHLAN_2_N007,ASHLAN_2_N007,ASHLAN_2_N007,RTPD,MGHG,LMP_GHG_PRC,ASHLAN_2_N007,ALL,1,0,2,5
2022-09-01T22:15:00-00:00,2022-09-01T22:30:00-00:00,2022-09-01,16,ASHLAN_2_N007,ASHLAN_2_N007,ASHLAN_2_N007,RTPD,MGHG,LMP_GHG_PRC,ASHLAN_2_N007,ALL,1,0,2,5
2022-09-01T23:15:00-00:00,2022-09-01T23:30:00-00:00,2022-09-01,17,ASHLAN_2_N007,ASHLAN_2_N007,ASHLAN_2_N007,RTPD,MGHG,LMP_GHG_PRC,ASHLAN_2_N007,ALL,1,0,2,5
2022-09-02T00:15:00-00:00,2022-09-02T00:30:00-00:00,2022-09-01,18,ASHLAN_2_N007,ASHLAN_2_N007,ASHLAN_2_N007,RTPD,MGHG,LMP_GHG_PRC,ASHLAN_2_N007,ALL,1,0,2,5
2022-09-02T01:15:00-00:00,2022-09-02T01:30:00-00:00,2022-09-01,19,ASHLAN_2_N007,ASHLAN_2_N007,ASHLAN_2_N007,RTPD,MGHG,LMP_GHG_PRC,ASHLAN_2_N007,ALL,1,0,2,5
2022-09-02T02:15:00-00:00,2022-09-02T02:30:00-00:00,2022-09-01,20,ASHLAN_2_N007,ASHLAN_2_N007,ASHLAN_2_N007,RTPD,MGHG,LMP_GHG_PRC,ASHLAN_2_N007,ALL,1,0,2,5
2022-09-02T03:15:00-00:00,2022-09-02T03:30:00-00:00,2022-09-01,21,ASHLAN_2_N007,ASHLAN_2_N007,ASHLAN_2_N007,RTPD,MGHG,LMP_GHG_PRC,ASHLAN_2_N007,ALL,1,0,2,5
2022-09-02T04:15:00-00:00,2022-09-02T04:30:00-00:00,2022-09-01,22,ASHLAN_2_N007,ASHLAN_2_N007,ASHLAN_2_N007,RTPD,MGHG,LMP_GHG_PRC,ASHLAN_2_N007,ALL,1,0,2,5
2022-09-02T05:15:00-00:00,2022-09-02T05:30:00-00:00,2022-09-01,23,ASHLAN_2_N007,ASHLAN_2_N007,ASHLAN_2_N007,RTPD,MGHG,LMP_GHG_PRC,ASHLAN_2_N007,ALL,1,0,2,5
2022-09-02T06:15:00-00:00,2022-09-02T06:30:00-00:00,2022-09-01,24,ASHLAN_2_N007,ASHLAN_2_N007,ASHLAN_2_N007,RTPD,MGHG,LMP_GHG_PRC,ASHLAN_2_N007,ALL,1,0,2,5
2022-09-01T07:30:00-00:00,2022-09-01T07:45:00-00:00,2022-09-01,01,ASHLAN_2_N007,ASHLAN_2_N007,ASHLAN_2_N007,RTPD,MGHG,LMP_GHG_PRC,ASHLAN_2_N007,ALL,1,0,3,5
2022-09-01T08:30:00-00:00,2022-09-01T08:45:00-00:00,2022-09-01,02,ASHLAN_2_N007,ASHLAN_2_N007,ASHLAN_2_N007,RTPD,MGHG,LMP_GHG_PRC,ASHLAN_2_N007,ALL,1,0,3,5
2022-09-01T09:30:00-00:00,2022-09-01T09:45:00-00:00,2022-09-01,03,ASHLAN_2_N007,ASHLAN_2_N007,ASHLAN_2_N007,RTPD,MGHG,LMP_GHG_PRC,ASHLAN_2_N007,ALL,1,0,3,5
2022-09-01T10:30:00-00:00,2022-09-01T10:45:00-00:00,2022-09-01,04,ASHLAN_2_N007,ASHLAN_2_N007,ASHLAN_2_N007,RTPD,MGHG,LMP_GHG_PRC,ASHLAN_2_N007,ALL,1,0,3,5
2022-09-01T11:30:00-00:00,2022-09-01T11:45:00-00:00,2022-09-01,05,ASHLAN_2_N007,ASHLAN_2_N007,ASHLAN_2_N007,RTPD,MGHG,LMP_GHG_PRC,ASHLAN_2_N007,ALL,1,0,3,5
2022-09-01T12:30:00-00:00,2022-09-01T12:45:00-00:00,2022-09-01,06,ASHLAN_2_N007,ASHLAN_2_N007,ASHLAN_2_N007,RTPD,MGHG,LMP_GHG_PRC,ASHLAN_2_N007,ALL,1,0,3,5
2022-09-01T13:30:00-00:00,2022-09-01T13:45:00-00:00,2022-09-01,07,ASHLAN_2_N007,ASHLAN_2_N007,ASHLAN_2_N007,RTPD,MGHG,LMP_GHG_PRC,ASHLAN_2_N007,ALL,1,0,3,5
2022-09-01T14:30:00-00:00,2022-09-01T14:45:00-00:00,2022-09-01,08,ASHLAN_2_N007,ASHLAN_2_N007,ASHLAN_2_N007,RTPD,MGHG,LMP_GHG_PRC,ASHLAN_2_N007,ALL,1,0,3,5
2022-09-01T15:30:00-00:00,2022-09-01T15:45:00-00:00,2022-09-01,09,ASHLAN_2_N007,ASHLAN_2_N007,ASHLAN_2_N007,RTPD,MGHG,LMP_GHG_PRC,ASHLAN_2_N007,ALL,1,0,3,5
2022-09-01T16:30:00-00:00,2022-09-01T16:45:00-00:00,2022-09-01,10,ASHLAN_2_N007,ASHLAN_2_N007,ASHLAN_2_N007,RTPD,MGHG,LMP_GHG_PRC,ASHLAN_2_N007,ALL,1,0,3,5
2022-09-01T17:30:00-00:00,2022-09-01T17:45:00-00:00,2022-09-01,11,ASHLAN_2_N007,ASHLAN_2_N007,ASHLAN_2_N007,RTPD,MGHG,LMP_GHG_PRC,ASHLAN_2_N007,ALL,1,0,3,5
2022-09-01T18:30:00-00:00,2022-09-01T18:45:00-00:00,2022-09-01,12,ASHLAN_2_N007,ASHLAN_2_N007,ASHLAN_2_N007,RTPD,MGHG,LMP_GHG_PRC,ASHLAN_2_N007,ALL,1,0,3,5
2022-09-01T19:30:00-00:00,2022-09-01T19:45:00-00:00,2022-09-01,13,ASHLAN_2_N007,ASHLAN_2_N007,ASHLAN_2_N007,RTPD,MGHG,LMP_GHG_PRC,ASHLAN_2_N007,ALL,1,0,3,5
2022-09-01T20:30:00-00:00,2022-09-01T20:45:00-00:00,2022-09-01,14,ASHLAN_2_N007,ASHLAN_2_N007,ASHLAN_2_N007,RTPD,MGHG,LMP_GHG_PRC,ASHLAN_2_N007,ALL,1,0,3,5
2022-09-01T21:30:00-00:00,2022-09-01T21:45:00-00:00,2022-09-01,15,ASHLAN_2_N007,ASHLAN_2_N007,ASHLAN_2_N007,RTPD,MGHG,LMP_GHG_PRC,ASHLAN_2_N007,ALL,1,0,3,5
2022-09-01T22:30:00-00:00,2022-09-01T22:45:00-00:00,2022-09-01,16,ASHLAN_2_N007,ASHLAN_2_N007,ASHLAN_2_N007,RTPD,MGHG,LMP_GHG_PRC,ASHLAN_2_N007,ALL,1,0,3,5
2022-09-01T23:30:00-00:00,2022-09-01T23:45:00-00:00,2022-09-01,17,ASHLAN_2_N007,ASHLAN_2_N007,ASHLAN_2_N007,RTPD,MGHG,LMP_GHG_PRC,ASHLAN_2_N007,ALL,1,0,3,5
2022-09-02T00:30:00-00:00,2022-09-02T00:45:00-00:00,2022-09-01,18,ASHLAN_2_N007,ASHLAN_2_N007,ASHLAN_2_N007,RTPD,MGHG,LMP_GHG_PRC,ASHLAN_2_N007,ALL,1,0,3,5
2022-09-02T01:30:00-00:00,2022-09-02T01:45:00-00:00,2022-09-01,19,ASHLAN_2_N007,ASHLAN_2_N007,ASHLAN_2_N007,RTPD,MGHG,LMP_GHG_PRC,ASHLAN_2_N007,ALL,1,0,3,5
2022-09-02T02:30:00-00:00,2022-09-02T02:45:00-00:00,2022-09-01,20,ASHLAN_2_N007,ASHLAN_2_N007,ASHLAN_2_N007,RTPD,MGHG,LMP_GHG_PRC,ASHLAN_2_N007,ALL,1,0,3,5
2022-09-02T03:30:00-00:00,2022-09-02T03:45:00-00:00,2022-09-01,21,ASHLAN_2_N007,ASHLAN_2_N007,ASHLAN_2_N007,RTPD,MGHG,LMP_GHG_PRC,ASHLAN_2_N007,ALL,1,0,3,5
2022-09-02T04:30:00-00:00,2022-09-02T04:45:00-00:00,2022-09-01,22,ASHLAN_2_N007,ASHLAN_2_N007,ASHLAN_2_N007,RTPD,MGHG,LMP_GHG_PRC,ASHLAN_2_N007,ALL,1,0,3,5
2022-09-02T05:30:00-00:00,2022-09-02T05:45:00-00:00,2022-09-01,23,ASHLAN_2_N007,ASHLAN_2_N007,ASHLAN_2_N007,RTPD,MGHG,LMP_GHG_PRC,ASHLAN_2_N007,ALL,1,0,3,5
2022-09-02T06:30:00-00:00,2022-09-02T06:45:00-00:00,2022-09-01,24,ASHLAN_2_N007,ASHLAN_2_N007,ASHLAN_2_N007,RTPD,MGHG,LMP_GHG_PRC,ASHLAN_2_N007,ALL,1,0,3,5
2022-09-01T07:45:00-00:00,2022-09-01T08:00:00-00:00,2022-09-01,01,ASHLAN_2_N007,ASHLAN_2_N007,ASHLAN_2_N007,RTPD,MGHG,LMP_GHG_PRC,ASHLAN_2_N007,ALL,1,0,4,5
2022-09-01T08:45:00-00:00,2022-09-01T09:00:00-00:00,2022-09-01,02,ASHLAN_2_N007,ASHLAN_2_N007,ASHLAN_2_N007,RTPD,MGHG,LMP_GHG_PRC,ASHLAN_2_N007,ALL,1,0,4,5
2022-09-01T09:45:00-00:00,2022-09-01T10:00:00-00:00,2022-09-01,03,ASHLAN_2_N007,ASHLAN_2_N007,ASHLAN_2_N007,RTPD,MGHG,LMP_GHG_PRC,ASHLAN_2_N007,ALL,1,0,4,5
2022-09-01T10:45:00-00:00,2022-09-01T11:00:00-00:00,2022-09-01,04,ASHLAN_2_N007,ASHLAN_2_N007,ASHLAN_2_N007,RTPD,MGHG,LMP_GHG_PRC,ASHLAN_2_N007,ALL,1,0,4,5
2022-09-01T11:45:00-00:00,2022-09-01T12:00:00-00:00,2022-09-01,05,ASHLAN_2_N007,ASHLAN_2_N007,ASHLAN_2_N007,RTPD,MGHG,LMP_GHG_PRC,ASHLAN_2_N007,ALL,1,0,4,5
2022-09-01T12:45:00-00:00,2022-09-01T13:00:00-00:00,2022-09-01,06,ASHLAN_2_N007,ASHLAN_2_N007,ASHLAN_2_N007,RTPD,MGHG,LMP_GHG_PRC,ASHLAN_2_N007,ALL,1,0,4,5
2022-09-01T13:45:00-00:00,2022-09-01T14:00:00-00:00,2022-09-01,07,ASHLAN_2_N007,ASHLAN_2_N007,ASHLAN_2_N007,RTPD,MGHG,LMP_GHG_PRC,ASHLAN_2_N007,ALL,1,0,4,5
2022-09-01T14:45:00-00:00,2022-09-01T15:00:00-00:00,2022-09-01,08,ASHLAN_2_N007,ASHLAN_2_N007,ASHLAN_2_N007,RTPD,MGHG,LMP_GHG_PRC,ASHLAN_2_N007,ALL,1,0,4,5
2022-09-01T15:45:00-00:00,2022-09-01T16:00:00-00:00,2022-09-01,09,ASHLAN_2_N007,ASHLAN_2_N007,ASHLAN_2_N007,RTPD,MGHG,LMP_GHG_PRC,ASHLAN_2_N007,ALL,1,0,4,5
2022-09-01T16:45:00-00:00,2022-09-01T17:00:00-00:00,2022-09-01,10,ASHLAN_2_N007,ASHLAN_2_N007,ASHLAN_2_N007,RTPD,MGHG,LMP_GHG_PRC,ASHLAN_2_N007,ALL,1,0,4,5
2022-09-01T17:45:00-00:00,2022-09-01T18:00:00-00:00,2022-09-01,11,ASHLAN_2_N007,ASHLAN_2_N007,ASHLAN_2_N007,RTPD,MGHG,LMP_GHG_PRC,ASHLAN_2_N007,ALL,1,0,4,5
2022-09-01T18:45:00-00:00,2022-09-01T19:00:00-00:00,2022-09-01,12,ASHLAN_2_N007,ASHLAN_2_N007,ASHLAN_2_N007,RTPD,MGHG,LMP_GHG_PRC,ASHLAN_2_N007,ALL,1,0,4,5
2022-09-01T19:45:00-00:00,2022-09-01T20:00:00-00:00,2022-09-01,13,ASHLAN_2_N007,ASHLAN_2_N007,ASHLAN_2_N007,RTPD,MGHG,LMP_GHG_PRC,ASHLAN_2_N007,ALL,1,0,4,5
2022-09-01T20:45:00-00:00,2022-09-01T21:00:00-00:00,2022-09-01,14,ASHLAN_2_N007,ASHLAN_2_N007,ASHLAN_2_N007,RTPD,MGHG,LMP_GHG_PRC,ASHLAN_2_N007,ALL,1,0,4,5
2022-09-01T21:45:00-00:00,2022-09-01T22:00:00-00:00,2022-09-01,15,ASHLAN_2_N007,ASHLAN_2_N007,ASHLAN_2_N007,RTPD,MGHG,LMP_GHG_PRC,ASHLAN_2_N007,ALL,1,0,4,5
2022-09-01T22:45:00-00:00,2022-09-01T23:00:00-00:00,2022-09-01,16,ASHLAN_2_N007,ASHLAN_2_N007,ASHLAN_2_N007,RTPD,MGHG,LMP_GHG_PRC,ASHLAN_2_N007,ALL,1,0,4,5
2022-09-01T23:45:00-00:00,2022-09-02T00:00:00-00:00,2022-09-01,17,ASHLAN_2_N007,ASHLAN_2_N007,ASHLAN_2_N007,RTPD,MGHG,LMP_GHG_PRC,ASHLAN_2_N007,ALL,1,0,4,5
2022-09-02T00:45:00-00:00,2022-09-02T01:00:00-00:00,2022-09-01,18,ASHLAN_2_N007,ASHLAN_2_N007,ASHLAN_2_N007,RTPD,MGHG,LMP_GHG_PRC,ASHLAN_2_N007,ALL,1,0,4,5
2022-09-02T01:45:00-00:00,2022-09-02T02:00:00-00:00,2022-09-01,19,ASHLAN_2_N007,ASHLAN_2_N007,ASHLAN_2_N007,RTPD,MGHG,LMP_GHG_PRC,ASHLAN_2_N007,ALL,1,0,4,5
2022-09-02T02:45:00-00:00,2022-09-02T03:00:00-00:00,2022-09-01,20,ASHLAN_2_N007,ASHLAN_2_N007,ASHLAN_2_N007,RTPD,MGHG,LMP_GHG_PRC,ASHLAN_2_N007,ALL,1,0,4,5
2022-09-02T03:45:00-00:00,2022-09-02T04:00:00-00:00,2022-09-01,21,ASHLAN_2_N007,ASHLAN_2_N007,ASHLAN_2_N007,RTPD,MGHG,LMP_GHG_PRC,ASHLAN_2_N007,ALL,1,0,4,5
2022-09-02T04:45:00-00:00,2022-09-02T05:00:00-00:00,2022-09-01,22,ASHLAN_2_N007,ASHLAN_2_N007,ASHLAN_2_N007,RTPD,MGHG,LMP_GHG_PRC,ASHLAN_2_N007,ALL,1,0,4,5
2022-09-02T05:45:00-00:00,2022-09-02T06:00:00-00:00,2022-09-01,23,ASHLAN_2_N007,ASHLAN_2_N007,ASHLAN_2_N007,RTPD,MGHG,LMP_GHG_PRC,ASHLAN_2_N007,ALL,1,0,4,5
2022-09-02T06:45:00-00:00,2022-09-02T07:00:00-00:00,2022-09-01,24,ASHLAN_2_N007,ASHLAN_2_N007,ASHLAN_2_N007,RTPD,MGHG,LMP_GHG_PRC,ASHLAN_2_N007,ALL,1,0,4,5
