INTERVALSTARTTIME_GMT,INTERVALENDTIME_GMT,OPR_DT,OPR_HR,NODE_ID_XML,NODE_ID,NODE,MARKET_RUN_ID,LMP_TYPE,XML_DATA_ITEM,PNODE_RESMRID,GRP_TYPE,POS,PRC,OPR_INTERVAL,GROUP
2022-09-01T07:00:00-00:00,2022-09-01T07:15:00-00:00,2022-09-01,01,ALMDACT1_7_B1,ALMDACT1_7_B1,ALMDACT1_7_B1,RTPD,LMP,LMP_PRC,ALMDACT1_7_B1,ALL,1,83.5599,1,1
2022-09-01T08:00:00-00:00,2022-09-01T08:15:00-00:00,2022-09-01,02,ALMDACT1_7_B1,ALMDACT1_7_B1,ALMDACT1_7_B1,RTPD,LMP,LMP_PRC,ALMDACT1_7_B1,ALL,1,112.2044,1,1
2022-09-01T09:00:00-00:00,2022-09-01T09:15:00-00:00,2022-09-01,03,ALMDACT1_7_B1,ALMDACT1_7_B1,ALMDACT1_7_B1,RTPD,LMP,LMP_PRC,ALMDACT1_7_B1,ALL,1,96.59585,1,1
2022-09-01T10:00:00-00:00,2022-09-01T10:15:00-00:00,2022-09-01,04,ALMDACT1_7_B1,ALMDACT1_7_B1,ALMDACT1_7_B1,RTPD,LMP,LMP_PRC,ALMDACT1_7_B1,ALL,1,96.13918,1,1
2022-09-01T11:00:00-00:00,2022-09-01T11:15:00-00:00,2022-09-01,05,ALMDACT1_7_B1,ALMDACT1_7_B1,ALMDACT1_7_B1,RTPD,LMP,LMP_PRC,ALMDACT1_7_B1,ALL,1,104.26097,1,1
2022-09-01T12:00:00-00:00,2022-09-01T12:15:00-00:00,2022-09-01,06,ALMDACT1_7_B1,ALMDACT1_7_B1,ALMDACT1_7_B1,RTPD,LMP,LMP_PRC,ALMDACT1_7_B1,ALL,1,88.10334,1,1
2022-09-01T13:00:00-00:00,2022-09-01T13:15:00-00:00,2022-09-01,07,ALMDACT1_7_B1,ALMDACT1_7_B1,ALMDACT1_7_B1,RTPD,LMP,LMP_PRC,ALMDACT1_7_B1,ALL,1,88.60978,1,1
2022-09-01T14:00:00-00:00,2022-09-01T14:15:00-00:00,2022-09-01,08,ALMDACT1_7_B1,ALMDACT1_7_B1,ALMDACT1_7_B1,RTPD,LMP,LMP_PRC,ALMDACT1_7_B1,ALL,1,115.46779,1,1
2022-09-01T15:00:00-00:00,2022-09-01T15:15:00-00:00,2022-09-01,09,ALMDACT1_7_B1,ALMDACT1_7_B1,ALMDACT1_7_B1,RTPD,LMP,LMP_PRC,ALMDACT1_7_B1,ALL,1,97.4112,1,1
2022-09-01T16:00:00-00:00,2022-09-01T16:15:00-00:00,2022-09-01,10,ALMDACT1_7_B1,ALMDACT1_7_B1,ALMDACT1_7_B1,RTPD,LMP,LMP_PRC,ALMDACT1_7_B1,ALL,1,83.43525,1,1
2022-09-01T17:00:00-00:00,2022-09-01T17:15:00-00:00,2022-09-01,11,ALMDACT1_7_B1,ALMDACT1_7_B1,ALMDACT1_7_B1,RTPD,LMP,LMP_PRC,ALMDACT1_7_B1,ALL,1,80.30961,1,1
2022-09-01T18:00:00-00:00,2022-09-01T18:15:00-00:00,2022-09-01,12,ALMDACT1_7_B1,ALMDACT1_7_B1,ALMDACT1_7_B1,RTPD,LMP,LMP_PRC,ALMDACT1_7_B1,ALL,1,59.11223,1,1
2022-09-01T19:00:00-00:00,2022-09-01T19:15:00-00:00,2022-09-01,13,ALMDACT1_7_B1,ALMDACT1_7_B1,ALMDACT1_7_B1,RTPD,LMP,LMP_PRC,ALMDACT1_7_B1,ALL,1,73.34183,1,1
2022-09-01T20:00:00-00:00,2022-09-01T20:15:00-00:00,2022-09-01,14,ALMDACT1_7_B1,ALMDACT1_7_B1,ALMDACT1_7_B1,RTPD,LMP,LMP_PRC,ALMDACT1_7_B1,ALL,1,114.41843,1,1
2022-09-01T21:00:00-00:00,2022-09-01T21:15:00-00:00,2022-09-01,15,ALMDACT1_7_B1,ALMDACT1_7_B1,ALMDACT1_7_B1,RTPD,LMP,LMP_PRC,ALMDACT1_7_B1,ALL,1,127.23994,1,1
2022-09-01T22:00:00-00:00,2022-09-01T22:15:00-00:00,2022-09-01,16,ALMDACT1_7_B1,ALMDACT1_7_B1,ALMDACT1_7_B1,RTPD,LMP,LMP_PRC,ALMDACT1_7_B1,ALL,1,121.14401,1,1
2022-09-01T23:00:00-00:00,2022-09-01T23:15:00-00:00,2022-09-01,17,ALMDACT1_7_B1,ALMDACT1_7_B1,ALMDACT1_7_B1,RTPD,LMP,LMP_PRC,ALMDACT1_7_B1,ALL,1,218.2679,1,1
2022-09-02T00:00:00-00:00,2022-09-02T00:15:00-00:00,2022-09-01,18,ALMDACT1_7_B1,ALMDACT1_7_B1,ALMDACT1_7_B1,RTPD,LMP,LMP_PRC,ALMDACT1_7_B1,ALL,1,1181.1515,1,1
2022-09-02T01:00:00-00:00,2022-09-02T01:15:00-00:00,2022-09-01,19,ALMDACT1_7_B1,ALMDACT1_7_B1,ALMDACT1_7_B1,RTPD,LMP,LMP_PRC,ALMDACT1_7_B1,ALL,1,1269.1772,1,1
2022-09-02T02:00:00-00:00,2022-09-02T02:15:00-00:00,2022-09-01,20,ALMDACT1_7_B1,ALMDACT1_7_B1,ALMDACT1_7_B1,RTPD,LMP,LMP_PRC,ALMDACT1_7_B1,ALL,1,1991.6721,1,1
2022-09-02T03:00:00-00:00,2022-09-02T03:15:00-00:00,2022-09-01,21,ALMDACT1_7_B1,ALMDACT1_7_B1,ALMDACT1_7_B1,RTPD,LMP,LMP_PRC,ALMDACT1_7_B1,ALL,1,1404.4276,1,1
2022-09-02T04:00:00-00:00,2022-09-02T04:15:00-00:00,2022-09-01,22,ALMDACT1_7_B1,ALMDACT1_7_B1,ALMDACT1_7_B1,RTPD,LMP,LMP_PRC,ALMDACT1_7_B1,ALL,1,265.51337,1,1
2022-09-02T05:00:00-00:00,2022-09-02T05:15:00-00:00,2022-09-01,23,ALMDACT1_7_B1,ALMDACT1_7_B1,ALMDACT1_7_B1,RTPD,LMP,LMP_PRC,ALMDACT1_7_B1,ALL,1,189.42198,1,1
2022-09-02T06:00:00-00:00,2022-09-02T06:15:00-00:00,2022-09-01,24,ALMDACT1_7_B1,ALMDACT1_7_B1,ALMDACT1_7_B1,RTPD,LMP,LMP_PRC,ALMDACT1_7_B1,ALL,1,162.47328,1,1
2022-09-01T07:15:00-00:00,2022-09-01T07:30:00-00:00,2022-09-01,01,ALMDACT1_7_B1,ALMDACT1_7_B1,ALMDACT1_7_B1,RTPD,LMP,LMP_PRC,ALMDACT1_7_B1,ALL,1,115.52403,2,1
2022-09-01T08:15:00-00:00,2022-09-01T08:30:00-00:00,2022-09-01,02,ALMDACT1_7_B1,ALMDACT1_7_B1,ALMDACT1_7_B1,RTPD,LMP,LMP_PRC,ALMDACT1_7_B1,ALL,1,114.61672,2,1
2022-09-01T09:15:00-00:00,2022-09-01T09:30:00-00:00,2022-09-01,03,ALMDACT1_7_B1,ALMDACT1_7_B1,ALMDACT1_7_B1,RTPD,LMP,LMP_PRC,ALMDACT1_7_B1,ALL,1,93.72222,2,1
2022-09-01T10:15:00-00:00,2022-09-01T10:30:00-00:00,2022-09-01,04,ALMDACT1_7_B1,ALMDACT1_7_B1,ALMDACT1_7_B1,RTPD,LMP,LMP_PRC,ALMDACT1_7_B1,ALL,1,92.90789,2,1
2022-09-01T11:15:00-00:00,2022-09-01T11:30:00-00:00,2022-09-01,05,ALMDACT1_7_B1,ALMDACT1_7_B1,ALMDACT1_7_B1,RTPD,LMP,LMP_PRC,ALMDACT1_7_B1,ALL,1,104.76066,2,1
2022-09-01T12:15:00-00:00,2022-09-01T12:30:00-00:00,2022-09-01,06,ALMDACT1_7_B1,ALMDACT1_7_B1,ALMDACT1_7_B1,RTPD,LMP,LMP_PRC,ALMDACT1_7_B1,ALL,1,104.82305,2,1
2022-09-01T13:15:00-00:00,2022-09-01T13:30:00-00:00,2022-09-01,07,ALMDACT1_7_B1,ALMDACT1_7_B1,ALMDACT1_7_B1,RTPD,LMP,LMP_PRC,ALMDACT1_7_B1,ALL,1,112.47605,2,1
2022-09-01T14:15:00-00:00,2022-09-01T14:30:00-00:00,2022-09-01,08,ALMDACT1_7_B1,ALMDACT1_7_B1,ALMDACT1_7_B1,RTPD,LMP,LMP_PRC,ALMDACT1_7_B1,ALL,1,108.72744,2,1
2022-09-01T15:15:00-00:00,2022-09-01T15:30:00-00:00,2022-09-01,09,ALMDACT1_7_B1,ALMDACT1_7_B1,ALMDACT1_7_B1,RTPD,LMP,LMP_PRC,ALMDACT1_7_B1,ALL,1,86.9388,2,1
2022-09-01T16:15:00-00:00,2022-09-01T16:30:00-00:00,2022-09-01,10,ALMDACT1_7_B1,ALMDACT1_7_B1,ALMDACT1_7_B1,RTPD,LMP,LMP_PRC,ALMDACT1_7_B1,ALL,1,87.81006,2,1
2022-09-01T17:15:00-00:00,2022-09-01T17:30:00-00:00,2022-09-01,11,ALMDACT1_7_B1,ALMDACT1_7_B1,ALMDACT1_7_B1,RTPD,LMP,LMP_PRC,ALMDACT1_7_B1,ALL,1,78.9707,2,1
2022-09-01T18:15:00-00:00,2022-09-01T18:30:00-00:00,2022-09-01,12,ALMDACT1_7_B1,ALMDACT1_7_B1,ALMDACT1_7_B1,RTPD,LMP,LMP_PRC,ALMDACT1_7_B1,ALL,1,74.70988,2,1
2022-09-01T19:15:00-00:00,2022-09-01T19:30:00-00:00,2022-09-01,13,ALMDACT1_7_B1,ALMDACT1_7_B1,ALMDACT1_7_B1,RTPD,LMP,LMP_PRC,ALMDACT1_7_B1,ALL,1,75.78063,2,1
2022-09-01T20:15:00-00:00,2022-09-01T20:30:00-00:00,2022-09-01,14,ALMDACT1_7_B1,ALMDACT1_7_B1,ALMDACT1_7_B1,RTPD,LMP,LMP_PRC,ALMDACT1_7_B1,ALL,1,114.31974,2,1
2022-09-01T21:15:00-00:00,2022-09-01T21:30:00-00:00,2022-09-01,15,ALMDACT1_7_B1,ALMDACT1_7_B1,ALMDACT1_7_B1,RTPD,LMP,LMP_PRC,ALMDACT1_7_B1,ALL,1,120.35517,2,1
2022-09-01T22:15:00-00:00,2022-09-01T22:30:00-00:00,2022-09-01,16,ALMDACT1_7_B1,ALMDACT1_7_B1,ALMDACT1_7_B1,RTPD,LMP,LMP_PRC,ALMDACT1_7_B1,ALL,1,138.53265,2,1
2022-09-01T23:15:00-00:00,2022-09-01T23:30:00-00:00,2022-09-01,17,ALMDACT1_7_B1,ALMDACT1_7_B1,ALMDACT1_7_B1,RTPD,LMP,LMP_PRC,ALMDACT1_7_B1,ALL,1,265.62152,2,1
2022-09-02T00:15:00-00:00,2022-09-02T00:30:00-00:00,2022-09-01,18,ALMDACT1_7_B1,ALMDACT1_7_B1,ALMDACT1_7_B1,RTPD,LMP,LMP_PRC,ALMDACT1_7_B1,ALL,1,1085.9546,2,1
2022-09-02T01:15:00-00:00,2022-09-02T01:30:00-00:00,2022-09-01,19,ALMDACT1_7_B1,ALMDACT1_7_B1,ALMDACT1_7_B1,RTPD,LMP,LMP_PRC,ALMDACT1_7_B1,ALL,1,1999.9933,2,1
2022-09-02T02:15:00-00:00,2022-09-02T02:30:00-00:00,2022-09-01,20,ALMDACT1_7_B1,ALMDACT1_7_B1,ALMDACT1_7_B1,RTPD,LMP,LMP_PRC,ALMDACT1_7_B1,ALL,1,1991.6721,2,1
2022-09-02T03:15:00-00:00,2022-09-02T03:30:00-00:00,2022-09-01,21,ALMDACT1_7_B1,ALMDACT1_7_B1,ALMDACT1_7_B1,RTPD,LMP,LMP_PRC,ALMDACT1_7_B1,ALL,1,575.00354,2,1
2022-09-02T04:15:00-00:00,2022-09-02T04:30:00-00:00,2022-09-01,22,ALMDACT1_7_B1,ALMDACT1_7_B1,ALMDACT1_7_B1,RTPD,LMP,LMP_PRC,ALMDACT1_7_B1,ALL,1,231.31313,2,1
2022-09-02T05:15:00-00:00,2022-09-02T05:30:00-00:00,2022-09-01,23,ALMDACT1_7_B1,ALMDACT1_7_B1,ALMDACT1_7_B1,RTPD,LMP,LMP_PRC,ALMDACT1_7_B1,ALL,1,161.56635,2,1
2022-09-02T06:15:00-00:00,2022-09-02T06:30:00-00:00,2022-09-01,24,ALMDACT1_7_B1,ALMDACT1_7_B1,ALMDACT1_7_B1,RTPD,LMP,LMP_PRC,ALMDACT1_7_B1,ALL,1,145.00374,2,1
2022-09-01T07:30:00-00:00,2022-09-01T07:45:00-00:00,2022-09-01,01,ALMDACT1_7_B1,ALMDACT1_7_B1,ALMDACT1_7_B1,RTPD,LMP,LMP_PRC,ALMDACT1_7_B1,ALL,1,102.82736,3,1
2022-09-01T08:30:00-00:00,2022-09-01T08:45:00-00:00,2022-09-01,02,ALMDACT1_7_B1,ALMDACT1_7_B1,ALMDACT1_7_B1,RTPD,LMP,LMP_PRC,ALMDACT1_7_B1,ALL,1,112.83379,3,1
2022-09-01T09:30:00-00:00,2022-09-01T09:45:00-00:00,2022-09-01,03,ALMDACT1_7_B1,ALMDACT1_7_B1,ALMDACT1_7_B1,RTPD,LMP,LMP_PRC,ALMDACT1_7_B1,ALL,1,93.4239,3,1
2022-09-01T10:30:00-00:00,2022-09-01T10:45:00-00:00,2022-09-01,04,ALMDACT1_7_B1,ALMDACT1_7_B1,ALMDACT1_7_B1,RTPD,LMP,LMP_PRC,ALMDACT1_7_B1,ALL,1,94.75545,3,1
2022-09-01T11:30:00-00:00,2022-09-01T11:45:00-00:00,2022-09-01,05,ALMDACT1_7_B1,ALMDACT1_7_B1,ALMDACT1_7_B1,RTPD,LMP,LMP_PRC,ALMDACT1_7_B1,ALL,1,104.89648,3,1
2022-09-01T12:30:00-00:00,2022-09-01T12:45:00-00:00,2022-09-01,06,ALMDACT1_7_B1,ALMDACT1_7_B1,ALMDACT1_7_B1,RTPD,LMP,LMP_PRC,ALMDACT1_7_B1,ALL,1,104.83559,3,1
2022-09-01T13:30:00-00:00,2022-09-01T13:45:00-00:00,2022-09-01,07,ALMDACT1_7_B1,ALMDACT1_7_B1,ALMDACT1_7_B1,RTPD,LMP,LMP_PRC,ALMDACT1_7_B1,ALL,1,113.88448,3,1
2022-09-01T14:30:00-00:00,2022-09-01T14:45:00-00:00,2022-09-01,08,ALMDACT1_7_B1,ALMDACT1_7_B1,ALMDACT1_7_B1,RTPD,LMP,LMP_PRC,ALMDACT1_7_B1,ALL,1,106.07059,3,1
2022-09-01T15:30:00-00:00,2022-09-01T15:45:00-00:00,2022-09-01,09,ALMDACT1_7_B1,ALMDACT1_7_B1,ALMDACT1_7_B1,RTPD,LMP,LMP_PRC,ALMDACT1_7_B1,ALL,1,86.1388,3,1
2022-09-01T16:30:00-00:00,2022-09-01T16:45:00-00:00,2022-09-01,10,ALMDACT1_7_B1,ALMDACT1_7_B1,ALMDACT1_7_B1,RTPD,LMP,LMP_PRC,ALMDACT1_7_B1,ALL,1,75.07689,3,1
2022-09-01T17:30:00-00:00,2022-09-01T17:45:00-00:00,2022-09-01,11,ALMDACT1_7_B1,ALMDACT1_7_B1,ALMDACT1_7_B1,RTPD,LMP,LMP_PRC,ALMDACT1_7_B1,ALL,1,78.6794,3,1
2022-09-01T18:30:00-00:00,2022-09-01T18:45:00-00:00,2022-09-01,12,ALMDACT1_7_B1,ALMDACT1_7_B1,ALMDACT1_7_B1,RTPD,LMP,LMP_PRC,ALMDACT1_7_B1,ALL,1,79.47561,3,1
2022-09-01T19:30:00-00:00,2022-09-01T19:45:00-00:00,2022-09-01,13,ALMDACT1_7_B1,ALMDACT1_7_B1,ALMDACT1_7_B1,RTPD,LMP,LMP_PRC,ALMDACT1_7_B1,ALL,1,101.38937,3,1
2022-09-01T20:30:00-00:00,2022-09-01T20:45:00-00:00,2022-09-01,14,ALMDACT1_7_B1,ALMDACT1_7_B1,ALMDACT1_7_B1,RTPD,LMP,LMP_PRC,ALMDACT1_7_B1,ALL,1,117.00768,3,1
2022-09-01T21:30:00-00:00,2022-09-01T21:45:00-00:00,2022-09-01,15,ALMDACT1_7_B1,ALMDACT1_7_B1,ALMDACT1_7_B1,RTPD,LMP,LMP_PRC,ALMDACT1_7_B1,ALL,1,128.25876,3,1
2022-09-01T22:30:00-00:00,2022-09-01T22:45:00-00:00,2022-09-01,16,ALMDACT1_7_B1,ALMDACT1_7_B1,ALMDACT1_7_B1,RTPD,LMP,LMP_PRC,ALMDACT1_7_B1,ALL,1,156.24391,3,1
2022-09-01T23:30:00-00:00,2022-09-01T23:45:00-00:00,2022-09-01,17,ALMDACT1_7_B1,ALMDACT1_7_B1,ALMDACT1_7_B1,RTPD,LMP,LMP_PRC,ALMDACT1_7_B1,ALL,1,566.48157,3,1
2022-09-02T00:30:00-00:00,2022-09-02T00:45:00-00:00,2022-09-01,18,ALMDACT1_7_B1,ALMDACT1_7_B1,ALMDACT1_7_B1,RTPD,LMP,LMP_PRC,ALMDACT1_7_B1,ALL,1,1821.2051,3,1
2022-09-02T01:30:00-00:00,2022-09-02T01:45:00-00:00,2022-09-01,19,ALMDACT1_7_B1,ALMDACT1_7_B1,ALMDACT1_7_B1,RTPD,LMP,LMP_PRC,ALMDACT1_7_B1,ALL,1,1999.9956,3,1
2022-09-02T02:30:00-00:00,2022-09-02T02:45:00-00:00,2022-09-01,20,ALMDACT1_7_B1,ALMDACT1_7_B1,ALMDACT1_7_B1,RTPD,LMP,LMP_PRC,ALMDACT1_7_B1,ALL,1,1991.671,3,1
2022-09-02T03:30:00-00:00,2022-09-02T03:45:00-00:00,2022-09-01,21,ALMDACT1_7_B1,ALMDACT1_7_B1,ALMDACT1_7_B1,RTPD,LMP,LMP_PRC,ALMDACT1_7_B1,ALL,1,230.97134,3,1
2022-09-02T04:30:00-00:00,2022-09-02T04:45:00-00:00,2022-09-01,22,ALMDACT1_7_B1,ALMDACT1_7_B1,ALMDACT1_7_B1,RTPD,LMP,LMP_PRC,ALMDACT1_7_B1,ALL,1,184.49055,3,1
2022-09-02T05:30:00-00:00,2022-09-02T05:45:00-00:00,2022-09-01,23,ALMDACT1_7_B1,ALMDACT1_7_B1,ALMDACT1_7_B1,RTPD,LMP,LMP_PRC,ALMDACT1_7_B1,ALL,1,134.89946,3,1
2022-09-02T06:30:00-00:00,2022-09-02T06:45:00-00:00,2022-09-01,24,ALMDACT1_7_B1,ALMDACT1_7_B1,ALMDACT1_7_B1,RTPD,LMP,LMP_PRC,ALMDACT1_7_B1,ALL,1,131.72163,3,1
2022-09-01T07:45:00-00:00,2022-09-01T08:00:00-00:00,2022-09-01,01,ALMDACT1_7_B1,ALMDACT1_7_B1,ALMDACT1_7_B1,RTPD,LMP,LMP_PRC,ALMDACT1_7_B1,ALL,1,90.65035,4,1
2022-09-01T08:45:00-00:00,2022-09-01T09:00:00-00:00,2022-09-01,02,ALMDACT1_7_B1,ALMDACT1_7_B1,ALMDACT1_7_B1,RTPD,LMP,LMP_PRC,ALMDACT1_7_B1,ALL,1,95.70781,4,1
2022-09-01T09:45:00-00:00,2022-09-01T10:00:00-00:00,2022-09-01,03,ALMDACT1_7_B1,ALMDACT1_7_B1,ALMDACT1_7_B1,RTPD,LMP,LMP_PRC,ALMDACT1_7_B1,ALL,1,93.38109,4,1
2022-09-01T10:45:00-00:00,2022-09-01T11:00:00-00:00,2022-09-01,04,ALMDACT1_7_B1,ALMDACT1_7_B1,ALMDACT1_7_B1,RTPD,LMP,LMP_PRC,ALMDACT1_7_B1,ALL,1,94.90998,4,1
2022-09-01T11:45:00-00:00,2022-09-01T12:00:00-00:00,2022-09-01,05,ALMDACT1_7_B1,ALMDACT1_7_B1,ALMDACT1_7_B1,RTPD,LMP,LMP_PRC,ALMDACT1_7_B1,ALL,1,107.01,4,1
2022-09-01T12:45:00-00:00,2022-09-01T13:00:00-00:00,2022-09-01,06,ALMDACT1_7_B1,ALMDACT1_7_B1,ALMDACT1_7_B1,RTPD,LMP,LMP_PRC,ALMDACT1_7_B1,ALL,1,114.13365,4,1
2022-09-01T13:45:00-00:00,2022-09-01T14:00:00-00:00,2022-09-01,07,ALMDACT1_7_B1,ALMDACT1_7_B1,ALMDACT1_7_B1,RTPD,LMP,LMP_PRC,ALMDACT1_7_B1,ALL,1,111.41,4,1
2022-09-01T14:45:00-00:00,2022-09-01T15:00:00-00:00,2022-09-01,08,ALMDACT1_7_B1,ALMDACT1_7_B1,ALMDACT1_7_B1,RTPD,LMP,LMP_PRC,ALMDACT1_7_B1,ALL,1,86.1388,4,1
2022-09-01T15:45:00-00:00,2022-09-01T16:00:00-00:00,2022-09-01,09,ALMDACT1_7_B1,ALMDACT1_7_B1,ALMDACT1_7_B1,RTPD,LMP,LMP_PRC,ALMDACT1_7_B1,ALL,1,78.70076,4,1
2022-09-01T16:45:00-00:00,2022-09-01T17:00:00-00:00,2022-09-01,10,ALMDACT1_7_B1,ALMDACT1_7_B1,ALMDACT1_7_B1,RTPD,LMP,LMP_PRC,ALMDACT1_7_B1,ALL,1,78.8255,4,1
2022-09-01T17:45:00-00:00,2022-09-01T18:00:00-00:00,2022-09-01,11,ALMDACT1_7_B1,ALMDACT1_7_B1,ALMDACT1_7_B1,RTPD,LMP,LMP_PRC,ALMDACT1_7_B1,ALL,1,79.06954,4,1
2022-09-01T18:45:00-00:00,2022-09-01T19:00:00-00:00,2022-09-01,12,ALMDACT1_7_B1,ALMDACT1_7_B1,ALMDACT1_7_B1,RTPD,LMP,LMP_PRC,ALMDACT1_7_B1,ALL,1,81.56464,4,1
2022-09-01T19:45:00-00:00,2022-09-01T20:00:00-00:00,2022-09-01,13,ALMDACT1_7_B1,ALMDACT1_7_B1,ALMDACT1_7_B1,RTPD,LMP,LMP_PRC,ALMDACT1_7_B1,ALL,1,106.4975,4,1
2022-09-01T20:45:00-00:00,2022-09-01T21:00:00-00:00,2022-09-01,14,ALMDACT1_7_B1,ALMDACT1_7_B1,ALMDACT1_7_B1,RTPD,LMP,LMP_PRC,ALMDACT1_7_B1,ALL,1,125.6216,4,1
2022-09-01T21:45:00-00:00,2022-09-01T22:00:00-00:00,2022-09-01,15,ALMDACT1_7_B1,ALMDACT1_7_B1,ALMDACT1_7_B1,RTPD,LMP,LMP_PRC,ALMDACT1_7_B1,ALL,1,210.6596,4,1
2022-09-01T22:45:00-00:00,2022-09-01T23:00:00-00:00,2022-09-01,16,ALMDACT1_7_B1,ALMDACT1_7_B1,ALMDACT1_7_B1,RTPD,LMP,LMP_PRC,ALMDACT1_7_B1,ALL,1,172.09348,4,1
2022-09-01T23:45:00-00:00,2022-09-02T00:00:00-00:00,2022-09-01,17,ALMDACT1_7_B1,ALMDACT1_7_B1,ALMDACT1_7_B1,RTPD,LMP,LMP_PRC,ALMDACT1_7_B1,ALL,1,1689.8503,4,1
2022-09-02T00:45:00-00:00,2022-09-02T01:00:00-00:00,2022-09-01,18,ALMDACT1_7_B1,ALMDACT1_7_B1,ALMDACT1_7_B1,RTPD,LMP,LMP_PRC,ALMDACT1_7_B1,ALL,1,1823.8715,4,1
2022-09-02T01:45:00-00:00,2022-09-02T02:00:00-00:00,2022-09-01,19,ALMDACT1_7_B1,ALMDACT1_7_B1,ALMDACT1_7_B1,RTPD,LMP,LMP_PRC,ALMDACT1_7_B1,ALL,1,1991.9337,4,1
2022-09-02T02:45:00-00:00,2022-09-02T03:00:00-00:00,2022-09-01,20,ALMDACT1_7_B1,ALMDACT1_7_B1,ALMDACT1_7_B1,RTPD,LMP,LMP_PRC,ALMDACT1_7_B1,ALL,1,1871.337,4,1
2022-09-02T03:45:00-00:00,2022-09-02T04:00:00-00:00,2022-09-01,21,ALMDACT1_7_B1,ALMDACT1_7_B1,ALMDACT1_7_B1,RTPD,LMP,LMP_PRC,ALMDACT1_7_B1,ALL,1,167.45827,4,1
2022-09-02T04:45:00-00:00,2022-09-02T05:00:00-00:00,2022-09-01,22,ALMDACT1_7_B1,ALMDACT1_7_B1,ALMDACT1_7_B1,RTPD,LMP,LMP_PRC,ALMDACT1_7_B1,ALL,1,130.36382,4,1
2022-09-02T05:45:00-00:00,2022-09-02T06:00:00-00:00,2022-09-01,23,ALMDACT1_7_B1,ALMDACT1_7_B1,ALMDACT1_7_B1,RTPD,LMP,LMP_PRC,ALMDACT1_7_B1,ALL,1,117.16251,4,1
2022-09-02T06:45:00-00:00,2022-09-02T07:00:00-00:00,2022-09-01,24,ALMDACT1_7_B1,ALMDACT1_7_B1,ALMDACT1_7_B1,RTPD,LMP,LMP_PRC,ALMDACT1_7_B1,ALL,1,111.74767,4,1
2022-09-01T07:00:00-00:00,2022-09-01T07:15:00-00:00,2022-09-01,01,ALMDACT1_7_B1,ALMDACT1_7_B1,ALMDACT1_7_B1,RTPD,MCC,LMP_CONG_PRC,ALMDACT1_7_B1,ALL,1,-15.57773,1,2
2022-09-01T08:00:00-00:00,2022-09-01T08:15:00-00:00,2022-09-01,02,ALMDACT1_7_B1,ALMDACT1_7_B1,ALMDACT1_7_B1,RTPD,MCC,LMP_CONG_PRC,ALMDACT1_7_B1,ALL,1,-3.3444,1,2
2022-09-01T09:00:00-00:00,2022-09-01T09:15:00-00:00,2022-09-01,03,ALMDACT1_7_B1,ALMDACT1_7_B1,ALMDACT1_7_B1,RTPD,MCC,LMP_CONG_PRC,ALMDACT1_7_B1,ALL,1,-4.48112,1,2
2022-09-01T10:00:00-00:00,2022-09-01T10:15:00-00:00,2022-09-01,04,ALMDACT1_7_B1,ALMDACT1_7_B1,ALMDACT1_7_B1,RTPD,MCC,LMP_CONG_PRC,ALMDACT1_7_B1,ALL,1,-3.88403,1,2
2022-09-01T11:00:00-00:00,2022-09-01T11:15:00-00:00,2022-09-01,05,ALMDACT1_7_B1,ALMDACT1_7_B1,ALMDACT1_7_B1,RTPD,MCC,LMP_CONG_PRC,ALMDACT1_7_B1,ALL,1,0,1,2
2022-09-01T12:00:00-00:00,2022-09-01T12:15:00-00:00,2022-09-01,06,ALMDACT1_7_B1,ALMDACT1_7_B1,ALMDACT1_7_B1,RTPD,MCC,LMP_CONG_PRC,ALMDACT1_7_B1,ALL,1,-9.9777,1,2
2022-09-01T13:00:00-00:00,2022-09-01T13:15:00-00:00,2022-09-01,07,ALMDACT1_7_B1,ALMDACT1_7_B1,ALMDACT1_7_B1,RTPD,MCC,LMP_CONG_PRC,ALMDACT1_7_B1,ALL,1,-13.19899,1,2
2022-09-01T14:00:00-00:00,2022-09-01T14:15:00-00:00,2022-09-01,08,ALMDACT1_7_B1,ALMDACT1_7_B1,ALMDACT1_7_B1,RTPD,MCC,LMP_CONG_PRC,ALMDACT1_7_B1,ALL,1,0,1,2
2022-09-01T15:00:00-00:00,2022-09-01T15:15:00-00:00,2022-09-01,09,ALMDACT1_7_B1,ALMDACT1_7_B1,ALMDACT1_7_B1,RTPD,MCC,LMP_CONG_PRC,ALMDACT1_7_B1,ALL,1,0,1,2
2022-09-01T16:00:00-00:00,2022-09-01T16:15:00-00:00,2022-09-01,10,ALMDACT1_7_B1,ALMDACT1_7_B1,ALMDACT1_7_B1,RTPD,MCC,LMP_CONG_PRC,ALMDACT1_7_B1,ALL,1,0,1,2
2022-09-01T17:00:00-00:00,2022-09-01T17:15:00-00:00,2022-09-01,11,ALMDACT1_7_B1,ALMDACT1_7_B1,ALMDACT1_7_B1,RTPD,MCC,LMP_CONG_PRC,ALMDACT1_7_B1,ALL,1,-16.63936,1,2
2022-09-01T18:00:00-00:00,2022-09-01T18:15:00-00:00,2022-09-01,12,ALMDACT1_7_B1,ALMDACT1_7_B1,ALMDACT1_7_B1,RTPD,MCC,LMP_CONG_PRC,ALMDACT1_7_B1,ALL,1,-32.48068,1,2
2022-09-01T19:00:00-00:00,2022-09-01T19:15:00-00:00,2022-09-01,13,ALMDACT1_7_B1,ALMDACT1_7_B1,ALMDACT1_7_B1,RTPD,MCC,LMP_CONG_PRC,ALMDACT1_7_B1,ALL,1,-35.85454,1,2
2022-09-01T20:00:00-00:00,2022-09-01T20:15:00-00:00,2022-09-01,14,ALMDACT1_7_B1,ALMDACT1_7_B1,ALMDACT1_7_B1,RTPD,MCC,LMP_CONG_PRC,ALMDACT1_7_B1,ALL,1,-3.52516,1,2
2022-09-01T21:00:00-00:00,2022-09-01T21:15:00-00:00,2022-09-01,15,ALMDACT1_7_B1,ALMDACT1_7_B1,ALMDACT1_7_B1,RTPD,MCC,LMP_CONG_PRC,ALMDACT1_7_B1,ALL,1,-99.37506,1,2
2022-09-01T22:00:00-00:00,2022-09-01T22:15:00-00:00,2022-09-01,16,ALMDACT1_7_B1,ALMDACT1_7_B1,ALMDACT1_7_B1,RTPD,MCC,LMP_CONG_PRC,ALMDACT1_7_B1,ALL,1,-108.0415,1,2
2022-09-01T23:00:00-00:00,2022-09-01T23:15:00-00:00,2022-09-01,17,ALMDACT1_7_B1,ALMDACT1_7_B1,ALMDACT1_7_B1,RTPD,MCC,LMP_CONG_PRC,ALMDACT1_7_B1,ALL,1,-168.4858,1,2
2022-09-02T00:00:00-00:00,2022-09-02T00:15:00-00:00,2022-09-01,18,ALMDACT1_7_B1,ALMDACT1_7_B1,ALMDACT1_7_B1,RTPD,MCC,LMP_CONG_PRC,ALMDACT1_7_B1,ALL,1,358.47885,1,2
2022-09-02T01:00:00-00:00,2022-09-02T01:15:00-00:00,2022-09-01,19,ALMDACT1_7_B1,ALMDACT1_7_B1,ALMDACT1_7_B1,RTPD,MCC,LMP_CONG_PRC,ALMDACT1_7_B1,ALL,1,352.906,1,2
2022-09-02T02:00:00-00:00,2022-09-02T02:15:00-00:00,2022-09-01,20,ALMDACT1_7_B1,ALMDACT1_7_B1,ALMDACT1_7_B1,RTPD,MCC,LMP_CONG_PRC,ALMDACT1_7_B1,ALL,1,0,1,2
2022-09-02T03:00:00-00:00,2022-09-02T03:15:00-00:00,2022-09-01,21,ALMDACT1_7_B1,ALMDACT1_7_B1,ALMDACT1_7_B1,RTPD,MCC,LMP_CONG_PRC,ALMDACT1_7_B1,ALL,1,438.4301,1,2
2022-09-02T04:00:00-00:00,2022-09-02T04:15:00-00:00,2022-09-01,22,ALMDACT1_7_B1,ALMDACT1_7_B1,ALMDACT1_7_B1,RTPD,MCC,LMP_CONG_PRC,ALMDACT1_7_B1,ALL,1,0,1,2
2022-09-02T05:00:00-00:00,2022-09-02T05:15:00-00:00,2022-09-01,23,ALMDACT1_7_B1,ALMDACT1_7_B1,ALMDACT1_7_B1,RTPD,MCC,LMP_CONG_PRC,ALMDACT1_7_B1,ALL,1,0,1,2
2022-09-02T06:00:00-00:00,2022-09-02T06:15:00-00:00,2022-09-01,24,ALMDACT1_7_B1,ALMDACT1_7_B1,ALMDACT1_7_B1,RTPD,MCC,LMP_CONG_PRC,ALMDACT1_7_B1,ALL,1,0,1,2
2022-09-01T07:15:00-00:00,2022-09-01T07:30:00-00:00,2022-09-01,01,ALMDACT1_7_B1,ALMDACT1_7_B1,ALMDACT1_7_B1,RTPD,MCC,LMP_CONG_PRC,ALMDACT1_7_B1,ALL,1,-10.02741,2,2
2022-09-01T08:15:00-00:00,2022-09-01T08:30:00-00:00,2022-09-01,02,ALMDACT1_7_B1,ALMDACT1_7_B1,ALMDACT1_7_B1,RTPD,MCC,LMP_CONG_PRC,ALMDACT1_7_B1,ALL,1,-0.91493,2,2
2022-09-01T09:15:00-00:00,2022-09-01T09:30:00-00:00,2022-09-01,03,ALMDACT1_7_B1,ALMDACT1_7_B1,ALMDACT1_7_B1,RTPD,MCC,LMP_CONG_PRC,ALMDACT1_7_B1,ALL,1,-5.89067,2,2
2022-09-01T10:15:00-00:00,2022-09-01T10:30:00-00:00,2022-09-01,04,ALMDACT1_7_B1,ALMDACT1_7_B1,ALMDACT1_7_B1,RTPD,MCC,LMP_CONG_PRC,ALMDACT1_7_B1,ALL,1,-5.49586,2,2
2022-09-01T11:15:00-00:00,2022-09-01T11:30:00-00:00,2022-09-01,05,ALMDACT1_7_B1,ALMDACT1_7_B1,ALMDACT1_7_B1,RTPD,MCC,LMP_CONG_PRC,ALMDACT1_7_B1,ALL,1,0,2,2
2022-09-01T12:15:00-00:00,2022-09-01T12:30:00-00:00,2022-09-01,06,ALMDACT1_7_B1,ALMDACT1_7_B1,ALMDACT1_7_B1,RTPD,MCC,LMP_CONG_PRC,ALMDACT1_7_B1,ALL,1,-6.08416,2,2
2022-09-01T13:15:00-00:00,2022-09-01T13:30:00-00:00,2022-09-01,07,ALMDACT1_7_B1,ALMDACT1_7_B1,ALMDACT1_7_B1,RTPD,MCC,LMP_CONG_PRC,ALMDACT1_7_B1,ALL,1,-0.56642,2,2
2022-09-01T14:15:00-00:00,2022-09-01T14:30:00-00:00,2022-09-01,08,ALMDACT1_7_B1,ALMDACT1_7_B1,ALMDACT1_7_B1,RTPD,MCC,LMP_CONG_PRC,ALMDACT1_7_B1,ALL,1,0,2,2
2022-09-01T15:15:00-00:00,2022-09-01T15:30:00-00:00,2022-09-01,09,ALMDACT1_7_B1,ALMDACT1_7_B1,ALMDACT1_7_B1,RTPD,MCC,LMP_CONG_PRC,ALMDACT1_7_B1,ALL,1,0,2,2
2022-09-01T16:15:00-00:00,2022-09-01T16:30:00-00:00,2022-09-01,10,ALMDACT1_7_B1,ALMDACT1_7_B1,ALMDACT1_7_B1,RTPD,MCC,LMP_CONG_PRC,ALMDACT1_7_B1,ALL,1,-1.63852,2,2
2022-09-01T17:15:00-00:00,2022-09-01T17:30:00-00:00,2022-09-01,11,ALMDACT1_7_B1,ALMDACT1_7_B1,ALMDACT1_7_B1,RTPD,MCC,LMP_CONG_PRC,ALMDACT1_7_B1,ALL,1,-20.37602,2,2
2022-09-01T18:15:00-00:00,2022-09-01T18:30:00-00:00,2022-09-01,12,ALMDACT1_7_B1,ALMDACT1_7_B1,ALMDACT1_7_B1,RTPD,MCC,LMP_CONG_PRC,ALMDACT1_7_B1,ALL,1,-26.44914,2,2
2022-09-01T19:15:00-00:00,2022-09-01T19:30:00-00:00,2022-09-01,13,ALMDACT1_7_B1,ALMDACT1_7_B1,ALMDACT1_7_B1,RTPD,MCC,LMP_CONG_PRC,ALMDACT1_7_B1,ALL,1,-29.52525,2,2
2022-09-01T20:15:00-00:00,2022-09-01T20:30:00-00:00,2022-09-01,14,ALMDACT1_7_B1,ALMDACT1_7_B1,ALMDACT1_7_B1,RTPD,MCC,LMP_CONG_PRC,ALMDACT1_7_B1,ALL,1,-3.17447,2,2
2022-09-01T21:15:00-00:00,2022-09-01T21:30:00-00:00,2022-09-01,15,ALMDACT1_7_B1,ALMDACT1_7_B1,ALMDACT1_7_B1,RTPD,MCC,LMP_CONG_PRC,ALMDACT1_7_B1,ALL,1,-26.85667,2,2
2022-09-01T22:15:00-00:00,2022-09-01T22:30:00-00:00,2022-09-01,16,ALMDACT1_7_B1,ALMDACT1_7_B1,ALMDACT1_7_B1,RTPD,MCC,LMP_CONG_PRC,ALMDACT1_7_B1,ALL,1,-118.05467,2,2
2022-09-01T23:15:00-00:00,2022-09-01T23:30:00-00:00,2022-09-01,17,ALMDACT1_7_B1,ALMDACT1_7_B1,ALMDACT1_7_B1,RTPD,MCC,LMP_CONG_PRC,ALMDACT1_7_B1,ALL,1,-96.50256,2,2
2022-09-02T00:15:00-00:00,2022-09-02T00:30:00-00:00,2022-09-01,18,ALMDACT1_7_B1,ALMDACT1_7_B1,ALMDACT1_7_B1,RTPD,MCC,LMP_CONG_PRC,ALMDACT1_7_B1,ALL,1,348.90857,2,2
2022-09-02T01:15:00-00:00,2022-09-02T01:30:00-00:00,2022-09-01,19,ALMDACT1_7_B1,ALMDACT1_7_B1,ALMDACT1_7_B1,RTPD,MCC,LMP_CONG_PRC,ALMDACT1_7_B1,ALL,1,0,2,2
2022-09-02T02:15:00-00:00,2022-09-02T02:30:00-00:00,2022-09-01,20,ALMDACT1_7_B1,ALMDACT1_7_B1,ALMDACT1_7_B1,RTPD,MCC,LMP_CONG_PRC,ALMDACT1_7_B1,ALL,1,0,2,2
2022-09-02T03:15:00-00:00,2022-09-02T03:30:00-00:00,2022-09-01,21,ALMDACT1_7_B1,ALMDACT1_7_B1,ALMDACT1_7_B1,RTPD,MCC,LMP_CONG_PRC,ALMDACT1_7_B1,ALL,1,153.64716,2,2
2022-09-02T04:15:00-00:00,2022-09-02T04:30:00-00:00,2022-09-01,22,ALMDACT1_7_B1,ALMDACT1_7_B1,ALMDACT1_7_B1,RTPD,MCC,LMP_CONG_PRC,ALMDACT1_7_B1,ALL,1,0,2,2
2022-09-02T05:15:00-00:00,2022-09-02T05:30:00-00:00,2022-09-01,23,ALMDACT1_7_B1,ALMDACT1_7_B1,ALMDACT1_7_B1,RTPD,MCC,LMP_CONG_PRC,ALMDACT1_7_B1,ALL,1,0,2,2
2022-09-02T06:15:00-00:00,2022-09-02T06:30:00-00:00,2022-09-01,24,ALMDACT1_7_B1,ALMDACT1_7_B1,ALMDACT1_7_B1,RTPD,MCC,LMP_CONG_PRC,ALMDACT1_7_B1,ALL,1,0,2,2
2022-09-01T07:30:00-00:00,2022-09-01T07:45:00-00:00,2022-09-01,01,ALMDACT1_7_B1,ALMDACT1_7_B1,ALMDACT1_7_B1,RTPD,MCC,LMP_CONG_PRC,ALMDACT1_7_B1,ALL,1,-16.2046,3,2
2022-09-01T08:30:00-00:00,2022-09-01T08:45:00-00:00,2022-09-01,02,ALMDACT1_7_B1,ALMDACT1_7_B1,ALMDACT1_7_B1,RTPD,MCC,LMP_CONG_PRC,ALMDACT1_7_B1,ALL,1,-0.00087,3,2
2022-09-01T09:30:00-00:00,2022-09-01T09:45:00-00:00,2022-09-01,03,ALMDACT1_7_B1,ALMDACT1_7_B1,ALMDACT1_7_B1,RTPD,MCC,LMP_CONG_PRC,ALMDACT1_7_B1,ALL,1,-5.8378,3,2
2022-09-01T10:30:00-00:00,2022-09-01T10:45:00-00:00,2022-09-01,04,ALMDACT1_7_B1,ALMDACT1_7_B1,ALMDACT1_7_B1,RTPD,MCC,LMP_CONG_PRC,ALMDACT1_7_B1,ALL,1,-3.10043,3,2
2022-09-01T11:30:00-00:00,2022-09-01T11:45:00-00:00,2022-09-01,05,ALMDACT1_7_B1,ALMDACT1_7_B1,ALMDACT1_7_B1,RTPD,MCC,LMP_CONG_PRC,ALMDACT1_7_B1,ALL,1,0,3,2
2022-09-01T12:30:00-00:00,2022-09-01T12:45:00-00:00,2022-09-01,06,ALMDACT1_7_B1,ALMDACT1_7_B1,ALMDACT1_7_B1,RTPD,MCC,LMP_CONG_PRC,ALMDACT1_7_B1,ALL,1,-10.51019,3,2
2022-09-01T13:30:00-00:00,2022-09-01T13:45:00-00:00,2022-09-01,07,ALMDACT1_7_B1,ALMDACT1_7_B1,ALMDACT1_7_B1,RTPD,MCC,LMP_CONG_PRC,ALMDACT1_7_B1,ALL,1,0,3,2
2022-09-01T14:30:00-00:00,2022-09-01T14:45:00-00:00,2022-09-01,08,ALMDACT1_7_B1,ALMDACT1_7_B1,ALMDACT1_7_B1,RTPD,MCC,LMP_CONG_PRC,ALMDACT1_7_B1,ALL,1,0,3,2
2022-09-01T15:30:00-00:00,2022-09-01T15:45:00-00:00,2022-09-01,09,ALMDACT1_7_B1,ALMDACT1_7_B1,ALMDACT1_7_B1,RTPD,MCC,LMP_CONG_PRC,ALMDACT1_7_B1,ALL,1,0,3,2
2022-09-01T16:30:00-00:00,2022-09-01T16:45:00-00:00,2022-09-01,10,ALMDACT1_7_B1,ALMDACT1_7_B1,ALMDACT1_7_B1,RTPD,MCC,LMP_CONG_PRC,ALMDACT1_7_B1,ALL,1,-13.71955,3,2
2022-09-01T17:30:00-00:00,2022-09-01T17:45:00-00:00,2022-09-01,11,ALMDACT1_7_B1,ALMDACT1_7_B1,ALMDACT1_7_B1,RTPD,MCC,LMP_CONG_PRC,ALMDACT1_7_B1,ALL,1,-20.45074,3,2
2022-09-01T18:30:00-00:00,2022-09-01T18:45:00-00:00,2022-09-01,12,ALMDACT1_7_B1,ALMDACT1_7_B1,ALMDACT1_7_B1,RTPD,MCC,LMP_CONG_PRC,ALMDACT1_7_B1,ALL,1,-27.58157,3,2
2022-09-01T19:30:00-00:00,2022-09-01T19:45:00-00:00,2022-09-01,13,ALMDACT1_7_B1,ALMDACT1_7_B1,ALMDACT1_7_B1,RTPD,MCC,LMP_CONG_PRC,ALMDACT1_7_B1,ALL,1,-12.66968,3,2
2022-09-01T20:30:00-00:00,2022-09-01T20:45:00-00:00,2022-09-01,14,ALMDACT1_7_B1,ALMDACT1_7_B1,ALMDACT1_7_B1,RTPD,MCC,LMP_CONG_PRC,ALMDACT1_7_B1,ALL,1,-12.80837,3,2
2022-09-01T21:30:00-00:00,2022-09-01T21:45:00-00:00,2022-09-01,15,ALMDACT1_7_B1,ALMDACT1_7_B1,ALMDACT1_7_B1,RTPD,MCC,LMP_CONG_PRC,ALMDACT1_7_B1,ALL,1,-24.67182,3,2
2022-09-01T22:30:00-00:00,2022-09-01T22:45:00-00:00,2022-09-01,16,ALMDACT1_7_B1,ALMDACT1_7_B1,ALMDACT1_7_B1,RTPD,MCC,LMP_CONG_PRC,ALMDACT1_7_B1,ALL,1,-126.9379,3,2
2022-09-01T23:30:00-00:00,2022-09-01T23:45:00-00:00,2022-09-01,17,ALMDACT1_7_B1,ALMDACT1_7_B1,ALMDACT1_7_B1,RTPD,MCC,LMP_CONG_PRC,ALMDACT1_7_B1,ALL,1,0,3,2
2022-09-02T00:30:00-00:00,2022-09-02T00:45:00-00:00,2022-09-01,18,ALMDACT1_7_B1,ALMDACT1_7_B1,ALMDACT1_7_B1,RTPD,MCC,LMP_CONG_PRC,ALMDACT1_7_B1,ALL,1,492.09244,3,2
2022-09-02T01:30:00-00:00,2022-09-02T01:45:00-00:00,2022-09-01,19,ALMDACT1_7_B1,ALMDACT1_7_B1,ALMDACT1_7_B1,RTPD,MCC,LMP_CONG_PRC,ALMDACT1_7_B1,ALL,1,0,3,2
2022-09-02T02:30:00-00:00,2022-09-02T02:45:00-00:00,2022-09-01,20,ALMDACT1_7_B1,ALMDACT1_7_B1,ALMDACT1_7_B1,RTPD,MCC,LMP_CONG_PRC,ALMDACT1_7_B1,ALL,1,0,3,2
2022-09-02T03:30:00-00:00,2022-09-02T03:45:00-00:00,2022-09-01,21,ALMDACT1_7_B1,ALMDACT1_7_B1,ALMDACT1_7_B1,RTPD,MCC,LMP_CONG_PRC,ALMDACT1_7_B1,ALL,1,34.55568,3,2
2022-09-02T04:30:00-00:00,2022-09-02T04:45:00-00:00,2022-09-01,22,ALMDACT1_7_B1,ALMDACT1_7_B1,ALMDACT1_7_B1,RTPD,MCC,LMP_CONG_PRC,ALMDACT1_7_B1,ALL,1,0,3,2
2022-09-02T05:30:00-00:00,2022-09-02T05:45:00-00:00,2022-09-01,23,ALMDACT1_7_B1,ALMDACT1_7_B1,ALMDACT1_7_B1,RTPD,MCC,LMP_CONG_PRC,ALMDACT1_7_B1,ALL,1,0,3,2
2022-09-02T06:30:00-00:00,2022-09-02T06:45:00-00:00,2022-09-01,24,ALMDACT1_7_B1,ALMDACT1_7_B1,ALMDACT1_7_B1,RTPD,MCC,LMP_CONG_PRC,ALMDACT1_7_B1,ALL,1,0,3,2
2022-09-01T07:45:00-00:00,2022-09-01T08:00:00-00:00,2022-09-01,01,ALMDACT1_7_B1,ALMDACT1_7_B1,ALMDACT1_7_B1,RTPD,MCC,LMP_CONG_PRC,ALMDACT1_7_B1,ALL,1,-18.47064,4,2
2022-09-01T08:45:00-00:00,2022-09-01T09:00:00-00:00,2022-09-01,02,ALMDACT1_7_B1,ALMDACT1_7_B1,ALMDACT1_7_B1,RTPD,MCC,LMP_CONG_PRC,ALMDACT1_7_B1,ALL,1,-4.50892,4,2
2022-09-01T09:45:00-00:00,2022-09-01T10:00:00-00:00,2022-09-01,03,ALMDACT1_7_B1,ALMDACT1_7_B1,ALMDACT1_7_B1,RTPD,MCC,LMP_CONG_PRC,ALMDACT1_7_B1,ALL,1,-5.19621,4,2
2022-09-01T10:45:00-00:00,2022-09-01T11:00:00-00:00,2022-09-01,04,ALMDACT1_7_B1,ALMDACT1_7_B1,ALMDACT1_7_B1,RTPD,MCC,LMP_CONG_PRC,ALMDACT1_7_B1,ALL,1,-1.221,4,2
2022-09-01T11:45:00-00:00,2022-09-01T12:00:00-00:00,2022-09-01,05,ALMDACT1_7_B1,ALMDACT1_7_B1,ALMDACT1_7_B1,RTPD,MCC,LMP_CONG_PRC,ALMDACT1_7_B1,ALL,1,0,4,2
2022-09-01T12:45:00-00:00,2022-09-01T13:00:00-00:00,2022-09-01,06,ALMDACT1_7_B1,ALMDACT1_7_B1,ALMDACT1_7_B1,RTPD,MCC,LMP_CONG_PRC,ALMDACT1_7_B1,ALL,1,-2.35115,4,2
2022-09-01T13:45:00-00:00,2022-09-01T14:00:00-00:00,2022-09-01,07,ALMDACT1_7_B1,ALMDACT1_7_B1,ALMDACT1_7_B1,RTPD,MCC,LMP_CONG_PRC,ALMDACT1_7_B1,ALL,1,0,4,2
2022-09-01T14:45:00-00:00,2022-09-01T15:00:00-00:00,2022-09-01,08,ALMDACT1_7_B1,ALMDACT1_7_B1,ALMDACT1_7_B1,RTPD,MCC,LMP_CONG_PRC,ALMDACT1_7_B1,ALL,1,0,4,2
2022-09-01T15:45:00-00:00,2022-09-01T16:00:00-00:00,2022-09-01,09,ALMDACT1_7_B1,ALMDACT1_7_B1,ALMDACT1_7_B1,RTPD,MCC,LMP_CONG_PRC,ALMDACT1_7_B1,ALL,1,0,4,2
2022-09-01T16:45:00-00:00,2022-09-01T17:00:00-00:00,2022-09-01,10,ALMDACT1_7_B1,ALMDACT1_7_B1,ALMDACT1_7_B1,RTPD,MCC,LMP_CONG_PRC,ALMDACT1_7_B1,ALL,1,-12.42383,4,2
2022-09-01T17:45:00-00:00,2022-09-01T18:00:00-00:00,2022-09-01,11,ALMDACT1_7_B1,ALMDACT1_7_B1,ALMDACT1_7_B1,RTPD,MCC,LMP_CONG_PRC,ALMDACT1_7_B1,ALL,1,-20.13589,4,2
2022-09-01T18:45:00-00:00,2022-09-01T19:00:00-00:00,2022-09-01,12,ALMDACT1_7_B1,ALMDACT1_7_B1,ALMDACT1_7_B1,RTPD,MCC,LMP_CONG_PRC,ALMDACT1_7_B1,ALL,1,-27.476,4,2
2022-09-01T19:45:00-00:00,2022-09-01T20:00:00-00:00,2022-09-01,13,ALMDACT1_7_B1,ALMDACT1_7_B1,ALMDACT1_7_B1,RTPD,MCC,LMP_CONG_PRC,ALMDACT1_7_B1,ALL,1,-13.72741,4,2
2022-09-01T20:45:00-00:00,2022-09-01T21:00:00-00:00,2022-09-01,14,ALMDACT1_7_B1,ALMDACT1_7_B1,ALMDACT1_7_B1,RTPD,MCC,LMP_CONG_PRC,ALMDACT1_7_B1,ALL,1,-28.4035,4,2
2022-09-01T21:45:00-00:00,2022-09-01T22:00:00-00:00,2022-09-01,15,ALMDACT1_7_B1,ALMDACT1_7_B1,ALMDACT1_7_B1,RTPD,MCC,LMP_CONG_PRC,ALMDACT1_7_B1,ALL,1,-89.63416,4,2
2022-09-01T22:45:00-00:00,2022-09-01T23:00:00-00:00,2022-09-01,16,ALMDACT1_7_B1,ALMDACT1_7_B1,ALMDACT1_7_B1,RTPD,MCC,LMP_CONG_PRC,ALMDACT1_7_B1,ALL,1,-257.82022,4,2
2022-09-01T23:45:00-00:00,2022-09-02T00:00:00-00:00,2022-09-01,17,ALMDACT1_7_B1,ALMDACT1_7_B1,ALMDACT1_7_B1,RTPD,MCC,LMP_CONG_PRC,ALMDACT1_7_B1,ALL,1,428.63788,4,2
2022-09-02T00:45:00-00:00,2022-09-02T01:00:00-00:00,2022-09-01,18,ALMDACT1_7_B1,ALMDACT1_7_B1,ALMDACT1_7_B1,RTPD,MCC,LMP_CONG_PRC,ALMDACT1_7_B1,ALL,1,304.72238,4,2
2022-09-02T01:45:00-00:00,2022-09-02T02:00:00-00:00,2022-09-01,19,ALMDACT1_7_B1,ALMDACT1_7_B1,ALMDACT1_7_B1,RTPD,MCC,LMP_CONG_PRC,ALMDACT1_7_B1,ALL,1,0,4,2
2022-09-02T02:45:00-00:00,2022-09-02T03:00:00-00:00,2022-09-01,20,ALMDACT1_7_B1,ALMDACT1_7_B1,ALMDACT1_7_B1,RTPD,MCC,LMP_CONG_PRC,ALMDACT1_7_B1,ALL,1,140.51624,4,2
2022-09-02T03:45:00-00:00,2022-09-02T04:00:00-00:00,2022-09-01,21,ALMDACT1_7_B1,ALMDACT1_7_B1,ALMDACT1_7_B1,RTPD,MCC,LMP_CONG_PRC,ALMDACT1_7_B1,ALL,1,20.12533,4,2
2022-09-02T04:45:00-00:00,2022-09-02T05:00:00-00:00,2022-09-01,22,ALMDACT1_7_B1,ALMDACT1_7_B1,ALMDACT1_7_B1,RTPD,MCC,LMP_CONG_PRC,ALMDACT1_7_B1,ALL,1,0,4,2
2022-09-02T05:45:00-00:00,2022-09-02T06:00:00-00:00,2022-09-01,23,ALMDACT1_7_B1,ALMDACT1_7_B1,ALMDACT1_7_B1,RTPD,MCC,LMP_CONG_PRC,ALMDACT1_7_B1,ALL,1,-4.7152,4,2
2022-09-02T06:45:00-00:00,2022-09-02T07:00:00-00:00,2022-09-01,24,ALMDACT1_7_B1,ALMDACT1_7_B1,ALMDACT1_7_B1,RTPD,MCC,LMP_CONG_PRC,ALMDACT1_7_B1,ALL,1,0,4,2
2022-09-01T07:00:00-00:00,2022-09-01T07:15:00-00:00,2022-09-01,01,ALMDACT1_7_B1,ALMDACT1_7_B1,ALMDACT1_7_B1,RTPD,MCE,LMP_ENE_PRC,ALMDACT1_7_B1,ALL,1,104.23471,1,3
2022-09-01T08:00:00-00:00,2022-09-01T08:15:00-00:00,2022-09-01,02,ALMDACT1_7_B1,ALMDACT1_7_B1,ALMDACT1_7_B1,RTPD,MCE,LMP_ENE_PRC,ALMDACT1_7_B1,ALL,1,115.5488,1,3
2022-09-01T09:00:00-00:00,2022-09-01T09:15:00-00:00,2022-09-01,03,ALMDACT1_7_B1,ALMDACT1_7_B1,ALMDACT1_7_B1,RTPD,MCE,LMP_ENE_PRC,ALMDACT1_7_B1,ALL,1,99.73061,1,3
2022-09-01T10:00:00-00:00,2022-09-01T10:15:00-00:00,2022-09-01,04,ALMDACT1_7_B1,ALMDACT1_7_B1,ALMDACT1_7_B1,RTPD,MCE,LMP_ENE_PRC,ALMDACT1_7_B1,ALL,1,98.64222,1,3
2022-09-01T11:00:00-00:00,2022-09-01T11:15:00-00:00,2022-09-01,05,ALMDACT1_7_B1,ALMDACT1_7_B1,ALMDACT1_7_B1,RTPD,MCE,LMP_ENE_PRC,ALMDACT1_7_B1,ALL,1,102.56859,1,3
2022-09-01T12:00:00-00:00,2022-09-01T12:15:00-00:00,2022-09-01,06,ALMDACT1_7_B1,ALMDACT1_7_B1,ALMDACT1_7_B1,RTPD,MCE,LMP_ENE_PRC,ALMDACT1_7_B1,ALL,1,96.90845,1,3
2022-09-01T13:00:00-00:00,2022-09-01T13:15:00-00:00,2022-09-01,07,ALMDACT1_7_B1,ALMDACT1_7_B1,ALMDACT1_7_B1,RTPD,MCE,LMP_ENE_PRC,ALMDACT1_7_B1,ALL,1,101.80878,1,3
2022-09-01T14:00:00-00:00,2022-09-01T14:15:00-00:00,2022-09-01,08,ALMDACT1_7_B1,ALMDACT1_7_B1,ALMDACT1_7_B1,RTPD,MCE,LMP_ENE_PRC,ALMDACT1_7_B1,ALL,1,111.11219,1,3
2022-09-01T15:00:00-00:00,2022-09-01T15:15:00-00:00,2022-09-01,09,ALMDACT1_7_B1,ALMDACT1_7_B1,ALMDACT1_7_B1,RTPD,MCE,LMP_ENE_PRC,ALMDACT1_7_B1,ALL,1,97.4112,1,3
2022-09-01T16:00:00-00:00,2022-09-01T16:15:00-00:00,2022-09-01,10,ALMDACT1_7_B1,ALMDACT1_7_B1,ALMDACT1_7_B1,RTPD,MCE,LMP_ENE_PRC,ALMDACT1_7_B1,ALL,1,83.43525,1,3
2022-09-01T17:00:00-00:00,2022-09-01T17:15:00-00:00,2022-09-01,11,ALMDACT1_7_B1,ALMDACT1_7_B1,ALMDACT1_7_B1,RTPD,MCE,LMP_ENE_PRC,ALMDACT1_7_B1,ALL,1,96.94897,1,3
2022-09-01T18:00:00-00:00,2022-09-01T18:15:00-00:00,2022-09-01,12,ALMDACT1_7_B1,ALMDACT1_7_B1,ALMDACT1_7_B1,RTPD,MCE,LMP_ENE_PRC,ALMDACT1_7_B1,ALL,1,91.59291,1,3
2022-09-01T19:00:00-00:00,2022-09-01T19:15:00-00:00,2022-09-01,13,ALMDACT1_7_B1,ALMDACT1_7_B1,ALMDACT1_7_B1,RTPD,MCE,LMP_ENE_PRC,ALMDACT1_7_B1,ALL,1,109.19637,1,3
2022-09-01T20:00:00-00:00,2022-09-01T20:15:00-00:00,2022-09-01,14,ALMDACT1_7_B1,ALMDACT1_7_B1,ALMDACT1_7_B1,RTPD,MCE,LMP_ENE_PRC,ALMDACT1_7_B1,ALL,1,117.94359,1,3
2022-09-01T21:00:00-00:00,2022-09-01T21:15:00-00:00,2022-09-01,15,ALMDACT1_7_B1,ALMDACT1_7_B1,ALMDACT1_7_B1,RTPD,MCE,LMP_ENE_PRC,ALMDACT1_7_B1,ALL,1,226.61499,1,3
2022-09-01T22:00:00-00:00,2022-09-01T22:15:00-00:00,2022-09-01,16,ALMDACT1_7_B1,ALMDACT1_7_B1,ALMDACT1_7_B1,RTPD,MCE,LMP_ENE_PRC,ALMDACT1_7_B1,ALL,1,229.18552,1,3
2022-09-01T23:00:00-00:00,2022-09-01T23:15:00-00:00,2022-09-01,17,ALMDACT1_7_B1,ALMDACT1_7_B1,ALMDACT1_7_B1,RTPD,MCE,LMP_ENE_PRC,ALMDACT1_7_B1,ALL,1,386.7537,1,3
2022-09-02T00:00:00-00:00,2022-09-02T00:15:00-00:00,2022-09-01,18,ALMDACT1_7_B1,ALMDACT1_7_B1,ALMDACT1_7_B1,RTPD,MCE,LMP_ENE_PRC,ALMDACT1_7_B1,ALL,1,770.58136,1,3
2022-09-02T01:00:00-00:00,2022-09-02T01:15:00-00:00,2022-09-01,19,ALMDACT1_7_B1,ALMDACT1_7_B1,ALMDACT1_7_B1,RTPD,MCE,LMP_ENE_PRC,ALMDACT1_7_B1,ALL,1,916.27124,1,3
2022-09-02T02:00:00-00:00,2022-09-02T02:15:00-00:00,2022-09-01,20,ALMDACT1_7_B1,ALMDACT1_7_B1,ALMDACT1_7_B1,RTPD,MCE,LMP_ENE_PRC,ALMDACT1_7_B1,ALL,1,1991.6721,1,3
2022-09-02T03:00:00-00:00,2022-09-02T03:15:00-00:00,2022-09-01,21,ALMDACT1_7_B1,ALMDACT1_7_B1,ALMDACT1_7_B1,RTPD,MCE,LMP_ENE_PRC,ALMDACT1_7_B1,ALL,1,917.5508,1,3
2022-09-02T04:00:00-00:00,2022-09-02T04:15:00-00:00,2022-09-01,22,ALMDACT1_7_B1,ALMDACT1_7_B1,ALMDACT1_7_B1,RTPD,MCE,LMP_ENE_PRC,ALMDACT1_7_B1,ALL,1,257.83005,1,3
2022-09-02T05:00:00-00:00,2022-09-02T05:15:00-00:00,2022-09-01,23,ALMDACT1_7_B1,ALMDACT1_7_B1,ALMDACT1_7_B1,RTPD,MCE,LMP_ENE_PRC,ALMDACT1_7_B1,ALL,1,183.24657,1,3
2022-09-02T06:00:00-00:00,2022-09-02T06:15:00-00:00,2022-09-01,24,ALMDACT1_7_B1,ALMDACT1_7_B1,ALMDACT1_7_B1,RTPD,MCE,LMP_ENE_PRC,ALMDACT1_7_B1,ALL,1,158.867,1,3
2022-09-01T07:15:00-00:00,2022-09-01T07:30:00-00:00,2022-09-01,01,ALMDACT1_7_B1,ALMDACT1_7_B1,ALMDACT1_7_B1,RTPD,MCE,LMP_ENE_PRC,ALMDACT1_7_B1,ALL,1,125.55144,2,3
2022-09-01T08:15:00-00:00,2022-09-01T08:30:00-00:00,2022-09-01,02,ALMDACT1_7_B1,ALMDACT1_7_B1,ALMDACT1_7_B1,RTPD,MCE,LMP_ENE_PRC,ALMDACT1_7_B1,ALL,1,115.53165,2,3
2022-09-01T09:15:00-00:00,2022-09-01T09:30:00-00:00,2022-09-01,03,ALMDACT1_7_B1,ALMDACT1_7_B1,ALMDACT1_7_B1,RTPD,MCE,LMP_ENE_PRC,ALMDACT1_7_B1,ALL,1,98.30543,2,3
2022-09-01T10:15:00-00:00,2022-09-01T10:30:00-00:00,2022-09-01,04,ALMDACT1_7_B1,ALMDACT1_7_B1,ALMDACT1_7_B1,RTPD,MCE,LMP_ENE_PRC,ALMDACT1_7_B1,ALL,1,97.00684,2,3
2022-09-01T11:15:00-00:00,2022-09-01T11:30:00-00:00,2022-09-01,05,ALMDACT1_7_B1,ALMDACT1_7_B1,ALMDACT1_7_B1,RTPD,MCE,LMP_ENE_PRC,ALMDACT1_7_B1,ALL,1,103.09059,2,3
2022-09-01T12:15:00-00:00,2022-09-01T12:30:00-00:00,2022-09-01,06,ALMDACT1_7_B1,ALMDACT1_7_B1,ALMDACT1_7_B1,RTPD,MCE,LMP_ENE_PRC,ALMDACT1_7_B1,ALL,1,109.32203,2,3
2022-09-01T13:15:00-00:00,2022-09-01T13:30:00-00:00,2022-09-01,07,ALMDACT1_7_B1,ALMDACT1_7_B1,ALMDACT1_7_B1,RTPD,MCE,LMP_ENE_PRC,ALMDACT1_7_B1,ALL,1,110.97827,2,3
2022-09-01T14:15:00-00:00,2022-09-01T14:30:00-00:00,2022-09-01,08,ALMDACT1_7_B1,ALMDACT1_7_B1,ALMDACT1_7_B1,RTPD,MCE,LMP_ENE_PRC,ALMDACT1_7_B1,ALL,1,104.78743,2,3
2022-09-01T15:15:00-00:00,2022-09-01T15:30:00-00:00,2022-09-01,09,ALMDACT1_7_B1,ALMDACT1_7_B1,ALMDACT1_7_B1,RTPD,MCE,LMP_ENE_PRC,ALMDACT1_7_B1,ALL,1,86.9388,2,3
2022-09-01T16:15:00-00:00,2022-09-01T16:30:00-00:00,2022-09-01,10,ALMDACT1_7_B1,ALMDACT1_7_B1,ALMDACT1_7_B1,RTPD,MCE,LMP_ENE_PRC,ALMDACT1_7_B1,ALL,1,89.44858,2,3
2022-09-01T17:15:00-00:00,2022-09-01T17:30:00-00:00,2022-09-01,11,ALMDACT1_7_B1,ALMDACT1_7_B1,ALMDACT1_7_B1,RTPD,MCE,LMP_ENE_PRC,ALMDACT1_7_B1,ALL,1,99.34673,2,3
2022-09-01T18:15:00-00:00,2022-09-01T18:30:00-00:00,2022-09-01,12,ALMDACT1_7_B1,ALMDACT1_7_B1,ALMDACT1_7_B1,RTPD,MCE,LMP_ENE_PRC,ALMDACT1_7_B1,ALL,1,101.15901,2,3
2022-09-01T19:15:00-00:00,2022-09-01T19:30:00-00:00,2022-09-01,13,ALMDACT1_7_B1,ALMDACT1_7_B1,ALMDACT1_7_B1,RTPD,MCE,LMP_ENE_PRC,ALMDACT1_7_B1,ALL,1,105.30588,2,3
2022-09-01T20:15:00-00:00,2022-09-01T20:30:00-00:00,2022-09-01,14,ALMDACT1_7_B1,ALMDACT1_7_B1,ALMDACT1_7_B1,RTPD,MCE,LMP_ENE_PRC,ALMDACT1_7_B1,ALL,1,117.49421,2,3
2022-09-01T21:15:00-00:00,2022-09-01T21:30:00-00:00,2022-09-01,15,ALMDACT1_7_B1,ALMDACT1_7_B1,ALMDACT1_7_B1,RTPD,MCE,LMP_ENE_PRC,ALMDACT1_7_B1,ALL,1,147.21185,2,3
2022-09-01T22:15:00-00:00,2022-09-01T22:30:00-00:00,2022-09-01,16,ALMDACT1_7_B1,ALMDACT1_7_B1,ALMDACT1_7_B1,RTPD,MCE,LMP_ENE_PRC,ALMDACT1_7_B1,ALL,1,256.58734,2,3
2022-09-01T23:15:00-00:00,2022-09-01T23:30:00-00:00,2022-09-01,17,ALMDACT1_7_B1,ALMDACT1_7_B1,ALMDACT1_7_B1,RTPD,MCE,LMP_ENE_PRC,ALMDACT1_7_B1,ALL,1,362.12408,2,3
2022-09-02T00:15:00-00:00,2022-09-02T00:30:00-00:00,2022-09-01,18,ALMDACT1_7_B1,ALMDACT1_7_B1,ALMDACT1_7_B1,RTPD,MCE,LMP_ENE_PRC,ALMDACT1_7_B1,ALL,1,691.2182,2,3
2022-09-02T01:15:00-00:00,2022-09-02T01:30:00-00:00,2022-09-01,19,ALMDACT1_7_B1,ALMDACT1_7_B1,ALMDACT1_7_B1,RTPD,MCE,LMP_ENE_PRC,ALMDACT1_7_B1,ALL,1,1999.9933,2,3
2022-09-02T02:15:00-00:00,2022-09-02T02:30:00-00:00,2022-09-01,20,ALMDACT1_7_B1,ALMDACT1_7_B1,ALMDACT1_7_B1,RTPD,MCE,LMP_ENE_PRC,ALMDACT1_7_B1,ALL,1,1991.6721,2,3
2022-09-02T03:15:00-00:00,2022-09-02T03:30:00-00:00,2022-09-01,21,ALMDACT1_7_B1,ALMDACT1_7_B1,ALMDACT1_7_B1,RTPD,MCE,LMP_ENE_PRC,ALMDACT1_7_B1,ALL,1,400.52884,2,3
2022-09-02T04:15:00-00:00,2022-09-02T04:30:00-00:00,2022-09-01,22,ALMDACT1_7_B1,ALMDACT1_7_B1,ALMDACT1_7_B1,RTPD,MCE,LMP_ENE_PRC,ALMDACT1_7_B1,ALL,1,224.75041,2,3
2022-09-02T05:15:00-00:00,2022-09-02T05:30:00-00:00,2022-09-01,23,ALMDACT1_7_B1,ALMDACT1_7_B1,ALMDACT1_7_B1,RTPD,MCE,LMP_ENE_PRC,ALMDACT1_7_B1,ALL,1,157.11986,2,3
2022-09-02T06:15:00-00:00,2022-09-02T06:30:00-00:00,2022-09-01,24,ALMDACT1_7_B1,ALMDACT1_7_B1,ALMDACT1_7_B1,RTPD,MCE,LMP_ENE_PRC,ALMDACT1_7_B1,ALL,1,143.1005,2,3
2022-09-01T07:30:00-00:00,2022-09-01T07:45:00-00:00,2022-09-01,01,ALMDACT1_7_B1,ALMDACT1_7_B1,ALMDACT1_7_B1,RTPD,MCE,LMP_ENE_PRC,ALMDACT1_7_B1,ALL,1,119.03196,3,3
2022-09-01T08:30:00-00:00,2022-09-01T08:45:00-00:00,2022-09-01,02,ALMDACT1_7_B1,ALMDACT1_7_B1,ALMDACT1_7_B1,RTPD,MCE,LMP_ENE_PRC,ALMDACT1_7_B1,ALL,1,111.11241,3,3
2022-09-01T09:30:00-00:00,2022-09-01T09:45:00-00:00,2022-09-01,03,ALMDACT1_7_B1,ALMDACT1_7_B1,ALMDACT1_7_B1,RTPD,MCE,LMP_ENE_PRC,ALMDACT1_7_B1,ALL,1,98.16228,3,3
2022-09-01T10:30:00-00:00,2022-09-01T10:45:00-00:00,2022-09-01,04,ALMDACT1_7_B1,ALMDACT1_7_B1,ALMDACT1_7_B1,RTPD,MCE,LMP_ENE_PRC,ALMDACT1_7_B1,ALL,1,96.36226,3,3
2022-09-01T11:30:00-00:00,2022-09-01T11:45:00-00:00,2022-09-01,05,ALMDACT1_7_B1,ALMDACT1_7_B1,ALMDACT1_7_B1,RTPD,MCE,LMP_ENE_PRC,ALMDACT1_7_B1,ALL,1,103.06198,3,3
2022-09-01T12:30:00-00:00,2022-09-01T12:45:00-00:00,2022-09-01,06,ALMDACT1_7_B1,ALMDACT1_7_B1,ALMDACT1_7_B1,RTPD,MCE,LMP_ENE_PRC,ALMDACT1_7_B1,ALL,1,113.57403,3,3
2022-09-01T13:30:00-00:00,2022-09-01T13:45:00-00:00,2022-09-01,07,ALMDACT1_7_B1,ALMDACT1_7_B1,ALMDACT1_7_B1,RTPD,MCE,LMP_ENE_PRC,ALMDACT1_7_B1,ALL,1,111.52025,3,3
2022-09-01T14:30:00-00:00,2022-09-01T14:45:00-00:00,2022-09-01,08,ALMDACT1_7_B1,ALMDACT1_7_B1,ALMDACT1_7_B1,RTPD,MCE,LMP_ENE_PRC,ALMDACT1_7_B1,ALL,1,101.83428,3,3
2022-09-01T15:30:00-00:00,2022-09-01T15:45:00-00:00,2022-09-01,09,ALMDACT1_7_B1,ALMDACT1_7_B1,ALMDACT1_7_B1,RTPD,MCE,LMP_ENE_PRC,ALMDACT1_7_B1,ALL,1,86.1388,3,3
2022-09-01T16:30:00-00:00,2022-09-01T16:45:00-00:00,2022-09-01,10,ALMDACT1_7_B1,ALMDACT1_7_B1,ALMDACT1_7_B1,RTPD,MCE,LMP_ENE_PRC,ALMDACT1_7_B1,ALL,1,88.79644,3,3
2022-09-01T17:30:00-00:00,2022-09-01T17:45:00-00:00,2022-09-01,11,ALMDACT1_7_B1,ALMDACT1_7_B1,ALMDACT1_7_B1,RTPD,MCE,LMP_ENE_PRC,ALMDACT1_7_B1,ALL,1,99.13013,3,3
2022-09-01T18:30:00-00:00,2022-09-01T18:45:00-00:00,2022-09-01,12,ALMDACT1_7_B1,ALMDACT1_7_B1,ALMDACT1_7_B1,RTPD,MCE,LMP_ENE_PRC,ALMDACT1_7_B1,ALL,1,107.05718,3,3
2022-09-01T19:30:00-00:00,2022-09-01T19:45:00-00:00,2022-09-01,13,ALMDACT1_7_B1,ALMDACT1_7_B1,ALMDACT1_7_B1,RTPD,MCE,LMP_ENE_PRC,ALMDACT1_7_B1,ALL,1,114.05905,3,3
2022-09-01T20:30:00-00:00,2022-09-01T20:45:00-00:00,2022-09-01,14,ALMDACT1_7_B1,ALMDACT1_7_B1,ALMDACT1_7_B1,RTPD,MCE,LMP_ENE_PRC,ALMDACT1_7_B1,ALL,1,129.81606,3,3
2022-09-01T21:30:00-00:00,2022-09-01T21:45:00-00:00,2022-09-01,15,ALMDACT1_7_B1,ALMDACT1_7_B1,ALMDACT1_7_B1,RTPD,MCE,LMP_ENE_PRC,ALMDACT1_7_B1,ALL,1,152.93057,3,3
2022-09-01T22:30:00-00:00,2022-09-01T22:45:00-00:00,2022-09-01,16,ALMDACT1_7_B1,ALMDACT1_7_B1,ALMDACT1_7_B1,RTPD,MCE,LMP_ENE_PRC,ALMDACT1_7_B1,ALL,1,283.18182,3,3
2022-09-01T23:30:00-00:00,2022-09-01T23:45:00-00:00,2022-09-01,17,ALMDACT1_7_B1,ALMDACT1_7_B1,ALMDACT1_7_B1,RTPD,MCE,LMP_ENE_PRC,ALMDACT1_7_B1,ALL,1,566.48157,3,3
2022-09-02T00:30:00-00:00,2022-09-02T00:45:00-00:00,2022-09-01,18,ALMDACT1_7_B1,ALMDACT1_7_B1,ALMDACT1_7_B1,RTPD,MCE,LMP_ENE_PRC,ALMDACT1_7_B1,ALL,1,1329.1127,3,3
2022-09-02T01:30:00-00:00,2022-09-02T01:45:00-00:00,2022-09-01,19,ALMDACT1_7_B1,ALMDACT1_7_B1,ALMDACT1_7_B1,RTPD,MCE,LMP_ENE_PRC,ALMDACT1_7_B1,ALL,1,1999.9956,3,3
2022-09-02T02:30:00-00:00,2022-09-02T02:45:00-00:00,2022-09-01,20,ALMDACT1_7_B1,ALMDACT1_7_B1,ALMDACT1_7_B1,RTPD,MCE,LMP_ENE_PRC,ALMDACT1_7_B1,ALL,1,1991.671,3,3
2022-09-02T03:30:00-00:00,2022-09-02T03:45:00-00:00,2022-09-01,21,ALMDACT1_7_B1,ALMDACT1_7_B1,ALMDACT1_7_B1,RTPD,MCE,LMP_ENE_PRC,ALMDACT1_7_B1,ALL,1,186.61823,3,3
2022-09-02T04:30:00-00:00,2022-09-02T04:45:00-00:00,2022-09-01,22,ALMDACT1_7_B1,ALMDACT1_7_B1,ALMDACT1_7_B1,RTPD,MCE,LMP_ENE_PRC,ALMDACT1_7_B1,ALL,1,180.67824,3,3
2022-09-02T05:30:00-00:00,2022-09-02T05:45:00-00:00,2022-09-01,23,ALMDACT1_7_B1,ALMDACT1_7_B1,ALMDACT1_7_B1,RTPD,MCE,LMP_ENE_PRC,ALMDACT1_7_B1,ALL,1,131.69917,3,3
2022-09-02T06:30:00-00:00,2022-09-02T06:45:00-00:00,2022-09-01,24,ALMDACT1_7_B1,ALMDACT1_7_B1,ALMDACT1_7_B1,RTPD,MCE,LMP_ENE_PRC,ALMDACT1_7_B1,ALL,1,128.9871,3,3
2022-09-01T07:45:00-00:00,2022-09-01T08:00:00-00:00,2022-09-01,01,ALMDACT1_7_B1,ALMDACT1_7_B1,ALMDACT1_7_B1,RTPD,MCE,LMP_ENE_PRC,ALMDACT1_7_B1,ALL,1,109.12099,4,3
2022-09-01T08:45:00-00:00,2022-09-01T09:00:00-00:00,2022-09-01,02,ALMDACT1_7_B1,ALMDACT1_7_B1,ALMDACT1_7_B1,RTPD,MCE,LMP_ENE_PRC,ALMDACT1_7_B1,ALL,1,98.7357,4,3
2022-09-01T09:45:00-00:00,2022-09-01T10:00:00-00:00,2022-09-01,03,ALMDACT1_7_B1,ALMDACT1_7_B1,ALMDACT1_7_B1,RTPD,MCE,LMP_ENE_PRC,ALMDACT1_7_B1,ALL,1,97.50475,4,3
2022-09-01T10:45:00-00:00,2022-09-01T11:00:00-00:00,2022-09-01,04,ALMDACT1_7_B1,ALMDACT1_7_B1,ALMDACT1_7_B1,RTPD,MCE,LMP_ENE_PRC,ALMDACT1_7_B1,ALL,1,94.71966,4,3
2022-09-01T11:45:00-00:00,2022-09-01T12:00:00-00:00,2022-09-01,05,ALMDACT1_7_B1,ALMDACT1_7_B1,ALMDACT1_7_B1,RTPD,MCE,LMP_ENE_PRC,ALMDACT1_7_B1,ALL,1,107.01,4,3
2022-09-01T12:45:00-00:00,2022-09-01T13:00:00-00:00,2022-09-01,06,ALMDACT1_7_B1,ALMDACT1_7_B1,ALMDACT1_7_B1,RTPD,MCE,LMP_ENE_PRC,ALMDACT1_7_B1,ALL,1,116.4848,4,3
2022-09-01T13:45:00-00:00,2022-09-01T14:00:00-00:00,2022-09-01,07,ALMDACT1_7_B1,ALMDACT1_7_B1,ALMDACT1_7_B1,RTPD,MCE,LMP_ENE_PRC,ALMDACT1_7_B1,ALL,1,111.41,4,3
2022-09-01T14:45:00-00:00,2022-09-01T15:00:00-00:00,2022-09-01,08,ALMDACT1_7_B1,ALMDACT1_7_B1,ALMDACT1_7_B1,RTPD,MCE,LMP_ENE_PRC,ALMDACT1_7_B1,ALL,1,86.1388,4,3
2022-09-01T15:45:00-00:00,2022-09-01T16:00:00-00:00,2022-09-01,09,ALMDACT1_7_B1,ALMDACT1_7_B1,ALMDACT1_7_B1,RTPD,MCE,LMP_ENE_PRC,ALMDACT1_7_B1,ALL,1,78.70076,4,3
2022-09-01T16:45:00-00:00,2022-09-01T17:00:00-00:00,2022-09-01,10,ALMDACT1_7_B1,ALMDACT1_7_B1,ALMDACT1_7_B1,RTPD,MCE,LMP_ENE_PRC,ALMDACT1_7_B1,ALL,1,91.24933,4,3
2022-09-01T17:45:00-00:00,2022-09-01T18:00:00-00:00,2022-09-01,11,ALMDACT1_7_B1,ALMDACT1_7_B1,ALMDACT1_7_B1,RTPD,MCE,LMP_ENE_PRC,ALMDACT1_7_B1,ALL,1,99.20544,4,3
2022-09-01T18:45:00-00:00,2022-09-01T19:00:00-00:00,2022-09-01,12,ALMDACT1_7_B1,ALMDACT1_7_B1,ALMDACT1_7_B1,RTPD,MCE,LMP_ENE_PRC,ALMDACT1_7_B1,ALL,1,109.04064,4,3
2022-09-01T19:45:00-00:00,2022-09-01T20:00:00-00:00,2022-09-01,13,ALMDACT1_7_B1,ALMDACT1_7_B1,ALMDACT1_7_B1,RTPD,MCE,LMP_ENE_PRC,ALMDACT1_7_B1,ALL,1,120.22491,4,3
2022-09-01T20:45:00-00:00,2022-09-01T21:00:00-00:00,2022-09-01,14,ALMDACT1_7_B1,ALMDACT1_7_B1,ALMDACT1_7_B1,RTPD,MCE,LMP_ENE_PRC,ALMDACT1_7_B1,ALL,1,154.02509,4,3
2022-09-01T21:45:00-00:00,2022-09-01T22:00:00-00:00,2022-09-01,15,ALMDACT1_7_B1,ALMDACT1_7_B1,ALMDACT1_7_B1,RTPD,MCE,LMP_ENE_PRC,ALMDACT1_7_B1,ALL,1,300.29376,4,3
2022-09-01T22:45:00-00:00,2022-09-01T23:00:00-00:00,2022-09-01,16,ALMDACT1_7_B1,ALMDACT1_7_B1,ALMDACT1_7_B1,RTPD,MCE,LMP_ENE_PRC,ALMDACT1_7_B1,ALL,1,429.9137,4,3
2022-09-01T23:45:00-00:00,2022-09-02T00:00:00-00:00,2022-09-01,17,ALMDACT1_7_B1,ALMDACT1_7_B1,ALMDACT1_7_B1,RTPD,MCE,LMP_ENE_PRC,ALMDACT1_7_B1,ALL,1,1261.2124,4,3
2022-09-02T00:45:00-00:00,2022-09-02T01:00:00-00:00,2022-09-01,18,ALMDACT1_7_B1,ALMDACT1_7_B1,ALMDACT1_7_B1,RTPD,MCE,LMP_ENE_PRC,ALMDACT1_7_B1,ALL,1,1519.149,4,3
2022-09-02T01:45:00-00:00,2022-09-02T02:00:00-00:00,2022-09-01,19,ALMDACT1_7_B1,ALMDACT1_7_B1,ALMDACT1_7_B1,RTPD,MCE,LMP_ENE_PRC,ALMDACT1_7_B1,ALL,1,1991.9337,4,3
2022-09-02T02:45:00-00:00,2022-09-02T03:00:00-00:00,2022-09-01,20,ALMDACT1_7_B1,ALMDACT1_7_B1,ALMDACT1_7_B1,RTPD,MCE,LMP_ENE_PRC,ALMDACT1_7_B1,ALL,1,1629.6213,4,3
2022-09-02T03:45:00-00:00,2022-09-02T04:00:00-00:00,2022-09-01,21,ALMDACT1_7_B1,ALMDACT1_7_B1,ALMDACT1_7_B1,RTPD,MCE,LMP_ENE_PRC,ALMDACT1_7_B1,ALL,1,141.13702,4,3
2022-09-02T04:45:00-00:00,2022-09-02T05:00:00-00:00,2022-09-01,22,ALMDACT1_7_B1,ALMDACT1_7_B1,ALMDACT1_7_B1,RTPD,MCE,LMP_ENE_PRC,ALMDACT1_7_B1,ALL,1,126.76372,4,3
2022-09-02T05:45:00-00:00,2022-09-02T06:00:00-00:00,2022-09-01,23,ALMDACT1_7_B1,ALMDACT1_7_B1,ALMDACT1_7_B1,RTPD,MCE,LMP_ENE_PRC,ALMDACT1_7_B1,ALL,1,119.00958,4,3
2022-09-02T06:45:00-00:00,2022-09-02T07:00:00-00:00,2022-09-01,24,ALMDACT1_7_B1,ALMDACT1_7_B1,ALMDACT1_7_B1,RTPD,MCE,LMP_ENE_PRC,ALMDACT1_7_B1,ALL,1,109.20324,4,3
2022-09-01T07:00:00-00:00,2022-09-01T07:15:00-00:00,2022-09-01,01,ALMDACT1_7_B1,ALMDACT1_7_B1,ALMDACT1_7_B1,RTPD,MCL,LMP_LOSS_PRC,ALMDACT1_7_B1,ALL,1,-5.09708,1,4
2022-09-01T08:00:00-00:00,2022-09-01T08:15:00-00:00,2022-09-01,02,ALMDACT1_7_B1,ALMDACT1_7_B1,ALMDACT1_7_B1,RTPD,MCL,LMP_LOSS_PRC,ALMDACT1_7_B1,ALL,1,0,1,4
2022-09-01T09:00:00-00:00,2022-09-01T09:15:00-00:00,2022-09-01,03,ALMDACT1_7_B1,ALMDACT1_7_B1,ALMDACT1_7_B1,RTPD,MCL,LMP_LOSS_PRC,ALMDACT1_7_B1,ALL,1,1.34636,1,4
2022-09-01T10:00:00-00:00,2022-09-01T10:15:00-00:00,2022-09-01,04,ALMDACT1_7_B1,ALMDACT1_7_B1,ALMDACT1_7_B1,RTPD,MCL,LMP_LOSS_PRC,ALMDACT1_7_B1,ALL,1,1.38099,1,4
2022-09-01T11:00:00-00:00,2022-09-01T11:15:00-00:00,2022-09-01,05,ALMDACT1_7_B1,ALMDACT1_7_B1,ALMDACT1_7_B1,RTPD,MCL,LMP_LOSS_PRC,ALMDACT1_7_B1,ALL,1,1.69238,1,4
2022-09-01T12:00:00-00:00,2022-09-01T12:15:00-00:00,2022-09-01,06,ALMDACT1_7_B1,ALMDACT1_7_B1,ALMDACT1_7_B1,RTPD,MCL,LMP_LOSS_PRC,ALMDACT1_7_B1,ALL,1,1.17259,1,4
2022-09-01T13:00:00-00:00,2022-09-01T13:15:00-00:00,2022-09-01,07,ALMDACT1_7_B1,ALMDACT1_7_B1,ALMDACT1_7_B1,RTPD,MCL,LMP_LOSS_PRC,ALMDACT1_7_B1,ALL,1,0,1,4
2022-09-01T14:00:00-00:00,2022-09-01T14:15:00-00:00,2022-09-01,08,ALMDACT1_7_B1,ALMDACT1_7_B1,ALMDACT1_7_B1,RTPD,MCL,LMP_LOSS_PRC,ALMDACT1_7_B1,ALL,1,4.3556,1,4
2022-09-01T15:00:00-00:00,2022-09-01T15:15:00-00:00,2022-09-01,09,ALMDACT1_7_B1,ALMDACT1_7_B1,ALMDACT1_7_B1,RTPD,MCL,LMP_LOSS_PRC,ALMDACT1_7_B1,ALL,1,0,1,4
2022-09-01T16:00:00-00:00,2022-09-01T16:15:00-00:00,2022-09-01,10,ALMDACT1_7_B1,ALMDACT1_7_B1,ALMDACT1_7_B1,RTPD,MCL,LMP_LOSS_PRC,ALMDACT1_7_B1,ALL,1,0,1,4
2022-09-01T17:00:00-00:00,2022-09-01T17:15:00-00:00,2022-09-01,11,ALMDACT1_7_B1,ALMDACT1_7_B1,ALMDACT1_7_B1,RTPD,MCL,LMP_LOSS_PRC,ALMDACT1_7_B1,ALL,1,0,1,4
2022-09-01T18:00:00-00:00,2022-09-01T18:15:00-00:00,2022-09-01,12,ALMDACT1_7_B1,ALMDACT1_7_B1,ALMDACT1_7_B1,RTPD,MCL,LMP_LOSS_PRC,ALMDACT1_7_B1,ALL,1,0,1,4
2022-09-01T19:00:00-00:00,2022-09-01T19:15:00-00:00,2022-09-01,13,ALMDACT1_7_B1,ALMDACT1_7_B1,ALMDACT1_7_B1,RTPD,MCL,LMP_LOSS_PRC,ALMDACT1_7_B1,ALL,1,0,1,4
2022-09-01T20:00:00-00:00,2022-09-01T20:15:00-00:00,2022-09-01,14,ALMDACT1_7_B1,ALMDACT1_7_B1,ALMDACT1_7_B1,RTPD,MCL,LMP_LOSS_PRC,ALMDACT1_7_B1,ALL,1,0,1,4
2022-09-01T21:00:00-00:00,2022-09-01T21:15:00-00:00,2022-09-01,15,ALMDACT1_7_B1,ALMDACT1_7_B1,ALMDACT1_7_B1,RTPD,MCL,LMP_LOSS_PRC,ALMDACT1_7_B1,ALL,1,0,1,4
2022-09-01T22:00:00-00:00,2022-09-01T22:15:00-00:00,2022-09-01,16,ALMDACT1_7_B1,ALMDACT1_7_B1,ALMDACT1_7_B1,RTPD,MCL,LMP_LOSS_PRC,ALMDACT1_7_B1,ALL,1,0,1,4
2022-09-01T23:00:00-00:00,2022-09-01T23:15:00-00:00,2022-09-01,17,ALMDACT1_7_B1,ALMDACT1_7_B1,ALMDACT1_7_B1,RTPD,MCL,LMP_LOSS_PRC,ALMDACT1_7_B1,ALL,1,0,1,4
2022-09-02T00:00:00-00:00,2022-09-02T00:15:00-00:00,2022-09-01,18,ALMDACT1_7_B1,ALMDACT1_7_B1,ALMDACT1_7_B1,RTPD,MCL,LMP_LOSS_PRC,ALMDACT1_7_B1,ALL,1,52.0913,1,4
2022-09-02T01:00:00-00:00,2022-09-02T01:15:00-00:00,2022-09-01,19,ALMDACT1_7_B1,ALMDACT1_7_B1,ALMDACT1_7_B1,RTPD,MCL,LMP_LOSS_PRC,ALMDACT1_7_B1,ALL,1,0,1,4
2022-09-02T02:00:00-00:00,2022-09-02T02:15:00-00:00,2022-09-01,20,ALMDACT1_7_B1,ALMDACT1_7_B1,ALMDACT1_7_B1,RTPD,MCL,LMP_LOSS_PRC,ALMDACT1_7_B1,ALL,1,0,1,4
2022-09-02T03:00:00-00:00,2022-09-02T03:15:00-00:00,2022-09-01,21,ALMDACT1_7_B1,ALMDACT1_7_B1,ALMDACT1_7_B1,RTPD,MCL,LMP_LOSS_PRC,ALMDACT1_7_B1,ALL,1,48.44668,1,4
2022-09-02T04:00:00-00:00,2022-09-02T04:15:00-00:00,2022-09-01,22,ALMDACT1_7_B1,ALMDACT1_7_B1,ALMDACT1_7_B1,RTPD,MCL,LMP_LOSS_PRC,ALMDACT1_7_B1,ALL,1,7.68334,1,4
2022-09-02T05:00:00-00:00,2022-09-02T05:15:00-00:00,2022-09-01,23,ALMDACT1_7_B1,ALMDACT1_7_B1,ALMDACT1_7_B1,RTPD,MCL,LMP_LOSS_PRC,ALMDACT1_7_B1,ALL,1,6.17541,1,4
2022-09-02T06:00:00-00:00,2022-09-02T06:15:00-00:00,2022-09-01,24,ALMDACT1_7_B1,ALMDACT1_7_B1,ALMDACT1_7_B1,RTPD,MCL,LMP_LOSS_PRC,ALMDACT1_7_B1,ALL,1,3.60628,1,4
2022-09-01T07:15:00-00:00,2022-09-01T07:30:00-00:00,2022-09-01,01,ALMDACT1_7_B1,ALMDACT1_7_B1,ALMDACT1_7_B1,RTPD,MCL,LMP_LOSS_PRC,ALMDACT1_7_B1,ALL,1,0,2,4
2022-09-01T08:15:00-00:00,2022-09-01T08:30:00-00:00,2022-09-01,02,ALMDACT1_7_B1,ALMDACT1_7_B1,ALMDACT1_7_B1,RTPD,MCL,LMP_LOSS_PRC,ALMDACT1_7_B1,ALL,1,0,2,4
2022-09-01T09:15:00-00:00,2022-09-01T09:30:00-00:00,2022-09-01,03,ALMDACT1_7_B1,ALMDACT1_7_B1,ALMDACT1_7_B1,RTPD,MCL,LMP_LOSS_PRC,ALMDACT1_7_B1,ALL,1,1.30746,2,4
2022-09-01T10:15:00-00:00,2022-09-01T10:30:00-00:00,2022-09-01,04,ALMDACT1_7_B1,ALMDACT1_7_B1,ALMDACT1_7_B1,RTPD,MCL,LMP_LOSS_PRC,ALMDACT1_7_B1,ALL,1,1.3969,2,4
2022-09-01T11:15:00-00:00,2022-09-01T11:30:00-00:00,2022-09-01,05,ALMDACT1_7_B1,ALMDACT1_7_B1,ALMDACT1_7_B1,RTPD,MCL,LMP_LOSS_PRC,ALMDACT1_7_B1,ALL,1,1.67007,2,4
2022-09-01T12:15:00-00:00,2022-09-01T12:30:00-00:00,2022-09-01,06,ALMDACT1_7_B1,ALMDACT1_7_B1,ALMDACT1_7_B1,RTPD,MCL,LMP_LOSS_PRC,ALMDACT1_7_B1,ALL,1,1.58517,2,4
2022-09-01T13:15:00-00:00,2022-09-01T13:30:00-00:00,2022-09-01,07,ALMDACT1_7_B1,ALMDACT1_7_B1,ALMDACT1_7_B1,RTPD,MCL,LMP_LOSS_PRC,ALMDACT1_7_B1,ALL,1,2.0642,2,4
2022-09-01T14:15:00-00:00,2022-09-01T14:30:00-00:00,2022-09-01,08,ALMDACT1_7_B1,ALMDACT1_7_B1,ALMDACT1_7_B1,RTPD,MCL,LMP_LOSS_PRC,ALMDACT1_7_B1,ALL,1,3.94001,2,4
2022-09-01T15:15:00-00:00,2022-09-01T15:30:00-00:00,2022-09-01,09,ALMDACT1_7_B1,ALMDACT1_7_B1,ALMDACT1_7_B1,RTPD,MCL,LMP_LOSS_PRC,ALMDACT1_7_B1,ALL,1,0,2,4
2022-09-01T16:15:00-00:00,2022-09-01T16:30:00-00:00,2022-09-01,10,ALMDACT1_7_B1,ALMDACT1_7_B1,ALMDACT1_7_B1,RTPD,MCL,LMP_LOSS_PRC,ALMDACT1_7_B1,ALL,1,0,2,4
2022-09-01T17:15:00-00:00,2022-09-01T17:30:00-00:00,2022-09-01,11,ALMDACT1_7_B1,ALMDACT1_7_B1,ALMDACT1_7_B1,RTPD,MCL,LMP_LOSS_PRC,ALMDACT1_7_B1,ALL,1,0,2,4
2022-09-01T18:15:00-00:00,2022-09-01T18:30:00-00:00,2022-09-01,12,ALMDACT1_7_B1,ALMDACT1_7_B1,ALMDACT1_7_B1,RTPD,MCL,LMP_LOSS_PRC,ALMDACT1_7_B1,ALL,1,0,2,4
2022-09-01T19:15:00-00:00,2022-09-01T19:30:00-00:00,2022-09-01,13,ALMDACT1_7_B1,ALMDACT1_7_B1,ALMDACT1_7_B1,RTPD,MCL,LMP_LOSS_PRC,ALMDACT1_7_B1,ALL,1,0,2,4
2022-09-01T20:15:00-00:00,2022-09-01T20:30:00-00:00,2022-09-01,14,ALMDACT1_7_B1,ALMDACT1_7_B1,ALMDACT1_7_B1,RTPD,MCL,LMP_LOSS_PRC,ALMDACT1_7_B1,ALL,1,0,2,4
2022-09-01T21:15:00-00:00,2022-09-01T21:30:00-00:00,2022-09-01,15,ALMDACT1_7_B1,ALMDACT1_7_B1,ALMDACT1_7_B1,RTPD,MCL,LMP_LOSS_PRC,ALMDACT1_7_B1,ALL,1,0,2,4
2022-09-01T22:15:00-00:00,2022-09-01T22:30:00-00:00,2022-09-01,16,ALMDACT1_7_B1,ALMDACT1_7_B1,ALMDACT1_7_B1,RTPD,MCL,LMP_LOSS_PRC,ALMDACT1_7_B1,ALL,1,0,2,4
2022-09-01T23:15:00-00:00,2022-09-01T23:30:00-00:00,2022-09-01,17,ALMDACT1_7_B1,ALMDACT1_7_B1,ALMDACT1_7_B1,RTPD,MCL,LMP_LOSS_PRC,ALMDACT1_7_B1,ALL,1,0,2,4
2022-09-02T00:15:00-00:00,2022-09-02T00:30:00-00:00,2022-09-01,18,ALMDACT1_7_B1,ALMDACT1_7_B1,ALMDACT1_7_B1,RTPD,MCL,LMP_LOSS_PRC,ALMDACT1_7_B1,ALL,1,45.82777,2,4
2022-09-02T01:15:00-00:00,2022-09-02T01:30:00-00:00,2022-09-01,19,ALMDACT1_7_B1,ALMDACT1_7_B1,ALMDACT1_7_B1,RTPD,MCL,LMP_LOSS_PRC,ALMDACT1_7_B1,ALL,1,0,2,4
2022-09-02T02:15:00-00:00,2022-09-02T02:30:00-00:00,2022-09-01,20,ALMDACT1_7_B1,ALMDACT1_7_B1,ALMDACT1_7_B1,RTPD,MCL,LMP_LOSS_PRC,ALMDACT1_7_B1,ALL,1,0,2,4
2022-09-02T03:15:00-00:00,2022-09-02T03:30:00-00:00,2022-09-01,21,ALMDACT1_7_B1,ALMDACT1_7_B1,ALMDACT1_7_B1,RTPD,MCL,LMP_LOSS_PRC,ALMDACT1_7_B1,ALL,1,20.8275,2,4
2022-09-02T04:15:00-00:00,2022-09-02T04:30:00-00:00,2022-09-01,22,ALMDACT1_7_B1,ALMDACT1_7_B1,ALMDACT1_7_B1,RTPD,MCL,LMP_LOSS_PRC,ALMDACT1_7_B1,ALL,1,6.56271,2,4
2022-09-02T05:15:00-00:00,2022-09-02T05:30:00-00:00,2022-09-01,23,ALMDACT1_7_B1,ALMDACT1_7_B1,ALMDACT1_7_B1,RTPD,MCL,LMP_LOSS_PRC,ALMDACT1_7_B1,ALL,1,4.44649,2,4
2022-09-02T06:15:00-00:00,2022-09-02T06:30:00-00:00,2022-09-01,24,ALMDACT1_7_B1,ALMDACT1_7_B1,ALMDACT1_7_B1,RTPD,MCL,LMP_LOSS_PRC,ALMDACT1_7_B1,ALL,1,1.90324,2,4
2022-09-01T07:30:00-00:00,2022-09-01T07:45:00-00:00,2022-09-01,01,ALMDACT1_7_B1,ALMDACT1_7_B1,ALMDACT1_7_B1,RTPD,MCL,LMP_LOSS_PRC,ALMDACT1_7_B1,ALL,1,0,3,4
2022-09-01T08:30:00-00:00,2022-09-01T08:45:00-00:00,2022-09-01,02,ALMDACT1_7_B1,ALMDACT1_7_B1,ALMDACT1_7_B1,RTPD,MCL,LMP_LOSS_PRC,ALMDACT1_7_B1,ALL,1,1.72224,3,4
2022-09-01T09:30:00-00:00,2022-09-01T09:45:00-00:00,2022-09-01,03,ALMDACT1_7_B1,ALMDACT1_7_B1,ALMDACT1_7_B1,RTPD,MCL,LMP_LOSS_PRC,ALMDACT1_7_B1,ALL,1,1.09942,3,4
2022-09-01T10:30:00-00:00,2022-09-01T10:45:00-00:00,2022-09-01,04,ALMDACT1_7_B1,ALMDACT1_7_B1,ALMDACT1_7_B1,RTPD,MCL,LMP_LOSS_PRC,ALMDACT1_7_B1,ALL,1,1.49362,3,4
2022-09-01T11:30:00-00:00,2022-09-01T11:45:00-00:00,2022-09-01,05,ALMDACT1_7_B1,ALMDACT1_7_B1,ALMDACT1_7_B1,RTPD,MCL,LMP_LOSS_PRC,ALMDACT1_7_B1,ALL,1,1.8345,3,4
2022-09-01T12:30:00-00:00,2022-09-01T12:45:00-00:00,2022-09-01,06,ALMDACT1_7_B1,ALMDACT1_7_B1,ALMDACT1_7_B1,RTPD,MCL,LMP_LOSS_PRC,ALMDACT1_7_B1,ALL,1,1.77175,3,4
2022-09-01T13:30:00-00:00,2022-09-01T13:45:00-00:00,2022-09-01,07,ALMDACT1_7_B1,ALMDACT1_7_B1,ALMDACT1_7_B1,RTPD,MCL,LMP_LOSS_PRC,ALMDACT1_7_B1,ALL,1,2.36423,3,4
2022-09-01T14:30:00-00:00,2022-09-01T14:45:00-00:00,2022-09-01,08,ALMDACT1_7_B1,ALMDACT1_7_B1,ALMDACT1_7_B1,RTPD,MCL,LMP_LOSS_PRC,ALMDACT1_7_B1,ALL,1,4.23631,3,4
2022-09-01T15:30:00-00:00,2022-09-01T15:45:00-00:00,2022-09-01,09,ALMDACT1_7_B1,ALMDACT1_7_B1,ALMDACT1_7_B1,RTPD,MCL,LMP_LOSS_PRC,ALMDACT1_7_B1,ALL,1,0,3,4
2022-09-01T16:30:00-00:00,2022-09-01T16:45:00-00:00,2022-09-01,10,ALMDACT1_7_B1,ALMDACT1_7_B1,ALMDACT1_7_B1,RTPD,MCL,LMP_LOSS_PRC,ALMDACT1_7_B1,ALL,1,0,3,4
2022-09-01T17:30:00-00:00,2022-09-01T17:45:00-00:00,2022-09-01,11,ALMDACT1_7_B1,ALMDACT1_7_B1,ALMDACT1_7_B1,RTPD,MCL,LMP_LOSS_PRC,ALMDACT1_7_B1,ALL,1,0,3,4
2022-09-01T18:30:00-00:00,2022-09-01T18:45:00-00:00,2022-09-01,12,ALMDACT1_7_B1,ALMDACT1_7_B1,ALMDACT1_7_B1,RTPD,MCL,LMP_LOSS_PRC,ALMDACT1_7_B1,ALL,1,0,3,4
2022-09-01T19:30:00-00:00,2022-09-01T19:45:00-00:00,2022-09-01,13,ALMDACT1_7_B1,ALMDACT1_7_B1,ALMDACT1_7_B1,RTPD,MCL,LMP_LOSS_PRC,ALMDACT1_7_B1,ALL,1,0,3,4
2022-09-01T20:30:00-00:00,2022-09-01T20:45:00-00:00,2022-09-01,14,ALMDACT1_7_B1,ALMDACT1_7_B1,ALMDACT1_7_B1,RTPD,MCL,LMP_LOSS_PRC,ALMDACT1_7_B1,ALL,1,0,3,4
2022-09-01T21:30:00-00:00,2022-09-01T21:45:00-00:00,2022-09-01,15,ALMDACT1_7_B1,ALMDACT1_7_B1,ALMDACT1_7_B1,RTPD,MCL,LMP_LOSS_PRC,ALMDACT1_7_B1,ALL,1,0,3,4
2022-09-01T22:30:00-00:00,2022-09-01T22:45:00-00:00,2022-09-01,16,ALMDACT1_7_B1,ALMDACT1_7_B1,ALMDACT1_7_B1,RTPD,MCL,LMP_LOSS_PRC,ALMDACT1_7_B1,ALL,1,0,3,4
2022-09-01T23:30:00-00:00,2022-09-01T23:45:00-00:00,2022-09-01,17,ALMDACT1_7_B1,ALMDACT1_7_B1,ALMDACT1_7_B1,RTPD,MCL,LMP_LOSS_PRC,ALMDACT1_7_B1,ALL,1,0,3,4
2022-09-02T00:30:00-00:00,2022-09-02T00:45:00-00:00,2022-09-01,18,ALMDACT1_7_B1,ALMDACT1_7_B1,ALMDACT1_7_B1,RTPD,MCL,LMP_LOSS_PRC,ALMDACT1_7_B1,ALL,1,0,3,4
2022-09-02T01:30:00-00:00,2022-09-02T01:45:00-00:00,2022-09-01,19,ALMDACT1_7_B1,ALMDACT1_7_B1,ALMDACT1_7_B1,RTPD,MCL,LMP_LOSS_PRC,ALMDACT1_7_B1,ALL,1,0,3,4
2022-09-02T02:30:00-00:00,2022-09-02T02:45:00-00:00,2022-09-01,20,ALMDACT1_7_B1,ALMDACT1_7_B1,ALMDACT1_7_B1,RTPD,MCL,LMP_LOSS_PRC,ALMDACT1_7_B1,ALL,1,0,3,4
2022-09-02T03:30:00-00:00,2022-09-02T03:45:00-00:00,2022-09-01,21,ALMDACT1_7_B1,ALMDACT1_7_B1,ALMDACT1_7_B1,RTPD,MCL,LMP_LOSS_PRC,ALMDACT1_7_B1,ALL,1,9.79746,3,4
2022-09-02T04:30:00-00:00,2022-09-02T04:45:00-00:00,2022-09-01,22,ALMDACT1_7_B1,ALMDACT1_7_B1,ALMDACT1_7_B1,RTPD,MCL,LMP_LOSS_PRC,ALMDACT1_7_B1,ALL,1,3.81231,3,4
2022-09-02T05:30:00-00:00,2022-09-02T05:45:00-00:00,2022-09-01,23,ALMDACT1_7_B1,ALMDACT1_7_B1,ALMDACT1_7_B1,RTPD,MCL,LMP_LOSS_PRC,ALMDACT1_7_B1,ALL,1,3.20029,3,4
2022-09-02T06:30:00-00:00,2022-09-02T06:45:00-00:00,2022-09-01,24,ALMDACT1_7_B1,ALMDACT1_7_B1,ALMDACT1_7_B1,RTPD,MCL,LMP_LOSS_PRC,ALMDACT1_7_B1,ALL,1,2.73453,3,4
2022-09-01T07:45:00-00:00,2022-09-01T08:00:00-00:00,2022-09-01,01,ALMDACT1_7_B1,ALMDACT1_7_B1,ALMDACT1_7_B1,RTPD,MCL,LMP_LOSS_PRC,ALMDACT1_7_B1,ALL,1,0,4,4
2022-09-01T08:45:00-00:00,2022-09-01T09:00:00-00:00,2022-09-01,02,ALMDACT1_7_B1,ALMDACT1_7_B1,ALMDACT1_7_B1,RTPD,MCL,LMP_LOSS_PRC,ALMDACT1_7_B1,ALL,1,1.48104,4,4
2022-09-01T09:45:00-00:00,2022-09-01T10:00:00-00:00,2022-09-01,03,ALMDACT1_7_B1,ALMDACT1_7_B1,ALMDACT1_7_B1,RTPD,MCL,LMP_LOSS_PRC,ALMDACT1_7_B1,ALL,1,1.07255,4,4
2022-09-01T10:45:00-00:00,2022-09-01T11:00:00-00:00,2022-09-01,04,ALMDACT1_7_B1,ALMDACT1_7_B1,ALMDACT1_7_B1,RTPD,MCL,LMP_LOSS_PRC,ALMDACT1_7_B1,ALL,1,1.41132,4,4
2022-09-01T11:45:00-00:00,2022-09-01T12:00:00-00:00,2022-09-01,05,ALMDACT1_7_B1,ALMDACT1_7_B1,ALMDACT1_7_B1,RTPD,MCL,LMP_LOSS_PRC,ALMDACT1_7_B1,ALL,1,0,4,4
2022-09-01T12:45:00-00:00,2022-09-01T13:00:00-00:00,2022-09-01,06,ALMDACT1_7_B1,ALMDACT1_7_B1,ALMDACT1_7_B1,RTPD,MCL,LMP_LOSS_PRC,ALMDACT1_7_B1,ALL,1,0,4,4
2022-09-01T13:45:00-00:00,2022-09-01T14:00:00-00:00,2022-09-01,07,ALMDACT1_7_B1,ALMDACT1_7_B1,ALMDACT1_7_B1,RTPD,MCL,LMP_LOSS_PRC,ALMDACT1_7_B1,ALL,1,0,4,4
2022-09-01T14:45:00-00:00,2022-09-01T15:00:00-00:00,2022-09-01,08,ALMDACT1_7_B1,ALMDACT1_7_B1,ALMDACT1_7_B1,RTPD,MCL,LMP_LOSS_PRC,ALMDACT1_7_B1,ALL,1,0,4,4
2022-09-01T15:45:00-00:00,2022-09-01T16:00:00-00:00,2022-09-01,09,ALMDACT1_7_B1,ALMDACT1_7_B1,ALMDACT1_7_B1,RTPD,MCL,LMP_LOSS_PRC,ALMDACT1_7_B1,ALL,1,0,4,4
2022-09-01T16:45:00-00:00,2022-09-01T17:00:00-00:00,2022-09-01,10,ALMDACT1_7_B1,ALMDACT1_7_B1,ALMDACT1_7_B1,RTPD,MCL,LMP_LOSS_PRC,ALMDACT1_7_B1,ALL,1,0,4,4
2022-09-01T17:45:00-00:00,2022-09-01T18:00:00-00:00,2022-09-01,11,ALMDACT1_7_B1,ALMDACT1_7_B1,ALMDACT1_7_B1,RTPD,MCL,LMP_LOSS_PRC,ALMDACT1_7_B1,ALL,1,0,4,4
2022-09-01T18:45:00-00:00,2022-09-01T19:00:00-00:00,2022-09-01,12,ALMDACT1_7_B1,ALMDACT1_7_B1,ALMDACT1_7_B1,RTPD,MCL,LMP_LOSS_PRC,ALMDACT1_7_B1,ALL,1,0,4,4
2022-09-01T19:45:00-00:00,2022-09-01T20:00:00-00:00,2022-09-01,13,ALMDACT1_7_B1,ALMDACT1_7_B1,ALMDACT1_7_B1,RTPD,MCL,LMP_LOSS_PRC,ALMDACT1_7_B1,ALL,1,0,4,4
2022-09-01T20:45:00-00:00,2022-09-01T21:00:00-00:00,2022-09-01,14,ALMDACT1_7_B1,ALMDACT1_7_B1,ALMDACT1_7_B1,RTPD,MCL,LMP_LOSS_PRC,ALMDACT1_7_B1,ALL,1,0,4,4
2022-09-01T21:45:00-00:00,2022-09-01T22:00:00-00:00,2022-09-01,15,ALMDACT1_7_B1,ALMDACT1_7_B1,ALMDACT1_7_B1,RTPD,MCL,LMP_LOSS_PRC,ALMDACT1_7_B1,ALL,1,0,4,4
2022-09-01T22:45:00-00:00,2022-09-01T23:00:00-00:00,2022-09-01,16,ALMDACT1_7_B1,ALMDACT1_7_B1,ALMDACT1_7_B1,RTPD,MCL,LMP_LOSS_PRC,ALMDACT1_7_B1,ALL,1,0,4,4
2022-09-01T23:45:00-00:00,2022-09-02T00:00:00-00:00,2022-09-01,17,ALMDACT1_7_B1,ALMDACT1_7_B1,ALMDACT1_7_B1,RTPD,MCL,LMP_LOSS_PRC,ALMDACT1_7_B1,ALL,1,0,4,4
2022-09-02T00:45:00-00:00,2022-09-02T01:00:00-00:00,2022-09-01,18,ALMDACT1_7_B1,ALMDACT1_7_B1,ALMDACT1_7_B1,RTPD,MCL,LMP_LOSS_PRC,ALMDACT1_7_B1,ALL,1,0,4,4
2022-09-02T01:45:00-00:00,2022-09-02T02:00:00-00:00,2022-09-01,19,ALMDACT1_7_B1,ALMDACT1_7_B1,ALMDACT1_7_B1,RTPD,MCL,LMP_LOSS_PRC,ALMDACT1_7_B1,ALL,1,0,4,4
2022-09-02T02:45:00-00:00,2022-09-02T03:00:00-00:00,2022-09-01,20,ALMDACT1_7_B1,ALMDACT1_7_B1,ALMDACT1_7_B1,RTPD,MCL,LMP_LOSS_PRC,ALMDACT1_7_B1,ALL,1,101.19949,4,4
2022-09-02T03:45:00-00:00,2022-09-02T04:00:00-00:00,2022-09-01,21,ALMDACT1_7_B1,ALMDACT1_7_B1,ALMDACT1_7_B1,RTPD,MCL,LMP_LOSS_PRC,ALMDACT1_7_B1,ALL,1,6.19592,4,4
2022-09-02T04:45:00-00:00,2022-09-02T05:00:00-00:00,2022-09-01,22,ALMDACT1_7_B1,ALMDACT1_7_B1,ALMDACT1_7_B1,RTPD,MCL,LMP_LOSS_PRC,ALMDACT1_7_B1,ALL,1,3.60009,4,4
2022-09-02T05:45:00-00:00,2022-09-02T06:00:00-00:00,2022-09-01,23,ALMDACT1_7_B1,ALMDACT1_7_B1,ALMDACT1_7_B1,RTPD,MCL,LMP_LOSS_PRC,ALMDACT1_7_B1,ALL,1,2.86813,4,4
2022-09-02T06:45:00-00:00,2022-09-02T07:00:00-00:00,2022-09-01,24,ALMDACT1_7_B1,ALMDACT1_7_B1,ALMDACT1_7_B1,RTPD,MCL,LMP_LOSS_PRC,ALMDACT1_7_B1,ALL,1,2.54444,4,4
2022-09-01T07:00:00-00:00,2022-09-01T07:15:00-00:00,2022-09-01,01,ALMDACT1_7_B1,ALMDACT1_7_B1,ALMDACT1_7_B1,RTPD,MGHG,LMP_GHG_PRC,ALMDACT1_7_B1,ALL,1,0,1,5
2022-09-01T08:00:00-00:00,2022-09-01T08:15:00-00:00,2022-09-01,02,ALMDACT1_7_B1,ALMDACT1_7_B1,ALMDACT1_7_B1,RTPD,MGHG,LMP_GHG_PRC,ALMDACT1_7_B1,ALL,1,0,1,5
2022-09-01T09:00:00-00:00,2022-09-01T09:15:00-00:00,2022-09-01,03,ALMDACT1_7_B1,ALMDACT1_7_B1,ALMDACT1_7_B1,RTPD,MGHG,LMP_GHG_PRC,ALMDACT1_7_B1,ALL,1,0,1,5
2022-09-01T10:00:00-00:00,2022-09-01T10:15:00-00:00,2022-09-01,04,ALMDACT1_7_B1,ALMDACT1_7_B1,ALMDACT1_7_B1,RTPD,MGHG,LMP_GHG_PRC,ALMDACT1_7_B1,ALL,1,0,1,5
2022-09-01T11:00:00-00:00,2022-09-01T11:15:00-00:00,2022-09-01,05,ALMDACT1_7_B1,ALMDACT1_7_B1,ALMDACT1_7_B1,RTPD,MGHG,LMP_GHG_PRC,ALMDACT1_7_B1,ALL,1,0,1,5
2022-09-01T12:00:00-00:00,2022-09-01T12:15:00-00:00,2022-09-01,06,ALMDACT1_7_B1,ALMDACT1_7_B1,ALMDACT1_7_B1,RTPD,MGHG,LMP_GHG_PRC,ALMDACT1_7_B1,ALL,1,0,1,5
2022-09-01T13:00:00-00:00,2022-09-01T13:15:00-00:00,2022-09-01,07,ALMDACT1_7_B1,ALMDACT1_7_B1,ALMDACT1_7_B1,RTPD,MGHG,LMP_GHG_PRC,ALMDACT1_7_B1,ALL,1,0,1,5
2022-09-01T14:00:00-00:00,2022-09-01T14:15:00-00:00,2022-09-01,08,ALMDACT1_7_B1,ALMDACT1_7_B1,ALMDACT1_7_B1,RTPD,MGHG,LMP_GHG_PRC,ALMDACT1_7_B1,ALL,1,0,1,5
2022-09-01T15:00:00-00:00,2022-09-01T15:15:00-00:00,2022-09-01,09,ALMDACT1_7_B1,ALMDACT1_7_B1,ALMDACT1_7_B1,RTPD,MGHG,LMP_GHG_PRC,ALMDACT1_7_B1,ALL,1,0,1,5
2022-09-01T16:00:00-00:00,2022-09-01T16:15:00-00:00,2022-09-01,10,ALMDACT1_7_B1,ALMDACT1_7_B1,ALMDACT1_7_B1,RTPD,MGHG,LMP_GHG_PRC,ALMDACT1_7_B1,ALL,1,0,1,5
2022-09-01T17:00:00-00:00,2022-09-01T17:15:00-00:00,2022-09-01,11,ALMDACT1_7_B1,ALMDACT1_7_B1,ALMDACT1_7_B1,RTPD,MGHG,LMP_GHG_PRC,ALMDACT1_7_B1,ALL,1,0,1,5
2022-09-01T18:00:00-00:00,2022-09-01T18:15:00-00:00,2022-09-01,12,ALMDACT1_7_B1,ALMDACT1_7_B1,ALMDACT1_7_B1,RTPD,MGHG,LMP_GHG_PRC,ALMDACT1_7_B1,ALL,1,0,1,5
2022-09-01T19:00:00-00:00,2022-09-01T19:15:00-00:00,2022-09-01,13,ALMDACT1_7_B1,ALMDACT1_7_B1,ALMDACT1_7_B1,RTPD,MGHG,LMP_GHG_PRC,ALMDACT1_7_B1,ALL,1,0,1,5
2022-09-01T20:00:00-00:00,2022-09-01T20:15:00-00:00,2022-09-01,14,ALMDACT1_7_B1,ALMDACT1_7_B1,ALMDACT1_7_B1,RTPD,MGHG,LMP_GHG_PRC,ALMDACT1_7_B1,ALL,1,0,1,5
2022-09-01T21:00:00-00:00,2022-09-01T21:15:00-00:00,2022-09-01,15,ALMDACT1_7_B1,ALMDACT1_7_B1,ALMDACT1_7_B1,RTPD,MGHG,LMP_GHG_PRC,ALMDACT1_7_B1,ALL,1,0,1,5
2022-09-01T22:00:00-00:00,2022-09-01T22:15:00-00:00,2022-09-01,16,ALMDACT1_7_B1,ALMDACT1_7_B1,ALMDACT1_7_B1,RTPD,MGHG,LMP_GHG_PRC,ALMDACT1_7_B1,ALL,1,0,1,5
2022-09-01T23:00:00-00:00,2022-09-01T23:15:00-00:00,2022-09-01,17,ALMDACT1_7_B1,ALMDACT1_7_B1,ALMDACT1_7_B1,RTPD,MGHG,LMP_GHG_PRC,ALMDACT1_7_B1,ALL,1,0,1,5
2022-09-02T00:00:00-00:00,2022-09-02T00:15:00-00:00,2022-09-01,18,ALMDACT1_7_B1,ALMDACT1_7_B1,ALMDACT1_7_B1,RTPD,MGHG,LMP_GHG_PRC,ALMDACT1_7_B1,ALL,1,0,1,5
2022-09-02T01:00:00-00:00,2022-09-02T01:15:00-00:00,2022-09-01,19,ALMDACT1_7_B1,ALMDACT1_7_B1,ALMDACT1_7_B1,RTPD,MGHG,LMP_GHG_PRC,ALMDACT1_7_B1,ALL,1,0,1,5
2022-09-02T02:00:00-00:00,2022-09-02T02:15:00-00:00,2022-09-01,20,ALMDACT1_7_B1,ALMDACT1_7_B1,ALMDACT1_7_B1,RTPD,MGHG,LMP_GHG_PRC,ALMDACT1_7_B1,ALL,1,0,1,5
2022-09-02T03:00:00-00:00,2022-09-02T03:15:00-00:00,2022-09-01,21,ALMDACT1_7_B1,ALMDACT1_7_B1,ALMDACT1_7_B1,RTPD,MGHG,LMP_GHG_PRC,ALMDACT1_7_B1,ALL,1,0,1,5
2022-09-02T04:00:00-00:00,2022-09-02T04:15:00-00:00,2022-09-01,22,ALMDACT1_7_B1,ALMDACT1_7_B1,ALMDACT1_7_B1,RTPD,MGHG,LMP_GHG_PRC,ALMDACT1_7_B1,ALL,1,0,1,5
2022-09-02T05:00:00-00:00,2022-09-02T05:15:00-00:00,2022-09-01,23,ALMDACT1_7_B1,ALMDACT1_7_B1,ALMDACT1_7_B1,RTPD,MGHG,LMP_GHG_PRC,ALMDACT1_7_B1,ALL,1,0,1,5
2022-09-02T06:00:00-00:00,2022-09-02T06:15:00-00:00,2022-09-01,24,ALMDACT1_7_B1,ALMDACT1_7_B1,ALMDACT1_7_B1,RTPD,MGHG,LMP_GHG_PRC,ALMDACT1_7_B1,ALL,1,0,1,5
2022-09-01T07:15:00-00:00,2022-09-01T07:30:00-00:00,2022-09-01,01,ALMDACT1_7_B1,ALMDACT1_7_B1,ALMDACT1_7_B1,RTPD,MGHG,LMP_GHG_PRC,ALMDACT1_7_B1,ALL,1,0,2,5
2022-09-01T08:15:00-00:00,2022-09-01T08:30:00-00:00,2022-09-01,02,ALMDACT1_7_B1,ALMDACT1_7_B1,ALMDACT1_7_B1,RTPD,MGHG,LMP_GHG_PRC,ALMDACT1_7_B1,ALL,1,0,2,5
2022-09-01T09:15:00-00:00,2022-09-01T09:30:00-00:00,2022-09-01,03,ALMDACT1_7_B1,ALMDACT1_7_B1,ALMDACT1_7_B1,RTPD,MGHG,LMP_GHG_PRC,ALMDACT1_7_B1,ALL,1,0,2,5
2022-09-01T10:15:00-00:00,2022-09-01T10:30:00-00:00,2022-09-01,04,ALMDACT1_7_B1,ALMDACT1_7_B1,ALMDACT1_7_B1,RTPD,MGHG,LMP_GHG_PRC,ALMDACT1_7_B1,ALL,1,0,2,5
2022-09-01T11:15:00-00:00,2022-09-01T11:30:00-00:00,2022-09-01,05,ALMDACT1_7_B1,ALMDACT1_7_B1,ALMDACT1_7_B1,RTPD,MGHG,LMP_GHG_PRC,ALMDACT1_7_B1,ALL,1,0,2,5
2022-09-01T12:15:00-00:00,2022-09-01T12:30:00-00:00,2022-09-01,06,ALMDACT1_7_B1,ALMDACT1_7_B1,ALMDACT1_7_B1,RTPD,MGHG,LMP_GHG_PRC,ALMDACT1_7_B1,ALL,1,0,2,5
2022-09-01T13:15:00-00:00,2022-09-01T13:30:00-00:00,2022-09-01,07,ALMDACT1_7_B1,ALMDACT1_7_B1,ALMDACT1_7_B1,RTPD,MGHG,LMP_GHG_PRC,ALMDACT1_7_B1,ALL,1,0,2,5
2022-09-01T14:15:00-00:00,2022-09-01T14:30:00-00:00,2022-09-01,08,ALMDACT1_7_B1,ALMDACT1_7_B1,ALMDACT1_7_B1,RTPD,MGHG,LMP_GHG_PRC,ALMDACT1_7_B1,ALL,1,0,2,5
2022-09-01T15:15:00-00:00,2022-09-01T15:30:00-00:00,2022-09-01,09,ALMDACT1_7_B1,ALMDACT1_7_B1,ALMDACT1_7_B1,RTPD,MGHG,LMP_GHG_PRC,ALMDACT1_7_B1,ALL,1,0,2,5
2022-09-01T16:15:00-00:00,2022-09-01T16:30:00-00:00,2022-09-01,10,ALMDACT1_7_B1,ALMDACT1_7_B1,ALMDACT1_7_B1,RTPD,MGHG,LMP_GHG_PRC,ALMDACT1_7_B1,ALL,1,0,2,5
2022-09-01T17:15:00-00:00,2022-09-01T17:30:00-00:00,2022-09-01,11,ALMDACT1_7_B1,ALMDACT1_7_B1,ALMDACT1_7_B1,RTPD,MGHG,LMP_GHG_PRC,ALMDACT1_7_B1,ALL,1,0,2,5
2022-09-01T18:15:00-00:00,2022-09-01T18:30:00-00:00,2022-09-01,12,ALMDACT1_7_B1,ALMDACT1_7_B1,ALMDACT1_7_B1,RTPD,MGHG,LMP_GHG_PRC,ALMDACT1_7_B1,ALL,1,0,2,5
2022-09-01T19:15:00-00:00,2022-09-01T19:30:00-00:00,2022-09-01,13,ALMDACT1_7_B1,ALMDACT1_7_B1,ALMDACT1_7_B1,RTPD,MGHG,LMP_GHG_PRC,ALMDACT1_7_B1,ALL,1,0,2,5
2022-09-01T20:15:00-00:00,2022-09-01T20:30:00-00:00,2022-09-01,14,ALMDACT1_7_B1,ALMDACT1_7_B1,ALMDACT1_7_B1,RTPD,MGHG,LMP_GHG_PRC,ALMDACT1_7_B1,ALL,1,0,2,5
2022-09-01T21:15:00-00:00,2022-09-01T21:30:00-00:00,2022-09-01,15,ALMDACT1_7_B1,ALMDACT1_7_B1,ALMDACT1_7_B1,RTPD,MGHG,LMP_GHG_PRC,ALMDACT1_7_B1,ALL,1,0,2,5
2022-09-01T22:15:00-00:00,2022-09-01T22:30:00-00:00,2022-09-01,16,ALMDACT1_7_B1,ALMDACT1_7_B1,ALMDACT1_7_B1,RTPD,MGHG,LMP_GHG_PRC,ALMDACT1_7_B1,ALL,1,0,2,5
2022-09-01T23:15:00-00:00,2022-09-01T23:30:00-00:00,2022-09-01,17,ALMDACT1_7_B1,ALMDACT1_7_B1,ALMDACT1_7_B1,RTPD,MGHG,LMP_GHG_PRC,ALMDACT1_7_B1,ALL,1,0,2,5
2022-09-02T00:15:00-00:00,2022-09-02T00:30:00-00:00,2022-09-01,18,ALMDACT1_7_B1,ALMDACT1_7_B1,ALMDACT1_7_B1,RTPD,MGHG,LMP_GHG_PRC,ALMDACT1_7_B1,ALL,1,0,2,5
2022-09-02T01:15:00-00:00,2022-09-02T01:30:00-00:00,2022-09-01,19,ALMDACT1_7_B1,ALMDACT1_7_B1,ALMDACT1_7_B1,RTPD,MGHG,LMP_GHG_PRC,ALMDACT1_7_B1,ALL,1,0,2,5
2022-09-02T02:15:00-00:00,2022-09-02T02:30:00-00:00,2022-09-01,20,ALMDACT1_7_B1,ALMDACT1_7_B1,ALMDACT1_7_B1,RTPD,MGHG,LMP_GHG_PRC,ALMDACT1_7_B1,ALL,1,0,2,5
2022-09-02T03:15:00-00:00,2022-09-02T03:30:00-00:00,2022-09-01,21,ALMDACT1_7_B1,ALMDACT1_7_B1,ALMDACT1_7_B1,RTPD,MGHG,LMP_GHG_PRC,ALMDACT1_7_B1,ALL,1,0,2,5
2022-09-02T04:15:00-00:00,2022-09-02T04:30:00-00:00,2022-09-01,22,ALMDACT1_7_B1,ALMDACT1_7_B1,ALMDACT1_7_B1,RTPD,MGHG,LMP_GHG_PRC,ALMDACT1_7_B1,ALL,1,0,2,5
2022-09-02T05:15:00-00:00,2022-09-02T05:30:00-00:00,2022-09-01,23,ALMDACT1_7_B1,ALMDACT1_7_B1,ALMDACT1_7_B1,RTPD,MGHG,LMP_GHG_PRC,ALMDACT1_7_B1,ALL,1,0,2,5
2022-09-02T06:15:00-00:00,2022-09-02T06:30:00-00:00,2022-09-01,24,ALMDACT1_7_B1,ALMDACT1_7_B1,ALMDACT1_7_B1,RTPD,MGHG,LMP_GHG_PRC,ALMDACT1_7_B1,ALL,1,0,2,5
2022-09-01T07:30:00-00:00,2022-09-01T07:45:00-00:00,2022-09-01,01,ALMDACT1_7_B1,ALMDACT1_7_B1,ALMDACT1_7_B1,RTPD,MGHG,LMP_GHG_PRC,ALMDACT1_7_B1,ALL,1,0,3,5
2022-09-01T08:30:00-00:00,2022-09-01T08:45:00-00:00,2022-09-01,02,ALMDACT1_7_B1,ALMDACT1_7_B1,ALMDACT1_7_B1,RTPD,MGHG,LMP_GHG_PRC,ALMDACT1_7_B1,ALL,1,0,3,5
2022-09-01T09:30:00-00:00,2022-09-01T09:45:00-00:00,2022-09-01,03,ALMDACT1_7_B1,ALMDACT1_7_B1,ALMDACT1_7_B1,RTPD,MGHG,LMP_GHG_PRC,ALMDACT1_7_B1,ALL,1,0,3,5
2022-09-01T10:30:00-00:00,2022-09-01T10:45:00-00:00,2022-09-01,04,ALMDACT1_7_B1,ALMDACT1_7_B1,ALMDACT1_7_B1,RTPD,MGHG,LMP_GHG_PRC,ALMDACT1_7_B1,ALL,1,0,3,5
2022-09-01T11:30:00-00:00,2022-09-01T11:45:00-00:00,2022-09-01,05,ALMDACT1_7_B1,ALMDACT1_7_B1,ALMDACT1_7_B1,RTPD,MGHG,LMP_GHG_PRC,ALMDACT1_7_B1,ALL,1,0,3,5
2022-09-01T12:30:00-00:00,2022-09-01T12:45:00-00:00,2022-09-01,06,ALMDACT1_7_B1,ALMDACT1_7_B1,ALMDACT1_7_B1,RTPD,MGHG,LMP_GHG_PRC,ALMDACT1_7_B1,ALL,1,0,3,5
2022-09-01T13:30:00-00:00,2022-09-01T13:45:00-00:00,2022-09-01,07,ALMDACT1_7_B1,ALMDACT1_7_B1,ALMDACT1_7_B1,RTPD,MGHG,LMP_GHG_PRC,ALMDACT1_7_B1,ALL,1,0,3,5
2022-09-01T14:30:00-00:00,2022-09-01T14:45:00-00:00,2022-09-01,08,ALMDACT1_7_B1,ALMDACT1_7_B1,ALMDACT1_7_B1,RTPD,MGHG,LMP_GHG_PRC,ALMDACT1_7_B1,ALL,1,0,3,5
2022-09-01T15:30:00-00:00,2022-09-01T15:45:00-00:00,2022-09-01,09,ALMDACT1_7_B1,ALMDACT1_7_B1,ALMDACT1_7_B1,RTPD,MGHG,LMP_GHG_PRC,ALMDACT1_7_B1,ALL,1,0,3,5
2022-09-01T16:30:00-00:00,2022-09-01T16:45:00-00:00,2022-09-01,10,ALMDACT1_7_B1,ALMDACT1_7_B1,ALMDACT1_7_B1,RTPD,MGHG,LMP_GHG_PRC,ALMDACT1_7_B1,ALL,1,0,3,5
2022-09-01T17:30:00-00:00,2022-09-01T17:45:00-00:00,2022-09-01,11,ALMDACT1_7_B1,ALMDACT1_7_B1,ALMDACT1_7_B1,RTPD,MGHG,LMP_GHG_PRC,ALMDACT1_7_B1,ALL,1,0,3,5
2022-09-01T18:30:00-00:00,2022-09-01T18:45:00-00:00,2022-09-01,12,ALMDACT1_7_B1,ALMDACT1_7_B1,ALMDACT1_7_B1,RTPD,MGHG,LMP_GHG_PRC,ALMDACT1_7_B1,ALL,1,0,3,5
2022-09-01T19:30:00-00:00,2022-09-01T19:45:00-00:00,2022-09-01,13,ALMDACT1_7_B1,ALMDACT1_7_B1,ALMDACT1_7_B1,RTPD,MGHG,LMP_GHG_PRC,ALMDACT1_7_B1,ALL,1,0,3,5
2022-09-01T20:30:00-00:00,2022-09-01T20:45:00-00:00,2022-09-01,14,ALMDACT1_7_B1,ALMDACT1_7_B1,ALMDACT1_7_B1,RTPD,MGHG,LMP_GHG_PRC,ALMDACT1_7_B1,ALL,1,0,3,5
2022-09-01T21:30:00-00:00,2022-09-01T21:45:00-00:00,2022-09-01,15,ALMDACT1_7_B1,ALMDACT1_7_B1,ALMDACT1_7_B1,RTPD,MGHG,LMP_GHG_PRC,ALMDACT1_7_B1,ALL,1,0,3,5
2022-09-01T22:30:00-00:00,2022-09-01T22:45:00-00:00,2022-09-01,16,ALMDACT1_7_B1,ALMDACT1_7_B1,ALMDACT1_7_B1,RTPD,MGHG,LMP_GHG_PRC,ALMDACT1_7_B1,ALL,1,0,3,5
2022-09-01T23:30:00-00:00,2022-09-01T23:45:00-00:00,2022-09-01,17,ALMDACT1_7_B1,ALMDACT1_7_B1,ALMDACT1_7_B1,RTPD,MGHG,LMP_GHG_PRC,ALMDACT1_7_B1,ALL,1,0,3,5
2022-09-02T00:30:00-00:00,2022-09-02T00:45:00-00:00,2022-09-01,18,ALMDACT1_7_B1,ALMDACT1_7_B1,ALMDACT1_7_B1,RTPD,MGHG,LMP_GHG_PRC,ALMDACT1_7_B1,ALL,1,0,3,5
2022-09-02T01:30:00-00:00,2022-09-02T01:45:00-00:00,2022-09-01,19,ALMDACT1_7_B1,ALMDACT1_7_B1,ALMDACT1_7_B1,RTPD,MGHG,LMP_GHG_PRC,ALMDACT1_7_B1,ALL,1,0,3,5
2022-09-02T02:30:00-00:00,2022-09-02T02:45:00-00:00,2022-09-01,20,ALMDACT1_7_B1,ALMDACT1_7_B1,ALMDACT1_7_B1,RTPD,MGHG,LMP_GHG_PRC,ALMDACT1_7_B1,ALL,1,0,3,5
2022-09-02T03:30:00-00:00,2022-09-02T03:45:00-00:00,2022-09-01,21,ALMDACT1_7_B1,ALMDACT1_7_B1,ALMDACT1_7_B1,RTPD,MGHG,LMP_GHG_PRC,ALMDACT1_7_B1,ALL,1,0,3,5
2022-09-02T04:30:00-00:00,2022-09-02T04:45:00-00:00,2022-09-01,22,ALMDACT1_7_B1,ALMDACT1_7_B1,ALMDACT1_7_B1,RTPD,MGHG,LMP_GHG_PRC,ALMDACT1_7_B1,ALL,1,0,3,5
2022-09-02T05:30:00-00:00,2022-09-02T05:45:00-00:00,2022-09-01,23,ALMDACT1_7_B1,ALMDACT1_7_B1,ALMDACT1_7_B1,RTPD,MGHG,LMP_GHG_PRC,ALMDACT1_7_B1,ALL,1,0,3,5
2022-09-02T06:30:00-00:00,2022-09-02T06:45:00-00:00,2022-09-01,24,ALMDACT1_7_B1,ALMDACT1_7_B1,ALMDACT1_7_B1,RTPD,MGHG,LMP_GHG_PRC,ALMDACT1_7_B1,ALL,1,0,3,5
2022-09-01T07:45:00-00:00,2022-09-01T08:00:00-00:00,2022-09-01,01,ALMDACT1_7_B1,ALMDACT1_7_B1,ALMDACT1_7_B1,RTPD,MGHG,LMP_GHG_PRC,ALMDACT1_7_B1,ALL,1,0,4,5
2022-09-01T08:45:00-00:00,2022-09-01T09:00:00-00:00,2022-09-01,02,ALMDACT1_7_B1,ALMDACT1_7_B1,ALMDACT1_7_B1,RTPD,MGHG,LMP_GHG_PRC,ALMDACT1_7_B1,ALL,1,0,4,5
2022-09-01T09:45:00-00:00,2022-09-01T10:00:00-00:00,2022-09-01,03,ALMDACT1_7_B1,ALMDACT1_7_B1,ALMDACT1_7_B1,RTPD,MGHG,LMP_GHG_PRC,ALMDACT1_7_B1,ALL,1,0,4,5
2022-09-01T10:45:00-00:00,2022-09-01T11:00:00-00:00,2022-09-01,04,ALMDACT1_7_B1,ALMDACT1_7_B1,ALMDACT1_7_B1,RTPD,MGHG,LMP_GHG_PRC,ALMDACT1_7_B1,ALL,1,0,4,5
2022-09-01T11:45:00-00:00,2022-09-01T12:00:00-00:00,2022-09-01,05,ALMDACT1_7_B1,ALMDACT1_7_B1,ALMDACT1_7_B1,RTPD,MGHG,LMP_GHG_PRC,ALMDACT1_7_B1,ALL,1,0,4,5
2022-09-01T12:45:00-00:00,2022-09-01T13:00:00-00:00,2022-09-01,06,ALMDACT1_7_B1,ALMDACT1_7_B1,ALMDACT1_7_B1,RTPD,MGHG,LMP_GHG_PRC,ALMDACT1_7_B1,ALL,1,0,4,5
2022-09-01T13:45:00-00:00,2022-09-01T14:00:00-00:00,2022-09-01,07,ALMDACT1_7_B1,ALMDACT1_7_B1,ALMDACT1_7_B1,RTPD,MGHG,LMP_GHG_PRC,ALMDACT1_7_B1,ALL,1,0,4,5
2022-09-01T14:45:00-00:00,2022-09-01T15:00:00-00:00,2022-09-01,08,ALMDACT1_7_B1,ALMDACT1_7_B1,ALMDACT1_7_B1,RTPD,MGHG,LMP_GHG_PRC,ALMDACT1_7_B1,ALL,1,0,4,5
2022-09-01T15:45:00-00:00,2022-09-01T16:00:00-00:00,2022-09-01,09,ALMDACT1_7_B1,ALMDACT1_7_B1,ALMDACT1_7_B1,RTPD,MGHG,LMP_GHG_PRC,ALMDACT1_7_B1,ALL,1,0,4,5
2022-09-01T16:45:00-00:00,2022-09-01T17:00:00-00:00,2022-09-01,10,ALMDACT1_7_B1,ALMDACT1_7_B1,ALMDACT1_7_B1,RTPD,MGHG,LMP_GHG_PRC,ALMDACT1_7_B1,ALL,1,0,4,5
2022-09-01T17:45:00-00:00,2022-09-01T18:00:00-00:00,2022-09-01,11,ALMDACT1_7_B1,ALMDACT1_7_B1,ALMDACT1_7_B1,RTPD,MGHG,LMP_GHG_PRC,ALMDACT1_7_B1,ALL,1,0,4,5
2022-09-01T18:45:00-00:00,2022-09-01T19:00:00-00:00,2022-09-01,12,ALMDACT1_7_B1,ALMDACT1_7_B1,ALMDACT1_7_B1,RTPD,MGHG,LMP_GHG_PRC,ALMDACT1_7_B1,ALL,1,0,4,5
2022-09-01T19:45:00-00:00,2022-09-01T20:00:00-00:00,2022-09-01,13,ALMDACT1_7_B1,ALMDACT1_7_B1,ALMDACT1_7_B1,RTPD,MGHG,LMP_GHG_PRC,ALMDACT1_7_B1,ALL,1,0,4,5
2022-09-01T20:45:00-00:00,2022-09-01T21:00:00-00:00,2022-09-01,14,ALMDACT1_7_B1,ALMDACT1_7_B1,ALMDACT1_7_B1,RTPD,MGHG,LMP_GHG_PRC,ALMDACT1_7_B1,ALL,1,0,4,5
2022-09-01T21:45:00-00:00,2022-09-01T22:00:00-00:00,2022-09-01,15,ALMDACT1_7_B1,ALMDACT1_7_B1,ALMDACT1_7_B1,RTPD,MGHG,LMP_GHG_PRC,ALMDACT1_7_B1,ALL,1,0,4,5
2022-09-01T22:45:00-00:00,2022-09-01T23:00:00-00:00,2022-09-01,16,ALMDACT1_7_B1,ALMDACT1_7_B1,ALMDACT1_7_B1,RTPD,MGHG,LMP_GHG_PRC,ALMDACT1_7_B1,ALL,1,0,4,5
2022-09-01T23:45:00-00:00,2022-09-02T00:00:00-00:00,2022-09-01,17,ALMDACT1_7_B1,ALMDACT1_7_B1,ALMDACT1_7_B1,RTPD,MGHG,LMP_GHG_PRC,ALMDACT1_7_B1,ALL,1,0,4,5
2022-09-02T00:45:00-00:00,2022-09-02T01:00:00-00:00,2022-09-01,18,ALMDACT1_7_B1,ALMDACT1_7_B1,ALMDACT1_7_B1,RTPD,MGHG,LMP_GHG_PRC,ALMDACT1_7_B1,ALL,1,0,4,5
2022-09-02T01:45:00-00:00,2022-09-02T02:00:00-00:00,2022-09-01,19,ALMDACT1_7_B1,ALMDACT1_7_B1,ALMDACT1_7_B1,RTPD,MGHG,LMP_GHG_PRC,ALMDACT1_7_B1,ALL,1,0,4,5
2022-09-02T02:45:00-00:00,2022-09-02T03:00:00-00:00,2022-09-01,20,ALMDACT1_7_B1,ALMDACT1_7_B1,ALMDACT1_7_B1,RTPD,MGHG,LMP_GHG_PRC,ALMDACT1_7_B1,ALL,1,0,4,5
2022-09-02T03:45:00-00:00,2022-09-02T04:00:00-00:00,2022-09-01,21,ALMDACT1_7_B1,ALMDACT1_7_B1,ALMDACT1_7_B1,RTPD,MGHG,LMP_GHG_PRC,ALMDACT1_7_B1,ALL,1,0,4,5
2022-09-02T04:45:00-00:00,2022-09-02T05:00:00-00:00,2022-09-01,22,ALMDACT1_7_B1,ALMDACT1_7_B1,ALMDACT1_7_B1,RTPD,MGHG,LMP_GHG_PRC,ALMDACT1_7_B1,ALL,1,0,4,5
2022-09-02T05:45:00-00:00,2022-09-02T06:00:00-00:00,2022-09-01,23,ALMDACT1_7_B1,ALMDACT1_7_B1,ALMDACT1_7_B1,RTPD,MGHG,LMP_GHG_PRC,ALMDACT1_7_B1,ALL,1,0,4,5
2022-09-02T06:45:00-00:00,2022-09-02T07:00:00-00:00,2022-09-01,24,ALMDACT1_7_B1,ALMDACT1_7_B1,ALMDACT1_7_B1,RTPD,MGHG,LMP_GHG_PRC,ALMDACT1_7_B1,ALL,1,0,4,5
