INTERVALSTARTTIME_GMT,INTERVALENDTIME_GMT,OPR_DT,OPR_HR,NODE_ID_XML,NODE_ID,NODE,MARKET_RUN_ID,LMP_TYPE,XML_DATA_ITEM,PNODE_RESMRID,GRP_TYPE,POS,PRC,OPR_INTERVAL,GROUP
2022-09-01T07:00:00-00:00,2022-09-01T07:15:00-00:00,2022-09-01,01,FOLSOM_7_UNIT3GNODE,FOLSOM_7_UNIT3GNODE,FOLSOM_7_UNIT3GNODE,RTPD,LMP,LMP_PRC,FOLSOM_7_UNIT3GNODE,ALL,1,87.0663,1,1
2022-09-01T08:00:00-00:00,2022-09-01T08:15:00-00:00,2022-09-01,02,FOLSOM_7_UNIT3GNODE,FOLSOM_7_UNIT3GNODE,FOLSOM_7_UNIT3GNODE,RTPD,LMP,LMP_PRC,FOLSOM_7_UNIT3GNODE,ALL,1,112.28317,1,1
2022-09-01T09:00:00-00:00,2022-09-01T09:15:00-00:00,2022-09-01,03,FOLSOM_7_UNIT3GNODE,FOLSOM_7_UNIT3GNODE,FOLSOM_7_UNIT3GNODE,RTPD,LMP,LMP_PRC,FOLSOM_7_UNIT3GNODE,ALL,1,94.8061,1,1
2022-09-01T10:00:00-00:00,2022-09-01T10:15:00-00:00,2022-09-01,04,FOLSOM_7_UNIT3GNODE,FOLSOM_7_UNIT3GNODE,FOLSOM_7_UNIT3GNODE,RTPD,LMP,LMP_PRC,FOLSOM_7_UNIT3GNODE,ALL,1,94.48539,1,1
2022-09-01T11:00:00-00:00,2022-09-01T11:15:00-00:00,2022-09-01,05,FOLSOM_7_UNIT3GNODE,FOLSOM_7_UNIT3GNODE,FOLSOM_7_UNIT3GNODE,RTPD,LMP,LMP_PRC,FOLSOM_7_UNIT3GNODE,ALL,1,102.09797,1,1
2022-09-01T12:00:00-00:00,2022-09-01T12:15:00-00:00,2022-09-01,06,FOLSOM_7_UNIT3GNODE,FOLSOM_7_UNIT3GNODE,FOLSOM_7_UNIT3GNODE,RTPD,LMP,LMP_PRC,FOLSOM_7_UNIT3GNODE,ALL,1,85.96608,1,1
2022-09-01T13:00:00-00:00,2022-09-01T13:15:00-00:00,2022-09-01,07,FOLSOM_7_UNIT3GNODE,FOLSOM_7_UNIT3GNODE,FOLSOM_7_UNIT3GNODE,RTPD,LMP,LMP_PRC,FOLSOM_7_UNIT3GNODE,ALL,1,88.92816,1,1
2022-09-01T14:00:00-00:00,2022-09-01T14:15:00-00:00,2022-09-01,08,FOLSOM_7_UNIT3GNODE,FOLSOM_7_UNIT3GNODE,FOLSOM_7_UNIT3GNODE,RTPD,LMP,LMP_PRC,FOLSOM_7_UNIT3GNODE,ALL,1,112.14432,1,1
2022-09-01T15:00:00-00:00,2022-09-01T15:15:00-00:00,2022-09-01,09,FOLSOM_7_UNIT3GNODE,FOLSOM_7_UNIT3GNODE,FOLSOM_7_UNIT3GNODE,RTPD,LMP,LMP_PRC,FOLSOM_7_UNIT3GNODE,ALL,1,97.4124,1,1
2022-09-01T16:00:00-00:00,2022-09-01T16:15:00-00:00,2022-09-01,10,FOLSOM_7_UNIT3GNODE,FOLSOM_7_UNIT3GNODE,FOLSOM_7_UNIT3GNODE,RTPD,LMP,LMP_PRC,FOLSOM_7_UNIT3GNODE,ALL,1,83.43645,1,1
2022-09-01T17:00:00-00:00,2022-09-01T17:15:00-00:00,2022-09-01,11,FOLSOM_7_UNIT3GNODE,FOLSOM_7_UNIT3GNODE,FOLSOM_7_UNIT3GNODE,RTPD,LMP,LMP_PRC,FOLSOM_7_UNIT3GNODE,ALL,1,80.58359,1,1
2022-09-01T18:00:00-00:00,2022-09-01T18:15:00-00:00,2022-09-01,12,FOLSOM_7_UNIT3GNODE,FOLSOM_7_UNIT3GNODE,FOLSOM_7_UNIT3GNODE,RTPD,LMP,LMP_PRC,FOLSOM_7_UNIT3GNODE,ALL,1,59.80451,1,1
2022-09-01T19:00:00-00:00,2022-09-01T19:15:00-00:00,2022-09-01,13,FOLSOM_7_UNIT3GNODE,FOLSOM_7_UNIT3GNODE,FOLSOM_7_UNIT3GNODE,RTPD,LMP,LMP_PRC,FOLSOM_7_UNIT3GNODE,ALL,1,74.09786,1,1
2022-09-01T20:00:00-00:00,2022-09-01T20:15:00-00:00,2022-09-01,14,FOLSOM_7_UNIT3GNODE,FOLSOM_7_UNIT3GNODE,FOLSOM_7_UNIT3GNODE,RTPD,LMP,LMP_PRC,FOLSOM_7_UNIT3GNODE,ALL,1,114.49385,1,1
2022-09-01T21:00:00-00:00,2022-09-01T21:15:00-00:00,2022-09-01,15,FOLSOM_7_UNIT3GNODE,FOLSOM_7_UNIT3GNODE,FOLSOM_7_UNIT3GNODE,RTPD,LMP,LMP_PRC,FOLSOM_7_UNIT3GNODE,ALL,1,128.81229,1,1
2022-09-01T22:00:00-00:00,2022-09-01T22:15:00-00:00,2022-09-01,16,FOLSOM_7_UNIT3GNODE,FOLSOM_7_UNIT3GNODE,FOLSOM_7_UNIT3GNODE,RTPD,LMP,LMP_PRC,FOLSOM_7_UNIT3GNODE,ALL,1,122.85337,1,1
2022-09-01T23:00:00-00:00,2022-09-01T23:15:00-00:00,2022-09-01,17,FOLSOM_7_UNIT3GNODE,FOLSOM_7_UNIT3GNODE,FOLSOM_7_UNIT3GNODE,RTPD,LMP,LMP_PRC,FOLSOM_7_UNIT3GNODE,ALL,1,219.2342,1,1
2022-09-02T00:00:00-00:00,2022-09-02T00:15:00-00:00,2022-09-01,18,FOLSOM_7_UNIT3GNODE,FOLSOM_7_UNIT3GNODE,FOLSOM_7_UNIT3GNODE,RTPD,LMP,LMP_PRC,FOLSOM_7_UNIT3GNODE,ALL,1,1123.0139,1,1
2022-09-02T01:00:00-00:00,2022-09-02T01:15:00-00:00,2022-09-01,19,FOLSOM_7_UNIT3GNODE,FOLSOM_7_UNIT3GNODE,FOLSOM_7_UNIT3GNODE,RTPD,LMP,LMP_PRC,FOLSOM_7_UNIT3GNODE,ALL,1,1237.0961,1,1
2022-09-02T02:00:00-00:00,2022-09-02T02:15:00-00:00,2022-09-01,20,FOLSOM_7_UNIT3GNODE,FOLSOM_7_UNIT3GNODE,FOLSOM_7_UNIT3GNODE,RTPD,LMP,LMP_PRC,FOLSOM_7_UNIT3GNODE,ALL,1,1991.671,1,1
2022-09-02T03:00:00-00:00,2022-09-02T03:15:00-00:00,2022-09-01,21,FOLSOM_7_UNIT3GNODE,FOLSOM_7_UNIT3GNODE,FOLSOM_7_UNIT3GNODE,RTPD,LMP,LMP_PRC,FOLSOM_7_UNIT3GNODE,ALL,1,1366.3182,1,1
2022-09-02T04:00:00-00:00,2022-09-02T04:15:00-00:00,2022-09-01,22,FOLSOM_7_UNIT3GNODE,FOLSOM_7_UNIT3GNODE,FOLSOM_7_UNIT3GNODE,RTPD,LMP,LMP_PRC,FOLSOM_7_UNIT3GNODE,ALL,1,265.17697,1,1
2022-09-02T05:00:00-00:00,2022-09-02T05:15:00-00:00,2022-09-01,23,FOLSOM_7_UNIT3GNODE,FOLSOM_7_UNIT3GNODE,FOLSOM_7_UNIT3GNODE,RTPD,LMP,LMP_PRC,FOLSOM_7_UNIT3GNODE,ALL,1,187.90227,1,1
2022-09-02T06:00:00-00:00,2022-09-02T06:15:00-00:00,2022-09-01,24,FOLSOM_7_UNIT3GNODE,FOLSOM_7_UNIT3GNODE,FOLSOM_7_UNIT3GNODE,RTPD,LMP,LMP_PRC,FOLSOM_7_UNIT3GNODE,ALL,1,161.5213,1,1
2022-09-01T07:15:00-00:00,2022-09-01T07:30:00-00:00,2022-09-01,01,FOLSOM_7_UNIT3GNODE,FOLSOM_7_UNIT3GNODE,FOLSOM_7_UNIT3GNODE,RTPD,LMP,LMP_PRC,FOLSOM_7_UNIT3GNODE,ALL,1,115.75621,2,1
2022-09-01T08:15:00-00:00,2022-09-01T08:30:00-00:00,2022-09-01,02,FOLSOM_7_UNIT3GNODE,FOLSOM_7_UNIT3GNODE,FOLSOM_7_UNIT3GNODE,RTPD,LMP,LMP_PRC,FOLSOM_7_UNIT3GNODE,ALL,1,114.64116,2,1
2022-09-01T09:15:00-00:00,2022-09-01T09:30:00-00:00,2022-09-01,03,FOLSOM_7_UNIT3GNODE,FOLSOM_7_UNIT3GNODE,FOLSOM_7_UNIT3GNODE,RTPD,LMP,LMP_PRC,FOLSOM_7_UNIT3GNODE,ALL,1,92.11053,2,1
2022-09-01T10:15:00-00:00,2022-09-01T10:30:00-00:00,2022-09-01,04,FOLSOM_7_UNIT3GNODE,FOLSOM_7_UNIT3GNODE,FOLSOM_7_UNIT3GNODE,RTPD,LMP,LMP_PRC,FOLSOM_7_UNIT3GNODE,ALL,1,91.18073,2,1
2022-09-01T11:15:00-00:00,2022-09-01T11:30:00-00:00,2022-09-01,05,FOLSOM_7_UNIT3GNODE,FOLSOM_7_UNIT3GNODE,FOLSOM_7_UNIT3GNODE,RTPD,LMP,LMP_PRC,FOLSOM_7_UNIT3GNODE,ALL,1,102.59695,2,1
2022-09-01T12:15:00-00:00,2022-09-01T12:30:00-00:00,2022-09-01,06,FOLSOM_7_UNIT3GNODE,FOLSOM_7_UNIT3GNODE,FOLSOM_7_UNIT3GNODE,RTPD,LMP,LMP_PRC,FOLSOM_7_UNIT3GNODE,ALL,1,102.08887,2,1
2022-09-01T13:15:00-00:00,2022-09-01T13:30:00-00:00,2022-09-01,07,FOLSOM_7_UNIT3GNODE,FOLSOM_7_UNIT3GNODE,FOLSOM_7_UNIT3GNODE,RTPD,LMP,LMP_PRC,FOLSOM_7_UNIT3GNODE,ALL,1,109.30339,2,1
2022-09-01T14:15:00-00:00,2022-09-01T14:30:00-00:00,2022-09-01,08,FOLSOM_7_UNIT3GNODE,FOLSOM_7_UNIT3GNODE,FOLSOM_7_UNIT3GNODE,RTPD,LMP,LMP_PRC,FOLSOM_7_UNIT3GNODE,ALL,1,105.81314,2,1
2022-09-01T15:15:00-00:00,2022-09-01T15:30:00-00:00,2022-09-01,09,FOLSOM_7_UNIT3GNODE,FOLSOM_7_UNIT3GNODE,FOLSOM_7_UNIT3GNODE,RTPD,LMP,LMP_PRC,FOLSOM_7_UNIT3GNODE,ALL,1,86.94,2,1
2022-09-01T16:15:00-00:00,2022-09-01T16:30:00-00:00,2022-09-01,10,FOLSOM_7_UNIT3GNODE,FOLSOM_7_UNIT3GNODE,FOLSOM_7_UNIT3GNODE,RTPD,LMP,LMP_PRC,FOLSOM_7_UNIT3GNODE,ALL,1,87.84767,2,1
2022-09-01T17:15:00-00:00,2022-09-01T17:30:00-00:00,2022-09-01,11,FOLSOM_7_UNIT3GNODE,FOLSOM_7_UNIT3GNODE,FOLSOM_7_UNIT3GNODE,RTPD,LMP,LMP_PRC,FOLSOM_7_UNIT3GNODE,ALL,1,79.41247,2,1
2022-09-01T18:15:00-00:00,2022-09-01T18:30:00-00:00,2022-09-01,12,FOLSOM_7_UNIT3GNODE,FOLSOM_7_UNIT3GNODE,FOLSOM_7_UNIT3GNODE,RTPD,LMP,LMP_PRC,FOLSOM_7_UNIT3GNODE,ALL,1,75.13314,2,1
2022-09-01T19:15:00-00:00,2022-09-01T19:30:00-00:00,2022-09-01,13,FOLSOM_7_UNIT3GNODE,FOLSOM_7_UNIT3GNODE,FOLSOM_7_UNIT3GNODE,RTPD,LMP,LMP_PRC,FOLSOM_7_UNIT3GNODE,ALL,1,76.24802,2,1
2022-09-01T20:15:00-00:00,2022-09-01T20:30:00-00:00,2022-09-01,14,FOLSOM_7_UNIT3GNODE,FOLSOM_7_UNIT3GNODE,FOLSOM_7_UNIT3GNODE,RTPD,LMP,LMP_PRC,FOLSOM_7_UNIT3GNODE,ALL,1,114.37106,2,1
2022-09-01T21:15:00-00:00,2022-09-01T21:30:00-00:00,2022-09-01,15,FOLSOM_7_UNIT3GNODE,FOLSOM_7_UNIT3GNODE,FOLSOM_7_UNIT3GNODE,RTPD,LMP,LMP_PRC,FOLSOM_7_UNIT3GNODE,ALL,1,120.78099,2,1
2022-09-01T22:15:00-00:00,2022-09-01T22:30:00-00:00,2022-09-01,16,FOLSOM_7_UNIT3GNODE,FOLSOM_7_UNIT3GNODE,FOLSOM_7_UNIT3GNODE,RTPD,LMP,LMP_PRC,FOLSOM_7_UNIT3GNODE,ALL,1,140.40775,2,1
2022-09-01T23:15:00-00:00,2022-09-01T23:30:00-00:00,2022-09-01,17,FOLSOM_7_UNIT3GNODE,FOLSOM_7_UNIT3GNODE,FOLSOM_7_UNIT3GNODE,RTPD,LMP,LMP_PRC,FOLSOM_7_UNIT3GNODE,ALL,1,264.87985,2,1
2022-09-02T00:15:00-00:00,2022-09-02T00:30:00-00:00,2022-09-01,18,FOLSOM_7_UNIT3GNODE,FOLSOM_7_UNIT3GNODE,FOLSOM_7_UNIT3GNODE,RTPD,LMP,LMP_PRC,FOLSOM_7_UNIT3GNODE,ALL,1,1032.0514,2,1
2022-09-02T01:15:00-00:00,2022-09-02T01:30:00-00:00,2022-09-01,19,FOLSOM_7_UNIT3GNODE,FOLSOM_7_UNIT3GNODE,FOLSOM_7_UNIT3GNODE,RTPD,LMP,LMP_PRC,FOLSOM_7_UNIT3GNODE,ALL,1,1999.9945,2,1
2022-09-02T02:15:00-00:00,2022-09-02T02:30:00-00:00,2022-09-01,20,FOLSOM_7_UNIT3GNODE,FOLSOM_7_UNIT3GNODE,FOLSOM_7_UNIT3GNODE,RTPD,LMP,LMP_PRC,FOLSOM_7_UNIT3GNODE,ALL,1,1991.671,2,1
2022-09-02T03:15:00-00:00,2022-09-02T03:30:00-00:00,2022-09-01,21,FOLSOM_7_UNIT3GNODE,FOLSOM_7_UNIT3GNODE,FOLSOM_7_UNIT3GNODE,RTPD,LMP,LMP_PRC,FOLSOM_7_UNIT3GNODE,ALL,1,562.59875,2,1
2022-09-02T04:15:00-00:00,2022-09-02T04:30:00-00:00,2022-09-01,22,FOLSOM_7_UNIT3GNODE,FOLSOM_7_UNIT3GNODE,FOLSOM_7_UNIT3GNODE,RTPD,LMP,LMP_PRC,FOLSOM_7_UNIT3GNODE,ALL,1,230.2331,2,1
2022-09-02T05:15:00-00:00,2022-09-02T05:30:00-00:00,2022-09-01,23,FOLSOM_7_UNIT3GNODE,FOLSOM_7_UNIT3GNODE,FOLSOM_7_UNIT3GNODE,RTPD,LMP,LMP_PRC,FOLSOM_7_UNIT3GNODE,ALL,1,160.56201,2,1
2022-09-02T06:15:00-00:00,2022-09-02T06:30:00-00:00,2022-09-01,24,FOLSOM_7_UNIT3GNODE,FOLSOM_7_UNIT3GNODE,FOLSOM_7_UNIT3GNODE,RTPD,LMP,LMP_PRC,FOLSOM_7_UNIT3GNODE,ALL,1,144.11772,2,1
2022-09-01T07:30:00-00:00,2022-09-01T07:45:00-00:00,2022-09-01,01,FOLSOM_7_UNIT3GNODE,FOLSOM_7_UNIT3GNODE,FOLSOM_7_UNIT3GNODE,RTPD,LMP,LMP_PRC,FOLSOM_7_UNIT3GNODE,ALL,1,103.2036,3,1
2022-09-01T08:30:00-00:00,2022-09-01T08:45:00-00:00,2022-09-01,02,FOLSOM_7_UNIT3GNODE,FOLSOM_7_UNIT3GNODE,FOLSOM_7_UNIT3GNODE,RTPD,LMP,LMP_PRC,FOLSOM_7_UNIT3GNODE,ALL,1,111.30166,3,1
2022-09-01T09:30:00-00:00,2022-09-01T09:45:00-00:00,2022-09-01,03,FOLSOM_7_UNIT3GNODE,FOLSOM_7_UNIT3GNODE,FOLSOM_7_UNIT3GNODE,RTPD,LMP,LMP_PRC,FOLSOM_7_UNIT3GNODE,ALL,1,91.84297,3,1
2022-09-01T10:30:00-00:00,2022-09-01T10:45:00-00:00,2022-09-01,04,FOLSOM_7_UNIT3GNODE,FOLSOM_7_UNIT3GNODE,FOLSOM_7_UNIT3GNODE,RTPD,LMP,LMP_PRC,FOLSOM_7_UNIT3GNODE,ALL,1,92.972,3,1
2022-09-01T11:30:00-00:00,2022-09-01T11:45:00-00:00,2022-09-01,05,FOLSOM_7_UNIT3GNODE,FOLSOM_7_UNIT3GNODE,FOLSOM_7_UNIT3GNODE,RTPD,LMP,LMP_PRC,FOLSOM_7_UNIT3GNODE,ALL,1,102.48603,3,1
2022-09-01T12:30:00-00:00,2022-09-01T12:45:00-00:00,2022-09-01,06,FOLSOM_7_UNIT3GNODE,FOLSOM_7_UNIT3GNODE,FOLSOM_7_UNIT3GNODE,RTPD,LMP,LMP_PRC,FOLSOM_7_UNIT3GNODE,ALL,1,102.04861,3,1
2022-09-01T13:30:00-00:00,2022-09-01T13:45:00-00:00,2022-09-01,07,FOLSOM_7_UNIT3GNODE,FOLSOM_7_UNIT3GNODE,FOLSOM_7_UNIT3GNODE,RTPD,LMP,LMP_PRC,FOLSOM_7_UNIT3GNODE,ALL,1,110.6492,3,1
2022-09-01T14:30:00-00:00,2022-09-01T14:45:00-00:00,2022-09-01,08,FOLSOM_7_UNIT3GNODE,FOLSOM_7_UNIT3GNODE,FOLSOM_7_UNIT3GNODE,RTPD,LMP,LMP_PRC,FOLSOM_7_UNIT3GNODE,ALL,1,103.05508,3,1
2022-09-01T15:30:00-00:00,2022-09-01T15:45:00-00:00,2022-09-01,09,FOLSOM_7_UNIT3GNODE,FOLSOM_7_UNIT3GNODE,FOLSOM_7_UNIT3GNODE,RTPD,LMP,LMP_PRC,FOLSOM_7_UNIT3GNODE,ALL,1,86.14,3,1
2022-09-01T16:30:00-00:00,2022-09-01T16:45:00-00:00,2022-09-01,10,FOLSOM_7_UNIT3GNODE,FOLSOM_7_UNIT3GNODE,FOLSOM_7_UNIT3GNODE,RTPD,LMP,LMP_PRC,FOLSOM_7_UNIT3GNODE,ALL,1,75.38128,3,1
2022-09-01T17:30:00-00:00,2022-09-01T17:45:00-00:00,2022-09-01,11,FOLSOM_7_UNIT3GNODE,FOLSOM_7_UNIT3GNODE,FOLSOM_7_UNIT3GNODE,RTPD,LMP,LMP_PRC,FOLSOM_7_UNIT3GNODE,ALL,1,79.1204,3,1
2022-09-01T18:30:00-00:00,2022-09-01T18:45:00-00:00,2022-09-01,12,FOLSOM_7_UNIT3GNODE,FOLSOM_7_UNIT3GNODE,FOLSOM_7_UNIT3GNODE,RTPD,LMP,LMP_PRC,FOLSOM_7_UNIT3GNODE,ALL,1,79.91461,3,1
2022-09-01T19:30:00-00:00,2022-09-01T19:45:00-00:00,2022-09-01,13,FOLSOM_7_UNIT3GNODE,FOLSOM_7_UNIT3GNODE,FOLSOM_7_UNIT3GNODE,RTPD,LMP,LMP_PRC,FOLSOM_7_UNIT3GNODE,ALL,1,101.59087,3,1
2022-09-01T20:30:00-00:00,2022-09-01T20:45:00-00:00,2022-09-01,14,FOLSOM_7_UNIT3GNODE,FOLSOM_7_UNIT3GNODE,FOLSOM_7_UNIT3GNODE,RTPD,LMP,LMP_PRC,FOLSOM_7_UNIT3GNODE,ALL,1,117.21111,3,1
2022-09-01T21:30:00-00:00,2022-09-01T21:45:00-00:00,2022-09-01,15,FOLSOM_7_UNIT3GNODE,FOLSOM_7_UNIT3GNODE,FOLSOM_7_UNIT3GNODE,RTPD,LMP,LMP_PRC,FOLSOM_7_UNIT3GNODE,ALL,1,128.65002,3,1
2022-09-01T22:30:00-00:00,2022-09-01T22:45:00-00:00,2022-09-01,16,FOLSOM_7_UNIT3GNODE,FOLSOM_7_UNIT3GNODE,FOLSOM_7_UNIT3GNODE,RTPD,LMP,LMP_PRC,FOLSOM_7_UNIT3GNODE,ALL,1,158.26,3,1
2022-09-01T23:30:00-00:00,2022-09-01T23:45:00-00:00,2022-09-01,17,FOLSOM_7_UNIT3GNODE,FOLSOM_7_UNIT3GNODE,FOLSOM_7_UNIT3GNODE,RTPD,LMP,LMP_PRC,FOLSOM_7_UNIT3GNODE,ALL,1,566.4828,3,1
2022-09-02T00:30:00-00:00,2022-09-02T00:45:00-00:00,2022-09-01,18,FOLSOM_7_UNIT3GNODE,FOLSOM_7_UNIT3GNODE,FOLSOM_7_UNIT3GNODE,RTPD,LMP,LMP_PRC,FOLSOM_7_UNIT3GNODE,ALL,1,1774.8181,3,1
2022-09-02T01:30:00-00:00,2022-09-02T01:45:00-00:00,2022-09-01,19,FOLSOM_7_UNIT3GNODE,FOLSOM_7_UNIT3GNODE,FOLSOM_7_UNIT3GNODE,RTPD,LMP,LMP_PRC,FOLSOM_7_UNIT3GNODE,ALL,1,1999.9944,3,1
2022-09-02T02:30:00-00:00,2022-09-02T02:45:00-00:00,2022-09-01,20,FOLSOM_7_UNIT3GNODE,FOLSOM_7_UNIT3GNODE,FOLSOM_7_UNIT3GNODE,RTPD,LMP,LMP_PRC,FOLSOM_7_UNIT3GNODE,ALL,1,1991.6698,3,1
2022-09-02T03:30:00-00:00,2022-09-02T03:45:00-00:00,2022-09-01,21,FOLSOM_7_UNIT3GNODE,FOLSOM_7_UNIT3GNODE,FOLSOM_7_UNIT3GNODE,RTPD,LMP,LMP_PRC,FOLSOM_7_UNIT3GNODE,ALL,1,227.83002,3,1
2022-09-02T04:30:00-00:00,2022-09-02T04:45:00-00:00,2022-09-01,22,FOLSOM_7_UNIT3GNODE,FOLSOM_7_UNIT3GNODE,FOLSOM_7_UNIT3GNODE,RTPD,LMP,LMP_PRC,FOLSOM_7_UNIT3GNODE,ALL,1,183.00777,3,1
2022-09-02T05:30:00-00:00,2022-09-02T05:45:00-00:00,2022-09-01,23,FOLSOM_7_UNIT3GNODE,FOLSOM_7_UNIT3GNODE,FOLSOM_7_UNIT3GNODE,RTPD,LMP,LMP_PRC,FOLSOM_7_UNIT3GNODE,ALL,1,134.05782,3,1
2022-09-02T06:30:00-00:00,2022-09-02T06:45:00-00:00,2022-09-01,24,FOLSOM_7_UNIT3GNODE,FOLSOM_7_UNIT3GNODE,FOLSOM_7_UNIT3GNODE,RTPD,LMP,LMP_PRC,FOLSOM_7_UNIT3GNODE,ALL,1,130.40718,3,1
2022-09-01T07:45:00-00:00,2022-09-01T08:00:00-00:00,2022-09-01,01,FOLSOM_7_UNIT3GNODE,FOLSOM_7_UNIT3GNODE,FOLSOM_7_UNIT3GNODE,RTPD,LMP,LMP_PRC,FOLSOM_7_UNIT3GNODE,ALL,1,91.12069,4,1
2022-09-01T08:45:00-00:00,2022-09-01T09:00:00-00:00,2022-09-01,02,FOLSOM_7_UNIT3GNODE,FOLSOM_7_UNIT3GNODE,FOLSOM_7_UNIT3GNODE,RTPD,LMP,LMP_PRC,FOLSOM_7_UNIT3GNODE,ALL,1,94.39187,4,1
2022-09-01T09:45:00-00:00,2022-09-01T10:00:00-00:00,2022-09-01,03,FOLSOM_7_UNIT3GNODE,FOLSOM_7_UNIT3GNODE,FOLSOM_7_UNIT3GNODE,RTPD,LMP,LMP_PRC,FOLSOM_7_UNIT3GNODE,ALL,1,91.8735,4,1
2022-09-01T10:45:00-00:00,2022-09-01T11:00:00-00:00,2022-09-01,04,FOLSOM_7_UNIT3GNODE,FOLSOM_7_UNIT3GNODE,FOLSOM_7_UNIT3GNODE,RTPD,LMP,LMP_PRC,FOLSOM_7_UNIT3GNODE,ALL,1,93.14956,4,1
2022-09-01T11:45:00-00:00,2022-09-01T12:00:00-00:00,2022-09-01,05,FOLSOM_7_UNIT3GNODE,FOLSOM_7_UNIT3GNODE,FOLSOM_7_UNIT3GNODE,RTPD,LMP,LMP_PRC,FOLSOM_7_UNIT3GNODE,ALL,1,107.0112,4,1
2022-09-01T12:45:00-00:00,2022-09-01T13:00:00-00:00,2022-09-01,06,FOLSOM_7_UNIT3GNODE,FOLSOM_7_UNIT3GNODE,FOLSOM_7_UNIT3GNODE,RTPD,LMP,LMP_PRC,FOLSOM_7_UNIT3GNODE,ALL,1,114.19081,4,1
2022-09-01T13:45:00-00:00,2022-09-01T14:00:00-00:00,2022-09-01,07,FOLSOM_7_UNIT3GNODE,FOLSOM_7_UNIT3GNODE,FOLSOM_7_UNIT3GNODE,RTPD,LMP,LMP_PRC,FOLSOM_7_UNIT3GNODE,ALL,1,111.4088,4,1
2022-09-01T14:45:00-00:00,2022-09-01T15:00:00-00:00,2022-09-01,08,FOLSOM_7_UNIT3GNODE,FOLSOM_7_UNIT3GNODE,FOLSOM_7_UNIT3GNODE,RTPD,LMP,LMP_PRC,FOLSOM_7_UNIT3GNODE,ALL,1,86.14,4,1
2022-09-01T15:45:00-00:00,2022-09-01T16:00:00-00:00,2022-09-01,09,FOLSOM_7_UNIT3GNODE,FOLSOM_7_UNIT3GNODE,FOLSOM_7_UNIT3GNODE,RTPD,LMP,LMP_PRC,FOLSOM_7_UNIT3GNODE,ALL,1,78.70196,4,1
2022-09-01T16:45:00-00:00,2022-09-01T17:00:00-00:00,2022-09-01,10,FOLSOM_7_UNIT3GNODE,FOLSOM_7_UNIT3GNODE,FOLSOM_7_UNIT3GNODE,RTPD,LMP,LMP_PRC,FOLSOM_7_UNIT3GNODE,ALL,1,79.09975,4,1
2022-09-01T17:45:00-00:00,2022-09-01T18:00:00-00:00,2022-09-01,11,FOLSOM_7_UNIT3GNODE,FOLSOM_7_UNIT3GNODE,FOLSOM_7_UNIT3GNODE,RTPD,LMP,LMP_PRC,FOLSOM_7_UNIT3GNODE,ALL,1,79.39552,4,1
2022-09-01T18:45:00-00:00,2022-09-01T19:00:00-00:00,2022-09-01,12,FOLSOM_7_UNIT3GNODE,FOLSOM_7_UNIT3GNODE,FOLSOM_7_UNIT3GNODE,RTPD,LMP,LMP_PRC,FOLSOM_7_UNIT3GNODE,ALL,1,82.00197,4,1
2022-09-01T19:45:00-00:00,2022-09-01T20:00:00-00:00,2022-09-01,13,FOLSOM_7_UNIT3GNODE,FOLSOM_7_UNIT3GNODE,FOLSOM_7_UNIT3GNODE,RTPD,LMP,LMP_PRC,FOLSOM_7_UNIT3GNODE,ALL,1,106.76999,4,1
2022-09-01T20:45:00-00:00,2022-09-01T21:00:00-00:00,2022-09-01,14,FOLSOM_7_UNIT3GNODE,FOLSOM_7_UNIT3GNODE,FOLSOM_7_UNIT3GNODE,RTPD,LMP,LMP_PRC,FOLSOM_7_UNIT3GNODE,ALL,1,126.07186,4,1
2022-09-01T21:45:00-00:00,2022-09-01T22:00:00-00:00,2022-09-01,15,FOLSOM_7_UNIT3GNODE,FOLSOM_7_UNIT3GNODE,FOLSOM_7_UNIT3GNODE,RTPD,LMP,LMP_PRC,FOLSOM_7_UNIT3GNODE,ALL,1,212.07794,4,1
2022-09-01T22:45:00-00:00,2022-09-01T23:00:00-00:00,2022-09-01,16,FOLSOM_7_UNIT3GNODE,FOLSOM_7_UNIT3GNODE,FOLSOM_7_UNIT3GNODE,RTPD,LMP,LMP_PRC,FOLSOM_7_UNIT3GNODE,ALL,1,176.18706,4,1
2022-09-01T23:45:00-00:00,2022-09-02T00:00:00-00:00,2022-09-01,17,FOLSOM_7_UNIT3GNODE,FOLSOM_7_UNIT3GNODE,FOLSOM_7_UNIT3GNODE,RTPD,LMP,LMP_PRC,FOLSOM_7_UNIT3GNODE,ALL,1,1651.2014,4,1
2022-09-02T00:45:00-00:00,2022-09-02T01:00:00-00:00,2022-09-01,18,FOLSOM_7_UNIT3GNODE,FOLSOM_7_UNIT3GNODE,FOLSOM_7_UNIT3GNODE,RTPD,LMP,LMP_PRC,FOLSOM_7_UNIT3GNODE,ALL,1,1799.7695,4,1
2022-09-02T01:45:00-00:00,2022-09-02T02:00:00-00:00,2022-09-01,19,FOLSOM_7_UNIT3GNODE,FOLSOM_7_UNIT3GNODE,FOLSOM_7_UNIT3GNODE,RTPD,LMP,LMP_PRC,FOLSOM_7_UNIT3GNODE,ALL,1,1991.9325,4,1
2022-09-02T02:45:00-00:00,2022-09-02T03:00:00-00:00,2022-09-01,20,FOLSOM_7_UNIT3GNODE,FOLSOM_7_UNIT3GNODE,FOLSOM_7_UNIT3GNODE,RTPD,LMP,LMP_PRC,FOLSOM_7_UNIT3GNODE,ALL,1,1823.7404,4,1
2022-09-02T03:45:00-00:00,2022-09-02T04:00:00-00:00,2022-09-01,21,FOLSOM_7_UNIT3GNODE,FOLSOM_7_UNIT3GNODE,FOLSOM_7_UNIT3GNODE,RTPD,LMP,LMP_PRC,FOLSOM_7_UNIT3GNODE,ALL,1,165.62936,4,1
2022-09-02T04:45:00-00:00,2022-09-02T05:00:00-00:00,2022-09-01,22,FOLSOM_7_UNIT3GNODE,FOLSOM_7_UNIT3GNODE,FOLSOM_7_UNIT3GNODE,RTPD,LMP,LMP_PRC,FOLSOM_7_UNIT3GNODE,ALL,1,129.32558,4,1
2022-09-02T05:45:00-00:00,2022-09-02T06:00:00-00:00,2022-09-01,23,FOLSOM_7_UNIT3GNODE,FOLSOM_7_UNIT3GNODE,FOLSOM_7_UNIT3GNODE,RTPD,LMP,LMP_PRC,FOLSOM_7_UNIT3GNODE,ALL,1,116.90929,4,1
2022-09-02T06:45:00-00:00,2022-09-02T07:00:00-00:00,2022-09-01,24,FOLSOM_7_UNIT3GNODE,FOLSOM_7_UNIT3GNODE,FOLSOM_7_UNIT3GNODE,RTPD,LMP,LMP_PRC,FOLSOM_7_UNIT3GNODE,ALL,1,110.94079,4,1
2022-09-01T07:00:00-00:00,2022-09-01T07:15:00-00:00,2022-09-01,01,FOLSOM_7_UNIT3GNODE,FOLSOM_7_UNIT3GNODE,FOLSOM_7_UNIT3GNODE,RTPD,MCC,LMP_CONG_PRC,FOLSOM_7_UNIT3GNODE,ALL,1,-16.31368,1,2
2022-09-01T08:00:00-00:00,2022-09-01T08:15:00-00:00,2022-09-01,02,FOLSOM_7_UNIT3GNODE,FOLSOM_7_UNIT3GNODE,FOLSOM_7_UNIT3GNODE,RTPD,MCC,LMP_CONG_PRC,FOLSOM_7_UNIT3GNODE,ALL,1,-3.26562,1,2
2022-09-01T09:00:00-00:00,2022-09-01T09:15:00-00:00,2022-09-01,03,FOLSOM_7_UNIT3GNODE,FOLSOM_7_UNIT3GNODE,FOLSOM_7_UNIT3GNODE,RTPD,MCC,LMP_CONG_PRC,FOLSOM_7_UNIT3GNODE,ALL,1,-4.37598,1,2
2022-09-01T10:00:00-00:00,2022-09-01T10:15:00-00:00,2022-09-01,04,FOLSOM_7_UNIT3GNODE,FOLSOM_7_UNIT3GNODE,FOLSOM_7_UNIT3GNODE,RTPD,MCC,LMP_CONG_PRC,FOLSOM_7_UNIT3GNODE,ALL,1,-3.80171,1,2
2022-09-01T11:00:00-00:00,2022-09-01T11:15:00-00:00,2022-09-01,05,FOLSOM_7_UNIT3GNODE,FOLSOM_7_UNIT3GNODE,FOLSOM_7_UNIT3GNODE,RTPD,MCC,LMP_CONG_PRC,FOLSOM_7_UNIT3GNODE,ALL,1,0.0012,1,2
2022-09-01T12:00:00-00:00,2022-09-01T12:15:00-00:00,2022-09-01,06,FOLSOM_7_UNIT3GNODE,FOLSOM_7_UNIT3GNODE,FOLSOM_7_UNIT3GNODE,RTPD,MCC,LMP_CONG_PRC,FOLSOM_7_UNIT3GNODE,ALL,1,-9.74069,1,2
2022-09-01T13:00:00-00:00,2022-09-01T13:15:00-00:00,2022-09-01,07,FOLSOM_7_UNIT3GNODE,FOLSOM_7_UNIT3GNODE,FOLSOM_7_UNIT3GNODE,RTPD,MCC,LMP_CONG_PRC,FOLSOM_7_UNIT3GNODE,ALL,1,-12.88062,1,2
2022-09-01T14:00:00-00:00,2022-09-01T14:15:00-00:00,2022-09-01,08,FOLSOM_7_UNIT3GNODE,FOLSOM_7_UNIT3GNODE,FOLSOM_7_UNIT3GNODE,RTPD,MCC,LMP_CONG_PRC,FOLSOM_7_UNIT3GNODE,ALL,1,-0.0012,1,2
2022-09-01T15:00:00-00:00,2022-09-01T15:15:00-00:00,2022-09-01,09,FOLSOM_7_UNIT3GNODE,FOLSOM_7_UNIT3GNODE,FOLSOM_7_UNIT3GNODE,RTPD,MCC,LMP_CONG_PRC,FOLSOM_7_UNIT3GNODE,ALL,1,0.0012,1,2
2022-09-01T16:00:00-00:00,2022-09-01T16:15:00-00:00,2022-09-01,10,FOLSOM_7_UNIT3GNODE,FOLSOM_7_UNIT3GNODE,FOLSOM_7_UNIT3GNODE,RTPD,MCC,LMP_CONG_PRC,FOLSOM_7_UNIT3GNODE,ALL,1,0.0012,1,2
2022-09-01T17:00:00-00:00,2022-09-01T17:15:00-00:00,2022-09-01,11,FOLSOM_7_UNIT3GNODE,FOLSOM_7_UNIT3GNODE,FOLSOM_7_UNIT3GNODE,RTPD,MCC,LMP_CONG_PRC,FOLSOM_7_UNIT3GNODE,ALL,1,-16.36538,1,2
2022-09-01T18:00:00-00:00,2022-09-01T18:15:00-00:00,2022-09-01,12,FOLSOM_7_UNIT3GNODE,FOLSOM_7_UNIT3GNODE,FOLSOM_7_UNIT3GNODE,RTPD,MCC,LMP_CONG_PRC,FOLSOM_7_UNIT3GNODE,ALL,1,-31.7884,1,2
2022-09-01T19:00:00-00:00,2022-09-01T19:15:00-00:00,2022-09-01,13,FOLSOM_7_UNIT3GNODE,FOLSOM_7_UNIT3GNODE,FOLSOM_7_UNIT3GNODE,RTPD,MCC,LMP_CONG_PRC,FOLSOM_7_UNIT3GNODE,ALL,1,-35.09851,1,2
2022-09-01T20:00:00-00:00,2022-09-01T20:15:00-00:00,2022-09-01,14,FOLSOM_7_UNIT3GNODE,FOLSOM_7_UNIT3GNODE,FOLSOM_7_UNIT3GNODE,RTPD,MCC,LMP_CONG_PRC,FOLSOM_7_UNIT3GNODE,ALL,1,-3.44974,1,2
2022-09-01T21:00:00-00:00,2022-09-01T21:15:00-00:00,2022-09-01,15,FOLSOM_7_UNIT3GNODE,FOLSOM_7_UNIT3GNODE,FOLSOM_7_UNIT3GNODE,RTPD,MCC,LMP_CONG_PRC,FOLSOM_7_UNIT3GNODE,ALL,1,-97.80271,1,2
2022-09-01T22:00:00-00:00,2022-09-01T22:15:00-00:00,2022-09-01,16,FOLSOM_7_UNIT3GNODE,FOLSOM_7_UNIT3GNODE,FOLSOM_7_UNIT3GNODE,RTPD,MCC,LMP_CONG_PRC,FOLSOM_7_UNIT3GNODE,ALL,1,-106.33213,1,2
2022-09-01T23:00:00-00:00,2022-09-01T23:15:00-00:00,2022-09-01,17,FOLSOM_7_UNIT3GNODE,FOLSOM_7_UNIT3GNODE,FOLSOM_7_UNIT3GNODE,RTPD,MCC,LMP_CONG_PRC,FOLSOM_7_UNIT3GNODE,ALL,1,-167.5195,1,2
2022-09-02T00:00:00-00:00,2022-09-02T00:15:00-00:00,2022-09-01,18,FOLSOM_7_UNIT3GNODE,FOLSOM_7_UNIT3GNODE,FOLSOM_7_UNIT3GNODE,RTPD,MCC,LMP_CONG_PRC,FOLSOM_7_UNIT3GNODE,ALL,1,326.1558,1,2
2022-09-02T01:00:00-00:00,2022-09-02T01:15:00-00:00,2022-09-01,19,FOLSOM_7_UNIT3GNODE,FOLSOM_7_UNIT3GNODE,FOLSOM_7_UNIT3GNODE,RTPD,MCC,LMP_CONG_PRC,FOLSOM_7_UNIT3GNODE,ALL,1,320.82483,1,2
2022-09-02T02:00:00-00:00,2022-09-02T02:15:00-00:00,2022-09-01,20,FOLSOM_7_UNIT3GNODE,FOLSOM_7_UNIT3GNODE,FOLSOM_7_UNIT3GNODE,RTPD,MCC,LMP_CONG_PRC,FOLSOM_7_UNIT3GNODE,ALL,1,-0.0012,1,2
2022-09-02T03:00:00-00:00,2022-09-02T03:15:00-00:00,2022-09-01,21,FOLSOM_7_UNIT3GNODE,FOLSOM_7_UNIT3GNODE,FOLSOM_7_UNIT3GNODE,RTPD,MCC,LMP_CONG_PRC,FOLSOM_7_UNIT3GNODE,ALL,1,399.21973,1,2
2022-09-02T04:00:00-00:00,2022-09-02T04:15:00-00:00,2022-09-01,22,FOLSOM_7_UNIT3GNODE,FOLSOM_7_UNIT3GNODE,FOLSOM_7_UNIT3GNODE,RTPD,MCC,LMP_CONG_PRC,FOLSOM_7_UNIT3GNODE,ALL,1,-0.0012,1,2
2022-09-02T05:00:00-00:00,2022-09-02T05:15:00-00:00,2022-09-01,23,FOLSOM_7_UNIT3GNODE,FOLSOM_7_UNIT3GNODE,FOLSOM_7_UNIT3GNODE,RTPD,MCC,LMP_CONG_PRC,FOLSOM_7_UNIT3GNODE,ALL,1,0.0012,1,2
2022-09-02T06:00:00-00:00,2022-09-02T06:15:00-00:00,2022-09-01,24,FOLSOM_7_UNIT3GNODE,FOLSOM_7_UNIT3GNODE,FOLSOM_7_UNIT3GNODE,RTPD,MCC,LMP_CONG_PRC,FOLSOM_7_UNIT3GNODE,ALL,1,0.0012,1,2
2022-09-01T07:15:00-00:00,2022-09-01T07:30:00-00:00,2022-09-01,01,FOLSOM_7_UNIT3GNODE,FOLSOM_7_UNIT3GNODE,FOLSOM_7_UNIT3GNODE,RTPD,MCC,LMP_CONG_PRC,FOLSOM_7_UNIT3GNODE,ALL,1,-9.79523,2,2
2022-09-01T08:15:00-00:00,2022-09-01T08:30:00-00:00,2022-09-01,02,FOLSOM_7_UNIT3GNODE,FOLSOM_7_UNIT3GNODE,FOLSOM_7_UNIT3GNODE,RTPD,MCC,LMP_CONG_PRC,FOLSOM_7_UNIT3GNODE,ALL,1,-0.89049,2,2
2022-09-01T09:15:00-00:00,2022-09-01T09:30:00-00:00,2022-09-01,03,FOLSOM_7_UNIT3GNODE,FOLSOM_7_UNIT3GNODE,FOLSOM_7_UNIT3GNODE,RTPD,MCC,LMP_CONG_PRC,FOLSOM_7_UNIT3GNODE,ALL,1,-5.75252,2,2
2022-09-01T10:15:00-00:00,2022-09-01T10:30:00-00:00,2022-09-01,04,FOLSOM_7_UNIT3GNODE,FOLSOM_7_UNIT3GNODE,FOLSOM_7_UNIT3GNODE,RTPD,MCC,LMP_CONG_PRC,FOLSOM_7_UNIT3GNODE,ALL,1,-5.37987,2,2
2022-09-01T11:15:00-00:00,2022-09-01T11:30:00-00:00,2022-09-01,05,FOLSOM_7_UNIT3GNODE,FOLSOM_7_UNIT3GNODE,FOLSOM_7_UNIT3GNODE,RTPD,MCC,LMP_CONG_PRC,FOLSOM_7_UNIT3GNODE,ALL,1,0.0012,2,2
2022-09-01T12:15:00-00:00,2022-09-01T12:30:00-00:00,2022-09-01,06,FOLSOM_7_UNIT3GNODE,FOLSOM_7_UNIT3GNODE,FOLSOM_7_UNIT3GNODE,RTPD,MCC,LMP_CONG_PRC,FOLSOM_7_UNIT3GNODE,ALL,1,-5.95408,2,2
2022-09-01T13:15:00-00:00,2022-09-01T13:30:00-00:00,2022-09-01,07,FOLSOM_7_UNIT3GNODE,FOLSOM_7_UNIT3GNODE,FOLSOM_7_UNIT3GNODE,RTPD,MCC,LMP_CONG_PRC,FOLSOM_7_UNIT3GNODE,ALL,1,-0.55401,2,2
2022-09-01T14:15:00-00:00,2022-09-01T14:30:00-00:00,2022-09-01,08,FOLSOM_7_UNIT3GNODE,FOLSOM_7_UNIT3GNODE,FOLSOM_7_UNIT3GNODE,RTPD,MCC,LMP_CONG_PRC,FOLSOM_7_UNIT3GNODE,ALL,1,-0.0012,2,2
2022-09-01T15:15:00-00:00,2022-09-01T15:30:00-00:00,2022-09-01,09,FOLSOM_7_UNIT3GNODE,FOLSOM_7_UNIT3GNODE,FOLSOM_7_UNIT3GNODE,RTPD,MCC,LMP_CONG_PRC,FOLSOM_7_UNIT3GNODE,ALL,1,0.0012,2,2
2022-09-01T16:15:00-00:00,2022-09-01T16:30:00-00:00,2022-09-01,10,FOLSOM_7_UNIT3GNODE,FOLSOM_7_UNIT3GNODE,FOLSOM_7_UNIT3GNODE,RTPD,MCC,LMP_CONG_PRC,FOLSOM_7_UNIT3GNODE,ALL,1,-1.60091,2,2
2022-09-01T17:15:00-00:00,2022-09-01T17:30:00-00:00,2022-09-01,11,FOLSOM_7_UNIT3GNODE,FOLSOM_7_UNIT3GNODE,FOLSOM_7_UNIT3GNODE,RTPD,MCC,LMP_CONG_PRC,FOLSOM_7_UNIT3GNODE,ALL,1,-19.93426,2,2
2022-09-01T18:15:00-00:00,2022-09-01T18:30:00-00:00,2022-09-01,12,FOLSOM_7_UNIT3GNODE,FOLSOM_7_UNIT3GNODE,FOLSOM_7_UNIT3GNODE,RTPD,MCC,LMP_CONG_PRC,FOLSOM_7_UNIT3GNODE,ALL,1,-26.02588,2,2
2022-09-01T19:15:00-00:00,2022-09-01T19:30:00-00:00,2022-09-01,13,FOLSOM_7_UNIT3GNODE,FOLSOM_7_UNIT3GNODE,FOLSOM_7_UNIT3GNODE,RTPD,MCC,LMP_CONG_PRC,FOLSOM_7_UNIT3GNODE,ALL,1,-29.05786,2,2
2022-09-01T20:15:00-00:00,2022-09-01T20:30:00-00:00,2022-09-01,14,FOLSOM_7_UNIT3GNODE,FOLSOM_7_UNIT3GNODE,FOLSOM_7_UNIT3GNODE,RTPD,MCC,LMP_CONG_PRC,FOLSOM_7_UNIT3GNODE,ALL,1,-3.12315,2,2
2022-09-01T21:15:00-00:00,2022-09-01T21:30:00-00:00,2022-09-01,15,FOLSOM_7_UNIT3GNODE,FOLSOM_7_UNIT3GNODE,FOLSOM_7_UNIT3GNODE,RTPD,MCC,LMP_CONG_PRC,FOLSOM_7_UNIT3GNODE,ALL,1,-26.43086,2,2
2022-09-01T22:15:00-00:00,2022-09-01T22:30:00-00:00,2022-09-01,16,FOLSOM_7_UNIT3GNODE,FOLSOM_7_UNIT3GNODE,FOLSOM_7_UNIT3GNODE,RTPD,MCC,LMP_CONG_PRC,FOLSOM_7_UNIT3GNODE,ALL,1,-116.17958,2,2
2022-09-01T23:15:00-00:00,2022-09-01T23:30:00-00:00,2022-09-01,17,FOLSOM_7_UNIT3GNODE,FOLSOM_7_UNIT3GNODE,FOLSOM_7_UNIT3GNODE,RTPD,MCC,LMP_CONG_PRC,FOLSOM_7_UNIT3GNODE,ALL,1,-97.24425,2,2
2022-09-02T00:15:00-00:00,2022-09-02T00:30:00-00:00,2022-09-01,18,FOLSOM_7_UNIT3GNODE,FOLSOM_7_UNIT3GNODE,FOLSOM_7_UNIT3GNODE,RTPD,MCC,LMP_CONG_PRC,FOLSOM_7_UNIT3GNODE,ALL,1,316.01843,2,2
2022-09-02T01:15:00-00:00,2022-09-02T01:30:00-00:00,2022-09-01,19,FOLSOM_7_UNIT3GNODE,FOLSOM_7_UNIT3GNODE,FOLSOM_7_UNIT3GNODE,RTPD,MCC,LMP_CONG_PRC,FOLSOM_7_UNIT3GNODE,ALL,1,0.0012,2,2
2022-09-02T02:15:00-00:00,2022-09-02T02:30:00-00:00,2022-09-01,20,FOLSOM_7_UNIT3GNODE,FOLSOM_7_UNIT3GNODE,FOLSOM_7_UNIT3GNODE,RTPD,MCC,LMP_CONG_PRC,FOLSOM_7_UNIT3GNODE,ALL,1,-0.0012,2,2
2022-09-02T03:15:00-00:00,2022-09-02T03:30:00-00:00,2022-09-01,21,FOLSOM_7_UNIT3GNODE,FOLSOM_7_UNIT3GNODE,FOLSOM_7_UNIT3GNODE,RTPD,MCC,LMP_CONG_PRC,FOLSOM_7_UNIT3GNODE,ALL,1,139.96078,2,2
2022-09-02T04:15:00-00:00,2022-09-02T04:30:00-00:00,2022-09-01,22,FOLSOM_7_UNIT3GNODE,FOLSOM_7_UNIT3GNODE,FOLSOM_7_UNIT3GNODE,RTPD,MCC,LMP_CONG_PRC,FOLSOM_7_UNIT3GNODE,ALL,1,-0.0012,2,2
2022-09-02T05:15:00-00:00,2022-09-02T05:30:00-00:00,2022-09-01,23,FOLSOM_7_UNIT3GNODE,FOLSOM_7_UNIT3GNODE,FOLSOM_7_UNIT3GNODE,RTPD,MCC,LMP_CONG_PRC,FOLSOM_7_UNIT3GNODE,ALL,1,0.0012,2,2
2022-09-02T06:15:00-00:00,2022-09-02T06:30:00-00:00,2022-09-01,24,FOLSOM_7_UNIT3GNODE,FOLSOM_7_UNIT3GNODE,FOLSOM_7_UNIT3GNODE,RTPD,MCC,LMP_CONG_PRC,FOLSOM_7_UNIT3GNODE,ALL,1,0.0012,2,2
2022-09-01T07:30:00-00:00,2022-09-01T07:45:00-00:00,2022-09-01,01,FOLSOM_7_UNIT3GNODE,FOLSOM_7_UNIT3GNODE,FOLSOM_7_UNIT3GNODE,RTPD,MCC,LMP_CONG_PRC,FOLSOM_7_UNIT3GNODE,ALL,1,-15.82836,3,2
2022-09-01T08:30:00-00:00,2022-09-01T08:45:00-00:00,2022-09-01,02,FOLSOM_7_UNIT3GNODE,FOLSOM_7_UNIT3GNODE,FOLSOM_7_UNIT3GNODE,RTPD,MCC,LMP_CONG_PRC,FOLSOM_7_UNIT3GNODE,ALL,1,0.00036,3,2
2022-09-01T09:30:00-00:00,2022-09-01T09:45:00-00:00,2022-09-01,03,FOLSOM_7_UNIT3GNODE,FOLSOM_7_UNIT3GNODE,FOLSOM_7_UNIT3GNODE,RTPD,MCC,LMP_CONG_PRC,FOLSOM_7_UNIT3GNODE,ALL,1,-5.70088,3,2
2022-09-01T10:30:00-00:00,2022-09-01T10:45:00-00:00,2022-09-01,04,FOLSOM_7_UNIT3GNODE,FOLSOM_7_UNIT3GNODE,FOLSOM_7_UNIT3GNODE,RTPD,MCC,LMP_CONG_PRC,FOLSOM_7_UNIT3GNODE,ALL,1,-3.03371,3,2
2022-09-01T11:30:00-00:00,2022-09-01T11:45:00-00:00,2022-09-01,05,FOLSOM_7_UNIT3GNODE,FOLSOM_7_UNIT3GNODE,FOLSOM_7_UNIT3GNODE,RTPD,MCC,LMP_CONG_PRC,FOLSOM_7_UNIT3GNODE,ALL,1,0.0012,3,2
2022-09-01T12:30:00-00:00,2022-09-01T12:45:00-00:00,2022-09-01,06,FOLSOM_7_UNIT3GNODE,FOLSOM_7_UNIT3GNODE,FOLSOM_7_UNIT3GNODE,RTPD,MCC,LMP_CONG_PRC,FOLSOM_7_UNIT3GNODE,ALL,1,-10.31017,3,2
2022-09-01T13:30:00-00:00,2022-09-01T13:45:00-00:00,2022-09-01,07,FOLSOM_7_UNIT3GNODE,FOLSOM_7_UNIT3GNODE,FOLSOM_7_UNIT3GNODE,RTPD,MCC,LMP_CONG_PRC,FOLSOM_7_UNIT3GNODE,ALL,1,-0.0012,3,2
2022-09-01T14:30:00-00:00,2022-09-01T14:45:00-00:00,2022-09-01,08,FOLSOM_7_UNIT3GNODE,FOLSOM_7_UNIT3GNODE,FOLSOM_7_UNIT3GNODE,RTPD,MCC,LMP_CONG_PRC,FOLSOM_7_UNIT3GNODE,ALL,1,-0.0012,3,2
2022-09-01T15:30:00-00:00,2022-09-01T15:45:00-00:00,2022-09-01,09,FOLSOM_7_UNIT3GNODE,FOLSOM_7_UNIT3GNODE,FOLSOM_7_UNIT3GNODE,RTPD,MCC,LMP_CONG_PRC,FOLSOM_7_UNIT3GNODE,ALL,1,0.0012,3,2
2022-09-01T16:30:00-00:00,2022-09-01T16:45:00-00:00,2022-09-01,10,FOLSOM_7_UNIT3GNODE,FOLSOM_7_UNIT3GNODE,FOLSOM_7_UNIT3GNODE,RTPD,MCC,LMP_CONG_PRC,FOLSOM_7_UNIT3GNODE,ALL,1,-13.41516,3,2
2022-09-01T17:30:00-00:00,2022-09-01T17:45:00-00:00,2022-09-01,11,FOLSOM_7_UNIT3GNODE,FOLSOM_7_UNIT3GNODE,FOLSOM_7_UNIT3GNODE,RTPD,MCC,LMP_CONG_PRC,FOLSOM_7_UNIT3GNODE,ALL,1,-20.00973,3,2
2022-09-01T18:30:00-00:00,2022-09-01T18:45:00-00:00,2022-09-01,12,FOLSOM_7_UNIT3GNODE,FOLSOM_7_UNIT3GNODE,FOLSOM_7_UNIT3GNODE,RTPD,MCC,LMP_CONG_PRC,FOLSOM_7_UNIT3GNODE,ALL,1,-27.14257,3,2
2022-09-01T19:30:00-00:00,2022-09-01T19:45:00-00:00,2022-09-01,13,FOLSOM_7_UNIT3GNODE,FOLSOM_7_UNIT3GNODE,FOLSOM_7_UNIT3GNODE,RTPD,MCC,LMP_CONG_PRC,FOLSOM_7_UNIT3GNODE,ALL,1,-12.46818,3,2
2022-09-01T20:30:00-00:00,2022-09-01T20:45:00-00:00,2022-09-01,14,FOLSOM_7_UNIT3GNODE,FOLSOM_7_UNIT3GNODE,FOLSOM_7_UNIT3GNODE,RTPD,MCC,LMP_CONG_PRC,FOLSOM_7_UNIT3GNODE,ALL,1,-12.60493,3,2
2022-09-01T21:30:00-00:00,2022-09-01T21:45:00-00:00,2022-09-01,15,FOLSOM_7_UNIT3GNODE,FOLSOM_7_UNIT3GNODE,FOLSOM_7_UNIT3GNODE,RTPD,MCC,LMP_CONG_PRC,FOLSOM_7_UNIT3GNODE,ALL,1,-24.28055,3,2
2022-09-01T22:30:00-00:00,2022-09-01T22:45:00-00:00,2022-09-01,16,FOLSOM_7_UNIT3GNODE,FOLSOM_7_UNIT3GNODE,FOLSOM_7_UNIT3GNODE,RTPD,MCC,LMP_CONG_PRC,FOLSOM_7_UNIT3GNODE,ALL,1,-124.92181,3,2
2022-09-01T23:30:00-00:00,2022-09-01T23:45:00-00:00,2022-09-01,17,FOLSOM_7_UNIT3GNODE,FOLSOM_7_UNIT3GNODE,FOLSOM_7_UNIT3GNODE,RTPD,MCC,LMP_CONG_PRC,FOLSOM_7_UNIT3GNODE,ALL,1,0.0012,3,2
2022-09-02T00:30:00-00:00,2022-09-02T00:45:00-00:00,2022-09-01,18,FOLSOM_7_UNIT3GNODE,FOLSOM_7_UNIT3GNODE,FOLSOM_7_UNIT3GNODE,RTPD,MCC,LMP_CONG_PRC,FOLSOM_7_UNIT3GNODE,ALL,1,445.70547,3,2
2022-09-02T01:30:00-00:00,2022-09-02T01:45:00-00:00,2022-09-01,19,FOLSOM_7_UNIT3GNODE,FOLSOM_7_UNIT3GNODE,FOLSOM_7_UNIT3GNODE,RTPD,MCC,LMP_CONG_PRC,FOLSOM_7_UNIT3GNODE,ALL,1,-0.0012,3,2
2022-09-02T02:30:00-00:00,2022-09-02T02:45:00-00:00,2022-09-01,20,FOLSOM_7_UNIT3GNODE,FOLSOM_7_UNIT3GNODE,FOLSOM_7_UNIT3GNODE,RTPD,MCC,LMP_CONG_PRC,FOLSOM_7_UNIT3GNODE,ALL,1,-0.0012,3,2
2022-09-02T03:30:00-00:00,2022-09-02T03:45:00-00:00,2022-09-01,21,FOLSOM_7_UNIT3GNODE,FOLSOM_7_UNIT3GNODE,FOLSOM_7_UNIT3GNODE,RTPD,MCC,LMP_CONG_PRC,FOLSOM_7_UNIT3GNODE,ALL,1,31.48905,3,2
2022-09-02T04:30:00-00:00,2022-09-02T04:45:00-00:00,2022-09-01,22,FOLSOM_7_UNIT3GNODE,FOLSOM_7_UNIT3GNODE,FOLSOM_7_UNIT3GNODE,RTPD,MCC,LMP_CONG_PRC,FOLSOM_7_UNIT3GNODE,ALL,1,-0.0012,3,2
2022-09-02T05:30:00-00:00,2022-09-02T05:45:00-00:00,2022-09-01,23,FOLSOM_7_UNIT3GNODE,FOLSOM_7_UNIT3GNODE,FOLSOM_7_UNIT3GNODE,RTPD,MCC,LMP_CONG_PRC,FOLSOM_7_UNIT3GNODE,ALL,1,0.0012,3,2
2022-09-02T06:30:00-00:00,2022-09-02T06:45:00-00:00,2022-09-01,24,FOLSOM_7_UNIT3GNODE,FOLSOM_7_UNIT3GNODE,FOLSOM_7_UNIT3GNODE,RTPD,MCC,LMP_CONG_PRC,FOLSOM_7_UNIT3GNODE,ALL,1,0.0012,3,2
2022-09-01T07:45:00-00:00,2022-09-01T08:00:00-00:00,2022-09-01,01,FOLSOM_7_UNIT3GNODE,FOLSOM_7_UNIT3GNODE,FOLSOM_7_UNIT3GNODE,RTPD,MCC,LMP_CONG_PRC,FOLSOM_7_UNIT3GNODE,ALL,1,-18.00029,4,2
2022-09-01T08:45:00-00:00,2022-09-01T09:00:00-00:00,2022-09-01,02,FOLSOM_7_UNIT3GNODE,FOLSOM_7_UNIT3GNODE,FOLSOM_7_UNIT3GNODE,RTPD,MCC,LMP_CONG_PRC,FOLSOM_7_UNIT3GNODE,ALL,1,-4.39319,4,2
2022-09-01T09:45:00-00:00,2022-09-01T10:00:00-00:00,2022-09-01,03,FOLSOM_7_UNIT3GNODE,FOLSOM_7_UNIT3GNODE,FOLSOM_7_UNIT3GNODE,RTPD,MCC,LMP_CONG_PRC,FOLSOM_7_UNIT3GNODE,ALL,1,-5.08521,4,2
2022-09-01T10:45:00-00:00,2022-09-01T11:00:00-00:00,2022-09-01,04,FOLSOM_7_UNIT3GNODE,FOLSOM_7_UNIT3GNODE,FOLSOM_7_UNIT3GNODE,RTPD,MCC,LMP_CONG_PRC,FOLSOM_7_UNIT3GNODE,ALL,1,-1.19121,4,2
2022-09-01T11:45:00-00:00,2022-09-01T12:00:00-00:00,2022-09-01,05,FOLSOM_7_UNIT3GNODE,FOLSOM_7_UNIT3GNODE,FOLSOM_7_UNIT3GNODE,RTPD,MCC,LMP_CONG_PRC,FOLSOM_7_UNIT3GNODE,ALL,1,0.0012,4,2
2022-09-01T12:45:00-00:00,2022-09-01T13:00:00-00:00,2022-09-01,06,FOLSOM_7_UNIT3GNODE,FOLSOM_7_UNIT3GNODE,FOLSOM_7_UNIT3GNODE,RTPD,MCC,LMP_CONG_PRC,FOLSOM_7_UNIT3GNODE,ALL,1,-2.29399,4,2
2022-09-01T13:45:00-00:00,2022-09-01T14:00:00-00:00,2022-09-01,07,FOLSOM_7_UNIT3GNODE,FOLSOM_7_UNIT3GNODE,FOLSOM_7_UNIT3GNODE,RTPD,MCC,LMP_CONG_PRC,FOLSOM_7_UNIT3GNODE,ALL,1,-0.0012,4,2
2022-09-01T14:45:00-00:00,2022-09-01T15:00:00-00:00,2022-09-01,08,FOLSOM_7_UNIT3GNODE,FOLSOM_7_UNIT3GNODE,FOLSOM_7_UNIT3GNODE,RTPD,MCC,LMP_CONG_PRC,FOLSOM_7_UNIT3GNODE,ALL,1,0.0012,4,2
2022-09-01T15:45:00-00:00,2022-09-01T16:00:00-00:00,2022-09-01,09,FOLSOM_7_UNIT3GNODE,FOLSOM_7_UNIT3GNODE,FOLSOM_7_UNIT3GNODE,RTPD,MCC,LMP_CONG_PRC,FOLSOM_7_UNIT3GNODE,ALL,1,0.0012,4,2
2022-09-01T16:45:00-00:00,2022-09-01T17:00:00-00:00,2022-09-01,10,FOLSOM_7_UNIT3GNODE,FOLSOM_7_UNIT3GNODE,FOLSOM_7_UNIT3GNODE,RTPD,MCC,LMP_CONG_PRC,FOLSOM_7_UNIT3GNODE,ALL,1,-12.14958,4,2
2022-09-01T17:45:00-00:00,2022-09-01T18:00:00-00:00,2022-09-01,11,FOLSOM_7_UNIT3GNODE,FOLSOM_7_UNIT3GNODE,FOLSOM_7_UNIT3GNODE,RTPD,MCC,LMP_CONG_PRC,FOLSOM_7_UNIT3GNODE,ALL,1,-19.80992,4,2
2022-09-01T18:45:00-00:00,2022-09-01T19:00:00-00:00,2022-09-01,12,FOLSOM_7_UNIT3GNODE,FOLSOM_7_UNIT3GNODE,FOLSOM_7_UNIT3GNODE,RTPD,MCC,LMP_CONG_PRC,FOLSOM_7_UNIT3GNODE,ALL,1,-27.03867,4,2
2022-09-01T19:45:00-00:00,2022-09-01T20:00:00-00:00,2022-09-01,13,FOLSOM_7_UNIT3GNODE,FOLSOM_7_UNIT3GNODE,FOLSOM_7_UNIT3GNODE,RTPD,MCC,LMP_CONG_PRC,FOLSOM_7_UNIT3GNODE,ALL,1,-13.45492,4,2
2022-09-01T20:45:00-00:00,2022-09-01T21:00:00-00:00,2022-09-01,14,FOLSOM_7_UNIT3GNODE,FOLSOM_7_UNIT3GNODE,FOLSOM_7_UNIT3GNODE,RTPD,MCC,LMP_CONG_PRC,FOLSOM_7_UNIT3GNODE,ALL,1,-27.95323,4,2
2022-09-01T21:45:00-00:00,2022-09-01T22:00:00-00:00,2022-09-01,15,FOLSOM_7_UNIT3GNODE,FOLSOM_7_UNIT3GNODE,FOLSOM_7_UNIT3GNODE,RTPD,MCC,LMP_CONG_PRC,FOLSOM_7_UNIT3GNODE,ALL,1,-88.21582,4,2
2022-09-01T22:45:00-00:00,2022-09-01T23:00:00-00:00,2022-09-01,16,FOLSOM_7_UNIT3GNODE,FOLSOM_7_UNIT3GNODE,FOLSOM_7_UNIT3GNODE,RTPD,MCC,LMP_CONG_PRC,FOLSOM_7_UNIT3GNODE,ALL,1,-253.72664,4,2
2022-09-01T23:45:00-00:00,2022-09-02T00:00:00-00:00,2022-09-01,17,FOLSOM_7_UNIT3GNODE,FOLSOM_7_UNIT3GNODE,FOLSOM_7_UNIT3GNODE,RTPD,MCC,LMP_CONG_PRC,FOLSOM_7_UNIT3GNODE,ALL,1,389.98898,4,2
2022-09-02T00:45:00-00:00,2022-09-02T01:00:00-00:00,2022-09-01,18,FOLSOM_7_UNIT3GNODE,FOLSOM_7_UNIT3GNODE,FOLSOM_7_UNIT3GNODE,RTPD,MCC,LMP_CONG_PRC,FOLSOM_7_UNIT3GNODE,ALL,1,280.6205,4,2
2022-09-02T01:45:00-00:00,2022-09-02T02:00:00-00:00,2022-09-01,19,FOLSOM_7_UNIT3GNODE,FOLSOM_7_UNIT3GNODE,FOLSOM_7_UNIT3GNODE,RTPD,MCC,LMP_CONG_PRC,FOLSOM_7_UNIT3GNODE,ALL,1,-0.0012,4,2
2022-09-02T02:45:00-00:00,2022-09-02T03:00:00-00:00,2022-09-01,20,FOLSOM_7_UNIT3GNODE,FOLSOM_7_UNIT3GNODE,FOLSOM_7_UNIT3GNODE,RTPD,MCC,LMP_CONG_PRC,FOLSOM_7_UNIT3GNODE,ALL,1,127.79341,4,2
2022-09-02T03:45:00-00:00,2022-09-02T04:00:00-00:00,2022-09-01,21,FOLSOM_7_UNIT3GNODE,FOLSOM_7_UNIT3GNODE,FOLSOM_7_UNIT3GNODE,RTPD,MCC,LMP_CONG_PRC,FOLSOM_7_UNIT3GNODE,ALL,1,18.33882,4,2
2022-09-02T04:45:00-00:00,2022-09-02T05:00:00-00:00,2022-09-01,22,FOLSOM_7_UNIT3GNODE,FOLSOM_7_UNIT3GNODE,FOLSOM_7_UNIT3GNODE,RTPD,MCC,LMP_CONG_PRC,FOLSOM_7_UNIT3GNODE,ALL,1,0.0012,4,2
2022-09-02T05:45:00-00:00,2022-09-02T06:00:00-00:00,2022-09-01,23,FOLSOM_7_UNIT3GNODE,FOLSOM_7_UNIT3GNODE,FOLSOM_7_UNIT3GNODE,RTPD,MCC,LMP_CONG_PRC,FOLSOM_7_UNIT3GNODE,ALL,1,-4.24248,4,2
2022-09-02T06:45:00-00:00,2022-09-02T07:00:00-00:00,2022-09-01,24,FOLSOM_7_UNIT3GNODE,FOLSOM_7_UNIT3GNODE,FOLSOM_7_UNIT3GNODE,RTPD,MCC,LMP_CONG_PRC,FOLSOM_7_UNIT3GNODE,ALL,1,0.0012,4,2
2022-09-01T07:00:00-00:00,2022-09-01T07:15:00-00:00,2022-09-01,01,FOLSOM_7_UNIT3GNODE,FOLSOM_7_UNIT3GNODE,FOLSOM_7_UNIT3GNODE,RTPD,MCE,LMP_ENE_PRC,FOLSOM_7_UNIT3GNODE,ALL,1,104.23471,1,3
2022-09-01T08:00:00-00:00,2022-09-01T08:15:00-00:00,2022-09-01,02,FOLSOM_7_UNIT3GNODE,FOLSOM_7_UNIT3GNODE,FOLSOM_7_UNIT3GNODE,RTPD,MCE,LMP_ENE_PRC,FOLSOM_7_UNIT3GNODE,ALL,1,115.5488,1,3
2022-09-01T09:00:00-00:00,2022-09-01T09:15:00-00:00,2022-09-01,03,FOLSOM_7_UNIT3GNODE,FOLSOM_7_UNIT3GNODE,FOLSOM_7_UNIT3GNODE,RTPD,MCE,LMP_ENE_PRC,FOLSOM_7_UNIT3GNODE,ALL,1,99.73061,1,3
2022-09-01T10:00:00-00:00,2022-09-01T10:15:00-00:00,2022-09-01,04,FOLSOM_7_UNIT3GNODE,FOLSOM_7_UNIT3GNODE,FOLSOM_7_UNIT3GNODE,RTPD,MCE,LMP_ENE_PRC,FOLSOM_7_UNIT3GNODE,ALL,1,98.64222,1,3
2022-09-01T11:00:00-00:00,2022-09-01T11:15:00-00:00,2022-09-01,05,FOLSOM_7_UNIT3GNODE,FOLSOM_7_UNIT3GNODE,FOLSOM_7_UNIT3GNODE,RTPD,MCE,LMP_ENE_PRC,FOLSOM_7_UNIT3GNODE,ALL,1,102.56859,1,3
2022-09-01T12:00:00-00:00,2022-09-01T12:15:00-00:00,2022-09-01,06,FOLSOM_7_UNIT3GNODE,FOLSOM_7_UNIT3GNODE,FOLSOM_7_UNIT3GNODE,RTPD,MCE,LMP_ENE_PRC,FOLSOM_7_UNIT3GNODE,ALL,1,96.90845,1,3
2022-09-01T13:00:00-00:00,2022-09-01T13:15:00-00:00,2022-09-01,07,FOLSOM_7_UNIT3GNODE,FOLSOM_7_UNIT3GNODE,FOLSOM_7_UNIT3GNODE,RTPD,MCE,LMP_ENE_PRC,FOLSOM_7_UNIT3GNODE,ALL,1,101.80878,1,3
2022-09-01T14:00:00-00:00,2022-09-01T14:15:00-00:00,2022-09-01,08,FOLSOM_7_UNIT3GNODE,FOLSOM_7_UNIT3GNODE,FOLSOM_7_UNIT3GNODE,RTPD,MCE,LMP_ENE_PRC,FOLSOM_7_UNIT3GNODE,ALL,1,111.11219,1,3
2022-09-01T15:00:00-00:00,2022-09-01T15:15:00-00:00,2022-09-01,09,FOLSOM_7_UNIT3GNODE,FOLSOM_7_UNIT3GNODE,FOLSOM_7_UNIT3GNODE,RTPD,MCE,LMP_ENE_PRC,FOLSOM_7_UNIT3GNODE,ALL,1,97.4112,1,3
2022-09-01T16:00:00-00:00,2022-09-01T16:15:00-00:00,2022-09-01,10,FOLSOM_7_UNIT3GNODE,FOLSOM_7_UNIT3GNODE,FOLSOM_7_UNIT3GNODE,RTPD,MCE,LMP_ENE_PRC,FOLSOM_7_UNIT3GNODE,ALL,1,83.43525,1,3
2022-09-01T17:00:00-00:00,2022-09-01T17:15:00-00:00,2022-09-01,11,FOLSOM_7_UNIT3GNODE,FOLSOM_7_UNIT3GNODE,FOLSOM_7_UNIT3GNODE,RTPD,MCE,LMP_ENE_PRC,FOLSOM_7_UNIT3GNODE,ALL,1,96.94897,1,3
2022-09-01T18:00:00-00:00,2022-09-01T18:15:00-00:00,2022-09-01,12,FOLSOM_7_UNIT3GNODE,FOLSOM_7_UNIT3GNODE,FOLSOM_7_UNIT3GNODE,RTPD,MCE,LMP_ENE_PRC,FOLSOM_7_UNIT3GNODE,ALL,1,91.59291,1,3
2022-09-01T19:00:00-00:00,2022-09-01T19:15:00-00:00,2022-09-01,13,FOLSOM_7_UNIT3GNODE,FOLSOM_7_UNIT3GNODE,FOLSOM_7_UNIT3GNODE,RTPD,MCE,LMP_ENE_PRC,FOLSOM_7_UNIT3GNODE,ALL,1,109.19637,1,3
2022-09-01T20:00:00-00:00,2022-09-01T20:15:00-00:00,2022-09-01,14,FOLSOM_7_UNIT3GNODE,FOLSOM_7_UNIT3GNODE,FOLSOM_7_UNIT3GNODE,RTPD,MCE,LMP_ENE_PRC,FOLSOM_7_UNIT3GNODE,ALL,1,117.94359,1,3
2022-09-01T21:00:00-00:00,2022-09-01T21:15:00-00:00,2022-09-01,15,FOLSOM_7_UNIT3GNODE,FOLSOM_7_UNIT3GNODE,FOLSOM_7_UNIT3GNODE,RTPD,MCE,LMP_ENE_PRC,FOLSOM_7_UNIT3GNODE,ALL,1,226.61499,1,3
2022-09-01T22:00:00-00:00,2022-09-01T22:15:00-00:00,2022-09-01,16,FOLSOM_7_UNIT3GNODE,FOLSOM_7_UNIT3GNODE,FOLSOM_7_UNIT3GNODE,RTPD,MCE,LMP_ENE_PRC,FOLSOM_7_UNIT3GNODE,ALL,1,229.18552,1,3
2022-09-01T23:00:00-00:00,2022-09-01T23:15:00-00:00,2022-09-01,17,FOLSOM_7_UNIT3GNODE,FOLSOM_7_UNIT3GNODE,FOLSOM_7_UNIT3GNODE,RTPD,MCE,LMP_ENE_PRC,FOLSOM_7_UNIT3GNODE,ALL,1,386.7537,1,3
2022-09-02T00:00:00-00:00,2022-09-02T00:15:00-00:00,2022-09-01,18,FOLSOM_7_UNIT3GNODE,FOLSOM_7_UNIT3GNODE,FOLSOM_7_UNIT3GNODE,RTPD,MCE,LMP_ENE_PRC,FOLSOM_7_UNIT3GNODE,ALL,1,770.58136,1,3
2022-09-02T01:00:00-00:00,2022-09-02T01:15:00-00:00,2022-09-01,19,FOLSOM_7_UNIT3GNODE,FOLSOM_7_UNIT3GNODE,FOLSOM_7_UNIT3GNODE,RTPD,MCE,LMP_ENE_PRC,FOLSOM_7_UNIT3GNODE,ALL,1,916.27124,1,3
2022-09-02T02:00:00-00:00,2022-09-02T02:15:00-00:00,2022-09-01,20,FOLSOM_7_UNIT3GNODE,FOLSOM_7_UNIT3GNODE,FOLSOM_7_UNIT3GNODE,RTPD,MCE,LMP_ENE_PRC,FOLSOM_7_UNIT3GNODE,ALL,1,1991.6721,1,3
2022-09-02T03:00:00-00:00,2022-09-02T03:15:00-00:00,2022-09-01,21,FOLSOM_7_UNIT3GNODE,FOLSOM_7_UNIT3GNODE,FOLSOM_7_UNIT3GNODE,RTPD,MCE,LMP_ENE_PRC,FOLSOM_7_UNIT3GNODE,ALL,1,917.5508,1,3
2022-09-02T04:00:00-00:00,2022-09-02T04:15:00-00:00,2022-09-01,22,FOLSOM_7_UNIT3GNODE,FOLSOM_7_UNIT3GNODE,FOLSOM_7_UNIT3GNODE,RTPD,MCE,LMP_ENE_PRC,FOLSOM_7_UNIT3GNODE,ALL,1,257.83005,1,3
2022-09-02T05:00:00-00:00,2022-09-02T05:15:00-00:00,2022-09-01,23,FOLSOM_7_UNIT3GNODE,FOLSOM_7_UNIT3GNODE,FOLSOM_7_UNIT3GNODE,RTPD,MCE,LMP_ENE_PRC,FOLSOM_7_UNIT3GNODE,ALL,1,183.24657,1,3
2022-09-02T06:00:00-00:00,2022-09-02T06:15:00-00:00,2022-09-01,24,FOLSOM_7_UNIT3GNODE,FOLSOM_7_UNIT3GNODE,FOLSOM_7_UNIT3GNODE,RTPD,MCE,LMP_ENE_PRC,FOLSOM_7_UNIT3GNODE,ALL,1,158.867,1,3
2022-09-01T07:15:00-00:00,2022-09-01T07:30:00-00:00,2022-09-01,01,FOLSOM_7_UNIT3GNODE,FOLSOM_7_UNIT3GNODE,FOLSOM_7_UNIT3GNODE,RTPD,MCE,LMP_ENE_PRC,FOLSOM_7_UNIT3GNODE,ALL,1,125.55144,2,3
2022-09-01T08:15:00-00:00,2022-09-01T08:30:00-00:00,2022-09-01,02,FOLSOM_7_UNIT3GNODE,FOLSOM_7_UNIT3GNODE,FOLSOM_7_UNIT3GNODE,RTPD,MCE,LMP_ENE_PRC,FOLSOM_7_UNIT3GNODE,ALL,1,115.53165,2,3
2022-09-01T09:15:00-00:00,2022-09-01T09:30:00-00:00,2022-09-01,03,FOLSOM_7_UNIT3GNODE,FOLSOM_7_UNIT3GNODE,FOLSOM_7_UNIT3GNODE,RTPD,MCE,LMP_ENE_PRC,FOLSOM_7_UNIT3GNODE,ALL,1,98.30543,2,3
2022-09-01T10:15:00-00:00,2022-09-01T10:30:00-00:00,2022-09-01,04,FOLSOM_7_UNIT3GNODE,FOLSOM_7_UNIT3GNODE,FOLSOM_7_UNIT3GNODE,RTPD,MCE,LMP_ENE_PRC,FOLSOM_7_UNIT3GNODE,ALL,1,97.00684,2,3
2022-09-01T11:15:00-00:00,2022-09-01T11:30:00-00:00,2022-09-01,05,FOLSOM_7_UNIT3GNODE,FOLSOM_7_UNIT3GNODE,FOLSOM_7_UNIT3GNODE,RTPD,MCE,LMP_ENE_PRC,FOLSOM_7_UNIT3GNODE,ALL,1,103.09059,2,3
2022-09-01T12:15:00-00:00,2022-09-01T12:30:00-00:00,2022-09-01,06,FOLSOM_7_UNIT3GNODE,FOLSOM_7_UNIT3GNODE,FOLSOM_7_UNIT3GNODE,RTPD,MCE,LMP_ENE_PRC,FOLSOM_7_UNIT3GNODE,ALL,1,109.32203,2,3
2022-09-01T13:15:00-00:00,2022-09-01T13:30:00-00:00,2022-09-01,07,FOLSOM_7_UNIT3GNODE,FOLSOM_7_UNIT3GNODE,FOLSOM_7_UNIT3GNODE,RTPD,MCE,LMP_ENE_PRC,FOLSOM_7_UNIT3GNODE,ALL,1,110.97827,2,3
2022-09-01T14:15:00-00:00,2022-09-01T14:30:00-00:00,2022-09-01,08,FOLSOM_7_UNIT3GNODE,FOLSOM_7_UNIT3GNODE,FOLSOM_7_UNIT3GNODE,RTPD,MCE,LMP_ENE_PRC,FOLSOM_7_UNIT3GNODE,ALL,1,104.78743,2,3
2022-09-01T15:15:00-00:00,2022-09-01T15:30:00-00:00,2022-09-01,09,FOLSOM_7_UNIT3GNODE,FOLSOM_7_UNIT3GNODE,FOLSOM_7_UNIT3GNODE,RTPD,MCE,LMP_ENE_PRC,FOLSOM_7_UNIT3GNODE,ALL,1,86.9388,2,3
2022-09-01T16:15:00-00:00,2022-09-01T16:30:00-00:00,2022-09-01,10,FOLSOM_7_UNIT3GNODE,FOLSOM_7_UNIT3GNODE,FOLSOM_7_UNIT3GNODE,RTPD,MCE,LMP_ENE_PRC,FOLSOM_7_UNIT3GNODE,ALL,1,89.44858,2,3
2022-09-01T17:15:00-00:00,2022-09-01T17:30:00-00:00,2022-09-01,11,FOLSOM_7_UNIT3GNODE,FOLSOM_7_UNIT3GNODE,FOLSOM_7_UNIT3GNODE,RTPD,MCE,LMP_ENE_PRC,FOLSOM_7_UNIT3GNODE,ALL,1,99.34673,2,3
2022-09-01T18:15:00-00:00,2022-09-01T18:30:00-00:00,2022-09-01,12,FOLSOM_7_UNIT3GNODE,FOLSOM_7_UNIT3GNODE,FOLSOM_7_UNIT3GNODE,RTPD,MCE,LMP_ENE_PRC,FOLSOM_7_UNIT3GNODE,ALL,1,101.15901,2,3
2022-09-01T19:15:00-00:00,2022-09-01T19:30:00-00:00,2022-09-01,13,FOLSOM_7_UNIT3GNODE,FOLSOM_7_UNIT3GNODE,FOLSOM_7_UNIT3GNODE,RTPD,MCE,LMP_ENE_PRC,FOLSOM_7_UNIT3GNODE,ALL,1,105.30588,2,3
2022-09-01T20:15:00-00:00,2022-09-01T20:30:00-00:00,2022-09-01,14,FOLSOM_7_UNIT3GNODE,FOLSOM_7_UNIT3GNODE,FOLSOM_7_UNIT3GNODE,RTPD,MCE,LMP_ENE_PRC,FOLSOM_7_UNIT3GNODE,ALL,1,117.49421,2,3
2022-09-01T21:15:00-00:00,2022-09-01T21:30:00-00:00,2022-09-01,15,FOLSOM_7_UNIT3GNODE,FOLSOM_7_UNIT3GNODE,FOLSOM_7_UNIT3GNODE,RTPD,MCE,LMP_ENE_PRC,FOLSOM_7_UNIT3GNODE,ALL,1,147.21185,2,3
2022-09-01T22:15:00-00:00,2022-09-01T22:30:00-00:00,2022-09-01,16,FOLSOM_7_UNIT3GNODE,FOLSOM_7_UNIT3GNODE,FOLSOM_7_UNIT3GNODE,RTPD,MCE,LMP_ENE_PRC,FOLSOM_7_UNIT3GNODE,ALL,1,256.58734,2,3
2022-09-01T23:15:00-00:00,2022-09-01T23:30:00-00:00,2022-09-01,17,FOLSOM_7_UNIT3GNODE,FOLSOM_7_UNIT3GNODE,FOLSOM_7_UNIT3GNODE,RTPD,MCE,LMP_ENE_PRC,FOLSOM_7_UNIT3GNODE,ALL,1,362.12408,2,3
2022-09-02T00:15:00-00:00,2022-09-02T00:30:00-00:00,2022-09-01,18,FOLSOM_7_UNIT3GNODE,FOLSOM_7_UNIT3GNODE,FOLSOM_7_UNIT3GNODE,RTPD,MCE,LMP_ENE_PRC,FOLSOM_7_UNIT3GNODE,ALL,1,691.2182,2,3
2022-09-02T01:15:00-00:00,2022-09-02T01:30:00-00:00,2022-09-01,19,FOLSOM_7_UNIT3GNODE,FOLSOM_7_UNIT3GNODE,FOLSOM_7_UNIT3GNODE,RTPD,MCE,LMP_ENE_PRC,FOLSOM_7_UNIT3GNODE,ALL,1,1999.9933,2,3
2022-09-02T02:15:00-00:00,2022-09-02T02:30:00-00:00,2022-09-01,20,FOLSOM_7_UNIT3GNODE,FOLSOM_7_UNIT3GNODE,FOLSOM_7_UNIT3GNODE,RTPD,MCE,LMP_ENE_PRC,FOLSOM_7_UNIT3GNODE,ALL,1,1991.6721,2,3
2022-09-02T03:15:00-00:00,2022-09-02T03:30:00-00:00,2022-09-01,21,FOLSOM_7_UNIT3GNODE,FOLSOM_7_UNIT3GNODE,FOLSOM_7_UNIT3GNODE,RTPD,MCE,LMP_ENE_PRC,FOLSOM_7_UNIT3GNODE,ALL,1,400.52884,2,3
2022-09-02T04:15:00-00:00,2022-09-02T04:30:00-00:00,2022-09-01,22,FOLSOM_7_UNIT3GNODE,FOLSOM_7_UNIT3GNODE,FOLSOM_7_UNIT3GNODE,RTPD,MCE,LMP_ENE_PRC,FOLSOM_7_UNIT3GNODE,ALL,1,224.75041,2,3
2022-09-02T05:15:00-00:00,2022-09-02T05:30:00-00:00,2022-09-01,23,FOLSOM_7_UNIT3GNODE,FOLSOM_7_UNIT3GNODE,FOLSOM_7_UNIT3GNODE,RTPD,MCE,LMP_ENE_PRC,FOLSOM_7_UNIT3GNODE,ALL,1,157.11986,2,3
2022-09-02T06:15:00-00:00,2022-09-02T06:30:00-00:00,2022-09-01,24,FOLSOM_7_UNIT3GNODE,FOLSOM_7_UNIT3GNODE,FOLSOM_7_UNIT3GNODE,RTPD,MCE,LMP_ENE_PRC,FOLSOM_7_UNIT3GNODE,ALL,1,143.1005,2,3
2022-09-01T07:30:00-00:00,2022-09-01T07:45:00-00:00,2022-09-01,01,FOLSOM_7_UNIT3GNODE,FOLSOM_7_UNIT3GNODE,FOLSOM_7_UNIT3GNODE,RTPD,MCE,LMP_ENE_PRC,FOLSOM_7_UNIT3GNODE,ALL,1,119.03196,3,3
2022-09-01T08:30:00-00:00,2022-09-01T08:45:00-00:00,2022-09-01,02,FOLSOM_7_UNIT3GNODE,FOLSOM_7_UNIT3GNODE,FOLSOM_7_UNIT3GNODE,RTPD,MCE,LMP_ENE_PRC,FOLSOM_7_UNIT3GNODE,ALL,1,111.11241,3,3
2022-09-01T09:30:00-00:00,2022-09-01T09:45:00-00:00,2022-09-01,03,FOLSOM_7_UNIT3GNODE,FOLSOM_7_UNIT3GNODE,FOLSOM_7_UNIT3GNODE,RTPD,MCE,LMP_ENE_PRC,FOLSOM_7_UNIT3GNODE,ALL,1,98.16228,3,3
2022-09-01T10:30:00-00:00,2022-09-01T10:45:00-00:00,2022-09-01,04,FOLSOM_7_UNIT3GNODE,FOLSOM_7_UNIT3GNODE,FOLSOM_7_UNIT3GNODE,RTPD,MCE,LMP_ENE_PRC,FOLSOM_7_UNIT3GNODE,ALL,1,96.36226,3,3
2022-09-01T11:30:00-00:00,2022-09-01T11:45:00-00:00,2022-09-01,05,FOLSOM_7_UNIT3GNODE,FOLSOM_7_UNIT3GNODE,FOLSOM_7_UNIT3GNODE,RTPD,MCE,LMP_ENE_PRC,FOLSOM_7_UNIT3GNODE,ALL,1,103.06198,3,3
2022-09-01T12:30:00-00:00,2022-09-01T12:45:00-00:00,2022-09-01,06,FOLSOM_7_UNIT3GNODE,FOLSOM_7_UNIT3GNODE,FOLSOM_7_UNIT3GNODE,RTPD,MCE,LMP_ENE_PRC,FOLSOM_7_UNIT3GNODE,ALL,1,113.57403,3,3
2022-09-01T13:30:00-00:00,2022-09-01T13:45:00-00:00,2022-09-01,07,FOLSOM_7_UNIT3GNODE,FOLSOM_7_UNIT3GNODE,FOLSOM_7_UNIT3GNODE,RTPD,MCE,LMP_ENE_PRC,FOLSOM_7_UNIT3GNODE,ALL,1,111.52025,3,3
2022-09-01T14:30:00-00:00,2022-09-01T14:45:00-00:00,2022-09-01,08,FOLSOM_7_UNIT3GNODE,FOLSOM_7_UNIT3GNODE,FOLSOM_7_UNIT3GNODE,RTPD,MCE,LMP_ENE_PRC,FOLSOM_7_UNIT3GNODE,ALL,1,101.83428,3,3
2022-09-01T15:30:00-00:00,2022-09-01T15:45:00-00:00,2022-09-01,09,FOLSOM_7_UNIT3GNODE,FOLSOM_7_UNIT3GNODE,FOLSOM_7_UNIT3GNODE,RTPD,MCE,LMP_ENE_PRC,FOLSOM_7_UNIT3GNODE,ALL,1,86.1388,3,3
2022-09-01T16:30:00-00:00,2022-09-01T16:45:00-00:00,2022-09-01,10,FOLSOM_7_UNIT3GNODE,FOLSOM_7_UNIT3GNODE,FOLSOM_7_UNIT3GNODE,RTPD,MCE,LMP_ENE_PRC,FOLSOM_7_UNIT3GNODE,ALL,1,88.79644,3,3
2022-09-01T17:30:00-00:00,2022-09-01T17:45:00-00:00,2022-09-01,11,FOLSOM_7_UNIT3GNODE,FOLSOM_7_UNIT3GNODE,FOLSOM_7_UNIT3GNODE,RTPD,MCE,LMP_ENE_PRC,FOLSOM_7_UNIT3GNODE,ALL,1,99.13013,3,3
2022-09-01T18:30:00-00:00,2022-09-01T18:45:00-00:00,2022-09-01,12,FOLSOM_7_UNIT3GNODE,FOLSOM_7_UNIT3GNODE,FOLSOM_7_UNIT3GNODE,RTPD,MCE,LMP_ENE_PRC,FOLSOM_7_UNIT3GNODE,ALL,1,107.05718,3,3
2022-09-01T19:30:00-00:00,2022-09-01T19:45:00-00:00,2022-09-01,13,FOLSOM_7_UNIT3GNODE,FOLSOM_7_UNIT3GNODE,FOLSOM_7_UNIT3GNODE,RTPD,MCE,LMP_ENE_PRC,FOLSOM_7_UNIT3GNODE,ALL,1,114.05905,3,3
2022-09-01T20:30:00-00:00,2022-09-01T20:45:00-00:00,2022-09-01,14,FOLSOM_7_UNIT3GNODE,FOLSOM_7_UNIT3GNODE,FOLSOM_7_UNIT3GNODE,RTPD,MCE,LMP_ENE_PRC,FOLSOM_7_UNIT3GNODE,ALL,1,129.81606,3,3
2022-09-01T21:30:00-00:00,2022-09-01T21:45:00-00:00,2022-09-01,15,FOLSOM_7_UNIT3GNODE,FOLSOM_7_UNIT3GNODE,FOLSOM_7_UNIT3GNODE,RTPD,MCE,LMP_ENE_PRC,FOLSOM_7_UNIT3GNODE,ALL,1,152.93057,3,3
2022-09-01T22:30:00-00:00,2022-09-01T22:45:00-00:00,2022-09-01,16,FOLSOM_7_UNIT3GNODE,FOLSOM_7_UNIT3GNODE,FOLSOM_7_UNIT3GNODE,RTPD,MCE,LMP_ENE_PRC,FOLSOM_7_UNIT3GNODE,ALL,1,283.18182,3,3
2022-09-01T23:30:00-00:00,2022-09-01T23:45:00-00:00,2022-09-01,17,FOLSOM_7_UNIT3GNODE,FOLSOM_7_UNIT3GNODE,FOLSOM_7_UNIT3GNODE,RTPD,MCE,LMP_ENE_PRC,FOLSOM_7_UNIT3GNODE,ALL,1,566.48157,3,3
2022-09-02T00:30:00-00:00,2022-09-02T00:45:00-00:00,2022-09-01,18,FOLSOM_7_UNIT3GNODE,FOLSOM_7_UNIT3GNODE,FOLSOM_7_UNIT3GNODE,RTPD,MCE,LMP_ENE_PRC,FOLSOM_7_UNIT3GNODE,ALL,1,1329.1127,3,3
2022-09-02T01:30:00-00:00,2022-09-02T01:45:00-00:00,2022-09-01,19,FOLSOM_7_UNIT3GNODE,FOLSOM_7_UNIT3GNODE,FOLSOM_7_UNIT3GNODE,RTPD,MCE,LMP_ENE_PRC,FOLSOM_7_UNIT3GNODE,ALL,1,1999.9956,3,3
2022-09-02T02:30:00-00:00,2022-09-02T02:45:00-00:00,2022-09-01,20,FOLSOM_7_UNIT3GNODE,FOLSOM_7_UNIT3GNODE,FOLSOM_7_UNIT3GNODE,RTPD,MCE,LMP_ENE_PRC,FOLSOM_7_UNIT3GNODE,ALL,1,1991.671,3,3
2022-09-02T03:30:00-00:00,2022-09-02T03:45:00-00:00,2022-09-01,21,FOLSOM_7_UNIT3GNODE,FOLSOM_7_UNIT3GNODE,FOLSOM_7_UNIT3GNODE,RTPD,MCE,LMP_ENE_PRC,FOLSOM_7_UNIT3GNODE,ALL,1,186.61823,3,3
2022-09-02T04:30:00-00:00,2022-09-02T04:45:00-00:00,2022-09-01,22,FOLSOM_7_UNIT3GNODE,FOLSOM_7_UNIT3GNODE,FOLSOM_7_UNIT3GNODE,RTPD,MCE,LMP_ENE_PRC,FOLSOM_7_UNIT3GNODE,ALL,1,180.67824,3,3
2022-09-02T05:30:00-00:00,2022-09-02T05:45:00-00:00,2022-09-01,23,FOLSOM_7_UNIT3GNODE,FOLSOM_7_UNIT3GNODE,FOLSOM_7_UNIT3GNODE,RTPD,MCE,LMP_ENE_PRC,FOLSOM_7_UNIT3GNODE,ALL,1,131.69917,3,3
2022-09-02T06:30:00-00:00,2022-09-02T06:45:00-00:00,2022-09-01,24,FOLSOM_7_UNIT3GNODE,FOLSOM_7_UNIT3GNODE,FOLSOM_7_UNIT3GNODE,RTPD,MCE,LMP_ENE_PRC,FOLSOM_7_UNIT3GNODE,ALL,1,128.9871,3,3
2022-09-01T07:45:00-00:00,2022-09-01T08:00:00-00:00,2022-09-01,01,FOLSOM_7_UNIT3GNODE,FOLSOM_7_UNIT3GNODE,FOLSOM_7_UNIT3GNODE,RTPD,MCE,LMP_ENE_PRC,FOLSOM_7_UNIT3GNODE,ALL,1,109.12099,4,3
2022-09-01T08:45:00-00:00,2022-09-01T09:00:00-00:00,2022-09-01,02,FOLSOM_7_UNIT3GNODE,FOLSOM_7_UNIT3GNODE,FOLSOM_7_UNIT3GNODE,RTPD,MCE,LMP_ENE_PRC,FOLSOM_7_UNIT3GNODE,ALL,1,98.7357,4,3
2022-09-01T09:45:00-00:00,2022-09-01T10:00:00-00:00,2022-09-01,03,FOLSOM_7_UNIT3GNODE,FOLSOM_7_UNIT3GNODE,FOLSOM_7_UNIT3GNODE,RTPD,MCE,LMP_ENE_PRC,FOLSOM_7_UNIT3GNODE,ALL,1,97.50475,4,3
2022-09-01T10:45:00-00:00,2022-09-01T11:00:00-00:00,2022-09-01,04,FOLSOM_7_UNIT3GNODE,FOLSOM_7_UNIT3GNODE,FOLSOM_7_UNIT3GNODE,RTPD,MCE,LMP_ENE_PRC,FOLSOM_7_UNIT3GNODE,ALL,1,94.71966,4,3
2022-09-01T11:45:00-00:00,2022-09-01T12:00:00-00:00,2022-09-01,05,FOLSOM_7_UNIT3GNODE,FOLSOM_7_UNIT3GNODE,FOLSOM_7_UNIT3GNODE,RTPD,MCE,LMP_ENE_PRC,FOLSOM_7_UNIT3GNODE,ALL,1,107.01,4,3
2022-09-01T12:45:00-00:00,2022-09-01T13:00:00-00:00,2022-09-01,06,FOLSOM_7_UNIT3GNODE,FOLSOM_7_UNIT3GNODE,FOLSOM_7_UNIT3GNODE,RTPD,MCE,LMP_ENE_PRC,FOLSOM_7_UNIT3GNODE,ALL,1,116.4848,4,3
2022-09-01T13:45:00-00:00,2022-09-01T14:00:00-00:00,2022-09-01,07,FOLSOM_7_UNIT3GNODE,FOLSOM_7_UNIT3GNODE,FOLSOM_7_UNIT3GNODE,RTPD,MCE,LMP_ENE_PRC,FOLSOM_7_UNIT3GNODE,ALL,1,111.41,4,3
2022-09-01T14:45:00-00:00,2022-09-01T15:00:00-00:00,2022-09-01,08,FOLSOM_7_UNIT3GNODE,FOLSOM_7_UNIT3GNODE,FOLSOM_7_UNIT3GNODE,RTPD,MCE,LMP_ENE_PRC,FOLSOM_7_UNIT3GNODE,ALL,1,86.1388,4,3
2022-09-01T15:45:00-00:00,2022-09-01T16:00:00-00:00,2022-09-01,09,FOLSOM_7_UNIT3GNODE,FOLSOM_7_UNIT3GNODE,FOLSOM_7_UNIT3GNODE,RTPD,MCE,LMP_ENE_PRC,FOLSOM_7_UNIT3GNODE,ALL,1,78.70076,4,3
2022-09-01T16:45:00-00:00,2022-09-01T17:00:00-00:00,2022-09-01,10,FOLSOM_7_UNIT3GNODE,FOLSOM_7_UNIT3GNODE,FOLSOM_7_UNIT3GNODE,RTPD,MCE,LMP_ENE_PRC,FOLSOM_7_UNIT3GNODE,ALL,1,91.24933,4,3
2022-09-01T17:45:00-00:00,2022-09-01T18:00:00-00:00,2022-09-01,11,FOLSOM_7_UNIT3GNODE,FOLSOM_7_UNIT3GNODE,FOLSOM_7_UNIT3GNODE,RTPD,MCE,LMP_ENE_PRC,FOLSOM_7_UNIT3GNODE,ALL,1,99.20544,4,3
2022-09-01T18:45:00-00:00,2022-09-01T19:00:00-00:00,2022-09-01,12,FOLSOM_7_UNIT3GNODE,FOLSOM_7_UNIT3GNODE,FOLSOM_7_UNIT3GNODE,RTPD,MCE,LMP_ENE_PRC,FOLSOM_7_UNIT3GNODE,ALL,1,109.04064,4,3
2022-09-01T19:45:00-00:00,2022-09-01T20:00:00-00:00,2022-09-01,13,FOLSOM_7_UNIT3GNODE,FOLSOM_7_UNIT3GNODE,FOLSOM_7_UNIT3GNODE,RTPD,MCE,LMP_ENE_PRC,FOLSOM_7_UNIT3GNODE,ALL,1,120.22491,4,3
2022-09-01T20:45:00-00:00,2022-09-01T21:00:00-00:00,2022-09-01,14,FOLSOM_7_UNIT3GNODE,FOLSOM_7_UNIT3GNODE,FOLSOM_7_UNIT3GNODE,RTPD,MCE,LMP_ENE_PRC,FOLSOM_7_UNIT3GNODE,ALL,1,154.02509,4,3
2022-09-01T21:45:00-00:00,2022-09-01T22:00:00-00:00,2022-09-01,15,FOLSOM_7_UNIT3GNODE,FOLSOM_7_UNIT3GNODE,FOLSOM_7_UNIT3GNODE,RTPD,MCE,LMP_ENE_PRC,FOLSOM_7_UNIT3GNODE,ALL,1,300.29376,4,3
2022-09-01T22:45:00-00:00,2022-09-01T23:00:00-00:00,2022-09-01,16,FOLSOM_7_UNIT3GNODE,FOLSOM_7_UNIT3GNODE,FOLSOM_7_UNIT3GNODE,RTPD,MCE,LMP_ENE_PRC,FOLSOM_7_UNIT3GNODE,ALL,1,429.9137,4,3
2022-09-01T23:45:00-00:00,2022-09-02T00:00:00-00:00,2022-09-01,17,FOLSOM_7_UNIT3GNODE,FOLSOM_7_UNIT3GNODE,FOLSOM_7_UNIT3GNODE,RTPD,MCE,LMP_ENE_PRC,FOLSOM_7_UNIT3GNODE,ALL,1,1261.2124,4,3
2022-09-02T00:45:00-00:00,2022-09-02T01:00:00-00:00,2022-09-01,18,FOLSOM_7_UNIT3GNODE,FOLSOM_7_UNIT3GNODE,FOLSOM_7_UNIT3GNODE,RTPD,MCE,LMP_ENE_PRC,FOLSOM_7_UNIT3GNODE,ALL,1,1519.149,4,3
2022-09-02T01:45:00-00:00,2022-09-02T02:00:00-00:00,2022-09-01,19,FOLSOM_7_UNIT3GNODE,FOLSOM_7_UNIT3GNODE,FOLSOM_7_UNIT3GNODE,RTPD,MCE,LMP_ENE_PRC,FOLSOM_7_UNIT3GNODE,ALL,1,1991.9337,4,3
2022-09-02T02:45:00-00:00,2022-09-02T03:00:00-00:00,2022-09-01,20,FOLSOM_7_UNIT3GNODE,FOLSOM_7_UNIT3GNODE,FOLSOM_7_UNIT3GNODE,RTPD,MCE,LMP_ENE_PRC,FOLSOM_7_UNIT3GNODE,ALL,1,1629.6213,4,3
2022-09-02T03:45:00-00:00,2022-09-02T04:00:00-00:00,2022-09-01,21,FOLSOM_7_UNIT3GNODE,FOLSOM_7_UNIT3GNODE,FOLSOM_7_UNIT3GNODE,RTPD,MCE,LMP_ENE_PRC,FOLSOM_7_UNIT3GNODE,ALL,1,141.13702,4,3
2022-09-02T04:45:00-00:00,2022-09-02T05:00:00-00:00,2022-09-01,22,FOLSOM_7_UNIT3GNODE,FOLSOM_7_UNIT3GNODE,FOLSOM_7_UNIT3GNODE,RTPD,MCE,LMP_ENE_PRC,FOLSOM_7_UNIT3GNODE,ALL,1,126.76372,4,3
2022-09-02T05:45:00-00:00,2022-09-02T06:00:00-00:00,2022-09-01,23,FOLSOM_7_UNIT3GNODE,FOLSOM_7_UNIT3GNODE,FOLSOM_7_UNIT3GNODE,RTPD,MCE,LMP_ENE_PRC,FOLSOM_7_UNIT3GNODE,ALL,1,119.00958,4,3
2022-09-02T06:45:00-00:00,2022-09-02T07:00:00-00:00,2022-09-01,24,FOLSOM_7_UNIT3GNODE,FOLSOM_7_UNIT3GNODE,FOLSOM_7_UNIT3GNODE,RTPD,MCE,LMP_ENE_PRC,FOLSOM_7_UNIT3GNODE,ALL,1,109.20324,4,3
2022-09-01T07:00:00-00:00,2022-09-01T07:15:00-00:00,2022-09-01,01,FOLSOM_7_UNIT3GNODE,FOLSOM_7_UNIT3GNODE,FOLSOM_7_UNIT3GNODE,RTPD,MCL,LMP_LOSS_PRC,FOLSOM_7_UNIT3GNODE,ALL,1,-0.85473,1,4
2022-09-01T08:00:00-00:00,2022-09-01T08:15:00-00:00,2022-09-01,02,FOLSOM_7_UNIT3GNODE,FOLSOM_7_UNIT3GNODE,FOLSOM_7_UNIT3GNODE,RTPD,MCL,LMP_LOSS_PRC,FOLSOM_7_UNIT3GNODE,ALL,1,0,1,4
2022-09-01T09:00:00-00:00,2022-09-01T09:15:00-00:00,2022-09-01,03,FOLSOM_7_UNIT3GNODE,FOLSOM_7_UNIT3GNODE,FOLSOM_7_UNIT3GNODE,RTPD,MCL,LMP_LOSS_PRC,FOLSOM_7_UNIT3GNODE,ALL,1,-0.54852,1,4
2022-09-01T10:00:00-00:00,2022-09-01T10:15:00-00:00,2022-09-01,04,FOLSOM_7_UNIT3GNODE,FOLSOM_7_UNIT3GNODE,FOLSOM_7_UNIT3GNODE,RTPD,MCL,LMP_LOSS_PRC,FOLSOM_7_UNIT3GNODE,ALL,1,-0.35512,1,4
2022-09-01T11:00:00-00:00,2022-09-01T11:15:00-00:00,2022-09-01,05,FOLSOM_7_UNIT3GNODE,FOLSOM_7_UNIT3GNODE,FOLSOM_7_UNIT3GNODE,RTPD,MCL,LMP_LOSS_PRC,FOLSOM_7_UNIT3GNODE,ALL,1,-0.47182,1,4
2022-09-01T12:00:00-00:00,2022-09-01T12:15:00-00:00,2022-09-01,06,FOLSOM_7_UNIT3GNODE,FOLSOM_7_UNIT3GNODE,FOLSOM_7_UNIT3GNODE,RTPD,MCL,LMP_LOSS_PRC,FOLSOM_7_UNIT3GNODE,ALL,1,-1.20168,1,4
2022-09-01T13:00:00-00:00,2022-09-01T13:15:00-00:00,2022-09-01,07,FOLSOM_7_UNIT3GNODE,FOLSOM_7_UNIT3GNODE,FOLSOM_7_UNIT3GNODE,RTPD,MCL,LMP_LOSS_PRC,FOLSOM_7_UNIT3GNODE,ALL,1,0,1,4
2022-09-01T14:00:00-00:00,2022-09-01T14:15:00-00:00,2022-09-01,08,FOLSOM_7_UNIT3GNODE,FOLSOM_7_UNIT3GNODE,FOLSOM_7_UNIT3GNODE,RTPD,MCL,LMP_LOSS_PRC,FOLSOM_7_UNIT3GNODE,ALL,1,1.03333,1,4
2022-09-01T15:00:00-00:00,2022-09-01T15:15:00-00:00,2022-09-01,09,FOLSOM_7_UNIT3GNODE,FOLSOM_7_UNIT3GNODE,FOLSOM_7_UNIT3GNODE,RTPD,MCL,LMP_LOSS_PRC,FOLSOM_7_UNIT3GNODE,ALL,1,0,1,4
2022-09-01T16:00:00-00:00,2022-09-01T16:15:00-00:00,2022-09-01,10,FOLSOM_7_UNIT3GNODE,FOLSOM_7_UNIT3GNODE,FOLSOM_7_UNIT3GNODE,RTPD,MCL,LMP_LOSS_PRC,FOLSOM_7_UNIT3GNODE,ALL,1,0,1,4
2022-09-01T17:00:00-00:00,2022-09-01T17:15:00-00:00,2022-09-01,11,FOLSOM_7_UNIT3GNODE,FOLSOM_7_UNIT3GNODE,FOLSOM_7_UNIT3GNODE,RTPD,MCL,LMP_LOSS_PRC,FOLSOM_7_UNIT3GNODE,ALL,1,0,1,4
2022-09-01T18:00:00-00:00,2022-09-01T18:15:00-00:00,2022-09-01,12,FOLSOM_7_UNIT3GNODE,FOLSOM_7_UNIT3GNODE,FOLSOM_7_UNIT3GNODE,RTPD,MCL,LMP_LOSS_PRC,FOLSOM_7_UNIT3GNODE,ALL,1,0,1,4
2022-09-01T19:00:00-00:00,2022-09-01T19:15:00-00:00,2022-09-01,13,FOLSOM_7_UNIT3GNODE,FOLSOM_7_UNIT3GNODE,FOLSOM_7_UNIT3GNODE,RTPD,MCL,LMP_LOSS_PRC,FOLSOM_7_UNIT3GNODE,ALL,1,0,1,4
2022-09-01T20:00:00-00:00,2022-09-01T20:15:00-00:00,2022-09-01,14,FOLSOM_7_UNIT3GNODE,FOLSOM_7_UNIT3GNODE,FOLSOM_7_UNIT3GNODE,RTPD,MCL,LMP_LOSS_PRC,FOLSOM_7_UNIT3GNODE,ALL,1,0,1,4
2022-09-01T21:00:00-00:00,2022-09-01T21:15:00-00:00,2022-09-01,15,FOLSOM_7_UNIT3GNODE,FOLSOM_7_UNIT3GNODE,FOLSOM_7_UNIT3GNODE,RTPD,MCL,LMP_LOSS_PRC,FOLSOM_7_UNIT3GNODE,ALL,1,0,1,4
2022-09-01T22:00:00-00:00,2022-09-01T22:15:00-00:00,2022-09-01,16,FOLSOM_7_UNIT3GNODE,FOLSOM_7_UNIT3GNODE,FOLSOM_7_UNIT3GNODE,RTPD,MCL,LMP_LOSS_PRC,FOLSOM_7_UNIT3GNODE,ALL,1,0,1,4
2022-09-01T23:00:00-00:00,2022-09-01T23:15:00-00:00,2022-09-01,17,FOLSOM_7_UNIT3GNODE,FOLSOM_7_UNIT3GNODE,FOLSOM_7_UNIT3GNODE,RTPD,MCL,LMP_LOSS_PRC,FOLSOM_7_UNIT3GNODE,ALL,1,0,1,4
2022-09-02T00:00:00-00:00,2022-09-02T00:15:00-00:00,2022-09-01,18,FOLSOM_7_UNIT3GNODE,FOLSOM_7_UNIT3GNODE,FOLSOM_7_UNIT3GNODE,RTPD,MCL,LMP_LOSS_PRC,FOLSOM_7_UNIT3GNODE,ALL,1,26.27678,1,4
2022-09-02T01:00:00-00:00,2022-09-02T01:15:00-00:00,2022-09-01,19,FOLSOM_7_UNIT3GNODE,FOLSOM_7_UNIT3GNODE,FOLSOM_7_UNIT3GNODE,RTPD,MCL,LMP_LOSS_PRC,FOLSOM_7_UNIT3GNODE,ALL,1,0,1,4
2022-09-02T02:00:00-00:00,2022-09-02T02:15:00-00:00,2022-09-01,20,FOLSOM_7_UNIT3GNODE,FOLSOM_7_UNIT3GNODE,FOLSOM_7_UNIT3GNODE,RTPD,MCL,LMP_LOSS_PRC,FOLSOM_7_UNIT3GNODE,ALL,1,0,1,4
2022-09-02T03:00:00-00:00,2022-09-02T03:15:00-00:00,2022-09-01,21,FOLSOM_7_UNIT3GNODE,FOLSOM_7_UNIT3GNODE,FOLSOM_7_UNIT3GNODE,RTPD,MCL,LMP_LOSS_PRC,FOLSOM_7_UNIT3GNODE,ALL,1,49.54768,1,4
2022-09-02T04:00:00-00:00,2022-09-02T04:15:00-00:00,2022-09-01,22,FOLSOM_7_UNIT3GNODE,FOLSOM_7_UNIT3GNODE,FOLSOM_7_UNIT3GNODE,RTPD,MCL,LMP_LOSS_PRC,FOLSOM_7_UNIT3GNODE,ALL,1,7.34812,1,4
2022-09-02T05:00:00-00:00,2022-09-02T05:15:00-00:00,2022-09-01,23,FOLSOM_7_UNIT3GNODE,FOLSOM_7_UNIT3GNODE,FOLSOM_7_UNIT3GNODE,RTPD,MCL,LMP_LOSS_PRC,FOLSOM_7_UNIT3GNODE,ALL,1,4.65449,1,4
2022-09-02T06:00:00-00:00,2022-09-02T06:15:00-00:00,2022-09-01,24,FOLSOM_7_UNIT3GNODE,FOLSOM_7_UNIT3GNODE,FOLSOM_7_UNIT3GNODE,RTPD,MCL,LMP_LOSS_PRC,FOLSOM_7_UNIT3GNODE,ALL,1,2.6531,1,4
2022-09-01T07:15:00-00:00,2022-09-01T07:30:00-00:00,2022-09-01,01,FOLSOM_7_UNIT3GNODE,FOLSOM_7_UNIT3GNODE,FOLSOM_7_UNIT3GNODE,RTPD,MCL,LMP_LOSS_PRC,FOLSOM_7_UNIT3GNODE,ALL,1,0,2,4
2022-09-01T08:15:00-00:00,2022-09-01T08:30:00-00:00,2022-09-01,02,FOLSOM_7_UNIT3GNODE,FOLSOM_7_UNIT3GNODE,FOLSOM_7_UNIT3GNODE,RTPD,MCL,LMP_LOSS_PRC,FOLSOM_7_UNIT3GNODE,ALL,1,0,2,4
2022-09-01T09:15:00-00:00,2022-09-01T09:30:00-00:00,2022-09-01,03,FOLSOM_7_UNIT3GNODE,FOLSOM_7_UNIT3GNODE,FOLSOM_7_UNIT3GNODE,RTPD,MCL,LMP_LOSS_PRC,FOLSOM_7_UNIT3GNODE,ALL,1,-0.44238,2,4
2022-09-01T10:15:00-00:00,2022-09-01T10:30:00-00:00,2022-09-01,04,FOLSOM_7_UNIT3GNODE,FOLSOM_7_UNIT3GNODE,FOLSOM_7_UNIT3GNODE,RTPD,MCL,LMP_LOSS_PRC,FOLSOM_7_UNIT3GNODE,ALL,1,-0.44624,2,4
2022-09-01T11:15:00-00:00,2022-09-01T11:30:00-00:00,2022-09-01,05,FOLSOM_7_UNIT3GNODE,FOLSOM_7_UNIT3GNODE,FOLSOM_7_UNIT3GNODE,RTPD,MCL,LMP_LOSS_PRC,FOLSOM_7_UNIT3GNODE,ALL,1,-0.49484,2,4
2022-09-01T12:15:00-00:00,2022-09-01T12:30:00-00:00,2022-09-01,06,FOLSOM_7_UNIT3GNODE,FOLSOM_7_UNIT3GNODE,FOLSOM_7_UNIT3GNODE,RTPD,MCL,LMP_LOSS_PRC,FOLSOM_7_UNIT3GNODE,ALL,1,-1.27908,2,4
2022-09-01T13:15:00-00:00,2022-09-01T13:30:00-00:00,2022-09-01,07,FOLSOM_7_UNIT3GNODE,FOLSOM_7_UNIT3GNODE,FOLSOM_7_UNIT3GNODE,RTPD,MCL,LMP_LOSS_PRC,FOLSOM_7_UNIT3GNODE,ALL,1,-1.12087,2,4
2022-09-01T14:15:00-00:00,2022-09-01T14:30:00-00:00,2022-09-01,08,FOLSOM_7_UNIT3GNODE,FOLSOM_7_UNIT3GNODE,FOLSOM_7_UNIT3GNODE,RTPD,MCL,LMP_LOSS_PRC,FOLSOM_7_UNIT3GNODE,ALL,1,1.02691,2,4
2022-09-01T15:15:00-00:00,2022-09-01T15:30:00-00:00,2022-09-01,09,FOLSOM_7_UNIT3GNODE,FOLSOM_7_UNIT3GNODE,FOLSOM_7_UNIT3GNODE,RTPD,MCL,LMP_LOSS_PRC,FOLSOM_7_UNIT3GNODE,ALL,1,0,2,4
2022-09-01T16:15:00-00:00,2022-09-01T16:30:00-00:00,2022-09-01,10,FOLSOM_7_UNIT3GNODE,FOLSOM_7_UNIT3GNODE,FOLSOM_7_UNIT3GNODE,RTPD,MCL,LMP_LOSS_PRC,FOLSOM_7_UNIT3GNODE,ALL,1,0,2,4
2022-09-01T17:15:00-00:00,2022-09-01T17:30:00-00:00,2022-09-01,11,FOLSOM_7_UNIT3GNODE,FOLSOM_7_UNIT3GNODE,FOLSOM_7_UNIT3GNODE,RTPD,MCL,LMP_LOSS_PRC,FOLSOM_7_UNIT3GNODE,ALL,1,0,2,4
2022-09-01T18:15:00-00:00,2022-09-01T18:30:00-00:00,2022-09-01,12,FOLSOM_7_UNIT3GNODE,FOLSOM_7_UNIT3GNODE,FOLSOM_7_UNIT3GNODE,RTPD,MCL,LMP_LOSS_PRC,FOLSOM_7_UNIT3GNODE,ALL,1,0,2,4
2022-09-01T19:15:00-00:00,2022-09-01T19:30:00-00:00,2022-09-01,13,FOLSOM_7_UNIT3GNODE,FOLSOM_7_UNIT3GNODE,FOLSOM_7_UNIT3GNODE,RTPD,MCL,LMP_LOSS_PRC,FOLSOM_7_UNIT3GNODE,ALL,1,0,2,4
2022-09-01T20:15:00-00:00,2022-09-01T20:30:00-00:00,2022-09-01,14,FOLSOM_7_UNIT3GNODE,FOLSOM_7_UNIT3GNODE,FOLSOM_7_UNIT3GNODE,RTPD,MCL,LMP_LOSS_PRC,FOLSOM_7_UNIT3GNODE,ALL,1,0,2,4
2022-09-01T21:15:00-00:00,2022-09-01T21:30:00-00:00,2022-09-01,15,FOLSOM_7_UNIT3GNODE,FOLSOM_7_UNIT3GNODE,FOLSOM_7_UNIT3GNODE,RTPD,MCL,LMP_LOSS_PRC,FOLSOM_7_UNIT3GNODE,ALL,1,0,2,4
2022-09-01T22:15:00-00:00,2022-09-01T22:30:00-00:00,2022-09-01,16,FOLSOM_7_UNIT3GNODE,FOLSOM_7_UNIT3GNODE,FOLSOM_7_UNIT3GNODE,RTPD,MCL,LMP_LOSS_PRC,FOLSOM_7_UNIT3GNODE,ALL,1,0,2,4
2022-09-01T23:15:00-00:00,2022-09-01T23:30:00-00:00,2022-09-01,17,FOLSOM_7_UNIT3GNODE,FOLSOM_7_UNIT3GNODE,FOLSOM_7_UNIT3GNODE,RTPD,MCL,LMP_LOSS_PRC,FOLSOM_7_UNIT3GNODE,ALL,1,0,2,4
2022-09-02T00:15:00-00:00,2022-09-02T00:30:00-00:00,2022-09-01,18,FOLSOM_7_UNIT3GNODE,FOLSOM_7_UNIT3GNODE,FOLSOM_7_UNIT3GNODE,RTPD,MCL,LMP_LOSS_PRC,FOLSOM_7_UNIT3GNODE,ALL,1,24.81469,2,4
2022-09-02T01:15:00-00:00,2022-09-02T01:30:00-00:00,2022-09-01,19,FOLSOM_7_UNIT3GNODE,FOLSOM_7_UNIT3GNODE,FOLSOM_7_UNIT3GNODE,RTPD,MCL,LMP_LOSS_PRC,FOLSOM_7_UNIT3GNODE,ALL,1,0,2,4
2022-09-02T02:15:00-00:00,2022-09-02T02:30:00-00:00,2022-09-01,20,FOLSOM_7_UNIT3GNODE,FOLSOM_7_UNIT3GNODE,FOLSOM_7_UNIT3GNODE,RTPD,MCL,LMP_LOSS_PRC,FOLSOM_7_UNIT3GNODE,ALL,1,0,2,4
2022-09-02T03:15:00-00:00,2022-09-02T03:30:00-00:00,2022-09-01,21,FOLSOM_7_UNIT3GNODE,FOLSOM_7_UNIT3GNODE,FOLSOM_7_UNIT3GNODE,RTPD,MCL,LMP_LOSS_PRC,FOLSOM_7_UNIT3GNODE,ALL,1,22.10913,2,4
2022-09-02T04:15:00-00:00,2022-09-02T04:30:00-00:00,2022-09-01,22,FOLSOM_7_UNIT3GNODE,FOLSOM_7_UNIT3GNODE,FOLSOM_7_UNIT3GNODE,RTPD,MCL,LMP_LOSS_PRC,FOLSOM_7_UNIT3GNODE,ALL,1,5.48388,2,4
2022-09-02T05:15:00-00:00,2022-09-02T05:30:00-00:00,2022-09-01,23,FOLSOM_7_UNIT3GNODE,FOLSOM_7_UNIT3GNODE,FOLSOM_7_UNIT3GNODE,RTPD,MCL,LMP_LOSS_PRC,FOLSOM_7_UNIT3GNODE,ALL,1,3.44095,2,4
2022-09-02T06:15:00-00:00,2022-09-02T06:30:00-00:00,2022-09-01,24,FOLSOM_7_UNIT3GNODE,FOLSOM_7_UNIT3GNODE,FOLSOM_7_UNIT3GNODE,RTPD,MCL,LMP_LOSS_PRC,FOLSOM_7_UNIT3GNODE,ALL,1,1.01602,2,4
2022-09-01T07:30:00-00:00,2022-09-01T07:45:00-00:00,2022-09-01,01,FOLSOM_7_UNIT3GNODE,FOLSOM_7_UNIT3GNODE,FOLSOM_7_UNIT3GNODE,RTPD,MCL,LMP_LOSS_PRC,FOLSOM_7_UNIT3GNODE,ALL,1,0,3,4
2022-09-01T08:30:00-00:00,2022-09-01T08:45:00-00:00,2022-09-01,02,FOLSOM_7_UNIT3GNODE,FOLSOM_7_UNIT3GNODE,FOLSOM_7_UNIT3GNODE,RTPD,MCL,LMP_LOSS_PRC,FOLSOM_7_UNIT3GNODE,ALL,1,0.18889,3,4
2022-09-01T09:30:00-00:00,2022-09-01T09:45:00-00:00,2022-09-01,03,FOLSOM_7_UNIT3GNODE,FOLSOM_7_UNIT3GNODE,FOLSOM_7_UNIT3GNODE,RTPD,MCL,LMP_LOSS_PRC,FOLSOM_7_UNIT3GNODE,ALL,1,-0.61843,3,4
2022-09-01T10:30:00-00:00,2022-09-01T10:45:00-00:00,2022-09-01,04,FOLSOM_7_UNIT3GNODE,FOLSOM_7_UNIT3GNODE,FOLSOM_7_UNIT3GNODE,RTPD,MCL,LMP_LOSS_PRC,FOLSOM_7_UNIT3GNODE,ALL,1,-0.35654,3,4
2022-09-01T11:30:00-00:00,2022-09-01T11:45:00-00:00,2022-09-01,05,FOLSOM_7_UNIT3GNODE,FOLSOM_7_UNIT3GNODE,FOLSOM_7_UNIT3GNODE,RTPD,MCL,LMP_LOSS_PRC,FOLSOM_7_UNIT3GNODE,ALL,1,-0.57715,3,4
2022-09-01T12:30:00-00:00,2022-09-01T12:45:00-00:00,2022-09-01,06,FOLSOM_7_UNIT3GNODE,FOLSOM_7_UNIT3GNODE,FOLSOM_7_UNIT3GNODE,RTPD,MCL,LMP_LOSS_PRC,FOLSOM_7_UNIT3GNODE,ALL,1,-1.21525,3,4
2022-09-01T13:30:00-00:00,2022-09-01T13:45:00-00:00,2022-09-01,07,FOLSOM_7_UNIT3GNODE,FOLSOM_7_UNIT3GNODE,FOLSOM_7_UNIT3GNODE,RTPD,MCL,LMP_LOSS_PRC,FOLSOM_7_UNIT3GNODE,ALL,1,-0.86985,3,4
2022-09-01T14:30:00-00:00,2022-09-01T14:45:00-00:00,2022-09-01,08,FOLSOM_7_UNIT3GNODE,FOLSOM_7_UNIT3GNODE,FOLSOM_7_UNIT3GNODE,RTPD,MCL,LMP_LOSS_PRC,FOLSOM_7_UNIT3GNODE,ALL,1,1.222,3,4
2022-09-01T15:30:00-00:00,2022-09-01T15:45:00-00:00,2022-09-01,09,FOLSOM_7_UNIT3GNODE,FOLSOM_7_UNIT3GNODE,FOLSOM_7_UNIT3GNODE,RTPD,MCL,LMP_LOSS_PRC,FOLSOM_7_UNIT3GNODE,ALL,1,0,3,4
2022-09-01T16:30:00-00:00,2022-09-01T16:45:00-00:00,2022-09-01,10,FOLSOM_7_UNIT3GNODE,FOLSOM_7_UNIT3GNODE,FOLSOM_7_UNIT3GNODE,RTPD,MCL,LMP_LOSS_PRC,FOLSOM_7_UNIT3GNODE,ALL,1,0,3,4
2022-09-01T17:30:00-00:00,2022-09-01T17:45:00-00:00,2022-09-01,11,FOLSOM_7_UNIT3GNODE,FOLSOM_7_UNIT3GNODE,FOLSOM_7_UNIT3GNODE,RTPD,MCL,LMP_LOSS_PRC,FOLSOM_7_UNIT3GNODE,ALL,1,0,3,4
2022-09-01T18:30:00-00:00,2022-09-01T18:45:00-00:00,2022-09-01,12,FOLSOM_7_UNIT3GNODE,FOLSOM_7_UNIT3GNODE,FOLSOM_7_UNIT3GNODE,RTPD,MCL,LMP_LOSS_PRC,FOLSOM_7_UNIT3GNODE,ALL,1,0,3,4
2022-09-01T19:30:00-00:00,2022-09-01T19:45:00-00:00,2022-09-01,13,FOLSOM_7_UNIT3GNODE,FOLSOM_7_UNIT3GNODE,FOLSOM_7_UNIT3GNODE,RTPD,MCL,LMP_LOSS_PRC,FOLSOM_7_UNIT3GNODE,ALL,1,0,3,4
2022-09-01T20:30:00-00:00,2022-09-01T20:45:00-00:00,2022-09-01,14,FOLSOM_7_UNIT3GNODE,FOLSOM_7_UNIT3GNODE,FOLSOM_7_UNIT3GNODE,RTPD,MCL,LMP_LOSS_PRC,FOLSOM_7_UNIT3GNODE,ALL,1,0,3,4
2022-09-01T21:30:00-00:00,2022-09-01T21:45:00-00:00,2022-09-01,15,FOLSOM_7_UNIT3GNODE,FOLSOM_7_UNIT3GNODE,FOLSOM_7_UNIT3GNODE,RTPD,MCL,LMP_LOSS_PRC,FOLSOM_7_UNIT3GNODE,ALL,1,0,3,4
2022-09-01T22:30:00-00:00,2022-09-01T22:45:00-00:00,2022-09-01,16,FOLSOM_7_UNIT3GNODE,FOLSOM_7_UNIT3GNODE,FOLSOM_7_UNIT3GNODE,RTPD,MCL,LMP_LOSS_PRC,FOLSOM_7_UNIT3GNODE,ALL,1,0,3,4
2022-09-01T23:30:00-00:00,2022-09-01T23:45:00-00:00,2022-09-01,17,FOLSOM_7_UNIT3GNODE,FOLSOM_7_UNIT3GNODE,FOLSOM_7_UNIT3GNODE,RTPD,MCL,LMP_LOSS_PRC,FOLSOM_7_UNIT3GNODE,ALL,1,0,3,4
2022-09-02T00:30:00-00:00,2022-09-02T00:45:00-00:00,2022-09-01,18,FOLSOM_7_UNIT3GNODE,FOLSOM_7_UNIT3GNODE,FOLSOM_7_UNIT3GNODE,RTPD,MCL,LMP_LOSS_PRC,FOLSOM_7_UNIT3GNODE,ALL,1,0,3,4
2022-09-02T01:30:00-00:00,2022-09-02T01:45:00-00:00,2022-09-01,19,FOLSOM_7_UNIT3GNODE,FOLSOM_7_UNIT3GNODE,FOLSOM_7_UNIT3GNODE,RTPD,MCL,LMP_LOSS_PRC,FOLSOM_7_UNIT3GNODE,ALL,1,0,3,4
2022-09-02T02:30:00-00:00,2022-09-02T02:45:00-00:00,2022-09-01,20,FOLSOM_7_UNIT3GNODE,FOLSOM_7_UNIT3GNODE,FOLSOM_7_UNIT3GNODE,RTPD,MCL,LMP_LOSS_PRC,FOLSOM_7_UNIT3GNODE,ALL,1,0,3,4
2022-09-02T03:30:00-00:00,2022-09-02T03:45:00-00:00,2022-09-01,21,FOLSOM_7_UNIT3GNODE,FOLSOM_7_UNIT3GNODE,FOLSOM_7_UNIT3GNODE,RTPD,MCL,LMP_LOSS_PRC,FOLSOM_7_UNIT3GNODE,ALL,1,9.72275,3,4
2022-09-02T04:30:00-00:00,2022-09-02T04:45:00-00:00,2022-09-01,22,FOLSOM_7_UNIT3GNODE,FOLSOM_7_UNIT3GNODE,FOLSOM_7_UNIT3GNODE,RTPD,MCL,LMP_LOSS_PRC,FOLSOM_7_UNIT3GNODE,ALL,1,2.33073,3,4
2022-09-02T05:30:00-00:00,2022-09-02T05:45:00-00:00,2022-09-01,23,FOLSOM_7_UNIT3GNODE,FOLSOM_7_UNIT3GNODE,FOLSOM_7_UNIT3GNODE,RTPD,MCL,LMP_LOSS_PRC,FOLSOM_7_UNIT3GNODE,ALL,1,2.35744,3,4
2022-09-02T06:30:00-00:00,2022-09-02T06:45:00-00:00,2022-09-01,24,FOLSOM_7_UNIT3GNODE,FOLSOM_7_UNIT3GNODE,FOLSOM_7_UNIT3GNODE,RTPD,MCL,LMP_LOSS_PRC,FOLSOM_7_UNIT3GNODE,ALL,1,1.41887,3,4
2022-09-01T07:45:00-00:00,2022-09-01T08:00:00-00:00,2022-09-01,01,FOLSOM_7_UNIT3GNODE,FOLSOM_7_UNIT3GNODE,FOLSOM_7_UNIT3GNODE,RTPD,MCL,LMP_LOSS_PRC,FOLSOM_7_UNIT3GNODE,ALL,1,0,4,4
2022-09-01T08:45:00-00:00,2022-09-01T09:00:00-00:00,2022-09-01,02,FOLSOM_7_UNIT3GNODE,FOLSOM_7_UNIT3GNODE,FOLSOM_7_UNIT3GNODE,RTPD,MCL,LMP_LOSS_PRC,FOLSOM_7_UNIT3GNODE,ALL,1,0.04937,4,4
2022-09-01T09:45:00-00:00,2022-09-01T10:00:00-00:00,2022-09-01,03,FOLSOM_7_UNIT3GNODE,FOLSOM_7_UNIT3GNODE,FOLSOM_7_UNIT3GNODE,RTPD,MCL,LMP_LOSS_PRC,FOLSOM_7_UNIT3GNODE,ALL,1,-0.54603,4,4
2022-09-01T10:45:00-00:00,2022-09-01T11:00:00-00:00,2022-09-01,04,FOLSOM_7_UNIT3GNODE,FOLSOM_7_UNIT3GNODE,FOLSOM_7_UNIT3GNODE,RTPD,MCL,LMP_LOSS_PRC,FOLSOM_7_UNIT3GNODE,ALL,1,-0.37888,4,4
2022-09-01T11:45:00-00:00,2022-09-01T12:00:00-00:00,2022-09-01,05,FOLSOM_7_UNIT3GNODE,FOLSOM_7_UNIT3GNODE,FOLSOM_7_UNIT3GNODE,RTPD,MCL,LMP_LOSS_PRC,FOLSOM_7_UNIT3GNODE,ALL,1,0,4,4
2022-09-01T12:45:00-00:00,2022-09-01T13:00:00-00:00,2022-09-01,06,FOLSOM_7_UNIT3GNODE,FOLSOM_7_UNIT3GNODE,FOLSOM_7_UNIT3GNODE,RTPD,MCL,LMP_LOSS_PRC,FOLSOM_7_UNIT3GNODE,ALL,1,0,4,4
2022-09-01T13:45:00-00:00,2022-09-01T14:00:00-00:00,2022-09-01,07,FOLSOM_7_UNIT3GNODE,FOLSOM_7_UNIT3GNODE,FOLSOM_7_UNIT3GNODE,RTPD,MCL,LMP_LOSS_PRC,FOLSOM_7_UNIT3GNODE,ALL,1,0,4,4
2022-09-01T14:45:00-00:00,2022-09-01T15:00:00-00:00,2022-09-01,08,FOLSOM_7_UNIT3GNODE,FOLSOM_7_UNIT3GNODE,FOLSOM_7_UNIT3GNODE,RTPD,MCL,LMP_LOSS_PRC,FOLSOM_7_UNIT3GNODE,ALL,1,0,4,4
2022-09-01T15:45:00-00:00,2022-09-01T16:00:00-00:00,2022-09-01,09,FOLSOM_7_UNIT3GNODE,FOLSOM_7_UNIT3GNODE,FOLSOM_7_UNIT3GNODE,RTPD,MCL,LMP_LOSS_PRC,FOLSOM_7_UNIT3GNODE,ALL,1,0,4,4
2022-09-01T16:45:00-00:00,2022-09-01T17:00:00-00:00,2022-09-01,10,FOLSOM_7_UNIT3GNODE,FOLSOM_7_UNIT3GNODE,FOLSOM_7_UNIT3GNODE,RTPD,MCL,LMP_LOSS_PRC,FOLSOM_7_UNIT3GNODE,ALL,1,0,4,4
2022-09-01T17:45:00-00:00,2022-09-01T18:00:00-00:00,2022-09-01,11,FOLSOM_7_UNIT3GNODE,FOLSOM_7_UNIT3GNODE,FOLSOM_7_UNIT3GNODE,RTPD,MCL,LMP_LOSS_PRC,FOLSOM_7_UNIT3GNODE,ALL,1,0,4,4
2022-09-01T18:45:00-00:00,2022-09-01T19:00:00-00:00,2022-09-01,12,FOLSOM_7_UNIT3GNODE,FOLSOM_7_UNIT3GNODE,FOLSOM_7_UNIT3GNODE,RTPD,MCL,LMP_LOSS_PRC,FOLSOM_7_UNIT3GNODE,ALL,1,0,4,4
2022-09-01T19:45:00-00:00,2022-09-01T20:00:00-00:00,2022-09-01,13,FOLSOM_7_UNIT3GNODE,FOLSOM_7_UNIT3GNODE,FOLSOM_7_UNIT3GNODE,RTPD,MCL,LMP_LOSS_PRC,FOLSOM_7_UNIT3GNODE,ALL,1,0,4,4
2022-09-01T20:45:00-00:00,2022-09-01T21:00:00-00:00,2022-09-01,14,FOLSOM_7_UNIT3GNODE,FOLSOM_7_UNIT3GNODE,FOLSOM_7_UNIT3GNODE,RTPD,MCL,LMP_LOSS_PRC,FOLSOM_7_UNIT3GNODE,ALL,1,0,4,4
2022-09-01T21:45:00-00:00,2022-09-01T22:00:00-00:00,2022-09-01,15,FOLSOM_7_UNIT3GNODE,FOLSOM_7_UNIT3GNODE,FOLSOM_7_UNIT3GNODE,RTPD,MCL,LMP_LOSS_PRC,FOLSOM_7_UNIT3GNODE,ALL,1,0,4,4
2022-09-01T22:45:00-00:00,2022-09-01T23:00:00-00:00,2022-09-01,16,FOLSOM_7_UNIT3GNODE,FOLSOM_7_UNIT3GNODE,FOLSOM_7_UNIT3GNODE,RTPD,MCL,LMP_LOSS_PRC,FOLSOM_7_UNIT3GNODE,ALL,1,0,4,4
2022-09-01T23:45:00-00:00,2022-09-02T00:00:00-00:00,2022-09-01,17,FOLSOM_7_UNIT3GNODE,FOLSOM_7_UNIT3GNODE,FOLSOM_7_UNIT3GNODE,RTPD,MCL,LMP_LOSS_PRC,FOLSOM_7_UNIT3GNODE,ALL,1,0,4,4
2022-09-02T00:45:00-00:00,2022-09-02T01:00:00-00:00,2022-09-01,18,FOLSOM_7_UNIT3GNODE,FOLSOM_7_UNIT3GNODE,FOLSOM_7_UNIT3GNODE,RTPD,MCL,LMP_LOSS_PRC,FOLSOM_7_UNIT3GNODE,ALL,1,0,4,4
2022-09-02T01:45:00-00:00,2022-09-02T02:00:00-00:00,2022-09-01,19,FOLSOM_7_UNIT3GNODE,FOLSOM_7_UNIT3GNODE,FOLSOM_7_UNIT3GNODE,RTPD,MCL,LMP_LOSS_PRC,FOLSOM_7_UNIT3GNODE,ALL,1,0,4,4
2022-09-02T02:45:00-00:00,2022-09-02T03:00:00-00:00,2022-09-01,20,FOLSOM_7_UNIT3GNODE,FOLSOM_7_UNIT3GNODE,FOLSOM_7_UNIT3GNODE,RTPD,MCL,LMP_LOSS_PRC,FOLSOM_7_UNIT3GNODE,ALL,1,66.32554,4,4
2022-09-02T03:45:00-00:00,2022-09-02T04:00:00-00:00,2022-09-01,21,FOLSOM_7_UNIT3GNODE,FOLSOM_7_UNIT3GNODE,FOLSOM_7_UNIT3GNODE,RTPD,MCL,LMP_LOSS_PRC,FOLSOM_7_UNIT3GNODE,ALL,1,6.15352,4,4
2022-09-02T04:45:00-00:00,2022-09-02T05:00:00-00:00,2022-09-01,22,FOLSOM_7_UNIT3GNODE,FOLSOM_7_UNIT3GNODE,FOLSOM_7_UNIT3GNODE,RTPD,MCL,LMP_LOSS_PRC,FOLSOM_7_UNIT3GNODE,ALL,1,2.56065,4,4
2022-09-02T05:45:00-00:00,2022-09-02T06:00:00-00:00,2022-09-01,23,FOLSOM_7_UNIT3GNODE,FOLSOM_7_UNIT3GNODE,FOLSOM_7_UNIT3GNODE,RTPD,MCL,LMP_LOSS_PRC,FOLSOM_7_UNIT3GNODE,ALL,1,2.14219,4,4
2022-09-02T06:45:00-00:00,2022-09-02T07:00:00-00:00,2022-09-01,24,FOLSOM_7_UNIT3GNODE,FOLSOM_7_UNIT3GNODE,FOLSOM_7_UNIT3GNODE,RTPD,MCL,LMP_LOSS_PRC,FOLSOM_7_UNIT3GNODE,ALL,1,1.73635,4,4
2022-09-01T07:00:00-00:00,2022-09-01T07:15:00-00:00,2022-09-01,01,FOLSOM_7_UNIT3GNODE,FOLSOM_7_UNIT3GNODE,FOLSOM_7_UNIT3GNODE,RTPD,MGHG,LMP_GHG_PRC,FOLSOM_7_UNIT3GNODE,ALL,1,0,1,5
2022-09-01T08:00:00-00:00,2022-09-01T08:15:00-00:00,2022-09-01,02,FOLSOM_7_UNIT3GNODE,FOLSOM_7_UNIT3GNODE,FOLSOM_7_UNIT3GNODE,RTPD,MGHG,LMP_GHG_PRC,FOLSOM_7_UNIT3GNODE,ALL,1,0,1,5
2022-09-01T09:00:00-00:00,2022-09-01T09:15:00-00:00,2022-09-01,03,FOLSOM_7_UNIT3GNODE,FOLSOM_7_UNIT3GNODE,FOLSOM_7_UNIT3GNODE,RTPD,MGHG,LMP_GHG_PRC,FOLSOM_7_UNIT3GNODE,ALL,1,0,1,5
2022-09-01T10:00:00-00:00,2022-09-01T10:15:00-00:00,2022-09-01,04,FOLSOM_7_UNIT3GNODE,FOLSOM_7_UNIT3GNODE,FOLSOM_7_UNIT3GNODE,RTPD,MGHG,LMP_GHG_PRC,FOLSOM_7_UNIT3GNODE,ALL,1,0,1,5
2022-09-01T11:00:00-00:00,2022-09-01T11:15:00-00:00,2022-09-01,05,FOLSOM_7_UNIT3GNODE,FOLSOM_7_UNIT3GNODE,FOLSOM_7_UNIT3GNODE,RTPD,MGHG,LMP_GHG_PRC,FOLSOM_7_UNIT3GNODE,ALL,1,0,1,5
2022-09-01T12:00:00-00:00,2022-09-01T12:15:00-00:00,2022-09-01,06,FOLSOM_7_UNIT3GNODE,FOLSOM_7_UNIT3GNODE,FOLSOM_7_UNIT3GNODE,RTPD,MGHG,LMP_GHG_PRC,FOLSOM_7_UNIT3GNODE,ALL,1,0,1,5
2022-09-01T13:00:00-00:00,2022-09-01T13:15:00-00:00,2022-09-01,07,FOLSOM_7_UNIT3GNODE,FOLSOM_7_UNIT3GNODE,FOLSOM_7_UNIT3GNODE,RTPD,MGHG,LMP_GHG_PRC,FOLSOM_7_UNIT3GNODE,ALL,1,0,1,5
2022-09-01T14:00:00-00:00,2022-09-01T14:15:00-00:00,2022-09-01,08,FOLSOM_7_UNIT3GNODE,FOLSOM_7_UNIT3GNODE,FOLSOM_7_UNIT3GNODE,RTPD,MGHG,LMP_GHG_PRC,FOLSOM_7_UNIT3GNODE,ALL,1,0,1,5
2022-09-01T15:00:00-00:00,2022-09-01T15:15:00-00:00,2022-09-01,09,FOLSOM_7_UNIT3GNODE,FOLSOM_7_UNIT3GNODE,FOLSOM_7_UNIT3GNODE,RTPD,MGHG,LMP_GHG_PRC,FOLSOM_7_UNIT3GNODE,ALL,1,0,1,5
2022-09-01T16:00:00-00:00,2022-09-01T16:15:00-00:00,2022-09-01,10,FOLSOM_7_UNIT3GNODE,FOLSOM_7_UNIT3GNODE,FOLSOM_7_UNIT3GNODE,RTPD,MGHG,LMP_GHG_PRC,FOLSOM_7_UNIT3GNODE,ALL,1,0,1,5
2022-09-01T17:00:00-00:00,2022-09-01T17:15:00-00:00,2022-09-01,11,FOLSOM_7_UNIT3GNODE,FOLSOM_7_UNIT3GNODE,FOLSOM_7_UNIT3GNODE,RTPD,MGHG,LMP_GHG_PRC,FOLSOM_7_UNIT3GNODE,ALL,1,0,1,5
2022-09-01T18:00:00-00:00,2022-09-01T18:15:00-00:00,2022-09-01,12,FOLSOM_7_UNIT3GNODE,FOLSOM_7_UNIT3GNODE,FOLSOM_7_UNIT3GNODE,RTPD,MGHG,LMP_GHG_PRC,FOLSOM_7_UNIT3GNODE,ALL,1,0,1,5
2022-09-01T19:00:00-00:00,2022-09-01T19:15:00-00:00,2022-09-01,13,FOLSOM_7_UNIT3GNODE,FOLSOM_7_UNIT3GNODE,FOLSOM_7_UNIT3GNODE,RTPD,MGHG,LMP_GHG_PRC,FOLSOM_7_UNIT3GNODE,ALL,1,0,1,5
2022-09-01T20:00:00-00:00,2022-09-01T20:15:00-00:00,2022-09-01,14,FOLSOM_7_UNIT3GNODE,FOLSOM_7_UNIT3GNODE,FOLSOM_7_UNIT3GNODE,RTPD,MGHG,LMP_GHG_PRC,FOLSOM_7_UNIT3GNODE,ALL,1,0,1,5
2022-09-01T21:00:00-00:00,2022-09-01T21:15:00-00:00,2022-09-01,15,FOLSOM_7_UNIT3GNODE,FOLSOM_7_UNIT3GNODE,FOLSOM_7_UNIT3GNODE,RTPD,MGHG,LMP_GHG_PRC,FOLSOM_7_UNIT3GNODE,ALL,1,0,1,5
2022-09-01T22:00:00-00:00,2022-09-01T22:15:00-00:00,2022-09-01,16,FOLSOM_7_UNIT3GNODE,FOLSOM_7_UNIT3GNODE,FOLSOM_7_UNIT3GNODE,RTPD,MGHG,LMP_GHG_PRC,FOLSOM_7_UNIT3GNODE,ALL,1,0,1,5
2022-09-01T23:00:00-00:00,2022-09-01T23:15:00-00:00,2022-09-01,17,FOLSOM_7_UNIT3GNODE,FOLSOM_7_UNIT3GNODE,FOLSOM_7_UNIT3GNODE,RTPD,MGHG,LMP_GHG_PRC,FOLSOM_7_UNIT3GNODE,ALL,1,0,1,5
2022-09-02T00:00:00-00:00,2022-09-02T00:15:00-00:00,2022-09-01,18,FOLSOM_7_UNIT3GNODE,FOLSOM_7_UNIT3GNODE,FOLSOM_7_UNIT3GNODE,RTPD,MGHG,LMP_GHG_PRC,FOLSOM_7_UNIT3GNODE,ALL,1,0,1,5
2022-09-02T01:00:00-00:00,2022-09-02T01:15:00-00:00,2022-09-01,19,FOLSOM_7_UNIT3GNODE,FOLSOM_7_UNIT3GNODE,FOLSOM_7_UNIT3GNODE,RTPD,MGHG,LMP_GHG_PRC,FOLSOM_7_UNIT3GNODE,ALL,1,0,1,5
2022-09-02T02:00:00-00:00,2022-09-02T02:15:00-00:00,2022-09-01,20,FOLSOM_7_UNIT3GNODE,FOLSOM_7_UNIT3GNODE,FOLSOM_7_UNIT3GNODE,RTPD,MGHG,LMP_GHG_PRC,FOLSOM_7_UNIT3GNODE,ALL,1,0,1,5
2022-09-02T03:00:00-00:00,2022-09-02T03:15:00-00:00,2022-09-01,21,FOLSOM_7_UNIT3GNODE,FOLSOM_7_UNIT3GNODE,FOLSOM_7_UNIT3GNODE,RTPD,MGHG,LMP_GHG_PRC,FOLSOM_7_UNIT3GNODE,ALL,1,0,1,5
2022-09-02T04:00:00-00:00,2022-09-02T04:15:00-00:00,2022-09-01,22,FOLSOM_7_UNIT3GNODE,FOLSOM_7_UNIT3GNODE,FOLSOM_7_UNIT3GNODE,RTPD,MGHG,LMP_GHG_PRC,FOLSOM_7_UNIT3GNODE,ALL,1,0,1,5
2022-09-02T05:00:00-00:00,2022-09-02T05:15:00-00:00,2022-09-01,23,FOLSOM_7_UNIT3GNODE,FOLSOM_7_UNIT3GNODE,FOLSOM_7_UNIT3GNODE,RTPD,MGHG,LMP_GHG_PRC,FOLSOM_7_UNIT3GNODE,ALL,1,0,1,5
2022-09-02T06:00:00-00:00,2022-09-02T06:15:00-00:00,2022-09-01,24,FOLSOM_7_UNIT3GNODE,FOLSOM_7_UNIT3GNODE,FOLSOM_7_UNIT3GNODE,RTPD,MGHG,LMP_GHG_PRC,FOLSOM_7_UNIT3GNODE,ALL,1,0,1,5
2022-09-01T07:15:00-00:00,2022-09-01T07:30:00-00:00,2022-09-01,01,FOLSOM_7_UNIT3GNODE,FOLSOM_7_UNIT3GNODE,FOLSOM_7_UNIT3GNODE,RTPD,MGHG,LMP_GHG_PRC,FOLSOM_7_UNIT3GNODE,ALL,1,0,2,5
2022-09-01T08:15:00-00:00,2022-09-01T08:30:00-00:00,2022-09-01,02,FOLSOM_7_UNIT3GNODE,FOLSOM_7_UNIT3GNODE,FOLSOM_7_UNIT3GNODE,RTPD,MGHG,LMP_GHG_PRC,FOLSOM_7_UNIT3GNODE,ALL,1,0,2,5
2022-09-01T09:15:00-00:00,2022-09-01T09:30:00-00:00,2022-09-01,03,FOLSOM_7_UNIT3GNODE,FOLSOM_7_UNIT3GNODE,FOLSOM_7_UNIT3GNODE,RTPD,MGHG,LMP_GHG_PRC,FOLSOM_7_UNIT3GNODE,ALL,1,0,2,5
2022-09-01T10:15:00-00:00,2022-09-01T10:30:00-00:00,2022-09-01,04,FOLSOM_7_UNIT3GNODE,FOLSOM_7_UNIT3GNODE,FOLSOM_7_UNIT3GNODE,RTPD,MGHG,LMP_GHG_PRC,FOLSOM_7_UNIT3GNODE,ALL,1,0,2,5
2022-09-01T11:15:00-00:00,2022-09-01T11:30:00-00:00,2022-09-01,05,FOLSOM_7_UNIT3GNODE,FOLSOM_7_UNIT3GNODE,FOLSOM_7_UNIT3GNODE,RTPD,MGHG,LMP_GHG_PRC,FOLSOM_7_UNIT3GNODE,ALL,1,0,2,5
2022-09-01T12:15:00-00:00,2022-09-01T12:30:00-00:00,2022-09-01,06,FOLSOM_7_UNIT3GNODE,FOLSOM_7_UNIT3GNODE,FOLSOM_7_UNIT3GNODE,RTPD,MGHG,LMP_GHG_PRC,FOLSOM_7_UNIT3GNODE,ALL,1,0,2,5
2022-09-01T13:15:00-00:00,2022-09-01T13:30:00-00:00,2022-09-01,07,FOLSOM_7_UNIT3GNODE,FOLSOM_7_UNIT3GNODE,FOLSOM_7_UNIT3GNODE,RTPD,MGHG,LMP_GHG_PRC,FOLSOM_7_UNIT3GNODE,ALL,1,0,2,5
2022-09-01T14:15:00-00:00,2022-09-01T14:30:00-00:00,2022-09-01,08,FOLSOM_7_UNIT3GNODE,FOLSOM_7_UNIT3GNODE,FOLSOM_7_UNIT3GNODE,RTPD,MGHG,LMP_GHG_PRC,FOLSOM_7_UNIT3GNODE,ALL,1,0,2,5
2022-09-01T15:15:00-00:00,2022-09-01T15:30:00-00:00,2022-09-01,09,FOLSOM_7_UNIT3GNODE,FOLSOM_7_UNIT3GNODE,FOLSOM_7_UNIT3GNODE,RTPD,MGHG,LMP_GHG_PRC,FOLSOM_7_UNIT3GNODE,ALL,1,0,2,5
2022-09-01T16:15:00-00:00,2022-09-01T16:30:00-00:00,2022-09-01,10,FOLSOM_7_UNIT3GNODE,FOLSOM_7_UNIT3GNODE,FOLSOM_7_UNIT3GNODE,RTPD,MGHG,LMP_GHG_PRC,FOLSOM_7_UNIT3GNODE,ALL,1,0,2,5
2022-09-01T17:15:00-00:00,2022-09-01T17:30:00-00:00,2022-09-01,11,FOLSOM_7_UNIT3GNODE,FOLSOM_7_UNIT3GNODE,FOLSOM_7_UNIT3GNODE,RTPD,MGHG,LMP_GHG_PRC,FOLSOM_7_UNIT3GNODE,ALL,1,0,2,5
2022-09-01T18:15:00-00:00,2022-09-01T18:30:00-00:00,2022-09-01,12,FOLSOM_7_UNIT3GNODE,FOLSOM_7_UNIT3GNODE,FOLSOM_7_UNIT3GNODE,RTPD,MGHG,LMP_GHG_PRC,FOLSOM_7_UNIT3GNODE,ALL,1,0,2,5
2022-09-01T19:15:00-00:00,2022-09-01T19:30:00-00:00,2022-09-01,13,FOLSOM_7_UNIT3GNODE,FOLSOM_7_UNIT3GNODE,FOLSOM_7_UNIT3GNODE,RTPD,MGHG,LMP_GHG_PRC,FOLSOM_7_UNIT3GNODE,ALL,1,0,2,5
2022-09-01T20:15:00-00:00,2022-09-01T20:30:00-00:00,2022-09-01,14,FOLSOM_7_UNIT3GNODE,FOLSOM_7_UNIT3GNODE,FOLSOM_7_UNIT3GNODE,RTPD,MGHG,LMP_GHG_PRC,FOLSOM_7_UNIT3GNODE,ALL,1,0,2,5
2022-09-01T21:15:00-00:00,2022-09-01T21:30:00-00:00,2022-09-01,15,FOLSOM_7_UNIT3GNODE,FOLSOM_7_UNIT3GNODE,FOLSOM_7_UNIT3GNODE,RTPD,MGHG,LMP_GHG_PRC,FOLSOM_7_UNIT3GNODE,ALL,1,0,2,5
2022-09-01T22:15:00-00:00,2022-09-01T22:30:00-00:00,2022-09-01,16,FOLSOM_7_UNIT3GNODE,FOLSOM_7_UNIT3GNODE,FOLSOM_7_UNIT3GNODE,RTPD,MGHG,LMP_GHG_PRC,FOLSOM_7_UNIT3GNODE,ALL,1,0,2,5
2022-09-01T23:15:00-00:00,2022-09-01T23:30:00-00:00,2022-09-01,17,FOLSOM_7_UNIT3GNODE,FOLSOM_7_UNIT3GNODE,FOLSOM_7_UNIT3GNODE,RTPD,MGHG,LMP_GHG_PRC,FOLSOM_7_UNIT3GNODE,ALL,1,0,2,5
2022-09-02T00:15:00-00:00,2022-09-02T00:30:00-00:00,2022-09-01,18,FOLSOM_7_UNIT3GNODE,FOLSOM_7_UNIT3GNODE,FOLSOM_7_UNIT3GNODE,RTPD,MGHG,LMP_GHG_PRC,FOLSOM_7_UNIT3GNODE,ALL,1,0,2,5
2022-09-02T01:15:00-00:00,2022-09-02T01:30:00-00:00,2022-09-01,19,FOLSOM_7_UNIT3GNODE,FOLSOM_7_UNIT3GNODE,FOLSOM_7_UNIT3GNODE,RTPD,MGHG,LMP_GHG_PRC,FOLSOM_7_UNIT3GNODE,ALL,1,0,2,5
2022-09-02T02:15:00-00:00,2022-09-02T02:30:00-00:00,2022-09-01,20,FOLSOM_7_UNIT3GNODE,FOLSOM_7_UNIT3GNODE,FOLSOM_7_UNIT3GNODE,RTPD,MGHG,LMP_GHG_PRC,FOLSOM_7_UNIT3GNODE,ALL,1,0,2,5
2022-09-02T03:15:00-00:00,2022-09-02T03:30:00-00:00,2022-09-01,21,FOLSOM_7_UNIT3GNODE,FOLSOM_7_UNIT3GNODE,FOLSOM_7_UNIT3GNODE,RTPD,MGHG,LMP_GHG_PRC,FOLSOM_7_UNIT3GNODE,ALL,1,0,2,5
2022-09-02T04:15:00-00:00,2022-09-02T04:30:00-00:00,2022-09-01,22,FOLSOM_7_UNIT3GNODE,FOLSOM_7_UNIT3GNODE,FOLSOM_7_UNIT3GNODE,RTPD,MGHG,LMP_GHG_PRC,FOLSOM_7_UNIT3GNODE,ALL,1,0,2,5
2022-09-02T05:15:00-00:00,2022-09-02T05:30:00-00:00,2022-09-01,23,FOLSOM_7_UNIT3GNODE,FOLSOM_7_UNIT3GNODE,FOLSOM_7_UNIT3GNODE,RTPD,MGHG,LMP_GHG_PRC,FOLSOM_7_UNIT3GNODE,ALL,1,0,2,5
2022-09-02T06:15:00-00:00,2022-09-02T06:30:00-00:00,2022-09-01,24,FOLSOM_7_UNIT3GNODE,FOLSOM_7_UNIT3GNODE,FOLSOM_7_UNIT3GNODE,RTPD,MGHG,LMP_GHG_PRC,FOLSOM_7_UNIT3GNODE,ALL,1,0,2,5
2022-09-01T07:30:00-00:00,2022-09-01T07:45:00-00:00,2022-09-01,01,FOLSOM_7_UNIT3GNODE,FOLSOM_7_UNIT3GNODE,FOLSOM_7_UNIT3GNODE,RTPD,MGHG,LMP_GHG_PRC,FOLSOM_7_UNIT3GNODE,ALL,1,0,3,5
2022-09-01T08:30:00-00:00,2022-09-01T08:45:00-00:00,2022-09-01,02,FOLSOM_7_UNIT3GNODE,FOLSOM_7_UNIT3GNODE,FOLSOM_7_UNIT3GNODE,RTPD,MGHG,LMP_GHG_PRC,FOLSOM_7_UNIT3GNODE,ALL,1,0,3,5
2022-09-01T09:30:00-00:00,2022-09-01T09:45:00-00:00,2022-09-01,03,FOLSOM_7_UNIT3GNODE,FOLSOM_7_UNIT3GNODE,FOLSOM_7_UNIT3GNODE,RTPD,MGHG,LMP_GHG_PRC,FOLSOM_7_UNIT3GNODE,ALL,1,0,3,5
2022-09-01T10:30:00-00:00,2022-09-01T10:45:00-00:00,2022-09-01,04,FOLSOM_7_UNIT3GNODE,FOLSOM_7_UNIT3GNODE,FOLSOM_7_UNIT3GNODE,RTPD,MGHG,LMP_GHG_PRC,FOLSOM_7_UNIT3GNODE,ALL,1,0,3,5
2022-09-01T11:30:00-00:00,2022-09-01T11:45:00-00:00,2022-09-01,05,FOLSOM_7_UNIT3GNODE,FOLSOM_7_UNIT3GNODE,FOLSOM_7_UNIT3GNODE,RTPD,MGHG,LMP_GHG_PRC,FOLSOM_7_UNIT3GNODE,ALL,1,0,3,5
2022-09-01T12:30:00-00:00,2022-09-01T12:45:00-00:00,2022-09-01,06,FOLSOM_7_UNIT3GNODE,FOLSOM_7_UNIT3GNODE,FOLSOM_7_UNIT3GNODE,RTPD,MGHG,LMP_GHG_PRC,FOLSOM_7_UNIT3GNODE,ALL,1,0,3,5
2022-09-01T13:30:00-00:00,2022-09-01T13:45:00-00:00,2022-09-01,07,FOLSOM_7_UNIT3GNODE,FOLSOM_7_UNIT3GNODE,FOLSOM_7_UNIT3GNODE,RTPD,MGHG,LMP_GHG_PRC,FOLSOM_7_UNIT3GNODE,ALL,1,0,3,5
2022-09-01T14:30:00-00:00,2022-09-01T14:45:00-00:00,2022-09-01,08,FOLSOM_7_UNIT3GNODE,FOLSOM_7_UNIT3GNODE,FOLSOM_7_UNIT3GNODE,RTPD,MGHG,LMP_GHG_PRC,FOLSOM_7_UNIT3GNODE,ALL,1,0,3,5
2022-09-01T15:30:00-00:00,2022-09-01T15:45:00-00:00,2022-09-01,09,FOLSOM_7_UNIT3GNODE,FOLSOM_7_UNIT3GNODE,FOLSOM_7_UNIT3GNODE,RTPD,MGHG,LMP_GHG_PRC,FOLSOM_7_UNIT3GNODE,ALL,1,0,3,5
2022-09-01T16:30:00-00:00,2022-09-01T16:45:00-00:00,2022-09-01,10,FOLSOM_7_UNIT3GNODE,FOLSOM_7_UNIT3GNODE,FOLSOM_7_UNIT3GNODE,RTPD,MGHG,LMP_GHG_PRC,FOLSOM_7_UNIT3GNODE,ALL,1,0,3,5
2022-09-01T17:30:00-00:00,2022-09-01T17:45:00-00:00,2022-09-01,11,FOLSOM_7_UNIT3GNODE,FOLSOM_7_UNIT3GNODE,FOLSOM_7_UNIT3GNODE,RTPD,MGHG,LMP_GHG_PRC,FOLSOM_7_UNIT3GNODE,ALL,1,0,3,5
2022-09-01T18:30:00-00:00,2022-09-01T18:45:00-00:00,2022-09-01,12,FOLSOM_7_UNIT3GNODE,FOLSOM_7_UNIT3GNODE,FOLSOM_7_UNIT3GNODE,RTPD,MGHG,LMP_GHG_PRC,FOLSOM_7_UNIT3GNODE,ALL,1,0,3,5
2022-09-01T19:30:00-00:00,2022-09-01T19:45:00-00:00,2022-09-01,13,FOLSOM_7_UNIT3GNODE,FOLSOM_7_UNIT3GNODE,FOLSOM_7_UNIT3GNODE,RTPD,MGHG,LMP_GHG_PRC,FOLSOM_7_UNIT3GNODE,ALL,1,0,3,5
2022-09-01T20:30:00-00:00,2022-09-01T20:45:00-00:00,2022-09-01,14,FOLSOM_7_UNIT3GNODE,FOLSOM_7_UNIT3GNODE,FOLSOM_7_UNIT3GNODE,RTPD,MGHG,LMP_GHG_PRC,FOLSOM_7_UNIT3GNODE,ALL,1,0,3,5
2022-09-01T21:30:00-00:00,2022-09-01T21:45:00-00:00,2022-09-01,15,FOLSOM_7_UNIT3GNODE,FOLSOM_7_UNIT3GNODE,FOLSOM_7_UNIT3GNODE,RTPD,MGHG,LMP_GHG_PRC,FOLSOM_7_UNIT3GNODE,ALL,1,0,3,5
2022-09-01T22:30:00-00:00,2022-09-01T22:45:00-00:00,2022-09-01,16,FOLSOM_7_UNIT3GNODE,FOLSOM_7_UNIT3GNODE,FOLSOM_7_UNIT3GNODE,RTPD,MGHG,LMP_GHG_PRC,FOLSOM_7_UNIT3GNODE,ALL,1,0,3,5
2022-09-01T23:30:00-00:00,2022-09-01T23:45:00-00:00,2022-09-01,17,FOLSOM_7_UNIT3GNODE,FOLSOM_7_UNIT3GNODE,FOLSOM_7_UNIT3GNODE,RTPD,MGHG,LMP_GHG_PRC,FOLSOM_7_UNIT3GNODE,ALL,1,0,3,5
2022-09-02T00:30:00-00:00,2022-09-02T00:45:00-00:00,2022-09-01,18,FOLSOM_7_UNIT3GNODE,FOLSOM_7_UNIT3GNODE,FOLSOM_7_UNIT3GNODE,RTPD,MGHG,LMP_GHG_PRC,FOLSOM_7_UNIT3GNODE,ALL,1,0,3,5
2022-09-02T01:30:00-00:00,2022-09-02T01:45:00-00:00,2022-09-01,19,FOLSOM_7_UNIT3GNODE,FOLSOM_7_UNIT3GNODE,FOLSOM_7_UNIT3GNODE,RTPD,MGHG,LMP_GHG_PRC,FOLSOM_7_UNIT3GNODE,ALL,1,0,3,5
2022-09-02T02:30:00-00:00,2022-09-02T02:45:00-00:00,2022-09-01,20,FOLSOM_7_UNIT3GNODE,FOLSOM_7_UNIT3GNODE,FOLSOM_7_UNIT3GNODE,RTPD,MGHG,LMP_GHG_PRC,FOLSOM_7_UNIT3GNODE,ALL,1,0,3,5
2022-09-02T03:30:00-00:00,2022-09-02T03:45:00-00:00,2022-09-01,21,FOLSOM_7_UNIT3GNODE,FOLSOM_7_UNIT3GNODE,FOLSOM_7_UNIT3GNODE,RTPD,MGHG,LMP_GHG_PRC,FOLSOM_7_UNIT3GNODE,ALL,1,0,3,5
2022-09-02T04:30:00-00:00,2022-09-02T04:45:00-00:00,2022-09-01,22,FOLSOM_7_UNIT3GNODE,FOLSOM_7_UNIT3GNODE,FOLSOM_7_UNIT3GNODE,RTPD,MGHG,LMP_GHG_PRC,FOLSOM_7_UNIT3GNODE,ALL,1,0,3,5
2022-09-02T05:30:00-00:00,2022-09-02T05:45:00-00:00,2022-09-01,23,FOLSOM_7_UNIT3GNODE,FOLSOM_7_UNIT3GNODE,FOLSOM_7_UNIT3GNODE,RTPD,MGHG,LMP_GHG_PRC,FOLSOM_7_UNIT3GNODE,ALL,1,0,3,5
2022-09-02T06:30:00-00:00,2022-09-02T06:45:00-00:00,2022-09-01,24,FOLSOM_7_UNIT3GNODE,FOLSOM_7_UNIT3GNODE,FOLSOM_7_UNIT3GNODE,RTPD,MGHG,LMP_GHG_PRC,FOLSOM_7_UNIT3GNODE,ALL,1,0,3,5
2022-09-01T07:45:00-00:00,2022-09-01T08:00:00-00:00,2022-09-01,01,FOLSOM_7_UNIT3GNODE,FOLSOM_7_UNIT3GNODE,FOLSOM_7_UNIT3GNODE,RTPD,MGHG,LMP_GHG_PRC,FOLSOM_7_UNIT3GNODE,ALL,1,0,4,5
2022-09-01T08:45:00-00:00,2022-09-01T09:00:00-00:00,2022-09-01,02,FOLSOM_7_UNIT3GNODE,FOLSOM_7_UNIT3GNODE,FOLSOM_7_UNIT3GNODE,RTPD,MGHG,LMP_GHG_PRC,FOLSOM_7_UNIT3GNODE,ALL,1,0,4,5
2022-09-01T09:45:00-00:00,2022-09-01T10:00:00-00:00,2022-09-01,03,FOLSOM_7_UNIT3GNODE,FOLSOM_7_UNIT3GNODE,FOLSOM_7_UNIT3GNODE,RTPD,MGHG,LMP_GHG_PRC,FOLSOM_7_UNIT3GNODE,ALL,1,0,4,5
2022-09-01T10:45:00-00:00,2022-09-01T11:00:00-00:00,2022-09-01,04,FOLSOM_7_UNIT3GNODE,FOLSOM_7_UNIT3GNODE,FOLSOM_7_UNIT3GNODE,RTPD,MGHG,LMP_GHG_PRC,FOLSOM_7_UNIT3GNODE,ALL,1,0,4,5
2022-09-01T11:45:00-00:00,2022-09-01T12:00:00-00:00,2022-09-01,05,FOLSOM_7_UNIT3GNODE,FOLSOM_7_UNIT3GNODE,FOLSOM_7_UNIT3GNODE,RTPD,MGHG,LMP_GHG_PRC,FOLSOM_7_UNIT3GNODE,ALL,1,0,4,5
2022-09-01T12:45:00-00:00,2022-09-01T13:00:00-00:00,2022-09-01,06,FOLSOM_7_UNIT3GNODE,FOLSOM_7_UNIT3GNODE,FOLSOM_7_UNIT3GNODE,RTPD,MGHG,LMP_GHG_PRC,FOLSOM_7_UNIT3GNODE,ALL,1,0,4,5
2022-09-01T13:45:00-00:00,2022-09-01T14:00:00-00:00,2022-09-01,07,FOLSOM_7_UNIT3GNODE,FOLSOM_7_UNIT3GNODE,FOLSOM_7_UNIT3GNODE,RTPD,MGHG,LMP_GHG_PRC,FOLSOM_7_UNIT3GNODE,ALL,1,0,4,5
2022-09-01T14:45:00-00:00,2022-09-01T15:00:00-00:00,2022-09-01,08,FOLSOM_7_UNIT3GNODE,FOLSOM_7_UNIT3GNODE,FOLSOM_7_UNIT3GNODE,RTPD,MGHG,LMP_GHG_PRC,FOLSOM_7_UNIT3GNODE,ALL,1,0,4,5
2022-09-01T15:45:00-00:00,2022-09-01T16:00:00-00:00,2022-09-01,09,FOLSOM_7_UNIT3GNODE,FOLSOM_7_UNIT3GNODE,FOLSOM_7_UNIT3GNODE,RTPD,MGHG,LMP_GHG_PRC,FOLSOM_7_UNIT3GNODE,ALL,1,0,4,5
2022-09-01T16:45:00-00:00,2022-09-01T17:00:00-00:00,2022-09-01,10,FOLSOM_7_UNIT3GNODE,FOLSOM_7_UNIT3GNODE,FOLSOM_7_UNIT3GNODE,RTPD,MGHG,LMP_GHG_PRC,FOLSOM_7_UNIT3GNODE,ALL,1,0,4,5
2022-09-01T17:45:00-00:00,2022-09-01T18:00:00-00:00,2022-09-01,11,FOLSOM_7_UNIT3GNODE,FOLSOM_7_UNIT3GNODE,FOLSOM_7_UNIT3GNODE,RTPD,MGHG,LMP_GHG_PRC,FOLSOM_7_UNIT3GNODE,ALL,1,0,4,5
2022-09-01T18:45:00-00:00,2022-09-01T19:00:00-00:00,2022-09-01,12,FOLSOM_7_UNIT3GNODE,FOLSOM_7_UNIT3GNODE,FOLSOM_7_UNIT3GNODE,RTPD,MGHG,LMP_GHG_PRC,FOLSOM_7_UNIT3GNODE,ALL,1,0,4,5
2022-09-01T19:45:00-00:00,2022-09-01T20:00:00-00:00,2022-09-01,13,FOLSOM_7_UNIT3GNODE,FOLSOM_7_UNIT3GNODE,FOLSOM_7_UNIT3GNODE,RTPD,MGHG,LMP_GHG_PRC,FOLSOM_7_UNIT3GNODE,ALL,1,0,4,5
2022-09-01T20:45:00-00:00,2022-09-01T21:00:00-00:00,2022-09-01,14,FOLSOM_7_UNIT3GNODE,FOLSOM_7_UNIT3GNODE,FOLSOM_7_UNIT3GNODE,RTPD,MGHG,LMP_GHG_PRC,FOLSOM_7_UNIT3GNODE,ALL,1,0,4,5
2022-09-01T21:45:00-00:00,2022-09-01T22:00:00-00:00,2022-09-01,15,FOLSOM_7_UNIT3GNODE,FOLSOM_7_UNIT3GNODE,FOLSOM_7_UNIT3GNODE,RTPD,MGHG,LMP_GHG_PRC,FOLSOM_7_UNIT3GNODE,ALL,1,0,4,5
2022-09-01T22:45:00-00:00,2022-09-01T23:00:00-00:00,2022-09-01,16,FOLSOM_7_UNIT3GNODE,FOLSOM_7_UNIT3GNODE,FOLSOM_7_UNIT3GNODE,RTPD,MGHG,LMP_GHG_PRC,FOLSOM_7_UNIT3GNODE,ALL,1,0,4,5
2022-09-01T23:45:00-00:00,2022-09-02T00:00:00-00:00,2022-09-01,17,FOLSOM_7_UNIT3GNODE,FOLSOM_7_UNIT3GNODE,FOLSOM_7_UNIT3GNODE,RTPD,MGHG,LMP_GHG_PRC,FOLSOM_7_UNIT3GNODE,ALL,1,0,4,5
2022-09-02T00:45:00-00:00,2022-09-02T01:00:00-00:00,2022-09-01,18,FOLSOM_7_UNIT3GNODE,FOLSOM_7_UNIT3GNODE,FOLSOM_7_UNIT3GNODE,RTPD,MGHG,LMP_GHG_PRC,FOLSOM_7_UNIT3GNODE,ALL,1,0,4,5
2022-09-02T01:45:00-00:00,2022-09-02T02:00:00-00:00,2022-09-01,19,FOLSOM_7_UNIT3GNODE,FOLSOM_7_UNIT3GNODE,FOLSOM_7_UNIT3GNODE,RTPD,MGHG,LMP_GHG_PRC,FOLSOM_7_UNIT3GNODE,ALL,1,0,4,5
2022-09-02T02:45:00-00:00,2022-09-02T03:00:00-00:00,2022-09-01,20,FOLSOM_7_UNIT3GNODE,FOLSOM_7_UNIT3GNODE,FOLSOM_7_UNIT3GNODE,RTPD,MGHG,LMP_GHG_PRC,FOLSOM_7_UNIT3GNODE,ALL,1,0,4,5
2022-09-02T03:45:00-00:00,2022-09-02T04:00:00-00:00,2022-09-01,21,FOLSOM_7_UNIT3GNODE,FOLSOM_7_UNIT3GNODE,FOLSOM_7_UNIT3GNODE,RTPD,MGHG,LMP_GHG_PRC,FOLSOM_7_UNIT3GNODE,ALL,1,0,4,5
2022-09-02T04:45:00-00:00,2022-09-02T05:00:00-00:00,2022-09-01,22,FOLSOM_7_UNIT3GNODE,FOLSOM_7_UNIT3GNODE,FOLSOM_7_UNIT3GNODE,RTPD,MGHG,LMP_GHG_PRC,FOLSOM_7_UNIT3GNODE,ALL,1,0,4,5
2022-09-02T05:45:00-00:00,2022-09-02T06:00:00-00:00,2022-09-01,23,FOLSOM_7_UNIT3GNODE,FOLSOM_7_UNIT3GNODE,FOLSOM_7_UNIT3GNODE,RTPD,MGHG,LMP_GHG_PRC,FOLSOM_7_UNIT3GNODE,ALL,1,0,4,5
2022-09-02T06:45:00-00:00,2022-09-02T07:00:00-00:00,2022-09-01,24,FOLSOM_7_UNIT3GNODE,FOLSOM_7_UNIT3GNODE,FOLSOM_7_UNIT3GNODE,RTPD,MGHG,LMP_GHG_PRC,FOLSOM_7_UNIT3GNODE,ALL,1,0,4,5
