INTERVALSTARTTIME_GMT,INTERVALENDTIME_GMT,OPR_DT,OPR_HR,NODE_ID_XML,NODE_ID,NODE,MARKET_RUN_ID,LMP_TYPE,XML_DATA_ITEM,PNODE_RESMRID,GRP_TYPE,POS,PRC,OPR_INTERVAL,GROUP
2022-09-01T07:00:00-00:00,2022-09-01T07:15:00-00:00,2022-09-01,01,ALLN_1_ALLN SOLARGNODE,ALLN_1_ALLN SOLARGNODE,ALLN_1_ALLN SOLARGNODE,RTPD,LMP,LMP_PRC,ALLN_1_ALLN SOLARGNODE,ALL,1,109.59113,1,1
2022-09-01T08:00:00-00:00,2022-09-01T08:15:00-00:00,2022-09-01,02,ALLN_1_ALLN SOLARGNODE,ALLN_1_ALLN SOLARGNODE,ALLN_1_ALLN SOLARGNODE,RTPD,LMP,LMP_PRC,ALLN_1_ALLN SOLARGNODE,ALL,1,103.75294,1,1
2022-09-01T09:00:00-00:00,2022-09-01T09:15:00-00:00,2022-09-01,03,ALLN_1_ALLN SOLARGNODE,ALLN_1_ALLN SOLARGNODE,ALLN_1_ALLN SOLARGNODE,RTPD,LMP,LMP_PRC,ALLN_1_ALLN SOLARGNODE,ALL,1,91.26679,1,1
2022-09-01T10:00:00-00:00,2022-09-01T10:15:00-00:00,2022-09-01,04,ALLN_1_ALLN SOLARGNODE,ALLN_1_ALLN SOLARGNODE,ALLN_1_ALLN SOLARGNODE,RTPD,LMP,LMP_PRC,ALLN_1_ALLN SOLARGNODE,ALL,1,88.88208,1,1
2022-09-01T11:00:00-00:00,2022-09-01T11:15:00-00:00,2022-09-01,05,ALLN_1_ALLN SOLARGNODE,ALLN_1_ALLN SOLARGNODE,ALLN_1_ALLN SOLARGNODE,RTPD,LMP,LMP_PRC,ALLN_1_ALLN SOLARGNODE,ALL,1,89.48717,1,1
2022-09-01T12:00:00-00:00,2022-09-01T12:15:00-00:00,2022-09-01,06,ALLN_1_ALLN SOLARGNODE,ALLN_1_ALLN SOLARGNODE,ALLN_1_ALLN SOLARGNODE,RTPD,LMP,LMP_PRC,ALLN_1_ALLN SOLARGNODE,ALL,1,90.45738,1,1
2022-09-01T13:00:00-00:00,2022-09-01T13:15:00-00:00,2022-09-01,07,ALLN_1_ALLN SOLARGNODE,ALLN_1_ALLN SOLARGNODE,ALLN_1_ALLN SOLARGNODE,RTPD,LMP,LMP_PRC,ALLN_1_ALLN SOLARGNODE,ALL,1,96.76833,1,1
2022-09-01T14:00:00-00:00,2022-09-01T14:15:00-00:00,2022-09-01,08,ALLN_1_ALLN SOLARGNODE,ALLN_1_ALLN SOLARGNODE,ALLN_1_ALLN SOLARGNODE,RTPD,LMP,LMP_PRC,ALLN_1_ALLN SOLARGNODE,ALL,1,73.89341,1,1
2022-09-01T15:00:00-00:00,2022-09-01T15:15:00-00:00,2022-09-01,09,ALLN_1_ALLN SOLARGNODE,ALLN_1_ALLN SOLARGNODE,ALLN_1_ALLN SOLARGNODE,RTPD,LMP,LMP_PRC,ALLN_1_ALLN SOLARGNODE,ALL,1,34.69282,1,1
2022-09-01T16:00:00-00:00,2022-09-01T16:15:00-00:00,2022-09-01,10,ALLN_1_ALLN SOLARGNODE,ALLN_1_ALLN SOLARGNODE,ALLN_1_ALLN SOLARGNODE,RTPD,LMP,LMP_PRC,ALLN_1_ALLN SOLARGNODE,ALL,1,32.50529,1,1
2022-09-01T17:00:00-00:00,2022-09-01T17:15:00-00:00,2022-09-01,11,ALLN_1_ALLN SOLARGNODE,ALLN_1_ALLN SOLARGNODE,ALLN_1_ALLN SOLARGNODE,RTPD,LMP,LMP_PRC,ALLN_1_ALLN SOLARGNODE,ALL,1,63.9077,1,1
2022-09-01T18:00:00-00:00,2022-09-01T18:15:00-00:00,2022-09-01,12,ALLN_1_ALLN SOLARGNODE,ALLN_1_ALLN SOLARGNODE,ALLN_1_ALLN SOLARGNODE,RTPD,LMP,LMP_PRC,ALLN_1_ALLN SOLARGNODE,ALL,1,63.32339,1,1
2022-09-01T19:00:00-00:00,2022-09-01T19:15:00-00:00,2022-09-01,13,ALLN_1_ALLN SOLARGNODE,ALLN_1_ALLN SOLARGNODE,ALLN_1_ALLN SOLARGNODE,RTPD,LMP,LMP_PRC,ALLN_1_ALLN SOLARGNODE,ALL,1,57.85321,1,1
2022-09-01T20:00:00-00:00,2022-09-01T20:15:00-00:00,2022-09-01,14,ALLN_1_ALLN SOLARGNODE,ALLN_1_ALLN SOLARGNODE,ALLN_1_ALLN SOLARGNODE,RTPD,LMP,LMP_PRC,ALLN_1_ALLN SOLARGNODE,ALL,1,93.59043,1,1
2022-09-01T21:00:00-00:00,2022-09-01T21:15:00-00:00,2022-09-01,15,ALLN_1_ALLN SOLARGNODE,ALLN_1_ALLN SOLARGNODE,ALLN_1_ALLN SOLARGNODE,RTPD,LMP,LMP_PRC,ALLN_1_ALLN SOLARGNODE,ALL,1,60.82454,1,1
2022-09-01T22:00:00-00:00,2022-09-01T22:15:00-00:00,2022-09-01,16,ALLN_1_ALLN SOLARGNODE,ALLN_1_ALLN SOLARGNODE,ALLN_1_ALLN SOLARGNODE,RTPD,LMP,LMP_PRC,ALLN_1_ALLN SOLARGNODE,ALL,1,121.35657,1,1
2022-09-01T23:00:00-00:00,2022-09-01T23:15:00-00:00,2022-09-01,17,ALLN_1_ALLN SOLARGNODE,ALLN_1_ALLN SOLARGNODE,ALLN_1_ALLN SOLARGNODE,RTPD,LMP,LMP_PRC,ALLN_1_ALLN SOLARGNODE,ALL,1,157.59416,1,1
2022-09-02T00:00:00-00:00,2022-09-02T00:15:00-00:00,2022-09-01,18,ALLN_1_ALLN SOLARGNODE,ALLN_1_ALLN SOLARGNODE,ALLN_1_ALLN SOLARGNODE,RTPD,LMP,LMP_PRC,ALLN_1_ALLN SOLARGNODE,ALL,1,525.8877,1,1
2022-09-02T01:00:00-00:00,2022-09-02T01:15:00-00:00,2022-09-01,19,ALLN_1_ALLN SOLARGNODE,ALLN_1_ALLN SOLARGNODE,ALLN_1_ALLN SOLARGNODE,RTPD,LMP,LMP_PRC,ALLN_1_ALLN SOLARGNODE,ALL,1,970.63544,1,1
2022-09-02T02:00:00-00:00,2022-09-02T02:15:00-00:00,2022-09-01,20,ALLN_1_ALLN SOLARGNODE,ALLN_1_ALLN SOLARGNODE,ALLN_1_ALLN SOLARGNODE,RTPD,LMP,LMP_PRC,ALLN_1_ALLN SOLARGNODE,ALL,1,1882.1531,1,1
2022-09-02T03:00:00-00:00,2022-09-02T03:15:00-00:00,2022-09-01,21,ALLN_1_ALLN SOLARGNODE,ALLN_1_ALLN SOLARGNODE,ALLN_1_ALLN SOLARGNODE,RTPD,LMP,LMP_PRC,ALLN_1_ALLN SOLARGNODE,ALL,1,422.9913,1,1
2022-09-02T04:00:00-00:00,2022-09-02T04:15:00-00:00,2022-09-01,22,ALLN_1_ALLN SOLARGNODE,ALLN_1_ALLN SOLARGNODE,ALLN_1_ALLN SOLARGNODE,RTPD,LMP,LMP_PRC,ALLN_1_ALLN SOLARGNODE,ALL,1,26.59765,1,1
2022-09-02T05:00:00-00:00,2022-09-02T05:15:00-00:00,2022-09-01,23,ALLN_1_ALLN SOLARGNODE,ALLN_1_ALLN SOLARGNODE,ALLN_1_ALLN SOLARGNODE,RTPD,LMP,LMP_PRC,ALLN_1_ALLN SOLARGNODE,ALL,1,40.18776,1,1
2022-09-02T06:00:00-00:00,2022-09-02T06:15:00-00:00,2022-09-01,24,ALLN_1_ALLN SOLARGNODE,ALLN_1_ALLN SOLARGNODE,ALLN_1_ALLN SOLARGNODE,RTPD,LMP,LMP_PRC,ALLN_1_ALLN SOLARGNODE,ALL,1,58.7379,1,1
2022-09-01T07:15:00-00:00,2022-09-01T07:30:00-00:00,2022-09-01,01,ALLN_1_ALLN SOLARGNODE,ALLN_1_ALLN SOLARGNODE,ALLN_1_ALLN SOLARGNODE,RTPD,LMP,LMP_PRC,ALLN_1_ALLN SOLARGNODE,ALL,1,118.67659,2,1
2022-09-01T08:15:00-00:00,2022-09-01T08:30:00-00:00,2022-09-01,02,ALLN_1_ALLN SOLARGNODE,ALLN_1_ALLN SOLARGNODE,ALLN_1_ALLN SOLARGNODE,RTPD,LMP,LMP_PRC,ALLN_1_ALLN SOLARGNODE,ALL,1,101.41702,2,1
2022-09-01T09:15:00-00:00,2022-09-01T09:30:00-00:00,2022-09-01,03,ALLN_1_ALLN SOLARGNODE,ALLN_1_ALLN SOLARGNODE,ALLN_1_ALLN SOLARGNODE,RTPD,LMP,LMP_PRC,ALLN_1_ALLN SOLARGNODE,ALL,1,90.93863,2,1
2022-09-01T10:15:00-00:00,2022-09-01T10:30:00-00:00,2022-09-01,04,ALLN_1_ALLN SOLARGNODE,ALLN_1_ALLN SOLARGNODE,ALLN_1_ALLN SOLARGNODE,RTPD,LMP,LMP_PRC,ALLN_1_ALLN SOLARGNODE,ALL,1,87.98244,2,1
2022-09-01T11:15:00-00:00,2022-09-01T11:30:00-00:00,2022-09-01,05,ALLN_1_ALLN SOLARGNODE,ALLN_1_ALLN SOLARGNODE,ALLN_1_ALLN SOLARGNODE,RTPD,LMP,LMP_PRC,ALLN_1_ALLN SOLARGNODE,ALL,1,89.46302,2,1
2022-09-01T12:15:00-00:00,2022-09-01T12:30:00-00:00,2022-09-01,06,ALLN_1_ALLN SOLARGNODE,ALLN_1_ALLN SOLARGNODE,ALLN_1_ALLN SOLARGNODE,RTPD,LMP,LMP_PRC,ALLN_1_ALLN SOLARGNODE,ALL,1,98.31485,2,1
2022-09-01T13:15:00-00:00,2022-09-01T13:30:00-00:00,2022-09-01,07,ALLN_1_ALLN SOLARGNODE,ALLN_1_ALLN SOLARGNODE,ALLN_1_ALLN SOLARGNODE,RTPD,LMP,LMP_PRC,ALLN_1_ALLN SOLARGNODE,ALL,1,96.08866,2,1
2022-09-01T14:15:00-00:00,2022-09-01T14:30:00-00:00,2022-09-01,08,ALLN_1_ALLN SOLARGNODE,ALLN_1_ALLN SOLARGNODE,ALLN_1_ALLN SOLARGNODE,RTPD,LMP,LMP_PRC,ALLN_1_ALLN SOLARGNODE,ALL,1,63.8819,2,1
2022-09-01T15:15:00-00:00,2022-09-01T15:30:00-00:00,2022-09-01,09,ALLN_1_ALLN SOLARGNODE,ALLN_1_ALLN SOLARGNODE,ALLN_1_ALLN SOLARGNODE,RTPD,LMP,LMP_PRC,ALLN_1_ALLN SOLARGNODE,ALL,1,21.29229,2,1
2022-09-01T16:15:00-00:00,2022-09-01T16:30:00-00:00,2022-09-01,10,ALLN_1_ALLN SOLARGNODE,ALLN_1_ALLN SOLARGNODE,ALLN_1_ALLN SOLARGNODE,RTPD,LMP,LMP_PRC,ALLN_1_ALLN SOLARGNODE,ALL,1,42.58032,2,1
2022-09-01T17:15:00-00:00,2022-09-01T17:30:00-00:00,2022-09-01,11,ALLN_1_ALLN SOLARGNODE,ALLN_1_ALLN SOLARGNODE,ALLN_1_ALLN SOLARGNODE,RTPD,LMP,LMP_PRC,ALLN_1_ALLN SOLARGNODE,ALL,1,66.52829,2,1
2022-09-01T18:15:00-00:00,2022-09-01T18:30:00-00:00,2022-09-01,12,ALLN_1_ALLN SOLARGNODE,ALLN_1_ALLN SOLARGNODE,ALLN_1_ALLN SOLARGNODE,RTPD,LMP,LMP_PRC,ALLN_1_ALLN SOLARGNODE,ALL,1,61.81124,2,1
2022-09-01T19:15:00-00:00,2022-09-01T19:30:00-00:00,2022-09-01,13,ALLN_1_ALLN SOLARGNODE,ALLN_1_ALLN SOLARGNODE,ALLN_1_ALLN SOLARGNODE,RTPD,LMP,LMP_PRC,ALLN_1_ALLN SOLARGNODE,ALL,1,75.16551,2,1
2022-09-01T20:15:00-00:00,2022-09-01T20:30:00-00:00,2022-09-01,14,ALLN_1_ALLN SOLARGNODE,ALLN_1_ALLN SOLARGNODE,ALLN_1_ALLN SOLARGNODE,RTPD,LMP,LMP_PRC,ALLN_1_ALLN SOLARGNODE,ALL,1,100.87252,2,1
2022-09-01T21:15:00-00:00,2022-09-01T21:30:00-00:00,2022-09-01,15,ALLN_1_ALLN SOLARGNODE,ALLN_1_ALLN SOLARGNODE,ALLN_1_ALLN SOLARGNODE,RTPD,LMP,LMP_PRC,ALLN_1_ALLN SOLARGNODE,ALL,1,99.8413,2,1
2022-09-01T22:15:00-00:00,2022-09-01T22:30:00-00:00,2022-09-01,16,ALLN_1_ALLN SOLARGNODE,ALLN_1_ALLN SOLARGNODE,ALLN_1_ALLN SOLARGNODE,RTPD,LMP,LMP_PRC,ALLN_1_ALLN SOLARGNODE,ALL,1,140.0093,2,1
2022-09-01T23:15:00-00:00,2022-09-01T23:30:00-00:00,2022-09-01,17,ALLN_1_ALLN SOLARGNODE,ALLN_1_ALLN SOLARGNODE,ALLN_1_ALLN SOLARGNODE,RTPD,LMP,LMP_PRC,ALLN_1_ALLN SOLARGNODE,ALL,1,147.08937,2,1
2022-09-02T00:15:00-00:00,2022-09-02T00:30:00-00:00,2022-09-01,18,ALLN_1_ALLN SOLARGNODE,ALLN_1_ALLN SOLARGNODE,ALLN_1_ALLN SOLARGNODE,RTPD,LMP,LMP_PRC,ALLN_1_ALLN SOLARGNODE,ALL,1,482.10513,2,1
2022-09-02T01:15:00-00:00,2022-09-02T01:30:00-00:00,2022-09-01,19,ALLN_1_ALLN SOLARGNODE,ALLN_1_ALLN SOLARGNODE,ALLN_1_ALLN SOLARGNODE,RTPD,LMP,LMP_PRC,ALLN_1_ALLN SOLARGNODE,ALL,1,1855.3993,2,1
2022-09-02T02:15:00-00:00,2022-09-02T02:30:00-00:00,2022-09-01,20,ALLN_1_ALLN SOLARGNODE,ALLN_1_ALLN SOLARGNODE,ALLN_1_ALLN SOLARGNODE,RTPD,LMP,LMP_PRC,ALLN_1_ALLN SOLARGNODE,ALL,1,1974.5098,2,1
2022-09-02T03:15:00-00:00,2022-09-02T03:30:00-00:00,2022-09-01,21,ALLN_1_ALLN SOLARGNODE,ALLN_1_ALLN SOLARGNODE,ALLN_1_ALLN SOLARGNODE,RTPD,LMP,LMP_PRC,ALLN_1_ALLN SOLARGNODE,ALL,1,212.85567,2,1
2022-09-02T04:15:00-00:00,2022-09-02T04:30:00-00:00,2022-09-01,22,ALLN_1_ALLN SOLARGNODE,ALLN_1_ALLN SOLARGNODE,ALLN_1_ALLN SOLARGNODE,RTPD,LMP,LMP_PRC,ALLN_1_ALLN SOLARGNODE,ALL,1,29.26995,2,1
2022-09-02T05:15:00-00:00,2022-09-02T05:30:00-00:00,2022-09-01,23,ALLN_1_ALLN SOLARGNODE,ALLN_1_ALLN SOLARGNODE,ALLN_1_ALLN SOLARGNODE,RTPD,LMP,LMP_PRC,ALLN_1_ALLN SOLARGNODE,ALL,1,18.45736,2,1
2022-09-02T06:15:00-00:00,2022-09-02T06:30:00-00:00,2022-09-01,24,ALLN_1_ALLN SOLARGNODE,ALLN_1_ALLN SOLARGNODE,ALLN_1_ALLN SOLARGNODE,RTPD,LMP,LMP_PRC,ALLN_1_ALLN SOLARGNODE,ALL,1,85.39289,2,1
2022-09-01T07:30:00-00:00,2022-09-01T07:45:00-00:00,2022-09-01,01,ALLN_1_ALLN SOLARGNODE,ALLN_1_ALLN SOLARGNODE,ALLN_1_ALLN SOLARGNODE,RTPD,LMP,LMP_PRC,ALLN_1_ALLN SOLARGNODE,ALL,1,115.86527,3,1
2022-09-01T08:30:00-00:00,2022-09-01T08:45:00-00:00,2022-09-01,02,ALLN_1_ALLN SOLARGNODE,ALLN_1_ALLN SOLARGNODE,ALLN_1_ALLN SOLARGNODE,RTPD,LMP,LMP_PRC,ALLN_1_ALLN SOLARGNODE,ALL,1,95.97386,3,1
2022-09-01T09:30:00-00:00,2022-09-01T09:45:00-00:00,2022-09-01,03,ALLN_1_ALLN SOLARGNODE,ALLN_1_ALLN SOLARGNODE,ALLN_1_ALLN SOLARGNODE,RTPD,LMP,LMP_PRC,ALLN_1_ALLN SOLARGNODE,ALL,1,90.27771,3,1
2022-09-01T10:30:00-00:00,2022-09-01T10:45:00-00:00,2022-09-01,04,ALLN_1_ALLN SOLARGNODE,ALLN_1_ALLN SOLARGNODE,ALLN_1_ALLN SOLARGNODE,RTPD,LMP,LMP_PRC,ALLN_1_ALLN SOLARGNODE,ALL,1,85.62608,3,1
2022-09-01T11:30:00-00:00,2022-09-01T11:45:00-00:00,2022-09-01,05,ALLN_1_ALLN SOLARGNODE,ALLN_1_ALLN SOLARGNODE,ALLN_1_ALLN SOLARGNODE,RTPD,LMP,LMP_PRC,ALLN_1_ALLN SOLARGNODE,ALL,1,88.40007,3,1
2022-09-01T12:30:00-00:00,2022-09-01T12:45:00-00:00,2022-09-01,06,ALLN_1_ALLN SOLARGNODE,ALLN_1_ALLN SOLARGNODE,ALLN_1_ALLN SOLARGNODE,RTPD,LMP,LMP_PRC,ALLN_1_ALLN SOLARGNODE,ALL,1,106.25001,3,1
2022-09-01T13:30:00-00:00,2022-09-01T13:45:00-00:00,2022-09-01,07,ALLN_1_ALLN SOLARGNODE,ALLN_1_ALLN SOLARGNODE,ALLN_1_ALLN SOLARGNODE,RTPD,LMP,LMP_PRC,ALLN_1_ALLN SOLARGNODE,ALL,1,92.98291,3,1
2022-09-01T14:30:00-00:00,2022-09-01T14:45:00-00:00,2022-09-01,08,ALLN_1_ALLN SOLARGNODE,ALLN_1_ALLN SOLARGNODE,ALLN_1_ALLN SOLARGNODE,RTPD,LMP,LMP_PRC,ALLN_1_ALLN SOLARGNODE,ALL,1,68.03339,3,1
2022-09-01T15:30:00-00:00,2022-09-01T15:45:00-00:00,2022-09-01,09,ALLN_1_ALLN SOLARGNODE,ALLN_1_ALLN SOLARGNODE,ALLN_1_ALLN SOLARGNODE,RTPD,LMP,LMP_PRC,ALLN_1_ALLN SOLARGNODE,ALL,1,7.40436,3,1
2022-09-01T16:30:00-00:00,2022-09-01T16:45:00-00:00,2022-09-01,10,ALLN_1_ALLN SOLARGNODE,ALLN_1_ALLN SOLARGNODE,ALLN_1_ALLN SOLARGNODE,RTPD,LMP,LMP_PRC,ALLN_1_ALLN SOLARGNODE,ALL,1,59.13827,3,1
2022-09-01T17:30:00-00:00,2022-09-01T17:45:00-00:00,2022-09-01,11,ALLN_1_ALLN SOLARGNODE,ALLN_1_ALLN SOLARGNODE,ALLN_1_ALLN SOLARGNODE,RTPD,LMP,LMP_PRC,ALLN_1_ALLN SOLARGNODE,ALL,1,70.75488,3,1
2022-09-01T18:30:00-00:00,2022-09-01T18:45:00-00:00,2022-09-01,12,ALLN_1_ALLN SOLARGNODE,ALLN_1_ALLN SOLARGNODE,ALLN_1_ALLN SOLARGNODE,RTPD,LMP,LMP_PRC,ALLN_1_ALLN SOLARGNODE,ALL,1,69.48681,3,1
2022-09-01T19:30:00-00:00,2022-09-01T19:45:00-00:00,2022-09-01,13,ALLN_1_ALLN SOLARGNODE,ALLN_1_ALLN SOLARGNODE,ALLN_1_ALLN SOLARGNODE,RTPD,LMP,LMP_PRC,ALLN_1_ALLN SOLARGNODE,ALL,1,74.60746,3,1
2022-09-01T20:30:00-00:00,2022-09-01T20:45:00-00:00,2022-09-01,14,ALLN_1_ALLN SOLARGNODE,ALLN_1_ALLN SOLARGNODE,ALLN_1_ALLN SOLARGNODE,RTPD,LMP,LMP_PRC,ALLN_1_ALLN SOLARGNODE,ALL,1,118.10635,3,1
2022-09-01T21:30:00-00:00,2022-09-01T21:45:00-00:00,2022-09-01,15,ALLN_1_ALLN SOLARGNODE,ALLN_1_ALLN SOLARGNODE,ALLN_1_ALLN SOLARGNODE,RTPD,LMP,LMP_PRC,ALLN_1_ALLN SOLARGNODE,ALL,1,96.28774,3,1
2022-09-01T22:30:00-00:00,2022-09-01T22:45:00-00:00,2022-09-01,16,ALLN_1_ALLN SOLARGNODE,ALLN_1_ALLN SOLARGNODE,ALLN_1_ALLN SOLARGNODE,RTPD,LMP,LMP_PRC,ALLN_1_ALLN SOLARGNODE,ALL,1,135.84625,3,1
2022-09-01T23:30:00-00:00,2022-09-01T23:45:00-00:00,2022-09-01,17,ALLN_1_ALLN SOLARGNODE,ALLN_1_ALLN SOLARGNODE,ALLN_1_ALLN SOLARGNODE,RTPD,LMP,LMP_PRC,ALLN_1_ALLN SOLARGNODE,ALL,1,194.79382,3,1
2022-09-02T00:30:00-00:00,2022-09-02T00:45:00-00:00,2022-09-01,18,ALLN_1_ALLN SOLARGNODE,ALLN_1_ALLN SOLARGNODE,ALLN_1_ALLN SOLARGNODE,RTPD,LMP,LMP_PRC,ALLN_1_ALLN SOLARGNODE,ALL,1,1306.7064,3,1
2022-09-02T01:30:00-00:00,2022-09-02T01:45:00-00:00,2022-09-01,19,ALLN_1_ALLN SOLARGNODE,ALLN_1_ALLN SOLARGNODE,ALLN_1_ALLN SOLARGNODE,RTPD,LMP,LMP_PRC,ALLN_1_ALLN SOLARGNODE,ALL,1,1956.9337,3,1
2022-09-02T02:30:00-00:00,2022-09-02T02:45:00-00:00,2022-09-01,20,ALLN_1_ALLN SOLARGNODE,ALLN_1_ALLN SOLARGNODE,ALLN_1_ALLN SOLARGNODE,RTPD,LMP,LMP_PRC,ALLN_1_ALLN SOLARGNODE,ALL,1,1965.7886,3,1
2022-09-02T03:30:00-00:00,2022-09-02T03:45:00-00:00,2022-09-01,21,ALLN_1_ALLN SOLARGNODE,ALLN_1_ALLN SOLARGNODE,ALLN_1_ALLN SOLARGNODE,RTPD,LMP,LMP_PRC,ALLN_1_ALLN SOLARGNODE,ALL,1,116.76818,3,1
2022-09-02T04:30:00-00:00,2022-09-02T04:45:00-00:00,2022-09-01,22,ALLN_1_ALLN SOLARGNODE,ALLN_1_ALLN SOLARGNODE,ALLN_1_ALLN SOLARGNODE,RTPD,LMP,LMP_PRC,ALLN_1_ALLN SOLARGNODE,ALL,1,29.99347,3,1
2022-09-02T05:30:00-00:00,2022-09-02T05:45:00-00:00,2022-09-01,23,ALLN_1_ALLN SOLARGNODE,ALLN_1_ALLN SOLARGNODE,ALLN_1_ALLN SOLARGNODE,RTPD,LMP,LMP_PRC,ALLN_1_ALLN SOLARGNODE,ALL,1,18.93379,3,1
2022-09-02T06:30:00-00:00,2022-09-02T06:45:00-00:00,2022-09-01,24,ALLN_1_ALLN SOLARGNODE,ALLN_1_ALLN SOLARGNODE,ALLN_1_ALLN SOLARGNODE,RTPD,LMP,LMP_PRC,ALLN_1_ALLN SOLARGNODE,ALL,1,22.08855,3,1
2022-09-01T07:45:00-00:00,2022-09-01T08:00:00-00:00,2022-09-01,01,ALLN_1_ALLN SOLARGNODE,ALLN_1_ALLN SOLARGNODE,ALLN_1_ALLN SOLARGNODE,RTPD,LMP,LMP_PRC,ALLN_1_ALLN SOLARGNODE,ALL,1,107.99387,4,1
2022-09-01T08:45:00-00:00,2022-09-01T09:00:00-00:00,2022-09-01,02,ALLN_1_ALLN SOLARGNODE,ALLN_1_ALLN SOLARGNODE,ALLN_1_ALLN SOLARGNODE,RTPD,LMP,LMP_PRC,ALLN_1_ALLN SOLARGNODE,ALL,1,87.45567,4,1
2022-09-01T09:45:00-00:00,2022-09-01T10:00:00-00:00,2022-09-01,03,ALLN_1_ALLN SOLARGNODE,ALLN_1_ALLN SOLARGNODE,ALLN_1_ALLN SOLARGNODE,RTPD,LMP,LMP_PRC,ALLN_1_ALLN SOLARGNODE,ALL,1,89.32436,4,1
2022-09-01T10:45:00-00:00,2022-09-01T11:00:00-00:00,2022-09-01,04,ALLN_1_ALLN SOLARGNODE,ALLN_1_ALLN SOLARGNODE,ALLN_1_ALLN SOLARGNODE,RTPD,LMP,LMP_PRC,ALLN_1_ALLN SOLARGNODE,ALL,1,83.30296,4,1
2022-09-01T11:45:00-00:00,2022-09-01T12:00:00-00:00,2022-09-01,05,ALLN_1_ALLN SOLARGNODE,ALLN_1_ALLN SOLARGNODE,ALLN_1_ALLN SOLARGNODE,RTPD,LMP,LMP_PRC,ALLN_1_ALLN SOLARGNODE,ALL,1,92.2168,4,1
2022-09-01T12:45:00-00:00,2022-09-01T13:00:00-00:00,2022-09-01,06,ALLN_1_ALLN SOLARGNODE,ALLN_1_ALLN SOLARGNODE,ALLN_1_ALLN SOLARGNODE,RTPD,LMP,LMP_PRC,ALLN_1_ALLN SOLARGNODE,ALL,1,103.44295,4,1
2022-09-01T13:45:00-00:00,2022-09-01T14:00:00-00:00,2022-09-01,07,ALLN_1_ALLN SOLARGNODE,ALLN_1_ALLN SOLARGNODE,ALLN_1_ALLN SOLARGNODE,RTPD,LMP,LMP_PRC,ALLN_1_ALLN SOLARGNODE,ALL,1,88.091,4,1
2022-09-01T14:45:00-00:00,2022-09-01T15:00:00-00:00,2022-09-01,08,ALLN_1_ALLN SOLARGNODE,ALLN_1_ALLN SOLARGNODE,ALLN_1_ALLN SOLARGNODE,RTPD,LMP,LMP_PRC,ALLN_1_ALLN SOLARGNODE,ALL,1,55.60979,4,1
2022-09-01T15:45:00-00:00,2022-09-01T16:00:00-00:00,2022-09-01,09,ALLN_1_ALLN SOLARGNODE,ALLN_1_ALLN SOLARGNODE,ALLN_1_ALLN SOLARGNODE,RTPD,LMP,LMP_PRC,ALLN_1_ALLN SOLARGNODE,ALL,1,33.35486,4,1
2022-09-01T16:45:00-00:00,2022-09-01T17:00:00-00:00,2022-09-01,10,ALLN_1_ALLN SOLARGNODE,ALLN_1_ALLN SOLARGNODE,ALLN_1_ALLN SOLARGNODE,RTPD,LMP,LMP_PRC,ALLN_1_ALLN SOLARGNODE,ALL,1,60.96079,4,1
2022-09-01T17:45:00-00:00,2022-09-01T18:00:00-00:00,2022-09-01,11,ALLN_1_ALLN SOLARGNODE,ALLN_1_ALLN SOLARGNODE,ALLN_1_ALLN SOLARGNODE,RTPD,LMP,LMP_PRC,ALLN_1_ALLN SOLARGNODE,ALL,1,68.48041,4,1
2022-09-01T18:45:00-00:00,2022-09-01T19:00:00-00:00,2022-09-01,12,ALLN_1_ALLN SOLARGNODE,ALLN_1_ALLN SOLARGNODE,ALLN_1_ALLN SOLARGNODE,RTPD,LMP,LMP_PRC,ALLN_1_ALLN SOLARGNODE,ALL,1,68.69515,4,1
2022-09-01T19:45:00-00:00,2022-09-01T20:00:00-00:00,2022-09-01,13,ALLN_1_ALLN SOLARGNODE,ALLN_1_ALLN SOLARGNODE,ALLN_1_ALLN SOLARGNODE,RTPD,LMP,LMP_PRC,ALLN_1_ALLN SOLARGNODE,ALL,1,78.85153,4,1
2022-09-01T20:45:00-00:00,2022-09-01T21:00:00-00:00,2022-09-01,14,ALLN_1_ALLN SOLARGNODE,ALLN_1_ALLN SOLARGNODE,ALLN_1_ALLN SOLARGNODE,RTPD,LMP,LMP_PRC,ALLN_1_ALLN SOLARGNODE,ALL,1,110.9093,4,1
2022-09-01T21:45:00-00:00,2022-09-01T22:00:00-00:00,2022-09-01,15,ALLN_1_ALLN SOLARGNODE,ALLN_1_ALLN SOLARGNODE,ALLN_1_ALLN SOLARGNODE,RTPD,LMP,LMP_PRC,ALLN_1_ALLN SOLARGNODE,ALL,1,128.7563,4,1
2022-09-01T22:45:00-00:00,2022-09-01T23:00:00-00:00,2022-09-01,16,ALLN_1_ALLN SOLARGNODE,ALLN_1_ALLN SOLARGNODE,ALLN_1_ALLN SOLARGNODE,RTPD,LMP,LMP_PRC,ALLN_1_ALLN SOLARGNODE,ALL,1,226.59073,4,1
2022-09-01T23:45:00-00:00,2022-09-02T00:00:00-00:00,2022-09-01,17,ALLN_1_ALLN SOLARGNODE,ALLN_1_ALLN SOLARGNODE,ALLN_1_ALLN SOLARGNODE,RTPD,LMP,LMP_PRC,ALLN_1_ALLN SOLARGNODE,ALL,1,865.63324,4,1
2022-09-02T00:45:00-00:00,2022-09-02T01:00:00-00:00,2022-09-01,18,ALLN_1_ALLN SOLARGNODE,ALLN_1_ALLN SOLARGNODE,ALLN_1_ALLN SOLARGNODE,RTPD,LMP,LMP_PRC,ALLN_1_ALLN SOLARGNODE,ALL,1,936.32074,4,1
2022-09-02T01:45:00-00:00,2022-09-02T02:00:00-00:00,2022-09-01,19,ALLN_1_ALLN SOLARGNODE,ALLN_1_ALLN SOLARGNODE,ALLN_1_ALLN SOLARGNODE,RTPD,LMP,LMP_PRC,ALLN_1_ALLN SOLARGNODE,ALL,1,1976.3213,4,1
2022-09-02T02:45:00-00:00,2022-09-02T03:00:00-00:00,2022-09-01,20,ALLN_1_ALLN SOLARGNODE,ALLN_1_ALLN SOLARGNODE,ALLN_1_ALLN SOLARGNODE,RTPD,LMP,LMP_PRC,ALLN_1_ALLN SOLARGNODE,ALL,1,925.7529,4,1
2022-09-02T03:45:00-00:00,2022-09-02T04:00:00-00:00,2022-09-01,21,ALLN_1_ALLN SOLARGNODE,ALLN_1_ALLN SOLARGNODE,ALLN_1_ALLN SOLARGNODE,RTPD,LMP,LMP_PRC,ALLN_1_ALLN SOLARGNODE,ALL,1,78.44806,4,1
2022-09-02T04:45:00-00:00,2022-09-02T05:00:00-00:00,2022-09-01,22,ALLN_1_ALLN SOLARGNODE,ALLN_1_ALLN SOLARGNODE,ALLN_1_ALLN SOLARGNODE,RTPD,LMP,LMP_PRC,ALLN_1_ALLN SOLARGNODE,ALL,1,12.70443,4,1
2022-09-02T05:45:00-00:00,2022-09-02T06:00:00-00:00,2022-09-01,23,ALLN_1_ALLN SOLARGNODE,ALLN_1_ALLN SOLARGNODE,ALLN_1_ALLN SOLARGNODE,RTPD,LMP,LMP_PRC,ALLN_1_ALLN SOLARGNODE,ALL,1,-14.80271,4,1
2022-09-02T06:45:00-00:00,2022-09-02T07:00:00-00:00,2022-09-01,24,ALLN_1_ALLN SOLARGNODE,ALLN_1_ALLN SOLARGNODE,ALLN_1_ALLN SOLARGNODE,RTPD,LMP,LMP_PRC,ALLN_1_ALLN SOLARGNODE,ALL,1,36.91692,4,1
2022-09-01T07:00:00-00:00,2022-09-01T07:15:00-00:00,2022-09-01,01,ALLN_1_ALLN SOLARGNODE,ALLN_1_ALLN SOLARGNODE,ALLN_1_ALLN SOLARGNODE,RTPD,MCC,LMP_CONG_PRC,ALLN_1_ALLN SOLARGNODE,ALL,1,15.63736,1,2
2022-09-01T08:00:00-00:00,2022-09-01T08:15:00-00:00,2022-09-01,02,ALLN_1_ALLN SOLARGNODE,ALLN_1_ALLN SOLARGNODE,ALLN_1_ALLN SOLARGNODE,RTPD,MCC,LMP_CONG_PRC,ALLN_1_ALLN SOLARGNODE,ALL,1,2.33414,1,2
2022-09-01T09:00:00-00:00,2022-09-01T09:15:00-00:00,2022-09-01,03,ALLN_1_ALLN SOLARGNODE,ALLN_1_ALLN SOLARGNODE,ALLN_1_ALLN SOLARGNODE,RTPD,MCC,LMP_CONG_PRC,ALLN_1_ALLN SOLARGNODE,ALL,1,3.13884,1,2
2022-09-01T10:00:00-00:00,2022-09-01T10:15:00-00:00,2022-09-01,04,ALLN_1_ALLN SOLARGNODE,ALLN_1_ALLN SOLARGNODE,ALLN_1_ALLN SOLARGNODE,RTPD,MCC,LMP_CONG_PRC,ALLN_1_ALLN SOLARGNODE,ALL,1,2.76876,1,2
2022-09-01T11:00:00-00:00,2022-09-01T11:15:00-00:00,2022-09-01,05,ALLN_1_ALLN SOLARGNODE,ALLN_1_ALLN SOLARGNODE,ALLN_1_ALLN SOLARGNODE,RTPD,MCC,LMP_CONG_PRC,ALLN_1_ALLN SOLARGNODE,ALL,1,-0.0032,1,2
2022-09-01T12:00:00-00:00,2022-09-01T12:15:00-00:00,2022-09-01,06,ALLN_1_ALLN SOLARGNODE,ALLN_1_ALLN SOLARGNODE,ALLN_1_ALLN SOLARGNODE,RTPD,MCC,LMP_CONG_PRC,ALLN_1_ALLN SOLARGNODE,ALL,1,7.29113,1,2
2022-09-01T13:00:00-00:00,2022-09-01T13:15:00-00:00,2022-09-01,07,ALLN_1_ALLN SOLARGNODE,ALLN_1_ALLN SOLARGNODE,ALLN_1_ALLN SOLARGNODE,RTPD,MCC,LMP_CONG_PRC,ALLN_1_ALLN SOLARGNODE,ALL,1,9.95955,1,2
2022-09-01T14:00:00-00:00,2022-09-01T14:15:00-00:00,2022-09-01,08,ALLN_1_ALLN SOLARGNODE,ALLN_1_ALLN SOLARGNODE,ALLN_1_ALLN SOLARGNODE,RTPD,MCC,LMP_CONG_PRC,ALLN_1_ALLN SOLARGNODE,ALL,1,-18.65789,1,2
2022-09-01T15:00:00-00:00,2022-09-01T15:15:00-00:00,2022-09-01,09,ALLN_1_ALLN SOLARGNODE,ALLN_1_ALLN SOLARGNODE,ALLN_1_ALLN SOLARGNODE,RTPD,MCC,LMP_CONG_PRC,ALLN_1_ALLN SOLARGNODE,ALL,1,-50.01838,1,2
2022-09-01T16:00:00-00:00,2022-09-01T16:15:00-00:00,2022-09-01,10,ALLN_1_ALLN SOLARGNODE,ALLN_1_ALLN SOLARGNODE,ALLN_1_ALLN SOLARGNODE,RTPD,MCC,LMP_CONG_PRC,ALLN_1_ALLN SOLARGNODE,ALL,1,-36.82996,1,2
2022-09-01T17:00:00-00:00,2022-09-01T17:15:00-00:00,2022-09-01,11,ALLN_1_ALLN SOLARGNODE,ALLN_1_ALLN SOLARGNODE,ALLN_1_ALLN SOLARGNODE,RTPD,MCC,LMP_CONG_PRC,ALLN_1_ALLN SOLARGNODE,ALL,1,-21.41127,1,2
2022-09-01T18:00:00-00:00,2022-09-01T18:15:00-00:00,2022-09-01,12,ALLN_1_ALLN SOLARGNODE,ALLN_1_ALLN SOLARGNODE,ALLN_1_ALLN SOLARGNODE,RTPD,MCC,LMP_CONG_PRC,ALLN_1_ALLN SOLARGNODE,ALL,1,-14.28951,1,2
2022-09-01T19:00:00-00:00,2022-09-01T19:15:00-00:00,2022-09-01,13,ALLN_1_ALLN SOLARGNODE,ALLN_1_ALLN SOLARGNODE,ALLN_1_ALLN SOLARGNODE,RTPD,MCC,LMP_CONG_PRC,ALLN_1_ALLN SOLARGNODE,ALL,1,-37.19315,1,2
2022-09-01T20:00:00-00:00,2022-09-01T20:15:00-00:00,2022-09-01,14,ALLN_1_ALLN SOLARGNODE,ALLN_1_ALLN SOLARGNODE,ALLN_1_ALLN SOLARGNODE,RTPD,MCC,LMP_CONG_PRC,ALLN_1_ALLN SOLARGNODE,ALL,1,1.80684,1,2
2022-09-01T21:00:00-00:00,2022-09-01T21:15:00-00:00,2022-09-01,15,ALLN_1_ALLN SOLARGNODE,ALLN_1_ALLN SOLARGNODE,ALLN_1_ALLN SOLARGNODE,RTPD,MCC,LMP_CONG_PRC,ALLN_1_ALLN SOLARGNODE,ALL,1,-150.79045,1,2
2022-09-01T22:00:00-00:00,2022-09-01T22:15:00-00:00,2022-09-01,16,ALLN_1_ALLN SOLARGNODE,ALLN_1_ALLN SOLARGNODE,ALLN_1_ALLN SOLARGNODE,RTPD,MCC,LMP_CONG_PRC,ALLN_1_ALLN SOLARGNODE,ALL,1,-90.46894,1,2
2022-09-01T23:00:00-00:00,2022-09-01T23:15:00-00:00,2022-09-01,17,ALLN_1_ALLN SOLARGNODE,ALLN_1_ALLN SOLARGNODE,ALLN_1_ALLN SOLARGNODE,RTPD,MCC,LMP_CONG_PRC,ALLN_1_ALLN SOLARGNODE,ALL,1,-202.99953,1,2
2022-09-02T00:00:00-00:00,2022-09-02T00:15:00-00:00,2022-09-01,18,ALLN_1_ALLN SOLARGNODE,ALLN_1_ALLN SOLARGNODE,ALLN_1_ALLN SOLARGNODE,RTPD,MCC,LMP_CONG_PRC,ALLN_1_ALLN SOLARGNODE,ALL,1,-138.53497,1,2
2022-09-02T01:00:00-00:00,2022-09-02T01:15:00-00:00,2022-09-01,19,ALLN_1_ALLN SOLARGNODE,ALLN_1_ALLN SOLARGNODE,ALLN_1_ALLN SOLARGNODE,RTPD,MCC,LMP_CONG_PRC,ALLN_1_ALLN SOLARGNODE,ALL,1,79.27417,1,2
2022-09-02T02:00:00-00:00,2022-09-02T02:15:00-00:00,2022-09-01,20,ALLN_1_ALLN SOLARGNODE,ALLN_1_ALLN SOLARGNODE,ALLN_1_ALLN SOLARGNODE,RTPD,MCC,LMP_CONG_PRC,ALLN_1_ALLN SOLARGNODE,ALL,1,-93.9091,1,2
2022-09-02T03:00:00-00:00,2022-09-02T03:15:00-00:00,2022-09-01,21,ALLN_1_ALLN SOLARGNODE,ALLN_1_ALLN SOLARGNODE,ALLN_1_ALLN SOLARGNODE,RTPD,MCC,LMP_CONG_PRC,ALLN_1_ALLN SOLARGNODE,ALL,1,-420.90356,1,2
2022-09-02T04:00:00-00:00,2022-09-02T04:15:00-00:00,2022-09-01,22,ALLN_1_ALLN SOLARGNODE,ALLN_1_ALLN SOLARGNODE,ALLN_1_ALLN SOLARGNODE,RTPD,MCC,LMP_CONG_PRC,ALLN_1_ALLN SOLARGNODE,ALL,1,-207.39125,1,2
2022-09-02T05:00:00-00:00,2022-09-02T05:15:00-00:00,2022-09-01,23,ALLN_1_ALLN SOLARGNODE,ALLN_1_ALLN SOLARGNODE,ALLN_1_ALLN SOLARGNODE,RTPD,MCC,LMP_CONG_PRC,ALLN_1_ALLN SOLARGNODE,ALL,1,-124.85256,1,2
2022-09-02T06:00:00-00:00,2022-09-02T06:15:00-00:00,2022-09-01,24,ALLN_1_ALLN SOLARGNODE,ALLN_1_ALLN SOLARGNODE,ALLN_1_ALLN SOLARGNODE,RTPD,MCC,LMP_CONG_PRC,ALLN_1_ALLN SOLARGNODE,ALL,1,-80.38643,1,2
2022-09-01T07:15:00-00:00,2022-09-01T07:30:00-00:00,2022-09-01,01,ALLN_1_ALLN SOLARGNODE,ALLN_1_ALLN SOLARGNODE,ALLN_1_ALLN SOLARGNODE,RTPD,MCC,LMP_CONG_PRC,ALLN_1_ALLN SOLARGNODE,ALL,1,6.88515,2,2
2022-09-01T08:15:00-00:00,2022-09-01T08:30:00-00:00,2022-09-01,02,ALLN_1_ALLN SOLARGNODE,ALLN_1_ALLN SOLARGNODE,ALLN_1_ALLN SOLARGNODE,RTPD,MCC,LMP_CONG_PRC,ALLN_1_ALLN SOLARGNODE,ALL,1,0.63537,2,2
2022-09-01T09:15:00-00:00,2022-09-01T09:30:00-00:00,2022-09-01,03,ALLN_1_ALLN SOLARGNODE,ALLN_1_ALLN SOLARGNODE,ALLN_1_ALLN SOLARGNODE,RTPD,MCC,LMP_CONG_PRC,ALLN_1_ALLN SOLARGNODE,ALL,1,4.1515,2,2
2022-09-01T10:15:00-00:00,2022-09-01T10:30:00-00:00,2022-09-01,04,ALLN_1_ALLN SOLARGNODE,ALLN_1_ALLN SOLARGNODE,ALLN_1_ALLN SOLARGNODE,RTPD,MCC,LMP_CONG_PRC,ALLN_1_ALLN SOLARGNODE,ALL,1,3.91776,2,2
2022-09-01T11:15:00-00:00,2022-09-01T11:30:00-00:00,2022-09-01,05,ALLN_1_ALLN SOLARGNODE,ALLN_1_ALLN SOLARGNODE,ALLN_1_ALLN SOLARGNODE,RTPD,MCC,LMP_CONG_PRC,ALLN_1_ALLN SOLARGNODE,ALL,1,-0.004,2,2
2022-09-01T12:15:00-00:00,2022-09-01T12:30:00-00:00,2022-09-01,06,ALLN_1_ALLN SOLARGNODE,ALLN_1_ALLN SOLARGNODE,ALLN_1_ALLN SOLARGNODE,RTPD,MCC,LMP_CONG_PRC,ALLN_1_ALLN SOLARGNODE,ALL,1,4.45398,2,2
2022-09-01T13:15:00-00:00,2022-09-01T13:30:00-00:00,2022-09-01,07,ALLN_1_ALLN SOLARGNODE,ALLN_1_ALLN SOLARGNODE,ALLN_1_ALLN SOLARGNODE,RTPD,MCC,LMP_CONG_PRC,ALLN_1_ALLN SOLARGNODE,ALL,1,0.42711,2,2
2022-09-01T14:15:00-00:00,2022-09-01T14:30:00-00:00,2022-09-01,08,ALLN_1_ALLN SOLARGNODE,ALLN_1_ALLN SOLARGNODE,ALLN_1_ALLN SOLARGNODE,RTPD,MCC,LMP_CONG_PRC,ALLN_1_ALLN SOLARGNODE,ALL,1,-23.78209,2,2
2022-09-01T15:15:00-00:00,2022-09-01T15:30:00-00:00,2022-09-01,09,ALLN_1_ALLN SOLARGNODE,ALLN_1_ALLN SOLARGNODE,ALLN_1_ALLN SOLARGNODE,RTPD,MCC,LMP_CONG_PRC,ALLN_1_ALLN SOLARGNODE,ALL,1,-52.94651,2,2
2022-09-01T16:15:00-00:00,2022-09-01T16:30:00-00:00,2022-09-01,10,ALLN_1_ALLN SOLARGNODE,ALLN_1_ALLN SOLARGNODE,ALLN_1_ALLN SOLARGNODE,RTPD,MCC,LMP_CONG_PRC,ALLN_1_ALLN SOLARGNODE,ALL,1,-33.52665,2,2
2022-09-01T17:15:00-00:00,2022-09-01T17:30:00-00:00,2022-09-01,11,ALLN_1_ALLN SOLARGNODE,ALLN_1_ALLN SOLARGNODE,ALLN_1_ALLN SOLARGNODE,RTPD,MCC,LMP_CONG_PRC,ALLN_1_ALLN SOLARGNODE,ALL,1,-20.92844,2,2
2022-09-01T18:15:00-00:00,2022-09-01T18:30:00-00:00,2022-09-01,12,ALLN_1_ALLN SOLARGNODE,ALLN_1_ALLN SOLARGNODE,ALLN_1_ALLN SOLARGNODE,RTPD,MCC,LMP_CONG_PRC,ALLN_1_ALLN SOLARGNODE,ALL,1,-24.55778,2,2
2022-09-01T19:15:00-00:00,2022-09-01T19:30:00-00:00,2022-09-01,13,ALLN_1_ALLN SOLARGNODE,ALLN_1_ALLN SOLARGNODE,ALLN_1_ALLN SOLARGNODE,RTPD,MCC,LMP_CONG_PRC,ALLN_1_ALLN SOLARGNODE,ALL,1,-15.35037,2,2
2022-09-01T20:15:00-00:00,2022-09-01T20:30:00-00:00,2022-09-01,14,ALLN_1_ALLN SOLARGNODE,ALLN_1_ALLN SOLARGNODE,ALLN_1_ALLN SOLARGNODE,RTPD,MCC,LMP_CONG_PRC,ALLN_1_ALLN SOLARGNODE,ALL,1,1.96831,2,2
2022-09-01T21:15:00-00:00,2022-09-01T21:30:00-00:00,2022-09-01,15,ALLN_1_ALLN SOLARGNODE,ALLN_1_ALLN SOLARGNODE,ALLN_1_ALLN SOLARGNODE,RTPD,MCC,LMP_CONG_PRC,ALLN_1_ALLN SOLARGNODE,ALL,1,-31.96055,2,2
2022-09-01T22:15:00-00:00,2022-09-01T22:30:00-00:00,2022-09-01,16,ALLN_1_ALLN SOLARGNODE,ALLN_1_ALLN SOLARGNODE,ALLN_1_ALLN SOLARGNODE,RTPD,MCC,LMP_CONG_PRC,ALLN_1_ALLN SOLARGNODE,ALL,1,-97.1299,2,2
2022-09-01T23:15:00-00:00,2022-09-01T23:30:00-00:00,2022-09-01,17,ALLN_1_ALLN SOLARGNODE,ALLN_1_ALLN SOLARGNODE,ALLN_1_ALLN SOLARGNODE,RTPD,MCC,LMP_CONG_PRC,ALLN_1_ALLN SOLARGNODE,ALL,1,-188.87473,2,2
2022-09-02T00:15:00-00:00,2022-09-02T00:30:00-00:00,2022-09-01,18,ALLN_1_ALLN SOLARGNODE,ALLN_1_ALLN SOLARGNODE,ALLN_1_ALLN SOLARGNODE,RTPD,MCC,LMP_CONG_PRC,ALLN_1_ALLN SOLARGNODE,ALL,1,-119.83796,2,2
2022-09-02T01:15:00-00:00,2022-09-02T01:30:00-00:00,2022-09-01,19,ALLN_1_ALLN SOLARGNODE,ALLN_1_ALLN SOLARGNODE,ALLN_1_ALLN SOLARGNODE,RTPD,MCC,LMP_CONG_PRC,ALLN_1_ALLN SOLARGNODE,ALL,1,-126.004,2,2
2022-09-02T02:15:00-00:00,2022-09-02T02:30:00-00:00,2022-09-01,20,ALLN_1_ALLN SOLARGNODE,ALLN_1_ALLN SOLARGNODE,ALLN_1_ALLN SOLARGNODE,RTPD,MCC,LMP_CONG_PRC,ALLN_1_ALLN SOLARGNODE,ALL,1,-0.0024,2,2
2022-09-02T03:15:00-00:00,2022-09-02T03:30:00-00:00,2022-09-01,21,ALLN_1_ALLN SOLARGNODE,ALLN_1_ALLN SOLARGNODE,ALLN_1_ALLN SOLARGNODE,RTPD,MCC,LMP_CONG_PRC,ALLN_1_ALLN SOLARGNODE,ALL,1,-148.11891,2,2
2022-09-02T04:15:00-00:00,2022-09-02T04:30:00-00:00,2022-09-01,22,ALLN_1_ALLN SOLARGNODE,ALLN_1_ALLN SOLARGNODE,ALLN_1_ALLN SOLARGNODE,RTPD,MCC,LMP_CONG_PRC,ALLN_1_ALLN SOLARGNODE,ALL,1,-173.29991,2,2
2022-09-02T05:15:00-00:00,2022-09-02T05:30:00-00:00,2022-09-01,23,ALLN_1_ALLN SOLARGNODE,ALLN_1_ALLN SOLARGNODE,ALLN_1_ALLN SOLARGNODE,RTPD,MCC,LMP_CONG_PRC,ALLN_1_ALLN SOLARGNODE,ALL,1,-119.43847,2,2
2022-09-02T06:15:00-00:00,2022-09-02T06:30:00-00:00,2022-09-01,24,ALLN_1_ALLN SOLARGNODE,ALLN_1_ALLN SOLARGNODE,ALLN_1_ALLN SOLARGNODE,RTPD,MCC,LMP_CONG_PRC,ALLN_1_ALLN SOLARGNODE,ALL,1,-39.78125,2,2
2022-09-01T07:30:00-00:00,2022-09-01T07:45:00-00:00,2022-09-01,01,ALLN_1_ALLN SOLARGNODE,ALLN_1_ALLN SOLARGNODE,ALLN_1_ALLN SOLARGNODE,RTPD,MCC,LMP_CONG_PRC,ALLN_1_ALLN SOLARGNODE,ALL,1,11.2933,3,2
2022-09-01T08:30:00-00:00,2022-09-01T08:45:00-00:00,2022-09-01,02,ALLN_1_ALLN SOLARGNODE,ALLN_1_ALLN SOLARGNODE,ALLN_1_ALLN SOLARGNODE,RTPD,MCC,LMP_CONG_PRC,ALLN_1_ALLN SOLARGNODE,ALL,1,-0.0018,3,2
2022-09-01T09:30:00-00:00,2022-09-01T09:45:00-00:00,2022-09-01,03,ALLN_1_ALLN SOLARGNODE,ALLN_1_ALLN SOLARGNODE,ALLN_1_ALLN SOLARGNODE,RTPD,MCC,LMP_CONG_PRC,ALLN_1_ALLN SOLARGNODE,ALL,1,4.11424,3,2
2022-09-01T10:30:00-00:00,2022-09-01T10:45:00-00:00,2022-09-01,04,ALLN_1_ALLN SOLARGNODE,ALLN_1_ALLN SOLARGNODE,ALLN_1_ALLN SOLARGNODE,RTPD,MCC,LMP_CONG_PRC,ALLN_1_ALLN SOLARGNODE,ALL,1,2.22228,3,2
2022-09-01T11:30:00-00:00,2022-09-01T11:45:00-00:00,2022-09-01,05,ALLN_1_ALLN SOLARGNODE,ALLN_1_ALLN SOLARGNODE,ALLN_1_ALLN SOLARGNODE,RTPD,MCC,LMP_CONG_PRC,ALLN_1_ALLN SOLARGNODE,ALL,1,-0.004,3,2
2022-09-01T12:30:00-00:00,2022-09-01T12:45:00-00:00,2022-09-01,06,ALLN_1_ALLN SOLARGNODE,ALLN_1_ALLN SOLARGNODE,ALLN_1_ALLN SOLARGNODE,RTPD,MCC,LMP_CONG_PRC,ALLN_1_ALLN SOLARGNODE,ALL,1,7.76233,3,2
2022-09-01T13:30:00-00:00,2022-09-01T13:45:00-00:00,2022-09-01,07,ALLN_1_ALLN SOLARGNODE,ALLN_1_ALLN SOLARGNODE,ALLN_1_ALLN SOLARGNODE,RTPD,MCC,LMP_CONG_PRC,ALLN_1_ALLN SOLARGNODE,ALL,1,-1.82454,3,2
2022-09-01T14:30:00-00:00,2022-09-01T14:45:00-00:00,2022-09-01,08,ALLN_1_ALLN SOLARGNODE,ALLN_1_ALLN SOLARGNODE,ALLN_1_ALLN SOLARGNODE,RTPD,MCC,LMP_CONG_PRC,ALLN_1_ALLN SOLARGNODE,ALL,1,-17.14351,3,2
2022-09-01T15:30:00-00:00,2022-09-01T15:45:00-00:00,2022-09-01,09,ALLN_1_ALLN SOLARGNODE,ALLN_1_ALLN SOLARGNODE,ALLN_1_ALLN SOLARGNODE,RTPD,MCC,LMP_CONG_PRC,ALLN_1_ALLN SOLARGNODE,ALL,1,-66.68444,3,2
2022-09-01T16:30:00-00:00,2022-09-01T16:45:00-00:00,2022-09-01,10,ALLN_1_ALLN SOLARGNODE,ALLN_1_ALLN SOLARGNODE,ALLN_1_ALLN SOLARGNODE,RTPD,MCC,LMP_CONG_PRC,ALLN_1_ALLN SOLARGNODE,ALL,1,-18.52817,3,2
2022-09-01T17:30:00-00:00,2022-09-01T17:45:00-00:00,2022-09-01,11,ALLN_1_ALLN SOLARGNODE,ALLN_1_ALLN SOLARGNODE,ALLN_1_ALLN SOLARGNODE,RTPD,MCC,LMP_CONG_PRC,ALLN_1_ALLN SOLARGNODE,ALL,1,-16.74526,3,2
2022-09-01T18:30:00-00:00,2022-09-01T18:45:00-00:00,2022-09-01,12,ALLN_1_ALLN SOLARGNODE,ALLN_1_ALLN SOLARGNODE,ALLN_1_ALLN SOLARGNODE,RTPD,MCC,LMP_CONG_PRC,ALLN_1_ALLN SOLARGNODE,ALL,1,-23.19054,3,2
2022-09-01T19:30:00-00:00,2022-09-01T19:45:00-00:00,2022-09-01,13,ALLN_1_ALLN SOLARGNODE,ALLN_1_ALLN SOLARGNODE,ALLN_1_ALLN SOLARGNODE,RTPD,MCC,LMP_CONG_PRC,ALLN_1_ALLN SOLARGNODE,ALL,1,-24.66159,3,2
2022-09-01T20:30:00-00:00,2022-09-01T20:45:00-00:00,2022-09-01,14,ALLN_1_ALLN SOLARGNODE,ALLN_1_ALLN SOLARGNODE,ALLN_1_ALLN SOLARGNODE,RTPD,MCC,LMP_CONG_PRC,ALLN_1_ALLN SOLARGNODE,ALL,1,7.6603,3,2
2022-09-01T21:30:00-00:00,2022-09-01T21:45:00-00:00,2022-09-01,15,ALLN_1_ALLN SOLARGNODE,ALLN_1_ALLN SOLARGNODE,ALLN_1_ALLN SOLARGNODE,RTPD,MCC,LMP_CONG_PRC,ALLN_1_ALLN SOLARGNODE,ALL,1,-41.85283,3,2
2022-09-01T22:30:00-00:00,2022-09-01T22:45:00-00:00,2022-09-01,16,ALLN_1_ALLN SOLARGNODE,ALLN_1_ALLN SOLARGNODE,ALLN_1_ALLN SOLARGNODE,RTPD,MCC,LMP_CONG_PRC,ALLN_1_ALLN SOLARGNODE,ALL,1,-129.56555,3,2
2022-09-01T23:30:00-00:00,2022-09-01T23:45:00-00:00,2022-09-01,17,ALLN_1_ALLN SOLARGNODE,ALLN_1_ALLN SOLARGNODE,ALLN_1_ALLN SOLARGNODE,RTPD,MCC,LMP_CONG_PRC,ALLN_1_ALLN SOLARGNODE,ALL,1,-345.52777,3,2
2022-09-02T00:30:00-00:00,2022-09-02T00:45:00-00:00,2022-09-01,18,ALLN_1_ALLN SOLARGNODE,ALLN_1_ALLN SOLARGNODE,ALLN_1_ALLN SOLARGNODE,RTPD,MCC,LMP_CONG_PRC,ALLN_1_ALLN SOLARGNODE,ALL,1,7.10377,3,2
2022-09-02T01:30:00-00:00,2022-09-02T01:45:00-00:00,2022-09-01,19,ALLN_1_ALLN SOLARGNODE,ALLN_1_ALLN SOLARGNODE,ALLN_1_ALLN SOLARGNODE,RTPD,MCC,LMP_CONG_PRC,ALLN_1_ALLN SOLARGNODE,ALL,1,-24.4719,3,2
2022-09-02T02:30:00-00:00,2022-09-02T02:45:00-00:00,2022-09-01,20,ALLN_1_ALLN SOLARGNODE,ALLN_1_ALLN SOLARGNODE,ALLN_1_ALLN SOLARGNODE,RTPD,MCC,LMP_CONG_PRC,ALLN_1_ALLN SOLARGNODE,ALL,1,-0.0024,3,2
2022-09-02T03:30:00-00:00,2022-09-02T03:45:00-00:00,2022-09-01,21,ALLN_1_ALLN SOLARGNODE,ALLN_1_ALLN SOLARGNODE,ALLN_1_ALLN SOLARGNODE,RTPD,MCC,LMP_CONG_PRC,ALLN_1_ALLN SOLARGNODE,ALL,1,-44.01164,3,2
2022-09-02T04:30:00-00:00,2022-09-02T04:45:00-00:00,2022-09-01,22,ALLN_1_ALLN SOLARGNODE,ALLN_1_ALLN SOLARGNODE,ALLN_1_ALLN SOLARGNODE,RTPD,MCC,LMP_CONG_PRC,ALLN_1_ALLN SOLARGNODE,ALL,1,-129.19843,3,2
2022-09-02T05:30:00-00:00,2022-09-02T05:45:00-00:00,2022-09-01,23,ALLN_1_ALLN SOLARGNODE,ALLN_1_ALLN SOLARGNODE,ALLN_1_ALLN SOLARGNODE,RTPD,MCC,LMP_CONG_PRC,ALLN_1_ALLN SOLARGNODE,ALL,1,-94.19922,3,2
2022-09-02T06:30:00-00:00,2022-09-02T06:45:00-00:00,2022-09-01,24,ALLN_1_ALLN SOLARGNODE,ALLN_1_ALLN SOLARGNODE,ALLN_1_ALLN SOLARGNODE,RTPD,MCC,LMP_CONG_PRC,ALLN_1_ALLN SOLARGNODE,ALL,1,-87.48364,3,2
2022-09-01T07:45:00-00:00,2022-09-01T08:00:00-00:00,2022-09-01,01,ALLN_1_ALLN SOLARGNODE,ALLN_1_ALLN SOLARGNODE,ALLN_1_ALLN SOLARGNODE,RTPD,MCC,LMP_CONG_PRC,ALLN_1_ALLN SOLARGNODE,ALL,1,12.87289,4,2
2022-09-01T08:45:00-00:00,2022-09-01T09:00:00-00:00,2022-09-01,02,ALLN_1_ALLN SOLARGNODE,ALLN_1_ALLN SOLARGNODE,ALLN_1_ALLN SOLARGNODE,RTPD,MCC,LMP_CONG_PRC,ALLN_1_ALLN SOLARGNODE,ALL,1,3.14062,4,2
2022-09-01T09:45:00-00:00,2022-09-01T10:00:00-00:00,2022-09-01,03,ALLN_1_ALLN SOLARGNODE,ALLN_1_ALLN SOLARGNODE,ALLN_1_ALLN SOLARGNODE,RTPD,MCC,LMP_CONG_PRC,ALLN_1_ALLN SOLARGNODE,ALL,1,3.72447,4,2
2022-09-01T10:45:00-00:00,2022-09-01T11:00:00-00:00,2022-09-01,04,ALLN_1_ALLN SOLARGNODE,ALLN_1_ALLN SOLARGNODE,ALLN_1_ALLN SOLARGNODE,RTPD,MCC,LMP_CONG_PRC,ALLN_1_ALLN SOLARGNODE,ALL,1,0.87517,4,2
2022-09-01T11:45:00-00:00,2022-09-01T12:00:00-00:00,2022-09-01,05,ALLN_1_ALLN SOLARGNODE,ALLN_1_ALLN SOLARGNODE,ALLN_1_ALLN SOLARGNODE,RTPD,MCC,LMP_CONG_PRC,ALLN_1_ALLN SOLARGNODE,ALL,1,-0.0032,4,2
2022-09-01T12:45:00-00:00,2022-09-01T13:00:00-00:00,2022-09-01,06,ALLN_1_ALLN SOLARGNODE,ALLN_1_ALLN SOLARGNODE,ALLN_1_ALLN SOLARGNODE,RTPD,MCC,LMP_CONG_PRC,ALLN_1_ALLN SOLARGNODE,ALL,1,1.74814,4,2
2022-09-01T13:45:00-00:00,2022-09-01T14:00:00-00:00,2022-09-01,07,ALLN_1_ALLN SOLARGNODE,ALLN_1_ALLN SOLARGNODE,ALLN_1_ALLN SOLARGNODE,RTPD,MCC,LMP_CONG_PRC,ALLN_1_ALLN SOLARGNODE,ALL,1,-8.529,4,2
2022-09-01T14:45:00-00:00,2022-09-01T15:00:00-00:00,2022-09-01,08,ALLN_1_ALLN SOLARGNODE,ALLN_1_ALLN SOLARGNODE,ALLN_1_ALLN SOLARGNODE,RTPD,MCC,LMP_CONG_PRC,ALLN_1_ALLN SOLARGNODE,ALL,1,-21.68901,4,2
2022-09-01T15:45:00-00:00,2022-09-01T16:00:00-00:00,2022-09-01,09,ALLN_1_ALLN SOLARGNODE,ALLN_1_ALLN SOLARGNODE,ALLN_1_ALLN SOLARGNODE,RTPD,MCC,LMP_CONG_PRC,ALLN_1_ALLN SOLARGNODE,ALL,1,-33.29589,4,2
2022-09-01T16:45:00-00:00,2022-09-01T17:00:00-00:00,2022-09-01,10,ALLN_1_ALLN SOLARGNODE,ALLN_1_ALLN SOLARGNODE,ALLN_1_ALLN SOLARGNODE,RTPD,MCC,LMP_CONG_PRC,ALLN_1_ALLN SOLARGNODE,ALL,1,-19.34854,4,2
2022-09-01T17:45:00-00:00,2022-09-01T18:00:00-00:00,2022-09-01,11,ALLN_1_ALLN SOLARGNODE,ALLN_1_ALLN SOLARGNODE,ALLN_1_ALLN SOLARGNODE,RTPD,MCC,LMP_CONG_PRC,ALLN_1_ALLN SOLARGNODE,ALL,1,-18.40325,4,2
2022-09-01T18:45:00-00:00,2022-09-01T19:00:00-00:00,2022-09-01,12,ALLN_1_ALLN SOLARGNODE,ALLN_1_ALLN SOLARGNODE,ALLN_1_ALLN SOLARGNODE,RTPD,MCC,LMP_CONG_PRC,ALLN_1_ALLN SOLARGNODE,ALL,1,-26.36549,4,2
2022-09-01T19:45:00-00:00,2022-09-01T20:00:00-00:00,2022-09-01,13,ALLN_1_ALLN SOLARGNODE,ALLN_1_ALLN SOLARGNODE,ALLN_1_ALLN SOLARGNODE,RTPD,MCC,LMP_CONG_PRC,ALLN_1_ALLN SOLARGNODE,ALL,1,-26.00338,4,2
2022-09-01T20:45:00-00:00,2022-09-01T21:00:00-00:00,2022-09-01,14,ALLN_1_ALLN SOLARGNODE,ALLN_1_ALLN SOLARGNODE,ALLN_1_ALLN SOLARGNODE,RTPD,MCC,LMP_CONG_PRC,ALLN_1_ALLN SOLARGNODE,ALL,1,-27.50579,4,2
2022-09-01T21:45:00-00:00,2022-09-01T22:00:00-00:00,2022-09-01,15,ALLN_1_ALLN SOLARGNODE,ALLN_1_ALLN SOLARGNODE,ALLN_1_ALLN SOLARGNODE,RTPD,MCC,LMP_CONG_PRC,ALLN_1_ALLN SOLARGNODE,ALL,1,-156.74747,4,2
2022-09-01T22:45:00-00:00,2022-09-01T23:00:00-00:00,2022-09-01,16,ALLN_1_ALLN SOLARGNODE,ALLN_1_ALLN SOLARGNODE,ALLN_1_ALLN SOLARGNODE,RTPD,MCC,LMP_CONG_PRC,ALLN_1_ALLN SOLARGNODE,ALL,1,-186.16296,4,2
2022-09-01T23:45:00-00:00,2022-09-02T00:00:00-00:00,2022-09-01,17,ALLN_1_ALLN SOLARGNODE,ALLN_1_ALLN SOLARGNODE,ALLN_1_ALLN SOLARGNODE,RTPD,MCC,LMP_CONG_PRC,ALLN_1_ALLN SOLARGNODE,ALL,1,-367.24918,4,2
2022-09-02T00:45:00-00:00,2022-09-02T01:00:00-00:00,2022-09-01,18,ALLN_1_ALLN SOLARGNODE,ALLN_1_ALLN SOLARGNODE,ALLN_1_ALLN SOLARGNODE,RTPD,MCC,LMP_CONG_PRC,ALLN_1_ALLN SOLARGNODE,ALL,1,-553.31824,4,2
2022-09-02T01:45:00-00:00,2022-09-02T02:00:00-00:00,2022-09-01,19,ALLN_1_ALLN SOLARGNODE,ALLN_1_ALLN SOLARGNODE,ALLN_1_ALLN SOLARGNODE,RTPD,MCC,LMP_CONG_PRC,ALLN_1_ALLN SOLARGNODE,ALL,1,-0.0024,4,2
2022-09-02T02:45:00-00:00,2022-09-02T03:00:00-00:00,2022-09-01,20,ALLN_1_ALLN SOLARGNODE,ALLN_1_ALLN SOLARGNODE,ALLN_1_ALLN SOLARGNODE,RTPD,MCC,LMP_CONG_PRC,ALLN_1_ALLN SOLARGNODE,ALL,1,-565.5133,4,2
2022-09-02T03:45:00-00:00,2022-09-02T04:00:00-00:00,2022-09-01,21,ALLN_1_ALLN SOLARGNODE,ALLN_1_ALLN SOLARGNODE,ALLN_1_ALLN SOLARGNODE,RTPD,MCC,LMP_CONG_PRC,ALLN_1_ALLN SOLARGNODE,ALL,1,-41.11727,4,2
2022-09-02T04:45:00-00:00,2022-09-02T05:00:00-00:00,2022-09-01,22,ALLN_1_ALLN SOLARGNODE,ALLN_1_ALLN SOLARGNODE,ALLN_1_ALLN SOLARGNODE,RTPD,MCC,LMP_CONG_PRC,ALLN_1_ALLN SOLARGNODE,ALL,1,-93.51413,4,2
2022-09-02T05:45:00-00:00,2022-09-02T06:00:00-00:00,2022-09-01,23,ALLN_1_ALLN SOLARGNODE,ALLN_1_ALLN SOLARGNODE,ALLN_1_ALLN SOLARGNODE,RTPD,MCC,LMP_CONG_PRC,ALLN_1_ALLN SOLARGNODE,ALL,1,-116.4168,4,2
2022-09-02T06:45:00-00:00,2022-09-02T07:00:00-00:00,2022-09-01,24,ALLN_1_ALLN SOLARGNODE,ALLN_1_ALLN SOLARGNODE,ALLN_1_ALLN SOLARGNODE,RTPD,MCC,LMP_CONG_PRC,ALLN_1_ALLN SOLARGNODE,ALL,1,-54.70519,4,2
2022-09-01T07:00:00-00:00,2022-09-01T07:15:00-00:00,2022-09-01,01,ALLN_1_ALLN SOLARGNODE,ALLN_1_ALLN SOLARGNODE,ALLN_1_ALLN SOLARGNODE,RTPD,MCE,LMP_ENE_PRC,ALLN_1_ALLN SOLARGNODE,ALL,1,104.23471,1,3
2022-09-01T08:00:00-00:00,2022-09-01T08:15:00-00:00,2022-09-01,02,ALLN_1_ALLN SOLARGNODE,ALLN_1_ALLN SOLARGNODE,ALLN_1_ALLN SOLARGNODE,RTPD,MCE,LMP_ENE_PRC,ALLN_1_ALLN SOLARGNODE,ALL,1,115.5488,1,3
2022-09-01T09:00:00-00:00,2022-09-01T09:15:00-00:00,2022-09-01,03,ALLN_1_ALLN SOLARGNODE,ALLN_1_ALLN SOLARGNODE,ALLN_1_ALLN SOLARGNODE,RTPD,MCE,LMP_ENE_PRC,ALLN_1_ALLN SOLARGNODE,ALL,1,99.73061,1,3
2022-09-01T10:00:00-00:00,2022-09-01T10:15:00-00:00,2022-09-01,04,ALLN_1_ALLN SOLARGNODE,ALLN_1_ALLN SOLARGNODE,ALLN_1_ALLN SOLARGNODE,RTPD,MCE,LMP_ENE_PRC,ALLN_1_ALLN SOLARGNODE,ALL,1,98.64222,1,3
2022-09-01T11:00:00-00:00,2022-09-01T11:15:00-00:00,2022-09-01,05,ALLN_1_ALLN SOLARGNODE,ALLN_1_ALLN SOLARGNODE,ALLN_1_ALLN SOLARGNODE,RTPD,MCE,LMP_ENE_PRC,ALLN_1_ALLN SOLARGNODE,ALL,1,102.56859,1,3
2022-09-01T12:00:00-00:00,2022-09-01T12:15:00-00:00,2022-09-01,06,ALLN_1_ALLN SOLARGNODE,ALLN_1_ALLN SOLARGNODE,ALLN_1_ALLN SOLARGNODE,RTPD,MCE,LMP_ENE_PRC,ALLN_1_ALLN SOLARGNODE,ALL,1,96.90845,1,3
2022-09-01T13:00:00-00:00,2022-09-01T13:15:00-00:00,2022-09-01,07,ALLN_1_ALLN SOLARGNODE,ALLN_1_ALLN SOLARGNODE,ALLN_1_ALLN SOLARGNODE,RTPD,MCE,LMP_ENE_PRC,ALLN_1_ALLN SOLARGNODE,ALL,1,101.80878,1,3
2022-09-01T14:00:00-00:00,2022-09-01T14:15:00-00:00,2022-09-01,08,ALLN_1_ALLN SOLARGNODE,ALLN_1_ALLN SOLARGNODE,ALLN_1_ALLN SOLARGNODE,RTPD,MCE,LMP_ENE_PRC,ALLN_1_ALLN SOLARGNODE,ALL,1,111.11219,1,3
2022-09-01T15:00:00-00:00,2022-09-01T15:15:00-00:00,2022-09-01,09,ALLN_1_ALLN SOLARGNODE,ALLN_1_ALLN SOLARGNODE,ALLN_1_ALLN SOLARGNODE,RTPD,MCE,LMP_ENE_PRC,ALLN_1_ALLN SOLARGNODE,ALL,1,97.4112,1,3
2022-09-01T16:00:00-00:00,2022-09-01T16:15:00-00:00,2022-09-01,10,ALLN_1_ALLN SOLARGNODE,ALLN_1_ALLN SOLARGNODE,ALLN_1_ALLN SOLARGNODE,RTPD,MCE,LMP_ENE_PRC,ALLN_1_ALLN SOLARGNODE,ALL,1,83.43525,1,3
2022-09-01T17:00:00-00:00,2022-09-01T17:15:00-00:00,2022-09-01,11,ALLN_1_ALLN SOLARGNODE,ALLN_1_ALLN SOLARGNODE,ALLN_1_ALLN SOLARGNODE,RTPD,MCE,LMP_ENE_PRC,ALLN_1_ALLN SOLARGNODE,ALL,1,96.94897,1,3
2022-09-01T18:00:00-00:00,2022-09-01T18:15:00-00:00,2022-09-01,12,ALLN_1_ALLN SOLARGNODE,ALLN_1_ALLN SOLARGNODE,ALLN_1_ALLN SOLARGNODE,RTPD,MCE,LMP_ENE_PRC,ALLN_1_ALLN SOLARGNODE,ALL,1,91.59291,1,3
2022-09-01T19:00:00-00:00,2022-09-01T19:15:00-00:00,2022-09-01,13,ALLN_1_ALLN SOLARGNODE,ALLN_1_ALLN SOLARGNODE,ALLN_1_ALLN SOLARGNODE,RTPD,MCE,LMP_ENE_PRC,ALLN_1_ALLN SOLARGNODE,ALL,1,109.19637,1,3
2022-09-01T20:00:00-00:00,2022-09-01T20:15:00-00:00,2022-09-01,14,ALLN_1_ALLN SOLARGNODE,ALLN_1_ALLN SOLARGNODE,ALLN_1_ALLN SOLARGNODE,RTPD,MCE,LMP_ENE_PRC,ALLN_1_ALLN SOLARGNODE,ALL,1,117.94359,1,3
2022-09-01T21:00:00-00:00,2022-09-01T21:15:00-00:00,2022-09-01,15,ALLN_1_ALLN SOLARGNODE,ALLN_1_ALLN SOLARGNODE,ALLN_1_ALLN SOLARGNODE,RTPD,MCE,LMP_ENE_PRC,ALLN_1_ALLN SOLARGNODE,ALL,1,226.61499,1,3
2022-09-01T22:00:00-00:00,2022-09-01T22:15:00-00:00,2022-09-01,16,ALLN_1_ALLN SOLARGNODE,ALLN_1_ALLN SOLARGNODE,ALLN_1_ALLN SOLARGNODE,RTPD,MCE,LMP_ENE_PRC,ALLN_1_ALLN SOLARGNODE,ALL,1,229.18552,1,3
2022-09-01T23:00:00-00:00,2022-09-01T23:15:00-00:00,2022-09-01,17,ALLN_1_ALLN SOLARGNODE,ALLN_1_ALLN SOLARGNODE,ALLN_1_ALLN SOLARGNODE,RTPD,MCE,LMP_ENE_PRC,ALLN_1_ALLN SOLARGNODE,ALL,1,386.7537,1,3
2022-09-02T00:00:00-00:00,2022-09-02T00:15:00-00:00,2022-09-01,18,ALLN_1_ALLN SOLARGNODE,ALLN_1_ALLN SOLARGNODE,ALLN_1_ALLN SOLARGNODE,RTPD,MCE,LMP_ENE_PRC,ALLN_1_ALLN SOLARGNODE,ALL,1,770.58136,1,3
2022-09-02T01:00:00-00:00,2022-09-02T01:15:00-00:00,2022-09-01,19,ALLN_1_ALLN SOLARGNODE,ALLN_1_ALLN SOLARGNODE,ALLN_1_ALLN SOLARGNODE,RTPD,MCE,LMP_ENE_PRC,ALLN_1_ALLN SOLARGNODE,ALL,1,916.27124,1,3
2022-09-02T02:00:00-00:00,2022-09-02T02:15:00-00:00,2022-09-01,20,ALLN_1_ALLN SOLARGNODE,ALLN_1_ALLN SOLARGNODE,ALLN_1_ALLN SOLARGNODE,RTPD,MCE,LMP_ENE_PRC,ALLN_1_ALLN SOLARGNODE,ALL,1,1991.6721,1,3
2022-09-02T03:00:00-00:00,2022-09-02T03:15:00-00:00,2022-09-01,21,ALLN_1_ALLN SOLARGNODE,ALLN_1_ALLN SOLARGNODE,ALLN_1_ALLN SOLARGNODE,RTPD,MCE,LMP_ENE_PRC,ALLN_1_ALLN SOLARGNODE,ALL,1,917.5508,1,3
2022-09-02T04:00:00-00:00,2022-09-02T04:15:00-00:00,2022-09-01,22,ALLN_1_ALLN SOLARGNODE,ALLN_1_ALLN SOLARGNODE,ALLN_1_ALLN SOLARGNODE,RTPD,MCE,LMP_ENE_PRC,ALLN_1_ALLN SOLARGNODE,ALL,1,257.83005,1,3
2022-09-02T05:00:00-00:00,2022-09-02T05:15:00-00:00,2022-09-01,23,ALLN_1_ALLN SOLARGNODE,ALLN_1_ALLN SOLARGNODE,ALLN_1_ALLN SOLARGNODE,RTPD,MCE,LMP_ENE_PRC,ALLN_1_ALLN SOLARGNODE,ALL,1,183.24657,1,3
2022-09-02T06:00:00-00:00,2022-09-02T06:15:00-00:00,2022-09-01,24,ALLN_1_ALLN SOLARGNODE,ALLN_1_ALLN SOLARGNODE,ALLN_1_ALLN SOLARGNODE,RTPD,MCE,LMP_ENE_PRC,ALLN_1_ALLN SOLARGNODE,ALL,1,158.867,1,3
2022-09-01T07:15:00-00:00,2022-09-01T07:30:00-00:00,2022-09-01,01,ALLN_1_ALLN SOLARGNODE,ALLN_1_ALLN SOLARGNODE,ALLN_1_ALLN SOLARGNODE,RTPD,MCE,LMP_ENE_PRC,ALLN_1_ALLN SOLARGNODE,ALL,1,125.55144,2,3
2022-09-01T08:15:00-00:00,2022-09-01T08:30:00-00:00,2022-09-01,02,ALLN_1_ALLN SOLARGNODE,ALLN_1_ALLN SOLARGNODE,ALLN_1_ALLN SOLARGNODE,RTPD,MCE,LMP_ENE_PRC,ALLN_1_ALLN SOLARGNODE,ALL,1,115.53165,2,3
2022-09-01T09:15:00-00:00,2022-09-01T09:30:00-00:00,2022-09-01,03,ALLN_1_ALLN SOLARGNODE,ALLN_1_ALLN SOLARGNODE,ALLN_1_ALLN SOLARGNODE,RTPD,MCE,LMP_ENE_PRC,ALLN_1_ALLN SOLARGNODE,ALL,1,98.30543,2,3
2022-09-01T10:15:00-00:00,2022-09-01T10:30:00-00:00,2022-09-01,04,ALLN_1_ALLN SOLARGNODE,ALLN_1_ALLN SOLARGNODE,ALLN_1_ALLN SOLARGNODE,RTPD,MCE,LMP_ENE_PRC,ALLN_1_ALLN SOLARGNODE,ALL,1,97.00684,2,3
2022-09-01T11:15:00-00:00,2022-09-01T11:30:00-00:00,2022-09-01,05,ALLN_1_ALLN SOLARGNODE,ALLN_1_ALLN SOLARGNODE,ALLN_1_ALLN SOLARGNODE,RTPD,MCE,LMP_ENE_PRC,ALLN_1_ALLN SOLARGNODE,ALL,1,103.09059,2,3
2022-09-01T12:15:00-00:00,2022-09-01T12:30:00-00:00,2022-09-01,06,ALLN_1_ALLN SOLARGNODE,ALLN_1_ALLN SOLARGNODE,ALLN_1_ALLN SOLARGNODE,RTPD,MCE,LMP_ENE_PRC,ALLN_1_ALLN SOLARGNODE,ALL,1,109.32203,2,3
2022-09-01T13:15:00-00:00,2022-09-01T13:30:00-00:00,2022-09-01,07,ALLN_1_ALLN SOLARGNODE,ALLN_1_ALLN SOLARGNODE,ALLN_1_ALLN SOLARGNODE,RTPD,MCE,LMP_ENE_PRC,ALLN_1_ALLN SOLARGNODE,ALL,1,110.97827,2,3
2022-09-01T14:15:00-00:00,2022-09-01T14:30:00-00:00,2022-09-01,08,ALLN_1_ALLN SOLARGNODE,ALLN_1_ALLN SOLARGNODE,ALLN_1_ALLN SOLARGNODE,RTPD,MCE,LMP_ENE_PRC,ALLN_1_ALLN SOLARGNODE,ALL,1,104.78743,2,3
2022-09-01T15:15:00-00:00,2022-09-01T15:30:00-00:00,2022-09-01,09,ALLN_1_ALLN SOLARGNODE,ALLN_1_ALLN SOLARGNODE,ALLN_1_ALLN SOLARGNODE,RTPD,MCE,LMP_ENE_PRC,ALLN_1_ALLN SOLARGNODE,ALL,1,86.9388,2,3
2022-09-01T16:15:00-00:00,2022-09-01T16:30:00-00:00,2022-09-01,10,ALLN_1_ALLN SOLARGNODE,ALLN_1_ALLN SOLARGNODE,ALLN_1_ALLN SOLARGNODE,RTPD,MCE,LMP_ENE_PRC,ALLN_1_ALLN SOLARGNODE,ALL,1,89.44858,2,3
2022-09-01T17:15:00-00:00,2022-09-01T17:30:00-00:00,2022-09-01,11,ALLN_1_ALLN SOLARGNODE,ALLN_1_ALLN SOLARGNODE,ALLN_1_ALLN SOLARGNODE,RTPD,MCE,LMP_ENE_PRC,ALLN_1_ALLN SOLARGNODE,ALL,1,99.34673,2,3
2022-09-01T18:15:00-00:00,2022-09-01T18:30:00-00:00,2022-09-01,12,ALLN_1_ALLN SOLARGNODE,ALLN_1_ALLN SOLARGNODE,ALLN_1_ALLN SOLARGNODE,RTPD,MCE,LMP_ENE_PRC,ALLN_1_ALLN SOLARGNODE,ALL,1,101.15901,2,3
2022-09-01T19:15:00-00:00,2022-09-01T19:30:00-00:00,2022-09-01,13,ALLN_1_ALLN SOLARGNODE,ALLN_1_ALLN SOLARGNODE,ALLN_1_ALLN SOLARGNODE,RTPD,MCE,LMP_ENE_PRC,ALLN_1_ALLN SOLARGNODE,ALL,1,105.30588,2,3
2022-09-01T20:15:00-00:00,2022-09-01T20:30:00-00:00,2022-09-01,14,ALLN_1_ALLN SOLARGNODE,ALLN_1_ALLN SOLARGNODE,ALLN_1_ALLN SOLARGNODE,RTPD,MCE,LMP_ENE_PRC,ALLN_1_ALLN SOLARGNODE,ALL,1,117.49421,2,3
2022-09-01T21:15:00-00:00,2022-09-01T21:30:00-00:00,2022-09-01,15,ALLN_1_ALLN SOLARGNODE,ALLN_1_ALLN SOLARGNODE,ALLN_1_ALLN SOLARGNODE,RTPD,MCE,LMP_ENE_PRC,ALLN_1_ALLN SOLARGNODE,ALL,1,147.21185,2,3
2022-09-01T22:15:00-00:00,2022-09-01T22:30:00-00:00,2022-09-01,16,ALLN_1_ALLN SOLARGNODE,ALLN_1_ALLN SOLARGNODE,ALLN_1_ALLN SOLARGNODE,RTPD,MCE,LMP_ENE_PRC,ALLN_1_ALLN SOLARGNODE,ALL,1,256.58734,2,3
2022-09-01T23:15:00-00:00,2022-09-01T23:30:00-00:00,2022-09-01,17,ALLN_1_ALLN SOLARGNODE,ALLN_1_ALLN SOLARGNODE,ALLN_1_ALLN SOLARGNODE,RTPD,MCE,LMP_ENE_PRC,ALLN_1_ALLN SOLARGNODE,ALL,1,362.12408,2,3
2022-09-02T00:15:00-00:00,2022-09-02T00:30:00-00:00,2022-09-01,18,ALLN_1_ALLN SOLARGNODE,ALLN_1_ALLN SOLARGNODE,ALLN_1_ALLN SOLARGNODE,RTPD,MCE,LMP_ENE_PRC,ALLN_1_ALLN SOLARGNODE,ALL,1,691.2182,2,3
2022-09-02T01:15:00-00:00,2022-09-02T01:30:00-00:00,2022-09-01,19,ALLN_1_ALLN SOLARGNODE,ALLN_1_ALLN SOLARGNODE,ALLN_1_ALLN SOLARGNODE,RTPD,MCE,LMP_ENE_PRC,ALLN_1_ALLN SOLARGNODE,ALL,1,1999.9933,2,3
2022-09-02T02:15:00-00:00,2022-09-02T02:30:00-00:00,2022-09-01,20,ALLN_1_ALLN SOLARGNODE,ALLN_1_ALLN SOLARGNODE,ALLN_1_ALLN SOLARGNODE,RTPD,MCE,LMP_ENE_PRC,ALLN_1_ALLN SOLARGNODE,ALL,1,1991.6721,2,3
2022-09-02T03:15:00-00:00,2022-09-02T03:30:00-00:00,2022-09-01,21,ALLN_1_ALLN SOLARGNODE,ALLN_1_ALLN SOLARGNODE,ALLN_1_ALLN SOLARGNODE,RTPD,MCE,LMP_ENE_PRC,ALLN_1_ALLN SOLARGNODE,ALL,1,400.52884,2,3
2022-09-02T04:15:00-00:00,2022-09-02T04:30:00-00:00,2022-09-01,22,ALLN_1_ALLN SOLARGNODE,ALLN_1_ALLN SOLARGNODE,ALLN_1_ALLN SOLARGNODE,RTPD,MCE,LMP_ENE_PRC,ALLN_1_ALLN SOLARGNODE,ALL,1,224.75041,2,3
2022-09-02T05:15:00-00:00,2022-09-02T05:30:00-00:00,2022-09-01,23,ALLN_1_ALLN SOLARGNODE,ALLN_1_ALLN SOLARGNODE,ALLN_1_ALLN SOLARGNODE,RTPD,MCE,LMP_ENE_PRC,ALLN_1_ALLN SOLARGNODE,ALL,1,157.11986,2,3
2022-09-02T06:15:00-00:00,2022-09-02T06:30:00-00:00,2022-09-01,24,ALLN_1_ALLN SOLARGNODE,ALLN_1_ALLN SOLARGNODE,ALLN_1_ALLN SOLARGNODE,RTPD,MCE,LMP_ENE_PRC,ALLN_1_ALLN SOLARGNODE,ALL,1,143.1005,2,3
2022-09-01T07:30:00-00:00,2022-09-01T07:45:00-00:00,2022-09-01,01,ALLN_1_ALLN SOLARGNODE,ALLN_1_ALLN SOLARGNODE,ALLN_1_ALLN SOLARGNODE,RTPD,MCE,LMP_ENE_PRC,ALLN_1_ALLN SOLARGNODE,ALL,1,119.03196,3,3
2022-09-01T08:30:00-00:00,2022-09-01T08:45:00-00:00,2022-09-01,02,ALLN_1_ALLN SOLARGNODE,ALLN_1_ALLN SOLARGNODE,ALLN_1_ALLN SOLARGNODE,RTPD,MCE,LMP_ENE_PRC,ALLN_1_ALLN SOLARGNODE,ALL,1,111.11241,3,3
2022-09-01T09:30:00-00:00,2022-09-01T09:45:00-00:00,2022-09-01,03,ALLN_1_ALLN SOLARGNODE,ALLN_1_ALLN SOLARGNODE,ALLN_1_ALLN SOLARGNODE,RTPD,MCE,LMP_ENE_PRC,ALLN_1_ALLN SOLARGNODE,ALL,1,98.16228,3,3
2022-09-01T10:30:00-00:00,2022-09-01T10:45:00-00:00,2022-09-01,04,ALLN_1_ALLN SOLARGNODE,ALLN_1_ALLN SOLARGNODE,ALLN_1_ALLN SOLARGNODE,RTPD,MCE,LMP_ENE_PRC,ALLN_1_ALLN SOLARGNODE,ALL,1,96.36226,3,3
2022-09-01T11:30:00-00:00,2022-09-01T11:45:00-00:00,2022-09-01,05,ALLN_1_ALLN SOLARGNODE,ALLN_1_ALLN SOLARGNODE,ALLN_1_ALLN SOLARGNODE,RTPD,MCE,LMP_ENE_PRC,ALLN_1_ALLN SOLARGNODE,ALL,1,103.06198,3,3
2022-09-01T12:30:00-00:00,2022-09-01T12:45:00-00:00,2022-09-01,06,ALLN_1_ALLN SOLARGNODE,ALLN_1_ALLN SOLARGNODE,ALLN_1_ALLN SOLARGNODE,RTPD,MCE,LMP_ENE_PRC,ALLN_1_ALLN SOLARGNODE,ALL,1,113.57403,3,3
2022-09-01T13:30:00-00:00,2022-09-01T13:45:00-00:00,2022-09-01,07,ALLN_1_ALLN SOLARGNODE,ALLN_1_ALLN SOLARGNODE,ALLN_1_ALLN SOLARGNODE,RTPD,MCE,LMP_ENE_PRC,ALLN_1_ALLN SOLARGNODE,ALL,1,111.52025,3,3
2022-09-01T14:30:00-00:00,2022-09-01T14:45:00-00:00,2022-09-01,08,ALLN_1_ALLN SOLARGNODE,ALLN_1_ALLN SOLARGNODE,ALLN_1_ALLN SOLARGNODE,RTPD,MCE,LMP_ENE_PRC,ALLN_1_ALLN SOLARGNODE,ALL,1,101.83428,3,3
2022-09-01T15:30:00-00:00,2022-09-01T15:45:00-00:00,2022-09-01,09,ALLN_1_ALLN SOLARGNODE,ALLN_1_ALLN SOLARGNODE,ALLN_1_ALLN SOLARGNODE,RTPD,MCE,LMP_ENE_PRC,ALLN_1_ALLN SOLARGNODE,ALL,1,86.1388,3,3
2022-09-01T16:30:00-00:00,2022-09-01T16:45:00-00:00,2022-09-01,10,ALLN_1_ALLN SOLARGNODE,ALLN_1_ALLN SOLARGNODE,ALLN_1_ALLN SOLARGNODE,RTPD,MCE,LMP_ENE_PRC,ALLN_1_ALLN SOLARGNODE,ALL,1,88.79644,3,3
2022-09-01T17:30:00-00:00,2022-09-01T17:45:00-00:00,2022-09-01,11,ALLN_1_ALLN SOLARGNODE,ALLN_1_ALLN SOLARGNODE,ALLN_1_ALLN SOLARGNODE,RTPD,MCE,LMP_ENE_PRC,ALLN_1_ALLN SOLARGNODE,ALL,1,99.13013,3,3
2022-09-01T18:30:00-00:00,2022-09-01T18:45:00-00:00,2022-09-01,12,ALLN_1_ALLN SOLARGNODE,ALLN_1_ALLN SOLARGNODE,ALLN_1_ALLN SOLARGNODE,RTPD,MCE,LMP_ENE_PRC,ALLN_1_ALLN SOLARGNODE,ALL,1,107.05718,3,3
2022-09-01T19:30:00-00:00,2022-09-01T19:45:00-00:00,2022-09-01,13,ALLN_1_ALLN SOLARGNODE,ALLN_1_ALLN SOLARGNODE,ALLN_1_ALLN SOLARGNODE,RTPD,MCE,LMP_ENE_PRC,ALLN_1_ALLN SOLARGNODE,ALL,1,114.05905,3,3
2022-09-01T20:30:00-00:00,2022-09-01T20:45:00-00:00,2022-09-01,14,ALLN_1_ALLN SOLARGNODE,ALLN_1_ALLN SOLARGNODE,ALLN_1_ALLN SOLARGNODE,RTPD,MCE,LMP_ENE_PRC,ALLN_1_ALLN SOLARGNODE,ALL,1,129.81606,3,3
2022-09-01T21:30:00-00:00,2022-09-01T21:45:00-00:00,2022-09-01,15,ALLN_1_ALLN SOLARGNODE,ALLN_1_ALLN SOLARGNODE,ALLN_1_ALLN SOLARGNODE,RTPD,MCE,LMP_ENE_PRC,ALLN_1_ALLN SOLARGNODE,ALL,1,152.93057,3,3
2022-09-01T22:30:00-00:00,2022-09-01T22:45:00-00:00,2022-09-01,16,ALLN_1_ALLN SOLARGNODE,ALLN_1_ALLN SOLARGNODE,ALLN_1_ALLN SOLARGNODE,RTPD,MCE,LMP_ENE_PRC,ALLN_1_ALLN SOLARGNODE,ALL,1,283.18182,3,3
2022-09-01T23:30:00-00:00,2022-09-01T23:45:00-00:00,2022-09-01,17,ALLN_1_ALLN SOLARGNODE,ALLN_1_ALLN SOLARGNODE,ALLN_1_ALLN SOLARGNODE,RTPD,MCE,LMP_ENE_PRC,ALLN_1_ALLN SOLARGNODE,ALL,1,566.48157,3,3
2022-09-02T00:30:00-00:00,2022-09-02T00:45:00-00:00,2022-09-01,18,ALLN_1_ALLN SOLARGNODE,ALLN_1_ALLN SOLARGNODE,ALLN_1_ALLN SOLARGNODE,RTPD,MCE,LMP_ENE_PRC,ALLN_1_ALLN SOLARGNODE,ALL,1,1329.1127,3,3
2022-09-02T01:30:00-00:00,2022-09-02T01:45:00-00:00,2022-09-01,19,ALLN_1_ALLN SOLARGNODE,ALLN_1_ALLN SOLARGNODE,ALLN_1_ALLN SOLARGNODE,RTPD,MCE,LMP_ENE_PRC,ALLN_1_ALLN SOLARGNODE,ALL,1,1999.9956,3,3
2022-09-02T02:30:00-00:00,2022-09-02T02:45:00-00:00,2022-09-01,20,ALLN_1_ALLN SOLARGNODE,ALLN_1_ALLN SOLARGNODE,ALLN_1_ALLN SOLARGNODE,RTPD,MCE,LMP_ENE_PRC,ALLN_1_ALLN SOLARGNODE,ALL,1,1991.671,3,3
2022-09-02T03:30:00-00:00,2022-09-02T03:45:00-00:00,2022-09-01,21,ALLN_1_ALLN SOLARGNODE,ALLN_1_ALLN SOLARGNODE,ALLN_1_ALLN SOLARGNODE,RTPD,MCE,LMP_ENE_PRC,ALLN_1_ALLN SOLARGNODE,ALL,1,186.61823,3,3
2022-09-02T04:30:00-00:00,2022-09-02T04:45:00-00:00,2022-09-01,22,ALLN_1_ALLN SOLARGNODE,ALLN_1_ALLN SOLARGNODE,ALLN_1_ALLN SOLARGNODE,RTPD,MCE,LMP_ENE_PRC,ALLN_1_ALLN SOLARGNODE,ALL,1,180.67824,3,3
2022-09-02T05:30:00-00:00,2022-09-02T05:45:00-00:00,2022-09-01,23,ALLN_1_ALLN SOLARGNODE,ALLN_1_ALLN SOLARGNODE,ALLN_1_ALLN SOLARGNODE,RTPD,MCE,LMP_ENE_PRC,ALLN_1_ALLN SOLARGNODE,ALL,1,131.69917,3,3
2022-09-02T06:30:00-00:00,2022-09-02T06:45:00-00:00,2022-09-01,24,ALLN_1_ALLN SOLARGNODE,ALLN_1_ALLN SOLARGNODE,ALLN_1_ALLN SOLARGNODE,RTPD,MCE,LMP_ENE_PRC,ALLN_1_ALLN SOLARGNODE,ALL,1,128.9871,3,3
2022-09-01T07:45:00-00:00,2022-09-01T08:00:00-00:00,2022-09-01,01,ALLN_1_ALLN SOLARGNODE,ALLN_1_ALLN SOLARGNODE,ALLN_1_ALLN SOLARGNODE,RTPD,MCE,LMP_ENE_PRC,ALLN_1_ALLN SOLARGNODE,ALL,1,109.12099,4,3
2022-09-01T08:45:00-00:00,2022-09-01T09:00:00-00:00,2022-09-01,02,ALLN_1_ALLN SOLARGNODE,ALLN_1_ALLN SOLARGNODE,ALLN_1_ALLN SOLARGNODE,RTPD,MCE,LMP_ENE_PRC,ALLN_1_ALLN SOLARGNODE,ALL,1,98.7357,4,3
2022-09-01T09:45:00-00:00,2022-09-01T10:00:00-00:00,2022-09-01,03,ALLN_1_ALLN SOLARGNODE,ALLN_1_ALLN SOLARGNODE,ALLN_1_ALLN SOLARGNODE,RTPD,MCE,LMP_ENE_PRC,ALLN_1_ALLN SOLARGNODE,ALL,1,97.50475,4,3
2022-09-01T10:45:00-00:00,2022-09-01T11:00:00-00:00,2022-09-01,04,ALLN_1_ALLN SOLARGNODE,ALLN_1_ALLN SOLARGNODE,ALLN_1_ALLN SOLARGNODE,RTPD,MCE,LMP_ENE_PRC,ALLN_1_ALLN SOLARGNODE,ALL,1,94.71966,4,3
2022-09-01T11:45:00-00:00,2022-09-01T12:00:00-00:00,2022-09-01,05,ALLN_1_ALLN SOLARGNODE,ALLN_1_ALLN SOLARGNODE,ALLN_1_ALLN SOLARGNODE,RTPD,MCE,LMP_ENE_PRC,ALLN_1_ALLN SOLARGNODE,ALL,1,107.01,4,3
2022-09-01T12:45:00-00:00,2022-09-01T13:00:00-00:00,2022-09-01,06,ALLN_1_ALLN SOLARGNODE,ALLN_1_ALLN SOLARGNODE,ALLN_1_ALLN SOLARGNODE,RTPD,MCE,LMP_ENE_PRC,ALLN_1_ALLN SOLARGNODE,ALL,1,116.4848,4,3
2022-09-01T13:45:00-00:00,2022-09-01T14:00:00-00:00,2022-09-01,07,ALLN_1_ALLN SOLARGNODE,ALLN_1_ALLN SOLARGNODE,ALLN_1_ALLN SOLARGNODE,RTPD,MCE,LMP_ENE_PRC,ALLN_1_ALLN SOLARGNODE,ALL,1,111.41,4,3
2022-09-01T14:45:00-00:00,2022-09-01T15:00:00-00:00,2022-09-01,08,ALLN_1_ALLN SOLARGNODE,ALLN_1_ALLN SOLARGNODE,ALLN_1_ALLN SOLARGNODE,RTPD,MCE,LMP_ENE_PRC,ALLN_1_ALLN SOLARGNODE,ALL,1,86.1388,4,3
2022-09-01T15:45:00-00:00,2022-09-01T16:00:00-00:00,2022-09-01,09,ALLN_1_ALLN SOLARGNODE,ALLN_1_ALLN SOLARGNODE,ALLN_1_ALLN SOLARGNODE,RTPD,MCE,LMP_ENE_PRC,ALLN_1_ALLN SOLARGNODE,ALL,1,78.70076,4,3
2022-09-01T16:45:00-00:00,2022-09-01T17:00:00-00:00,2022-09-01,10,ALLN_1_ALLN SOLARGNODE,ALLN_1_ALLN SOLARGNODE,ALLN_1_ALLN SOLARGNODE,RTPD,MCE,LMP_ENE_PRC,ALLN_1_ALLN SOLARGNODE,ALL,1,91.24933,4,3
2022-09-01T17:45:00-00:00,2022-09-01T18:00:00-00:00,2022-09-01,11,ALLN_1_ALLN SOLARGNODE,ALLN_1_ALLN SOLARGNODE,ALLN_1_ALLN SOLARGNODE,RTPD,MCE,LMP_ENE_PRC,ALLN_1_ALLN SOLARGNODE,ALL,1,99.20544,4,3
2022-09-01T18:45:00-00:00,2022-09-01T19:00:00-00:00,2022-09-01,12,ALLN_1_ALLN SOLARGNODE,ALLN_1_ALLN SOLARGNODE,ALLN_1_ALLN SOLARGNODE,RTPD,MCE,LMP_ENE_PRC,ALLN_1_ALLN SOLARGNODE,ALL,1,109.04064,4,3
2022-09-01T19:45:00-00:00,2022-09-01T20:00:00-00:00,2022-09-01,13,ALLN_1_ALLN SOLARGNODE,ALLN_1_ALLN SOLARGNODE,ALLN_1_ALLN SOLARGNODE,RTPD,MCE,LMP_ENE_PRC,ALLN_1_ALLN SOLARGNODE,ALL,1,120.22491,4,3
2022-09-01T20:45:00-00:00,2022-09-01T21:00:00-00:00,2022-09-01,14,ALLN_1_ALLN SOLARGNODE,ALLN_1_ALLN SOLARGNODE,ALLN_1_ALLN SOLARGNODE,RTPD,MCE,LMP_ENE_PRC,ALLN_1_ALLN SOLARGNODE,ALL,1,154.02509,4,3
2022-09-01T21:45:00-00:00,2022-09-01T22:00:00-00:00,2022-09-01,15,ALLN_1_ALLN SOLARGNODE,ALLN_1_ALLN SOLARGNODE,ALLN_1_ALLN SOLARGNODE,RTPD,MCE,LMP_ENE_PRC,ALLN_1_ALLN SOLARGNODE,ALL,1,300.29376,4,3
2022-09-01T22:45:00-00:00,2022-09-01T23:00:00-00:00,2022-09-01,16,ALLN_1_ALLN SOLARGNODE,ALLN_1_ALLN SOLARGNODE,ALLN_1_ALLN SOLARGNODE,RTPD,MCE,LMP_ENE_PRC,ALLN_1_ALLN SOLARGNODE,ALL,1,429.9137,4,3
2022-09-01T23:45:00-00:00,2022-09-02T00:00:00-00:00,2022-09-01,17,ALLN_1_ALLN SOLARGNODE,ALLN_1_ALLN SOLARGNODE,ALLN_1_ALLN SOLARGNODE,RTPD,MCE,LMP_ENE_PRC,ALLN_1_ALLN SOLARGNODE,ALL,1,1261.2124,4,3
2022-09-02T00:45:00-00:00,2022-09-02T01:00:00-00:00,2022-09-01,18,ALLN_1_ALLN SOLARGNODE,ALLN_1_ALLN SOLARGNODE,ALLN_1_ALLN SOLARGNODE,RTPD,MCE,LMP_ENE_PRC,ALLN_1_ALLN SOLARGNODE,ALL,1,1519.149,4,3
2022-09-02T01:45:00-00:00,2022-09-02T02:00:00-00:00,2022-09-01,19,ALLN_1_ALLN SOLARGNODE,ALLN_1_ALLN SOLARGNODE,ALLN_1_ALLN SOLARGNODE,RTPD,MCE,LMP_ENE_PRC,ALLN_1_ALLN SOLARGNODE,ALL,1,1991.9337,4,3
2022-09-02T02:45:00-00:00,2022-09-02T03:00:00-00:00,2022-09-01,20,ALLN_1_ALLN SOLARGNODE,ALLN_1_ALLN SOLARGNODE,ALLN_1_ALLN SOLARGNODE,RTPD,MCE,LMP_ENE_PRC,ALLN_1_ALLN SOLARGNODE,ALL,1,1629.6213,4,3
2022-09-02T03:45:00-00:00,2022-09-02T04:00:00-00:00,2022-09-01,21,ALLN_1_ALLN SOLARGNODE,ALLN_1_ALLN SOLARGNODE,ALLN_1_ALLN SOLARGNODE,RTPD,MCE,LMP_ENE_PRC,ALLN_1_ALLN SOLARGNODE,ALL,1,141.13702,4,3
2022-09-02T04:45:00-00:00,2022-09-02T05:00:00-00:00,2022-09-01,22,ALLN_1_ALLN SOLARGNODE,ALLN_1_ALLN SOLARGNODE,ALLN_1_ALLN SOLARGNODE,RTPD,MCE,LMP_ENE_PRC,ALLN_1_ALLN SOLARGNODE,ALL,1,126.76372,4,3
2022-09-02T05:45:00-00:00,2022-09-02T06:00:00-00:00,2022-09-01,23,ALLN_1_ALLN SOLARGNODE,ALLN_1_ALLN SOLARGNODE,ALLN_1_ALLN SOLARGNODE,RTPD,MCE,LMP_ENE_PRC,ALLN_1_ALLN SOLARGNODE,ALL,1,119.00958,4,3
2022-09-02T06:45:00-00:00,2022-09-02T07:00:00-00:00,2022-09-01,24,ALLN_1_ALLN SOLARGNODE,ALLN_1_ALLN SOLARGNODE,ALLN_1_ALLN SOLARGNODE,RTPD,MCE,LMP_ENE_PRC,ALLN_1_ALLN SOLARGNODE,ALL,1,109.20324,4,3
2022-09-01T07:00:00-00:00,2022-09-01T07:15:00-00:00,2022-09-01,01,ALLN_1_ALLN SOLARGNODE,ALLN_1_ALLN SOLARGNODE,ALLN_1_ALLN SOLARGNODE,RTPD,MCL,LMP_LOSS_PRC,ALLN_1_ALLN SOLARGNODE,ALL,1,1.16906,1,4
2022-09-01T08:00:00-00:00,2022-09-01T08:15:00-00:00,2022-09-01,02,ALLN_1_ALLN SOLARGNODE,ALLN_1_ALLN SOLARGNODE,ALLN_1_ALLN SOLARGNODE,RTPD,MCL,LMP_LOSS_PRC,ALLN_1_ALLN SOLARGNODE,ALL,1,0,1,4
2022-09-01T09:00:00-00:00,2022-09-01T09:15:00-00:00,2022-09-01,03,ALLN_1_ALLN SOLARGNODE,ALLN_1_ALLN SOLARGNODE,ALLN_1_ALLN SOLARGNODE,RTPD,MCL,LMP_LOSS_PRC,ALLN_1_ALLN SOLARGNODE,ALL,1,0.56912,1,4
2022-09-01T10:00:00-00:00,2022-09-01T10:15:00-00:00,2022-09-01,04,ALLN_1_ALLN SOLARGNODE,ALLN_1_ALLN SOLARGNODE,ALLN_1_ALLN SOLARGNODE,RTPD,MCL,LMP_LOSS_PRC,ALLN_1_ALLN SOLARGNODE,ALL,1,1.02111,1,4
2022-09-01T11:00:00-00:00,2022-09-01T11:15:00-00:00,2022-09-01,05,ALLN_1_ALLN SOLARGNODE,ALLN_1_ALLN SOLARGNODE,ALLN_1_ALLN SOLARGNODE,RTPD,MCL,LMP_LOSS_PRC,ALLN_1_ALLN SOLARGNODE,ALL,1,0.47178,1,4
2022-09-01T12:00:00-00:00,2022-09-01T12:15:00-00:00,2022-09-01,06,ALLN_1_ALLN SOLARGNODE,ALLN_1_ALLN SOLARGNODE,ALLN_1_ALLN SOLARGNODE,RTPD,MCL,LMP_LOSS_PRC,ALLN_1_ALLN SOLARGNODE,ALL,1,-0.02496,1,4
2022-09-01T13:00:00-00:00,2022-09-01T13:15:00-00:00,2022-09-01,07,ALLN_1_ALLN SOLARGNODE,ALLN_1_ALLN SOLARGNODE,ALLN_1_ALLN SOLARGNODE,RTPD,MCL,LMP_LOSS_PRC,ALLN_1_ALLN SOLARGNODE,ALL,1,0,1,4
2022-09-01T14:00:00-00:00,2022-09-01T14:15:00-00:00,2022-09-01,08,ALLN_1_ALLN SOLARGNODE,ALLN_1_ALLN SOLARGNODE,ALLN_1_ALLN SOLARGNODE,RTPD,MCL,LMP_LOSS_PRC,ALLN_1_ALLN SOLARGNODE,ALL,1,-2.95089,1,4
2022-09-01T15:00:00-00:00,2022-09-01T15:15:00-00:00,2022-09-01,09,ALLN_1_ALLN SOLARGNODE,ALLN_1_ALLN SOLARGNODE,ALLN_1_ALLN SOLARGNODE,RTPD,MCL,LMP_LOSS_PRC,ALLN_1_ALLN SOLARGNODE,ALL,1,0,1,4
2022-09-01T16:00:00-00:00,2022-09-01T16:15:00-00:00,2022-09-01,10,ALLN_1_ALLN SOLARGNODE,ALLN_1_ALLN SOLARGNODE,ALLN_1_ALLN SOLARGNODE,RTPD,MCL,LMP_LOSS_PRC,ALLN_1_ALLN SOLARGNODE,ALL,1,0,1,4
2022-09-01T17:00:00-00:00,2022-09-01T17:15:00-00:00,2022-09-01,11,ALLN_1_ALLN SOLARGNODE,ALLN_1_ALLN SOLARGNODE,ALLN_1_ALLN SOLARGNODE,RTPD,MCL,LMP_LOSS_PRC,ALLN_1_ALLN SOLARGNODE,ALL,1,0,1,4
2022-09-01T18:00:00-00:00,2022-09-01T18:15:00-00:00,2022-09-01,12,ALLN_1_ALLN SOLARGNODE,ALLN_1_ALLN SOLARGNODE,ALLN_1_ALLN SOLARGNODE,RTPD,MCL,LMP_LOSS_PRC,ALLN_1_ALLN SOLARGNODE,ALL,1,0,1,4
2022-09-01T19:00:00-00:00,2022-09-01T19:15:00-00:00,2022-09-01,13,ALLN_1_ALLN SOLARGNODE,ALLN_1_ALLN SOLARGNODE,ALLN_1_ALLN SOLARGNODE,RTPD,MCL,LMP_LOSS_PRC,ALLN_1_ALLN SOLARGNODE,ALL,1,0,1,4
2022-09-01T20:00:00-00:00,2022-09-01T20:15:00-00:00,2022-09-01,14,ALLN_1_ALLN SOLARGNODE,ALLN_1_ALLN SOLARGNODE,ALLN_1_ALLN SOLARGNODE,RTPD,MCL,LMP_LOSS_PRC,ALLN_1_ALLN SOLARGNODE,ALL,1,0,1,4
2022-09-01T21:00:00-00:00,2022-09-01T21:15:00-00:00,2022-09-01,15,ALLN_1_ALLN SOLARGNODE,ALLN_1_ALLN SOLARGNODE,ALLN_1_ALLN SOLARGNODE,RTPD,MCL,LMP_LOSS_PRC,ALLN_1_ALLN SOLARGNODE,ALL,1,0,1,4
2022-09-01T22:00:00-00:00,2022-09-01T22:15:00-00:00,2022-09-01,16,ALLN_1_ALLN SOLARGNODE,ALLN_1_ALLN SOLARGNODE,ALLN_1_ALLN SOLARGNODE,RTPD,MCL,LMP_LOSS_PRC,ALLN_1_ALLN SOLARGNODE,ALL,1,0,1,4
2022-09-01T23:00:00-00:00,2022-09-01T23:15:00-00:00,2022-09-01,17,ALLN_1_ALLN SOLARGNODE,ALLN_1_ALLN SOLARGNODE,ALLN_1_ALLN SOLARGNODE,RTPD,MCL,LMP_LOSS_PRC,ALLN_1_ALLN SOLARGNODE,ALL,1,0,1,4
2022-09-02T00:00:00-00:00,2022-09-02T00:15:00-00:00,2022-09-01,18,ALLN_1_ALLN SOLARGNODE,ALLN_1_ALLN SOLARGNODE,ALLN_1_ALLN SOLARGNODE,RTPD,MCL,LMP_LOSS_PRC,ALLN_1_ALLN SOLARGNODE,ALL,1,-77.94874,1,4
2022-09-02T01:00:00-00:00,2022-09-02T01:15:00-00:00,2022-09-01,19,ALLN_1_ALLN SOLARGNODE,ALLN_1_ALLN SOLARGNODE,ALLN_1_ALLN SOLARGNODE,RTPD,MCL,LMP_LOSS_PRC,ALLN_1_ALLN SOLARGNODE,ALL,1,0,1,4
2022-09-02T02:00:00-00:00,2022-09-02T02:15:00-00:00,2022-09-01,20,ALLN_1_ALLN SOLARGNODE,ALLN_1_ALLN SOLARGNODE,ALLN_1_ALLN SOLARGNODE,RTPD,MCL,LMP_LOSS_PRC,ALLN_1_ALLN SOLARGNODE,ALL,1,0,1,4
2022-09-02T03:00:00-00:00,2022-09-02T03:15:00-00:00,2022-09-01,21,ALLN_1_ALLN SOLARGNODE,ALLN_1_ALLN SOLARGNODE,ALLN_1_ALLN SOLARGNODE,RTPD,MCL,LMP_LOSS_PRC,ALLN_1_ALLN SOLARGNODE,ALL,1,-61.7659,1,4
2022-09-02T04:00:00-00:00,2022-09-02T04:15:00-00:00,2022-09-01,22,ALLN_1_ALLN SOLARGNODE,ALLN_1_ALLN SOLARGNODE,ALLN_1_ALLN SOLARGNODE,RTPD,MCL,LMP_LOSS_PRC,ALLN_1_ALLN SOLARGNODE,ALL,1,-9.09113,1,4
2022-09-02T05:00:00-00:00,2022-09-02T05:15:00-00:00,2022-09-01,23,ALLN_1_ALLN SOLARGNODE,ALLN_1_ALLN SOLARGNODE,ALLN_1_ALLN SOLARGNODE,RTPD,MCL,LMP_LOSS_PRC,ALLN_1_ALLN SOLARGNODE,ALL,1,-8.68625,1,4
2022-09-02T06:00:00-00:00,2022-09-02T06:15:00-00:00,2022-09-01,24,ALLN_1_ALLN SOLARGNODE,ALLN_1_ALLN SOLARGNODE,ALLN_1_ALLN SOLARGNODE,RTPD,MCL,LMP_LOSS_PRC,ALLN_1_ALLN SOLARGNODE,ALL,1,-8.11267,1,4
2022-09-01T07:15:00-00:00,2022-09-01T07:30:00-00:00,2022-09-01,01,ALLN_1_ALLN SOLARGNODE,ALLN_1_ALLN SOLARGNODE,ALLN_1_ALLN SOLARGNODE,RTPD,MCL,LMP_LOSS_PRC,ALLN_1_ALLN SOLARGNODE,ALL,1,0,2,4
2022-09-01T08:15:00-00:00,2022-09-01T08:30:00-00:00,2022-09-01,02,ALLN_1_ALLN SOLARGNODE,ALLN_1_ALLN SOLARGNODE,ALLN_1_ALLN SOLARGNODE,RTPD,MCL,LMP_LOSS_PRC,ALLN_1_ALLN SOLARGNODE,ALL,1,0,2,4
2022-09-01T09:15:00-00:00,2022-09-01T09:30:00-00:00,2022-09-01,03,ALLN_1_ALLN SOLARGNODE,ALLN_1_ALLN SOLARGNODE,ALLN_1_ALLN SOLARGNODE,RTPD,MCL,LMP_LOSS_PRC,ALLN_1_ALLN SOLARGNODE,ALL,1,0.6717,2,4
2022-09-01T10:15:00-00:00,2022-09-01T10:30:00-00:00,2022-09-01,04,ALLN_1_ALLN SOLARGNODE,ALLN_1_ALLN SOLARGNODE,ALLN_1_ALLN SOLARGNODE,RTPD,MCL,LMP_LOSS_PRC,ALLN_1_ALLN SOLARGNODE,ALL,1,1.03784,2,4
2022-09-01T11:15:00-00:00,2022-09-01T11:30:00-00:00,2022-09-01,05,ALLN_1_ALLN SOLARGNODE,ALLN_1_ALLN SOLARGNODE,ALLN_1_ALLN SOLARGNODE,RTPD,MCL,LMP_LOSS_PRC,ALLN_1_ALLN SOLARGNODE,ALL,1,0.35643,2,4
2022-09-01T12:15:00-00:00,2022-09-01T12:30:00-00:00,2022-09-01,06,ALLN_1_ALLN SOLARGNODE,ALLN_1_ALLN SOLARGNODE,ALLN_1_ALLN SOLARGNODE,RTPD,MCL,LMP_LOSS_PRC,ALLN_1_ALLN SOLARGNODE,ALL,1,-0.67116,2,4
2022-09-01T13:15:00-00:00,2022-09-01T13:30:00-00:00,2022-09-01,07,ALLN_1_ALLN SOLARGNODE,ALLN_1_ALLN SOLARGNODE,ALLN_1_ALLN SOLARGNODE,RTPD,MCL,LMP_LOSS_PRC,ALLN_1_ALLN SOLARGNODE,ALL,1,-0.31672,2,4
2022-09-01T14:15:00-00:00,2022-09-01T14:30:00-00:00,2022-09-01,08,ALLN_1_ALLN SOLARGNODE,ALLN_1_ALLN SOLARGNODE,ALLN_1_ALLN SOLARGNODE,RTPD,MCL,LMP_LOSS_PRC,ALLN_1_ALLN SOLARGNODE,ALL,1,-2.89785,2,4
2022-09-01T15:15:00-00:00,2022-09-01T15:30:00-00:00,2022-09-01,09,ALLN_1_ALLN SOLARGNODE,ALLN_1_ALLN SOLARGNODE,ALLN_1_ALLN SOLARGNODE,RTPD,MCL,LMP_LOSS_PRC,ALLN_1_ALLN SOLARGNODE,ALL,1,0,2,4
2022-09-01T16:15:00-00:00,2022-09-01T16:30:00-00:00,2022-09-01,10,ALLN_1_ALLN SOLARGNODE,ALLN_1_ALLN SOLARGNODE,ALLN_1_ALLN SOLARGNODE,RTPD,MCL,LMP_LOSS_PRC,ALLN_1_ALLN SOLARGNODE,ALL,1,0,2,4
2022-09-01T17:15:00-00:00,2022-09-01T17:30:00-00:00,2022-09-01,11,ALLN_1_ALLN SOLARGNODE,ALLN_1_ALLN SOLARGNODE,ALLN_1_ALLN SOLARGNODE,RTPD,MCL,LMP_LOSS_PRC,ALLN_1_ALLN SOLARGNODE,ALL,1,0,2,4
2022-09-01T18:15:00-00:00,2022-09-01T18:30:00-00:00,2022-09-01,12,ALLN_1_ALLN SOLARGNODE,ALLN_1_ALLN SOLARGNODE,ALLN_1_ALLN SOLARGNODE,RTPD,MCL,LMP_LOSS_PRC,ALLN_1_ALLN SOLARGNODE,ALL,1,0,2,4
2022-09-01T19:15:00-00:00,2022-09-01T19:30:00-00:00,2022-09-01,13,ALLN_1_ALLN SOLARGNODE,ALLN_1_ALLN SOLARGNODE,ALLN_1_ALLN SOLARGNODE,RTPD,MCL,LMP_LOSS_PRC,ALLN_1_ALLN SOLARGNODE,ALL,1,0,2,4
2022-09-01T20:15:00-00:00,2022-09-01T20:30:00-00:00,2022-09-01,14,ALLN_1_ALLN SOLARGNODE,ALLN_1_ALLN SOLARGNODE,ALLN_1_ALLN SOLARGNODE,RTPD,MCL,LMP_LOSS_PRC,ALLN_1_ALLN SOLARGNODE,ALL,1,0,2,4
2022-09-01T21:15:00-00:00,2022-09-01T21:30:00-00:00,2022-09-01,15,ALLN_1_ALLN SOLARGNODE,ALLN_1_ALLN SOLARGNODE,ALLN_1_ALLN SOLARGNODE,RTPD,MCL,LMP_LOSS_PRC,ALLN_1_ALLN SOLARGNODE,ALL,1,0,2,4
2022-09-01T22:15:00-00:00,2022-09-01T22:30:00-00:00,2022-09-01,16,ALLN_1_ALLN SOLARGNODE,ALLN_1_ALLN SOLARGNODE,ALLN_1_ALLN SOLARGNODE,RTPD,MCL,LMP_LOSS_PRC,ALLN_1_ALLN SOLARGNODE,ALL,1,0,2,4
2022-09-01T23:15:00-00:00,2022-09-01T23:30:00-00:00,2022-09-01,17,ALLN_1_ALLN SOLARGNODE,ALLN_1_ALLN SOLARGNODE,ALLN_1_ALLN SOLARGNODE,RTPD,MCL,LMP_LOSS_PRC,ALLN_1_ALLN SOLARGNODE,ALL,1,0,2,4
2022-09-02T00:15:00-00:00,2022-09-02T00:30:00-00:00,2022-09-01,18,ALLN_1_ALLN SOLARGNODE,ALLN_1_ALLN SOLARGNODE,ALLN_1_ALLN SOLARGNODE,RTPD,MCL,LMP_LOSS_PRC,ALLN_1_ALLN SOLARGNODE,ALL,1,-64.36514,2,4
2022-09-02T01:15:00-00:00,2022-09-02T01:30:00-00:00,2022-09-01,19,ALLN_1_ALLN SOLARGNODE,ALLN_1_ALLN SOLARGNODE,ALLN_1_ALLN SOLARGNODE,RTPD,MCL,LMP_LOSS_PRC,ALLN_1_ALLN SOLARGNODE,ALL,1,0,2,4
2022-09-02T02:15:00-00:00,2022-09-02T02:30:00-00:00,2022-09-01,20,ALLN_1_ALLN SOLARGNODE,ALLN_1_ALLN SOLARGNODE,ALLN_1_ALLN SOLARGNODE,RTPD,MCL,LMP_LOSS_PRC,ALLN_1_ALLN SOLARGNODE,ALL,1,0,2,4
2022-09-02T03:15:00-00:00,2022-09-02T03:30:00-00:00,2022-09-01,21,ALLN_1_ALLN SOLARGNODE,ALLN_1_ALLN SOLARGNODE,ALLN_1_ALLN SOLARGNODE,RTPD,MCL,LMP_LOSS_PRC,ALLN_1_ALLN SOLARGNODE,ALL,1,-24.76428,2,4
2022-09-02T04:15:00-00:00,2022-09-02T04:30:00-00:00,2022-09-01,22,ALLN_1_ALLN SOLARGNODE,ALLN_1_ALLN SOLARGNODE,ALLN_1_ALLN SOLARGNODE,RTPD,MCL,LMP_LOSS_PRC,ALLN_1_ALLN SOLARGNODE,ALL,1,-7.39055,2,4
2022-09-02T05:15:00-00:00,2022-09-02T05:30:00-00:00,2022-09-01,23,ALLN_1_ALLN SOLARGNODE,ALLN_1_ALLN SOLARGNODE,ALLN_1_ALLN SOLARGNODE,RTPD,MCL,LMP_LOSS_PRC,ALLN_1_ALLN SOLARGNODE,ALL,1,-7.33403,2,4
2022-09-02T06:15:00-00:00,2022-09-02T06:30:00-00:00,2022-09-01,24,ALLN_1_ALLN SOLARGNODE,ALLN_1_ALLN SOLARGNODE,ALLN_1_ALLN SOLARGNODE,RTPD,MCL,LMP_LOSS_PRC,ALLN_1_ALLN SOLARGNODE,ALL,1,-6.79636,2,4
2022-09-01T07:30:00-00:00,2022-09-01T07:45:00-00:00,2022-09-01,01,ALLN_1_ALLN SOLARGNODE,ALLN_1_ALLN SOLARGNODE,ALLN_1_ALLN SOLARGNODE,RTPD,MCL,LMP_LOSS_PRC,ALLN_1_ALLN SOLARGNODE,ALL,1,0,3,4
2022-09-01T08:30:00-00:00,2022-09-01T08:45:00-00:00,2022-09-01,02,ALLN_1_ALLN SOLARGNODE,ALLN_1_ALLN SOLARGNODE,ALLN_1_ALLN SOLARGNODE,RTPD,MCL,LMP_LOSS_PRC,ALLN_1_ALLN SOLARGNODE,ALL,1,-0.34675,3,4
2022-09-01T09:30:00-00:00,2022-09-01T09:45:00-00:00,2022-09-01,03,ALLN_1_ALLN SOLARGNODE,ALLN_1_ALLN SOLARGNODE,ALLN_1_ALLN SOLARGNODE,RTPD,MCL,LMP_LOSS_PRC,ALLN_1_ALLN SOLARGNODE,ALL,1,0.97119,3,4
2022-09-01T10:30:00-00:00,2022-09-01T10:45:00-00:00,2022-09-01,04,ALLN_1_ALLN SOLARGNODE,ALLN_1_ALLN SOLARGNODE,ALLN_1_ALLN SOLARGNODE,RTPD,MCL,LMP_LOSS_PRC,ALLN_1_ALLN SOLARGNODE,ALL,1,1.02154,3,4
2022-09-01T11:30:00-00:00,2022-09-01T11:45:00-00:00,2022-09-01,05,ALLN_1_ALLN SOLARGNODE,ALLN_1_ALLN SOLARGNODE,ALLN_1_ALLN SOLARGNODE,RTPD,MCL,LMP_LOSS_PRC,ALLN_1_ALLN SOLARGNODE,ALL,1,-0.12393,3,4
2022-09-01T12:30:00-00:00,2022-09-01T12:45:00-00:00,2022-09-01,06,ALLN_1_ALLN SOLARGNODE,ALLN_1_ALLN SOLARGNODE,ALLN_1_ALLN SOLARGNODE,RTPD,MCL,LMP_LOSS_PRC,ALLN_1_ALLN SOLARGNODE,ALL,1,-0.29634,3,4
2022-09-01T13:30:00-00:00,2022-09-01T13:45:00-00:00,2022-09-01,07,ALLN_1_ALLN SOLARGNODE,ALLN_1_ALLN SOLARGNODE,ALLN_1_ALLN SOLARGNODE,RTPD,MCL,LMP_LOSS_PRC,ALLN_1_ALLN SOLARGNODE,ALL,1,-0.87063,3,4
2022-09-01T14:30:00-00:00,2022-09-01T14:45:00-00:00,2022-09-01,08,ALLN_1_ALLN SOLARGNODE,ALLN_1_ALLN SOLARGNODE,ALLN_1_ALLN SOLARGNODE,RTPD,MCL,LMP_LOSS_PRC,ALLN_1_ALLN SOLARGNODE,ALL,1,-3.95738,3,4
2022-09-01T15:30:00-00:00,2022-09-01T15:45:00-00:00,2022-09-01,09,ALLN_1_ALLN SOLARGNODE,ALLN_1_ALLN SOLARGNODE,ALLN_1_ALLN SOLARGNODE,RTPD,MCL,LMP_LOSS_PRC,ALLN_1_ALLN SOLARGNODE,ALL,1,0,3,4
2022-09-01T16:30:00-00:00,2022-09-01T16:45:00-00:00,2022-09-01,10,ALLN_1_ALLN SOLARGNODE,ALLN_1_ALLN SOLARGNODE,ALLN_1_ALLN SOLARGNODE,RTPD,MCL,LMP_LOSS_PRC,ALLN_1_ALLN SOLARGNODE,ALL,1,0,3,4
2022-09-01T17:30:00-00:00,2022-09-01T17:45:00-00:00,2022-09-01,11,ALLN_1_ALLN SOLARGNODE,ALLN_1_ALLN SOLARGNODE,ALLN_1_ALLN SOLARGNODE,RTPD,MCL,LMP_LOSS_PRC,ALLN_1_ALLN SOLARGNODE,ALL,1,0,3,4
2022-09-01T18:30:00-00:00,2022-09-01T18:45:00-00:00,2022-09-01,12,ALLN_1_ALLN SOLARGNODE,ALLN_1_ALLN SOLARGNODE,ALLN_1_ALLN SOLARGNODE,RTPD,MCL,LMP_LOSS_PRC,ALLN_1_ALLN SOLARGNODE,ALL,1,0,3,4
2022-09-01T19:30:00-00:00,2022-09-01T19:45:00-00:00,2022-09-01,13,ALLN_1_ALLN SOLARGNODE,ALLN_1_ALLN SOLARGNODE,ALLN_1_ALLN SOLARGNODE,RTPD,MCL,LMP_LOSS_PRC,ALLN_1_ALLN SOLARGNODE,ALL,1,0,3,4
2022-09-01T20:30:00-00:00,2022-09-01T20:45:00-00:00,2022-09-01,14,ALLN_1_ALLN SOLARGNODE,ALLN_1_ALLN SOLARGNODE,ALLN_1_ALLN SOLARGNODE,RTPD,MCL,LMP_LOSS_PRC,ALLN_1_ALLN SOLARGNODE,ALL,1,0,3,4
2022-09-01T21:30:00-00:00,2022-09-01T21:45:00-00:00,2022-09-01,15,ALLN_1_ALLN SOLARGNODE,ALLN_1_ALLN SOLARGNODE,ALLN_1_ALLN SOLARGNODE,RTPD,MCL,LMP_LOSS_PRC,ALLN_1_ALLN SOLARGNODE,ALL,1,0,3,4
2022-09-01T22:30:00-00:00,2022-09-01T22:45:00-00:00,2022-09-01,16,ALLN_1_ALLN SOLARGNODE,ALLN_1_ALLN SOLARGNODE,ALLN_1_ALLN SOLARGNODE,RTPD,MCL,LMP_LOSS_PRC,ALLN_1_ALLN SOLARGNODE,ALL,1,0,3,4
2022-09-01T23:30:00-00:00,2022-09-01T23:45:00-00:00,2022-09-01,17,ALLN_1_ALLN SOLARGNODE,ALLN_1_ALLN SOLARGNODE,ALLN_1_ALLN SOLARGNODE,RTPD,MCL,LMP_LOSS_PRC,ALLN_1_ALLN SOLARGNODE,ALL,1,0,3,4
2022-09-02T00:30:00-00:00,2022-09-02T00:45:00-00:00,2022-09-01,18,ALLN_1_ALLN SOLARGNODE,ALLN_1_ALLN SOLARGNODE,ALLN_1_ALLN SOLARGNODE,RTPD,MCL,LMP_LOSS_PRC,ALLN_1_ALLN SOLARGNODE,ALL,1,0,3,4
2022-09-02T01:30:00-00:00,2022-09-02T01:45:00-00:00,2022-09-01,19,ALLN_1_ALLN SOLARGNODE,ALLN_1_ALLN SOLARGNODE,ALLN_1_ALLN SOLARGNODE,RTPD,MCL,LMP_LOSS_PRC,ALLN_1_ALLN SOLARGNODE,ALL,1,0,3,4
2022-09-02T02:30:00-00:00,2022-09-02T02:45:00-00:00,2022-09-01,20,ALLN_1_ALLN SOLARGNODE,ALLN_1_ALLN SOLARGNODE,ALLN_1_ALLN SOLARGNODE,RTPD,MCL,LMP_LOSS_PRC,ALLN_1_ALLN SOLARGNODE,ALL,1,0,3,4
2022-09-02T03:30:00-00:00,2022-09-02T03:45:00-00:00,2022-09-01,21,ALLN_1_ALLN SOLARGNODE,ALLN_1_ALLN SOLARGNODE,ALLN_1_ALLN SOLARGNODE,RTPD,MCL,LMP_LOSS_PRC,ALLN_1_ALLN SOLARGNODE,ALL,1,-11.0484,3,4
2022-09-02T04:30:00-00:00,2022-09-02T04:45:00-00:00,2022-09-01,22,ALLN_1_ALLN SOLARGNODE,ALLN_1_ALLN SOLARGNODE,ALLN_1_ALLN SOLARGNODE,RTPD,MCL,LMP_LOSS_PRC,ALLN_1_ALLN SOLARGNODE,ALL,1,-5.87634,3,4
2022-09-02T05:30:00-00:00,2022-09-02T05:45:00-00:00,2022-09-01,23,ALLN_1_ALLN SOLARGNODE,ALLN_1_ALLN SOLARGNODE,ALLN_1_ALLN SOLARGNODE,RTPD,MCL,LMP_LOSS_PRC,ALLN_1_ALLN SOLARGNODE,ALL,1,-3.77617,3,4
2022-09-02T06:30:00-00:00,2022-09-02T06:45:00-00:00,2022-09-01,24,ALLN_1_ALLN SOLARGNODE,ALLN_1_ALLN SOLARGNODE,ALLN_1_ALLN SOLARGNODE,RTPD,MCL,LMP_LOSS_PRC,ALLN_1_ALLN SOLARGNODE,ALL,1,-4.62492,3,4
2022-09-01T07:45:00-00:00,2022-09-01T08:00:00-00:00,2022-09-01,01,ALLN_1_ALLN SOLARGNODE,ALLN_1_ALLN SOLARGNODE,ALLN_1_ALLN SOLARGNODE,RTPD,MCL,LMP_LOSS_PRC,ALLN_1_ALLN SOLARGNODE,ALL,1,0,4,4
2022-09-01T08:45:00-00:00,2022-09-01T09:00:00-00:00,2022-09-01,02,ALLN_1_ALLN SOLARGNODE,ALLN_1_ALLN SOLARGNODE,ALLN_1_ALLN SOLARGNODE,RTPD,MCL,LMP_LOSS_PRC,ALLN_1_ALLN SOLARGNODE,ALL,1,0.36935,4,4
2022-09-01T09:45:00-00:00,2022-09-01T10:00:00-00:00,2022-09-01,03,ALLN_1_ALLN SOLARGNODE,ALLN_1_ALLN SOLARGNODE,ALLN_1_ALLN SOLARGNODE,RTPD,MCL,LMP_LOSS_PRC,ALLN_1_ALLN SOLARGNODE,ALL,1,1.06514,4,4
2022-09-01T10:45:00-00:00,2022-09-01T11:00:00-00:00,2022-09-01,04,ALLN_1_ALLN SOLARGNODE,ALLN_1_ALLN SOLARGNODE,ALLN_1_ALLN SOLARGNODE,RTPD,MCL,LMP_LOSS_PRC,ALLN_1_ALLN SOLARGNODE,ALL,1,1.25813,4,4
2022-09-01T11:45:00-00:00,2022-09-01T12:00:00-00:00,2022-09-01,05,ALLN_1_ALLN SOLARGNODE,ALLN_1_ALLN SOLARGNODE,ALLN_1_ALLN SOLARGNODE,RTPD,MCL,LMP_LOSS_PRC,ALLN_1_ALLN SOLARGNODE,ALL,1,0,4,4
2022-09-01T12:45:00-00:00,2022-09-01T13:00:00-00:00,2022-09-01,06,ALLN_1_ALLN SOLARGNODE,ALLN_1_ALLN SOLARGNODE,ALLN_1_ALLN SOLARGNODE,RTPD,MCL,LMP_LOSS_PRC,ALLN_1_ALLN SOLARGNODE,ALL,1,0,4,4
2022-09-01T13:45:00-00:00,2022-09-01T14:00:00-00:00,2022-09-01,07,ALLN_1_ALLN SOLARGNODE,ALLN_1_ALLN SOLARGNODE,ALLN_1_ALLN SOLARGNODE,RTPD,MCL,LMP_LOSS_PRC,ALLN_1_ALLN SOLARGNODE,ALL,1,0,4,4
2022-09-01T14:45:00-00:00,2022-09-01T15:00:00-00:00,2022-09-01,08,ALLN_1_ALLN SOLARGNODE,ALLN_1_ALLN SOLARGNODE,ALLN_1_ALLN SOLARGNODE,RTPD,MCL,LMP_LOSS_PRC,ALLN_1_ALLN SOLARGNODE,ALL,1,0,4,4
2022-09-01T15:45:00-00:00,2022-09-01T16:00:00-00:00,2022-09-01,09,ALLN_1_ALLN SOLARGNODE,ALLN_1_ALLN SOLARGNODE,ALLN_1_ALLN SOLARGNODE,RTPD,MCL,LMP_LOSS_PRC,ALLN_1_ALLN SOLARGNODE,ALL,1,0,4,4
2022-09-01T16:45:00-00:00,2022-09-01T17:00:00-00:00,2022-09-01,10,ALLN_1_ALLN SOLARGNODE,ALLN_1_ALLN SOLARGNODE,ALLN_1_ALLN SOLARGNODE,RTPD,MCL,LMP_LOSS_PRC,ALLN_1_ALLN SOLARGNODE,ALL,1,0,4,4
2022-09-01T17:45:00-00:00,2022-09-01T18:00:00-00:00,2022-09-01,11,ALLN_1_ALLN SOLARGNODE,ALLN_1_ALLN SOLARGNODE,ALLN_1_ALLN SOLARGNODE,RTPD,MCL,LMP_LOSS_PRC,ALLN_1_ALLN SOLARGNODE,ALL,1,0,4,4
2022-09-01T18:45:00-00:00,2022-09-01T19:00:00-00:00,2022-09-01,12,ALLN_1_ALLN SOLARGNODE,ALLN_1_ALLN SOLARGNODE,ALLN_1_ALLN SOLARGNODE,RTPD,MCL,LMP_LOSS_PRC,ALLN_1_ALLN SOLARGNODE,ALL,1,0,4,4
2022-09-01T19:45:00-00:00,2022-09-01T20:00:00-00:00,2022-09-01,13,ALLN_1_ALLN SOLARGNODE,ALLN_1_ALLN SOLARGNODE,ALLN_1_ALLN SOLARGNODE,RTPD,MCL,LMP_LOSS_PRC,ALLN_1_ALLN SOLARGNODE,ALL,1,0,4,4
2022-09-01T20:45:00-00:00,2022-09-01T21:00:00-00:00,2022-09-01,14,ALLN_1_ALLN SOLARGNODE,ALLN_1_ALLN SOLARGNODE,ALLN_1_ALLN SOLARGNODE,RTPD,MCL,LMP_LOSS_PRC,ALLN_1_ALLN SOLARGNODE,ALL,1,0,4,4
2022-09-01T21:45:00-00:00,2022-09-01T22:00:00-00:00,2022-09-01,15,ALLN_1_ALLN SOLARGNODE,ALLN_1_ALLN SOLARGNODE,ALLN_1_ALLN SOLARGNODE,RTPD,MCL,LMP_LOSS_PRC,ALLN_1_ALLN SOLARGNODE,ALL,1,0,4,4
2022-09-01T22:45:00-00:00,2022-09-01T23:00:00-00:00,2022-09-01,16,ALLN_1_ALLN SOLARGNODE,ALLN_1_ALLN SOLARGNODE,ALLN_1_ALLN SOLARGNODE,RTPD,MCL,LMP_LOSS_PRC,ALLN_1_ALLN SOLARGNODE,ALL,1,0,4,4
2022-09-01T23:45:00-00:00,2022-09-02T00:00:00-00:00,2022-09-01,17,ALLN_1_ALLN SOLARGNODE,ALLN_1_ALLN SOLARGNODE,ALLN_1_ALLN SOLARGNODE,RTPD,MCL,LMP_LOSS_PRC,ALLN_1_ALLN SOLARGNODE,ALL,1,0,4,4
2022-09-02T00:45:00-00:00,2022-09-02T01:00:00-00:00,2022-09-01,18,ALLN_1_ALLN SOLARGNODE,ALLN_1_ALLN SOLARGNODE,ALLN_1_ALLN SOLARGNODE,RTPD,MCL,LMP_LOSS_PRC,ALLN_1_ALLN SOLARGNODE,ALL,1,0,4,4
2022-09-02T01:45:00-00:00,2022-09-02T02:00:00-00:00,2022-09-01,19,ALLN_1_ALLN SOLARGNODE,ALLN_1_ALLN SOLARGNODE,ALLN_1_ALLN SOLARGNODE,RTPD,MCL,LMP_LOSS_PRC,ALLN_1_ALLN SOLARGNODE,ALL,1,0,4,4
2022-09-02T02:45:00-00:00,2022-09-02T03:00:00-00:00,2022-09-01,20,ALLN_1_ALLN SOLARGNODE,ALLN_1_ALLN SOLARGNODE,ALLN_1_ALLN SOLARGNODE,RTPD,MCL,LMP_LOSS_PRC,ALLN_1_ALLN SOLARGNODE,ALL,1,-107.77512,4,4
2022-09-02T03:45:00-00:00,2022-09-02T04:00:00-00:00,2022-09-01,21,ALLN_1_ALLN SOLARGNODE,ALLN_1_ALLN SOLARGNODE,ALLN_1_ALLN SOLARGNODE,RTPD,MCL,LMP_LOSS_PRC,ALLN_1_ALLN SOLARGNODE,ALL,1,-5.11169,4,4
2022-09-02T04:45:00-00:00,2022-09-02T05:00:00-00:00,2022-09-01,22,ALLN_1_ALLN SOLARGNODE,ALLN_1_ALLN SOLARGNODE,ALLN_1_ALLN SOLARGNODE,RTPD,MCL,LMP_LOSS_PRC,ALLN_1_ALLN SOLARGNODE,ALL,1,-4.93515,4,4
2022-09-02T05:45:00-00:00,2022-09-02T06:00:00-00:00,2022-09-01,23,ALLN_1_ALLN SOLARGNODE,ALLN_1_ALLN SOLARGNODE,ALLN_1_ALLN SOLARGNODE,RTPD,MCL,LMP_LOSS_PRC,ALLN_1_ALLN SOLARGNODE,ALL,1,-2.60549,4,4
2022-09-02T06:45:00-00:00,2022-09-02T07:00:00-00:00,2022-09-01,24,ALLN_1_ALLN SOLARGNODE,ALLN_1_ALLN SOLARGNODE,ALLN_1_ALLN SOLARGNODE,RTPD,MCL,LMP_LOSS_PRC,ALLN_1_ALLN SOLARGNODE,ALL,1,-2.58112,4,4
2022-09-01T07:00:00-00:00,2022-09-01T07:15:00-00:00,2022-09-01,01,ALLN_1_ALLN SOLARGNODE,ALLN_1_ALLN SOLARGNODE,ALLN_1_ALLN SOLARGNODE,RTPD,MGHG,LMP_GHG_PRC,ALLN_1_ALLN SOLARGNODE,ALL,1,-11.45,1,5
2022-09-01T08:00:00-00:00,2022-09-01T08:15:00-00:00,2022-09-01,02,ALLN_1_ALLN SOLARGNODE,ALLN_1_ALLN SOLARGNODE,ALLN_1_ALLN SOLARGNODE,RTPD,MGHG,LMP_GHG_PRC,ALLN_1_ALLN SOLARGNODE,ALL,1,-14.13,1,5
2022-09-01T09:00:00-00:00,2022-09-01T09:15:00-00:00,2022-09-01,03,ALLN_1_ALLN SOLARGNODE,ALLN_1_ALLN SOLARGNODE,ALLN_1_ALLN SOLARGNODE,RTPD,MGHG,LMP_GHG_PRC,ALLN_1_ALLN SOLARGNODE,ALL,1,-12.17178,1,5
2022-09-01T10:00:00-00:00,2022-09-01T10:15:00-00:00,2022-09-01,04,ALLN_1_ALLN SOLARGNODE,ALLN_1_ALLN SOLARGNODE,ALLN_1_ALLN SOLARGNODE,RTPD,MGHG,LMP_GHG_PRC,ALLN_1_ALLN SOLARGNODE,ALL,1,-13.55,1,5
2022-09-01T11:00:00-00:00,2022-09-01T11:15:00-00:00,2022-09-01,05,ALLN_1_ALLN SOLARGNODE,ALLN_1_ALLN SOLARGNODE,ALLN_1_ALLN SOLARGNODE,RTPD,MGHG,LMP_GHG_PRC,ALLN_1_ALLN SOLARGNODE,ALL,1,-13.55,1,5
2022-09-01T12:00:00-00:00,2022-09-01T12:15:00-00:00,2022-09-01,06,ALLN_1_ALLN SOLARGNODE,ALLN_1_ALLN SOLARGNODE,ALLN_1_ALLN SOLARGNODE,RTPD,MGHG,LMP_GHG_PRC,ALLN_1_ALLN SOLARGNODE,ALL,1,-13.71725,1,5
2022-09-01T13:00:00-00:00,2022-09-01T13:15:00-00:00,2022-09-01,07,ALLN_1_ALLN SOLARGNODE,ALLN_1_ALLN SOLARGNODE,ALLN_1_ALLN SOLARGNODE,RTPD,MGHG,LMP_GHG_PRC,ALLN_1_ALLN SOLARGNODE,ALL,1,-15,1,5
2022-09-01T14:00:00-00:00,2022-09-01T14:15:00-00:00,2022-09-01,08,ALLN_1_ALLN SOLARGNODE,ALLN_1_ALLN SOLARGNODE,ALLN_1_ALLN SOLARGNODE,RTPD,MGHG,LMP_GHG_PRC,ALLN_1_ALLN SOLARGNODE,ALL,1,-15.61,1,5
2022-09-01T15:00:00-00:00,2022-09-01T15:15:00-00:00,2022-09-01,09,ALLN_1_ALLN SOLARGNODE,ALLN_1_ALLN SOLARGNODE,ALLN_1_ALLN SOLARGNODE,RTPD,MGHG,LMP_GHG_PRC,ALLN_1_ALLN SOLARGNODE,ALL,1,-12.7,1,5
2022-09-01T16:00:00-00:00,2022-09-01T16:15:00-00:00,2022-09-01,10,ALLN_1_ALLN SOLARGNODE,ALLN_1_ALLN SOLARGNODE,ALLN_1_ALLN SOLARGNODE,RTPD,MGHG,LMP_GHG_PRC,ALLN_1_ALLN SOLARGNODE,ALL,1,-14.1,1,5
2022-09-01T17:00:00-00:00,2022-09-01T17:15:00-00:00,2022-09-01,11,ALLN_1_ALLN SOLARGNODE,ALLN_1_ALLN SOLARGNODE,ALLN_1_ALLN SOLARGNODE,RTPD,MGHG,LMP_GHG_PRC,ALLN_1_ALLN SOLARGNODE,ALL,1,-11.63,1,5
2022-09-01T18:00:00-00:00,2022-09-01T18:15:00-00:00,2022-09-01,12,ALLN_1_ALLN SOLARGNODE,ALLN_1_ALLN SOLARGNODE,ALLN_1_ALLN SOLARGNODE,RTPD,MGHG,LMP_GHG_PRC,ALLN_1_ALLN SOLARGNODE,ALL,1,-13.98,1,5
2022-09-01T19:00:00-00:00,2022-09-01T19:15:00-00:00,2022-09-01,13,ALLN_1_ALLN SOLARGNODE,ALLN_1_ALLN SOLARGNODE,ALLN_1_ALLN SOLARGNODE,RTPD,MGHG,LMP_GHG_PRC,ALLN_1_ALLN SOLARGNODE,ALL,1,-14.15,1,5
2022-09-01T20:00:00-00:00,2022-09-01T20:15:00-00:00,2022-09-01,14,ALLN_1_ALLN SOLARGNODE,ALLN_1_ALLN SOLARGNODE,ALLN_1_ALLN SOLARGNODE,RTPD,MGHG,LMP_GHG_PRC,ALLN_1_ALLN SOLARGNODE,ALL,1,-26.16,1,5
2022-09-01T21:00:00-00:00,2022-09-01T21:15:00-00:00,2022-09-01,15,ALLN_1_ALLN SOLARGNODE,ALLN_1_ALLN SOLARGNODE,ALLN_1_ALLN SOLARGNODE,RTPD,MGHG,LMP_GHG_PRC,ALLN_1_ALLN SOLARGNODE,ALL,1,-15,1,5
2022-09-01T22:00:00-00:00,2022-09-01T22:15:00-00:00,2022-09-01,16,ALLN_1_ALLN SOLARGNODE,ALLN_1_ALLN SOLARGNODE,ALLN_1_ALLN SOLARGNODE,RTPD,MGHG,LMP_GHG_PRC,ALLN_1_ALLN SOLARGNODE,ALL,1,-17.36,1,5
2022-09-01T23:00:00-00:00,2022-09-01T23:15:00-00:00,2022-09-01,17,ALLN_1_ALLN SOLARGNODE,ALLN_1_ALLN SOLARGNODE,ALLN_1_ALLN SOLARGNODE,RTPD,MGHG,LMP_GHG_PRC,ALLN_1_ALLN SOLARGNODE,ALL,1,-26.16,1,5
2022-09-02T00:00:00-00:00,2022-09-02T00:15:00-00:00,2022-09-01,18,ALLN_1_ALLN SOLARGNODE,ALLN_1_ALLN SOLARGNODE,ALLN_1_ALLN SOLARGNODE,RTPD,MGHG,LMP_GHG_PRC,ALLN_1_ALLN SOLARGNODE,ALL,1,-28.21,1,5
2022-09-02T01:00:00-00:00,2022-09-02T01:15:00-00:00,2022-09-01,19,ALLN_1_ALLN SOLARGNODE,ALLN_1_ALLN SOLARGNODE,ALLN_1_ALLN SOLARGNODE,RTPD,MGHG,LMP_GHG_PRC,ALLN_1_ALLN SOLARGNODE,ALL,1,-24.91,1,5
2022-09-02T02:00:00-00:00,2022-09-02T02:15:00-00:00,2022-09-01,20,ALLN_1_ALLN SOLARGNODE,ALLN_1_ALLN SOLARGNODE,ALLN_1_ALLN SOLARGNODE,RTPD,MGHG,LMP_GHG_PRC,ALLN_1_ALLN SOLARGNODE,ALL,1,-15.61,1,5
2022-09-02T03:00:00-00:00,2022-09-02T03:15:00-00:00,2022-09-01,21,ALLN_1_ALLN SOLARGNODE,ALLN_1_ALLN SOLARGNODE,ALLN_1_ALLN SOLARGNODE,RTPD,MGHG,LMP_GHG_PRC,ALLN_1_ALLN SOLARGNODE,ALL,1,-11.89,1,5
2022-09-02T04:00:00-00:00,2022-09-02T04:15:00-00:00,2022-09-01,22,ALLN_1_ALLN SOLARGNODE,ALLN_1_ALLN SOLARGNODE,ALLN_1_ALLN SOLARGNODE,RTPD,MGHG,LMP_GHG_PRC,ALLN_1_ALLN SOLARGNODE,ALL,1,-14.75,1,5
2022-09-02T05:00:00-00:00,2022-09-02T05:15:00-00:00,2022-09-01,23,ALLN_1_ALLN SOLARGNODE,ALLN_1_ALLN SOLARGNODE,ALLN_1_ALLN SOLARGNODE,RTPD,MGHG,LMP_GHG_PRC,ALLN_1_ALLN SOLARGNODE,ALL,1,-9.52,1,5
2022-09-02T06:00:00-00:00,2022-09-02T06:15:00-00:00,2022-09-01,24,ALLN_1_ALLN SOLARGNODE,ALLN_1_ALLN SOLARGNODE,ALLN_1_ALLN SOLARGNODE,RTPD,MGHG,LMP_GHG_PRC,ALLN_1_ALLN SOLARGNODE,ALL,1,-11.63,1,5
2022-09-01T07:15:00-00:00,2022-09-01T07:30:00-00:00,2022-09-01,01,ALLN_1_ALLN SOLARGNODE,ALLN_1_ALLN SOLARGNODE,ALLN_1_ALLN SOLARGNODE,RTPD,MGHG,LMP_GHG_PRC,ALLN_1_ALLN SOLARGNODE,ALL,1,-13.76,2,5
2022-09-01T08:15:00-00:00,2022-09-01T08:30:00-00:00,2022-09-01,02,ALLN_1_ALLN SOLARGNODE,ALLN_1_ALLN SOLARGNODE,ALLN_1_ALLN SOLARGNODE,RTPD,MGHG,LMP_GHG_PRC,ALLN_1_ALLN SOLARGNODE,ALL,1,-14.75,2,5
2022-09-01T09:15:00-00:00,2022-09-01T09:30:00-00:00,2022-09-01,03,ALLN_1_ALLN SOLARGNODE,ALLN_1_ALLN SOLARGNODE,ALLN_1_ALLN SOLARGNODE,RTPD,MGHG,LMP_GHG_PRC,ALLN_1_ALLN SOLARGNODE,ALL,1,-12.19,2,5
2022-09-01T10:15:00-00:00,2022-09-01T10:30:00-00:00,2022-09-01,04,ALLN_1_ALLN SOLARGNODE,ALLN_1_ALLN SOLARGNODE,ALLN_1_ALLN SOLARGNODE,RTPD,MGHG,LMP_GHG_PRC,ALLN_1_ALLN SOLARGNODE,ALL,1,-13.98,2,5
2022-09-01T11:15:00-00:00,2022-09-01T11:30:00-00:00,2022-09-01,05,ALLN_1_ALLN SOLARGNODE,ALLN_1_ALLN SOLARGNODE,ALLN_1_ALLN SOLARGNODE,RTPD,MGHG,LMP_GHG_PRC,ALLN_1_ALLN SOLARGNODE,ALL,1,-13.98,2,5
2022-09-01T12:15:00-00:00,2022-09-01T12:30:00-00:00,2022-09-01,06,ALLN_1_ALLN SOLARGNODE,ALLN_1_ALLN SOLARGNODE,ALLN_1_ALLN SOLARGNODE,RTPD,MGHG,LMP_GHG_PRC,ALLN_1_ALLN SOLARGNODE,ALL,1,-14.79,2,5
2022-09-01T13:15:00-00:00,2022-09-01T13:30:00-00:00,2022-09-01,07,ALLN_1_ALLN SOLARGNODE,ALLN_1_ALLN SOLARGNODE,ALLN_1_ALLN SOLARGNODE,RTPD,MGHG,LMP_GHG_PRC,ALLN_1_ALLN SOLARGNODE,ALL,1,-15,2,5
2022-09-01T14:15:00-00:00,2022-09-01T14:30:00-00:00,2022-09-01,08,ALLN_1_ALLN SOLARGNODE,ALLN_1_ALLN SOLARGNODE,ALLN_1_ALLN SOLARGNODE,RTPD,MGHG,LMP_GHG_PRC,ALLN_1_ALLN SOLARGNODE,ALL,1,-14.22559,2,5
2022-09-01T15:15:00-00:00,2022-09-01T15:30:00-00:00,2022-09-01,09,ALLN_1_ALLN SOLARGNODE,ALLN_1_ALLN SOLARGNODE,ALLN_1_ALLN SOLARGNODE,RTPD,MGHG,LMP_GHG_PRC,ALLN_1_ALLN SOLARGNODE,ALL,1,-12.7,2,5
2022-09-01T16:15:00-00:00,2022-09-01T16:30:00-00:00,2022-09-01,10,ALLN_1_ALLN SOLARGNODE,ALLN_1_ALLN SOLARGNODE,ALLN_1_ALLN SOLARGNODE,RTPD,MGHG,LMP_GHG_PRC,ALLN_1_ALLN SOLARGNODE,ALL,1,-13.34161,2,5
2022-09-01T17:15:00-00:00,2022-09-01T17:30:00-00:00,2022-09-01,11,ALLN_1_ALLN SOLARGNODE,ALLN_1_ALLN SOLARGNODE,ALLN_1_ALLN SOLARGNODE,RTPD,MGHG,LMP_GHG_PRC,ALLN_1_ALLN SOLARGNODE,ALL,1,-11.89,2,5
2022-09-01T18:15:00-00:00,2022-09-01T18:30:00-00:00,2022-09-01,12,ALLN_1_ALLN SOLARGNODE,ALLN_1_ALLN SOLARGNODE,ALLN_1_ALLN SOLARGNODE,RTPD,MGHG,LMP_GHG_PRC,ALLN_1_ALLN SOLARGNODE,ALL,1,-14.79,2,5
2022-09-01T19:15:00-00:00,2022-09-01T19:30:00-00:00,2022-09-01,13,ALLN_1_ALLN SOLARGNODE,ALLN_1_ALLN SOLARGNODE,ALLN_1_ALLN SOLARGNODE,RTPD,MGHG,LMP_GHG_PRC,ALLN_1_ALLN SOLARGNODE,ALL,1,-14.79,2,5
2022-09-01T20:15:00-00:00,2022-09-01T20:30:00-00:00,2022-09-01,14,ALLN_1_ALLN SOLARGNODE,ALLN_1_ALLN SOLARGNODE,ALLN_1_ALLN SOLARGNODE,RTPD,MGHG,LMP_GHG_PRC,ALLN_1_ALLN SOLARGNODE,ALL,1,-18.59,2,5
2022-09-01T21:15:00-00:00,2022-09-01T21:30:00-00:00,2022-09-01,15,ALLN_1_ALLN SOLARGNODE,ALLN_1_ALLN SOLARGNODE,ALLN_1_ALLN SOLARGNODE,RTPD,MGHG,LMP_GHG_PRC,ALLN_1_ALLN SOLARGNODE,ALL,1,-15.41,2,5
2022-09-01T22:15:00-00:00,2022-09-01T22:30:00-00:00,2022-09-01,16,ALLN_1_ALLN SOLARGNODE,ALLN_1_ALLN SOLARGNODE,ALLN_1_ALLN SOLARGNODE,RTPD,MGHG,LMP_GHG_PRC,ALLN_1_ALLN SOLARGNODE,ALL,1,-19.44814,2,5
2022-09-01T23:15:00-00:00,2022-09-01T23:30:00-00:00,2022-09-01,17,ALLN_1_ALLN SOLARGNODE,ALLN_1_ALLN SOLARGNODE,ALLN_1_ALLN SOLARGNODE,RTPD,MGHG,LMP_GHG_PRC,ALLN_1_ALLN SOLARGNODE,ALL,1,-26.16,2,5
2022-09-02T00:15:00-00:00,2022-09-02T00:30:00-00:00,2022-09-01,18,ALLN_1_ALLN SOLARGNODE,ALLN_1_ALLN SOLARGNODE,ALLN_1_ALLN SOLARGNODE,RTPD,MGHG,LMP_GHG_PRC,ALLN_1_ALLN SOLARGNODE,ALL,1,-24.91,2,5
2022-09-02T01:15:00-00:00,2022-09-02T01:30:00-00:00,2022-09-01,19,ALLN_1_ALLN SOLARGNODE,ALLN_1_ALLN SOLARGNODE,ALLN_1_ALLN SOLARGNODE,RTPD,MGHG,LMP_GHG_PRC,ALLN_1_ALLN SOLARGNODE,ALL,1,-18.59,2,5
2022-09-02T02:15:00-00:00,2022-09-02T02:30:00-00:00,2022-09-01,20,ALLN_1_ALLN SOLARGNODE,ALLN_1_ALLN SOLARGNODE,ALLN_1_ALLN SOLARGNODE,RTPD,MGHG,LMP_GHG_PRC,ALLN_1_ALLN SOLARGNODE,ALL,1,-17.16,2,5
2022-09-02T03:15:00-00:00,2022-09-02T03:30:00-00:00,2022-09-01,21,ALLN_1_ALLN SOLARGNODE,ALLN_1_ALLN SOLARGNODE,ALLN_1_ALLN SOLARGNODE,RTPD,MGHG,LMP_GHG_PRC,ALLN_1_ALLN SOLARGNODE,ALL,1,-14.79,2,5
2022-09-02T04:15:00-00:00,2022-09-02T04:30:00-00:00,2022-09-01,22,ALLN_1_ALLN SOLARGNODE,ALLN_1_ALLN SOLARGNODE,ALLN_1_ALLN SOLARGNODE,RTPD,MGHG,LMP_GHG_PRC,ALLN_1_ALLN SOLARGNODE,ALL,1,-14.79,2,5
2022-09-02T05:15:00-00:00,2022-09-02T05:30:00-00:00,2022-09-01,23,ALLN_1_ALLN SOLARGNODE,ALLN_1_ALLN SOLARGNODE,ALLN_1_ALLN SOLARGNODE,RTPD,MGHG,LMP_GHG_PRC,ALLN_1_ALLN SOLARGNODE,ALL,1,-11.89,2,5
2022-09-02T06:15:00-00:00,2022-09-02T06:30:00-00:00,2022-09-01,24,ALLN_1_ALLN SOLARGNODE,ALLN_1_ALLN SOLARGNODE,ALLN_1_ALLN SOLARGNODE,RTPD,MGHG,LMP_GHG_PRC,ALLN_1_ALLN SOLARGNODE,ALL,1,-11.13,2,5
2022-09-01T07:30:00-00:00,2022-09-01T07:45:00-00:00,2022-09-01,01,ALLN_1_ALLN SOLARGNODE,ALLN_1_ALLN SOLARGNODE,ALLN_1_ALLN SOLARGNODE,RTPD,MGHG,LMP_GHG_PRC,ALLN_1_ALLN SOLARGNODE,ALL,1,-14.46,3,5
2022-09-01T08:30:00-00:00,2022-09-01T08:45:00-00:00,2022-09-01,02,ALLN_1_ALLN SOLARGNODE,ALLN_1_ALLN SOLARGNODE,ALLN_1_ALLN SOLARGNODE,RTPD,MGHG,LMP_GHG_PRC,ALLN_1_ALLN SOLARGNODE,ALL,1,-14.79,3,5
2022-09-01T09:30:00-00:00,2022-09-01T09:45:00-00:00,2022-09-01,03,ALLN_1_ALLN SOLARGNODE,ALLN_1_ALLN SOLARGNODE,ALLN_1_ALLN SOLARGNODE,RTPD,MGHG,LMP_GHG_PRC,ALLN_1_ALLN SOLARGNODE,ALL,1,-12.97,3,5
2022-09-01T10:30:00-00:00,2022-09-01T10:45:00-00:00,2022-09-01,04,ALLN_1_ALLN SOLARGNODE,ALLN_1_ALLN SOLARGNODE,ALLN_1_ALLN SOLARGNODE,RTPD,MGHG,LMP_GHG_PRC,ALLN_1_ALLN SOLARGNODE,ALL,1,-13.98,3,5
2022-09-01T11:30:00-00:00,2022-09-01T11:45:00-00:00,2022-09-01,05,ALLN_1_ALLN SOLARGNODE,ALLN_1_ALLN SOLARGNODE,ALLN_1_ALLN SOLARGNODE,RTPD,MGHG,LMP_GHG_PRC,ALLN_1_ALLN SOLARGNODE,ALL,1,-14.53398,3,5
2022-09-01T12:30:00-00:00,2022-09-01T12:45:00-00:00,2022-09-01,06,ALLN_1_ALLN SOLARGNODE,ALLN_1_ALLN SOLARGNODE,ALLN_1_ALLN SOLARGNODE,RTPD,MGHG,LMP_GHG_PRC,ALLN_1_ALLN SOLARGNODE,ALL,1,-14.79,3,5
2022-09-01T13:30:00-00:00,2022-09-01T13:45:00-00:00,2022-09-01,07,ALLN_1_ALLN SOLARGNODE,ALLN_1_ALLN SOLARGNODE,ALLN_1_ALLN SOLARGNODE,RTPD,MGHG,LMP_GHG_PRC,ALLN_1_ALLN SOLARGNODE,ALL,1,-15.84217,3,5
2022-09-01T14:30:00-00:00,2022-09-01T14:45:00-00:00,2022-09-01,08,ALLN_1_ALLN SOLARGNODE,ALLN_1_ALLN SOLARGNODE,ALLN_1_ALLN SOLARGNODE,RTPD,MGHG,LMP_GHG_PRC,ALLN_1_ALLN SOLARGNODE,ALL,1,-12.7,3,5
2022-09-01T15:30:00-00:00,2022-09-01T15:45:00-00:00,2022-09-01,09,ALLN_1_ALLN SOLARGNODE,ALLN_1_ALLN SOLARGNODE,ALLN_1_ALLN SOLARGNODE,RTPD,MGHG,LMP_GHG_PRC,ALLN_1_ALLN SOLARGNODE,ALL,1,-12.05,3,5
2022-09-01T16:30:00-00:00,2022-09-01T16:45:00-00:00,2022-09-01,10,ALLN_1_ALLN SOLARGNODE,ALLN_1_ALLN SOLARGNODE,ALLN_1_ALLN SOLARGNODE,RTPD,MGHG,LMP_GHG_PRC,ALLN_1_ALLN SOLARGNODE,ALL,1,-11.13,3,5
2022-09-01T17:30:00-00:00,2022-09-01T17:45:00-00:00,2022-09-01,11,ALLN_1_ALLN SOLARGNODE,ALLN_1_ALLN SOLARGNODE,ALLN_1_ALLN SOLARGNODE,RTPD,MGHG,LMP_GHG_PRC,ALLN_1_ALLN SOLARGNODE,ALL,1,-11.63,3,5
2022-09-01T18:30:00-00:00,2022-09-01T18:45:00-00:00,2022-09-01,12,ALLN_1_ALLN SOLARGNODE,ALLN_1_ALLN SOLARGNODE,ALLN_1_ALLN SOLARGNODE,RTPD,MGHG,LMP_GHG_PRC,ALLN_1_ALLN SOLARGNODE,ALL,1,-14.37982,3,5
2022-09-01T19:30:00-00:00,2022-09-01T19:45:00-00:00,2022-09-01,13,ALLN_1_ALLN SOLARGNODE,ALLN_1_ALLN SOLARGNODE,ALLN_1_ALLN SOLARGNODE,RTPD,MGHG,LMP_GHG_PRC,ALLN_1_ALLN SOLARGNODE,ALL,1,-14.79,3,5
2022-09-01T20:30:00-00:00,2022-09-01T20:45:00-00:00,2022-09-01,14,ALLN_1_ALLN SOLARGNODE,ALLN_1_ALLN SOLARGNODE,ALLN_1_ALLN SOLARGNODE,RTPD,MGHG,LMP_GHG_PRC,ALLN_1_ALLN SOLARGNODE,ALL,1,-19.37,3,5
2022-09-01T21:30:00-00:00,2022-09-01T21:45:00-00:00,2022-09-01,15,ALLN_1_ALLN SOLARGNODE,ALLN_1_ALLN SOLARGNODE,ALLN_1_ALLN SOLARGNODE,RTPD,MGHG,LMP_GHG_PRC,ALLN_1_ALLN SOLARGNODE,ALL,1,-14.79,3,5
2022-09-01T22:30:00-00:00,2022-09-01T22:45:00-00:00,2022-09-01,16,ALLN_1_ALLN SOLARGNODE,ALLN_1_ALLN SOLARGNODE,ALLN_1_ALLN SOLARGNODE,RTPD,MGHG,LMP_GHG_PRC,ALLN_1_ALLN SOLARGNODE,ALL,1,-17.77,3,5
2022-09-01T23:30:00-00:00,2022-09-01T23:45:00-00:00,2022-09-01,17,ALLN_1_ALLN SOLARGNODE,ALLN_1_ALLN SOLARGNODE,ALLN_1_ALLN SOLARGNODE,RTPD,MGHG,LMP_GHG_PRC,ALLN_1_ALLN SOLARGNODE,ALL,1,-26.16,3,5
2022-09-02T00:30:00-00:00,2022-09-02T00:45:00-00:00,2022-09-01,18,ALLN_1_ALLN SOLARGNODE,ALLN_1_ALLN SOLARGNODE,ALLN_1_ALLN SOLARGNODE,RTPD,MGHG,LMP_GHG_PRC,ALLN_1_ALLN SOLARGNODE,ALL,1,-29.51,3,5
2022-09-02T01:30:00-00:00,2022-09-02T01:45:00-00:00,2022-09-01,19,ALLN_1_ALLN SOLARGNODE,ALLN_1_ALLN SOLARGNODE,ALLN_1_ALLN SOLARGNODE,RTPD,MGHG,LMP_GHG_PRC,ALLN_1_ALLN SOLARGNODE,ALL,1,-18.59,3,5
2022-09-02T02:30:00-00:00,2022-09-02T02:45:00-00:00,2022-09-01,20,ALLN_1_ALLN SOLARGNODE,ALLN_1_ALLN SOLARGNODE,ALLN_1_ALLN SOLARGNODE,RTPD,MGHG,LMP_GHG_PRC,ALLN_1_ALLN SOLARGNODE,ALL,1,-25.88,3,5
2022-09-02T03:30:00-00:00,2022-09-02T03:45:00-00:00,2022-09-01,21,ALLN_1_ALLN SOLARGNODE,ALLN_1_ALLN SOLARGNODE,ALLN_1_ALLN SOLARGNODE,RTPD,MGHG,LMP_GHG_PRC,ALLN_1_ALLN SOLARGNODE,ALL,1,-14.79,3,5
2022-09-02T04:30:00-00:00,2022-09-02T04:45:00-00:00,2022-09-01,22,ALLN_1_ALLN SOLARGNODE,ALLN_1_ALLN SOLARGNODE,ALLN_1_ALLN SOLARGNODE,RTPD,MGHG,LMP_GHG_PRC,ALLN_1_ALLN SOLARGNODE,ALL,1,-15.61,3,5
2022-09-02T05:30:00-00:00,2022-09-02T05:45:00-00:00,2022-09-01,23,ALLN_1_ALLN SOLARGNODE,ALLN_1_ALLN SOLARGNODE,ALLN_1_ALLN SOLARGNODE,RTPD,MGHG,LMP_GHG_PRC,ALLN_1_ALLN SOLARGNODE,ALL,1,-14.79,3,5
2022-09-02T06:30:00-00:00,2022-09-02T06:45:00-00:00,2022-09-01,24,ALLN_1_ALLN SOLARGNODE,ALLN_1_ALLN SOLARGNODE,ALLN_1_ALLN SOLARGNODE,RTPD,MGHG,LMP_GHG_PRC,ALLN_1_ALLN SOLARGNODE,ALL,1,-14.79,3,5
2022-09-01T07:45:00-00:00,2022-09-01T08:00:00-00:00,2022-09-01,01,ALLN_1_ALLN SOLARGNODE,ALLN_1_ALLN SOLARGNODE,ALLN_1_ALLN SOLARGNODE,RTPD,MGHG,LMP_GHG_PRC,ALLN_1_ALLN SOLARGNODE,ALL,1,-14,4,5
2022-09-01T08:45:00-00:00,2022-09-01T09:00:00-00:00,2022-09-01,02,ALLN_1_ALLN SOLARGNODE,ALLN_1_ALLN SOLARGNODE,ALLN_1_ALLN SOLARGNODE,RTPD,MGHG,LMP_GHG_PRC,ALLN_1_ALLN SOLARGNODE,ALL,1,-14.79,4,5
2022-09-01T09:45:00-00:00,2022-09-01T10:00:00-00:00,2022-09-01,03,ALLN_1_ALLN SOLARGNODE,ALLN_1_ALLN SOLARGNODE,ALLN_1_ALLN SOLARGNODE,RTPD,MGHG,LMP_GHG_PRC,ALLN_1_ALLN SOLARGNODE,ALL,1,-12.97,4,5
2022-09-01T10:45:00-00:00,2022-09-01T11:00:00-00:00,2022-09-01,04,ALLN_1_ALLN SOLARGNODE,ALLN_1_ALLN SOLARGNODE,ALLN_1_ALLN SOLARGNODE,RTPD,MGHG,LMP_GHG_PRC,ALLN_1_ALLN SOLARGNODE,ALL,1,-13.55,4,5
2022-09-01T11:45:00-00:00,2022-09-01T12:00:00-00:00,2022-09-01,05,ALLN_1_ALLN SOLARGNODE,ALLN_1_ALLN SOLARGNODE,ALLN_1_ALLN SOLARGNODE,RTPD,MGHG,LMP_GHG_PRC,ALLN_1_ALLN SOLARGNODE,ALL,1,-14.79,4,5
2022-09-01T12:45:00-00:00,2022-09-01T13:00:00-00:00,2022-09-01,06,ALLN_1_ALLN SOLARGNODE,ALLN_1_ALLN SOLARGNODE,ALLN_1_ALLN SOLARGNODE,RTPD,MGHG,LMP_GHG_PRC,ALLN_1_ALLN SOLARGNODE,ALL,1,-14.79,4,5
2022-09-01T13:45:00-00:00,2022-09-01T14:00:00-00:00,2022-09-01,07,ALLN_1_ALLN SOLARGNODE,ALLN_1_ALLN SOLARGNODE,ALLN_1_ALLN SOLARGNODE,RTPD,MGHG,LMP_GHG_PRC,ALLN_1_ALLN SOLARGNODE,ALL,1,-14.79,4,5
2022-09-01T14:45:00-00:00,2022-09-01T15:00:00-00:00,2022-09-01,08,ALLN_1_ALLN SOLARGNODE,ALLN_1_ALLN SOLARGNODE,ALLN_1_ALLN SOLARGNODE,RTPD,MGHG,LMP_GHG_PRC,ALLN_1_ALLN SOLARGNODE,ALL,1,-8.84,4,5
2022-09-01T15:45:00-00:00,2022-09-01T16:00:00-00:00,2022-09-01,09,ALLN_1_ALLN SOLARGNODE,ALLN_1_ALLN SOLARGNODE,ALLN_1_ALLN SOLARGNODE,RTPD,MGHG,LMP_GHG_PRC,ALLN_1_ALLN SOLARGNODE,ALL,1,-12.05,4,5
2022-09-01T16:45:00-00:00,2022-09-01T17:00:00-00:00,2022-09-01,10,ALLN_1_ALLN SOLARGNODE,ALLN_1_ALLN SOLARGNODE,ALLN_1_ALLN SOLARGNODE,RTPD,MGHG,LMP_GHG_PRC,ALLN_1_ALLN SOLARGNODE,ALL,1,-10.94,4,5
2022-09-01T17:45:00-00:00,2022-09-01T18:00:00-00:00,2022-09-01,11,ALLN_1_ALLN SOLARGNODE,ALLN_1_ALLN SOLARGNODE,ALLN_1_ALLN SOLARGNODE,RTPD,MGHG,LMP_GHG_PRC,ALLN_1_ALLN SOLARGNODE,ALL,1,-12.32178,4,5
2022-09-01T18:45:00-00:00,2022-09-01T19:00:00-00:00,2022-09-01,12,ALLN_1_ALLN SOLARGNODE,ALLN_1_ALLN SOLARGNODE,ALLN_1_ALLN SOLARGNODE,RTPD,MGHG,LMP_GHG_PRC,ALLN_1_ALLN SOLARGNODE,ALL,1,-13.98,4,5
2022-09-01T19:45:00-00:00,2022-09-01T20:00:00-00:00,2022-09-01,13,ALLN_1_ALLN SOLARGNODE,ALLN_1_ALLN SOLARGNODE,ALLN_1_ALLN SOLARGNODE,RTPD,MGHG,LMP_GHG_PRC,ALLN_1_ALLN SOLARGNODE,ALL,1,-15.37,4,5
2022-09-01T20:45:00-00:00,2022-09-01T21:00:00-00:00,2022-09-01,14,ALLN_1_ALLN SOLARGNODE,ALLN_1_ALLN SOLARGNODE,ALLN_1_ALLN SOLARGNODE,RTPD,MGHG,LMP_GHG_PRC,ALLN_1_ALLN SOLARGNODE,ALL,1,-15.61,4,5
2022-09-01T21:45:00-00:00,2022-09-01T22:00:00-00:00,2022-09-01,15,ALLN_1_ALLN SOLARGNODE,ALLN_1_ALLN SOLARGNODE,ALLN_1_ALLN SOLARGNODE,RTPD,MGHG,LMP_GHG_PRC,ALLN_1_ALLN SOLARGNODE,ALL,1,-14.79,4,5
2022-09-01T22:45:00-00:00,2022-09-01T23:00:00-00:00,2022-09-01,16,ALLN_1_ALLN SOLARGNODE,ALLN_1_ALLN SOLARGNODE,ALLN_1_ALLN SOLARGNODE,RTPD,MGHG,LMP_GHG_PRC,ALLN_1_ALLN SOLARGNODE,ALL,1,-17.16,4,5
2022-09-01T23:45:00-00:00,2022-09-02T00:00:00-00:00,2022-09-01,17,ALLN_1_ALLN SOLARGNODE,ALLN_1_ALLN SOLARGNODE,ALLN_1_ALLN SOLARGNODE,RTPD,MGHG,LMP_GHG_PRC,ALLN_1_ALLN SOLARGNODE,ALL,1,-28.33,4,5
2022-09-02T00:45:00-00:00,2022-09-02T01:00:00-00:00,2022-09-01,18,ALLN_1_ALLN SOLARGNODE,ALLN_1_ALLN SOLARGNODE,ALLN_1_ALLN SOLARGNODE,RTPD,MGHG,LMP_GHG_PRC,ALLN_1_ALLN SOLARGNODE,ALL,1,-29.51,4,5
2022-09-02T01:45:00-00:00,2022-09-02T02:00:00-00:00,2022-09-01,19,ALLN_1_ALLN SOLARGNODE,ALLN_1_ALLN SOLARGNODE,ALLN_1_ALLN SOLARGNODE,RTPD,MGHG,LMP_GHG_PRC,ALLN_1_ALLN SOLARGNODE,ALL,1,-15.61,4,5
2022-09-02T02:45:00-00:00,2022-09-02T03:00:00-00:00,2022-09-01,20,ALLN_1_ALLN SOLARGNODE,ALLN_1_ALLN SOLARGNODE,ALLN_1_ALLN SOLARGNODE,RTPD,MGHG,LMP_GHG_PRC,ALLN_1_ALLN SOLARGNODE,ALL,1,-30.58,4,5
2022-09-02T03:45:00-00:00,2022-09-02T04:00:00-00:00,2022-09-01,21,ALLN_1_ALLN SOLARGNODE,ALLN_1_ALLN SOLARGNODE,ALLN_1_ALLN SOLARGNODE,RTPD,MGHG,LMP_GHG_PRC,ALLN_1_ALLN SOLARGNODE,ALL,1,-16.46,4,5
2022-09-02T04:45:00-00:00,2022-09-02T05:00:00-00:00,2022-09-01,22,ALLN_1_ALLN SOLARGNODE,ALLN_1_ALLN SOLARGNODE,ALLN_1_ALLN SOLARGNODE,RTPD,MGHG,LMP_GHG_PRC,ALLN_1_ALLN SOLARGNODE,ALL,1,-15.61,4,5
2022-09-02T05:45:00-00:00,2022-09-02T06:00:00-00:00,2022-09-01,23,ALLN_1_ALLN SOLARGNODE,ALLN_1_ALLN SOLARGNODE,ALLN_1_ALLN SOLARGNODE,RTPD,MGHG,LMP_GHG_PRC,ALLN_1_ALLN SOLARGNODE,ALL,1,-14.79,4,5
2022-09-02T06:45:00-00:00,2022-09-02T07:00:00-00:00,2022-09-01,24,ALLN_1_ALLN SOLARGNODE,ALLN_1_ALLN SOLARGNODE,ALLN_1_ALLN SOLARGNODE,RTPD,MGHG,LMP_GHG_PRC,ALLN_1_ALLN SOLARGNODE,ALL,1,-15,4,5
