INTERVALSTARTTIME_GMT,INTERVALENDTIME_GMT,OPR_DT,OPR_HR,NODE_ID_XML,NODE_ID,NODE,MARKET_RUN_ID,LMP_TYPE,XML_DATA_ITEM,PNODE_RESMRID,GRP_TYPE,POS,PRC,OPR_INTERVAL,GROUP
2022-09-01T07:00:00-00:00,2022-09-01T07:15:00-00:00,2022-09-01,01,BNTACRB_6_N001,BNTACRB_6_N001,BNTACRB_6_N001,RTPD,LMP,LMP_PRC,BNTACRB_6_N001,ALL,1,82.62033,1,1
2022-09-01T08:00:00-00:00,2022-09-01T08:15:00-00:00,2022-09-01,02,BNTACRB_6_N001,BNTACRB_6_N001,BNTACRB_6_N001,RTPD,LMP,LMP_PRC,BNTACRB_6_N001,ALL,1,112.19684,1,1
2022-09-01T09:00:00-00:00,2022-09-01T09:15:00-00:00,2022-09-01,03,BNTACRB_6_N001,BNTACRB_6_N001,BNTACRB_6_N001,RTPD,LMP,LMP_PRC,BNTACRB_6_N001,ALL,1,96.94475,1,1
2022-09-01T10:00:00-00:00,2022-09-01T10:15:00-00:00,2022-09-01,04,BNTACRB_6_N001,BNTACRB_6_N001,BNTACRB_6_N001,RTPD,LMP,LMP_PRC,BNTACRB_6_N001,ALL,1,96.14046,1,1
2022-09-01T11:00:00-00:00,2022-09-01T11:15:00-00:00,2022-09-01,05,BNTACRB_6_N001,BNTACRB_6_N001,BNTACRB_6_N001,RTPD,LMP,LMP_PRC,BNTACRB_6_N001,ALL,1,104.72253,1,1
2022-09-01T12:00:00-00:00,2022-09-01T12:15:00-00:00,2022-09-01,06,BNTACRB_6_N001,BNTACRB_6_N001,BNTACRB_6_N001,RTPD,LMP,LMP_PRC,BNTACRB_6_N001,ALL,1,88.56491,1,1
2022-09-01T13:00:00-00:00,2022-09-01T13:15:00-00:00,2022-09-01,07,BNTACRB_6_N001,BNTACRB_6_N001,BNTACRB_6_N001,RTPD,LMP,LMP_PRC,BNTACRB_6_N001,ALL,1,88.57887,1,1
2022-09-01T14:00:00-00:00,2022-09-01T14:15:00-00:00,2022-09-01,08,BNTACRB_6_N001,BNTACRB_6_N001,BNTACRB_6_N001,RTPD,LMP,LMP_PRC,BNTACRB_6_N001,ALL,1,114.65667,1,1
2022-09-01T15:00:00-00:00,2022-09-01T15:15:00-00:00,2022-09-01,09,BNTACRB_6_N001,BNTACRB_6_N001,BNTACRB_6_N001,RTPD,LMP,LMP_PRC,BNTACRB_6_N001,ALL,1,97.4112,1,1
2022-09-01T16:00:00-00:00,2022-09-01T16:15:00-00:00,2022-09-01,10,BNTACRB_6_N001,BNTACRB_6_N001,BNTACRB_6_N001,RTPD,LMP,LMP_PRC,BNTACRB_6_N001,ALL,1,83.43525,1,1
2022-09-01T17:00:00-00:00,2022-09-01T17:15:00-00:00,2022-09-01,11,BNTACRB_6_N001,BNTACRB_6_N001,BNTACRB_6_N001,RTPD,LMP,LMP_PRC,BNTACRB_6_N001,ALL,1,80.21869,1,1
2022-09-01T18:00:00-00:00,2022-09-01T18:15:00-00:00,2022-09-01,12,BNTACRB_6_N001,BNTACRB_6_N001,BNTACRB_6_N001,RTPD,LMP,LMP_PRC,BNTACRB_6_N001,ALL,1,59.11223,1,1
2022-09-01T19:00:00-00:00,2022-09-01T19:15:00-00:00,2022-09-01,13,BNTACRB_6_N001,BNTACRB_6_N001,BNTACRB_6_N001,RTPD,LMP,LMP_PRC,BNTACRB_6_N001,ALL,1,73.15312,1,1
2022-09-01T20:00:00-00:00,2022-09-01T20:15:00-00:00,2022-09-01,14,BNTACRB_6_N001,BNTACRB_6_N001,BNTACRB_6_N001,RTPD,LMP,LMP_PRC,BNTACRB_6_N001,ALL,1,114.39988,1,1
2022-09-01T21:00:00-00:00,2022-09-01T21:15:00-00:00,2022-09-01,15,BNTACRB_6_N001,BNTACRB_6_N001,BNTACRB_6_N001,RTPD,LMP,LMP_PRC,BNTACRB_6_N001,ALL,1,126.84715,1,1
2022-09-01T22:00:00-00:00,2022-09-01T22:15:00-00:00,2022-09-01,16,BNTACRB_6_N001,BNTACRB_6_N001,BNTACRB_6_N001,RTPD,LMP,LMP_PRC,BNTACRB_6_N001,ALL,1,120.71697,1,1
2022-09-01T23:00:00-00:00,2022-09-01T23:15:00-00:00,2022-09-01,17,BNTACRB_6_N001,BNTACRB_6_N001,BNTACRB_6_N001,RTPD,LMP,LMP_PRC,BNTACRB_6_N001,ALL,1,216.06268,1,1
2022-09-02T00:00:00-00:00,2022-09-02T00:15:00-00:00,2022-09-01,18,BNTACRB_6_N001,BNTACRB_6_N001,BNTACRB_6_N001,RTPD,LMP,LMP_PRC,BNTACRB_6_N001,ALL,1,1128.1315,1,1
2022-09-02T01:00:00-00:00,2022-09-02T01:15:00-00:00,2022-09-01,19,BNTACRB_6_N001,BNTACRB_6_N001,BNTACRB_6_N001,RTPD,LMP,LMP_PRC,BNTACRB_6_N001,ALL,1,1247.3029,1,1
2022-09-02T02:00:00-00:00,2022-09-02T02:15:00-00:00,2022-09-01,20,BNTACRB_6_N001,BNTACRB_6_N001,BNTACRB_6_N001,RTPD,LMP,LMP_PRC,BNTACRB_6_N001,ALL,1,1991.6721,1,1
2022-09-02T03:00:00-00:00,2022-09-02T03:15:00-00:00,2022-09-01,21,BNTACRB_6_N001,BNTACRB_6_N001,BNTACRB_6_N001,RTPD,LMP,LMP_PRC,BNTACRB_6_N001,ALL,1,1368.6102,1,1
2022-09-02T04:00:00-00:00,2022-09-02T04:15:00-00:00,2022-09-01,22,BNTACRB_6_N001,BNTACRB_6_N001,BNTACRB_6_N001,RTPD,LMP,LMP_PRC,BNTACRB_6_N001,ALL,1,264.97192,1,1
2022-09-02T05:00:00-00:00,2022-09-02T05:15:00-00:00,2022-09-01,23,BNTACRB_6_N001,BNTACRB_6_N001,BNTACRB_6_N001,RTPD,LMP,LMP_PRC,BNTACRB_6_N001,ALL,1,187.73611,1,1
2022-09-02T06:00:00-00:00,2022-09-02T06:15:00-00:00,2022-09-01,24,BNTACRB_6_N001,BNTACRB_6_N001,BNTACRB_6_N001,RTPD,LMP,LMP_PRC,BNTACRB_6_N001,ALL,1,162.2191,1,1
2022-09-01T07:15:00-00:00,2022-09-01T07:30:00-00:00,2022-09-01,01,BNTACRB_6_N001,BNTACRB_6_N001,BNTACRB_6_N001,RTPD,LMP,LMP_PRC,BNTACRB_6_N001,ALL,1,115.50151,2,1
2022-09-01T08:15:00-00:00,2022-09-01T08:30:00-00:00,2022-09-01,02,BNTACRB_6_N001,BNTACRB_6_N001,BNTACRB_6_N001,RTPD,LMP,LMP_PRC,BNTACRB_6_N001,ALL,1,114.61672,2,1
2022-09-01T09:15:00-00:00,2022-09-01T09:30:00-00:00,2022-09-01,03,BNTACRB_6_N001,BNTACRB_6_N001,BNTACRB_6_N001,RTPD,LMP,LMP_PRC,BNTACRB_6_N001,ALL,1,94.06909,2,1
2022-09-01T10:15:00-00:00,2022-09-01T10:30:00-00:00,2022-09-01,04,BNTACRB_6_N001,BNTACRB_6_N001,BNTACRB_6_N001,RTPD,LMP,LMP_PRC,BNTACRB_6_N001,ALL,1,92.87207,2,1
2022-09-01T11:15:00-00:00,2022-09-01T11:30:00-00:00,2022-09-01,05,BNTACRB_6_N001,BNTACRB_6_N001,BNTACRB_6_N001,RTPD,LMP,LMP_PRC,BNTACRB_6_N001,ALL,1,105.18333,2,1
2022-09-01T12:15:00-00:00,2022-09-01T12:30:00-00:00,2022-09-01,06,BNTACRB_6_N001,BNTACRB_6_N001,BNTACRB_6_N001,RTPD,LMP,LMP_PRC,BNTACRB_6_N001,ALL,1,105.41686,2,1
2022-09-01T13:15:00-00:00,2022-09-01T13:30:00-00:00,2022-09-01,07,BNTACRB_6_N001,BNTACRB_6_N001,BNTACRB_6_N001,RTPD,LMP,LMP_PRC,BNTACRB_6_N001,ALL,1,112.50801,2,1
2022-09-01T14:15:00-00:00,2022-09-01T14:30:00-00:00,2022-09-01,08,BNTACRB_6_N001,BNTACRB_6_N001,BNTACRB_6_N001,RTPD,LMP,LMP_PRC,BNTACRB_6_N001,ALL,1,107.93106,2,1
2022-09-01T15:15:00-00:00,2022-09-01T15:30:00-00:00,2022-09-01,09,BNTACRB_6_N001,BNTACRB_6_N001,BNTACRB_6_N001,RTPD,LMP,LMP_PRC,BNTACRB_6_N001,ALL,1,86.9388,2,1
2022-09-01T16:15:00-00:00,2022-09-01T16:30:00-00:00,2022-09-01,10,BNTACRB_6_N001,BNTACRB_6_N001,BNTACRB_6_N001,RTPD,LMP,LMP_PRC,BNTACRB_6_N001,ALL,1,87.80096,2,1
2022-09-01T17:15:00-00:00,2022-09-01T17:30:00-00:00,2022-09-01,11,BNTACRB_6_N001,BNTACRB_6_N001,BNTACRB_6_N001,RTPD,LMP,LMP_PRC,BNTACRB_6_N001,ALL,1,78.9707,2,1
2022-09-01T18:15:00-00:00,2022-09-01T18:30:00-00:00,2022-09-01,12,BNTACRB_6_N001,BNTACRB_6_N001,BNTACRB_6_N001,RTPD,LMP,LMP_PRC,BNTACRB_6_N001,ALL,1,74.56919,2,1
2022-09-01T19:15:00-00:00,2022-09-01T19:30:00-00:00,2022-09-01,13,BNTACRB_6_N001,BNTACRB_6_N001,BNTACRB_6_N001,RTPD,LMP,LMP_PRC,BNTACRB_6_N001,ALL,1,75.62523,2,1
2022-09-01T20:15:00-00:00,2022-09-01T20:30:00-00:00,2022-09-01,14,BNTACRB_6_N001,BNTACRB_6_N001,BNTACRB_6_N001,RTPD,LMP,LMP_PRC,BNTACRB_6_N001,ALL,1,114.30303,2,1
2022-09-01T21:15:00-00:00,2022-09-01T21:30:00-00:00,2022-09-01,15,BNTACRB_6_N001,BNTACRB_6_N001,BNTACRB_6_N001,RTPD,LMP,LMP_PRC,BNTACRB_6_N001,ALL,1,120.24902,2,1
2022-09-01T22:15:00-00:00,2022-09-01T22:30:00-00:00,2022-09-01,16,BNTACRB_6_N001,BNTACRB_6_N001,BNTACRB_6_N001,RTPD,LMP,LMP_PRC,BNTACRB_6_N001,ALL,1,138.0642,2,1
2022-09-01T23:15:00-00:00,2022-09-01T23:30:00-00:00,2022-09-01,17,BNTACRB_6_N001,BNTACRB_6_N001,BNTACRB_6_N001,RTPD,LMP,LMP_PRC,BNTACRB_6_N001,ALL,1,263.31387,2,1
2022-09-02T00:15:00-00:00,2022-09-02T00:30:00-00:00,2022-09-01,18,BNTACRB_6_N001,BNTACRB_6_N001,BNTACRB_6_N001,RTPD,LMP,LMP_PRC,BNTACRB_6_N001,ALL,1,1036.7399,2,1
2022-09-02T01:15:00-00:00,2022-09-02T01:30:00-00:00,2022-09-01,19,BNTACRB_6_N001,BNTACRB_6_N001,BNTACRB_6_N001,RTPD,LMP,LMP_PRC,BNTACRB_6_N001,ALL,1,1999.9933,2,1
2022-09-02T02:15:00-00:00,2022-09-02T02:30:00-00:00,2022-09-01,20,BNTACRB_6_N001,BNTACRB_6_N001,BNTACRB_6_N001,RTPD,LMP,LMP_PRC,BNTACRB_6_N001,ALL,1,1991.6721,2,1
2022-09-02T03:15:00-00:00,2022-09-02T03:30:00-00:00,2022-09-01,21,BNTACRB_6_N001,BNTACRB_6_N001,BNTACRB_6_N001,RTPD,LMP,LMP_PRC,BNTACRB_6_N001,ALL,1,561.9077,2,1
2022-09-02T04:15:00-00:00,2022-09-02T04:30:00-00:00,2022-09-01,22,BNTACRB_6_N001,BNTACRB_6_N001,BNTACRB_6_N001,RTPD,LMP,LMP_PRC,BNTACRB_6_N001,ALL,1,230.41412,2,1
2022-09-02T05:15:00-00:00,2022-09-02T05:30:00-00:00,2022-09-01,23,BNTACRB_6_N001,BNTACRB_6_N001,BNTACRB_6_N001,RTPD,LMP,LMP_PRC,BNTACRB_6_N001,ALL,1,160.41937,2,1
2022-09-02T06:15:00-00:00,2022-09-02T06:30:00-00:00,2022-09-01,24,BNTACRB_6_N001,BNTACRB_6_N001,BNTACRB_6_N001,RTPD,LMP,LMP_PRC,BNTACRB_6_N001,ALL,1,144.93219,2,1
2022-09-01T07:30:00-00:00,2022-09-01T07:45:00-00:00,2022-09-01,01,BNTACRB_6_N001,BNTACRB_6_N001,BNTACRB_6_N001,RTPD,LMP,LMP_PRC,BNTACRB_6_N001,ALL,1,102.75108,3,1
2022-09-01T08:30:00-00:00,2022-09-01T08:45:00-00:00,2022-09-01,02,BNTACRB_6_N001,BNTACRB_6_N001,BNTACRB_6_N001,RTPD,LMP,LMP_PRC,BNTACRB_6_N001,ALL,1,113.20046,3,1
2022-09-01T09:30:00-00:00,2022-09-01T09:45:00-00:00,2022-09-01,03,BNTACRB_6_N001,BNTACRB_6_N001,BNTACRB_6_N001,RTPD,LMP,LMP_PRC,BNTACRB_6_N001,ALL,1,93.81954,3,1
2022-09-01T10:30:00-00:00,2022-09-01T10:45:00-00:00,2022-09-01,04,BNTACRB_6_N001,BNTACRB_6_N001,BNTACRB_6_N001,RTPD,LMP,LMP_PRC,BNTACRB_6_N001,ALL,1,94.69312,3,1
2022-09-01T11:30:00-00:00,2022-09-01T11:45:00-00:00,2022-09-01,05,BNTACRB_6_N001,BNTACRB_6_N001,BNTACRB_6_N001,RTPD,LMP,LMP_PRC,BNTACRB_6_N001,ALL,1,105.2572,3,1
2022-09-01T12:30:00-00:00,2022-09-01T12:45:00-00:00,2022-09-01,06,BNTACRB_6_N001,BNTACRB_6_N001,BNTACRB_6_N001,RTPD,LMP,LMP_PRC,BNTACRB_6_N001,ALL,1,105.31702,3,1
2022-09-01T13:30:00-00:00,2022-09-01T13:45:00-00:00,2022-09-01,07,BNTACRB_6_N001,BNTACRB_6_N001,BNTACRB_6_N001,RTPD,LMP,LMP_PRC,BNTACRB_6_N001,ALL,1,113.87332,3,1
2022-09-01T14:30:00-00:00,2022-09-01T14:45:00-00:00,2022-09-01,08,BNTACRB_6_N001,BNTACRB_6_N001,BNTACRB_6_N001,RTPD,LMP,LMP_PRC,BNTACRB_6_N001,ALL,1,105.04206,3,1
2022-09-01T15:30:00-00:00,2022-09-01T15:45:00-00:00,2022-09-01,09,BNTACRB_6_N001,BNTACRB_6_N001,BNTACRB_6_N001,RTPD,LMP,LMP_PRC,BNTACRB_6_N001,ALL,1,86.1388,3,1
2022-09-01T16:30:00-00:00,2022-09-01T16:45:00-00:00,2022-09-01,10,BNTACRB_6_N001,BNTACRB_6_N001,BNTACRB_6_N001,RTPD,LMP,LMP_PRC,BNTACRB_6_N001,ALL,1,75.00109,3,1
2022-09-01T17:30:00-00:00,2022-09-01T17:45:00-00:00,2022-09-01,11,BNTACRB_6_N001,BNTACRB_6_N001,BNTACRB_6_N001,RTPD,LMP,LMP_PRC,BNTACRB_6_N001,ALL,1,78.6794,3,1
2022-09-01T18:30:00-00:00,2022-09-01T18:45:00-00:00,2022-09-01,12,BNTACRB_6_N001,BNTACRB_6_N001,BNTACRB_6_N001,RTPD,LMP,LMP_PRC,BNTACRB_6_N001,ALL,1,79.32967,3,1
2022-09-01T19:30:00-00:00,2022-09-01T19:45:00-00:00,2022-09-01,13,BNTACRB_6_N001,BNTACRB_6_N001,BNTACRB_6_N001,RTPD,LMP,LMP_PRC,BNTACRB_6_N001,ALL,1,101.33867,3,1
2022-09-01T20:30:00-00:00,2022-09-01T20:45:00-00:00,2022-09-01,14,BNTACRB_6_N001,BNTACRB_6_N001,BNTACRB_6_N001,RTPD,LMP,LMP_PRC,BNTACRB_6_N001,ALL,1,116.94026,3,1
2022-09-01T21:30:00-00:00,2022-09-01T21:45:00-00:00,2022-09-01,15,BNTACRB_6_N001,BNTACRB_6_N001,BNTACRB_6_N001,RTPD,LMP,LMP_PRC,BNTACRB_6_N001,ALL,1,128.16124,3,1
2022-09-01T22:30:00-00:00,2022-09-01T22:45:00-00:00,2022-09-01,16,BNTACRB_6_N001,BNTACRB_6_N001,BNTACRB_6_N001,RTPD,LMP,LMP_PRC,BNTACRB_6_N001,ALL,1,155.74019,3,1
2022-09-01T23:30:00-00:00,2022-09-01T23:45:00-00:00,2022-09-01,17,BNTACRB_6_N001,BNTACRB_6_N001,BNTACRB_6_N001,RTPD,LMP,LMP_PRC,BNTACRB_6_N001,ALL,1,566.48157,3,1
2022-09-02T00:30:00-00:00,2022-09-02T00:45:00-00:00,2022-09-01,18,BNTACRB_6_N001,BNTACRB_6_N001,BNTACRB_6_N001,RTPD,LMP,LMP_PRC,BNTACRB_6_N001,ALL,1,1788.9366,3,1
2022-09-02T01:30:00-00:00,2022-09-02T01:45:00-00:00,2022-09-01,19,BNTACRB_6_N001,BNTACRB_6_N001,BNTACRB_6_N001,RTPD,LMP,LMP_PRC,BNTACRB_6_N001,ALL,1,1999.9956,3,1
2022-09-02T02:30:00-00:00,2022-09-02T02:45:00-00:00,2022-09-01,20,BNTACRB_6_N001,BNTACRB_6_N001,BNTACRB_6_N001,RTPD,LMP,LMP_PRC,BNTACRB_6_N001,ALL,1,1991.671,3,1
2022-09-02T03:30:00-00:00,2022-09-02T03:45:00-00:00,2022-09-01,21,BNTACRB_6_N001,BNTACRB_6_N001,BNTACRB_6_N001,RTPD,LMP,LMP_PRC,BNTACRB_6_N001,ALL,1,226.97778,3,1
2022-09-02T04:30:00-00:00,2022-09-02T04:45:00-00:00,2022-09-01,22,BNTACRB_6_N001,BNTACRB_6_N001,BNTACRB_6_N001,RTPD,LMP,LMP_PRC,BNTACRB_6_N001,ALL,1,183.74977,3,1
2022-09-02T05:30:00-00:00,2022-09-02T05:45:00-00:00,2022-09-01,23,BNTACRB_6_N001,BNTACRB_6_N001,BNTACRB_6_N001,RTPD,LMP,LMP_PRC,BNTACRB_6_N001,ALL,1,134.03024,3,1
2022-09-02T06:30:00-00:00,2022-09-02T06:45:00-00:00,2022-09-01,24,BNTACRB_6_N001,BNTACRB_6_N001,BNTACRB_6_N001,RTPD,LMP,LMP_PRC,BNTACRB_6_N001,ALL,1,132.21179,3,1
2022-09-01T07:45:00-00:00,2022-09-01T08:00:00-00:00,2022-09-01,01,BNTACRB_6_N001,BNTACRB_6_N001,BNTACRB_6_N001,RTPD,LMP,LMP_PRC,BNTACRB_6_N001,ALL,1,90.65035,4,1
2022-09-01T08:45:00-00:00,2022-09-01T09:00:00-00:00,2022-09-01,02,BNTACRB_6_N001,BNTACRB_6_N001,BNTACRB_6_N001,RTPD,LMP,LMP_PRC,BNTACRB_6_N001,ALL,1,95.92474,4,1
2022-09-01T09:45:00-00:00,2022-09-01T10:00:00-00:00,2022-09-01,03,BNTACRB_6_N001,BNTACRB_6_N001,BNTACRB_6_N001,RTPD,LMP,LMP_PRC,BNTACRB_6_N001,ALL,1,93.76689,4,1
2022-09-01T10:45:00-00:00,2022-09-01T11:00:00-00:00,2022-09-01,04,BNTACRB_6_N001,BNTACRB_6_N001,BNTACRB_6_N001,RTPD,LMP,LMP_PRC,BNTACRB_6_N001,ALL,1,94.85705,4,1
2022-09-01T11:45:00-00:00,2022-09-01T12:00:00-00:00,2022-09-01,05,BNTACRB_6_N001,BNTACRB_6_N001,BNTACRB_6_N001,RTPD,LMP,LMP_PRC,BNTACRB_6_N001,ALL,1,107.01,4,1
2022-09-01T12:45:00-00:00,2022-09-01T13:00:00-00:00,2022-09-01,06,BNTACRB_6_N001,BNTACRB_6_N001,BNTACRB_6_N001,RTPD,LMP,LMP_PRC,BNTACRB_6_N001,ALL,1,114.1282,4,1
2022-09-01T13:45:00-00:00,2022-09-01T14:00:00-00:00,2022-09-01,07,BNTACRB_6_N001,BNTACRB_6_N001,BNTACRB_6_N001,RTPD,LMP,LMP_PRC,BNTACRB_6_N001,ALL,1,111.41,4,1
2022-09-01T14:45:00-00:00,2022-09-01T15:00:00-00:00,2022-09-01,08,BNTACRB_6_N001,BNTACRB_6_N001,BNTACRB_6_N001,RTPD,LMP,LMP_PRC,BNTACRB_6_N001,ALL,1,86.1388,4,1
2022-09-01T15:45:00-00:00,2022-09-01T16:00:00-00:00,2022-09-01,09,BNTACRB_6_N001,BNTACRB_6_N001,BNTACRB_6_N001,RTPD,LMP,LMP_PRC,BNTACRB_6_N001,ALL,1,78.70076,4,1
2022-09-01T16:45:00-00:00,2022-09-01T17:00:00-00:00,2022-09-01,10,BNTACRB_6_N001,BNTACRB_6_N001,BNTACRB_6_N001,RTPD,LMP,LMP_PRC,BNTACRB_6_N001,ALL,1,78.8255,4,1
2022-09-01T17:45:00-00:00,2022-09-01T18:00:00-00:00,2022-09-01,11,BNTACRB_6_N001,BNTACRB_6_N001,BNTACRB_6_N001,RTPD,LMP,LMP_PRC,BNTACRB_6_N001,ALL,1,78.96129,4,1
2022-09-01T18:45:00-00:00,2022-09-01T19:00:00-00:00,2022-09-01,12,BNTACRB_6_N001,BNTACRB_6_N001,BNTACRB_6_N001,RTPD,LMP,LMP_PRC,BNTACRB_6_N001,ALL,1,81.41927,4,1
2022-09-01T19:45:00-00:00,2022-09-01T20:00:00-00:00,2022-09-01,13,BNTACRB_6_N001,BNTACRB_6_N001,BNTACRB_6_N001,RTPD,LMP,LMP_PRC,BNTACRB_6_N001,ALL,1,106.44324,4,1
2022-09-01T20:45:00-00:00,2022-09-01T21:00:00-00:00,2022-09-01,14,BNTACRB_6_N001,BNTACRB_6_N001,BNTACRB_6_N001,RTPD,LMP,LMP_PRC,BNTACRB_6_N001,ALL,1,125.50933,4,1
2022-09-01T21:45:00-00:00,2022-09-01T22:00:00-00:00,2022-09-01,15,BNTACRB_6_N001,BNTACRB_6_N001,BNTACRB_6_N001,RTPD,LMP,LMP_PRC,BNTACRB_6_N001,ALL,1,210.30531,4,1
2022-09-01T22:45:00-00:00,2022-09-01T23:00:00-00:00,2022-09-01,16,BNTACRB_6_N001,BNTACRB_6_N001,BNTACRB_6_N001,RTPD,LMP,LMP_PRC,BNTACRB_6_N001,ALL,1,171.07037,4,1
2022-09-01T23:45:00-00:00,2022-09-02T00:00:00-00:00,2022-09-01,17,BNTACRB_6_N001,BNTACRB_6_N001,BNTACRB_6_N001,RTPD,LMP,LMP_PRC,BNTACRB_6_N001,ALL,1,1663.4996,4,1
2022-09-02T00:45:00-00:00,2022-09-02T01:00:00-00:00,2022-09-01,18,BNTACRB_6_N001,BNTACRB_6_N001,BNTACRB_6_N001,RTPD,LMP,LMP_PRC,BNTACRB_6_N001,ALL,1,1808.6592,4,1
2022-09-02T01:45:00-00:00,2022-09-02T02:00:00-00:00,2022-09-01,19,BNTACRB_6_N001,BNTACRB_6_N001,BNTACRB_6_N001,RTPD,LMP,LMP_PRC,BNTACRB_6_N001,ALL,1,1991.9337,4,1
2022-09-02T02:45:00-00:00,2022-09-02T03:00:00-00:00,2022-09-01,20,BNTACRB_6_N001,BNTACRB_6_N001,BNTACRB_6_N001,RTPD,LMP,LMP_PRC,BNTACRB_6_N001,ALL,1,1854.4258,4,1
2022-09-02T03:45:00-00:00,2022-09-02T04:00:00-00:00,2022-09-01,21,BNTACRB_6_N001,BNTACRB_6_N001,BNTACRB_6_N001,RTPD,LMP,LMP_PRC,BNTACRB_6_N001,ALL,1,164.8014,4,1
2022-09-02T04:45:00-00:00,2022-09-02T05:00:00-00:00,2022-09-01,22,BNTACRB_6_N001,BNTACRB_6_N001,BNTACRB_6_N001,RTPD,LMP,LMP_PRC,BNTACRB_6_N001,ALL,1,129.48914,4,1
2022-09-02T05:45:00-00:00,2022-09-02T06:00:00-00:00,2022-09-01,23,BNTACRB_6_N001,BNTACRB_6_N001,BNTACRB_6_N001,RTPD,LMP,LMP_PRC,BNTACRB_6_N001,ALL,1,117.53636,4,1
2022-09-02T06:45:00-00:00,2022-09-02T07:00:00-00:00,2022-09-01,24,BNTACRB_6_N001,BNTACRB_6_N001,BNTACRB_6_N001,RTPD,LMP,LMP_PRC,BNTACRB_6_N001,ALL,1,112.50117,4,1
2022-09-01T07:00:00-00:00,2022-09-01T07:15:00-00:00,2022-09-01,01,BNTACRB_6_N001,BNTACRB_6_N001,BNTACRB_6_N001,RTPD,MCC,LMP_CONG_PRC,BNTACRB_6_N001,ALL,1,-17.05932,1,2
2022-09-01T08:00:00-00:00,2022-09-01T08:15:00-00:00,2022-09-01,02,BNTACRB_6_N001,BNTACRB_6_N001,BNTACRB_6_N001,RTPD,MCC,LMP_CONG_PRC,BNTACRB_6_N001,ALL,1,-3.35196,1,2
2022-09-01T09:00:00-00:00,2022-09-01T09:15:00-00:00,2022-09-01,03,BNTACRB_6_N001,BNTACRB_6_N001,BNTACRB_6_N001,RTPD,MCC,LMP_CONG_PRC,BNTACRB_6_N001,ALL,1,-4.49125,1,2
2022-09-01T10:00:00-00:00,2022-09-01T10:15:00-00:00,2022-09-01,04,BNTACRB_6_N001,BNTACRB_6_N001,BNTACRB_6_N001,RTPD,MCC,LMP_CONG_PRC,BNTACRB_6_N001,ALL,1,-3.90248,1,2
2022-09-01T11:00:00-00:00,2022-09-01T11:15:00-00:00,2022-09-01,05,BNTACRB_6_N001,BNTACRB_6_N001,BNTACRB_6_N001,RTPD,MCC,LMP_CONG_PRC,BNTACRB_6_N001,ALL,1,0,1,2
2022-09-01T12:00:00-00:00,2022-09-01T12:15:00-00:00,2022-09-01,06,BNTACRB_6_N001,BNTACRB_6_N001,BNTACRB_6_N001,RTPD,MCC,LMP_CONG_PRC,BNTACRB_6_N001,ALL,1,-10.00068,1,2
2022-09-01T13:00:00-00:00,2022-09-01T13:15:00-00:00,2022-09-01,07,BNTACRB_6_N001,BNTACRB_6_N001,BNTACRB_6_N001,RTPD,MCC,LMP_CONG_PRC,BNTACRB_6_N001,ALL,1,-13.22991,1,2
2022-09-01T14:00:00-00:00,2022-09-01T14:15:00-00:00,2022-09-01,08,BNTACRB_6_N001,BNTACRB_6_N001,BNTACRB_6_N001,RTPD,MCC,LMP_CONG_PRC,BNTACRB_6_N001,ALL,1,0,1,2
2022-09-01T15:00:00-00:00,2022-09-01T15:15:00-00:00,2022-09-01,09,BNTACRB_6_N001,BNTACRB_6_N001,BNTACRB_6_N001,RTPD,MCC,LMP_CONG_PRC,BNTACRB_6_N001,ALL,1,0,1,2
2022-09-01T16:00:00-00:00,2022-09-01T16:15:00-00:00,2022-09-01,10,BNTACRB_6_N001,BNTACRB_6_N001,BNTACRB_6_N001,RTPD,MCC,LMP_CONG_PRC,BNTACRB_6_N001,ALL,1,0,1,2
2022-09-01T17:00:00-00:00,2022-09-01T17:15:00-00:00,2022-09-01,11,BNTACRB_6_N001,BNTACRB_6_N001,BNTACRB_6_N001,RTPD,MCC,LMP_CONG_PRC,BNTACRB_6_N001,ALL,1,-16.73028,1,2
2022-09-01T18:00:00-00:00,2022-09-01T18:15:00-00:00,2022-09-01,12,BNTACRB_6_N001,BNTACRB_6_N001,BNTACRB_6_N001,RTPD,MCC,LMP_CONG_PRC,BNTACRB_6_N001,ALL,1,-32.48068,1,2
2022-09-01T19:00:00-00:00,2022-09-01T19:15:00-00:00,2022-09-01,13,BNTACRB_6_N001,BNTACRB_6_N001,BNTACRB_6_N001,RTPD,MCC,LMP_CONG_PRC,BNTACRB_6_N001,ALL,1,-36.04325,1,2
2022-09-01T20:00:00-00:00,2022-09-01T20:15:00-00:00,2022-09-01,14,BNTACRB_6_N001,BNTACRB_6_N001,BNTACRB_6_N001,RTPD,MCC,LMP_CONG_PRC,BNTACRB_6_N001,ALL,1,-3.54371,1,2
2022-09-01T21:00:00-00:00,2022-09-01T21:15:00-00:00,2022-09-01,15,BNTACRB_6_N001,BNTACRB_6_N001,BNTACRB_6_N001,RTPD,MCC,LMP_CONG_PRC,BNTACRB_6_N001,ALL,1,-99.76784,1,2
2022-09-01T22:00:00-00:00,2022-09-01T22:15:00-00:00,2022-09-01,16,BNTACRB_6_N001,BNTACRB_6_N001,BNTACRB_6_N001,RTPD,MCC,LMP_CONG_PRC,BNTACRB_6_N001,ALL,1,-108.46854,1,2
2022-09-01T23:00:00-00:00,2022-09-01T23:15:00-00:00,2022-09-01,17,BNTACRB_6_N001,BNTACRB_6_N001,BNTACRB_6_N001,RTPD,MCC,LMP_CONG_PRC,BNTACRB_6_N001,ALL,1,-170.691,1,2
2022-09-02T00:00:00-00:00,2022-09-02T00:15:00-00:00,2022-09-01,18,BNTACRB_6_N001,BNTACRB_6_N001,BNTACRB_6_N001,RTPD,MCC,LMP_CONG_PRC,BNTACRB_6_N001,ALL,1,334.97205,1,2
2022-09-02T01:00:00-00:00,2022-09-02T01:15:00-00:00,2022-09-01,19,BNTACRB_6_N001,BNTACRB_6_N001,BNTACRB_6_N001,RTPD,MCC,LMP_CONG_PRC,BNTACRB_6_N001,ALL,1,331.03165,1,2
2022-09-02T02:00:00-00:00,2022-09-02T02:15:00-00:00,2022-09-01,20,BNTACRB_6_N001,BNTACRB_6_N001,BNTACRB_6_N001,RTPD,MCC,LMP_CONG_PRC,BNTACRB_6_N001,ALL,1,0,1,2
2022-09-02T03:00:00-00:00,2022-09-02T03:15:00-00:00,2022-09-01,21,BNTACRB_6_N001,BNTACRB_6_N001,BNTACRB_6_N001,RTPD,MCC,LMP_CONG_PRC,BNTACRB_6_N001,ALL,1,411.6966,1,2
2022-09-02T04:00:00-00:00,2022-09-02T04:15:00-00:00,2022-09-01,22,BNTACRB_6_N001,BNTACRB_6_N001,BNTACRB_6_N001,RTPD,MCC,LMP_CONG_PRC,BNTACRB_6_N001,ALL,1,0,1,2
2022-09-02T05:00:00-00:00,2022-09-02T05:15:00-00:00,2022-09-01,23,BNTACRB_6_N001,BNTACRB_6_N001,BNTACRB_6_N001,RTPD,MCC,LMP_CONG_PRC,BNTACRB_6_N001,ALL,1,0,1,2
2022-09-02T06:00:00-00:00,2022-09-02T06:15:00-00:00,2022-09-01,24,BNTACRB_6_N001,BNTACRB_6_N001,BNTACRB_6_N001,RTPD,MCC,LMP_CONG_PRC,BNTACRB_6_N001,ALL,1,0,1,2
2022-09-01T07:15:00-00:00,2022-09-01T07:30:00-00:00,2022-09-01,01,BNTACRB_6_N001,BNTACRB_6_N001,BNTACRB_6_N001,RTPD,MCC,LMP_CONG_PRC,BNTACRB_6_N001,ALL,1,-10.04993,2,2
2022-09-01T08:15:00-00:00,2022-09-01T08:30:00-00:00,2022-09-01,02,BNTACRB_6_N001,BNTACRB_6_N001,BNTACRB_6_N001,RTPD,MCC,LMP_CONG_PRC,BNTACRB_6_N001,ALL,1,-0.91493,2,2
2022-09-01T09:15:00-00:00,2022-09-01T09:30:00-00:00,2022-09-01,03,BNTACRB_6_N001,BNTACRB_6_N001,BNTACRB_6_N001,RTPD,MCC,LMP_CONG_PRC,BNTACRB_6_N001,ALL,1,-5.91736,2,2
2022-09-01T10:15:00-00:00,2022-09-01T10:30:00-00:00,2022-09-01,04,BNTACRB_6_N001,BNTACRB_6_N001,BNTACRB_6_N001,RTPD,MCC,LMP_CONG_PRC,BNTACRB_6_N001,ALL,1,-5.52197,2,2
2022-09-01T11:15:00-00:00,2022-09-01T11:30:00-00:00,2022-09-01,05,BNTACRB_6_N001,BNTACRB_6_N001,BNTACRB_6_N001,RTPD,MCC,LMP_CONG_PRC,BNTACRB_6_N001,ALL,1,0,2,2
2022-09-01T12:15:00-00:00,2022-09-01T12:30:00-00:00,2022-09-01,06,BNTACRB_6_N001,BNTACRB_6_N001,BNTACRB_6_N001,RTPD,MCC,LMP_CONG_PRC,BNTACRB_6_N001,ALL,1,-6.11347,2,2
2022-09-01T13:15:00-00:00,2022-09-01T13:30:00-00:00,2022-09-01,07,BNTACRB_6_N001,BNTACRB_6_N001,BNTACRB_6_N001,RTPD,MCC,LMP_CONG_PRC,BNTACRB_6_N001,ALL,1,-0.56774,2,2
2022-09-01T14:15:00-00:00,2022-09-01T14:30:00-00:00,2022-09-01,08,BNTACRB_6_N001,BNTACRB_6_N001,BNTACRB_6_N001,RTPD,MCC,LMP_CONG_PRC,BNTACRB_6_N001,ALL,1,0,2,2
2022-09-01T15:15:00-00:00,2022-09-01T15:30:00-00:00,2022-09-01,09,BNTACRB_6_N001,BNTACRB_6_N001,BNTACRB_6_N001,RTPD,MCC,LMP_CONG_PRC,BNTACRB_6_N001,ALL,1,0,2,2
2022-09-01T16:15:00-00:00,2022-09-01T16:30:00-00:00,2022-09-01,10,BNTACRB_6_N001,BNTACRB_6_N001,BNTACRB_6_N001,RTPD,MCC,LMP_CONG_PRC,BNTACRB_6_N001,ALL,1,-1.64762,2,2
2022-09-01T17:15:00-00:00,2022-09-01T17:30:00-00:00,2022-09-01,11,BNTACRB_6_N001,BNTACRB_6_N001,BNTACRB_6_N001,RTPD,MCC,LMP_CONG_PRC,BNTACRB_6_N001,ALL,1,-20.37602,2,2
2022-09-01T18:15:00-00:00,2022-09-01T18:30:00-00:00,2022-09-01,12,BNTACRB_6_N001,BNTACRB_6_N001,BNTACRB_6_N001,RTPD,MCC,LMP_CONG_PRC,BNTACRB_6_N001,ALL,1,-26.58982,2,2
2022-09-01T19:15:00-00:00,2022-09-01T19:30:00-00:00,2022-09-01,13,BNTACRB_6_N001,BNTACRB_6_N001,BNTACRB_6_N001,RTPD,MCC,LMP_CONG_PRC,BNTACRB_6_N001,ALL,1,-29.68064,2,2
2022-09-01T20:15:00-00:00,2022-09-01T20:30:00-00:00,2022-09-01,14,BNTACRB_6_N001,BNTACRB_6_N001,BNTACRB_6_N001,RTPD,MCC,LMP_CONG_PRC,BNTACRB_6_N001,ALL,1,-3.19118,2,2
2022-09-01T21:15:00-00:00,2022-09-01T21:30:00-00:00,2022-09-01,15,BNTACRB_6_N001,BNTACRB_6_N001,BNTACRB_6_N001,RTPD,MCC,LMP_CONG_PRC,BNTACRB_6_N001,ALL,1,-26.96283,2,2
2022-09-01T22:15:00-00:00,2022-09-01T22:30:00-00:00,2022-09-01,16,BNTACRB_6_N001,BNTACRB_6_N001,BNTACRB_6_N001,RTPD,MCC,LMP_CONG_PRC,BNTACRB_6_N001,ALL,1,-118.52314,2,2
2022-09-01T23:15:00-00:00,2022-09-01T23:30:00-00:00,2022-09-01,17,BNTACRB_6_N001,BNTACRB_6_N001,BNTACRB_6_N001,RTPD,MCC,LMP_CONG_PRC,BNTACRB_6_N001,ALL,1,-98.81021,2,2
2022-09-02T00:15:00-00:00,2022-09-02T00:30:00-00:00,2022-09-01,18,BNTACRB_6_N001,BNTACRB_6_N001,BNTACRB_6_N001,RTPD,MCC,LMP_CONG_PRC,BNTACRB_6_N001,ALL,1,326.0293,2,2
2022-09-02T01:15:00-00:00,2022-09-02T01:30:00-00:00,2022-09-01,19,BNTACRB_6_N001,BNTACRB_6_N001,BNTACRB_6_N001,RTPD,MCC,LMP_CONG_PRC,BNTACRB_6_N001,ALL,1,0,2,2
2022-09-02T02:15:00-00:00,2022-09-02T02:30:00-00:00,2022-09-01,20,BNTACRB_6_N001,BNTACRB_6_N001,BNTACRB_6_N001,RTPD,MCC,LMP_CONG_PRC,BNTACRB_6_N001,ALL,1,0,2,2
2022-09-02T03:15:00-00:00,2022-09-02T03:30:00-00:00,2022-09-01,21,BNTACRB_6_N001,BNTACRB_6_N001,BNTACRB_6_N001,RTPD,MCC,LMP_CONG_PRC,BNTACRB_6_N001,ALL,1,144.31636,2,2
2022-09-02T04:15:00-00:00,2022-09-02T04:30:00-00:00,2022-09-01,22,BNTACRB_6_N001,BNTACRB_6_N001,BNTACRB_6_N001,RTPD,MCC,LMP_CONG_PRC,BNTACRB_6_N001,ALL,1,0,2,2
2022-09-02T05:15:00-00:00,2022-09-02T05:30:00-00:00,2022-09-01,23,BNTACRB_6_N001,BNTACRB_6_N001,BNTACRB_6_N001,RTPD,MCC,LMP_CONG_PRC,BNTACRB_6_N001,ALL,1,0,2,2
2022-09-02T06:15:00-00:00,2022-09-02T06:30:00-00:00,2022-09-01,24,BNTACRB_6_N001,BNTACRB_6_N001,BNTACRB_6_N001,RTPD,MCC,LMP_CONG_PRC,BNTACRB_6_N001,ALL,1,0,2,2
2022-09-01T07:30:00-00:00,2022-09-01T07:45:00-00:00,2022-09-01,01,BNTACRB_6_N001,BNTACRB_6_N001,BNTACRB_6_N001,RTPD,MCC,LMP_CONG_PRC,BNTACRB_6_N001,ALL,1,-16.28088,3,2
2022-09-01T08:30:00-00:00,2022-09-01T08:45:00-00:00,2022-09-01,02,BNTACRB_6_N001,BNTACRB_6_N001,BNTACRB_6_N001,RTPD,MCC,LMP_CONG_PRC,BNTACRB_6_N001,ALL,1,-0.00087,3,2
2022-09-01T09:30:00-00:00,2022-09-01T09:45:00-00:00,2022-09-01,03,BNTACRB_6_N001,BNTACRB_6_N001,BNTACRB_6_N001,RTPD,MCC,LMP_CONG_PRC,BNTACRB_6_N001,ALL,1,-5.86425,3,2
2022-09-01T10:30:00-00:00,2022-09-01T10:45:00-00:00,2022-09-01,04,BNTACRB_6_N001,BNTACRB_6_N001,BNTACRB_6_N001,RTPD,MCC,LMP_CONG_PRC,BNTACRB_6_N001,ALL,1,-3.11458,3,2
2022-09-01T11:30:00-00:00,2022-09-01T11:45:00-00:00,2022-09-01,05,BNTACRB_6_N001,BNTACRB_6_N001,BNTACRB_6_N001,RTPD,MCC,LMP_CONG_PRC,BNTACRB_6_N001,ALL,1,0,3,2
2022-09-01T12:30:00-00:00,2022-09-01T12:45:00-00:00,2022-09-01,06,BNTACRB_6_N001,BNTACRB_6_N001,BNTACRB_6_N001,RTPD,MCC,LMP_CONG_PRC,BNTACRB_6_N001,ALL,1,-10.58528,3,2
2022-09-01T13:30:00-00:00,2022-09-01T13:45:00-00:00,2022-09-01,07,BNTACRB_6_N001,BNTACRB_6_N001,BNTACRB_6_N001,RTPD,MCC,LMP_CONG_PRC,BNTACRB_6_N001,ALL,1,0,3,2
2022-09-01T14:30:00-00:00,2022-09-01T14:45:00-00:00,2022-09-01,08,BNTACRB_6_N001,BNTACRB_6_N001,BNTACRB_6_N001,RTPD,MCC,LMP_CONG_PRC,BNTACRB_6_N001,ALL,1,0,3,2
2022-09-01T15:30:00-00:00,2022-09-01T15:45:00-00:00,2022-09-01,09,BNTACRB_6_N001,BNTACRB_6_N001,BNTACRB_6_N001,RTPD,MCC,LMP_CONG_PRC,BNTACRB_6_N001,ALL,1,0,3,2
2022-09-01T16:30:00-00:00,2022-09-01T16:45:00-00:00,2022-09-01,10,BNTACRB_6_N001,BNTACRB_6_N001,BNTACRB_6_N001,RTPD,MCC,LMP_CONG_PRC,BNTACRB_6_N001,ALL,1,-13.79535,3,2
2022-09-01T17:30:00-00:00,2022-09-01T17:45:00-00:00,2022-09-01,11,BNTACRB_6_N001,BNTACRB_6_N001,BNTACRB_6_N001,RTPD,MCC,LMP_CONG_PRC,BNTACRB_6_N001,ALL,1,-20.45074,3,2
2022-09-01T18:30:00-00:00,2022-09-01T18:45:00-00:00,2022-09-01,12,BNTACRB_6_N001,BNTACRB_6_N001,BNTACRB_6_N001,RTPD,MCC,LMP_CONG_PRC,BNTACRB_6_N001,ALL,1,-27.7275,3,2
2022-09-01T19:30:00-00:00,2022-09-01T19:45:00-00:00,2022-09-01,13,BNTACRB_6_N001,BNTACRB_6_N001,BNTACRB_6_N001,RTPD,MCC,LMP_CONG_PRC,BNTACRB_6_N001,ALL,1,-12.72038,3,2
2022-09-01T20:30:00-00:00,2022-09-01T20:45:00-00:00,2022-09-01,14,BNTACRB_6_N001,BNTACRB_6_N001,BNTACRB_6_N001,RTPD,MCC,LMP_CONG_PRC,BNTACRB_6_N001,ALL,1,-12.87578,3,2
2022-09-01T21:30:00-00:00,2022-09-01T21:45:00-00:00,2022-09-01,15,BNTACRB_6_N001,BNTACRB_6_N001,BNTACRB_6_N001,RTPD,MCC,LMP_CONG_PRC,BNTACRB_6_N001,ALL,1,-24.76933,3,2
2022-09-01T22:30:00-00:00,2022-09-01T22:45:00-00:00,2022-09-01,16,BNTACRB_6_N001,BNTACRB_6_N001,BNTACRB_6_N001,RTPD,MCC,LMP_CONG_PRC,BNTACRB_6_N001,ALL,1,-127.44162,3,2
2022-09-01T23:30:00-00:00,2022-09-01T23:45:00-00:00,2022-09-01,17,BNTACRB_6_N001,BNTACRB_6_N001,BNTACRB_6_N001,RTPD,MCC,LMP_CONG_PRC,BNTACRB_6_N001,ALL,1,0,3,2
2022-09-02T00:30:00-00:00,2022-09-02T00:45:00-00:00,2022-09-01,18,BNTACRB_6_N001,BNTACRB_6_N001,BNTACRB_6_N001,RTPD,MCC,LMP_CONG_PRC,BNTACRB_6_N001,ALL,1,459.82407,3,2
2022-09-02T01:30:00-00:00,2022-09-02T01:45:00-00:00,2022-09-01,19,BNTACRB_6_N001,BNTACRB_6_N001,BNTACRB_6_N001,RTPD,MCC,LMP_CONG_PRC,BNTACRB_6_N001,ALL,1,0,3,2
2022-09-02T02:30:00-00:00,2022-09-02T02:45:00-00:00,2022-09-01,20,BNTACRB_6_N001,BNTACRB_6_N001,BNTACRB_6_N001,RTPD,MCC,LMP_CONG_PRC,BNTACRB_6_N001,ALL,1,0,3,2
2022-09-02T03:30:00-00:00,2022-09-02T03:45:00-00:00,2022-09-01,21,BNTACRB_6_N001,BNTACRB_6_N001,BNTACRB_6_N001,RTPD,MCC,LMP_CONG_PRC,BNTACRB_6_N001,ALL,1,32.46562,3,2
2022-09-02T04:30:00-00:00,2022-09-02T04:45:00-00:00,2022-09-01,22,BNTACRB_6_N001,BNTACRB_6_N001,BNTACRB_6_N001,RTPD,MCC,LMP_CONG_PRC,BNTACRB_6_N001,ALL,1,0,3,2
2022-09-02T05:30:00-00:00,2022-09-02T05:45:00-00:00,2022-09-01,23,BNTACRB_6_N001,BNTACRB_6_N001,BNTACRB_6_N001,RTPD,MCC,LMP_CONG_PRC,BNTACRB_6_N001,ALL,1,0,3,2
2022-09-02T06:30:00-00:00,2022-09-02T06:45:00-00:00,2022-09-01,24,BNTACRB_6_N001,BNTACRB_6_N001,BNTACRB_6_N001,RTPD,MCC,LMP_CONG_PRC,BNTACRB_6_N001,ALL,1,0,3,2
2022-09-01T07:45:00-00:00,2022-09-01T08:00:00-00:00,2022-09-01,01,BNTACRB_6_N001,BNTACRB_6_N001,BNTACRB_6_N001,RTPD,MCC,LMP_CONG_PRC,BNTACRB_6_N001,ALL,1,-18.47064,4,2
2022-09-01T08:45:00-00:00,2022-09-01T09:00:00-00:00,2022-09-01,02,BNTACRB_6_N001,BNTACRB_6_N001,BNTACRB_6_N001,RTPD,MCC,LMP_CONG_PRC,BNTACRB_6_N001,ALL,1,-4.51909,4,2
2022-09-01T09:45:00-00:00,2022-09-01T10:00:00-00:00,2022-09-01,03,BNTACRB_6_N001,BNTACRB_6_N001,BNTACRB_6_N001,RTPD,MCC,LMP_CONG_PRC,BNTACRB_6_N001,ALL,1,-5.21993,4,2
2022-09-01T10:45:00-00:00,2022-09-01T11:00:00-00:00,2022-09-01,04,BNTACRB_6_N001,BNTACRB_6_N001,BNTACRB_6_N001,RTPD,MCC,LMP_CONG_PRC,BNTACRB_6_N001,ALL,1,-1.22657,4,2
2022-09-01T11:45:00-00:00,2022-09-01T12:00:00-00:00,2022-09-01,05,BNTACRB_6_N001,BNTACRB_6_N001,BNTACRB_6_N001,RTPD,MCC,LMP_CONG_PRC,BNTACRB_6_N001,ALL,1,0,4,2
2022-09-01T12:45:00-00:00,2022-09-01T13:00:00-00:00,2022-09-01,06,BNTACRB_6_N001,BNTACRB_6_N001,BNTACRB_6_N001,RTPD,MCC,LMP_CONG_PRC,BNTACRB_6_N001,ALL,1,-2.35661,4,2
2022-09-01T13:45:00-00:00,2022-09-01T14:00:00-00:00,2022-09-01,07,BNTACRB_6_N001,BNTACRB_6_N001,BNTACRB_6_N001,RTPD,MCC,LMP_CONG_PRC,BNTACRB_6_N001,ALL,1,0,4,2
2022-09-01T14:45:00-00:00,2022-09-01T15:00:00-00:00,2022-09-01,08,BNTACRB_6_N001,BNTACRB_6_N001,BNTACRB_6_N001,RTPD,MCC,LMP_CONG_PRC,BNTACRB_6_N001,ALL,1,0,4,2
2022-09-01T15:45:00-00:00,2022-09-01T16:00:00-00:00,2022-09-01,09,BNTACRB_6_N001,BNTACRB_6_N001,BNTACRB_6_N001,RTPD,MCC,LMP_CONG_PRC,BNTACRB_6_N001,ALL,1,0,4,2
2022-09-01T16:45:00-00:00,2022-09-01T17:00:00-00:00,2022-09-01,10,BNTACRB_6_N001,BNTACRB_6_N001,BNTACRB_6_N001,RTPD,MCC,LMP_CONG_PRC,BNTACRB_6_N001,ALL,1,-12.42383,4,2
2022-09-01T17:45:00-00:00,2022-09-01T18:00:00-00:00,2022-09-01,11,BNTACRB_6_N001,BNTACRB_6_N001,BNTACRB_6_N001,RTPD,MCC,LMP_CONG_PRC,BNTACRB_6_N001,ALL,1,-20.24415,4,2
2022-09-01T18:45:00-00:00,2022-09-01T19:00:00-00:00,2022-09-01,12,BNTACRB_6_N001,BNTACRB_6_N001,BNTACRB_6_N001,RTPD,MCC,LMP_CONG_PRC,BNTACRB_6_N001,ALL,1,-27.62137,4,2
2022-09-01T19:45:00-00:00,2022-09-01T20:00:00-00:00,2022-09-01,13,BNTACRB_6_N001,BNTACRB_6_N001,BNTACRB_6_N001,RTPD,MCC,LMP_CONG_PRC,BNTACRB_6_N001,ALL,1,-13.78167,4,2
2022-09-01T20:45:00-00:00,2022-09-01T21:00:00-00:00,2022-09-01,14,BNTACRB_6_N001,BNTACRB_6_N001,BNTACRB_6_N001,RTPD,MCC,LMP_CONG_PRC,BNTACRB_6_N001,ALL,1,-28.51576,4,2
2022-09-01T21:45:00-00:00,2022-09-01T22:00:00-00:00,2022-09-01,15,BNTACRB_6_N001,BNTACRB_6_N001,BNTACRB_6_N001,RTPD,MCC,LMP_CONG_PRC,BNTACRB_6_N001,ALL,1,-89.98845,4,2
2022-09-01T22:45:00-00:00,2022-09-01T23:00:00-00:00,2022-09-01,16,BNTACRB_6_N001,BNTACRB_6_N001,BNTACRB_6_N001,RTPD,MCC,LMP_CONG_PRC,BNTACRB_6_N001,ALL,1,-258.84332,4,2
2022-09-01T23:45:00-00:00,2022-09-02T00:00:00-00:00,2022-09-01,17,BNTACRB_6_N001,BNTACRB_6_N001,BNTACRB_6_N001,RTPD,MCC,LMP_CONG_PRC,BNTACRB_6_N001,ALL,1,402.28717,4,2
2022-09-02T00:45:00-00:00,2022-09-02T01:00:00-00:00,2022-09-01,18,BNTACRB_6_N001,BNTACRB_6_N001,BNTACRB_6_N001,RTPD,MCC,LMP_CONG_PRC,BNTACRB_6_N001,ALL,1,289.5102,4,2
2022-09-02T01:45:00-00:00,2022-09-02T02:00:00-00:00,2022-09-01,19,BNTACRB_6_N001,BNTACRB_6_N001,BNTACRB_6_N001,RTPD,MCC,LMP_CONG_PRC,BNTACRB_6_N001,ALL,1,0,4,2
2022-09-02T02:45:00-00:00,2022-09-02T03:00:00-00:00,2022-09-01,20,BNTACRB_6_N001,BNTACRB_6_N001,BNTACRB_6_N001,RTPD,MCC,LMP_CONG_PRC,BNTACRB_6_N001,ALL,1,131.26414,4,2
2022-09-02T03:45:00-00:00,2022-09-02T04:00:00-00:00,2022-09-01,21,BNTACRB_6_N001,BNTACRB_6_N001,BNTACRB_6_N001,RTPD,MCC,LMP_CONG_PRC,BNTACRB_6_N001,ALL,1,18.90808,4,2
2022-09-02T04:45:00-00:00,2022-09-02T05:00:00-00:00,2022-09-01,22,BNTACRB_6_N001,BNTACRB_6_N001,BNTACRB_6_N001,RTPD,MCC,LMP_CONG_PRC,BNTACRB_6_N001,ALL,1,0,4,2
2022-09-02T05:45:00-00:00,2022-09-02T06:00:00-00:00,2022-09-01,23,BNTACRB_6_N001,BNTACRB_6_N001,BNTACRB_6_N001,RTPD,MCC,LMP_CONG_PRC,BNTACRB_6_N001,ALL,1,-4.40085,4,2
2022-09-02T06:45:00-00:00,2022-09-02T07:00:00-00:00,2022-09-01,24,BNTACRB_6_N001,BNTACRB_6_N001,BNTACRB_6_N001,RTPD,MCC,LMP_CONG_PRC,BNTACRB_6_N001,ALL,1,0,4,2
2022-09-01T07:00:00-00:00,2022-09-01T07:15:00-00:00,2022-09-01,01,BNTACRB_6_N001,BNTACRB_6_N001,BNTACRB_6_N001,RTPD,MCE,LMP_ENE_PRC,BNTACRB_6_N001,ALL,1,104.23471,1,3
2022-09-01T08:00:00-00:00,2022-09-01T08:15:00-00:00,2022-09-01,02,BNTACRB_6_N001,BNTACRB_6_N001,BNTACRB_6_N001,RTPD,MCE,LMP_ENE_PRC,BNTACRB_6_N001,ALL,1,115.5488,1,3
2022-09-01T09:00:00-00:00,2022-09-01T09:15:00-00:00,2022-09-01,03,BNTACRB_6_N001,BNTACRB_6_N001,BNTACRB_6_N001,RTPD,MCE,LMP_ENE_PRC,BNTACRB_6_N001,ALL,1,99.73061,1,3
2022-09-01T10:00:00-00:00,2022-09-01T10:15:00-00:00,2022-09-01,04,BNTACRB_6_N001,BNTACRB_6_N001,BNTACRB_6_N001,RTPD,MCE,LMP_ENE_PRC,BNTACRB_6_N001,ALL,1,98.64222,1,3
2022-09-01T11:00:00-00:00,2022-09-01T11:15:00-00:00,2022-09-01,05,BNTACRB_6_N001,BNTACRB_6_N001,BNTACRB_6_N001,RTPD,MCE,LMP_ENE_PRC,BNTACRB_6_N001,ALL,1,102.56859,1,3
2022-09-01T12:00:00-00:00,2022-09-01T12:15:00-00:00,2022-09-01,06,BNTACRB_6_N001,BNTACRB_6_N001,BNTACRB_6_N001,RTPD,MCE,LMP_ENE_PRC,BNTACRB_6_N001,ALL,1,96.90845,1,3
2022-09-01T13:00:00-00:00,2022-09-01T13:15:00-00:00,2022-09-01,07,BNTACRB_6_N001,BNTACRB_6_N001,BNTACRB_6_N001,RTPD,MCE,LMP_ENE_PRC,BNTACRB_6_N001,ALL,1,101.80878,1,3
2022-09-01T14:00:00-00:00,2022-09-01T14:15:00-00:00,2022-09-01,08,BNTACRB_6_N001,BNTACRB_6_N001,BNTACRB_6_N001,RTPD,MCE,LMP_ENE_PRC,BNTACRB_6_N001,ALL,1,111.11219,1,3
2022-09-01T15:00:00-00:00,2022-09-01T15:15:00-00:00,2022-09-01,09,BNTACRB_6_N001,BNTACRB_6_N001,BNTACRB_6_N001,RTPD,MCE,LMP_ENE_PRC,BNTACRB_6_N001,ALL,1,97.4112,1,3
2022-09-01T16:00:00-00:00,2022-09-01T16:15:00-00:00,2022-09-01,10,BNTACRB_6_N001,BNTACRB_6_N001,BNTACRB_6_N001,RTPD,MCE,LMP_ENE_PRC,BNTACRB_6_N001,ALL,1,83.43525,1,3
2022-09-01T17:00:00-00:00,2022-09-01T17:15:00-00:00,2022-09-01,11,BNTACRB_6_N001,BNTACRB_6_N001,BNTACRB_6_N001,RTPD,MCE,LMP_ENE_PRC,BNTACRB_6_N001,ALL,1,96.94897,1,3
2022-09-01T18:00:00-00:00,2022-09-01T18:15:00-00:00,2022-09-01,12,BNTACRB_6_N001,BNTACRB_6_N001,BNTACRB_6_N001,RTPD,MCE,LMP_ENE_PRC,BNTACRB_6_N001,ALL,1,91.59291,1,3
2022-09-01T19:00:00-00:00,2022-09-01T19:15:00-00:00,2022-09-01,13,BNTACRB_6_N001,BNTACRB_6_N001,BNTACRB_6_N001,RTPD,MCE,LMP_ENE_PRC,BNTACRB_6_N001,ALL,1,109.19637,1,3
2022-09-01T20:00:00-00:00,2022-09-01T20:15:00-00:00,2022-09-01,14,BNTACRB_6_N001,BNTACRB_6_N001,BNTACRB_6_N001,RTPD,MCE,LMP_ENE_PRC,BNTACRB_6_N001,ALL,1,117.94359,1,3
2022-09-01T21:00:00-00:00,2022-09-01T21:15:00-00:00,2022-09-01,15,BNTACRB_6_N001,BNTACRB_6_N001,BNTACRB_6_N001,RTPD,MCE,LMP_ENE_PRC,BNTACRB_6_N001,ALL,1,226.61499,1,3
2022-09-01T22:00:00-00:00,2022-09-01T22:15:00-00:00,2022-09-01,16,BNTACRB_6_N001,BNTACRB_6_N001,BNTACRB_6_N001,RTPD,MCE,LMP_ENE_PRC,BNTACRB_6_N001,ALL,1,229.18552,1,3
2022-09-01T23:00:00-00:00,2022-09-01T23:15:00-00:00,2022-09-01,17,BNTACRB_6_N001,BNTACRB_6_N001,BNTACRB_6_N001,RTPD,MCE,LMP_ENE_PRC,BNTACRB_6_N001,ALL,1,386.7537,1,3
2022-09-02T00:00:00-00:00,2022-09-02T00:15:00-00:00,2022-09-01,18,BNTACRB_6_N001,BNTACRB_6_N001,BNTACRB_6_N001,RTPD,MCE,LMP_ENE_PRC,BNTACRB_6_N001,ALL,1,770.58136,1,3
2022-09-02T01:00:00-00:00,2022-09-02T01:15:00-00:00,2022-09-01,19,BNTACRB_6_N001,BNTACRB_6_N001,BNTACRB_6_N001,RTPD,MCE,LMP_ENE_PRC,BNTACRB_6_N001,ALL,1,916.27124,1,3
2022-09-02T02:00:00-00:00,2022-09-02T02:15:00-00:00,2022-09-01,20,BNTACRB_6_N001,BNTACRB_6_N001,BNTACRB_6_N001,RTPD,MCE,LMP_ENE_PRC,BNTACRB_6_N001,ALL,1,1991.6721,1,3
2022-09-02T03:00:00-00:00,2022-09-02T03:15:00-00:00,2022-09-01,21,BNTACRB_6_N001,BNTACRB_6_N001,BNTACRB_6_N001,RTPD,MCE,LMP_ENE_PRC,BNTACRB_6_N001,ALL,1,917.5508,1,3
2022-09-02T04:00:00-00:00,2022-09-02T04:15:00-00:00,2022-09-01,22,BNTACRB_6_N001,BNTACRB_6_N001,BNTACRB_6_N001,RTPD,MCE,LMP_ENE_PRC,BNTACRB_6_N001,ALL,1,257.83005,1,3
2022-09-02T05:00:00-00:00,2022-09-02T05:15:00-00:00,2022-09-01,23,BNTACRB_6_N001,BNTACRB_6_N001,BNTACRB_6_N001,RTPD,MCE,LMP_ENE_PRC,BNTACRB_6_N001,ALL,1,183.24657,1,3
2022-09-02T06:00:00-00:00,2022-09-02T06:15:00-00:00,2022-09-01,24,BNTACRB_6_N001,BNTACRB_6_N001,BNTACRB_6_N001,RTPD,MCE,LMP_ENE_PRC,BNTACRB_6_N001,ALL,1,158.867,1,3
2022-09-01T07:15:00-00:00,2022-09-01T07:30:00-00:00,2022-09-01,01,BNTACRB_6_N001,BNTACRB_6_N001,BNTACRB_6_N001,RTPD,MCE,LMP_ENE_PRC,BNTACRB_6_N001,ALL,1,125.55144,2,3
2022-09-01T08:15:00-00:00,2022-09-01T08:30:00-00:00,2022-09-01,02,BNTACRB_6_N001,BNTACRB_6_N001,BNTACRB_6_N001,RTPD,MCE,LMP_ENE_PRC,BNTACRB_6_N001,ALL,1,115.53165,2,3
2022-09-01T09:15:00-00:00,2022-09-01T09:30:00-00:00,2022-09-01,03,BNTACRB_6_N001,BNTACRB_6_N001,BNTACRB_6_N001,RTPD,MCE,LMP_ENE_PRC,BNTACRB_6_N001,ALL,1,98.30543,2,3
2022-09-01T10:15:00-00:00,2022-09-01T10:30:00-00:00,2022-09-01,04,BNTACRB_6_N001,BNTACRB_6_N001,BNTACRB_6_N001,RTPD,MCE,LMP_ENE_PRC,BNTACRB_6_N001,ALL,1,97.00684,2,3
2022-09-01T11:15:00-00:00,2022-09-01T11:30:00-00:00,2022-09-01,05,BNTACRB_6_N001,BNTACRB_6_N001,BNTACRB_6_N001,RTPD,MCE,LMP_ENE_PRC,BNTACRB_6_N001,ALL,1,103.09059,2,3
2022-09-01T12:15:00-00:00,2022-09-01T12:30:00-00:00,2022-09-01,06,BNTACRB_6_N001,BNTACRB_6_N001,BNTACRB_6_N001,RTPD,MCE,LMP_ENE_PRC,BNTACRB_6_N001,ALL,1,109.32203,2,3
2022-09-01T13:15:00-00:00,2022-09-01T13:30:00-00:00,2022-09-01,07,BNTACRB_6_N001,BNTACRB_6_N001,BNTACRB_6_N001,RTPD,MCE,LMP_ENE_PRC,BNTACRB_6_N001,ALL,1,110.97827,2,3
2022-09-01T14:15:00-00:00,2022-09-01T14:30:00-00:00,2022-09-01,08,BNTACRB_6_N001,BNTACRB_6_N001,BNTACRB_6_N001,RTPD,MCE,LMP_ENE_PRC,BNTACRB_6_N001,ALL,1,104.78743,2,3
2022-09-01T15:15:00-00:00,2022-09-01T15:30:00-00:00,2022-09-01,09,BNTACRB_6_N001,BNTACRB_6_N001,BNTACRB_6_N001,RTPD,MCE,LMP_ENE_PRC,BNTACRB_6_N001,ALL,1,86.9388,2,3
2022-09-01T16:15:00-00:00,2022-09-01T16:30:00-00:00,2022-09-01,10,BNTACRB_6_N001,BNTACRB_6_N001,BNTACRB_6_N001,RTPD,MCE,LMP_ENE_PRC,BNTACRB_6_N001,ALL,1,89.44858,2,3
2022-09-01T17:15:00-00:00,2022-09-01T17:30:00-00:00,2022-09-01,11,BNTACRB_6_N001,BNTACRB_6_N001,BNTACRB_6_N001,RTPD,MCE,LMP_ENE_PRC,BNTACRB_6_N001,ALL,1,99.34673,2,3
2022-09-01T18:15:00-00:00,2022-09-01T18:30:00-00:00,2022-09-01,12,BNTACRB_6_N001,BNTACRB_6_N001,BNTACRB_6_N001,RTPD,MCE,LMP_ENE_PRC,BNTACRB_6_N001,ALL,1,101.15901,2,3
2022-09-01T19:15:00-00:00,2022-09-01T19:30:00-00:00,2022-09-01,13,BNTACRB_6_N001,BNTACRB_6_N001,BNTACRB_6_N001,RTPD,MCE,LMP_ENE_PRC,BNTACRB_6_N001,ALL,1,105.30588,2,3
2022-09-01T20:15:00-00:00,2022-09-01T20:30:00-00:00,2022-09-01,14,BNTACRB_6_N001,BNTACRB_6_N001,BNTACRB_6_N001,RTPD,MCE,LMP_ENE_PRC,BNTACRB_6_N001,ALL,1,117.49421,2,3
2022-09-01T21:15:00-00:00,2022-09-01T21:30:00-00:00,2022-09-01,15,BNTACRB_6_N001,BNTACRB_6_N001,BNTACRB_6_N001,RTPD,MCE,LMP_ENE_PRC,BNTACRB_6_N001,ALL,1,147.21185,2,3
2022-09-01T22:15:00-00:00,2022-09-01T22:30:00-00:00,2022-09-01,16,BNTACRB_6_N001,BNTACRB_6_N001,BNTACRB_6_N001,RTPD,MCE,LMP_ENE_PRC,BNTACRB_6_N001,ALL,1,256.58734,2,3
2022-09-01T23:15:00-00:00,2022-09-01T23:30:00-00:00,2022-09-01,17,BNTACRB_6_N001,BNTACRB_6_N001,BNTACRB_6_N001,RTPD,MCE,LMP_ENE_PRC,BNTACRB_6_N001,ALL,1,362.12408,2,3
2022-09-02T00:15:00-00:00,2022-09-02T00:30:00-00:00,2022-09-01,18,BNTACRB_6_N001,BNTACRB_6_N001,BNTACRB_6_N001,RTPD,MCE,LMP_ENE_PRC,BNTACRB_6_N001,ALL,1,691.2182,2,3
2022-09-02T01:15:00-00:00,2022-09-02T01:30:00-00:00,2022-09-01,19,BNTACRB_6_N001,BNTACRB_6_N001,BNTACRB_6_N001,RTPD,MCE,LMP_ENE_PRC,BNTACRB_6_N001,ALL,1,1999.9933,2,3
2022-09-02T02:15:00-00:00,2022-09-02T02:30:00-00:00,2022-09-01,20,BNTACRB_6_N001,BNTACRB_6_N001,BNTACRB_6_N001,RTPD,MCE,LMP_ENE_PRC,BNTACRB_6_N001,ALL,1,1991.6721,2,3
2022-09-02T03:15:00-00:00,2022-09-02T03:30:00-00:00,2022-09-01,21,BNTACRB_6_N001,BNTACRB_6_N001,BNTACRB_6_N001,RTPD,MCE,LMP_ENE_PRC,BNTACRB_6_N001,ALL,1,400.52884,2,3
2022-09-02T04:15:00-00:00,2022-09-02T04:30:00-00:00,2022-09-01,22,BNTACRB_6_N001,BNTACRB_6_N001,BNTACRB_6_N001,RTPD,MCE,LMP_ENE_PRC,BNTACRB_6_N001,ALL,1,224.75041,2,3
2022-09-02T05:15:00-00:00,2022-09-02T05:30:00-00:00,2022-09-01,23,BNTACRB_6_N001,BNTACRB_6_N001,BNTACRB_6_N001,RTPD,MCE,LMP_ENE_PRC,BNTACRB_6_N001,ALL,1,157.11986,2,3
2022-09-02T06:15:00-00:00,2022-09-02T06:30:00-00:00,2022-09-01,24,BNTACRB_6_N001,BNTACRB_6_N001,BNTACRB_6_N001,RTPD,MCE,LMP_ENE_PRC,BNTACRB_6_N001,ALL,1,143.1005,2,3
2022-09-01T07:30:00-00:00,2022-09-01T07:45:00-00:00,2022-09-01,01,BNTACRB_6_N001,BNTACRB_6_N001,BNTACRB_6_N001,RTPD,MCE,LMP_ENE_PRC,BNTACRB_6_N001,ALL,1,119.03196,3,3
2022-09-01T08:30:00-00:00,2022-09-01T08:45:00-00:00,2022-09-01,02,BNTACRB_6_N001,BNTACRB_6_N001,BNTACRB_6_N001,RTPD,MCE,LMP_ENE_PRC,BNTACRB_6_N001,ALL,1,111.11241,3,3
2022-09-01T09:30:00-00:00,2022-09-01T09:45:00-00:00,2022-09-01,03,BNTACRB_6_N001,BNTACRB_6_N001,BNTACRB_6_N001,RTPD,MCE,LMP_ENE_PRC,BNTACRB_6_N001,ALL,1,98.16228,3,3
2022-09-01T10:30:00-00:00,2022-09-01T10:45:00-00:00,2022-09-01,04,BNTACRB_6_N001,BNTACRB_6_N001,BNTACRB_6_N001,RTPD,MCE,LMP_ENE_PRC,BNTACRB_6_N001,ALL,1,96.36226,3,3
2022-09-01T11:30:00-00:00,2022-09-01T11:45:00-00:00,2022-09-01,05,BNTACRB_6_N001,BNTACRB_6_N001,BNTACRB_6_N001,RTPD,MCE,LMP_ENE_PRC,BNTACRB_6_N001,ALL,1,103.06198,3,3
2022-09-01T12:30:00-00:00,2022-09-01T12:45:00-00:00,2022-09-01,06,BNTACRB_6_N001,BNTACRB_6_N001,BNTACRB_6_N001,RTPD,MCE,LMP_ENE_PRC,BNTACRB_6_N001,ALL,1,113.57403,3,3
2022-09-01T13:30:00-00:00,2022-09-01T13:45:00-00:00,2022-09-01,07,BNTACRB_6_N001,BNTACRB_6_N001,BNTACRB_6_N001,RTPD,MCE,LMP_ENE_PRC,BNTACRB_6_N001,ALL,1,111.52025,3,3
2022-09-01T14:30:00-00:00,2022-09-01T14:45:00-00:00,2022-09-01,08,BNTACRB_6_N001,BNTACRB_6_N001,BNTACRB_6_N001,RTPD,MCE,LMP_ENE_PRC,BNTACRB_6_N001,ALL,1,101.83428,3,3
2022-09-01T15:30:00-00:00,2022-09-01T15:45:00-00:00,2022-09-01,09,BNTACRB_6_N001,BNTACRB_6_N001,BNTACRB_6_N001,RTPD,MCE,LMP_ENE_PRC,BNTACRB_6_N001,ALL,1,86.1388,3,3
2022-09-01T16:30:00-00:00,2022-09-01T16:45:00-00:00,2022-09-01,10,BNTACRB_6_N001,BNTACRB_6_N001,BNTACRB_6_N001,RTPD,MCE,LMP_ENE_PRC,BNTACRB_6_N001,ALL,1,88.79644,3,3
2022-09-01T17:30:00-00:00,2022-09-01T17:45:00-00:00,2022-09-01,11,BNTACRB_6_N001,BNTACRB_6_N001,BNTACRB_6_N001,RTPD,MCE,LMP_ENE_PRC,BNTACRB_6_N001,ALL,1,99.13013,3,3
2022-09-01T18:30:00-00:00,2022-09-01T18:45:00-00:00,2022-09-01,12,BNTACRB_6_N001,BNTACRB_6_N001,BNTACRB_6_N001,RTPD,MCE,LMP_ENE_PRC,BNTACRB_6_N001,ALL,1,107.05718,3,3
2022-09-01T19:30:00-00:00,2022-09-01T19:45:00-00:00,2022-09-01,13,BNTACRB_6_N001,BNTACRB_6_N001,BNTACRB_6_N001,RTPD,MCE,LMP_ENE_PRC,BNTACRB_6_N001,ALL,1,114.05905,3,3
2022-09-01T20:30:00-00:00,2022-09-01T20:45:00-00:00,2022-09-01,14,BNTACRB_6_N001,BNTACRB_6_N001,BNTACRB_6_N001,RTPD,MCE,LMP_ENE_PRC,BNTACRB_6_N001,ALL,1,129.81606,3,3
2022-09-01T21:30:00-00:00,2022-09-01T21:45:00-00:00,2022-09-01,15,BNTACRB_6_N001,BNTACRB_6_N001,BNTACRB_6_N001,RTPD,MCE,LMP_ENE_PRC,BNTACRB_6_N001,ALL,1,152.93057,3,3
2022-09-01T22:30:00-00:00,2022-09-01T22:45:00-00:00,2022-09-01,16,BNTACRB_6_N001,BNTACRB_6_N001,BNTACRB_6_N001,RTPD,MCE,LMP_ENE_PRC,BNTACRB_6_N001,ALL,1,283.18182,3,3
2022-09-01T23:30:00-00:00,2022-09-01T23:45:00-00:00,2022-09-01,17,BNTACRB_6_N001,BNTACRB_6_N001,BNTACRB_6_N001,RTPD,MCE,LMP_ENE_PRC,BNTACRB_6_N001,ALL,1,566.48157,3,3
2022-09-02T00:30:00-00:00,2022-09-02T00:45:00-00:00,2022-09-01,18,BNTACRB_6_N001,BNTACRB_6_N001,BNTACRB_6_N001,RTPD,MCE,LMP_ENE_PRC,BNTACRB_6_N001,ALL,1,1329.1127,3,3
2022-09-02T01:30:00-00:00,2022-09-02T01:45:00-00:00,2022-09-01,19,BNTACRB_6_N001,BNTACRB_6_N001,BNTACRB_6_N001,RTPD,MCE,LMP_ENE_PRC,BNTACRB_6_N001,ALL,1,1999.9956,3,3
2022-09-02T02:30:00-00:00,2022-09-02T02:45:00-00:00,2022-09-01,20,BNTACRB_6_N001,BNTACRB_6_N001,BNTACRB_6_N001,RTPD,MCE,LMP_ENE_PRC,BNTACRB_6_N001,ALL,1,1991.671,3,3
2022-09-02T03:30:00-00:00,2022-09-02T03:45:00-00:00,2022-09-01,21,BNTACRB_6_N001,BNTACRB_6_N001,BNTACRB_6_N001,RTPD,MCE,LMP_ENE_PRC,BNTACRB_6_N001,ALL,1,186.61823,3,3
2022-09-02T04:30:00-00:00,2022-09-02T04:45:00-00:00,2022-09-01,22,BNTACRB_6_N001,BNTACRB_6_N001,BNTACRB_6_N001,RTPD,MCE,LMP_ENE_PRC,BNTACRB_6_N001,ALL,1,180.67824,3,3
2022-09-02T05:30:00-00:00,2022-09-02T05:45:00-00:00,2022-09-01,23,BNTACRB_6_N001,BNTACRB_6_N001,BNTACRB_6_N001,RTPD,MCE,LMP_ENE_PRC,BNTACRB_6_N001,ALL,1,131.69917,3,3
2022-09-02T06:30:00-00:00,2022-09-02T06:45:00-00:00,2022-09-01,24,BNTACRB_6_N001,BNTACRB_6_N001,BNTACRB_6_N001,RTPD,MCE,LMP_ENE_PRC,BNTACRB_6_N001,ALL,1,128.9871,3,3
2022-09-01T07:45:00-00:00,2022-09-01T08:00:00-00:00,2022-09-01,01,BNTACRB_6_N001,BNTACRB_6_N001,BNTACRB_6_N001,RTPD,MCE,LMP_ENE_PRC,BNTACRB_6_N001,ALL,1,109.12099,4,3
2022-09-01T08:45:00-00:00,2022-09-01T09:00:00-00:00,2022-09-01,02,BNTACRB_6_N001,BNTACRB_6_N001,BNTACRB_6_N001,RTPD,MCE,LMP_ENE_PRC,BNTACRB_6_N001,ALL,1,98.7357,4,3
2022-09-01T09:45:00-00:00,2022-09-01T10:00:00-00:00,2022-09-01,03,BNTACRB_6_N001,BNTACRB_6_N001,BNTACRB_6_N001,RTPD,MCE,LMP_ENE_PRC,BNTACRB_6_N001,ALL,1,97.50475,4,3
2022-09-01T10:45:00-00:00,2022-09-01T11:00:00-00:00,2022-09-01,04,BNTACRB_6_N001,BNTACRB_6_N001,BNTACRB_6_N001,RTPD,MCE,LMP_ENE_PRC,BNTACRB_6_N001,ALL,1,94.71966,4,3
2022-09-01T11:45:00-00:00,2022-09-01T12:00:00-00:00,2022-09-01,05,BNTACRB_6_N001,BNTACRB_6_N001,BNTACRB_6_N001,RTPD,MCE,LMP_ENE_PRC,BNTACRB_6_N001,ALL,1,107.01,4,3
2022-09-01T12:45:00-00:00,2022-09-01T13:00:00-00:00,2022-09-01,06,BNTACRB_6_N001,BNTACRB_6_N001,BNTACRB_6_N001,RTPD,MCE,LMP_ENE_PRC,BNTACRB_6_N001,ALL,1,116.4848,4,3
2022-09-01T13:45:00-00:00,2022-09-01T14:00:00-00:00,2022-09-01,07,BNTACRB_6_N001,BNTACRB_6_N001,BNTACRB_6_N001,RTPD,MCE,LMP_ENE_PRC,BNTACRB_6_N001,ALL,1,111.41,4,3
2022-09-01T14:45:00-00:00,2022-09-01T15:00:00-00:00,2022-09-01,08,BNTACRB_6_N001,BNTACRB_6_N001,BNTACRB_6_N001,RTPD,MCE,LMP_ENE_PRC,BNTACRB_6_N001,ALL,1,86.1388,4,3
2022-09-01T15:45:00-00:00,2022-09-01T16:00:00-00:00,2022-09-01,09,BNTACRB_6_N001,BNTACRB_6_N001,BNTACRB_6_N001,RTPD,MCE,LMP_ENE_PRC,BNTACRB_6_N001,ALL,1,78.70076,4,3
2022-09-01T16:45:00-00:00,2022-09-01T17:00:00-00:00,2022-09-01,10,BNTACRB_6_N001,BNTACRB_6_N001,BNTACRB_6_N001,RTPD,MCE,LMP_ENE_PRC,BNTACRB_6_N001,ALL,1,91.24933,4,3
2022-09-01T17:45:00-00:00,2022-09-01T18:00:00-00:00,2022-09-01,11,BNTACRB_6_N001,BNTACRB_6_N001,BNTACRB_6_N001,RTPD,MCE,LMP_ENE_PRC,BNTACRB_6_N001,ALL,1,99.20544,4,3
2022-09-01T18:45:00-00:00,2022-09-01T19:00:00-00:00,2022-09-01,12,BNTACRB_6_N001,BNTACRB_6_N001,BNTACRB_6_N001,RTPD,MCE,LMP_ENE_PRC,BNTACRB_6_N001,ALL,1,109.04064,4,3
2022-09-01T19:45:00-00:00,2022-09-01T20:00:00-00:00,2022-09-01,13,BNTACRB_6_N001,BNTACRB_6_N001,BNTACRB_6_N001,RTPD,MCE,LMP_ENE_PRC,BNTACRB_6_N001,ALL,1,120.22491,4,3
2022-09-01T20:45:00-00:00,2022-09-01T21:00:00-00:00,2022-09-01,14,BNTACRB_6_N001,BNTACRB_6_N001,BNTACRB_6_N001,RTPD,MCE,LMP_ENE_PRC,BNTACRB_6_N001,ALL,1,154.02509,4,3
2022-09-01T21:45:00-00:00,2022-09-01T22:00:00-00:00,2022-09-01,15,BNTACRB_6_N001,BNTACRB_6_N001,BNTACRB_6_N001,RTPD,MCE,LMP_ENE_PRC,BNTACRB_6_N001,ALL,1,300.29376,4,3
2022-09-01T22:45:00-00:00,2022-09-01T23:00:00-00:00,2022-09-01,16,BNTACRB_6_N001,BNTACRB_6_N001,BNTACRB_6_N001,RTPD,MCE,LMP_ENE_PRC,BNTACRB_6_N001,ALL,1,429.9137,4,3
2022-09-01T23:45:00-00:00,2022-09-02T00:00:00-00:00,2022-09-01,17,BNTACRB_6_N001,BNTACRB_6_N001,BNTACRB_6_N001,RTPD,MCE,LMP_ENE_PRC,BNTACRB_6_N001,ALL,1,1261.2124,4,3
2022-09-02T00:45:00-00:00,2022-09-02T01:00:00-00:00,2022-09-01,18,BNTACRB_6_N001,BNTACRB_6_N001,BNTACRB_6_N001,RTPD,MCE,LMP_ENE_PRC,BNTACRB_6_N001,ALL,1,1519.149,4,3
2022-09-02T01:45:00-00:00,2022-09-02T02:00:00-00:00,2022-09-01,19,BNTACRB_6_N001,BNTACRB_6_N001,BNTACRB_6_N001,RTPD,MCE,LMP_ENE_PRC,BNTACRB_6_N001,ALL,1,1991.9337,4,3
2022-09-02T02:45:00-00:00,2022-09-02T03:00:00-00:00,2022-09-01,20,BNTACRB_6_N001,BNTACRB_6_N001,BNTACRB_6_N001,RTPD,MCE,LMP_ENE_PRC,BNTACRB_6_N001,ALL,1,1629.6213,4,3
2022-09-02T03:45:00-00:00,2022-09-02T04:00:00-00:00,2022-09-01,21,BNTACRB_6_N001,BNTACRB_6_N001,BNTACRB_6_N001,RTPD,MCE,LMP_ENE_PRC,BNTACRB_6_N001,ALL,1,141.13702,4,3
2022-09-02T04:45:00-00:00,2022-09-02T05:00:00-00:00,2022-09-01,22,BNTACRB_6_N001,BNTACRB_6_N001,BNTACRB_6_N001,RTPD,MCE,LMP_ENE_PRC,BNTACRB_6_N001,ALL,1,126.76372,4,3
2022-09-02T05:45:00-00:00,2022-09-02T06:00:00-00:00,2022-09-01,23,BNTACRB_6_N001,BNTACRB_6_N001,BNTACRB_6_N001,RTPD,MCE,LMP_ENE_PRC,BNTACRB_6_N001,ALL,1,119.00958,4,3
2022-09-02T06:45:00-00:00,2022-09-02T07:00:00-00:00,2022-09-01,24,BNTACRB_6_N001,BNTACRB_6_N001,BNTACRB_6_N001,RTPD,MCE,LMP_ENE_PRC,BNTACRB_6_N001,ALL,1,109.20324,4,3
2022-09-01T07:00:00-00:00,2022-09-01T07:15:00-00:00,2022-09-01,01,BNTACRB_6_N001,BNTACRB_6_N001,BNTACRB_6_N001,RTPD,MCL,LMP_LOSS_PRC,BNTACRB_6_N001,ALL,1,-4.55506,1,4
2022-09-01T08:00:00-00:00,2022-09-01T08:15:00-00:00,2022-09-01,02,BNTACRB_6_N001,BNTACRB_6_N001,BNTACRB_6_N001,RTPD,MCL,LMP_LOSS_PRC,BNTACRB_6_N001,ALL,1,0,1,4
2022-09-01T09:00:00-00:00,2022-09-01T09:15:00-00:00,2022-09-01,03,BNTACRB_6_N001,BNTACRB_6_N001,BNTACRB_6_N001,RTPD,MCL,LMP_LOSS_PRC,BNTACRB_6_N001,ALL,1,1.70539,1,4
2022-09-01T10:00:00-00:00,2022-09-01T10:15:00-00:00,2022-09-01,04,BNTACRB_6_N001,BNTACRB_6_N001,BNTACRB_6_N001,RTPD,MCL,LMP_LOSS_PRC,BNTACRB_6_N001,ALL,1,1.40072,1,4
2022-09-01T11:00:00-00:00,2022-09-01T11:15:00-00:00,2022-09-01,05,BNTACRB_6_N001,BNTACRB_6_N001,BNTACRB_6_N001,RTPD,MCL,LMP_LOSS_PRC,BNTACRB_6_N001,ALL,1,2.15394,1,4
2022-09-01T12:00:00-00:00,2022-09-01T12:15:00-00:00,2022-09-01,06,BNTACRB_6_N001,BNTACRB_6_N001,BNTACRB_6_N001,RTPD,MCL,LMP_LOSS_PRC,BNTACRB_6_N001,ALL,1,1.65713,1,4
2022-09-01T13:00:00-00:00,2022-09-01T13:15:00-00:00,2022-09-01,07,BNTACRB_6_N001,BNTACRB_6_N001,BNTACRB_6_N001,RTPD,MCL,LMP_LOSS_PRC,BNTACRB_6_N001,ALL,1,0,1,4
2022-09-01T14:00:00-00:00,2022-09-01T14:15:00-00:00,2022-09-01,08,BNTACRB_6_N001,BNTACRB_6_N001,BNTACRB_6_N001,RTPD,MCL,LMP_LOSS_PRC,BNTACRB_6_N001,ALL,1,3.54448,1,4
2022-09-01T15:00:00-00:00,2022-09-01T15:15:00-00:00,2022-09-01,09,BNTACRB_6_N001,BNTACRB_6_N001,BNTACRB_6_N001,RTPD,MCL,LMP_LOSS_PRC,BNTACRB_6_N001,ALL,1,0,1,4
2022-09-01T16:00:00-00:00,2022-09-01T16:15:00-00:00,2022-09-01,10,BNTACRB_6_N001,BNTACRB_6_N001,BNTACRB_6_N001,RTPD,MCL,LMP_LOSS_PRC,BNTACRB_6_N001,ALL,1,0,1,4
2022-09-01T17:00:00-00:00,2022-09-01T17:15:00-00:00,2022-09-01,11,BNTACRB_6_N001,BNTACRB_6_N001,BNTACRB_6_N001,RTPD,MCL,LMP_LOSS_PRC,BNTACRB_6_N001,ALL,1,0,1,4
2022-09-01T18:00:00-00:00,2022-09-01T18:15:00-00:00,2022-09-01,12,BNTACRB_6_N001,BNTACRB_6_N001,BNTACRB_6_N001,RTPD,MCL,LMP_LOSS_PRC,BNTACRB_6_N001,ALL,1,0,1,4
2022-09-01T19:00:00-00:00,2022-09-01T19:15:00-00:00,2022-09-01,13,BNTACRB_6_N001,BNTACRB_6_N001,BNTACRB_6_N001,RTPD,MCL,LMP_LOSS_PRC,BNTACRB_6_N001,ALL,1,0,1,4
2022-09-01T20:00:00-00:00,2022-09-01T20:15:00-00:00,2022-09-01,14,BNTACRB_6_N001,BNTACRB_6_N001,BNTACRB_6_N001,RTPD,MCL,LMP_LOSS_PRC,BNTACRB_6_N001,ALL,1,0,1,4
2022-09-01T21:00:00-00:00,2022-09-01T21:15:00-00:00,2022-09-01,15,BNTACRB_6_N001,BNTACRB_6_N001,BNTACRB_6_N001,RTPD,MCL,LMP_LOSS_PRC,BNTACRB_6_N001,ALL,1,0,1,4
2022-09-01T22:00:00-00:00,2022-09-01T22:15:00-00:00,2022-09-01,16,BNTACRB_6_N001,BNTACRB_6_N001,BNTACRB_6_N001,RTPD,MCL,LMP_LOSS_PRC,BNTACRB_6_N001,ALL,1,0,1,4
2022-09-01T23:00:00-00:00,2022-09-01T23:15:00-00:00,2022-09-01,17,BNTACRB_6_N001,BNTACRB_6_N001,BNTACRB_6_N001,RTPD,MCL,LMP_LOSS_PRC,BNTACRB_6_N001,ALL,1,0,1,4
2022-09-02T00:00:00-00:00,2022-09-02T00:15:00-00:00,2022-09-01,18,BNTACRB_6_N001,BNTACRB_6_N001,BNTACRB_6_N001,RTPD,MCL,LMP_LOSS_PRC,BNTACRB_6_N001,ALL,1,22.57803,1,4
2022-09-02T01:00:00-00:00,2022-09-02T01:15:00-00:00,2022-09-01,19,BNTACRB_6_N001,BNTACRB_6_N001,BNTACRB_6_N001,RTPD,MCL,LMP_LOSS_PRC,BNTACRB_6_N001,ALL,1,0,1,4
2022-09-02T02:00:00-00:00,2022-09-02T02:15:00-00:00,2022-09-01,20,BNTACRB_6_N001,BNTACRB_6_N001,BNTACRB_6_N001,RTPD,MCL,LMP_LOSS_PRC,BNTACRB_6_N001,ALL,1,0,1,4
2022-09-02T03:00:00-00:00,2022-09-02T03:15:00-00:00,2022-09-01,21,BNTACRB_6_N001,BNTACRB_6_N001,BNTACRB_6_N001,RTPD,MCL,LMP_LOSS_PRC,BNTACRB_6_N001,ALL,1,39.36293,1,4
2022-09-02T04:00:00-00:00,2022-09-02T04:15:00-00:00,2022-09-01,22,BNTACRB_6_N001,BNTACRB_6_N001,BNTACRB_6_N001,RTPD,MCL,LMP_LOSS_PRC,BNTACRB_6_N001,ALL,1,7.14189,1,4
2022-09-02T05:00:00-00:00,2022-09-02T05:15:00-00:00,2022-09-01,23,BNTACRB_6_N001,BNTACRB_6_N001,BNTACRB_6_N001,RTPD,MCL,LMP_LOSS_PRC,BNTACRB_6_N001,ALL,1,4.48954,1,4
2022-09-02T06:00:00-00:00,2022-09-02T06:15:00-00:00,2022-09-01,24,BNTACRB_6_N001,BNTACRB_6_N001,BNTACRB_6_N001,RTPD,MCL,LMP_LOSS_PRC,BNTACRB_6_N001,ALL,1,3.35209,1,4
2022-09-01T07:15:00-00:00,2022-09-01T07:30:00-00:00,2022-09-01,01,BNTACRB_6_N001,BNTACRB_6_N001,BNTACRB_6_N001,RTPD,MCL,LMP_LOSS_PRC,BNTACRB_6_N001,ALL,1,0,2,4
2022-09-01T08:15:00-00:00,2022-09-01T08:30:00-00:00,2022-09-01,02,BNTACRB_6_N001,BNTACRB_6_N001,BNTACRB_6_N001,RTPD,MCL,LMP_LOSS_PRC,BNTACRB_6_N001,ALL,1,0,2,4
2022-09-01T09:15:00-00:00,2022-09-01T09:30:00-00:00,2022-09-01,03,BNTACRB_6_N001,BNTACRB_6_N001,BNTACRB_6_N001,RTPD,MCL,LMP_LOSS_PRC,BNTACRB_6_N001,ALL,1,1.68102,2,4
2022-09-01T10:15:00-00:00,2022-09-01T10:30:00-00:00,2022-09-01,04,BNTACRB_6_N001,BNTACRB_6_N001,BNTACRB_6_N001,RTPD,MCL,LMP_LOSS_PRC,BNTACRB_6_N001,ALL,1,1.3872,2,4
2022-09-01T11:15:00-00:00,2022-09-01T11:30:00-00:00,2022-09-01,05,BNTACRB_6_N001,BNTACRB_6_N001,BNTACRB_6_N001,RTPD,MCL,LMP_LOSS_PRC,BNTACRB_6_N001,ALL,1,2.09274,2,4
2022-09-01T12:15:00-00:00,2022-09-01T12:30:00-00:00,2022-09-01,06,BNTACRB_6_N001,BNTACRB_6_N001,BNTACRB_6_N001,RTPD,MCL,LMP_LOSS_PRC,BNTACRB_6_N001,ALL,1,2.20831,2,4
2022-09-01T13:15:00-00:00,2022-09-01T13:30:00-00:00,2022-09-01,07,BNTACRB_6_N001,BNTACRB_6_N001,BNTACRB_6_N001,RTPD,MCL,LMP_LOSS_PRC,BNTACRB_6_N001,ALL,1,2.09749,2,4
2022-09-01T14:15:00-00:00,2022-09-01T14:30:00-00:00,2022-09-01,08,BNTACRB_6_N001,BNTACRB_6_N001,BNTACRB_6_N001,RTPD,MCL,LMP_LOSS_PRC,BNTACRB_6_N001,ALL,1,3.14362,2,4
2022-09-01T15:15:00-00:00,2022-09-01T15:30:00-00:00,2022-09-01,09,BNTACRB_6_N001,BNTACRB_6_N001,BNTACRB_6_N001,RTPD,MCL,LMP_LOSS_PRC,BNTACRB_6_N001,ALL,1,0,2,4
2022-09-01T16:15:00-00:00,2022-09-01T16:30:00-00:00,2022-09-01,10,BNTACRB_6_N001,BNTACRB_6_N001,BNTACRB_6_N001,RTPD,MCL,LMP_LOSS_PRC,BNTACRB_6_N001,ALL,1,0,2,4
2022-09-01T17:15:00-00:00,2022-09-01T17:30:00-00:00,2022-09-01,11,BNTACRB_6_N001,BNTACRB_6_N001,BNTACRB_6_N001,RTPD,MCL,LMP_LOSS_PRC,BNTACRB_6_N001,ALL,1,0,2,4
2022-09-01T18:15:00-00:00,2022-09-01T18:30:00-00:00,2022-09-01,12,BNTACRB_6_N001,BNTACRB_6_N001,BNTACRB_6_N001,RTPD,MCL,LMP_LOSS_PRC,BNTACRB_6_N001,ALL,1,0,2,4
2022-09-01T19:15:00-00:00,2022-09-01T19:30:00-00:00,2022-09-01,13,BNTACRB_6_N001,BNTACRB_6_N001,BNTACRB_6_N001,RTPD,MCL,LMP_LOSS_PRC,BNTACRB_6_N001,ALL,1,0,2,4
2022-09-01T20:15:00-00:00,2022-09-01T20:30:00-00:00,2022-09-01,14,BNTACRB_6_N001,BNTACRB_6_N001,BNTACRB_6_N001,RTPD,MCL,LMP_LOSS_PRC,BNTACRB_6_N001,ALL,1,0,2,4
2022-09-01T21:15:00-00:00,2022-09-01T21:30:00-00:00,2022-09-01,15,BNTACRB_6_N001,BNTACRB_6_N001,BNTACRB_6_N001,RTPD,MCL,LMP_LOSS_PRC,BNTACRB_6_N001,ALL,1,0,2,4
2022-09-01T22:15:00-00:00,2022-09-01T22:30:00-00:00,2022-09-01,16,BNTACRB_6_N001,BNTACRB_6_N001,BNTACRB_6_N001,RTPD,MCL,LMP_LOSS_PRC,BNTACRB_6_N001,ALL,1,0,2,4
2022-09-01T23:15:00-00:00,2022-09-01T23:30:00-00:00,2022-09-01,17,BNTACRB_6_N001,BNTACRB_6_N001,BNTACRB_6_N001,RTPD,MCL,LMP_LOSS_PRC,BNTACRB_6_N001,ALL,1,0,2,4
2022-09-02T00:15:00-00:00,2022-09-02T00:30:00-00:00,2022-09-01,18,BNTACRB_6_N001,BNTACRB_6_N001,BNTACRB_6_N001,RTPD,MCL,LMP_LOSS_PRC,BNTACRB_6_N001,ALL,1,19.49235,2,4
2022-09-02T01:15:00-00:00,2022-09-02T01:30:00-00:00,2022-09-01,19,BNTACRB_6_N001,BNTACRB_6_N001,BNTACRB_6_N001,RTPD,MCL,LMP_LOSS_PRC,BNTACRB_6_N001,ALL,1,0,2,4
2022-09-02T02:15:00-00:00,2022-09-02T02:30:00-00:00,2022-09-01,20,BNTACRB_6_N001,BNTACRB_6_N001,BNTACRB_6_N001,RTPD,MCL,LMP_LOSS_PRC,BNTACRB_6_N001,ALL,1,0,2,4
2022-09-02T03:15:00-00:00,2022-09-02T03:30:00-00:00,2022-09-01,21,BNTACRB_6_N001,BNTACRB_6_N001,BNTACRB_6_N001,RTPD,MCL,LMP_LOSS_PRC,BNTACRB_6_N001,ALL,1,17.06253,2,4
2022-09-02T04:15:00-00:00,2022-09-02T04:30:00-00:00,2022-09-01,22,BNTACRB_6_N001,BNTACRB_6_N001,BNTACRB_6_N001,RTPD,MCL,LMP_LOSS_PRC,BNTACRB_6_N001,ALL,1,5.66371,2,4
2022-09-02T05:15:00-00:00,2022-09-02T05:30:00-00:00,2022-09-01,23,BNTACRB_6_N001,BNTACRB_6_N001,BNTACRB_6_N001,RTPD,MCL,LMP_LOSS_PRC,BNTACRB_6_N001,ALL,1,3.29952,2,4
2022-09-02T06:15:00-00:00,2022-09-02T06:30:00-00:00,2022-09-01,24,BNTACRB_6_N001,BNTACRB_6_N001,BNTACRB_6_N001,RTPD,MCL,LMP_LOSS_PRC,BNTACRB_6_N001,ALL,1,1.83169,2,4
2022-09-01T07:30:00-00:00,2022-09-01T07:45:00-00:00,2022-09-01,01,BNTACRB_6_N001,BNTACRB_6_N001,BNTACRB_6_N001,RTPD,MCL,LMP_LOSS_PRC,BNTACRB_6_N001,ALL,1,0,3,4
2022-09-01T08:30:00-00:00,2022-09-01T08:45:00-00:00,2022-09-01,02,BNTACRB_6_N001,BNTACRB_6_N001,BNTACRB_6_N001,RTPD,MCL,LMP_LOSS_PRC,BNTACRB_6_N001,ALL,1,2.08891,3,4
2022-09-01T09:30:00-00:00,2022-09-01T09:45:00-00:00,2022-09-01,03,BNTACRB_6_N001,BNTACRB_6_N001,BNTACRB_6_N001,RTPD,MCL,LMP_LOSS_PRC,BNTACRB_6_N001,ALL,1,1.52152,3,4
2022-09-01T10:30:00-00:00,2022-09-01T10:45:00-00:00,2022-09-01,04,BNTACRB_6_N001,BNTACRB_6_N001,BNTACRB_6_N001,RTPD,MCL,LMP_LOSS_PRC,BNTACRB_6_N001,ALL,1,1.44543,3,4
2022-09-01T11:30:00-00:00,2022-09-01T11:45:00-00:00,2022-09-01,05,BNTACRB_6_N001,BNTACRB_6_N001,BNTACRB_6_N001,RTPD,MCL,LMP_LOSS_PRC,BNTACRB_6_N001,ALL,1,2.19522,3,4
2022-09-01T12:30:00-00:00,2022-09-01T12:45:00-00:00,2022-09-01,06,BNTACRB_6_N001,BNTACRB_6_N001,BNTACRB_6_N001,RTPD,MCL,LMP_LOSS_PRC,BNTACRB_6_N001,ALL,1,2.32827,3,4
2022-09-01T13:30:00-00:00,2022-09-01T13:45:00-00:00,2022-09-01,07,BNTACRB_6_N001,BNTACRB_6_N001,BNTACRB_6_N001,RTPD,MCL,LMP_LOSS_PRC,BNTACRB_6_N001,ALL,1,2.35308,3,4
2022-09-01T14:30:00-00:00,2022-09-01T14:45:00-00:00,2022-09-01,08,BNTACRB_6_N001,BNTACRB_6_N001,BNTACRB_6_N001,RTPD,MCL,LMP_LOSS_PRC,BNTACRB_6_N001,ALL,1,3.20778,3,4
2022-09-01T15:30:00-00:00,2022-09-01T15:45:00-00:00,2022-09-01,09,BNTACRB_6_N001,BNTACRB_6_N001,BNTACRB_6_N001,RTPD,MCL,LMP_LOSS_PRC,BNTACRB_6_N001,ALL,1,0,3,4
2022-09-01T16:30:00-00:00,2022-09-01T16:45:00-00:00,2022-09-01,10,BNTACRB_6_N001,BNTACRB_6_N001,BNTACRB_6_N001,RTPD,MCL,LMP_LOSS_PRC,BNTACRB_6_N001,ALL,1,0,3,4
2022-09-01T17:30:00-00:00,2022-09-01T17:45:00-00:00,2022-09-01,11,BNTACRB_6_N001,BNTACRB_6_N001,BNTACRB_6_N001,RTPD,MCL,LMP_LOSS_PRC,BNTACRB_6_N001,ALL,1,0,3,4
2022-09-01T18:30:00-00:00,2022-09-01T18:45:00-00:00,2022-09-01,12,BNTACRB_6_N001,BNTACRB_6_N001,BNTACRB_6_N001,RTPD,MCL,LMP_LOSS_PRC,BNTACRB_6_N001,ALL,1,0,3,4
2022-09-01T19:30:00-00:00,2022-09-01T19:45:00-00:00,2022-09-01,13,BNTACRB_6_N001,BNTACRB_6_N001,BNTACRB_6_N001,RTPD,MCL,LMP_LOSS_PRC,BNTACRB_6_N001,ALL,1,0,3,4
2022-09-01T20:30:00-00:00,2022-09-01T20:45:00-00:00,2022-09-01,14,BNTACRB_6_N001,BNTACRB_6_N001,BNTACRB_6_N001,RTPD,MCL,LMP_LOSS_PRC,BNTACRB_6_N001,ALL,1,0,3,4
2022-09-01T21:30:00-00:00,2022-09-01T21:45:00-00:00,2022-09-01,15,BNTACRB_6_N001,BNTACRB_6_N001,BNTACRB_6_N001,RTPD,MCL,LMP_LOSS_PRC,BNTACRB_6_N001,ALL,1,0,3,4
2022-09-01T22:30:00-00:00,2022-09-01T22:45:00-00:00,2022-09-01,16,BNTACRB_6_N001,BNTACRB_6_N001,BNTACRB_6_N001,RTPD,MCL,LMP_LOSS_PRC,BNTACRB_6_N001,ALL,1,0,3,4
2022-09-01T23:30:00-00:00,2022-09-01T23:45:00-00:00,2022-09-01,17,BNTACRB_6_N001,BNTACRB_6_N001,BNTACRB_6_N001,RTPD,MCL,LMP_LOSS_PRC,BNTACRB_6_N001,ALL,1,0,3,4
2022-09-02T00:30:00-00:00,2022-09-02T00:45:00-00:00,2022-09-01,18,BNTACRB_6_N001,BNTACRB_6_N001,BNTACRB_6_N001,RTPD,MCL,LMP_LOSS_PRC,BNTACRB_6_N001,ALL,1,0,3,4
2022-09-02T01:30:00-00:00,2022-09-02T01:45:00-00:00,2022-09-01,19,BNTACRB_6_N001,BNTACRB_6_N001,BNTACRB_6_N001,RTPD,MCL,LMP_LOSS_PRC,BNTACRB_6_N001,ALL,1,0,3,4
2022-09-02T02:30:00-00:00,2022-09-02T02:45:00-00:00,2022-09-01,20,BNTACRB_6_N001,BNTACRB_6_N001,BNTACRB_6_N001,RTPD,MCL,LMP_LOSS_PRC,BNTACRB_6_N001,ALL,1,0,3,4
2022-09-02T03:30:00-00:00,2022-09-02T03:45:00-00:00,2022-09-01,21,BNTACRB_6_N001,BNTACRB_6_N001,BNTACRB_6_N001,RTPD,MCL,LMP_LOSS_PRC,BNTACRB_6_N001,ALL,1,7.89395,3,4
2022-09-02T04:30:00-00:00,2022-09-02T04:45:00-00:00,2022-09-01,22,BNTACRB_6_N001,BNTACRB_6_N001,BNTACRB_6_N001,RTPD,MCL,LMP_LOSS_PRC,BNTACRB_6_N001,ALL,1,3.07153,3,4
2022-09-02T05:30:00-00:00,2022-09-02T05:45:00-00:00,2022-09-01,23,BNTACRB_6_N001,BNTACRB_6_N001,BNTACRB_6_N001,RTPD,MCL,LMP_LOSS_PRC,BNTACRB_6_N001,ALL,1,2.33108,3,4
2022-09-02T06:30:00-00:00,2022-09-02T06:45:00-00:00,2022-09-01,24,BNTACRB_6_N001,BNTACRB_6_N001,BNTACRB_6_N001,RTPD,MCL,LMP_LOSS_PRC,BNTACRB_6_N001,ALL,1,3.22468,3,4
2022-09-01T07:45:00-00:00,2022-09-01T08:00:00-00:00,2022-09-01,01,BNTACRB_6_N001,BNTACRB_6_N001,BNTACRB_6_N001,RTPD,MCL,LMP_LOSS_PRC,BNTACRB_6_N001,ALL,1,0,4,4
2022-09-01T08:45:00-00:00,2022-09-01T09:00:00-00:00,2022-09-01,02,BNTACRB_6_N001,BNTACRB_6_N001,BNTACRB_6_N001,RTPD,MCL,LMP_LOSS_PRC,BNTACRB_6_N001,ALL,1,1.70813,4,4
2022-09-01T09:45:00-00:00,2022-09-01T10:00:00-00:00,2022-09-01,03,BNTACRB_6_N001,BNTACRB_6_N001,BNTACRB_6_N001,RTPD,MCL,LMP_LOSS_PRC,BNTACRB_6_N001,ALL,1,1.48207,4,4
2022-09-01T10:45:00-00:00,2022-09-01T11:00:00-00:00,2022-09-01,04,BNTACRB_6_N001,BNTACRB_6_N001,BNTACRB_6_N001,RTPD,MCL,LMP_LOSS_PRC,BNTACRB_6_N001,ALL,1,1.36396,4,4
2022-09-01T11:45:00-00:00,2022-09-01T12:00:00-00:00,2022-09-01,05,BNTACRB_6_N001,BNTACRB_6_N001,BNTACRB_6_N001,RTPD,MCL,LMP_LOSS_PRC,BNTACRB_6_N001,ALL,1,0,4,4
2022-09-01T12:45:00-00:00,2022-09-01T13:00:00-00:00,2022-09-01,06,BNTACRB_6_N001,BNTACRB_6_N001,BNTACRB_6_N001,RTPD,MCL,LMP_LOSS_PRC,BNTACRB_6_N001,ALL,1,0,4,4
2022-09-01T13:45:00-00:00,2022-09-01T14:00:00-00:00,2022-09-01,07,BNTACRB_6_N001,BNTACRB_6_N001,BNTACRB_6_N001,RTPD,MCL,LMP_LOSS_PRC,BNTACRB_6_N001,ALL,1,0,4,4
2022-09-01T14:45:00-00:00,2022-09-01T15:00:00-00:00,2022-09-01,08,BNTACRB_6_N001,BNTACRB_6_N001,BNTACRB_6_N001,RTPD,MCL,LMP_LOSS_PRC,BNTACRB_6_N001,ALL,1,0,4,4
2022-09-01T15:45:00-00:00,2022-09-01T16:00:00-00:00,2022-09-01,09,BNTACRB_6_N001,BNTACRB_6_N001,BNTACRB_6_N001,RTPD,MCL,LMP_LOSS_PRC,BNTACRB_6_N001,ALL,1,0,4,4
2022-09-01T16:45:00-00:00,2022-09-01T17:00:00-00:00,2022-09-01,10,BNTACRB_6_N001,BNTACRB_6_N001,BNTACRB_6_N001,RTPD,MCL,LMP_LOSS_PRC,BNTACRB_6_N001,ALL,1,0,4,4
2022-09-01T17:45:00-00:00,2022-09-01T18:00:00-00:00,2022-09-01,11,BNTACRB_6_N001,BNTACRB_6_N001,BNTACRB_6_N001,RTPD,MCL,LMP_LOSS_PRC,BNTACRB_6_N001,ALL,1,0,4,4
2022-09-01T18:45:00-00:00,2022-09-01T19:00:00-00:00,2022-09-01,12,BNTACRB_6_N001,BNTACRB_6_N001,BNTACRB_6_N001,RTPD,MCL,LMP_LOSS_PRC,BNTACRB_6_N001,ALL,1,0,4,4
2022-09-01T19:45:00-00:00,2022-09-01T20:00:00-00:00,2022-09-01,13,BNTACRB_6_N001,BNTACRB_6_N001,BNTACRB_6_N001,RTPD,MCL,LMP_LOSS_PRC,BNTACRB_6_N001,ALL,1,0,4,4
2022-09-01T20:45:00-00:00,2022-09-01T21:00:00-00:00,2022-09-01,14,BNTACRB_6_N001,BNTACRB_6_N001,BNTACRB_6_N001,RTPD,MCL,LMP_LOSS_PRC,BNTACRB_6_N001,ALL,1,0,4,4
2022-09-01T21:45:00-00:00,2022-09-01T22:00:00-00:00,2022-09-01,15,BNTACRB_6_N001,BNTACRB_6_N001,BNTACRB_6_N001,RTPD,MCL,LMP_LOSS_PRC,BNTACRB_6_N001,ALL,1,0,4,4
2022-09-01T22:45:00-00:00,2022-09-01T23:00:00-00:00,2022-09-01,16,BNTACRB_6_N001,BNTACRB_6_N001,BNTACRB_6_N001,RTPD,MCL,LMP_LOSS_PRC,BNTACRB_6_N001,ALL,1,0,4,4
2022-09-01T23:45:00-00:00,2022-09-02T00:00:00-00:00,2022-09-01,17,BNTACRB_6_N001,BNTACRB_6_N001,BNTACRB_6_N001,RTPD,MCL,LMP_LOSS_PRC,BNTACRB_6_N001,ALL,1,0,4,4
2022-09-02T00:45:00-00:00,2022-09-02T01:00:00-00:00,2022-09-01,18,BNTACRB_6_N001,BNTACRB_6_N001,BNTACRB_6_N001,RTPD,MCL,LMP_LOSS_PRC,BNTACRB_6_N001,ALL,1,0,4,4
2022-09-02T01:45:00-00:00,2022-09-02T02:00:00-00:00,2022-09-01,19,BNTACRB_6_N001,BNTACRB_6_N001,BNTACRB_6_N001,RTPD,MCL,LMP_LOSS_PRC,BNTACRB_6_N001,ALL,1,0,4,4
2022-09-02T02:45:00-00:00,2022-09-02T03:00:00-00:00,2022-09-01,20,BNTACRB_6_N001,BNTACRB_6_N001,BNTACRB_6_N001,RTPD,MCL,LMP_LOSS_PRC,BNTACRB_6_N001,ALL,1,93.54027,4,4
2022-09-02T03:45:00-00:00,2022-09-02T04:00:00-00:00,2022-09-01,21,BNTACRB_6_N001,BNTACRB_6_N001,BNTACRB_6_N001,RTPD,MCL,LMP_LOSS_PRC,BNTACRB_6_N001,ALL,1,4.75632,4,4
2022-09-02T04:45:00-00:00,2022-09-02T05:00:00-00:00,2022-09-01,22,BNTACRB_6_N001,BNTACRB_6_N001,BNTACRB_6_N001,RTPD,MCL,LMP_LOSS_PRC,BNTACRB_6_N001,ALL,1,2.72542,4,4
2022-09-02T05:45:00-00:00,2022-09-02T06:00:00-00:00,2022-09-01,23,BNTACRB_6_N001,BNTACRB_6_N001,BNTACRB_6_N001,RTPD,MCL,LMP_LOSS_PRC,BNTACRB_6_N001,ALL,1,2.92764,4,4
2022-09-02T06:45:00-00:00,2022-09-02T07:00:00-00:00,2022-09-01,24,BNTACRB_6_N001,BNTACRB_6_N001,BNTACRB_6_N001,RTPD,MCL,LMP_LOSS_PRC,BNTACRB_6_N001,ALL,1,3.29794,4,4
2022-09-01T07:00:00-00:00,2022-09-01T07:15:00-00:00,2022-09-01,01,BNTACRB_6_N001,BNTACRB_6_N001,BNTACRB_6_N001,RTPD,MGHG,LMP_GHG_PRC,BNTACRB_6_N001,ALL,1,0,1,5
2022-09-01T08:00:00-00:00,2022-09-01T08:15:00-00:00,2022-09-01,02,BNTACRB_6_N001,BNTACRB_6_N001,BNTACRB_6_N001,RTPD,MGHG,LMP_GHG_PRC,BNTACRB_6_N001,ALL,1,0,1,5
2022-09-01T09:00:00-00:00,2022-09-01T09:15:00-00:00,2022-09-01,03,BNTACRB_6_N001,BNTACRB_6_N001,BNTACRB_6_N001,RTPD,MGHG,LMP_GHG_PRC,BNTACRB_6_N001,ALL,1,0,1,5
2022-09-01T10:00:00-00:00,2022-09-01T10:15:00-00:00,2022-09-01,04,BNTACRB_6_N001,BNTACRB_6_N001,BNTACRB_6_N001,RTPD,MGHG,LMP_GHG_PRC,BNTACRB_6_N001,ALL,1,0,1,5
2022-09-01T11:00:00-00:00,2022-09-01T11:15:00-00:00,2022-09-01,05,BNTACRB_6_N001,BNTACRB_6_N001,BNTACRB_6_N001,RTPD,MGHG,LMP_GHG_PRC,BNTACRB_6_N001,ALL,1,0,1,5
2022-09-01T12:00:00-00:00,2022-09-01T12:15:00-00:00,2022-09-01,06,BNTACRB_6_N001,BNTACRB_6_N001,BNTACRB_6_N001,RTPD,MGHG,LMP_GHG_PRC,BNTACRB_6_N001,ALL,1,0,1,5
2022-09-01T13:00:00-00:00,2022-09-01T13:15:00-00:00,2022-09-01,07,BNTACRB_6_N001,BNTACRB_6_N001,BNTACRB_6_N001,RTPD,MGHG,LMP_GHG_PRC,BNTACRB_6_N001,ALL,1,0,1,5
2022-09-01T14:00:00-00:00,2022-09-01T14:15:00-00:00,2022-09-01,08,BNTACRB_6_N001,BNTACRB_6_N001,BNTACRB_6_N001,RTPD,MGHG,LMP_GHG_PRC,BNTACRB_6_N001,ALL,1,0,1,5
2022-09-01T15:00:00-00:00,2022-09-01T15:15:00-00:00,2022-09-01,09,BNTACRB_6_N001,BNTACRB_6_N001,BNTACRB_6_N001,RTPD,MGHG,LMP_GHG_PRC,BNTACRB_6_N001,ALL,1,0,1,5
2022-09-01T16:00:00-00:00,2022-09-01T16:15:00-00:00,2022-09-01,10,BNTACRB_6_N001,BNTACRB_6_N001,BNTACRB_6_N001,RTPD,MGHG,LMP_GHG_PRC,BNTACRB_6_N001,ALL,1,0,1,5
2022-09-01T17:00:00-00:00,2022-09-01T17:15:00-00:00,2022-09-01,11,BNTACRB_6_N001,BNTACRB_6_N001,BNTACRB_6_N001,RTPD,MGHG,LMP_GHG_PRC,BNTACRB_6_N001,ALL,1,0,1,5
2022-09-01T18:00:00-00:00,2022-09-01T18:15:00-00:00,2022-09-01,12,BNTACRB_6_N001,BNTACRB_6_N001,BNTACRB_6_N001,RTPD,MGHG,LMP_GHG_PRC,BNTACRB_6_N001,ALL,1,0,1,5
2022-09-01T19:00:00-00:00,2022-09-01T19:15:00-00:00,2022-09-01,13,BNTACRB_6_N001,BNTACRB_6_N001,BNTACRB_6_N001,RTPD,MGHG,LMP_GHG_PRC,BNTACRB_6_N001,ALL,1,0,1,5
2022-09-01T20:00:00-00:00,2022-09-01T20:15:00-00:00,2022-09-01,14,BNTACRB_6_N001,BNTACRB_6_N001,BNTACRB_6_N001,RTPD,MGHG,LMP_GHG_PRC,BNTACRB_6_N001,ALL,1,0,1,5
2022-09-01T21:00:00-00:00,2022-09-01T21:15:00-00:00,2022-09-01,15,BNTACRB_6_N001,BNTACRB_6_N001,BNTACRB_6_N001,RTPD,MGHG,LMP_GHG_PRC,BNTACRB_6_N001,ALL,1,0,1,5
2022-09-01T22:00:00-00:00,2022-09-01T22:15:00-00:00,2022-09-01,16,BNTACRB_6_N001,BNTACRB_6_N001,BNTACRB_6_N001,RTPD,MGHG,LMP_GHG_PRC,BNTACRB_6_N001,ALL,1,0,1,5
2022-09-01T23:00:00-00:00,2022-09-01T23:15:00-00:00,2022-09-01,17,BNTACRB_6_N001,BNTACRB_6_N001,BNTACRB_6_N001,RTPD,MGHG,LMP_GHG_PRC,BNTACRB_6_N001,ALL,1,0,1,5
2022-09-02T00:00:00-00:00,2022-09-02T00:15:00-00:00,2022-09-01,18,BNTACRB_6_N001,BNTACRB_6_N001,BNTACRB_6_N001,RTPD,MGHG,LMP_GHG_PRC,BNTACRB_6_N001,ALL,1,0,1,5
2022-09-02T01:00:00-00:00,2022-09-02T01:15:00-00:00,2022-09-01,19,BNTACRB_6_N001,BNTACRB_6_N001,BNTACRB_6_N001,RTPD,MGHG,LMP_GHG_PRC,BNTACRB_6_N001,ALL,1,0,1,5
2022-09-02T02:00:00-00:00,2022-09-02T02:15:00-00:00,2022-09-01,20,BNTACRB_6_N001,BNTACRB_6_N001,BNTACRB_6_N001,RTPD,MGHG,LMP_GHG_PRC,BNTACRB_6_N001,ALL,1,0,1,5
2022-09-02T03:00:00-00:00,2022-09-02T03:15:00-00:00,2022-09-01,21,BNTACRB_6_N001,BNTACRB_6_N001,BNTACRB_6_N001,RTPD,MGHG,LMP_GHG_PRC,BNTACRB_6_N001,ALL,1,0,1,5
2022-09-02T04:00:00-00:00,2022-09-02T04:15:00-00:00,2022-09-01,22,BNTACRB_6_N001,BNTACRB_6_N001,BNTACRB_6_N001,RTPD,MGHG,LMP_GHG_PRC,BNTACRB_6_N001,ALL,1,0,1,5
2022-09-02T05:00:00-00:00,2022-09-02T05:15:00-00:00,2022-09-01,23,BNTACRB_6_N001,BNTACRB_6_N001,BNTACRB_6_N001,RTPD,MGHG,LMP_GHG_PRC,BNTACRB_6_N001,ALL,1,0,1,5
2022-09-02T06:00:00-00:00,2022-09-02T06:15:00-00:00,2022-09-01,24,BNTACRB_6_N001,BNTACRB_6_N001,BNTACRB_6_N001,RTPD,MGHG,LMP_GHG_PRC,BNTACRB_6_N001,ALL,1,0,1,5
2022-09-01T07:15:00-00:00,2022-09-01T07:30:00-00:00,2022-09-01,01,BNTACRB_6_N001,BNTACRB_6_N001,BNTACRB_6_N001,RTPD,MGHG,LMP_GHG_PRC,BNTACRB_6_N001,ALL,1,0,2,5
2022-09-01T08:15:00-00:00,2022-09-01T08:30:00-00:00,2022-09-01,02,BNTACRB_6_N001,BNTACRB_6_N001,BNTACRB_6_N001,RTPD,MGHG,LMP_GHG_PRC,BNTACRB_6_N001,ALL,1,0,2,5
2022-09-01T09:15:00-00:00,2022-09-01T09:30:00-00:00,2022-09-01,03,BNTACRB_6_N001,BNTACRB_6_N001,BNTACRB_6_N001,RTPD,MGHG,LMP_GHG_PRC,BNTACRB_6_N001,ALL,1,0,2,5
2022-09-01T10:15:00-00:00,2022-09-01T10:30:00-00:00,2022-09-01,04,BNTACRB_6_N001,BNTACRB_6_N001,BNTACRB_6_N001,RTPD,MGHG,LMP_GHG_PRC,BNTACRB_6_N001,ALL,1,0,2,5
2022-09-01T11:15:00-00:00,2022-09-01T11:30:00-00:00,2022-09-01,05,BNTACRB_6_N001,BNTACRB_6_N001,BNTACRB_6_N001,RTPD,MGHG,LMP_GHG_PRC,BNTACRB_6_N001,ALL,1,0,2,5
2022-09-01T12:15:00-00:00,2022-09-01T12:30:00-00:00,2022-09-01,06,BNTACRB_6_N001,BNTACRB_6_N001,BNTACRB_6_N001,RTPD,MGHG,LMP_GHG_PRC,BNTACRB_6_N001,ALL,1,0,2,5
2022-09-01T13:15:00-00:00,2022-09-01T13:30:00-00:00,2022-09-01,07,BNTACRB_6_N001,BNTACRB_6_N001,BNTACRB_6_N001,RTPD,MGHG,LMP_GHG_PRC,BNTACRB_6_N001,ALL,1,0,2,5
2022-09-01T14:15:00-00:00,2022-09-01T14:30:00-00:00,2022-09-01,08,BNTACRB_6_N001,BNTACRB_6_N001,BNTACRB_6_N001,RTPD,MGHG,LMP_GHG_PRC,BNTACRB_6_N001,ALL,1,0,2,5
2022-09-01T15:15:00-00:00,2022-09-01T15:30:00-00:00,2022-09-01,09,BNTACRB_6_N001,BNTACRB_6_N001,BNTACRB_6_N001,RTPD,MGHG,LMP_GHG_PRC,BNTACRB_6_N001,ALL,1,0,2,5
2022-09-01T16:15:00-00:00,2022-09-01T16:30:00-00:00,2022-09-01,10,BNTACRB_6_N001,BNTACRB_6_N001,BNTACRB_6_N001,RTPD,MGHG,LMP_GHG_PRC,BNTACRB_6_N001,ALL,1,0,2,5
2022-09-01T17:15:00-00:00,2022-09-01T17:30:00-00:00,2022-09-01,11,BNTACRB_6_N001,BNTACRB_6_N001,BNTACRB_6_N001,RTPD,MGHG,LMP_GHG_PRC,BNTACRB_6_N001,ALL,1,0,2,5
2022-09-01T18:15:00-00:00,2022-09-01T18:30:00-00:00,2022-09-01,12,BNTACRB_6_N001,BNTACRB_6_N001,BNTACRB_6_N001,RTPD,MGHG,LMP_GHG_PRC,BNTACRB_6_N001,ALL,1,0,2,5
2022-09-01T19:15:00-00:00,2022-09-01T19:30:00-00:00,2022-09-01,13,BNTACRB_6_N001,BNTACRB_6_N001,BNTACRB_6_N001,RTPD,MGHG,LMP_GHG_PRC,BNTACRB_6_N001,ALL,1,0,2,5
2022-09-01T20:15:00-00:00,2022-09-01T20:30:00-00:00,2022-09-01,14,BNTACRB_6_N001,BNTACRB_6_N001,BNTACRB_6_N001,RTPD,MGHG,LMP_GHG_PRC,BNTACRB_6_N001,ALL,1,0,2,5
2022-09-01T21:15:00-00:00,2022-09-01T21:30:00-00:00,2022-09-01,15,BNTACRB_6_N001,BNTACRB_6_N001,BNTACRB_6_N001,RTPD,MGHG,LMP_GHG_PRC,BNTACRB_6_N001,ALL,1,0,2,5
2022-09-01T22:15:00-00:00,2022-09-01T22:30:00-00:00,2022-09-01,16,BNTACRB_6_N001,BNTACRB_6_N001,BNTACRB_6_N001,RTPD,MGHG,LMP_GHG_PRC,BNTACRB_6_N001,ALL,1,0,2,5
2022-09-01T23:15:00-00:00,2022-09-01T23:30:00-00:00,2022-09-01,17,BNTACRB_6_N001,BNTACRB_6_N001,BNTACRB_6_N001,RTPD,MGHG,LMP_GHG_PRC,BNTACRB_6_N001,ALL,1,0,2,5
2022-09-02T00:15:00-00:00,2022-09-02T00:30:00-00:00,2022-09-01,18,BNTACRB_6_N001,BNTACRB_6_N001,BNTACRB_6_N001,RTPD,MGHG,LMP_GHG_PRC,BNTACRB_6_N001,ALL,1,0,2,5
2022-09-02T01:15:00-00:00,2022-09-02T01:30:00-00:00,2022-09-01,19,BNTACRB_6_N001,BNTACRB_6_N001,BNTACRB_6_N001,RTPD,MGHG,LMP_GHG_PRC,BNTACRB_6_N001,ALL,1,0,2,5
2022-09-02T02:15:00-00:00,2022-09-02T02:30:00-00:00,2022-09-01,20,BNTACRB_6_N001,BNTACRB_6_N001,BNTACRB_6_N001,RTPD,MGHG,LMP_GHG_PRC,BNTACRB_6_N001,ALL,1,0,2,5
2022-09-02T03:15:00-00:00,2022-09-02T03:30:00-00:00,2022-09-01,21,BNTACRB_6_N001,BNTACRB_6_N001,BNTACRB_6_N001,RTPD,MGHG,LMP_GHG_PRC,BNTACRB_6_N001,ALL,1,0,2,5
2022-09-02T04:15:00-00:00,2022-09-02T04:30:00-00:00,2022-09-01,22,BNTACRB_6_N001,BNTACRB_6_N001,BNTACRB_6_N001,RTPD,MGHG,LMP_GHG_PRC,BNTACRB_6_N001,ALL,1,0,2,5
2022-09-02T05:15:00-00:00,2022-09-02T05:30:00-00:00,2022-09-01,23,BNTACRB_6_N001,BNTACRB_6_N001,BNTACRB_6_N001,RTPD,MGHG,LMP_GHG_PRC,BNTACRB_6_N001,ALL,1,0,2,5
2022-09-02T06:15:00-00:00,2022-09-02T06:30:00-00:00,2022-09-01,24,BNTACRB_6_N001,BNTACRB_6_N001,BNTACRB_6_N001,RTPD,MGHG,LMP_GHG_PRC,BNTACRB_6_N001,ALL,1,0,2,5
2022-09-01T07:30:00-00:00,2022-09-01T07:45:00-00:00,2022-09-01,01,BNTACRB_6_N001,BNTACRB_6_N001,BNTACRB_6_N001,RTPD,MGHG,LMP_GHG_PRC,BNTACRB_6_N001,ALL,1,0,3,5
2022-09-01T08:30:00-00:00,2022-09-01T08:45:00-00:00,2022-09-01,02,BNTACRB_6_N001,BNTACRB_6_N001,BNTACRB_6_N001,RTPD,MGHG,LMP_GHG_PRC,BNTACRB_6_N001,ALL,1,0,3,5
2022-09-01T09:30:00-00:00,2022-09-01T09:45:00-00:00,2022-09-01,03,BNTACRB_6_N001,BNTACRB_6_N001,BNTACRB_6_N001,RTPD,MGHG,LMP_GHG_PRC,BNTACRB_6_N001,ALL,1,0,3,5
2022-09-01T10:30:00-00:00,2022-09-01T10:45:00-00:00,2022-09-01,04,BNTACRB_6_N001,BNTACRB_6_N001,BNTACRB_6_N001,RTPD,MGHG,LMP_GHG_PRC,BNTACRB_6_N001,ALL,1,0,3,5
2022-09-01T11:30:00-00:00,2022-09-01T11:45:00-00:00,2022-09-01,05,BNTACRB_6_N001,BNTACRB_6_N001,BNTACRB_6_N001,RTPD,MGHG,LMP_GHG_PRC,BNTACRB_6_N001,ALL,1,0,3,5
2022-09-01T12:30:00-00:00,2022-09-01T12:45:00-00:00,2022-09-01,06,BNTACRB_6_N001,BNTACRB_6_N001,BNTACRB_6_N001,RTPD,MGHG,LMP_GHG_PRC,BNTACRB_6_N001,ALL,1,0,3,5
2022-09-01T13:30:00-00:00,2022-09-01T13:45:00-00:00,2022-09-01,07,BNTACRB_6_N001,BNTACRB_6_N001,BNTACRB_6_N001,RTPD,MGHG,LMP_GHG_PRC,BNTACRB_6_N001,ALL,1,0,3,5
2022-09-01T14:30:00-00:00,2022-09-01T14:45:00-00:00,2022-09-01,08,BNTACRB_6_N001,BNTACRB_6_N001,BNTACRB_6_N001,RTPD,MGHG,LMP_GHG_PRC,BNTACRB_6_N001,ALL,1,0,3,5
2022-09-01T15:30:00-00:00,2022-09-01T15:45:00-00:00,2022-09-01,09,BNTACRB_6_N001,BNTACRB_6_N001,BNTACRB_6_N001,RTPD,MGHG,LMP_GHG_PRC,BNTACRB_6_N001,ALL,1,0,3,5
2022-09-01T16:30:00-00:00,2022-09-01T16:45:00-00:00,2022-09-01,10,BNTACRB_6_N001,BNTACRB_6_N001,BNTACRB_6_N001,RTPD,MGHG,LMP_GHG_PRC,BNTACRB_6_N001,ALL,1,0,3,5
2022-09-01T17:30:00-00:00,2022-09-01T17:45:00-00:00,2022-09-01,11,BNTACRB_6_N001,BNTACRB_6_N001,BNTACRB_6_N001,RTPD,MGHG,LMP_GHG_PRC,BNTACRB_6_N001,ALL,1,0,3,5
2022-09-01T18:30:00-00:00,2022-09-01T18:45:00-00:00,2022-09-01,12,BNTACRB_6_N001,BNTACRB_6_N001,BNTACRB_6_N001,RTPD,MGHG,LMP_GHG_PRC,BNTACRB_6_N001,ALL,1,0,3,5
2022-09-01T19:30:00-00:00,2022-09-01T19:45:00-00:00,2022-09-01,13,BNTACRB_6_N001,BNTACRB_6_N001,BNTACRB_6_N001,RTPD,MGHG,LMP_GHG_PRC,BNTACRB_6_N001,ALL,1,0,3,5
2022-09-01T20:30:00-00:00,2022-09-01T20:45:00-00:00,2022-09-01,14,BNTACRB_6_N001,BNTACRB_6_N001,BNTACRB_6_N001,RTPD,MGHG,LMP_GHG_PRC,BNTACRB_6_N001,ALL,1,0,3,5
2022-09-01T21:30:00-00:00,2022-09-01T21:45:00-00:00,2022-09-01,15,BNTACRB_6_N001,BNTACRB_6_N001,BNTACRB_6_N001,RTPD,MGHG,LMP_GHG_PRC,BNTACRB_6_N001,ALL,1,0,3,5
2022-09-01T22:30:00-00:00,2022-09-01T22:45:00-00:00,2022-09-01,16,BNTACRB_6_N001,BNTACRB_6_N001,BNTACRB_6_N001,RTPD,MGHG,LMP_GHG_PRC,BNTACRB_6_N001,ALL,1,0,3,5
2022-09-01T23:30:00-00:00,2022-09-01T23:45:00-00:00,2022-09-01,17,BNTACRB_6_N001,BNTACRB_6_N001,BNTACRB_6_N001,RTPD,MGHG,LMP_GHG_PRC,BNTACRB_6_N001,ALL,1,0,3,5
2022-09-02T00:30:00-00:00,2022-09-02T00:45:00-00:00,2022-09-01,18,BNTACRB_6_N001,BNTACRB_6_N001,BNTACRB_6_N001,RTPD,MGHG,LMP_GHG_PRC,BNTACRB_6_N001,ALL,1,0,3,5
2022-09-02T01:30:00-00:00,2022-09-02T01:45:00-00:00,2022-09-01,19,BNTACRB_6_N001,BNTACRB_6_N001,BNTACRB_6_N001,RTPD,MGHG,LMP_GHG_PRC,BNTACRB_6_N001,ALL,1,0,3,5
2022-09-02T02:30:00-00:00,2022-09-02T02:45:00-00:00,2022-09-01,20,BNTACRB_6_N001,BNTACRB_6_N001,BNTACRB_6_N001,RTPD,MGHG,LMP_GHG_PRC,BNTACRB_6_N001,ALL,1,0,3,5
2022-09-02T03:30:00-00:00,2022-09-02T03:45:00-00:00,2022-09-01,21,BNTACRB_6_N001,BNTACRB_6_N001,BNTACRB_6_N001,RTPD,MGHG,LMP_GHG_PRC,BNTACRB_6_N001,ALL,1,0,3,5
2022-09-02T04:30:00-00:00,2022-09-02T04:45:00-00:00,2022-09-01,22,BNTACRB_6_N001,BNTACRB_6_N001,BNTACRB_6_N001,RTPD,MGHG,LMP_GHG_PRC,BNTACRB_6_N001,ALL,1,0,3,5
2022-09-02T05:30:00-00:00,2022-09-02T05:45:00-00:00,2022-09-01,23,BNTACRB_6_N001,BNTACRB_6_N001,BNTACRB_6_N001,RTPD,MGHG,LMP_GHG_PRC,BNTACRB_6_N001,ALL,1,0,3,5
2022-09-02T06:30:00-00:00,2022-09-02T06:45:00-00:00,2022-09-01,24,BNTACRB_6_N001,BNTACRB_6_N001,BNTACRB_6_N001,RTPD,MGHG,LMP_GHG_PRC,BNTACRB_6_N001,ALL,1,0,3,5
2022-09-01T07:45:00-00:00,2022-09-01T08:00:00-00:00,2022-09-01,01,BNTACRB_6_N001,BNTACRB_6_N001,BNTACRB_6_N001,RTPD,MGHG,LMP_GHG_PRC,BNTACRB_6_N001,ALL,1,0,4,5
2022-09-01T08:45:00-00:00,2022-09-01T09:00:00-00:00,2022-09-01,02,BNTACRB_6_N001,BNTACRB_6_N001,BNTACRB_6_N001,RTPD,MGHG,LMP_GHG_PRC,BNTACRB_6_N001,ALL,1,0,4,5
2022-09-01T09:45:00-00:00,2022-09-01T10:00:00-00:00,2022-09-01,03,BNTACRB_6_N001,BNTACRB_6_N001,BNTACRB_6_N001,RTPD,MGHG,LMP_GHG_PRC,BNTACRB_6_N001,ALL,1,0,4,5
2022-09-01T10:45:00-00:00,2022-09-01T11:00:00-00:00,2022-09-01,04,BNTACRB_6_N001,BNTACRB_6_N001,BNTACRB_6_N001,RTPD,MGHG,LMP_GHG_PRC,BNTACRB_6_N001,ALL,1,0,4,5
2022-09-01T11:45:00-00:00,2022-09-01T12:00:00-00:00,2022-09-01,05,BNTACRB_6_N001,BNTACRB_6_N001,BNTACRB_6_N001,RTPD,MGHG,LMP_GHG_PRC,BNTACRB_6_N001,ALL,1,0,4,5
2022-09-01T12:45:00-00:00,2022-09-01T13:00:00-00:00,2022-09-01,06,BNTACRB_6_N001,BNTACRB_6_N001,BNTACRB_6_N001,RTPD,MGHG,LMP_GHG_PRC,BNTACRB_6_N001,ALL,1,0,4,5
2022-09-01T13:45:00-00:00,2022-09-01T14:00:00-00:00,2022-09-01,07,BNTACRB_6_N001,BNTACRB_6_N001,BNTACRB_6_N001,RTPD,MGHG,LMP_GHG_PRC,BNTACRB_6_N001,ALL,1,0,4,5
2022-09-01T14:45:00-00:00,2022-09-01T15:00:00-00:00,2022-09-01,08,BNTACRB_6_N001,BNTACRB_6_N001,BNTACRB_6_N001,RTPD,MGHG,LMP_GHG_PRC,BNTACRB_6_N001,ALL,1,0,4,5
2022-09-01T15:45:00-00:00,2022-09-01T16:00:00-00:00,2022-09-01,09,BNTACRB_6_N001,BNTACRB_6_N001,BNTACRB_6_N001,RTPD,MGHG,LMP_GHG_PRC,BNTACRB_6_N001,ALL,1,0,4,5
2022-09-01T16:45:00-00:00,2022-09-01T17:00:00-00:00,2022-09-01,10,BNTACRB_6_N001,BNTACRB_6_N001,BNTACRB_6_N001,RTPD,MGHG,LMP_GHG_PRC,BNTACRB_6_N001,ALL,1,0,4,5
2022-09-01T17:45:00-00:00,2022-09-01T18:00:00-00:00,2022-09-01,11,BNTACRB_6_N001,BNTACRB_6_N001,BNTACRB_6_N001,RTPD,MGHG,LMP_GHG_PRC,BNTACRB_6_N001,ALL,1,0,4,5
2022-09-01T18:45:00-00:00,2022-09-01T19:00:00-00:00,2022-09-01,12,BNTACRB_6_N001,BNTACRB_6_N001,BNTACRB_6_N001,RTPD,MGHG,LMP_GHG_PRC,BNTACRB_6_N001,ALL,1,0,4,5
2022-09-01T19:45:00-00:00,2022-09-01T20:00:00-00:00,2022-09-01,13,BNTACRB_6_N001,BNTACRB_6_N001,BNTACRB_6_N001,RTPD,MGHG,LMP_GHG_PRC,BNTACRB_6_N001,ALL,1,0,4,5
2022-09-01T20:45:00-00:00,2022-09-01T21:00:00-00:00,2022-09-01,14,BNTACRB_6_N001,BNTACRB_6_N001,BNTACRB_6_N001,RTPD,MGHG,LMP_GHG_PRC,BNTACRB_6_N001,ALL,1,0,4,5
2022-09-01T21:45:00-00:00,2022-09-01T22:00:00-00:00,2022-09-01,15,BNTACRB_6_N001,BNTACRB_6_N001,BNTACRB_6_N001,RTPD,MGHG,LMP_GHG_PRC,BNTACRB_6_N001,ALL,1,0,4,5
2022-09-01T22:45:00-00:00,2022-09-01T23:00:00-00:00,2022-09-01,16,BNTACRB_6_N001,BNTACRB_6_N001,BNTACRB_6_N001,RTPD,MGHG,LMP_GHG_PRC,BNTACRB_6_N001,ALL,1,0,4,5
2022-09-01T23:45:00-00:00,2022-09-02T00:00:00-00:00,2022-09-01,17,BNTACRB_6_N001,BNTACRB_6_N001,BNTACRB_6_N001,RTPD,MGHG,LMP_GHG_PRC,BNTACRB_6_N001,ALL,1,0,4,5
2022-09-02T00:45:00-00:00,2022-09-02T01:00:00-00:00,2022-09-01,18,BNTACRB_6_N001,BNTACRB_6_N001,BNTACRB_6_N001,RTPD,MGHG,LMP_GHG_PRC,BNTACRB_6_N001,ALL,1,0,4,5
2022-09-02T01:45:00-00:00,2022-09-02T02:00:00-00:00,2022-09-01,19,BNTACRB_6_N001,BNTACRB_6_N001,BNTACRB_6_N001,RTPD,MGHG,LMP_GHG_PRC,BNTACRB_6_N001,ALL,1,0,4,5
2022-09-02T02:45:00-00:00,2022-09-02T03:00:00-00:00,2022-09-01,20,BNTACRB_6_N001,BNTACRB_6_N001,BNTACRB_6_N001,RTPD,MGHG,LMP_GHG_PRC,BNTACRB_6_N001,ALL,1,0,4,5
2022-09-02T03:45:00-00:00,2022-09-02T04:00:00-00:00,2022-09-01,21,BNTACRB_6_N001,BNTACRB_6_N001,BNTACRB_6_N001,RTPD,MGHG,LMP_GHG_PRC,BNTACRB_6_N001,ALL,1,0,4,5
2022-09-02T04:45:00-00:00,2022-09-02T05:00:00-00:00,2022-09-01,22,BNTACRB_6_N001,BNTACRB_6_N001,BNTACRB_6_N001,RTPD,MGHG,LMP_GHG_PRC,BNTACRB_6_N001,ALL,1,0,4,5
2022-09-02T05:45:00-00:00,2022-09-02T06:00:00-00:00,2022-09-01,23,BNTACRB_6_N001,BNTACRB_6_N001,BNTACRB_6_N001,RTPD,MGHG,LMP_GHG_PRC,BNTACRB_6_N001,ALL,1,0,4,5
2022-09-02T06:45:00-00:00,2022-09-02T07:00:00-00:00,2022-09-01,24,BNTACRB_6_N001,BNTACRB_6_N001,BNTACRB_6_N001,RTPD,MGHG,LMP_GHG_PRC,BNTACRB_6_N001,ALL,1,0,4,5
