INTERVALSTARTTIME_GMT,INTERVALENDTIME_GMT,OPR_DT,OPR_HR,NODE_ID_XML,NODE_ID,NODE,MARKET_RUN_ID,LMP_TYPE,XML_DATA_ITEM,PNODE_RESMRID,GRP_TYPE,POS,PRC,OPR_INTERVAL,GROUP
2022-09-01T07:00:00-00:00,2022-09-01T07:15:00-00:00,2022-09-01,01,FC_5_PNM_FCST5GNODE,FC_5_PNM_FCST5GNODE,FC_5_PNM_FCST5GNODE,RTPD,LMP,LMP_PRC,FC_5_PNM_FCST5GNODE,ALL,1,105.99117,1,1
2022-09-01T08:00:00-00:00,2022-09-01T08:15:00-00:00,2022-09-01,02,FC_5_PNM_FCST5GNODE,FC_5_PNM_FCST5GNODE,FC_5_PNM_FCST5GNODE,RTPD,LMP,LMP_PRC,FC_5_PNM_FCST5GNODE,ALL,1,103.6678,1,1
2022-09-01T09:00:00-00:00,2022-09-01T09:15:00-00:00,2022-09-01,03,FC_5_PNM_FCST5GNODE,FC_5_PNM_FCST5GNODE,FC_5_PNM_FCST5GNODE,RTPD,LMP,LMP_PRC,FC_5_PNM_FCST5GNODE,ALL,1,86.28318,1,1
2022-09-01T10:00:00-00:00,2022-09-01T10:15:00-00:00,2022-09-01,04,FC_5_PNM_FCST5GNODE,FC_5_PNM_FCST5GNODE,FC_5_PNM_FCST5GNODE,RTPD,LMP,LMP_PRC,FC_5_PNM_FCST5GNODE,ALL,1,84.00884,1,1
2022-09-01T11:00:00-00:00,2022-09-01T11:15:00-00:00,2022-09-01,05,FC_5_PNM_FCST5GNODE,FC_5_PNM_FCST5GNODE,FC_5_PNM_FCST5GNODE,RTPD,LMP,LMP_PRC,FC_5_PNM_FCST5GNODE,ALL,1,84.94738,1,1
2022-09-01T12:00:00-00:00,2022-09-01T12:15:00-00:00,2022-09-01,06,FC_5_PNM_FCST5GNODE,FC_5_PNM_FCST5GNODE,FC_5_PNM_FCST5GNODE,RTPD,LMP,LMP_PRC,FC_5_PNM_FCST5GNODE,ALL,1,86.29687,1,1
2022-09-01T13:00:00-00:00,2022-09-01T13:15:00-00:00,2022-09-01,07,FC_5_PNM_FCST5GNODE,FC_5_PNM_FCST5GNODE,FC_5_PNM_FCST5GNODE,RTPD,LMP,LMP_PRC,FC_5_PNM_FCST5GNODE,ALL,1,96.42024,1,1
2022-09-01T14:00:00-00:00,2022-09-01T14:15:00-00:00,2022-09-01,08,FC_5_PNM_FCST5GNODE,FC_5_PNM_FCST5GNODE,FC_5_PNM_FCST5GNODE,RTPD,LMP,LMP_PRC,FC_5_PNM_FCST5GNODE,ALL,1,73.75065,1,1
2022-09-01T15:00:00-00:00,2022-09-01T15:15:00-00:00,2022-09-01,09,FC_5_PNM_FCST5GNODE,FC_5_PNM_FCST5GNODE,FC_5_PNM_FCST5GNODE,RTPD,LMP,LMP_PRC,FC_5_PNM_FCST5GNODE,ALL,1,42.04209,1,1
2022-09-01T16:00:00-00:00,2022-09-01T16:15:00-00:00,2022-09-01,10,FC_5_PNM_FCST5GNODE,FC_5_PNM_FCST5GNODE,FC_5_PNM_FCST5GNODE,RTPD,LMP,LMP_PRC,FC_5_PNM_FCST5GNODE,ALL,1,37.95193,1,1
2022-09-01T17:00:00-00:00,2022-09-01T17:15:00-00:00,2022-09-01,11,FC_5_PNM_FCST5GNODE,FC_5_PNM_FCST5GNODE,FC_5_PNM_FCST5GNODE,RTPD,LMP,LMP_PRC,FC_5_PNM_FCST5GNODE,ALL,1,68.73936,1,1
2022-09-01T18:00:00-00:00,2022-09-01T18:15:00-00:00,2022-09-01,12,FC_5_PNM_FCST5GNODE,FC_5_PNM_FCST5GNODE,FC_5_PNM_FCST5GNODE,RTPD,LMP,LMP_PRC,FC_5_PNM_FCST5GNODE,ALL,1,68.28049,1,1
2022-09-01T19:00:00-00:00,2022-09-01T19:15:00-00:00,2022-09-01,13,FC_5_PNM_FCST5GNODE,FC_5_PNM_FCST5GNODE,FC_5_PNM_FCST5GNODE,RTPD,LMP,LMP_PRC,FC_5_PNM_FCST5GNODE,ALL,1,66.49979,1,1
2022-09-01T20:00:00-00:00,2022-09-01T20:15:00-00:00,2022-09-01,14,FC_5_PNM_FCST5GNODE,FC_5_PNM_FCST5GNODE,FC_5_PNM_FCST5GNODE,RTPD,LMP,LMP_PRC,FC_5_PNM_FCST5GNODE,ALL,1,93.55355,1,1
2022-09-01T21:00:00-00:00,2022-09-01T21:15:00-00:00,2022-09-01,15,FC_5_PNM_FCST5GNODE,FC_5_PNM_FCST5GNODE,FC_5_PNM_FCST5GNODE,RTPD,LMP,LMP_PRC,FC_5_PNM_FCST5GNODE,ALL,1,92.89724,1,1
2022-09-01T22:00:00-00:00,2022-09-01T22:15:00-00:00,2022-09-01,16,FC_5_PNM_FCST5GNODE,FC_5_PNM_FCST5GNODE,FC_5_PNM_FCST5GNODE,RTPD,LMP,LMP_PRC,FC_5_PNM_FCST5GNODE,ALL,1,141.84052,1,1
2022-09-01T23:00:00-00:00,2022-09-01T23:15:00-00:00,2022-09-01,17,FC_5_PNM_FCST5GNODE,FC_5_PNM_FCST5GNODE,FC_5_PNM_FCST5GNODE,RTPD,LMP,LMP_PRC,FC_5_PNM_FCST5GNODE,ALL,1,201.88564,1,1
2022-09-02T00:00:00-00:00,2022-09-02T00:15:00-00:00,2022-09-01,18,FC_5_PNM_FCST5GNODE,FC_5_PNM_FCST5GNODE,FC_5_PNM_FCST5GNODE,RTPD,LMP,LMP_PRC,FC_5_PNM_FCST5GNODE,ALL,1,555.9901,1,1
2022-09-02T01:00:00-00:00,2022-09-02T01:15:00-00:00,2022-09-01,19,FC_5_PNM_FCST5GNODE,FC_5_PNM_FCST5GNODE,FC_5_PNM_FCST5GNODE,RTPD,LMP,LMP_PRC,FC_5_PNM_FCST5GNODE,ALL,1,962.5836,1,1
2022-09-02T02:00:00-00:00,2022-09-02T02:15:00-00:00,2022-09-01,20,FC_5_PNM_FCST5GNODE,FC_5_PNM_FCST5GNODE,FC_5_PNM_FCST5GNODE,RTPD,LMP,LMP_PRC,FC_5_PNM_FCST5GNODE,ALL,1,1897.0588,1,1
2022-09-02T03:00:00-00:00,2022-09-02T03:15:00-00:00,2022-09-01,21,FC_5_PNM_FCST5GNODE,FC_5_PNM_FCST5GNODE,FC_5_PNM_FCST5GNODE,RTPD,LMP,LMP_PRC,FC_5_PNM_FCST5GNODE,ALL,1,-248.01183,1,1
2022-09-02T04:00:00-00:00,2022-09-02T04:15:00-00:00,2022-09-01,22,FC_5_PNM_FCST5GNODE,FC_5_PNM_FCST5GNODE,FC_5_PNM_FCST5GNODE,RTPD,LMP,LMP_PRC,FC_5_PNM_FCST5GNODE,ALL,1,-124.26107,1,1
2022-09-02T05:00:00-00:00,2022-09-02T05:15:00-00:00,2022-09-01,23,FC_5_PNM_FCST5GNODE,FC_5_PNM_FCST5GNODE,FC_5_PNM_FCST5GNODE,RTPD,LMP,LMP_PRC,FC_5_PNM_FCST5GNODE,ALL,1,-115.48895,1,1
2022-09-02T06:00:00-00:00,2022-09-02T06:15:00-00:00,2022-09-01,24,FC_5_PNM_FCST5GNODE,FC_5_PNM_FCST5GNODE,FC_5_PNM_FCST5GNODE,RTPD,LMP,LMP_PRC,FC_5_PNM_FCST5GNODE,ALL,1,-29.85601,1,1
2022-09-01T07:15:00-00:00,2022-09-01T07:30:00-00:00,2022-09-01,01,FC_5_PNM_FCST5GNODE,FC_5_PNM_FCST5GNODE,FC_5_PNM_FCST5GNODE,RTPD,LMP,LMP_PRC,FC_5_PNM_FCST5GNODE,ALL,1,118.42309,2,1
2022-09-01T08:15:00-00:00,2022-09-01T08:30:00-00:00,2022-09-01,02,FC_5_PNM_FCST5GNODE,FC_5_PNM_FCST5GNODE,FC_5_PNM_FCST5GNODE,RTPD,LMP,LMP_PRC,FC_5_PNM_FCST5GNODE,ALL,1,101.39378,2,1
2022-09-01T09:15:00-00:00,2022-09-01T09:30:00-00:00,2022-09-01,03,FC_5_PNM_FCST5GNODE,FC_5_PNM_FCST5GNODE,FC_5_PNM_FCST5GNODE,RTPD,LMP,LMP_PRC,FC_5_PNM_FCST5GNODE,ALL,1,85.97448,2,1
2022-09-01T10:15:00-00:00,2022-09-01T10:30:00-00:00,2022-09-01,04,FC_5_PNM_FCST5GNODE,FC_5_PNM_FCST5GNODE,FC_5_PNM_FCST5GNODE,RTPD,LMP,LMP_PRC,FC_5_PNM_FCST5GNODE,ALL,1,83.19204,2,1
2022-09-01T11:15:00-00:00,2022-09-01T11:30:00-00:00,2022-09-01,05,FC_5_PNM_FCST5GNODE,FC_5_PNM_FCST5GNODE,FC_5_PNM_FCST5GNODE,RTPD,LMP,LMP_PRC,FC_5_PNM_FCST5GNODE,ALL,1,85.13244,2,1
2022-09-01T12:15:00-00:00,2022-09-01T12:30:00-00:00,2022-09-01,06,FC_5_PNM_FCST5GNODE,FC_5_PNM_FCST5GNODE,FC_5_PNM_FCST5GNODE,RTPD,LMP,LMP_PRC,FC_5_PNM_FCST5GNODE,ALL,1,93.96899,2,1
2022-09-01T13:15:00-00:00,2022-09-01T13:30:00-00:00,2022-09-01,07,FC_5_PNM_FCST5GNODE,FC_5_PNM_FCST5GNODE,FC_5_PNM_FCST5GNODE,RTPD,LMP,LMP_PRC,FC_5_PNM_FCST5GNODE,ALL,1,92.42534,2,1
2022-09-01T14:15:00-00:00,2022-09-01T14:30:00-00:00,2022-09-01,08,FC_5_PNM_FCST5GNODE,FC_5_PNM_FCST5GNODE,FC_5_PNM_FCST5GNODE,RTPD,LMP,LMP_PRC,FC_5_PNM_FCST5GNODE,ALL,1,64.65874,2,1
2022-09-01T15:15:00-00:00,2022-09-01T15:30:00-00:00,2022-09-01,09,FC_5_PNM_FCST5GNODE,FC_5_PNM_FCST5GNODE,FC_5_PNM_FCST5GNODE,RTPD,LMP,LMP_PRC,FC_5_PNM_FCST5GNODE,ALL,1,29.08742,2,1
2022-09-01T16:15:00-00:00,2022-09-01T16:30:00-00:00,2022-09-01,10,FC_5_PNM_FCST5GNODE,FC_5_PNM_FCST5GNODE,FC_5_PNM_FCST5GNODE,RTPD,LMP,LMP_PRC,FC_5_PNM_FCST5GNODE,ALL,1,48.15257,2,1
2022-09-01T17:15:00-00:00,2022-09-01T17:30:00-00:00,2022-09-01,11,FC_5_PNM_FCST5GNODE,FC_5_PNM_FCST5GNODE,FC_5_PNM_FCST5GNODE,RTPD,LMP,LMP_PRC,FC_5_PNM_FCST5GNODE,ALL,1,71.5354,2,1
2022-09-01T18:15:00-00:00,2022-09-01T18:30:00-00:00,2022-09-01,12,FC_5_PNM_FCST5GNODE,FC_5_PNM_FCST5GNODE,FC_5_PNM_FCST5GNODE,RTPD,LMP,LMP_PRC,FC_5_PNM_FCST5GNODE,ALL,1,67.78514,2,1
2022-09-01T19:15:00-00:00,2022-09-01T19:30:00-00:00,2022-09-01,13,FC_5_PNM_FCST5GNODE,FC_5_PNM_FCST5GNODE,FC_5_PNM_FCST5GNODE,RTPD,LMP,LMP_PRC,FC_5_PNM_FCST5GNODE,ALL,1,79.82154,2,1
2022-09-01T20:15:00-00:00,2022-09-01T20:30:00-00:00,2022-09-01,14,FC_5_PNM_FCST5GNODE,FC_5_PNM_FCST5GNODE,FC_5_PNM_FCST5GNODE,RTPD,LMP,LMP_PRC,FC_5_PNM_FCST5GNODE,ALL,1,100.78898,2,1
2022-09-01T21:15:00-00:00,2022-09-01T21:30:00-00:00,2022-09-01,15,FC_5_PNM_FCST5GNODE,FC_5_PNM_FCST5GNODE,FC_5_PNM_FCST5GNODE,RTPD,LMP,LMP_PRC,FC_5_PNM_FCST5GNODE,ALL,1,106.26664,2,1
2022-09-01T22:15:00-00:00,2022-09-01T22:30:00-00:00,2022-09-01,16,FC_5_PNM_FCST5GNODE,FC_5_PNM_FCST5GNODE,FC_5_PNM_FCST5GNODE,RTPD,LMP,LMP_PRC,FC_5_PNM_FCST5GNODE,ALL,1,164.15768,2,1
2022-09-01T23:15:00-00:00,2022-09-01T23:30:00-00:00,2022-09-01,17,FC_5_PNM_FCST5GNODE,FC_5_PNM_FCST5GNODE,FC_5_PNM_FCST5GNODE,RTPD,LMP,LMP_PRC,FC_5_PNM_FCST5GNODE,ALL,1,185.54047,2,1
2022-09-02T00:15:00-00:00,2022-09-02T00:30:00-00:00,2022-09-01,18,FC_5_PNM_FCST5GNODE,FC_5_PNM_FCST5GNODE,FC_5_PNM_FCST5GNODE,RTPD,LMP,LMP_PRC,FC_5_PNM_FCST5GNODE,ALL,1,504.31207,2,1
2022-09-02T01:15:00-00:00,2022-09-02T01:30:00-00:00,2022-09-01,19,FC_5_PNM_FCST5GNODE,FC_5_PNM_FCST5GNODE,FC_5_PNM_FCST5GNODE,RTPD,LMP,LMP_PRC,FC_5_PNM_FCST5GNODE,ALL,1,1873.3993,2,1
2022-09-02T02:15:00-00:00,2022-09-02T02:30:00-00:00,2022-09-01,20,FC_5_PNM_FCST5GNODE,FC_5_PNM_FCST5GNODE,FC_5_PNM_FCST5GNODE,RTPD,LMP,LMP_PRC,FC_5_PNM_FCST5GNODE,ALL,1,1974.5098,2,1
2022-09-02T03:15:00-00:00,2022-09-02T03:30:00-00:00,2022-09-01,21,FC_5_PNM_FCST5GNODE,FC_5_PNM_FCST5GNODE,FC_5_PNM_FCST5GNODE,RTPD,LMP,LMP_PRC,FC_5_PNM_FCST5GNODE,ALL,1,-28.81777,2,1
2022-09-02T04:15:00-00:00,2022-09-02T04:30:00-00:00,2022-09-01,22,FC_5_PNM_FCST5GNODE,FC_5_PNM_FCST5GNODE,FC_5_PNM_FCST5GNODE,RTPD,LMP,LMP_PRC,FC_5_PNM_FCST5GNODE,ALL,1,-108.20864,2,1
2022-09-02T05:15:00-00:00,2022-09-02T05:30:00-00:00,2022-09-01,23,FC_5_PNM_FCST5GNODE,FC_5_PNM_FCST5GNODE,FC_5_PNM_FCST5GNODE,RTPD,LMP,LMP_PRC,FC_5_PNM_FCST5GNODE,ALL,1,-128.79367,2,1
2022-09-02T06:15:00-00:00,2022-09-02T06:30:00-00:00,2022-09-01,24,FC_5_PNM_FCST5GNODE,FC_5_PNM_FCST5GNODE,FC_5_PNM_FCST5GNODE,RTPD,LMP,LMP_PRC,FC_5_PNM_FCST5GNODE,ALL,1,34.95727,2,1
2022-09-01T07:30:00-00:00,2022-09-01T07:45:00-00:00,2022-09-01,01,FC_5_PNM_FCST5GNODE,FC_5_PNM_FCST5GNODE,FC_5_PNM_FCST5GNODE,RTPD,LMP,LMP_PRC,FC_5_PNM_FCST5GNODE,ALL,1,115.45368,3,1
2022-09-01T08:30:00-00:00,2022-09-01T08:45:00-00:00,2022-09-01,02,FC_5_PNM_FCST5GNODE,FC_5_PNM_FCST5GNODE,FC_5_PNM_FCST5GNODE,RTPD,LMP,LMP_PRC,FC_5_PNM_FCST5GNODE,ALL,1,91.43717,3,1
2022-09-01T09:30:00-00:00,2022-09-01T09:45:00-00:00,2022-09-01,03,FC_5_PNM_FCST5GNODE,FC_5_PNM_FCST5GNODE,FC_5_PNM_FCST5GNODE,RTPD,LMP,LMP_PRC,FC_5_PNM_FCST5GNODE,ALL,1,85.34947,3,1
2022-09-01T10:30:00-00:00,2022-09-01T10:45:00-00:00,2022-09-01,04,FC_5_PNM_FCST5GNODE,FC_5_PNM_FCST5GNODE,FC_5_PNM_FCST5GNODE,RTPD,LMP,LMP_PRC,FC_5_PNM_FCST5GNODE,ALL,1,80.92477,3,1
2022-09-01T11:30:00-00:00,2022-09-01T11:45:00-00:00,2022-09-01,05,FC_5_PNM_FCST5GNODE,FC_5_PNM_FCST5GNODE,FC_5_PNM_FCST5GNODE,RTPD,LMP,LMP_PRC,FC_5_PNM_FCST5GNODE,ALL,1,84.33682,3,1
2022-09-01T12:30:00-00:00,2022-09-01T12:45:00-00:00,2022-09-01,06,FC_5_PNM_FCST5GNODE,FC_5_PNM_FCST5GNODE,FC_5_PNM_FCST5GNODE,RTPD,LMP,LMP_PRC,FC_5_PNM_FCST5GNODE,ALL,1,101.67453,3,1
2022-09-01T13:30:00-00:00,2022-09-01T13:45:00-00:00,2022-09-01,07,FC_5_PNM_FCST5GNODE,FC_5_PNM_FCST5GNODE,FC_5_PNM_FCST5GNODE,RTPD,LMP,LMP_PRC,FC_5_PNM_FCST5GNODE,ALL,1,89.93286,3,1
2022-09-01T14:30:00-00:00,2022-09-01T14:45:00-00:00,2022-09-01,08,FC_5_PNM_FCST5GNODE,FC_5_PNM_FCST5GNODE,FC_5_PNM_FCST5GNODE,RTPD,LMP,LMP_PRC,FC_5_PNM_FCST5GNODE,ALL,1,67.96334,3,1
2022-09-01T15:30:00-00:00,2022-09-01T15:45:00-00:00,2022-09-01,09,FC_5_PNM_FCST5GNODE,FC_5_PNM_FCST5GNODE,FC_5_PNM_FCST5GNODE,RTPD,LMP,LMP_PRC,FC_5_PNM_FCST5GNODE,ALL,1,17.55049,3,1
2022-09-01T16:30:00-00:00,2022-09-01T16:45:00-00:00,2022-09-01,10,FC_5_PNM_FCST5GNODE,FC_5_PNM_FCST5GNODE,FC_5_PNM_FCST5GNODE,RTPD,LMP,LMP_PRC,FC_5_PNM_FCST5GNODE,ALL,1,63.37534,3,1
2022-09-01T17:30:00-00:00,2022-09-01T17:45:00-00:00,2022-09-01,11,FC_5_PNM_FCST5GNODE,FC_5_PNM_FCST5GNODE,FC_5_PNM_FCST5GNODE,RTPD,LMP,LMP_PRC,FC_5_PNM_FCST5GNODE,ALL,1,74.65449,3,1
2022-09-01T18:30:00-00:00,2022-09-01T18:45:00-00:00,2022-09-01,12,FC_5_PNM_FCST5GNODE,FC_5_PNM_FCST5GNODE,FC_5_PNM_FCST5GNODE,RTPD,LMP,LMP_PRC,FC_5_PNM_FCST5GNODE,ALL,1,75.29365,3,1
2022-09-01T19:30:00-00:00,2022-09-01T19:45:00-00:00,2022-09-01,13,FC_5_PNM_FCST5GNODE,FC_5_PNM_FCST5GNODE,FC_5_PNM_FCST5GNODE,RTPD,LMP,LMP_PRC,FC_5_PNM_FCST5GNODE,ALL,1,79.53395,3,1
2022-09-01T20:30:00-00:00,2022-09-01T20:45:00-00:00,2022-09-01,14,FC_5_PNM_FCST5GNODE,FC_5_PNM_FCST5GNODE,FC_5_PNM_FCST5GNODE,RTPD,LMP,LMP_PRC,FC_5_PNM_FCST5GNODE,ALL,1,117.81222,3,1
2022-09-01T21:30:00-00:00,2022-09-01T21:45:00-00:00,2022-09-01,15,FC_5_PNM_FCST5GNODE,FC_5_PNM_FCST5GNODE,FC_5_PNM_FCST5GNODE,RTPD,LMP,LMP_PRC,FC_5_PNM_FCST5GNODE,ALL,1,104.05999,3,1
2022-09-01T22:30:00-00:00,2022-09-01T22:45:00-00:00,2022-09-01,16,FC_5_PNM_FCST5GNODE,FC_5_PNM_FCST5GNODE,FC_5_PNM_FCST5GNODE,RTPD,LMP,LMP_PRC,FC_5_PNM_FCST5GNODE,ALL,1,166.61436,3,1
2022-09-01T23:30:00-00:00,2022-09-01T23:45:00-00:00,2022-09-01,17,FC_5_PNM_FCST5GNODE,FC_5_PNM_FCST5GNODE,FC_5_PNM_FCST5GNODE,RTPD,LMP,LMP_PRC,FC_5_PNM_FCST5GNODE,ALL,1,247.59598,3,1
2022-09-02T00:30:00-00:00,2022-09-02T00:45:00-00:00,2022-09-01,18,FC_5_PNM_FCST5GNODE,FC_5_PNM_FCST5GNODE,FC_5_PNM_FCST5GNODE,RTPD,LMP,LMP_PRC,FC_5_PNM_FCST5GNODE,ALL,1,1308.5723,3,1
2022-09-02T01:30:00-00:00,2022-09-02T01:45:00-00:00,2022-09-01,19,FC_5_PNM_FCST5GNODE,FC_5_PNM_FCST5GNODE,FC_5_PNM_FCST5GNODE,RTPD,LMP,LMP_PRC,FC_5_PNM_FCST5GNODE,ALL,1,1960.8177,3,1
2022-09-02T02:30:00-00:00,2022-09-02T02:45:00-00:00,2022-09-01,20,FC_5_PNM_FCST5GNODE,FC_5_PNM_FCST5GNODE,FC_5_PNM_FCST5GNODE,RTPD,LMP,LMP_PRC,FC_5_PNM_FCST5GNODE,ALL,1,1965.7886,3,1
2022-09-02T03:30:00-00:00,2022-09-02T03:45:00-00:00,2022-09-01,21,FC_5_PNM_FCST5GNODE,FC_5_PNM_FCST5GNODE,FC_5_PNM_FCST5GNODE,RTPD,LMP,LMP_PRC,FC_5_PNM_FCST5GNODE,ALL,1,47.7394,3,1
2022-09-02T04:30:00-00:00,2022-09-02T04:45:00-00:00,2022-09-01,22,FC_5_PNM_FCST5GNODE,FC_5_PNM_FCST5GNODE,FC_5_PNM_FCST5GNODE,RTPD,LMP,LMP_PRC,FC_5_PNM_FCST5GNODE,ALL,1,-90.45984,3,1
2022-09-02T05:30:00-00:00,2022-09-02T05:45:00-00:00,2022-09-01,23,FC_5_PNM_FCST5GNODE,FC_5_PNM_FCST5GNODE,FC_5_PNM_FCST5GNODE,RTPD,LMP,LMP_PRC,FC_5_PNM_FCST5GNODE,ALL,1,-97.04947,3,1
2022-09-02T06:30:00-00:00,2022-09-02T06:45:00-00:00,2022-09-01,24,FC_5_PNM_FCST5GNODE,FC_5_PNM_FCST5GNODE,FC_5_PNM_FCST5GNODE,RTPD,LMP,LMP_PRC,FC_5_PNM_FCST5GNODE,ALL,1,-86.50509,3,1
2022-09-01T07:45:00-00:00,2022-09-01T08:00:00-00:00,2022-09-01,01,FC_5_PNM_FCST5GNODE,FC_5_PNM_FCST5GNODE,FC_5_PNM_FCST5GNODE,RTPD,LMP,LMP_PRC,FC_5_PNM_FCST5GNODE,ALL,1,107.52473,4,1
2022-09-01T08:45:00-00:00,2022-09-01T09:00:00-00:00,2022-09-01,02,FC_5_PNM_FCST5GNODE,FC_5_PNM_FCST5GNODE,FC_5_PNM_FCST5GNODE,RTPD,LMP,LMP_PRC,FC_5_PNM_FCST5GNODE,ALL,1,83.1188,4,1
2022-09-01T09:45:00-00:00,2022-09-01T10:00:00-00:00,2022-09-01,03,FC_5_PNM_FCST5GNODE,FC_5_PNM_FCST5GNODE,FC_5_PNM_FCST5GNODE,RTPD,LMP,LMP_PRC,FC_5_PNM_FCST5GNODE,ALL,1,84.52112,4,1
2022-09-01T10:45:00-00:00,2022-09-01T11:00:00-00:00,2022-09-01,04,FC_5_PNM_FCST5GNODE,FC_5_PNM_FCST5GNODE,FC_5_PNM_FCST5GNODE,RTPD,LMP,LMP_PRC,FC_5_PNM_FCST5GNODE,ALL,1,78.76667,4,1
2022-09-01T11:45:00-00:00,2022-09-01T12:00:00-00:00,2022-09-01,05,FC_5_PNM_FCST5GNODE,FC_5_PNM_FCST5GNODE,FC_5_PNM_FCST5GNODE,RTPD,LMP,LMP_PRC,FC_5_PNM_FCST5GNODE,ALL,1,92.2168,4,1
2022-09-01T12:45:00-00:00,2022-09-01T13:00:00-00:00,2022-09-01,06,FC_5_PNM_FCST5GNODE,FC_5_PNM_FCST5GNODE,FC_5_PNM_FCST5GNODE,RTPD,LMP,LMP_PRC,FC_5_PNM_FCST5GNODE,ALL,1,103.37015,4,1
2022-09-01T13:45:00-00:00,2022-09-01T14:00:00-00:00,2022-09-01,07,FC_5_PNM_FCST5GNODE,FC_5_PNM_FCST5GNODE,FC_5_PNM_FCST5GNODE,RTPD,LMP,LMP_PRC,FC_5_PNM_FCST5GNODE,ALL,1,89.3285,4,1
2022-09-01T14:45:00-00:00,2022-09-01T15:00:00-00:00,2022-09-01,08,FC_5_PNM_FCST5GNODE,FC_5_PNM_FCST5GNODE,FC_5_PNM_FCST5GNODE,RTPD,LMP,LMP_PRC,FC_5_PNM_FCST5GNODE,ALL,1,58.7579,4,1
2022-09-01T15:45:00-00:00,2022-09-01T16:00:00-00:00,2022-09-01,09,FC_5_PNM_FCST5GNODE,FC_5_PNM_FCST5GNODE,FC_5_PNM_FCST5GNODE,RTPD,LMP,LMP_PRC,FC_5_PNM_FCST5GNODE,ALL,1,38.80246,4,1
2022-09-01T16:45:00-00:00,2022-09-01T17:00:00-00:00,2022-09-01,10,FC_5_PNM_FCST5GNODE,FC_5_PNM_FCST5GNODE,FC_5_PNM_FCST5GNODE,RTPD,LMP,LMP_PRC,FC_5_PNM_FCST5GNODE,ALL,1,65.13807,4,1
2022-09-01T17:45:00-00:00,2022-09-01T18:00:00-00:00,2022-09-01,11,FC_5_PNM_FCST5GNODE,FC_5_PNM_FCST5GNODE,FC_5_PNM_FCST5GNODE,RTPD,LMP,LMP_PRC,FC_5_PNM_FCST5GNODE,ALL,1,72.61225,4,1
2022-09-01T18:45:00-00:00,2022-09-01T19:00:00-00:00,2022-09-01,12,FC_5_PNM_FCST5GNODE,FC_5_PNM_FCST5GNODE,FC_5_PNM_FCST5GNODE,RTPD,LMP,LMP_PRC,FC_5_PNM_FCST5GNODE,ALL,1,75.00429,4,1
2022-09-01T19:45:00-00:00,2022-09-01T20:00:00-00:00,2022-09-01,13,FC_5_PNM_FCST5GNODE,FC_5_PNM_FCST5GNODE,FC_5_PNM_FCST5GNODE,RTPD,LMP,LMP_PRC,FC_5_PNM_FCST5GNODE,ALL,1,84.60171,4,1
2022-09-01T20:45:00-00:00,2022-09-01T21:00:00-00:00,2022-09-01,14,FC_5_PNM_FCST5GNODE,FC_5_PNM_FCST5GNODE,FC_5_PNM_FCST5GNODE,RTPD,LMP,LMP_PRC,FC_5_PNM_FCST5GNODE,ALL,1,117.47478,4,1
2022-09-01T21:45:00-00:00,2022-09-01T22:00:00-00:00,2022-09-01,15,FC_5_PNM_FCST5GNODE,FC_5_PNM_FCST5GNODE,FC_5_PNM_FCST5GNODE,RTPD,LMP,LMP_PRC,FC_5_PNM_FCST5GNODE,ALL,1,160.15942,4,1
2022-09-01T22:45:00-00:00,2022-09-01T23:00:00-00:00,2022-09-01,16,FC_5_PNM_FCST5GNODE,FC_5_PNM_FCST5GNODE,FC_5_PNM_FCST5GNODE,RTPD,LMP,LMP_PRC,FC_5_PNM_FCST5GNODE,ALL,1,272.745,4,1
2022-09-01T23:45:00-00:00,2022-09-02T00:00:00-00:00,2022-09-01,17,FC_5_PNM_FCST5GNODE,FC_5_PNM_FCST5GNODE,FC_5_PNM_FCST5GNODE,RTPD,LMP,LMP_PRC,FC_5_PNM_FCST5GNODE,ALL,1,925.0696,4,1
2022-09-02T00:45:00-00:00,2022-09-02T01:00:00-00:00,2022-09-01,18,FC_5_PNM_FCST5GNODE,FC_5_PNM_FCST5GNODE,FC_5_PNM_FCST5GNODE,RTPD,LMP,LMP_PRC,FC_5_PNM_FCST5GNODE,ALL,1,523.4258,4,1
2022-09-02T01:45:00-00:00,2022-09-02T02:00:00-00:00,2022-09-01,19,FC_5_PNM_FCST5GNODE,FC_5_PNM_FCST5GNODE,FC_5_PNM_FCST5GNODE,RTPD,LMP,LMP_PRC,FC_5_PNM_FCST5GNODE,ALL,1,1976.3213,4,1
2022-09-02T02:45:00-00:00,2022-09-02T03:00:00-00:00,2022-09-01,20,FC_5_PNM_FCST5GNODE,FC_5_PNM_FCST5GNODE,FC_5_PNM_FCST5GNODE,RTPD,LMP,LMP_PRC,FC_5_PNM_FCST5GNODE,ALL,1,498.34854,4,1
2022-09-02T03:45:00-00:00,2022-09-02T04:00:00-00:00,2022-09-01,21,FC_5_PNM_FCST5GNODE,FC_5_PNM_FCST5GNODE,FC_5_PNM_FCST5GNODE,RTPD,LMP,LMP_PRC,FC_5_PNM_FCST5GNODE,ALL,1,17.46834,4,1
2022-09-02T04:45:00-00:00,2022-09-02T05:00:00-00:00,2022-09-01,22,FC_5_PNM_FCST5GNODE,FC_5_PNM_FCST5GNODE,FC_5_PNM_FCST5GNODE,RTPD,LMP,LMP_PRC,FC_5_PNM_FCST5GNODE,ALL,1,-101.98607,4,1
2022-09-02T05:45:00-00:00,2022-09-02T06:00:00-00:00,2022-09-01,23,FC_5_PNM_FCST5GNODE,FC_5_PNM_FCST5GNODE,FC_5_PNM_FCST5GNODE,RTPD,LMP,LMP_PRC,FC_5_PNM_FCST5GNODE,ALL,1,-143.10896,4,1
2022-09-02T06:45:00-00:00,2022-09-02T07:00:00-00:00,2022-09-01,24,FC_5_PNM_FCST5GNODE,FC_5_PNM_FCST5GNODE,FC_5_PNM_FCST5GNODE,RTPD,LMP,LMP_PRC,FC_5_PNM_FCST5GNODE,ALL,1,-33.03835,4,1
2022-09-01T07:00:00-00:00,2022-09-01T07:15:00-00:00,2022-09-01,01,FC_5_PNM_FCST5GNODE,FC_5_PNM_FCST5GNODE,FC_5_PNM_FCST5GNODE,RTPD,MCC,LMP_CONG_PRC,FC_5_PNM_FCST5GNODE,ALL,1,16.3889,1,2
2022-09-01T08:00:00-00:00,2022-09-01T08:15:00-00:00,2022-09-01,02,FC_5_PNM_FCST5GNODE,FC_5_PNM_FCST5GNODE,FC_5_PNM_FCST5GNODE,RTPD,MCC,LMP_CONG_PRC,FC_5_PNM_FCST5GNODE,ALL,1,2.249,1,2
2022-09-01T09:00:00-00:00,2022-09-01T09:15:00-00:00,2022-09-01,03,FC_5_PNM_FCST5GNODE,FC_5_PNM_FCST5GNODE,FC_5_PNM_FCST5GNODE,RTPD,MCC,LMP_CONG_PRC,FC_5_PNM_FCST5GNODE,ALL,1,3.01463,1,2
2022-09-01T10:00:00-00:00,2022-09-01T10:15:00-00:00,2022-09-01,04,FC_5_PNM_FCST5GNODE,FC_5_PNM_FCST5GNODE,FC_5_PNM_FCST5GNODE,RTPD,MCC,LMP_CONG_PRC,FC_5_PNM_FCST5GNODE,ALL,1,2.66919,1,2
2022-09-01T11:00:00-00:00,2022-09-01T11:15:00-00:00,2022-09-01,05,FC_5_PNM_FCST5GNODE,FC_5_PNM_FCST5GNODE,FC_5_PNM_FCST5GNODE,RTPD,MCC,LMP_CONG_PRC,FC_5_PNM_FCST5GNODE,ALL,1,-0.0032,1,2
2022-09-01T12:00:00-00:00,2022-09-01T12:15:00-00:00,2022-09-01,06,FC_5_PNM_FCST5GNODE,FC_5_PNM_FCST5GNODE,FC_5_PNM_FCST5GNODE,RTPD,MCC,LMP_CONG_PRC,FC_5_PNM_FCST5GNODE,ALL,1,7.03235,1,2
2022-09-01T13:00:00-00:00,2022-09-01T13:15:00-00:00,2022-09-01,07,FC_5_PNM_FCST5GNODE,FC_5_PNM_FCST5GNODE,FC_5_PNM_FCST5GNODE,RTPD,MCC,LMP_CONG_PRC,FC_5_PNM_FCST5GNODE,ALL,1,9.61146,1,2
2022-09-01T14:00:00-00:00,2022-09-01T14:15:00-00:00,2022-09-01,08,FC_5_PNM_FCST5GNODE,FC_5_PNM_FCST5GNODE,FC_5_PNM_FCST5GNODE,RTPD,MCC,LMP_CONG_PRC,FC_5_PNM_FCST5GNODE,ALL,1,-15.69695,1,2
2022-09-01T15:00:00-00:00,2022-09-01T15:15:00-00:00,2022-09-01,09,FC_5_PNM_FCST5GNODE,FC_5_PNM_FCST5GNODE,FC_5_PNM_FCST5GNODE,RTPD,MCC,LMP_CONG_PRC,FC_5_PNM_FCST5GNODE,ALL,1,-42.66911,1,2
2022-09-01T16:00:00-00:00,2022-09-01T16:15:00-00:00,2022-09-01,10,FC_5_PNM_FCST5GNODE,FC_5_PNM_FCST5GNODE,FC_5_PNM_FCST5GNODE,RTPD,MCC,LMP_CONG_PRC,FC_5_PNM_FCST5GNODE,ALL,1,-31.38332,1,2
2022-09-01T17:00:00-00:00,2022-09-01T17:15:00-00:00,2022-09-01,11,FC_5_PNM_FCST5GNODE,FC_5_PNM_FCST5GNODE,FC_5_PNM_FCST5GNODE,RTPD,MCC,LMP_CONG_PRC,FC_5_PNM_FCST5GNODE,ALL,1,-16.57961,1,2
2022-09-01T18:00:00-00:00,2022-09-01T18:15:00-00:00,2022-09-01,12,FC_5_PNM_FCST5GNODE,FC_5_PNM_FCST5GNODE,FC_5_PNM_FCST5GNODE,RTPD,MCC,LMP_CONG_PRC,FC_5_PNM_FCST5GNODE,ALL,1,-9.33242,1,2
2022-09-01T19:00:00-00:00,2022-09-01T19:15:00-00:00,2022-09-01,13,FC_5_PNM_FCST5GNODE,FC_5_PNM_FCST5GNODE,FC_5_PNM_FCST5GNODE,RTPD,MCC,LMP_CONG_PRC,FC_5_PNM_FCST5GNODE,ALL,1,-28.54658,1,2
2022-09-01T20:00:00-00:00,2022-09-01T20:15:00-00:00,2022-09-01,14,FC_5_PNM_FCST5GNODE,FC_5_PNM_FCST5GNODE,FC_5_PNM_FCST5GNODE,RTPD,MCC,LMP_CONG_PRC,FC_5_PNM_FCST5GNODE,ALL,1,1.76996,1,2
2022-09-01T21:00:00-00:00,2022-09-01T21:15:00-00:00,2022-09-01,15,FC_5_PNM_FCST5GNODE,FC_5_PNM_FCST5GNODE,FC_5_PNM_FCST5GNODE,RTPD,MCC,LMP_CONG_PRC,FC_5_PNM_FCST5GNODE,ALL,1,-118.71775,1,2
2022-09-01T22:00:00-00:00,2022-09-01T22:15:00-00:00,2022-09-01,16,FC_5_PNM_FCST5GNODE,FC_5_PNM_FCST5GNODE,FC_5_PNM_FCST5GNODE,RTPD,MCC,LMP_CONG_PRC,FC_5_PNM_FCST5GNODE,ALL,1,-69.98499,1,2
2022-09-01T23:00:00-00:00,2022-09-01T23:15:00-00:00,2022-09-01,17,FC_5_PNM_FCST5GNODE,FC_5_PNM_FCST5GNODE,FC_5_PNM_FCST5GNODE,RTPD,MCC,LMP_CONG_PRC,FC_5_PNM_FCST5GNODE,ALL,1,-158.70805,1,2
2022-09-02T00:00:00-00:00,2022-09-02T00:15:00-00:00,2022-09-01,18,FC_5_PNM_FCST5GNODE,FC_5_PNM_FCST5GNODE,FC_5_PNM_FCST5GNODE,RTPD,MCC,LMP_CONG_PRC,FC_5_PNM_FCST5GNODE,ALL,1,-109.91726,1,2
2022-09-02T01:00:00-00:00,2022-09-02T01:15:00-00:00,2022-09-01,19,FC_5_PNM_FCST5GNODE,FC_5_PNM_FCST5GNODE,FC_5_PNM_FCST5GNODE,RTPD,MCC,LMP_CONG_PRC,FC_5_PNM_FCST5GNODE,ALL,1,71.22237,1,2
2022-09-02T02:00:00-00:00,2022-09-02T02:15:00-00:00,2022-09-01,20,FC_5_PNM_FCST5GNODE,FC_5_PNM_FCST5GNODE,FC_5_PNM_FCST5GNODE,RTPD,MCC,LMP_CONG_PRC,FC_5_PNM_FCST5GNODE,ALL,1,-79.00327,1,2
2022-09-02T03:00:00-00:00,2022-09-02T03:15:00-00:00,2022-09-01,21,FC_5_PNM_FCST5GNODE,FC_5_PNM_FCST5GNODE,FC_5_PNM_FCST5GNODE,RTPD,MCC,LMP_CONG_PRC,FC_5_PNM_FCST5GNODE,ALL,1,-1081.401,1,2
2022-09-02T04:00:00-00:00,2022-09-02T04:15:00-00:00,2022-09-01,22,FC_5_PNM_FCST5GNODE,FC_5_PNM_FCST5GNODE,FC_5_PNM_FCST5GNODE,RTPD,MCC,LMP_CONG_PRC,FC_5_PNM_FCST5GNODE,ALL,1,-350.08252,1,2
2022-09-02T05:00:00-00:00,2022-09-02T05:15:00-00:00,2022-09-01,23,FC_5_PNM_FCST5GNODE,FC_5_PNM_FCST5GNODE,FC_5_PNM_FCST5GNODE,RTPD,MCC,LMP_CONG_PRC,FC_5_PNM_FCST5GNODE,ALL,1,-275.0743,1,2
2022-09-02T06:00:00-00:00,2022-09-02T06:15:00-00:00,2022-09-01,24,FC_5_PNM_FCST5GNODE,FC_5_PNM_FCST5GNODE,FC_5_PNM_FCST5GNODE,RTPD,MCC,LMP_CONG_PRC,FC_5_PNM_FCST5GNODE,ALL,1,-165.04916,1,2
2022-09-01T07:15:00-00:00,2022-09-01T07:30:00-00:00,2022-09-01,01,FC_5_PNM_FCST5GNODE,FC_5_PNM_FCST5GNODE,FC_5_PNM_FCST5GNODE,RTPD,MCC,LMP_CONG_PRC,FC_5_PNM_FCST5GNODE,ALL,1,6.63165,2,2
2022-09-01T08:15:00-00:00,2022-09-01T08:30:00-00:00,2022-09-01,02,FC_5_PNM_FCST5GNODE,FC_5_PNM_FCST5GNODE,FC_5_PNM_FCST5GNODE,RTPD,MCC,LMP_CONG_PRC,FC_5_PNM_FCST5GNODE,ALL,1,0.61213,2,2
2022-09-01T09:15:00-00:00,2022-09-01T09:30:00-00:00,2022-09-01,03,FC_5_PNM_FCST5GNODE,FC_5_PNM_FCST5GNODE,FC_5_PNM_FCST5GNODE,RTPD,MCC,LMP_CONG_PRC,FC_5_PNM_FCST5GNODE,ALL,1,4.0012,2,2
2022-09-01T10:15:00-00:00,2022-09-01T10:30:00-00:00,2022-09-01,04,FC_5_PNM_FCST5GNODE,FC_5_PNM_FCST5GNODE,FC_5_PNM_FCST5GNODE,RTPD,MCC,LMP_CONG_PRC,FC_5_PNM_FCST5GNODE,ALL,1,3.77687,2,2
2022-09-01T11:15:00-00:00,2022-09-01T11:30:00-00:00,2022-09-01,05,FC_5_PNM_FCST5GNODE,FC_5_PNM_FCST5GNODE,FC_5_PNM_FCST5GNODE,RTPD,MCC,LMP_CONG_PRC,FC_5_PNM_FCST5GNODE,ALL,1,-0.004,2,2
2022-09-01T12:15:00-00:00,2022-09-01T12:30:00-00:00,2022-09-01,06,FC_5_PNM_FCST5GNODE,FC_5_PNM_FCST5GNODE,FC_5_PNM_FCST5GNODE,RTPD,MCC,LMP_CONG_PRC,FC_5_PNM_FCST5GNODE,ALL,1,4.29578,2,2
2022-09-01T13:15:00-00:00,2022-09-01T13:30:00-00:00,2022-09-01,07,FC_5_PNM_FCST5GNODE,FC_5_PNM_FCST5GNODE,FC_5_PNM_FCST5GNODE,RTPD,MCC,LMP_CONG_PRC,FC_5_PNM_FCST5GNODE,ALL,1,0.41084,2,2
2022-09-01T14:15:00-00:00,2022-09-01T14:30:00-00:00,2022-09-01,08,FC_5_PNM_FCST5GNODE,FC_5_PNM_FCST5GNODE,FC_5_PNM_FCST5GNODE,RTPD,MCC,LMP_CONG_PRC,FC_5_PNM_FCST5GNODE,ALL,1,-20.00779,2,2
2022-09-01T15:15:00-00:00,2022-09-01T15:30:00-00:00,2022-09-01,09,FC_5_PNM_FCST5GNODE,FC_5_PNM_FCST5GNODE,FC_5_PNM_FCST5GNODE,RTPD,MCC,LMP_CONG_PRC,FC_5_PNM_FCST5GNODE,ALL,1,-45.15138,2,2
2022-09-01T16:15:00-00:00,2022-09-01T16:30:00-00:00,2022-09-01,10,FC_5_PNM_FCST5GNODE,FC_5_PNM_FCST5GNODE,FC_5_PNM_FCST5GNODE,RTPD,MCC,LMP_CONG_PRC,FC_5_PNM_FCST5GNODE,ALL,1,-27.9544,2,2
2022-09-01T17:15:00-00:00,2022-09-01T17:30:00-00:00,2022-09-01,11,FC_5_PNM_FCST5GNODE,FC_5_PNM_FCST5GNODE,FC_5_PNM_FCST5GNODE,RTPD,MCC,LMP_CONG_PRC,FC_5_PNM_FCST5GNODE,ALL,1,-15.92132,2,2
2022-09-01T18:15:00-00:00,2022-09-01T18:30:00-00:00,2022-09-01,12,FC_5_PNM_FCST5GNODE,FC_5_PNM_FCST5GNODE,FC_5_PNM_FCST5GNODE,RTPD,MCC,LMP_CONG_PRC,FC_5_PNM_FCST5GNODE,ALL,1,-18.58387,2,2
2022-09-01T19:15:00-00:00,2022-09-01T19:30:00-00:00,2022-09-01,13,FC_5_PNM_FCST5GNODE,FC_5_PNM_FCST5GNODE,FC_5_PNM_FCST5GNODE,RTPD,MCC,LMP_CONG_PRC,FC_5_PNM_FCST5GNODE,ALL,1,-10.69433,2,2
2022-09-01T20:15:00-00:00,2022-09-01T20:30:00-00:00,2022-09-01,14,FC_5_PNM_FCST5GNODE,FC_5_PNM_FCST5GNODE,FC_5_PNM_FCST5GNODE,RTPD,MCC,LMP_CONG_PRC,FC_5_PNM_FCST5GNODE,ALL,1,1.88478,2,2
2022-09-01T21:15:00-00:00,2022-09-01T21:30:00-00:00,2022-09-01,15,FC_5_PNM_FCST5GNODE,FC_5_PNM_FCST5GNODE,FC_5_PNM_FCST5GNODE,RTPD,MCC,LMP_CONG_PRC,FC_5_PNM_FCST5GNODE,ALL,1,-25.53521,2,2
2022-09-01T22:15:00-00:00,2022-09-01T22:30:00-00:00,2022-09-01,16,FC_5_PNM_FCST5GNODE,FC_5_PNM_FCST5GNODE,FC_5_PNM_FCST5GNODE,RTPD,MCC,LMP_CONG_PRC,FC_5_PNM_FCST5GNODE,ALL,1,-72.98149,2,2
2022-09-01T23:15:00-00:00,2022-09-01T23:30:00-00:00,2022-09-01,17,FC_5_PNM_FCST5GNODE,FC_5_PNM_FCST5GNODE,FC_5_PNM_FCST5GNODE,RTPD,MCC,LMP_CONG_PRC,FC_5_PNM_FCST5GNODE,ALL,1,-150.42361,2,2
2022-09-02T00:15:00-00:00,2022-09-02T00:30:00-00:00,2022-09-01,18,FC_5_PNM_FCST5GNODE,FC_5_PNM_FCST5GNODE,FC_5_PNM_FCST5GNODE,RTPD,MCC,LMP_CONG_PRC,FC_5_PNM_FCST5GNODE,ALL,1,-96.49831,2,2
2022-09-02T01:15:00-00:00,2022-09-02T01:30:00-00:00,2022-09-01,19,FC_5_PNM_FCST5GNODE,FC_5_PNM_FCST5GNODE,FC_5_PNM_FCST5GNODE,RTPD,MCC,LMP_CONG_PRC,FC_5_PNM_FCST5GNODE,ALL,1,-108.004,2,2
2022-09-02T02:15:00-00:00,2022-09-02T02:30:00-00:00,2022-09-01,20,FC_5_PNM_FCST5GNODE,FC_5_PNM_FCST5GNODE,FC_5_PNM_FCST5GNODE,RTPD,MCC,LMP_CONG_PRC,FC_5_PNM_FCST5GNODE,ALL,1,-0.0024,2,2
2022-09-02T03:15:00-00:00,2022-09-02T03:30:00-00:00,2022-09-01,21,FC_5_PNM_FCST5GNODE,FC_5_PNM_FCST5GNODE,FC_5_PNM_FCST5GNODE,RTPD,MCC,LMP_CONG_PRC,FC_5_PNM_FCST5GNODE,ALL,1,-383.0805,2,2
2022-09-02T04:15:00-00:00,2022-09-02T04:30:00-00:00,2022-09-01,22,FC_5_PNM_FCST5GNODE,FC_5_PNM_FCST5GNODE,FC_5_PNM_FCST5GNODE,RTPD,MCC,LMP_CONG_PRC,FC_5_PNM_FCST5GNODE,ALL,1,-303.073,2,2
2022-09-02T05:15:00-00:00,2022-09-02T05:30:00-00:00,2022-09-01,23,FC_5_PNM_FCST5GNODE,FC_5_PNM_FCST5GNODE,FC_5_PNM_FCST5GNODE,RTPD,MCC,LMP_CONG_PRC,FC_5_PNM_FCST5GNODE,ALL,1,-263.14594,2,2
2022-09-02T06:15:00-00:00,2022-09-02T06:30:00-00:00,2022-09-01,24,FC_5_PNM_FCST5GNODE,FC_5_PNM_FCST5GNODE,FC_5_PNM_FCST5GNODE,RTPD,MCC,LMP_CONG_PRC,FC_5_PNM_FCST5GNODE,ALL,1,-87.6435,2,2
2022-09-01T07:30:00-00:00,2022-09-01T07:45:00-00:00,2022-09-01,01,FC_5_PNM_FCST5GNODE,FC_5_PNM_FCST5GNODE,FC_5_PNM_FCST5GNODE,RTPD,MCC,LMP_CONG_PRC,FC_5_PNM_FCST5GNODE,ALL,1,10.88171,3,2
2022-09-01T08:30:00-00:00,2022-09-01T08:45:00-00:00,2022-09-01,02,FC_5_PNM_FCST5GNODE,FC_5_PNM_FCST5GNODE,FC_5_PNM_FCST5GNODE,RTPD,MCC,LMP_CONG_PRC,FC_5_PNM_FCST5GNODE,ALL,1,-0.00182,3,2
2022-09-01T09:30:00-00:00,2022-09-01T09:45:00-00:00,2022-09-01,03,FC_5_PNM_FCST5GNODE,FC_5_PNM_FCST5GNODE,FC_5_PNM_FCST5GNODE,RTPD,MCC,LMP_CONG_PRC,FC_5_PNM_FCST5GNODE,ALL,1,3.96529,3,2
2022-09-01T10:30:00-00:00,2022-09-01T10:45:00-00:00,2022-09-01,04,FC_5_PNM_FCST5GNODE,FC_5_PNM_FCST5GNODE,FC_5_PNM_FCST5GNODE,RTPD,MCC,LMP_CONG_PRC,FC_5_PNM_FCST5GNODE,ALL,1,2.14262,3,2
2022-09-01T11:30:00-00:00,2022-09-01T11:45:00-00:00,2022-09-01,05,FC_5_PNM_FCST5GNODE,FC_5_PNM_FCST5GNODE,FC_5_PNM_FCST5GNODE,RTPD,MCC,LMP_CONG_PRC,FC_5_PNM_FCST5GNODE,ALL,1,-0.004,3,2
2022-09-01T12:30:00-00:00,2022-09-01T12:45:00-00:00,2022-09-01,06,FC_5_PNM_FCST5GNODE,FC_5_PNM_FCST5GNODE,FC_5_PNM_FCST5GNODE,RTPD,MCC,LMP_CONG_PRC,FC_5_PNM_FCST5GNODE,ALL,1,7.46409,3,2
2022-09-01T13:30:00-00:00,2022-09-01T13:45:00-00:00,2022-09-01,07,FC_5_PNM_FCST5GNODE,FC_5_PNM_FCST5GNODE,FC_5_PNM_FCST5GNODE,RTPD,MCC,LMP_CONG_PRC,FC_5_PNM_FCST5GNODE,ALL,1,-1.53557,3,2
2022-09-01T14:30:00-00:00,2022-09-01T14:45:00-00:00,2022-09-01,08,FC_5_PNM_FCST5GNODE,FC_5_PNM_FCST5GNODE,FC_5_PNM_FCST5GNODE,RTPD,MCC,LMP_CONG_PRC,FC_5_PNM_FCST5GNODE,ALL,1,-14.65551,3,2
2022-09-01T15:30:00-00:00,2022-09-01T15:45:00-00:00,2022-09-01,09,FC_5_PNM_FCST5GNODE,FC_5_PNM_FCST5GNODE,FC_5_PNM_FCST5GNODE,RTPD,MCC,LMP_CONG_PRC,FC_5_PNM_FCST5GNODE,ALL,1,-56.53831,3,2
2022-09-01T16:30:00-00:00,2022-09-01T16:45:00-00:00,2022-09-01,10,FC_5_PNM_FCST5GNODE,FC_5_PNM_FCST5GNODE,FC_5_PNM_FCST5GNODE,RTPD,MCC,LMP_CONG_PRC,FC_5_PNM_FCST5GNODE,ALL,1,-14.2911,3,2
2022-09-01T17:30:00-00:00,2022-09-01T17:45:00-00:00,2022-09-01,11,FC_5_PNM_FCST5GNODE,FC_5_PNM_FCST5GNODE,FC_5_PNM_FCST5GNODE,RTPD,MCC,LMP_CONG_PRC,FC_5_PNM_FCST5GNODE,ALL,1,-12.84565,3,2
2022-09-01T18:30:00-00:00,2022-09-01T18:45:00-00:00,2022-09-01,12,FC_5_PNM_FCST5GNODE,FC_5_PNM_FCST5GNODE,FC_5_PNM_FCST5GNODE,RTPD,MCC,LMP_CONG_PRC,FC_5_PNM_FCST5GNODE,ALL,1,-17.38371,3,2
2022-09-01T19:30:00-00:00,2022-09-01T19:45:00-00:00,2022-09-01,13,FC_5_PNM_FCST5GNODE,FC_5_PNM_FCST5GNODE,FC_5_PNM_FCST5GNODE,RTPD,MCC,LMP_CONG_PRC,FC_5_PNM_FCST5GNODE,ALL,1,-19.7351,3,2
2022-09-01T20:30:00-00:00,2022-09-01T20:45:00-00:00,2022-09-01,14,FC_5_PNM_FCST5GNODE,FC_5_PNM_FCST5GNODE,FC_5_PNM_FCST5GNODE,RTPD,MCC,LMP_CONG_PRC,FC_5_PNM_FCST5GNODE,ALL,1,7.36618,3,2
2022-09-01T21:30:00-00:00,2022-09-01T21:45:00-00:00,2022-09-01,15,FC_5_PNM_FCST5GNODE,FC_5_PNM_FCST5GNODE,FC_5_PNM_FCST5GNODE,RTPD,MCC,LMP_CONG_PRC,FC_5_PNM_FCST5GNODE,ALL,1,-34.08058,3,2
2022-09-01T22:30:00-00:00,2022-09-01T22:45:00-00:00,2022-09-01,16,FC_5_PNM_FCST5GNODE,FC_5_PNM_FCST5GNODE,FC_5_PNM_FCST5GNODE,RTPD,MCC,LMP_CONG_PRC,FC_5_PNM_FCST5GNODE,ALL,1,-98.79744,3,2
2022-09-01T23:30:00-00:00,2022-09-01T23:45:00-00:00,2022-09-01,17,FC_5_PNM_FCST5GNODE,FC_5_PNM_FCST5GNODE,FC_5_PNM_FCST5GNODE,RTPD,MCC,LMP_CONG_PRC,FC_5_PNM_FCST5GNODE,ALL,1,-292.72562,3,2
2022-09-02T00:30:00-00:00,2022-09-02T00:45:00-00:00,2022-09-01,18,FC_5_PNM_FCST5GNODE,FC_5_PNM_FCST5GNODE,FC_5_PNM_FCST5GNODE,RTPD,MCC,LMP_CONG_PRC,FC_5_PNM_FCST5GNODE,ALL,1,8.96959,3,2
2022-09-02T01:30:00-00:00,2022-09-02T01:45:00-00:00,2022-09-01,19,FC_5_PNM_FCST5GNODE,FC_5_PNM_FCST5GNODE,FC_5_PNM_FCST5GNODE,RTPD,MCC,LMP_CONG_PRC,FC_5_PNM_FCST5GNODE,ALL,1,-20.58785,3,2
2022-09-02T02:30:00-00:00,2022-09-02T02:45:00-00:00,2022-09-01,20,FC_5_PNM_FCST5GNODE,FC_5_PNM_FCST5GNODE,FC_5_PNM_FCST5GNODE,RTPD,MCC,LMP_CONG_PRC,FC_5_PNM_FCST5GNODE,ALL,1,-0.0024,3,2
2022-09-02T03:30:00-00:00,2022-09-02T03:45:00-00:00,2022-09-01,21,FC_5_PNM_FCST5GNODE,FC_5_PNM_FCST5GNODE,FC_5_PNM_FCST5GNODE,RTPD,MCC,LMP_CONG_PRC,FC_5_PNM_FCST5GNODE,ALL,1,-109.98192,3,2
2022-09-02T04:30:00-00:00,2022-09-02T04:45:00-00:00,2022-09-01,22,FC_5_PNM_FCST5GNODE,FC_5_PNM_FCST5GNODE,FC_5_PNM_FCST5GNODE,RTPD,MCC,LMP_CONG_PRC,FC_5_PNM_FCST5GNODE,ALL,1,-244.96387,3,2
2022-09-02T05:30:00-00:00,2022-09-02T05:45:00-00:00,2022-09-01,23,FC_5_PNM_FCST5GNODE,FC_5_PNM_FCST5GNODE,FC_5_PNM_FCST5GNODE,RTPD,MCC,LMP_CONG_PRC,FC_5_PNM_FCST5GNODE,ALL,1,-205.85683,3,2
2022-09-02T06:30:00-00:00,2022-09-02T06:45:00-00:00,2022-09-01,24,FC_5_PNM_FCST5GNODE,FC_5_PNM_FCST5GNODE,FC_5_PNM_FCST5GNODE,RTPD,MCC,LMP_CONG_PRC,FC_5_PNM_FCST5GNODE,ALL,1,-192.74278,3,2
2022-09-01T07:45:00-00:00,2022-09-01T08:00:00-00:00,2022-09-01,01,FC_5_PNM_FCST5GNODE,FC_5_PNM_FCST5GNODE,FC_5_PNM_FCST5GNODE,RTPD,MCC,LMP_CONG_PRC,FC_5_PNM_FCST5GNODE,ALL,1,12.40374,4,2
2022-09-01T08:45:00-00:00,2022-09-01T09:00:00-00:00,2022-09-01,02,FC_5_PNM_FCST5GNODE,FC_5_PNM_FCST5GNODE,FC_5_PNM_FCST5GNODE,RTPD,MCC,LMP_CONG_PRC,FC_5_PNM_FCST5GNODE,ALL,1,3.0261,4,2
2022-09-01T09:45:00-00:00,2022-09-01T10:00:00-00:00,2022-09-01,03,FC_5_PNM_FCST5GNODE,FC_5_PNM_FCST5GNODE,FC_5_PNM_FCST5GNODE,RTPD,MCC,LMP_CONG_PRC,FC_5_PNM_FCST5GNODE,ALL,1,3.5791,4,2
2022-09-01T10:45:00-00:00,2022-09-01T11:00:00-00:00,2022-09-01,04,FC_5_PNM_FCST5GNODE,FC_5_PNM_FCST5GNODE,FC_5_PNM_FCST5GNODE,RTPD,MCC,LMP_CONG_PRC,FC_5_PNM_FCST5GNODE,ALL,1,0.8438,4,2
2022-09-01T11:45:00-00:00,2022-09-01T12:00:00-00:00,2022-09-01,05,FC_5_PNM_FCST5GNODE,FC_5_PNM_FCST5GNODE,FC_5_PNM_FCST5GNODE,RTPD,MCC,LMP_CONG_PRC,FC_5_PNM_FCST5GNODE,ALL,1,-0.0032,4,2
2022-09-01T12:45:00-00:00,2022-09-01T13:00:00-00:00,2022-09-01,06,FC_5_PNM_FCST5GNODE,FC_5_PNM_FCST5GNODE,FC_5_PNM_FCST5GNODE,RTPD,MCC,LMP_CONG_PRC,FC_5_PNM_FCST5GNODE,ALL,1,1.67534,4,2
2022-09-01T13:45:00-00:00,2022-09-01T14:00:00-00:00,2022-09-01,07,FC_5_PNM_FCST5GNODE,FC_5_PNM_FCST5GNODE,FC_5_PNM_FCST5GNODE,RTPD,MCC,LMP_CONG_PRC,FC_5_PNM_FCST5GNODE,ALL,1,-7.2915,4,2
2022-09-01T14:45:00-00:00,2022-09-01T15:00:00-00:00,2022-09-01,08,FC_5_PNM_FCST5GNODE,FC_5_PNM_FCST5GNODE,FC_5_PNM_FCST5GNODE,RTPD,MCC,LMP_CONG_PRC,FC_5_PNM_FCST5GNODE,ALL,1,-18.5409,4,2
2022-09-01T15:45:00-00:00,2022-09-01T16:00:00-00:00,2022-09-01,09,FC_5_PNM_FCST5GNODE,FC_5_PNM_FCST5GNODE,FC_5_PNM_FCST5GNODE,RTPD,MCC,LMP_CONG_PRC,FC_5_PNM_FCST5GNODE,ALL,1,-27.84829,4,2
2022-09-01T16:45:00-00:00,2022-09-01T17:00:00-00:00,2022-09-01,10,FC_5_PNM_FCST5GNODE,FC_5_PNM_FCST5GNODE,FC_5_PNM_FCST5GNODE,RTPD,MCC,LMP_CONG_PRC,FC_5_PNM_FCST5GNODE,ALL,1,-15.17126,4,2
2022-09-01T17:45:00-00:00,2022-09-01T18:00:00-00:00,2022-09-01,11,FC_5_PNM_FCST5GNODE,FC_5_PNM_FCST5GNODE,FC_5_PNM_FCST5GNODE,RTPD,MCC,LMP_CONG_PRC,FC_5_PNM_FCST5GNODE,ALL,1,-14.27141,4,2
2022-09-01T18:45:00-00:00,2022-09-01T19:00:00-00:00,2022-09-01,12,FC_5_PNM_FCST5GNODE,FC_5_PNM_FCST5GNODE,FC_5_PNM_FCST5GNODE,RTPD,MCC,LMP_CONG_PRC,FC_5_PNM_FCST5GNODE,ALL,1,-20.05635,4,2
2022-09-01T19:45:00-00:00,2022-09-01T20:00:00-00:00,2022-09-01,13,FC_5_PNM_FCST5GNODE,FC_5_PNM_FCST5GNODE,FC_5_PNM_FCST5GNODE,RTPD,MCC,LMP_CONG_PRC,FC_5_PNM_FCST5GNODE,ALL,1,-20.2532,4,2
2022-09-01T20:45:00-00:00,2022-09-01T21:00:00-00:00,2022-09-01,14,FC_5_PNM_FCST5GNODE,FC_5_PNM_FCST5GNODE,FC_5_PNM_FCST5GNODE,RTPD,MCC,LMP_CONG_PRC,FC_5_PNM_FCST5GNODE,ALL,1,-20.94031,4,2
2022-09-01T21:45:00-00:00,2022-09-01T22:00:00-00:00,2022-09-01,15,FC_5_PNM_FCST5GNODE,FC_5_PNM_FCST5GNODE,FC_5_PNM_FCST5GNODE,RTPD,MCC,LMP_CONG_PRC,FC_5_PNM_FCST5GNODE,ALL,1,-125.34435,4,2
2022-09-01T22:45:00-00:00,2022-09-01T23:00:00-00:00,2022-09-01,16,FC_5_PNM_FCST5GNODE,FC_5_PNM_FCST5GNODE,FC_5_PNM_FCST5GNODE,RTPD,MCC,LMP_CONG_PRC,FC_5_PNM_FCST5GNODE,ALL,1,-140.0087,4,2
2022-09-01T23:45:00-00:00,2022-09-02T00:00:00-00:00,2022-09-01,17,FC_5_PNM_FCST5GNODE,FC_5_PNM_FCST5GNODE,FC_5_PNM_FCST5GNODE,RTPD,MCC,LMP_CONG_PRC,FC_5_PNM_FCST5GNODE,ALL,1,-307.8129,4,2
2022-09-02T00:45:00-00:00,2022-09-02T01:00:00-00:00,2022-09-01,18,FC_5_PNM_FCST5GNODE,FC_5_PNM_FCST5GNODE,FC_5_PNM_FCST5GNODE,RTPD,MCC,LMP_CONG_PRC,FC_5_PNM_FCST5GNODE,ALL,1,-966.2132,4,2
2022-09-02T01:45:00-00:00,2022-09-02T02:00:00-00:00,2022-09-01,19,FC_5_PNM_FCST5GNODE,FC_5_PNM_FCST5GNODE,FC_5_PNM_FCST5GNODE,RTPD,MCC,LMP_CONG_PRC,FC_5_PNM_FCST5GNODE,ALL,1,-0.0024,4,2
2022-09-02T02:45:00-00:00,2022-09-02T03:00:00-00:00,2022-09-01,20,FC_5_PNM_FCST5GNODE,FC_5_PNM_FCST5GNODE,FC_5_PNM_FCST5GNODE,RTPD,MCC,LMP_CONG_PRC,FC_5_PNM_FCST5GNODE,ALL,1,-982.68384,4,2
2022-09-02T03:45:00-00:00,2022-09-02T04:00:00-00:00,2022-09-01,21,FC_5_PNM_FCST5GNODE,FC_5_PNM_FCST5GNODE,FC_5_PNM_FCST5GNODE,RTPD,MCC,LMP_CONG_PRC,FC_5_PNM_FCST5GNODE,ALL,1,-98.16971,4,2
2022-09-02T04:45:00-00:00,2022-09-02T05:00:00-00:00,2022-09-01,22,FC_5_PNM_FCST5GNODE,FC_5_PNM_FCST5GNODE,FC_5_PNM_FCST5GNODE,RTPD,MCC,LMP_CONG_PRC,FC_5_PNM_FCST5GNODE,ALL,1,-205.52586,4,2
2022-09-02T05:45:00-00:00,2022-09-02T06:00:00-00:00,2022-09-01,23,FC_5_PNM_FCST5GNODE,FC_5_PNM_FCST5GNODE,FC_5_PNM_FCST5GNODE,RTPD,MCC,LMP_CONG_PRC,FC_5_PNM_FCST5GNODE,ALL,1,-240.72102,4,2
2022-09-02T06:45:00-00:00,2022-09-02T07:00:00-00:00,2022-09-01,24,FC_5_PNM_FCST5GNODE,FC_5_PNM_FCST5GNODE,FC_5_PNM_FCST5GNODE,RTPD,MCC,LMP_CONG_PRC,FC_5_PNM_FCST5GNODE,ALL,1,-120.52501,4,2
2022-09-01T07:00:00-00:00,2022-09-01T07:15:00-00:00,2022-09-01,01,FC_5_PNM_FCST5GNODE,FC_5_PNM_FCST5GNODE,FC_5_PNM_FCST5GNODE,RTPD,MCE,LMP_ENE_PRC,FC_5_PNM_FCST5GNODE,ALL,1,104.23471,1,3
2022-09-01T08:00:00-00:00,2022-09-01T08:15:00-00:00,2022-09-01,02,FC_5_PNM_FCST5GNODE,FC_5_PNM_FCST5GNODE,FC_5_PNM_FCST5GNODE,RTPD,MCE,LMP_ENE_PRC,FC_5_PNM_FCST5GNODE,ALL,1,115.5488,1,3
2022-09-01T09:00:00-00:00,2022-09-01T09:15:00-00:00,2022-09-01,03,FC_5_PNM_FCST5GNODE,FC_5_PNM_FCST5GNODE,FC_5_PNM_FCST5GNODE,RTPD,MCE,LMP_ENE_PRC,FC_5_PNM_FCST5GNODE,ALL,1,99.73061,1,3
2022-09-01T10:00:00-00:00,2022-09-01T10:15:00-00:00,2022-09-01,04,FC_5_PNM_FCST5GNODE,FC_5_PNM_FCST5GNODE,FC_5_PNM_FCST5GNODE,RTPD,MCE,LMP_ENE_PRC,FC_5_PNM_FCST5GNODE,ALL,1,98.64222,1,3
2022-09-01T11:00:00-00:00,2022-09-01T11:15:00-00:00,2022-09-01,05,FC_5_PNM_FCST5GNODE,FC_5_PNM_FCST5GNODE,FC_5_PNM_FCST5GNODE,RTPD,MCE,LMP_ENE_PRC,FC_5_PNM_FCST5GNODE,ALL,1,102.56859,1,3
2022-09-01T12:00:00-00:00,2022-09-01T12:15:00-00:00,2022-09-01,06,FC_5_PNM_FCST5GNODE,FC_5_PNM_FCST5GNODE,FC_5_PNM_FCST5GNODE,RTPD,MCE,LMP_ENE_PRC,FC_5_PNM_FCST5GNODE,ALL,1,96.90845,1,3
2022-09-01T13:00:00-00:00,2022-09-01T13:15:00-00:00,2022-09-01,07,FC_5_PNM_FCST5GNODE,FC_5_PNM_FCST5GNODE,FC_5_PNM_FCST5GNODE,RTPD,MCE,LMP_ENE_PRC,FC_5_PNM_FCST5GNODE,ALL,1,101.80878,1,3
2022-09-01T14:00:00-00:00,2022-09-01T14:15:00-00:00,2022-09-01,08,FC_5_PNM_FCST5GNODE,FC_5_PNM_FCST5GNODE,FC_5_PNM_FCST5GNODE,RTPD,MCE,LMP_ENE_PRC,FC_5_PNM_FCST5GNODE,ALL,1,111.11219,1,3
2022-09-01T15:00:00-00:00,2022-09-01T15:15:00-00:00,2022-09-01,09,FC_5_PNM_FCST5GNODE,FC_5_PNM_FCST5GNODE,FC_5_PNM_FCST5GNODE,RTPD,MCE,LMP_ENE_PRC,FC_5_PNM_FCST5GNODE,ALL,1,97.4112,1,3
2022-09-01T16:00:00-00:00,2022-09-01T16:15:00-00:00,2022-09-01,10,FC_5_PNM_FCST5GNODE,FC_5_PNM_FCST5GNODE,FC_5_PNM_FCST5GNODE,RTPD,MCE,LMP_ENE_PRC,FC_5_PNM_FCST5GNODE,ALL,1,83.43525,1,3
2022-09-01T17:00:00-00:00,2022-09-01T17:15:00-00:00,2022-09-01,11,FC_5_PNM_FCST5GNODE,FC_5_PNM_FCST5GNODE,FC_5_PNM_FCST5GNODE,RTPD,MCE,LMP_ENE_PRC,FC_5_PNM_FCST5GNODE,ALL,1,96.94897,1,3
2022-09-01T18:00:00-00:00,2022-09-01T18:15:00-00:00,2022-09-01,12,FC_5_PNM_FCST5GNODE,FC_5_PNM_FCST5GNODE,FC_5_PNM_FCST5GNODE,RTPD,MCE,LMP_ENE_PRC,FC_5_PNM_FCST5GNODE,ALL,1,91.59291,1,3
2022-09-01T19:00:00-00:00,2022-09-01T19:15:00-00:00,2022-09-01,13,FC_5_PNM_FCST5GNODE,FC_5_PNM_FCST5GNODE,FC_5_PNM_FCST5GNODE,RTPD,MCE,LMP_ENE_PRC,FC_5_PNM_FCST5GNODE,ALL,1,109.19637,1,3
2022-09-01T20:00:00-00:00,2022-09-01T20:15:00-00:00,2022-09-01,14,FC_5_PNM_FCST5GNODE,FC_5_PNM_FCST5GNODE,FC_5_PNM_FCST5GNODE,RTPD,MCE,LMP_ENE_PRC,FC_5_PNM_FCST5GNODE,ALL,1,117.94359,1,3
2022-09-01T21:00:00-00:00,2022-09-01T21:15:00-00:00,2022-09-01,15,FC_5_PNM_FCST5GNODE,FC_5_PNM_FCST5GNODE,FC_5_PNM_FCST5GNODE,RTPD,MCE,LMP_ENE_PRC,FC_5_PNM_FCST5GNODE,ALL,1,226.61499,1,3
2022-09-01T22:00:00-00:00,2022-09-01T22:15:00-00:00,2022-09-01,16,FC_5_PNM_FCST5GNODE,FC_5_PNM_FCST5GNODE,FC_5_PNM_FCST5GNODE,RTPD,MCE,LMP_ENE_PRC,FC_5_PNM_FCST5GNODE,ALL,1,229.18552,1,3
2022-09-01T23:00:00-00:00,2022-09-01T23:15:00-00:00,2022-09-01,17,FC_5_PNM_FCST5GNODE,FC_5_PNM_FCST5GNODE,FC_5_PNM_FCST5GNODE,RTPD,MCE,LMP_ENE_PRC,FC_5_PNM_FCST5GNODE,ALL,1,386.7537,1,3
2022-09-02T00:00:00-00:00,2022-09-02T00:15:00-00:00,2022-09-01,18,FC_5_PNM_FCST5GNODE,FC_5_PNM_FCST5GNODE,FC_5_PNM_FCST5GNODE,RTPD,MCE,LMP_ENE_PRC,FC_5_PNM_FCST5GNODE,ALL,1,770.58136,1,3
2022-09-02T01:00:00-00:00,2022-09-02T01:15:00-00:00,2022-09-01,19,FC_5_PNM_FCST5GNODE,FC_5_PNM_FCST5GNODE,FC_5_PNM_FCST5GNODE,RTPD,MCE,LMP_ENE_PRC,FC_5_PNM_FCST5GNODE,ALL,1,916.27124,1,3
2022-09-02T02:00:00-00:00,2022-09-02T02:15:00-00:00,2022-09-01,20,FC_5_PNM_FCST5GNODE,FC_5_PNM_FCST5GNODE,FC_5_PNM_FCST5GNODE,RTPD,MCE,LMP_ENE_PRC,FC_5_PNM_FCST5GNODE,ALL,1,1991.6721,1,3
2022-09-02T03:00:00-00:00,2022-09-02T03:15:00-00:00,2022-09-01,21,FC_5_PNM_FCST5GNODE,FC_5_PNM_FCST5GNODE,FC_5_PNM_FCST5GNODE,RTPD,MCE,LMP_ENE_PRC,FC_5_PNM_FCST5GNODE,ALL,1,917.5508,1,3
2022-09-02T04:00:00-00:00,2022-09-02T04:15:00-00:00,2022-09-01,22,FC_5_PNM_FCST5GNODE,FC_5_PNM_FCST5GNODE,FC_5_PNM_FCST5GNODE,RTPD,MCE,LMP_ENE_PRC,FC_5_PNM_FCST5GNODE,ALL,1,257.83005,1,3
2022-09-02T05:00:00-00:00,2022-09-02T05:15:00-00:00,2022-09-01,23,FC_5_PNM_FCST5GNODE,FC_5_PNM_FCST5GNODE,FC_5_PNM_FCST5GNODE,RTPD,MCE,LMP_ENE_PRC,FC_5_PNM_FCST5GNODE,ALL,1,183.24657,1,3
2022-09-02T06:00:00-00:00,2022-09-02T06:15:00-00:00,2022-09-01,24,FC_5_PNM_FCST5GNODE,FC_5_PNM_FCST5GNODE,FC_5_PNM_FCST5GNODE,RTPD,MCE,LMP_ENE_PRC,FC_5_PNM_FCST5GNODE,ALL,1,158.867,1,3
2022-09-01T07:15:00-00:00,2022-09-01T07:30:00-00:00,2022-09-01,01,FC_5_PNM_FCST5GNODE,FC_5_PNM_FCST5GNODE,FC_5_PNM_FCST5GNODE,RTPD,MCE,LMP_ENE_PRC,FC_5_PNM_FCST5GNODE,ALL,1,125.55144,2,3
2022-09-01T08:15:00-00:00,2022-09-01T08:30:00-00:00,2022-09-01,02,FC_5_PNM_FCST5GNODE,FC_5_PNM_FCST5GNODE,FC_5_PNM_FCST5GNODE,RTPD,MCE,LMP_ENE_PRC,FC_5_PNM_FCST5GNODE,ALL,1,115.53165,2,3
2022-09-01T09:15:00-00:00,2022-09-01T09:30:00-00:00,2022-09-01,03,FC_5_PNM_FCST5GNODE,FC_5_PNM_FCST5GNODE,FC_5_PNM_FCST5GNODE,RTPD,MCE,LMP_ENE_PRC,FC_5_PNM_FCST5GNODE,ALL,1,98.30543,2,3
2022-09-01T10:15:00-00:00,2022-09-01T10:30:00-00:00,2022-09-01,04,FC_5_PNM_FCST5GNODE,FC_5_PNM_FCST5GNODE,FC_5_PNM_FCST5GNODE,RTPD,MCE,LMP_ENE_PRC,FC_5_PNM_FCST5GNODE,ALL,1,97.00684,2,3
2022-09-01T11:15:00-00:00,2022-09-01T11:30:00-00:00,2022-09-01,05,FC_5_PNM_FCST5GNODE,FC_5_PNM_FCST5GNODE,FC_5_PNM_FCST5GNODE,RTPD,MCE,LMP_ENE_PRC,FC_5_PNM_FCST5GNODE,ALL,1,103.09059,2,3
2022-09-01T12:15:00-00:00,2022-09-01T12:30:00-00:00,2022-09-01,06,FC_5_PNM_FCST5GNODE,FC_5_PNM_FCST5GNODE,FC_5_PNM_FCST5GNODE,RTPD,MCE,LMP_ENE_PRC,FC_5_PNM_FCST5GNODE,ALL,1,109.32203,2,3
2022-09-01T13:15:00-00:00,2022-09-01T13:30:00-00:00,2022-09-01,07,FC_5_PNM_FCST5GNODE,FC_5_PNM_FCST5GNODE,FC_5_PNM_FCST5GNODE,RTPD,MCE,LMP_ENE_PRC,FC_5_PNM_FCST5GNODE,ALL,1,110.97827,2,3
2022-09-01T14:15:00-00:00,2022-09-01T14:30:00-00:00,2022-09-01,08,FC_5_PNM_FCST5GNODE,FC_5_PNM_FCST5GNODE,FC_5_PNM_FCST5GNODE,RTPD,MCE,LMP_ENE_PRC,FC_5_PNM_FCST5GNODE,ALL,1,104.78743,2,3
2022-09-01T15:15:00-00:00,2022-09-01T15:30:00-00:00,2022-09-01,09,FC_5_PNM_FCST5GNODE,FC_5_PNM_FCST5GNODE,FC_5_PNM_FCST5GNODE,RTPD,MCE,LMP_ENE_PRC,FC_5_PNM_FCST5GNODE,ALL,1,86.9388,2,3
2022-09-01T16:15:00-00:00,2022-09-01T16:30:00-00:00,2022-09-01,10,FC_5_PNM_FCST5GNODE,FC_5_PNM_FCST5GNODE,FC_5_PNM_FCST5GNODE,RTPD,MCE,LMP_ENE_PRC,FC_5_PNM_FCST5GNODE,ALL,1,89.44858,2,3
2022-09-01T17:15:00-00:00,2022-09-01T17:30:00-00:00,2022-09-01,11,FC_5_PNM_FCST5GNODE,FC_5_PNM_FCST5GNODE,FC_5_PNM_FCST5GNODE,RTPD,MCE,LMP_ENE_PRC,FC_5_PNM_FCST5GNODE,ALL,1,99.34673,2,3
2022-09-01T18:15:00-00:00,2022-09-01T18:30:00-00:00,2022-09-01,12,FC_5_PNM_FCST5GNODE,FC_5_PNM_FCST5GNODE,FC_5_PNM_FCST5GNODE,RTPD,MCE,LMP_ENE_PRC,FC_5_PNM_FCST5GNODE,ALL,1,101.15901,2,3
2022-09-01T19:15:00-00:00,2022-09-01T19:30:00-00:00,2022-09-01,13,FC_5_PNM_FCST5GNODE,FC_5_PNM_FCST5GNODE,FC_5_PNM_FCST5GNODE,RTPD,MCE,LMP_ENE_PRC,FC_5_PNM_FCST5GNODE,ALL,1,105.30588,2,3
2022-09-01T20:15:00-00:00,2022-09-01T20:30:00-00:00,2022-09-01,14,FC_5_PNM_FCST5GNODE,FC_5_PNM_FCST5GNODE,FC_5_PNM_FCST5GNODE,RTPD,MCE,LMP_ENE_PRC,FC_5_PNM_FCST5GNODE,ALL,1,117.49421,2,3
2022-09-01T21:15:00-00:00,2022-09-01T21:30:00-00:00,2022-09-01,15,FC_5_PNM_FCST5GNODE,FC_5_PNM_FCST5GNODE,FC_5_PNM_FCST5GNODE,RTPD,MCE,LMP_ENE_PRC,FC_5_PNM_FCST5GNODE,ALL,1,147.21185,2,3
2022-09-01T22:15:00-00:00,2022-09-01T22:30:00-00:00,2022-09-01,16,FC_5_PNM_FCST5GNODE,FC_5_PNM_FCST5GNODE,FC_5_PNM_FCST5GNODE,RTPD,MCE,LMP_ENE_PRC,FC_5_PNM_FCST5GNODE,ALL,1,256.58734,2,3
2022-09-01T23:15:00-00:00,2022-09-01T23:30:00-00:00,2022-09-01,17,FC_5_PNM_FCST5GNODE,FC_5_PNM_FCST5GNODE,FC_5_PNM_FCST5GNODE,RTPD,MCE,LMP_ENE_PRC,FC_5_PNM_FCST5GNODE,ALL,1,362.12408,2,3
2022-09-02T00:15:00-00:00,2022-09-02T00:30:00-00:00,2022-09-01,18,FC_5_PNM_FCST5GNODE,FC_5_PNM_FCST5GNODE,FC_5_PNM_FCST5GNODE,RTPD,MCE,LMP_ENE_PRC,FC_5_PNM_FCST5GNODE,ALL,1,691.2182,2,3
2022-09-02T01:15:00-00:00,2022-09-02T01:30:00-00:00,2022-09-01,19,FC_5_PNM_FCST5GNODE,FC_5_PNM_FCST5GNODE,FC_5_PNM_FCST5GNODE,RTPD,MCE,LMP_ENE_PRC,FC_5_PNM_FCST5GNODE,ALL,1,1999.9933,2,3
2022-09-02T02:15:00-00:00,2022-09-02T02:30:00-00:00,2022-09-01,20,FC_5_PNM_FCST5GNODE,FC_5_PNM_FCST5GNODE,FC_5_PNM_FCST5GNODE,RTPD,MCE,LMP_ENE_PRC,FC_5_PNM_FCST5GNODE,ALL,1,1991.6721,2,3
2022-09-02T03:15:00-00:00,2022-09-02T03:30:00-00:00,2022-09-01,21,FC_5_PNM_FCST5GNODE,FC_5_PNM_FCST5GNODE,FC_5_PNM_FCST5GNODE,RTPD,MCE,LMP_ENE_PRC,FC_5_PNM_FCST5GNODE,ALL,1,400.52884,2,3
2022-09-02T04:15:00-00:00,2022-09-02T04:30:00-00:00,2022-09-01,22,FC_5_PNM_FCST5GNODE,FC_5_PNM_FCST5GNODE,FC_5_PNM_FCST5GNODE,RTPD,MCE,LMP_ENE_PRC,FC_5_PNM_FCST5GNODE,ALL,1,224.75041,2,3
2022-09-02T05:15:00-00:00,2022-09-02T05:30:00-00:00,2022-09-01,23,FC_5_PNM_FCST5GNODE,FC_5_PNM_FCST5GNODE,FC_5_PNM_FCST5GNODE,RTPD,MCE,LMP_ENE_PRC,FC_5_PNM_FCST5GNODE,ALL,1,157.11986,2,3
2022-09-02T06:15:00-00:00,2022-09-02T06:30:00-00:00,2022-09-01,24,FC_5_PNM_FCST5GNODE,FC_5_PNM_FCST5GNODE,FC_5_PNM_FCST5GNODE,RTPD,MCE,LMP_ENE_PRC,FC_5_PNM_FCST5GNODE,ALL,1,143.1005,2,3
2022-09-01T07:30:00-00:00,2022-09-01T07:45:00-00:00,2022-09-01,01,FC_5_PNM_FCST5GNODE,FC_5_PNM_FCST5GNODE,FC_5_PNM_FCST5GNODE,RTPD,MCE,LMP_ENE_PRC,FC_5_PNM_FCST5GNODE,ALL,1,119.03196,3,3
2022-09-01T08:30:00-00:00,2022-09-01T08:45:00-00:00,2022-09-01,02,FC_5_PNM_FCST5GNODE,FC_5_PNM_FCST5GNODE,FC_5_PNM_FCST5GNODE,RTPD,MCE,LMP_ENE_PRC,FC_5_PNM_FCST5GNODE,ALL,1,111.11241,3,3
2022-09-01T09:30:00-00:00,2022-09-01T09:45:00-00:00,2022-09-01,03,FC_5_PNM_FCST5GNODE,FC_5_PNM_FCST5GNODE,FC_5_PNM_FCST5GNODE,RTPD,MCE,LMP_ENE_PRC,FC_5_PNM_FCST5GNODE,ALL,1,98.16228,3,3
2022-09-01T10:30:00-00:00,2022-09-01T10:45:00-00:00,2022-09-01,04,FC_5_PNM_FCST5GNODE,FC_5_PNM_FCST5GNODE,FC_5_PNM_FCST5GNODE,RTPD,MCE,LMP_ENE_PRC,FC_5_PNM_FCST5GNODE,ALL,1,96.36226,3,3
2022-09-01T11:30:00-00:00,2022-09-01T11:45:00-00:00,2022-09-01,05,FC_5_PNM_FCST5GNODE,FC_5_PNM_FCST5GNODE,FC_5_PNM_FCST5GNODE,RTPD,MCE,LMP_ENE_PRC,FC_5_PNM_FCST5GNODE,ALL,1,103.06198,3,3
2022-09-01T12:30:00-00:00,2022-09-01T12:45:00-00:00,2022-09-01,06,FC_5_PNM_FCST5GNODE,FC_5_PNM_FCST5GNODE,FC_5_PNM_FCST5GNODE,RTPD,MCE,LMP_ENE_PRC,FC_5_PNM_FCST5GNODE,ALL,1,113.57403,3,3
2022-09-01T13:30:00-00:00,2022-09-01T13:45:00-00:00,2022-09-01,07,FC_5_PNM_FCST5GNODE,FC_5_PNM_FCST5GNODE,FC_5_PNM_FCST5GNODE,RTPD,MCE,LMP_ENE_PRC,FC_5_PNM_FCST5GNODE,ALL,1,111.52025,3,3
2022-09-01T14:30:00-00:00,2022-09-01T14:45:00-00:00,2022-09-01,08,FC_5_PNM_FCST5GNODE,FC_5_PNM_FCST5GNODE,FC_5_PNM_FCST5GNODE,RTPD,MCE,LMP_ENE_PRC,FC_5_PNM_FCST5GNODE,ALL,1,101.83428,3,3
2022-09-01T15:30:00-00:00,2022-09-01T15:45:00-00:00,2022-09-01,09,FC_5_PNM_FCST5GNODE,FC_5_PNM_FCST5GNODE,FC_5_PNM_FCST5GNODE,RTPD,MCE,LMP_ENE_PRC,FC_5_PNM_FCST5GNODE,ALL,1,86.1388,3,3
2022-09-01T16:30:00-00:00,2022-09-01T16:45:00-00:00,2022-09-01,10,FC_5_PNM_FCST5GNODE,FC_5_PNM_FCST5GNODE,FC_5_PNM_FCST5GNODE,RTPD,MCE,LMP_ENE_PRC,FC_5_PNM_FCST5GNODE,ALL,1,88.79644,3,3
2022-09-01T17:30:00-00:00,2022-09-01T17:45:00-00:00,2022-09-01,11,FC_5_PNM_FCST5GNODE,FC_5_PNM_FCST5GNODE,FC_5_PNM_FCST5GNODE,RTPD,MCE,LMP_ENE_PRC,FC_5_PNM_FCST5GNODE,ALL,1,99.13013,3,3
2022-09-01T18:30:00-00:00,2022-09-01T18:45:00-00:00,2022-09-01,12,FC_5_PNM_FCST5GNODE,FC_5_PNM_FCST5GNODE,FC_5_PNM_FCST5GNODE,RTPD,MCE,LMP_ENE_PRC,FC_5_PNM_FCST5GNODE,ALL,1,107.05718,3,3
2022-09-01T19:30:00-00:00,2022-09-01T19:45:00-00:00,2022-09-01,13,FC_5_PNM_FCST5GNODE,FC_5_PNM_FCST5GNODE,FC_5_PNM_FCST5GNODE,RTPD,MCE,LMP_ENE_PRC,FC_5_PNM_FCST5GNODE,ALL,1,114.05905,3,3
2022-09-01T20:30:00-00:00,2022-09-01T20:45:00-00:00,2022-09-01,14,FC_5_PNM_FCST5GNODE,FC_5_PNM_FCST5GNODE,FC_5_PNM_FCST5GNODE,RTPD,MCE,LMP_ENE_PRC,FC_5_PNM_FCST5GNODE,ALL,1,129.81606,3,3
2022-09-01T21:30:00-00:00,2022-09-01T21:45:00-00:00,2022-09-01,15,FC_5_PNM_FCST5GNODE,FC_5_PNM_FCST5GNODE,FC_5_PNM_FCST5GNODE,RTPD,MCE,LMP_ENE_PRC,FC_5_PNM_FCST5GNODE,ALL,1,152.93057,3,3
2022-09-01T22:30:00-00:00,2022-09-01T22:45:00-00:00,2022-09-01,16,FC_5_PNM_FCST5GNODE,FC_5_PNM_FCST5GNODE,FC_5_PNM_FCST5GNODE,RTPD,MCE,LMP_ENE_PRC,FC_5_PNM_FCST5GNODE,ALL,1,283.18182,3,3
2022-09-01T23:30:00-00:00,2022-09-01T23:45:00-00:00,2022-09-01,17,FC_5_PNM_FCST5GNODE,FC_5_PNM_FCST5GNODE,FC_5_PNM_FCST5GNODE,RTPD,MCE,LMP_ENE_PRC,FC_5_PNM_FCST5GNODE,ALL,1,566.48157,3,3
2022-09-02T00:30:00-00:00,2022-09-02T00:45:00-00:00,2022-09-01,18,FC_5_PNM_FCST5GNODE,FC_5_PNM_FCST5GNODE,FC_5_PNM_FCST5GNODE,RTPD,MCE,LMP_ENE_PRC,FC_5_PNM_FCST5GNODE,ALL,1,1329.1127,3,3
2022-09-02T01:30:00-00:00,2022-09-02T01:45:00-00:00,2022-09-01,19,FC_5_PNM_FCST5GNODE,FC_5_PNM_FCST5GNODE,FC_5_PNM_FCST5GNODE,RTPD,MCE,LMP_ENE_PRC,FC_5_PNM_FCST5GNODE,ALL,1,1999.9956,3,3
2022-09-02T02:30:00-00:00,2022-09-02T02:45:00-00:00,2022-09-01,20,FC_5_PNM_FCST5GNODE,FC_5_PNM_FCST5GNODE,FC_5_PNM_FCST5GNODE,RTPD,MCE,LMP_ENE_PRC,FC_5_PNM_FCST5GNODE,ALL,1,1991.671,3,3
2022-09-02T03:30:00-00:00,2022-09-02T03:45:00-00:00,2022-09-01,21,FC_5_PNM_FCST5GNODE,FC_5_PNM_FCST5GNODE,FC_5_PNM_FCST5GNODE,RTPD,MCE,LMP_ENE_PRC,FC_5_PNM_FCST5GNODE,ALL,1,186.61823,3,3
2022-09-02T04:30:00-00:00,2022-09-02T04:45:00-00:00,2022-09-01,22,FC_5_PNM_FCST5GNODE,FC_5_PNM_FCST5GNODE,FC_5_PNM_FCST5GNODE,RTPD,MCE,LMP_ENE_PRC,FC_5_PNM_FCST5GNODE,ALL,1,180.67824,3,3
2022-09-02T05:30:00-00:00,2022-09-02T05:45:00-00:00,2022-09-01,23,FC_5_PNM_FCST5GNODE,FC_5_PNM_FCST5GNODE,FC_5_PNM_FCST5GNODE,RTPD,MCE,LMP_ENE_PRC,FC_5_PNM_FCST5GNODE,ALL,1,131.69917,3,3
2022-09-02T06:30:00-00:00,2022-09-02T06:45:00-00:00,2022-09-01,24,FC_5_PNM_FCST5GNODE,FC_5_PNM_FCST5GNODE,FC_5_PNM_FCST5GNODE,RTPD,MCE,LMP_ENE_PRC,FC_5_PNM_FCST5GNODE,ALL,1,128.9871,3,3
2022-09-01T07:45:00-00:00,2022-09-01T08:00:00-00:00,2022-09-01,01,FC_5_PNM_FCST5GNODE,FC_5_PNM_FCST5GNODE,FC_5_PNM_FCST5GNODE,RTPD,MCE,LMP_ENE_PRC,FC_5_PNM_FCST5GNODE,ALL,1,109.12099,4,3
2022-09-01T08:45:00-00:00,2022-09-01T09:00:00-00:00,2022-09-01,02,FC_5_PNM_FCST5GNODE,FC_5_PNM_FCST5GNODE,FC_5_PNM_FCST5GNODE,RTPD,MCE,LMP_ENE_PRC,FC_5_PNM_FCST5GNODE,ALL,1,98.7357,4,3
2022-09-01T09:45:00-00:00,2022-09-01T10:00:00-00:00,2022-09-01,03,FC_5_PNM_FCST5GNODE,FC_5_PNM_FCST5GNODE,FC_5_PNM_FCST5GNODE,RTPD,MCE,LMP_ENE_PRC,FC_5_PNM_FCST5GNODE,ALL,1,97.50475,4,3
2022-09-01T10:45:00-00:00,2022-09-01T11:00:00-00:00,2022-09-01,04,FC_5_PNM_FCST5GNODE,FC_5_PNM_FCST5GNODE,FC_5_PNM_FCST5GNODE,RTPD,MCE,LMP_ENE_PRC,FC_5_PNM_FCST5GNODE,ALL,1,94.71966,4,3
2022-09-01T11:45:00-00:00,2022-09-01T12:00:00-00:00,2022-09-01,05,FC_5_PNM_FCST5GNODE,FC_5_PNM_FCST5GNODE,FC_5_PNM_FCST5GNODE,RTPD,MCE,LMP_ENE_PRC,FC_5_PNM_FCST5GNODE,ALL,1,107.01,4,3
2022-09-01T12:45:00-00:00,2022-09-01T13:00:00-00:00,2022-09-01,06,FC_5_PNM_FCST5GNODE,FC_5_PNM_FCST5GNODE,FC_5_PNM_FCST5GNODE,RTPD,MCE,LMP_ENE_PRC,FC_5_PNM_FCST5GNODE,ALL,1,116.4848,4,3
2022-09-01T13:45:00-00:00,2022-09-01T14:00:00-00:00,2022-09-01,07,FC_5_PNM_FCST5GNODE,FC_5_PNM_FCST5GNODE,FC_5_PNM_FCST5GNODE,RTPD,MCE,LMP_ENE_PRC,FC_5_PNM_FCST5GNODE,ALL,1,111.41,4,3
2022-09-01T14:45:00-00:00,2022-09-01T15:00:00-00:00,2022-09-01,08,FC_5_PNM_FCST5GNODE,FC_5_PNM_FCST5GNODE,FC_5_PNM_FCST5GNODE,RTPD,MCE,LMP_ENE_PRC,FC_5_PNM_FCST5GNODE,ALL,1,86.1388,4,3
2022-09-01T15:45:00-00:00,2022-09-01T16:00:00-00:00,2022-09-01,09,FC_5_PNM_FCST5GNODE,FC_5_PNM_FCST5GNODE,FC_5_PNM_FCST5GNODE,RTPD,MCE,LMP_ENE_PRC,FC_5_PNM_FCST5GNODE,ALL,1,78.70076,4,3
2022-09-01T16:45:00-00:00,2022-09-01T17:00:00-00:00,2022-09-01,10,FC_5_PNM_FCST5GNODE,FC_5_PNM_FCST5GNODE,FC_5_PNM_FCST5GNODE,RTPD,MCE,LMP_ENE_PRC,FC_5_PNM_FCST5GNODE,ALL,1,91.24933,4,3
2022-09-01T17:45:00-00:00,2022-09-01T18:00:00-00:00,2022-09-01,11,FC_5_PNM_FCST5GNODE,FC_5_PNM_FCST5GNODE,FC_5_PNM_FCST5GNODE,RTPD,MCE,LMP_ENE_PRC,FC_5_PNM_FCST5GNODE,ALL,1,99.20544,4,3
2022-09-01T18:45:00-00:00,2022-09-01T19:00:00-00:00,2022-09-01,12,FC_5_PNM_FCST5GNODE,FC_5_PNM_FCST5GNODE,FC_5_PNM_FCST5GNODE,RTPD,MCE,LMP_ENE_PRC,FC_5_PNM_FCST5GNODE,ALL,1,109.04064,4,3
2022-09-01T19:45:00-00:00,2022-09-01T20:00:00-00:00,2022-09-01,13,FC_5_PNM_FCST5GNODE,FC_5_PNM_FCST5GNODE,FC_5_PNM_FCST5GNODE,RTPD,MCE,LMP_ENE_PRC,FC_5_PNM_FCST5GNODE,ALL,1,120.22491,4,3
2022-09-01T20:45:00-00:00,2022-09-01T21:00:00-00:00,2022-09-01,14,FC_5_PNM_FCST5GNODE,FC_5_PNM_FCST5GNODE,FC_5_PNM_FCST5GNODE,RTPD,MCE,LMP_ENE_PRC,FC_5_PNM_FCST5GNODE,ALL,1,154.02509,4,3
2022-09-01T21:45:00-00:00,2022-09-01T22:00:00-00:00,2022-09-01,15,FC_5_PNM_FCST5GNODE,FC_5_PNM_FCST5GNODE,FC_5_PNM_FCST5GNODE,RTPD,MCE,LMP_ENE_PRC,FC_5_PNM_FCST5GNODE,ALL,1,300.29376,4,3
2022-09-01T22:45:00-00:00,2022-09-01T23:00:00-00:00,2022-09-01,16,FC_5_PNM_FCST5GNODE,FC_5_PNM_FCST5GNODE,FC_5_PNM_FCST5GNODE,RTPD,MCE,LMP_ENE_PRC,FC_5_PNM_FCST5GNODE,ALL,1,429.9137,4,3
2022-09-01T23:45:00-00:00,2022-09-02T00:00:00-00:00,2022-09-01,17,FC_5_PNM_FCST5GNODE,FC_5_PNM_FCST5GNODE,FC_5_PNM_FCST5GNODE,RTPD,MCE,LMP_ENE_PRC,FC_5_PNM_FCST5GNODE,ALL,1,1261.2124,4,3
2022-09-02T00:45:00-00:00,2022-09-02T01:00:00-00:00,2022-09-01,18,FC_5_PNM_FCST5GNODE,FC_5_PNM_FCST5GNODE,FC_5_PNM_FCST5GNODE,RTPD,MCE,LMP_ENE_PRC,FC_5_PNM_FCST5GNODE,ALL,1,1519.149,4,3
2022-09-02T01:45:00-00:00,2022-09-02T02:00:00-00:00,2022-09-01,19,FC_5_PNM_FCST5GNODE,FC_5_PNM_FCST5GNODE,FC_5_PNM_FCST5GNODE,RTPD,MCE,LMP_ENE_PRC,FC_5_PNM_FCST5GNODE,ALL,1,1991.9337,4,3
2022-09-02T02:45:00-00:00,2022-09-02T03:00:00-00:00,2022-09-01,20,FC_5_PNM_FCST5GNODE,FC_5_PNM_FCST5GNODE,FC_5_PNM_FCST5GNODE,RTPD,MCE,LMP_ENE_PRC,FC_5_PNM_FCST5GNODE,ALL,1,1629.6213,4,3
2022-09-02T03:45:00-00:00,2022-09-02T04:00:00-00:00,2022-09-01,21,FC_5_PNM_FCST5GNODE,FC_5_PNM_FCST5GNODE,FC_5_PNM_FCST5GNODE,RTPD,MCE,LMP_ENE_PRC,FC_5_PNM_FCST5GNODE,ALL,1,141.13702,4,3
2022-09-02T04:45:00-00:00,2022-09-02T05:00:00-00:00,2022-09-01,22,FC_5_PNM_FCST5GNODE,FC_5_PNM_FCST5GNODE,FC_5_PNM_FCST5GNODE,RTPD,MCE,LMP_ENE_PRC,FC_5_PNM_FCST5GNODE,ALL,1,126.76372,4,3
2022-09-02T05:45:00-00:00,2022-09-02T06:00:00-00:00,2022-09-01,23,FC_5_PNM_FCST5GNODE,FC_5_PNM_FCST5GNODE,FC_5_PNM_FCST5GNODE,RTPD,MCE,LMP_ENE_PRC,FC_5_PNM_FCST5GNODE,ALL,1,119.00958,4,3
2022-09-02T06:45:00-00:00,2022-09-02T07:00:00-00:00,2022-09-01,24,FC_5_PNM_FCST5GNODE,FC_5_PNM_FCST5GNODE,FC_5_PNM_FCST5GNODE,RTPD,MCE,LMP_ENE_PRC,FC_5_PNM_FCST5GNODE,ALL,1,109.20324,4,3
2022-09-01T07:00:00-00:00,2022-09-01T07:15:00-00:00,2022-09-01,01,FC_5_PNM_FCST5GNODE,FC_5_PNM_FCST5GNODE,FC_5_PNM_FCST5GNODE,RTPD,MCL,LMP_LOSS_PRC,FC_5_PNM_FCST5GNODE,ALL,1,-3.18243,1,4
2022-09-01T08:00:00-00:00,2022-09-01T08:15:00-00:00,2022-09-01,02,FC_5_PNM_FCST5GNODE,FC_5_PNM_FCST5GNODE,FC_5_PNM_FCST5GNODE,RTPD,MCL,LMP_LOSS_PRC,FC_5_PNM_FCST5GNODE,ALL,1,0,1,4
2022-09-01T09:00:00-00:00,2022-09-01T09:15:00-00:00,2022-09-01,03,FC_5_PNM_FCST5GNODE,FC_5_PNM_FCST5GNODE,FC_5_PNM_FCST5GNODE,RTPD,MCL,LMP_LOSS_PRC,FC_5_PNM_FCST5GNODE,ALL,1,-4.29028,1,4
2022-09-01T10:00:00-00:00,2022-09-01T10:15:00-00:00,2022-09-01,04,FC_5_PNM_FCST5GNODE,FC_5_PNM_FCST5GNODE,FC_5_PNM_FCST5GNODE,RTPD,MCL,LMP_LOSS_PRC,FC_5_PNM_FCST5GNODE,ALL,1,-3.75257,1,4
2022-09-01T11:00:00-00:00,2022-09-01T11:15:00-00:00,2022-09-01,05,FC_5_PNM_FCST5GNODE,FC_5_PNM_FCST5GNODE,FC_5_PNM_FCST5GNODE,RTPD,MCL,LMP_LOSS_PRC,FC_5_PNM_FCST5GNODE,ALL,1,-4.068,1,4
2022-09-01T12:00:00-00:00,2022-09-01T12:15:00-00:00,2022-09-01,06,FC_5_PNM_FCST5GNODE,FC_5_PNM_FCST5GNODE,FC_5_PNM_FCST5GNODE,RTPD,MCL,LMP_LOSS_PRC,FC_5_PNM_FCST5GNODE,ALL,1,-3.92668,1,4
2022-09-01T13:00:00-00:00,2022-09-01T13:15:00-00:00,2022-09-01,07,FC_5_PNM_FCST5GNODE,FC_5_PNM_FCST5GNODE,FC_5_PNM_FCST5GNODE,RTPD,MCL,LMP_LOSS_PRC,FC_5_PNM_FCST5GNODE,ALL,1,0,1,4
2022-09-01T14:00:00-00:00,2022-09-01T14:15:00-00:00,2022-09-01,08,FC_5_PNM_FCST5GNODE,FC_5_PNM_FCST5GNODE,FC_5_PNM_FCST5GNODE,RTPD,MCL,LMP_LOSS_PRC,FC_5_PNM_FCST5GNODE,ALL,1,-6.05459,1,4
2022-09-01T15:00:00-00:00,2022-09-01T15:15:00-00:00,2022-09-01,09,FC_5_PNM_FCST5GNODE,FC_5_PNM_FCST5GNODE,FC_5_PNM_FCST5GNODE,RTPD,MCL,LMP_LOSS_PRC,FC_5_PNM_FCST5GNODE,ALL,1,0,1,4
2022-09-01T16:00:00-00:00,2022-09-01T16:15:00-00:00,2022-09-01,10,FC_5_PNM_FCST5GNODE,FC_5_PNM_FCST5GNODE,FC_5_PNM_FCST5GNODE,RTPD,MCL,LMP_LOSS_PRC,FC_5_PNM_FCST5GNODE,ALL,1,0,1,4
2022-09-01T17:00:00-00:00,2022-09-01T17:15:00-00:00,2022-09-01,11,FC_5_PNM_FCST5GNODE,FC_5_PNM_FCST5GNODE,FC_5_PNM_FCST5GNODE,RTPD,MCL,LMP_LOSS_PRC,FC_5_PNM_FCST5GNODE,ALL,1,0,1,4
2022-09-01T18:00:00-00:00,2022-09-01T18:15:00-00:00,2022-09-01,12,FC_5_PNM_FCST5GNODE,FC_5_PNM_FCST5GNODE,FC_5_PNM_FCST5GNODE,RTPD,MCL,LMP_LOSS_PRC,FC_5_PNM_FCST5GNODE,ALL,1,0,1,4
2022-09-01T19:00:00-00:00,2022-09-01T19:15:00-00:00,2022-09-01,13,FC_5_PNM_FCST5GNODE,FC_5_PNM_FCST5GNODE,FC_5_PNM_FCST5GNODE,RTPD,MCL,LMP_LOSS_PRC,FC_5_PNM_FCST5GNODE,ALL,1,0,1,4
2022-09-01T20:00:00-00:00,2022-09-01T20:15:00-00:00,2022-09-01,14,FC_5_PNM_FCST5GNODE,FC_5_PNM_FCST5GNODE,FC_5_PNM_FCST5GNODE,RTPD,MCL,LMP_LOSS_PRC,FC_5_PNM_FCST5GNODE,ALL,1,0,1,4
2022-09-01T21:00:00-00:00,2022-09-01T21:15:00-00:00,2022-09-01,15,FC_5_PNM_FCST5GNODE,FC_5_PNM_FCST5GNODE,FC_5_PNM_FCST5GNODE,RTPD,MCL,LMP_LOSS_PRC,FC_5_PNM_FCST5GNODE,ALL,1,0,1,4
2022-09-01T22:00:00-00:00,2022-09-01T22:15:00-00:00,2022-09-01,16,FC_5_PNM_FCST5GNODE,FC_5_PNM_FCST5GNODE,FC_5_PNM_FCST5GNODE,RTPD,MCL,LMP_LOSS_PRC,FC_5_PNM_FCST5GNODE,ALL,1,0,1,4
2022-09-01T23:00:00-00:00,2022-09-01T23:15:00-00:00,2022-09-01,17,FC_5_PNM_FCST5GNODE,FC_5_PNM_FCST5GNODE,FC_5_PNM_FCST5GNODE,RTPD,MCL,LMP_LOSS_PRC,FC_5_PNM_FCST5GNODE,ALL,1,0,1,4
2022-09-02T00:00:00-00:00,2022-09-02T00:15:00-00:00,2022-09-01,18,FC_5_PNM_FCST5GNODE,FC_5_PNM_FCST5GNODE,FC_5_PNM_FCST5GNODE,RTPD,MCL,LMP_LOSS_PRC,FC_5_PNM_FCST5GNODE,ALL,1,-76.46401,1,4
2022-09-02T01:00:00-00:00,2022-09-02T01:15:00-00:00,2022-09-01,19,FC_5_PNM_FCST5GNODE,FC_5_PNM_FCST5GNODE,FC_5_PNM_FCST5GNODE,RTPD,MCL,LMP_LOSS_PRC,FC_5_PNM_FCST5GNODE,ALL,1,0,1,4
2022-09-02T02:00:00-00:00,2022-09-02T02:15:00-00:00,2022-09-01,20,FC_5_PNM_FCST5GNODE,FC_5_PNM_FCST5GNODE,FC_5_PNM_FCST5GNODE,RTPD,MCL,LMP_LOSS_PRC,FC_5_PNM_FCST5GNODE,ALL,1,0,1,4
2022-09-02T03:00:00-00:00,2022-09-02T03:15:00-00:00,2022-09-01,21,FC_5_PNM_FCST5GNODE,FC_5_PNM_FCST5GNODE,FC_5_PNM_FCST5GNODE,RTPD,MCL,LMP_LOSS_PRC,FC_5_PNM_FCST5GNODE,ALL,1,-72.27154,1,4
2022-09-02T04:00:00-00:00,2022-09-02T04:15:00-00:00,2022-09-01,22,FC_5_PNM_FCST5GNODE,FC_5_PNM_FCST5GNODE,FC_5_PNM_FCST5GNODE,RTPD,MCL,LMP_LOSS_PRC,FC_5_PNM_FCST5GNODE,ALL,1,-17.25857,1,4
2022-09-02T05:00:00-00:00,2022-09-02T05:15:00-00:00,2022-09-01,23,FC_5_PNM_FCST5GNODE,FC_5_PNM_FCST5GNODE,FC_5_PNM_FCST5GNODE,RTPD,MCL,LMP_LOSS_PRC,FC_5_PNM_FCST5GNODE,ALL,1,-14.14121,1,4
2022-09-02T06:00:00-00:00,2022-09-02T06:15:00-00:00,2022-09-01,24,FC_5_PNM_FCST5GNODE,FC_5_PNM_FCST5GNODE,FC_5_PNM_FCST5GNODE,RTPD,MCL,LMP_LOSS_PRC,FC_5_PNM_FCST5GNODE,ALL,1,-12.04386,1,4
2022-09-01T07:15:00-00:00,2022-09-01T07:30:00-00:00,2022-09-01,01,FC_5_PNM_FCST5GNODE,FC_5_PNM_FCST5GNODE,FC_5_PNM_FCST5GNODE,RTPD,MCL,LMP_LOSS_PRC,FC_5_PNM_FCST5GNODE,ALL,1,0,2,4
2022-09-01T08:15:00-00:00,2022-09-01T08:30:00-00:00,2022-09-01,02,FC_5_PNM_FCST5GNODE,FC_5_PNM_FCST5GNODE,FC_5_PNM_FCST5GNODE,RTPD,MCL,LMP_LOSS_PRC,FC_5_PNM_FCST5GNODE,ALL,1,0,2,4
2022-09-01T09:15:00-00:00,2022-09-01T09:30:00-00:00,2022-09-01,03,FC_5_PNM_FCST5GNODE,FC_5_PNM_FCST5GNODE,FC_5_PNM_FCST5GNODE,RTPD,MCL,LMP_LOSS_PRC,FC_5_PNM_FCST5GNODE,ALL,1,-4.14215,2,4
2022-09-01T10:15:00-00:00,2022-09-01T10:30:00-00:00,2022-09-01,04,FC_5_PNM_FCST5GNODE,FC_5_PNM_FCST5GNODE,FC_5_PNM_FCST5GNODE,RTPD,MCL,LMP_LOSS_PRC,FC_5_PNM_FCST5GNODE,ALL,1,-3.61167,2,4
2022-09-01T11:15:00-00:00,2022-09-01T11:30:00-00:00,2022-09-01,05,FC_5_PNM_FCST5GNODE,FC_5_PNM_FCST5GNODE,FC_5_PNM_FCST5GNODE,RTPD,MCL,LMP_LOSS_PRC,FC_5_PNM_FCST5GNODE,ALL,1,-3.97415,2,4
2022-09-01T12:15:00-00:00,2022-09-01T12:30:00-00:00,2022-09-01,06,FC_5_PNM_FCST5GNODE,FC_5_PNM_FCST5GNODE,FC_5_PNM_FCST5GNODE,RTPD,MCL,LMP_LOSS_PRC,FC_5_PNM_FCST5GNODE,ALL,1,-4.85882,2,4
2022-09-01T13:15:00-00:00,2022-09-01T13:30:00-00:00,2022-09-01,07,FC_5_PNM_FCST5GNODE,FC_5_PNM_FCST5GNODE,FC_5_PNM_FCST5GNODE,RTPD,MCL,LMP_LOSS_PRC,FC_5_PNM_FCST5GNODE,ALL,1,-3.96377,2,4
2022-09-01T14:15:00-00:00,2022-09-01T14:30:00-00:00,2022-09-01,08,FC_5_PNM_FCST5GNODE,FC_5_PNM_FCST5GNODE,FC_5_PNM_FCST5GNODE,RTPD,MCL,LMP_LOSS_PRC,FC_5_PNM_FCST5GNODE,ALL,1,-5.89532,2,4
2022-09-01T15:15:00-00:00,2022-09-01T15:30:00-00:00,2022-09-01,09,FC_5_PNM_FCST5GNODE,FC_5_PNM_FCST5GNODE,FC_5_PNM_FCST5GNODE,RTPD,MCL,LMP_LOSS_PRC,FC_5_PNM_FCST5GNODE,ALL,1,0,2,4
2022-09-01T16:15:00-00:00,2022-09-01T16:30:00-00:00,2022-09-01,10,FC_5_PNM_FCST5GNODE,FC_5_PNM_FCST5GNODE,FC_5_PNM_FCST5GNODE,RTPD,MCL,LMP_LOSS_PRC,FC_5_PNM_FCST5GNODE,ALL,1,0,2,4
2022-09-01T17:15:00-00:00,2022-09-01T17:30:00-00:00,2022-09-01,11,FC_5_PNM_FCST5GNODE,FC_5_PNM_FCST5GNODE,FC_5_PNM_FCST5GNODE,RTPD,MCL,LMP_LOSS_PRC,FC_5_PNM_FCST5GNODE,ALL,1,0,2,4
2022-09-01T18:15:00-00:00,2022-09-01T18:30:00-00:00,2022-09-01,12,FC_5_PNM_FCST5GNODE,FC_5_PNM_FCST5GNODE,FC_5_PNM_FCST5GNODE,RTPD,MCL,LMP_LOSS_PRC,FC_5_PNM_FCST5GNODE,ALL,1,0,2,4
2022-09-01T19:15:00-00:00,2022-09-01T19:30:00-00:00,2022-09-01,13,FC_5_PNM_FCST5GNODE,FC_5_PNM_FCST5GNODE,FC_5_PNM_FCST5GNODE,RTPD,MCL,LMP_LOSS_PRC,FC_5_PNM_FCST5GNODE,ALL,1,0,2,4
2022-09-01T20:15:00-00:00,2022-09-01T20:30:00-00:00,2022-09-01,14,FC_5_PNM_FCST5GNODE,FC_5_PNM_FCST5GNODE,FC_5_PNM_FCST5GNODE,RTPD,MCL,LMP_LOSS_PRC,FC_5_PNM_FCST5GNODE,ALL,1,0,2,4
2022-09-01T21:15:00-00:00,2022-09-01T21:30:00-00:00,2022-09-01,15,FC_5_PNM_FCST5GNODE,FC_5_PNM_FCST5GNODE,FC_5_PNM_FCST5GNODE,RTPD,MCL,LMP_LOSS_PRC,FC_5_PNM_FCST5GNODE,ALL,1,0,2,4
2022-09-01T22:15:00-00:00,2022-09-01T22:30:00-00:00,2022-09-01,16,FC_5_PNM_FCST5GNODE,FC_5_PNM_FCST5GNODE,FC_5_PNM_FCST5GNODE,RTPD,MCL,LMP_LOSS_PRC,FC_5_PNM_FCST5GNODE,ALL,1,0,2,4
2022-09-01T23:15:00-00:00,2022-09-01T23:30:00-00:00,2022-09-01,17,FC_5_PNM_FCST5GNODE,FC_5_PNM_FCST5GNODE,FC_5_PNM_FCST5GNODE,RTPD,MCL,LMP_LOSS_PRC,FC_5_PNM_FCST5GNODE,ALL,1,0,2,4
2022-09-02T00:15:00-00:00,2022-09-02T00:30:00-00:00,2022-09-01,18,FC_5_PNM_FCST5GNODE,FC_5_PNM_FCST5GNODE,FC_5_PNM_FCST5GNODE,RTPD,MCL,LMP_LOSS_PRC,FC_5_PNM_FCST5GNODE,ALL,1,-65.49786,2,4
2022-09-02T01:15:00-00:00,2022-09-02T01:30:00-00:00,2022-09-01,19,FC_5_PNM_FCST5GNODE,FC_5_PNM_FCST5GNODE,FC_5_PNM_FCST5GNODE,RTPD,MCL,LMP_LOSS_PRC,FC_5_PNM_FCST5GNODE,ALL,1,0,2,4
2022-09-02T02:15:00-00:00,2022-09-02T02:30:00-00:00,2022-09-01,20,FC_5_PNM_FCST5GNODE,FC_5_PNM_FCST5GNODE,FC_5_PNM_FCST5GNODE,RTPD,MCL,LMP_LOSS_PRC,FC_5_PNM_FCST5GNODE,ALL,1,0,2,4
2022-09-02T03:15:00-00:00,2022-09-02T03:30:00-00:00,2022-09-01,21,FC_5_PNM_FCST5GNODE,FC_5_PNM_FCST5GNODE,FC_5_PNM_FCST5GNODE,RTPD,MCL,LMP_LOSS_PRC,FC_5_PNM_FCST5GNODE,ALL,1,-31.47609,2,4
2022-09-02T04:15:00-00:00,2022-09-02T04:30:00-00:00,2022-09-01,22,FC_5_PNM_FCST5GNODE,FC_5_PNM_FCST5GNODE,FC_5_PNM_FCST5GNODE,RTPD,MCL,LMP_LOSS_PRC,FC_5_PNM_FCST5GNODE,ALL,1,-15.09604,2,4
2022-09-02T05:15:00-00:00,2022-09-02T05:30:00-00:00,2022-09-01,23,FC_5_PNM_FCST5GNODE,FC_5_PNM_FCST5GNODE,FC_5_PNM_FCST5GNODE,RTPD,MCL,LMP_LOSS_PRC,FC_5_PNM_FCST5GNODE,ALL,1,-10.8776,2,4
2022-09-02T06:15:00-00:00,2022-09-02T06:30:00-00:00,2022-09-01,24,FC_5_PNM_FCST5GNODE,FC_5_PNM_FCST5GNODE,FC_5_PNM_FCST5GNODE,RTPD,MCL,LMP_LOSS_PRC,FC_5_PNM_FCST5GNODE,ALL,1,-9.36974,2,4
2022-09-01T07:30:00-00:00,2022-09-01T07:45:00-00:00,2022-09-01,01,FC_5_PNM_FCST5GNODE,FC_5_PNM_FCST5GNODE,FC_5_PNM_FCST5GNODE,RTPD,MCL,LMP_LOSS_PRC,FC_5_PNM_FCST5GNODE,ALL,1,0,3,4
2022-09-01T08:30:00-00:00,2022-09-01T08:45:00-00:00,2022-09-01,02,FC_5_PNM_FCST5GNODE,FC_5_PNM_FCST5GNODE,FC_5_PNM_FCST5GNODE,RTPD,MCL,LMP_LOSS_PRC,FC_5_PNM_FCST5GNODE,ALL,1,-4.88342,3,4
2022-09-01T09:30:00-00:00,2022-09-01T09:45:00-00:00,2022-09-01,03,FC_5_PNM_FCST5GNODE,FC_5_PNM_FCST5GNODE,FC_5_PNM_FCST5GNODE,RTPD,MCL,LMP_LOSS_PRC,FC_5_PNM_FCST5GNODE,ALL,1,-3.80809,3,4
2022-09-01T10:30:00-00:00,2022-09-01T10:45:00-00:00,2022-09-01,04,FC_5_PNM_FCST5GNODE,FC_5_PNM_FCST5GNODE,FC_5_PNM_FCST5GNODE,RTPD,MCL,LMP_LOSS_PRC,FC_5_PNM_FCST5GNODE,ALL,1,-3.6001,3,4
2022-09-01T11:30:00-00:00,2022-09-01T11:45:00-00:00,2022-09-01,05,FC_5_PNM_FCST5GNODE,FC_5_PNM_FCST5GNODE,FC_5_PNM_FCST5GNODE,RTPD,MCL,LMP_LOSS_PRC,FC_5_PNM_FCST5GNODE,ALL,1,-4.18719,3,4
2022-09-01T12:30:00-00:00,2022-09-01T12:45:00-00:00,2022-09-01,06,FC_5_PNM_FCST5GNODE,FC_5_PNM_FCST5GNODE,FC_5_PNM_FCST5GNODE,RTPD,MCL,LMP_LOSS_PRC,FC_5_PNM_FCST5GNODE,ALL,1,-4.57359,3,4
2022-09-01T13:30:00-00:00,2022-09-01T13:45:00-00:00,2022-09-01,07,FC_5_PNM_FCST5GNODE,FC_5_PNM_FCST5GNODE,FC_5_PNM_FCST5GNODE,RTPD,MCL,LMP_LOSS_PRC,FC_5_PNM_FCST5GNODE,ALL,1,-4.20966,3,4
2022-09-01T14:30:00-00:00,2022-09-01T14:45:00-00:00,2022-09-01,08,FC_5_PNM_FCST5GNODE,FC_5_PNM_FCST5GNODE,FC_5_PNM_FCST5GNODE,RTPD,MCL,LMP_LOSS_PRC,FC_5_PNM_FCST5GNODE,ALL,1,-6.51542,3,4
2022-09-01T15:30:00-00:00,2022-09-01T15:45:00-00:00,2022-09-01,09,FC_5_PNM_FCST5GNODE,FC_5_PNM_FCST5GNODE,FC_5_PNM_FCST5GNODE,RTPD,MCL,LMP_LOSS_PRC,FC_5_PNM_FCST5GNODE,ALL,1,0,3,4
2022-09-01T16:30:00-00:00,2022-09-01T16:45:00-00:00,2022-09-01,10,FC_5_PNM_FCST5GNODE,FC_5_PNM_FCST5GNODE,FC_5_PNM_FCST5GNODE,RTPD,MCL,LMP_LOSS_PRC,FC_5_PNM_FCST5GNODE,ALL,1,0,3,4
2022-09-01T17:30:00-00:00,2022-09-01T17:45:00-00:00,2022-09-01,11,FC_5_PNM_FCST5GNODE,FC_5_PNM_FCST5GNODE,FC_5_PNM_FCST5GNODE,RTPD,MCL,LMP_LOSS_PRC,FC_5_PNM_FCST5GNODE,ALL,1,0,3,4
2022-09-01T18:30:00-00:00,2022-09-01T18:45:00-00:00,2022-09-01,12,FC_5_PNM_FCST5GNODE,FC_5_PNM_FCST5GNODE,FC_5_PNM_FCST5GNODE,RTPD,MCL,LMP_LOSS_PRC,FC_5_PNM_FCST5GNODE,ALL,1,0,3,4
2022-09-01T19:30:00-00:00,2022-09-01T19:45:00-00:00,2022-09-01,13,FC_5_PNM_FCST5GNODE,FC_5_PNM_FCST5GNODE,FC_5_PNM_FCST5GNODE,RTPD,MCL,LMP_LOSS_PRC,FC_5_PNM_FCST5GNODE,ALL,1,0,3,4
2022-09-01T20:30:00-00:00,2022-09-01T20:45:00-00:00,2022-09-01,14,FC_5_PNM_FCST5GNODE,FC_5_PNM_FCST5GNODE,FC_5_PNM_FCST5GNODE,RTPD,MCL,LMP_LOSS_PRC,FC_5_PNM_FCST5GNODE,ALL,1,0,3,4
2022-09-01T21:30:00-00:00,2022-09-01T21:45:00-00:00,2022-09-01,15,FC_5_PNM_FCST5GNODE,FC_5_PNM_FCST5GNODE,FC_5_PNM_FCST5GNODE,RTPD,MCL,LMP_LOSS_PRC,FC_5_PNM_FCST5GNODE,ALL,1,0,3,4
2022-09-01T22:30:00-00:00,2022-09-01T22:45:00-00:00,2022-09-01,16,FC_5_PNM_FCST5GNODE,FC_5_PNM_FCST5GNODE,FC_5_PNM_FCST5GNODE,RTPD,MCL,LMP_LOSS_PRC,FC_5_PNM_FCST5GNODE,ALL,1,0,3,4
2022-09-01T23:30:00-00:00,2022-09-01T23:45:00-00:00,2022-09-01,17,FC_5_PNM_FCST5GNODE,FC_5_PNM_FCST5GNODE,FC_5_PNM_FCST5GNODE,RTPD,MCL,LMP_LOSS_PRC,FC_5_PNM_FCST5GNODE,ALL,1,0,3,4
2022-09-02T00:30:00-00:00,2022-09-02T00:45:00-00:00,2022-09-01,18,FC_5_PNM_FCST5GNODE,FC_5_PNM_FCST5GNODE,FC_5_PNM_FCST5GNODE,RTPD,MCL,LMP_LOSS_PRC,FC_5_PNM_FCST5GNODE,ALL,1,0,3,4
2022-09-02T01:30:00-00:00,2022-09-02T01:45:00-00:00,2022-09-01,19,FC_5_PNM_FCST5GNODE,FC_5_PNM_FCST5GNODE,FC_5_PNM_FCST5GNODE,RTPD,MCL,LMP_LOSS_PRC,FC_5_PNM_FCST5GNODE,ALL,1,0,3,4
2022-09-02T02:30:00-00:00,2022-09-02T02:45:00-00:00,2022-09-01,20,FC_5_PNM_FCST5GNODE,FC_5_PNM_FCST5GNODE,FC_5_PNM_FCST5GNODE,RTPD,MCL,LMP_LOSS_PRC,FC_5_PNM_FCST5GNODE,ALL,1,0,3,4
2022-09-02T03:30:00-00:00,2022-09-02T03:45:00-00:00,2022-09-01,21,FC_5_PNM_FCST5GNODE,FC_5_PNM_FCST5GNODE,FC_5_PNM_FCST5GNODE,RTPD,MCL,LMP_LOSS_PRC,FC_5_PNM_FCST5GNODE,ALL,1,-14.1069,3,4
2022-09-02T04:30:00-00:00,2022-09-02T04:45:00-00:00,2022-09-01,22,FC_5_PNM_FCST5GNODE,FC_5_PNM_FCST5GNODE,FC_5_PNM_FCST5GNODE,RTPD,MCL,LMP_LOSS_PRC,FC_5_PNM_FCST5GNODE,ALL,1,-10.56421,3,4
2022-09-02T05:30:00-00:00,2022-09-02T05:45:00-00:00,2022-09-01,23,FC_5_PNM_FCST5GNODE,FC_5_PNM_FCST5GNODE,FC_5_PNM_FCST5GNODE,RTPD,MCL,LMP_LOSS_PRC,FC_5_PNM_FCST5GNODE,ALL,1,-8.10181,3,4
2022-09-02T06:30:00-00:00,2022-09-02T06:45:00-00:00,2022-09-01,24,FC_5_PNM_FCST5GNODE,FC_5_PNM_FCST5GNODE,FC_5_PNM_FCST5GNODE,RTPD,MCL,LMP_LOSS_PRC,FC_5_PNM_FCST5GNODE,ALL,1,-7.95943,3,4
2022-09-01T07:45:00-00:00,2022-09-01T08:00:00-00:00,2022-09-01,01,FC_5_PNM_FCST5GNODE,FC_5_PNM_FCST5GNODE,FC_5_PNM_FCST5GNODE,RTPD,MCL,LMP_LOSS_PRC,FC_5_PNM_FCST5GNODE,ALL,1,0,4,4
2022-09-01T08:45:00-00:00,2022-09-01T09:00:00-00:00,2022-09-01,02,FC_5_PNM_FCST5GNODE,FC_5_PNM_FCST5GNODE,FC_5_PNM_FCST5GNODE,RTPD,MCL,LMP_LOSS_PRC,FC_5_PNM_FCST5GNODE,ALL,1,-3.853,4,4
2022-09-01T09:45:00-00:00,2022-09-01T10:00:00-00:00,2022-09-01,03,FC_5_PNM_FCST5GNODE,FC_5_PNM_FCST5GNODE,FC_5_PNM_FCST5GNODE,RTPD,MCL,LMP_LOSS_PRC,FC_5_PNM_FCST5GNODE,ALL,1,-3.59273,4,4
2022-09-01T10:45:00-00:00,2022-09-01T11:00:00-00:00,2022-09-01,04,FC_5_PNM_FCST5GNODE,FC_5_PNM_FCST5GNODE,FC_5_PNM_FCST5GNODE,RTPD,MCL,LMP_LOSS_PRC,FC_5_PNM_FCST5GNODE,ALL,1,-3.24679,4,4
2022-09-01T11:45:00-00:00,2022-09-01T12:00:00-00:00,2022-09-01,05,FC_5_PNM_FCST5GNODE,FC_5_PNM_FCST5GNODE,FC_5_PNM_FCST5GNODE,RTPD,MCL,LMP_LOSS_PRC,FC_5_PNM_FCST5GNODE,ALL,1,0,4,4
2022-09-01T12:45:00-00:00,2022-09-01T13:00:00-00:00,2022-09-01,06,FC_5_PNM_FCST5GNODE,FC_5_PNM_FCST5GNODE,FC_5_PNM_FCST5GNODE,RTPD,MCL,LMP_LOSS_PRC,FC_5_PNM_FCST5GNODE,ALL,1,0,4,4
2022-09-01T13:45:00-00:00,2022-09-01T14:00:00-00:00,2022-09-01,07,FC_5_PNM_FCST5GNODE,FC_5_PNM_FCST5GNODE,FC_5_PNM_FCST5GNODE,RTPD,MCL,LMP_LOSS_PRC,FC_5_PNM_FCST5GNODE,ALL,1,0,4,4
2022-09-01T14:45:00-00:00,2022-09-01T15:00:00-00:00,2022-09-01,08,FC_5_PNM_FCST5GNODE,FC_5_PNM_FCST5GNODE,FC_5_PNM_FCST5GNODE,RTPD,MCL,LMP_LOSS_PRC,FC_5_PNM_FCST5GNODE,ALL,1,0,4,4
2022-09-01T15:45:00-00:00,2022-09-01T16:00:00-00:00,2022-09-01,09,FC_5_PNM_FCST5GNODE,FC_5_PNM_FCST5GNODE,FC_5_PNM_FCST5GNODE,RTPD,MCL,LMP_LOSS_PRC,FC_5_PNM_FCST5GNODE,ALL,1,0,4,4
2022-09-01T16:45:00-00:00,2022-09-01T17:00:00-00:00,2022-09-01,10,FC_5_PNM_FCST5GNODE,FC_5_PNM_FCST5GNODE,FC_5_PNM_FCST5GNODE,RTPD,MCL,LMP_LOSS_PRC,FC_5_PNM_FCST5GNODE,ALL,1,0,4,4
2022-09-01T17:45:00-00:00,2022-09-01T18:00:00-00:00,2022-09-01,11,FC_5_PNM_FCST5GNODE,FC_5_PNM_FCST5GNODE,FC_5_PNM_FCST5GNODE,RTPD,MCL,LMP_LOSS_PRC,FC_5_PNM_FCST5GNODE,ALL,1,0,4,4
2022-09-01T18:45:00-00:00,2022-09-01T19:00:00-00:00,2022-09-01,12,FC_5_PNM_FCST5GNODE,FC_5_PNM_FCST5GNODE,FC_5_PNM_FCST5GNODE,RTPD,MCL,LMP_LOSS_PRC,FC_5_PNM_FCST5GNODE,ALL,1,0,4,4
2022-09-01T19:45:00-00:00,2022-09-01T20:00:00-00:00,2022-09-01,13,FC_5_PNM_FCST5GNODE,FC_5_PNM_FCST5GNODE,FC_5_PNM_FCST5GNODE,RTPD,MCL,LMP_LOSS_PRC,FC_5_PNM_FCST5GNODE,ALL,1,0,4,4
2022-09-01T20:45:00-00:00,2022-09-01T21:00:00-00:00,2022-09-01,14,FC_5_PNM_FCST5GNODE,FC_5_PNM_FCST5GNODE,FC_5_PNM_FCST5GNODE,RTPD,MCL,LMP_LOSS_PRC,FC_5_PNM_FCST5GNODE,ALL,1,0,4,4
2022-09-01T21:45:00-00:00,2022-09-01T22:00:00-00:00,2022-09-01,15,FC_5_PNM_FCST5GNODE,FC_5_PNM_FCST5GNODE,FC_5_PNM_FCST5GNODE,RTPD,MCL,LMP_LOSS_PRC,FC_5_PNM_FCST5GNODE,ALL,1,0,4,4
2022-09-01T22:45:00-00:00,2022-09-01T23:00:00-00:00,2022-09-01,16,FC_5_PNM_FCST5GNODE,FC_5_PNM_FCST5GNODE,FC_5_PNM_FCST5GNODE,RTPD,MCL,LMP_LOSS_PRC,FC_5_PNM_FCST5GNODE,ALL,1,0,4,4
2022-09-01T23:45:00-00:00,2022-09-02T00:00:00-00:00,2022-09-01,17,FC_5_PNM_FCST5GNODE,FC_5_PNM_FCST5GNODE,FC_5_PNM_FCST5GNODE,RTPD,MCL,LMP_LOSS_PRC,FC_5_PNM_FCST5GNODE,ALL,1,0,4,4
2022-09-02T00:45:00-00:00,2022-09-02T01:00:00-00:00,2022-09-01,18,FC_5_PNM_FCST5GNODE,FC_5_PNM_FCST5GNODE,FC_5_PNM_FCST5GNODE,RTPD,MCL,LMP_LOSS_PRC,FC_5_PNM_FCST5GNODE,ALL,1,0,4,4
2022-09-02T01:45:00-00:00,2022-09-02T02:00:00-00:00,2022-09-01,19,FC_5_PNM_FCST5GNODE,FC_5_PNM_FCST5GNODE,FC_5_PNM_FCST5GNODE,RTPD,MCL,LMP_LOSS_PRC,FC_5_PNM_FCST5GNODE,ALL,1,0,4,4
2022-09-02T02:45:00-00:00,2022-09-02T03:00:00-00:00,2022-09-01,20,FC_5_PNM_FCST5GNODE,FC_5_PNM_FCST5GNODE,FC_5_PNM_FCST5GNODE,RTPD,MCL,LMP_LOSS_PRC,FC_5_PNM_FCST5GNODE,ALL,1,-118.00896,4,4
2022-09-02T03:45:00-00:00,2022-09-02T04:00:00-00:00,2022-09-01,21,FC_5_PNM_FCST5GNODE,FC_5_PNM_FCST5GNODE,FC_5_PNM_FCST5GNODE,RTPD,MCL,LMP_LOSS_PRC,FC_5_PNM_FCST5GNODE,ALL,1,-9.03897,4,4
2022-09-02T04:45:00-00:00,2022-09-02T05:00:00-00:00,2022-09-01,22,FC_5_PNM_FCST5GNODE,FC_5_PNM_FCST5GNODE,FC_5_PNM_FCST5GNODE,RTPD,MCL,LMP_LOSS_PRC,FC_5_PNM_FCST5GNODE,ALL,1,-7.61392,4,4
2022-09-02T05:45:00-00:00,2022-09-02T06:00:00-00:00,2022-09-01,23,FC_5_PNM_FCST5GNODE,FC_5_PNM_FCST5GNODE,FC_5_PNM_FCST5GNODE,RTPD,MCL,LMP_LOSS_PRC,FC_5_PNM_FCST5GNODE,ALL,1,-6.60752,4,4
2022-09-02T06:45:00-00:00,2022-09-02T07:00:00-00:00,2022-09-01,24,FC_5_PNM_FCST5GNODE,FC_5_PNM_FCST5GNODE,FC_5_PNM_FCST5GNODE,RTPD,MCL,LMP_LOSS_PRC,FC_5_PNM_FCST5GNODE,ALL,1,-6.71658,4,4
2022-09-01T07:00:00-00:00,2022-09-01T07:15:00-00:00,2022-09-01,01,FC_5_PNM_FCST5GNODE,FC_5_PNM_FCST5GNODE,FC_5_PNM_FCST5GNODE,RTPD,MGHG,LMP_GHG_PRC,FC_5_PNM_FCST5GNODE,ALL,1,-11.45,1,5
2022-09-01T08:00:00-00:00,2022-09-01T08:15:00-00:00,2022-09-01,02,FC_5_PNM_FCST5GNODE,FC_5_PNM_FCST5GNODE,FC_5_PNM_FCST5GNODE,RTPD,MGHG,LMP_GHG_PRC,FC_5_PNM_FCST5GNODE,ALL,1,-14.13,1,5
2022-09-01T09:00:00-00:00,2022-09-01T09:15:00-00:00,2022-09-01,03,FC_5_PNM_FCST5GNODE,FC_5_PNM_FCST5GNODE,FC_5_PNM_FCST5GNODE,RTPD,MGHG,LMP_GHG_PRC,FC_5_PNM_FCST5GNODE,ALL,1,-12.17178,1,5
2022-09-01T10:00:00-00:00,2022-09-01T10:15:00-00:00,2022-09-01,04,FC_5_PNM_FCST5GNODE,FC_5_PNM_FCST5GNODE,FC_5_PNM_FCST5GNODE,RTPD,MGHG,LMP_GHG_PRC,FC_5_PNM_FCST5GNODE,ALL,1,-13.55,1,5
2022-09-01T11:00:00-00:00,2022-09-01T11:15:00-00:00,2022-09-01,05,FC_5_PNM_FCST5GNODE,FC_5_PNM_FCST5GNODE,FC_5_PNM_FCST5GNODE,RTPD,MGHG,LMP_GHG_PRC,FC_5_PNM_FCST5GNODE,ALL,1,-13.55,1,5
2022-09-01T12:00:00-00:00,2022-09-01T12:15:00-00:00,2022-09-01,06,FC_5_PNM_FCST5GNODE,FC_5_PNM_FCST5GNODE,FC_5_PNM_FCST5GNODE,RTPD,MGHG,LMP_GHG_PRC,FC_5_PNM_FCST5GNODE,ALL,1,-13.71725,1,5
2022-09-01T13:00:00-00:00,2022-09-01T13:15:00-00:00,2022-09-01,07,FC_5_PNM_FCST5GNODE,FC_5_PNM_FCST5GNODE,FC_5_PNM_FCST5GNODE,RTPD,MGHG,LMP_GHG_PRC,FC_5_PNM_FCST5GNODE,ALL,1,-15,1,5
2022-09-01T14:00:00-00:00,2022-09-01T14:15:00-00:00,2022-09-01,08,FC_5_PNM_FCST5GNODE,FC_5_PNM_FCST5GNODE,FC_5_PNM_FCST5GNODE,RTPD,MGHG,LMP_GHG_PRC,FC_5_PNM_FCST5GNODE,ALL,1,-15.61,1,5
2022-09-01T15:00:00-00:00,2022-09-01T15:15:00-00:00,2022-09-01,09,FC_5_PNM_FCST5GNODE,FC_5_PNM_FCST5GNODE,FC_5_PNM_FCST5GNODE,RTPD,MGHG,LMP_GHG_PRC,FC_5_PNM_FCST5GNODE,ALL,1,-12.7,1,5
2022-09-01T16:00:00-00:00,2022-09-01T16:15:00-00:00,2022-09-01,10,FC_5_PNM_FCST5GNODE,FC_5_PNM_FCST5GNODE,FC_5_PNM_FCST5GNODE,RTPD,MGHG,LMP_GHG_PRC,FC_5_PNM_FCST5GNODE,ALL,1,-14.1,1,5
2022-09-01T17:00:00-00:00,2022-09-01T17:15:00-00:00,2022-09-01,11,FC_5_PNM_FCST5GNODE,FC_5_PNM_FCST5GNODE,FC_5_PNM_FCST5GNODE,RTPD,MGHG,LMP_GHG_PRC,FC_5_PNM_FCST5GNODE,ALL,1,-11.63,1,5
2022-09-01T18:00:00-00:00,2022-09-01T18:15:00-00:00,2022-09-01,12,FC_5_PNM_FCST5GNODE,FC_5_PNM_FCST5GNODE,FC_5_PNM_FCST5GNODE,RTPD,MGHG,LMP_GHG_PRC,FC_5_PNM_FCST5GNODE,ALL,1,-13.98,1,5
2022-09-01T19:00:00-00:00,2022-09-01T19:15:00-00:00,2022-09-01,13,FC_5_PNM_FCST5GNODE,FC_5_PNM_FCST5GNODE,FC_5_PNM_FCST5GNODE,RTPD,MGHG,LMP_GHG_PRC,FC_5_PNM_FCST5GNODE,ALL,1,-14.15,1,5
2022-09-01T20:00:00-00:00,2022-09-01T20:15:00-00:00,2022-09-01,14,FC_5_PNM_FCST5GNODE,FC_5_PNM_FCST5GNODE,FC_5_PNM_FCST5GNODE,RTPD,MGHG,LMP_GHG_PRC,FC_5_PNM_FCST5GNODE,ALL,1,-26.16,1,5
2022-09-01T21:00:00-00:00,2022-09-01T21:15:00-00:00,2022-09-01,15,FC_5_PNM_FCST5GNODE,FC_5_PNM_FCST5GNODE,FC_5_PNM_FCST5GNODE,RTPD,MGHG,LMP_GHG_PRC,FC_5_PNM_FCST5GNODE,ALL,1,-15,1,5
2022-09-01T22:00:00-00:00,2022-09-01T22:15:00-00:00,2022-09-01,16,FC_5_PNM_FCST5GNODE,FC_5_PNM_FCST5GNODE,FC_5_PNM_FCST5GNODE,RTPD,MGHG,LMP_GHG_PRC,FC_5_PNM_FCST5GNODE,ALL,1,-17.36,1,5
2022-09-01T23:00:00-00:00,2022-09-01T23:15:00-00:00,2022-09-01,17,FC_5_PNM_FCST5GNODE,FC_5_PNM_FCST5GNODE,FC_5_PNM_FCST5GNODE,RTPD,MGHG,LMP_GHG_PRC,FC_5_PNM_FCST5GNODE,ALL,1,-26.16,1,5
2022-09-02T00:00:00-00:00,2022-09-02T00:15:00-00:00,2022-09-01,18,FC_5_PNM_FCST5GNODE,FC_5_PNM_FCST5GNODE,FC_5_PNM_FCST5GNODE,RTPD,MGHG,LMP_GHG_PRC,FC_5_PNM_FCST5GNODE,ALL,1,-28.21,1,5
2022-09-02T01:00:00-00:00,2022-09-02T01:15:00-00:00,2022-09-01,19,FC_5_PNM_FCST5GNODE,FC_5_PNM_FCST5GNODE,FC_5_PNM_FCST5GNODE,RTPD,MGHG,LMP_GHG_PRC,FC_5_PNM_FCST5GNODE,ALL,1,-24.91,1,5
2022-09-02T02:00:00-00:00,2022-09-02T02:15:00-00:00,2022-09-01,20,FC_5_PNM_FCST5GNODE,FC_5_PNM_FCST5GNODE,FC_5_PNM_FCST5GNODE,RTPD,MGHG,LMP_GHG_PRC,FC_5_PNM_FCST5GNODE,ALL,1,-15.61,1,5
2022-09-02T03:00:00-00:00,2022-09-02T03:15:00-00:00,2022-09-01,21,FC_5_PNM_FCST5GNODE,FC_5_PNM_FCST5GNODE,FC_5_PNM_FCST5GNODE,RTPD,MGHG,LMP_GHG_PRC,FC_5_PNM_FCST5GNODE,ALL,1,-11.89,1,5
2022-09-02T04:00:00-00:00,2022-09-02T04:15:00-00:00,2022-09-01,22,FC_5_PNM_FCST5GNODE,FC_5_PNM_FCST5GNODE,FC_5_PNM_FCST5GNODE,RTPD,MGHG,LMP_GHG_PRC,FC_5_PNM_FCST5GNODE,ALL,1,-14.75,1,5
2022-09-02T05:00:00-00:00,2022-09-02T05:15:00-00:00,2022-09-01,23,FC_5_PNM_FCST5GNODE,FC_5_PNM_FCST5GNODE,FC_5_PNM_FCST5GNODE,RTPD,MGHG,LMP_GHG_PRC,FC_5_PNM_FCST5GNODE,ALL,1,-9.52,1,5
2022-09-02T06:00:00-00:00,2022-09-02T06:15:00-00:00,2022-09-01,24,FC_5_PNM_FCST5GNODE,FC_5_PNM_FCST5GNODE,FC_5_PNM_FCST5GNODE,RTPD,MGHG,LMP_GHG_PRC,FC_5_PNM_FCST5GNODE,ALL,1,-11.63,1,5
2022-09-01T07:15:00-00:00,2022-09-01T07:30:00-00:00,2022-09-01,01,FC_5_PNM_FCST5GNODE,FC_5_PNM_FCST5GNODE,FC_5_PNM_FCST5GNODE,RTPD,MGHG,LMP_GHG_PRC,FC_5_PNM_FCST5GNODE,ALL,1,-13.76,2,5
2022-09-01T08:15:00-00:00,2022-09-01T08:30:00-00:00,2022-09-01,02,FC_5_PNM_FCST5GNODE,FC_5_PNM_FCST5GNODE,FC_5_PNM_FCST5GNODE,RTPD,MGHG,LMP_GHG_PRC,FC_5_PNM_FCST5GNODE,ALL,1,-14.75,2,5
2022-09-01T09:15:00-00:00,2022-09-01T09:30:00-00:00,2022-09-01,03,FC_5_PNM_FCST5GNODE,FC_5_PNM_FCST5GNODE,FC_5_PNM_FCST5GNODE,RTPD,MGHG,LMP_GHG_PRC,FC_5_PNM_FCST5GNODE,ALL,1,-12.19,2,5
2022-09-01T10:15:00-00:00,2022-09-01T10:30:00-00:00,2022-09-01,04,FC_5_PNM_FCST5GNODE,FC_5_PNM_FCST5GNODE,FC_5_PNM_FCST5GNODE,RTPD,MGHG,LMP_GHG_PRC,FC_5_PNM_FCST5GNODE,ALL,1,-13.98,2,5
2022-09-01T11:15:00-00:00,2022-09-01T11:30:00-00:00,2022-09-01,05,FC_5_PNM_FCST5GNODE,FC_5_PNM_FCST5GNODE,FC_5_PNM_FCST5GNODE,RTPD,MGHG,LMP_GHG_PRC,FC_5_PNM_FCST5GNODE,ALL,1,-13.98,2,5
2022-09-01T12:15:00-00:00,2022-09-01T12:30:00-00:00,2022-09-01,06,FC_5_PNM_FCST5GNODE,FC_5_PNM_FCST5GNODE,FC_5_PNM_FCST5GNODE,RTPD,MGHG,LMP_GHG_PRC,FC_5_PNM_FCST5GNODE,ALL,1,-14.79,2,5
2022-09-01T13:15:00-00:00,2022-09-01T13:30:00-00:00,2022-09-01,07,FC_5_PNM_FCST5GNODE,FC_5_PNM_FCST5GNODE,FC_5_PNM_FCST5GNODE,RTPD,MGHG,LMP_GHG_PRC,FC_5_PNM_FCST5GNODE,ALL,1,-15,2,5
2022-09-01T14:15:00-00:00,2022-09-01T14:30:00-00:00,2022-09-01,08,FC_5_PNM_FCST5GNODE,FC_5_PNM_FCST5GNODE,FC_5_PNM_FCST5GNODE,RTPD,MGHG,LMP_GHG_PRC,FC_5_PNM_FCST5GNODE,ALL,1,-14.22559,2,5
2022-09-01T15:15:00-00:00,2022-09-01T15:30:00-00:00,2022-09-01,09,FC_5_PNM_FCST5GNODE,FC_5_PNM_FCST5GNODE,FC_5_PNM_FCST5GNODE,RTPD,MGHG,LMP_GHG_PRC,FC_5_PNM_FCST5GNODE,ALL,1,-12.7,2,5
2022-09-01T16:15:00-00:00,2022-09-01T16:30:00-00:00,2022-09-01,10,FC_5_PNM_FCST5GNODE,FC_5_PNM_FCST5GNODE,FC_5_PNM_FCST5GNODE,RTPD,MGHG,LMP_GHG_PRC,FC_5_PNM_FCST5GNODE,ALL,1,-13.34161,2,5
2022-09-01T17:15:00-00:00,2022-09-01T17:30:00-00:00,2022-09-01,11,FC_5_PNM_FCST5GNODE,FC_5_PNM_FCST5GNODE,FC_5_PNM_FCST5GNODE,RTPD,MGHG,LMP_GHG_PRC,FC_5_PNM_FCST5GNODE,ALL,1,-11.89,2,5
2022-09-01T18:15:00-00:00,2022-09-01T18:30:00-00:00,2022-09-01,12,FC_5_PNM_FCST5GNODE,FC_5_PNM_FCST5GNODE,FC_5_PNM_FCST5GNODE,RTPD,MGHG,LMP_GHG_PRC,FC_5_PNM_FCST5GNODE,ALL,1,-14.79,2,5
2022-09-01T19:15:00-00:00,2022-09-01T19:30:00-00:00,2022-09-01,13,FC_5_PNM_FCST5GNODE,FC_5_PNM_FCST5GNODE,FC_5_PNM_FCST5GNODE,RTPD,MGHG,LMP_GHG_PRC,FC_5_PNM_FCST5GNODE,ALL,1,-14.79,2,5
2022-09-01T20:15:00-00:00,2022-09-01T20:30:00-00:00,2022-09-01,14,FC_5_PNM_FCST5GNODE,FC_5_PNM_FCST5GNODE,FC_5_PNM_FCST5GNODE,RTPD,MGHG,LMP_GHG_PRC,FC_5_PNM_FCST5GNODE,ALL,1,-18.59,2,5
2022-09-01T21:15:00-00:00,2022-09-01T21:30:00-00:00,2022-09-01,15,FC_5_PNM_FCST5GNODE,FC_5_PNM_FCST5GNODE,FC_5_PNM_FCST5GNODE,RTPD,MGHG,LMP_GHG_PRC,FC_5_PNM_FCST5GNODE,ALL,1,-15.41,2,5
2022-09-01T22:15:00-00:00,2022-09-01T22:30:00-00:00,2022-09-01,16,FC_5_PNM_FCST5GNODE,FC_5_PNM_FCST5GNODE,FC_5_PNM_FCST5GNODE,RTPD,MGHG,LMP_GHG_PRC,FC_5_PNM_FCST5GNODE,ALL,1,-19.44814,2,5
2022-09-01T23:15:00-00:00,2022-09-01T23:30:00-00:00,2022-09-01,17,FC_5_PNM_FCST5GNODE,FC_5_PNM_FCST5GNODE,FC_5_PNM_FCST5GNODE,RTPD,MGHG,LMP_GHG_PRC,FC_5_PNM_FCST5GNODE,ALL,1,-26.16,2,5
2022-09-02T00:15:00-00:00,2022-09-02T00:30:00-00:00,2022-09-01,18,FC_5_PNM_FCST5GNODE,FC_5_PNM_FCST5GNODE,FC_5_PNM_FCST5GNODE,RTPD,MGHG,LMP_GHG_PRC,FC_5_PNM_FCST5GNODE,ALL,1,-24.91,2,5
2022-09-02T01:15:00-00:00,2022-09-02T01:30:00-00:00,2022-09-01,19,FC_5_PNM_FCST5GNODE,FC_5_PNM_FCST5GNODE,FC_5_PNM_FCST5GNODE,RTPD,MGHG,LMP_GHG_PRC,FC_5_PNM_FCST5GNODE,ALL,1,-18.59,2,5
2022-09-02T02:15:00-00:00,2022-09-02T02:30:00-00:00,2022-09-01,20,FC_5_PNM_FCST5GNODE,FC_5_PNM_FCST5GNODE,FC_5_PNM_FCST5GNODE,RTPD,MGHG,LMP_GHG_PRC,FC_5_PNM_FCST5GNODE,ALL,1,-17.16,2,5
2022-09-02T03:15:00-00:00,2022-09-02T03:30:00-00:00,2022-09-01,21,FC_5_PNM_FCST5GNODE,FC_5_PNM_FCST5GNODE,FC_5_PNM_FCST5GNODE,RTPD,MGHG,LMP_GHG_PRC,FC_5_PNM_FCST5GNODE,ALL,1,-14.79,2,5
2022-09-02T04:15:00-00:00,2022-09-02T04:30:00-00:00,2022-09-01,22,FC_5_PNM_FCST5GNODE,FC_5_PNM_FCST5GNODE,FC_5_PNM_FCST5GNODE,RTPD,MGHG,LMP_GHG_PRC,FC_5_PNM_FCST5GNODE,ALL,1,-14.79,2,5
2022-09-02T05:15:00-00:00,2022-09-02T05:30:00-00:00,2022-09-01,23,FC_5_PNM_FCST5GNODE,FC_5_PNM_FCST5GNODE,FC_5_PNM_FCST5GNODE,RTPD,MGHG,LMP_GHG_PRC,FC_5_PNM_FCST5GNODE,ALL,1,-11.89,2,5
2022-09-02T06:15:00-00:00,2022-09-02T06:30:00-00:00,2022-09-01,24,FC_5_PNM_FCST5GNODE,FC_5_PNM_FCST5GNODE,FC_5_PNM_FCST5GNODE,RTPD,MGHG,LMP_GHG_PRC,FC_5_PNM_FCST5GNODE,ALL,1,-11.13,2,5
2022-09-01T07:30:00-00:00,2022-09-01T07:45:00-00:00,2022-09-01,01,FC_5_PNM_FCST5GNODE,FC_5_PNM_FCST5GNODE,FC_5_PNM_FCST5GNODE,RTPD,MGHG,LMP_GHG_PRC,FC_5_PNM_FCST5GNODE,ALL,1,-14.46,3,5
2022-09-01T08:30:00-00:00,2022-09-01T08:45:00-00:00,2022-09-01,02,FC_5_PNM_FCST5GNODE,FC_5_PNM_FCST5GNODE,FC_5_PNM_FCST5GNODE,RTPD,MGHG,LMP_GHG_PRC,FC_5_PNM_FCST5GNODE,ALL,1,-14.79,3,5
2022-09-01T09:30:00-00:00,2022-09-01T09:45:00-00:00,2022-09-01,03,FC_5_PNM_FCST5GNODE,FC_5_PNM_FCST5GNODE,FC_5_PNM_FCST5GNODE,RTPD,MGHG,LMP_GHG_PRC,FC_5_PNM_FCST5GNODE,ALL,1,-12.97,3,5
2022-09-01T10:30:00-00:00,2022-09-01T10:45:00-00:00,2022-09-01,04,FC_5_PNM_FCST5GNODE,FC_5_PNM_FCST5GNODE,FC_5_PNM_FCST5GNODE,RTPD,MGHG,LMP_GHG_PRC,FC_5_PNM_FCST5GNODE,ALL,1,-13.98,3,5
2022-09-01T11:30:00-00:00,2022-09-01T11:45:00-00:00,2022-09-01,05,FC_5_PNM_FCST5GNODE,FC_5_PNM_FCST5GNODE,FC_5_PNM_FCST5GNODE,RTPD,MGHG,LMP_GHG_PRC,FC_5_PNM_FCST5GNODE,ALL,1,-14.53398,3,5
2022-09-01T12:30:00-00:00,2022-09-01T12:45:00-00:00,2022-09-01,06,FC_5_PNM_FCST5GNODE,FC_5_PNM_FCST5GNODE,FC_5_PNM_FCST5GNODE,RTPD,MGHG,LMP_GHG_PRC,FC_5_PNM_FCST5GNODE,ALL,1,-14.79,3,5
2022-09-01T13:30:00-00:00,2022-09-01T13:45:00-00:00,2022-09-01,07,FC_5_PNM_FCST5GNODE,FC_5_PNM_FCST5GNODE,FC_5_PNM_FCST5GNODE,RTPD,MGHG,LMP_GHG_PRC,FC_5_PNM_FCST5GNODE,ALL,1,-15.84217,3,5
2022-09-01T14:30:00-00:00,2022-09-01T14:45:00-00:00,2022-09-01,08,FC_5_PNM_FCST5GNODE,FC_5_PNM_FCST5GNODE,FC_5_PNM_FCST5GNODE,RTPD,MGHG,LMP_GHG_PRC,FC_5_PNM_FCST5GNODE,ALL,1,-12.7,3,5
2022-09-01T15:30:00-00:00,2022-09-01T15:45:00-00:00,2022-09-01,09,FC_5_PNM_FCST5GNODE,FC_5_PNM_FCST5GNODE,FC_5_PNM_FCST5GNODE,RTPD,MGHG,LMP_GHG_PRC,FC_5_PNM_FCST5GNODE,ALL,1,-12.05,3,5
2022-09-01T16:30:00-00:00,2022-09-01T16:45:00-00:00,2022-09-01,10,FC_5_PNM_FCST5GNODE,FC_5_PNM_FCST5GNODE,FC_5_PNM_FCST5GNODE,RTPD,MGHG,LMP_GHG_PRC,FC_5_PNM_FCST5GNODE,ALL,1,-11.13,3,5
2022-09-01T17:30:00-00:00,2022-09-01T17:45:00-00:00,2022-09-01,11,FC_5_PNM_FCST5GNODE,FC_5_PNM_FCST5GNODE,FC_5_PNM_FCST5GNODE,RTPD,MGHG,LMP_GHG_PRC,FC_5_PNM_FCST5GNODE,ALL,1,-11.63,3,5
2022-09-01T18:30:00-00:00,2022-09-01T18:45:00-00:00,2022-09-01,12,FC_5_PNM_FCST5GNODE,FC_5_PNM_FCST5GNODE,FC_5_PNM_FCST5GNODE,RTPD,MGHG,LMP_GHG_PRC,FC_5_PNM_FCST5GNODE,ALL,1,-14.37982,3,5
2022-09-01T19:30:00-00:00,2022-09-01T19:45:00-00:00,2022-09-01,13,FC_5_PNM_FCST5GNODE,FC_5_PNM_FCST5GNODE,FC_5_PNM_FCST5GNODE,RTPD,MGHG,LMP_GHG_PRC,FC_5_PNM_FCST5GNODE,ALL,1,-14.79,3,5
2022-09-01T20:30:00-00:00,2022-09-01T20:45:00-00:00,2022-09-01,14,FC_5_PNM_FCST5GNODE,FC_5_PNM_FCST5GNODE,FC_5_PNM_FCST5GNODE,RTPD,MGHG,LMP_GHG_PRC,FC_5_PNM_FCST5GNODE,ALL,1,-19.37,3,5
2022-09-01T21:30:00-00:00,2022-09-01T21:45:00-00:00,2022-09-01,15,FC_5_PNM_FCST5GNODE,FC_5_PNM_FCST5GNODE,FC_5_PNM_FCST5GNODE,RTPD,MGHG,LMP_GHG_PRC,FC_5_PNM_FCST5GNODE,ALL,1,-14.79,3,5
2022-09-01T22:30:00-00:00,2022-09-01T22:45:00-00:00,2022-09-01,16,FC_5_PNM_FCST5GNODE,FC_5_PNM_FCST5GNODE,FC_5_PNM_FCST5GNODE,RTPD,MGHG,LMP_GHG_PRC,FC_5_PNM_FCST5GNODE,ALL,1,-17.77,3,5
2022-09-01T23:30:00-00:00,2022-09-01T23:45:00-00:00,2022-09-01,17,FC_5_PNM_FCST5GNODE,FC_5_PNM_FCST5GNODE,FC_5_PNM_FCST5GNODE,RTPD,MGHG,LMP_GHG_PRC,FC_5_PNM_FCST5GNODE,ALL,1,-26.16,3,5
2022-09-02T00:30:00-00:00,2022-09-02T00:45:00-00:00,2022-09-01,18,FC_5_PNM_FCST5GNODE,FC_5_PNM_FCST5GNODE,FC_5_PNM_FCST5GNODE,RTPD,MGHG,LMP_GHG_PRC,FC_5_PNM_FCST5GNODE,ALL,1,-29.51,3,5
2022-09-02T01:30:00-00:00,2022-09-02T01:45:00-00:00,2022-09-01,19,FC_5_PNM_FCST5GNODE,FC_5_PNM_FCST5GNODE,FC_5_PNM_FCST5GNODE,RTPD,MGHG,LMP_GHG_PRC,FC_5_PNM_FCST5GNODE,ALL,1,-18.59,3,5
2022-09-02T02:30:00-00:00,2022-09-02T02:45:00-00:00,2022-09-01,20,FC_5_PNM_FCST5GNODE,FC_5_PNM_FCST5GNODE,FC_5_PNM_FCST5GNODE,RTPD,MGHG,LMP_GHG_PRC,FC_5_PNM_FCST5GNODE,ALL,1,-25.88,3,5
2022-09-02T03:30:00-00:00,2022-09-02T03:45:00-00:00,2022-09-01,21,FC_5_PNM_FCST5GNODE,FC_5_PNM_FCST5GNODE,FC_5_PNM_FCST5GNODE,RTPD,MGHG,LMP_GHG_PRC,FC_5_PNM_FCST5GNODE,ALL,1,-14.79,3,5
2022-09-02T04:30:00-00:00,2022-09-02T04:45:00-00:00,2022-09-01,22,FC_5_PNM_FCST5GNODE,FC_5_PNM_FCST5GNODE,FC_5_PNM_FCST5GNODE,RTPD,MGHG,LMP_GHG_PRC,FC_5_PNM_FCST5GNODE,ALL,1,-15.61,3,5
2022-09-02T05:30:00-00:00,2022-09-02T05:45:00-00:00,2022-09-01,23,FC_5_PNM_FCST5GNODE,FC_5_PNM_FCST5GNODE,FC_5_PNM_FCST5GNODE,RTPD,MGHG,LMP_GHG_PRC,FC_5_PNM_FCST5GNODE,ALL,1,-14.79,3,5
2022-09-02T06:30:00-00:00,2022-09-02T06:45:00-00:00,2022-09-01,24,FC_5_PNM_FCST5GNODE,FC_5_PNM_FCST5GNODE,FC_5_PNM_FCST5GNODE,RTPD,MGHG,LMP_GHG_PRC,FC_5_PNM_FCST5GNODE,ALL,1,-14.79,3,5
2022-09-01T07:45:00-00:00,2022-09-01T08:00:00-00:00,2022-09-01,01,FC_5_PNM_FCST5GNODE,FC_5_PNM_FCST5GNODE,FC_5_PNM_FCST5GNODE,RTPD,MGHG,LMP_GHG_PRC,FC_5_PNM_FCST5GNODE,ALL,1,-14,4,5
2022-09-01T08:45:00-00:00,2022-09-01T09:00:00-00:00,2022-09-01,02,FC_5_PNM_FCST5GNODE,FC_5_PNM_FCST5GNODE,FC_5_PNM_FCST5GNODE,RTPD,MGHG,LMP_GHG_PRC,FC_5_PNM_FCST5GNODE,ALL,1,-14.79,4,5
2022-09-01T09:45:00-00:00,2022-09-01T10:00:00-00:00,2022-09-01,03,FC_5_PNM_FCST5GNODE,FC_5_PNM_FCST5GNODE,FC_5_PNM_FCST5GNODE,RTPD,MGHG,LMP_GHG_PRC,FC_5_PNM_FCST5GNODE,ALL,1,-12.97,4,5
2022-09-01T10:45:00-00:00,2022-09-01T11:00:00-00:00,2022-09-01,04,FC_5_PNM_FCST5GNODE,FC_5_PNM_FCST5GNODE,FC_5_PNM_FCST5GNODE,RTPD,MGHG,LMP_GHG_PRC,FC_5_PNM_FCST5GNODE,ALL,1,-13.55,4,5
2022-09-01T11:45:00-00:00,2022-09-01T12:00:00-00:00,2022-09-01,05,FC_5_PNM_FCST5GNODE,FC_5_PNM_FCST5GNODE,FC_5_PNM_FCST5GNODE,RTPD,MGHG,LMP_GHG_PRC,FC_5_PNM_FCST5GNODE,ALL,1,-14.79,4,5
2022-09-01T12:45:00-00:00,2022-09-01T13:00:00-00:00,2022-09-01,06,FC_5_PNM_FCST5GNODE,FC_5_PNM_FCST5GNODE,FC_5_PNM_FCST5GNODE,RTPD,MGHG,LMP_GHG_PRC,FC_5_PNM_FCST5GNODE,ALL,1,-14.79,4,5
2022-09-01T13:45:00-00:00,2022-09-01T14:00:00-00:00,2022-09-01,07,FC_5_PNM_FCST5GNODE,FC_5_PNM_FCST5GNODE,FC_5_PNM_FCST5GNODE,RTPD,MGHG,LMP_GHG_PRC,FC_5_PNM_FCST5GNODE,ALL,1,-14.79,4,5
2022-09-01T14:45:00-00:00,2022-09-01T15:00:00-00:00,2022-09-01,08,FC_5_PNM_FCST5GNODE,FC_5_PNM_FCST5GNODE,FC_5_PNM_FCST5GNODE,RTPD,MGHG,LMP_GHG_PRC,FC_5_PNM_FCST5GNODE,ALL,1,-8.84,4,5
2022-09-01T15:45:00-00:00,2022-09-01T16:00:00-00:00,2022-09-01,09,FC_5_PNM_FCST5GNODE,FC_5_PNM_FCST5GNODE,FC_5_PNM_FCST5GNODE,RTPD,MGHG,LMP_GHG_PRC,FC_5_PNM_FCST5GNODE,ALL,1,-12.05,4,5
2022-09-01T16:45:00-00:00,2022-09-01T17:00:00-00:00,2022-09-01,10,FC_5_PNM_FCST5GNODE,FC_5_PNM_FCST5GNODE,FC_5_PNM_FCST5GNODE,RTPD,MGHG,LMP_GHG_PRC,FC_5_PNM_FCST5GNODE,ALL,1,-10.94,4,5
2022-09-01T17:45:00-00:00,2022-09-01T18:00:00-00:00,2022-09-01,11,FC_5_PNM_FCST5GNODE,FC_5_PNM_FCST5GNODE,FC_5_PNM_FCST5GNODE,RTPD,MGHG,LMP_GHG_PRC,FC_5_PNM_FCST5GNODE,ALL,1,-12.32178,4,5
2022-09-01T18:45:00-00:00,2022-09-01T19:00:00-00:00,2022-09-01,12,FC_5_PNM_FCST5GNODE,FC_5_PNM_FCST5GNODE,FC_5_PNM_FCST5GNODE,RTPD,MGHG,LMP_GHG_PRC,FC_5_PNM_FCST5GNODE,ALL,1,-13.98,4,5
2022-09-01T19:45:00-00:00,2022-09-01T20:00:00-00:00,2022-09-01,13,FC_5_PNM_FCST5GNODE,FC_5_PNM_FCST5GNODE,FC_5_PNM_FCST5GNODE,RTPD,MGHG,LMP_GHG_PRC,FC_5_PNM_FCST5GNODE,ALL,1,-15.37,4,5
2022-09-01T20:45:00-00:00,2022-09-01T21:00:00-00:00,2022-09-01,14,FC_5_PNM_FCST5GNODE,FC_5_PNM_FCST5GNODE,FC_5_PNM_FCST5GNODE,RTPD,MGHG,LMP_GHG_PRC,FC_5_PNM_FCST5GNODE,ALL,1,-15.61,4,5
2022-09-01T21:45:00-00:00,2022-09-01T22:00:00-00:00,2022-09-01,15,FC_5_PNM_FCST5GNODE,FC_5_PNM_FCST5GNODE,FC_5_PNM_FCST5GNODE,RTPD,MGHG,LMP_GHG_PRC,FC_5_PNM_FCST5GNODE,ALL,1,-14.79,4,5
2022-09-01T22:45:00-00:00,2022-09-01T23:00:00-00:00,2022-09-01,16,FC_5_PNM_FCST5GNODE,FC_5_PNM_FCST5GNODE,FC_5_PNM_FCST5GNODE,RTPD,MGHG,LMP_GHG_PRC,FC_5_PNM_FCST5GNODE,ALL,1,-17.16,4,5
2022-09-01T23:45:00-00:00,2022-09-02T00:00:00-00:00,2022-09-01,17,FC_5_PNM_FCST5GNODE,FC_5_PNM_FCST5GNODE,FC_5_PNM_FCST5GNODE,RTPD,MGHG,LMP_GHG_PRC,FC_5_PNM_FCST5GNODE,ALL,1,-28.33,4,5
2022-09-02T00:45:00-00:00,2022-09-02T01:00:00-00:00,2022-09-01,18,FC_5_PNM_FCST5GNODE,FC_5_PNM_FCST5GNODE,FC_5_PNM_FCST5GNODE,RTPD,MGHG,LMP_GHG_PRC,FC_5_PNM_FCST5GNODE,ALL,1,-29.51,4,5
2022-09-02T01:45:00-00:00,2022-09-02T02:00:00-00:00,2022-09-01,19,FC_5_PNM_FCST5GNODE,FC_5_PNM_FCST5GNODE,FC_5_PNM_FCST5GNODE,RTPD,MGHG,LMP_GHG_PRC,FC_5_PNM_FCST5GNODE,ALL,1,-15.61,4,5
2022-09-02T02:45:00-00:00,2022-09-02T03:00:00-00:00,2022-09-01,20,FC_5_PNM_FCST5GNODE,FC_5_PNM_FCST5GNODE,FC_5_PNM_FCST5GNODE,RTPD,MGHG,LMP_GHG_PRC,FC_5_PNM_FCST5GNODE,ALL,1,-30.58,4,5
2022-09-02T03:45:00-00:00,2022-09-02T04:00:00-00:00,2022-09-01,21,FC_5_PNM_FCST5GNODE,FC_5_PNM_FCST5GNODE,FC_5_PNM_FCST5GNODE,RTPD,MGHG,LMP_GHG_PRC,FC_5_PNM_FCST5GNODE,ALL,1,-16.46,4,5
2022-09-02T04:45:00-00:00,2022-09-02T05:00:00-00:00,2022-09-01,22,FC_5_PNM_FCST5GNODE,FC_5_PNM_FCST5GNODE,FC_5_PNM_FCST5GNODE,RTPD,MGHG,LMP_GHG_PRC,FC_5_PNM_FCST5GNODE,ALL,1,-15.61,4,5
2022-09-02T05:45:00-00:00,2022-09-02T06:00:00-00:00,2022-09-01,23,FC_5_PNM_FCST5GNODE,FC_5_PNM_FCST5GNODE,FC_5_PNM_FCST5GNODE,RTPD,MGHG,LMP_GHG_PRC,FC_5_PNM_FCST5GNODE,ALL,1,-14.79,4,5
2022-09-02T06:45:00-00:00,2022-09-02T07:00:00-00:00,2022-09-01,24,FC_5_PNM_FCST5GNODE,FC_5_PNM_FCST5GNODE,FC_5_PNM_FCST5GNODE,RTPD,MGHG,LMP_GHG_PRC,FC_5_PNM_FCST5GNODE,ALL,1,-15,4,5
