INTERVALSTARTTIME_GMT,INTERVALENDTIME_GMT,OPR_DT,OPR_HR,NODE_ID_XML,NODE_ID,NODE,MARKET_RUN_ID,LMP_TYPE,XML_DATA_ITEM,PNODE_RESMRID,GRP_TYPE,POS,PRC,OPR_INTERVAL,GROUP
2022-09-01T07:00:00-00:00,2022-09-01T07:15:00-00:00,2022-09-01,01,BATIQTOS_1_N001,BATIQTOS_1_N001,BATIQTOS_1_N001,RTPD,LMP,LMP_PRC,BATIQTOS_1_N001,ALL,1,204.57808,1,1
2022-09-01T08:00:00-00:00,2022-09-01T08:15:00-00:00,2022-09-01,02,BATIQTOS_1_N001,BATIQTOS_1_N001,BATIQTOS_1_N001,RTPD,LMP,LMP_PRC,BATIQTOS_1_N001,ALL,1,118.56579,1,1
2022-09-01T09:00:00-00:00,2022-09-01T09:15:00-00:00,2022-09-01,03,BATIQTOS_1_N001,BATIQTOS_1_N001,BATIQTOS_1_N001,RTPD,LMP,LMP_PRC,BATIQTOS_1_N001,ALL,1,115.59128,1,1
2022-09-01T10:00:00-00:00,2022-09-01T10:15:00-00:00,2022-09-01,04,BATIQTOS_1_N001,BATIQTOS_1_N001,BATIQTOS_1_N001,RTPD,LMP,LMP_PRC,BATIQTOS_1_N001,ALL,1,113.9452,1,1
2022-09-01T11:00:00-00:00,2022-09-01T11:15:00-00:00,2022-09-01,05,BATIQTOS_1_N001,BATIQTOS_1_N001,BATIQTOS_1_N001,RTPD,LMP,LMP_PRC,BATIQTOS_1_N001,ALL,1,114.10755,1,1
2022-09-01T12:00:00-00:00,2022-09-01T12:15:00-00:00,2022-09-01,06,BATIQTOS_1_N001,BATIQTOS_1_N001,BATIQTOS_1_N001,RTPD,LMP,LMP_PRC,BATIQTOS_1_N001,ALL,1,116.6063,1,1
2022-09-01T13:00:00-00:00,2022-09-01T13:15:00-00:00,2022-09-01,07,BATIQTOS_1_N001,BATIQTOS_1_N001,BATIQTOS_1_N001,RTPD,LMP,LMP_PRC,BATIQTOS_1_N001,ALL,1,114.58711,1,1
2022-09-01T14:00:00-00:00,2022-09-01T14:15:00-00:00,2022-09-01,08,BATIQTOS_1_N001,BATIQTOS_1_N001,BATIQTOS_1_N001,RTPD,LMP,LMP_PRC,BATIQTOS_1_N001,ALL,1,186.34894,1,1
2022-09-01T15:00:00-00:00,2022-09-01T15:15:00-00:00,2022-09-01,09,BATIQTOS_1_N001,BATIQTOS_1_N001,BATIQTOS_1_N001,RTPD,LMP,LMP_PRC,BATIQTOS_1_N001,ALL,1,280.23212,1,1
2022-09-01T16:00:00-00:00,2022-09-01T16:15:00-00:00,2022-09-01,10,BATIQTOS_1_N001,BATIQTOS_1_N001,BATIQTOS_1_N001,RTPD,LMP,LMP_PRC,BATIQTOS_1_N001,ALL,1,217.42711,1,1
2022-09-01T17:00:00-00:00,2022-09-01T17:15:00-00:00,2022-09-01,11,BATIQTOS_1_N001,BATIQTOS_1_N001,BATIQTOS_1_N001,RTPD,LMP,LMP_PRC,BATIQTOS_1_N001,ALL,1,228.94344,1,1
2022-09-01T18:00:00-00:00,2022-09-01T18:15:00-00:00,2022-09-01,12,BATIQTOS_1_N001,BATIQTOS_1_N001,BATIQTOS_1_N001,RTPD,LMP,LMP_PRC,BATIQTOS_1_N001,ALL,1,244.10713,1,1
2022-09-01T19:00:00-00:00,2022-09-01T19:15:00-00:00,2022-09-01,13,BATIQTOS_1_N001,BATIQTOS_1_N001,BATIQTOS_1_N001,RTPD,LMP,LMP_PRC,BATIQTOS_1_N001,ALL,1,351.34668,1,1
2022-09-01T20:00:00-00:00,2022-09-01T20:15:00-00:00,2022-09-01,14,BATIQTOS_1_N001,BATIQTOS_1_N001,BATIQTOS_1_N001,RTPD,LMP,LMP_PRC,BATIQTOS_1_N001,ALL,1,174.19193,1,1
2022-09-01T21:00:00-00:00,2022-09-01T21:15:00-00:00,2022-09-01,15,BATIQTOS_1_N001,BATIQTOS_1_N001,BATIQTOS_1_N001,RTPD,LMP,LMP_PRC,BATIQTOS_1_N001,ALL,1,1095.9055,1,1
2022-09-01T22:00:00-00:00,2022-09-01T22:15:00-00:00,2022-09-01,16,BATIQTOS_1_N001,BATIQTOS_1_N001,BATIQTOS_1_N001,RTPD,LMP,LMP_PRC,BATIQTOS_1_N001,ALL,1,901.86255,1,1
2022-09-01T23:00:00-00:00,2022-09-01T23:15:00-00:00,2022-09-01,17,BATIQTOS_1_N001,BATIQTOS_1_N001,BATIQTOS_1_N001,RTPD,LMP,LMP_PRC,BATIQTOS_1_N001,ALL,1,1766.6569,1,1
2022-09-02T00:00:00-00:00,2022-09-02T00:15:00-00:00,2022-09-01,18,BATIQTOS_1_N001,BATIQTOS_1_N001,BATIQTOS_1_N001,RTPD,LMP,LMP_PRC,BATIQTOS_1_N001,ALL,1,1853.4592,1,1
2022-09-02T01:00:00-00:00,2022-09-02T01:15:00-00:00,2022-09-01,19,BATIQTOS_1_N001,BATIQTOS_1_N001,BATIQTOS_1_N001,RTPD,LMP,LMP_PRC,BATIQTOS_1_N001,ALL,1,1147.2341,1,1
2022-09-02T02:00:00-00:00,2022-09-02T02:15:00-00:00,2022-09-01,20,BATIQTOS_1_N001,BATIQTOS_1_N001,BATIQTOS_1_N001,RTPD,LMP,LMP_PRC,BATIQTOS_1_N001,ALL,1,2319.6003,1,1
2022-09-02T03:00:00-00:00,2022-09-02T03:15:00-00:00,2022-09-01,21,BATIQTOS_1_N001,BATIQTOS_1_N001,BATIQTOS_1_N001,RTPD,LMP,LMP_PRC,BATIQTOS_1_N001,ALL,1,1275.6207,1,1
2022-09-02T04:00:00-00:00,2022-09-02T04:15:00-00:00,2022-09-01,22,BATIQTOS_1_N001,BATIQTOS_1_N001,BATIQTOS_1_N001,RTPD,LMP,LMP_PRC,BATIQTOS_1_N001,ALL,1,291.06586,1,1
2022-09-02T05:00:00-00:00,2022-09-02T05:15:00-00:00,2022-09-01,23,BATIQTOS_1_N001,BATIQTOS_1_N001,BATIQTOS_1_N001,RTPD,LMP,LMP_PRC,BATIQTOS_1_N001,ALL,1,213.68378,1,1
2022-09-02T06:00:00-00:00,2022-09-02T06:15:00-00:00,2022-09-01,24,BATIQTOS_1_N001,BATIQTOS_1_N001,BATIQTOS_1_N001,RTPD,LMP,LMP_PRC,BATIQTOS_1_N001,ALL,1,171.18396,1,1
2022-09-01T07:15:00-00:00,2022-09-01T07:30:00-00:00,2022-09-01,01,BATIQTOS_1_N001,BATIQTOS_1_N001,BATIQTOS_1_N001,RTPD,LMP,LMP_PRC,BATIQTOS_1_N001,ALL,1,134.46503,2,1
2022-09-01T08:15:00-00:00,2022-09-01T08:30:00-00:00,2022-09-01,02,BATIQTOS_1_N001,BATIQTOS_1_N001,BATIQTOS_1_N001,RTPD,LMP,LMP_PRC,BATIQTOS_1_N001,ALL,1,116.35515,2,1
2022-09-01T09:15:00-00:00,2022-09-01T09:30:00-00:00,2022-09-01,03,BATIQTOS_1_N001,BATIQTOS_1_N001,BATIQTOS_1_N001,RTPD,LMP,LMP_PRC,BATIQTOS_1_N001,ALL,1,115.23502,2,1
2022-09-01T10:15:00-00:00,2022-09-01T10:30:00-00:00,2022-09-01,04,BATIQTOS_1_N001,BATIQTOS_1_N001,BATIQTOS_1_N001,RTPD,LMP,LMP_PRC,BATIQTOS_1_N001,ALL,1,113.71087,2,1
2022-09-01T11:15:00-00:00,2022-09-01T11:30:00-00:00,2022-09-01,05,BATIQTOS_1_N001,BATIQTOS_1_N001,BATIQTOS_1_N001,RTPD,LMP,LMP_PRC,BATIQTOS_1_N001,ALL,1,114.76044,2,1
2022-09-01T12:15:00-00:00,2022-09-01T12:30:00-00:00,2022-09-01,06,BATIQTOS_1_N001,BATIQTOS_1_N001,BATIQTOS_1_N001,RTPD,LMP,LMP_PRC,BATIQTOS_1_N001,ALL,1,126.84606,2,1
2022-09-01T13:15:00-00:00,2022-09-01T13:30:00-00:00,2022-09-01,07,BATIQTOS_1_N001,BATIQTOS_1_N001,BATIQTOS_1_N001,RTPD,LMP,LMP_PRC,BATIQTOS_1_N001,ALL,1,123.5691,2,1
2022-09-01T14:15:00-00:00,2022-09-01T14:30:00-00:00,2022-09-01,08,BATIQTOS_1_N001,BATIQTOS_1_N001,BATIQTOS_1_N001,RTPD,LMP,LMP_PRC,BATIQTOS_1_N001,ALL,1,197.01208,2,1
2022-09-01T15:15:00-00:00,2022-09-01T15:30:00-00:00,2022-09-01,09,BATIQTOS_1_N001,BATIQTOS_1_N001,BATIQTOS_1_N001,RTPD,LMP,LMP_PRC,BATIQTOS_1_N001,ALL,1,281.24942,2,1
2022-09-01T16:15:00-00:00,2022-09-01T16:30:00-00:00,2022-09-01,10,BATIQTOS_1_N001,BATIQTOS_1_N001,BATIQTOS_1_N001,RTPD,LMP,LMP_PRC,BATIQTOS_1_N001,ALL,1,216.55424,2,1
2022-09-01T17:15:00-00:00,2022-09-01T17:30:00-00:00,2022-09-01,11,BATIQTOS_1_N001,BATIQTOS_1_N001,BATIQTOS_1_N001,RTPD,LMP,LMP_PRC,BATIQTOS_1_N001,ALL,1,241.12874,2,1
2022-09-01T18:15:00-00:00,2022-09-01T18:30:00-00:00,2022-09-01,12,BATIQTOS_1_N001,BATIQTOS_1_N001,BATIQTOS_1_N001,RTPD,LMP,LMP_PRC,BATIQTOS_1_N001,ALL,1,272.8169,2,1
2022-09-01T19:15:00-00:00,2022-09-01T19:30:00-00:00,2022-09-01,13,BATIQTOS_1_N001,BATIQTOS_1_N001,BATIQTOS_1_N001,RTPD,LMP,LMP_PRC,BATIQTOS_1_N001,ALL,1,249.46193,2,1
2022-09-01T20:15:00-00:00,2022-09-01T20:30:00-00:00,2022-09-01,14,BATIQTOS_1_N001,BATIQTOS_1_N001,BATIQTOS_1_N001,RTPD,LMP,LMP_PRC,BATIQTOS_1_N001,ALL,1,204.73029,2,1
2022-09-01T21:15:00-00:00,2022-09-01T21:30:00-00:00,2022-09-01,15,BATIQTOS_1_N001,BATIQTOS_1_N001,BATIQTOS_1_N001,RTPD,LMP,LMP_PRC,BATIQTOS_1_N001,ALL,1,345.73022,2,1
2022-09-01T22:15:00-00:00,2022-09-01T22:30:00-00:00,2022-09-01,16,BATIQTOS_1_N001,BATIQTOS_1_N001,BATIQTOS_1_N001,RTPD,LMP,LMP_PRC,BATIQTOS_1_N001,ALL,1,977.461,2,1
2022-09-01T23:15:00-00:00,2022-09-01T23:30:00-00:00,2022-09-01,17,BATIQTOS_1_N001,BATIQTOS_1_N001,BATIQTOS_1_N001,RTPD,LMP,LMP_PRC,BATIQTOS_1_N001,ALL,1,1690.7277,2,1
2022-09-02T00:15:00-00:00,2022-09-02T00:30:00-00:00,2022-09-01,18,BATIQTOS_1_N001,BATIQTOS_1_N001,BATIQTOS_1_N001,RTPD,LMP,LMP_PRC,BATIQTOS_1_N001,ALL,1,1681.3525,2,1
2022-09-02T01:15:00-00:00,2022-09-02T01:30:00-00:00,2022-09-01,19,BATIQTOS_1_N001,BATIQTOS_1_N001,BATIQTOS_1_N001,RTPD,LMP,LMP_PRC,BATIQTOS_1_N001,ALL,1,2437.9934,2,1
2022-09-02T02:15:00-00:00,2022-09-02T02:30:00-00:00,2022-09-01,20,BATIQTOS_1_N001,BATIQTOS_1_N001,BATIQTOS_1_N001,RTPD,LMP,LMP_PRC,BATIQTOS_1_N001,ALL,1,1991.6721,2,1
2022-09-02T03:15:00-00:00,2022-09-02T03:30:00-00:00,2022-09-01,21,BATIQTOS_1_N001,BATIQTOS_1_N001,BATIQTOS_1_N001,RTPD,LMP,LMP_PRC,BATIQTOS_1_N001,ALL,1,534.55817,2,1
2022-09-02T04:15:00-00:00,2022-09-02T04:30:00-00:00,2022-09-01,22,BATIQTOS_1_N001,BATIQTOS_1_N001,BATIQTOS_1_N001,RTPD,LMP,LMP_PRC,BATIQTOS_1_N001,ALL,1,192.887,2,1
2022-09-02T05:15:00-00:00,2022-09-02T05:30:00-00:00,2022-09-01,23,BATIQTOS_1_N001,BATIQTOS_1_N001,BATIQTOS_1_N001,RTPD,LMP,LMP_PRC,BATIQTOS_1_N001,ALL,1,187.30197,2,1
2022-09-02T06:15:00-00:00,2022-09-02T06:30:00-00:00,2022-09-01,24,BATIQTOS_1_N001,BATIQTOS_1_N001,BATIQTOS_1_N001,RTPD,LMP,LMP_PRC,BATIQTOS_1_N001,ALL,1,162.30315,2,1
2022-09-01T07:30:00-00:00,2022-09-01T07:45:00-00:00,2022-09-01,01,BATIQTOS_1_N001,BATIQTOS_1_N001,BATIQTOS_1_N001,RTPD,LMP,LMP_PRC,BATIQTOS_1_N001,ALL,1,133.6172,3,1
2022-09-01T08:30:00-00:00,2022-09-01T08:45:00-00:00,2022-09-01,02,BATIQTOS_1_N001,BATIQTOS_1_N001,BATIQTOS_1_N001,RTPD,LMP,LMP_PRC,BATIQTOS_1_N001,ALL,1,124.19112,3,1
2022-09-01T09:30:00-00:00,2022-09-01T09:45:00-00:00,2022-09-01,03,BATIQTOS_1_N001,BATIQTOS_1_N001,BATIQTOS_1_N001,RTPD,LMP,LMP_PRC,BATIQTOS_1_N001,ALL,1,114.87001,3,1
2022-09-01T10:30:00-00:00,2022-09-01T10:45:00-00:00,2022-09-01,04,BATIQTOS_1_N001,BATIQTOS_1_N001,BATIQTOS_1_N001,RTPD,LMP,LMP_PRC,BATIQTOS_1_N001,ALL,1,110.75836,3,1
2022-09-01T11:30:00-00:00,2022-09-01T11:45:00-00:00,2022-09-01,05,BATIQTOS_1_N001,BATIQTOS_1_N001,BATIQTOS_1_N001,RTPD,LMP,LMP_PRC,BATIQTOS_1_N001,ALL,1,114.64615,3,1
2022-09-01T12:30:00-00:00,2022-09-01T12:45:00-00:00,2022-09-01,06,BATIQTOS_1_N001,BATIQTOS_1_N001,BATIQTOS_1_N001,RTPD,LMP,LMP_PRC,BATIQTOS_1_N001,ALL,1,135.22818,3,1
2022-09-01T13:30:00-00:00,2022-09-01T13:45:00-00:00,2022-09-01,07,BATIQTOS_1_N001,BATIQTOS_1_N001,BATIQTOS_1_N001,RTPD,LMP,LMP_PRC,BATIQTOS_1_N001,ALL,1,130.18497,3,1
2022-09-01T14:30:00-00:00,2022-09-01T14:45:00-00:00,2022-09-01,08,BATIQTOS_1_N001,BATIQTOS_1_N001,BATIQTOS_1_N001,RTPD,LMP,LMP_PRC,BATIQTOS_1_N001,ALL,1,170.75938,3,1
2022-09-01T15:30:00-00:00,2022-09-01T15:45:00-00:00,2022-09-01,09,BATIQTOS_1_N001,BATIQTOS_1_N001,BATIQTOS_1_N001,RTPD,LMP,LMP_PRC,BATIQTOS_1_N001,ALL,1,335.91016,3,1
2022-09-01T16:30:00-00:00,2022-09-01T16:45:00-00:00,2022-09-01,10,BATIQTOS_1_N001,BATIQTOS_1_N001,BATIQTOS_1_N001,RTPD,LMP,LMP_PRC,BATIQTOS_1_N001,ALL,1,201.83247,3,1
2022-09-01T17:30:00-00:00,2022-09-01T17:45:00-00:00,2022-09-01,11,BATIQTOS_1_N001,BATIQTOS_1_N001,BATIQTOS_1_N001,RTPD,LMP,LMP_PRC,BATIQTOS_1_N001,ALL,1,226.36311,3,1
2022-09-01T18:30:00-00:00,2022-09-01T18:45:00-00:00,2022-09-01,12,BATIQTOS_1_N001,BATIQTOS_1_N001,BATIQTOS_1_N001,RTPD,LMP,LMP_PRC,BATIQTOS_1_N001,ALL,1,275.73135,3,1
2022-09-01T19:30:00-00:00,2022-09-01T19:45:00-00:00,2022-09-01,13,BATIQTOS_1_N001,BATIQTOS_1_N001,BATIQTOS_1_N001,RTPD,LMP,LMP_PRC,BATIQTOS_1_N001,ALL,1,241.22278,3,1
2022-09-01T20:30:00-00:00,2022-09-01T20:45:00-00:00,2022-09-01,14,BATIQTOS_1_N001,BATIQTOS_1_N001,BATIQTOS_1_N001,RTPD,LMP,LMP_PRC,BATIQTOS_1_N001,ALL,1,266.09204,3,1
2022-09-01T21:30:00-00:00,2022-09-01T21:45:00-00:00,2022-09-01,15,BATIQTOS_1_N001,BATIQTOS_1_N001,BATIQTOS_1_N001,RTPD,LMP,LMP_PRC,BATIQTOS_1_N001,ALL,1,380.4613,3,1
2022-09-01T22:30:00-00:00,2022-09-01T22:45:00-00:00,2022-09-01,16,BATIQTOS_1_N001,BATIQTOS_1_N001,BATIQTOS_1_N001,RTPD,LMP,LMP_PRC,BATIQTOS_1_N001,ALL,1,1150.0306,3,1
2022-09-01T23:30:00-00:00,2022-09-01T23:45:00-00:00,2022-09-01,17,BATIQTOS_1_N001,BATIQTOS_1_N001,BATIQTOS_1_N001,RTPD,LMP,LMP_PRC,BATIQTOS_1_N001,ALL,1,1813.1343,3,1
2022-09-02T00:30:00-00:00,2022-09-02T00:45:00-00:00,2022-09-01,18,BATIQTOS_1_N001,BATIQTOS_1_N001,BATIQTOS_1_N001,RTPD,LMP,LMP_PRC,BATIQTOS_1_N001,ALL,1,2011.1421,3,1
2022-09-02T01:30:00-00:00,2022-09-02T01:45:00-00:00,2022-09-01,19,BATIQTOS_1_N001,BATIQTOS_1_N001,BATIQTOS_1_N001,RTPD,LMP,LMP_PRC,BATIQTOS_1_N001,ALL,1,2085.4446,3,1
2022-09-02T02:30:00-00:00,2022-09-02T02:45:00-00:00,2022-09-01,20,BATIQTOS_1_N001,BATIQTOS_1_N001,BATIQTOS_1_N001,RTPD,LMP,LMP_PRC,BATIQTOS_1_N001,ALL,1,1991.671,3,1
2022-09-02T03:30:00-00:00,2022-09-02T03:45:00-00:00,2022-09-01,21,BATIQTOS_1_N001,BATIQTOS_1_N001,BATIQTOS_1_N001,RTPD,LMP,LMP_PRC,BATIQTOS_1_N001,ALL,1,226.06233,3,1
2022-09-02T04:30:00-00:00,2022-09-02T04:45:00-00:00,2022-09-01,22,BATIQTOS_1_N001,BATIQTOS_1_N001,BATIQTOS_1_N001,RTPD,LMP,LMP_PRC,BATIQTOS_1_N001,ALL,1,176.5537,3,1
2022-09-02T05:30:00-00:00,2022-09-02T05:45:00-00:00,2022-09-01,23,BATIQTOS_1_N001,BATIQTOS_1_N001,BATIQTOS_1_N001,RTPD,LMP,LMP_PRC,BATIQTOS_1_N001,ALL,1,163.06894,3,1
2022-09-02T06:30:00-00:00,2022-09-02T06:45:00-00:00,2022-09-01,24,BATIQTOS_1_N001,BATIQTOS_1_N001,BATIQTOS_1_N001,RTPD,LMP,LMP_PRC,BATIQTOS_1_N001,ALL,1,152.85204,3,1
2022-09-01T07:45:00-00:00,2022-09-01T08:00:00-00:00,2022-09-01,01,BATIQTOS_1_N001,BATIQTOS_1_N001,BATIQTOS_1_N001,RTPD,LMP,LMP_PRC,BATIQTOS_1_N001,ALL,1,125.74583,4,1
2022-09-01T08:45:00-00:00,2022-09-01T09:00:00-00:00,2022-09-01,02,BATIQTOS_1_N001,BATIQTOS_1_N001,BATIQTOS_1_N001,RTPD,LMP,LMP_PRC,BATIQTOS_1_N001,ALL,1,114.75093,4,1
2022-09-01T09:45:00-00:00,2022-09-01T10:00:00-00:00,2022-09-01,03,BATIQTOS_1_N001,BATIQTOS_1_N001,BATIQTOS_1_N001,RTPD,LMP,LMP_PRC,BATIQTOS_1_N001,ALL,1,113.79975,4,1
2022-09-01T10:45:00-00:00,2022-09-01T11:00:00-00:00,2022-09-01,04,BATIQTOS_1_N001,BATIQTOS_1_N001,BATIQTOS_1_N001,RTPD,LMP,LMP_PRC,BATIQTOS_1_N001,ALL,1,107.32281,4,1
2022-09-01T11:45:00-00:00,2022-09-01T12:00:00-00:00,2022-09-01,05,BATIQTOS_1_N001,BATIQTOS_1_N001,BATIQTOS_1_N001,RTPD,LMP,LMP_PRC,BATIQTOS_1_N001,ALL,1,107.01,4,1
2022-09-01T12:45:00-00:00,2022-09-01T13:00:00-00:00,2022-09-01,06,BATIQTOS_1_N001,BATIQTOS_1_N001,BATIQTOS_1_N001,RTPD,LMP,LMP_PRC,BATIQTOS_1_N001,ALL,1,118.72261,4,1
2022-09-01T13:45:00-00:00,2022-09-01T14:00:00-00:00,2022-09-01,07,BATIQTOS_1_N001,BATIQTOS_1_N001,BATIQTOS_1_N001,RTPD,LMP,LMP_PRC,BATIQTOS_1_N001,ALL,1,141.7975,4,1
2022-09-01T14:45:00-00:00,2022-09-01T15:00:00-00:00,2022-09-01,08,BATIQTOS_1_N001,BATIQTOS_1_N001,BATIQTOS_1_N001,RTPD,LMP,LMP_PRC,BATIQTOS_1_N001,ALL,1,163.4425,4,1
2022-09-01T15:45:00-00:00,2022-09-01T16:00:00-00:00,2022-09-01,09,BATIQTOS_1_N001,BATIQTOS_1_N001,BATIQTOS_1_N001,RTPD,LMP,LMP_PRC,BATIQTOS_1_N001,ALL,1,201.7692,4,1
2022-09-01T16:45:00-00:00,2022-09-01T17:00:00-00:00,2022-09-01,10,BATIQTOS_1_N001,BATIQTOS_1_N001,BATIQTOS_1_N001,RTPD,LMP,LMP_PRC,BATIQTOS_1_N001,ALL,1,202.82637,4,1
2022-09-01T17:45:00-00:00,2022-09-01T18:00:00-00:00,2022-09-01,11,BATIQTOS_1_N001,BATIQTOS_1_N001,BATIQTOS_1_N001,RTPD,LMP,LMP_PRC,BATIQTOS_1_N001,ALL,1,231.71007,4,1
2022-09-01T18:45:00-00:00,2022-09-01T19:00:00-00:00,2022-09-01,12,BATIQTOS_1_N001,BATIQTOS_1_N001,BATIQTOS_1_N001,RTPD,LMP,LMP_PRC,BATIQTOS_1_N001,ALL,1,289.9363,4,1
2022-09-01T19:45:00-00:00,2022-09-01T20:00:00-00:00,2022-09-01,13,BATIQTOS_1_N001,BATIQTOS_1_N001,BATIQTOS_1_N001,RTPD,LMP,LMP_PRC,BATIQTOS_1_N001,ALL,1,254.27325,4,1
2022-09-01T20:45:00-00:00,2022-09-01T21:00:00-00:00,2022-09-01,14,BATIQTOS_1_N001,BATIQTOS_1_N001,BATIQTOS_1_N001,RTPD,LMP,LMP_PRC,BATIQTOS_1_N001,ALL,1,340.17813,4,1
2022-09-01T21:45:00-00:00,2022-09-01T22:00:00-00:00,2022-09-01,15,BATIQTOS_1_N001,BATIQTOS_1_N001,BATIQTOS_1_N001,RTPD,LMP,LMP_PRC,BATIQTOS_1_N001,ALL,1,1146.3696,4,1
2022-09-01T22:45:00-00:00,2022-09-01T23:00:00-00:00,2022-09-01,16,BATIQTOS_1_N001,BATIQTOS_1_N001,BATIQTOS_1_N001,RTPD,LMP,LMP_PRC,BATIQTOS_1_N001,ALL,1,2016.5597,4,1
2022-09-01T23:45:00-00:00,2022-09-02T00:00:00-00:00,2022-09-01,17,BATIQTOS_1_N001,BATIQTOS_1_N001,BATIQTOS_1_N001,RTPD,LMP,LMP_PRC,BATIQTOS_1_N001,ALL,1,3375.4675,4,1
2022-09-02T00:45:00-00:00,2022-09-02T01:00:00-00:00,2022-09-01,18,BATIQTOS_1_N001,BATIQTOS_1_N001,BATIQTOS_1_N001,RTPD,LMP,LMP_PRC,BATIQTOS_1_N001,ALL,1,2756.9248,4,1
2022-09-02T01:45:00-00:00,2022-09-02T02:00:00-00:00,2022-09-01,19,BATIQTOS_1_N001,BATIQTOS_1_N001,BATIQTOS_1_N001,RTPD,LMP,LMP_PRC,BATIQTOS_1_N001,ALL,1,1991.9337,4,1
2022-09-02T02:45:00-00:00,2022-09-02T03:00:00-00:00,2022-09-01,20,BATIQTOS_1_N001,BATIQTOS_1_N001,BATIQTOS_1_N001,RTPD,LMP,LMP_PRC,BATIQTOS_1_N001,ALL,1,2794.6167,4,1
2022-09-02T03:45:00-00:00,2022-09-02T04:00:00-00:00,2022-09-01,21,BATIQTOS_1_N001,BATIQTOS_1_N001,BATIQTOS_1_N001,RTPD,LMP,LMP_PRC,BATIQTOS_1_N001,ALL,1,171.16727,4,1
2022-09-02T04:45:00-00:00,2022-09-02T05:00:00-00:00,2022-09-01,22,BATIQTOS_1_N001,BATIQTOS_1_N001,BATIQTOS_1_N001,RTPD,LMP,LMP_PRC,BATIQTOS_1_N001,ALL,1,151.9353,4,1
2022-09-02T05:45:00-00:00,2022-09-02T06:00:00-00:00,2022-09-01,23,BATIQTOS_1_N001,BATIQTOS_1_N001,BATIQTOS_1_N001,RTPD,LMP,LMP_PRC,BATIQTOS_1_N001,ALL,1,153.54951,4,1
2022-09-02T06:45:00-00:00,2022-09-02T07:00:00-00:00,2022-09-01,24,BATIQTOS_1_N001,BATIQTOS_1_N001,BATIQTOS_1_N001,RTPD,LMP,LMP_PRC,BATIQTOS_1_N001,ALL,1,126.70984,4,1
2022-09-01T07:00:00-00:00,2022-09-01T07:15:00-00:00,2022-09-01,01,BATIQTOS_1_N001,BATIQTOS_1_N001,BATIQTOS_1_N001,RTPD,MCC,LMP_CONG_PRC,BATIQTOS_1_N001,ALL,1,96.31991,1,2
2022-09-01T08:00:00-00:00,2022-09-01T08:15:00-00:00,2022-09-01,02,BATIQTOS_1_N001,BATIQTOS_1_N001,BATIQTOS_1_N001,RTPD,MCC,LMP_CONG_PRC,BATIQTOS_1_N001,ALL,1,3.01699,1,2
2022-09-01T09:00:00-00:00,2022-09-01T09:15:00-00:00,2022-09-01,03,BATIQTOS_1_N001,BATIQTOS_1_N001,BATIQTOS_1_N001,RTPD,MCC,LMP_CONG_PRC,BATIQTOS_1_N001,ALL,1,4.05257,1,2
2022-09-01T10:00:00-00:00,2022-09-01T10:15:00-00:00,2022-09-01,04,BATIQTOS_1_N001,BATIQTOS_1_N001,BATIQTOS_1_N001,RTPD,MCC,LMP_CONG_PRC,BATIQTOS_1_N001,ALL,1,3.56455,1,2
2022-09-01T11:00:00-00:00,2022-09-01T11:15:00-00:00,2022-09-01,05,BATIQTOS_1_N001,BATIQTOS_1_N001,BATIQTOS_1_N001,RTPD,MCC,LMP_CONG_PRC,BATIQTOS_1_N001,ALL,1,0,1,2
2022-09-01T12:00:00-00:00,2022-09-01T12:15:00-00:00,2022-09-01,06,BATIQTOS_1_N001,BATIQTOS_1_N001,BATIQTOS_1_N001,RTPD,MCC,LMP_CONG_PRC,BATIQTOS_1_N001,ALL,1,9.40617,1,2
2022-09-01T13:00:00-00:00,2022-09-01T13:15:00-00:00,2022-09-01,07,BATIQTOS_1_N001,BATIQTOS_1_N001,BATIQTOS_1_N001,RTPD,MCC,LMP_CONG_PRC,BATIQTOS_1_N001,ALL,1,12.77834,1,2
2022-09-01T14:00:00-00:00,2022-09-01T14:15:00-00:00,2022-09-01,08,BATIQTOS_1_N001,BATIQTOS_1_N001,BATIQTOS_1_N001,RTPD,MCC,LMP_CONG_PRC,BATIQTOS_1_N001,ALL,1,65.43665,1,2
2022-09-01T15:00:00-00:00,2022-09-01T15:15:00-00:00,2022-09-01,09,BATIQTOS_1_N001,BATIQTOS_1_N001,BATIQTOS_1_N001,RTPD,MCC,LMP_CONG_PRC,BATIQTOS_1_N001,ALL,1,182.8209,1,2
2022-09-01T16:00:00-00:00,2022-09-01T16:15:00-00:00,2022-09-01,10,BATIQTOS_1_N001,BATIQTOS_1_N001,BATIQTOS_1_N001,RTPD,MCC,LMP_CONG_PRC,BATIQTOS_1_N001,ALL,1,133.99187,1,2
2022-09-01T17:00:00-00:00,2022-09-01T17:15:00-00:00,2022-09-01,11,BATIQTOS_1_N001,BATIQTOS_1_N001,BATIQTOS_1_N001,RTPD,MCC,LMP_CONG_PRC,BATIQTOS_1_N001,ALL,1,131.99446,1,2
2022-09-01T18:00:00-00:00,2022-09-01T18:15:00-00:00,2022-09-01,12,BATIQTOS_1_N001,BATIQTOS_1_N001,BATIQTOS_1_N001,RTPD,MCC,LMP_CONG_PRC,BATIQTOS_1_N001,ALL,1,152.51422,1,2
2022-09-01T19:00:00-00:00,2022-09-01T19:15:00-00:00,2022-09-01,13,BATIQTOS_1_N001,BATIQTOS_1_N001,BATIQTOS_1_N001,RTPD,MCC,LMP_CONG_PRC,BATIQTOS_1_N001,ALL,1,242.1503,1,2
2022-09-01T20:00:00-00:00,2022-09-01T20:15:00-00:00,2022-09-01,14,BATIQTOS_1_N001,BATIQTOS_1_N001,BATIQTOS_1_N001,RTPD,MCC,LMP_CONG_PRC,BATIQTOS_1_N001,ALL,1,56.24834,1,2
2022-09-01T21:00:00-00:00,2022-09-01T21:15:00-00:00,2022-09-01,15,BATIQTOS_1_N001,BATIQTOS_1_N001,BATIQTOS_1_N001,RTPD,MCC,LMP_CONG_PRC,BATIQTOS_1_N001,ALL,1,869.2906,1,2
2022-09-01T22:00:00-00:00,2022-09-01T22:15:00-00:00,2022-09-01,16,BATIQTOS_1_N001,BATIQTOS_1_N001,BATIQTOS_1_N001,RTPD,MCC,LMP_CONG_PRC,BATIQTOS_1_N001,ALL,1,672.67706,1,2
2022-09-01T23:00:00-00:00,2022-09-01T23:15:00-00:00,2022-09-01,17,BATIQTOS_1_N001,BATIQTOS_1_N001,BATIQTOS_1_N001,RTPD,MCC,LMP_CONG_PRC,BATIQTOS_1_N001,ALL,1,1379.9032,1,2
2022-09-02T00:00:00-00:00,2022-09-02T00:15:00-00:00,2022-09-01,18,BATIQTOS_1_N001,BATIQTOS_1_N001,BATIQTOS_1_N001,RTPD,MCC,LMP_CONG_PRC,BATIQTOS_1_N001,ALL,1,978.464,1,2
2022-09-02T01:00:00-00:00,2022-09-02T01:15:00-00:00,2022-09-01,19,BATIQTOS_1_N001,BATIQTOS_1_N001,BATIQTOS_1_N001,RTPD,MCC,LMP_CONG_PRC,BATIQTOS_1_N001,ALL,1,230.9629,1,2
2022-09-02T02:00:00-00:00,2022-09-02T02:15:00-00:00,2022-09-01,20,BATIQTOS_1_N001,BATIQTOS_1_N001,BATIQTOS_1_N001,RTPD,MCC,LMP_CONG_PRC,BATIQTOS_1_N001,ALL,1,327.92816,1,2
2022-09-02T03:00:00-00:00,2022-09-02T03:15:00-00:00,2022-09-01,21,BATIQTOS_1_N001,BATIQTOS_1_N001,BATIQTOS_1_N001,RTPD,MCC,LMP_CONG_PRC,BATIQTOS_1_N001,ALL,1,282.18854,1,2
2022-09-02T04:00:00-00:00,2022-09-02T04:15:00-00:00,2022-09-01,22,BATIQTOS_1_N001,BATIQTOS_1_N001,BATIQTOS_1_N001,RTPD,MCC,LMP_CONG_PRC,BATIQTOS_1_N001,ALL,1,5.28706,1,2
2022-09-02T05:00:00-00:00,2022-09-02T05:15:00-00:00,2022-09-01,23,BATIQTOS_1_N001,BATIQTOS_1_N001,BATIQTOS_1_N001,RTPD,MCC,LMP_CONG_PRC,BATIQTOS_1_N001,ALL,1,15.356,1,2
2022-09-02T06:00:00-00:00,2022-09-02T06:15:00-00:00,2022-09-01,24,BATIQTOS_1_N001,BATIQTOS_1_N001,BATIQTOS_1_N001,RTPD,MCC,LMP_CONG_PRC,BATIQTOS_1_N001,ALL,1,-2.06051,1,2
2022-09-01T07:15:00-00:00,2022-09-01T07:30:00-00:00,2022-09-01,01,BATIQTOS_1_N001,BATIQTOS_1_N001,BATIQTOS_1_N001,RTPD,MCC,LMP_CONG_PRC,BATIQTOS_1_N001,ALL,1,8.91358,2,2
2022-09-01T08:15:00-00:00,2022-09-01T08:30:00-00:00,2022-09-01,02,BATIQTOS_1_N001,BATIQTOS_1_N001,BATIQTOS_1_N001,RTPD,MCC,LMP_CONG_PRC,BATIQTOS_1_N001,ALL,1,0.8235,2,2
2022-09-01T09:15:00-00:00,2022-09-01T09:30:00-00:00,2022-09-01,03,BATIQTOS_1_N001,BATIQTOS_1_N001,BATIQTOS_1_N001,RTPD,MCC,LMP_CONG_PRC,BATIQTOS_1_N001,ALL,1,5.33938,2,2
2022-09-01T10:15:00-00:00,2022-09-01T10:30:00-00:00,2022-09-01,04,BATIQTOS_1_N001,BATIQTOS_1_N001,BATIQTOS_1_N001,RTPD,MCC,LMP_CONG_PRC,BATIQTOS_1_N001,ALL,1,5.04381,2,2
2022-09-01T11:15:00-00:00,2022-09-01T11:30:00-00:00,2022-09-01,05,BATIQTOS_1_N001,BATIQTOS_1_N001,BATIQTOS_1_N001,RTPD,MCC,LMP_CONG_PRC,BATIQTOS_1_N001,ALL,1,0,2,2
2022-09-01T12:15:00-00:00,2022-09-01T12:30:00-00:00,2022-09-01,06,BATIQTOS_1_N001,BATIQTOS_1_N001,BATIQTOS_1_N001,RTPD,MCC,LMP_CONG_PRC,BATIQTOS_1_N001,ALL,1,5.75005,2,2
2022-09-01T13:15:00-00:00,2022-09-01T13:30:00-00:00,2022-09-01,07,BATIQTOS_1_N001,BATIQTOS_1_N001,BATIQTOS_1_N001,RTPD,MCC,LMP_CONG_PRC,BATIQTOS_1_N001,ALL,1,0.54969,2,2
2022-09-01T14:15:00-00:00,2022-09-01T14:30:00-00:00,2022-09-01,08,BATIQTOS_1_N001,BATIQTOS_1_N001,BATIQTOS_1_N001,RTPD,MCC,LMP_CONG_PRC,BATIQTOS_1_N001,ALL,1,83.41204,2,2
2022-09-01T15:15:00-00:00,2022-09-01T15:30:00-00:00,2022-09-01,09,BATIQTOS_1_N001,BATIQTOS_1_N001,BATIQTOS_1_N001,RTPD,MCC,LMP_CONG_PRC,BATIQTOS_1_N001,ALL,1,194.31061,2,2
2022-09-01T16:15:00-00:00,2022-09-01T16:30:00-00:00,2022-09-01,10,BATIQTOS_1_N001,BATIQTOS_1_N001,BATIQTOS_1_N001,RTPD,MCC,LMP_CONG_PRC,BATIQTOS_1_N001,ALL,1,127.10567,2,2
2022-09-01T17:15:00-00:00,2022-09-01T17:30:00-00:00,2022-09-01,11,BATIQTOS_1_N001,BATIQTOS_1_N001,BATIQTOS_1_N001,RTPD,MCC,LMP_CONG_PRC,BATIQTOS_1_N001,ALL,1,141.78201,2,2
2022-09-01T18:15:00-00:00,2022-09-01T18:30:00-00:00,2022-09-01,12,BATIQTOS_1_N001,BATIQTOS_1_N001,BATIQTOS_1_N001,RTPD,MCC,LMP_CONG_PRC,BATIQTOS_1_N001,ALL,1,171.65787,2,2
2022-09-01T19:15:00-00:00,2022-09-01T19:30:00-00:00,2022-09-01,13,BATIQTOS_1_N001,BATIQTOS_1_N001,BATIQTOS_1_N001,RTPD,MCC,LMP_CONG_PRC,BATIQTOS_1_N001,ALL,1,144.15605,2,2
2022-09-01T20:15:00-00:00,2022-09-01T20:30:00-00:00,2022-09-01,14,BATIQTOS_1_N001,BATIQTOS_1_N001,BATIQTOS_1_N001,RTPD,MCC,LMP_CONG_PRC,BATIQTOS_1_N001,ALL,1,87.23609,2,2
2022-09-01T21:15:00-00:00,2022-09-01T21:30:00-00:00,2022-09-01,15,BATIQTOS_1_N001,BATIQTOS_1_N001,BATIQTOS_1_N001,RTPD,MCC,LMP_CONG_PRC,BATIQTOS_1_N001,ALL,1,198.51836,2,2
2022-09-01T22:15:00-00:00,2022-09-01T22:30:00-00:00,2022-09-01,16,BATIQTOS_1_N001,BATIQTOS_1_N001,BATIQTOS_1_N001,RTPD,MCC,LMP_CONG_PRC,BATIQTOS_1_N001,ALL,1,720.87366,2,2
2022-09-01T23:15:00-00:00,2022-09-01T23:30:00-00:00,2022-09-01,17,BATIQTOS_1_N001,BATIQTOS_1_N001,BATIQTOS_1_N001,RTPD,MCC,LMP_CONG_PRC,BATIQTOS_1_N001,ALL,1,1328.6035,2,2
2022-09-02T00:15:00-00:00,2022-09-02T00:30:00-00:00,2022-09-01,18,BATIQTOS_1_N001,BATIQTOS_1_N001,BATIQTOS_1_N001,RTPD,MCC,LMP_CONG_PRC,BATIQTOS_1_N001,ALL,1,904.1467,2,2
2022-09-02T01:15:00-00:00,2022-09-02T01:30:00-00:00,2022-09-01,19,BATIQTOS_1_N001,BATIQTOS_1_N001,BATIQTOS_1_N001,RTPD,MCC,LMP_CONG_PRC,BATIQTOS_1_N001,ALL,1,438,2,2
2022-09-02T02:15:00-00:00,2022-09-02T02:30:00-00:00,2022-09-01,20,BATIQTOS_1_N001,BATIQTOS_1_N001,BATIQTOS_1_N001,RTPD,MCC,LMP_CONG_PRC,BATIQTOS_1_N001,ALL,1,0,2,2
2022-09-02T03:15:00-00:00,2022-09-02T03:30:00-00:00,2022-09-01,21,BATIQTOS_1_N001,BATIQTOS_1_N001,BATIQTOS_1_N001,RTPD,MCC,LMP_CONG_PRC,BATIQTOS_1_N001,ALL,1,99.46369,2,2
2022-09-02T04:15:00-00:00,2022-09-02T04:30:00-00:00,2022-09-01,22,BATIQTOS_1_N001,BATIQTOS_1_N001,BATIQTOS_1_N001,RTPD,MCC,LMP_CONG_PRC,BATIQTOS_1_N001,ALL,1,-56.56348,2,2
2022-09-02T05:15:00-00:00,2022-09-02T05:30:00-00:00,2022-09-01,23,BATIQTOS_1_N001,BATIQTOS_1_N001,BATIQTOS_1_N001,RTPD,MCC,LMP_CONG_PRC,BATIQTOS_1_N001,ALL,1,14.6901,2,2
2022-09-02T06:15:00-00:00,2022-09-02T06:30:00-00:00,2022-09-01,24,BATIQTOS_1_N001,BATIQTOS_1_N001,BATIQTOS_1_N001,RTPD,MCC,LMP_CONG_PRC,BATIQTOS_1_N001,ALL,1,4.89259,2,2
2022-09-01T07:30:00-00:00,2022-09-01T07:45:00-00:00,2022-09-01,01,BATIQTOS_1_N001,BATIQTOS_1_N001,BATIQTOS_1_N001,RTPD,MCC,LMP_CONG_PRC,BATIQTOS_1_N001,ALL,1,14.58525,3,2
2022-09-01T08:30:00-00:00,2022-09-01T08:45:00-00:00,2022-09-01,02,BATIQTOS_1_N001,BATIQTOS_1_N001,BATIQTOS_1_N001,RTPD,MCC,LMP_CONG_PRC,BATIQTOS_1_N001,ALL,1,0.00078,3,2
2022-09-01T09:30:00-00:00,2022-09-01T09:45:00-00:00,2022-09-01,03,BATIQTOS_1_N001,BATIQTOS_1_N001,BATIQTOS_1_N001,RTPD,MCC,LMP_CONG_PRC,BATIQTOS_1_N001,ALL,1,5.29146,3,2
2022-09-01T10:30:00-00:00,2022-09-01T10:45:00-00:00,2022-09-01,04,BATIQTOS_1_N001,BATIQTOS_1_N001,BATIQTOS_1_N001,RTPD,MCC,LMP_CONG_PRC,BATIQTOS_1_N001,ALL,1,2.8519,3,2
2022-09-01T11:30:00-00:00,2022-09-01T11:45:00-00:00,2022-09-01,05,BATIQTOS_1_N001,BATIQTOS_1_N001,BATIQTOS_1_N001,RTPD,MCC,LMP_CONG_PRC,BATIQTOS_1_N001,ALL,1,0,3,2
2022-09-01T12:30:00-00:00,2022-09-01T12:45:00-00:00,2022-09-01,06,BATIQTOS_1_N001,BATIQTOS_1_N001,BATIQTOS_1_N001,RTPD,MCC,LMP_CONG_PRC,BATIQTOS_1_N001,ALL,1,9.95602,3,2
2022-09-01T13:30:00-00:00,2022-09-01T13:45:00-00:00,2022-09-01,07,BATIQTOS_1_N001,BATIQTOS_1_N001,BATIQTOS_1_N001,RTPD,MCC,LMP_CONG_PRC,BATIQTOS_1_N001,ALL,1,6.38634,3,2
2022-09-01T14:30:00-00:00,2022-09-01T14:45:00-00:00,2022-09-01,08,BATIQTOS_1_N001,BATIQTOS_1_N001,BATIQTOS_1_N001,RTPD,MCC,LMP_CONG_PRC,BATIQTOS_1_N001,ALL,1,61.09404,3,2
2022-09-01T15:30:00-00:00,2022-09-01T15:45:00-00:00,2022-09-01,09,BATIQTOS_1_N001,BATIQTOS_1_N001,BATIQTOS_1_N001,RTPD,MCC,LMP_CONG_PRC,BATIQTOS_1_N001,ALL,1,249.77138,3,2
2022-09-01T16:30:00-00:00,2022-09-01T16:45:00-00:00,2022-09-01,10,BATIQTOS_1_N001,BATIQTOS_1_N001,BATIQTOS_1_N001,RTPD,MCC,LMP_CONG_PRC,BATIQTOS_1_N001,ALL,1,113.03603,3,2
2022-09-01T17:30:00-00:00,2022-09-01T17:45:00-00:00,2022-09-01,11,BATIQTOS_1_N001,BATIQTOS_1_N001,BATIQTOS_1_N001,RTPD,MCC,LMP_CONG_PRC,BATIQTOS_1_N001,ALL,1,127.23298,3,2
2022-09-01T18:30:00-00:00,2022-09-01T18:45:00-00:00,2022-09-01,12,BATIQTOS_1_N001,BATIQTOS_1_N001,BATIQTOS_1_N001,RTPD,MCC,LMP_CONG_PRC,BATIQTOS_1_N001,ALL,1,168.6742,3,2
2022-09-01T19:30:00-00:00,2022-09-01T19:45:00-00:00,2022-09-01,13,BATIQTOS_1_N001,BATIQTOS_1_N001,BATIQTOS_1_N001,RTPD,MCC,LMP_CONG_PRC,BATIQTOS_1_N001,ALL,1,127.16373,3,2
2022-09-01T20:30:00-00:00,2022-09-01T20:45:00-00:00,2022-09-01,14,BATIQTOS_1_N001,BATIQTOS_1_N001,BATIQTOS_1_N001,RTPD,MCC,LMP_CONG_PRC,BATIQTOS_1_N001,ALL,1,136.27599,3,2
2022-09-01T21:30:00-00:00,2022-09-01T21:45:00-00:00,2022-09-01,15,BATIQTOS_1_N001,BATIQTOS_1_N001,BATIQTOS_1_N001,RTPD,MCC,LMP_CONG_PRC,BATIQTOS_1_N001,ALL,1,227.53072,3,2
2022-09-01T22:30:00-00:00,2022-09-01T22:45:00-00:00,2022-09-01,16,BATIQTOS_1_N001,BATIQTOS_1_N001,BATIQTOS_1_N001,RTPD,MCC,LMP_CONG_PRC,BATIQTOS_1_N001,ALL,1,866.8488,3,2
2022-09-01T23:30:00-00:00,2022-09-01T23:45:00-00:00,2022-09-01,17,BATIQTOS_1_N001,BATIQTOS_1_N001,BATIQTOS_1_N001,RTPD,MCC,LMP_CONG_PRC,BATIQTOS_1_N001,ALL,1,1246.6527,3,2
2022-09-02T00:30:00-00:00,2022-09-02T00:45:00-00:00,2022-09-01,18,BATIQTOS_1_N001,BATIQTOS_1_N001,BATIQTOS_1_N001,RTPD,MCC,LMP_CONG_PRC,BATIQTOS_1_N001,ALL,1,682.0294,3,2
2022-09-02T01:30:00-00:00,2022-09-02T01:45:00-00:00,2022-09-01,19,BATIQTOS_1_N001,BATIQTOS_1_N001,BATIQTOS_1_N001,RTPD,MCC,LMP_CONG_PRC,BATIQTOS_1_N001,ALL,1,85.44903,3,2
2022-09-02T02:30:00-00:00,2022-09-02T02:45:00-00:00,2022-09-01,20,BATIQTOS_1_N001,BATIQTOS_1_N001,BATIQTOS_1_N001,RTPD,MCC,LMP_CONG_PRC,BATIQTOS_1_N001,ALL,1,0,3,2
2022-09-02T03:30:00-00:00,2022-09-02T03:45:00-00:00,2022-09-01,21,BATIQTOS_1_N001,BATIQTOS_1_N001,BATIQTOS_1_N001,RTPD,MCC,LMP_CONG_PRC,BATIQTOS_1_N001,ALL,1,23.76818,3,2
2022-09-02T04:30:00-00:00,2022-09-02T04:45:00-00:00,2022-09-01,22,BATIQTOS_1_N001,BATIQTOS_1_N001,BATIQTOS_1_N001,RTPD,MCC,LMP_CONG_PRC,BATIQTOS_1_N001,ALL,1,-25.69753,3,2
2022-09-02T05:30:00-00:00,2022-09-02T05:45:00-00:00,2022-09-01,23,BATIQTOS_1_N001,BATIQTOS_1_N001,BATIQTOS_1_N001,RTPD,MCC,LMP_CONG_PRC,BATIQTOS_1_N001,ALL,1,17.0409,3,2
2022-09-02T06:30:00-00:00,2022-09-02T06:45:00-00:00,2022-09-01,24,BATIQTOS_1_N001,BATIQTOS_1_N001,BATIQTOS_1_N001,RTPD,MCC,LMP_CONG_PRC,BATIQTOS_1_N001,ALL,1,10.75982,3,2
2022-09-01T07:45:00-00:00,2022-09-01T08:00:00-00:00,2022-09-01,01,BATIQTOS_1_N001,BATIQTOS_1_N001,BATIQTOS_1_N001,RTPD,MCC,LMP_CONG_PRC,BATIQTOS_1_N001,ALL,1,16.62484,4,2
2022-09-01T08:45:00-00:00,2022-09-01T09:00:00-00:00,2022-09-01,02,BATIQTOS_1_N001,BATIQTOS_1_N001,BATIQTOS_1_N001,RTPD,MCC,LMP_CONG_PRC,BATIQTOS_1_N001,ALL,1,4.05834,4,2
2022-09-01T09:45:00-00:00,2022-09-01T10:00:00-00:00,2022-09-01,03,BATIQTOS_1_N001,BATIQTOS_1_N001,BATIQTOS_1_N001,RTPD,MCC,LMP_CONG_PRC,BATIQTOS_1_N001,ALL,1,4.77969,4,2
2022-09-01T10:45:00-00:00,2022-09-01T11:00:00-00:00,2022-09-01,04,BATIQTOS_1_N001,BATIQTOS_1_N001,BATIQTOS_1_N001,RTPD,MCC,LMP_CONG_PRC,BATIQTOS_1_N001,ALL,1,1.12313,4,2
2022-09-01T11:45:00-00:00,2022-09-01T12:00:00-00:00,2022-09-01,05,BATIQTOS_1_N001,BATIQTOS_1_N001,BATIQTOS_1_N001,RTPD,MCC,LMP_CONG_PRC,BATIQTOS_1_N001,ALL,1,0,4,2
2022-09-01T12:45:00-00:00,2022-09-01T13:00:00-00:00,2022-09-01,06,BATIQTOS_1_N001,BATIQTOS_1_N001,BATIQTOS_1_N001,RTPD,MCC,LMP_CONG_PRC,BATIQTOS_1_N001,ALL,1,2.2378,4,2
2022-09-01T13:45:00-00:00,2022-09-01T14:00:00-00:00,2022-09-01,07,BATIQTOS_1_N001,BATIQTOS_1_N001,BATIQTOS_1_N001,RTPD,MCC,LMP_CONG_PRC,BATIQTOS_1_N001,ALL,1,30.3875,4,2
2022-09-01T14:45:00-00:00,2022-09-01T15:00:00-00:00,2022-09-01,08,BATIQTOS_1_N001,BATIQTOS_1_N001,BATIQTOS_1_N001,RTPD,MCC,LMP_CONG_PRC,BATIQTOS_1_N001,ALL,1,77.30371,4,2
2022-09-01T15:45:00-00:00,2022-09-01T16:00:00-00:00,2022-09-01,09,BATIQTOS_1_N001,BATIQTOS_1_N001,BATIQTOS_1_N001,RTPD,MCC,LMP_CONG_PRC,BATIQTOS_1_N001,ALL,1,123.06844,4,2
2022-09-01T16:45:00-00:00,2022-09-01T17:00:00-00:00,2022-09-01,10,BATIQTOS_1_N001,BATIQTOS_1_N001,BATIQTOS_1_N001,RTPD,MCC,LMP_CONG_PRC,BATIQTOS_1_N001,ALL,1,111.57704,4,2
2022-09-01T17:45:00-00:00,2022-09-01T18:00:00-00:00,2022-09-01,11,BATIQTOS_1_N001,BATIQTOS_1_N001,BATIQTOS_1_N001,RTPD,MCC,LMP_CONG_PRC,BATIQTOS_1_N001,ALL,1,132.50462,4,2
2022-09-01T18:45:00-00:00,2022-09-01T19:00:00-00:00,2022-09-01,12,BATIQTOS_1_N001,BATIQTOS_1_N001,BATIQTOS_1_N001,RTPD,MCC,LMP_CONG_PRC,BATIQTOS_1_N001,ALL,1,180.89566,4,2
2022-09-01T19:45:00-00:00,2022-09-01T20:00:00-00:00,2022-09-01,13,BATIQTOS_1_N001,BATIQTOS_1_N001,BATIQTOS_1_N001,RTPD,MCC,LMP_CONG_PRC,BATIQTOS_1_N001,ALL,1,134.04836,4,2
2022-09-01T20:45:00-00:00,2022-09-01T21:00:00-00:00,2022-09-01,14,BATIQTOS_1_N001,BATIQTOS_1_N001,BATIQTOS_1_N001,RTPD,MCC,LMP_CONG_PRC,BATIQTOS_1_N001,ALL,1,186.15303,4,2
2022-09-01T21:45:00-00:00,2022-09-01T22:00:00-00:00,2022-09-01,15,BATIQTOS_1_N001,BATIQTOS_1_N001,BATIQTOS_1_N001,RTPD,MCC,LMP_CONG_PRC,BATIQTOS_1_N001,ALL,1,846.07587,4,2
2022-09-01T22:45:00-00:00,2022-09-01T23:00:00-00:00,2022-09-01,16,BATIQTOS_1_N001,BATIQTOS_1_N001,BATIQTOS_1_N001,RTPD,MCC,LMP_CONG_PRC,BATIQTOS_1_N001,ALL,1,1586.646,4,2
2022-09-01T23:45:00-00:00,2022-09-02T00:00:00-00:00,2022-09-01,17,BATIQTOS_1_N001,BATIQTOS_1_N001,BATIQTOS_1_N001,RTPD,MCC,LMP_CONG_PRC,BATIQTOS_1_N001,ALL,1,2114.2551,4,2
2022-09-02T00:45:00-00:00,2022-09-02T01:00:00-00:00,2022-09-01,18,BATIQTOS_1_N001,BATIQTOS_1_N001,BATIQTOS_1_N001,RTPD,MCC,LMP_CONG_PRC,BATIQTOS_1_N001,ALL,1,1237.7759,4,2
2022-09-02T01:45:00-00:00,2022-09-02T02:00:00-00:00,2022-09-01,19,BATIQTOS_1_N001,BATIQTOS_1_N001,BATIQTOS_1_N001,RTPD,MCC,LMP_CONG_PRC,BATIQTOS_1_N001,ALL,1,0,4,2
2022-09-02T02:45:00-00:00,2022-09-02T03:00:00-00:00,2022-09-01,20,BATIQTOS_1_N001,BATIQTOS_1_N001,BATIQTOS_1_N001,RTPD,MCC,LMP_CONG_PRC,BATIQTOS_1_N001,ALL,1,954.7743,4,2
2022-09-02T03:45:00-00:00,2022-09-02T04:00:00-00:00,2022-09-01,21,BATIQTOS_1_N001,BATIQTOS_1_N001,BATIQTOS_1_N001,RTPD,MCC,LMP_CONG_PRC,BATIQTOS_1_N001,ALL,1,15.74718,4,2
2022-09-02T04:45:00-00:00,2022-09-02T05:00:00-00:00,2022-09-01,22,BATIQTOS_1_N001,BATIQTOS_1_N001,BATIQTOS_1_N001,RTPD,MCC,LMP_CONG_PRC,BATIQTOS_1_N001,ALL,1,10.97405,4,2
2022-09-02T05:45:00-00:00,2022-09-02T06:00:00-00:00,2022-09-01,23,BATIQTOS_1_N001,BATIQTOS_1_N001,BATIQTOS_1_N001,RTPD,MCC,LMP_CONG_PRC,BATIQTOS_1_N001,ALL,1,21.84162,4,2
2022-09-02T06:45:00-00:00,2022-09-02T07:00:00-00:00,2022-09-01,24,BATIQTOS_1_N001,BATIQTOS_1_N001,BATIQTOS_1_N001,RTPD,MCC,LMP_CONG_PRC,BATIQTOS_1_N001,ALL,1,6.72825,4,2
2022-09-01T07:00:00-00:00,2022-09-01T07:15:00-00:00,2022-09-01,01,BATIQTOS_1_N001,BATIQTOS_1_N001,BATIQTOS_1_N001,RTPD,MCE,LMP_ENE_PRC,BATIQTOS_1_N001,ALL,1,104.23471,1,3
2022-09-01T08:00:00-00:00,2022-09-01T08:15:00-00:00,2022-09-01,02,BATIQTOS_1_N001,BATIQTOS_1_N001,BATIQTOS_1_N001,RTPD,MCE,LMP_ENE_PRC,BATIQTOS_1_N001,ALL,1,115.5488,1,3
2022-09-01T09:00:00-00:00,2022-09-01T09:15:00-00:00,2022-09-01,03,BATIQTOS_1_N001,BATIQTOS_1_N001,BATIQTOS_1_N001,RTPD,MCE,LMP_ENE_PRC,BATIQTOS_1_N001,ALL,1,99.73061,1,3
2022-09-01T10:00:00-00:00,2022-09-01T10:15:00-00:00,2022-09-01,04,BATIQTOS_1_N001,BATIQTOS_1_N001,BATIQTOS_1_N001,RTPD,MCE,LMP_ENE_PRC,BATIQTOS_1_N001,ALL,1,98.64222,1,3
2022-09-01T11:00:00-00:00,2022-09-01T11:15:00-00:00,2022-09-01,05,BATIQTOS_1_N001,BATIQTOS_1_N001,BATIQTOS_1_N001,RTPD,MCE,LMP_ENE_PRC,BATIQTOS_1_N001,ALL,1,102.56859,1,3
2022-09-01T12:00:00-00:00,2022-09-01T12:15:00-00:00,2022-09-01,06,BATIQTOS_1_N001,BATIQTOS_1_N001,BATIQTOS_1_N001,RTPD,MCE,LMP_ENE_PRC,BATIQTOS_1_N001,ALL,1,96.90845,1,3
2022-09-01T13:00:00-00:00,2022-09-01T13:15:00-00:00,2022-09-01,07,BATIQTOS_1_N001,BATIQTOS_1_N001,BATIQTOS_1_N001,RTPD,MCE,LMP_ENE_PRC,BATIQTOS_1_N001,ALL,1,101.80878,1,3
2022-09-01T14:00:00-00:00,2022-09-01T14:15:00-00:00,2022-09-01,08,BATIQTOS_1_N001,BATIQTOS_1_N001,BATIQTOS_1_N001,RTPD,MCE,LMP_ENE_PRC,BATIQTOS_1_N001,ALL,1,111.11219,1,3
2022-09-01T15:00:00-00:00,2022-09-01T15:15:00-00:00,2022-09-01,09,BATIQTOS_1_N001,BATIQTOS_1_N001,BATIQTOS_1_N001,RTPD,MCE,LMP_ENE_PRC,BATIQTOS_1_N001,ALL,1,97.4112,1,3
2022-09-01T16:00:00-00:00,2022-09-01T16:15:00-00:00,2022-09-01,10,BATIQTOS_1_N001,BATIQTOS_1_N001,BATIQTOS_1_N001,RTPD,MCE,LMP_ENE_PRC,BATIQTOS_1_N001,ALL,1,83.43525,1,3
2022-09-01T17:00:00-00:00,2022-09-01T17:15:00-00:00,2022-09-01,11,BATIQTOS_1_N001,BATIQTOS_1_N001,BATIQTOS_1_N001,RTPD,MCE,LMP_ENE_PRC,BATIQTOS_1_N001,ALL,1,96.94897,1,3
2022-09-01T18:00:00-00:00,2022-09-01T18:15:00-00:00,2022-09-01,12,BATIQTOS_1_N001,BATIQTOS_1_N001,BATIQTOS_1_N001,RTPD,MCE,LMP_ENE_PRC,BATIQTOS_1_N001,ALL,1,91.59291,1,3
2022-09-01T19:00:00-00:00,2022-09-01T19:15:00-00:00,2022-09-01,13,BATIQTOS_1_N001,BATIQTOS_1_N001,BATIQTOS_1_N001,RTPD,MCE,LMP_ENE_PRC,BATIQTOS_1_N001,ALL,1,109.19637,1,3
2022-09-01T20:00:00-00:00,2022-09-01T20:15:00-00:00,2022-09-01,14,BATIQTOS_1_N001,BATIQTOS_1_N001,BATIQTOS_1_N001,RTPD,MCE,LMP_ENE_PRC,BATIQTOS_1_N001,ALL,1,117.94359,1,3
2022-09-01T21:00:00-00:00,2022-09-01T21:15:00-00:00,2022-09-01,15,BATIQTOS_1_N001,BATIQTOS_1_N001,BATIQTOS_1_N001,RTPD,MCE,LMP_ENE_PRC,BATIQTOS_1_N001,ALL,1,226.61499,1,3
2022-09-01T22:00:00-00:00,2022-09-01T22:15:00-00:00,2022-09-01,16,BATIQTOS_1_N001,BATIQTOS_1_N001,BATIQTOS_1_N001,RTPD,MCE,LMP_ENE_PRC,BATIQTOS_1_N001,ALL,1,229.18552,1,3
2022-09-01T23:00:00-00:00,2022-09-01T23:15:00-00:00,2022-09-01,17,BATIQTOS_1_N001,BATIQTOS_1_N001,BATIQTOS_1_N001,RTPD,MCE,LMP_ENE_PRC,BATIQTOS_1_N001,ALL,1,386.7537,1,3
2022-09-02T00:00:00-00:00,2022-09-02T00:15:00-00:00,2022-09-01,18,BATIQTOS_1_N001,BATIQTOS_1_N001,BATIQTOS_1_N001,RTPD,MCE,LMP_ENE_PRC,BATIQTOS_1_N001,ALL,1,770.58136,1,3
2022-09-02T01:00:00-00:00,2022-09-02T01:15:00-00:00,2022-09-01,19,BATIQTOS_1_N001,BATIQTOS_1_N001,BATIQTOS_1_N001,RTPD,MCE,LMP_ENE_PRC,BATIQTOS_1_N001,ALL,1,916.27124,1,3
2022-09-02T02:00:00-00:00,2022-09-02T02:15:00-00:00,2022-09-01,20,BATIQTOS_1_N001,BATIQTOS_1_N001,BATIQTOS_1_N001,RTPD,MCE,LMP_ENE_PRC,BATIQTOS_1_N001,ALL,1,1991.6721,1,3
2022-09-02T03:00:00-00:00,2022-09-02T03:15:00-00:00,2022-09-01,21,BATIQTOS_1_N001,BATIQTOS_1_N001,BATIQTOS_1_N001,RTPD,MCE,LMP_ENE_PRC,BATIQTOS_1_N001,ALL,1,917.5508,1,3
2022-09-02T04:00:00-00:00,2022-09-02T04:15:00-00:00,2022-09-01,22,BATIQTOS_1_N001,BATIQTOS_1_N001,BATIQTOS_1_N001,RTPD,MCE,LMP_ENE_PRC,BATIQTOS_1_N001,ALL,1,257.83005,1,3
2022-09-02T05:00:00-00:00,2022-09-02T05:15:00-00:00,2022-09-01,23,BATIQTOS_1_N001,BATIQTOS_1_N001,BATIQTOS_1_N001,RTPD,MCE,LMP_ENE_PRC,BATIQTOS_1_N001,ALL,1,183.24657,1,3
2022-09-02T06:00:00-00:00,2022-09-02T06:15:00-00:00,2022-09-01,24,BATIQTOS_1_N001,BATIQTOS_1_N001,BATIQTOS_1_N001,RTPD,MCE,LMP_ENE_PRC,BATIQTOS_1_N001,ALL,1,158.867,1,3
2022-09-01T07:15:00-00:00,2022-09-01T07:30:00-00:00,2022-09-01,01,BATIQTOS_1_N001,BATIQTOS_1_N001,BATIQTOS_1_N001,RTPD,MCE,LMP_ENE_PRC,BATIQTOS_1_N001,ALL,1,125.55144,2,3
2022-09-01T08:15:00-00:00,2022-09-01T08:30:00-00:00,2022-09-01,02,BATIQTOS_1_N001,BATIQTOS_1_N001,BATIQTOS_1_N001,RTPD,MCE,LMP_ENE_PRC,BATIQTOS_1_N001,ALL,1,115.53165,2,3
2022-09-01T09:15:00-00:00,2022-09-01T09:30:00-00:00,2022-09-01,03,BATIQTOS_1_N001,BATIQTOS_1_N001,BATIQTOS_1_N001,RTPD,MCE,LMP_ENE_PRC,BATIQTOS_1_N001,ALL,1,98.30543,2,3
2022-09-01T10:15:00-00:00,2022-09-01T10:30:00-00:00,2022-09-01,04,BATIQTOS_1_N001,BATIQTOS_1_N001,BATIQTOS_1_N001,RTPD,MCE,LMP_ENE_PRC,BATIQTOS_1_N001,ALL,1,97.00684,2,3
2022-09-01T11:15:00-00:00,2022-09-01T11:30:00-00:00,2022-09-01,05,BATIQTOS_1_N001,BATIQTOS_1_N001,BATIQTOS_1_N001,RTPD,MCE,LMP_ENE_PRC,BATIQTOS_1_N001,ALL,1,103.09059,2,3
2022-09-01T12:15:00-00:00,2022-09-01T12:30:00-00:00,2022-09-01,06,BATIQTOS_1_N001,BATIQTOS_1_N001,BATIQTOS_1_N001,RTPD,MCE,LMP_ENE_PRC,BATIQTOS_1_N001,ALL,1,109.32203,2,3
2022-09-01T13:15:00-00:00,2022-09-01T13:30:00-00:00,2022-09-01,07,BATIQTOS_1_N001,BATIQTOS_1_N001,BATIQTOS_1_N001,RTPD,MCE,LMP_ENE_PRC,BATIQTOS_1_N001,ALL,1,110.97827,2,3
2022-09-01T14:15:00-00:00,2022-09-01T14:30:00-00:00,2022-09-01,08,BATIQTOS_1_N001,BATIQTOS_1_N001,BATIQTOS_1_N001,RTPD,MCE,LMP_ENE_PRC,BATIQTOS_1_N001,ALL,1,104.78743,2,3
2022-09-01T15:15:00-00:00,2022-09-01T15:30:00-00:00,2022-09-01,09,BATIQTOS_1_N001,BATIQTOS_1_N001,BATIQTOS_1_N001,RTPD,MCE,LMP_ENE_PRC,BATIQTOS_1_N001,ALL,1,86.9388,2,3
2022-09-01T16:15:00-00:00,2022-09-01T16:30:00-00:00,2022-09-01,10,BATIQTOS_1_N001,BATIQTOS_1_N001,BATIQTOS_1_N001,RTPD,MCE,LMP_ENE_PRC,BATIQTOS_1_N001,ALL,1,89.44858,2,3
2022-09-01T17:15:00-00:00,2022-09-01T17:30:00-00:00,2022-09-01,11,BATIQTOS_1_N001,BATIQTOS_1_N001,BATIQTOS_1_N001,RTPD,MCE,LMP_ENE_PRC,BATIQTOS_1_N001,ALL,1,99.34673,2,3
2022-09-01T18:15:00-00:00,2022-09-01T18:30:00-00:00,2022-09-01,12,BATIQTOS_1_N001,BATIQTOS_1_N001,BATIQTOS_1_N001,RTPD,MCE,LMP_ENE_PRC,BATIQTOS_1_N001,ALL,1,101.15901,2,3
2022-09-01T19:15:00-00:00,2022-09-01T19:30:00-00:00,2022-09-01,13,BATIQTOS_1_N001,BATIQTOS_1_N001,BATIQTOS_1_N001,RTPD,MCE,LMP_ENE_PRC,BATIQTOS_1_N001,ALL,1,105.30588,2,3
2022-09-01T20:15:00-00:00,2022-09-01T20:30:00-00:00,2022-09-01,14,BATIQTOS_1_N001,BATIQTOS_1_N001,BATIQTOS_1_N001,RTPD,MCE,LMP_ENE_PRC,BATIQTOS_1_N001,ALL,1,117.49421,2,3
2022-09-01T21:15:00-00:00,2022-09-01T21:30:00-00:00,2022-09-01,15,BATIQTOS_1_N001,BATIQTOS_1_N001,BATIQTOS_1_N001,RTPD,MCE,LMP_ENE_PRC,BATIQTOS_1_N001,ALL,1,147.21185,2,3
2022-09-01T22:15:00-00:00,2022-09-01T22:30:00-00:00,2022-09-01,16,BATIQTOS_1_N001,BATIQTOS_1_N001,BATIQTOS_1_N001,RTPD,MCE,LMP_ENE_PRC,BATIQTOS_1_N001,ALL,1,256.58734,2,3
2022-09-01T23:15:00-00:00,2022-09-01T23:30:00-00:00,2022-09-01,17,BATIQTOS_1_N001,BATIQTOS_1_N001,BATIQTOS_1_N001,RTPD,MCE,LMP_ENE_PRC,BATIQTOS_1_N001,ALL,1,362.12408,2,3
2022-09-02T00:15:00-00:00,2022-09-02T00:30:00-00:00,2022-09-01,18,BATIQTOS_1_N001,BATIQTOS_1_N001,BATIQTOS_1_N001,RTPD,MCE,LMP_ENE_PRC,BATIQTOS_1_N001,ALL,1,691.2182,2,3
2022-09-02T01:15:00-00:00,2022-09-02T01:30:00-00:00,2022-09-01,19,BATIQTOS_1_N001,BATIQTOS_1_N001,BATIQTOS_1_N001,RTPD,MCE,LMP_ENE_PRC,BATIQTOS_1_N001,ALL,1,1999.9933,2,3
2022-09-02T02:15:00-00:00,2022-09-02T02:30:00-00:00,2022-09-01,20,BATIQTOS_1_N001,BATIQTOS_1_N001,BATIQTOS_1_N001,RTPD,MCE,LMP_ENE_PRC,BATIQTOS_1_N001,ALL,1,1991.6721,2,3
2022-09-02T03:15:00-00:00,2022-09-02T03:30:00-00:00,2022-09-01,21,BATIQTOS_1_N001,BATIQTOS_1_N001,BATIQTOS_1_N001,RTPD,MCE,LMP_ENE_PRC,BATIQTOS_1_N001,ALL,1,400.52884,2,3
2022-09-02T04:15:00-00:00,2022-09-02T04:30:00-00:00,2022-09-01,22,BATIQTOS_1_N001,BATIQTOS_1_N001,BATIQTOS_1_N001,RTPD,MCE,LMP_ENE_PRC,BATIQTOS_1_N001,ALL,1,224.75041,2,3
2022-09-02T05:15:00-00:00,2022-09-02T05:30:00-00:00,2022-09-01,23,BATIQTOS_1_N001,BATIQTOS_1_N001,BATIQTOS_1_N001,RTPD,MCE,LMP_ENE_PRC,BATIQTOS_1_N001,ALL,1,157.11986,2,3
2022-09-02T06:15:00-00:00,2022-09-02T06:30:00-00:00,2022-09-01,24,BATIQTOS_1_N001,BATIQTOS_1_N001,BATIQTOS_1_N001,RTPD,MCE,LMP_ENE_PRC,BATIQTOS_1_N001,ALL,1,143.1005,2,3
2022-09-01T07:30:00-00:00,2022-09-01T07:45:00-00:00,2022-09-01,01,BATIQTOS_1_N001,BATIQTOS_1_N001,BATIQTOS_1_N001,RTPD,MCE,LMP_ENE_PRC,BATIQTOS_1_N001,ALL,1,119.03196,3,3
2022-09-01T08:30:00-00:00,2022-09-01T08:45:00-00:00,2022-09-01,02,BATIQTOS_1_N001,BATIQTOS_1_N001,BATIQTOS_1_N001,RTPD,MCE,LMP_ENE_PRC,BATIQTOS_1_N001,ALL,1,111.11241,3,3
2022-09-01T09:30:00-00:00,2022-09-01T09:45:00-00:00,2022-09-01,03,BATIQTOS_1_N001,BATIQTOS_1_N001,BATIQTOS_1_N001,RTPD,MCE,LMP_ENE_PRC,BATIQTOS_1_N001,ALL,1,98.16228,3,3
2022-09-01T10:30:00-00:00,2022-09-01T10:45:00-00:00,2022-09-01,04,BATIQTOS_1_N001,BATIQTOS_1_N001,BATIQTOS_1_N001,RTPD,MCE,LMP_ENE_PRC,BATIQTOS_1_N001,ALL,1,96.36226,3,3
2022-09-01T11:30:00-00:00,2022-09-01T11:45:00-00:00,2022-09-01,05,BATIQTOS_1_N001,BATIQTOS_1_N001,BATIQTOS_1_N001,RTPD,MCE,LMP_ENE_PRC,BATIQTOS_1_N001,ALL,1,103.06198,3,3
2022-09-01T12:30:00-00:00,2022-09-01T12:45:00-00:00,2022-09-01,06,BATIQTOS_1_N001,BATIQTOS_1_N001,BATIQTOS_1_N001,RTPD,MCE,LMP_ENE_PRC,BATIQTOS_1_N001,ALL,1,113.57403,3,3
2022-09-01T13:30:00-00:00,2022-09-01T13:45:00-00:00,2022-09-01,07,BATIQTOS_1_N001,BATIQTOS_1_N001,BATIQTOS_1_N001,RTPD,MCE,LMP_ENE_PRC,BATIQTOS_1_N001,ALL,1,111.52025,3,3
2022-09-01T14:30:00-00:00,2022-09-01T14:45:00-00:00,2022-09-01,08,BATIQTOS_1_N001,BATIQTOS_1_N001,BATIQTOS_1_N001,RTPD,MCE,LMP_ENE_PRC,BATIQTOS_1_N001,ALL,1,101.83428,3,3
2022-09-01T15:30:00-00:00,2022-09-01T15:45:00-00:00,2022-09-01,09,BATIQTOS_1_N001,BATIQTOS_1_N001,BATIQTOS_1_N001,RTPD,MCE,LMP_ENE_PRC,BATIQTOS_1_N001,ALL,1,86.1388,3,3
2022-09-01T16:30:00-00:00,2022-09-01T16:45:00-00:00,2022-09-01,10,BATIQTOS_1_N001,BATIQTOS_1_N001,BATIQTOS_1_N001,RTPD,MCE,LMP_ENE_PRC,BATIQTOS_1_N001,ALL,1,88.79644,3,3
2022-09-01T17:30:00-00:00,2022-09-01T17:45:00-00:00,2022-09-01,11,BATIQTOS_1_N001,BATIQTOS_1_N001,BATIQTOS_1_N001,RTPD,MCE,LMP_ENE_PRC,BATIQTOS_1_N001,ALL,1,99.13013,3,3
2022-09-01T18:30:00-00:00,2022-09-01T18:45:00-00:00,2022-09-01,12,BATIQTOS_1_N001,BATIQTOS_1_N001,BATIQTOS_1_N001,RTPD,MCE,LMP_ENE_PRC,BATIQTOS_1_N001,ALL,1,107.05718,3,3
2022-09-01T19:30:00-00:00,2022-09-01T19:45:00-00:00,2022-09-01,13,BATIQTOS_1_N001,BATIQTOS_1_N001,BATIQTOS_1_N001,RTPD,MCE,LMP_ENE_PRC,BATIQTOS_1_N001,ALL,1,114.05905,3,3
2022-09-01T20:30:00-00:00,2022-09-01T20:45:00-00:00,2022-09-01,14,BATIQTOS_1_N001,BATIQTOS_1_N001,BATIQTOS_1_N001,RTPD,MCE,LMP_ENE_PRC,BATIQTOS_1_N001,ALL,1,129.81606,3,3
2022-09-01T21:30:00-00:00,2022-09-01T21:45:00-00:00,2022-09-01,15,BATIQTOS_1_N001,BATIQTOS_1_N001,BATIQTOS_1_N001,RTPD,MCE,LMP_ENE_PRC,BATIQTOS_1_N001,ALL,1,152.93057,3,3
2022-09-01T22:30:00-00:00,2022-09-01T22:45:00-00:00,2022-09-01,16,BATIQTOS_1_N001,BATIQTOS_1_N001,BATIQTOS_1_N001,RTPD,MCE,LMP_ENE_PRC,BATIQTOS_1_N001,ALL,1,283.18182,3,3
2022-09-01T23:30:00-00:00,2022-09-01T23:45:00-00:00,2022-09-01,17,BATIQTOS_1_N001,BATIQTOS_1_N001,BATIQTOS_1_N001,RTPD,MCE,LMP_ENE_PRC,BATIQTOS_1_N001,ALL,1,566.48157,3,3
2022-09-02T00:30:00-00:00,2022-09-02T00:45:00-00:00,2022-09-01,18,BATIQTOS_1_N001,BATIQTOS_1_N001,BATIQTOS_1_N001,RTPD,MCE,LMP_ENE_PRC,BATIQTOS_1_N001,ALL,1,1329.1127,3,3
2022-09-02T01:30:00-00:00,2022-09-02T01:45:00-00:00,2022-09-01,19,BATIQTOS_1_N001,BATIQTOS_1_N001,BATIQTOS_1_N001,RTPD,MCE,LMP_ENE_PRC,BATIQTOS_1_N001,ALL,1,1999.9956,3,3
2022-09-02T02:30:00-00:00,2022-09-02T02:45:00-00:00,2022-09-01,20,BATIQTOS_1_N001,BATIQTOS_1_N001,BATIQTOS_1_N001,RTPD,MCE,LMP_ENE_PRC,BATIQTOS_1_N001,ALL,1,1991.671,3,3
2022-09-02T03:30:00-00:00,2022-09-02T03:45:00-00:00,2022-09-01,21,BATIQTOS_1_N001,BATIQTOS_1_N001,BATIQTOS_1_N001,RTPD,MCE,LMP_ENE_PRC,BATIQTOS_1_N001,ALL,1,186.61823,3,3
2022-09-02T04:30:00-00:00,2022-09-02T04:45:00-00:00,2022-09-01,22,BATIQTOS_1_N001,BATIQTOS_1_N001,BATIQTOS_1_N001,RTPD,MCE,LMP_ENE_PRC,BATIQTOS_1_N001,ALL,1,180.67824,3,3
2022-09-02T05:30:00-00:00,2022-09-02T05:45:00-00:00,2022-09-01,23,BATIQTOS_1_N001,BATIQTOS_1_N001,BATIQTOS_1_N001,RTPD,MCE,LMP_ENE_PRC,BATIQTOS_1_N001,ALL,1,131.69917,3,3
2022-09-02T06:30:00-00:00,2022-09-02T06:45:00-00:00,2022-09-01,24,BATIQTOS_1_N001,BATIQTOS_1_N001,BATIQTOS_1_N001,RTPD,MCE,LMP_ENE_PRC,BATIQTOS_1_N001,ALL,1,128.9871,3,3
2022-09-01T07:45:00-00:00,2022-09-01T08:00:00-00:00,2022-09-01,01,BATIQTOS_1_N001,BATIQTOS_1_N001,BATIQTOS_1_N001,RTPD,MCE,LMP_ENE_PRC,BATIQTOS_1_N001,ALL,1,109.12099,4,3
2022-09-01T08:45:00-00:00,2022-09-01T09:00:00-00:00,2022-09-01,02,BATIQTOS_1_N001,BATIQTOS_1_N001,BATIQTOS_1_N001,RTPD,MCE,LMP_ENE_PRC,BATIQTOS_1_N001,ALL,1,98.7357,4,3
2022-09-01T09:45:00-00:00,2022-09-01T10:00:00-00:00,2022-09-01,03,BATIQTOS_1_N001,BATIQTOS_1_N001,BATIQTOS_1_N001,RTPD,MCE,LMP_ENE_PRC,BATIQTOS_1_N001,ALL,1,97.50475,4,3
2022-09-01T10:45:00-00:00,2022-09-01T11:00:00-00:00,2022-09-01,04,BATIQTOS_1_N001,BATIQTOS_1_N001,BATIQTOS_1_N001,RTPD,MCE,LMP_ENE_PRC,BATIQTOS_1_N001,ALL,1,94.71966,4,3
2022-09-01T11:45:00-00:00,2022-09-01T12:00:00-00:00,2022-09-01,05,BATIQTOS_1_N001,BATIQTOS_1_N001,BATIQTOS_1_N001,RTPD,MCE,LMP_ENE_PRC,BATIQTOS_1_N001,ALL,1,107.01,4,3
2022-09-01T12:45:00-00:00,2022-09-01T13:00:00-00:00,2022-09-01,06,BATIQTOS_1_N001,BATIQTOS_1_N001,BATIQTOS_1_N001,RTPD,MCE,LMP_ENE_PRC,BATIQTOS_1_N001,ALL,1,116.4848,4,3
2022-09-01T13:45:00-00:00,2022-09-01T14:00:00-00:00,2022-09-01,07,BATIQTOS_1_N001,BATIQTOS_1_N001,BATIQTOS_1_N001,RTPD,MCE,LMP_ENE_PRC,BATIQTOS_1_N001,ALL,1,111.41,4,3
2022-09-01T14:45:00-00:00,2022-09-01T15:00:00-00:00,2022-09-01,08,BATIQTOS_1_N001,BATIQTOS_1_N001,BATIQTOS_1_N001,RTPD,MCE,LMP_ENE_PRC,BATIQTOS_1_N001,ALL,1,86.1388,4,3
2022-09-01T15:45:00-00:00,2022-09-01T16:00:00-00:00,2022-09-01,09,BATIQTOS_1_N001,BATIQTOS_1_N001,BATIQTOS_1_N001,RTPD,MCE,LMP_ENE_PRC,BATIQTOS_1_N001,ALL,1,78.70076,4,3
2022-09-01T16:45:00-00:00,2022-09-01T17:00:00-00:00,2022-09-01,10,BATIQTOS_1_N001,BATIQTOS_1_N001,BATIQTOS_1_N001,RTPD,MCE,LMP_ENE_PRC,BATIQTOS_1_N001,ALL,1,91.24933,4,3
2022-09-01T17:45:00-00:00,2022-09-01T18:00:00-00:00,2022-09-01,11,BATIQTOS_1_N001,BATIQTOS_1_N001,BATIQTOS_1_N001,RTPD,MCE,LMP_ENE_PRC,BATIQTOS_1_N001,ALL,1,99.20544,4,3
2022-09-01T18:45:00-00:00,2022-09-01T19:00:00-00:00,2022-09-01,12,BATIQTOS_1_N001,BATIQTOS_1_N001,BATIQTOS_1_N001,RTPD,MCE,LMP_ENE_PRC,BATIQTOS_1_N001,ALL,1,109.04064,4,3
2022-09-01T19:45:00-00:00,2022-09-01T20:00:00-00:00,2022-09-01,13,BATIQTOS_1_N001,BATIQTOS_1_N001,BATIQTOS_1_N001,RTPD,MCE,LMP_ENE_PRC,BATIQTOS_1_N001,ALL,1,120.22491,4,3
2022-09-01T20:45:00-00:00,2022-09-01T21:00:00-00:00,2022-09-01,14,BATIQTOS_1_N001,BATIQTOS_1_N001,BATIQTOS_1_N001,RTPD,MCE,LMP_ENE_PRC,BATIQTOS_1_N001,ALL,1,154.02509,4,3
2022-09-01T21:45:00-00:00,2022-09-01T22:00:00-00:00,2022-09-01,15,BATIQTOS_1_N001,BATIQTOS_1_N001,BATIQTOS_1_N001,RTPD,MCE,LMP_ENE_PRC,BATIQTOS_1_N001,ALL,1,300.29376,4,3
2022-09-01T22:45:00-00:00,2022-09-01T23:00:00-00:00,2022-09-01,16,BATIQTOS_1_N001,BATIQTOS_1_N001,BATIQTOS_1_N001,RTPD,MCE,LMP_ENE_PRC,BATIQTOS_1_N001,ALL,1,429.9137,4,3
2022-09-01T23:45:00-00:00,2022-09-02T00:00:00-00:00,2022-09-01,17,BATIQTOS_1_N001,BATIQTOS_1_N001,BATIQTOS_1_N001,RTPD,MCE,LMP_ENE_PRC,BATIQTOS_1_N001,ALL,1,1261.2124,4,3
2022-09-02T00:45:00-00:00,2022-09-02T01:00:00-00:00,2022-09-01,18,BATIQTOS_1_N001,BATIQTOS_1_N001,BATIQTOS_1_N001,RTPD,MCE,LMP_ENE_PRC,BATIQTOS_1_N001,ALL,1,1519.149,4,3
2022-09-02T01:45:00-00:00,2022-09-02T02:00:00-00:00,2022-09-01,19,BATIQTOS_1_N001,BATIQTOS_1_N001,BATIQTOS_1_N001,RTPD,MCE,LMP_ENE_PRC,BATIQTOS_1_N001,ALL,1,1991.9337,4,3
2022-09-02T02:45:00-00:00,2022-09-02T03:00:00-00:00,2022-09-01,20,BATIQTOS_1_N001,BATIQTOS_1_N001,BATIQTOS_1_N001,RTPD,MCE,LMP_ENE_PRC,BATIQTOS_1_N001,ALL,1,1629.6213,4,3
2022-09-02T03:45:00-00:00,2022-09-02T04:00:00-00:00,2022-09-01,21,BATIQTOS_1_N001,BATIQTOS_1_N001,BATIQTOS_1_N001,RTPD,MCE,LMP_ENE_PRC,BATIQTOS_1_N001,ALL,1,141.13702,4,3
2022-09-02T04:45:00-00:00,2022-09-02T05:00:00-00:00,2022-09-01,22,BATIQTOS_1_N001,BATIQTOS_1_N001,BATIQTOS_1_N001,RTPD,MCE,LMP_ENE_PRC,BATIQTOS_1_N001,ALL,1,126.76372,4,3
2022-09-02T05:45:00-00:00,2022-09-02T06:00:00-00:00,2022-09-01,23,BATIQTOS_1_N001,BATIQTOS_1_N001,BATIQTOS_1_N001,RTPD,MCE,LMP_ENE_PRC,BATIQTOS_1_N001,ALL,1,119.00958,4,3
2022-09-02T06:45:00-00:00,2022-09-02T07:00:00-00:00,2022-09-01,24,BATIQTOS_1_N001,BATIQTOS_1_N001,BATIQTOS_1_N001,RTPD,MCE,LMP_ENE_PRC,BATIQTOS_1_N001,ALL,1,109.20324,4,3
2022-09-01T07:00:00-00:00,2022-09-01T07:15:00-00:00,2022-09-01,01,BATIQTOS_1_N001,BATIQTOS_1_N001,BATIQTOS_1_N001,RTPD,MCL,LMP_LOSS_PRC,BATIQTOS_1_N001,ALL,1,4.02346,1,4
2022-09-01T08:00:00-00:00,2022-09-01T08:15:00-00:00,2022-09-01,02,BATIQTOS_1_N001,BATIQTOS_1_N001,BATIQTOS_1_N001,RTPD,MCL,LMP_LOSS_PRC,BATIQTOS_1_N001,ALL,1,0,1,4
2022-09-01T09:00:00-00:00,2022-09-01T09:15:00-00:00,2022-09-01,03,BATIQTOS_1_N001,BATIQTOS_1_N001,BATIQTOS_1_N001,RTPD,MCL,LMP_LOSS_PRC,BATIQTOS_1_N001,ALL,1,11.8081,1,4
2022-09-01T10:00:00-00:00,2022-09-01T10:15:00-00:00,2022-09-01,04,BATIQTOS_1_N001,BATIQTOS_1_N001,BATIQTOS_1_N001,RTPD,MCL,LMP_LOSS_PRC,BATIQTOS_1_N001,ALL,1,11.73842,1,4
2022-09-01T11:00:00-00:00,2022-09-01T11:15:00-00:00,2022-09-01,05,BATIQTOS_1_N001,BATIQTOS_1_N001,BATIQTOS_1_N001,RTPD,MCL,LMP_LOSS_PRC,BATIQTOS_1_N001,ALL,1,11.53897,1,4
2022-09-01T12:00:00-00:00,2022-09-01T12:15:00-00:00,2022-09-01,06,BATIQTOS_1_N001,BATIQTOS_1_N001,BATIQTOS_1_N001,RTPD,MCL,LMP_LOSS_PRC,BATIQTOS_1_N001,ALL,1,10.29168,1,4
2022-09-01T13:00:00-00:00,2022-09-01T13:15:00-00:00,2022-09-01,07,BATIQTOS_1_N001,BATIQTOS_1_N001,BATIQTOS_1_N001,RTPD,MCL,LMP_LOSS_PRC,BATIQTOS_1_N001,ALL,1,0,1,4
2022-09-01T14:00:00-00:00,2022-09-01T14:15:00-00:00,2022-09-01,08,BATIQTOS_1_N001,BATIQTOS_1_N001,BATIQTOS_1_N001,RTPD,MCL,LMP_LOSS_PRC,BATIQTOS_1_N001,ALL,1,9.80009,1,4
2022-09-01T15:00:00-00:00,2022-09-01T15:15:00-00:00,2022-09-01,09,BATIQTOS_1_N001,BATIQTOS_1_N001,BATIQTOS_1_N001,RTPD,MCL,LMP_LOSS_PRC,BATIQTOS_1_N001,ALL,1,0,1,4
2022-09-01T16:00:00-00:00,2022-09-01T16:15:00-00:00,2022-09-01,10,BATIQTOS_1_N001,BATIQTOS_1_N001,BATIQTOS_1_N001,RTPD,MCL,LMP_LOSS_PRC,BATIQTOS_1_N001,ALL,1,0,1,4
2022-09-01T17:00:00-00:00,2022-09-01T17:15:00-00:00,2022-09-01,11,BATIQTOS_1_N001,BATIQTOS_1_N001,BATIQTOS_1_N001,RTPD,MCL,LMP_LOSS_PRC,BATIQTOS_1_N001,ALL,1,0,1,4
2022-09-01T18:00:00-00:00,2022-09-01T18:15:00-00:00,2022-09-01,12,BATIQTOS_1_N001,BATIQTOS_1_N001,BATIQTOS_1_N001,RTPD,MCL,LMP_LOSS_PRC,BATIQTOS_1_N001,ALL,1,0,1,4
2022-09-01T19:00:00-00:00,2022-09-01T19:15:00-00:00,2022-09-01,13,BATIQTOS_1_N001,BATIQTOS_1_N001,BATIQTOS_1_N001,RTPD,MCL,LMP_LOSS_PRC,BATIQTOS_1_N001,ALL,1,0,1,4
2022-09-01T20:00:00-00:00,2022-09-01T20:15:00-00:00,2022-09-01,14,BATIQTOS_1_N001,BATIQTOS_1_N001,BATIQTOS_1_N001,RTPD,MCL,LMP_LOSS_PRC,BATIQTOS_1_N001,ALL,1,0,1,4
2022-09-01T21:00:00-00:00,2022-09-01T21:15:00-00:00,2022-09-01,15,BATIQTOS_1_N001,BATIQTOS_1_N001,BATIQTOS_1_N001,RTPD,MCL,LMP_LOSS_PRC,BATIQTOS_1_N001,ALL,1,0,1,4
2022-09-01T22:00:00-00:00,2022-09-01T22:15:00-00:00,2022-09-01,16,BATIQTOS_1_N001,BATIQTOS_1_N001,BATIQTOS_1_N001,RTPD,MCL,LMP_LOSS_PRC,BATIQTOS_1_N001,ALL,1,0,1,4
2022-09-01T23:00:00-00:00,2022-09-01T23:15:00-00:00,2022-09-01,17,BATIQTOS_1_N001,BATIQTOS_1_N001,BATIQTOS_1_N001,RTPD,MCL,LMP_LOSS_PRC,BATIQTOS_1_N001,ALL,1,0,1,4
2022-09-02T00:00:00-00:00,2022-09-02T00:15:00-00:00,2022-09-01,18,BATIQTOS_1_N001,BATIQTOS_1_N001,BATIQTOS_1_N001,RTPD,MCL,LMP_LOSS_PRC,BATIQTOS_1_N001,ALL,1,104.41378,1,4
2022-09-02T01:00:00-00:00,2022-09-02T01:15:00-00:00,2022-09-01,19,BATIQTOS_1_N001,BATIQTOS_1_N001,BATIQTOS_1_N001,RTPD,MCL,LMP_LOSS_PRC,BATIQTOS_1_N001,ALL,1,0,1,4
2022-09-02T02:00:00-00:00,2022-09-02T02:15:00-00:00,2022-09-01,20,BATIQTOS_1_N001,BATIQTOS_1_N001,BATIQTOS_1_N001,RTPD,MCL,LMP_LOSS_PRC,BATIQTOS_1_N001,ALL,1,0,1,4
2022-09-02T03:00:00-00:00,2022-09-02T03:15:00-00:00,2022-09-01,21,BATIQTOS_1_N001,BATIQTOS_1_N001,BATIQTOS_1_N001,RTPD,MCL,LMP_LOSS_PRC,BATIQTOS_1_N001,ALL,1,75.88145,1,4
2022-09-02T04:00:00-00:00,2022-09-02T04:15:00-00:00,2022-09-01,22,BATIQTOS_1_N001,BATIQTOS_1_N001,BATIQTOS_1_N001,RTPD,MCL,LMP_LOSS_PRC,BATIQTOS_1_N001,ALL,1,27.94878,1,4
2022-09-02T05:00:00-00:00,2022-09-02T05:15:00-00:00,2022-09-01,23,BATIQTOS_1_N001,BATIQTOS_1_N001,BATIQTOS_1_N001,RTPD,MCL,LMP_LOSS_PRC,BATIQTOS_1_N001,ALL,1,15.08119,1,4
2022-09-02T06:00:00-00:00,2022-09-02T06:15:00-00:00,2022-09-01,24,BATIQTOS_1_N001,BATIQTOS_1_N001,BATIQTOS_1_N001,RTPD,MCL,LMP_LOSS_PRC,BATIQTOS_1_N001,ALL,1,14.37746,1,4
2022-09-01T07:15:00-00:00,2022-09-01T07:30:00-00:00,2022-09-01,01,BATIQTOS_1_N001,BATIQTOS_1_N001,BATIQTOS_1_N001,RTPD,MCL,LMP_LOSS_PRC,BATIQTOS_1_N001,ALL,1,0,2,4
2022-09-01T08:15:00-00:00,2022-09-01T08:30:00-00:00,2022-09-01,02,BATIQTOS_1_N001,BATIQTOS_1_N001,BATIQTOS_1_N001,RTPD,MCL,LMP_LOSS_PRC,BATIQTOS_1_N001,ALL,1,0,2,4
2022-09-01T09:15:00-00:00,2022-09-01T09:30:00-00:00,2022-09-01,03,BATIQTOS_1_N001,BATIQTOS_1_N001,BATIQTOS_1_N001,RTPD,MCL,LMP_LOSS_PRC,BATIQTOS_1_N001,ALL,1,11.59021,2,4
2022-09-01T10:15:00-00:00,2022-09-01T10:30:00-00:00,2022-09-01,04,BATIQTOS_1_N001,BATIQTOS_1_N001,BATIQTOS_1_N001,RTPD,MCL,LMP_LOSS_PRC,BATIQTOS_1_N001,ALL,1,11.66022,2,4
2022-09-01T11:15:00-00:00,2022-09-01T11:30:00-00:00,2022-09-01,05,BATIQTOS_1_N001,BATIQTOS_1_N001,BATIQTOS_1_N001,RTPD,MCL,LMP_LOSS_PRC,BATIQTOS_1_N001,ALL,1,11.66985,2,4
2022-09-01T12:15:00-00:00,2022-09-01T12:30:00-00:00,2022-09-01,06,BATIQTOS_1_N001,BATIQTOS_1_N001,BATIQTOS_1_N001,RTPD,MCL,LMP_LOSS_PRC,BATIQTOS_1_N001,ALL,1,11.77398,2,4
2022-09-01T13:15:00-00:00,2022-09-01T13:30:00-00:00,2022-09-01,07,BATIQTOS_1_N001,BATIQTOS_1_N001,BATIQTOS_1_N001,RTPD,MCL,LMP_LOSS_PRC,BATIQTOS_1_N001,ALL,1,12.04114,2,4
2022-09-01T14:15:00-00:00,2022-09-01T14:30:00-00:00,2022-09-01,08,BATIQTOS_1_N001,BATIQTOS_1_N001,BATIQTOS_1_N001,RTPD,MCL,LMP_LOSS_PRC,BATIQTOS_1_N001,ALL,1,8.81262,2,4
2022-09-01T15:15:00-00:00,2022-09-01T15:30:00-00:00,2022-09-01,09,BATIQTOS_1_N001,BATIQTOS_1_N001,BATIQTOS_1_N001,RTPD,MCL,LMP_LOSS_PRC,BATIQTOS_1_N001,ALL,1,0,2,4
2022-09-01T16:15:00-00:00,2022-09-01T16:30:00-00:00,2022-09-01,10,BATIQTOS_1_N001,BATIQTOS_1_N001,BATIQTOS_1_N001,RTPD,MCL,LMP_LOSS_PRC,BATIQTOS_1_N001,ALL,1,0,2,4
2022-09-01T17:15:00-00:00,2022-09-01T17:30:00-00:00,2022-09-01,11,BATIQTOS_1_N001,BATIQTOS_1_N001,BATIQTOS_1_N001,RTPD,MCL,LMP_LOSS_PRC,BATIQTOS_1_N001,ALL,1,0,2,4
2022-09-01T18:15:00-00:00,2022-09-01T18:30:00-00:00,2022-09-01,12,BATIQTOS_1_N001,BATIQTOS_1_N001,BATIQTOS_1_N001,RTPD,MCL,LMP_LOSS_PRC,BATIQTOS_1_N001,ALL,1,0,2,4
2022-09-01T19:15:00-00:00,2022-09-01T19:30:00-00:00,2022-09-01,13,BATIQTOS_1_N001,BATIQTOS_1_N001,BATIQTOS_1_N001,RTPD,MCL,LMP_LOSS_PRC,BATIQTOS_1_N001,ALL,1,0,2,4
2022-09-01T20:15:00-00:00,2022-09-01T20:30:00-00:00,2022-09-01,14,BATIQTOS_1_N001,BATIQTOS_1_N001,BATIQTOS_1_N001,RTPD,MCL,LMP_LOSS_PRC,BATIQTOS_1_N001,ALL,1,0,2,4
2022-09-01T21:15:00-00:00,2022-09-01T21:30:00-00:00,2022-09-01,15,BATIQTOS_1_N001,BATIQTOS_1_N001,BATIQTOS_1_N001,RTPD,MCL,LMP_LOSS_PRC,BATIQTOS_1_N001,ALL,1,0,2,4
2022-09-01T22:15:00-00:00,2022-09-01T22:30:00-00:00,2022-09-01,16,BATIQTOS_1_N001,BATIQTOS_1_N001,BATIQTOS_1_N001,RTPD,MCL,LMP_LOSS_PRC,BATIQTOS_1_N001,ALL,1,0,2,4
2022-09-01T23:15:00-00:00,2022-09-01T23:30:00-00:00,2022-09-01,17,BATIQTOS_1_N001,BATIQTOS_1_N001,BATIQTOS_1_N001,RTPD,MCL,LMP_LOSS_PRC,BATIQTOS_1_N001,ALL,1,0,2,4
2022-09-02T00:15:00-00:00,2022-09-02T00:30:00-00:00,2022-09-01,18,BATIQTOS_1_N001,BATIQTOS_1_N001,BATIQTOS_1_N001,RTPD,MCL,LMP_LOSS_PRC,BATIQTOS_1_N001,ALL,1,85.98755,2,4
2022-09-02T01:15:00-00:00,2022-09-02T01:30:00-00:00,2022-09-01,19,BATIQTOS_1_N001,BATIQTOS_1_N001,BATIQTOS_1_N001,RTPD,MCL,LMP_LOSS_PRC,BATIQTOS_1_N001,ALL,1,0,2,4
2022-09-02T02:15:00-00:00,2022-09-02T02:30:00-00:00,2022-09-01,20,BATIQTOS_1_N001,BATIQTOS_1_N001,BATIQTOS_1_N001,RTPD,MCL,LMP_LOSS_PRC,BATIQTOS_1_N001,ALL,1,0,2,4
2022-09-02T03:15:00-00:00,2022-09-02T03:30:00-00:00,2022-09-01,21,BATIQTOS_1_N001,BATIQTOS_1_N001,BATIQTOS_1_N001,RTPD,MCL,LMP_LOSS_PRC,BATIQTOS_1_N001,ALL,1,34.56564,2,4
2022-09-02T04:15:00-00:00,2022-09-02T04:30:00-00:00,2022-09-01,22,BATIQTOS_1_N001,BATIQTOS_1_N001,BATIQTOS_1_N001,RTPD,MCL,LMP_LOSS_PRC,BATIQTOS_1_N001,ALL,1,24.70007,2,4
2022-09-02T05:15:00-00:00,2022-09-02T05:30:00-00:00,2022-09-01,23,BATIQTOS_1_N001,BATIQTOS_1_N001,BATIQTOS_1_N001,RTPD,MCL,LMP_LOSS_PRC,BATIQTOS_1_N001,ALL,1,15.49202,2,4
2022-09-02T06:15:00-00:00,2022-09-02T06:30:00-00:00,2022-09-01,24,BATIQTOS_1_N001,BATIQTOS_1_N001,BATIQTOS_1_N001,RTPD,MCL,LMP_LOSS_PRC,BATIQTOS_1_N001,ALL,1,14.31005,2,4
2022-09-01T07:30:00-00:00,2022-09-01T07:45:00-00:00,2022-09-01,01,BATIQTOS_1_N001,BATIQTOS_1_N001,BATIQTOS_1_N001,RTPD,MCL,LMP_LOSS_PRC,BATIQTOS_1_N001,ALL,1,0,3,4
2022-09-01T08:30:00-00:00,2022-09-01T08:45:00-00:00,2022-09-01,02,BATIQTOS_1_N001,BATIQTOS_1_N001,BATIQTOS_1_N001,RTPD,MCL,LMP_LOSS_PRC,BATIQTOS_1_N001,ALL,1,13.07793,3,4
2022-09-01T09:30:00-00:00,2022-09-01T09:45:00-00:00,2022-09-01,03,BATIQTOS_1_N001,BATIQTOS_1_N001,BATIQTOS_1_N001,RTPD,MCL,LMP_LOSS_PRC,BATIQTOS_1_N001,ALL,1,11.41627,3,4
2022-09-01T10:30:00-00:00,2022-09-01T10:45:00-00:00,2022-09-01,04,BATIQTOS_1_N001,BATIQTOS_1_N001,BATIQTOS_1_N001,RTPD,MCL,LMP_LOSS_PRC,BATIQTOS_1_N001,ALL,1,11.5442,3,4
2022-09-01T11:30:00-00:00,2022-09-01T11:45:00-00:00,2022-09-01,05,BATIQTOS_1_N001,BATIQTOS_1_N001,BATIQTOS_1_N001,RTPD,MCL,LMP_LOSS_PRC,BATIQTOS_1_N001,ALL,1,11.58417,3,4
2022-09-01T12:30:00-00:00,2022-09-01T12:45:00-00:00,2022-09-01,06,BATIQTOS_1_N001,BATIQTOS_1_N001,BATIQTOS_1_N001,RTPD,MCL,LMP_LOSS_PRC,BATIQTOS_1_N001,ALL,1,11.69813,3,4
2022-09-01T13:30:00-00:00,2022-09-01T13:45:00-00:00,2022-09-01,07,BATIQTOS_1_N001,BATIQTOS_1_N001,BATIQTOS_1_N001,RTPD,MCL,LMP_LOSS_PRC,BATIQTOS_1_N001,ALL,1,12.27838,3,4
2022-09-01T14:30:00-00:00,2022-09-01T14:45:00-00:00,2022-09-01,08,BATIQTOS_1_N001,BATIQTOS_1_N001,BATIQTOS_1_N001,RTPD,MCL,LMP_LOSS_PRC,BATIQTOS_1_N001,ALL,1,7.83106,3,4
2022-09-01T15:30:00-00:00,2022-09-01T15:45:00-00:00,2022-09-01,09,BATIQTOS_1_N001,BATIQTOS_1_N001,BATIQTOS_1_N001,RTPD,MCL,LMP_LOSS_PRC,BATIQTOS_1_N001,ALL,1,0,3,4
2022-09-01T16:30:00-00:00,2022-09-01T16:45:00-00:00,2022-09-01,10,BATIQTOS_1_N001,BATIQTOS_1_N001,BATIQTOS_1_N001,RTPD,MCL,LMP_LOSS_PRC,BATIQTOS_1_N001,ALL,1,0,3,4
2022-09-01T17:30:00-00:00,2022-09-01T17:45:00-00:00,2022-09-01,11,BATIQTOS_1_N001,BATIQTOS_1_N001,BATIQTOS_1_N001,RTPD,MCL,LMP_LOSS_PRC,BATIQTOS_1_N001,ALL,1,0,3,4
2022-09-01T18:30:00-00:00,2022-09-01T18:45:00-00:00,2022-09-01,12,BATIQTOS_1_N001,BATIQTOS_1_N001,BATIQTOS_1_N001,RTPD,MCL,LMP_LOSS_PRC,BATIQTOS_1_N001,ALL,1,0,3,4
2022-09-01T19:30:00-00:00,2022-09-01T19:45:00-00:00,2022-09-01,13,BATIQTOS_1_N001,BATIQTOS_1_N001,BATIQTOS_1_N001,RTPD,MCL,LMP_LOSS_PRC,BATIQTOS_1_N001,ALL,1,0,3,4
2022-09-01T20:30:00-00:00,2022-09-01T20:45:00-00:00,2022-09-01,14,BATIQTOS_1_N001,BATIQTOS_1_N001,BATIQTOS_1_N001,RTPD,MCL,LMP_LOSS_PRC,BATIQTOS_1_N001,ALL,1,0,3,4
2022-09-01T21:30:00-00:00,2022-09-01T21:45:00-00:00,2022-09-01,15,BATIQTOS_1_N001,BATIQTOS_1_N001,BATIQTOS_1_N001,RTPD,MCL,LMP_LOSS_PRC,BATIQTOS_1_N001,ALL,1,0,3,4
2022-09-01T22:30:00-00:00,2022-09-01T22:45:00-00:00,2022-09-01,16,BATIQTOS_1_N001,BATIQTOS_1_N001,BATIQTOS_1_N001,RTPD,MCL,LMP_LOSS_PRC,BATIQTOS_1_N001,ALL,1,0,3,4
2022-09-01T23:30:00-00:00,2022-09-01T23:45:00-00:00,2022-09-01,17,BATIQTOS_1_N001,BATIQTOS_1_N001,BATIQTOS_1_N001,RTPD,MCL,LMP_LOSS_PRC,BATIQTOS_1_N001,ALL,1,0,3,4
2022-09-02T00:30:00-00:00,2022-09-02T00:45:00-00:00,2022-09-01,18,BATIQTOS_1_N001,BATIQTOS_1_N001,BATIQTOS_1_N001,RTPD,MCL,LMP_LOSS_PRC,BATIQTOS_1_N001,ALL,1,0,3,4
2022-09-02T01:30:00-00:00,2022-09-02T01:45:00-00:00,2022-09-01,19,BATIQTOS_1_N001,BATIQTOS_1_N001,BATIQTOS_1_N001,RTPD,MCL,LMP_LOSS_PRC,BATIQTOS_1_N001,ALL,1,0,3,4
2022-09-02T02:30:00-00:00,2022-09-02T02:45:00-00:00,2022-09-01,20,BATIQTOS_1_N001,BATIQTOS_1_N001,BATIQTOS_1_N001,RTPD,MCL,LMP_LOSS_PRC,BATIQTOS_1_N001,ALL,1,0,3,4
2022-09-02T03:30:00-00:00,2022-09-02T03:45:00-00:00,2022-09-01,21,BATIQTOS_1_N001,BATIQTOS_1_N001,BATIQTOS_1_N001,RTPD,MCL,LMP_LOSS_PRC,BATIQTOS_1_N001,ALL,1,15.67593,3,4
2022-09-02T04:30:00-00:00,2022-09-02T04:45:00-00:00,2022-09-01,22,BATIQTOS_1_N001,BATIQTOS_1_N001,BATIQTOS_1_N001,RTPD,MCL,LMP_LOSS_PRC,BATIQTOS_1_N001,ALL,1,21.57298,3,4
2022-09-02T05:30:00-00:00,2022-09-02T05:45:00-00:00,2022-09-01,23,BATIQTOS_1_N001,BATIQTOS_1_N001,BATIQTOS_1_N001,RTPD,MCL,LMP_LOSS_PRC,BATIQTOS_1_N001,ALL,1,14.32887,3,4
2022-09-02T06:30:00-00:00,2022-09-02T06:45:00-00:00,2022-09-01,24,BATIQTOS_1_N001,BATIQTOS_1_N001,BATIQTOS_1_N001,RTPD,MCL,LMP_LOSS_PRC,BATIQTOS_1_N001,ALL,1,13.10509,3,4
2022-09-01T07:45:00-00:00,2022-09-01T08:00:00-00:00,2022-09-01,01,BATIQTOS_1_N001,BATIQTOS_1_N001,BATIQTOS_1_N001,RTPD,MCL,LMP_LOSS_PRC,BATIQTOS_1_N001,ALL,1,0,4,4
2022-09-01T08:45:00-00:00,2022-09-01T09:00:00-00:00,2022-09-01,02,BATIQTOS_1_N001,BATIQTOS_1_N001,BATIQTOS_1_N001,RTPD,MCL,LMP_LOSS_PRC,BATIQTOS_1_N001,ALL,1,11.95689,4,4
2022-09-01T09:45:00-00:00,2022-09-01T10:00:00-00:00,2022-09-01,03,BATIQTOS_1_N001,BATIQTOS_1_N001,BATIQTOS_1_N001,RTPD,MCL,LMP_LOSS_PRC,BATIQTOS_1_N001,ALL,1,11.51531,4,4
2022-09-01T10:45:00-00:00,2022-09-01T11:00:00-00:00,2022-09-01,04,BATIQTOS_1_N001,BATIQTOS_1_N001,BATIQTOS_1_N001,RTPD,MCL,LMP_LOSS_PRC,BATIQTOS_1_N001,ALL,1,11.48002,4,4
2022-09-01T11:45:00-00:00,2022-09-01T12:00:00-00:00,2022-09-01,05,BATIQTOS_1_N001,BATIQTOS_1_N001,BATIQTOS_1_N001,RTPD,MCL,LMP_LOSS_PRC,BATIQTOS_1_N001,ALL,1,0,4,4
2022-09-01T12:45:00-00:00,2022-09-01T13:00:00-00:00,2022-09-01,06,BATIQTOS_1_N001,BATIQTOS_1_N001,BATIQTOS_1_N001,RTPD,MCL,LMP_LOSS_PRC,BATIQTOS_1_N001,ALL,1,0,4,4
2022-09-01T13:45:00-00:00,2022-09-01T14:00:00-00:00,2022-09-01,07,BATIQTOS_1_N001,BATIQTOS_1_N001,BATIQTOS_1_N001,RTPD,MCL,LMP_LOSS_PRC,BATIQTOS_1_N001,ALL,1,0,4,4
2022-09-01T14:45:00-00:00,2022-09-01T15:00:00-00:00,2022-09-01,08,BATIQTOS_1_N001,BATIQTOS_1_N001,BATIQTOS_1_N001,RTPD,MCL,LMP_LOSS_PRC,BATIQTOS_1_N001,ALL,1,0,4,4
2022-09-01T15:45:00-00:00,2022-09-01T16:00:00-00:00,2022-09-01,09,BATIQTOS_1_N001,BATIQTOS_1_N001,BATIQTOS_1_N001,RTPD,MCL,LMP_LOSS_PRC,BATIQTOS_1_N001,ALL,1,0,4,4
2022-09-01T16:45:00-00:00,2022-09-01T17:00:00-00:00,2022-09-01,10,BATIQTOS_1_N001,BATIQTOS_1_N001,BATIQTOS_1_N001,RTPD,MCL,LMP_LOSS_PRC,BATIQTOS_1_N001,ALL,1,0,4,4
2022-09-01T17:45:00-00:00,2022-09-01T18:00:00-00:00,2022-09-01,11,BATIQTOS_1_N001,BATIQTOS_1_N001,BATIQTOS_1_N001,RTPD,MCL,LMP_LOSS_PRC,BATIQTOS_1_N001,ALL,1,0,4,4
2022-09-01T18:45:00-00:00,2022-09-01T19:00:00-00:00,2022-09-01,12,BATIQTOS_1_N001,BATIQTOS_1_N001,BATIQTOS_1_N001,RTPD,MCL,LMP_LOSS_PRC,BATIQTOS_1_N001,ALL,1,0,4,4
2022-09-01T19:45:00-00:00,2022-09-01T20:00:00-00:00,2022-09-01,13,BATIQTOS_1_N001,BATIQTOS_1_N001,BATIQTOS_1_N001,RTPD,MCL,LMP_LOSS_PRC,BATIQTOS_1_N001,ALL,1,0,4,4
2022-09-01T20:45:00-00:00,2022-09-01T21:00:00-00:00,2022-09-01,14,BATIQTOS_1_N001,BATIQTOS_1_N001,BATIQTOS_1_N001,RTPD,MCL,LMP_LOSS_PRC,BATIQTOS_1_N001,ALL,1,0,4,4
2022-09-01T21:45:00-00:00,2022-09-01T22:00:00-00:00,2022-09-01,15,BATIQTOS_1_N001,BATIQTOS_1_N001,BATIQTOS_1_N001,RTPD,MCL,LMP_LOSS_PRC,BATIQTOS_1_N001,ALL,1,0,4,4
2022-09-01T22:45:00-00:00,2022-09-01T23:00:00-00:00,2022-09-01,16,BATIQTOS_1_N001,BATIQTOS_1_N001,BATIQTOS_1_N001,RTPD,MCL,LMP_LOSS_PRC,BATIQTOS_1_N001,ALL,1,0,4,4
2022-09-01T23:45:00-00:00,2022-09-02T00:00:00-00:00,2022-09-01,17,BATIQTOS_1_N001,BATIQTOS_1_N001,BATIQTOS_1_N001,RTPD,MCL,LMP_LOSS_PRC,BATIQTOS_1_N001,ALL,1,0,4,4
2022-09-02T00:45:00-00:00,2022-09-02T01:00:00-00:00,2022-09-01,18,BATIQTOS_1_N001,BATIQTOS_1_N001,BATIQTOS_1_N001,RTPD,MCL,LMP_LOSS_PRC,BATIQTOS_1_N001,ALL,1,0,4,4
2022-09-02T01:45:00-00:00,2022-09-02T02:00:00-00:00,2022-09-01,19,BATIQTOS_1_N001,BATIQTOS_1_N001,BATIQTOS_1_N001,RTPD,MCL,LMP_LOSS_PRC,BATIQTOS_1_N001,ALL,1,0,4,4
2022-09-02T02:45:00-00:00,2022-09-02T03:00:00-00:00,2022-09-01,20,BATIQTOS_1_N001,BATIQTOS_1_N001,BATIQTOS_1_N001,RTPD,MCL,LMP_LOSS_PRC,BATIQTOS_1_N001,ALL,1,210.22115,4,4
2022-09-02T03:45:00-00:00,2022-09-02T04:00:00-00:00,2022-09-01,21,BATIQTOS_1_N001,BATIQTOS_1_N001,BATIQTOS_1_N001,RTPD,MCL,LMP_LOSS_PRC,BATIQTOS_1_N001,ALL,1,14.28307,4,4
2022-09-02T04:45:00-00:00,2022-09-02T05:00:00-00:00,2022-09-01,22,BATIQTOS_1_N001,BATIQTOS_1_N001,BATIQTOS_1_N001,RTPD,MCL,LMP_LOSS_PRC,BATIQTOS_1_N001,ALL,1,14.19754,4,4
2022-09-02T05:45:00-00:00,2022-09-02T06:00:00-00:00,2022-09-01,23,BATIQTOS_1_N001,BATIQTOS_1_N001,BATIQTOS_1_N001,RTPD,MCL,LMP_LOSS_PRC,BATIQTOS_1_N001,ALL,1,12.69832,4,4
2022-09-02T06:45:00-00:00,2022-09-02T07:00:00-00:00,2022-09-01,24,BATIQTOS_1_N001,BATIQTOS_1_N001,BATIQTOS_1_N001,RTPD,MCL,LMP_LOSS_PRC,BATIQTOS_1_N001,ALL,1,10.77836,4,4
2022-09-01T07:00:00-00:00,2022-09-01T07:15:00-00:00,2022-09-01,01,BATIQTOS_1_N001,BATIQTOS_1_N001,BATIQTOS_1_N001,RTPD,MGHG,LMP_GHG_PRC,BATIQTOS_1_N001,ALL,1,0,1,5
2022-09-01T08:00:00-00:00,2022-09-01T08:15:00-00:00,2022-09-01,02,BATIQTOS_1_N001,BATIQTOS_1_N001,BATIQTOS_1_N001,RTPD,MGHG,LMP_GHG_PRC,BATIQTOS_1_N001,ALL,1,0,1,5
2022-09-01T09:00:00-00:00,2022-09-01T09:15:00-00:00,2022-09-01,03,BATIQTOS_1_N001,BATIQTOS_1_N001,BATIQTOS_1_N001,RTPD,MGHG,LMP_GHG_PRC,BATIQTOS_1_N001,ALL,1,0,1,5
2022-09-01T10:00:00-00:00,2022-09-01T10:15:00-00:00,2022-09-01,04,BATIQTOS_1_N001,BATIQTOS_1_N001,BATIQTOS_1_N001,RTPD,MGHG,LMP_GHG_PRC,BATIQTOS_1_N001,ALL,1,0,1,5
2022-09-01T11:00:00-00:00,2022-09-01T11:15:00-00:00,2022-09-01,05,BATIQTOS_1_N001,BATIQTOS_1_N001,BATIQTOS_1_N001,RTPD,MGHG,LMP_GHG_PRC,BATIQTOS_1_N001,ALL,1,0,1,5
2022-09-01T12:00:00-00:00,2022-09-01T12:15:00-00:00,2022-09-01,06,BATIQTOS_1_N001,BATIQTOS_1_N001,BATIQTOS_1_N001,RTPD,MGHG,LMP_GHG_PRC,BATIQTOS_1_N001,ALL,1,0,1,5
2022-09-01T13:00:00-00:00,2022-09-01T13:15:00-00:00,2022-09-01,07,BATIQTOS_1_N001,BATIQTOS_1_N001,BATIQTOS_1_N001,RTPD,MGHG,LMP_GHG_PRC,BATIQTOS_1_N001,ALL,1,0,1,5
2022-09-01T14:00:00-00:00,2022-09-01T14:15:00-00:00,2022-09-01,08,BATIQTOS_1_N001,BATIQTOS_1_N001,BATIQTOS_1_N001,RTPD,MGHG,LMP_GHG_PRC,BATIQTOS_1_N001,ALL,1,0,1,5
2022-09-01T15:00:00-00:00,2022-09-01T15:15:00-00:00,2022-09-01,09,BATIQTOS_1_N001,BATIQTOS_1_N001,BATIQTOS_1_N001,RTPD,MGHG,LMP_GHG_PRC,BATIQTOS_1_N001,ALL,1,0,1,5
2022-09-01T16:00:00-00:00,2022-09-01T16:15:00-00:00,2022-09-01,10,BATIQTOS_1_N001,BATIQTOS_1_N001,BATIQTOS_1_N001,RTPD,MGHG,LMP_GHG_PRC,BATIQTOS_1_N001,ALL,1,0,1,5
2022-09-01T17:00:00-00:00,2022-09-01T17:15:00-00:00,2022-09-01,11,BATIQTOS_1_N001,BATIQTOS_1_N001,BATIQTOS_1_N001,RTPD,MGHG,LMP_GHG_PRC,BATIQTOS_1_N001,ALL,1,0,1,5
2022-09-01T18:00:00-00:00,2022-09-01T18:15:00-00:00,2022-09-01,12,BATIQTOS_1_N001,BATIQTOS_1_N001,BATIQTOS_1_N001,RTPD,MGHG,LMP_GHG_PRC,BATIQTOS_1_N001,ALL,1,0,1,5
2022-09-01T19:00:00-00:00,2022-09-01T19:15:00-00:00,2022-09-01,13,BATIQTOS_1_N001,BATIQTOS_1_N001,BATIQTOS_1_N001,RTPD,MGHG,LMP_GHG_PRC,BATIQTOS_1_N001,ALL,1,0,1,5
2022-09-01T20:00:00-00:00,2022-09-01T20:15:00-00:00,2022-09-01,14,BATIQTOS_1_N001,BATIQTOS_1_N001,BATIQTOS_1_N001,RTPD,MGHG,LMP_GHG_PRC,BATIQTOS_1_N001,ALL,1,0,1,5
2022-09-01T21:00:00-00:00,2022-09-01T21:15:00-00:00,2022-09-01,15,BATIQTOS_1_N001,BATIQTOS_1_N001,BATIQTOS_1_N001,RTPD,MGHG,LMP_GHG_PRC,BATIQTOS_1_N001,ALL,1,0,1,5
2022-09-01T22:00:00-00:00,2022-09-01T22:15:00-00:00,2022-09-01,16,BATIQTOS_1_N001,BATIQTOS_1_N001,BATIQTOS_1_N001,RTPD,MGHG,LMP_GHG_PRC,BATIQTOS_1_N001,ALL,1,0,1,5
2022-09-01T23:00:00-00:00,2022-09-01T23:15:00-00:00,2022-09-01,17,BATIQTOS_1_N001,BATIQTOS_1_N001,BATIQTOS_1_N001,RTPD,MGHG,LMP_GHG_PRC,BATIQTOS_1_N001,ALL,1,0,1,5
2022-09-02T00:00:00-00:00,2022-09-02T00:15:00-00:00,2022-09-01,18,BATIQTOS_1_N001,BATIQTOS_1_N001,BATIQTOS_1_N001,RTPD,MGHG,LMP_GHG_PRC,BATIQTOS_1_N001,ALL,1,0,1,5
2022-09-02T01:00:00-00:00,2022-09-02T01:15:00-00:00,2022-09-01,19,BATIQTOS_1_N001,BATIQTOS_1_N001,BATIQTOS_1_N001,RTPD,MGHG,LMP_GHG_PRC,BATIQTOS_1_N001,ALL,1,0,1,5
2022-09-02T02:00:00-00:00,2022-09-02T02:15:00-00:00,2022-09-01,20,BATIQTOS_1_N001,BATIQTOS_1_N001,BATIQTOS_1_N001,RTPD,MGHG,LMP_GHG_PRC,BATIQTOS_1_N001,ALL,1,0,1,5
2022-09-02T03:00:00-00:00,2022-09-02T03:15:00-00:00,2022-09-01,21,BATIQTOS_1_N001,BATIQTOS_1_N001,BATIQTOS_1_N001,RTPD,MGHG,LMP_GHG_PRC,BATIQTOS_1_N001,ALL,1,0,1,5
2022-09-02T04:00:00-00:00,2022-09-02T04:15:00-00:00,2022-09-01,22,BATIQTOS_1_N001,BATIQTOS_1_N001,BATIQTOS_1_N001,RTPD,MGHG,LMP_GHG_PRC,BATIQTOS_1_N001,ALL,1,0,1,5
2022-09-02T05:00:00-00:00,2022-09-02T05:15:00-00:00,2022-09-01,23,BATIQTOS_1_N001,BATIQTOS_1_N001,BATIQTOS_1_N001,RTPD,MGHG,LMP_GHG_PRC,BATIQTOS_1_N001,ALL,1,0,1,5
2022-09-02T06:00:00-00:00,2022-09-02T06:15:00-00:00,2022-09-01,24,BATIQTOS_1_N001,BATIQTOS_1_N001,BATIQTOS_1_N001,RTPD,MGHG,LMP_GHG_PRC,BATIQTOS_1_N001,ALL,1,0,1,5
2022-09-01T07:15:00-00:00,2022-09-01T07:30:00-00:00,2022-09-01,01,BATIQTOS_1_N001,BATIQTOS_1_N001,BATIQTOS_1_N001,RTPD,MGHG,LMP_GHG_PRC,BATIQTOS_1_N001,ALL,1,0,2,5
2022-09-01T08:15:00-00:00,2022-09-01T08:30:00-00:00,2022-09-01,02,BATIQTOS_1_N001,BATIQTOS_1_N001,BATIQTOS_1_N001,RTPD,MGHG,LMP_GHG_PRC,BATIQTOS_1_N001,ALL,1,0,2,5
2022-09-01T09:15:00-00:00,2022-09-01T09:30:00-00:00,2022-09-01,03,BATIQTOS_1_N001,BATIQTOS_1_N001,BATIQTOS_1_N001,RTPD,MGHG,LMP_GHG_PRC,BATIQTOS_1_N001,ALL,1,0,2,5
2022-09-01T10:15:00-00:00,2022-09-01T10:30:00-00:00,2022-09-01,04,BATIQTOS_1_N001,BATIQTOS_1_N001,BATIQTOS_1_N001,RTPD,MGHG,LMP_GHG_PRC,BATIQTOS_1_N001,ALL,1,0,2,5
2022-09-01T11:15:00-00:00,2022-09-01T11:30:00-00:00,2022-09-01,05,BATIQTOS_1_N001,BATIQTOS_1_N001,BATIQTOS_1_N001,RTPD,MGHG,LMP_GHG_PRC,BATIQTOS_1_N001,ALL,1,0,2,5
2022-09-01T12:15:00-00:00,2022-09-01T12:30:00-00:00,2022-09-01,06,BATIQTOS_1_N001,BATIQTOS_1_N001,BATIQTOS_1_N001,RTPD,MGHG,LMP_GHG_PRC,BATIQTOS_1_N001,ALL,1,0,2,5
2022-09-01T13:15:00-00:00,2022-09-01T13:30:00-00:00,2022-09-01,07,BATIQTOS_1_N001,BATIQTOS_1_N001,BATIQTOS_1_N001,RTPD,MGHG,LMP_GHG_PRC,BATIQTOS_1_N001,ALL,1,0,2,5
2022-09-01T14:15:00-00:00,2022-09-01T14:30:00-00:00,2022-09-01,08,BATIQTOS_1_N001,BATIQTOS_1_N001,BATIQTOS_1_N001,RTPD,MGHG,LMP_GHG_PRC,BATIQTOS_1_N001,ALL,1,0,2,5
2022-09-01T15:15:00-00:00,2022-09-01T15:30:00-00:00,2022-09-01,09,BATIQTOS_1_N001,BATIQTOS_1_N001,BATIQTOS_1_N001,RTPD,MGHG,LMP_GHG_PRC,BATIQTOS_1_N001,ALL,1,0,2,5
2022-09-01T16:15:00-00:00,2022-09-01T16:30:00-00:00,2022-09-01,10,BATIQTOS_1_N001,BATIQTOS_1_N001,BATIQTOS_1_N001,RTPD,MGHG,LMP_GHG_PRC,BATIQTOS_1_N001,ALL,1,0,2,5
2022-09-01T17:15:00-00:00,2022-09-01T17:30:00-00:00,2022-09-01,11,BATIQTOS_1_N001,BATIQTOS_1_N001,BATIQTOS_1_N001,RTPD,MGHG,LMP_GHG_PRC,BATIQTOS_1_N001,ALL,1,0,2,5
2022-09-01T18:15:00-00:00,2022-09-01T18:30:00-00:00,2022-09-01,12,BATIQTOS_1_N001,BATIQTOS_1_N001,BATIQTOS_1_N001,RTPD,MGHG,LMP_GHG_PRC,BATIQTOS_1_N001,ALL,1,0,2,5
2022-09-01T19:15:00-00:00,2022-09-01T19:30:00-00:00,2022-09-01,13,BATIQTOS_1_N001,BATIQTOS_1_N001,BATIQTOS_1_N001,RTPD,MGHG,LMP_GHG_PRC,BATIQTOS_1_N001,ALL,1,0,2,5
2022-09-01T20:15:00-00:00,2022-09-01T20:30:00-00:00,2022-09-01,14,BATIQTOS_1_N001,BATIQTOS_1_N001,BATIQTOS_1_N001,RTPD,MGHG,LMP_GHG_PRC,BATIQTOS_1_N001,ALL,1,0,2,5
2022-09-01T21:15:00-00:00,2022-09-01T21:30:00-00:00,2022-09-01,15,BATIQTOS_1_N001,BATIQTOS_1_N001,BATIQTOS_1_N001,RTPD,MGHG,LMP_GHG_PRC,BATIQTOS_1_N001,ALL,1,0,2,5
2022-09-01T22:15:00-00:00,2022-09-01T22:30:00-00:00,2022-09-01,16,BATIQTOS_1_N001,BATIQTOS_1_N001,BATIQTOS_1_N001,RTPD,MGHG,LMP_GHG_PRC,BATIQTOS_1_N001,ALL,1,0,2,5
2022-09-01T23:15:00-00:00,2022-09-01T23:30:00-00:00,2022-09-01,17,BATIQTOS_1_N001,BATIQTOS_1_N001,BATIQTOS_1_N001,RTPD,MGHG,LMP_GHG_PRC,BATIQTOS_1_N001,ALL,1,0,2,5
2022-09-02T00:15:00-00:00,2022-09-02T00:30:00-00:00,2022-09-01,18,BATIQTOS_1_N001,BATIQTOS_1_N001,BATIQTOS_1_N001,RTPD,MGHG,LMP_GHG_PRC,BATIQTOS_1_N001,ALL,1,0,2,5
2022-09-02T01:15:00-00:00,2022-09-02T01:30:00-00:00,2022-09-01,19,BATIQTOS_1_N001,BATIQTOS_1_N001,BATIQTOS_1_N001,RTPD,MGHG,LMP_GHG_PRC,BATIQTOS_1_N001,ALL,1,0,2,5
2022-09-02T02:15:00-00:00,2022-09-02T02:30:00-00:00,2022-09-01,20,BATIQTOS_1_N001,BATIQTOS_1_N001,BATIQTOS_1_N001,RTPD,MGHG,LMP_GHG_PRC,BATIQTOS_1_N001,ALL,1,0,2,5
2022-09-02T03:15:00-00:00,2022-09-02T03:30:00-00:00,2022-09-01,21,BATIQTOS_1_N001,BATIQTOS_1_N001,BATIQTOS_1_N001,RTPD,MGHG,LMP_GHG_PRC,BATIQTOS_1_N001,ALL,1,0,2,5
2022-09-02T04:15:00-00:00,2022-09-02T04:30:00-00:00,2022-09-01,22,BATIQTOS_1_N001,BATIQTOS_1_N001,BATIQTOS_1_N001,RTPD,MGHG,LMP_GHG_PRC,BATIQTOS_1_N001,ALL,1,0,2,5
2022-09-02T05:15:00-00:00,2022-09-02T05:30:00-00:00,2022-09-01,23,BATIQTOS_1_N001,BATIQTOS_1_N001,BATIQTOS_1_N001,RTPD,MGHG,LMP_GHG_PRC,BATIQTOS_1_N001,ALL,1,0,2,5
2022-09-02T06:15:00-00:00,2022-09-02T06:30:00-00:00,2022-09-01,24,BATIQTOS_1_N001,BATIQTOS_1_N001,BATIQTOS_1_N001,RTPD,MGHG,LMP_GHG_PRC,BATIQTOS_1_N001,ALL,1,0,2,5
2022-09-01T07:30:00-00:00,2022-09-01T07:45:00-00:00,2022-09-01,01,BATIQTOS_1_N001,BATIQTOS_1_N001,BATIQTOS_1_N001,RTPD,MGHG,LMP_GHG_PRC,BATIQTOS_1_N001,ALL,1,0,3,5
2022-09-01T08:30:00-00:00,2022-09-01T08:45:00-00:00,2022-09-01,02,BATIQTOS_1_N001,BATIQTOS_1_N001,BATIQTOS_1_N001,RTPD,MGHG,LMP_GHG_PRC,BATIQTOS_1_N001,ALL,1,0,3,5
2022-09-01T09:30:00-00:00,2022-09-01T09:45:00-00:00,2022-09-01,03,BATIQTOS_1_N001,BATIQTOS_1_N001,BATIQTOS_1_N001,RTPD,MGHG,LMP_GHG_PRC,BATIQTOS_1_N001,ALL,1,0,3,5
2022-09-01T10:30:00-00:00,2022-09-01T10:45:00-00:00,2022-09-01,04,BATIQTOS_1_N001,BATIQTOS_1_N001,BATIQTOS_1_N001,RTPD,MGHG,LMP_GHG_PRC,BATIQTOS_1_N001,ALL,1,0,3,5
2022-09-01T11:30:00-00:00,2022-09-01T11:45:00-00:00,2022-09-01,05,BATIQTOS_1_N001,BATIQTOS_1_N001,BATIQTOS_1_N001,RTPD,MGHG,LMP_GHG_PRC,BATIQTOS_1_N001,ALL,1,0,3,5
2022-09-01T12:30:00-00:00,2022-09-01T12:45:00-00:00,2022-09-01,06,BATIQTOS_1_N001,BATIQTOS_1_N001,BATIQTOS_1_N001,RTPD,MGHG,LMP_GHG_PRC,BATIQTOS_1_N001,ALL,1,0,3,5
2022-09-01T13:30:00-00:00,2022-09-01T13:45:00-00:00,2022-09-01,07,BATIQTOS_1_N001,BATIQTOS_1_N001,BATIQTOS_1_N001,RTPD,MGHG,LMP_GHG_PRC,BATIQTOS_1_N001,ALL,1,0,3,5
2022-09-01T14:30:00-00:00,2022-09-01T14:45:00-00:00,2022-09-01,08,BATIQTOS_1_N001,BATIQTOS_1_N001,BATIQTOS_1_N001,RTPD,MGHG,LMP_GHG_PRC,BATIQTOS_1_N001,ALL,1,0,3,5
2022-09-01T15:30:00-00:00,2022-09-01T15:45:00-00:00,2022-09-01,09,BATIQTOS_1_N001,BATIQTOS_1_N001,BATIQTOS_1_N001,RTPD,MGHG,LMP_GHG_PRC,BATIQTOS_1_N001,ALL,1,0,3,5
2022-09-01T16:30:00-00:00,2022-09-01T16:45:00-00:00,2022-09-01,10,BATIQTOS_1_N001,BATIQTOS_1_N001,BATIQTOS_1_N001,RTPD,MGHG,LMP_GHG_PRC,BATIQTOS_1_N001,ALL,1,0,3,5
2022-09-01T17:30:00-00:00,2022-09-01T17:45:00-00:00,2022-09-01,11,BATIQTOS_1_N001,BATIQTOS_1_N001,BATIQTOS_1_N001,RTPD,MGHG,LMP_GHG_PRC,BATIQTOS_1_N001,ALL,1,0,3,5
2022-09-01T18:30:00-00:00,2022-09-01T18:45:00-00:00,2022-09-01,12,BATIQTOS_1_N001,BATIQTOS_1_N001,BATIQTOS_1_N001,RTPD,MGHG,LMP_GHG_PRC,BATIQTOS_1_N001,ALL,1,0,3,5
2022-09-01T19:30:00-00:00,2022-09-01T19:45:00-00:00,2022-09-01,13,BATIQTOS_1_N001,BATIQTOS_1_N001,BATIQTOS_1_N001,RTPD,MGHG,LMP_GHG_PRC,BATIQTOS_1_N001,ALL,1,0,3,5
2022-09-01T20:30:00-00:00,2022-09-01T20:45:00-00:00,2022-09-01,14,BATIQTOS_1_N001,BATIQTOS_1_N001,BATIQTOS_1_N001,RTPD,MGHG,LMP_GHG_PRC,BATIQTOS_1_N001,ALL,1,0,3,5
2022-09-01T21:30:00-00:00,2022-09-01T21:45:00-00:00,2022-09-01,15,BATIQTOS_1_N001,BATIQTOS_1_N001,BATIQTOS_1_N001,RTPD,MGHG,LMP_GHG_PRC,BATIQTOS_1_N001,ALL,1,0,3,5
2022-09-01T22:30:00-00:00,2022-09-01T22:45:00-00:00,2022-09-01,16,BATIQTOS_1_N001,BATIQTOS_1_N001,BATIQTOS_1_N001,RTPD,MGHG,LMP_GHG_PRC,BATIQTOS_1_N001,ALL,1,0,3,5
2022-09-01T23:30:00-00:00,2022-09-01T23:45:00-00:00,2022-09-01,17,BATIQTOS_1_N001,BATIQTOS_1_N001,BATIQTOS_1_N001,RTPD,MGHG,LMP_GHG_PRC,BATIQTOS_1_N001,ALL,1,0,3,5
2022-09-02T00:30:00-00:00,2022-09-02T00:45:00-00:00,2022-09-01,18,BATIQTOS_1_N001,BATIQTOS_1_N001,BATIQTOS_1_N001,RTPD,MGHG,LMP_GHG_PRC,BATIQTOS_1_N001,ALL,1,0,3,5
2022-09-02T01:30:00-00:00,2022-09-02T01:45:00-00:00,2022-09-01,19,BATIQTOS_1_N001,BATIQTOS_1_N001,BATIQTOS_1_N001,RTPD,MGHG,LMP_GHG_PRC,BATIQTOS_1_N001,ALL,1,0,3,5
2022-09-02T02:30:00-00:00,2022-09-02T02:45:00-00:00,2022-09-01,20,BATIQTOS_1_N001,BATIQTOS_1_N001,BATIQTOS_1_N001,RTPD,MGHG,LMP_GHG_PRC,BATIQTOS_1_N001,ALL,1,0,3,5
2022-09-02T03:30:00-00:00,2022-09-02T03:45:00-00:00,2022-09-01,21,BATIQTOS_1_N001,BATIQTOS_1_N001,BATIQTOS_1_N001,RTPD,MGHG,LMP_GHG_PRC,BATIQTOS_1_N001,ALL,1,0,3,5
2022-09-02T04:30:00-00:00,2022-09-02T04:45:00-00:00,2022-09-01,22,BATIQTOS_1_N001,BATIQTOS_1_N001,BATIQTOS_1_N001,RTPD,MGHG,LMP_GHG_PRC,BATIQTOS_1_N001,ALL,1,0,3,5
2022-09-02T05:30:00-00:00,2022-09-02T05:45:00-00:00,2022-09-01,23,BATIQTOS_1_N001,BATIQTOS_1_N001,BATIQTOS_1_N001,RTPD,MGHG,LMP_GHG_PRC,BATIQTOS_1_N001,ALL,1,0,3,5
2022-09-02T06:30:00-00:00,2022-09-02T06:45:00-00:00,2022-09-01,24,BATIQTOS_1_N001,BATIQTOS_1_N001,BATIQTOS_1_N001,RTPD,MGHG,LMP_GHG_PRC,BATIQTOS_1_N001,ALL,1,0,3,5
2022-09-01T07:45:00-00:00,2022-09-01T08:00:00-00:00,2022-09-01,01,BATIQTOS_1_N001,BATIQTOS_1_N001,BATIQTOS_1_N001,RTPD,MGHG,LMP_GHG_PRC,BATIQTOS_1_N001,ALL,1,0,4,5
2022-09-01T08:45:00-00:00,2022-09-01T09:00:00-00:00,2022-09-01,02,BATIQTOS_1_N001,BATIQTOS_1_N001,BATIQTOS_1_N001,RTPD,MGHG,LMP_GHG_PRC,BATIQTOS_1_N001,ALL,1,0,4,5
2022-09-01T09:45:00-00:00,2022-09-01T10:00:00-00:00,2022-09-01,03,BATIQTOS_1_N001,BATIQTOS_1_N001,BATIQTOS_1_N001,RTPD,MGHG,LMP_GHG_PRC,BATIQTOS_1_N001,ALL,1,0,4,5
2022-09-01T10:45:00-00:00,2022-09-01T11:00:00-00:00,2022-09-01,04,BATIQTOS_1_N001,BATIQTOS_1_N001,BATIQTOS_1_N001,RTPD,MGHG,LMP_GHG_PRC,BATIQTOS_1_N001,ALL,1,0,4,5
2022-09-01T11:45:00-00:00,2022-09-01T12:00:00-00:00,2022-09-01,05,BATIQTOS_1_N001,BATIQTOS_1_N001,BATIQTOS_1_N001,RTPD,MGHG,LMP_GHG_PRC,BATIQTOS_1_N001,ALL,1,0,4,5
2022-09-01T12:45:00-00:00,2022-09-01T13:00:00-00:00,2022-09-01,06,BATIQTOS_1_N001,BATIQTOS_1_N001,BATIQTOS_1_N001,RTPD,MGHG,LMP_GHG_PRC,BATIQTOS_1_N001,ALL,1,0,4,5
2022-09-01T13:45:00-00:00,2022-09-01T14:00:00-00:00,2022-09-01,07,BATIQTOS_1_N001,BATIQTOS_1_N001,BATIQTOS_1_N001,RTPD,MGHG,LMP_GHG_PRC,BATIQTOS_1_N001,ALL,1,0,4,5
2022-09-01T14:45:00-00:00,2022-09-01T15:00:00-00:00,2022-09-01,08,BATIQTOS_1_N001,BATIQTOS_1_N001,BATIQTOS_1_N001,RTPD,MGHG,LMP_GHG_PRC,BATIQTOS_1_N001,ALL,1,0,4,5
2022-09-01T15:45:00-00:00,2022-09-01T16:00:00-00:00,2022-09-01,09,BATIQTOS_1_N001,BATIQTOS_1_N001,BATIQTOS_1_N001,RTPD,MGHG,LMP_GHG_PRC,BATIQTOS_1_N001,ALL,1,0,4,5
2022-09-01T16:45:00-00:00,2022-09-01T17:00:00-00:00,2022-09-01,10,BATIQTOS_1_N001,BATIQTOS_1_N001,BATIQTOS_1_N001,RTPD,MGHG,LMP_GHG_PRC,BATIQTOS_1_N001,ALL,1,0,4,5
2022-09-01T17:45:00-00:00,2022-09-01T18:00:00-00:00,2022-09-01,11,BATIQTOS_1_N001,BATIQTOS_1_N001,BATIQTOS_1_N001,RTPD,MGHG,LMP_GHG_PRC,BATIQTOS_1_N001,ALL,1,0,4,5
2022-09-01T18:45:00-00:00,2022-09-01T19:00:00-00:00,2022-09-01,12,BATIQTOS_1_N001,BATIQTOS_1_N001,BATIQTOS_1_N001,RTPD,MGHG,LMP_GHG_PRC,BATIQTOS_1_N001,ALL,1,0,4,5
2022-09-01T19:45:00-00:00,2022-09-01T20:00:00-00:00,2022-09-01,13,BATIQTOS_1_N001,BATIQTOS_1_N001,BATIQTOS_1_N001,RTPD,MGHG,LMP_GHG_PRC,BATIQTOS_1_N001,ALL,1,0,4,5
2022-09-01T20:45:00-00:00,2022-09-01T21:00:00-00:00,2022-09-01,14,BATIQTOS_1_N001,BATIQTOS_1_N001,BATIQTOS_1_N001,RTPD,MGHG,LMP_GHG_PRC,BATIQTOS_1_N001,ALL,1,0,4,5
2022-09-01T21:45:00-00:00,2022-09-01T22:00:00-00:00,2022-09-01,15,BATIQTOS_1_N001,BATIQTOS_1_N001,BATIQTOS_1_N001,RTPD,MGHG,LMP_GHG_PRC,BATIQTOS_1_N001,ALL,1,0,4,5
2022-09-01T22:45:00-00:00,2022-09-01T23:00:00-00:00,2022-09-01,16,BATIQTOS_1_N001,BATIQTOS_1_N001,BATIQTOS_1_N001,RTPD,MGHG,LMP_GHG_PRC,BATIQTOS_1_N001,ALL,1,0,4,5
2022-09-01T23:45:00-00:00,2022-09-02T00:00:00-00:00,2022-09-01,17,BATIQTOS_1_N001,BATIQTOS_1_N001,BATIQTOS_1_N001,RTPD,MGHG,LMP_GHG_PRC,BATIQTOS_1_N001,ALL,1,0,4,5
2022-09-02T00:45:00-00:00,2022-09-02T01:00:00-00:00,2022-09-01,18,BATIQTOS_1_N001,BATIQTOS_1_N001,BATIQTOS_1_N001,RTPD,MGHG,LMP_GHG_PRC,BATIQTOS_1_N001,ALL,1,0,4,5
2022-09-02T01:45:00-00:00,2022-09-02T02:00:00-00:00,2022-09-01,19,BATIQTOS_1_N001,BATIQTOS_1_N001,BATIQTOS_1_N001,RTPD,MGHG,LMP_GHG_PRC,BATIQTOS_1_N001,ALL,1,0,4,5
2022-09-02T02:45:00-00:00,2022-09-02T03:00:00-00:00,2022-09-01,20,BATIQTOS_1_N001,BATIQTOS_1_N001,BATIQTOS_1_N001,RTPD,MGHG,LMP_GHG_PRC,BATIQTOS_1_N001,ALL,1,0,4,5
2022-09-02T03:45:00-00:00,2022-09-02T04:00:00-00:00,2022-09-01,21,BATIQTOS_1_N001,BATIQTOS_1_N001,BATIQTOS_1_N001,RTPD,MGHG,LMP_GHG_PRC,BATIQTOS_1_N001,ALL,1,0,4,5
2022-09-02T04:45:00-00:00,2022-09-02T05:00:00-00:00,2022-09-01,22,BATIQTOS_1_N001,BATIQTOS_1_N001,BATIQTOS_1_N001,RTPD,MGHG,LMP_GHG_PRC,BATIQTOS_1_N001,ALL,1,0,4,5
2022-09-02T05:45:00-00:00,2022-09-02T06:00:00-00:00,2022-09-01,23,BATIQTOS_1_N001,BATIQTOS_1_N001,BATIQTOS_1_N001,RTPD,MGHG,LMP_GHG_PRC,BATIQTOS_1_N001,ALL,1,0,4,5
2022-09-02T06:45:00-00:00,2022-09-02T07:00:00-00:00,2022-09-01,24,BATIQTOS_1_N001,BATIQTOS_1_N001,BATIQTOS_1_N001,RTPD,MGHG,LMP_GHG_PRC,BATIQTOS_1_N001,ALL,1,0,4,5
