INTERVALSTARTTIME_GMT,INTERVALENDTIME_GMT,OPR_DT,OPR_HR,NODE_ID_XML,NODE_ID,NODE,MARKET_RUN_ID,LMP_TYPE,XML_DATA_ITEM,PNODE_RESMRID,GRP_TYPE,POS,PRC,OPR_INTERVAL,GROUP
2022-09-01T07:00:00-00:00,2022-09-01T07:15:00-00:00,2022-09-01,01,AGUAMNSA_7_B1,AGUAMNSA_7_B1,AGUAMNSA_7_B1,RTPD,LMP,LMP_PRC,AGUAMNSA_7_B1,ALL,1,150.1437,1,1
2022-09-01T08:00:00-00:00,2022-09-01T08:15:00-00:00,2022-09-01,02,AGUAMNSA_7_B1,AGUAMNSA_7_B1,AGUAMNSA_7_B1,RTPD,LMP,LMP_PRC,AGUAMNSA_7_B1,ALL,1,118.68183,1,1
2022-09-01T09:00:00-00:00,2022-09-01T09:15:00-00:00,2022-09-01,03,AGUAMNSA_7_B1,AGUAMNSA_7_B1,AGUAMNSA_7_B1,RTPD,LMP,LMP_PRC,AGUAMNSA_7_B1,ALL,1,113.09377,1,1
2022-09-01T10:00:00-00:00,2022-09-01T10:15:00-00:00,2022-09-01,04,AGUAMNSA_7_B1,AGUAMNSA_7_B1,AGUAMNSA_7_B1,RTPD,LMP,LMP_PRC,AGUAMNSA_7_B1,ALL,1,111.67531,1,1
2022-09-01T11:00:00-00:00,2022-09-01T11:15:00-00:00,2022-09-01,05,AGUAMNSA_7_B1,AGUAMNSA_7_B1,AGUAMNSA_7_B1,RTPD,LMP,LMP_PRC,AGUAMNSA_7_B1,ALL,1,111.77925,1,1
2022-09-01T12:00:00-00:00,2022-09-01T12:15:00-00:00,2022-09-01,06,AGUAMNSA_7_B1,AGUAMNSA_7_B1,AGUAMNSA_7_B1,RTPD,LMP,LMP_PRC,AGUAMNSA_7_B1,ALL,1,114.61432,1,1
2022-09-01T13:00:00-00:00,2022-09-01T13:15:00-00:00,2022-09-01,07,AGUAMNSA_7_B1,AGUAMNSA_7_B1,AGUAMNSA_7_B1,RTPD,LMP,LMP_PRC,AGUAMNSA_7_B1,ALL,1,115.02793,1,1
2022-09-01T14:00:00-00:00,2022-09-01T14:15:00-00:00,2022-09-01,08,AGUAMNSA_7_B1,AGUAMNSA_7_B1,AGUAMNSA_7_B1,RTPD,LMP,LMP_PRC,AGUAMNSA_7_B1,ALL,1,118.46781,1,1
2022-09-01T15:00:00-00:00,2022-09-01T15:15:00-00:00,2022-09-01,09,AGUAMNSA_7_B1,AGUAMNSA_7_B1,AGUAMNSA_7_B1,RTPD,LMP,LMP_PRC,AGUAMNSA_7_B1,ALL,1,99.87559,1,1
2022-09-01T16:00:00-00:00,2022-09-01T16:15:00-00:00,2022-09-01,10,AGUAMNSA_7_B1,AGUAMNSA_7_B1,AGUAMNSA_7_B1,RTPD,LMP,LMP_PRC,AGUAMNSA_7_B1,ALL,1,84.8798,1,1
2022-09-01T17:00:00-00:00,2022-09-01T17:15:00-00:00,2022-09-01,11,AGUAMNSA_7_B1,AGUAMNSA_7_B1,AGUAMNSA_7_B1,RTPD,LMP,LMP_PRC,AGUAMNSA_7_B1,ALL,1,112.13352,1,1
2022-09-01T18:00:00-00:00,2022-09-01T18:15:00-00:00,2022-09-01,12,AGUAMNSA_7_B1,AGUAMNSA_7_B1,AGUAMNSA_7_B1,RTPD,LMP,LMP_PRC,AGUAMNSA_7_B1,ALL,1,119.75434,1,1
2022-09-01T19:00:00-00:00,2022-09-01T19:15:00-00:00,2022-09-01,13,AGUAMNSA_7_B1,AGUAMNSA_7_B1,AGUAMNSA_7_B1,RTPD,LMP,LMP_PRC,AGUAMNSA_7_B1,ALL,1,139.57837,1,1
2022-09-01T20:00:00-00:00,2022-09-01T20:15:00-00:00,2022-09-01,14,AGUAMNSA_7_B1,AGUAMNSA_7_B1,AGUAMNSA_7_B1,RTPD,LMP,LMP_PRC,AGUAMNSA_7_B1,ALL,1,120.91214,1,1
2022-09-01T21:00:00-00:00,2022-09-01T21:15:00-00:00,2022-09-01,15,AGUAMNSA_7_B1,AGUAMNSA_7_B1,AGUAMNSA_7_B1,RTPD,LMP,LMP_PRC,AGUAMNSA_7_B1,ALL,1,327.06027,1,1
2022-09-01T22:00:00-00:00,2022-09-01T22:15:00-00:00,2022-09-01,16,AGUAMNSA_7_B1,AGUAMNSA_7_B1,AGUAMNSA_7_B1,RTPD,LMP,LMP_PRC,AGUAMNSA_7_B1,ALL,1,334.41025,1,1
2022-09-01T23:00:00-00:00,2022-09-01T23:15:00-00:00,2022-09-01,17,AGUAMNSA_7_B1,AGUAMNSA_7_B1,AGUAMNSA_7_B1,RTPD,LMP,LMP_PRC,AGUAMNSA_7_B1,ALL,1,607.9794,1,1
2022-09-02T00:00:00-00:00,2022-09-02T00:15:00-00:00,2022-09-01,18,AGUAMNSA_7_B1,AGUAMNSA_7_B1,AGUAMNSA_7_B1,RTPD,LMP,LMP_PRC,AGUAMNSA_7_B1,ALL,1,1035.3959,1,1
2022-09-02T01:00:00-00:00,2022-09-02T01:15:00-00:00,2022-09-01,19,AGUAMNSA_7_B1,AGUAMNSA_7_B1,AGUAMNSA_7_B1,RTPD,LMP,LMP_PRC,AGUAMNSA_7_B1,ALL,1,1102.9323,1,1
2022-09-02T02:00:00-00:00,2022-09-02T02:15:00-00:00,2022-09-01,20,AGUAMNSA_7_B1,AGUAMNSA_7_B1,AGUAMNSA_7_B1,RTPD,LMP,LMP_PRC,AGUAMNSA_7_B1,ALL,1,1991.6721,1,1
2022-09-02T03:00:00-00:00,2022-09-02T03:15:00-00:00,2022-09-01,21,AGUAMNSA_7_B1,AGUAMNSA_7_B1,AGUAMNSA_7_B1,RTPD,LMP,LMP_PRC,AGUAMNSA_7_B1,ALL,1,1310.7533,1,1
2022-09-02T04:00:00-00:00,2022-09-02T04:15:00-00:00,2022-09-01,22,AGUAMNSA_7_B1,AGUAMNSA_7_B1,AGUAMNSA_7_B1,RTPD,LMP,LMP_PRC,AGUAMNSA_7_B1,ALL,1,226.2705,1,1
2022-09-02T05:00:00-00:00,2022-09-02T05:15:00-00:00,2022-09-01,23,AGUAMNSA_7_B1,AGUAMNSA_7_B1,AGUAMNSA_7_B1,RTPD,LMP,LMP_PRC,AGUAMNSA_7_B1,ALL,1,217.70561,1,1
2022-09-02T06:00:00-00:00,2022-09-02T06:15:00-00:00,2022-09-01,24,AGUAMNSA_7_B1,AGUAMNSA_7_B1,AGUAMNSA_7_B1,RTPD,LMP,LMP_PRC,AGUAMNSA_7_B1,ALL,1,172.26566,1,1
2022-09-01T07:15:00-00:00,2022-09-01T07:30:00-00:00,2022-09-01,01,AGUAMNSA_7_B1,AGUAMNSA_7_B1,AGUAMNSA_7_B1,RTPD,LMP,LMP_PRC,AGUAMNSA_7_B1,ALL,1,134.81053,2,1
2022-09-01T08:15:00-00:00,2022-09-01T08:30:00-00:00,2022-09-01,02,AGUAMNSA_7_B1,AGUAMNSA_7_B1,AGUAMNSA_7_B1,RTPD,LMP,LMP_PRC,AGUAMNSA_7_B1,ALL,1,116.38476,2,1
2022-09-01T09:15:00-00:00,2022-09-01T09:30:00-00:00,2022-09-01,03,AGUAMNSA_7_B1,AGUAMNSA_7_B1,AGUAMNSA_7_B1,RTPD,LMP,LMP_PRC,AGUAMNSA_7_B1,ALL,1,112.80528,2,1
2022-09-01T10:15:00-00:00,2022-09-01T10:30:00-00:00,2022-09-01,04,AGUAMNSA_7_B1,AGUAMNSA_7_B1,AGUAMNSA_7_B1,RTPD,LMP,LMP_PRC,AGUAMNSA_7_B1,ALL,1,111.61653,2,1
2022-09-01T11:15:00-00:00,2022-09-01T11:30:00-00:00,2022-09-01,05,AGUAMNSA_7_B1,AGUAMNSA_7_B1,AGUAMNSA_7_B1,RTPD,LMP,LMP_PRC,AGUAMNSA_7_B1,ALL,1,112.18318,2,1
2022-09-01T12:15:00-00:00,2022-09-01T12:30:00-00:00,2022-09-01,06,AGUAMNSA_7_B1,AGUAMNSA_7_B1,AGUAMNSA_7_B1,RTPD,LMP,LMP_PRC,AGUAMNSA_7_B1,ALL,1,124.44454,2,1
2022-09-01T13:15:00-00:00,2022-09-01T13:30:00-00:00,2022-09-01,07,AGUAMNSA_7_B1,AGUAMNSA_7_B1,AGUAMNSA_7_B1,RTPD,LMP,LMP_PRC,AGUAMNSA_7_B1,ALL,1,120.83588,2,1
2022-09-01T14:15:00-00:00,2022-09-01T14:30:00-00:00,2022-09-01,08,AGUAMNSA_7_B1,AGUAMNSA_7_B1,AGUAMNSA_7_B1,RTPD,LMP,LMP_PRC,AGUAMNSA_7_B1,ALL,1,111.73484,2,1
2022-09-01T15:15:00-00:00,2022-09-01T15:30:00-00:00,2022-09-01,09,AGUAMNSA_7_B1,AGUAMNSA_7_B1,AGUAMNSA_7_B1,RTPD,LMP,LMP_PRC,AGUAMNSA_7_B1,ALL,1,89.96959,2,1
2022-09-01T16:15:00-00:00,2022-09-01T16:30:00-00:00,2022-09-01,10,AGUAMNSA_7_B1,AGUAMNSA_7_B1,AGUAMNSA_7_B1,RTPD,LMP,LMP_PRC,AGUAMNSA_7_B1,ALL,1,92.07738,2,1
2022-09-01T17:15:00-00:00,2022-09-01T17:30:00-00:00,2022-09-01,11,AGUAMNSA_7_B1,AGUAMNSA_7_B1,AGUAMNSA_7_B1,RTPD,LMP,LMP_PRC,AGUAMNSA_7_B1,ALL,1,118.014,2,1
2022-09-01T18:15:00-00:00,2022-09-01T18:30:00-00:00,2022-09-01,12,AGUAMNSA_7_B1,AGUAMNSA_7_B1,AGUAMNSA_7_B1,RTPD,LMP,LMP_PRC,AGUAMNSA_7_B1,ALL,1,124.91864,2,1
2022-09-01T19:15:00-00:00,2022-09-01T19:30:00-00:00,2022-09-01,13,AGUAMNSA_7_B1,AGUAMNSA_7_B1,AGUAMNSA_7_B1,RTPD,LMP,LMP_PRC,AGUAMNSA_7_B1,ALL,1,130.16924,2,1
2022-09-01T20:15:00-00:00,2022-09-01T20:30:00-00:00,2022-09-01,14,AGUAMNSA_7_B1,AGUAMNSA_7_B1,AGUAMNSA_7_B1,RTPD,LMP,LMP_PRC,AGUAMNSA_7_B1,ALL,1,120.16745,2,1
2022-09-01T21:15:00-00:00,2022-09-01T21:30:00-00:00,2022-09-01,15,AGUAMNSA_7_B1,AGUAMNSA_7_B1,AGUAMNSA_7_B1,RTPD,LMP,LMP_PRC,AGUAMNSA_7_B1,ALL,1,171.26373,2,1
2022-09-01T22:15:00-00:00,2022-09-01T22:30:00-00:00,2022-09-01,16,AGUAMNSA_7_B1,AGUAMNSA_7_B1,AGUAMNSA_7_B1,RTPD,LMP,LMP_PRC,AGUAMNSA_7_B1,ALL,1,372.67706,2,1
2022-09-01T23:15:00-00:00,2022-09-01T23:30:00-00:00,2022-09-01,17,AGUAMNSA_7_B1,AGUAMNSA_7_B1,AGUAMNSA_7_B1,RTPD,LMP,LMP_PRC,AGUAMNSA_7_B1,ALL,1,511.6207,2,1
2022-09-02T00:15:00-00:00,2022-09-02T00:30:00-00:00,2022-09-01,18,AGUAMNSA_7_B1,AGUAMNSA_7_B1,AGUAMNSA_7_B1,RTPD,LMP,LMP_PRC,AGUAMNSA_7_B1,ALL,1,934.5049,2,1
2022-09-02T01:15:00-00:00,2022-09-02T01:30:00-00:00,2022-09-01,19,AGUAMNSA_7_B1,AGUAMNSA_7_B1,AGUAMNSA_7_B1,RTPD,LMP,LMP_PRC,AGUAMNSA_7_B1,ALL,1,1999.9933,2,1
2022-09-02T02:15:00-00:00,2022-09-02T02:30:00-00:00,2022-09-01,20,AGUAMNSA_7_B1,AGUAMNSA_7_B1,AGUAMNSA_7_B1,RTPD,LMP,LMP_PRC,AGUAMNSA_7_B1,ALL,1,1991.6721,2,1
2022-09-02T03:15:00-00:00,2022-09-02T03:30:00-00:00,2022-09-01,21,AGUAMNSA_7_B1,AGUAMNSA_7_B1,AGUAMNSA_7_B1,RTPD,LMP,LMP_PRC,AGUAMNSA_7_B1,ALL,1,545.0341,2,1
2022-09-02T04:15:00-00:00,2022-09-02T04:30:00-00:00,2022-09-01,22,AGUAMNSA_7_B1,AGUAMNSA_7_B1,AGUAMNSA_7_B1,RTPD,LMP,LMP_PRC,AGUAMNSA_7_B1,ALL,1,191.09386,2,1
2022-09-02T05:15:00-00:00,2022-09-02T05:30:00-00:00,2022-09-01,23,AGUAMNSA_7_B1,AGUAMNSA_7_B1,AGUAMNSA_7_B1,RTPD,LMP,LMP_PRC,AGUAMNSA_7_B1,ALL,1,189.75626,2,1
2022-09-02T06:15:00-00:00,2022-09-02T06:30:00-00:00,2022-09-01,24,AGUAMNSA_7_B1,AGUAMNSA_7_B1,AGUAMNSA_7_B1,RTPD,LMP,LMP_PRC,AGUAMNSA_7_B1,ALL,1,162.58627,2,1
2022-09-01T07:30:00-00:00,2022-09-01T07:45:00-00:00,2022-09-01,01,AGUAMNSA_7_B1,AGUAMNSA_7_B1,AGUAMNSA_7_B1,RTPD,LMP,LMP_PRC,AGUAMNSA_7_B1,ALL,1,134.10191,3,1
2022-09-01T08:30:00-00:00,2022-09-01T08:45:00-00:00,2022-09-01,02,AGUAMNSA_7_B1,AGUAMNSA_7_B1,AGUAMNSA_7_B1,RTPD,LMP,LMP_PRC,AGUAMNSA_7_B1,ALL,1,121.08,3,1
2022-09-01T09:30:00-00:00,2022-09-01T09:45:00-00:00,2022-09-01,03,AGUAMNSA_7_B1,AGUAMNSA_7_B1,AGUAMNSA_7_B1,RTPD,LMP,LMP_PRC,AGUAMNSA_7_B1,ALL,1,112.25576,3,1
2022-09-01T10:30:00-00:00,2022-09-01T10:45:00-00:00,2022-09-01,04,AGUAMNSA_7_B1,AGUAMNSA_7_B1,AGUAMNSA_7_B1,RTPD,LMP,LMP_PRC,AGUAMNSA_7_B1,ALL,1,108.78551,3,1
2022-09-01T11:30:00-00:00,2022-09-01T11:45:00-00:00,2022-09-01,05,AGUAMNSA_7_B1,AGUAMNSA_7_B1,AGUAMNSA_7_B1,RTPD,LMP,LMP_PRC,AGUAMNSA_7_B1,ALL,1,112.15205,3,1
2022-09-01T12:30:00-00:00,2022-09-01T12:45:00-00:00,2022-09-01,06,AGUAMNSA_7_B1,AGUAMNSA_7_B1,AGUAMNSA_7_B1,RTPD,LMP,LMP_PRC,AGUAMNSA_7_B1,ALL,1,132.96286,3,1
2022-09-01T13:30:00-00:00,2022-09-01T13:45:00-00:00,2022-09-01,07,AGUAMNSA_7_B1,AGUAMNSA_7_B1,AGUAMNSA_7_B1,RTPD,LMP,LMP_PRC,AGUAMNSA_7_B1,ALL,1,120.76528,3,1
2022-09-01T14:30:00-00:00,2022-09-01T14:45:00-00:00,2022-09-01,08,AGUAMNSA_7_B1,AGUAMNSA_7_B1,AGUAMNSA_7_B1,RTPD,LMP,LMP_PRC,AGUAMNSA_7_B1,ALL,1,108.22947,3,1
2022-09-01T15:30:00-00:00,2022-09-01T15:45:00-00:00,2022-09-01,09,AGUAMNSA_7_B1,AGUAMNSA_7_B1,AGUAMNSA_7_B1,RTPD,LMP,LMP_PRC,AGUAMNSA_7_B1,ALL,1,90.71029,3,1
2022-09-01T16:30:00-00:00,2022-09-01T16:45:00-00:00,2022-09-01,10,AGUAMNSA_7_B1,AGUAMNSA_7_B1,AGUAMNSA_7_B1,RTPD,LMP,LMP_PRC,AGUAMNSA_7_B1,ALL,1,101.81059,3,1
2022-09-01T17:30:00-00:00,2022-09-01T17:45:00-00:00,2022-09-01,11,AGUAMNSA_7_B1,AGUAMNSA_7_B1,AGUAMNSA_7_B1,RTPD,LMP,LMP_PRC,AGUAMNSA_7_B1,ALL,1,117.27191,3,1
2022-09-01T18:30:00-00:00,2022-09-01T18:45:00-00:00,2022-09-01,12,AGUAMNSA_7_B1,AGUAMNSA_7_B1,AGUAMNSA_7_B1,RTPD,LMP,LMP_PRC,AGUAMNSA_7_B1,ALL,1,131.2552,3,1
2022-09-01T19:30:00-00:00,2022-09-01T19:45:00-00:00,2022-09-01,13,AGUAMNSA_7_B1,AGUAMNSA_7_B1,AGUAMNSA_7_B1,RTPD,LMP,LMP_PRC,AGUAMNSA_7_B1,ALL,1,125.01496,3,1
2022-09-01T20:30:00-00:00,2022-09-01T20:45:00-00:00,2022-09-01,14,AGUAMNSA_7_B1,AGUAMNSA_7_B1,AGUAMNSA_7_B1,RTPD,LMP,LMP_PRC,AGUAMNSA_7_B1,ALL,1,141.02486,3,1
2022-09-01T21:30:00-00:00,2022-09-01T21:45:00-00:00,2022-09-01,15,AGUAMNSA_7_B1,AGUAMNSA_7_B1,AGUAMNSA_7_B1,RTPD,LMP,LMP_PRC,AGUAMNSA_7_B1,ALL,1,175.8368,3,1
2022-09-01T22:30:00-00:00,2022-09-01T22:45:00-00:00,2022-09-01,16,AGUAMNSA_7_B1,AGUAMNSA_7_B1,AGUAMNSA_7_B1,RTPD,LMP,LMP_PRC,AGUAMNSA_7_B1,ALL,1,410.2073,3,1
2022-09-01T23:30:00-00:00,2022-09-01T23:45:00-00:00,2022-09-01,17,AGUAMNSA_7_B1,AGUAMNSA_7_B1,AGUAMNSA_7_B1,RTPD,LMP,LMP_PRC,AGUAMNSA_7_B1,ALL,1,586.164,3,1
2022-09-02T00:30:00-00:00,2022-09-02T00:45:00-00:00,2022-09-01,18,AGUAMNSA_7_B1,AGUAMNSA_7_B1,AGUAMNSA_7_B1,RTPD,LMP,LMP_PRC,AGUAMNSA_7_B1,ALL,1,1591.293,3,1
2022-09-02T01:30:00-00:00,2022-09-02T01:45:00-00:00,2022-09-01,19,AGUAMNSA_7_B1,AGUAMNSA_7_B1,AGUAMNSA_7_B1,RTPD,LMP,LMP_PRC,AGUAMNSA_7_B1,ALL,1,1999.9956,3,1
2022-09-02T02:30:00-00:00,2022-09-02T02:45:00-00:00,2022-09-01,20,AGUAMNSA_7_B1,AGUAMNSA_7_B1,AGUAMNSA_7_B1,RTPD,LMP,LMP_PRC,AGUAMNSA_7_B1,ALL,1,1991.671,3,1
2022-09-02T03:30:00-00:00,2022-09-02T03:45:00-00:00,2022-09-01,21,AGUAMNSA_7_B1,AGUAMNSA_7_B1,AGUAMNSA_7_B1,RTPD,LMP,LMP_PRC,AGUAMNSA_7_B1,ALL,1,229.35983,3,1
2022-09-02T04:30:00-00:00,2022-09-02T04:45:00-00:00,2022-09-01,22,AGUAMNSA_7_B1,AGUAMNSA_7_B1,AGUAMNSA_7_B1,RTPD,LMP,LMP_PRC,AGUAMNSA_7_B1,ALL,1,176.24414,3,1
2022-09-02T05:30:00-00:00,2022-09-02T05:45:00-00:00,2022-09-01,23,AGUAMNSA_7_B1,AGUAMNSA_7_B1,AGUAMNSA_7_B1,RTPD,LMP,LMP_PRC,AGUAMNSA_7_B1,ALL,1,159.36433,3,1
2022-09-02T06:30:00-00:00,2022-09-02T06:45:00-00:00,2022-09-01,24,AGUAMNSA_7_B1,AGUAMNSA_7_B1,AGUAMNSA_7_B1,RTPD,LMP,LMP_PRC,AGUAMNSA_7_B1,ALL,1,155.48875,3,1
2022-09-01T07:45:00-00:00,2022-09-01T08:00:00-00:00,2022-09-01,01,AGUAMNSA_7_B1,AGUAMNSA_7_B1,AGUAMNSA_7_B1,RTPD,LMP,LMP_PRC,AGUAMNSA_7_B1,ALL,1,126.34358,4,1
2022-09-01T08:45:00-00:00,2022-09-01T09:00:00-00:00,2022-09-01,02,AGUAMNSA_7_B1,AGUAMNSA_7_B1,AGUAMNSA_7_B1,RTPD,LMP,LMP_PRC,AGUAMNSA_7_B1,ALL,1,112.22111,4,1
2022-09-01T09:45:00-00:00,2022-09-01T10:00:00-00:00,2022-09-01,03,AGUAMNSA_7_B1,AGUAMNSA_7_B1,AGUAMNSA_7_B1,RTPD,LMP,LMP_PRC,AGUAMNSA_7_B1,ALL,1,111.64925,4,1
2022-09-01T10:45:00-00:00,2022-09-01T11:00:00-00:00,2022-09-01,04,AGUAMNSA_7_B1,AGUAMNSA_7_B1,AGUAMNSA_7_B1,RTPD,LMP,LMP_PRC,AGUAMNSA_7_B1,ALL,1,105.27226,4,1
2022-09-01T11:45:00-00:00,2022-09-01T12:00:00-00:00,2022-09-01,05,AGUAMNSA_7_B1,AGUAMNSA_7_B1,AGUAMNSA_7_B1,RTPD,LMP,LMP_PRC,AGUAMNSA_7_B1,ALL,1,107.01,4,1
2022-09-01T12:45:00-00:00,2022-09-01T13:00:00-00:00,2022-09-01,06,AGUAMNSA_7_B1,AGUAMNSA_7_B1,AGUAMNSA_7_B1,RTPD,LMP,LMP_PRC,AGUAMNSA_7_B1,ALL,1,118.80086,4,1
2022-09-01T13:45:00-00:00,2022-09-01T14:00:00-00:00,2022-09-01,07,AGUAMNSA_7_B1,AGUAMNSA_7_B1,AGUAMNSA_7_B1,RTPD,LMP,LMP_PRC,AGUAMNSA_7_B1,ALL,1,111.41,4,1
2022-09-01T14:45:00-00:00,2022-09-01T15:00:00-00:00,2022-09-01,08,AGUAMNSA_7_B1,AGUAMNSA_7_B1,AGUAMNSA_7_B1,RTPD,LMP,LMP_PRC,AGUAMNSA_7_B1,ALL,1,86.1388,4,1
2022-09-01T15:45:00-00:00,2022-09-01T16:00:00-00:00,2022-09-01,09,AGUAMNSA_7_B1,AGUAMNSA_7_B1,AGUAMNSA_7_B1,RTPD,LMP,LMP_PRC,AGUAMNSA_7_B1,ALL,1,79.9742,4,1
2022-09-01T16:45:00-00:00,2022-09-01T17:00:00-00:00,2022-09-01,10,AGUAMNSA_7_B1,AGUAMNSA_7_B1,AGUAMNSA_7_B1,RTPD,LMP,LMP_PRC,AGUAMNSA_7_B1,ALL,1,102.85375,4,1
2022-09-01T17:45:00-00:00,2022-09-01T18:00:00-00:00,2022-09-01,11,AGUAMNSA_7_B1,AGUAMNSA_7_B1,AGUAMNSA_7_B1,RTPD,LMP,LMP_PRC,AGUAMNSA_7_B1,ALL,1,117.10745,4,1
2022-09-01T18:45:00-00:00,2022-09-01T19:00:00-00:00,2022-09-01,12,AGUAMNSA_7_B1,AGUAMNSA_7_B1,AGUAMNSA_7_B1,RTPD,LMP,LMP_PRC,AGUAMNSA_7_B1,ALL,1,133.44427,4,1
2022-09-01T19:45:00-00:00,2022-09-01T20:00:00-00:00,2022-09-01,13,AGUAMNSA_7_B1,AGUAMNSA_7_B1,AGUAMNSA_7_B1,RTPD,LMP,LMP_PRC,AGUAMNSA_7_B1,ALL,1,132.10753,4,1
2022-09-01T20:45:00-00:00,2022-09-01T21:00:00-00:00,2022-09-01,14,AGUAMNSA_7_B1,AGUAMNSA_7_B1,AGUAMNSA_7_B1,RTPD,LMP,LMP_PRC,AGUAMNSA_7_B1,ALL,1,178.72379,4,1
2022-09-01T21:45:00-00:00,2022-09-01T22:00:00-00:00,2022-09-01,15,AGUAMNSA_7_B1,AGUAMNSA_7_B1,AGUAMNSA_7_B1,RTPD,LMP,LMP_PRC,AGUAMNSA_7_B1,ALL,1,389.5329,4,1
2022-09-01T22:45:00-00:00,2022-09-01T23:00:00-00:00,2022-09-01,16,AGUAMNSA_7_B1,AGUAMNSA_7_B1,AGUAMNSA_7_B1,RTPD,LMP,LMP_PRC,AGUAMNSA_7_B1,ALL,1,687.4172,4,1
2022-09-01T23:45:00-00:00,2022-09-02T00:00:00-00:00,2022-09-01,17,AGUAMNSA_7_B1,AGUAMNSA_7_B1,AGUAMNSA_7_B1,RTPD,LMP,LMP_PRC,AGUAMNSA_7_B1,ALL,1,1502.6986,4,1
2022-09-02T00:45:00-00:00,2022-09-02T01:00:00-00:00,2022-09-01,18,AGUAMNSA_7_B1,AGUAMNSA_7_B1,AGUAMNSA_7_B1,RTPD,LMP,LMP_PRC,AGUAMNSA_7_B1,ALL,1,1746.2206,4,1
2022-09-02T01:45:00-00:00,2022-09-02T02:00:00-00:00,2022-09-01,19,AGUAMNSA_7_B1,AGUAMNSA_7_B1,AGUAMNSA_7_B1,RTPD,LMP,LMP_PRC,AGUAMNSA_7_B1,ALL,1,1991.9337,4,1
2022-09-02T02:45:00-00:00,2022-09-02T03:00:00-00:00,2022-09-01,20,AGUAMNSA_7_B1,AGUAMNSA_7_B1,AGUAMNSA_7_B1,RTPD,LMP,LMP_PRC,AGUAMNSA_7_B1,ALL,1,1938.5859,4,1
2022-09-02T03:45:00-00:00,2022-09-02T04:00:00-00:00,2022-09-01,21,AGUAMNSA_7_B1,AGUAMNSA_7_B1,AGUAMNSA_7_B1,RTPD,LMP,LMP_PRC,AGUAMNSA_7_B1,ALL,1,172.08945,4,1
2022-09-02T04:45:00-00:00,2022-09-02T05:00:00-00:00,2022-09-01,22,AGUAMNSA_7_B1,AGUAMNSA_7_B1,AGUAMNSA_7_B1,RTPD,LMP,LMP_PRC,AGUAMNSA_7_B1,ALL,1,153.50769,4,1
2022-09-02T05:45:00-00:00,2022-09-02T06:00:00-00:00,2022-09-01,23,AGUAMNSA_7_B1,AGUAMNSA_7_B1,AGUAMNSA_7_B1,RTPD,LMP,LMP_PRC,AGUAMNSA_7_B1,ALL,1,138.48997,4,1
2022-09-02T06:45:00-00:00,2022-09-02T07:00:00-00:00,2022-09-01,24,AGUAMNSA_7_B1,AGUAMNSA_7_B1,AGUAMNSA_7_B1,RTPD,LMP,LMP_PRC,AGUAMNSA_7_B1,ALL,1,127.80287,4,1
2022-09-01T07:00:00-00:00,2022-09-01T07:15:00-00:00,2022-09-01,01,AGUAMNSA_7_B1,AGUAMNSA_7_B1,AGUAMNSA_7_B1,RTPD,MCC,LMP_CONG_PRC,AGUAMNSA_7_B1,ALL,1,44.11616,1,2
2022-09-01T08:00:00-00:00,2022-09-01T08:15:00-00:00,2022-09-01,02,AGUAMNSA_7_B1,AGUAMNSA_7_B1,AGUAMNSA_7_B1,RTPD,MCC,LMP_CONG_PRC,AGUAMNSA_7_B1,ALL,1,3.13303,1,2
2022-09-01T09:00:00-00:00,2022-09-01T09:15:00-00:00,2022-09-01,03,AGUAMNSA_7_B1,AGUAMNSA_7_B1,AGUAMNSA_7_B1,RTPD,MCC,LMP_CONG_PRC,AGUAMNSA_7_B1,ALL,1,4.19792,1,2
2022-09-01T10:00:00-00:00,2022-09-01T10:15:00-00:00,2022-09-01,04,AGUAMNSA_7_B1,AGUAMNSA_7_B1,AGUAMNSA_7_B1,RTPD,MCC,LMP_CONG_PRC,AGUAMNSA_7_B1,ALL,1,3.68181,1,2
2022-09-01T11:00:00-00:00,2022-09-01T11:15:00-00:00,2022-09-01,05,AGUAMNSA_7_B1,AGUAMNSA_7_B1,AGUAMNSA_7_B1,RTPD,MCC,LMP_CONG_PRC,AGUAMNSA_7_B1,ALL,1,0,1,2
2022-09-01T12:00:00-00:00,2022-09-01T12:15:00-00:00,2022-09-01,06,AGUAMNSA_7_B1,AGUAMNSA_7_B1,AGUAMNSA_7_B1,RTPD,MCC,LMP_CONG_PRC,AGUAMNSA_7_B1,ALL,1,9.71092,1,2
2022-09-01T13:00:00-00:00,2022-09-01T13:15:00-00:00,2022-09-01,07,AGUAMNSA_7_B1,AGUAMNSA_7_B1,AGUAMNSA_7_B1,RTPD,MCC,LMP_CONG_PRC,AGUAMNSA_7_B1,ALL,1,13.21915,1,2
2022-09-01T14:00:00-00:00,2022-09-01T14:15:00-00:00,2022-09-01,08,AGUAMNSA_7_B1,AGUAMNSA_7_B1,AGUAMNSA_7_B1,RTPD,MCC,LMP_CONG_PRC,AGUAMNSA_7_B1,ALL,1,0,1,2
2022-09-01T15:00:00-00:00,2022-09-01T15:15:00-00:00,2022-09-01,09,AGUAMNSA_7_B1,AGUAMNSA_7_B1,AGUAMNSA_7_B1,RTPD,MCC,LMP_CONG_PRC,AGUAMNSA_7_B1,ALL,1,2.46439,1,2
2022-09-01T16:00:00-00:00,2022-09-01T16:15:00-00:00,2022-09-01,10,AGUAMNSA_7_B1,AGUAMNSA_7_B1,AGUAMNSA_7_B1,RTPD,MCC,LMP_CONG_PRC,AGUAMNSA_7_B1,ALL,1,1.44455,1,2
2022-09-01T17:00:00-00:00,2022-09-01T17:15:00-00:00,2022-09-01,11,AGUAMNSA_7_B1,AGUAMNSA_7_B1,AGUAMNSA_7_B1,RTPD,MCC,LMP_CONG_PRC,AGUAMNSA_7_B1,ALL,1,15.18455,1,2
2022-09-01T18:00:00-00:00,2022-09-01T18:15:00-00:00,2022-09-01,12,AGUAMNSA_7_B1,AGUAMNSA_7_B1,AGUAMNSA_7_B1,RTPD,MCC,LMP_CONG_PRC,AGUAMNSA_7_B1,ALL,1,28.16144,1,2
2022-09-01T19:00:00-00:00,2022-09-01T19:15:00-00:00,2022-09-01,13,AGUAMNSA_7_B1,AGUAMNSA_7_B1,AGUAMNSA_7_B1,RTPD,MCC,LMP_CONG_PRC,AGUAMNSA_7_B1,ALL,1,30.38201,1,2
2022-09-01T20:00:00-00:00,2022-09-01T20:15:00-00:00,2022-09-01,14,AGUAMNSA_7_B1,AGUAMNSA_7_B1,AGUAMNSA_7_B1,RTPD,MCC,LMP_CONG_PRC,AGUAMNSA_7_B1,ALL,1,2.96855,1,2
2022-09-01T21:00:00-00:00,2022-09-01T21:15:00-00:00,2022-09-01,15,AGUAMNSA_7_B1,AGUAMNSA_7_B1,AGUAMNSA_7_B1,RTPD,MCC,LMP_CONG_PRC,AGUAMNSA_7_B1,ALL,1,100.44527,1,2
2022-09-01T22:00:00-00:00,2022-09-01T22:15:00-00:00,2022-09-01,16,AGUAMNSA_7_B1,AGUAMNSA_7_B1,AGUAMNSA_7_B1,RTPD,MCC,LMP_CONG_PRC,AGUAMNSA_7_B1,ALL,1,105.22475,1,2
2022-09-01T23:00:00-00:00,2022-09-01T23:15:00-00:00,2022-09-01,17,AGUAMNSA_7_B1,AGUAMNSA_7_B1,AGUAMNSA_7_B1,RTPD,MCC,LMP_CONG_PRC,AGUAMNSA_7_B1,ALL,1,221.22568,1,2
2022-09-02T00:00:00-00:00,2022-09-02T00:15:00-00:00,2022-09-01,18,AGUAMNSA_7_B1,AGUAMNSA_7_B1,AGUAMNSA_7_B1,RTPD,MCC,LMP_CONG_PRC,AGUAMNSA_7_B1,ALL,1,190.99283,1,2
2022-09-02T01:00:00-00:00,2022-09-02T01:15:00-00:00,2022-09-01,19,AGUAMNSA_7_B1,AGUAMNSA_7_B1,AGUAMNSA_7_B1,RTPD,MCC,LMP_CONG_PRC,AGUAMNSA_7_B1,ALL,1,186.66103,1,2
2022-09-02T02:00:00-00:00,2022-09-02T02:15:00-00:00,2022-09-01,20,AGUAMNSA_7_B1,AGUAMNSA_7_B1,AGUAMNSA_7_B1,RTPD,MCC,LMP_CONG_PRC,AGUAMNSA_7_B1,ALL,1,0,1,2
2022-09-02T03:00:00-00:00,2022-09-02T03:15:00-00:00,2022-09-01,21,AGUAMNSA_7_B1,AGUAMNSA_7_B1,AGUAMNSA_7_B1,RTPD,MCC,LMP_CONG_PRC,AGUAMNSA_7_B1,ALL,1,324.9368,1,2
2022-09-02T04:00:00-00:00,2022-09-02T04:15:00-00:00,2022-09-01,22,AGUAMNSA_7_B1,AGUAMNSA_7_B1,AGUAMNSA_7_B1,RTPD,MCC,LMP_CONG_PRC,AGUAMNSA_7_B1,ALL,1,-54.48064,1,2
2022-09-02T05:00:00-00:00,2022-09-02T05:15:00-00:00,2022-09-01,23,AGUAMNSA_7_B1,AGUAMNSA_7_B1,AGUAMNSA_7_B1,RTPD,MCC,LMP_CONG_PRC,AGUAMNSA_7_B1,ALL,1,20.69722,1,2
2022-09-02T06:00:00-00:00,2022-09-02T06:15:00-00:00,2022-09-01,24,AGUAMNSA_7_B1,AGUAMNSA_7_B1,AGUAMNSA_7_B1,RTPD,MCC,LMP_CONG_PRC,AGUAMNSA_7_B1,ALL,1,0.62575,1,2
2022-09-01T07:15:00-00:00,2022-09-01T07:30:00-00:00,2022-09-01,01,AGUAMNSA_7_B1,AGUAMNSA_7_B1,AGUAMNSA_7_B1,RTPD,MCC,LMP_CONG_PRC,AGUAMNSA_7_B1,ALL,1,9.25909,2,2
2022-09-01T08:15:00-00:00,2022-09-01T08:30:00-00:00,2022-09-01,02,AGUAMNSA_7_B1,AGUAMNSA_7_B1,AGUAMNSA_7_B1,RTPD,MCC,LMP_CONG_PRC,AGUAMNSA_7_B1,ALL,1,0.85311,2,2
2022-09-01T09:15:00-00:00,2022-09-01T09:30:00-00:00,2022-09-01,03,AGUAMNSA_7_B1,AGUAMNSA_7_B1,AGUAMNSA_7_B1,RTPD,MCC,LMP_CONG_PRC,AGUAMNSA_7_B1,ALL,1,5.54423,2,2
2022-09-01T10:15:00-00:00,2022-09-01T10:30:00-00:00,2022-09-01,04,AGUAMNSA_7_B1,AGUAMNSA_7_B1,AGUAMNSA_7_B1,RTPD,MCC,LMP_CONG_PRC,AGUAMNSA_7_B1,ALL,1,5.20972,2,2
2022-09-01T11:15:00-00:00,2022-09-01T11:30:00-00:00,2022-09-01,05,AGUAMNSA_7_B1,AGUAMNSA_7_B1,AGUAMNSA_7_B1,RTPD,MCC,LMP_CONG_PRC,AGUAMNSA_7_B1,ALL,1,0,2,2
2022-09-01T12:15:00-00:00,2022-09-01T12:30:00-00:00,2022-09-01,06,AGUAMNSA_7_B1,AGUAMNSA_7_B1,AGUAMNSA_7_B1,RTPD,MCC,LMP_CONG_PRC,AGUAMNSA_7_B1,ALL,1,5.95039,2,2
2022-09-01T13:15:00-00:00,2022-09-01T13:30:00-00:00,2022-09-01,07,AGUAMNSA_7_B1,AGUAMNSA_7_B1,AGUAMNSA_7_B1,RTPD,MCC,LMP_CONG_PRC,AGUAMNSA_7_B1,ALL,1,0.56872,2,2
2022-09-01T14:15:00-00:00,2022-09-01T14:30:00-00:00,2022-09-01,08,AGUAMNSA_7_B1,AGUAMNSA_7_B1,AGUAMNSA_7_B1,RTPD,MCC,LMP_CONG_PRC,AGUAMNSA_7_B1,ALL,1,0,2,2
2022-09-01T15:15:00-00:00,2022-09-01T15:30:00-00:00,2022-09-01,09,AGUAMNSA_7_B1,AGUAMNSA_7_B1,AGUAMNSA_7_B1,RTPD,MCC,LMP_CONG_PRC,AGUAMNSA_7_B1,ALL,1,3.03079,2,2
2022-09-01T16:15:00-00:00,2022-09-01T16:30:00-00:00,2022-09-01,10,AGUAMNSA_7_B1,AGUAMNSA_7_B1,AGUAMNSA_7_B1,RTPD,MCC,LMP_CONG_PRC,AGUAMNSA_7_B1,ALL,1,2.62881,2,2
2022-09-01T17:15:00-00:00,2022-09-01T17:30:00-00:00,2022-09-01,11,AGUAMNSA_7_B1,AGUAMNSA_7_B1,AGUAMNSA_7_B1,RTPD,MCC,LMP_CONG_PRC,AGUAMNSA_7_B1,ALL,1,18.66727,2,2
2022-09-01T18:15:00-00:00,2022-09-01T18:30:00-00:00,2022-09-01,12,AGUAMNSA_7_B1,AGUAMNSA_7_B1,AGUAMNSA_7_B1,RTPD,MCC,LMP_CONG_PRC,AGUAMNSA_7_B1,ALL,1,23.75962,2,2
2022-09-01T19:15:00-00:00,2022-09-01T19:30:00-00:00,2022-09-01,13,AGUAMNSA_7_B1,AGUAMNSA_7_B1,AGUAMNSA_7_B1,RTPD,MCC,LMP_CONG_PRC,AGUAMNSA_7_B1,ALL,1,24.86337,2,2
2022-09-01T20:15:00-00:00,2022-09-01T20:30:00-00:00,2022-09-01,14,AGUAMNSA_7_B1,AGUAMNSA_7_B1,AGUAMNSA_7_B1,RTPD,MCC,LMP_CONG_PRC,AGUAMNSA_7_B1,ALL,1,2.67324,2,2
2022-09-01T21:15:00-00:00,2022-09-01T21:30:00-00:00,2022-09-01,15,AGUAMNSA_7_B1,AGUAMNSA_7_B1,AGUAMNSA_7_B1,RTPD,MCC,LMP_CONG_PRC,AGUAMNSA_7_B1,ALL,1,24.05188,2,2
2022-09-01T22:15:00-00:00,2022-09-01T22:30:00-00:00,2022-09-01,16,AGUAMNSA_7_B1,AGUAMNSA_7_B1,AGUAMNSA_7_B1,RTPD,MCC,LMP_CONG_PRC,AGUAMNSA_7_B1,ALL,1,116.08974,2,2
2022-09-01T23:15:00-00:00,2022-09-01T23:30:00-00:00,2022-09-01,17,AGUAMNSA_7_B1,AGUAMNSA_7_B1,AGUAMNSA_7_B1,RTPD,MCC,LMP_CONG_PRC,AGUAMNSA_7_B1,ALL,1,149.49661,2,2
2022-09-02T00:15:00-00:00,2022-09-02T00:30:00-00:00,2022-09-01,18,AGUAMNSA_7_B1,AGUAMNSA_7_B1,AGUAMNSA_7_B1,RTPD,MCC,LMP_CONG_PRC,AGUAMNSA_7_B1,ALL,1,184.46394,2,2
2022-09-02T01:15:00-00:00,2022-09-02T01:30:00-00:00,2022-09-01,19,AGUAMNSA_7_B1,AGUAMNSA_7_B1,AGUAMNSA_7_B1,RTPD,MCC,LMP_CONG_PRC,AGUAMNSA_7_B1,ALL,1,0,2,2
2022-09-02T02:15:00-00:00,2022-09-02T02:30:00-00:00,2022-09-01,20,AGUAMNSA_7_B1,AGUAMNSA_7_B1,AGUAMNSA_7_B1,RTPD,MCC,LMP_CONG_PRC,AGUAMNSA_7_B1,ALL,1,0,2,2
2022-09-02T03:15:00-00:00,2022-09-02T03:30:00-00:00,2022-09-01,21,AGUAMNSA_7_B1,AGUAMNSA_7_B1,AGUAMNSA_7_B1,RTPD,MCC,LMP_CONG_PRC,AGUAMNSA_7_B1,ALL,1,114.50564,2,2
2022-09-02T04:15:00-00:00,2022-09-02T04:30:00-00:00,2022-09-01,22,AGUAMNSA_7_B1,AGUAMNSA_7_B1,AGUAMNSA_7_B1,RTPD,MCC,LMP_CONG_PRC,AGUAMNSA_7_B1,ALL,1,-53.99646,2,2
2022-09-02T05:15:00-00:00,2022-09-02T05:30:00-00:00,2022-09-01,23,AGUAMNSA_7_B1,AGUAMNSA_7_B1,AGUAMNSA_7_B1,RTPD,MCC,LMP_CONG_PRC,AGUAMNSA_7_B1,ALL,1,19.7997,2,2
2022-09-02T06:15:00-00:00,2022-09-02T06:30:00-00:00,2022-09-01,24,AGUAMNSA_7_B1,AGUAMNSA_7_B1,AGUAMNSA_7_B1,RTPD,MCC,LMP_CONG_PRC,AGUAMNSA_7_B1,ALL,1,6.80708,2,2
2022-09-01T07:30:00-00:00,2022-09-01T07:45:00-00:00,2022-09-01,01,AGUAMNSA_7_B1,AGUAMNSA_7_B1,AGUAMNSA_7_B1,RTPD,MCC,LMP_CONG_PRC,AGUAMNSA_7_B1,ALL,1,15.06994,3,2
2022-09-01T08:30:00-00:00,2022-09-01T08:45:00-00:00,2022-09-01,02,AGUAMNSA_7_B1,AGUAMNSA_7_B1,AGUAMNSA_7_B1,RTPD,MCC,LMP_CONG_PRC,AGUAMNSA_7_B1,ALL,1,0.00081,3,2
2022-09-01T09:30:00-00:00,2022-09-01T09:45:00-00:00,2022-09-01,03,AGUAMNSA_7_B1,AGUAMNSA_7_B1,AGUAMNSA_7_B1,RTPD,MCC,LMP_CONG_PRC,AGUAMNSA_7_B1,ALL,1,5.49447,3,2
2022-09-01T10:30:00-00:00,2022-09-01T10:45:00-00:00,2022-09-01,04,AGUAMNSA_7_B1,AGUAMNSA_7_B1,AGUAMNSA_7_B1,RTPD,MCC,LMP_CONG_PRC,AGUAMNSA_7_B1,ALL,1,2.96048,3,2
2022-09-01T11:30:00-00:00,2022-09-01T11:45:00-00:00,2022-09-01,05,AGUAMNSA_7_B1,AGUAMNSA_7_B1,AGUAMNSA_7_B1,RTPD,MCC,LMP_CONG_PRC,AGUAMNSA_7_B1,ALL,1,0,3,2
2022-09-01T12:30:00-00:00,2022-09-01T12:45:00-00:00,2022-09-01,06,AGUAMNSA_7_B1,AGUAMNSA_7_B1,AGUAMNSA_7_B1,RTPD,MCC,LMP_CONG_PRC,AGUAMNSA_7_B1,ALL,1,10.30291,3,2
2022-09-01T13:30:00-00:00,2022-09-01T13:45:00-00:00,2022-09-01,07,AGUAMNSA_7_B1,AGUAMNSA_7_B1,AGUAMNSA_7_B1,RTPD,MCC,LMP_CONG_PRC,AGUAMNSA_7_B1,ALL,1,0,3,2
2022-09-01T14:30:00-00:00,2022-09-01T14:45:00-00:00,2022-09-01,08,AGUAMNSA_7_B1,AGUAMNSA_7_B1,AGUAMNSA_7_B1,RTPD,MCC,LMP_CONG_PRC,AGUAMNSA_7_B1,ALL,1,0,3,2
2022-09-01T15:30:00-00:00,2022-09-01T15:45:00-00:00,2022-09-01,09,AGUAMNSA_7_B1,AGUAMNSA_7_B1,AGUAMNSA_7_B1,RTPD,MCC,LMP_CONG_PRC,AGUAMNSA_7_B1,ALL,1,4.57149,3,2
2022-09-01T16:30:00-00:00,2022-09-01T16:45:00-00:00,2022-09-01,10,AGUAMNSA_7_B1,AGUAMNSA_7_B1,AGUAMNSA_7_B1,RTPD,MCC,LMP_CONG_PRC,AGUAMNSA_7_B1,ALL,1,13.01415,3,2
2022-09-01T17:30:00-00:00,2022-09-01T17:45:00-00:00,2022-09-01,11,AGUAMNSA_7_B1,AGUAMNSA_7_B1,AGUAMNSA_7_B1,RTPD,MCC,LMP_CONG_PRC,AGUAMNSA_7_B1,ALL,1,18.14178,3,2
2022-09-01T18:30:00-00:00,2022-09-01T18:45:00-00:00,2022-09-01,12,AGUAMNSA_7_B1,AGUAMNSA_7_B1,AGUAMNSA_7_B1,RTPD,MCC,LMP_CONG_PRC,AGUAMNSA_7_B1,ALL,1,24.19802,3,2
2022-09-01T19:30:00-00:00,2022-09-01T19:45:00-00:00,2022-09-01,13,AGUAMNSA_7_B1,AGUAMNSA_7_B1,AGUAMNSA_7_B1,RTPD,MCC,LMP_CONG_PRC,AGUAMNSA_7_B1,ALL,1,10.95591,3,2
2022-09-01T20:30:00-00:00,2022-09-01T20:45:00-00:00,2022-09-01,14,AGUAMNSA_7_B1,AGUAMNSA_7_B1,AGUAMNSA_7_B1,RTPD,MCC,LMP_CONG_PRC,AGUAMNSA_7_B1,ALL,1,11.20881,3,2
2022-09-01T21:30:00-00:00,2022-09-01T21:45:00-00:00,2022-09-01,15,AGUAMNSA_7_B1,AGUAMNSA_7_B1,AGUAMNSA_7_B1,RTPD,MCC,LMP_CONG_PRC,AGUAMNSA_7_B1,ALL,1,22.90624,3,2
2022-09-01T22:30:00-00:00,2022-09-01T22:45:00-00:00,2022-09-01,16,AGUAMNSA_7_B1,AGUAMNSA_7_B1,AGUAMNSA_7_B1,RTPD,MCC,LMP_CONG_PRC,AGUAMNSA_7_B1,ALL,1,127.02552,3,2
2022-09-01T23:30:00-00:00,2022-09-01T23:45:00-00:00,2022-09-01,17,AGUAMNSA_7_B1,AGUAMNSA_7_B1,AGUAMNSA_7_B1,RTPD,MCC,LMP_CONG_PRC,AGUAMNSA_7_B1,ALL,1,19.68241,3,2
2022-09-02T00:30:00-00:00,2022-09-02T00:45:00-00:00,2022-09-01,18,AGUAMNSA_7_B1,AGUAMNSA_7_B1,AGUAMNSA_7_B1,RTPD,MCC,LMP_CONG_PRC,AGUAMNSA_7_B1,ALL,1,262.1804,3,2
2022-09-02T01:30:00-00:00,2022-09-02T01:45:00-00:00,2022-09-01,19,AGUAMNSA_7_B1,AGUAMNSA_7_B1,AGUAMNSA_7_B1,RTPD,MCC,LMP_CONG_PRC,AGUAMNSA_7_B1,ALL,1,0,3,2
2022-09-02T02:30:00-00:00,2022-09-02T02:45:00-00:00,2022-09-01,20,AGUAMNSA_7_B1,AGUAMNSA_7_B1,AGUAMNSA_7_B1,RTPD,MCC,LMP_CONG_PRC,AGUAMNSA_7_B1,ALL,1,0,3,2
2022-09-02T03:30:00-00:00,2022-09-02T03:45:00-00:00,2022-09-01,21,AGUAMNSA_7_B1,AGUAMNSA_7_B1,AGUAMNSA_7_B1,RTPD,MCC,LMP_CONG_PRC,AGUAMNSA_7_B1,ALL,1,27.60687,3,2
2022-09-02T04:30:00-00:00,2022-09-02T04:45:00-00:00,2022-09-01,22,AGUAMNSA_7_B1,AGUAMNSA_7_B1,AGUAMNSA_7_B1,RTPD,MCC,LMP_CONG_PRC,AGUAMNSA_7_B1,ALL,1,-22.71874,3,2
2022-09-02T05:30:00-00:00,2022-09-02T05:45:00-00:00,2022-09-01,23,AGUAMNSA_7_B1,AGUAMNSA_7_B1,AGUAMNSA_7_B1,RTPD,MCC,LMP_CONG_PRC,AGUAMNSA_7_B1,ALL,1,15.79907,3,2
2022-09-02T06:30:00-00:00,2022-09-02T06:45:00-00:00,2022-09-01,24,AGUAMNSA_7_B1,AGUAMNSA_7_B1,AGUAMNSA_7_B1,RTPD,MCC,LMP_CONG_PRC,AGUAMNSA_7_B1,ALL,1,14.97019,3,2
2022-09-01T07:45:00-00:00,2022-09-01T08:00:00-00:00,2022-09-01,01,AGUAMNSA_7_B1,AGUAMNSA_7_B1,AGUAMNSA_7_B1,RTPD,MCC,LMP_CONG_PRC,AGUAMNSA_7_B1,ALL,1,17.2226,4,2
2022-09-01T08:45:00-00:00,2022-09-01T09:00:00-00:00,2022-09-01,02,AGUAMNSA_7_B1,AGUAMNSA_7_B1,AGUAMNSA_7_B1,RTPD,MCC,LMP_CONG_PRC,AGUAMNSA_7_B1,ALL,1,4.20426,4,2
2022-09-01T09:45:00-00:00,2022-09-01T10:00:00-00:00,2022-09-01,03,AGUAMNSA_7_B1,AGUAMNSA_7_B1,AGUAMNSA_7_B1,RTPD,MCC,LMP_CONG_PRC,AGUAMNSA_7_B1,ALL,1,4.94981,4,2
2022-09-01T10:45:00-00:00,2022-09-01T11:00:00-00:00,2022-09-01,04,AGUAMNSA_7_B1,AGUAMNSA_7_B1,AGUAMNSA_7_B1,RTPD,MCC,LMP_CONG_PRC,AGUAMNSA_7_B1,ALL,1,1.16589,4,2
2022-09-01T11:45:00-00:00,2022-09-01T12:00:00-00:00,2022-09-01,05,AGUAMNSA_7_B1,AGUAMNSA_7_B1,AGUAMNSA_7_B1,RTPD,MCC,LMP_CONG_PRC,AGUAMNSA_7_B1,ALL,1,0,4,2
2022-09-01T12:45:00-00:00,2022-09-01T13:00:00-00:00,2022-09-01,06,AGUAMNSA_7_B1,AGUAMNSA_7_B1,AGUAMNSA_7_B1,RTPD,MCC,LMP_CONG_PRC,AGUAMNSA_7_B1,ALL,1,2.31606,4,2
2022-09-01T13:45:00-00:00,2022-09-01T14:00:00-00:00,2022-09-01,07,AGUAMNSA_7_B1,AGUAMNSA_7_B1,AGUAMNSA_7_B1,RTPD,MCC,LMP_CONG_PRC,AGUAMNSA_7_B1,ALL,1,0,4,2
2022-09-01T14:45:00-00:00,2022-09-01T15:00:00-00:00,2022-09-01,08,AGUAMNSA_7_B1,AGUAMNSA_7_B1,AGUAMNSA_7_B1,RTPD,MCC,LMP_CONG_PRC,AGUAMNSA_7_B1,ALL,1,0,4,2
2022-09-01T15:45:00-00:00,2022-09-01T16:00:00-00:00,2022-09-01,09,AGUAMNSA_7_B1,AGUAMNSA_7_B1,AGUAMNSA_7_B1,RTPD,MCC,LMP_CONG_PRC,AGUAMNSA_7_B1,ALL,1,1.27344,4,2
2022-09-01T16:45:00-00:00,2022-09-01T17:00:00-00:00,2022-09-01,10,AGUAMNSA_7_B1,AGUAMNSA_7_B1,AGUAMNSA_7_B1,RTPD,MCC,LMP_CONG_PRC,AGUAMNSA_7_B1,ALL,1,11.60442,4,2
2022-09-01T17:45:00-00:00,2022-09-01T18:00:00-00:00,2022-09-01,11,AGUAMNSA_7_B1,AGUAMNSA_7_B1,AGUAMNSA_7_B1,RTPD,MCC,LMP_CONG_PRC,AGUAMNSA_7_B1,ALL,1,17.90201,4,2
2022-09-01T18:45:00-00:00,2022-09-01T19:00:00-00:00,2022-09-01,12,AGUAMNSA_7_B1,AGUAMNSA_7_B1,AGUAMNSA_7_B1,RTPD,MCC,LMP_CONG_PRC,AGUAMNSA_7_B1,ALL,1,24.40364,4,2
2022-09-01T19:45:00-00:00,2022-09-01T20:00:00-00:00,2022-09-01,13,AGUAMNSA_7_B1,AGUAMNSA_7_B1,AGUAMNSA_7_B1,RTPD,MCC,LMP_CONG_PRC,AGUAMNSA_7_B1,ALL,1,11.88262,4,2
2022-09-01T20:45:00-00:00,2022-09-01T21:00:00-00:00,2022-09-01,14,AGUAMNSA_7_B1,AGUAMNSA_7_B1,AGUAMNSA_7_B1,RTPD,MCC,LMP_CONG_PRC,AGUAMNSA_7_B1,ALL,1,24.69869,4,2
2022-09-01T21:45:00-00:00,2022-09-01T22:00:00-00:00,2022-09-01,15,AGUAMNSA_7_B1,AGUAMNSA_7_B1,AGUAMNSA_7_B1,RTPD,MCC,LMP_CONG_PRC,AGUAMNSA_7_B1,ALL,1,89.23914,4,2
2022-09-01T22:45:00-00:00,2022-09-01T23:00:00-00:00,2022-09-01,16,AGUAMNSA_7_B1,AGUAMNSA_7_B1,AGUAMNSA_7_B1,RTPD,MCC,LMP_CONG_PRC,AGUAMNSA_7_B1,ALL,1,257.50348,4,2
2022-09-01T23:45:00-00:00,2022-09-02T00:00:00-00:00,2022-09-01,17,AGUAMNSA_7_B1,AGUAMNSA_7_B1,AGUAMNSA_7_B1,RTPD,MCC,LMP_CONG_PRC,AGUAMNSA_7_B1,ALL,1,241.4862,4,2
2022-09-02T00:45:00-00:00,2022-09-02T01:00:00-00:00,2022-09-01,18,AGUAMNSA_7_B1,AGUAMNSA_7_B1,AGUAMNSA_7_B1,RTPD,MCC,LMP_CONG_PRC,AGUAMNSA_7_B1,ALL,1,227.0716,4,2
2022-09-02T01:45:00-00:00,2022-09-02T02:00:00-00:00,2022-09-01,19,AGUAMNSA_7_B1,AGUAMNSA_7_B1,AGUAMNSA_7_B1,RTPD,MCC,LMP_CONG_PRC,AGUAMNSA_7_B1,ALL,1,0,4,2
2022-09-02T02:45:00-00:00,2022-09-02T03:00:00-00:00,2022-09-01,20,AGUAMNSA_7_B1,AGUAMNSA_7_B1,AGUAMNSA_7_B1,RTPD,MCC,LMP_CONG_PRC,AGUAMNSA_7_B1,ALL,1,134.59505,4,2
2022-09-02T03:45:00-00:00,2022-09-02T04:00:00-00:00,2022-09-01,21,AGUAMNSA_7_B1,AGUAMNSA_7_B1,AGUAMNSA_7_B1,RTPD,MCC,LMP_CONG_PRC,AGUAMNSA_7_B1,ALL,1,18.64529,4,2
2022-09-02T04:45:00-00:00,2022-09-02T05:00:00-00:00,2022-09-01,22,AGUAMNSA_7_B1,AGUAMNSA_7_B1,AGUAMNSA_7_B1,RTPD,MCC,LMP_CONG_PRC,AGUAMNSA_7_B1,ALL,1,14.94227,4,2
2022-09-02T05:45:00-00:00,2022-09-02T06:00:00-00:00,2022-09-01,23,AGUAMNSA_7_B1,AGUAMNSA_7_B1,AGUAMNSA_7_B1,RTPD,MCC,LMP_CONG_PRC,AGUAMNSA_7_B1,ALL,1,9.06707,4,2
2022-09-02T06:45:00-00:00,2022-09-02T07:00:00-00:00,2022-09-01,24,AGUAMNSA_7_B1,AGUAMNSA_7_B1,AGUAMNSA_7_B1,RTPD,MCC,LMP_CONG_PRC,AGUAMNSA_7_B1,ALL,1,9.36104,4,2
2022-09-01T07:00:00-00:00,2022-09-01T07:15:00-00:00,2022-09-01,01,AGUAMNSA_7_B1,AGUAMNSA_7_B1,AGUAMNSA_7_B1,RTPD,MCE,LMP_ENE_PRC,AGUAMNSA_7_B1,ALL,1,104.23471,1,3
2022-09-01T08:00:00-00:00,2022-09-01T08:15:00-00:00,2022-09-01,02,AGUAMNSA_7_B1,AGUAMNSA_7_B1,AGUAMNSA_7_B1,RTPD,MCE,LMP_ENE_PRC,AGUAMNSA_7_B1,ALL,1,115.5488,1,3
2022-09-01T09:00:00-00:00,2022-09-01T09:15:00-00:00,2022-09-01,03,AGUAMNSA_7_B1,AGUAMNSA_7_B1,AGUAMNSA_7_B1,RTPD,MCE,LMP_ENE_PRC,AGUAMNSA_7_B1,ALL,1,99.73061,1,3
2022-09-01T10:00:00-00:00,2022-09-01T10:15:00-00:00,2022-09-01,04,AGUAMNSA_7_B1,AGUAMNSA_7_B1,AGUAMNSA_7_B1,RTPD,MCE,LMP_ENE_PRC,AGUAMNSA_7_B1,ALL,1,98.64222,1,3
2022-09-01T11:00:00-00:00,2022-09-01T11:15:00-00:00,2022-09-01,05,AGUAMNSA_7_B1,AGUAMNSA_7_B1,AGUAMNSA_7_B1,RTPD,MCE,LMP_ENE_PRC,AGUAMNSA_7_B1,ALL,1,102.56859,1,3
2022-09-01T12:00:00-00:00,2022-09-01T12:15:00-00:00,2022-09-01,06,AGUAMNSA_7_B1,AGUAMNSA_7_B1,AGUAMNSA_7_B1,RTPD,MCE,LMP_ENE_PRC,AGUAMNSA_7_B1,ALL,1,96.90845,1,3
2022-09-01T13:00:00-00:00,2022-09-01T13:15:00-00:00,2022-09-01,07,AGUAMNSA_7_B1,AGUAMNSA_7_B1,AGUAMNSA_7_B1,RTPD,MCE,LMP_ENE_PRC,AGUAMNSA_7_B1,ALL,1,101.80878,1,3
2022-09-01T14:00:00-00:00,2022-09-01T14:15:00-00:00,2022-09-01,08,AGUAMNSA_7_B1,AGUAMNSA_7_B1,AGUAMNSA_7_B1,RTPD,MCE,LMP_ENE_PRC,AGUAMNSA_7_B1,ALL,1,111.11219,1,3
2022-09-01T15:00:00-00:00,2022-09-01T15:15:00-00:00,2022-09-01,09,AGUAMNSA_7_B1,AGUAMNSA_7_B1,AGUAMNSA_7_B1,RTPD,MCE,LMP_ENE_PRC,AGUAMNSA_7_B1,ALL,1,97.4112,1,3
2022-09-01T16:00:00-00:00,2022-09-01T16:15:00-00:00,2022-09-01,10,AGUAMNSA_7_B1,AGUAMNSA_7_B1,AGUAMNSA_7_B1,RTPD,MCE,LMP_ENE_PRC,AGUAMNSA_7_B1,ALL,1,83.43525,1,3
2022-09-01T17:00:00-00:00,2022-09-01T17:15:00-00:00,2022-09-01,11,AGUAMNSA_7_B1,AGUAMNSA_7_B1,AGUAMNSA_7_B1,RTPD,MCE,LMP_ENE_PRC,AGUAMNSA_7_B1,ALL,1,96.94897,1,3
2022-09-01T18:00:00-00:00,2022-09-01T18:15:00-00:00,2022-09-01,12,AGUAMNSA_7_B1,AGUAMNSA_7_B1,AGUAMNSA_7_B1,RTPD,MCE,LMP_ENE_PRC,AGUAMNSA_7_B1,ALL,1,91.59291,1,3
2022-09-01T19:00:00-00:00,2022-09-01T19:15:00-00:00,2022-09-01,13,AGUAMNSA_7_B1,AGUAMNSA_7_B1,AGUAMNSA_7_B1,RTPD,MCE,LMP_ENE_PRC,AGUAMNSA_7_B1,ALL,1,109.19637,1,3
2022-09-01T20:00:00-00:00,2022-09-01T20:15:00-00:00,2022-09-01,14,AGUAMNSA_7_B1,AGUAMNSA_7_B1,AGUAMNSA_7_B1,RTPD,MCE,LMP_ENE_PRC,AGUAMNSA_7_B1,ALL,1,117.94359,1,3
2022-09-01T21:00:00-00:00,2022-09-01T21:15:00-00:00,2022-09-01,15,AGUAMNSA_7_B1,AGUAMNSA_7_B1,AGUAMNSA_7_B1,RTPD,MCE,LMP_ENE_PRC,AGUAMNSA_7_B1,ALL,1,226.61499,1,3
2022-09-01T22:00:00-00:00,2022-09-01T22:15:00-00:00,2022-09-01,16,AGUAMNSA_7_B1,AGUAMNSA_7_B1,AGUAMNSA_7_B1,RTPD,MCE,LMP_ENE_PRC,AGUAMNSA_7_B1,ALL,1,229.18552,1,3
2022-09-01T23:00:00-00:00,2022-09-01T23:15:00-00:00,2022-09-01,17,AGUAMNSA_7_B1,AGUAMNSA_7_B1,AGUAMNSA_7_B1,RTPD,MCE,LMP_ENE_PRC,AGUAMNSA_7_B1,ALL,1,386.7537,1,3
2022-09-02T00:00:00-00:00,2022-09-02T00:15:00-00:00,2022-09-01,18,AGUAMNSA_7_B1,AGUAMNSA_7_B1,AGUAMNSA_7_B1,RTPD,MCE,LMP_ENE_PRC,AGUAMNSA_7_B1,ALL,1,770.58136,1,3
2022-09-02T01:00:00-00:00,2022-09-02T01:15:00-00:00,2022-09-01,19,AGUAMNSA_7_B1,AGUAMNSA_7_B1,AGUAMNSA_7_B1,RTPD,MCE,LMP_ENE_PRC,AGUAMNSA_7_B1,ALL,1,916.27124,1,3
2022-09-02T02:00:00-00:00,2022-09-02T02:15:00-00:00,2022-09-01,20,AGUAMNSA_7_B1,AGUAMNSA_7_B1,AGUAMNSA_7_B1,RTPD,MCE,LMP_ENE_PRC,AGUAMNSA_7_B1,ALL,1,1991.6721,1,3
2022-09-02T03:00:00-00:00,2022-09-02T03:15:00-00:00,2022-09-01,21,AGUAMNSA_7_B1,AGUAMNSA_7_B1,AGUAMNSA_7_B1,RTPD,MCE,LMP_ENE_PRC,AGUAMNSA_7_B1,ALL,1,917.5508,1,3
2022-09-02T04:00:00-00:00,2022-09-02T04:15:00-00:00,2022-09-01,22,AGUAMNSA_7_B1,AGUAMNSA_7_B1,AGUAMNSA_7_B1,RTPD,MCE,LMP_ENE_PRC,AGUAMNSA_7_B1,ALL,1,257.83005,1,3
2022-09-02T05:00:00-00:00,2022-09-02T05:15:00-00:00,2022-09-01,23,AGUAMNSA_7_B1,AGUAMNSA_7_B1,AGUAMNSA_7_B1,RTPD,MCE,LMP_ENE_PRC,AGUAMNSA_7_B1,ALL,1,183.24657,1,3
2022-09-02T06:00:00-00:00,2022-09-02T06:15:00-00:00,2022-09-01,24,AGUAMNSA_7_B1,AGUAMNSA_7_B1,AGUAMNSA_7_B1,RTPD,MCE,LMP_ENE_PRC,AGUAMNSA_7_B1,ALL,1,158.867,1,3
2022-09-01T07:15:00-00:00,2022-09-01T07:30:00-00:00,2022-09-01,01,AGUAMNSA_7_B1,AGUAMNSA_7_B1,AGUAMNSA_7_B1,RTPD,MCE,LMP_ENE_PRC,AGUAMNSA_7_B1,ALL,1,125.55144,2,3
2022-09-01T08:15:00-00:00,2022-09-01T08:30:00-00:00,2022-09-01,02,AGUAMNSA_7_B1,AGUAMNSA_7_B1,AGUAMNSA_7_B1,RTPD,MCE,LMP_ENE_PRC,AGUAMNSA_7_B1,ALL,1,115.53165,2,3
2022-09-01T09:15:00-00:00,2022-09-01T09:30:00-00:00,2022-09-01,03,AGUAMNSA_7_B1,AGUAMNSA_7_B1,AGUAMNSA_7_B1,RTPD,MCE,LMP_ENE_PRC,AGUAMNSA_7_B1,ALL,1,98.30543,2,3
2022-09-01T10:15:00-00:00,2022-09-01T10:30:00-00:00,2022-09-01,04,AGUAMNSA_7_B1,AGUAMNSA_7_B1,AGUAMNSA_7_B1,RTPD,MCE,LMP_ENE_PRC,AGUAMNSA_7_B1,ALL,1,97.00684,2,3
2022-09-01T11:15:00-00:00,2022-09-01T11:30:00-00:00,2022-09-01,05,AGUAMNSA_7_B1,AGUAMNSA_7_B1,AGUAMNSA_7_B1,RTPD,MCE,LMP_ENE_PRC,AGUAMNSA_7_B1,ALL,1,103.09059,2,3
2022-09-01T12:15:00-00:00,2022-09-01T12:30:00-00:00,2022-09-01,06,AGUAMNSA_7_B1,AGUAMNSA_7_B1,AGUAMNSA_7_B1,RTPD,MCE,LMP_ENE_PRC,AGUAMNSA_7_B1,ALL,1,109.32203,2,3
2022-09-01T13:15:00-00:00,2022-09-01T13:30:00-00:00,2022-09-01,07,AGUAMNSA_7_B1,AGUAMNSA_7_B1,AGUAMNSA_7_B1,RTPD,MCE,LMP_ENE_PRC,AGUAMNSA_7_B1,ALL,1,110.97827,2,3
2022-09-01T14:15:00-00:00,2022-09-01T14:30:00-00:00,2022-09-01,08,AGUAMNSA_7_B1,AGUAMNSA_7_B1,AGUAMNSA_7_B1,RTPD,MCE,LMP_ENE_PRC,AGUAMNSA_7_B1,ALL,1,104.78743,2,3
2022-09-01T15:15:00-00:00,2022-09-01T15:30:00-00:00,2022-09-01,09,AGUAMNSA_7_B1,AGUAMNSA_7_B1,AGUAMNSA_7_B1,RTPD,MCE,LMP_ENE_PRC,AGUAMNSA_7_B1,ALL,1,86.9388,2,3
2022-09-01T16:15:00-00:00,2022-09-01T16:30:00-00:00,2022-09-01,10,AGUAMNSA_7_B1,AGUAMNSA_7_B1,AGUAMNSA_7_B1,RTPD,MCE,LMP_ENE_PRC,AGUAMNSA_7_B1,ALL,1,89.44858,2,3
2022-09-01T17:15:00-00:00,2022-09-01T17:30:00-00:00,2022-09-01,11,AGUAMNSA_7_B1,AGUAMNSA_7_B1,AGUAMNSA_7_B1,RTPD,MCE,LMP_ENE_PRC,AGUAMNSA_7_B1,ALL,1,99.34673,2,3
2022-09-01T18:15:00-00:00,2022-09-01T18:30:00-00:00,2022-09-01,12,AGUAMNSA_7_B1,AGUAMNSA_7_B1,AGUAMNSA_7_B1,RTPD,MCE,LMP_ENE_PRC,AGUAMNSA_7_B1,ALL,1,101.15901,2,3
2022-09-01T19:15:00-00:00,2022-09-01T19:30:00-00:00,2022-09-01,13,AGUAMNSA_7_B1,AGUAMNSA_7_B1,AGUAMNSA_7_B1,RTPD,MCE,LMP_ENE_PRC,AGUAMNSA_7_B1,ALL,1,105.30588,2,3
2022-09-01T20:15:00-00:00,2022-09-01T20:30:00-00:00,2022-09-01,14,AGUAMNSA_7_B1,AGUAMNSA_7_B1,AGUAMNSA_7_B1,RTPD,MCE,LMP_ENE_PRC,AGUAMNSA_7_B1,ALL,1,117.49421,2,3
2022-09-01T21:15:00-00:00,2022-09-01T21:30:00-00:00,2022-09-01,15,AGUAMNSA_7_B1,AGUAMNSA_7_B1,AGUAMNSA_7_B1,RTPD,MCE,LMP_ENE_PRC,AGUAMNSA_7_B1,ALL,1,147.21185,2,3
2022-09-01T22:15:00-00:00,2022-09-01T22:30:00-00:00,2022-09-01,16,AGUAMNSA_7_B1,AGUAMNSA_7_B1,AGUAMNSA_7_B1,RTPD,MCE,LMP_ENE_PRC,AGUAMNSA_7_B1,ALL,1,256.58734,2,3
2022-09-01T23:15:00-00:00,2022-09-01T23:30:00-00:00,2022-09-01,17,AGUAMNSA_7_B1,AGUAMNSA_7_B1,AGUAMNSA_7_B1,RTPD,MCE,LMP_ENE_PRC,AGUAMNSA_7_B1,ALL,1,362.12408,2,3
2022-09-02T00:15:00-00:00,2022-09-02T00:30:00-00:00,2022-09-01,18,AGUAMNSA_7_B1,AGUAMNSA_7_B1,AGUAMNSA_7_B1,RTPD,MCE,LMP_ENE_PRC,AGUAMNSA_7_B1,ALL,1,691.2182,2,3
2022-09-02T01:15:00-00:00,2022-09-02T01:30:00-00:00,2022-09-01,19,AGUAMNSA_7_B1,AGUAMNSA_7_B1,AGUAMNSA_7_B1,RTPD,MCE,LMP_ENE_PRC,AGUAMNSA_7_B1,ALL,1,1999.9933,2,3
2022-09-02T02:15:00-00:00,2022-09-02T02:30:00-00:00,2022-09-01,20,AGUAMNSA_7_B1,AGUAMNSA_7_B1,AGUAMNSA_7_B1,RTPD,MCE,LMP_ENE_PRC,AGUAMNSA_7_B1,ALL,1,1991.6721,2,3
2022-09-02T03:15:00-00:00,2022-09-02T03:30:00-00:00,2022-09-01,21,AGUAMNSA_7_B1,AGUAMNSA_7_B1,AGUAMNSA_7_B1,RTPD,MCE,LMP_ENE_PRC,AGUAMNSA_7_B1,ALL,1,400.52884,2,3
2022-09-02T04:15:00-00:00,2022-09-02T04:30:00-00:00,2022-09-01,22,AGUAMNSA_7_B1,AGUAMNSA_7_B1,AGUAMNSA_7_B1,RTPD,MCE,LMP_ENE_PRC,AGUAMNSA_7_B1,ALL,1,224.75041,2,3
2022-09-02T05:15:00-00:00,2022-09-02T05:30:00-00:00,2022-09-01,23,AGUAMNSA_7_B1,AGUAMNSA_7_B1,AGUAMNSA_7_B1,RTPD,MCE,LMP_ENE_PRC,AGUAMNSA_7_B1,ALL,1,157.11986,2,3
2022-09-02T06:15:00-00:00,2022-09-02T06:30:00-00:00,2022-09-01,24,AGUAMNSA_7_B1,AGUAMNSA_7_B1,AGUAMNSA_7_B1,RTPD,MCE,LMP_ENE_PRC,AGUAMNSA_7_B1,ALL,1,143.1005,2,3
2022-09-01T07:30:00-00:00,2022-09-01T07:45:00-00:00,2022-09-01,01,AGUAMNSA_7_B1,AGUAMNSA_7_B1,AGUAMNSA_7_B1,RTPD,MCE,LMP_ENE_PRC,AGUAMNSA_7_B1,ALL,1,119.03196,3,3
2022-09-01T08:30:00-00:00,2022-09-01T08:45:00-00:00,2022-09-01,02,AGUAMNSA_7_B1,AGUAMNSA_7_B1,AGUAMNSA_7_B1,RTPD,MCE,LMP_ENE_PRC,AGUAMNSA_7_B1,ALL,1,111.11241,3,3
2022-09-01T09:30:00-00:00,2022-09-01T09:45:00-00:00,2022-09-01,03,AGUAMNSA_7_B1,AGUAMNSA_7_B1,AGUAMNSA_7_B1,RTPD,MCE,LMP_ENE_PRC,AGUAMNSA_7_B1,ALL,1,98.16228,3,3
2022-09-01T10:30:00-00:00,2022-09-01T10:45:00-00:00,2022-09-01,04,AGUAMNSA_7_B1,AGUAMNSA_7_B1,AGUAMNSA_7_B1,RTPD,MCE,LMP_ENE_PRC,AGUAMNSA_7_B1,ALL,1,96.36226,3,3
2022-09-01T11:30:00-00:00,2022-09-01T11:45:00-00:00,2022-09-01,05,AGUAMNSA_7_B1,AGUAMNSA_7_B1,AGUAMNSA_7_B1,RTPD,MCE,LMP_ENE_PRC,AGUAMNSA_7_B1,ALL,1,103.06198,3,3
2022-09-01T12:30:00-00:00,2022-09-01T12:45:00-00:00,2022-09-01,06,AGUAMNSA_7_B1,AGUAMNSA_7_B1,AGUAMNSA_7_B1,RTPD,MCE,LMP_ENE_PRC,AGUAMNSA_7_B1,ALL,1,113.57403,3,3
2022-09-01T13:30:00-00:00,2022-09-01T13:45:00-00:00,2022-09-01,07,AGUAMNSA_7_B1,AGUAMNSA_7_B1,AGUAMNSA_7_B1,RTPD,MCE,LMP_ENE_PRC,AGUAMNSA_7_B1,ALL,1,111.52025,3,3
2022-09-01T14:30:00-00:00,2022-09-01T14:45:00-00:00,2022-09-01,08,AGUAMNSA_7_B1,AGUAMNSA_7_B1,AGUAMNSA_7_B1,RTPD,MCE,LMP_ENE_PRC,AGUAMNSA_7_B1,ALL,1,101.83428,3,3
2022-09-01T15:30:00-00:00,2022-09-01T15:45:00-00:00,2022-09-01,09,AGUAMNSA_7_B1,AGUAMNSA_7_B1,AGUAMNSA_7_B1,RTPD,MCE,LMP_ENE_PRC,AGUAMNSA_7_B1,ALL,1,86.1388,3,3
2022-09-01T16:30:00-00:00,2022-09-01T16:45:00-00:00,2022-09-01,10,AGUAMNSA_7_B1,AGUAMNSA_7_B1,AGUAMNSA_7_B1,RTPD,MCE,LMP_ENE_PRC,AGUAMNSA_7_B1,ALL,1,88.79644,3,3
2022-09-01T17:30:00-00:00,2022-09-01T17:45:00-00:00,2022-09-01,11,AGUAMNSA_7_B1,AGUAMNSA_7_B1,AGUAMNSA_7_B1,RTPD,MCE,LMP_ENE_PRC,AGUAMNSA_7_B1,ALL,1,99.13013,3,3
2022-09-01T18:30:00-00:00,2022-09-01T18:45:00-00:00,2022-09-01,12,AGUAMNSA_7_B1,AGUAMNSA_7_B1,AGUAMNSA_7_B1,RTPD,MCE,LMP_ENE_PRC,AGUAMNSA_7_B1,ALL,1,107.05718,3,3
2022-09-01T19:30:00-00:00,2022-09-01T19:45:00-00:00,2022-09-01,13,AGUAMNSA_7_B1,AGUAMNSA_7_B1,AGUAMNSA_7_B1,RTPD,MCE,LMP_ENE_PRC,AGUAMNSA_7_B1,ALL,1,114.05905,3,3
2022-09-01T20:30:00-00:00,2022-09-01T20:45:00-00:00,2022-09-01,14,AGUAMNSA_7_B1,AGUAMNSA_7_B1,AGUAMNSA_7_B1,RTPD,MCE,LMP_ENE_PRC,AGUAMNSA_7_B1,ALL,1,129.81606,3,3
2022-09-01T21:30:00-00:00,2022-09-01T21:45:00-00:00,2022-09-01,15,AGUAMNSA_7_B1,AGUAMNSA_7_B1,AGUAMNSA_7_B1,RTPD,MCE,LMP_ENE_PRC,AGUAMNSA_7_B1,ALL,1,152.93057,3,3
2022-09-01T22:30:00-00:00,2022-09-01T22:45:00-00:00,2022-09-01,16,AGUAMNSA_7_B1,AGUAMNSA_7_B1,AGUAMNSA_7_B1,RTPD,MCE,LMP_ENE_PRC,AGUAMNSA_7_B1,ALL,1,283.18182,3,3
2022-09-01T23:30:00-00:00,2022-09-01T23:45:00-00:00,2022-09-01,17,AGUAMNSA_7_B1,AGUAMNSA_7_B1,AGUAMNSA_7_B1,RTPD,MCE,LMP_ENE_PRC,AGUAMNSA_7_B1,ALL,1,566.48157,3,3
2022-09-02T00:30:00-00:00,2022-09-02T00:45:00-00:00,2022-09-01,18,AGUAMNSA_7_B1,AGUAMNSA_7_B1,AGUAMNSA_7_B1,RTPD,MCE,LMP_ENE_PRC,AGUAMNSA_7_B1,ALL,1,1329.1127,3,3
2022-09-02T01:30:00-00:00,2022-09-02T01:45:00-00:00,2022-09-01,19,AGUAMNSA_7_B1,AGUAMNSA_7_B1,AGUAMNSA_7_B1,RTPD,MCE,LMP_ENE_PRC,AGUAMNSA_7_B1,ALL,1,1999.9956,3,3
2022-09-02T02:30:00-00:00,2022-09-02T02:45:00-00:00,2022-09-01,20,AGUAMNSA_7_B1,AGUAMNSA_7_B1,AGUAMNSA_7_B1,RTPD,MCE,LMP_ENE_PRC,AGUAMNSA_7_B1,ALL,1,1991.671,3,3
2022-09-02T03:30:00-00:00,2022-09-02T03:45:00-00:00,2022-09-01,21,AGUAMNSA_7_B1,AGUAMNSA_7_B1,AGUAMNSA_7_B1,RTPD,MCE,LMP_ENE_PRC,AGUAMNSA_7_B1,ALL,1,186.61823,3,3
2022-09-02T04:30:00-00:00,2022-09-02T04:45:00-00:00,2022-09-01,22,AGUAMNSA_7_B1,AGUAMNSA_7_B1,AGUAMNSA_7_B1,RTPD,MCE,LMP_ENE_PRC,AGUAMNSA_7_B1,ALL,1,180.67824,3,3
2022-09-02T05:30:00-00:00,2022-09-02T05:45:00-00:00,2022-09-01,23,AGUAMNSA_7_B1,AGUAMNSA_7_B1,AGUAMNSA_7_B1,RTPD,MCE,LMP_ENE_PRC,AGUAMNSA_7_B1,ALL,1,131.69917,3,3
2022-09-02T06:30:00-00:00,2022-09-02T06:45:00-00:00,2022-09-01,24,AGUAMNSA_7_B1,AGUAMNSA_7_B1,AGUAMNSA_7_B1,RTPD,MCE,LMP_ENE_PRC,AGUAMNSA_7_B1,ALL,1,128.9871,3,3
2022-09-01T07:45:00-00:00,2022-09-01T08:00:00-00:00,2022-09-01,01,AGUAMNSA_7_B1,AGUAMNSA_7_B1,AGUAMNSA_7_B1,RTPD,MCE,LMP_ENE_PRC,AGUAMNSA_7_B1,ALL,1,109.12099,4,3
2022-09-01T08:45:00-00:00,2022-09-01T09:00:00-00:00,2022-09-01,02,AGUAMNSA_7_B1,AGUAMNSA_7_B1,AGUAMNSA_7_B1,RTPD,MCE,LMP_ENE_PRC,AGUAMNSA_7_B1,ALL,1,98.7357,4,3
2022-09-01T09:45:00-00:00,2022-09-01T10:00:00-00:00,2022-09-01,03,AGUAMNSA_7_B1,AGUAMNSA_7_B1,AGUAMNSA_7_B1,RTPD,MCE,LMP_ENE_PRC,AGUAMNSA_7_B1,ALL,1,97.50475,4,3
2022-09-01T10:45:00-00:00,2022-09-01T11:00:00-00:00,2022-09-01,04,AGUAMNSA_7_B1,AGUAMNSA_7_B1,AGUAMNSA_7_B1,RTPD,MCE,LMP_ENE_PRC,AGUAMNSA_7_B1,ALL,1,94.71966,4,3
2022-09-01T11:45:00-00:00,2022-09-01T12:00:00-00:00,2022-09-01,05,AGUAMNSA_7_B1,AGUAMNSA_7_B1,AGUAMNSA_7_B1,RTPD,MCE,LMP_ENE_PRC,AGUAMNSA_7_B1,ALL,1,107.01,4,3
2022-09-01T12:45:00-00:00,2022-09-01T13:00:00-00:00,2022-09-01,06,AGUAMNSA_7_B1,AGUAMNSA_7_B1,AGUAMNSA_7_B1,RTPD,MCE,LMP_ENE_PRC,AGUAMNSA_7_B1,ALL,1,116.4848,4,3
2022-09-01T13:45:00-00:00,2022-09-01T14:00:00-00:00,2022-09-01,07,AGUAMNSA_7_B1,AGUAMNSA_7_B1,AGUAMNSA_7_B1,RTPD,MCE,LMP_ENE_PRC,AGUAMNSA_7_B1,ALL,1,111.41,4,3
2022-09-01T14:45:00-00:00,2022-09-01T15:00:00-00:00,2022-09-01,08,AGUAMNSA_7_B1,AGUAMNSA_7_B1,AGUAMNSA_7_B1,RTPD,MCE,LMP_ENE_PRC,AGUAMNSA_7_B1,ALL,1,86.1388,4,3
2022-09-01T15:45:00-00:00,2022-09-01T16:00:00-00:00,2022-09-01,09,AGUAMNSA_7_B1,AGUAMNSA_7_B1,AGUAMNSA_7_B1,RTPD,MCE,LMP_ENE_PRC,AGUAMNSA_7_B1,ALL,1,78.70076,4,3
2022-09-01T16:45:00-00:00,2022-09-01T17:00:00-00:00,2022-09-01,10,AGUAMNSA_7_B1,AGUAMNSA_7_B1,AGUAMNSA_7_B1,RTPD,MCE,LMP_ENE_PRC,AGUAMNSA_7_B1,ALL,1,91.24933,4,3
2022-09-01T17:45:00-00:00,2022-09-01T18:00:00-00:00,2022-09-01,11,AGUAMNSA_7_B1,AGUAMNSA_7_B1,AGUAMNSA_7_B1,RTPD,MCE,LMP_ENE_PRC,AGUAMNSA_7_B1,ALL,1,99.20544,4,3
2022-09-01T18:45:00-00:00,2022-09-01T19:00:00-00:00,2022-09-01,12,AGUAMNSA_7_B1,AGUAMNSA_7_B1,AGUAMNSA_7_B1,RTPD,MCE,LMP_ENE_PRC,AGUAMNSA_7_B1,ALL,1,109.04064,4,3
2022-09-01T19:45:00-00:00,2022-09-01T20:00:00-00:00,2022-09-01,13,AGUAMNSA_7_B1,AGUAMNSA_7_B1,AGUAMNSA_7_B1,RTPD,MCE,LMP_ENE_PRC,AGUAMNSA_7_B1,ALL,1,120.22491,4,3
2022-09-01T20:45:00-00:00,2022-09-01T21:00:00-00:00,2022-09-01,14,AGUAMNSA_7_B1,AGUAMNSA_7_B1,AGUAMNSA_7_B1,RTPD,MCE,LMP_ENE_PRC,AGUAMNSA_7_B1,ALL,1,154.02509,4,3
2022-09-01T21:45:00-00:00,2022-09-01T22:00:00-00:00,2022-09-01,15,AGUAMNSA_7_B1,AGUAMNSA_7_B1,AGUAMNSA_7_B1,RTPD,MCE,LMP_ENE_PRC,AGUAMNSA_7_B1,ALL,1,300.29376,4,3
2022-09-01T22:45:00-00:00,2022-09-01T23:00:00-00:00,2022-09-01,16,AGUAMNSA_7_B1,AGUAMNSA_7_B1,AGUAMNSA_7_B1,RTPD,MCE,LMP_ENE_PRC,AGUAMNSA_7_B1,ALL,1,429.9137,4,3
2022-09-01T23:45:00-00:00,2022-09-02T00:00:00-00:00,2022-09-01,17,AGUAMNSA_7_B1,AGUAMNSA_7_B1,AGUAMNSA_7_B1,RTPD,MCE,LMP_ENE_PRC,AGUAMNSA_7_B1,ALL,1,1261.2124,4,3
2022-09-02T00:45:00-00:00,2022-09-02T01:00:00-00:00,2022-09-01,18,AGUAMNSA_7_B1,AGUAMNSA_7_B1,AGUAMNSA_7_B1,RTPD,MCE,LMP_ENE_PRC,AGUAMNSA_7_B1,ALL,1,1519.149,4,3
2022-09-02T01:45:00-00:00,2022-09-02T02:00:00-00:00,2022-09-01,19,AGUAMNSA_7_B1,AGUAMNSA_7_B1,AGUAMNSA_7_B1,RTPD,MCE,LMP_ENE_PRC,AGUAMNSA_7_B1,ALL,1,1991.9337,4,3
2022-09-02T02:45:00-00:00,2022-09-02T03:00:00-00:00,2022-09-01,20,AGUAMNSA_7_B1,AGUAMNSA_7_B1,AGUAMNSA_7_B1,RTPD,MCE,LMP_ENE_PRC,AGUAMNSA_7_B1,ALL,1,1629.6213,4,3
2022-09-02T03:45:00-00:00,2022-09-02T04:00:00-00:00,2022-09-01,21,AGUAMNSA_7_B1,AGUAMNSA_7_B1,AGUAMNSA_7_B1,RTPD,MCE,LMP_ENE_PRC,AGUAMNSA_7_B1,ALL,1,141.13702,4,3
2022-09-02T04:45:00-00:00,2022-09-02T05:00:00-00:00,2022-09-01,22,AGUAMNSA_7_B1,AGUAMNSA_7_B1,AGUAMNSA_7_B1,RTPD,MCE,LMP_ENE_PRC,AGUAMNSA_7_B1,ALL,1,126.76372,4,3
2022-09-02T05:45:00-00:00,2022-09-02T06:00:00-00:00,2022-09-01,23,AGUAMNSA_7_B1,AGUAMNSA_7_B1,AGUAMNSA_7_B1,RTPD,MCE,LMP_ENE_PRC,AGUAMNSA_7_B1,ALL,1,119.00958,4,3
2022-09-02T06:45:00-00:00,2022-09-02T07:00:00-00:00,2022-09-01,24,AGUAMNSA_7_B1,AGUAMNSA_7_B1,AGUAMNSA_7_B1,RTPD,MCE,LMP_ENE_PRC,AGUAMNSA_7_B1,ALL,1,109.20324,4,3
2022-09-01T07:00:00-00:00,2022-09-01T07:15:00-00:00,2022-09-01,01,AGUAMNSA_7_B1,AGUAMNSA_7_B1,AGUAMNSA_7_B1,RTPD,MCL,LMP_LOSS_PRC,AGUAMNSA_7_B1,ALL,1,1.79284,1,4
2022-09-01T08:00:00-00:00,2022-09-01T08:15:00-00:00,2022-09-01,02,AGUAMNSA_7_B1,AGUAMNSA_7_B1,AGUAMNSA_7_B1,RTPD,MCL,LMP_LOSS_PRC,AGUAMNSA_7_B1,ALL,1,0,1,4
2022-09-01T09:00:00-00:00,2022-09-01T09:15:00-00:00,2022-09-01,03,AGUAMNSA_7_B1,AGUAMNSA_7_B1,AGUAMNSA_7_B1,RTPD,MCL,LMP_LOSS_PRC,AGUAMNSA_7_B1,ALL,1,9.16524,1,4
2022-09-01T10:00:00-00:00,2022-09-01T10:15:00-00:00,2022-09-01,04,AGUAMNSA_7_B1,AGUAMNSA_7_B1,AGUAMNSA_7_B1,RTPD,MCL,LMP_LOSS_PRC,AGUAMNSA_7_B1,ALL,1,9.35128,1,4
2022-09-01T11:00:00-00:00,2022-09-01T11:15:00-00:00,2022-09-01,05,AGUAMNSA_7_B1,AGUAMNSA_7_B1,AGUAMNSA_7_B1,RTPD,MCL,LMP_LOSS_PRC,AGUAMNSA_7_B1,ALL,1,9.21066,1,4
2022-09-01T12:00:00-00:00,2022-09-01T12:15:00-00:00,2022-09-01,06,AGUAMNSA_7_B1,AGUAMNSA_7_B1,AGUAMNSA_7_B1,RTPD,MCL,LMP_LOSS_PRC,AGUAMNSA_7_B1,ALL,1,7.99495,1,4
2022-09-01T13:00:00-00:00,2022-09-01T13:15:00-00:00,2022-09-01,07,AGUAMNSA_7_B1,AGUAMNSA_7_B1,AGUAMNSA_7_B1,RTPD,MCL,LMP_LOSS_PRC,AGUAMNSA_7_B1,ALL,1,0,1,4
2022-09-01T14:00:00-00:00,2022-09-01T14:15:00-00:00,2022-09-01,08,AGUAMNSA_7_B1,AGUAMNSA_7_B1,AGUAMNSA_7_B1,RTPD,MCL,LMP_LOSS_PRC,AGUAMNSA_7_B1,ALL,1,7.35563,1,4
2022-09-01T15:00:00-00:00,2022-09-01T15:15:00-00:00,2022-09-01,09,AGUAMNSA_7_B1,AGUAMNSA_7_B1,AGUAMNSA_7_B1,RTPD,MCL,LMP_LOSS_PRC,AGUAMNSA_7_B1,ALL,1,0,1,4
2022-09-01T16:00:00-00:00,2022-09-01T16:15:00-00:00,2022-09-01,10,AGUAMNSA_7_B1,AGUAMNSA_7_B1,AGUAMNSA_7_B1,RTPD,MCL,LMP_LOSS_PRC,AGUAMNSA_7_B1,ALL,1,0,1,4
2022-09-01T17:00:00-00:00,2022-09-01T17:15:00-00:00,2022-09-01,11,AGUAMNSA_7_B1,AGUAMNSA_7_B1,AGUAMNSA_7_B1,RTPD,MCL,LMP_LOSS_PRC,AGUAMNSA_7_B1,ALL,1,0,1,4
2022-09-01T18:00:00-00:00,2022-09-01T18:15:00-00:00,2022-09-01,12,AGUAMNSA_7_B1,AGUAMNSA_7_B1,AGUAMNSA_7_B1,RTPD,MCL,LMP_LOSS_PRC,AGUAMNSA_7_B1,ALL,1,0,1,4
2022-09-01T19:00:00-00:00,2022-09-01T19:15:00-00:00,2022-09-01,13,AGUAMNSA_7_B1,AGUAMNSA_7_B1,AGUAMNSA_7_B1,RTPD,MCL,LMP_LOSS_PRC,AGUAMNSA_7_B1,ALL,1,0,1,4
2022-09-01T20:00:00-00:00,2022-09-01T20:15:00-00:00,2022-09-01,14,AGUAMNSA_7_B1,AGUAMNSA_7_B1,AGUAMNSA_7_B1,RTPD,MCL,LMP_LOSS_PRC,AGUAMNSA_7_B1,ALL,1,0,1,4
2022-09-01T21:00:00-00:00,2022-09-01T21:15:00-00:00,2022-09-01,15,AGUAMNSA_7_B1,AGUAMNSA_7_B1,AGUAMNSA_7_B1,RTPD,MCL,LMP_LOSS_PRC,AGUAMNSA_7_B1,ALL,1,0,1,4
2022-09-01T22:00:00-00:00,2022-09-01T22:15:00-00:00,2022-09-01,16,AGUAMNSA_7_B1,AGUAMNSA_7_B1,AGUAMNSA_7_B1,RTPD,MCL,LMP_LOSS_PRC,AGUAMNSA_7_B1,ALL,1,0,1,4
2022-09-01T23:00:00-00:00,2022-09-01T23:15:00-00:00,2022-09-01,17,AGUAMNSA_7_B1,AGUAMNSA_7_B1,AGUAMNSA_7_B1,RTPD,MCL,LMP_LOSS_PRC,AGUAMNSA_7_B1,ALL,1,0,1,4
2022-09-02T00:00:00-00:00,2022-09-02T00:15:00-00:00,2022-09-01,18,AGUAMNSA_7_B1,AGUAMNSA_7_B1,AGUAMNSA_7_B1,RTPD,MCL,LMP_LOSS_PRC,AGUAMNSA_7_B1,ALL,1,73.8217,1,4
2022-09-02T01:00:00-00:00,2022-09-02T01:15:00-00:00,2022-09-01,19,AGUAMNSA_7_B1,AGUAMNSA_7_B1,AGUAMNSA_7_B1,RTPD,MCL,LMP_LOSS_PRC,AGUAMNSA_7_B1,ALL,1,0,1,4
2022-09-02T02:00:00-00:00,2022-09-02T02:15:00-00:00,2022-09-01,20,AGUAMNSA_7_B1,AGUAMNSA_7_B1,AGUAMNSA_7_B1,RTPD,MCL,LMP_LOSS_PRC,AGUAMNSA_7_B1,ALL,1,0,1,4
2022-09-02T03:00:00-00:00,2022-09-02T03:15:00-00:00,2022-09-01,21,AGUAMNSA_7_B1,AGUAMNSA_7_B1,AGUAMNSA_7_B1,RTPD,MCL,LMP_LOSS_PRC,AGUAMNSA_7_B1,ALL,1,68.26578,1,4
2022-09-02T04:00:00-00:00,2022-09-02T04:15:00-00:00,2022-09-01,22,AGUAMNSA_7_B1,AGUAMNSA_7_B1,AGUAMNSA_7_B1,RTPD,MCL,LMP_LOSS_PRC,AGUAMNSA_7_B1,ALL,1,22.92109,1,4
2022-09-02T05:00:00-00:00,2022-09-02T05:15:00-00:00,2022-09-01,23,AGUAMNSA_7_B1,AGUAMNSA_7_B1,AGUAMNSA_7_B1,RTPD,MCL,LMP_LOSS_PRC,AGUAMNSA_7_B1,ALL,1,13.76182,1,4
2022-09-02T06:00:00-00:00,2022-09-02T06:15:00-00:00,2022-09-01,24,AGUAMNSA_7_B1,AGUAMNSA_7_B1,AGUAMNSA_7_B1,RTPD,MCL,LMP_LOSS_PRC,AGUAMNSA_7_B1,ALL,1,12.77291,1,4
2022-09-01T07:15:00-00:00,2022-09-01T07:30:00-00:00,2022-09-01,01,AGUAMNSA_7_B1,AGUAMNSA_7_B1,AGUAMNSA_7_B1,RTPD,MCL,LMP_LOSS_PRC,AGUAMNSA_7_B1,ALL,1,0,2,4
2022-09-01T08:15:00-00:00,2022-09-01T08:30:00-00:00,2022-09-01,02,AGUAMNSA_7_B1,AGUAMNSA_7_B1,AGUAMNSA_7_B1,RTPD,MCL,LMP_LOSS_PRC,AGUAMNSA_7_B1,ALL,1,0,2,4
2022-09-01T09:15:00-00:00,2022-09-01T09:30:00-00:00,2022-09-01,03,AGUAMNSA_7_B1,AGUAMNSA_7_B1,AGUAMNSA_7_B1,RTPD,MCL,LMP_LOSS_PRC,AGUAMNSA_7_B1,ALL,1,8.95562,2,4
2022-09-01T10:15:00-00:00,2022-09-01T10:30:00-00:00,2022-09-01,04,AGUAMNSA_7_B1,AGUAMNSA_7_B1,AGUAMNSA_7_B1,RTPD,MCL,LMP_LOSS_PRC,AGUAMNSA_7_B1,ALL,1,9.39996,2,4
2022-09-01T11:15:00-00:00,2022-09-01T11:30:00-00:00,2022-09-01,05,AGUAMNSA_7_B1,AGUAMNSA_7_B1,AGUAMNSA_7_B1,RTPD,MCL,LMP_LOSS_PRC,AGUAMNSA_7_B1,ALL,1,9.09259,2,4
2022-09-01T12:15:00-00:00,2022-09-01T12:30:00-00:00,2022-09-01,06,AGUAMNSA_7_B1,AGUAMNSA_7_B1,AGUAMNSA_7_B1,RTPD,MCL,LMP_LOSS_PRC,AGUAMNSA_7_B1,ALL,1,9.17212,2,4
2022-09-01T13:15:00-00:00,2022-09-01T13:30:00-00:00,2022-09-01,07,AGUAMNSA_7_B1,AGUAMNSA_7_B1,AGUAMNSA_7_B1,RTPD,MCL,LMP_LOSS_PRC,AGUAMNSA_7_B1,ALL,1,9.28888,2,4
2022-09-01T14:15:00-00:00,2022-09-01T14:30:00-00:00,2022-09-01,08,AGUAMNSA_7_B1,AGUAMNSA_7_B1,AGUAMNSA_7_B1,RTPD,MCL,LMP_LOSS_PRC,AGUAMNSA_7_B1,ALL,1,6.94741,2,4
2022-09-01T15:15:00-00:00,2022-09-01T15:30:00-00:00,2022-09-01,09,AGUAMNSA_7_B1,AGUAMNSA_7_B1,AGUAMNSA_7_B1,RTPD,MCL,LMP_LOSS_PRC,AGUAMNSA_7_B1,ALL,1,0,2,4
2022-09-01T16:15:00-00:00,2022-09-01T16:30:00-00:00,2022-09-01,10,AGUAMNSA_7_B1,AGUAMNSA_7_B1,AGUAMNSA_7_B1,RTPD,MCL,LMP_LOSS_PRC,AGUAMNSA_7_B1,ALL,1,0,2,4
2022-09-01T17:15:00-00:00,2022-09-01T17:30:00-00:00,2022-09-01,11,AGUAMNSA_7_B1,AGUAMNSA_7_B1,AGUAMNSA_7_B1,RTPD,MCL,LMP_LOSS_PRC,AGUAMNSA_7_B1,ALL,1,0,2,4
2022-09-01T18:15:00-00:00,2022-09-01T18:30:00-00:00,2022-09-01,12,AGUAMNSA_7_B1,AGUAMNSA_7_B1,AGUAMNSA_7_B1,RTPD,MCL,LMP_LOSS_PRC,AGUAMNSA_7_B1,ALL,1,0,2,4
2022-09-01T19:15:00-00:00,2022-09-01T19:30:00-00:00,2022-09-01,13,AGUAMNSA_7_B1,AGUAMNSA_7_B1,AGUAMNSA_7_B1,RTPD,MCL,LMP_LOSS_PRC,AGUAMNSA_7_B1,ALL,1,0,2,4
2022-09-01T20:15:00-00:00,2022-09-01T20:30:00-00:00,2022-09-01,14,AGUAMNSA_7_B1,AGUAMNSA_7_B1,AGUAMNSA_7_B1,RTPD,MCL,LMP_LOSS_PRC,AGUAMNSA_7_B1,ALL,1,0,2,4
2022-09-01T21:15:00-00:00,2022-09-01T21:30:00-00:00,2022-09-01,15,AGUAMNSA_7_B1,AGUAMNSA_7_B1,AGUAMNSA_7_B1,RTPD,MCL,LMP_LOSS_PRC,AGUAMNSA_7_B1,ALL,1,0,2,4
2022-09-01T22:15:00-00:00,2022-09-01T22:30:00-00:00,2022-09-01,16,AGUAMNSA_7_B1,AGUAMNSA_7_B1,AGUAMNSA_7_B1,RTPD,MCL,LMP_LOSS_PRC,AGUAMNSA_7_B1,ALL,1,0,2,4
2022-09-01T23:15:00-00:00,2022-09-01T23:30:00-00:00,2022-09-01,17,AGUAMNSA_7_B1,AGUAMNSA_7_B1,AGUAMNSA_7_B1,RTPD,MCL,LMP_LOSS_PRC,AGUAMNSA_7_B1,ALL,1,0,2,4
2022-09-02T00:15:00-00:00,2022-09-02T00:30:00-00:00,2022-09-01,18,AGUAMNSA_7_B1,AGUAMNSA_7_B1,AGUAMNSA_7_B1,RTPD,MCL,LMP_LOSS_PRC,AGUAMNSA_7_B1,ALL,1,58.82267,2,4
2022-09-02T01:15:00-00:00,2022-09-02T01:30:00-00:00,2022-09-01,19,AGUAMNSA_7_B1,AGUAMNSA_7_B1,AGUAMNSA_7_B1,RTPD,MCL,LMP_LOSS_PRC,AGUAMNSA_7_B1,ALL,1,0,2,4
2022-09-02T02:15:00-00:00,2022-09-02T02:30:00-00:00,2022-09-01,20,AGUAMNSA_7_B1,AGUAMNSA_7_B1,AGUAMNSA_7_B1,RTPD,MCL,LMP_LOSS_PRC,AGUAMNSA_7_B1,ALL,1,0,2,4
2022-09-02T03:15:00-00:00,2022-09-02T03:30:00-00:00,2022-09-01,21,AGUAMNSA_7_B1,AGUAMNSA_7_B1,AGUAMNSA_7_B1,RTPD,MCL,LMP_LOSS_PRC,AGUAMNSA_7_B1,ALL,1,29.99961,2,4
2022-09-02T04:15:00-00:00,2022-09-02T04:30:00-00:00,2022-09-01,22,AGUAMNSA_7_B1,AGUAMNSA_7_B1,AGUAMNSA_7_B1,RTPD,MCL,LMP_LOSS_PRC,AGUAMNSA_7_B1,ALL,1,20.33991,2,4
2022-09-02T05:15:00-00:00,2022-09-02T05:30:00-00:00,2022-09-01,23,AGUAMNSA_7_B1,AGUAMNSA_7_B1,AGUAMNSA_7_B1,RTPD,MCL,LMP_LOSS_PRC,AGUAMNSA_7_B1,ALL,1,12.83669,2,4
2022-09-02T06:15:00-00:00,2022-09-02T06:30:00-00:00,2022-09-01,24,AGUAMNSA_7_B1,AGUAMNSA_7_B1,AGUAMNSA_7_B1,RTPD,MCL,LMP_LOSS_PRC,AGUAMNSA_7_B1,ALL,1,12.6787,2,4
2022-09-01T07:30:00-00:00,2022-09-01T07:45:00-00:00,2022-09-01,01,AGUAMNSA_7_B1,AGUAMNSA_7_B1,AGUAMNSA_7_B1,RTPD,MCL,LMP_LOSS_PRC,AGUAMNSA_7_B1,ALL,1,0,3,4
2022-09-01T08:30:00-00:00,2022-09-01T08:45:00-00:00,2022-09-01,02,AGUAMNSA_7_B1,AGUAMNSA_7_B1,AGUAMNSA_7_B1,RTPD,MCL,LMP_LOSS_PRC,AGUAMNSA_7_B1,ALL,1,9.96678,3,4
2022-09-01T09:30:00-00:00,2022-09-01T09:45:00-00:00,2022-09-01,03,AGUAMNSA_7_B1,AGUAMNSA_7_B1,AGUAMNSA_7_B1,RTPD,MCL,LMP_LOSS_PRC,AGUAMNSA_7_B1,ALL,1,8.59902,3,4
2022-09-01T10:30:00-00:00,2022-09-01T10:45:00-00:00,2022-09-01,04,AGUAMNSA_7_B1,AGUAMNSA_7_B1,AGUAMNSA_7_B1,RTPD,MCL,LMP_LOSS_PRC,AGUAMNSA_7_B1,ALL,1,9.46277,3,4
2022-09-01T11:30:00-00:00,2022-09-01T11:45:00-00:00,2022-09-01,05,AGUAMNSA_7_B1,AGUAMNSA_7_B1,AGUAMNSA_7_B1,RTPD,MCL,LMP_LOSS_PRC,AGUAMNSA_7_B1,ALL,1,9.09007,3,4
2022-09-01T12:30:00-00:00,2022-09-01T12:45:00-00:00,2022-09-01,06,AGUAMNSA_7_B1,AGUAMNSA_7_B1,AGUAMNSA_7_B1,RTPD,MCL,LMP_LOSS_PRC,AGUAMNSA_7_B1,ALL,1,9.08592,3,4
2022-09-01T13:30:00-00:00,2022-09-01T13:45:00-00:00,2022-09-01,07,AGUAMNSA_7_B1,AGUAMNSA_7_B1,AGUAMNSA_7_B1,RTPD,MCL,LMP_LOSS_PRC,AGUAMNSA_7_B1,ALL,1,9.24503,3,4
2022-09-01T14:30:00-00:00,2022-09-01T14:45:00-00:00,2022-09-01,08,AGUAMNSA_7_B1,AGUAMNSA_7_B1,AGUAMNSA_7_B1,RTPD,MCL,LMP_LOSS_PRC,AGUAMNSA_7_B1,ALL,1,6.39519,3,4
2022-09-01T15:30:00-00:00,2022-09-01T15:45:00-00:00,2022-09-01,09,AGUAMNSA_7_B1,AGUAMNSA_7_B1,AGUAMNSA_7_B1,RTPD,MCL,LMP_LOSS_PRC,AGUAMNSA_7_B1,ALL,1,0,3,4
2022-09-01T16:30:00-00:00,2022-09-01T16:45:00-00:00,2022-09-01,10,AGUAMNSA_7_B1,AGUAMNSA_7_B1,AGUAMNSA_7_B1,RTPD,MCL,LMP_LOSS_PRC,AGUAMNSA_7_B1,ALL,1,0,3,4
2022-09-01T17:30:00-00:00,2022-09-01T17:45:00-00:00,2022-09-01,11,AGUAMNSA_7_B1,AGUAMNSA_7_B1,AGUAMNSA_7_B1,RTPD,MCL,LMP_LOSS_PRC,AGUAMNSA_7_B1,ALL,1,0,3,4
2022-09-01T18:30:00-00:00,2022-09-01T18:45:00-00:00,2022-09-01,12,AGUAMNSA_7_B1,AGUAMNSA_7_B1,AGUAMNSA_7_B1,RTPD,MCL,LMP_LOSS_PRC,AGUAMNSA_7_B1,ALL,1,0,3,4
2022-09-01T19:30:00-00:00,2022-09-01T19:45:00-00:00,2022-09-01,13,AGUAMNSA_7_B1,AGUAMNSA_7_B1,AGUAMNSA_7_B1,RTPD,MCL,LMP_LOSS_PRC,AGUAMNSA_7_B1,ALL,1,0,3,4
2022-09-01T20:30:00-00:00,2022-09-01T20:45:00-00:00,2022-09-01,14,AGUAMNSA_7_B1,AGUAMNSA_7_B1,AGUAMNSA_7_B1,RTPD,MCL,LMP_LOSS_PRC,AGUAMNSA_7_B1,ALL,1,0,3,4
2022-09-01T21:30:00-00:00,2022-09-01T21:45:00-00:00,2022-09-01,15,AGUAMNSA_7_B1,AGUAMNSA_7_B1,AGUAMNSA_7_B1,RTPD,MCL,LMP_LOSS_PRC,AGUAMNSA_7_B1,ALL,1,0,3,4
2022-09-01T22:30:00-00:00,2022-09-01T22:45:00-00:00,2022-09-01,16,AGUAMNSA_7_B1,AGUAMNSA_7_B1,AGUAMNSA_7_B1,RTPD,MCL,LMP_LOSS_PRC,AGUAMNSA_7_B1,ALL,1,0,3,4
2022-09-01T23:30:00-00:00,2022-09-01T23:45:00-00:00,2022-09-01,17,AGUAMNSA_7_B1,AGUAMNSA_7_B1,AGUAMNSA_7_B1,RTPD,MCL,LMP_LOSS_PRC,AGUAMNSA_7_B1,ALL,1,0,3,4
2022-09-02T00:30:00-00:00,2022-09-02T00:45:00-00:00,2022-09-01,18,AGUAMNSA_7_B1,AGUAMNSA_7_B1,AGUAMNSA_7_B1,RTPD,MCL,LMP_LOSS_PRC,AGUAMNSA_7_B1,ALL,1,0,3,4
2022-09-02T01:30:00-00:00,2022-09-02T01:45:00-00:00,2022-09-01,19,AGUAMNSA_7_B1,AGUAMNSA_7_B1,AGUAMNSA_7_B1,RTPD,MCL,LMP_LOSS_PRC,AGUAMNSA_7_B1,ALL,1,0,3,4
2022-09-02T02:30:00-00:00,2022-09-02T02:45:00-00:00,2022-09-01,20,AGUAMNSA_7_B1,AGUAMNSA_7_B1,AGUAMNSA_7_B1,RTPD,MCL,LMP_LOSS_PRC,AGUAMNSA_7_B1,ALL,1,0,3,4
2022-09-02T03:30:00-00:00,2022-09-02T03:45:00-00:00,2022-09-01,21,AGUAMNSA_7_B1,AGUAMNSA_7_B1,AGUAMNSA_7_B1,RTPD,MCL,LMP_LOSS_PRC,AGUAMNSA_7_B1,ALL,1,15.13474,3,4
2022-09-02T04:30:00-00:00,2022-09-02T04:45:00-00:00,2022-09-01,22,AGUAMNSA_7_B1,AGUAMNSA_7_B1,AGUAMNSA_7_B1,RTPD,MCL,LMP_LOSS_PRC,AGUAMNSA_7_B1,ALL,1,18.28464,3,4
2022-09-02T05:30:00-00:00,2022-09-02T05:45:00-00:00,2022-09-01,23,AGUAMNSA_7_B1,AGUAMNSA_7_B1,AGUAMNSA_7_B1,RTPD,MCL,LMP_LOSS_PRC,AGUAMNSA_7_B1,ALL,1,11.8661,3,4
2022-09-02T06:30:00-00:00,2022-09-02T06:45:00-00:00,2022-09-01,24,AGUAMNSA_7_B1,AGUAMNSA_7_B1,AGUAMNSA_7_B1,RTPD,MCL,LMP_LOSS_PRC,AGUAMNSA_7_B1,ALL,1,11.53145,3,4
2022-09-01T07:45:00-00:00,2022-09-01T08:00:00-00:00,2022-09-01,01,AGUAMNSA_7_B1,AGUAMNSA_7_B1,AGUAMNSA_7_B1,RTPD,MCL,LMP_LOSS_PRC,AGUAMNSA_7_B1,ALL,1,0,4,4
2022-09-01T08:45:00-00:00,2022-09-01T09:00:00-00:00,2022-09-01,02,AGUAMNSA_7_B1,AGUAMNSA_7_B1,AGUAMNSA_7_B1,RTPD,MCL,LMP_LOSS_PRC,AGUAMNSA_7_B1,ALL,1,9.28116,4,4
2022-09-01T09:45:00-00:00,2022-09-01T10:00:00-00:00,2022-09-01,03,AGUAMNSA_7_B1,AGUAMNSA_7_B1,AGUAMNSA_7_B1,RTPD,MCL,LMP_LOSS_PRC,AGUAMNSA_7_B1,ALL,1,9.1947,4,4
2022-09-01T10:45:00-00:00,2022-09-01T11:00:00-00:00,2022-09-01,04,AGUAMNSA_7_B1,AGUAMNSA_7_B1,AGUAMNSA_7_B1,RTPD,MCL,LMP_LOSS_PRC,AGUAMNSA_7_B1,ALL,1,9.38672,4,4
2022-09-01T11:45:00-00:00,2022-09-01T12:00:00-00:00,2022-09-01,05,AGUAMNSA_7_B1,AGUAMNSA_7_B1,AGUAMNSA_7_B1,RTPD,MCL,LMP_LOSS_PRC,AGUAMNSA_7_B1,ALL,1,0,4,4
2022-09-01T12:45:00-00:00,2022-09-01T13:00:00-00:00,2022-09-01,06,AGUAMNSA_7_B1,AGUAMNSA_7_B1,AGUAMNSA_7_B1,RTPD,MCL,LMP_LOSS_PRC,AGUAMNSA_7_B1,ALL,1,0,4,4
2022-09-01T13:45:00-00:00,2022-09-01T14:00:00-00:00,2022-09-01,07,AGUAMNSA_7_B1,AGUAMNSA_7_B1,AGUAMNSA_7_B1,RTPD,MCL,LMP_LOSS_PRC,AGUAMNSA_7_B1,ALL,1,0,4,4
2022-09-01T14:45:00-00:00,2022-09-01T15:00:00-00:00,2022-09-01,08,AGUAMNSA_7_B1,AGUAMNSA_7_B1,AGUAMNSA_7_B1,RTPD,MCL,LMP_LOSS_PRC,AGUAMNSA_7_B1,ALL,1,0,4,4
2022-09-01T15:45:00-00:00,2022-09-01T16:00:00-00:00,2022-09-01,09,AGUAMNSA_7_B1,AGUAMNSA_7_B1,AGUAMNSA_7_B1,RTPD,MCL,LMP_LOSS_PRC,AGUAMNSA_7_B1,ALL,1,0,4,4
2022-09-01T16:45:00-00:00,2022-09-01T17:00:00-00:00,2022-09-01,10,AGUAMNSA_7_B1,AGUAMNSA_7_B1,AGUAMNSA_7_B1,RTPD,MCL,LMP_LOSS_PRC,AGUAMNSA_7_B1,ALL,1,0,4,4
2022-09-01T17:45:00-00:00,2022-09-01T18:00:00-00:00,2022-09-01,11,AGUAMNSA_7_B1,AGUAMNSA_7_B1,AGUAMNSA_7_B1,RTPD,MCL,LMP_LOSS_PRC,AGUAMNSA_7_B1,ALL,1,0,4,4
2022-09-01T18:45:00-00:00,2022-09-01T19:00:00-00:00,2022-09-01,12,AGUAMNSA_7_B1,AGUAMNSA_7_B1,AGUAMNSA_7_B1,RTPD,MCL,LMP_LOSS_PRC,AGUAMNSA_7_B1,ALL,1,0,4,4
2022-09-01T19:45:00-00:00,2022-09-01T20:00:00-00:00,2022-09-01,13,AGUAMNSA_7_B1,AGUAMNSA_7_B1,AGUAMNSA_7_B1,RTPD,MCL,LMP_LOSS_PRC,AGUAMNSA_7_B1,ALL,1,0,4,4
2022-09-01T20:45:00-00:00,2022-09-01T21:00:00-00:00,2022-09-01,14,AGUAMNSA_7_B1,AGUAMNSA_7_B1,AGUAMNSA_7_B1,RTPD,MCL,LMP_LOSS_PRC,AGUAMNSA_7_B1,ALL,1,0,4,4
2022-09-01T21:45:00-00:00,2022-09-01T22:00:00-00:00,2022-09-01,15,AGUAMNSA_7_B1,AGUAMNSA_7_B1,AGUAMNSA_7_B1,RTPD,MCL,LMP_LOSS_PRC,AGUAMNSA_7_B1,ALL,1,0,4,4
2022-09-01T22:45:00-00:00,2022-09-01T23:00:00-00:00,2022-09-01,16,AGUAMNSA_7_B1,AGUAMNSA_7_B1,AGUAMNSA_7_B1,RTPD,MCL,LMP_LOSS_PRC,AGUAMNSA_7_B1,ALL,1,0,4,4
2022-09-01T23:45:00-00:00,2022-09-02T00:00:00-00:00,2022-09-01,17,AGUAMNSA_7_B1,AGUAMNSA_7_B1,AGUAMNSA_7_B1,RTPD,MCL,LMP_LOSS_PRC,AGUAMNSA_7_B1,ALL,1,0,4,4
2022-09-02T00:45:00-00:00,2022-09-02T01:00:00-00:00,2022-09-01,18,AGUAMNSA_7_B1,AGUAMNSA_7_B1,AGUAMNSA_7_B1,RTPD,MCL,LMP_LOSS_PRC,AGUAMNSA_7_B1,ALL,1,0,4,4
2022-09-02T01:45:00-00:00,2022-09-02T02:00:00-00:00,2022-09-01,19,AGUAMNSA_7_B1,AGUAMNSA_7_B1,AGUAMNSA_7_B1,RTPD,MCL,LMP_LOSS_PRC,AGUAMNSA_7_B1,ALL,1,0,4,4
2022-09-02T02:45:00-00:00,2022-09-02T03:00:00-00:00,2022-09-01,20,AGUAMNSA_7_B1,AGUAMNSA_7_B1,AGUAMNSA_7_B1,RTPD,MCL,LMP_LOSS_PRC,AGUAMNSA_7_B1,ALL,1,174.36948,4,4
2022-09-02T03:45:00-00:00,2022-09-02T04:00:00-00:00,2022-09-01,21,AGUAMNSA_7_B1,AGUAMNSA_7_B1,AGUAMNSA_7_B1,RTPD,MCL,LMP_LOSS_PRC,AGUAMNSA_7_B1,ALL,1,12.30715,4,4
2022-09-02T04:45:00-00:00,2022-09-02T05:00:00-00:00,2022-09-01,22,AGUAMNSA_7_B1,AGUAMNSA_7_B1,AGUAMNSA_7_B1,RTPD,MCL,LMP_LOSS_PRC,AGUAMNSA_7_B1,ALL,1,11.8017,4,4
2022-09-02T05:45:00-00:00,2022-09-02T06:00:00-00:00,2022-09-01,23,AGUAMNSA_7_B1,AGUAMNSA_7_B1,AGUAMNSA_7_B1,RTPD,MCL,LMP_LOSS_PRC,AGUAMNSA_7_B1,ALL,1,10.41334,4,4
2022-09-02T06:45:00-00:00,2022-09-02T07:00:00-00:00,2022-09-01,24,AGUAMNSA_7_B1,AGUAMNSA_7_B1,AGUAMNSA_7_B1,RTPD,MCL,LMP_LOSS_PRC,AGUAMNSA_7_B1,ALL,1,9.23859,4,4
2022-09-01T07:00:00-00:00,2022-09-01T07:15:00-00:00,2022-09-01,01,AGUAMNSA_7_B1,AGUAMNSA_7_B1,AGUAMNSA_7_B1,RTPD,MGHG,LMP_GHG_PRC,AGUAMNSA_7_B1,ALL,1,0,1,5
2022-09-01T08:00:00-00:00,2022-09-01T08:15:00-00:00,2022-09-01,02,AGUAMNSA_7_B1,AGUAMNSA_7_B1,AGUAMNSA_7_B1,RTPD,MGHG,LMP_GHG_PRC,AGUAMNSA_7_B1,ALL,1,0,1,5
2022-09-01T09:00:00-00:00,2022-09-01T09:15:00-00:00,2022-09-01,03,AGUAMNSA_7_B1,AGUAMNSA_7_B1,AGUAMNSA_7_B1,RTPD,MGHG,LMP_GHG_PRC,AGUAMNSA_7_B1,ALL,1,0,1,5
2022-09-01T10:00:00-00:00,2022-09-01T10:15:00-00:00,2022-09-01,04,AGUAMNSA_7_B1,AGUAMNSA_7_B1,AGUAMNSA_7_B1,RTPD,MGHG,LMP_GHG_PRC,AGUAMNSA_7_B1,ALL,1,0,1,5
2022-09-01T11:00:00-00:00,2022-09-01T11:15:00-00:00,2022-09-01,05,AGUAMNSA_7_B1,AGUAMNSA_7_B1,AGUAMNSA_7_B1,RTPD,MGHG,LMP_GHG_PRC,AGUAMNSA_7_B1,ALL,1,0,1,5
2022-09-01T12:00:00-00:00,2022-09-01T12:15:00-00:00,2022-09-01,06,AGUAMNSA_7_B1,AGUAMNSA_7_B1,AGUAMNSA_7_B1,RTPD,MGHG,LMP_GHG_PRC,AGUAMNSA_7_B1,ALL,1,0,1,5
2022-09-01T13:00:00-00:00,2022-09-01T13:15:00-00:00,2022-09-01,07,AGUAMNSA_7_B1,AGUAMNSA_7_B1,AGUAMNSA_7_B1,RTPD,MGHG,LMP_GHG_PRC,AGUAMNSA_7_B1,ALL,1,0,1,5
2022-09-01T14:00:00-00:00,2022-09-01T14:15:00-00:00,2022-09-01,08,AGUAMNSA_7_B1,AGUAMNSA_7_B1,AGUAMNSA_7_B1,RTPD,MGHG,LMP_GHG_PRC,AGUAMNSA_7_B1,ALL,1,0,1,5
2022-09-01T15:00:00-00:00,2022-09-01T15:15:00-00:00,2022-09-01,09,AGUAMNSA_7_B1,AGUAMNSA_7_B1,AGUAMNSA_7_B1,RTPD,MGHG,LMP_GHG_PRC,AGUAMNSA_7_B1,ALL,1,0,1,5
2022-09-01T16:00:00-00:00,2022-09-01T16:15:00-00:00,2022-09-01,10,AGUAMNSA_7_B1,AGUAMNSA_7_B1,AGUAMNSA_7_B1,RTPD,MGHG,LMP_GHG_PRC,AGUAMNSA_7_B1,ALL,1,0,1,5
2022-09-01T17:00:00-00:00,2022-09-01T17:15:00-00:00,2022-09-01,11,AGUAMNSA_7_B1,AGUAMNSA_7_B1,AGUAMNSA_7_B1,RTPD,MGHG,LMP_GHG_PRC,AGUAMNSA_7_B1,ALL,1,0,1,5
2022-09-01T18:00:00-00:00,2022-09-01T18:15:00-00:00,2022-09-01,12,AGUAMNSA_7_B1,AGUAMNSA_7_B1,AGUAMNSA_7_B1,RTPD,MGHG,LMP_GHG_PRC,AGUAMNSA_7_B1,ALL,1,0,1,5
2022-09-01T19:00:00-00:00,2022-09-01T19:15:00-00:00,2022-09-01,13,AGUAMNSA_7_B1,AGUAMNSA_7_B1,AGUAMNSA_7_B1,RTPD,MGHG,LMP_GHG_PRC,AGUAMNSA_7_B1,ALL,1,0,1,5
2022-09-01T20:00:00-00:00,2022-09-01T20:15:00-00:00,2022-09-01,14,AGUAMNSA_7_B1,AGUAMNSA_7_B1,AGUAMNSA_7_B1,RTPD,MGHG,LMP_GHG_PRC,AGUAMNSA_7_B1,ALL,1,0,1,5
2022-09-01T21:00:00-00:00,2022-09-01T21:15:00-00:00,2022-09-01,15,AGUAMNSA_7_B1,AGUAMNSA_7_B1,AGUAMNSA_7_B1,RTPD,MGHG,LMP_GHG_PRC,AGUAMNSA_7_B1,ALL,1,0,1,5
2022-09-01T22:00:00-00:00,2022-09-01T22:15:00-00:00,2022-09-01,16,AGUAMNSA_7_B1,AGUAMNSA_7_B1,AGUAMNSA_7_B1,RTPD,MGHG,LMP_GHG_PRC,AGUAMNSA_7_B1,ALL,1,0,1,5
2022-09-01T23:00:00-00:00,2022-09-01T23:15:00-00:00,2022-09-01,17,AGUAMNSA_7_B1,AGUAMNSA_7_B1,AGUAMNSA_7_B1,RTPD,MGHG,LMP_GHG_PRC,AGUAMNSA_7_B1,ALL,1,0,1,5
2022-09-02T00:00:00-00:00,2022-09-02T00:15:00-00:00,2022-09-01,18,AGUAMNSA_7_B1,AGUAMNSA_7_B1,AGUAMNSA_7_B1,RTPD,MGHG,LMP_GHG_PRC,AGUAMNSA_7_B1,ALL,1,0,1,5
2022-09-02T01:00:00-00:00,2022-09-02T01:15:00-00:00,2022-09-01,19,AGUAMNSA_7_B1,AGUAMNSA_7_B1,AGUAMNSA_7_B1,RTPD,MGHG,LMP_GHG_PRC,AGUAMNSA_7_B1,ALL,1,0,1,5
2022-09-02T02:00:00-00:00,2022-09-02T02:15:00-00:00,2022-09-01,20,AGUAMNSA_7_B1,AGUAMNSA_7_B1,AGUAMNSA_7_B1,RTPD,MGHG,LMP_GHG_PRC,AGUAMNSA_7_B1,ALL,1,0,1,5
2022-09-02T03:00:00-00:00,2022-09-02T03:15:00-00:00,2022-09-01,21,AGUAMNSA_7_B1,AGUAMNSA_7_B1,AGUAMNSA_7_B1,RTPD,MGHG,LMP_GHG_PRC,AGUAMNSA_7_B1,ALL,1,0,1,5
2022-09-02T04:00:00-00:00,2022-09-02T04:15:00-00:00,2022-09-01,22,AGUAMNSA_7_B1,AGUAMNSA_7_B1,AGUAMNSA_7_B1,RTPD,MGHG,LMP_GHG_PRC,AGUAMNSA_7_B1,ALL,1,0,1,5
2022-09-02T05:00:00-00:00,2022-09-02T05:15:00-00:00,2022-09-01,23,AGUAMNSA_7_B1,AGUAMNSA_7_B1,AGUAMNSA_7_B1,RTPD,MGHG,LMP_GHG_PRC,AGUAMNSA_7_B1,ALL,1,0,1,5
2022-09-02T06:00:00-00:00,2022-09-02T06:15:00-00:00,2022-09-01,24,AGUAMNSA_7_B1,AGUAMNSA_7_B1,AGUAMNSA_7_B1,RTPD,MGHG,LMP_GHG_PRC,AGUAMNSA_7_B1,ALL,1,0,1,5
2022-09-01T07:15:00-00:00,2022-09-01T07:30:00-00:00,2022-09-01,01,AGUAMNSA_7_B1,AGUAMNSA_7_B1,AGUAMNSA_7_B1,RTPD,MGHG,LMP_GHG_PRC,AGUAMNSA_7_B1,ALL,1,0,2,5
2022-09-01T08:15:00-00:00,2022-09-01T08:30:00-00:00,2022-09-01,02,AGUAMNSA_7_B1,AGUAMNSA_7_B1,AGUAMNSA_7_B1,RTPD,MGHG,LMP_GHG_PRC,AGUAMNSA_7_B1,ALL,1,0,2,5
2022-09-01T09:15:00-00:00,2022-09-01T09:30:00-00:00,2022-09-01,03,AGUAMNSA_7_B1,AGUAMNSA_7_B1,AGUAMNSA_7_B1,RTPD,MGHG,LMP_GHG_PRC,AGUAMNSA_7_B1,ALL,1,0,2,5
2022-09-01T10:15:00-00:00,2022-09-01T10:30:00-00:00,2022-09-01,04,AGUAMNSA_7_B1,AGUAMNSA_7_B1,AGUAMNSA_7_B1,RTPD,MGHG,LMP_GHG_PRC,AGUAMNSA_7_B1,ALL,1,0,2,5
2022-09-01T11:15:00-00:00,2022-09-01T11:30:00-00:00,2022-09-01,05,AGUAMNSA_7_B1,AGUAMNSA_7_B1,AGUAMNSA_7_B1,RTPD,MGHG,LMP_GHG_PRC,AGUAMNSA_7_B1,ALL,1,0,2,5
2022-09-01T12:15:00-00:00,2022-09-01T12:30:00-00:00,2022-09-01,06,AGUAMNSA_7_B1,AGUAMNSA_7_B1,AGUAMNSA_7_B1,RTPD,MGHG,LMP_GHG_PRC,AGUAMNSA_7_B1,ALL,1,0,2,5
2022-09-01T13:15:00-00:00,2022-09-01T13:30:00-00:00,2022-09-01,07,AGUAMNSA_7_B1,AGUAMNSA_7_B1,AGUAMNSA_7_B1,RTPD,MGHG,LMP_GHG_PRC,AGUAMNSA_7_B1,ALL,1,0,2,5
2022-09-01T14:15:00-00:00,2022-09-01T14:30:00-00:00,2022-09-01,08,AGUAMNSA_7_B1,AGUAMNSA_7_B1,AGUAMNSA_7_B1,RTPD,MGHG,LMP_GHG_PRC,AGUAMNSA_7_B1,ALL,1,0,2,5
2022-09-01T15:15:00-00:00,2022-09-01T15:30:00-00:00,2022-09-01,09,AGUAMNSA_7_B1,AGUAMNSA_7_B1,AGUAMNSA_7_B1,RTPD,MGHG,LMP_GHG_PRC,AGUAMNSA_7_B1,ALL,1,0,2,5
2022-09-01T16:15:00-00:00,2022-09-01T16:30:00-00:00,2022-09-01,10,AGUAMNSA_7_B1,AGUAMNSA_7_B1,AGUAMNSA_7_B1,RTPD,MGHG,LMP_GHG_PRC,AGUAMNSA_7_B1,ALL,1,0,2,5
2022-09-01T17:15:00-00:00,2022-09-01T17:30:00-00:00,2022-09-01,11,AGUAMNSA_7_B1,AGUAMNSA_7_B1,AGUAMNSA_7_B1,RTPD,MGHG,LMP_GHG_PRC,AGUAMNSA_7_B1,ALL,1,0,2,5
2022-09-01T18:15:00-00:00,2022-09-01T18:30:00-00:00,2022-09-01,12,AGUAMNSA_7_B1,AGUAMNSA_7_B1,AGUAMNSA_7_B1,RTPD,MGHG,LMP_GHG_PRC,AGUAMNSA_7_B1,ALL,1,0,2,5
2022-09-01T19:15:00-00:00,2022-09-01T19:30:00-00:00,2022-09-01,13,AGUAMNSA_7_B1,AGUAMNSA_7_B1,AGUAMNSA_7_B1,RTPD,MGHG,LMP_GHG_PRC,AGUAMNSA_7_B1,ALL,1,0,2,5
2022-09-01T20:15:00-00:00,2022-09-01T20:30:00-00:00,2022-09-01,14,AGUAMNSA_7_B1,AGUAMNSA_7_B1,AGUAMNSA_7_B1,RTPD,MGHG,LMP_GHG_PRC,AGUAMNSA_7_B1,ALL,1,0,2,5
2022-09-01T21:15:00-00:00,2022-09-01T21:30:00-00:00,2022-09-01,15,AGUAMNSA_7_B1,AGUAMNSA_7_B1,AGUAMNSA_7_B1,RTPD,MGHG,LMP_GHG_PRC,AGUAMNSA_7_B1,ALL,1,0,2,5
2022-09-01T22:15:00-00:00,2022-09-01T22:30:00-00:00,2022-09-01,16,AGUAMNSA_7_B1,AGUAMNSA_7_B1,AGUAMNSA_7_B1,RTPD,MGHG,LMP_GHG_PRC,AGUAMNSA_7_B1,ALL,1,0,2,5
2022-09-01T23:15:00-00:00,2022-09-01T23:30:00-00:00,2022-09-01,17,AGUAMNSA_7_B1,AGUAMNSA_7_B1,AGUAMNSA_7_B1,RTPD,MGHG,LMP_GHG_PRC,AGUAMNSA_7_B1,ALL,1,0,2,5
2022-09-02T00:15:00-00:00,2022-09-02T00:30:00-00:00,2022-09-01,18,AGUAMNSA_7_B1,AGUAMNSA_7_B1,AGUAMNSA_7_B1,RTPD,MGHG,LMP_GHG_PRC,AGUAMNSA_7_B1,ALL,1,0,2,5
2022-09-02T01:15:00-00:00,2022-09-02T01:30:00-00:00,2022-09-01,19,AGUAMNSA_7_B1,AGUAMNSA_7_B1,AGUAMNSA_7_B1,RTPD,MGHG,LMP_GHG_PRC,AGUAMNSA_7_B1,ALL,1,0,2,5
2022-09-02T02:15:00-00:00,2022-09-02T02:30:00-00:00,2022-09-01,20,AGUAMNSA_7_B1,AGUAMNSA_7_B1,AGUAMNSA_7_B1,RTPD,MGHG,LMP_GHG_PRC,AGUAMNSA_7_B1,ALL,1,0,2,5
2022-09-02T03:15:00-00:00,2022-09-02T03:30:00-00:00,2022-09-01,21,AGUAMNSA_7_B1,AGUAMNSA_7_B1,AGUAMNSA_7_B1,RTPD,MGHG,LMP_GHG_PRC,AGUAMNSA_7_B1,ALL,1,0,2,5
2022-09-02T04:15:00-00:00,2022-09-02T04:30:00-00:00,2022-09-01,22,AGUAMNSA_7_B1,AGUAMNSA_7_B1,AGUAMNSA_7_B1,RTPD,MGHG,LMP_GHG_PRC,AGUAMNSA_7_B1,ALL,1,0,2,5
2022-09-02T05:15:00-00:00,2022-09-02T05:30:00-00:00,2022-09-01,23,AGUAMNSA_7_B1,AGUAMNSA_7_B1,AGUAMNSA_7_B1,RTPD,MGHG,LMP_GHG_PRC,AGUAMNSA_7_B1,ALL,1,0,2,5
2022-09-02T06:15:00-00:00,2022-09-02T06:30:00-00:00,2022-09-01,24,AGUAMNSA_7_B1,AGUAMNSA_7_B1,AGUAMNSA_7_B1,RTPD,MGHG,LMP_GHG_PRC,AGUAMNSA_7_B1,ALL,1,0,2,5
2022-09-01T07:30:00-00:00,2022-09-01T07:45:00-00:00,2022-09-01,01,AGUAMNSA_7_B1,AGUAMNSA_7_B1,AGUAMNSA_7_B1,RTPD,MGHG,LMP_GHG_PRC,AGUAMNSA_7_B1,ALL,1,0,3,5
2022-09-01T08:30:00-00:00,2022-09-01T08:45:00-00:00,2022-09-01,02,AGUAMNSA_7_B1,AGUAMNSA_7_B1,AGUAMNSA_7_B1,RTPD,MGHG,LMP_GHG_PRC,AGUAMNSA_7_B1,ALL,1,0,3,5
2022-09-01T09:30:00-00:00,2022-09-01T09:45:00-00:00,2022-09-01,03,AGUAMNSA_7_B1,AGUAMNSA_7_B1,AGUAMNSA_7_B1,RTPD,MGHG,LMP_GHG_PRC,AGUAMNSA_7_B1,ALL,1,0,3,5
2022-09-01T10:30:00-00:00,2022-09-01T10:45:00-00:00,2022-09-01,04,AGUAMNSA_7_B1,AGUAMNSA_7_B1,AGUAMNSA_7_B1,RTPD,MGHG,LMP_GHG_PRC,AGUAMNSA_7_B1,ALL,1,0,3,5
2022-09-01T11:30:00-00:00,2022-09-01T11:45:00-00:00,2022-09-01,05,AGUAMNSA_7_B1,AGUAMNSA_7_B1,AGUAMNSA_7_B1,RTPD,MGHG,LMP_GHG_PRC,AGUAMNSA_7_B1,ALL,1,0,3,5
2022-09-01T12:30:00-00:00,2022-09-01T12:45:00-00:00,2022-09-01,06,AGUAMNSA_7_B1,AGUAMNSA_7_B1,AGUAMNSA_7_B1,RTPD,MGHG,LMP_GHG_PRC,AGUAMNSA_7_B1,ALL,1,0,3,5
2022-09-01T13:30:00-00:00,2022-09-01T13:45:00-00:00,2022-09-01,07,AGUAMNSA_7_B1,AGUAMNSA_7_B1,AGUAMNSA_7_B1,RTPD,MGHG,LMP_GHG_PRC,AGUAMNSA_7_B1,ALL,1,0,3,5
2022-09-01T14:30:00-00:00,2022-09-01T14:45:00-00:00,2022-09-01,08,AGUAMNSA_7_B1,AGUAMNSA_7_B1,AGUAMNSA_7_B1,RTPD,MGHG,LMP_GHG_PRC,AGUAMNSA_7_B1,ALL,1,0,3,5
2022-09-01T15:30:00-00:00,2022-09-01T15:45:00-00:00,2022-09-01,09,AGUAMNSA_7_B1,AGUAMNSA_7_B1,AGUAMNSA_7_B1,RTPD,MGHG,LMP_GHG_PRC,AGUAMNSA_7_B1,ALL,1,0,3,5
2022-09-01T16:30:00-00:00,2022-09-01T16:45:00-00:00,2022-09-01,10,AGUAMNSA_7_B1,AGUAMNSA_7_B1,AGUAMNSA_7_B1,RTPD,MGHG,LMP_GHG_PRC,AGUAMNSA_7_B1,ALL,1,0,3,5
2022-09-01T17:30:00-00:00,2022-09-01T17:45:00-00:00,2022-09-01,11,AGUAMNSA_7_B1,AGUAMNSA_7_B1,AGUAMNSA_7_B1,RTPD,MGHG,LMP_GHG_PRC,AGUAMNSA_7_B1,ALL,1,0,3,5
2022-09-01T18:30:00-00:00,2022-09-01T18:45:00-00:00,2022-09-01,12,AGUAMNSA_7_B1,AGUAMNSA_7_B1,AGUAMNSA_7_B1,RTPD,MGHG,LMP_GHG_PRC,AGUAMNSA_7_B1,ALL,1,0,3,5
2022-09-01T19:30:00-00:00,2022-09-01T19:45:00-00:00,2022-09-01,13,AGUAMNSA_7_B1,AGUAMNSA_7_B1,AGUAMNSA_7_B1,RTPD,MGHG,LMP_GHG_PRC,AGUAMNSA_7_B1,ALL,1,0,3,5
2022-09-01T20:30:00-00:00,2022-09-01T20:45:00-00:00,2022-09-01,14,AGUAMNSA_7_B1,AGUAMNSA_7_B1,AGUAMNSA_7_B1,RTPD,MGHG,LMP_GHG_PRC,AGUAMNSA_7_B1,ALL,1,0,3,5
2022-09-01T21:30:00-00:00,2022-09-01T21:45:00-00:00,2022-09-01,15,AGUAMNSA_7_B1,AGUAMNSA_7_B1,AGUAMNSA_7_B1,RTPD,MGHG,LMP_GHG_PRC,AGUAMNSA_7_B1,ALL,1,0,3,5
2022-09-01T22:30:00-00:00,2022-09-01T22:45:00-00:00,2022-09-01,16,AGUAMNSA_7_B1,AGUAMNSA_7_B1,AGUAMNSA_7_B1,RTPD,MGHG,LMP_GHG_PRC,AGUAMNSA_7_B1,ALL,1,0,3,5
2022-09-01T23:30:00-00:00,2022-09-01T23:45:00-00:00,2022-09-01,17,AGUAMNSA_7_B1,AGUAMNSA_7_B1,AGUAMNSA_7_B1,RTPD,MGHG,LMP_GHG_PRC,AGUAMNSA_7_B1,ALL,1,0,3,5
2022-09-02T00:30:00-00:00,2022-09-02T00:45:00-00:00,2022-09-01,18,AGUAMNSA_7_B1,AGUAMNSA_7_B1,AGUAMNSA_7_B1,RTPD,MGHG,LMP_GHG_PRC,AGUAMNSA_7_B1,ALL,1,0,3,5
2022-09-02T01:30:00-00:00,2022-09-02T01:45:00-00:00,2022-09-01,19,AGUAMNSA_7_B1,AGUAMNSA_7_B1,AGUAMNSA_7_B1,RTPD,MGHG,LMP_GHG_PRC,AGUAMNSA_7_B1,ALL,1,0,3,5
2022-09-02T02:30:00-00:00,2022-09-02T02:45:00-00:00,2022-09-01,20,AGUAMNSA_7_B1,AGUAMNSA_7_B1,AGUAMNSA_7_B1,RTPD,MGHG,LMP_GHG_PRC,AGUAMNSA_7_B1,ALL,1,0,3,5
2022-09-02T03:30:00-00:00,2022-09-02T03:45:00-00:00,2022-09-01,21,AGUAMNSA_7_B1,AGUAMNSA_7_B1,AGUAMNSA_7_B1,RTPD,MGHG,LMP_GHG_PRC,AGUAMNSA_7_B1,ALL,1,0,3,5
2022-09-02T04:30:00-00:00,2022-09-02T04:45:00-00:00,2022-09-01,22,AGUAMNSA_7_B1,AGUAMNSA_7_B1,AGUAMNSA_7_B1,RTPD,MGHG,LMP_GHG_PRC,AGUAMNSA_7_B1,ALL,1,0,3,5
2022-09-02T05:30:00-00:00,2022-09-02T05:45:00-00:00,2022-09-01,23,AGUAMNSA_7_B1,AGUAMNSA_7_B1,AGUAMNSA_7_B1,RTPD,MGHG,LMP_GHG_PRC,AGUAMNSA_7_B1,ALL,1,0,3,5
2022-09-02T06:30:00-00:00,2022-09-02T06:45:00-00:00,2022-09-01,24,AGUAMNSA_7_B1,AGUAMNSA_7_B1,AGUAMNSA_7_B1,RTPD,MGHG,LMP_GHG_PRC,AGUAMNSA_7_B1,ALL,1,0,3,5
2022-09-01T07:45:00-00:00,2022-09-01T08:00:00-00:00,2022-09-01,01,AGUAMNSA_7_B1,AGUAMNSA_7_B1,AGUAMNSA_7_B1,RTPD,MGHG,LMP_GHG_PRC,AGUAMNSA_7_B1,ALL,1,0,4,5
2022-09-01T08:45:00-00:00,2022-09-01T09:00:00-00:00,2022-09-01,02,AGUAMNSA_7_B1,AGUAMNSA_7_B1,AGUAMNSA_7_B1,RTPD,MGHG,LMP_GHG_PRC,AGUAMNSA_7_B1,ALL,1,0,4,5
2022-09-01T09:45:00-00:00,2022-09-01T10:00:00-00:00,2022-09-01,03,AGUAMNSA_7_B1,AGUAMNSA_7_B1,AGUAMNSA_7_B1,RTPD,MGHG,LMP_GHG_PRC,AGUAMNSA_7_B1,ALL,1,0,4,5
2022-09-01T10:45:00-00:00,2022-09-01T11:00:00-00:00,2022-09-01,04,AGUAMNSA_7_B1,AGUAMNSA_7_B1,AGUAMNSA_7_B1,RTPD,MGHG,LMP_GHG_PRC,AGUAMNSA_7_B1,ALL,1,0,4,5
2022-09-01T11:45:00-00:00,2022-09-01T12:00:00-00:00,2022-09-01,05,AGUAMNSA_7_B1,AGUAMNSA_7_B1,AGUAMNSA_7_B1,RTPD,MGHG,LMP_GHG_PRC,AGUAMNSA_7_B1,ALL,1,0,4,5
2022-09-01T12:45:00-00:00,2022-09-01T13:00:00-00:00,2022-09-01,06,AGUAMNSA_7_B1,AGUAMNSA_7_B1,AGUAMNSA_7_B1,RTPD,MGHG,LMP_GHG_PRC,AGUAMNSA_7_B1,ALL,1,0,4,5
2022-09-01T13:45:00-00:00,2022-09-01T14:00:00-00:00,2022-09-01,07,AGUAMNSA_7_B1,AGUAMNSA_7_B1,AGUAMNSA_7_B1,RTPD,MGHG,LMP_GHG_PRC,AGUAMNSA_7_B1,ALL,1,0,4,5
2022-09-01T14:45:00-00:00,2022-09-01T15:00:00-00:00,2022-09-01,08,AGUAMNSA_7_B1,AGUAMNSA_7_B1,AGUAMNSA_7_B1,RTPD,MGHG,LMP_GHG_PRC,AGUAMNSA_7_B1,ALL,1,0,4,5
2022-09-01T15:45:00-00:00,2022-09-01T16:00:00-00:00,2022-09-01,09,AGUAMNSA_7_B1,AGUAMNSA_7_B1,AGUAMNSA_7_B1,RTPD,MGHG,LMP_GHG_PRC,AGUAMNSA_7_B1,ALL,1,0,4,5
2022-09-01T16:45:00-00:00,2022-09-01T17:00:00-00:00,2022-09-01,10,AGUAMNSA_7_B1,AGUAMNSA_7_B1,AGUAMNSA_7_B1,RTPD,MGHG,LMP_GHG_PRC,AGUAMNSA_7_B1,ALL,1,0,4,5
2022-09-01T17:45:00-00:00,2022-09-01T18:00:00-00:00,2022-09-01,11,AGUAMNSA_7_B1,AGUAMNSA_7_B1,AGUAMNSA_7_B1,RTPD,MGHG,LMP_GHG_PRC,AGUAMNSA_7_B1,ALL,1,0,4,5
2022-09-01T18:45:00-00:00,2022-09-01T19:00:00-00:00,2022-09-01,12,AGUAMNSA_7_B1,AGUAMNSA_7_B1,AGUAMNSA_7_B1,RTPD,MGHG,LMP_GHG_PRC,AGUAMNSA_7_B1,ALL,1,0,4,5
2022-09-01T19:45:00-00:00,2022-09-01T20:00:00-00:00,2022-09-01,13,AGUAMNSA_7_B1,AGUAMNSA_7_B1,AGUAMNSA_7_B1,RTPD,MGHG,LMP_GHG_PRC,AGUAMNSA_7_B1,ALL,1,0,4,5
2022-09-01T20:45:00-00:00,2022-09-01T21:00:00-00:00,2022-09-01,14,AGUAMNSA_7_B1,AGUAMNSA_7_B1,AGUAMNSA_7_B1,RTPD,MGHG,LMP_GHG_PRC,AGUAMNSA_7_B1,ALL,1,0,4,5
2022-09-01T21:45:00-00:00,2022-09-01T22:00:00-00:00,2022-09-01,15,AGUAMNSA_7_B1,AGUAMNSA_7_B1,AGUAMNSA_7_B1,RTPD,MGHG,LMP_GHG_PRC,AGUAMNSA_7_B1,ALL,1,0,4,5
2022-09-01T22:45:00-00:00,2022-09-01T23:00:00-00:00,2022-09-01,16,AGUAMNSA_7_B1,AGUAMNSA_7_B1,AGUAMNSA_7_B1,RTPD,MGHG,LMP_GHG_PRC,AGUAMNSA_7_B1,ALL,1,0,4,5
2022-09-01T23:45:00-00:00,2022-09-02T00:00:00-00:00,2022-09-01,17,AGUAMNSA_7_B1,AGUAMNSA_7_B1,AGUAMNSA_7_B1,RTPD,MGHG,LMP_GHG_PRC,AGUAMNSA_7_B1,ALL,1,0,4,5
2022-09-02T00:45:00-00:00,2022-09-02T01:00:00-00:00,2022-09-01,18,AGUAMNSA_7_B1,AGUAMNSA_7_B1,AGUAMNSA_7_B1,RTPD,MGHG,LMP_GHG_PRC,AGUAMNSA_7_B1,ALL,1,0,4,5
2022-09-02T01:45:00-00:00,2022-09-02T02:00:00-00:00,2022-09-01,19,AGUAMNSA_7_B1,AGUAMNSA_7_B1,AGUAMNSA_7_B1,RTPD,MGHG,LMP_GHG_PRC,AGUAMNSA_7_B1,ALL,1,0,4,5
2022-09-02T02:45:00-00:00,2022-09-02T03:00:00-00:00,2022-09-01,20,AGUAMNSA_7_B1,AGUAMNSA_7_B1,AGUAMNSA_7_B1,RTPD,MGHG,LMP_GHG_PRC,AGUAMNSA_7_B1,ALL,1,0,4,5
2022-09-02T03:45:00-00:00,2022-09-02T04:00:00-00:00,2022-09-01,21,AGUAMNSA_7_B1,AGUAMNSA_7_B1,AGUAMNSA_7_B1,RTPD,MGHG,LMP_GHG_PRC,AGUAMNSA_7_B1,ALL,1,0,4,5
2022-09-02T04:45:00-00:00,2022-09-02T05:00:00-00:00,2022-09-01,22,AGUAMNSA_7_B1,AGUAMNSA_7_B1,AGUAMNSA_7_B1,RTPD,MGHG,LMP_GHG_PRC,AGUAMNSA_7_B1,ALL,1,0,4,5
2022-09-02T05:45:00-00:00,2022-09-02T06:00:00-00:00,2022-09-01,23,AGUAMNSA_7_B1,AGUAMNSA_7_B1,AGUAMNSA_7_B1,RTPD,MGHG,LMP_GHG_PRC,AGUAMNSA_7_B1,ALL,1,0,4,5
2022-09-02T06:45:00-00:00,2022-09-02T07:00:00-00:00,2022-09-01,24,AGUAMNSA_7_B1,AGUAMNSA_7_B1,AGUAMNSA_7_B1,RTPD,MGHG,LMP_GHG_PRC,AGUAMNSA_7_B1,ALL,1,0,4,5
