INTERVALSTARTTIME_GMT,INTERVALENDTIME_GMT,OPR_DT,OPR_HR,NODE_ID_XML,NODE_ID,NODE,MARKET_RUN_ID,LMP_TYPE,XML_DATA_ITEM,PNODE_RESMRID,GRP_TYPE,POS,PRC,OPR_INTERVAL,GROUP
2022-09-01T07:00:00-00:00,2022-09-01T07:15:00-00:00,2022-09-01,01,LAJOYA_3_LJOYA1GNODE,LAJOYA_3_LJOYA1GNODE,LAJOYA_3_LJOYA1GNODE,RTPD,LMP,LMP_PRC,LAJOYA_3_LJOYA1GNODE,ALL,1,103.81536,1,1
2022-09-01T08:00:00-00:00,2022-09-01T08:15:00-00:00,2022-09-01,02,LAJOYA_3_LJOYA1GNODE,LAJOYA_3_LJOYA1GNODE,LAJOYA_3_LJOYA1GNODE,RTPD,LMP,LMP_PRC,LAJOYA_3_LJOYA1GNODE,ALL,1,103.59778,1,1
2022-09-01T09:00:00-00:00,2022-09-01T09:15:00-00:00,2022-09-01,03,LAJOYA_3_LJOYA1GNODE,LAJOYA_3_LJOYA1GNODE,LAJOYA_3_LJOYA1GNODE,RTPD,LMP,LMP_PRC,LAJOYA_3_LJOYA1GNODE,ALL,1,85.12993,1,1
2022-09-01T10:00:00-00:00,2022-09-01T10:15:00-00:00,2022-09-01,04,LAJOYA_3_LJOYA1GNODE,LAJOYA_3_LJOYA1GNODE,LAJOYA_3_LJOYA1GNODE,RTPD,LMP,LMP_PRC,LAJOYA_3_LJOYA1GNODE,ALL,1,82.68427,1,1
2022-09-01T11:00:00-00:00,2022-09-01T11:15:00-00:00,2022-09-01,05,LAJOYA_3_LJOYA1GNODE,LAJOYA_3_LJOYA1GNODE,LAJOYA_3_LJOYA1GNODE,RTPD,LMP,LMP_PRC,LAJOYA_3_LJOYA1GNODE,ALL,1,83.62106,1,1
2022-09-01T12:00:00-00:00,2022-09-01T12:15:00-00:00,2022-09-01,06,LAJOYA_3_LJOYA1GNODE,LAJOYA_3_LJOYA1GNODE,LAJOYA_3_LJOYA1GNODE,RTPD,LMP,LMP_PRC,LAJOYA_3_LJOYA1GNODE,ALL,1,85.08969,1,1
2022-09-01T13:00:00-00:00,2022-09-01T13:15:00-00:00,2022-09-01,07,LAJOYA_3_LJOYA1GNODE,LAJOYA_3_LJOYA1GNODE,LAJOYA_3_LJOYA1GNODE,RTPD,LMP,LMP_PRC,LAJOYA_3_LJOYA1GNODE,ALL,1,96.16758,1,1
2022-09-01T14:00:00-00:00,2022-09-01T14:15:00-00:00,2022-09-01,08,LAJOYA_3_LJOYA1GNODE,LAJOYA_3_LJOYA1GNODE,LAJOYA_3_LJOYA1GNODE,RTPD,LMP,LMP_PRC,LAJOYA_3_LJOYA1GNODE,ALL,1,71.3153,1,1
2022-09-01T15:00:00-00:00,2022-09-01T15:15:00-00:00,2022-09-01,09,LAJOYA_3_LJOYA1GNODE,LAJOYA_3_LJOYA1GNODE,LAJOYA_3_LJOYA1GNODE,RTPD,LMP,LMP_PRC,LAJOYA_3_LJOYA1GNODE,ALL,1,39.6471,1,1
2022-09-01T16:00:00-00:00,2022-09-01T16:15:00-00:00,2022-09-01,10,LAJOYA_3_LJOYA1GNODE,LAJOYA_3_LJOYA1GNODE,LAJOYA_3_LJOYA1GNODE,RTPD,LMP,LMP_PRC,LAJOYA_3_LJOYA1GNODE,ALL,1,36.66131,1,1
2022-09-01T17:00:00-00:00,2022-09-01T17:15:00-00:00,2022-09-01,11,LAJOYA_3_LJOYA1GNODE,LAJOYA_3_LJOYA1GNODE,LAJOYA_3_LJOYA1GNODE,RTPD,LMP,LMP_PRC,LAJOYA_3_LJOYA1GNODE,ALL,1,66.78977,1,1
2022-09-01T18:00:00-00:00,2022-09-01T18:15:00-00:00,2022-09-01,12,LAJOYA_3_LJOYA1GNODE,LAJOYA_3_LJOYA1GNODE,LAJOYA_3_LJOYA1GNODE,RTPD,LMP,LMP_PRC,LAJOYA_3_LJOYA1GNODE,ALL,1,65.89496,1,1
2022-09-01T19:00:00-00:00,2022-09-01T19:15:00-00:00,2022-09-01,13,LAJOYA_3_LJOYA1GNODE,LAJOYA_3_LJOYA1GNODE,LAJOYA_3_LJOYA1GNODE,RTPD,LMP,LMP_PRC,LAJOYA_3_LJOYA1GNODE,ALL,1,63.05663,1,1
2022-09-01T20:00:00-00:00,2022-09-01T20:15:00-00:00,2022-09-01,14,LAJOYA_3_LJOYA1GNODE,LAJOYA_3_LJOYA1GNODE,LAJOYA_3_LJOYA1GNODE,RTPD,LMP,LMP_PRC,LAJOYA_3_LJOYA1GNODE,ALL,1,93.48671,1,1
2022-09-01T21:00:00-00:00,2022-09-01T21:15:00-00:00,2022-09-01,15,LAJOYA_3_LJOYA1GNODE,LAJOYA_3_LJOYA1GNODE,LAJOYA_3_LJOYA1GNODE,RTPD,LMP,LMP_PRC,LAJOYA_3_LJOYA1GNODE,ALL,1,80.25278,1,1
2022-09-01T22:00:00-00:00,2022-09-01T22:15:00-00:00,2022-09-01,16,LAJOYA_3_LJOYA1GNODE,LAJOYA_3_LJOYA1GNODE,LAJOYA_3_LJOYA1GNODE,RTPD,LMP,LMP_PRC,LAJOYA_3_LJOYA1GNODE,ALL,1,132.06512,1,1
2022-09-01T23:00:00-00:00,2022-09-01T23:15:00-00:00,2022-09-01,17,LAJOYA_3_LJOYA1GNODE,LAJOYA_3_LJOYA1GNODE,LAJOYA_3_LJOYA1GNODE,RTPD,LMP,LMP_PRC,LAJOYA_3_LJOYA1GNODE,ALL,1,185.80742,1,1
2022-09-02T00:00:00-00:00,2022-09-02T00:15:00-00:00,2022-09-01,18,LAJOYA_3_LJOYA1GNODE,LAJOYA_3_LJOYA1GNODE,LAJOYA_3_LJOYA1GNODE,RTPD,LMP,LMP_PRC,LAJOYA_3_LJOYA1GNODE,ALL,1,513.22864,1,1
2022-09-02T01:00:00-00:00,2022-09-02T01:15:00-00:00,2022-09-01,19,LAJOYA_3_LJOYA1GNODE,LAJOYA_3_LJOYA1GNODE,LAJOYA_3_LJOYA1GNODE,RTPD,LMP,LMP_PRC,LAJOYA_3_LJOYA1GNODE,ALL,1,953.187,1,1
2022-09-02T02:00:00-00:00,2022-09-02T02:15:00-00:00,2022-09-01,20,LAJOYA_3_LJOYA1GNODE,LAJOYA_3_LJOYA1GNODE,LAJOYA_3_LJOYA1GNODE,RTPD,LMP,LMP_PRC,LAJOYA_3_LJOYA1GNODE,ALL,1,1892.5872,1,1
2022-09-02T03:00:00-00:00,2022-09-02T03:15:00-00:00,2022-09-01,21,LAJOYA_3_LJOYA1GNODE,LAJOYA_3_LJOYA1GNODE,LAJOYA_3_LJOYA1GNODE,RTPD,LMP,LMP_PRC,LAJOYA_3_LJOYA1GNODE,ALL,1,60.97696,1,1
2022-09-02T04:00:00-00:00,2022-09-02T04:15:00-00:00,2022-09-01,22,LAJOYA_3_LJOYA1GNODE,LAJOYA_3_LJOYA1GNODE,LAJOYA_3_LJOYA1GNODE,RTPD,LMP,LMP_PRC,LAJOYA_3_LJOYA1GNODE,ALL,1,-52.21722,1,1
2022-09-02T05:00:00-00:00,2022-09-02T05:15:00-00:00,2022-09-01,23,LAJOYA_3_LJOYA1GNODE,LAJOYA_3_LJOYA1GNODE,LAJOYA_3_LJOYA1GNODE,RTPD,LMP,LMP_PRC,LAJOYA_3_LJOYA1GNODE,ALL,1,-40.19,1,1
2022-09-02T06:00:00-00:00,2022-09-02T06:15:00-00:00,2022-09-01,24,LAJOYA_3_LJOYA1GNODE,LAJOYA_3_LJOYA1GNODE,LAJOYA_3_LJOYA1GNODE,RTPD,LMP,LMP_PRC,LAJOYA_3_LJOYA1GNODE,ALL,1,9.66,1,1
2022-09-01T07:15:00-00:00,2022-09-01T07:30:00-00:00,2022-09-01,01,LAJOYA_3_LJOYA1GNODE,LAJOYA_3_LJOYA1GNODE,LAJOYA_3_LJOYA1GNODE,RTPD,LMP,LMP_PRC,LAJOYA_3_LJOYA1GNODE,ALL,1,118.23908,2,1
2022-09-01T08:15:00-00:00,2022-09-01T08:30:00-00:00,2022-09-01,02,LAJOYA_3_LJOYA1GNODE,LAJOYA_3_LJOYA1GNODE,LAJOYA_3_LJOYA1GNODE,RTPD,LMP,LMP_PRC,LAJOYA_3_LJOYA1GNODE,ALL,1,101.37467,2,1
2022-09-01T09:15:00-00:00,2022-09-01T09:30:00-00:00,2022-09-01,03,LAJOYA_3_LJOYA1GNODE,LAJOYA_3_LJOYA1GNODE,LAJOYA_3_LJOYA1GNODE,RTPD,LMP,LMP_PRC,LAJOYA_3_LJOYA1GNODE,ALL,1,84.85697,2,1
2022-09-01T10:15:00-00:00,2022-09-01T10:30:00-00:00,2022-09-01,04,LAJOYA_3_LJOYA1GNODE,LAJOYA_3_LJOYA1GNODE,LAJOYA_3_LJOYA1GNODE,RTPD,LMP,LMP_PRC,LAJOYA_3_LJOYA1GNODE,ALL,1,81.84317,2,1
2022-09-01T11:15:00-00:00,2022-09-01T11:30:00-00:00,2022-09-01,05,LAJOYA_3_LJOYA1GNODE,LAJOYA_3_LJOYA1GNODE,LAJOYA_3_LJOYA1GNODE,RTPD,LMP,LMP_PRC,LAJOYA_3_LJOYA1GNODE,ALL,1,83.81366,2,1
2022-09-01T12:15:00-00:00,2022-09-01T12:30:00-00:00,2022-09-01,06,LAJOYA_3_LJOYA1GNODE,LAJOYA_3_LJOYA1GNODE,LAJOYA_3_LJOYA1GNODE,RTPD,LMP,LMP_PRC,LAJOYA_3_LJOYA1GNODE,ALL,1,92.77557,2,1
2022-09-01T13:15:00-00:00,2022-09-01T13:30:00-00:00,2022-09-01,07,LAJOYA_3_LJOYA1GNODE,LAJOYA_3_LJOYA1GNODE,LAJOYA_3_LJOYA1GNODE,RTPD,LMP,LMP_PRC,LAJOYA_3_LJOYA1GNODE,ALL,1,91.76043,2,1
2022-09-01T14:15:00-00:00,2022-09-01T14:30:00-00:00,2022-09-01,08,LAJOYA_3_LJOYA1GNODE,LAJOYA_3_LJOYA1GNODE,LAJOYA_3_LJOYA1GNODE,RTPD,LMP,LMP_PRC,LAJOYA_3_LJOYA1GNODE,ALL,1,62.06847,2,1
2022-09-01T15:15:00-00:00,2022-09-01T15:30:00-00:00,2022-09-01,09,LAJOYA_3_LJOYA1GNODE,LAJOYA_3_LJOYA1GNODE,LAJOYA_3_LJOYA1GNODE,RTPD,LMP,LMP_PRC,LAJOYA_3_LJOYA1GNODE,ALL,1,26.55639,2,1
2022-09-01T16:15:00-00:00,2022-09-01T16:30:00-00:00,2022-09-01,10,LAJOYA_3_LJOYA1GNODE,LAJOYA_3_LJOYA1GNODE,LAJOYA_3_LJOYA1GNODE,RTPD,LMP,LMP_PRC,LAJOYA_3_LJOYA1GNODE,ALL,1,46.45723,2,1
2022-09-01T17:15:00-00:00,2022-09-01T17:30:00-00:00,2022-09-01,11,LAJOYA_3_LJOYA1GNODE,LAJOYA_3_LJOYA1GNODE,LAJOYA_3_LJOYA1GNODE,RTPD,LMP,LMP_PRC,LAJOYA_3_LJOYA1GNODE,ALL,1,69.54011,2,1
2022-09-01T18:15:00-00:00,2022-09-01T18:30:00-00:00,2022-09-01,12,LAJOYA_3_LJOYA1GNODE,LAJOYA_3_LJOYA1GNODE,LAJOYA_3_LJOYA1GNODE,RTPD,LMP,LMP_PRC,LAJOYA_3_LJOYA1GNODE,ALL,1,65.22544,2,1
2022-09-01T19:15:00-00:00,2022-09-01T19:30:00-00:00,2022-09-01,13,LAJOYA_3_LJOYA1GNODE,LAJOYA_3_LJOYA1GNODE,LAJOYA_3_LJOYA1GNODE,RTPD,LMP,LMP_PRC,LAJOYA_3_LJOYA1GNODE,ALL,1,77.57006,2,1
2022-09-01T20:15:00-00:00,2022-09-01T20:30:00-00:00,2022-09-01,14,LAJOYA_3_LJOYA1GNODE,LAJOYA_3_LJOYA1GNODE,LAJOYA_3_LJOYA1GNODE,RTPD,LMP,LMP_PRC,LAJOYA_3_LJOYA1GNODE,ALL,1,100.72215,2,1
2022-09-01T21:15:00-00:00,2022-09-01T21:30:00-00:00,2022-09-01,15,LAJOYA_3_LJOYA1GNODE,LAJOYA_3_LJOYA1GNODE,LAJOYA_3_LJOYA1GNODE,RTPD,LMP,LMP_PRC,LAJOYA_3_LJOYA1GNODE,ALL,1,104.1041,2,1
2022-09-01T22:15:00-00:00,2022-09-01T22:30:00-00:00,2022-09-01,16,LAJOYA_3_LJOYA1GNODE,LAJOYA_3_LJOYA1GNODE,LAJOYA_3_LJOYA1GNODE,RTPD,LMP,LMP_PRC,LAJOYA_3_LJOYA1GNODE,ALL,1,153.64334,2,1
2022-09-01T23:15:00-00:00,2022-09-01T23:30:00-00:00,2022-09-01,17,LAJOYA_3_LJOYA1GNODE,LAJOYA_3_LJOYA1GNODE,LAJOYA_3_LJOYA1GNODE,RTPD,LMP,LMP_PRC,LAJOYA_3_LJOYA1GNODE,ALL,1,172.18204,2,1
2022-09-02T00:15:00-00:00,2022-09-02T00:30:00-00:00,2022-09-01,18,LAJOYA_3_LJOYA1GNODE,LAJOYA_3_LJOYA1GNODE,LAJOYA_3_LJOYA1GNODE,RTPD,LMP,LMP_PRC,LAJOYA_3_LJOYA1GNODE,ALL,1,465.21652,2,1
2022-09-02T01:15:00-00:00,2022-09-02T01:30:00-00:00,2022-09-01,19,LAJOYA_3_LJOYA1GNODE,LAJOYA_3_LJOYA1GNODE,LAJOYA_3_LJOYA1GNODE,RTPD,LMP,LMP_PRC,LAJOYA_3_LJOYA1GNODE,ALL,1,1867.3993,2,1
2022-09-02T02:15:00-00:00,2022-09-02T02:30:00-00:00,2022-09-01,20,LAJOYA_3_LJOYA1GNODE,LAJOYA_3_LJOYA1GNODE,LAJOYA_3_LJOYA1GNODE,RTPD,LMP,LMP_PRC,LAJOYA_3_LJOYA1GNODE,ALL,1,1974.5098,2,1
2022-09-02T03:15:00-00:00,2022-09-02T03:30:00-00:00,2022-09-01,21,LAJOYA_3_LJOYA1GNODE,LAJOYA_3_LJOYA1GNODE,LAJOYA_3_LJOYA1GNODE,RTPD,LMP,LMP_PRC,LAJOYA_3_LJOYA1GNODE,ALL,1,78.26748,2,1
2022-09-02T04:15:00-00:00,2022-09-02T04:30:00-00:00,2022-09-01,22,LAJOYA_3_LJOYA1GNODE,LAJOYA_3_LJOYA1GNODE,LAJOYA_3_LJOYA1GNODE,RTPD,LMP,LMP_PRC,LAJOYA_3_LJOYA1GNODE,ALL,1,-43.62722,2,1
2022-09-02T05:15:00-00:00,2022-09-02T05:30:00-00:00,2022-09-01,23,LAJOYA_3_LJOYA1GNODE,LAJOYA_3_LJOYA1GNODE,LAJOYA_3_LJOYA1GNODE,RTPD,LMP,LMP_PRC,LAJOYA_3_LJOYA1GNODE,ALL,1,-54.47517,2,1
2022-09-02T06:15:00-00:00,2022-09-02T06:30:00-00:00,2022-09-01,24,LAJOYA_3_LJOYA1GNODE,LAJOYA_3_LJOYA1GNODE,LAJOYA_3_LJOYA1GNODE,RTPD,LMP,LMP_PRC,LAJOYA_3_LJOYA1GNODE,ALL,1,55.37287,2,1
2022-09-01T07:30:00-00:00,2022-09-01T07:45:00-00:00,2022-09-01,01,LAJOYA_3_LJOYA1GNODE,LAJOYA_3_LJOYA1GNODE,LAJOYA_3_LJOYA1GNODE,RTPD,LMP,LMP_PRC,LAJOYA_3_LJOYA1GNODE,ALL,1,115.07864,3,1
2022-09-01T08:30:00-00:00,2022-09-01T08:45:00-00:00,2022-09-01,02,LAJOYA_3_LJOYA1GNODE,LAJOYA_3_LJOYA1GNODE,LAJOYA_3_LJOYA1GNODE,RTPD,LMP,LMP_PRC,LAJOYA_3_LJOYA1GNODE,ALL,1,90.1272,3,1
2022-09-01T09:30:00-00:00,2022-09-01T09:45:00-00:00,2022-09-01,03,LAJOYA_3_LJOYA1GNODE,LAJOYA_3_LJOYA1GNODE,LAJOYA_3_LJOYA1GNODE,RTPD,LMP,LMP_PRC,LAJOYA_3_LJOYA1GNODE,ALL,1,84.22286,3,1
2022-09-01T10:30:00-00:00,2022-09-01T10:45:00-00:00,2022-09-01,04,LAJOYA_3_LJOYA1GNODE,LAJOYA_3_LJOYA1GNODE,LAJOYA_3_LJOYA1GNODE,RTPD,LMP,LMP_PRC,LAJOYA_3_LJOYA1GNODE,ALL,1,79.65881,3,1
2022-09-01T11:30:00-00:00,2022-09-01T11:45:00-00:00,2022-09-01,05,LAJOYA_3_LJOYA1GNODE,LAJOYA_3_LJOYA1GNODE,LAJOYA_3_LJOYA1GNODE,RTPD,LMP,LMP_PRC,LAJOYA_3_LJOYA1GNODE,ALL,1,82.9824,3,1
2022-09-01T12:30:00-00:00,2022-09-01T12:45:00-00:00,2022-09-01,06,LAJOYA_3_LJOYA1GNODE,LAJOYA_3_LJOYA1GNODE,LAJOYA_3_LJOYA1GNODE,RTPD,LMP,LMP_PRC,LAJOYA_3_LJOYA1GNODE,ALL,1,100.4043,3,1
2022-09-01T13:30:00-00:00,2022-09-01T13:45:00-00:00,2022-09-01,07,LAJOYA_3_LJOYA1GNODE,LAJOYA_3_LJOYA1GNODE,LAJOYA_3_LJOYA1GNODE,RTPD,LMP,LMP_PRC,LAJOYA_3_LJOYA1GNODE,ALL,1,88.94683,3,1
2022-09-01T14:30:00-00:00,2022-09-01T14:45:00-00:00,2022-09-01,08,LAJOYA_3_LJOYA1GNODE,LAJOYA_3_LJOYA1GNODE,LAJOYA_3_LJOYA1GNODE,RTPD,LMP,LMP_PRC,LAJOYA_3_LJOYA1GNODE,ALL,1,65.49402,3,1
2022-09-01T15:30:00-00:00,2022-09-01T15:45:00-00:00,2022-09-01,09,LAJOYA_3_LJOYA1GNODE,LAJOYA_3_LJOYA1GNODE,LAJOYA_3_LJOYA1GNODE,RTPD,LMP,LMP_PRC,LAJOYA_3_LJOYA1GNODE,ALL,1,15.19421,3,1
2022-09-01T16:30:00-00:00,2022-09-01T16:45:00-00:00,2022-09-01,10,LAJOYA_3_LJOYA1GNODE,LAJOYA_3_LJOYA1GNODE,LAJOYA_3_LJOYA1GNODE,RTPD,LMP,LMP_PRC,LAJOYA_3_LJOYA1GNODE,ALL,1,61.71089,3,1
2022-09-01T17:30:00-00:00,2022-09-01T17:45:00-00:00,2022-09-01,11,LAJOYA_3_LJOYA1GNODE,LAJOYA_3_LJOYA1GNODE,LAJOYA_3_LJOYA1GNODE,RTPD,LMP,LMP_PRC,LAJOYA_3_LJOYA1GNODE,ALL,1,72.84152,3,1
2022-09-01T18:30:00-00:00,2022-09-01T18:45:00-00:00,2022-09-01,12,LAJOYA_3_LJOYA1GNODE,LAJOYA_3_LJOYA1GNODE,LAJOYA_3_LJOYA1GNODE,RTPD,LMP,LMP_PRC,LAJOYA_3_LJOYA1GNODE,ALL,1,72.75349,3,1
2022-09-01T19:30:00-00:00,2022-09-01T19:45:00-00:00,2022-09-01,13,LAJOYA_3_LJOYA1GNODE,LAJOYA_3_LJOYA1GNODE,LAJOYA_3_LJOYA1GNODE,RTPD,LMP,LMP_PRC,LAJOYA_3_LJOYA1GNODE,ALL,1,77.70003,3,1
2022-09-01T20:30:00-00:00,2022-09-01T20:45:00-00:00,2022-09-01,14,LAJOYA_3_LJOYA1GNODE,LAJOYA_3_LJOYA1GNODE,LAJOYA_3_LJOYA1GNODE,RTPD,LMP,LMP_PRC,LAJOYA_3_LJOYA1GNODE,ALL,1,117.53399,3,1
2022-09-01T21:30:00-00:00,2022-09-01T21:45:00-00:00,2022-09-01,15,LAJOYA_3_LJOYA1GNODE,LAJOYA_3_LJOYA1GNODE,LAJOYA_3_LJOYA1GNODE,RTPD,LMP,LMP_PRC,LAJOYA_3_LJOYA1GNODE,ALL,1,101.61285,3,1
2022-09-01T22:30:00-00:00,2022-09-01T22:45:00-00:00,2022-09-01,16,LAJOYA_3_LJOYA1GNODE,LAJOYA_3_LJOYA1GNODE,LAJOYA_3_LJOYA1GNODE,RTPD,LMP,LMP_PRC,LAJOYA_3_LJOYA1GNODE,ALL,1,154.14903,3,1
2022-09-01T23:30:00-00:00,2022-09-01T23:45:00-00:00,2022-09-01,17,LAJOYA_3_LJOYA1GNODE,LAJOYA_3_LJOYA1GNODE,LAJOYA_3_LJOYA1GNODE,RTPD,LMP,LMP_PRC,LAJOYA_3_LJOYA1GNODE,ALL,1,234.22112,3,1
2022-09-02T00:30:00-00:00,2022-09-02T00:45:00-00:00,2022-09-01,18,LAJOYA_3_LJOYA1GNODE,LAJOYA_3_LJOYA1GNODE,LAJOYA_3_LJOYA1GNODE,RTPD,LMP,LMP_PRC,LAJOYA_3_LJOYA1GNODE,ALL,1,1292.4884,3,1
2022-09-02T01:30:00-00:00,2022-09-02T01:45:00-00:00,2022-09-01,19,LAJOYA_3_LJOYA1GNODE,LAJOYA_3_LJOYA1GNODE,LAJOYA_3_LJOYA1GNODE,RTPD,LMP,LMP_PRC,LAJOYA_3_LJOYA1GNODE,ALL,1,1959.6525,3,1
2022-09-02T02:30:00-00:00,2022-09-02T02:45:00-00:00,2022-09-01,20,LAJOYA_3_LJOYA1GNODE,LAJOYA_3_LJOYA1GNODE,LAJOYA_3_LJOYA1GNODE,RTPD,LMP,LMP_PRC,LAJOYA_3_LJOYA1GNODE,ALL,1,1965.7886,3,1
2022-09-02T03:30:00-00:00,2022-09-02T03:45:00-00:00,2022-09-01,21,LAJOYA_3_LJOYA1GNODE,LAJOYA_3_LJOYA1GNODE,LAJOYA_3_LJOYA1GNODE,RTPD,LMP,LMP_PRC,LAJOYA_3_LJOYA1GNODE,ALL,1,75.16575,3,1
2022-09-02T04:30:00-00:00,2022-09-02T04:45:00-00:00,2022-09-01,22,LAJOYA_3_LJOYA1GNODE,LAJOYA_3_LJOYA1GNODE,LAJOYA_3_LJOYA1GNODE,RTPD,LMP,LMP_PRC,LAJOYA_3_LJOYA1GNODE,ALL,1,-33.05916,3,1
2022-09-02T05:30:00-00:00,2022-09-02T05:45:00-00:00,2022-09-01,23,LAJOYA_3_LJOYA1GNODE,LAJOYA_3_LJOYA1GNODE,LAJOYA_3_LJOYA1GNODE,RTPD,LMP,LMP_PRC,LAJOYA_3_LJOYA1GNODE,ALL,1,-40.19,3,1
2022-09-02T06:30:00-00:00,2022-09-02T06:45:00-00:00,2022-09-01,24,LAJOYA_3_LJOYA1GNODE,LAJOYA_3_LJOYA1GNODE,LAJOYA_3_LJOYA1GNODE,RTPD,LMP,LMP_PRC,LAJOYA_3_LJOYA1GNODE,ALL,1,-33.14414,3,1
2022-09-01T07:45:00-00:00,2022-09-01T08:00:00-00:00,2022-09-01,01,LAJOYA_3_LJOYA1GNODE,LAJOYA_3_LJOYA1GNODE,LAJOYA_3_LJOYA1GNODE,RTPD,LMP,LMP_PRC,LAJOYA_3_LJOYA1GNODE,ALL,1,107.1389,4,1
2022-09-01T08:45:00-00:00,2022-09-01T09:00:00-00:00,2022-09-01,02,LAJOYA_3_LJOYA1GNODE,LAJOYA_3_LJOYA1GNODE,LAJOYA_3_LJOYA1GNODE,RTPD,LMP,LMP_PRC,LAJOYA_3_LJOYA1GNODE,ALL,1,81.91656,4,1
2022-09-01T09:45:00-00:00,2022-09-01T10:00:00-00:00,2022-09-01,03,LAJOYA_3_LJOYA1GNODE,LAJOYA_3_LJOYA1GNODE,LAJOYA_3_LJOYA1GNODE,RTPD,LMP,LMP_PRC,LAJOYA_3_LJOYA1GNODE,ALL,1,83.30051,4,1
2022-09-01T10:45:00-00:00,2022-09-01T11:00:00-00:00,2022-09-01,04,LAJOYA_3_LJOYA1GNODE,LAJOYA_3_LJOYA1GNODE,LAJOYA_3_LJOYA1GNODE,RTPD,LMP,LMP_PRC,LAJOYA_3_LJOYA1GNODE,ALL,1,77.58039,4,1
2022-09-01T11:45:00-00:00,2022-09-01T12:00:00-00:00,2022-09-01,05,LAJOYA_3_LJOYA1GNODE,LAJOYA_3_LJOYA1GNODE,LAJOYA_3_LJOYA1GNODE,RTPD,LMP,LMP_PRC,LAJOYA_3_LJOYA1GNODE,ALL,1,92.2168,4,1
2022-09-01T12:45:00-00:00,2022-09-01T13:00:00-00:00,2022-09-01,06,LAJOYA_3_LJOYA1GNODE,LAJOYA_3_LJOYA1GNODE,LAJOYA_3_LJOYA1GNODE,RTPD,LMP,LMP_PRC,LAJOYA_3_LJOYA1GNODE,ALL,1,103.32011,4,1
2022-09-01T13:45:00-00:00,2022-09-01T14:00:00-00:00,2022-09-01,07,LAJOYA_3_LJOYA1GNODE,LAJOYA_3_LJOYA1GNODE,LAJOYA_3_LJOYA1GNODE,RTPD,LMP,LMP_PRC,LAJOYA_3_LJOYA1GNODE,ALL,1,88.916,4,1
2022-09-01T14:45:00-00:00,2022-09-01T15:00:00-00:00,2022-09-01,08,LAJOYA_3_LJOYA1GNODE,LAJOYA_3_LJOYA1GNODE,LAJOYA_3_LJOYA1GNODE,RTPD,LMP,LMP_PRC,LAJOYA_3_LJOYA1GNODE,ALL,1,58.05832,4,1
2022-09-01T15:45:00-00:00,2022-09-01T16:00:00-00:00,2022-09-01,09,LAJOYA_3_LJOYA1GNODE,LAJOYA_3_LJOYA1GNODE,LAJOYA_3_LJOYA1GNODE,RTPD,LMP,LMP_PRC,LAJOYA_3_LJOYA1GNODE,ALL,1,37.17667,4,1
2022-09-01T16:45:00-00:00,2022-09-01T17:00:00-00:00,2022-09-01,10,LAJOYA_3_LJOYA1GNODE,LAJOYA_3_LJOYA1GNODE,LAJOYA_3_LJOYA1GNODE,RTPD,LMP,LMP_PRC,LAJOYA_3_LJOYA1GNODE,ALL,1,63.50988,4,1
2022-09-01T17:45:00-00:00,2022-09-01T18:00:00-00:00,2022-09-01,11,LAJOYA_3_LJOYA1GNODE,LAJOYA_3_LJOYA1GNODE,LAJOYA_3_LJOYA1GNODE,RTPD,LMP,LMP_PRC,LAJOYA_3_LJOYA1GNODE,ALL,1,70.62151,4,1
2022-09-01T18:45:00-00:00,2022-09-01T19:00:00-00:00,2022-09-01,12,LAJOYA_3_LJOYA1GNODE,LAJOYA_3_LJOYA1GNODE,LAJOYA_3_LJOYA1GNODE,RTPD,LMP,LMP_PRC,LAJOYA_3_LJOYA1GNODE,ALL,1,72.31842,4,1
2022-09-01T19:45:00-00:00,2022-09-01T20:00:00-00:00,2022-09-01,13,LAJOYA_3_LJOYA1GNODE,LAJOYA_3_LJOYA1GNODE,LAJOYA_3_LJOYA1GNODE,RTPD,LMP,LMP_PRC,LAJOYA_3_LJOYA1GNODE,ALL,1,82.28708,4,1
2022-09-01T20:45:00-00:00,2022-09-01T21:00:00-00:00,2022-09-01,14,LAJOYA_3_LJOYA1GNODE,LAJOYA_3_LJOYA1GNODE,LAJOYA_3_LJOYA1GNODE,RTPD,LMP,LMP_PRC,LAJOYA_3_LJOYA1GNODE,ALL,1,114.70804,4,1
2022-09-01T21:45:00-00:00,2022-09-01T22:00:00-00:00,2022-09-01,15,LAJOYA_3_LJOYA1GNODE,LAJOYA_3_LJOYA1GNODE,LAJOYA_3_LJOYA1GNODE,RTPD,LMP,LMP_PRC,LAJOYA_3_LJOYA1GNODE,ALL,1,148.3034,4,1
2022-09-01T22:45:00-00:00,2022-09-01T23:00:00-00:00,2022-09-01,16,LAJOYA_3_LJOYA1GNODE,LAJOYA_3_LJOYA1GNODE,LAJOYA_3_LJOYA1GNODE,RTPD,LMP,LMP_PRC,LAJOYA_3_LJOYA1GNODE,ALL,1,254.72537,4,1
2022-09-01T23:45:00-00:00,2022-09-02T00:00:00-00:00,2022-09-01,17,LAJOYA_3_LJOYA1GNODE,LAJOYA_3_LJOYA1GNODE,LAJOYA_3_LJOYA1GNODE,RTPD,LMP,LMP_PRC,LAJOYA_3_LJOYA1GNODE,ALL,1,887.80865,4,1
2022-09-02T00:45:00-00:00,2022-09-02T01:00:00-00:00,2022-09-01,18,LAJOYA_3_LJOYA1GNODE,LAJOYA_3_LJOYA1GNODE,LAJOYA_3_LJOYA1GNODE,RTPD,LMP,LMP_PRC,LAJOYA_3_LJOYA1GNODE,ALL,1,744.23193,4,1
2022-09-02T01:45:00-00:00,2022-09-02T02:00:00-00:00,2022-09-01,19,LAJOYA_3_LJOYA1GNODE,LAJOYA_3_LJOYA1GNODE,LAJOYA_3_LJOYA1GNODE,RTPD,LMP,LMP_PRC,LAJOYA_3_LJOYA1GNODE,ALL,1,1976.3213,4,1
2022-09-02T02:45:00-00:00,2022-09-02T03:00:00-00:00,2022-09-01,20,LAJOYA_3_LJOYA1GNODE,LAJOYA_3_LJOYA1GNODE,LAJOYA_3_LJOYA1GNODE,RTPD,LMP,LMP_PRC,LAJOYA_3_LJOYA1GNODE,ALL,1,642.23254,4,1
2022-09-02T03:45:00-00:00,2022-09-02T04:00:00-00:00,2022-09-01,21,LAJOYA_3_LJOYA1GNODE,LAJOYA_3_LJOYA1GNODE,LAJOYA_3_LJOYA1GNODE,RTPD,LMP,LMP_PRC,LAJOYA_3_LJOYA1GNODE,ALL,1,42.41463,4,1
2022-09-02T04:45:00-00:00,2022-09-02T05:00:00-00:00,2022-09-01,22,LAJOYA_3_LJOYA1GNODE,LAJOYA_3_LJOYA1GNODE,LAJOYA_3_LJOYA1GNODE,RTPD,LMP,LMP_PRC,LAJOYA_3_LJOYA1GNODE,ALL,1,-45.10279,4,1
2022-09-02T05:45:00-00:00,2022-09-02T06:00:00-00:00,2022-09-01,23,LAJOYA_3_LJOYA1GNODE,LAJOYA_3_LJOYA1GNODE,LAJOYA_3_LJOYA1GNODE,RTPD,LMP,LMP_PRC,LAJOYA_3_LJOYA1GNODE,ALL,1,-77.27726,4,1
2022-09-02T06:45:00-00:00,2022-09-02T07:00:00-00:00,2022-09-01,24,LAJOYA_3_LJOYA1GNODE,LAJOYA_3_LJOYA1GNODE,LAJOYA_3_LJOYA1GNODE,RTPD,LMP,LMP_PRC,LAJOYA_3_LJOYA1GNODE,ALL,1,-1.26614,4,1
2022-09-01T07:00:00-00:00,2022-09-01T07:15:00-00:00,2022-09-01,01,LAJOYA_3_LJOYA1GNODE,LAJOYA_3_LJOYA1GNODE,LAJOYA_3_LJOYA1GNODE,RTPD,MCC,LMP_CONG_PRC,LAJOYA_3_LJOYA1GNODE,ALL,1,14.77905,1,2
2022-09-01T08:00:00-00:00,2022-09-01T08:15:00-00:00,2022-09-01,02,LAJOYA_3_LJOYA1GNODE,LAJOYA_3_LJOYA1GNODE,LAJOYA_3_LJOYA1GNODE,RTPD,MCC,LMP_CONG_PRC,LAJOYA_3_LJOYA1GNODE,ALL,1,2.17899,1,2
2022-09-01T09:00:00-00:00,2022-09-01T09:15:00-00:00,2022-09-01,03,LAJOYA_3_LJOYA1GNODE,LAJOYA_3_LJOYA1GNODE,LAJOYA_3_LJOYA1GNODE,RTPD,MCC,LMP_CONG_PRC,LAJOYA_3_LJOYA1GNODE,ALL,1,2.92082,1,2
2022-09-01T10:00:00-00:00,2022-09-01T10:15:00-00:00,2022-09-01,04,LAJOYA_3_LJOYA1GNODE,LAJOYA_3_LJOYA1GNODE,LAJOYA_3_LJOYA1GNODE,RTPD,MCC,LMP_CONG_PRC,LAJOYA_3_LJOYA1GNODE,ALL,1,2.57846,1,2
2022-09-01T11:00:00-00:00,2022-09-01T11:15:00-00:00,2022-09-01,05,LAJOYA_3_LJOYA1GNODE,LAJOYA_3_LJOYA1GNODE,LAJOYA_3_LJOYA1GNODE,RTPD,MCC,LMP_CONG_PRC,LAJOYA_3_LJOYA1GNODE,ALL,1,-0.0032,1,2
2022-09-01T12:00:00-00:00,2022-09-01T12:15:00-00:00,2022-09-01,06,LAJOYA_3_LJOYA1GNODE,LAJOYA_3_LJOYA1GNODE,LAJOYA_3_LJOYA1GNODE,RTPD,MCC,LMP_CONG_PRC,LAJOYA_3_LJOYA1GNODE,ALL,1,6.77357,1,2
2022-09-01T13:00:00-00:00,2022-09-01T13:15:00-00:00,2022-09-01,07,LAJOYA_3_LJOYA1GNODE,LAJOYA_3_LJOYA1GNODE,LAJOYA_3_LJOYA1GNODE,RTPD,MCC,LMP_CONG_PRC,LAJOYA_3_LJOYA1GNODE,ALL,1,9.3588,1,2
2022-09-01T14:00:00-00:00,2022-09-01T14:15:00-00:00,2022-09-01,08,LAJOYA_3_LJOYA1GNODE,LAJOYA_3_LJOYA1GNODE,LAJOYA_3_LJOYA1GNODE,RTPD,MCC,LMP_CONG_PRC,LAJOYA_3_LJOYA1GNODE,ALL,1,-16.58523,1,2
2022-09-01T15:00:00-00:00,2022-09-01T15:15:00-00:00,2022-09-01,09,LAJOYA_3_LJOYA1GNODE,LAJOYA_3_LJOYA1GNODE,LAJOYA_3_LJOYA1GNODE,RTPD,MCC,LMP_CONG_PRC,LAJOYA_3_LJOYA1GNODE,ALL,1,-45.0641,1,2
2022-09-01T16:00:00-00:00,2022-09-01T16:15:00-00:00,2022-09-01,10,LAJOYA_3_LJOYA1GNODE,LAJOYA_3_LJOYA1GNODE,LAJOYA_3_LJOYA1GNODE,RTPD,MCC,LMP_CONG_PRC,LAJOYA_3_LJOYA1GNODE,ALL,1,-32.67394,1,2
2022-09-01T17:00:00-00:00,2022-09-01T17:15:00-00:00,2022-09-01,11,LAJOYA_3_LJOYA1GNODE,LAJOYA_3_LJOYA1GNODE,LAJOYA_3_LJOYA1GNODE,RTPD,MCC,LMP_CONG_PRC,LAJOYA_3_LJOYA1GNODE,ALL,1,-18.5292,1,2
2022-09-01T18:00:00-00:00,2022-09-01T18:15:00-00:00,2022-09-01,12,LAJOYA_3_LJOYA1GNODE,LAJOYA_3_LJOYA1GNODE,LAJOYA_3_LJOYA1GNODE,RTPD,MCC,LMP_CONG_PRC,LAJOYA_3_LJOYA1GNODE,ALL,1,-11.71795,1,2
2022-09-01T19:00:00-00:00,2022-09-01T19:15:00-00:00,2022-09-01,13,LAJOYA_3_LJOYA1GNODE,LAJOYA_3_LJOYA1GNODE,LAJOYA_3_LJOYA1GNODE,RTPD,MCC,LMP_CONG_PRC,LAJOYA_3_LJOYA1GNODE,ALL,1,-31.98974,1,2
2022-09-01T20:00:00-00:00,2022-09-01T20:15:00-00:00,2022-09-01,14,LAJOYA_3_LJOYA1GNODE,LAJOYA_3_LJOYA1GNODE,LAJOYA_3_LJOYA1GNODE,RTPD,MCC,LMP_CONG_PRC,LAJOYA_3_LJOYA1GNODE,ALL,1,1.70312,1,2
2022-09-01T21:00:00-00:00,2022-09-01T21:15:00-00:00,2022-09-01,15,LAJOYA_3_LJOYA1GNODE,LAJOYA_3_LJOYA1GNODE,LAJOYA_3_LJOYA1GNODE,RTPD,MCC,LMP_CONG_PRC,LAJOYA_3_LJOYA1GNODE,ALL,1,-131.36221,1,2
2022-09-01T22:00:00-00:00,2022-09-01T22:15:00-00:00,2022-09-01,16,LAJOYA_3_LJOYA1GNODE,LAJOYA_3_LJOYA1GNODE,LAJOYA_3_LJOYA1GNODE,RTPD,MCC,LMP_CONG_PRC,LAJOYA_3_LJOYA1GNODE,ALL,1,-79.76038,1,2
2022-09-01T23:00:00-00:00,2022-09-01T23:15:00-00:00,2022-09-01,17,LAJOYA_3_LJOYA1GNODE,LAJOYA_3_LJOYA1GNODE,LAJOYA_3_LJOYA1GNODE,RTPD,MCC,LMP_CONG_PRC,LAJOYA_3_LJOYA1GNODE,ALL,1,-174.78627,1,2
2022-09-02T00:00:00-00:00,2022-09-02T00:15:00-00:00,2022-09-01,18,LAJOYA_3_LJOYA1GNODE,LAJOYA_3_LJOYA1GNODE,LAJOYA_3_LJOYA1GNODE,RTPD,MCC,LMP_CONG_PRC,LAJOYA_3_LJOYA1GNODE,ALL,1,-132.18936,1,2
2022-09-02T01:00:00-00:00,2022-09-02T01:15:00-00:00,2022-09-01,19,LAJOYA_3_LJOYA1GNODE,LAJOYA_3_LJOYA1GNODE,LAJOYA_3_LJOYA1GNODE,RTPD,MCC,LMP_CONG_PRC,LAJOYA_3_LJOYA1GNODE,ALL,1,61.82577,1,2
2022-09-02T02:00:00-00:00,2022-09-02T02:15:00-00:00,2022-09-01,20,LAJOYA_3_LJOYA1GNODE,LAJOYA_3_LJOYA1GNODE,LAJOYA_3_LJOYA1GNODE,RTPD,MCC,LMP_CONG_PRC,LAJOYA_3_LJOYA1GNODE,ALL,1,-83.47502,1,2
2022-09-02T03:00:00-00:00,2022-09-02T03:15:00-00:00,2022-09-01,21,LAJOYA_3_LJOYA1GNODE,LAJOYA_3_LJOYA1GNODE,LAJOYA_3_LJOYA1GNODE,RTPD,MCC,LMP_CONG_PRC,LAJOYA_3_LJOYA1GNODE,ALL,1,-727.5822,1,2
2022-09-02T04:00:00-00:00,2022-09-02T04:15:00-00:00,2022-09-01,22,LAJOYA_3_LJOYA1GNODE,LAJOYA_3_LJOYA1GNODE,LAJOYA_3_LJOYA1GNODE,RTPD,MCC,LMP_CONG_PRC,LAJOYA_3_LJOYA1GNODE,ALL,1,-268.29126,1,2
2022-09-02T05:00:00-00:00,2022-09-02T05:15:00-00:00,2022-09-01,23,LAJOYA_3_LJOYA1GNODE,LAJOYA_3_LJOYA1GNODE,LAJOYA_3_LJOYA1GNODE,RTPD,MCC,LMP_CONG_PRC,LAJOYA_3_LJOYA1GNODE,ALL,1,-190.95013,1,2
2022-09-02T06:00:00-00:00,2022-09-02T06:15:00-00:00,2022-09-01,24,LAJOYA_3_LJOYA1GNODE,LAJOYA_3_LJOYA1GNODE,LAJOYA_3_LJOYA1GNODE,RTPD,MCC,LMP_CONG_PRC,LAJOYA_3_LJOYA1GNODE,ALL,1,-117.44992,1,2
2022-09-01T07:15:00-00:00,2022-09-01T07:30:00-00:00,2022-09-01,01,LAJOYA_3_LJOYA1GNODE,LAJOYA_3_LJOYA1GNODE,LAJOYA_3_LJOYA1GNODE,RTPD,MCC,LMP_CONG_PRC,LAJOYA_3_LJOYA1GNODE,ALL,1,6.44764,2,2
2022-09-01T08:15:00-00:00,2022-09-01T08:30:00-00:00,2022-09-01,02,LAJOYA_3_LJOYA1GNODE,LAJOYA_3_LJOYA1GNODE,LAJOYA_3_LJOYA1GNODE,RTPD,MCC,LMP_CONG_PRC,LAJOYA_3_LJOYA1GNODE,ALL,1,0.59302,2,2
2022-09-01T09:15:00-00:00,2022-09-01T09:30:00-00:00,2022-09-01,03,LAJOYA_3_LJOYA1GNODE,LAJOYA_3_LJOYA1GNODE,LAJOYA_3_LJOYA1GNODE,RTPD,MCC,LMP_CONG_PRC,LAJOYA_3_LJOYA1GNODE,ALL,1,3.86541,2,2
2022-09-01T10:15:00-00:00,2022-09-01T10:30:00-00:00,2022-09-01,04,LAJOYA_3_LJOYA1GNODE,LAJOYA_3_LJOYA1GNODE,LAJOYA_3_LJOYA1GNODE,RTPD,MCC,LMP_CONG_PRC,LAJOYA_3_LJOYA1GNODE,ALL,1,3.64849,2,2
2022-09-01T11:15:00-00:00,2022-09-01T11:30:00-00:00,2022-09-01,05,LAJOYA_3_LJOYA1GNODE,LAJOYA_3_LJOYA1GNODE,LAJOYA_3_LJOYA1GNODE,RTPD,MCC,LMP_CONG_PRC,LAJOYA_3_LJOYA1GNODE,ALL,1,-0.004,2,2
2022-09-01T12:15:00-00:00,2022-09-01T12:30:00-00:00,2022-09-01,06,LAJOYA_3_LJOYA1GNODE,LAJOYA_3_LJOYA1GNODE,LAJOYA_3_LJOYA1GNODE,RTPD,MCC,LMP_CONG_PRC,LAJOYA_3_LJOYA1GNODE,ALL,1,4.15163,2,2
2022-09-01T13:15:00-00:00,2022-09-01T13:30:00-00:00,2022-09-01,07,LAJOYA_3_LJOYA1GNODE,LAJOYA_3_LJOYA1GNODE,LAJOYA_3_LJOYA1GNODE,RTPD,MCC,LMP_CONG_PRC,LAJOYA_3_LJOYA1GNODE,ALL,1,0.39856,2,2
2022-09-01T14:15:00-00:00,2022-09-01T14:30:00-00:00,2022-09-01,08,LAJOYA_3_LJOYA1GNODE,LAJOYA_3_LJOYA1GNODE,LAJOYA_3_LJOYA1GNODE,RTPD,MCC,LMP_CONG_PRC,LAJOYA_3_LJOYA1GNODE,ALL,1,-21.14008,2,2
2022-09-01T15:15:00-00:00,2022-09-01T15:30:00-00:00,2022-09-01,09,LAJOYA_3_LJOYA1GNODE,LAJOYA_3_LJOYA1GNODE,LAJOYA_3_LJOYA1GNODE,RTPD,MCC,LMP_CONG_PRC,LAJOYA_3_LJOYA1GNODE,ALL,1,-47.68241,2,2
2022-09-01T16:15:00-00:00,2022-09-01T16:30:00-00:00,2022-09-01,10,LAJOYA_3_LJOYA1GNODE,LAJOYA_3_LJOYA1GNODE,LAJOYA_3_LJOYA1GNODE,RTPD,MCC,LMP_CONG_PRC,LAJOYA_3_LJOYA1GNODE,ALL,1,-29.64974,2,2
2022-09-01T17:15:00-00:00,2022-09-01T17:30:00-00:00,2022-09-01,11,LAJOYA_3_LJOYA1GNODE,LAJOYA_3_LJOYA1GNODE,LAJOYA_3_LJOYA1GNODE,RTPD,MCC,LMP_CONG_PRC,LAJOYA_3_LJOYA1GNODE,ALL,1,-17.91661,2,2
2022-09-01T18:15:00-00:00,2022-09-01T18:30:00-00:00,2022-09-01,12,LAJOYA_3_LJOYA1GNODE,LAJOYA_3_LJOYA1GNODE,LAJOYA_3_LJOYA1GNODE,RTPD,MCC,LMP_CONG_PRC,LAJOYA_3_LJOYA1GNODE,ALL,1,-21.14357,2,2
2022-09-01T19:15:00-00:00,2022-09-01T19:30:00-00:00,2022-09-01,13,LAJOYA_3_LJOYA1GNODE,LAJOYA_3_LJOYA1GNODE,LAJOYA_3_LJOYA1GNODE,RTPD,MCC,LMP_CONG_PRC,LAJOYA_3_LJOYA1GNODE,ALL,1,-12.94582,2,2
2022-09-01T20:15:00-00:00,2022-09-01T20:30:00-00:00,2022-09-01,14,LAJOYA_3_LJOYA1GNODE,LAJOYA_3_LJOYA1GNODE,LAJOYA_3_LJOYA1GNODE,RTPD,MCC,LMP_CONG_PRC,LAJOYA_3_LJOYA1GNODE,ALL,1,1.81794,2,2
2022-09-01T21:15:00-00:00,2022-09-01T21:30:00-00:00,2022-09-01,15,LAJOYA_3_LJOYA1GNODE,LAJOYA_3_LJOYA1GNODE,LAJOYA_3_LJOYA1GNODE,RTPD,MCC,LMP_CONG_PRC,LAJOYA_3_LJOYA1GNODE,ALL,1,-27.69775,2,2
2022-09-01T22:15:00-00:00,2022-09-01T22:30:00-00:00,2022-09-01,16,LAJOYA_3_LJOYA1GNODE,LAJOYA_3_LJOYA1GNODE,LAJOYA_3_LJOYA1GNODE,RTPD,MCC,LMP_CONG_PRC,LAJOYA_3_LJOYA1GNODE,ALL,1,-83.49584,2,2
2022-09-01T23:15:00-00:00,2022-09-01T23:30:00-00:00,2022-09-01,17,LAJOYA_3_LJOYA1GNODE,LAJOYA_3_LJOYA1GNODE,LAJOYA_3_LJOYA1GNODE,RTPD,MCC,LMP_CONG_PRC,LAJOYA_3_LJOYA1GNODE,ALL,1,-163.78204,2,2
2022-09-02T00:15:00-00:00,2022-09-02T00:30:00-00:00,2022-09-01,18,LAJOYA_3_LJOYA1GNODE,LAJOYA_3_LJOYA1GNODE,LAJOYA_3_LJOYA1GNODE,RTPD,MCC,LMP_CONG_PRC,LAJOYA_3_LJOYA1GNODE,ALL,1,-116.00445,2,2
2022-09-02T01:15:00-00:00,2022-09-02T01:30:00-00:00,2022-09-01,19,LAJOYA_3_LJOYA1GNODE,LAJOYA_3_LJOYA1GNODE,LAJOYA_3_LJOYA1GNODE,RTPD,MCC,LMP_CONG_PRC,LAJOYA_3_LJOYA1GNODE,ALL,1,-114.004,2,2
2022-09-02T02:15:00-00:00,2022-09-02T02:30:00-00:00,2022-09-01,20,LAJOYA_3_LJOYA1GNODE,LAJOYA_3_LJOYA1GNODE,LAJOYA_3_LJOYA1GNODE,RTPD,MCC,LMP_CONG_PRC,LAJOYA_3_LJOYA1GNODE,ALL,1,-0.0024,2,2
2022-09-02T03:15:00-00:00,2022-09-02T03:30:00-00:00,2022-09-01,21,LAJOYA_3_LJOYA1GNODE,LAJOYA_3_LJOYA1GNODE,LAJOYA_3_LJOYA1GNODE,RTPD,MCC,LMP_CONG_PRC,LAJOYA_3_LJOYA1GNODE,ALL,1,-257.6728,2,2
2022-09-02T04:15:00-00:00,2022-09-02T04:30:00-00:00,2022-09-01,22,LAJOYA_3_LJOYA1GNODE,LAJOYA_3_LJOYA1GNODE,LAJOYA_3_LJOYA1GNODE,RTPD,MCC,LMP_CONG_PRC,LAJOYA_3_LJOYA1GNODE,ALL,1,-229.21141,2,2
2022-09-02T05:15:00-00:00,2022-09-02T05:30:00-00:00,2022-09-01,23,LAJOYA_3_LJOYA1GNODE,LAJOYA_3_LJOYA1GNODE,LAJOYA_3_LJOYA1GNODE,RTPD,MCC,LMP_CONG_PRC,LAJOYA_3_LJOYA1GNODE,ALL,1,-182.66975,2,2
2022-09-02T06:15:00-00:00,2022-09-02T06:30:00-00:00,2022-09-01,24,LAJOYA_3_LJOYA1GNODE,LAJOYA_3_LJOYA1GNODE,LAJOYA_3_LJOYA1GNODE,RTPD,MCC,LMP_CONG_PRC,LAJOYA_3_LJOYA1GNODE,ALL,1,-60.84064,2,2
2022-09-01T07:30:00-00:00,2022-09-01T07:45:00-00:00,2022-09-01,01,LAJOYA_3_LJOYA1GNODE,LAJOYA_3_LJOYA1GNODE,LAJOYA_3_LJOYA1GNODE,RTPD,MCC,LMP_CONG_PRC,LAJOYA_3_LJOYA1GNODE,ALL,1,10.50667,3,2
2022-09-01T08:30:00-00:00,2022-09-01T08:45:00-00:00,2022-09-01,02,LAJOYA_3_LJOYA1GNODE,LAJOYA_3_LJOYA1GNODE,LAJOYA_3_LJOYA1GNODE,RTPD,MCC,LMP_CONG_PRC,LAJOYA_3_LJOYA1GNODE,ALL,1,-0.00184,3,2
2022-09-01T09:30:00-00:00,2022-09-01T09:45:00-00:00,2022-09-01,03,LAJOYA_3_LJOYA1GNODE,LAJOYA_3_LJOYA1GNODE,LAJOYA_3_LJOYA1GNODE,RTPD,MCC,LMP_CONG_PRC,LAJOYA_3_LJOYA1GNODE,ALL,1,3.84394,3,2
2022-09-01T10:30:00-00:00,2022-09-01T10:45:00-00:00,2022-09-01,04,LAJOYA_3_LJOYA1GNODE,LAJOYA_3_LJOYA1GNODE,LAJOYA_3_LJOYA1GNODE,RTPD,MCC,LMP_CONG_PRC,LAJOYA_3_LJOYA1GNODE,ALL,1,2.06295,3,2
2022-09-01T11:30:00-00:00,2022-09-01T11:45:00-00:00,2022-09-01,05,LAJOYA_3_LJOYA1GNODE,LAJOYA_3_LJOYA1GNODE,LAJOYA_3_LJOYA1GNODE,RTPD,MCC,LMP_CONG_PRC,LAJOYA_3_LJOYA1GNODE,ALL,1,-0.004,3,2
2022-09-01T12:30:00-00:00,2022-09-01T12:45:00-00:00,2022-09-01,06,LAJOYA_3_LJOYA1GNODE,LAJOYA_3_LJOYA1GNODE,LAJOYA_3_LJOYA1GNODE,RTPD,MCC,LMP_CONG_PRC,LAJOYA_3_LJOYA1GNODE,ALL,1,7.24094,3,2
2022-09-01T13:30:00-00:00,2022-09-01T13:45:00-00:00,2022-09-01,07,LAJOYA_3_LJOYA1GNODE,LAJOYA_3_LJOYA1GNODE,LAJOYA_3_LJOYA1GNODE,RTPD,MCC,LMP_CONG_PRC,LAJOYA_3_LJOYA1GNODE,ALL,1,-1.62226,3,2
2022-09-01T14:30:00-00:00,2022-09-01T14:45:00-00:00,2022-09-01,08,LAJOYA_3_LJOYA1GNODE,LAJOYA_3_LJOYA1GNODE,LAJOYA_3_LJOYA1GNODE,RTPD,MCC,LMP_CONG_PRC,LAJOYA_3_LJOYA1GNODE,ALL,1,-15.48484,3,2
2022-09-01T15:30:00-00:00,2022-09-01T15:45:00-00:00,2022-09-01,09,LAJOYA_3_LJOYA1GNODE,LAJOYA_3_LJOYA1GNODE,LAJOYA_3_LJOYA1GNODE,RTPD,MCC,LMP_CONG_PRC,LAJOYA_3_LJOYA1GNODE,ALL,1,-58.89459,3,2
2022-09-01T16:30:00-00:00,2022-09-01T16:45:00-00:00,2022-09-01,10,LAJOYA_3_LJOYA1GNODE,LAJOYA_3_LJOYA1GNODE,LAJOYA_3_LJOYA1GNODE,RTPD,MCC,LMP_CONG_PRC,LAJOYA_3_LJOYA1GNODE,ALL,1,-15.95555,3,2
2022-09-01T17:30:00-00:00,2022-09-01T17:45:00-00:00,2022-09-01,11,LAJOYA_3_LJOYA1GNODE,LAJOYA_3_LJOYA1GNODE,LAJOYA_3_LJOYA1GNODE,RTPD,MCC,LMP_CONG_PRC,LAJOYA_3_LJOYA1GNODE,ALL,1,-14.65862,3,2
2022-09-01T18:30:00-00:00,2022-09-01T18:45:00-00:00,2022-09-01,12,LAJOYA_3_LJOYA1GNODE,LAJOYA_3_LJOYA1GNODE,LAJOYA_3_LJOYA1GNODE,RTPD,MCC,LMP_CONG_PRC,LAJOYA_3_LJOYA1GNODE,ALL,1,-19.92387,3,2
2022-09-01T19:30:00-00:00,2022-09-01T19:45:00-00:00,2022-09-01,13,LAJOYA_3_LJOYA1GNODE,LAJOYA_3_LJOYA1GNODE,LAJOYA_3_LJOYA1GNODE,RTPD,MCC,LMP_CONG_PRC,LAJOYA_3_LJOYA1GNODE,ALL,1,-21.56902,3,2
2022-09-01T20:30:00-00:00,2022-09-01T20:45:00-00:00,2022-09-01,14,LAJOYA_3_LJOYA1GNODE,LAJOYA_3_LJOYA1GNODE,LAJOYA_3_LJOYA1GNODE,RTPD,MCC,LMP_CONG_PRC,LAJOYA_3_LJOYA1GNODE,ALL,1,7.08794,3,2
2022-09-01T21:30:00-00:00,2022-09-01T21:45:00-00:00,2022-09-01,15,LAJOYA_3_LJOYA1GNODE,LAJOYA_3_LJOYA1GNODE,LAJOYA_3_LJOYA1GNODE,RTPD,MCC,LMP_CONG_PRC,LAJOYA_3_LJOYA1GNODE,ALL,1,-36.52772,3,2
2022-09-01T22:30:00-00:00,2022-09-01T22:45:00-00:00,2022-09-01,16,LAJOYA_3_LJOYA1GNODE,LAJOYA_3_LJOYA1GNODE,LAJOYA_3_LJOYA1GNODE,RTPD,MCC,LMP_CONG_PRC,LAJOYA_3_LJOYA1GNODE,ALL,1,-111.26277,3,2
2022-09-01T23:30:00-00:00,2022-09-01T23:45:00-00:00,2022-09-01,17,LAJOYA_3_LJOYA1GNODE,LAJOYA_3_LJOYA1GNODE,LAJOYA_3_LJOYA1GNODE,RTPD,MCC,LMP_CONG_PRC,LAJOYA_3_LJOYA1GNODE,ALL,1,-306.1005,3,2
2022-09-02T00:30:00-00:00,2022-09-02T00:45:00-00:00,2022-09-01,18,LAJOYA_3_LJOYA1GNODE,LAJOYA_3_LJOYA1GNODE,LAJOYA_3_LJOYA1GNODE,RTPD,MCC,LMP_CONG_PRC,LAJOYA_3_LJOYA1GNODE,ALL,1,-7.11427,3,2
2022-09-02T01:30:00-00:00,2022-09-02T01:45:00-00:00,2022-09-01,19,LAJOYA_3_LJOYA1GNODE,LAJOYA_3_LJOYA1GNODE,LAJOYA_3_LJOYA1GNODE,RTPD,MCC,LMP_CONG_PRC,LAJOYA_3_LJOYA1GNODE,ALL,1,-21.75306,3,2
2022-09-02T02:30:00-00:00,2022-09-02T02:45:00-00:00,2022-09-01,20,LAJOYA_3_LJOYA1GNODE,LAJOYA_3_LJOYA1GNODE,LAJOYA_3_LJOYA1GNODE,RTPD,MCC,LMP_CONG_PRC,LAJOYA_3_LJOYA1GNODE,ALL,1,-0.0024,3,2
2022-09-02T03:30:00-00:00,2022-09-02T03:45:00-00:00,2022-09-01,21,LAJOYA_3_LJOYA1GNODE,LAJOYA_3_LJOYA1GNODE,LAJOYA_3_LJOYA1GNODE,RTPD,MCC,LMP_CONG_PRC,LAJOYA_3_LJOYA1GNODE,ALL,1,-74.35948,3,2
2022-09-02T04:30:00-00:00,2022-09-02T04:45:00-00:00,2022-09-01,22,LAJOYA_3_LJOYA1GNODE,LAJOYA_3_LJOYA1GNODE,LAJOYA_3_LJOYA1GNODE,RTPD,MCC,LMP_CONG_PRC,LAJOYA_3_LJOYA1GNODE,ALL,1,-180.13522,3,2
2022-09-02T05:30:00-00:00,2022-09-02T05:45:00-00:00,2022-09-01,23,LAJOYA_3_LJOYA1GNODE,LAJOYA_3_LJOYA1GNODE,LAJOYA_3_LJOYA1GNODE,RTPD,MCC,LMP_CONG_PRC,LAJOYA_3_LJOYA1GNODE,ALL,1,-143.28052,3,2
2022-09-02T06:30:00-00:00,2022-09-02T06:45:00-00:00,2022-09-01,24,LAJOYA_3_LJOYA1GNODE,LAJOYA_3_LJOYA1GNODE,LAJOYA_3_LJOYA1GNODE,RTPD,MCC,LMP_CONG_PRC,LAJOYA_3_LJOYA1GNODE,ALL,1,-133.79765,3,2
2022-09-01T07:45:00-00:00,2022-09-01T08:00:00-00:00,2022-09-01,01,LAJOYA_3_LJOYA1GNODE,LAJOYA_3_LJOYA1GNODE,LAJOYA_3_LJOYA1GNODE,RTPD,MCC,LMP_CONG_PRC,LAJOYA_3_LJOYA1GNODE,ALL,1,12.01792,4,2
2022-09-01T08:45:00-00:00,2022-09-01T09:00:00-00:00,2022-09-01,02,LAJOYA_3_LJOYA1GNODE,LAJOYA_3_LJOYA1GNODE,LAJOYA_3_LJOYA1GNODE,RTPD,MCC,LMP_CONG_PRC,LAJOYA_3_LJOYA1GNODE,ALL,1,2.93191,4,2
2022-09-01T09:45:00-00:00,2022-09-01T10:00:00-00:00,2022-09-01,03,LAJOYA_3_LJOYA1GNODE,LAJOYA_3_LJOYA1GNODE,LAJOYA_3_LJOYA1GNODE,RTPD,MCC,LMP_CONG_PRC,LAJOYA_3_LJOYA1GNODE,ALL,1,3.45744,4,2
2022-09-01T10:45:00-00:00,2022-09-01T11:00:00-00:00,2022-09-01,04,LAJOYA_3_LJOYA1GNODE,LAJOYA_3_LJOYA1GNODE,LAJOYA_3_LJOYA1GNODE,RTPD,MCC,LMP_CONG_PRC,LAJOYA_3_LJOYA1GNODE,ALL,1,0.81824,4,2
2022-09-01T11:45:00-00:00,2022-09-01T12:00:00-00:00,2022-09-01,05,LAJOYA_3_LJOYA1GNODE,LAJOYA_3_LJOYA1GNODE,LAJOYA_3_LJOYA1GNODE,RTPD,MCC,LMP_CONG_PRC,LAJOYA_3_LJOYA1GNODE,ALL,1,-0.0032,4,2
2022-09-01T12:45:00-00:00,2022-09-01T13:00:00-00:00,2022-09-01,06,LAJOYA_3_LJOYA1GNODE,LAJOYA_3_LJOYA1GNODE,LAJOYA_3_LJOYA1GNODE,RTPD,MCC,LMP_CONG_PRC,LAJOYA_3_LJOYA1GNODE,ALL,1,1.62531,4,2
2022-09-01T13:45:00-00:00,2022-09-01T14:00:00-00:00,2022-09-01,07,LAJOYA_3_LJOYA1GNODE,LAJOYA_3_LJOYA1GNODE,LAJOYA_3_LJOYA1GNODE,RTPD,MCC,LMP_CONG_PRC,LAJOYA_3_LJOYA1GNODE,ALL,1,-7.704,4,2
2022-09-01T14:45:00-00:00,2022-09-01T15:00:00-00:00,2022-09-01,08,LAJOYA_3_LJOYA1GNODE,LAJOYA_3_LJOYA1GNODE,LAJOYA_3_LJOYA1GNODE,RTPD,MCC,LMP_CONG_PRC,LAJOYA_3_LJOYA1GNODE,ALL,1,-19.24048,4,2
2022-09-01T15:45:00-00:00,2022-09-01T16:00:00-00:00,2022-09-01,09,LAJOYA_3_LJOYA1GNODE,LAJOYA_3_LJOYA1GNODE,LAJOYA_3_LJOYA1GNODE,RTPD,MCC,LMP_CONG_PRC,LAJOYA_3_LJOYA1GNODE,ALL,1,-29.47408,4,2
2022-09-01T16:45:00-00:00,2022-09-01T17:00:00-00:00,2022-09-01,10,LAJOYA_3_LJOYA1GNODE,LAJOYA_3_LJOYA1GNODE,LAJOYA_3_LJOYA1GNODE,RTPD,MCC,LMP_CONG_PRC,LAJOYA_3_LJOYA1GNODE,ALL,1,-16.79945,4,2
2022-09-01T17:45:00-00:00,2022-09-01T18:00:00-00:00,2022-09-01,11,LAJOYA_3_LJOYA1GNODE,LAJOYA_3_LJOYA1GNODE,LAJOYA_3_LJOYA1GNODE,RTPD,MCC,LMP_CONG_PRC,LAJOYA_3_LJOYA1GNODE,ALL,1,-16.26215,4,2
2022-09-01T18:45:00-00:00,2022-09-01T19:00:00-00:00,2022-09-01,12,LAJOYA_3_LJOYA1GNODE,LAJOYA_3_LJOYA1GNODE,LAJOYA_3_LJOYA1GNODE,RTPD,MCC,LMP_CONG_PRC,LAJOYA_3_LJOYA1GNODE,ALL,1,-22.74222,4,2
2022-09-01T19:45:00-00:00,2022-09-01T20:00:00-00:00,2022-09-01,13,LAJOYA_3_LJOYA1GNODE,LAJOYA_3_LJOYA1GNODE,LAJOYA_3_LJOYA1GNODE,RTPD,MCC,LMP_CONG_PRC,LAJOYA_3_LJOYA1GNODE,ALL,1,-22.56783,4,2
2022-09-01T20:45:00-00:00,2022-09-01T21:00:00-00:00,2022-09-01,14,LAJOYA_3_LJOYA1GNODE,LAJOYA_3_LJOYA1GNODE,LAJOYA_3_LJOYA1GNODE,RTPD,MCC,LMP_CONG_PRC,LAJOYA_3_LJOYA1GNODE,ALL,1,-23.70705,4,2
2022-09-01T21:45:00-00:00,2022-09-01T22:00:00-00:00,2022-09-01,15,LAJOYA_3_LJOYA1GNODE,LAJOYA_3_LJOYA1GNODE,LAJOYA_3_LJOYA1GNODE,RTPD,MCC,LMP_CONG_PRC,LAJOYA_3_LJOYA1GNODE,ALL,1,-137.20036,4,2
2022-09-01T22:45:00-00:00,2022-09-01T23:00:00-00:00,2022-09-01,16,LAJOYA_3_LJOYA1GNODE,LAJOYA_3_LJOYA1GNODE,LAJOYA_3_LJOYA1GNODE,RTPD,MCC,LMP_CONG_PRC,LAJOYA_3_LJOYA1GNODE,ALL,1,-158.02832,4,2
2022-09-01T23:45:00-00:00,2022-09-02T00:00:00-00:00,2022-09-01,17,LAJOYA_3_LJOYA1GNODE,LAJOYA_3_LJOYA1GNODE,LAJOYA_3_LJOYA1GNODE,RTPD,MCC,LMP_CONG_PRC,LAJOYA_3_LJOYA1GNODE,ALL,1,-345.07382,4,2
2022-09-02T00:45:00-00:00,2022-09-02T01:00:00-00:00,2022-09-01,18,LAJOYA_3_LJOYA1GNODE,LAJOYA_3_LJOYA1GNODE,LAJOYA_3_LJOYA1GNODE,RTPD,MCC,LMP_CONG_PRC,LAJOYA_3_LJOYA1GNODE,ALL,1,-745.40704,4,2
2022-09-02T01:45:00-00:00,2022-09-02T02:00:00-00:00,2022-09-01,19,LAJOYA_3_LJOYA1GNODE,LAJOYA_3_LJOYA1GNODE,LAJOYA_3_LJOYA1GNODE,RTPD,MCC,LMP_CONG_PRC,LAJOYA_3_LJOYA1GNODE,ALL,1,-0.0024,4,2
2022-09-02T02:45:00-00:00,2022-09-02T03:00:00-00:00,2022-09-01,20,LAJOYA_3_LJOYA1GNODE,LAJOYA_3_LJOYA1GNODE,LAJOYA_3_LJOYA1GNODE,RTPD,MCC,LMP_CONG_PRC,LAJOYA_3_LJOYA1GNODE,ALL,1,-744.6166,4,2
2022-09-02T03:45:00-00:00,2022-09-02T04:00:00-00:00,2022-09-01,21,LAJOYA_3_LJOYA1GNODE,LAJOYA_3_LJOYA1GNODE,LAJOYA_3_LJOYA1GNODE,RTPD,MCC,LMP_CONG_PRC,LAJOYA_3_LJOYA1GNODE,ALL,1,-66.98965,4,2
2022-09-02T04:45:00-00:00,2022-09-02T05:00:00-00:00,2022-09-01,22,LAJOYA_3_LJOYA1GNODE,LAJOYA_3_LJOYA1GNODE,LAJOYA_3_LJOYA1GNODE,RTPD,MCC,LMP_CONG_PRC,LAJOYA_3_LJOYA1GNODE,ALL,1,-142.78487,4,2
2022-09-02T05:45:00-00:00,2022-09-02T06:00:00-00:00,2022-09-01,23,LAJOYA_3_LJOYA1GNODE,LAJOYA_3_LJOYA1GNODE,LAJOYA_3_LJOYA1GNODE,RTPD,MCC,LMP_CONG_PRC,LAJOYA_3_LJOYA1GNODE,ALL,1,-170.77264,4,2
2022-09-02T06:45:00-00:00,2022-09-02T07:00:00-00:00,2022-09-01,24,LAJOYA_3_LJOYA1GNODE,LAJOYA_3_LJOYA1GNODE,LAJOYA_3_LJOYA1GNODE,RTPD,MCC,LMP_CONG_PRC,LAJOYA_3_LJOYA1GNODE,ALL,1,-83.66591,4,2
2022-09-01T07:00:00-00:00,2022-09-01T07:15:00-00:00,2022-09-01,01,LAJOYA_3_LJOYA1GNODE,LAJOYA_3_LJOYA1GNODE,LAJOYA_3_LJOYA1GNODE,RTPD,MCE,LMP_ENE_PRC,LAJOYA_3_LJOYA1GNODE,ALL,1,104.23471,1,3
2022-09-01T08:00:00-00:00,2022-09-01T08:15:00-00:00,2022-09-01,02,LAJOYA_3_LJOYA1GNODE,LAJOYA_3_LJOYA1GNODE,LAJOYA_3_LJOYA1GNODE,RTPD,MCE,LMP_ENE_PRC,LAJOYA_3_LJOYA1GNODE,ALL,1,115.5488,1,3
2022-09-01T09:00:00-00:00,2022-09-01T09:15:00-00:00,2022-09-01,03,LAJOYA_3_LJOYA1GNODE,LAJOYA_3_LJOYA1GNODE,LAJOYA_3_LJOYA1GNODE,RTPD,MCE,LMP_ENE_PRC,LAJOYA_3_LJOYA1GNODE,ALL,1,99.73061,1,3
2022-09-01T10:00:00-00:00,2022-09-01T10:15:00-00:00,2022-09-01,04,LAJOYA_3_LJOYA1GNODE,LAJOYA_3_LJOYA1GNODE,LAJOYA_3_LJOYA1GNODE,RTPD,MCE,LMP_ENE_PRC,LAJOYA_3_LJOYA1GNODE,ALL,1,98.64222,1,3
2022-09-01T11:00:00-00:00,2022-09-01T11:15:00-00:00,2022-09-01,05,LAJOYA_3_LJOYA1GNODE,LAJOYA_3_LJOYA1GNODE,LAJOYA_3_LJOYA1GNODE,RTPD,MCE,LMP_ENE_PRC,LAJOYA_3_LJOYA1GNODE,ALL,1,102.56859,1,3
2022-09-01T12:00:00-00:00,2022-09-01T12:15:00-00:00,2022-09-01,06,LAJOYA_3_LJOYA1GNODE,LAJOYA_3_LJOYA1GNODE,LAJOYA_3_LJOYA1GNODE,RTPD,MCE,LMP_ENE_PRC,LAJOYA_3_LJOYA1GNODE,ALL,1,96.90845,1,3
2022-09-01T13:00:00-00:00,2022-09-01T13:15:00-00:00,2022-09-01,07,LAJOYA_3_LJOYA1GNODE,LAJOYA_3_LJOYA1GNODE,LAJOYA_3_LJOYA1GNODE,RTPD,MCE,LMP_ENE_PRC,LAJOYA_3_LJOYA1GNODE,ALL,1,101.80878,1,3
2022-09-01T14:00:00-00:00,2022-09-01T14:15:00-00:00,2022-09-01,08,LAJOYA_3_LJOYA1GNODE,LAJOYA_3_LJOYA1GNODE,LAJOYA_3_LJOYA1GNODE,RTPD,MCE,LMP_ENE_PRC,LAJOYA_3_LJOYA1GNODE,ALL,1,111.11219,1,3
2022-09-01T15:00:00-00:00,2022-09-01T15:15:00-00:00,2022-09-01,09,LAJOYA_3_LJOYA1GNODE,LAJOYA_3_LJOYA1GNODE,LAJOYA_3_LJOYA1GNODE,RTPD,MCE,LMP_ENE_PRC,LAJOYA_3_LJOYA1GNODE,ALL,1,97.4112,1,3
2022-09-01T16:00:00-00:00,2022-09-01T16:15:00-00:00,2022-09-01,10,LAJOYA_3_LJOYA1GNODE,LAJOYA_3_LJOYA1GNODE,LAJOYA_3_LJOYA1GNODE,RTPD,MCE,LMP_ENE_PRC,LAJOYA_3_LJOYA1GNODE,ALL,1,83.43525,1,3
2022-09-01T17:00:00-00:00,2022-09-01T17:15:00-00:00,2022-09-01,11,LAJOYA_3_LJOYA1GNODE,LAJOYA_3_LJOYA1GNODE,LAJOYA_3_LJOYA1GNODE,RTPD,MCE,LMP_ENE_PRC,LAJOYA_3_LJOYA1GNODE,ALL,1,96.94897,1,3
2022-09-01T18:00:00-00:00,2022-09-01T18:15:00-00:00,2022-09-01,12,LAJOYA_3_LJOYA1GNODE,LAJOYA_3_LJOYA1GNODE,LAJOYA_3_LJOYA1GNODE,RTPD,MCE,LMP_ENE_PRC,LAJOYA_3_LJOYA1GNODE,ALL,1,91.59291,1,3
2022-09-01T19:00:00-00:00,2022-09-01T19:15:00-00:00,2022-09-01,13,LAJOYA_3_LJOYA1GNODE,LAJOYA_3_LJOYA1GNODE,LAJOYA_3_LJOYA1GNODE,RTPD,MCE,LMP_ENE_PRC,LAJOYA_3_LJOYA1GNODE,ALL,1,109.19637,1,3
2022-09-01T20:00:00-00:00,2022-09-01T20:15:00-00:00,2022-09-01,14,LAJOYA_3_LJOYA1GNODE,LAJOYA_3_LJOYA1GNODE,LAJOYA_3_LJOYA1GNODE,RTPD,MCE,LMP_ENE_PRC,LAJOYA_3_LJOYA1GNODE,ALL,1,117.94359,1,3
2022-09-01T21:00:00-00:00,2022-09-01T21:15:00-00:00,2022-09-01,15,LAJOYA_3_LJOYA1GNODE,LAJOYA_3_LJOYA1GNODE,LAJOYA_3_LJOYA1GNODE,RTPD,MCE,LMP_ENE_PRC,LAJOYA_3_LJOYA1GNODE,ALL,1,226.61499,1,3
2022-09-01T22:00:00-00:00,2022-09-01T22:15:00-00:00,2022-09-01,16,LAJOYA_3_LJOYA1GNODE,LAJOYA_3_LJOYA1GNODE,LAJOYA_3_LJOYA1GNODE,RTPD,MCE,LMP_ENE_PRC,LAJOYA_3_LJOYA1GNODE,ALL,1,229.18552,1,3
2022-09-01T23:00:00-00:00,2022-09-01T23:15:00-00:00,2022-09-01,17,LAJOYA_3_LJOYA1GNODE,LAJOYA_3_LJOYA1GNODE,LAJOYA_3_LJOYA1GNODE,RTPD,MCE,LMP_ENE_PRC,LAJOYA_3_LJOYA1GNODE,ALL,1,386.7537,1,3
2022-09-02T00:00:00-00:00,2022-09-02T00:15:00-00:00,2022-09-01,18,LAJOYA_3_LJOYA1GNODE,LAJOYA_3_LJOYA1GNODE,LAJOYA_3_LJOYA1GNODE,RTPD,MCE,LMP_ENE_PRC,LAJOYA_3_LJOYA1GNODE,ALL,1,770.58136,1,3
2022-09-02T01:00:00-00:00,2022-09-02T01:15:00-00:00,2022-09-01,19,LAJOYA_3_LJOYA1GNODE,LAJOYA_3_LJOYA1GNODE,LAJOYA_3_LJOYA1GNODE,RTPD,MCE,LMP_ENE_PRC,LAJOYA_3_LJOYA1GNODE,ALL,1,916.27124,1,3
2022-09-02T02:00:00-00:00,2022-09-02T02:15:00-00:00,2022-09-01,20,LAJOYA_3_LJOYA1GNODE,LAJOYA_3_LJOYA1GNODE,LAJOYA_3_LJOYA1GNODE,RTPD,MCE,LMP_ENE_PRC,LAJOYA_3_LJOYA1GNODE,ALL,1,1991.6721,1,3
2022-09-02T03:00:00-00:00,2022-09-02T03:15:00-00:00,2022-09-01,21,LAJOYA_3_LJOYA1GNODE,LAJOYA_3_LJOYA1GNODE,LAJOYA_3_LJOYA1GNODE,RTPD,MCE,LMP_ENE_PRC,LAJOYA_3_LJOYA1GNODE,ALL,1,917.5508,1,3
2022-09-02T04:00:00-00:00,2022-09-02T04:15:00-00:00,2022-09-01,22,LAJOYA_3_LJOYA1GNODE,LAJOYA_3_LJOYA1GNODE,LAJOYA_3_LJOYA1GNODE,RTPD,MCE,LMP_ENE_PRC,LAJOYA_3_LJOYA1GNODE,ALL,1,257.83005,1,3
2022-09-02T05:00:00-00:00,2022-09-02T05:15:00-00:00,2022-09-01,23,LAJOYA_3_LJOYA1GNODE,LAJOYA_3_LJOYA1GNODE,LAJOYA_3_LJOYA1GNODE,RTPD,MCE,LMP_ENE_PRC,LAJOYA_3_LJOYA1GNODE,ALL,1,183.24657,1,3
2022-09-02T06:00:00-00:00,2022-09-02T06:15:00-00:00,2022-09-01,24,LAJOYA_3_LJOYA1GNODE,LAJOYA_3_LJOYA1GNODE,LAJOYA_3_LJOYA1GNODE,RTPD,MCE,LMP_ENE_PRC,LAJOYA_3_LJOYA1GNODE,ALL,1,158.867,1,3
2022-09-01T07:15:00-00:00,2022-09-01T07:30:00-00:00,2022-09-01,01,LAJOYA_3_LJOYA1GNODE,LAJOYA_3_LJOYA1GNODE,LAJOYA_3_LJOYA1GNODE,RTPD,MCE,LMP_ENE_PRC,LAJOYA_3_LJOYA1GNODE,ALL,1,125.55144,2,3
2022-09-01T08:15:00-00:00,2022-09-01T08:30:00-00:00,2022-09-01,02,LAJOYA_3_LJOYA1GNODE,LAJOYA_3_LJOYA1GNODE,LAJOYA_3_LJOYA1GNODE,RTPD,MCE,LMP_ENE_PRC,LAJOYA_3_LJOYA1GNODE,ALL,1,115.53165,2,3
2022-09-01T09:15:00-00:00,2022-09-01T09:30:00-00:00,2022-09-01,03,LAJOYA_3_LJOYA1GNODE,LAJOYA_3_LJOYA1GNODE,LAJOYA_3_LJOYA1GNODE,RTPD,MCE,LMP_ENE_PRC,LAJOYA_3_LJOYA1GNODE,ALL,1,98.30543,2,3
2022-09-01T10:15:00-00:00,2022-09-01T10:30:00-00:00,2022-09-01,04,LAJOYA_3_LJOYA1GNODE,LAJOYA_3_LJOYA1GNODE,LAJOYA_3_LJOYA1GNODE,RTPD,MCE,LMP_ENE_PRC,LAJOYA_3_LJOYA1GNODE,ALL,1,97.00684,2,3
2022-09-01T11:15:00-00:00,2022-09-01T11:30:00-00:00,2022-09-01,05,LAJOYA_3_LJOYA1GNODE,LAJOYA_3_LJOYA1GNODE,LAJOYA_3_LJOYA1GNODE,RTPD,MCE,LMP_ENE_PRC,LAJOYA_3_LJOYA1GNODE,ALL,1,103.09059,2,3
2022-09-01T12:15:00-00:00,2022-09-01T12:30:00-00:00,2022-09-01,06,LAJOYA_3_LJOYA1GNODE,LAJOYA_3_LJOYA1GNODE,LAJOYA_3_LJOYA1GNODE,RTPD,MCE,LMP_ENE_PRC,LAJOYA_3_LJOYA1GNODE,ALL,1,109.32203,2,3
2022-09-01T13:15:00-00:00,2022-09-01T13:30:00-00:00,2022-09-01,07,LAJOYA_3_LJOYA1GNODE,LAJOYA_3_LJOYA1GNODE,LAJOYA_3_LJOYA1GNODE,RTPD,MCE,LMP_ENE_PRC,LAJOYA_3_LJOYA1GNODE,ALL,1,110.97827,2,3
2022-09-01T14:15:00-00:00,2022-09-01T14:30:00-00:00,2022-09-01,08,LAJOYA_3_LJOYA1GNODE,LAJOYA_3_LJOYA1GNODE,LAJOYA_3_LJOYA1GNODE,RTPD,MCE,LMP_ENE_PRC,LAJOYA_3_LJOYA1GNODE,ALL,1,104.78743,2,3
2022-09-01T15:15:00-00:00,2022-09-01T15:30:00-00:00,2022-09-01,09,LAJOYA_3_LJOYA1GNODE,LAJOYA_3_LJOYA1GNODE,LAJOYA_3_LJOYA1GNODE,RTPD,MCE,LMP_ENE_PRC,LAJOYA_3_LJOYA1GNODE,ALL,1,86.9388,2,3
2022-09-01T16:15:00-00:00,2022-09-01T16:30:00-00:00,2022-09-01,10,LAJOYA_3_LJOYA1GNODE,LAJOYA_3_LJOYA1GNODE,LAJOYA_3_LJOYA1GNODE,RTPD,MCE,LMP_ENE_PRC,LAJOYA_3_LJOYA1GNODE,ALL,1,89.44858,2,3
2022-09-01T17:15:00-00:00,2022-09-01T17:30:00-00:00,2022-09-01,11,LAJOYA_3_LJOYA1GNODE,LAJOYA_3_LJOYA1GNODE,LAJOYA_3_LJOYA1GNODE,RTPD,MCE,LMP_ENE_PRC,LAJOYA_3_LJOYA1GNODE,ALL,1,99.34673,2,3
2022-09-01T18:15:00-00:00,2022-09-01T18:30:00-00:00,2022-09-01,12,LAJOYA_3_LJOYA1GNODE,LAJOYA_3_LJOYA1GNODE,LAJOYA_3_LJOYA1GNODE,RTPD,MCE,LMP_ENE_PRC,LAJOYA_3_LJOYA1GNODE,ALL,1,101.15901,2,3
2022-09-01T19:15:00-00:00,2022-09-01T19:30:00-00:00,2022-09-01,13,LAJOYA_3_LJOYA1GNODE,LAJOYA_3_LJOYA1GNODE,LAJOYA_3_LJOYA1GNODE,RTPD,MCE,LMP_ENE_PRC,LAJOYA_3_LJOYA1GNODE,ALL,1,105.30588,2,3
2022-09-01T20:15:00-00:00,2022-09-01T20:30:00-00:00,2022-09-01,14,LAJOYA_3_LJOYA1GNODE,LAJOYA_3_LJOYA1GNODE,LAJOYA_3_LJOYA1GNODE,RTPD,MCE,LMP_ENE_PRC,LAJOYA_3_LJOYA1GNODE,ALL,1,117.49421,2,3
2022-09-01T21:15:00-00:00,2022-09-01T21:30:00-00:00,2022-09-01,15,LAJOYA_3_LJOYA1GNODE,LAJOYA_3_LJOYA1GNODE,LAJOYA_3_LJOYA1GNODE,RTPD,MCE,LMP_ENE_PRC,LAJOYA_3_LJOYA1GNODE,ALL,1,147.21185,2,3
2022-09-01T22:15:00-00:00,2022-09-01T22:30:00-00:00,2022-09-01,16,LAJOYA_3_LJOYA1GNODE,LAJOYA_3_LJOYA1GNODE,LAJOYA_3_LJOYA1GNODE,RTPD,MCE,LMP_ENE_PRC,LAJOYA_3_LJOYA1GNODE,ALL,1,256.58734,2,3
2022-09-01T23:15:00-00:00,2022-09-01T23:30:00-00:00,2022-09-01,17,LAJOYA_3_LJOYA1GNODE,LAJOYA_3_LJOYA1GNODE,LAJOYA_3_LJOYA1GNODE,RTPD,MCE,LMP_ENE_PRC,LAJOYA_3_LJOYA1GNODE,ALL,1,362.12408,2,3
2022-09-02T00:15:00-00:00,2022-09-02T00:30:00-00:00,2022-09-01,18,LAJOYA_3_LJOYA1GNODE,LAJOYA_3_LJOYA1GNODE,LAJOYA_3_LJOYA1GNODE,RTPD,MCE,LMP_ENE_PRC,LAJOYA_3_LJOYA1GNODE,ALL,1,691.2182,2,3
2022-09-02T01:15:00-00:00,2022-09-02T01:30:00-00:00,2022-09-01,19,LAJOYA_3_LJOYA1GNODE,LAJOYA_3_LJOYA1GNODE,LAJOYA_3_LJOYA1GNODE,RTPD,MCE,LMP_ENE_PRC,LAJOYA_3_LJOYA1GNODE,ALL,1,1999.9933,2,3
2022-09-02T02:15:00-00:00,2022-09-02T02:30:00-00:00,2022-09-01,20,LAJOYA_3_LJOYA1GNODE,LAJOYA_3_LJOYA1GNODE,LAJOYA_3_LJOYA1GNODE,RTPD,MCE,LMP_ENE_PRC,LAJOYA_3_LJOYA1GNODE,ALL,1,1991.6721,2,3
2022-09-02T03:15:00-00:00,2022-09-02T03:30:00-00:00,2022-09-01,21,LAJOYA_3_LJOYA1GNODE,LAJOYA_3_LJOYA1GNODE,LAJOYA_3_LJOYA1GNODE,RTPD,MCE,LMP_ENE_PRC,LAJOYA_3_LJOYA1GNODE,ALL,1,400.52884,2,3
2022-09-02T04:15:00-00:00,2022-09-02T04:30:00-00:00,2022-09-01,22,LAJOYA_3_LJOYA1GNODE,LAJOYA_3_LJOYA1GNODE,LAJOYA_3_LJOYA1GNODE,RTPD,MCE,LMP_ENE_PRC,LAJOYA_3_LJOYA1GNODE,ALL,1,224.75041,2,3
2022-09-02T05:15:00-00:00,2022-09-02T05:30:00-00:00,2022-09-01,23,LAJOYA_3_LJOYA1GNODE,LAJOYA_3_LJOYA1GNODE,LAJOYA_3_LJOYA1GNODE,RTPD,MCE,LMP_ENE_PRC,LAJOYA_3_LJOYA1GNODE,ALL,1,157.11986,2,3
2022-09-02T06:15:00-00:00,2022-09-02T06:30:00-00:00,2022-09-01,24,LAJOYA_3_LJOYA1GNODE,LAJOYA_3_LJOYA1GNODE,LAJOYA_3_LJOYA1GNODE,RTPD,MCE,LMP_ENE_PRC,LAJOYA_3_LJOYA1GNODE,ALL,1,143.1005,2,3
2022-09-01T07:30:00-00:00,2022-09-01T07:45:00-00:00,2022-09-01,01,LAJOYA_3_LJOYA1GNODE,LAJOYA_3_LJOYA1GNODE,LAJOYA_3_LJOYA1GNODE,RTPD,MCE,LMP_ENE_PRC,LAJOYA_3_LJOYA1GNODE,ALL,1,119.03196,3,3
2022-09-01T08:30:00-00:00,2022-09-01T08:45:00-00:00,2022-09-01,02,LAJOYA_3_LJOYA1GNODE,LAJOYA_3_LJOYA1GNODE,LAJOYA_3_LJOYA1GNODE,RTPD,MCE,LMP_ENE_PRC,LAJOYA_3_LJOYA1GNODE,ALL,1,111.11241,3,3
2022-09-01T09:30:00-00:00,2022-09-01T09:45:00-00:00,2022-09-01,03,LAJOYA_3_LJOYA1GNODE,LAJOYA_3_LJOYA1GNODE,LAJOYA_3_LJOYA1GNODE,RTPD,MCE,LMP_ENE_PRC,LAJOYA_3_LJOYA1GNODE,ALL,1,98.16228,3,3
2022-09-01T10:30:00-00:00,2022-09-01T10:45:00-00:00,2022-09-01,04,LAJOYA_3_LJOYA1GNODE,LAJOYA_3_LJOYA1GNODE,LAJOYA_3_LJOYA1GNODE,RTPD,MCE,LMP_ENE_PRC,LAJOYA_3_LJOYA1GNODE,ALL,1,96.36226,3,3
2022-09-01T11:30:00-00:00,2022-09-01T11:45:00-00:00,2022-09-01,05,LAJOYA_3_LJOYA1GNODE,LAJOYA_3_LJOYA1GNODE,LAJOYA_3_LJOYA1GNODE,RTPD,MCE,LMP_ENE_PRC,LAJOYA_3_LJOYA1GNODE,ALL,1,103.06198,3,3
2022-09-01T12:30:00-00:00,2022-09-01T12:45:00-00:00,2022-09-01,06,LAJOYA_3_LJOYA1GNODE,LAJOYA_3_LJOYA1GNODE,LAJOYA_3_LJOYA1GNODE,RTPD,MCE,LMP_ENE_PRC,LAJOYA_3_LJOYA1GNODE,ALL,1,113.57403,3,3
2022-09-01T13:30:00-00:00,2022-09-01T13:45:00-00:00,2022-09-01,07,LAJOYA_3_LJOYA1GNODE,LAJOYA_3_LJOYA1GNODE,LAJOYA_3_LJOYA1GNODE,RTPD,MCE,LMP_ENE_PRC,LAJOYA_3_LJOYA1GNODE,ALL,1,111.52025,3,3
2022-09-01T14:30:00-00:00,2022-09-01T14:45:00-00:00,2022-09-01,08,LAJOYA_3_LJOYA1GNODE,LAJOYA_3_LJOYA1GNODE,LAJOYA_3_LJOYA1GNODE,RTPD,MCE,LMP_ENE_PRC,LAJOYA_3_LJOYA1GNODE,ALL,1,101.83428,3,3
2022-09-01T15:30:00-00:00,2022-09-01T15:45:00-00:00,2022-09-01,09,LAJOYA_3_LJOYA1GNODE,LAJOYA_3_LJOYA1GNODE,LAJOYA_3_LJOYA1GNODE,RTPD,MCE,LMP_ENE_PRC,LAJOYA_3_LJOYA1GNODE,ALL,1,86.1388,3,3
2022-09-01T16:30:00-00:00,2022-09-01T16:45:00-00:00,2022-09-01,10,LAJOYA_3_LJOYA1GNODE,LAJOYA_3_LJOYA1GNODE,LAJOYA_3_LJOYA1GNODE,RTPD,MCE,LMP_ENE_PRC,LAJOYA_3_LJOYA1GNODE,ALL,1,88.79644,3,3
2022-09-01T17:30:00-00:00,2022-09-01T17:45:00-00:00,2022-09-01,11,LAJOYA_3_LJOYA1GNODE,LAJOYA_3_LJOYA1GNODE,LAJOYA_3_LJOYA1GNODE,RTPD,MCE,LMP_ENE_PRC,LAJOYA_3_LJOYA1GNODE,ALL,1,99.13013,3,3
2022-09-01T18:30:00-00:00,2022-09-01T18:45:00-00:00,2022-09-01,12,LAJOYA_3_LJOYA1GNODE,LAJOYA_3_LJOYA1GNODE,LAJOYA_3_LJOYA1GNODE,RTPD,MCE,LMP_ENE_PRC,LAJOYA_3_LJOYA1GNODE,ALL,1,107.05718,3,3
2022-09-01T19:30:00-00:00,2022-09-01T19:45:00-00:00,2022-09-01,13,LAJOYA_3_LJOYA1GNODE,LAJOYA_3_LJOYA1GNODE,LAJOYA_3_LJOYA1GNODE,RTPD,MCE,LMP_ENE_PRC,LAJOYA_3_LJOYA1GNODE,ALL,1,114.05905,3,3
2022-09-01T20:30:00-00:00,2022-09-01T20:45:00-00:00,2022-09-01,14,LAJOYA_3_LJOYA1GNODE,LAJOYA_3_LJOYA1GNODE,LAJOYA_3_LJOYA1GNODE,RTPD,MCE,LMP_ENE_PRC,LAJOYA_3_LJOYA1GNODE,ALL,1,129.81606,3,3
2022-09-01T21:30:00-00:00,2022-09-01T21:45:00-00:00,2022-09-01,15,LAJOYA_3_LJOYA1GNODE,LAJOYA_3_LJOYA1GNODE,LAJOYA_3_LJOYA1GNODE,RTPD,MCE,LMP_ENE_PRC,LAJOYA_3_LJOYA1GNODE,ALL,1,152.93057,3,3
2022-09-01T22:30:00-00:00,2022-09-01T22:45:00-00:00,2022-09-01,16,LAJOYA_3_LJOYA1GNODE,LAJOYA_3_LJOYA1GNODE,LAJOYA_3_LJOYA1GNODE,RTPD,MCE,LMP_ENE_PRC,LAJOYA_3_LJOYA1GNODE,ALL,1,283.18182,3,3
2022-09-01T23:30:00-00:00,2022-09-01T23:45:00-00:00,2022-09-01,17,LAJOYA_3_LJOYA1GNODE,LAJOYA_3_LJOYA1GNODE,LAJOYA_3_LJOYA1GNODE,RTPD,MCE,LMP_ENE_PRC,LAJOYA_3_LJOYA1GNODE,ALL,1,566.48157,3,3
2022-09-02T00:30:00-00:00,2022-09-02T00:45:00-00:00,2022-09-01,18,LAJOYA_3_LJOYA1GNODE,LAJOYA_3_LJOYA1GNODE,LAJOYA_3_LJOYA1GNODE,RTPD,MCE,LMP_ENE_PRC,LAJOYA_3_LJOYA1GNODE,ALL,1,1329.1127,3,3
2022-09-02T01:30:00-00:00,2022-09-02T01:45:00-00:00,2022-09-01,19,LAJOYA_3_LJOYA1GNODE,LAJOYA_3_LJOYA1GNODE,LAJOYA_3_LJOYA1GNODE,RTPD,MCE,LMP_ENE_PRC,LAJOYA_3_LJOYA1GNODE,ALL,1,1999.9956,3,3
2022-09-02T02:30:00-00:00,2022-09-02T02:45:00-00:00,2022-09-01,20,LAJOYA_3_LJOYA1GNODE,LAJOYA_3_LJOYA1GNODE,LAJOYA_3_LJOYA1GNODE,RTPD,MCE,LMP_ENE_PRC,LAJOYA_3_LJOYA1GNODE,ALL,1,1991.671,3,3
2022-09-02T03:30:00-00:00,2022-09-02T03:45:00-00:00,2022-09-01,21,LAJOYA_3_LJOYA1GNODE,LAJOYA_3_LJOYA1GNODE,LAJOYA_3_LJOYA1GNODE,RTPD,MCE,LMP_ENE_PRC,LAJOYA_3_LJOYA1GNODE,ALL,1,186.61823,3,3
2022-09-02T04:30:00-00:00,2022-09-02T04:45:00-00:00,2022-09-01,22,LAJOYA_3_LJOYA1GNODE,LAJOYA_3_LJOYA1GNODE,LAJOYA_3_LJOYA1GNODE,RTPD,MCE,LMP_ENE_PRC,LAJOYA_3_LJOYA1GNODE,ALL,1,180.67824,3,3
2022-09-02T05:30:00-00:00,2022-09-02T05:45:00-00:00,2022-09-01,23,LAJOYA_3_LJOYA1GNODE,LAJOYA_3_LJOYA1GNODE,LAJOYA_3_LJOYA1GNODE,RTPD,MCE,LMP_ENE_PRC,LAJOYA_3_LJOYA1GNODE,ALL,1,131.69917,3,3
2022-09-02T06:30:00-00:00,2022-09-02T06:45:00-00:00,2022-09-01,24,LAJOYA_3_LJOYA1GNODE,LAJOYA_3_LJOYA1GNODE,LAJOYA_3_LJOYA1GNODE,RTPD,MCE,LMP_ENE_PRC,LAJOYA_3_LJOYA1GNODE,ALL,1,128.9871,3,3
2022-09-01T07:45:00-00:00,2022-09-01T08:00:00-00:00,2022-09-01,01,LAJOYA_3_LJOYA1GNODE,LAJOYA_3_LJOYA1GNODE,LAJOYA_3_LJOYA1GNODE,RTPD,MCE,LMP_ENE_PRC,LAJOYA_3_LJOYA1GNODE,ALL,1,109.12099,4,3
2022-09-01T08:45:00-00:00,2022-09-01T09:00:00-00:00,2022-09-01,02,LAJOYA_3_LJOYA1GNODE,LAJOYA_3_LJOYA1GNODE,LAJOYA_3_LJOYA1GNODE,RTPD,MCE,LMP_ENE_PRC,LAJOYA_3_LJOYA1GNODE,ALL,1,98.7357,4,3
2022-09-01T09:45:00-00:00,2022-09-01T10:00:00-00:00,2022-09-01,03,LAJOYA_3_LJOYA1GNODE,LAJOYA_3_LJOYA1GNODE,LAJOYA_3_LJOYA1GNODE,RTPD,MCE,LMP_ENE_PRC,LAJOYA_3_LJOYA1GNODE,ALL,1,97.50475,4,3
2022-09-01T10:45:00-00:00,2022-09-01T11:00:00-00:00,2022-09-01,04,LAJOYA_3_LJOYA1GNODE,LAJOYA_3_LJOYA1GNODE,LAJOYA_3_LJOYA1GNODE,RTPD,MCE,LMP_ENE_PRC,LAJOYA_3_LJOYA1GNODE,ALL,1,94.71966,4,3
2022-09-01T11:45:00-00:00,2022-09-01T12:00:00-00:00,2022-09-01,05,LAJOYA_3_LJOYA1GNODE,LAJOYA_3_LJOYA1GNODE,LAJOYA_3_LJOYA1GNODE,RTPD,MCE,LMP_ENE_PRC,LAJOYA_3_LJOYA1GNODE,ALL,1,107.01,4,3
2022-09-01T12:45:00-00:00,2022-09-01T13:00:00-00:00,2022-09-01,06,LAJOYA_3_LJOYA1GNODE,LAJOYA_3_LJOYA1GNODE,LAJOYA_3_LJOYA1GNODE,RTPD,MCE,LMP_ENE_PRC,LAJOYA_3_LJOYA1GNODE,ALL,1,116.4848,4,3
2022-09-01T13:45:00-00:00,2022-09-01T14:00:00-00:00,2022-09-01,07,LAJOYA_3_LJOYA1GNODE,LAJOYA_3_LJOYA1GNODE,LAJOYA_3_LJOYA1GNODE,RTPD,MCE,LMP_ENE_PRC,LAJOYA_3_LJOYA1GNODE,ALL,1,111.41,4,3
2022-09-01T14:45:00-00:00,2022-09-01T15:00:00-00:00,2022-09-01,08,LAJOYA_3_LJOYA1GNODE,LAJOYA_3_LJOYA1GNODE,LAJOYA_3_LJOYA1GNODE,RTPD,MCE,LMP_ENE_PRC,LAJOYA_3_LJOYA1GNODE,ALL,1,86.1388,4,3
2022-09-01T15:45:00-00:00,2022-09-01T16:00:00-00:00,2022-09-01,09,LAJOYA_3_LJOYA1GNODE,LAJOYA_3_LJOYA1GNODE,LAJOYA_3_LJOYA1GNODE,RTPD,MCE,LMP_ENE_PRC,LAJOYA_3_LJOYA1GNODE,ALL,1,78.70076,4,3
2022-09-01T16:45:00-00:00,2022-09-01T17:00:00-00:00,2022-09-01,10,LAJOYA_3_LJOYA1GNODE,LAJOYA_3_LJOYA1GNODE,LAJOYA_3_LJOYA1GNODE,RTPD,MCE,LMP_ENE_PRC,LAJOYA_3_LJOYA1GNODE,ALL,1,91.24933,4,3
2022-09-01T17:45:00-00:00,2022-09-01T18:00:00-00:00,2022-09-01,11,LAJOYA_3_LJOYA1GNODE,LAJOYA_3_LJOYA1GNODE,LAJOYA_3_LJOYA1GNODE,RTPD,MCE,LMP_ENE_PRC,LAJOYA_3_LJOYA1GNODE,ALL,1,99.20544,4,3
2022-09-01T18:45:00-00:00,2022-09-01T19:00:00-00:00,2022-09-01,12,LAJOYA_3_LJOYA1GNODE,LAJOYA_3_LJOYA1GNODE,LAJOYA_3_LJOYA1GNODE,RTPD,MCE,LMP_ENE_PRC,LAJOYA_3_LJOYA1GNODE,ALL,1,109.04064,4,3
2022-09-01T19:45:00-00:00,2022-09-01T20:00:00-00:00,2022-09-01,13,LAJOYA_3_LJOYA1GNODE,LAJOYA_3_LJOYA1GNODE,LAJOYA_3_LJOYA1GNODE,RTPD,MCE,LMP_ENE_PRC,LAJOYA_3_LJOYA1GNODE,ALL,1,120.22491,4,3
2022-09-01T20:45:00-00:00,2022-09-01T21:00:00-00:00,2022-09-01,14,LAJOYA_3_LJOYA1GNODE,LAJOYA_3_LJOYA1GNODE,LAJOYA_3_LJOYA1GNODE,RTPD,MCE,LMP_ENE_PRC,LAJOYA_3_LJOYA1GNODE,ALL,1,154.02509,4,3
2022-09-01T21:45:00-00:00,2022-09-01T22:00:00-00:00,2022-09-01,15,LAJOYA_3_LJOYA1GNODE,LAJOYA_3_LJOYA1GNODE,LAJOYA_3_LJOYA1GNODE,RTPD,MCE,LMP_ENE_PRC,LAJOYA_3_LJOYA1GNODE,ALL,1,300.29376,4,3
2022-09-01T22:45:00-00:00,2022-09-01T23:00:00-00:00,2022-09-01,16,LAJOYA_3_LJOYA1GNODE,LAJOYA_3_LJOYA1GNODE,LAJOYA_3_LJOYA1GNODE,RTPD,MCE,LMP_ENE_PRC,LAJOYA_3_LJOYA1GNODE,ALL,1,429.9137,4,3
2022-09-01T23:45:00-00:00,2022-09-02T00:00:00-00:00,2022-09-01,17,LAJOYA_3_LJOYA1GNODE,LAJOYA_3_LJOYA1GNODE,LAJOYA_3_LJOYA1GNODE,RTPD,MCE,LMP_ENE_PRC,LAJOYA_3_LJOYA1GNODE,ALL,1,1261.2124,4,3
2022-09-02T00:45:00-00:00,2022-09-02T01:00:00-00:00,2022-09-01,18,LAJOYA_3_LJOYA1GNODE,LAJOYA_3_LJOYA1GNODE,LAJOYA_3_LJOYA1GNODE,RTPD,MCE,LMP_ENE_PRC,LAJOYA_3_LJOYA1GNODE,ALL,1,1519.149,4,3
2022-09-02T01:45:00-00:00,2022-09-02T02:00:00-00:00,2022-09-01,19,LAJOYA_3_LJOYA1GNODE,LAJOYA_3_LJOYA1GNODE,LAJOYA_3_LJOYA1GNODE,RTPD,MCE,LMP_ENE_PRC,LAJOYA_3_LJOYA1GNODE,ALL,1,1991.9337,4,3
2022-09-02T02:45:00-00:00,2022-09-02T03:00:00-00:00,2022-09-01,20,LAJOYA_3_LJOYA1GNODE,LAJOYA_3_LJOYA1GNODE,LAJOYA_3_LJOYA1GNODE,RTPD,MCE,LMP_ENE_PRC,LAJOYA_3_LJOYA1GNODE,ALL,1,1629.6213,4,3
2022-09-02T03:45:00-00:00,2022-09-02T04:00:00-00:00,2022-09-01,21,LAJOYA_3_LJOYA1GNODE,LAJOYA_3_LJOYA1GNODE,LAJOYA_3_LJOYA1GNODE,RTPD,MCE,LMP_ENE_PRC,LAJOYA_3_LJOYA1GNODE,ALL,1,141.13702,4,3
2022-09-02T04:45:00-00:00,2022-09-02T05:00:00-00:00,2022-09-01,22,LAJOYA_3_LJOYA1GNODE,LAJOYA_3_LJOYA1GNODE,LAJOYA_3_LJOYA1GNODE,RTPD,MCE,LMP_ENE_PRC,LAJOYA_3_LJOYA1GNODE,ALL,1,126.76372,4,3
2022-09-02T05:45:00-00:00,2022-09-02T06:00:00-00:00,2022-09-01,23,LAJOYA_3_LJOYA1GNODE,LAJOYA_3_LJOYA1GNODE,LAJOYA_3_LJOYA1GNODE,RTPD,MCE,LMP_ENE_PRC,LAJOYA_3_LJOYA1GNODE,ALL,1,119.00958,4,3
2022-09-02T06:45:00-00:00,2022-09-02T07:00:00-00:00,2022-09-01,24,LAJOYA_3_LJOYA1GNODE,LAJOYA_3_LJOYA1GNODE,LAJOYA_3_LJOYA1GNODE,RTPD,MCE,LMP_ENE_PRC,LAJOYA_3_LJOYA1GNODE,ALL,1,109.20324,4,3
2022-09-01T07:00:00-00:00,2022-09-01T07:15:00-00:00,2022-09-01,01,LAJOYA_3_LJOYA1GNODE,LAJOYA_3_LJOYA1GNODE,LAJOYA_3_LJOYA1GNODE,RTPD,MCL,LMP_LOSS_PRC,LAJOYA_3_LJOYA1GNODE,ALL,1,-3.74841,1,4
2022-09-01T08:00:00-00:00,2022-09-01T08:15:00-00:00,2022-09-01,02,LAJOYA_3_LJOYA1GNODE,LAJOYA_3_LJOYA1GNODE,LAJOYA_3_LJOYA1GNODE,RTPD,MCL,LMP_LOSS_PRC,LAJOYA_3_LJOYA1GNODE,ALL,1,0,1,4
2022-09-01T09:00:00-00:00,2022-09-01T09:15:00-00:00,2022-09-01,03,LAJOYA_3_LJOYA1GNODE,LAJOYA_3_LJOYA1GNODE,LAJOYA_3_LJOYA1GNODE,RTPD,MCL,LMP_LOSS_PRC,LAJOYA_3_LJOYA1GNODE,ALL,1,-5.34972,1,4
2022-09-01T10:00:00-00:00,2022-09-01T10:15:00-00:00,2022-09-01,04,LAJOYA_3_LJOYA1GNODE,LAJOYA_3_LJOYA1GNODE,LAJOYA_3_LJOYA1GNODE,RTPD,MCL,LMP_LOSS_PRC,LAJOYA_3_LJOYA1GNODE,ALL,1,-4.9864,1,4
2022-09-01T11:00:00-00:00,2022-09-01T11:15:00-00:00,2022-09-01,05,LAJOYA_3_LJOYA1GNODE,LAJOYA_3_LJOYA1GNODE,LAJOYA_3_LJOYA1GNODE,RTPD,MCL,LMP_LOSS_PRC,LAJOYA_3_LJOYA1GNODE,ALL,1,-5.39433,1,4
2022-09-01T12:00:00-00:00,2022-09-01T12:15:00-00:00,2022-09-01,06,LAJOYA_3_LJOYA1GNODE,LAJOYA_3_LJOYA1GNODE,LAJOYA_3_LJOYA1GNODE,RTPD,MCL,LMP_LOSS_PRC,LAJOYA_3_LJOYA1GNODE,ALL,1,-4.87507,1,4
2022-09-01T13:00:00-00:00,2022-09-01T13:15:00-00:00,2022-09-01,07,LAJOYA_3_LJOYA1GNODE,LAJOYA_3_LJOYA1GNODE,LAJOYA_3_LJOYA1GNODE,RTPD,MCL,LMP_LOSS_PRC,LAJOYA_3_LJOYA1GNODE,ALL,1,0,1,4
2022-09-01T14:00:00-00:00,2022-09-01T14:15:00-00:00,2022-09-01,08,LAJOYA_3_LJOYA1GNODE,LAJOYA_3_LJOYA1GNODE,LAJOYA_3_LJOYA1GNODE,RTPD,MCL,LMP_LOSS_PRC,LAJOYA_3_LJOYA1GNODE,ALL,1,-7.60166,1,4
2022-09-01T15:00:00-00:00,2022-09-01T15:15:00-00:00,2022-09-01,09,LAJOYA_3_LJOYA1GNODE,LAJOYA_3_LJOYA1GNODE,LAJOYA_3_LJOYA1GNODE,RTPD,MCL,LMP_LOSS_PRC,LAJOYA_3_LJOYA1GNODE,ALL,1,0,1,4
2022-09-01T16:00:00-00:00,2022-09-01T16:15:00-00:00,2022-09-01,10,LAJOYA_3_LJOYA1GNODE,LAJOYA_3_LJOYA1GNODE,LAJOYA_3_LJOYA1GNODE,RTPD,MCL,LMP_LOSS_PRC,LAJOYA_3_LJOYA1GNODE,ALL,1,0,1,4
2022-09-01T17:00:00-00:00,2022-09-01T17:15:00-00:00,2022-09-01,11,LAJOYA_3_LJOYA1GNODE,LAJOYA_3_LJOYA1GNODE,LAJOYA_3_LJOYA1GNODE,RTPD,MCL,LMP_LOSS_PRC,LAJOYA_3_LJOYA1GNODE,ALL,1,0,1,4
2022-09-01T18:00:00-00:00,2022-09-01T18:15:00-00:00,2022-09-01,12,LAJOYA_3_LJOYA1GNODE,LAJOYA_3_LJOYA1GNODE,LAJOYA_3_LJOYA1GNODE,RTPD,MCL,LMP_LOSS_PRC,LAJOYA_3_LJOYA1GNODE,ALL,1,0,1,4
2022-09-01T19:00:00-00:00,2022-09-01T19:15:00-00:00,2022-09-01,13,LAJOYA_3_LJOYA1GNODE,LAJOYA_3_LJOYA1GNODE,LAJOYA_3_LJOYA1GNODE,RTPD,MCL,LMP_LOSS_PRC,LAJOYA_3_LJOYA1GNODE,ALL,1,0,1,4
2022-09-01T20:00:00-00:00,2022-09-01T20:15:00-00:00,2022-09-01,14,LAJOYA_3_LJOYA1GNODE,LAJOYA_3_LJOYA1GNODE,LAJOYA_3_LJOYA1GNODE,RTPD,MCL,LMP_LOSS_PRC,LAJOYA_3_LJOYA1GNODE,ALL,1,0,1,4
2022-09-01T21:00:00-00:00,2022-09-01T21:15:00-00:00,2022-09-01,15,LAJOYA_3_LJOYA1GNODE,LAJOYA_3_LJOYA1GNODE,LAJOYA_3_LJOYA1GNODE,RTPD,MCL,LMP_LOSS_PRC,LAJOYA_3_LJOYA1GNODE,ALL,1,0,1,4
2022-09-01T22:00:00-00:00,2022-09-01T22:15:00-00:00,2022-09-01,16,LAJOYA_3_LJOYA1GNODE,LAJOYA_3_LJOYA1GNODE,LAJOYA_3_LJOYA1GNODE,RTPD,MCL,LMP_LOSS_PRC,LAJOYA_3_LJOYA1GNODE,ALL,1,0,1,4
2022-09-01T23:00:00-00:00,2022-09-01T23:15:00-00:00,2022-09-01,17,LAJOYA_3_LJOYA1GNODE,LAJOYA_3_LJOYA1GNODE,LAJOYA_3_LJOYA1GNODE,RTPD,MCL,LMP_LOSS_PRC,LAJOYA_3_LJOYA1GNODE,ALL,1,0,1,4
2022-09-02T00:00:00-00:00,2022-09-02T00:15:00-00:00,2022-09-01,18,LAJOYA_3_LJOYA1GNODE,LAJOYA_3_LJOYA1GNODE,LAJOYA_3_LJOYA1GNODE,RTPD,MCL,LMP_LOSS_PRC,LAJOYA_3_LJOYA1GNODE,ALL,1,-96.95339,1,4
2022-09-02T01:00:00-00:00,2022-09-02T01:15:00-00:00,2022-09-01,19,LAJOYA_3_LJOYA1GNODE,LAJOYA_3_LJOYA1GNODE,LAJOYA_3_LJOYA1GNODE,RTPD,MCL,LMP_LOSS_PRC,LAJOYA_3_LJOYA1GNODE,ALL,1,0,1,4
2022-09-02T02:00:00-00:00,2022-09-02T02:15:00-00:00,2022-09-01,20,LAJOYA_3_LJOYA1GNODE,LAJOYA_3_LJOYA1GNODE,LAJOYA_3_LJOYA1GNODE,RTPD,MCL,LMP_LOSS_PRC,LAJOYA_3_LJOYA1GNODE,ALL,1,0,1,4
2022-09-02T03:00:00-00:00,2022-09-02T03:15:00-00:00,2022-09-01,21,LAJOYA_3_LJOYA1GNODE,LAJOYA_3_LJOYA1GNODE,LAJOYA_3_LJOYA1GNODE,RTPD,MCL,LMP_LOSS_PRC,LAJOYA_3_LJOYA1GNODE,ALL,1,-117.10163,1,4
2022-09-02T04:00:00-00:00,2022-09-02T04:15:00-00:00,2022-09-01,22,LAJOYA_3_LJOYA1GNODE,LAJOYA_3_LJOYA1GNODE,LAJOYA_3_LJOYA1GNODE,RTPD,MCL,LMP_LOSS_PRC,LAJOYA_3_LJOYA1GNODE,ALL,1,-27.00601,1,4
2022-09-02T05:00:00-00:00,2022-09-02T05:15:00-00:00,2022-09-01,23,LAJOYA_3_LJOYA1GNODE,LAJOYA_3_LJOYA1GNODE,LAJOYA_3_LJOYA1GNODE,RTPD,MCL,LMP_LOSS_PRC,LAJOYA_3_LJOYA1GNODE,ALL,1,-22.96644,1,4
2022-09-02T06:00:00-00:00,2022-09-02T06:15:00-00:00,2022-09-01,24,LAJOYA_3_LJOYA1GNODE,LAJOYA_3_LJOYA1GNODE,LAJOYA_3_LJOYA1GNODE,RTPD,MCL,LMP_LOSS_PRC,LAJOYA_3_LJOYA1GNODE,ALL,1,-20.12708,1,4
2022-09-01T07:15:00-00:00,2022-09-01T07:30:00-00:00,2022-09-01,01,LAJOYA_3_LJOYA1GNODE,LAJOYA_3_LJOYA1GNODE,LAJOYA_3_LJOYA1GNODE,RTPD,MCL,LMP_LOSS_PRC,LAJOYA_3_LJOYA1GNODE,ALL,1,0,2,4
2022-09-01T08:15:00-00:00,2022-09-01T08:30:00-00:00,2022-09-01,02,LAJOYA_3_LJOYA1GNODE,LAJOYA_3_LJOYA1GNODE,LAJOYA_3_LJOYA1GNODE,RTPD,MCL,LMP_LOSS_PRC,LAJOYA_3_LJOYA1GNODE,ALL,1,0,2,4
2022-09-01T09:15:00-00:00,2022-09-01T09:30:00-00:00,2022-09-01,03,LAJOYA_3_LJOYA1GNODE,LAJOYA_3_LJOYA1GNODE,LAJOYA_3_LJOYA1GNODE,RTPD,MCL,LMP_LOSS_PRC,LAJOYA_3_LJOYA1GNODE,ALL,1,-5.12387,2,4
2022-09-01T10:15:00-00:00,2022-09-01T10:30:00-00:00,2022-09-01,04,LAJOYA_3_LJOYA1GNODE,LAJOYA_3_LJOYA1GNODE,LAJOYA_3_LJOYA1GNODE,RTPD,MCL,LMP_LOSS_PRC,LAJOYA_3_LJOYA1GNODE,ALL,1,-4.83216,2,4
2022-09-01T11:15:00-00:00,2022-09-01T11:30:00-00:00,2022-09-01,05,LAJOYA_3_LJOYA1GNODE,LAJOYA_3_LJOYA1GNODE,LAJOYA_3_LJOYA1GNODE,RTPD,MCL,LMP_LOSS_PRC,LAJOYA_3_LJOYA1GNODE,ALL,1,-5.29293,2,4
2022-09-01T12:15:00-00:00,2022-09-01T12:30:00-00:00,2022-09-01,06,LAJOYA_3_LJOYA1GNODE,LAJOYA_3_LJOYA1GNODE,LAJOYA_3_LJOYA1GNODE,RTPD,MCL,LMP_LOSS_PRC,LAJOYA_3_LJOYA1GNODE,ALL,1,-5.9081,2,4
2022-09-01T13:15:00-00:00,2022-09-01T13:30:00-00:00,2022-09-01,07,LAJOYA_3_LJOYA1GNODE,LAJOYA_3_LJOYA1GNODE,LAJOYA_3_LJOYA1GNODE,RTPD,MCL,LMP_LOSS_PRC,LAJOYA_3_LJOYA1GNODE,ALL,1,-4.6164,2,4
2022-09-01T14:15:00-00:00,2022-09-01T14:30:00-00:00,2022-09-01,08,LAJOYA_3_LJOYA1GNODE,LAJOYA_3_LJOYA1GNODE,LAJOYA_3_LJOYA1GNODE,RTPD,MCL,LMP_LOSS_PRC,LAJOYA_3_LJOYA1GNODE,ALL,1,-7.3533,2,4
2022-09-01T15:15:00-00:00,2022-09-01T15:30:00-00:00,2022-09-01,09,LAJOYA_3_LJOYA1GNODE,LAJOYA_3_LJOYA1GNODE,LAJOYA_3_LJOYA1GNODE,RTPD,MCL,LMP_LOSS_PRC,LAJOYA_3_LJOYA1GNODE,ALL,1,0,2,4
2022-09-01T16:15:00-00:00,2022-09-01T16:30:00-00:00,2022-09-01,10,LAJOYA_3_LJOYA1GNODE,LAJOYA_3_LJOYA1GNODE,LAJOYA_3_LJOYA1GNODE,RTPD,MCL,LMP_LOSS_PRC,LAJOYA_3_LJOYA1GNODE,ALL,1,0,2,4
2022-09-01T17:15:00-00:00,2022-09-01T17:30:00-00:00,2022-09-01,11,LAJOYA_3_LJOYA1GNODE,LAJOYA_3_LJOYA1GNODE,LAJOYA_3_LJOYA1GNODE,RTPD,MCL,LMP_LOSS_PRC,LAJOYA_3_LJOYA1GNODE,ALL,1,0,2,4
2022-09-01T18:15:00-00:00,2022-09-01T18:30:00-00:00,2022-09-01,12,LAJOYA_3_LJOYA1GNODE,LAJOYA_3_LJOYA1GNODE,LAJOYA_3_LJOYA1GNODE,RTPD,MCL,LMP_LOSS_PRC,LAJOYA_3_LJOYA1GNODE,ALL,1,0,2,4
2022-09-01T19:15:00-00:00,2022-09-01T19:30:00-00:00,2022-09-01,13,LAJOYA_3_LJOYA1GNODE,LAJOYA_3_LJOYA1GNODE,LAJOYA_3_LJOYA1GNODE,RTPD,MCL,LMP_LOSS_PRC,LAJOYA_3_LJOYA1GNODE,ALL,1,0,2,4
2022-09-01T20:15:00-00:00,2022-09-01T20:30:00-00:00,2022-09-01,14,LAJOYA_3_LJOYA1GNODE,LAJOYA_3_LJOYA1GNODE,LAJOYA_3_LJOYA1GNODE,RTPD,MCL,LMP_LOSS_PRC,LAJOYA_3_LJOYA1GNODE,ALL,1,0,2,4
2022-09-01T21:15:00-00:00,2022-09-01T21:30:00-00:00,2022-09-01,15,LAJOYA_3_LJOYA1GNODE,LAJOYA_3_LJOYA1GNODE,LAJOYA_3_LJOYA1GNODE,RTPD,MCL,LMP_LOSS_PRC,LAJOYA_3_LJOYA1GNODE,ALL,1,0,2,4
2022-09-01T22:15:00-00:00,2022-09-01T22:30:00-00:00,2022-09-01,16,LAJOYA_3_LJOYA1GNODE,LAJOYA_3_LJOYA1GNODE,LAJOYA_3_LJOYA1GNODE,RTPD,MCL,LMP_LOSS_PRC,LAJOYA_3_LJOYA1GNODE,ALL,1,0,2,4
2022-09-01T23:15:00-00:00,2022-09-01T23:30:00-00:00,2022-09-01,17,LAJOYA_3_LJOYA1GNODE,LAJOYA_3_LJOYA1GNODE,LAJOYA_3_LJOYA1GNODE,RTPD,MCL,LMP_LOSS_PRC,LAJOYA_3_LJOYA1GNODE,ALL,1,0,2,4
2022-09-02T00:15:00-00:00,2022-09-02T00:30:00-00:00,2022-09-01,18,LAJOYA_3_LJOYA1GNODE,LAJOYA_3_LJOYA1GNODE,LAJOYA_3_LJOYA1GNODE,RTPD,MCL,LMP_LOSS_PRC,LAJOYA_3_LJOYA1GNODE,ALL,1,-85.08725,2,4
2022-09-02T01:15:00-00:00,2022-09-02T01:30:00-00:00,2022-09-01,19,LAJOYA_3_LJOYA1GNODE,LAJOYA_3_LJOYA1GNODE,LAJOYA_3_LJOYA1GNODE,RTPD,MCL,LMP_LOSS_PRC,LAJOYA_3_LJOYA1GNODE,ALL,1,0,2,4
2022-09-02T02:15:00-00:00,2022-09-02T02:30:00-00:00,2022-09-01,20,LAJOYA_3_LJOYA1GNODE,LAJOYA_3_LJOYA1GNODE,LAJOYA_3_LJOYA1GNODE,RTPD,MCL,LMP_LOSS_PRC,LAJOYA_3_LJOYA1GNODE,ALL,1,0,2,4
2022-09-02T03:15:00-00:00,2022-09-02T03:30:00-00:00,2022-09-01,21,LAJOYA_3_LJOYA1GNODE,LAJOYA_3_LJOYA1GNODE,LAJOYA_3_LJOYA1GNODE,RTPD,MCL,LMP_LOSS_PRC,LAJOYA_3_LJOYA1GNODE,ALL,1,-49.79857,2,4
2022-09-02T04:15:00-00:00,2022-09-02T04:30:00-00:00,2022-09-01,22,LAJOYA_3_LJOYA1GNODE,LAJOYA_3_LJOYA1GNODE,LAJOYA_3_LJOYA1GNODE,RTPD,MCL,LMP_LOSS_PRC,LAJOYA_3_LJOYA1GNODE,ALL,1,-24.37622,2,4
2022-09-02T05:15:00-00:00,2022-09-02T05:30:00-00:00,2022-09-01,23,LAJOYA_3_LJOYA1GNODE,LAJOYA_3_LJOYA1GNODE,LAJOYA_3_LJOYA1GNODE,RTPD,MCL,LMP_LOSS_PRC,LAJOYA_3_LJOYA1GNODE,ALL,1,-17.03527,2,4
2022-09-02T06:15:00-00:00,2022-09-02T06:30:00-00:00,2022-09-01,24,LAJOYA_3_LJOYA1GNODE,LAJOYA_3_LJOYA1GNODE,LAJOYA_3_LJOYA1GNODE,RTPD,MCL,LMP_LOSS_PRC,LAJOYA_3_LJOYA1GNODE,ALL,1,-15.75699,2,4
2022-09-01T07:30:00-00:00,2022-09-01T07:45:00-00:00,2022-09-01,01,LAJOYA_3_LJOYA1GNODE,LAJOYA_3_LJOYA1GNODE,LAJOYA_3_LJOYA1GNODE,RTPD,MCL,LMP_LOSS_PRC,LAJOYA_3_LJOYA1GNODE,ALL,1,0,3,4
2022-09-01T08:30:00-00:00,2022-09-01T08:45:00-00:00,2022-09-01,02,LAJOYA_3_LJOYA1GNODE,LAJOYA_3_LJOYA1GNODE,LAJOYA_3_LJOYA1GNODE,RTPD,MCL,LMP_LOSS_PRC,LAJOYA_3_LJOYA1GNODE,ALL,1,-6.19338,3,4
2022-09-01T09:30:00-00:00,2022-09-01T09:45:00-00:00,2022-09-01,03,LAJOYA_3_LJOYA1GNODE,LAJOYA_3_LJOYA1GNODE,LAJOYA_3_LJOYA1GNODE,RTPD,MCL,LMP_LOSS_PRC,LAJOYA_3_LJOYA1GNODE,ALL,1,-4.81336,3,4
2022-09-01T10:30:00-00:00,2022-09-01T10:45:00-00:00,2022-09-01,04,LAJOYA_3_LJOYA1GNODE,LAJOYA_3_LJOYA1GNODE,LAJOYA_3_LJOYA1GNODE,RTPD,MCL,LMP_LOSS_PRC,LAJOYA_3_LJOYA1GNODE,ALL,1,-4.78641,3,4
2022-09-01T11:30:00-00:00,2022-09-01T11:45:00-00:00,2022-09-01,05,LAJOYA_3_LJOYA1GNODE,LAJOYA_3_LJOYA1GNODE,LAJOYA_3_LJOYA1GNODE,RTPD,MCL,LMP_LOSS_PRC,LAJOYA_3_LJOYA1GNODE,ALL,1,-5.5416,3,4
2022-09-01T12:30:00-00:00,2022-09-01T12:45:00-00:00,2022-09-01,06,LAJOYA_3_LJOYA1GNODE,LAJOYA_3_LJOYA1GNODE,LAJOYA_3_LJOYA1GNODE,RTPD,MCL,LMP_LOSS_PRC,LAJOYA_3_LJOYA1GNODE,ALL,1,-5.62067,3,4
2022-09-01T13:30:00-00:00,2022-09-01T13:45:00-00:00,2022-09-01,07,LAJOYA_3_LJOYA1GNODE,LAJOYA_3_LJOYA1GNODE,LAJOYA_3_LJOYA1GNODE,RTPD,MCL,LMP_LOSS_PRC,LAJOYA_3_LJOYA1GNODE,ALL,1,-5.109,3,4
2022-09-01T14:30:00-00:00,2022-09-01T14:45:00-00:00,2022-09-01,08,LAJOYA_3_LJOYA1GNODE,LAJOYA_3_LJOYA1GNODE,LAJOYA_3_LJOYA1GNODE,RTPD,MCL,LMP_LOSS_PRC,LAJOYA_3_LJOYA1GNODE,ALL,1,-8.15542,3,4
2022-09-01T15:30:00-00:00,2022-09-01T15:45:00-00:00,2022-09-01,09,LAJOYA_3_LJOYA1GNODE,LAJOYA_3_LJOYA1GNODE,LAJOYA_3_LJOYA1GNODE,RTPD,MCL,LMP_LOSS_PRC,LAJOYA_3_LJOYA1GNODE,ALL,1,0,3,4
2022-09-01T16:30:00-00:00,2022-09-01T16:45:00-00:00,2022-09-01,10,LAJOYA_3_LJOYA1GNODE,LAJOYA_3_LJOYA1GNODE,LAJOYA_3_LJOYA1GNODE,RTPD,MCL,LMP_LOSS_PRC,LAJOYA_3_LJOYA1GNODE,ALL,1,0,3,4
2022-09-01T17:30:00-00:00,2022-09-01T17:45:00-00:00,2022-09-01,11,LAJOYA_3_LJOYA1GNODE,LAJOYA_3_LJOYA1GNODE,LAJOYA_3_LJOYA1GNODE,RTPD,MCL,LMP_LOSS_PRC,LAJOYA_3_LJOYA1GNODE,ALL,1,0,3,4
2022-09-01T18:30:00-00:00,2022-09-01T18:45:00-00:00,2022-09-01,12,LAJOYA_3_LJOYA1GNODE,LAJOYA_3_LJOYA1GNODE,LAJOYA_3_LJOYA1GNODE,RTPD,MCL,LMP_LOSS_PRC,LAJOYA_3_LJOYA1GNODE,ALL,1,0,3,4
2022-09-01T19:30:00-00:00,2022-09-01T19:45:00-00:00,2022-09-01,13,LAJOYA_3_LJOYA1GNODE,LAJOYA_3_LJOYA1GNODE,LAJOYA_3_LJOYA1GNODE,RTPD,MCL,LMP_LOSS_PRC,LAJOYA_3_LJOYA1GNODE,ALL,1,0,3,4
2022-09-01T20:30:00-00:00,2022-09-01T20:45:00-00:00,2022-09-01,14,LAJOYA_3_LJOYA1GNODE,LAJOYA_3_LJOYA1GNODE,LAJOYA_3_LJOYA1GNODE,RTPD,MCL,LMP_LOSS_PRC,LAJOYA_3_LJOYA1GNODE,ALL,1,0,3,4
2022-09-01T21:30:00-00:00,2022-09-01T21:45:00-00:00,2022-09-01,15,LAJOYA_3_LJOYA1GNODE,LAJOYA_3_LJOYA1GNODE,LAJOYA_3_LJOYA1GNODE,RTPD,MCL,LMP_LOSS_PRC,LAJOYA_3_LJOYA1GNODE,ALL,1,0,3,4
2022-09-01T22:30:00-00:00,2022-09-01T22:45:00-00:00,2022-09-01,16,LAJOYA_3_LJOYA1GNODE,LAJOYA_3_LJOYA1GNODE,LAJOYA_3_LJOYA1GNODE,RTPD,MCL,LMP_LOSS_PRC,LAJOYA_3_LJOYA1GNODE,ALL,1,0,3,4
2022-09-01T23:30:00-00:00,2022-09-01T23:45:00-00:00,2022-09-01,17,LAJOYA_3_LJOYA1GNODE,LAJOYA_3_LJOYA1GNODE,LAJOYA_3_LJOYA1GNODE,RTPD,MCL,LMP_LOSS_PRC,LAJOYA_3_LJOYA1GNODE,ALL,1,0,3,4
2022-09-02T00:30:00-00:00,2022-09-02T00:45:00-00:00,2022-09-01,18,LAJOYA_3_LJOYA1GNODE,LAJOYA_3_LJOYA1GNODE,LAJOYA_3_LJOYA1GNODE,RTPD,MCL,LMP_LOSS_PRC,LAJOYA_3_LJOYA1GNODE,ALL,1,0,3,4
2022-09-02T01:30:00-00:00,2022-09-02T01:45:00-00:00,2022-09-01,19,LAJOYA_3_LJOYA1GNODE,LAJOYA_3_LJOYA1GNODE,LAJOYA_3_LJOYA1GNODE,RTPD,MCL,LMP_LOSS_PRC,LAJOYA_3_LJOYA1GNODE,ALL,1,0,3,4
2022-09-02T02:30:00-00:00,2022-09-02T02:45:00-00:00,2022-09-01,20,LAJOYA_3_LJOYA1GNODE,LAJOYA_3_LJOYA1GNODE,LAJOYA_3_LJOYA1GNODE,RTPD,MCL,LMP_LOSS_PRC,LAJOYA_3_LJOYA1GNODE,ALL,1,0,3,4
2022-09-02T03:30:00-00:00,2022-09-02T03:45:00-00:00,2022-09-01,21,LAJOYA_3_LJOYA1GNODE,LAJOYA_3_LJOYA1GNODE,LAJOYA_3_LJOYA1GNODE,RTPD,MCL,LMP_LOSS_PRC,LAJOYA_3_LJOYA1GNODE,ALL,1,-22.30299,3,4
2022-09-02T04:30:00-00:00,2022-09-02T04:45:00-00:00,2022-09-01,22,LAJOYA_3_LJOYA1GNODE,LAJOYA_3_LJOYA1GNODE,LAJOYA_3_LJOYA1GNODE,RTPD,MCL,LMP_LOSS_PRC,LAJOYA_3_LJOYA1GNODE,ALL,1,-17.99218,3,4
2022-09-02T05:30:00-00:00,2022-09-02T05:45:00-00:00,2022-09-01,23,LAJOYA_3_LJOYA1GNODE,LAJOYA_3_LJOYA1GNODE,LAJOYA_3_LJOYA1GNODE,RTPD,MCL,LMP_LOSS_PRC,LAJOYA_3_LJOYA1GNODE,ALL,1,-13.81866,3,4
2022-09-02T06:30:00-00:00,2022-09-02T06:45:00-00:00,2022-09-01,24,LAJOYA_3_LJOYA1GNODE,LAJOYA_3_LJOYA1GNODE,LAJOYA_3_LJOYA1GNODE,RTPD,MCL,LMP_LOSS_PRC,LAJOYA_3_LJOYA1GNODE,ALL,1,-13.54359,3,4
2022-09-01T07:45:00-00:00,2022-09-01T08:00:00-00:00,2022-09-01,01,LAJOYA_3_LJOYA1GNODE,LAJOYA_3_LJOYA1GNODE,LAJOYA_3_LJOYA1GNODE,RTPD,MCL,LMP_LOSS_PRC,LAJOYA_3_LJOYA1GNODE,ALL,1,0,4,4
2022-09-01T08:45:00-00:00,2022-09-01T09:00:00-00:00,2022-09-01,02,LAJOYA_3_LJOYA1GNODE,LAJOYA_3_LJOYA1GNODE,LAJOYA_3_LJOYA1GNODE,RTPD,MCL,LMP_LOSS_PRC,LAJOYA_3_LJOYA1GNODE,ALL,1,-4.96105,4,4
2022-09-01T09:45:00-00:00,2022-09-01T10:00:00-00:00,2022-09-01,03,LAJOYA_3_LJOYA1GNODE,LAJOYA_3_LJOYA1GNODE,LAJOYA_3_LJOYA1GNODE,RTPD,MCL,LMP_LOSS_PRC,LAJOYA_3_LJOYA1GNODE,ALL,1,-4.69168,4,4
2022-09-01T10:45:00-00:00,2022-09-01T11:00:00-00:00,2022-09-01,04,LAJOYA_3_LJOYA1GNODE,LAJOYA_3_LJOYA1GNODE,LAJOYA_3_LJOYA1GNODE,RTPD,MCL,LMP_LOSS_PRC,LAJOYA_3_LJOYA1GNODE,ALL,1,-4.40751,4,4
2022-09-01T11:45:00-00:00,2022-09-01T12:00:00-00:00,2022-09-01,05,LAJOYA_3_LJOYA1GNODE,LAJOYA_3_LJOYA1GNODE,LAJOYA_3_LJOYA1GNODE,RTPD,MCL,LMP_LOSS_PRC,LAJOYA_3_LJOYA1GNODE,ALL,1,0,4,4
2022-09-01T12:45:00-00:00,2022-09-01T13:00:00-00:00,2022-09-01,06,LAJOYA_3_LJOYA1GNODE,LAJOYA_3_LJOYA1GNODE,LAJOYA_3_LJOYA1GNODE,RTPD,MCL,LMP_LOSS_PRC,LAJOYA_3_LJOYA1GNODE,ALL,1,0,4,4
2022-09-01T13:45:00-00:00,2022-09-01T14:00:00-00:00,2022-09-01,07,LAJOYA_3_LJOYA1GNODE,LAJOYA_3_LJOYA1GNODE,LAJOYA_3_LJOYA1GNODE,RTPD,MCL,LMP_LOSS_PRC,LAJOYA_3_LJOYA1GNODE,ALL,1,0,4,4
2022-09-01T14:45:00-00:00,2022-09-01T15:00:00-00:00,2022-09-01,08,LAJOYA_3_LJOYA1GNODE,LAJOYA_3_LJOYA1GNODE,LAJOYA_3_LJOYA1GNODE,RTPD,MCL,LMP_LOSS_PRC,LAJOYA_3_LJOYA1GNODE,ALL,1,0,4,4
2022-09-01T15:45:00-00:00,2022-09-01T16:00:00-00:00,2022-09-01,09,LAJOYA_3_LJOYA1GNODE,LAJOYA_3_LJOYA1GNODE,LAJOYA_3_LJOYA1GNODE,RTPD,MCL,LMP_LOSS_PRC,LAJOYA_3_LJOYA1GNODE,ALL,1,0,4,4
2022-09-01T16:45:00-00:00,2022-09-01T17:00:00-00:00,2022-09-01,10,LAJOYA_3_LJOYA1GNODE,LAJOYA_3_LJOYA1GNODE,LAJOYA_3_LJOYA1GNODE,RTPD,MCL,LMP_LOSS_PRC,LAJOYA_3_LJOYA1GNODE,ALL,1,0,4,4
2022-09-01T17:45:00-00:00,2022-09-01T18:00:00-00:00,2022-09-01,11,LAJOYA_3_LJOYA1GNODE,LAJOYA_3_LJOYA1GNODE,LAJOYA_3_LJOYA1GNODE,RTPD,MCL,LMP_LOSS_PRC,LAJOYA_3_LJOYA1GNODE,ALL,1,0,4,4
2022-09-01T18:45:00-00:00,2022-09-01T19:00:00-00:00,2022-09-01,12,LAJOYA_3_LJOYA1GNODE,LAJOYA_3_LJOYA1GNODE,LAJOYA_3_LJOYA1GNODE,RTPD,MCL,LMP_LOSS_PRC,LAJOYA_3_LJOYA1GNODE,ALL,1,0,4,4
2022-09-01T19:45:00-00:00,2022-09-01T20:00:00-00:00,2022-09-01,13,LAJOYA_3_LJOYA1GNODE,LAJOYA_3_LJOYA1GNODE,LAJOYA_3_LJOYA1GNODE,RTPD,MCL,LMP_LOSS_PRC,LAJOYA_3_LJOYA1GNODE,ALL,1,0,4,4
2022-09-01T20:45:00-00:00,2022-09-01T21:00:00-00:00,2022-09-01,14,LAJOYA_3_LJOYA1GNODE,LAJOYA_3_LJOYA1GNODE,LAJOYA_3_LJOYA1GNODE,RTPD,MCL,LMP_LOSS_PRC,LAJOYA_3_LJOYA1GNODE,ALL,1,0,4,4
2022-09-01T21:45:00-00:00,2022-09-01T22:00:00-00:00,2022-09-01,15,LAJOYA_3_LJOYA1GNODE,LAJOYA_3_LJOYA1GNODE,LAJOYA_3_LJOYA1GNODE,RTPD,MCL,LMP_LOSS_PRC,LAJOYA_3_LJOYA1GNODE,ALL,1,0,4,4
2022-09-01T22:45:00-00:00,2022-09-01T23:00:00-00:00,2022-09-01,16,LAJOYA_3_LJOYA1GNODE,LAJOYA_3_LJOYA1GNODE,LAJOYA_3_LJOYA1GNODE,RTPD,MCL,LMP_LOSS_PRC,LAJOYA_3_LJOYA1GNODE,ALL,1,0,4,4
2022-09-01T23:45:00-00:00,2022-09-02T00:00:00-00:00,2022-09-01,17,LAJOYA_3_LJOYA1GNODE,LAJOYA_3_LJOYA1GNODE,LAJOYA_3_LJOYA1GNODE,RTPD,MCL,LMP_LOSS_PRC,LAJOYA_3_LJOYA1GNODE,ALL,1,0,4,4
2022-09-02T00:45:00-00:00,2022-09-02T01:00:00-00:00,2022-09-01,18,LAJOYA_3_LJOYA1GNODE,LAJOYA_3_LJOYA1GNODE,LAJOYA_3_LJOYA1GNODE,RTPD,MCL,LMP_LOSS_PRC,LAJOYA_3_LJOYA1GNODE,ALL,1,0,4,4
2022-09-02T01:45:00-00:00,2022-09-02T02:00:00-00:00,2022-09-01,19,LAJOYA_3_LJOYA1GNODE,LAJOYA_3_LJOYA1GNODE,LAJOYA_3_LJOYA1GNODE,RTPD,MCL,LMP_LOSS_PRC,LAJOYA_3_LJOYA1GNODE,ALL,1,0,4,4
2022-09-02T02:45:00-00:00,2022-09-02T03:00:00-00:00,2022-09-01,20,LAJOYA_3_LJOYA1GNODE,LAJOYA_3_LJOYA1GNODE,LAJOYA_3_LJOYA1GNODE,RTPD,MCL,LMP_LOSS_PRC,LAJOYA_3_LJOYA1GNODE,ALL,1,-212.19226,4,4
2022-09-02T03:45:00-00:00,2022-09-02T04:00:00-00:00,2022-09-01,21,LAJOYA_3_LJOYA1GNODE,LAJOYA_3_LJOYA1GNODE,LAJOYA_3_LJOYA1GNODE,RTPD,MCL,LMP_LOSS_PRC,LAJOYA_3_LJOYA1GNODE,ALL,1,-15.27274,4,4
2022-09-02T04:45:00-00:00,2022-09-02T05:00:00-00:00,2022-09-01,22,LAJOYA_3_LJOYA1GNODE,LAJOYA_3_LJOYA1GNODE,LAJOYA_3_LJOYA1GNODE,RTPD,MCL,LMP_LOSS_PRC,LAJOYA_3_LJOYA1GNODE,ALL,1,-13.47164,4,4
2022-09-02T05:45:00-00:00,2022-09-02T06:00:00-00:00,2022-09-01,23,LAJOYA_3_LJOYA1GNODE,LAJOYA_3_LJOYA1GNODE,LAJOYA_3_LJOYA1GNODE,RTPD,MCL,LMP_LOSS_PRC,LAJOYA_3_LJOYA1GNODE,ALL,1,-10.72419,4,4
2022-09-02T06:45:00-00:00,2022-09-02T07:00:00-00:00,2022-09-01,24,LAJOYA_3_LJOYA1GNODE,LAJOYA_3_LJOYA1GNODE,LAJOYA_3_LJOYA1GNODE,RTPD,MCL,LMP_LOSS_PRC,LAJOYA_3_LJOYA1GNODE,ALL,1,-11.80347,4,4
2022-09-01T07:00:00-00:00,2022-09-01T07:15:00-00:00,2022-09-01,01,LAJOYA_3_LJOYA1GNODE,LAJOYA_3_LJOYA1GNODE,LAJOYA_3_LJOYA1GNODE,RTPD,MGHG,LMP_GHG_PRC,LAJOYA_3_LJOYA1GNODE,ALL,1,-11.45,1,5
2022-09-01T08:00:00-00:00,2022-09-01T08:15:00-00:00,2022-09-01,02,LAJOYA_3_LJOYA1GNODE,LAJOYA_3_LJOYA1GNODE,LAJOYA_3_LJOYA1GNODE,RTPD,MGHG,LMP_GHG_PRC,LAJOYA_3_LJOYA1GNODE,ALL,1,-14.13,1,5
2022-09-01T09:00:00-00:00,2022-09-01T09:15:00-00:00,2022-09-01,03,LAJOYA_3_LJOYA1GNODE,LAJOYA_3_LJOYA1GNODE,LAJOYA_3_LJOYA1GNODE,RTPD,MGHG,LMP_GHG_PRC,LAJOYA_3_LJOYA1GNODE,ALL,1,-12.17178,1,5
2022-09-01T10:00:00-00:00,2022-09-01T10:15:00-00:00,2022-09-01,04,LAJOYA_3_LJOYA1GNODE,LAJOYA_3_LJOYA1GNODE,LAJOYA_3_LJOYA1GNODE,RTPD,MGHG,LMP_GHG_PRC,LAJOYA_3_LJOYA1GNODE,ALL,1,-13.55,1,5
2022-09-01T11:00:00-00:00,2022-09-01T11:15:00-00:00,2022-09-01,05,LAJOYA_3_LJOYA1GNODE,LAJOYA_3_LJOYA1GNODE,LAJOYA_3_LJOYA1GNODE,RTPD,MGHG,LMP_GHG_PRC,LAJOYA_3_LJOYA1GNODE,ALL,1,-13.55,1,5
2022-09-01T12:00:00-00:00,2022-09-01T12:15:00-00:00,2022-09-01,06,LAJOYA_3_LJOYA1GNODE,LAJOYA_3_LJOYA1GNODE,LAJOYA_3_LJOYA1GNODE,RTPD,MGHG,LMP_GHG_PRC,LAJOYA_3_LJOYA1GNODE,ALL,1,-13.71725,1,5
2022-09-01T13:00:00-00:00,2022-09-01T13:15:00-00:00,2022-09-01,07,LAJOYA_3_LJOYA1GNODE,LAJOYA_3_LJOYA1GNODE,LAJOYA_3_LJOYA1GNODE,RTPD,MGHG,LMP_GHG_PRC,LAJOYA_3_LJOYA1GNODE,ALL,1,-15,1,5
2022-09-01T14:00:00-00:00,2022-09-01T14:15:00-00:00,2022-09-01,08,LAJOYA_3_LJOYA1GNODE,LAJOYA_3_LJOYA1GNODE,LAJOYA_3_LJOYA1GNODE,RTPD,MGHG,LMP_GHG_PRC,LAJOYA_3_LJOYA1GNODE,ALL,1,-15.61,1,5
2022-09-01T15:00:00-00:00,2022-09-01T15:15:00-00:00,2022-09-01,09,LAJOYA_3_LJOYA1GNODE,LAJOYA_3_LJOYA1GNODE,LAJOYA_3_LJOYA1GNODE,RTPD,MGHG,LMP_GHG_PRC,LAJOYA_3_LJOYA1GNODE,ALL,1,-12.7,1,5
2022-09-01T16:00:00-00:00,2022-09-01T16:15:00-00:00,2022-09-01,10,LAJOYA_3_LJOYA1GNODE,LAJOYA_3_LJOYA1GNODE,LAJOYA_3_LJOYA1GNODE,RTPD,MGHG,LMP_GHG_PRC,LAJOYA_3_LJOYA1GNODE,ALL,1,-14.1,1,5
2022-09-01T17:00:00-00:00,2022-09-01T17:15:00-00:00,2022-09-01,11,LAJOYA_3_LJOYA1GNODE,LAJOYA_3_LJOYA1GNODE,LAJOYA_3_LJOYA1GNODE,RTPD,MGHG,LMP_GHG_PRC,LAJOYA_3_LJOYA1GNODE,ALL,1,-11.63,1,5
2022-09-01T18:00:00-00:00,2022-09-01T18:15:00-00:00,2022-09-01,12,LAJOYA_3_LJOYA1GNODE,LAJOYA_3_LJOYA1GNODE,LAJOYA_3_LJOYA1GNODE,RTPD,MGHG,LMP_GHG_PRC,LAJOYA_3_LJOYA1GNODE,ALL,1,-13.98,1,5
2022-09-01T19:00:00-00:00,2022-09-01T19:15:00-00:00,2022-09-01,13,LAJOYA_3_LJOYA1GNODE,LAJOYA_3_LJOYA1GNODE,LAJOYA_3_LJOYA1GNODE,RTPD,MGHG,LMP_GHG_PRC,LAJOYA_3_LJOYA1GNODE,ALL,1,-14.15,1,5
2022-09-01T20:00:00-00:00,2022-09-01T20:15:00-00:00,2022-09-01,14,LAJOYA_3_LJOYA1GNODE,LAJOYA_3_LJOYA1GNODE,LAJOYA_3_LJOYA1GNODE,RTPD,MGHG,LMP_GHG_PRC,LAJOYA_3_LJOYA1GNODE,ALL,1,-26.16,1,5
2022-09-01T21:00:00-00:00,2022-09-01T21:15:00-00:00,2022-09-01,15,LAJOYA_3_LJOYA1GNODE,LAJOYA_3_LJOYA1GNODE,LAJOYA_3_LJOYA1GNODE,RTPD,MGHG,LMP_GHG_PRC,LAJOYA_3_LJOYA1GNODE,ALL,1,-15,1,5
2022-09-01T22:00:00-00:00,2022-09-01T22:15:00-00:00,2022-09-01,16,LAJOYA_3_LJOYA1GNODE,LAJOYA_3_LJOYA1GNODE,LAJOYA_3_LJOYA1GNODE,RTPD,MGHG,LMP_GHG_PRC,LAJOYA_3_LJOYA1GNODE,ALL,1,-17.36,1,5
2022-09-01T23:00:00-00:00,2022-09-01T23:15:00-00:00,2022-09-01,17,LAJOYA_3_LJOYA1GNODE,LAJOYA_3_LJOYA1GNODE,LAJOYA_3_LJOYA1GNODE,RTPD,MGHG,LMP_GHG_PRC,LAJOYA_3_LJOYA1GNODE,ALL,1,-26.16,1,5
2022-09-02T00:00:00-00:00,2022-09-02T00:15:00-00:00,2022-09-01,18,LAJOYA_3_LJOYA1GNODE,LAJOYA_3_LJOYA1GNODE,LAJOYA_3_LJOYA1GNODE,RTPD,MGHG,LMP_GHG_PRC,LAJOYA_3_LJOYA1GNODE,ALL,1,-28.21,1,5
2022-09-02T01:00:00-00:00,2022-09-02T01:15:00-00:00,2022-09-01,19,LAJOYA_3_LJOYA1GNODE,LAJOYA_3_LJOYA1GNODE,LAJOYA_3_LJOYA1GNODE,RTPD,MGHG,LMP_GHG_PRC,LAJOYA_3_LJOYA1GNODE,ALL,1,-24.91,1,5
2022-09-02T02:00:00-00:00,2022-09-02T02:15:00-00:00,2022-09-01,20,LAJOYA_3_LJOYA1GNODE,LAJOYA_3_LJOYA1GNODE,LAJOYA_3_LJOYA1GNODE,RTPD,MGHG,LMP_GHG_PRC,LAJOYA_3_LJOYA1GNODE,ALL,1,-15.61,1,5
2022-09-02T03:00:00-00:00,2022-09-02T03:15:00-00:00,2022-09-01,21,LAJOYA_3_LJOYA1GNODE,LAJOYA_3_LJOYA1GNODE,LAJOYA_3_LJOYA1GNODE,RTPD,MGHG,LMP_GHG_PRC,LAJOYA_3_LJOYA1GNODE,ALL,1,-11.89,1,5
2022-09-02T04:00:00-00:00,2022-09-02T04:15:00-00:00,2022-09-01,22,LAJOYA_3_LJOYA1GNODE,LAJOYA_3_LJOYA1GNODE,LAJOYA_3_LJOYA1GNODE,RTPD,MGHG,LMP_GHG_PRC,LAJOYA_3_LJOYA1GNODE,ALL,1,-14.75,1,5
2022-09-02T05:00:00-00:00,2022-09-02T05:15:00-00:00,2022-09-01,23,LAJOYA_3_LJOYA1GNODE,LAJOYA_3_LJOYA1GNODE,LAJOYA_3_LJOYA1GNODE,RTPD,MGHG,LMP_GHG_PRC,LAJOYA_3_LJOYA1GNODE,ALL,1,-9.52,1,5
2022-09-02T06:00:00-00:00,2022-09-02T06:15:00-00:00,2022-09-01,24,LAJOYA_3_LJOYA1GNODE,LAJOYA_3_LJOYA1GNODE,LAJOYA_3_LJOYA1GNODE,RTPD,MGHG,LMP_GHG_PRC,LAJOYA_3_LJOYA1GNODE,ALL,1,-11.63,1,5
2022-09-01T07:15:00-00:00,2022-09-01T07:30:00-00:00,2022-09-01,01,LAJOYA_3_LJOYA1GNODE,LAJOYA_3_LJOYA1GNODE,LAJOYA_3_LJOYA1GNODE,RTPD,MGHG,LMP_GHG_PRC,LAJOYA_3_LJOYA1GNODE,ALL,1,-13.76,2,5
2022-09-01T08:15:00-00:00,2022-09-01T08:30:00-00:00,2022-09-01,02,LAJOYA_3_LJOYA1GNODE,LAJOYA_3_LJOYA1GNODE,LAJOYA_3_LJOYA1GNODE,RTPD,MGHG,LMP_GHG_PRC,LAJOYA_3_LJOYA1GNODE,ALL,1,-14.75,2,5
2022-09-01T09:15:00-00:00,2022-09-01T09:30:00-00:00,2022-09-01,03,LAJOYA_3_LJOYA1GNODE,LAJOYA_3_LJOYA1GNODE,LAJOYA_3_LJOYA1GNODE,RTPD,MGHG,LMP_GHG_PRC,LAJOYA_3_LJOYA1GNODE,ALL,1,-12.19,2,5
2022-09-01T10:15:00-00:00,2022-09-01T10:30:00-00:00,2022-09-01,04,LAJOYA_3_LJOYA1GNODE,LAJOYA_3_LJOYA1GNODE,LAJOYA_3_LJOYA1GNODE,RTPD,MGHG,LMP_GHG_PRC,LAJOYA_3_LJOYA1GNODE,ALL,1,-13.98,2,5
2022-09-01T11:15:00-00:00,2022-09-01T11:30:00-00:00,2022-09-01,05,LAJOYA_3_LJOYA1GNODE,LAJOYA_3_LJOYA1GNODE,LAJOYA_3_LJOYA1GNODE,RTPD,MGHG,LMP_GHG_PRC,LAJOYA_3_LJOYA1GNODE,ALL,1,-13.98,2,5
2022-09-01T12:15:00-00:00,2022-09-01T12:30:00-00:00,2022-09-01,06,LAJOYA_3_LJOYA1GNODE,LAJOYA_3_LJOYA1GNODE,LAJOYA_3_LJOYA1GNODE,RTPD,MGHG,LMP_GHG_PRC,LAJOYA_3_LJOYA1GNODE,ALL,1,-14.79,2,5
2022-09-01T13:15:00-00:00,2022-09-01T13:30:00-00:00,2022-09-01,07,LAJOYA_3_LJOYA1GNODE,LAJOYA_3_LJOYA1GNODE,LAJOYA_3_LJOYA1GNODE,RTPD,MGHG,LMP_GHG_PRC,LAJOYA_3_LJOYA1GNODE,ALL,1,-15,2,5
2022-09-01T14:15:00-00:00,2022-09-01T14:30:00-00:00,2022-09-01,08,LAJOYA_3_LJOYA1GNODE,LAJOYA_3_LJOYA1GNODE,LAJOYA_3_LJOYA1GNODE,RTPD,MGHG,LMP_GHG_PRC,LAJOYA_3_LJOYA1GNODE,ALL,1,-14.22559,2,5
2022-09-01T15:15:00-00:00,2022-09-01T15:30:00-00:00,2022-09-01,09,LAJOYA_3_LJOYA1GNODE,LAJOYA_3_LJOYA1GNODE,LAJOYA_3_LJOYA1GNODE,RTPD,MGHG,LMP_GHG_PRC,LAJOYA_3_LJOYA1GNODE,ALL,1,-12.7,2,5
2022-09-01T16:15:00-00:00,2022-09-01T16:30:00-00:00,2022-09-01,10,LAJOYA_3_LJOYA1GNODE,LAJOYA_3_LJOYA1GNODE,LAJOYA_3_LJOYA1GNODE,RTPD,MGHG,LMP_GHG_PRC,LAJOYA_3_LJOYA1GNODE,ALL,1,-13.34161,2,5
2022-09-01T17:15:00-00:00,2022-09-01T17:30:00-00:00,2022-09-01,11,LAJOYA_3_LJOYA1GNODE,LAJOYA_3_LJOYA1GNODE,LAJOYA_3_LJOYA1GNODE,RTPD,MGHG,LMP_GHG_PRC,LAJOYA_3_LJOYA1GNODE,ALL,1,-11.89,2,5
2022-09-01T18:15:00-00:00,2022-09-01T18:30:00-00:00,2022-09-01,12,LAJOYA_3_LJOYA1GNODE,LAJOYA_3_LJOYA1GNODE,LAJOYA_3_LJOYA1GNODE,RTPD,MGHG,LMP_GHG_PRC,LAJOYA_3_LJOYA1GNODE,ALL,1,-14.79,2,5
2022-09-01T19:15:00-00:00,2022-09-01T19:30:00-00:00,2022-09-01,13,LAJOYA_3_LJOYA1GNODE,LAJOYA_3_LJOYA1GNODE,LAJOYA_3_LJOYA1GNODE,RTPD,MGHG,LMP_GHG_PRC,LAJOYA_3_LJOYA1GNODE,ALL,1,-14.79,2,5
2022-09-01T20:15:00-00:00,2022-09-01T20:30:00-00:00,2022-09-01,14,LAJOYA_3_LJOYA1GNODE,LAJOYA_3_LJOYA1GNODE,LAJOYA_3_LJOYA1GNODE,RTPD,MGHG,LMP_GHG_PRC,LAJOYA_3_LJOYA1GNODE,ALL,1,-18.59,2,5
2022-09-01T21:15:00-00:00,2022-09-01T21:30:00-00:00,2022-09-01,15,LAJOYA_3_LJOYA1GNODE,LAJOYA_3_LJOYA1GNODE,LAJOYA_3_LJOYA1GNODE,RTPD,MGHG,LMP_GHG_PRC,LAJOYA_3_LJOYA1GNODE,ALL,1,-15.41,2,5
2022-09-01T22:15:00-00:00,2022-09-01T22:30:00-00:00,2022-09-01,16,LAJOYA_3_LJOYA1GNODE,LAJOYA_3_LJOYA1GNODE,LAJOYA_3_LJOYA1GNODE,RTPD,MGHG,LMP_GHG_PRC,LAJOYA_3_LJOYA1GNODE,ALL,1,-19.44814,2,5
2022-09-01T23:15:00-00:00,2022-09-01T23:30:00-00:00,2022-09-01,17,LAJOYA_3_LJOYA1GNODE,LAJOYA_3_LJOYA1GNODE,LAJOYA_3_LJOYA1GNODE,RTPD,MGHG,LMP_GHG_PRC,LAJOYA_3_LJOYA1GNODE,ALL,1,-26.16,2,5
2022-09-02T00:15:00-00:00,2022-09-02T00:30:00-00:00,2022-09-01,18,LAJOYA_3_LJOYA1GNODE,LAJOYA_3_LJOYA1GNODE,LAJOYA_3_LJOYA1GNODE,RTPD,MGHG,LMP_GHG_PRC,LAJOYA_3_LJOYA1GNODE,ALL,1,-24.91,2,5
2022-09-02T01:15:00-00:00,2022-09-02T01:30:00-00:00,2022-09-01,19,LAJOYA_3_LJOYA1GNODE,LAJOYA_3_LJOYA1GNODE,LAJOYA_3_LJOYA1GNODE,RTPD,MGHG,LMP_GHG_PRC,LAJOYA_3_LJOYA1GNODE,ALL,1,-18.59,2,5
2022-09-02T02:15:00-00:00,2022-09-02T02:30:00-00:00,2022-09-01,20,LAJOYA_3_LJOYA1GNODE,LAJOYA_3_LJOYA1GNODE,LAJOYA_3_LJOYA1GNODE,RTPD,MGHG,LMP_GHG_PRC,LAJOYA_3_LJOYA1GNODE,ALL,1,-17.16,2,5
2022-09-02T03:15:00-00:00,2022-09-02T03:30:00-00:00,2022-09-01,21,LAJOYA_3_LJOYA1GNODE,LAJOYA_3_LJOYA1GNODE,LAJOYA_3_LJOYA1GNODE,RTPD,MGHG,LMP_GHG_PRC,LAJOYA_3_LJOYA1GNODE,ALL,1,-14.79,2,5
2022-09-02T04:15:00-00:00,2022-09-02T04:30:00-00:00,2022-09-01,22,LAJOYA_3_LJOYA1GNODE,LAJOYA_3_LJOYA1GNODE,LAJOYA_3_LJOYA1GNODE,RTPD,MGHG,LMP_GHG_PRC,LAJOYA_3_LJOYA1GNODE,ALL,1,-14.79,2,5
2022-09-02T05:15:00-00:00,2022-09-02T05:30:00-00:00,2022-09-01,23,LAJOYA_3_LJOYA1GNODE,LAJOYA_3_LJOYA1GNODE,LAJOYA_3_LJOYA1GNODE,RTPD,MGHG,LMP_GHG_PRC,LAJOYA_3_LJOYA1GNODE,ALL,1,-11.89,2,5
2022-09-02T06:15:00-00:00,2022-09-02T06:30:00-00:00,2022-09-01,24,LAJOYA_3_LJOYA1GNODE,LAJOYA_3_LJOYA1GNODE,LAJOYA_3_LJOYA1GNODE,RTPD,MGHG,LMP_GHG_PRC,LAJOYA_3_LJOYA1GNODE,ALL,1,-11.13,2,5
2022-09-01T07:30:00-00:00,2022-09-01T07:45:00-00:00,2022-09-01,01,LAJOYA_3_LJOYA1GNODE,LAJOYA_3_LJOYA1GNODE,LAJOYA_3_LJOYA1GNODE,RTPD,MGHG,LMP_GHG_PRC,LAJOYA_3_LJOYA1GNODE,ALL,1,-14.46,3,5
2022-09-01T08:30:00-00:00,2022-09-01T08:45:00-00:00,2022-09-01,02,LAJOYA_3_LJOYA1GNODE,LAJOYA_3_LJOYA1GNODE,LAJOYA_3_LJOYA1GNODE,RTPD,MGHG,LMP_GHG_PRC,LAJOYA_3_LJOYA1GNODE,ALL,1,-14.79,3,5
2022-09-01T09:30:00-00:00,2022-09-01T09:45:00-00:00,2022-09-01,03,LAJOYA_3_LJOYA1GNODE,LAJOYA_3_LJOYA1GNODE,LAJOYA_3_LJOYA1GNODE,RTPD,MGHG,LMP_GHG_PRC,LAJOYA_3_LJOYA1GNODE,ALL,1,-12.97,3,5
2022-09-01T10:30:00-00:00,2022-09-01T10:45:00-00:00,2022-09-01,04,LAJOYA_3_LJOYA1GNODE,LAJOYA_3_LJOYA1GNODE,LAJOYA_3_LJOYA1GNODE,RTPD,MGHG,LMP_GHG_PRC,LAJOYA_3_LJOYA1GNODE,ALL,1,-13.98,3,5
2022-09-01T11:30:00-00:00,2022-09-01T11:45:00-00:00,2022-09-01,05,LAJOYA_3_LJOYA1GNODE,LAJOYA_3_LJOYA1GNODE,LAJOYA_3_LJOYA1GNODE,RTPD,MGHG,LMP_GHG_PRC,LAJOYA_3_LJOYA1GNODE,ALL,1,-14.53398,3,5
2022-09-01T12:30:00-00:00,2022-09-01T12:45:00-00:00,2022-09-01,06,LAJOYA_3_LJOYA1GNODE,LAJOYA_3_LJOYA1GNODE,LAJOYA_3_LJOYA1GNODE,RTPD,MGHG,LMP_GHG_PRC,LAJOYA_3_LJOYA1GNODE,ALL,1,-14.79,3,5
2022-09-01T13:30:00-00:00,2022-09-01T13:45:00-00:00,2022-09-01,07,LAJOYA_3_LJOYA1GNODE,LAJOYA_3_LJOYA1GNODE,LAJOYA_3_LJOYA1GNODE,RTPD,MGHG,LMP_GHG_PRC,LAJOYA_3_LJOYA1GNODE,ALL,1,-15.84217,3,5
2022-09-01T14:30:00-00:00,2022-09-01T14:45:00-00:00,2022-09-01,08,LAJOYA_3_LJOYA1GNODE,LAJOYA_3_LJOYA1GNODE,LAJOYA_3_LJOYA1GNODE,RTPD,MGHG,LMP_GHG_PRC,LAJOYA_3_LJOYA1GNODE,ALL,1,-12.7,3,5
2022-09-01T15:30:00-00:00,2022-09-01T15:45:00-00:00,2022-09-01,09,LAJOYA_3_LJOYA1GNODE,LAJOYA_3_LJOYA1GNODE,LAJOYA_3_LJOYA1GNODE,RTPD,MGHG,LMP_GHG_PRC,LAJOYA_3_LJOYA1GNODE,ALL,1,-12.05,3,5
2022-09-01T16:30:00-00:00,2022-09-01T16:45:00-00:00,2022-09-01,10,LAJOYA_3_LJOYA1GNODE,LAJOYA_3_LJOYA1GNODE,LAJOYA_3_LJOYA1GNODE,RTPD,MGHG,LMP_GHG_PRC,LAJOYA_3_LJOYA1GNODE,ALL,1,-11.13,3,5
2022-09-01T17:30:00-00:00,2022-09-01T17:45:00-00:00,2022-09-01,11,LAJOYA_3_LJOYA1GNODE,LAJOYA_3_LJOYA1GNODE,LAJOYA_3_LJOYA1GNODE,RTPD,MGHG,LMP_GHG_PRC,LAJOYA_3_LJOYA1GNODE,ALL,1,-11.63,3,5
2022-09-01T18:30:00-00:00,2022-09-01T18:45:00-00:00,2022-09-01,12,LAJOYA_3_LJOYA1GNODE,LAJOYA_3_LJOYA1GNODE,LAJOYA_3_LJOYA1GNODE,RTPD,MGHG,LMP_GHG_PRC,LAJOYA_3_LJOYA1GNODE,ALL,1,-14.37982,3,5
2022-09-01T19:30:00-00:00,2022-09-01T19:45:00-00:00,2022-09-01,13,LAJOYA_3_LJOYA1GNODE,LAJOYA_3_LJOYA1GNODE,LAJOYA_3_LJOYA1GNODE,RTPD,MGHG,LMP_GHG_PRC,LAJOYA_3_LJOYA1GNODE,ALL,1,-14.79,3,5
2022-09-01T20:30:00-00:00,2022-09-01T20:45:00-00:00,2022-09-01,14,LAJOYA_3_LJOYA1GNODE,LAJOYA_3_LJOYA1GNODE,LAJOYA_3_LJOYA1GNODE,RTPD,MGHG,LMP_GHG_PRC,LAJOYA_3_LJOYA1GNODE,ALL,1,-19.37,3,5
2022-09-01T21:30:00-00:00,2022-09-01T21:45:00-00:00,2022-09-01,15,LAJOYA_3_LJOYA1GNODE,LAJOYA_3_LJOYA1GNODE,LAJOYA_3_LJOYA1GNODE,RTPD,MGHG,LMP_GHG_PRC,LAJOYA_3_LJOYA1GNODE,ALL,1,-14.79,3,5
2022-09-01T22:30:00-00:00,2022-09-01T22:45:00-00:00,2022-09-01,16,LAJOYA_3_LJOYA1GNODE,LAJOYA_3_LJOYA1GNODE,LAJOYA_3_LJOYA1GNODE,RTPD,MGHG,LMP_GHG_PRC,LAJOYA_3_LJOYA1GNODE,ALL,1,-17.77,3,5
2022-09-01T23:30:00-00:00,2022-09-01T23:45:00-00:00,2022-09-01,17,LAJOYA_3_LJOYA1GNODE,LAJOYA_3_LJOYA1GNODE,LAJOYA_3_LJOYA1GNODE,RTPD,MGHG,LMP_GHG_PRC,LAJOYA_3_LJOYA1GNODE,ALL,1,-26.16,3,5
2022-09-02T00:30:00-00:00,2022-09-02T00:45:00-00:00,2022-09-01,18,LAJOYA_3_LJOYA1GNODE,LAJOYA_3_LJOYA1GNODE,LAJOYA_3_LJOYA1GNODE,RTPD,MGHG,LMP_GHG_PRC,LAJOYA_3_LJOYA1GNODE,ALL,1,-29.51,3,5
2022-09-02T01:30:00-00:00,2022-09-02T01:45:00-00:00,2022-09-01,19,LAJOYA_3_LJOYA1GNODE,LAJOYA_3_LJOYA1GNODE,LAJOYA_3_LJOYA1GNODE,RTPD,MGHG,LMP_GHG_PRC,LAJOYA_3_LJOYA1GNODE,ALL,1,-18.59,3,5
2022-09-02T02:30:00-00:00,2022-09-02T02:45:00-00:00,2022-09-01,20,LAJOYA_3_LJOYA1GNODE,LAJOYA_3_LJOYA1GNODE,LAJOYA_3_LJOYA1GNODE,RTPD,MGHG,LMP_GHG_PRC,LAJOYA_3_LJOYA1GNODE,ALL,1,-25.88,3,5
2022-09-02T03:30:00-00:00,2022-09-02T03:45:00-00:00,2022-09-01,21,LAJOYA_3_LJOYA1GNODE,LAJOYA_3_LJOYA1GNODE,LAJOYA_3_LJOYA1GNODE,RTPD,MGHG,LMP_GHG_PRC,LAJOYA_3_LJOYA1GNODE,ALL,1,-14.79,3,5
2022-09-02T04:30:00-00:00,2022-09-02T04:45:00-00:00,2022-09-01,22,LAJOYA_3_LJOYA1GNODE,LAJOYA_3_LJOYA1GNODE,LAJOYA_3_LJOYA1GNODE,RTPD,MGHG,LMP_GHG_PRC,LAJOYA_3_LJOYA1GNODE,ALL,1,-15.61,3,5
2022-09-02T05:30:00-00:00,2022-09-02T05:45:00-00:00,2022-09-01,23,LAJOYA_3_LJOYA1GNODE,LAJOYA_3_LJOYA1GNODE,LAJOYA_3_LJOYA1GNODE,RTPD,MGHG,LMP_GHG_PRC,LAJOYA_3_LJOYA1GNODE,ALL,1,-14.79,3,5
2022-09-02T06:30:00-00:00,2022-09-02T06:45:00-00:00,2022-09-01,24,LAJOYA_3_LJOYA1GNODE,LAJOYA_3_LJOYA1GNODE,LAJOYA_3_LJOYA1GNODE,RTPD,MGHG,LMP_GHG_PRC,LAJOYA_3_LJOYA1GNODE,ALL,1,-14.79,3,5
2022-09-01T07:45:00-00:00,2022-09-01T08:00:00-00:00,2022-09-01,01,LAJOYA_3_LJOYA1GNODE,LAJOYA_3_LJOYA1GNODE,LAJOYA_3_LJOYA1GNODE,RTPD,MGHG,LMP_GHG_PRC,LAJOYA_3_LJOYA1GNODE,ALL,1,-14,4,5
2022-09-01T08:45:00-00:00,2022-09-01T09:00:00-00:00,2022-09-01,02,LAJOYA_3_LJOYA1GNODE,LAJOYA_3_LJOYA1GNODE,LAJOYA_3_LJOYA1GNODE,RTPD,MGHG,LMP_GHG_PRC,LAJOYA_3_LJOYA1GNODE,ALL,1,-14.79,4,5
2022-09-01T09:45:00-00:00,2022-09-01T10:00:00-00:00,2022-09-01,03,LAJOYA_3_LJOYA1GNODE,LAJOYA_3_LJOYA1GNODE,LAJOYA_3_LJOYA1GNODE,RTPD,MGHG,LMP_GHG_PRC,LAJOYA_3_LJOYA1GNODE,ALL,1,-12.97,4,5
2022-09-01T10:45:00-00:00,2022-09-01T11:00:00-00:00,2022-09-01,04,LAJOYA_3_LJOYA1GNODE,LAJOYA_3_LJOYA1GNODE,LAJOYA_3_LJOYA1GNODE,RTPD,MGHG,LMP_GHG_PRC,LAJOYA_3_LJOYA1GNODE,ALL,1,-13.55,4,5
2022-09-01T11:45:00-00:00,2022-09-01T12:00:00-00:00,2022-09-01,05,LAJOYA_3_LJOYA1GNODE,LAJOYA_3_LJOYA1GNODE,LAJOYA_3_LJOYA1GNODE,RTPD,MGHG,LMP_GHG_PRC,LAJOYA_3_LJOYA1GNODE,ALL,1,-14.79,4,5
2022-09-01T12:45:00-00:00,2022-09-01T13:00:00-00:00,2022-09-01,06,LAJOYA_3_LJOYA1GNODE,LAJOYA_3_LJOYA1GNODE,LAJOYA_3_LJOYA1GNODE,RTPD,MGHG,LMP_GHG_PRC,LAJOYA_3_LJOYA1GNODE,ALL,1,-14.79,4,5
2022-09-01T13:45:00-00:00,2022-09-01T14:00:00-00:00,2022-09-01,07,LAJOYA_3_LJOYA1GNODE,LAJOYA_3_LJOYA1GNODE,LAJOYA_3_LJOYA1GNODE,RTPD,MGHG,LMP_GHG_PRC,LAJOYA_3_LJOYA1GNODE,ALL,1,-14.79,4,5
2022-09-01T14:45:00-00:00,2022-09-01T15:00:00-00:00,2022-09-01,08,LAJOYA_3_LJOYA1GNODE,LAJOYA_3_LJOYA1GNODE,LAJOYA_3_LJOYA1GNODE,RTPD,MGHG,LMP_GHG_PRC,LAJOYA_3_LJOYA1GNODE,ALL,1,-8.84,4,5
2022-09-01T15:45:00-00:00,2022-09-01T16:00:00-00:00,2022-09-01,09,LAJOYA_3_LJOYA1GNODE,LAJOYA_3_LJOYA1GNODE,LAJOYA_3_LJOYA1GNODE,RTPD,MGHG,LMP_GHG_PRC,LAJOYA_3_LJOYA1GNODE,ALL,1,-12.05,4,5
2022-09-01T16:45:00-00:00,2022-09-01T17:00:00-00:00,2022-09-01,10,LAJOYA_3_LJOYA1GNODE,LAJOYA_3_LJOYA1GNODE,LAJOYA_3_LJOYA1GNODE,RTPD,MGHG,LMP_GHG_PRC,LAJOYA_3_LJOYA1GNODE,ALL,1,-10.94,4,5
2022-09-01T17:45:00-00:00,2022-09-01T18:00:00-00:00,2022-09-01,11,LAJOYA_3_LJOYA1GNODE,LAJOYA_3_LJOYA1GNODE,LAJOYA_3_LJOYA1GNODE,RTPD,MGHG,LMP_GHG_PRC,LAJOYA_3_LJOYA1GNODE,ALL,1,-12.32178,4,5
2022-09-01T18:45:00-00:00,2022-09-01T19:00:00-00:00,2022-09-01,12,LAJOYA_3_LJOYA1GNODE,LAJOYA_3_LJOYA1GNODE,LAJOYA_3_LJOYA1GNODE,RTPD,MGHG,LMP_GHG_PRC,LAJOYA_3_LJOYA1GNODE,ALL,1,-13.98,4,5
2022-09-01T19:45:00-00:00,2022-09-01T20:00:00-00:00,2022-09-01,13,LAJOYA_3_LJOYA1GNODE,LAJOYA_3_LJOYA1GNODE,LAJOYA_3_LJOYA1GNODE,RTPD,MGHG,LMP_GHG_PRC,LAJOYA_3_LJOYA1GNODE,ALL,1,-15.37,4,5
2022-09-01T20:45:00-00:00,2022-09-01T21:00:00-00:00,2022-09-01,14,LAJOYA_3_LJOYA1GNODE,LAJOYA_3_LJOYA1GNODE,LAJOYA_3_LJOYA1GNODE,RTPD,MGHG,LMP_GHG_PRC,LAJOYA_3_LJOYA1GNODE,ALL,1,-15.61,4,5
2022-09-01T21:45:00-00:00,2022-09-01T22:00:00-00:00,2022-09-01,15,LAJOYA_3_LJOYA1GNODE,LAJOYA_3_LJOYA1GNODE,LAJOYA_3_LJOYA1GNODE,RTPD,MGHG,LMP_GHG_PRC,LAJOYA_3_LJOYA1GNODE,ALL,1,-14.79,4,5
2022-09-01T22:45:00-00:00,2022-09-01T23:00:00-00:00,2022-09-01,16,LAJOYA_3_LJOYA1GNODE,LAJOYA_3_LJOYA1GNODE,LAJOYA_3_LJOYA1GNODE,RTPD,MGHG,LMP_GHG_PRC,LAJOYA_3_LJOYA1GNODE,ALL,1,-17.16,4,5
2022-09-01T23:45:00-00:00,2022-09-02T00:00:00-00:00,2022-09-01,17,LAJOYA_3_LJOYA1GNODE,LAJOYA_3_LJOYA1GNODE,LAJOYA_3_LJOYA1GNODE,RTPD,MGHG,LMP_GHG_PRC,LAJOYA_3_LJOYA1GNODE,ALL,1,-28.33,4,5
2022-09-02T00:45:00-00:00,2022-09-02T01:00:00-00:00,2022-09-01,18,LAJOYA_3_LJOYA1GNODE,LAJOYA_3_LJOYA1GNODE,LAJOYA_3_LJOYA1GNODE,RTPD,MGHG,LMP_GHG_PRC,LAJOYA_3_LJOYA1GNODE,ALL,1,-29.51,4,5
2022-09-02T01:45:00-00:00,2022-09-02T02:00:00-00:00,2022-09-01,19,LAJOYA_3_LJOYA1GNODE,LAJOYA_3_LJOYA1GNODE,LAJOYA_3_LJOYA1GNODE,RTPD,MGHG,LMP_GHG_PRC,LAJOYA_3_LJOYA1GNODE,ALL,1,-15.61,4,5
2022-09-02T02:45:00-00:00,2022-09-02T03:00:00-00:00,2022-09-01,20,LAJOYA_3_LJOYA1GNODE,LAJOYA_3_LJOYA1GNODE,LAJOYA_3_LJOYA1GNODE,RTPD,MGHG,LMP_GHG_PRC,LAJOYA_3_LJOYA1GNODE,ALL,1,-30.58,4,5
2022-09-02T03:45:00-00:00,2022-09-02T04:00:00-00:00,2022-09-01,21,LAJOYA_3_LJOYA1GNODE,LAJOYA_3_LJOYA1GNODE,LAJOYA_3_LJOYA1GNODE,RTPD,MGHG,LMP_GHG_PRC,LAJOYA_3_LJOYA1GNODE,ALL,1,-16.46,4,5
2022-09-02T04:45:00-00:00,2022-09-02T05:00:00-00:00,2022-09-01,22,LAJOYA_3_LJOYA1GNODE,LAJOYA_3_LJOYA1GNODE,LAJOYA_3_LJOYA1GNODE,RTPD,MGHG,LMP_GHG_PRC,LAJOYA_3_LJOYA1GNODE,ALL,1,-15.61,4,5
2022-09-02T05:45:00-00:00,2022-09-02T06:00:00-00:00,2022-09-01,23,LAJOYA_3_LJOYA1GNODE,LAJOYA_3_LJOYA1GNODE,LAJOYA_3_LJOYA1GNODE,RTPD,MGHG,LMP_GHG_PRC,LAJOYA_3_LJOYA1GNODE,ALL,1,-14.79,4,5
2022-09-02T06:45:00-00:00,2022-09-02T07:00:00-00:00,2022-09-01,24,LAJOYA_3_LJOYA1GNODE,LAJOYA_3_LJOYA1GNODE,LAJOYA_3_LJOYA1GNODE,RTPD,MGHG,LMP_GHG_PRC,LAJOYA_3_LJOYA1GNODE,ALL,1,-15,4,5
