INTERVALSTARTTIME_GMT,INTERVALENDTIME_GMT,OPR_DT,OPR_HR,NODE_ID_XML,NODE_ID,NODE,MARKET_RUN_ID,LMP_TYPE,XML_DATA_ITEM,PNODE_RESMRID,GRP_TYPE,POS,PRC,OPR_INTERVAL,GROUP
2022-09-01T07:00:00-00:00,2022-09-01T07:15:00-00:00,2022-09-01,01,BDLRKSP2_7_B1,BDLRKSP2_7_B1,BDLRKSP2_7_B1,RTPD,LMP,LMP_PRC,BDLRKSP2_7_B1,ALL,1,208.96255,1,1
2022-09-01T08:00:00-00:00,2022-09-01T08:15:00-00:00,2022-09-01,02,BDLRKSP2_7_B1,BDLRKSP2_7_B1,BDLRKSP2_7_B1,RTPD,LMP,LMP_PRC,BDLRKSP2_7_B1,ALL,1,118.54245,1,1
2022-09-01T09:00:00-00:00,2022-09-01T09:15:00-00:00,2022-09-01,03,BDLRKSP2_7_B1,BDLRKSP2_7_B1,BDLRKSP2_7_B1,RTPD,LMP,LMP_PRC,BDLRKSP2_7_B1,ALL,1,118.11295,1,1
2022-09-01T10:00:00-00:00,2022-09-01T10:15:00-00:00,2022-09-01,04,BDLRKSP2_7_B1,BDLRKSP2_7_B1,BDLRKSP2_7_B1,RTPD,LMP,LMP_PRC,BDLRKSP2_7_B1,ALL,1,116.1581,1,1
2022-09-01T11:00:00-00:00,2022-09-01T11:15:00-00:00,2022-09-01,05,BDLRKSP2_7_B1,BDLRKSP2_7_B1,BDLRKSP2_7_B1,RTPD,LMP,LMP_PRC,BDLRKSP2_7_B1,ALL,1,115.94353,1,1
2022-09-01T12:00:00-00:00,2022-09-01T12:15:00-00:00,2022-09-01,06,BDLRKSP2_7_B1,BDLRKSP2_7_B1,BDLRKSP2_7_B1,RTPD,LMP,LMP_PRC,BDLRKSP2_7_B1,ALL,1,118.65406,1,1
2022-09-01T13:00:00-00:00,2022-09-01T13:15:00-00:00,2022-09-01,07,BDLRKSP2_7_B1,BDLRKSP2_7_B1,BDLRKSP2_7_B1,RTPD,LMP,LMP_PRC,BDLRKSP2_7_B1,ALL,1,114.49169,1,1
2022-09-01T14:00:00-00:00,2022-09-01T14:15:00-00:00,2022-09-01,08,BDLRKSP2_7_B1,BDLRKSP2_7_B1,BDLRKSP2_7_B1,RTPD,LMP,LMP_PRC,BDLRKSP2_7_B1,ALL,1,191.77657,1,1
2022-09-01T15:00:00-00:00,2022-09-01T15:15:00-00:00,2022-09-01,09,BDLRKSP2_7_B1,BDLRKSP2_7_B1,BDLRKSP2_7_B1,RTPD,LMP,LMP_PRC,BDLRKSP2_7_B1,ALL,1,291.83163,1,1
2022-09-01T16:00:00-00:00,2022-09-01T16:15:00-00:00,2022-09-01,10,BDLRKSP2_7_B1,BDLRKSP2_7_B1,BDLRKSP2_7_B1,RTPD,LMP,LMP_PRC,BDLRKSP2_7_B1,ALL,1,225.38998,1,1
2022-09-01T17:00:00-00:00,2022-09-01T17:15:00-00:00,2022-09-01,11,BDLRKSP2_7_B1,BDLRKSP2_7_B1,BDLRKSP2_7_B1,RTPD,LMP,LMP_PRC,BDLRKSP2_7_B1,ALL,1,234.1388,1,1
2022-09-01T18:00:00-00:00,2022-09-01T18:15:00-00:00,2022-09-01,12,BDLRKSP2_7_B1,BDLRKSP2_7_B1,BDLRKSP2_7_B1,RTPD,LMP,LMP_PRC,BDLRKSP2_7_B1,ALL,1,249.58253,1,1
2022-09-01T19:00:00-00:00,2022-09-01T19:15:00-00:00,2022-09-01,13,BDLRKSP2_7_B1,BDLRKSP2_7_B1,BDLRKSP2_7_B1,RTPD,LMP,LMP_PRC,BDLRKSP2_7_B1,ALL,1,53.12424,1,1
2022-09-01T20:00:00-00:00,2022-09-01T20:15:00-00:00,2022-09-01,14,BDLRKSP2_7_B1,BDLRKSP2_7_B1,BDLRKSP2_7_B1,RTPD,LMP,LMP_PRC,BDLRKSP2_7_B1,ALL,1,53.02365,1,1
2022-09-01T21:00:00-00:00,2022-09-01T21:15:00-00:00,2022-09-01,15,BDLRKSP2_7_B1,BDLRKSP2_7_B1,BDLRKSP2_7_B1,RTPD,LMP,LMP_PRC,BDLRKSP2_7_B1,ALL,1,197.56557,1,1
2022-09-01T22:00:00-00:00,2022-09-01T22:15:00-00:00,2022-09-01,16,BDLRKSP2_7_B1,BDLRKSP2_7_B1,BDLRKSP2_7_B1,RTPD,LMP,LMP_PRC,BDLRKSP2_7_B1,ALL,1,249.0145,1,1
2022-09-01T23:00:00-00:00,2022-09-01T23:15:00-00:00,2022-09-01,17,BDLRKSP2_7_B1,BDLRKSP2_7_B1,BDLRKSP2_7_B1,RTPD,LMP,LMP_PRC,BDLRKSP2_7_B1,ALL,1,1851.7566,1,1
2022-09-02T00:00:00-00:00,2022-09-02T00:15:00-00:00,2022-09-01,18,BDLRKSP2_7_B1,BDLRKSP2_7_B1,BDLRKSP2_7_B1,RTPD,LMP,LMP_PRC,BDLRKSP2_7_B1,ALL,1,1856.3177,1,1
2022-09-02T01:00:00-00:00,2022-09-02T01:15:00-00:00,2022-09-01,19,BDLRKSP2_7_B1,BDLRKSP2_7_B1,BDLRKSP2_7_B1,RTPD,LMP,LMP_PRC,BDLRKSP2_7_B1,ALL,1,1152.5171,1,1
2022-09-02T02:00:00-00:00,2022-09-02T02:15:00-00:00,2022-09-01,20,BDLRKSP2_7_B1,BDLRKSP2_7_B1,BDLRKSP2_7_B1,RTPD,LMP,LMP_PRC,BDLRKSP2_7_B1,ALL,1,2334.506,1,1
2022-09-02T03:00:00-00:00,2022-09-02T03:15:00-00:00,2022-09-01,21,BDLRKSP2_7_B1,BDLRKSP2_7_B1,BDLRKSP2_7_B1,RTPD,LMP,LMP_PRC,BDLRKSP2_7_B1,ALL,1,1214.2064,1,1
2022-09-02T04:00:00-00:00,2022-09-02T04:15:00-00:00,2022-09-01,22,BDLRKSP2_7_B1,BDLRKSP2_7_B1,BDLRKSP2_7_B1,RTPD,LMP,LMP_PRC,BDLRKSP2_7_B1,ALL,1,292.67795,1,1
2022-09-02T05:00:00-00:00,2022-09-02T05:15:00-00:00,2022-09-01,23,BDLRKSP2_7_B1,BDLRKSP2_7_B1,BDLRKSP2_7_B1,RTPD,LMP,LMP_PRC,BDLRKSP2_7_B1,ALL,1,216.41653,1,1
2022-09-02T06:00:00-00:00,2022-09-02T06:15:00-00:00,2022-09-01,24,BDLRKSP2_7_B1,BDLRKSP2_7_B1,BDLRKSP2_7_B1,RTPD,LMP,LMP_PRC,BDLRKSP2_7_B1,ALL,1,170.4443,1,1
2022-09-01T07:15:00-00:00,2022-09-01T07:30:00-00:00,2022-09-01,01,BDLRKSP2_7_B1,BDLRKSP2_7_B1,BDLRKSP2_7_B1,RTPD,LMP,LMP_PRC,BDLRKSP2_7_B1,ALL,1,134.42,2,1
2022-09-01T08:15:00-00:00,2022-09-01T08:30:00-00:00,2022-09-01,02,BDLRKSP2_7_B1,BDLRKSP2_7_B1,BDLRKSP2_7_B1,RTPD,LMP,LMP_PRC,BDLRKSP2_7_B1,ALL,1,116.34878,2,1
2022-09-01T09:15:00-00:00,2022-09-01T09:30:00-00:00,2022-09-01,03,BDLRKSP2_7_B1,BDLRKSP2_7_B1,BDLRKSP2_7_B1,RTPD,LMP,LMP_PRC,BDLRKSP2_7_B1,ALL,1,117.69545,2,1
2022-09-01T10:15:00-00:00,2022-09-01T10:30:00-00:00,2022-09-01,04,BDLRKSP2_7_B1,BDLRKSP2_7_B1,BDLRKSP2_7_B1,RTPD,LMP,LMP_PRC,BDLRKSP2_7_B1,ALL,1,115.71628,2,1
2022-09-01T11:15:00-00:00,2022-09-01T11:30:00-00:00,2022-09-01,05,BDLRKSP2_7_B1,BDLRKSP2_7_B1,BDLRKSP2_7_B1,RTPD,LMP,LMP_PRC,BDLRKSP2_7_B1,ALL,1,116.60577,2,1
2022-09-01T12:15:00-00:00,2022-09-01T12:30:00-00:00,2022-09-01,06,BDLRKSP2_7_B1,BDLRKSP2_7_B1,BDLRKSP2_7_B1,RTPD,LMP,LMP_PRC,BDLRKSP2_7_B1,ALL,1,129.26244,2,1
2022-09-01T13:15:00-00:00,2022-09-01T13:30:00-00:00,2022-09-01,07,BDLRKSP2_7_B1,BDLRKSP2_7_B1,BDLRKSP2_7_B1,RTPD,LMP,LMP_PRC,BDLRKSP2_7_B1,ALL,1,125.89423,2,1
2022-09-01T14:15:00-00:00,2022-09-01T14:30:00-00:00,2022-09-01,08,BDLRKSP2_7_B1,BDLRKSP2_7_B1,BDLRKSP2_7_B1,RTPD,LMP,LMP_PRC,BDLRKSP2_7_B1,ALL,1,203.00789,2,1
2022-09-01T15:15:00-00:00,2022-09-01T15:30:00-00:00,2022-09-01,09,BDLRKSP2_7_B1,BDLRKSP2_7_B1,BDLRKSP2_7_B1,RTPD,LMP,LMP_PRC,BDLRKSP2_7_B1,ALL,1,294.1335,2,1
2022-09-01T16:15:00-00:00,2022-09-01T16:30:00-00:00,2022-09-01,10,BDLRKSP2_7_B1,BDLRKSP2_7_B1,BDLRKSP2_7_B1,RTPD,LMP,LMP_PRC,BDLRKSP2_7_B1,ALL,1,224.10316,2,1
2022-09-01T17:15:00-00:00,2022-09-01T17:30:00-00:00,2022-09-01,11,BDLRKSP2_7_B1,BDLRKSP2_7_B1,BDLRKSP2_7_B1,RTPD,LMP,LMP_PRC,BDLRKSP2_7_B1,ALL,1,247.11336,2,1
2022-09-01T18:15:00-00:00,2022-09-01T18:30:00-00:00,2022-09-01,12,BDLRKSP2_7_B1,BDLRKSP2_7_B1,BDLRKSP2_7_B1,RTPD,LMP,LMP_PRC,BDLRKSP2_7_B1,ALL,1,281.15988,2,1
2022-09-01T19:15:00-00:00,2022-09-01T19:30:00-00:00,2022-09-01,13,BDLRKSP2_7_B1,BDLRKSP2_7_B1,BDLRKSP2_7_B1,RTPD,LMP,LMP_PRC,BDLRKSP2_7_B1,ALL,1,255.12746,2,1
2022-09-01T20:15:00-00:00,2022-09-01T20:30:00-00:00,2022-09-01,14,BDLRKSP2_7_B1,BDLRKSP2_7_B1,BDLRKSP2_7_B1,RTPD,LMP,LMP_PRC,BDLRKSP2_7_B1,ALL,1,208.9292,2,1
2022-09-01T21:15:00-00:00,2022-09-01T21:30:00-00:00,2022-09-01,15,BDLRKSP2_7_B1,BDLRKSP2_7_B1,BDLRKSP2_7_B1,RTPD,LMP,LMP_PRC,BDLRKSP2_7_B1,ALL,1,52.68706,2,1
2022-09-01T22:15:00-00:00,2022-09-01T22:30:00-00:00,2022-09-01,16,BDLRKSP2_7_B1,BDLRKSP2_7_B1,BDLRKSP2_7_B1,RTPD,LMP,LMP_PRC,BDLRKSP2_7_B1,ALL,1,1016.70734,2,1
2022-09-01T23:15:00-00:00,2022-09-01T23:30:00-00:00,2022-09-01,17,BDLRKSP2_7_B1,BDLRKSP2_7_B1,BDLRKSP2_7_B1,RTPD,LMP,LMP_PRC,BDLRKSP2_7_B1,ALL,1,1775.5902,2,1
2022-09-02T00:15:00-00:00,2022-09-02T00:30:00-00:00,2022-09-01,18,BDLRKSP2_7_B1,BDLRKSP2_7_B1,BDLRKSP2_7_B1,RTPD,LMP,LMP_PRC,BDLRKSP2_7_B1,ALL,1,1686.8864,2,1
2022-09-02T01:15:00-00:00,2022-09-02T01:30:00-00:00,2022-09-01,19,BDLRKSP2_7_B1,BDLRKSP2_7_B1,BDLRKSP2_7_B1,RTPD,LMP,LMP_PRC,BDLRKSP2_7_B1,ALL,1,2457.4458,2,1
2022-09-02T02:15:00-00:00,2022-09-02T02:30:00-00:00,2022-09-01,20,BDLRKSP2_7_B1,BDLRKSP2_7_B1,BDLRKSP2_7_B1,RTPD,LMP,LMP_PRC,BDLRKSP2_7_B1,ALL,1,1991.6721,2,1
2022-09-02T03:15:00-00:00,2022-09-02T03:30:00-00:00,2022-09-01,21,BDLRKSP2_7_B1,BDLRKSP2_7_B1,BDLRKSP2_7_B1,RTPD,LMP,LMP_PRC,BDLRKSP2_7_B1,ALL,1,509.8547,2,1
2022-09-02T04:15:00-00:00,2022-09-02T04:30:00-00:00,2022-09-01,22,BDLRKSP2_7_B1,BDLRKSP2_7_B1,BDLRKSP2_7_B1,RTPD,LMP,LMP_PRC,BDLRKSP2_7_B1,ALL,1,181.60083,2,1
2022-09-02T05:15:00-00:00,2022-09-02T05:30:00-00:00,2022-09-01,23,BDLRKSP2_7_B1,BDLRKSP2_7_B1,BDLRKSP2_7_B1,RTPD,LMP,LMP_PRC,BDLRKSP2_7_B1,ALL,1,186.3231,2,1
2022-09-02T06:15:00-00:00,2022-09-02T06:30:00-00:00,2022-09-01,24,BDLRKSP2_7_B1,BDLRKSP2_7_B1,BDLRKSP2_7_B1,RTPD,LMP,LMP_PRC,BDLRKSP2_7_B1,ALL,1,161.892,2,1
2022-09-01T07:30:00-00:00,2022-09-01T07:45:00-00:00,2022-09-01,01,BDLRKSP2_7_B1,BDLRKSP2_7_B1,BDLRKSP2_7_B1,RTPD,LMP,LMP_PRC,BDLRKSP2_7_B1,ALL,1,133.46783,3,1
2022-09-01T08:30:00-00:00,2022-09-01T08:45:00-00:00,2022-09-01,02,BDLRKSP2_7_B1,BDLRKSP2_7_B1,BDLRKSP2_7_B1,RTPD,LMP,LMP_PRC,BDLRKSP2_7_B1,ALL,1,126.4467,3,1
2022-09-01T09:30:00-00:00,2022-09-01T09:45:00-00:00,2022-09-01,03,BDLRKSP2_7_B1,BDLRKSP2_7_B1,BDLRKSP2_7_B1,RTPD,LMP,LMP_PRC,BDLRKSP2_7_B1,ALL,1,117.32706,3,1
2022-09-01T10:30:00-00:00,2022-09-01T10:45:00-00:00,2022-09-01,04,BDLRKSP2_7_B1,BDLRKSP2_7_B1,BDLRKSP2_7_B1,RTPD,LMP,LMP_PRC,BDLRKSP2_7_B1,ALL,1,112.7505,3,1
2022-09-01T11:30:00-00:00,2022-09-01T11:45:00-00:00,2022-09-01,05,BDLRKSP2_7_B1,BDLRKSP2_7_B1,BDLRKSP2_7_B1,RTPD,LMP,LMP_PRC,BDLRKSP2_7_B1,ALL,1,116.46004,3,1
2022-09-01T12:30:00-00:00,2022-09-01T12:45:00-00:00,2022-09-01,06,BDLRKSP2_7_B1,BDLRKSP2_7_B1,BDLRKSP2_7_B1,RTPD,LMP,LMP_PRC,BDLRKSP2_7_B1,ALL,1,137.69554,3,1
2022-09-01T13:30:00-00:00,2022-09-01T13:45:00-00:00,2022-09-01,07,BDLRKSP2_7_B1,BDLRKSP2_7_B1,BDLRKSP2_7_B1,RTPD,LMP,LMP_PRC,BDLRKSP2_7_B1,ALL,1,132.94969,3,1
2022-09-01T14:30:00-00:00,2022-09-01T14:45:00-00:00,2022-09-01,08,BDLRKSP2_7_B1,BDLRKSP2_7_B1,BDLRKSP2_7_B1,RTPD,LMP,LMP_PRC,BDLRKSP2_7_B1,ALL,1,175.36702,3,1
2022-09-01T15:30:00-00:00,2022-09-01T15:45:00-00:00,2022-09-01,09,BDLRKSP2_7_B1,BDLRKSP2_7_B1,BDLRKSP2_7_B1,RTPD,LMP,LMP_PRC,BDLRKSP2_7_B1,ALL,1,353.23145,3,1
2022-09-01T16:30:00-00:00,2022-09-01T16:45:00-00:00,2022-09-01,10,BDLRKSP2_7_B1,BDLRKSP2_7_B1,BDLRKSP2_7_B1,RTPD,LMP,LMP_PRC,BDLRKSP2_7_B1,ALL,1,206.92056,3,1
2022-09-01T17:30:00-00:00,2022-09-01T17:45:00-00:00,2022-09-01,11,BDLRKSP2_7_B1,BDLRKSP2_7_B1,BDLRKSP2_7_B1,RTPD,LMP,LMP_PRC,BDLRKSP2_7_B1,ALL,1,231.1969,3,1
2022-09-01T18:30:00-00:00,2022-09-01T18:45:00-00:00,2022-09-01,12,BDLRKSP2_7_B1,BDLRKSP2_7_B1,BDLRKSP2_7_B1,RTPD,LMP,LMP_PRC,BDLRKSP2_7_B1,ALL,1,283.5579,3,1
2022-09-01T19:30:00-00:00,2022-09-01T19:45:00-00:00,2022-09-01,13,BDLRKSP2_7_B1,BDLRKSP2_7_B1,BDLRKSP2_7_B1,RTPD,LMP,LMP_PRC,BDLRKSP2_7_B1,ALL,1,246.92792,3,1
2022-09-01T20:30:00-00:00,2022-09-01T20:45:00-00:00,2022-09-01,14,BDLRKSP2_7_B1,BDLRKSP2_7_B1,BDLRKSP2_7_B1,RTPD,LMP,LMP_PRC,BDLRKSP2_7_B1,ALL,1,272.24,3,1
2022-09-01T21:30:00-00:00,2022-09-01T21:45:00-00:00,2022-09-01,15,BDLRKSP2_7_B1,BDLRKSP2_7_B1,BDLRKSP2_7_B1,RTPD,LMP,LMP_PRC,BDLRKSP2_7_B1,ALL,1,52.6213,3,1
2022-09-01T22:30:00-00:00,2022-09-01T22:45:00-00:00,2022-09-01,16,BDLRKSP2_7_B1,BDLRKSP2_7_B1,BDLRKSP2_7_B1,RTPD,LMP,LMP_PRC,BDLRKSP2_7_B1,ALL,1,1199.2433,3,1
2022-09-01T23:30:00-00:00,2022-09-01T23:45:00-00:00,2022-09-01,17,BDLRKSP2_7_B1,BDLRKSP2_7_B1,BDLRKSP2_7_B1,RTPD,LMP,LMP_PRC,BDLRKSP2_7_B1,ALL,1,1900.9846,3,1
2022-09-02T00:30:00-00:00,2022-09-02T00:45:00-00:00,2022-09-01,18,BDLRKSP2_7_B1,BDLRKSP2_7_B1,BDLRKSP2_7_B1,RTPD,LMP,LMP_PRC,BDLRKSP2_7_B1,ALL,1,2026.5609,3,1
2022-09-02T01:30:00-00:00,2022-09-02T01:45:00-00:00,2022-09-01,19,BDLRKSP2_7_B1,BDLRKSP2_7_B1,BDLRKSP2_7_B1,RTPD,LMP,LMP_PRC,BDLRKSP2_7_B1,ALL,1,2088.781,3,1
2022-09-02T02:30:00-00:00,2022-09-02T02:45:00-00:00,2022-09-01,20,BDLRKSP2_7_B1,BDLRKSP2_7_B1,BDLRKSP2_7_B1,RTPD,LMP,LMP_PRC,BDLRKSP2_7_B1,ALL,1,1991.2086,3,1
2022-09-02T03:30:00-00:00,2022-09-02T03:45:00-00:00,2022-09-01,21,BDLRKSP2_7_B1,BDLRKSP2_7_B1,BDLRKSP2_7_B1,RTPD,LMP,LMP_PRC,BDLRKSP2_7_B1,ALL,1,217.32317,3,1
2022-09-02T04:30:00-00:00,2022-09-02T04:45:00-00:00,2022-09-01,22,BDLRKSP2_7_B1,BDLRKSP2_7_B1,BDLRKSP2_7_B1,RTPD,LMP,LMP_PRC,BDLRKSP2_7_B1,ALL,1,175.344,3,1
2022-09-02T05:30:00-00:00,2022-09-02T05:45:00-00:00,2022-09-01,23,BDLRKSP2_7_B1,BDLRKSP2_7_B1,BDLRKSP2_7_B1,RTPD,LMP,LMP_PRC,BDLRKSP2_7_B1,ALL,1,163.78883,3,1
2022-09-02T06:30:00-00:00,2022-09-02T06:45:00-00:00,2022-09-01,24,BDLRKSP2_7_B1,BDLRKSP2_7_B1,BDLRKSP2_7_B1,RTPD,LMP,LMP_PRC,BDLRKSP2_7_B1,ALL,1,151.8906,3,1
2022-09-01T07:45:00-00:00,2022-09-01T08:00:00-00:00,2022-09-01,01,BDLRKSP2_7_B1,BDLRKSP2_7_B1,BDLRKSP2_7_B1,RTPD,LMP,LMP_PRC,BDLRKSP2_7_B1,ALL,1,125.61722,4,1
2022-09-01T08:45:00-00:00,2022-09-01T09:00:00-00:00,2022-09-01,02,BDLRKSP2_7_B1,BDLRKSP2_7_B1,BDLRKSP2_7_B1,RTPD,LMP,LMP_PRC,BDLRKSP2_7_B1,ALL,1,116.5264,4,1
2022-09-01T09:45:00-00:00,2022-09-01T10:00:00-00:00,2022-09-01,03,BDLRKSP2_7_B1,BDLRKSP2_7_B1,BDLRKSP2_7_B1,RTPD,LMP,LMP_PRC,BDLRKSP2_7_B1,ALL,1,115.88665,4,1
2022-09-01T10:45:00-00:00,2022-09-01T11:00:00-00:00,2022-09-01,04,BDLRKSP2_7_B1,BDLRKSP2_7_B1,BDLRKSP2_7_B1,RTPD,LMP,LMP_PRC,BDLRKSP2_7_B1,ALL,1,109.13283,4,1
2022-09-01T11:45:00-00:00,2022-09-01T12:00:00-00:00,2022-09-01,05,BDLRKSP2_7_B1,BDLRKSP2_7_B1,BDLRKSP2_7_B1,RTPD,LMP,LMP_PRC,BDLRKSP2_7_B1,ALL,1,107.01,4,1
2022-09-01T12:45:00-00:00,2022-09-01T13:00:00-00:00,2022-09-01,06,BDLRKSP2_7_B1,BDLRKSP2_7_B1,BDLRKSP2_7_B1,RTPD,LMP,LMP_PRC,BDLRKSP2_7_B1,ALL,1,118.70032,4,1
2022-09-01T13:45:00-00:00,2022-09-01T14:00:00-00:00,2022-09-01,07,BDLRKSP2_7_B1,BDLRKSP2_7_B1,BDLRKSP2_7_B1,RTPD,LMP,LMP_PRC,BDLRKSP2_7_B1,ALL,1,143.1725,4,1
2022-09-01T14:45:00-00:00,2022-09-01T15:00:00-00:00,2022-09-01,08,BDLRKSP2_7_B1,BDLRKSP2_7_B1,BDLRKSP2_7_B1,RTPD,LMP,LMP_PRC,BDLRKSP2_7_B1,ALL,1,166.94041,4,1
2022-09-01T15:45:00-00:00,2022-09-01T16:00:00-00:00,2022-09-01,09,BDLRKSP2_7_B1,BDLRKSP2_7_B1,BDLRKSP2_7_B1,RTPD,LMP,LMP_PRC,BDLRKSP2_7_B1,ALL,1,209.05713,4,1
2022-09-01T16:45:00-00:00,2022-09-01T17:00:00-00:00,2022-09-01,10,BDLRKSP2_7_B1,BDLRKSP2_7_B1,BDLRKSP2_7_B1,RTPD,LMP,LMP_PRC,BDLRKSP2_7_B1,ALL,1,207.37181,4,1
2022-09-01T17:45:00-00:00,2022-09-01T18:00:00-00:00,2022-09-01,11,BDLRKSP2_7_B1,BDLRKSP2_7_B1,BDLRKSP2_7_B1,RTPD,LMP,LMP_PRC,BDLRKSP2_7_B1,ALL,1,236.87512,4,1
2022-09-01T18:45:00-00:00,2022-09-01T19:00:00-00:00,2022-09-01,12,BDLRKSP2_7_B1,BDLRKSP2_7_B1,BDLRKSP2_7_B1,RTPD,LMP,LMP_PRC,BDLRKSP2_7_B1,ALL,1,298.07755,4,1
2022-09-01T19:45:00-00:00,2022-09-01T20:00:00-00:00,2022-09-01,13,BDLRKSP2_7_B1,BDLRKSP2_7_B1,BDLRKSP2_7_B1,RTPD,LMP,LMP_PRC,BDLRKSP2_7_B1,ALL,1,260.29474,4,1
2022-09-01T20:45:00-00:00,2022-09-01T21:00:00-00:00,2022-09-01,14,BDLRKSP2_7_B1,BDLRKSP2_7_B1,BDLRKSP2_7_B1,RTPD,LMP,LMP_PRC,BDLRKSP2_7_B1,ALL,1,347.4172,4,1
2022-09-01T21:45:00-00:00,2022-09-01T22:00:00-00:00,2022-09-01,15,BDLRKSP2_7_B1,BDLRKSP2_7_B1,BDLRKSP2_7_B1,RTPD,LMP,LMP_PRC,BDLRKSP2_7_B1,ALL,1,1197.8561,4,1
2022-09-01T22:45:00-00:00,2022-09-01T23:00:00-00:00,2022-09-01,16,BDLRKSP2_7_B1,BDLRKSP2_7_B1,BDLRKSP2_7_B1,RTPD,LMP,LMP_PRC,BDLRKSP2_7_B1,ALL,1,2155.8215,4,1
2022-09-01T23:45:00-00:00,2022-09-02T00:00:00-00:00,2022-09-01,17,BDLRKSP2_7_B1,BDLRKSP2_7_B1,BDLRKSP2_7_B1,RTPD,LMP,LMP_PRC,BDLRKSP2_7_B1,ALL,1,3511.648,4,1
2022-09-02T00:45:00-00:00,2022-09-02T01:00:00-00:00,2022-09-01,18,BDLRKSP2_7_B1,BDLRKSP2_7_B1,BDLRKSP2_7_B1,RTPD,LMP,LMP_PRC,BDLRKSP2_7_B1,ALL,1,2810.2473,4,1
2022-09-02T01:45:00-00:00,2022-09-02T02:00:00-00:00,2022-09-01,19,BDLRKSP2_7_B1,BDLRKSP2_7_B1,BDLRKSP2_7_B1,RTPD,LMP,LMP_PRC,BDLRKSP2_7_B1,ALL,1,1991.9337,4,1
2022-09-02T02:45:00-00:00,2022-09-02T03:00:00-00:00,2022-09-01,20,BDLRKSP2_7_B1,BDLRKSP2_7_B1,BDLRKSP2_7_B1,RTPD,LMP,LMP_PRC,BDLRKSP2_7_B1,ALL,1,2782.213,4,1
2022-09-02T03:45:00-00:00,2022-09-02T04:00:00-00:00,2022-09-01,21,BDLRKSP2_7_B1,BDLRKSP2_7_B1,BDLRKSP2_7_B1,RTPD,LMP,LMP_PRC,BDLRKSP2_7_B1,ALL,1,164.24065,4,1
2022-09-02T04:45:00-00:00,2022-09-02T05:00:00-00:00,2022-09-01,22,BDLRKSP2_7_B1,BDLRKSP2_7_B1,BDLRKSP2_7_B1,RTPD,LMP,LMP_PRC,BDLRKSP2_7_B1,ALL,1,150.6481,4,1
2022-09-02T05:45:00-00:00,2022-09-02T06:00:00-00:00,2022-09-01,23,BDLRKSP2_7_B1,BDLRKSP2_7_B1,BDLRKSP2_7_B1,RTPD,LMP,LMP_PRC,BDLRKSP2_7_B1,ALL,1,156.56564,4,1
2022-09-02T06:45:00-00:00,2022-09-02T07:00:00-00:00,2022-09-01,24,BDLRKSP2_7_B1,BDLRKSP2_7_B1,BDLRKSP2_7_B1,RTPD,LMP,LMP_PRC,BDLRKSP2_7_B1,ALL,1,125.90637,4,1
2022-09-01T07:00:00-00:00,2022-09-01T07:15:00-00:00,2022-09-01,01,BDLRKSP2_7_B1,BDLRKSP2_7_B1,BDLRKSP2_7_B1,RTPD,MCC,LMP_CONG_PRC,BDLRKSP2_7_B1,ALL,1,98.35911,1,2
2022-09-01T08:00:00-00:00,2022-09-01T08:15:00-00:00,2022-09-01,02,BDLRKSP2_7_B1,BDLRKSP2_7_B1,BDLRKSP2_7_B1,RTPD,MCC,LMP_CONG_PRC,BDLRKSP2_7_B1,ALL,1,2.99366,1,2
2022-09-01T09:00:00-00:00,2022-09-01T09:15:00-00:00,2022-09-01,03,BDLRKSP2_7_B1,BDLRKSP2_7_B1,BDLRKSP2_7_B1,RTPD,MCC,LMP_CONG_PRC,BDLRKSP2_7_B1,ALL,1,4.01117,1,2
2022-09-01T10:00:00-00:00,2022-09-01T10:15:00-00:00,2022-09-01,04,BDLRKSP2_7_B1,BDLRKSP2_7_B1,BDLRKSP2_7_B1,RTPD,MCC,LMP_CONG_PRC,BDLRKSP2_7_B1,ALL,1,3.52842,1,2
2022-09-01T11:00:00-00:00,2022-09-01T11:15:00-00:00,2022-09-01,05,BDLRKSP2_7_B1,BDLRKSP2_7_B1,BDLRKSP2_7_B1,RTPD,MCC,LMP_CONG_PRC,BDLRKSP2_7_B1,ALL,1,0,1,2
2022-09-01T12:00:00-00:00,2022-09-01T12:15:00-00:00,2022-09-01,06,BDLRKSP2_7_B1,BDLRKSP2_7_B1,BDLRKSP2_7_B1,RTPD,MCC,LMP_CONG_PRC,BDLRKSP2_7_B1,ALL,1,9.31225,1,2
2022-09-01T13:00:00-00:00,2022-09-01T13:15:00-00:00,2022-09-01,07,BDLRKSP2_7_B1,BDLRKSP2_7_B1,BDLRKSP2_7_B1,RTPD,MCC,LMP_CONG_PRC,BDLRKSP2_7_B1,ALL,1,12.68292,1,2
2022-09-01T14:00:00-00:00,2022-09-01T14:15:00-00:00,2022-09-01,08,BDLRKSP2_7_B1,BDLRKSP2_7_B1,BDLRKSP2_7_B1,RTPD,MCC,LMP_CONG_PRC,BDLRKSP2_7_B1,ALL,1,68.39759,1,2
2022-09-01T15:00:00-00:00,2022-09-01T15:15:00-00:00,2022-09-01,09,BDLRKSP2_7_B1,BDLRKSP2_7_B1,BDLRKSP2_7_B1,RTPD,MCC,LMP_CONG_PRC,BDLRKSP2_7_B1,ALL,1,194.42043,1,2
2022-09-01T16:00:00-00:00,2022-09-01T16:15:00-00:00,2022-09-01,10,BDLRKSP2_7_B1,BDLRKSP2_7_B1,BDLRKSP2_7_B1,RTPD,MCC,LMP_CONG_PRC,BDLRKSP2_7_B1,ALL,1,141.95473,1,2
2022-09-01T17:00:00-00:00,2022-09-01T17:15:00-00:00,2022-09-01,11,BDLRKSP2_7_B1,BDLRKSP2_7_B1,BDLRKSP2_7_B1,RTPD,MCC,LMP_CONG_PRC,BDLRKSP2_7_B1,ALL,1,137.18982,1,2
2022-09-01T18:00:00-00:00,2022-09-01T18:15:00-00:00,2022-09-01,12,BDLRKSP2_7_B1,BDLRKSP2_7_B1,BDLRKSP2_7_B1,RTPD,MCC,LMP_CONG_PRC,BDLRKSP2_7_B1,ALL,1,157.98962,1,2
2022-09-01T19:00:00-00:00,2022-09-01T19:15:00-00:00,2022-09-01,13,BDLRKSP2_7_B1,BDLRKSP2_7_B1,BDLRKSP2_7_B1,RTPD,MCC,LMP_CONG_PRC,BDLRKSP2_7_B1,ALL,1,-56.07213,1,2
2022-09-01T20:00:00-00:00,2022-09-01T20:15:00-00:00,2022-09-01,14,BDLRKSP2_7_B1,BDLRKSP2_7_B1,BDLRKSP2_7_B1,RTPD,MCC,LMP_CONG_PRC,BDLRKSP2_7_B1,ALL,1,-64.91994,1,2
2022-09-01T21:00:00-00:00,2022-09-01T21:15:00-00:00,2022-09-01,15,BDLRKSP2_7_B1,BDLRKSP2_7_B1,BDLRKSP2_7_B1,RTPD,MCC,LMP_CONG_PRC,BDLRKSP2_7_B1,ALL,1,-29.04944,1,2
2022-09-01T22:00:00-00:00,2022-09-01T22:15:00-00:00,2022-09-01,16,BDLRKSP2_7_B1,BDLRKSP2_7_B1,BDLRKSP2_7_B1,RTPD,MCC,LMP_CONG_PRC,BDLRKSP2_7_B1,ALL,1,19.82899,1,2
2022-09-01T23:00:00-00:00,2022-09-01T23:15:00-00:00,2022-09-01,17,BDLRKSP2_7_B1,BDLRKSP2_7_B1,BDLRKSP2_7_B1,RTPD,MCC,LMP_CONG_PRC,BDLRKSP2_7_B1,ALL,1,1465.0029,1,2
2022-09-02T00:00:00-00:00,2022-09-02T00:15:00-00:00,2022-09-01,18,BDLRKSP2_7_B1,BDLRKSP2_7_B1,BDLRKSP2_7_B1,RTPD,MCC,LMP_CONG_PRC,BDLRKSP2_7_B1,ALL,1,1008.6782,1,2
2022-09-02T01:00:00-00:00,2022-09-02T01:15:00-00:00,2022-09-01,19,BDLRKSP2_7_B1,BDLRKSP2_7_B1,BDLRKSP2_7_B1,RTPD,MCC,LMP_CONG_PRC,BDLRKSP2_7_B1,ALL,1,236.24583,1,2
2022-09-02T02:00:00-00:00,2022-09-02T02:15:00-00:00,2022-09-01,20,BDLRKSP2_7_B1,BDLRKSP2_7_B1,BDLRKSP2_7_B1,RTPD,MCC,LMP_CONG_PRC,BDLRKSP2_7_B1,ALL,1,342.83398,1,2
2022-09-02T03:00:00-00:00,2022-09-02T03:15:00-00:00,2022-09-01,21,BDLRKSP2_7_B1,BDLRKSP2_7_B1,BDLRKSP2_7_B1,RTPD,MCC,LMP_CONG_PRC,BDLRKSP2_7_B1,ALL,1,271.05594,1,2
2022-09-02T04:00:00-00:00,2022-09-02T04:15:00-00:00,2022-09-01,22,BDLRKSP2_7_B1,BDLRKSP2_7_B1,BDLRKSP2_7_B1,RTPD,MCC,LMP_CONG_PRC,BDLRKSP2_7_B1,ALL,1,18.37258,1,2
2022-09-02T05:00:00-00:00,2022-09-02T05:15:00-00:00,2022-09-01,23,BDLRKSP2_7_B1,BDLRKSP2_7_B1,BDLRKSP2_7_B1,RTPD,MCC,LMP_CONG_PRC,BDLRKSP2_7_B1,ALL,1,14.0207,1,2
2022-09-02T06:00:00-00:00,2022-09-02T06:15:00-00:00,2022-09-01,24,BDLRKSP2_7_B1,BDLRKSP2_7_B1,BDLRKSP2_7_B1,RTPD,MCC,LMP_CONG_PRC,BDLRKSP2_7_B1,ALL,1,-2.81605,1,2
2022-09-01T07:15:00-00:00,2022-09-01T07:30:00-00:00,2022-09-01,01,BDLRKSP2_7_B1,BDLRKSP2_7_B1,BDLRKSP2_7_B1,RTPD,MCC,LMP_CONG_PRC,BDLRKSP2_7_B1,ALL,1,8.86856,2,2
2022-09-01T08:15:00-00:00,2022-09-01T08:30:00-00:00,2022-09-01,02,BDLRKSP2_7_B1,BDLRKSP2_7_B1,BDLRKSP2_7_B1,RTPD,MCC,LMP_CONG_PRC,BDLRKSP2_7_B1,ALL,1,0.81713,2,2
2022-09-01T09:15:00-00:00,2022-09-01T09:30:00-00:00,2022-09-01,03,BDLRKSP2_7_B1,BDLRKSP2_7_B1,BDLRKSP2_7_B1,RTPD,MCC,LMP_CONG_PRC,BDLRKSP2_7_B1,ALL,1,5.31269,2,2
2022-09-01T10:15:00-00:00,2022-09-01T10:30:00-00:00,2022-09-01,04,BDLRKSP2_7_B1,BDLRKSP2_7_B1,BDLRKSP2_7_B1,RTPD,MCC,LMP_CONG_PRC,BDLRKSP2_7_B1,ALL,1,4.99267,2,2
2022-09-01T11:15:00-00:00,2022-09-01T11:30:00-00:00,2022-09-01,05,BDLRKSP2_7_B1,BDLRKSP2_7_B1,BDLRKSP2_7_B1,RTPD,MCC,LMP_CONG_PRC,BDLRKSP2_7_B1,ALL,1,0,2,2
2022-09-01T12:15:00-00:00,2022-09-01T12:30:00-00:00,2022-09-01,06,BDLRKSP2_7_B1,BDLRKSP2_7_B1,BDLRKSP2_7_B1,RTPD,MCC,LMP_CONG_PRC,BDLRKSP2_7_B1,ALL,1,5.70668,2,2
2022-09-01T13:15:00-00:00,2022-09-01T13:30:00-00:00,2022-09-01,07,BDLRKSP2_7_B1,BDLRKSP2_7_B1,BDLRKSP2_7_B1,RTPD,MCC,LMP_CONG_PRC,BDLRKSP2_7_B1,ALL,1,0.54427,2,2
2022-09-01T14:15:00-00:00,2022-09-01T14:30:00-00:00,2022-09-01,08,BDLRKSP2_7_B1,BDLRKSP2_7_B1,BDLRKSP2_7_B1,RTPD,MCC,LMP_CONG_PRC,BDLRKSP2_7_B1,ALL,1,87.18634,2,2
2022-09-01T15:15:00-00:00,2022-09-01T15:30:00-00:00,2022-09-01,09,BDLRKSP2_7_B1,BDLRKSP2_7_B1,BDLRKSP2_7_B1,RTPD,MCC,LMP_CONG_PRC,BDLRKSP2_7_B1,ALL,1,207.1947,2,2
2022-09-01T16:15:00-00:00,2022-09-01T16:30:00-00:00,2022-09-01,10,BDLRKSP2_7_B1,BDLRKSP2_7_B1,BDLRKSP2_7_B1,RTPD,MCC,LMP_CONG_PRC,BDLRKSP2_7_B1,ALL,1,134.6546,2,2
2022-09-01T17:15:00-00:00,2022-09-01T17:30:00-00:00,2022-09-01,11,BDLRKSP2_7_B1,BDLRKSP2_7_B1,BDLRKSP2_7_B1,RTPD,MCC,LMP_CONG_PRC,BDLRKSP2_7_B1,ALL,1,147.76663,2,2
2022-09-01T18:15:00-00:00,2022-09-01T18:30:00-00:00,2022-09-01,12,BDLRKSP2_7_B1,BDLRKSP2_7_B1,BDLRKSP2_7_B1,RTPD,MCC,LMP_CONG_PRC,BDLRKSP2_7_B1,ALL,1,180.00089,2,2
2022-09-01T19:15:00-00:00,2022-09-01T19:30:00-00:00,2022-09-01,13,BDLRKSP2_7_B1,BDLRKSP2_7_B1,BDLRKSP2_7_B1,RTPD,MCC,LMP_CONG_PRC,BDLRKSP2_7_B1,ALL,1,149.82158,2,2
2022-09-01T20:15:00-00:00,2022-09-01T20:30:00-00:00,2022-09-01,14,BDLRKSP2_7_B1,BDLRKSP2_7_B1,BDLRKSP2_7_B1,RTPD,MCC,LMP_CONG_PRC,BDLRKSP2_7_B1,ALL,1,91.43499,2,2
2022-09-01T21:15:00-00:00,2022-09-01T21:30:00-00:00,2022-09-01,15,BDLRKSP2_7_B1,BDLRKSP2_7_B1,BDLRKSP2_7_B1,RTPD,MCC,LMP_CONG_PRC,BDLRKSP2_7_B1,ALL,1,-94.52478,2,2
2022-09-01T22:15:00-00:00,2022-09-01T22:30:00-00:00,2022-09-01,16,BDLRKSP2_7_B1,BDLRKSP2_7_B1,BDLRKSP2_7_B1,RTPD,MCC,LMP_CONG_PRC,BDLRKSP2_7_B1,ALL,1,760.12,2,2
2022-09-01T23:15:00-00:00,2022-09-01T23:30:00-00:00,2022-09-01,17,BDLRKSP2_7_B1,BDLRKSP2_7_B1,BDLRKSP2_7_B1,RTPD,MCC,LMP_CONG_PRC,BDLRKSP2_7_B1,ALL,1,1413.4662,2,2
2022-09-02T00:15:00-00:00,2022-09-02T00:30:00-00:00,2022-09-01,18,BDLRKSP2_7_B1,BDLRKSP2_7_B1,BDLRKSP2_7_B1,RTPD,MCC,LMP_CONG_PRC,BDLRKSP2_7_B1,ALL,1,933.1129,2,2
2022-09-02T01:15:00-00:00,2022-09-02T01:30:00-00:00,2022-09-01,19,BDLRKSP2_7_B1,BDLRKSP2_7_B1,BDLRKSP2_7_B1,RTPD,MCC,LMP_CONG_PRC,BDLRKSP2_7_B1,ALL,1,457.4524,2,2
2022-09-02T02:15:00-00:00,2022-09-02T02:30:00-00:00,2022-09-01,20,BDLRKSP2_7_B1,BDLRKSP2_7_B1,BDLRKSP2_7_B1,RTPD,MCC,LMP_CONG_PRC,BDLRKSP2_7_B1,ALL,1,0,2,2
2022-09-02T03:15:00-00:00,2022-09-02T03:30:00-00:00,2022-09-01,21,BDLRKSP2_7_B1,BDLRKSP2_7_B1,BDLRKSP2_7_B1,RTPD,MCC,LMP_CONG_PRC,BDLRKSP2_7_B1,ALL,1,95.54768,2,2
2022-09-02T04:15:00-00:00,2022-09-02T04:30:00-00:00,2022-09-01,22,BDLRKSP2_7_B1,BDLRKSP2_7_B1,BDLRKSP2_7_B1,RTPD,MCC,LMP_CONG_PRC,BDLRKSP2_7_B1,ALL,1,-57.73588,2,2
2022-09-02T05:15:00-00:00,2022-09-02T05:30:00-00:00,2022-09-01,23,BDLRKSP2_7_B1,BDLRKSP2_7_B1,BDLRKSP2_7_B1,RTPD,MCC,LMP_CONG_PRC,BDLRKSP2_7_B1,ALL,1,13.4127,2,2
2022-09-02T06:15:00-00:00,2022-09-02T06:30:00-00:00,2022-09-01,24,BDLRKSP2_7_B1,BDLRKSP2_7_B1,BDLRKSP2_7_B1,RTPD,MCC,LMP_CONG_PRC,BDLRKSP2_7_B1,ALL,1,4.46714,2,2
2022-09-01T07:30:00-00:00,2022-09-01T07:45:00-00:00,2022-09-01,01,BDLRKSP2_7_B1,BDLRKSP2_7_B1,BDLRKSP2_7_B1,RTPD,MCC,LMP_CONG_PRC,BDLRKSP2_7_B1,ALL,1,14.43587,3,2
2022-09-01T08:30:00-00:00,2022-09-01T08:45:00-00:00,2022-09-01,02,BDLRKSP2_7_B1,BDLRKSP2_7_B1,BDLRKSP2_7_B1,RTPD,MCC,LMP_CONG_PRC,BDLRKSP2_7_B1,ALL,1,0.00077,3,2
2022-09-01T09:30:00-00:00,2022-09-01T09:45:00-00:00,2022-09-01,03,BDLRKSP2_7_B1,BDLRKSP2_7_B1,BDLRKSP2_7_B1,RTPD,MCC,LMP_CONG_PRC,BDLRKSP2_7_B1,ALL,1,5.265,3,2
2022-09-01T10:30:00-00:00,2022-09-01T10:45:00-00:00,2022-09-01,04,BDLRKSP2_7_B1,BDLRKSP2_7_B1,BDLRKSP2_7_B1,RTPD,MCC,LMP_CONG_PRC,BDLRKSP2_7_B1,ALL,1,2.83006,3,2
2022-09-01T11:30:00-00:00,2022-09-01T11:45:00-00:00,2022-09-01,05,BDLRKSP2_7_B1,BDLRKSP2_7_B1,BDLRKSP2_7_B1,RTPD,MCC,LMP_CONG_PRC,BDLRKSP2_7_B1,ALL,1,0,3,2
2022-09-01T12:30:00-00:00,2022-09-01T12:45:00-00:00,2022-09-01,06,BDLRKSP2_7_B1,BDLRKSP2_7_B1,BDLRKSP2_7_B1,RTPD,MCC,LMP_CONG_PRC,BDLRKSP2_7_B1,ALL,1,9.85661,3,2
2022-09-01T13:30:00-00:00,2022-09-01T13:45:00-00:00,2022-09-01,07,BDLRKSP2_7_B1,BDLRKSP2_7_B1,BDLRKSP2_7_B1,RTPD,MCC,LMP_CONG_PRC,BDLRKSP2_7_B1,ALL,1,6.67532,3,2
2022-09-01T14:30:00-00:00,2022-09-01T14:45:00-00:00,2022-09-01,08,BDLRKSP2_7_B1,BDLRKSP2_7_B1,BDLRKSP2_7_B1,RTPD,MCC,LMP_CONG_PRC,BDLRKSP2_7_B1,ALL,1,63.85848,3,2
2022-09-01T15:30:00-00:00,2022-09-01T15:45:00-00:00,2022-09-01,09,BDLRKSP2_7_B1,BDLRKSP2_7_B1,BDLRKSP2_7_B1,RTPD,MCC,LMP_CONG_PRC,BDLRKSP2_7_B1,ALL,1,267.09265,3,2
2022-09-01T16:30:00-00:00,2022-09-01T16:45:00-00:00,2022-09-01,10,BDLRKSP2_7_B1,BDLRKSP2_7_B1,BDLRKSP2_7_B1,RTPD,MCC,LMP_CONG_PRC,BDLRKSP2_7_B1,ALL,1,118.12412,3,2
2022-09-01T17:30:00-00:00,2022-09-01T17:45:00-00:00,2022-09-01,11,BDLRKSP2_7_B1,BDLRKSP2_7_B1,BDLRKSP2_7_B1,RTPD,MCC,LMP_CONG_PRC,BDLRKSP2_7_B1,ALL,1,132.06676,3,2
2022-09-01T18:30:00-00:00,2022-09-01T18:45:00-00:00,2022-09-01,12,BDLRKSP2_7_B1,BDLRKSP2_7_B1,BDLRKSP2_7_B1,RTPD,MCC,LMP_CONG_PRC,BDLRKSP2_7_B1,ALL,1,176.50072,3,2
2022-09-01T19:30:00-00:00,2022-09-01T19:45:00-00:00,2022-09-01,13,BDLRKSP2_7_B1,BDLRKSP2_7_B1,BDLRKSP2_7_B1,RTPD,MCC,LMP_CONG_PRC,BDLRKSP2_7_B1,ALL,1,132.86887,3,2
2022-09-01T20:30:00-00:00,2022-09-01T20:45:00-00:00,2022-09-01,14,BDLRKSP2_7_B1,BDLRKSP2_7_B1,BDLRKSP2_7_B1,RTPD,MCC,LMP_CONG_PRC,BDLRKSP2_7_B1,ALL,1,142.42393,3,2
2022-09-01T21:30:00-00:00,2022-09-01T21:45:00-00:00,2022-09-01,15,BDLRKSP2_7_B1,BDLRKSP2_7_B1,BDLRKSP2_7_B1,RTPD,MCC,LMP_CONG_PRC,BDLRKSP2_7_B1,ALL,1,-100.30928,3,2
2022-09-01T22:30:00-00:00,2022-09-01T22:45:00-00:00,2022-09-01,16,BDLRKSP2_7_B1,BDLRKSP2_7_B1,BDLRKSP2_7_B1,RTPD,MCC,LMP_CONG_PRC,BDLRKSP2_7_B1,ALL,1,916.0614,3,2
2022-09-01T23:30:00-00:00,2022-09-01T23:45:00-00:00,2022-09-01,17,BDLRKSP2_7_B1,BDLRKSP2_7_B1,BDLRKSP2_7_B1,RTPD,MCC,LMP_CONG_PRC,BDLRKSP2_7_B1,ALL,1,1334.503,3,2
2022-09-02T00:30:00-00:00,2022-09-02T00:45:00-00:00,2022-09-01,18,BDLRKSP2_7_B1,BDLRKSP2_7_B1,BDLRKSP2_7_B1,RTPD,MCC,LMP_CONG_PRC,BDLRKSP2_7_B1,ALL,1,697.4483,3,2
2022-09-02T01:30:00-00:00,2022-09-02T01:45:00-00:00,2022-09-01,19,BDLRKSP2_7_B1,BDLRKSP2_7_B1,BDLRKSP2_7_B1,RTPD,MCC,LMP_CONG_PRC,BDLRKSP2_7_B1,ALL,1,88.78548,3,2
2022-09-02T02:30:00-00:00,2022-09-02T02:45:00-00:00,2022-09-01,20,BDLRKSP2_7_B1,BDLRKSP2_7_B1,BDLRKSP2_7_B1,RTPD,MCC,LMP_CONG_PRC,BDLRKSP2_7_B1,ALL,1,-0.4624,3,2
2022-09-02T03:30:00-00:00,2022-09-02T03:45:00-00:00,2022-09-01,21,BDLRKSP2_7_B1,BDLRKSP2_7_B1,BDLRKSP2_7_B1,RTPD,MCC,LMP_CONG_PRC,BDLRKSP2_7_B1,ALL,1,22.77368,3,2
2022-09-02T04:30:00-00:00,2022-09-02T04:45:00-00:00,2022-09-01,22,BDLRKSP2_7_B1,BDLRKSP2_7_B1,BDLRKSP2_7_B1,RTPD,MCC,LMP_CONG_PRC,BDLRKSP2_7_B1,ALL,1,-26.72656,3,2
2022-09-02T05:30:00-00:00,2022-09-02T05:45:00-00:00,2022-09-01,23,BDLRKSP2_7_B1,BDLRKSP2_7_B1,BDLRKSP2_7_B1,RTPD,MCC,LMP_CONG_PRC,BDLRKSP2_7_B1,ALL,1,17.26033,3,2
2022-09-02T06:30:00-00:00,2022-09-02T06:45:00-00:00,2022-09-01,24,BDLRKSP2_7_B1,BDLRKSP2_7_B1,BDLRKSP2_7_B1,RTPD,MCC,LMP_CONG_PRC,BDLRKSP2_7_B1,ALL,1,9.82419,3,2
2022-09-01T07:45:00-00:00,2022-09-01T08:00:00-00:00,2022-09-01,01,BDLRKSP2_7_B1,BDLRKSP2_7_B1,BDLRKSP2_7_B1,RTPD,MCC,LMP_CONG_PRC,BDLRKSP2_7_B1,ALL,1,16.49623,4,2
2022-09-01T08:45:00-00:00,2022-09-01T09:00:00-00:00,2022-09-01,02,BDLRKSP2_7_B1,BDLRKSP2_7_B1,BDLRKSP2_7_B1,RTPD,MCC,LMP_CONG_PRC,BDLRKSP2_7_B1,ALL,1,4.02694,4,2
2022-09-01T09:45:00-00:00,2022-09-01T10:00:00-00:00,2022-09-01,03,BDLRKSP2_7_B1,BDLRKSP2_7_B1,BDLRKSP2_7_B1,RTPD,MCC,LMP_CONG_PRC,BDLRKSP2_7_B1,ALL,1,4.73124,4,2
2022-09-01T10:45:00-00:00,2022-09-01T11:00:00-00:00,2022-09-01,04,BDLRKSP2_7_B1,BDLRKSP2_7_B1,BDLRKSP2_7_B1,RTPD,MCC,LMP_CONG_PRC,BDLRKSP2_7_B1,ALL,1,1.11453,4,2
2022-09-01T11:45:00-00:00,2022-09-01T12:00:00-00:00,2022-09-01,05,BDLRKSP2_7_B1,BDLRKSP2_7_B1,BDLRKSP2_7_B1,RTPD,MCC,LMP_CONG_PRC,BDLRKSP2_7_B1,ALL,1,0,4,2
2022-09-01T12:45:00-00:00,2022-09-01T13:00:00-00:00,2022-09-01,06,BDLRKSP2_7_B1,BDLRKSP2_7_B1,BDLRKSP2_7_B1,RTPD,MCC,LMP_CONG_PRC,BDLRKSP2_7_B1,ALL,1,2.21551,4,2
2022-09-01T13:45:00-00:00,2022-09-01T14:00:00-00:00,2022-09-01,07,BDLRKSP2_7_B1,BDLRKSP2_7_B1,BDLRKSP2_7_B1,RTPD,MCC,LMP_CONG_PRC,BDLRKSP2_7_B1,ALL,1,31.7625,4,2
2022-09-01T14:45:00-00:00,2022-09-01T15:00:00-00:00,2022-09-01,08,BDLRKSP2_7_B1,BDLRKSP2_7_B1,BDLRKSP2_7_B1,RTPD,MCC,LMP_CONG_PRC,BDLRKSP2_7_B1,ALL,1,80.80162,4,2
2022-09-01T15:45:00-00:00,2022-09-01T16:00:00-00:00,2022-09-01,09,BDLRKSP2_7_B1,BDLRKSP2_7_B1,BDLRKSP2_7_B1,RTPD,MCC,LMP_CONG_PRC,BDLRKSP2_7_B1,ALL,1,130.35638,4,2
2022-09-01T16:45:00-00:00,2022-09-01T17:00:00-00:00,2022-09-01,10,BDLRKSP2_7_B1,BDLRKSP2_7_B1,BDLRKSP2_7_B1,RTPD,MCC,LMP_CONG_PRC,BDLRKSP2_7_B1,ALL,1,116.12248,4,2
2022-09-01T17:45:00-00:00,2022-09-01T18:00:00-00:00,2022-09-01,11,BDLRKSP2_7_B1,BDLRKSP2_7_B1,BDLRKSP2_7_B1,RTPD,MCC,LMP_CONG_PRC,BDLRKSP2_7_B1,ALL,1,137.66968,4,2
2022-09-01T18:45:00-00:00,2022-09-01T19:00:00-00:00,2022-09-01,12,BDLRKSP2_7_B1,BDLRKSP2_7_B1,BDLRKSP2_7_B1,RTPD,MCC,LMP_CONG_PRC,BDLRKSP2_7_B1,ALL,1,189.0369,4,2
2022-09-01T19:45:00-00:00,2022-09-01T20:00:00-00:00,2022-09-01,13,BDLRKSP2_7_B1,BDLRKSP2_7_B1,BDLRKSP2_7_B1,RTPD,MCC,LMP_CONG_PRC,BDLRKSP2_7_B1,ALL,1,140.06982,4,2
2022-09-01T20:45:00-00:00,2022-09-01T21:00:00-00:00,2022-09-01,14,BDLRKSP2_7_B1,BDLRKSP2_7_B1,BDLRKSP2_7_B1,RTPD,MCC,LMP_CONG_PRC,BDLRKSP2_7_B1,ALL,1,193.3921,4,2
2022-09-01T21:45:00-00:00,2022-09-01T22:00:00-00:00,2022-09-01,15,BDLRKSP2_7_B1,BDLRKSP2_7_B1,BDLRKSP2_7_B1,RTPD,MCC,LMP_CONG_PRC,BDLRKSP2_7_B1,ALL,1,897.56226,4,2
2022-09-01T22:45:00-00:00,2022-09-01T23:00:00-00:00,2022-09-01,16,BDLRKSP2_7_B1,BDLRKSP2_7_B1,BDLRKSP2_7_B1,RTPD,MCC,LMP_CONG_PRC,BDLRKSP2_7_B1,ALL,1,1725.9078,4,2
2022-09-01T23:45:00-00:00,2022-09-02T00:00:00-00:00,2022-09-01,17,BDLRKSP2_7_B1,BDLRKSP2_7_B1,BDLRKSP2_7_B1,RTPD,MCC,LMP_CONG_PRC,BDLRKSP2_7_B1,ALL,1,2250.4355,4,2
2022-09-02T00:45:00-00:00,2022-09-02T01:00:00-00:00,2022-09-01,18,BDLRKSP2_7_B1,BDLRKSP2_7_B1,BDLRKSP2_7_B1,RTPD,MCC,LMP_CONG_PRC,BDLRKSP2_7_B1,ALL,1,1291.0983,4,2
2022-09-02T01:45:00-00:00,2022-09-02T02:00:00-00:00,2022-09-01,19,BDLRKSP2_7_B1,BDLRKSP2_7_B1,BDLRKSP2_7_B1,RTPD,MCC,LMP_CONG_PRC,BDLRKSP2_7_B1,ALL,1,0,4,2
2022-09-02T02:45:00-00:00,2022-09-02T03:00:00-00:00,2022-09-01,20,BDLRKSP2_7_B1,BDLRKSP2_7_B1,BDLRKSP2_7_B1,RTPD,MCC,LMP_CONG_PRC,BDLRKSP2_7_B1,ALL,1,1024.5034,4,2
2022-09-02T03:45:00-00:00,2022-09-02T04:00:00-00:00,2022-09-01,21,BDLRKSP2_7_B1,BDLRKSP2_7_B1,BDLRKSP2_7_B1,RTPD,MCC,LMP_CONG_PRC,BDLRKSP2_7_B1,ALL,1,15.00237,4,2
2022-09-02T04:45:00-00:00,2022-09-02T05:00:00-00:00,2022-09-01,22,BDLRKSP2_7_B1,BDLRKSP2_7_B1,BDLRKSP2_7_B1,RTPD,MCC,LMP_CONG_PRC,BDLRKSP2_7_B1,ALL,1,9.97839,4,2
2022-09-02T05:45:00-00:00,2022-09-02T06:00:00-00:00,2022-09-01,23,BDLRKSP2_7_B1,BDLRKSP2_7_B1,BDLRKSP2_7_B1,RTPD,MCC,LMP_CONG_PRC,BDLRKSP2_7_B1,ALL,1,24.61973,4,2
2022-09-02T06:45:00-00:00,2022-09-02T07:00:00-00:00,2022-09-01,24,BDLRKSP2_7_B1,BDLRKSP2_7_B1,BDLRKSP2_7_B1,RTPD,MCC,LMP_CONG_PRC,BDLRKSP2_7_B1,ALL,1,6.14318,4,2
2022-09-01T07:00:00-00:00,2022-09-01T07:15:00-00:00,2022-09-01,01,BDLRKSP2_7_B1,BDLRKSP2_7_B1,BDLRKSP2_7_B1,RTPD,MCE,LMP_ENE_PRC,BDLRKSP2_7_B1,ALL,1,104.23471,1,3
2022-09-01T08:00:00-00:00,2022-09-01T08:15:00-00:00,2022-09-01,02,BDLRKSP2_7_B1,BDLRKSP2_7_B1,BDLRKSP2_7_B1,RTPD,MCE,LMP_ENE_PRC,BDLRKSP2_7_B1,ALL,1,115.5488,1,3
2022-09-01T09:00:00-00:00,2022-09-01T09:15:00-00:00,2022-09-01,03,BDLRKSP2_7_B1,BDLRKSP2_7_B1,BDLRKSP2_7_B1,RTPD,MCE,LMP_ENE_PRC,BDLRKSP2_7_B1,ALL,1,99.73061,1,3
2022-09-01T10:00:00-00:00,2022-09-01T10:15:00-00:00,2022-09-01,04,BDLRKSP2_7_B1,BDLRKSP2_7_B1,BDLRKSP2_7_B1,RTPD,MCE,LMP_ENE_PRC,BDLRKSP2_7_B1,ALL,1,98.64222,1,3
2022-09-01T11:00:00-00:00,2022-09-01T11:15:00-00:00,2022-09-01,05,BDLRKSP2_7_B1,BDLRKSP2_7_B1,BDLRKSP2_7_B1,RTPD,MCE,LMP_ENE_PRC,BDLRKSP2_7_B1,ALL,1,102.56859,1,3
2022-09-01T12:00:00-00:00,2022-09-01T12:15:00-00:00,2022-09-01,06,BDLRKSP2_7_B1,BDLRKSP2_7_B1,BDLRKSP2_7_B1,RTPD,MCE,LMP_ENE_PRC,BDLRKSP2_7_B1,ALL,1,96.90845,1,3
2022-09-01T13:00:00-00:00,2022-09-01T13:15:00-00:00,2022-09-01,07,BDLRKSP2_7_B1,BDLRKSP2_7_B1,BDLRKSP2_7_B1,RTPD,MCE,LMP_ENE_PRC,BDLRKSP2_7_B1,ALL,1,101.80878,1,3
2022-09-01T14:00:00-00:00,2022-09-01T14:15:00-00:00,2022-09-01,08,BDLRKSP2_7_B1,BDLRKSP2_7_B1,BDLRKSP2_7_B1,RTPD,MCE,LMP_ENE_PRC,BDLRKSP2_7_B1,ALL,1,111.11219,1,3
2022-09-01T15:00:00-00:00,2022-09-01T15:15:00-00:00,2022-09-01,09,BDLRKSP2_7_B1,BDLRKSP2_7_B1,BDLRKSP2_7_B1,RTPD,MCE,LMP_ENE_PRC,BDLRKSP2_7_B1,ALL,1,97.4112,1,3
2022-09-01T16:00:00-00:00,2022-09-01T16:15:00-00:00,2022-09-01,10,BDLRKSP2_7_B1,BDLRKSP2_7_B1,BDLRKSP2_7_B1,RTPD,MCE,LMP_ENE_PRC,BDLRKSP2_7_B1,ALL,1,83.43525,1,3
2022-09-01T17:00:00-00:00,2022-09-01T17:15:00-00:00,2022-09-01,11,BDLRKSP2_7_B1,BDLRKSP2_7_B1,BDLRKSP2_7_B1,RTPD,MCE,LMP_ENE_PRC,BDLRKSP2_7_B1,ALL,1,96.94897,1,3
2022-09-01T18:00:00-00:00,2022-09-01T18:15:00-00:00,2022-09-01,12,BDLRKSP2_7_B1,BDLRKSP2_7_B1,BDLRKSP2_7_B1,RTPD,MCE,LMP_ENE_PRC,BDLRKSP2_7_B1,ALL,1,91.59291,1,3
2022-09-01T19:00:00-00:00,2022-09-01T19:15:00-00:00,2022-09-01,13,BDLRKSP2_7_B1,BDLRKSP2_7_B1,BDLRKSP2_7_B1,RTPD,MCE,LMP_ENE_PRC,BDLRKSP2_7_B1,ALL,1,109.19637,1,3
2022-09-01T20:00:00-00:00,2022-09-01T20:15:00-00:00,2022-09-01,14,BDLRKSP2_7_B1,BDLRKSP2_7_B1,BDLRKSP2_7_B1,RTPD,MCE,LMP_ENE_PRC,BDLRKSP2_7_B1,ALL,1,117.94359,1,3
2022-09-01T21:00:00-00:00,2022-09-01T21:15:00-00:00,2022-09-01,15,BDLRKSP2_7_B1,BDLRKSP2_7_B1,BDLRKSP2_7_B1,RTPD,MCE,LMP_ENE_PRC,BDLRKSP2_7_B1,ALL,1,226.61499,1,3
2022-09-01T22:00:00-00:00,2022-09-01T22:15:00-00:00,2022-09-01,16,BDLRKSP2_7_B1,BDLRKSP2_7_B1,BDLRKSP2_7_B1,RTPD,MCE,LMP_ENE_PRC,BDLRKSP2_7_B1,ALL,1,229.18552,1,3
2022-09-01T23:00:00-00:00,2022-09-01T23:15:00-00:00,2022-09-01,17,BDLRKSP2_7_B1,BDLRKSP2_7_B1,BDLRKSP2_7_B1,RTPD,MCE,LMP_ENE_PRC,BDLRKSP2_7_B1,ALL,1,386.7537,1,3
2022-09-02T00:00:00-00:00,2022-09-02T00:15:00-00:00,2022-09-01,18,BDLRKSP2_7_B1,BDLRKSP2_7_B1,BDLRKSP2_7_B1,RTPD,MCE,LMP_ENE_PRC,BDLRKSP2_7_B1,ALL,1,770.58136,1,3
2022-09-02T01:00:00-00:00,2022-09-02T01:15:00-00:00,2022-09-01,19,BDLRKSP2_7_B1,BDLRKSP2_7_B1,BDLRKSP2_7_B1,RTPD,MCE,LMP_ENE_PRC,BDLRKSP2_7_B1,ALL,1,916.27124,1,3
2022-09-02T02:00:00-00:00,2022-09-02T02:15:00-00:00,2022-09-01,20,BDLRKSP2_7_B1,BDLRKSP2_7_B1,BDLRKSP2_7_B1,RTPD,MCE,LMP_ENE_PRC,BDLRKSP2_7_B1,ALL,1,1991.6721,1,3
2022-09-02T03:00:00-00:00,2022-09-02T03:15:00-00:00,2022-09-01,21,BDLRKSP2_7_B1,BDLRKSP2_7_B1,BDLRKSP2_7_B1,RTPD,MCE,LMP_ENE_PRC,BDLRKSP2_7_B1,ALL,1,917.5508,1,3
2022-09-02T04:00:00-00:00,2022-09-02T04:15:00-00:00,2022-09-01,22,BDLRKSP2_7_B1,BDLRKSP2_7_B1,BDLRKSP2_7_B1,RTPD,MCE,LMP_ENE_PRC,BDLRKSP2_7_B1,ALL,1,257.83005,1,3
2022-09-02T05:00:00-00:00,2022-09-02T05:15:00-00:00,2022-09-01,23,BDLRKSP2_7_B1,BDLRKSP2_7_B1,BDLRKSP2_7_B1,RTPD,MCE,LMP_ENE_PRC,BDLRKSP2_7_B1,ALL,1,183.24657,1,3
2022-09-02T06:00:00-00:00,2022-09-02T06:15:00-00:00,2022-09-01,24,BDLRKSP2_7_B1,BDLRKSP2_7_B1,BDLRKSP2_7_B1,RTPD,MCE,LMP_ENE_PRC,BDLRKSP2_7_B1,ALL,1,158.867,1,3
2022-09-01T07:15:00-00:00,2022-09-01T07:30:00-00:00,2022-09-01,01,BDLRKSP2_7_B1,BDLRKSP2_7_B1,BDLRKSP2_7_B1,RTPD,MCE,LMP_ENE_PRC,BDLRKSP2_7_B1,ALL,1,125.55144,2,3
2022-09-01T08:15:00-00:00,2022-09-01T08:30:00-00:00,2022-09-01,02,BDLRKSP2_7_B1,BDLRKSP2_7_B1,BDLRKSP2_7_B1,RTPD,MCE,LMP_ENE_PRC,BDLRKSP2_7_B1,ALL,1,115.53165,2,3
2022-09-01T09:15:00-00:00,2022-09-01T09:30:00-00:00,2022-09-01,03,BDLRKSP2_7_B1,BDLRKSP2_7_B1,BDLRKSP2_7_B1,RTPD,MCE,LMP_ENE_PRC,BDLRKSP2_7_B1,ALL,1,98.30543,2,3
2022-09-01T10:15:00-00:00,2022-09-01T10:30:00-00:00,2022-09-01,04,BDLRKSP2_7_B1,BDLRKSP2_7_B1,BDLRKSP2_7_B1,RTPD,MCE,LMP_ENE_PRC,BDLRKSP2_7_B1,ALL,1,97.00684,2,3
2022-09-01T11:15:00-00:00,2022-09-01T11:30:00-00:00,2022-09-01,05,BDLRKSP2_7_B1,BDLRKSP2_7_B1,BDLRKSP2_7_B1,RTPD,MCE,LMP_ENE_PRC,BDLRKSP2_7_B1,ALL,1,103.09059,2,3
2022-09-01T12:15:00-00:00,2022-09-01T12:30:00-00:00,2022-09-01,06,BDLRKSP2_7_B1,BDLRKSP2_7_B1,BDLRKSP2_7_B1,RTPD,MCE,LMP_ENE_PRC,BDLRKSP2_7_B1,ALL,1,109.32203,2,3
2022-09-01T13:15:00-00:00,2022-09-01T13:30:00-00:00,2022-09-01,07,BDLRKSP2_7_B1,BDLRKSP2_7_B1,BDLRKSP2_7_B1,RTPD,MCE,LMP_ENE_PRC,BDLRKSP2_7_B1,ALL,1,110.97827,2,3
2022-09-01T14:15:00-00:00,2022-09-01T14:30:00-00:00,2022-09-01,08,BDLRKSP2_7_B1,BDLRKSP2_7_B1,BDLRKSP2_7_B1,RTPD,MCE,LMP_ENE_PRC,BDLRKSP2_7_B1,ALL,1,104.78743,2,3
2022-09-01T15:15:00-00:00,2022-09-01T15:30:00-00:00,2022-09-01,09,BDLRKSP2_7_B1,BDLRKSP2_7_B1,BDLRKSP2_7_B1,RTPD,MCE,LMP_ENE_PRC,BDLRKSP2_7_B1,ALL,1,86.9388,2,3
2022-09-01T16:15:00-00:00,2022-09-01T16:30:00-00:00,2022-09-01,10,BDLRKSP2_7_B1,BDLRKSP2_7_B1,BDLRKSP2_7_B1,RTPD,MCE,LMP_ENE_PRC,BDLRKSP2_7_B1,ALL,1,89.44858,2,3
2022-09-01T17:15:00-00:00,2022-09-01T17:30:00-00:00,2022-09-01,11,BDLRKSP2_7_B1,BDLRKSP2_7_B1,BDLRKSP2_7_B1,RTPD,MCE,LMP_ENE_PRC,BDLRKSP2_7_B1,ALL,1,99.34673,2,3
2022-09-01T18:15:00-00:00,2022-09-01T18:30:00-00:00,2022-09-01,12,BDLRKSP2_7_B1,BDLRKSP2_7_B1,BDLRKSP2_7_B1,RTPD,MCE,LMP_ENE_PRC,BDLRKSP2_7_B1,ALL,1,101.15901,2,3
2022-09-01T19:15:00-00:00,2022-09-01T19:30:00-00:00,2022-09-01,13,BDLRKSP2_7_B1,BDLRKSP2_7_B1,BDLRKSP2_7_B1,RTPD,MCE,LMP_ENE_PRC,BDLRKSP2_7_B1,ALL,1,105.30588,2,3
2022-09-01T20:15:00-00:00,2022-09-01T20:30:00-00:00,2022-09-01,14,BDLRKSP2_7_B1,BDLRKSP2_7_B1,BDLRKSP2_7_B1,RTPD,MCE,LMP_ENE_PRC,BDLRKSP2_7_B1,ALL,1,117.49421,2,3
2022-09-01T21:15:00-00:00,2022-09-01T21:30:00-00:00,2022-09-01,15,BDLRKSP2_7_B1,BDLRKSP2_7_B1,BDLRKSP2_7_B1,RTPD,MCE,LMP_ENE_PRC,BDLRKSP2_7_B1,ALL,1,147.21185,2,3
2022-09-01T22:15:00-00:00,2022-09-01T22:30:00-00:00,2022-09-01,16,BDLRKSP2_7_B1,BDLRKSP2_7_B1,BDLRKSP2_7_B1,RTPD,MCE,LMP_ENE_PRC,BDLRKSP2_7_B1,ALL,1,256.58734,2,3
2022-09-01T23:15:00-00:00,2022-09-01T23:30:00-00:00,2022-09-01,17,BDLRKSP2_7_B1,BDLRKSP2_7_B1,BDLRKSP2_7_B1,RTPD,MCE,LMP_ENE_PRC,BDLRKSP2_7_B1,ALL,1,362.12408,2,3
2022-09-02T00:15:00-00:00,2022-09-02T00:30:00-00:00,2022-09-01,18,BDLRKSP2_7_B1,BDLRKSP2_7_B1,BDLRKSP2_7_B1,RTPD,MCE,LMP_ENE_PRC,BDLRKSP2_7_B1,ALL,1,691.2182,2,3
2022-09-02T01:15:00-00:00,2022-09-02T01:30:00-00:00,2022-09-01,19,BDLRKSP2_7_B1,BDLRKSP2_7_B1,BDLRKSP2_7_B1,RTPD,MCE,LMP_ENE_PRC,BDLRKSP2_7_B1,ALL,1,1999.9933,2,3
2022-09-02T02:15:00-00:00,2022-09-02T02:30:00-00:00,2022-09-01,20,BDLRKSP2_7_B1,BDLRKSP2_7_B1,BDLRKSP2_7_B1,RTPD,MCE,LMP_ENE_PRC,BDLRKSP2_7_B1,ALL,1,1991.6721,2,3
2022-09-02T03:15:00-00:00,2022-09-02T03:30:00-00:00,2022-09-01,21,BDLRKSP2_7_B1,BDLRKSP2_7_B1,BDLRKSP2_7_B1,RTPD,MCE,LMP_ENE_PRC,BDLRKSP2_7_B1,ALL,1,400.52884,2,3
2022-09-02T04:15:00-00:00,2022-09-02T04:30:00-00:00,2022-09-01,22,BDLRKSP2_7_B1,BDLRKSP2_7_B1,BDLRKSP2_7_B1,RTPD,MCE,LMP_ENE_PRC,BDLRKSP2_7_B1,ALL,1,224.75041,2,3
2022-09-02T05:15:00-00:00,2022-09-02T05:30:00-00:00,2022-09-01,23,BDLRKSP2_7_B1,BDLRKSP2_7_B1,BDLRKSP2_7_B1,RTPD,MCE,LMP_ENE_PRC,BDLRKSP2_7_B1,ALL,1,157.11986,2,3
2022-09-02T06:15:00-00:00,2022-09-02T06:30:00-00:00,2022-09-01,24,BDLRKSP2_7_B1,BDLRKSP2_7_B1,BDLRKSP2_7_B1,RTPD,MCE,LMP_ENE_PRC,BDLRKSP2_7_B1,ALL,1,143.1005,2,3
2022-09-01T07:30:00-00:00,2022-09-01T07:45:00-00:00,2022-09-01,01,BDLRKSP2_7_B1,BDLRKSP2_7_B1,BDLRKSP2_7_B1,RTPD,MCE,LMP_ENE_PRC,BDLRKSP2_7_B1,ALL,1,119.03196,3,3
2022-09-01T08:30:00-00:00,2022-09-01T08:45:00-00:00,2022-09-01,02,BDLRKSP2_7_B1,BDLRKSP2_7_B1,BDLRKSP2_7_B1,RTPD,MCE,LMP_ENE_PRC,BDLRKSP2_7_B1,ALL,1,111.11241,3,3
2022-09-01T09:30:00-00:00,2022-09-01T09:45:00-00:00,2022-09-01,03,BDLRKSP2_7_B1,BDLRKSP2_7_B1,BDLRKSP2_7_B1,RTPD,MCE,LMP_ENE_PRC,BDLRKSP2_7_B1,ALL,1,98.16228,3,3
2022-09-01T10:30:00-00:00,2022-09-01T10:45:00-00:00,2022-09-01,04,BDLRKSP2_7_B1,BDLRKSP2_7_B1,BDLRKSP2_7_B1,RTPD,MCE,LMP_ENE_PRC,BDLRKSP2_7_B1,ALL,1,96.36226,3,3
2022-09-01T11:30:00-00:00,2022-09-01T11:45:00-00:00,2022-09-01,05,BDLRKSP2_7_B1,BDLRKSP2_7_B1,BDLRKSP2_7_B1,RTPD,MCE,LMP_ENE_PRC,BDLRKSP2_7_B1,ALL,1,103.06198,3,3
2022-09-01T12:30:00-00:00,2022-09-01T12:45:00-00:00,2022-09-01,06,BDLRKSP2_7_B1,BDLRKSP2_7_B1,BDLRKSP2_7_B1,RTPD,MCE,LMP_ENE_PRC,BDLRKSP2_7_B1,ALL,1,113.57403,3,3
2022-09-01T13:30:00-00:00,2022-09-01T13:45:00-00:00,2022-09-01,07,BDLRKSP2_7_B1,BDLRKSP2_7_B1,BDLRKSP2_7_B1,RTPD,MCE,LMP_ENE_PRC,BDLRKSP2_7_B1,ALL,1,111.52025,3,3
2022-09-01T14:30:00-00:00,2022-09-01T14:45:00-00:00,2022-09-01,08,BDLRKSP2_7_B1,BDLRKSP2_7_B1,BDLRKSP2_7_B1,RTPD,MCE,LMP_ENE_PRC,BDLRKSP2_7_B1,ALL,1,101.83428,3,3
2022-09-01T15:30:00-00:00,2022-09-01T15:45:00-00:00,2022-09-01,09,BDLRKSP2_7_B1,BDLRKSP2_7_B1,BDLRKSP2_7_B1,RTPD,MCE,LMP_ENE_PRC,BDLRKSP2_7_B1,ALL,1,86.1388,3,3
2022-09-01T16:30:00-00:00,2022-09-01T16:45:00-00:00,2022-09-01,10,BDLRKSP2_7_B1,BDLRKSP2_7_B1,BDLRKSP2_7_B1,RTPD,MCE,LMP_ENE_PRC,BDLRKSP2_7_B1,ALL,1,88.79644,3,3
2022-09-01T17:30:00-00:00,2022-09-01T17:45:00-00:00,2022-09-01,11,BDLRKSP2_7_B1,BDLRKSP2_7_B1,BDLRKSP2_7_B1,RTPD,MCE,LMP_ENE_PRC,BDLRKSP2_7_B1,ALL,1,99.13013,3,3
2022-09-01T18:30:00-00:00,2022-09-01T18:45:00-00:00,2022-09-01,12,BDLRKSP2_7_B1,BDLRKSP2_7_B1,BDLRKSP2_7_B1,RTPD,MCE,LMP_ENE_PRC,BDLRKSP2_7_B1,ALL,1,107.05718,3,3
2022-09-01T19:30:00-00:00,2022-09-01T19:45:00-00:00,2022-09-01,13,BDLRKSP2_7_B1,BDLRKSP2_7_B1,BDLRKSP2_7_B1,RTPD,MCE,LMP_ENE_PRC,BDLRKSP2_7_B1,ALL,1,114.05905,3,3
2022-09-01T20:30:00-00:00,2022-09-01T20:45:00-00:00,2022-09-01,14,BDLRKSP2_7_B1,BDLRKSP2_7_B1,BDLRKSP2_7_B1,RTPD,MCE,LMP_ENE_PRC,BDLRKSP2_7_B1,ALL,1,129.81606,3,3
2022-09-01T21:30:00-00:00,2022-09-01T21:45:00-00:00,2022-09-01,15,BDLRKSP2_7_B1,BDLRKSP2_7_B1,BDLRKSP2_7_B1,RTPD,MCE,LMP_ENE_PRC,BDLRKSP2_7_B1,ALL,1,152.93057,3,3
2022-09-01T22:30:00-00:00,2022-09-01T22:45:00-00:00,2022-09-01,16,BDLRKSP2_7_B1,BDLRKSP2_7_B1,BDLRKSP2_7_B1,RTPD,MCE,LMP_ENE_PRC,BDLRKSP2_7_B1,ALL,1,283.18182,3,3
2022-09-01T23:30:00-00:00,2022-09-01T23:45:00-00:00,2022-09-01,17,BDLRKSP2_7_B1,BDLRKSP2_7_B1,BDLRKSP2_7_B1,RTPD,MCE,LMP_ENE_PRC,BDLRKSP2_7_B1,ALL,1,566.48157,3,3
2022-09-02T00:30:00-00:00,2022-09-02T00:45:00-00:00,2022-09-01,18,BDLRKSP2_7_B1,BDLRKSP2_7_B1,BDLRKSP2_7_B1,RTPD,MCE,LMP_ENE_PRC,BDLRKSP2_7_B1,ALL,1,1329.1127,3,3
2022-09-02T01:30:00-00:00,2022-09-02T01:45:00-00:00,2022-09-01,19,BDLRKSP2_7_B1,BDLRKSP2_7_B1,BDLRKSP2_7_B1,RTPD,MCE,LMP_ENE_PRC,BDLRKSP2_7_B1,ALL,1,1999.9956,3,3
2022-09-02T02:30:00-00:00,2022-09-02T02:45:00-00:00,2022-09-01,20,BDLRKSP2_7_B1,BDLRKSP2_7_B1,BDLRKSP2_7_B1,RTPD,MCE,LMP_ENE_PRC,BDLRKSP2_7_B1,ALL,1,1991.671,3,3
2022-09-02T03:30:00-00:00,2022-09-02T03:45:00-00:00,2022-09-01,21,BDLRKSP2_7_B1,BDLRKSP2_7_B1,BDLRKSP2_7_B1,RTPD,MCE,LMP_ENE_PRC,BDLRKSP2_7_B1,ALL,1,186.61823,3,3
2022-09-02T04:30:00-00:00,2022-09-02T04:45:00-00:00,2022-09-01,22,BDLRKSP2_7_B1,BDLRKSP2_7_B1,BDLRKSP2_7_B1,RTPD,MCE,LMP_ENE_PRC,BDLRKSP2_7_B1,ALL,1,180.67824,3,3
2022-09-02T05:30:00-00:00,2022-09-02T05:45:00-00:00,2022-09-01,23,BDLRKSP2_7_B1,BDLRKSP2_7_B1,BDLRKSP2_7_B1,RTPD,MCE,LMP_ENE_PRC,BDLRKSP2_7_B1,ALL,1,131.69917,3,3
2022-09-02T06:30:00-00:00,2022-09-02T06:45:00-00:00,2022-09-01,24,BDLRKSP2_7_B1,BDLRKSP2_7_B1,BDLRKSP2_7_B1,RTPD,MCE,LMP_ENE_PRC,BDLRKSP2_7_B1,ALL,1,128.9871,3,3
2022-09-01T07:45:00-00:00,2022-09-01T08:00:00-00:00,2022-09-01,01,BDLRKSP2_7_B1,BDLRKSP2_7_B1,BDLRKSP2_7_B1,RTPD,MCE,LMP_ENE_PRC,BDLRKSP2_7_B1,ALL,1,109.12099,4,3
2022-09-01T08:45:00-00:00,2022-09-01T09:00:00-00:00,2022-09-01,02,BDLRKSP2_7_B1,BDLRKSP2_7_B1,BDLRKSP2_7_B1,RTPD,MCE,LMP_ENE_PRC,BDLRKSP2_7_B1,ALL,1,98.7357,4,3
2022-09-01T09:45:00-00:00,2022-09-01T10:00:00-00:00,2022-09-01,03,BDLRKSP2_7_B1,BDLRKSP2_7_B1,BDLRKSP2_7_B1,RTPD,MCE,LMP_ENE_PRC,BDLRKSP2_7_B1,ALL,1,97.50475,4,3
2022-09-01T10:45:00-00:00,2022-09-01T11:00:00-00:00,2022-09-01,04,BDLRKSP2_7_B1,BDLRKSP2_7_B1,BDLRKSP2_7_B1,RTPD,MCE,LMP_ENE_PRC,BDLRKSP2_7_B1,ALL,1,94.71966,4,3
2022-09-01T11:45:00-00:00,2022-09-01T12:00:00-00:00,2022-09-01,05,BDLRKSP2_7_B1,BDLRKSP2_7_B1,BDLRKSP2_7_B1,RTPD,MCE,LMP_ENE_PRC,BDLRKSP2_7_B1,ALL,1,107.01,4,3
2022-09-01T12:45:00-00:00,2022-09-01T13:00:00-00:00,2022-09-01,06,BDLRKSP2_7_B1,BDLRKSP2_7_B1,BDLRKSP2_7_B1,RTPD,MCE,LMP_ENE_PRC,BDLRKSP2_7_B1,ALL,1,116.4848,4,3
2022-09-01T13:45:00-00:00,2022-09-01T14:00:00-00:00,2022-09-01,07,BDLRKSP2_7_B1,BDLRKSP2_7_B1,BDLRKSP2_7_B1,RTPD,MCE,LMP_ENE_PRC,BDLRKSP2_7_B1,ALL,1,111.41,4,3
2022-09-01T14:45:00-00:00,2022-09-01T15:00:00-00:00,2022-09-01,08,BDLRKSP2_7_B1,BDLRKSP2_7_B1,BDLRKSP2_7_B1,RTPD,MCE,LMP_ENE_PRC,BDLRKSP2_7_B1,ALL,1,86.1388,4,3
2022-09-01T15:45:00-00:00,2022-09-01T16:00:00-00:00,2022-09-01,09,BDLRKSP2_7_B1,BDLRKSP2_7_B1,BDLRKSP2_7_B1,RTPD,MCE,LMP_ENE_PRC,BDLRKSP2_7_B1,ALL,1,78.70076,4,3
2022-09-01T16:45:00-00:00,2022-09-01T17:00:00-00:00,2022-09-01,10,BDLRKSP2_7_B1,BDLRKSP2_7_B1,BDLRKSP2_7_B1,RTPD,MCE,LMP_ENE_PRC,BDLRKSP2_7_B1,ALL,1,91.24933,4,3
2022-09-01T17:45:00-00:00,2022-09-01T18:00:00-00:00,2022-09-01,11,BDLRKSP2_7_B1,BDLRKSP2_7_B1,BDLRKSP2_7_B1,RTPD,MCE,LMP_ENE_PRC,BDLRKSP2_7_B1,ALL,1,99.20544,4,3
2022-09-01T18:45:00-00:00,2022-09-01T19:00:00-00:00,2022-09-01,12,BDLRKSP2_7_B1,BDLRKSP2_7_B1,BDLRKSP2_7_B1,RTPD,MCE,LMP_ENE_PRC,BDLRKSP2_7_B1,ALL,1,109.04064,4,3
2022-09-01T19:45:00-00:00,2022-09-01T20:00:00-00:00,2022-09-01,13,BDLRKSP2_7_B1,BDLRKSP2_7_B1,BDLRKSP2_7_B1,RTPD,MCE,LMP_ENE_PRC,BDLRKSP2_7_B1,ALL,1,120.22491,4,3
2022-09-01T20:45:00-00:00,2022-09-01T21:00:00-00:00,2022-09-01,14,BDLRKSP2_7_B1,BDLRKSP2_7_B1,BDLRKSP2_7_B1,RTPD,MCE,LMP_ENE_PRC,BDLRKSP2_7_B1,ALL,1,154.02509,4,3
2022-09-01T21:45:00-00:00,2022-09-01T22:00:00-00:00,2022-09-01,15,BDLRKSP2_7_B1,BDLRKSP2_7_B1,BDLRKSP2_7_B1,RTPD,MCE,LMP_ENE_PRC,BDLRKSP2_7_B1,ALL,1,300.29376,4,3
2022-09-01T22:45:00-00:00,2022-09-01T23:00:00-00:00,2022-09-01,16,BDLRKSP2_7_B1,BDLRKSP2_7_B1,BDLRKSP2_7_B1,RTPD,MCE,LMP_ENE_PRC,BDLRKSP2_7_B1,ALL,1,429.9137,4,3
2022-09-01T23:45:00-00:00,2022-09-02T00:00:00-00:00,2022-09-01,17,BDLRKSP2_7_B1,BDLRKSP2_7_B1,BDLRKSP2_7_B1,RTPD,MCE,LMP_ENE_PRC,BDLRKSP2_7_B1,ALL,1,1261.2124,4,3
2022-09-02T00:45:00-00:00,2022-09-02T01:00:00-00:00,2022-09-01,18,BDLRKSP2_7_B1,BDLRKSP2_7_B1,BDLRKSP2_7_B1,RTPD,MCE,LMP_ENE_PRC,BDLRKSP2_7_B1,ALL,1,1519.149,4,3
2022-09-02T01:45:00-00:00,2022-09-02T02:00:00-00:00,2022-09-01,19,BDLRKSP2_7_B1,BDLRKSP2_7_B1,BDLRKSP2_7_B1,RTPD,MCE,LMP_ENE_PRC,BDLRKSP2_7_B1,ALL,1,1991.9337,4,3
2022-09-02T02:45:00-00:00,2022-09-02T03:00:00-00:00,2022-09-01,20,BDLRKSP2_7_B1,BDLRKSP2_7_B1,BDLRKSP2_7_B1,RTPD,MCE,LMP_ENE_PRC,BDLRKSP2_7_B1,ALL,1,1629.6213,4,3
2022-09-02T03:45:00-00:00,2022-09-02T04:00:00-00:00,2022-09-01,21,BDLRKSP2_7_B1,BDLRKSP2_7_B1,BDLRKSP2_7_B1,RTPD,MCE,LMP_ENE_PRC,BDLRKSP2_7_B1,ALL,1,141.13702,4,3
2022-09-02T04:45:00-00:00,2022-09-02T05:00:00-00:00,2022-09-01,22,BDLRKSP2_7_B1,BDLRKSP2_7_B1,BDLRKSP2_7_B1,RTPD,MCE,LMP_ENE_PRC,BDLRKSP2_7_B1,ALL,1,126.76372,4,3
2022-09-02T05:45:00-00:00,2022-09-02T06:00:00-00:00,2022-09-01,23,BDLRKSP2_7_B1,BDLRKSP2_7_B1,BDLRKSP2_7_B1,RTPD,MCE,LMP_ENE_PRC,BDLRKSP2_7_B1,ALL,1,119.00958,4,3
2022-09-02T06:45:00-00:00,2022-09-02T07:00:00-00:00,2022-09-01,24,BDLRKSP2_7_B1,BDLRKSP2_7_B1,BDLRKSP2_7_B1,RTPD,MCE,LMP_ENE_PRC,BDLRKSP2_7_B1,ALL,1,109.20324,4,3
2022-09-01T07:00:00-00:00,2022-09-01T07:15:00-00:00,2022-09-01,01,BDLRKSP2_7_B1,BDLRKSP2_7_B1,BDLRKSP2_7_B1,RTPD,MCL,LMP_LOSS_PRC,BDLRKSP2_7_B1,ALL,1,6.36874,1,4
2022-09-01T08:00:00-00:00,2022-09-01T08:15:00-00:00,2022-09-01,02,BDLRKSP2_7_B1,BDLRKSP2_7_B1,BDLRKSP2_7_B1,RTPD,MCL,LMP_LOSS_PRC,BDLRKSP2_7_B1,ALL,1,0,1,4
2022-09-01T09:00:00-00:00,2022-09-01T09:15:00-00:00,2022-09-01,03,BDLRKSP2_7_B1,BDLRKSP2_7_B1,BDLRKSP2_7_B1,RTPD,MCL,LMP_LOSS_PRC,BDLRKSP2_7_B1,ALL,1,14.37118,1,4
2022-09-01T10:00:00-00:00,2022-09-01T10:15:00-00:00,2022-09-01,04,BDLRKSP2_7_B1,BDLRKSP2_7_B1,BDLRKSP2_7_B1,RTPD,MCL,LMP_LOSS_PRC,BDLRKSP2_7_B1,ALL,1,13.98747,1,4
2022-09-01T11:00:00-00:00,2022-09-01T11:15:00-00:00,2022-09-01,05,BDLRKSP2_7_B1,BDLRKSP2_7_B1,BDLRKSP2_7_B1,RTPD,MCL,LMP_LOSS_PRC,BDLRKSP2_7_B1,ALL,1,13.37494,1,4
2022-09-01T12:00:00-00:00,2022-09-01T12:15:00-00:00,2022-09-01,06,BDLRKSP2_7_B1,BDLRKSP2_7_B1,BDLRKSP2_7_B1,RTPD,MCL,LMP_LOSS_PRC,BDLRKSP2_7_B1,ALL,1,12.43335,1,4
2022-09-01T13:00:00-00:00,2022-09-01T13:15:00-00:00,2022-09-01,07,BDLRKSP2_7_B1,BDLRKSP2_7_B1,BDLRKSP2_7_B1,RTPD,MCL,LMP_LOSS_PRC,BDLRKSP2_7_B1,ALL,1,0,1,4
2022-09-01T14:00:00-00:00,2022-09-01T14:15:00-00:00,2022-09-01,08,BDLRKSP2_7_B1,BDLRKSP2_7_B1,BDLRKSP2_7_B1,RTPD,MCL,LMP_LOSS_PRC,BDLRKSP2_7_B1,ALL,1,12.26679,1,4
2022-09-01T15:00:00-00:00,2022-09-01T15:15:00-00:00,2022-09-01,09,BDLRKSP2_7_B1,BDLRKSP2_7_B1,BDLRKSP2_7_B1,RTPD,MCL,LMP_LOSS_PRC,BDLRKSP2_7_B1,ALL,1,0,1,4
2022-09-01T16:00:00-00:00,2022-09-01T16:15:00-00:00,2022-09-01,10,BDLRKSP2_7_B1,BDLRKSP2_7_B1,BDLRKSP2_7_B1,RTPD,MCL,LMP_LOSS_PRC,BDLRKSP2_7_B1,ALL,1,0,1,4
2022-09-01T17:00:00-00:00,2022-09-01T17:15:00-00:00,2022-09-01,11,BDLRKSP2_7_B1,BDLRKSP2_7_B1,BDLRKSP2_7_B1,RTPD,MCL,LMP_LOSS_PRC,BDLRKSP2_7_B1,ALL,1,0,1,4
2022-09-01T18:00:00-00:00,2022-09-01T18:15:00-00:00,2022-09-01,12,BDLRKSP2_7_B1,BDLRKSP2_7_B1,BDLRKSP2_7_B1,RTPD,MCL,LMP_LOSS_PRC,BDLRKSP2_7_B1,ALL,1,0,1,4
2022-09-01T19:00:00-00:00,2022-09-01T19:15:00-00:00,2022-09-01,13,BDLRKSP2_7_B1,BDLRKSP2_7_B1,BDLRKSP2_7_B1,RTPD,MCL,LMP_LOSS_PRC,BDLRKSP2_7_B1,ALL,1,0,1,4
2022-09-01T20:00:00-00:00,2022-09-01T20:15:00-00:00,2022-09-01,14,BDLRKSP2_7_B1,BDLRKSP2_7_B1,BDLRKSP2_7_B1,RTPD,MCL,LMP_LOSS_PRC,BDLRKSP2_7_B1,ALL,1,0,1,4
2022-09-01T21:00:00-00:00,2022-09-01T21:15:00-00:00,2022-09-01,15,BDLRKSP2_7_B1,BDLRKSP2_7_B1,BDLRKSP2_7_B1,RTPD,MCL,LMP_LOSS_PRC,BDLRKSP2_7_B1,ALL,1,0,1,4
2022-09-01T22:00:00-00:00,2022-09-01T22:15:00-00:00,2022-09-01,16,BDLRKSP2_7_B1,BDLRKSP2_7_B1,BDLRKSP2_7_B1,RTPD,MCL,LMP_LOSS_PRC,BDLRKSP2_7_B1,ALL,1,0,1,4
2022-09-01T23:00:00-00:00,2022-09-01T23:15:00-00:00,2022-09-01,17,BDLRKSP2_7_B1,BDLRKSP2_7_B1,BDLRKSP2_7_B1,RTPD,MCL,LMP_LOSS_PRC,BDLRKSP2_7_B1,ALL,1,0,1,4
2022-09-02T00:00:00-00:00,2022-09-02T00:15:00-00:00,2022-09-01,18,BDLRKSP2_7_B1,BDLRKSP2_7_B1,BDLRKSP2_7_B1,RTPD,MCL,LMP_LOSS_PRC,BDLRKSP2_7_B1,ALL,1,77.05814,1,4
2022-09-02T01:00:00-00:00,2022-09-02T01:15:00-00:00,2022-09-01,19,BDLRKSP2_7_B1,BDLRKSP2_7_B1,BDLRKSP2_7_B1,RTPD,MCL,LMP_LOSS_PRC,BDLRKSP2_7_B1,ALL,1,0,1,4
2022-09-02T02:00:00-00:00,2022-09-02T02:15:00-00:00,2022-09-01,20,BDLRKSP2_7_B1,BDLRKSP2_7_B1,BDLRKSP2_7_B1,RTPD,MCL,LMP_LOSS_PRC,BDLRKSP2_7_B1,ALL,1,0,1,4
2022-09-02T03:00:00-00:00,2022-09-02T03:15:00-00:00,2022-09-01,21,BDLRKSP2_7_B1,BDLRKSP2_7_B1,BDLRKSP2_7_B1,RTPD,MCL,LMP_LOSS_PRC,BDLRKSP2_7_B1,ALL,1,25.59967,1,4
2022-09-02T04:00:00-00:00,2022-09-02T04:15:00-00:00,2022-09-01,22,BDLRKSP2_7_B1,BDLRKSP2_7_B1,BDLRKSP2_7_B1,RTPD,MCL,LMP_LOSS_PRC,BDLRKSP2_7_B1,ALL,1,16.47534,1,4
2022-09-02T05:00:00-00:00,2022-09-02T05:15:00-00:00,2022-09-01,23,BDLRKSP2_7_B1,BDLRKSP2_7_B1,BDLRKSP2_7_B1,RTPD,MCL,LMP_LOSS_PRC,BDLRKSP2_7_B1,ALL,1,19.14927,1,4
2022-09-02T06:00:00-00:00,2022-09-02T06:15:00-00:00,2022-09-01,24,BDLRKSP2_7_B1,BDLRKSP2_7_B1,BDLRKSP2_7_B1,RTPD,MCL,LMP_LOSS_PRC,BDLRKSP2_7_B1,ALL,1,14.39335,1,4
2022-09-01T07:15:00-00:00,2022-09-01T07:30:00-00:00,2022-09-01,01,BDLRKSP2_7_B1,BDLRKSP2_7_B1,BDLRKSP2_7_B1,RTPD,MCL,LMP_LOSS_PRC,BDLRKSP2_7_B1,ALL,1,0,2,4
2022-09-01T08:15:00-00:00,2022-09-01T08:30:00-00:00,2022-09-01,02,BDLRKSP2_7_B1,BDLRKSP2_7_B1,BDLRKSP2_7_B1,RTPD,MCL,LMP_LOSS_PRC,BDLRKSP2_7_B1,ALL,1,0,2,4
2022-09-01T09:15:00-00:00,2022-09-01T09:30:00-00:00,2022-09-01,03,BDLRKSP2_7_B1,BDLRKSP2_7_B1,BDLRKSP2_7_B1,RTPD,MCL,LMP_LOSS_PRC,BDLRKSP2_7_B1,ALL,1,14.07734,2,4
2022-09-01T10:15:00-00:00,2022-09-01T10:30:00-00:00,2022-09-01,04,BDLRKSP2_7_B1,BDLRKSP2_7_B1,BDLRKSP2_7_B1,RTPD,MCL,LMP_LOSS_PRC,BDLRKSP2_7_B1,ALL,1,13.71677,2,4
2022-09-01T11:15:00-00:00,2022-09-01T11:30:00-00:00,2022-09-01,05,BDLRKSP2_7_B1,BDLRKSP2_7_B1,BDLRKSP2_7_B1,RTPD,MCL,LMP_LOSS_PRC,BDLRKSP2_7_B1,ALL,1,13.51518,2,4
2022-09-01T12:15:00-00:00,2022-09-01T12:30:00-00:00,2022-09-01,06,BDLRKSP2_7_B1,BDLRKSP2_7_B1,BDLRKSP2_7_B1,RTPD,MCL,LMP_LOSS_PRC,BDLRKSP2_7_B1,ALL,1,14.23373,2,4
2022-09-01T13:15:00-00:00,2022-09-01T13:30:00-00:00,2022-09-01,07,BDLRKSP2_7_B1,BDLRKSP2_7_B1,BDLRKSP2_7_B1,RTPD,MCL,LMP_LOSS_PRC,BDLRKSP2_7_B1,ALL,1,14.37169,2,4
2022-09-01T14:15:00-00:00,2022-09-01T14:30:00-00:00,2022-09-01,08,BDLRKSP2_7_B1,BDLRKSP2_7_B1,BDLRKSP2_7_B1,RTPD,MCL,LMP_LOSS_PRC,BDLRKSP2_7_B1,ALL,1,11.03412,2,4
2022-09-01T15:15:00-00:00,2022-09-01T15:30:00-00:00,2022-09-01,09,BDLRKSP2_7_B1,BDLRKSP2_7_B1,BDLRKSP2_7_B1,RTPD,MCL,LMP_LOSS_PRC,BDLRKSP2_7_B1,ALL,1,0,2,4
2022-09-01T16:15:00-00:00,2022-09-01T16:30:00-00:00,2022-09-01,10,BDLRKSP2_7_B1,BDLRKSP2_7_B1,BDLRKSP2_7_B1,RTPD,MCL,LMP_LOSS_PRC,BDLRKSP2_7_B1,ALL,1,0,2,4
2022-09-01T17:15:00-00:00,2022-09-01T17:30:00-00:00,2022-09-01,11,BDLRKSP2_7_B1,BDLRKSP2_7_B1,BDLRKSP2_7_B1,RTPD,MCL,LMP_LOSS_PRC,BDLRKSP2_7_B1,ALL,1,0,2,4
2022-09-01T18:15:00-00:00,2022-09-01T18:30:00-00:00,2022-09-01,12,BDLRKSP2_7_B1,BDLRKSP2_7_B1,BDLRKSP2_7_B1,RTPD,MCL,LMP_LOSS_PRC,BDLRKSP2_7_B1,ALL,1,0,2,4
2022-09-01T19:15:00-00:00,2022-09-01T19:30:00-00:00,2022-09-01,13,BDLRKSP2_7_B1,BDLRKSP2_7_B1,BDLRKSP2_7_B1,RTPD,MCL,LMP_LOSS_PRC,BDLRKSP2_7_B1,ALL,1,0,2,4
2022-09-01T20:15:00-00:00,2022-09-01T20:30:00-00:00,2022-09-01,14,BDLRKSP2_7_B1,BDLRKSP2_7_B1,BDLRKSP2_7_B1,RTPD,MCL,LMP_LOSS_PRC,BDLRKSP2_7_B1,ALL,1,0,2,4
2022-09-01T21:15:00-00:00,2022-09-01T21:30:00-00:00,2022-09-01,15,BDLRKSP2_7_B1,BDLRKSP2_7_B1,BDLRKSP2_7_B1,RTPD,MCL,LMP_LOSS_PRC,BDLRKSP2_7_B1,ALL,1,0,2,4
2022-09-01T22:15:00-00:00,2022-09-01T22:30:00-00:00,2022-09-01,16,BDLRKSP2_7_B1,BDLRKSP2_7_B1,BDLRKSP2_7_B1,RTPD,MCL,LMP_LOSS_PRC,BDLRKSP2_7_B1,ALL,1,0,2,4
2022-09-01T23:15:00-00:00,2022-09-01T23:30:00-00:00,2022-09-01,17,BDLRKSP2_7_B1,BDLRKSP2_7_B1,BDLRKSP2_7_B1,RTPD,MCL,LMP_LOSS_PRC,BDLRKSP2_7_B1,ALL,1,0,2,4
2022-09-02T00:15:00-00:00,2022-09-02T00:30:00-00:00,2022-09-01,18,BDLRKSP2_7_B1,BDLRKSP2_7_B1,BDLRKSP2_7_B1,RTPD,MCL,LMP_LOSS_PRC,BDLRKSP2_7_B1,ALL,1,62.55525,2,4
2022-09-02T01:15:00-00:00,2022-09-02T01:30:00-00:00,2022-09-01,19,BDLRKSP2_7_B1,BDLRKSP2_7_B1,BDLRKSP2_7_B1,RTPD,MCL,LMP_LOSS_PRC,BDLRKSP2_7_B1,ALL,1,0,2,4
2022-09-02T02:15:00-00:00,2022-09-02T02:30:00-00:00,2022-09-01,20,BDLRKSP2_7_B1,BDLRKSP2_7_B1,BDLRKSP2_7_B1,RTPD,MCL,LMP_LOSS_PRC,BDLRKSP2_7_B1,ALL,1,0,2,4
2022-09-02T03:15:00-00:00,2022-09-02T03:30:00-00:00,2022-09-01,21,BDLRKSP2_7_B1,BDLRKSP2_7_B1,BDLRKSP2_7_B1,RTPD,MCL,LMP_LOSS_PRC,BDLRKSP2_7_B1,ALL,1,13.77819,2,4
2022-09-02T04:15:00-00:00,2022-09-02T04:30:00-00:00,2022-09-01,22,BDLRKSP2_7_B1,BDLRKSP2_7_B1,BDLRKSP2_7_B1,RTPD,MCL,LMP_LOSS_PRC,BDLRKSP2_7_B1,ALL,1,14.5863,2,4
2022-09-02T05:15:00-00:00,2022-09-02T05:30:00-00:00,2022-09-01,23,BDLRKSP2_7_B1,BDLRKSP2_7_B1,BDLRKSP2_7_B1,RTPD,MCL,LMP_LOSS_PRC,BDLRKSP2_7_B1,ALL,1,15.79055,2,4
2022-09-02T06:15:00-00:00,2022-09-02T06:30:00-00:00,2022-09-01,24,BDLRKSP2_7_B1,BDLRKSP2_7_B1,BDLRKSP2_7_B1,RTPD,MCL,LMP_LOSS_PRC,BDLRKSP2_7_B1,ALL,1,14.32436,2,4
2022-09-01T07:30:00-00:00,2022-09-01T07:45:00-00:00,2022-09-01,01,BDLRKSP2_7_B1,BDLRKSP2_7_B1,BDLRKSP2_7_B1,RTPD,MCL,LMP_LOSS_PRC,BDLRKSP2_7_B1,ALL,1,0,3,4
2022-09-01T08:30:00-00:00,2022-09-01T08:45:00-00:00,2022-09-01,02,BDLRKSP2_7_B1,BDLRKSP2_7_B1,BDLRKSP2_7_B1,RTPD,MCL,LMP_LOSS_PRC,BDLRKSP2_7_B1,ALL,1,15.33351,3,4
2022-09-01T09:30:00-00:00,2022-09-01T09:45:00-00:00,2022-09-01,03,BDLRKSP2_7_B1,BDLRKSP2_7_B1,BDLRKSP2_7_B1,RTPD,MCL,LMP_LOSS_PRC,BDLRKSP2_7_B1,ALL,1,13.89978,3,4
2022-09-01T10:30:00-00:00,2022-09-01T10:45:00-00:00,2022-09-01,04,BDLRKSP2_7_B1,BDLRKSP2_7_B1,BDLRKSP2_7_B1,RTPD,MCL,LMP_LOSS_PRC,BDLRKSP2_7_B1,ALL,1,13.55817,3,4
2022-09-01T11:30:00-00:00,2022-09-01T11:45:00-00:00,2022-09-01,05,BDLRKSP2_7_B1,BDLRKSP2_7_B1,BDLRKSP2_7_B1,RTPD,MCL,LMP_LOSS_PRC,BDLRKSP2_7_B1,ALL,1,13.39806,3,4
2022-09-01T12:30:00-00:00,2022-09-01T12:45:00-00:00,2022-09-01,06,BDLRKSP2_7_B1,BDLRKSP2_7_B1,BDLRKSP2_7_B1,RTPD,MCL,LMP_LOSS_PRC,BDLRKSP2_7_B1,ALL,1,14.2649,3,4
2022-09-01T13:30:00-00:00,2022-09-01T13:45:00-00:00,2022-09-01,07,BDLRKSP2_7_B1,BDLRKSP2_7_B1,BDLRKSP2_7_B1,RTPD,MCL,LMP_LOSS_PRC,BDLRKSP2_7_B1,ALL,1,14.75413,3,4
2022-09-01T14:30:00-00:00,2022-09-01T14:45:00-00:00,2022-09-01,08,BDLRKSP2_7_B1,BDLRKSP2_7_B1,BDLRKSP2_7_B1,RTPD,MCL,LMP_LOSS_PRC,BDLRKSP2_7_B1,ALL,1,9.67426,3,4
2022-09-01T15:30:00-00:00,2022-09-01T15:45:00-00:00,2022-09-01,09,BDLRKSP2_7_B1,BDLRKSP2_7_B1,BDLRKSP2_7_B1,RTPD,MCL,LMP_LOSS_PRC,BDLRKSP2_7_B1,ALL,1,0,3,4
2022-09-01T16:30:00-00:00,2022-09-01T16:45:00-00:00,2022-09-01,10,BDLRKSP2_7_B1,BDLRKSP2_7_B1,BDLRKSP2_7_B1,RTPD,MCL,LMP_LOSS_PRC,BDLRKSP2_7_B1,ALL,1,0,3,4
2022-09-01T17:30:00-00:00,2022-09-01T17:45:00-00:00,2022-09-01,11,BDLRKSP2_7_B1,BDLRKSP2_7_B1,BDLRKSP2_7_B1,RTPD,MCL,LMP_LOSS_PRC,BDLRKSP2_7_B1,ALL,1,0,3,4
2022-09-01T18:30:00-00:00,2022-09-01T18:45:00-00:00,2022-09-01,12,BDLRKSP2_7_B1,BDLRKSP2_7_B1,BDLRKSP2_7_B1,RTPD,MCL,LMP_LOSS_PRC,BDLRKSP2_7_B1,ALL,1,0,3,4
2022-09-01T19:30:00-00:00,2022-09-01T19:45:00-00:00,2022-09-01,13,BDLRKSP2_7_B1,BDLRKSP2_7_B1,BDLRKSP2_7_B1,RTPD,MCL,LMP_LOSS_PRC,BDLRKSP2_7_B1,ALL,1,0,3,4
2022-09-01T20:30:00-00:00,2022-09-01T20:45:00-00:00,2022-09-01,14,BDLRKSP2_7_B1,BDLRKSP2_7_B1,BDLRKSP2_7_B1,RTPD,MCL,LMP_LOSS_PRC,BDLRKSP2_7_B1,ALL,1,0,3,4
2022-09-01T21:30:00-00:00,2022-09-01T21:45:00-00:00,2022-09-01,15,BDLRKSP2_7_B1,BDLRKSP2_7_B1,BDLRKSP2_7_B1,RTPD,MCL,LMP_LOSS_PRC,BDLRKSP2_7_B1,ALL,1,0,3,4
2022-09-01T22:30:00-00:00,2022-09-01T22:45:00-00:00,2022-09-01,16,BDLRKSP2_7_B1,BDLRKSP2_7_B1,BDLRKSP2_7_B1,RTPD,MCL,LMP_LOSS_PRC,BDLRKSP2_7_B1,ALL,1,0,3,4
2022-09-01T23:30:00-00:00,2022-09-01T23:45:00-00:00,2022-09-01,17,BDLRKSP2_7_B1,BDLRKSP2_7_B1,BDLRKSP2_7_B1,RTPD,MCL,LMP_LOSS_PRC,BDLRKSP2_7_B1,ALL,1,0,3,4
2022-09-02T00:30:00-00:00,2022-09-02T00:45:00-00:00,2022-09-01,18,BDLRKSP2_7_B1,BDLRKSP2_7_B1,BDLRKSP2_7_B1,RTPD,MCL,LMP_LOSS_PRC,BDLRKSP2_7_B1,ALL,1,0,3,4
2022-09-02T01:30:00-00:00,2022-09-02T01:45:00-00:00,2022-09-01,19,BDLRKSP2_7_B1,BDLRKSP2_7_B1,BDLRKSP2_7_B1,RTPD,MCL,LMP_LOSS_PRC,BDLRKSP2_7_B1,ALL,1,0,3,4
2022-09-02T02:30:00-00:00,2022-09-02T02:45:00-00:00,2022-09-01,20,BDLRKSP2_7_B1,BDLRKSP2_7_B1,BDLRKSP2_7_B1,RTPD,MCL,LMP_LOSS_PRC,BDLRKSP2_7_B1,ALL,1,0,3,4
2022-09-02T03:30:00-00:00,2022-09-02T03:45:00-00:00,2022-09-01,21,BDLRKSP2_7_B1,BDLRKSP2_7_B1,BDLRKSP2_7_B1,RTPD,MCL,LMP_LOSS_PRC,BDLRKSP2_7_B1,ALL,1,7.93127,3,4
2022-09-02T04:30:00-00:00,2022-09-02T04:45:00-00:00,2022-09-01,22,BDLRKSP2_7_B1,BDLRKSP2_7_B1,BDLRKSP2_7_B1,RTPD,MCL,LMP_LOSS_PRC,BDLRKSP2_7_B1,ALL,1,21.3923,3,4
2022-09-02T05:30:00-00:00,2022-09-02T05:45:00-00:00,2022-09-01,23,BDLRKSP2_7_B1,BDLRKSP2_7_B1,BDLRKSP2_7_B1,RTPD,MCL,LMP_LOSS_PRC,BDLRKSP2_7_B1,ALL,1,14.82933,3,4
2022-09-02T06:30:00-00:00,2022-09-02T06:45:00-00:00,2022-09-01,24,BDLRKSP2_7_B1,BDLRKSP2_7_B1,BDLRKSP2_7_B1,RTPD,MCL,LMP_LOSS_PRC,BDLRKSP2_7_B1,ALL,1,13.07929,3,4
2022-09-01T07:45:00-00:00,2022-09-01T08:00:00-00:00,2022-09-01,01,BDLRKSP2_7_B1,BDLRKSP2_7_B1,BDLRKSP2_7_B1,RTPD,MCL,LMP_LOSS_PRC,BDLRKSP2_7_B1,ALL,1,0,4,4
2022-09-01T08:45:00-00:00,2022-09-01T09:00:00-00:00,2022-09-01,02,BDLRKSP2_7_B1,BDLRKSP2_7_B1,BDLRKSP2_7_B1,RTPD,MCL,LMP_LOSS_PRC,BDLRKSP2_7_B1,ALL,1,13.76376,4,4
2022-09-01T09:45:00-00:00,2022-09-01T10:00:00-00:00,2022-09-01,03,BDLRKSP2_7_B1,BDLRKSP2_7_B1,BDLRKSP2_7_B1,RTPD,MCL,LMP_LOSS_PRC,BDLRKSP2_7_B1,ALL,1,13.65066,4,4
2022-09-01T10:45:00-00:00,2022-09-01T11:00:00-00:00,2022-09-01,04,BDLRKSP2_7_B1,BDLRKSP2_7_B1,BDLRKSP2_7_B1,RTPD,MCL,LMP_LOSS_PRC,BDLRKSP2_7_B1,ALL,1,13.29864,4,4
2022-09-01T11:45:00-00:00,2022-09-01T12:00:00-00:00,2022-09-01,05,BDLRKSP2_7_B1,BDLRKSP2_7_B1,BDLRKSP2_7_B1,RTPD,MCL,LMP_LOSS_PRC,BDLRKSP2_7_B1,ALL,1,0,4,4
2022-09-01T12:45:00-00:00,2022-09-01T13:00:00-00:00,2022-09-01,06,BDLRKSP2_7_B1,BDLRKSP2_7_B1,BDLRKSP2_7_B1,RTPD,MCL,LMP_LOSS_PRC,BDLRKSP2_7_B1,ALL,1,0,4,4
2022-09-01T13:45:00-00:00,2022-09-01T14:00:00-00:00,2022-09-01,07,BDLRKSP2_7_B1,BDLRKSP2_7_B1,BDLRKSP2_7_B1,RTPD,MCL,LMP_LOSS_PRC,BDLRKSP2_7_B1,ALL,1,0,4,4
2022-09-01T14:45:00-00:00,2022-09-01T15:00:00-00:00,2022-09-01,08,BDLRKSP2_7_B1,BDLRKSP2_7_B1,BDLRKSP2_7_B1,RTPD,MCL,LMP_LOSS_PRC,BDLRKSP2_7_B1,ALL,1,0,4,4
2022-09-01T15:45:00-00:00,2022-09-01T16:00:00-00:00,2022-09-01,09,BDLRKSP2_7_B1,BDLRKSP2_7_B1,BDLRKSP2_7_B1,RTPD,MCL,LMP_LOSS_PRC,BDLRKSP2_7_B1,ALL,1,0,4,4
2022-09-01T16:45:00-00:00,2022-09-01T17:00:00-00:00,2022-09-01,10,BDLRKSP2_7_B1,BDLRKSP2_7_B1,BDLRKSP2_7_B1,RTPD,MCL,LMP_LOSS_PRC,BDLRKSP2_7_B1,ALL,1,0,4,4
2022-09-01T17:45:00-00:00,2022-09-01T18:00:00-00:00,2022-09-01,11,BDLRKSP2_7_B1,BDLRKSP2_7_B1,BDLRKSP2_7_B1,RTPD,MCL,LMP_LOSS_PRC,BDLRKSP2_7_B1,ALL,1,0,4,4
2022-09-01T18:45:00-00:00,2022-09-01T19:00:00-00:00,2022-09-01,12,BDLRKSP2_7_B1,BDLRKSP2_7_B1,BDLRKSP2_7_B1,RTPD,MCL,LMP_LOSS_PRC,BDLRKSP2_7_B1,ALL,1,0,4,4
2022-09-01T19:45:00-00:00,2022-09-01T20:00:00-00:00,2022-09-01,13,BDLRKSP2_7_B1,BDLRKSP2_7_B1,BDLRKSP2_7_B1,RTPD,MCL,LMP_LOSS_PRC,BDLRKSP2_7_B1,ALL,1,0,4,4
2022-09-01T20:45:00-00:00,2022-09-01T21:00:00-00:00,2022-09-01,14,BDLRKSP2_7_B1,BDLRKSP2_7_B1,BDLRKSP2_7_B1,RTPD,MCL,LMP_LOSS_PRC,BDLRKSP2_7_B1,ALL,1,0,4,4
2022-09-01T21:45:00-00:00,2022-09-01T22:00:00-00:00,2022-09-01,15,BDLRKSP2_7_B1,BDLRKSP2_7_B1,BDLRKSP2_7_B1,RTPD,MCL,LMP_LOSS_PRC,BDLRKSP2_7_B1,ALL,1,0,4,4
2022-09-01T22:45:00-00:00,2022-09-01T23:00:00-00:00,2022-09-01,16,BDLRKSP2_7_B1,BDLRKSP2_7_B1,BDLRKSP2_7_B1,RTPD,MCL,LMP_LOSS_PRC,BDLRKSP2_7_B1,ALL,1,0,4,4
2022-09-01T23:45:00-00:00,2022-09-02T00:00:00-00:00,2022-09-01,17,BDLRKSP2_7_B1,BDLRKSP2_7_B1,BDLRKSP2_7_B1,RTPD,MCL,LMP_LOSS_PRC,BDLRKSP2_7_B1,ALL,1,0,4,4
2022-09-02T00:45:00-00:00,2022-09-02T01:00:00-00:00,2022-09-01,18,BDLRKSP2_7_B1,BDLRKSP2_7_B1,BDLRKSP2_7_B1,RTPD,MCL,LMP_LOSS_PRC,BDLRKSP2_7_B1,ALL,1,0,4,4
2022-09-02T01:45:00-00:00,2022-09-02T02:00:00-00:00,2022-09-01,19,BDLRKSP2_7_B1,BDLRKSP2_7_B1,BDLRKSP2_7_B1,RTPD,MCL,LMP_LOSS_PRC,BDLRKSP2_7_B1,ALL,1,0,4,4
2022-09-02T02:45:00-00:00,2022-09-02T03:00:00-00:00,2022-09-01,20,BDLRKSP2_7_B1,BDLRKSP2_7_B1,BDLRKSP2_7_B1,RTPD,MCL,LMP_LOSS_PRC,BDLRKSP2_7_B1,ALL,1,128.08824,4,4
2022-09-02T03:45:00-00:00,2022-09-02T04:00:00-00:00,2022-09-01,21,BDLRKSP2_7_B1,BDLRKSP2_7_B1,BDLRKSP2_7_B1,RTPD,MCL,LMP_LOSS_PRC,BDLRKSP2_7_B1,ALL,1,8.10126,4,4
2022-09-02T04:45:00-00:00,2022-09-02T05:00:00-00:00,2022-09-01,22,BDLRKSP2_7_B1,BDLRKSP2_7_B1,BDLRKSP2_7_B1,RTPD,MCL,LMP_LOSS_PRC,BDLRKSP2_7_B1,ALL,1,13.90598,4,4
2022-09-02T05:45:00-00:00,2022-09-02T06:00:00-00:00,2022-09-01,23,BDLRKSP2_7_B1,BDLRKSP2_7_B1,BDLRKSP2_7_B1,RTPD,MCL,LMP_LOSS_PRC,BDLRKSP2_7_B1,ALL,1,12.93634,4,4
2022-09-02T06:45:00-00:00,2022-09-02T07:00:00-00:00,2022-09-01,24,BDLRKSP2_7_B1,BDLRKSP2_7_B1,BDLRKSP2_7_B1,RTPD,MCL,LMP_LOSS_PRC,BDLRKSP2_7_B1,ALL,1,10.55995,4,4
2022-09-01T07:00:00-00:00,2022-09-01T07:15:00-00:00,2022-09-01,01,BDLRKSP2_7_B1,BDLRKSP2_7_B1,BDLRKSP2_7_B1,RTPD,MGHG,LMP_GHG_PRC,BDLRKSP2_7_B1,ALL,1,0,1,5
2022-09-01T08:00:00-00:00,2022-09-01T08:15:00-00:00,2022-09-01,02,BDLRKSP2_7_B1,BDLRKSP2_7_B1,BDLRKSP2_7_B1,RTPD,MGHG,LMP_GHG_PRC,BDLRKSP2_7_B1,ALL,1,0,1,5
2022-09-01T09:00:00-00:00,2022-09-01T09:15:00-00:00,2022-09-01,03,BDLRKSP2_7_B1,BDLRKSP2_7_B1,BDLRKSP2_7_B1,RTPD,MGHG,LMP_GHG_PRC,BDLRKSP2_7_B1,ALL,1,0,1,5
2022-09-01T10:00:00-00:00,2022-09-01T10:15:00-00:00,2022-09-01,04,BDLRKSP2_7_B1,BDLRKSP2_7_B1,BDLRKSP2_7_B1,RTPD,MGHG,LMP_GHG_PRC,BDLRKSP2_7_B1,ALL,1,0,1,5
2022-09-01T11:00:00-00:00,2022-09-01T11:15:00-00:00,2022-09-01,05,BDLRKSP2_7_B1,BDLRKSP2_7_B1,BDLRKSP2_7_B1,RTPD,MGHG,LMP_GHG_PRC,BDLRKSP2_7_B1,ALL,1,0,1,5
2022-09-01T12:00:00-00:00,2022-09-01T12:15:00-00:00,2022-09-01,06,BDLRKSP2_7_B1,BDLRKSP2_7_B1,BDLRKSP2_7_B1,RTPD,MGHG,LMP_GHG_PRC,BDLRKSP2_7_B1,ALL,1,0,1,5
2022-09-01T13:00:00-00:00,2022-09-01T13:15:00-00:00,2022-09-01,07,BDLRKSP2_7_B1,BDLRKSP2_7_B1,BDLRKSP2_7_B1,RTPD,MGHG,LMP_GHG_PRC,BDLRKSP2_7_B1,ALL,1,0,1,5
2022-09-01T14:00:00-00:00,2022-09-01T14:15:00-00:00,2022-09-01,08,BDLRKSP2_7_B1,BDLRKSP2_7_B1,BDLRKSP2_7_B1,RTPD,MGHG,LMP_GHG_PRC,BDLRKSP2_7_B1,ALL,1,0,1,5
2022-09-01T15:00:00-00:00,2022-09-01T15:15:00-00:00,2022-09-01,09,BDLRKSP2_7_B1,BDLRKSP2_7_B1,BDLRKSP2_7_B1,RTPD,MGHG,LMP_GHG_PRC,BDLRKSP2_7_B1,ALL,1,0,1,5
2022-09-01T16:00:00-00:00,2022-09-01T16:15:00-00:00,2022-09-01,10,BDLRKSP2_7_B1,BDLRKSP2_7_B1,BDLRKSP2_7_B1,RTPD,MGHG,LMP_GHG_PRC,BDLRKSP2_7_B1,ALL,1,0,1,5
2022-09-01T17:00:00-00:00,2022-09-01T17:15:00-00:00,2022-09-01,11,BDLRKSP2_7_B1,BDLRKSP2_7_B1,BDLRKSP2_7_B1,RTPD,MGHG,LMP_GHG_PRC,BDLRKSP2_7_B1,ALL,1,0,1,5
2022-09-01T18:00:00-00:00,2022-09-01T18:15:00-00:00,2022-09-01,12,BDLRKSP2_7_B1,BDLRKSP2_7_B1,BDLRKSP2_7_B1,RTPD,MGHG,LMP_GHG_PRC,BDLRKSP2_7_B1,ALL,1,0,1,5
2022-09-01T19:00:00-00:00,2022-09-01T19:15:00-00:00,2022-09-01,13,BDLRKSP2_7_B1,BDLRKSP2_7_B1,BDLRKSP2_7_B1,RTPD,MGHG,LMP_GHG_PRC,BDLRKSP2_7_B1,ALL,1,0,1,5
2022-09-01T20:00:00-00:00,2022-09-01T20:15:00-00:00,2022-09-01,14,BDLRKSP2_7_B1,BDLRKSP2_7_B1,BDLRKSP2_7_B1,RTPD,MGHG,LMP_GHG_PRC,BDLRKSP2_7_B1,ALL,1,0,1,5
2022-09-01T21:00:00-00:00,2022-09-01T21:15:00-00:00,2022-09-01,15,BDLRKSP2_7_B1,BDLRKSP2_7_B1,BDLRKSP2_7_B1,RTPD,MGHG,LMP_GHG_PRC,BDLRKSP2_7_B1,ALL,1,0,1,5
2022-09-01T22:00:00-00:00,2022-09-01T22:15:00-00:00,2022-09-01,16,BDLRKSP2_7_B1,BDLRKSP2_7_B1,BDLRKSP2_7_B1,RTPD,MGHG,LMP_GHG_PRC,BDLRKSP2_7_B1,ALL,1,0,1,5
2022-09-01T23:00:00-00:00,2022-09-01T23:15:00-00:00,2022-09-01,17,BDLRKSP2_7_B1,BDLRKSP2_7_B1,BDLRKSP2_7_B1,RTPD,MGHG,LMP_GHG_PRC,BDLRKSP2_7_B1,ALL,1,0,1,5
2022-09-02T00:00:00-00:00,2022-09-02T00:15:00-00:00,2022-09-01,18,BDLRKSP2_7_B1,BDLRKSP2_7_B1,BDLRKSP2_7_B1,RTPD,MGHG,LMP_GHG_PRC,BDLRKSP2_7_B1,ALL,1,0,1,5
2022-09-02T01:00:00-00:00,2022-09-02T01:15:00-00:00,2022-09-01,19,BDLRKSP2_7_B1,BDLRKSP2_7_B1,BDLRKSP2_7_B1,RTPD,MGHG,LMP_GHG_PRC,BDLRKSP2_7_B1,ALL,1,0,1,5
2022-09-02T02:00:00-00:00,2022-09-02T02:15:00-00:00,2022-09-01,20,BDLRKSP2_7_B1,BDLRKSP2_7_B1,BDLRKSP2_7_B1,RTPD,MGHG,LMP_GHG_PRC,BDLRKSP2_7_B1,ALL,1,0,1,5
2022-09-02T03:00:00-00:00,2022-09-02T03:15:00-00:00,2022-09-01,21,BDLRKSP2_7_B1,BDLRKSP2_7_B1,BDLRKSP2_7_B1,RTPD,MGHG,LMP_GHG_PRC,BDLRKSP2_7_B1,ALL,1,0,1,5
2022-09-02T04:00:00-00:00,2022-09-02T04:15:00-00:00,2022-09-01,22,BDLRKSP2_7_B1,BDLRKSP2_7_B1,BDLRKSP2_7_B1,RTPD,MGHG,LMP_GHG_PRC,BDLRKSP2_7_B1,ALL,1,0,1,5
2022-09-02T05:00:00-00:00,2022-09-02T05:15:00-00:00,2022-09-01,23,BDLRKSP2_7_B1,BDLRKSP2_7_B1,BDLRKSP2_7_B1,RTPD,MGHG,LMP_GHG_PRC,BDLRKSP2_7_B1,ALL,1,0,1,5
2022-09-02T06:00:00-00:00,2022-09-02T06:15:00-00:00,2022-09-01,24,BDLRKSP2_7_B1,BDLRKSP2_7_B1,BDLRKSP2_7_B1,RTPD,MGHG,LMP_GHG_PRC,BDLRKSP2_7_B1,ALL,1,0,1,5
2022-09-01T07:15:00-00:00,2022-09-01T07:30:00-00:00,2022-09-01,01,BDLRKSP2_7_B1,BDLRKSP2_7_B1,BDLRKSP2_7_B1,RTPD,MGHG,LMP_GHG_PRC,BDLRKSP2_7_B1,ALL,1,0,2,5
2022-09-01T08:15:00-00:00,2022-09-01T08:30:00-00:00,2022-09-01,02,BDLRKSP2_7_B1,BDLRKSP2_7_B1,BDLRKSP2_7_B1,RTPD,MGHG,LMP_GHG_PRC,BDLRKSP2_7_B1,ALL,1,0,2,5
2022-09-01T09:15:00-00:00,2022-09-01T09:30:00-00:00,2022-09-01,03,BDLRKSP2_7_B1,BDLRKSP2_7_B1,BDLRKSP2_7_B1,RTPD,MGHG,LMP_GHG_PRC,BDLRKSP2_7_B1,ALL,1,0,2,5
2022-09-01T10:15:00-00:00,2022-09-01T10:30:00-00:00,2022-09-01,04,BDLRKSP2_7_B1,BDLRKSP2_7_B1,BDLRKSP2_7_B1,RTPD,MGHG,LMP_GHG_PRC,BDLRKSP2_7_B1,ALL,1,0,2,5
2022-09-01T11:15:00-00:00,2022-09-01T11:30:00-00:00,2022-09-01,05,BDLRKSP2_7_B1,BDLRKSP2_7_B1,BDLRKSP2_7_B1,RTPD,MGHG,LMP_GHG_PRC,BDLRKSP2_7_B1,ALL,1,0,2,5
2022-09-01T12:15:00-00:00,2022-09-01T12:30:00-00:00,2022-09-01,06,BDLRKSP2_7_B1,BDLRKSP2_7_B1,BDLRKSP2_7_B1,RTPD,MGHG,LMP_GHG_PRC,BDLRKSP2_7_B1,ALL,1,0,2,5
2022-09-01T13:15:00-00:00,2022-09-01T13:30:00-00:00,2022-09-01,07,BDLRKSP2_7_B1,BDLRKSP2_7_B1,BDLRKSP2_7_B1,RTPD,MGHG,LMP_GHG_PRC,BDLRKSP2_7_B1,ALL,1,0,2,5
2022-09-01T14:15:00-00:00,2022-09-01T14:30:00-00:00,2022-09-01,08,BDLRKSP2_7_B1,BDLRKSP2_7_B1,BDLRKSP2_7_B1,RTPD,MGHG,LMP_GHG_PRC,BDLRKSP2_7_B1,ALL,1,0,2,5
2022-09-01T15:15:00-00:00,2022-09-01T15:30:00-00:00,2022-09-01,09,BDLRKSP2_7_B1,BDLRKSP2_7_B1,BDLRKSP2_7_B1,RTPD,MGHG,LMP_GHG_PRC,BDLRKSP2_7_B1,ALL,1,0,2,5
2022-09-01T16:15:00-00:00,2022-09-01T16:30:00-00:00,2022-09-01,10,BDLRKSP2_7_B1,BDLRKSP2_7_B1,BDLRKSP2_7_B1,RTPD,MGHG,LMP_GHG_PRC,BDLRKSP2_7_B1,ALL,1,0,2,5
2022-09-01T17:15:00-00:00,2022-09-01T17:30:00-00:00,2022-09-01,11,BDLRKSP2_7_B1,BDLRKSP2_7_B1,BDLRKSP2_7_B1,RTPD,MGHG,LMP_GHG_PRC,BDLRKSP2_7_B1,ALL,1,0,2,5
2022-09-01T18:15:00-00:00,2022-09-01T18:30:00-00:00,2022-09-01,12,BDLRKSP2_7_B1,BDLRKSP2_7_B1,BDLRKSP2_7_B1,RTPD,MGHG,LMP_GHG_PRC,BDLRKSP2_7_B1,ALL,1,0,2,5
2022-09-01T19:15:00-00:00,2022-09-01T19:30:00-00:00,2022-09-01,13,BDLRKSP2_7_B1,BDLRKSP2_7_B1,BDLRKSP2_7_B1,RTPD,MGHG,LMP_GHG_PRC,BDLRKSP2_7_B1,ALL,1,0,2,5
2022-09-01T20:15:00-00:00,2022-09-01T20:30:00-00:00,2022-09-01,14,BDLRKSP2_7_B1,BDLRKSP2_7_B1,BDLRKSP2_7_B1,RTPD,MGHG,LMP_GHG_PRC,BDLRKSP2_7_B1,ALL,1,0,2,5
2022-09-01T21:15:00-00:00,2022-09-01T21:30:00-00:00,2022-09-01,15,BDLRKSP2_7_B1,BDLRKSP2_7_B1,BDLRKSP2_7_B1,RTPD,MGHG,LMP_GHG_PRC,BDLRKSP2_7_B1,ALL,1,0,2,5
2022-09-01T22:15:00-00:00,2022-09-01T22:30:00-00:00,2022-09-01,16,BDLRKSP2_7_B1,BDLRKSP2_7_B1,BDLRKSP2_7_B1,RTPD,MGHG,LMP_GHG_PRC,BDLRKSP2_7_B1,ALL,1,0,2,5
2022-09-01T23:15:00-00:00,2022-09-01T23:30:00-00:00,2022-09-01,17,BDLRKSP2_7_B1,BDLRKSP2_7_B1,BDLRKSP2_7_B1,RTPD,MGHG,LMP_GHG_PRC,BDLRKSP2_7_B1,ALL,1,0,2,5
2022-09-02T00:15:00-00:00,2022-09-02T00:30:00-00:00,2022-09-01,18,BDLRKSP2_7_B1,BDLRKSP2_7_B1,BDLRKSP2_7_B1,RTPD,MGHG,LMP_GHG_PRC,BDLRKSP2_7_B1,ALL,1,0,2,5
2022-09-02T01:15:00-00:00,2022-09-02T01:30:00-00:00,2022-09-01,19,BDLRKSP2_7_B1,BDLRKSP2_7_B1,BDLRKSP2_7_B1,RTPD,MGHG,LMP_GHG_PRC,BDLRKSP2_7_B1,ALL,1,0,2,5
2022-09-02T02:15:00-00:00,2022-09-02T02:30:00-00:00,2022-09-01,20,BDLRKSP2_7_B1,BDLRKSP2_7_B1,BDLRKSP2_7_B1,RTPD,MGHG,LMP_GHG_PRC,BDLRKSP2_7_B1,ALL,1,0,2,5
2022-09-02T03:15:00-00:00,2022-09-02T03:30:00-00:00,2022-09-01,21,BDLRKSP2_7_B1,BDLRKSP2_7_B1,BDLRKSP2_7_B1,RTPD,MGHG,LMP_GHG_PRC,BDLRKSP2_7_B1,ALL,1,0,2,5
2022-09-02T04:15:00-00:00,2022-09-02T04:30:00-00:00,2022-09-01,22,BDLRKSP2_7_B1,BDLRKSP2_7_B1,BDLRKSP2_7_B1,RTPD,MGHG,LMP_GHG_PRC,BDLRKSP2_7_B1,ALL,1,0,2,5
2022-09-02T05:15:00-00:00,2022-09-02T05:30:00-00:00,2022-09-01,23,BDLRKSP2_7_B1,BDLRKSP2_7_B1,BDLRKSP2_7_B1,RTPD,MGHG,LMP_GHG_PRC,BDLRKSP2_7_B1,ALL,1,0,2,5
2022-09-02T06:15:00-00:00,2022-09-02T06:30:00-00:00,2022-09-01,24,BDLRKSP2_7_B1,BDLRKSP2_7_B1,BDLRKSP2_7_B1,RTPD,MGHG,LMP_GHG_PRC,BDLRKSP2_7_B1,ALL,1,0,2,5
2022-09-01T07:30:00-00:00,2022-09-01T07:45:00-00:00,2022-09-01,01,BDLRKSP2_7_B1,BDLRKSP2_7_B1,BDLRKSP2_7_B1,RTPD,MGHG,LMP_GHG_PRC,BDLRKSP2_7_B1,ALL,1,0,3,5
2022-09-01T08:30:00-00:00,2022-09-01T08:45:00-00:00,2022-09-01,02,BDLRKSP2_7_B1,BDLRKSP2_7_B1,BDLRKSP2_7_B1,RTPD,MGHG,LMP_GHG_PRC,BDLRKSP2_7_B1,ALL,1,0,3,5
2022-09-01T09:30:00-00:00,2022-09-01T09:45:00-00:00,2022-09-01,03,BDLRKSP2_7_B1,BDLRKSP2_7_B1,BDLRKSP2_7_B1,RTPD,MGHG,LMP_GHG_PRC,BDLRKSP2_7_B1,ALL,1,0,3,5
2022-09-01T10:30:00-00:00,2022-09-01T10:45:00-00:00,2022-09-01,04,BDLRKSP2_7_B1,BDLRKSP2_7_B1,BDLRKSP2_7_B1,RTPD,MGHG,LMP_GHG_PRC,BDLRKSP2_7_B1,ALL,1,0,3,5
2022-09-01T11:30:00-00:00,2022-09-01T11:45:00-00:00,2022-09-01,05,BDLRKSP2_7_B1,BDLRKSP2_7_B1,BDLRKSP2_7_B1,RTPD,MGHG,LMP_GHG_PRC,BDLRKSP2_7_B1,ALL,1,0,3,5
2022-09-01T12:30:00-00:00,2022-09-01T12:45:00-00:00,2022-09-01,06,BDLRKSP2_7_B1,BDLRKSP2_7_B1,BDLRKSP2_7_B1,RTPD,MGHG,LMP_GHG_PRC,BDLRKSP2_7_B1,ALL,1,0,3,5
2022-09-01T13:30:00-00:00,2022-09-01T13:45:00-00:00,2022-09-01,07,BDLRKSP2_7_B1,BDLRKSP2_7_B1,BDLRKSP2_7_B1,RTPD,MGHG,LMP_GHG_PRC,BDLRKSP2_7_B1,ALL,1,0,3,5
2022-09-01T14:30:00-00:00,2022-09-01T14:45:00-00:00,2022-09-01,08,BDLRKSP2_7_B1,BDLRKSP2_7_B1,BDLRKSP2_7_B1,RTPD,MGHG,LMP_GHG_PRC,BDLRKSP2_7_B1,ALL,1,0,3,5
2022-09-01T15:30:00-00:00,2022-09-01T15:45:00-00:00,2022-09-01,09,BDLRKSP2_7_B1,BDLRKSP2_7_B1,BDLRKSP2_7_B1,RTPD,MGHG,LMP_GHG_PRC,BDLRKSP2_7_B1,ALL,1,0,3,5
2022-09-01T16:30:00-00:00,2022-09-01T16:45:00-00:00,2022-09-01,10,BDLRKSP2_7_B1,BDLRKSP2_7_B1,BDLRKSP2_7_B1,RTPD,MGHG,LMP_GHG_PRC,BDLRKSP2_7_B1,ALL,1,0,3,5
2022-09-01T17:30:00-00:00,2022-09-01T17:45:00-00:00,2022-09-01,11,BDLRKSP2_7_B1,BDLRKSP2_7_B1,BDLRKSP2_7_B1,RTPD,MGHG,LMP_GHG_PRC,BDLRKSP2_7_B1,ALL,1,0,3,5
2022-09-01T18:30:00-00:00,2022-09-01T18:45:00-00:00,2022-09-01,12,BDLRKSP2_7_B1,BDLRKSP2_7_B1,BDLRKSP2_7_B1,RTPD,MGHG,LMP_GHG_PRC,BDLRKSP2_7_B1,ALL,1,0,3,5
2022-09-01T19:30:00-00:00,2022-09-01T19:45:00-00:00,2022-09-01,13,BDLRKSP2_7_B1,BDLRKSP2_7_B1,BDLRKSP2_7_B1,RTPD,MGHG,LMP_GHG_PRC,BDLRKSP2_7_B1,ALL,1,0,3,5
2022-09-01T20:30:00-00:00,2022-09-01T20:45:00-00:00,2022-09-01,14,BDLRKSP2_7_B1,BDLRKSP2_7_B1,BDLRKSP2_7_B1,RTPD,MGHG,LMP_GHG_PRC,BDLRKSP2_7_B1,ALL,1,0,3,5
2022-09-01T21:30:00-00:00,2022-09-01T21:45:00-00:00,2022-09-01,15,BDLRKSP2_7_B1,BDLRKSP2_7_B1,BDLRKSP2_7_B1,RTPD,MGHG,LMP_GHG_PRC,BDLRKSP2_7_B1,ALL,1,0,3,5
2022-09-01T22:30:00-00:00,2022-09-01T22:45:00-00:00,2022-09-01,16,BDLRKSP2_7_B1,BDLRKSP2_7_B1,BDLRKSP2_7_B1,RTPD,MGHG,LMP_GHG_PRC,BDLRKSP2_7_B1,ALL,1,0,3,5
2022-09-01T23:30:00-00:00,2022-09-01T23:45:00-00:00,2022-09-01,17,BDLRKSP2_7_B1,BDLRKSP2_7_B1,BDLRKSP2_7_B1,RTPD,MGHG,LMP_GHG_PRC,BDLRKSP2_7_B1,ALL,1,0,3,5
2022-09-02T00:30:00-00:00,2022-09-02T00:45:00-00:00,2022-09-01,18,BDLRKSP2_7_B1,BDLRKSP2_7_B1,BDLRKSP2_7_B1,RTPD,MGHG,LMP_GHG_PRC,BDLRKSP2_7_B1,ALL,1,0,3,5
2022-09-02T01:30:00-00:00,2022-09-02T01:45:00-00:00,2022-09-01,19,BDLRKSP2_7_B1,BDLRKSP2_7_B1,BDLRKSP2_7_B1,RTPD,MGHG,LMP_GHG_PRC,BDLRKSP2_7_B1,ALL,1,0,3,5
2022-09-02T02:30:00-00:00,2022-09-02T02:45:00-00:00,2022-09-01,20,BDLRKSP2_7_B1,BDLRKSP2_7_B1,BDLRKSP2_7_B1,RTPD,MGHG,LMP_GHG_PRC,BDLRKSP2_7_B1,ALL,1,0,3,5
2022-09-02T03:30:00-00:00,2022-09-02T03:45:00-00:00,2022-09-01,21,BDLRKSP2_7_B1,BDLRKSP2_7_B1,BDLRKSP2_7_B1,RTPD,MGHG,LMP_GHG_PRC,BDLRKSP2_7_B1,ALL,1,0,3,5
2022-09-02T04:30:00-00:00,2022-09-02T04:45:00-00:00,2022-09-01,22,BDLRKSP2_7_B1,BDLRKSP2_7_B1,BDLRKSP2_7_B1,RTPD,MGHG,LMP_GHG_PRC,BDLRKSP2_7_B1,ALL,1,0,3,5
2022-09-02T05:30:00-00:00,2022-09-02T05:45:00-00:00,2022-09-01,23,BDLRKSP2_7_B1,BDLRKSP2_7_B1,BDLRKSP2_7_B1,RTPD,MGHG,LMP_GHG_PRC,BDLRKSP2_7_B1,ALL,1,0,3,5
2022-09-02T06:30:00-00:00,2022-09-02T06:45:00-00:00,2022-09-01,24,BDLRKSP2_7_B1,BDLRKSP2_7_B1,BDLRKSP2_7_B1,RTPD,MGHG,LMP_GHG_PRC,BDLRKSP2_7_B1,ALL,1,0,3,5
2022-09-01T07:45:00-00:00,2022-09-01T08:00:00-00:00,2022-09-01,01,BDLRKSP2_7_B1,BDLRKSP2_7_B1,BDLRKSP2_7_B1,RTPD,MGHG,LMP_GHG_PRC,BDLRKSP2_7_B1,ALL,1,0,4,5
2022-09-01T08:45:00-00:00,2022-09-01T09:00:00-00:00,2022-09-01,02,BDLRKSP2_7_B1,BDLRKSP2_7_B1,BDLRKSP2_7_B1,RTPD,MGHG,LMP_GHG_PRC,BDLRKSP2_7_B1,ALL,1,0,4,5
2022-09-01T09:45:00-00:00,2022-09-01T10:00:00-00:00,2022-09-01,03,BDLRKSP2_7_B1,BDLRKSP2_7_B1,BDLRKSP2_7_B1,RTPD,MGHG,LMP_GHG_PRC,BDLRKSP2_7_B1,ALL,1,0,4,5
2022-09-01T10:45:00-00:00,2022-09-01T11:00:00-00:00,2022-09-01,04,BDLRKSP2_7_B1,BDLRKSP2_7_B1,BDLRKSP2_7_B1,RTPD,MGHG,LMP_GHG_PRC,BDLRKSP2_7_B1,ALL,1,0,4,5
2022-09-01T11:45:00-00:00,2022-09-01T12:00:00-00:00,2022-09-01,05,BDLRKSP2_7_B1,BDLRKSP2_7_B1,BDLRKSP2_7_B1,RTPD,MGHG,LMP_GHG_PRC,BDLRKSP2_7_B1,ALL,1,0,4,5
2022-09-01T12:45:00-00:00,2022-09-01T13:00:00-00:00,2022-09-01,06,BDLRKSP2_7_B1,BDLRKSP2_7_B1,BDLRKSP2_7_B1,RTPD,MGHG,LMP_GHG_PRC,BDLRKSP2_7_B1,ALL,1,0,4,5
2022-09-01T13:45:00-00:00,2022-09-01T14:00:00-00:00,2022-09-01,07,BDLRKSP2_7_B1,BDLRKSP2_7_B1,BDLRKSP2_7_B1,RTPD,MGHG,LMP_GHG_PRC,BDLRKSP2_7_B1,ALL,1,0,4,5
2022-09-01T14:45:00-00:00,2022-09-01T15:00:00-00:00,2022-09-01,08,BDLRKSP2_7_B1,BDLRKSP2_7_B1,BDLRKSP2_7_B1,RTPD,MGHG,LMP_GHG_PRC,BDLRKSP2_7_B1,ALL,1,0,4,5
2022-09-01T15:45:00-00:00,2022-09-01T16:00:00-00:00,2022-09-01,09,BDLRKSP2_7_B1,BDLRKSP2_7_B1,BDLRKSP2_7_B1,RTPD,MGHG,LMP_GHG_PRC,BDLRKSP2_7_B1,ALL,1,0,4,5
2022-09-01T16:45:00-00:00,2022-09-01T17:00:00-00:00,2022-09-01,10,BDLRKSP2_7_B1,BDLRKSP2_7_B1,BDLRKSP2_7_B1,RTPD,MGHG,LMP_GHG_PRC,BDLRKSP2_7_B1,ALL,1,0,4,5
2022-09-01T17:45:00-00:00,2022-09-01T18:00:00-00:00,2022-09-01,11,BDLRKSP2_7_B1,BDLRKSP2_7_B1,BDLRKSP2_7_B1,RTPD,MGHG,LMP_GHG_PRC,BDLRKSP2_7_B1,ALL,1,0,4,5
2022-09-01T18:45:00-00:00,2022-09-01T19:00:00-00:00,2022-09-01,12,BDLRKSP2_7_B1,BDLRKSP2_7_B1,BDLRKSP2_7_B1,RTPD,MGHG,LMP_GHG_PRC,BDLRKSP2_7_B1,ALL,1,0,4,5
2022-09-01T19:45:00-00:00,2022-09-01T20:00:00-00:00,2022-09-01,13,BDLRKSP2_7_B1,BDLRKSP2_7_B1,BDLRKSP2_7_B1,RTPD,MGHG,LMP_GHG_PRC,BDLRKSP2_7_B1,ALL,1,0,4,5
2022-09-01T20:45:00-00:00,2022-09-01T21:00:00-00:00,2022-09-01,14,BDLRKSP2_7_B1,BDLRKSP2_7_B1,BDLRKSP2_7_B1,RTPD,MGHG,LMP_GHG_PRC,BDLRKSP2_7_B1,ALL,1,0,4,5
2022-09-01T21:45:00-00:00,2022-09-01T22:00:00-00:00,2022-09-01,15,BDLRKSP2_7_B1,BDLRKSP2_7_B1,BDLRKSP2_7_B1,RTPD,MGHG,LMP_GHG_PRC,BDLRKSP2_7_B1,ALL,1,0,4,5
2022-09-01T22:45:00-00:00,2022-09-01T23:00:00-00:00,2022-09-01,16,BDLRKSP2_7_B1,BDLRKSP2_7_B1,BDLRKSP2_7_B1,RTPD,MGHG,LMP_GHG_PRC,BDLRKSP2_7_B1,ALL,1,0,4,5
2022-09-01T23:45:00-00:00,2022-09-02T00:00:00-00:00,2022-09-01,17,BDLRKSP2_7_B1,BDLRKSP2_7_B1,BDLRKSP2_7_B1,RTPD,MGHG,LMP_GHG_PRC,BDLRKSP2_7_B1,ALL,1,0,4,5
2022-09-02T00:45:00-00:00,2022-09-02T01:00:00-00:00,2022-09-01,18,BDLRKSP2_7_B1,BDLRKSP2_7_B1,BDLRKSP2_7_B1,RTPD,MGHG,LMP_GHG_PRC,BDLRKSP2_7_B1,ALL,1,0,4,5
2022-09-02T01:45:00-00:00,2022-09-02T02:00:00-00:00,2022-09-01,19,BDLRKSP2_7_B1,BDLRKSP2_7_B1,BDLRKSP2_7_B1,RTPD,MGHG,LMP_GHG_PRC,BDLRKSP2_7_B1,ALL,1,0,4,5
2022-09-02T02:45:00-00:00,2022-09-02T03:00:00-00:00,2022-09-01,20,BDLRKSP2_7_B1,BDLRKSP2_7_B1,BDLRKSP2_7_B1,RTPD,MGHG,LMP_GHG_PRC,BDLRKSP2_7_B1,ALL,1,0,4,5
2022-09-02T03:45:00-00:00,2022-09-02T04:00:00-00:00,2022-09-01,21,BDLRKSP2_7_B1,BDLRKSP2_7_B1,BDLRKSP2_7_B1,RTPD,MGHG,LMP_GHG_PRC,BDLRKSP2_7_B1,ALL,1,0,4,5
2022-09-02T04:45:00-00:00,2022-09-02T05:00:00-00:00,2022-09-01,22,BDLRKSP2_7_B1,BDLRKSP2_7_B1,BDLRKSP2_7_B1,RTPD,MGHG,LMP_GHG_PRC,BDLRKSP2_7_B1,ALL,1,0,4,5
2022-09-02T05:45:00-00:00,2022-09-02T06:00:00-00:00,2022-09-01,23,BDLRKSP2_7_B1,BDLRKSP2_7_B1,BDLRKSP2_7_B1,RTPD,MGHG,LMP_GHG_PRC,BDLRKSP2_7_B1,ALL,1,0,4,5
2022-09-02T06:45:00-00:00,2022-09-02T07:00:00-00:00,2022-09-01,24,BDLRKSP2_7_B1,BDLRKSP2_7_B1,BDLRKSP2_7_B1,RTPD,MGHG,LMP_GHG_PRC,BDLRKSP2_7_B1,ALL,1,0,4,5
