INTERVALSTARTTIME_GMT,INTERVALENDTIME_GMT,OPR_DT,OPR_HR,NODE_ID_XML,NODE_ID,NODE,MARKET_RUN_ID,LMP_TYPE,XML_DATA_ITEM,PNODE_RESMRID,GRP_TYPE,POS,PRC,OPR_INTERVAL,GROUP
2022-09-01T07:00:00-00:00,2022-09-01T07:15:00-00:00,2022-09-01,01,ATWELL_1_N001,ATWELL_1_N001,ATWELL_1_N001,RTPD,LMP,LMP_PRC,ATWELL_1_N001,ALL,1,71.36072,1,1
2022-09-01T08:00:00-00:00,2022-09-01T08:15:00-00:00,2022-09-01,02,ATWELL_1_N001,ATWELL_1_N001,ATWELL_1_N001,RTPD,LMP,LMP_PRC,ATWELL_1_N001,ALL,1,111.44571,1,1
2022-09-01T09:00:00-00:00,2022-09-01T09:15:00-00:00,2022-09-01,03,ATWELL_1_N001,ATWELL_1_N001,ATWELL_1_N001,RTPD,LMP,LMP_PRC,ATWELL_1_N001,ALL,1,99.44988,1,1
2022-09-01T10:00:00-00:00,2022-09-01T10:15:00-00:00,2022-09-01,04,ATWELL_1_N001,ATWELL_1_N001,ATWELL_1_N001,RTPD,LMP,LMP_PRC,ATWELL_1_N001,ALL,1,99.45405,1,1
2022-09-01T11:00:00-00:00,2022-09-01T11:15:00-00:00,2022-09-01,05,ATWELL_1_N001,ATWELL_1_N001,ATWELL_1_N001,RTPD,LMP,LMP_PRC,ATWELL_1_N001,ALL,1,108.30217,1,1
2022-09-01T12:00:00-00:00,2022-09-01T12:15:00-00:00,2022-09-01,06,ATWELL_1_N001,ATWELL_1_N001,ATWELL_1_N001,RTPD,LMP,LMP_PRC,ATWELL_1_N001,ALL,1,89.86332,1,1
2022-09-01T13:00:00-00:00,2022-09-01T13:15:00-00:00,2022-09-01,07,ATWELL_1_N001,ATWELL_1_N001,ATWELL_1_N001,RTPD,LMP,LMP_PRC,ATWELL_1_N001,ALL,1,85.47702,1,1
2022-09-01T14:00:00-00:00,2022-09-01T14:15:00-00:00,2022-09-01,08,ATWELL_1_N001,ATWELL_1_N001,ATWELL_1_N001,RTPD,LMP,LMP_PRC,ATWELL_1_N001,ALL,1,116.20113,1,1
2022-09-01T15:00:00-00:00,2022-09-01T15:15:00-00:00,2022-09-01,09,ATWELL_1_N001,ATWELL_1_N001,ATWELL_1_N001,RTPD,LMP,LMP_PRC,ATWELL_1_N001,ALL,1,97.4112,1,1
2022-09-01T16:00:00-00:00,2022-09-01T16:15:00-00:00,2022-09-01,10,ATWELL_1_N001,ATWELL_1_N001,ATWELL_1_N001,RTPD,LMP,LMP_PRC,ATWELL_1_N001,ALL,1,83.43525,1,1
2022-09-01T17:00:00-00:00,2022-09-01T17:15:00-00:00,2022-09-01,11,ATWELL_1_N001,ATWELL_1_N001,ATWELL_1_N001,RTPD,LMP,LMP_PRC,ATWELL_1_N001,ALL,1,76.58167,1,1
2022-09-01T18:00:00-00:00,2022-09-01T18:15:00-00:00,2022-09-01,12,ATWELL_1_N001,ATWELL_1_N001,ATWELL_1_N001,RTPD,LMP,LMP_PRC,ATWELL_1_N001,ALL,1,52.20145,1,1
2022-09-01T19:00:00-00:00,2022-09-01T19:15:00-00:00,2022-09-01,13,ATWELL_1_N001,ATWELL_1_N001,ATWELL_1_N001,RTPD,LMP,LMP_PRC,ATWELL_1_N001,ALL,1,65.60479,1,1
2022-09-01T20:00:00-00:00,2022-09-01T20:15:00-00:00,2022-09-01,14,ATWELL_1_N001,ATWELL_1_N001,ATWELL_1_N001,RTPD,LMP,LMP_PRC,ATWELL_1_N001,ALL,1,113.65774,1,1
2022-09-01T21:00:00-00:00,2022-09-01T21:15:00-00:00,2022-09-01,15,ATWELL_1_N001,ATWELL_1_N001,ATWELL_1_N001,RTPD,LMP,LMP_PRC,ATWELL_1_N001,ALL,1,106.02945,1,1
2022-09-01T22:00:00-00:00,2022-09-01T22:15:00-00:00,2022-09-01,16,ATWELL_1_N001,ATWELL_1_N001,ATWELL_1_N001,RTPD,LMP,LMP_PRC,ATWELL_1_N001,ALL,1,-7.12,1,1
2022-09-01T23:00:00-00:00,2022-09-01T23:15:00-00:00,2022-09-01,17,ATWELL_1_N001,ATWELL_1_N001,ATWELL_1_N001,RTPD,LMP,LMP_PRC,ATWELL_1_N001,ALL,1,74.52036,1,1
2022-09-02T00:00:00-00:00,2022-09-02T00:15:00-00:00,2022-09-01,18,ATWELL_1_N001,ATWELL_1_N001,ATWELL_1_N001,RTPD,LMP,LMP_PRC,ATWELL_1_N001,ALL,1,1010.16956,1,1
2022-09-02T01:00:00-00:00,2022-09-02T01:15:00-00:00,2022-09-01,19,ATWELL_1_N001,ATWELL_1_N001,ATWELL_1_N001,RTPD,LMP,LMP_PRC,ATWELL_1_N001,ALL,1,1161.2638,1,1
2022-09-02T02:00:00-00:00,2022-09-02T02:15:00-00:00,2022-09-01,20,ATWELL_1_N001,ATWELL_1_N001,ATWELL_1_N001,RTPD,LMP,LMP_PRC,ATWELL_1_N001,ALL,1,1991.6721,1,1
2022-09-02T03:00:00-00:00,2022-09-02T03:15:00-00:00,2022-09-01,21,ATWELL_1_N001,ATWELL_1_N001,ATWELL_1_N001,RTPD,LMP,LMP_PRC,ATWELL_1_N001,ALL,1,1328.756,1,1
2022-09-02T04:00:00-00:00,2022-09-02T04:15:00-00:00,2022-09-01,22,ATWELL_1_N001,ATWELL_1_N001,ATWELL_1_N001,RTPD,LMP,LMP_PRC,ATWELL_1_N001,ALL,1,442.7275,1,1
2022-09-02T05:00:00-00:00,2022-09-02T05:15:00-00:00,2022-09-01,23,ATWELL_1_N001,ATWELL_1_N001,ATWELL_1_N001,RTPD,LMP,LMP_PRC,ATWELL_1_N001,ALL,1,206.34116,1,1
2022-09-02T06:00:00-00:00,2022-09-02T06:15:00-00:00,2022-09-01,24,ATWELL_1_N001,ATWELL_1_N001,ATWELL_1_N001,RTPD,LMP,LMP_PRC,ATWELL_1_N001,ALL,1,196.3472,1,1
2022-09-01T07:15:00-00:00,2022-09-01T07:30:00-00:00,2022-09-01,01,ATWELL_1_N001,ATWELL_1_N001,ATWELL_1_N001,RTPD,LMP,LMP_PRC,ATWELL_1_N001,ALL,1,113.28951,2,1
2022-09-01T08:15:00-00:00,2022-09-01T08:30:00-00:00,2022-09-01,02,ATWELL_1_N001,ATWELL_1_N001,ATWELL_1_N001,RTPD,LMP,LMP_PRC,ATWELL_1_N001,ALL,1,114.41169,2,1
2022-09-01T09:15:00-00:00,2022-09-01T09:30:00-00:00,2022-09-01,03,ATWELL_1_N001,ATWELL_1_N001,ATWELL_1_N001,RTPD,LMP,LMP_PRC,ATWELL_1_N001,ALL,1,96.13931,2,1
2022-09-01T10:15:00-00:00,2022-09-01T10:30:00-00:00,2022-09-01,04,ATWELL_1_N001,ATWELL_1_N001,ATWELL_1_N001,RTPD,LMP,LMP_PRC,ATWELL_1_N001,ALL,1,95.87217,2,1
2022-09-01T11:15:00-00:00,2022-09-01T11:30:00-00:00,2022-09-01,05,ATWELL_1_N001,ATWELL_1_N001,ATWELL_1_N001,RTPD,LMP,LMP_PRC,ATWELL_1_N001,ALL,1,108.92552,2,1
2022-09-01T12:15:00-00:00,2022-09-01T12:30:00-00:00,2022-09-01,06,ATWELL_1_N001,ATWELL_1_N001,ATWELL_1_N001,RTPD,LMP,LMP_PRC,ATWELL_1_N001,ALL,1,107.97205,2,1
2022-09-01T13:15:00-00:00,2022-09-01T13:30:00-00:00,2022-09-01,07,ATWELL_1_N001,ATWELL_1_N001,ATWELL_1_N001,RTPD,LMP,LMP_PRC,ATWELL_1_N001,ALL,1,116.59208,2,1
2022-09-01T14:15:00-00:00,2022-09-01T14:30:00-00:00,2022-09-01,08,ATWELL_1_N001,ATWELL_1_N001,ATWELL_1_N001,RTPD,LMP,LMP_PRC,ATWELL_1_N001,ALL,1,108.65409,2,1
2022-09-01T15:15:00-00:00,2022-09-01T15:30:00-00:00,2022-09-01,09,ATWELL_1_N001,ATWELL_1_N001,ATWELL_1_N001,RTPD,LMP,LMP_PRC,ATWELL_1_N001,ALL,1,86.9388,2,1
2022-09-01T16:15:00-00:00,2022-09-01T16:30:00-00:00,2022-09-01,10,ATWELL_1_N001,ATWELL_1_N001,ATWELL_1_N001,RTPD,LMP,LMP_PRC,ATWELL_1_N001,ALL,1,87.44595,2,1
2022-09-01T17:15:00-00:00,2022-09-01T17:30:00-00:00,2022-09-01,11,ATWELL_1_N001,ATWELL_1_N001,ATWELL_1_N001,RTPD,LMP,LMP_PRC,ATWELL_1_N001,ALL,1,74.56508,2,1
2022-09-01T18:15:00-00:00,2022-09-01T18:30:00-00:00,2022-09-01,12,ATWELL_1_N001,ATWELL_1_N001,ATWELL_1_N001,RTPD,LMP,LMP_PRC,ATWELL_1_N001,ALL,1,68.94171,2,1
2022-09-01T19:15:00-00:00,2022-09-01T19:30:00-00:00,2022-09-01,13,ATWELL_1_N001,ATWELL_1_N001,ATWELL_1_N001,RTPD,LMP,LMP_PRC,ATWELL_1_N001,ALL,1,69.40939,2,1
2022-09-01T20:15:00-00:00,2022-09-01T20:30:00-00:00,2022-09-01,14,ATWELL_1_N001,ATWELL_1_N001,ATWELL_1_N001,RTPD,LMP,LMP_PRC,ATWELL_1_N001,ALL,1,113.63472,2,1
2022-09-01T21:15:00-00:00,2022-09-01T21:30:00-00:00,2022-09-01,15,ATWELL_1_N001,ATWELL_1_N001,ATWELL_1_N001,RTPD,LMP,LMP_PRC,ATWELL_1_N001,ALL,1,114.62292,2,1
2022-09-01T22:15:00-00:00,2022-09-01T22:30:00-00:00,2022-09-01,16,ATWELL_1_N001,ATWELL_1_N001,ATWELL_1_N001,RTPD,LMP,LMP_PRC,ATWELL_1_N001,ALL,1,-7.12,2,1
2022-09-01T23:15:00-00:00,2022-09-01T23:30:00-00:00,2022-09-01,17,ATWELL_1_N001,ATWELL_1_N001,ATWELL_1_N001,RTPD,LMP,LMP_PRC,ATWELL_1_N001,ALL,1,133.44812,2,1
2022-09-02T00:15:00-00:00,2022-09-02T00:30:00-00:00,2022-09-01,18,ATWELL_1_N001,ATWELL_1_N001,ATWELL_1_N001,RTPD,LMP,LMP_PRC,ATWELL_1_N001,ALL,1,925.6009,2,1
2022-09-02T01:15:00-00:00,2022-09-02T01:30:00-00:00,2022-09-01,19,ATWELL_1_N001,ATWELL_1_N001,ATWELL_1_N001,RTPD,LMP,LMP_PRC,ATWELL_1_N001,ALL,1,1999.9933,2,1
2022-09-02T02:15:00-00:00,2022-09-02T02:30:00-00:00,2022-09-01,20,ATWELL_1_N001,ATWELL_1_N001,ATWELL_1_N001,RTPD,LMP,LMP_PRC,ATWELL_1_N001,ALL,1,1991.6721,2,1
2022-09-02T03:15:00-00:00,2022-09-02T03:30:00-00:00,2022-09-01,21,ATWELL_1_N001,ATWELL_1_N001,ATWELL_1_N001,RTPD,LMP,LMP_PRC,ATWELL_1_N001,ALL,1,547.32623,2,1
2022-09-02T04:15:00-00:00,2022-09-02T04:30:00-00:00,2022-09-01,22,ATWELL_1_N001,ATWELL_1_N001,ATWELL_1_N001,RTPD,LMP,LMP_PRC,ATWELL_1_N001,ALL,1,392.0157,2,1
2022-09-02T05:15:00-00:00,2022-09-02T05:30:00-00:00,2022-09-01,23,ATWELL_1_N001,ATWELL_1_N001,ATWELL_1_N001,RTPD,LMP,LMP_PRC,ATWELL_1_N001,ALL,1,179.58662,2,1
2022-09-02T06:15:00-00:00,2022-09-02T06:30:00-00:00,2022-09-01,24,ATWELL_1_N001,ATWELL_1_N001,ATWELL_1_N001,RTPD,LMP,LMP_PRC,ATWELL_1_N001,ALL,1,152.92426,2,1
2022-09-01T07:30:00-00:00,2022-09-01T07:45:00-00:00,2022-09-01,01,ATWELL_1_N001,ATWELL_1_N001,ATWELL_1_N001,RTPD,LMP,LMP_PRC,ATWELL_1_N001,ALL,1,99.12304,3,1
2022-09-01T08:30:00-00:00,2022-09-01T08:45:00-00:00,2022-09-01,02,ATWELL_1_N001,ATWELL_1_N001,ATWELL_1_N001,RTPD,LMP,LMP_PRC,ATWELL_1_N001,ALL,1,116.47808,3,1
2022-09-01T09:30:00-00:00,2022-09-01T09:45:00-00:00,2022-09-01,03,ATWELL_1_N001,ATWELL_1_N001,ATWELL_1_N001,RTPD,LMP,LMP_PRC,ATWELL_1_N001,ALL,1,95.90642,3,1
2022-09-01T10:30:00-00:00,2022-09-01T10:45:00-00:00,2022-09-01,04,ATWELL_1_N001,ATWELL_1_N001,ATWELL_1_N001,RTPD,LMP,LMP_PRC,ATWELL_1_N001,ALL,1,98.18205,3,1
2022-09-01T11:30:00-00:00,2022-09-01T11:45:00-00:00,2022-09-01,05,ATWELL_1_N001,ATWELL_1_N001,ATWELL_1_N001,RTPD,LMP,LMP_PRC,ATWELL_1_N001,ALL,1,109.04988,3,1
2022-09-01T12:30:00-00:00,2022-09-01T12:45:00-00:00,2022-09-01,06,ATWELL_1_N001,ATWELL_1_N001,ATWELL_1_N001,RTPD,LMP,LMP_PRC,ATWELL_1_N001,ALL,1,106.6862,3,1
2022-09-01T13:30:00-00:00,2022-09-01T13:45:00-00:00,2022-09-01,07,ATWELL_1_N001,ATWELL_1_N001,ATWELL_1_N001,RTPD,LMP,LMP_PRC,ATWELL_1_N001,ALL,1,117.80999,3,1
2022-09-01T14:30:00-00:00,2022-09-01T14:45:00-00:00,2022-09-01,08,ATWELL_1_N001,ATWELL_1_N001,ATWELL_1_N001,RTPD,LMP,LMP_PRC,ATWELL_1_N001,ALL,1,104.38014,3,1
2022-09-01T15:30:00-00:00,2022-09-01T15:45:00-00:00,2022-09-01,09,ATWELL_1_N001,ATWELL_1_N001,ATWELL_1_N001,RTPD,LMP,LMP_PRC,ATWELL_1_N001,ALL,1,86.1388,3,1
2022-09-01T16:30:00-00:00,2022-09-01T16:45:00-00:00,2022-09-01,10,ATWELL_1_N001,ATWELL_1_N001,ATWELL_1_N001,RTPD,LMP,LMP_PRC,ATWELL_1_N001,ALL,1,72.04494,3,1
2022-09-01T17:30:00-00:00,2022-09-01T17:45:00-00:00,2022-09-01,11,ATWELL_1_N001,ATWELL_1_N001,ATWELL_1_N001,RTPD,LMP,LMP_PRC,ATWELL_1_N001,ALL,1,74.28139,3,1
2022-09-01T18:30:00-00:00,2022-09-01T18:45:00-00:00,2022-09-01,12,ATWELL_1_N001,ATWELL_1_N001,ATWELL_1_N001,RTPD,LMP,LMP_PRC,ATWELL_1_N001,ALL,1,73.4923,3,1
2022-09-01T19:30:00-00:00,2022-09-01T19:45:00-00:00,2022-09-01,13,ATWELL_1_N001,ATWELL_1_N001,ATWELL_1_N001,RTPD,LMP,LMP_PRC,ATWELL_1_N001,ALL,1,98.63585,3,1
2022-09-01T20:30:00-00:00,2022-09-01T20:45:00-00:00,2022-09-01,14,ATWELL_1_N001,ATWELL_1_N001,ATWELL_1_N001,RTPD,LMP,LMP_PRC,ATWELL_1_N001,ALL,1,114.24377,3,1
2022-09-01T21:30:00-00:00,2022-09-01T21:45:00-00:00,2022-09-01,15,ATWELL_1_N001,ATWELL_1_N001,ATWELL_1_N001,RTPD,LMP,LMP_PRC,ATWELL_1_N001,ALL,1,122.99284,3,1
2022-09-01T22:30:00-00:00,2022-09-01T22:45:00-00:00,2022-09-01,16,ATWELL_1_N001,ATWELL_1_N001,ATWELL_1_N001,RTPD,LMP,LMP_PRC,ATWELL_1_N001,ALL,1,-7.12,3,1
2022-09-01T23:30:00-00:00,2022-09-01T23:45:00-00:00,2022-09-01,17,ATWELL_1_N001,ATWELL_1_N001,ATWELL_1_N001,RTPD,LMP,LMP_PRC,ATWELL_1_N001,ALL,1,470.4816,3,1
2022-09-02T00:30:00-00:00,2022-09-02T00:45:00-00:00,2022-09-01,18,ATWELL_1_N001,ATWELL_1_N001,ATWELL_1_N001,RTPD,LMP,LMP_PRC,ATWELL_1_N001,ALL,1,1671.9639,3,1
2022-09-02T01:30:00-00:00,2022-09-02T01:45:00-00:00,2022-09-01,19,ATWELL_1_N001,ATWELL_1_N001,ATWELL_1_N001,RTPD,LMP,LMP_PRC,ATWELL_1_N001,ALL,1,1999.9956,3,1
2022-09-02T02:30:00-00:00,2022-09-02T02:45:00-00:00,2022-09-01,20,ATWELL_1_N001,ATWELL_1_N001,ATWELL_1_N001,RTPD,LMP,LMP_PRC,ATWELL_1_N001,ALL,1,1991.671,3,1
2022-09-02T03:30:00-00:00,2022-09-02T03:45:00-00:00,2022-09-01,21,ATWELL_1_N001,ATWELL_1_N001,ATWELL_1_N001,RTPD,LMP,LMP_PRC,ATWELL_1_N001,ALL,1,224.67538,3,1
2022-09-02T04:30:00-00:00,2022-09-02T04:45:00-00:00,2022-09-01,22,ATWELL_1_N001,ATWELL_1_N001,ATWELL_1_N001,RTPD,LMP,LMP_PRC,ATWELL_1_N001,ALL,1,278.54678,3,1
2022-09-02T05:30:00-00:00,2022-09-02T05:45:00-00:00,2022-09-01,23,ATWELL_1_N001,ATWELL_1_N001,ATWELL_1_N001,RTPD,LMP,LMP_PRC,ATWELL_1_N001,ALL,1,149.81322,3,1
2022-09-02T06:30:00-00:00,2022-09-02T06:45:00-00:00,2022-09-01,24,ATWELL_1_N001,ATWELL_1_N001,ATWELL_1_N001,RTPD,LMP,LMP_PRC,ATWELL_1_N001,ALL,1,145.60045,3,1
2022-09-01T07:45:00-00:00,2022-09-01T08:00:00-00:00,2022-09-01,01,ATWELL_1_N001,ATWELL_1_N001,ATWELL_1_N001,RTPD,LMP,LMP_PRC,ATWELL_1_N001,ALL,1,86.51134,4,1
2022-09-01T08:45:00-00:00,2022-09-01T09:00:00-00:00,2022-09-01,02,ATWELL_1_N001,ATWELL_1_N001,ATWELL_1_N001,RTPD,LMP,LMP_PRC,ATWELL_1_N001,ALL,1,98.19267,4,1
2022-09-01T09:45:00-00:00,2022-09-01T10:00:00-00:00,2022-09-01,03,ATWELL_1_N001,ATWELL_1_N001,ATWELL_1_N001,RTPD,LMP,LMP_PRC,ATWELL_1_N001,ALL,1,96.29416,4,1
2022-09-01T10:45:00-00:00,2022-09-01T11:00:00-00:00,2022-09-01,04,ATWELL_1_N001,ATWELL_1_N001,ATWELL_1_N001,RTPD,LMP,LMP_PRC,ATWELL_1_N001,ALL,1,98.7699,4,1
2022-09-01T11:45:00-00:00,2022-09-01T12:00:00-00:00,2022-09-01,05,ATWELL_1_N001,ATWELL_1_N001,ATWELL_1_N001,RTPD,LMP,LMP_PRC,ATWELL_1_N001,ALL,1,107.01,4,1
2022-09-01T12:45:00-00:00,2022-09-01T13:00:00-00:00,2022-09-01,06,ATWELL_1_N001,ATWELL_1_N001,ATWELL_1_N001,RTPD,LMP,LMP_PRC,ATWELL_1_N001,ALL,1,113.58635,4,1
2022-09-01T13:45:00-00:00,2022-09-01T14:00:00-00:00,2022-09-01,07,ATWELL_1_N001,ATWELL_1_N001,ATWELL_1_N001,RTPD,LMP,LMP_PRC,ATWELL_1_N001,ALL,1,111.41,4,1
2022-09-01T14:45:00-00:00,2022-09-01T15:00:00-00:00,2022-09-01,08,ATWELL_1_N001,ATWELL_1_N001,ATWELL_1_N001,RTPD,LMP,LMP_PRC,ATWELL_1_N001,ALL,1,86.1388,4,1
2022-09-01T15:45:00-00:00,2022-09-01T16:00:00-00:00,2022-09-01,09,ATWELL_1_N001,ATWELL_1_N001,ATWELL_1_N001,RTPD,LMP,LMP_PRC,ATWELL_1_N001,ALL,1,78.70076,4,1
2022-09-01T16:45:00-00:00,2022-09-01T17:00:00-00:00,2022-09-01,10,ATWELL_1_N001,ATWELL_1_N001,ATWELL_1_N001,RTPD,LMP,LMP_PRC,ATWELL_1_N001,ALL,1,76.09499,4,1
2022-09-01T17:45:00-00:00,2022-09-01T18:00:00-00:00,2022-09-01,11,ATWELL_1_N001,ATWELL_1_N001,ATWELL_1_N001,RTPD,LMP,LMP_PRC,ATWELL_1_N001,ALL,1,74.63099,4,1
2022-09-01T18:45:00-00:00,2022-09-01T19:00:00-00:00,2022-09-01,12,ATWELL_1_N001,ATWELL_1_N001,ATWELL_1_N001,RTPD,LMP,LMP_PRC,ATWELL_1_N001,ALL,1,75.60424,4,1
2022-09-01T19:45:00-00:00,2022-09-01T20:00:00-00:00,2022-09-01,13,ATWELL_1_N001,ATWELL_1_N001,ATWELL_1_N001,RTPD,LMP,LMP_PRC,ATWELL_1_N001,ALL,1,103.51328,4,1
2022-09-01T20:45:00-00:00,2022-09-01T21:00:00-00:00,2022-09-01,14,ATWELL_1_N001,ATWELL_1_N001,ATWELL_1_N001,RTPD,LMP,LMP_PRC,ATWELL_1_N001,ALL,1,119.55919,4,1
2022-09-01T21:45:00-00:00,2022-09-01T22:00:00-00:00,2022-09-01,15,ATWELL_1_N001,ATWELL_1_N001,ATWELL_1_N001,RTPD,LMP,LMP_PRC,ATWELL_1_N001,ALL,1,191.17392,4,1
2022-09-01T22:45:00-00:00,2022-09-01T23:00:00-00:00,2022-09-01,16,ATWELL_1_N001,ATWELL_1_N001,ATWELL_1_N001,RTPD,LMP,LMP_PRC,ATWELL_1_N001,ALL,1,-7.12,4,1
2022-09-01T23:45:00-00:00,2022-09-02T00:00:00-00:00,2022-09-01,17,ATWELL_1_N001,ATWELL_1_N001,ATWELL_1_N001,RTPD,LMP,LMP_PRC,ATWELL_1_N001,ALL,1,1559.8536,4,1
2022-09-02T00:45:00-00:00,2022-09-02T01:00:00-00:00,2022-09-01,18,ATWELL_1_N001,ATWELL_1_N001,ATWELL_1_N001,RTPD,LMP,LMP_PRC,ATWELL_1_N001,ALL,1,1785.0118,4,1
2022-09-02T01:45:00-00:00,2022-09-02T02:00:00-00:00,2022-09-01,19,ATWELL_1_N001,ATWELL_1_N001,ATWELL_1_N001,RTPD,LMP,LMP_PRC,ATWELL_1_N001,ALL,1,1991.9337,4,1
2022-09-02T02:45:00-00:00,2022-09-02T03:00:00-00:00,2022-09-01,20,ATWELL_1_N001,ATWELL_1_N001,ATWELL_1_N001,RTPD,LMP,LMP_PRC,ATWELL_1_N001,ALL,1,1880.5017,4,1
2022-09-02T03:45:00-00:00,2022-09-02T04:00:00-00:00,2022-09-01,21,ATWELL_1_N001,ATWELL_1_N001,ATWELL_1_N001,RTPD,LMP,LMP_PRC,ATWELL_1_N001,ALL,1,166.26643,4,1
2022-09-02T04:45:00-00:00,2022-09-02T05:00:00-00:00,2022-09-01,22,ATWELL_1_N001,ATWELL_1_N001,ATWELL_1_N001,RTPD,LMP,LMP_PRC,ATWELL_1_N001,ALL,1,144.45486,4,1
2022-09-02T05:45:00-00:00,2022-09-02T06:00:00-00:00,2022-09-01,23,ATWELL_1_N001,ATWELL_1_N001,ATWELL_1_N001,RTPD,LMP,LMP_PRC,ATWELL_1_N001,ALL,1,171.8298,4,1
2022-09-02T06:45:00-00:00,2022-09-02T07:00:00-00:00,2022-09-01,24,ATWELL_1_N001,ATWELL_1_N001,ATWELL_1_N001,RTPD,LMP,LMP_PRC,ATWELL_1_N001,ALL,1,120.50015,4,1
2022-09-01T07:00:00-00:00,2022-09-01T07:15:00-00:00,2022-09-01,01,ATWELL_1_N001,ATWELL_1_N001,ATWELL_1_N001,RTPD,MCC,LMP_CONG_PRC,ATWELL_1_N001,ALL,1,-29.20493,1,2
2022-09-01T08:00:00-00:00,2022-09-01T08:15:00-00:00,2022-09-01,02,ATWELL_1_N001,ATWELL_1_N001,ATWELL_1_N001,RTPD,MCC,LMP_CONG_PRC,ATWELL_1_N001,ALL,1,-4.10309,1,2
2022-09-01T09:00:00-00:00,2022-09-01T09:15:00-00:00,2022-09-01,03,ATWELL_1_N001,ATWELL_1_N001,ATWELL_1_N001,RTPD,MCC,LMP_CONG_PRC,ATWELL_1_N001,ALL,1,-5.48667,1,2
2022-09-01T10:00:00-00:00,2022-09-01T10:15:00-00:00,2022-09-01,04,ATWELL_1_N001,ATWELL_1_N001,ATWELL_1_N001,RTPD,MCC,LMP_CONG_PRC,ATWELL_1_N001,ALL,1,-4.77132,1,2
2022-09-01T11:00:00-00:00,2022-09-01T11:15:00-00:00,2022-09-01,05,ATWELL_1_N001,ATWELL_1_N001,ATWELL_1_N001,RTPD,MCC,LMP_CONG_PRC,ATWELL_1_N001,ALL,1,0,1,2
2022-09-01T12:00:00-00:00,2022-09-01T12:15:00-00:00,2022-09-01,06,ATWELL_1_N001,ATWELL_1_N001,ATWELL_1_N001,RTPD,MCC,LMP_CONG_PRC,ATWELL_1_N001,ALL,1,-12.2588,1,2
2022-09-01T13:00:00-00:00,2022-09-01T13:15:00-00:00,2022-09-01,07,ATWELL_1_N001,ATWELL_1_N001,ATWELL_1_N001,RTPD,MCC,LMP_CONG_PRC,ATWELL_1_N001,ALL,1,-16.33176,1,2
2022-09-01T14:00:00-00:00,2022-09-01T14:15:00-00:00,2022-09-01,08,ATWELL_1_N001,ATWELL_1_N001,ATWELL_1_N001,RTPD,MCC,LMP_CONG_PRC,ATWELL_1_N001,ALL,1,0,1,2
2022-09-01T15:00:00-00:00,2022-09-01T15:15:00-00:00,2022-09-01,09,ATWELL_1_N001,ATWELL_1_N001,ATWELL_1_N001,RTPD,MCC,LMP_CONG_PRC,ATWELL_1_N001,ALL,1,0,1,2
2022-09-01T16:00:00-00:00,2022-09-01T16:15:00-00:00,2022-09-01,10,ATWELL_1_N001,ATWELL_1_N001,ATWELL_1_N001,RTPD,MCC,LMP_CONG_PRC,ATWELL_1_N001,ALL,1,0,1,2
2022-09-01T17:00:00-00:00,2022-09-01T17:15:00-00:00,2022-09-01,11,ATWELL_1_N001,ATWELL_1_N001,ATWELL_1_N001,RTPD,MCC,LMP_CONG_PRC,ATWELL_1_N001,ALL,1,-20.3673,1,2
2022-09-01T18:00:00-00:00,2022-09-01T18:15:00-00:00,2022-09-01,12,ATWELL_1_N001,ATWELL_1_N001,ATWELL_1_N001,RTPD,MCC,LMP_CONG_PRC,ATWELL_1_N001,ALL,1,-39.39146,1,2
2022-09-01T19:00:00-00:00,2022-09-01T19:15:00-00:00,2022-09-01,13,ATWELL_1_N001,ATWELL_1_N001,ATWELL_1_N001,RTPD,MCC,LMP_CONG_PRC,ATWELL_1_N001,ALL,1,-43.59157,1,2
2022-09-01T20:00:00-00:00,2022-09-01T20:15:00-00:00,2022-09-01,14,ATWELL_1_N001,ATWELL_1_N001,ATWELL_1_N001,RTPD,MCC,LMP_CONG_PRC,ATWELL_1_N001,ALL,1,-4.28585,1,2
2022-09-01T21:00:00-00:00,2022-09-01T21:15:00-00:00,2022-09-01,15,ATWELL_1_N001,ATWELL_1_N001,ATWELL_1_N001,RTPD,MCC,LMP_CONG_PRC,ATWELL_1_N001,ALL,1,-120.58554,1,2
2022-09-01T22:00:00-00:00,2022-09-01T22:15:00-00:00,2022-09-01,16,ATWELL_1_N001,ATWELL_1_N001,ATWELL_1_N001,RTPD,MCC,LMP_CONG_PRC,ATWELL_1_N001,ALL,1,-236.30551,1,2
2022-09-01T23:00:00-00:00,2022-09-01T23:15:00-00:00,2022-09-01,17,ATWELL_1_N001,ATWELL_1_N001,ATWELL_1_N001,RTPD,MCC,LMP_CONG_PRC,ATWELL_1_N001,ALL,1,-312.23334,1,2
2022-09-02T00:00:00-00:00,2022-09-02T00:15:00-00:00,2022-09-01,18,ATWELL_1_N001,ATWELL_1_N001,ATWELL_1_N001,RTPD,MCC,LMP_CONG_PRC,ATWELL_1_N001,ALL,1,249.75986,1,2
2022-09-02T01:00:00-00:00,2022-09-02T01:15:00-00:00,2022-09-01,19,ATWELL_1_N001,ATWELL_1_N001,ATWELL_1_N001,RTPD,MCC,LMP_CONG_PRC,ATWELL_1_N001,ALL,1,244.99258,1,2
2022-09-02T02:00:00-00:00,2022-09-02T02:15:00-00:00,2022-09-01,20,ATWELL_1_N001,ATWELL_1_N001,ATWELL_1_N001,RTPD,MCC,LMP_CONG_PRC,ATWELL_1_N001,ALL,1,0,1,2
2022-09-02T03:00:00-00:00,2022-09-02T03:15:00-00:00,2022-09-01,21,ATWELL_1_N001,ATWELL_1_N001,ATWELL_1_N001,RTPD,MCC,LMP_CONG_PRC,ATWELL_1_N001,ALL,1,380.65076,1,2
2022-09-02T04:00:00-00:00,2022-09-02T04:15:00-00:00,2022-09-01,22,ATWELL_1_N001,ATWELL_1_N001,ATWELL_1_N001,RTPD,MCC,LMP_CONG_PRC,ATWELL_1_N001,ALL,1,175.8992,1,2
2022-09-02T05:00:00-00:00,2022-09-02T05:15:00-00:00,2022-09-01,23,ATWELL_1_N001,ATWELL_1_N001,ATWELL_1_N001,RTPD,MCC,LMP_CONG_PRC,ATWELL_1_N001,ALL,1,17.35896,1,2
2022-09-02T06:00:00-00:00,2022-09-02T06:15:00-00:00,2022-09-01,24,ATWELL_1_N001,ATWELL_1_N001,ATWELL_1_N001,RTPD,MCC,LMP_CONG_PRC,ATWELL_1_N001,ALL,1,33.00015,1,2
2022-09-01T07:15:00-00:00,2022-09-01T07:30:00-00:00,2022-09-01,01,ATWELL_1_N001,ATWELL_1_N001,ATWELL_1_N001,RTPD,MCC,LMP_CONG_PRC,ATWELL_1_N001,ALL,1,-12.26193,2,2
2022-09-01T08:15:00-00:00,2022-09-01T08:30:00-00:00,2022-09-01,02,ATWELL_1_N001,ATWELL_1_N001,ATWELL_1_N001,RTPD,MCC,LMP_CONG_PRC,ATWELL_1_N001,ALL,1,-1.11996,2,2
2022-09-01T09:15:00-00:00,2022-09-01T09:30:00-00:00,2022-09-01,03,ATWELL_1_N001,ATWELL_1_N001,ATWELL_1_N001,RTPD,MCC,LMP_CONG_PRC,ATWELL_1_N001,ALL,1,-7.22885,2,2
2022-09-01T10:15:00-00:00,2022-09-01T10:30:00-00:00,2022-09-01,04,ATWELL_1_N001,ATWELL_1_N001,ATWELL_1_N001,RTPD,MCC,LMP_CONG_PRC,ATWELL_1_N001,ALL,1,-6.75137,2,2
2022-09-01T11:15:00-00:00,2022-09-01T11:30:00-00:00,2022-09-01,05,ATWELL_1_N001,ATWELL_1_N001,ATWELL_1_N001,RTPD,MCC,LMP_CONG_PRC,ATWELL_1_N001,ALL,1,0,2,2
2022-09-01T12:15:00-00:00,2022-09-01T12:30:00-00:00,2022-09-01,06,ATWELL_1_N001,ATWELL_1_N001,ATWELL_1_N001,RTPD,MCC,LMP_CONG_PRC,ATWELL_1_N001,ALL,1,-7.49388,2,2
2022-09-01T13:15:00-00:00,2022-09-01T13:30:00-00:00,2022-09-01,07,ATWELL_1_N001,ATWELL_1_N001,ATWELL_1_N001,RTPD,MCC,LMP_CONG_PRC,ATWELL_1_N001,ALL,1,-0.70086,2,2
2022-09-01T14:15:00-00:00,2022-09-01T14:30:00-00:00,2022-09-01,08,ATWELL_1_N001,ATWELL_1_N001,ATWELL_1_N001,RTPD,MCC,LMP_CONG_PRC,ATWELL_1_N001,ALL,1,0,2,2
2022-09-01T15:15:00-00:00,2022-09-01T15:30:00-00:00,2022-09-01,09,ATWELL_1_N001,ATWELL_1_N001,ATWELL_1_N001,RTPD,MCC,LMP_CONG_PRC,ATWELL_1_N001,ALL,1,0,2,2
2022-09-01T16:15:00-00:00,2022-09-01T16:30:00-00:00,2022-09-01,10,ATWELL_1_N001,ATWELL_1_N001,ATWELL_1_N001,RTPD,MCC,LMP_CONG_PRC,ATWELL_1_N001,ALL,1,-2.00263,2,2
2022-09-01T17:15:00-00:00,2022-09-01T17:30:00-00:00,2022-09-01,11,ATWELL_1_N001,ATWELL_1_N001,ATWELL_1_N001,RTPD,MCC,LMP_CONG_PRC,ATWELL_1_N001,ALL,1,-24.78165,2,2
2022-09-01T18:15:00-00:00,2022-09-01T18:30:00-00:00,2022-09-01,12,ATWELL_1_N001,ATWELL_1_N001,ATWELL_1_N001,RTPD,MCC,LMP_CONG_PRC,ATWELL_1_N001,ALL,1,-32.2173,2,2
2022-09-01T19:15:00-00:00,2022-09-01T19:30:00-00:00,2022-09-01,13,ATWELL_1_N001,ATWELL_1_N001,ATWELL_1_N001,RTPD,MCC,LMP_CONG_PRC,ATWELL_1_N001,ALL,1,-35.89649,2,2
2022-09-01T20:15:00-00:00,2022-09-01T20:30:00-00:00,2022-09-01,14,ATWELL_1_N001,ATWELL_1_N001,ATWELL_1_N001,RTPD,MCC,LMP_CONG_PRC,ATWELL_1_N001,ALL,1,-3.85949,2,2
2022-09-01T21:15:00-00:00,2022-09-01T21:30:00-00:00,2022-09-01,15,ATWELL_1_N001,ATWELL_1_N001,ATWELL_1_N001,RTPD,MCC,LMP_CONG_PRC,ATWELL_1_N001,ALL,1,-32.58893,2,2
2022-09-01T22:15:00-00:00,2022-09-01T22:30:00-00:00,2022-09-01,16,ATWELL_1_N001,ATWELL_1_N001,ATWELL_1_N001,RTPD,MCC,LMP_CONG_PRC,ATWELL_1_N001,ALL,1,-263.70734,2,2
2022-09-01T23:15:00-00:00,2022-09-01T23:30:00-00:00,2022-09-01,17,ATWELL_1_N001,ATWELL_1_N001,ATWELL_1_N001,RTPD,MCC,LMP_CONG_PRC,ATWELL_1_N001,ALL,1,-228.67596,2,2
2022-09-02T00:15:00-00:00,2022-09-02T00:30:00-00:00,2022-09-01,18,ATWELL_1_N001,ATWELL_1_N001,ATWELL_1_N001,RTPD,MCC,LMP_CONG_PRC,ATWELL_1_N001,ALL,1,243.09203,2,2
2022-09-02T01:15:00-00:00,2022-09-02T01:30:00-00:00,2022-09-01,19,ATWELL_1_N001,ATWELL_1_N001,ATWELL_1_N001,RTPD,MCC,LMP_CONG_PRC,ATWELL_1_N001,ALL,1,0,2,2
2022-09-02T02:15:00-00:00,2022-09-02T02:30:00-00:00,2022-09-01,20,ATWELL_1_N001,ATWELL_1_N001,ATWELL_1_N001,RTPD,MCC,LMP_CONG_PRC,ATWELL_1_N001,ALL,1,0,2,2
2022-09-02T03:15:00-00:00,2022-09-02T03:30:00-00:00,2022-09-01,21,ATWELL_1_N001,ATWELL_1_N001,ATWELL_1_N001,RTPD,MCC,LMP_CONG_PRC,ATWELL_1_N001,ALL,1,133.8603,2,2
2022-09-02T04:15:00-00:00,2022-09-02T04:30:00-00:00,2022-09-01,22,ATWELL_1_N001,ATWELL_1_N001,ATWELL_1_N001,RTPD,MCC,LMP_CONG_PRC,ATWELL_1_N001,ALL,1,159.5788,2,2
2022-09-02T05:15:00-00:00,2022-09-02T05:30:00-00:00,2022-09-01,23,ATWELL_1_N001,ATWELL_1_N001,ATWELL_1_N001,RTPD,MCC,LMP_CONG_PRC,ATWELL_1_N001,ALL,1,16.6062,2,2
2022-09-02T06:15:00-00:00,2022-09-02T06:30:00-00:00,2022-09-01,24,ATWELL_1_N001,ATWELL_1_N001,ATWELL_1_N001,RTPD,MCC,LMP_CONG_PRC,ATWELL_1_N001,ALL,1,5.53075,2,2
2022-09-01T07:30:00-00:00,2022-09-01T07:45:00-00:00,2022-09-01,01,ATWELL_1_N001,ATWELL_1_N001,ATWELL_1_N001,RTPD,MCC,LMP_CONG_PRC,ATWELL_1_N001,ALL,1,-19.90892,3,2
2022-09-01T08:30:00-00:00,2022-09-01T08:45:00-00:00,2022-09-01,02,ATWELL_1_N001,ATWELL_1_N001,ATWELL_1_N001,RTPD,MCC,LMP_CONG_PRC,ATWELL_1_N001,ALL,1,-0.00106,3,2
2022-09-01T09:30:00-00:00,2022-09-01T09:45:00-00:00,2022-09-01,03,ATWELL_1_N001,ATWELL_1_N001,ATWELL_1_N001,RTPD,MCC,LMP_CONG_PRC,ATWELL_1_N001,ALL,1,-7.16397,3,2
2022-09-01T10:30:00-00:00,2022-09-01T10:45:00-00:00,2022-09-01,04,ATWELL_1_N001,ATWELL_1_N001,ATWELL_1_N001,RTPD,MCC,LMP_CONG_PRC,ATWELL_1_N001,ALL,1,-3.8174,3,2
2022-09-01T11:30:00-00:00,2022-09-01T11:45:00-00:00,2022-09-01,05,ATWELL_1_N001,ATWELL_1_N001,ATWELL_1_N001,RTPD,MCC,LMP_CONG_PRC,ATWELL_1_N001,ALL,1,0,3,2
2022-09-01T12:30:00-00:00,2022-09-01T12:45:00-00:00,2022-09-01,06,ATWELL_1_N001,ATWELL_1_N001,ATWELL_1_N001,RTPD,MCC,LMP_CONG_PRC,ATWELL_1_N001,ALL,1,-12.9754,3,2
2022-09-01T13:30:00-00:00,2022-09-01T13:45:00-00:00,2022-09-01,07,ATWELL_1_N001,ATWELL_1_N001,ATWELL_1_N001,RTPD,MCC,LMP_CONG_PRC,ATWELL_1_N001,ALL,1,0,3,2
2022-09-01T14:30:00-00:00,2022-09-01T14:45:00-00:00,2022-09-01,08,ATWELL_1_N001,ATWELL_1_N001,ATWELL_1_N001,RTPD,MCC,LMP_CONG_PRC,ATWELL_1_N001,ALL,1,0,3,2
2022-09-01T15:30:00-00:00,2022-09-01T15:45:00-00:00,2022-09-01,09,ATWELL_1_N001,ATWELL_1_N001,ATWELL_1_N001,RTPD,MCC,LMP_CONG_PRC,ATWELL_1_N001,ALL,1,0,3,2
2022-09-01T16:30:00-00:00,2022-09-01T16:45:00-00:00,2022-09-01,10,ATWELL_1_N001,ATWELL_1_N001,ATWELL_1_N001,RTPD,MCC,LMP_CONG_PRC,ATWELL_1_N001,ALL,1,-16.7515,3,2
2022-09-01T17:30:00-00:00,2022-09-01T17:45:00-00:00,2022-09-01,11,ATWELL_1_N001,ATWELL_1_N001,ATWELL_1_N001,RTPD,MCC,LMP_CONG_PRC,ATWELL_1_N001,ALL,1,-24.84874,3,2
2022-09-01T18:30:00-00:00,2022-09-01T18:45:00-00:00,2022-09-01,12,ATWELL_1_N001,ATWELL_1_N001,ATWELL_1_N001,RTPD,MCC,LMP_CONG_PRC,ATWELL_1_N001,ALL,1,-33.56487,3,2
2022-09-01T19:30:00-00:00,2022-09-01T19:45:00-00:00,2022-09-01,13,ATWELL_1_N001,ATWELL_1_N001,ATWELL_1_N001,RTPD,MCC,LMP_CONG_PRC,ATWELL_1_N001,ALL,1,-15.4232,3,2
2022-09-01T20:30:00-00:00,2022-09-01T20:45:00-00:00,2022-09-01,14,ATWELL_1_N001,ATWELL_1_N001,ATWELL_1_N001,RTPD,MCC,LMP_CONG_PRC,ATWELL_1_N001,ALL,1,-15.57228,3,2
2022-09-01T21:30:00-00:00,2022-09-01T21:45:00-00:00,2022-09-01,15,ATWELL_1_N001,ATWELL_1_N001,ATWELL_1_N001,RTPD,MCC,LMP_CONG_PRC,ATWELL_1_N001,ALL,1,-29.93774,3,2
2022-09-01T22:30:00-00:00,2022-09-01T22:45:00-00:00,2022-09-01,16,ATWELL_1_N001,ATWELL_1_N001,ATWELL_1_N001,RTPD,MCC,LMP_CONG_PRC,ATWELL_1_N001,ALL,1,-290.30182,3,2
2022-09-01T23:30:00-00:00,2022-09-01T23:45:00-00:00,2022-09-01,17,ATWELL_1_N001,ATWELL_1_N001,ATWELL_1_N001,RTPD,MCC,LMP_CONG_PRC,ATWELL_1_N001,ALL,1,-96,3,2
2022-09-02T00:30:00-00:00,2022-09-02T00:45:00-00:00,2022-09-01,18,ATWELL_1_N001,ATWELL_1_N001,ATWELL_1_N001,RTPD,MCC,LMP_CONG_PRC,ATWELL_1_N001,ALL,1,342.8513,3,2
2022-09-02T01:30:00-00:00,2022-09-02T01:45:00-00:00,2022-09-01,19,ATWELL_1_N001,ATWELL_1_N001,ATWELL_1_N001,RTPD,MCC,LMP_CONG_PRC,ATWELL_1_N001,ALL,1,0,3,2
2022-09-02T02:30:00-00:00,2022-09-02T02:45:00-00:00,2022-09-01,20,ATWELL_1_N001,ATWELL_1_N001,ATWELL_1_N001,RTPD,MCC,LMP_CONG_PRC,ATWELL_1_N001,ALL,1,0,3,2
2022-09-02T03:30:00-00:00,2022-09-02T03:45:00-00:00,2022-09-01,21,ATWELL_1_N001,ATWELL_1_N001,ATWELL_1_N001,RTPD,MCC,LMP_CONG_PRC,ATWELL_1_N001,ALL,1,31.45089,3,2
2022-09-02T04:30:00-00:00,2022-09-02T04:45:00-00:00,2022-09-01,22,ATWELL_1_N001,ATWELL_1_N001,ATWELL_1_N001,RTPD,MCC,LMP_CONG_PRC,ATWELL_1_N001,ALL,1,91.85194,3,2
2022-09-02T05:30:00-00:00,2022-09-02T05:45:00-00:00,2022-09-01,23,ATWELL_1_N001,ATWELL_1_N001,ATWELL_1_N001,RTPD,MCC,LMP_CONG_PRC,ATWELL_1_N001,ALL,1,12.9251,3,2
2022-09-02T06:30:00-00:00,2022-09-02T06:45:00-00:00,2022-09-01,24,ATWELL_1_N001,ATWELL_1_N001,ATWELL_1_N001,RTPD,MCC,LMP_CONG_PRC,ATWELL_1_N001,ALL,1,12.16328,3,2
2022-09-01T07:45:00-00:00,2022-09-01T08:00:00-00:00,2022-09-01,01,ATWELL_1_N001,ATWELL_1_N001,ATWELL_1_N001,RTPD,MCC,LMP_CONG_PRC,ATWELL_1_N001,ALL,1,-22.60964,4,2
2022-09-01T08:45:00-00:00,2022-09-01T09:00:00-00:00,2022-09-01,02,ATWELL_1_N001,ATWELL_1_N001,ATWELL_1_N001,RTPD,MCC,LMP_CONG_PRC,ATWELL_1_N001,ALL,1,-5.5193,4,2
2022-09-01T09:45:00-00:00,2022-09-01T10:00:00-00:00,2022-09-01,03,ATWELL_1_N001,ATWELL_1_N001,ATWELL_1_N001,RTPD,MCC,LMP_CONG_PRC,ATWELL_1_N001,ALL,1,-6.39784,4,2
2022-09-01T10:45:00-00:00,2022-09-01T11:00:00-00:00,2022-09-01,04,ATWELL_1_N001,ATWELL_1_N001,ATWELL_1_N001,RTPD,MCC,LMP_CONG_PRC,ATWELL_1_N001,ALL,1,-1.50033,4,2
2022-09-01T11:45:00-00:00,2022-09-01T12:00:00-00:00,2022-09-01,05,ATWELL_1_N001,ATWELL_1_N001,ATWELL_1_N001,RTPD,MCC,LMP_CONG_PRC,ATWELL_1_N001,ALL,1,0,4,2
2022-09-01T12:45:00-00:00,2022-09-01T13:00:00-00:00,2022-09-01,06,ATWELL_1_N001,ATWELL_1_N001,ATWELL_1_N001,RTPD,MCC,LMP_CONG_PRC,ATWELL_1_N001,ALL,1,-2.89845,4,2
2022-09-01T13:45:00-00:00,2022-09-01T14:00:00-00:00,2022-09-01,07,ATWELL_1_N001,ATWELL_1_N001,ATWELL_1_N001,RTPD,MCC,LMP_CONG_PRC,ATWELL_1_N001,ALL,1,0,4,2
2022-09-01T14:45:00-00:00,2022-09-01T15:00:00-00:00,2022-09-01,08,ATWELL_1_N001,ATWELL_1_N001,ATWELL_1_N001,RTPD,MCC,LMP_CONG_PRC,ATWELL_1_N001,ALL,1,0,4,2
2022-09-01T15:45:00-00:00,2022-09-01T16:00:00-00:00,2022-09-01,09,ATWELL_1_N001,ATWELL_1_N001,ATWELL_1_N001,RTPD,MCC,LMP_CONG_PRC,ATWELL_1_N001,ALL,1,0,4,2
2022-09-01T16:45:00-00:00,2022-09-01T17:00:00-00:00,2022-09-01,10,ATWELL_1_N001,ATWELL_1_N001,ATWELL_1_N001,RTPD,MCC,LMP_CONG_PRC,ATWELL_1_N001,ALL,1,-15.15434,4,2
2022-09-01T17:45:00-00:00,2022-09-01T18:00:00-00:00,2022-09-01,11,ATWELL_1_N001,ATWELL_1_N001,ATWELL_1_N001,RTPD,MCC,LMP_CONG_PRC,ATWELL_1_N001,ALL,1,-24.57445,4,2
2022-09-01T18:45:00-00:00,2022-09-01T19:00:00-00:00,2022-09-01,12,ATWELL_1_N001,ATWELL_1_N001,ATWELL_1_N001,RTPD,MCC,LMP_CONG_PRC,ATWELL_1_N001,ALL,1,-33.4364,4,2
2022-09-01T19:45:00-00:00,2022-09-01T20:00:00-00:00,2022-09-01,13,ATWELL_1_N001,ATWELL_1_N001,ATWELL_1_N001,RTPD,MCC,LMP_CONG_PRC,ATWELL_1_N001,ALL,1,-16.71163,4,2
2022-09-01T20:45:00-00:00,2022-09-01T21:00:00-00:00,2022-09-01,14,ATWELL_1_N001,ATWELL_1_N001,ATWELL_1_N001,RTPD,MCC,LMP_CONG_PRC,ATWELL_1_N001,ALL,1,-34.4659,4,2
2022-09-01T21:45:00-00:00,2022-09-01T22:00:00-00:00,2022-09-01,15,ATWELL_1_N001,ATWELL_1_N001,ATWELL_1_N001,RTPD,MCC,LMP_CONG_PRC,ATWELL_1_N001,ALL,1,-109.11985,4,2
2022-09-01T22:45:00-00:00,2022-09-01T23:00:00-00:00,2022-09-01,16,ATWELL_1_N001,ATWELL_1_N001,ATWELL_1_N001,RTPD,MCC,LMP_CONG_PRC,ATWELL_1_N001,ALL,1,-437.0337,4,2
2022-09-01T23:45:00-00:00,2022-09-02T00:00:00-00:00,2022-09-01,17,ATWELL_1_N001,ATWELL_1_N001,ATWELL_1_N001,RTPD,MCC,LMP_CONG_PRC,ATWELL_1_N001,ALL,1,298.64114,4,2
2022-09-02T00:45:00-00:00,2022-09-02T01:00:00-00:00,2022-09-01,18,ATWELL_1_N001,ATWELL_1_N001,ATWELL_1_N001,RTPD,MCC,LMP_CONG_PRC,ATWELL_1_N001,ALL,1,265.86285,4,2
2022-09-02T01:45:00-00:00,2022-09-02T02:00:00-00:00,2022-09-01,19,ATWELL_1_N001,ATWELL_1_N001,ATWELL_1_N001,RTPD,MCC,LMP_CONG_PRC,ATWELL_1_N001,ALL,1,0,4,2
2022-09-02T02:45:00-00:00,2022-09-02T03:00:00-00:00,2022-09-01,20,ATWELL_1_N001,ATWELL_1_N001,ATWELL_1_N001,RTPD,MCC,LMP_CONG_PRC,ATWELL_1_N001,ALL,1,147.7253,4,2
2022-09-02T03:45:00-00:00,2022-09-02T04:00:00-00:00,2022-09-01,21,ATWELL_1_N001,ATWELL_1_N001,ATWELL_1_N001,RTPD,MCC,LMP_CONG_PRC,ATWELL_1_N001,ALL,1,20.38722,4,2
2022-09-02T04:45:00-00:00,2022-09-02T05:00:00-00:00,2022-09-01,22,ATWELL_1_N001,ATWELL_1_N001,ATWELL_1_N001,RTPD,MCC,LMP_CONG_PRC,ATWELL_1_N001,ALL,1,13.93893,4,2
2022-09-02T05:45:00-00:00,2022-09-02T06:00:00-00:00,2022-09-01,23,ATWELL_1_N001,ATWELL_1_N001,ATWELL_1_N001,RTPD,MCC,LMP_CONG_PRC,ATWELL_1_N001,ALL,1,48.6906,4,2
2022-09-02T06:45:00-00:00,2022-09-02T07:00:00-00:00,2022-09-01,24,ATWELL_1_N001,ATWELL_1_N001,ATWELL_1_N001,RTPD,MCC,LMP_CONG_PRC,ATWELL_1_N001,ALL,1,7.60585,4,2
2022-09-01T07:00:00-00:00,2022-09-01T07:15:00-00:00,2022-09-01,01,ATWELL_1_N001,ATWELL_1_N001,ATWELL_1_N001,RTPD,MCE,LMP_ENE_PRC,ATWELL_1_N001,ALL,1,104.23471,1,3
2022-09-01T08:00:00-00:00,2022-09-01T08:15:00-00:00,2022-09-01,02,ATWELL_1_N001,ATWELL_1_N001,ATWELL_1_N001,RTPD,MCE,LMP_ENE_PRC,ATWELL_1_N001,ALL,1,115.5488,1,3
2022-09-01T09:00:00-00:00,2022-09-01T09:15:00-00:00,2022-09-01,03,ATWELL_1_N001,ATWELL_1_N001,ATWELL_1_N001,RTPD,MCE,LMP_ENE_PRC,ATWELL_1_N001,ALL,1,99.73061,1,3
2022-09-01T10:00:00-00:00,2022-09-01T10:15:00-00:00,2022-09-01,04,ATWELL_1_N001,ATWELL_1_N001,ATWELL_1_N001,RTPD,MCE,LMP_ENE_PRC,ATWELL_1_N001,ALL,1,98.64222,1,3
2022-09-01T11:00:00-00:00,2022-09-01T11:15:00-00:00,2022-09-01,05,ATWELL_1_N001,ATWELL_1_N001,ATWELL_1_N001,RTPD,MCE,LMP_ENE_PRC,ATWELL_1_N001,ALL,1,102.56859,1,3
2022-09-01T12:00:00-00:00,2022-09-01T12:15:00-00:00,2022-09-01,06,ATWELL_1_N001,ATWELL_1_N001,ATWELL_1_N001,RTPD,MCE,LMP_ENE_PRC,ATWELL_1_N001,ALL,1,96.90845,1,3
2022-09-01T13:00:00-00:00,2022-09-01T13:15:00-00:00,2022-09-01,07,ATWELL_1_N001,ATWELL_1_N001,ATWELL_1_N001,RTPD,MCE,LMP_ENE_PRC,ATWELL_1_N001,ALL,1,101.80878,1,3
2022-09-01T14:00:00-00:00,2022-09-01T14:15:00-00:00,2022-09-01,08,ATWELL_1_N001,ATWELL_1_N001,ATWELL_1_N001,RTPD,MCE,LMP_ENE_PRC,ATWELL_1_N001,ALL,1,111.11219,1,3
2022-09-01T15:00:00-00:00,2022-09-01T15:15:00-00:00,2022-09-01,09,ATWELL_1_N001,ATWELL_1_N001,ATWELL_1_N001,RTPD,MCE,LMP_ENE_PRC,ATWELL_1_N001,ALL,1,97.4112,1,3
2022-09-01T16:00:00-00:00,2022-09-01T16:15:00-00:00,2022-09-01,10,ATWELL_1_N001,ATWELL_1_N001,ATWELL_1_N001,RTPD,MCE,LMP_ENE_PRC,ATWELL_1_N001,ALL,1,83.43525,1,3
2022-09-01T17:00:00-00:00,2022-09-01T17:15:00-00:00,2022-09-01,11,ATWELL_1_N001,ATWELL_1_N001,ATWELL_1_N001,RTPD,MCE,LMP_ENE_PRC,ATWELL_1_N001,ALL,1,96.94897,1,3
2022-09-01T18:00:00-00:00,2022-09-01T18:15:00-00:00,2022-09-01,12,ATWELL_1_N001,ATWELL_1_N001,ATWELL_1_N001,RTPD,MCE,LMP_ENE_PRC,ATWELL_1_N001,ALL,1,91.59291,1,3
2022-09-01T19:00:00-00:00,2022-09-01T19:15:00-00:00,2022-09-01,13,ATWELL_1_N001,ATWELL_1_N001,ATWELL_1_N001,RTPD,MCE,LMP_ENE_PRC,ATWELL_1_N001,ALL,1,109.19637,1,3
2022-09-01T20:00:00-00:00,2022-09-01T20:15:00-00:00,2022-09-01,14,ATWELL_1_N001,ATWELL_1_N001,ATWELL_1_N001,RTPD,MCE,LMP_ENE_PRC,ATWELL_1_N001,ALL,1,117.94359,1,3
2022-09-01T21:00:00-00:00,2022-09-01T21:15:00-00:00,2022-09-01,15,ATWELL_1_N001,ATWELL_1_N001,ATWELL_1_N001,RTPD,MCE,LMP_ENE_PRC,ATWELL_1_N001,ALL,1,226.61499,1,3
2022-09-01T22:00:00-00:00,2022-09-01T22:15:00-00:00,2022-09-01,16,ATWELL_1_N001,ATWELL_1_N001,ATWELL_1_N001,RTPD,MCE,LMP_ENE_PRC,ATWELL_1_N001,ALL,1,229.18552,1,3
2022-09-01T23:00:00-00:00,2022-09-01T23:15:00-00:00,2022-09-01,17,ATWELL_1_N001,ATWELL_1_N001,ATWELL_1_N001,RTPD,MCE,LMP_ENE_PRC,ATWELL_1_N001,ALL,1,386.7537,1,3
2022-09-02T00:00:00-00:00,2022-09-02T00:15:00-00:00,2022-09-01,18,ATWELL_1_N001,ATWELL_1_N001,ATWELL_1_N001,RTPD,MCE,LMP_ENE_PRC,ATWELL_1_N001,ALL,1,770.58136,1,3
2022-09-02T01:00:00-00:00,2022-09-02T01:15:00-00:00,2022-09-01,19,ATWELL_1_N001,ATWELL_1_N001,ATWELL_1_N001,RTPD,MCE,LMP_ENE_PRC,ATWELL_1_N001,ALL,1,916.27124,1,3
2022-09-02T02:00:00-00:00,2022-09-02T02:15:00-00:00,2022-09-01,20,ATWELL_1_N001,ATWELL_1_N001,ATWELL_1_N001,RTPD,MCE,LMP_ENE_PRC,ATWELL_1_N001,ALL,1,1991.6721,1,3
2022-09-02T03:00:00-00:00,2022-09-02T03:15:00-00:00,2022-09-01,21,ATWELL_1_N001,ATWELL_1_N001,ATWELL_1_N001,RTPD,MCE,LMP_ENE_PRC,ATWELL_1_N001,ALL,1,917.5508,1,3
2022-09-02T04:00:00-00:00,2022-09-02T04:15:00-00:00,2022-09-01,22,ATWELL_1_N001,ATWELL_1_N001,ATWELL_1_N001,RTPD,MCE,LMP_ENE_PRC,ATWELL_1_N001,ALL,1,257.83005,1,3
2022-09-02T05:00:00-00:00,2022-09-02T05:15:00-00:00,2022-09-01,23,ATWELL_1_N001,ATWELL_1_N001,ATWELL_1_N001,RTPD,MCE,LMP_ENE_PRC,ATWELL_1_N001,ALL,1,183.24657,1,3
2022-09-02T06:00:00-00:00,2022-09-02T06:15:00-00:00,2022-09-01,24,ATWELL_1_N001,ATWELL_1_N001,ATWELL_1_N001,RTPD,MCE,LMP_ENE_PRC,ATWELL_1_N001,ALL,1,158.867,1,3
2022-09-01T07:15:00-00:00,2022-09-01T07:30:00-00:00,2022-09-01,01,ATWELL_1_N001,ATWELL_1_N001,ATWELL_1_N001,RTPD,MCE,LMP_ENE_PRC,ATWELL_1_N001,ALL,1,125.55144,2,3
2022-09-01T08:15:00-00:00,2022-09-01T08:30:00-00:00,2022-09-01,02,ATWELL_1_N001,ATWELL_1_N001,ATWELL_1_N001,RTPD,MCE,LMP_ENE_PRC,ATWELL_1_N001,ALL,1,115.53165,2,3
2022-09-01T09:15:00-00:00,2022-09-01T09:30:00-00:00,2022-09-01,03,ATWELL_1_N001,ATWELL_1_N001,ATWELL_1_N001,RTPD,MCE,LMP_ENE_PRC,ATWELL_1_N001,ALL,1,98.30543,2,3
2022-09-01T10:15:00-00:00,2022-09-01T10:30:00-00:00,2022-09-01,04,ATWELL_1_N001,ATWELL_1_N001,ATWELL_1_N001,RTPD,MCE,LMP_ENE_PRC,ATWELL_1_N001,ALL,1,97.00684,2,3
2022-09-01T11:15:00-00:00,2022-09-01T11:30:00-00:00,2022-09-01,05,ATWELL_1_N001,ATWELL_1_N001,ATWELL_1_N001,RTPD,MCE,LMP_ENE_PRC,ATWELL_1_N001,ALL,1,103.09059,2,3
2022-09-01T12:15:00-00:00,2022-09-01T12:30:00-00:00,2022-09-01,06,ATWELL_1_N001,ATWELL_1_N001,ATWELL_1_N001,RTPD,MCE,LMP_ENE_PRC,ATWELL_1_N001,ALL,1,109.32203,2,3
2022-09-01T13:15:00-00:00,2022-09-01T13:30:00-00:00,2022-09-01,07,ATWELL_1_N001,ATWELL_1_N001,ATWELL_1_N001,RTPD,MCE,LMP_ENE_PRC,ATWELL_1_N001,ALL,1,110.97827,2,3
2022-09-01T14:15:00-00:00,2022-09-01T14:30:00-00:00,2022-09-01,08,ATWELL_1_N001,ATWELL_1_N001,ATWELL_1_N001,RTPD,MCE,LMP_ENE_PRC,ATWELL_1_N001,ALL,1,104.78743,2,3
2022-09-01T15:15:00-00:00,2022-09-01T15:30:00-00:00,2022-09-01,09,ATWELL_1_N001,ATWELL_1_N001,ATWELL_1_N001,RTPD,MCE,LMP_ENE_PRC,ATWELL_1_N001,ALL,1,86.9388,2,3
2022-09-01T16:15:00-00:00,2022-09-01T16:30:00-00:00,2022-09-01,10,ATWELL_1_N001,ATWELL_1_N001,ATWELL_1_N001,RTPD,MCE,LMP_ENE_PRC,ATWELL_1_N001,ALL,1,89.44858,2,3
2022-09-01T17:15:00-00:00,2022-09-01T17:30:00-00:00,2022-09-01,11,ATWELL_1_N001,ATWELL_1_N001,ATWELL_1_N001,RTPD,MCE,LMP_ENE_PRC,ATWELL_1_N001,ALL,1,99.34673,2,3
2022-09-01T18:15:00-00:00,2022-09-01T18:30:00-00:00,2022-09-01,12,ATWELL_1_N001,ATWELL_1_N001,ATWELL_1_N001,RTPD,MCE,LMP_ENE_PRC,ATWELL_1_N001,ALL,1,101.15901,2,3
2022-09-01T19:15:00-00:00,2022-09-01T19:30:00-00:00,2022-09-01,13,ATWELL_1_N001,ATWELL_1_N001,ATWELL_1_N001,RTPD,MCE,LMP_ENE_PRC,ATWELL_1_N001,ALL,1,105.30588,2,3
2022-09-01T20:15:00-00:00,2022-09-01T20:30:00-00:00,2022-09-01,14,ATWELL_1_N001,ATWELL_1_N001,ATWELL_1_N001,RTPD,MCE,LMP_ENE_PRC,ATWELL_1_N001,ALL,1,117.49421,2,3
2022-09-01T21:15:00-00:00,2022-09-01T21:30:00-00:00,2022-09-01,15,ATWELL_1_N001,ATWELL_1_N001,ATWELL_1_N001,RTPD,MCE,LMP_ENE_PRC,ATWELL_1_N001,ALL,1,147.21185,2,3
2022-09-01T22:15:00-00:00,2022-09-01T22:30:00-00:00,2022-09-01,16,ATWELL_1_N001,ATWELL_1_N001,ATWELL_1_N001,RTPD,MCE,LMP_ENE_PRC,ATWELL_1_N001,ALL,1,256.58734,2,3
2022-09-01T23:15:00-00:00,2022-09-01T23:30:00-00:00,2022-09-01,17,ATWELL_1_N001,ATWELL_1_N001,ATWELL_1_N001,RTPD,MCE,LMP_ENE_PRC,ATWELL_1_N001,ALL,1,362.12408,2,3
2022-09-02T00:15:00-00:00,2022-09-02T00:30:00-00:00,2022-09-01,18,ATWELL_1_N001,ATWELL_1_N001,ATWELL_1_N001,RTPD,MCE,LMP_ENE_PRC,ATWELL_1_N001,ALL,1,691.2182,2,3
2022-09-02T01:15:00-00:00,2022-09-02T01:30:00-00:00,2022-09-01,19,ATWELL_1_N001,ATWELL_1_N001,ATWELL_1_N001,RTPD,MCE,LMP_ENE_PRC,ATWELL_1_N001,ALL,1,1999.9933,2,3
2022-09-02T02:15:00-00:00,2022-09-02T02:30:00-00:00,2022-09-01,20,ATWELL_1_N001,ATWELL_1_N001,ATWELL_1_N001,RTPD,MCE,LMP_ENE_PRC,ATWELL_1_N001,ALL,1,1991.6721,2,3
2022-09-02T03:15:00-00:00,2022-09-02T03:30:00-00:00,2022-09-01,21,ATWELL_1_N001,ATWELL_1_N001,ATWELL_1_N001,RTPD,MCE,LMP_ENE_PRC,ATWELL_1_N001,ALL,1,400.52884,2,3
2022-09-02T04:15:00-00:00,2022-09-02T04:30:00-00:00,2022-09-01,22,ATWELL_1_N001,ATWELL_1_N001,ATWELL_1_N001,RTPD,MCE,LMP_ENE_PRC,ATWELL_1_N001,ALL,1,224.75041,2,3
2022-09-02T05:15:00-00:00,2022-09-02T05:30:00-00:00,2022-09-01,23,ATWELL_1_N001,ATWELL_1_N001,ATWELL_1_N001,RTPD,MCE,LMP_ENE_PRC,ATWELL_1_N001,ALL,1,157.11986,2,3
2022-09-02T06:15:00-00:00,2022-09-02T06:30:00-00:00,2022-09-01,24,ATWELL_1_N001,ATWELL_1_N001,ATWELL_1_N001,RTPD,MCE,LMP_ENE_PRC,ATWELL_1_N001,ALL,1,143.1005,2,3
2022-09-01T07:30:00-00:00,2022-09-01T07:45:00-00:00,2022-09-01,01,ATWELL_1_N001,ATWELL_1_N001,ATWELL_1_N001,RTPD,MCE,LMP_ENE_PRC,ATWELL_1_N001,ALL,1,119.03196,3,3
2022-09-01T08:30:00-00:00,2022-09-01T08:45:00-00:00,2022-09-01,02,ATWELL_1_N001,ATWELL_1_N001,ATWELL_1_N001,RTPD,MCE,LMP_ENE_PRC,ATWELL_1_N001,ALL,1,111.11241,3,3
2022-09-01T09:30:00-00:00,2022-09-01T09:45:00-00:00,2022-09-01,03,ATWELL_1_N001,ATWELL_1_N001,ATWELL_1_N001,RTPD,MCE,LMP_ENE_PRC,ATWELL_1_N001,ALL,1,98.16228,3,3
2022-09-01T10:30:00-00:00,2022-09-01T10:45:00-00:00,2022-09-01,04,ATWELL_1_N001,ATWELL_1_N001,ATWELL_1_N001,RTPD,MCE,LMP_ENE_PRC,ATWELL_1_N001,ALL,1,96.36226,3,3
2022-09-01T11:30:00-00:00,2022-09-01T11:45:00-00:00,2022-09-01,05,ATWELL_1_N001,ATWELL_1_N001,ATWELL_1_N001,RTPD,MCE,LMP_ENE_PRC,ATWELL_1_N001,ALL,1,103.06198,3,3
2022-09-01T12:30:00-00:00,2022-09-01T12:45:00-00:00,2022-09-01,06,ATWELL_1_N001,ATWELL_1_N001,ATWELL_1_N001,RTPD,MCE,LMP_ENE_PRC,ATWELL_1_N001,ALL,1,113.57403,3,3
2022-09-01T13:30:00-00:00,2022-09-01T13:45:00-00:00,2022-09-01,07,ATWELL_1_N001,ATWELL_1_N001,ATWELL_1_N001,RTPD,MCE,LMP_ENE_PRC,ATWELL_1_N001,ALL,1,111.52025,3,3
2022-09-01T14:30:00-00:00,2022-09-01T14:45:00-00:00,2022-09-01,08,ATWELL_1_N001,ATWELL_1_N001,ATWELL_1_N001,RTPD,MCE,LMP_ENE_PRC,ATWELL_1_N001,ALL,1,101.83428,3,3
2022-09-01T15:30:00-00:00,2022-09-01T15:45:00-00:00,2022-09-01,09,ATWELL_1_N001,ATWELL_1_N001,ATWELL_1_N001,RTPD,MCE,LMP_ENE_PRC,ATWELL_1_N001,ALL,1,86.1388,3,3
2022-09-01T16:30:00-00:00,2022-09-01T16:45:00-00:00,2022-09-01,10,ATWELL_1_N001,ATWELL_1_N001,ATWELL_1_N001,RTPD,MCE,LMP_ENE_PRC,ATWELL_1_N001,ALL,1,88.79644,3,3
2022-09-01T17:30:00-00:00,2022-09-01T17:45:00-00:00,2022-09-01,11,ATWELL_1_N001,ATWELL_1_N001,ATWELL_1_N001,RTPD,MCE,LMP_ENE_PRC,ATWELL_1_N001,ALL,1,99.13013,3,3
2022-09-01T18:30:00-00:00,2022-09-01T18:45:00-00:00,2022-09-01,12,ATWELL_1_N001,ATWELL_1_N001,ATWELL_1_N001,RTPD,MCE,LMP_ENE_PRC,ATWELL_1_N001,ALL,1,107.05718,3,3
2022-09-01T19:30:00-00:00,2022-09-01T19:45:00-00:00,2022-09-01,13,ATWELL_1_N001,ATWELL_1_N001,ATWELL_1_N001,RTPD,MCE,LMP_ENE_PRC,ATWELL_1_N001,ALL,1,114.05905,3,3
2022-09-01T20:30:00-00:00,2022-09-01T20:45:00-00:00,2022-09-01,14,ATWELL_1_N001,ATWELL_1_N001,ATWELL_1_N001,RTPD,MCE,LMP_ENE_PRC,ATWELL_1_N001,ALL,1,129.81606,3,3
2022-09-01T21:30:00-00:00,2022-09-01T21:45:00-00:00,2022-09-01,15,ATWELL_1_N001,ATWELL_1_N001,ATWELL_1_N001,RTPD,MCE,LMP_ENE_PRC,ATWELL_1_N001,ALL,1,152.93057,3,3
2022-09-01T22:30:00-00:00,2022-09-01T22:45:00-00:00,2022-09-01,16,ATWELL_1_N001,ATWELL_1_N001,ATWELL_1_N001,RTPD,MCE,LMP_ENE_PRC,ATWELL_1_N001,ALL,1,283.18182,3,3
2022-09-01T23:30:00-00:00,2022-09-01T23:45:00-00:00,2022-09-01,17,ATWELL_1_N001,ATWELL_1_N001,ATWELL_1_N001,RTPD,MCE,LMP_ENE_PRC,ATWELL_1_N001,ALL,1,566.48157,3,3
2022-09-02T00:30:00-00:00,2022-09-02T00:45:00-00:00,2022-09-01,18,ATWELL_1_N001,ATWELL_1_N001,ATWELL_1_N001,RTPD,MCE,LMP_ENE_PRC,ATWELL_1_N001,ALL,1,1329.1127,3,3
2022-09-02T01:30:00-00:00,2022-09-02T01:45:00-00:00,2022-09-01,19,ATWELL_1_N001,ATWELL_1_N001,ATWELL_1_N001,RTPD,MCE,LMP_ENE_PRC,ATWELL_1_N001,ALL,1,1999.9956,3,3
2022-09-02T02:30:00-00:00,2022-09-02T02:45:00-00:00,2022-09-01,20,ATWELL_1_N001,ATWELL_1_N001,ATWELL_1_N001,RTPD,MCE,LMP_ENE_PRC,ATWELL_1_N001,ALL,1,1991.671,3,3
2022-09-02T03:30:00-00:00,2022-09-02T03:45:00-00:00,2022-09-01,21,ATWELL_1_N001,ATWELL_1_N001,ATWELL_1_N001,RTPD,MCE,LMP_ENE_PRC,ATWELL_1_N001,ALL,1,186.61823,3,3
2022-09-02T04:30:00-00:00,2022-09-02T04:45:00-00:00,2022-09-01,22,ATWELL_1_N001,ATWELL_1_N001,ATWELL_1_N001,RTPD,MCE,LMP_ENE_PRC,ATWELL_1_N001,ALL,1,180.67824,3,3
2022-09-02T05:30:00-00:00,2022-09-02T05:45:00-00:00,2022-09-01,23,ATWELL_1_N001,ATWELL_1_N001,ATWELL_1_N001,RTPD,MCE,LMP_ENE_PRC,ATWELL_1_N001,ALL,1,131.69917,3,3
2022-09-02T06:30:00-00:00,2022-09-02T06:45:00-00:00,2022-09-01,24,ATWELL_1_N001,ATWELL_1_N001,ATWELL_1_N001,RTPD,MCE,LMP_ENE_PRC,ATWELL_1_N001,ALL,1,128.9871,3,3
2022-09-01T07:45:00-00:00,2022-09-01T08:00:00-00:00,2022-09-01,01,ATWELL_1_N001,ATWELL_1_N001,ATWELL_1_N001,RTPD,MCE,LMP_ENE_PRC,ATWELL_1_N001,ALL,1,109.12099,4,3
2022-09-01T08:45:00-00:00,2022-09-01T09:00:00-00:00,2022-09-01,02,ATWELL_1_N001,ATWELL_1_N001,ATWELL_1_N001,RTPD,MCE,LMP_ENE_PRC,ATWELL_1_N001,ALL,1,98.7357,4,3
2022-09-01T09:45:00-00:00,2022-09-01T10:00:00-00:00,2022-09-01,03,ATWELL_1_N001,ATWELL_1_N001,ATWELL_1_N001,RTPD,MCE,LMP_ENE_PRC,ATWELL_1_N001,ALL,1,97.50475,4,3
2022-09-01T10:45:00-00:00,2022-09-01T11:00:00-00:00,2022-09-01,04,ATWELL_1_N001,ATWELL_1_N001,ATWELL_1_N001,RTPD,MCE,LMP_ENE_PRC,ATWELL_1_N001,ALL,1,94.71966,4,3
2022-09-01T11:45:00-00:00,2022-09-01T12:00:00-00:00,2022-09-01,05,ATWELL_1_N001,ATWELL_1_N001,ATWELL_1_N001,RTPD,MCE,LMP_ENE_PRC,ATWELL_1_N001,ALL,1,107.01,4,3
2022-09-01T12:45:00-00:00,2022-09-01T13:00:00-00:00,2022-09-01,06,ATWELL_1_N001,ATWELL_1_N001,ATWELL_1_N001,RTPD,MCE,LMP_ENE_PRC,ATWELL_1_N001,ALL,1,116.4848,4,3
2022-09-01T13:45:00-00:00,2022-09-01T14:00:00-00:00,2022-09-01,07,ATWELL_1_N001,ATWELL_1_N001,ATWELL_1_N001,RTPD,MCE,LMP_ENE_PRC,ATWELL_1_N001,ALL,1,111.41,4,3
2022-09-01T14:45:00-00:00,2022-09-01T15:00:00-00:00,2022-09-01,08,ATWELL_1_N001,ATWELL_1_N001,ATWELL_1_N001,RTPD,MCE,LMP_ENE_PRC,ATWELL_1_N001,ALL,1,86.1388,4,3
2022-09-01T15:45:00-00:00,2022-09-01T16:00:00-00:00,2022-09-01,09,ATWELL_1_N001,ATWELL_1_N001,ATWELL_1_N001,RTPD,MCE,LMP_ENE_PRC,ATWELL_1_N001,ALL,1,78.70076,4,3
2022-09-01T16:45:00-00:00,2022-09-01T17:00:00-00:00,2022-09-01,10,ATWELL_1_N001,ATWELL_1_N001,ATWELL_1_N001,RTPD,MCE,LMP_ENE_PRC,ATWELL_1_N001,ALL,1,91.24933,4,3
2022-09-01T17:45:00-00:00,2022-09-01T18:00:00-00:00,2022-09-01,11,ATWELL_1_N001,ATWELL_1_N001,ATWELL_1_N001,RTPD,MCE,LMP_ENE_PRC,ATWELL_1_N001,ALL,1,99.20544,4,3
2022-09-01T18:45:00-00:00,2022-09-01T19:00:00-00:00,2022-09-01,12,ATWELL_1_N001,ATWELL_1_N001,ATWELL_1_N001,RTPD,MCE,LMP_ENE_PRC,ATWELL_1_N001,ALL,1,109.04064,4,3
2022-09-01T19:45:00-00:00,2022-09-01T20:00:00-00:00,2022-09-01,13,ATWELL_1_N001,ATWELL_1_N001,ATWELL_1_N001,RTPD,MCE,LMP_ENE_PRC,ATWELL_1_N001,ALL,1,120.22491,4,3
2022-09-01T20:45:00-00:00,2022-09-01T21:00:00-00:00,2022-09-01,14,ATWELL_1_N001,ATWELL_1_N001,ATWELL_1_N001,RTPD,MCE,LMP_ENE_PRC,ATWELL_1_N001,ALL,1,154.02509,4,3
2022-09-01T21:45:00-00:00,2022-09-01T22:00:00-00:00,2022-09-01,15,ATWELL_1_N001,ATWELL_1_N001,ATWELL_1_N001,RTPD,MCE,LMP_ENE_PRC,ATWELL_1_N001,ALL,1,300.29376,4,3
2022-09-01T22:45:00-00:00,2022-09-01T23:00:00-00:00,2022-09-01,16,ATWELL_1_N001,ATWELL_1_N001,ATWELL_1_N001,RTPD,MCE,LMP_ENE_PRC,ATWELL_1_N001,ALL,1,429.9137,4,3
2022-09-01T23:45:00-00:00,2022-09-02T00:00:00-00:00,2022-09-01,17,ATWELL_1_N001,ATWELL_1_N001,ATWELL_1_N001,RTPD,MCE,LMP_ENE_PRC,ATWELL_1_N001,ALL,1,1261.2124,4,3
2022-09-02T00:45:00-00:00,2022-09-02T01:00:00-00:00,2022-09-01,18,ATWELL_1_N001,ATWELL_1_N001,ATWELL_1_N001,RTPD,MCE,LMP_ENE_PRC,ATWELL_1_N001,ALL,1,1519.149,4,3
2022-09-02T01:45:00-00:00,2022-09-02T02:00:00-00:00,2022-09-01,19,ATWELL_1_N001,ATWELL_1_N001,ATWELL_1_N001,RTPD,MCE,LMP_ENE_PRC,ATWELL_1_N001,ALL,1,1991.9337,4,3
2022-09-02T02:45:00-00:00,2022-09-02T03:00:00-00:00,2022-09-01,20,ATWELL_1_N001,ATWELL_1_N001,ATWELL_1_N001,RTPD,MCE,LMP_ENE_PRC,ATWELL_1_N001,ALL,1,1629.6213,4,3
2022-09-02T03:45:00-00:00,2022-09-02T04:00:00-00:00,2022-09-01,21,ATWELL_1_N001,ATWELL_1_N001,ATWELL_1_N001,RTPD,MCE,LMP_ENE_PRC,ATWELL_1_N001,ALL,1,141.13702,4,3
2022-09-02T04:45:00-00:00,2022-09-02T05:00:00-00:00,2022-09-01,22,ATWELL_1_N001,ATWELL_1_N001,ATWELL_1_N001,RTPD,MCE,LMP_ENE_PRC,ATWELL_1_N001,ALL,1,126.76372,4,3
2022-09-02T05:45:00-00:00,2022-09-02T06:00:00-00:00,2022-09-01,23,ATWELL_1_N001,ATWELL_1_N001,ATWELL_1_N001,RTPD,MCE,LMP_ENE_PRC,ATWELL_1_N001,ALL,1,119.00958,4,3
2022-09-02T06:45:00-00:00,2022-09-02T07:00:00-00:00,2022-09-01,24,ATWELL_1_N001,ATWELL_1_N001,ATWELL_1_N001,RTPD,MCE,LMP_ENE_PRC,ATWELL_1_N001,ALL,1,109.20324,4,3
2022-09-01T07:00:00-00:00,2022-09-01T07:15:00-00:00,2022-09-01,01,ATWELL_1_N001,ATWELL_1_N001,ATWELL_1_N001,RTPD,MCL,LMP_LOSS_PRC,ATWELL_1_N001,ALL,1,-3.66906,1,4
2022-09-01T08:00:00-00:00,2022-09-01T08:15:00-00:00,2022-09-01,02,ATWELL_1_N001,ATWELL_1_N001,ATWELL_1_N001,RTPD,MCL,LMP_LOSS_PRC,ATWELL_1_N001,ALL,1,0,1,4
2022-09-01T09:00:00-00:00,2022-09-01T09:15:00-00:00,2022-09-01,03,ATWELL_1_N001,ATWELL_1_N001,ATWELL_1_N001,RTPD,MCL,LMP_LOSS_PRC,ATWELL_1_N001,ALL,1,5.20594,1,4
2022-09-01T10:00:00-00:00,2022-09-01T10:15:00-00:00,2022-09-01,04,ATWELL_1_N001,ATWELL_1_N001,ATWELL_1_N001,RTPD,MCL,LMP_LOSS_PRC,ATWELL_1_N001,ALL,1,5.58315,1,4
2022-09-01T11:00:00-00:00,2022-09-01T11:15:00-00:00,2022-09-01,05,ATWELL_1_N001,ATWELL_1_N001,ATWELL_1_N001,RTPD,MCL,LMP_LOSS_PRC,ATWELL_1_N001,ALL,1,5.73358,1,4
2022-09-01T12:00:00-00:00,2022-09-01T12:15:00-00:00,2022-09-01,06,ATWELL_1_N001,ATWELL_1_N001,ATWELL_1_N001,RTPD,MCL,LMP_LOSS_PRC,ATWELL_1_N001,ALL,1,5.21367,1,4
2022-09-01T13:00:00-00:00,2022-09-01T13:15:00-00:00,2022-09-01,07,ATWELL_1_N001,ATWELL_1_N001,ATWELL_1_N001,RTPD,MCL,LMP_LOSS_PRC,ATWELL_1_N001,ALL,1,0,1,4
2022-09-01T14:00:00-00:00,2022-09-01T14:15:00-00:00,2022-09-01,08,ATWELL_1_N001,ATWELL_1_N001,ATWELL_1_N001,RTPD,MCL,LMP_LOSS_PRC,ATWELL_1_N001,ALL,1,5.08894,1,4
2022-09-01T15:00:00-00:00,2022-09-01T15:15:00-00:00,2022-09-01,09,ATWELL_1_N001,ATWELL_1_N001,ATWELL_1_N001,RTPD,MCL,LMP_LOSS_PRC,ATWELL_1_N001,ALL,1,0,1,4
2022-09-01T16:00:00-00:00,2022-09-01T16:15:00-00:00,2022-09-01,10,ATWELL_1_N001,ATWELL_1_N001,ATWELL_1_N001,RTPD,MCL,LMP_LOSS_PRC,ATWELL_1_N001,ALL,1,0,1,4
2022-09-01T17:00:00-00:00,2022-09-01T17:15:00-00:00,2022-09-01,11,ATWELL_1_N001,ATWELL_1_N001,ATWELL_1_N001,RTPD,MCL,LMP_LOSS_PRC,ATWELL_1_N001,ALL,1,0,1,4
2022-09-01T18:00:00-00:00,2022-09-01T18:15:00-00:00,2022-09-01,12,ATWELL_1_N001,ATWELL_1_N001,ATWELL_1_N001,RTPD,MCL,LMP_LOSS_PRC,ATWELL_1_N001,ALL,1,0,1,4
2022-09-01T19:00:00-00:00,2022-09-01T19:15:00-00:00,2022-09-01,13,ATWELL_1_N001,ATWELL_1_N001,ATWELL_1_N001,RTPD,MCL,LMP_LOSS_PRC,ATWELL_1_N001,ALL,1,0,1,4
2022-09-01T20:00:00-00:00,2022-09-01T20:15:00-00:00,2022-09-01,14,ATWELL_1_N001,ATWELL_1_N001,ATWELL_1_N001,RTPD,MCL,LMP_LOSS_PRC,ATWELL_1_N001,ALL,1,0,1,4
2022-09-01T21:00:00-00:00,2022-09-01T21:15:00-00:00,2022-09-01,15,ATWELL_1_N001,ATWELL_1_N001,ATWELL_1_N001,RTPD,MCL,LMP_LOSS_PRC,ATWELL_1_N001,ALL,1,0,1,4
2022-09-01T22:00:00-00:00,2022-09-01T22:15:00-00:00,2022-09-01,16,ATWELL_1_N001,ATWELL_1_N001,ATWELL_1_N001,RTPD,MCL,LMP_LOSS_PRC,ATWELL_1_N001,ALL,1,0,1,4
2022-09-01T23:00:00-00:00,2022-09-01T23:15:00-00:00,2022-09-01,17,ATWELL_1_N001,ATWELL_1_N001,ATWELL_1_N001,RTPD,MCL,LMP_LOSS_PRC,ATWELL_1_N001,ALL,1,0,1,4
2022-09-02T00:00:00-00:00,2022-09-02T00:15:00-00:00,2022-09-01,18,ATWELL_1_N001,ATWELL_1_N001,ATWELL_1_N001,RTPD,MCL,LMP_LOSS_PRC,ATWELL_1_N001,ALL,1,-10.17167,1,4
2022-09-02T01:00:00-00:00,2022-09-02T01:15:00-00:00,2022-09-01,19,ATWELL_1_N001,ATWELL_1_N001,ATWELL_1_N001,RTPD,MCL,LMP_LOSS_PRC,ATWELL_1_N001,ALL,1,0,1,4
2022-09-02T02:00:00-00:00,2022-09-02T02:15:00-00:00,2022-09-01,20,ATWELL_1_N001,ATWELL_1_N001,ATWELL_1_N001,RTPD,MCL,LMP_LOSS_PRC,ATWELL_1_N001,ALL,1,0,1,4
2022-09-02T03:00:00-00:00,2022-09-02T03:15:00-00:00,2022-09-01,21,ATWELL_1_N001,ATWELL_1_N001,ATWELL_1_N001,RTPD,MCL,LMP_LOSS_PRC,ATWELL_1_N001,ALL,1,30.55444,1,4
2022-09-02T04:00:00-00:00,2022-09-02T04:15:00-00:00,2022-09-01,22,ATWELL_1_N001,ATWELL_1_N001,ATWELL_1_N001,RTPD,MCL,LMP_LOSS_PRC,ATWELL_1_N001,ALL,1,8.99827,1,4
2022-09-02T05:00:00-00:00,2022-09-02T05:15:00-00:00,2022-09-01,23,ATWELL_1_N001,ATWELL_1_N001,ATWELL_1_N001,RTPD,MCL,LMP_LOSS_PRC,ATWELL_1_N001,ALL,1,5.73562,1,4
2022-09-02T06:00:00-00:00,2022-09-02T06:15:00-00:00,2022-09-01,24,ATWELL_1_N001,ATWELL_1_N001,ATWELL_1_N001,RTPD,MCL,LMP_LOSS_PRC,ATWELL_1_N001,ALL,1,4.48005,1,4
2022-09-01T07:15:00-00:00,2022-09-01T07:30:00-00:00,2022-09-01,01,ATWELL_1_N001,ATWELL_1_N001,ATWELL_1_N001,RTPD,MCL,LMP_LOSS_PRC,ATWELL_1_N001,ALL,1,0,2,4
2022-09-01T08:15:00-00:00,2022-09-01T08:30:00-00:00,2022-09-01,02,ATWELL_1_N001,ATWELL_1_N001,ATWELL_1_N001,RTPD,MCL,LMP_LOSS_PRC,ATWELL_1_N001,ALL,1,0,2,4
2022-09-01T09:15:00-00:00,2022-09-01T09:30:00-00:00,2022-09-01,03,ATWELL_1_N001,ATWELL_1_N001,ATWELL_1_N001,RTPD,MCL,LMP_LOSS_PRC,ATWELL_1_N001,ALL,1,5.06273,2,4
2022-09-01T10:15:00-00:00,2022-09-01T10:30:00-00:00,2022-09-01,04,ATWELL_1_N001,ATWELL_1_N001,ATWELL_1_N001,RTPD,MCL,LMP_LOSS_PRC,ATWELL_1_N001,ALL,1,5.6167,2,4
2022-09-01T11:15:00-00:00,2022-09-01T11:30:00-00:00,2022-09-01,05,ATWELL_1_N001,ATWELL_1_N001,ATWELL_1_N001,RTPD,MCL,LMP_LOSS_PRC,ATWELL_1_N001,ALL,1,5.83493,2,4
2022-09-01T12:15:00-00:00,2022-09-01T12:30:00-00:00,2022-09-01,06,ATWELL_1_N001,ATWELL_1_N001,ATWELL_1_N001,RTPD,MCL,LMP_LOSS_PRC,ATWELL_1_N001,ALL,1,6.1439,2,4
2022-09-01T13:15:00-00:00,2022-09-01T13:30:00-00:00,2022-09-01,07,ATWELL_1_N001,ATWELL_1_N001,ATWELL_1_N001,RTPD,MCL,LMP_LOSS_PRC,ATWELL_1_N001,ALL,1,6.31466,2,4
2022-09-01T14:15:00-00:00,2022-09-01T14:30:00-00:00,2022-09-01,08,ATWELL_1_N001,ATWELL_1_N001,ATWELL_1_N001,RTPD,MCL,LMP_LOSS_PRC,ATWELL_1_N001,ALL,1,3.86666,2,4
2022-09-01T15:15:00-00:00,2022-09-01T15:30:00-00:00,2022-09-01,09,ATWELL_1_N001,ATWELL_1_N001,ATWELL_1_N001,RTPD,MCL,LMP_LOSS_PRC,ATWELL_1_N001,ALL,1,0,2,4
2022-09-01T16:15:00-00:00,2022-09-01T16:30:00-00:00,2022-09-01,10,ATWELL_1_N001,ATWELL_1_N001,ATWELL_1_N001,RTPD,MCL,LMP_LOSS_PRC,ATWELL_1_N001,ALL,1,0,2,4
2022-09-01T17:15:00-00:00,2022-09-01T17:30:00-00:00,2022-09-01,11,ATWELL_1_N001,ATWELL_1_N001,ATWELL_1_N001,RTPD,MCL,LMP_LOSS_PRC,ATWELL_1_N001,ALL,1,0,2,4
2022-09-01T18:15:00-00:00,2022-09-01T18:30:00-00:00,2022-09-01,12,ATWELL_1_N001,ATWELL_1_N001,ATWELL_1_N001,RTPD,MCL,LMP_LOSS_PRC,ATWELL_1_N001,ALL,1,0,2,4
2022-09-01T19:15:00-00:00,2022-09-01T19:30:00-00:00,2022-09-01,13,ATWELL_1_N001,ATWELL_1_N001,ATWELL_1_N001,RTPD,MCL,LMP_LOSS_PRC,ATWELL_1_N001,ALL,1,0,2,4
2022-09-01T20:15:00-00:00,2022-09-01T20:30:00-00:00,2022-09-01,14,ATWELL_1_N001,ATWELL_1_N001,ATWELL_1_N001,RTPD,MCL,LMP_LOSS_PRC,ATWELL_1_N001,ALL,1,0,2,4
2022-09-01T21:15:00-00:00,2022-09-01T21:30:00-00:00,2022-09-01,15,ATWELL_1_N001,ATWELL_1_N001,ATWELL_1_N001,RTPD,MCL,LMP_LOSS_PRC,ATWELL_1_N001,ALL,1,0,2,4
2022-09-01T22:15:00-00:00,2022-09-01T22:30:00-00:00,2022-09-01,16,ATWELL_1_N001,ATWELL_1_N001,ATWELL_1_N001,RTPD,MCL,LMP_LOSS_PRC,ATWELL_1_N001,ALL,1,0,2,4
2022-09-01T23:15:00-00:00,2022-09-01T23:30:00-00:00,2022-09-01,17,ATWELL_1_N001,ATWELL_1_N001,ATWELL_1_N001,RTPD,MCL,LMP_LOSS_PRC,ATWELL_1_N001,ALL,1,0,2,4
2022-09-02T00:15:00-00:00,2022-09-02T00:30:00-00:00,2022-09-01,18,ATWELL_1_N001,ATWELL_1_N001,ATWELL_1_N001,RTPD,MCL,LMP_LOSS_PRC,ATWELL_1_N001,ALL,1,-8.70935,2,4
2022-09-02T01:15:00-00:00,2022-09-02T01:30:00-00:00,2022-09-01,19,ATWELL_1_N001,ATWELL_1_N001,ATWELL_1_N001,RTPD,MCL,LMP_LOSS_PRC,ATWELL_1_N001,ALL,1,0,2,4
2022-09-02T02:15:00-00:00,2022-09-02T02:30:00-00:00,2022-09-01,20,ATWELL_1_N001,ATWELL_1_N001,ATWELL_1_N001,RTPD,MCL,LMP_LOSS_PRC,ATWELL_1_N001,ALL,1,0,2,4
2022-09-02T03:15:00-00:00,2022-09-02T03:30:00-00:00,2022-09-01,21,ATWELL_1_N001,ATWELL_1_N001,ATWELL_1_N001,RTPD,MCL,LMP_LOSS_PRC,ATWELL_1_N001,ALL,1,12.93708,2,4
2022-09-02T04:15:00-00:00,2022-09-02T04:30:00-00:00,2022-09-01,22,ATWELL_1_N001,ATWELL_1_N001,ATWELL_1_N001,RTPD,MCL,LMP_LOSS_PRC,ATWELL_1_N001,ALL,1,7.68646,2,4
2022-09-02T05:15:00-00:00,2022-09-02T05:30:00-00:00,2022-09-01,23,ATWELL_1_N001,ATWELL_1_N001,ATWELL_1_N001,RTPD,MCL,LMP_LOSS_PRC,ATWELL_1_N001,ALL,1,5.86057,2,4
2022-09-02T06:15:00-00:00,2022-09-02T06:30:00-00:00,2022-09-01,24,ATWELL_1_N001,ATWELL_1_N001,ATWELL_1_N001,RTPD,MCL,LMP_LOSS_PRC,ATWELL_1_N001,ALL,1,4.29302,2,4
2022-09-01T07:30:00-00:00,2022-09-01T07:45:00-00:00,2022-09-01,01,ATWELL_1_N001,ATWELL_1_N001,ATWELL_1_N001,RTPD,MCL,LMP_LOSS_PRC,ATWELL_1_N001,ALL,1,0,3,4
2022-09-01T08:30:00-00:00,2022-09-01T08:45:00-00:00,2022-09-01,02,ATWELL_1_N001,ATWELL_1_N001,ATWELL_1_N001,RTPD,MCL,LMP_LOSS_PRC,ATWELL_1_N001,ALL,1,5.36673,3,4
2022-09-01T09:30:00-00:00,2022-09-01T09:45:00-00:00,2022-09-01,03,ATWELL_1_N001,ATWELL_1_N001,ATWELL_1_N001,RTPD,MCL,LMP_LOSS_PRC,ATWELL_1_N001,ALL,1,4.90811,3,4
2022-09-01T10:30:00-00:00,2022-09-01T10:45:00-00:00,2022-09-01,04,ATWELL_1_N001,ATWELL_1_N001,ATWELL_1_N001,RTPD,MCL,LMP_LOSS_PRC,ATWELL_1_N001,ALL,1,5.63719,3,4
2022-09-01T11:30:00-00:00,2022-09-01T11:45:00-00:00,2022-09-01,05,ATWELL_1_N001,ATWELL_1_N001,ATWELL_1_N001,RTPD,MCL,LMP_LOSS_PRC,ATWELL_1_N001,ALL,1,5.9879,3,4
2022-09-01T12:30:00-00:00,2022-09-01T12:45:00-00:00,2022-09-01,06,ATWELL_1_N001,ATWELL_1_N001,ATWELL_1_N001,RTPD,MCL,LMP_LOSS_PRC,ATWELL_1_N001,ALL,1,6.08757,3,4
2022-09-01T13:30:00-00:00,2022-09-01T13:45:00-00:00,2022-09-01,07,ATWELL_1_N001,ATWELL_1_N001,ATWELL_1_N001,RTPD,MCL,LMP_LOSS_PRC,ATWELL_1_N001,ALL,1,6.28974,3,4
2022-09-01T14:30:00-00:00,2022-09-01T14:45:00-00:00,2022-09-01,08,ATWELL_1_N001,ATWELL_1_N001,ATWELL_1_N001,RTPD,MCL,LMP_LOSS_PRC,ATWELL_1_N001,ALL,1,2.54586,3,4
2022-09-01T15:30:00-00:00,2022-09-01T15:45:00-00:00,2022-09-01,09,ATWELL_1_N001,ATWELL_1_N001,ATWELL_1_N001,RTPD,MCL,LMP_LOSS_PRC,ATWELL_1_N001,ALL,1,0,3,4
2022-09-01T16:30:00-00:00,2022-09-01T16:45:00-00:00,2022-09-01,10,ATWELL_1_N001,ATWELL_1_N001,ATWELL_1_N001,RTPD,MCL,LMP_LOSS_PRC,ATWELL_1_N001,ALL,1,0,3,4
2022-09-01T17:30:00-00:00,2022-09-01T17:45:00-00:00,2022-09-01,11,ATWELL_1_N001,ATWELL_1_N001,ATWELL_1_N001,RTPD,MCL,LMP_LOSS_PRC,ATWELL_1_N001,ALL,1,0,3,4
2022-09-01T18:30:00-00:00,2022-09-01T18:45:00-00:00,2022-09-01,12,ATWELL_1_N001,ATWELL_1_N001,ATWELL_1_N001,RTPD,MCL,LMP_LOSS_PRC,ATWELL_1_N001,ALL,1,0,3,4
2022-09-01T19:30:00-00:00,2022-09-01T19:45:00-00:00,2022-09-01,13,ATWELL_1_N001,ATWELL_1_N001,ATWELL_1_N001,RTPD,MCL,LMP_LOSS_PRC,ATWELL_1_N001,ALL,1,0,3,4
2022-09-01T20:30:00-00:00,2022-09-01T20:45:00-00:00,2022-09-01,14,ATWELL_1_N001,ATWELL_1_N001,ATWELL_1_N001,RTPD,MCL,LMP_LOSS_PRC,ATWELL_1_N001,ALL,1,0,3,4
2022-09-01T21:30:00-00:00,2022-09-01T21:45:00-00:00,2022-09-01,15,ATWELL_1_N001,ATWELL_1_N001,ATWELL_1_N001,RTPD,MCL,LMP_LOSS_PRC,ATWELL_1_N001,ALL,1,0,3,4
2022-09-01T22:30:00-00:00,2022-09-01T22:45:00-00:00,2022-09-01,16,ATWELL_1_N001,ATWELL_1_N001,ATWELL_1_N001,RTPD,MCL,LMP_LOSS_PRC,ATWELL_1_N001,ALL,1,0,3,4
2022-09-01T23:30:00-00:00,2022-09-01T23:45:00-00:00,2022-09-01,17,ATWELL_1_N001,ATWELL_1_N001,ATWELL_1_N001,RTPD,MCL,LMP_LOSS_PRC,ATWELL_1_N001,ALL,1,0,3,4
2022-09-02T00:30:00-00:00,2022-09-02T00:45:00-00:00,2022-09-01,18,ATWELL_1_N001,ATWELL_1_N001,ATWELL_1_N001,RTPD,MCL,LMP_LOSS_PRC,ATWELL_1_N001,ALL,1,0,3,4
2022-09-02T01:30:00-00:00,2022-09-02T01:45:00-00:00,2022-09-01,19,ATWELL_1_N001,ATWELL_1_N001,ATWELL_1_N001,RTPD,MCL,LMP_LOSS_PRC,ATWELL_1_N001,ALL,1,0,3,4
2022-09-02T02:30:00-00:00,2022-09-02T02:45:00-00:00,2022-09-01,20,ATWELL_1_N001,ATWELL_1_N001,ATWELL_1_N001,RTPD,MCL,LMP_LOSS_PRC,ATWELL_1_N001,ALL,1,0,3,4
2022-09-02T03:30:00-00:00,2022-09-02T03:45:00-00:00,2022-09-01,21,ATWELL_1_N001,ATWELL_1_N001,ATWELL_1_N001,RTPD,MCL,LMP_LOSS_PRC,ATWELL_1_N001,ALL,1,6.60628,3,4
2022-09-02T04:30:00-00:00,2022-09-02T04:45:00-00:00,2022-09-01,22,ATWELL_1_N001,ATWELL_1_N001,ATWELL_1_N001,RTPD,MCL,LMP_LOSS_PRC,ATWELL_1_N001,ALL,1,6.01659,3,4
2022-09-02T05:30:00-00:00,2022-09-02T05:45:00-00:00,2022-09-01,23,ATWELL_1_N001,ATWELL_1_N001,ATWELL_1_N001,RTPD,MCL,LMP_LOSS_PRC,ATWELL_1_N001,ALL,1,5.18895,3,4
2022-09-02T06:30:00-00:00,2022-09-02T06:45:00-00:00,2022-09-01,24,ATWELL_1_N001,ATWELL_1_N001,ATWELL_1_N001,RTPD,MCL,LMP_LOSS_PRC,ATWELL_1_N001,ALL,1,4.45006,3,4
2022-09-01T07:45:00-00:00,2022-09-01T08:00:00-00:00,2022-09-01,01,ATWELL_1_N001,ATWELL_1_N001,ATWELL_1_N001,RTPD,MCL,LMP_LOSS_PRC,ATWELL_1_N001,ALL,1,0,4,4
2022-09-01T08:45:00-00:00,2022-09-01T09:00:00-00:00,2022-09-01,02,ATWELL_1_N001,ATWELL_1_N001,ATWELL_1_N001,RTPD,MCL,LMP_LOSS_PRC,ATWELL_1_N001,ALL,1,4.97628,4,4
2022-09-01T09:45:00-00:00,2022-09-01T10:00:00-00:00,2022-09-01,03,ATWELL_1_N001,ATWELL_1_N001,ATWELL_1_N001,RTPD,MCL,LMP_LOSS_PRC,ATWELL_1_N001,ALL,1,5.18725,4,4
2022-09-01T10:45:00-00:00,2022-09-01T11:00:00-00:00,2022-09-01,04,ATWELL_1_N001,ATWELL_1_N001,ATWELL_1_N001,RTPD,MCL,LMP_LOSS_PRC,ATWELL_1_N001,ALL,1,5.55057,4,4
2022-09-01T11:45:00-00:00,2022-09-01T12:00:00-00:00,2022-09-01,05,ATWELL_1_N001,ATWELL_1_N001,ATWELL_1_N001,RTPD,MCL,LMP_LOSS_PRC,ATWELL_1_N001,ALL,1,0,4,4
2022-09-01T12:45:00-00:00,2022-09-01T13:00:00-00:00,2022-09-01,06,ATWELL_1_N001,ATWELL_1_N001,ATWELL_1_N001,RTPD,MCL,LMP_LOSS_PRC,ATWELL_1_N001,ALL,1,0,4,4
2022-09-01T13:45:00-00:00,2022-09-01T14:00:00-00:00,2022-09-01,07,ATWELL_1_N001,ATWELL_1_N001,ATWELL_1_N001,RTPD,MCL,LMP_LOSS_PRC,ATWELL_1_N001,ALL,1,0,4,4
2022-09-01T14:45:00-00:00,2022-09-01T15:00:00-00:00,2022-09-01,08,ATWELL_1_N001,ATWELL_1_N001,ATWELL_1_N001,RTPD,MCL,LMP_LOSS_PRC,ATWELL_1_N001,ALL,1,0,4,4
2022-09-01T15:45:00-00:00,2022-09-01T16:00:00-00:00,2022-09-01,09,ATWELL_1_N001,ATWELL_1_N001,ATWELL_1_N001,RTPD,MCL,LMP_LOSS_PRC,ATWELL_1_N001,ALL,1,0,4,4
2022-09-01T16:45:00-00:00,2022-09-01T17:00:00-00:00,2022-09-01,10,ATWELL_1_N001,ATWELL_1_N001,ATWELL_1_N001,RTPD,MCL,LMP_LOSS_PRC,ATWELL_1_N001,ALL,1,0,4,4
2022-09-01T17:45:00-00:00,2022-09-01T18:00:00-00:00,2022-09-01,11,ATWELL_1_N001,ATWELL_1_N001,ATWELL_1_N001,RTPD,MCL,LMP_LOSS_PRC,ATWELL_1_N001,ALL,1,0,4,4
2022-09-01T18:45:00-00:00,2022-09-01T19:00:00-00:00,2022-09-01,12,ATWELL_1_N001,ATWELL_1_N001,ATWELL_1_N001,RTPD,MCL,LMP_LOSS_PRC,ATWELL_1_N001,ALL,1,0,4,4
2022-09-01T19:45:00-00:00,2022-09-01T20:00:00-00:00,2022-09-01,13,ATWELL_1_N001,ATWELL_1_N001,ATWELL_1_N001,RTPD,MCL,LMP_LOSS_PRC,ATWELL_1_N001,ALL,1,0,4,4
2022-09-01T20:45:00-00:00,2022-09-01T21:00:00-00:00,2022-09-01,14,ATWELL_1_N001,ATWELL_1_N001,ATWELL_1_N001,RTPD,MCL,LMP_LOSS_PRC,ATWELL_1_N001,ALL,1,0,4,4
2022-09-01T21:45:00-00:00,2022-09-01T22:00:00-00:00,2022-09-01,15,ATWELL_1_N001,ATWELL_1_N001,ATWELL_1_N001,RTPD,MCL,LMP_LOSS_PRC,ATWELL_1_N001,ALL,1,0,4,4
2022-09-01T22:45:00-00:00,2022-09-01T23:00:00-00:00,2022-09-01,16,ATWELL_1_N001,ATWELL_1_N001,ATWELL_1_N001,RTPD,MCL,LMP_LOSS_PRC,ATWELL_1_N001,ALL,1,0,4,4
2022-09-01T23:45:00-00:00,2022-09-02T00:00:00-00:00,2022-09-01,17,ATWELL_1_N001,ATWELL_1_N001,ATWELL_1_N001,RTPD,MCL,LMP_LOSS_PRC,ATWELL_1_N001,ALL,1,0,4,4
2022-09-02T00:45:00-00:00,2022-09-02T01:00:00-00:00,2022-09-01,18,ATWELL_1_N001,ATWELL_1_N001,ATWELL_1_N001,RTPD,MCL,LMP_LOSS_PRC,ATWELL_1_N001,ALL,1,0,4,4
2022-09-02T01:45:00-00:00,2022-09-02T02:00:00-00:00,2022-09-01,19,ATWELL_1_N001,ATWELL_1_N001,ATWELL_1_N001,RTPD,MCL,LMP_LOSS_PRC,ATWELL_1_N001,ALL,1,0,4,4
2022-09-02T02:45:00-00:00,2022-09-02T03:00:00-00:00,2022-09-01,20,ATWELL_1_N001,ATWELL_1_N001,ATWELL_1_N001,RTPD,MCL,LMP_LOSS_PRC,ATWELL_1_N001,ALL,1,103.15503,4,4
2022-09-02T03:45:00-00:00,2022-09-02T04:00:00-00:00,2022-09-01,21,ATWELL_1_N001,ATWELL_1_N001,ATWELL_1_N001,RTPD,MCL,LMP_LOSS_PRC,ATWELL_1_N001,ALL,1,4.7422,4,4
2022-09-02T04:45:00-00:00,2022-09-02T05:00:00-00:00,2022-09-01,22,ATWELL_1_N001,ATWELL_1_N001,ATWELL_1_N001,RTPD,MCL,LMP_LOSS_PRC,ATWELL_1_N001,ALL,1,3.75221,4,4
2022-09-02T05:45:00-00:00,2022-09-02T06:00:00-00:00,2022-09-01,23,ATWELL_1_N001,ATWELL_1_N001,ATWELL_1_N001,RTPD,MCL,LMP_LOSS_PRC,ATWELL_1_N001,ALL,1,4.12963,4,4
2022-09-02T06:45:00-00:00,2022-09-02T07:00:00-00:00,2022-09-01,24,ATWELL_1_N001,ATWELL_1_N001,ATWELL_1_N001,RTPD,MCL,LMP_LOSS_PRC,ATWELL_1_N001,ALL,1,3.69107,4,4
2022-09-01T07:00:00-00:00,2022-09-01T07:15:00-00:00,2022-09-01,01,ATWELL_1_N001,ATWELL_1_N001,ATWELL_1_N001,RTPD,MGHG,LMP_GHG_PRC,ATWELL_1_N001,ALL,1,0,1,5
2022-09-01T08:00:00-00:00,2022-09-01T08:15:00-00:00,2022-09-01,02,ATWELL_1_N001,ATWELL_1_N001,ATWELL_1_N001,RTPD,MGHG,LMP_GHG_PRC,ATWELL_1_N001,ALL,1,0,1,5
2022-09-01T09:00:00-00:00,2022-09-01T09:15:00-00:00,2022-09-01,03,ATWELL_1_N001,ATWELL_1_N001,ATWELL_1_N001,RTPD,MGHG,LMP_GHG_PRC,ATWELL_1_N001,ALL,1,0,1,5
2022-09-01T10:00:00-00:00,2022-09-01T10:15:00-00:00,2022-09-01,04,ATWELL_1_N001,ATWELL_1_N001,ATWELL_1_N001,RTPD,MGHG,LMP_GHG_PRC,ATWELL_1_N001,ALL,1,0,1,5
2022-09-01T11:00:00-00:00,2022-09-01T11:15:00-00:00,2022-09-01,05,ATWELL_1_N001,ATWELL_1_N001,ATWELL_1_N001,RTPD,MGHG,LMP_GHG_PRC,ATWELL_1_N001,ALL,1,0,1,5
2022-09-01T12:00:00-00:00,2022-09-01T12:15:00-00:00,2022-09-01,06,ATWELL_1_N001,ATWELL_1_N001,ATWELL_1_N001,RTPD,MGHG,LMP_GHG_PRC,ATWELL_1_N001,ALL,1,0,1,5
2022-09-01T13:00:00-00:00,2022-09-01T13:15:00-00:00,2022-09-01,07,ATWELL_1_N001,ATWELL_1_N001,ATWELL_1_N001,RTPD,MGHG,LMP_GHG_PRC,ATWELL_1_N001,ALL,1,0,1,5
2022-09-01T14:00:00-00:00,2022-09-01T14:15:00-00:00,2022-09-01,08,ATWELL_1_N001,ATWELL_1_N001,ATWELL_1_N001,RTPD,MGHG,LMP_GHG_PRC,ATWELL_1_N001,ALL,1,0,1,5
2022-09-01T15:00:00-00:00,2022-09-01T15:15:00-00:00,2022-09-01,09,ATWELL_1_N001,ATWELL_1_N001,ATWELL_1_N001,RTPD,MGHG,LMP_GHG_PRC,ATWELL_1_N001,ALL,1,0,1,5
2022-09-01T16:00:00-00:00,2022-09-01T16:15:00-00:00,2022-09-01,10,ATWELL_1_N001,ATWELL_1_N001,ATWELL_1_N001,RTPD,MGHG,LMP_GHG_PRC,ATWELL_1_N001,ALL,1,0,1,5
2022-09-01T17:00:00-00:00,2022-09-01T17:15:00-00:00,2022-09-01,11,ATWELL_1_N001,ATWELL_1_N001,ATWELL_1_N001,RTPD,MGHG,LMP_GHG_PRC,ATWELL_1_N001,ALL,1,0,1,5
2022-09-01T18:00:00-00:00,2022-09-01T18:15:00-00:00,2022-09-01,12,ATWELL_1_N001,ATWELL_1_N001,ATWELL_1_N001,RTPD,MGHG,LMP_GHG_PRC,ATWELL_1_N001,ALL,1,0,1,5
2022-09-01T19:00:00-00:00,2022-09-01T19:15:00-00:00,2022-09-01,13,ATWELL_1_N001,ATWELL_1_N001,ATWELL_1_N001,RTPD,MGHG,LMP_GHG_PRC,ATWELL_1_N001,ALL,1,0,1,5
2022-09-01T20:00:00-00:00,2022-09-01T20:15:00-00:00,2022-09-01,14,ATWELL_1_N001,ATWELL_1_N001,ATWELL_1_N001,RTPD,MGHG,LMP_GHG_PRC,ATWELL_1_N001,ALL,1,0,1,5
2022-09-01T21:00:00-00:00,2022-09-01T21:15:00-00:00,2022-09-01,15,ATWELL_1_N001,ATWELL_1_N001,ATWELL_1_N001,RTPD,MGHG,LMP_GHG_PRC,ATWELL_1_N001,ALL,1,0,1,5
2022-09-01T22:00:00-00:00,2022-09-01T22:15:00-00:00,2022-09-01,16,ATWELL_1_N001,ATWELL_1_N001,ATWELL_1_N001,RTPD,MGHG,LMP_GHG_PRC,ATWELL_1_N001,ALL,1,0,1,5
2022-09-01T23:00:00-00:00,2022-09-01T23:15:00-00:00,2022-09-01,17,ATWELL_1_N001,ATWELL_1_N001,ATWELL_1_N001,RTPD,MGHG,LMP_GHG_PRC,ATWELL_1_N001,ALL,1,0,1,5
2022-09-02T00:00:00-00:00,2022-09-02T00:15:00-00:00,2022-09-01,18,ATWELL_1_N001,ATWELL_1_N001,ATWELL_1_N001,RTPD,MGHG,LMP_GHG_PRC,ATWELL_1_N001,ALL,1,0,1,5
2022-09-02T01:00:00-00:00,2022-09-02T01:15:00-00:00,2022-09-01,19,ATWELL_1_N001,ATWELL_1_N001,ATWELL_1_N001,RTPD,MGHG,LMP_GHG_PRC,ATWELL_1_N001,ALL,1,0,1,5
2022-09-02T02:00:00-00:00,2022-09-02T02:15:00-00:00,2022-09-01,20,ATWELL_1_N001,ATWELL_1_N001,ATWELL_1_N001,RTPD,MGHG,LMP_GHG_PRC,ATWELL_1_N001,ALL,1,0,1,5
2022-09-02T03:00:00-00:00,2022-09-02T03:15:00-00:00,2022-09-01,21,ATWELL_1_N001,ATWELL_1_N001,ATWELL_1_N001,RTPD,MGHG,LMP_GHG_PRC,ATWELL_1_N001,ALL,1,0,1,5
2022-09-02T04:00:00-00:00,2022-09-02T04:15:00-00:00,2022-09-01,22,ATWELL_1_N001,ATWELL_1_N001,ATWELL_1_N001,RTPD,MGHG,LMP_GHG_PRC,ATWELL_1_N001,ALL,1,0,1,5
2022-09-02T05:00:00-00:00,2022-09-02T05:15:00-00:00,2022-09-01,23,ATWELL_1_N001,ATWELL_1_N001,ATWELL_1_N001,RTPD,MGHG,LMP_GHG_PRC,ATWELL_1_N001,ALL,1,0,1,5
2022-09-02T06:00:00-00:00,2022-09-02T06:15:00-00:00,2022-09-01,24,ATWELL_1_N001,ATWELL_1_N001,ATWELL_1_N001,RTPD,MGHG,LMP_GHG_PRC,ATWELL_1_N001,ALL,1,0,1,5
2022-09-01T07:15:00-00:00,2022-09-01T07:30:00-00:00,2022-09-01,01,ATWELL_1_N001,ATWELL_1_N001,ATWELL_1_N001,RTPD,MGHG,LMP_GHG_PRC,ATWELL_1_N001,ALL,1,0,2,5
2022-09-01T08:15:00-00:00,2022-09-01T08:30:00-00:00,2022-09-01,02,ATWELL_1_N001,ATWELL_1_N001,ATWELL_1_N001,RTPD,MGHG,LMP_GHG_PRC,ATWELL_1_N001,ALL,1,0,2,5
2022-09-01T09:15:00-00:00,2022-09-01T09:30:00-00:00,2022-09-01,03,ATWELL_1_N001,ATWELL_1_N001,ATWELL_1_N001,RTPD,MGHG,LMP_GHG_PRC,ATWELL_1_N001,ALL,1,0,2,5
2022-09-01T10:15:00-00:00,2022-09-01T10:30:00-00:00,2022-09-01,04,ATWELL_1_N001,ATWELL_1_N001,ATWELL_1_N001,RTPD,MGHG,LMP_GHG_PRC,ATWELL_1_N001,ALL,1,0,2,5
2022-09-01T11:15:00-00:00,2022-09-01T11:30:00-00:00,2022-09-01,05,ATWELL_1_N001,ATWELL_1_N001,ATWELL_1_N001,RTPD,MGHG,LMP_GHG_PRC,ATWELL_1_N001,ALL,1,0,2,5
2022-09-01T12:15:00-00:00,2022-09-01T12:30:00-00:00,2022-09-01,06,ATWELL_1_N001,ATWELL_1_N001,ATWELL_1_N001,RTPD,MGHG,LMP_GHG_PRC,ATWELL_1_N001,ALL,1,0,2,5
2022-09-01T13:15:00-00:00,2022-09-01T13:30:00-00:00,2022-09-01,07,ATWELL_1_N001,ATWELL_1_N001,ATWELL_1_N001,RTPD,MGHG,LMP_GHG_PRC,ATWELL_1_N001,ALL,1,0,2,5
2022-09-01T14:15:00-00:00,2022-09-01T14:30:00-00:00,2022-09-01,08,ATWELL_1_N001,ATWELL_1_N001,ATWELL_1_N001,RTPD,MGHG,LMP_GHG_PRC,ATWELL_1_N001,ALL,1,0,2,5
2022-09-01T15:15:00-00:00,2022-09-01T15:30:00-00:00,2022-09-01,09,ATWELL_1_N001,ATWELL_1_N001,ATWELL_1_N001,RTPD,MGHG,LMP_GHG_PRC,ATWELL_1_N001,ALL,1,0,2,5
2022-09-01T16:15:00-00:00,2022-09-01T16:30:00-00:00,2022-09-01,10,ATWELL_1_N001,ATWELL_1_N001,ATWELL_1_N001,RTPD,MGHG,LMP_GHG_PRC,ATWELL_1_N001,ALL,1,0,2,5
2022-09-01T17:15:00-00:00,2022-09-01T17:30:00-00:00,2022-09-01,11,ATWELL_1_N001,ATWELL_1_N001,ATWELL_1_N001,RTPD,MGHG,LMP_GHG_PRC,ATWELL_1_N001,ALL,1,0,2,5
2022-09-01T18:15:00-00:00,2022-09-01T18:30:00-00:00,2022-09-01,12,ATWELL_1_N001,ATWELL_1_N001,ATWELL_1_N001,RTPD,MGHG,LMP_GHG_PRC,ATWELL_1_N001,ALL,1,0,2,5
2022-09-01T19:15:00-00:00,2022-09-01T19:30:00-00:00,2022-09-01,13,ATWELL_1_N001,ATWELL_1_N001,ATWELL_1_N001,RTPD,MGHG,LMP_GHG_PRC,ATWELL_1_N001,ALL,1,0,2,5
2022-09-01T20:15:00-00:00,2022-09-01T20:30:00-00:00,2022-09-01,14,ATWELL_1_N001,ATWELL_1_N001,ATWELL_1_N001,RTPD,MGHG,LMP_GHG_PRC,ATWELL_1_N001,ALL,1,0,2,5
2022-09-01T21:15:00-00:00,2022-09-01T21:30:00-00:00,2022-09-01,15,ATWELL_1_N001,ATWELL_1_N001,ATWELL_1_N001,RTPD,MGHG,LMP_GHG_PRC,ATWELL_1_N001,ALL,1,0,2,5
2022-09-01T22:15:00-00:00,2022-09-01T22:30:00-00:00,2022-09-01,16,ATWELL_1_N001,ATWELL_1_N001,ATWELL_1_N001,RTPD,MGHG,LMP_GHG_PRC,ATWELL_1_N001,ALL,1,0,2,5
2022-09-01T23:15:00-00:00,2022-09-01T23:30:00-00:00,2022-09-01,17,ATWELL_1_N001,ATWELL_1_N001,ATWELL_1_N001,RTPD,MGHG,LMP_GHG_PRC,ATWELL_1_N001,ALL,1,0,2,5
2022-09-02T00:15:00-00:00,2022-09-02T00:30:00-00:00,2022-09-01,18,ATWELL_1_N001,ATWELL_1_N001,ATWELL_1_N001,RTPD,MGHG,LMP_GHG_PRC,ATWELL_1_N001,ALL,1,0,2,5
2022-09-02T01:15:00-00:00,2022-09-02T01:30:00-00:00,2022-09-01,19,ATWELL_1_N001,ATWELL_1_N001,ATWELL_1_N001,RTPD,MGHG,LMP_GHG_PRC,ATWELL_1_N001,ALL,1,0,2,5
2022-09-02T02:15:00-00:00,2022-09-02T02:30:00-00:00,2022-09-01,20,ATWELL_1_N001,ATWELL_1_N001,ATWELL_1_N001,RTPD,MGHG,LMP_GHG_PRC,ATWELL_1_N001,ALL,1,0,2,5
2022-09-02T03:15:00-00:00,2022-09-02T03:30:00-00:00,2022-09-01,21,ATWELL_1_N001,ATWELL_1_N001,ATWELL_1_N001,RTPD,MGHG,LMP_GHG_PRC,ATWELL_1_N001,ALL,1,0,2,5
2022-09-02T04:15:00-00:00,2022-09-02T04:30:00-00:00,2022-09-01,22,ATWELL_1_N001,ATWELL_1_N001,ATWELL_1_N001,RTPD,MGHG,LMP_GHG_PRC,ATWELL_1_N001,ALL,1,0,2,5
2022-09-02T05:15:00-00:00,2022-09-02T05:30:00-00:00,2022-09-01,23,ATWELL_1_N001,ATWELL_1_N001,ATWELL_1_N001,RTPD,MGHG,LMP_GHG_PRC,ATWELL_1_N001,ALL,1,0,2,5
2022-09-02T06:15:00-00:00,2022-09-02T06:30:00-00:00,2022-09-01,24,ATWELL_1_N001,ATWELL_1_N001,ATWELL_1_N001,RTPD,MGHG,LMP_GHG_PRC,ATWELL_1_N001,ALL,1,0,2,5
2022-09-01T07:30:00-00:00,2022-09-01T07:45:00-00:00,2022-09-01,01,ATWELL_1_N001,ATWELL_1_N001,ATWELL_1_N001,RTPD,MGHG,LMP_GHG_PRC,ATWELL_1_N001,ALL,1,0,3,5
2022-09-01T08:30:00-00:00,2022-09-01T08:45:00-00:00,2022-09-01,02,ATWELL_1_N001,ATWELL_1_N001,ATWELL_1_N001,RTPD,MGHG,LMP_GHG_PRC,ATWELL_1_N001,ALL,1,0,3,5
2022-09-01T09:30:00-00:00,2022-09-01T09:45:00-00:00,2022-09-01,03,ATWELL_1_N001,ATWELL_1_N001,ATWELL_1_N001,RTPD,MGHG,LMP_GHG_PRC,ATWELL_1_N001,ALL,1,0,3,5
2022-09-01T10:30:00-00:00,2022-09-01T10:45:00-00:00,2022-09-01,04,ATWELL_1_N001,ATWELL_1_N001,ATWELL_1_N001,RTPD,MGHG,LMP_GHG_PRC,ATWELL_1_N001,ALL,1,0,3,5
2022-09-01T11:30:00-00:00,2022-09-01T11:45:00-00:00,2022-09-01,05,ATWELL_1_N001,ATWELL_1_N001,ATWELL_1_N001,RTPD,MGHG,LMP_GHG_PRC,ATWELL_1_N001,ALL,1,0,3,5
2022-09-01T12:30:00-00:00,2022-09-01T12:45:00-00:00,2022-09-01,06,ATWELL_1_N001,ATWELL_1_N001,ATWELL_1_N001,RTPD,MGHG,LMP_GHG_PRC,ATWELL_1_N001,ALL,1,0,3,5
2022-09-01T13:30:00-00:00,2022-09-01T13:45:00-00:00,2022-09-01,07,ATWELL_1_N001,ATWELL_1_N001,ATWELL_1_N001,RTPD,MGHG,LMP_GHG_PRC,ATWELL_1_N001,ALL,1,0,3,5
2022-09-01T14:30:00-00:00,2022-09-01T14:45:00-00:00,2022-09-01,08,ATWELL_1_N001,ATWELL_1_N001,ATWELL_1_N001,RTPD,MGHG,LMP_GHG_PRC,ATWELL_1_N001,ALL,1,0,3,5
2022-09-01T15:30:00-00:00,2022-09-01T15:45:00-00:00,2022-09-01,09,ATWELL_1_N001,ATWELL_1_N001,ATWELL_1_N001,RTPD,MGHG,LMP_GHG_PRC,ATWELL_1_N001,ALL,1,0,3,5
2022-09-01T16:30:00-00:00,2022-09-01T16:45:00-00:00,2022-09-01,10,ATWELL_1_N001,ATWELL_1_N001,ATWELL_1_N001,RTPD,MGHG,LMP_GHG_PRC,ATWELL_1_N001,ALL,1,0,3,5
2022-09-01T17:30:00-00:00,2022-09-01T17:45:00-00:00,2022-09-01,11,ATWELL_1_N001,ATWELL_1_N001,ATWELL_1_N001,RTPD,MGHG,LMP_GHG_PRC,ATWELL_1_N001,ALL,1,0,3,5
2022-09-01T18:30:00-00:00,2022-09-01T18:45:00-00:00,2022-09-01,12,ATWELL_1_N001,ATWELL_1_N001,ATWELL_1_N001,RTPD,MGHG,LMP_GHG_PRC,ATWELL_1_N001,ALL,1,0,3,5
2022-09-01T19:30:00-00:00,2022-09-01T19:45:00-00:00,2022-09-01,13,ATWELL_1_N001,ATWELL_1_N001,ATWELL_1_N001,RTPD,MGHG,LMP_GHG_PRC,ATWELL_1_N001,ALL,1,0,3,5
2022-09-01T20:30:00-00:00,2022-09-01T20:45:00-00:00,2022-09-01,14,ATWELL_1_N001,ATWELL_1_N001,ATWELL_1_N001,RTPD,MGHG,LMP_GHG_PRC,ATWELL_1_N001,ALL,1,0,3,5
2022-09-01T21:30:00-00:00,2022-09-01T21:45:00-00:00,2022-09-01,15,ATWELL_1_N001,ATWELL_1_N001,ATWELL_1_N001,RTPD,MGHG,LMP_GHG_PRC,ATWELL_1_N001,ALL,1,0,3,5
2022-09-01T22:30:00-00:00,2022-09-01T22:45:00-00:00,2022-09-01,16,ATWELL_1_N001,ATWELL_1_N001,ATWELL_1_N001,RTPD,MGHG,LMP_GHG_PRC,ATWELL_1_N001,ALL,1,0,3,5
2022-09-01T23:30:00-00:00,2022-09-01T23:45:00-00:00,2022-09-01,17,ATWELL_1_N001,ATWELL_1_N001,ATWELL_1_N001,RTPD,MGHG,LMP_GHG_PRC,ATWELL_1_N001,ALL,1,0,3,5
2022-09-02T00:30:00-00:00,2022-09-02T00:45:00-00:00,2022-09-01,18,ATWELL_1_N001,ATWELL_1_N001,ATWELL_1_N001,RTPD,MGHG,LMP_GHG_PRC,ATWELL_1_N001,ALL,1,0,3,5
2022-09-02T01:30:00-00:00,2022-09-02T01:45:00-00:00,2022-09-01,19,ATWELL_1_N001,ATWELL_1_N001,ATWELL_1_N001,RTPD,MGHG,LMP_GHG_PRC,ATWELL_1_N001,ALL,1,0,3,5
2022-09-02T02:30:00-00:00,2022-09-02T02:45:00-00:00,2022-09-01,20,ATWELL_1_N001,ATWELL_1_N001,ATWELL_1_N001,RTPD,MGHG,LMP_GHG_PRC,ATWELL_1_N001,ALL,1,0,3,5
2022-09-02T03:30:00-00:00,2022-09-02T03:45:00-00:00,2022-09-01,21,ATWELL_1_N001,ATWELL_1_N001,ATWELL_1_N001,RTPD,MGHG,LMP_GHG_PRC,ATWELL_1_N001,ALL,1,0,3,5
2022-09-02T04:30:00-00:00,2022-09-02T04:45:00-00:00,2022-09-01,22,ATWELL_1_N001,ATWELL_1_N001,ATWELL_1_N001,RTPD,MGHG,LMP_GHG_PRC,ATWELL_1_N001,ALL,1,0,3,5
2022-09-02T05:30:00-00:00,2022-09-02T05:45:00-00:00,2022-09-01,23,ATWELL_1_N001,ATWELL_1_N001,ATWELL_1_N001,RTPD,MGHG,LMP_GHG_PRC,ATWELL_1_N001,ALL,1,0,3,5
2022-09-02T06:30:00-00:00,2022-09-02T06:45:00-00:00,2022-09-01,24,ATWELL_1_N001,ATWELL_1_N001,ATWELL_1_N001,RTPD,MGHG,LMP_GHG_PRC,ATWELL_1_N001,ALL,1,0,3,5
2022-09-01T07:45:00-00:00,2022-09-01T08:00:00-00:00,2022-09-01,01,ATWELL_1_N001,ATWELL_1_N001,ATWELL_1_N001,RTPD,MGHG,LMP_GHG_PRC,ATWELL_1_N001,ALL,1,0,4,5
2022-09-01T08:45:00-00:00,2022-09-01T09:00:00-00:00,2022-09-01,02,ATWELL_1_N001,ATWELL_1_N001,ATWELL_1_N001,RTPD,MGHG,LMP_GHG_PRC,ATWELL_1_N001,ALL,1,0,4,5
2022-09-01T09:45:00-00:00,2022-09-01T10:00:00-00:00,2022-09-01,03,ATWELL_1_N001,ATWELL_1_N001,ATWELL_1_N001,RTPD,MGHG,LMP_GHG_PRC,ATWELL_1_N001,ALL,1,0,4,5
2022-09-01T10:45:00-00:00,2022-09-01T11:00:00-00:00,2022-09-01,04,ATWELL_1_N001,ATWELL_1_N001,ATWELL_1_N001,RTPD,MGHG,LMP_GHG_PRC,ATWELL_1_N001,ALL,1,0,4,5
2022-09-01T11:45:00-00:00,2022-09-01T12:00:00-00:00,2022-09-01,05,ATWELL_1_N001,ATWELL_1_N001,ATWELL_1_N001,RTPD,MGHG,LMP_GHG_PRC,ATWELL_1_N001,ALL,1,0,4,5
2022-09-01T12:45:00-00:00,2022-09-01T13:00:00-00:00,2022-09-01,06,ATWELL_1_N001,ATWELL_1_N001,ATWELL_1_N001,RTPD,MGHG,LMP_GHG_PRC,ATWELL_1_N001,ALL,1,0,4,5
2022-09-01T13:45:00-00:00,2022-09-01T14:00:00-00:00,2022-09-01,07,ATWELL_1_N001,ATWELL_1_N001,ATWELL_1_N001,RTPD,MGHG,LMP_GHG_PRC,ATWELL_1_N001,ALL,1,0,4,5
2022-09-01T14:45:00-00:00,2022-09-01T15:00:00-00:00,2022-09-01,08,ATWELL_1_N001,ATWELL_1_N001,ATWELL_1_N001,RTPD,MGHG,LMP_GHG_PRC,ATWELL_1_N001,ALL,1,0,4,5
2022-09-01T15:45:00-00:00,2022-09-01T16:00:00-00:00,2022-09-01,09,ATWELL_1_N001,ATWELL_1_N001,ATWELL_1_N001,RTPD,MGHG,LMP_GHG_PRC,ATWELL_1_N001,ALL,1,0,4,5
2022-09-01T16:45:00-00:00,2022-09-01T17:00:00-00:00,2022-09-01,10,ATWELL_1_N001,ATWELL_1_N001,ATWELL_1_N001,RTPD,MGHG,LMP_GHG_PRC,ATWELL_1_N001,ALL,1,0,4,5
2022-09-01T17:45:00-00:00,2022-09-01T18:00:00-00:00,2022-09-01,11,ATWELL_1_N001,ATWELL_1_N001,ATWELL_1_N001,RTPD,MGHG,LMP_GHG_PRC,ATWELL_1_N001,ALL,1,0,4,5
2022-09-01T18:45:00-00:00,2022-09-01T19:00:00-00:00,2022-09-01,12,ATWELL_1_N001,ATWELL_1_N001,ATWELL_1_N001,RTPD,MGHG,LMP_GHG_PRC,ATWELL_1_N001,ALL,1,0,4,5
2022-09-01T19:45:00-00:00,2022-09-01T20:00:00-00:00,2022-09-01,13,ATWELL_1_N001,ATWELL_1_N001,ATWELL_1_N001,RTPD,MGHG,LMP_GHG_PRC,ATWELL_1_N001,ALL,1,0,4,5
2022-09-01T20:45:00-00:00,2022-09-01T21:00:00-00:00,2022-09-01,14,ATWELL_1_N001,ATWELL_1_N001,ATWELL_1_N001,RTPD,MGHG,LMP_GHG_PRC,ATWELL_1_N001,ALL,1,0,4,5
2022-09-01T21:45:00-00:00,2022-09-01T22:00:00-00:00,2022-09-01,15,ATWELL_1_N001,ATWELL_1_N001,ATWELL_1_N001,RTPD,MGHG,LMP_GHG_PRC,ATWELL_1_N001,ALL,1,0,4,5
2022-09-01T22:45:00-00:00,2022-09-01T23:00:00-00:00,2022-09-01,16,ATWELL_1_N001,ATWELL_1_N001,ATWELL_1_N001,RTPD,MGHG,LMP_GHG_PRC,ATWELL_1_N001,ALL,1,0,4,5
2022-09-01T23:45:00-00:00,2022-09-02T00:00:00-00:00,2022-09-01,17,ATWELL_1_N001,ATWELL_1_N001,ATWELL_1_N001,RTPD,MGHG,LMP_GHG_PRC,ATWELL_1_N001,ALL,1,0,4,5
2022-09-02T00:45:00-00:00,2022-09-02T01:00:00-00:00,2022-09-01,18,ATWELL_1_N001,ATWELL_1_N001,ATWELL_1_N001,RTPD,MGHG,LMP_GHG_PRC,ATWELL_1_N001,ALL,1,0,4,5
2022-09-02T01:45:00-00:00,2022-09-02T02:00:00-00:00,2022-09-01,19,ATWELL_1_N001,ATWELL_1_N001,ATWELL_1_N001,RTPD,MGHG,LMP_GHG_PRC,ATWELL_1_N001,ALL,1,0,4,5
2022-09-02T02:45:00-00:00,2022-09-02T03:00:00-00:00,2022-09-01,20,ATWELL_1_N001,ATWELL_1_N001,ATWELL_1_N001,RTPD,MGHG,LMP_GHG_PRC,ATWELL_1_N001,ALL,1,0,4,5
2022-09-02T03:45:00-00:00,2022-09-02T04:00:00-00:00,2022-09-01,21,ATWELL_1_N001,ATWELL_1_N001,ATWELL_1_N001,RTPD,MGHG,LMP_GHG_PRC,ATWELL_1_N001,ALL,1,0,4,5
2022-09-02T04:45:00-00:00,2022-09-02T05:00:00-00:00,2022-09-01,22,ATWELL_1_N001,ATWELL_1_N001,ATWELL_1_N001,RTPD,MGHG,LMP_GHG_PRC,ATWELL_1_N001,ALL,1,0,4,5
2022-09-02T05:45:00-00:00,2022-09-02T06:00:00-00:00,2022-09-01,23,ATWELL_1_N001,ATWELL_1_N001,ATWELL_1_N001,RTPD,MGHG,LMP_GHG_PRC,ATWELL_1_N001,ALL,1,0,4,5
2022-09-02T06:45:00-00:00,2022-09-02T07:00:00-00:00,2022-09-01,24,ATWELL_1_N001,ATWELL_1_N001,ATWELL_1_N001,RTPD,MGHG,LMP_GHG_PRC,ATWELL_1_N001,ALL,1,0,4,5
