INTERVALSTARTTIME_GMT,INTERVALENDTIME_GMT,OPR_DT,OPR_HR,NODE_ID_XML,NODE_ID,NODE,MARKET_RUN_ID,LMP_TYPE,XML_DATA_ITEM,PNODE_RESMRID,GRP_TYPE,POS,PRC,OPR_INTERVAL,GROUP
2022-09-01T07:00:00-00:00,2022-09-01T07:15:00-00:00,2022-09-01,01,TA3_7_CGTGGNODE,TA3_7_CGTGGNODE,TA3_7_CGTGGNODE,RTPD,LMP,LMP_PRC,TA3_7_CGTGGNODE,ALL,1,106.09398,1,1
2022-09-01T08:00:00-00:00,2022-09-01T08:15:00-00:00,2022-09-01,02,TA3_7_CGTGGNODE,TA3_7_CGTGGNODE,TA3_7_CGTGGNODE,RTPD,LMP,LMP_PRC,TA3_7_CGTGGNODE,ALL,1,103.58266,1,1
2022-09-01T09:00:00-00:00,2022-09-01T09:15:00-00:00,2022-09-01,03,TA3_7_CGTGGNODE,TA3_7_CGTGGNODE,TA3_7_CGTGGNODE,RTPD,LMP,LMP_PRC,TA3_7_CGTGGNODE,ALL,1,87.97277,1,1
2022-09-01T10:00:00-00:00,2022-09-01T10:15:00-00:00,2022-09-01,04,TA3_7_CGTGGNODE,TA3_7_CGTGGNODE,TA3_7_CGTGGNODE,RTPD,LMP,LMP_PRC,TA3_7_CGTGGNODE,ALL,1,85.6267,1,1
2022-09-01T11:00:00-00:00,2022-09-01T11:15:00-00:00,2022-09-01,05,TA3_7_CGTGGNODE,TA3_7_CGTGGNODE,TA3_7_CGTGGNODE,RTPD,LMP,LMP_PRC,TA3_7_CGTGGNODE,ALL,1,86.73659,1,1
2022-09-01T12:00:00-00:00,2022-09-01T12:15:00-00:00,2022-09-01,06,TA3_7_CGTGGNODE,TA3_7_CGTGGNODE,TA3_7_CGTGGNODE,RTPD,LMP,LMP_PRC,TA3_7_CGTGGNODE,ALL,1,87.94712,1,1
2022-09-01T13:00:00-00:00,2022-09-01T13:15:00-00:00,2022-09-01,07,TA3_7_CGTGGNODE,TA3_7_CGTGGNODE,TA3_7_CGTGGNODE,RTPD,LMP,LMP_PRC,TA3_7_CGTGGNODE,ALL,1,96.04124,1,1
2022-09-01T14:00:00-00:00,2022-09-01T14:15:00-00:00,2022-09-01,08,TA3_7_CGTGGNODE,TA3_7_CGTGGNODE,TA3_7_CGTGGNODE,RTPD,LMP,LMP_PRC,TA3_7_CGTGGNODE,ALL,1,74.40944,1,1
2022-09-01T15:00:00-00:00,2022-09-01T15:15:00-00:00,2022-09-01,09,TA3_7_CGTGGNODE,TA3_7_CGTGGNODE,TA3_7_CGTGGNODE,RTPD,LMP,LMP_PRC,TA3_7_CGTGGNODE,ALL,1,40.41804,1,1
2022-09-01T16:00:00-00:00,2022-09-01T16:15:00-00:00,2022-09-01,10,TA3_7_CGTGGNODE,TA3_7_CGTGGNODE,TA3_7_CGTGGNODE,RTPD,LMP,LMP_PRC,TA3_7_CGTGGNODE,ALL,1,36.70946,1,1
2022-09-01T17:00:00-00:00,2022-09-01T17:15:00-00:00,2022-09-01,11,TA3_7_CGTGGNODE,TA3_7_CGTGGNODE,TA3_7_CGTGGNODE,RTPD,LMP,LMP_PRC,TA3_7_CGTGGNODE,ALL,1,67.22747,1,1
2022-09-01T18:00:00-00:00,2022-09-01T18:15:00-00:00,2022-09-01,12,TA3_7_CGTGGNODE,TA3_7_CGTGGNODE,TA3_7_CGTGGNODE,RTPD,LMP,LMP_PRC,TA3_7_CGTGGNODE,ALL,1,66.11423,1,1
2022-09-01T19:00:00-00:00,2022-09-01T19:15:00-00:00,2022-09-01,13,TA3_7_CGTGGNODE,TA3_7_CGTGGNODE,TA3_7_CGTGGNODE,RTPD,LMP,LMP_PRC,TA3_7_CGTGGNODE,ALL,1,63.63822,1,1
2022-09-01T20:00:00-00:00,2022-09-01T20:15:00-00:00,2022-09-01,14,TA3_7_CGTGGNODE,TA3_7_CGTGGNODE,TA3_7_CGTGGNODE,RTPD,LMP,LMP_PRC,TA3_7_CGTGGNODE,ALL,1,93.44961,1,1
2022-09-01T21:00:00-00:00,2022-09-01T21:15:00-00:00,2022-09-01,15,TA3_7_CGTGGNODE,TA3_7_CGTGGNODE,TA3_7_CGTGGNODE,RTPD,LMP,LMP_PRC,TA3_7_CGTGGNODE,ALL,1,80.32773,1,1
2022-09-01T22:00:00-00:00,2022-09-01T22:15:00-00:00,2022-09-01,16,TA3_7_CGTGGNODE,TA3_7_CGTGGNODE,TA3_7_CGTGGNODE,RTPD,LMP,LMP_PRC,TA3_7_CGTGGNODE,ALL,1,133.66566,1,1
2022-09-01T23:00:00-00:00,2022-09-01T23:15:00-00:00,2022-09-01,17,TA3_7_CGTGGNODE,TA3_7_CGTGGNODE,TA3_7_CGTGGNODE,RTPD,LMP,LMP_PRC,TA3_7_CGTGGNODE,ALL,1,184.67513,1,1
2022-09-02T00:00:00-00:00,2022-09-02T00:15:00-00:00,2022-09-01,18,TA3_7_CGTGGNODE,TA3_7_CGTGGNODE,TA3_7_CGTGGNODE,RTPD,LMP,LMP_PRC,TA3_7_CGTGGNODE,ALL,1,532.78406,1,1
2022-09-02T01:00:00-00:00,2022-09-02T01:15:00-00:00,2022-09-01,19,TA3_7_CGTGGNODE,TA3_7_CGTGGNODE,TA3_7_CGTGGNODE,RTPD,LMP,LMP_PRC,TA3_7_CGTGGNODE,ALL,1,950.4861,1,1
2022-09-02T02:00:00-00:00,2022-09-02T02:15:00-00:00,2022-09-01,20,TA3_7_CGTGGNODE,TA3_7_CGTGGNODE,TA3_7_CGTGGNODE,RTPD,LMP,LMP_PRC,TA3_7_CGTGGNODE,ALL,1,1892.5872,1,1
2022-09-02T03:00:00-00:00,2022-09-02T03:15:00-00:00,2022-09-01,21,TA3_7_CGTGGNODE,TA3_7_CGTGGNODE,TA3_7_CGTGGNODE,RTPD,LMP,LMP_PRC,TA3_7_CGTGGNODE,ALL,1,96.89919,1,1
2022-09-02T04:00:00-00:00,2022-09-02T04:15:00-00:00,2022-09-01,22,TA3_7_CGTGGNODE,TA3_7_CGTGGNODE,TA3_7_CGTGGNODE,RTPD,LMP,LMP_PRC,TA3_7_CGTGGNODE,ALL,1,-42.56745,1,1
2022-09-02T05:00:00-00:00,2022-09-02T05:15:00-00:00,2022-09-01,23,TA3_7_CGTGGNODE,TA3_7_CGTGGNODE,TA3_7_CGTGGNODE,RTPD,LMP,LMP_PRC,TA3_7_CGTGGNODE,ALL,1,-33.69269,1,1
2022-09-02T06:00:00-00:00,2022-09-02T06:15:00-00:00,2022-09-01,24,TA3_7_CGTGGNODE,TA3_7_CGTGGNODE,TA3_7_CGTGGNODE,RTPD,LMP,LMP_PRC,TA3_7_CGTGGNODE,ALL,1,15.64744,1,1
2022-09-01T07:15:00-00:00,2022-09-01T07:30:00-00:00,2022-09-01,01,TA3_7_CGTGGNODE,TA3_7_CGTGGNODE,TA3_7_CGTGGNODE,RTPD,LMP,LMP_PRC,TA3_7_CGTGGNODE,ALL,1,118.16959,2,1
2022-09-01T08:15:00-00:00,2022-09-01T08:30:00-00:00,2022-09-01,02,TA3_7_CGTGGNODE,TA3_7_CGTGGNODE,TA3_7_CGTGGNODE,RTPD,LMP,LMP_PRC,TA3_7_CGTGGNODE,ALL,1,101.3683,2,1
2022-09-01T09:15:00-00:00,2022-09-01T09:30:00-00:00,2022-09-01,03,TA3_7_CGTGGNODE,TA3_7_CGTGGNODE,TA3_7_CGTGGNODE,RTPD,LMP,LMP_PRC,TA3_7_CGTGGNODE,ALL,1,87.5973,2,1
2022-09-01T10:15:00-00:00,2022-09-01T10:30:00-00:00,2022-09-01,04,TA3_7_CGTGGNODE,TA3_7_CGTGGNODE,TA3_7_CGTGGNODE,RTPD,LMP,LMP_PRC,TA3_7_CGTGGNODE,ALL,1,84.70218,2,1
2022-09-01T11:15:00-00:00,2022-09-01T11:30:00-00:00,2022-09-01,05,TA3_7_CGTGGNODE,TA3_7_CGTGGNODE,TA3_7_CGTGGNODE,RTPD,LMP,LMP_PRC,TA3_7_CGTGGNODE,ALL,1,86.95912,2,1
2022-09-01T12:15:00-00:00,2022-09-01T12:30:00-00:00,2022-09-01,06,TA3_7_CGTGGNODE,TA3_7_CGTGGNODE,TA3_7_CGTGGNODE,RTPD,LMP,LMP_PRC,TA3_7_CGTGGNODE,ALL,1,96.0645,2,1
2022-09-01T13:15:00-00:00,2022-09-01T13:30:00-00:00,2022-09-01,07,TA3_7_CGTGGNODE,TA3_7_CGTGGNODE,TA3_7_CGTGGNODE,RTPD,LMP,LMP_PRC,TA3_7_CGTGGNODE,ALL,1,94.98109,2,1
2022-09-01T14:15:00-00:00,2022-09-01T14:30:00-00:00,2022-09-01,08,TA3_7_CGTGGNODE,TA3_7_CGTGGNODE,TA3_7_CGTGGNODE,RTPD,LMP,LMP_PRC,TA3_7_CGTGGNODE,ALL,1,65.37091,2,1
2022-09-01T15:15:00-00:00,2022-09-01T15:30:00-00:00,2022-09-01,09,TA3_7_CGTGGNODE,TA3_7_CGTGGNODE,TA3_7_CGTGGNODE,RTPD,LMP,LMP_PRC,TA3_7_CGTGGNODE,ALL,1,27.36639,2,1
2022-09-01T16:15:00-00:00,2022-09-01T16:30:00-00:00,2022-09-01,10,TA3_7_CGTGGNODE,TA3_7_CGTGGNODE,TA3_7_CGTGGNODE,RTPD,LMP,LMP_PRC,TA3_7_CGTGGNODE,ALL,1,46.43902,2,1
2022-09-01T17:15:00-00:00,2022-09-01T17:30:00-00:00,2022-09-01,11,TA3_7_CGTGGNODE,TA3_7_CGTGGNODE,TA3_7_CGTGGNODE,RTPD,LMP,LMP_PRC,TA3_7_CGTGGNODE,ALL,1,69.87066,2,1
2022-09-01T18:15:00-00:00,2022-09-01T18:30:00-00:00,2022-09-01,12,TA3_7_CGTGGNODE,TA3_7_CGTGGNODE,TA3_7_CGTGGNODE,RTPD,LMP,LMP_PRC,TA3_7_CGTGGNODE,ALL,1,65.08475,2,1
2022-09-01T19:15:00-00:00,2022-09-01T19:30:00-00:00,2022-09-01,13,TA3_7_CGTGGNODE,TA3_7_CGTGGNODE,TA3_7_CGTGGNODE,RTPD,LMP,LMP_PRC,TA3_7_CGTGGNODE,ALL,1,77.41466,2,1
2022-09-01T20:15:00-00:00,2022-09-01T20:30:00-00:00,2022-09-01,14,TA3_7_CGTGGNODE,TA3_7_CGTGGNODE,TA3_7_CGTGGNODE,RTPD,LMP,LMP_PRC,TA3_7_CGTGGNODE,ALL,1,100.70545,2,1
2022-09-01T21:15:00-00:00,2022-09-01T21:30:00-00:00,2022-09-01,15,TA3_7_CGTGGNODE,TA3_7_CGTGGNODE,TA3_7_CGTGGNODE,RTPD,LMP,LMP_PRC,TA3_7_CGTGGNODE,ALL,1,104.02122,2,1
2022-09-01T22:15:00-00:00,2022-09-01T22:30:00-00:00,2022-09-01,16,TA3_7_CGTGGNODE,TA3_7_CGTGGNODE,TA3_7_CGTGGNODE,RTPD,LMP,LMP_PRC,TA3_7_CGTGGNODE,ALL,1,155.52344,2,1
2022-09-01T23:15:00-00:00,2022-09-01T23:30:00-00:00,2022-09-01,17,TA3_7_CGTGGNODE,TA3_7_CGTGGNODE,TA3_7_CGTGGNODE,RTPD,LMP,LMP_PRC,TA3_7_CGTGGNODE,ALL,1,171.64622,2,1
2022-09-02T00:15:00-00:00,2022-09-02T00:30:00-00:00,2022-09-01,18,TA3_7_CGTGGNODE,TA3_7_CGTGGNODE,TA3_7_CGTGGNODE,RTPD,LMP,LMP_PRC,TA3_7_CGTGGNODE,ALL,1,482.27917,2,1
2022-09-02T01:15:00-00:00,2022-09-02T01:30:00-00:00,2022-09-01,19,TA3_7_CGTGGNODE,TA3_7_CGTGGNODE,TA3_7_CGTGGNODE,RTPD,LMP,LMP_PRC,TA3_7_CGTGGNODE,ALL,1,1869.3993,2,1
2022-09-02T02:15:00-00:00,2022-09-02T02:30:00-00:00,2022-09-01,20,TA3_7_CGTGGNODE,TA3_7_CGTGGNODE,TA3_7_CGTGGNODE,RTPD,LMP,LMP_PRC,TA3_7_CGTGGNODE,ALL,1,1974.5098,2,1
2022-09-02T03:15:00-00:00,2022-09-02T03:30:00-00:00,2022-09-01,21,TA3_7_CGTGGNODE,TA3_7_CGTGGNODE,TA3_7_CGTGGNODE,RTPD,LMP,LMP_PRC,TA3_7_CGTGGNODE,ALL,1,93.72577,2,1
2022-09-02T04:15:00-00:00,2022-09-02T04:30:00-00:00,2022-09-01,22,TA3_7_CGTGGNODE,TA3_7_CGTGGNODE,TA3_7_CGTGGNODE,RTPD,LMP,LMP_PRC,TA3_7_CGTGGNODE,ALL,1,-35.41783,2,1
2022-09-02T05:15:00-00:00,2022-09-02T05:30:00-00:00,2022-09-01,23,TA3_7_CGTGGNODE,TA3_7_CGTGGNODE,TA3_7_CGTGGNODE,RTPD,LMP,LMP_PRC,TA3_7_CGTGGNODE,ALL,1,-49.49384,2,1
2022-09-02T06:15:00-00:00,2022-09-02T06:30:00-00:00,2022-09-01,24,TA3_7_CGTGGNODE,TA3_7_CGTGGNODE,TA3_7_CGTGGNODE,RTPD,LMP,LMP_PRC,TA3_7_CGTGGNODE,ALL,1,60.28366,2,1
2022-09-01T07:30:00-00:00,2022-09-01T07:45:00-00:00,2022-09-01,01,TA3_7_CGTGGNODE,TA3_7_CGTGGNODE,TA3_7_CGTGGNODE,RTPD,LMP,LMP_PRC,TA3_7_CGTGGNODE,ALL,1,114.92926,3,1
2022-09-01T08:30:00-00:00,2022-09-01T08:45:00-00:00,2022-09-01,02,TA3_7_CGTGGNODE,TA3_7_CGTGGNODE,TA3_7_CGTGGNODE,RTPD,LMP,LMP_PRC,TA3_7_CGTGGNODE,ALL,1,93.15164,3,1
2022-09-01T09:30:00-00:00,2022-09-01T09:45:00-00:00,2022-09-01,03,TA3_7_CGTGGNODE,TA3_7_CGTGGNODE,TA3_7_CGTGGNODE,RTPD,LMP,LMP_PRC,TA3_7_CGTGGNODE,ALL,1,86.91199,3,1
2022-09-01T10:30:00-00:00,2022-09-01T10:45:00-00:00,2022-09-01,04,TA3_7_CGTGGNODE,TA3_7_CGTGGNODE,TA3_7_CGTGGNODE,RTPD,LMP,LMP_PRC,TA3_7_CGTGGNODE,ALL,1,82.52035,3,1
2022-09-01T11:30:00-00:00,2022-09-01T11:45:00-00:00,2022-09-01,05,TA3_7_CGTGGNODE,TA3_7_CGTGGNODE,TA3_7_CGTGGNODE,RTPD,LMP,LMP_PRC,TA3_7_CGTGGNODE,ALL,1,86.1073,3,1
2022-09-01T12:30:00-00:00,2022-09-01T12:45:00-00:00,2022-09-01,06,TA3_7_CGTGGNODE,TA3_7_CGTGGNODE,TA3_7_CGTGGNODE,RTPD,LMP,LMP_PRC,TA3_7_CGTGGNODE,ALL,1,103.87547,3,1
2022-09-01T13:30:00-00:00,2022-09-01T13:45:00-00:00,2022-09-01,07,TA3_7_CGTGGNODE,TA3_7_CGTGGNODE,TA3_7_CGTGGNODE,RTPD,LMP,LMP_PRC,TA3_7_CGTGGNODE,ALL,1,92.14234,3,1
2022-09-01T14:30:00-00:00,2022-09-01T14:45:00-00:00,2022-09-01,08,TA3_7_CGTGGNODE,TA3_7_CGTGGNODE,TA3_7_CGTGGNODE,RTPD,LMP,LMP_PRC,TA3_7_CGTGGNODE,ALL,1,68.71176,3,1
2022-09-01T15:30:00-00:00,2022-09-01T15:45:00-00:00,2022-09-01,09,TA3_7_CGTGGNODE,TA3_7_CGTGGNODE,TA3_7_CGTGGNODE,RTPD,LMP,LMP_PRC,TA3_7_CGTGGNODE,ALL,1,15.34659,3,1
2022-09-01T16:30:00-00:00,2022-09-01T16:45:00-00:00,2022-09-01,10,TA3_7_CGTGGNODE,TA3_7_CGTGGNODE,TA3_7_CGTGGNODE,RTPD,LMP,LMP_PRC,TA3_7_CGTGGNODE,ALL,1,61.63509,3,1
2022-09-01T17:30:00-00:00,2022-09-01T17:45:00-00:00,2022-09-01,11,TA3_7_CGTGGNODE,TA3_7_CGTGGNODE,TA3_7_CGTGGNODE,RTPD,LMP,LMP_PRC,TA3_7_CGTGGNODE,ALL,1,73.11599,3,1
2022-09-01T18:30:00-00:00,2022-09-01T18:45:00-00:00,2022-09-01,12,TA3_7_CGTGGNODE,TA3_7_CGTGGNODE,TA3_7_CGTGGNODE,RTPD,LMP,LMP_PRC,TA3_7_CGTGGNODE,ALL,1,72.60756,3,1
2022-09-01T19:30:00-00:00,2022-09-01T19:45:00-00:00,2022-09-01,13,TA3_7_CGTGGNODE,TA3_7_CGTGGNODE,TA3_7_CGTGGNODE,RTPD,LMP,LMP_PRC,TA3_7_CGTGGNODE,ALL,1,77.60113,3,1
2022-09-01T20:30:00-00:00,2022-09-01T20:45:00-00:00,2022-09-01,14,TA3_7_CGTGGNODE,TA3_7_CGTGGNODE,TA3_7_CGTGGNODE,RTPD,LMP,LMP_PRC,TA3_7_CGTGGNODE,ALL,1,117.46657,3,1
2022-09-01T21:30:00-00:00,2022-09-01T21:45:00-00:00,2022-09-01,15,TA3_7_CGTGGNODE,TA3_7_CGTGGNODE,TA3_7_CGTGGNODE,RTPD,LMP,LMP_PRC,TA3_7_CGTGGNODE,ALL,1,101.56375,3,1
2022-09-01T22:30:00-00:00,2022-09-01T22:45:00-00:00,2022-09-01,16,TA3_7_CGTGGNODE,TA3_7_CGTGGNODE,TA3_7_CGTGGNODE,RTPD,LMP,LMP_PRC,TA3_7_CGTGGNODE,ALL,1,155.94942,3,1
2022-09-01T23:30:00-00:00,2022-09-01T23:45:00-00:00,2022-09-01,17,TA3_7_CGTGGNODE,TA3_7_CGTGGNODE,TA3_7_CGTGGNODE,RTPD,LMP,LMP_PRC,TA3_7_CGTGGNODE,ALL,1,234.89981,3,1
2022-09-02T00:30:00-00:00,2022-09-02T00:45:00-00:00,2022-09-01,18,TA3_7_CGTGGNODE,TA3_7_CGTGGNODE,TA3_7_CGTGGNODE,RTPD,LMP,LMP_PRC,TA3_7_CGTGGNODE,ALL,1,1288.438,3,1
2022-09-02T01:30:00-00:00,2022-09-02T01:45:00-00:00,2022-09-01,19,TA3_7_CGTGGNODE,TA3_7_CGTGGNODE,TA3_7_CGTGGNODE,RTPD,LMP,LMP_PRC,TA3_7_CGTGGNODE,ALL,1,1959.6525,3,1
2022-09-02T02:30:00-00:00,2022-09-02T02:45:00-00:00,2022-09-01,20,TA3_7_CGTGGNODE,TA3_7_CGTGGNODE,TA3_7_CGTGGNODE,RTPD,LMP,LMP_PRC,TA3_7_CGTGGNODE,ALL,1,1965.7886,3,1
2022-09-02T03:30:00-00:00,2022-09-02T03:45:00-00:00,2022-09-01,21,TA3_7_CGTGGNODE,TA3_7_CGTGGNODE,TA3_7_CGTGGNODE,RTPD,LMP,LMP_PRC,TA3_7_CGTGGNODE,ALL,1,81.84414,3,1
2022-09-02T04:30:00-00:00,2022-09-02T04:45:00-00:00,2022-09-01,22,TA3_7_CGTGGNODE,TA3_7_CGTGGNODE,TA3_7_CGTGGNODE,RTPD,LMP,LMP_PRC,TA3_7_CGTGGNODE,ALL,1,-25.78139,3,1
2022-09-02T05:30:00-00:00,2022-09-02T05:45:00-00:00,2022-09-01,23,TA3_7_CGTGGNODE,TA3_7_CGTGGNODE,TA3_7_CGTGGNODE,RTPD,LMP,LMP_PRC,TA3_7_CGTGGNODE,ALL,1,-35.94575,3,1
2022-09-02T06:30:00-00:00,2022-09-02T06:45:00-00:00,2022-09-01,24,TA3_7_CGTGGNODE,TA3_7_CGTGGNODE,TA3_7_CGTGGNODE,RTPD,LMP,LMP_PRC,TA3_7_CGTGGNODE,ALL,1,-28.40541,3,1
2022-09-01T07:45:00-00:00,2022-09-01T08:00:00-00:00,2022-09-01,01,TA3_7_CGTGGNODE,TA3_7_CGTGGNODE,TA3_7_CGTGGNODE,RTPD,LMP,LMP_PRC,TA3_7_CGTGGNODE,ALL,1,107.05558,4,1
2022-09-01T08:45:00-00:00,2022-09-01T09:00:00-00:00,2022-09-01,02,TA3_7_CGTGGNODE,TA3_7_CGTGGNODE,TA3_7_CGTGGNODE,RTPD,LMP,LMP_PRC,TA3_7_CGTGGNODE,ALL,1,84.50242,4,1
2022-09-01T09:45:00-00:00,2022-09-01T10:00:00-00:00,2022-09-01,03,TA3_7_CGTGGNODE,TA3_7_CGTGGNODE,TA3_7_CGTGGNODE,RTPD,LMP,LMP_PRC,TA3_7_CGTGGNODE,ALL,1,86.05799,4,1
2022-09-01T10:45:00-00:00,2022-09-01T11:00:00-00:00,2022-09-01,04,TA3_7_CGTGGNODE,TA3_7_CGTGGNODE,TA3_7_CGTGGNODE,RTPD,LMP,LMP_PRC,TA3_7_CGTGGNODE,ALL,1,80.41806,4,1
2022-09-01T11:45:00-00:00,2022-09-01T12:00:00-00:00,2022-09-01,05,TA3_7_CGTGGNODE,TA3_7_CGTGGNODE,TA3_7_CGTGGNODE,RTPD,LMP,LMP_PRC,TA3_7_CGTGGNODE,ALL,1,92.2168,4,1
2022-09-01T12:45:00-00:00,2022-09-01T13:00:00-00:00,2022-09-01,06,TA3_7_CGTGGNODE,TA3_7_CGTGGNODE,TA3_7_CGTGGNODE,RTPD,LMP,LMP_PRC,TA3_7_CGTGGNODE,ALL,1,103.30328,4,1
2022-09-01T13:45:00-00:00,2022-09-01T14:00:00-00:00,2022-09-01,07,TA3_7_CGTGGNODE,TA3_7_CGTGGNODE,TA3_7_CGTGGNODE,RTPD,LMP,LMP_PRC,TA3_7_CGTGGNODE,ALL,1,89.0535,4,1
2022-09-01T14:45:00-00:00,2022-09-01T15:00:00-00:00,2022-09-01,08,TA3_7_CGTGGNODE,TA3_7_CGTGGNODE,TA3_7_CGTGGNODE,RTPD,LMP,LMP_PRC,TA3_7_CGTGGNODE,ALL,1,58.05832,4,1
2022-09-01T15:45:00-00:00,2022-09-01T16:00:00-00:00,2022-09-01,09,TA3_7_CGTGGNODE,TA3_7_CGTGGNODE,TA3_7_CGTGGNODE,RTPD,LMP,LMP_PRC,TA3_7_CGTGGNODE,ALL,1,37.21912,4,1
2022-09-01T16:45:00-00:00,2022-09-01T17:00:00-00:00,2022-09-01,10,TA3_7_CGTGGNODE,TA3_7_CGTGGNODE,TA3_7_CGTGGNODE,RTPD,LMP,LMP_PRC,TA3_7_CGTGGNODE,ALL,1,63.8926,4,1
2022-09-01T17:45:00-00:00,2022-09-01T18:00:00-00:00,2022-09-01,11,TA3_7_CGTGGNODE,TA3_7_CGTGGNODE,TA3_7_CGTGGNODE,RTPD,LMP,LMP_PRC,TA3_7_CGTGGNODE,ALL,1,71.02931,4,1
2022-09-01T18:45:00-00:00,2022-09-01T19:00:00-00:00,2022-09-01,12,TA3_7_CGTGGNODE,TA3_7_CGTGGNODE,TA3_7_CGTGGNODE,RTPD,LMP,LMP_PRC,TA3_7_CGTGGNODE,ALL,1,72.86377,4,1
2022-09-01T19:45:00-00:00,2022-09-01T20:00:00-00:00,2022-09-01,13,TA3_7_CGTGGNODE,TA3_7_CGTGGNODE,TA3_7_CGTGGNODE,RTPD,LMP,LMP_PRC,TA3_7_CGTGGNODE,ALL,1,82.17857,4,1
2022-09-01T20:45:00-00:00,2022-09-01T21:00:00-00:00,2022-09-01,14,TA3_7_CGTGGNODE,TA3_7_CGTGGNODE,TA3_7_CGTGGNODE,RTPD,LMP,LMP_PRC,TA3_7_CGTGGNODE,ALL,1,114.59577,4,1
2022-09-01T21:45:00-00:00,2022-09-01T22:00:00-00:00,2022-09-01,15,TA3_7_CGTGGNODE,TA3_7_CGTGGNODE,TA3_7_CGTGGNODE,RTPD,LMP,LMP_PRC,TA3_7_CGTGGNODE,ALL,1,150.4207,4,1
2022-09-01T22:45:00-00:00,2022-09-01T23:00:00-00:00,2022-09-01,16,TA3_7_CGTGGNODE,TA3_7_CGTGGNODE,TA3_7_CGTGGNODE,RTPD,LMP,LMP_PRC,TA3_7_CGTGGNODE,ALL,1,253.81573,4,1
2022-09-01T23:45:00-00:00,2022-09-02T00:00:00-00:00,2022-09-01,17,TA3_7_CGTGGNODE,TA3_7_CGTGGNODE,TA3_7_CGTGGNODE,RTPD,LMP,LMP_PRC,TA3_7_CGTGGNODE,ALL,1,895.5675,4,1
2022-09-02T00:45:00-00:00,2022-09-02T01:00:00-00:00,2022-09-01,18,TA3_7_CGTGGNODE,TA3_7_CGTGGNODE,TA3_7_CGTGGNODE,RTPD,LMP,LMP_PRC,TA3_7_CGTGGNODE,ALL,1,745.8226,4,1
2022-09-02T01:45:00-00:00,2022-09-02T02:00:00-00:00,2022-09-01,19,TA3_7_CGTGGNODE,TA3_7_CGTGGNODE,TA3_7_CGTGGNODE,RTPD,LMP,LMP_PRC,TA3_7_CGTGGNODE,ALL,1,1976.3213,4,1
2022-09-02T02:45:00-00:00,2022-09-02T03:00:00-00:00,2022-09-01,20,TA3_7_CGTGGNODE,TA3_7_CGTGGNODE,TA3_7_CGTGGNODE,RTPD,LMP,LMP_PRC,TA3_7_CGTGGNODE,ALL,1,716.767,4,1
2022-09-02T03:45:00-00:00,2022-09-02T04:00:00-00:00,2022-09-01,21,TA3_7_CGTGGNODE,TA3_7_CGTGGNODE,TA3_7_CGTGGNODE,RTPD,LMP,LMP_PRC,TA3_7_CGTGGNODE,ALL,1,47.58209,4,1
2022-09-02T04:45:00-00:00,2022-09-02T05:00:00-00:00,2022-09-01,22,TA3_7_CGTGGNODE,TA3_7_CGTGGNODE,TA3_7_CGTGGNODE,RTPD,LMP,LMP_PRC,TA3_7_CGTGGNODE,ALL,1,-40.40341,4,1
2022-09-02T05:45:00-00:00,2022-09-02T06:00:00-00:00,2022-09-01,23,TA3_7_CGTGGNODE,TA3_7_CGTGGNODE,TA3_7_CGTGGNODE,RTPD,LMP,LMP_PRC,TA3_7_CGTGGNODE,ALL,1,-73.10414,4,1
2022-09-02T06:45:00-00:00,2022-09-02T07:00:00-00:00,2022-09-01,24,TA3_7_CGTGGNODE,TA3_7_CGTGGNODE,TA3_7_CGTGGNODE,RTPD,LMP,LMP_PRC,TA3_7_CGTGGNODE,ALL,1,2.56838,4,1
2022-09-01T07:00:00-00:00,2022-09-01T07:15:00-00:00,2022-09-01,01,TA3_7_CGTGGNODE,TA3_7_CGTGGNODE,TA3_7_CGTGGNODE,RTPD,MCC,LMP_CONG_PRC,TA3_7_CGTGGNODE,ALL,1,14.37627,1,2
2022-09-01T08:00:00-00:00,2022-09-01T08:15:00-00:00,2022-09-01,02,TA3_7_CGTGGNODE,TA3_7_CGTGGNODE,TA3_7_CGTGGNODE,RTPD,MCC,LMP_CONG_PRC,TA3_7_CGTGGNODE,ALL,1,2.16387,1,2
2022-09-01T09:00:00-00:00,2022-09-01T09:15:00-00:00,2022-09-01,03,TA3_7_CGTGGNODE,TA3_7_CGTGGNODE,TA3_7_CGTGGNODE,RTPD,MCC,LMP_CONG_PRC,TA3_7_CGTGGNODE,ALL,1,2.90056,1,2
2022-09-01T10:00:00-00:00,2022-09-01T10:15:00-00:00,2022-09-01,04,TA3_7_CGTGGNODE,TA3_7_CGTGGNODE,TA3_7_CGTGGNODE,RTPD,MCC,LMP_CONG_PRC,TA3_7_CGTGGNODE,ALL,1,2.55116,1,2
2022-09-01T11:00:00-00:00,2022-09-01T11:15:00-00:00,2022-09-01,05,TA3_7_CGTGGNODE,TA3_7_CGTGGNODE,TA3_7_CGTGGNODE,RTPD,MCC,LMP_CONG_PRC,TA3_7_CGTGGNODE,ALL,1,-0.0032,1,2
2022-09-01T12:00:00-00:00,2022-09-01T12:15:00-00:00,2022-09-01,06,TA3_7_CGTGGNODE,TA3_7_CGTGGNODE,TA3_7_CGTGGNODE,RTPD,MCC,LMP_CONG_PRC,TA3_7_CGTGGNODE,ALL,1,6.70262,1,2
2022-09-01T13:00:00-00:00,2022-09-01T13:15:00-00:00,2022-09-01,07,TA3_7_CGTGGNODE,TA3_7_CGTGGNODE,TA3_7_CGTGGNODE,RTPD,MCC,LMP_CONG_PRC,TA3_7_CGTGGNODE,ALL,1,9.23247,1,2
2022-09-01T14:00:00-00:00,2022-09-01T14:15:00-00:00,2022-09-01,08,TA3_7_CGTGGNODE,TA3_7_CGTGGNODE,TA3_7_CGTGGNODE,RTPD,MCC,LMP_CONG_PRC,TA3_7_CGTGGNODE,ALL,1,-16.58523,1,2
2022-09-01T15:00:00-00:00,2022-09-01T15:15:00-00:00,2022-09-01,09,TA3_7_CGTGGNODE,TA3_7_CGTGGNODE,TA3_7_CGTGGNODE,RTPD,MCC,LMP_CONG_PRC,TA3_7_CGTGGNODE,ALL,1,-44.29316,1,2
2022-09-01T16:00:00-00:00,2022-09-01T16:15:00-00:00,2022-09-01,10,TA3_7_CGTGGNODE,TA3_7_CGTGGNODE,TA3_7_CGTGGNODE,RTPD,MCC,LMP_CONG_PRC,TA3_7_CGTGGNODE,ALL,1,-32.62578,1,2
2022-09-01T17:00:00-00:00,2022-09-01T17:15:00-00:00,2022-09-01,11,TA3_7_CGTGGNODE,TA3_7_CGTGGNODE,TA3_7_CGTGGNODE,RTPD,MCC,LMP_CONG_PRC,TA3_7_CGTGGNODE,ALL,1,-18.0915,1,2
2022-09-01T18:00:00-00:00,2022-09-01T18:15:00-00:00,2022-09-01,12,TA3_7_CGTGGNODE,TA3_7_CGTGGNODE,TA3_7_CGTGGNODE,RTPD,MCC,LMP_CONG_PRC,TA3_7_CGTGGNODE,ALL,1,-11.49867,1,2
2022-09-01T19:00:00-00:00,2022-09-01T19:15:00-00:00,2022-09-01,13,TA3_7_CGTGGNODE,TA3_7_CGTGGNODE,TA3_7_CGTGGNODE,RTPD,MCC,LMP_CONG_PRC,TA3_7_CGTGGNODE,ALL,1,-31.40814,1,2
2022-09-01T20:00:00-00:00,2022-09-01T20:15:00-00:00,2022-09-01,14,TA3_7_CGTGGNODE,TA3_7_CGTGGNODE,TA3_7_CGTGGNODE,RTPD,MCC,LMP_CONG_PRC,TA3_7_CGTGGNODE,ALL,1,1.66602,1,2
2022-09-01T21:00:00-00:00,2022-09-01T21:15:00-00:00,2022-09-01,15,TA3_7_CGTGGNODE,TA3_7_CGTGGNODE,TA3_7_CGTGGNODE,RTPD,MCC,LMP_CONG_PRC,TA3_7_CGTGGNODE,ALL,1,-131.28728,1,2
2022-09-01T22:00:00-00:00,2022-09-01T22:15:00-00:00,2022-09-01,16,TA3_7_CGTGGNODE,TA3_7_CGTGGNODE,TA3_7_CGTGGNODE,RTPD,MCC,LMP_CONG_PRC,TA3_7_CGTGGNODE,ALL,1,-78.15985,1,2
2022-09-01T23:00:00-00:00,2022-09-01T23:15:00-00:00,2022-09-01,17,TA3_7_CGTGGNODE,TA3_7_CGTGGNODE,TA3_7_CGTGGNODE,RTPD,MCC,LMP_CONG_PRC,TA3_7_CGTGGNODE,ALL,1,-175.91856,1,2
2022-09-02T00:00:00-00:00,2022-09-02T00:15:00-00:00,2022-09-01,18,TA3_7_CGTGGNODE,TA3_7_CGTGGNODE,TA3_7_CGTGGNODE,RTPD,MCC,LMP_CONG_PRC,TA3_7_CGTGGNODE,ALL,1,-135.12772,1,2
2022-09-02T01:00:00-00:00,2022-09-02T01:15:00-00:00,2022-09-01,19,TA3_7_CGTGGNODE,TA3_7_CGTGGNODE,TA3_7_CGTGGNODE,RTPD,MCC,LMP_CONG_PRC,TA3_7_CGTGGNODE,ALL,1,59.12481,1,2
2022-09-02T02:00:00-00:00,2022-09-02T02:15:00-00:00,2022-09-01,20,TA3_7_CGTGGNODE,TA3_7_CGTGGNODE,TA3_7_CGTGGNODE,RTPD,MCC,LMP_CONG_PRC,TA3_7_CGTGGNODE,ALL,1,-83.47502,1,2
2022-09-02T03:00:00-00:00,2022-09-02T03:15:00-00:00,2022-09-01,21,TA3_7_CGTGGNODE,TA3_7_CGTGGNODE,TA3_7_CGTGGNODE,RTPD,MCC,LMP_CONG_PRC,TA3_7_CGTGGNODE,ALL,1,-731.14667,1,2
2022-09-02T04:00:00-00:00,2022-09-02T04:15:00-00:00,2022-09-01,22,TA3_7_CGTGGNODE,TA3_7_CGTGGNODE,TA3_7_CGTGGNODE,RTPD,MCC,LMP_CONG_PRC,TA3_7_CGTGGNODE,ALL,1,-268.14584,1,2
2022-09-02T05:00:00-00:00,2022-09-02T05:15:00-00:00,2022-09-01,23,TA3_7_CGTGGNODE,TA3_7_CGTGGNODE,TA3_7_CGTGGNODE,RTPD,MCC,LMP_CONG_PRC,TA3_7_CGTGGNODE,ALL,1,-190.95013,1,2
2022-09-02T06:00:00-00:00,2022-09-02T06:15:00-00:00,2022-09-01,24,TA3_7_CGTGGNODE,TA3_7_CGTGGNODE,TA3_7_CGTGGNODE,RTPD,MCC,LMP_CONG_PRC,TA3_7_CGTGGNODE,ALL,1,-117.07215,1,2
2022-09-01T07:15:00-00:00,2022-09-01T07:30:00-00:00,2022-09-01,01,TA3_7_CGTGGNODE,TA3_7_CGTGGNODE,TA3_7_CGTGGNODE,RTPD,MCC,LMP_CONG_PRC,TA3_7_CGTGGNODE,ALL,1,6.37815,2,2
2022-09-01T08:15:00-00:00,2022-09-01T08:30:00-00:00,2022-09-01,02,TA3_7_CGTGGNODE,TA3_7_CGTGGNODE,TA3_7_CGTGGNODE,RTPD,MCC,LMP_CONG_PRC,TA3_7_CGTGGNODE,ALL,1,0.58665,2,2
2022-09-01T09:15:00-00:00,2022-09-01T09:30:00-00:00,2022-09-01,03,TA3_7_CGTGGNODE,TA3_7_CGTGGNODE,TA3_7_CGTGGNODE,RTPD,MCC,LMP_CONG_PRC,TA3_7_CGTGGNODE,ALL,1,3.82421,2,2
2022-09-01T10:15:00-00:00,2022-09-01T10:30:00-00:00,2022-09-01,04,TA3_7_CGTGGNODE,TA3_7_CGTGGNODE,TA3_7_CGTGGNODE,RTPD,MCC,LMP_CONG_PRC,TA3_7_CGTGGNODE,ALL,1,3.60987,2,2
2022-09-01T11:15:00-00:00,2022-09-01T11:30:00-00:00,2022-09-01,05,TA3_7_CGTGGNODE,TA3_7_CGTGGNODE,TA3_7_CGTGGNODE,RTPD,MCC,LMP_CONG_PRC,TA3_7_CGTGGNODE,ALL,1,-0.004,2,2
2022-09-01T12:15:00-00:00,2022-09-01T12:30:00-00:00,2022-09-01,06,TA3_7_CGTGGNODE,TA3_7_CGTGGNODE,TA3_7_CGTGGNODE,RTPD,MCC,LMP_CONG_PRC,TA3_7_CGTGGNODE,ALL,1,4.09422,2,2
2022-09-01T13:15:00-00:00,2022-09-01T13:30:00-00:00,2022-09-01,07,TA3_7_CGTGGNODE,TA3_7_CGTGGNODE,TA3_7_CGTGGNODE,RTPD,MCC,LMP_CONG_PRC,TA3_7_CGTGGNODE,ALL,1,0.39446,2,2
2022-09-01T14:15:00-00:00,2022-09-01T14:30:00-00:00,2022-09-01,08,TA3_7_CGTGGNODE,TA3_7_CGTGGNODE,TA3_7_CGTGGNODE,RTPD,MCC,LMP_CONG_PRC,TA3_7_CGTGGNODE,ALL,1,-20.76265,2,2
2022-09-01T15:15:00-00:00,2022-09-01T15:30:00-00:00,2022-09-01,09,TA3_7_CGTGGNODE,TA3_7_CGTGGNODE,TA3_7_CGTGGNODE,RTPD,MCC,LMP_CONG_PRC,TA3_7_CGTGGNODE,ALL,1,-46.87241,2,2
2022-09-01T16:15:00-00:00,2022-09-01T16:30:00-00:00,2022-09-01,10,TA3_7_CGTGGNODE,TA3_7_CGTGGNODE,TA3_7_CGTGGNODE,RTPD,MCC,LMP_CONG_PRC,TA3_7_CGTGGNODE,ALL,1,-29.66795,2,2
2022-09-01T17:15:00-00:00,2022-09-01T17:30:00-00:00,2022-09-01,11,TA3_7_CGTGGNODE,TA3_7_CGTGGNODE,TA3_7_CGTGGNODE,RTPD,MCC,LMP_CONG_PRC,TA3_7_CGTGGNODE,ALL,1,-17.58607,2,2
2022-09-01T18:15:00-00:00,2022-09-01T18:30:00-00:00,2022-09-01,12,TA3_7_CGTGGNODE,TA3_7_CGTGGNODE,TA3_7_CGTGGNODE,RTPD,MCC,LMP_CONG_PRC,TA3_7_CGTGGNODE,ALL,1,-21.28426,2,2
2022-09-01T19:15:00-00:00,2022-09-01T19:30:00-00:00,2022-09-01,13,TA3_7_CGTGGNODE,TA3_7_CGTGGNODE,TA3_7_CGTGGNODE,RTPD,MCC,LMP_CONG_PRC,TA3_7_CGTGGNODE,ALL,1,-13.10122,2,2
2022-09-01T20:15:00-00:00,2022-09-01T20:30:00-00:00,2022-09-01,14,TA3_7_CGTGGNODE,TA3_7_CGTGGNODE,TA3_7_CGTGGNODE,RTPD,MCC,LMP_CONG_PRC,TA3_7_CGTGGNODE,ALL,1,1.80124,2,2
2022-09-01T21:15:00-00:00,2022-09-01T21:30:00-00:00,2022-09-01,15,TA3_7_CGTGGNODE,TA3_7_CGTGGNODE,TA3_7_CGTGGNODE,RTPD,MCC,LMP_CONG_PRC,TA3_7_CGTGGNODE,ALL,1,-27.78062,2,2
2022-09-01T22:15:00-00:00,2022-09-01T22:30:00-00:00,2022-09-01,16,TA3_7_CGTGGNODE,TA3_7_CGTGGNODE,TA3_7_CGTGGNODE,RTPD,MCC,LMP_CONG_PRC,TA3_7_CGTGGNODE,ALL,1,-81.61576,2,2
2022-09-01T23:15:00-00:00,2022-09-01T23:30:00-00:00,2022-09-01,17,TA3_7_CGTGGNODE,TA3_7_CGTGGNODE,TA3_7_CGTGGNODE,RTPD,MCC,LMP_CONG_PRC,TA3_7_CGTGGNODE,ALL,1,-164.31787,2,2
2022-09-02T00:15:00-00:00,2022-09-02T00:30:00-00:00,2022-09-01,18,TA3_7_CGTGGNODE,TA3_7_CGTGGNODE,TA3_7_CGTGGNODE,RTPD,MCC,LMP_CONG_PRC,TA3_7_CGTGGNODE,ALL,1,-118.86436,2,2
2022-09-02T01:15:00-00:00,2022-09-02T01:30:00-00:00,2022-09-01,19,TA3_7_CGTGGNODE,TA3_7_CGTGGNODE,TA3_7_CGTGGNODE,RTPD,MCC,LMP_CONG_PRC,TA3_7_CGTGGNODE,ALL,1,-112.004,2,2
2022-09-02T02:15:00-00:00,2022-09-02T02:30:00-00:00,2022-09-01,20,TA3_7_CGTGGNODE,TA3_7_CGTGGNODE,TA3_7_CGTGGNODE,RTPD,MCC,LMP_CONG_PRC,TA3_7_CGTGGNODE,ALL,1,-0.0024,2,2
2022-09-02T03:15:00-00:00,2022-09-02T03:30:00-00:00,2022-09-01,21,TA3_7_CGTGGNODE,TA3_7_CGTGGNODE,TA3_7_CGTGGNODE,RTPD,MCC,LMP_CONG_PRC,TA3_7_CGTGGNODE,ALL,1,-258.9169,2,2
2022-09-02T04:15:00-00:00,2022-09-02T04:30:00-00:00,2022-09-01,22,TA3_7_CGTGGNODE,TA3_7_CGTGGNODE,TA3_7_CGTGGNODE,RTPD,MCC,LMP_CONG_PRC,TA3_7_CGTGGNODE,ALL,1,-229.21141,2,2
2022-09-02T05:15:00-00:00,2022-09-02T05:30:00-00:00,2022-09-01,23,TA3_7_CGTGGNODE,TA3_7_CGTGGNODE,TA3_7_CGTGGNODE,RTPD,MCC,LMP_CONG_PRC,TA3_7_CGTGGNODE,ALL,1,-182.66975,2,2
2022-09-02T06:15:00-00:00,2022-09-02T06:30:00-00:00,2022-09-01,24,TA3_7_CGTGGNODE,TA3_7_CGTGGNODE,TA3_7_CGTGGNODE,RTPD,MCC,LMP_CONG_PRC,TA3_7_CGTGGNODE,ALL,1,-60.62792,2,2
2022-09-01T07:30:00-00:00,2022-09-01T07:45:00-00:00,2022-09-01,01,TA3_7_CGTGGNODE,TA3_7_CGTGGNODE,TA3_7_CGTGGNODE,RTPD,MCC,LMP_CONG_PRC,TA3_7_CGTGGNODE,ALL,1,10.35729,3,2
2022-09-01T08:30:00-00:00,2022-09-01T08:45:00-00:00,2022-09-01,02,TA3_7_CGTGGNODE,TA3_7_CGTGGNODE,TA3_7_CGTGGNODE,RTPD,MCC,LMP_CONG_PRC,TA3_7_CGTGGNODE,ALL,1,-0.00184,3,2
2022-09-01T09:30:00-00:00,2022-09-01T09:45:00-00:00,2022-09-01,03,TA3_7_CGTGGNODE,TA3_7_CGTGGNODE,TA3_7_CGTGGNODE,RTPD,MCC,LMP_CONG_PRC,TA3_7_CGTGGNODE,ALL,1,3.78988,3,2
2022-09-01T10:30:00-00:00,2022-09-01T10:45:00-00:00,2022-09-01,04,TA3_7_CGTGGNODE,TA3_7_CGTGGNODE,TA3_7_CGTGGNODE,RTPD,MCC,LMP_CONG_PRC,TA3_7_CGTGGNODE,ALL,1,2.04112,3,2
2022-09-01T11:30:00-00:00,2022-09-01T11:45:00-00:00,2022-09-01,05,TA3_7_CGTGGNODE,TA3_7_CGTGGNODE,TA3_7_CGTGGNODE,RTPD,MCC,LMP_CONG_PRC,TA3_7_CGTGGNODE,ALL,1,-0.004,3,2
2022-09-01T12:30:00-00:00,2022-09-01T12:45:00-00:00,2022-09-01,06,TA3_7_CGTGGNODE,TA3_7_CGTGGNODE,TA3_7_CGTGGNODE,RTPD,MCC,LMP_CONG_PRC,TA3_7_CGTGGNODE,ALL,1,7.16585,3,2
2022-09-01T13:30:00-00:00,2022-09-01T13:45:00-00:00,2022-09-01,07,TA3_7_CGTGGNODE,TA3_7_CGTGGNODE,TA3_7_CGTGGNODE,RTPD,MCC,LMP_CONG_PRC,TA3_7_CGTGGNODE,ALL,1,-1.62226,3,2
2022-09-01T14:30:00-00:00,2022-09-01T14:45:00-00:00,2022-09-01,08,TA3_7_CGTGGNODE,TA3_7_CGTGGNODE,TA3_7_CGTGGNODE,RTPD,MCC,LMP_CONG_PRC,TA3_7_CGTGGNODE,ALL,1,-15.2084,3,2
2022-09-01T15:30:00-00:00,2022-09-01T15:45:00-00:00,2022-09-01,09,TA3_7_CGTGGNODE,TA3_7_CGTGGNODE,TA3_7_CGTGGNODE,RTPD,MCC,LMP_CONG_PRC,TA3_7_CGTGGNODE,ALL,1,-58.74221,3,2
2022-09-01T16:30:00-00:00,2022-09-01T16:45:00-00:00,2022-09-01,10,TA3_7_CGTGGNODE,TA3_7_CGTGGNODE,TA3_7_CGTGGNODE,RTPD,MCC,LMP_CONG_PRC,TA3_7_CGTGGNODE,ALL,1,-16.03135,3,2
2022-09-01T17:30:00-00:00,2022-09-01T17:45:00-00:00,2022-09-01,11,TA3_7_CGTGGNODE,TA3_7_CGTGGNODE,TA3_7_CGTGGNODE,RTPD,MCC,LMP_CONG_PRC,TA3_7_CGTGGNODE,ALL,1,-14.38414,3,2
2022-09-01T18:30:00-00:00,2022-09-01T18:45:00-00:00,2022-09-01,12,TA3_7_CGTGGNODE,TA3_7_CGTGGNODE,TA3_7_CGTGGNODE,RTPD,MCC,LMP_CONG_PRC,TA3_7_CGTGGNODE,ALL,1,-20.0698,3,2
2022-09-01T19:30:00-00:00,2022-09-01T19:45:00-00:00,2022-09-01,13,TA3_7_CGTGGNODE,TA3_7_CGTGGNODE,TA3_7_CGTGGNODE,RTPD,MCC,LMP_CONG_PRC,TA3_7_CGTGGNODE,ALL,1,-21.66792,3,2
2022-09-01T20:30:00-00:00,2022-09-01T20:45:00-00:00,2022-09-01,14,TA3_7_CGTGGNODE,TA3_7_CGTGGNODE,TA3_7_CGTGGNODE,RTPD,MCC,LMP_CONG_PRC,TA3_7_CGTGGNODE,ALL,1,7.02053,3,2
2022-09-01T21:30:00-00:00,2022-09-01T21:45:00-00:00,2022-09-01,15,TA3_7_CGTGGNODE,TA3_7_CGTGGNODE,TA3_7_CGTGGNODE,RTPD,MCC,LMP_CONG_PRC,TA3_7_CGTGGNODE,ALL,1,-36.57682,3,2
2022-09-01T22:30:00-00:00,2022-09-01T22:45:00-00:00,2022-09-01,16,TA3_7_CGTGGNODE,TA3_7_CGTGGNODE,TA3_7_CGTGGNODE,RTPD,MCC,LMP_CONG_PRC,TA3_7_CGTGGNODE,ALL,1,-109.4624,3,2
2022-09-01T23:30:00-00:00,2022-09-01T23:45:00-00:00,2022-09-01,17,TA3_7_CGTGGNODE,TA3_7_CGTGGNODE,TA3_7_CGTGGNODE,RTPD,MCC,LMP_CONG_PRC,TA3_7_CGTGGNODE,ALL,1,-305.42178,3,2
2022-09-02T00:30:00-00:00,2022-09-02T00:45:00-00:00,2022-09-01,18,TA3_7_CGTGGNODE,TA3_7_CGTGGNODE,TA3_7_CGTGGNODE,RTPD,MCC,LMP_CONG_PRC,TA3_7_CGTGGNODE,ALL,1,-11.16459,3,2
2022-09-02T01:30:00-00:00,2022-09-02T01:45:00-00:00,2022-09-01,19,TA3_7_CGTGGNODE,TA3_7_CGTGGNODE,TA3_7_CGTGGNODE,RTPD,MCC,LMP_CONG_PRC,TA3_7_CGTGGNODE,ALL,1,-21.75306,3,2
2022-09-02T02:30:00-00:00,2022-09-02T02:45:00-00:00,2022-09-01,20,TA3_7_CGTGGNODE,TA3_7_CGTGGNODE,TA3_7_CGTGGNODE,RTPD,MCC,LMP_CONG_PRC,TA3_7_CGTGGNODE,ALL,1,-0.0024,3,2
2022-09-02T03:30:00-00:00,2022-09-02T03:45:00-00:00,2022-09-01,21,TA3_7_CGTGGNODE,TA3_7_CGTGGNODE,TA3_7_CGTGGNODE,RTPD,MCC,LMP_CONG_PRC,TA3_7_CGTGGNODE,ALL,1,-74.77749,3,2
2022-09-02T04:30:00-00:00,2022-09-02T04:45:00-00:00,2022-09-01,22,TA3_7_CGTGGNODE,TA3_7_CGTGGNODE,TA3_7_CGTGGNODE,RTPD,MCC,LMP_CONG_PRC,TA3_7_CGTGGNODE,ALL,1,-178.99791,3,2
2022-09-02T05:30:00-00:00,2022-09-02T05:45:00-00:00,2022-09-01,23,TA3_7_CGTGGNODE,TA3_7_CGTGGNODE,TA3_7_CGTGGNODE,RTPD,MCC,LMP_CONG_PRC,TA3_7_CGTGGNODE,ALL,1,-143.26837,3,2
2022-09-02T06:30:00-00:00,2022-09-02T06:45:00-00:00,2022-09-01,24,TA3_7_CGTGGNODE,TA3_7_CGTGGNODE,TA3_7_CGTGGNODE,RTPD,MCC,LMP_CONG_PRC,TA3_7_CGTGGNODE,ALL,1,-133.32983,3,2
2022-09-01T07:45:00-00:00,2022-09-01T08:00:00-00:00,2022-09-01,01,TA3_7_CGTGGNODE,TA3_7_CGTGGNODE,TA3_7_CGTGGNODE,RTPD,MCC,LMP_CONG_PRC,TA3_7_CGTGGNODE,ALL,1,11.93459,4,2
2022-09-01T08:45:00-00:00,2022-09-01T09:00:00-00:00,2022-09-01,02,TA3_7_CGTGGNODE,TA3_7_CGTGGNODE,TA3_7_CGTGGNODE,RTPD,MCC,LMP_CONG_PRC,TA3_7_CGTGGNODE,ALL,1,2.89035,4,2
2022-09-01T09:45:00-00:00,2022-09-01T10:00:00-00:00,2022-09-01,03,TA3_7_CGTGGNODE,TA3_7_CGTGGNODE,TA3_7_CGTGGNODE,RTPD,MCC,LMP_CONG_PRC,TA3_7_CGTGGNODE,ALL,1,3.43373,4,2
2022-09-01T10:45:00-00:00,2022-09-01T11:00:00-00:00,2022-09-01,04,TA3_7_CGTGGNODE,TA3_7_CGTGGNODE,TA3_7_CGTGGNODE,RTPD,MCC,LMP_CONG_PRC,TA3_7_CGTGGNODE,ALL,1,0.80685,4,2
2022-09-01T11:45:00-00:00,2022-09-01T12:00:00-00:00,2022-09-01,05,TA3_7_CGTGGNODE,TA3_7_CGTGGNODE,TA3_7_CGTGGNODE,RTPD,MCC,LMP_CONG_PRC,TA3_7_CGTGGNODE,ALL,1,-0.0032,4,2
2022-09-01T12:45:00-00:00,2022-09-01T13:00:00-00:00,2022-09-01,06,TA3_7_CGTGGNODE,TA3_7_CGTGGNODE,TA3_7_CGTGGNODE,RTPD,MCC,LMP_CONG_PRC,TA3_7_CGTGGNODE,ALL,1,1.60847,4,2
2022-09-01T13:45:00-00:00,2022-09-01T14:00:00-00:00,2022-09-01,07,TA3_7_CGTGGNODE,TA3_7_CGTGGNODE,TA3_7_CGTGGNODE,RTPD,MCC,LMP_CONG_PRC,TA3_7_CGTGGNODE,ALL,1,-7.5665,4,2
2022-09-01T14:45:00-00:00,2022-09-01T15:00:00-00:00,2022-09-01,08,TA3_7_CGTGGNODE,TA3_7_CGTGGNODE,TA3_7_CGTGGNODE,RTPD,MCC,LMP_CONG_PRC,TA3_7_CGTGGNODE,ALL,1,-19.24048,4,2
2022-09-01T15:45:00-00:00,2022-09-01T16:00:00-00:00,2022-09-01,09,TA3_7_CGTGGNODE,TA3_7_CGTGGNODE,TA3_7_CGTGGNODE,RTPD,MCC,LMP_CONG_PRC,TA3_7_CGTGGNODE,ALL,1,-29.43163,4,2
2022-09-01T16:45:00-00:00,2022-09-01T17:00:00-00:00,2022-09-01,10,TA3_7_CGTGGNODE,TA3_7_CGTGGNODE,TA3_7_CGTGGNODE,RTPD,MCC,LMP_CONG_PRC,TA3_7_CGTGGNODE,ALL,1,-16.41673,4,2
2022-09-01T17:45:00-00:00,2022-09-01T18:00:00-00:00,2022-09-01,11,TA3_7_CGTGGNODE,TA3_7_CGTGGNODE,TA3_7_CGTGGNODE,RTPD,MCC,LMP_CONG_PRC,TA3_7_CGTGGNODE,ALL,1,-15.85435,4,2
2022-09-01T18:45:00-00:00,2022-09-01T19:00:00-00:00,2022-09-01,12,TA3_7_CGTGGNODE,TA3_7_CGTGGNODE,TA3_7_CGTGGNODE,RTPD,MCC,LMP_CONG_PRC,TA3_7_CGTGGNODE,ALL,1,-22.19687,4,2
2022-09-01T19:45:00-00:00,2022-09-01T20:00:00-00:00,2022-09-01,13,TA3_7_CGTGGNODE,TA3_7_CGTGGNODE,TA3_7_CGTGGNODE,RTPD,MCC,LMP_CONG_PRC,TA3_7_CGTGGNODE,ALL,1,-22.67634,4,2
2022-09-01T20:45:00-00:00,2022-09-01T21:00:00-00:00,2022-09-01,14,TA3_7_CGTGGNODE,TA3_7_CGTGGNODE,TA3_7_CGTGGNODE,RTPD,MCC,LMP_CONG_PRC,TA3_7_CGTGGNODE,ALL,1,-23.81932,4,2
2022-09-01T21:45:00-00:00,2022-09-01T22:00:00-00:00,2022-09-01,15,TA3_7_CGTGGNODE,TA3_7_CGTGGNODE,TA3_7_CGTGGNODE,RTPD,MCC,LMP_CONG_PRC,TA3_7_CGTGGNODE,ALL,1,-135.08305,4,2
2022-09-01T22:45:00-00:00,2022-09-01T23:00:00-00:00,2022-09-01,16,TA3_7_CGTGGNODE,TA3_7_CGTGGNODE,TA3_7_CGTGGNODE,RTPD,MCC,LMP_CONG_PRC,TA3_7_CGTGGNODE,ALL,1,-158.93794,4,2
2022-09-01T23:45:00-00:00,2022-09-02T00:00:00-00:00,2022-09-01,17,TA3_7_CGTGGNODE,TA3_7_CGTGGNODE,TA3_7_CGTGGNODE,RTPD,MCC,LMP_CONG_PRC,TA3_7_CGTGGNODE,ALL,1,-337.31497,4,2
2022-09-02T00:45:00-00:00,2022-09-02T01:00:00-00:00,2022-09-01,18,TA3_7_CGTGGNODE,TA3_7_CGTGGNODE,TA3_7_CGTGGNODE,RTPD,MCC,LMP_CONG_PRC,TA3_7_CGTGGNODE,ALL,1,-743.81647,4,2
2022-09-02T01:45:00-00:00,2022-09-02T02:00:00-00:00,2022-09-01,19,TA3_7_CGTGGNODE,TA3_7_CGTGGNODE,TA3_7_CGTGGNODE,RTPD,MCC,LMP_CONG_PRC,TA3_7_CGTGGNODE,ALL,1,-0.0024,4,2
2022-09-02T02:45:00-00:00,2022-09-02T03:00:00-00:00,2022-09-01,20,TA3_7_CGTGGNODE,TA3_7_CGTGGNODE,TA3_7_CGTGGNODE,RTPD,MCC,LMP_CONG_PRC,TA3_7_CGTGGNODE,ALL,1,-745.3967,4,2
2022-09-02T03:45:00-00:00,2022-09-02T04:00:00-00:00,2022-09-01,21,TA3_7_CGTGGNODE,TA3_7_CGTGGNODE,TA3_7_CGTGGNODE,RTPD,MCC,LMP_CONG_PRC,TA3_7_CGTGGNODE,ALL,1,-67.2331,4,2
2022-09-02T04:45:00-00:00,2022-09-02T05:00:00-00:00,2022-09-01,22,TA3_7_CGTGGNODE,TA3_7_CGTGGNODE,TA3_7_CGTGGNODE,RTPD,MCC,LMP_CONG_PRC,TA3_7_CGTGGNODE,ALL,1,-142.28703,4,2
2022-09-02T05:45:00-00:00,2022-09-02T06:00:00-00:00,2022-09-01,23,TA3_7_CGTGGNODE,TA3_7_CGTGGNODE,TA3_7_CGTGGNODE,RTPD,MCC,LMP_CONG_PRC,TA3_7_CGTGGNODE,ALL,1,-170.21594,4,2
2022-09-02T06:45:00-00:00,2022-09-02T07:00:00-00:00,2022-09-01,24,TA3_7_CGTGGNODE,TA3_7_CGTGGNODE,TA3_7_CGTGGNODE,RTPD,MCC,LMP_CONG_PRC,TA3_7_CGTGGNODE,ALL,1,-83.37338,4,2
2022-09-01T07:00:00-00:00,2022-09-01T07:15:00-00:00,2022-09-01,01,TA3_7_CGTGGNODE,TA3_7_CGTGGNODE,TA3_7_CGTGGNODE,RTPD,MCE,LMP_ENE_PRC,TA3_7_CGTGGNODE,ALL,1,104.23471,1,3
2022-09-01T08:00:00-00:00,2022-09-01T08:15:00-00:00,2022-09-01,02,TA3_7_CGTGGNODE,TA3_7_CGTGGNODE,TA3_7_CGTGGNODE,RTPD,MCE,LMP_ENE_PRC,TA3_7_CGTGGNODE,ALL,1,115.5488,1,3
2022-09-01T09:00:00-00:00,2022-09-01T09:15:00-00:00,2022-09-01,03,TA3_7_CGTGGNODE,TA3_7_CGTGGNODE,TA3_7_CGTGGNODE,RTPD,MCE,LMP_ENE_PRC,TA3_7_CGTGGNODE,ALL,1,99.73061,1,3
2022-09-01T10:00:00-00:00,2022-09-01T10:15:00-00:00,2022-09-01,04,TA3_7_CGTGGNODE,TA3_7_CGTGGNODE,TA3_7_CGTGGNODE,RTPD,MCE,LMP_ENE_PRC,TA3_7_CGTGGNODE,ALL,1,98.64222,1,3
2022-09-01T11:00:00-00:00,2022-09-01T11:15:00-00:00,2022-09-01,05,TA3_7_CGTGGNODE,TA3_7_CGTGGNODE,TA3_7_CGTGGNODE,RTPD,MCE,LMP_ENE_PRC,TA3_7_CGTGGNODE,ALL,1,102.56859,1,3
2022-09-01T12:00:00-00:00,2022-09-01T12:15:00-00:00,2022-09-01,06,TA3_7_CGTGGNODE,TA3_7_CGTGGNODE,TA3_7_CGTGGNODE,RTPD,MCE,LMP_ENE_PRC,TA3_7_CGTGGNODE,ALL,1,96.90845,1,3
2022-09-01T13:00:00-00:00,2022-09-01T13:15:00-00:00,2022-09-01,07,TA3_7_CGTGGNODE,TA3_7_CGTGGNODE,TA3_7_CGTGGNODE,RTPD,MCE,LMP_ENE_PRC,TA3_7_CGTGGNODE,ALL,1,101.80878,1,3
2022-09-01T14:00:00-00:00,2022-09-01T14:15:00-00:00,2022-09-01,08,TA3_7_CGTGGNODE,TA3_7_CGTGGNODE,TA3_7_CGTGGNODE,RTPD,MCE,LMP_ENE_PRC,TA3_7_CGTGGNODE,ALL,1,111.11219,1,3
2022-09-01T15:00:00-00:00,2022-09-01T15:15:00-00:00,2022-09-01,09,TA3_7_CGTGGNODE,TA3_7_CGTGGNODE,TA3_7_CGTGGNODE,RTPD,MCE,LMP_ENE_PRC,TA3_7_CGTGGNODE,ALL,1,97.4112,1,3
2022-09-01T16:00:00-00:00,2022-09-01T16:15:00-00:00,2022-09-01,10,TA3_7_CGTGGNODE,TA3_7_CGTGGNODE,TA3_7_CGTGGNODE,RTPD,MCE,LMP_ENE_PRC,TA3_7_CGTGGNODE,ALL,1,83.43525,1,3
2022-09-01T17:00:00-00:00,2022-09-01T17:15:00-00:00,2022-09-01,11,TA3_7_CGTGGNODE,TA3_7_CGTGGNODE,TA3_7_CGTGGNODE,RTPD,MCE,LMP_ENE_PRC,TA3_7_CGTGGNODE,ALL,1,96.94897,1,3
2022-09-01T18:00:00-00:00,2022-09-01T18:15:00-00:00,2022-09-01,12,TA3_7_CGTGGNODE,TA3_7_CGTGGNODE,TA3_7_CGTGGNODE,RTPD,MCE,LMP_ENE_PRC,TA3_7_CGTGGNODE,ALL,1,91.59291,1,3
2022-09-01T19:00:00-00:00,2022-09-01T19:15:00-00:00,2022-09-01,13,TA3_7_CGTGGNODE,TA3_7_CGTGGNODE,TA3_7_CGTGGNODE,RTPD,MCE,LMP_ENE_PRC,TA3_7_CGTGGNODE,ALL,1,109.19637,1,3
2022-09-01T20:00:00-00:00,2022-09-01T20:15:00-00:00,2022-09-01,14,TA3_7_CGTGGNODE,TA3_7_CGTGGNODE,TA3_7_CGTGGNODE,RTPD,MCE,LMP_ENE_PRC,TA3_7_CGTGGNODE,ALL,1,117.94359,1,3
2022-09-01T21:00:00-00:00,2022-09-01T21:15:00-00:00,2022-09-01,15,TA3_7_CGTGGNODE,TA3_7_CGTGGNODE,TA3_7_CGTGGNODE,RTPD,MCE,LMP_ENE_PRC,TA3_7_CGTGGNODE,ALL,1,226.61499,1,3
2022-09-01T22:00:00-00:00,2022-09-01T22:15:00-00:00,2022-09-01,16,TA3_7_CGTGGNODE,TA3_7_CGTGGNODE,TA3_7_CGTGGNODE,RTPD,MCE,LMP_ENE_PRC,TA3_7_CGTGGNODE,ALL,1,229.18552,1,3
2022-09-01T23:00:00-00:00,2022-09-01T23:15:00-00:00,2022-09-01,17,TA3_7_CGTGGNODE,TA3_7_CGTGGNODE,TA3_7_CGTGGNODE,RTPD,MCE,LMP_ENE_PRC,TA3_7_CGTGGNODE,ALL,1,386.7537,1,3
2022-09-02T00:00:00-00:00,2022-09-02T00:15:00-00:00,2022-09-01,18,TA3_7_CGTGGNODE,TA3_7_CGTGGNODE,TA3_7_CGTGGNODE,RTPD,MCE,LMP_ENE_PRC,TA3_7_CGTGGNODE,ALL,1,770.58136,1,3
2022-09-02T01:00:00-00:00,2022-09-02T01:15:00-00:00,2022-09-01,19,TA3_7_CGTGGNODE,TA3_7_CGTGGNODE,TA3_7_CGTGGNODE,RTPD,MCE,LMP_ENE_PRC,TA3_7_CGTGGNODE,ALL,1,916.27124,1,3
2022-09-02T02:00:00-00:00,2022-09-02T02:15:00-00:00,2022-09-01,20,TA3_7_CGTGGNODE,TA3_7_CGTGGNODE,TA3_7_CGTGGNODE,RTPD,MCE,LMP_ENE_PRC,TA3_7_CGTGGNODE,ALL,1,1991.6721,1,3
2022-09-02T03:00:00-00:00,2022-09-02T03:15:00-00:00,2022-09-01,21,TA3_7_CGTGGNODE,TA3_7_CGTGGNODE,TA3_7_CGTGGNODE,RTPD,MCE,LMP_ENE_PRC,TA3_7_CGTGGNODE,ALL,1,917.5508,1,3
2022-09-02T04:00:00-00:00,2022-09-02T04:15:00-00:00,2022-09-01,22,TA3_7_CGTGGNODE,TA3_7_CGTGGNODE,TA3_7_CGTGGNODE,RTPD,MCE,LMP_ENE_PRC,TA3_7_CGTGGNODE,ALL,1,257.83005,1,3
2022-09-02T05:00:00-00:00,2022-09-02T05:15:00-00:00,2022-09-01,23,TA3_7_CGTGGNODE,TA3_7_CGTGGNODE,TA3_7_CGTGGNODE,RTPD,MCE,LMP_ENE_PRC,TA3_7_CGTGGNODE,ALL,1,183.24657,1,3
2022-09-02T06:00:00-00:00,2022-09-02T06:15:00-00:00,2022-09-01,24,TA3_7_CGTGGNODE,TA3_7_CGTGGNODE,TA3_7_CGTGGNODE,RTPD,MCE,LMP_ENE_PRC,TA3_7_CGTGGNODE,ALL,1,158.867,1,3
2022-09-01T07:15:00-00:00,2022-09-01T07:30:00-00:00,2022-09-01,01,TA3_7_CGTGGNODE,TA3_7_CGTGGNODE,TA3_7_CGTGGNODE,RTPD,MCE,LMP_ENE_PRC,TA3_7_CGTGGNODE,ALL,1,125.55144,2,3
2022-09-01T08:15:00-00:00,2022-09-01T08:30:00-00:00,2022-09-01,02,TA3_7_CGTGGNODE,TA3_7_CGTGGNODE,TA3_7_CGTGGNODE,RTPD,MCE,LMP_ENE_PRC,TA3_7_CGTGGNODE,ALL,1,115.53165,2,3
2022-09-01T09:15:00-00:00,2022-09-01T09:30:00-00:00,2022-09-01,03,TA3_7_CGTGGNODE,TA3_7_CGTGGNODE,TA3_7_CGTGGNODE,RTPD,MCE,LMP_ENE_PRC,TA3_7_CGTGGNODE,ALL,1,98.30543,2,3
2022-09-01T10:15:00-00:00,2022-09-01T10:30:00-00:00,2022-09-01,04,TA3_7_CGTGGNODE,TA3_7_CGTGGNODE,TA3_7_CGTGGNODE,RTPD,MCE,LMP_ENE_PRC,TA3_7_CGTGGNODE,ALL,1,97.00684,2,3
2022-09-01T11:15:00-00:00,2022-09-01T11:30:00-00:00,2022-09-01,05,TA3_7_CGTGGNODE,TA3_7_CGTGGNODE,TA3_7_CGTGGNODE,RTPD,MCE,LMP_ENE_PRC,TA3_7_CGTGGNODE,ALL,1,103.09059,2,3
2022-09-01T12:15:00-00:00,2022-09-01T12:30:00-00:00,2022-09-01,06,TA3_7_CGTGGNODE,TA3_7_CGTGGNODE,TA3_7_CGTGGNODE,RTPD,MCE,LMP_ENE_PRC,TA3_7_CGTGGNODE,ALL,1,109.32203,2,3
2022-09-01T13:15:00-00:00,2022-09-01T13:30:00-00:00,2022-09-01,07,TA3_7_CGTGGNODE,TA3_7_CGTGGNODE,TA3_7_CGTGGNODE,RTPD,MCE,LMP_ENE_PRC,TA3_7_CGTGGNODE,ALL,1,110.97827,2,3
2022-09-01T14:15:00-00:00,2022-09-01T14:30:00-00:00,2022-09-01,08,TA3_7_CGTGGNODE,TA3_7_CGTGGNODE,TA3_7_CGTGGNODE,RTPD,MCE,LMP_ENE_PRC,TA3_7_CGTGGNODE,ALL,1,104.78743,2,3
2022-09-01T15:15:00-00:00,2022-09-01T15:30:00-00:00,2022-09-01,09,TA3_7_CGTGGNODE,TA3_7_CGTGGNODE,TA3_7_CGTGGNODE,RTPD,MCE,LMP_ENE_PRC,TA3_7_CGTGGNODE,ALL,1,86.9388,2,3
2022-09-01T16:15:00-00:00,2022-09-01T16:30:00-00:00,2022-09-01,10,TA3_7_CGTGGNODE,TA3_7_CGTGGNODE,TA3_7_CGTGGNODE,RTPD,MCE,LMP_ENE_PRC,TA3_7_CGTGGNODE,ALL,1,89.44858,2,3
2022-09-01T17:15:00-00:00,2022-09-01T17:30:00-00:00,2022-09-01,11,TA3_7_CGTGGNODE,TA3_7_CGTGGNODE,TA3_7_CGTGGNODE,RTPD,MCE,LMP_ENE_PRC,TA3_7_CGTGGNODE,ALL,1,99.34673,2,3
2022-09-01T18:15:00-00:00,2022-09-01T18:30:00-00:00,2022-09-01,12,TA3_7_CGTGGNODE,TA3_7_CGTGGNODE,TA3_7_CGTGGNODE,RTPD,MCE,LMP_ENE_PRC,TA3_7_CGTGGNODE,ALL,1,101.15901,2,3
2022-09-01T19:15:00-00:00,2022-09-01T19:30:00-00:00,2022-09-01,13,TA3_7_CGTGGNODE,TA3_7_CGTGGNODE,TA3_7_CGTGGNODE,RTPD,MCE,LMP_ENE_PRC,TA3_7_CGTGGNODE,ALL,1,105.30588,2,3
2022-09-01T20:15:00-00:00,2022-09-01T20:30:00-00:00,2022-09-01,14,TA3_7_CGTGGNODE,TA3_7_CGTGGNODE,TA3_7_CGTGGNODE,RTPD,MCE,LMP_ENE_PRC,TA3_7_CGTGGNODE,ALL,1,117.49421,2,3
2022-09-01T21:15:00-00:00,2022-09-01T21:30:00-00:00,2022-09-01,15,TA3_7_CGTGGNODE,TA3_7_CGTGGNODE,TA3_7_CGTGGNODE,RTPD,MCE,LMP_ENE_PRC,TA3_7_CGTGGNODE,ALL,1,147.21185,2,3
2022-09-01T22:15:00-00:00,2022-09-01T22:30:00-00:00,2022-09-01,16,TA3_7_CGTGGNODE,TA3_7_CGTGGNODE,TA3_7_CGTGGNODE,RTPD,MCE,LMP_ENE_PRC,TA3_7_CGTGGNODE,ALL,1,256.58734,2,3
2022-09-01T23:15:00-00:00,2022-09-01T23:30:00-00:00,2022-09-01,17,TA3_7_CGTGGNODE,TA3_7_CGTGGNODE,TA3_7_CGTGGNODE,RTPD,MCE,LMP_ENE_PRC,TA3_7_CGTGGNODE,ALL,1,362.12408,2,3
2022-09-02T00:15:00-00:00,2022-09-02T00:30:00-00:00,2022-09-01,18,TA3_7_CGTGGNODE,TA3_7_CGTGGNODE,TA3_7_CGTGGNODE,RTPD,MCE,LMP_ENE_PRC,TA3_7_CGTGGNODE,ALL,1,691.2182,2,3
2022-09-02T01:15:00-00:00,2022-09-02T01:30:00-00:00,2022-09-01,19,TA3_7_CGTGGNODE,TA3_7_CGTGGNODE,TA3_7_CGTGGNODE,RTPD,MCE,LMP_ENE_PRC,TA3_7_CGTGGNODE,ALL,1,1999.9933,2,3
2022-09-02T02:15:00-00:00,2022-09-02T02:30:00-00:00,2022-09-01,20,TA3_7_CGTGGNODE,TA3_7_CGTGGNODE,TA3_7_CGTGGNODE,RTPD,MCE,LMP_ENE_PRC,TA3_7_CGTGGNODE,ALL,1,1991.6721,2,3
2022-09-02T03:15:00-00:00,2022-09-02T03:30:00-00:00,2022-09-01,21,TA3_7_CGTGGNODE,TA3_7_CGTGGNODE,TA3_7_CGTGGNODE,RTPD,MCE,LMP_ENE_PRC,TA3_7_CGTGGNODE,ALL,1,400.52884,2,3
2022-09-02T04:15:00-00:00,2022-09-02T04:30:00-00:00,2022-09-01,22,TA3_7_CGTGGNODE,TA3_7_CGTGGNODE,TA3_7_CGTGGNODE,RTPD,MCE,LMP_ENE_PRC,TA3_7_CGTGGNODE,ALL,1,224.75041,2,3
2022-09-02T05:15:00-00:00,2022-09-02T05:30:00-00:00,2022-09-01,23,TA3_7_CGTGGNODE,TA3_7_CGTGGNODE,TA3_7_CGTGGNODE,RTPD,MCE,LMP_ENE_PRC,TA3_7_CGTGGNODE,ALL,1,157.11986,2,3
2022-09-02T06:15:00-00:00,2022-09-02T06:30:00-00:00,2022-09-01,24,TA3_7_CGTGGNODE,TA3_7_CGTGGNODE,TA3_7_CGTGGNODE,RTPD,MCE,LMP_ENE_PRC,TA3_7_CGTGGNODE,ALL,1,143.1005,2,3
2022-09-01T07:30:00-00:00,2022-09-01T07:45:00-00:00,2022-09-01,01,TA3_7_CGTGGNODE,TA3_7_CGTGGNODE,TA3_7_CGTGGNODE,RTPD,MCE,LMP_ENE_PRC,TA3_7_CGTGGNODE,ALL,1,119.03196,3,3
2022-09-01T08:30:00-00:00,2022-09-01T08:45:00-00:00,2022-09-01,02,TA3_7_CGTGGNODE,TA3_7_CGTGGNODE,TA3_7_CGTGGNODE,RTPD,MCE,LMP_ENE_PRC,TA3_7_CGTGGNODE,ALL,1,111.11241,3,3
2022-09-01T09:30:00-00:00,2022-09-01T09:45:00-00:00,2022-09-01,03,TA3_7_CGTGGNODE,TA3_7_CGTGGNODE,TA3_7_CGTGGNODE,RTPD,MCE,LMP_ENE_PRC,TA3_7_CGTGGNODE,ALL,1,98.16228,3,3
2022-09-01T10:30:00-00:00,2022-09-01T10:45:00-00:00,2022-09-01,04,TA3_7_CGTGGNODE,TA3_7_CGTGGNODE,TA3_7_CGTGGNODE,RTPD,MCE,LMP_ENE_PRC,TA3_7_CGTGGNODE,ALL,1,96.36226,3,3
2022-09-01T11:30:00-00:00,2022-09-01T11:45:00-00:00,2022-09-01,05,TA3_7_CGTGGNODE,TA3_7_CGTGGNODE,TA3_7_CGTGGNODE,RTPD,MCE,LMP_ENE_PRC,TA3_7_CGTGGNODE,ALL,1,103.06198,3,3
2022-09-01T12:30:00-00:00,2022-09-01T12:45:00-00:00,2022-09-01,06,TA3_7_CGTGGNODE,TA3_7_CGTGGNODE,TA3_7_CGTGGNODE,RTPD,MCE,LMP_ENE_PRC,TA3_7_CGTGGNODE,ALL,1,113.57403,3,3
2022-09-01T13:30:00-00:00,2022-09-01T13:45:00-00:00,2022-09-01,07,TA3_7_CGTGGNODE,TA3_7_CGTGGNODE,TA3_7_CGTGGNODE,RTPD,MCE,LMP_ENE_PRC,TA3_7_CGTGGNODE,ALL,1,111.52025,3,3
2022-09-01T14:30:00-00:00,2022-09-01T14:45:00-00:00,2022-09-01,08,TA3_7_CGTGGNODE,TA3_7_CGTGGNODE,TA3_7_CGTGGNODE,RTPD,MCE,LMP_ENE_PRC,TA3_7_CGTGGNODE,ALL,1,101.83428,3,3
2022-09-01T15:30:00-00:00,2022-09-01T15:45:00-00:00,2022-09-01,09,TA3_7_CGTGGNODE,TA3_7_CGTGGNODE,TA3_7_CGTGGNODE,RTPD,MCE,LMP_ENE_PRC,TA3_7_CGTGGNODE,ALL,1,86.1388,3,3
2022-09-01T16:30:00-00:00,2022-09-01T16:45:00-00:00,2022-09-01,10,TA3_7_CGTGGNODE,TA3_7_CGTGGNODE,TA3_7_CGTGGNODE,RTPD,MCE,LMP_ENE_PRC,TA3_7_CGTGGNODE,ALL,1,88.79644,3,3
2022-09-01T17:30:00-00:00,2022-09-01T17:45:00-00:00,2022-09-01,11,TA3_7_CGTGGNODE,TA3_7_CGTGGNODE,TA3_7_CGTGGNODE,RTPD,MCE,LMP_ENE_PRC,TA3_7_CGTGGNODE,ALL,1,99.13013,3,3
2022-09-01T18:30:00-00:00,2022-09-01T18:45:00-00:00,2022-09-01,12,TA3_7_CGTGGNODE,TA3_7_CGTGGNODE,TA3_7_CGTGGNODE,RTPD,MCE,LMP_ENE_PRC,TA3_7_CGTGGNODE,ALL,1,107.05718,3,3
2022-09-01T19:30:00-00:00,2022-09-01T19:45:00-00:00,2022-09-01,13,TA3_7_CGTGGNODE,TA3_7_CGTGGNODE,TA3_7_CGTGGNODE,RTPD,MCE,LMP_ENE_PRC,TA3_7_CGTGGNODE,ALL,1,114.05905,3,3
2022-09-01T20:30:00-00:00,2022-09-01T20:45:00-00:00,2022-09-01,14,TA3_7_CGTGGNODE,TA3_7_CGTGGNODE,TA3_7_CGTGGNODE,RTPD,MCE,LMP_ENE_PRC,TA3_7_CGTGGNODE,ALL,1,129.81606,3,3
2022-09-01T21:30:00-00:00,2022-09-01T21:45:00-00:00,2022-09-01,15,TA3_7_CGTGGNODE,TA3_7_CGTGGNODE,TA3_7_CGTGGNODE,RTPD,MCE,LMP_ENE_PRC,TA3_7_CGTGGNODE,ALL,1,152.93057,3,3
2022-09-01T22:30:00-00:00,2022-09-01T22:45:00-00:00,2022-09-01,16,TA3_7_CGTGGNODE,TA3_7_CGTGGNODE,TA3_7_CGTGGNODE,RTPD,MCE,LMP_ENE_PRC,TA3_7_CGTGGNODE,ALL,1,283.18182,3,3
2022-09-01T23:30:00-00:00,2022-09-01T23:45:00-00:00,2022-09-01,17,TA3_7_CGTGGNODE,TA3_7_CGTGGNODE,TA3_7_CGTGGNODE,RTPD,MCE,LMP_ENE_PRC,TA3_7_CGTGGNODE,ALL,1,566.48157,3,3
2022-09-02T00:30:00-00:00,2022-09-02T00:45:00-00:00,2022-09-01,18,TA3_7_CGTGGNODE,TA3_7_CGTGGNODE,TA3_7_CGTGGNODE,RTPD,MCE,LMP_ENE_PRC,TA3_7_CGTGGNODE,ALL,1,1329.1127,3,3
2022-09-02T01:30:00-00:00,2022-09-02T01:45:00-00:00,2022-09-01,19,TA3_7_CGTGGNODE,TA3_7_CGTGGNODE,TA3_7_CGTGGNODE,RTPD,MCE,LMP_ENE_PRC,TA3_7_CGTGGNODE,ALL,1,1999.9956,3,3
2022-09-02T02:30:00-00:00,2022-09-02T02:45:00-00:00,2022-09-01,20,TA3_7_CGTGGNODE,TA3_7_CGTGGNODE,TA3_7_CGTGGNODE,RTPD,MCE,LMP_ENE_PRC,TA3_7_CGTGGNODE,ALL,1,1991.671,3,3
2022-09-02T03:30:00-00:00,2022-09-02T03:45:00-00:00,2022-09-01,21,TA3_7_CGTGGNODE,TA3_7_CGTGGNODE,TA3_7_CGTGGNODE,RTPD,MCE,LMP_ENE_PRC,TA3_7_CGTGGNODE,ALL,1,186.61823,3,3
2022-09-02T04:30:00-00:00,2022-09-02T04:45:00-00:00,2022-09-01,22,TA3_7_CGTGGNODE,TA3_7_CGTGGNODE,TA3_7_CGTGGNODE,RTPD,MCE,LMP_ENE_PRC,TA3_7_CGTGGNODE,ALL,1,180.67824,3,3
2022-09-02T05:30:00-00:00,2022-09-02T05:45:00-00:00,2022-09-01,23,TA3_7_CGTGGNODE,TA3_7_CGTGGNODE,TA3_7_CGTGGNODE,RTPD,MCE,LMP_ENE_PRC,TA3_7_CGTGGNODE,ALL,1,131.69917,3,3
2022-09-02T06:30:00-00:00,2022-09-02T06:45:00-00:00,2022-09-01,24,TA3_7_CGTGGNODE,TA3_7_CGTGGNODE,TA3_7_CGTGGNODE,RTPD,MCE,LMP_ENE_PRC,TA3_7_CGTGGNODE,ALL,1,128.9871,3,3
2022-09-01T07:45:00-00:00,2022-09-01T08:00:00-00:00,2022-09-01,01,TA3_7_CGTGGNODE,TA3_7_CGTGGNODE,TA3_7_CGTGGNODE,RTPD,MCE,LMP_ENE_PRC,TA3_7_CGTGGNODE,ALL,1,109.12099,4,3
2022-09-01T08:45:00-00:00,2022-09-01T09:00:00-00:00,2022-09-01,02,TA3_7_CGTGGNODE,TA3_7_CGTGGNODE,TA3_7_CGTGGNODE,RTPD,MCE,LMP_ENE_PRC,TA3_7_CGTGGNODE,ALL,1,98.7357,4,3
2022-09-01T09:45:00-00:00,2022-09-01T10:00:00-00:00,2022-09-01,03,TA3_7_CGTGGNODE,TA3_7_CGTGGNODE,TA3_7_CGTGGNODE,RTPD,MCE,LMP_ENE_PRC,TA3_7_CGTGGNODE,ALL,1,97.50475,4,3
2022-09-01T10:45:00-00:00,2022-09-01T11:00:00-00:00,2022-09-01,04,TA3_7_CGTGGNODE,TA3_7_CGTGGNODE,TA3_7_CGTGGNODE,RTPD,MCE,LMP_ENE_PRC,TA3_7_CGTGGNODE,ALL,1,94.71966,4,3
2022-09-01T11:45:00-00:00,2022-09-01T12:00:00-00:00,2022-09-01,05,TA3_7_CGTGGNODE,TA3_7_CGTGGNODE,TA3_7_CGTGGNODE,RTPD,MCE,LMP_ENE_PRC,TA3_7_CGTGGNODE,ALL,1,107.01,4,3
2022-09-01T12:45:00-00:00,2022-09-01T13:00:00-00:00,2022-09-01,06,TA3_7_CGTGGNODE,TA3_7_CGTGGNODE,TA3_7_CGTGGNODE,RTPD,MCE,LMP_ENE_PRC,TA3_7_CGTGGNODE,ALL,1,116.4848,4,3
2022-09-01T13:45:00-00:00,2022-09-01T14:00:00-00:00,2022-09-01,07,TA3_7_CGTGGNODE,TA3_7_CGTGGNODE,TA3_7_CGTGGNODE,RTPD,MCE,LMP_ENE_PRC,TA3_7_CGTGGNODE,ALL,1,111.41,4,3
2022-09-01T14:45:00-00:00,2022-09-01T15:00:00-00:00,2022-09-01,08,TA3_7_CGTGGNODE,TA3_7_CGTGGNODE,TA3_7_CGTGGNODE,RTPD,MCE,LMP_ENE_PRC,TA3_7_CGTGGNODE,ALL,1,86.1388,4,3
2022-09-01T15:45:00-00:00,2022-09-01T16:00:00-00:00,2022-09-01,09,TA3_7_CGTGGNODE,TA3_7_CGTGGNODE,TA3_7_CGTGGNODE,RTPD,MCE,LMP_ENE_PRC,TA3_7_CGTGGNODE,ALL,1,78.70076,4,3
2022-09-01T16:45:00-00:00,2022-09-01T17:00:00-00:00,2022-09-01,10,TA3_7_CGTGGNODE,TA3_7_CGTGGNODE,TA3_7_CGTGGNODE,RTPD,MCE,LMP_ENE_PRC,TA3_7_CGTGGNODE,ALL,1,91.24933,4,3
2022-09-01T17:45:00-00:00,2022-09-01T18:00:00-00:00,2022-09-01,11,TA3_7_CGTGGNODE,TA3_7_CGTGGNODE,TA3_7_CGTGGNODE,RTPD,MCE,LMP_ENE_PRC,TA3_7_CGTGGNODE,ALL,1,99.20544,4,3
2022-09-01T18:45:00-00:00,2022-09-01T19:00:00-00:00,2022-09-01,12,TA3_7_CGTGGNODE,TA3_7_CGTGGNODE,TA3_7_CGTGGNODE,RTPD,MCE,LMP_ENE_PRC,TA3_7_CGTGGNODE,ALL,1,109.04064,4,3
2022-09-01T19:45:00-00:00,2022-09-01T20:00:00-00:00,2022-09-01,13,TA3_7_CGTGGNODE,TA3_7_CGTGGNODE,TA3_7_CGTGGNODE,RTPD,MCE,LMP_ENE_PRC,TA3_7_CGTGGNODE,ALL,1,120.22491,4,3
2022-09-01T20:45:00-00:00,2022-09-01T21:00:00-00:00,2022-09-01,14,TA3_7_CGTGGNODE,TA3_7_CGTGGNODE,TA3_7_CGTGGNODE,RTPD,MCE,LMP_ENE_PRC,TA3_7_CGTGGNODE,ALL,1,154.02509,4,3
2022-09-01T21:45:00-00:00,2022-09-01T22:00:00-00:00,2022-09-01,15,TA3_7_CGTGGNODE,TA3_7_CGTGGNODE,TA3_7_CGTGGNODE,RTPD,MCE,LMP_ENE_PRC,TA3_7_CGTGGNODE,ALL,1,300.29376,4,3
2022-09-01T22:45:00-00:00,2022-09-01T23:00:00-00:00,2022-09-01,16,TA3_7_CGTGGNODE,TA3_7_CGTGGNODE,TA3_7_CGTGGNODE,RTPD,MCE,LMP_ENE_PRC,TA3_7_CGTGGNODE,ALL,1,429.9137,4,3
2022-09-01T23:45:00-00:00,2022-09-02T00:00:00-00:00,2022-09-01,17,TA3_7_CGTGGNODE,TA3_7_CGTGGNODE,TA3_7_CGTGGNODE,RTPD,MCE,LMP_ENE_PRC,TA3_7_CGTGGNODE,ALL,1,1261.2124,4,3
2022-09-02T00:45:00-00:00,2022-09-02T01:00:00-00:00,2022-09-01,18,TA3_7_CGTGGNODE,TA3_7_CGTGGNODE,TA3_7_CGTGGNODE,RTPD,MCE,LMP_ENE_PRC,TA3_7_CGTGGNODE,ALL,1,1519.149,4,3
2022-09-02T01:45:00-00:00,2022-09-02T02:00:00-00:00,2022-09-01,19,TA3_7_CGTGGNODE,TA3_7_CGTGGNODE,TA3_7_CGTGGNODE,RTPD,MCE,LMP_ENE_PRC,TA3_7_CGTGGNODE,ALL,1,1991.9337,4,3
2022-09-02T02:45:00-00:00,2022-09-02T03:00:00-00:00,2022-09-01,20,TA3_7_CGTGGNODE,TA3_7_CGTGGNODE,TA3_7_CGTGGNODE,RTPD,MCE,LMP_ENE_PRC,TA3_7_CGTGGNODE,ALL,1,1629.6213,4,3
2022-09-02T03:45:00-00:00,2022-09-02T04:00:00-00:00,2022-09-01,21,TA3_7_CGTGGNODE,TA3_7_CGTGGNODE,TA3_7_CGTGGNODE,RTPD,MCE,LMP_ENE_PRC,TA3_7_CGTGGNODE,ALL,1,141.13702,4,3
2022-09-02T04:45:00-00:00,2022-09-02T05:00:00-00:00,2022-09-01,22,TA3_7_CGTGGNODE,TA3_7_CGTGGNODE,TA3_7_CGTGGNODE,RTPD,MCE,LMP_ENE_PRC,TA3_7_CGTGGNODE,ALL,1,126.76372,4,3
2022-09-02T05:45:00-00:00,2022-09-02T06:00:00-00:00,2022-09-01,23,TA3_7_CGTGGNODE,TA3_7_CGTGGNODE,TA3_7_CGTGGNODE,RTPD,MCE,LMP_ENE_PRC,TA3_7_CGTGGNODE,ALL,1,119.00958,4,3
2022-09-02T06:45:00-00:00,2022-09-02T07:00:00-00:00,2022-09-01,24,TA3_7_CGTGGNODE,TA3_7_CGTGGNODE,TA3_7_CGTGGNODE,RTPD,MCE,LMP_ENE_PRC,TA3_7_CGTGGNODE,ALL,1,109.20324,4,3
2022-09-01T07:00:00-00:00,2022-09-01T07:15:00-00:00,2022-09-01,01,TA3_7_CGTGGNODE,TA3_7_CGTGGNODE,TA3_7_CGTGGNODE,RTPD,MCL,LMP_LOSS_PRC,TA3_7_CGTGGNODE,ALL,1,-1.067,1,4
2022-09-01T08:00:00-00:00,2022-09-01T08:15:00-00:00,2022-09-01,02,TA3_7_CGTGGNODE,TA3_7_CGTGGNODE,TA3_7_CGTGGNODE,RTPD,MCL,LMP_LOSS_PRC,TA3_7_CGTGGNODE,ALL,1,0,1,4
2022-09-01T09:00:00-00:00,2022-09-01T09:15:00-00:00,2022-09-01,03,TA3_7_CGTGGNODE,TA3_7_CGTGGNODE,TA3_7_CGTGGNODE,RTPD,MCL,LMP_LOSS_PRC,TA3_7_CGTGGNODE,ALL,1,-2.48661,1,4
2022-09-01T10:00:00-00:00,2022-09-01T10:15:00-00:00,2022-09-01,04,TA3_7_CGTGGNODE,TA3_7_CGTGGNODE,TA3_7_CGTGGNODE,RTPD,MCL,LMP_LOSS_PRC,TA3_7_CGTGGNODE,ALL,1,-2.01669,1,4
2022-09-01T11:00:00-00:00,2022-09-01T11:15:00-00:00,2022-09-01,05,TA3_7_CGTGGNODE,TA3_7_CGTGGNODE,TA3_7_CGTGGNODE,RTPD,MCL,LMP_LOSS_PRC,TA3_7_CGTGGNODE,ALL,1,-2.27879,1,4
2022-09-01T12:00:00-00:00,2022-09-01T12:15:00-00:00,2022-09-01,06,TA3_7_CGTGGNODE,TA3_7_CGTGGNODE,TA3_7_CGTGGNODE,RTPD,MCL,LMP_LOSS_PRC,TA3_7_CGTGGNODE,ALL,1,-1.9467,1,4
2022-09-01T13:00:00-00:00,2022-09-01T13:15:00-00:00,2022-09-01,07,TA3_7_CGTGGNODE,TA3_7_CGTGGNODE,TA3_7_CGTGGNODE,RTPD,MCL,LMP_LOSS_PRC,TA3_7_CGTGGNODE,ALL,1,0,1,4
2022-09-01T14:00:00-00:00,2022-09-01T14:15:00-00:00,2022-09-01,08,TA3_7_CGTGGNODE,TA3_7_CGTGGNODE,TA3_7_CGTGGNODE,RTPD,MCL,LMP_LOSS_PRC,TA3_7_CGTGGNODE,ALL,1,-4.50751,1,4
2022-09-01T15:00:00-00:00,2022-09-01T15:15:00-00:00,2022-09-01,09,TA3_7_CGTGGNODE,TA3_7_CGTGGNODE,TA3_7_CGTGGNODE,RTPD,MCL,LMP_LOSS_PRC,TA3_7_CGTGGNODE,ALL,1,0,1,4
2022-09-01T16:00:00-00:00,2022-09-01T16:15:00-00:00,2022-09-01,10,TA3_7_CGTGGNODE,TA3_7_CGTGGNODE,TA3_7_CGTGGNODE,RTPD,MCL,LMP_LOSS_PRC,TA3_7_CGTGGNODE,ALL,1,0,1,4
2022-09-01T17:00:00-00:00,2022-09-01T17:15:00-00:00,2022-09-01,11,TA3_7_CGTGGNODE,TA3_7_CGTGGNODE,TA3_7_CGTGGNODE,RTPD,MCL,LMP_LOSS_PRC,TA3_7_CGTGGNODE,ALL,1,0,1,4
2022-09-01T18:00:00-00:00,2022-09-01T18:15:00-00:00,2022-09-01,12,TA3_7_CGTGGNODE,TA3_7_CGTGGNODE,TA3_7_CGTGGNODE,RTPD,MCL,LMP_LOSS_PRC,TA3_7_CGTGGNODE,ALL,1,0,1,4
2022-09-01T19:00:00-00:00,2022-09-01T19:15:00-00:00,2022-09-01,13,TA3_7_CGTGGNODE,TA3_7_CGTGGNODE,TA3_7_CGTGGNODE,RTPD,MCL,LMP_LOSS_PRC,TA3_7_CGTGGNODE,ALL,1,0,1,4
2022-09-01T20:00:00-00:00,2022-09-01T20:15:00-00:00,2022-09-01,14,TA3_7_CGTGGNODE,TA3_7_CGTGGNODE,TA3_7_CGTGGNODE,RTPD,MCL,LMP_LOSS_PRC,TA3_7_CGTGGNODE,ALL,1,0,1,4
2022-09-01T21:00:00-00:00,2022-09-01T21:15:00-00:00,2022-09-01,15,TA3_7_CGTGGNODE,TA3_7_CGTGGNODE,TA3_7_CGTGGNODE,RTPD,MCL,LMP_LOSS_PRC,TA3_7_CGTGGNODE,ALL,1,0,1,4
2022-09-01T22:00:00-00:00,2022-09-01T22:15:00-00:00,2022-09-01,16,TA3_7_CGTGGNODE,TA3_7_CGTGGNODE,TA3_7_CGTGGNODE,RTPD,MCL,LMP_LOSS_PRC,TA3_7_CGTGGNODE,ALL,1,0,1,4
2022-09-01T23:00:00-00:00,2022-09-01T23:15:00-00:00,2022-09-01,17,TA3_7_CGTGGNODE,TA3_7_CGTGGNODE,TA3_7_CGTGGNODE,RTPD,MCL,LMP_LOSS_PRC,TA3_7_CGTGGNODE,ALL,1,0,1,4
2022-09-02T00:00:00-00:00,2022-09-02T00:15:00-00:00,2022-09-01,18,TA3_7_CGTGGNODE,TA3_7_CGTGGNODE,TA3_7_CGTGGNODE,RTPD,MCL,LMP_LOSS_PRC,TA3_7_CGTGGNODE,ALL,1,-74.45961,1,4
2022-09-02T01:00:00-00:00,2022-09-02T01:15:00-00:00,2022-09-01,19,TA3_7_CGTGGNODE,TA3_7_CGTGGNODE,TA3_7_CGTGGNODE,RTPD,MCL,LMP_LOSS_PRC,TA3_7_CGTGGNODE,ALL,1,0,1,4
2022-09-02T02:00:00-00:00,2022-09-02T02:15:00-00:00,2022-09-01,20,TA3_7_CGTGGNODE,TA3_7_CGTGGNODE,TA3_7_CGTGGNODE,RTPD,MCL,LMP_LOSS_PRC,TA3_7_CGTGGNODE,ALL,1,0,1,4
2022-09-02T03:00:00-00:00,2022-09-02T03:15:00-00:00,2022-09-01,21,TA3_7_CGTGGNODE,TA3_7_CGTGGNODE,TA3_7_CGTGGNODE,RTPD,MCL,LMP_LOSS_PRC,TA3_7_CGTGGNODE,ALL,1,-77.61492,1,4
2022-09-02T04:00:00-00:00,2022-09-02T04:15:00-00:00,2022-09-01,22,TA3_7_CGTGGNODE,TA3_7_CGTGGNODE,TA3_7_CGTGGNODE,RTPD,MCL,LMP_LOSS_PRC,TA3_7_CGTGGNODE,ALL,1,-17.50165,1,4
2022-09-02T05:00:00-00:00,2022-09-02T05:15:00-00:00,2022-09-01,23,TA3_7_CGTGGNODE,TA3_7_CGTGGNODE,TA3_7_CGTGGNODE,RTPD,MCL,LMP_LOSS_PRC,TA3_7_CGTGGNODE,ALL,1,-16.46913,1,4
2022-09-02T06:00:00-00:00,2022-09-02T06:15:00-00:00,2022-09-01,24,TA3_7_CGTGGNODE,TA3_7_CGTGGNODE,TA3_7_CGTGGNODE,RTPD,MCL,LMP_LOSS_PRC,TA3_7_CGTGGNODE,ALL,1,-14.51741,1,4
2022-09-01T07:15:00-00:00,2022-09-01T07:30:00-00:00,2022-09-01,01,TA3_7_CGTGGNODE,TA3_7_CGTGGNODE,TA3_7_CGTGGNODE,RTPD,MCL,LMP_LOSS_PRC,TA3_7_CGTGGNODE,ALL,1,0,2,4
2022-09-01T08:15:00-00:00,2022-09-01T08:30:00-00:00,2022-09-01,02,TA3_7_CGTGGNODE,TA3_7_CGTGGNODE,TA3_7_CGTGGNODE,RTPD,MCL,LMP_LOSS_PRC,TA3_7_CGTGGNODE,ALL,1,0,2,4
2022-09-01T09:15:00-00:00,2022-09-01T09:30:00-00:00,2022-09-01,03,TA3_7_CGTGGNODE,TA3_7_CGTGGNODE,TA3_7_CGTGGNODE,RTPD,MCL,LMP_LOSS_PRC,TA3_7_CGTGGNODE,ALL,1,-2.34234,2,4
2022-09-01T10:15:00-00:00,2022-09-01T10:30:00-00:00,2022-09-01,04,TA3_7_CGTGGNODE,TA3_7_CGTGGNODE,TA3_7_CGTGGNODE,RTPD,MCL,LMP_LOSS_PRC,TA3_7_CGTGGNODE,ALL,1,-1.93453,2,4
2022-09-01T11:15:00-00:00,2022-09-01T11:30:00-00:00,2022-09-01,05,TA3_7_CGTGGNODE,TA3_7_CGTGGNODE,TA3_7_CGTGGNODE,RTPD,MCL,LMP_LOSS_PRC,TA3_7_CGTGGNODE,ALL,1,-2.14747,2,4
2022-09-01T12:15:00-00:00,2022-09-01T12:30:00-00:00,2022-09-01,06,TA3_7_CGTGGNODE,TA3_7_CGTGGNODE,TA3_7_CGTGGNODE,RTPD,MCL,LMP_LOSS_PRC,TA3_7_CGTGGNODE,ALL,1,-2.56175,2,4
2022-09-01T13:15:00-00:00,2022-09-01T13:30:00-00:00,2022-09-01,07,TA3_7_CGTGGNODE,TA3_7_CGTGGNODE,TA3_7_CGTGGNODE,RTPD,MCL,LMP_LOSS_PRC,TA3_7_CGTGGNODE,ALL,1,-1.39164,2,4
2022-09-01T14:15:00-00:00,2022-09-01T14:30:00-00:00,2022-09-01,08,TA3_7_CGTGGNODE,TA3_7_CGTGGNODE,TA3_7_CGTGGNODE,RTPD,MCL,LMP_LOSS_PRC,TA3_7_CGTGGNODE,ALL,1,-4.42828,2,4
2022-09-01T15:15:00-00:00,2022-09-01T15:30:00-00:00,2022-09-01,09,TA3_7_CGTGGNODE,TA3_7_CGTGGNODE,TA3_7_CGTGGNODE,RTPD,MCL,LMP_LOSS_PRC,TA3_7_CGTGGNODE,ALL,1,0,2,4
2022-09-01T16:15:00-00:00,2022-09-01T16:30:00-00:00,2022-09-01,10,TA3_7_CGTGGNODE,TA3_7_CGTGGNODE,TA3_7_CGTGGNODE,RTPD,MCL,LMP_LOSS_PRC,TA3_7_CGTGGNODE,ALL,1,0,2,4
2022-09-01T17:15:00-00:00,2022-09-01T17:30:00-00:00,2022-09-01,11,TA3_7_CGTGGNODE,TA3_7_CGTGGNODE,TA3_7_CGTGGNODE,RTPD,MCL,LMP_LOSS_PRC,TA3_7_CGTGGNODE,ALL,1,0,2,4
2022-09-01T18:15:00-00:00,2022-09-01T18:30:00-00:00,2022-09-01,12,TA3_7_CGTGGNODE,TA3_7_CGTGGNODE,TA3_7_CGTGGNODE,RTPD,MCL,LMP_LOSS_PRC,TA3_7_CGTGGNODE,ALL,1,0,2,4
2022-09-01T19:15:00-00:00,2022-09-01T19:30:00-00:00,2022-09-01,13,TA3_7_CGTGGNODE,TA3_7_CGTGGNODE,TA3_7_CGTGGNODE,RTPD,MCL,LMP_LOSS_PRC,TA3_7_CGTGGNODE,ALL,1,0,2,4
2022-09-01T20:15:00-00:00,2022-09-01T20:30:00-00:00,2022-09-01,14,TA3_7_CGTGGNODE,TA3_7_CGTGGNODE,TA3_7_CGTGGNODE,RTPD,MCL,LMP_LOSS_PRC,TA3_7_CGTGGNODE,ALL,1,0,2,4
2022-09-01T21:15:00-00:00,2022-09-01T21:30:00-00:00,2022-09-01,15,TA3_7_CGTGGNODE,TA3_7_CGTGGNODE,TA3_7_CGTGGNODE,RTPD,MCL,LMP_LOSS_PRC,TA3_7_CGTGGNODE,ALL,1,0,2,4
2022-09-01T22:15:00-00:00,2022-09-01T22:30:00-00:00,2022-09-01,16,TA3_7_CGTGGNODE,TA3_7_CGTGGNODE,TA3_7_CGTGGNODE,RTPD,MCL,LMP_LOSS_PRC,TA3_7_CGTGGNODE,ALL,1,0,2,4
2022-09-01T23:15:00-00:00,2022-09-01T23:30:00-00:00,2022-09-01,17,TA3_7_CGTGGNODE,TA3_7_CGTGGNODE,TA3_7_CGTGGNODE,RTPD,MCL,LMP_LOSS_PRC,TA3_7_CGTGGNODE,ALL,1,0,2,4
2022-09-02T00:15:00-00:00,2022-09-02T00:30:00-00:00,2022-09-01,18,TA3_7_CGTGGNODE,TA3_7_CGTGGNODE,TA3_7_CGTGGNODE,RTPD,MCL,LMP_LOSS_PRC,TA3_7_CGTGGNODE,ALL,1,-65.16471,2,4
2022-09-02T01:15:00-00:00,2022-09-02T01:30:00-00:00,2022-09-01,19,TA3_7_CGTGGNODE,TA3_7_CGTGGNODE,TA3_7_CGTGGNODE,RTPD,MCL,LMP_LOSS_PRC,TA3_7_CGTGGNODE,ALL,1,0,2,4
2022-09-02T02:15:00-00:00,2022-09-02T02:30:00-00:00,2022-09-01,20,TA3_7_CGTGGNODE,TA3_7_CGTGGNODE,TA3_7_CGTGGNODE,RTPD,MCL,LMP_LOSS_PRC,TA3_7_CGTGGNODE,ALL,1,0,2,4
2022-09-02T03:15:00-00:00,2022-09-02T03:30:00-00:00,2022-09-01,21,TA3_7_CGTGGNODE,TA3_7_CGTGGNODE,TA3_7_CGTGGNODE,RTPD,MCL,LMP_LOSS_PRC,TA3_7_CGTGGNODE,ALL,1,-33.09619,2,4
2022-09-02T04:15:00-00:00,2022-09-02T04:30:00-00:00,2022-09-01,22,TA3_7_CGTGGNODE,TA3_7_CGTGGNODE,TA3_7_CGTGGNODE,RTPD,MCL,LMP_LOSS_PRC,TA3_7_CGTGGNODE,ALL,1,-16.16683,2,4
2022-09-02T05:15:00-00:00,2022-09-02T05:30:00-00:00,2022-09-01,23,TA3_7_CGTGGNODE,TA3_7_CGTGGNODE,TA3_7_CGTGGNODE,RTPD,MCL,LMP_LOSS_PRC,TA3_7_CGTGGNODE,ALL,1,-12.05395,2,4
2022-09-02T06:15:00-00:00,2022-09-02T06:30:00-00:00,2022-09-01,24,TA3_7_CGTGGNODE,TA3_7_CGTGGNODE,TA3_7_CGTGGNODE,RTPD,MCL,LMP_LOSS_PRC,TA3_7_CGTGGNODE,ALL,1,-11.05893,2,4
2022-09-01T07:30:00-00:00,2022-09-01T07:45:00-00:00,2022-09-01,01,TA3_7_CGTGGNODE,TA3_7_CGTGGNODE,TA3_7_CGTGGNODE,RTPD,MCL,LMP_LOSS_PRC,TA3_7_CGTGGNODE,ALL,1,0,3,4
2022-09-01T08:30:00-00:00,2022-09-01T08:45:00-00:00,2022-09-01,02,TA3_7_CGTGGNODE,TA3_7_CGTGGNODE,TA3_7_CGTGGNODE,RTPD,MCL,LMP_LOSS_PRC,TA3_7_CGTGGNODE,ALL,1,-3.16893,3,4
2022-09-01T09:30:00-00:00,2022-09-01T09:45:00-00:00,2022-09-01,03,TA3_7_CGTGGNODE,TA3_7_CGTGGNODE,TA3_7_CGTGGNODE,RTPD,MCL,LMP_LOSS_PRC,TA3_7_CGTGGNODE,ALL,1,-2.07017,3,4
2022-09-01T10:30:00-00:00,2022-09-01T10:45:00-00:00,2022-09-01,04,TA3_7_CGTGGNODE,TA3_7_CGTGGNODE,TA3_7_CGTGGNODE,RTPD,MCL,LMP_LOSS_PRC,TA3_7_CGTGGNODE,ALL,1,-1.90303,3,4
2022-09-01T11:30:00-00:00,2022-09-01T11:45:00-00:00,2022-09-01,05,TA3_7_CGTGGNODE,TA3_7_CGTGGNODE,TA3_7_CGTGGNODE,RTPD,MCL,LMP_LOSS_PRC,TA3_7_CGTGGNODE,ALL,1,-2.41671,3,4
2022-09-01T12:30:00-00:00,2022-09-01T12:45:00-00:00,2022-09-01,06,TA3_7_CGTGGNODE,TA3_7_CGTGGNODE,TA3_7_CGTGGNODE,RTPD,MCL,LMP_LOSS_PRC,TA3_7_CGTGGNODE,ALL,1,-2.07441,3,4
2022-09-01T13:30:00-00:00,2022-09-01T13:45:00-00:00,2022-09-01,07,TA3_7_CGTGGNODE,TA3_7_CGTGGNODE,TA3_7_CGTGGNODE,RTPD,MCL,LMP_LOSS_PRC,TA3_7_CGTGGNODE,ALL,1,-1.91348,3,4
2022-09-01T14:30:00-00:00,2022-09-01T14:45:00-00:00,2022-09-01,08,TA3_7_CGTGGNODE,TA3_7_CGTGGNODE,TA3_7_CGTGGNODE,RTPD,MCL,LMP_LOSS_PRC,TA3_7_CGTGGNODE,ALL,1,-5.21412,3,4
2022-09-01T15:30:00-00:00,2022-09-01T15:45:00-00:00,2022-09-01,09,TA3_7_CGTGGNODE,TA3_7_CGTGGNODE,TA3_7_CGTGGNODE,RTPD,MCL,LMP_LOSS_PRC,TA3_7_CGTGGNODE,ALL,1,0,3,4
2022-09-01T16:30:00-00:00,2022-09-01T16:45:00-00:00,2022-09-01,10,TA3_7_CGTGGNODE,TA3_7_CGTGGNODE,TA3_7_CGTGGNODE,RTPD,MCL,LMP_LOSS_PRC,TA3_7_CGTGGNODE,ALL,1,0,3,4
2022-09-01T17:30:00-00:00,2022-09-01T17:45:00-00:00,2022-09-01,11,TA3_7_CGTGGNODE,TA3_7_CGTGGNODE,TA3_7_CGTGGNODE,RTPD,MCL,LMP_LOSS_PRC,TA3_7_CGTGGNODE,ALL,1,0,3,4
2022-09-01T18:30:00-00:00,2022-09-01T18:45:00-00:00,2022-09-01,12,TA3_7_CGTGGNODE,TA3_7_CGTGGNODE,TA3_7_CGTGGNODE,RTPD,MCL,LMP_LOSS_PRC,TA3_7_CGTGGNODE,ALL,1,0,3,4
2022-09-01T19:30:00-00:00,2022-09-01T19:45:00-00:00,2022-09-01,13,TA3_7_CGTGGNODE,TA3_7_CGTGGNODE,TA3_7_CGTGGNODE,RTPD,MCL,LMP_LOSS_PRC,TA3_7_CGTGGNODE,ALL,1,0,3,4
2022-09-01T20:30:00-00:00,2022-09-01T20:45:00-00:00,2022-09-01,14,TA3_7_CGTGGNODE,TA3_7_CGTGGNODE,TA3_7_CGTGGNODE,RTPD,MCL,LMP_LOSS_PRC,TA3_7_CGTGGNODE,ALL,1,0,3,4
2022-09-01T21:30:00-00:00,2022-09-01T21:45:00-00:00,2022-09-01,15,TA3_7_CGTGGNODE,TA3_7_CGTGGNODE,TA3_7_CGTGGNODE,RTPD,MCL,LMP_LOSS_PRC,TA3_7_CGTGGNODE,ALL,1,0,3,4
2022-09-01T22:30:00-00:00,2022-09-01T22:45:00-00:00,2022-09-01,16,TA3_7_CGTGGNODE,TA3_7_CGTGGNODE,TA3_7_CGTGGNODE,RTPD,MCL,LMP_LOSS_PRC,TA3_7_CGTGGNODE,ALL,1,0,3,4
2022-09-01T23:30:00-00:00,2022-09-01T23:45:00-00:00,2022-09-01,17,TA3_7_CGTGGNODE,TA3_7_CGTGGNODE,TA3_7_CGTGGNODE,RTPD,MCL,LMP_LOSS_PRC,TA3_7_CGTGGNODE,ALL,1,0,3,4
2022-09-02T00:30:00-00:00,2022-09-02T00:45:00-00:00,2022-09-01,18,TA3_7_CGTGGNODE,TA3_7_CGTGGNODE,TA3_7_CGTGGNODE,RTPD,MCL,LMP_LOSS_PRC,TA3_7_CGTGGNODE,ALL,1,0,3,4
2022-09-02T01:30:00-00:00,2022-09-02T01:45:00-00:00,2022-09-01,19,TA3_7_CGTGGNODE,TA3_7_CGTGGNODE,TA3_7_CGTGGNODE,RTPD,MCL,LMP_LOSS_PRC,TA3_7_CGTGGNODE,ALL,1,0,3,4
2022-09-02T02:30:00-00:00,2022-09-02T02:45:00-00:00,2022-09-01,20,TA3_7_CGTGGNODE,TA3_7_CGTGGNODE,TA3_7_CGTGGNODE,RTPD,MCL,LMP_LOSS_PRC,TA3_7_CGTGGNODE,ALL,1,0,3,4
2022-09-02T03:30:00-00:00,2022-09-02T03:45:00-00:00,2022-09-01,21,TA3_7_CGTGGNODE,TA3_7_CGTGGNODE,TA3_7_CGTGGNODE,RTPD,MCL,LMP_LOSS_PRC,TA3_7_CGTGGNODE,ALL,1,-15.20658,3,4
2022-09-02T04:30:00-00:00,2022-09-02T04:45:00-00:00,2022-09-01,22,TA3_7_CGTGGNODE,TA3_7_CGTGGNODE,TA3_7_CGTGGNODE,RTPD,MCL,LMP_LOSS_PRC,TA3_7_CGTGGNODE,ALL,1,-11.85173,3,4
2022-09-02T05:30:00-00:00,2022-09-02T05:45:00-00:00,2022-09-01,23,TA3_7_CGTGGNODE,TA3_7_CGTGGNODE,TA3_7_CGTGGNODE,RTPD,MCL,LMP_LOSS_PRC,TA3_7_CGTGGNODE,ALL,1,-9.58655,3,4
2022-09-02T06:30:00-00:00,2022-09-02T06:45:00-00:00,2022-09-01,24,TA3_7_CGTGGNODE,TA3_7_CGTGGNODE,TA3_7_CGTGGNODE,RTPD,MCL,LMP_LOSS_PRC,TA3_7_CGTGGNODE,ALL,1,-9.27268,3,4
2022-09-01T07:45:00-00:00,2022-09-01T08:00:00-00:00,2022-09-01,01,TA3_7_CGTGGNODE,TA3_7_CGTGGNODE,TA3_7_CGTGGNODE,RTPD,MCL,LMP_LOSS_PRC,TA3_7_CGTGGNODE,ALL,1,0,4,4
2022-09-01T08:45:00-00:00,2022-09-01T09:00:00-00:00,2022-09-01,02,TA3_7_CGTGGNODE,TA3_7_CGTGGNODE,TA3_7_CGTGGNODE,RTPD,MCL,LMP_LOSS_PRC,TA3_7_CGTGGNODE,ALL,1,-2.33362,4,4
2022-09-01T09:45:00-00:00,2022-09-01T10:00:00-00:00,2022-09-01,03,TA3_7_CGTGGNODE,TA3_7_CGTGGNODE,TA3_7_CGTGGNODE,RTPD,MCL,LMP_LOSS_PRC,TA3_7_CGTGGNODE,ALL,1,-1.91049,4,4
2022-09-01T10:45:00-00:00,2022-09-01T11:00:00-00:00,2022-09-01,04,TA3_7_CGTGGNODE,TA3_7_CGTGGNODE,TA3_7_CGTGGNODE,RTPD,MCL,LMP_LOSS_PRC,TA3_7_CGTGGNODE,ALL,1,-1.55846,4,4
2022-09-01T11:45:00-00:00,2022-09-01T12:00:00-00:00,2022-09-01,05,TA3_7_CGTGGNODE,TA3_7_CGTGGNODE,TA3_7_CGTGGNODE,RTPD,MCL,LMP_LOSS_PRC,TA3_7_CGTGGNODE,ALL,1,0,4,4
2022-09-01T12:45:00-00:00,2022-09-01T13:00:00-00:00,2022-09-01,06,TA3_7_CGTGGNODE,TA3_7_CGTGGNODE,TA3_7_CGTGGNODE,RTPD,MCL,LMP_LOSS_PRC,TA3_7_CGTGGNODE,ALL,1,0,4,4
2022-09-01T13:45:00-00:00,2022-09-01T14:00:00-00:00,2022-09-01,07,TA3_7_CGTGGNODE,TA3_7_CGTGGNODE,TA3_7_CGTGGNODE,RTPD,MCL,LMP_LOSS_PRC,TA3_7_CGTGGNODE,ALL,1,0,4,4
2022-09-01T14:45:00-00:00,2022-09-01T15:00:00-00:00,2022-09-01,08,TA3_7_CGTGGNODE,TA3_7_CGTGGNODE,TA3_7_CGTGGNODE,RTPD,MCL,LMP_LOSS_PRC,TA3_7_CGTGGNODE,ALL,1,0,4,4
2022-09-01T15:45:00-00:00,2022-09-01T16:00:00-00:00,2022-09-01,09,TA3_7_CGTGGNODE,TA3_7_CGTGGNODE,TA3_7_CGTGGNODE,RTPD,MCL,LMP_LOSS_PRC,TA3_7_CGTGGNODE,ALL,1,0,4,4
2022-09-01T16:45:00-00:00,2022-09-01T17:00:00-00:00,2022-09-01,10,TA3_7_CGTGGNODE,TA3_7_CGTGGNODE,TA3_7_CGTGGNODE,RTPD,MCL,LMP_LOSS_PRC,TA3_7_CGTGGNODE,ALL,1,0,4,4
2022-09-01T17:45:00-00:00,2022-09-01T18:00:00-00:00,2022-09-01,11,TA3_7_CGTGGNODE,TA3_7_CGTGGNODE,TA3_7_CGTGGNODE,RTPD,MCL,LMP_LOSS_PRC,TA3_7_CGTGGNODE,ALL,1,0,4,4
2022-09-01T18:45:00-00:00,2022-09-01T19:00:00-00:00,2022-09-01,12,TA3_7_CGTGGNODE,TA3_7_CGTGGNODE,TA3_7_CGTGGNODE,RTPD,MCL,LMP_LOSS_PRC,TA3_7_CGTGGNODE,ALL,1,0,4,4
2022-09-01T19:45:00-00:00,2022-09-01T20:00:00-00:00,2022-09-01,13,TA3_7_CGTGGNODE,TA3_7_CGTGGNODE,TA3_7_CGTGGNODE,RTPD,MCL,LMP_LOSS_PRC,TA3_7_CGTGGNODE,ALL,1,0,4,4
2022-09-01T20:45:00-00:00,2022-09-01T21:00:00-00:00,2022-09-01,14,TA3_7_CGTGGNODE,TA3_7_CGTGGNODE,TA3_7_CGTGGNODE,RTPD,MCL,LMP_LOSS_PRC,TA3_7_CGTGGNODE,ALL,1,0,4,4
2022-09-01T21:45:00-00:00,2022-09-01T22:00:00-00:00,2022-09-01,15,TA3_7_CGTGGNODE,TA3_7_CGTGGNODE,TA3_7_CGTGGNODE,RTPD,MCL,LMP_LOSS_PRC,TA3_7_CGTGGNODE,ALL,1,0,4,4
2022-09-01T22:45:00-00:00,2022-09-01T23:00:00-00:00,2022-09-01,16,TA3_7_CGTGGNODE,TA3_7_CGTGGNODE,TA3_7_CGTGGNODE,RTPD,MCL,LMP_LOSS_PRC,TA3_7_CGTGGNODE,ALL,1,0,4,4
2022-09-01T23:45:00-00:00,2022-09-02T00:00:00-00:00,2022-09-01,17,TA3_7_CGTGGNODE,TA3_7_CGTGGNODE,TA3_7_CGTGGNODE,RTPD,MCL,LMP_LOSS_PRC,TA3_7_CGTGGNODE,ALL,1,0,4,4
2022-09-02T00:45:00-00:00,2022-09-02T01:00:00-00:00,2022-09-01,18,TA3_7_CGTGGNODE,TA3_7_CGTGGNODE,TA3_7_CGTGGNODE,RTPD,MCL,LMP_LOSS_PRC,TA3_7_CGTGGNODE,ALL,1,0,4,4
2022-09-02T01:45:00-00:00,2022-09-02T02:00:00-00:00,2022-09-01,19,TA3_7_CGTGGNODE,TA3_7_CGTGGNODE,TA3_7_CGTGGNODE,RTPD,MCL,LMP_LOSS_PRC,TA3_7_CGTGGNODE,ALL,1,0,4,4
2022-09-02T02:45:00-00:00,2022-09-02T03:00:00-00:00,2022-09-01,20,TA3_7_CGTGGNODE,TA3_7_CGTGGNODE,TA3_7_CGTGGNODE,RTPD,MCL,LMP_LOSS_PRC,TA3_7_CGTGGNODE,ALL,1,-136.8776,4,4
2022-09-02T03:45:00-00:00,2022-09-02T04:00:00-00:00,2022-09-01,21,TA3_7_CGTGGNODE,TA3_7_CGTGGNODE,TA3_7_CGTGGNODE,RTPD,MCL,LMP_LOSS_PRC,TA3_7_CGTGGNODE,ALL,1,-9.86183,4,4
2022-09-02T04:45:00-00:00,2022-09-02T05:00:00-00:00,2022-09-01,22,TA3_7_CGTGGNODE,TA3_7_CGTGGNODE,TA3_7_CGTGGNODE,RTPD,MCL,LMP_LOSS_PRC,TA3_7_CGTGGNODE,ALL,1,-9.27009,4,4
2022-09-02T05:45:00-00:00,2022-09-02T06:00:00-00:00,2022-09-01,23,TA3_7_CGTGGNODE,TA3_7_CGTGGNODE,TA3_7_CGTGGNODE,RTPD,MCL,LMP_LOSS_PRC,TA3_7_CGTGGNODE,ALL,1,-7.10778,4,4
2022-09-02T06:45:00-00:00,2022-09-02T07:00:00-00:00,2022-09-01,24,TA3_7_CGTGGNODE,TA3_7_CGTGGNODE,TA3_7_CGTGGNODE,RTPD,MCL,LMP_LOSS_PRC,TA3_7_CGTGGNODE,ALL,1,-8.26148,4,4
2022-09-01T07:00:00-00:00,2022-09-01T07:15:00-00:00,2022-09-01,01,TA3_7_CGTGGNODE,TA3_7_CGTGGNODE,TA3_7_CGTGGNODE,RTPD,MGHG,LMP_GHG_PRC,TA3_7_CGTGGNODE,ALL,1,-11.45,1,5
2022-09-01T08:00:00-00:00,2022-09-01T08:15:00-00:00,2022-09-01,02,TA3_7_CGTGGNODE,TA3_7_CGTGGNODE,TA3_7_CGTGGNODE,RTPD,MGHG,LMP_GHG_PRC,TA3_7_CGTGGNODE,ALL,1,-14.13,1,5
2022-09-01T09:00:00-00:00,2022-09-01T09:15:00-00:00,2022-09-01,03,TA3_7_CGTGGNODE,TA3_7_CGTGGNODE,TA3_7_CGTGGNODE,RTPD,MGHG,LMP_GHG_PRC,TA3_7_CGTGGNODE,ALL,1,-12.17178,1,5
2022-09-01T10:00:00-00:00,2022-09-01T10:15:00-00:00,2022-09-01,04,TA3_7_CGTGGNODE,TA3_7_CGTGGNODE,TA3_7_CGTGGNODE,RTPD,MGHG,LMP_GHG_PRC,TA3_7_CGTGGNODE,ALL,1,-13.55,1,5
2022-09-01T11:00:00-00:00,2022-09-01T11:15:00-00:00,2022-09-01,05,TA3_7_CGTGGNODE,TA3_7_CGTGGNODE,TA3_7_CGTGGNODE,RTPD,MGHG,LMP_GHG_PRC,TA3_7_CGTGGNODE,ALL,1,-13.55,1,5
2022-09-01T12:00:00-00:00,2022-09-01T12:15:00-00:00,2022-09-01,06,TA3_7_CGTGGNODE,TA3_7_CGTGGNODE,TA3_7_CGTGGNODE,RTPD,MGHG,LMP_GHG_PRC,TA3_7_CGTGGNODE,ALL,1,-13.71725,1,5
2022-09-01T13:00:00-00:00,2022-09-01T13:15:00-00:00,2022-09-01,07,TA3_7_CGTGGNODE,TA3_7_CGTGGNODE,TA3_7_CGTGGNODE,RTPD,MGHG,LMP_GHG_PRC,TA3_7_CGTGGNODE,ALL,1,-15,1,5
2022-09-01T14:00:00-00:00,2022-09-01T14:15:00-00:00,2022-09-01,08,TA3_7_CGTGGNODE,TA3_7_CGTGGNODE,TA3_7_CGTGGNODE,RTPD,MGHG,LMP_GHG_PRC,TA3_7_CGTGGNODE,ALL,1,-15.61,1,5
2022-09-01T15:00:00-00:00,2022-09-01T15:15:00-00:00,2022-09-01,09,TA3_7_CGTGGNODE,TA3_7_CGTGGNODE,TA3_7_CGTGGNODE,RTPD,MGHG,LMP_GHG_PRC,TA3_7_CGTGGNODE,ALL,1,-12.7,1,5
2022-09-01T16:00:00-00:00,2022-09-01T16:15:00-00:00,2022-09-01,10,TA3_7_CGTGGNODE,TA3_7_CGTGGNODE,TA3_7_CGTGGNODE,RTPD,MGHG,LMP_GHG_PRC,TA3_7_CGTGGNODE,ALL,1,-14.1,1,5
2022-09-01T17:00:00-00:00,2022-09-01T17:15:00-00:00,2022-09-01,11,TA3_7_CGTGGNODE,TA3_7_CGTGGNODE,TA3_7_CGTGGNODE,RTPD,MGHG,LMP_GHG_PRC,TA3_7_CGTGGNODE,ALL,1,-11.63,1,5
2022-09-01T18:00:00-00:00,2022-09-01T18:15:00-00:00,2022-09-01,12,TA3_7_CGTGGNODE,TA3_7_CGTGGNODE,TA3_7_CGTGGNODE,RTPD,MGHG,LMP_GHG_PRC,TA3_7_CGTGGNODE,ALL,1,-13.98,1,5
2022-09-01T19:00:00-00:00,2022-09-01T19:15:00-00:00,2022-09-01,13,TA3_7_CGTGGNODE,TA3_7_CGTGGNODE,TA3_7_CGTGGNODE,RTPD,MGHG,LMP_GHG_PRC,TA3_7_CGTGGNODE,ALL,1,-14.15,1,5
2022-09-01T20:00:00-00:00,2022-09-01T20:15:00-00:00,2022-09-01,14,TA3_7_CGTGGNODE,TA3_7_CGTGGNODE,TA3_7_CGTGGNODE,RTPD,MGHG,LMP_GHG_PRC,TA3_7_CGTGGNODE,ALL,1,-26.16,1,5
2022-09-01T21:00:00-00:00,2022-09-01T21:15:00-00:00,2022-09-01,15,TA3_7_CGTGGNODE,TA3_7_CGTGGNODE,TA3_7_CGTGGNODE,RTPD,MGHG,LMP_GHG_PRC,TA3_7_CGTGGNODE,ALL,1,-15,1,5
2022-09-01T22:00:00-00:00,2022-09-01T22:15:00-00:00,2022-09-01,16,TA3_7_CGTGGNODE,TA3_7_CGTGGNODE,TA3_7_CGTGGNODE,RTPD,MGHG,LMP_GHG_PRC,TA3_7_CGTGGNODE,ALL,1,-17.36,1,5
2022-09-01T23:00:00-00:00,2022-09-01T23:15:00-00:00,2022-09-01,17,TA3_7_CGTGGNODE,TA3_7_CGTGGNODE,TA3_7_CGTGGNODE,RTPD,MGHG,LMP_GHG_PRC,TA3_7_CGTGGNODE,ALL,1,-26.16,1,5
2022-09-02T00:00:00-00:00,2022-09-02T00:15:00-00:00,2022-09-01,18,TA3_7_CGTGGNODE,TA3_7_CGTGGNODE,TA3_7_CGTGGNODE,RTPD,MGHG,LMP_GHG_PRC,TA3_7_CGTGGNODE,ALL,1,-28.21,1,5
2022-09-02T01:00:00-00:00,2022-09-02T01:15:00-00:00,2022-09-01,19,TA3_7_CGTGGNODE,TA3_7_CGTGGNODE,TA3_7_CGTGGNODE,RTPD,MGHG,LMP_GHG_PRC,TA3_7_CGTGGNODE,ALL,1,-24.91,1,5
2022-09-02T02:00:00-00:00,2022-09-02T02:15:00-00:00,2022-09-01,20,TA3_7_CGTGGNODE,TA3_7_CGTGGNODE,TA3_7_CGTGGNODE,RTPD,MGHG,LMP_GHG_PRC,TA3_7_CGTGGNODE,ALL,1,-15.61,1,5
2022-09-02T03:00:00-00:00,2022-09-02T03:15:00-00:00,2022-09-01,21,TA3_7_CGTGGNODE,TA3_7_CGTGGNODE,TA3_7_CGTGGNODE,RTPD,MGHG,LMP_GHG_PRC,TA3_7_CGTGGNODE,ALL,1,-11.89,1,5
2022-09-02T04:00:00-00:00,2022-09-02T04:15:00-00:00,2022-09-01,22,TA3_7_CGTGGNODE,TA3_7_CGTGGNODE,TA3_7_CGTGGNODE,RTPD,MGHG,LMP_GHG_PRC,TA3_7_CGTGGNODE,ALL,1,-14.75,1,5
2022-09-02T05:00:00-00:00,2022-09-02T05:15:00-00:00,2022-09-01,23,TA3_7_CGTGGNODE,TA3_7_CGTGGNODE,TA3_7_CGTGGNODE,RTPD,MGHG,LMP_GHG_PRC,TA3_7_CGTGGNODE,ALL,1,-9.52,1,5
2022-09-02T06:00:00-00:00,2022-09-02T06:15:00-00:00,2022-09-01,24,TA3_7_CGTGGNODE,TA3_7_CGTGGNODE,TA3_7_CGTGGNODE,RTPD,MGHG,LMP_GHG_PRC,TA3_7_CGTGGNODE,ALL,1,-11.63,1,5
2022-09-01T07:15:00-00:00,2022-09-01T07:30:00-00:00,2022-09-01,01,TA3_7_CGTGGNODE,TA3_7_CGTGGNODE,TA3_7_CGTGGNODE,RTPD,MGHG,LMP_GHG_PRC,TA3_7_CGTGGNODE,ALL,1,-13.76,2,5
2022-09-01T08:15:00-00:00,2022-09-01T08:30:00-00:00,2022-09-01,02,TA3_7_CGTGGNODE,TA3_7_CGTGGNODE,TA3_7_CGTGGNODE,RTPD,MGHG,LMP_GHG_PRC,TA3_7_CGTGGNODE,ALL,1,-14.75,2,5
2022-09-01T09:15:00-00:00,2022-09-01T09:30:00-00:00,2022-09-01,03,TA3_7_CGTGGNODE,TA3_7_CGTGGNODE,TA3_7_CGTGGNODE,RTPD,MGHG,LMP_GHG_PRC,TA3_7_CGTGGNODE,ALL,1,-12.19,2,5
2022-09-01T10:15:00-00:00,2022-09-01T10:30:00-00:00,2022-09-01,04,TA3_7_CGTGGNODE,TA3_7_CGTGGNODE,TA3_7_CGTGGNODE,RTPD,MGHG,LMP_GHG_PRC,TA3_7_CGTGGNODE,ALL,1,-13.98,2,5
2022-09-01T11:15:00-00:00,2022-09-01T11:30:00-00:00,2022-09-01,05,TA3_7_CGTGGNODE,TA3_7_CGTGGNODE,TA3_7_CGTGGNODE,RTPD,MGHG,LMP_GHG_PRC,TA3_7_CGTGGNODE,ALL,1,-13.98,2,5
2022-09-01T12:15:00-00:00,2022-09-01T12:30:00-00:00,2022-09-01,06,TA3_7_CGTGGNODE,TA3_7_CGTGGNODE,TA3_7_CGTGGNODE,RTPD,MGHG,LMP_GHG_PRC,TA3_7_CGTGGNODE,ALL,1,-14.79,2,5
2022-09-01T13:15:00-00:00,2022-09-01T13:30:00-00:00,2022-09-01,07,TA3_7_CGTGGNODE,TA3_7_CGTGGNODE,TA3_7_CGTGGNODE,RTPD,MGHG,LMP_GHG_PRC,TA3_7_CGTGGNODE,ALL,1,-15,2,5
2022-09-01T14:15:00-00:00,2022-09-01T14:30:00-00:00,2022-09-01,08,TA3_7_CGTGGNODE,TA3_7_CGTGGNODE,TA3_7_CGTGGNODE,RTPD,MGHG,LMP_GHG_PRC,TA3_7_CGTGGNODE,ALL,1,-14.22559,2,5
2022-09-01T15:15:00-00:00,2022-09-01T15:30:00-00:00,2022-09-01,09,TA3_7_CGTGGNODE,TA3_7_CGTGGNODE,TA3_7_CGTGGNODE,RTPD,MGHG,LMP_GHG_PRC,TA3_7_CGTGGNODE,ALL,1,-12.7,2,5
2022-09-01T16:15:00-00:00,2022-09-01T16:30:00-00:00,2022-09-01,10,TA3_7_CGTGGNODE,TA3_7_CGTGGNODE,TA3_7_CGTGGNODE,RTPD,MGHG,LMP_GHG_PRC,TA3_7_CGTGGNODE,ALL,1,-13.34161,2,5
2022-09-01T17:15:00-00:00,2022-09-01T17:30:00-00:00,2022-09-01,11,TA3_7_CGTGGNODE,TA3_7_CGTGGNODE,TA3_7_CGTGGNODE,RTPD,MGHG,LMP_GHG_PRC,TA3_7_CGTGGNODE,ALL,1,-11.89,2,5
2022-09-01T18:15:00-00:00,2022-09-01T18:30:00-00:00,2022-09-01,12,TA3_7_CGTGGNODE,TA3_7_CGTGGNODE,TA3_7_CGTGGNODE,RTPD,MGHG,LMP_GHG_PRC,TA3_7_CGTGGNODE,ALL,1,-14.79,2,5
2022-09-01T19:15:00-00:00,2022-09-01T19:30:00-00:00,2022-09-01,13,TA3_7_CGTGGNODE,TA3_7_CGTGGNODE,TA3_7_CGTGGNODE,RTPD,MGHG,LMP_GHG_PRC,TA3_7_CGTGGNODE,ALL,1,-14.79,2,5
2022-09-01T20:15:00-00:00,2022-09-01T20:30:00-00:00,2022-09-01,14,TA3_7_CGTGGNODE,TA3_7_CGTGGNODE,TA3_7_CGTGGNODE,RTPD,MGHG,LMP_GHG_PRC,TA3_7_CGTGGNODE,ALL,1,-18.59,2,5
2022-09-01T21:15:00-00:00,2022-09-01T21:30:00-00:00,2022-09-01,15,TA3_7_CGTGGNODE,TA3_7_CGTGGNODE,TA3_7_CGTGGNODE,RTPD,MGHG,LMP_GHG_PRC,TA3_7_CGTGGNODE,ALL,1,-15.41,2,5
2022-09-01T22:15:00-00:00,2022-09-01T22:30:00-00:00,2022-09-01,16,TA3_7_CGTGGNODE,TA3_7_CGTGGNODE,TA3_7_CGTGGNODE,RTPD,MGHG,LMP_GHG_PRC,TA3_7_CGTGGNODE,ALL,1,-19.44814,2,5
2022-09-01T23:15:00-00:00,2022-09-01T23:30:00-00:00,2022-09-01,17,TA3_7_CGTGGNODE,TA3_7_CGTGGNODE,TA3_7_CGTGGNODE,RTPD,MGHG,LMP_GHG_PRC,TA3_7_CGTGGNODE,ALL,1,-26.16,2,5
2022-09-02T00:15:00-00:00,2022-09-02T00:30:00-00:00,2022-09-01,18,TA3_7_CGTGGNODE,TA3_7_CGTGGNODE,TA3_7_CGTGGNODE,RTPD,MGHG,LMP_GHG_PRC,TA3_7_CGTGGNODE,ALL,1,-24.91,2,5
2022-09-02T01:15:00-00:00,2022-09-02T01:30:00-00:00,2022-09-01,19,TA3_7_CGTGGNODE,TA3_7_CGTGGNODE,TA3_7_CGTGGNODE,RTPD,MGHG,LMP_GHG_PRC,TA3_7_CGTGGNODE,ALL,1,-18.59,2,5
2022-09-02T02:15:00-00:00,2022-09-02T02:30:00-00:00,2022-09-01,20,TA3_7_CGTGGNODE,TA3_7_CGTGGNODE,TA3_7_CGTGGNODE,RTPD,MGHG,LMP_GHG_PRC,TA3_7_CGTGGNODE,ALL,1,-17.16,2,5
2022-09-02T03:15:00-00:00,2022-09-02T03:30:00-00:00,2022-09-01,21,TA3_7_CGTGGNODE,TA3_7_CGTGGNODE,TA3_7_CGTGGNODE,RTPD,MGHG,LMP_GHG_PRC,TA3_7_CGTGGNODE,ALL,1,-14.79,2,5
2022-09-02T04:15:00-00:00,2022-09-02T04:30:00-00:00,2022-09-01,22,TA3_7_CGTGGNODE,TA3_7_CGTGGNODE,TA3_7_CGTGGNODE,RTPD,MGHG,LMP_GHG_PRC,TA3_7_CGTGGNODE,ALL,1,-14.79,2,5
2022-09-02T05:15:00-00:00,2022-09-02T05:30:00-00:00,2022-09-01,23,TA3_7_CGTGGNODE,TA3_7_CGTGGNODE,TA3_7_CGTGGNODE,RTPD,MGHG,LMP_GHG_PRC,TA3_7_CGTGGNODE,ALL,1,-11.89,2,5
2022-09-02T06:15:00-00:00,2022-09-02T06:30:00-00:00,2022-09-01,24,TA3_7_CGTGGNODE,TA3_7_CGTGGNODE,TA3_7_CGTGGNODE,RTPD,MGHG,LMP_GHG_PRC,TA3_7_CGTGGNODE,ALL,1,-11.13,2,5
2022-09-01T07:30:00-00:00,2022-09-01T07:45:00-00:00,2022-09-01,01,TA3_7_CGTGGNODE,TA3_7_CGTGGNODE,TA3_7_CGTGGNODE,RTPD,MGHG,LMP_GHG_PRC,TA3_7_CGTGGNODE,ALL,1,-14.46,3,5
2022-09-01T08:30:00-00:00,2022-09-01T08:45:00-00:00,2022-09-01,02,TA3_7_CGTGGNODE,TA3_7_CGTGGNODE,TA3_7_CGTGGNODE,RTPD,MGHG,LMP_GHG_PRC,TA3_7_CGTGGNODE,ALL,1,-14.79,3,5
2022-09-01T09:30:00-00:00,2022-09-01T09:45:00-00:00,2022-09-01,03,TA3_7_CGTGGNODE,TA3_7_CGTGGNODE,TA3_7_CGTGGNODE,RTPD,MGHG,LMP_GHG_PRC,TA3_7_CGTGGNODE,ALL,1,-12.97,3,5
2022-09-01T10:30:00-00:00,2022-09-01T10:45:00-00:00,2022-09-01,04,TA3_7_CGTGGNODE,TA3_7_CGTGGNODE,TA3_7_CGTGGNODE,RTPD,MGHG,LMP_GHG_PRC,TA3_7_CGTGGNODE,ALL,1,-13.98,3,5
2022-09-01T11:30:00-00:00,2022-09-01T11:45:00-00:00,2022-09-01,05,TA3_7_CGTGGNODE,TA3_7_CGTGGNODE,TA3_7_CGTGGNODE,RTPD,MGHG,LMP_GHG_PRC,TA3_7_CGTGGNODE,ALL,1,-14.53398,3,5
2022-09-01T12:30:00-00:00,2022-09-01T12:45:00-00:00,2022-09-01,06,TA3_7_CGTGGNODE,TA3_7_CGTGGNODE,TA3_7_CGTGGNODE,RTPD,MGHG,LMP_GHG_PRC,TA3_7_CGTGGNODE,ALL,1,-14.79,3,5
2022-09-01T13:30:00-00:00,2022-09-01T13:45:00-00:00,2022-09-01,07,TA3_7_CGTGGNODE,TA3_7_CGTGGNODE,TA3_7_CGTGGNODE,RTPD,MGHG,LMP_GHG_PRC,TA3_7_CGTGGNODE,ALL,1,-15.84217,3,5
2022-09-01T14:30:00-00:00,2022-09-01T14:45:00-00:00,2022-09-01,08,TA3_7_CGTGGNODE,TA3_7_CGTGGNODE,TA3_7_CGTGGNODE,RTPD,MGHG,LMP_GHG_PRC,TA3_7_CGTGGNODE,ALL,1,-12.7,3,5
2022-09-01T15:30:00-00:00,2022-09-01T15:45:00-00:00,2022-09-01,09,TA3_7_CGTGGNODE,TA3_7_CGTGGNODE,TA3_7_CGTGGNODE,RTPD,MGHG,LMP_GHG_PRC,TA3_7_CGTGGNODE,ALL,1,-12.05,3,5
2022-09-01T16:30:00-00:00,2022-09-01T16:45:00-00:00,2022-09-01,10,TA3_7_CGTGGNODE,TA3_7_CGTGGNODE,TA3_7_CGTGGNODE,RTPD,MGHG,LMP_GHG_PRC,TA3_7_CGTGGNODE,ALL,1,-11.13,3,5
2022-09-01T17:30:00-00:00,2022-09-01T17:45:00-00:00,2022-09-01,11,TA3_7_CGTGGNODE,TA3_7_CGTGGNODE,TA3_7_CGTGGNODE,RTPD,MGHG,LMP_GHG_PRC,TA3_7_CGTGGNODE,ALL,1,-11.63,3,5
2022-09-01T18:30:00-00:00,2022-09-01T18:45:00-00:00,2022-09-01,12,TA3_7_CGTGGNODE,TA3_7_CGTGGNODE,TA3_7_CGTGGNODE,RTPD,MGHG,LMP_GHG_PRC,TA3_7_CGTGGNODE,ALL,1,-14.37982,3,5
2022-09-01T19:30:00-00:00,2022-09-01T19:45:00-00:00,2022-09-01,13,TA3_7_CGTGGNODE,TA3_7_CGTGGNODE,TA3_7_CGTGGNODE,RTPD,MGHG,LMP_GHG_PRC,TA3_7_CGTGGNODE,ALL,1,-14.79,3,5
2022-09-01T20:30:00-00:00,2022-09-01T20:45:00-00:00,2022-09-01,14,TA3_7_CGTGGNODE,TA3_7_CGTGGNODE,TA3_7_CGTGGNODE,RTPD,MGHG,LMP_GHG_PRC,TA3_7_CGTGGNODE,ALL,1,-19.37,3,5
2022-09-01T21:30:00-00:00,2022-09-01T21:45:00-00:00,2022-09-01,15,TA3_7_CGTGGNODE,TA3_7_CGTGGNODE,TA3_7_CGTGGNODE,RTPD,MGHG,LMP_GHG_PRC,TA3_7_CGTGGNODE,ALL,1,-14.79,3,5
2022-09-01T22:30:00-00:00,2022-09-01T22:45:00-00:00,2022-09-01,16,TA3_7_CGTGGNODE,TA3_7_CGTGGNODE,TA3_7_CGTGGNODE,RTPD,MGHG,LMP_GHG_PRC,TA3_7_CGTGGNODE,ALL,1,-17.77,3,5
2022-09-01T23:30:00-00:00,2022-09-01T23:45:00-00:00,2022-09-01,17,TA3_7_CGTGGNODE,TA3_7_CGTGGNODE,TA3_7_CGTGGNODE,RTPD,MGHG,LMP_GHG_PRC,TA3_7_CGTGGNODE,ALL,1,-26.16,3,5
2022-09-02T00:30:00-00:00,2022-09-02T00:45:00-00:00,2022-09-01,18,TA3_7_CGTGGNODE,TA3_7_CGTGGNODE,TA3_7_CGTGGNODE,RTPD,MGHG,LMP_GHG_PRC,TA3_7_CGTGGNODE,ALL,1,-29.51,3,5
2022-09-02T01:30:00-00:00,2022-09-02T01:45:00-00:00,2022-09-01,19,TA3_7_CGTGGNODE,TA3_7_CGTGGNODE,TA3_7_CGTGGNODE,RTPD,MGHG,LMP_GHG_PRC,TA3_7_CGTGGNODE,ALL,1,-18.59,3,5
2022-09-02T02:30:00-00:00,2022-09-02T02:45:00-00:00,2022-09-01,20,TA3_7_CGTGGNODE,TA3_7_CGTGGNODE,TA3_7_CGTGGNODE,RTPD,MGHG,LMP_GHG_PRC,TA3_7_CGTGGNODE,ALL,1,-25.88,3,5
2022-09-02T03:30:00-00:00,2022-09-02T03:45:00-00:00,2022-09-01,21,TA3_7_CGTGGNODE,TA3_7_CGTGGNODE,TA3_7_CGTGGNODE,RTPD,MGHG,LMP_GHG_PRC,TA3_7_CGTGGNODE,ALL,1,-14.79,3,5
2022-09-02T04:30:00-00:00,2022-09-02T04:45:00-00:00,2022-09-01,22,TA3_7_CGTGGNODE,TA3_7_CGTGGNODE,TA3_7_CGTGGNODE,RTPD,MGHG,LMP_GHG_PRC,TA3_7_CGTGGNODE,ALL,1,-15.61,3,5
2022-09-02T05:30:00-00:00,2022-09-02T05:45:00-00:00,2022-09-01,23,TA3_7_CGTGGNODE,TA3_7_CGTGGNODE,TA3_7_CGTGGNODE,RTPD,MGHG,LMP_GHG_PRC,TA3_7_CGTGGNODE,ALL,1,-14.79,3,5
2022-09-02T06:30:00-00:00,2022-09-02T06:45:00-00:00,2022-09-01,24,TA3_7_CGTGGNODE,TA3_7_CGTGGNODE,TA3_7_CGTGGNODE,RTPD,MGHG,LMP_GHG_PRC,TA3_7_CGTGGNODE,ALL,1,-14.79,3,5
2022-09-01T07:45:00-00:00,2022-09-01T08:00:00-00:00,2022-09-01,01,TA3_7_CGTGGNODE,TA3_7_CGTGGNODE,TA3_7_CGTGGNODE,RTPD,MGHG,LMP_GHG_PRC,TA3_7_CGTGGNODE,ALL,1,-14,4,5
2022-09-01T08:45:00-00:00,2022-09-01T09:00:00-00:00,2022-09-01,02,TA3_7_CGTGGNODE,TA3_7_CGTGGNODE,TA3_7_CGTGGNODE,RTPD,MGHG,LMP_GHG_PRC,TA3_7_CGTGGNODE,ALL,1,-14.79,4,5
2022-09-01T09:45:00-00:00,2022-09-01T10:00:00-00:00,2022-09-01,03,TA3_7_CGTGGNODE,TA3_7_CGTGGNODE,TA3_7_CGTGGNODE,RTPD,MGHG,LMP_GHG_PRC,TA3_7_CGTGGNODE,ALL,1,-12.97,4,5
2022-09-01T10:45:00-00:00,2022-09-01T11:00:00-00:00,2022-09-01,04,TA3_7_CGTGGNODE,TA3_7_CGTGGNODE,TA3_7_CGTGGNODE,RTPD,MGHG,LMP_GHG_PRC,TA3_7_CGTGGNODE,ALL,1,-13.55,4,5
2022-09-01T11:45:00-00:00,2022-09-01T12:00:00-00:00,2022-09-01,05,TA3_7_CGTGGNODE,TA3_7_CGTGGNODE,TA3_7_CGTGGNODE,RTPD,MGHG,LMP_GHG_PRC,TA3_7_CGTGGNODE,ALL,1,-14.79,4,5
2022-09-01T12:45:00-00:00,2022-09-01T13:00:00-00:00,2022-09-01,06,TA3_7_CGTGGNODE,TA3_7_CGTGGNODE,TA3_7_CGTGGNODE,RTPD,MGHG,LMP_GHG_PRC,TA3_7_CGTGGNODE,ALL,1,-14.79,4,5
2022-09-01T13:45:00-00:00,2022-09-01T14:00:00-00:00,2022-09-01,07,TA3_7_CGTGGNODE,TA3_7_CGTGGNODE,TA3_7_CGTGGNODE,RTPD,MGHG,LMP_GHG_PRC,TA3_7_CGTGGNODE,ALL,1,-14.79,4,5
2022-09-01T14:45:00-00:00,2022-09-01T15:00:00-00:00,2022-09-01,08,TA3_7_CGTGGNODE,TA3_7_CGTGGNODE,TA3_7_CGTGGNODE,RTPD,MGHG,LMP_GHG_PRC,TA3_7_CGTGGNODE,ALL,1,-8.84,4,5
2022-09-01T15:45:00-00:00,2022-09-01T16:00:00-00:00,2022-09-01,09,TA3_7_CGTGGNODE,TA3_7_CGTGGNODE,TA3_7_CGTGGNODE,RTPD,MGHG,LMP_GHG_PRC,TA3_7_CGTGGNODE,ALL,1,-12.05,4,5
2022-09-01T16:45:00-00:00,2022-09-01T17:00:00-00:00,2022-09-01,10,TA3_7_CGTGGNODE,TA3_7_CGTGGNODE,TA3_7_CGTGGNODE,RTPD,MGHG,LMP_GHG_PRC,TA3_7_CGTGGNODE,ALL,1,-10.94,4,5
2022-09-01T17:45:00-00:00,2022-09-01T18:00:00-00:00,2022-09-01,11,TA3_7_CGTGGNODE,TA3_7_CGTGGNODE,TA3_7_CGTGGNODE,RTPD,MGHG,LMP_GHG_PRC,TA3_7_CGTGGNODE,ALL,1,-12.32178,4,5
2022-09-01T18:45:00-00:00,2022-09-01T19:00:00-00:00,2022-09-01,12,TA3_7_CGTGGNODE,TA3_7_CGTGGNODE,TA3_7_CGTGGNODE,RTPD,MGHG,LMP_GHG_PRC,TA3_7_CGTGGNODE,ALL,1,-13.98,4,5
2022-09-01T19:45:00-00:00,2022-09-01T20:00:00-00:00,2022-09-01,13,TA3_7_CGTGGNODE,TA3_7_CGTGGNODE,TA3_7_CGTGGNODE,RTPD,MGHG,LMP_GHG_PRC,TA3_7_CGTGGNODE,ALL,1,-15.37,4,5
2022-09-01T20:45:00-00:00,2022-09-01T21:00:00-00:00,2022-09-01,14,TA3_7_CGTGGNODE,TA3_7_CGTGGNODE,TA3_7_CGTGGNODE,RTPD,MGHG,LMP_GHG_PRC,TA3_7_CGTGGNODE,ALL,1,-15.61,4,5
2022-09-01T21:45:00-00:00,2022-09-01T22:00:00-00:00,2022-09-01,15,TA3_7_CGTGGNODE,TA3_7_CGTGGNODE,TA3_7_CGTGGNODE,RTPD,MGHG,LMP_GHG_PRC,TA3_7_CGTGGNODE,ALL,1,-14.79,4,5
2022-09-01T22:45:00-00:00,2022-09-01T23:00:00-00:00,2022-09-01,16,TA3_7_CGTGGNODE,TA3_7_CGTGGNODE,TA3_7_CGTGGNODE,RTPD,MGHG,LMP_GHG_PRC,TA3_7_CGTGGNODE,ALL,1,-17.16,4,5
2022-09-01T23:45:00-00:00,2022-09-02T00:00:00-00:00,2022-09-01,17,TA3_7_CGTGGNODE,TA3_7_CGTGGNODE,TA3_7_CGTGGNODE,RTPD,MGHG,LMP_GHG_PRC,TA3_7_CGTGGNODE,ALL,1,-28.33,4,5
2022-09-02T00:45:00-00:00,2022-09-02T01:00:00-00:00,2022-09-01,18,TA3_7_CGTGGNODE,TA3_7_CGTGGNODE,TA3_7_CGTGGNODE,RTPD,MGHG,LMP_GHG_PRC,TA3_7_CGTGGNODE,ALL,1,-29.51,4,5
2022-09-02T01:45:00-00:00,2022-09-02T02:00:00-00:00,2022-09-01,19,TA3_7_CGTGGNODE,TA3_7_CGTGGNODE,TA3_7_CGTGGNODE,RTPD,MGHG,LMP_GHG_PRC,TA3_7_CGTGGNODE,ALL,1,-15.61,4,5
2022-09-02T02:45:00-00:00,2022-09-02T03:00:00-00:00,2022-09-01,20,TA3_7_CGTGGNODE,TA3_7_CGTGGNODE,TA3_7_CGTGGNODE,RTPD,MGHG,LMP_GHG_PRC,TA3_7_CGTGGNODE,ALL,1,-30.58,4,5
2022-09-02T03:45:00-00:00,2022-09-02T04:00:00-00:00,2022-09-01,21,TA3_7_CGTGGNODE,TA3_7_CGTGGNODE,TA3_7_CGTGGNODE,RTPD,MGHG,LMP_GHG_PRC,TA3_7_CGTGGNODE,ALL,1,-16.46,4,5
2022-09-02T04:45:00-00:00,2022-09-02T05:00:00-00:00,2022-09-01,22,TA3_7_CGTGGNODE,TA3_7_CGTGGNODE,TA3_7_CGTGGNODE,RTPD,MGHG,LMP_GHG_PRC,TA3_7_CGTGGNODE,ALL,1,-15.61,4,5
2022-09-02T05:45:00-00:00,2022-09-02T06:00:00-00:00,2022-09-01,23,TA3_7_CGTGGNODE,TA3_7_CGTGGNODE,TA3_7_CGTGGNODE,RTPD,MGHG,LMP_GHG_PRC,TA3_7_CGTGGNODE,ALL,1,-14.79,4,5
2022-09-02T06:45:00-00:00,2022-09-02T07:00:00-00:00,2022-09-01,24,TA3_7_CGTGGNODE,TA3_7_CGTGGNODE,TA3_7_CGTGGNODE,RTPD,MGHG,LMP_GHG_PRC,TA3_7_CGTGGNODE,ALL,1,-15,4,5
