INTERVALSTARTTIME_GMT,INTERVALENDTIME_GMT,OPR_DT,OPR_HR,NODE_ID_XML,NODE_ID,NODE,MARKET_RUN_ID,LMP_TYPE,XML_DATA_ITEM,PNODE_RESMRID,GRP_TYPE,POS,PRC,OPR_INTERVAL,GROUP
2022-09-01T07:00:00-00:00,2022-09-01T07:15:00-00:00,2022-09-01,01,STCRUZ_LNODECXA,STCRUZ_LNODECXA,STCRUZ_LNODECXA,RTPD,LMP,LMP_PRC,STCRUZ_LNODECXA,ALL,1,88.70998,1,1
2022-09-01T08:00:00-00:00,2022-09-01T08:15:00-00:00,2022-09-01,02,STCRUZ_LNODECXA,STCRUZ_LNODECXA,STCRUZ_LNODECXA,RTPD,LMP,LMP_PRC,STCRUZ_LNODECXA,ALL,1,112.04288,1,1
2022-09-01T09:00:00-00:00,2022-09-01T09:15:00-00:00,2022-09-01,03,STCRUZ_LNODECXA,STCRUZ_LNODECXA,STCRUZ_LNODECXA,RTPD,LMP,LMP_PRC,STCRUZ_LNODECXA,ALL,1,99.95941,1,1
2022-09-01T10:00:00-00:00,2022-09-01T10:15:00-00:00,2022-09-01,04,STCRUZ_LNODECXA,STCRUZ_LNODECXA,STCRUZ_LNODECXA,RTPD,LMP,LMP_PRC,STCRUZ_LNODECXA,ALL,1,99.40262,1,1
2022-09-01T11:00:00-00:00,2022-09-01T11:15:00-00:00,2022-09-01,05,STCRUZ_LNODECXA,STCRUZ_LNODECXA,STCRUZ_LNODECXA,RTPD,LMP,LMP_PRC,STCRUZ_LNODECXA,ALL,1,107.8111,1,1
2022-09-01T12:00:00-00:00,2022-09-01T12:15:00-00:00,2022-09-01,06,STCRUZ_LNODECXA,STCRUZ_LNODECXA,STCRUZ_LNODECXA,RTPD,LMP,LMP_PRC,STCRUZ_LNODECXA,ALL,1,91.07524,1,1
2022-09-01T13:00:00-00:00,2022-09-01T13:15:00-00:00,2022-09-01,07,STCRUZ_LNODECXA,STCRUZ_LNODECXA,STCRUZ_LNODECXA,RTPD,LMP,LMP_PRC,STCRUZ_LNODECXA,ALL,1,87.91481,1,1
2022-09-01T14:00:00-00:00,2022-09-01T14:15:00-00:00,2022-09-01,08,STCRUZ_LNODECXA,STCRUZ_LNODECXA,STCRUZ_LNODECXA,RTPD,LMP,LMP_PRC,STCRUZ_LNODECXA,ALL,1,116.4332,1,1
2022-09-01T15:00:00-00:00,2022-09-01T15:15:00-00:00,2022-09-01,09,STCRUZ_LNODECXA,STCRUZ_LNODECXA,STCRUZ_LNODECXA,RTPD,LMP,LMP_PRC,STCRUZ_LNODECXA,ALL,1,97.4124,1,1
2022-09-01T16:00:00-00:00,2022-09-01T16:15:00-00:00,2022-09-01,10,STCRUZ_LNODECXA,STCRUZ_LNODECXA,STCRUZ_LNODECXA,RTPD,LMP,LMP_PRC,STCRUZ_LNODECXA,ALL,1,83.43645,1,1
2022-09-01T17:00:00-00:00,2022-09-01T17:15:00-00:00,2022-09-01,11,STCRUZ_LNODECXA,STCRUZ_LNODECXA,STCRUZ_LNODECXA,RTPD,LMP,LMP_PRC,STCRUZ_LNODECXA,ALL,1,79.58341,1,1
2022-09-01T18:00:00-00:00,2022-09-01T18:15:00-00:00,2022-09-01,12,STCRUZ_LNODECXA,STCRUZ_LNODECXA,STCRUZ_LNODECXA,RTPD,LMP,LMP_PRC,STCRUZ_LNODECXA,ALL,1,57.90404,1,1
2022-09-01T19:00:00-00:00,2022-09-01T19:15:00-00:00,2022-09-01,13,STCRUZ_LNODECXA,STCRUZ_LNODECXA,STCRUZ_LNODECXA,RTPD,LMP,LMP_PRC,STCRUZ_LNODECXA,ALL,1,72.02207,1,1
2022-09-01T20:00:00-00:00,2022-09-01T20:15:00-00:00,2022-09-01,14,STCRUZ_LNODECXA,STCRUZ_LNODECXA,STCRUZ_LNODECXA,RTPD,LMP,LMP_PRC,STCRUZ_LNODECXA,ALL,1,114.28976,1,1
2022-09-01T21:00:00-00:00,2022-09-01T21:15:00-00:00,2022-09-01,15,STCRUZ_LNODECXA,STCRUZ_LNODECXA,STCRUZ_LNODECXA,RTPD,LMP,LMP_PRC,STCRUZ_LNODECXA,ALL,1,125.27721,1,1
2022-09-01T22:00:00-00:00,2022-09-01T22:15:00-00:00,2022-09-01,16,STCRUZ_LNODECXA,STCRUZ_LNODECXA,STCRUZ_LNODECXA,RTPD,LMP,LMP_PRC,STCRUZ_LNODECXA,ALL,1,119.01,1,1
2022-09-01T23:00:00-00:00,2022-09-01T23:15:00-00:00,2022-09-01,17,STCRUZ_LNODECXA,STCRUZ_LNODECXA,STCRUZ_LNODECXA,RTPD,LMP,LMP_PRC,STCRUZ_LNODECXA,ALL,1,212.57053,1,1
2022-09-02T00:00:00-00:00,2022-09-02T00:15:00-00:00,2022-09-01,18,STCRUZ_LNODECXA,STCRUZ_LNODECXA,STCRUZ_LNODECXA,RTPD,LMP,LMP_PRC,STCRUZ_LNODECXA,ALL,1,1148.6074,1,1
2022-09-02T01:00:00-00:00,2022-09-02T01:15:00-00:00,2022-09-01,19,STCRUZ_LNODECXA,STCRUZ_LNODECXA,STCRUZ_LNODECXA,RTPD,LMP,LMP_PRC,STCRUZ_LNODECXA,ALL,1,1240.0127,1,1
2022-09-02T02:00:00-00:00,2022-09-02T02:15:00-00:00,2022-09-01,20,STCRUZ_LNODECXA,STCRUZ_LNODECXA,STCRUZ_LNODECXA,RTPD,LMP,LMP_PRC,STCRUZ_LNODECXA,ALL,1,1991.671,1,1
2022-09-02T03:00:00-00:00,2022-09-02T03:15:00-00:00,2022-09-01,21,STCRUZ_LNODECXA,STCRUZ_LNODECXA,STCRUZ_LNODECXA,RTPD,LMP,LMP_PRC,STCRUZ_LNODECXA,ALL,1,1388.2336,1,1
2022-09-02T04:00:00-00:00,2022-09-02T04:15:00-00:00,2022-09-01,22,STCRUZ_LNODECXA,STCRUZ_LNODECXA,STCRUZ_LNODECXA,RTPD,LMP,LMP_PRC,STCRUZ_LNODECXA,ALL,1,591.42255,1,1
2022-09-02T05:00:00-00:00,2022-09-02T05:15:00-00:00,2022-09-01,23,STCRUZ_LNODECXA,STCRUZ_LNODECXA,STCRUZ_LNODECXA,RTPD,LMP,LMP_PRC,STCRUZ_LNODECXA,ALL,1,194.09604,1,1
2022-09-02T06:00:00-00:00,2022-09-02T06:15:00-00:00,2022-09-01,24,STCRUZ_LNODECXA,STCRUZ_LNODECXA,STCRUZ_LNODECXA,RTPD,LMP,LMP_PRC,STCRUZ_LNODECXA,ALL,1,210.83914,1,1
2022-09-01T07:15:00-00:00,2022-09-01T07:30:00-00:00,2022-09-01,01,STCRUZ_LNODECXA,STCRUZ_LNODECXA,STCRUZ_LNODECXA,RTPD,LMP,LMP_PRC,STCRUZ_LNODECXA,ALL,1,115.06521,2,1
2022-09-01T08:15:00-00:00,2022-09-01T08:30:00-00:00,2022-09-01,02,STCRUZ_LNODECXA,STCRUZ_LNODECXA,STCRUZ_LNODECXA,RTPD,LMP,LMP_PRC,STCRUZ_LNODECXA,ALL,1,114.57557,2,1
2022-09-01T09:15:00-00:00,2022-09-01T09:30:00-00:00,2022-09-01,03,STCRUZ_LNODECXA,STCRUZ_LNODECXA,STCRUZ_LNODECXA,RTPD,LMP,LMP_PRC,STCRUZ_LNODECXA,ALL,1,96.9174,2,1
2022-09-01T10:15:00-00:00,2022-09-01T10:30:00-00:00,2022-09-01,04,STCRUZ_LNODECXA,STCRUZ_LNODECXA,STCRUZ_LNODECXA,RTPD,LMP,LMP_PRC,STCRUZ_LNODECXA,ALL,1,96.05451,2,1
2022-09-01T11:15:00-00:00,2022-09-01T11:30:00-00:00,2022-09-01,05,STCRUZ_LNODECXA,STCRUZ_LNODECXA,STCRUZ_LNODECXA,RTPD,LMP,LMP_PRC,STCRUZ_LNODECXA,ALL,1,108.34947,2,1
2022-09-01T12:15:00-00:00,2022-09-01T12:30:00-00:00,2022-09-01,06,STCRUZ_LNODECXA,STCRUZ_LNODECXA,STCRUZ_LNODECXA,RTPD,LMP,LMP_PRC,STCRUZ_LNODECXA,ALL,1,108.3701,2,1
2022-09-01T13:15:00-00:00,2022-09-01T13:30:00-00:00,2022-09-01,07,STCRUZ_LNODECXA,STCRUZ_LNODECXA,STCRUZ_LNODECXA,RTPD,LMP,LMP_PRC,STCRUZ_LNODECXA,ALL,1,115.52178,2,1
2022-09-01T14:15:00-00:00,2022-09-01T14:30:00-00:00,2022-09-01,08,STCRUZ_LNODECXA,STCRUZ_LNODECXA,STCRUZ_LNODECXA,RTPD,LMP,LMP_PRC,STCRUZ_LNODECXA,ALL,1,109.44922,2,1
2022-09-01T15:15:00-00:00,2022-09-01T15:30:00-00:00,2022-09-01,09,STCRUZ_LNODECXA,STCRUZ_LNODECXA,STCRUZ_LNODECXA,RTPD,LMP,LMP_PRC,STCRUZ_LNODECXA,ALL,1,86.94,2,1
2022-09-01T16:15:00-00:00,2022-09-01T16:30:00-00:00,2022-09-01,10,STCRUZ_LNODECXA,STCRUZ_LNODECXA,STCRUZ_LNODECXA,RTPD,LMP,LMP_PRC,STCRUZ_LNODECXA,ALL,1,87.74754,2,1
2022-09-01T17:15:00-00:00,2022-09-01T17:30:00-00:00,2022-09-01,11,STCRUZ_LNODECXA,STCRUZ_LNODECXA,STCRUZ_LNODECXA,RTPD,LMP,LMP_PRC,STCRUZ_LNODECXA,ALL,1,78.20092,2,1
2022-09-01T18:15:00-00:00,2022-09-01T18:30:00-00:00,2022-09-01,12,STCRUZ_LNODECXA,STCRUZ_LNODECXA,STCRUZ_LNODECXA,RTPD,LMP,LMP_PRC,STCRUZ_LNODECXA,ALL,1,73.72627,2,1
2022-09-01T19:15:00-00:00,2022-09-01T19:30:00-00:00,2022-09-01,13,STCRUZ_LNODECXA,STCRUZ_LNODECXA,STCRUZ_LNODECXA,RTPD,LMP,LMP_PRC,STCRUZ_LNODECXA,ALL,1,74.69406,2,1
2022-09-01T20:15:00-00:00,2022-09-01T20:30:00-00:00,2022-09-01,14,STCRUZ_LNODECXA,STCRUZ_LNODECXA,STCRUZ_LNODECXA,RTPD,LMP,LMP_PRC,STCRUZ_LNODECXA,ALL,1,114.25411,2,1
2022-09-01T21:15:00-00:00,2022-09-01T21:30:00-00:00,2022-09-01,15,STCRUZ_LNODECXA,STCRUZ_LNODECXA,STCRUZ_LNODECXA,RTPD,LMP,LMP_PRC,STCRUZ_LNODECXA,ALL,1,119.71946,2,1
2022-09-01T22:15:00-00:00,2022-09-01T22:30:00-00:00,2022-09-01,16,STCRUZ_LNODECXA,STCRUZ_LNODECXA,STCRUZ_LNODECXA,RTPD,LMP,LMP_PRC,STCRUZ_LNODECXA,ALL,1,135.72304,2,1
2022-09-01T23:15:00-00:00,2022-09-01T23:30:00-00:00,2022-09-01,17,STCRUZ_LNODECXA,STCRUZ_LNODECXA,STCRUZ_LNODECXA,RTPD,LMP,LMP_PRC,STCRUZ_LNODECXA,ALL,1,260.69342,2,1
2022-09-02T00:15:00-00:00,2022-09-02T00:30:00-00:00,2022-09-01,18,STCRUZ_LNODECXA,STCRUZ_LNODECXA,STCRUZ_LNODECXA,RTPD,LMP,LMP_PRC,STCRUZ_LNODECXA,ALL,1,1054.7491,2,1
2022-09-02T01:15:00-00:00,2022-09-02T01:30:00-00:00,2022-09-01,19,STCRUZ_LNODECXA,STCRUZ_LNODECXA,STCRUZ_LNODECXA,RTPD,LMP,LMP_PRC,STCRUZ_LNODECXA,ALL,1,1999.9945,2,1
2022-09-02T02:15:00-00:00,2022-09-02T02:30:00-00:00,2022-09-01,20,STCRUZ_LNODECXA,STCRUZ_LNODECXA,STCRUZ_LNODECXA,RTPD,LMP,LMP_PRC,STCRUZ_LNODECXA,ALL,1,1991.671,2,1
2022-09-02T03:15:00-00:00,2022-09-02T03:30:00-00:00,2022-09-01,21,STCRUZ_LNODECXA,STCRUZ_LNODECXA,STCRUZ_LNODECXA,RTPD,LMP,LMP_PRC,STCRUZ_LNODECXA,ALL,1,570.73193,2,1
2022-09-02T04:15:00-00:00,2022-09-02T04:30:00-00:00,2022-09-01,22,STCRUZ_LNODECXA,STCRUZ_LNODECXA,STCRUZ_LNODECXA,RTPD,LMP,LMP_PRC,STCRUZ_LNODECXA,ALL,1,526.43976,2,1
2022-09-02T05:15:00-00:00,2022-09-02T05:30:00-00:00,2022-09-01,23,STCRUZ_LNODECXA,STCRUZ_LNODECXA,STCRUZ_LNODECXA,RTPD,LMP,LMP_PRC,STCRUZ_LNODECXA,ALL,1,166.53261,2,1
2022-09-02T06:15:00-00:00,2022-09-02T06:30:00-00:00,2022-09-01,24,STCRUZ_LNODECXA,STCRUZ_LNODECXA,STCRUZ_LNODECXA,RTPD,LMP,LMP_PRC,STCRUZ_LNODECXA,ALL,1,148.73991,2,1
2022-09-01T07:30:00-00:00,2022-09-01T07:45:00-00:00,2022-09-01,01,STCRUZ_LNODECXA,STCRUZ_LNODECXA,STCRUZ_LNODECXA,RTPD,LMP,LMP_PRC,STCRUZ_LNODECXA,ALL,1,102.04193,3,1
2022-09-01T08:30:00-00:00,2022-09-01T08:45:00-00:00,2022-09-01,02,STCRUZ_LNODECXA,STCRUZ_LNODECXA,STCRUZ_LNODECXA,RTPD,LMP,LMP_PRC,STCRUZ_LNODECXA,ALL,1,116.23504,3,1
2022-09-01T09:30:00-00:00,2022-09-01T09:45:00-00:00,2022-09-01,03,STCRUZ_LNODECXA,STCRUZ_LNODECXA,STCRUZ_LNODECXA,RTPD,LMP,LMP_PRC,STCRUZ_LNODECXA,ALL,1,96.65584,3,1
2022-09-01T10:30:00-00:00,2022-09-01T10:45:00-00:00,2022-09-01,04,STCRUZ_LNODECXA,STCRUZ_LNODECXA,STCRUZ_LNODECXA,RTPD,LMP,LMP_PRC,STCRUZ_LNODECXA,ALL,1,97.86406,3,1
2022-09-01T11:30:00-00:00,2022-09-01T11:45:00-00:00,2022-09-01,05,STCRUZ_LNODECXA,STCRUZ_LNODECXA,STCRUZ_LNODECXA,RTPD,LMP,LMP_PRC,STCRUZ_LNODECXA,ALL,1,108.43277,3,1
2022-09-01T12:30:00-00:00,2022-09-01T12:45:00-00:00,2022-09-01,06,STCRUZ_LNODECXA,STCRUZ_LNODECXA,STCRUZ_LNODECXA,RTPD,LMP,LMP_PRC,STCRUZ_LNODECXA,ALL,1,107.83254,3,1
2022-09-01T13:30:00-00:00,2022-09-01T13:45:00-00:00,2022-09-01,07,STCRUZ_LNODECXA,STCRUZ_LNODECXA,STCRUZ_LNODECXA,RTPD,LMP,LMP_PRC,STCRUZ_LNODECXA,ALL,1,116.86081,3,1
2022-09-01T14:30:00-00:00,2022-09-01T14:45:00-00:00,2022-09-01,08,STCRUZ_LNODECXA,STCRUZ_LNODECXA,STCRUZ_LNODECXA,RTPD,LMP,LMP_PRC,STCRUZ_LNODECXA,ALL,1,106.3341,3,1
2022-09-01T15:30:00-00:00,2022-09-01T15:45:00-00:00,2022-09-01,09,STCRUZ_LNODECXA,STCRUZ_LNODECXA,STCRUZ_LNODECXA,RTPD,LMP,LMP_PRC,STCRUZ_LNODECXA,ALL,1,86.14,3,1
2022-09-01T16:30:00-00:00,2022-09-01T16:45:00-00:00,2022-09-01,10,STCRUZ_LNODECXA,STCRUZ_LNODECXA,STCRUZ_LNODECXA,RTPD,LMP,LMP_PRC,STCRUZ_LNODECXA,ALL,1,74.5475,3,1
2022-09-01T17:30:00-00:00,2022-09-01T17:45:00-00:00,2022-09-01,11,STCRUZ_LNODECXA,STCRUZ_LNODECXA,STCRUZ_LNODECXA,RTPD,LMP,LMP_PRC,STCRUZ_LNODECXA,ALL,1,77.91095,3,1
2022-09-01T18:30:00-00:00,2022-09-01T18:45:00-00:00,2022-09-01,12,STCRUZ_LNODECXA,STCRUZ_LNODECXA,STCRUZ_LNODECXA,RTPD,LMP,LMP_PRC,STCRUZ_LNODECXA,ALL,1,78.45527,3,1
2022-09-01T19:30:00-00:00,2022-09-01T19:45:00-00:00,2022-09-01,13,STCRUZ_LNODECXA,STCRUZ_LNODECXA,STCRUZ_LNODECXA,RTPD,LMP,LMP_PRC,STCRUZ_LNODECXA,ALL,1,100.88857,3,1
2022-09-01T20:30:00-00:00,2022-09-01T20:45:00-00:00,2022-09-01,14,STCRUZ_LNODECXA,STCRUZ_LNODECXA,STCRUZ_LNODECXA,RTPD,LMP,LMP_PRC,STCRUZ_LNODECXA,ALL,1,116.73923,3,1
2022-09-01T21:30:00-00:00,2022-09-01T21:45:00-00:00,2022-09-01,15,STCRUZ_LNODECXA,STCRUZ_LNODECXA,STCRUZ_LNODECXA,RTPD,LMP,LMP_PRC,STCRUZ_LNODECXA,ALL,1,127.67485,3,1
2022-09-01T22:30:00-00:00,2022-09-01T22:45:00-00:00,2022-09-01,16,STCRUZ_LNODECXA,STCRUZ_LNODECXA,STCRUZ_LNODECXA,RTPD,LMP,LMP_PRC,STCRUZ_LNODECXA,ALL,1,153.7265,3,1
2022-09-01T23:30:00-00:00,2022-09-01T23:45:00-00:00,2022-09-01,17,STCRUZ_LNODECXA,STCRUZ_LNODECXA,STCRUZ_LNODECXA,RTPD,LMP,LMP_PRC,STCRUZ_LNODECXA,ALL,1,566.4828,3,1
2022-09-02T00:30:00-00:00,2022-09-02T00:45:00-00:00,2022-09-01,18,STCRUZ_LNODECXA,STCRUZ_LNODECXA,STCRUZ_LNODECXA,RTPD,LMP,LMP_PRC,STCRUZ_LNODECXA,ALL,1,1780.8684,3,1
2022-09-02T01:30:00-00:00,2022-09-02T01:45:00-00:00,2022-09-01,19,STCRUZ_LNODECXA,STCRUZ_LNODECXA,STCRUZ_LNODECXA,RTPD,LMP,LMP_PRC,STCRUZ_LNODECXA,ALL,1,1999.9944,3,1
2022-09-02T02:30:00-00:00,2022-09-02T02:45:00-00:00,2022-09-01,20,STCRUZ_LNODECXA,STCRUZ_LNODECXA,STCRUZ_LNODECXA,RTPD,LMP,LMP_PRC,STCRUZ_LNODECXA,ALL,1,1991.6698,3,1
2022-09-02T03:30:00-00:00,2022-09-02T03:45:00-00:00,2022-09-01,21,STCRUZ_LNODECXA,STCRUZ_LNODECXA,STCRUZ_LNODECXA,RTPD,LMP,LMP_PRC,STCRUZ_LNODECXA,ALL,1,231.56111,3,1
2022-09-02T04:30:00-00:00,2022-09-02T04:45:00-00:00,2022-09-01,22,STCRUZ_LNODECXA,STCRUZ_LNODECXA,STCRUZ_LNODECXA,RTPD,LMP,LMP_PRC,STCRUZ_LNODECXA,ALL,1,344.8752,3,1
2022-09-02T05:30:00-00:00,2022-09-02T05:45:00-00:00,2022-09-01,23,STCRUZ_LNODECXA,STCRUZ_LNODECXA,STCRUZ_LNODECXA,RTPD,LMP,LMP_PRC,STCRUZ_LNODECXA,ALL,1,139.47069,3,1
2022-09-02T06:30:00-00:00,2022-09-02T06:45:00-00:00,2022-09-01,24,STCRUZ_LNODECXA,STCRUZ_LNODECXA,STCRUZ_LNODECXA,RTPD,LMP,LMP_PRC,STCRUZ_LNODECXA,ALL,1,135.32164,3,1
2022-09-01T07:45:00-00:00,2022-09-01T08:00:00-00:00,2022-09-01,01,STCRUZ_LNODECXA,STCRUZ_LNODECXA,STCRUZ_LNODECXA,RTPD,LMP,LMP_PRC,STCRUZ_LNODECXA,ALL,1,89.79658,4,1
2022-09-01T08:45:00-00:00,2022-09-01T09:00:00-00:00,2022-09-01,02,STCRUZ_LNODECXA,STCRUZ_LNODECXA,STCRUZ_LNODECXA,RTPD,LMP,LMP_PRC,STCRUZ_LNODECXA,ALL,1,98.38344,4,1
2022-09-01T09:45:00-00:00,2022-09-01T10:00:00-00:00,2022-09-01,03,STCRUZ_LNODECXA,STCRUZ_LNODECXA,STCRUZ_LNODECXA,RTPD,LMP,LMP_PRC,STCRUZ_LNODECXA,ALL,1,96.58648,4,1
2022-09-01T10:45:00-00:00,2022-09-01T11:00:00-00:00,2022-09-01,04,STCRUZ_LNODECXA,STCRUZ_LNODECXA,STCRUZ_LNODECXA,RTPD,LMP,LMP_PRC,STCRUZ_LNODECXA,ALL,1,98.02463,4,1
2022-09-01T11:45:00-00:00,2022-09-01T12:00:00-00:00,2022-09-01,05,STCRUZ_LNODECXA,STCRUZ_LNODECXA,STCRUZ_LNODECXA,RTPD,LMP,LMP_PRC,STCRUZ_LNODECXA,ALL,1,107.0112,4,1
2022-09-01T12:45:00-00:00,2022-09-01T13:00:00-00:00,2022-09-01,06,STCRUZ_LNODECXA,STCRUZ_LNODECXA,STCRUZ_LNODECXA,RTPD,LMP,LMP_PRC,STCRUZ_LNODECXA,ALL,1,114.0234,4,1
2022-09-01T13:45:00-00:00,2022-09-01T14:00:00-00:00,2022-09-01,07,STCRUZ_LNODECXA,STCRUZ_LNODECXA,STCRUZ_LNODECXA,RTPD,LMP,LMP_PRC,STCRUZ_LNODECXA,ALL,1,111.4088,4,1
2022-09-01T14:45:00-00:00,2022-09-01T15:00:00-00:00,2022-09-01,08,STCRUZ_LNODECXA,STCRUZ_LNODECXA,STCRUZ_LNODECXA,RTPD,LMP,LMP_PRC,STCRUZ_LNODECXA,ALL,1,86.14,4,1
2022-09-01T15:45:00-00:00,2022-09-01T16:00:00-00:00,2022-09-01,09,STCRUZ_LNODECXA,STCRUZ_LNODECXA,STCRUZ_LNODECXA,RTPD,LMP,LMP_PRC,STCRUZ_LNODECXA,ALL,1,78.70196,4,1
2022-09-01T16:45:00-00:00,2022-09-01T17:00:00-00:00,2022-09-01,10,STCRUZ_LNODECXA,STCRUZ_LNODECXA,STCRUZ_LNODECXA,RTPD,LMP,LMP_PRC,STCRUZ_LNODECXA,ALL,1,78.34886,4,1
2022-09-01T17:45:00-00:00,2022-09-01T18:00:00-00:00,2022-09-01,11,STCRUZ_LNODECXA,STCRUZ_LNODECXA,STCRUZ_LNODECXA,RTPD,LMP,LMP_PRC,STCRUZ_LNODECXA,ALL,1,78.31294,4,1
2022-09-01T18:45:00-00:00,2022-09-01T19:00:00-00:00,2022-09-01,12,STCRUZ_LNODECXA,STCRUZ_LNODECXA,STCRUZ_LNODECXA,RTPD,LMP,LMP_PRC,STCRUZ_LNODECXA,ALL,1,80.54821,4,1
2022-09-01T19:45:00-00:00,2022-09-01T20:00:00-00:00,2022-09-01,13,STCRUZ_LNODECXA,STCRUZ_LNODECXA,STCRUZ_LNODECXA,RTPD,LMP,LMP_PRC,STCRUZ_LNODECXA,ALL,1,105.95611,4,1
2022-09-01T20:45:00-00:00,2022-09-01T21:00:00-00:00,2022-09-01,14,STCRUZ_LNODECXA,STCRUZ_LNODECXA,STCRUZ_LNODECXA,RTPD,LMP,LMP_PRC,STCRUZ_LNODECXA,ALL,1,124.94919,4,1
2022-09-01T21:45:00-00:00,2022-09-01T22:00:00-00:00,2022-09-01,15,STCRUZ_LNODECXA,STCRUZ_LNODECXA,STCRUZ_LNODECXA,RTPD,LMP,LMP_PRC,STCRUZ_LNODECXA,ALL,1,208.5351,4,1
2022-09-01T22:45:00-00:00,2022-09-01T23:00:00-00:00,2022-09-01,16,STCRUZ_LNODECXA,STCRUZ_LNODECXA,STCRUZ_LNODECXA,RTPD,LMP,LMP_PRC,STCRUZ_LNODECXA,ALL,1,166.97919,4,1
2022-09-01T23:45:00-00:00,2022-09-02T00:00:00-00:00,2022-09-01,17,STCRUZ_LNODECXA,STCRUZ_LNODECXA,STCRUZ_LNODECXA,RTPD,LMP,LMP_PRC,STCRUZ_LNODECXA,ALL,1,1654.7148,4,1
2022-09-02T00:45:00-00:00,2022-09-02T01:00:00-00:00,2022-09-01,18,STCRUZ_LNODECXA,STCRUZ_LNODECXA,STCRUZ_LNODECXA,RTPD,LMP,LMP_PRC,STCRUZ_LNODECXA,ALL,1,1802.3091,4,1
2022-09-02T01:45:00-00:00,2022-09-02T02:00:00-00:00,2022-09-01,19,STCRUZ_LNODECXA,STCRUZ_LNODECXA,STCRUZ_LNODECXA,RTPD,LMP,LMP_PRC,STCRUZ_LNODECXA,ALL,1,1991.9325,4,1
2022-09-02T02:45:00-00:00,2022-09-02T03:00:00-00:00,2022-09-01,20,STCRUZ_LNODECXA,STCRUZ_LNODECXA,STCRUZ_LNODECXA,RTPD,LMP,LMP_PRC,STCRUZ_LNODECXA,ALL,1,1888.778,4,1
2022-09-02T03:45:00-00:00,2022-09-02T04:00:00-00:00,2022-09-01,21,STCRUZ_LNODECXA,STCRUZ_LNODECXA,STCRUZ_LNODECXA,RTPD,LMP,LMP_PRC,STCRUZ_LNODECXA,ALL,1,168.4309,4,1
2022-09-02T04:45:00-00:00,2022-09-02T05:00:00-00:00,2022-09-01,22,STCRUZ_LNODECXA,STCRUZ_LNODECXA,STCRUZ_LNODECXA,RTPD,LMP,LMP_PRC,STCRUZ_LNODECXA,ALL,1,138.64897,4,1
2022-09-02T05:45:00-00:00,2022-09-02T06:00:00-00:00,2022-09-01,23,STCRUZ_LNODECXA,STCRUZ_LNODECXA,STCRUZ_LNODECXA,RTPD,LMP,LMP_PRC,STCRUZ_LNODECXA,ALL,1,173.40486,4,1
2022-09-02T06:45:00-00:00,2022-09-02T07:00:00-00:00,2022-09-01,24,STCRUZ_LNODECXA,STCRUZ_LNODECXA,STCRUZ_LNODECXA,RTPD,LMP,LMP_PRC,STCRUZ_LNODECXA,ALL,1,115.01411,4,1
2022-09-01T07:00:00-00:00,2022-09-01T07:15:00-00:00,2022-09-01,01,STCRUZ_LNODECXA,STCRUZ_LNODECXA,STCRUZ_LNODECXA,RTPD,MCC,LMP_CONG_PRC,STCRUZ_LNODECXA,ALL,1,-19.39188,1,2
2022-09-01T08:00:00-00:00,2022-09-01T08:15:00-00:00,2022-09-01,02,STCRUZ_LNODECXA,STCRUZ_LNODECXA,STCRUZ_LNODECXA,RTPD,MCC,LMP_CONG_PRC,STCRUZ_LNODECXA,ALL,1,-3.50592,1,2
2022-09-01T09:00:00-00:00,2022-09-01T09:15:00-00:00,2022-09-01,03,STCRUZ_LNODECXA,STCRUZ_LNODECXA,STCRUZ_LNODECXA,RTPD,MCC,LMP_CONG_PRC,STCRUZ_LNODECXA,ALL,1,-4.69795,1,2
2022-09-01T10:00:00-00:00,2022-09-01T10:15:00-00:00,2022-09-01,04,STCRUZ_LNODECXA,STCRUZ_LNODECXA,STCRUZ_LNODECXA,RTPD,MCC,LMP_CONG_PRC,STCRUZ_LNODECXA,ALL,1,-4.07313,1,2
2022-09-01T11:00:00-00:00,2022-09-01T11:15:00-00:00,2022-09-01,05,STCRUZ_LNODECXA,STCRUZ_LNODECXA,STCRUZ_LNODECXA,RTPD,MCC,LMP_CONG_PRC,STCRUZ_LNODECXA,ALL,1,0.0012,1,2
2022-09-01T12:00:00-00:00,2022-09-01T12:15:00-00:00,2022-09-01,06,STCRUZ_LNODECXA,STCRUZ_LNODECXA,STCRUZ_LNODECXA,RTPD,MCC,LMP_CONG_PRC,STCRUZ_LNODECXA,ALL,1,-10.44611,1,2
2022-09-01T13:00:00-00:00,2022-09-01T13:15:00-00:00,2022-09-01,07,STCRUZ_LNODECXA,STCRUZ_LNODECXA,STCRUZ_LNODECXA,RTPD,MCC,LMP_CONG_PRC,STCRUZ_LNODECXA,ALL,1,-13.89396,1,2
2022-09-01T14:00:00-00:00,2022-09-01T14:15:00-00:00,2022-09-01,08,STCRUZ_LNODECXA,STCRUZ_LNODECXA,STCRUZ_LNODECXA,RTPD,MCC,LMP_CONG_PRC,STCRUZ_LNODECXA,ALL,1,-0.0012,1,2
2022-09-01T15:00:00-00:00,2022-09-01T15:15:00-00:00,2022-09-01,09,STCRUZ_LNODECXA,STCRUZ_LNODECXA,STCRUZ_LNODECXA,RTPD,MCC,LMP_CONG_PRC,STCRUZ_LNODECXA,ALL,1,0.0012,1,2
2022-09-01T16:00:00-00:00,2022-09-01T16:15:00-00:00,2022-09-01,10,STCRUZ_LNODECXA,STCRUZ_LNODECXA,STCRUZ_LNODECXA,RTPD,MCC,LMP_CONG_PRC,STCRUZ_LNODECXA,ALL,1,0.0012,1,2
2022-09-01T17:00:00-00:00,2022-09-01T17:15:00-00:00,2022-09-01,11,STCRUZ_LNODECXA,STCRUZ_LNODECXA,STCRUZ_LNODECXA,RTPD,MCC,LMP_CONG_PRC,STCRUZ_LNODECXA,ALL,1,-17.36556,1,2
2022-09-01T18:00:00-00:00,2022-09-01T18:15:00-00:00,2022-09-01,12,STCRUZ_LNODECXA,STCRUZ_LNODECXA,STCRUZ_LNODECXA,RTPD,MCC,LMP_CONG_PRC,STCRUZ_LNODECXA,ALL,1,-33.68886,1,2
2022-09-01T19:00:00-00:00,2022-09-01T19:15:00-00:00,2022-09-01,13,STCRUZ_LNODECXA,STCRUZ_LNODECXA,STCRUZ_LNODECXA,RTPD,MCC,LMP_CONG_PRC,STCRUZ_LNODECXA,ALL,1,-37.1743,1,2
2022-09-01T20:00:00-00:00,2022-09-01T20:15:00-00:00,2022-09-01,14,STCRUZ_LNODECXA,STCRUZ_LNODECXA,STCRUZ_LNODECXA,RTPD,MCC,LMP_CONG_PRC,STCRUZ_LNODECXA,ALL,1,-3.65383,1,2
2022-09-01T21:00:00-00:00,2022-09-01T21:15:00-00:00,2022-09-01,15,STCRUZ_LNODECXA,STCRUZ_LNODECXA,STCRUZ_LNODECXA,RTPD,MCC,LMP_CONG_PRC,STCRUZ_LNODECXA,ALL,1,-101.33779,1,2
2022-09-01T22:00:00-00:00,2022-09-01T22:15:00-00:00,2022-09-01,16,STCRUZ_LNODECXA,STCRUZ_LNODECXA,STCRUZ_LNODECXA,RTPD,MCC,LMP_CONG_PRC,STCRUZ_LNODECXA,ALL,1,-110.17551,1,2
2022-09-01T23:00:00-00:00,2022-09-01T23:15:00-00:00,2022-09-01,17,STCRUZ_LNODECXA,STCRUZ_LNODECXA,STCRUZ_LNODECXA,RTPD,MCC,LMP_CONG_PRC,STCRUZ_LNODECXA,ALL,1,-174.18318,1,2
2022-09-02T00:00:00-00:00,2022-09-02T00:15:00-00:00,2022-09-01,18,STCRUZ_LNODECXA,STCRUZ_LNODECXA,STCRUZ_LNODECXA,RTPD,MCC,LMP_CONG_PRC,STCRUZ_LNODECXA,ALL,1,329.09415,1,2
2022-09-02T01:00:00-00:00,2022-09-02T01:15:00-00:00,2022-09-01,19,STCRUZ_LNODECXA,STCRUZ_LNODECXA,STCRUZ_LNODECXA,RTPD,MCC,LMP_CONG_PRC,STCRUZ_LNODECXA,ALL,1,323.74142,1,2
2022-09-02T02:00:00-00:00,2022-09-02T02:15:00-00:00,2022-09-01,20,STCRUZ_LNODECXA,STCRUZ_LNODECXA,STCRUZ_LNODECXA,RTPD,MCC,LMP_CONG_PRC,STCRUZ_LNODECXA,ALL,1,-0.0012,1,2
2022-09-02T03:00:00-00:00,2022-09-02T03:15:00-00:00,2022-09-01,21,STCRUZ_LNODECXA,STCRUZ_LNODECXA,STCRUZ_LNODECXA,RTPD,MCC,LMP_CONG_PRC,STCRUZ_LNODECXA,ALL,1,402.7842,1,2
2022-09-02T04:00:00-00:00,2022-09-02T04:15:00-00:00,2022-09-01,22,STCRUZ_LNODECXA,STCRUZ_LNODECXA,STCRUZ_LNODECXA,RTPD,MCC,LMP_CONG_PRC,STCRUZ_LNODECXA,ALL,1,313.06934,1,2
2022-09-02T05:00:00-00:00,2022-09-02T05:15:00-00:00,2022-09-01,23,STCRUZ_LNODECXA,STCRUZ_LNODECXA,STCRUZ_LNODECXA,RTPD,MCC,LMP_CONG_PRC,STCRUZ_LNODECXA,ALL,1,0.0012,1,2
2022-09-02T06:00:00-00:00,2022-09-02T06:15:00-00:00,2022-09-01,24,STCRUZ_LNODECXA,STCRUZ_LNODECXA,STCRUZ_LNODECXA,RTPD,MCC,LMP_CONG_PRC,STCRUZ_LNODECXA,ALL,1,45.01371,1,2
2022-09-01T07:15:00-00:00,2022-09-01T07:30:00-00:00,2022-09-01,01,STCRUZ_LNODECXA,STCRUZ_LNODECXA,STCRUZ_LNODECXA,RTPD,MCC,LMP_CONG_PRC,STCRUZ_LNODECXA,ALL,1,-10.48623,2,2
2022-09-01T08:15:00-00:00,2022-09-01T08:30:00-00:00,2022-09-01,02,STCRUZ_LNODECXA,STCRUZ_LNODECXA,STCRUZ_LNODECXA,RTPD,MCC,LMP_CONG_PRC,STCRUZ_LNODECXA,ALL,1,-0.95608,2,2
2022-09-01T09:15:00-00:00,2022-09-01T09:30:00-00:00,2022-09-01,03,STCRUZ_LNODECXA,STCRUZ_LNODECXA,STCRUZ_LNODECXA,RTPD,MCC,LMP_CONG_PRC,STCRUZ_LNODECXA,ALL,1,-6.17556,2,2
2022-09-01T10:15:00-00:00,2022-09-01T10:30:00-00:00,2022-09-01,04,STCRUZ_LNODECXA,STCRUZ_LNODECXA,STCRUZ_LNODECXA,RTPD,MCC,LMP_CONG_PRC,STCRUZ_LNODECXA,ALL,1,-5.76393,2,2
2022-09-01T11:15:00-00:00,2022-09-01T11:30:00-00:00,2022-09-01,05,STCRUZ_LNODECXA,STCRUZ_LNODECXA,STCRUZ_LNODECXA,RTPD,MCC,LMP_CONG_PRC,STCRUZ_LNODECXA,ALL,1,0.0012,2,2
2022-09-01T12:15:00-00:00,2022-09-01T12:30:00-00:00,2022-09-01,06,STCRUZ_LNODECXA,STCRUZ_LNODECXA,STCRUZ_LNODECXA,RTPD,MCC,LMP_CONG_PRC,STCRUZ_LNODECXA,ALL,1,-6.3853,2,2
2022-09-01T13:15:00-00:00,2022-09-01T13:30:00-00:00,2022-09-01,07,STCRUZ_LNODECXA,STCRUZ_LNODECXA,STCRUZ_LNODECXA,RTPD,MCC,LMP_CONG_PRC,STCRUZ_LNODECXA,ALL,1,-0.59472,2,2
2022-09-01T14:15:00-00:00,2022-09-01T14:30:00-00:00,2022-09-01,08,STCRUZ_LNODECXA,STCRUZ_LNODECXA,STCRUZ_LNODECXA,RTPD,MCC,LMP_CONG_PRC,STCRUZ_LNODECXA,ALL,1,-0.0012,2,2
2022-09-01T15:15:00-00:00,2022-09-01T15:30:00-00:00,2022-09-01,09,STCRUZ_LNODECXA,STCRUZ_LNODECXA,STCRUZ_LNODECXA,RTPD,MCC,LMP_CONG_PRC,STCRUZ_LNODECXA,ALL,1,0.0012,2,2
2022-09-01T16:15:00-00:00,2022-09-01T16:30:00-00:00,2022-09-01,10,STCRUZ_LNODECXA,STCRUZ_LNODECXA,STCRUZ_LNODECXA,RTPD,MCC,LMP_CONG_PRC,STCRUZ_LNODECXA,ALL,1,-1.70104,2,2
2022-09-01T17:15:00-00:00,2022-09-01T17:30:00-00:00,2022-09-01,11,STCRUZ_LNODECXA,STCRUZ_LNODECXA,STCRUZ_LNODECXA,RTPD,MCC,LMP_CONG_PRC,STCRUZ_LNODECXA,ALL,1,-21.14581,2,2
2022-09-01T18:15:00-00:00,2022-09-01T18:30:00-00:00,2022-09-01,12,STCRUZ_LNODECXA,STCRUZ_LNODECXA,STCRUZ_LNODECXA,RTPD,MCC,LMP_CONG_PRC,STCRUZ_LNODECXA,ALL,1,-27.43275,2,2
2022-09-01T19:15:00-00:00,2022-09-01T19:30:00-00:00,2022-09-01,13,STCRUZ_LNODECXA,STCRUZ_LNODECXA,STCRUZ_LNODECXA,RTPD,MCC,LMP_CONG_PRC,STCRUZ_LNODECXA,ALL,1,-30.61182,2,2
2022-09-01T20:15:00-00:00,2022-09-01T20:30:00-00:00,2022-09-01,14,STCRUZ_LNODECXA,STCRUZ_LNODECXA,STCRUZ_LNODECXA,RTPD,MCC,LMP_CONG_PRC,STCRUZ_LNODECXA,ALL,1,-3.2401,2,2
2022-09-01T21:15:00-00:00,2022-09-01T21:30:00-00:00,2022-09-01,15,STCRUZ_LNODECXA,STCRUZ_LNODECXA,STCRUZ_LNODECXA,RTPD,MCC,LMP_CONG_PRC,STCRUZ_LNODECXA,ALL,1,-27.49239,2,2
2022-09-01T22:15:00-00:00,2022-09-01T22:30:00-00:00,2022-09-01,16,STCRUZ_LNODECXA,STCRUZ_LNODECXA,STCRUZ_LNODECXA,RTPD,MCC,LMP_CONG_PRC,STCRUZ_LNODECXA,ALL,1,-120.86429,2,2
2022-09-01T23:15:00-00:00,2022-09-01T23:30:00-00:00,2022-09-01,17,STCRUZ_LNODECXA,STCRUZ_LNODECXA,STCRUZ_LNODECXA,RTPD,MCC,LMP_CONG_PRC,STCRUZ_LNODECXA,ALL,1,-101.43066,2,2
2022-09-02T00:15:00-00:00,2022-09-02T00:30:00-00:00,2022-09-01,18,STCRUZ_LNODECXA,STCRUZ_LNODECXA,STCRUZ_LNODECXA,RTPD,MCC,LMP_CONG_PRC,STCRUZ_LNODECXA,ALL,1,318.87836,2,2
2022-09-02T01:15:00-00:00,2022-09-02T01:30:00-00:00,2022-09-01,19,STCRUZ_LNODECXA,STCRUZ_LNODECXA,STCRUZ_LNODECXA,RTPD,MCC,LMP_CONG_PRC,STCRUZ_LNODECXA,ALL,1,0.0012,2,2
2022-09-02T02:15:00-00:00,2022-09-02T02:30:00-00:00,2022-09-01,20,STCRUZ_LNODECXA,STCRUZ_LNODECXA,STCRUZ_LNODECXA,RTPD,MCC,LMP_CONG_PRC,STCRUZ_LNODECXA,ALL,1,-0.0012,2,2
2022-09-02T03:15:00-00:00,2022-09-02T03:30:00-00:00,2022-09-01,21,STCRUZ_LNODECXA,STCRUZ_LNODECXA,STCRUZ_LNODECXA,RTPD,MCC,LMP_CONG_PRC,STCRUZ_LNODECXA,ALL,1,141.2049,2,2
2022-09-02T04:15:00-00:00,2022-09-02T04:30:00-00:00,2022-09-01,22,STCRUZ_LNODECXA,STCRUZ_LNODECXA,STCRUZ_LNODECXA,RTPD,MCC,LMP_CONG_PRC,STCRUZ_LNODECXA,ALL,1,284.42862,2,2
2022-09-02T05:15:00-00:00,2022-09-02T05:30:00-00:00,2022-09-01,23,STCRUZ_LNODECXA,STCRUZ_LNODECXA,STCRUZ_LNODECXA,RTPD,MCC,LMP_CONG_PRC,STCRUZ_LNODECXA,ALL,1,0.0012,2,2
2022-09-02T06:15:00-00:00,2022-09-02T06:30:00-00:00,2022-09-01,24,STCRUZ_LNODECXA,STCRUZ_LNODECXA,STCRUZ_LNODECXA,RTPD,MCC,LMP_CONG_PRC,STCRUZ_LNODECXA,ALL,1,0.0012,2,2
2022-09-01T07:30:00-00:00,2022-09-01T07:45:00-00:00,2022-09-01,01,STCRUZ_LNODECXA,STCRUZ_LNODECXA,STCRUZ_LNODECXA,RTPD,MCC,LMP_CONG_PRC,STCRUZ_LNODECXA,ALL,1,-16.99003,3,2
2022-09-01T08:30:00-00:00,2022-09-01T08:45:00-00:00,2022-09-01,02,STCRUZ_LNODECXA,STCRUZ_LNODECXA,STCRUZ_LNODECXA,RTPD,MCC,LMP_CONG_PRC,STCRUZ_LNODECXA,ALL,1,0.00029,3,2
2022-09-01T09:30:00-00:00,2022-09-01T09:45:00-00:00,2022-09-01,03,STCRUZ_LNODECXA,STCRUZ_LNODECXA,STCRUZ_LNODECXA,RTPD,MCC,LMP_CONG_PRC,STCRUZ_LNODECXA,ALL,1,-6.12012,3,2
2022-09-01T10:30:00-00:00,2022-09-01T10:45:00-00:00,2022-09-01,04,STCRUZ_LNODECXA,STCRUZ_LNODECXA,STCRUZ_LNODECXA,RTPD,MCC,LMP_CONG_PRC,STCRUZ_LNODECXA,ALL,1,-3.25856,3,2
2022-09-01T11:30:00-00:00,2022-09-01T11:45:00-00:00,2022-09-01,05,STCRUZ_LNODECXA,STCRUZ_LNODECXA,STCRUZ_LNODECXA,RTPD,MCC,LMP_CONG_PRC,STCRUZ_LNODECXA,ALL,1,0.0012,3,2
2022-09-01T12:30:00-00:00,2022-09-01T12:45:00-00:00,2022-09-01,06,STCRUZ_LNODECXA,STCRUZ_LNODECXA,STCRUZ_LNODECXA,RTPD,MCC,LMP_CONG_PRC,STCRUZ_LNODECXA,ALL,1,-11.05682,3,2
2022-09-01T13:30:00-00:00,2022-09-01T13:45:00-00:00,2022-09-01,07,STCRUZ_LNODECXA,STCRUZ_LNODECXA,STCRUZ_LNODECXA,RTPD,MCC,LMP_CONG_PRC,STCRUZ_LNODECXA,ALL,1,-0.0012,3,2
2022-09-01T14:30:00-00:00,2022-09-01T14:45:00-00:00,2022-09-01,08,STCRUZ_LNODECXA,STCRUZ_LNODECXA,STCRUZ_LNODECXA,RTPD,MCC,LMP_CONG_PRC,STCRUZ_LNODECXA,ALL,1,-0.0012,3,2
2022-09-01T15:30:00-00:00,2022-09-01T15:45:00-00:00,2022-09-01,09,STCRUZ_LNODECXA,STCRUZ_LNODECXA,STCRUZ_LNODECXA,RTPD,MCC,LMP_CONG_PRC,STCRUZ_LNODECXA,ALL,1,0.0012,3,2
2022-09-01T16:30:00-00:00,2022-09-01T16:45:00-00:00,2022-09-01,10,STCRUZ_LNODECXA,STCRUZ_LNODECXA,STCRUZ_LNODECXA,RTPD,MCC,LMP_CONG_PRC,STCRUZ_LNODECXA,ALL,1,-14.24894,3,2
2022-09-01T17:30:00-00:00,2022-09-01T17:45:00-00:00,2022-09-01,11,STCRUZ_LNODECXA,STCRUZ_LNODECXA,STCRUZ_LNODECXA,RTPD,MCC,LMP_CONG_PRC,STCRUZ_LNODECXA,ALL,1,-21.21919,3,2
2022-09-01T18:30:00-00:00,2022-09-01T18:45:00-00:00,2022-09-01,12,STCRUZ_LNODECXA,STCRUZ_LNODECXA,STCRUZ_LNODECXA,RTPD,MCC,LMP_CONG_PRC,STCRUZ_LNODECXA,ALL,1,-28.60191,3,2
2022-09-01T19:30:00-00:00,2022-09-01T19:45:00-00:00,2022-09-01,13,STCRUZ_LNODECXA,STCRUZ_LNODECXA,STCRUZ_LNODECXA,RTPD,MCC,LMP_CONG_PRC,STCRUZ_LNODECXA,ALL,1,-13.17048,3,2
2022-09-01T20:30:00-00:00,2022-09-01T20:45:00-00:00,2022-09-01,14,STCRUZ_LNODECXA,STCRUZ_LNODECXA,STCRUZ_LNODECXA,RTPD,MCC,LMP_CONG_PRC,STCRUZ_LNODECXA,ALL,1,-13.07682,3,2
2022-09-01T21:30:00-00:00,2022-09-01T21:45:00-00:00,2022-09-01,15,STCRUZ_LNODECXA,STCRUZ_LNODECXA,STCRUZ_LNODECXA,RTPD,MCC,LMP_CONG_PRC,STCRUZ_LNODECXA,ALL,1,-25.25572,3,2
2022-09-01T22:30:00-00:00,2022-09-01T22:45:00-00:00,2022-09-01,16,STCRUZ_LNODECXA,STCRUZ_LNODECXA,STCRUZ_LNODECXA,RTPD,MCC,LMP_CONG_PRC,STCRUZ_LNODECXA,ALL,1,-129.4553,3,2
2022-09-01T23:30:00-00:00,2022-09-01T23:45:00-00:00,2022-09-01,17,STCRUZ_LNODECXA,STCRUZ_LNODECXA,STCRUZ_LNODECXA,RTPD,MCC,LMP_CONG_PRC,STCRUZ_LNODECXA,ALL,1,0.0012,3,2
2022-09-02T00:30:00-00:00,2022-09-02T00:45:00-00:00,2022-09-01,18,STCRUZ_LNODECXA,STCRUZ_LNODECXA,STCRUZ_LNODECXA,RTPD,MCC,LMP_CONG_PRC,STCRUZ_LNODECXA,ALL,1,451.7558,3,2
2022-09-02T01:30:00-00:00,2022-09-02T01:45:00-00:00,2022-09-01,19,STCRUZ_LNODECXA,STCRUZ_LNODECXA,STCRUZ_LNODECXA,RTPD,MCC,LMP_CONG_PRC,STCRUZ_LNODECXA,ALL,1,-0.0012,3,2
2022-09-02T02:30:00-00:00,2022-09-02T02:45:00-00:00,2022-09-01,20,STCRUZ_LNODECXA,STCRUZ_LNODECXA,STCRUZ_LNODECXA,RTPD,MCC,LMP_CONG_PRC,STCRUZ_LNODECXA,ALL,1,-0.0012,3,2
2022-09-02T03:30:00-00:00,2022-09-02T03:45:00-00:00,2022-09-01,21,STCRUZ_LNODECXA,STCRUZ_LNODECXA,STCRUZ_LNODECXA,RTPD,MCC,LMP_CONG_PRC,STCRUZ_LNODECXA,ALL,1,31.76773,3,2
2022-09-02T04:30:00-00:00,2022-09-02T04:45:00-00:00,2022-09-01,22,STCRUZ_LNODECXA,STCRUZ_LNODECXA,STCRUZ_LNODECXA,RTPD,MCC,LMP_CONG_PRC,STCRUZ_LNODECXA,ALL,1,152.39874,3,2
2022-09-02T05:30:00-00:00,2022-09-02T05:45:00-00:00,2022-09-01,23,STCRUZ_LNODECXA,STCRUZ_LNODECXA,STCRUZ_LNODECXA,RTPD,MCC,LMP_CONG_PRC,STCRUZ_LNODECXA,ALL,1,0.0012,3,2
2022-09-02T06:30:00-00:00,2022-09-02T06:45:00-00:00,2022-09-01,24,STCRUZ_LNODECXA,STCRUZ_LNODECXA,STCRUZ_LNODECXA,RTPD,MCC,LMP_CONG_PRC,STCRUZ_LNODECXA,ALL,1,0.0012,3,2
2022-09-01T07:45:00-00:00,2022-09-01T08:00:00-00:00,2022-09-01,01,STCRUZ_LNODECXA,STCRUZ_LNODECXA,STCRUZ_LNODECXA,RTPD,MCC,LMP_CONG_PRC,STCRUZ_LNODECXA,ALL,1,-19.32441,4,2
2022-09-01T08:45:00-00:00,2022-09-01T09:00:00-00:00,2022-09-01,02,STCRUZ_LNODECXA,STCRUZ_LNODECXA,STCRUZ_LNODECXA,RTPD,MCC,LMP_CONG_PRC,STCRUZ_LNODECXA,ALL,1,-4.71643,4,2
2022-09-01T09:45:00-00:00,2022-09-01T10:00:00-00:00,2022-09-01,03,STCRUZ_LNODECXA,STCRUZ_LNODECXA,STCRUZ_LNODECXA,RTPD,MCC,LMP_CONG_PRC,STCRUZ_LNODECXA,ALL,1,-5.46204,4,2
2022-09-01T10:45:00-00:00,2022-09-01T11:00:00-00:00,2022-09-01,04,STCRUZ_LNODECXA,STCRUZ_LNODECXA,STCRUZ_LNODECXA,RTPD,MCC,LMP_CONG_PRC,STCRUZ_LNODECXA,ALL,1,-1.27952,4,2
2022-09-01T11:45:00-00:00,2022-09-01T12:00:00-00:00,2022-09-01,05,STCRUZ_LNODECXA,STCRUZ_LNODECXA,STCRUZ_LNODECXA,RTPD,MCC,LMP_CONG_PRC,STCRUZ_LNODECXA,ALL,1,0.0012,4,2
2022-09-01T12:45:00-00:00,2022-09-01T13:00:00-00:00,2022-09-01,06,STCRUZ_LNODECXA,STCRUZ_LNODECXA,STCRUZ_LNODECXA,RTPD,MCC,LMP_CONG_PRC,STCRUZ_LNODECXA,ALL,1,-2.4614,4,2
2022-09-01T13:45:00-00:00,2022-09-01T14:00:00-00:00,2022-09-01,07,STCRUZ_LNODECXA,STCRUZ_LNODECXA,STCRUZ_LNODECXA,RTPD,MCC,LMP_CONG_PRC,STCRUZ_LNODECXA,ALL,1,-0.0012,4,2
2022-09-01T14:45:00-00:00,2022-09-01T15:00:00-00:00,2022-09-01,08,STCRUZ_LNODECXA,STCRUZ_LNODECXA,STCRUZ_LNODECXA,RTPD,MCC,LMP_CONG_PRC,STCRUZ_LNODECXA,ALL,1,0.0012,4,2
2022-09-01T15:45:00-00:00,2022-09-01T16:00:00-00:00,2022-09-01,09,STCRUZ_LNODECXA,STCRUZ_LNODECXA,STCRUZ_LNODECXA,RTPD,MCC,LMP_CONG_PRC,STCRUZ_LNODECXA,ALL,1,0.0012,4,2
2022-09-01T16:45:00-00:00,2022-09-01T17:00:00-00:00,2022-09-01,10,STCRUZ_LNODECXA,STCRUZ_LNODECXA,STCRUZ_LNODECXA,RTPD,MCC,LMP_CONG_PRC,STCRUZ_LNODECXA,ALL,1,-12.90047,4,2
2022-09-01T17:45:00-00:00,2022-09-01T18:00:00-00:00,2022-09-01,11,STCRUZ_LNODECXA,STCRUZ_LNODECXA,STCRUZ_LNODECXA,RTPD,MCC,LMP_CONG_PRC,STCRUZ_LNODECXA,ALL,1,-20.8925,4,2
2022-09-01T18:45:00-00:00,2022-09-01T19:00:00-00:00,2022-09-01,12,STCRUZ_LNODECXA,STCRUZ_LNODECXA,STCRUZ_LNODECXA,RTPD,MCC,LMP_CONG_PRC,STCRUZ_LNODECXA,ALL,1,-28.49243,4,2
2022-09-01T19:45:00-00:00,2022-09-01T20:00:00-00:00,2022-09-01,13,STCRUZ_LNODECXA,STCRUZ_LNODECXA,STCRUZ_LNODECXA,RTPD,MCC,LMP_CONG_PRC,STCRUZ_LNODECXA,ALL,1,-14.2688,4,2
2022-09-01T20:45:00-00:00,2022-09-01T21:00:00-00:00,2022-09-01,14,STCRUZ_LNODECXA,STCRUZ_LNODECXA,STCRUZ_LNODECXA,RTPD,MCC,LMP_CONG_PRC,STCRUZ_LNODECXA,ALL,1,-29.0759,4,2
2022-09-01T21:45:00-00:00,2022-09-01T22:00:00-00:00,2022-09-01,15,STCRUZ_LNODECXA,STCRUZ_LNODECXA,STCRUZ_LNODECXA,RTPD,MCC,LMP_CONG_PRC,STCRUZ_LNODECXA,ALL,1,-91.75867,4,2
2022-09-01T22:45:00-00:00,2022-09-01T23:00:00-00:00,2022-09-01,16,STCRUZ_LNODECXA,STCRUZ_LNODECXA,STCRUZ_LNODECXA,RTPD,MCC,LMP_CONG_PRC,STCRUZ_LNODECXA,ALL,1,-262.9345,4,2
2022-09-01T23:45:00-00:00,2022-09-02T00:00:00-00:00,2022-09-01,17,STCRUZ_LNODECXA,STCRUZ_LNODECXA,STCRUZ_LNODECXA,RTPD,MCC,LMP_CONG_PRC,STCRUZ_LNODECXA,ALL,1,393.5024,4,2
2022-09-02T00:45:00-00:00,2022-09-02T01:00:00-00:00,2022-09-01,18,STCRUZ_LNODECXA,STCRUZ_LNODECXA,STCRUZ_LNODECXA,RTPD,MCC,LMP_CONG_PRC,STCRUZ_LNODECXA,ALL,1,283.16006,4,2
2022-09-02T01:45:00-00:00,2022-09-02T02:00:00-00:00,2022-09-01,19,STCRUZ_LNODECXA,STCRUZ_LNODECXA,STCRUZ_LNODECXA,RTPD,MCC,LMP_CONG_PRC,STCRUZ_LNODECXA,ALL,1,-0.0012,4,2
2022-09-02T02:45:00-00:00,2022-09-02T03:00:00-00:00,2022-09-01,20,STCRUZ_LNODECXA,STCRUZ_LNODECXA,STCRUZ_LNODECXA,RTPD,MCC,LMP_CONG_PRC,STCRUZ_LNODECXA,ALL,1,128.94992,4,2
2022-09-02T03:45:00-00:00,2022-09-02T04:00:00-00:00,2022-09-01,21,STCRUZ_LNODECXA,STCRUZ_LNODECXA,STCRUZ_LNODECXA,RTPD,MCC,LMP_CONG_PRC,STCRUZ_LNODECXA,ALL,1,18.50112,4,2
2022-09-02T04:45:00-00:00,2022-09-02T05:00:00-00:00,2022-09-01,22,STCRUZ_LNODECXA,STCRUZ_LNODECXA,STCRUZ_LNODECXA,RTPD,MCC,LMP_CONG_PRC,STCRUZ_LNODECXA,ALL,1,1.9342,4,2
2022-09-02T05:45:00-00:00,2022-09-02T06:00:00-00:00,2022-09-01,23,STCRUZ_LNODECXA,STCRUZ_LNODECXA,STCRUZ_LNODECXA,RTPD,MCC,LMP_CONG_PRC,STCRUZ_LNODECXA,ALL,1,48.24243,4,2
2022-09-02T06:45:00-00:00,2022-09-02T07:00:00-00:00,2022-09-01,24,STCRUZ_LNODECXA,STCRUZ_LNODECXA,STCRUZ_LNODECXA,RTPD,MCC,LMP_CONG_PRC,STCRUZ_LNODECXA,ALL,1,0.0012,4,2
2022-09-01T07:00:00-00:00,2022-09-01T07:15:00-00:00,2022-09-01,01,STCRUZ_LNODECXA,STCRUZ_LNODECXA,STCRUZ_LNODECXA,RTPD,MCE,LMP_ENE_PRC,STCRUZ_LNODECXA,ALL,1,104.23471,1,3
2022-09-01T08:00:00-00:00,2022-09-01T08:15:00-00:00,2022-09-01,02,STCRUZ_LNODECXA,STCRUZ_LNODECXA,STCRUZ_LNODECXA,RTPD,MCE,LMP_ENE_PRC,STCRUZ_LNODECXA,ALL,1,115.5488,1,3
2022-09-01T09:00:00-00:00,2022-09-01T09:15:00-00:00,2022-09-01,03,STCRUZ_LNODECXA,STCRUZ_LNODECXA,STCRUZ_LNODECXA,RTPD,MCE,LMP_ENE_PRC,STCRUZ_LNODECXA,ALL,1,99.73061,1,3
2022-09-01T10:00:00-00:00,2022-09-01T10:15:00-00:00,2022-09-01,04,STCRUZ_LNODECXA,STCRUZ_LNODECXA,STCRUZ_LNODECXA,RTPD,MCE,LMP_ENE_PRC,STCRUZ_LNODECXA,ALL,1,98.64222,1,3
2022-09-01T11:00:00-00:00,2022-09-01T11:15:00-00:00,2022-09-01,05,STCRUZ_LNODECXA,STCRUZ_LNODECXA,STCRUZ_LNODECXA,RTPD,MCE,LMP_ENE_PRC,STCRUZ_LNODECXA,ALL,1,102.56859,1,3
2022-09-01T12:00:00-00:00,2022-09-01T12:15:00-00:00,2022-09-01,06,STCRUZ_LNODECXA,STCRUZ_LNODECXA,STCRUZ_LNODECXA,RTPD,MCE,LMP_ENE_PRC,STCRUZ_LNODECXA,ALL,1,96.90845,1,3
2022-09-01T13:00:00-00:00,2022-09-01T13:15:00-00:00,2022-09-01,07,STCRUZ_LNODECXA,STCRUZ_LNODECXA,STCRUZ_LNODECXA,RTPD,MCE,LMP_ENE_PRC,STCRUZ_LNODECXA,ALL,1,101.80878,1,3
2022-09-01T14:00:00-00:00,2022-09-01T14:15:00-00:00,2022-09-01,08,STCRUZ_LNODECXA,STCRUZ_LNODECXA,STCRUZ_LNODECXA,RTPD,MCE,LMP_ENE_PRC,STCRUZ_LNODECXA,ALL,1,111.11219,1,3
2022-09-01T15:00:00-00:00,2022-09-01T15:15:00-00:00,2022-09-01,09,STCRUZ_LNODECXA,STCRUZ_LNODECXA,STCRUZ_LNODECXA,RTPD,MCE,LMP_ENE_PRC,STCRUZ_LNODECXA,ALL,1,97.4112,1,3
2022-09-01T16:00:00-00:00,2022-09-01T16:15:00-00:00,2022-09-01,10,STCRUZ_LNODECXA,STCRUZ_LNODECXA,STCRUZ_LNODECXA,RTPD,MCE,LMP_ENE_PRC,STCRUZ_LNODECXA,ALL,1,83.43525,1,3
2022-09-01T17:00:00-00:00,2022-09-01T17:15:00-00:00,2022-09-01,11,STCRUZ_LNODECXA,STCRUZ_LNODECXA,STCRUZ_LNODECXA,RTPD,MCE,LMP_ENE_PRC,STCRUZ_LNODECXA,ALL,1,96.94897,1,3
2022-09-01T18:00:00-00:00,2022-09-01T18:15:00-00:00,2022-09-01,12,STCRUZ_LNODECXA,STCRUZ_LNODECXA,STCRUZ_LNODECXA,RTPD,MCE,LMP_ENE_PRC,STCRUZ_LNODECXA,ALL,1,91.59291,1,3
2022-09-01T19:00:00-00:00,2022-09-01T19:15:00-00:00,2022-09-01,13,STCRUZ_LNODECXA,STCRUZ_LNODECXA,STCRUZ_LNODECXA,RTPD,MCE,LMP_ENE_PRC,STCRUZ_LNODECXA,ALL,1,109.19637,1,3
2022-09-01T20:00:00-00:00,2022-09-01T20:15:00-00:00,2022-09-01,14,STCRUZ_LNODECXA,STCRUZ_LNODECXA,STCRUZ_LNODECXA,RTPD,MCE,LMP_ENE_PRC,STCRUZ_LNODECXA,ALL,1,117.94359,1,3
2022-09-01T21:00:00-00:00,2022-09-01T21:15:00-00:00,2022-09-01,15,STCRUZ_LNODECXA,STCRUZ_LNODECXA,STCRUZ_LNODECXA,RTPD,MCE,LMP_ENE_PRC,STCRUZ_LNODECXA,ALL,1,226.61499,1,3
2022-09-01T22:00:00-00:00,2022-09-01T22:15:00-00:00,2022-09-01,16,STCRUZ_LNODECXA,STCRUZ_LNODECXA,STCRUZ_LNODECXA,RTPD,MCE,LMP_ENE_PRC,STCRUZ_LNODECXA,ALL,1,229.18552,1,3
2022-09-01T23:00:00-00:00,2022-09-01T23:15:00-00:00,2022-09-01,17,STCRUZ_LNODECXA,STCRUZ_LNODECXA,STCRUZ_LNODECXA,RTPD,MCE,LMP_ENE_PRC,STCRUZ_LNODECXA,ALL,1,386.7537,1,3
2022-09-02T00:00:00-00:00,2022-09-02T00:15:00-00:00,2022-09-01,18,STCRUZ_LNODECXA,STCRUZ_LNODECXA,STCRUZ_LNODECXA,RTPD,MCE,LMP_ENE_PRC,STCRUZ_LNODECXA,ALL,1,770.58136,1,3
2022-09-02T01:00:00-00:00,2022-09-02T01:15:00-00:00,2022-09-01,19,STCRUZ_LNODECXA,STCRUZ_LNODECXA,STCRUZ_LNODECXA,RTPD,MCE,LMP_ENE_PRC,STCRUZ_LNODECXA,ALL,1,916.27124,1,3
2022-09-02T02:00:00-00:00,2022-09-02T02:15:00-00:00,2022-09-01,20,STCRUZ_LNODECXA,STCRUZ_LNODECXA,STCRUZ_LNODECXA,RTPD,MCE,LMP_ENE_PRC,STCRUZ_LNODECXA,ALL,1,1991.6721,1,3
2022-09-02T03:00:00-00:00,2022-09-02T03:15:00-00:00,2022-09-01,21,STCRUZ_LNODECXA,STCRUZ_LNODECXA,STCRUZ_LNODECXA,RTPD,MCE,LMP_ENE_PRC,STCRUZ_LNODECXA,ALL,1,917.5508,1,3
2022-09-02T04:00:00-00:00,2022-09-02T04:15:00-00:00,2022-09-01,22,STCRUZ_LNODECXA,STCRUZ_LNODECXA,STCRUZ_LNODECXA,RTPD,MCE,LMP_ENE_PRC,STCRUZ_LNODECXA,ALL,1,257.83005,1,3
2022-09-02T05:00:00-00:00,2022-09-02T05:15:00-00:00,2022-09-01,23,STCRUZ_LNODECXA,STCRUZ_LNODECXA,STCRUZ_LNODECXA,RTPD,MCE,LMP_ENE_PRC,STCRUZ_LNODECXA,ALL,1,183.24657,1,3
2022-09-02T06:00:00-00:00,2022-09-02T06:15:00-00:00,2022-09-01,24,STCRUZ_LNODECXA,STCRUZ_LNODECXA,STCRUZ_LNODECXA,RTPD,MCE,LMP_ENE_PRC,STCRUZ_LNODECXA,ALL,1,158.867,1,3
2022-09-01T07:15:00-00:00,2022-09-01T07:30:00-00:00,2022-09-01,01,STCRUZ_LNODECXA,STCRUZ_LNODECXA,STCRUZ_LNODECXA,RTPD,MCE,LMP_ENE_PRC,STCRUZ_LNODECXA,ALL,1,125.55144,2,3
2022-09-01T08:15:00-00:00,2022-09-01T08:30:00-00:00,2022-09-01,02,STCRUZ_LNODECXA,STCRUZ_LNODECXA,STCRUZ_LNODECXA,RTPD,MCE,LMP_ENE_PRC,STCRUZ_LNODECXA,ALL,1,115.53165,2,3
2022-09-01T09:15:00-00:00,2022-09-01T09:30:00-00:00,2022-09-01,03,STCRUZ_LNODECXA,STCRUZ_LNODECXA,STCRUZ_LNODECXA,RTPD,MCE,LMP_ENE_PRC,STCRUZ_LNODECXA,ALL,1,98.30543,2,3
2022-09-01T10:15:00-00:00,2022-09-01T10:30:00-00:00,2022-09-01,04,STCRUZ_LNODECXA,STCRUZ_LNODECXA,STCRUZ_LNODECXA,RTPD,MCE,LMP_ENE_PRC,STCRUZ_LNODECXA,ALL,1,97.00684,2,3
2022-09-01T11:15:00-00:00,2022-09-01T11:30:00-00:00,2022-09-01,05,STCRUZ_LNODECXA,STCRUZ_LNODECXA,STCRUZ_LNODECXA,RTPD,MCE,LMP_ENE_PRC,STCRUZ_LNODECXA,ALL,1,103.09059,2,3
2022-09-01T12:15:00-00:00,2022-09-01T12:30:00-00:00,2022-09-01,06,STCRUZ_LNODECXA,STCRUZ_LNODECXA,STCRUZ_LNODECXA,RTPD,MCE,LMP_ENE_PRC,STCRUZ_LNODECXA,ALL,1,109.32203,2,3
2022-09-01T13:15:00-00:00,2022-09-01T13:30:00-00:00,2022-09-01,07,STCRUZ_LNODECXA,STCRUZ_LNODECXA,STCRUZ_LNODECXA,RTPD,MCE,LMP_ENE_PRC,STCRUZ_LNODECXA,ALL,1,110.97827,2,3
2022-09-01T14:15:00-00:00,2022-09-01T14:30:00-00:00,2022-09-01,08,STCRUZ_LNODECXA,STCRUZ_LNODECXA,STCRUZ_LNODECXA,RTPD,MCE,LMP_ENE_PRC,STCRUZ_LNODECXA,ALL,1,104.78743,2,3
2022-09-01T15:15:00-00:00,2022-09-01T15:30:00-00:00,2022-09-01,09,STCRUZ_LNODECXA,STCRUZ_LNODECXA,STCRUZ_LNODECXA,RTPD,MCE,LMP_ENE_PRC,STCRUZ_LNODECXA,ALL,1,86.9388,2,3
2022-09-01T16:15:00-00:00,2022-09-01T16:30:00-00:00,2022-09-01,10,STCRUZ_LNODECXA,STCRUZ_LNODECXA,STCRUZ_LNODECXA,RTPD,MCE,LMP_ENE_PRC,STCRUZ_LNODECXA,ALL,1,89.44858,2,3
2022-09-01T17:15:00-00:00,2022-09-01T17:30:00-00:00,2022-09-01,11,STCRUZ_LNODECXA,STCRUZ_LNODECXA,STCRUZ_LNODECXA,RTPD,MCE,LMP_ENE_PRC,STCRUZ_LNODECXA,ALL,1,99.34673,2,3
2022-09-01T18:15:00-00:00,2022-09-01T18:30:00-00:00,2022-09-01,12,STCRUZ_LNODECXA,STCRUZ_LNODECXA,STCRUZ_LNODECXA,RTPD,MCE,LMP_ENE_PRC,STCRUZ_LNODECXA,ALL,1,101.15901,2,3
2022-09-01T19:15:00-00:00,2022-09-01T19:30:00-00:00,2022-09-01,13,STCRUZ_LNODECXA,STCRUZ_LNODECXA,STCRUZ_LNODECXA,RTPD,MCE,LMP_ENE_PRC,STCRUZ_LNODECXA,ALL,1,105.30588,2,3
2022-09-01T20:15:00-00:00,2022-09-01T20:30:00-00:00,2022-09-01,14,STCRUZ_LNODECXA,STCRUZ_LNODECXA,STCRUZ_LNODECXA,RTPD,MCE,LMP_ENE_PRC,STCRUZ_LNODECXA,ALL,1,117.49421,2,3
2022-09-01T21:15:00-00:00,2022-09-01T21:30:00-00:00,2022-09-01,15,STCRUZ_LNODECXA,STCRUZ_LNODECXA,STCRUZ_LNODECXA,RTPD,MCE,LMP_ENE_PRC,STCRUZ_LNODECXA,ALL,1,147.21185,2,3
2022-09-01T22:15:00-00:00,2022-09-01T22:30:00-00:00,2022-09-01,16,STCRUZ_LNODECXA,STCRUZ_LNODECXA,STCRUZ_LNODECXA,RTPD,MCE,LMP_ENE_PRC,STCRUZ_LNODECXA,ALL,1,256.58734,2,3
2022-09-01T23:15:00-00:00,2022-09-01T23:30:00-00:00,2022-09-01,17,STCRUZ_LNODECXA,STCRUZ_LNODECXA,STCRUZ_LNODECXA,RTPD,MCE,LMP_ENE_PRC,STCRUZ_LNODECXA,ALL,1,362.12408,2,3
2022-09-02T00:15:00-00:00,2022-09-02T00:30:00-00:00,2022-09-01,18,STCRUZ_LNODECXA,STCRUZ_LNODECXA,STCRUZ_LNODECXA,RTPD,MCE,LMP_ENE_PRC,STCRUZ_LNODECXA,ALL,1,691.2182,2,3
2022-09-02T01:15:00-00:00,2022-09-02T01:30:00-00:00,2022-09-01,19,STCRUZ_LNODECXA,STCRUZ_LNODECXA,STCRUZ_LNODECXA,RTPD,MCE,LMP_ENE_PRC,STCRUZ_LNODECXA,ALL,1,1999.9933,2,3
2022-09-02T02:15:00-00:00,2022-09-02T02:30:00-00:00,2022-09-01,20,STCRUZ_LNODECXA,STCRUZ_LNODECXA,STCRUZ_LNODECXA,RTPD,MCE,LMP_ENE_PRC,STCRUZ_LNODECXA,ALL,1,1991.6721,2,3
2022-09-02T03:15:00-00:00,2022-09-02T03:30:00-00:00,2022-09-01,21,STCRUZ_LNODECXA,STCRUZ_LNODECXA,STCRUZ_LNODECXA,RTPD,MCE,LMP_ENE_PRC,STCRUZ_LNODECXA,ALL,1,400.52884,2,3
2022-09-02T04:15:00-00:00,2022-09-02T04:30:00-00:00,2022-09-01,22,STCRUZ_LNODECXA,STCRUZ_LNODECXA,STCRUZ_LNODECXA,RTPD,MCE,LMP_ENE_PRC,STCRUZ_LNODECXA,ALL,1,224.75041,2,3
2022-09-02T05:15:00-00:00,2022-09-02T05:30:00-00:00,2022-09-01,23,STCRUZ_LNODECXA,STCRUZ_LNODECXA,STCRUZ_LNODECXA,RTPD,MCE,LMP_ENE_PRC,STCRUZ_LNODECXA,ALL,1,157.11986,2,3
2022-09-02T06:15:00-00:00,2022-09-02T06:30:00-00:00,2022-09-01,24,STCRUZ_LNODECXA,STCRUZ_LNODECXA,STCRUZ_LNODECXA,RTPD,MCE,LMP_ENE_PRC,STCRUZ_LNODECXA,ALL,1,143.1005,2,3
2022-09-01T07:30:00-00:00,2022-09-01T07:45:00-00:00,2022-09-01,01,STCRUZ_LNODECXA,STCRUZ_LNODECXA,STCRUZ_LNODECXA,RTPD,MCE,LMP_ENE_PRC,STCRUZ_LNODECXA,ALL,1,119.03196,3,3
2022-09-01T08:30:00-00:00,2022-09-01T08:45:00-00:00,2022-09-01,02,STCRUZ_LNODECXA,STCRUZ_LNODECXA,STCRUZ_LNODECXA,RTPD,MCE,LMP_ENE_PRC,STCRUZ_LNODECXA,ALL,1,111.11241,3,3
2022-09-01T09:30:00-00:00,2022-09-01T09:45:00-00:00,2022-09-01,03,STCRUZ_LNODECXA,STCRUZ_LNODECXA,STCRUZ_LNODECXA,RTPD,MCE,LMP_ENE_PRC,STCRUZ_LNODECXA,ALL,1,98.16228,3,3
2022-09-01T10:30:00-00:00,2022-09-01T10:45:00-00:00,2022-09-01,04,STCRUZ_LNODECXA,STCRUZ_LNODECXA,STCRUZ_LNODECXA,RTPD,MCE,LMP_ENE_PRC,STCRUZ_LNODECXA,ALL,1,96.36226,3,3
2022-09-01T11:30:00-00:00,2022-09-01T11:45:00-00:00,2022-09-01,05,STCRUZ_LNODECXA,STCRUZ_LNODECXA,STCRUZ_LNODECXA,RTPD,MCE,LMP_ENE_PRC,STCRUZ_LNODECXA,ALL,1,103.06198,3,3
2022-09-01T12:30:00-00:00,2022-09-01T12:45:00-00:00,2022-09-01,06,STCRUZ_LNODECXA,STCRUZ_LNODECXA,STCRUZ_LNODECXA,RTPD,MCE,LMP_ENE_PRC,STCRUZ_LNODECXA,ALL,1,113.57403,3,3
2022-09-01T13:30:00-00:00,2022-09-01T13:45:00-00:00,2022-09-01,07,STCRUZ_LNODECXA,STCRUZ_LNODECXA,STCRUZ_LNODECXA,RTPD,MCE,LMP_ENE_PRC,STCRUZ_LNODECXA,ALL,1,111.52025,3,3
2022-09-01T14:30:00-00:00,2022-09-01T14:45:00-00:00,2022-09-01,08,STCRUZ_LNODECXA,STCRUZ_LNODECXA,STCRUZ_LNODECXA,RTPD,MCE,LMP_ENE_PRC,STCRUZ_LNODECXA,ALL,1,101.83428,3,3
2022-09-01T15:30:00-00:00,2022-09-01T15:45:00-00:00,2022-09-01,09,STCRUZ_LNODECXA,STCRUZ_LNODECXA,STCRUZ_LNODECXA,RTPD,MCE,LMP_ENE_PRC,STCRUZ_LNODECXA,ALL,1,86.1388,3,3
2022-09-01T16:30:00-00:00,2022-09-01T16:45:00-00:00,2022-09-01,10,STCRUZ_LNODECXA,STCRUZ_LNODECXA,STCRUZ_LNODECXA,RTPD,MCE,LMP_ENE_PRC,STCRUZ_LNODECXA,ALL,1,88.79644,3,3
2022-09-01T17:30:00-00:00,2022-09-01T17:45:00-00:00,2022-09-01,11,STCRUZ_LNODECXA,STCRUZ_LNODECXA,STCRUZ_LNODECXA,RTPD,MCE,LMP_ENE_PRC,STCRUZ_LNODECXA,ALL,1,99.13013,3,3
2022-09-01T18:30:00-00:00,2022-09-01T18:45:00-00:00,2022-09-01,12,STCRUZ_LNODECXA,STCRUZ_LNODECXA,STCRUZ_LNODECXA,RTPD,MCE,LMP_ENE_PRC,STCRUZ_LNODECXA,ALL,1,107.05718,3,3
2022-09-01T19:30:00-00:00,2022-09-01T19:45:00-00:00,2022-09-01,13,STCRUZ_LNODECXA,STCRUZ_LNODECXA,STCRUZ_LNODECXA,RTPD,MCE,LMP_ENE_PRC,STCRUZ_LNODECXA,ALL,1,114.05905,3,3
2022-09-01T20:30:00-00:00,2022-09-01T20:45:00-00:00,2022-09-01,14,STCRUZ_LNODECXA,STCRUZ_LNODECXA,STCRUZ_LNODECXA,RTPD,MCE,LMP_ENE_PRC,STCRUZ_LNODECXA,ALL,1,129.81606,3,3
2022-09-01T21:30:00-00:00,2022-09-01T21:45:00-00:00,2022-09-01,15,STCRUZ_LNODECXA,STCRUZ_LNODECXA,STCRUZ_LNODECXA,RTPD,MCE,LMP_ENE_PRC,STCRUZ_LNODECXA,ALL,1,152.93057,3,3
2022-09-01T22:30:00-00:00,2022-09-01T22:45:00-00:00,2022-09-01,16,STCRUZ_LNODECXA,STCRUZ_LNODECXA,STCRUZ_LNODECXA,RTPD,MCE,LMP_ENE_PRC,STCRUZ_LNODECXA,ALL,1,283.18182,3,3
2022-09-01T23:30:00-00:00,2022-09-01T23:45:00-00:00,2022-09-01,17,STCRUZ_LNODECXA,STCRUZ_LNODECXA,STCRUZ_LNODECXA,RTPD,MCE,LMP_ENE_PRC,STCRUZ_LNODECXA,ALL,1,566.48157,3,3
2022-09-02T00:30:00-00:00,2022-09-02T00:45:00-00:00,2022-09-01,18,STCRUZ_LNODECXA,STCRUZ_LNODECXA,STCRUZ_LNODECXA,RTPD,MCE,LMP_ENE_PRC,STCRUZ_LNODECXA,ALL,1,1329.1127,3,3
2022-09-02T01:30:00-00:00,2022-09-02T01:45:00-00:00,2022-09-01,19,STCRUZ_LNODECXA,STCRUZ_LNODECXA,STCRUZ_LNODECXA,RTPD,MCE,LMP_ENE_PRC,STCRUZ_LNODECXA,ALL,1,1999.9956,3,3
2022-09-02T02:30:00-00:00,2022-09-02T02:45:00-00:00,2022-09-01,20,STCRUZ_LNODECXA,STCRUZ_LNODECXA,STCRUZ_LNODECXA,RTPD,MCE,LMP_ENE_PRC,STCRUZ_LNODECXA,ALL,1,1991.671,3,3
2022-09-02T03:30:00-00:00,2022-09-02T03:45:00-00:00,2022-09-01,21,STCRUZ_LNODECXA,STCRUZ_LNODECXA,STCRUZ_LNODECXA,RTPD,MCE,LMP_ENE_PRC,STCRUZ_LNODECXA,ALL,1,186.61823,3,3
2022-09-02T04:30:00-00:00,2022-09-02T04:45:00-00:00,2022-09-01,22,STCRUZ_LNODECXA,STCRUZ_LNODECXA,STCRUZ_LNODECXA,RTPD,MCE,LMP_ENE_PRC,STCRUZ_LNODECXA,ALL,1,180.67824,3,3
2022-09-02T05:30:00-00:00,2022-09-02T05:45:00-00:00,2022-09-01,23,STCRUZ_LNODECXA,STCRUZ_LNODECXA,STCRUZ_LNODECXA,RTPD,MCE,LMP_ENE_PRC,STCRUZ_LNODECXA,ALL,1,131.69917,3,3
2022-09-02T06:30:00-00:00,2022-09-02T06:45:00-00:00,2022-09-01,24,STCRUZ_LNODECXA,STCRUZ_LNODECXA,STCRUZ_LNODECXA,RTPD,MCE,LMP_ENE_PRC,STCRUZ_LNODECXA,ALL,1,128.9871,3,3
2022-09-01T07:45:00-00:00,2022-09-01T08:00:00-00:00,2022-09-01,01,STCRUZ_LNODECXA,STCRUZ_LNODECXA,STCRUZ_LNODECXA,RTPD,MCE,LMP_ENE_PRC,STCRUZ_LNODECXA,ALL,1,109.12099,4,3
2022-09-01T08:45:00-00:00,2022-09-01T09:00:00-00:00,2022-09-01,02,STCRUZ_LNODECXA,STCRUZ_LNODECXA,STCRUZ_LNODECXA,RTPD,MCE,LMP_ENE_PRC,STCRUZ_LNODECXA,ALL,1,98.7357,4,3
2022-09-01T09:45:00-00:00,2022-09-01T10:00:00-00:00,2022-09-01,03,STCRUZ_LNODECXA,STCRUZ_LNODECXA,STCRUZ_LNODECXA,RTPD,MCE,LMP_ENE_PRC,STCRUZ_LNODECXA,ALL,1,97.50475,4,3
2022-09-01T10:45:00-00:00,2022-09-01T11:00:00-00:00,2022-09-01,04,STCRUZ_LNODECXA,STCRUZ_LNODECXA,STCRUZ_LNODECXA,RTPD,MCE,LMP_ENE_PRC,STCRUZ_LNODECXA,ALL,1,94.71966,4,3
2022-09-01T11:45:00-00:00,2022-09-01T12:00:00-00:00,2022-09-01,05,STCRUZ_LNODECXA,STCRUZ_LNODECXA,STCRUZ_LNODECXA,RTPD,MCE,LMP_ENE_PRC,STCRUZ_LNODECXA,ALL,1,107.01,4,3
2022-09-01T12:45:00-00:00,2022-09-01T13:00:00-00:00,2022-09-01,06,STCRUZ_LNODECXA,STCRUZ_LNODECXA,STCRUZ_LNODECXA,RTPD,MCE,LMP_ENE_PRC,STCRUZ_LNODECXA,ALL,1,116.4848,4,3
2022-09-01T13:45:00-00:00,2022-09-01T14:00:00-00:00,2022-09-01,07,STCRUZ_LNODECXA,STCRUZ_LNODECXA,STCRUZ_LNODECXA,RTPD,MCE,LMP_ENE_PRC,STCRUZ_LNODECXA,ALL,1,111.41,4,3
2022-09-01T14:45:00-00:00,2022-09-01T15:00:00-00:00,2022-09-01,08,STCRUZ_LNODECXA,STCRUZ_LNODECXA,STCRUZ_LNODECXA,RTPD,MCE,LMP_ENE_PRC,STCRUZ_LNODECXA,ALL,1,86.1388,4,3
2022-09-01T15:45:00-00:00,2022-09-01T16:00:00-00:00,2022-09-01,09,STCRUZ_LNODECXA,STCRUZ_LNODECXA,STCRUZ_LNODECXA,RTPD,MCE,LMP_ENE_PRC,STCRUZ_LNODECXA,ALL,1,78.70076,4,3
2022-09-01T16:45:00-00:00,2022-09-01T17:00:00-00:00,2022-09-01,10,STCRUZ_LNODECXA,STCRUZ_LNODECXA,STCRUZ_LNODECXA,RTPD,MCE,LMP_ENE_PRC,STCRUZ_LNODECXA,ALL,1,91.24933,4,3
2022-09-01T17:45:00-00:00,2022-09-01T18:00:00-00:00,2022-09-01,11,STCRUZ_LNODECXA,STCRUZ_LNODECXA,STCRUZ_LNODECXA,RTPD,MCE,LMP_ENE_PRC,STCRUZ_LNODECXA,ALL,1,99.20544,4,3
2022-09-01T18:45:00-00:00,2022-09-01T19:00:00-00:00,2022-09-01,12,STCRUZ_LNODECXA,STCRUZ_LNODECXA,STCRUZ_LNODECXA,RTPD,MCE,LMP_ENE_PRC,STCRUZ_LNODECXA,ALL,1,109.04064,4,3
2022-09-01T19:45:00-00:00,2022-09-01T20:00:00-00:00,2022-09-01,13,STCRUZ_LNODECXA,STCRUZ_LNODECXA,STCRUZ_LNODECXA,RTPD,MCE,LMP_ENE_PRC,STCRUZ_LNODECXA,ALL,1,120.22491,4,3
2022-09-01T20:45:00-00:00,2022-09-01T21:00:00-00:00,2022-09-01,14,STCRUZ_LNODECXA,STCRUZ_LNODECXA,STCRUZ_LNODECXA,RTPD,MCE,LMP_ENE_PRC,STCRUZ_LNODECXA,ALL,1,154.02509,4,3
2022-09-01T21:45:00-00:00,2022-09-01T22:00:00-00:00,2022-09-01,15,STCRUZ_LNODECXA,STCRUZ_LNODECXA,STCRUZ_LNODECXA,RTPD,MCE,LMP_ENE_PRC,STCRUZ_LNODECXA,ALL,1,300.29376,4,3
2022-09-01T22:45:00-00:00,2022-09-01T23:00:00-00:00,2022-09-01,16,STCRUZ_LNODECXA,STCRUZ_LNODECXA,STCRUZ_LNODECXA,RTPD,MCE,LMP_ENE_PRC,STCRUZ_LNODECXA,ALL,1,429.9137,4,3
2022-09-01T23:45:00-00:00,2022-09-02T00:00:00-00:00,2022-09-01,17,STCRUZ_LNODECXA,STCRUZ_LNODECXA,STCRUZ_LNODECXA,RTPD,MCE,LMP_ENE_PRC,STCRUZ_LNODECXA,ALL,1,1261.2124,4,3
2022-09-02T00:45:00-00:00,2022-09-02T01:00:00-00:00,2022-09-01,18,STCRUZ_LNODECXA,STCRUZ_LNODECXA,STCRUZ_LNODECXA,RTPD,MCE,LMP_ENE_PRC,STCRUZ_LNODECXA,ALL,1,1519.149,4,3
2022-09-02T01:45:00-00:00,2022-09-02T02:00:00-00:00,2022-09-01,19,STCRUZ_LNODECXA,STCRUZ_LNODECXA,STCRUZ_LNODECXA,RTPD,MCE,LMP_ENE_PRC,STCRUZ_LNODECXA,ALL,1,1991.9337,4,3
2022-09-02T02:45:00-00:00,2022-09-02T03:00:00-00:00,2022-09-01,20,STCRUZ_LNODECXA,STCRUZ_LNODECXA,STCRUZ_LNODECXA,RTPD,MCE,LMP_ENE_PRC,STCRUZ_LNODECXA,ALL,1,1629.6213,4,3
2022-09-02T03:45:00-00:00,2022-09-02T04:00:00-00:00,2022-09-01,21,STCRUZ_LNODECXA,STCRUZ_LNODECXA,STCRUZ_LNODECXA,RTPD,MCE,LMP_ENE_PRC,STCRUZ_LNODECXA,ALL,1,141.13702,4,3
2022-09-02T04:45:00-00:00,2022-09-02T05:00:00-00:00,2022-09-01,22,STCRUZ_LNODECXA,STCRUZ_LNODECXA,STCRUZ_LNODECXA,RTPD,MCE,LMP_ENE_PRC,STCRUZ_LNODECXA,ALL,1,126.76372,4,3
2022-09-02T05:45:00-00:00,2022-09-02T06:00:00-00:00,2022-09-01,23,STCRUZ_LNODECXA,STCRUZ_LNODECXA,STCRUZ_LNODECXA,RTPD,MCE,LMP_ENE_PRC,STCRUZ_LNODECXA,ALL,1,119.00958,4,3
2022-09-02T06:45:00-00:00,2022-09-02T07:00:00-00:00,2022-09-01,24,STCRUZ_LNODECXA,STCRUZ_LNODECXA,STCRUZ_LNODECXA,RTPD,MCE,LMP_ENE_PRC,STCRUZ_LNODECXA,ALL,1,109.20324,4,3
2022-09-01T07:00:00-00:00,2022-09-01T07:15:00-00:00,2022-09-01,01,STCRUZ_LNODECXA,STCRUZ_LNODECXA,STCRUZ_LNODECXA,RTPD,MCL,LMP_LOSS_PRC,STCRUZ_LNODECXA,ALL,1,3.86715,1,4
2022-09-01T08:00:00-00:00,2022-09-01T08:15:00-00:00,2022-09-01,02,STCRUZ_LNODECXA,STCRUZ_LNODECXA,STCRUZ_LNODECXA,RTPD,MCL,LMP_LOSS_PRC,STCRUZ_LNODECXA,ALL,1,0,1,4
2022-09-01T09:00:00-00:00,2022-09-01T09:15:00-00:00,2022-09-01,03,STCRUZ_LNODECXA,STCRUZ_LNODECXA,STCRUZ_LNODECXA,RTPD,MCL,LMP_LOSS_PRC,STCRUZ_LNODECXA,ALL,1,4.92675,1,4
2022-09-01T10:00:00-00:00,2022-09-01T10:15:00-00:00,2022-09-01,04,STCRUZ_LNODECXA,STCRUZ_LNODECXA,STCRUZ_LNODECXA,RTPD,MCL,LMP_LOSS_PRC,STCRUZ_LNODECXA,ALL,1,4.83353,1,4
2022-09-01T11:00:00-00:00,2022-09-01T11:15:00-00:00,2022-09-01,05,STCRUZ_LNODECXA,STCRUZ_LNODECXA,STCRUZ_LNODECXA,RTPD,MCL,LMP_LOSS_PRC,STCRUZ_LNODECXA,ALL,1,5.24132,1,4
2022-09-01T12:00:00-00:00,2022-09-01T12:15:00-00:00,2022-09-01,06,STCRUZ_LNODECXA,STCRUZ_LNODECXA,STCRUZ_LNODECXA,RTPD,MCL,LMP_LOSS_PRC,STCRUZ_LNODECXA,ALL,1,4.6129,1,4
2022-09-01T13:00:00-00:00,2022-09-01T13:15:00-00:00,2022-09-01,07,STCRUZ_LNODECXA,STCRUZ_LNODECXA,STCRUZ_LNODECXA,RTPD,MCL,LMP_LOSS_PRC,STCRUZ_LNODECXA,ALL,1,0,1,4
2022-09-01T14:00:00-00:00,2022-09-01T14:15:00-00:00,2022-09-01,08,STCRUZ_LNODECXA,STCRUZ_LNODECXA,STCRUZ_LNODECXA,RTPD,MCL,LMP_LOSS_PRC,STCRUZ_LNODECXA,ALL,1,5.32222,1,4
2022-09-01T15:00:00-00:00,2022-09-01T15:15:00-00:00,2022-09-01,09,STCRUZ_LNODECXA,STCRUZ_LNODECXA,STCRUZ_LNODECXA,RTPD,MCL,LMP_LOSS_PRC,STCRUZ_LNODECXA,ALL,1,0,1,4
2022-09-01T16:00:00-00:00,2022-09-01T16:15:00-00:00,2022-09-01,10,STCRUZ_LNODECXA,STCRUZ_LNODECXA,STCRUZ_LNODECXA,RTPD,MCL,LMP_LOSS_PRC,STCRUZ_LNODECXA,ALL,1,0,1,4
2022-09-01T17:00:00-00:00,2022-09-01T17:15:00-00:00,2022-09-01,11,STCRUZ_LNODECXA,STCRUZ_LNODECXA,STCRUZ_LNODECXA,RTPD,MCL,LMP_LOSS_PRC,STCRUZ_LNODECXA,ALL,1,0,1,4
2022-09-01T18:00:00-00:00,2022-09-01T18:15:00-00:00,2022-09-01,12,STCRUZ_LNODECXA,STCRUZ_LNODECXA,STCRUZ_LNODECXA,RTPD,MCL,LMP_LOSS_PRC,STCRUZ_LNODECXA,ALL,1,0,1,4
2022-09-01T19:00:00-00:00,2022-09-01T19:15:00-00:00,2022-09-01,13,STCRUZ_LNODECXA,STCRUZ_LNODECXA,STCRUZ_LNODECXA,RTPD,MCL,LMP_LOSS_PRC,STCRUZ_LNODECXA,ALL,1,0,1,4
2022-09-01T20:00:00-00:00,2022-09-01T20:15:00-00:00,2022-09-01,14,STCRUZ_LNODECXA,STCRUZ_LNODECXA,STCRUZ_LNODECXA,RTPD,MCL,LMP_LOSS_PRC,STCRUZ_LNODECXA,ALL,1,0,1,4
2022-09-01T21:00:00-00:00,2022-09-01T21:15:00-00:00,2022-09-01,15,STCRUZ_LNODECXA,STCRUZ_LNODECXA,STCRUZ_LNODECXA,RTPD,MCL,LMP_LOSS_PRC,STCRUZ_LNODECXA,ALL,1,0,1,4
2022-09-01T22:00:00-00:00,2022-09-01T22:15:00-00:00,2022-09-01,16,STCRUZ_LNODECXA,STCRUZ_LNODECXA,STCRUZ_LNODECXA,RTPD,MCL,LMP_LOSS_PRC,STCRUZ_LNODECXA,ALL,1,0,1,4
2022-09-01T23:00:00-00:00,2022-09-01T23:15:00-00:00,2022-09-01,17,STCRUZ_LNODECXA,STCRUZ_LNODECXA,STCRUZ_LNODECXA,RTPD,MCL,LMP_LOSS_PRC,STCRUZ_LNODECXA,ALL,1,0,1,4
2022-09-02T00:00:00-00:00,2022-09-02T00:15:00-00:00,2022-09-01,18,STCRUZ_LNODECXA,STCRUZ_LNODECXA,STCRUZ_LNODECXA,RTPD,MCL,LMP_LOSS_PRC,STCRUZ_LNODECXA,ALL,1,48.93184,1,4
2022-09-02T01:00:00-00:00,2022-09-02T01:15:00-00:00,2022-09-01,19,STCRUZ_LNODECXA,STCRUZ_LNODECXA,STCRUZ_LNODECXA,RTPD,MCL,LMP_LOSS_PRC,STCRUZ_LNODECXA,ALL,1,0,1,4
2022-09-02T02:00:00-00:00,2022-09-02T02:15:00-00:00,2022-09-01,20,STCRUZ_LNODECXA,STCRUZ_LNODECXA,STCRUZ_LNODECXA,RTPD,MCL,LMP_LOSS_PRC,STCRUZ_LNODECXA,ALL,1,0,1,4
2022-09-02T03:00:00-00:00,2022-09-02T03:15:00-00:00,2022-09-01,21,STCRUZ_LNODECXA,STCRUZ_LNODECXA,STCRUZ_LNODECXA,RTPD,MCL,LMP_LOSS_PRC,STCRUZ_LNODECXA,ALL,1,67.89867,1,4
2022-09-02T04:00:00-00:00,2022-09-02T04:15:00-00:00,2022-09-01,22,STCRUZ_LNODECXA,STCRUZ_LNODECXA,STCRUZ_LNODECXA,RTPD,MCL,LMP_LOSS_PRC,STCRUZ_LNODECXA,ALL,1,20.52318,1,4
2022-09-02T05:00:00-00:00,2022-09-02T05:15:00-00:00,2022-09-01,23,STCRUZ_LNODECXA,STCRUZ_LNODECXA,STCRUZ_LNODECXA,RTPD,MCL,LMP_LOSS_PRC,STCRUZ_LNODECXA,ALL,1,10.84827,1,4
2022-09-02T06:00:00-00:00,2022-09-02T06:15:00-00:00,2022-09-01,24,STCRUZ_LNODECXA,STCRUZ_LNODECXA,STCRUZ_LNODECXA,RTPD,MCL,LMP_LOSS_PRC,STCRUZ_LNODECXA,ALL,1,6.95843,1,4
2022-09-01T07:15:00-00:00,2022-09-01T07:30:00-00:00,2022-09-01,01,STCRUZ_LNODECXA,STCRUZ_LNODECXA,STCRUZ_LNODECXA,RTPD,MCL,LMP_LOSS_PRC,STCRUZ_LNODECXA,ALL,1,0,2,4
2022-09-01T08:15:00-00:00,2022-09-01T08:30:00-00:00,2022-09-01,02,STCRUZ_LNODECXA,STCRUZ_LNODECXA,STCRUZ_LNODECXA,RTPD,MCL,LMP_LOSS_PRC,STCRUZ_LNODECXA,ALL,1,0,2,4
2022-09-01T09:15:00-00:00,2022-09-01T09:30:00-00:00,2022-09-01,03,STCRUZ_LNODECXA,STCRUZ_LNODECXA,STCRUZ_LNODECXA,RTPD,MCL,LMP_LOSS_PRC,STCRUZ_LNODECXA,ALL,1,4.78753,2,4
2022-09-01T10:15:00-00:00,2022-09-01T10:30:00-00:00,2022-09-01,04,STCRUZ_LNODECXA,STCRUZ_LNODECXA,STCRUZ_LNODECXA,RTPD,MCL,LMP_LOSS_PRC,STCRUZ_LNODECXA,ALL,1,4.8116,2,4
2022-09-01T11:15:00-00:00,2022-09-01T11:30:00-00:00,2022-09-01,05,STCRUZ_LNODECXA,STCRUZ_LNODECXA,STCRUZ_LNODECXA,RTPD,MCL,LMP_LOSS_PRC,STCRUZ_LNODECXA,ALL,1,5.25768,2,4
2022-09-01T12:15:00-00:00,2022-09-01T12:30:00-00:00,2022-09-01,06,STCRUZ_LNODECXA,STCRUZ_LNODECXA,STCRUZ_LNODECXA,RTPD,MCL,LMP_LOSS_PRC,STCRUZ_LNODECXA,ALL,1,5.43336,2,4
2022-09-01T13:15:00-00:00,2022-09-01T13:30:00-00:00,2022-09-01,07,STCRUZ_LNODECXA,STCRUZ_LNODECXA,STCRUZ_LNODECXA,RTPD,MCL,LMP_LOSS_PRC,STCRUZ_LNODECXA,ALL,1,5.13824,2,4
2022-09-01T14:15:00-00:00,2022-09-01T14:30:00-00:00,2022-09-01,08,STCRUZ_LNODECXA,STCRUZ_LNODECXA,STCRUZ_LNODECXA,RTPD,MCL,LMP_LOSS_PRC,STCRUZ_LNODECXA,ALL,1,4.66299,2,4
2022-09-01T15:15:00-00:00,2022-09-01T15:30:00-00:00,2022-09-01,09,STCRUZ_LNODECXA,STCRUZ_LNODECXA,STCRUZ_LNODECXA,RTPD,MCL,LMP_LOSS_PRC,STCRUZ_LNODECXA,ALL,1,0,2,4
2022-09-01T16:15:00-00:00,2022-09-01T16:30:00-00:00,2022-09-01,10,STCRUZ_LNODECXA,STCRUZ_LNODECXA,STCRUZ_LNODECXA,RTPD,MCL,LMP_LOSS_PRC,STCRUZ_LNODECXA,ALL,1,0,2,4
2022-09-01T17:15:00-00:00,2022-09-01T17:30:00-00:00,2022-09-01,11,STCRUZ_LNODECXA,STCRUZ_LNODECXA,STCRUZ_LNODECXA,RTPD,MCL,LMP_LOSS_PRC,STCRUZ_LNODECXA,ALL,1,0,2,4
2022-09-01T18:15:00-00:00,2022-09-01T18:30:00-00:00,2022-09-01,12,STCRUZ_LNODECXA,STCRUZ_LNODECXA,STCRUZ_LNODECXA,RTPD,MCL,LMP_LOSS_PRC,STCRUZ_LNODECXA,ALL,1,0,2,4
2022-09-01T19:15:00-00:00,2022-09-01T19:30:00-00:00,2022-09-01,13,STCRUZ_LNODECXA,STCRUZ_LNODECXA,STCRUZ_LNODECXA,RTPD,MCL,LMP_LOSS_PRC,STCRUZ_LNODECXA,ALL,1,0,2,4
2022-09-01T20:15:00-00:00,2022-09-01T20:30:00-00:00,2022-09-01,14,STCRUZ_LNODECXA,STCRUZ_LNODECXA,STCRUZ_LNODECXA,RTPD,MCL,LMP_LOSS_PRC,STCRUZ_LNODECXA,ALL,1,0,2,4
2022-09-01T21:15:00-00:00,2022-09-01T21:30:00-00:00,2022-09-01,15,STCRUZ_LNODECXA,STCRUZ_LNODECXA,STCRUZ_LNODECXA,RTPD,MCL,LMP_LOSS_PRC,STCRUZ_LNODECXA,ALL,1,0,2,4
2022-09-01T22:15:00-00:00,2022-09-01T22:30:00-00:00,2022-09-01,16,STCRUZ_LNODECXA,STCRUZ_LNODECXA,STCRUZ_LNODECXA,RTPD,MCL,LMP_LOSS_PRC,STCRUZ_LNODECXA,ALL,1,0,2,4
2022-09-01T23:15:00-00:00,2022-09-01T23:30:00-00:00,2022-09-01,17,STCRUZ_LNODECXA,STCRUZ_LNODECXA,STCRUZ_LNODECXA,RTPD,MCL,LMP_LOSS_PRC,STCRUZ_LNODECXA,ALL,1,0,2,4
2022-09-02T00:15:00-00:00,2022-09-02T00:30:00-00:00,2022-09-01,18,STCRUZ_LNODECXA,STCRUZ_LNODECXA,STCRUZ_LNODECXA,RTPD,MCL,LMP_LOSS_PRC,STCRUZ_LNODECXA,ALL,1,44.65262,2,4
2022-09-02T01:15:00-00:00,2022-09-02T01:30:00-00:00,2022-09-01,19,STCRUZ_LNODECXA,STCRUZ_LNODECXA,STCRUZ_LNODECXA,RTPD,MCL,LMP_LOSS_PRC,STCRUZ_LNODECXA,ALL,1,0,2,4
2022-09-02T02:15:00-00:00,2022-09-02T02:30:00-00:00,2022-09-01,20,STCRUZ_LNODECXA,STCRUZ_LNODECXA,STCRUZ_LNODECXA,RTPD,MCL,LMP_LOSS_PRC,STCRUZ_LNODECXA,ALL,1,0,2,4
2022-09-02T03:15:00-00:00,2022-09-02T03:30:00-00:00,2022-09-01,21,STCRUZ_LNODECXA,STCRUZ_LNODECXA,STCRUZ_LNODECXA,RTPD,MCL,LMP_LOSS_PRC,STCRUZ_LNODECXA,ALL,1,28.9982,2,4
2022-09-02T04:15:00-00:00,2022-09-02T04:30:00-00:00,2022-09-01,22,STCRUZ_LNODECXA,STCRUZ_LNODECXA,STCRUZ_LNODECXA,RTPD,MCL,LMP_LOSS_PRC,STCRUZ_LNODECXA,ALL,1,17.26074,2,4
2022-09-02T05:15:00-00:00,2022-09-02T05:30:00-00:00,2022-09-01,23,STCRUZ_LNODECXA,STCRUZ_LNODECXA,STCRUZ_LNODECXA,RTPD,MCL,LMP_LOSS_PRC,STCRUZ_LNODECXA,ALL,1,9.41155,2,4
2022-09-02T06:15:00-00:00,2022-09-02T06:30:00-00:00,2022-09-01,24,STCRUZ_LNODECXA,STCRUZ_LNODECXA,STCRUZ_LNODECXA,RTPD,MCL,LMP_LOSS_PRC,STCRUZ_LNODECXA,ALL,1,5.63821,2,4
2022-09-01T07:30:00-00:00,2022-09-01T07:45:00-00:00,2022-09-01,01,STCRUZ_LNODECXA,STCRUZ_LNODECXA,STCRUZ_LNODECXA,RTPD,MCL,LMP_LOSS_PRC,STCRUZ_LNODECXA,ALL,1,0,3,4
2022-09-01T08:30:00-00:00,2022-09-01T08:45:00-00:00,2022-09-01,02,STCRUZ_LNODECXA,STCRUZ_LNODECXA,STCRUZ_LNODECXA,RTPD,MCL,LMP_LOSS_PRC,STCRUZ_LNODECXA,ALL,1,5.12234,3,4
2022-09-01T09:30:00-00:00,2022-09-01T09:45:00-00:00,2022-09-01,03,STCRUZ_LNODECXA,STCRUZ_LNODECXA,STCRUZ_LNODECXA,RTPD,MCL,LMP_LOSS_PRC,STCRUZ_LNODECXA,ALL,1,4.61368,3,4
2022-09-01T10:30:00-00:00,2022-09-01T10:45:00-00:00,2022-09-01,04,STCRUZ_LNODECXA,STCRUZ_LNODECXA,STCRUZ_LNODECXA,RTPD,MCL,LMP_LOSS_PRC,STCRUZ_LNODECXA,ALL,1,4.76035,3,4
2022-09-01T11:30:00-00:00,2022-09-01T11:45:00-00:00,2022-09-01,05,STCRUZ_LNODECXA,STCRUZ_LNODECXA,STCRUZ_LNODECXA,RTPD,MCL,LMP_LOSS_PRC,STCRUZ_LNODECXA,ALL,1,5.36959,3,4
2022-09-01T12:30:00-00:00,2022-09-01T12:45:00-00:00,2022-09-01,06,STCRUZ_LNODECXA,STCRUZ_LNODECXA,STCRUZ_LNODECXA,RTPD,MCL,LMP_LOSS_PRC,STCRUZ_LNODECXA,ALL,1,5.31532,3,4
2022-09-01T13:30:00-00:00,2022-09-01T13:45:00-00:00,2022-09-01,07,STCRUZ_LNODECXA,STCRUZ_LNODECXA,STCRUZ_LNODECXA,RTPD,MCL,LMP_LOSS_PRC,STCRUZ_LNODECXA,ALL,1,5.34176,3,4
2022-09-01T14:30:00-00:00,2022-09-01T14:45:00-00:00,2022-09-01,08,STCRUZ_LNODECXA,STCRUZ_LNODECXA,STCRUZ_LNODECXA,RTPD,MCL,LMP_LOSS_PRC,STCRUZ_LNODECXA,ALL,1,4.50102,3,4
2022-09-01T15:30:00-00:00,2022-09-01T15:45:00-00:00,2022-09-01,09,STCRUZ_LNODECXA,STCRUZ_LNODECXA,STCRUZ_LNODECXA,RTPD,MCL,LMP_LOSS_PRC,STCRUZ_LNODECXA,ALL,1,0,3,4
2022-09-01T16:30:00-00:00,2022-09-01T16:45:00-00:00,2022-09-01,10,STCRUZ_LNODECXA,STCRUZ_LNODECXA,STCRUZ_LNODECXA,RTPD,MCL,LMP_LOSS_PRC,STCRUZ_LNODECXA,ALL,1,0,3,4
2022-09-01T17:30:00-00:00,2022-09-01T17:45:00-00:00,2022-09-01,11,STCRUZ_LNODECXA,STCRUZ_LNODECXA,STCRUZ_LNODECXA,RTPD,MCL,LMP_LOSS_PRC,STCRUZ_LNODECXA,ALL,1,0,3,4
2022-09-01T18:30:00-00:00,2022-09-01T18:45:00-00:00,2022-09-01,12,STCRUZ_LNODECXA,STCRUZ_LNODECXA,STCRUZ_LNODECXA,RTPD,MCL,LMP_LOSS_PRC,STCRUZ_LNODECXA,ALL,1,0,3,4
2022-09-01T19:30:00-00:00,2022-09-01T19:45:00-00:00,2022-09-01,13,STCRUZ_LNODECXA,STCRUZ_LNODECXA,STCRUZ_LNODECXA,RTPD,MCL,LMP_LOSS_PRC,STCRUZ_LNODECXA,ALL,1,0,3,4
2022-09-01T20:30:00-00:00,2022-09-01T20:45:00-00:00,2022-09-01,14,STCRUZ_LNODECXA,STCRUZ_LNODECXA,STCRUZ_LNODECXA,RTPD,MCL,LMP_LOSS_PRC,STCRUZ_LNODECXA,ALL,1,0,3,4
2022-09-01T21:30:00-00:00,2022-09-01T21:45:00-00:00,2022-09-01,15,STCRUZ_LNODECXA,STCRUZ_LNODECXA,STCRUZ_LNODECXA,RTPD,MCL,LMP_LOSS_PRC,STCRUZ_LNODECXA,ALL,1,0,3,4
2022-09-01T22:30:00-00:00,2022-09-01T22:45:00-00:00,2022-09-01,16,STCRUZ_LNODECXA,STCRUZ_LNODECXA,STCRUZ_LNODECXA,RTPD,MCL,LMP_LOSS_PRC,STCRUZ_LNODECXA,ALL,1,0,3,4
2022-09-01T23:30:00-00:00,2022-09-01T23:45:00-00:00,2022-09-01,17,STCRUZ_LNODECXA,STCRUZ_LNODECXA,STCRUZ_LNODECXA,RTPD,MCL,LMP_LOSS_PRC,STCRUZ_LNODECXA,ALL,1,0,3,4
2022-09-02T00:30:00-00:00,2022-09-02T00:45:00-00:00,2022-09-01,18,STCRUZ_LNODECXA,STCRUZ_LNODECXA,STCRUZ_LNODECXA,RTPD,MCL,LMP_LOSS_PRC,STCRUZ_LNODECXA,ALL,1,0,3,4
2022-09-02T01:30:00-00:00,2022-09-02T01:45:00-00:00,2022-09-01,19,STCRUZ_LNODECXA,STCRUZ_LNODECXA,STCRUZ_LNODECXA,RTPD,MCL,LMP_LOSS_PRC,STCRUZ_LNODECXA,ALL,1,0,3,4
2022-09-02T02:30:00-00:00,2022-09-02T02:45:00-00:00,2022-09-01,20,STCRUZ_LNODECXA,STCRUZ_LNODECXA,STCRUZ_LNODECXA,RTPD,MCL,LMP_LOSS_PRC,STCRUZ_LNODECXA,ALL,1,0,3,4
2022-09-02T03:30:00-00:00,2022-09-02T03:45:00-00:00,2022-09-01,21,STCRUZ_LNODECXA,STCRUZ_LNODECXA,STCRUZ_LNODECXA,RTPD,MCL,LMP_LOSS_PRC,STCRUZ_LNODECXA,ALL,1,13.17516,3,4
2022-09-02T04:30:00-00:00,2022-09-02T04:45:00-00:00,2022-09-01,22,STCRUZ_LNODECXA,STCRUZ_LNODECXA,STCRUZ_LNODECXA,RTPD,MCL,LMP_LOSS_PRC,STCRUZ_LNODECXA,ALL,1,11.79821,3,4
2022-09-02T05:30:00-00:00,2022-09-02T05:45:00-00:00,2022-09-01,23,STCRUZ_LNODECXA,STCRUZ_LNODECXA,STCRUZ_LNODECXA,RTPD,MCL,LMP_LOSS_PRC,STCRUZ_LNODECXA,ALL,1,7.77032,3,4
2022-09-02T06:30:00-00:00,2022-09-02T06:45:00-00:00,2022-09-01,24,STCRUZ_LNODECXA,STCRUZ_LNODECXA,STCRUZ_LNODECXA,RTPD,MCL,LMP_LOSS_PRC,STCRUZ_LNODECXA,ALL,1,6.33333,3,4
2022-09-01T07:45:00-00:00,2022-09-01T08:00:00-00:00,2022-09-01,01,STCRUZ_LNODECXA,STCRUZ_LNODECXA,STCRUZ_LNODECXA,RTPD,MCL,LMP_LOSS_PRC,STCRUZ_LNODECXA,ALL,1,0,4,4
2022-09-01T08:45:00-00:00,2022-09-01T09:00:00-00:00,2022-09-01,02,STCRUZ_LNODECXA,STCRUZ_LNODECXA,STCRUZ_LNODECXA,RTPD,MCL,LMP_LOSS_PRC,STCRUZ_LNODECXA,ALL,1,4.36417,4,4
2022-09-01T09:45:00-00:00,2022-09-01T10:00:00-00:00,2022-09-01,03,STCRUZ_LNODECXA,STCRUZ_LNODECXA,STCRUZ_LNODECXA,RTPD,MCL,LMP_LOSS_PRC,STCRUZ_LNODECXA,ALL,1,4.54378,4,4
2022-09-01T10:45:00-00:00,2022-09-01T11:00:00-00:00,2022-09-01,04,STCRUZ_LNODECXA,STCRUZ_LNODECXA,STCRUZ_LNODECXA,RTPD,MCL,LMP_LOSS_PRC,STCRUZ_LNODECXA,ALL,1,4.58449,4,4
2022-09-01T11:45:00-00:00,2022-09-01T12:00:00-00:00,2022-09-01,05,STCRUZ_LNODECXA,STCRUZ_LNODECXA,STCRUZ_LNODECXA,RTPD,MCL,LMP_LOSS_PRC,STCRUZ_LNODECXA,ALL,1,0,4,4
2022-09-01T12:45:00-00:00,2022-09-01T13:00:00-00:00,2022-09-01,06,STCRUZ_LNODECXA,STCRUZ_LNODECXA,STCRUZ_LNODECXA,RTPD,MCL,LMP_LOSS_PRC,STCRUZ_LNODECXA,ALL,1,0,4,4
2022-09-01T13:45:00-00:00,2022-09-01T14:00:00-00:00,2022-09-01,07,STCRUZ_LNODECXA,STCRUZ_LNODECXA,STCRUZ_LNODECXA,RTPD,MCL,LMP_LOSS_PRC,STCRUZ_LNODECXA,ALL,1,0,4,4
2022-09-01T14:45:00-00:00,2022-09-01T15:00:00-00:00,2022-09-01,08,STCRUZ_LNODECXA,STCRUZ_LNODECXA,STCRUZ_LNODECXA,RTPD,MCL,LMP_LOSS_PRC,STCRUZ_LNODECXA,ALL,1,0,4,4
2022-09-01T15:45:00-00:00,2022-09-01T16:00:00-00:00,2022-09-01,09,STCRUZ_LNODECXA,STCRUZ_LNODECXA,STCRUZ_LNODECXA,RTPD,MCL,LMP_LOSS_PRC,STCRUZ_LNODECXA,ALL,1,0,4,4
2022-09-01T16:45:00-00:00,2022-09-01T17:00:00-00:00,2022-09-01,10,STCRUZ_LNODECXA,STCRUZ_LNODECXA,STCRUZ_LNODECXA,RTPD,MCL,LMP_LOSS_PRC,STCRUZ_LNODECXA,ALL,1,0,4,4
2022-09-01T17:45:00-00:00,2022-09-01T18:00:00-00:00,2022-09-01,11,STCRUZ_LNODECXA,STCRUZ_LNODECXA,STCRUZ_LNODECXA,RTPD,MCL,LMP_LOSS_PRC,STCRUZ_LNODECXA,ALL,1,0,4,4
2022-09-01T18:45:00-00:00,2022-09-01T19:00:00-00:00,2022-09-01,12,STCRUZ_LNODECXA,STCRUZ_LNODECXA,STCRUZ_LNODECXA,RTPD,MCL,LMP_LOSS_PRC,STCRUZ_LNODECXA,ALL,1,0,4,4
2022-09-01T19:45:00-00:00,2022-09-01T20:00:00-00:00,2022-09-01,13,STCRUZ_LNODECXA,STCRUZ_LNODECXA,STCRUZ_LNODECXA,RTPD,MCL,LMP_LOSS_PRC,STCRUZ_LNODECXA,ALL,1,0,4,4
2022-09-01T20:45:00-00:00,2022-09-01T21:00:00-00:00,2022-09-01,14,STCRUZ_LNODECXA,STCRUZ_LNODECXA,STCRUZ_LNODECXA,RTPD,MCL,LMP_LOSS_PRC,STCRUZ_LNODECXA,ALL,1,0,4,4
2022-09-01T21:45:00-00:00,2022-09-01T22:00:00-00:00,2022-09-01,15,STCRUZ_LNODECXA,STCRUZ_LNODECXA,STCRUZ_LNODECXA,RTPD,MCL,LMP_LOSS_PRC,STCRUZ_LNODECXA,ALL,1,0,4,4
2022-09-01T22:45:00-00:00,2022-09-01T23:00:00-00:00,2022-09-01,16,STCRUZ_LNODECXA,STCRUZ_LNODECXA,STCRUZ_LNODECXA,RTPD,MCL,LMP_LOSS_PRC,STCRUZ_LNODECXA,ALL,1,0,4,4
2022-09-01T23:45:00-00:00,2022-09-02T00:00:00-00:00,2022-09-01,17,STCRUZ_LNODECXA,STCRUZ_LNODECXA,STCRUZ_LNODECXA,RTPD,MCL,LMP_LOSS_PRC,STCRUZ_LNODECXA,ALL,1,0,4,4
2022-09-02T00:45:00-00:00,2022-09-02T01:00:00-00:00,2022-09-01,18,STCRUZ_LNODECXA,STCRUZ_LNODECXA,STCRUZ_LNODECXA,RTPD,MCL,LMP_LOSS_PRC,STCRUZ_LNODECXA,ALL,1,0,4,4
2022-09-02T01:45:00-00:00,2022-09-02T02:00:00-00:00,2022-09-01,19,STCRUZ_LNODECXA,STCRUZ_LNODECXA,STCRUZ_LNODECXA,RTPD,MCL,LMP_LOSS_PRC,STCRUZ_LNODECXA,ALL,1,0,4,4
2022-09-02T02:45:00-00:00,2022-09-02T03:00:00-00:00,2022-09-01,20,STCRUZ_LNODECXA,STCRUZ_LNODECXA,STCRUZ_LNODECXA,RTPD,MCL,LMP_LOSS_PRC,STCRUZ_LNODECXA,ALL,1,130.20665,4,4
2022-09-02T03:45:00-00:00,2022-09-02T04:00:00-00:00,2022-09-01,21,STCRUZ_LNODECXA,STCRUZ_LNODECXA,STCRUZ_LNODECXA,RTPD,MCL,LMP_LOSS_PRC,STCRUZ_LNODECXA,ALL,1,8.79276,4,4
2022-09-02T04:45:00-00:00,2022-09-02T05:00:00-00:00,2022-09-01,22,STCRUZ_LNODECXA,STCRUZ_LNODECXA,STCRUZ_LNODECXA,RTPD,MCL,LMP_LOSS_PRC,STCRUZ_LNODECXA,ALL,1,9.95105,4,4
2022-09-02T05:45:00-00:00,2022-09-02T06:00:00-00:00,2022-09-01,23,STCRUZ_LNODECXA,STCRUZ_LNODECXA,STCRUZ_LNODECXA,RTPD,MCL,LMP_LOSS_PRC,STCRUZ_LNODECXA,ALL,1,6.15286,4,4
2022-09-02T06:45:00-00:00,2022-09-02T07:00:00-00:00,2022-09-01,24,STCRUZ_LNODECXA,STCRUZ_LNODECXA,STCRUZ_LNODECXA,RTPD,MCL,LMP_LOSS_PRC,STCRUZ_LNODECXA,ALL,1,5.80968,4,4
2022-09-01T07:00:00-00:00,2022-09-01T07:15:00-00:00,2022-09-01,01,STCRUZ_LNODECXA,STCRUZ_LNODECXA,STCRUZ_LNODECXA,RTPD,MGHG,LMP_GHG_PRC,STCRUZ_LNODECXA,ALL,1,0,1,5
2022-09-01T08:00:00-00:00,2022-09-01T08:15:00-00:00,2022-09-01,02,STCRUZ_LNODECXA,STCRUZ_LNODECXA,STCRUZ_LNODECXA,RTPD,MGHG,LMP_GHG_PRC,STCRUZ_LNODECXA,ALL,1,0,1,5
2022-09-01T09:00:00-00:00,2022-09-01T09:15:00-00:00,2022-09-01,03,STCRUZ_LNODECXA,STCRUZ_LNODECXA,STCRUZ_LNODECXA,RTPD,MGHG,LMP_GHG_PRC,STCRUZ_LNODECXA,ALL,1,0,1,5
2022-09-01T10:00:00-00:00,2022-09-01T10:15:00-00:00,2022-09-01,04,STCRUZ_LNODECXA,STCRUZ_LNODECXA,STCRUZ_LNODECXA,RTPD,MGHG,LMP_GHG_PRC,STCRUZ_LNODECXA,ALL,1,0,1,5
2022-09-01T11:00:00-00:00,2022-09-01T11:15:00-00:00,2022-09-01,05,STCRUZ_LNODECXA,STCRUZ_LNODECXA,STCRUZ_LNODECXA,RTPD,MGHG,LMP_GHG_PRC,STCRUZ_LNODECXA,ALL,1,0,1,5
2022-09-01T12:00:00-00:00,2022-09-01T12:15:00-00:00,2022-09-01,06,STCRUZ_LNODECXA,STCRUZ_LNODECXA,STCRUZ_LNODECXA,RTPD,MGHG,LMP_GHG_PRC,STCRUZ_LNODECXA,ALL,1,0,1,5
2022-09-01T13:00:00-00:00,2022-09-01T13:15:00-00:00,2022-09-01,07,STCRUZ_LNODECXA,STCRUZ_LNODECXA,STCRUZ_LNODECXA,RTPD,MGHG,LMP_GHG_PRC,STCRUZ_LNODECXA,ALL,1,0,1,5
2022-09-01T14:00:00-00:00,2022-09-01T14:15:00-00:00,2022-09-01,08,STCRUZ_LNODECXA,STCRUZ_LNODECXA,STCRUZ_LNODECXA,RTPD,MGHG,LMP_GHG_PRC,STCRUZ_LNODECXA,ALL,1,0,1,5
2022-09-01T15:00:00-00:00,2022-09-01T15:15:00-00:00,2022-09-01,09,STCRUZ_LNODECXA,STCRUZ_LNODECXA,STCRUZ_LNODECXA,RTPD,MGHG,LMP_GHG_PRC,STCRUZ_LNODECXA,ALL,1,0,1,5
2022-09-01T16:00:00-00:00,2022-09-01T16:15:00-00:00,2022-09-01,10,STCRUZ_LNODECXA,STCRUZ_LNODECXA,STCRUZ_LNODECXA,RTPD,MGHG,LMP_GHG_PRC,STCRUZ_LNODECXA,ALL,1,0,1,5
2022-09-01T17:00:00-00:00,2022-09-01T17:15:00-00:00,2022-09-01,11,STCRUZ_LNODECXA,STCRUZ_LNODECXA,STCRUZ_LNODECXA,RTPD,MGHG,LMP_GHG_PRC,STCRUZ_LNODECXA,ALL,1,0,1,5
2022-09-01T18:00:00-00:00,2022-09-01T18:15:00-00:00,2022-09-01,12,STCRUZ_LNODECXA,STCRUZ_LNODECXA,STCRUZ_LNODECXA,RTPD,MGHG,LMP_GHG_PRC,STCRUZ_LNODECXA,ALL,1,0,1,5
2022-09-01T19:00:00-00:00,2022-09-01T19:15:00-00:00,2022-09-01,13,STCRUZ_LNODECXA,STCRUZ_LNODECXA,STCRUZ_LNODECXA,RTPD,MGHG,LMP_GHG_PRC,STCRUZ_LNODECXA,ALL,1,0,1,5
2022-09-01T20:00:00-00:00,2022-09-01T20:15:00-00:00,2022-09-01,14,STCRUZ_LNODECXA,STCRUZ_LNODECXA,STCRUZ_LNODECXA,RTPD,MGHG,LMP_GHG_PRC,STCRUZ_LNODECXA,ALL,1,0,1,5
2022-09-01T21:00:00-00:00,2022-09-01T21:15:00-00:00,2022-09-01,15,STCRUZ_LNODECXA,STCRUZ_LNODECXA,STCRUZ_LNODECXA,RTPD,MGHG,LMP_GHG_PRC,STCRUZ_LNODECXA,ALL,1,0,1,5
2022-09-01T22:00:00-00:00,2022-09-01T22:15:00-00:00,2022-09-01,16,STCRUZ_LNODECXA,STCRUZ_LNODECXA,STCRUZ_LNODECXA,RTPD,MGHG,LMP_GHG_PRC,STCRUZ_LNODECXA,ALL,1,0,1,5
2022-09-01T23:00:00-00:00,2022-09-01T23:15:00-00:00,2022-09-01,17,STCRUZ_LNODECXA,STCRUZ_LNODECXA,STCRUZ_LNODECXA,RTPD,MGHG,LMP_GHG_PRC,STCRUZ_LNODECXA,ALL,1,0,1,5
2022-09-02T00:00:00-00:00,2022-09-02T00:15:00-00:00,2022-09-01,18,STCRUZ_LNODECXA,STCRUZ_LNODECXA,STCRUZ_LNODECXA,RTPD,MGHG,LMP_GHG_PRC,STCRUZ_LNODECXA,ALL,1,0,1,5
2022-09-02T01:00:00-00:00,2022-09-02T01:15:00-00:00,2022-09-01,19,STCRUZ_LNODECXA,STCRUZ_LNODECXA,STCRUZ_LNODECXA,RTPD,MGHG,LMP_GHG_PRC,STCRUZ_LNODECXA,ALL,1,0,1,5
2022-09-02T02:00:00-00:00,2022-09-02T02:15:00-00:00,2022-09-01,20,STCRUZ_LNODECXA,STCRUZ_LNODECXA,STCRUZ_LNODECXA,RTPD,MGHG,LMP_GHG_PRC,STCRUZ_LNODECXA,ALL,1,0,1,5
2022-09-02T03:00:00-00:00,2022-09-02T03:15:00-00:00,2022-09-01,21,STCRUZ_LNODECXA,STCRUZ_LNODECXA,STCRUZ_LNODECXA,RTPD,MGHG,LMP_GHG_PRC,STCRUZ_LNODECXA,ALL,1,0,1,5
2022-09-02T04:00:00-00:00,2022-09-02T04:15:00-00:00,2022-09-01,22,STCRUZ_LNODECXA,STCRUZ_LNODECXA,STCRUZ_LNODECXA,RTPD,MGHG,LMP_GHG_PRC,STCRUZ_LNODECXA,ALL,1,0,1,5
2022-09-02T05:00:00-00:00,2022-09-02T05:15:00-00:00,2022-09-01,23,STCRUZ_LNODECXA,STCRUZ_LNODECXA,STCRUZ_LNODECXA,RTPD,MGHG,LMP_GHG_PRC,STCRUZ_LNODECXA,ALL,1,0,1,5
2022-09-02T06:00:00-00:00,2022-09-02T06:15:00-00:00,2022-09-01,24,STCRUZ_LNODECXA,STCRUZ_LNODECXA,STCRUZ_LNODECXA,RTPD,MGHG,LMP_GHG_PRC,STCRUZ_LNODECXA,ALL,1,0,1,5
2022-09-01T07:15:00-00:00,2022-09-01T07:30:00-00:00,2022-09-01,01,STCRUZ_LNODECXA,STCRUZ_LNODECXA,STCRUZ_LNODECXA,RTPD,MGHG,LMP_GHG_PRC,STCRUZ_LNODECXA,ALL,1,0,2,5
2022-09-01T08:15:00-00:00,2022-09-01T08:30:00-00:00,2022-09-01,02,STCRUZ_LNODECXA,STCRUZ_LNODECXA,STCRUZ_LNODECXA,RTPD,MGHG,LMP_GHG_PRC,STCRUZ_LNODECXA,ALL,1,0,2,5
2022-09-01T09:15:00-00:00,2022-09-01T09:30:00-00:00,2022-09-01,03,STCRUZ_LNODECXA,STCRUZ_LNODECXA,STCRUZ_LNODECXA,RTPD,MGHG,LMP_GHG_PRC,STCRUZ_LNODECXA,ALL,1,0,2,5
2022-09-01T10:15:00-00:00,2022-09-01T10:30:00-00:00,2022-09-01,04,STCRUZ_LNODECXA,STCRUZ_LNODECXA,STCRUZ_LNODECXA,RTPD,MGHG,LMP_GHG_PRC,STCRUZ_LNODECXA,ALL,1,0,2,5
2022-09-01T11:15:00-00:00,2022-09-01T11:30:00-00:00,2022-09-01,05,STCRUZ_LNODECXA,STCRUZ_LNODECXA,STCRUZ_LNODECXA,RTPD,MGHG,LMP_GHG_PRC,STCRUZ_LNODECXA,ALL,1,0,2,5
2022-09-01T12:15:00-00:00,2022-09-01T12:30:00-00:00,2022-09-01,06,STCRUZ_LNODECXA,STCRUZ_LNODECXA,STCRUZ_LNODECXA,RTPD,MGHG,LMP_GHG_PRC,STCRUZ_LNODECXA,ALL,1,0,2,5
2022-09-01T13:15:00-00:00,2022-09-01T13:30:00-00:00,2022-09-01,07,STCRUZ_LNODECXA,STCRUZ_LNODECXA,STCRUZ_LNODECXA,RTPD,MGHG,LMP_GHG_PRC,STCRUZ_LNODECXA,ALL,1,0,2,5
2022-09-01T14:15:00-00:00,2022-09-01T14:30:00-00:00,2022-09-01,08,STCRUZ_LNODECXA,STCRUZ_LNODECXA,STCRUZ_LNODECXA,RTPD,MGHG,LMP_GHG_PRC,STCRUZ_LNODECXA,ALL,1,0,2,5
2022-09-01T15:15:00-00:00,2022-09-01T15:30:00-00:00,2022-09-01,09,STCRUZ_LNODECXA,STCRUZ_LNODECXA,STCRUZ_LNODECXA,RTPD,MGHG,LMP_GHG_PRC,STCRUZ_LNODECXA,ALL,1,0,2,5
2022-09-01T16:15:00-00:00,2022-09-01T16:30:00-00:00,2022-09-01,10,STCRUZ_LNODECXA,STCRUZ_LNODECXA,STCRUZ_LNODECXA,RTPD,MGHG,LMP_GHG_PRC,STCRUZ_LNODECXA,ALL,1,0,2,5
2022-09-01T17:15:00-00:00,2022-09-01T17:30:00-00:00,2022-09-01,11,STCRUZ_LNODECXA,STCRUZ_LNODECXA,STCRUZ_LNODECXA,RTPD,MGHG,LMP_GHG_PRC,STCRUZ_LNODECXA,ALL,1,0,2,5
2022-09-01T18:15:00-00:00,2022-09-01T18:30:00-00:00,2022-09-01,12,STCRUZ_LNODECXA,STCRUZ_LNODECXA,STCRUZ_LNODECXA,RTPD,MGHG,LMP_GHG_PRC,STCRUZ_LNODECXA,ALL,1,0,2,5
2022-09-01T19:15:00-00:00,2022-09-01T19:30:00-00:00,2022-09-01,13,STCRUZ_LNODECXA,STCRUZ_LNODECXA,STCRUZ_LNODECXA,RTPD,MGHG,LMP_GHG_PRC,STCRUZ_LNODECXA,ALL,1,0,2,5
2022-09-01T20:15:00-00:00,2022-09-01T20:30:00-00:00,2022-09-01,14,STCRUZ_LNODECXA,STCRUZ_LNODECXA,STCRUZ_LNODECXA,RTPD,MGHG,LMP_GHG_PRC,STCRUZ_LNODECXA,ALL,1,0,2,5
2022-09-01T21:15:00-00:00,2022-09-01T21:30:00-00:00,2022-09-01,15,STCRUZ_LNODECXA,STCRUZ_LNODECXA,STCRUZ_LNODECXA,RTPD,MGHG,LMP_GHG_PRC,STCRUZ_LNODECXA,ALL,1,0,2,5
2022-09-01T22:15:00-00:00,2022-09-01T22:30:00-00:00,2022-09-01,16,STCRUZ_LNODECXA,STCRUZ_LNODECXA,STCRUZ_LNODECXA,RTPD,MGHG,LMP_GHG_PRC,STCRUZ_LNODECXA,ALL,1,0,2,5
2022-09-01T23:15:00-00:00,2022-09-01T23:30:00-00:00,2022-09-01,17,STCRUZ_LNODECXA,STCRUZ_LNODECXA,STCRUZ_LNODECXA,RTPD,MGHG,LMP_GHG_PRC,STCRUZ_LNODECXA,ALL,1,0,2,5
2022-09-02T00:15:00-00:00,2022-09-02T00:30:00-00:00,2022-09-01,18,STCRUZ_LNODECXA,STCRUZ_LNODECXA,STCRUZ_LNODECXA,RTPD,MGHG,LMP_GHG_PRC,STCRUZ_LNODECXA,ALL,1,0,2,5
2022-09-02T01:15:00-00:00,2022-09-02T01:30:00-00:00,2022-09-01,19,STCRUZ_LNODECXA,STCRUZ_LNODECXA,STCRUZ_LNODECXA,RTPD,MGHG,LMP_GHG_PRC,STCRUZ_LNODECXA,ALL,1,0,2,5
2022-09-02T02:15:00-00:00,2022-09-02T02:30:00-00:00,2022-09-01,20,STCRUZ_LNODECXA,STCRUZ_LNODECXA,STCRUZ_LNODECXA,RTPD,MGHG,LMP_GHG_PRC,STCRUZ_LNODECXA,ALL,1,0,2,5
2022-09-02T03:15:00-00:00,2022-09-02T03:30:00-00:00,2022-09-01,21,STCRUZ_LNODECXA,STCRUZ_LNODECXA,STCRUZ_LNODECXA,RTPD,MGHG,LMP_GHG_PRC,STCRUZ_LNODECXA,ALL,1,0,2,5
2022-09-02T04:15:00-00:00,2022-09-02T04:30:00-00:00,2022-09-01,22,STCRUZ_LNODECXA,STCRUZ_LNODECXA,STCRUZ_LNODECXA,RTPD,MGHG,LMP_GHG_PRC,STCRUZ_LNODECXA,ALL,1,0,2,5
2022-09-02T05:15:00-00:00,2022-09-02T05:30:00-00:00,2022-09-01,23,STCRUZ_LNODECXA,STCRUZ_LNODECXA,STCRUZ_LNODECXA,RTPD,MGHG,LMP_GHG_PRC,STCRUZ_LNODECXA,ALL,1,0,2,5
2022-09-02T06:15:00-00:00,2022-09-02T06:30:00-00:00,2022-09-01,24,STCRUZ_LNODECXA,STCRUZ_LNODECXA,STCRUZ_LNODECXA,RTPD,MGHG,LMP_GHG_PRC,STCRUZ_LNODECXA,ALL,1,0,2,5
2022-09-01T07:30:00-00:00,2022-09-01T07:45:00-00:00,2022-09-01,01,STCRUZ_LNODECXA,STCRUZ_LNODECXA,STCRUZ_LNODECXA,RTPD,MGHG,LMP_GHG_PRC,STCRUZ_LNODECXA,ALL,1,0,3,5
2022-09-01T08:30:00-00:00,2022-09-01T08:45:00-00:00,2022-09-01,02,STCRUZ_LNODECXA,STCRUZ_LNODECXA,STCRUZ_LNODECXA,RTPD,MGHG,LMP_GHG_PRC,STCRUZ_LNODECXA,ALL,1,0,3,5
2022-09-01T09:30:00-00:00,2022-09-01T09:45:00-00:00,2022-09-01,03,STCRUZ_LNODECXA,STCRUZ_LNODECXA,STCRUZ_LNODECXA,RTPD,MGHG,LMP_GHG_PRC,STCRUZ_LNODECXA,ALL,1,0,3,5
2022-09-01T10:30:00-00:00,2022-09-01T10:45:00-00:00,2022-09-01,04,STCRUZ_LNODECXA,STCRUZ_LNODECXA,STCRUZ_LNODECXA,RTPD,MGHG,LMP_GHG_PRC,STCRUZ_LNODECXA,ALL,1,0,3,5
2022-09-01T11:30:00-00:00,2022-09-01T11:45:00-00:00,2022-09-01,05,STCRUZ_LNODECXA,STCRUZ_LNODECXA,STCRUZ_LNODECXA,RTPD,MGHG,LMP_GHG_PRC,STCRUZ_LNODECXA,ALL,1,0,3,5
2022-09-01T12:30:00-00:00,2022-09-01T12:45:00-00:00,2022-09-01,06,STCRUZ_LNODECXA,STCRUZ_LNODECXA,STCRUZ_LNODECXA,RTPD,MGHG,LMP_GHG_PRC,STCRUZ_LNODECXA,ALL,1,0,3,5
2022-09-01T13:30:00-00:00,2022-09-01T13:45:00-00:00,2022-09-01,07,STCRUZ_LNODECXA,STCRUZ_LNODECXA,STCRUZ_LNODECXA,RTPD,MGHG,LMP_GHG_PRC,STCRUZ_LNODECXA,ALL,1,0,3,5
2022-09-01T14:30:00-00:00,2022-09-01T14:45:00-00:00,2022-09-01,08,STCRUZ_LNODECXA,STCRUZ_LNODECXA,STCRUZ_LNODECXA,RTPD,MGHG,LMP_GHG_PRC,STCRUZ_LNODECXA,ALL,1,0,3,5
2022-09-01T15:30:00-00:00,2022-09-01T15:45:00-00:00,2022-09-01,09,STCRUZ_LNODECXA,STCRUZ_LNODECXA,STCRUZ_LNODECXA,RTPD,MGHG,LMP_GHG_PRC,STCRUZ_LNODECXA,ALL,1,0,3,5
2022-09-01T16:30:00-00:00,2022-09-01T16:45:00-00:00,2022-09-01,10,STCRUZ_LNODECXA,STCRUZ_LNODECXA,STCRUZ_LNODECXA,RTPD,MGHG,LMP_GHG_PRC,STCRUZ_LNODECXA,ALL,1,0,3,5
2022-09-01T17:30:00-00:00,2022-09-01T17:45:00-00:00,2022-09-01,11,STCRUZ_LNODECXA,STCRUZ_LNODECXA,STCRUZ_LNODECXA,RTPD,MGHG,LMP_GHG_PRC,STCRUZ_LNODECXA,ALL,1,0,3,5
2022-09-01T18:30:00-00:00,2022-09-01T18:45:00-00:00,2022-09-01,12,STCRUZ_LNODECXA,STCRUZ_LNODECXA,STCRUZ_LNODECXA,RTPD,MGHG,LMP_GHG_PRC,STCRUZ_LNODECXA,ALL,1,0,3,5
2022-09-01T19:30:00-00:00,2022-09-01T19:45:00-00:00,2022-09-01,13,STCRUZ_LNODECXA,STCRUZ_LNODECXA,STCRUZ_LNODECXA,RTPD,MGHG,LMP_GHG_PRC,STCRUZ_LNODECXA,ALL,1,0,3,5
2022-09-01T20:30:00-00:00,2022-09-01T20:45:00-00:00,2022-09-01,14,STCRUZ_LNODECXA,STCRUZ_LNODECXA,STCRUZ_LNODECXA,RTPD,MGHG,LMP_GHG_PRC,STCRUZ_LNODECXA,ALL,1,0,3,5
2022-09-01T21:30:00-00:00,2022-09-01T21:45:00-00:00,2022-09-01,15,STCRUZ_LNODECXA,STCRUZ_LNODECXA,STCRUZ_LNODECXA,RTPD,MGHG,LMP_GHG_PRC,STCRUZ_LNODECXA,ALL,1,0,3,5
2022-09-01T22:30:00-00:00,2022-09-01T22:45:00-00:00,2022-09-01,16,STCRUZ_LNODECXA,STCRUZ_LNODECXA,STCRUZ_LNODECXA,RTPD,MGHG,LMP_GHG_PRC,STCRUZ_LNODECXA,ALL,1,0,3,5
2022-09-01T23:30:00-00:00,2022-09-01T23:45:00-00:00,2022-09-01,17,STCRUZ_LNODECXA,STCRUZ_LNODECXA,STCRUZ_LNODECXA,RTPD,MGHG,LMP_GHG_PRC,STCRUZ_LNODECXA,ALL,1,0,3,5
2022-09-02T00:30:00-00:00,2022-09-02T00:45:00-00:00,2022-09-01,18,STCRUZ_LNODECXA,STCRUZ_LNODECXA,STCRUZ_LNODECXA,RTPD,MGHG,LMP_GHG_PRC,STCRUZ_LNODECXA,ALL,1,0,3,5
2022-09-02T01:30:00-00:00,2022-09-02T01:45:00-00:00,2022-09-01,19,STCRUZ_LNODECXA,STCRUZ_LNODECXA,STCRUZ_LNODECXA,RTPD,MGHG,LMP_GHG_PRC,STCRUZ_LNODECXA,ALL,1,0,3,5
2022-09-02T02:30:00-00:00,2022-09-02T02:45:00-00:00,2022-09-01,20,STCRUZ_LNODECXA,STCRUZ_LNODECXA,STCRUZ_LNODECXA,RTPD,MGHG,LMP_GHG_PRC,STCRUZ_LNODECXA,ALL,1,0,3,5
2022-09-02T03:30:00-00:00,2022-09-02T03:45:00-00:00,2022-09-01,21,STCRUZ_LNODECXA,STCRUZ_LNODECXA,STCRUZ_LNODECXA,RTPD,MGHG,LMP_GHG_PRC,STCRUZ_LNODECXA,ALL,1,0,3,5
2022-09-02T04:30:00-00:00,2022-09-02T04:45:00-00:00,2022-09-01,22,STCRUZ_LNODECXA,STCRUZ_LNODECXA,STCRUZ_LNODECXA,RTPD,MGHG,LMP_GHG_PRC,STCRUZ_LNODECXA,ALL,1,0,3,5
2022-09-02T05:30:00-00:00,2022-09-02T05:45:00-00:00,2022-09-01,23,STCRUZ_LNODECXA,STCRUZ_LNODECXA,STCRUZ_LNODECXA,RTPD,MGHG,LMP_GHG_PRC,STCRUZ_LNODECXA,ALL,1,0,3,5
2022-09-02T06:30:00-00:00,2022-09-02T06:45:00-00:00,2022-09-01,24,STCRUZ_LNODECXA,STCRUZ_LNODECXA,STCRUZ_LNODECXA,RTPD,MGHG,LMP_GHG_PRC,STCRUZ_LNODECXA,ALL,1,0,3,5
2022-09-01T07:45:00-00:00,2022-09-01T08:00:00-00:00,2022-09-01,01,STCRUZ_LNODECXA,STCRUZ_LNODECXA,STCRUZ_LNODECXA,RTPD,MGHG,LMP_GHG_PRC,STCRUZ_LNODECXA,ALL,1,0,4,5
2022-09-01T08:45:00-00:00,2022-09-01T09:00:00-00:00,2022-09-01,02,STCRUZ_LNODECXA,STCRUZ_LNODECXA,STCRUZ_LNODECXA,RTPD,MGHG,LMP_GHG_PRC,STCRUZ_LNODECXA,ALL,1,0,4,5
2022-09-01T09:45:00-00:00,2022-09-01T10:00:00-00:00,2022-09-01,03,STCRUZ_LNODECXA,STCRUZ_LNODECXA,STCRUZ_LNODECXA,RTPD,MGHG,LMP_GHG_PRC,STCRUZ_LNODECXA,ALL,1,0,4,5
2022-09-01T10:45:00-00:00,2022-09-01T11:00:00-00:00,2022-09-01,04,STCRUZ_LNODECXA,STCRUZ_LNODECXA,STCRUZ_LNODECXA,RTPD,MGHG,LMP_GHG_PRC,STCRUZ_LNODECXA,ALL,1,0,4,5
2022-09-01T11:45:00-00:00,2022-09-01T12:00:00-00:00,2022-09-01,05,STCRUZ_LNODECXA,STCRUZ_LNODECXA,STCRUZ_LNODECXA,RTPD,MGHG,LMP_GHG_PRC,STCRUZ_LNODECXA,ALL,1,0,4,5
2022-09-01T12:45:00-00:00,2022-09-01T13:00:00-00:00,2022-09-01,06,STCRUZ_LNODECXA,STCRUZ_LNODECXA,STCRUZ_LNODECXA,RTPD,MGHG,LMP_GHG_PRC,STCRUZ_LNODECXA,ALL,1,0,4,5
2022-09-01T13:45:00-00:00,2022-09-01T14:00:00-00:00,2022-09-01,07,STCRUZ_LNODECXA,STCRUZ_LNODECXA,STCRUZ_LNODECXA,RTPD,MGHG,LMP_GHG_PRC,STCRUZ_LNODECXA,ALL,1,0,4,5
2022-09-01T14:45:00-00:00,2022-09-01T15:00:00-00:00,2022-09-01,08,STCRUZ_LNODECXA,STCRUZ_LNODECXA,STCRUZ_LNODECXA,RTPD,MGHG,LMP_GHG_PRC,STCRUZ_LNODECXA,ALL,1,0,4,5
2022-09-01T15:45:00-00:00,2022-09-01T16:00:00-00:00,2022-09-01,09,STCRUZ_LNODECXA,STCRUZ_LNODECXA,STCRUZ_LNODECXA,RTPD,MGHG,LMP_GHG_PRC,STCRUZ_LNODECXA,ALL,1,0,4,5
2022-09-01T16:45:00-00:00,2022-09-01T17:00:00-00:00,2022-09-01,10,STCRUZ_LNODECXA,STCRUZ_LNODECXA,STCRUZ_LNODECXA,RTPD,MGHG,LMP_GHG_PRC,STCRUZ_LNODECXA,ALL,1,0,4,5
2022-09-01T17:45:00-00:00,2022-09-01T18:00:00-00:00,2022-09-01,11,STCRUZ_LNODECXA,STCRUZ_LNODECXA,STCRUZ_LNODECXA,RTPD,MGHG,LMP_GHG_PRC,STCRUZ_LNODECXA,ALL,1,0,4,5
2022-09-01T18:45:00-00:00,2022-09-01T19:00:00-00:00,2022-09-01,12,STCRUZ_LNODECXA,STCRUZ_LNODECXA,STCRUZ_LNODECXA,RTPD,MGHG,LMP_GHG_PRC,STCRUZ_LNODECXA,ALL,1,0,4,5
2022-09-01T19:45:00-00:00,2022-09-01T20:00:00-00:00,2022-09-01,13,STCRUZ_LNODECXA,STCRUZ_LNODECXA,STCRUZ_LNODECXA,RTPD,MGHG,LMP_GHG_PRC,STCRUZ_LNODECXA,ALL,1,0,4,5
2022-09-01T20:45:00-00:00,2022-09-01T21:00:00-00:00,2022-09-01,14,STCRUZ_LNODECXA,STCRUZ_LNODECXA,STCRUZ_LNODECXA,RTPD,MGHG,LMP_GHG_PRC,STCRUZ_LNODECXA,ALL,1,0,4,5
2022-09-01T21:45:00-00:00,2022-09-01T22:00:00-00:00,2022-09-01,15,STCRUZ_LNODECXA,STCRUZ_LNODECXA,STCRUZ_LNODECXA,RTPD,MGHG,LMP_GHG_PRC,STCRUZ_LNODECXA,ALL,1,0,4,5
2022-09-01T22:45:00-00:00,2022-09-01T23:00:00-00:00,2022-09-01,16,STCRUZ_LNODECXA,STCRUZ_LNODECXA,STCRUZ_LNODECXA,RTPD,MGHG,LMP_GHG_PRC,STCRUZ_LNODECXA,ALL,1,0,4,5
2022-09-01T23:45:00-00:00,2022-09-02T00:00:00-00:00,2022-09-01,17,STCRUZ_LNODECXA,STCRUZ_LNODECXA,STCRUZ_LNODECXA,RTPD,MGHG,LMP_GHG_PRC,STCRUZ_LNODECXA,ALL,1,0,4,5
2022-09-02T00:45:00-00:00,2022-09-02T01:00:00-00:00,2022-09-01,18,STCRUZ_LNODECXA,STCRUZ_LNODECXA,STCRUZ_LNODECXA,RTPD,MGHG,LMP_GHG_PRC,STCRUZ_LNODECXA,ALL,1,0,4,5
2022-09-02T01:45:00-00:00,2022-09-02T02:00:00-00:00,2022-09-01,19,STCRUZ_LNODECXA,STCRUZ_LNODECXA,STCRUZ_LNODECXA,RTPD,MGHG,LMP_GHG_PRC,STCRUZ_LNODECXA,ALL,1,0,4,5
2022-09-02T02:45:00-00:00,2022-09-02T03:00:00-00:00,2022-09-01,20,STCRUZ_LNODECXA,STCRUZ_LNODECXA,STCRUZ_LNODECXA,RTPD,MGHG,LMP_GHG_PRC,STCRUZ_LNODECXA,ALL,1,0,4,5
2022-09-02T03:45:00-00:00,2022-09-02T04:00:00-00:00,2022-09-01,21,STCRUZ_LNODECXA,STCRUZ_LNODECXA,STCRUZ_LNODECXA,RTPD,MGHG,LMP_GHG_PRC,STCRUZ_LNODECXA,ALL,1,0,4,5
2022-09-02T04:45:00-00:00,2022-09-02T05:00:00-00:00,2022-09-01,22,STCRUZ_LNODECXA,STCRUZ_LNODECXA,STCRUZ_LNODECXA,RTPD,MGHG,LMP_GHG_PRC,STCRUZ_LNODECXA,ALL,1,0,4,5
2022-09-02T05:45:00-00:00,2022-09-02T06:00:00-00:00,2022-09-01,23,STCRUZ_LNODECXA,STCRUZ_LNODECXA,STCRUZ_LNODECXA,RTPD,MGHG,LMP_GHG_PRC,STCRUZ_LNODECXA,ALL,1,0,4,5
2022-09-02T06:45:00-00:00,2022-09-02T07:00:00-00:00,2022-09-01,24,STCRUZ_LNODECXA,STCRUZ_LNODECXA,STCRUZ_LNODECXA,RTPD,MGHG,LMP_GHG_PRC,STCRUZ_LNODECXA,ALL,1,0,4,5
