INTERVALSTARTTIME_GMT,INTERVALENDTIME_GMT,OPR_DT,OPR_HR,NODE_ID_XML,NODE_ID,NODE,MARKET_RUN_ID,LMP_TYPE,XML_DATA_ITEM,PNODE_RESMRID,GRP_TYPE,POS,PRC,OPR_INTERVAL,GROUP
2022-09-01T07:00:00-00:00,2022-09-01T07:15:00-00:00,2022-09-01,01,ARCATA_6_N001,ARCATA_6_N001,ARCATA_6_N001,RTPD,LMP,LMP_PRC,ARCATA_6_N001,ALL,1,74.83265,1,1
2022-09-01T08:00:00-00:00,2022-09-01T08:15:00-00:00,2022-09-01,02,ARCATA_6_N001,ARCATA_6_N001,ARCATA_6_N001,RTPD,LMP,LMP_PRC,ARCATA_6_N001,ALL,1,112.40557,1,1
2022-09-01T09:00:00-00:00,2022-09-01T09:15:00-00:00,2022-09-01,03,ARCATA_6_N001,ARCATA_6_N001,ARCATA_6_N001,RTPD,LMP,LMP_PRC,ARCATA_6_N001,ALL,1,84.97871,1,1
2022-09-01T10:00:00-00:00,2022-09-01T10:15:00-00:00,2022-09-01,04,ARCATA_6_N001,ARCATA_6_N001,ARCATA_6_N001,RTPD,LMP,LMP_PRC,ARCATA_6_N001,ALL,1,84.76325,1,1
2022-09-01T11:00:00-00:00,2022-09-01T11:15:00-00:00,2022-09-01,05,ARCATA_6_N001,ARCATA_6_N001,ARCATA_6_N001,RTPD,LMP,LMP_PRC,ARCATA_6_N001,ALL,1,95.37853,1,1
2022-09-01T12:00:00-00:00,2022-09-01T12:15:00-00:00,2022-09-01,06,ARCATA_6_N001,ARCATA_6_N001,ARCATA_6_N001,RTPD,LMP,LMP_PRC,ARCATA_6_N001,ALL,1,80.55465,1,1
2022-09-01T13:00:00-00:00,2022-09-01T13:15:00-00:00,2022-09-01,07,ARCATA_6_N001,ARCATA_6_N001,ARCATA_6_N001,RTPD,LMP,LMP_PRC,ARCATA_6_N001,ALL,1,89.49679,1,1
2022-09-01T14:00:00-00:00,2022-09-01T14:15:00-00:00,2022-09-01,08,ARCATA_6_N001,ARCATA_6_N001,ARCATA_6_N001,RTPD,LMP,LMP_PRC,ARCATA_6_N001,ALL,1,103.74545,1,1
2022-09-01T15:00:00-00:00,2022-09-01T15:15:00-00:00,2022-09-01,09,ARCATA_6_N001,ARCATA_6_N001,ARCATA_6_N001,RTPD,LMP,LMP_PRC,ARCATA_6_N001,ALL,1,97.4112,1,1
2022-09-01T16:00:00-00:00,2022-09-01T16:15:00-00:00,2022-09-01,10,ARCATA_6_N001,ARCATA_6_N001,ARCATA_6_N001,RTPD,LMP,LMP_PRC,ARCATA_6_N001,ALL,1,83.43525,1,1
2022-09-01T17:00:00-00:00,2022-09-01T17:15:00-00:00,2022-09-01,11,ARCATA_6_N001,ARCATA_6_N001,ARCATA_6_N001,RTPD,LMP,LMP_PRC,ARCATA_6_N001,ALL,1,81.30979,1,1
2022-09-01T18:00:00-00:00,2022-09-01T18:15:00-00:00,2022-09-01,12,ARCATA_6_N001,ARCATA_6_N001,ARCATA_6_N001,RTPD,LMP,LMP_PRC,ARCATA_6_N001,ALL,1,61.18547,1,1
2022-09-01T19:00:00-00:00,2022-09-01T19:15:00-00:00,2022-09-01,13,ARCATA_6_N001,ARCATA_6_N001,ARCATA_6_N001,RTPD,LMP,LMP_PRC,ARCATA_6_N001,ALL,1,75.41762,1,1
2022-09-01T20:00:00-00:00,2022-09-01T20:15:00-00:00,2022-09-01,14,ARCATA_6_N001,ARCATA_6_N001,ARCATA_6_N001,RTPD,LMP,LMP_PRC,ARCATA_6_N001,ALL,1,114.62252,1,1
2022-09-01T21:00:00-00:00,2022-09-01T21:15:00-00:00,2022-09-01,15,ARCATA_6_N001,ARCATA_6_N001,ARCATA_6_N001,RTPD,LMP,LMP_PRC,ARCATA_6_N001,ALL,1,133.13174,1,1
2022-09-01T22:00:00-00:00,2022-09-01T22:15:00-00:00,2022-09-01,16,ARCATA_6_N001,ARCATA_6_N001,ARCATA_6_N001,RTPD,LMP,LMP_PRC,ARCATA_6_N001,ALL,1,127.54963,1,1
2022-09-01T23:00:00-00:00,2022-09-01T23:15:00-00:00,2022-09-01,17,ARCATA_6_N001,ARCATA_6_N001,ARCATA_6_N001,RTPD,LMP,LMP_PRC,ARCATA_6_N001,ALL,1,226.51466,1,1
2022-09-02T00:00:00-00:00,2022-09-02T00:15:00-00:00,2022-09-01,18,ARCATA_6_N001,ARCATA_6_N001,ARCATA_6_N001,RTPD,LMP,LMP_PRC,ARCATA_6_N001,ALL,1,944.6418,1,1
2022-09-02T01:00:00-00:00,2022-09-02T01:15:00-00:00,2022-09-01,19,ARCATA_6_N001,ARCATA_6_N001,ARCATA_6_N001,RTPD,LMP,LMP_PRC,ARCATA_6_N001,ALL,1,1215.2206,1,1
2022-09-02T02:00:00-00:00,2022-09-02T02:15:00-00:00,2022-09-01,20,ARCATA_6_N001,ARCATA_6_N001,ARCATA_6_N001,RTPD,LMP,LMP_PRC,ARCATA_6_N001,ALL,1,1991.6721,1,1
2022-09-02T03:00:00-00:00,2022-09-02T03:15:00-00:00,2022-09-01,21,ARCATA_6_N001,ARCATA_6_N001,ARCATA_6_N001,RTPD,LMP,LMP_PRC,ARCATA_6_N001,ALL,1,965.9064,1,1
2022-09-02T04:00:00-00:00,2022-09-02T04:15:00-00:00,2022-09-01,22,ARCATA_6_N001,ARCATA_6_N001,ARCATA_6_N001,RTPD,LMP,LMP_PRC,ARCATA_6_N001,ALL,1,215.75217,1,1
2022-09-02T05:00:00-00:00,2022-09-02T05:15:00-00:00,2022-09-01,23,ARCATA_6_N001,ARCATA_6_N001,ARCATA_6_N001,RTPD,LMP,LMP_PRC,ARCATA_6_N001,ALL,1,154.27528,1,1
2022-09-02T06:00:00-00:00,2022-09-02T06:15:00-00:00,2022-09-01,24,ARCATA_6_N001,ARCATA_6_N001,ARCATA_6_N001,RTPD,LMP,LMP_PRC,ARCATA_6_N001,ALL,1,135.45001,1,1
2022-09-01T07:15:00-00:00,2022-09-01T07:30:00-00:00,2022-09-01,01,ARCATA_6_N001,ARCATA_6_N001,ARCATA_6_N001,RTPD,LMP,LMP_PRC,ARCATA_6_N001,ALL,1,116.12303,2,1
2022-09-01T08:15:00-00:00,2022-09-01T08:30:00-00:00,2022-09-01,02,ARCATA_6_N001,ARCATA_6_N001,ARCATA_6_N001,RTPD,LMP,LMP_PRC,ARCATA_6_N001,ALL,1,114.67369,2,1
2022-09-01T09:15:00-00:00,2022-09-01T09:30:00-00:00,2022-09-01,03,ARCATA_6_N001,ARCATA_6_N001,ARCATA_6_N001,RTPD,LMP,LMP_PRC,ARCATA_6_N001,ALL,1,82.33806,2,1
2022-09-01T10:15:00-00:00,2022-09-01T10:30:00-00:00,2022-09-01,04,ARCATA_6_N001,ARCATA_6_N001,ARCATA_6_N001,RTPD,LMP,LMP_PRC,ARCATA_6_N001,ALL,1,85.81289,2,1
2022-09-01T11:15:00-00:00,2022-09-01T11:30:00-00:00,2022-09-01,05,ARCATA_6_N001,ARCATA_6_N001,ARCATA_6_N001,RTPD,LMP,LMP_PRC,ARCATA_6_N001,ALL,1,95.68869,2,1
2022-09-01T12:15:00-00:00,2022-09-01T12:30:00-00:00,2022-09-01,06,ARCATA_6_N001,ARCATA_6_N001,ARCATA_6_N001,RTPD,LMP,LMP_PRC,ARCATA_6_N001,ALL,1,96.22463,2,1
2022-09-01T13:15:00-00:00,2022-09-01T13:30:00-00:00,2022-09-01,07,ARCATA_6_N001,ARCATA_6_N001,ARCATA_6_N001,RTPD,LMP,LMP_PRC,ARCATA_6_N001,ALL,1,105.00088,2,1
2022-09-01T14:15:00-00:00,2022-09-01T14:30:00-00:00,2022-09-01,08,ARCATA_6_N001,ARCATA_6_N001,ARCATA_6_N001,RTPD,LMP,LMP_PRC,ARCATA_6_N001,ALL,1,99.65285,2,1
2022-09-01T15:15:00-00:00,2022-09-01T15:30:00-00:00,2022-09-01,09,ARCATA_6_N001,ARCATA_6_N001,ARCATA_6_N001,RTPD,LMP,LMP_PRC,ARCATA_6_N001,ALL,1,86.9388,2,1
2022-09-01T16:15:00-00:00,2022-09-01T16:30:00-00:00,2022-09-01,10,ARCATA_6_N001,ARCATA_6_N001,ARCATA_6_N001,RTPD,LMP,LMP_PRC,ARCATA_6_N001,ALL,1,87.91019,2,1
2022-09-01T17:15:00-00:00,2022-09-01T17:30:00-00:00,2022-09-01,11,ARCATA_6_N001,ARCATA_6_N001,ARCATA_6_N001,RTPD,LMP,LMP_PRC,ARCATA_6_N001,ALL,1,80.18225,2,1
2022-09-01T18:15:00-00:00,2022-09-01T18:30:00-00:00,2022-09-01,12,ARCATA_6_N001,ARCATA_6_N001,ARCATA_6_N001,RTPD,LMP,LMP_PRC,ARCATA_6_N001,ALL,1,76.25743,2,1
2022-09-01T19:15:00-00:00,2022-09-01T19:30:00-00:00,2022-09-01,13,ARCATA_6_N001,ARCATA_6_N001,ARCATA_6_N001,RTPD,LMP,LMP_PRC,ARCATA_6_N001,ALL,1,77.48999,2,1
2022-09-01T20:15:00-00:00,2022-09-01T20:30:00-00:00,2022-09-01,14,ARCATA_6_N001,ARCATA_6_N001,ARCATA_6_N001,RTPD,LMP,LMP_PRC,ARCATA_6_N001,ALL,1,114.50352,2,1
2022-09-01T21:15:00-00:00,2022-09-01T21:30:00-00:00,2022-09-01,15,ARCATA_6_N001,ARCATA_6_N001,ARCATA_6_N001,RTPD,LMP,LMP_PRC,ARCATA_6_N001,ALL,1,121.94747,2,1
2022-09-01T22:15:00-00:00,2022-09-01T22:30:00-00:00,2022-09-01,16,ARCATA_6_N001,ARCATA_6_N001,ARCATA_6_N001,RTPD,LMP,LMP_PRC,ARCATA_6_N001,ALL,1,145.55972,2,1
2022-09-01T23:15:00-00:00,2022-09-01T23:30:00-00:00,2022-09-01,17,ARCATA_6_N001,ARCATA_6_N001,ARCATA_6_N001,RTPD,LMP,LMP_PRC,ARCATA_6_N001,ALL,1,268.99402,2,1
2022-09-02T00:15:00-00:00,2022-09-02T00:30:00-00:00,2022-09-01,18,ARCATA_6_N001,ARCATA_6_N001,ARCATA_6_N001,RTPD,LMP,LMP_PRC,ARCATA_6_N001,ALL,1,873.58655,2,1
2022-09-02T01:15:00-00:00,2022-09-02T01:30:00-00:00,2022-09-01,19,ARCATA_6_N001,ARCATA_6_N001,ARCATA_6_N001,RTPD,LMP,LMP_PRC,ARCATA_6_N001,ALL,1,1999.9933,2,1
2022-09-02T02:15:00-00:00,2022-09-02T02:30:00-00:00,2022-09-01,20,ARCATA_6_N001,ARCATA_6_N001,ARCATA_6_N001,RTPD,LMP,LMP_PRC,ARCATA_6_N001,ALL,1,1991.6721,2,1
2022-09-02T03:15:00-00:00,2022-09-02T03:30:00-00:00,2022-09-01,21,ARCATA_6_N001,ARCATA_6_N001,ARCATA_6_N001,RTPD,LMP,LMP_PRC,ARCATA_6_N001,ALL,1,390.07498,2,1
2022-09-02T04:15:00-00:00,2022-09-02T04:30:00-00:00,2022-09-01,22,ARCATA_6_N001,ARCATA_6_N001,ARCATA_6_N001,RTPD,LMP,LMP_PRC,ARCATA_6_N001,ALL,1,188.38579,2,1
2022-09-02T05:15:00-00:00,2022-09-02T05:30:00-00:00,2022-09-01,23,ARCATA_6_N001,ARCATA_6_N001,ARCATA_6_N001,RTPD,LMP,LMP_PRC,ARCATA_6_N001,ALL,1,131.82356,2,1
2022-09-02T06:15:00-00:00,2022-09-02T06:30:00-00:00,2022-09-01,24,ARCATA_6_N001,ARCATA_6_N001,ARCATA_6_N001,RTPD,LMP,LMP_PRC,ARCATA_6_N001,ALL,1,120.30459,2,1
2022-09-01T07:30:00-00:00,2022-09-01T07:45:00-00:00,2022-09-01,01,ARCATA_6_N001,ARCATA_6_N001,ARCATA_6_N001,RTPD,LMP,LMP_PRC,ARCATA_6_N001,ALL,1,103.79992,3,1
2022-09-01T08:30:00-00:00,2022-09-01T08:45:00-00:00,2022-09-01,02,ARCATA_6_N001,ARCATA_6_N001,ARCATA_6_N001,RTPD,LMP,LMP_PRC,ARCATA_6_N001,ALL,1,99.42257,3,1
2022-09-01T09:30:00-00:00,2022-09-01T09:45:00-00:00,2022-09-01,03,ARCATA_6_N001,ARCATA_6_N001,ARCATA_6_N001,RTPD,LMP,LMP_PRC,ARCATA_6_N001,ALL,1,82.04362,3,1
2022-09-01T10:30:00-00:00,2022-09-01T10:45:00-00:00,2022-09-01,04,ARCATA_6_N001,ARCATA_6_N001,ARCATA_6_N001,RTPD,LMP,LMP_PRC,ARCATA_6_N001,ALL,1,87.45634,3,1
2022-09-01T11:30:00-00:00,2022-09-01T11:45:00-00:00,2022-09-01,05,ARCATA_6_N001,ARCATA_6_N001,ARCATA_6_N001,RTPD,LMP,LMP_PRC,ARCATA_6_N001,ALL,1,95.7858,3,1
2022-09-01T12:30:00-00:00,2022-09-01T12:45:00-00:00,2022-09-01,06,ARCATA_6_N001,ARCATA_6_N001,ARCATA_6_N001,RTPD,LMP,LMP_PRC,ARCATA_6_N001,ALL,1,96.27198,3,1
2022-09-01T13:30:00-00:00,2022-09-01T13:45:00-00:00,2022-09-01,07,ARCATA_6_N001,ARCATA_6_N001,ARCATA_6_N001,RTPD,LMP,LMP_PRC,ARCATA_6_N001,ALL,1,106.44608,3,1
2022-09-01T14:30:00-00:00,2022-09-01T14:45:00-00:00,2022-09-01,08,ARCATA_6_N001,ARCATA_6_N001,ARCATA_6_N001,RTPD,LMP,LMP_PRC,ARCATA_6_N001,ALL,1,97.87293,3,1
2022-09-01T15:30:00-00:00,2022-09-01T15:45:00-00:00,2022-09-01,09,ARCATA_6_N001,ARCATA_6_N001,ARCATA_6_N001,RTPD,LMP,LMP_PRC,ARCATA_6_N001,ALL,1,86.1388,3,1
2022-09-01T16:30:00-00:00,2022-09-01T16:45:00-00:00,2022-09-01,10,ARCATA_6_N001,ARCATA_6_N001,ARCATA_6_N001,RTPD,LMP,LMP_PRC,ARCATA_6_N001,ALL,1,75.91067,3,1
2022-09-01T17:30:00-00:00,2022-09-01T17:45:00-00:00,2022-09-01,11,ARCATA_6_N001,ARCATA_6_N001,ARCATA_6_N001,RTPD,LMP,LMP_PRC,ARCATA_6_N001,ALL,1,79.88885,3,1
2022-09-01T18:30:00-00:00,2022-09-01T18:45:00-00:00,2022-09-01,12,ARCATA_6_N001,ARCATA_6_N001,ARCATA_6_N001,RTPD,LMP,LMP_PRC,ARCATA_6_N001,ALL,1,81.08088,3,1
2022-09-01T19:30:00-00:00,2022-09-01T19:45:00-00:00,2022-09-01,13,ARCATA_6_N001,ARCATA_6_N001,ARCATA_6_N001,RTPD,LMP,LMP_PRC,ARCATA_6_N001,ALL,1,102.13987,3,1
2022-09-01T20:30:00-00:00,2022-09-01T20:45:00-00:00,2022-09-01,14,ARCATA_6_N001,ARCATA_6_N001,ARCATA_6_N001,RTPD,LMP,LMP_PRC,ARCATA_6_N001,ALL,1,117.74921,3,1
2022-09-01T21:30:00-00:00,2022-09-01T21:45:00-00:00,2022-09-01,15,ARCATA_6_N001,ARCATA_6_N001,ARCATA_6_N001,RTPD,LMP,LMP_PRC,ARCATA_6_N001,ALL,1,129.72151,3,1
2022-09-01T22:30:00-00:00,2022-09-01T22:45:00-00:00,2022-09-01,16,ARCATA_6_N001,ARCATA_6_N001,ARCATA_6_N001,RTPD,LMP,LMP_PRC,ARCATA_6_N001,ALL,1,163.79974,3,1
2022-09-01T23:30:00-00:00,2022-09-01T23:45:00-00:00,2022-09-01,17,ARCATA_6_N001,ARCATA_6_N001,ARCATA_6_N001,RTPD,LMP,LMP_PRC,ARCATA_6_N001,ALL,1,566.48157,3,1
2022-09-02T00:30:00-00:00,2022-09-02T00:45:00-00:00,2022-09-01,18,ARCATA_6_N001,ARCATA_6_N001,ARCATA_6_N001,RTPD,LMP,LMP_PRC,ARCATA_6_N001,ALL,1,1750.618,3,1
2022-09-02T01:30:00-00:00,2022-09-02T01:45:00-00:00,2022-09-01,19,ARCATA_6_N001,ARCATA_6_N001,ARCATA_6_N001,RTPD,LMP,LMP_PRC,ARCATA_6_N001,ALL,1,1999.9956,3,1
2022-09-02T02:30:00-00:00,2022-09-02T02:45:00-00:00,2022-09-01,20,ARCATA_6_N001,ARCATA_6_N001,ARCATA_6_N001,RTPD,LMP,LMP_PRC,ARCATA_6_N001,ALL,1,1991.671,3,1
2022-09-02T03:30:00-00:00,2022-09-02T03:45:00-00:00,2022-09-01,21,ARCATA_6_N001,ARCATA_6_N001,ARCATA_6_N001,RTPD,LMP,LMP_PRC,ARCATA_6_N001,ALL,1,148.95653,3,1
2022-09-02T04:30:00-00:00,2022-09-02T04:45:00-00:00,2022-09-01,22,ARCATA_6_N001,ARCATA_6_N001,ARCATA_6_N001,RTPD,LMP,LMP_PRC,ARCATA_6_N001,ALL,1,149.63773,3,1
2022-09-02T05:30:00-00:00,2022-09-02T05:45:00-00:00,2022-09-01,23,ARCATA_6_N001,ARCATA_6_N001,ARCATA_6_N001,RTPD,LMP,LMP_PRC,ARCATA_6_N001,ALL,1,109.16544,3,1
2022-09-02T06:30:00-00:00,2022-09-02T06:45:00-00:00,2022-09-01,24,ARCATA_6_N001,ARCATA_6_N001,ARCATA_6_N001,RTPD,LMP,LMP_PRC,ARCATA_6_N001,ALL,1,118.56495,3,1
2022-09-01T07:45:00-00:00,2022-09-01T08:00:00-00:00,2022-09-01,01,ARCATA_6_N001,ARCATA_6_N001,ARCATA_6_N001,RTPD,LMP,LMP_PRC,ARCATA_6_N001,ALL,1,91.75891,4,1
2022-09-01T08:45:00-00:00,2022-09-01T09:00:00-00:00,2022-09-01,02,ARCATA_6_N001,ARCATA_6_N001,ARCATA_6_N001,RTPD,LMP,LMP_PRC,ARCATA_6_N001,ALL,1,83.96259,4,1
2022-09-01T09:45:00-00:00,2022-09-01T10:00:00-00:00,2022-09-01,03,ARCATA_6_N001,ARCATA_6_N001,ARCATA_6_N001,RTPD,LMP,LMP_PRC,ARCATA_6_N001,ALL,1,81.62548,4,1
2022-09-01T10:45:00-00:00,2022-09-01T11:00:00-00:00,2022-09-01,04,ARCATA_6_N001,ARCATA_6_N001,ARCATA_6_N001,RTPD,LMP,LMP_PRC,ARCATA_6_N001,ALL,1,87.29869,4,1
2022-09-01T11:45:00-00:00,2022-09-01T12:00:00-00:00,2022-09-01,05,ARCATA_6_N001,ARCATA_6_N001,ARCATA_6_N001,RTPD,LMP,LMP_PRC,ARCATA_6_N001,ALL,1,107.01,4,1
2022-09-01T12:45:00-00:00,2022-09-01T13:00:00-00:00,2022-09-01,06,ARCATA_6_N001,ARCATA_6_N001,ARCATA_6_N001,RTPD,LMP,LMP_PRC,ARCATA_6_N001,ALL,1,114.29016,4,1
2022-09-01T13:45:00-00:00,2022-09-01T14:00:00-00:00,2022-09-01,07,ARCATA_6_N001,ARCATA_6_N001,ARCATA_6_N001,RTPD,LMP,LMP_PRC,ARCATA_6_N001,ALL,1,111.41,4,1
2022-09-01T14:45:00-00:00,2022-09-01T15:00:00-00:00,2022-09-01,08,ARCATA_6_N001,ARCATA_6_N001,ARCATA_6_N001,RTPD,LMP,LMP_PRC,ARCATA_6_N001,ALL,1,86.1388,4,1
2022-09-01T15:45:00-00:00,2022-09-01T16:00:00-00:00,2022-09-01,09,ARCATA_6_N001,ARCATA_6_N001,ARCATA_6_N001,RTPD,LMP,LMP_PRC,ARCATA_6_N001,ALL,1,78.70076,4,1
2022-09-01T16:45:00-00:00,2022-09-01T17:00:00-00:00,2022-09-01,10,ARCATA_6_N001,ARCATA_6_N001,ARCATA_6_N001,RTPD,LMP,LMP_PRC,ARCATA_6_N001,ALL,1,79.64466,4,1
2022-09-01T17:45:00-00:00,2022-09-01T18:00:00-00:00,2022-09-01,11,ARCATA_6_N001,ARCATA_6_N001,ARCATA_6_N001,RTPD,LMP,LMP_PRC,ARCATA_6_N001,ALL,1,80.26038,4,1
2022-09-01T18:45:00-00:00,2022-09-01T19:00:00-00:00,2022-09-01,12,ARCATA_6_N001,ARCATA_6_N001,ARCATA_6_N001,RTPD,LMP,LMP_PRC,ARCATA_6_N001,ALL,1,83.16377,4,1
2022-09-01T19:45:00-00:00,2022-09-01T20:00:00-00:00,2022-09-01,13,ARCATA_6_N001,ARCATA_6_N001,ARCATA_6_N001,RTPD,LMP,LMP_PRC,ARCATA_6_N001,ALL,1,107.31137,4,1
2022-09-01T20:45:00-00:00,2022-09-01T21:00:00-00:00,2022-09-01,14,ARCATA_6_N001,ARCATA_6_N001,ARCATA_6_N001,RTPD,LMP,LMP_PRC,ARCATA_6_N001,ALL,1,127.3056,4,1
2022-09-01T21:45:00-00:00,2022-09-01T22:00:00-00:00,2022-09-01,15,ARCATA_6_N001,ARCATA_6_N001,ARCATA_6_N001,RTPD,LMP,LMP_PRC,ARCATA_6_N001,ALL,1,215.97388,4,1
2022-09-01T22:45:00-00:00,2022-09-01T23:00:00-00:00,2022-09-01,16,ARCATA_6_N001,ARCATA_6_N001,ARCATA_6_N001,RTPD,LMP,LMP_PRC,ARCATA_6_N001,ALL,1,187.43993,4,1
2022-09-01T23:45:00-00:00,2022-09-02T00:00:00-00:00,2022-09-01,17,ARCATA_6_N001,ARCATA_6_N001,ARCATA_6_N001,RTPD,LMP,LMP_PRC,ARCATA_6_N001,ALL,1,1628.3654,4,1
2022-09-02T00:45:00-00:00,2022-09-02T01:00:00-00:00,2022-09-01,18,ARCATA_6_N001,ARCATA_6_N001,ARCATA_6_N001,RTPD,LMP,LMP_PRC,ARCATA_6_N001,ALL,1,1783.2635,4,1
2022-09-02T01:45:00-00:00,2022-09-02T02:00:00-00:00,2022-09-01,19,ARCATA_6_N001,ARCATA_6_N001,ARCATA_6_N001,RTPD,LMP,LMP_PRC,ARCATA_6_N001,ALL,1,1991.9337,4,1
2022-09-02T02:45:00-00:00,2022-09-02T03:00:00-00:00,2022-09-01,20,ARCATA_6_N001,ARCATA_6_N001,ARCATA_6_N001,RTPD,LMP,LMP_PRC,ARCATA_6_N001,ALL,1,1164.7751,4,1
2022-09-02T03:45:00-00:00,2022-09-02T04:00:00-00:00,2022-09-01,21,ARCATA_6_N001,ARCATA_6_N001,ARCATA_6_N001,RTPD,LMP,LMP_PRC,ARCATA_6_N001,ALL,1,102.987,4,1
2022-09-02T04:45:00-00:00,2022-09-02T05:00:00-00:00,2022-09-01,22,ARCATA_6_N001,ARCATA_6_N001,ARCATA_6_N001,RTPD,LMP,LMP_PRC,ARCATA_6_N001,ALL,1,104.64345,4,1
2022-09-02T05:45:00-00:00,2022-09-02T06:00:00-00:00,2022-09-01,23,ARCATA_6_N001,ARCATA_6_N001,ARCATA_6_N001,RTPD,LMP,LMP_PRC,ARCATA_6_N001,ALL,1,92.62725,4,1
2022-09-02T06:45:00-00:00,2022-09-02T07:00:00-00:00,2022-09-01,24,ARCATA_6_N001,ARCATA_6_N001,ARCATA_6_N001,RTPD,LMP,LMP_PRC,ARCATA_6_N001,ALL,1,100.31409,4,1
2022-09-01T07:00:00-00:00,2022-09-01T07:15:00-00:00,2022-09-01,01,ARCATA_6_N001,ARCATA_6_N001,ARCATA_6_N001,RTPD,MCC,LMP_CONG_PRC,ARCATA_6_N001,ALL,1,-15.77858,1,2
2022-09-01T08:00:00-00:00,2022-09-01T08:15:00-00:00,2022-09-01,02,ARCATA_6_N001,ARCATA_6_N001,ARCATA_6_N001,RTPD,MCC,LMP_CONG_PRC,ARCATA_6_N001,ALL,1,-3.14322,1,2
2022-09-01T09:00:00-00:00,2022-09-01T09:15:00-00:00,2022-09-01,03,ARCATA_6_N001,ARCATA_6_N001,ARCATA_6_N001,RTPD,MCC,LMP_CONG_PRC,ARCATA_6_N001,ALL,1,-4.19043,1,2
2022-09-01T10:00:00-00:00,2022-09-01T10:15:00-00:00,2022-09-01,04,ARCATA_6_N001,ARCATA_6_N001,ARCATA_6_N001,RTPD,MCC,LMP_CONG_PRC,ARCATA_6_N001,ALL,1,-3.63991,1,2
2022-09-01T11:00:00-00:00,2022-09-01T11:15:00-00:00,2022-09-01,05,ARCATA_6_N001,ARCATA_6_N001,ARCATA_6_N001,RTPD,MCC,LMP_CONG_PRC,ARCATA_6_N001,ALL,1,0,1,2
2022-09-01T12:00:00-00:00,2022-09-01T12:15:00-00:00,2022-09-01,06,ARCATA_6_N001,ARCATA_6_N001,ARCATA_6_N001,RTPD,MCC,LMP_CONG_PRC,ARCATA_6_N001,ALL,1,-9.31825,1,2
2022-09-01T13:00:00-00:00,2022-09-01T13:15:00-00:00,2022-09-01,07,ARCATA_6_N001,ARCATA_6_N001,ARCATA_6_N001,RTPD,MCC,LMP_CONG_PRC,ARCATA_6_N001,ALL,1,-12.31198,1,2
2022-09-01T14:00:00-00:00,2022-09-01T14:15:00-00:00,2022-09-01,08,ARCATA_6_N001,ARCATA_6_N001,ARCATA_6_N001,RTPD,MCC,LMP_CONG_PRC,ARCATA_6_N001,ALL,1,0,1,2
2022-09-01T15:00:00-00:00,2022-09-01T15:15:00-00:00,2022-09-01,09,ARCATA_6_N001,ARCATA_6_N001,ARCATA_6_N001,RTPD,MCC,LMP_CONG_PRC,ARCATA_6_N001,ALL,1,0,1,2
2022-09-01T16:00:00-00:00,2022-09-01T16:15:00-00:00,2022-09-01,10,ARCATA_6_N001,ARCATA_6_N001,ARCATA_6_N001,RTPD,MCC,LMP_CONG_PRC,ARCATA_6_N001,ALL,1,0,1,2
2022-09-01T17:00:00-00:00,2022-09-01T17:15:00-00:00,2022-09-01,11,ARCATA_6_N001,ARCATA_6_N001,ARCATA_6_N001,RTPD,MCC,LMP_CONG_PRC,ARCATA_6_N001,ALL,1,-15.63918,1,2
2022-09-01T18:00:00-00:00,2022-09-01T18:15:00-00:00,2022-09-01,12,ARCATA_6_N001,ARCATA_6_N001,ARCATA_6_N001,RTPD,MCC,LMP_CONG_PRC,ARCATA_6_N001,ALL,1,-30.40744,1,2
2022-09-01T19:00:00-00:00,2022-09-01T19:15:00-00:00,2022-09-01,13,ARCATA_6_N001,ARCATA_6_N001,ARCATA_6_N001,RTPD,MCC,LMP_CONG_PRC,ARCATA_6_N001,ALL,1,-33.77875,1,2
2022-09-01T20:00:00-00:00,2022-09-01T20:15:00-00:00,2022-09-01,14,ARCATA_6_N001,ARCATA_6_N001,ARCATA_6_N001,RTPD,MCC,LMP_CONG_PRC,ARCATA_6_N001,ALL,1,-3.32107,1,2
2022-09-01T21:00:00-00:00,2022-09-01T21:15:00-00:00,2022-09-01,15,ARCATA_6_N001,ARCATA_6_N001,ARCATA_6_N001,RTPD,MCC,LMP_CONG_PRC,ARCATA_6_N001,ALL,1,-93.48325,1,2
2022-09-01T22:00:00-00:00,2022-09-01T22:15:00-00:00,2022-09-01,16,ARCATA_6_N001,ARCATA_6_N001,ARCATA_6_N001,RTPD,MCC,LMP_CONG_PRC,ARCATA_6_N001,ALL,1,-101.63588,1,2
2022-09-01T23:00:00-00:00,2022-09-01T23:15:00-00:00,2022-09-01,17,ARCATA_6_N001,ARCATA_6_N001,ARCATA_6_N001,RTPD,MCC,LMP_CONG_PRC,ARCATA_6_N001,ALL,1,-160.23903,1,2
2022-09-02T00:00:00-00:00,2022-09-02T00:15:00-00:00,2022-09-01,18,ARCATA_6_N001,ARCATA_6_N001,ARCATA_6_N001,RTPD,MCC,LMP_CONG_PRC,ARCATA_6_N001,ALL,1,308.5269,1,2
2022-09-02T01:00:00-00:00,2022-09-02T01:15:00-00:00,2022-09-01,19,ARCATA_6_N001,ARCATA_6_N001,ARCATA_6_N001,RTPD,MCC,LMP_CONG_PRC,ARCATA_6_N001,ALL,1,298.9493,1,2
2022-09-02T02:00:00-00:00,2022-09-02T02:15:00-00:00,2022-09-01,20,ARCATA_6_N001,ARCATA_6_N001,ARCATA_6_N001,RTPD,MCC,LMP_CONG_PRC,ARCATA_6_N001,ALL,1,0,1,2
2022-09-02T03:00:00-00:00,2022-09-02T03:15:00-00:00,2022-09-01,21,ARCATA_6_N001,ARCATA_6_N001,ARCATA_6_N001,RTPD,MCC,LMP_CONG_PRC,ARCATA_6_N001,ALL,1,374.26962,1,2
2022-09-02T04:00:00-00:00,2022-09-02T04:15:00-00:00,2022-09-01,22,ARCATA_6_N001,ARCATA_6_N001,ARCATA_6_N001,RTPD,MCC,LMP_CONG_PRC,ARCATA_6_N001,ALL,1,0,1,2
2022-09-02T05:00:00-00:00,2022-09-02T05:15:00-00:00,2022-09-01,23,ARCATA_6_N001,ARCATA_6_N001,ARCATA_6_N001,RTPD,MCC,LMP_CONG_PRC,ARCATA_6_N001,ALL,1,0,1,2
2022-09-02T06:00:00-00:00,2022-09-02T06:15:00-00:00,2022-09-01,24,ARCATA_6_N001,ARCATA_6_N001,ARCATA_6_N001,RTPD,MCC,LMP_CONG_PRC,ARCATA_6_N001,ALL,1,0,1,2
2022-09-01T07:15:00-00:00,2022-09-01T07:30:00-00:00,2022-09-01,01,ARCATA_6_N001,ARCATA_6_N001,ARCATA_6_N001,RTPD,MCC,LMP_CONG_PRC,ARCATA_6_N001,ALL,1,-9.42841,2,2
2022-09-01T08:15:00-00:00,2022-09-01T08:30:00-00:00,2022-09-01,02,ARCATA_6_N001,ARCATA_6_N001,ARCATA_6_N001,RTPD,MCC,LMP_CONG_PRC,ARCATA_6_N001,ALL,1,-0.85796,2,2
2022-09-01T09:15:00-00:00,2022-09-01T09:30:00-00:00,2022-09-01,03,ARCATA_6_N001,ARCATA_6_N001,ARCATA_6_N001,RTPD,MCC,LMP_CONG_PRC,ARCATA_6_N001,ALL,1,-5.50767,2,2
2022-09-01T10:15:00-00:00,2022-09-01T10:30:00-00:00,2022-09-01,04,ARCATA_6_N001,ARCATA_6_N001,ARCATA_6_N001,RTPD,MCC,LMP_CONG_PRC,ARCATA_6_N001,ALL,1,-5.15043,2,2
2022-09-01T11:15:00-00:00,2022-09-01T11:30:00-00:00,2022-09-01,05,ARCATA_6_N001,ARCATA_6_N001,ARCATA_6_N001,RTPD,MCC,LMP_CONG_PRC,ARCATA_6_N001,ALL,1,0,2,2
2022-09-01T12:15:00-00:00,2022-09-01T12:30:00-00:00,2022-09-01,06,ARCATA_6_N001,ARCATA_6_N001,ARCATA_6_N001,RTPD,MCC,LMP_CONG_PRC,ARCATA_6_N001,ALL,1,-5.6963,2,2
2022-09-01T13:15:00-00:00,2022-09-01T13:30:00-00:00,2022-09-01,07,ARCATA_6_N001,ARCATA_6_N001,ARCATA_6_N001,RTPD,MCC,LMP_CONG_PRC,ARCATA_6_N001,ALL,1,-0.52835,2,2
2022-09-01T14:15:00-00:00,2022-09-01T14:30:00-00:00,2022-09-01,08,ARCATA_6_N001,ARCATA_6_N001,ARCATA_6_N001,RTPD,MCC,LMP_CONG_PRC,ARCATA_6_N001,ALL,1,0,2,2
2022-09-01T15:15:00-00:00,2022-09-01T15:30:00-00:00,2022-09-01,09,ARCATA_6_N001,ARCATA_6_N001,ARCATA_6_N001,RTPD,MCC,LMP_CONG_PRC,ARCATA_6_N001,ALL,1,0,2,2
2022-09-01T16:15:00-00:00,2022-09-01T16:30:00-00:00,2022-09-01,10,ARCATA_6_N001,ARCATA_6_N001,ARCATA_6_N001,RTPD,MCC,LMP_CONG_PRC,ARCATA_6_N001,ALL,1,-1.53839,2,2
2022-09-01T17:15:00-00:00,2022-09-01T17:30:00-00:00,2022-09-01,11,ARCATA_6_N001,ARCATA_6_N001,ARCATA_6_N001,RTPD,MCC,LMP_CONG_PRC,ARCATA_6_N001,ALL,1,-19.16447,2,2
2022-09-01T18:15:00-00:00,2022-09-01T18:30:00-00:00,2022-09-01,12,ARCATA_6_N001,ARCATA_6_N001,ARCATA_6_N001,RTPD,MCC,LMP_CONG_PRC,ARCATA_6_N001,ALL,1,-24.90158,2,2
2022-09-01T19:15:00-00:00,2022-09-01T19:30:00-00:00,2022-09-01,13,ARCATA_6_N001,ARCATA_6_N001,ARCATA_6_N001,RTPD,MCC,LMP_CONG_PRC,ARCATA_6_N001,ALL,1,-27.81589,2,2
2022-09-01T20:15:00-00:00,2022-09-01T20:30:00-00:00,2022-09-01,14,ARCATA_6_N001,ARCATA_6_N001,ARCATA_6_N001,RTPD,MCC,LMP_CONG_PRC,ARCATA_6_N001,ALL,1,-2.99069,2,2
2022-09-01T21:15:00-00:00,2022-09-01T21:30:00-00:00,2022-09-01,15,ARCATA_6_N001,ARCATA_6_N001,ARCATA_6_N001,RTPD,MCC,LMP_CONG_PRC,ARCATA_6_N001,ALL,1,-25.26438,2,2
2022-09-01T22:15:00-00:00,2022-09-01T22:30:00-00:00,2022-09-01,16,ARCATA_6_N001,ARCATA_6_N001,ARCATA_6_N001,RTPD,MCC,LMP_CONG_PRC,ARCATA_6_N001,ALL,1,-111.0276,2,2
2022-09-01T23:15:00-00:00,2022-09-01T23:30:00-00:00,2022-09-01,17,ARCATA_6_N001,ARCATA_6_N001,ARCATA_6_N001,RTPD,MCC,LMP_CONG_PRC,ARCATA_6_N001,ALL,1,-93.13007,2,2
2022-09-02T00:15:00-00:00,2022-09-02T00:30:00-00:00,2022-09-01,18,ARCATA_6_N001,ARCATA_6_N001,ARCATA_6_N001,RTPD,MCC,LMP_CONG_PRC,ARCATA_6_N001,ALL,1,300.29016,2,2
2022-09-02T01:15:00-00:00,2022-09-02T01:30:00-00:00,2022-09-01,19,ARCATA_6_N001,ARCATA_6_N001,ARCATA_6_N001,RTPD,MCC,LMP_CONG_PRC,ARCATA_6_N001,ALL,1,0,2,2
2022-09-02T02:15:00-00:00,2022-09-02T02:30:00-00:00,2022-09-01,20,ARCATA_6_N001,ARCATA_6_N001,ARCATA_6_N001,RTPD,MCC,LMP_CONG_PRC,ARCATA_6_N001,ALL,1,0,2,2
2022-09-02T03:15:00-00:00,2022-09-02T03:30:00-00:00,2022-09-01,21,ARCATA_6_N001,ARCATA_6_N001,ARCATA_6_N001,RTPD,MCC,LMP_CONG_PRC,ARCATA_6_N001,ALL,1,131.25323,2,2
2022-09-02T04:15:00-00:00,2022-09-02T04:30:00-00:00,2022-09-01,22,ARCATA_6_N001,ARCATA_6_N001,ARCATA_6_N001,RTPD,MCC,LMP_CONG_PRC,ARCATA_6_N001,ALL,1,0,2,2
2022-09-02T05:15:00-00:00,2022-09-02T05:30:00-00:00,2022-09-01,23,ARCATA_6_N001,ARCATA_6_N001,ARCATA_6_N001,RTPD,MCC,LMP_CONG_PRC,ARCATA_6_N001,ALL,1,0,2,2
2022-09-02T06:15:00-00:00,2022-09-02T06:30:00-00:00,2022-09-01,24,ARCATA_6_N001,ARCATA_6_N001,ARCATA_6_N001,RTPD,MCC,LMP_CONG_PRC,ARCATA_6_N001,ALL,1,0,2,2
2022-09-01T07:30:00-00:00,2022-09-01T07:45:00-00:00,2022-09-01,01,ARCATA_6_N001,ARCATA_6_N001,ARCATA_6_N001,RTPD,MCC,LMP_CONG_PRC,ARCATA_6_N001,ALL,1,-15.23204,3,2
2022-09-01T08:30:00-00:00,2022-09-01T08:45:00-00:00,2022-09-01,02,ARCATA_6_N001,ARCATA_6_N001,ARCATA_6_N001,RTPD,MCC,LMP_CONG_PRC,ARCATA_6_N001,ALL,1,-0.00081,3,2
2022-09-01T09:30:00-00:00,2022-09-01T09:45:00-00:00,2022-09-01,03,ARCATA_6_N001,ARCATA_6_N001,ARCATA_6_N001,RTPD,MCC,LMP_CONG_PRC,ARCATA_6_N001,ALL,1,-5.45824,3,2
2022-09-01T10:30:00-00:00,2022-09-01T10:45:00-00:00,2022-09-01,04,ARCATA_6_N001,ARCATA_6_N001,ARCATA_6_N001,RTPD,MCC,LMP_CONG_PRC,ARCATA_6_N001,ALL,1,-2.91219,3,2
2022-09-01T11:30:00-00:00,2022-09-01T11:45:00-00:00,2022-09-01,05,ARCATA_6_N001,ARCATA_6_N001,ARCATA_6_N001,RTPD,MCC,LMP_CONG_PRC,ARCATA_6_N001,ALL,1,0,3,2
2022-09-01T12:30:00-00:00,2022-09-01T12:45:00-00:00,2022-09-01,06,ARCATA_6_N001,ARCATA_6_N001,ARCATA_6_N001,RTPD,MCC,LMP_CONG_PRC,ARCATA_6_N001,ALL,1,-9.86296,3,2
2022-09-01T13:30:00-00:00,2022-09-01T13:45:00-00:00,2022-09-01,07,ARCATA_6_N001,ARCATA_6_N001,ARCATA_6_N001,RTPD,MCC,LMP_CONG_PRC,ARCATA_6_N001,ALL,1,0,3,2
2022-09-01T14:30:00-00:00,2022-09-01T14:45:00-00:00,2022-09-01,08,ARCATA_6_N001,ARCATA_6_N001,ARCATA_6_N001,RTPD,MCC,LMP_CONG_PRC,ARCATA_6_N001,ALL,1,0,3,2
2022-09-01T15:30:00-00:00,2022-09-01T15:45:00-00:00,2022-09-01,09,ARCATA_6_N001,ARCATA_6_N001,ARCATA_6_N001,RTPD,MCC,LMP_CONG_PRC,ARCATA_6_N001,ALL,1,0,3,2
2022-09-01T16:30:00-00:00,2022-09-01T16:45:00-00:00,2022-09-01,10,ARCATA_6_N001,ARCATA_6_N001,ARCATA_6_N001,RTPD,MCC,LMP_CONG_PRC,ARCATA_6_N001,ALL,1,-12.88577,3,2
2022-09-01T17:30:00-00:00,2022-09-01T17:45:00-00:00,2022-09-01,11,ARCATA_6_N001,ARCATA_6_N001,ARCATA_6_N001,RTPD,MCC,LMP_CONG_PRC,ARCATA_6_N001,ALL,1,-19.24128,3,2
2022-09-01T18:30:00-00:00,2022-09-01T18:45:00-00:00,2022-09-01,12,ARCATA_6_N001,ARCATA_6_N001,ARCATA_6_N001,RTPD,MCC,LMP_CONG_PRC,ARCATA_6_N001,ALL,1,-25.97629,3,2
2022-09-01T19:30:00-00:00,2022-09-01T19:45:00-00:00,2022-09-01,13,ARCATA_6_N001,ARCATA_6_N001,ARCATA_6_N001,RTPD,MCC,LMP_CONG_PRC,ARCATA_6_N001,ALL,1,-11.91917,3,2
2022-09-01T20:30:00-00:00,2022-09-01T20:45:00-00:00,2022-09-01,14,ARCATA_6_N001,ARCATA_6_N001,ARCATA_6_N001,RTPD,MCC,LMP_CONG_PRC,ARCATA_6_N001,ALL,1,-12.06683,3,2
2022-09-01T21:30:00-00:00,2022-09-01T21:45:00-00:00,2022-09-01,15,ARCATA_6_N001,ARCATA_6_N001,ARCATA_6_N001,RTPD,MCC,LMP_CONG_PRC,ARCATA_6_N001,ALL,1,-23.20906,3,2
2022-09-01T22:30:00-00:00,2022-09-01T22:45:00-00:00,2022-09-01,16,ARCATA_6_N001,ARCATA_6_N001,ARCATA_6_N001,RTPD,MCC,LMP_CONG_PRC,ARCATA_6_N001,ALL,1,-119.38207,3,2
2022-09-01T23:30:00-00:00,2022-09-01T23:45:00-00:00,2022-09-01,17,ARCATA_6_N001,ARCATA_6_N001,ARCATA_6_N001,RTPD,MCC,LMP_CONG_PRC,ARCATA_6_N001,ALL,1,0,3,2
2022-09-02T00:30:00-00:00,2022-09-02T00:45:00-00:00,2022-09-01,18,ARCATA_6_N001,ARCATA_6_N001,ARCATA_6_N001,RTPD,MCC,LMP_CONG_PRC,ARCATA_6_N001,ALL,1,421.5054,3,2
2022-09-02T01:30:00-00:00,2022-09-02T01:45:00-00:00,2022-09-01,19,ARCATA_6_N001,ARCATA_6_N001,ARCATA_6_N001,RTPD,MCC,LMP_CONG_PRC,ARCATA_6_N001,ALL,1,0,3,2
2022-09-02T02:30:00-00:00,2022-09-02T02:45:00-00:00,2022-09-01,20,ARCATA_6_N001,ARCATA_6_N001,ARCATA_6_N001,RTPD,MCC,LMP_CONG_PRC,ARCATA_6_N001,ALL,1,0,3,2
2022-09-02T03:30:00-00:00,2022-09-02T03:45:00-00:00,2022-09-01,21,ARCATA_6_N001,ARCATA_6_N001,ARCATA_6_N001,RTPD,MCC,LMP_CONG_PRC,ARCATA_6_N001,ALL,1,29.53953,3,2
2022-09-02T04:30:00-00:00,2022-09-02T04:45:00-00:00,2022-09-01,22,ARCATA_6_N001,ARCATA_6_N001,ARCATA_6_N001,RTPD,MCC,LMP_CONG_PRC,ARCATA_6_N001,ALL,1,0,3,2
2022-09-02T05:30:00-00:00,2022-09-02T05:45:00-00:00,2022-09-01,23,ARCATA_6_N001,ARCATA_6_N001,ARCATA_6_N001,RTPD,MCC,LMP_CONG_PRC,ARCATA_6_N001,ALL,1,0,3,2
2022-09-02T06:30:00-00:00,2022-09-02T06:45:00-00:00,2022-09-01,24,ARCATA_6_N001,ARCATA_6_N001,ARCATA_6_N001,RTPD,MCC,LMP_CONG_PRC,ARCATA_6_N001,ALL,1,0,3,2
2022-09-01T07:45:00-00:00,2022-09-01T08:00:00-00:00,2022-09-01,01,ARCATA_6_N001,ARCATA_6_N001,ARCATA_6_N001,RTPD,MCC,LMP_CONG_PRC,ARCATA_6_N001,ALL,1,-17.36207,4,2
2022-09-01T08:45:00-00:00,2022-09-01T09:00:00-00:00,2022-09-01,02,ARCATA_6_N001,ARCATA_6_N001,ARCATA_6_N001,RTPD,MCC,LMP_CONG_PRC,ARCATA_6_N001,ALL,1,-4.22813,4,2
2022-09-01T09:45:00-00:00,2022-09-01T10:00:00-00:00,2022-09-01,03,ARCATA_6_N001,ARCATA_6_N001,ARCATA_6_N001,RTPD,MCC,LMP_CONG_PRC,ARCATA_6_N001,ALL,1,-4.88073,4,2
2022-09-01T10:45:00-00:00,2022-09-01T11:00:00-00:00,2022-09-01,04,ARCATA_6_N001,ARCATA_6_N001,ARCATA_6_N001,RTPD,MCC,LMP_CONG_PRC,ARCATA_6_N001,ALL,1,-1.14105,4,2
2022-09-01T11:45:00-00:00,2022-09-01T12:00:00-00:00,2022-09-01,05,ARCATA_6_N001,ARCATA_6_N001,ARCATA_6_N001,RTPD,MCC,LMP_CONG_PRC,ARCATA_6_N001,ALL,1,0,4,2
2022-09-01T12:45:00-00:00,2022-09-01T13:00:00-00:00,2022-09-01,06,ARCATA_6_N001,ARCATA_6_N001,ARCATA_6_N001,RTPD,MCC,LMP_CONG_PRC,ARCATA_6_N001,ALL,1,-2.19465,4,2
2022-09-01T13:45:00-00:00,2022-09-01T14:00:00-00:00,2022-09-01,07,ARCATA_6_N001,ARCATA_6_N001,ARCATA_6_N001,RTPD,MCC,LMP_CONG_PRC,ARCATA_6_N001,ALL,1,0,4,2
2022-09-01T14:45:00-00:00,2022-09-01T15:00:00-00:00,2022-09-01,08,ARCATA_6_N001,ARCATA_6_N001,ARCATA_6_N001,RTPD,MCC,LMP_CONG_PRC,ARCATA_6_N001,ALL,1,0,4,2
2022-09-01T15:45:00-00:00,2022-09-01T16:00:00-00:00,2022-09-01,09,ARCATA_6_N001,ARCATA_6_N001,ARCATA_6_N001,RTPD,MCC,LMP_CONG_PRC,ARCATA_6_N001,ALL,1,0,4,2
2022-09-01T16:45:00-00:00,2022-09-01T17:00:00-00:00,2022-09-01,10,ARCATA_6_N001,ARCATA_6_N001,ARCATA_6_N001,RTPD,MCC,LMP_CONG_PRC,ARCATA_6_N001,ALL,1,-11.60467,4,2
2022-09-01T17:45:00-00:00,2022-09-01T18:00:00-00:00,2022-09-01,11,ARCATA_6_N001,ARCATA_6_N001,ARCATA_6_N001,RTPD,MCC,LMP_CONG_PRC,ARCATA_6_N001,ALL,1,-18.94506,4,2
2022-09-01T18:45:00-00:00,2022-09-01T19:00:00-00:00,2022-09-01,12,ARCATA_6_N001,ARCATA_6_N001,ARCATA_6_N001,RTPD,MCC,LMP_CONG_PRC,ARCATA_6_N001,ALL,1,-25.87687,4,2
2022-09-01T19:45:00-00:00,2022-09-01T20:00:00-00:00,2022-09-01,13,ARCATA_6_N001,ARCATA_6_N001,ARCATA_6_N001,RTPD,MCC,LMP_CONG_PRC,ARCATA_6_N001,ALL,1,-12.91353,4,2
2022-09-01T20:45:00-00:00,2022-09-01T21:00:00-00:00,2022-09-01,14,ARCATA_6_N001,ARCATA_6_N001,ARCATA_6_N001,RTPD,MCC,LMP_CONG_PRC,ARCATA_6_N001,ALL,1,-26.71949,4,2
2022-09-01T21:45:00-00:00,2022-09-01T22:00:00-00:00,2022-09-01,15,ARCATA_6_N001,ARCATA_6_N001,ARCATA_6_N001,RTPD,MCC,LMP_CONG_PRC,ARCATA_6_N001,ALL,1,-84.31988,4,2
2022-09-01T22:45:00-00:00,2022-09-01T23:00:00-00:00,2022-09-01,16,ARCATA_6_N001,ARCATA_6_N001,ARCATA_6_N001,RTPD,MCC,LMP_CONG_PRC,ARCATA_6_N001,ALL,1,-242.47379,4,2
2022-09-01T23:45:00-00:00,2022-09-02T00:00:00-00:00,2022-09-01,17,ARCATA_6_N001,ARCATA_6_N001,ARCATA_6_N001,RTPD,MCC,LMP_CONG_PRC,ARCATA_6_N001,ALL,1,367.15292,4,2
2022-09-02T00:45:00-00:00,2022-09-02T01:00:00-00:00,2022-09-01,18,ARCATA_6_N001,ARCATA_6_N001,ARCATA_6_N001,RTPD,MCC,LMP_CONG_PRC,ARCATA_6_N001,ALL,1,264.11456,4,2
2022-09-02T01:45:00-00:00,2022-09-02T02:00:00-00:00,2022-09-01,19,ARCATA_6_N001,ARCATA_6_N001,ARCATA_6_N001,RTPD,MCC,LMP_CONG_PRC,ARCATA_6_N001,ALL,1,0,4,2
2022-09-02T02:45:00-00:00,2022-09-02T03:00:00-00:00,2022-09-01,20,ARCATA_6_N001,ARCATA_6_N001,ARCATA_6_N001,RTPD,MCC,LMP_CONG_PRC,ARCATA_6_N001,ALL,1,119.69902,4,2
2022-09-02T03:45:00-00:00,2022-09-02T04:00:00-00:00,2022-09-01,21,ARCATA_6_N001,ARCATA_6_N001,ARCATA_6_N001,RTPD,MCC,LMP_CONG_PRC,ARCATA_6_N001,ALL,1,17.20392,4,2
2022-09-02T04:45:00-00:00,2022-09-02T05:00:00-00:00,2022-09-01,22,ARCATA_6_N001,ARCATA_6_N001,ARCATA_6_N001,RTPD,MCC,LMP_CONG_PRC,ARCATA_6_N001,ALL,1,0,4,2
2022-09-02T05:45:00-00:00,2022-09-02T06:00:00-00:00,2022-09-01,23,ARCATA_6_N001,ARCATA_6_N001,ARCATA_6_N001,RTPD,MCC,LMP_CONG_PRC,ARCATA_6_N001,ALL,1,-5.18672,4,2
2022-09-02T06:45:00-00:00,2022-09-02T07:00:00-00:00,2022-09-01,24,ARCATA_6_N001,ARCATA_6_N001,ARCATA_6_N001,RTPD,MCC,LMP_CONG_PRC,ARCATA_6_N001,ALL,1,0,4,2
2022-09-01T07:00:00-00:00,2022-09-01T07:15:00-00:00,2022-09-01,01,ARCATA_6_N001,ARCATA_6_N001,ARCATA_6_N001,RTPD,MCE,LMP_ENE_PRC,ARCATA_6_N001,ALL,1,104.23471,1,3
2022-09-01T08:00:00-00:00,2022-09-01T08:15:00-00:00,2022-09-01,02,ARCATA_6_N001,ARCATA_6_N001,ARCATA_6_N001,RTPD,MCE,LMP_ENE_PRC,ARCATA_6_N001,ALL,1,115.5488,1,3
2022-09-01T09:00:00-00:00,2022-09-01T09:15:00-00:00,2022-09-01,03,ARCATA_6_N001,ARCATA_6_N001,ARCATA_6_N001,RTPD,MCE,LMP_ENE_PRC,ARCATA_6_N001,ALL,1,99.73061,1,3
2022-09-01T10:00:00-00:00,2022-09-01T10:15:00-00:00,2022-09-01,04,ARCATA_6_N001,ARCATA_6_N001,ARCATA_6_N001,RTPD,MCE,LMP_ENE_PRC,ARCATA_6_N001,ALL,1,98.64222,1,3
2022-09-01T11:00:00-00:00,2022-09-01T11:15:00-00:00,2022-09-01,05,ARCATA_6_N001,ARCATA_6_N001,ARCATA_6_N001,RTPD,MCE,LMP_ENE_PRC,ARCATA_6_N001,ALL,1,102.56859,1,3
2022-09-01T12:00:00-00:00,2022-09-01T12:15:00-00:00,2022-09-01,06,ARCATA_6_N001,ARCATA_6_N001,ARCATA_6_N001,RTPD,MCE,LMP_ENE_PRC,ARCATA_6_N001,ALL,1,96.90845,1,3
2022-09-01T13:00:00-00:00,2022-09-01T13:15:00-00:00,2022-09-01,07,ARCATA_6_N001,ARCATA_6_N001,ARCATA_6_N001,RTPD,MCE,LMP_ENE_PRC,ARCATA_6_N001,ALL,1,101.80878,1,3
2022-09-01T14:00:00-00:00,2022-09-01T14:15:00-00:00,2022-09-01,08,ARCATA_6_N001,ARCATA_6_N001,ARCATA_6_N001,RTPD,MCE,LMP_ENE_PRC,ARCATA_6_N001,ALL,1,111.11219,1,3
2022-09-01T15:00:00-00:00,2022-09-01T15:15:00-00:00,2022-09-01,09,ARCATA_6_N001,ARCATA_6_N001,ARCATA_6_N001,RTPD,MCE,LMP_ENE_PRC,ARCATA_6_N001,ALL,1,97.4112,1,3
2022-09-01T16:00:00-00:00,2022-09-01T16:15:00-00:00,2022-09-01,10,ARCATA_6_N001,ARCATA_6_N001,ARCATA_6_N001,RTPD,MCE,LMP_ENE_PRC,ARCATA_6_N001,ALL,1,83.43525,1,3
2022-09-01T17:00:00-00:00,2022-09-01T17:15:00-00:00,2022-09-01,11,ARCATA_6_N001,ARCATA_6_N001,ARCATA_6_N001,RTPD,MCE,LMP_ENE_PRC,ARCATA_6_N001,ALL,1,96.94897,1,3
2022-09-01T18:00:00-00:00,2022-09-01T18:15:00-00:00,2022-09-01,12,ARCATA_6_N001,ARCATA_6_N001,ARCATA_6_N001,RTPD,MCE,LMP_ENE_PRC,ARCATA_6_N001,ALL,1,91.59291,1,3
2022-09-01T19:00:00-00:00,2022-09-01T19:15:00-00:00,2022-09-01,13,ARCATA_6_N001,ARCATA_6_N001,ARCATA_6_N001,RTPD,MCE,LMP_ENE_PRC,ARCATA_6_N001,ALL,1,109.19637,1,3
2022-09-01T20:00:00-00:00,2022-09-01T20:15:00-00:00,2022-09-01,14,ARCATA_6_N001,ARCATA_6_N001,ARCATA_6_N001,RTPD,MCE,LMP_ENE_PRC,ARCATA_6_N001,ALL,1,117.94359,1,3
2022-09-01T21:00:00-00:00,2022-09-01T21:15:00-00:00,2022-09-01,15,ARCATA_6_N001,ARCATA_6_N001,ARCATA_6_N001,RTPD,MCE,LMP_ENE_PRC,ARCATA_6_N001,ALL,1,226.61499,1,3
2022-09-01T22:00:00-00:00,2022-09-01T22:15:00-00:00,2022-09-01,16,ARCATA_6_N001,ARCATA_6_N001,ARCATA_6_N001,RTPD,MCE,LMP_ENE_PRC,ARCATA_6_N001,ALL,1,229.18552,1,3
2022-09-01T23:00:00-00:00,2022-09-01T23:15:00-00:00,2022-09-01,17,ARCATA_6_N001,ARCATA_6_N001,ARCATA_6_N001,RTPD,MCE,LMP_ENE_PRC,ARCATA_6_N001,ALL,1,386.7537,1,3
2022-09-02T00:00:00-00:00,2022-09-02T00:15:00-00:00,2022-09-01,18,ARCATA_6_N001,ARCATA_6_N001,ARCATA_6_N001,RTPD,MCE,LMP_ENE_PRC,ARCATA_6_N001,ALL,1,770.58136,1,3
2022-09-02T01:00:00-00:00,2022-09-02T01:15:00-00:00,2022-09-01,19,ARCATA_6_N001,ARCATA_6_N001,ARCATA_6_N001,RTPD,MCE,LMP_ENE_PRC,ARCATA_6_N001,ALL,1,916.27124,1,3
2022-09-02T02:00:00-00:00,2022-09-02T02:15:00-00:00,2022-09-01,20,ARCATA_6_N001,ARCATA_6_N001,ARCATA_6_N001,RTPD,MCE,LMP_ENE_PRC,ARCATA_6_N001,ALL,1,1991.6721,1,3
2022-09-02T03:00:00-00:00,2022-09-02T03:15:00-00:00,2022-09-01,21,ARCATA_6_N001,ARCATA_6_N001,ARCATA_6_N001,RTPD,MCE,LMP_ENE_PRC,ARCATA_6_N001,ALL,1,917.5508,1,3
2022-09-02T04:00:00-00:00,2022-09-02T04:15:00-00:00,2022-09-01,22,ARCATA_6_N001,ARCATA_6_N001,ARCATA_6_N001,RTPD,MCE,LMP_ENE_PRC,ARCATA_6_N001,ALL,1,257.83005,1,3
2022-09-02T05:00:00-00:00,2022-09-02T05:15:00-00:00,2022-09-01,23,ARCATA_6_N001,ARCATA_6_N001,ARCATA_6_N001,RTPD,MCE,LMP_ENE_PRC,ARCATA_6_N001,ALL,1,183.24657,1,3
2022-09-02T06:00:00-00:00,2022-09-02T06:15:00-00:00,2022-09-01,24,ARCATA_6_N001,ARCATA_6_N001,ARCATA_6_N001,RTPD,MCE,LMP_ENE_PRC,ARCATA_6_N001,ALL,1,158.867,1,3
2022-09-01T07:15:00-00:00,2022-09-01T07:30:00-00:00,2022-09-01,01,ARCATA_6_N001,ARCATA_6_N001,ARCATA_6_N001,RTPD,MCE,LMP_ENE_PRC,ARCATA_6_N001,ALL,1,125.55144,2,3
2022-09-01T08:15:00-00:00,2022-09-01T08:30:00-00:00,2022-09-01,02,ARCATA_6_N001,ARCATA_6_N001,ARCATA_6_N001,RTPD,MCE,LMP_ENE_PRC,ARCATA_6_N001,ALL,1,115.53165,2,3
2022-09-01T09:15:00-00:00,2022-09-01T09:30:00-00:00,2022-09-01,03,ARCATA_6_N001,ARCATA_6_N001,ARCATA_6_N001,RTPD,MCE,LMP_ENE_PRC,ARCATA_6_N001,ALL,1,98.30543,2,3
2022-09-01T10:15:00-00:00,2022-09-01T10:30:00-00:00,2022-09-01,04,ARCATA_6_N001,ARCATA_6_N001,ARCATA_6_N001,RTPD,MCE,LMP_ENE_PRC,ARCATA_6_N001,ALL,1,97.00684,2,3
2022-09-01T11:15:00-00:00,2022-09-01T11:30:00-00:00,2022-09-01,05,ARCATA_6_N001,ARCATA_6_N001,ARCATA_6_N001,RTPD,MCE,LMP_ENE_PRC,ARCATA_6_N001,ALL,1,103.09059,2,3
2022-09-01T12:15:00-00:00,2022-09-01T12:30:00-00:00,2022-09-01,06,ARCATA_6_N001,ARCATA_6_N001,ARCATA_6_N001,RTPD,MCE,LMP_ENE_PRC,ARCATA_6_N001,ALL,1,109.32203,2,3
2022-09-01T13:15:00-00:00,2022-09-01T13:30:00-00:00,2022-09-01,07,ARCATA_6_N001,ARCATA_6_N001,ARCATA_6_N001,RTPD,MCE,LMP_ENE_PRC,ARCATA_6_N001,ALL,1,110.97827,2,3
2022-09-01T14:15:00-00:00,2022-09-01T14:30:00-00:00,2022-09-01,08,ARCATA_6_N001,ARCATA_6_N001,ARCATA_6_N001,RTPD,MCE,LMP_ENE_PRC,ARCATA_6_N001,ALL,1,104.78743,2,3
2022-09-01T15:15:00-00:00,2022-09-01T15:30:00-00:00,2022-09-01,09,ARCATA_6_N001,ARCATA_6_N001,ARCATA_6_N001,RTPD,MCE,LMP_ENE_PRC,ARCATA_6_N001,ALL,1,86.9388,2,3
2022-09-01T16:15:00-00:00,2022-09-01T16:30:00-00:00,2022-09-01,10,ARCATA_6_N001,ARCATA_6_N001,ARCATA_6_N001,RTPD,MCE,LMP_ENE_PRC,ARCATA_6_N001,ALL,1,89.44858,2,3
2022-09-01T17:15:00-00:00,2022-09-01T17:30:00-00:00,2022-09-01,11,ARCATA_6_N001,ARCATA_6_N001,ARCATA_6_N001,RTPD,MCE,LMP_ENE_PRC,ARCATA_6_N001,ALL,1,99.34673,2,3
2022-09-01T18:15:00-00:00,2022-09-01T18:30:00-00:00,2022-09-01,12,ARCATA_6_N001,ARCATA_6_N001,ARCATA_6_N001,RTPD,MCE,LMP_ENE_PRC,ARCATA_6_N001,ALL,1,101.15901,2,3
2022-09-01T19:15:00-00:00,2022-09-01T19:30:00-00:00,2022-09-01,13,ARCATA_6_N001,ARCATA_6_N001,ARCATA_6_N001,RTPD,MCE,LMP_ENE_PRC,ARCATA_6_N001,ALL,1,105.30588,2,3
2022-09-01T20:15:00-00:00,2022-09-01T20:30:00-00:00,2022-09-01,14,ARCATA_6_N001,ARCATA_6_N001,ARCATA_6_N001,RTPD,MCE,LMP_ENE_PRC,ARCATA_6_N001,ALL,1,117.49421,2,3
2022-09-01T21:15:00-00:00,2022-09-01T21:30:00-00:00,2022-09-01,15,ARCATA_6_N001,ARCATA_6_N001,ARCATA_6_N001,RTPD,MCE,LMP_ENE_PRC,ARCATA_6_N001,ALL,1,147.21185,2,3
2022-09-01T22:15:00-00:00,2022-09-01T22:30:00-00:00,2022-09-01,16,ARCATA_6_N001,ARCATA_6_N001,ARCATA_6_N001,RTPD,MCE,LMP_ENE_PRC,ARCATA_6_N001,ALL,1,256.58734,2,3
2022-09-01T23:15:00-00:00,2022-09-01T23:30:00-00:00,2022-09-01,17,ARCATA_6_N001,ARCATA_6_N001,ARCATA_6_N001,RTPD,MCE,LMP_ENE_PRC,ARCATA_6_N001,ALL,1,362.12408,2,3
2022-09-02T00:15:00-00:00,2022-09-02T00:30:00-00:00,2022-09-01,18,ARCATA_6_N001,ARCATA_6_N001,ARCATA_6_N001,RTPD,MCE,LMP_ENE_PRC,ARCATA_6_N001,ALL,1,691.2182,2,3
2022-09-02T01:15:00-00:00,2022-09-02T01:30:00-00:00,2022-09-01,19,ARCATA_6_N001,ARCATA_6_N001,ARCATA_6_N001,RTPD,MCE,LMP_ENE_PRC,ARCATA_6_N001,ALL,1,1999.9933,2,3
2022-09-02T02:15:00-00:00,2022-09-02T02:30:00-00:00,2022-09-01,20,ARCATA_6_N001,ARCATA_6_N001,ARCATA_6_N001,RTPD,MCE,LMP_ENE_PRC,ARCATA_6_N001,ALL,1,1991.6721,2,3
2022-09-02T03:15:00-00:00,2022-09-02T03:30:00-00:00,2022-09-01,21,ARCATA_6_N001,ARCATA_6_N001,ARCATA_6_N001,RTPD,MCE,LMP_ENE_PRC,ARCATA_6_N001,ALL,1,400.52884,2,3
2022-09-02T04:15:00-00:00,2022-09-02T04:30:00-00:00,2022-09-01,22,ARCATA_6_N001,ARCATA_6_N001,ARCATA_6_N001,RTPD,MCE,LMP_ENE_PRC,ARCATA_6_N001,ALL,1,224.75041,2,3
2022-09-02T05:15:00-00:00,2022-09-02T05:30:00-00:00,2022-09-01,23,ARCATA_6_N001,ARCATA_6_N001,ARCATA_6_N001,RTPD,MCE,LMP_ENE_PRC,ARCATA_6_N001,ALL,1,157.11986,2,3
2022-09-02T06:15:00-00:00,2022-09-02T06:30:00-00:00,2022-09-01,24,ARCATA_6_N001,ARCATA_6_N001,ARCATA_6_N001,RTPD,MCE,LMP_ENE_PRC,ARCATA_6_N001,ALL,1,143.1005,2,3
2022-09-01T07:30:00-00:00,2022-09-01T07:45:00-00:00,2022-09-01,01,ARCATA_6_N001,ARCATA_6_N001,ARCATA_6_N001,RTPD,MCE,LMP_ENE_PRC,ARCATA_6_N001,ALL,1,119.03196,3,3
2022-09-01T08:30:00-00:00,2022-09-01T08:45:00-00:00,2022-09-01,02,ARCATA_6_N001,ARCATA_6_N001,ARCATA_6_N001,RTPD,MCE,LMP_ENE_PRC,ARCATA_6_N001,ALL,1,111.11241,3,3
2022-09-01T09:30:00-00:00,2022-09-01T09:45:00-00:00,2022-09-01,03,ARCATA_6_N001,ARCATA_6_N001,ARCATA_6_N001,RTPD,MCE,LMP_ENE_PRC,ARCATA_6_N001,ALL,1,98.16228,3,3
2022-09-01T10:30:00-00:00,2022-09-01T10:45:00-00:00,2022-09-01,04,ARCATA_6_N001,ARCATA_6_N001,ARCATA_6_N001,RTPD,MCE,LMP_ENE_PRC,ARCATA_6_N001,ALL,1,96.36226,3,3
2022-09-01T11:30:00-00:00,2022-09-01T11:45:00-00:00,2022-09-01,05,ARCATA_6_N001,ARCATA_6_N001,ARCATA_6_N001,RTPD,MCE,LMP_ENE_PRC,ARCATA_6_N001,ALL,1,103.06198,3,3
2022-09-01T12:30:00-00:00,2022-09-01T12:45:00-00:00,2022-09-01,06,ARCATA_6_N001,ARCATA_6_N001,ARCATA_6_N001,RTPD,MCE,LMP_ENE_PRC,ARCATA_6_N001,ALL,1,113.57403,3,3
2022-09-01T13:30:00-00:00,2022-09-01T13:45:00-00:00,2022-09-01,07,ARCATA_6_N001,ARCATA_6_N001,ARCATA_6_N001,RTPD,MCE,LMP_ENE_PRC,ARCATA_6_N001,ALL,1,111.52025,3,3
2022-09-01T14:30:00-00:00,2022-09-01T14:45:00-00:00,2022-09-01,08,ARCATA_6_N001,ARCATA_6_N001,ARCATA_6_N001,RTPD,MCE,LMP_ENE_PRC,ARCATA_6_N001,ALL,1,101.83428,3,3
2022-09-01T15:30:00-00:00,2022-09-01T15:45:00-00:00,2022-09-01,09,ARCATA_6_N001,ARCATA_6_N001,ARCATA_6_N001,RTPD,MCE,LMP_ENE_PRC,ARCATA_6_N001,ALL,1,86.1388,3,3
2022-09-01T16:30:00-00:00,2022-09-01T16:45:00-00:00,2022-09-01,10,ARCATA_6_N001,ARCATA_6_N001,ARCATA_6_N001,RTPD,MCE,LMP_ENE_PRC,ARCATA_6_N001,ALL,1,88.79644,3,3
2022-09-01T17:30:00-00:00,2022-09-01T17:45:00-00:00,2022-09-01,11,ARCATA_6_N001,ARCATA_6_N001,ARCATA_6_N001,RTPD,MCE,LMP_ENE_PRC,ARCATA_6_N001,ALL,1,99.13013,3,3
2022-09-01T18:30:00-00:00,2022-09-01T18:45:00-00:00,2022-09-01,12,ARCATA_6_N001,ARCATA_6_N001,ARCATA_6_N001,RTPD,MCE,LMP_ENE_PRC,ARCATA_6_N001,ALL,1,107.05718,3,3
2022-09-01T19:30:00-00:00,2022-09-01T19:45:00-00:00,2022-09-01,13,ARCATA_6_N001,ARCATA_6_N001,ARCATA_6_N001,RTPD,MCE,LMP_ENE_PRC,ARCATA_6_N001,ALL,1,114.05905,3,3
2022-09-01T20:30:00-00:00,2022-09-01T20:45:00-00:00,2022-09-01,14,ARCATA_6_N001,ARCATA_6_N001,ARCATA_6_N001,RTPD,MCE,LMP_ENE_PRC,ARCATA_6_N001,ALL,1,129.81606,3,3
2022-09-01T21:30:00-00:00,2022-09-01T21:45:00-00:00,2022-09-01,15,ARCATA_6_N001,ARCATA_6_N001,ARCATA_6_N001,RTPD,MCE,LMP_ENE_PRC,ARCATA_6_N001,ALL,1,152.93057,3,3
2022-09-01T22:30:00-00:00,2022-09-01T22:45:00-00:00,2022-09-01,16,ARCATA_6_N001,ARCATA_6_N001,ARCATA_6_N001,RTPD,MCE,LMP_ENE_PRC,ARCATA_6_N001,ALL,1,283.18182,3,3
2022-09-01T23:30:00-00:00,2022-09-01T23:45:00-00:00,2022-09-01,17,ARCATA_6_N001,ARCATA_6_N001,ARCATA_6_N001,RTPD,MCE,LMP_ENE_PRC,ARCATA_6_N001,ALL,1,566.48157,3,3
2022-09-02T00:30:00-00:00,2022-09-02T00:45:00-00:00,2022-09-01,18,ARCATA_6_N001,ARCATA_6_N001,ARCATA_6_N001,RTPD,MCE,LMP_ENE_PRC,ARCATA_6_N001,ALL,1,1329.1127,3,3
2022-09-02T01:30:00-00:00,2022-09-02T01:45:00-00:00,2022-09-01,19,ARCATA_6_N001,ARCATA_6_N001,ARCATA_6_N001,RTPD,MCE,LMP_ENE_PRC,ARCATA_6_N001,ALL,1,1999.9956,3,3
2022-09-02T02:30:00-00:00,2022-09-02T02:45:00-00:00,2022-09-01,20,ARCATA_6_N001,ARCATA_6_N001,ARCATA_6_N001,RTPD,MCE,LMP_ENE_PRC,ARCATA_6_N001,ALL,1,1991.671,3,3
2022-09-02T03:30:00-00:00,2022-09-02T03:45:00-00:00,2022-09-01,21,ARCATA_6_N001,ARCATA_6_N001,ARCATA_6_N001,RTPD,MCE,LMP_ENE_PRC,ARCATA_6_N001,ALL,1,186.61823,3,3
2022-09-02T04:30:00-00:00,2022-09-02T04:45:00-00:00,2022-09-01,22,ARCATA_6_N001,ARCATA_6_N001,ARCATA_6_N001,RTPD,MCE,LMP_ENE_PRC,ARCATA_6_N001,ALL,1,180.67824,3,3
2022-09-02T05:30:00-00:00,2022-09-02T05:45:00-00:00,2022-09-01,23,ARCATA_6_N001,ARCATA_6_N001,ARCATA_6_N001,RTPD,MCE,LMP_ENE_PRC,ARCATA_6_N001,ALL,1,131.69917,3,3
2022-09-02T06:30:00-00:00,2022-09-02T06:45:00-00:00,2022-09-01,24,ARCATA_6_N001,ARCATA_6_N001,ARCATA_6_N001,RTPD,MCE,LMP_ENE_PRC,ARCATA_6_N001,ALL,1,128.9871,3,3
2022-09-01T07:45:00-00:00,2022-09-01T08:00:00-00:00,2022-09-01,01,ARCATA_6_N001,ARCATA_6_N001,ARCATA_6_N001,RTPD,MCE,LMP_ENE_PRC,ARCATA_6_N001,ALL,1,109.12099,4,3
2022-09-01T08:45:00-00:00,2022-09-01T09:00:00-00:00,2022-09-01,02,ARCATA_6_N001,ARCATA_6_N001,ARCATA_6_N001,RTPD,MCE,LMP_ENE_PRC,ARCATA_6_N001,ALL,1,98.7357,4,3
2022-09-01T09:45:00-00:00,2022-09-01T10:00:00-00:00,2022-09-01,03,ARCATA_6_N001,ARCATA_6_N001,ARCATA_6_N001,RTPD,MCE,LMP_ENE_PRC,ARCATA_6_N001,ALL,1,97.50475,4,3
2022-09-01T10:45:00-00:00,2022-09-01T11:00:00-00:00,2022-09-01,04,ARCATA_6_N001,ARCATA_6_N001,ARCATA_6_N001,RTPD,MCE,LMP_ENE_PRC,ARCATA_6_N001,ALL,1,94.71966,4,3
2022-09-01T11:45:00-00:00,2022-09-01T12:00:00-00:00,2022-09-01,05,ARCATA_6_N001,ARCATA_6_N001,ARCATA_6_N001,RTPD,MCE,LMP_ENE_PRC,ARCATA_6_N001,ALL,1,107.01,4,3
2022-09-01T12:45:00-00:00,2022-09-01T13:00:00-00:00,2022-09-01,06,ARCATA_6_N001,ARCATA_6_N001,ARCATA_6_N001,RTPD,MCE,LMP_ENE_PRC,ARCATA_6_N001,ALL,1,116.4848,4,3
2022-09-01T13:45:00-00:00,2022-09-01T14:00:00-00:00,2022-09-01,07,ARCATA_6_N001,ARCATA_6_N001,ARCATA_6_N001,RTPD,MCE,LMP_ENE_PRC,ARCATA_6_N001,ALL,1,111.41,4,3
2022-09-01T14:45:00-00:00,2022-09-01T15:00:00-00:00,2022-09-01,08,ARCATA_6_N001,ARCATA_6_N001,ARCATA_6_N001,RTPD,MCE,LMP_ENE_PRC,ARCATA_6_N001,ALL,1,86.1388,4,3
2022-09-01T15:45:00-00:00,2022-09-01T16:00:00-00:00,2022-09-01,09,ARCATA_6_N001,ARCATA_6_N001,ARCATA_6_N001,RTPD,MCE,LMP_ENE_PRC,ARCATA_6_N001,ALL,1,78.70076,4,3
2022-09-01T16:45:00-00:00,2022-09-01T17:00:00-00:00,2022-09-01,10,ARCATA_6_N001,ARCATA_6_N001,ARCATA_6_N001,RTPD,MCE,LMP_ENE_PRC,ARCATA_6_N001,ALL,1,91.24933,4,3
2022-09-01T17:45:00-00:00,2022-09-01T18:00:00-00:00,2022-09-01,11,ARCATA_6_N001,ARCATA_6_N001,ARCATA_6_N001,RTPD,MCE,LMP_ENE_PRC,ARCATA_6_N001,ALL,1,99.20544,4,3
2022-09-01T18:45:00-00:00,2022-09-01T19:00:00-00:00,2022-09-01,12,ARCATA_6_N001,ARCATA_6_N001,ARCATA_6_N001,RTPD,MCE,LMP_ENE_PRC,ARCATA_6_N001,ALL,1,109.04064,4,3
2022-09-01T19:45:00-00:00,2022-09-01T20:00:00-00:00,2022-09-01,13,ARCATA_6_N001,ARCATA_6_N001,ARCATA_6_N001,RTPD,MCE,LMP_ENE_PRC,ARCATA_6_N001,ALL,1,120.22491,4,3
2022-09-01T20:45:00-00:00,2022-09-01T21:00:00-00:00,2022-09-01,14,ARCATA_6_N001,ARCATA_6_N001,ARCATA_6_N001,RTPD,MCE,LMP_ENE_PRC,ARCATA_6_N001,ALL,1,154.02509,4,3
2022-09-01T21:45:00-00:00,2022-09-01T22:00:00-00:00,2022-09-01,15,ARCATA_6_N001,ARCATA_6_N001,ARCATA_6_N001,RTPD,MCE,LMP_ENE_PRC,ARCATA_6_N001,ALL,1,300.29376,4,3
2022-09-01T22:45:00-00:00,2022-09-01T23:00:00-00:00,2022-09-01,16,ARCATA_6_N001,ARCATA_6_N001,ARCATA_6_N001,RTPD,MCE,LMP_ENE_PRC,ARCATA_6_N001,ALL,1,429.9137,4,3
2022-09-01T23:45:00-00:00,2022-09-02T00:00:00-00:00,2022-09-01,17,ARCATA_6_N001,ARCATA_6_N001,ARCATA_6_N001,RTPD,MCE,LMP_ENE_PRC,ARCATA_6_N001,ALL,1,1261.2124,4,3
2022-09-02T00:45:00-00:00,2022-09-02T01:00:00-00:00,2022-09-01,18,ARCATA_6_N001,ARCATA_6_N001,ARCATA_6_N001,RTPD,MCE,LMP_ENE_PRC,ARCATA_6_N001,ALL,1,1519.149,4,3
2022-09-02T01:45:00-00:00,2022-09-02T02:00:00-00:00,2022-09-01,19,ARCATA_6_N001,ARCATA_6_N001,ARCATA_6_N001,RTPD,MCE,LMP_ENE_PRC,ARCATA_6_N001,ALL,1,1991.9337,4,3
2022-09-02T02:45:00-00:00,2022-09-02T03:00:00-00:00,2022-09-01,20,ARCATA_6_N001,ARCATA_6_N001,ARCATA_6_N001,RTPD,MCE,LMP_ENE_PRC,ARCATA_6_N001,ALL,1,1629.6213,4,3
2022-09-02T03:45:00-00:00,2022-09-02T04:00:00-00:00,2022-09-01,21,ARCATA_6_N001,ARCATA_6_N001,ARCATA_6_N001,RTPD,MCE,LMP_ENE_PRC,ARCATA_6_N001,ALL,1,141.13702,4,3
2022-09-02T04:45:00-00:00,2022-09-02T05:00:00-00:00,2022-09-01,22,ARCATA_6_N001,ARCATA_6_N001,ARCATA_6_N001,RTPD,MCE,LMP_ENE_PRC,ARCATA_6_N001,ALL,1,126.76372,4,3
2022-09-02T05:45:00-00:00,2022-09-02T06:00:00-00:00,2022-09-01,23,ARCATA_6_N001,ARCATA_6_N001,ARCATA_6_N001,RTPD,MCE,LMP_ENE_PRC,ARCATA_6_N001,ALL,1,119.00958,4,3
2022-09-02T06:45:00-00:00,2022-09-02T07:00:00-00:00,2022-09-01,24,ARCATA_6_N001,ARCATA_6_N001,ARCATA_6_N001,RTPD,MCE,LMP_ENE_PRC,ARCATA_6_N001,ALL,1,109.20324,4,3
2022-09-01T07:00:00-00:00,2022-09-01T07:15:00-00:00,2022-09-01,01,ARCATA_6_N001,ARCATA_6_N001,ARCATA_6_N001,RTPD,MCL,LMP_LOSS_PRC,ARCATA_6_N001,ALL,1,-13.62348,1,4
2022-09-01T08:00:00-00:00,2022-09-01T08:15:00-00:00,2022-09-01,02,ARCATA_6_N001,ARCATA_6_N001,ARCATA_6_N001,RTPD,MCL,LMP_LOSS_PRC,ARCATA_6_N001,ALL,1,0,1,4
2022-09-01T09:00:00-00:00,2022-09-01T09:15:00-00:00,2022-09-01,03,ARCATA_6_N001,ARCATA_6_N001,ARCATA_6_N001,RTPD,MCL,LMP_LOSS_PRC,ARCATA_6_N001,ALL,1,-10.56147,1,4
2022-09-01T10:00:00-00:00,2022-09-01T10:15:00-00:00,2022-09-01,04,ARCATA_6_N001,ARCATA_6_N001,ARCATA_6_N001,RTPD,MCL,LMP_LOSS_PRC,ARCATA_6_N001,ALL,1,-10.23906,1,4
2022-09-01T11:00:00-00:00,2022-09-01T11:15:00-00:00,2022-09-01,05,ARCATA_6_N001,ARCATA_6_N001,ARCATA_6_N001,RTPD,MCL,LMP_LOSS_PRC,ARCATA_6_N001,ALL,1,-7.19006,1,4
2022-09-01T12:00:00-00:00,2022-09-01T12:15:00-00:00,2022-09-01,06,ARCATA_6_N001,ARCATA_6_N001,ARCATA_6_N001,RTPD,MCL,LMP_LOSS_PRC,ARCATA_6_N001,ALL,1,-7.03555,1,4
2022-09-01T13:00:00-00:00,2022-09-01T13:15:00-00:00,2022-09-01,07,ARCATA_6_N001,ARCATA_6_N001,ARCATA_6_N001,RTPD,MCL,LMP_LOSS_PRC,ARCATA_6_N001,ALL,1,0,1,4
2022-09-01T14:00:00-00:00,2022-09-01T14:15:00-00:00,2022-09-01,08,ARCATA_6_N001,ARCATA_6_N001,ARCATA_6_N001,RTPD,MCL,LMP_LOSS_PRC,ARCATA_6_N001,ALL,1,-7.36674,1,4
2022-09-01T15:00:00-00:00,2022-09-01T15:15:00-00:00,2022-09-01,09,ARCATA_6_N001,ARCATA_6_N001,ARCATA_6_N001,RTPD,MCL,LMP_LOSS_PRC,ARCATA_6_N001,ALL,1,0,1,4
2022-09-01T16:00:00-00:00,2022-09-01T16:15:00-00:00,2022-09-01,10,ARCATA_6_N001,ARCATA_6_N001,ARCATA_6_N001,RTPD,MCL,LMP_LOSS_PRC,ARCATA_6_N001,ALL,1,0,1,4
2022-09-01T17:00:00-00:00,2022-09-01T17:15:00-00:00,2022-09-01,11,ARCATA_6_N001,ARCATA_6_N001,ARCATA_6_N001,RTPD,MCL,LMP_LOSS_PRC,ARCATA_6_N001,ALL,1,0,1,4
2022-09-01T18:00:00-00:00,2022-09-01T18:15:00-00:00,2022-09-01,12,ARCATA_6_N001,ARCATA_6_N001,ARCATA_6_N001,RTPD,MCL,LMP_LOSS_PRC,ARCATA_6_N001,ALL,1,0,1,4
2022-09-01T19:00:00-00:00,2022-09-01T19:15:00-00:00,2022-09-01,13,ARCATA_6_N001,ARCATA_6_N001,ARCATA_6_N001,RTPD,MCL,LMP_LOSS_PRC,ARCATA_6_N001,ALL,1,0,1,4
2022-09-01T20:00:00-00:00,2022-09-01T20:15:00-00:00,2022-09-01,14,ARCATA_6_N001,ARCATA_6_N001,ARCATA_6_N001,RTPD,MCL,LMP_LOSS_PRC,ARCATA_6_N001,ALL,1,0,1,4
2022-09-01T21:00:00-00:00,2022-09-01T21:15:00-00:00,2022-09-01,15,ARCATA_6_N001,ARCATA_6_N001,ARCATA_6_N001,RTPD,MCL,LMP_LOSS_PRC,ARCATA_6_N001,ALL,1,0,1,4
2022-09-01T22:00:00-00:00,2022-09-01T22:15:00-00:00,2022-09-01,16,ARCATA_6_N001,ARCATA_6_N001,ARCATA_6_N001,RTPD,MCL,LMP_LOSS_PRC,ARCATA_6_N001,ALL,1,0,1,4
2022-09-01T23:00:00-00:00,2022-09-01T23:15:00-00:00,2022-09-01,17,ARCATA_6_N001,ARCATA_6_N001,ARCATA_6_N001,RTPD,MCL,LMP_LOSS_PRC,ARCATA_6_N001,ALL,1,0,1,4
2022-09-02T00:00:00-00:00,2022-09-02T00:15:00-00:00,2022-09-01,18,ARCATA_6_N001,ARCATA_6_N001,ARCATA_6_N001,RTPD,MCL,LMP_LOSS_PRC,ARCATA_6_N001,ALL,1,-134.46645,1,4
2022-09-02T01:00:00-00:00,2022-09-02T01:15:00-00:00,2022-09-01,19,ARCATA_6_N001,ARCATA_6_N001,ARCATA_6_N001,RTPD,MCL,LMP_LOSS_PRC,ARCATA_6_N001,ALL,1,0,1,4
2022-09-02T02:00:00-00:00,2022-09-02T02:15:00-00:00,2022-09-01,20,ARCATA_6_N001,ARCATA_6_N001,ARCATA_6_N001,RTPD,MCL,LMP_LOSS_PRC,ARCATA_6_N001,ALL,1,0,1,4
2022-09-02T03:00:00-00:00,2022-09-02T03:15:00-00:00,2022-09-01,21,ARCATA_6_N001,ARCATA_6_N001,ARCATA_6_N001,RTPD,MCL,LMP_LOSS_PRC,ARCATA_6_N001,ALL,1,-325.91403,1,4
2022-09-02T04:00:00-00:00,2022-09-02T04:15:00-00:00,2022-09-01,22,ARCATA_6_N001,ARCATA_6_N001,ARCATA_6_N001,RTPD,MCL,LMP_LOSS_PRC,ARCATA_6_N001,ALL,1,-42.07786,1,4
2022-09-02T05:00:00-00:00,2022-09-02T05:15:00-00:00,2022-09-01,23,ARCATA_6_N001,ARCATA_6_N001,ARCATA_6_N001,RTPD,MCL,LMP_LOSS_PRC,ARCATA_6_N001,ALL,1,-28.97128,1,4
2022-09-02T06:00:00-00:00,2022-09-02T06:15:00-00:00,2022-09-01,24,ARCATA_6_N001,ARCATA_6_N001,ARCATA_6_N001,RTPD,MCL,LMP_LOSS_PRC,ARCATA_6_N001,ALL,1,-23.417,1,4
2022-09-01T07:15:00-00:00,2022-09-01T07:30:00-00:00,2022-09-01,01,ARCATA_6_N001,ARCATA_6_N001,ARCATA_6_N001,RTPD,MCL,LMP_LOSS_PRC,ARCATA_6_N001,ALL,1,0,2,4
2022-09-01T08:15:00-00:00,2022-09-01T08:30:00-00:00,2022-09-01,02,ARCATA_6_N001,ARCATA_6_N001,ARCATA_6_N001,RTPD,MCL,LMP_LOSS_PRC,ARCATA_6_N001,ALL,1,0,2,4
2022-09-01T09:15:00-00:00,2022-09-01T09:30:00-00:00,2022-09-01,03,ARCATA_6_N001,ARCATA_6_N001,ARCATA_6_N001,RTPD,MCL,LMP_LOSS_PRC,ARCATA_6_N001,ALL,1,-10.4597,2,4
2022-09-01T10:15:00-00:00,2022-09-01T10:30:00-00:00,2022-09-01,04,ARCATA_6_N001,ARCATA_6_N001,ARCATA_6_N001,RTPD,MCL,LMP_LOSS_PRC,ARCATA_6_N001,ALL,1,-6.04353,2,4
2022-09-01T11:15:00-00:00,2022-09-01T11:30:00-00:00,2022-09-01,05,ARCATA_6_N001,ARCATA_6_N001,ARCATA_6_N001,RTPD,MCL,LMP_LOSS_PRC,ARCATA_6_N001,ALL,1,-7.4019,2,4
2022-09-01T12:15:00-00:00,2022-09-01T12:30:00-00:00,2022-09-01,06,ARCATA_6_N001,ARCATA_6_N001,ARCATA_6_N001,RTPD,MCL,LMP_LOSS_PRC,ARCATA_6_N001,ALL,1,-7.4011,2,4
2022-09-01T13:15:00-00:00,2022-09-01T13:30:00-00:00,2022-09-01,07,ARCATA_6_N001,ARCATA_6_N001,ARCATA_6_N001,RTPD,MCL,LMP_LOSS_PRC,ARCATA_6_N001,ALL,1,-5.44903,2,4
2022-09-01T14:15:00-00:00,2022-09-01T14:30:00-00:00,2022-09-01,08,ARCATA_6_N001,ARCATA_6_N001,ARCATA_6_N001,RTPD,MCL,LMP_LOSS_PRC,ARCATA_6_N001,ALL,1,-5.13458,2,4
2022-09-01T15:15:00-00:00,2022-09-01T15:30:00-00:00,2022-09-01,09,ARCATA_6_N001,ARCATA_6_N001,ARCATA_6_N001,RTPD,MCL,LMP_LOSS_PRC,ARCATA_6_N001,ALL,1,0,2,4
2022-09-01T16:15:00-00:00,2022-09-01T16:30:00-00:00,2022-09-01,10,ARCATA_6_N001,ARCATA_6_N001,ARCATA_6_N001,RTPD,MCL,LMP_LOSS_PRC,ARCATA_6_N001,ALL,1,0,2,4
2022-09-01T17:15:00-00:00,2022-09-01T17:30:00-00:00,2022-09-01,11,ARCATA_6_N001,ARCATA_6_N001,ARCATA_6_N001,RTPD,MCL,LMP_LOSS_PRC,ARCATA_6_N001,ALL,1,0,2,4
2022-09-01T18:15:00-00:00,2022-09-01T18:30:00-00:00,2022-09-01,12,ARCATA_6_N001,ARCATA_6_N001,ARCATA_6_N001,RTPD,MCL,LMP_LOSS_PRC,ARCATA_6_N001,ALL,1,0,2,4
2022-09-01T19:15:00-00:00,2022-09-01T19:30:00-00:00,2022-09-01,13,ARCATA_6_N001,ARCATA_6_N001,ARCATA_6_N001,RTPD,MCL,LMP_LOSS_PRC,ARCATA_6_N001,ALL,1,0,2,4
2022-09-01T20:15:00-00:00,2022-09-01T20:30:00-00:00,2022-09-01,14,ARCATA_6_N001,ARCATA_6_N001,ARCATA_6_N001,RTPD,MCL,LMP_LOSS_PRC,ARCATA_6_N001,ALL,1,0,2,4
2022-09-01T21:15:00-00:00,2022-09-01T21:30:00-00:00,2022-09-01,15,ARCATA_6_N001,ARCATA_6_N001,ARCATA_6_N001,RTPD,MCL,LMP_LOSS_PRC,ARCATA_6_N001,ALL,1,0,2,4
2022-09-01T22:15:00-00:00,2022-09-01T22:30:00-00:00,2022-09-01,16,ARCATA_6_N001,ARCATA_6_N001,ARCATA_6_N001,RTPD,MCL,LMP_LOSS_PRC,ARCATA_6_N001,ALL,1,0,2,4
2022-09-01T23:15:00-00:00,2022-09-01T23:30:00-00:00,2022-09-01,17,ARCATA_6_N001,ARCATA_6_N001,ARCATA_6_N001,RTPD,MCL,LMP_LOSS_PRC,ARCATA_6_N001,ALL,1,0,2,4
2022-09-02T00:15:00-00:00,2022-09-02T00:30:00-00:00,2022-09-01,18,ARCATA_6_N001,ARCATA_6_N001,ARCATA_6_N001,RTPD,MCL,LMP_LOSS_PRC,ARCATA_6_N001,ALL,1,-117.92183,2,4
2022-09-02T01:15:00-00:00,2022-09-02T01:30:00-00:00,2022-09-01,19,ARCATA_6_N001,ARCATA_6_N001,ARCATA_6_N001,RTPD,MCL,LMP_LOSS_PRC,ARCATA_6_N001,ALL,1,0,2,4
2022-09-02T02:15:00-00:00,2022-09-02T02:30:00-00:00,2022-09-01,20,ARCATA_6_N001,ARCATA_6_N001,ARCATA_6_N001,RTPD,MCL,LMP_LOSS_PRC,ARCATA_6_N001,ALL,1,0,2,4
2022-09-02T03:15:00-00:00,2022-09-02T03:30:00-00:00,2022-09-01,21,ARCATA_6_N001,ARCATA_6_N001,ARCATA_6_N001,RTPD,MCL,LMP_LOSS_PRC,ARCATA_6_N001,ALL,1,-141.7071,2,4
2022-09-02T04:15:00-00:00,2022-09-02T04:30:00-00:00,2022-09-01,22,ARCATA_6_N001,ARCATA_6_N001,ARCATA_6_N001,RTPD,MCL,LMP_LOSS_PRC,ARCATA_6_N001,ALL,1,-36.36462,2,4
2022-09-02T05:15:00-00:00,2022-09-02T05:30:00-00:00,2022-09-01,23,ARCATA_6_N001,ARCATA_6_N001,ARCATA_6_N001,RTPD,MCL,LMP_LOSS_PRC,ARCATA_6_N001,ALL,1,-25.2963,2,4
2022-09-02T06:15:00-00:00,2022-09-02T06:30:00-00:00,2022-09-01,24,ARCATA_6_N001,ARCATA_6_N001,ARCATA_6_N001,RTPD,MCL,LMP_LOSS_PRC,ARCATA_6_N001,ALL,1,-22.79591,2,4
2022-09-01T07:30:00-00:00,2022-09-01T07:45:00-00:00,2022-09-01,01,ARCATA_6_N001,ARCATA_6_N001,ARCATA_6_N001,RTPD,MCL,LMP_LOSS_PRC,ARCATA_6_N001,ALL,1,0,3,4
2022-09-01T08:30:00-00:00,2022-09-01T08:45:00-00:00,2022-09-01,02,ARCATA_6_N001,ARCATA_6_N001,ARCATA_6_N001,RTPD,MCL,LMP_LOSS_PRC,ARCATA_6_N001,ALL,1,-11.68903,3,4
2022-09-01T09:30:00-00:00,2022-09-01T09:45:00-00:00,2022-09-01,03,ARCATA_6_N001,ARCATA_6_N001,ARCATA_6_N001,RTPD,MCL,LMP_LOSS_PRC,ARCATA_6_N001,ALL,1,-10.66042,3,4
2022-09-01T10:30:00-00:00,2022-09-01T10:45:00-00:00,2022-09-01,04,ARCATA_6_N001,ARCATA_6_N001,ARCATA_6_N001,RTPD,MCL,LMP_LOSS_PRC,ARCATA_6_N001,ALL,1,-5.99373,3,4
2022-09-01T11:30:00-00:00,2022-09-01T11:45:00-00:00,2022-09-01,05,ARCATA_6_N001,ARCATA_6_N001,ARCATA_6_N001,RTPD,MCL,LMP_LOSS_PRC,ARCATA_6_N001,ALL,1,-7.27618,3,4
2022-09-01T12:30:00-00:00,2022-09-01T12:45:00-00:00,2022-09-01,06,ARCATA_6_N001,ARCATA_6_N001,ARCATA_6_N001,RTPD,MCL,LMP_LOSS_PRC,ARCATA_6_N001,ALL,1,-7.4391,3,4
2022-09-01T13:30:00-00:00,2022-09-01T13:45:00-00:00,2022-09-01,07,ARCATA_6_N001,ARCATA_6_N001,ARCATA_6_N001,RTPD,MCL,LMP_LOSS_PRC,ARCATA_6_N001,ALL,1,-5.07417,3,4
2022-09-01T14:30:00-00:00,2022-09-01T14:45:00-00:00,2022-09-01,08,ARCATA_6_N001,ARCATA_6_N001,ARCATA_6_N001,RTPD,MCL,LMP_LOSS_PRC,ARCATA_6_N001,ALL,1,-3.96135,3,4
2022-09-01T15:30:00-00:00,2022-09-01T15:45:00-00:00,2022-09-01,09,ARCATA_6_N001,ARCATA_6_N001,ARCATA_6_N001,RTPD,MCL,LMP_LOSS_PRC,ARCATA_6_N001,ALL,1,0,3,4
2022-09-01T16:30:00-00:00,2022-09-01T16:45:00-00:00,2022-09-01,10,ARCATA_6_N001,ARCATA_6_N001,ARCATA_6_N001,RTPD,MCL,LMP_LOSS_PRC,ARCATA_6_N001,ALL,1,0,3,4
2022-09-01T17:30:00-00:00,2022-09-01T17:45:00-00:00,2022-09-01,11,ARCATA_6_N001,ARCATA_6_N001,ARCATA_6_N001,RTPD,MCL,LMP_LOSS_PRC,ARCATA_6_N001,ALL,1,0,3,4
2022-09-01T18:30:00-00:00,2022-09-01T18:45:00-00:00,2022-09-01,12,ARCATA_6_N001,ARCATA_6_N001,ARCATA_6_N001,RTPD,MCL,LMP_LOSS_PRC,ARCATA_6_N001,ALL,1,0,3,4
2022-09-01T19:30:00-00:00,2022-09-01T19:45:00-00:00,2022-09-01,13,ARCATA_6_N001,ARCATA_6_N001,ARCATA_6_N001,RTPD,MCL,LMP_LOSS_PRC,ARCATA_6_N001,ALL,1,0,3,4
2022-09-01T20:30:00-00:00,2022-09-01T20:45:00-00:00,2022-09-01,14,ARCATA_6_N001,ARCATA_6_N001,ARCATA_6_N001,RTPD,MCL,LMP_LOSS_PRC,ARCATA_6_N001,ALL,1,0,3,4
2022-09-01T21:30:00-00:00,2022-09-01T21:45:00-00:00,2022-09-01,15,ARCATA_6_N001,ARCATA_6_N001,ARCATA_6_N001,RTPD,MCL,LMP_LOSS_PRC,ARCATA_6_N001,ALL,1,0,3,4
2022-09-01T22:30:00-00:00,2022-09-01T22:45:00-00:00,2022-09-01,16,ARCATA_6_N001,ARCATA_6_N001,ARCATA_6_N001,RTPD,MCL,LMP_LOSS_PRC,ARCATA_6_N001,ALL,1,0,3,4
2022-09-01T23:30:00-00:00,2022-09-01T23:45:00-00:00,2022-09-01,17,ARCATA_6_N001,ARCATA_6_N001,ARCATA_6_N001,RTPD,MCL,LMP_LOSS_PRC,ARCATA_6_N001,ALL,1,0,3,4
2022-09-02T00:30:00-00:00,2022-09-02T00:45:00-00:00,2022-09-01,18,ARCATA_6_N001,ARCATA_6_N001,ARCATA_6_N001,RTPD,MCL,LMP_LOSS_PRC,ARCATA_6_N001,ALL,1,0,3,4
2022-09-02T01:30:00-00:00,2022-09-02T01:45:00-00:00,2022-09-01,19,ARCATA_6_N001,ARCATA_6_N001,ARCATA_6_N001,RTPD,MCL,LMP_LOSS_PRC,ARCATA_6_N001,ALL,1,0,3,4
2022-09-02T02:30:00-00:00,2022-09-02T02:45:00-00:00,2022-09-01,20,ARCATA_6_N001,ARCATA_6_N001,ARCATA_6_N001,RTPD,MCL,LMP_LOSS_PRC,ARCATA_6_N001,ALL,1,0,3,4
2022-09-02T03:30:00-00:00,2022-09-02T03:45:00-00:00,2022-09-01,21,ARCATA_6_N001,ARCATA_6_N001,ARCATA_6_N001,RTPD,MCL,LMP_LOSS_PRC,ARCATA_6_N001,ALL,1,-67.20122,3,4
2022-09-02T04:30:00-00:00,2022-09-02T04:45:00-00:00,2022-09-01,22,ARCATA_6_N001,ARCATA_6_N001,ARCATA_6_N001,RTPD,MCL,LMP_LOSS_PRC,ARCATA_6_N001,ALL,1,-31.04052,3,4
2022-09-02T05:30:00-00:00,2022-09-02T05:45:00-00:00,2022-09-01,23,ARCATA_6_N001,ARCATA_6_N001,ARCATA_6_N001,RTPD,MCL,LMP_LOSS_PRC,ARCATA_6_N001,ALL,1,-22.53373,3,4
2022-09-02T06:30:00-00:00,2022-09-02T06:45:00-00:00,2022-09-01,24,ARCATA_6_N001,ARCATA_6_N001,ARCATA_6_N001,RTPD,MCL,LMP_LOSS_PRC,ARCATA_6_N001,ALL,1,-10.42216,3,4
2022-09-01T07:45:00-00:00,2022-09-01T08:00:00-00:00,2022-09-01,01,ARCATA_6_N001,ARCATA_6_N001,ARCATA_6_N001,RTPD,MCL,LMP_LOSS_PRC,ARCATA_6_N001,ALL,1,0,4,4
2022-09-01T08:45:00-00:00,2022-09-01T09:00:00-00:00,2022-09-01,02,ARCATA_6_N001,ARCATA_6_N001,ARCATA_6_N001,RTPD,MCL,LMP_LOSS_PRC,ARCATA_6_N001,ALL,1,-10.54497,4,4
2022-09-01T09:45:00-00:00,2022-09-01T10:00:00-00:00,2022-09-01,03,ARCATA_6_N001,ARCATA_6_N001,ARCATA_6_N001,RTPD,MCL,LMP_LOSS_PRC,ARCATA_6_N001,ALL,1,-10.99854,4,4
2022-09-01T10:45:00-00:00,2022-09-01T11:00:00-00:00,2022-09-01,04,ARCATA_6_N001,ARCATA_6_N001,ARCATA_6_N001,RTPD,MCL,LMP_LOSS_PRC,ARCATA_6_N001,ALL,1,-6.27991,4,4
2022-09-01T11:45:00-00:00,2022-09-01T12:00:00-00:00,2022-09-01,05,ARCATA_6_N001,ARCATA_6_N001,ARCATA_6_N001,RTPD,MCL,LMP_LOSS_PRC,ARCATA_6_N001,ALL,1,0,4,4
2022-09-01T12:45:00-00:00,2022-09-01T13:00:00-00:00,2022-09-01,06,ARCATA_6_N001,ARCATA_6_N001,ARCATA_6_N001,RTPD,MCL,LMP_LOSS_PRC,ARCATA_6_N001,ALL,1,0,4,4
2022-09-01T13:45:00-00:00,2022-09-01T14:00:00-00:00,2022-09-01,07,ARCATA_6_N001,ARCATA_6_N001,ARCATA_6_N001,RTPD,MCL,LMP_LOSS_PRC,ARCATA_6_N001,ALL,1,0,4,4
2022-09-01T14:45:00-00:00,2022-09-01T15:00:00-00:00,2022-09-01,08,ARCATA_6_N001,ARCATA_6_N001,ARCATA_6_N001,RTPD,MCL,LMP_LOSS_PRC,ARCATA_6_N001,ALL,1,0,4,4
2022-09-01T15:45:00-00:00,2022-09-01T16:00:00-00:00,2022-09-01,09,ARCATA_6_N001,ARCATA_6_N001,ARCATA_6_N001,RTPD,MCL,LMP_LOSS_PRC,ARCATA_6_N001,ALL,1,0,4,4
2022-09-01T16:45:00-00:00,2022-09-01T17:00:00-00:00,2022-09-01,10,ARCATA_6_N001,ARCATA_6_N001,ARCATA_6_N001,RTPD,MCL,LMP_LOSS_PRC,ARCATA_6_N001,ALL,1,0,4,4
2022-09-01T17:45:00-00:00,2022-09-01T18:00:00-00:00,2022-09-01,11,ARCATA_6_N001,ARCATA_6_N001,ARCATA_6_N001,RTPD,MCL,LMP_LOSS_PRC,ARCATA_6_N001,ALL,1,0,4,4
2022-09-01T18:45:00-00:00,2022-09-01T19:00:00-00:00,2022-09-01,12,ARCATA_6_N001,ARCATA_6_N001,ARCATA_6_N001,RTPD,MCL,LMP_LOSS_PRC,ARCATA_6_N001,ALL,1,0,4,4
2022-09-01T19:45:00-00:00,2022-09-01T20:00:00-00:00,2022-09-01,13,ARCATA_6_N001,ARCATA_6_N001,ARCATA_6_N001,RTPD,MCL,LMP_LOSS_PRC,ARCATA_6_N001,ALL,1,0,4,4
2022-09-01T20:45:00-00:00,2022-09-01T21:00:00-00:00,2022-09-01,14,ARCATA_6_N001,ARCATA_6_N001,ARCATA_6_N001,RTPD,MCL,LMP_LOSS_PRC,ARCATA_6_N001,ALL,1,0,4,4
2022-09-01T21:45:00-00:00,2022-09-01T22:00:00-00:00,2022-09-01,15,ARCATA_6_N001,ARCATA_6_N001,ARCATA_6_N001,RTPD,MCL,LMP_LOSS_PRC,ARCATA_6_N001,ALL,1,0,4,4
2022-09-01T22:45:00-00:00,2022-09-01T23:00:00-00:00,2022-09-01,16,ARCATA_6_N001,ARCATA_6_N001,ARCATA_6_N001,RTPD,MCL,LMP_LOSS_PRC,ARCATA_6_N001,ALL,1,0,4,4
2022-09-01T23:45:00-00:00,2022-09-02T00:00:00-00:00,2022-09-01,17,ARCATA_6_N001,ARCATA_6_N001,ARCATA_6_N001,RTPD,MCL,LMP_LOSS_PRC,ARCATA_6_N001,ALL,1,0,4,4
2022-09-02T00:45:00-00:00,2022-09-02T01:00:00-00:00,2022-09-01,18,ARCATA_6_N001,ARCATA_6_N001,ARCATA_6_N001,RTPD,MCL,LMP_LOSS_PRC,ARCATA_6_N001,ALL,1,0,4,4
2022-09-02T01:45:00-00:00,2022-09-02T02:00:00-00:00,2022-09-01,19,ARCATA_6_N001,ARCATA_6_N001,ARCATA_6_N001,RTPD,MCL,LMP_LOSS_PRC,ARCATA_6_N001,ALL,1,0,4,4
2022-09-02T02:45:00-00:00,2022-09-02T03:00:00-00:00,2022-09-01,20,ARCATA_6_N001,ARCATA_6_N001,ARCATA_6_N001,RTPD,MCL,LMP_LOSS_PRC,ARCATA_6_N001,ALL,1,-584.54517,4,4
2022-09-02T03:45:00-00:00,2022-09-02T04:00:00-00:00,2022-09-01,21,ARCATA_6_N001,ARCATA_6_N001,ARCATA_6_N001,RTPD,MCL,LMP_LOSS_PRC,ARCATA_6_N001,ALL,1,-55.35394,4,4
2022-09-02T04:45:00-00:00,2022-09-02T05:00:00-00:00,2022-09-01,22,ARCATA_6_N001,ARCATA_6_N001,ARCATA_6_N001,RTPD,MCL,LMP_LOSS_PRC,ARCATA_6_N001,ALL,1,-22.12027,4,4
2022-09-02T05:45:00-00:00,2022-09-02T06:00:00-00:00,2022-09-01,23,ARCATA_6_N001,ARCATA_6_N001,ARCATA_6_N001,RTPD,MCL,LMP_LOSS_PRC,ARCATA_6_N001,ALL,1,-21.19561,4,4
2022-09-02T06:45:00-00:00,2022-09-02T07:00:00-00:00,2022-09-01,24,ARCATA_6_N001,ARCATA_6_N001,ARCATA_6_N001,RTPD,MCL,LMP_LOSS_PRC,ARCATA_6_N001,ALL,1,-8.88914,4,4
2022-09-01T07:00:00-00:00,2022-09-01T07:15:00-00:00,2022-09-01,01,ARCATA_6_N001,ARCATA_6_N001,ARCATA_6_N001,RTPD,MGHG,LMP_GHG_PRC,ARCATA_6_N001,ALL,1,0,1,5
2022-09-01T08:00:00-00:00,2022-09-01T08:15:00-00:00,2022-09-01,02,ARCATA_6_N001,ARCATA_6_N001,ARCATA_6_N001,RTPD,MGHG,LMP_GHG_PRC,ARCATA_6_N001,ALL,1,0,1,5
2022-09-01T09:00:00-00:00,2022-09-01T09:15:00-00:00,2022-09-01,03,ARCATA_6_N001,ARCATA_6_N001,ARCATA_6_N001,RTPD,MGHG,LMP_GHG_PRC,ARCATA_6_N001,ALL,1,0,1,5
2022-09-01T10:00:00-00:00,2022-09-01T10:15:00-00:00,2022-09-01,04,ARCATA_6_N001,ARCATA_6_N001,ARCATA_6_N001,RTPD,MGHG,LMP_GHG_PRC,ARCATA_6_N001,ALL,1,0,1,5
2022-09-01T11:00:00-00:00,2022-09-01T11:15:00-00:00,2022-09-01,05,ARCATA_6_N001,ARCATA_6_N001,ARCATA_6_N001,RTPD,MGHG,LMP_GHG_PRC,ARCATA_6_N001,ALL,1,0,1,5
2022-09-01T12:00:00-00:00,2022-09-01T12:15:00-00:00,2022-09-01,06,ARCATA_6_N001,ARCATA_6_N001,ARCATA_6_N001,RTPD,MGHG,LMP_GHG_PRC,ARCATA_6_N001,ALL,1,0,1,5
2022-09-01T13:00:00-00:00,2022-09-01T13:15:00-00:00,2022-09-01,07,ARCATA_6_N001,ARCATA_6_N001,ARCATA_6_N001,RTPD,MGHG,LMP_GHG_PRC,ARCATA_6_N001,ALL,1,0,1,5
2022-09-01T14:00:00-00:00,2022-09-01T14:15:00-00:00,2022-09-01,08,ARCATA_6_N001,ARCATA_6_N001,ARCATA_6_N001,RTPD,MGHG,LMP_GHG_PRC,ARCATA_6_N001,ALL,1,0,1,5
2022-09-01T15:00:00-00:00,2022-09-01T15:15:00-00:00,2022-09-01,09,ARCATA_6_N001,ARCATA_6_N001,ARCATA_6_N001,RTPD,MGHG,LMP_GHG_PRC,ARCATA_6_N001,ALL,1,0,1,5
2022-09-01T16:00:00-00:00,2022-09-01T16:15:00-00:00,2022-09-01,10,ARCATA_6_N001,ARCATA_6_N001,ARCATA_6_N001,RTPD,MGHG,LMP_GHG_PRC,ARCATA_6_N001,ALL,1,0,1,5
2022-09-01T17:00:00-00:00,2022-09-01T17:15:00-00:00,2022-09-01,11,ARCATA_6_N001,ARCATA_6_N001,ARCATA_6_N001,RTPD,MGHG,LMP_GHG_PRC,ARCATA_6_N001,ALL,1,0,1,5
2022-09-01T18:00:00-00:00,2022-09-01T18:15:00-00:00,2022-09-01,12,ARCATA_6_N001,ARCATA_6_N001,ARCATA_6_N001,RTPD,MGHG,LMP_GHG_PRC,ARCATA_6_N001,ALL,1,0,1,5
2022-09-01T19:00:00-00:00,2022-09-01T19:15:00-00:00,2022-09-01,13,ARCATA_6_N001,ARCATA_6_N001,ARCATA_6_N001,RTPD,MGHG,LMP_GHG_PRC,ARCATA_6_N001,ALL,1,0,1,5
2022-09-01T20:00:00-00:00,2022-09-01T20:15:00-00:00,2022-09-01,14,ARCATA_6_N001,ARCATA_6_N001,ARCATA_6_N001,RTPD,MGHG,LMP_GHG_PRC,ARCATA_6_N001,ALL,1,0,1,5
2022-09-01T21:00:00-00:00,2022-09-01T21:15:00-00:00,2022-09-01,15,ARCATA_6_N001,ARCATA_6_N001,ARCATA_6_N001,RTPD,MGHG,LMP_GHG_PRC,ARCATA_6_N001,ALL,1,0,1,5
2022-09-01T22:00:00-00:00,2022-09-01T22:15:00-00:00,2022-09-01,16,ARCATA_6_N001,ARCATA_6_N001,ARCATA_6_N001,RTPD,MGHG,LMP_GHG_PRC,ARCATA_6_N001,ALL,1,0,1,5
2022-09-01T23:00:00-00:00,2022-09-01T23:15:00-00:00,2022-09-01,17,ARCATA_6_N001,ARCATA_6_N001,ARCATA_6_N001,RTPD,MGHG,LMP_GHG_PRC,ARCATA_6_N001,ALL,1,0,1,5
2022-09-02T00:00:00-00:00,2022-09-02T00:15:00-00:00,2022-09-01,18,ARCATA_6_N001,ARCATA_6_N001,ARCATA_6_N001,RTPD,MGHG,LMP_GHG_PRC,ARCATA_6_N001,ALL,1,0,1,5
2022-09-02T01:00:00-00:00,2022-09-02T01:15:00-00:00,2022-09-01,19,ARCATA_6_N001,ARCATA_6_N001,ARCATA_6_N001,RTPD,MGHG,LMP_GHG_PRC,ARCATA_6_N001,ALL,1,0,1,5
2022-09-02T02:00:00-00:00,2022-09-02T02:15:00-00:00,2022-09-01,20,ARCATA_6_N001,ARCATA_6_N001,ARCATA_6_N001,RTPD,MGHG,LMP_GHG_PRC,ARCATA_6_N001,ALL,1,0,1,5
2022-09-02T03:00:00-00:00,2022-09-02T03:15:00-00:00,2022-09-01,21,ARCATA_6_N001,ARCATA_6_N001,ARCATA_6_N001,RTPD,MGHG,LMP_GHG_PRC,ARCATA_6_N001,ALL,1,0,1,5
2022-09-02T04:00:00-00:00,2022-09-02T04:15:00-00:00,2022-09-01,22,ARCATA_6_N001,ARCATA_6_N001,ARCATA_6_N001,RTPD,MGHG,LMP_GHG_PRC,ARCATA_6_N001,ALL,1,0,1,5
2022-09-02T05:00:00-00:00,2022-09-02T05:15:00-00:00,2022-09-01,23,ARCATA_6_N001,ARCATA_6_N001,ARCATA_6_N001,RTPD,MGHG,LMP_GHG_PRC,ARCATA_6_N001,ALL,1,0,1,5
2022-09-02T06:00:00-00:00,2022-09-02T06:15:00-00:00,2022-09-01,24,ARCATA_6_N001,ARCATA_6_N001,ARCATA_6_N001,RTPD,MGHG,LMP_GHG_PRC,ARCATA_6_N001,ALL,1,0,1,5
2022-09-01T07:15:00-00:00,2022-09-01T07:30:00-00:00,2022-09-01,01,ARCATA_6_N001,ARCATA_6_N001,ARCATA_6_N001,RTPD,MGHG,LMP_GHG_PRC,ARCATA_6_N001,ALL,1,0,2,5
2022-09-01T08:15:00-00:00,2022-09-01T08:30:00-00:00,2022-09-01,02,ARCATA_6_N001,ARCATA_6_N001,ARCATA_6_N001,RTPD,MGHG,LMP_GHG_PRC,ARCATA_6_N001,ALL,1,0,2,5
2022-09-01T09:15:00-00:00,2022-09-01T09:30:00-00:00,2022-09-01,03,ARCATA_6_N001,ARCATA_6_N001,ARCATA_6_N001,RTPD,MGHG,LMP_GHG_PRC,ARCATA_6_N001,ALL,1,0,2,5
2022-09-01T10:15:00-00:00,2022-09-01T10:30:00-00:00,2022-09-01,04,ARCATA_6_N001,ARCATA_6_N001,ARCATA_6_N001,RTPD,MGHG,LMP_GHG_PRC,ARCATA_6_N001,ALL,1,0,2,5
2022-09-01T11:15:00-00:00,2022-09-01T11:30:00-00:00,2022-09-01,05,ARCATA_6_N001,ARCATA_6_N001,ARCATA_6_N001,RTPD,MGHG,LMP_GHG_PRC,ARCATA_6_N001,ALL,1,0,2,5
2022-09-01T12:15:00-00:00,2022-09-01T12:30:00-00:00,2022-09-01,06,ARCATA_6_N001,ARCATA_6_N001,ARCATA_6_N001,RTPD,MGHG,LMP_GHG_PRC,ARCATA_6_N001,ALL,1,0,2,5
2022-09-01T13:15:00-00:00,2022-09-01T13:30:00-00:00,2022-09-01,07,ARCATA_6_N001,ARCATA_6_N001,ARCATA_6_N001,RTPD,MGHG,LMP_GHG_PRC,ARCATA_6_N001,ALL,1,0,2,5
2022-09-01T14:15:00-00:00,2022-09-01T14:30:00-00:00,2022-09-01,08,ARCATA_6_N001,ARCATA_6_N001,ARCATA_6_N001,RTPD,MGHG,LMP_GHG_PRC,ARCATA_6_N001,ALL,1,0,2,5
2022-09-01T15:15:00-00:00,2022-09-01T15:30:00-00:00,2022-09-01,09,ARCATA_6_N001,ARCATA_6_N001,ARCATA_6_N001,RTPD,MGHG,LMP_GHG_PRC,ARCATA_6_N001,ALL,1,0,2,5
2022-09-01T16:15:00-00:00,2022-09-01T16:30:00-00:00,2022-09-01,10,ARCATA_6_N001,ARCATA_6_N001,ARCATA_6_N001,RTPD,MGHG,LMP_GHG_PRC,ARCATA_6_N001,ALL,1,0,2,5
2022-09-01T17:15:00-00:00,2022-09-01T17:30:00-00:00,2022-09-01,11,ARCATA_6_N001,ARCATA_6_N001,ARCATA_6_N001,RTPD,MGHG,LMP_GHG_PRC,ARCATA_6_N001,ALL,1,0,2,5
2022-09-01T18:15:00-00:00,2022-09-01T18:30:00-00:00,2022-09-01,12,ARCATA_6_N001,ARCATA_6_N001,ARCATA_6_N001,RTPD,MGHG,LMP_GHG_PRC,ARCATA_6_N001,ALL,1,0,2,5
2022-09-01T19:15:00-00:00,2022-09-01T19:30:00-00:00,2022-09-01,13,ARCATA_6_N001,ARCATA_6_N001,ARCATA_6_N001,RTPD,MGHG,LMP_GHG_PRC,ARCATA_6_N001,ALL,1,0,2,5
2022-09-01T20:15:00-00:00,2022-09-01T20:30:00-00:00,2022-09-01,14,ARCATA_6_N001,ARCATA_6_N001,ARCATA_6_N001,RTPD,MGHG,LMP_GHG_PRC,ARCATA_6_N001,ALL,1,0,2,5
2022-09-01T21:15:00-00:00,2022-09-01T21:30:00-00:00,2022-09-01,15,ARCATA_6_N001,ARCATA_6_N001,ARCATA_6_N001,RTPD,MGHG,LMP_GHG_PRC,ARCATA_6_N001,ALL,1,0,2,5
2022-09-01T22:15:00-00:00,2022-09-01T22:30:00-00:00,2022-09-01,16,ARCATA_6_N001,ARCATA_6_N001,ARCATA_6_N001,RTPD,MGHG,LMP_GHG_PRC,ARCATA_6_N001,ALL,1,0,2,5
2022-09-01T23:15:00-00:00,2022-09-01T23:30:00-00:00,2022-09-01,17,ARCATA_6_N001,ARCATA_6_N001,ARCATA_6_N001,RTPD,MGHG,LMP_GHG_PRC,ARCATA_6_N001,ALL,1,0,2,5
2022-09-02T00:15:00-00:00,2022-09-02T00:30:00-00:00,2022-09-01,18,ARCATA_6_N001,ARCATA_6_N001,ARCATA_6_N001,RTPD,MGHG,LMP_GHG_PRC,ARCATA_6_N001,ALL,1,0,2,5
2022-09-02T01:15:00-00:00,2022-09-02T01:30:00-00:00,2022-09-01,19,ARCATA_6_N001,ARCATA_6_N001,ARCATA_6_N001,RTPD,MGHG,LMP_GHG_PRC,ARCATA_6_N001,ALL,1,0,2,5
2022-09-02T02:15:00-00:00,2022-09-02T02:30:00-00:00,2022-09-01,20,ARCATA_6_N001,ARCATA_6_N001,ARCATA_6_N001,RTPD,MGHG,LMP_GHG_PRC,ARCATA_6_N001,ALL,1,0,2,5
2022-09-02T03:15:00-00:00,2022-09-02T03:30:00-00:00,2022-09-01,21,ARCATA_6_N001,ARCATA_6_N001,ARCATA_6_N001,RTPD,MGHG,LMP_GHG_PRC,ARCATA_6_N001,ALL,1,0,2,5
2022-09-02T04:15:00-00:00,2022-09-02T04:30:00-00:00,2022-09-01,22,ARCATA_6_N001,ARCATA_6_N001,ARCATA_6_N001,RTPD,MGHG,LMP_GHG_PRC,ARCATA_6_N001,ALL,1,0,2,5
2022-09-02T05:15:00-00:00,2022-09-02T05:30:00-00:00,2022-09-01,23,ARCATA_6_N001,ARCATA_6_N001,ARCATA_6_N001,RTPD,MGHG,LMP_GHG_PRC,ARCATA_6_N001,ALL,1,0,2,5
2022-09-02T06:15:00-00:00,2022-09-02T06:30:00-00:00,2022-09-01,24,ARCATA_6_N001,ARCATA_6_N001,ARCATA_6_N001,RTPD,MGHG,LMP_GHG_PRC,ARCATA_6_N001,ALL,1,0,2,5
2022-09-01T07:30:00-00:00,2022-09-01T07:45:00-00:00,2022-09-01,01,ARCATA_6_N001,ARCATA_6_N001,ARCATA_6_N001,RTPD,MGHG,LMP_GHG_PRC,ARCATA_6_N001,ALL,1,0,3,5
2022-09-01T08:30:00-00:00,2022-09-01T08:45:00-00:00,2022-09-01,02,ARCATA_6_N001,ARCATA_6_N001,ARCATA_6_N001,RTPD,MGHG,LMP_GHG_PRC,ARCATA_6_N001,ALL,1,0,3,5
2022-09-01T09:30:00-00:00,2022-09-01T09:45:00-00:00,2022-09-01,03,ARCATA_6_N001,ARCATA_6_N001,ARCATA_6_N001,RTPD,MGHG,LMP_GHG_PRC,ARCATA_6_N001,ALL,1,0,3,5
2022-09-01T10:30:00-00:00,2022-09-01T10:45:00-00:00,2022-09-01,04,ARCATA_6_N001,ARCATA_6_N001,ARCATA_6_N001,RTPD,MGHG,LMP_GHG_PRC,ARCATA_6_N001,ALL,1,0,3,5
2022-09-01T11:30:00-00:00,2022-09-01T11:45:00-00:00,2022-09-01,05,ARCATA_6_N001,ARCATA_6_N001,ARCATA_6_N001,RTPD,MGHG,LMP_GHG_PRC,ARCATA_6_N001,ALL,1,0,3,5
2022-09-01T12:30:00-00:00,2022-09-01T12:45:00-00:00,2022-09-01,06,ARCATA_6_N001,ARCATA_6_N001,ARCATA_6_N001,RTPD,MGHG,LMP_GHG_PRC,ARCATA_6_N001,ALL,1,0,3,5
2022-09-01T13:30:00-00:00,2022-09-01T13:45:00-00:00,2022-09-01,07,ARCATA_6_N001,ARCATA_6_N001,ARCATA_6_N001,RTPD,MGHG,LMP_GHG_PRC,ARCATA_6_N001,ALL,1,0,3,5
2022-09-01T14:30:00-00:00,2022-09-01T14:45:00-00:00,2022-09-01,08,ARCATA_6_N001,ARCATA_6_N001,ARCATA_6_N001,RTPD,MGHG,LMP_GHG_PRC,ARCATA_6_N001,ALL,1,0,3,5
2022-09-01T15:30:00-00:00,2022-09-01T15:45:00-00:00,2022-09-01,09,ARCATA_6_N001,ARCATA_6_N001,ARCATA_6_N001,RTPD,MGHG,LMP_GHG_PRC,ARCATA_6_N001,ALL,1,0,3,5
2022-09-01T16:30:00-00:00,2022-09-01T16:45:00-00:00,2022-09-01,10,ARCATA_6_N001,ARCATA_6_N001,ARCATA_6_N001,RTPD,MGHG,LMP_GHG_PRC,ARCATA_6_N001,ALL,1,0,3,5
2022-09-01T17:30:00-00:00,2022-09-01T17:45:00-00:00,2022-09-01,11,ARCATA_6_N001,ARCATA_6_N001,ARCATA_6_N001,RTPD,MGHG,LMP_GHG_PRC,ARCATA_6_N001,ALL,1,0,3,5
2022-09-01T18:30:00-00:00,2022-09-01T18:45:00-00:00,2022-09-01,12,ARCATA_6_N001,ARCATA_6_N001,ARCATA_6_N001,RTPD,MGHG,LMP_GHG_PRC,ARCATA_6_N001,ALL,1,0,3,5
2022-09-01T19:30:00-00:00,2022-09-01T19:45:00-00:00,2022-09-01,13,ARCATA_6_N001,ARCATA_6_N001,ARCATA_6_N001,RTPD,MGHG,LMP_GHG_PRC,ARCATA_6_N001,ALL,1,0,3,5
2022-09-01T20:30:00-00:00,2022-09-01T20:45:00-00:00,2022-09-01,14,ARCATA_6_N001,ARCATA_6_N001,ARCATA_6_N001,RTPD,MGHG,LMP_GHG_PRC,ARCATA_6_N001,ALL,1,0,3,5
2022-09-01T21:30:00-00:00,2022-09-01T21:45:00-00:00,2022-09-01,15,ARCATA_6_N001,ARCATA_6_N001,ARCATA_6_N001,RTPD,MGHG,LMP_GHG_PRC,ARCATA_6_N001,ALL,1,0,3,5
2022-09-01T22:30:00-00:00,2022-09-01T22:45:00-00:00,2022-09-01,16,ARCATA_6_N001,ARCATA_6_N001,ARCATA_6_N001,RTPD,MGHG,LMP_GHG_PRC,ARCATA_6_N001,ALL,1,0,3,5
2022-09-01T23:30:00-00:00,2022-09-01T23:45:00-00:00,2022-09-01,17,ARCATA_6_N001,ARCATA_6_N001,ARCATA_6_N001,RTPD,MGHG,LMP_GHG_PRC,ARCATA_6_N001,ALL,1,0,3,5
2022-09-02T00:30:00-00:00,2022-09-02T00:45:00-00:00,2022-09-01,18,ARCATA_6_N001,ARCATA_6_N001,ARCATA_6_N001,RTPD,MGHG,LMP_GHG_PRC,ARCATA_6_N001,ALL,1,0,3,5
2022-09-02T01:30:00-00:00,2022-09-02T01:45:00-00:00,2022-09-01,19,ARCATA_6_N001,ARCATA_6_N001,ARCATA_6_N001,RTPD,MGHG,LMP_GHG_PRC,ARCATA_6_N001,ALL,1,0,3,5
2022-09-02T02:30:00-00:00,2022-09-02T02:45:00-00:00,2022-09-01,20,ARCATA_6_N001,ARCATA_6_N001,ARCATA_6_N001,RTPD,MGHG,LMP_GHG_PRC,ARCATA_6_N001,ALL,1,0,3,5
2022-09-02T03:30:00-00:00,2022-09-02T03:45:00-00:00,2022-09-01,21,ARCATA_6_N001,ARCATA_6_N001,ARCATA_6_N001,RTPD,MGHG,LMP_GHG_PRC,ARCATA_6_N001,ALL,1,0,3,5
2022-09-02T04:30:00-00:00,2022-09-02T04:45:00-00:00,2022-09-01,22,ARCATA_6_N001,ARCATA_6_N001,ARCATA_6_N001,RTPD,MGHG,LMP_GHG_PRC,ARCATA_6_N001,ALL,1,0,3,5
2022-09-02T05:30:00-00:00,2022-09-02T05:45:00-00:00,2022-09-01,23,ARCATA_6_N001,ARCATA_6_N001,ARCATA_6_N001,RTPD,MGHG,LMP_GHG_PRC,ARCATA_6_N001,ALL,1,0,3,5
2022-09-02T06:30:00-00:00,2022-09-02T06:45:00-00:00,2022-09-01,24,ARCATA_6_N001,ARCATA_6_N001,ARCATA_6_N001,RTPD,MGHG,LMP_GHG_PRC,ARCATA_6_N001,ALL,1,0,3,5
2022-09-01T07:45:00-00:00,2022-09-01T08:00:00-00:00,2022-09-01,01,ARCATA_6_N001,ARCATA_6_N001,ARCATA_6_N001,RTPD,MGHG,LMP_GHG_PRC,ARCATA_6_N001,ALL,1,0,4,5
2022-09-01T08:45:00-00:00,2022-09-01T09:00:00-00:00,2022-09-01,02,ARCATA_6_N001,ARCATA_6_N001,ARCATA_6_N001,RTPD,MGHG,LMP_GHG_PRC,ARCATA_6_N001,ALL,1,0,4,5
2022-09-01T09:45:00-00:00,2022-09-01T10:00:00-00:00,2022-09-01,03,ARCATA_6_N001,ARCATA_6_N001,ARCATA_6_N001,RTPD,MGHG,LMP_GHG_PRC,ARCATA_6_N001,ALL,1,0,4,5
2022-09-01T10:45:00-00:00,2022-09-01T11:00:00-00:00,2022-09-01,04,ARCATA_6_N001,ARCATA_6_N001,ARCATA_6_N001,RTPD,MGHG,LMP_GHG_PRC,ARCATA_6_N001,ALL,1,0,4,5
2022-09-01T11:45:00-00:00,2022-09-01T12:00:00-00:00,2022-09-01,05,ARCATA_6_N001,ARCATA_6_N001,ARCATA_6_N001,RTPD,MGHG,LMP_GHG_PRC,ARCATA_6_N001,ALL,1,0,4,5
2022-09-01T12:45:00-00:00,2022-09-01T13:00:00-00:00,2022-09-01,06,ARCATA_6_N001,ARCATA_6_N001,ARCATA_6_N001,RTPD,MGHG,LMP_GHG_PRC,ARCATA_6_N001,ALL,1,0,4,5
2022-09-01T13:45:00-00:00,2022-09-01T14:00:00-00:00,2022-09-01,07,ARCATA_6_N001,ARCATA_6_N001,ARCATA_6_N001,RTPD,MGHG,LMP_GHG_PRC,ARCATA_6_N001,ALL,1,0,4,5
2022-09-01T14:45:00-00:00,2022-09-01T15:00:00-00:00,2022-09-01,08,ARCATA_6_N001,ARCATA_6_N001,ARCATA_6_N001,RTPD,MGHG,LMP_GHG_PRC,ARCATA_6_N001,ALL,1,0,4,5
2022-09-01T15:45:00-00:00,2022-09-01T16:00:00-00:00,2022-09-01,09,ARCATA_6_N001,ARCATA_6_N001,ARCATA_6_N001,RTPD,MGHG,LMP_GHG_PRC,ARCATA_6_N001,ALL,1,0,4,5
2022-09-01T16:45:00-00:00,2022-09-01T17:00:00-00:00,2022-09-01,10,ARCATA_6_N001,ARCATA_6_N001,ARCATA_6_N001,RTPD,MGHG,LMP_GHG_PRC,ARCATA_6_N001,ALL,1,0,4,5
2022-09-01T17:45:00-00:00,2022-09-01T18:00:00-00:00,2022-09-01,11,ARCATA_6_N001,ARCATA_6_N001,ARCATA_6_N001,RTPD,MGHG,LMP_GHG_PRC,ARCATA_6_N001,ALL,1,0,4,5
2022-09-01T18:45:00-00:00,2022-09-01T19:00:00-00:00,2022-09-01,12,ARCATA_6_N001,ARCATA_6_N001,ARCATA_6_N001,RTPD,MGHG,LMP_GHG_PRC,ARCATA_6_N001,ALL,1,0,4,5
2022-09-01T19:45:00-00:00,2022-09-01T20:00:00-00:00,2022-09-01,13,ARCATA_6_N001,ARCATA_6_N001,ARCATA_6_N001,RTPD,MGHG,LMP_GHG_PRC,ARCATA_6_N001,ALL,1,0,4,5
2022-09-01T20:45:00-00:00,2022-09-01T21:00:00-00:00,2022-09-01,14,ARCATA_6_N001,ARCATA_6_N001,ARCATA_6_N001,RTPD,MGHG,LMP_GHG_PRC,ARCATA_6_N001,ALL,1,0,4,5
2022-09-01T21:45:00-00:00,2022-09-01T22:00:00-00:00,2022-09-01,15,ARCATA_6_N001,ARCATA_6_N001,ARCATA_6_N001,RTPD,MGHG,LMP_GHG_PRC,ARCATA_6_N001,ALL,1,0,4,5
2022-09-01T22:45:00-00:00,2022-09-01T23:00:00-00:00,2022-09-01,16,ARCATA_6_N001,ARCATA_6_N001,ARCATA_6_N001,RTPD,MGHG,LMP_GHG_PRC,ARCATA_6_N001,ALL,1,0,4,5
2022-09-01T23:45:00-00:00,2022-09-02T00:00:00-00:00,2022-09-01,17,ARCATA_6_N001,ARCATA_6_N001,ARCATA_6_N001,RTPD,MGHG,LMP_GHG_PRC,ARCATA_6_N001,ALL,1,0,4,5
2022-09-02T00:45:00-00:00,2022-09-02T01:00:00-00:00,2022-09-01,18,ARCATA_6_N001,ARCATA_6_N001,ARCATA_6_N001,RTPD,MGHG,LMP_GHG_PRC,ARCATA_6_N001,ALL,1,0,4,5
2022-09-02T01:45:00-00:00,2022-09-02T02:00:00-00:00,2022-09-01,19,ARCATA_6_N001,ARCATA_6_N001,ARCATA_6_N001,RTPD,MGHG,LMP_GHG_PRC,ARCATA_6_N001,ALL,1,0,4,5
2022-09-02T02:45:00-00:00,2022-09-02T03:00:00-00:00,2022-09-01,20,ARCATA_6_N001,ARCATA_6_N001,ARCATA_6_N001,RTPD,MGHG,LMP_GHG_PRC,ARCATA_6_N001,ALL,1,0,4,5
2022-09-02T03:45:00-00:00,2022-09-02T04:00:00-00:00,2022-09-01,21,ARCATA_6_N001,ARCATA_6_N001,ARCATA_6_N001,RTPD,MGHG,LMP_GHG_PRC,ARCATA_6_N001,ALL,1,0,4,5
2022-09-02T04:45:00-00:00,2022-09-02T05:00:00-00:00,2022-09-01,22,ARCATA_6_N001,ARCATA_6_N001,ARCATA_6_N001,RTPD,MGHG,LMP_GHG_PRC,ARCATA_6_N001,ALL,1,0,4,5
2022-09-02T05:45:00-00:00,2022-09-02T06:00:00-00:00,2022-09-01,23,ARCATA_6_N001,ARCATA_6_N001,ARCATA_6_N001,RTPD,MGHG,LMP_GHG_PRC,ARCATA_6_N001,ALL,1,0,4,5
2022-09-02T06:45:00-00:00,2022-09-02T07:00:00-00:00,2022-09-01,24,ARCATA_6_N001,ARCATA_6_N001,ARCATA_6_N001,RTPD,MGHG,LMP_GHG_PRC,ARCATA_6_N001,ALL,1,0,4,5
