INTERVALSTARTTIME_GMT,INTERVALENDTIME_GMT,OPR_DT,OPR_HR,NODE_ID_XML,NODE_ID,NODE,MARKET_RUN_ID,LMP_TYPE,XML_DATA_ITEM,PNODE_RESMRID,GRP_TYPE,POS,PRC,OPR_INTERVAL,GROUP
2022-09-01T07:00:00-00:00,2022-09-01T07:15:00-00:00,2022-09-01,01,KLG_GNODEDIL,KLG_GNODEDIL,KLG_GNODEDIL,RTPD,LMP,LMP_PRC,KLG_GNODEDIL,ALL,1,87.53496,1,1
2022-09-01T08:00:00-00:00,2022-09-01T08:15:00-00:00,2022-09-01,02,KLG_GNODEDIL,KLG_GNODEDIL,KLG_GNODEDIL,RTPD,LMP,LMP_PRC,KLG_GNODEDIL,ALL,1,112.28317,1,1
2022-09-01T09:00:00-00:00,2022-09-01T09:15:00-00:00,2022-09-01,03,KLG_GNODEDIL,KLG_GNODEDIL,KLG_GNODEDIL,RTPD,LMP,LMP_PRC,KLG_GNODEDIL,ALL,1,95.88321,1,1
2022-09-01T10:00:00-00:00,2022-09-01T10:15:00-00:00,2022-09-01,04,KLG_GNODEDIL,KLG_GNODEDIL,KLG_GNODEDIL,RTPD,LMP,LMP_PRC,KLG_GNODEDIL,ALL,1,95.56061,1,1
2022-09-01T11:00:00-00:00,2022-09-01T11:15:00-00:00,2022-09-01,05,KLG_GNODEDIL,KLG_GNODEDIL,KLG_GNODEDIL,RTPD,LMP,LMP_PRC,KLG_GNODEDIL,ALL,1,103.20572,1,1
2022-09-01T12:00:00-00:00,2022-09-01T12:15:00-00:00,2022-09-01,06,KLG_GNODEDIL,KLG_GNODEDIL,KLG_GNODEDIL,RTPD,LMP,LMP_PRC,KLG_GNODEDIL,ALL,1,86.99332,1,1
2022-09-01T13:00:00-00:00,2022-09-01T13:15:00-00:00,2022-09-01,07,KLG_GNODEDIL,KLG_GNODEDIL,KLG_GNODEDIL,RTPD,LMP,LMP_PRC,KLG_GNODEDIL,ALL,1,88.89725,1,1
2022-09-01T14:00:00-00:00,2022-09-01T14:15:00-00:00,2022-09-01,08,KLG_GNODEDIL,KLG_GNODEDIL,KLG_GNODEDIL,RTPD,LMP,LMP_PRC,KLG_GNODEDIL,ALL,1,113.47765,1,1
2022-09-01T15:00:00-00:00,2022-09-01T15:15:00-00:00,2022-09-01,09,KLG_GNODEDIL,KLG_GNODEDIL,KLG_GNODEDIL,RTPD,LMP,LMP_PRC,KLG_GNODEDIL,ALL,1,97.4124,1,1
2022-09-01T16:00:00-00:00,2022-09-01T16:15:00-00:00,2022-09-01,10,KLG_GNODEDIL,KLG_GNODEDIL,KLG_GNODEDIL,RTPD,LMP,LMP_PRC,KLG_GNODEDIL,ALL,1,83.43645,1,1
2022-09-01T17:00:00-00:00,2022-09-01T17:15:00-00:00,2022-09-01,11,KLG_GNODEDIL,KLG_GNODEDIL,KLG_GNODEDIL,RTPD,LMP,LMP_PRC,KLG_GNODEDIL,ALL,1,80.58359,1,1
2022-09-01T18:00:00-00:00,2022-09-01T18:15:00-00:00,2022-09-01,12,KLG_GNODEDIL,KLG_GNODEDIL,KLG_GNODEDIL,RTPD,LMP,LMP_PRC,KLG_GNODEDIL,ALL,1,59.63174,1,1
2022-09-01T19:00:00-00:00,2022-09-01T19:15:00-00:00,2022-09-01,13,KLG_GNODEDIL,KLG_GNODEDIL,KLG_GNODEDIL,RTPD,LMP,LMP_PRC,KLG_GNODEDIL,ALL,1,73.90915,1,1
2022-09-01T20:00:00-00:00,2022-09-01T20:15:00-00:00,2022-09-01,14,KLG_GNODEDIL,KLG_GNODEDIL,KLG_GNODEDIL,RTPD,LMP,LMP_PRC,KLG_GNODEDIL,ALL,1,114.47529,1,1
2022-09-01T21:00:00-00:00,2022-09-01T21:15:00-00:00,2022-09-01,15,KLG_GNODEDIL,KLG_GNODEDIL,KLG_GNODEDIL,RTPD,LMP,LMP_PRC,KLG_GNODEDIL,ALL,1,128.4195,1,1
2022-09-01T22:00:00-00:00,2022-09-01T22:15:00-00:00,2022-09-01,16,KLG_GNODEDIL,KLG_GNODEDIL,KLG_GNODEDIL,RTPD,LMP,LMP_PRC,KLG_GNODEDIL,ALL,1,122.85337,1,1
2022-09-01T23:00:00-00:00,2022-09-01T23:15:00-00:00,2022-09-01,17,KLG_GNODEDIL,KLG_GNODEDIL,KLG_GNODEDIL,RTPD,LMP,LMP_PRC,KLG_GNODEDIL,ALL,1,219.4148,1,1
2022-09-02T00:00:00-00:00,2022-09-02T00:15:00-00:00,2022-09-01,18,KLG_GNODEDIL,KLG_GNODEDIL,KLG_GNODEDIL,RTPD,LMP,LMP_PRC,KLG_GNODEDIL,ALL,1,1132.6512,1,1
2022-09-02T01:00:00-00:00,2022-09-02T01:15:00-00:00,2022-09-01,19,KLG_GNODEDIL,KLG_GNODEDIL,KLG_GNODEDIL,RTPD,LMP,LMP_PRC,KLG_GNODEDIL,ALL,1,1240.0127,1,1
2022-09-02T02:00:00-00:00,2022-09-02T02:15:00-00:00,2022-09-01,20,KLG_GNODEDIL,KLG_GNODEDIL,KLG_GNODEDIL,RTPD,LMP,LMP_PRC,KLG_GNODEDIL,ALL,1,1991.671,1,1
2022-09-02T03:00:00-00:00,2022-09-02T03:15:00-00:00,2022-09-01,21,KLG_GNODEDIL,KLG_GNODEDIL,KLG_GNODEDIL,RTPD,LMP,LMP_PRC,KLG_GNODEDIL,ALL,1,1378.2323,1,1
2022-09-02T04:00:00-00:00,2022-09-02T04:15:00-00:00,2022-09-01,22,KLG_GNODEDIL,KLG_GNODEDIL,KLG_GNODEDIL,RTPD,LMP,LMP_PRC,KLG_GNODEDIL,ALL,1,266.51767,1,1
2022-09-02T05:00:00-00:00,2022-09-02T05:15:00-00:00,2022-09-01,23,KLG_GNODEDIL,KLG_GNODEDIL,KLG_GNODEDIL,RTPD,LMP,LMP_PRC,KLG_GNODEDIL,ALL,1,188.74521,1,1
2022-09-02T06:00:00-00:00,2022-09-02T06:15:00-00:00,2022-09-01,24,KLG_GNODEDIL,KLG_GNODEDIL,KLG_GNODEDIL,RTPD,LMP,LMP_PRC,KLG_GNODEDIL,ALL,1,162.02968,1,1
2022-09-01T07:15:00-00:00,2022-09-01T07:30:00-00:00,2022-09-01,01,KLG_GNODEDIL,KLG_GNODEDIL,KLG_GNODEDIL,RTPD,LMP,LMP_PRC,KLG_GNODEDIL,ALL,1,115.75621,2,1
2022-09-01T08:15:00-00:00,2022-09-01T08:30:00-00:00,2022-09-01,02,KLG_GNODEDIL,KLG_GNODEDIL,KLG_GNODEDIL,RTPD,LMP,LMP_PRC,KLG_GNODEDIL,ALL,1,114.63909,2,1
2022-09-01T09:15:00-00:00,2022-09-01T09:30:00-00:00,2022-09-01,03,KLG_GNODEDIL,KLG_GNODEDIL,KLG_GNODEDIL,RTPD,LMP,LMP_PRC,KLG_GNODEDIL,ALL,1,93.14907,2,1
2022-09-01T10:15:00-00:00,2022-09-01T10:30:00-00:00,2022-09-01,04,KLG_GNODEDIL,KLG_GNODEDIL,KLG_GNODEDIL,RTPD,LMP,LMP_PRC,KLG_GNODEDIL,ALL,1,92.24782,2,1
2022-09-01T11:15:00-00:00,2022-09-01T11:30:00-00:00,2022-09-01,05,KLG_GNODEDIL,KLG_GNODEDIL,KLG_GNODEDIL,RTPD,LMP,LMP_PRC,KLG_GNODEDIL,ALL,1,103.71034,2,1
2022-09-01T12:15:00-00:00,2022-09-01T12:30:00-00:00,2022-09-01,06,KLG_GNODEDIL,KLG_GNODEDIL,KLG_GNODEDIL,RTPD,LMP,LMP_PRC,KLG_GNODEDIL,ALL,1,103.2805,2,1
2022-09-01T13:15:00-00:00,2022-09-01T13:30:00-00:00,2022-09-01,07,KLG_GNODEDIL,KLG_GNODEDIL,KLG_GNODEDIL,RTPD,LMP,LMP_PRC,KLG_GNODEDIL,ALL,1,110.52414,2,1
2022-09-01T14:15:00-00:00,2022-09-01T14:30:00-00:00,2022-09-01,08,KLG_GNODEDIL,KLG_GNODEDIL,KLG_GNODEDIL,RTPD,LMP,LMP_PRC,KLG_GNODEDIL,ALL,1,107.02866,2,1
2022-09-01T15:15:00-00:00,2022-09-01T15:30:00-00:00,2022-09-01,09,KLG_GNODEDIL,KLG_GNODEDIL,KLG_GNODEDIL,RTPD,LMP,LMP_PRC,KLG_GNODEDIL,ALL,1,86.94,2,1
2022-09-01T16:15:00-00:00,2022-09-01T16:30:00-00:00,2022-09-01,10,KLG_GNODEDIL,KLG_GNODEDIL,KLG_GNODEDIL,RTPD,LMP,LMP_PRC,KLG_GNODEDIL,ALL,1,87.83857,2,1
2022-09-01T17:15:00-00:00,2022-09-01T17:30:00-00:00,2022-09-01,11,KLG_GNODEDIL,KLG_GNODEDIL,KLG_GNODEDIL,RTPD,LMP,LMP_PRC,KLG_GNODEDIL,ALL,1,79.30233,2,1
2022-09-01T18:15:00-00:00,2022-09-01T18:30:00-00:00,2022-09-01,12,KLG_GNODEDIL,KLG_GNODEDIL,KLG_GNODEDIL,RTPD,LMP,LMP_PRC,KLG_GNODEDIL,ALL,1,75.13314,2,1
2022-09-01T19:15:00-00:00,2022-09-01T19:30:00-00:00,2022-09-01,13,KLG_GNODEDIL,KLG_GNODEDIL,KLG_GNODEDIL,RTPD,LMP,LMP_PRC,KLG_GNODEDIL,ALL,1,76.24802,2,1
2022-09-01T20:15:00-00:00,2022-09-01T20:30:00-00:00,2022-09-01,14,KLG_GNODEDIL,KLG_GNODEDIL,KLG_GNODEDIL,RTPD,LMP,LMP_PRC,KLG_GNODEDIL,ALL,1,114.35435,2,1
2022-09-01T21:15:00-00:00,2022-09-01T21:30:00-00:00,2022-09-01,15,KLG_GNODEDIL,KLG_GNODEDIL,KLG_GNODEDIL,RTPD,LMP,LMP_PRC,KLG_GNODEDIL,ALL,1,120.67483,2,1
2022-09-01T22:15:00-00:00,2022-09-01T22:30:00-00:00,2022-09-01,16,KLG_GNODEDIL,KLG_GNODEDIL,KLG_GNODEDIL,RTPD,LMP,LMP_PRC,KLG_GNODEDIL,ALL,1,139.93927,2,1
2022-09-01T23:15:00-00:00,2022-09-01T23:30:00-00:00,2022-09-01,17,KLG_GNODEDIL,KLG_GNODEDIL,KLG_GNODEDIL,RTPD,LMP,LMP_PRC,KLG_GNODEDIL,ALL,1,264.61496,2,1
2022-09-02T00:15:00-00:00,2022-09-02T00:30:00-00:00,2022-09-01,18,KLG_GNODEDIL,KLG_GNODEDIL,KLG_GNODEDIL,RTPD,LMP,LMP_PRC,KLG_GNODEDIL,ALL,1,1042.4456,2,1
2022-09-02T01:15:00-00:00,2022-09-02T01:30:00-00:00,2022-09-01,19,KLG_GNODEDIL,KLG_GNODEDIL,KLG_GNODEDIL,RTPD,LMP,LMP_PRC,KLG_GNODEDIL,ALL,1,1999.9945,2,1
2022-09-02T02:15:00-00:00,2022-09-02T02:30:00-00:00,2022-09-01,20,KLG_GNODEDIL,KLG_GNODEDIL,KLG_GNODEDIL,RTPD,LMP,LMP_PRC,KLG_GNODEDIL,ALL,1,1991.671,2,1
2022-09-02T03:15:00-00:00,2022-09-02T03:30:00-00:00,2022-09-01,21,KLG_GNODEDIL,KLG_GNODEDIL,KLG_GNODEDIL,RTPD,LMP,LMP_PRC,KLG_GNODEDIL,ALL,1,567.0471,2,1
2022-09-02T04:15:00-00:00,2022-09-02T04:30:00-00:00,2022-09-01,22,KLG_GNODEDIL,KLG_GNODEDIL,KLG_GNODEDIL,RTPD,LMP,LMP_PRC,KLG_GNODEDIL,ALL,1,231.33437,2,1
2022-09-02T05:15:00-00:00,2022-09-02T05:30:00-00:00,2022-09-01,23,KLG_GNODEDIL,KLG_GNODEDIL,KLG_GNODEDIL,RTPD,LMP,LMP_PRC,KLG_GNODEDIL,ALL,1,161.2062,2,1
2022-09-02T06:15:00-00:00,2022-09-02T06:30:00-00:00,2022-09-01,24,KLG_GNODEDIL,KLG_GNODEDIL,KLG_GNODEDIL,RTPD,LMP,LMP_PRC,KLG_GNODEDIL,ALL,1,144.58997,2,1
2022-09-01T07:30:00-00:00,2022-09-01T07:45:00-00:00,2022-09-01,01,KLG_GNODEDIL,KLG_GNODEDIL,KLG_GNODEDIL,RTPD,LMP,LMP_PRC,KLG_GNODEDIL,ALL,1,103.16387,3,1
2022-09-01T08:30:00-00:00,2022-09-01T08:45:00-00:00,2022-09-01,02,KLG_GNODEDIL,KLG_GNODEDIL,KLG_GNODEDIL,RTPD,LMP,LMP_PRC,KLG_GNODEDIL,ALL,1,112.29057,3,1
2022-09-01T09:30:00-00:00,2022-09-01T09:45:00-00:00,2022-09-01,03,KLG_GNODEDIL,KLG_GNODEDIL,KLG_GNODEDIL,RTPD,LMP,LMP_PRC,KLG_GNODEDIL,ALL,1,92.8801,3,1
2022-09-01T10:30:00-00:00,2022-09-01T10:45:00-00:00,2022-09-01,04,KLG_GNODEDIL,KLG_GNODEDIL,KLG_GNODEDIL,RTPD,LMP,LMP_PRC,KLG_GNODEDIL,ALL,1,94.02431,3,1
2022-09-01T11:30:00-00:00,2022-09-01T11:45:00-00:00,2022-09-01,05,KLG_GNODEDIL,KLG_GNODEDIL,KLG_GNODEDIL,RTPD,LMP,LMP_PRC,KLG_GNODEDIL,ALL,1,103.60941,3,1
2022-09-01T12:30:00-00:00,2022-09-01T12:45:00-00:00,2022-09-01,06,KLG_GNODEDIL,KLG_GNODEDIL,KLG_GNODEDIL,RTPD,LMP,LMP_PRC,KLG_GNODEDIL,ALL,1,103.28658,3,1
2022-09-01T13:30:00-00:00,2022-09-01T13:45:00-00:00,2022-09-01,07,KLG_GNODEDIL,KLG_GNODEDIL,KLG_GNODEDIL,RTPD,LMP,LMP_PRC,KLG_GNODEDIL,ALL,1,111.87591,3,1
2022-09-01T14:30:00-00:00,2022-09-01T14:45:00-00:00,2022-09-01,08,KLG_GNODEDIL,KLG_GNODEDIL,KLG_GNODEDIL,RTPD,LMP,LMP_PRC,KLG_GNODEDIL,ALL,1,104.18542,3,1
2022-09-01T15:30:00-00:00,2022-09-01T15:45:00-00:00,2022-09-01,09,KLG_GNODEDIL,KLG_GNODEDIL,KLG_GNODEDIL,RTPD,LMP,LMP_PRC,KLG_GNODEDIL,ALL,1,86.14,3,1
2022-09-01T16:30:00-00:00,2022-09-01T16:45:00-00:00,2022-09-01,10,KLG_GNODEDIL,KLG_GNODEDIL,KLG_GNODEDIL,RTPD,LMP,LMP_PRC,KLG_GNODEDIL,ALL,1,75.30548,3,1
2022-09-01T17:30:00-00:00,2022-09-01T17:45:00-00:00,2022-09-01,11,KLG_GNODEDIL,KLG_GNODEDIL,KLG_GNODEDIL,RTPD,LMP,LMP_PRC,KLG_GNODEDIL,ALL,1,79.01045,3,1
2022-09-01T18:30:00-00:00,2022-09-01T18:45:00-00:00,2022-09-01,12,KLG_GNODEDIL,KLG_GNODEDIL,KLG_GNODEDIL,RTPD,LMP,LMP_PRC,KLG_GNODEDIL,ALL,1,79.91461,3,1
2022-09-01T19:30:00-00:00,2022-09-01T19:45:00-00:00,2022-09-01,13,KLG_GNODEDIL,KLG_GNODEDIL,KLG_GNODEDIL,RTPD,LMP,LMP_PRC,KLG_GNODEDIL,ALL,1,101.59087,3,1
2022-09-01T20:30:00-00:00,2022-09-01T20:45:00-00:00,2022-09-01,14,KLG_GNODEDIL,KLG_GNODEDIL,KLG_GNODEDIL,RTPD,LMP,LMP_PRC,KLG_GNODEDIL,ALL,1,117.1437,3,1
2022-09-01T21:30:00-00:00,2022-09-01T21:45:00-00:00,2022-09-01,15,KLG_GNODEDIL,KLG_GNODEDIL,KLG_GNODEDIL,RTPD,LMP,LMP_PRC,KLG_GNODEDIL,ALL,1,128.5525,3,1
2022-09-01T22:30:00-00:00,2022-09-01T22:45:00-00:00,2022-09-01,16,KLG_GNODEDIL,KLG_GNODEDIL,KLG_GNODEDIL,RTPD,LMP,LMP_PRC,KLG_GNODEDIL,ALL,1,157.75629,3,1
2022-09-01T23:30:00-00:00,2022-09-01T23:45:00-00:00,2022-09-01,17,KLG_GNODEDIL,KLG_GNODEDIL,KLG_GNODEDIL,RTPD,LMP,LMP_PRC,KLG_GNODEDIL,ALL,1,566.4828,3,1
2022-09-02T00:30:00-00:00,2022-09-02T00:45:00-00:00,2022-09-01,18,KLG_GNODEDIL,KLG_GNODEDIL,KLG_GNODEDIL,RTPD,LMP,LMP_PRC,KLG_GNODEDIL,ALL,1,1778.8517,3,1
2022-09-02T01:30:00-00:00,2022-09-02T01:45:00-00:00,2022-09-01,19,KLG_GNODEDIL,KLG_GNODEDIL,KLG_GNODEDIL,RTPD,LMP,LMP_PRC,KLG_GNODEDIL,ALL,1,1999.9944,3,1
2022-09-02T02:30:00-00:00,2022-09-02T02:45:00-00:00,2022-09-01,20,KLG_GNODEDIL,KLG_GNODEDIL,KLG_GNODEDIL,RTPD,LMP,LMP_PRC,KLG_GNODEDIL,ALL,1,1991.6698,3,1
2022-09-02T03:30:00-00:00,2022-09-02T03:45:00-00:00,2022-09-01,21,KLG_GNODEDIL,KLG_GNODEDIL,KLG_GNODEDIL,RTPD,LMP,LMP_PRC,KLG_GNODEDIL,ALL,1,229.52698,3,1
2022-09-02T04:30:00-00:00,2022-09-02T04:45:00-00:00,2022-09-01,22,KLG_GNODEDIL,KLG_GNODEDIL,KLG_GNODEDIL,RTPD,LMP,LMP_PRC,KLG_GNODEDIL,ALL,1,183.83888,3,1
2022-09-02T05:30:00-00:00,2022-09-02T05:45:00-00:00,2022-09-01,23,KLG_GNODEDIL,KLG_GNODEDIL,KLG_GNODEDIL,RTPD,LMP,LMP_PRC,KLG_GNODEDIL,ALL,1,134.57144,3,1
2022-09-02T06:30:00-00:00,2022-09-02T06:45:00-00:00,2022-09-01,24,KLG_GNODEDIL,KLG_GNODEDIL,KLG_GNODEDIL,RTPD,LMP,LMP_PRC,KLG_GNODEDIL,ALL,1,130.85864,3,1
2022-09-01T07:45:00-00:00,2022-09-01T08:00:00-00:00,2022-09-01,01,KLG_GNODEDIL,KLG_GNODEDIL,KLG_GNODEDIL,RTPD,LMP,LMP_PRC,KLG_GNODEDIL,ALL,1,91.07903,4,1
2022-09-01T08:45:00-00:00,2022-09-01T09:00:00-00:00,2022-09-01,02,KLG_GNODEDIL,KLG_GNODEDIL,KLG_GNODEDIL,RTPD,LMP,LMP_PRC,KLG_GNODEDIL,ALL,1,95.26046,4,1
2022-09-01T09:45:00-00:00,2022-09-01T10:00:00-00:00,2022-09-01,03,KLG_GNODEDIL,KLG_GNODEDIL,KLG_GNODEDIL,RTPD,LMP,LMP_PRC,KLG_GNODEDIL,ALL,1,92.88756,4,1
2022-09-01T10:45:00-00:00,2022-09-01T11:00:00-00:00,2022-09-01,04,KLG_GNODEDIL,KLG_GNODEDIL,KLG_GNODEDIL,RTPD,LMP,LMP_PRC,KLG_GNODEDIL,ALL,1,94.17923,4,1
2022-09-01T11:45:00-00:00,2022-09-01T12:00:00-00:00,2022-09-01,05,KLG_GNODEDIL,KLG_GNODEDIL,KLG_GNODEDIL,RTPD,LMP,LMP_PRC,KLG_GNODEDIL,ALL,1,107.0112,4,1
2022-09-01T12:45:00-00:00,2022-09-01T13:00:00-00:00,2022-09-01,06,KLG_GNODEDIL,KLG_GNODEDIL,KLG_GNODEDIL,RTPD,LMP,LMP_PRC,KLG_GNODEDIL,ALL,1,114.19081,4,1
2022-09-01T13:45:00-00:00,2022-09-01T14:00:00-00:00,2022-09-01,07,KLG_GNODEDIL,KLG_GNODEDIL,KLG_GNODEDIL,RTPD,LMP,LMP_PRC,KLG_GNODEDIL,ALL,1,111.4088,4,1
2022-09-01T14:45:00-00:00,2022-09-01T15:00:00-00:00,2022-09-01,08,KLG_GNODEDIL,KLG_GNODEDIL,KLG_GNODEDIL,RTPD,LMP,LMP_PRC,KLG_GNODEDIL,ALL,1,86.14,4,1
2022-09-01T15:45:00-00:00,2022-09-01T16:00:00-00:00,2022-09-01,09,KLG_GNODEDIL,KLG_GNODEDIL,KLG_GNODEDIL,RTPD,LMP,LMP_PRC,KLG_GNODEDIL,ALL,1,78.70196,4,1
2022-09-01T16:45:00-00:00,2022-09-01T17:00:00-00:00,2022-09-01,10,KLG_GNODEDIL,KLG_GNODEDIL,KLG_GNODEDIL,RTPD,LMP,LMP_PRC,KLG_GNODEDIL,ALL,1,79.09975,4,1
2022-09-01T17:45:00-00:00,2022-09-01T18:00:00-00:00,2022-09-01,11,KLG_GNODEDIL,KLG_GNODEDIL,KLG_GNODEDIL,RTPD,LMP,LMP_PRC,KLG_GNODEDIL,ALL,1,79.39552,4,1
2022-09-01T18:45:00-00:00,2022-09-01T19:00:00-00:00,2022-09-01,12,KLG_GNODEDIL,KLG_GNODEDIL,KLG_GNODEDIL,RTPD,LMP,LMP_PRC,KLG_GNODEDIL,ALL,1,82.00197,4,1
2022-09-01T19:45:00-00:00,2022-09-01T20:00:00-00:00,2022-09-01,13,KLG_GNODEDIL,KLG_GNODEDIL,KLG_GNODEDIL,RTPD,LMP,LMP_PRC,KLG_GNODEDIL,ALL,1,106.71573,4,1
2022-09-01T20:45:00-00:00,2022-09-01T21:00:00-00:00,2022-09-01,14,KLG_GNODEDIL,KLG_GNODEDIL,KLG_GNODEDIL,RTPD,LMP,LMP_PRC,KLG_GNODEDIL,ALL,1,125.9596,4,1
2022-09-01T21:45:00-00:00,2022-09-01T22:00:00-00:00,2022-09-01,15,KLG_GNODEDIL,KLG_GNODEDIL,KLG_GNODEDIL,RTPD,LMP,LMP_PRC,KLG_GNODEDIL,ALL,1,211.72366,4,1
2022-09-01T22:45:00-00:00,2022-09-01T23:00:00-00:00,2022-09-01,16,KLG_GNODEDIL,KLG_GNODEDIL,KLG_GNODEDIL,RTPD,LMP,LMP_PRC,KLG_GNODEDIL,ALL,1,176.18706,4,1
2022-09-01T23:45:00-00:00,2022-09-02T00:00:00-00:00,2022-09-01,17,KLG_GNODEDIL,KLG_GNODEDIL,KLG_GNODEDIL,RTPD,LMP,LMP_PRC,KLG_GNODEDIL,ALL,1,1652.9581,4,1
2022-09-02T00:45:00-00:00,2022-09-02T01:00:00-00:00,2022-09-01,18,KLG_GNODEDIL,KLG_GNODEDIL,KLG_GNODEDIL,RTPD,LMP,LMP_PRC,KLG_GNODEDIL,ALL,1,1802.3091,4,1
2022-09-02T01:45:00-00:00,2022-09-02T02:00:00-00:00,2022-09-01,19,KLG_GNODEDIL,KLG_GNODEDIL,KLG_GNODEDIL,RTPD,LMP,LMP_PRC,KLG_GNODEDIL,ALL,1,1991.9325,4,1
2022-09-02T02:45:00-00:00,2022-09-02T03:00:00-00:00,2022-09-01,20,KLG_GNODEDIL,KLG_GNODEDIL,KLG_GNODEDIL,RTPD,LMP,LMP_PRC,KLG_GNODEDIL,ALL,1,1848.9258,4,1
2022-09-02T03:45:00-00:00,2022-09-02T04:00:00-00:00,2022-09-01,21,KLG_GNODEDIL,KLG_GNODEDIL,KLG_GNODEDIL,RTPD,LMP,LMP_PRC,KLG_GNODEDIL,ALL,1,166.80785,4,1
2022-09-02T04:45:00-00:00,2022-09-02T05:00:00-00:00,2022-09-01,22,KLG_GNODEDIL,KLG_GNODEDIL,KLG_GNODEDIL,RTPD,LMP,LMP_PRC,KLG_GNODEDIL,ALL,1,129.93405,4,1
2022-09-02T05:45:00-00:00,2022-09-02T06:00:00-00:00,2022-09-01,23,KLG_GNODEDIL,KLG_GNODEDIL,KLG_GNODEDIL,RTPD,LMP,LMP_PRC,KLG_GNODEDIL,ALL,1,117.53061,4,1
2022-09-02T06:45:00-00:00,2022-09-02T07:00:00-00:00,2022-09-01,24,KLG_GNODEDIL,KLG_GNODEDIL,KLG_GNODEDIL,RTPD,LMP,LMP_PRC,KLG_GNODEDIL,ALL,1,111.33392,4,1
2022-09-01T07:00:00-00:00,2022-09-01T07:15:00-00:00,2022-09-01,01,KLG_GNODEDIL,KLG_GNODEDIL,KLG_GNODEDIL,RTPD,MCC,LMP_CONG_PRC,KLG_GNODEDIL,ALL,1,-16.15772,1,2
2022-09-01T08:00:00-00:00,2022-09-01T08:15:00-00:00,2022-09-01,02,KLG_GNODEDIL,KLG_GNODEDIL,KLG_GNODEDIL,RTPD,MCC,LMP_CONG_PRC,KLG_GNODEDIL,ALL,1,-3.26562,1,2
2022-09-01T09:00:00-00:00,2022-09-01T09:15:00-00:00,2022-09-01,03,KLG_GNODEDIL,KLG_GNODEDIL,KLG_GNODEDIL,RTPD,MCC,LMP_CONG_PRC,KLG_GNODEDIL,ALL,1,-4.37598,1,2
2022-09-01T10:00:00-00:00,2022-09-01T10:15:00-00:00,2022-09-01,04,KLG_GNODEDIL,KLG_GNODEDIL,KLG_GNODEDIL,RTPD,MCC,LMP_CONG_PRC,KLG_GNODEDIL,ALL,1,-3.80171,1,2
2022-09-01T11:00:00-00:00,2022-09-01T11:15:00-00:00,2022-09-01,05,KLG_GNODEDIL,KLG_GNODEDIL,KLG_GNODEDIL,RTPD,MCC,LMP_CONG_PRC,KLG_GNODEDIL,ALL,1,0.0012,1,2
2022-09-01T12:00:00-00:00,2022-09-01T12:15:00-00:00,2022-09-01,06,KLG_GNODEDIL,KLG_GNODEDIL,KLG_GNODEDIL,RTPD,MCC,LMP_CONG_PRC,KLG_GNODEDIL,ALL,1,-9.74069,1,2
2022-09-01T13:00:00-00:00,2022-09-01T13:15:00-00:00,2022-09-01,07,KLG_GNODEDIL,KLG_GNODEDIL,KLG_GNODEDIL,RTPD,MCC,LMP_CONG_PRC,KLG_GNODEDIL,ALL,1,-12.91153,1,2
2022-09-01T14:00:00-00:00,2022-09-01T14:15:00-00:00,2022-09-01,08,KLG_GNODEDIL,KLG_GNODEDIL,KLG_GNODEDIL,RTPD,MCC,LMP_CONG_PRC,KLG_GNODEDIL,ALL,1,-0.0012,1,2
2022-09-01T15:00:00-00:00,2022-09-01T15:15:00-00:00,2022-09-01,09,KLG_GNODEDIL,KLG_GNODEDIL,KLG_GNODEDIL,RTPD,MCC,LMP_CONG_PRC,KLG_GNODEDIL,ALL,1,0.0012,1,2
2022-09-01T16:00:00-00:00,2022-09-01T16:15:00-00:00,2022-09-01,10,KLG_GNODEDIL,KLG_GNODEDIL,KLG_GNODEDIL,RTPD,MCC,LMP_CONG_PRC,KLG_GNODEDIL,ALL,1,0.0012,1,2
2022-09-01T17:00:00-00:00,2022-09-01T17:15:00-00:00,2022-09-01,11,KLG_GNODEDIL,KLG_GNODEDIL,KLG_GNODEDIL,RTPD,MCC,LMP_CONG_PRC,KLG_GNODEDIL,ALL,1,-16.36538,1,2
2022-09-01T18:00:00-00:00,2022-09-01T18:15:00-00:00,2022-09-01,12,KLG_GNODEDIL,KLG_GNODEDIL,KLG_GNODEDIL,RTPD,MCC,LMP_CONG_PRC,KLG_GNODEDIL,ALL,1,-31.96117,1,2
2022-09-01T19:00:00-00:00,2022-09-01T19:15:00-00:00,2022-09-01,13,KLG_GNODEDIL,KLG_GNODEDIL,KLG_GNODEDIL,RTPD,MCC,LMP_CONG_PRC,KLG_GNODEDIL,ALL,1,-35.28722,1,2
2022-09-01T20:00:00-00:00,2022-09-01T20:15:00-00:00,2022-09-01,14,KLG_GNODEDIL,KLG_GNODEDIL,KLG_GNODEDIL,RTPD,MCC,LMP_CONG_PRC,KLG_GNODEDIL,ALL,1,-3.4683,1,2
2022-09-01T21:00:00-00:00,2022-09-01T21:15:00-00:00,2022-09-01,15,KLG_GNODEDIL,KLG_GNODEDIL,KLG_GNODEDIL,RTPD,MCC,LMP_CONG_PRC,KLG_GNODEDIL,ALL,1,-98.1955,1,2
2022-09-01T22:00:00-00:00,2022-09-01T22:15:00-00:00,2022-09-01,16,KLG_GNODEDIL,KLG_GNODEDIL,KLG_GNODEDIL,RTPD,MCC,LMP_CONG_PRC,KLG_GNODEDIL,ALL,1,-106.33213,1,2
2022-09-01T23:00:00-00:00,2022-09-01T23:15:00-00:00,2022-09-01,17,KLG_GNODEDIL,KLG_GNODEDIL,KLG_GNODEDIL,RTPD,MCC,LMP_CONG_PRC,KLG_GNODEDIL,ALL,1,-167.33891,1,2
2022-09-02T00:00:00-00:00,2022-09-02T00:15:00-00:00,2022-09-01,18,KLG_GNODEDIL,KLG_GNODEDIL,KLG_GNODEDIL,RTPD,MCC,LMP_CONG_PRC,KLG_GNODEDIL,ALL,1,327.62497,1,2
2022-09-02T01:00:00-00:00,2022-09-02T01:15:00-00:00,2022-09-01,19,KLG_GNODEDIL,KLG_GNODEDIL,KLG_GNODEDIL,RTPD,MCC,LMP_CONG_PRC,KLG_GNODEDIL,ALL,1,323.74142,1,2
2022-09-02T02:00:00-00:00,2022-09-02T02:15:00-00:00,2022-09-01,20,KLG_GNODEDIL,KLG_GNODEDIL,KLG_GNODEDIL,RTPD,MCC,LMP_CONG_PRC,KLG_GNODEDIL,ALL,1,-0.0012,1,2
2022-09-02T03:00:00-00:00,2022-09-02T03:15:00-00:00,2022-09-01,21,KLG_GNODEDIL,KLG_GNODEDIL,KLG_GNODEDIL,RTPD,MCC,LMP_CONG_PRC,KLG_GNODEDIL,ALL,1,402.7842,1,2
2022-09-02T04:00:00-00:00,2022-09-02T04:15:00-00:00,2022-09-01,22,KLG_GNODEDIL,KLG_GNODEDIL,KLG_GNODEDIL,RTPD,MCC,LMP_CONG_PRC,KLG_GNODEDIL,ALL,1,-0.0012,1,2
2022-09-02T05:00:00-00:00,2022-09-02T05:15:00-00:00,2022-09-01,23,KLG_GNODEDIL,KLG_GNODEDIL,KLG_GNODEDIL,RTPD,MCC,LMP_CONG_PRC,KLG_GNODEDIL,ALL,1,0.0012,1,2
2022-09-02T06:00:00-00:00,2022-09-02T06:15:00-00:00,2022-09-01,24,KLG_GNODEDIL,KLG_GNODEDIL,KLG_GNODEDIL,RTPD,MCC,LMP_CONG_PRC,KLG_GNODEDIL,ALL,1,0.0012,1,2
2022-09-01T07:15:00-00:00,2022-09-01T07:30:00-00:00,2022-09-01,01,KLG_GNODEDIL,KLG_GNODEDIL,KLG_GNODEDIL,RTPD,MCC,LMP_CONG_PRC,KLG_GNODEDIL,ALL,1,-9.79523,2,2
2022-09-01T08:15:00-00:00,2022-09-01T08:30:00-00:00,2022-09-01,02,KLG_GNODEDIL,KLG_GNODEDIL,KLG_GNODEDIL,RTPD,MCC,LMP_CONG_PRC,KLG_GNODEDIL,ALL,1,-0.89256,2,2
2022-09-01T09:15:00-00:00,2022-09-01T09:30:00-00:00,2022-09-01,03,KLG_GNODEDIL,KLG_GNODEDIL,KLG_GNODEDIL,RTPD,MCC,LMP_CONG_PRC,KLG_GNODEDIL,ALL,1,-5.76586,2,2
2022-09-01T10:15:00-00:00,2022-09-01T10:30:00-00:00,2022-09-01,04,KLG_GNODEDIL,KLG_GNODEDIL,KLG_GNODEDIL,RTPD,MCC,LMP_CONG_PRC,KLG_GNODEDIL,ALL,1,-5.37987,2,2
2022-09-01T11:15:00-00:00,2022-09-01T11:30:00-00:00,2022-09-01,05,KLG_GNODEDIL,KLG_GNODEDIL,KLG_GNODEDIL,RTPD,MCC,LMP_CONG_PRC,KLG_GNODEDIL,ALL,1,0.0012,2,2
2022-09-01T12:15:00-00:00,2022-09-01T12:30:00-00:00,2022-09-01,06,KLG_GNODEDIL,KLG_GNODEDIL,KLG_GNODEDIL,RTPD,MCC,LMP_CONG_PRC,KLG_GNODEDIL,ALL,1,-5.95408,2,2
2022-09-01T13:15:00-00:00,2022-09-01T13:30:00-00:00,2022-09-01,07,KLG_GNODEDIL,KLG_GNODEDIL,KLG_GNODEDIL,RTPD,MCC,LMP_CONG_PRC,KLG_GNODEDIL,ALL,1,-0.55401,2,2
2022-09-01T14:15:00-00:00,2022-09-01T14:30:00-00:00,2022-09-01,08,KLG_GNODEDIL,KLG_GNODEDIL,KLG_GNODEDIL,RTPD,MCC,LMP_CONG_PRC,KLG_GNODEDIL,ALL,1,-0.0012,2,2
2022-09-01T15:15:00-00:00,2022-09-01T15:30:00-00:00,2022-09-01,09,KLG_GNODEDIL,KLG_GNODEDIL,KLG_GNODEDIL,RTPD,MCC,LMP_CONG_PRC,KLG_GNODEDIL,ALL,1,0.0012,2,2
2022-09-01T16:15:00-00:00,2022-09-01T16:30:00-00:00,2022-09-01,10,KLG_GNODEDIL,KLG_GNODEDIL,KLG_GNODEDIL,RTPD,MCC,LMP_CONG_PRC,KLG_GNODEDIL,ALL,1,-1.61001,2,2
2022-09-01T17:15:00-00:00,2022-09-01T17:30:00-00:00,2022-09-01,11,KLG_GNODEDIL,KLG_GNODEDIL,KLG_GNODEDIL,RTPD,MCC,LMP_CONG_PRC,KLG_GNODEDIL,ALL,1,-20.0444,2,2
2022-09-01T18:15:00-00:00,2022-09-01T18:30:00-00:00,2022-09-01,12,KLG_GNODEDIL,KLG_GNODEDIL,KLG_GNODEDIL,RTPD,MCC,LMP_CONG_PRC,KLG_GNODEDIL,ALL,1,-26.02588,2,2
2022-09-01T19:15:00-00:00,2022-09-01T19:30:00-00:00,2022-09-01,13,KLG_GNODEDIL,KLG_GNODEDIL,KLG_GNODEDIL,RTPD,MCC,LMP_CONG_PRC,KLG_GNODEDIL,ALL,1,-29.05786,2,2
2022-09-01T20:15:00-00:00,2022-09-01T20:30:00-00:00,2022-09-01,14,KLG_GNODEDIL,KLG_GNODEDIL,KLG_GNODEDIL,RTPD,MCC,LMP_CONG_PRC,KLG_GNODEDIL,ALL,1,-3.13986,2,2
2022-09-01T21:15:00-00:00,2022-09-01T21:30:00-00:00,2022-09-01,15,KLG_GNODEDIL,KLG_GNODEDIL,KLG_GNODEDIL,RTPD,MCC,LMP_CONG_PRC,KLG_GNODEDIL,ALL,1,-26.53702,2,2
2022-09-01T22:15:00-00:00,2022-09-01T22:30:00-00:00,2022-09-01,16,KLG_GNODEDIL,KLG_GNODEDIL,KLG_GNODEDIL,RTPD,MCC,LMP_CONG_PRC,KLG_GNODEDIL,ALL,1,-116.64805,2,2
2022-09-01T23:15:00-00:00,2022-09-01T23:30:00-00:00,2022-09-01,17,KLG_GNODEDIL,KLG_GNODEDIL,KLG_GNODEDIL,RTPD,MCC,LMP_CONG_PRC,KLG_GNODEDIL,ALL,1,-97.50914,2,2
2022-09-02T00:15:00-00:00,2022-09-02T00:30:00-00:00,2022-09-01,18,KLG_GNODEDIL,KLG_GNODEDIL,KLG_GNODEDIL,RTPD,MCC,LMP_CONG_PRC,KLG_GNODEDIL,ALL,1,318.87836,2,2
2022-09-02T01:15:00-00:00,2022-09-02T01:30:00-00:00,2022-09-01,19,KLG_GNODEDIL,KLG_GNODEDIL,KLG_GNODEDIL,RTPD,MCC,LMP_CONG_PRC,KLG_GNODEDIL,ALL,1,0.0012,2,2
2022-09-02T02:15:00-00:00,2022-09-02T02:30:00-00:00,2022-09-01,20,KLG_GNODEDIL,KLG_GNODEDIL,KLG_GNODEDIL,RTPD,MCC,LMP_CONG_PRC,KLG_GNODEDIL,ALL,1,-0.0012,2,2
2022-09-02T03:15:00-00:00,2022-09-02T03:30:00-00:00,2022-09-01,21,KLG_GNODEDIL,KLG_GNODEDIL,KLG_GNODEDIL,RTPD,MCC,LMP_CONG_PRC,KLG_GNODEDIL,ALL,1,141.2049,2,2
2022-09-02T04:15:00-00:00,2022-09-02T04:30:00-00:00,2022-09-01,22,KLG_GNODEDIL,KLG_GNODEDIL,KLG_GNODEDIL,RTPD,MCC,LMP_CONG_PRC,KLG_GNODEDIL,ALL,1,-0.0012,2,2
2022-09-02T05:15:00-00:00,2022-09-02T05:30:00-00:00,2022-09-01,23,KLG_GNODEDIL,KLG_GNODEDIL,KLG_GNODEDIL,RTPD,MCC,LMP_CONG_PRC,KLG_GNODEDIL,ALL,1,0.0012,2,2
2022-09-02T06:15:00-00:00,2022-09-02T06:30:00-00:00,2022-09-01,24,KLG_GNODEDIL,KLG_GNODEDIL,KLG_GNODEDIL,RTPD,MCC,LMP_CONG_PRC,KLG_GNODEDIL,ALL,1,0.0012,2,2
2022-09-01T07:30:00-00:00,2022-09-01T07:45:00-00:00,2022-09-01,01,KLG_GNODEDIL,KLG_GNODEDIL,KLG_GNODEDIL,RTPD,MCC,LMP_CONG_PRC,KLG_GNODEDIL,ALL,1,-15.86809,3,2
2022-09-01T08:30:00-00:00,2022-09-01T08:45:00-00:00,2022-09-01,02,KLG_GNODEDIL,KLG_GNODEDIL,KLG_GNODEDIL,RTPD,MCC,LMP_CONG_PRC,KLG_GNODEDIL,ALL,1,0.00035,3,2
2022-09-01T09:30:00-00:00,2022-09-01T09:45:00-00:00,2022-09-01,03,KLG_GNODEDIL,KLG_GNODEDIL,KLG_GNODEDIL,RTPD,MCC,LMP_CONG_PRC,KLG_GNODEDIL,ALL,1,-5.7141,3,2
2022-09-01T10:30:00-00:00,2022-09-01T10:45:00-00:00,2022-09-01,04,KLG_GNODEDIL,KLG_GNODEDIL,KLG_GNODEDIL,RTPD,MCC,LMP_CONG_PRC,KLG_GNODEDIL,ALL,1,-3.0414,3,2
2022-09-01T11:30:00-00:00,2022-09-01T11:45:00-00:00,2022-09-01,05,KLG_GNODEDIL,KLG_GNODEDIL,KLG_GNODEDIL,RTPD,MCC,LMP_CONG_PRC,KLG_GNODEDIL,ALL,1,0.0012,3,2
2022-09-01T12:30:00-00:00,2022-09-01T12:45:00-00:00,2022-09-01,06,KLG_GNODEDIL,KLG_GNODEDIL,KLG_GNODEDIL,RTPD,MCC,LMP_CONG_PRC,KLG_GNODEDIL,ALL,1,-10.31017,3,2
2022-09-01T13:30:00-00:00,2022-09-01T13:45:00-00:00,2022-09-01,07,KLG_GNODEDIL,KLG_GNODEDIL,KLG_GNODEDIL,RTPD,MCC,LMP_CONG_PRC,KLG_GNODEDIL,ALL,1,-0.0012,3,2
2022-09-01T14:30:00-00:00,2022-09-01T14:45:00-00:00,2022-09-01,08,KLG_GNODEDIL,KLG_GNODEDIL,KLG_GNODEDIL,RTPD,MCC,LMP_CONG_PRC,KLG_GNODEDIL,ALL,1,-0.0012,3,2
2022-09-01T15:30:00-00:00,2022-09-01T15:45:00-00:00,2022-09-01,09,KLG_GNODEDIL,KLG_GNODEDIL,KLG_GNODEDIL,RTPD,MCC,LMP_CONG_PRC,KLG_GNODEDIL,ALL,1,0.0012,3,2
2022-09-01T16:30:00-00:00,2022-09-01T16:45:00-00:00,2022-09-01,10,KLG_GNODEDIL,KLG_GNODEDIL,KLG_GNODEDIL,RTPD,MCC,LMP_CONG_PRC,KLG_GNODEDIL,ALL,1,-13.49096,3,2
2022-09-01T17:30:00-00:00,2022-09-01T17:45:00-00:00,2022-09-01,11,KLG_GNODEDIL,KLG_GNODEDIL,KLG_GNODEDIL,RTPD,MCC,LMP_CONG_PRC,KLG_GNODEDIL,ALL,1,-20.11968,3,2
2022-09-01T18:30:00-00:00,2022-09-01T18:45:00-00:00,2022-09-01,12,KLG_GNODEDIL,KLG_GNODEDIL,KLG_GNODEDIL,RTPD,MCC,LMP_CONG_PRC,KLG_GNODEDIL,ALL,1,-27.14257,3,2
2022-09-01T19:30:00-00:00,2022-09-01T19:45:00-00:00,2022-09-01,13,KLG_GNODEDIL,KLG_GNODEDIL,KLG_GNODEDIL,RTPD,MCC,LMP_CONG_PRC,KLG_GNODEDIL,ALL,1,-12.46818,3,2
2022-09-01T20:30:00-00:00,2022-09-01T20:45:00-00:00,2022-09-01,14,KLG_GNODEDIL,KLG_GNODEDIL,KLG_GNODEDIL,RTPD,MCC,LMP_CONG_PRC,KLG_GNODEDIL,ALL,1,-12.67234,3,2
2022-09-01T21:30:00-00:00,2022-09-01T21:45:00-00:00,2022-09-01,15,KLG_GNODEDIL,KLG_GNODEDIL,KLG_GNODEDIL,RTPD,MCC,LMP_CONG_PRC,KLG_GNODEDIL,ALL,1,-24.37807,3,2
2022-09-01T22:30:00-00:00,2022-09-01T22:45:00-00:00,2022-09-01,16,KLG_GNODEDIL,KLG_GNODEDIL,KLG_GNODEDIL,RTPD,MCC,LMP_CONG_PRC,KLG_GNODEDIL,ALL,1,-125.42553,3,2
2022-09-01T23:30:00-00:00,2022-09-01T23:45:00-00:00,2022-09-01,17,KLG_GNODEDIL,KLG_GNODEDIL,KLG_GNODEDIL,RTPD,MCC,LMP_CONG_PRC,KLG_GNODEDIL,ALL,1,0.0012,3,2
2022-09-02T00:30:00-00:00,2022-09-02T00:45:00-00:00,2022-09-01,18,KLG_GNODEDIL,KLG_GNODEDIL,KLG_GNODEDIL,RTPD,MCC,LMP_CONG_PRC,KLG_GNODEDIL,ALL,1,449.739,3,2
2022-09-02T01:30:00-00:00,2022-09-02T01:45:00-00:00,2022-09-01,19,KLG_GNODEDIL,KLG_GNODEDIL,KLG_GNODEDIL,RTPD,MCC,LMP_CONG_PRC,KLG_GNODEDIL,ALL,1,-0.0012,3,2
2022-09-02T02:30:00-00:00,2022-09-02T02:45:00-00:00,2022-09-01,20,KLG_GNODEDIL,KLG_GNODEDIL,KLG_GNODEDIL,RTPD,MCC,LMP_CONG_PRC,KLG_GNODEDIL,ALL,1,-0.0012,3,2
2022-09-02T03:30:00-00:00,2022-09-02T03:45:00-00:00,2022-09-01,21,KLG_GNODEDIL,KLG_GNODEDIL,KLG_GNODEDIL,RTPD,MCC,LMP_CONG_PRC,KLG_GNODEDIL,ALL,1,31.76773,3,2
2022-09-02T04:30:00-00:00,2022-09-02T04:45:00-00:00,2022-09-01,22,KLG_GNODEDIL,KLG_GNODEDIL,KLG_GNODEDIL,RTPD,MCC,LMP_CONG_PRC,KLG_GNODEDIL,ALL,1,-0.0012,3,2
2022-09-02T05:30:00-00:00,2022-09-02T05:45:00-00:00,2022-09-01,23,KLG_GNODEDIL,KLG_GNODEDIL,KLG_GNODEDIL,RTPD,MCC,LMP_CONG_PRC,KLG_GNODEDIL,ALL,1,0.0012,3,2
2022-09-02T06:30:00-00:00,2022-09-02T06:45:00-00:00,2022-09-01,24,KLG_GNODEDIL,KLG_GNODEDIL,KLG_GNODEDIL,RTPD,MCC,LMP_CONG_PRC,KLG_GNODEDIL,ALL,1,0.0012,3,2
2022-09-01T07:45:00-00:00,2022-09-01T08:00:00-00:00,2022-09-01,01,KLG_GNODEDIL,KLG_GNODEDIL,KLG_GNODEDIL,RTPD,MCC,LMP_CONG_PRC,KLG_GNODEDIL,ALL,1,-18.04195,4,2
2022-09-01T08:45:00-00:00,2022-09-01T09:00:00-00:00,2022-09-01,02,KLG_GNODEDIL,KLG_GNODEDIL,KLG_GNODEDIL,RTPD,MCC,LMP_CONG_PRC,KLG_GNODEDIL,ALL,1,-4.40336,4,2
2022-09-01T09:45:00-00:00,2022-09-01T10:00:00-00:00,2022-09-01,03,KLG_GNODEDIL,KLG_GNODEDIL,KLG_GNODEDIL,RTPD,MCC,LMP_CONG_PRC,KLG_GNODEDIL,ALL,1,-5.08521,4,2
2022-09-01T10:45:00-00:00,2022-09-01T11:00:00-00:00,2022-09-01,04,KLG_GNODEDIL,KLG_GNODEDIL,KLG_GNODEDIL,RTPD,MCC,LMP_CONG_PRC,KLG_GNODEDIL,ALL,1,-1.194,4,2
2022-09-01T11:45:00-00:00,2022-09-01T12:00:00-00:00,2022-09-01,05,KLG_GNODEDIL,KLG_GNODEDIL,KLG_GNODEDIL,RTPD,MCC,LMP_CONG_PRC,KLG_GNODEDIL,ALL,1,0.0012,4,2
2022-09-01T12:45:00-00:00,2022-09-01T13:00:00-00:00,2022-09-01,06,KLG_GNODEDIL,KLG_GNODEDIL,KLG_GNODEDIL,RTPD,MCC,LMP_CONG_PRC,KLG_GNODEDIL,ALL,1,-2.29399,4,2
2022-09-01T13:45:00-00:00,2022-09-01T14:00:00-00:00,2022-09-01,07,KLG_GNODEDIL,KLG_GNODEDIL,KLG_GNODEDIL,RTPD,MCC,LMP_CONG_PRC,KLG_GNODEDIL,ALL,1,-0.0012,4,2
2022-09-01T14:45:00-00:00,2022-09-01T15:00:00-00:00,2022-09-01,08,KLG_GNODEDIL,KLG_GNODEDIL,KLG_GNODEDIL,RTPD,MCC,LMP_CONG_PRC,KLG_GNODEDIL,ALL,1,0.0012,4,2
2022-09-01T15:45:00-00:00,2022-09-01T16:00:00-00:00,2022-09-01,09,KLG_GNODEDIL,KLG_GNODEDIL,KLG_GNODEDIL,RTPD,MCC,LMP_CONG_PRC,KLG_GNODEDIL,ALL,1,0.0012,4,2
2022-09-01T16:45:00-00:00,2022-09-01T17:00:00-00:00,2022-09-01,10,KLG_GNODEDIL,KLG_GNODEDIL,KLG_GNODEDIL,RTPD,MCC,LMP_CONG_PRC,KLG_GNODEDIL,ALL,1,-12.14958,4,2
2022-09-01T17:45:00-00:00,2022-09-01T18:00:00-00:00,2022-09-01,11,KLG_GNODEDIL,KLG_GNODEDIL,KLG_GNODEDIL,RTPD,MCC,LMP_CONG_PRC,KLG_GNODEDIL,ALL,1,-19.80992,4,2
2022-09-01T18:45:00-00:00,2022-09-01T19:00:00-00:00,2022-09-01,12,KLG_GNODEDIL,KLG_GNODEDIL,KLG_GNODEDIL,RTPD,MCC,LMP_CONG_PRC,KLG_GNODEDIL,ALL,1,-27.03867,4,2
2022-09-01T19:45:00-00:00,2022-09-01T20:00:00-00:00,2022-09-01,13,KLG_GNODEDIL,KLG_GNODEDIL,KLG_GNODEDIL,RTPD,MCC,LMP_CONG_PRC,KLG_GNODEDIL,ALL,1,-13.50918,4,2
2022-09-01T20:45:00-00:00,2022-09-01T21:00:00-00:00,2022-09-01,14,KLG_GNODEDIL,KLG_GNODEDIL,KLG_GNODEDIL,RTPD,MCC,LMP_CONG_PRC,KLG_GNODEDIL,ALL,1,-28.0655,4,2
2022-09-01T21:45:00-00:00,2022-09-01T22:00:00-00:00,2022-09-01,15,KLG_GNODEDIL,KLG_GNODEDIL,KLG_GNODEDIL,RTPD,MCC,LMP_CONG_PRC,KLG_GNODEDIL,ALL,1,-88.57011,4,2
2022-09-01T22:45:00-00:00,2022-09-01T23:00:00-00:00,2022-09-01,16,KLG_GNODEDIL,KLG_GNODEDIL,KLG_GNODEDIL,RTPD,MCC,LMP_CONG_PRC,KLG_GNODEDIL,ALL,1,-253.72664,4,2
2022-09-01T23:45:00-00:00,2022-09-02T00:00:00-00:00,2022-09-01,17,KLG_GNODEDIL,KLG_GNODEDIL,KLG_GNODEDIL,RTPD,MCC,LMP_CONG_PRC,KLG_GNODEDIL,ALL,1,391.7457,4,2
2022-09-02T00:45:00-00:00,2022-09-02T01:00:00-00:00,2022-09-01,18,KLG_GNODEDIL,KLG_GNODEDIL,KLG_GNODEDIL,RTPD,MCC,LMP_CONG_PRC,KLG_GNODEDIL,ALL,1,283.16006,4,2
2022-09-02T01:45:00-00:00,2022-09-02T02:00:00-00:00,2022-09-01,19,KLG_GNODEDIL,KLG_GNODEDIL,KLG_GNODEDIL,RTPD,MCC,LMP_CONG_PRC,KLG_GNODEDIL,ALL,1,-0.0012,4,2
2022-09-02T02:45:00-00:00,2022-09-02T03:00:00-00:00,2022-09-01,20,KLG_GNODEDIL,KLG_GNODEDIL,KLG_GNODEDIL,RTPD,MCC,LMP_CONG_PRC,KLG_GNODEDIL,ALL,1,128.37167,4,2
2022-09-02T03:45:00-00:00,2022-09-02T04:00:00-00:00,2022-09-01,21,KLG_GNODEDIL,KLG_GNODEDIL,KLG_GNODEDIL,RTPD,MCC,LMP_CONG_PRC,KLG_GNODEDIL,ALL,1,18.50112,4,2
2022-09-02T04:45:00-00:00,2022-09-02T05:00:00-00:00,2022-09-01,22,KLG_GNODEDIL,KLG_GNODEDIL,KLG_GNODEDIL,RTPD,MCC,LMP_CONG_PRC,KLG_GNODEDIL,ALL,1,0.0012,4,2
2022-09-02T05:45:00-00:00,2022-09-02T06:00:00-00:00,2022-09-01,23,KLG_GNODEDIL,KLG_GNODEDIL,KLG_GNODEDIL,RTPD,MCC,LMP_CONG_PRC,KLG_GNODEDIL,ALL,1,-4.0853,4,2
2022-09-02T06:45:00-00:00,2022-09-02T07:00:00-00:00,2022-09-01,24,KLG_GNODEDIL,KLG_GNODEDIL,KLG_GNODEDIL,RTPD,MCC,LMP_CONG_PRC,KLG_GNODEDIL,ALL,1,0.0012,4,2
2022-09-01T07:00:00-00:00,2022-09-01T07:15:00-00:00,2022-09-01,01,KLG_GNODEDIL,KLG_GNODEDIL,KLG_GNODEDIL,RTPD,MCE,LMP_ENE_PRC,KLG_GNODEDIL,ALL,1,104.23471,1,3
2022-09-01T08:00:00-00:00,2022-09-01T08:15:00-00:00,2022-09-01,02,KLG_GNODEDIL,KLG_GNODEDIL,KLG_GNODEDIL,RTPD,MCE,LMP_ENE_PRC,KLG_GNODEDIL,ALL,1,115.5488,1,3
2022-09-01T09:00:00-00:00,2022-09-01T09:15:00-00:00,2022-09-01,03,KLG_GNODEDIL,KLG_GNODEDIL,KLG_GNODEDIL,RTPD,MCE,LMP_ENE_PRC,KLG_GNODEDIL,ALL,1,99.73061,1,3
2022-09-01T10:00:00-00:00,2022-09-01T10:15:00-00:00,2022-09-01,04,KLG_GNODEDIL,KLG_GNODEDIL,KLG_GNODEDIL,RTPD,MCE,LMP_ENE_PRC,KLG_GNODEDIL,ALL,1,98.64222,1,3
2022-09-01T11:00:00-00:00,2022-09-01T11:15:00-00:00,2022-09-01,05,KLG_GNODEDIL,KLG_GNODEDIL,KLG_GNODEDIL,RTPD,MCE,LMP_ENE_PRC,KLG_GNODEDIL,ALL,1,102.56859,1,3
2022-09-01T12:00:00-00:00,2022-09-01T12:15:00-00:00,2022-09-01,06,KLG_GNODEDIL,KLG_GNODEDIL,KLG_GNODEDIL,RTPD,MCE,LMP_ENE_PRC,KLG_GNODEDIL,ALL,1,96.90845,1,3
2022-09-01T13:00:00-00:00,2022-09-01T13:15:00-00:00,2022-09-01,07,KLG_GNODEDIL,KLG_GNODEDIL,KLG_GNODEDIL,RTPD,MCE,LMP_ENE_PRC,KLG_GNODEDIL,ALL,1,101.80878,1,3
2022-09-01T14:00:00-00:00,2022-09-01T14:15:00-00:00,2022-09-01,08,KLG_GNODEDIL,KLG_GNODEDIL,KLG_GNODEDIL,RTPD,MCE,LMP_ENE_PRC,KLG_GNODEDIL,ALL,1,111.11219,1,3
2022-09-01T15:00:00-00:00,2022-09-01T15:15:00-00:00,2022-09-01,09,KLG_GNODEDIL,KLG_GNODEDIL,KLG_GNODEDIL,RTPD,MCE,LMP_ENE_PRC,KLG_GNODEDIL,ALL,1,97.4112,1,3
2022-09-01T16:00:00-00:00,2022-09-01T16:15:00-00:00,2022-09-01,10,KLG_GNODEDIL,KLG_GNODEDIL,KLG_GNODEDIL,RTPD,MCE,LMP_ENE_PRC,KLG_GNODEDIL,ALL,1,83.43525,1,3
2022-09-01T17:00:00-00:00,2022-09-01T17:15:00-00:00,2022-09-01,11,KLG_GNODEDIL,KLG_GNODEDIL,KLG_GNODEDIL,RTPD,MCE,LMP_ENE_PRC,KLG_GNODEDIL,ALL,1,96.94897,1,3
2022-09-01T18:00:00-00:00,2022-09-01T18:15:00-00:00,2022-09-01,12,KLG_GNODEDIL,KLG_GNODEDIL,KLG_GNODEDIL,RTPD,MCE,LMP_ENE_PRC,KLG_GNODEDIL,ALL,1,91.59291,1,3
2022-09-01T19:00:00-00:00,2022-09-01T19:15:00-00:00,2022-09-01,13,KLG_GNODEDIL,KLG_GNODEDIL,KLG_GNODEDIL,RTPD,MCE,LMP_ENE_PRC,KLG_GNODEDIL,ALL,1,109.19637,1,3
2022-09-01T20:00:00-00:00,2022-09-01T20:15:00-00:00,2022-09-01,14,KLG_GNODEDIL,KLG_GNODEDIL,KLG_GNODEDIL,RTPD,MCE,LMP_ENE_PRC,KLG_GNODEDIL,ALL,1,117.94359,1,3
2022-09-01T21:00:00-00:00,2022-09-01T21:15:00-00:00,2022-09-01,15,KLG_GNODEDIL,KLG_GNODEDIL,KLG_GNODEDIL,RTPD,MCE,LMP_ENE_PRC,KLG_GNODEDIL,ALL,1,226.61499,1,3
2022-09-01T22:00:00-00:00,2022-09-01T22:15:00-00:00,2022-09-01,16,KLG_GNODEDIL,KLG_GNODEDIL,KLG_GNODEDIL,RTPD,MCE,LMP_ENE_PRC,KLG_GNODEDIL,ALL,1,229.18552,1,3
2022-09-01T23:00:00-00:00,2022-09-01T23:15:00-00:00,2022-09-01,17,KLG_GNODEDIL,KLG_GNODEDIL,KLG_GNODEDIL,RTPD,MCE,LMP_ENE_PRC,KLG_GNODEDIL,ALL,1,386.7537,1,3
2022-09-02T00:00:00-00:00,2022-09-02T00:15:00-00:00,2022-09-01,18,KLG_GNODEDIL,KLG_GNODEDIL,KLG_GNODEDIL,RTPD,MCE,LMP_ENE_PRC,KLG_GNODEDIL,ALL,1,770.58136,1,3
2022-09-02T01:00:00-00:00,2022-09-02T01:15:00-00:00,2022-09-01,19,KLG_GNODEDIL,KLG_GNODEDIL,KLG_GNODEDIL,RTPD,MCE,LMP_ENE_PRC,KLG_GNODEDIL,ALL,1,916.27124,1,3
2022-09-02T02:00:00-00:00,2022-09-02T02:15:00-00:00,2022-09-01,20,KLG_GNODEDIL,KLG_GNODEDIL,KLG_GNODEDIL,RTPD,MCE,LMP_ENE_PRC,KLG_GNODEDIL,ALL,1,1991.6721,1,3
2022-09-02T03:00:00-00:00,2022-09-02T03:15:00-00:00,2022-09-01,21,KLG_GNODEDIL,KLG_GNODEDIL,KLG_GNODEDIL,RTPD,MCE,LMP_ENE_PRC,KLG_GNODEDIL,ALL,1,917.5508,1,3
2022-09-02T04:00:00-00:00,2022-09-02T04:15:00-00:00,2022-09-01,22,KLG_GNODEDIL,KLG_GNODEDIL,KLG_GNODEDIL,RTPD,MCE,LMP_ENE_PRC,KLG_GNODEDIL,ALL,1,257.83005,1,3
2022-09-02T05:00:00-00:00,2022-09-02T05:15:00-00:00,2022-09-01,23,KLG_GNODEDIL,KLG_GNODEDIL,KLG_GNODEDIL,RTPD,MCE,LMP_ENE_PRC,KLG_GNODEDIL,ALL,1,183.24657,1,3
2022-09-02T06:00:00-00:00,2022-09-02T06:15:00-00:00,2022-09-01,24,KLG_GNODEDIL,KLG_GNODEDIL,KLG_GNODEDIL,RTPD,MCE,LMP_ENE_PRC,KLG_GNODEDIL,ALL,1,158.867,1,3
2022-09-01T07:15:00-00:00,2022-09-01T07:30:00-00:00,2022-09-01,01,KLG_GNODEDIL,KLG_GNODEDIL,KLG_GNODEDIL,RTPD,MCE,LMP_ENE_PRC,KLG_GNODEDIL,ALL,1,125.55144,2,3
2022-09-01T08:15:00-00:00,2022-09-01T08:30:00-00:00,2022-09-01,02,KLG_GNODEDIL,KLG_GNODEDIL,KLG_GNODEDIL,RTPD,MCE,LMP_ENE_PRC,KLG_GNODEDIL,ALL,1,115.53165,2,3
2022-09-01T09:15:00-00:00,2022-09-01T09:30:00-00:00,2022-09-01,03,KLG_GNODEDIL,KLG_GNODEDIL,KLG_GNODEDIL,RTPD,MCE,LMP_ENE_PRC,KLG_GNODEDIL,ALL,1,98.30543,2,3
2022-09-01T10:15:00-00:00,2022-09-01T10:30:00-00:00,2022-09-01,04,KLG_GNODEDIL,KLG_GNODEDIL,KLG_GNODEDIL,RTPD,MCE,LMP_ENE_PRC,KLG_GNODEDIL,ALL,1,97.00684,2,3
2022-09-01T11:15:00-00:00,2022-09-01T11:30:00-00:00,2022-09-01,05,KLG_GNODEDIL,KLG_GNODEDIL,KLG_GNODEDIL,RTPD,MCE,LMP_ENE_PRC,KLG_GNODEDIL,ALL,1,103.09059,2,3
2022-09-01T12:15:00-00:00,2022-09-01T12:30:00-00:00,2022-09-01,06,KLG_GNODEDIL,KLG_GNODEDIL,KLG_GNODEDIL,RTPD,MCE,LMP_ENE_PRC,KLG_GNODEDIL,ALL,1,109.32203,2,3
2022-09-01T13:15:00-00:00,2022-09-01T13:30:00-00:00,2022-09-01,07,KLG_GNODEDIL,KLG_GNODEDIL,KLG_GNODEDIL,RTPD,MCE,LMP_ENE_PRC,KLG_GNODEDIL,ALL,1,110.97827,2,3
2022-09-01T14:15:00-00:00,2022-09-01T14:30:00-00:00,2022-09-01,08,KLG_GNODEDIL,KLG_GNODEDIL,KLG_GNODEDIL,RTPD,MCE,LMP_ENE_PRC,KLG_GNODEDIL,ALL,1,104.78743,2,3
2022-09-01T15:15:00-00:00,2022-09-01T15:30:00-00:00,2022-09-01,09,KLG_GNODEDIL,KLG_GNODEDIL,KLG_GNODEDIL,RTPD,MCE,LMP_ENE_PRC,KLG_GNODEDIL,ALL,1,86.9388,2,3
2022-09-01T16:15:00-00:00,2022-09-01T16:30:00-00:00,2022-09-01,10,KLG_GNODEDIL,KLG_GNODEDIL,KLG_GNODEDIL,RTPD,MCE,LMP_ENE_PRC,KLG_GNODEDIL,ALL,1,89.44858,2,3
2022-09-01T17:15:00-00:00,2022-09-01T17:30:00-00:00,2022-09-01,11,KLG_GNODEDIL,KLG_GNODEDIL,KLG_GNODEDIL,RTPD,MCE,LMP_ENE_PRC,KLG_GNODEDIL,ALL,1,99.34673,2,3
2022-09-01T18:15:00-00:00,2022-09-01T18:30:00-00:00,2022-09-01,12,KLG_GNODEDIL,KLG_GNODEDIL,KLG_GNODEDIL,RTPD,MCE,LMP_ENE_PRC,KLG_GNODEDIL,ALL,1,101.15901,2,3
2022-09-01T19:15:00-00:00,2022-09-01T19:30:00-00:00,2022-09-01,13,KLG_GNODEDIL,KLG_GNODEDIL,KLG_GNODEDIL,RTPD,MCE,LMP_ENE_PRC,KLG_GNODEDIL,ALL,1,105.30588,2,3
2022-09-01T20:15:00-00:00,2022-09-01T20:30:00-00:00,2022-09-01,14,KLG_GNODEDIL,KLG_GNODEDIL,KLG_GNODEDIL,RTPD,MCE,LMP_ENE_PRC,KLG_GNODEDIL,ALL,1,117.49421,2,3
2022-09-01T21:15:00-00:00,2022-09-01T21:30:00-00:00,2022-09-01,15,KLG_GNODEDIL,KLG_GNODEDIL,KLG_GNODEDIL,RTPD,MCE,LMP_ENE_PRC,KLG_GNODEDIL,ALL,1,147.21185,2,3
2022-09-01T22:15:00-00:00,2022-09-01T22:30:00-00:00,2022-09-01,16,KLG_GNODEDIL,KLG_GNODEDIL,KLG_GNODEDIL,RTPD,MCE,LMP_ENE_PRC,KLG_GNODEDIL,ALL,1,256.58734,2,3
2022-09-01T23:15:00-00:00,2022-09-01T23:30:00-00:00,2022-09-01,17,KLG_GNODEDIL,KLG_GNODEDIL,KLG_GNODEDIL,RTPD,MCE,LMP_ENE_PRC,KLG_GNODEDIL,ALL,1,362.12408,2,3
2022-09-02T00:15:00-00:00,2022-09-02T00:30:00-00:00,2022-09-01,18,KLG_GNODEDIL,KLG_GNODEDIL,KLG_GNODEDIL,RTPD,MCE,LMP_ENE_PRC,KLG_GNODEDIL,ALL,1,691.2182,2,3
2022-09-02T01:15:00-00:00,2022-09-02T01:30:00-00:00,2022-09-01,19,KLG_GNODEDIL,KLG_GNODEDIL,KLG_GNODEDIL,RTPD,MCE,LMP_ENE_PRC,KLG_GNODEDIL,ALL,1,1999.9933,2,3
2022-09-02T02:15:00-00:00,2022-09-02T02:30:00-00:00,2022-09-01,20,KLG_GNODEDIL,KLG_GNODEDIL,KLG_GNODEDIL,RTPD,MCE,LMP_ENE_PRC,KLG_GNODEDIL,ALL,1,1991.6721,2,3
2022-09-02T03:15:00-00:00,2022-09-02T03:30:00-00:00,2022-09-01,21,KLG_GNODEDIL,KLG_GNODEDIL,KLG_GNODEDIL,RTPD,MCE,LMP_ENE_PRC,KLG_GNODEDIL,ALL,1,400.52884,2,3
2022-09-02T04:15:00-00:00,2022-09-02T04:30:00-00:00,2022-09-01,22,KLG_GNODEDIL,KLG_GNODEDIL,KLG_GNODEDIL,RTPD,MCE,LMP_ENE_PRC,KLG_GNODEDIL,ALL,1,224.75041,2,3
2022-09-02T05:15:00-00:00,2022-09-02T05:30:00-00:00,2022-09-01,23,KLG_GNODEDIL,KLG_GNODEDIL,KLG_GNODEDIL,RTPD,MCE,LMP_ENE_PRC,KLG_GNODEDIL,ALL,1,157.11986,2,3
2022-09-02T06:15:00-00:00,2022-09-02T06:30:00-00:00,2022-09-01,24,KLG_GNODEDIL,KLG_GNODEDIL,KLG_GNODEDIL,RTPD,MCE,LMP_ENE_PRC,KLG_GNODEDIL,ALL,1,143.1005,2,3
2022-09-01T07:30:00-00:00,2022-09-01T07:45:00-00:00,2022-09-01,01,KLG_GNODEDIL,KLG_GNODEDIL,KLG_GNODEDIL,RTPD,MCE,LMP_ENE_PRC,KLG_GNODEDIL,ALL,1,119.03196,3,3
2022-09-01T08:30:00-00:00,2022-09-01T08:45:00-00:00,2022-09-01,02,KLG_GNODEDIL,KLG_GNODEDIL,KLG_GNODEDIL,RTPD,MCE,LMP_ENE_PRC,KLG_GNODEDIL,ALL,1,111.11241,3,3
2022-09-01T09:30:00-00:00,2022-09-01T09:45:00-00:00,2022-09-01,03,KLG_GNODEDIL,KLG_GNODEDIL,KLG_GNODEDIL,RTPD,MCE,LMP_ENE_PRC,KLG_GNODEDIL,ALL,1,98.16228,3,3
2022-09-01T10:30:00-00:00,2022-09-01T10:45:00-00:00,2022-09-01,04,KLG_GNODEDIL,KLG_GNODEDIL,KLG_GNODEDIL,RTPD,MCE,LMP_ENE_PRC,KLG_GNODEDIL,ALL,1,96.36226,3,3
2022-09-01T11:30:00-00:00,2022-09-01T11:45:00-00:00,2022-09-01,05,KLG_GNODEDIL,KLG_GNODEDIL,KLG_GNODEDIL,RTPD,MCE,LMP_ENE_PRC,KLG_GNODEDIL,ALL,1,103.06198,3,3
2022-09-01T12:30:00-00:00,2022-09-01T12:45:00-00:00,2022-09-01,06,KLG_GNODEDIL,KLG_GNODEDIL,KLG_GNODEDIL,RTPD,MCE,LMP_ENE_PRC,KLG_GNODEDIL,ALL,1,113.57403,3,3
2022-09-01T13:30:00-00:00,2022-09-01T13:45:00-00:00,2022-09-01,07,KLG_GNODEDIL,KLG_GNODEDIL,KLG_GNODEDIL,RTPD,MCE,LMP_ENE_PRC,KLG_GNODEDIL,ALL,1,111.52025,3,3
2022-09-01T14:30:00-00:00,2022-09-01T14:45:00-00:00,2022-09-01,08,KLG_GNODEDIL,KLG_GNODEDIL,KLG_GNODEDIL,RTPD,MCE,LMP_ENE_PRC,KLG_GNODEDIL,ALL,1,101.83428,3,3
2022-09-01T15:30:00-00:00,2022-09-01T15:45:00-00:00,2022-09-01,09,KLG_GNODEDIL,KLG_GNODEDIL,KLG_GNODEDIL,RTPD,MCE,LMP_ENE_PRC,KLG_GNODEDIL,ALL,1,86.1388,3,3
2022-09-01T16:30:00-00:00,2022-09-01T16:45:00-00:00,2022-09-01,10,KLG_GNODEDIL,KLG_GNODEDIL,KLG_GNODEDIL,RTPD,MCE,LMP_ENE_PRC,KLG_GNODEDIL,ALL,1,88.79644,3,3
2022-09-01T17:30:00-00:00,2022-09-01T17:45:00-00:00,2022-09-01,11,KLG_GNODEDIL,KLG_GNODEDIL,KLG_GNODEDIL,RTPD,MCE,LMP_ENE_PRC,KLG_GNODEDIL,ALL,1,99.13013,3,3
2022-09-01T18:30:00-00:00,2022-09-01T18:45:00-00:00,2022-09-01,12,KLG_GNODEDIL,KLG_GNODEDIL,KLG_GNODEDIL,RTPD,MCE,LMP_ENE_PRC,KLG_GNODEDIL,ALL,1,107.05718,3,3
2022-09-01T19:30:00-00:00,2022-09-01T19:45:00-00:00,2022-09-01,13,KLG_GNODEDIL,KLG_GNODEDIL,KLG_GNODEDIL,RTPD,MCE,LMP_ENE_PRC,KLG_GNODEDIL,ALL,1,114.05905,3,3
2022-09-01T20:30:00-00:00,2022-09-01T20:45:00-00:00,2022-09-01,14,KLG_GNODEDIL,KLG_GNODEDIL,KLG_GNODEDIL,RTPD,MCE,LMP_ENE_PRC,KLG_GNODEDIL,ALL,1,129.81606,3,3
2022-09-01T21:30:00-00:00,2022-09-01T21:45:00-00:00,2022-09-01,15,KLG_GNODEDIL,KLG_GNODEDIL,KLG_GNODEDIL,RTPD,MCE,LMP_ENE_PRC,KLG_GNODEDIL,ALL,1,152.93057,3,3
2022-09-01T22:30:00-00:00,2022-09-01T22:45:00-00:00,2022-09-01,16,KLG_GNODEDIL,KLG_GNODEDIL,KLG_GNODEDIL,RTPD,MCE,LMP_ENE_PRC,KLG_GNODEDIL,ALL,1,283.18182,3,3
2022-09-01T23:30:00-00:00,2022-09-01T23:45:00-00:00,2022-09-01,17,KLG_GNODEDIL,KLG_GNODEDIL,KLG_GNODEDIL,RTPD,MCE,LMP_ENE_PRC,KLG_GNODEDIL,ALL,1,566.48157,3,3
2022-09-02T00:30:00-00:00,2022-09-02T00:45:00-00:00,2022-09-01,18,KLG_GNODEDIL,KLG_GNODEDIL,KLG_GNODEDIL,RTPD,MCE,LMP_ENE_PRC,KLG_GNODEDIL,ALL,1,1329.1127,3,3
2022-09-02T01:30:00-00:00,2022-09-02T01:45:00-00:00,2022-09-01,19,KLG_GNODEDIL,KLG_GNODEDIL,KLG_GNODEDIL,RTPD,MCE,LMP_ENE_PRC,KLG_GNODEDIL,ALL,1,1999.9956,3,3
2022-09-02T02:30:00-00:00,2022-09-02T02:45:00-00:00,2022-09-01,20,KLG_GNODEDIL,KLG_GNODEDIL,KLG_GNODEDIL,RTPD,MCE,LMP_ENE_PRC,KLG_GNODEDIL,ALL,1,1991.671,3,3
2022-09-02T03:30:00-00:00,2022-09-02T03:45:00-00:00,2022-09-01,21,KLG_GNODEDIL,KLG_GNODEDIL,KLG_GNODEDIL,RTPD,MCE,LMP_ENE_PRC,KLG_GNODEDIL,ALL,1,186.61823,3,3
2022-09-02T04:30:00-00:00,2022-09-02T04:45:00-00:00,2022-09-01,22,KLG_GNODEDIL,KLG_GNODEDIL,KLG_GNODEDIL,RTPD,MCE,LMP_ENE_PRC,KLG_GNODEDIL,ALL,1,180.67824,3,3
2022-09-02T05:30:00-00:00,2022-09-02T05:45:00-00:00,2022-09-01,23,KLG_GNODEDIL,KLG_GNODEDIL,KLG_GNODEDIL,RTPD,MCE,LMP_ENE_PRC,KLG_GNODEDIL,ALL,1,131.69917,3,3
2022-09-02T06:30:00-00:00,2022-09-02T06:45:00-00:00,2022-09-01,24,KLG_GNODEDIL,KLG_GNODEDIL,KLG_GNODEDIL,RTPD,MCE,LMP_ENE_PRC,KLG_GNODEDIL,ALL,1,128.9871,3,3
2022-09-01T07:45:00-00:00,2022-09-01T08:00:00-00:00,2022-09-01,01,KLG_GNODEDIL,KLG_GNODEDIL,KLG_GNODEDIL,RTPD,MCE,LMP_ENE_PRC,KLG_GNODEDIL,ALL,1,109.12099,4,3
2022-09-01T08:45:00-00:00,2022-09-01T09:00:00-00:00,2022-09-01,02,KLG_GNODEDIL,KLG_GNODEDIL,KLG_GNODEDIL,RTPD,MCE,LMP_ENE_PRC,KLG_GNODEDIL,ALL,1,98.7357,4,3
2022-09-01T09:45:00-00:00,2022-09-01T10:00:00-00:00,2022-09-01,03,KLG_GNODEDIL,KLG_GNODEDIL,KLG_GNODEDIL,RTPD,MCE,LMP_ENE_PRC,KLG_GNODEDIL,ALL,1,97.50475,4,3
2022-09-01T10:45:00-00:00,2022-09-01T11:00:00-00:00,2022-09-01,04,KLG_GNODEDIL,KLG_GNODEDIL,KLG_GNODEDIL,RTPD,MCE,LMP_ENE_PRC,KLG_GNODEDIL,ALL,1,94.71966,4,3
2022-09-01T11:45:00-00:00,2022-09-01T12:00:00-00:00,2022-09-01,05,KLG_GNODEDIL,KLG_GNODEDIL,KLG_GNODEDIL,RTPD,MCE,LMP_ENE_PRC,KLG_GNODEDIL,ALL,1,107.01,4,3
2022-09-01T12:45:00-00:00,2022-09-01T13:00:00-00:00,2022-09-01,06,KLG_GNODEDIL,KLG_GNODEDIL,KLG_GNODEDIL,RTPD,MCE,LMP_ENE_PRC,KLG_GNODEDIL,ALL,1,116.4848,4,3
2022-09-01T13:45:00-00:00,2022-09-01T14:00:00-00:00,2022-09-01,07,KLG_GNODEDIL,KLG_GNODEDIL,KLG_GNODEDIL,RTPD,MCE,LMP_ENE_PRC,KLG_GNODEDIL,ALL,1,111.41,4,3
2022-09-01T14:45:00-00:00,2022-09-01T15:00:00-00:00,2022-09-01,08,KLG_GNODEDIL,KLG_GNODEDIL,KLG_GNODEDIL,RTPD,MCE,LMP_ENE_PRC,KLG_GNODEDIL,ALL,1,86.1388,4,3
2022-09-01T15:45:00-00:00,2022-09-01T16:00:00-00:00,2022-09-01,09,KLG_GNODEDIL,KLG_GNODEDIL,KLG_GNODEDIL,RTPD,MCE,LMP_ENE_PRC,KLG_GNODEDIL,ALL,1,78.70076,4,3
2022-09-01T16:45:00-00:00,2022-09-01T17:00:00-00:00,2022-09-01,10,KLG_GNODEDIL,KLG_GNODEDIL,KLG_GNODEDIL,RTPD,MCE,LMP_ENE_PRC,KLG_GNODEDIL,ALL,1,91.24933,4,3
2022-09-01T17:45:00-00:00,2022-09-01T18:00:00-00:00,2022-09-01,11,KLG_GNODEDIL,KLG_GNODEDIL,KLG_GNODEDIL,RTPD,MCE,LMP_ENE_PRC,KLG_GNODEDIL,ALL,1,99.20544,4,3
2022-09-01T18:45:00-00:00,2022-09-01T19:00:00-00:00,2022-09-01,12,KLG_GNODEDIL,KLG_GNODEDIL,KLG_GNODEDIL,RTPD,MCE,LMP_ENE_PRC,KLG_GNODEDIL,ALL,1,109.04064,4,3
2022-09-01T19:45:00-00:00,2022-09-01T20:00:00-00:00,2022-09-01,13,KLG_GNODEDIL,KLG_GNODEDIL,KLG_GNODEDIL,RTPD,MCE,LMP_ENE_PRC,KLG_GNODEDIL,ALL,1,120.22491,4,3
2022-09-01T20:45:00-00:00,2022-09-01T21:00:00-00:00,2022-09-01,14,KLG_GNODEDIL,KLG_GNODEDIL,KLG_GNODEDIL,RTPD,MCE,LMP_ENE_PRC,KLG_GNODEDIL,ALL,1,154.02509,4,3
2022-09-01T21:45:00-00:00,2022-09-01T22:00:00-00:00,2022-09-01,15,KLG_GNODEDIL,KLG_GNODEDIL,KLG_GNODEDIL,RTPD,MCE,LMP_ENE_PRC,KLG_GNODEDIL,ALL,1,300.29376,4,3
2022-09-01T22:45:00-00:00,2022-09-01T23:00:00-00:00,2022-09-01,16,KLG_GNODEDIL,KLG_GNODEDIL,KLG_GNODEDIL,RTPD,MCE,LMP_ENE_PRC,KLG_GNODEDIL,ALL,1,429.9137,4,3
2022-09-01T23:45:00-00:00,2022-09-02T00:00:00-00:00,2022-09-01,17,KLG_GNODEDIL,KLG_GNODEDIL,KLG_GNODEDIL,RTPD,MCE,LMP_ENE_PRC,KLG_GNODEDIL,ALL,1,1261.2124,4,3
2022-09-02T00:45:00-00:00,2022-09-02T01:00:00-00:00,2022-09-01,18,KLG_GNODEDIL,KLG_GNODEDIL,KLG_GNODEDIL,RTPD,MCE,LMP_ENE_PRC,KLG_GNODEDIL,ALL,1,1519.149,4,3
2022-09-02T01:45:00-00:00,2022-09-02T02:00:00-00:00,2022-09-01,19,KLG_GNODEDIL,KLG_GNODEDIL,KLG_GNODEDIL,RTPD,MCE,LMP_ENE_PRC,KLG_GNODEDIL,ALL,1,1991.9337,4,3
2022-09-02T02:45:00-00:00,2022-09-02T03:00:00-00:00,2022-09-01,20,KLG_GNODEDIL,KLG_GNODEDIL,KLG_GNODEDIL,RTPD,MCE,LMP_ENE_PRC,KLG_GNODEDIL,ALL,1,1629.6213,4,3
2022-09-02T03:45:00-00:00,2022-09-02T04:00:00-00:00,2022-09-01,21,KLG_GNODEDIL,KLG_GNODEDIL,KLG_GNODEDIL,RTPD,MCE,LMP_ENE_PRC,KLG_GNODEDIL,ALL,1,141.13702,4,3
2022-09-02T04:45:00-00:00,2022-09-02T05:00:00-00:00,2022-09-01,22,KLG_GNODEDIL,KLG_GNODEDIL,KLG_GNODEDIL,RTPD,MCE,LMP_ENE_PRC,KLG_GNODEDIL,ALL,1,126.76372,4,3
2022-09-02T05:45:00-00:00,2022-09-02T06:00:00-00:00,2022-09-01,23,KLG_GNODEDIL,KLG_GNODEDIL,KLG_GNODEDIL,RTPD,MCE,LMP_ENE_PRC,KLG_GNODEDIL,ALL,1,119.00958,4,3
2022-09-02T06:45:00-00:00,2022-09-02T07:00:00-00:00,2022-09-01,24,KLG_GNODEDIL,KLG_GNODEDIL,KLG_GNODEDIL,RTPD,MCE,LMP_ENE_PRC,KLG_GNODEDIL,ALL,1,109.20324,4,3
2022-09-01T07:00:00-00:00,2022-09-01T07:15:00-00:00,2022-09-01,01,KLG_GNODEDIL,KLG_GNODEDIL,KLG_GNODEDIL,RTPD,MCL,LMP_LOSS_PRC,KLG_GNODEDIL,ALL,1,-0.54203,1,4
2022-09-01T08:00:00-00:00,2022-09-01T08:15:00-00:00,2022-09-01,02,KLG_GNODEDIL,KLG_GNODEDIL,KLG_GNODEDIL,RTPD,MCL,LMP_LOSS_PRC,KLG_GNODEDIL,ALL,1,0,1,4
2022-09-01T09:00:00-00:00,2022-09-01T09:15:00-00:00,2022-09-01,03,KLG_GNODEDIL,KLG_GNODEDIL,KLG_GNODEDIL,RTPD,MCL,LMP_LOSS_PRC,KLG_GNODEDIL,ALL,1,0.52858,1,4
2022-09-01T10:00:00-00:00,2022-09-01T10:15:00-00:00,2022-09-01,04,KLG_GNODEDIL,KLG_GNODEDIL,KLG_GNODEDIL,RTPD,MCL,LMP_LOSS_PRC,KLG_GNODEDIL,ALL,1,0.7201,1,4
2022-09-01T11:00:00-00:00,2022-09-01T11:15:00-00:00,2022-09-01,05,KLG_GNODEDIL,KLG_GNODEDIL,KLG_GNODEDIL,RTPD,MCL,LMP_LOSS_PRC,KLG_GNODEDIL,ALL,1,0.63593,1,4
2022-09-01T12:00:00-00:00,2022-09-01T12:15:00-00:00,2022-09-01,06,KLG_GNODEDIL,KLG_GNODEDIL,KLG_GNODEDIL,RTPD,MCL,LMP_LOSS_PRC,KLG_GNODEDIL,ALL,1,-0.17444,1,4
2022-09-01T13:00:00-00:00,2022-09-01T13:15:00-00:00,2022-09-01,07,KLG_GNODEDIL,KLG_GNODEDIL,KLG_GNODEDIL,RTPD,MCL,LMP_LOSS_PRC,KLG_GNODEDIL,ALL,1,0,1,4
2022-09-01T14:00:00-00:00,2022-09-01T14:15:00-00:00,2022-09-01,08,KLG_GNODEDIL,KLG_GNODEDIL,KLG_GNODEDIL,RTPD,MCL,LMP_LOSS_PRC,KLG_GNODEDIL,ALL,1,2.36666,1,4
2022-09-01T15:00:00-00:00,2022-09-01T15:15:00-00:00,2022-09-01,09,KLG_GNODEDIL,KLG_GNODEDIL,KLG_GNODEDIL,RTPD,MCL,LMP_LOSS_PRC,KLG_GNODEDIL,ALL,1,0,1,4
2022-09-01T16:00:00-00:00,2022-09-01T16:15:00-00:00,2022-09-01,10,KLG_GNODEDIL,KLG_GNODEDIL,KLG_GNODEDIL,RTPD,MCL,LMP_LOSS_PRC,KLG_GNODEDIL,ALL,1,0,1,4
2022-09-01T17:00:00-00:00,2022-09-01T17:15:00-00:00,2022-09-01,11,KLG_GNODEDIL,KLG_GNODEDIL,KLG_GNODEDIL,RTPD,MCL,LMP_LOSS_PRC,KLG_GNODEDIL,ALL,1,0,1,4
2022-09-01T18:00:00-00:00,2022-09-01T18:15:00-00:00,2022-09-01,12,KLG_GNODEDIL,KLG_GNODEDIL,KLG_GNODEDIL,RTPD,MCL,LMP_LOSS_PRC,KLG_GNODEDIL,ALL,1,0,1,4
2022-09-01T19:00:00-00:00,2022-09-01T19:15:00-00:00,2022-09-01,13,KLG_GNODEDIL,KLG_GNODEDIL,KLG_GNODEDIL,RTPD,MCL,LMP_LOSS_PRC,KLG_GNODEDIL,ALL,1,0,1,4
2022-09-01T20:00:00-00:00,2022-09-01T20:15:00-00:00,2022-09-01,14,KLG_GNODEDIL,KLG_GNODEDIL,KLG_GNODEDIL,RTPD,MCL,LMP_LOSS_PRC,KLG_GNODEDIL,ALL,1,0,1,4
2022-09-01T21:00:00-00:00,2022-09-01T21:15:00-00:00,2022-09-01,15,KLG_GNODEDIL,KLG_GNODEDIL,KLG_GNODEDIL,RTPD,MCL,LMP_LOSS_PRC,KLG_GNODEDIL,ALL,1,0,1,4
2022-09-01T22:00:00-00:00,2022-09-01T22:15:00-00:00,2022-09-01,16,KLG_GNODEDIL,KLG_GNODEDIL,KLG_GNODEDIL,RTPD,MCL,LMP_LOSS_PRC,KLG_GNODEDIL,ALL,1,0,1,4
2022-09-01T23:00:00-00:00,2022-09-01T23:15:00-00:00,2022-09-01,17,KLG_GNODEDIL,KLG_GNODEDIL,KLG_GNODEDIL,RTPD,MCL,LMP_LOSS_PRC,KLG_GNODEDIL,ALL,1,0,1,4
2022-09-02T00:00:00-00:00,2022-09-02T00:15:00-00:00,2022-09-01,18,KLG_GNODEDIL,KLG_GNODEDIL,KLG_GNODEDIL,RTPD,MCL,LMP_LOSS_PRC,KLG_GNODEDIL,ALL,1,34.44493,1,4
2022-09-02T01:00:00-00:00,2022-09-02T01:15:00-00:00,2022-09-01,19,KLG_GNODEDIL,KLG_GNODEDIL,KLG_GNODEDIL,RTPD,MCL,LMP_LOSS_PRC,KLG_GNODEDIL,ALL,1,0,1,4
2022-09-02T02:00:00-00:00,2022-09-02T02:15:00-00:00,2022-09-01,20,KLG_GNODEDIL,KLG_GNODEDIL,KLG_GNODEDIL,RTPD,MCL,LMP_LOSS_PRC,KLG_GNODEDIL,ALL,1,0,1,4
2022-09-02T03:00:00-00:00,2022-09-02T03:15:00-00:00,2022-09-01,21,KLG_GNODEDIL,KLG_GNODEDIL,KLG_GNODEDIL,RTPD,MCL,LMP_LOSS_PRC,KLG_GNODEDIL,ALL,1,57.89738,1,4
2022-09-02T04:00:00-00:00,2022-09-02T04:15:00-00:00,2022-09-01,22,KLG_GNODEDIL,KLG_GNODEDIL,KLG_GNODEDIL,RTPD,MCL,LMP_LOSS_PRC,KLG_GNODEDIL,ALL,1,8.68883,1,4
2022-09-02T05:00:00-00:00,2022-09-02T05:15:00-00:00,2022-09-01,23,KLG_GNODEDIL,KLG_GNODEDIL,KLG_GNODEDIL,RTPD,MCL,LMP_LOSS_PRC,KLG_GNODEDIL,ALL,1,5.49743,1,4
2022-09-02T06:00:00-00:00,2022-09-02T06:15:00-00:00,2022-09-01,24,KLG_GNODEDIL,KLG_GNODEDIL,KLG_GNODEDIL,RTPD,MCL,LMP_LOSS_PRC,KLG_GNODEDIL,ALL,1,3.16148,1,4
2022-09-01T07:15:00-00:00,2022-09-01T07:30:00-00:00,2022-09-01,01,KLG_GNODEDIL,KLG_GNODEDIL,KLG_GNODEDIL,RTPD,MCL,LMP_LOSS_PRC,KLG_GNODEDIL,ALL,1,0,2,4
2022-09-01T08:15:00-00:00,2022-09-01T08:30:00-00:00,2022-09-01,02,KLG_GNODEDIL,KLG_GNODEDIL,KLG_GNODEDIL,RTPD,MCL,LMP_LOSS_PRC,KLG_GNODEDIL,ALL,1,0,2,4
2022-09-01T09:15:00-00:00,2022-09-01T09:30:00-00:00,2022-09-01,03,KLG_GNODEDIL,KLG_GNODEDIL,KLG_GNODEDIL,RTPD,MCL,LMP_LOSS_PRC,KLG_GNODEDIL,ALL,1,0.6095,2,4
2022-09-01T10:15:00-00:00,2022-09-01T10:30:00-00:00,2022-09-01,04,KLG_GNODEDIL,KLG_GNODEDIL,KLG_GNODEDIL,RTPD,MCL,LMP_LOSS_PRC,KLG_GNODEDIL,ALL,1,0.62085,2,4
2022-09-01T11:15:00-00:00,2022-09-01T11:30:00-00:00,2022-09-01,05,KLG_GNODEDIL,KLG_GNODEDIL,KLG_GNODEDIL,RTPD,MCL,LMP_LOSS_PRC,KLG_GNODEDIL,ALL,1,0.61855,2,4
2022-09-01T12:15:00-00:00,2022-09-01T12:30:00-00:00,2022-09-01,06,KLG_GNODEDIL,KLG_GNODEDIL,KLG_GNODEDIL,RTPD,MCL,LMP_LOSS_PRC,KLG_GNODEDIL,ALL,1,-0.08746,2,4
2022-09-01T13:15:00-00:00,2022-09-01T13:30:00-00:00,2022-09-01,07,KLG_GNODEDIL,KLG_GNODEDIL,KLG_GNODEDIL,RTPD,MCL,LMP_LOSS_PRC,KLG_GNODEDIL,ALL,1,0.09988,2,4
2022-09-01T14:15:00-00:00,2022-09-01T14:30:00-00:00,2022-09-01,08,KLG_GNODEDIL,KLG_GNODEDIL,KLG_GNODEDIL,RTPD,MCL,LMP_LOSS_PRC,KLG_GNODEDIL,ALL,1,2.24243,2,4
2022-09-01T15:15:00-00:00,2022-09-01T15:30:00-00:00,2022-09-01,09,KLG_GNODEDIL,KLG_GNODEDIL,KLG_GNODEDIL,RTPD,MCL,LMP_LOSS_PRC,KLG_GNODEDIL,ALL,1,0,2,4
2022-09-01T16:15:00-00:00,2022-09-01T16:30:00-00:00,2022-09-01,10,KLG_GNODEDIL,KLG_GNODEDIL,KLG_GNODEDIL,RTPD,MCL,LMP_LOSS_PRC,KLG_GNODEDIL,ALL,1,0,2,4
2022-09-01T17:15:00-00:00,2022-09-01T17:30:00-00:00,2022-09-01,11,KLG_GNODEDIL,KLG_GNODEDIL,KLG_GNODEDIL,RTPD,MCL,LMP_LOSS_PRC,KLG_GNODEDIL,ALL,1,0,2,4
2022-09-01T18:15:00-00:00,2022-09-01T18:30:00-00:00,2022-09-01,12,KLG_GNODEDIL,KLG_GNODEDIL,KLG_GNODEDIL,RTPD,MCL,LMP_LOSS_PRC,KLG_GNODEDIL,ALL,1,0,2,4
2022-09-01T19:15:00-00:00,2022-09-01T19:30:00-00:00,2022-09-01,13,KLG_GNODEDIL,KLG_GNODEDIL,KLG_GNODEDIL,RTPD,MCL,LMP_LOSS_PRC,KLG_GNODEDIL,ALL,1,0,2,4
2022-09-01T20:15:00-00:00,2022-09-01T20:30:00-00:00,2022-09-01,14,KLG_GNODEDIL,KLG_GNODEDIL,KLG_GNODEDIL,RTPD,MCL,LMP_LOSS_PRC,KLG_GNODEDIL,ALL,1,0,2,4
2022-09-01T21:15:00-00:00,2022-09-01T21:30:00-00:00,2022-09-01,15,KLG_GNODEDIL,KLG_GNODEDIL,KLG_GNODEDIL,RTPD,MCL,LMP_LOSS_PRC,KLG_GNODEDIL,ALL,1,0,2,4
2022-09-01T22:15:00-00:00,2022-09-01T22:30:00-00:00,2022-09-01,16,KLG_GNODEDIL,KLG_GNODEDIL,KLG_GNODEDIL,RTPD,MCL,LMP_LOSS_PRC,KLG_GNODEDIL,ALL,1,0,2,4
2022-09-01T23:15:00-00:00,2022-09-01T23:30:00-00:00,2022-09-01,17,KLG_GNODEDIL,KLG_GNODEDIL,KLG_GNODEDIL,RTPD,MCL,LMP_LOSS_PRC,KLG_GNODEDIL,ALL,1,0,2,4
2022-09-02T00:15:00-00:00,2022-09-02T00:30:00-00:00,2022-09-01,18,KLG_GNODEDIL,KLG_GNODEDIL,KLG_GNODEDIL,RTPD,MCL,LMP_LOSS_PRC,KLG_GNODEDIL,ALL,1,32.34896,2,4
2022-09-02T01:15:00-00:00,2022-09-02T01:30:00-00:00,2022-09-01,19,KLG_GNODEDIL,KLG_GNODEDIL,KLG_GNODEDIL,RTPD,MCL,LMP_LOSS_PRC,KLG_GNODEDIL,ALL,1,0,2,4
2022-09-02T02:15:00-00:00,2022-09-02T02:30:00-00:00,2022-09-01,20,KLG_GNODEDIL,KLG_GNODEDIL,KLG_GNODEDIL,RTPD,MCL,LMP_LOSS_PRC,KLG_GNODEDIL,ALL,1,0,2,4
2022-09-02T03:15:00-00:00,2022-09-02T03:30:00-00:00,2022-09-01,21,KLG_GNODEDIL,KLG_GNODEDIL,KLG_GNODEDIL,RTPD,MCL,LMP_LOSS_PRC,KLG_GNODEDIL,ALL,1,25.31335,2,4
2022-09-02T04:15:00-00:00,2022-09-02T04:30:00-00:00,2022-09-01,22,KLG_GNODEDIL,KLG_GNODEDIL,KLG_GNODEDIL,RTPD,MCL,LMP_LOSS_PRC,KLG_GNODEDIL,ALL,1,6.58515,2,4
2022-09-02T05:15:00-00:00,2022-09-02T05:30:00-00:00,2022-09-01,23,KLG_GNODEDIL,KLG_GNODEDIL,KLG_GNODEDIL,RTPD,MCL,LMP_LOSS_PRC,KLG_GNODEDIL,ALL,1,4.08515,2,4
2022-09-02T06:15:00-00:00,2022-09-02T06:30:00-00:00,2022-09-01,24,KLG_GNODEDIL,KLG_GNODEDIL,KLG_GNODEDIL,RTPD,MCL,LMP_LOSS_PRC,KLG_GNODEDIL,ALL,1,1.48826,2,4
2022-09-01T07:30:00-00:00,2022-09-01T07:45:00-00:00,2022-09-01,01,KLG_GNODEDIL,KLG_GNODEDIL,KLG_GNODEDIL,RTPD,MCL,LMP_LOSS_PRC,KLG_GNODEDIL,ALL,1,0,3,4
2022-09-01T08:30:00-00:00,2022-09-01T08:45:00-00:00,2022-09-01,02,KLG_GNODEDIL,KLG_GNODEDIL,KLG_GNODEDIL,RTPD,MCL,LMP_LOSS_PRC,KLG_GNODEDIL,ALL,1,1.1778,3,4
2022-09-01T09:30:00-00:00,2022-09-01T09:45:00-00:00,2022-09-01,03,KLG_GNODEDIL,KLG_GNODEDIL,KLG_GNODEDIL,RTPD,MCL,LMP_LOSS_PRC,KLG_GNODEDIL,ALL,1,0.43192,3,4
2022-09-01T10:30:00-00:00,2022-09-01T10:45:00-00:00,2022-09-01,04,KLG_GNODEDIL,KLG_GNODEDIL,KLG_GNODEDIL,RTPD,MCL,LMP_LOSS_PRC,KLG_GNODEDIL,ALL,1,0.70345,3,4
2022-09-01T11:30:00-00:00,2022-09-01T11:45:00-00:00,2022-09-01,05,KLG_GNODEDIL,KLG_GNODEDIL,KLG_GNODEDIL,RTPD,MCL,LMP_LOSS_PRC,KLG_GNODEDIL,ALL,1,0.54623,3,4
2022-09-01T12:30:00-00:00,2022-09-01T12:45:00-00:00,2022-09-01,06,KLG_GNODEDIL,KLG_GNODEDIL,KLG_GNODEDIL,RTPD,MCL,LMP_LOSS_PRC,KLG_GNODEDIL,ALL,1,0.02272,3,4
2022-09-01T13:30:00-00:00,2022-09-01T13:45:00-00:00,2022-09-01,07,KLG_GNODEDIL,KLG_GNODEDIL,KLG_GNODEDIL,RTPD,MCL,LMP_LOSS_PRC,KLG_GNODEDIL,ALL,1,0.35686,3,4
2022-09-01T14:30:00-00:00,2022-09-01T14:45:00-00:00,2022-09-01,08,KLG_GNODEDIL,KLG_GNODEDIL,KLG_GNODEDIL,RTPD,MCL,LMP_LOSS_PRC,KLG_GNODEDIL,ALL,1,2.35234,3,4
2022-09-01T15:30:00-00:00,2022-09-01T15:45:00-00:00,2022-09-01,09,KLG_GNODEDIL,KLG_GNODEDIL,KLG_GNODEDIL,RTPD,MCL,LMP_LOSS_PRC,KLG_GNODEDIL,ALL,1,0,3,4
2022-09-01T16:30:00-00:00,2022-09-01T16:45:00-00:00,2022-09-01,10,KLG_GNODEDIL,KLG_GNODEDIL,KLG_GNODEDIL,RTPD,MCL,LMP_LOSS_PRC,KLG_GNODEDIL,ALL,1,0,3,4
2022-09-01T17:30:00-00:00,2022-09-01T17:45:00-00:00,2022-09-01,11,KLG_GNODEDIL,KLG_GNODEDIL,KLG_GNODEDIL,RTPD,MCL,LMP_LOSS_PRC,KLG_GNODEDIL,ALL,1,0,3,4
2022-09-01T18:30:00-00:00,2022-09-01T18:45:00-00:00,2022-09-01,12,KLG_GNODEDIL,KLG_GNODEDIL,KLG_GNODEDIL,RTPD,MCL,LMP_LOSS_PRC,KLG_GNODEDIL,ALL,1,0,3,4
2022-09-01T19:30:00-00:00,2022-09-01T19:45:00-00:00,2022-09-01,13,KLG_GNODEDIL,KLG_GNODEDIL,KLG_GNODEDIL,RTPD,MCL,LMP_LOSS_PRC,KLG_GNODEDIL,ALL,1,0,3,4
2022-09-01T20:30:00-00:00,2022-09-01T20:45:00-00:00,2022-09-01,14,KLG_GNODEDIL,KLG_GNODEDIL,KLG_GNODEDIL,RTPD,MCL,LMP_LOSS_PRC,KLG_GNODEDIL,ALL,1,0,3,4
2022-09-01T21:30:00-00:00,2022-09-01T21:45:00-00:00,2022-09-01,15,KLG_GNODEDIL,KLG_GNODEDIL,KLG_GNODEDIL,RTPD,MCL,LMP_LOSS_PRC,KLG_GNODEDIL,ALL,1,0,3,4
2022-09-01T22:30:00-00:00,2022-09-01T22:45:00-00:00,2022-09-01,16,KLG_GNODEDIL,KLG_GNODEDIL,KLG_GNODEDIL,RTPD,MCL,LMP_LOSS_PRC,KLG_GNODEDIL,ALL,1,0,3,4
2022-09-01T23:30:00-00:00,2022-09-01T23:45:00-00:00,2022-09-01,17,KLG_GNODEDIL,KLG_GNODEDIL,KLG_GNODEDIL,RTPD,MCL,LMP_LOSS_PRC,KLG_GNODEDIL,ALL,1,0,3,4
2022-09-02T00:30:00-00:00,2022-09-02T00:45:00-00:00,2022-09-01,18,KLG_GNODEDIL,KLG_GNODEDIL,KLG_GNODEDIL,RTPD,MCL,LMP_LOSS_PRC,KLG_GNODEDIL,ALL,1,0,3,4
2022-09-02T01:30:00-00:00,2022-09-02T01:45:00-00:00,2022-09-01,19,KLG_GNODEDIL,KLG_GNODEDIL,KLG_GNODEDIL,RTPD,MCL,LMP_LOSS_PRC,KLG_GNODEDIL,ALL,1,0,3,4
2022-09-02T02:30:00-00:00,2022-09-02T02:45:00-00:00,2022-09-01,20,KLG_GNODEDIL,KLG_GNODEDIL,KLG_GNODEDIL,RTPD,MCL,LMP_LOSS_PRC,KLG_GNODEDIL,ALL,1,0,3,4
2022-09-02T03:30:00-00:00,2022-09-02T03:45:00-00:00,2022-09-01,21,KLG_GNODEDIL,KLG_GNODEDIL,KLG_GNODEDIL,RTPD,MCL,LMP_LOSS_PRC,KLG_GNODEDIL,ALL,1,11.14104,3,4
2022-09-02T04:30:00-00:00,2022-09-02T04:45:00-00:00,2022-09-01,22,KLG_GNODEDIL,KLG_GNODEDIL,KLG_GNODEDIL,RTPD,MCL,LMP_LOSS_PRC,KLG_GNODEDIL,ALL,1,3.16185,3,4
2022-09-02T05:30:00-00:00,2022-09-02T05:45:00-00:00,2022-09-01,23,KLG_GNODEDIL,KLG_GNODEDIL,KLG_GNODEDIL,RTPD,MCL,LMP_LOSS_PRC,KLG_GNODEDIL,ALL,1,2.87107,3,4
2022-09-02T06:30:00-00:00,2022-09-02T06:45:00-00:00,2022-09-01,24,KLG_GNODEDIL,KLG_GNODEDIL,KLG_GNODEDIL,RTPD,MCL,LMP_LOSS_PRC,KLG_GNODEDIL,ALL,1,1.87033,3,4
2022-09-01T07:45:00-00:00,2022-09-01T08:00:00-00:00,2022-09-01,01,KLG_GNODEDIL,KLG_GNODEDIL,KLG_GNODEDIL,RTPD,MCL,LMP_LOSS_PRC,KLG_GNODEDIL,ALL,1,0,4,4
2022-09-01T08:45:00-00:00,2022-09-01T09:00:00-00:00,2022-09-01,02,KLG_GNODEDIL,KLG_GNODEDIL,KLG_GNODEDIL,RTPD,MCL,LMP_LOSS_PRC,KLG_GNODEDIL,ALL,1,0.92813,4,4
2022-09-01T09:45:00-00:00,2022-09-01T10:00:00-00:00,2022-09-01,03,KLG_GNODEDIL,KLG_GNODEDIL,KLG_GNODEDIL,RTPD,MCL,LMP_LOSS_PRC,KLG_GNODEDIL,ALL,1,0.46803,4,4
2022-09-01T10:45:00-00:00,2022-09-01T11:00:00-00:00,2022-09-01,04,KLG_GNODEDIL,KLG_GNODEDIL,KLG_GNODEDIL,RTPD,MCL,LMP_LOSS_PRC,KLG_GNODEDIL,ALL,1,0.65357,4,4
2022-09-01T11:45:00-00:00,2022-09-01T12:00:00-00:00,2022-09-01,05,KLG_GNODEDIL,KLG_GNODEDIL,KLG_GNODEDIL,RTPD,MCL,LMP_LOSS_PRC,KLG_GNODEDIL,ALL,1,0,4,4
2022-09-01T12:45:00-00:00,2022-09-01T13:00:00-00:00,2022-09-01,06,KLG_GNODEDIL,KLG_GNODEDIL,KLG_GNODEDIL,RTPD,MCL,LMP_LOSS_PRC,KLG_GNODEDIL,ALL,1,0,4,4
2022-09-01T13:45:00-00:00,2022-09-01T14:00:00-00:00,2022-09-01,07,KLG_GNODEDIL,KLG_GNODEDIL,KLG_GNODEDIL,RTPD,MCL,LMP_LOSS_PRC,KLG_GNODEDIL,ALL,1,0,4,4
2022-09-01T14:45:00-00:00,2022-09-01T15:00:00-00:00,2022-09-01,08,KLG_GNODEDIL,KLG_GNODEDIL,KLG_GNODEDIL,RTPD,MCL,LMP_LOSS_PRC,KLG_GNODEDIL,ALL,1,0,4,4
2022-09-01T15:45:00-00:00,2022-09-01T16:00:00-00:00,2022-09-01,09,KLG_GNODEDIL,KLG_GNODEDIL,KLG_GNODEDIL,RTPD,MCL,LMP_LOSS_PRC,KLG_GNODEDIL,ALL,1,0,4,4
2022-09-01T16:45:00-00:00,2022-09-01T17:00:00-00:00,2022-09-01,10,KLG_GNODEDIL,KLG_GNODEDIL,KLG_GNODEDIL,RTPD,MCL,LMP_LOSS_PRC,KLG_GNODEDIL,ALL,1,0,4,4
2022-09-01T17:45:00-00:00,2022-09-01T18:00:00-00:00,2022-09-01,11,KLG_GNODEDIL,KLG_GNODEDIL,KLG_GNODEDIL,RTPD,MCL,LMP_LOSS_PRC,KLG_GNODEDIL,ALL,1,0,4,4
2022-09-01T18:45:00-00:00,2022-09-01T19:00:00-00:00,2022-09-01,12,KLG_GNODEDIL,KLG_GNODEDIL,KLG_GNODEDIL,RTPD,MCL,LMP_LOSS_PRC,KLG_GNODEDIL,ALL,1,0,4,4
2022-09-01T19:45:00-00:00,2022-09-01T20:00:00-00:00,2022-09-01,13,KLG_GNODEDIL,KLG_GNODEDIL,KLG_GNODEDIL,RTPD,MCL,LMP_LOSS_PRC,KLG_GNODEDIL,ALL,1,0,4,4
2022-09-01T20:45:00-00:00,2022-09-01T21:00:00-00:00,2022-09-01,14,KLG_GNODEDIL,KLG_GNODEDIL,KLG_GNODEDIL,RTPD,MCL,LMP_LOSS_PRC,KLG_GNODEDIL,ALL,1,0,4,4
2022-09-01T21:45:00-00:00,2022-09-01T22:00:00-00:00,2022-09-01,15,KLG_GNODEDIL,KLG_GNODEDIL,KLG_GNODEDIL,RTPD,MCL,LMP_LOSS_PRC,KLG_GNODEDIL,ALL,1,0,4,4
2022-09-01T22:45:00-00:00,2022-09-01T23:00:00-00:00,2022-09-01,16,KLG_GNODEDIL,KLG_GNODEDIL,KLG_GNODEDIL,RTPD,MCL,LMP_LOSS_PRC,KLG_GNODEDIL,ALL,1,0,4,4
2022-09-01T23:45:00-00:00,2022-09-02T00:00:00-00:00,2022-09-01,17,KLG_GNODEDIL,KLG_GNODEDIL,KLG_GNODEDIL,RTPD,MCL,LMP_LOSS_PRC,KLG_GNODEDIL,ALL,1,0,4,4
2022-09-02T00:45:00-00:00,2022-09-02T01:00:00-00:00,2022-09-01,18,KLG_GNODEDIL,KLG_GNODEDIL,KLG_GNODEDIL,RTPD,MCL,LMP_LOSS_PRC,KLG_GNODEDIL,ALL,1,0,4,4
2022-09-02T01:45:00-00:00,2022-09-02T02:00:00-00:00,2022-09-01,19,KLG_GNODEDIL,KLG_GNODEDIL,KLG_GNODEDIL,RTPD,MCL,LMP_LOSS_PRC,KLG_GNODEDIL,ALL,1,0,4,4
2022-09-02T02:45:00-00:00,2022-09-02T03:00:00-00:00,2022-09-01,20,KLG_GNODEDIL,KLG_GNODEDIL,KLG_GNODEDIL,RTPD,MCL,LMP_LOSS_PRC,KLG_GNODEDIL,ALL,1,90.9328,4,4
2022-09-02T03:45:00-00:00,2022-09-02T04:00:00-00:00,2022-09-01,21,KLG_GNODEDIL,KLG_GNODEDIL,KLG_GNODEDIL,RTPD,MCL,LMP_LOSS_PRC,KLG_GNODEDIL,ALL,1,7.1697,4,4
2022-09-02T04:45:00-00:00,2022-09-02T05:00:00-00:00,2022-09-01,22,KLG_GNODEDIL,KLG_GNODEDIL,KLG_GNODEDIL,RTPD,MCL,LMP_LOSS_PRC,KLG_GNODEDIL,ALL,1,3.16912,4,4
2022-09-02T05:45:00-00:00,2022-09-02T06:00:00-00:00,2022-09-01,23,KLG_GNODEDIL,KLG_GNODEDIL,KLG_GNODEDIL,RTPD,MCL,LMP_LOSS_PRC,KLG_GNODEDIL,ALL,1,2.60634,4,4
2022-09-02T06:45:00-00:00,2022-09-02T07:00:00-00:00,2022-09-01,24,KLG_GNODEDIL,KLG_GNODEDIL,KLG_GNODEDIL,RTPD,MCL,LMP_LOSS_PRC,KLG_GNODEDIL,ALL,1,2.12949,4,4
2022-09-01T07:00:00-00:00,2022-09-01T07:15:00-00:00,2022-09-01,01,KLG_GNODEDIL,KLG_GNODEDIL,KLG_GNODEDIL,RTPD,MGHG,LMP_GHG_PRC,KLG_GNODEDIL,ALL,1,0,1,5
2022-09-01T08:00:00-00:00,2022-09-01T08:15:00-00:00,2022-09-01,02,KLG_GNODEDIL,KLG_GNODEDIL,KLG_GNODEDIL,RTPD,MGHG,LMP_GHG_PRC,KLG_GNODEDIL,ALL,1,0,1,5
2022-09-01T09:00:00-00:00,2022-09-01T09:15:00-00:00,2022-09-01,03,KLG_GNODEDIL,KLG_GNODEDIL,KLG_GNODEDIL,RTPD,MGHG,LMP_GHG_PRC,KLG_GNODEDIL,ALL,1,0,1,5
2022-09-01T10:00:00-00:00,2022-09-01T10:15:00-00:00,2022-09-01,04,KLG_GNODEDIL,KLG_GNODEDIL,KLG_GNODEDIL,RTPD,MGHG,LMP_GHG_PRC,KLG_GNODEDIL,ALL,1,0,1,5
2022-09-01T11:00:00-00:00,2022-09-01T11:15:00-00:00,2022-09-01,05,KLG_GNODEDIL,KLG_GNODEDIL,KLG_GNODEDIL,RTPD,MGHG,LMP_GHG_PRC,KLG_GNODEDIL,ALL,1,0,1,5
2022-09-01T12:00:00-00:00,2022-09-01T12:15:00-00:00,2022-09-01,06,KLG_GNODEDIL,KLG_GNODEDIL,KLG_GNODEDIL,RTPD,MGHG,LMP_GHG_PRC,KLG_GNODEDIL,ALL,1,0,1,5
2022-09-01T13:00:00-00:00,2022-09-01T13:15:00-00:00,2022-09-01,07,KLG_GNODEDIL,KLG_GNODEDIL,KLG_GNODEDIL,RTPD,MGHG,LMP_GHG_PRC,KLG_GNODEDIL,ALL,1,0,1,5
2022-09-01T14:00:00-00:00,2022-09-01T14:15:00-00:00,2022-09-01,08,KLG_GNODEDIL,KLG_GNODEDIL,KLG_GNODEDIL,RTPD,MGHG,LMP_GHG_PRC,KLG_GNODEDIL,ALL,1,0,1,5
2022-09-01T15:00:00-00:00,2022-09-01T15:15:00-00:00,2022-09-01,09,KLG_GNODEDIL,KLG_GNODEDIL,KLG_GNODEDIL,RTPD,MGHG,LMP_GHG_PRC,KLG_GNODEDIL,ALL,1,0,1,5
2022-09-01T16:00:00-00:00,2022-09-01T16:15:00-00:00,2022-09-01,10,KLG_GNODEDIL,KLG_GNODEDIL,KLG_GNODEDIL,RTPD,MGHG,LMP_GHG_PRC,KLG_GNODEDIL,ALL,1,0,1,5
2022-09-01T17:00:00-00:00,2022-09-01T17:15:00-00:00,2022-09-01,11,KLG_GNODEDIL,KLG_GNODEDIL,KLG_GNODEDIL,RTPD,MGHG,LMP_GHG_PRC,KLG_GNODEDIL,ALL,1,0,1,5
2022-09-01T18:00:00-00:00,2022-09-01T18:15:00-00:00,2022-09-01,12,KLG_GNODEDIL,KLG_GNODEDIL,KLG_GNODEDIL,RTPD,MGHG,LMP_GHG_PRC,KLG_GNODEDIL,ALL,1,0,1,5
2022-09-01T19:00:00-00:00,2022-09-01T19:15:00-00:00,2022-09-01,13,KLG_GNODEDIL,KLG_GNODEDIL,KLG_GNODEDIL,RTPD,MGHG,LMP_GHG_PRC,KLG_GNODEDIL,ALL,1,0,1,5
2022-09-01T20:00:00-00:00,2022-09-01T20:15:00-00:00,2022-09-01,14,KLG_GNODEDIL,KLG_GNODEDIL,KLG_GNODEDIL,RTPD,MGHG,LMP_GHG_PRC,KLG_GNODEDIL,ALL,1,0,1,5
2022-09-01T21:00:00-00:00,2022-09-01T21:15:00-00:00,2022-09-01,15,KLG_GNODEDIL,KLG_GNODEDIL,KLG_GNODEDIL,RTPD,MGHG,LMP_GHG_PRC,KLG_GNODEDIL,ALL,1,0,1,5
2022-09-01T22:00:00-00:00,2022-09-01T22:15:00-00:00,2022-09-01,16,KLG_GNODEDIL,KLG_GNODEDIL,KLG_GNODEDIL,RTPD,MGHG,LMP_GHG_PRC,KLG_GNODEDIL,ALL,1,0,1,5
2022-09-01T23:00:00-00:00,2022-09-01T23:15:00-00:00,2022-09-01,17,KLG_GNODEDIL,KLG_GNODEDIL,KLG_GNODEDIL,RTPD,MGHG,LMP_GHG_PRC,KLG_GNODEDIL,ALL,1,0,1,5
2022-09-02T00:00:00-00:00,2022-09-02T00:15:00-00:00,2022-09-01,18,KLG_GNODEDIL,KLG_GNODEDIL,KLG_GNODEDIL,RTPD,MGHG,LMP_GHG_PRC,KLG_GNODEDIL,ALL,1,0,1,5
2022-09-02T01:00:00-00:00,2022-09-02T01:15:00-00:00,2022-09-01,19,KLG_GNODEDIL,KLG_GNODEDIL,KLG_GNODEDIL,RTPD,MGHG,LMP_GHG_PRC,KLG_GNODEDIL,ALL,1,0,1,5
2022-09-02T02:00:00-00:00,2022-09-02T02:15:00-00:00,2022-09-01,20,KLG_GNODEDIL,KLG_GNODEDIL,KLG_GNODEDIL,RTPD,MGHG,LMP_GHG_PRC,KLG_GNODEDIL,ALL,1,0,1,5
2022-09-02T03:00:00-00:00,2022-09-02T03:15:00-00:00,2022-09-01,21,KLG_GNODEDIL,KLG_GNODEDIL,KLG_GNODEDIL,RTPD,MGHG,LMP_GHG_PRC,KLG_GNODEDIL,ALL,1,0,1,5
2022-09-02T04:00:00-00:00,2022-09-02T04:15:00-00:00,2022-09-01,22,KLG_GNODEDIL,KLG_GNODEDIL,KLG_GNODEDIL,RTPD,MGHG,LMP_GHG_PRC,KLG_GNODEDIL,ALL,1,0,1,5
2022-09-02T05:00:00-00:00,2022-09-02T05:15:00-00:00,2022-09-01,23,KLG_GNODEDIL,KLG_GNODEDIL,KLG_GNODEDIL,RTPD,MGHG,LMP_GHG_PRC,KLG_GNODEDIL,ALL,1,0,1,5
2022-09-02T06:00:00-00:00,2022-09-02T06:15:00-00:00,2022-09-01,24,KLG_GNODEDIL,KLG_GNODEDIL,KLG_GNODEDIL,RTPD,MGHG,LMP_GHG_PRC,KLG_GNODEDIL,ALL,1,0,1,5
2022-09-01T07:15:00-00:00,2022-09-01T07:30:00-00:00,2022-09-01,01,KLG_GNODEDIL,KLG_GNODEDIL,KLG_GNODEDIL,RTPD,MGHG,LMP_GHG_PRC,KLG_GNODEDIL,ALL,1,0,2,5
2022-09-01T08:15:00-00:00,2022-09-01T08:30:00-00:00,2022-09-01,02,KLG_GNODEDIL,KLG_GNODEDIL,KLG_GNODEDIL,RTPD,MGHG,LMP_GHG_PRC,KLG_GNODEDIL,ALL,1,0,2,5
2022-09-01T09:15:00-00:00,2022-09-01T09:30:00-00:00,2022-09-01,03,KLG_GNODEDIL,KLG_GNODEDIL,KLG_GNODEDIL,RTPD,MGHG,LMP_GHG_PRC,KLG_GNODEDIL,ALL,1,0,2,5
2022-09-01T10:15:00-00:00,2022-09-01T10:30:00-00:00,2022-09-01,04,KLG_GNODEDIL,KLG_GNODEDIL,KLG_GNODEDIL,RTPD,MGHG,LMP_GHG_PRC,KLG_GNODEDIL,ALL,1,0,2,5
2022-09-01T11:15:00-00:00,2022-09-01T11:30:00-00:00,2022-09-01,05,KLG_GNODEDIL,KLG_GNODEDIL,KLG_GNODEDIL,RTPD,MGHG,LMP_GHG_PRC,KLG_GNODEDIL,ALL,1,0,2,5
2022-09-01T12:15:00-00:00,2022-09-01T12:30:00-00:00,2022-09-01,06,KLG_GNODEDIL,KLG_GNODEDIL,KLG_GNODEDIL,RTPD,MGHG,LMP_GHG_PRC,KLG_GNODEDIL,ALL,1,0,2,5
2022-09-01T13:15:00-00:00,2022-09-01T13:30:00-00:00,2022-09-01,07,KLG_GNODEDIL,KLG_GNODEDIL,KLG_GNODEDIL,RTPD,MGHG,LMP_GHG_PRC,KLG_GNODEDIL,ALL,1,0,2,5
2022-09-01T14:15:00-00:00,2022-09-01T14:30:00-00:00,2022-09-01,08,KLG_GNODEDIL,KLG_GNODEDIL,KLG_GNODEDIL,RTPD,MGHG,LMP_GHG_PRC,KLG_GNODEDIL,ALL,1,0,2,5
2022-09-01T15:15:00-00:00,2022-09-01T15:30:00-00:00,2022-09-01,09,KLG_GNODEDIL,KLG_GNODEDIL,KLG_GNODEDIL,RTPD,MGHG,LMP_GHG_PRC,KLG_GNODEDIL,ALL,1,0,2,5
2022-09-01T16:15:00-00:00,2022-09-01T16:30:00-00:00,2022-09-01,10,KLG_GNODEDIL,KLG_GNODEDIL,KLG_GNODEDIL,RTPD,MGHG,LMP_GHG_PRC,KLG_GNODEDIL,ALL,1,0,2,5
2022-09-01T17:15:00-00:00,2022-09-01T17:30:00-00:00,2022-09-01,11,KLG_GNODEDIL,KLG_GNODEDIL,KLG_GNODEDIL,RTPD,MGHG,LMP_GHG_PRC,KLG_GNODEDIL,ALL,1,0,2,5
2022-09-01T18:15:00-00:00,2022-09-01T18:30:00-00:00,2022-09-01,12,KLG_GNODEDIL,KLG_GNODEDIL,KLG_GNODEDIL,RTPD,MGHG,LMP_GHG_PRC,KLG_GNODEDIL,ALL,1,0,2,5
2022-09-01T19:15:00-00:00,2022-09-01T19:30:00-00:00,2022-09-01,13,KLG_GNODEDIL,KLG_GNODEDIL,KLG_GNODEDIL,RTPD,MGHG,LMP_GHG_PRC,KLG_GNODEDIL,ALL,1,0,2,5
2022-09-01T20:15:00-00:00,2022-09-01T20:30:00-00:00,2022-09-01,14,KLG_GNODEDIL,KLG_GNODEDIL,KLG_GNODEDIL,RTPD,MGHG,LMP_GHG_PRC,KLG_GNODEDIL,ALL,1,0,2,5
2022-09-01T21:15:00-00:00,2022-09-01T21:30:00-00:00,2022-09-01,15,KLG_GNODEDIL,KLG_GNODEDIL,KLG_GNODEDIL,RTPD,MGHG,LMP_GHG_PRC,KLG_GNODEDIL,ALL,1,0,2,5
2022-09-01T22:15:00-00:00,2022-09-01T22:30:00-00:00,2022-09-01,16,KLG_GNODEDIL,KLG_GNODEDIL,KLG_GNODEDIL,RTPD,MGHG,LMP_GHG_PRC,KLG_GNODEDIL,ALL,1,0,2,5
2022-09-01T23:15:00-00:00,2022-09-01T23:30:00-00:00,2022-09-01,17,KLG_GNODEDIL,KLG_GNODEDIL,KLG_GNODEDIL,RTPD,MGHG,LMP_GHG_PRC,KLG_GNODEDIL,ALL,1,0,2,5
2022-09-02T00:15:00-00:00,2022-09-02T00:30:00-00:00,2022-09-01,18,KLG_GNODEDIL,KLG_GNODEDIL,KLG_GNODEDIL,RTPD,MGHG,LMP_GHG_PRC,KLG_GNODEDIL,ALL,1,0,2,5
2022-09-02T01:15:00-00:00,2022-09-02T01:30:00-00:00,2022-09-01,19,KLG_GNODEDIL,KLG_GNODEDIL,KLG_GNODEDIL,RTPD,MGHG,LMP_GHG_PRC,KLG_GNODEDIL,ALL,1,0,2,5
2022-09-02T02:15:00-00:00,2022-09-02T02:30:00-00:00,2022-09-01,20,KLG_GNODEDIL,KLG_GNODEDIL,KLG_GNODEDIL,RTPD,MGHG,LMP_GHG_PRC,KLG_GNODEDIL,ALL,1,0,2,5
2022-09-02T03:15:00-00:00,2022-09-02T03:30:00-00:00,2022-09-01,21,KLG_GNODEDIL,KLG_GNODEDIL,KLG_GNODEDIL,RTPD,MGHG,LMP_GHG_PRC,KLG_GNODEDIL,ALL,1,0,2,5
2022-09-02T04:15:00-00:00,2022-09-02T04:30:00-00:00,2022-09-01,22,KLG_GNODEDIL,KLG_GNODEDIL,KLG_GNODEDIL,RTPD,MGHG,LMP_GHG_PRC,KLG_GNODEDIL,ALL,1,0,2,5
2022-09-02T05:15:00-00:00,2022-09-02T05:30:00-00:00,2022-09-01,23,KLG_GNODEDIL,KLG_GNODEDIL,KLG_GNODEDIL,RTPD,MGHG,LMP_GHG_PRC,KLG_GNODEDIL,ALL,1,0,2,5
2022-09-02T06:15:00-00:00,2022-09-02T06:30:00-00:00,2022-09-01,24,KLG_GNODEDIL,KLG_GNODEDIL,KLG_GNODEDIL,RTPD,MGHG,LMP_GHG_PRC,KLG_GNODEDIL,ALL,1,0,2,5
2022-09-01T07:30:00-00:00,2022-09-01T07:45:00-00:00,2022-09-01,01,KLG_GNODEDIL,KLG_GNODEDIL,KLG_GNODEDIL,RTPD,MGHG,LMP_GHG_PRC,KLG_GNODEDIL,ALL,1,0,3,5
2022-09-01T08:30:00-00:00,2022-09-01T08:45:00-00:00,2022-09-01,02,KLG_GNODEDIL,KLG_GNODEDIL,KLG_GNODEDIL,RTPD,MGHG,LMP_GHG_PRC,KLG_GNODEDIL,ALL,1,0,3,5
2022-09-01T09:30:00-00:00,2022-09-01T09:45:00-00:00,2022-09-01,03,KLG_GNODEDIL,KLG_GNODEDIL,KLG_GNODEDIL,RTPD,MGHG,LMP_GHG_PRC,KLG_GNODEDIL,ALL,1,0,3,5
2022-09-01T10:30:00-00:00,2022-09-01T10:45:00-00:00,2022-09-01,04,KLG_GNODEDIL,KLG_GNODEDIL,KLG_GNODEDIL,RTPD,MGHG,LMP_GHG_PRC,KLG_GNODEDIL,ALL,1,0,3,5
2022-09-01T11:30:00-00:00,2022-09-01T11:45:00-00:00,2022-09-01,05,KLG_GNODEDIL,KLG_GNODEDIL,KLG_GNODEDIL,RTPD,MGHG,LMP_GHG_PRC,KLG_GNODEDIL,ALL,1,0,3,5
2022-09-01T12:30:00-00:00,2022-09-01T12:45:00-00:00,2022-09-01,06,KLG_GNODEDIL,KLG_GNODEDIL,KLG_GNODEDIL,RTPD,MGHG,LMP_GHG_PRC,KLG_GNODEDIL,ALL,1,0,3,5
2022-09-01T13:30:00-00:00,2022-09-01T13:45:00-00:00,2022-09-01,07,KLG_GNODEDIL,KLG_GNODEDIL,KLG_GNODEDIL,RTPD,MGHG,LMP_GHG_PRC,KLG_GNODEDIL,ALL,1,0,3,5
2022-09-01T14:30:00-00:00,2022-09-01T14:45:00-00:00,2022-09-01,08,KLG_GNODEDIL,KLG_GNODEDIL,KLG_GNODEDIL,RTPD,MGHG,LMP_GHG_PRC,KLG_GNODEDIL,ALL,1,0,3,5
2022-09-01T15:30:00-00:00,2022-09-01T15:45:00-00:00,2022-09-01,09,KLG_GNODEDIL,KLG_GNODEDIL,KLG_GNODEDIL,RTPD,MGHG,LMP_GHG_PRC,KLG_GNODEDIL,ALL,1,0,3,5
2022-09-01T16:30:00-00:00,2022-09-01T16:45:00-00:00,2022-09-01,10,KLG_GNODEDIL,KLG_GNODEDIL,KLG_GNODEDIL,RTPD,MGHG,LMP_GHG_PRC,KLG_GNODEDIL,ALL,1,0,3,5
2022-09-01T17:30:00-00:00,2022-09-01T17:45:00-00:00,2022-09-01,11,KLG_GNODEDIL,KLG_GNODEDIL,KLG_GNODEDIL,RTPD,MGHG,LMP_GHG_PRC,KLG_GNODEDIL,ALL,1,0,3,5
2022-09-01T18:30:00-00:00,2022-09-01T18:45:00-00:00,2022-09-01,12,KLG_GNODEDIL,KLG_GNODEDIL,KLG_GNODEDIL,RTPD,MGHG,LMP_GHG_PRC,KLG_GNODEDIL,ALL,1,0,3,5
2022-09-01T19:30:00-00:00,2022-09-01T19:45:00-00:00,2022-09-01,13,KLG_GNODEDIL,KLG_GNODEDIL,KLG_GNODEDIL,RTPD,MGHG,LMP_GHG_PRC,KLG_GNODEDIL,ALL,1,0,3,5
2022-09-01T20:30:00-00:00,2022-09-01T20:45:00-00:00,2022-09-01,14,KLG_GNODEDIL,KLG_GNODEDIL,KLG_GNODEDIL,RTPD,MGHG,LMP_GHG_PRC,KLG_GNODEDIL,ALL,1,0,3,5
2022-09-01T21:30:00-00:00,2022-09-01T21:45:00-00:00,2022-09-01,15,KLG_GNODEDIL,KLG_GNODEDIL,KLG_GNODEDIL,RTPD,MGHG,LMP_GHG_PRC,KLG_GNODEDIL,ALL,1,0,3,5
2022-09-01T22:30:00-00:00,2022-09-01T22:45:00-00:00,2022-09-01,16,KLG_GNODEDIL,KLG_GNODEDIL,KLG_GNODEDIL,RTPD,MGHG,LMP_GHG_PRC,KLG_GNODEDIL,ALL,1,0,3,5
2022-09-01T23:30:00-00:00,2022-09-01T23:45:00-00:00,2022-09-01,17,KLG_GNODEDIL,KLG_GNODEDIL,KLG_GNODEDIL,RTPD,MGHG,LMP_GHG_PRC,KLG_GNODEDIL,ALL,1,0,3,5
2022-09-02T00:30:00-00:00,2022-09-02T00:45:00-00:00,2022-09-01,18,KLG_GNODEDIL,KLG_GNODEDIL,KLG_GNODEDIL,RTPD,MGHG,LMP_GHG_PRC,KLG_GNODEDIL,ALL,1,0,3,5
2022-09-02T01:30:00-00:00,2022-09-02T01:45:00-00:00,2022-09-01,19,KLG_GNODEDIL,KLG_GNODEDIL,KLG_GNODEDIL,RTPD,MGHG,LMP_GHG_PRC,KLG_GNODEDIL,ALL,1,0,3,5
2022-09-02T02:30:00-00:00,2022-09-02T02:45:00-00:00,2022-09-01,20,KLG_GNODEDIL,KLG_GNODEDIL,KLG_GNODEDIL,RTPD,MGHG,LMP_GHG_PRC,KLG_GNODEDIL,ALL,1,0,3,5
2022-09-02T03:30:00-00:00,2022-09-02T03:45:00-00:00,2022-09-01,21,KLG_GNODEDIL,KLG_GNODEDIL,KLG_GNODEDIL,RTPD,MGHG,LMP_GHG_PRC,KLG_GNODEDIL,ALL,1,0,3,5
2022-09-02T04:30:00-00:00,2022-09-02T04:45:00-00:00,2022-09-01,22,KLG_GNODEDIL,KLG_GNODEDIL,KLG_GNODEDIL,RTPD,MGHG,LMP_GHG_PRC,KLG_GNODEDIL,ALL,1,0,3,5
2022-09-02T05:30:00-00:00,2022-09-02T05:45:00-00:00,2022-09-01,23,KLG_GNODEDIL,KLG_GNODEDIL,KLG_GNODEDIL,RTPD,MGHG,LMP_GHG_PRC,KLG_GNODEDIL,ALL,1,0,3,5
2022-09-02T06:30:00-00:00,2022-09-02T06:45:00-00:00,2022-09-01,24,KLG_GNODEDIL,KLG_GNODEDIL,KLG_GNODEDIL,RTPD,MGHG,LMP_GHG_PRC,KLG_GNODEDIL,ALL,1,0,3,5
2022-09-01T07:45:00-00:00,2022-09-01T08:00:00-00:00,2022-09-01,01,KLG_GNODEDIL,KLG_GNODEDIL,KLG_GNODEDIL,RTPD,MGHG,LMP_GHG_PRC,KLG_GNODEDIL,ALL,1,0,4,5
2022-09-01T08:45:00-00:00,2022-09-01T09:00:00-00:00,2022-09-01,02,KLG_GNODEDIL,KLG_GNODEDIL,KLG_GNODEDIL,RTPD,MGHG,LMP_GHG_PRC,KLG_GNODEDIL,ALL,1,0,4,5
2022-09-01T09:45:00-00:00,2022-09-01T10:00:00-00:00,2022-09-01,03,KLG_GNODEDIL,KLG_GNODEDIL,KLG_GNODEDIL,RTPD,MGHG,LMP_GHG_PRC,KLG_GNODEDIL,ALL,1,0,4,5
2022-09-01T10:45:00-00:00,2022-09-01T11:00:00-00:00,2022-09-01,04,KLG_GNODEDIL,KLG_GNODEDIL,KLG_GNODEDIL,RTPD,MGHG,LMP_GHG_PRC,KLG_GNODEDIL,ALL,1,0,4,5
2022-09-01T11:45:00-00:00,2022-09-01T12:00:00-00:00,2022-09-01,05,KLG_GNODEDIL,KLG_GNODEDIL,KLG_GNODEDIL,RTPD,MGHG,LMP_GHG_PRC,KLG_GNODEDIL,ALL,1,0,4,5
2022-09-01T12:45:00-00:00,2022-09-01T13:00:00-00:00,2022-09-01,06,KLG_GNODEDIL,KLG_GNODEDIL,KLG_GNODEDIL,RTPD,MGHG,LMP_GHG_PRC,KLG_GNODEDIL,ALL,1,0,4,5
2022-09-01T13:45:00-00:00,2022-09-01T14:00:00-00:00,2022-09-01,07,KLG_GNODEDIL,KLG_GNODEDIL,KLG_GNODEDIL,RTPD,MGHG,LMP_GHG_PRC,KLG_GNODEDIL,ALL,1,0,4,5
2022-09-01T14:45:00-00:00,2022-09-01T15:00:00-00:00,2022-09-01,08,KLG_GNODEDIL,KLG_GNODEDIL,KLG_GNODEDIL,RTPD,MGHG,LMP_GHG_PRC,KLG_GNODEDIL,ALL,1,0,4,5
2022-09-01T15:45:00-00:00,2022-09-01T16:00:00-00:00,2022-09-01,09,KLG_GNODEDIL,KLG_GNODEDIL,KLG_GNODEDIL,RTPD,MGHG,LMP_GHG_PRC,KLG_GNODEDIL,ALL,1,0,4,5
2022-09-01T16:45:00-00:00,2022-09-01T17:00:00-00:00,2022-09-01,10,KLG_GNODEDIL,KLG_GNODEDIL,KLG_GNODEDIL,RTPD,MGHG,LMP_GHG_PRC,KLG_GNODEDIL,ALL,1,0,4,5
2022-09-01T17:45:00-00:00,2022-09-01T18:00:00-00:00,2022-09-01,11,KLG_GNODEDIL,KLG_GNODEDIL,KLG_GNODEDIL,RTPD,MGHG,LMP_GHG_PRC,KLG_GNODEDIL,ALL,1,0,4,5
2022-09-01T18:45:00-00:00,2022-09-01T19:00:00-00:00,2022-09-01,12,KLG_GNODEDIL,KLG_GNODEDIL,KLG_GNODEDIL,RTPD,MGHG,LMP_GHG_PRC,KLG_GNODEDIL,ALL,1,0,4,5
2022-09-01T19:45:00-00:00,2022-09-01T20:00:00-00:00,2022-09-01,13,KLG_GNODEDIL,KLG_GNODEDIL,KLG_GNODEDIL,RTPD,MGHG,LMP_GHG_PRC,KLG_GNODEDIL,ALL,1,0,4,5
2022-09-01T20:45:00-00:00,2022-09-01T21:00:00-00:00,2022-09-01,14,KLG_GNODEDIL,KLG_GNODEDIL,KLG_GNODEDIL,RTPD,MGHG,LMP_GHG_PRC,KLG_GNODEDIL,ALL,1,0,4,5
2022-09-01T21:45:00-00:00,2022-09-01T22:00:00-00:00,2022-09-01,15,KLG_GNODEDIL,KLG_GNODEDIL,KLG_GNODEDIL,RTPD,MGHG,LMP_GHG_PRC,KLG_GNODEDIL,ALL,1,0,4,5
2022-09-01T22:45:00-00:00,2022-09-01T23:00:00-00:00,2022-09-01,16,KLG_GNODEDIL,KLG_GNODEDIL,KLG_GNODEDIL,RTPD,MGHG,LMP_GHG_PRC,KLG_GNODEDIL,ALL,1,0,4,5
2022-09-01T23:45:00-00:00,2022-09-02T00:00:00-00:00,2022-09-01,17,KLG_GNODEDIL,KLG_GNODEDIL,KLG_GNODEDIL,RTPD,MGHG,LMP_GHG_PRC,KLG_GNODEDIL,ALL,1,0,4,5
2022-09-02T00:45:00-00:00,2022-09-02T01:00:00-00:00,2022-09-01,18,KLG_GNODEDIL,KLG_GNODEDIL,KLG_GNODEDIL,RTPD,MGHG,LMP_GHG_PRC,KLG_GNODEDIL,ALL,1,0,4,5
2022-09-02T01:45:00-00:00,2022-09-02T02:00:00-00:00,2022-09-01,19,KLG_GNODEDIL,KLG_GNODEDIL,KLG_GNODEDIL,RTPD,MGHG,LMP_GHG_PRC,KLG_GNODEDIL,ALL,1,0,4,5
2022-09-02T02:45:00-00:00,2022-09-02T03:00:00-00:00,2022-09-01,20,KLG_GNODEDIL,KLG_GNODEDIL,KLG_GNODEDIL,RTPD,MGHG,LMP_GHG_PRC,KLG_GNODEDIL,ALL,1,0,4,5
2022-09-02T03:45:00-00:00,2022-09-02T04:00:00-00:00,2022-09-01,21,KLG_GNODEDIL,KLG_GNODEDIL,KLG_GNODEDIL,RTPD,MGHG,LMP_GHG_PRC,KLG_GNODEDIL,ALL,1,0,4,5
2022-09-02T04:45:00-00:00,2022-09-02T05:00:00-00:00,2022-09-01,22,KLG_GNODEDIL,KLG_GNODEDIL,KLG_GNODEDIL,RTPD,MGHG,LMP_GHG_PRC,KLG_GNODEDIL,ALL,1,0,4,5
2022-09-02T05:45:00-00:00,2022-09-02T06:00:00-00:00,2022-09-01,23,KLG_GNODEDIL,KLG_GNODEDIL,KLG_GNODEDIL,RTPD,MGHG,LMP_GHG_PRC,KLG_GNODEDIL,ALL,1,0,4,5
2022-09-02T06:45:00-00:00,2022-09-02T07:00:00-00:00,2022-09-01,24,KLG_GNODEDIL,KLG_GNODEDIL,KLG_GNODEDIL,RTPD,MGHG,LMP_GHG_PRC,KLG_GNODEDIL,ALL,1,0,4,5
