INTERVALSTARTTIME_GMT,INTERVALENDTIME_GMT,OPR_DT,OPR_HR,NODE_ID_XML,NODE_ID,NODE,MARKET_RUN_ID,LMP_TYPE,XML_DATA_ITEM,PNODE_RESMRID,GRP_TYPE,POS,PRC,OPR_INTERVAL,GROUP
2022-09-01T07:00:00-00:00,2022-09-01T07:15:00-00:00,2022-09-01,01,ELK_GNODEPTP,ELK_GNODEPTP,ELK_GNODEPTP,RTPD,LMP,LMP_PRC,ELK_GNODEPTP,ALL,1,88.12713,1,1
2022-09-01T08:00:00-00:00,2022-09-01T08:15:00-00:00,2022-09-01,02,ELK_GNODEPTP,ELK_GNODEPTP,ELK_GNODEPTP,RTPD,LMP,LMP_PRC,ELK_GNODEPTP,ALL,1,112.2674,1,1
2022-09-01T09:00:00-00:00,2022-09-01T09:15:00-00:00,2022-09-01,03,ELK_GNODEPTP,ELK_GNODEPTP,ELK_GNODEPTP,RTPD,LMP,LMP_PRC,ELK_GNODEPTP,ALL,1,96.20115,1,1
2022-09-01T10:00:00-00:00,2022-09-01T10:15:00-00:00,2022-09-01,04,ELK_GNODEPTP,ELK_GNODEPTP,ELK_GNODEPTP,RTPD,LMP,LMP_PRC,ELK_GNODEPTP,ALL,1,95.9562,1,1
2022-09-01T11:00:00-00:00,2022-09-01T11:15:00-00:00,2022-09-01,05,ELK_GNODEPTP,ELK_GNODEPTP,ELK_GNODEPTP,RTPD,LMP,LMP_PRC,ELK_GNODEPTP,ALL,1,103.60574,1,1
2022-09-01T12:00:00-00:00,2022-09-01T12:15:00-00:00,2022-09-01,06,ELK_GNODEPTP,ELK_GNODEPTP,ELK_GNODEPTP,RTPD,LMP,LMP_PRC,ELK_GNODEPTP,ALL,1,87.39674,1,1
2022-09-01T13:00:00-00:00,2022-09-01T13:15:00-00:00,2022-09-01,07,ELK_GNODEPTP,ELK_GNODEPTP,ELK_GNODEPTP,RTPD,LMP,LMP_PRC,ELK_GNODEPTP,ALL,1,88.86365,1,1
2022-09-01T14:00:00-00:00,2022-09-01T14:15:00-00:00,2022-09-01,08,ELK_GNODEPTP,ELK_GNODEPTP,ELK_GNODEPTP,RTPD,LMP,LMP_PRC,ELK_GNODEPTP,ALL,1,113.95543,1,1
2022-09-01T15:00:00-00:00,2022-09-01T15:15:00-00:00,2022-09-01,09,ELK_GNODEPTP,ELK_GNODEPTP,ELK_GNODEPTP,RTPD,LMP,LMP_PRC,ELK_GNODEPTP,ALL,1,97.4124,1,1
2022-09-01T16:00:00-00:00,2022-09-01T16:15:00-00:00,2022-09-01,10,ELK_GNODEPTP,ELK_GNODEPTP,ELK_GNODEPTP,RTPD,LMP,LMP_PRC,ELK_GNODEPTP,ALL,1,83.43645,1,1
2022-09-01T17:00:00-00:00,2022-09-01T17:15:00-00:00,2022-09-01,11,ELK_GNODEPTP,ELK_GNODEPTP,ELK_GNODEPTP,RTPD,LMP,LMP_PRC,ELK_GNODEPTP,ALL,1,80.49267,1,1
2022-09-01T18:00:00-00:00,2022-09-01T18:15:00-00:00,2022-09-01,12,ELK_GNODEPTP,ELK_GNODEPTP,ELK_GNODEPTP,RTPD,LMP,LMP_PRC,ELK_GNODEPTP,ALL,1,59.63174,1,1
2022-09-01T19:00:00-00:00,2022-09-01T19:15:00-00:00,2022-09-01,13,ELK_GNODEPTP,ELK_GNODEPTP,ELK_GNODEPTP,RTPD,LMP,LMP_PRC,ELK_GNODEPTP,ALL,1,73.90915,1,1
2022-09-01T20:00:00-00:00,2022-09-01T20:15:00-00:00,2022-09-01,14,ELK_GNODEPTP,ELK_GNODEPTP,ELK_GNODEPTP,RTPD,LMP,LMP_PRC,ELK_GNODEPTP,ALL,1,114.47529,1,1
2022-09-01T21:00:00-00:00,2022-09-01T21:15:00-00:00,2022-09-01,15,ELK_GNODEPTP,ELK_GNODEPTP,ELK_GNODEPTP,RTPD,LMP,LMP_PRC,ELK_GNODEPTP,ALL,1,128.0267,1,1
2022-09-01T22:00:00-00:00,2022-09-01T22:15:00-00:00,2022-09-01,16,ELK_GNODEPTP,ELK_GNODEPTP,ELK_GNODEPTP,RTPD,LMP,LMP_PRC,ELK_GNODEPTP,ALL,1,122.42633,1,1
2022-09-01T23:00:00-00:00,2022-09-01T23:15:00-00:00,2022-09-01,17,ELK_GNODEPTP,ELK_GNODEPTP,ELK_GNODEPTP,RTPD,LMP,LMP_PRC,ELK_GNODEPTP,ALL,1,218.74461,1,1
2022-09-02T00:00:00-00:00,2022-09-02T00:15:00-00:00,2022-09-01,18,ELK_GNODEPTP,ELK_GNODEPTP,ELK_GNODEPTP,RTPD,LMP,LMP_PRC,ELK_GNODEPTP,ALL,1,1145.1398,1,1
2022-09-02T01:00:00-00:00,2022-09-02T01:15:00-00:00,2022-09-01,19,ELK_GNODEPTP,ELK_GNODEPTP,ELK_GNODEPTP,RTPD,LMP,LMP_PRC,ELK_GNODEPTP,ALL,1,1241.471,1,1
2022-09-02T02:00:00-00:00,2022-09-02T02:15:00-00:00,2022-09-01,20,ELK_GNODEPTP,ELK_GNODEPTP,ELK_GNODEPTP,RTPD,LMP,LMP_PRC,ELK_GNODEPTP,ALL,1,1991.671,1,1
2022-09-02T03:00:00-00:00,2022-09-02T03:15:00-00:00,2022-09-01,21,ELK_GNODEPTP,ELK_GNODEPTP,ELK_GNODEPTP,RTPD,LMP,LMP_PRC,ELK_GNODEPTP,ALL,1,1389.4653,1,1
2022-09-02T04:00:00-00:00,2022-09-02T04:15:00-00:00,2022-09-01,22,ELK_GNODEPTP,ELK_GNODEPTP,ELK_GNODEPTP,RTPD,LMP,LMP_PRC,ELK_GNODEPTP,ALL,1,268.19354,1,1
2022-09-02T05:00:00-00:00,2022-09-02T05:15:00-00:00,2022-09-01,23,ELK_GNODEPTP,ELK_GNODEPTP,ELK_GNODEPTP,RTPD,LMP,LMP_PRC,ELK_GNODEPTP,ALL,1,189.78972,1,1
2022-09-02T06:00:00-00:00,2022-09-02T06:15:00-00:00,2022-09-01,24,ELK_GNODEPTP,ELK_GNODEPTP,ELK_GNODEPTP,RTPD,LMP,LMP_PRC,ELK_GNODEPTP,ALL,1,162.99878,1,1
2022-09-01T07:15:00-00:00,2022-09-01T07:30:00-00:00,2022-09-01,01,ELK_GNODEPTP,ELK_GNODEPTP,ELK_GNODEPTP,RTPD,LMP,LMP_PRC,ELK_GNODEPTP,ALL,1,115.7337,2,1
2022-09-01T08:15:00-00:00,2022-09-01T08:30:00-00:00,2022-09-01,02,ELK_GNODEPTP,ELK_GNODEPTP,ELK_GNODEPTP,RTPD,LMP,LMP_PRC,ELK_GNODEPTP,ALL,1,114.63685,2,1
2022-09-01T09:15:00-00:00,2022-09-01T09:30:00-00:00,2022-09-01,03,ELK_GNODEPTP,ELK_GNODEPTP,ELK_GNODEPTP,RTPD,LMP,LMP_PRC,ELK_GNODEPTP,ALL,1,93.47348,2,1
2022-09-01T10:15:00-00:00,2022-09-01T10:30:00-00:00,2022-09-01,04,ELK_GNODEPTP,ELK_GNODEPTP,ELK_GNODEPTP,RTPD,LMP,LMP_PRC,ELK_GNODEPTP,ALL,1,92.63304,2,1
2022-09-01T11:15:00-00:00,2022-09-01T11:30:00-00:00,2022-09-01,05,ELK_GNODEPTP,ELK_GNODEPTP,ELK_GNODEPTP,RTPD,LMP,LMP_PRC,ELK_GNODEPTP,ALL,1,104.10209,2,1
2022-09-01T12:15:00-00:00,2022-09-01T12:30:00-00:00,2022-09-01,06,ELK_GNODEPTP,ELK_GNODEPTP,ELK_GNODEPTP,RTPD,LMP,LMP_PRC,ELK_GNODEPTP,ALL,1,103.76934,2,1
2022-09-01T13:15:00-00:00,2022-09-01T13:30:00-00:00,2022-09-01,07,ELK_GNODEPTP,ELK_GNODEPTP,ELK_GNODEPTP,RTPD,LMP,LMP_PRC,ELK_GNODEPTP,ALL,1,110.98892,2,1
2022-09-01T14:15:00-00:00,2022-09-01T14:30:00-00:00,2022-09-01,08,ELK_GNODEPTP,ELK_GNODEPTP,ELK_GNODEPTP,RTPD,LMP,LMP_PRC,ELK_GNODEPTP,ALL,1,107.46876,2,1
2022-09-01T15:15:00-00:00,2022-09-01T15:30:00-00:00,2022-09-01,09,ELK_GNODEPTP,ELK_GNODEPTP,ELK_GNODEPTP,RTPD,LMP,LMP_PRC,ELK_GNODEPTP,ALL,1,86.94,2,1
2022-09-01T16:15:00-00:00,2022-09-01T16:30:00-00:00,2022-09-01,10,ELK_GNODEPTP,ELK_GNODEPTP,ELK_GNODEPTP,RTPD,LMP,LMP_PRC,ELK_GNODEPTP,ALL,1,87.83857,2,1
2022-09-01T17:15:00-00:00,2022-09-01T17:30:00-00:00,2022-09-01,11,ELK_GNODEPTP,ELK_GNODEPTP,ELK_GNODEPTP,RTPD,LMP,LMP_PRC,ELK_GNODEPTP,ALL,1,79.30233,2,1
2022-09-01T18:15:00-00:00,2022-09-01T18:30:00-00:00,2022-09-01,12,ELK_GNODEPTP,ELK_GNODEPTP,ELK_GNODEPTP,RTPD,LMP,LMP_PRC,ELK_GNODEPTP,ALL,1,74.99245,2,1
2022-09-01T19:15:00-00:00,2022-09-01T19:30:00-00:00,2022-09-01,13,ELK_GNODEPTP,ELK_GNODEPTP,ELK_GNODEPTP,RTPD,LMP,LMP_PRC,ELK_GNODEPTP,ALL,1,76.09262,2,1
2022-09-01T20:15:00-00:00,2022-09-01T20:30:00-00:00,2022-09-01,14,ELK_GNODEPTP,ELK_GNODEPTP,ELK_GNODEPTP,RTPD,LMP,LMP_PRC,ELK_GNODEPTP,ALL,1,114.35435,2,1
2022-09-01T21:15:00-00:00,2022-09-01T21:30:00-00:00,2022-09-01,15,ELK_GNODEPTP,ELK_GNODEPTP,ELK_GNODEPTP,RTPD,LMP,LMP_PRC,ELK_GNODEPTP,ALL,1,120.56868,2,1
2022-09-01T22:15:00-00:00,2022-09-01T22:30:00-00:00,2022-09-01,16,ELK_GNODEPTP,ELK_GNODEPTP,ELK_GNODEPTP,RTPD,LMP,LMP_PRC,ELK_GNODEPTP,ALL,1,139.4708,2,1
2022-09-01T23:15:00-00:00,2022-09-01T23:30:00-00:00,2022-09-01,17,ELK_GNODEPTP,ELK_GNODEPTP,ELK_GNODEPTP,RTPD,LMP,LMP_PRC,ELK_GNODEPTP,ALL,1,264.7351,2,1
2022-09-02T00:15:00-00:00,2022-09-02T00:30:00-00:00,2022-09-01,18,ELK_GNODEPTP,ELK_GNODEPTP,ELK_GNODEPTP,RTPD,LMP,LMP_PRC,ELK_GNODEPTP,ALL,1,1053.5525,2,1
2022-09-02T01:15:00-00:00,2022-09-02T01:30:00-00:00,2022-09-01,19,ELK_GNODEPTP,ELK_GNODEPTP,ELK_GNODEPTP,RTPD,LMP,LMP_PRC,ELK_GNODEPTP,ALL,1,1999.9945,2,1
2022-09-02T02:15:00-00:00,2022-09-02T02:30:00-00:00,2022-09-01,20,ELK_GNODEPTP,ELK_GNODEPTP,ELK_GNODEPTP,RTPD,LMP,LMP_PRC,ELK_GNODEPTP,ALL,1,1991.671,2,1
2022-09-02T03:15:00-00:00,2022-09-02T03:30:00-00:00,2022-09-01,21,ELK_GNODEPTP,ELK_GNODEPTP,ELK_GNODEPTP,RTPD,LMP,LMP_PRC,ELK_GNODEPTP,ALL,1,571.67444,2,1
2022-09-02T04:15:00-00:00,2022-09-02T04:30:00-00:00,2022-09-01,22,ELK_GNODEPTP,ELK_GNODEPTP,ELK_GNODEPTP,RTPD,LMP,LMP_PRC,ELK_GNODEPTP,ALL,1,232.77277,2,1
2022-09-02T05:15:00-00:00,2022-09-02T05:30:00-00:00,2022-09-01,23,ELK_GNODEPTP,ELK_GNODEPTP,ELK_GNODEPTP,RTPD,LMP,LMP_PRC,ELK_GNODEPTP,ALL,1,162.1018,2,1
2022-09-02T06:15:00-00:00,2022-09-02T06:30:00-00:00,2022-09-01,24,ELK_GNODEPTP,ELK_GNODEPTP,ELK_GNODEPTP,RTPD,LMP,LMP_PRC,ELK_GNODEPTP,ALL,1,145.44856,2,1
2022-09-01T07:30:00-00:00,2022-09-01T07:45:00-00:00,2022-09-01,01,ELK_GNODEPTP,ELK_GNODEPTP,ELK_GNODEPTP,RTPD,LMP,LMP_PRC,ELK_GNODEPTP,ALL,1,103.12732,3,1
2022-09-01T08:30:00-00:00,2022-09-01T08:45:00-00:00,2022-09-01,02,ELK_GNODEPTP,ELK_GNODEPTP,ELK_GNODEPTP,RTPD,LMP,LMP_PRC,ELK_GNODEPTP,ALL,1,112.67946,3,1
2022-09-01T09:30:00-00:00,2022-09-01T09:45:00-00:00,2022-09-01,03,ELK_GNODEPTP,ELK_GNODEPTP,ELK_GNODEPTP,RTPD,LMP,LMP_PRC,ELK_GNODEPTP,ALL,1,93.20404,3,1
2022-09-01T10:30:00-00:00,2022-09-01T10:45:00-00:00,2022-09-01,04,ELK_GNODEPTP,ELK_GNODEPTP,ELK_GNODEPTP,RTPD,LMP,LMP_PRC,ELK_GNODEPTP,ALL,1,94.40976,3,1
2022-09-01T11:30:00-00:00,2022-09-01T11:45:00-00:00,2022-09-01,05,ELK_GNODEPTP,ELK_GNODEPTP,ELK_GNODEPTP,RTPD,LMP,LMP_PRC,ELK_GNODEPTP,ALL,1,104.02167,3,1
2022-09-01T12:30:00-00:00,2022-09-01T12:45:00-00:00,2022-09-01,06,ELK_GNODEPTP,ELK_GNODEPTP,ELK_GNODEPTP,RTPD,LMP,LMP_PRC,ELK_GNODEPTP,ALL,1,103.80902,3,1
2022-09-01T13:30:00-00:00,2022-09-01T13:45:00-00:00,2022-09-01,07,ELK_GNODEPTP,ELK_GNODEPTP,ELK_GNODEPTP,RTPD,LMP,LMP_PRC,ELK_GNODEPTP,ALL,1,112.34429,3,1
2022-09-01T14:30:00-00:00,2022-09-01T14:45:00-00:00,2022-09-01,08,ELK_GNODEPTP,ELK_GNODEPTP,ELK_GNODEPTP,RTPD,LMP,LMP_PRC,ELK_GNODEPTP,ALL,1,104.63349,3,1
2022-09-01T15:30:00-00:00,2022-09-01T15:45:00-00:00,2022-09-01,09,ELK_GNODEPTP,ELK_GNODEPTP,ELK_GNODEPTP,RTPD,LMP,LMP_PRC,ELK_GNODEPTP,ALL,1,86.14,3,1
2022-09-01T16:30:00-00:00,2022-09-01T16:45:00-00:00,2022-09-01,10,ELK_GNODEPTP,ELK_GNODEPTP,ELK_GNODEPTP,RTPD,LMP,LMP_PRC,ELK_GNODEPTP,ALL,1,75.30548,3,1
2022-09-01T17:30:00-00:00,2022-09-01T17:45:00-00:00,2022-09-01,11,ELK_GNODEPTP,ELK_GNODEPTP,ELK_GNODEPTP,RTPD,LMP,LMP_PRC,ELK_GNODEPTP,ALL,1,79.01045,3,1
2022-09-01T18:30:00-00:00,2022-09-01T18:45:00-00:00,2022-09-01,12,ELK_GNODEPTP,ELK_GNODEPTP,ELK_GNODEPTP,RTPD,LMP,LMP_PRC,ELK_GNODEPTP,ALL,1,79.91461,3,1
2022-09-01T19:30:00-00:00,2022-09-01T19:45:00-00:00,2022-09-01,13,ELK_GNODEPTP,ELK_GNODEPTP,ELK_GNODEPTP,RTPD,LMP,LMP_PRC,ELK_GNODEPTP,ALL,1,101.54017,3,1
2022-09-01T20:30:00-00:00,2022-09-01T20:45:00-00:00,2022-09-01,14,ELK_GNODEPTP,ELK_GNODEPTP,ELK_GNODEPTP,RTPD,LMP,LMP_PRC,ELK_GNODEPTP,ALL,1,117.1437,3,1
2022-09-01T21:30:00-00:00,2022-09-01T21:45:00-00:00,2022-09-01,15,ELK_GNODEPTP,ELK_GNODEPTP,ELK_GNODEPTP,RTPD,LMP,LMP_PRC,ELK_GNODEPTP,ALL,1,128.45499,3,1
2022-09-01T22:30:00-00:00,2022-09-01T22:45:00-00:00,2022-09-01,16,ELK_GNODEPTP,ELK_GNODEPTP,ELK_GNODEPTP,RTPD,LMP,LMP_PRC,ELK_GNODEPTP,ALL,1,157.75629,3,1
2022-09-01T23:30:00-00:00,2022-09-01T23:45:00-00:00,2022-09-01,17,ELK_GNODEPTP,ELK_GNODEPTP,ELK_GNODEPTP,RTPD,LMP,LMP_PRC,ELK_GNODEPTP,ALL,1,566.4828,3,1
2022-09-02T00:30:00-00:00,2022-09-02T00:45:00-00:00,2022-09-01,18,ELK_GNODEPTP,ELK_GNODEPTP,ELK_GNODEPTP,RTPD,LMP,LMP_PRC,ELK_GNODEPTP,ALL,1,1780.8684,3,1
2022-09-02T01:30:00-00:00,2022-09-02T01:45:00-00:00,2022-09-01,19,ELK_GNODEPTP,ELK_GNODEPTP,ELK_GNODEPTP,RTPD,LMP,LMP_PRC,ELK_GNODEPTP,ALL,1,1999.9944,3,1
2022-09-02T02:30:00-00:00,2022-09-02T02:45:00-00:00,2022-09-01,20,ELK_GNODEPTP,ELK_GNODEPTP,ELK_GNODEPTP,RTPD,LMP,LMP_PRC,ELK_GNODEPTP,ALL,1,1991.6698,3,1
2022-09-02T03:30:00-00:00,2022-09-02T03:45:00-00:00,2022-09-01,21,ELK_GNODEPTP,ELK_GNODEPTP,ELK_GNODEPTP,RTPD,LMP,LMP_PRC,ELK_GNODEPTP,ALL,1,231.51382,3,1
2022-09-02T04:30:00-00:00,2022-09-02T04:45:00-00:00,2022-09-01,22,ELK_GNODEPTP,ELK_GNODEPTP,ELK_GNODEPTP,RTPD,LMP,LMP_PRC,ELK_GNODEPTP,ALL,1,184.97716,3,1
2022-09-02T05:30:00-00:00,2022-09-02T05:45:00-00:00,2022-09-01,23,ELK_GNODEPTP,ELK_GNODEPTP,ELK_GNODEPTP,RTPD,LMP,LMP_PRC,ELK_GNODEPTP,ALL,1,135.29579,3,1
2022-09-02T06:30:00-00:00,2022-09-02T06:45:00-00:00,2022-09-01,24,ELK_GNODEPTP,ELK_GNODEPTP,ELK_GNODEPTP,RTPD,LMP,LMP_PRC,ELK_GNODEPTP,ALL,1,131.64548,3,1
2022-09-01T07:45:00-00:00,2022-09-01T08:00:00-00:00,2022-09-01,01,ELK_GNODEPTP,ELK_GNODEPTP,ELK_GNODEPTP,RTPD,LMP,LMP_PRC,ELK_GNODEPTP,ALL,1,91.03375,4,1
2022-09-01T08:45:00-00:00,2022-09-01T09:00:00-00:00,2022-09-01,02,ELK_GNODEPTP,ELK_GNODEPTP,ELK_GNODEPTP,RTPD,LMP,LMP_PRC,ELK_GNODEPTP,ALL,1,95.54532,4,1
2022-09-01T09:45:00-00:00,2022-09-01T10:00:00-00:00,2022-09-01,03,ELK_GNODEPTP,ELK_GNODEPTP,ELK_GNODEPTP,RTPD,LMP,LMP_PRC,ELK_GNODEPTP,ALL,1,93.16719,4,1
2022-09-01T10:45:00-00:00,2022-09-01T11:00:00-00:00,2022-09-01,04,ELK_GNODEPTP,ELK_GNODEPTP,ELK_GNODEPTP,RTPD,LMP,LMP_PRC,ELK_GNODEPTP,ALL,1,94.52667,4,1
2022-09-01T11:45:00-00:00,2022-09-01T12:00:00-00:00,2022-09-01,05,ELK_GNODEPTP,ELK_GNODEPTP,ELK_GNODEPTP,RTPD,LMP,LMP_PRC,ELK_GNODEPTP,ALL,1,107.0112,4,1
2022-09-01T12:45:00-00:00,2022-09-01T13:00:00-00:00,2022-09-01,06,ELK_GNODEPTP,ELK_GNODEPTP,ELK_GNODEPTP,RTPD,LMP,LMP_PRC,ELK_GNODEPTP,ALL,1,114.18536,4,1
2022-09-01T13:45:00-00:00,2022-09-01T14:00:00-00:00,2022-09-01,07,ELK_GNODEPTP,ELK_GNODEPTP,ELK_GNODEPTP,RTPD,LMP,LMP_PRC,ELK_GNODEPTP,ALL,1,111.4088,4,1
2022-09-01T14:45:00-00:00,2022-09-01T15:00:00-00:00,2022-09-01,08,ELK_GNODEPTP,ELK_GNODEPTP,ELK_GNODEPTP,RTPD,LMP,LMP_PRC,ELK_GNODEPTP,ALL,1,86.14,4,1
2022-09-01T15:45:00-00:00,2022-09-01T16:00:00-00:00,2022-09-01,09,ELK_GNODEPTP,ELK_GNODEPTP,ELK_GNODEPTP,RTPD,LMP,LMP_PRC,ELK_GNODEPTP,ALL,1,78.70196,4,1
2022-09-01T16:45:00-00:00,2022-09-01T17:00:00-00:00,2022-09-01,10,ELK_GNODEPTP,ELK_GNODEPTP,ELK_GNODEPTP,RTPD,LMP,LMP_PRC,ELK_GNODEPTP,ALL,1,79.03149,4,1
2022-09-01T17:45:00-00:00,2022-09-01T18:00:00-00:00,2022-09-01,11,ELK_GNODEPTP,ELK_GNODEPTP,ELK_GNODEPTP,RTPD,LMP,LMP_PRC,ELK_GNODEPTP,ALL,1,79.28726,4,1
2022-09-01T18:45:00-00:00,2022-09-01T19:00:00-00:00,2022-09-01,12,ELK_GNODEPTP,ELK_GNODEPTP,ELK_GNODEPTP,RTPD,LMP,LMP_PRC,ELK_GNODEPTP,ALL,1,81.85659,4,1
2022-09-01T19:45:00-00:00,2022-09-01T20:00:00-00:00,2022-09-01,13,ELK_GNODEPTP,ELK_GNODEPTP,ELK_GNODEPTP,RTPD,LMP,LMP_PRC,ELK_GNODEPTP,ALL,1,106.66147,4,1
2022-09-01T20:45:00-00:00,2022-09-01T21:00:00-00:00,2022-09-01,14,ELK_GNODEPTP,ELK_GNODEPTP,ELK_GNODEPTP,RTPD,LMP,LMP_PRC,ELK_GNODEPTP,ALL,1,125.84733,4,1
2022-09-01T21:45:00-00:00,2022-09-01T22:00:00-00:00,2022-09-01,15,ELK_GNODEPTP,ELK_GNODEPTP,ELK_GNODEPTP,RTPD,LMP,LMP_PRC,ELK_GNODEPTP,ALL,1,211.36937,4,1
2022-09-01T22:45:00-00:00,2022-09-01T23:00:00-00:00,2022-09-01,16,ELK_GNODEPTP,ELK_GNODEPTP,ELK_GNODEPTP,RTPD,LMP,LMP_PRC,ELK_GNODEPTP,ALL,1,175.16396,4,1
2022-09-01T23:45:00-00:00,2022-09-02T00:00:00-00:00,2022-09-01,17,ELK_GNODEPTP,ELK_GNODEPTP,ELK_GNODEPTP,RTPD,LMP,LMP_PRC,ELK_GNODEPTP,ALL,1,1654.7148,4,1
2022-09-02T00:45:00-00:00,2022-09-02T01:00:00-00:00,2022-09-01,18,ELK_GNODEPTP,ELK_GNODEPTP,ELK_GNODEPTP,RTPD,LMP,LMP_PRC,ELK_GNODEPTP,ALL,1,1803.5789,4,1
2022-09-02T01:45:00-00:00,2022-09-02T02:00:00-00:00,2022-09-01,19,ELK_GNODEPTP,ELK_GNODEPTP,ELK_GNODEPTP,RTPD,LMP,LMP_PRC,ELK_GNODEPTP,ALL,1,1991.9325,4,1
2022-09-02T02:45:00-00:00,2022-09-02T03:00:00-00:00,2022-09-01,20,ELK_GNODEPTP,ELK_GNODEPTP,ELK_GNODEPTP,RTPD,LMP,LMP_PRC,ELK_GNODEPTP,ALL,1,1868.66,4,1
2022-09-02T03:45:00-00:00,2022-09-02T04:00:00-00:00,2022-09-01,21,ELK_GNODEPTP,ELK_GNODEPTP,ELK_GNODEPTP,RTPD,LMP,LMP_PRC,ELK_GNODEPTP,ALL,1,168.15923,4,1
2022-09-02T04:45:00-00:00,2022-09-02T05:00:00-00:00,2022-09-01,22,ELK_GNODEPTP,ELK_GNODEPTP,ELK_GNODEPTP,RTPD,LMP,LMP_PRC,ELK_GNODEPTP,ALL,1,130.77069,4,1
2022-09-02T05:45:00-00:00,2022-09-02T06:00:00-00:00,2022-09-01,23,ELK_GNODEPTP,ELK_GNODEPTP,ELK_GNODEPTP,RTPD,LMP,LMP_PRC,ELK_GNODEPTP,ALL,1,118.18517,4,1
2022-09-02T06:45:00-00:00,2022-09-02T07:00:00-00:00,2022-09-01,24,ELK_GNODEPTP,ELK_GNODEPTP,ELK_GNODEPTP,RTPD,LMP,LMP_PRC,ELK_GNODEPTP,ALL,1,112.01099,4,1
2022-09-01T07:00:00-00:00,2022-09-01T07:15:00-00:00,2022-09-01,01,ELK_GNODEPTP,ELK_GNODEPTP,ELK_GNODEPTP,RTPD,MCC,LMP_CONG_PRC,ELK_GNODEPTP,ALL,1,-16.1597,1,2
2022-09-01T08:00:00-00:00,2022-09-01T08:15:00-00:00,2022-09-01,02,ELK_GNODEPTP,ELK_GNODEPTP,ELK_GNODEPTP,RTPD,MCC,LMP_CONG_PRC,ELK_GNODEPTP,ALL,1,-3.2814,1,2
2022-09-01T09:00:00-00:00,2022-09-01T09:15:00-00:00,2022-09-01,03,ELK_GNODEPTP,ELK_GNODEPTP,ELK_GNODEPTP,RTPD,MCC,LMP_CONG_PRC,ELK_GNODEPTP,ALL,1,-4.39712,1,2
2022-09-01T10:00:00-00:00,2022-09-01T10:15:00-00:00,2022-09-01,04,ELK_GNODEPTP,ELK_GNODEPTP,ELK_GNODEPTP,RTPD,MCC,LMP_CONG_PRC,ELK_GNODEPTP,ALL,1,-3.81055,1,2
2022-09-01T11:00:00-00:00,2022-09-01T11:15:00-00:00,2022-09-01,05,ELK_GNODEPTP,ELK_GNODEPTP,ELK_GNODEPTP,RTPD,MCC,LMP_CONG_PRC,ELK_GNODEPTP,ALL,1,0.0012,1,2
2022-09-01T12:00:00-00:00,2022-09-01T12:15:00-00:00,2022-09-01,06,ELK_GNODEPTP,ELK_GNODEPTP,ELK_GNODEPTP,RTPD,MCC,LMP_CONG_PRC,ELK_GNODEPTP,ALL,1,-9.76368,1,2
2022-09-01T13:00:00-00:00,2022-09-01T13:15:00-00:00,2022-09-01,07,ELK_GNODEPTP,ELK_GNODEPTP,ELK_GNODEPTP,RTPD,MCC,LMP_CONG_PRC,ELK_GNODEPTP,ALL,1,-12.94513,1,2
2022-09-01T14:00:00-00:00,2022-09-01T14:15:00-00:00,2022-09-01,08,ELK_GNODEPTP,ELK_GNODEPTP,ELK_GNODEPTP,RTPD,MCC,LMP_CONG_PRC,ELK_GNODEPTP,ALL,1,-0.0012,1,2
2022-09-01T15:00:00-00:00,2022-09-01T15:15:00-00:00,2022-09-01,09,ELK_GNODEPTP,ELK_GNODEPTP,ELK_GNODEPTP,RTPD,MCC,LMP_CONG_PRC,ELK_GNODEPTP,ALL,1,0.0012,1,2
2022-09-01T16:00:00-00:00,2022-09-01T16:15:00-00:00,2022-09-01,10,ELK_GNODEPTP,ELK_GNODEPTP,ELK_GNODEPTP,RTPD,MCC,LMP_CONG_PRC,ELK_GNODEPTP,ALL,1,0.0012,1,2
2022-09-01T17:00:00-00:00,2022-09-01T17:15:00-00:00,2022-09-01,11,ELK_GNODEPTP,ELK_GNODEPTP,ELK_GNODEPTP,RTPD,MCC,LMP_CONG_PRC,ELK_GNODEPTP,ALL,1,-16.45631,1,2
2022-09-01T18:00:00-00:00,2022-09-01T18:15:00-00:00,2022-09-01,12,ELK_GNODEPTP,ELK_GNODEPTP,ELK_GNODEPTP,RTPD,MCC,LMP_CONG_PRC,ELK_GNODEPTP,ALL,1,-31.96117,1,2
2022-09-01T19:00:00-00:00,2022-09-01T19:15:00-00:00,2022-09-01,13,ELK_GNODEPTP,ELK_GNODEPTP,ELK_GNODEPTP,RTPD,MCC,LMP_CONG_PRC,ELK_GNODEPTP,ALL,1,-35.28722,1,2
2022-09-01T20:00:00-00:00,2022-09-01T20:15:00-00:00,2022-09-01,14,ELK_GNODEPTP,ELK_GNODEPTP,ELK_GNODEPTP,RTPD,MCC,LMP_CONG_PRC,ELK_GNODEPTP,ALL,1,-3.4683,1,2
2022-09-01T21:00:00-00:00,2022-09-01T21:15:00-00:00,2022-09-01,15,ELK_GNODEPTP,ELK_GNODEPTP,ELK_GNODEPTP,RTPD,MCC,LMP_CONG_PRC,ELK_GNODEPTP,ALL,1,-98.58828,1,2
2022-09-01T22:00:00-00:00,2022-09-01T22:15:00-00:00,2022-09-01,16,ELK_GNODEPTP,ELK_GNODEPTP,ELK_GNODEPTP,RTPD,MCC,LMP_CONG_PRC,ELK_GNODEPTP,ALL,1,-106.75918,1,2
2022-09-01T23:00:00-00:00,2022-09-01T23:15:00-00:00,2022-09-01,17,ELK_GNODEPTP,ELK_GNODEPTP,ELK_GNODEPTP,RTPD,MCC,LMP_CONG_PRC,ELK_GNODEPTP,ALL,1,-168.00908,1,2
2022-09-02T00:00:00-00:00,2022-09-02T00:15:00-00:00,2022-09-01,18,ELK_GNODEPTP,ELK_GNODEPTP,ELK_GNODEPTP,RTPD,MCC,LMP_CONG_PRC,ELK_GNODEPTP,ALL,1,329.09415,1,2
2022-09-02T01:00:00-00:00,2022-09-02T01:15:00-00:00,2022-09-01,19,ELK_GNODEPTP,ELK_GNODEPTP,ELK_GNODEPTP,RTPD,MCC,LMP_CONG_PRC,ELK_GNODEPTP,ALL,1,325.1997,1,2
2022-09-02T02:00:00-00:00,2022-09-02T02:15:00-00:00,2022-09-01,20,ELK_GNODEPTP,ELK_GNODEPTP,ELK_GNODEPTP,RTPD,MCC,LMP_CONG_PRC,ELK_GNODEPTP,ALL,1,-0.0012,1,2
2022-09-02T03:00:00-00:00,2022-09-02T03:15:00-00:00,2022-09-01,21,ELK_GNODEPTP,ELK_GNODEPTP,ELK_GNODEPTP,RTPD,MCC,LMP_CONG_PRC,ELK_GNODEPTP,ALL,1,404.56644,1,2
2022-09-02T04:00:00-00:00,2022-09-02T04:15:00-00:00,2022-09-01,22,ELK_GNODEPTP,ELK_GNODEPTP,ELK_GNODEPTP,RTPD,MCC,LMP_CONG_PRC,ELK_GNODEPTP,ALL,1,-0.0012,1,2
2022-09-02T05:00:00-00:00,2022-09-02T05:15:00-00:00,2022-09-01,23,ELK_GNODEPTP,ELK_GNODEPTP,ELK_GNODEPTP,RTPD,MCC,LMP_CONG_PRC,ELK_GNODEPTP,ALL,1,0.0012,1,2
2022-09-02T06:00:00-00:00,2022-09-02T06:15:00-00:00,2022-09-01,24,ELK_GNODEPTP,ELK_GNODEPTP,ELK_GNODEPTP,RTPD,MCC,LMP_CONG_PRC,ELK_GNODEPTP,ALL,1,0.0012,1,2
2022-09-01T07:15:00-00:00,2022-09-01T07:30:00-00:00,2022-09-01,01,ELK_GNODEPTP,ELK_GNODEPTP,ELK_GNODEPTP,RTPD,MCC,LMP_CONG_PRC,ELK_GNODEPTP,ALL,1,-9.81774,2,2
2022-09-01T08:15:00-00:00,2022-09-01T08:30:00-00:00,2022-09-01,02,ELK_GNODEPTP,ELK_GNODEPTP,ELK_GNODEPTP,RTPD,MCC,LMP_CONG_PRC,ELK_GNODEPTP,ALL,1,-0.8948,2,2
2022-09-01T09:15:00-00:00,2022-09-01T09:30:00-00:00,2022-09-01,03,ELK_GNODEPTP,ELK_GNODEPTP,ELK_GNODEPTP,RTPD,MCC,LMP_CONG_PRC,ELK_GNODEPTP,ALL,1,-5.76586,2,2
2022-09-01T10:15:00-00:00,2022-09-01T10:30:00-00:00,2022-09-01,04,ELK_GNODEPTP,ELK_GNODEPTP,ELK_GNODEPTP,RTPD,MCC,LMP_CONG_PRC,ELK_GNODEPTP,ALL,1,-5.39239,2,2
2022-09-01T11:15:00-00:00,2022-09-01T11:30:00-00:00,2022-09-01,05,ELK_GNODEPTP,ELK_GNODEPTP,ELK_GNODEPTP,RTPD,MCC,LMP_CONG_PRC,ELK_GNODEPTP,ALL,1,0.0012,2,2
2022-09-01T12:15:00-00:00,2022-09-01T12:30:00-00:00,2022-09-01,06,ELK_GNODEPTP,ELK_GNODEPTP,ELK_GNODEPTP,RTPD,MCC,LMP_CONG_PRC,ELK_GNODEPTP,ALL,1,-5.96813,2,2
2022-09-01T13:15:00-00:00,2022-09-01T13:30:00-00:00,2022-09-01,07,ELK_GNODEPTP,ELK_GNODEPTP,ELK_GNODEPTP,RTPD,MCC,LMP_CONG_PRC,ELK_GNODEPTP,ALL,1,-0.55533,2,2
2022-09-01T14:15:00-00:00,2022-09-01T14:30:00-00:00,2022-09-01,08,ELK_GNODEPTP,ELK_GNODEPTP,ELK_GNODEPTP,RTPD,MCC,LMP_CONG_PRC,ELK_GNODEPTP,ALL,1,-0.0012,2,2
2022-09-01T15:15:00-00:00,2022-09-01T15:30:00-00:00,2022-09-01,09,ELK_GNODEPTP,ELK_GNODEPTP,ELK_GNODEPTP,RTPD,MCC,LMP_CONG_PRC,ELK_GNODEPTP,ALL,1,0.0012,2,2
2022-09-01T16:15:00-00:00,2022-09-01T16:30:00-00:00,2022-09-01,10,ELK_GNODEPTP,ELK_GNODEPTP,ELK_GNODEPTP,RTPD,MCC,LMP_CONG_PRC,ELK_GNODEPTP,ALL,1,-1.61001,2,2
2022-09-01T17:15:00-00:00,2022-09-01T17:30:00-00:00,2022-09-01,11,ELK_GNODEPTP,ELK_GNODEPTP,ELK_GNODEPTP,RTPD,MCC,LMP_CONG_PRC,ELK_GNODEPTP,ALL,1,-20.0444,2,2
2022-09-01T18:15:00-00:00,2022-09-01T18:30:00-00:00,2022-09-01,12,ELK_GNODEPTP,ELK_GNODEPTP,ELK_GNODEPTP,RTPD,MCC,LMP_CONG_PRC,ELK_GNODEPTP,ALL,1,-26.16656,2,2
2022-09-01T19:15:00-00:00,2022-09-01T19:30:00-00:00,2022-09-01,13,ELK_GNODEPTP,ELK_GNODEPTP,ELK_GNODEPTP,RTPD,MCC,LMP_CONG_PRC,ELK_GNODEPTP,ALL,1,-29.21326,2,2
2022-09-01T20:15:00-00:00,2022-09-01T20:30:00-00:00,2022-09-01,14,ELK_GNODEPTP,ELK_GNODEPTP,ELK_GNODEPTP,RTPD,MCC,LMP_CONG_PRC,ELK_GNODEPTP,ALL,1,-3.13986,2,2
2022-09-01T21:15:00-00:00,2022-09-01T21:30:00-00:00,2022-09-01,15,ELK_GNODEPTP,ELK_GNODEPTP,ELK_GNODEPTP,RTPD,MCC,LMP_CONG_PRC,ELK_GNODEPTP,ALL,1,-26.64317,2,2
2022-09-01T22:15:00-00:00,2022-09-01T22:30:00-00:00,2022-09-01,16,ELK_GNODEPTP,ELK_GNODEPTP,ELK_GNODEPTP,RTPD,MCC,LMP_CONG_PRC,ELK_GNODEPTP,ALL,1,-117.11652,2,2
2022-09-01T23:15:00-00:00,2022-09-01T23:30:00-00:00,2022-09-01,17,ELK_GNODEPTP,ELK_GNODEPTP,ELK_GNODEPTP,RTPD,MCC,LMP_CONG_PRC,ELK_GNODEPTP,ALL,1,-97.38897,2,2
2022-09-02T00:15:00-00:00,2022-09-02T00:30:00-00:00,2022-09-01,18,ELK_GNODEPTP,ELK_GNODEPTP,ELK_GNODEPTP,RTPD,MCC,LMP_CONG_PRC,ELK_GNODEPTP,ALL,1,320.3083,2,2
2022-09-02T01:15:00-00:00,2022-09-02T01:30:00-00:00,2022-09-01,19,ELK_GNODEPTP,ELK_GNODEPTP,ELK_GNODEPTP,RTPD,MCC,LMP_CONG_PRC,ELK_GNODEPTP,ALL,1,0.0012,2,2
2022-09-02T02:15:00-00:00,2022-09-02T02:30:00-00:00,2022-09-01,20,ELK_GNODEPTP,ELK_GNODEPTP,ELK_GNODEPTP,RTPD,MCC,LMP_CONG_PRC,ELK_GNODEPTP,ALL,1,-0.0012,2,2
2022-09-02T03:15:00-00:00,2022-09-02T03:30:00-00:00,2022-09-01,21,ELK_GNODEPTP,ELK_GNODEPTP,ELK_GNODEPTP,RTPD,MCC,LMP_CONG_PRC,ELK_GNODEPTP,ALL,1,141.82695,2,2
2022-09-02T04:15:00-00:00,2022-09-02T04:30:00-00:00,2022-09-01,22,ELK_GNODEPTP,ELK_GNODEPTP,ELK_GNODEPTP,RTPD,MCC,LMP_CONG_PRC,ELK_GNODEPTP,ALL,1,-0.0012,2,2
2022-09-02T05:15:00-00:00,2022-09-02T05:30:00-00:00,2022-09-01,23,ELK_GNODEPTP,ELK_GNODEPTP,ELK_GNODEPTP,RTPD,MCC,LMP_CONG_PRC,ELK_GNODEPTP,ALL,1,0.0012,2,2
2022-09-02T06:15:00-00:00,2022-09-02T06:30:00-00:00,2022-09-01,24,ELK_GNODEPTP,ELK_GNODEPTP,ELK_GNODEPTP,RTPD,MCC,LMP_CONG_PRC,ELK_GNODEPTP,ALL,1,0.0012,2,2
2022-09-01T07:30:00-00:00,2022-09-01T07:45:00-00:00,2022-09-01,01,ELK_GNODEPTP,ELK_GNODEPTP,ELK_GNODEPTP,RTPD,MCC,LMP_CONG_PRC,ELK_GNODEPTP,ALL,1,-15.90464,3,2
2022-09-01T08:30:00-00:00,2022-09-01T08:45:00-00:00,2022-09-01,02,ELK_GNODEPTP,ELK_GNODEPTP,ELK_GNODEPTP,RTPD,MCC,LMP_CONG_PRC,ELK_GNODEPTP,ALL,1,0.00035,3,2
2022-09-01T09:30:00-00:00,2022-09-01T09:45:00-00:00,2022-09-01,03,ELK_GNODEPTP,ELK_GNODEPTP,ELK_GNODEPTP,RTPD,MCC,LMP_CONG_PRC,ELK_GNODEPTP,ALL,1,-5.7141,3,2
2022-09-01T10:30:00-00:00,2022-09-01T10:45:00-00:00,2022-09-01,04,ELK_GNODEPTP,ELK_GNODEPTP,ELK_GNODEPTP,RTPD,MCC,LMP_CONG_PRC,ELK_GNODEPTP,ALL,1,-3.0414,3,2
2022-09-01T11:30:00-00:00,2022-09-01T11:45:00-00:00,2022-09-01,05,ELK_GNODEPTP,ELK_GNODEPTP,ELK_GNODEPTP,RTPD,MCC,LMP_CONG_PRC,ELK_GNODEPTP,ALL,1,0.0012,3,2
2022-09-01T12:30:00-00:00,2022-09-01T12:45:00-00:00,2022-09-01,06,ELK_GNODEPTP,ELK_GNODEPTP,ELK_GNODEPTP,RTPD,MCC,LMP_CONG_PRC,ELK_GNODEPTP,ALL,1,-10.31017,3,2
2022-09-01T13:30:00-00:00,2022-09-01T13:45:00-00:00,2022-09-01,07,ELK_GNODEPTP,ELK_GNODEPTP,ELK_GNODEPTP,RTPD,MCC,LMP_CONG_PRC,ELK_GNODEPTP,ALL,1,-0.0012,3,2
2022-09-01T14:30:00-00:00,2022-09-01T14:45:00-00:00,2022-09-01,08,ELK_GNODEPTP,ELK_GNODEPTP,ELK_GNODEPTP,RTPD,MCC,LMP_CONG_PRC,ELK_GNODEPTP,ALL,1,-0.0012,3,2
2022-09-01T15:30:00-00:00,2022-09-01T15:45:00-00:00,2022-09-01,09,ELK_GNODEPTP,ELK_GNODEPTP,ELK_GNODEPTP,RTPD,MCC,LMP_CONG_PRC,ELK_GNODEPTP,ALL,1,0.0012,3,2
2022-09-01T16:30:00-00:00,2022-09-01T16:45:00-00:00,2022-09-01,10,ELK_GNODEPTP,ELK_GNODEPTP,ELK_GNODEPTP,RTPD,MCC,LMP_CONG_PRC,ELK_GNODEPTP,ALL,1,-13.49096,3,2
2022-09-01T17:30:00-00:00,2022-09-01T17:45:00-00:00,2022-09-01,11,ELK_GNODEPTP,ELK_GNODEPTP,ELK_GNODEPTP,RTPD,MCC,LMP_CONG_PRC,ELK_GNODEPTP,ALL,1,-20.11968,3,2
2022-09-01T18:30:00-00:00,2022-09-01T18:45:00-00:00,2022-09-01,12,ELK_GNODEPTP,ELK_GNODEPTP,ELK_GNODEPTP,RTPD,MCC,LMP_CONG_PRC,ELK_GNODEPTP,ALL,1,-27.14257,3,2
2022-09-01T19:30:00-00:00,2022-09-01T19:45:00-00:00,2022-09-01,13,ELK_GNODEPTP,ELK_GNODEPTP,ELK_GNODEPTP,RTPD,MCC,LMP_CONG_PRC,ELK_GNODEPTP,ALL,1,-12.51888,3,2
2022-09-01T20:30:00-00:00,2022-09-01T20:45:00-00:00,2022-09-01,14,ELK_GNODEPTP,ELK_GNODEPTP,ELK_GNODEPTP,RTPD,MCC,LMP_CONG_PRC,ELK_GNODEPTP,ALL,1,-12.67234,3,2
2022-09-01T21:30:00-00:00,2022-09-01T21:45:00-00:00,2022-09-01,15,ELK_GNODEPTP,ELK_GNODEPTP,ELK_GNODEPTP,RTPD,MCC,LMP_CONG_PRC,ELK_GNODEPTP,ALL,1,-24.47558,3,2
2022-09-01T22:30:00-00:00,2022-09-01T22:45:00-00:00,2022-09-01,16,ELK_GNODEPTP,ELK_GNODEPTP,ELK_GNODEPTP,RTPD,MCC,LMP_CONG_PRC,ELK_GNODEPTP,ALL,1,-125.42553,3,2
2022-09-01T23:30:00-00:00,2022-09-01T23:45:00-00:00,2022-09-01,17,ELK_GNODEPTP,ELK_GNODEPTP,ELK_GNODEPTP,RTPD,MCC,LMP_CONG_PRC,ELK_GNODEPTP,ALL,1,0.0012,3,2
2022-09-02T00:30:00-00:00,2022-09-02T00:45:00-00:00,2022-09-01,18,ELK_GNODEPTP,ELK_GNODEPTP,ELK_GNODEPTP,RTPD,MCC,LMP_CONG_PRC,ELK_GNODEPTP,ALL,1,451.7558,3,2
2022-09-02T01:30:00-00:00,2022-09-02T01:45:00-00:00,2022-09-01,19,ELK_GNODEPTP,ELK_GNODEPTP,ELK_GNODEPTP,RTPD,MCC,LMP_CONG_PRC,ELK_GNODEPTP,ALL,1,-0.0012,3,2
2022-09-02T02:30:00-00:00,2022-09-02T02:45:00-00:00,2022-09-01,20,ELK_GNODEPTP,ELK_GNODEPTP,ELK_GNODEPTP,RTPD,MCC,LMP_CONG_PRC,ELK_GNODEPTP,ALL,1,-0.0012,3,2
2022-09-02T03:30:00-00:00,2022-09-02T03:45:00-00:00,2022-09-01,21,ELK_GNODEPTP,ELK_GNODEPTP,ELK_GNODEPTP,RTPD,MCC,LMP_CONG_PRC,ELK_GNODEPTP,ALL,1,31.90707,3,2
2022-09-02T04:30:00-00:00,2022-09-02T04:45:00-00:00,2022-09-01,22,ELK_GNODEPTP,ELK_GNODEPTP,ELK_GNODEPTP,RTPD,MCC,LMP_CONG_PRC,ELK_GNODEPTP,ALL,1,-0.0012,3,2
2022-09-02T05:30:00-00:00,2022-09-02T05:45:00-00:00,2022-09-01,23,ELK_GNODEPTP,ELK_GNODEPTP,ELK_GNODEPTP,RTPD,MCC,LMP_CONG_PRC,ELK_GNODEPTP,ALL,1,0.0012,3,2
2022-09-02T06:30:00-00:00,2022-09-02T06:45:00-00:00,2022-09-01,24,ELK_GNODEPTP,ELK_GNODEPTP,ELK_GNODEPTP,RTPD,MCC,LMP_CONG_PRC,ELK_GNODEPTP,ALL,1,0.0012,3,2
2022-09-01T07:45:00-00:00,2022-09-01T08:00:00-00:00,2022-09-01,01,ELK_GNODEPTP,ELK_GNODEPTP,ELK_GNODEPTP,RTPD,MCC,LMP_CONG_PRC,ELK_GNODEPTP,ALL,1,-18.08724,4,2
2022-09-01T08:45:00-00:00,2022-09-01T09:00:00-00:00,2022-09-01,02,ELK_GNODEPTP,ELK_GNODEPTP,ELK_GNODEPTP,RTPD,MCC,LMP_CONG_PRC,ELK_GNODEPTP,ALL,1,-4.42459,4,2
2022-09-01T09:45:00-00:00,2022-09-01T10:00:00-00:00,2022-09-01,03,ELK_GNODEPTP,ELK_GNODEPTP,ELK_GNODEPTP,RTPD,MCC,LMP_CONG_PRC,ELK_GNODEPTP,ALL,1,-5.0981,4,2
2022-09-01T10:45:00-00:00,2022-09-01T11:00:00-00:00,2022-09-01,04,ELK_GNODEPTP,ELK_GNODEPTP,ELK_GNODEPTP,RTPD,MCC,LMP_CONG_PRC,ELK_GNODEPTP,ALL,1,-1.19703,4,2
2022-09-01T11:45:00-00:00,2022-09-01T12:00:00-00:00,2022-09-01,05,ELK_GNODEPTP,ELK_GNODEPTP,ELK_GNODEPTP,RTPD,MCC,LMP_CONG_PRC,ELK_GNODEPTP,ALL,1,0.0012,4,2
2022-09-01T12:45:00-00:00,2022-09-01T13:00:00-00:00,2022-09-01,06,ELK_GNODEPTP,ELK_GNODEPTP,ELK_GNODEPTP,RTPD,MCC,LMP_CONG_PRC,ELK_GNODEPTP,ALL,1,-2.29944,4,2
2022-09-01T13:45:00-00:00,2022-09-01T14:00:00-00:00,2022-09-01,07,ELK_GNODEPTP,ELK_GNODEPTP,ELK_GNODEPTP,RTPD,MCC,LMP_CONG_PRC,ELK_GNODEPTP,ALL,1,-0.0012,4,2
2022-09-01T14:45:00-00:00,2022-09-01T15:00:00-00:00,2022-09-01,08,ELK_GNODEPTP,ELK_GNODEPTP,ELK_GNODEPTP,RTPD,MCC,LMP_CONG_PRC,ELK_GNODEPTP,ALL,1,0.0012,4,2
2022-09-01T15:45:00-00:00,2022-09-01T16:00:00-00:00,2022-09-01,09,ELK_GNODEPTP,ELK_GNODEPTP,ELK_GNODEPTP,RTPD,MCC,LMP_CONG_PRC,ELK_GNODEPTP,ALL,1,0.0012,4,2
2022-09-01T16:45:00-00:00,2022-09-01T17:00:00-00:00,2022-09-01,10,ELK_GNODEPTP,ELK_GNODEPTP,ELK_GNODEPTP,RTPD,MCC,LMP_CONG_PRC,ELK_GNODEPTP,ALL,1,-12.21784,4,2
2022-09-01T17:45:00-00:00,2022-09-01T18:00:00-00:00,2022-09-01,11,ELK_GNODEPTP,ELK_GNODEPTP,ELK_GNODEPTP,RTPD,MCC,LMP_CONG_PRC,ELK_GNODEPTP,ALL,1,-19.91818,4,2
2022-09-01T18:45:00-00:00,2022-09-01T19:00:00-00:00,2022-09-01,12,ELK_GNODEPTP,ELK_GNODEPTP,ELK_GNODEPTP,RTPD,MCC,LMP_CONG_PRC,ELK_GNODEPTP,ALL,1,-27.18405,4,2
2022-09-01T19:45:00-00:00,2022-09-01T20:00:00-00:00,2022-09-01,13,ELK_GNODEPTP,ELK_GNODEPTP,ELK_GNODEPTP,RTPD,MCC,LMP_CONG_PRC,ELK_GNODEPTP,ALL,1,-13.56344,4,2
2022-09-01T20:45:00-00:00,2022-09-01T21:00:00-00:00,2022-09-01,14,ELK_GNODEPTP,ELK_GNODEPTP,ELK_GNODEPTP,RTPD,MCC,LMP_CONG_PRC,ELK_GNODEPTP,ALL,1,-28.17776,4,2
2022-09-01T21:45:00-00:00,2022-09-01T22:00:00-00:00,2022-09-01,15,ELK_GNODEPTP,ELK_GNODEPTP,ELK_GNODEPTP,RTPD,MCC,LMP_CONG_PRC,ELK_GNODEPTP,ALL,1,-88.92439,4,2
2022-09-01T22:45:00-00:00,2022-09-01T23:00:00-00:00,2022-09-01,16,ELK_GNODEPTP,ELK_GNODEPTP,ELK_GNODEPTP,RTPD,MCC,LMP_CONG_PRC,ELK_GNODEPTP,ALL,1,-254.74973,4,2
2022-09-01T23:45:00-00:00,2022-09-02T00:00:00-00:00,2022-09-01,17,ELK_GNODEPTP,ELK_GNODEPTP,ELK_GNODEPTP,RTPD,MCC,LMP_CONG_PRC,ELK_GNODEPTP,ALL,1,393.5024,4,2
2022-09-02T00:45:00-00:00,2022-09-02T01:00:00-00:00,2022-09-01,18,ELK_GNODEPTP,ELK_GNODEPTP,ELK_GNODEPTP,RTPD,MCC,LMP_CONG_PRC,ELK_GNODEPTP,ALL,1,284.42987,4,2
2022-09-02T01:45:00-00:00,2022-09-02T02:00:00-00:00,2022-09-01,19,ELK_GNODEPTP,ELK_GNODEPTP,ELK_GNODEPTP,RTPD,MCC,LMP_CONG_PRC,ELK_GNODEPTP,ALL,1,-0.0012,4,2
2022-09-02T02:45:00-00:00,2022-09-02T03:00:00-00:00,2022-09-01,20,ELK_GNODEPTP,ELK_GNODEPTP,ELK_GNODEPTP,RTPD,MCC,LMP_CONG_PRC,ELK_GNODEPTP,ALL,1,129.52818,4,2
2022-09-02T03:45:00-00:00,2022-09-02T04:00:00-00:00,2022-09-01,21,ELK_GNODEPTP,ELK_GNODEPTP,ELK_GNODEPTP,RTPD,MCC,LMP_CONG_PRC,ELK_GNODEPTP,ALL,1,18.58227,4,2
2022-09-02T04:45:00-00:00,2022-09-02T05:00:00-00:00,2022-09-01,22,ELK_GNODEPTP,ELK_GNODEPTP,ELK_GNODEPTP,RTPD,MCC,LMP_CONG_PRC,ELK_GNODEPTP,ALL,1,0.0012,4,2
2022-09-02T05:45:00-00:00,2022-09-02T06:00:00-00:00,2022-09-01,23,ELK_GNODEPTP,ELK_GNODEPTP,ELK_GNODEPTP,RTPD,MCC,LMP_CONG_PRC,ELK_GNODEPTP,ALL,1,-4.0853,4,2
2022-09-02T06:45:00-00:00,2022-09-02T07:00:00-00:00,2022-09-01,24,ELK_GNODEPTP,ELK_GNODEPTP,ELK_GNODEPTP,RTPD,MCC,LMP_CONG_PRC,ELK_GNODEPTP,ALL,1,0.0012,4,2
2022-09-01T07:00:00-00:00,2022-09-01T07:15:00-00:00,2022-09-01,01,ELK_GNODEPTP,ELK_GNODEPTP,ELK_GNODEPTP,RTPD,MCE,LMP_ENE_PRC,ELK_GNODEPTP,ALL,1,104.23471,1,3
2022-09-01T08:00:00-00:00,2022-09-01T08:15:00-00:00,2022-09-01,02,ELK_GNODEPTP,ELK_GNODEPTP,ELK_GNODEPTP,RTPD,MCE,LMP_ENE_PRC,ELK_GNODEPTP,ALL,1,115.5488,1,3
2022-09-01T09:00:00-00:00,2022-09-01T09:15:00-00:00,2022-09-01,03,ELK_GNODEPTP,ELK_GNODEPTP,ELK_GNODEPTP,RTPD,MCE,LMP_ENE_PRC,ELK_GNODEPTP,ALL,1,99.73061,1,3
2022-09-01T10:00:00-00:00,2022-09-01T10:15:00-00:00,2022-09-01,04,ELK_GNODEPTP,ELK_GNODEPTP,ELK_GNODEPTP,RTPD,MCE,LMP_ENE_PRC,ELK_GNODEPTP,ALL,1,98.64222,1,3
2022-09-01T11:00:00-00:00,2022-09-01T11:15:00-00:00,2022-09-01,05,ELK_GNODEPTP,ELK_GNODEPTP,ELK_GNODEPTP,RTPD,MCE,LMP_ENE_PRC,ELK_GNODEPTP,ALL,1,102.56859,1,3
2022-09-01T12:00:00-00:00,2022-09-01T12:15:00-00:00,2022-09-01,06,ELK_GNODEPTP,ELK_GNODEPTP,ELK_GNODEPTP,RTPD,MCE,LMP_ENE_PRC,ELK_GNODEPTP,ALL,1,96.90845,1,3
2022-09-01T13:00:00-00:00,2022-09-01T13:15:00-00:00,2022-09-01,07,ELK_GNODEPTP,ELK_GNODEPTP,ELK_GNODEPTP,RTPD,MCE,LMP_ENE_PRC,ELK_GNODEPTP,ALL,1,101.80878,1,3
2022-09-01T14:00:00-00:00,2022-09-01T14:15:00-00:00,2022-09-01,08,ELK_GNODEPTP,ELK_GNODEPTP,ELK_GNODEPTP,RTPD,MCE,LMP_ENE_PRC,ELK_GNODEPTP,ALL,1,111.11219,1,3
2022-09-01T15:00:00-00:00,2022-09-01T15:15:00-00:00,2022-09-01,09,ELK_GNODEPTP,ELK_GNODEPTP,ELK_GNODEPTP,RTPD,MCE,LMP_ENE_PRC,ELK_GNODEPTP,ALL,1,97.4112,1,3
2022-09-01T16:00:00-00:00,2022-09-01T16:15:00-00:00,2022-09-01,10,ELK_GNODEPTP,ELK_GNODEPTP,ELK_GNODEPTP,RTPD,MCE,LMP_ENE_PRC,ELK_GNODEPTP,ALL,1,83.43525,1,3
2022-09-01T17:00:00-00:00,2022-09-01T17:15:00-00:00,2022-09-01,11,ELK_GNODEPTP,ELK_GNODEPTP,ELK_GNODEPTP,RTPD,MCE,LMP_ENE_PRC,ELK_GNODEPTP,ALL,1,96.94897,1,3
2022-09-01T18:00:00-00:00,2022-09-01T18:15:00-00:00,2022-09-01,12,ELK_GNODEPTP,ELK_GNODEPTP,ELK_GNODEPTP,RTPD,MCE,LMP_ENE_PRC,ELK_GNODEPTP,ALL,1,91.59291,1,3
2022-09-01T19:00:00-00:00,2022-09-01T19:15:00-00:00,2022-09-01,13,ELK_GNODEPTP,ELK_GNODEPTP,ELK_GNODEPTP,RTPD,MCE,LMP_ENE_PRC,ELK_GNODEPTP,ALL,1,109.19637,1,3
2022-09-01T20:00:00-00:00,2022-09-01T20:15:00-00:00,2022-09-01,14,ELK_GNODEPTP,ELK_GNODEPTP,ELK_GNODEPTP,RTPD,MCE,LMP_ENE_PRC,ELK_GNODEPTP,ALL,1,117.94359,1,3
2022-09-01T21:00:00-00:00,2022-09-01T21:15:00-00:00,2022-09-01,15,ELK_GNODEPTP,ELK_GNODEPTP,ELK_GNODEPTP,RTPD,MCE,LMP_ENE_PRC,ELK_GNODEPTP,ALL,1,226.61499,1,3
2022-09-01T22:00:00-00:00,2022-09-01T22:15:00-00:00,2022-09-01,16,ELK_GNODEPTP,ELK_GNODEPTP,ELK_GNODEPTP,RTPD,MCE,LMP_ENE_PRC,ELK_GNODEPTP,ALL,1,229.18552,1,3
2022-09-01T23:00:00-00:00,2022-09-01T23:15:00-00:00,2022-09-01,17,ELK_GNODEPTP,ELK_GNODEPTP,ELK_GNODEPTP,RTPD,MCE,LMP_ENE_PRC,ELK_GNODEPTP,ALL,1,386.7537,1,3
2022-09-02T00:00:00-00:00,2022-09-02T00:15:00-00:00,2022-09-01,18,ELK_GNODEPTP,ELK_GNODEPTP,ELK_GNODEPTP,RTPD,MCE,LMP_ENE_PRC,ELK_GNODEPTP,ALL,1,770.58136,1,3
2022-09-02T01:00:00-00:00,2022-09-02T01:15:00-00:00,2022-09-01,19,ELK_GNODEPTP,ELK_GNODEPTP,ELK_GNODEPTP,RTPD,MCE,LMP_ENE_PRC,ELK_GNODEPTP,ALL,1,916.27124,1,3
2022-09-02T02:00:00-00:00,2022-09-02T02:15:00-00:00,2022-09-01,20,ELK_GNODEPTP,ELK_GNODEPTP,ELK_GNODEPTP,RTPD,MCE,LMP_ENE_PRC,ELK_GNODEPTP,ALL,1,1991.6721,1,3
2022-09-02T03:00:00-00:00,2022-09-02T03:15:00-00:00,2022-09-01,21,ELK_GNODEPTP,ELK_GNODEPTP,ELK_GNODEPTP,RTPD,MCE,LMP_ENE_PRC,ELK_GNODEPTP,ALL,1,917.5508,1,3
2022-09-02T04:00:00-00:00,2022-09-02T04:15:00-00:00,2022-09-01,22,ELK_GNODEPTP,ELK_GNODEPTP,ELK_GNODEPTP,RTPD,MCE,LMP_ENE_PRC,ELK_GNODEPTP,ALL,1,257.83005,1,3
2022-09-02T05:00:00-00:00,2022-09-02T05:15:00-00:00,2022-09-01,23,ELK_GNODEPTP,ELK_GNODEPTP,ELK_GNODEPTP,RTPD,MCE,LMP_ENE_PRC,ELK_GNODEPTP,ALL,1,183.24657,1,3
2022-09-02T06:00:00-00:00,2022-09-02T06:15:00-00:00,2022-09-01,24,ELK_GNODEPTP,ELK_GNODEPTP,ELK_GNODEPTP,RTPD,MCE,LMP_ENE_PRC,ELK_GNODEPTP,ALL,1,158.867,1,3
2022-09-01T07:15:00-00:00,2022-09-01T07:30:00-00:00,2022-09-01,01,ELK_GNODEPTP,ELK_GNODEPTP,ELK_GNODEPTP,RTPD,MCE,LMP_ENE_PRC,ELK_GNODEPTP,ALL,1,125.55144,2,3
2022-09-01T08:15:00-00:00,2022-09-01T08:30:00-00:00,2022-09-01,02,ELK_GNODEPTP,ELK_GNODEPTP,ELK_GNODEPTP,RTPD,MCE,LMP_ENE_PRC,ELK_GNODEPTP,ALL,1,115.53165,2,3
2022-09-01T09:15:00-00:00,2022-09-01T09:30:00-00:00,2022-09-01,03,ELK_GNODEPTP,ELK_GNODEPTP,ELK_GNODEPTP,RTPD,MCE,LMP_ENE_PRC,ELK_GNODEPTP,ALL,1,98.30543,2,3
2022-09-01T10:15:00-00:00,2022-09-01T10:30:00-00:00,2022-09-01,04,ELK_GNODEPTP,ELK_GNODEPTP,ELK_GNODEPTP,RTPD,MCE,LMP_ENE_PRC,ELK_GNODEPTP,ALL,1,97.00684,2,3
2022-09-01T11:15:00-00:00,2022-09-01T11:30:00-00:00,2022-09-01,05,ELK_GNODEPTP,ELK_GNODEPTP,ELK_GNODEPTP,RTPD,MCE,LMP_ENE_PRC,ELK_GNODEPTP,ALL,1,103.09059,2,3
2022-09-01T12:15:00-00:00,2022-09-01T12:30:00-00:00,2022-09-01,06,ELK_GNODEPTP,ELK_GNODEPTP,ELK_GNODEPTP,RTPD,MCE,LMP_ENE_PRC,ELK_GNODEPTP,ALL,1,109.32203,2,3
2022-09-01T13:15:00-00:00,2022-09-01T13:30:00-00:00,2022-09-01,07,ELK_GNODEPTP,ELK_GNODEPTP,ELK_GNODEPTP,RTPD,MCE,LMP_ENE_PRC,ELK_GNODEPTP,ALL,1,110.97827,2,3
2022-09-01T14:15:00-00:00,2022-09-01T14:30:00-00:00,2022-09-01,08,ELK_GNODEPTP,ELK_GNODEPTP,ELK_GNODEPTP,RTPD,MCE,LMP_ENE_PRC,ELK_GNODEPTP,ALL,1,104.78743,2,3
2022-09-01T15:15:00-00:00,2022-09-01T15:30:00-00:00,2022-09-01,09,ELK_GNODEPTP,ELK_GNODEPTP,ELK_GNODEPTP,RTPD,MCE,LMP_ENE_PRC,ELK_GNODEPTP,ALL,1,86.9388,2,3
2022-09-01T16:15:00-00:00,2022-09-01T16:30:00-00:00,2022-09-01,10,ELK_GNODEPTP,ELK_GNODEPTP,ELK_GNODEPTP,RTPD,MCE,LMP_ENE_PRC,ELK_GNODEPTP,ALL,1,89.44858,2,3
2022-09-01T17:15:00-00:00,2022-09-01T17:30:00-00:00,2022-09-01,11,ELK_GNODEPTP,ELK_GNODEPTP,ELK_GNODEPTP,RTPD,MCE,LMP_ENE_PRC,ELK_GNODEPTP,ALL,1,99.34673,2,3
2022-09-01T18:15:00-00:00,2022-09-01T18:30:00-00:00,2022-09-01,12,ELK_GNODEPTP,ELK_GNODEPTP,ELK_GNODEPTP,RTPD,MCE,LMP_ENE_PRC,ELK_GNODEPTP,ALL,1,101.15901,2,3
2022-09-01T19:15:00-00:00,2022-09-01T19:30:00-00:00,2022-09-01,13,ELK_GNODEPTP,ELK_GNODEPTP,ELK_GNODEPTP,RTPD,MCE,LMP_ENE_PRC,ELK_GNODEPTP,ALL,1,105.30588,2,3
2022-09-01T20:15:00-00:00,2022-09-01T20:30:00-00:00,2022-09-01,14,ELK_GNODEPTP,ELK_GNODEPTP,ELK_GNODEPTP,RTPD,MCE,LMP_ENE_PRC,ELK_GNODEPTP,ALL,1,117.49421,2,3
2022-09-01T21:15:00-00:00,2022-09-01T21:30:00-00:00,2022-09-01,15,ELK_GNODEPTP,ELK_GNODEPTP,ELK_GNODEPTP,RTPD,MCE,LMP_ENE_PRC,ELK_GNODEPTP,ALL,1,147.21185,2,3
2022-09-01T22:15:00-00:00,2022-09-01T22:30:00-00:00,2022-09-01,16,ELK_GNODEPTP,ELK_GNODEPTP,ELK_GNODEPTP,RTPD,MCE,LMP_ENE_PRC,ELK_GNODEPTP,ALL,1,256.58734,2,3
2022-09-01T23:15:00-00:00,2022-09-01T23:30:00-00:00,2022-09-01,17,ELK_GNODEPTP,ELK_GNODEPTP,ELK_GNODEPTP,RTPD,MCE,LMP_ENE_PRC,ELK_GNODEPTP,ALL,1,362.12408,2,3
2022-09-02T00:15:00-00:00,2022-09-02T00:30:00-00:00,2022-09-01,18,ELK_GNODEPTP,ELK_GNODEPTP,ELK_GNODEPTP,RTPD,MCE,LMP_ENE_PRC,ELK_GNODEPTP,ALL,1,691.2182,2,3
2022-09-02T01:15:00-00:00,2022-09-02T01:30:00-00:00,2022-09-01,19,ELK_GNODEPTP,ELK_GNODEPTP,ELK_GNODEPTP,RTPD,MCE,LMP_ENE_PRC,ELK_GNODEPTP,ALL,1,1999.9933,2,3
2022-09-02T02:15:00-00:00,2022-09-02T02:30:00-00:00,2022-09-01,20,ELK_GNODEPTP,ELK_GNODEPTP,ELK_GNODEPTP,RTPD,MCE,LMP_ENE_PRC,ELK_GNODEPTP,ALL,1,1991.6721,2,3
2022-09-02T03:15:00-00:00,2022-09-02T03:30:00-00:00,2022-09-01,21,ELK_GNODEPTP,ELK_GNODEPTP,ELK_GNODEPTP,RTPD,MCE,LMP_ENE_PRC,ELK_GNODEPTP,ALL,1,400.52884,2,3
2022-09-02T04:15:00-00:00,2022-09-02T04:30:00-00:00,2022-09-01,22,ELK_GNODEPTP,ELK_GNODEPTP,ELK_GNODEPTP,RTPD,MCE,LMP_ENE_PRC,ELK_GNODEPTP,ALL,1,224.75041,2,3
2022-09-02T05:15:00-00:00,2022-09-02T05:30:00-00:00,2022-09-01,23,ELK_GNODEPTP,ELK_GNODEPTP,ELK_GNODEPTP,RTPD,MCE,LMP_ENE_PRC,ELK_GNODEPTP,ALL,1,157.11986,2,3
2022-09-02T06:15:00-00:00,2022-09-02T06:30:00-00:00,2022-09-01,24,ELK_GNODEPTP,ELK_GNODEPTP,ELK_GNODEPTP,RTPD,MCE,LMP_ENE_PRC,ELK_GNODEPTP,ALL,1,143.1005,2,3
2022-09-01T07:30:00-00:00,2022-09-01T07:45:00-00:00,2022-09-01,01,ELK_GNODEPTP,ELK_GNODEPTP,ELK_GNODEPTP,RTPD,MCE,LMP_ENE_PRC,ELK_GNODEPTP,ALL,1,119.03196,3,3
2022-09-01T08:30:00-00:00,2022-09-01T08:45:00-00:00,2022-09-01,02,ELK_GNODEPTP,ELK_GNODEPTP,ELK_GNODEPTP,RTPD,MCE,LMP_ENE_PRC,ELK_GNODEPTP,ALL,1,111.11241,3,3
2022-09-01T09:30:00-00:00,2022-09-01T09:45:00-00:00,2022-09-01,03,ELK_GNODEPTP,ELK_GNODEPTP,ELK_GNODEPTP,RTPD,MCE,LMP_ENE_PRC,ELK_GNODEPTP,ALL,1,98.16228,3,3
2022-09-01T10:30:00-00:00,2022-09-01T10:45:00-00:00,2022-09-01,04,ELK_GNODEPTP,ELK_GNODEPTP,ELK_GNODEPTP,RTPD,MCE,LMP_ENE_PRC,ELK_GNODEPTP,ALL,1,96.36226,3,3
2022-09-01T11:30:00-00:00,2022-09-01T11:45:00-00:00,2022-09-01,05,ELK_GNODEPTP,ELK_GNODEPTP,ELK_GNODEPTP,RTPD,MCE,LMP_ENE_PRC,ELK_GNODEPTP,ALL,1,103.06198,3,3
2022-09-01T12:30:00-00:00,2022-09-01T12:45:00-00:00,2022-09-01,06,ELK_GNODEPTP,ELK_GNODEPTP,ELK_GNODEPTP,RTPD,MCE,LMP_ENE_PRC,ELK_GNODEPTP,ALL,1,113.57403,3,3
2022-09-01T13:30:00-00:00,2022-09-01T13:45:00-00:00,2022-09-01,07,ELK_GNODEPTP,ELK_GNODEPTP,ELK_GNODEPTP,RTPD,MCE,LMP_ENE_PRC,ELK_GNODEPTP,ALL,1,111.52025,3,3
2022-09-01T14:30:00-00:00,2022-09-01T14:45:00-00:00,2022-09-01,08,ELK_GNODEPTP,ELK_GNODEPTP,ELK_GNODEPTP,RTPD,MCE,LMP_ENE_PRC,ELK_GNODEPTP,ALL,1,101.83428,3,3
2022-09-01T15:30:00-00:00,2022-09-01T15:45:00-00:00,2022-09-01,09,ELK_GNODEPTP,ELK_GNODEPTP,ELK_GNODEPTP,RTPD,MCE,LMP_ENE_PRC,ELK_GNODEPTP,ALL,1,86.1388,3,3
2022-09-01T16:30:00-00:00,2022-09-01T16:45:00-00:00,2022-09-01,10,ELK_GNODEPTP,ELK_GNODEPTP,ELK_GNODEPTP,RTPD,MCE,LMP_ENE_PRC,ELK_GNODEPTP,ALL,1,88.79644,3,3
2022-09-01T17:30:00-00:00,2022-09-01T17:45:00-00:00,2022-09-01,11,ELK_GNODEPTP,ELK_GNODEPTP,ELK_GNODEPTP,RTPD,MCE,LMP_ENE_PRC,ELK_GNODEPTP,ALL,1,99.13013,3,3
2022-09-01T18:30:00-00:00,2022-09-01T18:45:00-00:00,2022-09-01,12,ELK_GNODEPTP,ELK_GNODEPTP,ELK_GNODEPTP,RTPD,MCE,LMP_ENE_PRC,ELK_GNODEPTP,ALL,1,107.05718,3,3
2022-09-01T19:30:00-00:00,2022-09-01T19:45:00-00:00,2022-09-01,13,ELK_GNODEPTP,ELK_GNODEPTP,ELK_GNODEPTP,RTPD,MCE,LMP_ENE_PRC,ELK_GNODEPTP,ALL,1,114.05905,3,3
2022-09-01T20:30:00-00:00,2022-09-01T20:45:00-00:00,2022-09-01,14,ELK_GNODEPTP,ELK_GNODEPTP,ELK_GNODEPTP,RTPD,MCE,LMP_ENE_PRC,ELK_GNODEPTP,ALL,1,129.81606,3,3
2022-09-01T21:30:00-00:00,2022-09-01T21:45:00-00:00,2022-09-01,15,ELK_GNODEPTP,ELK_GNODEPTP,ELK_GNODEPTP,RTPD,MCE,LMP_ENE_PRC,ELK_GNODEPTP,ALL,1,152.93057,3,3
2022-09-01T22:30:00-00:00,2022-09-01T22:45:00-00:00,2022-09-01,16,ELK_GNODEPTP,ELK_GNODEPTP,ELK_GNODEPTP,RTPD,MCE,LMP_ENE_PRC,ELK_GNODEPTP,ALL,1,283.18182,3,3
2022-09-01T23:30:00-00:00,2022-09-01T23:45:00-00:00,2022-09-01,17,ELK_GNODEPTP,ELK_GNODEPTP,ELK_GNODEPTP,RTPD,MCE,LMP_ENE_PRC,ELK_GNODEPTP,ALL,1,566.48157,3,3
2022-09-02T00:30:00-00:00,2022-09-02T00:45:00-00:00,2022-09-01,18,ELK_GNODEPTP,ELK_GNODEPTP,ELK_GNODEPTP,RTPD,MCE,LMP_ENE_PRC,ELK_GNODEPTP,ALL,1,1329.1127,3,3
2022-09-02T01:30:00-00:00,2022-09-02T01:45:00-00:00,2022-09-01,19,ELK_GNODEPTP,ELK_GNODEPTP,ELK_GNODEPTP,RTPD,MCE,LMP_ENE_PRC,ELK_GNODEPTP,ALL,1,1999.9956,3,3
2022-09-02T02:30:00-00:00,2022-09-02T02:45:00-00:00,2022-09-01,20,ELK_GNODEPTP,ELK_GNODEPTP,ELK_GNODEPTP,RTPD,MCE,LMP_ENE_PRC,ELK_GNODEPTP,ALL,1,1991.671,3,3
2022-09-02T03:30:00-00:00,2022-09-02T03:45:00-00:00,2022-09-01,21,ELK_GNODEPTP,ELK_GNODEPTP,ELK_GNODEPTP,RTPD,MCE,LMP_ENE_PRC,ELK_GNODEPTP,ALL,1,186.61823,3,3
2022-09-02T04:30:00-00:00,2022-09-02T04:45:00-00:00,2022-09-01,22,ELK_GNODEPTP,ELK_GNODEPTP,ELK_GNODEPTP,RTPD,MCE,LMP_ENE_PRC,ELK_GNODEPTP,ALL,1,180.67824,3,3
2022-09-02T05:30:00-00:00,2022-09-02T05:45:00-00:00,2022-09-01,23,ELK_GNODEPTP,ELK_GNODEPTP,ELK_GNODEPTP,RTPD,MCE,LMP_ENE_PRC,ELK_GNODEPTP,ALL,1,131.69917,3,3
2022-09-02T06:30:00-00:00,2022-09-02T06:45:00-00:00,2022-09-01,24,ELK_GNODEPTP,ELK_GNODEPTP,ELK_GNODEPTP,RTPD,MCE,LMP_ENE_PRC,ELK_GNODEPTP,ALL,1,128.9871,3,3
2022-09-01T07:45:00-00:00,2022-09-01T08:00:00-00:00,2022-09-01,01,ELK_GNODEPTP,ELK_GNODEPTP,ELK_GNODEPTP,RTPD,MCE,LMP_ENE_PRC,ELK_GNODEPTP,ALL,1,109.12099,4,3
2022-09-01T08:45:00-00:00,2022-09-01T09:00:00-00:00,2022-09-01,02,ELK_GNODEPTP,ELK_GNODEPTP,ELK_GNODEPTP,RTPD,MCE,LMP_ENE_PRC,ELK_GNODEPTP,ALL,1,98.7357,4,3
2022-09-01T09:45:00-00:00,2022-09-01T10:00:00-00:00,2022-09-01,03,ELK_GNODEPTP,ELK_GNODEPTP,ELK_GNODEPTP,RTPD,MCE,LMP_ENE_PRC,ELK_GNODEPTP,ALL,1,97.50475,4,3
2022-09-01T10:45:00-00:00,2022-09-01T11:00:00-00:00,2022-09-01,04,ELK_GNODEPTP,ELK_GNODEPTP,ELK_GNODEPTP,RTPD,MCE,LMP_ENE_PRC,ELK_GNODEPTP,ALL,1,94.71966,4,3
2022-09-01T11:45:00-00:00,2022-09-01T12:00:00-00:00,2022-09-01,05,ELK_GNODEPTP,ELK_GNODEPTP,ELK_GNODEPTP,RTPD,MCE,LMP_ENE_PRC,ELK_GNODEPTP,ALL,1,107.01,4,3
2022-09-01T12:45:00-00:00,2022-09-01T13:00:00-00:00,2022-09-01,06,ELK_GNODEPTP,ELK_GNODEPTP,ELK_GNODEPTP,RTPD,MCE,LMP_ENE_PRC,ELK_GNODEPTP,ALL,1,116.4848,4,3
2022-09-01T13:45:00-00:00,2022-09-01T14:00:00-00:00,2022-09-01,07,ELK_GNODEPTP,ELK_GNODEPTP,ELK_GNODEPTP,RTPD,MCE,LMP_ENE_PRC,ELK_GNODEPTP,ALL,1,111.41,4,3
2022-09-01T14:45:00-00:00,2022-09-01T15:00:00-00:00,2022-09-01,08,ELK_GNODEPTP,ELK_GNODEPTP,ELK_GNODEPTP,RTPD,MCE,LMP_ENE_PRC,ELK_GNODEPTP,ALL,1,86.1388,4,3
2022-09-01T15:45:00-00:00,2022-09-01T16:00:00-00:00,2022-09-01,09,ELK_GNODEPTP,ELK_GNODEPTP,ELK_GNODEPTP,RTPD,MCE,LMP_ENE_PRC,ELK_GNODEPTP,ALL,1,78.70076,4,3
2022-09-01T16:45:00-00:00,2022-09-01T17:00:00-00:00,2022-09-01,10,ELK_GNODEPTP,ELK_GNODEPTP,ELK_GNODEPTP,RTPD,MCE,LMP_ENE_PRC,ELK_GNODEPTP,ALL,1,91.24933,4,3
2022-09-01T17:45:00-00:00,2022-09-01T18:00:00-00:00,2022-09-01,11,ELK_GNODEPTP,ELK_GNODEPTP,ELK_GNODEPTP,RTPD,MCE,LMP_ENE_PRC,ELK_GNODEPTP,ALL,1,99.20544,4,3
2022-09-01T18:45:00-00:00,2022-09-01T19:00:00-00:00,2022-09-01,12,ELK_GNODEPTP,ELK_GNODEPTP,ELK_GNODEPTP,RTPD,MCE,LMP_ENE_PRC,ELK_GNODEPTP,ALL,1,109.04064,4,3
2022-09-01T19:45:00-00:00,2022-09-01T20:00:00-00:00,2022-09-01,13,ELK_GNODEPTP,ELK_GNODEPTP,ELK_GNODEPTP,RTPD,MCE,LMP_ENE_PRC,ELK_GNODEPTP,ALL,1,120.22491,4,3
2022-09-01T20:45:00-00:00,2022-09-01T21:00:00-00:00,2022-09-01,14,ELK_GNODEPTP,ELK_GNODEPTP,ELK_GNODEPTP,RTPD,MCE,LMP_ENE_PRC,ELK_GNODEPTP,ALL,1,154.02509,4,3
2022-09-01T21:45:00-00:00,2022-09-01T22:00:00-00:00,2022-09-01,15,ELK_GNODEPTP,ELK_GNODEPTP,ELK_GNODEPTP,RTPD,MCE,LMP_ENE_PRC,ELK_GNODEPTP,ALL,1,300.29376,4,3
2022-09-01T22:45:00-00:00,2022-09-01T23:00:00-00:00,2022-09-01,16,ELK_GNODEPTP,ELK_GNODEPTP,ELK_GNODEPTP,RTPD,MCE,LMP_ENE_PRC,ELK_GNODEPTP,ALL,1,429.9137,4,3
2022-09-01T23:45:00-00:00,2022-09-02T00:00:00-00:00,2022-09-01,17,ELK_GNODEPTP,ELK_GNODEPTP,ELK_GNODEPTP,RTPD,MCE,LMP_ENE_PRC,ELK_GNODEPTP,ALL,1,1261.2124,4,3
2022-09-02T00:45:00-00:00,2022-09-02T01:00:00-00:00,2022-09-01,18,ELK_GNODEPTP,ELK_GNODEPTP,ELK_GNODEPTP,RTPD,MCE,LMP_ENE_PRC,ELK_GNODEPTP,ALL,1,1519.149,4,3
2022-09-02T01:45:00-00:00,2022-09-02T02:00:00-00:00,2022-09-01,19,ELK_GNODEPTP,ELK_GNODEPTP,ELK_GNODEPTP,RTPD,MCE,LMP_ENE_PRC,ELK_GNODEPTP,ALL,1,1991.9337,4,3
2022-09-02T02:45:00-00:00,2022-09-02T03:00:00-00:00,2022-09-01,20,ELK_GNODEPTP,ELK_GNODEPTP,ELK_GNODEPTP,RTPD,MCE,LMP_ENE_PRC,ELK_GNODEPTP,ALL,1,1629.6213,4,3
2022-09-02T03:45:00-00:00,2022-09-02T04:00:00-00:00,2022-09-01,21,ELK_GNODEPTP,ELK_GNODEPTP,ELK_GNODEPTP,RTPD,MCE,LMP_ENE_PRC,ELK_GNODEPTP,ALL,1,141.13702,4,3
2022-09-02T04:45:00-00:00,2022-09-02T05:00:00-00:00,2022-09-01,22,ELK_GNODEPTP,ELK_GNODEPTP,ELK_GNODEPTP,RTPD,MCE,LMP_ENE_PRC,ELK_GNODEPTP,ALL,1,126.76372,4,3
2022-09-02T05:45:00-00:00,2022-09-02T06:00:00-00:00,2022-09-01,23,ELK_GNODEPTP,ELK_GNODEPTP,ELK_GNODEPTP,RTPD,MCE,LMP_ENE_PRC,ELK_GNODEPTP,ALL,1,119.00958,4,3
2022-09-02T06:45:00-00:00,2022-09-02T07:00:00-00:00,2022-09-01,24,ELK_GNODEPTP,ELK_GNODEPTP,ELK_GNODEPTP,RTPD,MCE,LMP_ENE_PRC,ELK_GNODEPTP,ALL,1,109.20324,4,3
2022-09-01T07:00:00-00:00,2022-09-01T07:15:00-00:00,2022-09-01,01,ELK_GNODEPTP,ELK_GNODEPTP,ELK_GNODEPTP,RTPD,MCL,LMP_LOSS_PRC,ELK_GNODEPTP,ALL,1,0.05212,1,4
2022-09-01T08:00:00-00:00,2022-09-01T08:15:00-00:00,2022-09-01,02,ELK_GNODEPTP,ELK_GNODEPTP,ELK_GNODEPTP,RTPD,MCL,LMP_LOSS_PRC,ELK_GNODEPTP,ALL,1,0,1,4
2022-09-01T09:00:00-00:00,2022-09-01T09:15:00-00:00,2022-09-01,03,ELK_GNODEPTP,ELK_GNODEPTP,ELK_GNODEPTP,RTPD,MCL,LMP_LOSS_PRC,ELK_GNODEPTP,ALL,1,0.86767,1,4
2022-09-01T10:00:00-00:00,2022-09-01T10:15:00-00:00,2022-09-01,04,ELK_GNODEPTP,ELK_GNODEPTP,ELK_GNODEPTP,RTPD,MCL,LMP_LOSS_PRC,ELK_GNODEPTP,ALL,1,1.12453,1,4
2022-09-01T11:00:00-00:00,2022-09-01T11:15:00-00:00,2022-09-01,05,ELK_GNODEPTP,ELK_GNODEPTP,ELK_GNODEPTP,RTPD,MCL,LMP_LOSS_PRC,ELK_GNODEPTP,ALL,1,1.03595,1,4
2022-09-01T12:00:00-00:00,2022-09-01T12:15:00-00:00,2022-09-01,06,ELK_GNODEPTP,ELK_GNODEPTP,ELK_GNODEPTP,RTPD,MCL,LMP_LOSS_PRC,ELK_GNODEPTP,ALL,1,0.25197,1,4
2022-09-01T13:00:00-00:00,2022-09-01T13:15:00-00:00,2022-09-01,07,ELK_GNODEPTP,ELK_GNODEPTP,ELK_GNODEPTP,RTPD,MCL,LMP_LOSS_PRC,ELK_GNODEPTP,ALL,1,0,1,4
2022-09-01T14:00:00-00:00,2022-09-01T14:15:00-00:00,2022-09-01,08,ELK_GNODEPTP,ELK_GNODEPTP,ELK_GNODEPTP,RTPD,MCL,LMP_LOSS_PRC,ELK_GNODEPTP,ALL,1,2.84444,1,4
2022-09-01T15:00:00-00:00,2022-09-01T15:15:00-00:00,2022-09-01,09,ELK_GNODEPTP,ELK_GNODEPTP,ELK_GNODEPTP,RTPD,MCL,LMP_LOSS_PRC,ELK_GNODEPTP,ALL,1,0,1,4
2022-09-01T16:00:00-00:00,2022-09-01T16:15:00-00:00,2022-09-01,10,ELK_GNODEPTP,ELK_GNODEPTP,ELK_GNODEPTP,RTPD,MCL,LMP_LOSS_PRC,ELK_GNODEPTP,ALL,1,0,1,4
2022-09-01T17:00:00-00:00,2022-09-01T17:15:00-00:00,2022-09-01,11,ELK_GNODEPTP,ELK_GNODEPTP,ELK_GNODEPTP,RTPD,MCL,LMP_LOSS_PRC,ELK_GNODEPTP,ALL,1,0,1,4
2022-09-01T18:00:00-00:00,2022-09-01T18:15:00-00:00,2022-09-01,12,ELK_GNODEPTP,ELK_GNODEPTP,ELK_GNODEPTP,RTPD,MCL,LMP_LOSS_PRC,ELK_GNODEPTP,ALL,1,0,1,4
2022-09-01T19:00:00-00:00,2022-09-01T19:15:00-00:00,2022-09-01,13,ELK_GNODEPTP,ELK_GNODEPTP,ELK_GNODEPTP,RTPD,MCL,LMP_LOSS_PRC,ELK_GNODEPTP,ALL,1,0,1,4
2022-09-01T20:00:00-00:00,2022-09-01T20:15:00-00:00,2022-09-01,14,ELK_GNODEPTP,ELK_GNODEPTP,ELK_GNODEPTP,RTPD,MCL,LMP_LOSS_PRC,ELK_GNODEPTP,ALL,1,0,1,4
2022-09-01T21:00:00-00:00,2022-09-01T21:15:00-00:00,2022-09-01,15,ELK_GNODEPTP,ELK_GNODEPTP,ELK_GNODEPTP,RTPD,MCL,LMP_LOSS_PRC,ELK_GNODEPTP,ALL,1,0,1,4
2022-09-01T22:00:00-00:00,2022-09-01T22:15:00-00:00,2022-09-01,16,ELK_GNODEPTP,ELK_GNODEPTP,ELK_GNODEPTP,RTPD,MCL,LMP_LOSS_PRC,ELK_GNODEPTP,ALL,1,0,1,4
2022-09-01T23:00:00-00:00,2022-09-01T23:15:00-00:00,2022-09-01,17,ELK_GNODEPTP,ELK_GNODEPTP,ELK_GNODEPTP,RTPD,MCL,LMP_LOSS_PRC,ELK_GNODEPTP,ALL,1,0,1,4
2022-09-02T00:00:00-00:00,2022-09-02T00:15:00-00:00,2022-09-01,18,ELK_GNODEPTP,ELK_GNODEPTP,ELK_GNODEPTP,RTPD,MCL,LMP_LOSS_PRC,ELK_GNODEPTP,ALL,1,45.46423,1,4
2022-09-02T01:00:00-00:00,2022-09-02T01:15:00-00:00,2022-09-01,19,ELK_GNODEPTP,ELK_GNODEPTP,ELK_GNODEPTP,RTPD,MCL,LMP_LOSS_PRC,ELK_GNODEPTP,ALL,1,0,1,4
2022-09-02T02:00:00-00:00,2022-09-02T02:15:00-00:00,2022-09-01,20,ELK_GNODEPTP,ELK_GNODEPTP,ELK_GNODEPTP,RTPD,MCL,LMP_LOSS_PRC,ELK_GNODEPTP,ALL,1,0,1,4
2022-09-02T03:00:00-00:00,2022-09-02T03:15:00-00:00,2022-09-01,21,ELK_GNODEPTP,ELK_GNODEPTP,ELK_GNODEPTP,RTPD,MCL,LMP_LOSS_PRC,ELK_GNODEPTP,ALL,1,67.34814,1,4
2022-09-02T04:00:00-00:00,2022-09-02T04:15:00-00:00,2022-09-01,22,ELK_GNODEPTP,ELK_GNODEPTP,ELK_GNODEPTP,RTPD,MCL,LMP_LOSS_PRC,ELK_GNODEPTP,ALL,1,10.36472,1,4
2022-09-02T05:00:00-00:00,2022-09-02T05:15:00-00:00,2022-09-01,23,ELK_GNODEPTP,ELK_GNODEPTP,ELK_GNODEPTP,RTPD,MCL,LMP_LOSS_PRC,ELK_GNODEPTP,ALL,1,6.54195,1,4
2022-09-02T06:00:00-00:00,2022-09-02T06:15:00-00:00,2022-09-01,24,ELK_GNODEPTP,ELK_GNODEPTP,ELK_GNODEPTP,RTPD,MCL,LMP_LOSS_PRC,ELK_GNODEPTP,ALL,1,4.13057,1,4
2022-09-01T07:15:00-00:00,2022-09-01T07:30:00-00:00,2022-09-01,01,ELK_GNODEPTP,ELK_GNODEPTP,ELK_GNODEPTP,RTPD,MCL,LMP_LOSS_PRC,ELK_GNODEPTP,ALL,1,0,2,4
2022-09-01T08:15:00-00:00,2022-09-01T08:30:00-00:00,2022-09-01,02,ELK_GNODEPTP,ELK_GNODEPTP,ELK_GNODEPTP,RTPD,MCL,LMP_LOSS_PRC,ELK_GNODEPTP,ALL,1,0,2,4
2022-09-01T09:15:00-00:00,2022-09-01T09:30:00-00:00,2022-09-01,03,ELK_GNODEPTP,ELK_GNODEPTP,ELK_GNODEPTP,RTPD,MCL,LMP_LOSS_PRC,ELK_GNODEPTP,ALL,1,0.93391,2,4
2022-09-01T10:15:00-00:00,2022-09-01T10:30:00-00:00,2022-09-01,04,ELK_GNODEPTP,ELK_GNODEPTP,ELK_GNODEPTP,RTPD,MCL,LMP_LOSS_PRC,ELK_GNODEPTP,ALL,1,1.01858,2,4
2022-09-01T11:15:00-00:00,2022-09-01T11:30:00-00:00,2022-09-01,05,ELK_GNODEPTP,ELK_GNODEPTP,ELK_GNODEPTP,RTPD,MCL,LMP_LOSS_PRC,ELK_GNODEPTP,ALL,1,1.0103,2,4
2022-09-01T12:15:00-00:00,2022-09-01T12:30:00-00:00,2022-09-01,06,ELK_GNODEPTP,ELK_GNODEPTP,ELK_GNODEPTP,RTPD,MCL,LMP_LOSS_PRC,ELK_GNODEPTP,ALL,1,0.41543,2,4
2022-09-01T13:15:00-00:00,2022-09-01T13:30:00-00:00,2022-09-01,07,ELK_GNODEPTP,ELK_GNODEPTP,ELK_GNODEPTP,RTPD,MCL,LMP_LOSS_PRC,ELK_GNODEPTP,ALL,1,0.56598,2,4
2022-09-01T14:15:00-00:00,2022-09-01T14:30:00-00:00,2022-09-01,08,ELK_GNODEPTP,ELK_GNODEPTP,ELK_GNODEPTP,RTPD,MCL,LMP_LOSS_PRC,ELK_GNODEPTP,ALL,1,2.68253,2,4
2022-09-01T15:15:00-00:00,2022-09-01T15:30:00-00:00,2022-09-01,09,ELK_GNODEPTP,ELK_GNODEPTP,ELK_GNODEPTP,RTPD,MCL,LMP_LOSS_PRC,ELK_GNODEPTP,ALL,1,0,2,4
2022-09-01T16:15:00-00:00,2022-09-01T16:30:00-00:00,2022-09-01,10,ELK_GNODEPTP,ELK_GNODEPTP,ELK_GNODEPTP,RTPD,MCL,LMP_LOSS_PRC,ELK_GNODEPTP,ALL,1,0,2,4
2022-09-01T17:15:00-00:00,2022-09-01T17:30:00-00:00,2022-09-01,11,ELK_GNODEPTP,ELK_GNODEPTP,ELK_GNODEPTP,RTPD,MCL,LMP_LOSS_PRC,ELK_GNODEPTP,ALL,1,0,2,4
2022-09-01T18:15:00-00:00,2022-09-01T18:30:00-00:00,2022-09-01,12,ELK_GNODEPTP,ELK_GNODEPTP,ELK_GNODEPTP,RTPD,MCL,LMP_LOSS_PRC,ELK_GNODEPTP,ALL,1,0,2,4
2022-09-01T19:15:00-00:00,2022-09-01T19:30:00-00:00,2022-09-01,13,ELK_GNODEPTP,ELK_GNODEPTP,ELK_GNODEPTP,RTPD,MCL,LMP_LOSS_PRC,ELK_GNODEPTP,ALL,1,0,2,4
2022-09-01T20:15:00-00:00,2022-09-01T20:30:00-00:00,2022-09-01,14,ELK_GNODEPTP,ELK_GNODEPTP,ELK_GNODEPTP,RTPD,MCL,LMP_LOSS_PRC,ELK_GNODEPTP,ALL,1,0,2,4
2022-09-01T21:15:00-00:00,2022-09-01T21:30:00-00:00,2022-09-01,15,ELK_GNODEPTP,ELK_GNODEPTP,ELK_GNODEPTP,RTPD,MCL,LMP_LOSS_PRC,ELK_GNODEPTP,ALL,1,0,2,4
2022-09-01T22:15:00-00:00,2022-09-01T22:30:00-00:00,2022-09-01,16,ELK_GNODEPTP,ELK_GNODEPTP,ELK_GNODEPTP,RTPD,MCL,LMP_LOSS_PRC,ELK_GNODEPTP,ALL,1,0,2,4
2022-09-01T23:15:00-00:00,2022-09-01T23:30:00-00:00,2022-09-01,17,ELK_GNODEPTP,ELK_GNODEPTP,ELK_GNODEPTP,RTPD,MCL,LMP_LOSS_PRC,ELK_GNODEPTP,ALL,1,0,2,4
2022-09-02T00:15:00-00:00,2022-09-02T00:30:00-00:00,2022-09-01,18,ELK_GNODEPTP,ELK_GNODEPTP,ELK_GNODEPTP,RTPD,MCL,LMP_LOSS_PRC,ELK_GNODEPTP,ALL,1,42.026,2,4
2022-09-02T01:15:00-00:00,2022-09-02T01:30:00-00:00,2022-09-01,19,ELK_GNODEPTP,ELK_GNODEPTP,ELK_GNODEPTP,RTPD,MCL,LMP_LOSS_PRC,ELK_GNODEPTP,ALL,1,0,2,4
2022-09-02T02:15:00-00:00,2022-09-02T02:30:00-00:00,2022-09-01,20,ELK_GNODEPTP,ELK_GNODEPTP,ELK_GNODEPTP,RTPD,MCL,LMP_LOSS_PRC,ELK_GNODEPTP,ALL,1,0,2,4
2022-09-02T03:15:00-00:00,2022-09-02T03:30:00-00:00,2022-09-01,21,ELK_GNODEPTP,ELK_GNODEPTP,ELK_GNODEPTP,RTPD,MCL,LMP_LOSS_PRC,ELK_GNODEPTP,ALL,1,29.31862,2,4
2022-09-02T04:15:00-00:00,2022-09-02T04:30:00-00:00,2022-09-01,22,ELK_GNODEPTP,ELK_GNODEPTP,ELK_GNODEPTP,RTPD,MCL,LMP_LOSS_PRC,ELK_GNODEPTP,ALL,1,8.02355,2,4
2022-09-02T05:15:00-00:00,2022-09-02T05:30:00-00:00,2022-09-01,23,ELK_GNODEPTP,ELK_GNODEPTP,ELK_GNODEPTP,RTPD,MCL,LMP_LOSS_PRC,ELK_GNODEPTP,ALL,1,4.98074,2,4
2022-09-02T06:15:00-00:00,2022-09-02T06:30:00-00:00,2022-09-01,24,ELK_GNODEPTP,ELK_GNODEPTP,ELK_GNODEPTP,RTPD,MCL,LMP_LOSS_PRC,ELK_GNODEPTP,ALL,1,2.34687,2,4
2022-09-01T07:30:00-00:00,2022-09-01T07:45:00-00:00,2022-09-01,01,ELK_GNODEPTP,ELK_GNODEPTP,ELK_GNODEPTP,RTPD,MCL,LMP_LOSS_PRC,ELK_GNODEPTP,ALL,1,0,3,4
2022-09-01T08:30:00-00:00,2022-09-01T08:45:00-00:00,2022-09-01,02,ELK_GNODEPTP,ELK_GNODEPTP,ELK_GNODEPTP,RTPD,MCL,LMP_LOSS_PRC,ELK_GNODEPTP,ALL,1,1.5667,3,4
2022-09-01T09:30:00-00:00,2022-09-01T09:45:00-00:00,2022-09-01,03,ELK_GNODEPTP,ELK_GNODEPTP,ELK_GNODEPTP,RTPD,MCL,LMP_LOSS_PRC,ELK_GNODEPTP,ALL,1,0.75586,3,4
2022-09-01T10:30:00-00:00,2022-09-01T10:45:00-00:00,2022-09-01,04,ELK_GNODEPTP,ELK_GNODEPTP,ELK_GNODEPTP,RTPD,MCL,LMP_LOSS_PRC,ELK_GNODEPTP,ALL,1,1.08891,3,4
2022-09-01T11:30:00-00:00,2022-09-01T11:45:00-00:00,2022-09-01,05,ELK_GNODEPTP,ELK_GNODEPTP,ELK_GNODEPTP,RTPD,MCL,LMP_LOSS_PRC,ELK_GNODEPTP,ALL,1,0.95849,3,4
2022-09-01T12:30:00-00:00,2022-09-01T12:45:00-00:00,2022-09-01,06,ELK_GNODEPTP,ELK_GNODEPTP,ELK_GNODEPTP,RTPD,MCL,LMP_LOSS_PRC,ELK_GNODEPTP,ALL,1,0.54516,3,4
2022-09-01T13:30:00-00:00,2022-09-01T13:45:00-00:00,2022-09-01,07,ELK_GNODEPTP,ELK_GNODEPTP,ELK_GNODEPTP,RTPD,MCL,LMP_LOSS_PRC,ELK_GNODEPTP,ALL,1,0.82524,3,4
2022-09-01T14:30:00-00:00,2022-09-01T14:45:00-00:00,2022-09-01,08,ELK_GNODEPTP,ELK_GNODEPTP,ELK_GNODEPTP,RTPD,MCL,LMP_LOSS_PRC,ELK_GNODEPTP,ALL,1,2.80041,3,4
2022-09-01T15:30:00-00:00,2022-09-01T15:45:00-00:00,2022-09-01,09,ELK_GNODEPTP,ELK_GNODEPTP,ELK_GNODEPTP,RTPD,MCL,LMP_LOSS_PRC,ELK_GNODEPTP,ALL,1,0,3,4
2022-09-01T16:30:00-00:00,2022-09-01T16:45:00-00:00,2022-09-01,10,ELK_GNODEPTP,ELK_GNODEPTP,ELK_GNODEPTP,RTPD,MCL,LMP_LOSS_PRC,ELK_GNODEPTP,ALL,1,0,3,4
2022-09-01T17:30:00-00:00,2022-09-01T17:45:00-00:00,2022-09-01,11,ELK_GNODEPTP,ELK_GNODEPTP,ELK_GNODEPTP,RTPD,MCL,LMP_LOSS_PRC,ELK_GNODEPTP,ALL,1,0,3,4
2022-09-01T18:30:00-00:00,2022-09-01T18:45:00-00:00,2022-09-01,12,ELK_GNODEPTP,ELK_GNODEPTP,ELK_GNODEPTP,RTPD,MCL,LMP_LOSS_PRC,ELK_GNODEPTP,ALL,1,0,3,4
2022-09-01T19:30:00-00:00,2022-09-01T19:45:00-00:00,2022-09-01,13,ELK_GNODEPTP,ELK_GNODEPTP,ELK_GNODEPTP,RTPD,MCL,LMP_LOSS_PRC,ELK_GNODEPTP,ALL,1,0,3,4
2022-09-01T20:30:00-00:00,2022-09-01T20:45:00-00:00,2022-09-01,14,ELK_GNODEPTP,ELK_GNODEPTP,ELK_GNODEPTP,RTPD,MCL,LMP_LOSS_PRC,ELK_GNODEPTP,ALL,1,0,3,4
2022-09-01T21:30:00-00:00,2022-09-01T21:45:00-00:00,2022-09-01,15,ELK_GNODEPTP,ELK_GNODEPTP,ELK_GNODEPTP,RTPD,MCL,LMP_LOSS_PRC,ELK_GNODEPTP,ALL,1,0,3,4
2022-09-01T22:30:00-00:00,2022-09-01T22:45:00-00:00,2022-09-01,16,ELK_GNODEPTP,ELK_GNODEPTP,ELK_GNODEPTP,RTPD,MCL,LMP_LOSS_PRC,ELK_GNODEPTP,ALL,1,0,3,4
2022-09-01T23:30:00-00:00,2022-09-01T23:45:00-00:00,2022-09-01,17,ELK_GNODEPTP,ELK_GNODEPTP,ELK_GNODEPTP,RTPD,MCL,LMP_LOSS_PRC,ELK_GNODEPTP,ALL,1,0,3,4
2022-09-02T00:30:00-00:00,2022-09-02T00:45:00-00:00,2022-09-01,18,ELK_GNODEPTP,ELK_GNODEPTP,ELK_GNODEPTP,RTPD,MCL,LMP_LOSS_PRC,ELK_GNODEPTP,ALL,1,0,3,4
2022-09-02T01:30:00-00:00,2022-09-02T01:45:00-00:00,2022-09-01,19,ELK_GNODEPTP,ELK_GNODEPTP,ELK_GNODEPTP,RTPD,MCL,LMP_LOSS_PRC,ELK_GNODEPTP,ALL,1,0,3,4
2022-09-02T02:30:00-00:00,2022-09-02T02:45:00-00:00,2022-09-01,20,ELK_GNODEPTP,ELK_GNODEPTP,ELK_GNODEPTP,RTPD,MCL,LMP_LOSS_PRC,ELK_GNODEPTP,ALL,1,0,3,4
2022-09-02T03:30:00-00:00,2022-09-02T03:45:00-00:00,2022-09-01,21,ELK_GNODEPTP,ELK_GNODEPTP,ELK_GNODEPTP,RTPD,MCL,LMP_LOSS_PRC,ELK_GNODEPTP,ALL,1,12.98854,3,4
2022-09-02T04:30:00-00:00,2022-09-02T04:45:00-00:00,2022-09-01,22,ELK_GNODEPTP,ELK_GNODEPTP,ELK_GNODEPTP,RTPD,MCL,LMP_LOSS_PRC,ELK_GNODEPTP,ALL,1,4.30011,3,4
2022-09-02T05:30:00-00:00,2022-09-02T05:45:00-00:00,2022-09-01,23,ELK_GNODEPTP,ELK_GNODEPTP,ELK_GNODEPTP,RTPD,MCL,LMP_LOSS_PRC,ELK_GNODEPTP,ALL,1,3.59542,3,4
2022-09-02T06:30:00-00:00,2022-09-02T06:45:00-00:00,2022-09-01,24,ELK_GNODEPTP,ELK_GNODEPTP,ELK_GNODEPTP,RTPD,MCL,LMP_LOSS_PRC,ELK_GNODEPTP,ALL,1,2.65716,3,4
2022-09-01T07:45:00-00:00,2022-09-01T08:00:00-00:00,2022-09-01,01,ELK_GNODEPTP,ELK_GNODEPTP,ELK_GNODEPTP,RTPD,MCL,LMP_LOSS_PRC,ELK_GNODEPTP,ALL,1,0,4,4
2022-09-01T08:45:00-00:00,2022-09-01T09:00:00-00:00,2022-09-01,02,ELK_GNODEPTP,ELK_GNODEPTP,ELK_GNODEPTP,RTPD,MCL,LMP_LOSS_PRC,ELK_GNODEPTP,ALL,1,1.23421,4,4
2022-09-01T09:45:00-00:00,2022-09-01T10:00:00-00:00,2022-09-01,03,ELK_GNODEPTP,ELK_GNODEPTP,ELK_GNODEPTP,RTPD,MCL,LMP_LOSS_PRC,ELK_GNODEPTP,ALL,1,0.76055,4,4
2022-09-01T10:45:00-00:00,2022-09-01T11:00:00-00:00,2022-09-01,04,ELK_GNODEPTP,ELK_GNODEPTP,ELK_GNODEPTP,RTPD,MCL,LMP_LOSS_PRC,ELK_GNODEPTP,ALL,1,1.00404,4,4
2022-09-01T11:45:00-00:00,2022-09-01T12:00:00-00:00,2022-09-01,05,ELK_GNODEPTP,ELK_GNODEPTP,ELK_GNODEPTP,RTPD,MCL,LMP_LOSS_PRC,ELK_GNODEPTP,ALL,1,0,4,4
2022-09-01T12:45:00-00:00,2022-09-01T13:00:00-00:00,2022-09-01,06,ELK_GNODEPTP,ELK_GNODEPTP,ELK_GNODEPTP,RTPD,MCL,LMP_LOSS_PRC,ELK_GNODEPTP,ALL,1,0,4,4
2022-09-01T13:45:00-00:00,2022-09-01T14:00:00-00:00,2022-09-01,07,ELK_GNODEPTP,ELK_GNODEPTP,ELK_GNODEPTP,RTPD,MCL,LMP_LOSS_PRC,ELK_GNODEPTP,ALL,1,0,4,4
2022-09-01T14:45:00-00:00,2022-09-01T15:00:00-00:00,2022-09-01,08,ELK_GNODEPTP,ELK_GNODEPTP,ELK_GNODEPTP,RTPD,MCL,LMP_LOSS_PRC,ELK_GNODEPTP,ALL,1,0,4,4
2022-09-01T15:45:00-00:00,2022-09-01T16:00:00-00:00,2022-09-01,09,ELK_GNODEPTP,ELK_GNODEPTP,ELK_GNODEPTP,RTPD,MCL,LMP_LOSS_PRC,ELK_GNODEPTP,ALL,1,0,4,4
2022-09-01T16:45:00-00:00,2022-09-01T17:00:00-00:00,2022-09-01,10,ELK_GNODEPTP,ELK_GNODEPTP,ELK_GNODEPTP,RTPD,MCL,LMP_LOSS_PRC,ELK_GNODEPTP,ALL,1,0,4,4
2022-09-01T17:45:00-00:00,2022-09-01T18:00:00-00:00,2022-09-01,11,ELK_GNODEPTP,ELK_GNODEPTP,ELK_GNODEPTP,RTPD,MCL,LMP_LOSS_PRC,ELK_GNODEPTP,ALL,1,0,4,4
2022-09-01T18:45:00-00:00,2022-09-01T19:00:00-00:00,2022-09-01,12,ELK_GNODEPTP,ELK_GNODEPTP,ELK_GNODEPTP,RTPD,MCL,LMP_LOSS_PRC,ELK_GNODEPTP,ALL,1,0,4,4
2022-09-01T19:45:00-00:00,2022-09-01T20:00:00-00:00,2022-09-01,13,ELK_GNODEPTP,ELK_GNODEPTP,ELK_GNODEPTP,RTPD,MCL,LMP_LOSS_PRC,ELK_GNODEPTP,ALL,1,0,4,4
2022-09-01T20:45:00-00:00,2022-09-01T21:00:00-00:00,2022-09-01,14,ELK_GNODEPTP,ELK_GNODEPTP,ELK_GNODEPTP,RTPD,MCL,LMP_LOSS_PRC,ELK_GNODEPTP,ALL,1,0,4,4
2022-09-01T21:45:00-00:00,2022-09-01T22:00:00-00:00,2022-09-01,15,ELK_GNODEPTP,ELK_GNODEPTP,ELK_GNODEPTP,RTPD,MCL,LMP_LOSS_PRC,ELK_GNODEPTP,ALL,1,0,4,4
2022-09-01T22:45:00-00:00,2022-09-01T23:00:00-00:00,2022-09-01,16,ELK_GNODEPTP,ELK_GNODEPTP,ELK_GNODEPTP,RTPD,MCL,LMP_LOSS_PRC,ELK_GNODEPTP,ALL,1,0,4,4
2022-09-01T23:45:00-00:00,2022-09-02T00:00:00-00:00,2022-09-01,17,ELK_GNODEPTP,ELK_GNODEPTP,ELK_GNODEPTP,RTPD,MCL,LMP_LOSS_PRC,ELK_GNODEPTP,ALL,1,0,4,4
2022-09-02T00:45:00-00:00,2022-09-02T01:00:00-00:00,2022-09-01,18,ELK_GNODEPTP,ELK_GNODEPTP,ELK_GNODEPTP,RTPD,MCL,LMP_LOSS_PRC,ELK_GNODEPTP,ALL,1,0,4,4
2022-09-02T01:45:00-00:00,2022-09-02T02:00:00-00:00,2022-09-01,19,ELK_GNODEPTP,ELK_GNODEPTP,ELK_GNODEPTP,RTPD,MCL,LMP_LOSS_PRC,ELK_GNODEPTP,ALL,1,0,4,4
2022-09-02T02:45:00-00:00,2022-09-02T03:00:00-00:00,2022-09-01,20,ELK_GNODEPTP,ELK_GNODEPTP,ELK_GNODEPTP,RTPD,MCL,LMP_LOSS_PRC,ELK_GNODEPTP,ALL,1,109.51047,4,4
2022-09-02T03:45:00-00:00,2022-09-02T04:00:00-00:00,2022-09-01,21,ELK_GNODEPTP,ELK_GNODEPTP,ELK_GNODEPTP,RTPD,MCL,LMP_LOSS_PRC,ELK_GNODEPTP,ALL,1,8.43992,4,4
2022-09-02T04:45:00-00:00,2022-09-02T05:00:00-00:00,2022-09-01,22,ELK_GNODEPTP,ELK_GNODEPTP,ELK_GNODEPTP,RTPD,MCL,LMP_LOSS_PRC,ELK_GNODEPTP,ALL,1,4.00577,4,4
2022-09-02T05:45:00-00:00,2022-09-02T06:00:00-00:00,2022-09-01,23,ELK_GNODEPTP,ELK_GNODEPTP,ELK_GNODEPTP,RTPD,MCL,LMP_LOSS_PRC,ELK_GNODEPTP,ALL,1,3.2609,4,4
2022-09-02T06:45:00-00:00,2022-09-02T07:00:00-00:00,2022-09-01,24,ELK_GNODEPTP,ELK_GNODEPTP,ELK_GNODEPTP,RTPD,MCL,LMP_LOSS_PRC,ELK_GNODEPTP,ALL,1,2.80655,4,4
2022-09-01T07:00:00-00:00,2022-09-01T07:15:00-00:00,2022-09-01,01,ELK_GNODEPTP,ELK_GNODEPTP,ELK_GNODEPTP,RTPD,MGHG,LMP_GHG_PRC,ELK_GNODEPTP,ALL,1,0,1,5
2022-09-01T08:00:00-00:00,2022-09-01T08:15:00-00:00,2022-09-01,02,ELK_GNODEPTP,ELK_GNODEPTP,ELK_GNODEPTP,RTPD,MGHG,LMP_GHG_PRC,ELK_GNODEPTP,ALL,1,0,1,5
2022-09-01T09:00:00-00:00,2022-09-01T09:15:00-00:00,2022-09-01,03,ELK_GNODEPTP,ELK_GNODEPTP,ELK_GNODEPTP,RTPD,MGHG,LMP_GHG_PRC,ELK_GNODEPTP,ALL,1,0,1,5
2022-09-01T10:00:00-00:00,2022-09-01T10:15:00-00:00,2022-09-01,04,ELK_GNODEPTP,ELK_GNODEPTP,ELK_GNODEPTP,RTPD,MGHG,LMP_GHG_PRC,ELK_GNODEPTP,ALL,1,0,1,5
2022-09-01T11:00:00-00:00,2022-09-01T11:15:00-00:00,2022-09-01,05,ELK_GNODEPTP,ELK_GNODEPTP,ELK_GNODEPTP,RTPD,MGHG,LMP_GHG_PRC,ELK_GNODEPTP,ALL,1,0,1,5
2022-09-01T12:00:00-00:00,2022-09-01T12:15:00-00:00,2022-09-01,06,ELK_GNODEPTP,ELK_GNODEPTP,ELK_GNODEPTP,RTPD,MGHG,LMP_GHG_PRC,ELK_GNODEPTP,ALL,1,0,1,5
2022-09-01T13:00:00-00:00,2022-09-01T13:15:00-00:00,2022-09-01,07,ELK_GNODEPTP,ELK_GNODEPTP,ELK_GNODEPTP,RTPD,MGHG,LMP_GHG_PRC,ELK_GNODEPTP,ALL,1,0,1,5
2022-09-01T14:00:00-00:00,2022-09-01T14:15:00-00:00,2022-09-01,08,ELK_GNODEPTP,ELK_GNODEPTP,ELK_GNODEPTP,RTPD,MGHG,LMP_GHG_PRC,ELK_GNODEPTP,ALL,1,0,1,5
2022-09-01T15:00:00-00:00,2022-09-01T15:15:00-00:00,2022-09-01,09,ELK_GNODEPTP,ELK_GNODEPTP,ELK_GNODEPTP,RTPD,MGHG,LMP_GHG_PRC,ELK_GNODEPTP,ALL,1,0,1,5
2022-09-01T16:00:00-00:00,2022-09-01T16:15:00-00:00,2022-09-01,10,ELK_GNODEPTP,ELK_GNODEPTP,ELK_GNODEPTP,RTPD,MGHG,LMP_GHG_PRC,ELK_GNODEPTP,ALL,1,0,1,5
2022-09-01T17:00:00-00:00,2022-09-01T17:15:00-00:00,2022-09-01,11,ELK_GNODEPTP,ELK_GNODEPTP,ELK_GNODEPTP,RTPD,MGHG,LMP_GHG_PRC,ELK_GNODEPTP,ALL,1,0,1,5
2022-09-01T18:00:00-00:00,2022-09-01T18:15:00-00:00,2022-09-01,12,ELK_GNODEPTP,ELK_GNODEPTP,ELK_GNODEPTP,RTPD,MGHG,LMP_GHG_PRC,ELK_GNODEPTP,ALL,1,0,1,5
2022-09-01T19:00:00-00:00,2022-09-01T19:15:00-00:00,2022-09-01,13,ELK_GNODEPTP,ELK_GNODEPTP,ELK_GNODEPTP,RTPD,MGHG,LMP_GHG_PRC,ELK_GNODEPTP,ALL,1,0,1,5
2022-09-01T20:00:00-00:00,2022-09-01T20:15:00-00:00,2022-09-01,14,ELK_GNODEPTP,ELK_GNODEPTP,ELK_GNODEPTP,RTPD,MGHG,LMP_GHG_PRC,ELK_GNODEPTP,ALL,1,0,1,5
2022-09-01T21:00:00-00:00,2022-09-01T21:15:00-00:00,2022-09-01,15,ELK_GNODEPTP,ELK_GNODEPTP,ELK_GNODEPTP,RTPD,MGHG,LMP_GHG_PRC,ELK_GNODEPTP,ALL,1,0,1,5
2022-09-01T22:00:00-00:00,2022-09-01T22:15:00-00:00,2022-09-01,16,ELK_GNODEPTP,ELK_GNODEPTP,ELK_GNODEPTP,RTPD,MGHG,LMP_GHG_PRC,ELK_GNODEPTP,ALL,1,0,1,5
2022-09-01T23:00:00-00:00,2022-09-01T23:15:00-00:00,2022-09-01,17,ELK_GNODEPTP,ELK_GNODEPTP,ELK_GNODEPTP,RTPD,MGHG,LMP_GHG_PRC,ELK_GNODEPTP,ALL,1,0,1,5
2022-09-02T00:00:00-00:00,2022-09-02T00:15:00-00:00,2022-09-01,18,ELK_GNODEPTP,ELK_GNODEPTP,ELK_GNODEPTP,RTPD,MGHG,LMP_GHG_PRC,ELK_GNODEPTP,ALL,1,0,1,5
2022-09-02T01:00:00-00:00,2022-09-02T01:15:00-00:00,2022-09-01,19,ELK_GNODEPTP,ELK_GNODEPTP,ELK_GNODEPTP,RTPD,MGHG,LMP_GHG_PRC,ELK_GNODEPTP,ALL,1,0,1,5
2022-09-02T02:00:00-00:00,2022-09-02T02:15:00-00:00,2022-09-01,20,ELK_GNODEPTP,ELK_GNODEPTP,ELK_GNODEPTP,RTPD,MGHG,LMP_GHG_PRC,ELK_GNODEPTP,ALL,1,0,1,5
2022-09-02T03:00:00-00:00,2022-09-02T03:15:00-00:00,2022-09-01,21,ELK_GNODEPTP,ELK_GNODEPTP,ELK_GNODEPTP,RTPD,MGHG,LMP_GHG_PRC,ELK_GNODEPTP,ALL,1,0,1,5
2022-09-02T04:00:00-00:00,2022-09-02T04:15:00-00:00,2022-09-01,22,ELK_GNODEPTP,ELK_GNODEPTP,ELK_GNODEPTP,RTPD,MGHG,LMP_GHG_PRC,ELK_GNODEPTP,ALL,1,0,1,5
2022-09-02T05:00:00-00:00,2022-09-02T05:15:00-00:00,2022-09-01,23,ELK_GNODEPTP,ELK_GNODEPTP,ELK_GNODEPTP,RTPD,MGHG,LMP_GHG_PRC,ELK_GNODEPTP,ALL,1,0,1,5
2022-09-02T06:00:00-00:00,2022-09-02T06:15:00-00:00,2022-09-01,24,ELK_GNODEPTP,ELK_GNODEPTP,ELK_GNODEPTP,RTPD,MGHG,LMP_GHG_PRC,ELK_GNODEPTP,ALL,1,0,1,5
2022-09-01T07:15:00-00:00,2022-09-01T07:30:00-00:00,2022-09-01,01,ELK_GNODEPTP,ELK_GNODEPTP,ELK_GNODEPTP,RTPD,MGHG,LMP_GHG_PRC,ELK_GNODEPTP,ALL,1,0,2,5
2022-09-01T08:15:00-00:00,2022-09-01T08:30:00-00:00,2022-09-01,02,ELK_GNODEPTP,ELK_GNODEPTP,ELK_GNODEPTP,RTPD,MGHG,LMP_GHG_PRC,ELK_GNODEPTP,ALL,1,0,2,5
2022-09-01T09:15:00-00:00,2022-09-01T09:30:00-00:00,2022-09-01,03,ELK_GNODEPTP,ELK_GNODEPTP,ELK_GNODEPTP,RTPD,MGHG,LMP_GHG_PRC,ELK_GNODEPTP,ALL,1,0,2,5
2022-09-01T10:15:00-00:00,2022-09-01T10:30:00-00:00,2022-09-01,04,ELK_GNODEPTP,ELK_GNODEPTP,ELK_GNODEPTP,RTPD,MGHG,LMP_GHG_PRC,ELK_GNODEPTP,ALL,1,0,2,5
2022-09-01T11:15:00-00:00,2022-09-01T11:30:00-00:00,2022-09-01,05,ELK_GNODEPTP,ELK_GNODEPTP,ELK_GNODEPTP,RTPD,MGHG,LMP_GHG_PRC,ELK_GNODEPTP,ALL,1,0,2,5
2022-09-01T12:15:00-00:00,2022-09-01T12:30:00-00:00,2022-09-01,06,ELK_GNODEPTP,ELK_GNODEPTP,ELK_GNODEPTP,RTPD,MGHG,LMP_GHG_PRC,ELK_GNODEPTP,ALL,1,0,2,5
2022-09-01T13:15:00-00:00,2022-09-01T13:30:00-00:00,2022-09-01,07,ELK_GNODEPTP,ELK_GNODEPTP,ELK_GNODEPTP,RTPD,MGHG,LMP_GHG_PRC,ELK_GNODEPTP,ALL,1,0,2,5
2022-09-01T14:15:00-00:00,2022-09-01T14:30:00-00:00,2022-09-01,08,ELK_GNODEPTP,ELK_GNODEPTP,ELK_GNODEPTP,RTPD,MGHG,LMP_GHG_PRC,ELK_GNODEPTP,ALL,1,0,2,5
2022-09-01T15:15:00-00:00,2022-09-01T15:30:00-00:00,2022-09-01,09,ELK_GNODEPTP,ELK_GNODEPTP,ELK_GNODEPTP,RTPD,MGHG,LMP_GHG_PRC,ELK_GNODEPTP,ALL,1,0,2,5
2022-09-01T16:15:00-00:00,2022-09-01T16:30:00-00:00,2022-09-01,10,ELK_GNODEPTP,ELK_GNODEPTP,ELK_GNODEPTP,RTPD,MGHG,LMP_GHG_PRC,ELK_GNODEPTP,ALL,1,0,2,5
2022-09-01T17:15:00-00:00,2022-09-01T17:30:00-00:00,2022-09-01,11,ELK_GNODEPTP,ELK_GNODEPTP,ELK_GNODEPTP,RTPD,MGHG,LMP_GHG_PRC,ELK_GNODEPTP,ALL,1,0,2,5
2022-09-01T18:15:00-00:00,2022-09-01T18:30:00-00:00,2022-09-01,12,ELK_GNODEPTP,ELK_GNODEPTP,ELK_GNODEPTP,RTPD,MGHG,LMP_GHG_PRC,ELK_GNODEPTP,ALL,1,0,2,5
2022-09-01T19:15:00-00:00,2022-09-01T19:30:00-00:00,2022-09-01,13,ELK_GNODEPTP,ELK_GNODEPTP,ELK_GNODEPTP,RTPD,MGHG,LMP_GHG_PRC,ELK_GNODEPTP,ALL,1,0,2,5
2022-09-01T20:15:00-00:00,2022-09-01T20:30:00-00:00,2022-09-01,14,ELK_GNODEPTP,ELK_GNODEPTP,ELK_GNODEPTP,RTPD,MGHG,LMP_GHG_PRC,ELK_GNODEPTP,ALL,1,0,2,5
2022-09-01T21:15:00-00:00,2022-09-01T21:30:00-00:00,2022-09-01,15,ELK_GNODEPTP,ELK_GNODEPTP,ELK_GNODEPTP,RTPD,MGHG,LMP_GHG_PRC,ELK_GNODEPTP,ALL,1,0,2,5
2022-09-01T22:15:00-00:00,2022-09-01T22:30:00-00:00,2022-09-01,16,ELK_GNODEPTP,ELK_GNODEPTP,ELK_GNODEPTP,RTPD,MGHG,LMP_GHG_PRC,ELK_GNODEPTP,ALL,1,0,2,5
2022-09-01T23:15:00-00:00,2022-09-01T23:30:00-00:00,2022-09-01,17,ELK_GNODEPTP,ELK_GNODEPTP,ELK_GNODEPTP,RTPD,MGHG,LMP_GHG_PRC,ELK_GNODEPTP,ALL,1,0,2,5
2022-09-02T00:15:00-00:00,2022-09-02T00:30:00-00:00,2022-09-01,18,ELK_GNODEPTP,ELK_GNODEPTP,ELK_GNODEPTP,RTPD,MGHG,LMP_GHG_PRC,ELK_GNODEPTP,ALL,1,0,2,5
2022-09-02T01:15:00-00:00,2022-09-02T01:30:00-00:00,2022-09-01,19,ELK_GNODEPTP,ELK_GNODEPTP,ELK_GNODEPTP,RTPD,MGHG,LMP_GHG_PRC,ELK_GNODEPTP,ALL,1,0,2,5
2022-09-02T02:15:00-00:00,2022-09-02T02:30:00-00:00,2022-09-01,20,ELK_GNODEPTP,ELK_GNODEPTP,ELK_GNODEPTP,RTPD,MGHG,LMP_GHG_PRC,ELK_GNODEPTP,ALL,1,0,2,5
2022-09-02T03:15:00-00:00,2022-09-02T03:30:00-00:00,2022-09-01,21,ELK_GNODEPTP,ELK_GNODEPTP,ELK_GNODEPTP,RTPD,MGHG,LMP_GHG_PRC,ELK_GNODEPTP,ALL,1,0,2,5
2022-09-02T04:15:00-00:00,2022-09-02T04:30:00-00:00,2022-09-01,22,ELK_GNODEPTP,ELK_GNODEPTP,ELK_GNODEPTP,RTPD,MGHG,LMP_GHG_PRC,ELK_GNODEPTP,ALL,1,0,2,5
2022-09-02T05:15:00-00:00,2022-09-02T05:30:00-00:00,2022-09-01,23,ELK_GNODEPTP,ELK_GNODEPTP,ELK_GNODEPTP,RTPD,MGHG,LMP_GHG_PRC,ELK_GNODEPTP,ALL,1,0,2,5
2022-09-02T06:15:00-00:00,2022-09-02T06:30:00-00:00,2022-09-01,24,ELK_GNODEPTP,ELK_GNODEPTP,ELK_GNODEPTP,RTPD,MGHG,LMP_GHG_PRC,ELK_GNODEPTP,ALL,1,0,2,5
2022-09-01T07:30:00-00:00,2022-09-01T07:45:00-00:00,2022-09-01,01,ELK_GNODEPTP,ELK_GNODEPTP,ELK_GNODEPTP,RTPD,MGHG,LMP_GHG_PRC,ELK_GNODEPTP,ALL,1,0,3,5
2022-09-01T08:30:00-00:00,2022-09-01T08:45:00-00:00,2022-09-01,02,ELK_GNODEPTP,ELK_GNODEPTP,ELK_GNODEPTP,RTPD,MGHG,LMP_GHG_PRC,ELK_GNODEPTP,ALL,1,0,3,5
2022-09-01T09:30:00-00:00,2022-09-01T09:45:00-00:00,2022-09-01,03,ELK_GNODEPTP,ELK_GNODEPTP,ELK_GNODEPTP,RTPD,MGHG,LMP_GHG_PRC,ELK_GNODEPTP,ALL,1,0,3,5
2022-09-01T10:30:00-00:00,2022-09-01T10:45:00-00:00,2022-09-01,04,ELK_GNODEPTP,ELK_GNODEPTP,ELK_GNODEPTP,RTPD,MGHG,LMP_GHG_PRC,ELK_GNODEPTP,ALL,1,0,3,5
2022-09-01T11:30:00-00:00,2022-09-01T11:45:00-00:00,2022-09-01,05,ELK_GNODEPTP,ELK_GNODEPTP,ELK_GNODEPTP,RTPD,MGHG,LMP_GHG_PRC,ELK_GNODEPTP,ALL,1,0,3,5
2022-09-01T12:30:00-00:00,2022-09-01T12:45:00-00:00,2022-09-01,06,ELK_GNODEPTP,ELK_GNODEPTP,ELK_GNODEPTP,RTPD,MGHG,LMP_GHG_PRC,ELK_GNODEPTP,ALL,1,0,3,5
2022-09-01T13:30:00-00:00,2022-09-01T13:45:00-00:00,2022-09-01,07,ELK_GNODEPTP,ELK_GNODEPTP,ELK_GNODEPTP,RTPD,MGHG,LMP_GHG_PRC,ELK_GNODEPTP,ALL,1,0,3,5
2022-09-01T14:30:00-00:00,2022-09-01T14:45:00-00:00,2022-09-01,08,ELK_GNODEPTP,ELK_GNODEPTP,ELK_GNODEPTP,RTPD,MGHG,LMP_GHG_PRC,ELK_GNODEPTP,ALL,1,0,3,5
2022-09-01T15:30:00-00:00,2022-09-01T15:45:00-00:00,2022-09-01,09,ELK_GNODEPTP,ELK_GNODEPTP,ELK_GNODEPTP,RTPD,MGHG,LMP_GHG_PRC,ELK_GNODEPTP,ALL,1,0,3,5
2022-09-01T16:30:00-00:00,2022-09-01T16:45:00-00:00,2022-09-01,10,ELK_GNODEPTP,ELK_GNODEPTP,ELK_GNODEPTP,RTPD,MGHG,LMP_GHG_PRC,ELK_GNODEPTP,ALL,1,0,3,5
2022-09-01T17:30:00-00:00,2022-09-01T17:45:00-00:00,2022-09-01,11,ELK_GNODEPTP,ELK_GNODEPTP,ELK_GNODEPTP,RTPD,MGHG,LMP_GHG_PRC,ELK_GNODEPTP,ALL,1,0,3,5
2022-09-01T18:30:00-00:00,2022-09-01T18:45:00-00:00,2022-09-01,12,ELK_GNODEPTP,ELK_GNODEPTP,ELK_GNODEPTP,RTPD,MGHG,LMP_GHG_PRC,ELK_GNODEPTP,ALL,1,0,3,5
2022-09-01T19:30:00-00:00,2022-09-01T19:45:00-00:00,2022-09-01,13,ELK_GNODEPTP,ELK_GNODEPTP,ELK_GNODEPTP,RTPD,MGHG,LMP_GHG_PRC,ELK_GNODEPTP,ALL,1,0,3,5
2022-09-01T20:30:00-00:00,2022-09-01T20:45:00-00:00,2022-09-01,14,ELK_GNODEPTP,ELK_GNODEPTP,ELK_GNODEPTP,RTPD,MGHG,LMP_GHG_PRC,ELK_GNODEPTP,ALL,1,0,3,5
2022-09-01T21:30:00-00:00,2022-09-01T21:45:00-00:00,2022-09-01,15,ELK_GNODEPTP,ELK_GNODEPTP,ELK_GNODEPTP,RTPD,MGHG,LMP_GHG_PRC,ELK_GNODEPTP,ALL,1,0,3,5
2022-09-01T22:30:00-00:00,2022-09-01T22:45:00-00:00,2022-09-01,16,ELK_GNODEPTP,ELK_GNODEPTP,ELK_GNODEPTP,RTPD,MGHG,LMP_GHG_PRC,ELK_GNODEPTP,ALL,1,0,3,5
2022-09-01T23:30:00-00:00,2022-09-01T23:45:00-00:00,2022-09-01,17,ELK_GNODEPTP,ELK_GNODEPTP,ELK_GNODEPTP,RTPD,MGHG,LMP_GHG_PRC,ELK_GNODEPTP,ALL,1,0,3,5
2022-09-02T00:30:00-00:00,2022-09-02T00:45:00-00:00,2022-09-01,18,ELK_GNODEPTP,ELK_GNODEPTP,ELK_GNODEPTP,RTPD,MGHG,LMP_GHG_PRC,ELK_GNODEPTP,ALL,1,0,3,5
2022-09-02T01:30:00-00:00,2022-09-02T01:45:00-00:00,2022-09-01,19,ELK_GNODEPTP,ELK_GNODEPTP,ELK_GNODEPTP,RTPD,MGHG,LMP_GHG_PRC,ELK_GNODEPTP,ALL,1,0,3,5
2022-09-02T02:30:00-00:00,2022-09-02T02:45:00-00:00,2022-09-01,20,ELK_GNODEPTP,ELK_GNODEPTP,ELK_GNODEPTP,RTPD,MGHG,LMP_GHG_PRC,ELK_GNODEPTP,ALL,1,0,3,5
2022-09-02T03:30:00-00:00,2022-09-02T03:45:00-00:00,2022-09-01,21,ELK_GNODEPTP,ELK_GNODEPTP,ELK_GNODEPTP,RTPD,MGHG,LMP_GHG_PRC,ELK_GNODEPTP,ALL,1,0,3,5
2022-09-02T04:30:00-00:00,2022-09-02T04:45:00-00:00,2022-09-01,22,ELK_GNODEPTP,ELK_GNODEPTP,ELK_GNODEPTP,RTPD,MGHG,LMP_GHG_PRC,ELK_GNODEPTP,ALL,1,0,3,5
2022-09-02T05:30:00-00:00,2022-09-02T05:45:00-00:00,2022-09-01,23,ELK_GNODEPTP,ELK_GNODEPTP,ELK_GNODEPTP,RTPD,MGHG,LMP_GHG_PRC,ELK_GNODEPTP,ALL,1,0,3,5
2022-09-02T06:30:00-00:00,2022-09-02T06:45:00-00:00,2022-09-01,24,ELK_GNODEPTP,ELK_GNODEPTP,ELK_GNODEPTP,RTPD,MGHG,LMP_GHG_PRC,ELK_GNODEPTP,ALL,1,0,3,5
2022-09-01T07:45:00-00:00,2022-09-01T08:00:00-00:00,2022-09-01,01,ELK_GNODEPTP,ELK_GNODEPTP,ELK_GNODEPTP,RTPD,MGHG,LMP_GHG_PRC,ELK_GNODEPTP,ALL,1,0,4,5
2022-09-01T08:45:00-00:00,2022-09-01T09:00:00-00:00,2022-09-01,02,ELK_GNODEPTP,ELK_GNODEPTP,ELK_GNODEPTP,RTPD,MGHG,LMP_GHG_PRC,ELK_GNODEPTP,ALL,1,0,4,5
2022-09-01T09:45:00-00:00,2022-09-01T10:00:00-00:00,2022-09-01,03,ELK_GNODEPTP,ELK_GNODEPTP,ELK_GNODEPTP,RTPD,MGHG,LMP_GHG_PRC,ELK_GNODEPTP,ALL,1,0,4,5
2022-09-01T10:45:00-00:00,2022-09-01T11:00:00-00:00,2022-09-01,04,ELK_GNODEPTP,ELK_GNODEPTP,ELK_GNODEPTP,RTPD,MGHG,LMP_GHG_PRC,ELK_GNODEPTP,ALL,1,0,4,5
2022-09-01T11:45:00-00:00,2022-09-01T12:00:00-00:00,2022-09-01,05,ELK_GNODEPTP,ELK_GNODEPTP,ELK_GNODEPTP,RTPD,MGHG,LMP_GHG_PRC,ELK_GNODEPTP,ALL,1,0,4,5
2022-09-01T12:45:00-00:00,2022-09-01T13:00:00-00:00,2022-09-01,06,ELK_GNODEPTP,ELK_GNODEPTP,ELK_GNODEPTP,RTPD,MGHG,LMP_GHG_PRC,ELK_GNODEPTP,ALL,1,0,4,5
2022-09-01T13:45:00-00:00,2022-09-01T14:00:00-00:00,2022-09-01,07,ELK_GNODEPTP,ELK_GNODEPTP,ELK_GNODEPTP,RTPD,MGHG,LMP_GHG_PRC,ELK_GNODEPTP,ALL,1,0,4,5
2022-09-01T14:45:00-00:00,2022-09-01T15:00:00-00:00,2022-09-01,08,ELK_GNODEPTP,ELK_GNODEPTP,ELK_GNODEPTP,RTPD,MGHG,LMP_GHG_PRC,ELK_GNODEPTP,ALL,1,0,4,5
2022-09-01T15:45:00-00:00,2022-09-01T16:00:00-00:00,2022-09-01,09,ELK_GNODEPTP,ELK_GNODEPTP,ELK_GNODEPTP,RTPD,MGHG,LMP_GHG_PRC,ELK_GNODEPTP,ALL,1,0,4,5
2022-09-01T16:45:00-00:00,2022-09-01T17:00:00-00:00,2022-09-01,10,ELK_GNODEPTP,ELK_GNODEPTP,ELK_GNODEPTP,RTPD,MGHG,LMP_GHG_PRC,ELK_GNODEPTP,ALL,1,0,4,5
2022-09-01T17:45:00-00:00,2022-09-01T18:00:00-00:00,2022-09-01,11,ELK_GNODEPTP,ELK_GNODEPTP,ELK_GNODEPTP,RTPD,MGHG,LMP_GHG_PRC,ELK_GNODEPTP,ALL,1,0,4,5
2022-09-01T18:45:00-00:00,2022-09-01T19:00:00-00:00,2022-09-01,12,ELK_GNODEPTP,ELK_GNODEPTP,ELK_GNODEPTP,RTPD,MGHG,LMP_GHG_PRC,ELK_GNODEPTP,ALL,1,0,4,5
2022-09-01T19:45:00-00:00,2022-09-01T20:00:00-00:00,2022-09-01,13,ELK_GNODEPTP,ELK_GNODEPTP,ELK_GNODEPTP,RTPD,MGHG,LMP_GHG_PRC,ELK_GNODEPTP,ALL,1,0,4,5
2022-09-01T20:45:00-00:00,2022-09-01T21:00:00-00:00,2022-09-01,14,ELK_GNODEPTP,ELK_GNODEPTP,ELK_GNODEPTP,RTPD,MGHG,LMP_GHG_PRC,ELK_GNODEPTP,ALL,1,0,4,5
2022-09-01T21:45:00-00:00,2022-09-01T22:00:00-00:00,2022-09-01,15,ELK_GNODEPTP,ELK_GNODEPTP,ELK_GNODEPTP,RTPD,MGHG,LMP_GHG_PRC,ELK_GNODEPTP,ALL,1,0,4,5
2022-09-01T22:45:00-00:00,2022-09-01T23:00:00-00:00,2022-09-01,16,ELK_GNODEPTP,ELK_GNODEPTP,ELK_GNODEPTP,RTPD,MGHG,LMP_GHG_PRC,ELK_GNODEPTP,ALL,1,0,4,5
2022-09-01T23:45:00-00:00,2022-09-02T00:00:00-00:00,2022-09-01,17,ELK_GNODEPTP,ELK_GNODEPTP,ELK_GNODEPTP,RTPD,MGHG,LMP_GHG_PRC,ELK_GNODEPTP,ALL,1,0,4,5
2022-09-02T00:45:00-00:00,2022-09-02T01:00:00-00:00,2022-09-01,18,ELK_GNODEPTP,ELK_GNODEPTP,ELK_GNODEPTP,RTPD,MGHG,LMP_GHG_PRC,ELK_GNODEPTP,ALL,1,0,4,5
2022-09-02T01:45:00-00:00,2022-09-02T02:00:00-00:00,2022-09-01,19,ELK_GNODEPTP,ELK_GNODEPTP,ELK_GNODEPTP,RTPD,MGHG,LMP_GHG_PRC,ELK_GNODEPTP,ALL,1,0,4,5
2022-09-02T02:45:00-00:00,2022-09-02T03:00:00-00:00,2022-09-01,20,ELK_GNODEPTP,ELK_GNODEPTP,ELK_GNODEPTP,RTPD,MGHG,LMP_GHG_PRC,ELK_GNODEPTP,ALL,1,0,4,5
2022-09-02T03:45:00-00:00,2022-09-02T04:00:00-00:00,2022-09-01,21,ELK_GNODEPTP,ELK_GNODEPTP,ELK_GNODEPTP,RTPD,MGHG,LMP_GHG_PRC,ELK_GNODEPTP,ALL,1,0,4,5
2022-09-02T04:45:00-00:00,2022-09-02T05:00:00-00:00,2022-09-01,22,ELK_GNODEPTP,ELK_GNODEPTP,ELK_GNODEPTP,RTPD,MGHG,LMP_GHG_PRC,ELK_GNODEPTP,ALL,1,0,4,5
2022-09-02T05:45:00-00:00,2022-09-02T06:00:00-00:00,2022-09-01,23,ELK_GNODEPTP,ELK_GNODEPTP,ELK_GNODEPTP,RTPD,MGHG,LMP_GHG_PRC,ELK_GNODEPTP,ALL,1,0,4,5
2022-09-02T06:45:00-00:00,2022-09-02T07:00:00-00:00,2022-09-01,24,ELK_GNODEPTP,ELK_GNODEPTP,ELK_GNODEPTP,RTPD,MGHG,LMP_GHG_PRC,ELK_GNODEPTP,ALL,1,0,4,5
