INTERVALSTARTTIME_GMT,INTERVALENDTIME_GMT,OPR_DT,OPR_HR,NODE_ID_XML,NODE_ID,NODE,MARKET_RUN_ID,LMP_TYPE,XML_DATA_ITEM,PNODE_RESMRID,GRP_TYPE,POS,PRC,OPR_INTERVAL,GROUP
2022-09-01T07:00:00-00:00,2022-09-01T07:15:00-00:00,2022-09-01,01,TOME_1_RIODELOROPVGNODE,TOME_1_RIODELOROPVGNODE,TOME_1_RIODELOROPVGNODE,RTPD,LMP,LMP_PRC,TOME_1_RIODELOROPVGNODE,ALL,1,108.78934,1,1
2022-09-01T08:00:00-00:00,2022-09-01T08:15:00-00:00,2022-09-01,02,TOME_1_RIODELOROPVGNODE,TOME_1_RIODELOROPVGNODE,TOME_1_RIODELOROPVGNODE,RTPD,LMP,LMP_PRC,TOME_1_RIODELOROPVGNODE,ALL,1,103.62112,1,1
2022-09-01T09:00:00-00:00,2022-09-01T09:15:00-00:00,2022-09-01,03,TOME_1_RIODELOROPVGNODE,TOME_1_RIODELOROPVGNODE,TOME_1_RIODELOROPVGNODE,RTPD,LMP,LMP_PRC,TOME_1_RIODELOROPVGNODE,ALL,1,90.69479,1,1
2022-09-01T10:00:00-00:00,2022-09-01T10:15:00-00:00,2022-09-01,04,TOME_1_RIODELOROPVGNODE,TOME_1_RIODELOROPVGNODE,TOME_1_RIODELOROPVGNODE,RTPD,LMP,LMP_PRC,TOME_1_RIODELOROPVGNODE,ALL,1,88.60846,1,1
2022-09-01T11:00:00-00:00,2022-09-01T11:15:00-00:00,2022-09-01,05,TOME_1_RIODELOROPVGNODE,TOME_1_RIODELOROPVGNODE,TOME_1_RIODELOROPVGNODE,RTPD,LMP,LMP_PRC,TOME_1_RIODELOROPVGNODE,ALL,1,89.55838,1,1
2022-09-01T12:00:00-00:00,2022-09-01T12:15:00-00:00,2022-09-01,06,TOME_1_RIODELOROPVGNODE,TOME_1_RIODELOROPVGNODE,TOME_1_RIODELOROPVGNODE,RTPD,LMP,LMP_PRC,TOME_1_RIODELOROPVGNODE,ALL,1,90.51822,1,1
2022-09-01T13:00:00-00:00,2022-09-01T13:15:00-00:00,2022-09-01,07,TOME_1_RIODELOROPVGNODE,TOME_1_RIODELOROPVGNODE,TOME_1_RIODELOROPVGNODE,RTPD,LMP,LMP_PRC,TOME_1_RIODELOROPVGNODE,ALL,1,96.263,1,1
2022-09-01T14:00:00-00:00,2022-09-01T14:15:00-00:00,2022-09-01,08,TOME_1_RIODELOROPVGNODE,TOME_1_RIODELOROPVGNODE,TOME_1_RIODELOROPVGNODE,RTPD,LMP,LMP_PRC,TOME_1_RIODELOROPVGNODE,ALL,1,75.14473,1,1
2022-09-01T15:00:00-00:00,2022-09-01T15:15:00-00:00,2022-09-01,09,TOME_1_RIODELOROPVGNODE,TOME_1_RIODELOROPVGNODE,TOME_1_RIODELOROPVGNODE,RTPD,LMP,LMP_PRC,TOME_1_RIODELOROPVGNODE,ALL,1,39.56495,1,1
2022-09-01T16:00:00-00:00,2022-09-01T16:15:00-00:00,2022-09-01,10,TOME_1_RIODELOROPVGNODE,TOME_1_RIODELOROPVGNODE,TOME_1_RIODELOROPVGNODE,RTPD,LMP,LMP_PRC,TOME_1_RIODELOROPVGNODE,ALL,1,36.08823,1,1
2022-09-01T17:00:00-00:00,2022-09-01T17:15:00-00:00,2022-09-01,11,TOME_1_RIODELOROPVGNODE,TOME_1_RIODELOROPVGNODE,TOME_1_RIODELOROPVGNODE,RTPD,LMP,LMP_PRC,TOME_1_RIODELOROPVGNODE,ALL,1,66.35207,1,1
2022-09-01T18:00:00-00:00,2022-09-01T18:15:00-00:00,2022-09-01,12,TOME_1_RIODELOROPVGNODE,TOME_1_RIODELOROPVGNODE,TOME_1_RIODELOROPVGNODE,RTPD,LMP,LMP_PRC,TOME_1_RIODELOROPVGNODE,ALL,1,65.50291,1,1
2022-09-01T19:00:00-00:00,2022-09-01T19:15:00-00:00,2022-09-01,13,TOME_1_RIODELOROPVGNODE,TOME_1_RIODELOROPVGNODE,TOME_1_RIODELOROPVGNODE,RTPD,LMP,LMP_PRC,TOME_1_RIODELOROPVGNODE,ALL,1,62.28633,1,1
2022-09-01T20:00:00-00:00,2022-09-01T20:15:00-00:00,2022-09-01,14,TOME_1_RIODELOROPVGNODE,TOME_1_RIODELOROPVGNODE,TOME_1_RIODELOROPVGNODE,RTPD,LMP,LMP_PRC,TOME_1_RIODELOROPVGNODE,ALL,1,93.50527,1,1
2022-09-01T21:00:00-00:00,2022-09-01T21:15:00-00:00,2022-09-01,15,TOME_1_RIODELOROPVGNODE,TOME_1_RIODELOROPVGNODE,TOME_1_RIODELOROPVGNODE,RTPD,LMP,LMP_PRC,TOME_1_RIODELOROPVGNODE,ALL,1,77.79,1,1
2022-09-01T22:00:00-00:00,2022-09-01T22:15:00-00:00,2022-09-01,16,TOME_1_RIODELOROPVGNODE,TOME_1_RIODELOROPVGNODE,TOME_1_RIODELOROPVGNODE,RTPD,LMP,LMP_PRC,TOME_1_RIODELOROPVGNODE,ALL,1,132.21582,1,1
2022-09-01T23:00:00-00:00,2022-09-01T23:15:00-00:00,2022-09-01,17,TOME_1_RIODELOROPVGNODE,TOME_1_RIODELOROPVGNODE,TOME_1_RIODELOROPVGNODE,RTPD,LMP,LMP_PRC,TOME_1_RIODELOROPVGNODE,ALL,1,178.74341,1,1
2022-09-02T00:00:00-00:00,2022-09-02T00:15:00-00:00,2022-09-01,18,TOME_1_RIODELOROPVGNODE,TOME_1_RIODELOROPVGNODE,TOME_1_RIODELOROPVGNODE,RTPD,LMP,LMP_PRC,TOME_1_RIODELOROPVGNODE,ALL,1,520.0273,1,1
2022-09-02T01:00:00-00:00,2022-09-02T01:15:00-00:00,2022-09-01,19,TOME_1_RIODELOROPVGNODE,TOME_1_RIODELOROPVGNODE,TOME_1_RIODELOROPVGNODE,RTPD,LMP,LMP_PRC,TOME_1_RIODELOROPVGNODE,ALL,1,955.888,1,1
2022-09-02T02:00:00-00:00,2022-09-02T02:15:00-00:00,2022-09-01,20,TOME_1_RIODELOROPVGNODE,TOME_1_RIODELOROPVGNODE,TOME_1_RIODELOROPVGNODE,RTPD,LMP,LMP_PRC,TOME_1_RIODELOROPVGNODE,ALL,1,1891.0966,1,1
2022-09-02T03:00:00-00:00,2022-09-02T03:15:00-00:00,2022-09-01,21,TOME_1_RIODELOROPVGNODE,TOME_1_RIODELOROPVGNODE,TOME_1_RIODELOROPVGNODE,RTPD,LMP,LMP_PRC,TOME_1_RIODELOROPVGNODE,ALL,1,123.47735,1,1
2022-09-02T04:00:00-00:00,2022-09-02T04:15:00-00:00,2022-09-01,22,TOME_1_RIODELOROPVGNODE,TOME_1_RIODELOROPVGNODE,TOME_1_RIODELOROPVGNODE,RTPD,LMP,LMP_PRC,TOME_1_RIODELOROPVGNODE,ALL,1,-31.42472,1,1
2022-09-02T05:00:00-00:00,2022-09-02T05:15:00-00:00,2022-09-01,23,TOME_1_RIODELOROPVGNODE,TOME_1_RIODELOROPVGNODE,TOME_1_RIODELOROPVGNODE,RTPD,LMP,LMP_PRC,TOME_1_RIODELOROPVGNODE,ALL,1,-24.22907,1,1
2022-09-02T06:00:00-00:00,2022-09-02T06:15:00-00:00,2022-09-01,24,TOME_1_RIODELOROPVGNODE,TOME_1_RIODELOROPVGNODE,TOME_1_RIODELOROPVGNODE,RTPD,LMP,LMP_PRC,TOME_1_RIODELOROPVGNODE,ALL,1,21.64842,1,1
2022-09-01T07:15:00-00:00,2022-09-01T07:30:00-00:00,2022-09-01,01,TOME_1_RIODELOROPVGNODE,TOME_1_RIODELOROPVGNODE,TOME_1_RIODELOROPVGNODE,RTPD,LMP,LMP_PRC,TOME_1_RIODELOROPVGNODE,ALL,1,118.2841,2,1
2022-09-01T08:15:00-00:00,2022-09-01T08:30:00-00:00,2022-09-01,02,TOME_1_RIODELOROPVGNODE,TOME_1_RIODELOROPVGNODE,TOME_1_RIODELOROPVGNODE,RTPD,LMP,LMP_PRC,TOME_1_RIODELOROPVGNODE,ALL,1,101.38104,2,1
2022-09-01T09:15:00-00:00,2022-09-01T09:30:00-00:00,2022-09-01,03,TOME_1_RIODELOROPVGNODE,TOME_1_RIODELOROPVGNODE,TOME_1_RIODELOROPVGNODE,RTPD,LMP,LMP_PRC,TOME_1_RIODELOROPVGNODE,ALL,1,90.24004,2,1
2022-09-01T10:15:00-00:00,2022-09-01T10:30:00-00:00,2022-09-01,04,TOME_1_RIODELOROPVGNODE,TOME_1_RIODELOROPVGNODE,TOME_1_RIODELOROPVGNODE,RTPD,LMP,LMP_PRC,TOME_1_RIODELOROPVGNODE,ALL,1,87.66876,2,1
2022-09-01T11:15:00-00:00,2022-09-01T11:30:00-00:00,2022-09-01,05,TOME_1_RIODELOROPVGNODE,TOME_1_RIODELOROPVGNODE,TOME_1_RIODELOROPVGNODE,RTPD,LMP,LMP_PRC,TOME_1_RIODELOROPVGNODE,ALL,1,89.80162,2,1
2022-09-01T12:15:00-00:00,2022-09-01T12:30:00-00:00,2022-09-01,06,TOME_1_RIODELOROPVGNODE,TOME_1_RIODELOROPVGNODE,TOME_1_RIODELOROPVGNODE,RTPD,LMP,LMP_PRC,TOME_1_RIODELOROPVGNODE,ALL,1,98.98712,2,1
2022-09-01T13:15:00-00:00,2022-09-01T13:30:00-00:00,2022-09-01,07,TOME_1_RIODELOROPVGNODE,TOME_1_RIODELOROPVGNODE,TOME_1_RIODELOROPVGNODE,RTPD,LMP,LMP_PRC,TOME_1_RIODELOROPVGNODE,ALL,1,97.74377,2,1
2022-09-01T14:15:00-00:00,2022-09-01T14:30:00-00:00,2022-09-01,08,TOME_1_RIODELOROPVGNODE,TOME_1_RIODELOROPVGNODE,TOME_1_RIODELOROPVGNODE,RTPD,LMP,LMP_PRC,TOME_1_RIODELOROPVGNODE,ALL,1,65.18657,2,1
2022-09-01T15:15:00-00:00,2022-09-01T15:30:00-00:00,2022-09-01,09,TOME_1_RIODELOROPVGNODE,TOME_1_RIODELOROPVGNODE,TOME_1_RIODELOROPVGNODE,RTPD,LMP,LMP_PRC,TOME_1_RIODELOROPVGNODE,ALL,1,26.45537,2,1
2022-09-01T16:15:00-00:00,2022-09-01T16:30:00-00:00,2022-09-01,10,TOME_1_RIODELOROPVGNODE,TOME_1_RIODELOROPVGNODE,TOME_1_RIODELOROPVGNODE,RTPD,LMP,LMP_PRC,TOME_1_RIODELOROPVGNODE,ALL,1,45.88726,2,1
2022-09-01T17:15:00-00:00,2022-09-01T17:30:00-00:00,2022-09-01,11,TOME_1_RIODELOROPVGNODE,TOME_1_RIODELOROPVGNODE,TOME_1_RIODELOROPVGNODE,RTPD,LMP,LMP_PRC,TOME_1_RIODELOROPVGNODE,ALL,1,69.09942,2,1
2022-09-01T18:15:00-00:00,2022-09-01T18:30:00-00:00,2022-09-01,12,TOME_1_RIODELOROPVGNODE,TOME_1_RIODELOROPVGNODE,TOME_1_RIODELOROPVGNODE,RTPD,LMP,LMP_PRC,TOME_1_RIODELOROPVGNODE,ALL,1,64.71089,2,1
2022-09-01T19:15:00-00:00,2022-09-01T19:30:00-00:00,2022-09-01,13,TOME_1_RIODELOROPVGNODE,TOME_1_RIODELOROPVGNODE,TOME_1_RIODELOROPVGNODE,RTPD,LMP,LMP_PRC,TOME_1_RIODELOROPVGNODE,ALL,1,77.18215,2,1
2022-09-01T20:15:00-00:00,2022-09-01T20:30:00-00:00,2022-09-01,14,TOME_1_RIODELOROPVGNODE,TOME_1_RIODELOROPVGNODE,TOME_1_RIODELOROPVGNODE,RTPD,LMP,LMP_PRC,TOME_1_RIODELOROPVGNODE,ALL,1,100.73886,2,1
2022-09-01T21:15:00-00:00,2022-09-01T21:30:00-00:00,2022-09-01,15,TOME_1_RIODELOROPVGNODE,TOME_1_RIODELOROPVGNODE,TOME_1_RIODELOROPVGNODE,RTPD,LMP,LMP_PRC,TOME_1_RIODELOROPVGNODE,ALL,1,103.53543,2,1
2022-09-01T22:15:00-00:00,2022-09-01T22:30:00-00:00,2022-09-01,16,TOME_1_RIODELOROPVGNODE,TOME_1_RIODELOROPVGNODE,TOME_1_RIODELOROPVGNODE,RTPD,LMP,LMP_PRC,TOME_1_RIODELOROPVGNODE,ALL,1,151.95015,2,1
2022-09-01T23:15:00-00:00,2022-09-01T23:30:00-00:00,2022-09-01,17,TOME_1_RIODELOROPVGNODE,TOME_1_RIODELOROPVGNODE,TOME_1_RIODELOROPVGNODE,RTPD,LMP,LMP_PRC,TOME_1_RIODELOROPVGNODE,ALL,1,166.41837,2,1
2022-09-02T00:15:00-00:00,2022-09-02T00:30:00-00:00,2022-09-01,18,TOME_1_RIODELOROPVGNODE,TOME_1_RIODELOROPVGNODE,TOME_1_RIODELOROPVGNODE,RTPD,LMP,LMP_PRC,TOME_1_RIODELOROPVGNODE,ALL,1,469.74112,2,1
2022-09-02T01:15:00-00:00,2022-09-02T01:30:00-00:00,2022-09-01,19,TOME_1_RIODELOROPVGNODE,TOME_1_RIODELOROPVGNODE,TOME_1_RIODELOROPVGNODE,RTPD,LMP,LMP_PRC,TOME_1_RIODELOROPVGNODE,ALL,1,1867.3993,2,1
2022-09-02T02:15:00-00:00,2022-09-02T02:30:00-00:00,2022-09-01,20,TOME_1_RIODELOROPVGNODE,TOME_1_RIODELOROPVGNODE,TOME_1_RIODELOROPVGNODE,RTPD,LMP,LMP_PRC,TOME_1_RIODELOROPVGNODE,ALL,1,1974.5098,2,1
2022-09-02T03:15:00-00:00,2022-09-02T03:30:00-00:00,2022-09-01,21,TOME_1_RIODELOROPVGNODE,TOME_1_RIODELOROPVGNODE,TOME_1_RIODELOROPVGNODE,RTPD,LMP,LMP_PRC,TOME_1_RIODELOROPVGNODE,ALL,1,118.41614,2,1
2022-09-02T04:15:00-00:00,2022-09-02T04:30:00-00:00,2022-09-01,22,TOME_1_RIODELOROPVGNODE,TOME_1_RIODELOROPVGNODE,TOME_1_RIODELOROPVGNODE,RTPD,LMP,LMP_PRC,TOME_1_RIODELOROPVGNODE,ALL,1,-25.67324,2,1
2022-09-02T05:15:00-00:00,2022-09-02T05:30:00-00:00,2022-09-01,23,TOME_1_RIODELOROPVGNODE,TOME_1_RIODELOROPVGNODE,TOME_1_RIODELOROPVGNODE,RTPD,LMP,LMP_PRC,TOME_1_RIODELOROPVGNODE,ALL,1,-41.01586,2,1
2022-09-02T06:15:00-00:00,2022-09-02T06:30:00-00:00,2022-09-01,24,TOME_1_RIODELOROPVGNODE,TOME_1_RIODELOROPVGNODE,TOME_1_RIODELOROPVGNODE,RTPD,LMP,LMP_PRC,TOME_1_RIODELOROPVGNODE,ALL,1,64.03407,2,1
2022-09-01T07:30:00-00:00,2022-09-01T07:45:00-00:00,2022-09-01,01,TOME_1_RIODELOROPVGNODE,TOME_1_RIODELOROPVGNODE,TOME_1_RIODELOROPVGNODE,RTPD,LMP,LMP_PRC,TOME_1_RIODELOROPVGNODE,ALL,1,115.19147,3,1
2022-09-01T08:30:00-00:00,2022-09-01T08:45:00-00:00,2022-09-01,02,TOME_1_RIODELOROPVGNODE,TOME_1_RIODELOROPVGNODE,TOME_1_RIODELOROPVGNODE,RTPD,LMP,LMP_PRC,TOME_1_RIODELOROPVGNODE,ALL,1,96.6288,3,1
2022-09-01T09:30:00-00:00,2022-09-01T09:45:00-00:00,2022-09-01,03,TOME_1_RIODELOROPVGNODE,TOME_1_RIODELOROPVGNODE,TOME_1_RIODELOROPVGNODE,RTPD,LMP,LMP_PRC,TOME_1_RIODELOROPVGNODE,ALL,1,89.55208,3,1
2022-09-01T10:30:00-00:00,2022-09-01T10:45:00-00:00,2022-09-01,04,TOME_1_RIODELOROPVGNODE,TOME_1_RIODELOROPVGNODE,TOME_1_RIODELOROPVGNODE,RTPD,LMP,LMP_PRC,TOME_1_RIODELOROPVGNODE,ALL,1,85.4474,3,1
2022-09-01T11:30:00-00:00,2022-09-01T11:45:00-00:00,2022-09-01,05,TOME_1_RIODELOROPVGNODE,TOME_1_RIODELOROPVGNODE,TOME_1_RIODELOROPVGNODE,RTPD,LMP,LMP_PRC,TOME_1_RIODELOROPVGNODE,ALL,1,88.88695,3,1
2022-09-01T12:30:00-00:00,2022-09-01T12:45:00-00:00,2022-09-01,06,TOME_1_RIODELOROPVGNODE,TOME_1_RIODELOROPVGNODE,TOME_1_RIODELOROPVGNODE,RTPD,LMP,LMP_PRC,TOME_1_RIODELOROPVGNODE,ALL,1,107.03849,3,1
2022-09-01T13:30:00-00:00,2022-09-01T13:45:00-00:00,2022-09-01,07,TOME_1_RIODELOROPVGNODE,TOME_1_RIODELOROPVGNODE,TOME_1_RIODELOROPVGNODE,RTPD,LMP,LMP_PRC,TOME_1_RIODELOROPVGNODE,ALL,1,94.37135,3,1
2022-09-01T14:30:00-00:00,2022-09-01T14:45:00-00:00,2022-09-01,08,TOME_1_RIODELOROPVGNODE,TOME_1_RIODELOROPVGNODE,TOME_1_RIODELOROPVGNODE,RTPD,LMP,LMP_PRC,TOME_1_RIODELOROPVGNODE,ALL,1,68.78292,3,1
2022-09-01T15:30:00-00:00,2022-09-01T15:45:00-00:00,2022-09-01,09,TOME_1_RIODELOROPVGNODE,TOME_1_RIODELOROPVGNODE,TOME_1_RIODELOROPVGNODE,RTPD,LMP,LMP_PRC,TOME_1_RIODELOROPVGNODE,ALL,1,14.16845,3,1
2022-09-01T16:30:00-00:00,2022-09-01T16:45:00-00:00,2022-09-01,10,TOME_1_RIODELOROPVGNODE,TOME_1_RIODELOROPVGNODE,TOME_1_RIODELOROPVGNODE,RTPD,LMP,LMP_PRC,TOME_1_RIODELOROPVGNODE,ALL,1,61.33432,3,1
2022-09-01T17:30:00-00:00,2022-09-01T17:45:00-00:00,2022-09-01,11,TOME_1_RIODELOROPVGNODE,TOME_1_RIODELOROPVGNODE,TOME_1_RIODELOROPVGNODE,RTPD,LMP,LMP_PRC,TOME_1_RIODELOROPVGNODE,ALL,1,72.95147,3,1
2022-09-01T18:30:00-00:00,2022-09-01T18:45:00-00:00,2022-09-01,12,TOME_1_RIODELOROPVGNODE,TOME_1_RIODELOROPVGNODE,TOME_1_RIODELOROPVGNODE,RTPD,LMP,LMP_PRC,TOME_1_RIODELOROPVGNODE,ALL,1,72.40078,3,1
2022-09-01T19:30:00-00:00,2022-09-01T19:45:00-00:00,2022-09-01,13,TOME_1_RIODELOROPVGNODE,TOME_1_RIODELOROPVGNODE,TOME_1_RIODELOROPVGNODE,RTPD,LMP,LMP_PRC,TOME_1_RIODELOROPVGNODE,ALL,1,77.2713,3,1
2022-09-01T20:30:00-00:00,2022-09-01T20:45:00-00:00,2022-09-01,14,TOME_1_RIODELOROPVGNODE,TOME_1_RIODELOROPVGNODE,TOME_1_RIODELOROPVGNODE,RTPD,LMP,LMP_PRC,TOME_1_RIODELOROPVGNODE,ALL,1,117.6014,3,1
2022-09-01T21:30:00-00:00,2022-09-01T21:45:00-00:00,2022-09-01,15,TOME_1_RIODELOROPVGNODE,TOME_1_RIODELOROPVGNODE,TOME_1_RIODELOROPVGNODE,RTPD,LMP,LMP_PRC,TOME_1_RIODELOROPVGNODE,ALL,1,100.90074,3,1
2022-09-01T22:30:00-00:00,2022-09-01T22:45:00-00:00,2022-09-01,16,TOME_1_RIODELOROPVGNODE,TOME_1_RIODELOROPVGNODE,TOME_1_RIODELOROPVGNODE,RTPD,LMP,LMP_PRC,TOME_1_RIODELOROPVGNODE,ALL,1,151.46413,3,1
2022-09-01T23:30:00-00:00,2022-09-01T23:45:00-00:00,2022-09-01,17,TOME_1_RIODELOROPVGNODE,TOME_1_RIODELOROPVGNODE,TOME_1_RIODELOROPVGNODE,RTPD,LMP,LMP_PRC,TOME_1_RIODELOROPVGNODE,ALL,1,226.88234,3,1
2022-09-02T00:30:00-00:00,2022-09-02T00:45:00-00:00,2022-09-01,18,TOME_1_RIODELOROPVGNODE,TOME_1_RIODELOROPVGNODE,TOME_1_RIODELOROPVGNODE,RTPD,LMP,LMP_PRC,TOME_1_RIODELOROPVGNODE,ALL,1,1292.5051,3,1
2022-09-02T01:30:00-00:00,2022-09-02T01:45:00-00:00,2022-09-01,19,TOME_1_RIODELOROPVGNODE,TOME_1_RIODELOROPVGNODE,TOME_1_RIODELOROPVGNODE,RTPD,LMP,LMP_PRC,TOME_1_RIODELOROPVGNODE,ALL,1,1959.2642,3,1
2022-09-02T02:30:00-00:00,2022-09-02T02:45:00-00:00,2022-09-01,20,TOME_1_RIODELOROPVGNODE,TOME_1_RIODELOROPVGNODE,TOME_1_RIODELOROPVGNODE,RTPD,LMP,LMP_PRC,TOME_1_RIODELOROPVGNODE,ALL,1,1965.7886,3,1
2022-09-02T03:30:00-00:00,2022-09-02T03:45:00-00:00,2022-09-01,21,TOME_1_RIODELOROPVGNODE,TOME_1_RIODELOROPVGNODE,TOME_1_RIODELOROPVGNODE,RTPD,LMP,LMP_PRC,TOME_1_RIODELOROPVGNODE,ALL,1,90.62774,3,1
2022-09-02T04:30:00-00:00,2022-09-02T04:45:00-00:00,2022-09-01,22,TOME_1_RIODELOROPVGNODE,TOME_1_RIODELOROPVGNODE,TOME_1_RIODELOROPVGNODE,RTPD,LMP,LMP_PRC,TOME_1_RIODELOROPVGNODE,ALL,1,-18.65102,3,1
2022-09-02T05:30:00-00:00,2022-09-02T05:45:00-00:00,2022-09-01,23,TOME_1_RIODELOROPVGNODE,TOME_1_RIODELOROPVGNODE,TOME_1_RIODELOROPVGNODE,RTPD,LMP,LMP_PRC,TOME_1_RIODELOROPVGNODE,ALL,1,-29.30924,3,1
2022-09-02T06:30:00-00:00,2022-09-02T06:45:00-00:00,2022-09-01,24,TOME_1_RIODELOROPVGNODE,TOME_1_RIODELOROPVGNODE,TOME_1_RIODELOROPVGNODE,RTPD,LMP,LMP_PRC,TOME_1_RIODELOROPVGNODE,ALL,1,-22.29978,3,1
2022-09-01T07:45:00-00:00,2022-09-01T08:00:00-00:00,2022-09-01,01,TOME_1_RIODELOROPVGNODE,TOME_1_RIODELOROPVGNODE,TOME_1_RIODELOROPVGNODE,RTPD,LMP,LMP_PRC,TOME_1_RIODELOROPVGNODE,ALL,1,107.26751,4,1
2022-09-01T08:45:00-00:00,2022-09-01T09:00:00-00:00,2022-09-01,02,TOME_1_RIODELOROPVGNODE,TOME_1_RIODELOROPVGNODE,TOME_1_RIODELOROPVGNODE,RTPD,LMP,LMP_PRC,TOME_1_RIODELOROPVGNODE,ALL,1,87.6561,4,1
2022-09-01T09:45:00-00:00,2022-09-01T10:00:00-00:00,2022-09-01,03,TOME_1_RIODELOROPVGNODE,TOME_1_RIODELOROPVGNODE,TOME_1_RIODELOROPVGNODE,RTPD,LMP,LMP_PRC,TOME_1_RIODELOROPVGNODE,ALL,1,88.61208,4,1
2022-09-01T10:45:00-00:00,2022-09-01T11:00:00-00:00,2022-09-01,04,TOME_1_RIODELOROPVGNODE,TOME_1_RIODELOROPVGNODE,TOME_1_RIODELOROPVGNODE,RTPD,LMP,LMP_PRC,TOME_1_RIODELOROPVGNODE,ALL,1,83.35434,4,1
2022-09-01T11:45:00-00:00,2022-09-01T12:00:00-00:00,2022-09-01,05,TOME_1_RIODELOROPVGNODE,TOME_1_RIODELOROPVGNODE,TOME_1_RIODELOROPVGNODE,RTPD,LMP,LMP_PRC,TOME_1_RIODELOROPVGNODE,ALL,1,92.2168,4,1
2022-09-01T12:45:00-00:00,2022-09-01T13:00:00-00:00,2022-09-01,06,TOME_1_RIODELOROPVGNODE,TOME_1_RIODELOROPVGNODE,TOME_1_RIODELOROPVGNODE,RTPD,LMP,LMP_PRC,TOME_1_RIODELOROPVGNODE,ALL,1,103.33695,4,1
2022-09-01T13:45:00-00:00,2022-09-01T14:00:00-00:00,2022-09-01,07,TOME_1_RIODELOROPVGNODE,TOME_1_RIODELOROPVGNODE,TOME_1_RIODELOROPVGNODE,RTPD,LMP,LMP_PRC,TOME_1_RIODELOROPVGNODE,ALL,1,88.916,4,1
2022-09-01T14:45:00-00:00,2022-09-01T15:00:00-00:00,2022-09-01,08,TOME_1_RIODELOROPVGNODE,TOME_1_RIODELOROPVGNODE,TOME_1_RIODELOROPVGNODE,RTPD,LMP,LMP_PRC,TOME_1_RIODELOROPVGNODE,ALL,1,57.70853,4,1
2022-09-01T15:45:00-00:00,2022-09-01T16:00:00-00:00,2022-09-01,09,TOME_1_RIODELOROPVGNODE,TOME_1_RIODELOROPVGNODE,TOME_1_RIODELOROPVGNODE,RTPD,LMP,LMP_PRC,TOME_1_RIODELOROPVGNODE,ALL,1,36.64889,4,1
2022-09-01T16:45:00-00:00,2022-09-01T17:00:00-00:00,2022-09-01,10,TOME_1_RIODELOROPVGNODE,TOME_1_RIODELOROPVGNODE,TOME_1_RIODELOROPVGNODE,RTPD,LMP,LMP_PRC,TOME_1_RIODELOROPVGNODE,ALL,1,63.12716,4,1
2022-09-01T17:45:00-00:00,2022-09-01T18:00:00-00:00,2022-09-01,11,TOME_1_RIODELOROPVGNODE,TOME_1_RIODELOROPVGNODE,TOME_1_RIODELOROPVGNODE,RTPD,LMP,LMP_PRC,TOME_1_RIODELOROPVGNODE,ALL,1,70.725,4,1
2022-09-01T18:45:00-00:00,2022-09-01T19:00:00-00:00,2022-09-01,12,TOME_1_RIODELOROPVGNODE,TOME_1_RIODELOROPVGNODE,TOME_1_RIODELOROPVGNODE,RTPD,LMP,LMP_PRC,TOME_1_RIODELOROPVGNODE,ALL,1,71.77308,4,1
2022-09-01T19:45:00-00:00,2022-09-01T20:00:00-00:00,2022-09-01,13,TOME_1_RIODELOROPVGNODE,TOME_1_RIODELOROPVGNODE,TOME_1_RIODELOROPVGNODE,RTPD,LMP,LMP_PRC,TOME_1_RIODELOROPVGNODE,ALL,1,82.3956,4,1
2022-09-01T20:45:00-00:00,2022-09-01T21:00:00-00:00,2022-09-01,14,TOME_1_RIODELOROPVGNODE,TOME_1_RIODELOROPVGNODE,TOME_1_RIODELOROPVGNODE,RTPD,LMP,LMP_PRC,TOME_1_RIODELOROPVGNODE,ALL,1,114.19744,4,1
2022-09-01T21:45:00-00:00,2022-09-01T22:00:00-00:00,2022-09-01,15,TOME_1_RIODELOROPVGNODE,TOME_1_RIODELOROPVGNODE,TOME_1_RIODELOROPVGNODE,RTPD,LMP,LMP_PRC,TOME_1_RIODELOROPVGNODE,ALL,1,145.78436,4,1
2022-09-01T22:45:00-00:00,2022-09-01T23:00:00-00:00,2022-09-01,16,TOME_1_RIODELOROPVGNODE,TOME_1_RIODELOROPVGNODE,TOME_1_RIODELOROPVGNODE,RTPD,LMP,LMP_PRC,TOME_1_RIODELOROPVGNODE,ALL,1,247.32623,4,1
2022-09-01T23:45:00-00:00,2022-09-02T00:00:00-00:00,2022-09-01,17,TOME_1_RIODELOROPVGNODE,TOME_1_RIODELOROPVGNODE,TOME_1_RIODELOROPVGNODE,RTPD,LMP,LMP_PRC,TOME_1_RIODELOROPVGNODE,ALL,1,890.45795,4,1
2022-09-02T00:45:00-00:00,2022-09-02T01:00:00-00:00,2022-09-01,18,TOME_1_RIODELOROPVGNODE,TOME_1_RIODELOROPVGNODE,TOME_1_RIODELOROPVGNODE,RTPD,LMP,LMP_PRC,TOME_1_RIODELOROPVGNODE,ALL,1,766.77155,4,1
2022-09-02T01:45:00-00:00,2022-09-02T02:00:00-00:00,2022-09-01,19,TOME_1_RIODELOROPVGNODE,TOME_1_RIODELOROPVGNODE,TOME_1_RIODELOROPVGNODE,RTPD,LMP,LMP_PRC,TOME_1_RIODELOROPVGNODE,ALL,1,1976.3213,4,1
2022-09-02T02:45:00-00:00,2022-09-02T03:00:00-00:00,2022-09-01,20,TOME_1_RIODELOROPVGNODE,TOME_1_RIODELOROPVGNODE,TOME_1_RIODELOROPVGNODE,RTPD,LMP,LMP_PRC,TOME_1_RIODELOROPVGNODE,ALL,1,686.5067,4,1
2022-09-02T03:45:00-00:00,2022-09-02T04:00:00-00:00,2022-09-01,21,TOME_1_RIODELOROPVGNODE,TOME_1_RIODELOROPVGNODE,TOME_1_RIODELOROPVGNODE,RTPD,LMP,LMP_PRC,TOME_1_RIODELOROPVGNODE,ALL,1,54.766,4,1
2022-09-02T04:45:00-00:00,2022-09-02T05:00:00-00:00,2022-09-01,22,TOME_1_RIODELOROPVGNODE,TOME_1_RIODELOROPVGNODE,TOME_1_RIODELOROPVGNODE,RTPD,LMP,LMP_PRC,TOME_1_RIODELOROPVGNODE,ALL,1,-33.88009,4,1
2022-09-02T05:45:00-00:00,2022-09-02T06:00:00-00:00,2022-09-01,23,TOME_1_RIODELOROPVGNODE,TOME_1_RIODELOROPVGNODE,TOME_1_RIODELOROPVGNODE,RTPD,LMP,LMP_PRC,TOME_1_RIODELOROPVGNODE,ALL,1,-66.63603,4,1
2022-09-02T06:45:00-00:00,2022-09-02T07:00:00-00:00,2022-09-01,24,TOME_1_RIODELOROPVGNODE,TOME_1_RIODELOROPVGNODE,TOME_1_RIODELOROPVGNODE,RTPD,LMP,LMP_PRC,TOME_1_RIODELOROPVGNODE,ALL,1,6.90673,4,1
2022-09-01T07:00:00-00:00,2022-09-01T07:15:00-00:00,2022-09-01,01,TOME_1_RIODELOROPVGNODE,TOME_1_RIODELOROPVGNODE,TOME_1_RIODELOROPVGNODE,RTPD,MCC,LMP_CONG_PRC,TOME_1_RIODELOROPVGNODE,ALL,1,14.93764,1,2
2022-09-01T08:00:00-00:00,2022-09-01T08:15:00-00:00,2022-09-01,02,TOME_1_RIODELOROPVGNODE,TOME_1_RIODELOROPVGNODE,TOME_1_RIODELOROPVGNODE,RTPD,MCC,LMP_CONG_PRC,TOME_1_RIODELOROPVGNODE,ALL,1,2.20233,1,2
2022-09-01T09:00:00-00:00,2022-09-01T09:15:00-00:00,2022-09-01,03,TOME_1_RIODELOROPVGNODE,TOME_1_RIODELOROPVGNODE,TOME_1_RIODELOROPVGNODE,RTPD,MCC,LMP_CONG_PRC,TOME_1_RIODELOROPVGNODE,ALL,1,2.95209,1,2
2022-09-01T10:00:00-00:00,2022-09-01T10:15:00-00:00,2022-09-01,04,TOME_1_RIODELOROPVGNODE,TOME_1_RIODELOROPVGNODE,TOME_1_RIODELOROPVGNODE,RTPD,MCC,LMP_CONG_PRC,TOME_1_RIODELOROPVGNODE,ALL,1,2.60575,1,2
2022-09-01T11:00:00-00:00,2022-09-01T11:15:00-00:00,2022-09-01,05,TOME_1_RIODELOROPVGNODE,TOME_1_RIODELOROPVGNODE,TOME_1_RIODELOROPVGNODE,RTPD,MCC,LMP_CONG_PRC,TOME_1_RIODELOROPVGNODE,ALL,1,-0.0032,1,2
2022-09-01T12:00:00-00:00,2022-09-01T12:15:00-00:00,2022-09-01,06,TOME_1_RIODELOROPVGNODE,TOME_1_RIODELOROPVGNODE,TOME_1_RIODELOROPVGNODE,RTPD,MCC,LMP_CONG_PRC,TOME_1_RIODELOROPVGNODE,ALL,1,6.84451,1,2
2022-09-01T13:00:00-00:00,2022-09-01T13:15:00-00:00,2022-09-01,07,TOME_1_RIODELOROPVGNODE,TOME_1_RIODELOROPVGNODE,TOME_1_RIODELOROPVGNODE,RTPD,MCC,LMP_CONG_PRC,TOME_1_RIODELOROPVGNODE,ALL,1,9.45422,1,2
2022-09-01T14:00:00-00:00,2022-09-01T14:15:00-00:00,2022-09-01,08,TOME_1_RIODELOROPVGNODE,TOME_1_RIODELOROPVGNODE,TOME_1_RIODELOROPVGNODE,RTPD,MCC,LMP_CONG_PRC,TOME_1_RIODELOROPVGNODE,ALL,1,-16.88133,1,2
2022-09-01T15:00:00-00:00,2022-09-01T15:15:00-00:00,2022-09-01,09,TOME_1_RIODELOROPVGNODE,TOME_1_RIODELOROPVGNODE,TOME_1_RIODELOROPVGNODE,RTPD,MCC,LMP_CONG_PRC,TOME_1_RIODELOROPVGNODE,ALL,1,-45.14625,1,2
2022-09-01T16:00:00-00:00,2022-09-01T16:15:00-00:00,2022-09-01,10,TOME_1_RIODELOROPVGNODE,TOME_1_RIODELOROPVGNODE,TOME_1_RIODELOROPVGNODE,RTPD,MCC,LMP_CONG_PRC,TOME_1_RIODELOROPVGNODE,ALL,1,-33.24702,1,2
2022-09-01T17:00:00-00:00,2022-09-01T17:15:00-00:00,2022-09-01,11,TOME_1_RIODELOROPVGNODE,TOME_1_RIODELOROPVGNODE,TOME_1_RIODELOROPVGNODE,RTPD,MCC,LMP_CONG_PRC,TOME_1_RIODELOROPVGNODE,ALL,1,-18.9669,1,2
2022-09-01T18:00:00-00:00,2022-09-01T18:15:00-00:00,2022-09-01,12,TOME_1_RIODELOROPVGNODE,TOME_1_RIODELOROPVGNODE,TOME_1_RIODELOROPVGNODE,RTPD,MCC,LMP_CONG_PRC,TOME_1_RIODELOROPVGNODE,ALL,1,-12.11,1,2
2022-09-01T19:00:00-00:00,2022-09-01T19:15:00-00:00,2022-09-01,13,TOME_1_RIODELOROPVGNODE,TOME_1_RIODELOROPVGNODE,TOME_1_RIODELOROPVGNODE,RTPD,MCC,LMP_CONG_PRC,TOME_1_RIODELOROPVGNODE,ALL,1,-32.76004,1,2
2022-09-01T20:00:00-00:00,2022-09-01T20:15:00-00:00,2022-09-01,14,TOME_1_RIODELOROPVGNODE,TOME_1_RIODELOROPVGNODE,TOME_1_RIODELOROPVGNODE,RTPD,MCC,LMP_CONG_PRC,TOME_1_RIODELOROPVGNODE,ALL,1,1.72168,1,2
2022-09-01T21:00:00-00:00,2022-09-01T21:15:00-00:00,2022-09-01,15,TOME_1_RIODELOROPVGNODE,TOME_1_RIODELOROPVGNODE,TOME_1_RIODELOROPVGNODE,RTPD,MCC,LMP_CONG_PRC,TOME_1_RIODELOROPVGNODE,ALL,1,-133.825,1,2
2022-09-01T22:00:00-00:00,2022-09-01T22:15:00-00:00,2022-09-01,16,TOME_1_RIODELOROPVGNODE,TOME_1_RIODELOROPVGNODE,TOME_1_RIODELOROPVGNODE,RTPD,MCC,LMP_CONG_PRC,TOME_1_RIODELOROPVGNODE,ALL,1,-79.60969,1,2
2022-09-01T23:00:00-00:00,2022-09-01T23:15:00-00:00,2022-09-01,17,TOME_1_RIODELOROPVGNODE,TOME_1_RIODELOROPVGNODE,TOME_1_RIODELOROPVGNODE,RTPD,MCC,LMP_CONG_PRC,TOME_1_RIODELOROPVGNODE,ALL,1,-181.85028,1,2
2022-09-02T00:00:00-00:00,2022-09-02T00:15:00-00:00,2022-09-01,18,TOME_1_RIODELOROPVGNODE,TOME_1_RIODELOROPVGNODE,TOME_1_RIODELOROPVGNODE,RTPD,MCC,LMP_CONG_PRC,TOME_1_RIODELOROPVGNODE,ALL,1,-129.251,1,2
2022-09-02T01:00:00-00:00,2022-09-02T01:15:00-00:00,2022-09-01,19,TOME_1_RIODELOROPVGNODE,TOME_1_RIODELOROPVGNODE,TOME_1_RIODELOROPVGNODE,RTPD,MCC,LMP_CONG_PRC,TOME_1_RIODELOROPVGNODE,ALL,1,64.52672,1,2
2022-09-02T02:00:00-00:00,2022-09-02T02:15:00-00:00,2022-09-01,20,TOME_1_RIODELOROPVGNODE,TOME_1_RIODELOROPVGNODE,TOME_1_RIODELOROPVGNODE,RTPD,MCC,LMP_CONG_PRC,TOME_1_RIODELOROPVGNODE,ALL,1,-84.9656,1,2
2022-09-02T03:00:00-00:00,2022-09-02T03:15:00-00:00,2022-09-01,21,TOME_1_RIODELOROPVGNODE,TOME_1_RIODELOROPVGNODE,TOME_1_RIODELOROPVGNODE,RTPD,MCC,LMP_CONG_PRC,TOME_1_RIODELOROPVGNODE,ALL,1,-696.8704,1,2
2022-09-02T04:00:00-00:00,2022-09-02T04:15:00-00:00,2022-09-01,22,TOME_1_RIODELOROPVGNODE,TOME_1_RIODELOROPVGNODE,TOME_1_RIODELOROPVGNODE,RTPD,MCC,LMP_CONG_PRC,TOME_1_RIODELOROPVGNODE,ALL,1,-261.23267,1,2
2022-09-02T05:00:00-00:00,2022-09-02T05:15:00-00:00,2022-09-01,23,TOME_1_RIODELOROPVGNODE,TOME_1_RIODELOROPVGNODE,TOME_1_RIODELOROPVGNODE,RTPD,MCC,LMP_CONG_PRC,TOME_1_RIODELOROPVGNODE,ALL,1,-183.60596,1,2
2022-09-02T06:00:00-00:00,2022-09-02T06:15:00-00:00,2022-09-01,24,TOME_1_RIODELOROPVGNODE,TOME_1_RIODELOROPVGNODE,TOME_1_RIODELOROPVGNODE,RTPD,MCC,LMP_CONG_PRC,TOME_1_RIODELOROPVGNODE,ALL,1,-113.29443,1,2
2022-09-01T07:15:00-00:00,2022-09-01T07:30:00-00:00,2022-09-01,01,TOME_1_RIODELOROPVGNODE,TOME_1_RIODELOROPVGNODE,TOME_1_RIODELOROPVGNODE,RTPD,MCC,LMP_CONG_PRC,TOME_1_RIODELOROPVGNODE,ALL,1,6.49266,2,2
2022-09-01T08:15:00-00:00,2022-09-01T08:30:00-00:00,2022-09-01,02,TOME_1_RIODELOROPVGNODE,TOME_1_RIODELOROPVGNODE,TOME_1_RIODELOROPVGNODE,RTPD,MCC,LMP_CONG_PRC,TOME_1_RIODELOROPVGNODE,ALL,1,0.59939,2,2
2022-09-01T09:15:00-00:00,2022-09-01T09:30:00-00:00,2022-09-01,03,TOME_1_RIODELOROPVGNODE,TOME_1_RIODELOROPVGNODE,TOME_1_RIODELOROPVGNODE,RTPD,MCC,LMP_CONG_PRC,TOME_1_RIODELOROPVGNODE,ALL,1,3.8921,2,2
2022-09-01T10:15:00-00:00,2022-09-01T10:30:00-00:00,2022-09-01,04,TOME_1_RIODELOROPVGNODE,TOME_1_RIODELOROPVGNODE,TOME_1_RIODELOROPVGNODE,RTPD,MCC,LMP_CONG_PRC,TOME_1_RIODELOROPVGNODE,ALL,1,3.68711,2,2
2022-09-01T11:15:00-00:00,2022-09-01T11:30:00-00:00,2022-09-01,05,TOME_1_RIODELOROPVGNODE,TOME_1_RIODELOROPVGNODE,TOME_1_RIODELOROPVGNODE,RTPD,MCC,LMP_CONG_PRC,TOME_1_RIODELOROPVGNODE,ALL,1,-0.004,2,2
2022-09-01T12:15:00-00:00,2022-09-01T12:30:00-00:00,2022-09-01,06,TOME_1_RIODELOROPVGNODE,TOME_1_RIODELOROPVGNODE,TOME_1_RIODELOROPVGNODE,RTPD,MCC,LMP_CONG_PRC,TOME_1_RIODELOROPVGNODE,ALL,1,4.18095,2,2
2022-09-01T13:15:00-00:00,2022-09-01T13:30:00-00:00,2022-09-01,07,TOME_1_RIODELOROPVGNODE,TOME_1_RIODELOROPVGNODE,TOME_1_RIODELOROPVGNODE,RTPD,MCC,LMP_CONG_PRC,TOME_1_RIODELOROPVGNODE,ALL,1,0.40265,2,2
2022-09-01T14:15:00-00:00,2022-09-01T14:30:00-00:00,2022-09-01,08,TOME_1_RIODELOROPVGNODE,TOME_1_RIODELOROPVGNODE,TOME_1_RIODELOROPVGNODE,RTPD,MCC,LMP_CONG_PRC,TOME_1_RIODELOROPVGNODE,ALL,1,-21.51751,2,2
2022-09-01T15:15:00-00:00,2022-09-01T15:30:00-00:00,2022-09-01,09,TOME_1_RIODELOROPVGNODE,TOME_1_RIODELOROPVGNODE,TOME_1_RIODELOROPVGNODE,RTPD,MCC,LMP_CONG_PRC,TOME_1_RIODELOROPVGNODE,ALL,1,-47.78343,2,2
2022-09-01T16:15:00-00:00,2022-09-01T16:30:00-00:00,2022-09-01,10,TOME_1_RIODELOROPVGNODE,TOME_1_RIODELOROPVGNODE,TOME_1_RIODELOROPVGNODE,RTPD,MCC,LMP_CONG_PRC,TOME_1_RIODELOROPVGNODE,ALL,1,-30.21971,2,2
2022-09-01T17:15:00-00:00,2022-09-01T17:30:00-00:00,2022-09-01,11,TOME_1_RIODELOROPVGNODE,TOME_1_RIODELOROPVGNODE,TOME_1_RIODELOROPVGNODE,RTPD,MCC,LMP_CONG_PRC,TOME_1_RIODELOROPVGNODE,ALL,1,-18.3573,2,2
2022-09-01T18:15:00-00:00,2022-09-01T18:30:00-00:00,2022-09-01,12,TOME_1_RIODELOROPVGNODE,TOME_1_RIODELOROPVGNODE,TOME_1_RIODELOROPVGNODE,RTPD,MCC,LMP_CONG_PRC,TOME_1_RIODELOROPVGNODE,ALL,1,-21.65812,2,2
2022-09-01T19:15:00-00:00,2022-09-01T19:30:00-00:00,2022-09-01,13,TOME_1_RIODELOROPVGNODE,TOME_1_RIODELOROPVGNODE,TOME_1_RIODELOROPVGNODE,RTPD,MCC,LMP_CONG_PRC,TOME_1_RIODELOROPVGNODE,ALL,1,-13.33373,2,2
2022-09-01T20:15:00-00:00,2022-09-01T20:30:00-00:00,2022-09-01,14,TOME_1_RIODELOROPVGNODE,TOME_1_RIODELOROPVGNODE,TOME_1_RIODELOROPVGNODE,RTPD,MCC,LMP_CONG_PRC,TOME_1_RIODELOROPVGNODE,ALL,1,1.83465,2,2
2022-09-01T21:15:00-00:00,2022-09-01T21:30:00-00:00,2022-09-01,15,TOME_1_RIODELOROPVGNODE,TOME_1_RIODELOROPVGNODE,TOME_1_RIODELOROPVGNODE,RTPD,MCC,LMP_CONG_PRC,TOME_1_RIODELOROPVGNODE,ALL,1,-28.26641,2,2
2022-09-01T22:15:00-00:00,2022-09-01T22:30:00-00:00,2022-09-01,16,TOME_1_RIODELOROPVGNODE,TOME_1_RIODELOROPVGNODE,TOME_1_RIODELOROPVGNODE,RTPD,MCC,LMP_CONG_PRC,TOME_1_RIODELOROPVGNODE,ALL,1,-85.18904,2,2
2022-09-01T23:15:00-00:00,2022-09-01T23:30:00-00:00,2022-09-01,17,TOME_1_RIODELOROPVGNODE,TOME_1_RIODELOROPVGNODE,TOME_1_RIODELOROPVGNODE,RTPD,MCC,LMP_CONG_PRC,TOME_1_RIODELOROPVGNODE,ALL,1,-169.54572,2,2
2022-09-02T00:15:00-00:00,2022-09-02T00:30:00-00:00,2022-09-01,18,TOME_1_RIODELOROPVGNODE,TOME_1_RIODELOROPVGNODE,TOME_1_RIODELOROPVGNODE,RTPD,MCC,LMP_CONG_PRC,TOME_1_RIODELOROPVGNODE,ALL,1,-115.14455,2,2
2022-09-02T01:15:00-00:00,2022-09-02T01:30:00-00:00,2022-09-01,19,TOME_1_RIODELOROPVGNODE,TOME_1_RIODELOROPVGNODE,TOME_1_RIODELOROPVGNODE,RTPD,MCC,LMP_CONG_PRC,TOME_1_RIODELOROPVGNODE,ALL,1,-114.004,2,2
2022-09-02T02:15:00-00:00,2022-09-02T02:30:00-00:00,2022-09-01,20,TOME_1_RIODELOROPVGNODE,TOME_1_RIODELOROPVGNODE,TOME_1_RIODELOROPVGNODE,RTPD,MCC,LMP_CONG_PRC,TOME_1_RIODELOROPVGNODE,ALL,1,-0.0024,2,2
2022-09-02T03:15:00-00:00,2022-09-02T03:30:00-00:00,2022-09-01,21,TOME_1_RIODELOROPVGNODE,TOME_1_RIODELOROPVGNODE,TOME_1_RIODELOROPVGNODE,RTPD,MCC,LMP_CONG_PRC,TOME_1_RIODELOROPVGNODE,ALL,1,-246.80151,2,2
2022-09-02T04:15:00-00:00,2022-09-02T04:30:00-00:00,2022-09-01,22,TOME_1_RIODELOROPVGNODE,TOME_1_RIODELOROPVGNODE,TOME_1_RIODELOROPVGNODE,RTPD,MCC,LMP_CONG_PRC,TOME_1_RIODELOROPVGNODE,ALL,1,-222.76317,2,2
2022-09-02T05:15:00-00:00,2022-09-02T05:30:00-00:00,2022-09-01,23,TOME_1_RIODELOROPVGNODE,TOME_1_RIODELOROPVGNODE,TOME_1_RIODELOROPVGNODE,RTPD,MCC,LMP_CONG_PRC,TOME_1_RIODELOROPVGNODE,ALL,1,-175.64406,2,2
2022-09-02T06:15:00-00:00,2022-09-02T06:30:00-00:00,2022-09-01,24,TOME_1_RIODELOROPVGNODE,TOME_1_RIODELOROPVGNODE,TOME_1_RIODELOROPVGNODE,RTPD,MCC,LMP_CONG_PRC,TOME_1_RIODELOROPVGNODE,ALL,1,-58.50071,2,2
2022-09-01T07:30:00-00:00,2022-09-01T07:45:00-00:00,2022-09-01,01,TOME_1_RIODELOROPVGNODE,TOME_1_RIODELOROPVGNODE,TOME_1_RIODELOROPVGNODE,RTPD,MCC,LMP_CONG_PRC,TOME_1_RIODELOROPVGNODE,ALL,1,10.6195,3,2
2022-09-01T08:30:00-00:00,2022-09-01T08:45:00-00:00,2022-09-01,02,TOME_1_RIODELOROPVGNODE,TOME_1_RIODELOROPVGNODE,TOME_1_RIODELOROPVGNODE,RTPD,MCC,LMP_CONG_PRC,TOME_1_RIODELOROPVGNODE,ALL,1,-0.00183,3,2
2022-09-01T09:30:00-00:00,2022-09-01T09:45:00-00:00,2022-09-01,03,TOME_1_RIODELOROPVGNODE,TOME_1_RIODELOROPVGNODE,TOME_1_RIODELOROPVGNODE,RTPD,MCC,LMP_CONG_PRC,TOME_1_RIODELOROPVGNODE,ALL,1,3.85717,3,2
2022-09-01T10:30:00-00:00,2022-09-01T10:45:00-00:00,2022-09-01,04,TOME_1_RIODELOROPVGNODE,TOME_1_RIODELOROPVGNODE,TOME_1_RIODELOROPVGNODE,RTPD,MCC,LMP_CONG_PRC,TOME_1_RIODELOROPVGNODE,ALL,1,2.08479,3,2
2022-09-01T11:30:00-00:00,2022-09-01T11:45:00-00:00,2022-09-01,05,TOME_1_RIODELOROPVGNODE,TOME_1_RIODELOROPVGNODE,TOME_1_RIODELOROPVGNODE,RTPD,MCC,LMP_CONG_PRC,TOME_1_RIODELOROPVGNODE,ALL,1,-0.004,3,2
2022-09-01T12:30:00-00:00,2022-09-01T12:45:00-00:00,2022-09-01,06,TOME_1_RIODELOROPVGNODE,TOME_1_RIODELOROPVGNODE,TOME_1_RIODELOROPVGNODE,RTPD,MCC,LMP_CONG_PRC,TOME_1_RIODELOROPVGNODE,ALL,1,7.31603,3,2
2022-09-01T13:30:00-00:00,2022-09-01T13:45:00-00:00,2022-09-01,07,TOME_1_RIODELOROPVGNODE,TOME_1_RIODELOROPVGNODE,TOME_1_RIODELOROPVGNODE,RTPD,MCC,LMP_CONG_PRC,TOME_1_RIODELOROPVGNODE,ALL,1,-1.65116,3,2
2022-09-01T14:30:00-00:00,2022-09-01T14:45:00-00:00,2022-09-01,08,TOME_1_RIODELOROPVGNODE,TOME_1_RIODELOROPVGNODE,TOME_1_RIODELOROPVGNODE,RTPD,MCC,LMP_CONG_PRC,TOME_1_RIODELOROPVGNODE,ALL,1,-15.48484,3,2
2022-09-01T15:30:00-00:00,2022-09-01T15:45:00-00:00,2022-09-01,09,TOME_1_RIODELOROPVGNODE,TOME_1_RIODELOROPVGNODE,TOME_1_RIODELOROPVGNODE,RTPD,MCC,LMP_CONG_PRC,TOME_1_RIODELOROPVGNODE,ALL,1,-59.92035,3,2
2022-09-01T16:30:00-00:00,2022-09-01T16:45:00-00:00,2022-09-01,10,TOME_1_RIODELOROPVGNODE,TOME_1_RIODELOROPVGNODE,TOME_1_RIODELOROPVGNODE,RTPD,MCC,LMP_CONG_PRC,TOME_1_RIODELOROPVGNODE,ALL,1,-16.33212,3,2
2022-09-01T17:30:00-00:00,2022-09-01T17:45:00-00:00,2022-09-01,11,TOME_1_RIODELOROPVGNODE,TOME_1_RIODELOROPVGNODE,TOME_1_RIODELOROPVGNODE,RTPD,MCC,LMP_CONG_PRC,TOME_1_RIODELOROPVGNODE,ALL,1,-14.54867,3,2
2022-09-01T18:30:00-00:00,2022-09-01T18:45:00-00:00,2022-09-01,12,TOME_1_RIODELOROPVGNODE,TOME_1_RIODELOROPVGNODE,TOME_1_RIODELOROPVGNODE,RTPD,MCC,LMP_CONG_PRC,TOME_1_RIODELOROPVGNODE,ALL,1,-20.27658,3,2
2022-09-01T19:30:00-00:00,2022-09-01T19:45:00-00:00,2022-09-01,13,TOME_1_RIODELOROPVGNODE,TOME_1_RIODELOROPVGNODE,TOME_1_RIODELOROPVGNODE,RTPD,MCC,LMP_CONG_PRC,TOME_1_RIODELOROPVGNODE,ALL,1,-21.99775,3,2
2022-09-01T20:30:00-00:00,2022-09-01T20:45:00-00:00,2022-09-01,14,TOME_1_RIODELOROPVGNODE,TOME_1_RIODELOROPVGNODE,TOME_1_RIODELOROPVGNODE,RTPD,MCC,LMP_CONG_PRC,TOME_1_RIODELOROPVGNODE,ALL,1,7.15535,3,2
2022-09-01T21:30:00-00:00,2022-09-01T21:45:00-00:00,2022-09-01,15,TOME_1_RIODELOROPVGNODE,TOME_1_RIODELOROPVGNODE,TOME_1_RIODELOROPVGNODE,RTPD,MCC,LMP_CONG_PRC,TOME_1_RIODELOROPVGNODE,ALL,1,-37.23984,3,2
2022-09-01T22:30:00-00:00,2022-09-01T22:45:00-00:00,2022-09-01,16,TOME_1_RIODELOROPVGNODE,TOME_1_RIODELOROPVGNODE,TOME_1_RIODELOROPVGNODE,RTPD,MCC,LMP_CONG_PRC,TOME_1_RIODELOROPVGNODE,ALL,1,-113.94768,3,2
2022-09-01T23:30:00-00:00,2022-09-01T23:45:00-00:00,2022-09-01,17,TOME_1_RIODELOROPVGNODE,TOME_1_RIODELOROPVGNODE,TOME_1_RIODELOROPVGNODE,RTPD,MCC,LMP_CONG_PRC,TOME_1_RIODELOROPVGNODE,ALL,1,-313.43924,3,2
2022-09-02T00:30:00-00:00,2022-09-02T00:45:00-00:00,2022-09-01,18,TOME_1_RIODELOROPVGNODE,TOME_1_RIODELOROPVGNODE,TOME_1_RIODELOROPVGNODE,RTPD,MCC,LMP_CONG_PRC,TOME_1_RIODELOROPVGNODE,ALL,1,-7.0975,3,2
2022-09-02T01:30:00-00:00,2022-09-02T01:45:00-00:00,2022-09-01,19,TOME_1_RIODELOROPVGNODE,TOME_1_RIODELOROPVGNODE,TOME_1_RIODELOROPVGNODE,RTPD,MCC,LMP_CONG_PRC,TOME_1_RIODELOROPVGNODE,ALL,1,-22.14147,3,2
2022-09-02T02:30:00-00:00,2022-09-02T02:45:00-00:00,2022-09-01,20,TOME_1_RIODELOROPVGNODE,TOME_1_RIODELOROPVGNODE,TOME_1_RIODELOROPVGNODE,RTPD,MCC,LMP_CONG_PRC,TOME_1_RIODELOROPVGNODE,ALL,1,-0.0024,3,2
2022-09-02T03:30:00-00:00,2022-09-02T03:45:00-00:00,2022-09-01,21,TOME_1_RIODELOROPVGNODE,TOME_1_RIODELOROPVGNODE,TOME_1_RIODELOROPVGNODE,RTPD,MCC,LMP_CONG_PRC,TOME_1_RIODELOROPVGNODE,ALL,1,-71.33767,3,2
2022-09-02T04:30:00-00:00,2022-09-02T04:45:00-00:00,2022-09-01,22,TOME_1_RIODELOROPVGNODE,TOME_1_RIODELOROPVGNODE,TOME_1_RIODELOROPVGNODE,RTPD,MCC,LMP_CONG_PRC,TOME_1_RIODELOROPVGNODE,ALL,1,-174.47559,3,2
2022-09-02T05:30:00-00:00,2022-09-02T05:45:00-00:00,2022-09-01,23,TOME_1_RIODELOROPVGNODE,TOME_1_RIODELOROPVGNODE,TOME_1_RIODELOROPVGNODE,RTPD,MCC,LMP_CONG_PRC,TOME_1_RIODELOROPVGNODE,ALL,1,-137.82433,3,2
2022-09-02T06:30:00-00:00,2022-09-02T06:45:00-00:00,2022-09-01,24,TOME_1_RIODELOROPVGNODE,TOME_1_RIODELOROPVGNODE,TOME_1_RIODELOROPVGNODE,RTPD,MCC,LMP_CONG_PRC,TOME_1_RIODELOROPVGNODE,ALL,1,-128.65166,3,2
2022-09-01T07:45:00-00:00,2022-09-01T08:00:00-00:00,2022-09-01,01,TOME_1_RIODELOROPVGNODE,TOME_1_RIODELOROPVGNODE,TOME_1_RIODELOROPVGNODE,RTPD,MCC,LMP_CONG_PRC,TOME_1_RIODELOROPVGNODE,ALL,1,12.14652,4,2
2022-09-01T08:45:00-00:00,2022-09-01T09:00:00-00:00,2022-09-01,02,TOME_1_RIODELOROPVGNODE,TOME_1_RIODELOROPVGNODE,TOME_1_RIODELOROPVGNODE,RTPD,MCC,LMP_CONG_PRC,TOME_1_RIODELOROPVGNODE,ALL,1,2.96331,4,2
2022-09-01T09:45:00-00:00,2022-09-01T10:00:00-00:00,2022-09-01,03,TOME_1_RIODELOROPVGNODE,TOME_1_RIODELOROPVGNODE,TOME_1_RIODELOROPVGNODE,RTPD,MCC,LMP_CONG_PRC,TOME_1_RIODELOROPVGNODE,ALL,1,3.49404,4,2
2022-09-01T10:45:00-00:00,2022-09-01T11:00:00-00:00,2022-09-01,04,TOME_1_RIODELOROPVGNODE,TOME_1_RIODELOROPVGNODE,TOME_1_RIODELOROPVGNODE,RTPD,MCC,LMP_CONG_PRC,TOME_1_RIODELOROPVGNODE,ALL,1,0.82103,4,2
2022-09-01T11:45:00-00:00,2022-09-01T12:00:00-00:00,2022-09-01,05,TOME_1_RIODELOROPVGNODE,TOME_1_RIODELOROPVGNODE,TOME_1_RIODELOROPVGNODE,RTPD,MCC,LMP_CONG_PRC,TOME_1_RIODELOROPVGNODE,ALL,1,-0.0032,4,2
2022-09-01T12:45:00-00:00,2022-09-01T13:00:00-00:00,2022-09-01,06,TOME_1_RIODELOROPVGNODE,TOME_1_RIODELOROPVGNODE,TOME_1_RIODELOROPVGNODE,RTPD,MCC,LMP_CONG_PRC,TOME_1_RIODELOROPVGNODE,ALL,1,1.64215,4,2
2022-09-01T13:45:00-00:00,2022-09-01T14:00:00-00:00,2022-09-01,07,TOME_1_RIODELOROPVGNODE,TOME_1_RIODELOROPVGNODE,TOME_1_RIODELOROPVGNODE,RTPD,MCC,LMP_CONG_PRC,TOME_1_RIODELOROPVGNODE,ALL,1,-7.704,4,2
2022-09-01T14:45:00-00:00,2022-09-01T15:00:00-00:00,2022-09-01,08,TOME_1_RIODELOROPVGNODE,TOME_1_RIODELOROPVGNODE,TOME_1_RIODELOROPVGNODE,RTPD,MCC,LMP_CONG_PRC,TOME_1_RIODELOROPVGNODE,ALL,1,-19.59027,4,2
2022-09-01T15:45:00-00:00,2022-09-01T16:00:00-00:00,2022-09-01,09,TOME_1_RIODELOROPVGNODE,TOME_1_RIODELOROPVGNODE,TOME_1_RIODELOROPVGNODE,RTPD,MCC,LMP_CONG_PRC,TOME_1_RIODELOROPVGNODE,ALL,1,-30.00186,4,2
2022-09-01T16:45:00-00:00,2022-09-01T17:00:00-00:00,2022-09-01,10,TOME_1_RIODELOROPVGNODE,TOME_1_RIODELOROPVGNODE,TOME_1_RIODELOROPVGNODE,RTPD,MCC,LMP_CONG_PRC,TOME_1_RIODELOROPVGNODE,ALL,1,-17.18217,4,2
2022-09-01T17:45:00-00:00,2022-09-01T18:00:00-00:00,2022-09-01,11,TOME_1_RIODELOROPVGNODE,TOME_1_RIODELOROPVGNODE,TOME_1_RIODELOROPVGNODE,RTPD,MCC,LMP_CONG_PRC,TOME_1_RIODELOROPVGNODE,ALL,1,-16.15866,4,2
2022-09-01T18:45:00-00:00,2022-09-01T19:00:00-00:00,2022-09-01,12,TOME_1_RIODELOROPVGNODE,TOME_1_RIODELOROPVGNODE,TOME_1_RIODELOROPVGNODE,RTPD,MCC,LMP_CONG_PRC,TOME_1_RIODELOROPVGNODE,ALL,1,-23.28756,4,2
2022-09-01T19:45:00-00:00,2022-09-01T20:00:00-00:00,2022-09-01,13,TOME_1_RIODELOROPVGNODE,TOME_1_RIODELOROPVGNODE,TOME_1_RIODELOROPVGNODE,RTPD,MCC,LMP_CONG_PRC,TOME_1_RIODELOROPVGNODE,ALL,1,-22.45931,4,2
2022-09-01T20:45:00-00:00,2022-09-01T21:00:00-00:00,2022-09-01,14,TOME_1_RIODELOROPVGNODE,TOME_1_RIODELOROPVGNODE,TOME_1_RIODELOROPVGNODE,RTPD,MCC,LMP_CONG_PRC,TOME_1_RIODELOROPVGNODE,ALL,1,-24.21765,4,2
2022-09-01T21:45:00-00:00,2022-09-01T22:00:00-00:00,2022-09-01,15,TOME_1_RIODELOROPVGNODE,TOME_1_RIODELOROPVGNODE,TOME_1_RIODELOROPVGNODE,RTPD,MCC,LMP_CONG_PRC,TOME_1_RIODELOROPVGNODE,ALL,1,-139.7194,4,2
2022-09-01T22:45:00-00:00,2022-09-01T23:00:00-00:00,2022-09-01,16,TOME_1_RIODELOROPVGNODE,TOME_1_RIODELOROPVGNODE,TOME_1_RIODELOROPVGNODE,RTPD,MCC,LMP_CONG_PRC,TOME_1_RIODELOROPVGNODE,ALL,1,-165.42746,4,2
2022-09-01T23:45:00-00:00,2022-09-02T00:00:00-00:00,2022-09-01,17,TOME_1_RIODELOROPVGNODE,TOME_1_RIODELOROPVGNODE,TOME_1_RIODELOROPVGNODE,RTPD,MCC,LMP_CONG_PRC,TOME_1_RIODELOROPVGNODE,ALL,1,-342.4245,4,2
2022-09-02T00:45:00-00:00,2022-09-02T01:00:00-00:00,2022-09-01,18,TOME_1_RIODELOROPVGNODE,TOME_1_RIODELOROPVGNODE,TOME_1_RIODELOROPVGNODE,RTPD,MCC,LMP_CONG_PRC,TOME_1_RIODELOROPVGNODE,ALL,1,-722.8675,4,2
2022-09-02T01:45:00-00:00,2022-09-02T02:00:00-00:00,2022-09-01,19,TOME_1_RIODELOROPVGNODE,TOME_1_RIODELOROPVGNODE,TOME_1_RIODELOROPVGNODE,RTPD,MCC,LMP_CONG_PRC,TOME_1_RIODELOROPVGNODE,ALL,1,-0.0024,4,2
2022-09-02T02:45:00-00:00,2022-09-02T03:00:00-00:00,2022-09-01,20,TOME_1_RIODELOROPVGNODE,TOME_1_RIODELOROPVGNODE,TOME_1_RIODELOROPVGNODE,RTPD,MCC,LMP_CONG_PRC,TOME_1_RIODELOROPVGNODE,ALL,1,-727.526,4,2
2022-09-02T03:45:00-00:00,2022-09-02T04:00:00-00:00,2022-09-01,21,TOME_1_RIODELOROPVGNODE,TOME_1_RIODELOROPVGNODE,TOME_1_RIODELOROPVGNODE,RTPD,MCC,LMP_CONG_PRC,TOME_1_RIODELOROPVGNODE,ALL,1,-64.15101,4,2
2022-09-02T04:45:00-00:00,2022-09-02T05:00:00-00:00,2022-09-01,22,TOME_1_RIODELOROPVGNODE,TOME_1_RIODELOROPVGNODE,TOME_1_RIODELOROPVGNODE,RTPD,MCC,LMP_CONG_PRC,TOME_1_RIODELOROPVGNODE,ALL,1,-137.30875,4,2
2022-09-02T05:45:00-00:00,2022-09-02T06:00:00-00:00,2022-09-01,23,TOME_1_RIODELOROPVGNODE,TOME_1_RIODELOROPVGNODE,TOME_1_RIODELOROPVGNODE,RTPD,MCC,LMP_CONG_PRC,TOME_1_RIODELOROPVGNODE,ALL,1,-164.7275,4,2
2022-09-02T06:45:00-00:00,2022-09-02T07:00:00-00:00,2022-09-01,24,TOME_1_RIODELOROPVGNODE,TOME_1_RIODELOROPVGNODE,TOME_1_RIODELOROPVGNODE,RTPD,MCC,LMP_CONG_PRC,TOME_1_RIODELOROPVGNODE,ALL,1,-80.44805,4,2
2022-09-01T07:00:00-00:00,2022-09-01T07:15:00-00:00,2022-09-01,01,TOME_1_RIODELOROPVGNODE,TOME_1_RIODELOROPVGNODE,TOME_1_RIODELOROPVGNODE,RTPD,MCE,LMP_ENE_PRC,TOME_1_RIODELOROPVGNODE,ALL,1,104.23471,1,3
2022-09-01T08:00:00-00:00,2022-09-01T08:15:00-00:00,2022-09-01,02,TOME_1_RIODELOROPVGNODE,TOME_1_RIODELOROPVGNODE,TOME_1_RIODELOROPVGNODE,RTPD,MCE,LMP_ENE_PRC,TOME_1_RIODELOROPVGNODE,ALL,1,115.5488,1,3
2022-09-01T09:00:00-00:00,2022-09-01T09:15:00-00:00,2022-09-01,03,TOME_1_RIODELOROPVGNODE,TOME_1_RIODELOROPVGNODE,TOME_1_RIODELOROPVGNODE,RTPD,MCE,LMP_ENE_PRC,TOME_1_RIODELOROPVGNODE,ALL,1,99.73061,1,3
2022-09-01T10:00:00-00:00,2022-09-01T10:15:00-00:00,2022-09-01,04,TOME_1_RIODELOROPVGNODE,TOME_1_RIODELOROPVGNODE,TOME_1_RIODELOROPVGNODE,RTPD,MCE,LMP_ENE_PRC,TOME_1_RIODELOROPVGNODE,ALL,1,98.64222,1,3
2022-09-01T11:00:00-00:00,2022-09-01T11:15:00-00:00,2022-09-01,05,TOME_1_RIODELOROPVGNODE,TOME_1_RIODELOROPVGNODE,TOME_1_RIODELOROPVGNODE,RTPD,MCE,LMP_ENE_PRC,TOME_1_RIODELOROPVGNODE,ALL,1,102.56859,1,3
2022-09-01T12:00:00-00:00,2022-09-01T12:15:00-00:00,2022-09-01,06,TOME_1_RIODELOROPVGNODE,TOME_1_RIODELOROPVGNODE,TOME_1_RIODELOROPVGNODE,RTPD,MCE,LMP_ENE_PRC,TOME_1_RIODELOROPVGNODE,ALL,1,96.90845,1,3
2022-09-01T13:00:00-00:00,2022-09-01T13:15:00-00:00,2022-09-01,07,TOME_1_RIODELOROPVGNODE,TOME_1_RIODELOROPVGNODE,TOME_1_RIODELOROPVGNODE,RTPD,MCE,LMP_ENE_PRC,TOME_1_RIODELOROPVGNODE,ALL,1,101.80878,1,3
2022-09-01T14:00:00-00:00,2022-09-01T14:15:00-00:00,2022-09-01,08,TOME_1_RIODELOROPVGNODE,TOME_1_RIODELOROPVGNODE,TOME_1_RIODELOROPVGNODE,RTPD,MCE,LMP_ENE_PRC,TOME_1_RIODELOROPVGNODE,ALL,1,111.11219,1,3
2022-09-01T15:00:00-00:00,2022-09-01T15:15:00-00:00,2022-09-01,09,TOME_1_RIODELOROPVGNODE,TOME_1_RIODELOROPVGNODE,TOME_1_RIODELOROPVGNODE,RTPD,MCE,LMP_ENE_PRC,TOME_1_RIODELOROPVGNODE,ALL,1,97.4112,1,3
2022-09-01T16:00:00-00:00,2022-09-01T16:15:00-00:00,2022-09-01,10,TOME_1_RIODELOROPVGNODE,TOME_1_RIODELOROPVGNODE,TOME_1_RIODELOROPVGNODE,RTPD,MCE,LMP_ENE_PRC,TOME_1_RIODELOROPVGNODE,ALL,1,83.43525,1,3
2022-09-01T17:00:00-00:00,2022-09-01T17:15:00-00:00,2022-09-01,11,TOME_1_RIODELOROPVGNODE,TOME_1_RIODELOROPVGNODE,TOME_1_RIODELOROPVGNODE,RTPD,MCE,LMP_ENE_PRC,TOME_1_RIODELOROPVGNODE,ALL,1,96.94897,1,3
2022-09-01T18:00:00-00:00,2022-09-01T18:15:00-00:00,2022-09-01,12,TOME_1_RIODELOROPVGNODE,TOME_1_RIODELOROPVGNODE,TOME_1_RIODELOROPVGNODE,RTPD,MCE,LMP_ENE_PRC,TOME_1_RIODELOROPVGNODE,ALL,1,91.59291,1,3
2022-09-01T19:00:00-00:00,2022-09-01T19:15:00-00:00,2022-09-01,13,TOME_1_RIODELOROPVGNODE,TOME_1_RIODELOROPVGNODE,TOME_1_RIODELOROPVGNODE,RTPD,MCE,LMP_ENE_PRC,TOME_1_RIODELOROPVGNODE,ALL,1,109.19637,1,3
2022-09-01T20:00:00-00:00,2022-09-01T20:15:00-00:00,2022-09-01,14,TOME_1_RIODELOROPVGNODE,TOME_1_RIODELOROPVGNODE,TOME_1_RIODELOROPVGNODE,RTPD,MCE,LMP_ENE_PRC,TOME_1_RIODELOROPVGNODE,ALL,1,117.94359,1,3
2022-09-01T21:00:00-00:00,2022-09-01T21:15:00-00:00,2022-09-01,15,TOME_1_RIODELOROPVGNODE,TOME_1_RIODELOROPVGNODE,TOME_1_RIODELOROPVGNODE,RTPD,MCE,LMP_ENE_PRC,TOME_1_RIODELOROPVGNODE,ALL,1,226.61499,1,3
2022-09-01T22:00:00-00:00,2022-09-01T22:15:00-00:00,2022-09-01,16,TOME_1_RIODELOROPVGNODE,TOME_1_RIODELOROPVGNODE,TOME_1_RIODELOROPVGNODE,RTPD,MCE,LMP_ENE_PRC,TOME_1_RIODELOROPVGNODE,ALL,1,229.18552,1,3
2022-09-01T23:00:00-00:00,2022-09-01T23:15:00-00:00,2022-09-01,17,TOME_1_RIODELOROPVGNODE,TOME_1_RIODELOROPVGNODE,TOME_1_RIODELOROPVGNODE,RTPD,MCE,LMP_ENE_PRC,TOME_1_RIODELOROPVGNODE,ALL,1,386.7537,1,3
2022-09-02T00:00:00-00:00,2022-09-02T00:15:00-00:00,2022-09-01,18,TOME_1_RIODELOROPVGNODE,TOME_1_RIODELOROPVGNODE,TOME_1_RIODELOROPVGNODE,RTPD,MCE,LMP_ENE_PRC,TOME_1_RIODELOROPVGNODE,ALL,1,770.58136,1,3
2022-09-02T01:00:00-00:00,2022-09-02T01:15:00-00:00,2022-09-01,19,TOME_1_RIODELOROPVGNODE,TOME_1_RIODELOROPVGNODE,TOME_1_RIODELOROPVGNODE,RTPD,MCE,LMP_ENE_PRC,TOME_1_RIODELOROPVGNODE,ALL,1,916.27124,1,3
2022-09-02T02:00:00-00:00,2022-09-02T02:15:00-00:00,2022-09-01,20,TOME_1_RIODELOROPVGNODE,TOME_1_RIODELOROPVGNODE,TOME_1_RIODELOROPVGNODE,RTPD,MCE,LMP_ENE_PRC,TOME_1_RIODELOROPVGNODE,ALL,1,1991.6721,1,3
2022-09-02T03:00:00-00:00,2022-09-02T03:15:00-00:00,2022-09-01,21,TOME_1_RIODELOROPVGNODE,TOME_1_RIODELOROPVGNODE,TOME_1_RIODELOROPVGNODE,RTPD,MCE,LMP_ENE_PRC,TOME_1_RIODELOROPVGNODE,ALL,1,917.5508,1,3
2022-09-02T04:00:00-00:00,2022-09-02T04:15:00-00:00,2022-09-01,22,TOME_1_RIODELOROPVGNODE,TOME_1_RIODELOROPVGNODE,TOME_1_RIODELOROPVGNODE,RTPD,MCE,LMP_ENE_PRC,TOME_1_RIODELOROPVGNODE,ALL,1,257.83005,1,3
2022-09-02T05:00:00-00:00,2022-09-02T05:15:00-00:00,2022-09-01,23,TOME_1_RIODELOROPVGNODE,TOME_1_RIODELOROPVGNODE,TOME_1_RIODELOROPVGNODE,RTPD,MCE,LMP_ENE_PRC,TOME_1_RIODELOROPVGNODE,ALL,1,183.24657,1,3
2022-09-02T06:00:00-00:00,2022-09-02T06:15:00-00:00,2022-09-01,24,TOME_1_RIODELOROPVGNODE,TOME_1_RIODELOROPVGNODE,TOME_1_RIODELOROPVGNODE,RTPD,MCE,LMP_ENE_PRC,TOME_1_RIODELOROPVGNODE,ALL,1,158.867,1,3
2022-09-01T07:15:00-00:00,2022-09-01T07:30:00-00:00,2022-09-01,01,TOME_1_RIODELOROPVGNODE,TOME_1_RIODELOROPVGNODE,TOME_1_RIODELOROPVGNODE,RTPD,MCE,LMP_ENE_PRC,TOME_1_RIODELOROPVGNODE,ALL,1,125.55144,2,3
2022-09-01T08:15:00-00:00,2022-09-01T08:30:00-00:00,2022-09-01,02,TOME_1_RIODELOROPVGNODE,TOME_1_RIODELOROPVGNODE,TOME_1_RIODELOROPVGNODE,RTPD,MCE,LMP_ENE_PRC,TOME_1_RIODELOROPVGNODE,ALL,1,115.53165,2,3
2022-09-01T09:15:00-00:00,2022-09-01T09:30:00-00:00,2022-09-01,03,TOME_1_RIODELOROPVGNODE,TOME_1_RIODELOROPVGNODE,TOME_1_RIODELOROPVGNODE,RTPD,MCE,LMP_ENE_PRC,TOME_1_RIODELOROPVGNODE,ALL,1,98.30543,2,3
2022-09-01T10:15:00-00:00,2022-09-01T10:30:00-00:00,2022-09-01,04,TOME_1_RIODELOROPVGNODE,TOME_1_RIODELOROPVGNODE,TOME_1_RIODELOROPVGNODE,RTPD,MCE,LMP_ENE_PRC,TOME_1_RIODELOROPVGNODE,ALL,1,97.00684,2,3
2022-09-01T11:15:00-00:00,2022-09-01T11:30:00-00:00,2022-09-01,05,TOME_1_RIODELOROPVGNODE,TOME_1_RIODELOROPVGNODE,TOME_1_RIODELOROPVGNODE,RTPD,MCE,LMP_ENE_PRC,TOME_1_RIODELOROPVGNODE,ALL,1,103.09059,2,3
2022-09-01T12:15:00-00:00,2022-09-01T12:30:00-00:00,2022-09-01,06,TOME_1_RIODELOROPVGNODE,TOME_1_RIODELOROPVGNODE,TOME_1_RIODELOROPVGNODE,RTPD,MCE,LMP_ENE_PRC,TOME_1_RIODELOROPVGNODE,ALL,1,109.32203,2,3
2022-09-01T13:15:00-00:00,2022-09-01T13:30:00-00:00,2022-09-01,07,TOME_1_RIODELOROPVGNODE,TOME_1_RIODELOROPVGNODE,TOME_1_RIODELOROPVGNODE,RTPD,MCE,LMP_ENE_PRC,TOME_1_RIODELOROPVGNODE,ALL,1,110.97827,2,3
2022-09-01T14:15:00-00:00,2022-09-01T14:30:00-00:00,2022-09-01,08,TOME_1_RIODELOROPVGNODE,TOME_1_RIODELOROPVGNODE,TOME_1_RIODELOROPVGNODE,RTPD,MCE,LMP_ENE_PRC,TOME_1_RIODELOROPVGNODE,ALL,1,104.78743,2,3
2022-09-01T15:15:00-00:00,2022-09-01T15:30:00-00:00,2022-09-01,09,TOME_1_RIODELOROPVGNODE,TOME_1_RIODELOROPVGNODE,TOME_1_RIODELOROPVGNODE,RTPD,MCE,LMP_ENE_PRC,TOME_1_RIODELOROPVGNODE,ALL,1,86.9388,2,3
2022-09-01T16:15:00-00:00,2022-09-01T16:30:00-00:00,2022-09-01,10,TOME_1_RIODELOROPVGNODE,TOME_1_RIODELOROPVGNODE,TOME_1_RIODELOROPVGNODE,RTPD,MCE,LMP_ENE_PRC,TOME_1_RIODELOROPVGNODE,ALL,1,89.44858,2,3
2022-09-01T17:15:00-00:00,2022-09-01T17:30:00-00:00,2022-09-01,11,TOME_1_RIODELOROPVGNODE,TOME_1_RIODELOROPVGNODE,TOME_1_RIODELOROPVGNODE,RTPD,MCE,LMP_ENE_PRC,TOME_1_RIODELOROPVGNODE,ALL,1,99.34673,2,3
2022-09-01T18:15:00-00:00,2022-09-01T18:30:00-00:00,2022-09-01,12,TOME_1_RIODELOROPVGNODE,TOME_1_RIODELOROPVGNODE,TOME_1_RIODELOROPVGNODE,RTPD,MCE,LMP_ENE_PRC,TOME_1_RIODELOROPVGNODE,ALL,1,101.15901,2,3
2022-09-01T19:15:00-00:00,2022-09-01T19:30:00-00:00,2022-09-01,13,TOME_1_RIODELOROPVGNODE,TOME_1_RIODELOROPVGNODE,TOME_1_RIODELOROPVGNODE,RTPD,MCE,LMP_ENE_PRC,TOME_1_RIODELOROPVGNODE,ALL,1,105.30588,2,3
2022-09-01T20:15:00-00:00,2022-09-01T20:30:00-00:00,2022-09-01,14,TOME_1_RIODELOROPVGNODE,TOME_1_RIODELOROPVGNODE,TOME_1_RIODELOROPVGNODE,RTPD,MCE,LMP_ENE_PRC,TOME_1_RIODELOROPVGNODE,ALL,1,117.49421,2,3
2022-09-01T21:15:00-00:00,2022-09-01T21:30:00-00:00,2022-09-01,15,TOME_1_RIODELOROPVGNODE,TOME_1_RIODELOROPVGNODE,TOME_1_RIODELOROPVGNODE,RTPD,MCE,LMP_ENE_PRC,TOME_1_RIODELOROPVGNODE,ALL,1,147.21185,2,3
2022-09-01T22:15:00-00:00,2022-09-01T22:30:00-00:00,2022-09-01,16,TOME_1_RIODELOROPVGNODE,TOME_1_RIODELOROPVGNODE,TOME_1_RIODELOROPVGNODE,RTPD,MCE,LMP_ENE_PRC,TOME_1_RIODELOROPVGNODE,ALL,1,256.58734,2,3
2022-09-01T23:15:00-00:00,2022-09-01T23:30:00-00:00,2022-09-01,17,TOME_1_RIODELOROPVGNODE,TOME_1_RIODELOROPVGNODE,TOME_1_RIODELOROPVGNODE,RTPD,MCE,LMP_ENE_PRC,TOME_1_RIODELOROPVGNODE,ALL,1,362.12408,2,3
2022-09-02T00:15:00-00:00,2022-09-02T00:30:00-00:00,2022-09-01,18,TOME_1_RIODELOROPVGNODE,TOME_1_RIODELOROPVGNODE,TOME_1_RIODELOROPVGNODE,RTPD,MCE,LMP_ENE_PRC,TOME_1_RIODELOROPVGNODE,ALL,1,691.2182,2,3
2022-09-02T01:15:00-00:00,2022-09-02T01:30:00-00:00,2022-09-01,19,TOME_1_RIODELOROPVGNODE,TOME_1_RIODELOROPVGNODE,TOME_1_RIODELOROPVGNODE,RTPD,MCE,LMP_ENE_PRC,TOME_1_RIODELOROPVGNODE,ALL,1,1999.9933,2,3
2022-09-02T02:15:00-00:00,2022-09-02T02:30:00-00:00,2022-09-01,20,TOME_1_RIODELOROPVGNODE,TOME_1_RIODELOROPVGNODE,TOME_1_RIODELOROPVGNODE,RTPD,MCE,LMP_ENE_PRC,TOME_1_RIODELOROPVGNODE,ALL,1,1991.6721,2,3
2022-09-02T03:15:00-00:00,2022-09-02T03:30:00-00:00,2022-09-01,21,TOME_1_RIODELOROPVGNODE,TOME_1_RIODELOROPVGNODE,TOME_1_RIODELOROPVGNODE,RTPD,MCE,LMP_ENE_PRC,TOME_1_RIODELOROPVGNODE,ALL,1,400.52884,2,3
2022-09-02T04:15:00-00:00,2022-09-02T04:30:00-00:00,2022-09-01,22,TOME_1_RIODELOROPVGNODE,TOME_1_RIODELOROPVGNODE,TOME_1_RIODELOROPVGNODE,RTPD,MCE,LMP_ENE_PRC,TOME_1_RIODELOROPVGNODE,ALL,1,224.75041,2,3
2022-09-02T05:15:00-00:00,2022-09-02T05:30:00-00:00,2022-09-01,23,TOME_1_RIODELOROPVGNODE,TOME_1_RIODELOROPVGNODE,TOME_1_RIODELOROPVGNODE,RTPD,MCE,LMP_ENE_PRC,TOME_1_RIODELOROPVGNODE,ALL,1,157.11986,2,3
2022-09-02T06:15:00-00:00,2022-09-02T06:30:00-00:00,2022-09-01,24,TOME_1_RIODELOROPVGNODE,TOME_1_RIODELOROPVGNODE,TOME_1_RIODELOROPVGNODE,RTPD,MCE,LMP_ENE_PRC,TOME_1_RIODELOROPVGNODE,ALL,1,143.1005,2,3
2022-09-01T07:30:00-00:00,2022-09-01T07:45:00-00:00,2022-09-01,01,TOME_1_RIODELOROPVGNODE,TOME_1_RIODELOROPVGNODE,TOME_1_RIODELOROPVGNODE,RTPD,MCE,LMP_ENE_PRC,TOME_1_RIODELOROPVGNODE,ALL,1,119.03196,3,3
2022-09-01T08:30:00-00:00,2022-09-01T08:45:00-00:00,2022-09-01,02,TOME_1_RIODELOROPVGNODE,TOME_1_RIODELOROPVGNODE,TOME_1_RIODELOROPVGNODE,RTPD,MCE,LMP_ENE_PRC,TOME_1_RIODELOROPVGNODE,ALL,1,111.11241,3,3
2022-09-01T09:30:00-00:00,2022-09-01T09:45:00-00:00,2022-09-01,03,TOME_1_RIODELOROPVGNODE,TOME_1_RIODELOROPVGNODE,TOME_1_RIODELOROPVGNODE,RTPD,MCE,LMP_ENE_PRC,TOME_1_RIODELOROPVGNODE,ALL,1,98.16228,3,3
2022-09-01T10:30:00-00:00,2022-09-01T10:45:00-00:00,2022-09-01,04,TOME_1_RIODELOROPVGNODE,TOME_1_RIODELOROPVGNODE,TOME_1_RIODELOROPVGNODE,RTPD,MCE,LMP_ENE_PRC,TOME_1_RIODELOROPVGNODE,ALL,1,96.36226,3,3
2022-09-01T11:30:00-00:00,2022-09-01T11:45:00-00:00,2022-09-01,05,TOME_1_RIODELOROPVGNODE,TOME_1_RIODELOROPVGNODE,TOME_1_RIODELOROPVGNODE,RTPD,MCE,LMP_ENE_PRC,TOME_1_RIODELOROPVGNODE,ALL,1,103.06198,3,3
2022-09-01T12:30:00-00:00,2022-09-01T12:45:00-00:00,2022-09-01,06,TOME_1_RIODELOROPVGNODE,TOME_1_RIODELOROPVGNODE,TOME_1_RIODELOROPVGNODE,RTPD,MCE,LMP_ENE_PRC,TOME_1_RIODELOROPVGNODE,ALL,1,113.57403,3,3
2022-09-01T13:30:00-00:00,2022-09-01T13:45:00-00:00,2022-09-01,07,TOME_1_RIODELOROPVGNODE,TOME_1_RIODELOROPVGNODE,TOME_1_RIODELOROPVGNODE,RTPD,MCE,LMP_ENE_PRC,TOME_1_RIODELOROPVGNODE,ALL,1,111.52025,3,3
2022-09-01T14:30:00-00:00,2022-09-01T14:45:00-00:00,2022-09-01,08,TOME_1_RIODELOROPVGNODE,TOME_1_RIODELOROPVGNODE,TOME_1_RIODELOROPVGNODE,RTPD,MCE,LMP_ENE_PRC,TOME_1_RIODELOROPVGNODE,ALL,1,101.83428,3,3
2022-09-01T15:30:00-00:00,2022-09-01T15:45:00-00:00,2022-09-01,09,TOME_1_RIODELOROPVGNODE,TOME_1_RIODELOROPVGNODE,TOME_1_RIODELOROPVGNODE,RTPD,MCE,LMP_ENE_PRC,TOME_1_RIODELOROPVGNODE,ALL,1,86.1388,3,3
2022-09-01T16:30:00-00:00,2022-09-01T16:45:00-00:00,2022-09-01,10,TOME_1_RIODELOROPVGNODE,TOME_1_RIODELOROPVGNODE,TOME_1_RIODELOROPVGNODE,RTPD,MCE,LMP_ENE_PRC,TOME_1_RIODELOROPVGNODE,ALL,1,88.79644,3,3
2022-09-01T17:30:00-00:00,2022-09-01T17:45:00-00:00,2022-09-01,11,TOME_1_RIODELOROPVGNODE,TOME_1_RIODELOROPVGNODE,TOME_1_RIODELOROPVGNODE,RTPD,MCE,LMP_ENE_PRC,TOME_1_RIODELOROPVGNODE,ALL,1,99.13013,3,3
2022-09-01T18:30:00-00:00,2022-09-01T18:45:00-00:00,2022-09-01,12,TOME_1_RIODELOROPVGNODE,TOME_1_RIODELOROPVGNODE,TOME_1_RIODELOROPVGNODE,RTPD,MCE,LMP_ENE_PRC,TOME_1_RIODELOROPVGNODE,ALL,1,107.05718,3,3
2022-09-01T19:30:00-00:00,2022-09-01T19:45:00-00:00,2022-09-01,13,TOME_1_RIODELOROPVGNODE,TOME_1_RIODELOROPVGNODE,TOME_1_RIODELOROPVGNODE,RTPD,MCE,LMP_ENE_PRC,TOME_1_RIODELOROPVGNODE,ALL,1,114.05905,3,3
2022-09-01T20:30:00-00:00,2022-09-01T20:45:00-00:00,2022-09-01,14,TOME_1_RIODELOROPVGNODE,TOME_1_RIODELOROPVGNODE,TOME_1_RIODELOROPVGNODE,RTPD,MCE,LMP_ENE_PRC,TOME_1_RIODELOROPVGNODE,ALL,1,129.81606,3,3
2022-09-01T21:30:00-00:00,2022-09-01T21:45:00-00:00,2022-09-01,15,TOME_1_RIODELOROPVGNODE,TOME_1_RIODELOROPVGNODE,TOME_1_RIODELOROPVGNODE,RTPD,MCE,LMP_ENE_PRC,TOME_1_RIODELOROPVGNODE,ALL,1,152.93057,3,3
2022-09-01T22:30:00-00:00,2022-09-01T22:45:00-00:00,2022-09-01,16,TOME_1_RIODELOROPVGNODE,TOME_1_RIODELOROPVGNODE,TOME_1_RIODELOROPVGNODE,RTPD,MCE,LMP_ENE_PRC,TOME_1_RIODELOROPVGNODE,ALL,1,283.18182,3,3
2022-09-01T23:30:00-00:00,2022-09-01T23:45:00-00:00,2022-09-01,17,TOME_1_RIODELOROPVGNODE,TOME_1_RIODELOROPVGNODE,TOME_1_RIODELOROPVGNODE,RTPD,MCE,LMP_ENE_PRC,TOME_1_RIODELOROPVGNODE,ALL,1,566.48157,3,3
2022-09-02T00:30:00-00:00,2022-09-02T00:45:00-00:00,2022-09-01,18,TOME_1_RIODELOROPVGNODE,TOME_1_RIODELOROPVGNODE,TOME_1_RIODELOROPVGNODE,RTPD,MCE,LMP_ENE_PRC,TOME_1_RIODELOROPVGNODE,ALL,1,1329.1127,3,3
2022-09-02T01:30:00-00:00,2022-09-02T01:45:00-00:00,2022-09-01,19,TOME_1_RIODELOROPVGNODE,TOME_1_RIODELOROPVGNODE,TOME_1_RIODELOROPVGNODE,RTPD,MCE,LMP_ENE_PRC,TOME_1_RIODELOROPVGNODE,ALL,1,1999.9956,3,3
2022-09-02T02:30:00-00:00,2022-09-02T02:45:00-00:00,2022-09-01,20,TOME_1_RIODELOROPVGNODE,TOME_1_RIODELOROPVGNODE,TOME_1_RIODELOROPVGNODE,RTPD,MCE,LMP_ENE_PRC,TOME_1_RIODELOROPVGNODE,ALL,1,1991.671,3,3
2022-09-02T03:30:00-00:00,2022-09-02T03:45:00-00:00,2022-09-01,21,TOME_1_RIODELOROPVGNODE,TOME_1_RIODELOROPVGNODE,TOME_1_RIODELOROPVGNODE,RTPD,MCE,LMP_ENE_PRC,TOME_1_RIODELOROPVGNODE,ALL,1,186.61823,3,3
2022-09-02T04:30:00-00:00,2022-09-02T04:45:00-00:00,2022-09-01,22,TOME_1_RIODELOROPVGNODE,TOME_1_RIODELOROPVGNODE,TOME_1_RIODELOROPVGNODE,RTPD,MCE,LMP_ENE_PRC,TOME_1_RIODELOROPVGNODE,ALL,1,180.67824,3,3
2022-09-02T05:30:00-00:00,2022-09-02T05:45:00-00:00,2022-09-01,23,TOME_1_RIODELOROPVGNODE,TOME_1_RIODELOROPVGNODE,TOME_1_RIODELOROPVGNODE,RTPD,MCE,LMP_ENE_PRC,TOME_1_RIODELOROPVGNODE,ALL,1,131.69917,3,3
2022-09-02T06:30:00-00:00,2022-09-02T06:45:00-00:00,2022-09-01,24,TOME_1_RIODELOROPVGNODE,TOME_1_RIODELOROPVGNODE,TOME_1_RIODELOROPVGNODE,RTPD,MCE,LMP_ENE_PRC,TOME_1_RIODELOROPVGNODE,ALL,1,128.9871,3,3
2022-09-01T07:45:00-00:00,2022-09-01T08:00:00-00:00,2022-09-01,01,TOME_1_RIODELOROPVGNODE,TOME_1_RIODELOROPVGNODE,TOME_1_RIODELOROPVGNODE,RTPD,MCE,LMP_ENE_PRC,TOME_1_RIODELOROPVGNODE,ALL,1,109.12099,4,3
2022-09-01T08:45:00-00:00,2022-09-01T09:00:00-00:00,2022-09-01,02,TOME_1_RIODELOROPVGNODE,TOME_1_RIODELOROPVGNODE,TOME_1_RIODELOROPVGNODE,RTPD,MCE,LMP_ENE_PRC,TOME_1_RIODELOROPVGNODE,ALL,1,98.7357,4,3
2022-09-01T09:45:00-00:00,2022-09-01T10:00:00-00:00,2022-09-01,03,TOME_1_RIODELOROPVGNODE,TOME_1_RIODELOROPVGNODE,TOME_1_RIODELOROPVGNODE,RTPD,MCE,LMP_ENE_PRC,TOME_1_RIODELOROPVGNODE,ALL,1,97.50475,4,3
2022-09-01T10:45:00-00:00,2022-09-01T11:00:00-00:00,2022-09-01,04,TOME_1_RIODELOROPVGNODE,TOME_1_RIODELOROPVGNODE,TOME_1_RIODELOROPVGNODE,RTPD,MCE,LMP_ENE_PRC,TOME_1_RIODELOROPVGNODE,ALL,1,94.71966,4,3
2022-09-01T11:45:00-00:00,2022-09-01T12:00:00-00:00,2022-09-01,05,TOME_1_RIODELOROPVGNODE,TOME_1_RIODELOROPVGNODE,TOME_1_RIODELOROPVGNODE,RTPD,MCE,LMP_ENE_PRC,TOME_1_RIODELOROPVGNODE,ALL,1,107.01,4,3
2022-09-01T12:45:00-00:00,2022-09-01T13:00:00-00:00,2022-09-01,06,TOME_1_RIODELOROPVGNODE,TOME_1_RIODELOROPVGNODE,TOME_1_RIODELOROPVGNODE,RTPD,MCE,LMP_ENE_PRC,TOME_1_RIODELOROPVGNODE,ALL,1,116.4848,4,3
2022-09-01T13:45:00-00:00,2022-09-01T14:00:00-00:00,2022-09-01,07,TOME_1_RIODELOROPVGNODE,TOME_1_RIODELOROPVGNODE,TOME_1_RIODELOROPVGNODE,RTPD,MCE,LMP_ENE_PRC,TOME_1_RIODELOROPVGNODE,ALL,1,111.41,4,3
2022-09-01T14:45:00-00:00,2022-09-01T15:00:00-00:00,2022-09-01,08,TOME_1_RIODELOROPVGNODE,TOME_1_RIODELOROPVGNODE,TOME_1_RIODELOROPVGNODE,RTPD,MCE,LMP_ENE_PRC,TOME_1_RIODELOROPVGNODE,ALL,1,86.1388,4,3
2022-09-01T15:45:00-00:00,2022-09-01T16:00:00-00:00,2022-09-01,09,TOME_1_RIODELOROPVGNODE,TOME_1_RIODELOROPVGNODE,TOME_1_RIODELOROPVGNODE,RTPD,MCE,LMP_ENE_PRC,TOME_1_RIODELOROPVGNODE,ALL,1,78.70076,4,3
2022-09-01T16:45:00-00:00,2022-09-01T17:00:00-00:00,2022-09-01,10,TOME_1_RIODELOROPVGNODE,TOME_1_RIODELOROPVGNODE,TOME_1_RIODELOROPVGNODE,RTPD,MCE,LMP_ENE_PRC,TOME_1_RIODELOROPVGNODE,ALL,1,91.24933,4,3
2022-09-01T17:45:00-00:00,2022-09-01T18:00:00-00:00,2022-09-01,11,TOME_1_RIODELOROPVGNODE,TOME_1_RIODELOROPVGNODE,TOME_1_RIODELOROPVGNODE,RTPD,MCE,LMP_ENE_PRC,TOME_1_RIODELOROPVGNODE,ALL,1,99.20544,4,3
2022-09-01T18:45:00-00:00,2022-09-01T19:00:00-00:00,2022-09-01,12,TOME_1_RIODELOROPVGNODE,TOME_1_RIODELOROPVGNODE,TOME_1_RIODELOROPVGNODE,RTPD,MCE,LMP_ENE_PRC,TOME_1_RIODELOROPVGNODE,ALL,1,109.04064,4,3
2022-09-01T19:45:00-00:00,2022-09-01T20:00:00-00:00,2022-09-01,13,TOME_1_RIODELOROPVGNODE,TOME_1_RIODELOROPVGNODE,TOME_1_RIODELOROPVGNODE,RTPD,MCE,LMP_ENE_PRC,TOME_1_RIODELOROPVGNODE,ALL,1,120.22491,4,3
2022-09-01T20:45:00-00:00,2022-09-01T21:00:00-00:00,2022-09-01,14,TOME_1_RIODELOROPVGNODE,TOME_1_RIODELOROPVGNODE,TOME_1_RIODELOROPVGNODE,RTPD,MCE,LMP_ENE_PRC,TOME_1_RIODELOROPVGNODE,ALL,1,154.02509,4,3
2022-09-01T21:45:00-00:00,2022-09-01T22:00:00-00:00,2022-09-01,15,TOME_1_RIODELOROPVGNODE,TOME_1_RIODELOROPVGNODE,TOME_1_RIODELOROPVGNODE,RTPD,MCE,LMP_ENE_PRC,TOME_1_RIODELOROPVGNODE,ALL,1,300.29376,4,3
2022-09-01T22:45:00-00:00,2022-09-01T23:00:00-00:00,2022-09-01,16,TOME_1_RIODELOROPVGNODE,TOME_1_RIODELOROPVGNODE,TOME_1_RIODELOROPVGNODE,RTPD,MCE,LMP_ENE_PRC,TOME_1_RIODELOROPVGNODE,ALL,1,429.9137,4,3
2022-09-01T23:45:00-00:00,2022-09-02T00:00:00-00:00,2022-09-01,17,TOME_1_RIODELOROPVGNODE,TOME_1_RIODELOROPVGNODE,TOME_1_RIODELOROPVGNODE,RTPD,MCE,LMP_ENE_PRC,TOME_1_RIODELOROPVGNODE,ALL,1,1261.2124,4,3
2022-09-02T00:45:00-00:00,2022-09-02T01:00:00-00:00,2022-09-01,18,TOME_1_RIODELOROPVGNODE,TOME_1_RIODELOROPVGNODE,TOME_1_RIODELOROPVGNODE,RTPD,MCE,LMP_ENE_PRC,TOME_1_RIODELOROPVGNODE,ALL,1,1519.149,4,3
2022-09-02T01:45:00-00:00,2022-09-02T02:00:00-00:00,2022-09-01,19,TOME_1_RIODELOROPVGNODE,TOME_1_RIODELOROPVGNODE,TOME_1_RIODELOROPVGNODE,RTPD,MCE,LMP_ENE_PRC,TOME_1_RIODELOROPVGNODE,ALL,1,1991.9337,4,3
2022-09-02T02:45:00-00:00,2022-09-02T03:00:00-00:00,2022-09-01,20,TOME_1_RIODELOROPVGNODE,TOME_1_RIODELOROPVGNODE,TOME_1_RIODELOROPVGNODE,RTPD,MCE,LMP_ENE_PRC,TOME_1_RIODELOROPVGNODE,ALL,1,1629.6213,4,3
2022-09-02T03:45:00-00:00,2022-09-02T04:00:00-00:00,2022-09-01,21,TOME_1_RIODELOROPVGNODE,TOME_1_RIODELOROPVGNODE,TOME_1_RIODELOROPVGNODE,RTPD,MCE,LMP_ENE_PRC,TOME_1_RIODELOROPVGNODE,ALL,1,141.13702,4,3
2022-09-02T04:45:00-00:00,2022-09-02T05:00:00-00:00,2022-09-01,22,TOME_1_RIODELOROPVGNODE,TOME_1_RIODELOROPVGNODE,TOME_1_RIODELOROPVGNODE,RTPD,MCE,LMP_ENE_PRC,TOME_1_RIODELOROPVGNODE,ALL,1,126.76372,4,3
2022-09-02T05:45:00-00:00,2022-09-02T06:00:00-00:00,2022-09-01,23,TOME_1_RIODELOROPVGNODE,TOME_1_RIODELOROPVGNODE,TOME_1_RIODELOROPVGNODE,RTPD,MCE,LMP_ENE_PRC,TOME_1_RIODELOROPVGNODE,ALL,1,119.00958,4,3
2022-09-02T06:45:00-00:00,2022-09-02T07:00:00-00:00,2022-09-01,24,TOME_1_RIODELOROPVGNODE,TOME_1_RIODELOROPVGNODE,TOME_1_RIODELOROPVGNODE,RTPD,MCE,LMP_ENE_PRC,TOME_1_RIODELOROPVGNODE,ALL,1,109.20324,4,3
2022-09-01T07:00:00-00:00,2022-09-01T07:15:00-00:00,2022-09-01,01,TOME_1_RIODELOROPVGNODE,TOME_1_RIODELOROPVGNODE,TOME_1_RIODELOROPVGNODE,RTPD,MCL,LMP_LOSS_PRC,TOME_1_RIODELOROPVGNODE,ALL,1,1.067,1,4
2022-09-01T08:00:00-00:00,2022-09-01T08:15:00-00:00,2022-09-01,02,TOME_1_RIODELOROPVGNODE,TOME_1_RIODELOROPVGNODE,TOME_1_RIODELOROPVGNODE,RTPD,MCL,LMP_LOSS_PRC,TOME_1_RIODELOROPVGNODE,ALL,1,0,1,4
2022-09-01T09:00:00-00:00,2022-09-01T09:15:00-00:00,2022-09-01,03,TOME_1_RIODELOROPVGNODE,TOME_1_RIODELOROPVGNODE,TOME_1_RIODELOROPVGNODE,RTPD,MCL,LMP_LOSS_PRC,TOME_1_RIODELOROPVGNODE,ALL,1,0.18387,1,4
2022-09-01T10:00:00-00:00,2022-09-01T10:15:00-00:00,2022-09-01,04,TOME_1_RIODELOROPVGNODE,TOME_1_RIODELOROPVGNODE,TOME_1_RIODELOROPVGNODE,RTPD,MCL,LMP_LOSS_PRC,TOME_1_RIODELOROPVGNODE,ALL,1,0.91049,1,4
2022-09-01T11:00:00-00:00,2022-09-01T11:15:00-00:00,2022-09-01,05,TOME_1_RIODELOROPVGNODE,TOME_1_RIODELOROPVGNODE,TOME_1_RIODELOROPVGNODE,RTPD,MCL,LMP_LOSS_PRC,TOME_1_RIODELOROPVGNODE,ALL,1,0.54299,1,4
2022-09-01T12:00:00-00:00,2022-09-01T12:15:00-00:00,2022-09-01,06,TOME_1_RIODELOROPVGNODE,TOME_1_RIODELOROPVGNODE,TOME_1_RIODELOROPVGNODE,RTPD,MCL,LMP_LOSS_PRC,TOME_1_RIODELOROPVGNODE,ALL,1,0.48252,1,4
2022-09-01T13:00:00-00:00,2022-09-01T13:15:00-00:00,2022-09-01,07,TOME_1_RIODELOROPVGNODE,TOME_1_RIODELOROPVGNODE,TOME_1_RIODELOROPVGNODE,RTPD,MCL,LMP_LOSS_PRC,TOME_1_RIODELOROPVGNODE,ALL,1,0,1,4
2022-09-01T14:00:00-00:00,2022-09-01T14:15:00-00:00,2022-09-01,08,TOME_1_RIODELOROPVGNODE,TOME_1_RIODELOROPVGNODE,TOME_1_RIODELOROPVGNODE,RTPD,MCL,LMP_LOSS_PRC,TOME_1_RIODELOROPVGNODE,ALL,1,-3.47613,1,4
2022-09-01T15:00:00-00:00,2022-09-01T15:15:00-00:00,2022-09-01,09,TOME_1_RIODELOROPVGNODE,TOME_1_RIODELOROPVGNODE,TOME_1_RIODELOROPVGNODE,RTPD,MCL,LMP_LOSS_PRC,TOME_1_RIODELOROPVGNODE,ALL,1,0,1,4
2022-09-01T16:00:00-00:00,2022-09-01T16:15:00-00:00,2022-09-01,10,TOME_1_RIODELOROPVGNODE,TOME_1_RIODELOROPVGNODE,TOME_1_RIODELOROPVGNODE,RTPD,MCL,LMP_LOSS_PRC,TOME_1_RIODELOROPVGNODE,ALL,1,0,1,4
2022-09-01T17:00:00-00:00,2022-09-01T17:15:00-00:00,2022-09-01,11,TOME_1_RIODELOROPVGNODE,TOME_1_RIODELOROPVGNODE,TOME_1_RIODELOROPVGNODE,RTPD,MCL,LMP_LOSS_PRC,TOME_1_RIODELOROPVGNODE,ALL,1,0,1,4
2022-09-01T18:00:00-00:00,2022-09-01T18:15:00-00:00,2022-09-01,12,TOME_1_RIODELOROPVGNODE,TOME_1_RIODELOROPVGNODE,TOME_1_RIODELOROPVGNODE,RTPD,MCL,LMP_LOSS_PRC,TOME_1_RIODELOROPVGNODE,ALL,1,0,1,4
2022-09-01T19:00:00-00:00,2022-09-01T19:15:00-00:00,2022-09-01,13,TOME_1_RIODELOROPVGNODE,TOME_1_RIODELOROPVGNODE,TOME_1_RIODELOROPVGNODE,RTPD,MCL,LMP_LOSS_PRC,TOME_1_RIODELOROPVGNODE,ALL,1,0,1,4
2022-09-01T20:00:00-00:00,2022-09-01T20:15:00-00:00,2022-09-01,14,TOME_1_RIODELOROPVGNODE,TOME_1_RIODELOROPVGNODE,TOME_1_RIODELOROPVGNODE,RTPD,MCL,LMP_LOSS_PRC,TOME_1_RIODELOROPVGNODE,ALL,1,0,1,4
2022-09-01T21:00:00-00:00,2022-09-01T21:15:00-00:00,2022-09-01,15,TOME_1_RIODELOROPVGNODE,TOME_1_RIODELOROPVGNODE,TOME_1_RIODELOROPVGNODE,RTPD,MCL,LMP_LOSS_PRC,TOME_1_RIODELOROPVGNODE,ALL,1,0,1,4
2022-09-01T22:00:00-00:00,2022-09-01T22:15:00-00:00,2022-09-01,16,TOME_1_RIODELOROPVGNODE,TOME_1_RIODELOROPVGNODE,TOME_1_RIODELOROPVGNODE,RTPD,MCL,LMP_LOSS_PRC,TOME_1_RIODELOROPVGNODE,ALL,1,0,1,4
2022-09-01T23:00:00-00:00,2022-09-01T23:15:00-00:00,2022-09-01,17,TOME_1_RIODELOROPVGNODE,TOME_1_RIODELOROPVGNODE,TOME_1_RIODELOROPVGNODE,RTPD,MCL,LMP_LOSS_PRC,TOME_1_RIODELOROPVGNODE,ALL,1,0,1,4
2022-09-02T00:00:00-00:00,2022-09-02T00:15:00-00:00,2022-09-01,18,TOME_1_RIODELOROPVGNODE,TOME_1_RIODELOROPVGNODE,TOME_1_RIODELOROPVGNODE,RTPD,MCL,LMP_LOSS_PRC,TOME_1_RIODELOROPVGNODE,ALL,1,-93.09307,1,4
2022-09-02T01:00:00-00:00,2022-09-02T01:15:00-00:00,2022-09-01,19,TOME_1_RIODELOROPVGNODE,TOME_1_RIODELOROPVGNODE,TOME_1_RIODELOROPVGNODE,RTPD,MCL,LMP_LOSS_PRC,TOME_1_RIODELOROPVGNODE,ALL,1,0,1,4
2022-09-02T02:00:00-00:00,2022-09-02T02:15:00-00:00,2022-09-01,20,TOME_1_RIODELOROPVGNODE,TOME_1_RIODELOROPVGNODE,TOME_1_RIODELOROPVGNODE,RTPD,MCL,LMP_LOSS_PRC,TOME_1_RIODELOROPVGNODE,ALL,1,0,1,4
2022-09-02T03:00:00-00:00,2022-09-02T03:15:00-00:00,2022-09-01,21,TOME_1_RIODELOROPVGNODE,TOME_1_RIODELOROPVGNODE,TOME_1_RIODELOROPVGNODE,RTPD,MCL,LMP_LOSS_PRC,TOME_1_RIODELOROPVGNODE,ALL,1,-85.31302,1,4
2022-09-02T04:00:00-00:00,2022-09-02T04:15:00-00:00,2022-09-01,22,TOME_1_RIODELOROPVGNODE,TOME_1_RIODELOROPVGNODE,TOME_1_RIODELOROPVGNODE,RTPD,MCL,LMP_LOSS_PRC,TOME_1_RIODELOROPVGNODE,ALL,1,-13.27208,1,4
2022-09-02T05:00:00-00:00,2022-09-02T05:15:00-00:00,2022-09-01,23,TOME_1_RIODELOROPVGNODE,TOME_1_RIODELOROPVGNODE,TOME_1_RIODELOROPVGNODE,RTPD,MCL,LMP_LOSS_PRC,TOME_1_RIODELOROPVGNODE,ALL,1,-14.34968,1,4
2022-09-02T06:00:00-00:00,2022-09-02T06:15:00-00:00,2022-09-01,24,TOME_1_RIODELOROPVGNODE,TOME_1_RIODELOROPVGNODE,TOME_1_RIODELOROPVGNODE,RTPD,MCL,LMP_LOSS_PRC,TOME_1_RIODELOROPVGNODE,ALL,1,-12.29416,1,4
2022-09-01T07:15:00-00:00,2022-09-01T07:30:00-00:00,2022-09-01,01,TOME_1_RIODELOROPVGNODE,TOME_1_RIODELOROPVGNODE,TOME_1_RIODELOROPVGNODE,RTPD,MCL,LMP_LOSS_PRC,TOME_1_RIODELOROPVGNODE,ALL,1,0,2,4
2022-09-01T08:15:00-00:00,2022-09-01T08:30:00-00:00,2022-09-01,02,TOME_1_RIODELOROPVGNODE,TOME_1_RIODELOROPVGNODE,TOME_1_RIODELOROPVGNODE,RTPD,MCL,LMP_LOSS_PRC,TOME_1_RIODELOROPVGNODE,ALL,1,0,2,4
2022-09-01T09:15:00-00:00,2022-09-01T09:30:00-00:00,2022-09-01,03,TOME_1_RIODELOROPVGNODE,TOME_1_RIODELOROPVGNODE,TOME_1_RIODELOROPVGNODE,RTPD,MCL,LMP_LOSS_PRC,TOME_1_RIODELOROPVGNODE,ALL,1,0.23251,2,4
2022-09-01T10:15:00-00:00,2022-09-01T10:30:00-00:00,2022-09-01,04,TOME_1_RIODELOROPVGNODE,TOME_1_RIODELOROPVGNODE,TOME_1_RIODELOROPVGNODE,RTPD,MCL,LMP_LOSS_PRC,TOME_1_RIODELOROPVGNODE,ALL,1,0.95481,2,4
2022-09-01T11:15:00-00:00,2022-09-01T11:30:00-00:00,2022-09-01,05,TOME_1_RIODELOROPVGNODE,TOME_1_RIODELOROPVGNODE,TOME_1_RIODELOROPVGNODE,RTPD,MCL,LMP_LOSS_PRC,TOME_1_RIODELOROPVGNODE,ALL,1,0.69503,2,4
2022-09-01T12:15:00-00:00,2022-09-01T12:30:00-00:00,2022-09-01,06,TOME_1_RIODELOROPVGNODE,TOME_1_RIODELOROPVGNODE,TOME_1_RIODELOROPVGNODE,RTPD,MCL,LMP_LOSS_PRC,TOME_1_RIODELOROPVGNODE,ALL,1,0.27414,2,4
2022-09-01T13:15:00-00:00,2022-09-01T13:30:00-00:00,2022-09-01,07,TOME_1_RIODELOROPVGNODE,TOME_1_RIODELOROPVGNODE,TOME_1_RIODELOROPVGNODE,RTPD,MCL,LMP_LOSS_PRC,TOME_1_RIODELOROPVGNODE,ALL,1,1.36285,2,4
2022-09-01T14:15:00-00:00,2022-09-01T14:30:00-00:00,2022-09-01,08,TOME_1_RIODELOROPVGNODE,TOME_1_RIODELOROPVGNODE,TOME_1_RIODELOROPVGNODE,RTPD,MCL,LMP_LOSS_PRC,TOME_1_RIODELOROPVGNODE,ALL,1,-3.85776,2,4
2022-09-01T15:15:00-00:00,2022-09-01T15:30:00-00:00,2022-09-01,09,TOME_1_RIODELOROPVGNODE,TOME_1_RIODELOROPVGNODE,TOME_1_RIODELOROPVGNODE,RTPD,MCL,LMP_LOSS_PRC,TOME_1_RIODELOROPVGNODE,ALL,1,0,2,4
2022-09-01T16:15:00-00:00,2022-09-01T16:30:00-00:00,2022-09-01,10,TOME_1_RIODELOROPVGNODE,TOME_1_RIODELOROPVGNODE,TOME_1_RIODELOROPVGNODE,RTPD,MCL,LMP_LOSS_PRC,TOME_1_RIODELOROPVGNODE,ALL,1,0,2,4
2022-09-01T17:15:00-00:00,2022-09-01T17:30:00-00:00,2022-09-01,11,TOME_1_RIODELOROPVGNODE,TOME_1_RIODELOROPVGNODE,TOME_1_RIODELOROPVGNODE,RTPD,MCL,LMP_LOSS_PRC,TOME_1_RIODELOROPVGNODE,ALL,1,0,2,4
2022-09-01T18:15:00-00:00,2022-09-01T18:30:00-00:00,2022-09-01,12,TOME_1_RIODELOROPVGNODE,TOME_1_RIODELOROPVGNODE,TOME_1_RIODELOROPVGNODE,RTPD,MCL,LMP_LOSS_PRC,TOME_1_RIODELOROPVGNODE,ALL,1,0,2,4
2022-09-01T19:15:00-00:00,2022-09-01T19:30:00-00:00,2022-09-01,13,TOME_1_RIODELOROPVGNODE,TOME_1_RIODELOROPVGNODE,TOME_1_RIODELOROPVGNODE,RTPD,MCL,LMP_LOSS_PRC,TOME_1_RIODELOROPVGNODE,ALL,1,0,2,4
2022-09-01T20:15:00-00:00,2022-09-01T20:30:00-00:00,2022-09-01,14,TOME_1_RIODELOROPVGNODE,TOME_1_RIODELOROPVGNODE,TOME_1_RIODELOROPVGNODE,RTPD,MCL,LMP_LOSS_PRC,TOME_1_RIODELOROPVGNODE,ALL,1,0,2,4
2022-09-01T21:15:00-00:00,2022-09-01T21:30:00-00:00,2022-09-01,15,TOME_1_RIODELOROPVGNODE,TOME_1_RIODELOROPVGNODE,TOME_1_RIODELOROPVGNODE,RTPD,MCL,LMP_LOSS_PRC,TOME_1_RIODELOROPVGNODE,ALL,1,0,2,4
2022-09-01T22:15:00-00:00,2022-09-01T22:30:00-00:00,2022-09-01,16,TOME_1_RIODELOROPVGNODE,TOME_1_RIODELOROPVGNODE,TOME_1_RIODELOROPVGNODE,RTPD,MCL,LMP_LOSS_PRC,TOME_1_RIODELOROPVGNODE,ALL,1,0,2,4
2022-09-01T23:15:00-00:00,2022-09-01T23:30:00-00:00,2022-09-01,17,TOME_1_RIODELOROPVGNODE,TOME_1_RIODELOROPVGNODE,TOME_1_RIODELOROPVGNODE,RTPD,MCL,LMP_LOSS_PRC,TOME_1_RIODELOROPVGNODE,ALL,1,0,2,4
2022-09-02T00:15:00-00:00,2022-09-02T00:30:00-00:00,2022-09-01,18,TOME_1_RIODELOROPVGNODE,TOME_1_RIODELOROPVGNODE,TOME_1_RIODELOROPVGNODE,RTPD,MCL,LMP_LOSS_PRC,TOME_1_RIODELOROPVGNODE,ALL,1,-81.42257,2,4
2022-09-02T01:15:00-00:00,2022-09-02T01:30:00-00:00,2022-09-01,19,TOME_1_RIODELOROPVGNODE,TOME_1_RIODELOROPVGNODE,TOME_1_RIODELOROPVGNODE,RTPD,MCL,LMP_LOSS_PRC,TOME_1_RIODELOROPVGNODE,ALL,1,0,2,4
2022-09-02T02:15:00-00:00,2022-09-02T02:30:00-00:00,2022-09-01,20,TOME_1_RIODELOROPVGNODE,TOME_1_RIODELOROPVGNODE,TOME_1_RIODELOROPVGNODE,RTPD,MCL,LMP_LOSS_PRC,TOME_1_RIODELOROPVGNODE,ALL,1,0,2,4
2022-09-02T03:15:00-00:00,2022-09-02T03:30:00-00:00,2022-09-01,21,TOME_1_RIODELOROPVGNODE,TOME_1_RIODELOROPVGNODE,TOME_1_RIODELOROPVGNODE,RTPD,MCL,LMP_LOSS_PRC,TOME_1_RIODELOROPVGNODE,ALL,1,-20.52118,2,4
2022-09-02T04:15:00-00:00,2022-09-02T04:30:00-00:00,2022-09-01,22,TOME_1_RIODELOROPVGNODE,TOME_1_RIODELOROPVGNODE,TOME_1_RIODELOROPVGNODE,RTPD,MCL,LMP_LOSS_PRC,TOME_1_RIODELOROPVGNODE,ALL,1,-12.87047,2,4
2022-09-02T05:15:00-00:00,2022-09-02T05:30:00-00:00,2022-09-01,23,TOME_1_RIODELOROPVGNODE,TOME_1_RIODELOROPVGNODE,TOME_1_RIODELOROPVGNODE,RTPD,MCL,LMP_LOSS_PRC,TOME_1_RIODELOROPVGNODE,ALL,1,-10.60166,2,4
2022-09-02T06:15:00-00:00,2022-09-02T06:30:00-00:00,2022-09-01,24,TOME_1_RIODELOROPVGNODE,TOME_1_RIODELOROPVGNODE,TOME_1_RIODELOROPVGNODE,RTPD,MCL,LMP_LOSS_PRC,TOME_1_RIODELOROPVGNODE,ALL,1,-9.43572,2,4
2022-09-01T07:30:00-00:00,2022-09-01T07:45:00-00:00,2022-09-01,01,TOME_1_RIODELOROPVGNODE,TOME_1_RIODELOROPVGNODE,TOME_1_RIODELOROPVGNODE,RTPD,MCL,LMP_LOSS_PRC,TOME_1_RIODELOROPVGNODE,ALL,1,0,3,4
2022-09-01T08:30:00-00:00,2022-09-01T08:45:00-00:00,2022-09-01,02,TOME_1_RIODELOROPVGNODE,TOME_1_RIODELOROPVGNODE,TOME_1_RIODELOROPVGNODE,RTPD,MCL,LMP_LOSS_PRC,TOME_1_RIODELOROPVGNODE,ALL,1,0.30822,3,4
2022-09-01T09:30:00-00:00,2022-09-01T09:45:00-00:00,2022-09-01,03,TOME_1_RIODELOROPVGNODE,TOME_1_RIODELOROPVGNODE,TOME_1_RIODELOROPVGNODE,RTPD,MCL,LMP_LOSS_PRC,TOME_1_RIODELOROPVGNODE,ALL,1,0.50263,3,4
2022-09-01T10:30:00-00:00,2022-09-01T10:45:00-00:00,2022-09-01,04,TOME_1_RIODELOROPVGNODE,TOME_1_RIODELOROPVGNODE,TOME_1_RIODELOROPVGNODE,RTPD,MCL,LMP_LOSS_PRC,TOME_1_RIODELOROPVGNODE,ALL,1,0.98035,3,4
2022-09-01T11:30:00-00:00,2022-09-01T11:45:00-00:00,2022-09-01,05,TOME_1_RIODELOROPVGNODE,TOME_1_RIODELOROPVGNODE,TOME_1_RIODELOROPVGNODE,RTPD,MCL,LMP_LOSS_PRC,TOME_1_RIODELOROPVGNODE,ALL,1,0.36295,3,4
2022-09-01T12:30:00-00:00,2022-09-01T12:45:00-00:00,2022-09-01,06,TOME_1_RIODELOROPVGNODE,TOME_1_RIODELOROPVGNODE,TOME_1_RIODELOROPVGNODE,RTPD,MCL,LMP_LOSS_PRC,TOME_1_RIODELOROPVGNODE,ALL,1,0.93843,3,4
2022-09-01T13:30:00-00:00,2022-09-01T13:45:00-00:00,2022-09-01,07,TOME_1_RIODELOROPVGNODE,TOME_1_RIODELOROPVGNODE,TOME_1_RIODELOROPVGNODE,RTPD,MCL,LMP_LOSS_PRC,TOME_1_RIODELOROPVGNODE,ALL,1,0.34443,3,4
2022-09-01T14:30:00-00:00,2022-09-01T14:45:00-00:00,2022-09-01,08,TOME_1_RIODELOROPVGNODE,TOME_1_RIODELOROPVGNODE,TOME_1_RIODELOROPVGNODE,RTPD,MCL,LMP_LOSS_PRC,TOME_1_RIODELOROPVGNODE,ALL,1,-4.86651,3,4
2022-09-01T15:30:00-00:00,2022-09-01T15:45:00-00:00,2022-09-01,09,TOME_1_RIODELOROPVGNODE,TOME_1_RIODELOROPVGNODE,TOME_1_RIODELOROPVGNODE,RTPD,MCL,LMP_LOSS_PRC,TOME_1_RIODELOROPVGNODE,ALL,1,0,3,4
2022-09-01T16:30:00-00:00,2022-09-01T16:45:00-00:00,2022-09-01,10,TOME_1_RIODELOROPVGNODE,TOME_1_RIODELOROPVGNODE,TOME_1_RIODELOROPVGNODE,RTPD,MCL,LMP_LOSS_PRC,TOME_1_RIODELOROPVGNODE,ALL,1,0,3,4
2022-09-01T17:30:00-00:00,2022-09-01T17:45:00-00:00,2022-09-01,11,TOME_1_RIODELOROPVGNODE,TOME_1_RIODELOROPVGNODE,TOME_1_RIODELOROPVGNODE,RTPD,MCL,LMP_LOSS_PRC,TOME_1_RIODELOROPVGNODE,ALL,1,0,3,4
2022-09-01T18:30:00-00:00,2022-09-01T18:45:00-00:00,2022-09-01,12,TOME_1_RIODELOROPVGNODE,TOME_1_RIODELOROPVGNODE,TOME_1_RIODELOROPVGNODE,RTPD,MCL,LMP_LOSS_PRC,TOME_1_RIODELOROPVGNODE,ALL,1,0,3,4
2022-09-01T19:30:00-00:00,2022-09-01T19:45:00-00:00,2022-09-01,13,TOME_1_RIODELOROPVGNODE,TOME_1_RIODELOROPVGNODE,TOME_1_RIODELOROPVGNODE,RTPD,MCL,LMP_LOSS_PRC,TOME_1_RIODELOROPVGNODE,ALL,1,0,3,4
2022-09-01T20:30:00-00:00,2022-09-01T20:45:00-00:00,2022-09-01,14,TOME_1_RIODELOROPVGNODE,TOME_1_RIODELOROPVGNODE,TOME_1_RIODELOROPVGNODE,RTPD,MCL,LMP_LOSS_PRC,TOME_1_RIODELOROPVGNODE,ALL,1,0,3,4
2022-09-01T21:30:00-00:00,2022-09-01T21:45:00-00:00,2022-09-01,15,TOME_1_RIODELOROPVGNODE,TOME_1_RIODELOROPVGNODE,TOME_1_RIODELOROPVGNODE,RTPD,MCL,LMP_LOSS_PRC,TOME_1_RIODELOROPVGNODE,ALL,1,0,3,4
2022-09-01T22:30:00-00:00,2022-09-01T22:45:00-00:00,2022-09-01,16,TOME_1_RIODELOROPVGNODE,TOME_1_RIODELOROPVGNODE,TOME_1_RIODELOROPVGNODE,RTPD,MCL,LMP_LOSS_PRC,TOME_1_RIODELOROPVGNODE,ALL,1,0,3,4
2022-09-01T23:30:00-00:00,2022-09-01T23:45:00-00:00,2022-09-01,17,TOME_1_RIODELOROPVGNODE,TOME_1_RIODELOROPVGNODE,TOME_1_RIODELOROPVGNODE,RTPD,MCL,LMP_LOSS_PRC,TOME_1_RIODELOROPVGNODE,ALL,1,0,3,4
2022-09-02T00:30:00-00:00,2022-09-02T00:45:00-00:00,2022-09-01,18,TOME_1_RIODELOROPVGNODE,TOME_1_RIODELOROPVGNODE,TOME_1_RIODELOROPVGNODE,RTPD,MCL,LMP_LOSS_PRC,TOME_1_RIODELOROPVGNODE,ALL,1,0,3,4
2022-09-02T01:30:00-00:00,2022-09-02T01:45:00-00:00,2022-09-01,19,TOME_1_RIODELOROPVGNODE,TOME_1_RIODELOROPVGNODE,TOME_1_RIODELOROPVGNODE,RTPD,MCL,LMP_LOSS_PRC,TOME_1_RIODELOROPVGNODE,ALL,1,0,3,4
2022-09-02T02:30:00-00:00,2022-09-02T02:45:00-00:00,2022-09-01,20,TOME_1_RIODELOROPVGNODE,TOME_1_RIODELOROPVGNODE,TOME_1_RIODELOROPVGNODE,RTPD,MCL,LMP_LOSS_PRC,TOME_1_RIODELOROPVGNODE,ALL,1,0,3,4
2022-09-02T03:30:00-00:00,2022-09-02T03:45:00-00:00,2022-09-01,21,TOME_1_RIODELOROPVGNODE,TOME_1_RIODELOROPVGNODE,TOME_1_RIODELOROPVGNODE,RTPD,MCL,LMP_LOSS_PRC,TOME_1_RIODELOROPVGNODE,ALL,1,-9.8628,3,4
2022-09-02T04:30:00-00:00,2022-09-02T04:45:00-00:00,2022-09-01,22,TOME_1_RIODELOROPVGNODE,TOME_1_RIODELOROPVGNODE,TOME_1_RIODELOROPVGNODE,RTPD,MCL,LMP_LOSS_PRC,TOME_1_RIODELOROPVGNODE,ALL,1,-9.24369,3,4
2022-09-02T05:30:00-00:00,2022-09-02T05:45:00-00:00,2022-09-01,23,TOME_1_RIODELOROPVGNODE,TOME_1_RIODELOROPVGNODE,TOME_1_RIODELOROPVGNODE,RTPD,MCL,LMP_LOSS_PRC,TOME_1_RIODELOROPVGNODE,ALL,1,-8.39408,3,4
2022-09-02T06:30:00-00:00,2022-09-02T06:45:00-00:00,2022-09-01,24,TOME_1_RIODELOROPVGNODE,TOME_1_RIODELOROPVGNODE,TOME_1_RIODELOROPVGNODE,RTPD,MCL,LMP_LOSS_PRC,TOME_1_RIODELOROPVGNODE,ALL,1,-7.84523,3,4
2022-09-01T07:45:00-00:00,2022-09-01T08:00:00-00:00,2022-09-01,01,TOME_1_RIODELOROPVGNODE,TOME_1_RIODELOROPVGNODE,TOME_1_RIODELOROPVGNODE,RTPD,MCL,LMP_LOSS_PRC,TOME_1_RIODELOROPVGNODE,ALL,1,0,4,4
2022-09-01T08:45:00-00:00,2022-09-01T09:00:00-00:00,2022-09-01,02,TOME_1_RIODELOROPVGNODE,TOME_1_RIODELOROPVGNODE,TOME_1_RIODELOROPVGNODE,RTPD,MCL,LMP_LOSS_PRC,TOME_1_RIODELOROPVGNODE,ALL,1,0.7471,4,4
2022-09-01T09:45:00-00:00,2022-09-01T10:00:00-00:00,2022-09-01,03,TOME_1_RIODELOROPVGNODE,TOME_1_RIODELOROPVGNODE,TOME_1_RIODELOROPVGNODE,RTPD,MCL,LMP_LOSS_PRC,TOME_1_RIODELOROPVGNODE,ALL,1,0.58329,4,4
2022-09-01T10:45:00-00:00,2022-09-01T11:00:00-00:00,2022-09-01,04,TOME_1_RIODELOROPVGNODE,TOME_1_RIODELOROPVGNODE,TOME_1_RIODELOROPVGNODE,RTPD,MCL,LMP_LOSS_PRC,TOME_1_RIODELOROPVGNODE,ALL,1,1.36365,4,4
2022-09-01T11:45:00-00:00,2022-09-01T12:00:00-00:00,2022-09-01,05,TOME_1_RIODELOROPVGNODE,TOME_1_RIODELOROPVGNODE,TOME_1_RIODELOROPVGNODE,RTPD,MCL,LMP_LOSS_PRC,TOME_1_RIODELOROPVGNODE,ALL,1,0,4,4
2022-09-01T12:45:00-00:00,2022-09-01T13:00:00-00:00,2022-09-01,06,TOME_1_RIODELOROPVGNODE,TOME_1_RIODELOROPVGNODE,TOME_1_RIODELOROPVGNODE,RTPD,MCL,LMP_LOSS_PRC,TOME_1_RIODELOROPVGNODE,ALL,1,0,4,4
2022-09-01T13:45:00-00:00,2022-09-01T14:00:00-00:00,2022-09-01,07,TOME_1_RIODELOROPVGNODE,TOME_1_RIODELOROPVGNODE,TOME_1_RIODELOROPVGNODE,RTPD,MCL,LMP_LOSS_PRC,TOME_1_RIODELOROPVGNODE,ALL,1,0,4,4
2022-09-01T14:45:00-00:00,2022-09-01T15:00:00-00:00,2022-09-01,08,TOME_1_RIODELOROPVGNODE,TOME_1_RIODELOROPVGNODE,TOME_1_RIODELOROPVGNODE,RTPD,MCL,LMP_LOSS_PRC,TOME_1_RIODELOROPVGNODE,ALL,1,0,4,4
2022-09-01T15:45:00-00:00,2022-09-01T16:00:00-00:00,2022-09-01,09,TOME_1_RIODELOROPVGNODE,TOME_1_RIODELOROPVGNODE,TOME_1_RIODELOROPVGNODE,RTPD,MCL,LMP_LOSS_PRC,TOME_1_RIODELOROPVGNODE,ALL,1,0,4,4
2022-09-01T16:45:00-00:00,2022-09-01T17:00:00-00:00,2022-09-01,10,TOME_1_RIODELOROPVGNODE,TOME_1_RIODELOROPVGNODE,TOME_1_RIODELOROPVGNODE,RTPD,MCL,LMP_LOSS_PRC,TOME_1_RIODELOROPVGNODE,ALL,1,0,4,4
2022-09-01T17:45:00-00:00,2022-09-01T18:00:00-00:00,2022-09-01,11,TOME_1_RIODELOROPVGNODE,TOME_1_RIODELOROPVGNODE,TOME_1_RIODELOROPVGNODE,RTPD,MCL,LMP_LOSS_PRC,TOME_1_RIODELOROPVGNODE,ALL,1,0,4,4
2022-09-01T18:45:00-00:00,2022-09-01T19:00:00-00:00,2022-09-01,12,TOME_1_RIODELOROPVGNODE,TOME_1_RIODELOROPVGNODE,TOME_1_RIODELOROPVGNODE,RTPD,MCL,LMP_LOSS_PRC,TOME_1_RIODELOROPVGNODE,ALL,1,0,4,4
2022-09-01T19:45:00-00:00,2022-09-01T20:00:00-00:00,2022-09-01,13,TOME_1_RIODELOROPVGNODE,TOME_1_RIODELOROPVGNODE,TOME_1_RIODELOROPVGNODE,RTPD,MCL,LMP_LOSS_PRC,TOME_1_RIODELOROPVGNODE,ALL,1,0,4,4
2022-09-01T20:45:00-00:00,2022-09-01T21:00:00-00:00,2022-09-01,14,TOME_1_RIODELOROPVGNODE,TOME_1_RIODELOROPVGNODE,TOME_1_RIODELOROPVGNODE,RTPD,MCL,LMP_LOSS_PRC,TOME_1_RIODELOROPVGNODE,ALL,1,0,4,4
2022-09-01T21:45:00-00:00,2022-09-01T22:00:00-00:00,2022-09-01,15,TOME_1_RIODELOROPVGNODE,TOME_1_RIODELOROPVGNODE,TOME_1_RIODELOROPVGNODE,RTPD,MCL,LMP_LOSS_PRC,TOME_1_RIODELOROPVGNODE,ALL,1,0,4,4
2022-09-01T22:45:00-00:00,2022-09-01T23:00:00-00:00,2022-09-01,16,TOME_1_RIODELOROPVGNODE,TOME_1_RIODELOROPVGNODE,TOME_1_RIODELOROPVGNODE,RTPD,MCL,LMP_LOSS_PRC,TOME_1_RIODELOROPVGNODE,ALL,1,0,4,4
2022-09-01T23:45:00-00:00,2022-09-02T00:00:00-00:00,2022-09-01,17,TOME_1_RIODELOROPVGNODE,TOME_1_RIODELOROPVGNODE,TOME_1_RIODELOROPVGNODE,RTPD,MCL,LMP_LOSS_PRC,TOME_1_RIODELOROPVGNODE,ALL,1,0,4,4
2022-09-02T00:45:00-00:00,2022-09-02T01:00:00-00:00,2022-09-01,18,TOME_1_RIODELOROPVGNODE,TOME_1_RIODELOROPVGNODE,TOME_1_RIODELOROPVGNODE,RTPD,MCL,LMP_LOSS_PRC,TOME_1_RIODELOROPVGNODE,ALL,1,0,4,4
2022-09-02T01:45:00-00:00,2022-09-02T02:00:00-00:00,2022-09-01,19,TOME_1_RIODELOROPVGNODE,TOME_1_RIODELOROPVGNODE,TOME_1_RIODELOROPVGNODE,RTPD,MCL,LMP_LOSS_PRC,TOME_1_RIODELOROPVGNODE,ALL,1,0,4,4
2022-09-02T02:45:00-00:00,2022-09-02T03:00:00-00:00,2022-09-01,20,TOME_1_RIODELOROPVGNODE,TOME_1_RIODELOROPVGNODE,TOME_1_RIODELOROPVGNODE,RTPD,MCL,LMP_LOSS_PRC,TOME_1_RIODELOROPVGNODE,ALL,1,-185.00862,4,4
2022-09-02T03:45:00-00:00,2022-09-02T04:00:00-00:00,2022-09-01,21,TOME_1_RIODELOROPVGNODE,TOME_1_RIODELOROPVGNODE,TOME_1_RIODELOROPVGNODE,RTPD,MCL,LMP_LOSS_PRC,TOME_1_RIODELOROPVGNODE,ALL,1,-5.76,4,4
2022-09-02T04:45:00-00:00,2022-09-02T05:00:00-00:00,2022-09-01,22,TOME_1_RIODELOROPVGNODE,TOME_1_RIODELOROPVGNODE,TOME_1_RIODELOROPVGNODE,RTPD,MCL,LMP_LOSS_PRC,TOME_1_RIODELOROPVGNODE,ALL,1,-7.72507,4,4
2022-09-02T05:45:00-00:00,2022-09-02T06:00:00-00:00,2022-09-01,23,TOME_1_RIODELOROPVGNODE,TOME_1_RIODELOROPVGNODE,TOME_1_RIODELOROPVGNODE,RTPD,MCL,LMP_LOSS_PRC,TOME_1_RIODELOROPVGNODE,ALL,1,-6.12811,4,4
2022-09-02T06:45:00-00:00,2022-09-02T07:00:00-00:00,2022-09-01,24,TOME_1_RIODELOROPVGNODE,TOME_1_RIODELOROPVGNODE,TOME_1_RIODELOROPVGNODE,RTPD,MCL,LMP_LOSS_PRC,TOME_1_RIODELOROPVGNODE,ALL,1,-6.84846,4,4
2022-09-01T07:00:00-00:00,2022-09-01T07:15:00-00:00,2022-09-01,01,TOME_1_RIODELOROPVGNODE,TOME_1_RIODELOROPVGNODE,TOME_1_RIODELOROPVGNODE,RTPD,MGHG,LMP_GHG_PRC,TOME_1_RIODELOROPVGNODE,ALL,1,-11.45,1,5
2022-09-01T08:00:00-00:00,2022-09-01T08:15:00-00:00,2022-09-01,02,TOME_1_RIODELOROPVGNODE,TOME_1_RIODELOROPVGNODE,TOME_1_RIODELOROPVGNODE,RTPD,MGHG,LMP_GHG_PRC,TOME_1_RIODELOROPVGNODE,ALL,1,-14.13,1,5
2022-09-01T09:00:00-00:00,2022-09-01T09:15:00-00:00,2022-09-01,03,TOME_1_RIODELOROPVGNODE,TOME_1_RIODELOROPVGNODE,TOME_1_RIODELOROPVGNODE,RTPD,MGHG,LMP_GHG_PRC,TOME_1_RIODELOROPVGNODE,ALL,1,-12.17178,1,5
2022-09-01T10:00:00-00:00,2022-09-01T10:15:00-00:00,2022-09-01,04,TOME_1_RIODELOROPVGNODE,TOME_1_RIODELOROPVGNODE,TOME_1_RIODELOROPVGNODE,RTPD,MGHG,LMP_GHG_PRC,TOME_1_RIODELOROPVGNODE,ALL,1,-13.55,1,5
2022-09-01T11:00:00-00:00,2022-09-01T11:15:00-00:00,2022-09-01,05,TOME_1_RIODELOROPVGNODE,TOME_1_RIODELOROPVGNODE,TOME_1_RIODELOROPVGNODE,RTPD,MGHG,LMP_GHG_PRC,TOME_1_RIODELOROPVGNODE,ALL,1,-13.55,1,5
2022-09-01T12:00:00-00:00,2022-09-01T12:15:00-00:00,2022-09-01,06,TOME_1_RIODELOROPVGNODE,TOME_1_RIODELOROPVGNODE,TOME_1_RIODELOROPVGNODE,RTPD,MGHG,LMP_GHG_PRC,TOME_1_RIODELOROPVGNODE,ALL,1,-13.71725,1,5
2022-09-01T13:00:00-00:00,2022-09-01T13:15:00-00:00,2022-09-01,07,TOME_1_RIODELOROPVGNODE,TOME_1_RIODELOROPVGNODE,TOME_1_RIODELOROPVGNODE,RTPD,MGHG,LMP_GHG_PRC,TOME_1_RIODELOROPVGNODE,ALL,1,-15,1,5
2022-09-01T14:00:00-00:00,2022-09-01T14:15:00-00:00,2022-09-01,08,TOME_1_RIODELOROPVGNODE,TOME_1_RIODELOROPVGNODE,TOME_1_RIODELOROPVGNODE,RTPD,MGHG,LMP_GHG_PRC,TOME_1_RIODELOROPVGNODE,ALL,1,-15.61,1,5
2022-09-01T15:00:00-00:00,2022-09-01T15:15:00-00:00,2022-09-01,09,TOME_1_RIODELOROPVGNODE,TOME_1_RIODELOROPVGNODE,TOME_1_RIODELOROPVGNODE,RTPD,MGHG,LMP_GHG_PRC,TOME_1_RIODELOROPVGNODE,ALL,1,-12.7,1,5
2022-09-01T16:00:00-00:00,2022-09-01T16:15:00-00:00,2022-09-01,10,TOME_1_RIODELOROPVGNODE,TOME_1_RIODELOROPVGNODE,TOME_1_RIODELOROPVGNODE,RTPD,MGHG,LMP_GHG_PRC,TOME_1_RIODELOROPVGNODE,ALL,1,-14.1,1,5
2022-09-01T17:00:00-00:00,2022-09-01T17:15:00-00:00,2022-09-01,11,TOME_1_RIODELOROPVGNODE,TOME_1_RIODELOROPVGNODE,TOME_1_RIODELOROPVGNODE,RTPD,MGHG,LMP_GHG_PRC,TOME_1_RIODELOROPVGNODE,ALL,1,-11.63,1,5
2022-09-01T18:00:00-00:00,2022-09-01T18:15:00-00:00,2022-09-01,12,TOME_1_RIODELOROPVGNODE,TOME_1_RIODELOROPVGNODE,TOME_1_RIODELOROPVGNODE,RTPD,MGHG,LMP_GHG_PRC,TOME_1_RIODELOROPVGNODE,ALL,1,-13.98,1,5
2022-09-01T19:00:00-00:00,2022-09-01T19:15:00-00:00,2022-09-01,13,TOME_1_RIODELOROPVGNODE,TOME_1_RIODELOROPVGNODE,TOME_1_RIODELOROPVGNODE,RTPD,MGHG,LMP_GHG_PRC,TOME_1_RIODELOROPVGNODE,ALL,1,-14.15,1,5
2022-09-01T20:00:00-00:00,2022-09-01T20:15:00-00:00,2022-09-01,14,TOME_1_RIODELOROPVGNODE,TOME_1_RIODELOROPVGNODE,TOME_1_RIODELOROPVGNODE,RTPD,MGHG,LMP_GHG_PRC,TOME_1_RIODELOROPVGNODE,ALL,1,-26.16,1,5
2022-09-01T21:00:00-00:00,2022-09-01T21:15:00-00:00,2022-09-01,15,TOME_1_RIODELOROPVGNODE,TOME_1_RIODELOROPVGNODE,TOME_1_RIODELOROPVGNODE,RTPD,MGHG,LMP_GHG_PRC,TOME_1_RIODELOROPVGNODE,ALL,1,-15,1,5
2022-09-01T22:00:00-00:00,2022-09-01T22:15:00-00:00,2022-09-01,16,TOME_1_RIODELOROPVGNODE,TOME_1_RIODELOROPVGNODE,TOME_1_RIODELOROPVGNODE,RTPD,MGHG,LMP_GHG_PRC,TOME_1_RIODELOROPVGNODE,ALL,1,-17.36,1,5
2022-09-01T23:00:00-00:00,2022-09-01T23:15:00-00:00,2022-09-01,17,TOME_1_RIODELOROPVGNODE,TOME_1_RIODELOROPVGNODE,TOME_1_RIODELOROPVGNODE,RTPD,MGHG,LMP_GHG_PRC,TOME_1_RIODELOROPVGNODE,ALL,1,-26.16,1,5
2022-09-02T00:00:00-00:00,2022-09-02T00:15:00-00:00,2022-09-01,18,TOME_1_RIODELOROPVGNODE,TOME_1_RIODELOROPVGNODE,TOME_1_RIODELOROPVGNODE,RTPD,MGHG,LMP_GHG_PRC,TOME_1_RIODELOROPVGNODE,ALL,1,-28.21,1,5
2022-09-02T01:00:00-00:00,2022-09-02T01:15:00-00:00,2022-09-01,19,TOME_1_RIODELOROPVGNODE,TOME_1_RIODELOROPVGNODE,TOME_1_RIODELOROPVGNODE,RTPD,MGHG,LMP_GHG_PRC,TOME_1_RIODELOROPVGNODE,ALL,1,-24.91,1,5
2022-09-02T02:00:00-00:00,2022-09-02T02:15:00-00:00,2022-09-01,20,TOME_1_RIODELOROPVGNODE,TOME_1_RIODELOROPVGNODE,TOME_1_RIODELOROPVGNODE,RTPD,MGHG,LMP_GHG_PRC,TOME_1_RIODELOROPVGNODE,ALL,1,-15.61,1,5
2022-09-02T03:00:00-00:00,2022-09-02T03:15:00-00:00,2022-09-01,21,TOME_1_RIODELOROPVGNODE,TOME_1_RIODELOROPVGNODE,TOME_1_RIODELOROPVGNODE,RTPD,MGHG,LMP_GHG_PRC,TOME_1_RIODELOROPVGNODE,ALL,1,-11.89,1,5
2022-09-02T04:00:00-00:00,2022-09-02T04:15:00-00:00,2022-09-01,22,TOME_1_RIODELOROPVGNODE,TOME_1_RIODELOROPVGNODE,TOME_1_RIODELOROPVGNODE,RTPD,MGHG,LMP_GHG_PRC,TOME_1_RIODELOROPVGNODE,ALL,1,-14.75,1,5
2022-09-02T05:00:00-00:00,2022-09-02T05:15:00-00:00,2022-09-01,23,TOME_1_RIODELOROPVGNODE,TOME_1_RIODELOROPVGNODE,TOME_1_RIODELOROPVGNODE,RTPD,MGHG,LMP_GHG_PRC,TOME_1_RIODELOROPVGNODE,ALL,1,-9.52,1,5
2022-09-02T06:00:00-00:00,2022-09-02T06:15:00-00:00,2022-09-01,24,TOME_1_RIODELOROPVGNODE,TOME_1_RIODELOROPVGNODE,TOME_1_RIODELOROPVGNODE,RTPD,MGHG,LMP_GHG_PRC,TOME_1_RIODELOROPVGNODE,ALL,1,-11.63,1,5
2022-09-01T07:15:00-00:00,2022-09-01T07:30:00-00:00,2022-09-01,01,TOME_1_RIODELOROPVGNODE,TOME_1_RIODELOROPVGNODE,TOME_1_RIODELOROPVGNODE,RTPD,MGHG,LMP_GHG_PRC,TOME_1_RIODELOROPVGNODE,ALL,1,-13.76,2,5
2022-09-01T08:15:00-00:00,2022-09-01T08:30:00-00:00,2022-09-01,02,TOME_1_RIODELOROPVGNODE,TOME_1_RIODELOROPVGNODE,TOME_1_RIODELOROPVGNODE,RTPD,MGHG,LMP_GHG_PRC,TOME_1_RIODELOROPVGNODE,ALL,1,-14.75,2,5
2022-09-01T09:15:00-00:00,2022-09-01T09:30:00-00:00,2022-09-01,03,TOME_1_RIODELOROPVGNODE,TOME_1_RIODELOROPVGNODE,TOME_1_RIODELOROPVGNODE,RTPD,MGHG,LMP_GHG_PRC,TOME_1_RIODELOROPVGNODE,ALL,1,-12.19,2,5
2022-09-01T10:15:00-00:00,2022-09-01T10:30:00-00:00,2022-09-01,04,TOME_1_RIODELOROPVGNODE,TOME_1_RIODELOROPVGNODE,TOME_1_RIODELOROPVGNODE,RTPD,MGHG,LMP_GHG_PRC,TOME_1_RIODELOROPVGNODE,ALL,1,-13.98,2,5
2022-09-01T11:15:00-00:00,2022-09-01T11:30:00-00:00,2022-09-01,05,TOME_1_RIODELOROPVGNODE,TOME_1_RIODELOROPVGNODE,TOME_1_RIODELOROPVGNODE,RTPD,MGHG,LMP_GHG_PRC,TOME_1_RIODELOROPVGNODE,ALL,1,-13.98,2,5
2022-09-01T12:15:00-00:00,2022-09-01T12:30:00-00:00,2022-09-01,06,TOME_1_RIODELOROPVGNODE,TOME_1_RIODELOROPVGNODE,TOME_1_RIODELOROPVGNODE,RTPD,MGHG,LMP_GHG_PRC,TOME_1_RIODELOROPVGNODE,ALL,1,-14.79,2,5
2022-09-01T13:15:00-00:00,2022-09-01T13:30:00-00:00,2022-09-01,07,TOME_1_RIODELOROPVGNODE,TOME_1_RIODELOROPVGNODE,TOME_1_RIODELOROPVGNODE,RTPD,MGHG,LMP_GHG_PRC,TOME_1_RIODELOROPVGNODE,ALL,1,-15,2,5
2022-09-01T14:15:00-00:00,2022-09-01T14:30:00-00:00,2022-09-01,08,TOME_1_RIODELOROPVGNODE,TOME_1_RIODELOROPVGNODE,TOME_1_RIODELOROPVGNODE,RTPD,MGHG,LMP_GHG_PRC,TOME_1_RIODELOROPVGNODE,ALL,1,-14.22559,2,5
2022-09-01T15:15:00-00:00,2022-09-01T15:30:00-00:00,2022-09-01,09,TOME_1_RIODELOROPVGNODE,TOME_1_RIODELOROPVGNODE,TOME_1_RIODELOROPVGNODE,RTPD,MGHG,LMP_GHG_PRC,TOME_1_RIODELOROPVGNODE,ALL,1,-12.7,2,5
2022-09-01T16:15:00-00:00,2022-09-01T16:30:00-00:00,2022-09-01,10,TOME_1_RIODELOROPVGNODE,TOME_1_RIODELOROPVGNODE,TOME_1_RIODELOROPVGNODE,RTPD,MGHG,LMP_GHG_PRC,TOME_1_RIODELOROPVGNODE,ALL,1,-13.34161,2,5
2022-09-01T17:15:00-00:00,2022-09-01T17:30:00-00:00,2022-09-01,11,TOME_1_RIODELOROPVGNODE,TOME_1_RIODELOROPVGNODE,TOME_1_RIODELOROPVGNODE,RTPD,MGHG,LMP_GHG_PRC,TOME_1_RIODELOROPVGNODE,ALL,1,-11.89,2,5
2022-09-01T18:15:00-00:00,2022-09-01T18:30:00-00:00,2022-09-01,12,TOME_1_RIODELOROPVGNODE,TOME_1_RIODELOROPVGNODE,TOME_1_RIODELOROPVGNODE,RTPD,MGHG,LMP_GHG_PRC,TOME_1_RIODELOROPVGNODE,ALL,1,-14.79,2,5
2022-09-01T19:15:00-00:00,2022-09-01T19:30:00-00:00,2022-09-01,13,TOME_1_RIODELOROPVGNODE,TOME_1_RIODELOROPVGNODE,TOME_1_RIODELOROPVGNODE,RTPD,MGHG,LMP_GHG_PRC,TOME_1_RIODELOROPVGNODE,ALL,1,-14.79,2,5
2022-09-01T20:15:00-00:00,2022-09-01T20:30:00-00:00,2022-09-01,14,TOME_1_RIODELOROPVGNODE,TOME_1_RIODELOROPVGNODE,TOME_1_RIODELOROPVGNODE,RTPD,MGHG,LMP_GHG_PRC,TOME_1_RIODELOROPVGNODE,ALL,1,-18.59,2,5
2022-09-01T21:15:00-00:00,2022-09-01T21:30:00-00:00,2022-09-01,15,TOME_1_RIODELOROPVGNODE,TOME_1_RIODELOROPVGNODE,TOME_1_RIODELOROPVGNODE,RTPD,MGHG,LMP_GHG_PRC,TOME_1_RIODELOROPVGNODE,ALL,1,-15.41,2,5
2022-09-01T22:15:00-00:00,2022-09-01T22:30:00-00:00,2022-09-01,16,TOME_1_RIODELOROPVGNODE,TOME_1_RIODELOROPVGNODE,TOME_1_RIODELOROPVGNODE,RTPD,MGHG,LMP_GHG_PRC,TOME_1_RIODELOROPVGNODE,ALL,1,-19.44814,2,5
2022-09-01T23:15:00-00:00,2022-09-01T23:30:00-00:00,2022-09-01,17,TOME_1_RIODELOROPVGNODE,TOME_1_RIODELOROPVGNODE,TOME_1_RIODELOROPVGNODE,RTPD,MGHG,LMP_GHG_PRC,TOME_1_RIODELOROPVGNODE,ALL,1,-26.16,2,5
2022-09-02T00:15:00-00:00,2022-09-02T00:30:00-00:00,2022-09-01,18,TOME_1_RIODELOROPVGNODE,TOME_1_RIODELOROPVGNODE,TOME_1_RIODELOROPVGNODE,RTPD,MGHG,LMP_GHG_PRC,TOME_1_RIODELOROPVGNODE,ALL,1,-24.91,2,5
2022-09-02T01:15:00-00:00,2022-09-02T01:30:00-00:00,2022-09-01,19,TOME_1_RIODELOROPVGNODE,TOME_1_RIODELOROPVGNODE,TOME_1_RIODELOROPVGNODE,RTPD,MGHG,LMP_GHG_PRC,TOME_1_RIODELOROPVGNODE,ALL,1,-18.59,2,5
2022-09-02T02:15:00-00:00,2022-09-02T02:30:00-00:00,2022-09-01,20,TOME_1_RIODELOROPVGNODE,TOME_1_RIODELOROPVGNODE,TOME_1_RIODELOROPVGNODE,RTPD,MGHG,LMP_GHG_PRC,TOME_1_RIODELOROPVGNODE,ALL,1,-17.16,2,5
2022-09-02T03:15:00-00:00,2022-09-02T03:30:00-00:00,2022-09-01,21,TOME_1_RIODELOROPVGNODE,TOME_1_RIODELOROPVGNODE,TOME_1_RIODELOROPVGNODE,RTPD,MGHG,LMP_GHG_PRC,TOME_1_RIODELOROPVGNODE,ALL,1,-14.79,2,5
2022-09-02T04:15:00-00:00,2022-09-02T04:30:00-00:00,2022-09-01,22,TOME_1_RIODELOROPVGNODE,TOME_1_RIODELOROPVGNODE,TOME_1_RIODELOROPVGNODE,RTPD,MGHG,LMP_GHG_PRC,TOME_1_RIODELOROPVGNODE,ALL,1,-14.79,2,5
2022-09-02T05:15:00-00:00,2022-09-02T05:30:00-00:00,2022-09-01,23,TOME_1_RIODELOROPVGNODE,TOME_1_RIODELOROPVGNODE,TOME_1_RIODELOROPVGNODE,RTPD,MGHG,LMP_GHG_PRC,TOME_1_RIODELOROPVGNODE,ALL,1,-11.89,2,5
2022-09-02T06:15:00-00:00,2022-09-02T06:30:00-00:00,2022-09-01,24,TOME_1_RIODELOROPVGNODE,TOME_1_RIODELOROPVGNODE,TOME_1_RIODELOROPVGNODE,RTPD,MGHG,LMP_GHG_PRC,TOME_1_RIODELOROPVGNODE,ALL,1,-11.13,2,5
2022-09-01T07:30:00-00:00,2022-09-01T07:45:00-00:00,2022-09-01,01,TOME_1_RIODELOROPVGNODE,TOME_1_RIODELOROPVGNODE,TOME_1_RIODELOROPVGNODE,RTPD,MGHG,LMP_GHG_PRC,TOME_1_RIODELOROPVGNODE,ALL,1,-14.46,3,5
2022-09-01T08:30:00-00:00,2022-09-01T08:45:00-00:00,2022-09-01,02,TOME_1_RIODELOROPVGNODE,TOME_1_RIODELOROPVGNODE,TOME_1_RIODELOROPVGNODE,RTPD,MGHG,LMP_GHG_PRC,TOME_1_RIODELOROPVGNODE,ALL,1,-14.79,3,5
2022-09-01T09:30:00-00:00,2022-09-01T09:45:00-00:00,2022-09-01,03,TOME_1_RIODELOROPVGNODE,TOME_1_RIODELOROPVGNODE,TOME_1_RIODELOROPVGNODE,RTPD,MGHG,LMP_GHG_PRC,TOME_1_RIODELOROPVGNODE,ALL,1,-12.97,3,5
2022-09-01T10:30:00-00:00,2022-09-01T10:45:00-00:00,2022-09-01,04,TOME_1_RIODELOROPVGNODE,TOME_1_RIODELOROPVGNODE,TOME_1_RIODELOROPVGNODE,RTPD,MGHG,LMP_GHG_PRC,TOME_1_RIODELOROPVGNODE,ALL,1,-13.98,3,5
2022-09-01T11:30:00-00:00,2022-09-01T11:45:00-00:00,2022-09-01,05,TOME_1_RIODELOROPVGNODE,TOME_1_RIODELOROPVGNODE,TOME_1_RIODELOROPVGNODE,RTPD,MGHG,LMP_GHG_PRC,TOME_1_RIODELOROPVGNODE,ALL,1,-14.53398,3,5
2022-09-01T12:30:00-00:00,2022-09-01T12:45:00-00:00,2022-09-01,06,TOME_1_RIODELOROPVGNODE,TOME_1_RIODELOROPVGNODE,TOME_1_RIODELOROPVGNODE,RTPD,MGHG,LMP_GHG_PRC,TOME_1_RIODELOROPVGNODE,ALL,1,-14.79,3,5
2022-09-01T13:30:00-00:00,2022-09-01T13:45:00-00:00,2022-09-01,07,TOME_1_RIODELOROPVGNODE,TOME_1_RIODELOROPVGNODE,TOME_1_RIODELOROPVGNODE,RTPD,MGHG,LMP_GHG_PRC,TOME_1_RIODELOROPVGNODE,ALL,1,-15.84217,3,5
2022-09-01T14:30:00-00:00,2022-09-01T14:45:00-00:00,2022-09-01,08,TOME_1_RIODELOROPVGNODE,TOME_1_RIODELOROPVGNODE,TOME_1_RIODELOROPVGNODE,RTPD,MGHG,LMP_GHG_PRC,TOME_1_RIODELOROPVGNODE,ALL,1,-12.7,3,5
2022-09-01T15:30:00-00:00,2022-09-01T15:45:00-00:00,2022-09-01,09,TOME_1_RIODELOROPVGNODE,TOME_1_RIODELOROPVGNODE,TOME_1_RIODELOROPVGNODE,RTPD,MGHG,LMP_GHG_PRC,TOME_1_RIODELOROPVGNODE,ALL,1,-12.05,3,5
2022-09-01T16:30:00-00:00,2022-09-01T16:45:00-00:00,2022-09-01,10,TOME_1_RIODELOROPVGNODE,TOME_1_RIODELOROPVGNODE,TOME_1_RIODELOROPVGNODE,RTPD,MGHG,LMP_GHG_PRC,TOME_1_RIODELOROPVGNODE,ALL,1,-11.13,3,5
2022-09-01T17:30:00-00:00,2022-09-01T17:45:00-00:00,2022-09-01,11,TOME_1_RIODELOROPVGNODE,TOME_1_RIODELOROPVGNODE,TOME_1_RIODELOROPVGNODE,RTPD,MGHG,LMP_GHG_PRC,TOME_1_RIODELOROPVGNODE,ALL,1,-11.63,3,5
2022-09-01T18:30:00-00:00,2022-09-01T18:45:00-00:00,2022-09-01,12,TOME_1_RIODELOROPVGNODE,TOME_1_RIODELOROPVGNODE,TOME_1_RIODELOROPVGNODE,RTPD,MGHG,LMP_GHG_PRC,TOME_1_RIODELOROPVGNODE,ALL,1,-14.37982,3,5
2022-09-01T19:30:00-00:00,2022-09-01T19:45:00-00:00,2022-09-01,13,TOME_1_RIODELOROPVGNODE,TOME_1_RIODELOROPVGNODE,TOME_1_RIODELOROPVGNODE,RTPD,MGHG,LMP_GHG_PRC,TOME_1_RIODELOROPVGNODE,ALL,1,-14.79,3,5
2022-09-01T20:30:00-00:00,2022-09-01T20:45:00-00:00,2022-09-01,14,TOME_1_RIODELOROPVGNODE,TOME_1_RIODELOROPVGNODE,TOME_1_RIODELOROPVGNODE,RTPD,MGHG,LMP_GHG_PRC,TOME_1_RIODELOROPVGNODE,ALL,1,-19.37,3,5
2022-09-01T21:30:00-00:00,2022-09-01T21:45:00-00:00,2022-09-01,15,TOME_1_RIODELOROPVGNODE,TOME_1_RIODELOROPVGNODE,TOME_1_RIODELOROPVGNODE,RTPD,MGHG,LMP_GHG_PRC,TOME_1_RIODELOROPVGNODE,ALL,1,-14.79,3,5
2022-09-01T22:30:00-00:00,2022-09-01T22:45:00-00:00,2022-09-01,16,TOME_1_RIODELOROPVGNODE,TOME_1_RIODELOROPVGNODE,TOME_1_RIODELOROPVGNODE,RTPD,MGHG,LMP_GHG_PRC,TOME_1_RIODELOROPVGNODE,ALL,1,-17.77,3,5
2022-09-01T23:30:00-00:00,2022-09-01T23:45:00-00:00,2022-09-01,17,TOME_1_RIODELOROPVGNODE,TOME_1_RIODELOROPVGNODE,TOME_1_RIODELOROPVGNODE,RTPD,MGHG,LMP_GHG_PRC,TOME_1_RIODELOROPVGNODE,ALL,1,-26.16,3,5
2022-09-02T00:30:00-00:00,2022-09-02T00:45:00-00:00,2022-09-01,18,TOME_1_RIODELOROPVGNODE,TOME_1_RIODELOROPVGNODE,TOME_1_RIODELOROPVGNODE,RTPD,MGHG,LMP_GHG_PRC,TOME_1_RIODELOROPVGNODE,ALL,1,-29.51,3,5
2022-09-02T01:30:00-00:00,2022-09-02T01:45:00-00:00,2022-09-01,19,TOME_1_RIODELOROPVGNODE,TOME_1_RIODELOROPVGNODE,TOME_1_RIODELOROPVGNODE,RTPD,MGHG,LMP_GHG_PRC,TOME_1_RIODELOROPVGNODE,ALL,1,-18.59,3,5
2022-09-02T02:30:00-00:00,2022-09-02T02:45:00-00:00,2022-09-01,20,TOME_1_RIODELOROPVGNODE,TOME_1_RIODELOROPVGNODE,TOME_1_RIODELOROPVGNODE,RTPD,MGHG,LMP_GHG_PRC,TOME_1_RIODELOROPVGNODE,ALL,1,-25.88,3,5
2022-09-02T03:30:00-00:00,2022-09-02T03:45:00-00:00,2022-09-01,21,TOME_1_RIODELOROPVGNODE,TOME_1_RIODELOROPVGNODE,TOME_1_RIODELOROPVGNODE,RTPD,MGHG,LMP_GHG_PRC,TOME_1_RIODELOROPVGNODE,ALL,1,-14.79,3,5
2022-09-02T04:30:00-00:00,2022-09-02T04:45:00-00:00,2022-09-01,22,TOME_1_RIODELOROPVGNODE,TOME_1_RIODELOROPVGNODE,TOME_1_RIODELOROPVGNODE,RTPD,MGHG,LMP_GHG_PRC,TOME_1_RIODELOROPVGNODE,ALL,1,-15.61,3,5
2022-09-02T05:30:00-00:00,2022-09-02T05:45:00-00:00,2022-09-01,23,TOME_1_RIODELOROPVGNODE,TOME_1_RIODELOROPVGNODE,TOME_1_RIODELOROPVGNODE,RTPD,MGHG,LMP_GHG_PRC,TOME_1_RIODELOROPVGNODE,ALL,1,-14.79,3,5
2022-09-02T06:30:00-00:00,2022-09-02T06:45:00-00:00,2022-09-01,24,TOME_1_RIODELOROPVGNODE,TOME_1_RIODELOROPVGNODE,TOME_1_RIODELOROPVGNODE,RTPD,MGHG,LMP_GHG_PRC,TOME_1_RIODELOROPVGNODE,ALL,1,-14.79,3,5
2022-09-01T07:45:00-00:00,2022-09-01T08:00:00-00:00,2022-09-01,01,TOME_1_RIODELOROPVGNODE,TOME_1_RIODELOROPVGNODE,TOME_1_RIODELOROPVGNODE,RTPD,MGHG,LMP_GHG_PRC,TOME_1_RIODELOROPVGNODE,ALL,1,-14,4,5
2022-09-01T08:45:00-00:00,2022-09-01T09:00:00-00:00,2022-09-01,02,TOME_1_RIODELOROPVGNODE,TOME_1_RIODELOROPVGNODE,TOME_1_RIODELOROPVGNODE,RTPD,MGHG,LMP_GHG_PRC,TOME_1_RIODELOROPVGNODE,ALL,1,-14.79,4,5
2022-09-01T09:45:00-00:00,2022-09-01T10:00:00-00:00,2022-09-01,03,TOME_1_RIODELOROPVGNODE,TOME_1_RIODELOROPVGNODE,TOME_1_RIODELOROPVGNODE,RTPD,MGHG,LMP_GHG_PRC,TOME_1_RIODELOROPVGNODE,ALL,1,-12.97,4,5
2022-09-01T10:45:00-00:00,2022-09-01T11:00:00-00:00,2022-09-01,04,TOME_1_RIODELOROPVGNODE,TOME_1_RIODELOROPVGNODE,TOME_1_RIODELOROPVGNODE,RTPD,MGHG,LMP_GHG_PRC,TOME_1_RIODELOROPVGNODE,ALL,1,-13.55,4,5
2022-09-01T11:45:00-00:00,2022-09-01T12:00:00-00:00,2022-09-01,05,TOME_1_RIODELOROPVGNODE,TOME_1_RIODELOROPVGNODE,TOME_1_RIODELOROPVGNODE,RTPD,MGHG,LMP_GHG_PRC,TOME_1_RIODELOROPVGNODE,ALL,1,-14.79,4,5
2022-09-01T12:45:00-00:00,2022-09-01T13:00:00-00:00,2022-09-01,06,TOME_1_RIODELOROPVGNODE,TOME_1_RIODELOROPVGNODE,TOME_1_RIODELOROPVGNODE,RTPD,MGHG,LMP_GHG_PRC,TOME_1_RIODELOROPVGNODE,ALL,1,-14.79,4,5
2022-09-01T13:45:00-00:00,2022-09-01T14:00:00-00:00,2022-09-01,07,TOME_1_RIODELOROPVGNODE,TOME_1_RIODELOROPVGNODE,TOME_1_RIODELOROPVGNODE,RTPD,MGHG,LMP_GHG_PRC,TOME_1_RIODELOROPVGNODE,ALL,1,-14.79,4,5
2022-09-01T14:45:00-00:00,2022-09-01T15:00:00-00:00,2022-09-01,08,TOME_1_RIODELOROPVGNODE,TOME_1_RIODELOROPVGNODE,TOME_1_RIODELOROPVGNODE,RTPD,MGHG,LMP_GHG_PRC,TOME_1_RIODELOROPVGNODE,ALL,1,-8.84,4,5
2022-09-01T15:45:00-00:00,2022-09-01T16:00:00-00:00,2022-09-01,09,TOME_1_RIODELOROPVGNODE,TOME_1_RIODELOROPVGNODE,TOME_1_RIODELOROPVGNODE,RTPD,MGHG,LMP_GHG_PRC,TOME_1_RIODELOROPVGNODE,ALL,1,-12.05,4,5
2022-09-01T16:45:00-00:00,2022-09-01T17:00:00-00:00,2022-09-01,10,TOME_1_RIODELOROPVGNODE,TOME_1_RIODELOROPVGNODE,TOME_1_RIODELOROPVGNODE,RTPD,MGHG,LMP_GHG_PRC,TOME_1_RIODELOROPVGNODE,ALL,1,-10.94,4,5
2022-09-01T17:45:00-00:00,2022-09-01T18:00:00-00:00,2022-09-01,11,TOME_1_RIODELOROPVGNODE,TOME_1_RIODELOROPVGNODE,TOME_1_RIODELOROPVGNODE,RTPD,MGHG,LMP_GHG_PRC,TOME_1_RIODELOROPVGNODE,ALL,1,-12.32178,4,5
2022-09-01T18:45:00-00:00,2022-09-01T19:00:00-00:00,2022-09-01,12,TOME_1_RIODELOROPVGNODE,TOME_1_RIODELOROPVGNODE,TOME_1_RIODELOROPVGNODE,RTPD,MGHG,LMP_GHG_PRC,TOME_1_RIODELOROPVGNODE,ALL,1,-13.98,4,5
2022-09-01T19:45:00-00:00,2022-09-01T20:00:00-00:00,2022-09-01,13,TOME_1_RIODELOROPVGNODE,TOME_1_RIODELOROPVGNODE,TOME_1_RIODELOROPVGNODE,RTPD,MGHG,LMP_GHG_PRC,TOME_1_RIODELOROPVGNODE,ALL,1,-15.37,4,5
2022-09-01T20:45:00-00:00,2022-09-01T21:00:00-00:00,2022-09-01,14,TOME_1_RIODELOROPVGNODE,TOME_1_RIODELOROPVGNODE,TOME_1_RIODELOROPVGNODE,RTPD,MGHG,LMP_GHG_PRC,TOME_1_RIODELOROPVGNODE,ALL,1,-15.61,4,5
2022-09-01T21:45:00-00:00,2022-09-01T22:00:00-00:00,2022-09-01,15,TOME_1_RIODELOROPVGNODE,TOME_1_RIODELOROPVGNODE,TOME_1_RIODELOROPVGNODE,RTPD,MGHG,LMP_GHG_PRC,TOME_1_RIODELOROPVGNODE,ALL,1,-14.79,4,5
2022-09-01T22:45:00-00:00,2022-09-01T23:00:00-00:00,2022-09-01,16,TOME_1_RIODELOROPVGNODE,TOME_1_RIODELOROPVGNODE,TOME_1_RIODELOROPVGNODE,RTPD,MGHG,LMP_GHG_PRC,TOME_1_RIODELOROPVGNODE,ALL,1,-17.16,4,5
2022-09-01T23:45:00-00:00,2022-09-02T00:00:00-00:00,2022-09-01,17,TOME_1_RIODELOROPVGNODE,TOME_1_RIODELOROPVGNODE,TOME_1_RIODELOROPVGNODE,RTPD,MGHG,LMP_GHG_PRC,TOME_1_RIODELOROPVGNODE,ALL,1,-28.33,4,5
2022-09-02T00:45:00-00:00,2022-09-02T01:00:00-00:00,2022-09-01,18,TOME_1_RIODELOROPVGNODE,TOME_1_RIODELOROPVGNODE,TOME_1_RIODELOROPVGNODE,RTPD,MGHG,LMP_GHG_PRC,TOME_1_RIODELOROPVGNODE,ALL,1,-29.51,4,5
2022-09-02T01:45:00-00:00,2022-09-02T02:00:00-00:00,2022-09-01,19,TOME_1_RIODELOROPVGNODE,TOME_1_RIODELOROPVGNODE,TOME_1_RIODELOROPVGNODE,RTPD,MGHG,LMP_GHG_PRC,TOME_1_RIODELOROPVGNODE,ALL,1,-15.61,4,5
2022-09-02T02:45:00-00:00,2022-09-02T03:00:00-00:00,2022-09-01,20,TOME_1_RIODELOROPVGNODE,TOME_1_RIODELOROPVGNODE,TOME_1_RIODELOROPVGNODE,RTPD,MGHG,LMP_GHG_PRC,TOME_1_RIODELOROPVGNODE,ALL,1,-30.58,4,5
2022-09-02T03:45:00-00:00,2022-09-02T04:00:00-00:00,2022-09-01,21,TOME_1_RIODELOROPVGNODE,TOME_1_RIODELOROPVGNODE,TOME_1_RIODELOROPVGNODE,RTPD,MGHG,LMP_GHG_PRC,TOME_1_RIODELOROPVGNODE,ALL,1,-16.46,4,5
2022-09-02T04:45:00-00:00,2022-09-02T05:00:00-00:00,2022-09-01,22,TOME_1_RIODELOROPVGNODE,TOME_1_RIODELOROPVGNODE,TOME_1_RIODELOROPVGNODE,RTPD,MGHG,LMP_GHG_PRC,TOME_1_RIODELOROPVGNODE,ALL,1,-15.61,4,5
2022-09-02T05:45:00-00:00,2022-09-02T06:00:00-00:00,2022-09-01,23,TOME_1_RIODELOROPVGNODE,TOME_1_RIODELOROPVGNODE,TOME_1_RIODELOROPVGNODE,RTPD,MGHG,LMP_GHG_PRC,TOME_1_RIODELOROPVGNODE,ALL,1,-14.79,4,5
2022-09-02T06:45:00-00:00,2022-09-02T07:00:00-00:00,2022-09-01,24,TOME_1_RIODELOROPVGNODE,TOME_1_RIODELOROPVGNODE,TOME_1_RIODELOROPVGNODE,RTPD,MGHG,LMP_GHG_PRC,TOME_1_RIODELOROPVGNODE,ALL,1,-15,4,5
