INTERVALSTARTTIME_GMT,INTERVALENDTIME_GMT,OPR_DT,OPR_HR,NODE_ID_XML,NODE_ID,NODE,MARKET_RUN_ID,LMP_TYPE,XML_DATA_ITEM,PNODE_RESMRID,GRP_TYPE,POS,PRC,OPR_INTERVAL,GROUP
2022-09-01T07:00:00-00:00,2022-09-01T07:15:00-00:00,2022-09-01,01,ATWATER_1_N001,ATWATER_1_N001,ATWATER_1_N001,RTPD,LMP,LMP_PRC,ATWATER_1_N001,ALL,1,83.58242,1,1
2022-09-01T08:00:00-00:00,2022-09-01T08:15:00-00:00,2022-09-01,02,ATWATER_1_N001,ATWATER_1_N001,ATWATER_1_N001,RTPD,LMP,LMP_PRC,ATWATER_1_N001,ALL,1,111.79448,1,1
2022-09-01T09:00:00-00:00,2022-09-01T09:15:00-00:00,2022-09-01,03,ATWATER_1_N001,ATWATER_1_N001,ATWATER_1_N001,RTPD,LMP,LMP_PRC,ATWATER_1_N001,ALL,1,105.72048,1,1
2022-09-01T10:00:00-00:00,2022-09-01T10:15:00-00:00,2022-09-01,04,ATWATER_1_N001,ATWATER_1_N001,ATWATER_1_N001,RTPD,LMP,LMP_PRC,ATWATER_1_N001,ALL,1,104.59575,1,1
2022-09-01T11:00:00-00:00,2022-09-01T11:15:00-00:00,2022-09-01,05,ATWATER_1_N001,ATWATER_1_N001,ATWATER_1_N001,RTPD,LMP,LMP_PRC,ATWATER_1_N001,ALL,1,114.24089,1,1
2022-09-01T12:00:00-00:00,2022-09-01T12:15:00-00:00,2022-09-01,06,ATWATER_1_N001,ATWATER_1_N001,ATWATER_1_N001,RTPD,LMP,LMP_PRC,ATWATER_1_N001,ALL,1,96.63544,1,1
2022-09-01T13:00:00-00:00,2022-09-01T13:15:00-00:00,2022-09-01,07,ATWATER_1_N001,ATWATER_1_N001,ATWATER_1_N001,RTPD,LMP,LMP_PRC,ATWATER_1_N001,ALL,1,86.96478,1,1
2022-09-01T14:00:00-00:00,2022-09-01T14:15:00-00:00,2022-09-01,08,ATWATER_1_N001,ATWATER_1_N001,ATWATER_1_N001,RTPD,LMP,LMP_PRC,ATWATER_1_N001,ALL,1,121.96785,1,1
2022-09-01T15:00:00-00:00,2022-09-01T15:15:00-00:00,2022-09-01,09,ATWATER_1_N001,ATWATER_1_N001,ATWATER_1_N001,RTPD,LMP,LMP_PRC,ATWATER_1_N001,ALL,1,97.4112,1,1
2022-09-01T16:00:00-00:00,2022-09-01T16:15:00-00:00,2022-09-01,10,ATWATER_1_N001,ATWATER_1_N001,ATWATER_1_N001,RTPD,LMP,LMP_PRC,ATWATER_1_N001,ALL,1,83.43525,1,1
2022-09-01T17:00:00-00:00,2022-09-01T17:15:00-00:00,2022-09-01,11,ATWATER_1_N001,ATWATER_1_N001,ATWATER_1_N001,RTPD,LMP,LMP_PRC,ATWATER_1_N001,ALL,1,78.76388,1,1
2022-09-01T18:00:00-00:00,2022-09-01T18:15:00-00:00,2022-09-01,12,ATWATER_1_N001,ATWATER_1_N001,ATWATER_1_N001,RTPD,LMP,LMP_PRC,ATWATER_1_N001,ALL,1,56.34792,1,1
2022-09-01T19:00:00-00:00,2022-09-01T19:15:00-00:00,2022-09-01,13,ATWATER_1_N001,ATWATER_1_N001,ATWATER_1_N001,RTPD,LMP,LMP_PRC,ATWATER_1_N001,ALL,1,70.13379,1,1
2022-09-01T20:00:00-00:00,2022-09-01T20:15:00-00:00,2022-09-01,14,ATWATER_1_N001,ATWATER_1_N001,ATWATER_1_N001,RTPD,LMP,LMP_PRC,ATWATER_1_N001,ALL,1,114.10302,1,1
2022-09-01T21:00:00-00:00,2022-09-01T21:15:00-00:00,2022-09-01,15,ATWATER_1_N001,ATWATER_1_N001,ATWATER_1_N001,RTPD,LMP,LMP_PRC,ATWATER_1_N001,ALL,1,119.3842,1,1
2022-09-01T22:00:00-00:00,2022-09-01T22:15:00-00:00,2022-09-01,16,ATWATER_1_N001,ATWATER_1_N001,ATWATER_1_N001,RTPD,LMP,LMP_PRC,ATWATER_1_N001,ALL,1,112.60318,1,1
2022-09-01T23:00:00-00:00,2022-09-01T23:15:00-00:00,2022-09-01,17,ATWATER_1_N001,ATWATER_1_N001,ATWATER_1_N001,RTPD,LMP,LMP_PRC,ATWATER_1_N001,ALL,1,199.80775,1,1
2022-09-02T00:00:00-00:00,2022-09-02T00:15:00-00:00,2022-09-01,18,ATWATER_1_N001,ATWATER_1_N001,ATWATER_1_N001,RTPD,LMP,LMP_PRC,ATWATER_1_N001,ALL,1,1143.904,1,1
2022-09-02T01:00:00-00:00,2022-09-02T01:15:00-00:00,2022-09-01,19,ATWATER_1_N001,ATWATER_1_N001,ATWATER_1_N001,RTPD,LMP,LMP_PRC,ATWATER_1_N001,ALL,1,1218.1371,1,1
2022-09-02T02:00:00-00:00,2022-09-02T02:15:00-00:00,2022-09-01,20,ATWATER_1_N001,ATWATER_1_N001,ATWATER_1_N001,RTPD,LMP,LMP_PRC,ATWATER_1_N001,ALL,1,1991.6721,1,1
2022-09-02T03:00:00-00:00,2022-09-02T03:15:00-00:00,2022-09-01,21,ATWATER_1_N001,ATWATER_1_N001,ATWATER_1_N001,RTPD,LMP,LMP_PRC,ATWATER_1_N001,ALL,1,1453.6235,1,1
2022-09-02T04:00:00-00:00,2022-09-02T04:15:00-00:00,2022-09-01,22,ATWATER_1_N001,ATWATER_1_N001,ATWATER_1_N001,RTPD,LMP,LMP_PRC,ATWATER_1_N001,ALL,1,1284.8185,1,1
2022-09-02T05:00:00-00:00,2022-09-02T05:15:00-00:00,2022-09-01,23,ATWATER_1_N001,ATWATER_1_N001,ATWATER_1_N001,RTPD,LMP,LMP_PRC,ATWATER_1_N001,ALL,1,209.02937,1,1
2022-09-02T06:00:00-00:00,2022-09-02T06:15:00-00:00,2022-09-01,24,ATWATER_1_N001,ATWATER_1_N001,ATWATER_1_N001,RTPD,LMP,LMP_PRC,ATWATER_1_N001,ALL,1,308.5904,1,1
2022-09-01T07:15:00-00:00,2022-09-01T07:30:00-00:00,2022-09-01,01,ATWATER_1_N001,ATWATER_1_N001,ATWATER_1_N001,RTPD,LMP,LMP_PRC,ATWATER_1_N001,ALL,1,114.30351,2,1
2022-09-01T08:15:00-00:00,2022-09-01T08:30:00-00:00,2022-09-01,02,ATWATER_1_N001,ATWATER_1_N001,ATWATER_1_N001,RTPD,LMP,LMP_PRC,ATWATER_1_N001,ALL,1,114.50689,2,1
2022-09-01T09:15:00-00:00,2022-09-01T09:30:00-00:00,2022-09-01,03,ATWATER_1_N001,ATWATER_1_N001,ATWATER_1_N001,RTPD,LMP,LMP_PRC,ATWATER_1_N001,ALL,1,102.2723,2,1
2022-09-01T10:15:00-00:00,2022-09-01T10:30:00-00:00,2022-09-01,04,ATWATER_1_N001,ATWATER_1_N001,ATWATER_1_N001,RTPD,LMP,LMP_PRC,ATWATER_1_N001,ALL,1,101.16668,2,1
2022-09-01T11:15:00-00:00,2022-09-01T11:30:00-00:00,2022-09-01,05,ATWATER_1_N001,ATWATER_1_N001,ATWATER_1_N001,RTPD,LMP,LMP_PRC,ATWATER_1_N001,ALL,1,114.75014,2,1
2022-09-01T12:15:00-00:00,2022-09-01T12:30:00-00:00,2022-09-01,06,ATWATER_1_N001,ATWATER_1_N001,ATWATER_1_N001,RTPD,LMP,LMP_PRC,ATWATER_1_N001,ALL,1,115.62643,2,1
2022-09-01T13:15:00-00:00,2022-09-01T13:30:00-00:00,2022-09-01,07,ATWATER_1_N001,ATWATER_1_N001,ATWATER_1_N001,RTPD,LMP,LMP_PRC,ATWATER_1_N001,ALL,1,121.43909,2,1
2022-09-01T14:15:00-00:00,2022-09-01T14:30:00-00:00,2022-09-01,08,ATWATER_1_N001,ATWATER_1_N001,ATWATER_1_N001,RTPD,LMP,LMP_PRC,ATWATER_1_N001,ALL,1,114.01921,2,1
2022-09-01T15:15:00-00:00,2022-09-01T15:30:00-00:00,2022-09-01,09,ATWATER_1_N001,ATWATER_1_N001,ATWATER_1_N001,RTPD,LMP,LMP_PRC,ATWATER_1_N001,ALL,1,86.9388,2,1
2022-09-01T16:15:00-00:00,2022-09-01T16:30:00-00:00,2022-09-01,10,ATWATER_1_N001,ATWATER_1_N001,ATWATER_1_N001,RTPD,LMP,LMP_PRC,ATWATER_1_N001,ALL,1,87.65531,2,1
2022-09-01T17:15:00-00:00,2022-09-01T17:30:00-00:00,2022-09-01,11,ATWATER_1_N001,ATWATER_1_N001,ATWATER_1_N001,RTPD,LMP,LMP_PRC,ATWATER_1_N001,ALL,1,77.20845,2,1
2022-09-01T18:15:00-00:00,2022-09-01T18:30:00-00:00,2022-09-01,12,ATWATER_1_N001,ATWATER_1_N001,ATWATER_1_N001,RTPD,LMP,LMP_PRC,ATWATER_1_N001,ALL,1,72.3182,2,1
2022-09-01T19:15:00-00:00,2022-09-01T19:30:00-00:00,2022-09-01,13,ATWATER_1_N001,ATWATER_1_N001,ATWATER_1_N001,RTPD,LMP,LMP_PRC,ATWATER_1_N001,ALL,1,73.1389,2,1
2022-09-01T20:15:00-00:00,2022-09-01T20:30:00-00:00,2022-09-01,14,ATWATER_1_N001,ATWATER_1_N001,ATWATER_1_N001,RTPD,LMP,LMP_PRC,ATWATER_1_N001,ALL,1,114.06912,2,1
2022-09-01T21:15:00-00:00,2022-09-01T21:30:00-00:00,2022-09-01,15,ATWATER_1_N001,ATWATER_1_N001,ATWATER_1_N001,RTPD,LMP,LMP_PRC,ATWATER_1_N001,ALL,1,118.23212,2,1
2022-09-01T22:15:00-00:00,2022-09-01T22:30:00-00:00,2022-09-01,16,ATWATER_1_N001,ATWATER_1_N001,ATWATER_1_N001,RTPD,LMP,LMP_PRC,ATWATER_1_N001,ALL,1,129.16324,2,1
2022-09-01T23:15:00-00:00,2022-09-01T23:30:00-00:00,2022-09-01,17,ATWATER_1_N001,ATWATER_1_N001,ATWATER_1_N001,RTPD,LMP,LMP_PRC,ATWATER_1_N001,ALL,1,251.19147,2,1
2022-09-02T00:15:00-00:00,2022-09-02T00:30:00-00:00,2022-09-01,18,ATWATER_1_N001,ATWATER_1_N001,ATWATER_1_N001,RTPD,LMP,LMP_PRC,ATWATER_1_N001,ALL,1,1051.0654,2,1
2022-09-02T01:15:00-00:00,2022-09-02T01:30:00-00:00,2022-09-01,19,ATWATER_1_N001,ATWATER_1_N001,ATWATER_1_N001,RTPD,LMP,LMP_PRC,ATWATER_1_N001,ALL,1,1999.9933,2,1
2022-09-02T02:15:00-00:00,2022-09-02T02:30:00-00:00,2022-09-01,20,ATWATER_1_N001,ATWATER_1_N001,ATWATER_1_N001,RTPD,LMP,LMP_PRC,ATWATER_1_N001,ALL,1,1991.6721,2,1
2022-09-02T03:15:00-00:00,2022-09-02T03:30:00-00:00,2022-09-01,21,ATWATER_1_N001,ATWATER_1_N001,ATWATER_1_N001,RTPD,LMP,LMP_PRC,ATWATER_1_N001,ALL,1,600.7344,2,1
2022-09-02T04:15:00-00:00,2022-09-02T04:30:00-00:00,2022-09-01,22,ATWATER_1_N001,ATWATER_1_N001,ATWATER_1_N001,RTPD,LMP,LMP_PRC,ATWATER_1_N001,ALL,1,1157.9882,2,1
2022-09-02T05:15:00-00:00,2022-09-02T05:30:00-00:00,2022-09-01,23,ATWATER_1_N001,ATWATER_1_N001,ATWATER_1_N001,RTPD,LMP,LMP_PRC,ATWATER_1_N001,ALL,1,181.2849,2,1
2022-09-02T06:15:00-00:00,2022-09-02T06:30:00-00:00,2022-09-01,24,ATWATER_1_N001,ATWATER_1_N001,ATWATER_1_N001,RTPD,LMP,LMP_PRC,ATWATER_1_N001,ALL,1,159.09914,2,1
2022-09-01T07:30:00-00:00,2022-09-01T07:45:00-00:00,2022-09-01,01,ATWATER_1_N001,ATWATER_1_N001,ATWATER_1_N001,RTPD,LMP,LMP_PRC,ATWATER_1_N001,ALL,1,100.88224,3,1
2022-09-01T08:30:00-00:00,2022-09-01T08:45:00-00:00,2022-09-01,02,ATWATER_1_N001,ATWATER_1_N001,ATWATER_1_N001,RTPD,LMP,LMP_PRC,ATWATER_1_N001,ALL,1,123.43381,3,1
2022-09-01T09:30:00-00:00,2022-09-01T09:45:00-00:00,2022-09-01,03,ATWATER_1_N001,ATWATER_1_N001,ATWATER_1_N001,RTPD,LMP,LMP_PRC,ATWATER_1_N001,ALL,1,101.97669,3,1
2022-09-01T10:30:00-00:00,2022-09-01T10:45:00-00:00,2022-09-01,04,ATWATER_1_N001,ATWATER_1_N001,ATWATER_1_N001,RTPD,LMP,LMP_PRC,ATWATER_1_N001,ALL,1,102.95521,3,1
2022-09-01T11:30:00-00:00,2022-09-01T11:45:00-00:00,2022-09-01,05,ATWATER_1_N001,ATWATER_1_N001,ATWATER_1_N001,RTPD,LMP,LMP_PRC,ATWATER_1_N001,ALL,1,114.89349,3,1
2022-09-01T12:30:00-00:00,2022-09-01T12:45:00-00:00,2022-09-01,06,ATWATER_1_N001,ATWATER_1_N001,ATWATER_1_N001,RTPD,LMP,LMP_PRC,ATWATER_1_N001,ALL,1,114.52001,3,1
2022-09-01T13:30:00-00:00,2022-09-01T13:45:00-00:00,2022-09-01,07,ATWATER_1_N001,ATWATER_1_N001,ATWATER_1_N001,RTPD,LMP,LMP_PRC,ATWATER_1_N001,ALL,1,122.8061,3,1
2022-09-01T14:30:00-00:00,2022-09-01T14:45:00-00:00,2022-09-01,08,ATWATER_1_N001,ATWATER_1_N001,ATWATER_1_N001,RTPD,LMP,LMP_PRC,ATWATER_1_N001,ALL,1,110.24579,3,1
2022-09-01T15:30:00-00:00,2022-09-01T15:45:00-00:00,2022-09-01,09,ATWATER_1_N001,ATWATER_1_N001,ATWATER_1_N001,RTPD,LMP,LMP_PRC,ATWATER_1_N001,ALL,1,86.1388,3,1
2022-09-01T16:30:00-00:00,2022-09-01T16:45:00-00:00,2022-09-01,10,ATWATER_1_N001,ATWATER_1_N001,ATWATER_1_N001,RTPD,LMP,LMP_PRC,ATWATER_1_N001,ALL,1,73.86411,3,1
2022-09-01T17:30:00-00:00,2022-09-01T17:45:00-00:00,2022-09-01,11,ATWATER_1_N001,ATWATER_1_N001,ATWATER_1_N001,RTPD,LMP,LMP_PRC,ATWATER_1_N001,ALL,1,76.92019,3,1
2022-09-01T18:30:00-00:00,2022-09-01T18:45:00-00:00,2022-09-01,12,ATWATER_1_N001,ATWATER_1_N001,ATWATER_1_N001,RTPD,LMP,LMP_PRC,ATWATER_1_N001,ALL,1,76.99472,3,1
2022-09-01T19:30:00-00:00,2022-09-01T19:45:00-00:00,2022-09-01,13,ATWATER_1_N001,ATWATER_1_N001,ATWATER_1_N001,RTPD,LMP,LMP_PRC,ATWATER_1_N001,ALL,1,100.23826,3,1
2022-09-01T20:30:00-00:00,2022-09-01T20:45:00-00:00,2022-09-01,14,ATWATER_1_N001,ATWATER_1_N001,ATWATER_1_N001,RTPD,LMP,LMP_PRC,ATWATER_1_N001,ALL,1,115.99649,3,1
2022-09-01T21:30:00-00:00,2022-09-01T21:45:00-00:00,2022-09-01,15,ATWATER_1_N001,ATWATER_1_N001,ATWATER_1_N001,RTPD,LMP,LMP_PRC,ATWATER_1_N001,ALL,1,126.30842,3,1
2022-09-01T22:30:00-00:00,2022-09-01T22:45:00-00:00,2022-09-01,16,ATWATER_1_N001,ATWATER_1_N001,ATWATER_1_N001,RTPD,LMP,LMP_PRC,ATWATER_1_N001,ALL,1,146.16948,3,1
2022-09-01T23:30:00-00:00,2022-09-01T23:45:00-00:00,2022-09-01,17,ATWATER_1_N001,ATWATER_1_N001,ATWATER_1_N001,RTPD,LMP,LMP_PRC,ATWATER_1_N001,ALL,1,566.48157,3,1
2022-09-02T00:30:00-00:00,2022-09-02T00:45:00-00:00,2022-09-01,18,ATWATER_1_N001,ATWATER_1_N001,ATWATER_1_N001,RTPD,LMP,LMP_PRC,ATWATER_1_N001,ALL,1,1748.6013,3,1
2022-09-02T01:30:00-00:00,2022-09-02T01:45:00-00:00,2022-09-01,19,ATWATER_1_N001,ATWATER_1_N001,ATWATER_1_N001,RTPD,LMP,LMP_PRC,ATWATER_1_N001,ALL,1,1999.9956,3,1
2022-09-02T02:30:00-00:00,2022-09-02T02:45:00-00:00,2022-09-01,20,ATWATER_1_N001,ATWATER_1_N001,ATWATER_1_N001,RTPD,LMP,LMP_PRC,ATWATER_1_N001,ALL,1,1991.671,3,1
2022-09-02T03:30:00-00:00,2022-09-02T03:45:00-00:00,2022-09-01,21,ATWATER_1_N001,ATWATER_1_N001,ATWATER_1_N001,RTPD,LMP,LMP_PRC,ATWATER_1_N001,ALL,1,247.1824,3,1
2022-09-02T04:30:00-00:00,2022-09-02T04:45:00-00:00,2022-09-01,22,ATWATER_1_N001,ATWATER_1_N001,ATWATER_1_N001,RTPD,LMP,LMP_PRC,ATWATER_1_N001,ALL,1,690.0788,3,1
2022-09-02T05:30:00-00:00,2022-09-02T05:45:00-00:00,2022-09-01,23,ATWATER_1_N001,ATWATER_1_N001,ATWATER_1_N001,RTPD,LMP,LMP_PRC,ATWATER_1_N001,ALL,1,151.92818,3,1
2022-09-02T06:30:00-00:00,2022-09-02T06:45:00-00:00,2022-09-01,24,ATWATER_1_N001,ATWATER_1_N001,ATWATER_1_N001,RTPD,LMP,LMP_PRC,ATWATER_1_N001,ALL,1,143.92381,3,1
2022-09-01T07:45:00-00:00,2022-09-01T08:00:00-00:00,2022-09-01,01,ATWATER_1_N001,ATWATER_1_N001,ATWATER_1_N001,RTPD,LMP,LMP_PRC,ATWATER_1_N001,ALL,1,88.43322,4,1
2022-09-01T08:45:00-00:00,2022-09-01T09:00:00-00:00,2022-09-01,02,ATWATER_1_N001,ATWATER_1_N001,ATWATER_1_N001,RTPD,LMP,LMP_PRC,ATWATER_1_N001,ALL,1,103.81583,4,1
2022-09-01T09:45:00-00:00,2022-09-01T10:00:00-00:00,2022-09-01,03,ATWATER_1_N001,ATWATER_1_N001,ATWATER_1_N001,RTPD,LMP,LMP_PRC,ATWATER_1_N001,ALL,1,101.58405,4,1
2022-09-01T10:45:00-00:00,2022-09-01T11:00:00-00:00,2022-09-01,04,ATWATER_1_N001,ATWATER_1_N001,ATWATER_1_N001,RTPD,LMP,LMP_PRC,ATWATER_1_N001,ALL,1,102.87919,4,1
2022-09-01T11:45:00-00:00,2022-09-01T12:00:00-00:00,2022-09-01,05,ATWATER_1_N001,ATWATER_1_N001,ATWATER_1_N001,RTPD,LMP,LMP_PRC,ATWATER_1_N001,ALL,1,107.01,4,1
2022-09-01T12:45:00-00:00,2022-09-01T13:00:00-00:00,2022-09-01,06,ATWATER_1_N001,ATWATER_1_N001,ATWATER_1_N001,RTPD,LMP,LMP_PRC,ATWATER_1_N001,ALL,1,113.83795,4,1
2022-09-01T13:45:00-00:00,2022-09-01T14:00:00-00:00,2022-09-01,07,ATWATER_1_N001,ATWATER_1_N001,ATWATER_1_N001,RTPD,LMP,LMP_PRC,ATWATER_1_N001,ALL,1,111.41,4,1
2022-09-01T14:45:00-00:00,2022-09-01T15:00:00-00:00,2022-09-01,08,ATWATER_1_N001,ATWATER_1_N001,ATWATER_1_N001,RTPD,LMP,LMP_PRC,ATWATER_1_N001,ALL,1,86.1388,4,1
2022-09-01T15:45:00-00:00,2022-09-01T16:00:00-00:00,2022-09-01,09,ATWATER_1_N001,ATWATER_1_N001,ATWATER_1_N001,RTPD,LMP,LMP_PRC,ATWATER_1_N001,ALL,1,78.70076,4,1
2022-09-01T16:45:00-00:00,2022-09-01T17:00:00-00:00,2022-09-01,10,ATWATER_1_N001,ATWATER_1_N001,ATWATER_1_N001,RTPD,LMP,LMP_PRC,ATWATER_1_N001,ALL,1,77.7333,4,1
2022-09-01T17:45:00-00:00,2022-09-01T18:00:00-00:00,2022-09-01,11,ATWATER_1_N001,ATWATER_1_N001,ATWATER_1_N001,RTPD,LMP,LMP_PRC,ATWATER_1_N001,ALL,1,77.22917,4,1
2022-09-01T18:45:00-00:00,2022-09-01T19:00:00-00:00,2022-09-01,12,ATWATER_1_N001,ATWATER_1_N001,ATWATER_1_N001,RTPD,LMP,LMP_PRC,ATWATER_1_N001,ALL,1,79.09326,4,1
2022-09-01T19:45:00-00:00,2022-09-01T20:00:00-00:00,2022-09-01,13,ATWATER_1_N001,ATWATER_1_N001,ATWATER_1_N001,RTPD,LMP,LMP_PRC,ATWATER_1_N001,ALL,1,105.30381,4,1
2022-09-01T20:45:00-00:00,2022-09-01T21:00:00-00:00,2022-09-01,14,ATWATER_1_N001,ATWATER_1_N001,ATWATER_1_N001,RTPD,LMP,LMP_PRC,ATWATER_1_N001,ALL,1,123.37626,4,1
2022-09-01T21:45:00-00:00,2022-09-01T22:00:00-00:00,2022-09-01,15,ATWATER_1_N001,ATWATER_1_N001,ATWATER_1_N001,RTPD,LMP,LMP_PRC,ATWATER_1_N001,ALL,1,203.2196,4,1
2022-09-01T22:45:00-00:00,2022-09-01T23:00:00-00:00,2022-09-01,16,ATWATER_1_N001,ATWATER_1_N001,ATWATER_1_N001,RTPD,LMP,LMP_PRC,ATWATER_1_N001,ALL,1,151.63155,4,1
2022-09-01T23:45:00-00:00,2022-09-02T00:00:00-00:00,2022-09-01,17,ATWATER_1_N001,ATWATER_1_N001,ATWATER_1_N001,RTPD,LMP,LMP_PRC,ATWATER_1_N001,ALL,1,1628.3654,4,1
2022-09-02T00:45:00-00:00,2022-09-02T01:00:00-00:00,2022-09-01,18,ATWATER_1_N001,ATWATER_1_N001,ATWATER_1_N001,RTPD,LMP,LMP_PRC,ATWATER_1_N001,ALL,1,1783.2635,4,1
2022-09-02T01:45:00-00:00,2022-09-02T02:00:00-00:00,2022-09-01,19,ATWATER_1_N001,ATWATER_1_N001,ATWATER_1_N001,RTPD,LMP,LMP_PRC,ATWATER_1_N001,ALL,1,1991.9337,4,1
2022-09-02T02:45:00-00:00,2022-09-02T03:00:00-00:00,2022-09-01,20,ATWATER_1_N001,ATWATER_1_N001,ATWATER_1_N001,RTPD,LMP,LMP_PRC,ATWATER_1_N001,ALL,1,2025.7041,4,1
2022-09-02T03:45:00-00:00,2022-09-02T04:00:00-00:00,2022-09-01,21,ATWATER_1_N001,ATWATER_1_N001,ATWATER_1_N001,RTPD,LMP,LMP_PRC,ATWATER_1_N001,ALL,1,179.141,4,1
2022-09-02T04:45:00-00:00,2022-09-02T05:00:00-00:00,2022-09-01,22,ATWATER_1_N001,ATWATER_1_N001,ATWATER_1_N001,RTPD,LMP,LMP_PRC,ATWATER_1_N001,ALL,1,158.73146,4,1
2022-09-02T05:45:00-00:00,2022-09-02T06:00:00-00:00,2022-09-01,23,ATWATER_1_N001,ATWATER_1_N001,ATWATER_1_N001,RTPD,LMP,LMP_PRC,ATWATER_1_N001,ALL,1,290.8776,4,1
2022-09-02T06:45:00-00:00,2022-09-02T07:00:00-00:00,2022-09-01,24,ATWATER_1_N001,ATWATER_1_N001,ATWATER_1_N001,RTPD,LMP,LMP_PRC,ATWATER_1_N001,ALL,1,121.75069,4,1
2022-09-01T07:00:00-00:00,2022-09-01T07:15:00-00:00,2022-09-01,01,ATWATER_1_N001,ATWATER_1_N001,ATWATER_1_N001,RTPD,MCC,LMP_CONG_PRC,ATWATER_1_N001,ALL,1,-23.4979,1,2
2022-09-01T08:00:00-00:00,2022-09-01T08:15:00-00:00,2022-09-01,02,ATWATER_1_N001,ATWATER_1_N001,ATWATER_1_N001,RTPD,MCC,LMP_CONG_PRC,ATWATER_1_N001,ALL,1,-3.75431,1,2
2022-09-01T09:00:00-00:00,2022-09-01T09:15:00-00:00,2022-09-01,03,ATWATER_1_N001,ATWATER_1_N001,ATWATER_1_N001,RTPD,MCC,LMP_CONG_PRC,ATWATER_1_N001,ALL,1,-5.03036,1,2
2022-09-01T10:00:00-00:00,2022-09-01T10:15:00-00:00,2022-09-01,04,ATWATER_1_N001,ATWATER_1_N001,ATWATER_1_N001,RTPD,MCC,LMP_CONG_PRC,ATWATER_1_N001,ALL,1,-4.35459,1,2
2022-09-01T11:00:00-00:00,2022-09-01T11:15:00-00:00,2022-09-01,05,ATWATER_1_N001,ATWATER_1_N001,ATWATER_1_N001,RTPD,MCC,LMP_CONG_PRC,ATWATER_1_N001,ALL,1,0,1,2
2022-09-01T12:00:00-00:00,2022-09-01T12:15:00-00:00,2022-09-01,06,ATWATER_1_N001,ATWATER_1_N001,ATWATER_1_N001,RTPD,MCC,LMP_CONG_PRC,ATWATER_1_N001,ALL,1,-11.22366,1,2
2022-09-01T13:00:00-00:00,2022-09-01T13:15:00-00:00,2022-09-01,07,ATWATER_1_N001,ATWATER_1_N001,ATWATER_1_N001,RTPD,MCC,LMP_CONG_PRC,ATWATER_1_N001,ALL,1,-14.844,1,2
2022-09-01T14:00:00-00:00,2022-09-01T14:15:00-00:00,2022-09-01,08,ATWATER_1_N001,ATWATER_1_N001,ATWATER_1_N001,RTPD,MCC,LMP_CONG_PRC,ATWATER_1_N001,ALL,1,0,1,2
2022-09-01T15:00:00-00:00,2022-09-01T15:15:00-00:00,2022-09-01,09,ATWATER_1_N001,ATWATER_1_N001,ATWATER_1_N001,RTPD,MCC,LMP_CONG_PRC,ATWATER_1_N001,ALL,1,0,1,2
2022-09-01T16:00:00-00:00,2022-09-01T16:15:00-00:00,2022-09-01,10,ATWATER_1_N001,ATWATER_1_N001,ATWATER_1_N001,RTPD,MCC,LMP_CONG_PRC,ATWATER_1_N001,ALL,1,0,1,2
2022-09-01T17:00:00-00:00,2022-09-01T17:15:00-00:00,2022-09-01,11,ATWATER_1_N001,ATWATER_1_N001,ATWATER_1_N001,RTPD,MCC,LMP_CONG_PRC,ATWATER_1_N001,ALL,1,-18.18509,1,2
2022-09-01T18:00:00-00:00,2022-09-01T18:15:00-00:00,2022-09-01,12,ATWATER_1_N001,ATWATER_1_N001,ATWATER_1_N001,RTPD,MCC,LMP_CONG_PRC,ATWATER_1_N001,ALL,1,-35.24499,1,2
2022-09-01T19:00:00-00:00,2022-09-01T19:15:00-00:00,2022-09-01,13,ATWATER_1_N001,ATWATER_1_N001,ATWATER_1_N001,RTPD,MCC,LMP_CONG_PRC,ATWATER_1_N001,ALL,1,-39.06258,1,2
2022-09-01T20:00:00-00:00,2022-09-01T20:15:00-00:00,2022-09-01,14,ATWATER_1_N001,ATWATER_1_N001,ATWATER_1_N001,RTPD,MCC,LMP_CONG_PRC,ATWATER_1_N001,ALL,1,-3.84057,1,2
2022-09-01T21:00:00-00:00,2022-09-01T21:15:00-00:00,2022-09-01,15,ATWATER_1_N001,ATWATER_1_N001,ATWATER_1_N001,RTPD,MCC,LMP_CONG_PRC,ATWATER_1_N001,ALL,1,-107.23079,1,2
2022-09-01T22:00:00-00:00,2022-09-01T22:15:00-00:00,2022-09-01,16,ATWATER_1_N001,ATWATER_1_N001,ATWATER_1_N001,RTPD,MCC,LMP_CONG_PRC,ATWATER_1_N001,ALL,1,-116.58233,1,2
2022-09-01T23:00:00-00:00,2022-09-01T23:15:00-00:00,2022-09-01,17,ATWATER_1_N001,ATWATER_1_N001,ATWATER_1_N001,RTPD,MCC,LMP_CONG_PRC,ATWATER_1_N001,ALL,1,-186.94594,1,2
2022-09-02T00:00:00-00:00,2022-09-02T00:15:00-00:00,2022-09-01,18,ATWATER_1_N001,ATWATER_1_N001,ATWATER_1_N001,RTPD,MCC,LMP_CONG_PRC,ATWATER_1_N001,ALL,1,305.58853,1,2
2022-09-02T01:00:00-00:00,2022-09-02T01:15:00-00:00,2022-09-01,19,ATWATER_1_N001,ATWATER_1_N001,ATWATER_1_N001,RTPD,MCC,LMP_CONG_PRC,ATWATER_1_N001,ALL,1,301.86588,1,2
2022-09-02T02:00:00-00:00,2022-09-02T02:15:00-00:00,2022-09-01,20,ATWATER_1_N001,ATWATER_1_N001,ATWATER_1_N001,RTPD,MCC,LMP_CONG_PRC,ATWATER_1_N001,ALL,1,0,1,2
2022-09-02T03:00:00-00:00,2022-09-02T03:15:00-00:00,2022-09-01,21,ATWATER_1_N001,ATWATER_1_N001,ATWATER_1_N001,RTPD,MCC,LMP_CONG_PRC,ATWATER_1_N001,ALL,1,376.05185,1,2
2022-09-02T04:00:00-00:00,2022-09-02T04:15:00-00:00,2022-09-01,22,ATWATER_1_N001,ATWATER_1_N001,ATWATER_1_N001,RTPD,MCC,LMP_CONG_PRC,ATWATER_1_N001,ALL,1,966.2437,1,2
2022-09-02T05:00:00-00:00,2022-09-02T05:15:00-00:00,2022-09-01,23,ATWATER_1_N001,ATWATER_1_N001,ATWATER_1_N001,RTPD,MCC,LMP_CONG_PRC,ATWATER_1_N001,ALL,1,0,1,2
2022-09-02T06:00:00-00:00,2022-09-02T06:15:00-00:00,2022-09-01,24,ATWATER_1_N001,ATWATER_1_N001,ATWATER_1_N001,RTPD,MCC,LMP_CONG_PRC,ATWATER_1_N001,ALL,1,131.34245,1,2
2022-09-01T07:15:00-00:00,2022-09-01T07:30:00-00:00,2022-09-01,01,ATWATER_1_N001,ATWATER_1_N001,ATWATER_1_N001,RTPD,MCC,LMP_CONG_PRC,ATWATER_1_N001,ALL,1,-11.24793,2,2
2022-09-01T08:15:00-00:00,2022-09-01T08:30:00-00:00,2022-09-01,02,ATWATER_1_N001,ATWATER_1_N001,ATWATER_1_N001,RTPD,MCC,LMP_CONG_PRC,ATWATER_1_N001,ALL,1,-1.02476,2,2
2022-09-01T09:15:00-00:00,2022-09-01T09:30:00-00:00,2022-09-01,03,ATWATER_1_N001,ATWATER_1_N001,ATWATER_1_N001,RTPD,MCC,LMP_CONG_PRC,ATWATER_1_N001,ALL,1,-6.60096,2,2
2022-09-01T10:15:00-00:00,2022-09-01T10:30:00-00:00,2022-09-01,04,ATWATER_1_N001,ATWATER_1_N001,ATWATER_1_N001,RTPD,MCC,LMP_CONG_PRC,ATWATER_1_N001,ALL,1,-6.16169,2,2
2022-09-01T11:15:00-00:00,2022-09-01T11:30:00-00:00,2022-09-01,05,ATWATER_1_N001,ATWATER_1_N001,ATWATER_1_N001,RTPD,MCC,LMP_CONG_PRC,ATWATER_1_N001,ALL,1,0,2,2
2022-09-01T12:15:00-00:00,2022-09-01T12:30:00-00:00,2022-09-01,06,ATWATER_1_N001,ATWATER_1_N001,ATWATER_1_N001,RTPD,MCC,LMP_CONG_PRC,ATWATER_1_N001,ALL,1,-6.84704,2,2
2022-09-01T13:15:00-00:00,2022-09-01T13:30:00-00:00,2022-09-01,07,ATWATER_1_N001,ATWATER_1_N001,ATWATER_1_N001,RTPD,MCC,LMP_CONG_PRC,ATWATER_1_N001,ALL,1,-0.63701,2,2
2022-09-01T14:15:00-00:00,2022-09-01T14:30:00-00:00,2022-09-01,08,ATWATER_1_N001,ATWATER_1_N001,ATWATER_1_N001,RTPD,MCC,LMP_CONG_PRC,ATWATER_1_N001,ALL,1,0,2,2
2022-09-01T15:15:00-00:00,2022-09-01T15:30:00-00:00,2022-09-01,09,ATWATER_1_N001,ATWATER_1_N001,ATWATER_1_N001,RTPD,MCC,LMP_CONG_PRC,ATWATER_1_N001,ALL,1,0,2,2
2022-09-01T16:15:00-00:00,2022-09-01T16:30:00-00:00,2022-09-01,10,ATWATER_1_N001,ATWATER_1_N001,ATWATER_1_N001,RTPD,MCC,LMP_CONG_PRC,ATWATER_1_N001,ALL,1,-1.79327,2,2
2022-09-01T17:15:00-00:00,2022-09-01T17:30:00-00:00,2022-09-01,11,ATWATER_1_N001,ATWATER_1_N001,ATWATER_1_N001,RTPD,MCC,LMP_CONG_PRC,ATWATER_1_N001,ALL,1,-22.13827,2,2
2022-09-01T18:15:00-00:00,2022-09-01T18:30:00-00:00,2022-09-01,12,ATWATER_1_N001,ATWATER_1_N001,ATWATER_1_N001,RTPD,MCC,LMP_CONG_PRC,ATWATER_1_N001,ALL,1,-28.84081,2,2
2022-09-01T19:15:00-00:00,2022-09-01T19:30:00-00:00,2022-09-01,13,ATWATER_1_N001,ATWATER_1_N001,ATWATER_1_N001,RTPD,MCC,LMP_CONG_PRC,ATWATER_1_N001,ALL,1,-32.16698,2,2
2022-09-01T20:15:00-00:00,2022-09-01T20:30:00-00:00,2022-09-01,14,ATWATER_1_N001,ATWATER_1_N001,ATWATER_1_N001,RTPD,MCC,LMP_CONG_PRC,ATWATER_1_N001,ALL,1,-3.42509,2,2
2022-09-01T21:15:00-00:00,2022-09-01T21:30:00-00:00,2022-09-01,15,ATWATER_1_N001,ATWATER_1_N001,ATWATER_1_N001,RTPD,MCC,LMP_CONG_PRC,ATWATER_1_N001,ALL,1,-28.97973,2,2
2022-09-01T22:15:00-00:00,2022-09-01T22:30:00-00:00,2022-09-01,16,ATWATER_1_N001,ATWATER_1_N001,ATWATER_1_N001,RTPD,MCC,LMP_CONG_PRC,ATWATER_1_N001,ALL,1,-127.42408,2,2
2022-09-01T23:15:00-00:00,2022-09-01T23:30:00-00:00,2022-09-01,17,ATWATER_1_N001,ATWATER_1_N001,ATWATER_1_N001,RTPD,MCC,LMP_CONG_PRC,ATWATER_1_N001,ALL,1,-110.93263,2,2
2022-09-02T00:15:00-00:00,2022-09-02T00:30:00-00:00,2022-09-01,18,ATWATER_1_N001,ATWATER_1_N001,ATWATER_1_N001,RTPD,MCC,LMP_CONG_PRC,ATWATER_1_N001,ALL,1,297.43024,2,2
2022-09-02T01:15:00-00:00,2022-09-02T01:30:00-00:00,2022-09-01,19,ATWATER_1_N001,ATWATER_1_N001,ATWATER_1_N001,RTPD,MCC,LMP_CONG_PRC,ATWATER_1_N001,ALL,1,0,2,2
2022-09-02T02:15:00-00:00,2022-09-02T02:30:00-00:00,2022-09-01,20,ATWATER_1_N001,ATWATER_1_N001,ATWATER_1_N001,RTPD,MCC,LMP_CONG_PRC,ATWATER_1_N001,ALL,1,0,2,2
2022-09-02T03:15:00-00:00,2022-09-02T03:30:00-00:00,2022-09-01,21,ATWATER_1_N001,ATWATER_1_N001,ATWATER_1_N001,RTPD,MCC,LMP_CONG_PRC,ATWATER_1_N001,ALL,1,131.8753,2,2
2022-09-02T04:15:00-00:00,2022-09-02T04:30:00-00:00,2022-09-01,22,ATWATER_1_N001,ATWATER_1_N001,ATWATER_1_N001,RTPD,MCC,LMP_CONG_PRC,ATWATER_1_N001,ALL,1,881.6126,2,2
2022-09-02T05:15:00-00:00,2022-09-02T05:30:00-00:00,2022-09-01,23,ATWATER_1_N001,ATWATER_1_N001,ATWATER_1_N001,RTPD,MCC,LMP_CONG_PRC,ATWATER_1_N001,ALL,1,0,2,2
2022-09-02T06:15:00-00:00,2022-09-02T06:30:00-00:00,2022-09-01,24,ATWATER_1_N001,ATWATER_1_N001,ATWATER_1_N001,RTPD,MCC,LMP_CONG_PRC,ATWATER_1_N001,ALL,1,0,2,2
2022-09-01T07:30:00-00:00,2022-09-01T07:45:00-00:00,2022-09-01,01,ATWATER_1_N001,ATWATER_1_N001,ATWATER_1_N001,RTPD,MCC,LMP_CONG_PRC,ATWATER_1_N001,ALL,1,-18.14972,3,2
2022-09-01T08:30:00-00:00,2022-09-01T08:45:00-00:00,2022-09-01,02,ATWATER_1_N001,ATWATER_1_N001,ATWATER_1_N001,RTPD,MCC,LMP_CONG_PRC,ATWATER_1_N001,ALL,1,-0.00097,3,2
2022-09-01T09:30:00-00:00,2022-09-01T09:45:00-00:00,2022-09-01,03,ATWATER_1_N001,ATWATER_1_N001,ATWATER_1_N001,RTPD,MCC,LMP_CONG_PRC,ATWATER_1_N001,ALL,1,-6.54172,3,2
2022-09-01T10:30:00-00:00,2022-09-01T10:45:00-00:00,2022-09-01,04,ATWATER_1_N001,ATWATER_1_N001,ATWATER_1_N001,RTPD,MCC,LMP_CONG_PRC,ATWATER_1_N001,ALL,1,-3.47691,3,2
2022-09-01T11:30:00-00:00,2022-09-01T11:45:00-00:00,2022-09-01,05,ATWATER_1_N001,ATWATER_1_N001,ATWATER_1_N001,RTPD,MCC,LMP_CONG_PRC,ATWATER_1_N001,ALL,1,0,3,2
2022-09-01T12:30:00-00:00,2022-09-01T12:45:00-00:00,2022-09-01,06,ATWATER_1_N001,ATWATER_1_N001,ATWATER_1_N001,RTPD,MCC,LMP_CONG_PRC,ATWATER_1_N001,ALL,1,-11.83111,3,2
2022-09-01T13:30:00-00:00,2022-09-01T13:45:00-00:00,2022-09-01,07,ATWATER_1_N001,ATWATER_1_N001,ATWATER_1_N001,RTPD,MCC,LMP_CONG_PRC,ATWATER_1_N001,ALL,1,0,3,2
2022-09-01T14:30:00-00:00,2022-09-01T14:45:00-00:00,2022-09-01,08,ATWATER_1_N001,ATWATER_1_N001,ATWATER_1_N001,RTPD,MCC,LMP_CONG_PRC,ATWATER_1_N001,ALL,1,0,3,2
2022-09-01T15:30:00-00:00,2022-09-01T15:45:00-00:00,2022-09-01,09,ATWATER_1_N001,ATWATER_1_N001,ATWATER_1_N001,RTPD,MCC,LMP_CONG_PRC,ATWATER_1_N001,ALL,1,0,3,2
2022-09-01T16:30:00-00:00,2022-09-01T16:45:00-00:00,2022-09-01,10,ATWATER_1_N001,ATWATER_1_N001,ATWATER_1_N001,RTPD,MCC,LMP_CONG_PRC,ATWATER_1_N001,ALL,1,-14.93233,3,2
2022-09-01T17:30:00-00:00,2022-09-01T17:45:00-00:00,2022-09-01,11,ATWATER_1_N001,ATWATER_1_N001,ATWATER_1_N001,RTPD,MCC,LMP_CONG_PRC,ATWATER_1_N001,ALL,1,-22.20994,3,2
2022-09-01T18:30:00-00:00,2022-09-01T18:45:00-00:00,2022-09-01,12,ATWATER_1_N001,ATWATER_1_N001,ATWATER_1_N001,RTPD,MCC,LMP_CONG_PRC,ATWATER_1_N001,ALL,1,-30.06245,3,2
2022-09-01T19:30:00-00:00,2022-09-01T19:45:00-00:00,2022-09-01,13,ATWATER_1_N001,ATWATER_1_N001,ATWATER_1_N001,RTPD,MCC,LMP_CONG_PRC,ATWATER_1_N001,ALL,1,-13.82079,3,2
2022-09-01T20:30:00-00:00,2022-09-01T20:45:00-00:00,2022-09-01,14,ATWATER_1_N001,ATWATER_1_N001,ATWATER_1_N001,RTPD,MCC,LMP_CONG_PRC,ATWATER_1_N001,ALL,1,-13.81956,3,2
2022-09-01T21:30:00-00:00,2022-09-01T21:45:00-00:00,2022-09-01,15,ATWATER_1_N001,ATWATER_1_N001,ATWATER_1_N001,RTPD,MCC,LMP_CONG_PRC,ATWATER_1_N001,ALL,1,-26.62216,3,2
2022-09-01T22:30:00-00:00,2022-09-01T22:45:00-00:00,2022-09-01,16,ATWATER_1_N001,ATWATER_1_N001,ATWATER_1_N001,RTPD,MCC,LMP_CONG_PRC,ATWATER_1_N001,ALL,1,-137.01233,3,2
2022-09-01T23:30:00-00:00,2022-09-01T23:45:00-00:00,2022-09-01,17,ATWATER_1_N001,ATWATER_1_N001,ATWATER_1_N001,RTPD,MCC,LMP_CONG_PRC,ATWATER_1_N001,ALL,1,0,3,2
2022-09-02T00:30:00-00:00,2022-09-02T00:45:00-00:00,2022-09-01,18,ATWATER_1_N001,ATWATER_1_N001,ATWATER_1_N001,RTPD,MCC,LMP_CONG_PRC,ATWATER_1_N001,ALL,1,419.48862,3,2
2022-09-02T01:30:00-00:00,2022-09-02T01:45:00-00:00,2022-09-01,19,ATWATER_1_N001,ATWATER_1_N001,ATWATER_1_N001,RTPD,MCC,LMP_CONG_PRC,ATWATER_1_N001,ALL,1,0,3,2
2022-09-02T02:30:00-00:00,2022-09-02T02:45:00-00:00,2022-09-01,20,ATWATER_1_N001,ATWATER_1_N001,ATWATER_1_N001,RTPD,MCC,LMP_CONG_PRC,ATWATER_1_N001,ALL,1,0,3,2
2022-09-02T03:30:00-00:00,2022-09-02T03:45:00-00:00,2022-09-01,21,ATWATER_1_N001,ATWATER_1_N001,ATWATER_1_N001,RTPD,MCC,LMP_CONG_PRC,ATWATER_1_N001,ALL,1,29.67887,3,2
2022-09-02T04:30:00-00:00,2022-09-02T04:45:00-00:00,2022-09-01,22,ATWATER_1_N001,ATWATER_1_N001,ATWATER_1_N001,RTPD,MCC,LMP_CONG_PRC,ATWATER_1_N001,ALL,1,472.21698,3,2
2022-09-02T05:30:00-00:00,2022-09-02T05:45:00-00:00,2022-09-01,23,ATWATER_1_N001,ATWATER_1_N001,ATWATER_1_N001,RTPD,MCC,LMP_CONG_PRC,ATWATER_1_N001,ALL,1,0,3,2
2022-09-02T06:30:00-00:00,2022-09-02T06:45:00-00:00,2022-09-01,24,ATWATER_1_N001,ATWATER_1_N001,ATWATER_1_N001,RTPD,MCC,LMP_CONG_PRC,ATWATER_1_N001,ALL,1,0,3,2
2022-09-01T07:45:00-00:00,2022-09-01T08:00:00-00:00,2022-09-01,01,ATWATER_1_N001,ATWATER_1_N001,ATWATER_1_N001,RTPD,MCC,LMP_CONG_PRC,ATWATER_1_N001,ALL,1,-20.68777,4,2
2022-09-01T08:45:00-00:00,2022-09-01T09:00:00-00:00,2022-09-01,02,ATWATER_1_N001,ATWATER_1_N001,ATWATER_1_N001,RTPD,MCC,LMP_CONG_PRC,ATWATER_1_N001,ALL,1,-5.05015,4,2
2022-09-01T09:45:00-00:00,2022-09-01T10:00:00-00:00,2022-09-01,03,ATWATER_1_N001,ATWATER_1_N001,ATWATER_1_N001,RTPD,MCC,LMP_CONG_PRC,ATWATER_1_N001,ALL,1,-5.82718,4,2
2022-09-01T10:45:00-00:00,2022-09-01T11:00:00-00:00,2022-09-01,04,ATWATER_1_N001,ATWATER_1_N001,ATWATER_1_N001,RTPD,MCC,LMP_CONG_PRC,ATWATER_1_N001,ALL,1,-1.36926,4,2
2022-09-01T11:45:00-00:00,2022-09-01T12:00:00-00:00,2022-09-01,05,ATWATER_1_N001,ATWATER_1_N001,ATWATER_1_N001,RTPD,MCC,LMP_CONG_PRC,ATWATER_1_N001,ALL,1,0,4,2
2022-09-01T12:45:00-00:00,2022-09-01T13:00:00-00:00,2022-09-01,06,ATWATER_1_N001,ATWATER_1_N001,ATWATER_1_N001,RTPD,MCC,LMP_CONG_PRC,ATWATER_1_N001,ALL,1,-2.64686,4,2
2022-09-01T13:45:00-00:00,2022-09-01T14:00:00-00:00,2022-09-01,07,ATWATER_1_N001,ATWATER_1_N001,ATWATER_1_N001,RTPD,MCC,LMP_CONG_PRC,ATWATER_1_N001,ALL,1,0,4,2
2022-09-01T14:45:00-00:00,2022-09-01T15:00:00-00:00,2022-09-01,08,ATWATER_1_N001,ATWATER_1_N001,ATWATER_1_N001,RTPD,MCC,LMP_CONG_PRC,ATWATER_1_N001,ALL,1,0,4,2
2022-09-01T15:45:00-00:00,2022-09-01T16:00:00-00:00,2022-09-01,09,ATWATER_1_N001,ATWATER_1_N001,ATWATER_1_N001,RTPD,MCC,LMP_CONG_PRC,ATWATER_1_N001,ALL,1,0,4,2
2022-09-01T16:45:00-00:00,2022-09-01T17:00:00-00:00,2022-09-01,10,ATWATER_1_N001,ATWATER_1_N001,ATWATER_1_N001,RTPD,MCC,LMP_CONG_PRC,ATWATER_1_N001,ALL,1,-13.51603,4,2
2022-09-01T17:45:00-00:00,2022-09-01T18:00:00-00:00,2022-09-01,11,ATWATER_1_N001,ATWATER_1_N001,ATWATER_1_N001,RTPD,MCC,LMP_CONG_PRC,ATWATER_1_N001,ALL,1,-21.97627,4,2
2022-09-01T18:45:00-00:00,2022-09-01T19:00:00-00:00,2022-09-01,12,ATWATER_1_N001,ATWATER_1_N001,ATWATER_1_N001,RTPD,MCC,LMP_CONG_PRC,ATWATER_1_N001,ALL,1,-29.94738,4,2
2022-09-01T19:45:00-00:00,2022-09-01T20:00:00-00:00,2022-09-01,13,ATWATER_1_N001,ATWATER_1_N001,ATWATER_1_N001,RTPD,MCC,LMP_CONG_PRC,ATWATER_1_N001,ALL,1,-14.9211,4,2
2022-09-01T20:45:00-00:00,2022-09-01T21:00:00-00:00,2022-09-01,14,ATWATER_1_N001,ATWATER_1_N001,ATWATER_1_N001,RTPD,MCC,LMP_CONG_PRC,ATWATER_1_N001,ALL,1,-30.64883,4,2
2022-09-01T21:45:00-00:00,2022-09-01T22:00:00-00:00,2022-09-01,15,ATWATER_1_N001,ATWATER_1_N001,ATWATER_1_N001,RTPD,MCC,LMP_CONG_PRC,ATWATER_1_N001,ALL,1,-97.07415,4,2
2022-09-01T22:45:00-00:00,2022-09-01T23:00:00-00:00,2022-09-01,16,ATWATER_1_N001,ATWATER_1_N001,ATWATER_1_N001,RTPD,MCC,LMP_CONG_PRC,ATWATER_1_N001,ALL,1,-278.28214,4,2
2022-09-01T23:45:00-00:00,2022-09-02T00:00:00-00:00,2022-09-01,17,ATWATER_1_N001,ATWATER_1_N001,ATWATER_1_N001,RTPD,MCC,LMP_CONG_PRC,ATWATER_1_N001,ALL,1,367.15292,4,2
2022-09-02T00:45:00-00:00,2022-09-02T01:00:00-00:00,2022-09-01,18,ATWATER_1_N001,ATWATER_1_N001,ATWATER_1_N001,RTPD,MCC,LMP_CONG_PRC,ATWATER_1_N001,ALL,1,264.11456,4,2
2022-09-02T01:45:00-00:00,2022-09-02T02:00:00-00:00,2022-09-01,19,ATWATER_1_N001,ATWATER_1_N001,ATWATER_1_N001,RTPD,MCC,LMP_CONG_PRC,ATWATER_1_N001,ALL,1,0,4,2
2022-09-02T02:45:00-00:00,2022-09-02T03:00:00-00:00,2022-09-01,20,ATWATER_1_N001,ATWATER_1_N001,ATWATER_1_N001,RTPD,MCC,LMP_CONG_PRC,ATWATER_1_N001,ALL,1,119.69902,4,2
2022-09-02T03:45:00-00:00,2022-09-02T04:00:00-00:00,2022-09-01,21,ATWATER_1_N001,ATWATER_1_N001,ATWATER_1_N001,RTPD,MCC,LMP_CONG_PRC,ATWATER_1_N001,ALL,1,17.28507,4,2
2022-09-02T04:45:00-00:00,2022-09-02T05:00:00-00:00,2022-09-01,22,ATWATER_1_N001,ATWATER_1_N001,ATWATER_1_N001,RTPD,MCC,LMP_CONG_PRC,ATWATER_1_N001,ALL,1,5.66426,4,2
2022-09-02T05:45:00-00:00,2022-09-02T06:00:00-00:00,2022-09-01,23,ATWATER_1_N001,ATWATER_1_N001,ATWATER_1_N001,RTPD,MCC,LMP_CONG_PRC,ATWATER_1_N001,ALL,1,156.4325,4,2
2022-09-02T06:45:00-00:00,2022-09-02T07:00:00-00:00,2022-09-01,24,ATWATER_1_N001,ATWATER_1_N001,ATWATER_1_N001,RTPD,MCC,LMP_CONG_PRC,ATWATER_1_N001,ALL,1,0,4,2
2022-09-01T07:00:00-00:00,2022-09-01T07:15:00-00:00,2022-09-01,01,ATWATER_1_N001,ATWATER_1_N001,ATWATER_1_N001,RTPD,MCE,LMP_ENE_PRC,ATWATER_1_N001,ALL,1,104.23471,1,3
2022-09-01T08:00:00-00:00,2022-09-01T08:15:00-00:00,2022-09-01,02,ATWATER_1_N001,ATWATER_1_N001,ATWATER_1_N001,RTPD,MCE,LMP_ENE_PRC,ATWATER_1_N001,ALL,1,115.5488,1,3
2022-09-01T09:00:00-00:00,2022-09-01T09:15:00-00:00,2022-09-01,03,ATWATER_1_N001,ATWATER_1_N001,ATWATER_1_N001,RTPD,MCE,LMP_ENE_PRC,ATWATER_1_N001,ALL,1,99.73061,1,3
2022-09-01T10:00:00-00:00,2022-09-01T10:15:00-00:00,2022-09-01,04,ATWATER_1_N001,ATWATER_1_N001,ATWATER_1_N001,RTPD,MCE,LMP_ENE_PRC,ATWATER_1_N001,ALL,1,98.64222,1,3
2022-09-01T11:00:00-00:00,2022-09-01T11:15:00-00:00,2022-09-01,05,ATWATER_1_N001,ATWATER_1_N001,ATWATER_1_N001,RTPD,MCE,LMP_ENE_PRC,ATWATER_1_N001,ALL,1,102.56859,1,3
2022-09-01T12:00:00-00:00,2022-09-01T12:15:00-00:00,2022-09-01,06,ATWATER_1_N001,ATWATER_1_N001,ATWATER_1_N001,RTPD,MCE,LMP_ENE_PRC,ATWATER_1_N001,ALL,1,96.90845,1,3
2022-09-01T13:00:00-00:00,2022-09-01T13:15:00-00:00,2022-09-01,07,ATWATER_1_N001,ATWATER_1_N001,ATWATER_1_N001,RTPD,MCE,LMP_ENE_PRC,ATWATER_1_N001,ALL,1,101.80878,1,3
2022-09-01T14:00:00-00:00,2022-09-01T14:15:00-00:00,2022-09-01,08,ATWATER_1_N001,ATWATER_1_N001,ATWATER_1_N001,RTPD,MCE,LMP_ENE_PRC,ATWATER_1_N001,ALL,1,111.11219,1,3
2022-09-01T15:00:00-00:00,2022-09-01T15:15:00-00:00,2022-09-01,09,ATWATER_1_N001,ATWATER_1_N001,ATWATER_1_N001,RTPD,MCE,LMP_ENE_PRC,ATWATER_1_N001,ALL,1,97.4112,1,3
2022-09-01T16:00:00-00:00,2022-09-01T16:15:00-00:00,2022-09-01,10,ATWATER_1_N001,ATWATER_1_N001,ATWATER_1_N001,RTPD,MCE,LMP_ENE_PRC,ATWATER_1_N001,ALL,1,83.43525,1,3
2022-09-01T17:00:00-00:00,2022-09-01T17:15:00-00:00,2022-09-01,11,ATWATER_1_N001,ATWATER_1_N001,ATWATER_1_N001,RTPD,MCE,LMP_ENE_PRC,ATWATER_1_N001,ALL,1,96.94897,1,3
2022-09-01T18:00:00-00:00,2022-09-01T18:15:00-00:00,2022-09-01,12,ATWATER_1_N001,ATWATER_1_N001,ATWATER_1_N001,RTPD,MCE,LMP_ENE_PRC,ATWATER_1_N001,ALL,1,91.59291,1,3
2022-09-01T19:00:00-00:00,2022-09-01T19:15:00-00:00,2022-09-01,13,ATWATER_1_N001,ATWATER_1_N001,ATWATER_1_N001,RTPD,MCE,LMP_ENE_PRC,ATWATER_1_N001,ALL,1,109.19637,1,3
2022-09-01T20:00:00-00:00,2022-09-01T20:15:00-00:00,2022-09-01,14,ATWATER_1_N001,ATWATER_1_N001,ATWATER_1_N001,RTPD,MCE,LMP_ENE_PRC,ATWATER_1_N001,ALL,1,117.94359,1,3
2022-09-01T21:00:00-00:00,2022-09-01T21:15:00-00:00,2022-09-01,15,ATWATER_1_N001,ATWATER_1_N001,ATWATER_1_N001,RTPD,MCE,LMP_ENE_PRC,ATWATER_1_N001,ALL,1,226.61499,1,3
2022-09-01T22:00:00-00:00,2022-09-01T22:15:00-00:00,2022-09-01,16,ATWATER_1_N001,ATWATER_1_N001,ATWATER_1_N001,RTPD,MCE,LMP_ENE_PRC,ATWATER_1_N001,ALL,1,229.18552,1,3
2022-09-01T23:00:00-00:00,2022-09-01T23:15:00-00:00,2022-09-01,17,ATWATER_1_N001,ATWATER_1_N001,ATWATER_1_N001,RTPD,MCE,LMP_ENE_PRC,ATWATER_1_N001,ALL,1,386.7537,1,3
2022-09-02T00:00:00-00:00,2022-09-02T00:15:00-00:00,2022-09-01,18,ATWATER_1_N001,ATWATER_1_N001,ATWATER_1_N001,RTPD,MCE,LMP_ENE_PRC,ATWATER_1_N001,ALL,1,770.58136,1,3
2022-09-02T01:00:00-00:00,2022-09-02T01:15:00-00:00,2022-09-01,19,ATWATER_1_N001,ATWATER_1_N001,ATWATER_1_N001,RTPD,MCE,LMP_ENE_PRC,ATWATER_1_N001,ALL,1,916.27124,1,3
2022-09-02T02:00:00-00:00,2022-09-02T02:15:00-00:00,2022-09-01,20,ATWATER_1_N001,ATWATER_1_N001,ATWATER_1_N001,RTPD,MCE,LMP_ENE_PRC,ATWATER_1_N001,ALL,1,1991.6721,1,3
2022-09-02T03:00:00-00:00,2022-09-02T03:15:00-00:00,2022-09-01,21,ATWATER_1_N001,ATWATER_1_N001,ATWATER_1_N001,RTPD,MCE,LMP_ENE_PRC,ATWATER_1_N001,ALL,1,917.5508,1,3
2022-09-02T04:00:00-00:00,2022-09-02T04:15:00-00:00,2022-09-01,22,ATWATER_1_N001,ATWATER_1_N001,ATWATER_1_N001,RTPD,MCE,LMP_ENE_PRC,ATWATER_1_N001,ALL,1,257.83005,1,3
2022-09-02T05:00:00-00:00,2022-09-02T05:15:00-00:00,2022-09-01,23,ATWATER_1_N001,ATWATER_1_N001,ATWATER_1_N001,RTPD,MCE,LMP_ENE_PRC,ATWATER_1_N001,ALL,1,183.24657,1,3
2022-09-02T06:00:00-00:00,2022-09-02T06:15:00-00:00,2022-09-01,24,ATWATER_1_N001,ATWATER_1_N001,ATWATER_1_N001,RTPD,MCE,LMP_ENE_PRC,ATWATER_1_N001,ALL,1,158.867,1,3
2022-09-01T07:15:00-00:00,2022-09-01T07:30:00-00:00,2022-09-01,01,ATWATER_1_N001,ATWATER_1_N001,ATWATER_1_N001,RTPD,MCE,LMP_ENE_PRC,ATWATER_1_N001,ALL,1,125.55144,2,3
2022-09-01T08:15:00-00:00,2022-09-01T08:30:00-00:00,2022-09-01,02,ATWATER_1_N001,ATWATER_1_N001,ATWATER_1_N001,RTPD,MCE,LMP_ENE_PRC,ATWATER_1_N001,ALL,1,115.53165,2,3
2022-09-01T09:15:00-00:00,2022-09-01T09:30:00-00:00,2022-09-01,03,ATWATER_1_N001,ATWATER_1_N001,ATWATER_1_N001,RTPD,MCE,LMP_ENE_PRC,ATWATER_1_N001,ALL,1,98.30543,2,3
2022-09-01T10:15:00-00:00,2022-09-01T10:30:00-00:00,2022-09-01,04,ATWATER_1_N001,ATWATER_1_N001,ATWATER_1_N001,RTPD,MCE,LMP_ENE_PRC,ATWATER_1_N001,ALL,1,97.00684,2,3
2022-09-01T11:15:00-00:00,2022-09-01T11:30:00-00:00,2022-09-01,05,ATWATER_1_N001,ATWATER_1_N001,ATWATER_1_N001,RTPD,MCE,LMP_ENE_PRC,ATWATER_1_N001,ALL,1,103.09059,2,3
2022-09-01T12:15:00-00:00,2022-09-01T12:30:00-00:00,2022-09-01,06,ATWATER_1_N001,ATWATER_1_N001,ATWATER_1_N001,RTPD,MCE,LMP_ENE_PRC,ATWATER_1_N001,ALL,1,109.32203,2,3
2022-09-01T13:15:00-00:00,2022-09-01T13:30:00-00:00,2022-09-01,07,ATWATER_1_N001,ATWATER_1_N001,ATWATER_1_N001,RTPD,MCE,LMP_ENE_PRC,ATWATER_1_N001,ALL,1,110.97827,2,3
2022-09-01T14:15:00-00:00,2022-09-01T14:30:00-00:00,2022-09-01,08,ATWATER_1_N001,ATWATER_1_N001,ATWATER_1_N001,RTPD,MCE,LMP_ENE_PRC,ATWATER_1_N001,ALL,1,104.78743,2,3
2022-09-01T15:15:00-00:00,2022-09-01T15:30:00-00:00,2022-09-01,09,ATWATER_1_N001,ATWATER_1_N001,ATWATER_1_N001,RTPD,MCE,LMP_ENE_PRC,ATWATER_1_N001,ALL,1,86.9388,2,3
2022-09-01T16:15:00-00:00,2022-09-01T16:30:00-00:00,2022-09-01,10,ATWATER_1_N001,ATWATER_1_N001,ATWATER_1_N001,RTPD,MCE,LMP_ENE_PRC,ATWATER_1_N001,ALL,1,89.44858,2,3
2022-09-01T17:15:00-00:00,2022-09-01T17:30:00-00:00,2022-09-01,11,ATWATER_1_N001,ATWATER_1_N001,ATWATER_1_N001,RTPD,MCE,LMP_ENE_PRC,ATWATER_1_N001,ALL,1,99.34673,2,3
2022-09-01T18:15:00-00:00,2022-09-01T18:30:00-00:00,2022-09-01,12,ATWATER_1_N001,ATWATER_1_N001,ATWATER_1_N001,RTPD,MCE,LMP_ENE_PRC,ATWATER_1_N001,ALL,1,101.15901,2,3
2022-09-01T19:15:00-00:00,2022-09-01T19:30:00-00:00,2022-09-01,13,ATWATER_1_N001,ATWATER_1_N001,ATWATER_1_N001,RTPD,MCE,LMP_ENE_PRC,ATWATER_1_N001,ALL,1,105.30588,2,3
2022-09-01T20:15:00-00:00,2022-09-01T20:30:00-00:00,2022-09-01,14,ATWATER_1_N001,ATWATER_1_N001,ATWATER_1_N001,RTPD,MCE,LMP_ENE_PRC,ATWATER_1_N001,ALL,1,117.49421,2,3
2022-09-01T21:15:00-00:00,2022-09-01T21:30:00-00:00,2022-09-01,15,ATWATER_1_N001,ATWATER_1_N001,ATWATER_1_N001,RTPD,MCE,LMP_ENE_PRC,ATWATER_1_N001,ALL,1,147.21185,2,3
2022-09-01T22:15:00-00:00,2022-09-01T22:30:00-00:00,2022-09-01,16,ATWATER_1_N001,ATWATER_1_N001,ATWATER_1_N001,RTPD,MCE,LMP_ENE_PRC,ATWATER_1_N001,ALL,1,256.58734,2,3
2022-09-01T23:15:00-00:00,2022-09-01T23:30:00-00:00,2022-09-01,17,ATWATER_1_N001,ATWATER_1_N001,ATWATER_1_N001,RTPD,MCE,LMP_ENE_PRC,ATWATER_1_N001,ALL,1,362.12408,2,3
2022-09-02T00:15:00-00:00,2022-09-02T00:30:00-00:00,2022-09-01,18,ATWATER_1_N001,ATWATER_1_N001,ATWATER_1_N001,RTPD,MCE,LMP_ENE_PRC,ATWATER_1_N001,ALL,1,691.2182,2,3
2022-09-02T01:15:00-00:00,2022-09-02T01:30:00-00:00,2022-09-01,19,ATWATER_1_N001,ATWATER_1_N001,ATWATER_1_N001,RTPD,MCE,LMP_ENE_PRC,ATWATER_1_N001,ALL,1,1999.9933,2,3
2022-09-02T02:15:00-00:00,2022-09-02T02:30:00-00:00,2022-09-01,20,ATWATER_1_N001,ATWATER_1_N001,ATWATER_1_N001,RTPD,MCE,LMP_ENE_PRC,ATWATER_1_N001,ALL,1,1991.6721,2,3
2022-09-02T03:15:00-00:00,2022-09-02T03:30:00-00:00,2022-09-01,21,ATWATER_1_N001,ATWATER_1_N001,ATWATER_1_N001,RTPD,MCE,LMP_ENE_PRC,ATWATER_1_N001,ALL,1,400.52884,2,3
2022-09-02T04:15:00-00:00,2022-09-02T04:30:00-00:00,2022-09-01,22,ATWATER_1_N001,ATWATER_1_N001,ATWATER_1_N001,RTPD,MCE,LMP_ENE_PRC,ATWATER_1_N001,ALL,1,224.75041,2,3
2022-09-02T05:15:00-00:00,2022-09-02T05:30:00-00:00,2022-09-01,23,ATWATER_1_N001,ATWATER_1_N001,ATWATER_1_N001,RTPD,MCE,LMP_ENE_PRC,ATWATER_1_N001,ALL,1,157.11986,2,3
2022-09-02T06:15:00-00:00,2022-09-02T06:30:00-00:00,2022-09-01,24,ATWATER_1_N001,ATWATER_1_N001,ATWATER_1_N001,RTPD,MCE,LMP_ENE_PRC,ATWATER_1_N001,ALL,1,143.1005,2,3
2022-09-01T07:30:00-00:00,2022-09-01T07:45:00-00:00,2022-09-01,01,ATWATER_1_N001,ATWATER_1_N001,ATWATER_1_N001,RTPD,MCE,LMP_ENE_PRC,ATWATER_1_N001,ALL,1,119.03196,3,3
2022-09-01T08:30:00-00:00,2022-09-01T08:45:00-00:00,2022-09-01,02,ATWATER_1_N001,ATWATER_1_N001,ATWATER_1_N001,RTPD,MCE,LMP_ENE_PRC,ATWATER_1_N001,ALL,1,111.11241,3,3
2022-09-01T09:30:00-00:00,2022-09-01T09:45:00-00:00,2022-09-01,03,ATWATER_1_N001,ATWATER_1_N001,ATWATER_1_N001,RTPD,MCE,LMP_ENE_PRC,ATWATER_1_N001,ALL,1,98.16228,3,3
2022-09-01T10:30:00-00:00,2022-09-01T10:45:00-00:00,2022-09-01,04,ATWATER_1_N001,ATWATER_1_N001,ATWATER_1_N001,RTPD,MCE,LMP_ENE_PRC,ATWATER_1_N001,ALL,1,96.36226,3,3
2022-09-01T11:30:00-00:00,2022-09-01T11:45:00-00:00,2022-09-01,05,ATWATER_1_N001,ATWATER_1_N001,ATWATER_1_N001,RTPD,MCE,LMP_ENE_PRC,ATWATER_1_N001,ALL,1,103.06198,3,3
2022-09-01T12:30:00-00:00,2022-09-01T12:45:00-00:00,2022-09-01,06,ATWATER_1_N001,ATWATER_1_N001,ATWATER_1_N001,RTPD,MCE,LMP_ENE_PRC,ATWATER_1_N001,ALL,1,113.57403,3,3
2022-09-01T13:30:00-00:00,2022-09-01T13:45:00-00:00,2022-09-01,07,ATWATER_1_N001,ATWATER_1_N001,ATWATER_1_N001,RTPD,MCE,LMP_ENE_PRC,ATWATER_1_N001,ALL,1,111.52025,3,3
2022-09-01T14:30:00-00:00,2022-09-01T14:45:00-00:00,2022-09-01,08,ATWATER_1_N001,ATWATER_1_N001,ATWATER_1_N001,RTPD,MCE,LMP_ENE_PRC,ATWATER_1_N001,ALL,1,101.83428,3,3
2022-09-01T15:30:00-00:00,2022-09-01T15:45:00-00:00,2022-09-01,09,ATWATER_1_N001,ATWATER_1_N001,ATWATER_1_N001,RTPD,MCE,LMP_ENE_PRC,ATWATER_1_N001,ALL,1,86.1388,3,3
2022-09-01T16:30:00-00:00,2022-09-01T16:45:00-00:00,2022-09-01,10,ATWATER_1_N001,ATWATER_1_N001,ATWATER_1_N001,RTPD,MCE,LMP_ENE_PRC,ATWATER_1_N001,ALL,1,88.79644,3,3
2022-09-01T17:30:00-00:00,2022-09-01T17:45:00-00:00,2022-09-01,11,ATWATER_1_N001,ATWATER_1_N001,ATWATER_1_N001,RTPD,MCE,LMP_ENE_PRC,ATWATER_1_N001,ALL,1,99.13013,3,3
2022-09-01T18:30:00-00:00,2022-09-01T18:45:00-00:00,2022-09-01,12,ATWATER_1_N001,ATWATER_1_N001,ATWATER_1_N001,RTPD,MCE,LMP_ENE_PRC,ATWATER_1_N001,ALL,1,107.05718,3,3
2022-09-01T19:30:00-00:00,2022-09-01T19:45:00-00:00,2022-09-01,13,ATWATER_1_N001,ATWATER_1_N001,ATWATER_1_N001,RTPD,MCE,LMP_ENE_PRC,ATWATER_1_N001,ALL,1,114.05905,3,3
2022-09-01T20:30:00-00:00,2022-09-01T20:45:00-00:00,2022-09-01,14,ATWATER_1_N001,ATWATER_1_N001,ATWATER_1_N001,RTPD,MCE,LMP_ENE_PRC,ATWATER_1_N001,ALL,1,129.81606,3,3
2022-09-01T21:30:00-00:00,2022-09-01T21:45:00-00:00,2022-09-01,15,ATWATER_1_N001,ATWATER_1_N001,ATWATER_1_N001,RTPD,MCE,LMP_ENE_PRC,ATWATER_1_N001,ALL,1,152.93057,3,3
2022-09-01T22:30:00-00:00,2022-09-01T22:45:00-00:00,2022-09-01,16,ATWATER_1_N001,ATWATER_1_N001,ATWATER_1_N001,RTPD,MCE,LMP_ENE_PRC,ATWATER_1_N001,ALL,1,283.18182,3,3
2022-09-01T23:30:00-00:00,2022-09-01T23:45:00-00:00,2022-09-01,17,ATWATER_1_N001,ATWATER_1_N001,ATWATER_1_N001,RTPD,MCE,LMP_ENE_PRC,ATWATER_1_N001,ALL,1,566.48157,3,3
2022-09-02T00:30:00-00:00,2022-09-02T00:45:00-00:00,2022-09-01,18,ATWATER_1_N001,ATWATER_1_N001,ATWATER_1_N001,RTPD,MCE,LMP_ENE_PRC,ATWATER_1_N001,ALL,1,1329.1127,3,3
2022-09-02T01:30:00-00:00,2022-09-02T01:45:00-00:00,2022-09-01,19,ATWATER_1_N001,ATWATER_1_N001,ATWATER_1_N001,RTPD,MCE,LMP_ENE_PRC,ATWATER_1_N001,ALL,1,1999.9956,3,3
2022-09-02T02:30:00-00:00,2022-09-02T02:45:00-00:00,2022-09-01,20,ATWATER_1_N001,ATWATER_1_N001,ATWATER_1_N001,RTPD,MCE,LMP_ENE_PRC,ATWATER_1_N001,ALL,1,1991.671,3,3
2022-09-02T03:30:00-00:00,2022-09-02T03:45:00-00:00,2022-09-01,21,ATWATER_1_N001,ATWATER_1_N001,ATWATER_1_N001,RTPD,MCE,LMP_ENE_PRC,ATWATER_1_N001,ALL,1,186.61823,3,3
2022-09-02T04:30:00-00:00,2022-09-02T04:45:00-00:00,2022-09-01,22,ATWATER_1_N001,ATWATER_1_N001,ATWATER_1_N001,RTPD,MCE,LMP_ENE_PRC,ATWATER_1_N001,ALL,1,180.67824,3,3
2022-09-02T05:30:00-00:00,2022-09-02T05:45:00-00:00,2022-09-01,23,ATWATER_1_N001,ATWATER_1_N001,ATWATER_1_N001,RTPD,MCE,LMP_ENE_PRC,ATWATER_1_N001,ALL,1,131.69917,3,3
2022-09-02T06:30:00-00:00,2022-09-02T06:45:00-00:00,2022-09-01,24,ATWATER_1_N001,ATWATER_1_N001,ATWATER_1_N001,RTPD,MCE,LMP_ENE_PRC,ATWATER_1_N001,ALL,1,128.9871,3,3
2022-09-01T07:45:00-00:00,2022-09-01T08:00:00-00:00,2022-09-01,01,ATWATER_1_N001,ATWATER_1_N001,ATWATER_1_N001,RTPD,MCE,LMP_ENE_PRC,ATWATER_1_N001,ALL,1,109.12099,4,3
2022-09-01T08:45:00-00:00,2022-09-01T09:00:00-00:00,2022-09-01,02,ATWATER_1_N001,ATWATER_1_N001,ATWATER_1_N001,RTPD,MCE,LMP_ENE_PRC,ATWATER_1_N001,ALL,1,98.7357,4,3
2022-09-01T09:45:00-00:00,2022-09-01T10:00:00-00:00,2022-09-01,03,ATWATER_1_N001,ATWATER_1_N001,ATWATER_1_N001,RTPD,MCE,LMP_ENE_PRC,ATWATER_1_N001,ALL,1,97.50475,4,3
2022-09-01T10:45:00-00:00,2022-09-01T11:00:00-00:00,2022-09-01,04,ATWATER_1_N001,ATWATER_1_N001,ATWATER_1_N001,RTPD,MCE,LMP_ENE_PRC,ATWATER_1_N001,ALL,1,94.71966,4,3
2022-09-01T11:45:00-00:00,2022-09-01T12:00:00-00:00,2022-09-01,05,ATWATER_1_N001,ATWATER_1_N001,ATWATER_1_N001,RTPD,MCE,LMP_ENE_PRC,ATWATER_1_N001,ALL,1,107.01,4,3
2022-09-01T12:45:00-00:00,2022-09-01T13:00:00-00:00,2022-09-01,06,ATWATER_1_N001,ATWATER_1_N001,ATWATER_1_N001,RTPD,MCE,LMP_ENE_PRC,ATWATER_1_N001,ALL,1,116.4848,4,3
2022-09-01T13:45:00-00:00,2022-09-01T14:00:00-00:00,2022-09-01,07,ATWATER_1_N001,ATWATER_1_N001,ATWATER_1_N001,RTPD,MCE,LMP_ENE_PRC,ATWATER_1_N001,ALL,1,111.41,4,3
2022-09-01T14:45:00-00:00,2022-09-01T15:00:00-00:00,2022-09-01,08,ATWATER_1_N001,ATWATER_1_N001,ATWATER_1_N001,RTPD,MCE,LMP_ENE_PRC,ATWATER_1_N001,ALL,1,86.1388,4,3
2022-09-01T15:45:00-00:00,2022-09-01T16:00:00-00:00,2022-09-01,09,ATWATER_1_N001,ATWATER_1_N001,ATWATER_1_N001,RTPD,MCE,LMP_ENE_PRC,ATWATER_1_N001,ALL,1,78.70076,4,3
2022-09-01T16:45:00-00:00,2022-09-01T17:00:00-00:00,2022-09-01,10,ATWATER_1_N001,ATWATER_1_N001,ATWATER_1_N001,RTPD,MCE,LMP_ENE_PRC,ATWATER_1_N001,ALL,1,91.24933,4,3
2022-09-01T17:45:00-00:00,2022-09-01T18:00:00-00:00,2022-09-01,11,ATWATER_1_N001,ATWATER_1_N001,ATWATER_1_N001,RTPD,MCE,LMP_ENE_PRC,ATWATER_1_N001,ALL,1,99.20544,4,3
2022-09-01T18:45:00-00:00,2022-09-01T19:00:00-00:00,2022-09-01,12,ATWATER_1_N001,ATWATER_1_N001,ATWATER_1_N001,RTPD,MCE,LMP_ENE_PRC,ATWATER_1_N001,ALL,1,109.04064,4,3
2022-09-01T19:45:00-00:00,2022-09-01T20:00:00-00:00,2022-09-01,13,ATWATER_1_N001,ATWATER_1_N001,ATWATER_1_N001,RTPD,MCE,LMP_ENE_PRC,ATWATER_1_N001,ALL,1,120.22491,4,3
2022-09-01T20:45:00-00:00,2022-09-01T21:00:00-00:00,2022-09-01,14,ATWATER_1_N001,ATWATER_1_N001,ATWATER_1_N001,RTPD,MCE,LMP_ENE_PRC,ATWATER_1_N001,ALL,1,154.02509,4,3
2022-09-01T21:45:00-00:00,2022-09-01T22:00:00-00:00,2022-09-01,15,ATWATER_1_N001,ATWATER_1_N001,ATWATER_1_N001,RTPD,MCE,LMP_ENE_PRC,ATWATER_1_N001,ALL,1,300.29376,4,3
2022-09-01T22:45:00-00:00,2022-09-01T23:00:00-00:00,2022-09-01,16,ATWATER_1_N001,ATWATER_1_N001,ATWATER_1_N001,RTPD,MCE,LMP_ENE_PRC,ATWATER_1_N001,ALL,1,429.9137,4,3
2022-09-01T23:45:00-00:00,2022-09-02T00:00:00-00:00,2022-09-01,17,ATWATER_1_N001,ATWATER_1_N001,ATWATER_1_N001,RTPD,MCE,LMP_ENE_PRC,ATWATER_1_N001,ALL,1,1261.2124,4,3
2022-09-02T00:45:00-00:00,2022-09-02T01:00:00-00:00,2022-09-01,18,ATWATER_1_N001,ATWATER_1_N001,ATWATER_1_N001,RTPD,MCE,LMP_ENE_PRC,ATWATER_1_N001,ALL,1,1519.149,4,3
2022-09-02T01:45:00-00:00,2022-09-02T02:00:00-00:00,2022-09-01,19,ATWATER_1_N001,ATWATER_1_N001,ATWATER_1_N001,RTPD,MCE,LMP_ENE_PRC,ATWATER_1_N001,ALL,1,1991.9337,4,3
2022-09-02T02:45:00-00:00,2022-09-02T03:00:00-00:00,2022-09-01,20,ATWATER_1_N001,ATWATER_1_N001,ATWATER_1_N001,RTPD,MCE,LMP_ENE_PRC,ATWATER_1_N001,ALL,1,1629.6213,4,3
2022-09-02T03:45:00-00:00,2022-09-02T04:00:00-00:00,2022-09-01,21,ATWATER_1_N001,ATWATER_1_N001,ATWATER_1_N001,RTPD,MCE,LMP_ENE_PRC,ATWATER_1_N001,ALL,1,141.13702,4,3
2022-09-02T04:45:00-00:00,2022-09-02T05:00:00-00:00,2022-09-01,22,ATWATER_1_N001,ATWATER_1_N001,ATWATER_1_N001,RTPD,MCE,LMP_ENE_PRC,ATWATER_1_N001,ALL,1,126.76372,4,3
2022-09-02T05:45:00-00:00,2022-09-02T06:00:00-00:00,2022-09-01,23,ATWATER_1_N001,ATWATER_1_N001,ATWATER_1_N001,RTPD,MCE,LMP_ENE_PRC,ATWATER_1_N001,ALL,1,119.00958,4,3
2022-09-02T06:45:00-00:00,2022-09-02T07:00:00-00:00,2022-09-01,24,ATWATER_1_N001,ATWATER_1_N001,ATWATER_1_N001,RTPD,MCE,LMP_ENE_PRC,ATWATER_1_N001,ALL,1,109.20324,4,3
2022-09-01T07:00:00-00:00,2022-09-01T07:15:00-00:00,2022-09-01,01,ATWATER_1_N001,ATWATER_1_N001,ATWATER_1_N001,RTPD,MCL,LMP_LOSS_PRC,ATWATER_1_N001,ALL,1,2.84561,1,4
2022-09-01T08:00:00-00:00,2022-09-01T08:15:00-00:00,2022-09-01,02,ATWATER_1_N001,ATWATER_1_N001,ATWATER_1_N001,RTPD,MCL,LMP_LOSS_PRC,ATWATER_1_N001,ALL,1,0,1,4
2022-09-01T09:00:00-00:00,2022-09-01T09:15:00-00:00,2022-09-01,03,ATWATER_1_N001,ATWATER_1_N001,ATWATER_1_N001,RTPD,MCL,LMP_LOSS_PRC,ATWATER_1_N001,ALL,1,11.02023,1,4
2022-09-01T10:00:00-00:00,2022-09-01T10:15:00-00:00,2022-09-01,04,ATWATER_1_N001,ATWATER_1_N001,ATWATER_1_N001,RTPD,MCL,LMP_LOSS_PRC,ATWATER_1_N001,ALL,1,10.30811,1,4
2022-09-01T11:00:00-00:00,2022-09-01T11:15:00-00:00,2022-09-01,05,ATWATER_1_N001,ATWATER_1_N001,ATWATER_1_N001,RTPD,MCL,LMP_LOSS_PRC,ATWATER_1_N001,ALL,1,11.67231,1,4
2022-09-01T12:00:00-00:00,2022-09-01T12:15:00-00:00,2022-09-01,06,ATWATER_1_N001,ATWATER_1_N001,ATWATER_1_N001,RTPD,MCL,LMP_LOSS_PRC,ATWATER_1_N001,ALL,1,10.95065,1,4
2022-09-01T13:00:00-00:00,2022-09-01T13:15:00-00:00,2022-09-01,07,ATWATER_1_N001,ATWATER_1_N001,ATWATER_1_N001,RTPD,MCL,LMP_LOSS_PRC,ATWATER_1_N001,ALL,1,0,1,4
2022-09-01T14:00:00-00:00,2022-09-01T14:15:00-00:00,2022-09-01,08,ATWATER_1_N001,ATWATER_1_N001,ATWATER_1_N001,RTPD,MCL,LMP_LOSS_PRC,ATWATER_1_N001,ALL,1,10.85566,1,4
2022-09-01T15:00:00-00:00,2022-09-01T15:15:00-00:00,2022-09-01,09,ATWATER_1_N001,ATWATER_1_N001,ATWATER_1_N001,RTPD,MCL,LMP_LOSS_PRC,ATWATER_1_N001,ALL,1,0,1,4
2022-09-01T16:00:00-00:00,2022-09-01T16:15:00-00:00,2022-09-01,10,ATWATER_1_N001,ATWATER_1_N001,ATWATER_1_N001,RTPD,MCL,LMP_LOSS_PRC,ATWATER_1_N001,ALL,1,0,1,4
2022-09-01T17:00:00-00:00,2022-09-01T17:15:00-00:00,2022-09-01,11,ATWATER_1_N001,ATWATER_1_N001,ATWATER_1_N001,RTPD,MCL,LMP_LOSS_PRC,ATWATER_1_N001,ALL,1,0,1,4
2022-09-01T18:00:00-00:00,2022-09-01T18:15:00-00:00,2022-09-01,12,ATWATER_1_N001,ATWATER_1_N001,ATWATER_1_N001,RTPD,MCL,LMP_LOSS_PRC,ATWATER_1_N001,ALL,1,0,1,4
2022-09-01T19:00:00-00:00,2022-09-01T19:15:00-00:00,2022-09-01,13,ATWATER_1_N001,ATWATER_1_N001,ATWATER_1_N001,RTPD,MCL,LMP_LOSS_PRC,ATWATER_1_N001,ALL,1,0,1,4
2022-09-01T20:00:00-00:00,2022-09-01T20:15:00-00:00,2022-09-01,14,ATWATER_1_N001,ATWATER_1_N001,ATWATER_1_N001,RTPD,MCL,LMP_LOSS_PRC,ATWATER_1_N001,ALL,1,0,1,4
2022-09-01T21:00:00-00:00,2022-09-01T21:15:00-00:00,2022-09-01,15,ATWATER_1_N001,ATWATER_1_N001,ATWATER_1_N001,RTPD,MCL,LMP_LOSS_PRC,ATWATER_1_N001,ALL,1,0,1,4
2022-09-01T22:00:00-00:00,2022-09-01T22:15:00-00:00,2022-09-01,16,ATWATER_1_N001,ATWATER_1_N001,ATWATER_1_N001,RTPD,MCL,LMP_LOSS_PRC,ATWATER_1_N001,ALL,1,0,1,4
2022-09-01T23:00:00-00:00,2022-09-01T23:15:00-00:00,2022-09-01,17,ATWATER_1_N001,ATWATER_1_N001,ATWATER_1_N001,RTPD,MCL,LMP_LOSS_PRC,ATWATER_1_N001,ALL,1,0,1,4
2022-09-02T00:00:00-00:00,2022-09-02T00:15:00-00:00,2022-09-01,18,ATWATER_1_N001,ATWATER_1_N001,ATWATER_1_N001,RTPD,MCL,LMP_LOSS_PRC,ATWATER_1_N001,ALL,1,67.7341,1,4
2022-09-02T01:00:00-00:00,2022-09-02T01:15:00-00:00,2022-09-01,19,ATWATER_1_N001,ATWATER_1_N001,ATWATER_1_N001,RTPD,MCL,LMP_LOSS_PRC,ATWATER_1_N001,ALL,1,0,1,4
2022-09-02T02:00:00-00:00,2022-09-02T02:15:00-00:00,2022-09-01,20,ATWATER_1_N001,ATWATER_1_N001,ATWATER_1_N001,RTPD,MCL,LMP_LOSS_PRC,ATWATER_1_N001,ALL,1,0,1,4
2022-09-02T03:00:00-00:00,2022-09-02T03:15:00-00:00,2022-09-01,21,ATWATER_1_N001,ATWATER_1_N001,ATWATER_1_N001,RTPD,MCL,LMP_LOSS_PRC,ATWATER_1_N001,ALL,1,160.02086,1,4
2022-09-02T04:00:00-00:00,2022-09-02T04:15:00-00:00,2022-09-01,22,ATWATER_1_N001,ATWATER_1_N001,ATWATER_1_N001,RTPD,MCL,LMP_LOSS_PRC,ATWATER_1_N001,ALL,1,60.74476,1,4
2022-09-02T05:00:00-00:00,2022-09-02T05:15:00-00:00,2022-09-01,23,ATWATER_1_N001,ATWATER_1_N001,ATWATER_1_N001,RTPD,MCL,LMP_LOSS_PRC,ATWATER_1_N001,ALL,1,25.78279,1,4
2022-09-02T06:00:00-00:00,2022-09-02T06:15:00-00:00,2022-09-01,24,ATWATER_1_N001,ATWATER_1_N001,ATWATER_1_N001,RTPD,MCL,LMP_LOSS_PRC,ATWATER_1_N001,ALL,1,18.38091,1,4
2022-09-01T07:15:00-00:00,2022-09-01T07:30:00-00:00,2022-09-01,01,ATWATER_1_N001,ATWATER_1_N001,ATWATER_1_N001,RTPD,MCL,LMP_LOSS_PRC,ATWATER_1_N001,ALL,1,0,2,4
2022-09-01T08:15:00-00:00,2022-09-01T08:30:00-00:00,2022-09-01,02,ATWATER_1_N001,ATWATER_1_N001,ATWATER_1_N001,RTPD,MCL,LMP_LOSS_PRC,ATWATER_1_N001,ALL,1,0,2,4
2022-09-01T09:15:00-00:00,2022-09-01T09:30:00-00:00,2022-09-01,03,ATWATER_1_N001,ATWATER_1_N001,ATWATER_1_N001,RTPD,MCL,LMP_LOSS_PRC,ATWATER_1_N001,ALL,1,10.56783,2,4
2022-09-01T10:15:00-00:00,2022-09-01T10:30:00-00:00,2022-09-01,04,ATWATER_1_N001,ATWATER_1_N001,ATWATER_1_N001,RTPD,MCL,LMP_LOSS_PRC,ATWATER_1_N001,ALL,1,10.32153,2,4
2022-09-01T11:15:00-00:00,2022-09-01T11:30:00-00:00,2022-09-01,05,ATWATER_1_N001,ATWATER_1_N001,ATWATER_1_N001,RTPD,MCL,LMP_LOSS_PRC,ATWATER_1_N001,ALL,1,11.65955,2,4
2022-09-01T12:15:00-00:00,2022-09-01T12:30:00-00:00,2022-09-01,06,ATWATER_1_N001,ATWATER_1_N001,ATWATER_1_N001,RTPD,MCL,LMP_LOSS_PRC,ATWATER_1_N001,ALL,1,13.15144,2,4
2022-09-01T13:15:00-00:00,2022-09-01T13:30:00-00:00,2022-09-01,07,ATWATER_1_N001,ATWATER_1_N001,ATWATER_1_N001,RTPD,MCL,LMP_LOSS_PRC,ATWATER_1_N001,ALL,1,11.09783,2,4
2022-09-01T14:15:00-00:00,2022-09-01T14:30:00-00:00,2022-09-01,08,ATWATER_1_N001,ATWATER_1_N001,ATWATER_1_N001,RTPD,MCL,LMP_LOSS_PRC,ATWATER_1_N001,ALL,1,9.23177,2,4
2022-09-01T15:15:00-00:00,2022-09-01T15:30:00-00:00,2022-09-01,09,ATWATER_1_N001,ATWATER_1_N001,ATWATER_1_N001,RTPD,MCL,LMP_LOSS_PRC,ATWATER_1_N001,ALL,1,0,2,4
2022-09-01T16:15:00-00:00,2022-09-01T16:30:00-00:00,2022-09-01,10,ATWATER_1_N001,ATWATER_1_N001,ATWATER_1_N001,RTPD,MCL,LMP_LOSS_PRC,ATWATER_1_N001,ALL,1,0,2,4
2022-09-01T17:15:00-00:00,2022-09-01T17:30:00-00:00,2022-09-01,11,ATWATER_1_N001,ATWATER_1_N001,ATWATER_1_N001,RTPD,MCL,LMP_LOSS_PRC,ATWATER_1_N001,ALL,1,0,2,4
2022-09-01T18:15:00-00:00,2022-09-01T18:30:00-00:00,2022-09-01,12,ATWATER_1_N001,ATWATER_1_N001,ATWATER_1_N001,RTPD,MCL,LMP_LOSS_PRC,ATWATER_1_N001,ALL,1,0,2,4
2022-09-01T19:15:00-00:00,2022-09-01T19:30:00-00:00,2022-09-01,13,ATWATER_1_N001,ATWATER_1_N001,ATWATER_1_N001,RTPD,MCL,LMP_LOSS_PRC,ATWATER_1_N001,ALL,1,0,2,4
2022-09-01T20:15:00-00:00,2022-09-01T20:30:00-00:00,2022-09-01,14,ATWATER_1_N001,ATWATER_1_N001,ATWATER_1_N001,RTPD,MCL,LMP_LOSS_PRC,ATWATER_1_N001,ALL,1,0,2,4
2022-09-01T21:15:00-00:00,2022-09-01T21:30:00-00:00,2022-09-01,15,ATWATER_1_N001,ATWATER_1_N001,ATWATER_1_N001,RTPD,MCL,LMP_LOSS_PRC,ATWATER_1_N001,ALL,1,0,2,4
2022-09-01T22:15:00-00:00,2022-09-01T22:30:00-00:00,2022-09-01,16,ATWATER_1_N001,ATWATER_1_N001,ATWATER_1_N001,RTPD,MCL,LMP_LOSS_PRC,ATWATER_1_N001,ALL,1,0,2,4
2022-09-01T23:15:00-00:00,2022-09-01T23:30:00-00:00,2022-09-01,17,ATWATER_1_N001,ATWATER_1_N001,ATWATER_1_N001,RTPD,MCL,LMP_LOSS_PRC,ATWATER_1_N001,ALL,1,0,2,4
2022-09-02T00:15:00-00:00,2022-09-02T00:30:00-00:00,2022-09-01,18,ATWATER_1_N001,ATWATER_1_N001,ATWATER_1_N001,RTPD,MCL,LMP_LOSS_PRC,ATWATER_1_N001,ALL,1,62.41701,2,4
2022-09-02T01:15:00-00:00,2022-09-02T01:30:00-00:00,2022-09-01,19,ATWATER_1_N001,ATWATER_1_N001,ATWATER_1_N001,RTPD,MCL,LMP_LOSS_PRC,ATWATER_1_N001,ALL,1,0,2,4
2022-09-02T02:15:00-00:00,2022-09-02T02:30:00-00:00,2022-09-01,20,ATWATER_1_N001,ATWATER_1_N001,ATWATER_1_N001,RTPD,MCL,LMP_LOSS_PRC,ATWATER_1_N001,ALL,1,0,2,4
2022-09-02T03:15:00-00:00,2022-09-02T03:30:00-00:00,2022-09-01,21,ATWATER_1_N001,ATWATER_1_N001,ATWATER_1_N001,RTPD,MCL,LMP_LOSS_PRC,ATWATER_1_N001,ALL,1,68.33022,2,4
2022-09-02T04:15:00-00:00,2022-09-02T04:30:00-00:00,2022-09-01,22,ATWATER_1_N001,ATWATER_1_N001,ATWATER_1_N001,RTPD,MCL,LMP_LOSS_PRC,ATWATER_1_N001,ALL,1,51.62517,2,4
2022-09-02T05:15:00-00:00,2022-09-02T05:30:00-00:00,2022-09-01,23,ATWATER_1_N001,ATWATER_1_N001,ATWATER_1_N001,RTPD,MCL,LMP_LOSS_PRC,ATWATER_1_N001,ALL,1,24.16503,2,4
2022-09-02T06:15:00-00:00,2022-09-02T06:30:00-00:00,2022-09-01,24,ATWATER_1_N001,ATWATER_1_N001,ATWATER_1_N001,RTPD,MCL,LMP_LOSS_PRC,ATWATER_1_N001,ALL,1,15.99864,2,4
2022-09-01T07:30:00-00:00,2022-09-01T07:45:00-00:00,2022-09-01,01,ATWATER_1_N001,ATWATER_1_N001,ATWATER_1_N001,RTPD,MCL,LMP_LOSS_PRC,ATWATER_1_N001,ALL,1,0,3,4
2022-09-01T08:30:00-00:00,2022-09-01T08:45:00-00:00,2022-09-01,02,ATWATER_1_N001,ATWATER_1_N001,ATWATER_1_N001,RTPD,MCL,LMP_LOSS_PRC,ATWATER_1_N001,ALL,1,12.32237,3,4
2022-09-01T09:30:00-00:00,2022-09-01T09:45:00-00:00,2022-09-01,03,ATWATER_1_N001,ATWATER_1_N001,ATWATER_1_N001,RTPD,MCL,LMP_LOSS_PRC,ATWATER_1_N001,ALL,1,10.35612,3,4
2022-09-01T10:30:00-00:00,2022-09-01T10:45:00-00:00,2022-09-01,04,ATWATER_1_N001,ATWATER_1_N001,ATWATER_1_N001,RTPD,MCL,LMP_LOSS_PRC,ATWATER_1_N001,ALL,1,10.06986,3,4
2022-09-01T11:30:00-00:00,2022-09-01T11:45:00-00:00,2022-09-01,05,ATWATER_1_N001,ATWATER_1_N001,ATWATER_1_N001,RTPD,MCL,LMP_LOSS_PRC,ATWATER_1_N001,ALL,1,11.83152,3,4
2022-09-01T12:30:00-00:00,2022-09-01T12:45:00-00:00,2022-09-01,06,ATWATER_1_N001,ATWATER_1_N001,ATWATER_1_N001,RTPD,MCL,LMP_LOSS_PRC,ATWATER_1_N001,ALL,1,12.77708,3,4
2022-09-01T13:30:00-00:00,2022-09-01T13:45:00-00:00,2022-09-01,07,ATWATER_1_N001,ATWATER_1_N001,ATWATER_1_N001,RTPD,MCL,LMP_LOSS_PRC,ATWATER_1_N001,ALL,1,11.28585,3,4
2022-09-01T14:30:00-00:00,2022-09-01T14:45:00-00:00,2022-09-01,08,ATWATER_1_N001,ATWATER_1_N001,ATWATER_1_N001,RTPD,MCL,LMP_LOSS_PRC,ATWATER_1_N001,ALL,1,8.41151,3,4
2022-09-01T15:30:00-00:00,2022-09-01T15:45:00-00:00,2022-09-01,09,ATWATER_1_N001,ATWATER_1_N001,ATWATER_1_N001,RTPD,MCL,LMP_LOSS_PRC,ATWATER_1_N001,ALL,1,0,3,4
2022-09-01T16:30:00-00:00,2022-09-01T16:45:00-00:00,2022-09-01,10,ATWATER_1_N001,ATWATER_1_N001,ATWATER_1_N001,RTPD,MCL,LMP_LOSS_PRC,ATWATER_1_N001,ALL,1,0,3,4
2022-09-01T17:30:00-00:00,2022-09-01T17:45:00-00:00,2022-09-01,11,ATWATER_1_N001,ATWATER_1_N001,ATWATER_1_N001,RTPD,MCL,LMP_LOSS_PRC,ATWATER_1_N001,ALL,1,0,3,4
2022-09-01T18:30:00-00:00,2022-09-01T18:45:00-00:00,2022-09-01,12,ATWATER_1_N001,ATWATER_1_N001,ATWATER_1_N001,RTPD,MCL,LMP_LOSS_PRC,ATWATER_1_N001,ALL,1,0,3,4
2022-09-01T19:30:00-00:00,2022-09-01T19:45:00-00:00,2022-09-01,13,ATWATER_1_N001,ATWATER_1_N001,ATWATER_1_N001,RTPD,MCL,LMP_LOSS_PRC,ATWATER_1_N001,ALL,1,0,3,4
2022-09-01T20:30:00-00:00,2022-09-01T20:45:00-00:00,2022-09-01,14,ATWATER_1_N001,ATWATER_1_N001,ATWATER_1_N001,RTPD,MCL,LMP_LOSS_PRC,ATWATER_1_N001,ALL,1,0,3,4
2022-09-01T21:30:00-00:00,2022-09-01T21:45:00-00:00,2022-09-01,15,ATWATER_1_N001,ATWATER_1_N001,ATWATER_1_N001,RTPD,MCL,LMP_LOSS_PRC,ATWATER_1_N001,ALL,1,0,3,4
2022-09-01T22:30:00-00:00,2022-09-01T22:45:00-00:00,2022-09-01,16,ATWATER_1_N001,ATWATER_1_N001,ATWATER_1_N001,RTPD,MCL,LMP_LOSS_PRC,ATWATER_1_N001,ALL,1,0,3,4
2022-09-01T23:30:00-00:00,2022-09-01T23:45:00-00:00,2022-09-01,17,ATWATER_1_N001,ATWATER_1_N001,ATWATER_1_N001,RTPD,MCL,LMP_LOSS_PRC,ATWATER_1_N001,ALL,1,0,3,4
2022-09-02T00:30:00-00:00,2022-09-02T00:45:00-00:00,2022-09-01,18,ATWATER_1_N001,ATWATER_1_N001,ATWATER_1_N001,RTPD,MCL,LMP_LOSS_PRC,ATWATER_1_N001,ALL,1,0,3,4
2022-09-02T01:30:00-00:00,2022-09-02T01:45:00-00:00,2022-09-01,19,ATWATER_1_N001,ATWATER_1_N001,ATWATER_1_N001,RTPD,MCL,LMP_LOSS_PRC,ATWATER_1_N001,ALL,1,0,3,4
2022-09-02T02:30:00-00:00,2022-09-02T02:45:00-00:00,2022-09-01,20,ATWATER_1_N001,ATWATER_1_N001,ATWATER_1_N001,RTPD,MCL,LMP_LOSS_PRC,ATWATER_1_N001,ALL,1,0,3,4
2022-09-02T03:30:00-00:00,2022-09-02T03:45:00-00:00,2022-09-01,21,ATWATER_1_N001,ATWATER_1_N001,ATWATER_1_N001,RTPD,MCL,LMP_LOSS_PRC,ATWATER_1_N001,ALL,1,30.88532,3,4
2022-09-02T04:30:00-00:00,2022-09-02T04:45:00-00:00,2022-09-01,22,ATWATER_1_N001,ATWATER_1_N001,ATWATER_1_N001,RTPD,MCL,LMP_LOSS_PRC,ATWATER_1_N001,ALL,1,37.18358,3,4
2022-09-02T05:30:00-00:00,2022-09-02T05:45:00-00:00,2022-09-01,23,ATWATER_1_N001,ATWATER_1_N001,ATWATER_1_N001,RTPD,MCL,LMP_LOSS_PRC,ATWATER_1_N001,ALL,1,20.22899,3,4
2022-09-02T06:30:00-00:00,2022-09-02T06:45:00-00:00,2022-09-01,24,ATWATER_1_N001,ATWATER_1_N001,ATWATER_1_N001,RTPD,MCL,LMP_LOSS_PRC,ATWATER_1_N001,ALL,1,14.93671,3,4
2022-09-01T07:45:00-00:00,2022-09-01T08:00:00-00:00,2022-09-01,01,ATWATER_1_N001,ATWATER_1_N001,ATWATER_1_N001,RTPD,MCL,LMP_LOSS_PRC,ATWATER_1_N001,ALL,1,0,4,4
2022-09-01T08:45:00-00:00,2022-09-01T09:00:00-00:00,2022-09-01,02,ATWATER_1_N001,ATWATER_1_N001,ATWATER_1_N001,RTPD,MCL,LMP_LOSS_PRC,ATWATER_1_N001,ALL,1,10.13028,4,4
2022-09-01T09:45:00-00:00,2022-09-01T10:00:00-00:00,2022-09-01,03,ATWATER_1_N001,ATWATER_1_N001,ATWATER_1_N001,RTPD,MCL,LMP_LOSS_PRC,ATWATER_1_N001,ALL,1,9.90648,4,4
2022-09-01T10:45:00-00:00,2022-09-01T11:00:00-00:00,2022-09-01,04,ATWATER_1_N001,ATWATER_1_N001,ATWATER_1_N001,RTPD,MCL,LMP_LOSS_PRC,ATWATER_1_N001,ALL,1,9.5288,4,4
2022-09-01T11:45:00-00:00,2022-09-01T12:00:00-00:00,2022-09-01,05,ATWATER_1_N001,ATWATER_1_N001,ATWATER_1_N001,RTPD,MCL,LMP_LOSS_PRC,ATWATER_1_N001,ALL,1,0,4,4
2022-09-01T12:45:00-00:00,2022-09-01T13:00:00-00:00,2022-09-01,06,ATWATER_1_N001,ATWATER_1_N001,ATWATER_1_N001,RTPD,MCL,LMP_LOSS_PRC,ATWATER_1_N001,ALL,1,0,4,4
2022-09-01T13:45:00-00:00,2022-09-01T14:00:00-00:00,2022-09-01,07,ATWATER_1_N001,ATWATER_1_N001,ATWATER_1_N001,RTPD,MCL,LMP_LOSS_PRC,ATWATER_1_N001,ALL,1,0,4,4
2022-09-01T14:45:00-00:00,2022-09-01T15:00:00-00:00,2022-09-01,08,ATWATER_1_N001,ATWATER_1_N001,ATWATER_1_N001,RTPD,MCL,LMP_LOSS_PRC,ATWATER_1_N001,ALL,1,0,4,4
2022-09-01T15:45:00-00:00,2022-09-01T16:00:00-00:00,2022-09-01,09,ATWATER_1_N001,ATWATER_1_N001,ATWATER_1_N001,RTPD,MCL,LMP_LOSS_PRC,ATWATER_1_N001,ALL,1,0,4,4
2022-09-01T16:45:00-00:00,2022-09-01T17:00:00-00:00,2022-09-01,10,ATWATER_1_N001,ATWATER_1_N001,ATWATER_1_N001,RTPD,MCL,LMP_LOSS_PRC,ATWATER_1_N001,ALL,1,0,4,4
2022-09-01T17:45:00-00:00,2022-09-01T18:00:00-00:00,2022-09-01,11,ATWATER_1_N001,ATWATER_1_N001,ATWATER_1_N001,RTPD,MCL,LMP_LOSS_PRC,ATWATER_1_N001,ALL,1,0,4,4
2022-09-01T18:45:00-00:00,2022-09-01T19:00:00-00:00,2022-09-01,12,ATWATER_1_N001,ATWATER_1_N001,ATWATER_1_N001,RTPD,MCL,LMP_LOSS_PRC,ATWATER_1_N001,ALL,1,0,4,4
2022-09-01T19:45:00-00:00,2022-09-01T20:00:00-00:00,2022-09-01,13,ATWATER_1_N001,ATWATER_1_N001,ATWATER_1_N001,RTPD,MCL,LMP_LOSS_PRC,ATWATER_1_N001,ALL,1,0,4,4
2022-09-01T20:45:00-00:00,2022-09-01T21:00:00-00:00,2022-09-01,14,ATWATER_1_N001,ATWATER_1_N001,ATWATER_1_N001,RTPD,MCL,LMP_LOSS_PRC,ATWATER_1_N001,ALL,1,0,4,4
2022-09-01T21:45:00-00:00,2022-09-01T22:00:00-00:00,2022-09-01,15,ATWATER_1_N001,ATWATER_1_N001,ATWATER_1_N001,RTPD,MCL,LMP_LOSS_PRC,ATWATER_1_N001,ALL,1,0,4,4
2022-09-01T22:45:00-00:00,2022-09-01T23:00:00-00:00,2022-09-01,16,ATWATER_1_N001,ATWATER_1_N001,ATWATER_1_N001,RTPD,MCL,LMP_LOSS_PRC,ATWATER_1_N001,ALL,1,0,4,4
2022-09-01T23:45:00-00:00,2022-09-02T00:00:00-00:00,2022-09-01,17,ATWATER_1_N001,ATWATER_1_N001,ATWATER_1_N001,RTPD,MCL,LMP_LOSS_PRC,ATWATER_1_N001,ALL,1,0,4,4
2022-09-02T00:45:00-00:00,2022-09-02T01:00:00-00:00,2022-09-01,18,ATWATER_1_N001,ATWATER_1_N001,ATWATER_1_N001,RTPD,MCL,LMP_LOSS_PRC,ATWATER_1_N001,ALL,1,0,4,4
2022-09-02T01:45:00-00:00,2022-09-02T02:00:00-00:00,2022-09-01,19,ATWATER_1_N001,ATWATER_1_N001,ATWATER_1_N001,RTPD,MCL,LMP_LOSS_PRC,ATWATER_1_N001,ALL,1,0,4,4
2022-09-02T02:45:00-00:00,2022-09-02T03:00:00-00:00,2022-09-01,20,ATWATER_1_N001,ATWATER_1_N001,ATWATER_1_N001,RTPD,MCL,LMP_LOSS_PRC,ATWATER_1_N001,ALL,1,276.3838,4,4
2022-09-02T03:45:00-00:00,2022-09-02T04:00:00-00:00,2022-09-01,21,ATWATER_1_N001,ATWATER_1_N001,ATWATER_1_N001,RTPD,MCL,LMP_LOSS_PRC,ATWATER_1_N001,ALL,1,20.71891,4,4
2022-09-02T04:45:00-00:00,2022-09-02T05:00:00-00:00,2022-09-01,22,ATWATER_1_N001,ATWATER_1_N001,ATWATER_1_N001,RTPD,MCL,LMP_LOSS_PRC,ATWATER_1_N001,ALL,1,26.30347,4,4
2022-09-02T05:45:00-00:00,2022-09-02T06:00:00-00:00,2022-09-01,23,ATWATER_1_N001,ATWATER_1_N001,ATWATER_1_N001,RTPD,MCL,LMP_LOSS_PRC,ATWATER_1_N001,ALL,1,15.43554,4,4
2022-09-02T06:45:00-00:00,2022-09-02T07:00:00-00:00,2022-09-01,24,ATWATER_1_N001,ATWATER_1_N001,ATWATER_1_N001,RTPD,MCL,LMP_LOSS_PRC,ATWATER_1_N001,ALL,1,12.54745,4,4
2022-09-01T07:00:00-00:00,2022-09-01T07:15:00-00:00,2022-09-01,01,ATWATER_1_N001,ATWATER_1_N001,ATWATER_1_N001,RTPD,MGHG,LMP_GHG_PRC,ATWATER_1_N001,ALL,1,0,1,5
2022-09-01T08:00:00-00:00,2022-09-01T08:15:00-00:00,2022-09-01,02,ATWATER_1_N001,ATWATER_1_N001,ATWATER_1_N001,RTPD,MGHG,LMP_GHG_PRC,ATWATER_1_N001,ALL,1,0,1,5
2022-09-01T09:00:00-00:00,2022-09-01T09:15:00-00:00,2022-09-01,03,ATWATER_1_N001,ATWATER_1_N001,ATWATER_1_N001,RTPD,MGHG,LMP_GHG_PRC,ATWATER_1_N001,ALL,1,0,1,5
2022-09-01T10:00:00-00:00,2022-09-01T10:15:00-00:00,2022-09-01,04,ATWATER_1_N001,ATWATER_1_N001,ATWATER_1_N001,RTPD,MGHG,LMP_GHG_PRC,ATWATER_1_N001,ALL,1,0,1,5
2022-09-01T11:00:00-00:00,2022-09-01T11:15:00-00:00,2022-09-01,05,ATWATER_1_N001,ATWATER_1_N001,ATWATER_1_N001,RTPD,MGHG,LMP_GHG_PRC,ATWATER_1_N001,ALL,1,0,1,5
2022-09-01T12:00:00-00:00,2022-09-01T12:15:00-00:00,2022-09-01,06,ATWATER_1_N001,ATWATER_1_N001,ATWATER_1_N001,RTPD,MGHG,LMP_GHG_PRC,ATWATER_1_N001,ALL,1,0,1,5
2022-09-01T13:00:00-00:00,2022-09-01T13:15:00-00:00,2022-09-01,07,ATWATER_1_N001,ATWATER_1_N001,ATWATER_1_N001,RTPD,MGHG,LMP_GHG_PRC,ATWATER_1_N001,ALL,1,0,1,5
2022-09-01T14:00:00-00:00,2022-09-01T14:15:00-00:00,2022-09-01,08,ATWATER_1_N001,ATWATER_1_N001,ATWATER_1_N001,RTPD,MGHG,LMP_GHG_PRC,ATWATER_1_N001,ALL,1,0,1,5
2022-09-01T15:00:00-00:00,2022-09-01T15:15:00-00:00,2022-09-01,09,ATWATER_1_N001,ATWATER_1_N001,ATWATER_1_N001,RTPD,MGHG,LMP_GHG_PRC,ATWATER_1_N001,ALL,1,0,1,5
2022-09-01T16:00:00-00:00,2022-09-01T16:15:00-00:00,2022-09-01,10,ATWATER_1_N001,ATWATER_1_N001,ATWATER_1_N001,RTPD,MGHG,LMP_GHG_PRC,ATWATER_1_N001,ALL,1,0,1,5
2022-09-01T17:00:00-00:00,2022-09-01T17:15:00-00:00,2022-09-01,11,ATWATER_1_N001,ATWATER_1_N001,ATWATER_1_N001,RTPD,MGHG,LMP_GHG_PRC,ATWATER_1_N001,ALL,1,0,1,5
2022-09-01T18:00:00-00:00,2022-09-01T18:15:00-00:00,2022-09-01,12,ATWATER_1_N001,ATWATER_1_N001,ATWATER_1_N001,RTPD,MGHG,LMP_GHG_PRC,ATWATER_1_N001,ALL,1,0,1,5
2022-09-01T19:00:00-00:00,2022-09-01T19:15:00-00:00,2022-09-01,13,ATWATER_1_N001,ATWATER_1_N001,ATWATER_1_N001,RTPD,MGHG,LMP_GHG_PRC,ATWATER_1_N001,ALL,1,0,1,5
2022-09-01T20:00:00-00:00,2022-09-01T20:15:00-00:00,2022-09-01,14,ATWATER_1_N001,ATWATER_1_N001,ATWATER_1_N001,RTPD,MGHG,LMP_GHG_PRC,ATWATER_1_N001,ALL,1,0,1,5
2022-09-01T21:00:00-00:00,2022-09-01T21:15:00-00:00,2022-09-01,15,ATWATER_1_N001,ATWATER_1_N001,ATWATER_1_N001,RTPD,MGHG,LMP_GHG_PRC,ATWATER_1_N001,ALL,1,0,1,5
2022-09-01T22:00:00-00:00,2022-09-01T22:15:00-00:00,2022-09-01,16,ATWATER_1_N001,ATWATER_1_N001,ATWATER_1_N001,RTPD,MGHG,LMP_GHG_PRC,ATWATER_1_N001,ALL,1,0,1,5
2022-09-01T23:00:00-00:00,2022-09-01T23:15:00-00:00,2022-09-01,17,ATWATER_1_N001,ATWATER_1_N001,ATWATER_1_N001,RTPD,MGHG,LMP_GHG_PRC,ATWATER_1_N001,ALL,1,0,1,5
2022-09-02T00:00:00-00:00,2022-09-02T00:15:00-00:00,2022-09-01,18,ATWATER_1_N001,ATWATER_1_N001,ATWATER_1_N001,RTPD,MGHG,LMP_GHG_PRC,ATWATER_1_N001,ALL,1,0,1,5
2022-09-02T01:00:00-00:00,2022-09-02T01:15:00-00:00,2022-09-01,19,ATWATER_1_N001,ATWATER_1_N001,ATWATER_1_N001,RTPD,MGHG,LMP_GHG_PRC,ATWATER_1_N001,ALL,1,0,1,5
2022-09-02T02:00:00-00:00,2022-09-02T02:15:00-00:00,2022-09-01,20,ATWATER_1_N001,ATWATER_1_N001,ATWATER_1_N001,RTPD,MGHG,LMP_GHG_PRC,ATWATER_1_N001,ALL,1,0,1,5
2022-09-02T03:00:00-00:00,2022-09-02T03:15:00-00:00,2022-09-01,21,ATWATER_1_N001,ATWATER_1_N001,ATWATER_1_N001,RTPD,MGHG,LMP_GHG_PRC,ATWATER_1_N001,ALL,1,0,1,5
2022-09-02T04:00:00-00:00,2022-09-02T04:15:00-00:00,2022-09-01,22,ATWATER_1_N001,ATWATER_1_N001,ATWATER_1_N001,RTPD,MGHG,LMP_GHG_PRC,ATWATER_1_N001,ALL,1,0,1,5
2022-09-02T05:00:00-00:00,2022-09-02T05:15:00-00:00,2022-09-01,23,ATWATER_1_N001,ATWATER_1_N001,ATWATER_1_N001,RTPD,MGHG,LMP_GHG_PRC,ATWATER_1_N001,ALL,1,0,1,5
2022-09-02T06:00:00-00:00,2022-09-02T06:15:00-00:00,2022-09-01,24,ATWATER_1_N001,ATWATER_1_N001,ATWATER_1_N001,RTPD,MGHG,LMP_GHG_PRC,ATWATER_1_N001,ALL,1,0,1,5
2022-09-01T07:15:00-00:00,2022-09-01T07:30:00-00:00,2022-09-01,01,ATWATER_1_N001,ATWATER_1_N001,ATWATER_1_N001,RTPD,MGHG,LMP_GHG_PRC,ATWATER_1_N001,ALL,1,0,2,5
2022-09-01T08:15:00-00:00,2022-09-01T08:30:00-00:00,2022-09-01,02,ATWATER_1_N001,ATWATER_1_N001,ATWATER_1_N001,RTPD,MGHG,LMP_GHG_PRC,ATWATER_1_N001,ALL,1,0,2,5
2022-09-01T09:15:00-00:00,2022-09-01T09:30:00-00:00,2022-09-01,03,ATWATER_1_N001,ATWATER_1_N001,ATWATER_1_N001,RTPD,MGHG,LMP_GHG_PRC,ATWATER_1_N001,ALL,1,0,2,5
2022-09-01T10:15:00-00:00,2022-09-01T10:30:00-00:00,2022-09-01,04,ATWATER_1_N001,ATWATER_1_N001,ATWATER_1_N001,RTPD,MGHG,LMP_GHG_PRC,ATWATER_1_N001,ALL,1,0,2,5
2022-09-01T11:15:00-00:00,2022-09-01T11:30:00-00:00,2022-09-01,05,ATWATER_1_N001,ATWATER_1_N001,ATWATER_1_N001,RTPD,MGHG,LMP_GHG_PRC,ATWATER_1_N001,ALL,1,0,2,5
2022-09-01T12:15:00-00:00,2022-09-01T12:30:00-00:00,2022-09-01,06,ATWATER_1_N001,ATWATER_1_N001,ATWATER_1_N001,RTPD,MGHG,LMP_GHG_PRC,ATWATER_1_N001,ALL,1,0,2,5
2022-09-01T13:15:00-00:00,2022-09-01T13:30:00-00:00,2022-09-01,07,ATWATER_1_N001,ATWATER_1_N001,ATWATER_1_N001,RTPD,MGHG,LMP_GHG_PRC,ATWATER_1_N001,ALL,1,0,2,5
2022-09-01T14:15:00-00:00,2022-09-01T14:30:00-00:00,2022-09-01,08,ATWATER_1_N001,ATWATER_1_N001,ATWATER_1_N001,RTPD,MGHG,LMP_GHG_PRC,ATWATER_1_N001,ALL,1,0,2,5
2022-09-01T15:15:00-00:00,2022-09-01T15:30:00-00:00,2022-09-01,09,ATWATER_1_N001,ATWATER_1_N001,ATWATER_1_N001,RTPD,MGHG,LMP_GHG_PRC,ATWATER_1_N001,ALL,1,0,2,5
2022-09-01T16:15:00-00:00,2022-09-01T16:30:00-00:00,2022-09-01,10,ATWATER_1_N001,ATWATER_1_N001,ATWATER_1_N001,RTPD,MGHG,LMP_GHG_PRC,ATWATER_1_N001,ALL,1,0,2,5
2022-09-01T17:15:00-00:00,2022-09-01T17:30:00-00:00,2022-09-01,11,ATWATER_1_N001,ATWATER_1_N001,ATWATER_1_N001,RTPD,MGHG,LMP_GHG_PRC,ATWATER_1_N001,ALL,1,0,2,5
2022-09-01T18:15:00-00:00,2022-09-01T18:30:00-00:00,2022-09-01,12,ATWATER_1_N001,ATWATER_1_N001,ATWATER_1_N001,RTPD,MGHG,LMP_GHG_PRC,ATWATER_1_N001,ALL,1,0,2,5
2022-09-01T19:15:00-00:00,2022-09-01T19:30:00-00:00,2022-09-01,13,ATWATER_1_N001,ATWATER_1_N001,ATWATER_1_N001,RTPD,MGHG,LMP_GHG_PRC,ATWATER_1_N001,ALL,1,0,2,5
2022-09-01T20:15:00-00:00,2022-09-01T20:30:00-00:00,2022-09-01,14,ATWATER_1_N001,ATWATER_1_N001,ATWATER_1_N001,RTPD,MGHG,LMP_GHG_PRC,ATWATER_1_N001,ALL,1,0,2,5
2022-09-01T21:15:00-00:00,2022-09-01T21:30:00-00:00,2022-09-01,15,ATWATER_1_N001,ATWATER_1_N001,ATWATER_1_N001,RTPD,MGHG,LMP_GHG_PRC,ATWATER_1_N001,ALL,1,0,2,5
2022-09-01T22:15:00-00:00,2022-09-01T22:30:00-00:00,2022-09-01,16,ATWATER_1_N001,ATWATER_1_N001,ATWATER_1_N001,RTPD,MGHG,LMP_GHG_PRC,ATWATER_1_N001,ALL,1,0,2,5
2022-09-01T23:15:00-00:00,2022-09-01T23:30:00-00:00,2022-09-01,17,ATWATER_1_N001,ATWATER_1_N001,ATWATER_1_N001,RTPD,MGHG,LMP_GHG_PRC,ATWATER_1_N001,ALL,1,0,2,5
2022-09-02T00:15:00-00:00,2022-09-02T00:30:00-00:00,2022-09-01,18,ATWATER_1_N001,ATWATER_1_N001,ATWATER_1_N001,RTPD,MGHG,LMP_GHG_PRC,ATWATER_1_N001,ALL,1,0,2,5
2022-09-02T01:15:00-00:00,2022-09-02T01:30:00-00:00,2022-09-01,19,ATWATER_1_N001,ATWATER_1_N001,ATWATER_1_N001,RTPD,MGHG,LMP_GHG_PRC,ATWATER_1_N001,ALL,1,0,2,5
2022-09-02T02:15:00-00:00,2022-09-02T02:30:00-00:00,2022-09-01,20,ATWATER_1_N001,ATWATER_1_N001,ATWATER_1_N001,RTPD,MGHG,LMP_GHG_PRC,ATWATER_1_N001,ALL,1,0,2,5
2022-09-02T03:15:00-00:00,2022-09-02T03:30:00-00:00,2022-09-01,21,ATWATER_1_N001,ATWATER_1_N001,ATWATER_1_N001,RTPD,MGHG,LMP_GHG_PRC,ATWATER_1_N001,ALL,1,0,2,5
2022-09-02T04:15:00-00:00,2022-09-02T04:30:00-00:00,2022-09-01,22,ATWATER_1_N001,ATWATER_1_N001,ATWATER_1_N001,RTPD,MGHG,LMP_GHG_PRC,ATWATER_1_N001,ALL,1,0,2,5
2022-09-02T05:15:00-00:00,2022-09-02T05:30:00-00:00,2022-09-01,23,ATWATER_1_N001,ATWATER_1_N001,ATWATER_1_N001,RTPD,MGHG,LMP_GHG_PRC,ATWATER_1_N001,ALL,1,0,2,5
2022-09-02T06:15:00-00:00,2022-09-02T06:30:00-00:00,2022-09-01,24,ATWATER_1_N001,ATWATER_1_N001,ATWATER_1_N001,RTPD,MGHG,LMP_GHG_PRC,ATWATER_1_N001,ALL,1,0,2,5
2022-09-01T07:30:00-00:00,2022-09-01T07:45:00-00:00,2022-09-01,01,ATWATER_1_N001,ATWATER_1_N001,ATWATER_1_N001,RTPD,MGHG,LMP_GHG_PRC,ATWATER_1_N001,ALL,1,0,3,5
2022-09-01T08:30:00-00:00,2022-09-01T08:45:00-00:00,2022-09-01,02,ATWATER_1_N001,ATWATER_1_N001,ATWATER_1_N001,RTPD,MGHG,LMP_GHG_PRC,ATWATER_1_N001,ALL,1,0,3,5
2022-09-01T09:30:00-00:00,2022-09-01T09:45:00-00:00,2022-09-01,03,ATWATER_1_N001,ATWATER_1_N001,ATWATER_1_N001,RTPD,MGHG,LMP_GHG_PRC,ATWATER_1_N001,ALL,1,0,3,5
2022-09-01T10:30:00-00:00,2022-09-01T10:45:00-00:00,2022-09-01,04,ATWATER_1_N001,ATWATER_1_N001,ATWATER_1_N001,RTPD,MGHG,LMP_GHG_PRC,ATWATER_1_N001,ALL,1,0,3,5
2022-09-01T11:30:00-00:00,2022-09-01T11:45:00-00:00,2022-09-01,05,ATWATER_1_N001,ATWATER_1_N001,ATWATER_1_N001,RTPD,MGHG,LMP_GHG_PRC,ATWATER_1_N001,ALL,1,0,3,5
2022-09-01T12:30:00-00:00,2022-09-01T12:45:00-00:00,2022-09-01,06,ATWATER_1_N001,ATWATER_1_N001,ATWATER_1_N001,RTPD,MGHG,LMP_GHG_PRC,ATWATER_1_N001,ALL,1,0,3,5
2022-09-01T13:30:00-00:00,2022-09-01T13:45:00-00:00,2022-09-01,07,ATWATER_1_N001,ATWATER_1_N001,ATWATER_1_N001,RTPD,MGHG,LMP_GHG_PRC,ATWATER_1_N001,ALL,1,0,3,5
2022-09-01T14:30:00-00:00,2022-09-01T14:45:00-00:00,2022-09-01,08,ATWATER_1_N001,ATWATER_1_N001,ATWATER_1_N001,RTPD,MGHG,LMP_GHG_PRC,ATWATER_1_N001,ALL,1,0,3,5
2022-09-01T15:30:00-00:00,2022-09-01T15:45:00-00:00,2022-09-01,09,ATWATER_1_N001,ATWATER_1_N001,ATWATER_1_N001,RTPD,MGHG,LMP_GHG_PRC,ATWATER_1_N001,ALL,1,0,3,5
2022-09-01T16:30:00-00:00,2022-09-01T16:45:00-00:00,2022-09-01,10,ATWATER_1_N001,ATWATER_1_N001,ATWATER_1_N001,RTPD,MGHG,LMP_GHG_PRC,ATWATER_1_N001,ALL,1,0,3,5
2022-09-01T17:30:00-00:00,2022-09-01T17:45:00-00:00,2022-09-01,11,ATWATER_1_N001,ATWATER_1_N001,ATWATER_1_N001,RTPD,MGHG,LMP_GHG_PRC,ATWATER_1_N001,ALL,1,0,3,5
2022-09-01T18:30:00-00:00,2022-09-01T18:45:00-00:00,2022-09-01,12,ATWATER_1_N001,ATWATER_1_N001,ATWATER_1_N001,RTPD,MGHG,LMP_GHG_PRC,ATWATER_1_N001,ALL,1,0,3,5
2022-09-01T19:30:00-00:00,2022-09-01T19:45:00-00:00,2022-09-01,13,ATWATER_1_N001,ATWATER_1_N001,ATWATER_1_N001,RTPD,MGHG,LMP_GHG_PRC,ATWATER_1_N001,ALL,1,0,3,5
2022-09-01T20:30:00-00:00,2022-09-01T20:45:00-00:00,2022-09-01,14,ATWATER_1_N001,ATWATER_1_N001,ATWATER_1_N001,RTPD,MGHG,LMP_GHG_PRC,ATWATER_1_N001,ALL,1,0,3,5
2022-09-01T21:30:00-00:00,2022-09-01T21:45:00-00:00,2022-09-01,15,ATWATER_1_N001,ATWATER_1_N001,ATWATER_1_N001,RTPD,MGHG,LMP_GHG_PRC,ATWATER_1_N001,ALL,1,0,3,5
2022-09-01T22:30:00-00:00,2022-09-01T22:45:00-00:00,2022-09-01,16,ATWATER_1_N001,ATWATER_1_N001,ATWATER_1_N001,RTPD,MGHG,LMP_GHG_PRC,ATWATER_1_N001,ALL,1,0,3,5
2022-09-01T23:30:00-00:00,2022-09-01T23:45:00-00:00,2022-09-01,17,ATWATER_1_N001,ATWATER_1_N001,ATWATER_1_N001,RTPD,MGHG,LMP_GHG_PRC,ATWATER_1_N001,ALL,1,0,3,5
2022-09-02T00:30:00-00:00,2022-09-02T00:45:00-00:00,2022-09-01,18,ATWATER_1_N001,ATWATER_1_N001,ATWATER_1_N001,RTPD,MGHG,LMP_GHG_PRC,ATWATER_1_N001,ALL,1,0,3,5
2022-09-02T01:30:00-00:00,2022-09-02T01:45:00-00:00,2022-09-01,19,ATWATER_1_N001,ATWATER_1_N001,ATWATER_1_N001,RTPD,MGHG,LMP_GHG_PRC,ATWATER_1_N001,ALL,1,0,3,5
2022-09-02T02:30:00-00:00,2022-09-02T02:45:00-00:00,2022-09-01,20,ATWATER_1_N001,ATWATER_1_N001,ATWATER_1_N001,RTPD,MGHG,LMP_GHG_PRC,ATWATER_1_N001,ALL,1,0,3,5
2022-09-02T03:30:00-00:00,2022-09-02T03:45:00-00:00,2022-09-01,21,ATWATER_1_N001,ATWATER_1_N001,ATWATER_1_N001,RTPD,MGHG,LMP_GHG_PRC,ATWATER_1_N001,ALL,1,0,3,5
2022-09-02T04:30:00-00:00,2022-09-02T04:45:00-00:00,2022-09-01,22,ATWATER_1_N001,ATWATER_1_N001,ATWATER_1_N001,RTPD,MGHG,LMP_GHG_PRC,ATWATER_1_N001,ALL,1,0,3,5
2022-09-02T05:30:00-00:00,2022-09-02T05:45:00-00:00,2022-09-01,23,ATWATER_1_N001,ATWATER_1_N001,ATWATER_1_N001,RTPD,MGHG,LMP_GHG_PRC,ATWATER_1_N001,ALL,1,0,3,5
2022-09-02T06:30:00-00:00,2022-09-02T06:45:00-00:00,2022-09-01,24,ATWATER_1_N001,ATWATER_1_N001,ATWATER_1_N001,RTPD,MGHG,LMP_GHG_PRC,ATWATER_1_N001,ALL,1,0,3,5
2022-09-01T07:45:00-00:00,2022-09-01T08:00:00-00:00,2022-09-01,01,ATWATER_1_N001,ATWATER_1_N001,ATWATER_1_N001,RTPD,MGHG,LMP_GHG_PRC,ATWATER_1_N001,ALL,1,0,4,5
2022-09-01T08:45:00-00:00,2022-09-01T09:00:00-00:00,2022-09-01,02,ATWATER_1_N001,ATWATER_1_N001,ATWATER_1_N001,RTPD,MGHG,LMP_GHG_PRC,ATWATER_1_N001,ALL,1,0,4,5
2022-09-01T09:45:00-00:00,2022-09-01T10:00:00-00:00,2022-09-01,03,ATWATER_1_N001,ATWATER_1_N001,ATWATER_1_N001,RTPD,MGHG,LMP_GHG_PRC,ATWATER_1_N001,ALL,1,0,4,5
2022-09-01T10:45:00-00:00,2022-09-01T11:00:00-00:00,2022-09-01,04,ATWATER_1_N001,ATWATER_1_N001,ATWATER_1_N001,RTPD,MGHG,LMP_GHG_PRC,ATWATER_1_N001,ALL,1,0,4,5
2022-09-01T11:45:00-00:00,2022-09-01T12:00:00-00:00,2022-09-01,05,ATWATER_1_N001,ATWATER_1_N001,ATWATER_1_N001,RTPD,MGHG,LMP_GHG_PRC,ATWATER_1_N001,ALL,1,0,4,5
2022-09-01T12:45:00-00:00,2022-09-01T13:00:00-00:00,2022-09-01,06,ATWATER_1_N001,ATWATER_1_N001,ATWATER_1_N001,RTPD,MGHG,LMP_GHG_PRC,ATWATER_1_N001,ALL,1,0,4,5
2022-09-01T13:45:00-00:00,2022-09-01T14:00:00-00:00,2022-09-01,07,ATWATER_1_N001,ATWATER_1_N001,ATWATER_1_N001,RTPD,MGHG,LMP_GHG_PRC,ATWATER_1_N001,ALL,1,0,4,5
2022-09-01T14:45:00-00:00,2022-09-01T15:00:00-00:00,2022-09-01,08,ATWATER_1_N001,ATWATER_1_N001,ATWATER_1_N001,RTPD,MGHG,LMP_GHG_PRC,ATWATER_1_N001,ALL,1,0,4,5
2022-09-01T15:45:00-00:00,2022-09-01T16:00:00-00:00,2022-09-01,09,ATWATER_1_N001,ATWATER_1_N001,ATWATER_1_N001,RTPD,MGHG,LMP_GHG_PRC,ATWATER_1_N001,ALL,1,0,4,5
2022-09-01T16:45:00-00:00,2022-09-01T17:00:00-00:00,2022-09-01,10,ATWATER_1_N001,ATWATER_1_N001,ATWATER_1_N001,RTPD,MGHG,LMP_GHG_PRC,ATWATER_1_N001,ALL,1,0,4,5
2022-09-01T17:45:00-00:00,2022-09-01T18:00:00-00:00,2022-09-01,11,ATWATER_1_N001,ATWATER_1_N001,ATWATER_1_N001,RTPD,MGHG,LMP_GHG_PRC,ATWATER_1_N001,ALL,1,0,4,5
2022-09-01T18:45:00-00:00,2022-09-01T19:00:00-00:00,2022-09-01,12,ATWATER_1_N001,ATWATER_1_N001,ATWATER_1_N001,RTPD,MGHG,LMP_GHG_PRC,ATWATER_1_N001,ALL,1,0,4,5
2022-09-01T19:45:00-00:00,2022-09-01T20:00:00-00:00,2022-09-01,13,ATWATER_1_N001,ATWATER_1_N001,ATWATER_1_N001,RTPD,MGHG,LMP_GHG_PRC,ATWATER_1_N001,ALL,1,0,4,5
2022-09-01T20:45:00-00:00,2022-09-01T21:00:00-00:00,2022-09-01,14,ATWATER_1_N001,ATWATER_1_N001,ATWATER_1_N001,RTPD,MGHG,LMP_GHG_PRC,ATWATER_1_N001,ALL,1,0,4,5
2022-09-01T21:45:00-00:00,2022-09-01T22:00:00-00:00,2022-09-01,15,ATWATER_1_N001,ATWATER_1_N001,ATWATER_1_N001,RTPD,MGHG,LMP_GHG_PRC,ATWATER_1_N001,ALL,1,0,4,5
2022-09-01T22:45:00-00:00,2022-09-01T23:00:00-00:00,2022-09-01,16,ATWATER_1_N001,ATWATER_1_N001,ATWATER_1_N001,RTPD,MGHG,LMP_GHG_PRC,ATWATER_1_N001,ALL,1,0,4,5
2022-09-01T23:45:00-00:00,2022-09-02T00:00:00-00:00,2022-09-01,17,ATWATER_1_N001,ATWATER_1_N001,ATWATER_1_N001,RTPD,MGHG,LMP_GHG_PRC,ATWATER_1_N001,ALL,1,0,4,5
2022-09-02T00:45:00-00:00,2022-09-02T01:00:00-00:00,2022-09-01,18,ATWATER_1_N001,ATWATER_1_N001,ATWATER_1_N001,RTPD,MGHG,LMP_GHG_PRC,ATWATER_1_N001,ALL,1,0,4,5
2022-09-02T01:45:00-00:00,2022-09-02T02:00:00-00:00,2022-09-01,19,ATWATER_1_N001,ATWATER_1_N001,ATWATER_1_N001,RTPD,MGHG,LMP_GHG_PRC,ATWATER_1_N001,ALL,1,0,4,5
2022-09-02T02:45:00-00:00,2022-09-02T03:00:00-00:00,2022-09-01,20,ATWATER_1_N001,ATWATER_1_N001,ATWATER_1_N001,RTPD,MGHG,LMP_GHG_PRC,ATWATER_1_N001,ALL,1,0,4,5
2022-09-02T03:45:00-00:00,2022-09-02T04:00:00-00:00,2022-09-01,21,ATWATER_1_N001,ATWATER_1_N001,ATWATER_1_N001,RTPD,MGHG,LMP_GHG_PRC,ATWATER_1_N001,ALL,1,0,4,5
2022-09-02T04:45:00-00:00,2022-09-02T05:00:00-00:00,2022-09-01,22,ATWATER_1_N001,ATWATER_1_N001,ATWATER_1_N001,RTPD,MGHG,LMP_GHG_PRC,ATWATER_1_N001,ALL,1,0,4,5
2022-09-02T05:45:00-00:00,2022-09-02T06:00:00-00:00,2022-09-01,23,ATWATER_1_N001,ATWATER_1_N001,ATWATER_1_N001,RTPD,MGHG,LMP_GHG_PRC,ATWATER_1_N001,ALL,1,0,4,5
2022-09-02T06:45:00-00:00,2022-09-02T07:00:00-00:00,2022-09-01,24,ATWATER_1_N001,ATWATER_1_N001,ATWATER_1_N001,RTPD,MGHG,LMP_GHG_PRC,ATWATER_1_N001,ALL,1,0,4,5
