INTERVALSTARTTIME_GMT,INTERVALENDTIME_GMT,OPR_DT,OPR_HR,NODE_ID_XML,NODE_ID,NODE,MARKET_RUN_ID,LMP_TYPE,XML_DATA_ITEM,PNODE_RESMRID,GRP_TYPE,POS,PRC,OPR_INTERVAL,GROUP
2022-09-01T07:00:00-00:00,2022-09-01T07:15:00-00:00,2022-09-01,01,BAYSHOR2_1_N001,BAYSHOR2_1_N001,BAYSHOR2_1_N001,RTPD,LMP,LMP_PRC,BAYSHOR2_1_N001,ALL,1,82.71735,1,1
2022-09-01T08:00:00-00:00,2022-09-01T08:15:00-00:00,2022-09-01,02,BAYSHOR2_1_N001,BAYSHOR2_1_N001,BAYSHOR2_1_N001,RTPD,LMP,LMP_PRC,BAYSHOR2_1_N001,ALL,1,112.15837,1,1
2022-09-01T09:00:00-00:00,2022-09-01T09:15:00-00:00,2022-09-01,03,BAYSHOR2_1_N001,BAYSHOR2_1_N001,BAYSHOR2_1_N001,RTPD,LMP,LMP_PRC,BAYSHOR2_1_N001,ALL,1,96.86241,1,1
2022-09-01T10:00:00-00:00,2022-09-01T10:15:00-00:00,2022-09-01,04,BAYSHOR2_1_N001,BAYSHOR2_1_N001,BAYSHOR2_1_N001,RTPD,LMP,LMP_PRC,BAYSHOR2_1_N001,ALL,1,96.62713,1,1
2022-09-01T11:00:00-00:00,2022-09-01T11:15:00-00:00,2022-09-01,05,BAYSHOR2_1_N001,BAYSHOR2_1_N001,BAYSHOR2_1_N001,RTPD,LMP,LMP_PRC,BAYSHOR2_1_N001,ALL,1,104.59945,1,1
2022-09-01T12:00:00-00:00,2022-09-01T12:15:00-00:00,2022-09-01,06,BAYSHOR2_1_N001,BAYSHOR2_1_N001,BAYSHOR2_1_N001,RTPD,LMP,LMP_PRC,BAYSHOR2_1_N001,ALL,1,88.35109,1,1
2022-09-01T13:00:00-00:00,2022-09-01T13:15:00-00:00,2022-09-01,07,BAYSHOR2_1_N001,BAYSHOR2_1_N001,BAYSHOR2_1_N001,RTPD,LMP,LMP_PRC,BAYSHOR2_1_N001,ALL,1,88.41894,1,1
2022-09-01T14:00:00-00:00,2022-09-01T14:15:00-00:00,2022-09-01,08,BAYSHOR2_1_N001,BAYSHOR2_1_N001,BAYSHOR2_1_N001,RTPD,LMP,LMP_PRC,BAYSHOR2_1_N001,ALL,1,116.10112,1,1
2022-09-01T15:00:00-00:00,2022-09-01T15:15:00-00:00,2022-09-01,09,BAYSHOR2_1_N001,BAYSHOR2_1_N001,BAYSHOR2_1_N001,RTPD,LMP,LMP_PRC,BAYSHOR2_1_N001,ALL,1,97.4112,1,1
2022-09-01T16:00:00-00:00,2022-09-01T16:15:00-00:00,2022-09-01,10,BAYSHOR2_1_N001,BAYSHOR2_1_N001,BAYSHOR2_1_N001,RTPD,LMP,LMP_PRC,BAYSHOR2_1_N001,ALL,1,83.43525,1,1
2022-09-01T17:00:00-00:00,2022-09-01T17:15:00-00:00,2022-09-01,11,BAYSHOR2_1_N001,BAYSHOR2_1_N001,BAYSHOR2_1_N001,RTPD,LMP,LMP_PRC,BAYSHOR2_1_N001,ALL,1,80.03684,1,1
2022-09-01T18:00:00-00:00,2022-09-01T18:15:00-00:00,2022-09-01,12,BAYSHOR2_1_N001,BAYSHOR2_1_N001,BAYSHOR2_1_N001,RTPD,LMP,LMP_PRC,BAYSHOR2_1_N001,ALL,1,58.76669,1,1
2022-09-01T19:00:00-00:00,2022-09-01T19:15:00-00:00,2022-09-01,13,BAYSHOR2_1_N001,BAYSHOR2_1_N001,BAYSHOR2_1_N001,RTPD,LMP,LMP_PRC,BAYSHOR2_1_N001,ALL,1,72.96441,1,1
2022-09-01T20:00:00-00:00,2022-09-01T20:15:00-00:00,2022-09-01,14,BAYSHOR2_1_N001,BAYSHOR2_1_N001,BAYSHOR2_1_N001,RTPD,LMP,LMP_PRC,BAYSHOR2_1_N001,ALL,1,114.38133,1,1
2022-09-01T21:00:00-00:00,2022-09-01T21:15:00-00:00,2022-09-01,15,BAYSHOR2_1_N001,BAYSHOR2_1_N001,BAYSHOR2_1_N001,RTPD,LMP,LMP_PRC,BAYSHOR2_1_N001,ALL,1,126.06158,1,1
2022-09-01T22:00:00-00:00,2022-09-01T22:15:00-00:00,2022-09-01,16,BAYSHOR2_1_N001,BAYSHOR2_1_N001,BAYSHOR2_1_N001,RTPD,LMP,LMP_PRC,BAYSHOR2_1_N001,ALL,1,119.86288,1,1
2022-09-01T23:00:00-00:00,2022-09-01T23:15:00-00:00,2022-09-01,17,BAYSHOR2_1_N001,BAYSHOR2_1_N001,BAYSHOR2_1_N001,RTPD,LMP,LMP_PRC,BAYSHOR2_1_N001,ALL,1,215.17381,1,1
2022-09-02T00:00:00-00:00,2022-09-02T00:15:00-00:00,2022-09-01,18,BAYSHOR2_1_N001,BAYSHOR2_1_N001,BAYSHOR2_1_N001,RTPD,LMP,LMP_PRC,BAYSHOR2_1_N001,ALL,1,1173.1638,1,1
2022-09-02T01:00:00-00:00,2022-09-02T01:15:00-00:00,2022-09-01,19,BAYSHOR2_1_N001,BAYSHOR2_1_N001,BAYSHOR2_1_N001,RTPD,LMP,LMP_PRC,BAYSHOR2_1_N001,ALL,1,1256.0526,1,1
2022-09-02T02:00:00-00:00,2022-09-02T02:15:00-00:00,2022-09-01,20,BAYSHOR2_1_N001,BAYSHOR2_1_N001,BAYSHOR2_1_N001,RTPD,LMP,LMP_PRC,BAYSHOR2_1_N001,ALL,1,1991.6721,1,1
2022-09-02T03:00:00-00:00,2022-09-02T03:15:00-00:00,2022-09-01,21,BAYSHOR2_1_N001,BAYSHOR2_1_N001,BAYSHOR2_1_N001,RTPD,LMP,LMP_PRC,BAYSHOR2_1_N001,ALL,1,1398.0217,1,1
2022-09-02T04:00:00-00:00,2022-09-02T04:15:00-00:00,2022-09-01,22,BAYSHOR2_1_N001,BAYSHOR2_1_N001,BAYSHOR2_1_N001,RTPD,LMP,LMP_PRC,BAYSHOR2_1_N001,ALL,1,270.4637,1,1
2022-09-02T05:00:00-00:00,2022-09-02T05:15:00-00:00,2022-09-01,23,BAYSHOR2_1_N001,BAYSHOR2_1_N001,BAYSHOR2_1_N001,RTPD,LMP,LMP_PRC,BAYSHOR2_1_N001,ALL,1,189.82513,1,1
2022-09-02T06:00:00-00:00,2022-09-02T06:15:00-00:00,2022-09-01,24,BAYSHOR2_1_N001,BAYSHOR2_1_N001,BAYSHOR2_1_N001,RTPD,LMP,LMP_PRC,BAYSHOR2_1_N001,ALL,1,162.98166,1,1
2022-09-01T07:15:00-00:00,2022-09-01T07:30:00-00:00,2022-09-01,01,BAYSHOR2_1_N001,BAYSHOR2_1_N001,BAYSHOR2_1_N001,RTPD,LMP,LMP_PRC,BAYSHOR2_1_N001,ALL,1,115.50201,2,1
2022-09-01T08:15:00-00:00,2022-09-01T08:30:00-00:00,2022-09-01,02,BAYSHOR2_1_N001,BAYSHOR2_1_N001,BAYSHOR2_1_N001,RTPD,LMP,LMP_PRC,BAYSHOR2_1_N001,ALL,1,114.60398,2,1
2022-09-01T09:15:00-00:00,2022-09-01T09:30:00-00:00,2022-09-01,03,BAYSHOR2_1_N001,BAYSHOR2_1_N001,BAYSHOR2_1_N001,RTPD,LMP,LMP_PRC,BAYSHOR2_1_N001,ALL,1,93.99488,2,1
2022-09-01T10:15:00-00:00,2022-09-01T10:30:00-00:00,2022-09-01,04,BAYSHOR2_1_N001,BAYSHOR2_1_N001,BAYSHOR2_1_N001,RTPD,LMP,LMP_PRC,BAYSHOR2_1_N001,ALL,1,93.35448,2,1
2022-09-01T11:15:00-00:00,2022-09-01T11:30:00-00:00,2022-09-01,05,BAYSHOR2_1_N001,BAYSHOR2_1_N001,BAYSHOR2_1_N001,RTPD,LMP,LMP_PRC,BAYSHOR2_1_N001,ALL,1,105.11116,2,1
2022-09-01T12:15:00-00:00,2022-09-01T12:30:00-00:00,2022-09-01,06,BAYSHOR2_1_N001,BAYSHOR2_1_N001,BAYSHOR2_1_N001,RTPD,LMP,LMP_PRC,BAYSHOR2_1_N001,ALL,1,105.25013,2,1
2022-09-01T13:15:00-00:00,2022-09-01T13:30:00-00:00,2022-09-01,07,BAYSHOR2_1_N001,BAYSHOR2_1_N001,BAYSHOR2_1_N001,RTPD,LMP,LMP_PRC,BAYSHOR2_1_N001,ALL,1,113.11297,2,1
2022-09-01T14:15:00-00:00,2022-09-01T14:30:00-00:00,2022-09-01,08,BAYSHOR2_1_N001,BAYSHOR2_1_N001,BAYSHOR2_1_N001,RTPD,LMP,LMP_PRC,BAYSHOR2_1_N001,ALL,1,109.3876,2,1
2022-09-01T15:15:00-00:00,2022-09-01T15:30:00-00:00,2022-09-01,09,BAYSHOR2_1_N001,BAYSHOR2_1_N001,BAYSHOR2_1_N001,RTPD,LMP,LMP_PRC,BAYSHOR2_1_N001,ALL,1,86.9388,2,1
2022-09-01T16:15:00-00:00,2022-09-01T16:30:00-00:00,2022-09-01,10,BAYSHOR2_1_N001,BAYSHOR2_1_N001,BAYSHOR2_1_N001,RTPD,LMP,LMP_PRC,BAYSHOR2_1_N001,ALL,1,87.79185,2,1
2022-09-01T17:15:00-00:00,2022-09-01T17:30:00-00:00,2022-09-01,11,BAYSHOR2_1_N001,BAYSHOR2_1_N001,BAYSHOR2_1_N001,RTPD,LMP,LMP_PRC,BAYSHOR2_1_N001,ALL,1,78.75042,2,1
2022-09-01T18:15:00-00:00,2022-09-01T18:30:00-00:00,2022-09-01,12,BAYSHOR2_1_N001,BAYSHOR2_1_N001,BAYSHOR2_1_N001,RTPD,LMP,LMP_PRC,BAYSHOR2_1_N001,ALL,1,74.28781,2,1
2022-09-01T19:15:00-00:00,2022-09-01T19:30:00-00:00,2022-09-01,13,BAYSHOR2_1_N001,BAYSHOR2_1_N001,BAYSHOR2_1_N001,RTPD,LMP,LMP_PRC,BAYSHOR2_1_N001,ALL,1,75.31444,2,1
2022-09-01T20:15:00-00:00,2022-09-01T20:30:00-00:00,2022-09-01,14,BAYSHOR2_1_N001,BAYSHOR2_1_N001,BAYSHOR2_1_N001,RTPD,LMP,LMP_PRC,BAYSHOR2_1_N001,ALL,1,114.26961,2,1
2022-09-01T21:15:00-00:00,2022-09-01T21:30:00-00:00,2022-09-01,15,BAYSHOR2_1_N001,BAYSHOR2_1_N001,BAYSHOR2_1_N001,RTPD,LMP,LMP_PRC,BAYSHOR2_1_N001,ALL,1,120.03672,2,1
2022-09-01T22:15:00-00:00,2022-09-01T22:30:00-00:00,2022-09-01,16,BAYSHOR2_1_N001,BAYSHOR2_1_N001,BAYSHOR2_1_N001,RTPD,LMP,LMP_PRC,BAYSHOR2_1_N001,ALL,1,137.12724,2,1
2022-09-01T23:15:00-00:00,2022-09-01T23:30:00-00:00,2022-09-01,17,BAYSHOR2_1_N001,BAYSHOR2_1_N001,BAYSHOR2_1_N001,RTPD,LMP,LMP_PRC,BAYSHOR2_1_N001,ALL,1,263.02444,2,1
2022-09-02T00:15:00-00:00,2022-09-02T00:30:00-00:00,2022-09-01,18,BAYSHOR2_1_N001,BAYSHOR2_1_N001,BAYSHOR2_1_N001,RTPD,LMP,LMP_PRC,BAYSHOR2_1_N001,ALL,1,1077.2539,2,1
2022-09-02T01:15:00-00:00,2022-09-02T01:30:00-00:00,2022-09-01,19,BAYSHOR2_1_N001,BAYSHOR2_1_N001,BAYSHOR2_1_N001,RTPD,LMP,LMP_PRC,BAYSHOR2_1_N001,ALL,1,1999.9933,2,1
2022-09-02T02:15:00-00:00,2022-09-02T02:30:00-00:00,2022-09-01,20,BAYSHOR2_1_N001,BAYSHOR2_1_N001,BAYSHOR2_1_N001,RTPD,LMP,LMP_PRC,BAYSHOR2_1_N001,ALL,1,1991.6721,2,1
2022-09-02T03:15:00-00:00,2022-09-02T03:30:00-00:00,2022-09-01,21,BAYSHOR2_1_N001,BAYSHOR2_1_N001,BAYSHOR2_1_N001,RTPD,LMP,LMP_PRC,BAYSHOR2_1_N001,ALL,1,573.37024,2,1
2022-09-02T04:15:00-00:00,2022-09-02T04:30:00-00:00,2022-09-01,22,BAYSHOR2_1_N001,BAYSHOR2_1_N001,BAYSHOR2_1_N001,RTPD,LMP,LMP_PRC,BAYSHOR2_1_N001,ALL,1,234.88664,2,1
2022-09-02T05:15:00-00:00,2022-09-02T05:30:00-00:00,2022-09-01,23,BAYSHOR2_1_N001,BAYSHOR2_1_N001,BAYSHOR2_1_N001,RTPD,LMP,LMP_PRC,BAYSHOR2_1_N001,ALL,1,162.06914,2,1
2022-09-02T06:15:00-00:00,2022-09-02T06:30:00-00:00,2022-09-01,24,BAYSHOR2_1_N001,BAYSHOR2_1_N001,BAYSHOR2_1_N001,RTPD,LMP,LMP_PRC,BAYSHOR2_1_N001,ALL,1,145.56183,2,1
2022-09-01T07:30:00-00:00,2022-09-01T07:45:00-00:00,2022-09-01,01,BAYSHOR2_1_N001,BAYSHOR2_1_N001,BAYSHOR2_1_N001,RTPD,LMP,LMP_PRC,BAYSHOR2_1_N001,ALL,1,102.75173,3,1
2022-09-01T08:30:00-00:00,2022-09-01T08:45:00-00:00,2022-09-01,02,BAYSHOR2_1_N001,BAYSHOR2_1_N001,BAYSHOR2_1_N001,RTPD,LMP,LMP_PRC,BAYSHOR2_1_N001,ALL,1,113.20045,3,1
2022-09-01T09:30:00-00:00,2022-09-01T09:45:00-00:00,2022-09-01,03,BAYSHOR2_1_N001,BAYSHOR2_1_N001,BAYSHOR2_1_N001,RTPD,LMP,LMP_PRC,BAYSHOR2_1_N001,ALL,1,93.73945,3,1
2022-09-01T10:30:00-00:00,2022-09-01T10:45:00-00:00,2022-09-01,04,BAYSHOR2_1_N001,BAYSHOR2_1_N001,BAYSHOR2_1_N001,RTPD,LMP,LMP_PRC,BAYSHOR2_1_N001,ALL,1,95.19614,3,1
2022-09-01T11:30:00-00:00,2022-09-01T11:45:00-00:00,2022-09-01,05,BAYSHOR2_1_N001,BAYSHOR2_1_N001,BAYSHOR2_1_N001,RTPD,LMP,LMP_PRC,BAYSHOR2_1_N001,ALL,1,105.23659,3,1
2022-09-01T12:30:00-00:00,2022-09-01T12:45:00-00:00,2022-09-01,06,BAYSHOR2_1_N001,BAYSHOR2_1_N001,BAYSHOR2_1_N001,RTPD,LMP,LMP_PRC,BAYSHOR2_1_N001,ALL,1,105.22896,3,1
2022-09-01T13:30:00-00:00,2022-09-01T13:45:00-00:00,2022-09-01,07,BAYSHOR2_1_N001,BAYSHOR2_1_N001,BAYSHOR2_1_N001,RTPD,LMP,LMP_PRC,BAYSHOR2_1_N001,ALL,1,114.5536,3,1
2022-09-01T14:30:00-00:00,2022-09-01T14:45:00-00:00,2022-09-01,08,BAYSHOR2_1_N001,BAYSHOR2_1_N001,BAYSHOR2_1_N001,RTPD,LMP,LMP_PRC,BAYSHOR2_1_N001,ALL,1,106.63068,3,1
2022-09-01T15:30:00-00:00,2022-09-01T15:45:00-00:00,2022-09-01,09,BAYSHOR2_1_N001,BAYSHOR2_1_N001,BAYSHOR2_1_N001,RTPD,LMP,LMP_PRC,BAYSHOR2_1_N001,ALL,1,86.1388,3,1
2022-09-01T16:30:00-00:00,2022-09-01T16:45:00-00:00,2022-09-01,10,BAYSHOR2_1_N001,BAYSHOR2_1_N001,BAYSHOR2_1_N001,RTPD,LMP,LMP_PRC,BAYSHOR2_1_N001,ALL,1,74.92529,3,1
2022-09-01T17:30:00-00:00,2022-09-01T17:45:00-00:00,2022-09-01,11,BAYSHOR2_1_N001,BAYSHOR2_1_N001,BAYSHOR2_1_N001,RTPD,LMP,LMP_PRC,BAYSHOR2_1_N001,ALL,1,78.4595,3,1
2022-09-01T18:30:00-00:00,2022-09-01T18:45:00-00:00,2022-09-01,12,BAYSHOR2_1_N001,BAYSHOR2_1_N001,BAYSHOR2_1_N001,RTPD,LMP,LMP_PRC,BAYSHOR2_1_N001,ALL,1,79.18374,3,1
2022-09-01T19:30:00-00:00,2022-09-01T19:45:00-00:00,2022-09-01,13,BAYSHOR2_1_N001,BAYSHOR2_1_N001,BAYSHOR2_1_N001,RTPD,LMP,LMP_PRC,BAYSHOR2_1_N001,ALL,1,101.23727,3,1
2022-09-01T20:30:00-00:00,2022-09-01T20:45:00-00:00,2022-09-01,14,BAYSHOR2_1_N001,BAYSHOR2_1_N001,BAYSHOR2_1_N001,RTPD,LMP,LMP_PRC,BAYSHOR2_1_N001,ALL,1,116.80544,3,1
2022-09-01T21:30:00-00:00,2022-09-01T21:45:00-00:00,2022-09-01,15,BAYSHOR2_1_N001,BAYSHOR2_1_N001,BAYSHOR2_1_N001,RTPD,LMP,LMP_PRC,BAYSHOR2_1_N001,ALL,1,127.96621,3,1
2022-09-01T22:30:00-00:00,2022-09-01T22:45:00-00:00,2022-09-01,16,BAYSHOR2_1_N001,BAYSHOR2_1_N001,BAYSHOR2_1_N001,RTPD,LMP,LMP_PRC,BAYSHOR2_1_N001,ALL,1,154.73276,3,1
2022-09-01T23:30:00-00:00,2022-09-01T23:45:00-00:00,2022-09-01,17,BAYSHOR2_1_N001,BAYSHOR2_1_N001,BAYSHOR2_1_N001,RTPD,LMP,LMP_PRC,BAYSHOR2_1_N001,ALL,1,566.48157,3,1
2022-09-02T00:30:00-00:00,2022-09-02T00:45:00-00:00,2022-09-01,18,BAYSHOR2_1_N001,BAYSHOR2_1_N001,BAYSHOR2_1_N001,RTPD,LMP,LMP_PRC,BAYSHOR2_1_N001,ALL,1,1814.2443,3,1
2022-09-02T01:30:00-00:00,2022-09-02T01:45:00-00:00,2022-09-01,19,BAYSHOR2_1_N001,BAYSHOR2_1_N001,BAYSHOR2_1_N001,RTPD,LMP,LMP_PRC,BAYSHOR2_1_N001,ALL,1,1999.9956,3,1
2022-09-02T02:30:00-00:00,2022-09-02T02:45:00-00:00,2022-09-01,20,BAYSHOR2_1_N001,BAYSHOR2_1_N001,BAYSHOR2_1_N001,RTPD,LMP,LMP_PRC,BAYSHOR2_1_N001,ALL,1,1991.671,3,1
2022-09-02T03:30:00-00:00,2022-09-02T03:45:00-00:00,2022-09-01,21,BAYSHOR2_1_N001,BAYSHOR2_1_N001,BAYSHOR2_1_N001,RTPD,LMP,LMP_PRC,BAYSHOR2_1_N001,ALL,1,231.32224,3,1
2022-09-02T04:30:00-00:00,2022-09-02T04:45:00-00:00,2022-09-01,22,BAYSHOR2_1_N001,BAYSHOR2_1_N001,BAYSHOR2_1_N001,RTPD,LMP,LMP_PRC,BAYSHOR2_1_N001,ALL,1,185.77338,3,1
2022-09-02T05:30:00-00:00,2022-09-02T05:45:00-00:00,2022-09-01,23,BAYSHOR2_1_N001,BAYSHOR2_1_N001,BAYSHOR2_1_N001,RTPD,LMP,LMP_PRC,BAYSHOR2_1_N001,ALL,1,135.39992,3,1
2022-09-02T06:30:00-00:00,2022-09-02T06:45:00-00:00,2022-09-01,24,BAYSHOR2_1_N001,BAYSHOR2_1_N001,BAYSHOR2_1_N001,RTPD,LMP,LMP_PRC,BAYSHOR2_1_N001,ALL,1,132.01831,3,1
2022-09-01T07:45:00-00:00,2022-09-01T08:00:00-00:00,2022-09-01,01,BAYSHOR2_1_N001,BAYSHOR2_1_N001,BAYSHOR2_1_N001,RTPD,LMP,LMP_PRC,BAYSHOR2_1_N001,ALL,1,90.43842,4,1
2022-09-01T08:45:00-00:00,2022-09-01T09:00:00-00:00,2022-09-01,02,BAYSHOR2_1_N001,BAYSHOR2_1_N001,BAYSHOR2_1_N001,RTPD,LMP,LMP_PRC,BAYSHOR2_1_N001,ALL,1,95.86224,4,1
2022-09-01T09:45:00-00:00,2022-09-01T10:00:00-00:00,2022-09-01,03,BAYSHOR2_1_N001,BAYSHOR2_1_N001,BAYSHOR2_1_N001,RTPD,LMP,LMP_PRC,BAYSHOR2_1_N001,ALL,1,93.6763,4,1
2022-09-01T10:45:00-00:00,2022-09-01T11:00:00-00:00,2022-09-01,04,BAYSHOR2_1_N001,BAYSHOR2_1_N001,BAYSHOR2_1_N001,RTPD,LMP,LMP_PRC,BAYSHOR2_1_N001,ALL,1,95.34099,4,1
2022-09-01T11:45:00-00:00,2022-09-01T12:00:00-00:00,2022-09-01,05,BAYSHOR2_1_N001,BAYSHOR2_1_N001,BAYSHOR2_1_N001,RTPD,LMP,LMP_PRC,BAYSHOR2_1_N001,ALL,1,107.01,4,1
2022-09-01T12:45:00-00:00,2022-09-01T13:00:00-00:00,2022-09-01,06,BAYSHOR2_1_N001,BAYSHOR2_1_N001,BAYSHOR2_1_N001,RTPD,LMP,LMP_PRC,BAYSHOR2_1_N001,ALL,1,114.10591,4,1
2022-09-01T13:45:00-00:00,2022-09-01T14:00:00-00:00,2022-09-01,07,BAYSHOR2_1_N001,BAYSHOR2_1_N001,BAYSHOR2_1_N001,RTPD,LMP,LMP_PRC,BAYSHOR2_1_N001,ALL,1,111.41,4,1
2022-09-01T14:45:00-00:00,2022-09-01T15:00:00-00:00,2022-09-01,08,BAYSHOR2_1_N001,BAYSHOR2_1_N001,BAYSHOR2_1_N001,RTPD,LMP,LMP_PRC,BAYSHOR2_1_N001,ALL,1,86.1388,4,1
2022-09-01T15:45:00-00:00,2022-09-01T16:00:00-00:00,2022-09-01,09,BAYSHOR2_1_N001,BAYSHOR2_1_N001,BAYSHOR2_1_N001,RTPD,LMP,LMP_PRC,BAYSHOR2_1_N001,ALL,1,78.70076,4,1
2022-09-01T16:45:00-00:00,2022-09-01T17:00:00-00:00,2022-09-01,10,BAYSHOR2_1_N001,BAYSHOR2_1_N001,BAYSHOR2_1_N001,RTPD,LMP,LMP_PRC,BAYSHOR2_1_N001,ALL,1,78.68898,4,1
2022-09-01T17:45:00-00:00,2022-09-01T18:00:00-00:00,2022-09-01,11,BAYSHOR2_1_N001,BAYSHOR2_1_N001,BAYSHOR2_1_N001,RTPD,LMP,LMP_PRC,BAYSHOR2_1_N001,ALL,1,78.74477,4,1
2022-09-01T18:45:00-00:00,2022-09-01T19:00:00-00:00,2022-09-01,12,BAYSHOR2_1_N001,BAYSHOR2_1_N001,BAYSHOR2_1_N001,RTPD,LMP,LMP_PRC,BAYSHOR2_1_N001,ALL,1,81.12851,4,1
2022-09-01T19:45:00-00:00,2022-09-01T20:00:00-00:00,2022-09-01,13,BAYSHOR2_1_N001,BAYSHOR2_1_N001,BAYSHOR2_1_N001,RTPD,LMP,LMP_PRC,BAYSHOR2_1_N001,ALL,1,106.33472,4,1
2022-09-01T20:45:00-00:00,2022-09-01T21:00:00-00:00,2022-09-01,14,BAYSHOR2_1_N001,BAYSHOR2_1_N001,BAYSHOR2_1_N001,RTPD,LMP,LMP_PRC,BAYSHOR2_1_N001,ALL,1,125.2848,4,1
2022-09-01T21:45:00-00:00,2022-09-01T22:00:00-00:00,2022-09-01,15,BAYSHOR2_1_N001,BAYSHOR2_1_N001,BAYSHOR2_1_N001,RTPD,LMP,LMP_PRC,BAYSHOR2_1_N001,ALL,1,209.24246,4,1
2022-09-01T22:45:00-00:00,2022-09-01T23:00:00-00:00,2022-09-01,16,BAYSHOR2_1_N001,BAYSHOR2_1_N001,BAYSHOR2_1_N001,RTPD,LMP,LMP_PRC,BAYSHOR2_1_N001,ALL,1,169.02419,4,1
2022-09-01T23:45:00-00:00,2022-09-02T00:00:00-00:00,2022-09-01,17,BAYSHOR2_1_N001,BAYSHOR2_1_N001,BAYSHOR2_1_N001,RTPD,LMP,LMP_PRC,BAYSHOR2_1_N001,ALL,1,1674.0399,4,1
2022-09-02T00:45:00-00:00,2022-09-02T01:00:00-00:00,2022-09-01,18,BAYSHOR2_1_N001,BAYSHOR2_1_N001,BAYSHOR2_1_N001,RTPD,LMP,LMP_PRC,BAYSHOR2_1_N001,ALL,1,1824.1664,4,1
2022-09-02T01:45:00-00:00,2022-09-02T02:00:00-00:00,2022-09-01,19,BAYSHOR2_1_N001,BAYSHOR2_1_N001,BAYSHOR2_1_N001,RTPD,LMP,LMP_PRC,BAYSHOR2_1_N001,ALL,1,1991.9337,4,1
2022-09-02T02:45:00-00:00,2022-09-02T03:00:00-00:00,2022-09-01,20,BAYSHOR2_1_N001,BAYSHOR2_1_N001,BAYSHOR2_1_N001,RTPD,LMP,LMP_PRC,BAYSHOR2_1_N001,ALL,1,1884.8734,4,1
2022-09-02T03:45:00-00:00,2022-09-02T04:00:00-00:00,2022-09-01,21,BAYSHOR2_1_N001,BAYSHOR2_1_N001,BAYSHOR2_1_N001,RTPD,LMP,LMP_PRC,BAYSHOR2_1_N001,ALL,1,167.9417,4,1
2022-09-02T04:45:00-00:00,2022-09-02T05:00:00-00:00,2022-09-01,22,BAYSHOR2_1_N001,BAYSHOR2_1_N001,BAYSHOR2_1_N001,RTPD,LMP,LMP_PRC,BAYSHOR2_1_N001,ALL,1,130.68073,4,1
2022-09-02T05:45:00-00:00,2022-09-02T06:00:00-00:00,2022-09-01,23,BAYSHOR2_1_N001,BAYSHOR2_1_N001,BAYSHOR2_1_N001,RTPD,LMP,LMP_PRC,BAYSHOR2_1_N001,ALL,1,118.08627,4,1
2022-09-02T06:45:00-00:00,2022-09-02T07:00:00-00:00,2022-09-01,24,BAYSHOR2_1_N001,BAYSHOR2_1_N001,BAYSHOR2_1_N001,RTPD,LMP,LMP_PRC,BAYSHOR2_1_N001,ALL,1,112.12988,4,1
2022-09-01T07:00:00-00:00,2022-09-01T07:15:00-00:00,2022-09-01,01,BAYSHOR2_1_N001,BAYSHOR2_1_N001,BAYSHOR2_1_N001,RTPD,MCC,LMP_CONG_PRC,BAYSHOR2_1_N001,ALL,1,-16.76426,1,2
2022-09-01T08:00:00-00:00,2022-09-01T08:15:00-00:00,2022-09-01,02,BAYSHOR2_1_N001,BAYSHOR2_1_N001,BAYSHOR2_1_N001,RTPD,MCC,LMP_CONG_PRC,BAYSHOR2_1_N001,ALL,1,-3.39042,1,2
2022-09-01T09:00:00-00:00,2022-09-01T09:15:00-00:00,2022-09-01,03,BAYSHOR2_1_N001,BAYSHOR2_1_N001,BAYSHOR2_1_N001,RTPD,MCC,LMP_CONG_PRC,BAYSHOR2_1_N001,ALL,1,-4.54367,1,2
2022-09-01T10:00:00-00:00,2022-09-01T10:15:00-00:00,2022-09-01,04,BAYSHOR2_1_N001,BAYSHOR2_1_N001,BAYSHOR2_1_N001,RTPD,MCC,LMP_CONG_PRC,BAYSHOR2_1_N001,ALL,1,-3.93862,1,2
2022-09-01T11:00:00-00:00,2022-09-01T11:15:00-00:00,2022-09-01,05,BAYSHOR2_1_N001,BAYSHOR2_1_N001,BAYSHOR2_1_N001,RTPD,MCC,LMP_CONG_PRC,BAYSHOR2_1_N001,ALL,1,0,1,2
2022-09-01T12:00:00-00:00,2022-09-01T12:15:00-00:00,2022-09-01,06,BAYSHOR2_1_N001,BAYSHOR2_1_N001,BAYSHOR2_1_N001,RTPD,MCC,LMP_CONG_PRC,BAYSHOR2_1_N001,ALL,1,-10.11758,1,2
2022-09-01T13:00:00-00:00,2022-09-01T13:15:00-00:00,2022-09-01,07,BAYSHOR2_1_N001,BAYSHOR2_1_N001,BAYSHOR2_1_N001,RTPD,MCC,LMP_CONG_PRC,BAYSHOR2_1_N001,ALL,1,-13.38984,1,2
2022-09-01T14:00:00-00:00,2022-09-01T14:15:00-00:00,2022-09-01,08,BAYSHOR2_1_N001,BAYSHOR2_1_N001,BAYSHOR2_1_N001,RTPD,MCC,LMP_CONG_PRC,BAYSHOR2_1_N001,ALL,1,0,1,2
2022-09-01T15:00:00-00:00,2022-09-01T15:15:00-00:00,2022-09-01,09,BAYSHOR2_1_N001,BAYSHOR2_1_N001,BAYSHOR2_1_N001,RTPD,MCC,LMP_CONG_PRC,BAYSHOR2_1_N001,ALL,1,0,1,2
2022-09-01T16:00:00-00:00,2022-09-01T16:15:00-00:00,2022-09-01,10,BAYSHOR2_1_N001,BAYSHOR2_1_N001,BAYSHOR2_1_N001,RTPD,MCC,LMP_CONG_PRC,BAYSHOR2_1_N001,ALL,1,0,1,2
2022-09-01T17:00:00-00:00,2022-09-01T17:15:00-00:00,2022-09-01,11,BAYSHOR2_1_N001,BAYSHOR2_1_N001,BAYSHOR2_1_N001,RTPD,MCC,LMP_CONG_PRC,BAYSHOR2_1_N001,ALL,1,-16.91213,1,2
2022-09-01T18:00:00-00:00,2022-09-01T18:15:00-00:00,2022-09-01,12,BAYSHOR2_1_N001,BAYSHOR2_1_N001,BAYSHOR2_1_N001,RTPD,MCC,LMP_CONG_PRC,BAYSHOR2_1_N001,ALL,1,-32.82622,1,2
2022-09-01T19:00:00-00:00,2022-09-01T19:15:00-00:00,2022-09-01,13,BAYSHOR2_1_N001,BAYSHOR2_1_N001,BAYSHOR2_1_N001,RTPD,MCC,LMP_CONG_PRC,BAYSHOR2_1_N001,ALL,1,-36.23196,1,2
2022-09-01T20:00:00-00:00,2022-09-01T20:15:00-00:00,2022-09-01,14,BAYSHOR2_1_N001,BAYSHOR2_1_N001,BAYSHOR2_1_N001,RTPD,MCC,LMP_CONG_PRC,BAYSHOR2_1_N001,ALL,1,-3.56226,1,2
2022-09-01T21:00:00-00:00,2022-09-01T21:15:00-00:00,2022-09-01,15,BAYSHOR2_1_N001,BAYSHOR2_1_N001,BAYSHOR2_1_N001,RTPD,MCC,LMP_CONG_PRC,BAYSHOR2_1_N001,ALL,1,-100.55342,1,2
2022-09-01T22:00:00-00:00,2022-09-01T22:15:00-00:00,2022-09-01,16,BAYSHOR2_1_N001,BAYSHOR2_1_N001,BAYSHOR2_1_N001,RTPD,MCC,LMP_CONG_PRC,BAYSHOR2_1_N001,ALL,1,-109.32262,1,2
2022-09-01T23:00:00-00:00,2022-09-01T23:15:00-00:00,2022-09-01,17,BAYSHOR2_1_N001,BAYSHOR2_1_N001,BAYSHOR2_1_N001,RTPD,MCC,LMP_CONG_PRC,BAYSHOR2_1_N001,ALL,1,-171.57988,1,2
2022-09-02T00:00:00-00:00,2022-09-02T00:15:00-00:00,2022-09-01,18,BAYSHOR2_1_N001,BAYSHOR2_1_N001,BAYSHOR2_1_N001,RTPD,MCC,LMP_CONG_PRC,BAYSHOR2_1_N001,ALL,1,343.7871,1,2
2022-09-02T01:00:00-00:00,2022-09-02T01:15:00-00:00,2022-09-01,19,BAYSHOR2_1_N001,BAYSHOR2_1_N001,BAYSHOR2_1_N001,RTPD,MCC,LMP_CONG_PRC,BAYSHOR2_1_N001,ALL,1,339.7814,1,2
2022-09-02T02:00:00-00:00,2022-09-02T02:15:00-00:00,2022-09-01,20,BAYSHOR2_1_N001,BAYSHOR2_1_N001,BAYSHOR2_1_N001,RTPD,MCC,LMP_CONG_PRC,BAYSHOR2_1_N001,ALL,1,0,1,2
2022-09-02T03:00:00-00:00,2022-09-02T03:15:00-00:00,2022-09-01,21,BAYSHOR2_1_N001,BAYSHOR2_1_N001,BAYSHOR2_1_N001,RTPD,MCC,LMP_CONG_PRC,BAYSHOR2_1_N001,ALL,1,422.39,1,2
2022-09-02T04:00:00-00:00,2022-09-02T04:15:00-00:00,2022-09-01,22,BAYSHOR2_1_N001,BAYSHOR2_1_N001,BAYSHOR2_1_N001,RTPD,MCC,LMP_CONG_PRC,BAYSHOR2_1_N001,ALL,1,0,1,2
2022-09-02T05:00:00-00:00,2022-09-02T05:15:00-00:00,2022-09-01,23,BAYSHOR2_1_N001,BAYSHOR2_1_N001,BAYSHOR2_1_N001,RTPD,MCC,LMP_CONG_PRC,BAYSHOR2_1_N001,ALL,1,0,1,2
2022-09-02T06:00:00-00:00,2022-09-02T06:15:00-00:00,2022-09-01,24,BAYSHOR2_1_N001,BAYSHOR2_1_N001,BAYSHOR2_1_N001,RTPD,MCC,LMP_CONG_PRC,BAYSHOR2_1_N001,ALL,1,0,1,2
2022-09-01T07:15:00-00:00,2022-09-01T07:30:00-00:00,2022-09-01,01,BAYSHOR2_1_N001,BAYSHOR2_1_N001,BAYSHOR2_1_N001,RTPD,MCC,LMP_CONG_PRC,BAYSHOR2_1_N001,ALL,1,-10.04943,2,2
2022-09-01T08:15:00-00:00,2022-09-01T08:30:00-00:00,2022-09-01,02,BAYSHOR2_1_N001,BAYSHOR2_1_N001,BAYSHOR2_1_N001,RTPD,MCC,LMP_CONG_PRC,BAYSHOR2_1_N001,ALL,1,-0.92767,2,2
2022-09-01T09:15:00-00:00,2022-09-01T09:30:00-00:00,2022-09-01,03,BAYSHOR2_1_N001,BAYSHOR2_1_N001,BAYSHOR2_1_N001,RTPD,MCC,LMP_CONG_PRC,BAYSHOR2_1_N001,ALL,1,-5.97191,2,2
2022-09-01T10:15:00-00:00,2022-09-01T10:30:00-00:00,2022-09-01,04,BAYSHOR2_1_N001,BAYSHOR2_1_N001,BAYSHOR2_1_N001,RTPD,MCC,LMP_CONG_PRC,BAYSHOR2_1_N001,ALL,1,-5.5731,2,2
2022-09-01T11:15:00-00:00,2022-09-01T11:30:00-00:00,2022-09-01,05,BAYSHOR2_1_N001,BAYSHOR2_1_N001,BAYSHOR2_1_N001,RTPD,MCC,LMP_CONG_PRC,BAYSHOR2_1_N001,ALL,1,0,2,2
2022-09-01T12:15:00-00:00,2022-09-01T12:30:00-00:00,2022-09-01,06,BAYSHOR2_1_N001,BAYSHOR2_1_N001,BAYSHOR2_1_N001,RTPD,MCC,LMP_CONG_PRC,BAYSHOR2_1_N001,ALL,1,-6.17089,2,2
2022-09-01T13:15:00-00:00,2022-09-01T13:30:00-00:00,2022-09-01,07,BAYSHOR2_1_N001,BAYSHOR2_1_N001,BAYSHOR2_1_N001,RTPD,MCC,LMP_CONG_PRC,BAYSHOR2_1_N001,ALL,1,-0.57317,2,2
2022-09-01T14:15:00-00:00,2022-09-01T14:30:00-00:00,2022-09-01,08,BAYSHOR2_1_N001,BAYSHOR2_1_N001,BAYSHOR2_1_N001,RTPD,MCC,LMP_CONG_PRC,BAYSHOR2_1_N001,ALL,1,0,2,2
2022-09-01T15:15:00-00:00,2022-09-01T15:30:00-00:00,2022-09-01,09,BAYSHOR2_1_N001,BAYSHOR2_1_N001,BAYSHOR2_1_N001,RTPD,MCC,LMP_CONG_PRC,BAYSHOR2_1_N001,ALL,1,0,2,2
2022-09-01T16:15:00-00:00,2022-09-01T16:30:00-00:00,2022-09-01,10,BAYSHOR2_1_N001,BAYSHOR2_1_N001,BAYSHOR2_1_N001,RTPD,MCC,LMP_CONG_PRC,BAYSHOR2_1_N001,ALL,1,-1.65672,2,2
2022-09-01T17:15:00-00:00,2022-09-01T17:30:00-00:00,2022-09-01,11,BAYSHOR2_1_N001,BAYSHOR2_1_N001,BAYSHOR2_1_N001,RTPD,MCC,LMP_CONG_PRC,BAYSHOR2_1_N001,ALL,1,-20.5963,2,2
2022-09-01T18:15:00-00:00,2022-09-01T18:30:00-00:00,2022-09-01,12,BAYSHOR2_1_N001,BAYSHOR2_1_N001,BAYSHOR2_1_N001,RTPD,MCC,LMP_CONG_PRC,BAYSHOR2_1_N001,ALL,1,-26.8712,2,2
2022-09-01T19:15:00-00:00,2022-09-01T19:30:00-00:00,2022-09-01,13,BAYSHOR2_1_N001,BAYSHOR2_1_N001,BAYSHOR2_1_N001,RTPD,MCC,LMP_CONG_PRC,BAYSHOR2_1_N001,ALL,1,-29.99144,2,2
2022-09-01T20:15:00-00:00,2022-09-01T20:30:00-00:00,2022-09-01,14,BAYSHOR2_1_N001,BAYSHOR2_1_N001,BAYSHOR2_1_N001,RTPD,MCC,LMP_CONG_PRC,BAYSHOR2_1_N001,ALL,1,-3.2246,2,2
2022-09-01T21:15:00-00:00,2022-09-01T21:30:00-00:00,2022-09-01,15,BAYSHOR2_1_N001,BAYSHOR2_1_N001,BAYSHOR2_1_N001,RTPD,MCC,LMP_CONG_PRC,BAYSHOR2_1_N001,ALL,1,-27.17513,2,2
2022-09-01T22:15:00-00:00,2022-09-01T22:30:00-00:00,2022-09-01,16,BAYSHOR2_1_N001,BAYSHOR2_1_N001,BAYSHOR2_1_N001,RTPD,MCC,LMP_CONG_PRC,BAYSHOR2_1_N001,ALL,1,-119.46008,2,2
2022-09-01T23:15:00-00:00,2022-09-01T23:30:00-00:00,2022-09-01,17,BAYSHOR2_1_N001,BAYSHOR2_1_N001,BAYSHOR2_1_N001,RTPD,MCC,LMP_CONG_PRC,BAYSHOR2_1_N001,ALL,1,-99.09966,2,2
2022-09-02T00:15:00-00:00,2022-09-02T00:30:00-00:00,2022-09-01,18,BAYSHOR2_1_N001,BAYSHOR2_1_N001,BAYSHOR2_1_N001,RTPD,MCC,LMP_CONG_PRC,BAYSHOR2_1_N001,ALL,1,334.60904,2,2
2022-09-02T01:15:00-00:00,2022-09-02T01:30:00-00:00,2022-09-01,19,BAYSHOR2_1_N001,BAYSHOR2_1_N001,BAYSHOR2_1_N001,RTPD,MCC,LMP_CONG_PRC,BAYSHOR2_1_N001,ALL,1,0,2,2
2022-09-02T02:15:00-00:00,2022-09-02T02:30:00-00:00,2022-09-01,20,BAYSHOR2_1_N001,BAYSHOR2_1_N001,BAYSHOR2_1_N001,RTPD,MCC,LMP_CONG_PRC,BAYSHOR2_1_N001,ALL,1,0,2,2
2022-09-02T03:15:00-00:00,2022-09-02T03:30:00-00:00,2022-09-01,21,BAYSHOR2_1_N001,BAYSHOR2_1_N001,BAYSHOR2_1_N001,RTPD,MCC,LMP_CONG_PRC,BAYSHOR2_1_N001,ALL,1,148.04868,2,2
2022-09-02T04:15:00-00:00,2022-09-02T04:30:00-00:00,2022-09-01,22,BAYSHOR2_1_N001,BAYSHOR2_1_N001,BAYSHOR2_1_N001,RTPD,MCC,LMP_CONG_PRC,BAYSHOR2_1_N001,ALL,1,0,2,2
2022-09-02T05:15:00-00:00,2022-09-02T05:30:00-00:00,2022-09-01,23,BAYSHOR2_1_N001,BAYSHOR2_1_N001,BAYSHOR2_1_N001,RTPD,MCC,LMP_CONG_PRC,BAYSHOR2_1_N001,ALL,1,0,2,2
2022-09-02T06:15:00-00:00,2022-09-02T06:30:00-00:00,2022-09-01,24,BAYSHOR2_1_N001,BAYSHOR2_1_N001,BAYSHOR2_1_N001,RTPD,MCC,LMP_CONG_PRC,BAYSHOR2_1_N001,ALL,1,0,2,2
2022-09-01T07:30:00-00:00,2022-09-01T07:45:00-00:00,2022-09-01,01,BAYSHOR2_1_N001,BAYSHOR2_1_N001,BAYSHOR2_1_N001,RTPD,MCC,LMP_CONG_PRC,BAYSHOR2_1_N001,ALL,1,-16.28023,3,2
2022-09-01T08:30:00-00:00,2022-09-01T08:45:00-00:00,2022-09-01,02,BAYSHOR2_1_N001,BAYSHOR2_1_N001,BAYSHOR2_1_N001,RTPD,MCC,LMP_CONG_PRC,BAYSHOR2_1_N001,ALL,1,-0.00088,3,2
2022-09-01T09:30:00-00:00,2022-09-01T09:45:00-00:00,2022-09-01,03,BAYSHOR2_1_N001,BAYSHOR2_1_N001,BAYSHOR2_1_N001,RTPD,MCC,LMP_CONG_PRC,BAYSHOR2_1_N001,ALL,1,-5.90508,3,2
2022-09-01T10:30:00-00:00,2022-09-01T10:45:00-00:00,2022-09-01,04,BAYSHOR2_1_N001,BAYSHOR2_1_N001,BAYSHOR2_1_N001,RTPD,MCC,LMP_CONG_PRC,BAYSHOR2_1_N001,ALL,1,-3.15118,3,2
2022-09-01T11:30:00-00:00,2022-09-01T11:45:00-00:00,2022-09-01,05,BAYSHOR2_1_N001,BAYSHOR2_1_N001,BAYSHOR2_1_N001,RTPD,MCC,LMP_CONG_PRC,BAYSHOR2_1_N001,ALL,1,0,3,2
2022-09-01T12:30:00-00:00,2022-09-01T12:45:00-00:00,2022-09-01,06,BAYSHOR2_1_N001,BAYSHOR2_1_N001,BAYSHOR2_1_N001,RTPD,MCC,LMP_CONG_PRC,BAYSHOR2_1_N001,ALL,1,-10.68469,3,2
2022-09-01T13:30:00-00:00,2022-09-01T13:45:00-00:00,2022-09-01,07,BAYSHOR2_1_N001,BAYSHOR2_1_N001,BAYSHOR2_1_N001,RTPD,MCC,LMP_CONG_PRC,BAYSHOR2_1_N001,ALL,1,0,3,2
2022-09-01T14:30:00-00:00,2022-09-01T14:45:00-00:00,2022-09-01,08,BAYSHOR2_1_N001,BAYSHOR2_1_N001,BAYSHOR2_1_N001,RTPD,MCC,LMP_CONG_PRC,BAYSHOR2_1_N001,ALL,1,0,3,2
2022-09-01T15:30:00-00:00,2022-09-01T15:45:00-00:00,2022-09-01,09,BAYSHOR2_1_N001,BAYSHOR2_1_N001,BAYSHOR2_1_N001,RTPD,MCC,LMP_CONG_PRC,BAYSHOR2_1_N001,ALL,1,0,3,2
2022-09-01T16:30:00-00:00,2022-09-01T16:45:00-00:00,2022-09-01,10,BAYSHOR2_1_N001,BAYSHOR2_1_N001,BAYSHOR2_1_N001,RTPD,MCC,LMP_CONG_PRC,BAYSHOR2_1_N001,ALL,1,-13.87115,3,2
2022-09-01T17:30:00-00:00,2022-09-01T17:45:00-00:00,2022-09-01,11,BAYSHOR2_1_N001,BAYSHOR2_1_N001,BAYSHOR2_1_N001,RTPD,MCC,LMP_CONG_PRC,BAYSHOR2_1_N001,ALL,1,-20.67064,3,2
2022-09-01T18:30:00-00:00,2022-09-01T18:45:00-00:00,2022-09-01,12,BAYSHOR2_1_N001,BAYSHOR2_1_N001,BAYSHOR2_1_N001,RTPD,MCC,LMP_CONG_PRC,BAYSHOR2_1_N001,ALL,1,-27.87344,3,2
2022-09-01T19:30:00-00:00,2022-09-01T19:45:00-00:00,2022-09-01,13,BAYSHOR2_1_N001,BAYSHOR2_1_N001,BAYSHOR2_1_N001,RTPD,MCC,LMP_CONG_PRC,BAYSHOR2_1_N001,ALL,1,-12.82178,3,2
2022-09-01T20:30:00-00:00,2022-09-01T20:45:00-00:00,2022-09-01,14,BAYSHOR2_1_N001,BAYSHOR2_1_N001,BAYSHOR2_1_N001,RTPD,MCC,LMP_CONG_PRC,BAYSHOR2_1_N001,ALL,1,-13.01061,3,2
2022-09-01T21:30:00-00:00,2022-09-01T21:45:00-00:00,2022-09-01,15,BAYSHOR2_1_N001,BAYSHOR2_1_N001,BAYSHOR2_1_N001,RTPD,MCC,LMP_CONG_PRC,BAYSHOR2_1_N001,ALL,1,-24.96437,3,2
2022-09-01T22:30:00-00:00,2022-09-01T22:45:00-00:00,2022-09-01,16,BAYSHOR2_1_N001,BAYSHOR2_1_N001,BAYSHOR2_1_N001,RTPD,MCC,LMP_CONG_PRC,BAYSHOR2_1_N001,ALL,1,-128.44907,3,2
2022-09-01T23:30:00-00:00,2022-09-01T23:45:00-00:00,2022-09-01,17,BAYSHOR2_1_N001,BAYSHOR2_1_N001,BAYSHOR2_1_N001,RTPD,MCC,LMP_CONG_PRC,BAYSHOR2_1_N001,ALL,1,0,3,2
2022-09-02T00:30:00-00:00,2022-09-02T00:45:00-00:00,2022-09-01,18,BAYSHOR2_1_N001,BAYSHOR2_1_N001,BAYSHOR2_1_N001,RTPD,MCC,LMP_CONG_PRC,BAYSHOR2_1_N001,ALL,1,485.13165,3,2
2022-09-02T01:30:00-00:00,2022-09-02T01:45:00-00:00,2022-09-01,19,BAYSHOR2_1_N001,BAYSHOR2_1_N001,BAYSHOR2_1_N001,RTPD,MCC,LMP_CONG_PRC,BAYSHOR2_1_N001,ALL,1,0,3,2
2022-09-02T02:30:00-00:00,2022-09-02T02:45:00-00:00,2022-09-01,20,BAYSHOR2_1_N001,BAYSHOR2_1_N001,BAYSHOR2_1_N001,RTPD,MCC,LMP_CONG_PRC,BAYSHOR2_1_N001,ALL,1,0,3,2
2022-09-02T03:30:00-00:00,2022-09-02T03:45:00-00:00,2022-09-01,21,BAYSHOR2_1_N001,BAYSHOR2_1_N001,BAYSHOR2_1_N001,RTPD,MCC,LMP_CONG_PRC,BAYSHOR2_1_N001,ALL,1,33.30164,3,2
2022-09-02T04:30:00-00:00,2022-09-02T04:45:00-00:00,2022-09-01,22,BAYSHOR2_1_N001,BAYSHOR2_1_N001,BAYSHOR2_1_N001,RTPD,MCC,LMP_CONG_PRC,BAYSHOR2_1_N001,ALL,1,0,3,2
2022-09-02T05:30:00-00:00,2022-09-02T05:45:00-00:00,2022-09-01,23,BAYSHOR2_1_N001,BAYSHOR2_1_N001,BAYSHOR2_1_N001,RTPD,MCC,LMP_CONG_PRC,BAYSHOR2_1_N001,ALL,1,0,3,2
2022-09-02T06:30:00-00:00,2022-09-02T06:45:00-00:00,2022-09-01,24,BAYSHOR2_1_N001,BAYSHOR2_1_N001,BAYSHOR2_1_N001,RTPD,MCC,LMP_CONG_PRC,BAYSHOR2_1_N001,ALL,1,0,3,2
2022-09-01T07:45:00-00:00,2022-09-01T08:00:00-00:00,2022-09-01,01,BAYSHOR2_1_N001,BAYSHOR2_1_N001,BAYSHOR2_1_N001,RTPD,MCC,LMP_CONG_PRC,BAYSHOR2_1_N001,ALL,1,-18.68257,4,2
2022-09-01T08:45:00-00:00,2022-09-01T09:00:00-00:00,2022-09-01,02,BAYSHOR2_1_N001,BAYSHOR2_1_N001,BAYSHOR2_1_N001,RTPD,MCC,LMP_CONG_PRC,BAYSHOR2_1_N001,ALL,1,-4.57171,4,2
2022-09-01T09:45:00-00:00,2022-09-01T10:00:00-00:00,2022-09-01,03,BAYSHOR2_1_N001,BAYSHOR2_1_N001,BAYSHOR2_1_N001,RTPD,MCC,LMP_CONG_PRC,BAYSHOR2_1_N001,ALL,1,-5.28127,4,2
2022-09-01T10:45:00-00:00,2022-09-01T11:00:00-00:00,2022-09-01,04,BAYSHOR2_1_N001,BAYSHOR2_1_N001,BAYSHOR2_1_N001,RTPD,MCC,LMP_CONG_PRC,BAYSHOR2_1_N001,ALL,1,-1.23517,4,2
2022-09-01T11:45:00-00:00,2022-09-01T12:00:00-00:00,2022-09-01,05,BAYSHOR2_1_N001,BAYSHOR2_1_N001,BAYSHOR2_1_N001,RTPD,MCC,LMP_CONG_PRC,BAYSHOR2_1_N001,ALL,1,0,4,2
2022-09-01T12:45:00-00:00,2022-09-01T13:00:00-00:00,2022-09-01,06,BAYSHOR2_1_N001,BAYSHOR2_1_N001,BAYSHOR2_1_N001,RTPD,MCC,LMP_CONG_PRC,BAYSHOR2_1_N001,ALL,1,-2.3789,4,2
2022-09-01T13:45:00-00:00,2022-09-01T14:00:00-00:00,2022-09-01,07,BAYSHOR2_1_N001,BAYSHOR2_1_N001,BAYSHOR2_1_N001,RTPD,MCC,LMP_CONG_PRC,BAYSHOR2_1_N001,ALL,1,0,4,2
2022-09-01T14:45:00-00:00,2022-09-01T15:00:00-00:00,2022-09-01,08,BAYSHOR2_1_N001,BAYSHOR2_1_N001,BAYSHOR2_1_N001,RTPD,MCC,LMP_CONG_PRC,BAYSHOR2_1_N001,ALL,1,0,4,2
2022-09-01T15:45:00-00:00,2022-09-01T16:00:00-00:00,2022-09-01,09,BAYSHOR2_1_N001,BAYSHOR2_1_N001,BAYSHOR2_1_N001,RTPD,MCC,LMP_CONG_PRC,BAYSHOR2_1_N001,ALL,1,0,4,2
2022-09-01T16:45:00-00:00,2022-09-01T17:00:00-00:00,2022-09-01,10,BAYSHOR2_1_N001,BAYSHOR2_1_N001,BAYSHOR2_1_N001,RTPD,MCC,LMP_CONG_PRC,BAYSHOR2_1_N001,ALL,1,-12.56035,4,2
2022-09-01T17:45:00-00:00,2022-09-01T18:00:00-00:00,2022-09-01,11,BAYSHOR2_1_N001,BAYSHOR2_1_N001,BAYSHOR2_1_N001,RTPD,MCC,LMP_CONG_PRC,BAYSHOR2_1_N001,ALL,1,-20.46067,4,2
2022-09-01T18:45:00-00:00,2022-09-01T19:00:00-00:00,2022-09-01,12,BAYSHOR2_1_N001,BAYSHOR2_1_N001,BAYSHOR2_1_N001,RTPD,MCC,LMP_CONG_PRC,BAYSHOR2_1_N001,ALL,1,-27.91213,4,2
2022-09-01T19:45:00-00:00,2022-09-01T20:00:00-00:00,2022-09-01,13,BAYSHOR2_1_N001,BAYSHOR2_1_N001,BAYSHOR2_1_N001,RTPD,MCC,LMP_CONG_PRC,BAYSHOR2_1_N001,ALL,1,-13.89019,4,2
2022-09-01T20:45:00-00:00,2022-09-01T21:00:00-00:00,2022-09-01,14,BAYSHOR2_1_N001,BAYSHOR2_1_N001,BAYSHOR2_1_N001,RTPD,MCC,LMP_CONG_PRC,BAYSHOR2_1_N001,ALL,1,-28.7403,4,2
2022-09-01T21:45:00-00:00,2022-09-01T22:00:00-00:00,2022-09-01,15,BAYSHOR2_1_N001,BAYSHOR2_1_N001,BAYSHOR2_1_N001,RTPD,MCC,LMP_CONG_PRC,BAYSHOR2_1_N001,ALL,1,-91.0513,4,2
2022-09-01T22:45:00-00:00,2022-09-01T23:00:00-00:00,2022-09-01,16,BAYSHOR2_1_N001,BAYSHOR2_1_N001,BAYSHOR2_1_N001,RTPD,MCC,LMP_CONG_PRC,BAYSHOR2_1_N001,ALL,1,-260.8895,4,2
2022-09-01T23:45:00-00:00,2022-09-02T00:00:00-00:00,2022-09-01,17,BAYSHOR2_1_N001,BAYSHOR2_1_N001,BAYSHOR2_1_N001,RTPD,MCC,LMP_CONG_PRC,BAYSHOR2_1_N001,ALL,1,412.82745,4,2
2022-09-02T00:45:00-00:00,2022-09-02T01:00:00-00:00,2022-09-01,18,BAYSHOR2_1_N001,BAYSHOR2_1_N001,BAYSHOR2_1_N001,RTPD,MCC,LMP_CONG_PRC,BAYSHOR2_1_N001,ALL,1,305.01733,4,2
2022-09-02T01:45:00-00:00,2022-09-02T02:00:00-00:00,2022-09-01,19,BAYSHOR2_1_N001,BAYSHOR2_1_N001,BAYSHOR2_1_N001,RTPD,MCC,LMP_CONG_PRC,BAYSHOR2_1_N001,ALL,1,0,4,2
2022-09-02T02:45:00-00:00,2022-09-02T03:00:00-00:00,2022-09-01,20,BAYSHOR2_1_N001,BAYSHOR2_1_N001,BAYSHOR2_1_N001,RTPD,MCC,LMP_CONG_PRC,BAYSHOR2_1_N001,ALL,1,135.31194,4,2
2022-09-02T03:45:00-00:00,2022-09-02T04:00:00-00:00,2022-09-01,21,BAYSHOR2_1_N001,BAYSHOR2_1_N001,BAYSHOR2_1_N001,RTPD,MCC,LMP_CONG_PRC,BAYSHOR2_1_N001,ALL,1,19.39498,4,2
2022-09-02T04:45:00-00:00,2022-09-02T05:00:00-00:00,2022-09-01,22,BAYSHOR2_1_N001,BAYSHOR2_1_N001,BAYSHOR2_1_N001,RTPD,MCC,LMP_CONG_PRC,BAYSHOR2_1_N001,ALL,1,0,4,2
2022-09-02T05:45:00-00:00,2022-09-02T06:00:00-00:00,2022-09-01,23,BAYSHOR2_1_N001,BAYSHOR2_1_N001,BAYSHOR2_1_N001,RTPD,MCC,LMP_CONG_PRC,BAYSHOR2_1_N001,ALL,1,-4.24368,4,2
2022-09-02T06:45:00-00:00,2022-09-02T07:00:00-00:00,2022-09-01,24,BAYSHOR2_1_N001,BAYSHOR2_1_N001,BAYSHOR2_1_N001,RTPD,MCC,LMP_CONG_PRC,BAYSHOR2_1_N001,ALL,1,0,4,2
2022-09-01T07:00:00-00:00,2022-09-01T07:15:00-00:00,2022-09-01,01,BAYSHOR2_1_N001,BAYSHOR2_1_N001,BAYSHOR2_1_N001,RTPD,MCE,LMP_ENE_PRC,BAYSHOR2_1_N001,ALL,1,104.23471,1,3
2022-09-01T08:00:00-00:00,2022-09-01T08:15:00-00:00,2022-09-01,02,BAYSHOR2_1_N001,BAYSHOR2_1_N001,BAYSHOR2_1_N001,RTPD,MCE,LMP_ENE_PRC,BAYSHOR2_1_N001,ALL,1,115.5488,1,3
2022-09-01T09:00:00-00:00,2022-09-01T09:15:00-00:00,2022-09-01,03,BAYSHOR2_1_N001,BAYSHOR2_1_N001,BAYSHOR2_1_N001,RTPD,MCE,LMP_ENE_PRC,BAYSHOR2_1_N001,ALL,1,99.73061,1,3
2022-09-01T10:00:00-00:00,2022-09-01T10:15:00-00:00,2022-09-01,04,BAYSHOR2_1_N001,BAYSHOR2_1_N001,BAYSHOR2_1_N001,RTPD,MCE,LMP_ENE_PRC,BAYSHOR2_1_N001,ALL,1,98.64222,1,3
2022-09-01T11:00:00-00:00,2022-09-01T11:15:00-00:00,2022-09-01,05,BAYSHOR2_1_N001,BAYSHOR2_1_N001,BAYSHOR2_1_N001,RTPD,MCE,LMP_ENE_PRC,BAYSHOR2_1_N001,ALL,1,102.56859,1,3
2022-09-01T12:00:00-00:00,2022-09-01T12:15:00-00:00,2022-09-01,06,BAYSHOR2_1_N001,BAYSHOR2_1_N001,BAYSHOR2_1_N001,RTPD,MCE,LMP_ENE_PRC,BAYSHOR2_1_N001,ALL,1,96.90845,1,3
2022-09-01T13:00:00-00:00,2022-09-01T13:15:00-00:00,2022-09-01,07,BAYSHOR2_1_N001,BAYSHOR2_1_N001,BAYSHOR2_1_N001,RTPD,MCE,LMP_ENE_PRC,BAYSHOR2_1_N001,ALL,1,101.80878,1,3
2022-09-01T14:00:00-00:00,2022-09-01T14:15:00-00:00,2022-09-01,08,BAYSHOR2_1_N001,BAYSHOR2_1_N001,BAYSHOR2_1_N001,RTPD,MCE,LMP_ENE_PRC,BAYSHOR2_1_N001,ALL,1,111.11219,1,3
2022-09-01T15:00:00-00:00,2022-09-01T15:15:00-00:00,2022-09-01,09,BAYSHOR2_1_N001,BAYSHOR2_1_N001,BAYSHOR2_1_N001,RTPD,MCE,LMP_ENE_PRC,BAYSHOR2_1_N001,ALL,1,97.4112,1,3
2022-09-01T16:00:00-00:00,2022-09-01T16:15:00-00:00,2022-09-01,10,BAYSHOR2_1_N001,BAYSHOR2_1_N001,BAYSHOR2_1_N001,RTPD,MCE,LMP_ENE_PRC,BAYSHOR2_1_N001,ALL,1,83.43525,1,3
2022-09-01T17:00:00-00:00,2022-09-01T17:15:00-00:00,2022-09-01,11,BAYSHOR2_1_N001,BAYSHOR2_1_N001,BAYSHOR2_1_N001,RTPD,MCE,LMP_ENE_PRC,BAYSHOR2_1_N001,ALL,1,96.94897,1,3
2022-09-01T18:00:00-00:00,2022-09-01T18:15:00-00:00,2022-09-01,12,BAYSHOR2_1_N001,BAYSHOR2_1_N001,BAYSHOR2_1_N001,RTPD,MCE,LMP_ENE_PRC,BAYSHOR2_1_N001,ALL,1,91.59291,1,3
2022-09-01T19:00:00-00:00,2022-09-01T19:15:00-00:00,2022-09-01,13,BAYSHOR2_1_N001,BAYSHOR2_1_N001,BAYSHOR2_1_N001,RTPD,MCE,LMP_ENE_PRC,BAYSHOR2_1_N001,ALL,1,109.19637,1,3
2022-09-01T20:00:00-00:00,2022-09-01T20:15:00-00:00,2022-09-01,14,BAYSHOR2_1_N001,BAYSHOR2_1_N001,BAYSHOR2_1_N001,RTPD,MCE,LMP_ENE_PRC,BAYSHOR2_1_N001,ALL,1,117.94359,1,3
2022-09-01T21:00:00-00:00,2022-09-01T21:15:00-00:00,2022-09-01,15,BAYSHOR2_1_N001,BAYSHOR2_1_N001,BAYSHOR2_1_N001,RTPD,MCE,LMP_ENE_PRC,BAYSHOR2_1_N001,ALL,1,226.61499,1,3
2022-09-01T22:00:00-00:00,2022-09-01T22:15:00-00:00,2022-09-01,16,BAYSHOR2_1_N001,BAYSHOR2_1_N001,BAYSHOR2_1_N001,RTPD,MCE,LMP_ENE_PRC,BAYSHOR2_1_N001,ALL,1,229.18552,1,3
2022-09-01T23:00:00-00:00,2022-09-01T23:15:00-00:00,2022-09-01,17,BAYSHOR2_1_N001,BAYSHOR2_1_N001,BAYSHOR2_1_N001,RTPD,MCE,LMP_ENE_PRC,BAYSHOR2_1_N001,ALL,1,386.7537,1,3
2022-09-02T00:00:00-00:00,2022-09-02T00:15:00-00:00,2022-09-01,18,BAYSHOR2_1_N001,BAYSHOR2_1_N001,BAYSHOR2_1_N001,RTPD,MCE,LMP_ENE_PRC,BAYSHOR2_1_N001,ALL,1,770.58136,1,3
2022-09-02T01:00:00-00:00,2022-09-02T01:15:00-00:00,2022-09-01,19,BAYSHOR2_1_N001,BAYSHOR2_1_N001,BAYSHOR2_1_N001,RTPD,MCE,LMP_ENE_PRC,BAYSHOR2_1_N001,ALL,1,916.27124,1,3
2022-09-02T02:00:00-00:00,2022-09-02T02:15:00-00:00,2022-09-01,20,BAYSHOR2_1_N001,BAYSHOR2_1_N001,BAYSHOR2_1_N001,RTPD,MCE,LMP_ENE_PRC,BAYSHOR2_1_N001,ALL,1,1991.6721,1,3
2022-09-02T03:00:00-00:00,2022-09-02T03:15:00-00:00,2022-09-01,21,BAYSHOR2_1_N001,BAYSHOR2_1_N001,BAYSHOR2_1_N001,RTPD,MCE,LMP_ENE_PRC,BAYSHOR2_1_N001,ALL,1,917.5508,1,3
2022-09-02T04:00:00-00:00,2022-09-02T04:15:00-00:00,2022-09-01,22,BAYSHOR2_1_N001,BAYSHOR2_1_N001,BAYSHOR2_1_N001,RTPD,MCE,LMP_ENE_PRC,BAYSHOR2_1_N001,ALL,1,257.83005,1,3
2022-09-02T05:00:00-00:00,2022-09-02T05:15:00-00:00,2022-09-01,23,BAYSHOR2_1_N001,BAYSHOR2_1_N001,BAYSHOR2_1_N001,RTPD,MCE,LMP_ENE_PRC,BAYSHOR2_1_N001,ALL,1,183.24657,1,3
2022-09-02T06:00:00-00:00,2022-09-02T06:15:00-00:00,2022-09-01,24,BAYSHOR2_1_N001,BAYSHOR2_1_N001,BAYSHOR2_1_N001,RTPD,MCE,LMP_ENE_PRC,BAYSHOR2_1_N001,ALL,1,158.867,1,3
2022-09-01T07:15:00-00:00,2022-09-01T07:30:00-00:00,2022-09-01,01,BAYSHOR2_1_N001,BAYSHOR2_1_N001,BAYSHOR2_1_N001,RTPD,MCE,LMP_ENE_PRC,BAYSHOR2_1_N001,ALL,1,125.55144,2,3
2022-09-01T08:15:00-00:00,2022-09-01T08:30:00-00:00,2022-09-01,02,BAYSHOR2_1_N001,BAYSHOR2_1_N001,BAYSHOR2_1_N001,RTPD,MCE,LMP_ENE_PRC,BAYSHOR2_1_N001,ALL,1,115.53165,2,3
2022-09-01T09:15:00-00:00,2022-09-01T09:30:00-00:00,2022-09-01,03,BAYSHOR2_1_N001,BAYSHOR2_1_N001,BAYSHOR2_1_N001,RTPD,MCE,LMP_ENE_PRC,BAYSHOR2_1_N001,ALL,1,98.30543,2,3
2022-09-01T10:15:00-00:00,2022-09-01T10:30:00-00:00,2022-09-01,04,BAYSHOR2_1_N001,BAYSHOR2_1_N001,BAYSHOR2_1_N001,RTPD,MCE,LMP_ENE_PRC,BAYSHOR2_1_N001,ALL,1,97.00684,2,3
2022-09-01T11:15:00-00:00,2022-09-01T11:30:00-00:00,2022-09-01,05,BAYSHOR2_1_N001,BAYSHOR2_1_N001,BAYSHOR2_1_N001,RTPD,MCE,LMP_ENE_PRC,BAYSHOR2_1_N001,ALL,1,103.09059,2,3
2022-09-01T12:15:00-00:00,2022-09-01T12:30:00-00:00,2022-09-01,06,BAYSHOR2_1_N001,BAYSHOR2_1_N001,BAYSHOR2_1_N001,RTPD,MCE,LMP_ENE_PRC,BAYSHOR2_1_N001,ALL,1,109.32203,2,3
2022-09-01T13:15:00-00:00,2022-09-01T13:30:00-00:00,2022-09-01,07,BAYSHOR2_1_N001,BAYSHOR2_1_N001,BAYSHOR2_1_N001,RTPD,MCE,LMP_ENE_PRC,BAYSHOR2_1_N001,ALL,1,110.97827,2,3
2022-09-01T14:15:00-00:00,2022-09-01T14:30:00-00:00,2022-09-01,08,BAYSHOR2_1_N001,BAYSHOR2_1_N001,BAYSHOR2_1_N001,RTPD,MCE,LMP_ENE_PRC,BAYSHOR2_1_N001,ALL,1,104.78743,2,3
2022-09-01T15:15:00-00:00,2022-09-01T15:30:00-00:00,2022-09-01,09,BAYSHOR2_1_N001,BAYSHOR2_1_N001,BAYSHOR2_1_N001,RTPD,MCE,LMP_ENE_PRC,BAYSHOR2_1_N001,ALL,1,86.9388,2,3
2022-09-01T16:15:00-00:00,2022-09-01T16:30:00-00:00,2022-09-01,10,BAYSHOR2_1_N001,BAYSHOR2_1_N001,BAYSHOR2_1_N001,RTPD,MCE,LMP_ENE_PRC,BAYSHOR2_1_N001,ALL,1,89.44858,2,3
2022-09-01T17:15:00-00:00,2022-09-01T17:30:00-00:00,2022-09-01,11,BAYSHOR2_1_N001,BAYSHOR2_1_N001,BAYSHOR2_1_N001,RTPD,MCE,LMP_ENE_PRC,BAYSHOR2_1_N001,ALL,1,99.34673,2,3
2022-09-01T18:15:00-00:00,2022-09-01T18:30:00-00:00,2022-09-01,12,BAYSHOR2_1_N001,BAYSHOR2_1_N001,BAYSHOR2_1_N001,RTPD,MCE,LMP_ENE_PRC,BAYSHOR2_1_N001,ALL,1,101.15901,2,3
2022-09-01T19:15:00-00:00,2022-09-01T19:30:00-00:00,2022-09-01,13,BAYSHOR2_1_N001,BAYSHOR2_1_N001,BAYSHOR2_1_N001,RTPD,MCE,LMP_ENE_PRC,BAYSHOR2_1_N001,ALL,1,105.30588,2,3
2022-09-01T20:15:00-00:00,2022-09-01T20:30:00-00:00,2022-09-01,14,BAYSHOR2_1_N001,BAYSHOR2_1_N001,BAYSHOR2_1_N001,RTPD,MCE,LMP_ENE_PRC,BAYSHOR2_1_N001,ALL,1,117.49421,2,3
2022-09-01T21:15:00-00:00,2022-09-01T21:30:00-00:00,2022-09-01,15,BAYSHOR2_1_N001,BAYSHOR2_1_N001,BAYSHOR2_1_N001,RTPD,MCE,LMP_ENE_PRC,BAYSHOR2_1_N001,ALL,1,147.21185,2,3
2022-09-01T22:15:00-00:00,2022-09-01T22:30:00-00:00,2022-09-01,16,BAYSHOR2_1_N001,BAYSHOR2_1_N001,BAYSHOR2_1_N001,RTPD,MCE,LMP_ENE_PRC,BAYSHOR2_1_N001,ALL,1,256.58734,2,3
2022-09-01T23:15:00-00:00,2022-09-01T23:30:00-00:00,2022-09-01,17,BAYSHOR2_1_N001,BAYSHOR2_1_N001,BAYSHOR2_1_N001,RTPD,MCE,LMP_ENE_PRC,BAYSHOR2_1_N001,ALL,1,362.12408,2,3
2022-09-02T00:15:00-00:00,2022-09-02T00:30:00-00:00,2022-09-01,18,BAYSHOR2_1_N001,BAYSHOR2_1_N001,BAYSHOR2_1_N001,RTPD,MCE,LMP_ENE_PRC,BAYSHOR2_1_N001,ALL,1,691.2182,2,3
2022-09-02T01:15:00-00:00,2022-09-02T01:30:00-00:00,2022-09-01,19,BAYSHOR2_1_N001,BAYSHOR2_1_N001,BAYSHOR2_1_N001,RTPD,MCE,LMP_ENE_PRC,BAYSHOR2_1_N001,ALL,1,1999.9933,2,3
2022-09-02T02:15:00-00:00,2022-09-02T02:30:00-00:00,2022-09-01,20,BAYSHOR2_1_N001,BAYSHOR2_1_N001,BAYSHOR2_1_N001,RTPD,MCE,LMP_ENE_PRC,BAYSHOR2_1_N001,ALL,1,1991.6721,2,3
2022-09-02T03:15:00-00:00,2022-09-02T03:30:00-00:00,2022-09-01,21,BAYSHOR2_1_N001,BAYSHOR2_1_N001,BAYSHOR2_1_N001,RTPD,MCE,LMP_ENE_PRC,BAYSHOR2_1_N001,ALL,1,400.52884,2,3
2022-09-02T04:15:00-00:00,2022-09-02T04:30:00-00:00,2022-09-01,22,BAYSHOR2_1_N001,BAYSHOR2_1_N001,BAYSHOR2_1_N001,RTPD,MCE,LMP_ENE_PRC,BAYSHOR2_1_N001,ALL,1,224.75041,2,3
2022-09-02T05:15:00-00:00,2022-09-02T05:30:00-00:00,2022-09-01,23,BAYSHOR2_1_N001,BAYSHOR2_1_N001,BAYSHOR2_1_N001,RTPD,MCE,LMP_ENE_PRC,BAYSHOR2_1_N001,ALL,1,157.11986,2,3
2022-09-02T06:15:00-00:00,2022-09-02T06:30:00-00:00,2022-09-01,24,BAYSHOR2_1_N001,BAYSHOR2_1_N001,BAYSHOR2_1_N001,RTPD,MCE,LMP_ENE_PRC,BAYSHOR2_1_N001,ALL,1,143.1005,2,3
2022-09-01T07:30:00-00:00,2022-09-01T07:45:00-00:00,2022-09-01,01,BAYSHOR2_1_N001,BAYSHOR2_1_N001,BAYSHOR2_1_N001,RTPD,MCE,LMP_ENE_PRC,BAYSHOR2_1_N001,ALL,1,119.03196,3,3
2022-09-01T08:30:00-00:00,2022-09-01T08:45:00-00:00,2022-09-01,02,BAYSHOR2_1_N001,BAYSHOR2_1_N001,BAYSHOR2_1_N001,RTPD,MCE,LMP_ENE_PRC,BAYSHOR2_1_N001,ALL,1,111.11241,3,3
2022-09-01T09:30:00-00:00,2022-09-01T09:45:00-00:00,2022-09-01,03,BAYSHOR2_1_N001,BAYSHOR2_1_N001,BAYSHOR2_1_N001,RTPD,MCE,LMP_ENE_PRC,BAYSHOR2_1_N001,ALL,1,98.16228,3,3
2022-09-01T10:30:00-00:00,2022-09-01T10:45:00-00:00,2022-09-01,04,BAYSHOR2_1_N001,BAYSHOR2_1_N001,BAYSHOR2_1_N001,RTPD,MCE,LMP_ENE_PRC,BAYSHOR2_1_N001,ALL,1,96.36226,3,3
2022-09-01T11:30:00-00:00,2022-09-01T11:45:00-00:00,2022-09-01,05,BAYSHOR2_1_N001,BAYSHOR2_1_N001,BAYSHOR2_1_N001,RTPD,MCE,LMP_ENE_PRC,BAYSHOR2_1_N001,ALL,1,103.06198,3,3
2022-09-01T12:30:00-00:00,2022-09-01T12:45:00-00:00,2022-09-01,06,BAYSHOR2_1_N001,BAYSHOR2_1_N001,BAYSHOR2_1_N001,RTPD,MCE,LMP_ENE_PRC,BAYSHOR2_1_N001,ALL,1,113.57403,3,3
2022-09-01T13:30:00-00:00,2022-09-01T13:45:00-00:00,2022-09-01,07,BAYSHOR2_1_N001,BAYSHOR2_1_N001,BAYSHOR2_1_N001,RTPD,MCE,LMP_ENE_PRC,BAYSHOR2_1_N001,ALL,1,111.52025,3,3
2022-09-01T14:30:00-00:00,2022-09-01T14:45:00-00:00,2022-09-01,08,BAYSHOR2_1_N001,BAYSHOR2_1_N001,BAYSHOR2_1_N001,RTPD,MCE,LMP_ENE_PRC,BAYSHOR2_1_N001,ALL,1,101.83428,3,3
2022-09-01T15:30:00-00:00,2022-09-01T15:45:00-00:00,2022-09-01,09,BAYSHOR2_1_N001,BAYSHOR2_1_N001,BAYSHOR2_1_N001,RTPD,MCE,LMP_ENE_PRC,BAYSHOR2_1_N001,ALL,1,86.1388,3,3
2022-09-01T16:30:00-00:00,2022-09-01T16:45:00-00:00,2022-09-01,10,BAYSHOR2_1_N001,BAYSHOR2_1_N001,BAYSHOR2_1_N001,RTPD,MCE,LMP_ENE_PRC,BAYSHOR2_1_N001,ALL,1,88.79644,3,3
2022-09-01T17:30:00-00:00,2022-09-01T17:45:00-00:00,2022-09-01,11,BAYSHOR2_1_N001,BAYSHOR2_1_N001,BAYSHOR2_1_N001,RTPD,MCE,LMP_ENE_PRC,BAYSHOR2_1_N001,ALL,1,99.13013,3,3
2022-09-01T18:30:00-00:00,2022-09-01T18:45:00-00:00,2022-09-01,12,BAYSHOR2_1_N001,BAYSHOR2_1_N001,BAYSHOR2_1_N001,RTPD,MCE,LMP_ENE_PRC,BAYSHOR2_1_N001,ALL,1,107.05718,3,3
2022-09-01T19:30:00-00:00,2022-09-01T19:45:00-00:00,2022-09-01,13,BAYSHOR2_1_N001,BAYSHOR2_1_N001,BAYSHOR2_1_N001,RTPD,MCE,LMP_ENE_PRC,BAYSHOR2_1_N001,ALL,1,114.05905,3,3
2022-09-01T20:30:00-00:00,2022-09-01T20:45:00-00:00,2022-09-01,14,BAYSHOR2_1_N001,BAYSHOR2_1_N001,BAYSHOR2_1_N001,RTPD,MCE,LMP_ENE_PRC,BAYSHOR2_1_N001,ALL,1,129.81606,3,3
2022-09-01T21:30:00-00:00,2022-09-01T21:45:00-00:00,2022-09-01,15,BAYSHOR2_1_N001,BAYSHOR2_1_N001,BAYSHOR2_1_N001,RTPD,MCE,LMP_ENE_PRC,BAYSHOR2_1_N001,ALL,1,152.93057,3,3
2022-09-01T22:30:00-00:00,2022-09-01T22:45:00-00:00,2022-09-01,16,BAYSHOR2_1_N001,BAYSHOR2_1_N001,BAYSHOR2_1_N001,RTPD,MCE,LMP_ENE_PRC,BAYSHOR2_1_N001,ALL,1,283.18182,3,3
2022-09-01T23:30:00-00:00,2022-09-01T23:45:00-00:00,2022-09-01,17,BAYSHOR2_1_N001,BAYSHOR2_1_N001,BAYSHOR2_1_N001,RTPD,MCE,LMP_ENE_PRC,BAYSHOR2_1_N001,ALL,1,566.48157,3,3
2022-09-02T00:30:00-00:00,2022-09-02T00:45:00-00:00,2022-09-01,18,BAYSHOR2_1_N001,BAYSHOR2_1_N001,BAYSHOR2_1_N001,RTPD,MCE,LMP_ENE_PRC,BAYSHOR2_1_N001,ALL,1,1329.1127,3,3
2022-09-02T01:30:00-00:00,2022-09-02T01:45:00-00:00,2022-09-01,19,BAYSHOR2_1_N001,BAYSHOR2_1_N001,BAYSHOR2_1_N001,RTPD,MCE,LMP_ENE_PRC,BAYSHOR2_1_N001,ALL,1,1999.9956,3,3
2022-09-02T02:30:00-00:00,2022-09-02T02:45:00-00:00,2022-09-01,20,BAYSHOR2_1_N001,BAYSHOR2_1_N001,BAYSHOR2_1_N001,RTPD,MCE,LMP_ENE_PRC,BAYSHOR2_1_N001,ALL,1,1991.671,3,3
2022-09-02T03:30:00-00:00,2022-09-02T03:45:00-00:00,2022-09-01,21,BAYSHOR2_1_N001,BAYSHOR2_1_N001,BAYSHOR2_1_N001,RTPD,MCE,LMP_ENE_PRC,BAYSHOR2_1_N001,ALL,1,186.61823,3,3
2022-09-02T04:30:00-00:00,2022-09-02T04:45:00-00:00,2022-09-01,22,BAYSHOR2_1_N001,BAYSHOR2_1_N001,BAYSHOR2_1_N001,RTPD,MCE,LMP_ENE_PRC,BAYSHOR2_1_N001,ALL,1,180.67824,3,3
2022-09-02T05:30:00-00:00,2022-09-02T05:45:00-00:00,2022-09-01,23,BAYSHOR2_1_N001,BAYSHOR2_1_N001,BAYSHOR2_1_N001,RTPD,MCE,LMP_ENE_PRC,BAYSHOR2_1_N001,ALL,1,131.69917,3,3
2022-09-02T06:30:00-00:00,2022-09-02T06:45:00-00:00,2022-09-01,24,BAYSHOR2_1_N001,BAYSHOR2_1_N001,BAYSHOR2_1_N001,RTPD,MCE,LMP_ENE_PRC,BAYSHOR2_1_N001,ALL,1,128.9871,3,3
2022-09-01T07:45:00-00:00,2022-09-01T08:00:00-00:00,2022-09-01,01,BAYSHOR2_1_N001,BAYSHOR2_1_N001,BAYSHOR2_1_N001,RTPD,MCE,LMP_ENE_PRC,BAYSHOR2_1_N001,ALL,1,109.12099,4,3
2022-09-01T08:45:00-00:00,2022-09-01T09:00:00-00:00,2022-09-01,02,BAYSHOR2_1_N001,BAYSHOR2_1_N001,BAYSHOR2_1_N001,RTPD,MCE,LMP_ENE_PRC,BAYSHOR2_1_N001,ALL,1,98.7357,4,3
2022-09-01T09:45:00-00:00,2022-09-01T10:00:00-00:00,2022-09-01,03,BAYSHOR2_1_N001,BAYSHOR2_1_N001,BAYSHOR2_1_N001,RTPD,MCE,LMP_ENE_PRC,BAYSHOR2_1_N001,ALL,1,97.50475,4,3
2022-09-01T10:45:00-00:00,2022-09-01T11:00:00-00:00,2022-09-01,04,BAYSHOR2_1_N001,BAYSHOR2_1_N001,BAYSHOR2_1_N001,RTPD,MCE,LMP_ENE_PRC,BAYSHOR2_1_N001,ALL,1,94.71966,4,3
2022-09-01T11:45:00-00:00,2022-09-01T12:00:00-00:00,2022-09-01,05,BAYSHOR2_1_N001,BAYSHOR2_1_N001,BAYSHOR2_1_N001,RTPD,MCE,LMP_ENE_PRC,BAYSHOR2_1_N001,ALL,1,107.01,4,3
2022-09-01T12:45:00-00:00,2022-09-01T13:00:00-00:00,2022-09-01,06,BAYSHOR2_1_N001,BAYSHOR2_1_N001,BAYSHOR2_1_N001,RTPD,MCE,LMP_ENE_PRC,BAYSHOR2_1_N001,ALL,1,116.4848,4,3
2022-09-01T13:45:00-00:00,2022-09-01T14:00:00-00:00,2022-09-01,07,BAYSHOR2_1_N001,BAYSHOR2_1_N001,BAYSHOR2_1_N001,RTPD,MCE,LMP_ENE_PRC,BAYSHOR2_1_N001,ALL,1,111.41,4,3
2022-09-01T14:45:00-00:00,2022-09-01T15:00:00-00:00,2022-09-01,08,BAYSHOR2_1_N001,BAYSHOR2_1_N001,BAYSHOR2_1_N001,RTPD,MCE,LMP_ENE_PRC,BAYSHOR2_1_N001,ALL,1,86.1388,4,3
2022-09-01T15:45:00-00:00,2022-09-01T16:00:00-00:00,2022-09-01,09,BAYSHOR2_1_N001,BAYSHOR2_1_N001,BAYSHOR2_1_N001,RTPD,MCE,LMP_ENE_PRC,BAYSHOR2_1_N001,ALL,1,78.70076,4,3
2022-09-01T16:45:00-00:00,2022-09-01T17:00:00-00:00,2022-09-01,10,BAYSHOR2_1_N001,BAYSHOR2_1_N001,BAYSHOR2_1_N001,RTPD,MCE,LMP_ENE_PRC,BAYSHOR2_1_N001,ALL,1,91.24933,4,3
2022-09-01T17:45:00-00:00,2022-09-01T18:00:00-00:00,2022-09-01,11,BAYSHOR2_1_N001,BAYSHOR2_1_N001,BAYSHOR2_1_N001,RTPD,MCE,LMP_ENE_PRC,BAYSHOR2_1_N001,ALL,1,99.20544,4,3
2022-09-01T18:45:00-00:00,2022-09-01T19:00:00-00:00,2022-09-01,12,BAYSHOR2_1_N001,BAYSHOR2_1_N001,BAYSHOR2_1_N001,RTPD,MCE,LMP_ENE_PRC,BAYSHOR2_1_N001,ALL,1,109.04064,4,3
2022-09-01T19:45:00-00:00,2022-09-01T20:00:00-00:00,2022-09-01,13,BAYSHOR2_1_N001,BAYSHOR2_1_N001,BAYSHOR2_1_N001,RTPD,MCE,LMP_ENE_PRC,BAYSHOR2_1_N001,ALL,1,120.22491,4,3
2022-09-01T20:45:00-00:00,2022-09-01T21:00:00-00:00,2022-09-01,14,BAYSHOR2_1_N001,BAYSHOR2_1_N001,BAYSHOR2_1_N001,RTPD,MCE,LMP_ENE_PRC,BAYSHOR2_1_N001,ALL,1,154.02509,4,3
2022-09-01T21:45:00-00:00,2022-09-01T22:00:00-00:00,2022-09-01,15,BAYSHOR2_1_N001,BAYSHOR2_1_N001,BAYSHOR2_1_N001,RTPD,MCE,LMP_ENE_PRC,BAYSHOR2_1_N001,ALL,1,300.29376,4,3
2022-09-01T22:45:00-00:00,2022-09-01T23:00:00-00:00,2022-09-01,16,BAYSHOR2_1_N001,BAYSHOR2_1_N001,BAYSHOR2_1_N001,RTPD,MCE,LMP_ENE_PRC,BAYSHOR2_1_N001,ALL,1,429.9137,4,3
2022-09-01T23:45:00-00:00,2022-09-02T00:00:00-00:00,2022-09-01,17,BAYSHOR2_1_N001,BAYSHOR2_1_N001,BAYSHOR2_1_N001,RTPD,MCE,LMP_ENE_PRC,BAYSHOR2_1_N001,ALL,1,1261.2124,4,3
2022-09-02T00:45:00-00:00,2022-09-02T01:00:00-00:00,2022-09-01,18,BAYSHOR2_1_N001,BAYSHOR2_1_N001,BAYSHOR2_1_N001,RTPD,MCE,LMP_ENE_PRC,BAYSHOR2_1_N001,ALL,1,1519.149,4,3
2022-09-02T01:45:00-00:00,2022-09-02T02:00:00-00:00,2022-09-01,19,BAYSHOR2_1_N001,BAYSHOR2_1_N001,BAYSHOR2_1_N001,RTPD,MCE,LMP_ENE_PRC,BAYSHOR2_1_N001,ALL,1,1991.9337,4,3
2022-09-02T02:45:00-00:00,2022-09-02T03:00:00-00:00,2022-09-01,20,BAYSHOR2_1_N001,BAYSHOR2_1_N001,BAYSHOR2_1_N001,RTPD,MCE,LMP_ENE_PRC,BAYSHOR2_1_N001,ALL,1,1629.6213,4,3
2022-09-02T03:45:00-00:00,2022-09-02T04:00:00-00:00,2022-09-01,21,BAYSHOR2_1_N001,BAYSHOR2_1_N001,BAYSHOR2_1_N001,RTPD,MCE,LMP_ENE_PRC,BAYSHOR2_1_N001,ALL,1,141.13702,4,3
2022-09-02T04:45:00-00:00,2022-09-02T05:00:00-00:00,2022-09-01,22,BAYSHOR2_1_N001,BAYSHOR2_1_N001,BAYSHOR2_1_N001,RTPD,MCE,LMP_ENE_PRC,BAYSHOR2_1_N001,ALL,1,126.76372,4,3
2022-09-02T05:45:00-00:00,2022-09-02T06:00:00-00:00,2022-09-01,23,BAYSHOR2_1_N001,BAYSHOR2_1_N001,BAYSHOR2_1_N001,RTPD,MCE,LMP_ENE_PRC,BAYSHOR2_1_N001,ALL,1,119.00958,4,3
2022-09-02T06:45:00-00:00,2022-09-02T07:00:00-00:00,2022-09-01,24,BAYSHOR2_1_N001,BAYSHOR2_1_N001,BAYSHOR2_1_N001,RTPD,MCE,LMP_ENE_PRC,BAYSHOR2_1_N001,ALL,1,109.20324,4,3
2022-09-01T07:00:00-00:00,2022-09-01T07:15:00-00:00,2022-09-01,01,BAYSHOR2_1_N001,BAYSHOR2_1_N001,BAYSHOR2_1_N001,RTPD,MCL,LMP_LOSS_PRC,BAYSHOR2_1_N001,ALL,1,-4.7531,1,4
2022-09-01T08:00:00-00:00,2022-09-01T08:15:00-00:00,2022-09-01,02,BAYSHOR2_1_N001,BAYSHOR2_1_N001,BAYSHOR2_1_N001,RTPD,MCL,LMP_LOSS_PRC,BAYSHOR2_1_N001,ALL,1,0,1,4
2022-09-01T09:00:00-00:00,2022-09-01T09:15:00-00:00,2022-09-01,03,BAYSHOR2_1_N001,BAYSHOR2_1_N001,BAYSHOR2_1_N001,RTPD,MCL,LMP_LOSS_PRC,BAYSHOR2_1_N001,ALL,1,1.67547,1,4
2022-09-01T10:00:00-00:00,2022-09-01T10:15:00-00:00,2022-09-01,04,BAYSHOR2_1_N001,BAYSHOR2_1_N001,BAYSHOR2_1_N001,RTPD,MCL,LMP_LOSS_PRC,BAYSHOR2_1_N001,ALL,1,1.92352,1,4
2022-09-01T11:00:00-00:00,2022-09-01T11:15:00-00:00,2022-09-01,05,BAYSHOR2_1_N001,BAYSHOR2_1_N001,BAYSHOR2_1_N001,RTPD,MCL,LMP_LOSS_PRC,BAYSHOR2_1_N001,ALL,1,2.03086,1,4
2022-09-01T12:00:00-00:00,2022-09-01T12:15:00-00:00,2022-09-01,06,BAYSHOR2_1_N001,BAYSHOR2_1_N001,BAYSHOR2_1_N001,RTPD,MCL,LMP_LOSS_PRC,BAYSHOR2_1_N001,ALL,1,1.56023,1,4
2022-09-01T13:00:00-00:00,2022-09-01T13:15:00-00:00,2022-09-01,07,BAYSHOR2_1_N001,BAYSHOR2_1_N001,BAYSHOR2_1_N001,RTPD,MCL,LMP_LOSS_PRC,BAYSHOR2_1_N001,ALL,1,0,1,4
2022-09-01T14:00:00-00:00,2022-09-01T14:15:00-00:00,2022-09-01,08,BAYSHOR2_1_N001,BAYSHOR2_1_N001,BAYSHOR2_1_N001,RTPD,MCL,LMP_LOSS_PRC,BAYSHOR2_1_N001,ALL,1,4.98894,1,4
2022-09-01T15:00:00-00:00,2022-09-01T15:15:00-00:00,2022-09-01,09,BAYSHOR2_1_N001,BAYSHOR2_1_N001,BAYSHOR2_1_N001,RTPD,MCL,LMP_LOSS_PRC,BAYSHOR2_1_N001,ALL,1,0,1,4
2022-09-01T16:00:00-00:00,2022-09-01T16:15:00-00:00,2022-09-01,10,BAYSHOR2_1_N001,BAYSHOR2_1_N001,BAYSHOR2_1_N001,RTPD,MCL,LMP_LOSS_PRC,BAYSHOR2_1_N001,ALL,1,0,1,4
2022-09-01T17:00:00-00:00,2022-09-01T17:15:00-00:00,2022-09-01,11,BAYSHOR2_1_N001,BAYSHOR2_1_N001,BAYSHOR2_1_N001,RTPD,MCL,LMP_LOSS_PRC,BAYSHOR2_1_N001,ALL,1,0,1,4
2022-09-01T18:00:00-00:00,2022-09-01T18:15:00-00:00,2022-09-01,12,BAYSHOR2_1_N001,BAYSHOR2_1_N001,BAYSHOR2_1_N001,RTPD,MCL,LMP_LOSS_PRC,BAYSHOR2_1_N001,ALL,1,0,1,4
2022-09-01T19:00:00-00:00,2022-09-01T19:15:00-00:00,2022-09-01,13,BAYSHOR2_1_N001,BAYSHOR2_1_N001,BAYSHOR2_1_N001,RTPD,MCL,LMP_LOSS_PRC,BAYSHOR2_1_N001,ALL,1,0,1,4
2022-09-01T20:00:00-00:00,2022-09-01T20:15:00-00:00,2022-09-01,14,BAYSHOR2_1_N001,BAYSHOR2_1_N001,BAYSHOR2_1_N001,RTPD,MCL,LMP_LOSS_PRC,BAYSHOR2_1_N001,ALL,1,0,1,4
2022-09-01T21:00:00-00:00,2022-09-01T21:15:00-00:00,2022-09-01,15,BAYSHOR2_1_N001,BAYSHOR2_1_N001,BAYSHOR2_1_N001,RTPD,MCL,LMP_LOSS_PRC,BAYSHOR2_1_N001,ALL,1,0,1,4
2022-09-01T22:00:00-00:00,2022-09-01T22:15:00-00:00,2022-09-01,16,BAYSHOR2_1_N001,BAYSHOR2_1_N001,BAYSHOR2_1_N001,RTPD,MCL,LMP_LOSS_PRC,BAYSHOR2_1_N001,ALL,1,0,1,4
2022-09-01T23:00:00-00:00,2022-09-01T23:15:00-00:00,2022-09-01,17,BAYSHOR2_1_N001,BAYSHOR2_1_N001,BAYSHOR2_1_N001,RTPD,MCL,LMP_LOSS_PRC,BAYSHOR2_1_N001,ALL,1,0,1,4
2022-09-02T00:00:00-00:00,2022-09-02T00:15:00-00:00,2022-09-01,18,BAYSHOR2_1_N001,BAYSHOR2_1_N001,BAYSHOR2_1_N001,RTPD,MCL,LMP_LOSS_PRC,BAYSHOR2_1_N001,ALL,1,58.79536,1,4
2022-09-02T01:00:00-00:00,2022-09-02T01:15:00-00:00,2022-09-01,19,BAYSHOR2_1_N001,BAYSHOR2_1_N001,BAYSHOR2_1_N001,RTPD,MCL,LMP_LOSS_PRC,BAYSHOR2_1_N001,ALL,1,0,1,4
2022-09-02T02:00:00-00:00,2022-09-02T02:15:00-00:00,2022-09-01,20,BAYSHOR2_1_N001,BAYSHOR2_1_N001,BAYSHOR2_1_N001,RTPD,MCL,LMP_LOSS_PRC,BAYSHOR2_1_N001,ALL,1,0,1,4
2022-09-02T03:00:00-00:00,2022-09-02T03:15:00-00:00,2022-09-01,21,BAYSHOR2_1_N001,BAYSHOR2_1_N001,BAYSHOR2_1_N001,RTPD,MCL,LMP_LOSS_PRC,BAYSHOR2_1_N001,ALL,1,58.08096,1,4
2022-09-02T04:00:00-00:00,2022-09-02T04:15:00-00:00,2022-09-01,22,BAYSHOR2_1_N001,BAYSHOR2_1_N001,BAYSHOR2_1_N001,RTPD,MCL,LMP_LOSS_PRC,BAYSHOR2_1_N001,ALL,1,12.63367,1,4
2022-09-02T05:00:00-00:00,2022-09-02T05:15:00-00:00,2022-09-01,23,BAYSHOR2_1_N001,BAYSHOR2_1_N001,BAYSHOR2_1_N001,RTPD,MCL,LMP_LOSS_PRC,BAYSHOR2_1_N001,ALL,1,6.57855,1,4
2022-09-02T06:00:00-00:00,2022-09-02T06:15:00-00:00,2022-09-01,24,BAYSHOR2_1_N001,BAYSHOR2_1_N001,BAYSHOR2_1_N001,RTPD,MCL,LMP_LOSS_PRC,BAYSHOR2_1_N001,ALL,1,4.11466,1,4
2022-09-01T07:15:00-00:00,2022-09-01T07:30:00-00:00,2022-09-01,01,BAYSHOR2_1_N001,BAYSHOR2_1_N001,BAYSHOR2_1_N001,RTPD,MCL,LMP_LOSS_PRC,BAYSHOR2_1_N001,ALL,1,0,2,4
2022-09-01T08:15:00-00:00,2022-09-01T08:30:00-00:00,2022-09-01,02,BAYSHOR2_1_N001,BAYSHOR2_1_N001,BAYSHOR2_1_N001,RTPD,MCL,LMP_LOSS_PRC,BAYSHOR2_1_N001,ALL,1,0,2,4
2022-09-01T09:15:00-00:00,2022-09-01T09:30:00-00:00,2022-09-01,03,BAYSHOR2_1_N001,BAYSHOR2_1_N001,BAYSHOR2_1_N001,RTPD,MCL,LMP_LOSS_PRC,BAYSHOR2_1_N001,ALL,1,1.66136,2,4
2022-09-01T10:15:00-00:00,2022-09-01T10:30:00-00:00,2022-09-01,04,BAYSHOR2_1_N001,BAYSHOR2_1_N001,BAYSHOR2_1_N001,RTPD,MCL,LMP_LOSS_PRC,BAYSHOR2_1_N001,ALL,1,1.92074,2,4
2022-09-01T11:15:00-00:00,2022-09-01T11:30:00-00:00,2022-09-01,05,BAYSHOR2_1_N001,BAYSHOR2_1_N001,BAYSHOR2_1_N001,RTPD,MCL,LMP_LOSS_PRC,BAYSHOR2_1_N001,ALL,1,2.02058,2,4
2022-09-01T12:15:00-00:00,2022-09-01T12:30:00-00:00,2022-09-01,06,BAYSHOR2_1_N001,BAYSHOR2_1_N001,BAYSHOR2_1_N001,RTPD,MCL,LMP_LOSS_PRC,BAYSHOR2_1_N001,ALL,1,2.09898,2,4
2022-09-01T13:15:00-00:00,2022-09-01T13:30:00-00:00,2022-09-01,07,BAYSHOR2_1_N001,BAYSHOR2_1_N001,BAYSHOR2_1_N001,RTPD,MCL,LMP_LOSS_PRC,BAYSHOR2_1_N001,ALL,1,2.70787,2,4
2022-09-01T14:15:00-00:00,2022-09-01T14:30:00-00:00,2022-09-01,08,BAYSHOR2_1_N001,BAYSHOR2_1_N001,BAYSHOR2_1_N001,RTPD,MCL,LMP_LOSS_PRC,BAYSHOR2_1_N001,ALL,1,4.60017,2,4
2022-09-01T15:15:00-00:00,2022-09-01T15:30:00-00:00,2022-09-01,09,BAYSHOR2_1_N001,BAYSHOR2_1_N001,BAYSHOR2_1_N001,RTPD,MCL,LMP_LOSS_PRC,BAYSHOR2_1_N001,ALL,1,0,2,4
2022-09-01T16:15:00-00:00,2022-09-01T16:30:00-00:00,2022-09-01,10,BAYSHOR2_1_N001,BAYSHOR2_1_N001,BAYSHOR2_1_N001,RTPD,MCL,LMP_LOSS_PRC,BAYSHOR2_1_N001,ALL,1,0,2,4
2022-09-01T17:15:00-00:00,2022-09-01T17:30:00-00:00,2022-09-01,11,BAYSHOR2_1_N001,BAYSHOR2_1_N001,BAYSHOR2_1_N001,RTPD,MCL,LMP_LOSS_PRC,BAYSHOR2_1_N001,ALL,1,0,2,4
2022-09-01T18:15:00-00:00,2022-09-01T18:30:00-00:00,2022-09-01,12,BAYSHOR2_1_N001,BAYSHOR2_1_N001,BAYSHOR2_1_N001,RTPD,MCL,LMP_LOSS_PRC,BAYSHOR2_1_N001,ALL,1,0,2,4
2022-09-01T19:15:00-00:00,2022-09-01T19:30:00-00:00,2022-09-01,13,BAYSHOR2_1_N001,BAYSHOR2_1_N001,BAYSHOR2_1_N001,RTPD,MCL,LMP_LOSS_PRC,BAYSHOR2_1_N001,ALL,1,0,2,4
2022-09-01T20:15:00-00:00,2022-09-01T20:30:00-00:00,2022-09-01,14,BAYSHOR2_1_N001,BAYSHOR2_1_N001,BAYSHOR2_1_N001,RTPD,MCL,LMP_LOSS_PRC,BAYSHOR2_1_N001,ALL,1,0,2,4
2022-09-01T21:15:00-00:00,2022-09-01T21:30:00-00:00,2022-09-01,15,BAYSHOR2_1_N001,BAYSHOR2_1_N001,BAYSHOR2_1_N001,RTPD,MCL,LMP_LOSS_PRC,BAYSHOR2_1_N001,ALL,1,0,2,4
2022-09-01T22:15:00-00:00,2022-09-01T22:30:00-00:00,2022-09-01,16,BAYSHOR2_1_N001,BAYSHOR2_1_N001,BAYSHOR2_1_N001,RTPD,MCL,LMP_LOSS_PRC,BAYSHOR2_1_N001,ALL,1,0,2,4
2022-09-01T23:15:00-00:00,2022-09-01T23:30:00-00:00,2022-09-01,17,BAYSHOR2_1_N001,BAYSHOR2_1_N001,BAYSHOR2_1_N001,RTPD,MCL,LMP_LOSS_PRC,BAYSHOR2_1_N001,ALL,1,0,2,4
2022-09-02T00:15:00-00:00,2022-09-02T00:30:00-00:00,2022-09-01,18,BAYSHOR2_1_N001,BAYSHOR2_1_N001,BAYSHOR2_1_N001,RTPD,MCL,LMP_LOSS_PRC,BAYSHOR2_1_N001,ALL,1,51.42664,2,4
2022-09-02T01:15:00-00:00,2022-09-02T01:30:00-00:00,2022-09-01,19,BAYSHOR2_1_N001,BAYSHOR2_1_N001,BAYSHOR2_1_N001,RTPD,MCL,LMP_LOSS_PRC,BAYSHOR2_1_N001,ALL,1,0,2,4
2022-09-02T02:15:00-00:00,2022-09-02T02:30:00-00:00,2022-09-01,20,BAYSHOR2_1_N001,BAYSHOR2_1_N001,BAYSHOR2_1_N001,RTPD,MCL,LMP_LOSS_PRC,BAYSHOR2_1_N001,ALL,1,0,2,4
2022-09-02T03:15:00-00:00,2022-09-02T03:30:00-00:00,2022-09-01,21,BAYSHOR2_1_N001,BAYSHOR2_1_N001,BAYSHOR2_1_N001,RTPD,MCL,LMP_LOSS_PRC,BAYSHOR2_1_N001,ALL,1,24.79274,2,4
2022-09-02T04:15:00-00:00,2022-09-02T04:30:00-00:00,2022-09-01,22,BAYSHOR2_1_N001,BAYSHOR2_1_N001,BAYSHOR2_1_N001,RTPD,MCL,LMP_LOSS_PRC,BAYSHOR2_1_N001,ALL,1,10.13624,2,4
2022-09-02T05:15:00-00:00,2022-09-02T05:30:00-00:00,2022-09-01,23,BAYSHOR2_1_N001,BAYSHOR2_1_N001,BAYSHOR2_1_N001,RTPD,MCL,LMP_LOSS_PRC,BAYSHOR2_1_N001,ALL,1,4.94928,2,4
2022-09-02T06:15:00-00:00,2022-09-02T06:30:00-00:00,2022-09-01,24,BAYSHOR2_1_N001,BAYSHOR2_1_N001,BAYSHOR2_1_N001,RTPD,MCL,LMP_LOSS_PRC,BAYSHOR2_1_N001,ALL,1,2.46133,2,4
2022-09-01T07:30:00-00:00,2022-09-01T07:45:00-00:00,2022-09-01,01,BAYSHOR2_1_N001,BAYSHOR2_1_N001,BAYSHOR2_1_N001,RTPD,MCL,LMP_LOSS_PRC,BAYSHOR2_1_N001,ALL,1,0,3,4
2022-09-01T08:30:00-00:00,2022-09-01T08:45:00-00:00,2022-09-01,02,BAYSHOR2_1_N001,BAYSHOR2_1_N001,BAYSHOR2_1_N001,RTPD,MCL,LMP_LOSS_PRC,BAYSHOR2_1_N001,ALL,1,2.08891,3,4
2022-09-01T09:30:00-00:00,2022-09-01T09:45:00-00:00,2022-09-01,03,BAYSHOR2_1_N001,BAYSHOR2_1_N001,BAYSHOR2_1_N001,RTPD,MCL,LMP_LOSS_PRC,BAYSHOR2_1_N001,ALL,1,1.48225,3,4
2022-09-01T10:30:00-00:00,2022-09-01T10:45:00-00:00,2022-09-01,04,BAYSHOR2_1_N001,BAYSHOR2_1_N001,BAYSHOR2_1_N001,RTPD,MCL,LMP_LOSS_PRC,BAYSHOR2_1_N001,ALL,1,1.98506,3,4
2022-09-01T11:30:00-00:00,2022-09-01T11:45:00-00:00,2022-09-01,05,BAYSHOR2_1_N001,BAYSHOR2_1_N001,BAYSHOR2_1_N001,RTPD,MCL,LMP_LOSS_PRC,BAYSHOR2_1_N001,ALL,1,2.17461,3,4
2022-09-01T12:30:00-00:00,2022-09-01T12:45:00-00:00,2022-09-01,06,BAYSHOR2_1_N001,BAYSHOR2_1_N001,BAYSHOR2_1_N001,RTPD,MCL,LMP_LOSS_PRC,BAYSHOR2_1_N001,ALL,1,2.33963,3,4
2022-09-01T13:30:00-00:00,2022-09-01T13:45:00-00:00,2022-09-01,07,BAYSHOR2_1_N001,BAYSHOR2_1_N001,BAYSHOR2_1_N001,RTPD,MCL,LMP_LOSS_PRC,BAYSHOR2_1_N001,ALL,1,3.03335,3,4
2022-09-01T14:30:00-00:00,2022-09-01T14:45:00-00:00,2022-09-01,08,BAYSHOR2_1_N001,BAYSHOR2_1_N001,BAYSHOR2_1_N001,RTPD,MCL,LMP_LOSS_PRC,BAYSHOR2_1_N001,ALL,1,4.79639,3,4
2022-09-01T15:30:00-00:00,2022-09-01T15:45:00-00:00,2022-09-01,09,BAYSHOR2_1_N001,BAYSHOR2_1_N001,BAYSHOR2_1_N001,RTPD,MCL,LMP_LOSS_PRC,BAYSHOR2_1_N001,ALL,1,0,3,4
2022-09-01T16:30:00-00:00,2022-09-01T16:45:00-00:00,2022-09-01,10,BAYSHOR2_1_N001,BAYSHOR2_1_N001,BAYSHOR2_1_N001,RTPD,MCL,LMP_LOSS_PRC,BAYSHOR2_1_N001,ALL,1,0,3,4
2022-09-01T17:30:00-00:00,2022-09-01T17:45:00-00:00,2022-09-01,11,BAYSHOR2_1_N001,BAYSHOR2_1_N001,BAYSHOR2_1_N001,RTPD,MCL,LMP_LOSS_PRC,BAYSHOR2_1_N001,ALL,1,0,3,4
2022-09-01T18:30:00-00:00,2022-09-01T18:45:00-00:00,2022-09-01,12,BAYSHOR2_1_N001,BAYSHOR2_1_N001,BAYSHOR2_1_N001,RTPD,MCL,LMP_LOSS_PRC,BAYSHOR2_1_N001,ALL,1,0,3,4
2022-09-01T19:30:00-00:00,2022-09-01T19:45:00-00:00,2022-09-01,13,BAYSHOR2_1_N001,BAYSHOR2_1_N001,BAYSHOR2_1_N001,RTPD,MCL,LMP_LOSS_PRC,BAYSHOR2_1_N001,ALL,1,0,3,4
2022-09-01T20:30:00-00:00,2022-09-01T20:45:00-00:00,2022-09-01,14,BAYSHOR2_1_N001,BAYSHOR2_1_N001,BAYSHOR2_1_N001,RTPD,MCL,LMP_LOSS_PRC,BAYSHOR2_1_N001,ALL,1,0,3,4
2022-09-01T21:30:00-00:00,2022-09-01T21:45:00-00:00,2022-09-01,15,BAYSHOR2_1_N001,BAYSHOR2_1_N001,BAYSHOR2_1_N001,RTPD,MCL,LMP_LOSS_PRC,BAYSHOR2_1_N001,ALL,1,0,3,4
2022-09-01T22:30:00-00:00,2022-09-01T22:45:00-00:00,2022-09-01,16,BAYSHOR2_1_N001,BAYSHOR2_1_N001,BAYSHOR2_1_N001,RTPD,MCL,LMP_LOSS_PRC,BAYSHOR2_1_N001,ALL,1,0,3,4
2022-09-01T23:30:00-00:00,2022-09-01T23:45:00-00:00,2022-09-01,17,BAYSHOR2_1_N001,BAYSHOR2_1_N001,BAYSHOR2_1_N001,RTPD,MCL,LMP_LOSS_PRC,BAYSHOR2_1_N001,ALL,1,0,3,4
2022-09-02T00:30:00-00:00,2022-09-02T00:45:00-00:00,2022-09-01,18,BAYSHOR2_1_N001,BAYSHOR2_1_N001,BAYSHOR2_1_N001,RTPD,MCL,LMP_LOSS_PRC,BAYSHOR2_1_N001,ALL,1,0,3,4
2022-09-02T01:30:00-00:00,2022-09-02T01:45:00-00:00,2022-09-01,19,BAYSHOR2_1_N001,BAYSHOR2_1_N001,BAYSHOR2_1_N001,RTPD,MCL,LMP_LOSS_PRC,BAYSHOR2_1_N001,ALL,1,0,3,4
2022-09-02T02:30:00-00:00,2022-09-02T02:45:00-00:00,2022-09-01,20,BAYSHOR2_1_N001,BAYSHOR2_1_N001,BAYSHOR2_1_N001,RTPD,MCL,LMP_LOSS_PRC,BAYSHOR2_1_N001,ALL,1,0,3,4
2022-09-02T03:30:00-00:00,2022-09-02T03:45:00-00:00,2022-09-01,21,BAYSHOR2_1_N001,BAYSHOR2_1_N001,BAYSHOR2_1_N001,RTPD,MCL,LMP_LOSS_PRC,BAYSHOR2_1_N001,ALL,1,11.40237,3,4
2022-09-02T04:30:00-00:00,2022-09-02T04:45:00-00:00,2022-09-01,22,BAYSHOR2_1_N001,BAYSHOR2_1_N001,BAYSHOR2_1_N001,RTPD,MCL,LMP_LOSS_PRC,BAYSHOR2_1_N001,ALL,1,5.09513,3,4
2022-09-02T05:30:00-00:00,2022-09-02T05:45:00-00:00,2022-09-01,23,BAYSHOR2_1_N001,BAYSHOR2_1_N001,BAYSHOR2_1_N001,RTPD,MCL,LMP_LOSS_PRC,BAYSHOR2_1_N001,ALL,1,3.70075,3,4
2022-09-02T06:30:00-00:00,2022-09-02T06:45:00-00:00,2022-09-01,24,BAYSHOR2_1_N001,BAYSHOR2_1_N001,BAYSHOR2_1_N001,RTPD,MCL,LMP_LOSS_PRC,BAYSHOR2_1_N001,ALL,1,3.0312,3,4
2022-09-01T07:45:00-00:00,2022-09-01T08:00:00-00:00,2022-09-01,01,BAYSHOR2_1_N001,BAYSHOR2_1_N001,BAYSHOR2_1_N001,RTPD,MCL,LMP_LOSS_PRC,BAYSHOR2_1_N001,ALL,1,0,4,4
2022-09-01T08:45:00-00:00,2022-09-01T09:00:00-00:00,2022-09-01,02,BAYSHOR2_1_N001,BAYSHOR2_1_N001,BAYSHOR2_1_N001,RTPD,MCL,LMP_LOSS_PRC,BAYSHOR2_1_N001,ALL,1,1.69825,4,4
2022-09-01T09:45:00-00:00,2022-09-01T10:00:00-00:00,2022-09-01,03,BAYSHOR2_1_N001,BAYSHOR2_1_N001,BAYSHOR2_1_N001,RTPD,MCL,LMP_LOSS_PRC,BAYSHOR2_1_N001,ALL,1,1.45282,4,4
2022-09-01T10:45:00-00:00,2022-09-01T11:00:00-00:00,2022-09-01,04,BAYSHOR2_1_N001,BAYSHOR2_1_N001,BAYSHOR2_1_N001,RTPD,MCL,LMP_LOSS_PRC,BAYSHOR2_1_N001,ALL,1,1.85651,4,4
2022-09-01T11:45:00-00:00,2022-09-01T12:00:00-00:00,2022-09-01,05,BAYSHOR2_1_N001,BAYSHOR2_1_N001,BAYSHOR2_1_N001,RTPD,MCL,LMP_LOSS_PRC,BAYSHOR2_1_N001,ALL,1,0,4,4
2022-09-01T12:45:00-00:00,2022-09-01T13:00:00-00:00,2022-09-01,06,BAYSHOR2_1_N001,BAYSHOR2_1_N001,BAYSHOR2_1_N001,RTPD,MCL,LMP_LOSS_PRC,BAYSHOR2_1_N001,ALL,1,0,4,4
2022-09-01T13:45:00-00:00,2022-09-01T14:00:00-00:00,2022-09-01,07,BAYSHOR2_1_N001,BAYSHOR2_1_N001,BAYSHOR2_1_N001,RTPD,MCL,LMP_LOSS_PRC,BAYSHOR2_1_N001,ALL,1,0,4,4
2022-09-01T14:45:00-00:00,2022-09-01T15:00:00-00:00,2022-09-01,08,BAYSHOR2_1_N001,BAYSHOR2_1_N001,BAYSHOR2_1_N001,RTPD,MCL,LMP_LOSS_PRC,BAYSHOR2_1_N001,ALL,1,0,4,4
2022-09-01T15:45:00-00:00,2022-09-01T16:00:00-00:00,2022-09-01,09,BAYSHOR2_1_N001,BAYSHOR2_1_N001,BAYSHOR2_1_N001,RTPD,MCL,LMP_LOSS_PRC,BAYSHOR2_1_N001,ALL,1,0,4,4
2022-09-01T16:45:00-00:00,2022-09-01T17:00:00-00:00,2022-09-01,10,BAYSHOR2_1_N001,BAYSHOR2_1_N001,BAYSHOR2_1_N001,RTPD,MCL,LMP_LOSS_PRC,BAYSHOR2_1_N001,ALL,1,0,4,4
2022-09-01T17:45:00-00:00,2022-09-01T18:00:00-00:00,2022-09-01,11,BAYSHOR2_1_N001,BAYSHOR2_1_N001,BAYSHOR2_1_N001,RTPD,MCL,LMP_LOSS_PRC,BAYSHOR2_1_N001,ALL,1,0,4,4
2022-09-01T18:45:00-00:00,2022-09-01T19:00:00-00:00,2022-09-01,12,BAYSHOR2_1_N001,BAYSHOR2_1_N001,BAYSHOR2_1_N001,RTPD,MCL,LMP_LOSS_PRC,BAYSHOR2_1_N001,ALL,1,0,4,4
2022-09-01T19:45:00-00:00,2022-09-01T20:00:00-00:00,2022-09-01,13,BAYSHOR2_1_N001,BAYSHOR2_1_N001,BAYSHOR2_1_N001,RTPD,MCL,LMP_LOSS_PRC,BAYSHOR2_1_N001,ALL,1,0,4,4
2022-09-01T20:45:00-00:00,2022-09-01T21:00:00-00:00,2022-09-01,14,BAYSHOR2_1_N001,BAYSHOR2_1_N001,BAYSHOR2_1_N001,RTPD,MCL,LMP_LOSS_PRC,BAYSHOR2_1_N001,ALL,1,0,4,4
2022-09-01T21:45:00-00:00,2022-09-01T22:00:00-00:00,2022-09-01,15,BAYSHOR2_1_N001,BAYSHOR2_1_N001,BAYSHOR2_1_N001,RTPD,MCL,LMP_LOSS_PRC,BAYSHOR2_1_N001,ALL,1,0,4,4
2022-09-01T22:45:00-00:00,2022-09-01T23:00:00-00:00,2022-09-01,16,BAYSHOR2_1_N001,BAYSHOR2_1_N001,BAYSHOR2_1_N001,RTPD,MCL,LMP_LOSS_PRC,BAYSHOR2_1_N001,ALL,1,0,4,4
2022-09-01T23:45:00-00:00,2022-09-02T00:00:00-00:00,2022-09-01,17,BAYSHOR2_1_N001,BAYSHOR2_1_N001,BAYSHOR2_1_N001,RTPD,MCL,LMP_LOSS_PRC,BAYSHOR2_1_N001,ALL,1,0,4,4
2022-09-02T00:45:00-00:00,2022-09-02T01:00:00-00:00,2022-09-01,18,BAYSHOR2_1_N001,BAYSHOR2_1_N001,BAYSHOR2_1_N001,RTPD,MCL,LMP_LOSS_PRC,BAYSHOR2_1_N001,ALL,1,0,4,4
2022-09-02T01:45:00-00:00,2022-09-02T02:00:00-00:00,2022-09-01,19,BAYSHOR2_1_N001,BAYSHOR2_1_N001,BAYSHOR2_1_N001,RTPD,MCL,LMP_LOSS_PRC,BAYSHOR2_1_N001,ALL,1,0,4,4
2022-09-02T02:45:00-00:00,2022-09-02T03:00:00-00:00,2022-09-01,20,BAYSHOR2_1_N001,BAYSHOR2_1_N001,BAYSHOR2_1_N001,RTPD,MCL,LMP_LOSS_PRC,BAYSHOR2_1_N001,ALL,1,119.94013,4,4
2022-09-02T03:45:00-00:00,2022-09-02T04:00:00-00:00,2022-09-01,21,BAYSHOR2_1_N001,BAYSHOR2_1_N001,BAYSHOR2_1_N001,RTPD,MCL,LMP_LOSS_PRC,BAYSHOR2_1_N001,ALL,1,7.40969,4,4
2022-09-02T04:45:00-00:00,2022-09-02T05:00:00-00:00,2022-09-01,22,BAYSHOR2_1_N001,BAYSHOR2_1_N001,BAYSHOR2_1_N001,RTPD,MCL,LMP_LOSS_PRC,BAYSHOR2_1_N001,ALL,1,3.917,4,4
2022-09-02T05:45:00-00:00,2022-09-02T06:00:00-00:00,2022-09-01,23,BAYSHOR2_1_N001,BAYSHOR2_1_N001,BAYSHOR2_1_N001,RTPD,MCL,LMP_LOSS_PRC,BAYSHOR2_1_N001,ALL,1,3.32037,4,4
2022-09-02T06:45:00-00:00,2022-09-02T07:00:00-00:00,2022-09-01,24,BAYSHOR2_1_N001,BAYSHOR2_1_N001,BAYSHOR2_1_N001,RTPD,MCL,LMP_LOSS_PRC,BAYSHOR2_1_N001,ALL,1,2.92665,4,4
2022-09-01T07:00:00-00:00,2022-09-01T07:15:00-00:00,2022-09-01,01,BAYSHOR2_1_N001,BAYSHOR2_1_N001,BAYSHOR2_1_N001,RTPD,MGHG,LMP_GHG_PRC,BAYSHOR2_1_N001,ALL,1,0,1,5
2022-09-01T08:00:00-00:00,2022-09-01T08:15:00-00:00,2022-09-01,02,BAYSHOR2_1_N001,BAYSHOR2_1_N001,BAYSHOR2_1_N001,RTPD,MGHG,LMP_GHG_PRC,BAYSHOR2_1_N001,ALL,1,0,1,5
2022-09-01T09:00:00-00:00,2022-09-01T09:15:00-00:00,2022-09-01,03,BAYSHOR2_1_N001,BAYSHOR2_1_N001,BAYSHOR2_1_N001,RTPD,MGHG,LMP_GHG_PRC,BAYSHOR2_1_N001,ALL,1,0,1,5
2022-09-01T10:00:00-00:00,2022-09-01T10:15:00-00:00,2022-09-01,04,BAYSHOR2_1_N001,BAYSHOR2_1_N001,BAYSHOR2_1_N001,RTPD,MGHG,LMP_GHG_PRC,BAYSHOR2_1_N001,ALL,1,0,1,5
2022-09-01T11:00:00-00:00,2022-09-01T11:15:00-00:00,2022-09-01,05,BAYSHOR2_1_N001,BAYSHOR2_1_N001,BAYSHOR2_1_N001,RTPD,MGHG,LMP_GHG_PRC,BAYSHOR2_1_N001,ALL,1,0,1,5
2022-09-01T12:00:00-00:00,2022-09-01T12:15:00-00:00,2022-09-01,06,BAYSHOR2_1_N001,BAYSHOR2_1_N001,BAYSHOR2_1_N001,RTPD,MGHG,LMP_GHG_PRC,BAYSHOR2_1_N001,ALL,1,0,1,5
2022-09-01T13:00:00-00:00,2022-09-01T13:15:00-00:00,2022-09-01,07,BAYSHOR2_1_N001,BAYSHOR2_1_N001,BAYSHOR2_1_N001,RTPD,MGHG,LMP_GHG_PRC,BAYSHOR2_1_N001,ALL,1,0,1,5
2022-09-01T14:00:00-00:00,2022-09-01T14:15:00-00:00,2022-09-01,08,BAYSHOR2_1_N001,BAYSHOR2_1_N001,BAYSHOR2_1_N001,RTPD,MGHG,LMP_GHG_PRC,BAYSHOR2_1_N001,ALL,1,0,1,5
2022-09-01T15:00:00-00:00,2022-09-01T15:15:00-00:00,2022-09-01,09,BAYSHOR2_1_N001,BAYSHOR2_1_N001,BAYSHOR2_1_N001,RTPD,MGHG,LMP_GHG_PRC,BAYSHOR2_1_N001,ALL,1,0,1,5
2022-09-01T16:00:00-00:00,2022-09-01T16:15:00-00:00,2022-09-01,10,BAYSHOR2_1_N001,BAYSHOR2_1_N001,BAYSHOR2_1_N001,RTPD,MGHG,LMP_GHG_PRC,BAYSHOR2_1_N001,ALL,1,0,1,5
2022-09-01T17:00:00-00:00,2022-09-01T17:15:00-00:00,2022-09-01,11,BAYSHOR2_1_N001,BAYSHOR2_1_N001,BAYSHOR2_1_N001,RTPD,MGHG,LMP_GHG_PRC,BAYSHOR2_1_N001,ALL,1,0,1,5
2022-09-01T18:00:00-00:00,2022-09-01T18:15:00-00:00,2022-09-01,12,BAYSHOR2_1_N001,BAYSHOR2_1_N001,BAYSHOR2_1_N001,RTPD,MGHG,LMP_GHG_PRC,BAYSHOR2_1_N001,ALL,1,0,1,5
2022-09-01T19:00:00-00:00,2022-09-01T19:15:00-00:00,2022-09-01,13,BAYSHOR2_1_N001,BAYSHOR2_1_N001,BAYSHOR2_1_N001,RTPD,MGHG,LMP_GHG_PRC,BAYSHOR2_1_N001,ALL,1,0,1,5
2022-09-01T20:00:00-00:00,2022-09-01T20:15:00-00:00,2022-09-01,14,BAYSHOR2_1_N001,BAYSHOR2_1_N001,BAYSHOR2_1_N001,RTPD,MGHG,LMP_GHG_PRC,BAYSHOR2_1_N001,ALL,1,0,1,5
2022-09-01T21:00:00-00:00,2022-09-01T21:15:00-00:00,2022-09-01,15,BAYSHOR2_1_N001,BAYSHOR2_1_N001,BAYSHOR2_1_N001,RTPD,MGHG,LMP_GHG_PRC,BAYSHOR2_1_N001,ALL,1,0,1,5
2022-09-01T22:00:00-00:00,2022-09-01T22:15:00-00:00,2022-09-01,16,BAYSHOR2_1_N001,BAYSHOR2_1_N001,BAYSHOR2_1_N001,RTPD,MGHG,LMP_GHG_PRC,BAYSHOR2_1_N001,ALL,1,0,1,5
2022-09-01T23:00:00-00:00,2022-09-01T23:15:00-00:00,2022-09-01,17,BAYSHOR2_1_N001,BAYSHOR2_1_N001,BAYSHOR2_1_N001,RTPD,MGHG,LMP_GHG_PRC,BAYSHOR2_1_N001,ALL,1,0,1,5
2022-09-02T00:00:00-00:00,2022-09-02T00:15:00-00:00,2022-09-01,18,BAYSHOR2_1_N001,BAYSHOR2_1_N001,BAYSHOR2_1_N001,RTPD,MGHG,LMP_GHG_PRC,BAYSHOR2_1_N001,ALL,1,0,1,5
2022-09-02T01:00:00-00:00,2022-09-02T01:15:00-00:00,2022-09-01,19,BAYSHOR2_1_N001,BAYSHOR2_1_N001,BAYSHOR2_1_N001,RTPD,MGHG,LMP_GHG_PRC,BAYSHOR2_1_N001,ALL,1,0,1,5
2022-09-02T02:00:00-00:00,2022-09-02T02:15:00-00:00,2022-09-01,20,BAYSHOR2_1_N001,BAYSHOR2_1_N001,BAYSHOR2_1_N001,RTPD,MGHG,LMP_GHG_PRC,BAYSHOR2_1_N001,ALL,1,0,1,5
2022-09-02T03:00:00-00:00,2022-09-02T03:15:00-00:00,2022-09-01,21,BAYSHOR2_1_N001,BAYSHOR2_1_N001,BAYSHOR2_1_N001,RTPD,MGHG,LMP_GHG_PRC,BAYSHOR2_1_N001,ALL,1,0,1,5
2022-09-02T04:00:00-00:00,2022-09-02T04:15:00-00:00,2022-09-01,22,BAYSHOR2_1_N001,BAYSHOR2_1_N001,BAYSHOR2_1_N001,RTPD,MGHG,LMP_GHG_PRC,BAYSHOR2_1_N001,ALL,1,0,1,5
2022-09-02T05:00:00-00:00,2022-09-02T05:15:00-00:00,2022-09-01,23,BAYSHOR2_1_N001,BAYSHOR2_1_N001,BAYSHOR2_1_N001,RTPD,MGHG,LMP_GHG_PRC,BAYSHOR2_1_N001,ALL,1,0,1,5
2022-09-02T06:00:00-00:00,2022-09-02T06:15:00-00:00,2022-09-01,24,BAYSHOR2_1_N001,BAYSHOR2_1_N001,BAYSHOR2_1_N001,RTPD,MGHG,LMP_GHG_PRC,BAYSHOR2_1_N001,ALL,1,0,1,5
2022-09-01T07:15:00-00:00,2022-09-01T07:30:00-00:00,2022-09-01,01,BAYSHOR2_1_N001,BAYSHOR2_1_N001,BAYSHOR2_1_N001,RTPD,MGHG,LMP_GHG_PRC,BAYSHOR2_1_N001,ALL,1,0,2,5
2022-09-01T08:15:00-00:00,2022-09-01T08:30:00-00:00,2022-09-01,02,BAYSHOR2_1_N001,BAYSHOR2_1_N001,BAYSHOR2_1_N001,RTPD,MGHG,LMP_GHG_PRC,BAYSHOR2_1_N001,ALL,1,0,2,5
2022-09-01T09:15:00-00:00,2022-09-01T09:30:00-00:00,2022-09-01,03,BAYSHOR2_1_N001,BAYSHOR2_1_N001,BAYSHOR2_1_N001,RTPD,MGHG,LMP_GHG_PRC,BAYSHOR2_1_N001,ALL,1,0,2,5
2022-09-01T10:15:00-00:00,2022-09-01T10:30:00-00:00,2022-09-01,04,BAYSHOR2_1_N001,BAYSHOR2_1_N001,BAYSHOR2_1_N001,RTPD,MGHG,LMP_GHG_PRC,BAYSHOR2_1_N001,ALL,1,0,2,5
2022-09-01T11:15:00-00:00,2022-09-01T11:30:00-00:00,2022-09-01,05,BAYSHOR2_1_N001,BAYSHOR2_1_N001,BAYSHOR2_1_N001,RTPD,MGHG,LMP_GHG_PRC,BAYSHOR2_1_N001,ALL,1,0,2,5
2022-09-01T12:15:00-00:00,2022-09-01T12:30:00-00:00,2022-09-01,06,BAYSHOR2_1_N001,BAYSHOR2_1_N001,BAYSHOR2_1_N001,RTPD,MGHG,LMP_GHG_PRC,BAYSHOR2_1_N001,ALL,1,0,2,5
2022-09-01T13:15:00-00:00,2022-09-01T13:30:00-00:00,2022-09-01,07,BAYSHOR2_1_N001,BAYSHOR2_1_N001,BAYSHOR2_1_N001,RTPD,MGHG,LMP_GHG_PRC,BAYSHOR2_1_N001,ALL,1,0,2,5
2022-09-01T14:15:00-00:00,2022-09-01T14:30:00-00:00,2022-09-01,08,BAYSHOR2_1_N001,BAYSHOR2_1_N001,BAYSHOR2_1_N001,RTPD,MGHG,LMP_GHG_PRC,BAYSHOR2_1_N001,ALL,1,0,2,5
2022-09-01T15:15:00-00:00,2022-09-01T15:30:00-00:00,2022-09-01,09,BAYSHOR2_1_N001,BAYSHOR2_1_N001,BAYSHOR2_1_N001,RTPD,MGHG,LMP_GHG_PRC,BAYSHOR2_1_N001,ALL,1,0,2,5
2022-09-01T16:15:00-00:00,2022-09-01T16:30:00-00:00,2022-09-01,10,BAYSHOR2_1_N001,BAYSHOR2_1_N001,BAYSHOR2_1_N001,RTPD,MGHG,LMP_GHG_PRC,BAYSHOR2_1_N001,ALL,1,0,2,5
2022-09-01T17:15:00-00:00,2022-09-01T17:30:00-00:00,2022-09-01,11,BAYSHOR2_1_N001,BAYSHOR2_1_N001,BAYSHOR2_1_N001,RTPD,MGHG,LMP_GHG_PRC,BAYSHOR2_1_N001,ALL,1,0,2,5
2022-09-01T18:15:00-00:00,2022-09-01T18:30:00-00:00,2022-09-01,12,BAYSHOR2_1_N001,BAYSHOR2_1_N001,BAYSHOR2_1_N001,RTPD,MGHG,LMP_GHG_PRC,BAYSHOR2_1_N001,ALL,1,0,2,5
2022-09-01T19:15:00-00:00,2022-09-01T19:30:00-00:00,2022-09-01,13,BAYSHOR2_1_N001,BAYSHOR2_1_N001,BAYSHOR2_1_N001,RTPD,MGHG,LMP_GHG_PRC,BAYSHOR2_1_N001,ALL,1,0,2,5
2022-09-01T20:15:00-00:00,2022-09-01T20:30:00-00:00,2022-09-01,14,BAYSHOR2_1_N001,BAYSHOR2_1_N001,BAYSHOR2_1_N001,RTPD,MGHG,LMP_GHG_PRC,BAYSHOR2_1_N001,ALL,1,0,2,5
2022-09-01T21:15:00-00:00,2022-09-01T21:30:00-00:00,2022-09-01,15,BAYSHOR2_1_N001,BAYSHOR2_1_N001,BAYSHOR2_1_N001,RTPD,MGHG,LMP_GHG_PRC,BAYSHOR2_1_N001,ALL,1,0,2,5
2022-09-01T22:15:00-00:00,2022-09-01T22:30:00-00:00,2022-09-01,16,BAYSHOR2_1_N001,BAYSHOR2_1_N001,BAYSHOR2_1_N001,RTPD,MGHG,LMP_GHG_PRC,BAYSHOR2_1_N001,ALL,1,0,2,5
2022-09-01T23:15:00-00:00,2022-09-01T23:30:00-00:00,2022-09-01,17,BAYSHOR2_1_N001,BAYSHOR2_1_N001,BAYSHOR2_1_N001,RTPD,MGHG,LMP_GHG_PRC,BAYSHOR2_1_N001,ALL,1,0,2,5
2022-09-02T00:15:00-00:00,2022-09-02T00:30:00-00:00,2022-09-01,18,BAYSHOR2_1_N001,BAYSHOR2_1_N001,BAYSHOR2_1_N001,RTPD,MGHG,LMP_GHG_PRC,BAYSHOR2_1_N001,ALL,1,0,2,5
2022-09-02T01:15:00-00:00,2022-09-02T01:30:00-00:00,2022-09-01,19,BAYSHOR2_1_N001,BAYSHOR2_1_N001,BAYSHOR2_1_N001,RTPD,MGHG,LMP_GHG_PRC,BAYSHOR2_1_N001,ALL,1,0,2,5
2022-09-02T02:15:00-00:00,2022-09-02T02:30:00-00:00,2022-09-01,20,BAYSHOR2_1_N001,BAYSHOR2_1_N001,BAYSHOR2_1_N001,RTPD,MGHG,LMP_GHG_PRC,BAYSHOR2_1_N001,ALL,1,0,2,5
2022-09-02T03:15:00-00:00,2022-09-02T03:30:00-00:00,2022-09-01,21,BAYSHOR2_1_N001,BAYSHOR2_1_N001,BAYSHOR2_1_N001,RTPD,MGHG,LMP_GHG_PRC,BAYSHOR2_1_N001,ALL,1,0,2,5
2022-09-02T04:15:00-00:00,2022-09-02T04:30:00-00:00,2022-09-01,22,BAYSHOR2_1_N001,BAYSHOR2_1_N001,BAYSHOR2_1_N001,RTPD,MGHG,LMP_GHG_PRC,BAYSHOR2_1_N001,ALL,1,0,2,5
2022-09-02T05:15:00-00:00,2022-09-02T05:30:00-00:00,2022-09-01,23,BAYSHOR2_1_N001,BAYSHOR2_1_N001,BAYSHOR2_1_N001,RTPD,MGHG,LMP_GHG_PRC,BAYSHOR2_1_N001,ALL,1,0,2,5
2022-09-02T06:15:00-00:00,2022-09-02T06:30:00-00:00,2022-09-01,24,BAYSHOR2_1_N001,BAYSHOR2_1_N001,BAYSHOR2_1_N001,RTPD,MGHG,LMP_GHG_PRC,BAYSHOR2_1_N001,ALL,1,0,2,5
2022-09-01T07:30:00-00:00,2022-09-01T07:45:00-00:00,2022-09-01,01,BAYSHOR2_1_N001,BAYSHOR2_1_N001,BAYSHOR2_1_N001,RTPD,MGHG,LMP_GHG_PRC,BAYSHOR2_1_N001,ALL,1,0,3,5
2022-09-01T08:30:00-00:00,2022-09-01T08:45:00-00:00,2022-09-01,02,BAYSHOR2_1_N001,BAYSHOR2_1_N001,BAYSHOR2_1_N001,RTPD,MGHG,LMP_GHG_PRC,BAYSHOR2_1_N001,ALL,1,0,3,5
2022-09-01T09:30:00-00:00,2022-09-01T09:45:00-00:00,2022-09-01,03,BAYSHOR2_1_N001,BAYSHOR2_1_N001,BAYSHOR2_1_N001,RTPD,MGHG,LMP_GHG_PRC,BAYSHOR2_1_N001,ALL,1,0,3,5
2022-09-01T10:30:00-00:00,2022-09-01T10:45:00-00:00,2022-09-01,04,BAYSHOR2_1_N001,BAYSHOR2_1_N001,BAYSHOR2_1_N001,RTPD,MGHG,LMP_GHG_PRC,BAYSHOR2_1_N001,ALL,1,0,3,5
2022-09-01T11:30:00-00:00,2022-09-01T11:45:00-00:00,2022-09-01,05,BAYSHOR2_1_N001,BAYSHOR2_1_N001,BAYSHOR2_1_N001,RTPD,MGHG,LMP_GHG_PRC,BAYSHOR2_1_N001,ALL,1,0,3,5
2022-09-01T12:30:00-00:00,2022-09-01T12:45:00-00:00,2022-09-01,06,BAYSHOR2_1_N001,BAYSHOR2_1_N001,BAYSHOR2_1_N001,RTPD,MGHG,LMP_GHG_PRC,BAYSHOR2_1_N001,ALL,1,0,3,5
2022-09-01T13:30:00-00:00,2022-09-01T13:45:00-00:00,2022-09-01,07,BAYSHOR2_1_N001,BAYSHOR2_1_N001,BAYSHOR2_1_N001,RTPD,MGHG,LMP_GHG_PRC,BAYSHOR2_1_N001,ALL,1,0,3,5
2022-09-01T14:30:00-00:00,2022-09-01T14:45:00-00:00,2022-09-01,08,BAYSHOR2_1_N001,BAYSHOR2_1_N001,BAYSHOR2_1_N001,RTPD,MGHG,LMP_GHG_PRC,BAYSHOR2_1_N001,ALL,1,0,3,5
2022-09-01T15:30:00-00:00,2022-09-01T15:45:00-00:00,2022-09-01,09,BAYSHOR2_1_N001,BAYSHOR2_1_N001,BAYSHOR2_1_N001,RTPD,MGHG,LMP_GHG_PRC,BAYSHOR2_1_N001,ALL,1,0,3,5
2022-09-01T16:30:00-00:00,2022-09-01T16:45:00-00:00,2022-09-01,10,BAYSHOR2_1_N001,BAYSHOR2_1_N001,BAYSHOR2_1_N001,RTPD,MGHG,LMP_GHG_PRC,BAYSHOR2_1_N001,ALL,1,0,3,5
2022-09-01T17:30:00-00:00,2022-09-01T17:45:00-00:00,2022-09-01,11,BAYSHOR2_1_N001,BAYSHOR2_1_N001,BAYSHOR2_1_N001,RTPD,MGHG,LMP_GHG_PRC,BAYSHOR2_1_N001,ALL,1,0,3,5
2022-09-01T18:30:00-00:00,2022-09-01T18:45:00-00:00,2022-09-01,12,BAYSHOR2_1_N001,BAYSHOR2_1_N001,BAYSHOR2_1_N001,RTPD,MGHG,LMP_GHG_PRC,BAYSHOR2_1_N001,ALL,1,0,3,5
2022-09-01T19:30:00-00:00,2022-09-01T19:45:00-00:00,2022-09-01,13,BAYSHOR2_1_N001,BAYSHOR2_1_N001,BAYSHOR2_1_N001,RTPD,MGHG,LMP_GHG_PRC,BAYSHOR2_1_N001,ALL,1,0,3,5
2022-09-01T20:30:00-00:00,2022-09-01T20:45:00-00:00,2022-09-01,14,BAYSHOR2_1_N001,BAYSHOR2_1_N001,BAYSHOR2_1_N001,RTPD,MGHG,LMP_GHG_PRC,BAYSHOR2_1_N001,ALL,1,0,3,5
2022-09-01T21:30:00-00:00,2022-09-01T21:45:00-00:00,2022-09-01,15,BAYSHOR2_1_N001,BAYSHOR2_1_N001,BAYSHOR2_1_N001,RTPD,MGHG,LMP_GHG_PRC,BAYSHOR2_1_N001,ALL,1,0,3,5
2022-09-01T22:30:00-00:00,2022-09-01T22:45:00-00:00,2022-09-01,16,BAYSHOR2_1_N001,BAYSHOR2_1_N001,BAYSHOR2_1_N001,RTPD,MGHG,LMP_GHG_PRC,BAYSHOR2_1_N001,ALL,1,0,3,5
2022-09-01T23:30:00-00:00,2022-09-01T23:45:00-00:00,2022-09-01,17,BAYSHOR2_1_N001,BAYSHOR2_1_N001,BAYSHOR2_1_N001,RTPD,MGHG,LMP_GHG_PRC,BAYSHOR2_1_N001,ALL,1,0,3,5
2022-09-02T00:30:00-00:00,2022-09-02T00:45:00-00:00,2022-09-01,18,BAYSHOR2_1_N001,BAYSHOR2_1_N001,BAYSHOR2_1_N001,RTPD,MGHG,LMP_GHG_PRC,BAYSHOR2_1_N001,ALL,1,0,3,5
2022-09-02T01:30:00-00:00,2022-09-02T01:45:00-00:00,2022-09-01,19,BAYSHOR2_1_N001,BAYSHOR2_1_N001,BAYSHOR2_1_N001,RTPD,MGHG,LMP_GHG_PRC,BAYSHOR2_1_N001,ALL,1,0,3,5
2022-09-02T02:30:00-00:00,2022-09-02T02:45:00-00:00,2022-09-01,20,BAYSHOR2_1_N001,BAYSHOR2_1_N001,BAYSHOR2_1_N001,RTPD,MGHG,LMP_GHG_PRC,BAYSHOR2_1_N001,ALL,1,0,3,5
2022-09-02T03:30:00-00:00,2022-09-02T03:45:00-00:00,2022-09-01,21,BAYSHOR2_1_N001,BAYSHOR2_1_N001,BAYSHOR2_1_N001,RTPD,MGHG,LMP_GHG_PRC,BAYSHOR2_1_N001,ALL,1,0,3,5
2022-09-02T04:30:00-00:00,2022-09-02T04:45:00-00:00,2022-09-01,22,BAYSHOR2_1_N001,BAYSHOR2_1_N001,BAYSHOR2_1_N001,RTPD,MGHG,LMP_GHG_PRC,BAYSHOR2_1_N001,ALL,1,0,3,5
2022-09-02T05:30:00-00:00,2022-09-02T05:45:00-00:00,2022-09-01,23,BAYSHOR2_1_N001,BAYSHOR2_1_N001,BAYSHOR2_1_N001,RTPD,MGHG,LMP_GHG_PRC,BAYSHOR2_1_N001,ALL,1,0,3,5
2022-09-02T06:30:00-00:00,2022-09-02T06:45:00-00:00,2022-09-01,24,BAYSHOR2_1_N001,BAYSHOR2_1_N001,BAYSHOR2_1_N001,RTPD,MGHG,LMP_GHG_PRC,BAYSHOR2_1_N001,ALL,1,0,3,5
2022-09-01T07:45:00-00:00,2022-09-01T08:00:00-00:00,2022-09-01,01,BAYSHOR2_1_N001,BAYSHOR2_1_N001,BAYSHOR2_1_N001,RTPD,MGHG,LMP_GHG_PRC,BAYSHOR2_1_N001,ALL,1,0,4,5
2022-09-01T08:45:00-00:00,2022-09-01T09:00:00-00:00,2022-09-01,02,BAYSHOR2_1_N001,BAYSHOR2_1_N001,BAYSHOR2_1_N001,RTPD,MGHG,LMP_GHG_PRC,BAYSHOR2_1_N001,ALL,1,0,4,5
2022-09-01T09:45:00-00:00,2022-09-01T10:00:00-00:00,2022-09-01,03,BAYSHOR2_1_N001,BAYSHOR2_1_N001,BAYSHOR2_1_N001,RTPD,MGHG,LMP_GHG_PRC,BAYSHOR2_1_N001,ALL,1,0,4,5
2022-09-01T10:45:00-00:00,2022-09-01T11:00:00-00:00,2022-09-01,04,BAYSHOR2_1_N001,BAYSHOR2_1_N001,BAYSHOR2_1_N001,RTPD,MGHG,LMP_GHG_PRC,BAYSHOR2_1_N001,ALL,1,0,4,5
2022-09-01T11:45:00-00:00,2022-09-01T12:00:00-00:00,2022-09-01,05,BAYSHOR2_1_N001,BAYSHOR2_1_N001,BAYSHOR2_1_N001,RTPD,MGHG,LMP_GHG_PRC,BAYSHOR2_1_N001,ALL,1,0,4,5
2022-09-01T12:45:00-00:00,2022-09-01T13:00:00-00:00,2022-09-01,06,BAYSHOR2_1_N001,BAYSHOR2_1_N001,BAYSHOR2_1_N001,RTPD,MGHG,LMP_GHG_PRC,BAYSHOR2_1_N001,ALL,1,0,4,5
2022-09-01T13:45:00-00:00,2022-09-01T14:00:00-00:00,2022-09-01,07,BAYSHOR2_1_N001,BAYSHOR2_1_N001,BAYSHOR2_1_N001,RTPD,MGHG,LMP_GHG_PRC,BAYSHOR2_1_N001,ALL,1,0,4,5
2022-09-01T14:45:00-00:00,2022-09-01T15:00:00-00:00,2022-09-01,08,BAYSHOR2_1_N001,BAYSHOR2_1_N001,BAYSHOR2_1_N001,RTPD,MGHG,LMP_GHG_PRC,BAYSHOR2_1_N001,ALL,1,0,4,5
2022-09-01T15:45:00-00:00,2022-09-01T16:00:00-00:00,2022-09-01,09,BAYSHOR2_1_N001,BAYSHOR2_1_N001,BAYSHOR2_1_N001,RTPD,MGHG,LMP_GHG_PRC,BAYSHOR2_1_N001,ALL,1,0,4,5
2022-09-01T16:45:00-00:00,2022-09-01T17:00:00-00:00,2022-09-01,10,BAYSHOR2_1_N001,BAYSHOR2_1_N001,BAYSHOR2_1_N001,RTPD,MGHG,LMP_GHG_PRC,BAYSHOR2_1_N001,ALL,1,0,4,5
2022-09-01T17:45:00-00:00,2022-09-01T18:00:00-00:00,2022-09-01,11,BAYSHOR2_1_N001,BAYSHOR2_1_N001,BAYSHOR2_1_N001,RTPD,MGHG,LMP_GHG_PRC,BAYSHOR2_1_N001,ALL,1,0,4,5
2022-09-01T18:45:00-00:00,2022-09-01T19:00:00-00:00,2022-09-01,12,BAYSHOR2_1_N001,BAYSHOR2_1_N001,BAYSHOR2_1_N001,RTPD,MGHG,LMP_GHG_PRC,BAYSHOR2_1_N001,ALL,1,0,4,5
2022-09-01T19:45:00-00:00,2022-09-01T20:00:00-00:00,2022-09-01,13,BAYSHOR2_1_N001,BAYSHOR2_1_N001,BAYSHOR2_1_N001,RTPD,MGHG,LMP_GHG_PRC,BAYSHOR2_1_N001,ALL,1,0,4,5
2022-09-01T20:45:00-00:00,2022-09-01T21:00:00-00:00,2022-09-01,14,BAYSHOR2_1_N001,BAYSHOR2_1_N001,BAYSHOR2_1_N001,RTPD,MGHG,LMP_GHG_PRC,BAYSHOR2_1_N001,ALL,1,0,4,5
2022-09-01T21:45:00-00:00,2022-09-01T22:00:00-00:00,2022-09-01,15,BAYSHOR2_1_N001,BAYSHOR2_1_N001,BAYSHOR2_1_N001,RTPD,MGHG,LMP_GHG_PRC,BAYSHOR2_1_N001,ALL,1,0,4,5
2022-09-01T22:45:00-00:00,2022-09-01T23:00:00-00:00,2022-09-01,16,BAYSHOR2_1_N001,BAYSHOR2_1_N001,BAYSHOR2_1_N001,RTPD,MGHG,LMP_GHG_PRC,BAYSHOR2_1_N001,ALL,1,0,4,5
2022-09-01T23:45:00-00:00,2022-09-02T00:00:00-00:00,2022-09-01,17,BAYSHOR2_1_N001,BAYSHOR2_1_N001,BAYSHOR2_1_N001,RTPD,MGHG,LMP_GHG_PRC,BAYSHOR2_1_N001,ALL,1,0,4,5
2022-09-02T00:45:00-00:00,2022-09-02T01:00:00-00:00,2022-09-01,18,BAYSHOR2_1_N001,BAYSHOR2_1_N001,BAYSHOR2_1_N001,RTPD,MGHG,LMP_GHG_PRC,BAYSHOR2_1_N001,ALL,1,0,4,5
2022-09-02T01:45:00-00:00,2022-09-02T02:00:00-00:00,2022-09-01,19,BAYSHOR2_1_N001,BAYSHOR2_1_N001,BAYSHOR2_1_N001,RTPD,MGHG,LMP_GHG_PRC,BAYSHOR2_1_N001,ALL,1,0,4,5
2022-09-02T02:45:00-00:00,2022-09-02T03:00:00-00:00,2022-09-01,20,BAYSHOR2_1_N001,BAYSHOR2_1_N001,BAYSHOR2_1_N001,RTPD,MGHG,LMP_GHG_PRC,BAYSHOR2_1_N001,ALL,1,0,4,5
2022-09-02T03:45:00-00:00,2022-09-02T04:00:00-00:00,2022-09-01,21,BAYSHOR2_1_N001,BAYSHOR2_1_N001,BAYSHOR2_1_N001,RTPD,MGHG,LMP_GHG_PRC,BAYSHOR2_1_N001,ALL,1,0,4,5
2022-09-02T04:45:00-00:00,2022-09-02T05:00:00-00:00,2022-09-01,22,BAYSHOR2_1_N001,BAYSHOR2_1_N001,BAYSHOR2_1_N001,RTPD,MGHG,LMP_GHG_PRC,BAYSHOR2_1_N001,ALL,1,0,4,5
2022-09-02T05:45:00-00:00,2022-09-02T06:00:00-00:00,2022-09-01,23,BAYSHOR2_1_N001,BAYSHOR2_1_N001,BAYSHOR2_1_N001,RTPD,MGHG,LMP_GHG_PRC,BAYSHOR2_1_N001,ALL,1,0,4,5
2022-09-02T06:45:00-00:00,2022-09-02T07:00:00-00:00,2022-09-01,24,BAYSHOR2_1_N001,BAYSHOR2_1_N001,BAYSHOR2_1_N001,RTPD,MGHG,LMP_GHG_PRC,BAYSHOR2_1_N001,ALL,1,0,4,5
