INTERVALSTARTTIME_GMT,INTERVALENDTIME_GMT,OPR_DT,OPR_HR,NODE_ID_XML,NODE_ID,NODE,MARKET_RUN_ID,LMP_TYPE,XML_DATA_ITEM,PNODE_RESMRID,GRP_TYPE,POS,PRC,OPR_INTERVAL,GROUP
2022-09-01T07:00:00-00:00,2022-09-01T07:15:00-00:00,2022-09-01,01,BLLEHVN_6_N009,BLLEHVN_6_N009,BLLEHVN_6_N009,RTPD,LMP,LMP_PRC,BLLEHVN_6_N009,ALL,1,84.44263,1,1
2022-09-01T08:00:00-00:00,2022-09-01T08:15:00-00:00,2022-09-01,02,BLLEHVN_6_N009,BLLEHVN_6_N009,BLLEHVN_6_N009,RTPD,LMP,LMP_PRC,BLLEHVN_6_N009,ALL,1,112.15837,1,1
2022-09-01T09:00:00-00:00,2022-09-01T09:15:00-00:00,2022-09-01,03,BLLEHVN_6_N009,BLLEHVN_6_N009,BLLEHVN_6_N009,RTPD,LMP,LMP_PRC,BLLEHVN_6_N009,ALL,1,98.55887,1,1
2022-09-01T10:00:00-00:00,2022-09-01T10:15:00-00:00,2022-09-01,04,BLLEHVN_6_N009,BLLEHVN_6_N009,BLLEHVN_6_N009,RTPD,LMP,LMP_PRC,BLLEHVN_6_N009,ALL,1,98.38296,1,1
2022-09-01T11:00:00-00:00,2022-09-01T11:15:00-00:00,2022-09-01,05,BLLEHVN_6_N009,BLLEHVN_6_N009,BLLEHVN_6_N009,RTPD,LMP,LMP_PRC,BLLEHVN_6_N009,ALL,1,106.38414,1,1
2022-09-01T12:00:00-00:00,2022-09-01T12:15:00-00:00,2022-09-01,06,BLLEHVN_6_N009,BLLEHVN_6_N009,BLLEHVN_6_N009,RTPD,LMP,LMP_PRC,BLLEHVN_6_N009,ALL,1,89.83379,1,1
2022-09-01T13:00:00-00:00,2022-09-01T13:15:00-00:00,2022-09-01,07,BLLEHVN_6_N009,BLLEHVN_6_N009,BLLEHVN_6_N009,RTPD,LMP,LMP_PRC,BLLEHVN_6_N009,ALL,1,88.45254,1,1
2022-09-01T14:00:00-00:00,2022-09-01T14:15:00-00:00,2022-09-01,08,BLLEHVN_6_N009,BLLEHVN_6_N009,BLLEHVN_6_N009,RTPD,LMP,LMP_PRC,BLLEHVN_6_N009,ALL,1,117.37891,1,1
2022-09-01T15:00:00-00:00,2022-09-01T15:15:00-00:00,2022-09-01,09,BLLEHVN_6_N009,BLLEHVN_6_N009,BLLEHVN_6_N009,RTPD,LMP,LMP_PRC,BLLEHVN_6_N009,ALL,1,97.4112,1,1
2022-09-01T16:00:00-00:00,2022-09-01T16:15:00-00:00,2022-09-01,10,BLLEHVN_6_N009,BLLEHVN_6_N009,BLLEHVN_6_N009,RTPD,LMP,LMP_PRC,BLLEHVN_6_N009,ALL,1,83.43525,1,1
2022-09-01T17:00:00-00:00,2022-09-01T17:15:00-00:00,2022-09-01,11,BLLEHVN_6_N009,BLLEHVN_6_N009,BLLEHVN_6_N009,RTPD,LMP,LMP_PRC,BLLEHVN_6_N009,ALL,1,80.03684,1,1
2022-09-01T18:00:00-00:00,2022-09-01T18:15:00-00:00,2022-09-01,12,BLLEHVN_6_N009,BLLEHVN_6_N009,BLLEHVN_6_N009,RTPD,LMP,LMP_PRC,BLLEHVN_6_N009,ALL,1,58.76669,1,1
2022-09-01T19:00:00-00:00,2022-09-01T19:15:00-00:00,2022-09-01,13,BLLEHVN_6_N009,BLLEHVN_6_N009,BLLEHVN_6_N009,RTPD,LMP,LMP_PRC,BLLEHVN_6_N009,ALL,1,72.96441,1,1
2022-09-01T20:00:00-00:00,2022-09-01T20:15:00-00:00,2022-09-01,14,BLLEHVN_6_N009,BLLEHVN_6_N009,BLLEHVN_6_N009,RTPD,LMP,LMP_PRC,BLLEHVN_6_N009,ALL,1,114.38133,1,1
2022-09-01T21:00:00-00:00,2022-09-01T21:15:00-00:00,2022-09-01,15,BLLEHVN_6_N009,BLLEHVN_6_N009,BLLEHVN_6_N009,RTPD,LMP,LMP_PRC,BLLEHVN_6_N009,ALL,1,126.06158,1,1
2022-09-01T22:00:00-00:00,2022-09-01T22:15:00-00:00,2022-09-01,16,BLLEHVN_6_N009,BLLEHVN_6_N009,BLLEHVN_6_N009,RTPD,LMP,LMP_PRC,BLLEHVN_6_N009,ALL,1,119.86288,1,1
2022-09-01T23:00:00-00:00,2022-09-01T23:15:00-00:00,2022-09-01,17,BLLEHVN_6_N009,BLLEHVN_6_N009,BLLEHVN_6_N009,RTPD,LMP,LMP_PRC,BLLEHVN_6_N009,ALL,1,215.08353,1,1
2022-09-02T00:00:00-00:00,2022-09-02T00:15:00-00:00,2022-09-01,18,BLLEHVN_6_N009,BLLEHVN_6_N009,BLLEHVN_6_N009,RTPD,LMP,LMP_PRC,BLLEHVN_6_N009,ALL,1,1192.8907,1,1
2022-09-02T01:00:00-00:00,2022-09-02T01:15:00-00:00,2022-09-01,19,BLLEHVN_6_N009,BLLEHVN_6_N009,BLLEHVN_6_N009,RTPD,LMP,LMP_PRC,BLLEHVN_6_N009,ALL,1,1256.0526,1,1
2022-09-02T02:00:00-00:00,2022-09-02T02:15:00-00:00,2022-09-01,20,BLLEHVN_6_N009,BLLEHVN_6_N009,BLLEHVN_6_N009,RTPD,LMP,LMP_PRC,BLLEHVN_6_N009,ALL,1,1991.6721,1,1
2022-09-02T03:00:00-00:00,2022-09-02T03:15:00-00:00,2022-09-01,21,BLLEHVN_6_N009,BLLEHVN_6_N009,BLLEHVN_6_N009,RTPD,LMP,LMP_PRC,BLLEHVN_6_N009,ALL,1,1416.4645,1,1
2022-09-02T04:00:00-00:00,2022-09-02T04:15:00-00:00,2022-09-01,22,BLLEHVN_6_N009,BLLEHVN_6_N009,BLLEHVN_6_N009,RTPD,LMP,LMP_PRC,BLLEHVN_6_N009,ALL,1,274.17645,1,1
2022-09-02T05:00:00-00:00,2022-09-02T05:15:00-00:00,2022-09-01,23,BLLEHVN_6_N009,BLLEHVN_6_N009,BLLEHVN_6_N009,RTPD,LMP,LMP_PRC,BLLEHVN_6_N009,ALL,1,193.58168,1,1
2022-09-02T06:00:00-00:00,2022-09-02T06:15:00-00:00,2022-09-01,24,BLLEHVN_6_N009,BLLEHVN_6_N009,BLLEHVN_6_N009,RTPD,LMP,LMP_PRC,BLLEHVN_6_N009,ALL,1,166.2702,1,1
2022-09-01T07:15:00-00:00,2022-09-01T07:30:00-00:00,2022-09-01,01,BLLEHVN_6_N009,BLLEHVN_6_N009,BLLEHVN_6_N009,RTPD,LMP,LMP_PRC,BLLEHVN_6_N009,ALL,1,115.37804,2,1
2022-09-01T08:15:00-00:00,2022-09-01T08:30:00-00:00,2022-09-01,02,BLLEHVN_6_N009,BLLEHVN_6_N009,BLLEHVN_6_N009,RTPD,LMP,LMP_PRC,BLLEHVN_6_N009,ALL,1,114.60398,2,1
2022-09-01T09:15:00-00:00,2022-09-01T09:30:00-00:00,2022-09-01,03,BLLEHVN_6_N009,BLLEHVN_6_N009,BLLEHVN_6_N009,RTPD,LMP,LMP_PRC,BLLEHVN_6_N009,ALL,1,95.65976,2,1
2022-09-01T10:15:00-00:00,2022-09-01T10:30:00-00:00,2022-09-01,04,BLLEHVN_6_N009,BLLEHVN_6_N009,BLLEHVN_6_N009,RTPD,LMP,LMP_PRC,BLLEHVN_6_N009,ALL,1,95.0715,2,1
2022-09-01T11:15:00-00:00,2022-09-01T11:30:00-00:00,2022-09-01,05,BLLEHVN_6_N009,BLLEHVN_6_N009,BLLEHVN_6_N009,RTPD,LMP,LMP_PRC,BLLEHVN_6_N009,ALL,1,106.89463,2,1
2022-09-01T12:15:00-00:00,2022-09-01T12:30:00-00:00,2022-09-01,06,BLLEHVN_6_N009,BLLEHVN_6_N009,BLLEHVN_6_N009,RTPD,LMP,LMP_PRC,BLLEHVN_6_N009,ALL,1,106.91182,2,1
2022-09-01T13:15:00-00:00,2022-09-01T13:30:00-00:00,2022-09-01,07,BLLEHVN_6_N009,BLLEHVN_6_N009,BLLEHVN_6_N009,RTPD,LMP,LMP_PRC,BLLEHVN_6_N009,ALL,1,114.5002,2,1
2022-09-01T14:15:00-00:00,2022-09-01T14:30:00-00:00,2022-09-01,08,BLLEHVN_6_N009,BLLEHVN_6_N009,BLLEHVN_6_N009,RTPD,LMP,LMP_PRC,BLLEHVN_6_N009,ALL,1,110.52979,2,1
2022-09-01T15:15:00-00:00,2022-09-01T15:30:00-00:00,2022-09-01,09,BLLEHVN_6_N009,BLLEHVN_6_N009,BLLEHVN_6_N009,RTPD,LMP,LMP_PRC,BLLEHVN_6_N009,ALL,1,86.9388,2,1
2022-09-01T16:15:00-00:00,2022-09-01T16:30:00-00:00,2022-09-01,10,BLLEHVN_6_N009,BLLEHVN_6_N009,BLLEHVN_6_N009,RTPD,LMP,LMP_PRC,BLLEHVN_6_N009,ALL,1,87.79185,2,1
2022-09-01T17:15:00-00:00,2022-09-01T17:30:00-00:00,2022-09-01,11,BLLEHVN_6_N009,BLLEHVN_6_N009,BLLEHVN_6_N009,RTPD,LMP,LMP_PRC,BLLEHVN_6_N009,ALL,1,78.75042,2,1
2022-09-01T18:15:00-00:00,2022-09-01T18:30:00-00:00,2022-09-01,12,BLLEHVN_6_N009,BLLEHVN_6_N009,BLLEHVN_6_N009,RTPD,LMP,LMP_PRC,BLLEHVN_6_N009,ALL,1,74.28781,2,1
2022-09-01T19:15:00-00:00,2022-09-01T19:30:00-00:00,2022-09-01,13,BLLEHVN_6_N009,BLLEHVN_6_N009,BLLEHVN_6_N009,RTPD,LMP,LMP_PRC,BLLEHVN_6_N009,ALL,1,75.46984,2,1
2022-09-01T20:15:00-00:00,2022-09-01T20:30:00-00:00,2022-09-01,14,BLLEHVN_6_N009,BLLEHVN_6_N009,BLLEHVN_6_N009,RTPD,LMP,LMP_PRC,BLLEHVN_6_N009,ALL,1,114.26961,2,1
2022-09-01T21:15:00-00:00,2022-09-01T21:30:00-00:00,2022-09-01,15,BLLEHVN_6_N009,BLLEHVN_6_N009,BLLEHVN_6_N009,RTPD,LMP,LMP_PRC,BLLEHVN_6_N009,ALL,1,120.03672,2,1
2022-09-01T22:15:00-00:00,2022-09-01T22:30:00-00:00,2022-09-01,16,BLLEHVN_6_N009,BLLEHVN_6_N009,BLLEHVN_6_N009,RTPD,LMP,LMP_PRC,BLLEHVN_6_N009,ALL,1,137.12724,2,1
2022-09-01T23:15:00-00:00,2022-09-01T23:30:00-00:00,2022-09-01,17,BLLEHVN_6_N009,BLLEHVN_6_N009,BLLEHVN_6_N009,RTPD,LMP,LMP_PRC,BLLEHVN_6_N009,ALL,1,263.02444,2,1
2022-09-02T00:15:00-00:00,2022-09-02T00:30:00-00:00,2022-09-01,18,BLLEHVN_6_N009,BLLEHVN_6_N009,BLLEHVN_6_N009,RTPD,LMP,LMP_PRC,BLLEHVN_6_N009,ALL,1,1095.2256,2,1
2022-09-02T01:15:00-00:00,2022-09-02T01:30:00-00:00,2022-09-01,19,BLLEHVN_6_N009,BLLEHVN_6_N009,BLLEHVN_6_N009,RTPD,LMP,LMP_PRC,BLLEHVN_6_N009,ALL,1,1999.9933,2,1
2022-09-02T02:15:00-00:00,2022-09-02T02:30:00-00:00,2022-09-01,20,BLLEHVN_6_N009,BLLEHVN_6_N009,BLLEHVN_6_N009,RTPD,LMP,LMP_PRC,BLLEHVN_6_N009,ALL,1,1991.6721,2,1
2022-09-02T03:15:00-00:00,2022-09-02T03:30:00-00:00,2022-09-01,21,BLLEHVN_6_N009,BLLEHVN_6_N009,BLLEHVN_6_N009,RTPD,LMP,LMP_PRC,BLLEHVN_6_N009,ALL,1,581.38086,2,1
2022-09-02T04:15:00-00:00,2022-09-02T04:30:00-00:00,2022-09-01,22,BLLEHVN_6_N009,BLLEHVN_6_N009,BLLEHVN_6_N009,RTPD,LMP,LMP_PRC,BLLEHVN_6_N009,ALL,1,238.37029,2,1
2022-09-02T05:15:00-00:00,2022-09-02T05:30:00-00:00,2022-09-01,23,BLLEHVN_6_N009,BLLEHVN_6_N009,BLLEHVN_6_N009,RTPD,LMP,LMP_PRC,BLLEHVN_6_N009,ALL,1,165.22723,2,1
2022-09-02T06:15:00-00:00,2022-09-02T06:30:00-00:00,2022-09-01,24,BLLEHVN_6_N009,BLLEHVN_6_N009,BLLEHVN_6_N009,RTPD,LMP,LMP_PRC,BLLEHVN_6_N009,ALL,1,148.46677,2,1
2022-09-01T07:30:00-00:00,2022-09-01T07:45:00-00:00,2022-09-01,01,BLLEHVN_6_N009,BLLEHVN_6_N009,BLLEHVN_6_N009,RTPD,LMP,LMP_PRC,BLLEHVN_6_N009,ALL,1,102.59001,3,1
2022-09-01T08:30:00-00:00,2022-09-01T08:45:00-00:00,2022-09-01,02,BLLEHVN_6_N009,BLLEHVN_6_N009,BLLEHVN_6_N009,RTPD,LMP,LMP_PRC,BLLEHVN_6_N009,ALL,1,115.15602,3,1
2022-09-01T09:30:00-00:00,2022-09-01T09:45:00-00:00,2022-09-01,03,BLLEHVN_6_N009,BLLEHVN_6_N009,BLLEHVN_6_N009,RTPD,LMP,LMP_PRC,BLLEHVN_6_N009,ALL,1,95.36894,3,1
2022-09-01T10:30:00-00:00,2022-09-01T10:45:00-00:00,2022-09-01,04,BLLEHVN_6_N009,BLLEHVN_6_N009,BLLEHVN_6_N009,RTPD,LMP,LMP_PRC,BLLEHVN_6_N009,ALL,1,96.89212,3,1
2022-09-01T11:30:00-00:00,2022-09-01T11:45:00-00:00,2022-09-01,05,BLLEHVN_6_N009,BLLEHVN_6_N009,BLLEHVN_6_N009,RTPD,LMP,LMP_PRC,BLLEHVN_6_N009,ALL,1,107.01956,3,1
2022-09-01T12:30:00-00:00,2022-09-01T12:45:00-00:00,2022-09-01,06,BLLEHVN_6_N009,BLLEHVN_6_N009,BLLEHVN_6_N009,RTPD,LMP,LMP_PRC,BLLEHVN_6_N009,ALL,1,106.90986,3,1
2022-09-01T13:30:00-00:00,2022-09-01T13:45:00-00:00,2022-09-01,07,BLLEHVN_6_N009,BLLEHVN_6_N009,BLLEHVN_6_N009,RTPD,LMP,LMP_PRC,BLLEHVN_6_N009,ALL,1,115.91415,3,1
2022-09-01T14:30:00-00:00,2022-09-01T14:45:00-00:00,2022-09-01,08,BLLEHVN_6_N009,BLLEHVN_6_N009,BLLEHVN_6_N009,RTPD,LMP,LMP_PRC,BLLEHVN_6_N009,ALL,1,107.71012,3,1
2022-09-01T15:30:00-00:00,2022-09-01T15:45:00-00:00,2022-09-01,09,BLLEHVN_6_N009,BLLEHVN_6_N009,BLLEHVN_6_N009,RTPD,LMP,LMP_PRC,BLLEHVN_6_N009,ALL,1,86.1388,3,1
2022-09-01T16:30:00-00:00,2022-09-01T16:45:00-00:00,2022-09-01,10,BLLEHVN_6_N009,BLLEHVN_6_N009,BLLEHVN_6_N009,RTPD,LMP,LMP_PRC,BLLEHVN_6_N009,ALL,1,74.92529,3,1
2022-09-01T17:30:00-00:00,2022-09-01T17:45:00-00:00,2022-09-01,11,BLLEHVN_6_N009,BLLEHVN_6_N009,BLLEHVN_6_N009,RTPD,LMP,LMP_PRC,BLLEHVN_6_N009,ALL,1,78.4595,3,1
2022-09-01T18:30:00-00:00,2022-09-01T18:45:00-00:00,2022-09-01,12,BLLEHVN_6_N009,BLLEHVN_6_N009,BLLEHVN_6_N009,RTPD,LMP,LMP_PRC,BLLEHVN_6_N009,ALL,1,79.18374,3,1
2022-09-01T19:30:00-00:00,2022-09-01T19:45:00-00:00,2022-09-01,13,BLLEHVN_6_N009,BLLEHVN_6_N009,BLLEHVN_6_N009,RTPD,LMP,LMP_PRC,BLLEHVN_6_N009,ALL,1,101.23727,3,1
2022-09-01T20:30:00-00:00,2022-09-01T20:45:00-00:00,2022-09-01,14,BLLEHVN_6_N009,BLLEHVN_6_N009,BLLEHVN_6_N009,RTPD,LMP,LMP_PRC,BLLEHVN_6_N009,ALL,1,116.80544,3,1
2022-09-01T21:30:00-00:00,2022-09-01T21:45:00-00:00,2022-09-01,15,BLLEHVN_6_N009,BLLEHVN_6_N009,BLLEHVN_6_N009,RTPD,LMP,LMP_PRC,BLLEHVN_6_N009,ALL,1,127.96621,3,1
2022-09-01T22:30:00-00:00,2022-09-01T22:45:00-00:00,2022-09-01,16,BLLEHVN_6_N009,BLLEHVN_6_N009,BLLEHVN_6_N009,RTPD,LMP,LMP_PRC,BLLEHVN_6_N009,ALL,1,154.73276,3,1
2022-09-01T23:30:00-00:00,2022-09-01T23:45:00-00:00,2022-09-01,17,BLLEHVN_6_N009,BLLEHVN_6_N009,BLLEHVN_6_N009,RTPD,LMP,LMP_PRC,BLLEHVN_6_N009,ALL,1,566.48157,3,1
2022-09-02T00:30:00-00:00,2022-09-02T00:45:00-00:00,2022-09-01,18,BLLEHVN_6_N009,BLLEHVN_6_N009,BLLEHVN_6_N009,RTPD,LMP,LMP_PRC,BLLEHVN_6_N009,ALL,1,1803.0541,3,1
2022-09-02T01:30:00-00:00,2022-09-02T01:45:00-00:00,2022-09-01,19,BLLEHVN_6_N009,BLLEHVN_6_N009,BLLEHVN_6_N009,RTPD,LMP,LMP_PRC,BLLEHVN_6_N009,ALL,1,1999.9956,3,1
2022-09-02T02:30:00-00:00,2022-09-02T02:45:00-00:00,2022-09-01,20,BLLEHVN_6_N009,BLLEHVN_6_N009,BLLEHVN_6_N009,RTPD,LMP,LMP_PRC,BLLEHVN_6_N009,ALL,1,1991.671,3,1
2022-09-02T03:30:00-00:00,2022-09-02T03:45:00-00:00,2022-09-01,21,BLLEHVN_6_N009,BLLEHVN_6_N009,BLLEHVN_6_N009,RTPD,LMP,LMP_PRC,BLLEHVN_6_N009,ALL,1,234.97995,3,1
2022-09-02T04:30:00-00:00,2022-09-02T04:45:00-00:00,2022-09-01,22,BLLEHVN_6_N009,BLLEHVN_6_N009,BLLEHVN_6_N009,RTPD,LMP,LMP_PRC,BLLEHVN_6_N009,ALL,1,189.60374,3,1
2022-09-02T05:30:00-00:00,2022-09-02T05:45:00-00:00,2022-09-01,23,BLLEHVN_6_N009,BLLEHVN_6_N009,BLLEHVN_6_N009,RTPD,LMP,LMP_PRC,BLLEHVN_6_N009,ALL,1,138.00755,3,1
2022-09-02T06:30:00-00:00,2022-09-02T06:45:00-00:00,2022-09-01,24,BLLEHVN_6_N009,BLLEHVN_6_N009,BLLEHVN_6_N009,RTPD,LMP,LMP_PRC,BLLEHVN_6_N009,ALL,1,134.67545,3,1
2022-09-01T07:45:00-00:00,2022-09-01T08:00:00-00:00,2022-09-01,01,BLLEHVN_6_N009,BLLEHVN_6_N009,BLLEHVN_6_N009,RTPD,LMP,LMP_PRC,BLLEHVN_6_N009,ALL,1,90.43842,4,1
2022-09-01T08:45:00-00:00,2022-09-01T09:00:00-00:00,2022-09-01,02,BLLEHVN_6_N009,BLLEHVN_6_N009,BLLEHVN_6_N009,RTPD,LMP,LMP_PRC,BLLEHVN_6_N009,ALL,1,97.521,4,1
2022-09-01T09:45:00-00:00,2022-09-01T10:00:00-00:00,2022-09-01,03,BLLEHVN_6_N009,BLLEHVN_6_N009,BLLEHVN_6_N009,RTPD,LMP,LMP_PRC,BLLEHVN_6_N009,ALL,1,95.30463,4,1
2022-09-01T10:45:00-00:00,2022-09-01T11:00:00-00:00,2022-09-01,04,BLLEHVN_6_N009,BLLEHVN_6_N009,BLLEHVN_6_N009,RTPD,LMP,LMP_PRC,BLLEHVN_6_N009,ALL,1,96.98912,4,1
2022-09-01T11:45:00-00:00,2022-09-01T12:00:00-00:00,2022-09-01,05,BLLEHVN_6_N009,BLLEHVN_6_N009,BLLEHVN_6_N009,RTPD,LMP,LMP_PRC,BLLEHVN_6_N009,ALL,1,107.01,4,1
2022-09-01T12:45:00-00:00,2022-09-01T13:00:00-00:00,2022-09-01,06,BLLEHVN_6_N009,BLLEHVN_6_N009,BLLEHVN_6_N009,RTPD,LMP,LMP_PRC,BLLEHVN_6_N009,ALL,1,114.10591,4,1
2022-09-01T13:45:00-00:00,2022-09-01T14:00:00-00:00,2022-09-01,07,BLLEHVN_6_N009,BLLEHVN_6_N009,BLLEHVN_6_N009,RTPD,LMP,LMP_PRC,BLLEHVN_6_N009,ALL,1,111.41,4,1
2022-09-01T14:45:00-00:00,2022-09-01T15:00:00-00:00,2022-09-01,08,BLLEHVN_6_N009,BLLEHVN_6_N009,BLLEHVN_6_N009,RTPD,LMP,LMP_PRC,BLLEHVN_6_N009,ALL,1,86.1388,4,1
2022-09-01T15:45:00-00:00,2022-09-01T16:00:00-00:00,2022-09-01,09,BLLEHVN_6_N009,BLLEHVN_6_N009,BLLEHVN_6_N009,RTPD,LMP,LMP_PRC,BLLEHVN_6_N009,ALL,1,78.70076,4,1
2022-09-01T16:45:00-00:00,2022-09-01T17:00:00-00:00,2022-09-01,10,BLLEHVN_6_N009,BLLEHVN_6_N009,BLLEHVN_6_N009,RTPD,LMP,LMP_PRC,BLLEHVN_6_N009,ALL,1,78.68898,4,1
2022-09-01T17:45:00-00:00,2022-09-01T18:00:00-00:00,2022-09-01,11,BLLEHVN_6_N009,BLLEHVN_6_N009,BLLEHVN_6_N009,RTPD,LMP,LMP_PRC,BLLEHVN_6_N009,ALL,1,78.74477,4,1
2022-09-01T18:45:00-00:00,2022-09-01T19:00:00-00:00,2022-09-01,12,BLLEHVN_6_N009,BLLEHVN_6_N009,BLLEHVN_6_N009,RTPD,LMP,LMP_PRC,BLLEHVN_6_N009,ALL,1,81.12851,4,1
2022-09-01T19:45:00-00:00,2022-09-01T20:00:00-00:00,2022-09-01,13,BLLEHVN_6_N009,BLLEHVN_6_N009,BLLEHVN_6_N009,RTPD,LMP,LMP_PRC,BLLEHVN_6_N009,ALL,1,106.33472,4,1
2022-09-01T20:45:00-00:00,2022-09-01T21:00:00-00:00,2022-09-01,14,BLLEHVN_6_N009,BLLEHVN_6_N009,BLLEHVN_6_N009,RTPD,LMP,LMP_PRC,BLLEHVN_6_N009,ALL,1,125.2848,4,1
2022-09-01T21:45:00-00:00,2022-09-01T22:00:00-00:00,2022-09-01,15,BLLEHVN_6_N009,BLLEHVN_6_N009,BLLEHVN_6_N009,RTPD,LMP,LMP_PRC,BLLEHVN_6_N009,ALL,1,209.24246,4,1
2022-09-01T22:45:00-00:00,2022-09-01T23:00:00-00:00,2022-09-01,16,BLLEHVN_6_N009,BLLEHVN_6_N009,BLLEHVN_6_N009,RTPD,LMP,LMP_PRC,BLLEHVN_6_N009,ALL,1,169.02419,4,1
2022-09-01T23:45:00-00:00,2022-09-02T00:00:00-00:00,2022-09-01,17,BLLEHVN_6_N009,BLLEHVN_6_N009,BLLEHVN_6_N009,RTPD,LMP,LMP_PRC,BLLEHVN_6_N009,ALL,1,1674.0399,4,1
2022-09-02T00:45:00-00:00,2022-09-02T01:00:00-00:00,2022-09-01,18,BLLEHVN_6_N009,BLLEHVN_6_N009,BLLEHVN_6_N009,RTPD,LMP,LMP_PRC,BLLEHVN_6_N009,ALL,1,1825.0944,4,1
2022-09-02T01:45:00-00:00,2022-09-02T02:00:00-00:00,2022-09-01,19,BLLEHVN_6_N009,BLLEHVN_6_N009,BLLEHVN_6_N009,RTPD,LMP,LMP_PRC,BLLEHVN_6_N009,ALL,1,1991.9337,4,1
2022-09-02T02:45:00-00:00,2022-09-02T03:00:00-00:00,2022-09-01,20,BLLEHVN_6_N009,BLLEHVN_6_N009,BLLEHVN_6_N009,RTPD,LMP,LMP_PRC,BLLEHVN_6_N009,ALL,1,1917.8654,4,1
2022-09-02T03:45:00-00:00,2022-09-02T04:00:00-00:00,2022-09-01,21,BLLEHVN_6_N009,BLLEHVN_6_N009,BLLEHVN_6_N009,RTPD,LMP,LMP_PRC,BLLEHVN_6_N009,ALL,1,170.48216,4,1
2022-09-02T04:45:00-00:00,2022-09-02T05:00:00-00:00,2022-09-01,22,BLLEHVN_6_N009,BLLEHVN_6_N009,BLLEHVN_6_N009,RTPD,LMP,LMP_PRC,BLLEHVN_6_N009,ALL,1,133.07655,4,1
2022-09-02T05:45:00-00:00,2022-09-02T06:00:00-00:00,2022-09-01,23,BLLEHVN_6_N009,BLLEHVN_6_N009,BLLEHVN_6_N009,RTPD,LMP,LMP_PRC,BLLEHVN_6_N009,ALL,1,120.38561,4,1
2022-09-02T06:45:00-00:00,2022-09-02T07:00:00-00:00,2022-09-01,24,BLLEHVN_6_N009,BLLEHVN_6_N009,BLLEHVN_6_N009,RTPD,LMP,LMP_PRC,BLLEHVN_6_N009,ALL,1,114.20474,4,1
2022-09-01T07:00:00-00:00,2022-09-01T07:15:00-00:00,2022-09-01,01,BLLEHVN_6_N009,BLLEHVN_6_N009,BLLEHVN_6_N009,RTPD,MCC,LMP_CONG_PRC,BLLEHVN_6_N009,ALL,1,-16.84223,1,2
2022-09-01T08:00:00-00:00,2022-09-01T08:15:00-00:00,2022-09-01,02,BLLEHVN_6_N009,BLLEHVN_6_N009,BLLEHVN_6_N009,RTPD,MCC,LMP_CONG_PRC,BLLEHVN_6_N009,ALL,1,-3.39042,1,2
2022-09-01T09:00:00-00:00,2022-09-01T09:15:00-00:00,2022-09-01,03,BLLEHVN_6_N009,BLLEHVN_6_N009,BLLEHVN_6_N009,RTPD,MCC,LMP_CONG_PRC,BLLEHVN_6_N009,ALL,1,-4.53266,1,2
2022-09-01T10:00:00-00:00,2022-09-01T10:15:00-00:00,2022-09-01,04,BLLEHVN_6_N009,BLLEHVN_6_N009,BLLEHVN_6_N009,RTPD,MCC,LMP_CONG_PRC,BLLEHVN_6_N009,ALL,1,-3.93862,1,2
2022-09-01T11:00:00-00:00,2022-09-01T11:15:00-00:00,2022-09-01,05,BLLEHVN_6_N009,BLLEHVN_6_N009,BLLEHVN_6_N009,RTPD,MCC,LMP_CONG_PRC,BLLEHVN_6_N009,ALL,1,0,1,2
2022-09-01T12:00:00-00:00,2022-09-01T12:15:00-00:00,2022-09-01,06,BLLEHVN_6_N009,BLLEHVN_6_N009,BLLEHVN_6_N009,RTPD,MCC,LMP_CONG_PRC,BLLEHVN_6_N009,ALL,1,-10.11758,1,2
2022-09-01T13:00:00-00:00,2022-09-01T13:15:00-00:00,2022-09-01,07,BLLEHVN_6_N009,BLLEHVN_6_N009,BLLEHVN_6_N009,RTPD,MCC,LMP_CONG_PRC,BLLEHVN_6_N009,ALL,1,-13.35624,1,2
2022-09-01T14:00:00-00:00,2022-09-01T14:15:00-00:00,2022-09-01,08,BLLEHVN_6_N009,BLLEHVN_6_N009,BLLEHVN_6_N009,RTPD,MCC,LMP_CONG_PRC,BLLEHVN_6_N009,ALL,1,0,1,2
2022-09-01T15:00:00-00:00,2022-09-01T15:15:00-00:00,2022-09-01,09,BLLEHVN_6_N009,BLLEHVN_6_N009,BLLEHVN_6_N009,RTPD,MCC,LMP_CONG_PRC,BLLEHVN_6_N009,ALL,1,0,1,2
2022-09-01T16:00:00-00:00,2022-09-01T16:15:00-00:00,2022-09-01,10,BLLEHVN_6_N009,BLLEHVN_6_N009,BLLEHVN_6_N009,RTPD,MCC,LMP_CONG_PRC,BLLEHVN_6_N009,ALL,1,0,1,2
2022-09-01T17:00:00-00:00,2022-09-01T17:15:00-00:00,2022-09-01,11,BLLEHVN_6_N009,BLLEHVN_6_N009,BLLEHVN_6_N009,RTPD,MCC,LMP_CONG_PRC,BLLEHVN_6_N009,ALL,1,-16.91213,1,2
2022-09-01T18:00:00-00:00,2022-09-01T18:15:00-00:00,2022-09-01,12,BLLEHVN_6_N009,BLLEHVN_6_N009,BLLEHVN_6_N009,RTPD,MCC,LMP_CONG_PRC,BLLEHVN_6_N009,ALL,1,-32.82622,1,2
2022-09-01T19:00:00-00:00,2022-09-01T19:15:00-00:00,2022-09-01,13,BLLEHVN_6_N009,BLLEHVN_6_N009,BLLEHVN_6_N009,RTPD,MCC,LMP_CONG_PRC,BLLEHVN_6_N009,ALL,1,-36.23196,1,2
2022-09-01T20:00:00-00:00,2022-09-01T20:15:00-00:00,2022-09-01,14,BLLEHVN_6_N009,BLLEHVN_6_N009,BLLEHVN_6_N009,RTPD,MCC,LMP_CONG_PRC,BLLEHVN_6_N009,ALL,1,-3.56226,1,2
2022-09-01T21:00:00-00:00,2022-09-01T21:15:00-00:00,2022-09-01,15,BLLEHVN_6_N009,BLLEHVN_6_N009,BLLEHVN_6_N009,RTPD,MCC,LMP_CONG_PRC,BLLEHVN_6_N009,ALL,1,-100.55342,1,2
2022-09-01T22:00:00-00:00,2022-09-01T22:15:00-00:00,2022-09-01,16,BLLEHVN_6_N009,BLLEHVN_6_N009,BLLEHVN_6_N009,RTPD,MCC,LMP_CONG_PRC,BLLEHVN_6_N009,ALL,1,-109.32262,1,2
2022-09-01T23:00:00-00:00,2022-09-01T23:15:00-00:00,2022-09-01,17,BLLEHVN_6_N009,BLLEHVN_6_N009,BLLEHVN_6_N009,RTPD,MCC,LMP_CONG_PRC,BLLEHVN_6_N009,ALL,1,-171.67017,1,2
2022-09-02T00:00:00-00:00,2022-09-02T00:15:00-00:00,2022-09-01,18,BLLEHVN_6_N009,BLLEHVN_6_N009,BLLEHVN_6_N009,RTPD,MCC,LMP_CONG_PRC,BLLEHVN_6_N009,ALL,1,343.7871,1,2
2022-09-02T01:00:00-00:00,2022-09-02T01:15:00-00:00,2022-09-01,19,BLLEHVN_6_N009,BLLEHVN_6_N009,BLLEHVN_6_N009,RTPD,MCC,LMP_CONG_PRC,BLLEHVN_6_N009,ALL,1,339.7814,1,2
2022-09-02T02:00:00-00:00,2022-09-02T02:15:00-00:00,2022-09-01,20,BLLEHVN_6_N009,BLLEHVN_6_N009,BLLEHVN_6_N009,RTPD,MCC,LMP_CONG_PRC,BLLEHVN_6_N009,ALL,1,0,1,2
2022-09-02T03:00:00-00:00,2022-09-02T03:15:00-00:00,2022-09-01,21,BLLEHVN_6_N009,BLLEHVN_6_N009,BLLEHVN_6_N009,RTPD,MCC,LMP_CONG_PRC,BLLEHVN_6_N009,ALL,1,422.39,1,2
2022-09-02T04:00:00-00:00,2022-09-02T04:15:00-00:00,2022-09-01,22,BLLEHVN_6_N009,BLLEHVN_6_N009,BLLEHVN_6_N009,RTPD,MCC,LMP_CONG_PRC,BLLEHVN_6_N009,ALL,1,0,1,2
2022-09-02T05:00:00-00:00,2022-09-02T05:15:00-00:00,2022-09-01,23,BLLEHVN_6_N009,BLLEHVN_6_N009,BLLEHVN_6_N009,RTPD,MCC,LMP_CONG_PRC,BLLEHVN_6_N009,ALL,1,0,1,2
2022-09-02T06:00:00-00:00,2022-09-02T06:15:00-00:00,2022-09-01,24,BLLEHVN_6_N009,BLLEHVN_6_N009,BLLEHVN_6_N009,RTPD,MCC,LMP_CONG_PRC,BLLEHVN_6_N009,ALL,1,0,1,2
2022-09-01T07:15:00-00:00,2022-09-01T07:30:00-00:00,2022-09-01,01,BLLEHVN_6_N009,BLLEHVN_6_N009,BLLEHVN_6_N009,RTPD,MCC,LMP_CONG_PRC,BLLEHVN_6_N009,ALL,1,-10.1734,2,2
2022-09-01T08:15:00-00:00,2022-09-01T08:30:00-00:00,2022-09-01,02,BLLEHVN_6_N009,BLLEHVN_6_N009,BLLEHVN_6_N009,RTPD,MCC,LMP_CONG_PRC,BLLEHVN_6_N009,ALL,1,-0.92767,2,2
2022-09-01T09:15:00-00:00,2022-09-01T09:30:00-00:00,2022-09-01,03,BLLEHVN_6_N009,BLLEHVN_6_N009,BLLEHVN_6_N009,RTPD,MCC,LMP_CONG_PRC,BLLEHVN_6_N009,ALL,1,-5.95856,2,2
2022-09-01T10:15:00-00:00,2022-09-01T10:30:00-00:00,2022-09-01,04,BLLEHVN_6_N009,BLLEHVN_6_N009,BLLEHVN_6_N009,RTPD,MCC,LMP_CONG_PRC,BLLEHVN_6_N009,ALL,1,-5.5731,2,2
2022-09-01T11:15:00-00:00,2022-09-01T11:30:00-00:00,2022-09-01,05,BLLEHVN_6_N009,BLLEHVN_6_N009,BLLEHVN_6_N009,RTPD,MCC,LMP_CONG_PRC,BLLEHVN_6_N009,ALL,1,0,2,2
2022-09-01T12:15:00-00:00,2022-09-01T12:30:00-00:00,2022-09-01,06,BLLEHVN_6_N009,BLLEHVN_6_N009,BLLEHVN_6_N009,RTPD,MCC,LMP_CONG_PRC,BLLEHVN_6_N009,ALL,1,-6.17089,2,2
2022-09-01T13:15:00-00:00,2022-09-01T13:30:00-00:00,2022-09-01,07,BLLEHVN_6_N009,BLLEHVN_6_N009,BLLEHVN_6_N009,RTPD,MCC,LMP_CONG_PRC,BLLEHVN_6_N009,ALL,1,-0.57317,2,2
2022-09-01T14:15:00-00:00,2022-09-01T14:30:00-00:00,2022-09-01,08,BLLEHVN_6_N009,BLLEHVN_6_N009,BLLEHVN_6_N009,RTPD,MCC,LMP_CONG_PRC,BLLEHVN_6_N009,ALL,1,0,2,2
2022-09-01T15:15:00-00:00,2022-09-01T15:30:00-00:00,2022-09-01,09,BLLEHVN_6_N009,BLLEHVN_6_N009,BLLEHVN_6_N009,RTPD,MCC,LMP_CONG_PRC,BLLEHVN_6_N009,ALL,1,0,2,2
2022-09-01T16:15:00-00:00,2022-09-01T16:30:00-00:00,2022-09-01,10,BLLEHVN_6_N009,BLLEHVN_6_N009,BLLEHVN_6_N009,RTPD,MCC,LMP_CONG_PRC,BLLEHVN_6_N009,ALL,1,-1.65672,2,2
2022-09-01T17:15:00-00:00,2022-09-01T17:30:00-00:00,2022-09-01,11,BLLEHVN_6_N009,BLLEHVN_6_N009,BLLEHVN_6_N009,RTPD,MCC,LMP_CONG_PRC,BLLEHVN_6_N009,ALL,1,-20.5963,2,2
2022-09-01T18:15:00-00:00,2022-09-01T18:30:00-00:00,2022-09-01,12,BLLEHVN_6_N009,BLLEHVN_6_N009,BLLEHVN_6_N009,RTPD,MCC,LMP_CONG_PRC,BLLEHVN_6_N009,ALL,1,-26.8712,2,2
2022-09-01T19:15:00-00:00,2022-09-01T19:30:00-00:00,2022-09-01,13,BLLEHVN_6_N009,BLLEHVN_6_N009,BLLEHVN_6_N009,RTPD,MCC,LMP_CONG_PRC,BLLEHVN_6_N009,ALL,1,-29.83604,2,2
2022-09-01T20:15:00-00:00,2022-09-01T20:30:00-00:00,2022-09-01,14,BLLEHVN_6_N009,BLLEHVN_6_N009,BLLEHVN_6_N009,RTPD,MCC,LMP_CONG_PRC,BLLEHVN_6_N009,ALL,1,-3.2246,2,2
2022-09-01T21:15:00-00:00,2022-09-01T21:30:00-00:00,2022-09-01,15,BLLEHVN_6_N009,BLLEHVN_6_N009,BLLEHVN_6_N009,RTPD,MCC,LMP_CONG_PRC,BLLEHVN_6_N009,ALL,1,-27.17513,2,2
2022-09-01T22:15:00-00:00,2022-09-01T22:30:00-00:00,2022-09-01,16,BLLEHVN_6_N009,BLLEHVN_6_N009,BLLEHVN_6_N009,RTPD,MCC,LMP_CONG_PRC,BLLEHVN_6_N009,ALL,1,-119.46008,2,2
2022-09-01T23:15:00-00:00,2022-09-01T23:30:00-00:00,2022-09-01,17,BLLEHVN_6_N009,BLLEHVN_6_N009,BLLEHVN_6_N009,RTPD,MCC,LMP_CONG_PRC,BLLEHVN_6_N009,ALL,1,-99.09966,2,2
2022-09-02T00:15:00-00:00,2022-09-02T00:30:00-00:00,2022-09-01,18,BLLEHVN_6_N009,BLLEHVN_6_N009,BLLEHVN_6_N009,RTPD,MCC,LMP_CONG_PRC,BLLEHVN_6_N009,ALL,1,334.60904,2,2
2022-09-02T01:15:00-00:00,2022-09-02T01:30:00-00:00,2022-09-01,19,BLLEHVN_6_N009,BLLEHVN_6_N009,BLLEHVN_6_N009,RTPD,MCC,LMP_CONG_PRC,BLLEHVN_6_N009,ALL,1,0,2,2
2022-09-02T02:15:00-00:00,2022-09-02T02:30:00-00:00,2022-09-01,20,BLLEHVN_6_N009,BLLEHVN_6_N009,BLLEHVN_6_N009,RTPD,MCC,LMP_CONG_PRC,BLLEHVN_6_N009,ALL,1,0,2,2
2022-09-02T03:15:00-00:00,2022-09-02T03:30:00-00:00,2022-09-01,21,BLLEHVN_6_N009,BLLEHVN_6_N009,BLLEHVN_6_N009,RTPD,MCC,LMP_CONG_PRC,BLLEHVN_6_N009,ALL,1,148.04868,2,2
2022-09-02T04:15:00-00:00,2022-09-02T04:30:00-00:00,2022-09-01,22,BLLEHVN_6_N009,BLLEHVN_6_N009,BLLEHVN_6_N009,RTPD,MCC,LMP_CONG_PRC,BLLEHVN_6_N009,ALL,1,0,2,2
2022-09-02T05:15:00-00:00,2022-09-02T05:30:00-00:00,2022-09-01,23,BLLEHVN_6_N009,BLLEHVN_6_N009,BLLEHVN_6_N009,RTPD,MCC,LMP_CONG_PRC,BLLEHVN_6_N009,ALL,1,0,2,2
2022-09-02T06:15:00-00:00,2022-09-02T06:30:00-00:00,2022-09-01,24,BLLEHVN_6_N009,BLLEHVN_6_N009,BLLEHVN_6_N009,RTPD,MCC,LMP_CONG_PRC,BLLEHVN_6_N009,ALL,1,0,2,2
2022-09-01T07:30:00-00:00,2022-09-01T07:45:00-00:00,2022-09-01,01,BLLEHVN_6_N009,BLLEHVN_6_N009,BLLEHVN_6_N009,RTPD,MCC,LMP_CONG_PRC,BLLEHVN_6_N009,ALL,1,-16.44195,3,2
2022-09-01T08:30:00-00:00,2022-09-01T08:45:00-00:00,2022-09-01,02,BLLEHVN_6_N009,BLLEHVN_6_N009,BLLEHVN_6_N009,RTPD,MCC,LMP_CONG_PRC,BLLEHVN_6_N009,ALL,1,-0.00088,3,2
2022-09-01T09:30:00-00:00,2022-09-01T09:45:00-00:00,2022-09-01,03,BLLEHVN_6_N009,BLLEHVN_6_N009,BLLEHVN_6_N009,RTPD,MCC,LMP_CONG_PRC,BLLEHVN_6_N009,ALL,1,-5.90508,3,2
2022-09-01T10:30:00-00:00,2022-09-01T10:45:00-00:00,2022-09-01,04,BLLEHVN_6_N009,BLLEHVN_6_N009,BLLEHVN_6_N009,RTPD,MCC,LMP_CONG_PRC,BLLEHVN_6_N009,ALL,1,-3.15118,3,2
2022-09-01T11:30:00-00:00,2022-09-01T11:45:00-00:00,2022-09-01,05,BLLEHVN_6_N009,BLLEHVN_6_N009,BLLEHVN_6_N009,RTPD,MCC,LMP_CONG_PRC,BLLEHVN_6_N009,ALL,1,0,3,2
2022-09-01T12:30:00-00:00,2022-09-01T12:45:00-00:00,2022-09-01,06,BLLEHVN_6_N009,BLLEHVN_6_N009,BLLEHVN_6_N009,RTPD,MCC,LMP_CONG_PRC,BLLEHVN_6_N009,ALL,1,-10.68469,3,2
2022-09-01T13:30:00-00:00,2022-09-01T13:45:00-00:00,2022-09-01,07,BLLEHVN_6_N009,BLLEHVN_6_N009,BLLEHVN_6_N009,RTPD,MCC,LMP_CONG_PRC,BLLEHVN_6_N009,ALL,1,0,3,2
2022-09-01T14:30:00-00:00,2022-09-01T14:45:00-00:00,2022-09-01,08,BLLEHVN_6_N009,BLLEHVN_6_N009,BLLEHVN_6_N009,RTPD,MCC,LMP_CONG_PRC,BLLEHVN_6_N009,ALL,1,0,3,2
2022-09-01T15:30:00-00:00,2022-09-01T15:45:00-00:00,2022-09-01,09,BLLEHVN_6_N009,BLLEHVN_6_N009,BLLEHVN_6_N009,RTPD,MCC,LMP_CONG_PRC,BLLEHVN_6_N009,ALL,1,0,3,2
2022-09-01T16:30:00-00:00,2022-09-01T16:45:00-00:00,2022-09-01,10,BLLEHVN_6_N009,BLLEHVN_6_N009,BLLEHVN_6_N009,RTPD,MCC,LMP_CONG_PRC,BLLEHVN_6_N009,ALL,1,-13.87115,3,2
2022-09-01T17:30:00-00:00,2022-09-01T17:45:00-00:00,2022-09-01,11,BLLEHVN_6_N009,BLLEHVN_6_N009,BLLEHVN_6_N009,RTPD,MCC,LMP_CONG_PRC,BLLEHVN_6_N009,ALL,1,-20.67064,3,2
2022-09-01T18:30:00-00:00,2022-09-01T18:45:00-00:00,2022-09-01,12,BLLEHVN_6_N009,BLLEHVN_6_N009,BLLEHVN_6_N009,RTPD,MCC,LMP_CONG_PRC,BLLEHVN_6_N009,ALL,1,-27.87344,3,2
2022-09-01T19:30:00-00:00,2022-09-01T19:45:00-00:00,2022-09-01,13,BLLEHVN_6_N009,BLLEHVN_6_N009,BLLEHVN_6_N009,RTPD,MCC,LMP_CONG_PRC,BLLEHVN_6_N009,ALL,1,-12.82178,3,2
2022-09-01T20:30:00-00:00,2022-09-01T20:45:00-00:00,2022-09-01,14,BLLEHVN_6_N009,BLLEHVN_6_N009,BLLEHVN_6_N009,RTPD,MCC,LMP_CONG_PRC,BLLEHVN_6_N009,ALL,1,-13.01061,3,2
2022-09-01T21:30:00-00:00,2022-09-01T21:45:00-00:00,2022-09-01,15,BLLEHVN_6_N009,BLLEHVN_6_N009,BLLEHVN_6_N009,RTPD,MCC,LMP_CONG_PRC,BLLEHVN_6_N009,ALL,1,-24.96437,3,2
2022-09-01T22:30:00-00:00,2022-09-01T22:45:00-00:00,2022-09-01,16,BLLEHVN_6_N009,BLLEHVN_6_N009,BLLEHVN_6_N009,RTPD,MCC,LMP_CONG_PRC,BLLEHVN_6_N009,ALL,1,-128.44907,3,2
2022-09-01T23:30:00-00:00,2022-09-01T23:45:00-00:00,2022-09-01,17,BLLEHVN_6_N009,BLLEHVN_6_N009,BLLEHVN_6_N009,RTPD,MCC,LMP_CONG_PRC,BLLEHVN_6_N009,ALL,1,0,3,2
2022-09-02T00:30:00-00:00,2022-09-02T00:45:00-00:00,2022-09-01,18,BLLEHVN_6_N009,BLLEHVN_6_N009,BLLEHVN_6_N009,RTPD,MCC,LMP_CONG_PRC,BLLEHVN_6_N009,ALL,1,473.94147,3,2
2022-09-02T01:30:00-00:00,2022-09-02T01:45:00-00:00,2022-09-01,19,BLLEHVN_6_N009,BLLEHVN_6_N009,BLLEHVN_6_N009,RTPD,MCC,LMP_CONG_PRC,BLLEHVN_6_N009,ALL,1,0,3,2
2022-09-02T02:30:00-00:00,2022-09-02T02:45:00-00:00,2022-09-01,20,BLLEHVN_6_N009,BLLEHVN_6_N009,BLLEHVN_6_N009,RTPD,MCC,LMP_CONG_PRC,BLLEHVN_6_N009,ALL,1,0,3,2
2022-09-02T03:30:00-00:00,2022-09-02T03:45:00-00:00,2022-09-01,21,BLLEHVN_6_N009,BLLEHVN_6_N009,BLLEHVN_6_N009,RTPD,MCC,LMP_CONG_PRC,BLLEHVN_6_N009,ALL,1,33.30164,3,2
2022-09-02T04:30:00-00:00,2022-09-02T04:45:00-00:00,2022-09-01,22,BLLEHVN_6_N009,BLLEHVN_6_N009,BLLEHVN_6_N009,RTPD,MCC,LMP_CONG_PRC,BLLEHVN_6_N009,ALL,1,0,3,2
2022-09-02T05:30:00-00:00,2022-09-02T05:45:00-00:00,2022-09-01,23,BLLEHVN_6_N009,BLLEHVN_6_N009,BLLEHVN_6_N009,RTPD,MCC,LMP_CONG_PRC,BLLEHVN_6_N009,ALL,1,0,3,2
2022-09-02T06:30:00-00:00,2022-09-02T06:45:00-00:00,2022-09-01,24,BLLEHVN_6_N009,BLLEHVN_6_N009,BLLEHVN_6_N009,RTPD,MCC,LMP_CONG_PRC,BLLEHVN_6_N009,ALL,1,0,3,2
2022-09-01T07:45:00-00:00,2022-09-01T08:00:00-00:00,2022-09-01,01,BLLEHVN_6_N009,BLLEHVN_6_N009,BLLEHVN_6_N009,RTPD,MCC,LMP_CONG_PRC,BLLEHVN_6_N009,ALL,1,-18.68257,4,2
2022-09-01T08:45:00-00:00,2022-09-01T09:00:00-00:00,2022-09-01,02,BLLEHVN_6_N009,BLLEHVN_6_N009,BLLEHVN_6_N009,RTPD,MCC,LMP_CONG_PRC,BLLEHVN_6_N009,ALL,1,-4.57171,4,2
2022-09-01T09:45:00-00:00,2022-09-01T10:00:00-00:00,2022-09-01,03,BLLEHVN_6_N009,BLLEHVN_6_N009,BLLEHVN_6_N009,RTPD,MCC,LMP_CONG_PRC,BLLEHVN_6_N009,ALL,1,-5.28127,4,2
2022-09-01T10:45:00-00:00,2022-09-01T11:00:00-00:00,2022-09-01,04,BLLEHVN_6_N009,BLLEHVN_6_N009,BLLEHVN_6_N009,RTPD,MCC,LMP_CONG_PRC,BLLEHVN_6_N009,ALL,1,-1.23517,4,2
2022-09-01T11:45:00-00:00,2022-09-01T12:00:00-00:00,2022-09-01,05,BLLEHVN_6_N009,BLLEHVN_6_N009,BLLEHVN_6_N009,RTPD,MCC,LMP_CONG_PRC,BLLEHVN_6_N009,ALL,1,0,4,2
2022-09-01T12:45:00-00:00,2022-09-01T13:00:00-00:00,2022-09-01,06,BLLEHVN_6_N009,BLLEHVN_6_N009,BLLEHVN_6_N009,RTPD,MCC,LMP_CONG_PRC,BLLEHVN_6_N009,ALL,1,-2.3789,4,2
2022-09-01T13:45:00-00:00,2022-09-01T14:00:00-00:00,2022-09-01,07,BLLEHVN_6_N009,BLLEHVN_6_N009,BLLEHVN_6_N009,RTPD,MCC,LMP_CONG_PRC,BLLEHVN_6_N009,ALL,1,0,4,2
2022-09-01T14:45:00-00:00,2022-09-01T15:00:00-00:00,2022-09-01,08,BLLEHVN_6_N009,BLLEHVN_6_N009,BLLEHVN_6_N009,RTPD,MCC,LMP_CONG_PRC,BLLEHVN_6_N009,ALL,1,0,4,2
2022-09-01T15:45:00-00:00,2022-09-01T16:00:00-00:00,2022-09-01,09,BLLEHVN_6_N009,BLLEHVN_6_N009,BLLEHVN_6_N009,RTPD,MCC,LMP_CONG_PRC,BLLEHVN_6_N009,ALL,1,0,4,2
2022-09-01T16:45:00-00:00,2022-09-01T17:00:00-00:00,2022-09-01,10,BLLEHVN_6_N009,BLLEHVN_6_N009,BLLEHVN_6_N009,RTPD,MCC,LMP_CONG_PRC,BLLEHVN_6_N009,ALL,1,-12.56035,4,2
2022-09-01T17:45:00-00:00,2022-09-01T18:00:00-00:00,2022-09-01,11,BLLEHVN_6_N009,BLLEHVN_6_N009,BLLEHVN_6_N009,RTPD,MCC,LMP_CONG_PRC,BLLEHVN_6_N009,ALL,1,-20.46067,4,2
2022-09-01T18:45:00-00:00,2022-09-01T19:00:00-00:00,2022-09-01,12,BLLEHVN_6_N009,BLLEHVN_6_N009,BLLEHVN_6_N009,RTPD,MCC,LMP_CONG_PRC,BLLEHVN_6_N009,ALL,1,-27.91213,4,2
2022-09-01T19:45:00-00:00,2022-09-01T20:00:00-00:00,2022-09-01,13,BLLEHVN_6_N009,BLLEHVN_6_N009,BLLEHVN_6_N009,RTPD,MCC,LMP_CONG_PRC,BLLEHVN_6_N009,ALL,1,-13.89019,4,2
2022-09-01T20:45:00-00:00,2022-09-01T21:00:00-00:00,2022-09-01,14,BLLEHVN_6_N009,BLLEHVN_6_N009,BLLEHVN_6_N009,RTPD,MCC,LMP_CONG_PRC,BLLEHVN_6_N009,ALL,1,-28.7403,4,2
2022-09-01T21:45:00-00:00,2022-09-01T22:00:00-00:00,2022-09-01,15,BLLEHVN_6_N009,BLLEHVN_6_N009,BLLEHVN_6_N009,RTPD,MCC,LMP_CONG_PRC,BLLEHVN_6_N009,ALL,1,-91.0513,4,2
2022-09-01T22:45:00-00:00,2022-09-01T23:00:00-00:00,2022-09-01,16,BLLEHVN_6_N009,BLLEHVN_6_N009,BLLEHVN_6_N009,RTPD,MCC,LMP_CONG_PRC,BLLEHVN_6_N009,ALL,1,-260.8895,4,2
2022-09-01T23:45:00-00:00,2022-09-02T00:00:00-00:00,2022-09-01,17,BLLEHVN_6_N009,BLLEHVN_6_N009,BLLEHVN_6_N009,RTPD,MCC,LMP_CONG_PRC,BLLEHVN_6_N009,ALL,1,412.82745,4,2
2022-09-02T00:45:00-00:00,2022-09-02T01:00:00-00:00,2022-09-01,18,BLLEHVN_6_N009,BLLEHVN_6_N009,BLLEHVN_6_N009,RTPD,MCC,LMP_CONG_PRC,BLLEHVN_6_N009,ALL,1,305.9454,4,2
2022-09-02T01:45:00-00:00,2022-09-02T02:00:00-00:00,2022-09-01,19,BLLEHVN_6_N009,BLLEHVN_6_N009,BLLEHVN_6_N009,RTPD,MCC,LMP_CONG_PRC,BLLEHVN_6_N009,ALL,1,0,4,2
2022-09-02T02:45:00-00:00,2022-09-02T03:00:00-00:00,2022-09-01,20,BLLEHVN_6_N009,BLLEHVN_6_N009,BLLEHVN_6_N009,RTPD,MCC,LMP_CONG_PRC,BLLEHVN_6_N009,ALL,1,134.73367,4,2
2022-09-02T03:45:00-00:00,2022-09-02T04:00:00-00:00,2022-09-01,21,BLLEHVN_6_N009,BLLEHVN_6_N009,BLLEHVN_6_N009,RTPD,MCC,LMP_CONG_PRC,BLLEHVN_6_N009,ALL,1,19.39498,4,2
2022-09-02T04:45:00-00:00,2022-09-02T05:00:00-00:00,2022-09-01,22,BLLEHVN_6_N009,BLLEHVN_6_N009,BLLEHVN_6_N009,RTPD,MCC,LMP_CONG_PRC,BLLEHVN_6_N009,ALL,1,0,4,2
2022-09-02T05:45:00-00:00,2022-09-02T06:00:00-00:00,2022-09-01,23,BLLEHVN_6_N009,BLLEHVN_6_N009,BLLEHVN_6_N009,RTPD,MCC,LMP_CONG_PRC,BLLEHVN_6_N009,ALL,1,-4.0865,4,2
2022-09-02T06:45:00-00:00,2022-09-02T07:00:00-00:00,2022-09-01,24,BLLEHVN_6_N009,BLLEHVN_6_N009,BLLEHVN_6_N009,RTPD,MCC,LMP_CONG_PRC,BLLEHVN_6_N009,ALL,1,0,4,2
2022-09-01T07:00:00-00:00,2022-09-01T07:15:00-00:00,2022-09-01,01,BLLEHVN_6_N009,BLLEHVN_6_N009,BLLEHVN_6_N009,RTPD,MCE,LMP_ENE_PRC,BLLEHVN_6_N009,ALL,1,104.23471,1,3
2022-09-01T08:00:00-00:00,2022-09-01T08:15:00-00:00,2022-09-01,02,BLLEHVN_6_N009,BLLEHVN_6_N009,BLLEHVN_6_N009,RTPD,MCE,LMP_ENE_PRC,BLLEHVN_6_N009,ALL,1,115.5488,1,3
2022-09-01T09:00:00-00:00,2022-09-01T09:15:00-00:00,2022-09-01,03,BLLEHVN_6_N009,BLLEHVN_6_N009,BLLEHVN_6_N009,RTPD,MCE,LMP_ENE_PRC,BLLEHVN_6_N009,ALL,1,99.73061,1,3
2022-09-01T10:00:00-00:00,2022-09-01T10:15:00-00:00,2022-09-01,04,BLLEHVN_6_N009,BLLEHVN_6_N009,BLLEHVN_6_N009,RTPD,MCE,LMP_ENE_PRC,BLLEHVN_6_N009,ALL,1,98.64222,1,3
2022-09-01T11:00:00-00:00,2022-09-01T11:15:00-00:00,2022-09-01,05,BLLEHVN_6_N009,BLLEHVN_6_N009,BLLEHVN_6_N009,RTPD,MCE,LMP_ENE_PRC,BLLEHVN_6_N009,ALL,1,102.56859,1,3
2022-09-01T12:00:00-00:00,2022-09-01T12:15:00-00:00,2022-09-01,06,BLLEHVN_6_N009,BLLEHVN_6_N009,BLLEHVN_6_N009,RTPD,MCE,LMP_ENE_PRC,BLLEHVN_6_N009,ALL,1,96.90845,1,3
2022-09-01T13:00:00-00:00,2022-09-01T13:15:00-00:00,2022-09-01,07,BLLEHVN_6_N009,BLLEHVN_6_N009,BLLEHVN_6_N009,RTPD,MCE,LMP_ENE_PRC,BLLEHVN_6_N009,ALL,1,101.80878,1,3
2022-09-01T14:00:00-00:00,2022-09-01T14:15:00-00:00,2022-09-01,08,BLLEHVN_6_N009,BLLEHVN_6_N009,BLLEHVN_6_N009,RTPD,MCE,LMP_ENE_PRC,BLLEHVN_6_N009,ALL,1,111.11219,1,3
2022-09-01T15:00:00-00:00,2022-09-01T15:15:00-00:00,2022-09-01,09,BLLEHVN_6_N009,BLLEHVN_6_N009,BLLEHVN_6_N009,RTPD,MCE,LMP_ENE_PRC,BLLEHVN_6_N009,ALL,1,97.4112,1,3
2022-09-01T16:00:00-00:00,2022-09-01T16:15:00-00:00,2022-09-01,10,BLLEHVN_6_N009,BLLEHVN_6_N009,BLLEHVN_6_N009,RTPD,MCE,LMP_ENE_PRC,BLLEHVN_6_N009,ALL,1,83.43525,1,3
2022-09-01T17:00:00-00:00,2022-09-01T17:15:00-00:00,2022-09-01,11,BLLEHVN_6_N009,BLLEHVN_6_N009,BLLEHVN_6_N009,RTPD,MCE,LMP_ENE_PRC,BLLEHVN_6_N009,ALL,1,96.94897,1,3
2022-09-01T18:00:00-00:00,2022-09-01T18:15:00-00:00,2022-09-01,12,BLLEHVN_6_N009,BLLEHVN_6_N009,BLLEHVN_6_N009,RTPD,MCE,LMP_ENE_PRC,BLLEHVN_6_N009,ALL,1,91.59291,1,3
2022-09-01T19:00:00-00:00,2022-09-01T19:15:00-00:00,2022-09-01,13,BLLEHVN_6_N009,BLLEHVN_6_N009,BLLEHVN_6_N009,RTPD,MCE,LMP_ENE_PRC,BLLEHVN_6_N009,ALL,1,109.19637,1,3
2022-09-01T20:00:00-00:00,2022-09-01T20:15:00-00:00,2022-09-01,14,BLLEHVN_6_N009,BLLEHVN_6_N009,BLLEHVN_6_N009,RTPD,MCE,LMP_ENE_PRC,BLLEHVN_6_N009,ALL,1,117.94359,1,3
2022-09-01T21:00:00-00:00,2022-09-01T21:15:00-00:00,2022-09-01,15,BLLEHVN_6_N009,BLLEHVN_6_N009,BLLEHVN_6_N009,RTPD,MCE,LMP_ENE_PRC,BLLEHVN_6_N009,ALL,1,226.61499,1,3
2022-09-01T22:00:00-00:00,2022-09-01T22:15:00-00:00,2022-09-01,16,BLLEHVN_6_N009,BLLEHVN_6_N009,BLLEHVN_6_N009,RTPD,MCE,LMP_ENE_PRC,BLLEHVN_6_N009,ALL,1,229.18552,1,3
2022-09-01T23:00:00-00:00,2022-09-01T23:15:00-00:00,2022-09-01,17,BLLEHVN_6_N009,BLLEHVN_6_N009,BLLEHVN_6_N009,RTPD,MCE,LMP_ENE_PRC,BLLEHVN_6_N009,ALL,1,386.7537,1,3
2022-09-02T00:00:00-00:00,2022-09-02T00:15:00-00:00,2022-09-01,18,BLLEHVN_6_N009,BLLEHVN_6_N009,BLLEHVN_6_N009,RTPD,MCE,LMP_ENE_PRC,BLLEHVN_6_N009,ALL,1,770.58136,1,3
2022-09-02T01:00:00-00:00,2022-09-02T01:15:00-00:00,2022-09-01,19,BLLEHVN_6_N009,BLLEHVN_6_N009,BLLEHVN_6_N009,RTPD,MCE,LMP_ENE_PRC,BLLEHVN_6_N009,ALL,1,916.27124,1,3
2022-09-02T02:00:00-00:00,2022-09-02T02:15:00-00:00,2022-09-01,20,BLLEHVN_6_N009,BLLEHVN_6_N009,BLLEHVN_6_N009,RTPD,MCE,LMP_ENE_PRC,BLLEHVN_6_N009,ALL,1,1991.6721,1,3
2022-09-02T03:00:00-00:00,2022-09-02T03:15:00-00:00,2022-09-01,21,BLLEHVN_6_N009,BLLEHVN_6_N009,BLLEHVN_6_N009,RTPD,MCE,LMP_ENE_PRC,BLLEHVN_6_N009,ALL,1,917.5508,1,3
2022-09-02T04:00:00-00:00,2022-09-02T04:15:00-00:00,2022-09-01,22,BLLEHVN_6_N009,BLLEHVN_6_N009,BLLEHVN_6_N009,RTPD,MCE,LMP_ENE_PRC,BLLEHVN_6_N009,ALL,1,257.83005,1,3
2022-09-02T05:00:00-00:00,2022-09-02T05:15:00-00:00,2022-09-01,23,BLLEHVN_6_N009,BLLEHVN_6_N009,BLLEHVN_6_N009,RTPD,MCE,LMP_ENE_PRC,BLLEHVN_6_N009,ALL,1,183.24657,1,3
2022-09-02T06:00:00-00:00,2022-09-02T06:15:00-00:00,2022-09-01,24,BLLEHVN_6_N009,BLLEHVN_6_N009,BLLEHVN_6_N009,RTPD,MCE,LMP_ENE_PRC,BLLEHVN_6_N009,ALL,1,158.867,1,3
2022-09-01T07:15:00-00:00,2022-09-01T07:30:00-00:00,2022-09-01,01,BLLEHVN_6_N009,BLLEHVN_6_N009,BLLEHVN_6_N009,RTPD,MCE,LMP_ENE_PRC,BLLEHVN_6_N009,ALL,1,125.55144,2,3
2022-09-01T08:15:00-00:00,2022-09-01T08:30:00-00:00,2022-09-01,02,BLLEHVN_6_N009,BLLEHVN_6_N009,BLLEHVN_6_N009,RTPD,MCE,LMP_ENE_PRC,BLLEHVN_6_N009,ALL,1,115.53165,2,3
2022-09-01T09:15:00-00:00,2022-09-01T09:30:00-00:00,2022-09-01,03,BLLEHVN_6_N009,BLLEHVN_6_N009,BLLEHVN_6_N009,RTPD,MCE,LMP_ENE_PRC,BLLEHVN_6_N009,ALL,1,98.30543,2,3
2022-09-01T10:15:00-00:00,2022-09-01T10:30:00-00:00,2022-09-01,04,BLLEHVN_6_N009,BLLEHVN_6_N009,BLLEHVN_6_N009,RTPD,MCE,LMP_ENE_PRC,BLLEHVN_6_N009,ALL,1,97.00684,2,3
2022-09-01T11:15:00-00:00,2022-09-01T11:30:00-00:00,2022-09-01,05,BLLEHVN_6_N009,BLLEHVN_6_N009,BLLEHVN_6_N009,RTPD,MCE,LMP_ENE_PRC,BLLEHVN_6_N009,ALL,1,103.09059,2,3
2022-09-01T12:15:00-00:00,2022-09-01T12:30:00-00:00,2022-09-01,06,BLLEHVN_6_N009,BLLEHVN_6_N009,BLLEHVN_6_N009,RTPD,MCE,LMP_ENE_PRC,BLLEHVN_6_N009,ALL,1,109.32203,2,3
2022-09-01T13:15:00-00:00,2022-09-01T13:30:00-00:00,2022-09-01,07,BLLEHVN_6_N009,BLLEHVN_6_N009,BLLEHVN_6_N009,RTPD,MCE,LMP_ENE_PRC,BLLEHVN_6_N009,ALL,1,110.97827,2,3
2022-09-01T14:15:00-00:00,2022-09-01T14:30:00-00:00,2022-09-01,08,BLLEHVN_6_N009,BLLEHVN_6_N009,BLLEHVN_6_N009,RTPD,MCE,LMP_ENE_PRC,BLLEHVN_6_N009,ALL,1,104.78743,2,3
2022-09-01T15:15:00-00:00,2022-09-01T15:30:00-00:00,2022-09-01,09,BLLEHVN_6_N009,BLLEHVN_6_N009,BLLEHVN_6_N009,RTPD,MCE,LMP_ENE_PRC,BLLEHVN_6_N009,ALL,1,86.9388,2,3
2022-09-01T16:15:00-00:00,2022-09-01T16:30:00-00:00,2022-09-01,10,BLLEHVN_6_N009,BLLEHVN_6_N009,BLLEHVN_6_N009,RTPD,MCE,LMP_ENE_PRC,BLLEHVN_6_N009,ALL,1,89.44858,2,3
2022-09-01T17:15:00-00:00,2022-09-01T17:30:00-00:00,2022-09-01,11,BLLEHVN_6_N009,BLLEHVN_6_N009,BLLEHVN_6_N009,RTPD,MCE,LMP_ENE_PRC,BLLEHVN_6_N009,ALL,1,99.34673,2,3
2022-09-01T18:15:00-00:00,2022-09-01T18:30:00-00:00,2022-09-01,12,BLLEHVN_6_N009,BLLEHVN_6_N009,BLLEHVN_6_N009,RTPD,MCE,LMP_ENE_PRC,BLLEHVN_6_N009,ALL,1,101.15901,2,3
2022-09-01T19:15:00-00:00,2022-09-01T19:30:00-00:00,2022-09-01,13,BLLEHVN_6_N009,BLLEHVN_6_N009,BLLEHVN_6_N009,RTPD,MCE,LMP_ENE_PRC,BLLEHVN_6_N009,ALL,1,105.30588,2,3
2022-09-01T20:15:00-00:00,2022-09-01T20:30:00-00:00,2022-09-01,14,BLLEHVN_6_N009,BLLEHVN_6_N009,BLLEHVN_6_N009,RTPD,MCE,LMP_ENE_PRC,BLLEHVN_6_N009,ALL,1,117.49421,2,3
2022-09-01T21:15:00-00:00,2022-09-01T21:30:00-00:00,2022-09-01,15,BLLEHVN_6_N009,BLLEHVN_6_N009,BLLEHVN_6_N009,RTPD,MCE,LMP_ENE_PRC,BLLEHVN_6_N009,ALL,1,147.21185,2,3
2022-09-01T22:15:00-00:00,2022-09-01T22:30:00-00:00,2022-09-01,16,BLLEHVN_6_N009,BLLEHVN_6_N009,BLLEHVN_6_N009,RTPD,MCE,LMP_ENE_PRC,BLLEHVN_6_N009,ALL,1,256.58734,2,3
2022-09-01T23:15:00-00:00,2022-09-01T23:30:00-00:00,2022-09-01,17,BLLEHVN_6_N009,BLLEHVN_6_N009,BLLEHVN_6_N009,RTPD,MCE,LMP_ENE_PRC,BLLEHVN_6_N009,ALL,1,362.12408,2,3
2022-09-02T00:15:00-00:00,2022-09-02T00:30:00-00:00,2022-09-01,18,BLLEHVN_6_N009,BLLEHVN_6_N009,BLLEHVN_6_N009,RTPD,MCE,LMP_ENE_PRC,BLLEHVN_6_N009,ALL,1,691.2182,2,3
2022-09-02T01:15:00-00:00,2022-09-02T01:30:00-00:00,2022-09-01,19,BLLEHVN_6_N009,BLLEHVN_6_N009,BLLEHVN_6_N009,RTPD,MCE,LMP_ENE_PRC,BLLEHVN_6_N009,ALL,1,1999.9933,2,3
2022-09-02T02:15:00-00:00,2022-09-02T02:30:00-00:00,2022-09-01,20,BLLEHVN_6_N009,BLLEHVN_6_N009,BLLEHVN_6_N009,RTPD,MCE,LMP_ENE_PRC,BLLEHVN_6_N009,ALL,1,1991.6721,2,3
2022-09-02T03:15:00-00:00,2022-09-02T03:30:00-00:00,2022-09-01,21,BLLEHVN_6_N009,BLLEHVN_6_N009,BLLEHVN_6_N009,RTPD,MCE,LMP_ENE_PRC,BLLEHVN_6_N009,ALL,1,400.52884,2,3
2022-09-02T04:15:00-00:00,2022-09-02T04:30:00-00:00,2022-09-01,22,BLLEHVN_6_N009,BLLEHVN_6_N009,BLLEHVN_6_N009,RTPD,MCE,LMP_ENE_PRC,BLLEHVN_6_N009,ALL,1,224.75041,2,3
2022-09-02T05:15:00-00:00,2022-09-02T05:30:00-00:00,2022-09-01,23,BLLEHVN_6_N009,BLLEHVN_6_N009,BLLEHVN_6_N009,RTPD,MCE,LMP_ENE_PRC,BLLEHVN_6_N009,ALL,1,157.11986,2,3
2022-09-02T06:15:00-00:00,2022-09-02T06:30:00-00:00,2022-09-01,24,BLLEHVN_6_N009,BLLEHVN_6_N009,BLLEHVN_6_N009,RTPD,MCE,LMP_ENE_PRC,BLLEHVN_6_N009,ALL,1,143.1005,2,3
2022-09-01T07:30:00-00:00,2022-09-01T07:45:00-00:00,2022-09-01,01,BLLEHVN_6_N009,BLLEHVN_6_N009,BLLEHVN_6_N009,RTPD,MCE,LMP_ENE_PRC,BLLEHVN_6_N009,ALL,1,119.03196,3,3
2022-09-01T08:30:00-00:00,2022-09-01T08:45:00-00:00,2022-09-01,02,BLLEHVN_6_N009,BLLEHVN_6_N009,BLLEHVN_6_N009,RTPD,MCE,LMP_ENE_PRC,BLLEHVN_6_N009,ALL,1,111.11241,3,3
2022-09-01T09:30:00-00:00,2022-09-01T09:45:00-00:00,2022-09-01,03,BLLEHVN_6_N009,BLLEHVN_6_N009,BLLEHVN_6_N009,RTPD,MCE,LMP_ENE_PRC,BLLEHVN_6_N009,ALL,1,98.16228,3,3
2022-09-01T10:30:00-00:00,2022-09-01T10:45:00-00:00,2022-09-01,04,BLLEHVN_6_N009,BLLEHVN_6_N009,BLLEHVN_6_N009,RTPD,MCE,LMP_ENE_PRC,BLLEHVN_6_N009,ALL,1,96.36226,3,3
2022-09-01T11:30:00-00:00,2022-09-01T11:45:00-00:00,2022-09-01,05,BLLEHVN_6_N009,BLLEHVN_6_N009,BLLEHVN_6_N009,RTPD,MCE,LMP_ENE_PRC,BLLEHVN_6_N009,ALL,1,103.06198,3,3
2022-09-01T12:30:00-00:00,2022-09-01T12:45:00-00:00,2022-09-01,06,BLLEHVN_6_N009,BLLEHVN_6_N009,BLLEHVN_6_N009,RTPD,MCE,LMP_ENE_PRC,BLLEHVN_6_N009,ALL,1,113.57403,3,3
2022-09-01T13:30:00-00:00,2022-09-01T13:45:00-00:00,2022-09-01,07,BLLEHVN_6_N009,BLLEHVN_6_N009,BLLEHVN_6_N009,RTPD,MCE,LMP_ENE_PRC,BLLEHVN_6_N009,ALL,1,111.52025,3,3
2022-09-01T14:30:00-00:00,2022-09-01T14:45:00-00:00,2022-09-01,08,BLLEHVN_6_N009,BLLEHVN_6_N009,BLLEHVN_6_N009,RTPD,MCE,LMP_ENE_PRC,BLLEHVN_6_N009,ALL,1,101.83428,3,3
2022-09-01T15:30:00-00:00,2022-09-01T15:45:00-00:00,2022-09-01,09,BLLEHVN_6_N009,BLLEHVN_6_N009,BLLEHVN_6_N009,RTPD,MCE,LMP_ENE_PRC,BLLEHVN_6_N009,ALL,1,86.1388,3,3
2022-09-01T16:30:00-00:00,2022-09-01T16:45:00-00:00,2022-09-01,10,BLLEHVN_6_N009,BLLEHVN_6_N009,BLLEHVN_6_N009,RTPD,MCE,LMP_ENE_PRC,BLLEHVN_6_N009,ALL,1,88.79644,3,3
2022-09-01T17:30:00-00:00,2022-09-01T17:45:00-00:00,2022-09-01,11,BLLEHVN_6_N009,BLLEHVN_6_N009,BLLEHVN_6_N009,RTPD,MCE,LMP_ENE_PRC,BLLEHVN_6_N009,ALL,1,99.13013,3,3
2022-09-01T18:30:00-00:00,2022-09-01T18:45:00-00:00,2022-09-01,12,BLLEHVN_6_N009,BLLEHVN_6_N009,BLLEHVN_6_N009,RTPD,MCE,LMP_ENE_PRC,BLLEHVN_6_N009,ALL,1,107.05718,3,3
2022-09-01T19:30:00-00:00,2022-09-01T19:45:00-00:00,2022-09-01,13,BLLEHVN_6_N009,BLLEHVN_6_N009,BLLEHVN_6_N009,RTPD,MCE,LMP_ENE_PRC,BLLEHVN_6_N009,ALL,1,114.05905,3,3
2022-09-01T20:30:00-00:00,2022-09-01T20:45:00-00:00,2022-09-01,14,BLLEHVN_6_N009,BLLEHVN_6_N009,BLLEHVN_6_N009,RTPD,MCE,LMP_ENE_PRC,BLLEHVN_6_N009,ALL,1,129.81606,3,3
2022-09-01T21:30:00-00:00,2022-09-01T21:45:00-00:00,2022-09-01,15,BLLEHVN_6_N009,BLLEHVN_6_N009,BLLEHVN_6_N009,RTPD,MCE,LMP_ENE_PRC,BLLEHVN_6_N009,ALL,1,152.93057,3,3
2022-09-01T22:30:00-00:00,2022-09-01T22:45:00-00:00,2022-09-01,16,BLLEHVN_6_N009,BLLEHVN_6_N009,BLLEHVN_6_N009,RTPD,MCE,LMP_ENE_PRC,BLLEHVN_6_N009,ALL,1,283.18182,3,3
2022-09-01T23:30:00-00:00,2022-09-01T23:45:00-00:00,2022-09-01,17,BLLEHVN_6_N009,BLLEHVN_6_N009,BLLEHVN_6_N009,RTPD,MCE,LMP_ENE_PRC,BLLEHVN_6_N009,ALL,1,566.48157,3,3
2022-09-02T00:30:00-00:00,2022-09-02T00:45:00-00:00,2022-09-01,18,BLLEHVN_6_N009,BLLEHVN_6_N009,BLLEHVN_6_N009,RTPD,MCE,LMP_ENE_PRC,BLLEHVN_6_N009,ALL,1,1329.1127,3,3
2022-09-02T01:30:00-00:00,2022-09-02T01:45:00-00:00,2022-09-01,19,BLLEHVN_6_N009,BLLEHVN_6_N009,BLLEHVN_6_N009,RTPD,MCE,LMP_ENE_PRC,BLLEHVN_6_N009,ALL,1,1999.9956,3,3
2022-09-02T02:30:00-00:00,2022-09-02T02:45:00-00:00,2022-09-01,20,BLLEHVN_6_N009,BLLEHVN_6_N009,BLLEHVN_6_N009,RTPD,MCE,LMP_ENE_PRC,BLLEHVN_6_N009,ALL,1,1991.671,3,3
2022-09-02T03:30:00-00:00,2022-09-02T03:45:00-00:00,2022-09-01,21,BLLEHVN_6_N009,BLLEHVN_6_N009,BLLEHVN_6_N009,RTPD,MCE,LMP_ENE_PRC,BLLEHVN_6_N009,ALL,1,186.61823,3,3
2022-09-02T04:30:00-00:00,2022-09-02T04:45:00-00:00,2022-09-01,22,BLLEHVN_6_N009,BLLEHVN_6_N009,BLLEHVN_6_N009,RTPD,MCE,LMP_ENE_PRC,BLLEHVN_6_N009,ALL,1,180.67824,3,3
2022-09-02T05:30:00-00:00,2022-09-02T05:45:00-00:00,2022-09-01,23,BLLEHVN_6_N009,BLLEHVN_6_N009,BLLEHVN_6_N009,RTPD,MCE,LMP_ENE_PRC,BLLEHVN_6_N009,ALL,1,131.69917,3,3
2022-09-02T06:30:00-00:00,2022-09-02T06:45:00-00:00,2022-09-01,24,BLLEHVN_6_N009,BLLEHVN_6_N009,BLLEHVN_6_N009,RTPD,MCE,LMP_ENE_PRC,BLLEHVN_6_N009,ALL,1,128.9871,3,3
2022-09-01T07:45:00-00:00,2022-09-01T08:00:00-00:00,2022-09-01,01,BLLEHVN_6_N009,BLLEHVN_6_N009,BLLEHVN_6_N009,RTPD,MCE,LMP_ENE_PRC,BLLEHVN_6_N009,ALL,1,109.12099,4,3
2022-09-01T08:45:00-00:00,2022-09-01T09:00:00-00:00,2022-09-01,02,BLLEHVN_6_N009,BLLEHVN_6_N009,BLLEHVN_6_N009,RTPD,MCE,LMP_ENE_PRC,BLLEHVN_6_N009,ALL,1,98.7357,4,3
2022-09-01T09:45:00-00:00,2022-09-01T10:00:00-00:00,2022-09-01,03,BLLEHVN_6_N009,BLLEHVN_6_N009,BLLEHVN_6_N009,RTPD,MCE,LMP_ENE_PRC,BLLEHVN_6_N009,ALL,1,97.50475,4,3
2022-09-01T10:45:00-00:00,2022-09-01T11:00:00-00:00,2022-09-01,04,BLLEHVN_6_N009,BLLEHVN_6_N009,BLLEHVN_6_N009,RTPD,MCE,LMP_ENE_PRC,BLLEHVN_6_N009,ALL,1,94.71966,4,3
2022-09-01T11:45:00-00:00,2022-09-01T12:00:00-00:00,2022-09-01,05,BLLEHVN_6_N009,BLLEHVN_6_N009,BLLEHVN_6_N009,RTPD,MCE,LMP_ENE_PRC,BLLEHVN_6_N009,ALL,1,107.01,4,3
2022-09-01T12:45:00-00:00,2022-09-01T13:00:00-00:00,2022-09-01,06,BLLEHVN_6_N009,BLLEHVN_6_N009,BLLEHVN_6_N009,RTPD,MCE,LMP_ENE_PRC,BLLEHVN_6_N009,ALL,1,116.4848,4,3
2022-09-01T13:45:00-00:00,2022-09-01T14:00:00-00:00,2022-09-01,07,BLLEHVN_6_N009,BLLEHVN_6_N009,BLLEHVN_6_N009,RTPD,MCE,LMP_ENE_PRC,BLLEHVN_6_N009,ALL,1,111.41,4,3
2022-09-01T14:45:00-00:00,2022-09-01T15:00:00-00:00,2022-09-01,08,BLLEHVN_6_N009,BLLEHVN_6_N009,BLLEHVN_6_N009,RTPD,MCE,LMP_ENE_PRC,BLLEHVN_6_N009,ALL,1,86.1388,4,3
2022-09-01T15:45:00-00:00,2022-09-01T16:00:00-00:00,2022-09-01,09,BLLEHVN_6_N009,BLLEHVN_6_N009,BLLEHVN_6_N009,RTPD,MCE,LMP_ENE_PRC,BLLEHVN_6_N009,ALL,1,78.70076,4,3
2022-09-01T16:45:00-00:00,2022-09-01T17:00:00-00:00,2022-09-01,10,BLLEHVN_6_N009,BLLEHVN_6_N009,BLLEHVN_6_N009,RTPD,MCE,LMP_ENE_PRC,BLLEHVN_6_N009,ALL,1,91.24933,4,3
2022-09-01T17:45:00-00:00,2022-09-01T18:00:00-00:00,2022-09-01,11,BLLEHVN_6_N009,BLLEHVN_6_N009,BLLEHVN_6_N009,RTPD,MCE,LMP_ENE_PRC,BLLEHVN_6_N009,ALL,1,99.20544,4,3
2022-09-01T18:45:00-00:00,2022-09-01T19:00:00-00:00,2022-09-01,12,BLLEHVN_6_N009,BLLEHVN_6_N009,BLLEHVN_6_N009,RTPD,MCE,LMP_ENE_PRC,BLLEHVN_6_N009,ALL,1,109.04064,4,3
2022-09-01T19:45:00-00:00,2022-09-01T20:00:00-00:00,2022-09-01,13,BLLEHVN_6_N009,BLLEHVN_6_N009,BLLEHVN_6_N009,RTPD,MCE,LMP_ENE_PRC,BLLEHVN_6_N009,ALL,1,120.22491,4,3
2022-09-01T20:45:00-00:00,2022-09-01T21:00:00-00:00,2022-09-01,14,BLLEHVN_6_N009,BLLEHVN_6_N009,BLLEHVN_6_N009,RTPD,MCE,LMP_ENE_PRC,BLLEHVN_6_N009,ALL,1,154.02509,4,3
2022-09-01T21:45:00-00:00,2022-09-01T22:00:00-00:00,2022-09-01,15,BLLEHVN_6_N009,BLLEHVN_6_N009,BLLEHVN_6_N009,RTPD,MCE,LMP_ENE_PRC,BLLEHVN_6_N009,ALL,1,300.29376,4,3
2022-09-01T22:45:00-00:00,2022-09-01T23:00:00-00:00,2022-09-01,16,BLLEHVN_6_N009,BLLEHVN_6_N009,BLLEHVN_6_N009,RTPD,MCE,LMP_ENE_PRC,BLLEHVN_6_N009,ALL,1,429.9137,4,3
2022-09-01T23:45:00-00:00,2022-09-02T00:00:00-00:00,2022-09-01,17,BLLEHVN_6_N009,BLLEHVN_6_N009,BLLEHVN_6_N009,RTPD,MCE,LMP_ENE_PRC,BLLEHVN_6_N009,ALL,1,1261.2124,4,3
2022-09-02T00:45:00-00:00,2022-09-02T01:00:00-00:00,2022-09-01,18,BLLEHVN_6_N009,BLLEHVN_6_N009,BLLEHVN_6_N009,RTPD,MCE,LMP_ENE_PRC,BLLEHVN_6_N009,ALL,1,1519.149,4,3
2022-09-02T01:45:00-00:00,2022-09-02T02:00:00-00:00,2022-09-01,19,BLLEHVN_6_N009,BLLEHVN_6_N009,BLLEHVN_6_N009,RTPD,MCE,LMP_ENE_PRC,BLLEHVN_6_N009,ALL,1,1991.9337,4,3
2022-09-02T02:45:00-00:00,2022-09-02T03:00:00-00:00,2022-09-01,20,BLLEHVN_6_N009,BLLEHVN_6_N009,BLLEHVN_6_N009,RTPD,MCE,LMP_ENE_PRC,BLLEHVN_6_N009,ALL,1,1629.6213,4,3
2022-09-02T03:45:00-00:00,2022-09-02T04:00:00-00:00,2022-09-01,21,BLLEHVN_6_N009,BLLEHVN_6_N009,BLLEHVN_6_N009,RTPD,MCE,LMP_ENE_PRC,BLLEHVN_6_N009,ALL,1,141.13702,4,3
2022-09-02T04:45:00-00:00,2022-09-02T05:00:00-00:00,2022-09-01,22,BLLEHVN_6_N009,BLLEHVN_6_N009,BLLEHVN_6_N009,RTPD,MCE,LMP_ENE_PRC,BLLEHVN_6_N009,ALL,1,126.76372,4,3
2022-09-02T05:45:00-00:00,2022-09-02T06:00:00-00:00,2022-09-01,23,BLLEHVN_6_N009,BLLEHVN_6_N009,BLLEHVN_6_N009,RTPD,MCE,LMP_ENE_PRC,BLLEHVN_6_N009,ALL,1,119.00958,4,3
2022-09-02T06:45:00-00:00,2022-09-02T07:00:00-00:00,2022-09-01,24,BLLEHVN_6_N009,BLLEHVN_6_N009,BLLEHVN_6_N009,RTPD,MCE,LMP_ENE_PRC,BLLEHVN_6_N009,ALL,1,109.20324,4,3
2022-09-01T07:00:00-00:00,2022-09-01T07:15:00-00:00,2022-09-01,01,BLLEHVN_6_N009,BLLEHVN_6_N009,BLLEHVN_6_N009,RTPD,MCL,LMP_LOSS_PRC,BLLEHVN_6_N009,ALL,1,-2.94984,1,4
2022-09-01T08:00:00-00:00,2022-09-01T08:15:00-00:00,2022-09-01,02,BLLEHVN_6_N009,BLLEHVN_6_N009,BLLEHVN_6_N009,RTPD,MCL,LMP_LOSS_PRC,BLLEHVN_6_N009,ALL,1,0,1,4
2022-09-01T09:00:00-00:00,2022-09-01T09:15:00-00:00,2022-09-01,03,BLLEHVN_6_N009,BLLEHVN_6_N009,BLLEHVN_6_N009,RTPD,MCL,LMP_LOSS_PRC,BLLEHVN_6_N009,ALL,1,3.36092,1,4
2022-09-01T10:00:00-00:00,2022-09-01T10:15:00-00:00,2022-09-01,04,BLLEHVN_6_N009,BLLEHVN_6_N009,BLLEHVN_6_N009,RTPD,MCL,LMP_LOSS_PRC,BLLEHVN_6_N009,ALL,1,3.67935,1,4
2022-09-01T11:00:00-00:00,2022-09-01T11:15:00-00:00,2022-09-01,05,BLLEHVN_6_N009,BLLEHVN_6_N009,BLLEHVN_6_N009,RTPD,MCL,LMP_LOSS_PRC,BLLEHVN_6_N009,ALL,1,3.81555,1,4
2022-09-01T12:00:00-00:00,2022-09-01T12:15:00-00:00,2022-09-01,06,BLLEHVN_6_N009,BLLEHVN_6_N009,BLLEHVN_6_N009,RTPD,MCL,LMP_LOSS_PRC,BLLEHVN_6_N009,ALL,1,3.04293,1,4
2022-09-01T13:00:00-00:00,2022-09-01T13:15:00-00:00,2022-09-01,07,BLLEHVN_6_N009,BLLEHVN_6_N009,BLLEHVN_6_N009,RTPD,MCL,LMP_LOSS_PRC,BLLEHVN_6_N009,ALL,1,0,1,4
2022-09-01T14:00:00-00:00,2022-09-01T14:15:00-00:00,2022-09-01,08,BLLEHVN_6_N009,BLLEHVN_6_N009,BLLEHVN_6_N009,RTPD,MCL,LMP_LOSS_PRC,BLLEHVN_6_N009,ALL,1,6.26673,1,4
2022-09-01T15:00:00-00:00,2022-09-01T15:15:00-00:00,2022-09-01,09,BLLEHVN_6_N009,BLLEHVN_6_N009,BLLEHVN_6_N009,RTPD,MCL,LMP_LOSS_PRC,BLLEHVN_6_N009,ALL,1,0,1,4
2022-09-01T16:00:00-00:00,2022-09-01T16:15:00-00:00,2022-09-01,10,BLLEHVN_6_N009,BLLEHVN_6_N009,BLLEHVN_6_N009,RTPD,MCL,LMP_LOSS_PRC,BLLEHVN_6_N009,ALL,1,0,1,4
2022-09-01T17:00:00-00:00,2022-09-01T17:15:00-00:00,2022-09-01,11,BLLEHVN_6_N009,BLLEHVN_6_N009,BLLEHVN_6_N009,RTPD,MCL,LMP_LOSS_PRC,BLLEHVN_6_N009,ALL,1,0,1,4
2022-09-01T18:00:00-00:00,2022-09-01T18:15:00-00:00,2022-09-01,12,BLLEHVN_6_N009,BLLEHVN_6_N009,BLLEHVN_6_N009,RTPD,MCL,LMP_LOSS_PRC,BLLEHVN_6_N009,ALL,1,0,1,4
2022-09-01T19:00:00-00:00,2022-09-01T19:15:00-00:00,2022-09-01,13,BLLEHVN_6_N009,BLLEHVN_6_N009,BLLEHVN_6_N009,RTPD,MCL,LMP_LOSS_PRC,BLLEHVN_6_N009,ALL,1,0,1,4
2022-09-01T20:00:00-00:00,2022-09-01T20:15:00-00:00,2022-09-01,14,BLLEHVN_6_N009,BLLEHVN_6_N009,BLLEHVN_6_N009,RTPD,MCL,LMP_LOSS_PRC,BLLEHVN_6_N009,ALL,1,0,1,4
2022-09-01T21:00:00-00:00,2022-09-01T21:15:00-00:00,2022-09-01,15,BLLEHVN_6_N009,BLLEHVN_6_N009,BLLEHVN_6_N009,RTPD,MCL,LMP_LOSS_PRC,BLLEHVN_6_N009,ALL,1,0,1,4
2022-09-01T22:00:00-00:00,2022-09-01T22:15:00-00:00,2022-09-01,16,BLLEHVN_6_N009,BLLEHVN_6_N009,BLLEHVN_6_N009,RTPD,MCL,LMP_LOSS_PRC,BLLEHVN_6_N009,ALL,1,0,1,4
2022-09-01T23:00:00-00:00,2022-09-01T23:15:00-00:00,2022-09-01,17,BLLEHVN_6_N009,BLLEHVN_6_N009,BLLEHVN_6_N009,RTPD,MCL,LMP_LOSS_PRC,BLLEHVN_6_N009,ALL,1,0,1,4
2022-09-02T00:00:00-00:00,2022-09-02T00:15:00-00:00,2022-09-01,18,BLLEHVN_6_N009,BLLEHVN_6_N009,BLLEHVN_6_N009,RTPD,MCL,LMP_LOSS_PRC,BLLEHVN_6_N009,ALL,1,78.52224,1,4
2022-09-02T01:00:00-00:00,2022-09-02T01:15:00-00:00,2022-09-01,19,BLLEHVN_6_N009,BLLEHVN_6_N009,BLLEHVN_6_N009,RTPD,MCL,LMP_LOSS_PRC,BLLEHVN_6_N009,ALL,1,0,1,4
2022-09-02T02:00:00-00:00,2022-09-02T02:15:00-00:00,2022-09-01,20,BLLEHVN_6_N009,BLLEHVN_6_N009,BLLEHVN_6_N009,RTPD,MCL,LMP_LOSS_PRC,BLLEHVN_6_N009,ALL,1,0,1,4
2022-09-02T03:00:00-00:00,2022-09-02T03:15:00-00:00,2022-09-01,21,BLLEHVN_6_N009,BLLEHVN_6_N009,BLLEHVN_6_N009,RTPD,MCL,LMP_LOSS_PRC,BLLEHVN_6_N009,ALL,1,76.52373,1,4
2022-09-02T04:00:00-00:00,2022-09-02T04:15:00-00:00,2022-09-01,22,BLLEHVN_6_N009,BLLEHVN_6_N009,BLLEHVN_6_N009,RTPD,MCL,LMP_LOSS_PRC,BLLEHVN_6_N009,ALL,1,16.34642,1,4
2022-09-02T05:00:00-00:00,2022-09-02T05:15:00-00:00,2022-09-01,23,BLLEHVN_6_N009,BLLEHVN_6_N009,BLLEHVN_6_N009,RTPD,MCL,LMP_LOSS_PRC,BLLEHVN_6_N009,ALL,1,10.33511,1,4
2022-09-02T06:00:00-00:00,2022-09-02T06:15:00-00:00,2022-09-01,24,BLLEHVN_6_N009,BLLEHVN_6_N009,BLLEHVN_6_N009,RTPD,MCL,LMP_LOSS_PRC,BLLEHVN_6_N009,ALL,1,7.4032,1,4
2022-09-01T07:15:00-00:00,2022-09-01T07:30:00-00:00,2022-09-01,01,BLLEHVN_6_N009,BLLEHVN_6_N009,BLLEHVN_6_N009,RTPD,MCL,LMP_LOSS_PRC,BLLEHVN_6_N009,ALL,1,0,2,4
2022-09-01T08:15:00-00:00,2022-09-01T08:30:00-00:00,2022-09-01,02,BLLEHVN_6_N009,BLLEHVN_6_N009,BLLEHVN_6_N009,RTPD,MCL,LMP_LOSS_PRC,BLLEHVN_6_N009,ALL,1,0,2,4
2022-09-01T09:15:00-00:00,2022-09-01T09:30:00-00:00,2022-09-01,03,BLLEHVN_6_N009,BLLEHVN_6_N009,BLLEHVN_6_N009,RTPD,MCL,LMP_LOSS_PRC,BLLEHVN_6_N009,ALL,1,3.31289,2,4
2022-09-01T10:15:00-00:00,2022-09-01T10:30:00-00:00,2022-09-01,04,BLLEHVN_6_N009,BLLEHVN_6_N009,BLLEHVN_6_N009,RTPD,MCL,LMP_LOSS_PRC,BLLEHVN_6_N009,ALL,1,3.63776,2,4
2022-09-01T11:15:00-00:00,2022-09-01T11:30:00-00:00,2022-09-01,05,BLLEHVN_6_N009,BLLEHVN_6_N009,BLLEHVN_6_N009,RTPD,MCL,LMP_LOSS_PRC,BLLEHVN_6_N009,ALL,1,3.80404,2,4
2022-09-01T12:15:00-00:00,2022-09-01T12:30:00-00:00,2022-09-01,06,BLLEHVN_6_N009,BLLEHVN_6_N009,BLLEHVN_6_N009,RTPD,MCL,LMP_LOSS_PRC,BLLEHVN_6_N009,ALL,1,3.76068,2,4
2022-09-01T13:15:00-00:00,2022-09-01T13:30:00-00:00,2022-09-01,07,BLLEHVN_6_N009,BLLEHVN_6_N009,BLLEHVN_6_N009,RTPD,MCL,LMP_LOSS_PRC,BLLEHVN_6_N009,ALL,1,4.0951,2,4
2022-09-01T14:15:00-00:00,2022-09-01T14:30:00-00:00,2022-09-01,08,BLLEHVN_6_N009,BLLEHVN_6_N009,BLLEHVN_6_N009,RTPD,MCL,LMP_LOSS_PRC,BLLEHVN_6_N009,ALL,1,5.74235,2,4
2022-09-01T15:15:00-00:00,2022-09-01T15:30:00-00:00,2022-09-01,09,BLLEHVN_6_N009,BLLEHVN_6_N009,BLLEHVN_6_N009,RTPD,MCL,LMP_LOSS_PRC,BLLEHVN_6_N009,ALL,1,0,2,4
2022-09-01T16:15:00-00:00,2022-09-01T16:30:00-00:00,2022-09-01,10,BLLEHVN_6_N009,BLLEHVN_6_N009,BLLEHVN_6_N009,RTPD,MCL,LMP_LOSS_PRC,BLLEHVN_6_N009,ALL,1,0,2,4
2022-09-01T17:15:00-00:00,2022-09-01T17:30:00-00:00,2022-09-01,11,BLLEHVN_6_N009,BLLEHVN_6_N009,BLLEHVN_6_N009,RTPD,MCL,LMP_LOSS_PRC,BLLEHVN_6_N009,ALL,1,0,2,4
2022-09-01T18:15:00-00:00,2022-09-01T18:30:00-00:00,2022-09-01,12,BLLEHVN_6_N009,BLLEHVN_6_N009,BLLEHVN_6_N009,RTPD,MCL,LMP_LOSS_PRC,BLLEHVN_6_N009,ALL,1,0,2,4
2022-09-01T19:15:00-00:00,2022-09-01T19:30:00-00:00,2022-09-01,13,BLLEHVN_6_N009,BLLEHVN_6_N009,BLLEHVN_6_N009,RTPD,MCL,LMP_LOSS_PRC,BLLEHVN_6_N009,ALL,1,0,2,4
2022-09-01T20:15:00-00:00,2022-09-01T20:30:00-00:00,2022-09-01,14,BLLEHVN_6_N009,BLLEHVN_6_N009,BLLEHVN_6_N009,RTPD,MCL,LMP_LOSS_PRC,BLLEHVN_6_N009,ALL,1,0,2,4
2022-09-01T21:15:00-00:00,2022-09-01T21:30:00-00:00,2022-09-01,15,BLLEHVN_6_N009,BLLEHVN_6_N009,BLLEHVN_6_N009,RTPD,MCL,LMP_LOSS_PRC,BLLEHVN_6_N009,ALL,1,0,2,4
2022-09-01T22:15:00-00:00,2022-09-01T22:30:00-00:00,2022-09-01,16,BLLEHVN_6_N009,BLLEHVN_6_N009,BLLEHVN_6_N009,RTPD,MCL,LMP_LOSS_PRC,BLLEHVN_6_N009,ALL,1,0,2,4
2022-09-01T23:15:00-00:00,2022-09-01T23:30:00-00:00,2022-09-01,17,BLLEHVN_6_N009,BLLEHVN_6_N009,BLLEHVN_6_N009,RTPD,MCL,LMP_LOSS_PRC,BLLEHVN_6_N009,ALL,1,0,2,4
2022-09-02T00:15:00-00:00,2022-09-02T00:30:00-00:00,2022-09-01,18,BLLEHVN_6_N009,BLLEHVN_6_N009,BLLEHVN_6_N009,RTPD,MCL,LMP_LOSS_PRC,BLLEHVN_6_N009,ALL,1,69.39831,2,4
2022-09-02T01:15:00-00:00,2022-09-02T01:30:00-00:00,2022-09-01,19,BLLEHVN_6_N009,BLLEHVN_6_N009,BLLEHVN_6_N009,RTPD,MCL,LMP_LOSS_PRC,BLLEHVN_6_N009,ALL,1,0,2,4
2022-09-02T02:15:00-00:00,2022-09-02T02:30:00-00:00,2022-09-01,20,BLLEHVN_6_N009,BLLEHVN_6_N009,BLLEHVN_6_N009,RTPD,MCL,LMP_LOSS_PRC,BLLEHVN_6_N009,ALL,1,0,2,4
2022-09-02T03:15:00-00:00,2022-09-02T03:30:00-00:00,2022-09-01,21,BLLEHVN_6_N009,BLLEHVN_6_N009,BLLEHVN_6_N009,RTPD,MCL,LMP_LOSS_PRC,BLLEHVN_6_N009,ALL,1,32.80331,2,4
2022-09-02T04:15:00-00:00,2022-09-02T04:30:00-00:00,2022-09-01,22,BLLEHVN_6_N009,BLLEHVN_6_N009,BLLEHVN_6_N009,RTPD,MCL,LMP_LOSS_PRC,BLLEHVN_6_N009,ALL,1,13.61987,2,4
2022-09-02T05:15:00-00:00,2022-09-02T05:30:00-00:00,2022-09-01,23,BLLEHVN_6_N009,BLLEHVN_6_N009,BLLEHVN_6_N009,RTPD,MCL,LMP_LOSS_PRC,BLLEHVN_6_N009,ALL,1,8.10738,2,4
2022-09-02T06:15:00-00:00,2022-09-02T06:30:00-00:00,2022-09-01,24,BLLEHVN_6_N009,BLLEHVN_6_N009,BLLEHVN_6_N009,RTPD,MCL,LMP_LOSS_PRC,BLLEHVN_6_N009,ALL,1,5.36627,2,4
2022-09-01T07:30:00-00:00,2022-09-01T07:45:00-00:00,2022-09-01,01,BLLEHVN_6_N009,BLLEHVN_6_N009,BLLEHVN_6_N009,RTPD,MCL,LMP_LOSS_PRC,BLLEHVN_6_N009,ALL,1,0,3,4
2022-09-01T08:30:00-00:00,2022-09-01T08:45:00-00:00,2022-09-01,02,BLLEHVN_6_N009,BLLEHVN_6_N009,BLLEHVN_6_N009,RTPD,MCL,LMP_LOSS_PRC,BLLEHVN_6_N009,ALL,1,4.04449,3,4
2022-09-01T09:30:00-00:00,2022-09-01T09:45:00-00:00,2022-09-01,03,BLLEHVN_6_N009,BLLEHVN_6_N009,BLLEHVN_6_N009,RTPD,MCL,LMP_LOSS_PRC,BLLEHVN_6_N009,ALL,1,3.11174,3,4
2022-09-01T10:30:00-00:00,2022-09-01T10:45:00-00:00,2022-09-01,04,BLLEHVN_6_N009,BLLEHVN_6_N009,BLLEHVN_6_N009,RTPD,MCL,LMP_LOSS_PRC,BLLEHVN_6_N009,ALL,1,3.68104,3,4
2022-09-01T11:30:00-00:00,2022-09-01T11:45:00-00:00,2022-09-01,05,BLLEHVN_6_N009,BLLEHVN_6_N009,BLLEHVN_6_N009,RTPD,MCL,LMP_LOSS_PRC,BLLEHVN_6_N009,ALL,1,3.95758,3,4
2022-09-01T12:30:00-00:00,2022-09-01T12:45:00-00:00,2022-09-01,06,BLLEHVN_6_N009,BLLEHVN_6_N009,BLLEHVN_6_N009,RTPD,MCL,LMP_LOSS_PRC,BLLEHVN_6_N009,ALL,1,4.02052,3,4
2022-09-01T13:30:00-00:00,2022-09-01T13:45:00-00:00,2022-09-01,07,BLLEHVN_6_N009,BLLEHVN_6_N009,BLLEHVN_6_N009,RTPD,MCL,LMP_LOSS_PRC,BLLEHVN_6_N009,ALL,1,4.3939,3,4
2022-09-01T14:30:00-00:00,2022-09-01T14:45:00-00:00,2022-09-01,08,BLLEHVN_6_N009,BLLEHVN_6_N009,BLLEHVN_6_N009,RTPD,MCL,LMP_LOSS_PRC,BLLEHVN_6_N009,ALL,1,5.87584,3,4
2022-09-01T15:30:00-00:00,2022-09-01T15:45:00-00:00,2022-09-01,09,BLLEHVN_6_N009,BLLEHVN_6_N009,BLLEHVN_6_N009,RTPD,MCL,LMP_LOSS_PRC,BLLEHVN_6_N009,ALL,1,0,3,4
2022-09-01T16:30:00-00:00,2022-09-01T16:45:00-00:00,2022-09-01,10,BLLEHVN_6_N009,BLLEHVN_6_N009,BLLEHVN_6_N009,RTPD,MCL,LMP_LOSS_PRC,BLLEHVN_6_N009,ALL,1,0,3,4
2022-09-01T17:30:00-00:00,2022-09-01T17:45:00-00:00,2022-09-01,11,BLLEHVN_6_N009,BLLEHVN_6_N009,BLLEHVN_6_N009,RTPD,MCL,LMP_LOSS_PRC,BLLEHVN_6_N009,ALL,1,0,3,4
2022-09-01T18:30:00-00:00,2022-09-01T18:45:00-00:00,2022-09-01,12,BLLEHVN_6_N009,BLLEHVN_6_N009,BLLEHVN_6_N009,RTPD,MCL,LMP_LOSS_PRC,BLLEHVN_6_N009,ALL,1,0,3,4
2022-09-01T19:30:00-00:00,2022-09-01T19:45:00-00:00,2022-09-01,13,BLLEHVN_6_N009,BLLEHVN_6_N009,BLLEHVN_6_N009,RTPD,MCL,LMP_LOSS_PRC,BLLEHVN_6_N009,ALL,1,0,3,4
2022-09-01T20:30:00-00:00,2022-09-01T20:45:00-00:00,2022-09-01,14,BLLEHVN_6_N009,BLLEHVN_6_N009,BLLEHVN_6_N009,RTPD,MCL,LMP_LOSS_PRC,BLLEHVN_6_N009,ALL,1,0,3,4
2022-09-01T21:30:00-00:00,2022-09-01T21:45:00-00:00,2022-09-01,15,BLLEHVN_6_N009,BLLEHVN_6_N009,BLLEHVN_6_N009,RTPD,MCL,LMP_LOSS_PRC,BLLEHVN_6_N009,ALL,1,0,3,4
2022-09-01T22:30:00-00:00,2022-09-01T22:45:00-00:00,2022-09-01,16,BLLEHVN_6_N009,BLLEHVN_6_N009,BLLEHVN_6_N009,RTPD,MCL,LMP_LOSS_PRC,BLLEHVN_6_N009,ALL,1,0,3,4
2022-09-01T23:30:00-00:00,2022-09-01T23:45:00-00:00,2022-09-01,17,BLLEHVN_6_N009,BLLEHVN_6_N009,BLLEHVN_6_N009,RTPD,MCL,LMP_LOSS_PRC,BLLEHVN_6_N009,ALL,1,0,3,4
2022-09-02T00:30:00-00:00,2022-09-02T00:45:00-00:00,2022-09-01,18,BLLEHVN_6_N009,BLLEHVN_6_N009,BLLEHVN_6_N009,RTPD,MCL,LMP_LOSS_PRC,BLLEHVN_6_N009,ALL,1,0,3,4
2022-09-02T01:30:00-00:00,2022-09-02T01:45:00-00:00,2022-09-01,19,BLLEHVN_6_N009,BLLEHVN_6_N009,BLLEHVN_6_N009,RTPD,MCL,LMP_LOSS_PRC,BLLEHVN_6_N009,ALL,1,0,3,4
2022-09-02T02:30:00-00:00,2022-09-02T02:45:00-00:00,2022-09-01,20,BLLEHVN_6_N009,BLLEHVN_6_N009,BLLEHVN_6_N009,RTPD,MCL,LMP_LOSS_PRC,BLLEHVN_6_N009,ALL,1,0,3,4
2022-09-02T03:30:00-00:00,2022-09-02T03:45:00-00:00,2022-09-01,21,BLLEHVN_6_N009,BLLEHVN_6_N009,BLLEHVN_6_N009,RTPD,MCL,LMP_LOSS_PRC,BLLEHVN_6_N009,ALL,1,15.06009,3,4
2022-09-02T04:30:00-00:00,2022-09-02T04:45:00-00:00,2022-09-01,22,BLLEHVN_6_N009,BLLEHVN_6_N009,BLLEHVN_6_N009,RTPD,MCL,LMP_LOSS_PRC,BLLEHVN_6_N009,ALL,1,8.92551,3,4
2022-09-02T05:30:00-00:00,2022-09-02T05:45:00-00:00,2022-09-01,23,BLLEHVN_6_N009,BLLEHVN_6_N009,BLLEHVN_6_N009,RTPD,MCL,LMP_LOSS_PRC,BLLEHVN_6_N009,ALL,1,6.30839,3,4
2022-09-02T06:30:00-00:00,2022-09-02T06:45:00-00:00,2022-09-01,24,BLLEHVN_6_N009,BLLEHVN_6_N009,BLLEHVN_6_N009,RTPD,MCL,LMP_LOSS_PRC,BLLEHVN_6_N009,ALL,1,5.68833,3,4
2022-09-01T07:45:00-00:00,2022-09-01T08:00:00-00:00,2022-09-01,01,BLLEHVN_6_N009,BLLEHVN_6_N009,BLLEHVN_6_N009,RTPD,MCL,LMP_LOSS_PRC,BLLEHVN_6_N009,ALL,1,0,4,4
2022-09-01T08:45:00-00:00,2022-09-01T09:00:00-00:00,2022-09-01,02,BLLEHVN_6_N009,BLLEHVN_6_N009,BLLEHVN_6_N009,RTPD,MCL,LMP_LOSS_PRC,BLLEHVN_6_N009,ALL,1,3.35701,4,4
2022-09-01T09:45:00-00:00,2022-09-01T10:00:00-00:00,2022-09-01,03,BLLEHVN_6_N009,BLLEHVN_6_N009,BLLEHVN_6_N009,RTPD,MCL,LMP_LOSS_PRC,BLLEHVN_6_N009,ALL,1,3.08115,4,4
2022-09-01T10:45:00-00:00,2022-09-01T11:00:00-00:00,2022-09-01,04,BLLEHVN_6_N009,BLLEHVN_6_N009,BLLEHVN_6_N009,RTPD,MCL,LMP_LOSS_PRC,BLLEHVN_6_N009,ALL,1,3.50463,4,4
2022-09-01T11:45:00-00:00,2022-09-01T12:00:00-00:00,2022-09-01,05,BLLEHVN_6_N009,BLLEHVN_6_N009,BLLEHVN_6_N009,RTPD,MCL,LMP_LOSS_PRC,BLLEHVN_6_N009,ALL,1,0,4,4
2022-09-01T12:45:00-00:00,2022-09-01T13:00:00-00:00,2022-09-01,06,BLLEHVN_6_N009,BLLEHVN_6_N009,BLLEHVN_6_N009,RTPD,MCL,LMP_LOSS_PRC,BLLEHVN_6_N009,ALL,1,0,4,4
2022-09-01T13:45:00-00:00,2022-09-01T14:00:00-00:00,2022-09-01,07,BLLEHVN_6_N009,BLLEHVN_6_N009,BLLEHVN_6_N009,RTPD,MCL,LMP_LOSS_PRC,BLLEHVN_6_N009,ALL,1,0,4,4
2022-09-01T14:45:00-00:00,2022-09-01T15:00:00-00:00,2022-09-01,08,BLLEHVN_6_N009,BLLEHVN_6_N009,BLLEHVN_6_N009,RTPD,MCL,LMP_LOSS_PRC,BLLEHVN_6_N009,ALL,1,0,4,4
2022-09-01T15:45:00-00:00,2022-09-01T16:00:00-00:00,2022-09-01,09,BLLEHVN_6_N009,BLLEHVN_6_N009,BLLEHVN_6_N009,RTPD,MCL,LMP_LOSS_PRC,BLLEHVN_6_N009,ALL,1,0,4,4
2022-09-01T16:45:00-00:00,2022-09-01T17:00:00-00:00,2022-09-01,10,BLLEHVN_6_N009,BLLEHVN_6_N009,BLLEHVN_6_N009,RTPD,MCL,LMP_LOSS_PRC,BLLEHVN_6_N009,ALL,1,0,4,4
2022-09-01T17:45:00-00:00,2022-09-01T18:00:00-00:00,2022-09-01,11,BLLEHVN_6_N009,BLLEHVN_6_N009,BLLEHVN_6_N009,RTPD,MCL,LMP_LOSS_PRC,BLLEHVN_6_N009,ALL,1,0,4,4
2022-09-01T18:45:00-00:00,2022-09-01T19:00:00-00:00,2022-09-01,12,BLLEHVN_6_N009,BLLEHVN_6_N009,BLLEHVN_6_N009,RTPD,MCL,LMP_LOSS_PRC,BLLEHVN_6_N009,ALL,1,0,4,4
2022-09-01T19:45:00-00:00,2022-09-01T20:00:00-00:00,2022-09-01,13,BLLEHVN_6_N009,BLLEHVN_6_N009,BLLEHVN_6_N009,RTPD,MCL,LMP_LOSS_PRC,BLLEHVN_6_N009,ALL,1,0,4,4
2022-09-01T20:45:00-00:00,2022-09-01T21:00:00-00:00,2022-09-01,14,BLLEHVN_6_N009,BLLEHVN_6_N009,BLLEHVN_6_N009,RTPD,MCL,LMP_LOSS_PRC,BLLEHVN_6_N009,ALL,1,0,4,4
2022-09-01T21:45:00-00:00,2022-09-01T22:00:00-00:00,2022-09-01,15,BLLEHVN_6_N009,BLLEHVN_6_N009,BLLEHVN_6_N009,RTPD,MCL,LMP_LOSS_PRC,BLLEHVN_6_N009,ALL,1,0,4,4
2022-09-01T22:45:00-00:00,2022-09-01T23:00:00-00:00,2022-09-01,16,BLLEHVN_6_N009,BLLEHVN_6_N009,BLLEHVN_6_N009,RTPD,MCL,LMP_LOSS_PRC,BLLEHVN_6_N009,ALL,1,0,4,4
2022-09-01T23:45:00-00:00,2022-09-02T00:00:00-00:00,2022-09-01,17,BLLEHVN_6_N009,BLLEHVN_6_N009,BLLEHVN_6_N009,RTPD,MCL,LMP_LOSS_PRC,BLLEHVN_6_N009,ALL,1,0,4,4
2022-09-02T00:45:00-00:00,2022-09-02T01:00:00-00:00,2022-09-01,18,BLLEHVN_6_N009,BLLEHVN_6_N009,BLLEHVN_6_N009,RTPD,MCL,LMP_LOSS_PRC,BLLEHVN_6_N009,ALL,1,0,4,4
2022-09-02T01:45:00-00:00,2022-09-02T02:00:00-00:00,2022-09-01,19,BLLEHVN_6_N009,BLLEHVN_6_N009,BLLEHVN_6_N009,RTPD,MCL,LMP_LOSS_PRC,BLLEHVN_6_N009,ALL,1,0,4,4
2022-09-02T02:45:00-00:00,2022-09-02T03:00:00-00:00,2022-09-01,20,BLLEHVN_6_N009,BLLEHVN_6_N009,BLLEHVN_6_N009,RTPD,MCL,LMP_LOSS_PRC,BLLEHVN_6_N009,ALL,1,153.51033,4,4
2022-09-02T03:45:00-00:00,2022-09-02T04:00:00-00:00,2022-09-01,21,BLLEHVN_6_N009,BLLEHVN_6_N009,BLLEHVN_6_N009,RTPD,MCL,LMP_LOSS_PRC,BLLEHVN_6_N009,ALL,1,9.95016,4,4
2022-09-02T04:45:00-00:00,2022-09-02T05:00:00-00:00,2022-09-01,22,BLLEHVN_6_N009,BLLEHVN_6_N009,BLLEHVN_6_N009,RTPD,MCL,LMP_LOSS_PRC,BLLEHVN_6_N009,ALL,1,6.31283,4,4
2022-09-02T05:45:00-00:00,2022-09-02T06:00:00-00:00,2022-09-01,23,BLLEHVN_6_N009,BLLEHVN_6_N009,BLLEHVN_6_N009,RTPD,MCL,LMP_LOSS_PRC,BLLEHVN_6_N009,ALL,1,5.46254,4,4
2022-09-02T06:45:00-00:00,2022-09-02T07:00:00-00:00,2022-09-01,24,BLLEHVN_6_N009,BLLEHVN_6_N009,BLLEHVN_6_N009,RTPD,MCL,LMP_LOSS_PRC,BLLEHVN_6_N009,ALL,1,5.00151,4,4
2022-09-01T07:00:00-00:00,2022-09-01T07:15:00-00:00,2022-09-01,01,BLLEHVN_6_N009,BLLEHVN_6_N009,BLLEHVN_6_N009,RTPD,MGHG,LMP_GHG_PRC,BLLEHVN_6_N009,ALL,1,0,1,5
2022-09-01T08:00:00-00:00,2022-09-01T08:15:00-00:00,2022-09-01,02,BLLEHVN_6_N009,BLLEHVN_6_N009,BLLEHVN_6_N009,RTPD,MGHG,LMP_GHG_PRC,BLLEHVN_6_N009,ALL,1,0,1,5
2022-09-01T09:00:00-00:00,2022-09-01T09:15:00-00:00,2022-09-01,03,BLLEHVN_6_N009,BLLEHVN_6_N009,BLLEHVN_6_N009,RTPD,MGHG,LMP_GHG_PRC,BLLEHVN_6_N009,ALL,1,0,1,5
2022-09-01T10:00:00-00:00,2022-09-01T10:15:00-00:00,2022-09-01,04,BLLEHVN_6_N009,BLLEHVN_6_N009,BLLEHVN_6_N009,RTPD,MGHG,LMP_GHG_PRC,BLLEHVN_6_N009,ALL,1,0,1,5
2022-09-01T11:00:00-00:00,2022-09-01T11:15:00-00:00,2022-09-01,05,BLLEHVN_6_N009,BLLEHVN_6_N009,BLLEHVN_6_N009,RTPD,MGHG,LMP_GHG_PRC,BLLEHVN_6_N009,ALL,1,0,1,5
2022-09-01T12:00:00-00:00,2022-09-01T12:15:00-00:00,2022-09-01,06,BLLEHVN_6_N009,BLLEHVN_6_N009,BLLEHVN_6_N009,RTPD,MGHG,LMP_GHG_PRC,BLLEHVN_6_N009,ALL,1,0,1,5
2022-09-01T13:00:00-00:00,2022-09-01T13:15:00-00:00,2022-09-01,07,BLLEHVN_6_N009,BLLEHVN_6_N009,BLLEHVN_6_N009,RTPD,MGHG,LMP_GHG_PRC,BLLEHVN_6_N009,ALL,1,0,1,5
2022-09-01T14:00:00-00:00,2022-09-01T14:15:00-00:00,2022-09-01,08,BLLEHVN_6_N009,BLLEHVN_6_N009,BLLEHVN_6_N009,RTPD,MGHG,LMP_GHG_PRC,BLLEHVN_6_N009,ALL,1,0,1,5
2022-09-01T15:00:00-00:00,2022-09-01T15:15:00-00:00,2022-09-01,09,BLLEHVN_6_N009,BLLEHVN_6_N009,BLLEHVN_6_N009,RTPD,MGHG,LMP_GHG_PRC,BLLEHVN_6_N009,ALL,1,0,1,5
2022-09-01T16:00:00-00:00,2022-09-01T16:15:00-00:00,2022-09-01,10,BLLEHVN_6_N009,BLLEHVN_6_N009,BLLEHVN_6_N009,RTPD,MGHG,LMP_GHG_PRC,BLLEHVN_6_N009,ALL,1,0,1,5
2022-09-01T17:00:00-00:00,2022-09-01T17:15:00-00:00,2022-09-01,11,BLLEHVN_6_N009,BLLEHVN_6_N009,BLLEHVN_6_N009,RTPD,MGHG,LMP_GHG_PRC,BLLEHVN_6_N009,ALL,1,0,1,5
2022-09-01T18:00:00-00:00,2022-09-01T18:15:00-00:00,2022-09-01,12,BLLEHVN_6_N009,BLLEHVN_6_N009,BLLEHVN_6_N009,RTPD,MGHG,LMP_GHG_PRC,BLLEHVN_6_N009,ALL,1,0,1,5
2022-09-01T19:00:00-00:00,2022-09-01T19:15:00-00:00,2022-09-01,13,BLLEHVN_6_N009,BLLEHVN_6_N009,BLLEHVN_6_N009,RTPD,MGHG,LMP_GHG_PRC,BLLEHVN_6_N009,ALL,1,0,1,5
2022-09-01T20:00:00-00:00,2022-09-01T20:15:00-00:00,2022-09-01,14,BLLEHVN_6_N009,BLLEHVN_6_N009,BLLEHVN_6_N009,RTPD,MGHG,LMP_GHG_PRC,BLLEHVN_6_N009,ALL,1,0,1,5
2022-09-01T21:00:00-00:00,2022-09-01T21:15:00-00:00,2022-09-01,15,BLLEHVN_6_N009,BLLEHVN_6_N009,BLLEHVN_6_N009,RTPD,MGHG,LMP_GHG_PRC,BLLEHVN_6_N009,ALL,1,0,1,5
2022-09-01T22:00:00-00:00,2022-09-01T22:15:00-00:00,2022-09-01,16,BLLEHVN_6_N009,BLLEHVN_6_N009,BLLEHVN_6_N009,RTPD,MGHG,LMP_GHG_PRC,BLLEHVN_6_N009,ALL,1,0,1,5
2022-09-01T23:00:00-00:00,2022-09-01T23:15:00-00:00,2022-09-01,17,BLLEHVN_6_N009,BLLEHVN_6_N009,BLLEHVN_6_N009,RTPD,MGHG,LMP_GHG_PRC,BLLEHVN_6_N009,ALL,1,0,1,5
2022-09-02T00:00:00-00:00,2022-09-02T00:15:00-00:00,2022-09-01,18,BLLEHVN_6_N009,BLLEHVN_6_N009,BLLEHVN_6_N009,RTPD,MGHG,LMP_GHG_PRC,BLLEHVN_6_N009,ALL,1,0,1,5
2022-09-02T01:00:00-00:00,2022-09-02T01:15:00-00:00,2022-09-01,19,BLLEHVN_6_N009,BLLEHVN_6_N009,BLLEHVN_6_N009,RTPD,MGHG,LMP_GHG_PRC,BLLEHVN_6_N009,ALL,1,0,1,5
2022-09-02T02:00:00-00:00,2022-09-02T02:15:00-00:00,2022-09-01,20,BLLEHVN_6_N009,BLLEHVN_6_N009,BLLEHVN_6_N009,RTPD,MGHG,LMP_GHG_PRC,BLLEHVN_6_N009,ALL,1,0,1,5
2022-09-02T03:00:00-00:00,2022-09-02T03:15:00-00:00,2022-09-01,21,BLLEHVN_6_N009,BLLEHVN_6_N009,BLLEHVN_6_N009,RTPD,MGHG,LMP_GHG_PRC,BLLEHVN_6_N009,ALL,1,0,1,5
2022-09-02T04:00:00-00:00,2022-09-02T04:15:00-00:00,2022-09-01,22,BLLEHVN_6_N009,BLLEHVN_6_N009,BLLEHVN_6_N009,RTPD,MGHG,LMP_GHG_PRC,BLLEHVN_6_N009,ALL,1,0,1,5
2022-09-02T05:00:00-00:00,2022-09-02T05:15:00-00:00,2022-09-01,23,BLLEHVN_6_N009,BLLEHVN_6_N009,BLLEHVN_6_N009,RTPD,MGHG,LMP_GHG_PRC,BLLEHVN_6_N009,ALL,1,0,1,5
2022-09-02T06:00:00-00:00,2022-09-02T06:15:00-00:00,2022-09-01,24,BLLEHVN_6_N009,BLLEHVN_6_N009,BLLEHVN_6_N009,RTPD,MGHG,LMP_GHG_PRC,BLLEHVN_6_N009,ALL,1,0,1,5
2022-09-01T07:15:00-00:00,2022-09-01T07:30:00-00:00,2022-09-01,01,BLLEHVN_6_N009,BLLEHVN_6_N009,BLLEHVN_6_N009,RTPD,MGHG,LMP_GHG_PRC,BLLEHVN_6_N009,ALL,1,0,2,5
2022-09-01T08:15:00-00:00,2022-09-01T08:30:00-00:00,2022-09-01,02,BLLEHVN_6_N009,BLLEHVN_6_N009,BLLEHVN_6_N009,RTPD,MGHG,LMP_GHG_PRC,BLLEHVN_6_N009,ALL,1,0,2,5
2022-09-01T09:15:00-00:00,2022-09-01T09:30:00-00:00,2022-09-01,03,BLLEHVN_6_N009,BLLEHVN_6_N009,BLLEHVN_6_N009,RTPD,MGHG,LMP_GHG_PRC,BLLEHVN_6_N009,ALL,1,0,2,5
2022-09-01T10:15:00-00:00,2022-09-01T10:30:00-00:00,2022-09-01,04,BLLEHVN_6_N009,BLLEHVN_6_N009,BLLEHVN_6_N009,RTPD,MGHG,LMP_GHG_PRC,BLLEHVN_6_N009,ALL,1,0,2,5
2022-09-01T11:15:00-00:00,2022-09-01T11:30:00-00:00,2022-09-01,05,BLLEHVN_6_N009,BLLEHVN_6_N009,BLLEHVN_6_N009,RTPD,MGHG,LMP_GHG_PRC,BLLEHVN_6_N009,ALL,1,0,2,5
2022-09-01T12:15:00-00:00,2022-09-01T12:30:00-00:00,2022-09-01,06,BLLEHVN_6_N009,BLLEHVN_6_N009,BLLEHVN_6_N009,RTPD,MGHG,LMP_GHG_PRC,BLLEHVN_6_N009,ALL,1,0,2,5
2022-09-01T13:15:00-00:00,2022-09-01T13:30:00-00:00,2022-09-01,07,BLLEHVN_6_N009,BLLEHVN_6_N009,BLLEHVN_6_N009,RTPD,MGHG,LMP_GHG_PRC,BLLEHVN_6_N009,ALL,1,0,2,5
2022-09-01T14:15:00-00:00,2022-09-01T14:30:00-00:00,2022-09-01,08,BLLEHVN_6_N009,BLLEHVN_6_N009,BLLEHVN_6_N009,RTPD,MGHG,LMP_GHG_PRC,BLLEHVN_6_N009,ALL,1,0,2,5
2022-09-01T15:15:00-00:00,2022-09-01T15:30:00-00:00,2022-09-01,09,BLLEHVN_6_N009,BLLEHVN_6_N009,BLLEHVN_6_N009,RTPD,MGHG,LMP_GHG_PRC,BLLEHVN_6_N009,ALL,1,0,2,5
2022-09-01T16:15:00-00:00,2022-09-01T16:30:00-00:00,2022-09-01,10,BLLEHVN_6_N009,BLLEHVN_6_N009,BLLEHVN_6_N009,RTPD,MGHG,LMP_GHG_PRC,BLLEHVN_6_N009,ALL,1,0,2,5
2022-09-01T17:15:00-00:00,2022-09-01T17:30:00-00:00,2022-09-01,11,BLLEHVN_6_N009,BLLEHVN_6_N009,BLLEHVN_6_N009,RTPD,MGHG,LMP_GHG_PRC,BLLEHVN_6_N009,ALL,1,0,2,5
2022-09-01T18:15:00-00:00,2022-09-01T18:30:00-00:00,2022-09-01,12,BLLEHVN_6_N009,BLLEHVN_6_N009,BLLEHVN_6_N009,RTPD,MGHG,LMP_GHG_PRC,BLLEHVN_6_N009,ALL,1,0,2,5
2022-09-01T19:15:00-00:00,2022-09-01T19:30:00-00:00,2022-09-01,13,BLLEHVN_6_N009,BLLEHVN_6_N009,BLLEHVN_6_N009,RTPD,MGHG,LMP_GHG_PRC,BLLEHVN_6_N009,ALL,1,0,2,5
2022-09-01T20:15:00-00:00,2022-09-01T20:30:00-00:00,2022-09-01,14,BLLEHVN_6_N009,BLLEHVN_6_N009,BLLEHVN_6_N009,RTPD,MGHG,LMP_GHG_PRC,BLLEHVN_6_N009,ALL,1,0,2,5
2022-09-01T21:15:00-00:00,2022-09-01T21:30:00-00:00,2022-09-01,15,BLLEHVN_6_N009,BLLEHVN_6_N009,BLLEHVN_6_N009,RTPD,MGHG,LMP_GHG_PRC,BLLEHVN_6_N009,ALL,1,0,2,5
2022-09-01T22:15:00-00:00,2022-09-01T22:30:00-00:00,2022-09-01,16,BLLEHVN_6_N009,BLLEHVN_6_N009,BLLEHVN_6_N009,RTPD,MGHG,LMP_GHG_PRC,BLLEHVN_6_N009,ALL,1,0,2,5
2022-09-01T23:15:00-00:00,2022-09-01T23:30:00-00:00,2022-09-01,17,BLLEHVN_6_N009,BLLEHVN_6_N009,BLLEHVN_6_N009,RTPD,MGHG,LMP_GHG_PRC,BLLEHVN_6_N009,ALL,1,0,2,5
2022-09-02T00:15:00-00:00,2022-09-02T00:30:00-00:00,2022-09-01,18,BLLEHVN_6_N009,BLLEHVN_6_N009,BLLEHVN_6_N009,RTPD,MGHG,LMP_GHG_PRC,BLLEHVN_6_N009,ALL,1,0,2,5
2022-09-02T01:15:00-00:00,2022-09-02T01:30:00-00:00,2022-09-01,19,BLLEHVN_6_N009,BLLEHVN_6_N009,BLLEHVN_6_N009,RTPD,MGHG,LMP_GHG_PRC,BLLEHVN_6_N009,ALL,1,0,2,5
2022-09-02T02:15:00-00:00,2022-09-02T02:30:00-00:00,2022-09-01,20,BLLEHVN_6_N009,BLLEHVN_6_N009,BLLEHVN_6_N009,RTPD,MGHG,LMP_GHG_PRC,BLLEHVN_6_N009,ALL,1,0,2,5
2022-09-02T03:15:00-00:00,2022-09-02T03:30:00-00:00,2022-09-01,21,BLLEHVN_6_N009,BLLEHVN_6_N009,BLLEHVN_6_N009,RTPD,MGHG,LMP_GHG_PRC,BLLEHVN_6_N009,ALL,1,0,2,5
2022-09-02T04:15:00-00:00,2022-09-02T04:30:00-00:00,2022-09-01,22,BLLEHVN_6_N009,BLLEHVN_6_N009,BLLEHVN_6_N009,RTPD,MGHG,LMP_GHG_PRC,BLLEHVN_6_N009,ALL,1,0,2,5
2022-09-02T05:15:00-00:00,2022-09-02T05:30:00-00:00,2022-09-01,23,BLLEHVN_6_N009,BLLEHVN_6_N009,BLLEHVN_6_N009,RTPD,MGHG,LMP_GHG_PRC,BLLEHVN_6_N009,ALL,1,0,2,5
2022-09-02T06:15:00-00:00,2022-09-02T06:30:00-00:00,2022-09-01,24,BLLEHVN_6_N009,BLLEHVN_6_N009,BLLEHVN_6_N009,RTPD,MGHG,LMP_GHG_PRC,BLLEHVN_6_N009,ALL,1,0,2,5
2022-09-01T07:30:00-00:00,2022-09-01T07:45:00-00:00,2022-09-01,01,BLLEHVN_6_N009,BLLEHVN_6_N009,BLLEHVN_6_N009,RTPD,MGHG,LMP_GHG_PRC,BLLEHVN_6_N009,ALL,1,0,3,5
2022-09-01T08:30:00-00:00,2022-09-01T08:45:00-00:00,2022-09-01,02,BLLEHVN_6_N009,BLLEHVN_6_N009,BLLEHVN_6_N009,RTPD,MGHG,LMP_GHG_PRC,BLLEHVN_6_N009,ALL,1,0,3,5
2022-09-01T09:30:00-00:00,2022-09-01T09:45:00-00:00,2022-09-01,03,BLLEHVN_6_N009,BLLEHVN_6_N009,BLLEHVN_6_N009,RTPD,MGHG,LMP_GHG_PRC,BLLEHVN_6_N009,ALL,1,0,3,5
2022-09-01T10:30:00-00:00,2022-09-01T10:45:00-00:00,2022-09-01,04,BLLEHVN_6_N009,BLLEHVN_6_N009,BLLEHVN_6_N009,RTPD,MGHG,LMP_GHG_PRC,BLLEHVN_6_N009,ALL,1,0,3,5
2022-09-01T11:30:00-00:00,2022-09-01T11:45:00-00:00,2022-09-01,05,BLLEHVN_6_N009,BLLEHVN_6_N009,BLLEHVN_6_N009,RTPD,MGHG,LMP_GHG_PRC,BLLEHVN_6_N009,ALL,1,0,3,5
2022-09-01T12:30:00-00:00,2022-09-01T12:45:00-00:00,2022-09-01,06,BLLEHVN_6_N009,BLLEHVN_6_N009,BLLEHVN_6_N009,RTPD,MGHG,LMP_GHG_PRC,BLLEHVN_6_N009,ALL,1,0,3,5
2022-09-01T13:30:00-00:00,2022-09-01T13:45:00-00:00,2022-09-01,07,BLLEHVN_6_N009,BLLEHVN_6_N009,BLLEHVN_6_N009,RTPD,MGHG,LMP_GHG_PRC,BLLEHVN_6_N009,ALL,1,0,3,5
2022-09-01T14:30:00-00:00,2022-09-01T14:45:00-00:00,2022-09-01,08,BLLEHVN_6_N009,BLLEHVN_6_N009,BLLEHVN_6_N009,RTPD,MGHG,LMP_GHG_PRC,BLLEHVN_6_N009,ALL,1,0,3,5
2022-09-01T15:30:00-00:00,2022-09-01T15:45:00-00:00,2022-09-01,09,BLLEHVN_6_N009,BLLEHVN_6_N009,BLLEHVN_6_N009,RTPD,MGHG,LMP_GHG_PRC,BLLEHVN_6_N009,ALL,1,0,3,5
2022-09-01T16:30:00-00:00,2022-09-01T16:45:00-00:00,2022-09-01,10,BLLEHVN_6_N009,BLLEHVN_6_N009,BLLEHVN_6_N009,RTPD,MGHG,LMP_GHG_PRC,BLLEHVN_6_N009,ALL,1,0,3,5
2022-09-01T17:30:00-00:00,2022-09-01T17:45:00-00:00,2022-09-01,11,BLLEHVN_6_N009,BLLEHVN_6_N009,BLLEHVN_6_N009,RTPD,MGHG,LMP_GHG_PRC,BLLEHVN_6_N009,ALL,1,0,3,5
2022-09-01T18:30:00-00:00,2022-09-01T18:45:00-00:00,2022-09-01,12,BLLEHVN_6_N009,BLLEHVN_6_N009,BLLEHVN_6_N009,RTPD,MGHG,LMP_GHG_PRC,BLLEHVN_6_N009,ALL,1,0,3,5
2022-09-01T19:30:00-00:00,2022-09-01T19:45:00-00:00,2022-09-01,13,BLLEHVN_6_N009,BLLEHVN_6_N009,BLLEHVN_6_N009,RTPD,MGHG,LMP_GHG_PRC,BLLEHVN_6_N009,ALL,1,0,3,5
2022-09-01T20:30:00-00:00,2022-09-01T20:45:00-00:00,2022-09-01,14,BLLEHVN_6_N009,BLLEHVN_6_N009,BLLEHVN_6_N009,RTPD,MGHG,LMP_GHG_PRC,BLLEHVN_6_N009,ALL,1,0,3,5
2022-09-01T21:30:00-00:00,2022-09-01T21:45:00-00:00,2022-09-01,15,BLLEHVN_6_N009,BLLEHVN_6_N009,BLLEHVN_6_N009,RTPD,MGHG,LMP_GHG_PRC,BLLEHVN_6_N009,ALL,1,0,3,5
2022-09-01T22:30:00-00:00,2022-09-01T22:45:00-00:00,2022-09-01,16,BLLEHVN_6_N009,BLLEHVN_6_N009,BLLEHVN_6_N009,RTPD,MGHG,LMP_GHG_PRC,BLLEHVN_6_N009,ALL,1,0,3,5
2022-09-01T23:30:00-00:00,2022-09-01T23:45:00-00:00,2022-09-01,17,BLLEHVN_6_N009,BLLEHVN_6_N009,BLLEHVN_6_N009,RTPD,MGHG,LMP_GHG_PRC,BLLEHVN_6_N009,ALL,1,0,3,5
2022-09-02T00:30:00-00:00,2022-09-02T00:45:00-00:00,2022-09-01,18,BLLEHVN_6_N009,BLLEHVN_6_N009,BLLEHVN_6_N009,RTPD,MGHG,LMP_GHG_PRC,BLLEHVN_6_N009,ALL,1,0,3,5
2022-09-02T01:30:00-00:00,2022-09-02T01:45:00-00:00,2022-09-01,19,BLLEHVN_6_N009,BLLEHVN_6_N009,BLLEHVN_6_N009,RTPD,MGHG,LMP_GHG_PRC,BLLEHVN_6_N009,ALL,1,0,3,5
2022-09-02T02:30:00-00:00,2022-09-02T02:45:00-00:00,2022-09-01,20,BLLEHVN_6_N009,BLLEHVN_6_N009,BLLEHVN_6_N009,RTPD,MGHG,LMP_GHG_PRC,BLLEHVN_6_N009,ALL,1,0,3,5
2022-09-02T03:30:00-00:00,2022-09-02T03:45:00-00:00,2022-09-01,21,BLLEHVN_6_N009,BLLEHVN_6_N009,BLLEHVN_6_N009,RTPD,MGHG,LMP_GHG_PRC,BLLEHVN_6_N009,ALL,1,0,3,5
2022-09-02T04:30:00-00:00,2022-09-02T04:45:00-00:00,2022-09-01,22,BLLEHVN_6_N009,BLLEHVN_6_N009,BLLEHVN_6_N009,RTPD,MGHG,LMP_GHG_PRC,BLLEHVN_6_N009,ALL,1,0,3,5
2022-09-02T05:30:00-00:00,2022-09-02T05:45:00-00:00,2022-09-01,23,BLLEHVN_6_N009,BLLEHVN_6_N009,BLLEHVN_6_N009,RTPD,MGHG,LMP_GHG_PRC,BLLEHVN_6_N009,ALL,1,0,3,5
2022-09-02T06:30:00-00:00,2022-09-02T06:45:00-00:00,2022-09-01,24,BLLEHVN_6_N009,BLLEHVN_6_N009,BLLEHVN_6_N009,RTPD,MGHG,LMP_GHG_PRC,BLLEHVN_6_N009,ALL,1,0,3,5
2022-09-01T07:45:00-00:00,2022-09-01T08:00:00-00:00,2022-09-01,01,BLLEHVN_6_N009,BLLEHVN_6_N009,BLLEHVN_6_N009,RTPD,MGHG,LMP_GHG_PRC,BLLEHVN_6_N009,ALL,1,0,4,5
2022-09-01T08:45:00-00:00,2022-09-01T09:00:00-00:00,2022-09-01,02,BLLEHVN_6_N009,BLLEHVN_6_N009,BLLEHVN_6_N009,RTPD,MGHG,LMP_GHG_PRC,BLLEHVN_6_N009,ALL,1,0,4,5
2022-09-01T09:45:00-00:00,2022-09-01T10:00:00-00:00,2022-09-01,03,BLLEHVN_6_N009,BLLEHVN_6_N009,BLLEHVN_6_N009,RTPD,MGHG,LMP_GHG_PRC,BLLEHVN_6_N009,ALL,1,0,4,5
2022-09-01T10:45:00-00:00,2022-09-01T11:00:00-00:00,2022-09-01,04,BLLEHVN_6_N009,BLLEHVN_6_N009,BLLEHVN_6_N009,RTPD,MGHG,LMP_GHG_PRC,BLLEHVN_6_N009,ALL,1,0,4,5
2022-09-01T11:45:00-00:00,2022-09-01T12:00:00-00:00,2022-09-01,05,BLLEHVN_6_N009,BLLEHVN_6_N009,BLLEHVN_6_N009,RTPD,MGHG,LMP_GHG_PRC,BLLEHVN_6_N009,ALL,1,0,4,5
2022-09-01T12:45:00-00:00,2022-09-01T13:00:00-00:00,2022-09-01,06,BLLEHVN_6_N009,BLLEHVN_6_N009,BLLEHVN_6_N009,RTPD,MGHG,LMP_GHG_PRC,BLLEHVN_6_N009,ALL,1,0,4,5
2022-09-01T13:45:00-00:00,2022-09-01T14:00:00-00:00,2022-09-01,07,BLLEHVN_6_N009,BLLEHVN_6_N009,BLLEHVN_6_N009,RTPD,MGHG,LMP_GHG_PRC,BLLEHVN_6_N009,ALL,1,0,4,5
2022-09-01T14:45:00-00:00,2022-09-01T15:00:00-00:00,2022-09-01,08,BLLEHVN_6_N009,BLLEHVN_6_N009,BLLEHVN_6_N009,RTPD,MGHG,LMP_GHG_PRC,BLLEHVN_6_N009,ALL,1,0,4,5
2022-09-01T15:45:00-00:00,2022-09-01T16:00:00-00:00,2022-09-01,09,BLLEHVN_6_N009,BLLEHVN_6_N009,BLLEHVN_6_N009,RTPD,MGHG,LMP_GHG_PRC,BLLEHVN_6_N009,ALL,1,0,4,5
2022-09-01T16:45:00-00:00,2022-09-01T17:00:00-00:00,2022-09-01,10,BLLEHVN_6_N009,BLLEHVN_6_N009,BLLEHVN_6_N009,RTPD,MGHG,LMP_GHG_PRC,BLLEHVN_6_N009,ALL,1,0,4,5
2022-09-01T17:45:00-00:00,2022-09-01T18:00:00-00:00,2022-09-01,11,BLLEHVN_6_N009,BLLEHVN_6_N009,BLLEHVN_6_N009,RTPD,MGHG,LMP_GHG_PRC,BLLEHVN_6_N009,ALL,1,0,4,5
2022-09-01T18:45:00-00:00,2022-09-01T19:00:00-00:00,2022-09-01,12,BLLEHVN_6_N009,BLLEHVN_6_N009,BLLEHVN_6_N009,RTPD,MGHG,LMP_GHG_PRC,BLLEHVN_6_N009,ALL,1,0,4,5
2022-09-01T19:45:00-00:00,2022-09-01T20:00:00-00:00,2022-09-01,13,BLLEHVN_6_N009,BLLEHVN_6_N009,BLLEHVN_6_N009,RTPD,MGHG,LMP_GHG_PRC,BLLEHVN_6_N009,ALL,1,0,4,5
2022-09-01T20:45:00-00:00,2022-09-01T21:00:00-00:00,2022-09-01,14,BLLEHVN_6_N009,BLLEHVN_6_N009,BLLEHVN_6_N009,RTPD,MGHG,LMP_GHG_PRC,BLLEHVN_6_N009,ALL,1,0,4,5
2022-09-01T21:45:00-00:00,2022-09-01T22:00:00-00:00,2022-09-01,15,BLLEHVN_6_N009,BLLEHVN_6_N009,BLLEHVN_6_N009,RTPD,MGHG,LMP_GHG_PRC,BLLEHVN_6_N009,ALL,1,0,4,5
2022-09-01T22:45:00-00:00,2022-09-01T23:00:00-00:00,2022-09-01,16,BLLEHVN_6_N009,BLLEHVN_6_N009,BLLEHVN_6_N009,RTPD,MGHG,LMP_GHG_PRC,BLLEHVN_6_N009,ALL,1,0,4,5
2022-09-01T23:45:00-00:00,2022-09-02T00:00:00-00:00,2022-09-01,17,BLLEHVN_6_N009,BLLEHVN_6_N009,BLLEHVN_6_N009,RTPD,MGHG,LMP_GHG_PRC,BLLEHVN_6_N009,ALL,1,0,4,5
2022-09-02T00:45:00-00:00,2022-09-02T01:00:00-00:00,2022-09-01,18,BLLEHVN_6_N009,BLLEHVN_6_N009,BLLEHVN_6_N009,RTPD,MGHG,LMP_GHG_PRC,BLLEHVN_6_N009,ALL,1,0,4,5
2022-09-02T01:45:00-00:00,2022-09-02T02:00:00-00:00,2022-09-01,19,BLLEHVN_6_N009,BLLEHVN_6_N009,BLLEHVN_6_N009,RTPD,MGHG,LMP_GHG_PRC,BLLEHVN_6_N009,ALL,1,0,4,5
2022-09-02T02:45:00-00:00,2022-09-02T03:00:00-00:00,2022-09-01,20,BLLEHVN_6_N009,BLLEHVN_6_N009,BLLEHVN_6_N009,RTPD,MGHG,LMP_GHG_PRC,BLLEHVN_6_N009,ALL,1,0,4,5
2022-09-02T03:45:00-00:00,2022-09-02T04:00:00-00:00,2022-09-01,21,BLLEHVN_6_N009,BLLEHVN_6_N009,BLLEHVN_6_N009,RTPD,MGHG,LMP_GHG_PRC,BLLEHVN_6_N009,ALL,1,0,4,5
2022-09-02T04:45:00-00:00,2022-09-02T05:00:00-00:00,2022-09-01,22,BLLEHVN_6_N009,BLLEHVN_6_N009,BLLEHVN_6_N009,RTPD,MGHG,LMP_GHG_PRC,BLLEHVN_6_N009,ALL,1,0,4,5
2022-09-02T05:45:00-00:00,2022-09-02T06:00:00-00:00,2022-09-01,23,BLLEHVN_6_N009,BLLEHVN_6_N009,BLLEHVN_6_N009,RTPD,MGHG,LMP_GHG_PRC,BLLEHVN_6_N009,ALL,1,0,4,5
2022-09-02T06:45:00-00:00,2022-09-02T07:00:00-00:00,2022-09-01,24,BLLEHVN_6_N009,BLLEHVN_6_N009,BLLEHVN_6_N009,RTPD,MGHG,LMP_GHG_PRC,BLLEHVN_6_N009,ALL,1,0,4,5
