INTERVALSTARTTIME_GMT,INTERVALENDTIME_GMT,OPR_DT,OPR_HR,NODE_ID_XML,NODE_ID,NODE,MARKET_RUN_ID,LMP_TYPE,XML_DATA_ITEM,PNODE_RESMRID,GRP_TYPE,POS,PRC,OPR_INTERVAL,GROUP
2022-09-01T07:00:00-00:00,2022-09-01T07:15:00-00:00,2022-09-01,01,NIMBUS_1_UNIT 2GNODE,NIMBUS_1_UNIT 2GNODE,NIMBUS_1_UNIT 2GNODE,RTPD,LMP,LMP_PRC,NIMBUS_1_UNIT 2GNODE,ALL,1,86.19072,1,1
2022-09-01T08:00:00-00:00,2022-09-01T08:15:00-00:00,2022-09-01,02,NIMBUS_1_UNIT 2GNODE,NIMBUS_1_UNIT 2GNODE,NIMBUS_1_UNIT 2GNODE,RTPD,LMP,LMP_PRC,NIMBUS_1_UNIT 2GNODE,ALL,1,112.28317,1,1
2022-09-01T09:00:00-00:00,2022-09-01T09:15:00-00:00,2022-09-01,03,NIMBUS_1_UNIT 2GNODE,NIMBUS_1_UNIT 2GNODE,NIMBUS_1_UNIT 2GNODE,RTPD,LMP,LMP_PRC,NIMBUS_1_UNIT 2GNODE,ALL,1,94.64653,1,1
2022-09-01T10:00:00-00:00,2022-09-01T10:15:00-00:00,2022-09-01,04,NIMBUS_1_UNIT 2GNODE,NIMBUS_1_UNIT 2GNODE,NIMBUS_1_UNIT 2GNODE,RTPD,LMP,LMP_PRC,NIMBUS_1_UNIT 2GNODE,ALL,1,94.34729,1,1
2022-09-01T11:00:00-00:00,2022-09-01T11:15:00-00:00,2022-09-01,05,NIMBUS_1_UNIT 2GNODE,NIMBUS_1_UNIT 2GNODE,NIMBUS_1_UNIT 2GNODE,RTPD,LMP,LMP_PRC,NIMBUS_1_UNIT 2GNODE,ALL,1,101.91334,1,1
2022-09-01T12:00:00-00:00,2022-09-01T12:15:00-00:00,2022-09-01,06,NIMBUS_1_UNIT 2GNODE,NIMBUS_1_UNIT 2GNODE,NIMBUS_1_UNIT 2GNODE,RTPD,LMP,LMP_PRC,NIMBUS_1_UNIT 2GNODE,ALL,1,85.80133,1,1
2022-09-01T13:00:00-00:00,2022-09-01T13:15:00-00:00,2022-09-01,07,NIMBUS_1_UNIT 2GNODE,NIMBUS_1_UNIT 2GNODE,NIMBUS_1_UNIT 2GNODE,RTPD,LMP,LMP_PRC,NIMBUS_1_UNIT 2GNODE,ALL,1,88.92816,1,1
2022-09-01T14:00:00-00:00,2022-09-01T14:15:00-00:00,2022-09-01,08,NIMBUS_1_UNIT 2GNODE,NIMBUS_1_UNIT 2GNODE,NIMBUS_1_UNIT 2GNODE,RTPD,LMP,LMP_PRC,NIMBUS_1_UNIT 2GNODE,ALL,1,111.96654,1,1
2022-09-01T15:00:00-00:00,2022-09-01T15:15:00-00:00,2022-09-01,09,NIMBUS_1_UNIT 2GNODE,NIMBUS_1_UNIT 2GNODE,NIMBUS_1_UNIT 2GNODE,RTPD,LMP,LMP_PRC,NIMBUS_1_UNIT 2GNODE,ALL,1,97.4124,1,1
2022-09-01T16:00:00-00:00,2022-09-01T16:15:00-00:00,2022-09-01,10,NIMBUS_1_UNIT 2GNODE,NIMBUS_1_UNIT 2GNODE,NIMBUS_1_UNIT 2GNODE,RTPD,LMP,LMP_PRC,NIMBUS_1_UNIT 2GNODE,ALL,1,83.43645,1,1
2022-09-01T17:00:00-00:00,2022-09-01T17:15:00-00:00,2022-09-01,11,NIMBUS_1_UNIT 2GNODE,NIMBUS_1_UNIT 2GNODE,NIMBUS_1_UNIT 2GNODE,RTPD,LMP,LMP_PRC,NIMBUS_1_UNIT 2GNODE,ALL,1,80.58359,1,1
2022-09-01T18:00:00-00:00,2022-09-01T18:15:00-00:00,2022-09-01,12,NIMBUS_1_UNIT 2GNODE,NIMBUS_1_UNIT 2GNODE,NIMBUS_1_UNIT 2GNODE,RTPD,LMP,LMP_PRC,NIMBUS_1_UNIT 2GNODE,ALL,1,59.80451,1,1
2022-09-01T19:00:00-00:00,2022-09-01T19:15:00-00:00,2022-09-01,13,NIMBUS_1_UNIT 2GNODE,NIMBUS_1_UNIT 2GNODE,NIMBUS_1_UNIT 2GNODE,RTPD,LMP,LMP_PRC,NIMBUS_1_UNIT 2GNODE,ALL,1,74.09786,1,1
2022-09-01T20:00:00-00:00,2022-09-01T20:15:00-00:00,2022-09-01,14,NIMBUS_1_UNIT 2GNODE,NIMBUS_1_UNIT 2GNODE,NIMBUS_1_UNIT 2GNODE,RTPD,LMP,LMP_PRC,NIMBUS_1_UNIT 2GNODE,ALL,1,114.49385,1,1
2022-09-01T21:00:00-00:00,2022-09-01T21:15:00-00:00,2022-09-01,15,NIMBUS_1_UNIT 2GNODE,NIMBUS_1_UNIT 2GNODE,NIMBUS_1_UNIT 2GNODE,RTPD,LMP,LMP_PRC,NIMBUS_1_UNIT 2GNODE,ALL,1,128.81229,1,1
2022-09-01T22:00:00-00:00,2022-09-01T22:15:00-00:00,2022-09-01,16,NIMBUS_1_UNIT 2GNODE,NIMBUS_1_UNIT 2GNODE,NIMBUS_1_UNIT 2GNODE,RTPD,LMP,LMP_PRC,NIMBUS_1_UNIT 2GNODE,ALL,1,122.85337,1,1
2022-09-01T23:00:00-00:00,2022-09-01T23:15:00-00:00,2022-09-01,17,NIMBUS_1_UNIT 2GNODE,NIMBUS_1_UNIT 2GNODE,NIMBUS_1_UNIT 2GNODE,RTPD,LMP,LMP_PRC,NIMBUS_1_UNIT 2GNODE,ALL,1,219.2342,1,1
2022-09-02T00:00:00-00:00,2022-09-02T00:15:00-00:00,2022-09-01,18,NIMBUS_1_UNIT 2GNODE,NIMBUS_1_UNIT 2GNODE,NIMBUS_1_UNIT 2GNODE,RTPD,LMP,LMP_PRC,NIMBUS_1_UNIT 2GNODE,ALL,1,1119.9316,1,1
2022-09-02T01:00:00-00:00,2022-09-02T01:15:00-00:00,2022-09-01,19,NIMBUS_1_UNIT 2GNODE,NIMBUS_1_UNIT 2GNODE,NIMBUS_1_UNIT 2GNODE,RTPD,LMP,LMP_PRC,NIMBUS_1_UNIT 2GNODE,ALL,1,1237.0961,1,1
2022-09-02T02:00:00-00:00,2022-09-02T02:15:00-00:00,2022-09-01,20,NIMBUS_1_UNIT 2GNODE,NIMBUS_1_UNIT 2GNODE,NIMBUS_1_UNIT 2GNODE,RTPD,LMP,LMP_PRC,NIMBUS_1_UNIT 2GNODE,ALL,1,1991.671,1,1
2022-09-02T03:00:00-00:00,2022-09-02T03:15:00-00:00,2022-09-01,21,NIMBUS_1_UNIT 2GNODE,NIMBUS_1_UNIT 2GNODE,NIMBUS_1_UNIT 2GNODE,RTPD,LMP,LMP_PRC,NIMBUS_1_UNIT 2GNODE,ALL,1,1298.603,1,1
2022-09-02T04:00:00-00:00,2022-09-02T04:15:00-00:00,2022-09-01,22,NIMBUS_1_UNIT 2GNODE,NIMBUS_1_UNIT 2GNODE,NIMBUS_1_UNIT 2GNODE,RTPD,LMP,LMP_PRC,NIMBUS_1_UNIT 2GNODE,ALL,1,263.21747,1,1
2022-09-02T05:00:00-00:00,2022-09-02T05:15:00-00:00,2022-09-01,23,NIMBUS_1_UNIT 2GNODE,NIMBUS_1_UNIT 2GNODE,NIMBUS_1_UNIT 2GNODE,RTPD,LMP,LMP_PRC,NIMBUS_1_UNIT 2GNODE,ALL,1,186.54623,1,1
2022-09-02T06:00:00-00:00,2022-09-02T06:15:00-00:00,2022-09-01,24,NIMBUS_1_UNIT 2GNODE,NIMBUS_1_UNIT 2GNODE,NIMBUS_1_UNIT 2GNODE,RTPD,LMP,LMP_PRC,NIMBUS_1_UNIT 2GNODE,ALL,1,160.34567,1,1
2022-09-01T07:15:00-00:00,2022-09-01T07:30:00-00:00,2022-09-01,01,NIMBUS_1_UNIT 2GNODE,NIMBUS_1_UNIT 2GNODE,NIMBUS_1_UNIT 2GNODE,RTPD,LMP,LMP_PRC,NIMBUS_1_UNIT 2GNODE,ALL,1,115.75621,2,1
2022-09-01T08:15:00-00:00,2022-09-01T08:30:00-00:00,2022-09-01,02,NIMBUS_1_UNIT 2GNODE,NIMBUS_1_UNIT 2GNODE,NIMBUS_1_UNIT 2GNODE,RTPD,LMP,LMP_PRC,NIMBUS_1_UNIT 2GNODE,ALL,1,114.64116,2,1
2022-09-01T09:15:00-00:00,2022-09-01T09:30:00-00:00,2022-09-01,03,NIMBUS_1_UNIT 2GNODE,NIMBUS_1_UNIT 2GNODE,NIMBUS_1_UNIT 2GNODE,RTPD,LMP,LMP_PRC,NIMBUS_1_UNIT 2GNODE,ALL,1,91.95324,2,1
2022-09-01T10:15:00-00:00,2022-09-01T10:30:00-00:00,2022-09-01,04,NIMBUS_1_UNIT 2GNODE,NIMBUS_1_UNIT 2GNODE,NIMBUS_1_UNIT 2GNODE,RTPD,LMP,LMP_PRC,NIMBUS_1_UNIT 2GNODE,ALL,1,91.04492,2,1
2022-09-01T11:15:00-00:00,2022-09-01T11:30:00-00:00,2022-09-01,05,NIMBUS_1_UNIT 2GNODE,NIMBUS_1_UNIT 2GNODE,NIMBUS_1_UNIT 2GNODE,RTPD,LMP,LMP_PRC,NIMBUS_1_UNIT 2GNODE,ALL,1,102.41138,2,1
2022-09-01T12:15:00-00:00,2022-09-01T12:30:00-00:00,2022-09-01,06,NIMBUS_1_UNIT 2GNODE,NIMBUS_1_UNIT 2GNODE,NIMBUS_1_UNIT 2GNODE,RTPD,LMP,LMP_PRC,NIMBUS_1_UNIT 2GNODE,ALL,1,101.90302,2,1
2022-09-01T13:15:00-00:00,2022-09-01T13:30:00-00:00,2022-09-01,07,NIMBUS_1_UNIT 2GNODE,NIMBUS_1_UNIT 2GNODE,NIMBUS_1_UNIT 2GNODE,RTPD,LMP,LMP_PRC,NIMBUS_1_UNIT 2GNODE,ALL,1,109.11473,2,1
2022-09-01T14:15:00-00:00,2022-09-01T14:30:00-00:00,2022-09-01,08,NIMBUS_1_UNIT 2GNODE,NIMBUS_1_UNIT 2GNODE,NIMBUS_1_UNIT 2GNODE,RTPD,LMP,LMP_PRC,NIMBUS_1_UNIT 2GNODE,ALL,1,105.64548,2,1
2022-09-01T15:15:00-00:00,2022-09-01T15:30:00-00:00,2022-09-01,09,NIMBUS_1_UNIT 2GNODE,NIMBUS_1_UNIT 2GNODE,NIMBUS_1_UNIT 2GNODE,RTPD,LMP,LMP_PRC,NIMBUS_1_UNIT 2GNODE,ALL,1,86.94,2,1
2022-09-01T16:15:00-00:00,2022-09-01T16:30:00-00:00,2022-09-01,10,NIMBUS_1_UNIT 2GNODE,NIMBUS_1_UNIT 2GNODE,NIMBUS_1_UNIT 2GNODE,RTPD,LMP,LMP_PRC,NIMBUS_1_UNIT 2GNODE,ALL,1,87.84767,2,1
2022-09-01T17:15:00-00:00,2022-09-01T17:30:00-00:00,2022-09-01,11,NIMBUS_1_UNIT 2GNODE,NIMBUS_1_UNIT 2GNODE,NIMBUS_1_UNIT 2GNODE,RTPD,LMP,LMP_PRC,NIMBUS_1_UNIT 2GNODE,ALL,1,79.41247,2,1
2022-09-01T18:15:00-00:00,2022-09-01T18:30:00-00:00,2022-09-01,12,NIMBUS_1_UNIT 2GNODE,NIMBUS_1_UNIT 2GNODE,NIMBUS_1_UNIT 2GNODE,RTPD,LMP,LMP_PRC,NIMBUS_1_UNIT 2GNODE,ALL,1,75.13314,2,1
2022-09-01T19:15:00-00:00,2022-09-01T19:30:00-00:00,2022-09-01,13,NIMBUS_1_UNIT 2GNODE,NIMBUS_1_UNIT 2GNODE,NIMBUS_1_UNIT 2GNODE,RTPD,LMP,LMP_PRC,NIMBUS_1_UNIT 2GNODE,ALL,1,76.24802,2,1
2022-09-01T20:15:00-00:00,2022-09-01T20:30:00-00:00,2022-09-01,14,NIMBUS_1_UNIT 2GNODE,NIMBUS_1_UNIT 2GNODE,NIMBUS_1_UNIT 2GNODE,RTPD,LMP,LMP_PRC,NIMBUS_1_UNIT 2GNODE,ALL,1,114.37106,2,1
2022-09-01T21:15:00-00:00,2022-09-01T21:30:00-00:00,2022-09-01,15,NIMBUS_1_UNIT 2GNODE,NIMBUS_1_UNIT 2GNODE,NIMBUS_1_UNIT 2GNODE,RTPD,LMP,LMP_PRC,NIMBUS_1_UNIT 2GNODE,ALL,1,120.78099,2,1
2022-09-01T22:15:00-00:00,2022-09-01T22:30:00-00:00,2022-09-01,16,NIMBUS_1_UNIT 2GNODE,NIMBUS_1_UNIT 2GNODE,NIMBUS_1_UNIT 2GNODE,RTPD,LMP,LMP_PRC,NIMBUS_1_UNIT 2GNODE,ALL,1,140.40775,2,1
2022-09-01T23:15:00-00:00,2022-09-01T23:30:00-00:00,2022-09-01,17,NIMBUS_1_UNIT 2GNODE,NIMBUS_1_UNIT 2GNODE,NIMBUS_1_UNIT 2GNODE,RTPD,LMP,LMP_PRC,NIMBUS_1_UNIT 2GNODE,ALL,1,264.87985,2,1
2022-09-02T00:15:00-00:00,2022-09-02T00:30:00-00:00,2022-09-01,18,NIMBUS_1_UNIT 2GNODE,NIMBUS_1_UNIT 2GNODE,NIMBUS_1_UNIT 2GNODE,RTPD,LMP,LMP_PRC,NIMBUS_1_UNIT 2GNODE,ALL,1,1029.2865,2,1
2022-09-02T01:15:00-00:00,2022-09-02T01:30:00-00:00,2022-09-01,19,NIMBUS_1_UNIT 2GNODE,NIMBUS_1_UNIT 2GNODE,NIMBUS_1_UNIT 2GNODE,RTPD,LMP,LMP_PRC,NIMBUS_1_UNIT 2GNODE,ALL,1,1999.9945,2,1
2022-09-02T02:15:00-00:00,2022-09-02T02:30:00-00:00,2022-09-01,20,NIMBUS_1_UNIT 2GNODE,NIMBUS_1_UNIT 2GNODE,NIMBUS_1_UNIT 2GNODE,RTPD,LMP,LMP_PRC,NIMBUS_1_UNIT 2GNODE,ALL,1,1991.671,2,1
2022-09-02T03:15:00-00:00,2022-09-02T03:30:00-00:00,2022-09-01,21,NIMBUS_1_UNIT 2GNODE,NIMBUS_1_UNIT 2GNODE,NIMBUS_1_UNIT 2GNODE,RTPD,LMP,LMP_PRC,NIMBUS_1_UNIT 2GNODE,ALL,1,551.34393,2,1
2022-09-02T04:15:00-00:00,2022-09-02T04:30:00-00:00,2022-09-01,22,NIMBUS_1_UNIT 2GNODE,NIMBUS_1_UNIT 2GNODE,NIMBUS_1_UNIT 2GNODE,RTPD,LMP,LMP_PRC,NIMBUS_1_UNIT 2GNODE,ALL,1,228.54747,2,1
2022-09-02T05:15:00-00:00,2022-09-02T05:30:00-00:00,2022-09-01,23,NIMBUS_1_UNIT 2GNODE,NIMBUS_1_UNIT 2GNODE,NIMBUS_1_UNIT 2GNODE,RTPD,LMP,LMP_PRC,NIMBUS_1_UNIT 2GNODE,ALL,1,159.3993,2,1
2022-09-02T06:15:00-00:00,2022-09-02T06:30:00-00:00,2022-09-01,24,NIMBUS_1_UNIT 2GNODE,NIMBUS_1_UNIT 2GNODE,NIMBUS_1_UNIT 2GNODE,RTPD,LMP,LMP_PRC,NIMBUS_1_UNIT 2GNODE,ALL,1,143.07307,2,1
2022-09-01T07:30:00-00:00,2022-09-01T07:45:00-00:00,2022-09-01,01,NIMBUS_1_UNIT 2GNODE,NIMBUS_1_UNIT 2GNODE,NIMBUS_1_UNIT 2GNODE,RTPD,LMP,LMP_PRC,NIMBUS_1_UNIT 2GNODE,ALL,1,103.2036,3,1
2022-09-01T08:30:00-00:00,2022-09-01T08:45:00-00:00,2022-09-01,02,NIMBUS_1_UNIT 2GNODE,NIMBUS_1_UNIT 2GNODE,NIMBUS_1_UNIT 2GNODE,RTPD,LMP,LMP_PRC,NIMBUS_1_UNIT 2GNODE,ALL,1,110.9461,3,1
2022-09-01T09:30:00-00:00,2022-09-01T09:45:00-00:00,2022-09-01,03,NIMBUS_1_UNIT 2GNODE,NIMBUS_1_UNIT 2GNODE,NIMBUS_1_UNIT 2GNODE,RTPD,LMP,LMP_PRC,NIMBUS_1_UNIT 2GNODE,ALL,1,91.69573,3,1
2022-09-01T10:30:00-00:00,2022-09-01T10:45:00-00:00,2022-09-01,04,NIMBUS_1_UNIT 2GNODE,NIMBUS_1_UNIT 2GNODE,NIMBUS_1_UNIT 2GNODE,RTPD,LMP,LMP_PRC,NIMBUS_1_UNIT 2GNODE,ALL,1,92.83709,3,1
2022-09-01T11:30:00-00:00,2022-09-01T11:45:00-00:00,2022-09-01,05,NIMBUS_1_UNIT 2GNODE,NIMBUS_1_UNIT 2GNODE,NIMBUS_1_UNIT 2GNODE,RTPD,LMP,LMP_PRC,NIMBUS_1_UNIT 2GNODE,ALL,1,102.31082,3,1
2022-09-01T12:30:00-00:00,2022-09-01T12:45:00-00:00,2022-09-01,06,NIMBUS_1_UNIT 2GNODE,NIMBUS_1_UNIT 2GNODE,NIMBUS_1_UNIT 2GNODE,RTPD,LMP,LMP_PRC,NIMBUS_1_UNIT 2GNODE,ALL,1,101.85553,3,1
2022-09-01T13:30:00-00:00,2022-09-01T13:45:00-00:00,2022-09-01,07,NIMBUS_1_UNIT 2GNODE,NIMBUS_1_UNIT 2GNODE,NIMBUS_1_UNIT 2GNODE,RTPD,LMP,LMP_PRC,NIMBUS_1_UNIT 2GNODE,ALL,1,110.44846,3,1
2022-09-01T14:30:00-00:00,2022-09-01T14:45:00-00:00,2022-09-01,08,NIMBUS_1_UNIT 2GNODE,NIMBUS_1_UNIT 2GNODE,NIMBUS_1_UNIT 2GNODE,RTPD,LMP,LMP_PRC,NIMBUS_1_UNIT 2GNODE,ALL,1,102.90233,3,1
2022-09-01T15:30:00-00:00,2022-09-01T15:45:00-00:00,2022-09-01,09,NIMBUS_1_UNIT 2GNODE,NIMBUS_1_UNIT 2GNODE,NIMBUS_1_UNIT 2GNODE,RTPD,LMP,LMP_PRC,NIMBUS_1_UNIT 2GNODE,ALL,1,86.14,3,1
2022-09-01T16:30:00-00:00,2022-09-01T16:45:00-00:00,2022-09-01,10,NIMBUS_1_UNIT 2GNODE,NIMBUS_1_UNIT 2GNODE,NIMBUS_1_UNIT 2GNODE,RTPD,LMP,LMP_PRC,NIMBUS_1_UNIT 2GNODE,ALL,1,75.38128,3,1
2022-09-01T17:30:00-00:00,2022-09-01T17:45:00-00:00,2022-09-01,11,NIMBUS_1_UNIT 2GNODE,NIMBUS_1_UNIT 2GNODE,NIMBUS_1_UNIT 2GNODE,RTPD,LMP,LMP_PRC,NIMBUS_1_UNIT 2GNODE,ALL,1,79.1204,3,1
2022-09-01T18:30:00-00:00,2022-09-01T18:45:00-00:00,2022-09-01,12,NIMBUS_1_UNIT 2GNODE,NIMBUS_1_UNIT 2GNODE,NIMBUS_1_UNIT 2GNODE,RTPD,LMP,LMP_PRC,NIMBUS_1_UNIT 2GNODE,ALL,1,79.91461,3,1
2022-09-01T19:30:00-00:00,2022-09-01T19:45:00-00:00,2022-09-01,13,NIMBUS_1_UNIT 2GNODE,NIMBUS_1_UNIT 2GNODE,NIMBUS_1_UNIT 2GNODE,RTPD,LMP,LMP_PRC,NIMBUS_1_UNIT 2GNODE,ALL,1,101.59087,3,1
2022-09-01T20:30:00-00:00,2022-09-01T20:45:00-00:00,2022-09-01,14,NIMBUS_1_UNIT 2GNODE,NIMBUS_1_UNIT 2GNODE,NIMBUS_1_UNIT 2GNODE,RTPD,LMP,LMP_PRC,NIMBUS_1_UNIT 2GNODE,ALL,1,117.21111,3,1
2022-09-01T21:30:00-00:00,2022-09-01T21:45:00-00:00,2022-09-01,15,NIMBUS_1_UNIT 2GNODE,NIMBUS_1_UNIT 2GNODE,NIMBUS_1_UNIT 2GNODE,RTPD,LMP,LMP_PRC,NIMBUS_1_UNIT 2GNODE,ALL,1,128.65002,3,1
2022-09-01T22:30:00-00:00,2022-09-01T22:45:00-00:00,2022-09-01,16,NIMBUS_1_UNIT 2GNODE,NIMBUS_1_UNIT 2GNODE,NIMBUS_1_UNIT 2GNODE,RTPD,LMP,LMP_PRC,NIMBUS_1_UNIT 2GNODE,ALL,1,158.26,3,1
2022-09-01T23:30:00-00:00,2022-09-01T23:45:00-00:00,2022-09-01,17,NIMBUS_1_UNIT 2GNODE,NIMBUS_1_UNIT 2GNODE,NIMBUS_1_UNIT 2GNODE,RTPD,LMP,LMP_PRC,NIMBUS_1_UNIT 2GNODE,ALL,1,566.4828,3,1
2022-09-02T00:30:00-00:00,2022-09-02T00:45:00-00:00,2022-09-01,18,NIMBUS_1_UNIT 2GNODE,NIMBUS_1_UNIT 2GNODE,NIMBUS_1_UNIT 2GNODE,RTPD,LMP,LMP_PRC,NIMBUS_1_UNIT 2GNODE,ALL,1,1774.8181,3,1
2022-09-02T01:30:00-00:00,2022-09-02T01:45:00-00:00,2022-09-01,19,NIMBUS_1_UNIT 2GNODE,NIMBUS_1_UNIT 2GNODE,NIMBUS_1_UNIT 2GNODE,RTPD,LMP,LMP_PRC,NIMBUS_1_UNIT 2GNODE,ALL,1,1999.9944,3,1
2022-09-02T02:30:00-00:00,2022-09-02T02:45:00-00:00,2022-09-01,20,NIMBUS_1_UNIT 2GNODE,NIMBUS_1_UNIT 2GNODE,NIMBUS_1_UNIT 2GNODE,RTPD,LMP,LMP_PRC,NIMBUS_1_UNIT 2GNODE,ALL,1,1991.6698,3,1
2022-09-02T03:30:00-00:00,2022-09-02T03:45:00-00:00,2022-09-01,21,NIMBUS_1_UNIT 2GNODE,NIMBUS_1_UNIT 2GNODE,NIMBUS_1_UNIT 2GNODE,RTPD,LMP,LMP_PRC,NIMBUS_1_UNIT 2GNODE,ALL,1,224.48956,3,1
2022-09-02T04:30:00-00:00,2022-09-02T04:45:00-00:00,2022-09-01,22,NIMBUS_1_UNIT 2GNODE,NIMBUS_1_UNIT 2GNODE,NIMBUS_1_UNIT 2GNODE,RTPD,LMP,LMP_PRC,NIMBUS_1_UNIT 2GNODE,ALL,1,181.67076,3,1
2022-09-02T05:30:00-00:00,2022-09-02T05:45:00-00:00,2022-09-01,23,NIMBUS_1_UNIT 2GNODE,NIMBUS_1_UNIT 2GNODE,NIMBUS_1_UNIT 2GNODE,RTPD,LMP,LMP_PRC,NIMBUS_1_UNIT 2GNODE,ALL,1,133.08324,3,1
2022-09-02T06:30:00-00:00,2022-09-02T06:45:00-00:00,2022-09-01,24,NIMBUS_1_UNIT 2GNODE,NIMBUS_1_UNIT 2GNODE,NIMBUS_1_UNIT 2GNODE,RTPD,LMP,LMP_PRC,NIMBUS_1_UNIT 2GNODE,ALL,1,129.45267,3,1
2022-09-01T07:45:00-00:00,2022-09-01T08:00:00-00:00,2022-09-01,01,NIMBUS_1_UNIT 2GNODE,NIMBUS_1_UNIT 2GNODE,NIMBUS_1_UNIT 2GNODE,RTPD,LMP,LMP_PRC,NIMBUS_1_UNIT 2GNODE,ALL,1,91.12069,4,1
2022-09-01T08:45:00-00:00,2022-09-01T09:00:00-00:00,2022-09-01,02,NIMBUS_1_UNIT 2GNODE,NIMBUS_1_UNIT 2GNODE,NIMBUS_1_UNIT 2GNODE,RTPD,LMP,LMP_PRC,NIMBUS_1_UNIT 2GNODE,ALL,1,94.08579,4,1
2022-09-01T09:45:00-00:00,2022-09-01T10:00:00-00:00,2022-09-01,03,NIMBUS_1_UNIT 2GNODE,NIMBUS_1_UNIT 2GNODE,NIMBUS_1_UNIT 2GNODE,RTPD,LMP,LMP_PRC,NIMBUS_1_UNIT 2GNODE,ALL,1,91.70774,4,1
2022-09-01T10:45:00-00:00,2022-09-01T11:00:00-00:00,2022-09-01,04,NIMBUS_1_UNIT 2GNODE,NIMBUS_1_UNIT 2GNODE,NIMBUS_1_UNIT 2GNODE,RTPD,LMP,LMP_PRC,NIMBUS_1_UNIT 2GNODE,ALL,1,93.00748,4,1
2022-09-01T11:45:00-00:00,2022-09-01T12:00:00-00:00,2022-09-01,05,NIMBUS_1_UNIT 2GNODE,NIMBUS_1_UNIT 2GNODE,NIMBUS_1_UNIT 2GNODE,RTPD,LMP,LMP_PRC,NIMBUS_1_UNIT 2GNODE,ALL,1,107.0112,4,1
2022-09-01T12:45:00-00:00,2022-09-01T13:00:00-00:00,2022-09-01,06,NIMBUS_1_UNIT 2GNODE,NIMBUS_1_UNIT 2GNODE,NIMBUS_1_UNIT 2GNODE,RTPD,LMP,LMP_PRC,NIMBUS_1_UNIT 2GNODE,ALL,1,114.19081,4,1
2022-09-01T13:45:00-00:00,2022-09-01T14:00:00-00:00,2022-09-01,07,NIMBUS_1_UNIT 2GNODE,NIMBUS_1_UNIT 2GNODE,NIMBUS_1_UNIT 2GNODE,RTPD,LMP,LMP_PRC,NIMBUS_1_UNIT 2GNODE,ALL,1,111.4088,4,1
2022-09-01T14:45:00-00:00,2022-09-01T15:00:00-00:00,2022-09-01,08,NIMBUS_1_UNIT 2GNODE,NIMBUS_1_UNIT 2GNODE,NIMBUS_1_UNIT 2GNODE,RTPD,LMP,LMP_PRC,NIMBUS_1_UNIT 2GNODE,ALL,1,86.14,4,1
2022-09-01T15:45:00-00:00,2022-09-01T16:00:00-00:00,2022-09-01,09,NIMBUS_1_UNIT 2GNODE,NIMBUS_1_UNIT 2GNODE,NIMBUS_1_UNIT 2GNODE,RTPD,LMP,LMP_PRC,NIMBUS_1_UNIT 2GNODE,ALL,1,78.70196,4,1
2022-09-01T16:45:00-00:00,2022-09-01T17:00:00-00:00,2022-09-01,10,NIMBUS_1_UNIT 2GNODE,NIMBUS_1_UNIT 2GNODE,NIMBUS_1_UNIT 2GNODE,RTPD,LMP,LMP_PRC,NIMBUS_1_UNIT 2GNODE,ALL,1,79.09975,4,1
2022-09-01T17:45:00-00:00,2022-09-01T18:00:00-00:00,2022-09-01,11,NIMBUS_1_UNIT 2GNODE,NIMBUS_1_UNIT 2GNODE,NIMBUS_1_UNIT 2GNODE,RTPD,LMP,LMP_PRC,NIMBUS_1_UNIT 2GNODE,ALL,1,79.39552,4,1
2022-09-01T18:45:00-00:00,2022-09-01T19:00:00-00:00,2022-09-01,12,NIMBUS_1_UNIT 2GNODE,NIMBUS_1_UNIT 2GNODE,NIMBUS_1_UNIT 2GNODE,RTPD,LMP,LMP_PRC,NIMBUS_1_UNIT 2GNODE,ALL,1,82.00197,4,1
2022-09-01T19:45:00-00:00,2022-09-01T20:00:00-00:00,2022-09-01,13,NIMBUS_1_UNIT 2GNODE,NIMBUS_1_UNIT 2GNODE,NIMBUS_1_UNIT 2GNODE,RTPD,LMP,LMP_PRC,NIMBUS_1_UNIT 2GNODE,ALL,1,106.76999,4,1
2022-09-01T20:45:00-00:00,2022-09-01T21:00:00-00:00,2022-09-01,14,NIMBUS_1_UNIT 2GNODE,NIMBUS_1_UNIT 2GNODE,NIMBUS_1_UNIT 2GNODE,RTPD,LMP,LMP_PRC,NIMBUS_1_UNIT 2GNODE,ALL,1,126.07186,4,1
2022-09-01T21:45:00-00:00,2022-09-01T22:00:00-00:00,2022-09-01,15,NIMBUS_1_UNIT 2GNODE,NIMBUS_1_UNIT 2GNODE,NIMBUS_1_UNIT 2GNODE,RTPD,LMP,LMP_PRC,NIMBUS_1_UNIT 2GNODE,ALL,1,212.07794,4,1
2022-09-01T22:45:00-00:00,2022-09-01T23:00:00-00:00,2022-09-01,16,NIMBUS_1_UNIT 2GNODE,NIMBUS_1_UNIT 2GNODE,NIMBUS_1_UNIT 2GNODE,RTPD,LMP,LMP_PRC,NIMBUS_1_UNIT 2GNODE,ALL,1,176.18706,4,1
2022-09-01T23:45:00-00:00,2022-09-02T00:00:00-00:00,2022-09-01,17,NIMBUS_1_UNIT 2GNODE,NIMBUS_1_UNIT 2GNODE,NIMBUS_1_UNIT 2GNODE,RTPD,LMP,LMP_PRC,NIMBUS_1_UNIT 2GNODE,ALL,1,1651.2014,4,1
2022-09-02T00:45:00-00:00,2022-09-02T01:00:00-00:00,2022-09-01,18,NIMBUS_1_UNIT 2GNODE,NIMBUS_1_UNIT 2GNODE,NIMBUS_1_UNIT 2GNODE,RTPD,LMP,LMP_PRC,NIMBUS_1_UNIT 2GNODE,ALL,1,1799.7695,4,1
2022-09-02T01:45:00-00:00,2022-09-02T02:00:00-00:00,2022-09-01,19,NIMBUS_1_UNIT 2GNODE,NIMBUS_1_UNIT 2GNODE,NIMBUS_1_UNIT 2GNODE,RTPD,LMP,LMP_PRC,NIMBUS_1_UNIT 2GNODE,ALL,1,1991.9325,4,1
2022-09-02T02:45:00-00:00,2022-09-02T03:00:00-00:00,2022-09-01,20,NIMBUS_1_UNIT 2GNODE,NIMBUS_1_UNIT 2GNODE,NIMBUS_1_UNIT 2GNODE,RTPD,LMP,LMP_PRC,NIMBUS_1_UNIT 2GNODE,ALL,1,1816.8959,4,1
2022-09-02T03:45:00-00:00,2022-09-02T04:00:00-00:00,2022-09-01,21,NIMBUS_1_UNIT 2GNODE,NIMBUS_1_UNIT 2GNODE,NIMBUS_1_UNIT 2GNODE,RTPD,LMP,LMP_PRC,NIMBUS_1_UNIT 2GNODE,ALL,1,164.54262,4,1
2022-09-02T04:45:00-00:00,2022-09-02T05:00:00-00:00,2022-09-01,22,NIMBUS_1_UNIT 2GNODE,NIMBUS_1_UNIT 2GNODE,NIMBUS_1_UNIT 2GNODE,RTPD,LMP,LMP_PRC,NIMBUS_1_UNIT 2GNODE,ALL,1,128.37485,4,1
2022-09-02T05:45:00-00:00,2022-09-02T06:00:00-00:00,2022-09-01,23,NIMBUS_1_UNIT 2GNODE,NIMBUS_1_UNIT 2GNODE,NIMBUS_1_UNIT 2GNODE,RTPD,LMP,LMP_PRC,NIMBUS_1_UNIT 2GNODE,ALL,1,116.02861,4,1
2022-09-02T06:45:00-00:00,2022-09-02T07:00:00-00:00,2022-09-01,24,NIMBUS_1_UNIT 2GNODE,NIMBUS_1_UNIT 2GNODE,NIMBUS_1_UNIT 2GNODE,RTPD,LMP,LMP_PRC,NIMBUS_1_UNIT 2GNODE,ALL,1,110.12175,4,1
2022-09-01T07:00:00-00:00,2022-09-01T07:15:00-00:00,2022-09-01,01,NIMBUS_1_UNIT 2GNODE,NIMBUS_1_UNIT 2GNODE,NIMBUS_1_UNIT 2GNODE,RTPD,MCC,LMP_CONG_PRC,NIMBUS_1_UNIT 2GNODE,ALL,1,-16.31368,1,2
2022-09-01T08:00:00-00:00,2022-09-01T08:15:00-00:00,2022-09-01,02,NIMBUS_1_UNIT 2GNODE,NIMBUS_1_UNIT 2GNODE,NIMBUS_1_UNIT 2GNODE,RTPD,MCC,LMP_CONG_PRC,NIMBUS_1_UNIT 2GNODE,ALL,1,-3.26562,1,2
2022-09-01T09:00:00-00:00,2022-09-01T09:15:00-00:00,2022-09-01,03,NIMBUS_1_UNIT 2GNODE,NIMBUS_1_UNIT 2GNODE,NIMBUS_1_UNIT 2GNODE,RTPD,MCC,LMP_CONG_PRC,NIMBUS_1_UNIT 2GNODE,ALL,1,-4.37598,1,2
2022-09-01T10:00:00-00:00,2022-09-01T10:15:00-00:00,2022-09-01,04,NIMBUS_1_UNIT 2GNODE,NIMBUS_1_UNIT 2GNODE,NIMBUS_1_UNIT 2GNODE,RTPD,MCC,LMP_CONG_PRC,NIMBUS_1_UNIT 2GNODE,ALL,1,-3.80171,1,2
2022-09-01T11:00:00-00:00,2022-09-01T11:15:00-00:00,2022-09-01,05,NIMBUS_1_UNIT 2GNODE,NIMBUS_1_UNIT 2GNODE,NIMBUS_1_UNIT 2GNODE,RTPD,MCC,LMP_CONG_PRC,NIMBUS_1_UNIT 2GNODE,ALL,1,0.0012,1,2
2022-09-01T12:00:00-00:00,2022-09-01T12:15:00-00:00,2022-09-01,06,NIMBUS_1_UNIT 2GNODE,NIMBUS_1_UNIT 2GNODE,NIMBUS_1_UNIT 2GNODE,RTPD,MCC,LMP_CONG_PRC,NIMBUS_1_UNIT 2GNODE,ALL,1,-9.74069,1,2
2022-09-01T13:00:00-00:00,2022-09-01T13:15:00-00:00,2022-09-01,07,NIMBUS_1_UNIT 2GNODE,NIMBUS_1_UNIT 2GNODE,NIMBUS_1_UNIT 2GNODE,RTPD,MCC,LMP_CONG_PRC,NIMBUS_1_UNIT 2GNODE,ALL,1,-12.88062,1,2
2022-09-01T14:00:00-00:00,2022-09-01T14:15:00-00:00,2022-09-01,08,NIMBUS_1_UNIT 2GNODE,NIMBUS_1_UNIT 2GNODE,NIMBUS_1_UNIT 2GNODE,RTPD,MCC,LMP_CONG_PRC,NIMBUS_1_UNIT 2GNODE,ALL,1,-0.0012,1,2
2022-09-01T15:00:00-00:00,2022-09-01T15:15:00-00:00,2022-09-01,09,NIMBUS_1_UNIT 2GNODE,NIMBUS_1_UNIT 2GNODE,NIMBUS_1_UNIT 2GNODE,RTPD,MCC,LMP_CONG_PRC,NIMBUS_1_UNIT 2GNODE,ALL,1,0.0012,1,2
2022-09-01T16:00:00-00:00,2022-09-01T16:15:00-00:00,2022-09-01,10,NIMBUS_1_UNIT 2GNODE,NIMBUS_1_UNIT 2GNODE,NIMBUS_1_UNIT 2GNODE,RTPD,MCC,LMP_CONG_PRC,NIMBUS_1_UNIT 2GNODE,ALL,1,0.0012,1,2
2022-09-01T17:00:00-00:00,2022-09-01T17:15:00-00:00,2022-09-01,11,NIMBUS_1_UNIT 2GNODE,NIMBUS_1_UNIT 2GNODE,NIMBUS_1_UNIT 2GNODE,RTPD,MCC,LMP_CONG_PRC,NIMBUS_1_UNIT 2GNODE,ALL,1,-16.36538,1,2
2022-09-01T18:00:00-00:00,2022-09-01T18:15:00-00:00,2022-09-01,12,NIMBUS_1_UNIT 2GNODE,NIMBUS_1_UNIT 2GNODE,NIMBUS_1_UNIT 2GNODE,RTPD,MCC,LMP_CONG_PRC,NIMBUS_1_UNIT 2GNODE,ALL,1,-31.7884,1,2
2022-09-01T19:00:00-00:00,2022-09-01T19:15:00-00:00,2022-09-01,13,NIMBUS_1_UNIT 2GNODE,NIMBUS_1_UNIT 2GNODE,NIMBUS_1_UNIT 2GNODE,RTPD,MCC,LMP_CONG_PRC,NIMBUS_1_UNIT 2GNODE,ALL,1,-35.09851,1,2
2022-09-01T20:00:00-00:00,2022-09-01T20:15:00-00:00,2022-09-01,14,NIMBUS_1_UNIT 2GNODE,NIMBUS_1_UNIT 2GNODE,NIMBUS_1_UNIT 2GNODE,RTPD,MCC,LMP_CONG_PRC,NIMBUS_1_UNIT 2GNODE,ALL,1,-3.44974,1,2
2022-09-01T21:00:00-00:00,2022-09-01T21:15:00-00:00,2022-09-01,15,NIMBUS_1_UNIT 2GNODE,NIMBUS_1_UNIT 2GNODE,NIMBUS_1_UNIT 2GNODE,RTPD,MCC,LMP_CONG_PRC,NIMBUS_1_UNIT 2GNODE,ALL,1,-97.80271,1,2
2022-09-01T22:00:00-00:00,2022-09-01T22:15:00-00:00,2022-09-01,16,NIMBUS_1_UNIT 2GNODE,NIMBUS_1_UNIT 2GNODE,NIMBUS_1_UNIT 2GNODE,RTPD,MCC,LMP_CONG_PRC,NIMBUS_1_UNIT 2GNODE,ALL,1,-106.33213,1,2
2022-09-01T23:00:00-00:00,2022-09-01T23:15:00-00:00,2022-09-01,17,NIMBUS_1_UNIT 2GNODE,NIMBUS_1_UNIT 2GNODE,NIMBUS_1_UNIT 2GNODE,RTPD,MCC,LMP_CONG_PRC,NIMBUS_1_UNIT 2GNODE,ALL,1,-167.5195,1,2
2022-09-02T00:00:00-00:00,2022-09-02T00:15:00-00:00,2022-09-01,18,NIMBUS_1_UNIT 2GNODE,NIMBUS_1_UNIT 2GNODE,NIMBUS_1_UNIT 2GNODE,RTPD,MCC,LMP_CONG_PRC,NIMBUS_1_UNIT 2GNODE,ALL,1,326.1558,1,2
2022-09-02T01:00:00-00:00,2022-09-02T01:15:00-00:00,2022-09-01,19,NIMBUS_1_UNIT 2GNODE,NIMBUS_1_UNIT 2GNODE,NIMBUS_1_UNIT 2GNODE,RTPD,MCC,LMP_CONG_PRC,NIMBUS_1_UNIT 2GNODE,ALL,1,320.82483,1,2
2022-09-02T02:00:00-00:00,2022-09-02T02:15:00-00:00,2022-09-01,20,NIMBUS_1_UNIT 2GNODE,NIMBUS_1_UNIT 2GNODE,NIMBUS_1_UNIT 2GNODE,RTPD,MCC,LMP_CONG_PRC,NIMBUS_1_UNIT 2GNODE,ALL,1,-0.0012,1,2
2022-09-02T03:00:00-00:00,2022-09-02T03:15:00-00:00,2022-09-01,21,NIMBUS_1_UNIT 2GNODE,NIMBUS_1_UNIT 2GNODE,NIMBUS_1_UNIT 2GNODE,RTPD,MCC,LMP_CONG_PRC,NIMBUS_1_UNIT 2GNODE,ALL,1,399.21973,1,2
2022-09-02T04:00:00-00:00,2022-09-02T04:15:00-00:00,2022-09-01,22,NIMBUS_1_UNIT 2GNODE,NIMBUS_1_UNIT 2GNODE,NIMBUS_1_UNIT 2GNODE,RTPD,MCC,LMP_CONG_PRC,NIMBUS_1_UNIT 2GNODE,ALL,1,-0.0012,1,2
2022-09-02T05:00:00-00:00,2022-09-02T05:15:00-00:00,2022-09-01,23,NIMBUS_1_UNIT 2GNODE,NIMBUS_1_UNIT 2GNODE,NIMBUS_1_UNIT 2GNODE,RTPD,MCC,LMP_CONG_PRC,NIMBUS_1_UNIT 2GNODE,ALL,1,0.0012,1,2
2022-09-02T06:00:00-00:00,2022-09-02T06:15:00-00:00,2022-09-01,24,NIMBUS_1_UNIT 2GNODE,NIMBUS_1_UNIT 2GNODE,NIMBUS_1_UNIT 2GNODE,RTPD,MCC,LMP_CONG_PRC,NIMBUS_1_UNIT 2GNODE,ALL,1,0.0012,1,2
2022-09-01T07:15:00-00:00,2022-09-01T07:30:00-00:00,2022-09-01,01,NIMBUS_1_UNIT 2GNODE,NIMBUS_1_UNIT 2GNODE,NIMBUS_1_UNIT 2GNODE,RTPD,MCC,LMP_CONG_PRC,NIMBUS_1_UNIT 2GNODE,ALL,1,-9.79523,2,2
2022-09-01T08:15:00-00:00,2022-09-01T08:30:00-00:00,2022-09-01,02,NIMBUS_1_UNIT 2GNODE,NIMBUS_1_UNIT 2GNODE,NIMBUS_1_UNIT 2GNODE,RTPD,MCC,LMP_CONG_PRC,NIMBUS_1_UNIT 2GNODE,ALL,1,-0.89049,2,2
2022-09-01T09:15:00-00:00,2022-09-01T09:30:00-00:00,2022-09-01,03,NIMBUS_1_UNIT 2GNODE,NIMBUS_1_UNIT 2GNODE,NIMBUS_1_UNIT 2GNODE,RTPD,MCC,LMP_CONG_PRC,NIMBUS_1_UNIT 2GNODE,ALL,1,-5.75252,2,2
2022-09-01T10:15:00-00:00,2022-09-01T10:30:00-00:00,2022-09-01,04,NIMBUS_1_UNIT 2GNODE,NIMBUS_1_UNIT 2GNODE,NIMBUS_1_UNIT 2GNODE,RTPD,MCC,LMP_CONG_PRC,NIMBUS_1_UNIT 2GNODE,ALL,1,-5.37987,2,2
2022-09-01T11:15:00-00:00,2022-09-01T11:30:00-00:00,2022-09-01,05,NIMBUS_1_UNIT 2GNODE,NIMBUS_1_UNIT 2GNODE,NIMBUS_1_UNIT 2GNODE,RTPD,MCC,LMP_CONG_PRC,NIMBUS_1_UNIT 2GNODE,ALL,1,0.0012,2,2
2022-09-01T12:15:00-00:00,2022-09-01T12:30:00-00:00,2022-09-01,06,NIMBUS_1_UNIT 2GNODE,NIMBUS_1_UNIT 2GNODE,NIMBUS_1_UNIT 2GNODE,RTPD,MCC,LMP_CONG_PRC,NIMBUS_1_UNIT 2GNODE,ALL,1,-5.95408,2,2
2022-09-01T13:15:00-00:00,2022-09-01T13:30:00-00:00,2022-09-01,07,NIMBUS_1_UNIT 2GNODE,NIMBUS_1_UNIT 2GNODE,NIMBUS_1_UNIT 2GNODE,RTPD,MCC,LMP_CONG_PRC,NIMBUS_1_UNIT 2GNODE,ALL,1,-0.55401,2,2
2022-09-01T14:15:00-00:00,2022-09-01T14:30:00-00:00,2022-09-01,08,NIMBUS_1_UNIT 2GNODE,NIMBUS_1_UNIT 2GNODE,NIMBUS_1_UNIT 2GNODE,RTPD,MCC,LMP_CONG_PRC,NIMBUS_1_UNIT 2GNODE,ALL,1,-0.0012,2,2
2022-09-01T15:15:00-00:00,2022-09-01T15:30:00-00:00,2022-09-01,09,NIMBUS_1_UNIT 2GNODE,NIMBUS_1_UNIT 2GNODE,NIMBUS_1_UNIT 2GNODE,RTPD,MCC,LMP_CONG_PRC,NIMBUS_1_UNIT 2GNODE,ALL,1,0.0012,2,2
2022-09-01T16:15:00-00:00,2022-09-01T16:30:00-00:00,2022-09-01,10,NIMBUS_1_UNIT 2GNODE,NIMBUS_1_UNIT 2GNODE,NIMBUS_1_UNIT 2GNODE,RTPD,MCC,LMP_CONG_PRC,NIMBUS_1_UNIT 2GNODE,ALL,1,-1.60091,2,2
2022-09-01T17:15:00-00:00,2022-09-01T17:30:00-00:00,2022-09-01,11,NIMBUS_1_UNIT 2GNODE,NIMBUS_1_UNIT 2GNODE,NIMBUS_1_UNIT 2GNODE,RTPD,MCC,LMP_CONG_PRC,NIMBUS_1_UNIT 2GNODE,ALL,1,-19.93426,2,2
2022-09-01T18:15:00-00:00,2022-09-01T18:30:00-00:00,2022-09-01,12,NIMBUS_1_UNIT 2GNODE,NIMBUS_1_UNIT 2GNODE,NIMBUS_1_UNIT 2GNODE,RTPD,MCC,LMP_CONG_PRC,NIMBUS_1_UNIT 2GNODE,ALL,1,-26.02588,2,2
2022-09-01T19:15:00-00:00,2022-09-01T19:30:00-00:00,2022-09-01,13,NIMBUS_1_UNIT 2GNODE,NIMBUS_1_UNIT 2GNODE,NIMBUS_1_UNIT 2GNODE,RTPD,MCC,LMP_CONG_PRC,NIMBUS_1_UNIT 2GNODE,ALL,1,-29.05786,2,2
2022-09-01T20:15:00-00:00,2022-09-01T20:30:00-00:00,2022-09-01,14,NIMBUS_1_UNIT 2GNODE,NIMBUS_1_UNIT 2GNODE,NIMBUS_1_UNIT 2GNODE,RTPD,MCC,LMP_CONG_PRC,NIMBUS_1_UNIT 2GNODE,ALL,1,-3.12315,2,2
2022-09-01T21:15:00-00:00,2022-09-01T21:30:00-00:00,2022-09-01,15,NIMBUS_1_UNIT 2GNODE,NIMBUS_1_UNIT 2GNODE,NIMBUS_1_UNIT 2GNODE,RTPD,MCC,LMP_CONG_PRC,NIMBUS_1_UNIT 2GNODE,ALL,1,-26.43086,2,2
2022-09-01T22:15:00-00:00,2022-09-01T22:30:00-00:00,2022-09-01,16,NIMBUS_1_UNIT 2GNODE,NIMBUS_1_UNIT 2GNODE,NIMBUS_1_UNIT 2GNODE,RTPD,MCC,LMP_CONG_PRC,NIMBUS_1_UNIT 2GNODE,ALL,1,-116.17958,2,2
2022-09-01T23:15:00-00:00,2022-09-01T23:30:00-00:00,2022-09-01,17,NIMBUS_1_UNIT 2GNODE,NIMBUS_1_UNIT 2GNODE,NIMBUS_1_UNIT 2GNODE,RTPD,MCC,LMP_CONG_PRC,NIMBUS_1_UNIT 2GNODE,ALL,1,-97.24425,2,2
2022-09-02T00:15:00-00:00,2022-09-02T00:30:00-00:00,2022-09-01,18,NIMBUS_1_UNIT 2GNODE,NIMBUS_1_UNIT 2GNODE,NIMBUS_1_UNIT 2GNODE,RTPD,MCC,LMP_CONG_PRC,NIMBUS_1_UNIT 2GNODE,ALL,1,316.01843,2,2
2022-09-02T01:15:00-00:00,2022-09-02T01:30:00-00:00,2022-09-01,19,NIMBUS_1_UNIT 2GNODE,NIMBUS_1_UNIT 2GNODE,NIMBUS_1_UNIT 2GNODE,RTPD,MCC,LMP_CONG_PRC,NIMBUS_1_UNIT 2GNODE,ALL,1,0.0012,2,2
2022-09-02T02:15:00-00:00,2022-09-02T02:30:00-00:00,2022-09-01,20,NIMBUS_1_UNIT 2GNODE,NIMBUS_1_UNIT 2GNODE,NIMBUS_1_UNIT 2GNODE,RTPD,MCC,LMP_CONG_PRC,NIMBUS_1_UNIT 2GNODE,ALL,1,-0.0012,2,2
2022-09-02T03:15:00-00:00,2022-09-02T03:30:00-00:00,2022-09-01,21,NIMBUS_1_UNIT 2GNODE,NIMBUS_1_UNIT 2GNODE,NIMBUS_1_UNIT 2GNODE,RTPD,MCC,LMP_CONG_PRC,NIMBUS_1_UNIT 2GNODE,ALL,1,139.96078,2,2
2022-09-02T04:15:00-00:00,2022-09-02T04:30:00-00:00,2022-09-01,22,NIMBUS_1_UNIT 2GNODE,NIMBUS_1_UNIT 2GNODE,NIMBUS_1_UNIT 2GNODE,RTPD,MCC,LMP_CONG_PRC,NIMBUS_1_UNIT 2GNODE,ALL,1,-0.0012,2,2
2022-09-02T05:15:00-00:00,2022-09-02T05:30:00-00:00,2022-09-01,23,NIMBUS_1_UNIT 2GNODE,NIMBUS_1_UNIT 2GNODE,NIMBUS_1_UNIT 2GNODE,RTPD,MCC,LMP_CONG_PRC,NIMBUS_1_UNIT 2GNODE,ALL,1,0.0012,2,2
2022-09-02T06:15:00-00:00,2022-09-02T06:30:00-00:00,2022-09-01,24,NIMBUS_1_UNIT 2GNODE,NIMBUS_1_UNIT 2GNODE,NIMBUS_1_UNIT 2GNODE,RTPD,MCC,LMP_CONG_PRC,NIMBUS_1_UNIT 2GNODE,ALL,1,0.0012,2,2
2022-09-01T07:30:00-00:00,2022-09-01T07:45:00-00:00,2022-09-01,01,NIMBUS_1_UNIT 2GNODE,NIMBUS_1_UNIT 2GNODE,NIMBUS_1_UNIT 2GNODE,RTPD,MCC,LMP_CONG_PRC,NIMBUS_1_UNIT 2GNODE,ALL,1,-15.82836,3,2
2022-09-01T08:30:00-00:00,2022-09-01T08:45:00-00:00,2022-09-01,02,NIMBUS_1_UNIT 2GNODE,NIMBUS_1_UNIT 2GNODE,NIMBUS_1_UNIT 2GNODE,RTPD,MCC,LMP_CONG_PRC,NIMBUS_1_UNIT 2GNODE,ALL,1,0.00036,3,2
2022-09-01T09:30:00-00:00,2022-09-01T09:45:00-00:00,2022-09-01,03,NIMBUS_1_UNIT 2GNODE,NIMBUS_1_UNIT 2GNODE,NIMBUS_1_UNIT 2GNODE,RTPD,MCC,LMP_CONG_PRC,NIMBUS_1_UNIT 2GNODE,ALL,1,-5.70088,3,2
2022-09-01T10:30:00-00:00,2022-09-01T10:45:00-00:00,2022-09-01,04,NIMBUS_1_UNIT 2GNODE,NIMBUS_1_UNIT 2GNODE,NIMBUS_1_UNIT 2GNODE,RTPD,MCC,LMP_CONG_PRC,NIMBUS_1_UNIT 2GNODE,ALL,1,-3.03371,3,2
2022-09-01T11:30:00-00:00,2022-09-01T11:45:00-00:00,2022-09-01,05,NIMBUS_1_UNIT 2GNODE,NIMBUS_1_UNIT 2GNODE,NIMBUS_1_UNIT 2GNODE,RTPD,MCC,LMP_CONG_PRC,NIMBUS_1_UNIT 2GNODE,ALL,1,0.0012,3,2
2022-09-01T12:30:00-00:00,2022-09-01T12:45:00-00:00,2022-09-01,06,NIMBUS_1_UNIT 2GNODE,NIMBUS_1_UNIT 2GNODE,NIMBUS_1_UNIT 2GNODE,RTPD,MCC,LMP_CONG_PRC,NIMBUS_1_UNIT 2GNODE,ALL,1,-10.31017,3,2
2022-09-01T13:30:00-00:00,2022-09-01T13:45:00-00:00,2022-09-01,07,NIMBUS_1_UNIT 2GNODE,NIMBUS_1_UNIT 2GNODE,NIMBUS_1_UNIT 2GNODE,RTPD,MCC,LMP_CONG_PRC,NIMBUS_1_UNIT 2GNODE,ALL,1,-0.0012,3,2
2022-09-01T14:30:00-00:00,2022-09-01T14:45:00-00:00,2022-09-01,08,NIMBUS_1_UNIT 2GNODE,NIMBUS_1_UNIT 2GNODE,NIMBUS_1_UNIT 2GNODE,RTPD,MCC,LMP_CONG_PRC,NIMBUS_1_UNIT 2GNODE,ALL,1,-0.0012,3,2
2022-09-01T15:30:00-00:00,2022-09-01T15:45:00-00:00,2022-09-01,09,NIMBUS_1_UNIT 2GNODE,NIMBUS_1_UNIT 2GNODE,NIMBUS_1_UNIT 2GNODE,RTPD,MCC,LMP_CONG_PRC,NIMBUS_1_UNIT 2GNODE,ALL,1,0.0012,3,2
2022-09-01T16:30:00-00:00,2022-09-01T16:45:00-00:00,2022-09-01,10,NIMBUS_1_UNIT 2GNODE,NIMBUS_1_UNIT 2GNODE,NIMBUS_1_UNIT 2GNODE,RTPD,MCC,LMP_CONG_PRC,NIMBUS_1_UNIT 2GNODE,ALL,1,-13.41516,3,2
2022-09-01T17:30:00-00:00,2022-09-01T17:45:00-00:00,2022-09-01,11,NIMBUS_1_UNIT 2GNODE,NIMBUS_1_UNIT 2GNODE,NIMBUS_1_UNIT 2GNODE,RTPD,MCC,LMP_CONG_PRC,NIMBUS_1_UNIT 2GNODE,ALL,1,-20.00973,3,2
2022-09-01T18:30:00-00:00,2022-09-01T18:45:00-00:00,2022-09-01,12,NIMBUS_1_UNIT 2GNODE,NIMBUS_1_UNIT 2GNODE,NIMBUS_1_UNIT 2GNODE,RTPD,MCC,LMP_CONG_PRC,NIMBUS_1_UNIT 2GNODE,ALL,1,-27.14257,3,2
2022-09-01T19:30:00-00:00,2022-09-01T19:45:00-00:00,2022-09-01,13,NIMBUS_1_UNIT 2GNODE,NIMBUS_1_UNIT 2GNODE,NIMBUS_1_UNIT 2GNODE,RTPD,MCC,LMP_CONG_PRC,NIMBUS_1_UNIT 2GNODE,ALL,1,-12.46818,3,2
2022-09-01T20:30:00-00:00,2022-09-01T20:45:00-00:00,2022-09-01,14,NIMBUS_1_UNIT 2GNODE,NIMBUS_1_UNIT 2GNODE,NIMBUS_1_UNIT 2GNODE,RTPD,MCC,LMP_CONG_PRC,NIMBUS_1_UNIT 2GNODE,ALL,1,-12.60493,3,2
2022-09-01T21:30:00-00:00,2022-09-01T21:45:00-00:00,2022-09-01,15,NIMBUS_1_UNIT 2GNODE,NIMBUS_1_UNIT 2GNODE,NIMBUS_1_UNIT 2GNODE,RTPD,MCC,LMP_CONG_PRC,NIMBUS_1_UNIT 2GNODE,ALL,1,-24.28055,3,2
2022-09-01T22:30:00-00:00,2022-09-01T22:45:00-00:00,2022-09-01,16,NIMBUS_1_UNIT 2GNODE,NIMBUS_1_UNIT 2GNODE,NIMBUS_1_UNIT 2GNODE,RTPD,MCC,LMP_CONG_PRC,NIMBUS_1_UNIT 2GNODE,ALL,1,-124.92181,3,2
2022-09-01T23:30:00-00:00,2022-09-01T23:45:00-00:00,2022-09-01,17,NIMBUS_1_UNIT 2GNODE,NIMBUS_1_UNIT 2GNODE,NIMBUS_1_UNIT 2GNODE,RTPD,MCC,LMP_CONG_PRC,NIMBUS_1_UNIT 2GNODE,ALL,1,0.0012,3,2
2022-09-02T00:30:00-00:00,2022-09-02T00:45:00-00:00,2022-09-01,18,NIMBUS_1_UNIT 2GNODE,NIMBUS_1_UNIT 2GNODE,NIMBUS_1_UNIT 2GNODE,RTPD,MCC,LMP_CONG_PRC,NIMBUS_1_UNIT 2GNODE,ALL,1,445.70547,3,2
2022-09-02T01:30:00-00:00,2022-09-02T01:45:00-00:00,2022-09-01,19,NIMBUS_1_UNIT 2GNODE,NIMBUS_1_UNIT 2GNODE,NIMBUS_1_UNIT 2GNODE,RTPD,MCC,LMP_CONG_PRC,NIMBUS_1_UNIT 2GNODE,ALL,1,-0.0012,3,2
2022-09-02T02:30:00-00:00,2022-09-02T02:45:00-00:00,2022-09-01,20,NIMBUS_1_UNIT 2GNODE,NIMBUS_1_UNIT 2GNODE,NIMBUS_1_UNIT 2GNODE,RTPD,MCC,LMP_CONG_PRC,NIMBUS_1_UNIT 2GNODE,ALL,1,-0.0012,3,2
2022-09-02T03:30:00-00:00,2022-09-02T03:45:00-00:00,2022-09-01,21,NIMBUS_1_UNIT 2GNODE,NIMBUS_1_UNIT 2GNODE,NIMBUS_1_UNIT 2GNODE,RTPD,MCC,LMP_CONG_PRC,NIMBUS_1_UNIT 2GNODE,ALL,1,31.48905,3,2
2022-09-02T04:30:00-00:00,2022-09-02T04:45:00-00:00,2022-09-01,22,NIMBUS_1_UNIT 2GNODE,NIMBUS_1_UNIT 2GNODE,NIMBUS_1_UNIT 2GNODE,RTPD,MCC,LMP_CONG_PRC,NIMBUS_1_UNIT 2GNODE,ALL,1,-0.0012,3,2
2022-09-02T05:30:00-00:00,2022-09-02T05:45:00-00:00,2022-09-01,23,NIMBUS_1_UNIT 2GNODE,NIMBUS_1_UNIT 2GNODE,NIMBUS_1_UNIT 2GNODE,RTPD,MCC,LMP_CONG_PRC,NIMBUS_1_UNIT 2GNODE,ALL,1,0.0012,3,2
2022-09-02T06:30:00-00:00,2022-09-02T06:45:00-00:00,2022-09-01,24,NIMBUS_1_UNIT 2GNODE,NIMBUS_1_UNIT 2GNODE,NIMBUS_1_UNIT 2GNODE,RTPD,MCC,LMP_CONG_PRC,NIMBUS_1_UNIT 2GNODE,ALL,1,0.0012,3,2
2022-09-01T07:45:00-00:00,2022-09-01T08:00:00-00:00,2022-09-01,01,NIMBUS_1_UNIT 2GNODE,NIMBUS_1_UNIT 2GNODE,NIMBUS_1_UNIT 2GNODE,RTPD,MCC,LMP_CONG_PRC,NIMBUS_1_UNIT 2GNODE,ALL,1,-18.00029,4,2
2022-09-01T08:45:00-00:00,2022-09-01T09:00:00-00:00,2022-09-01,02,NIMBUS_1_UNIT 2GNODE,NIMBUS_1_UNIT 2GNODE,NIMBUS_1_UNIT 2GNODE,RTPD,MCC,LMP_CONG_PRC,NIMBUS_1_UNIT 2GNODE,ALL,1,-4.39319,4,2
2022-09-01T09:45:00-00:00,2022-09-01T10:00:00-00:00,2022-09-01,03,NIMBUS_1_UNIT 2GNODE,NIMBUS_1_UNIT 2GNODE,NIMBUS_1_UNIT 2GNODE,RTPD,MCC,LMP_CONG_PRC,NIMBUS_1_UNIT 2GNODE,ALL,1,-5.08521,4,2
2022-09-01T10:45:00-00:00,2022-09-01T11:00:00-00:00,2022-09-01,04,NIMBUS_1_UNIT 2GNODE,NIMBUS_1_UNIT 2GNODE,NIMBUS_1_UNIT 2GNODE,RTPD,MCC,LMP_CONG_PRC,NIMBUS_1_UNIT 2GNODE,ALL,1,-1.19121,4,2
2022-09-01T11:45:00-00:00,2022-09-01T12:00:00-00:00,2022-09-01,05,NIMBUS_1_UNIT 2GNODE,NIMBUS_1_UNIT 2GNODE,NIMBUS_1_UNIT 2GNODE,RTPD,MCC,LMP_CONG_PRC,NIMBUS_1_UNIT 2GNODE,ALL,1,0.0012,4,2
2022-09-01T12:45:00-00:00,2022-09-01T13:00:00-00:00,2022-09-01,06,NIMBUS_1_UNIT 2GNODE,NIMBUS_1_UNIT 2GNODE,NIMBUS_1_UNIT 2GNODE,RTPD,MCC,LMP_CONG_PRC,NIMBUS_1_UNIT 2GNODE,ALL,1,-2.29399,4,2
2022-09-01T13:45:00-00:00,2022-09-01T14:00:00-00:00,2022-09-01,07,NIMBUS_1_UNIT 2GNODE,NIMBUS_1_UNIT 2GNODE,NIMBUS_1_UNIT 2GNODE,RTPD,MCC,LMP_CONG_PRC,NIMBUS_1_UNIT 2GNODE,ALL,1,-0.0012,4,2
2022-09-01T14:45:00-00:00,2022-09-01T15:00:00-00:00,2022-09-01,08,NIMBUS_1_UNIT 2GNODE,NIMBUS_1_UNIT 2GNODE,NIMBUS_1_UNIT 2GNODE,RTPD,MCC,LMP_CONG_PRC,NIMBUS_1_UNIT 2GNODE,ALL,1,0.0012,4,2
2022-09-01T15:45:00-00:00,2022-09-01T16:00:00-00:00,2022-09-01,09,NIMBUS_1_UNIT 2GNODE,NIMBUS_1_UNIT 2GNODE,NIMBUS_1_UNIT 2GNODE,RTPD,MCC,LMP_CONG_PRC,NIMBUS_1_UNIT 2GNODE,ALL,1,0.0012,4,2
2022-09-01T16:45:00-00:00,2022-09-01T17:00:00-00:00,2022-09-01,10,NIMBUS_1_UNIT 2GNODE,NIMBUS_1_UNIT 2GNODE,NIMBUS_1_UNIT 2GNODE,RTPD,MCC,LMP_CONG_PRC,NIMBUS_1_UNIT 2GNODE,ALL,1,-12.14958,4,2
2022-09-01T17:45:00-00:00,2022-09-01T18:00:00-00:00,2022-09-01,11,NIMBUS_1_UNIT 2GNODE,NIMBUS_1_UNIT 2GNODE,NIMBUS_1_UNIT 2GNODE,RTPD,MCC,LMP_CONG_PRC,NIMBUS_1_UNIT 2GNODE,ALL,1,-19.80992,4,2
2022-09-01T18:45:00-00:00,2022-09-01T19:00:00-00:00,2022-09-01,12,NIMBUS_1_UNIT 2GNODE,NIMBUS_1_UNIT 2GNODE,NIMBUS_1_UNIT 2GNODE,RTPD,MCC,LMP_CONG_PRC,NIMBUS_1_UNIT 2GNODE,ALL,1,-27.03867,4,2
2022-09-01T19:45:00-00:00,2022-09-01T20:00:00-00:00,2022-09-01,13,NIMBUS_1_UNIT 2GNODE,NIMBUS_1_UNIT 2GNODE,NIMBUS_1_UNIT 2GNODE,RTPD,MCC,LMP_CONG_PRC,NIMBUS_1_UNIT 2GNODE,ALL,1,-13.45492,4,2
2022-09-01T20:45:00-00:00,2022-09-01T21:00:00-00:00,2022-09-01,14,NIMBUS_1_UNIT 2GNODE,NIMBUS_1_UNIT 2GNODE,NIMBUS_1_UNIT 2GNODE,RTPD,MCC,LMP_CONG_PRC,NIMBUS_1_UNIT 2GNODE,ALL,1,-27.95323,4,2
2022-09-01T21:45:00-00:00,2022-09-01T22:00:00-00:00,2022-09-01,15,NIMBUS_1_UNIT 2GNODE,NIMBUS_1_UNIT 2GNODE,NIMBUS_1_UNIT 2GNODE,RTPD,MCC,LMP_CONG_PRC,NIMBUS_1_UNIT 2GNODE,ALL,1,-88.21582,4,2
2022-09-01T22:45:00-00:00,2022-09-01T23:00:00-00:00,2022-09-01,16,NIMBUS_1_UNIT 2GNODE,NIMBUS_1_UNIT 2GNODE,NIMBUS_1_UNIT 2GNODE,RTPD,MCC,LMP_CONG_PRC,NIMBUS_1_UNIT 2GNODE,ALL,1,-253.72664,4,2
2022-09-01T23:45:00-00:00,2022-09-02T00:00:00-00:00,2022-09-01,17,NIMBUS_1_UNIT 2GNODE,NIMBUS_1_UNIT 2GNODE,NIMBUS_1_UNIT 2GNODE,RTPD,MCC,LMP_CONG_PRC,NIMBUS_1_UNIT 2GNODE,ALL,1,389.98898,4,2
2022-09-02T00:45:00-00:00,2022-09-02T01:00:00-00:00,2022-09-01,18,NIMBUS_1_UNIT 2GNODE,NIMBUS_1_UNIT 2GNODE,NIMBUS_1_UNIT 2GNODE,RTPD,MCC,LMP_CONG_PRC,NIMBUS_1_UNIT 2GNODE,ALL,1,280.6205,4,2
2022-09-02T01:45:00-00:00,2022-09-02T02:00:00-00:00,2022-09-01,19,NIMBUS_1_UNIT 2GNODE,NIMBUS_1_UNIT 2GNODE,NIMBUS_1_UNIT 2GNODE,RTPD,MCC,LMP_CONG_PRC,NIMBUS_1_UNIT 2GNODE,ALL,1,-0.0012,4,2
2022-09-02T02:45:00-00:00,2022-09-02T03:00:00-00:00,2022-09-01,20,NIMBUS_1_UNIT 2GNODE,NIMBUS_1_UNIT 2GNODE,NIMBUS_1_UNIT 2GNODE,RTPD,MCC,LMP_CONG_PRC,NIMBUS_1_UNIT 2GNODE,ALL,1,127.79341,4,2
2022-09-02T03:45:00-00:00,2022-09-02T04:00:00-00:00,2022-09-01,21,NIMBUS_1_UNIT 2GNODE,NIMBUS_1_UNIT 2GNODE,NIMBUS_1_UNIT 2GNODE,RTPD,MCC,LMP_CONG_PRC,NIMBUS_1_UNIT 2GNODE,ALL,1,18.33882,4,2
2022-09-02T04:45:00-00:00,2022-09-02T05:00:00-00:00,2022-09-01,22,NIMBUS_1_UNIT 2GNODE,NIMBUS_1_UNIT 2GNODE,NIMBUS_1_UNIT 2GNODE,RTPD,MCC,LMP_CONG_PRC,NIMBUS_1_UNIT 2GNODE,ALL,1,0.0012,4,2
2022-09-02T05:45:00-00:00,2022-09-02T06:00:00-00:00,2022-09-01,23,NIMBUS_1_UNIT 2GNODE,NIMBUS_1_UNIT 2GNODE,NIMBUS_1_UNIT 2GNODE,RTPD,MCC,LMP_CONG_PRC,NIMBUS_1_UNIT 2GNODE,ALL,1,-4.24248,4,2
2022-09-02T06:45:00-00:00,2022-09-02T07:00:00-00:00,2022-09-01,24,NIMBUS_1_UNIT 2GNODE,NIMBUS_1_UNIT 2GNODE,NIMBUS_1_UNIT 2GNODE,RTPD,MCC,LMP_CONG_PRC,NIMBUS_1_UNIT 2GNODE,ALL,1,0.0012,4,2
2022-09-01T07:00:00-00:00,2022-09-01T07:15:00-00:00,2022-09-01,01,NIMBUS_1_UNIT 2GNODE,NIMBUS_1_UNIT 2GNODE,NIMBUS_1_UNIT 2GNODE,RTPD,MCE,LMP_ENE_PRC,NIMBUS_1_UNIT 2GNODE,ALL,1,104.23471,1,3
2022-09-01T08:00:00-00:00,2022-09-01T08:15:00-00:00,2022-09-01,02,NIMBUS_1_UNIT 2GNODE,NIMBUS_1_UNIT 2GNODE,NIMBUS_1_UNIT 2GNODE,RTPD,MCE,LMP_ENE_PRC,NIMBUS_1_UNIT 2GNODE,ALL,1,115.5488,1,3
2022-09-01T09:00:00-00:00,2022-09-01T09:15:00-00:00,2022-09-01,03,NIMBUS_1_UNIT 2GNODE,NIMBUS_1_UNIT 2GNODE,NIMBUS_1_UNIT 2GNODE,RTPD,MCE,LMP_ENE_PRC,NIMBUS_1_UNIT 2GNODE,ALL,1,99.73061,1,3
2022-09-01T10:00:00-00:00,2022-09-01T10:15:00-00:00,2022-09-01,04,NIMBUS_1_UNIT 2GNODE,NIMBUS_1_UNIT 2GNODE,NIMBUS_1_UNIT 2GNODE,RTPD,MCE,LMP_ENE_PRC,NIMBUS_1_UNIT 2GNODE,ALL,1,98.64222,1,3
2022-09-01T11:00:00-00:00,2022-09-01T11:15:00-00:00,2022-09-01,05,NIMBUS_1_UNIT 2GNODE,NIMBUS_1_UNIT 2GNODE,NIMBUS_1_UNIT 2GNODE,RTPD,MCE,LMP_ENE_PRC,NIMBUS_1_UNIT 2GNODE,ALL,1,102.56859,1,3
2022-09-01T12:00:00-00:00,2022-09-01T12:15:00-00:00,2022-09-01,06,NIMBUS_1_UNIT 2GNODE,NIMBUS_1_UNIT 2GNODE,NIMBUS_1_UNIT 2GNODE,RTPD,MCE,LMP_ENE_PRC,NIMBUS_1_UNIT 2GNODE,ALL,1,96.90845,1,3
2022-09-01T13:00:00-00:00,2022-09-01T13:15:00-00:00,2022-09-01,07,NIMBUS_1_UNIT 2GNODE,NIMBUS_1_UNIT 2GNODE,NIMBUS_1_UNIT 2GNODE,RTPD,MCE,LMP_ENE_PRC,NIMBUS_1_UNIT 2GNODE,ALL,1,101.80878,1,3
2022-09-01T14:00:00-00:00,2022-09-01T14:15:00-00:00,2022-09-01,08,NIMBUS_1_UNIT 2GNODE,NIMBUS_1_UNIT 2GNODE,NIMBUS_1_UNIT 2GNODE,RTPD,MCE,LMP_ENE_PRC,NIMBUS_1_UNIT 2GNODE,ALL,1,111.11219,1,3
2022-09-01T15:00:00-00:00,2022-09-01T15:15:00-00:00,2022-09-01,09,NIMBUS_1_UNIT 2GNODE,NIMBUS_1_UNIT 2GNODE,NIMBUS_1_UNIT 2GNODE,RTPD,MCE,LMP_ENE_PRC,NIMBUS_1_UNIT 2GNODE,ALL,1,97.4112,1,3
2022-09-01T16:00:00-00:00,2022-09-01T16:15:00-00:00,2022-09-01,10,NIMBUS_1_UNIT 2GNODE,NIMBUS_1_UNIT 2GNODE,NIMBUS_1_UNIT 2GNODE,RTPD,MCE,LMP_ENE_PRC,NIMBUS_1_UNIT 2GNODE,ALL,1,83.43525,1,3
2022-09-01T17:00:00-00:00,2022-09-01T17:15:00-00:00,2022-09-01,11,NIMBUS_1_UNIT 2GNODE,NIMBUS_1_UNIT 2GNODE,NIMBUS_1_UNIT 2GNODE,RTPD,MCE,LMP_ENE_PRC,NIMBUS_1_UNIT 2GNODE,ALL,1,96.94897,1,3
2022-09-01T18:00:00-00:00,2022-09-01T18:15:00-00:00,2022-09-01,12,NIMBUS_1_UNIT 2GNODE,NIMBUS_1_UNIT 2GNODE,NIMBUS_1_UNIT 2GNODE,RTPD,MCE,LMP_ENE_PRC,NIMBUS_1_UNIT 2GNODE,ALL,1,91.59291,1,3
2022-09-01T19:00:00-00:00,2022-09-01T19:15:00-00:00,2022-09-01,13,NIMBUS_1_UNIT 2GNODE,NIMBUS_1_UNIT 2GNODE,NIMBUS_1_UNIT 2GNODE,RTPD,MCE,LMP_ENE_PRC,NIMBUS_1_UNIT 2GNODE,ALL,1,109.19637,1,3
2022-09-01T20:00:00-00:00,2022-09-01T20:15:00-00:00,2022-09-01,14,NIMBUS_1_UNIT 2GNODE,NIMBUS_1_UNIT 2GNODE,NIMBUS_1_UNIT 2GNODE,RTPD,MCE,LMP_ENE_PRC,NIMBUS_1_UNIT 2GNODE,ALL,1,117.94359,1,3
2022-09-01T21:00:00-00:00,2022-09-01T21:15:00-00:00,2022-09-01,15,NIMBUS_1_UNIT 2GNODE,NIMBUS_1_UNIT 2GNODE,NIMBUS_1_UNIT 2GNODE,RTPD,MCE,LMP_ENE_PRC,NIMBUS_1_UNIT 2GNODE,ALL,1,226.61499,1,3
2022-09-01T22:00:00-00:00,2022-09-01T22:15:00-00:00,2022-09-01,16,NIMBUS_1_UNIT 2GNODE,NIMBUS_1_UNIT 2GNODE,NIMBUS_1_UNIT 2GNODE,RTPD,MCE,LMP_ENE_PRC,NIMBUS_1_UNIT 2GNODE,ALL,1,229.18552,1,3
2022-09-01T23:00:00-00:00,2022-09-01T23:15:00-00:00,2022-09-01,17,NIMBUS_1_UNIT 2GNODE,NIMBUS_1_UNIT 2GNODE,NIMBUS_1_UNIT 2GNODE,RTPD,MCE,LMP_ENE_PRC,NIMBUS_1_UNIT 2GNODE,ALL,1,386.7537,1,3
2022-09-02T00:00:00-00:00,2022-09-02T00:15:00-00:00,2022-09-01,18,NIMBUS_1_UNIT 2GNODE,NIMBUS_1_UNIT 2GNODE,NIMBUS_1_UNIT 2GNODE,RTPD,MCE,LMP_ENE_PRC,NIMBUS_1_UNIT 2GNODE,ALL,1,770.58136,1,3
2022-09-02T01:00:00-00:00,2022-09-02T01:15:00-00:00,2022-09-01,19,NIMBUS_1_UNIT 2GNODE,NIMBUS_1_UNIT 2GNODE,NIMBUS_1_UNIT 2GNODE,RTPD,MCE,LMP_ENE_PRC,NIMBUS_1_UNIT 2GNODE,ALL,1,916.27124,1,3
2022-09-02T02:00:00-00:00,2022-09-02T02:15:00-00:00,2022-09-01,20,NIMBUS_1_UNIT 2GNODE,NIMBUS_1_UNIT 2GNODE,NIMBUS_1_UNIT 2GNODE,RTPD,MCE,LMP_ENE_PRC,NIMBUS_1_UNIT 2GNODE,ALL,1,1991.6721,1,3
2022-09-02T03:00:00-00:00,2022-09-02T03:15:00-00:00,2022-09-01,21,NIMBUS_1_UNIT 2GNODE,NIMBUS_1_UNIT 2GNODE,NIMBUS_1_UNIT 2GNODE,RTPD,MCE,LMP_ENE_PRC,NIMBUS_1_UNIT 2GNODE,ALL,1,917.5508,1,3
2022-09-02T04:00:00-00:00,2022-09-02T04:15:00-00:00,2022-09-01,22,NIMBUS_1_UNIT 2GNODE,NIMBUS_1_UNIT 2GNODE,NIMBUS_1_UNIT 2GNODE,RTPD,MCE,LMP_ENE_PRC,NIMBUS_1_UNIT 2GNODE,ALL,1,257.83005,1,3
2022-09-02T05:00:00-00:00,2022-09-02T05:15:00-00:00,2022-09-01,23,NIMBUS_1_UNIT 2GNODE,NIMBUS_1_UNIT 2GNODE,NIMBUS_1_UNIT 2GNODE,RTPD,MCE,LMP_ENE_PRC,NIMBUS_1_UNIT 2GNODE,ALL,1,183.24657,1,3
2022-09-02T06:00:00-00:00,2022-09-02T06:15:00-00:00,2022-09-01,24,NIMBUS_1_UNIT 2GNODE,NIMBUS_1_UNIT 2GNODE,NIMBUS_1_UNIT 2GNODE,RTPD,MCE,LMP_ENE_PRC,NIMBUS_1_UNIT 2GNODE,ALL,1,158.867,1,3
2022-09-01T07:15:00-00:00,2022-09-01T07:30:00-00:00,2022-09-01,01,NIMBUS_1_UNIT 2GNODE,NIMBUS_1_UNIT 2GNODE,NIMBUS_1_UNIT 2GNODE,RTPD,MCE,LMP_ENE_PRC,NIMBUS_1_UNIT 2GNODE,ALL,1,125.55144,2,3
2022-09-01T08:15:00-00:00,2022-09-01T08:30:00-00:00,2022-09-01,02,NIMBUS_1_UNIT 2GNODE,NIMBUS_1_UNIT 2GNODE,NIMBUS_1_UNIT 2GNODE,RTPD,MCE,LMP_ENE_PRC,NIMBUS_1_UNIT 2GNODE,ALL,1,115.53165,2,3
2022-09-01T09:15:00-00:00,2022-09-01T09:30:00-00:00,2022-09-01,03,NIMBUS_1_UNIT 2GNODE,NIMBUS_1_UNIT 2GNODE,NIMBUS_1_UNIT 2GNODE,RTPD,MCE,LMP_ENE_PRC,NIMBUS_1_UNIT 2GNODE,ALL,1,98.30543,2,3
2022-09-01T10:15:00-00:00,2022-09-01T10:30:00-00:00,2022-09-01,04,NIMBUS_1_UNIT 2GNODE,NIMBUS_1_UNIT 2GNODE,NIMBUS_1_UNIT 2GNODE,RTPD,MCE,LMP_ENE_PRC,NIMBUS_1_UNIT 2GNODE,ALL,1,97.00684,2,3
2022-09-01T11:15:00-00:00,2022-09-01T11:30:00-00:00,2022-09-01,05,NIMBUS_1_UNIT 2GNODE,NIMBUS_1_UNIT 2GNODE,NIMBUS_1_UNIT 2GNODE,RTPD,MCE,LMP_ENE_PRC,NIMBUS_1_UNIT 2GNODE,ALL,1,103.09059,2,3
2022-09-01T12:15:00-00:00,2022-09-01T12:30:00-00:00,2022-09-01,06,NIMBUS_1_UNIT 2GNODE,NIMBUS_1_UNIT 2GNODE,NIMBUS_1_UNIT 2GNODE,RTPD,MCE,LMP_ENE_PRC,NIMBUS_1_UNIT 2GNODE,ALL,1,109.32203,2,3
2022-09-01T13:15:00-00:00,2022-09-01T13:30:00-00:00,2022-09-01,07,NIMBUS_1_UNIT 2GNODE,NIMBUS_1_UNIT 2GNODE,NIMBUS_1_UNIT 2GNODE,RTPD,MCE,LMP_ENE_PRC,NIMBUS_1_UNIT 2GNODE,ALL,1,110.97827,2,3
2022-09-01T14:15:00-00:00,2022-09-01T14:30:00-00:00,2022-09-01,08,NIMBUS_1_UNIT 2GNODE,NIMBUS_1_UNIT 2GNODE,NIMBUS_1_UNIT 2GNODE,RTPD,MCE,LMP_ENE_PRC,NIMBUS_1_UNIT 2GNODE,ALL,1,104.78743,2,3
2022-09-01T15:15:00-00:00,2022-09-01T15:30:00-00:00,2022-09-01,09,NIMBUS_1_UNIT 2GNODE,NIMBUS_1_UNIT 2GNODE,NIMBUS_1_UNIT 2GNODE,RTPD,MCE,LMP_ENE_PRC,NIMBUS_1_UNIT 2GNODE,ALL,1,86.9388,2,3
2022-09-01T16:15:00-00:00,2022-09-01T16:30:00-00:00,2022-09-01,10,NIMBUS_1_UNIT 2GNODE,NIMBUS_1_UNIT 2GNODE,NIMBUS_1_UNIT 2GNODE,RTPD,MCE,LMP_ENE_PRC,NIMBUS_1_UNIT 2GNODE,ALL,1,89.44858,2,3
2022-09-01T17:15:00-00:00,2022-09-01T17:30:00-00:00,2022-09-01,11,NIMBUS_1_UNIT 2GNODE,NIMBUS_1_UNIT 2GNODE,NIMBUS_1_UNIT 2GNODE,RTPD,MCE,LMP_ENE_PRC,NIMBUS_1_UNIT 2GNODE,ALL,1,99.34673,2,3
2022-09-01T18:15:00-00:00,2022-09-01T18:30:00-00:00,2022-09-01,12,NIMBUS_1_UNIT 2GNODE,NIMBUS_1_UNIT 2GNODE,NIMBUS_1_UNIT 2GNODE,RTPD,MCE,LMP_ENE_PRC,NIMBUS_1_UNIT 2GNODE,ALL,1,101.15901,2,3
2022-09-01T19:15:00-00:00,2022-09-01T19:30:00-00:00,2022-09-01,13,NIMBUS_1_UNIT 2GNODE,NIMBUS_1_UNIT 2GNODE,NIMBUS_1_UNIT 2GNODE,RTPD,MCE,LMP_ENE_PRC,NIMBUS_1_UNIT 2GNODE,ALL,1,105.30588,2,3
2022-09-01T20:15:00-00:00,2022-09-01T20:30:00-00:00,2022-09-01,14,NIMBUS_1_UNIT 2GNODE,NIMBUS_1_UNIT 2GNODE,NIMBUS_1_UNIT 2GNODE,RTPD,MCE,LMP_ENE_PRC,NIMBUS_1_UNIT 2GNODE,ALL,1,117.49421,2,3
2022-09-01T21:15:00-00:00,2022-09-01T21:30:00-00:00,2022-09-01,15,NIMBUS_1_UNIT 2GNODE,NIMBUS_1_UNIT 2GNODE,NIMBUS_1_UNIT 2GNODE,RTPD,MCE,LMP_ENE_PRC,NIMBUS_1_UNIT 2GNODE,ALL,1,147.21185,2,3
2022-09-01T22:15:00-00:00,2022-09-01T22:30:00-00:00,2022-09-01,16,NIMBUS_1_UNIT 2GNODE,NIMBUS_1_UNIT 2GNODE,NIMBUS_1_UNIT 2GNODE,RTPD,MCE,LMP_ENE_PRC,NIMBUS_1_UNIT 2GNODE,ALL,1,256.58734,2,3
2022-09-01T23:15:00-00:00,2022-09-01T23:30:00-00:00,2022-09-01,17,NIMBUS_1_UNIT 2GNODE,NIMBUS_1_UNIT 2GNODE,NIMBUS_1_UNIT 2GNODE,RTPD,MCE,LMP_ENE_PRC,NIMBUS_1_UNIT 2GNODE,ALL,1,362.12408,2,3
2022-09-02T00:15:00-00:00,2022-09-02T00:30:00-00:00,2022-09-01,18,NIMBUS_1_UNIT 2GNODE,NIMBUS_1_UNIT 2GNODE,NIMBUS_1_UNIT 2GNODE,RTPD,MCE,LMP_ENE_PRC,NIMBUS_1_UNIT 2GNODE,ALL,1,691.2182,2,3
2022-09-02T01:15:00-00:00,2022-09-02T01:30:00-00:00,2022-09-01,19,NIMBUS_1_UNIT 2GNODE,NIMBUS_1_UNIT 2GNODE,NIMBUS_1_UNIT 2GNODE,RTPD,MCE,LMP_ENE_PRC,NIMBUS_1_UNIT 2GNODE,ALL,1,1999.9933,2,3
2022-09-02T02:15:00-00:00,2022-09-02T02:30:00-00:00,2022-09-01,20,NIMBUS_1_UNIT 2GNODE,NIMBUS_1_UNIT 2GNODE,NIMBUS_1_UNIT 2GNODE,RTPD,MCE,LMP_ENE_PRC,NIMBUS_1_UNIT 2GNODE,ALL,1,1991.6721,2,3
2022-09-02T03:15:00-00:00,2022-09-02T03:30:00-00:00,2022-09-01,21,NIMBUS_1_UNIT 2GNODE,NIMBUS_1_UNIT 2GNODE,NIMBUS_1_UNIT 2GNODE,RTPD,MCE,LMP_ENE_PRC,NIMBUS_1_UNIT 2GNODE,ALL,1,400.52884,2,3
2022-09-02T04:15:00-00:00,2022-09-02T04:30:00-00:00,2022-09-01,22,NIMBUS_1_UNIT 2GNODE,NIMBUS_1_UNIT 2GNODE,NIMBUS_1_UNIT 2GNODE,RTPD,MCE,LMP_ENE_PRC,NIMBUS_1_UNIT 2GNODE,ALL,1,224.75041,2,3
2022-09-02T05:15:00-00:00,2022-09-02T05:30:00-00:00,2022-09-01,23,NIMBUS_1_UNIT 2GNODE,NIMBUS_1_UNIT 2GNODE,NIMBUS_1_UNIT 2GNODE,RTPD,MCE,LMP_ENE_PRC,NIMBUS_1_UNIT 2GNODE,ALL,1,157.11986,2,3
2022-09-02T06:15:00-00:00,2022-09-02T06:30:00-00:00,2022-09-01,24,NIMBUS_1_UNIT 2GNODE,NIMBUS_1_UNIT 2GNODE,NIMBUS_1_UNIT 2GNODE,RTPD,MCE,LMP_ENE_PRC,NIMBUS_1_UNIT 2GNODE,ALL,1,143.1005,2,3
2022-09-01T07:30:00-00:00,2022-09-01T07:45:00-00:00,2022-09-01,01,NIMBUS_1_UNIT 2GNODE,NIMBUS_1_UNIT 2GNODE,NIMBUS_1_UNIT 2GNODE,RTPD,MCE,LMP_ENE_PRC,NIMBUS_1_UNIT 2GNODE,ALL,1,119.03196,3,3
2022-09-01T08:30:00-00:00,2022-09-01T08:45:00-00:00,2022-09-01,02,NIMBUS_1_UNIT 2GNODE,NIMBUS_1_UNIT 2GNODE,NIMBUS_1_UNIT 2GNODE,RTPD,MCE,LMP_ENE_PRC,NIMBUS_1_UNIT 2GNODE,ALL,1,111.11241,3,3
2022-09-01T09:30:00-00:00,2022-09-01T09:45:00-00:00,2022-09-01,03,NIMBUS_1_UNIT 2GNODE,NIMBUS_1_UNIT 2GNODE,NIMBUS_1_UNIT 2GNODE,RTPD,MCE,LMP_ENE_PRC,NIMBUS_1_UNIT 2GNODE,ALL,1,98.16228,3,3
2022-09-01T10:30:00-00:00,2022-09-01T10:45:00-00:00,2022-09-01,04,NIMBUS_1_UNIT 2GNODE,NIMBUS_1_UNIT 2GNODE,NIMBUS_1_UNIT 2GNODE,RTPD,MCE,LMP_ENE_PRC,NIMBUS_1_UNIT 2GNODE,ALL,1,96.36226,3,3
2022-09-01T11:30:00-00:00,2022-09-01T11:45:00-00:00,2022-09-01,05,NIMBUS_1_UNIT 2GNODE,NIMBUS_1_UNIT 2GNODE,NIMBUS_1_UNIT 2GNODE,RTPD,MCE,LMP_ENE_PRC,NIMBUS_1_UNIT 2GNODE,ALL,1,103.06198,3,3
2022-09-01T12:30:00-00:00,2022-09-01T12:45:00-00:00,2022-09-01,06,NIMBUS_1_UNIT 2GNODE,NIMBUS_1_UNIT 2GNODE,NIMBUS_1_UNIT 2GNODE,RTPD,MCE,LMP_ENE_PRC,NIMBUS_1_UNIT 2GNODE,ALL,1,113.57403,3,3
2022-09-01T13:30:00-00:00,2022-09-01T13:45:00-00:00,2022-09-01,07,NIMBUS_1_UNIT 2GNODE,NIMBUS_1_UNIT 2GNODE,NIMBUS_1_UNIT 2GNODE,RTPD,MCE,LMP_ENE_PRC,NIMBUS_1_UNIT 2GNODE,ALL,1,111.52025,3,3
2022-09-01T14:30:00-00:00,2022-09-01T14:45:00-00:00,2022-09-01,08,NIMBUS_1_UNIT 2GNODE,NIMBUS_1_UNIT 2GNODE,NIMBUS_1_UNIT 2GNODE,RTPD,MCE,LMP_ENE_PRC,NIMBUS_1_UNIT 2GNODE,ALL,1,101.83428,3,3
2022-09-01T15:30:00-00:00,2022-09-01T15:45:00-00:00,2022-09-01,09,NIMBUS_1_UNIT 2GNODE,NIMBUS_1_UNIT 2GNODE,NIMBUS_1_UNIT 2GNODE,RTPD,MCE,LMP_ENE_PRC,NIMBUS_1_UNIT 2GNODE,ALL,1,86.1388,3,3
2022-09-01T16:30:00-00:00,2022-09-01T16:45:00-00:00,2022-09-01,10,NIMBUS_1_UNIT 2GNODE,NIMBUS_1_UNIT 2GNODE,NIMBUS_1_UNIT 2GNODE,RTPD,MCE,LMP_ENE_PRC,NIMBUS_1_UNIT 2GNODE,ALL,1,88.79644,3,3
2022-09-01T17:30:00-00:00,2022-09-01T17:45:00-00:00,2022-09-01,11,NIMBUS_1_UNIT 2GNODE,NIMBUS_1_UNIT 2GNODE,NIMBUS_1_UNIT 2GNODE,RTPD,MCE,LMP_ENE_PRC,NIMBUS_1_UNIT 2GNODE,ALL,1,99.13013,3,3
2022-09-01T18:30:00-00:00,2022-09-01T18:45:00-00:00,2022-09-01,12,NIMBUS_1_UNIT 2GNODE,NIMBUS_1_UNIT 2GNODE,NIMBUS_1_UNIT 2GNODE,RTPD,MCE,LMP_ENE_PRC,NIMBUS_1_UNIT 2GNODE,ALL,1,107.05718,3,3
2022-09-01T19:30:00-00:00,2022-09-01T19:45:00-00:00,2022-09-01,13,NIMBUS_1_UNIT 2GNODE,NIMBUS_1_UNIT 2GNODE,NIMBUS_1_UNIT 2GNODE,RTPD,MCE,LMP_ENE_PRC,NIMBUS_1_UNIT 2GNODE,ALL,1,114.05905,3,3
2022-09-01T20:30:00-00:00,2022-09-01T20:45:00-00:00,2022-09-01,14,NIMBUS_1_UNIT 2GNODE,NIMBUS_1_UNIT 2GNODE,NIMBUS_1_UNIT 2GNODE,RTPD,MCE,LMP_ENE_PRC,NIMBUS_1_UNIT 2GNODE,ALL,1,129.81606,3,3
2022-09-01T21:30:00-00:00,2022-09-01T21:45:00-00:00,2022-09-01,15,NIMBUS_1_UNIT 2GNODE,NIMBUS_1_UNIT 2GNODE,NIMBUS_1_UNIT 2GNODE,RTPD,MCE,LMP_ENE_PRC,NIMBUS_1_UNIT 2GNODE,ALL,1,152.93057,3,3
2022-09-01T22:30:00-00:00,2022-09-01T22:45:00-00:00,2022-09-01,16,NIMBUS_1_UNIT 2GNODE,NIMBUS_1_UNIT 2GNODE,NIMBUS_1_UNIT 2GNODE,RTPD,MCE,LMP_ENE_PRC,NIMBUS_1_UNIT 2GNODE,ALL,1,283.18182,3,3
2022-09-01T23:30:00-00:00,2022-09-01T23:45:00-00:00,2022-09-01,17,NIMBUS_1_UNIT 2GNODE,NIMBUS_1_UNIT 2GNODE,NIMBUS_1_UNIT 2GNODE,RTPD,MCE,LMP_ENE_PRC,NIMBUS_1_UNIT 2GNODE,ALL,1,566.48157,3,3
2022-09-02T00:30:00-00:00,2022-09-02T00:45:00-00:00,2022-09-01,18,NIMBUS_1_UNIT 2GNODE,NIMBUS_1_UNIT 2GNODE,NIMBUS_1_UNIT 2GNODE,RTPD,MCE,LMP_ENE_PRC,NIMBUS_1_UNIT 2GNODE,ALL,1,1329.1127,3,3
2022-09-02T01:30:00-00:00,2022-09-02T01:45:00-00:00,2022-09-01,19,NIMBUS_1_UNIT 2GNODE,NIMBUS_1_UNIT 2GNODE,NIMBUS_1_UNIT 2GNODE,RTPD,MCE,LMP_ENE_PRC,NIMBUS_1_UNIT 2GNODE,ALL,1,1999.9956,3,3
2022-09-02T02:30:00-00:00,2022-09-02T02:45:00-00:00,2022-09-01,20,NIMBUS_1_UNIT 2GNODE,NIMBUS_1_UNIT 2GNODE,NIMBUS_1_UNIT 2GNODE,RTPD,MCE,LMP_ENE_PRC,NIMBUS_1_UNIT 2GNODE,ALL,1,1991.671,3,3
2022-09-02T03:30:00-00:00,2022-09-02T03:45:00-00:00,2022-09-01,21,NIMBUS_1_UNIT 2GNODE,NIMBUS_1_UNIT 2GNODE,NIMBUS_1_UNIT 2GNODE,RTPD,MCE,LMP_ENE_PRC,NIMBUS_1_UNIT 2GNODE,ALL,1,186.61823,3,3
2022-09-02T04:30:00-00:00,2022-09-02T04:45:00-00:00,2022-09-01,22,NIMBUS_1_UNIT 2GNODE,NIMBUS_1_UNIT 2GNODE,NIMBUS_1_UNIT 2GNODE,RTPD,MCE,LMP_ENE_PRC,NIMBUS_1_UNIT 2GNODE,ALL,1,180.67824,3,3
2022-09-02T05:30:00-00:00,2022-09-02T05:45:00-00:00,2022-09-01,23,NIMBUS_1_UNIT 2GNODE,NIMBUS_1_UNIT 2GNODE,NIMBUS_1_UNIT 2GNODE,RTPD,MCE,LMP_ENE_PRC,NIMBUS_1_UNIT 2GNODE,ALL,1,131.69917,3,3
2022-09-02T06:30:00-00:00,2022-09-02T06:45:00-00:00,2022-09-01,24,NIMBUS_1_UNIT 2GNODE,NIMBUS_1_UNIT 2GNODE,NIMBUS_1_UNIT 2GNODE,RTPD,MCE,LMP_ENE_PRC,NIMBUS_1_UNIT 2GNODE,ALL,1,128.9871,3,3
2022-09-01T07:45:00-00:00,2022-09-01T08:00:00-00:00,2022-09-01,01,NIMBUS_1_UNIT 2GNODE,NIMBUS_1_UNIT 2GNODE,NIMBUS_1_UNIT 2GNODE,RTPD,MCE,LMP_ENE_PRC,NIMBUS_1_UNIT 2GNODE,ALL,1,109.12099,4,3
2022-09-01T08:45:00-00:00,2022-09-01T09:00:00-00:00,2022-09-01,02,NIMBUS_1_UNIT 2GNODE,NIMBUS_1_UNIT 2GNODE,NIMBUS_1_UNIT 2GNODE,RTPD,MCE,LMP_ENE_PRC,NIMBUS_1_UNIT 2GNODE,ALL,1,98.7357,4,3
2022-09-01T09:45:00-00:00,2022-09-01T10:00:00-00:00,2022-09-01,03,NIMBUS_1_UNIT 2GNODE,NIMBUS_1_UNIT 2GNODE,NIMBUS_1_UNIT 2GNODE,RTPD,MCE,LMP_ENE_PRC,NIMBUS_1_UNIT 2GNODE,ALL,1,97.50475,4,3
2022-09-01T10:45:00-00:00,2022-09-01T11:00:00-00:00,2022-09-01,04,NIMBUS_1_UNIT 2GNODE,NIMBUS_1_UNIT 2GNODE,NIMBUS_1_UNIT 2GNODE,RTPD,MCE,LMP_ENE_PRC,NIMBUS_1_UNIT 2GNODE,ALL,1,94.71966,4,3
2022-09-01T11:45:00-00:00,2022-09-01T12:00:00-00:00,2022-09-01,05,NIMBUS_1_UNIT 2GNODE,NIMBUS_1_UNIT 2GNODE,NIMBUS_1_UNIT 2GNODE,RTPD,MCE,LMP_ENE_PRC,NIMBUS_1_UNIT 2GNODE,ALL,1,107.01,4,3
2022-09-01T12:45:00-00:00,2022-09-01T13:00:00-00:00,2022-09-01,06,NIMBUS_1_UNIT 2GNODE,NIMBUS_1_UNIT 2GNODE,NIMBUS_1_UNIT 2GNODE,RTPD,MCE,LMP_ENE_PRC,NIMBUS_1_UNIT 2GNODE,ALL,1,116.4848,4,3
2022-09-01T13:45:00-00:00,2022-09-01T14:00:00-00:00,2022-09-01,07,NIMBUS_1_UNIT 2GNODE,NIMBUS_1_UNIT 2GNODE,NIMBUS_1_UNIT 2GNODE,RTPD,MCE,LMP_ENE_PRC,NIMBUS_1_UNIT 2GNODE,ALL,1,111.41,4,3
2022-09-01T14:45:00-00:00,2022-09-01T15:00:00-00:00,2022-09-01,08,NIMBUS_1_UNIT 2GNODE,NIMBUS_1_UNIT 2GNODE,NIMBUS_1_UNIT 2GNODE,RTPD,MCE,LMP_ENE_PRC,NIMBUS_1_UNIT 2GNODE,ALL,1,86.1388,4,3
2022-09-01T15:45:00-00:00,2022-09-01T16:00:00-00:00,2022-09-01,09,NIMBUS_1_UNIT 2GNODE,NIMBUS_1_UNIT 2GNODE,NIMBUS_1_UNIT 2GNODE,RTPD,MCE,LMP_ENE_PRC,NIMBUS_1_UNIT 2GNODE,ALL,1,78.70076,4,3
2022-09-01T16:45:00-00:00,2022-09-01T17:00:00-00:00,2022-09-01,10,NIMBUS_1_UNIT 2GNODE,NIMBUS_1_UNIT 2GNODE,NIMBUS_1_UNIT 2GNODE,RTPD,MCE,LMP_ENE_PRC,NIMBUS_1_UNIT 2GNODE,ALL,1,91.24933,4,3
2022-09-01T17:45:00-00:00,2022-09-01T18:00:00-00:00,2022-09-01,11,NIMBUS_1_UNIT 2GNODE,NIMBUS_1_UNIT 2GNODE,NIMBUS_1_UNIT 2GNODE,RTPD,MCE,LMP_ENE_PRC,NIMBUS_1_UNIT 2GNODE,ALL,1,99.20544,4,3
2022-09-01T18:45:00-00:00,2022-09-01T19:00:00-00:00,2022-09-01,12,NIMBUS_1_UNIT 2GNODE,NIMBUS_1_UNIT 2GNODE,NIMBUS_1_UNIT 2GNODE,RTPD,MCE,LMP_ENE_PRC,NIMBUS_1_UNIT 2GNODE,ALL,1,109.04064,4,3
2022-09-01T19:45:00-00:00,2022-09-01T20:00:00-00:00,2022-09-01,13,NIMBUS_1_UNIT 2GNODE,NIMBUS_1_UNIT 2GNODE,NIMBUS_1_UNIT 2GNODE,RTPD,MCE,LMP_ENE_PRC,NIMBUS_1_UNIT 2GNODE,ALL,1,120.22491,4,3
2022-09-01T20:45:00-00:00,2022-09-01T21:00:00-00:00,2022-09-01,14,NIMBUS_1_UNIT 2GNODE,NIMBUS_1_UNIT 2GNODE,NIMBUS_1_UNIT 2GNODE,RTPD,MCE,LMP_ENE_PRC,NIMBUS_1_UNIT 2GNODE,ALL,1,154.02509,4,3
2022-09-01T21:45:00-00:00,2022-09-01T22:00:00-00:00,2022-09-01,15,NIMBUS_1_UNIT 2GNODE,NIMBUS_1_UNIT 2GNODE,NIMBUS_1_UNIT 2GNODE,RTPD,MCE,LMP_ENE_PRC,NIMBUS_1_UNIT 2GNODE,ALL,1,300.29376,4,3
2022-09-01T22:45:00-00:00,2022-09-01T23:00:00-00:00,2022-09-01,16,NIMBUS_1_UNIT 2GNODE,NIMBUS_1_UNIT 2GNODE,NIMBUS_1_UNIT 2GNODE,RTPD,MCE,LMP_ENE_PRC,NIMBUS_1_UNIT 2GNODE,ALL,1,429.9137,4,3
2022-09-01T23:45:00-00:00,2022-09-02T00:00:00-00:00,2022-09-01,17,NIMBUS_1_UNIT 2GNODE,NIMBUS_1_UNIT 2GNODE,NIMBUS_1_UNIT 2GNODE,RTPD,MCE,LMP_ENE_PRC,NIMBUS_1_UNIT 2GNODE,ALL,1,1261.2124,4,3
2022-09-02T00:45:00-00:00,2022-09-02T01:00:00-00:00,2022-09-01,18,NIMBUS_1_UNIT 2GNODE,NIMBUS_1_UNIT 2GNODE,NIMBUS_1_UNIT 2GNODE,RTPD,MCE,LMP_ENE_PRC,NIMBUS_1_UNIT 2GNODE,ALL,1,1519.149,4,3
2022-09-02T01:45:00-00:00,2022-09-02T02:00:00-00:00,2022-09-01,19,NIMBUS_1_UNIT 2GNODE,NIMBUS_1_UNIT 2GNODE,NIMBUS_1_UNIT 2GNODE,RTPD,MCE,LMP_ENE_PRC,NIMBUS_1_UNIT 2GNODE,ALL,1,1991.9337,4,3
2022-09-02T02:45:00-00:00,2022-09-02T03:00:00-00:00,2022-09-01,20,NIMBUS_1_UNIT 2GNODE,NIMBUS_1_UNIT 2GNODE,NIMBUS_1_UNIT 2GNODE,RTPD,MCE,LMP_ENE_PRC,NIMBUS_1_UNIT 2GNODE,ALL,1,1629.6213,4,3
2022-09-02T03:45:00-00:00,2022-09-02T04:00:00-00:00,2022-09-01,21,NIMBUS_1_UNIT 2GNODE,NIMBUS_1_UNIT 2GNODE,NIMBUS_1_UNIT 2GNODE,RTPD,MCE,LMP_ENE_PRC,NIMBUS_1_UNIT 2GNODE,ALL,1,141.13702,4,3
2022-09-02T04:45:00-00:00,2022-09-02T05:00:00-00:00,2022-09-01,22,NIMBUS_1_UNIT 2GNODE,NIMBUS_1_UNIT 2GNODE,NIMBUS_1_UNIT 2GNODE,RTPD,MCE,LMP_ENE_PRC,NIMBUS_1_UNIT 2GNODE,ALL,1,126.76372,4,3
2022-09-02T05:45:00-00:00,2022-09-02T06:00:00-00:00,2022-09-01,23,NIMBUS_1_UNIT 2GNODE,NIMBUS_1_UNIT 2GNODE,NIMBUS_1_UNIT 2GNODE,RTPD,MCE,LMP_ENE_PRC,NIMBUS_1_UNIT 2GNODE,ALL,1,119.00958,4,3
2022-09-02T06:45:00-00:00,2022-09-02T07:00:00-00:00,2022-09-01,24,NIMBUS_1_UNIT 2GNODE,NIMBUS_1_UNIT 2GNODE,NIMBUS_1_UNIT 2GNODE,RTPD,MCE,LMP_ENE_PRC,NIMBUS_1_UNIT 2GNODE,ALL,1,109.20324,4,3
2022-09-01T07:00:00-00:00,2022-09-01T07:15:00-00:00,2022-09-01,01,NIMBUS_1_UNIT 2GNODE,NIMBUS_1_UNIT 2GNODE,NIMBUS_1_UNIT 2GNODE,RTPD,MCL,LMP_LOSS_PRC,NIMBUS_1_UNIT 2GNODE,ALL,1,-1.73032,1,4
2022-09-01T08:00:00-00:00,2022-09-01T08:15:00-00:00,2022-09-01,02,NIMBUS_1_UNIT 2GNODE,NIMBUS_1_UNIT 2GNODE,NIMBUS_1_UNIT 2GNODE,RTPD,MCL,LMP_LOSS_PRC,NIMBUS_1_UNIT 2GNODE,ALL,1,0,1,4
2022-09-01T09:00:00-00:00,2022-09-01T09:15:00-00:00,2022-09-01,03,NIMBUS_1_UNIT 2GNODE,NIMBUS_1_UNIT 2GNODE,NIMBUS_1_UNIT 2GNODE,RTPD,MCL,LMP_LOSS_PRC,NIMBUS_1_UNIT 2GNODE,ALL,1,-0.7081,1,4
2022-09-01T10:00:00-00:00,2022-09-01T10:15:00-00:00,2022-09-01,04,NIMBUS_1_UNIT 2GNODE,NIMBUS_1_UNIT 2GNODE,NIMBUS_1_UNIT 2GNODE,RTPD,MCL,LMP_LOSS_PRC,NIMBUS_1_UNIT 2GNODE,ALL,1,-0.49322,1,4
2022-09-01T11:00:00-00:00,2022-09-01T11:15:00-00:00,2022-09-01,05,NIMBUS_1_UNIT 2GNODE,NIMBUS_1_UNIT 2GNODE,NIMBUS_1_UNIT 2GNODE,RTPD,MCL,LMP_LOSS_PRC,NIMBUS_1_UNIT 2GNODE,ALL,1,-0.65645,1,4
2022-09-01T12:00:00-00:00,2022-09-01T12:15:00-00:00,2022-09-01,06,NIMBUS_1_UNIT 2GNODE,NIMBUS_1_UNIT 2GNODE,NIMBUS_1_UNIT 2GNODE,RTPD,MCL,LMP_LOSS_PRC,NIMBUS_1_UNIT 2GNODE,ALL,1,-1.36643,1,4
2022-09-01T13:00:00-00:00,2022-09-01T13:15:00-00:00,2022-09-01,07,NIMBUS_1_UNIT 2GNODE,NIMBUS_1_UNIT 2GNODE,NIMBUS_1_UNIT 2GNODE,RTPD,MCL,LMP_LOSS_PRC,NIMBUS_1_UNIT 2GNODE,ALL,1,0,1,4
2022-09-01T14:00:00-00:00,2022-09-01T14:15:00-00:00,2022-09-01,08,NIMBUS_1_UNIT 2GNODE,NIMBUS_1_UNIT 2GNODE,NIMBUS_1_UNIT 2GNODE,RTPD,MCL,LMP_LOSS_PRC,NIMBUS_1_UNIT 2GNODE,ALL,1,0.85555,1,4
2022-09-01T15:00:00-00:00,2022-09-01T15:15:00-00:00,2022-09-01,09,NIMBUS_1_UNIT 2GNODE,NIMBUS_1_UNIT 2GNODE,NIMBUS_1_UNIT 2GNODE,RTPD,MCL,LMP_LOSS_PRC,NIMBUS_1_UNIT 2GNODE,ALL,1,0,1,4
2022-09-01T16:00:00-00:00,2022-09-01T16:15:00-00:00,2022-09-01,10,NIMBUS_1_UNIT 2GNODE,NIMBUS_1_UNIT 2GNODE,NIMBUS_1_UNIT 2GNODE,RTPD,MCL,LMP_LOSS_PRC,NIMBUS_1_UNIT 2GNODE,ALL,1,0,1,4
2022-09-01T17:00:00-00:00,2022-09-01T17:15:00-00:00,2022-09-01,11,NIMBUS_1_UNIT 2GNODE,NIMBUS_1_UNIT 2GNODE,NIMBUS_1_UNIT 2GNODE,RTPD,MCL,LMP_LOSS_PRC,NIMBUS_1_UNIT 2GNODE,ALL,1,0,1,4
2022-09-01T18:00:00-00:00,2022-09-01T18:15:00-00:00,2022-09-01,12,NIMBUS_1_UNIT 2GNODE,NIMBUS_1_UNIT 2GNODE,NIMBUS_1_UNIT 2GNODE,RTPD,MCL,LMP_LOSS_PRC,NIMBUS_1_UNIT 2GNODE,ALL,1,0,1,4
2022-09-01T19:00:00-00:00,2022-09-01T19:15:00-00:00,2022-09-01,13,NIMBUS_1_UNIT 2GNODE,NIMBUS_1_UNIT 2GNODE,NIMBUS_1_UNIT 2GNODE,RTPD,MCL,LMP_LOSS_PRC,NIMBUS_1_UNIT 2GNODE,ALL,1,0,1,4
2022-09-01T20:00:00-00:00,2022-09-01T20:15:00-00:00,2022-09-01,14,NIMBUS_1_UNIT 2GNODE,NIMBUS_1_UNIT 2GNODE,NIMBUS_1_UNIT 2GNODE,RTPD,MCL,LMP_LOSS_PRC,NIMBUS_1_UNIT 2GNODE,ALL,1,0,1,4
2022-09-01T21:00:00-00:00,2022-09-01T21:15:00-00:00,2022-09-01,15,NIMBUS_1_UNIT 2GNODE,NIMBUS_1_UNIT 2GNODE,NIMBUS_1_UNIT 2GNODE,RTPD,MCL,LMP_LOSS_PRC,NIMBUS_1_UNIT 2GNODE,ALL,1,0,1,4
2022-09-01T22:00:00-00:00,2022-09-01T22:15:00-00:00,2022-09-01,16,NIMBUS_1_UNIT 2GNODE,NIMBUS_1_UNIT 2GNODE,NIMBUS_1_UNIT 2GNODE,RTPD,MCL,LMP_LOSS_PRC,NIMBUS_1_UNIT 2GNODE,ALL,1,0,1,4
2022-09-01T23:00:00-00:00,2022-09-01T23:15:00-00:00,2022-09-01,17,NIMBUS_1_UNIT 2GNODE,NIMBUS_1_UNIT 2GNODE,NIMBUS_1_UNIT 2GNODE,RTPD,MCL,LMP_LOSS_PRC,NIMBUS_1_UNIT 2GNODE,ALL,1,0,1,4
2022-09-02T00:00:00-00:00,2022-09-02T00:15:00-00:00,2022-09-01,18,NIMBUS_1_UNIT 2GNODE,NIMBUS_1_UNIT 2GNODE,NIMBUS_1_UNIT 2GNODE,RTPD,MCL,LMP_LOSS_PRC,NIMBUS_1_UNIT 2GNODE,ALL,1,23.19446,1,4
2022-09-02T01:00:00-00:00,2022-09-02T01:15:00-00:00,2022-09-01,19,NIMBUS_1_UNIT 2GNODE,NIMBUS_1_UNIT 2GNODE,NIMBUS_1_UNIT 2GNODE,RTPD,MCL,LMP_LOSS_PRC,NIMBUS_1_UNIT 2GNODE,ALL,1,0,1,4
2022-09-02T02:00:00-00:00,2022-09-02T02:15:00-00:00,2022-09-01,20,NIMBUS_1_UNIT 2GNODE,NIMBUS_1_UNIT 2GNODE,NIMBUS_1_UNIT 2GNODE,RTPD,MCL,LMP_LOSS_PRC,NIMBUS_1_UNIT 2GNODE,ALL,1,0,1,4
2022-09-02T03:00:00-00:00,2022-09-02T03:15:00-00:00,2022-09-01,21,NIMBUS_1_UNIT 2GNODE,NIMBUS_1_UNIT 2GNODE,NIMBUS_1_UNIT 2GNODE,RTPD,MCL,LMP_LOSS_PRC,NIMBUS_1_UNIT 2GNODE,ALL,1,-18.16748,1,4
2022-09-02T04:00:00-00:00,2022-09-02T04:15:00-00:00,2022-09-01,22,NIMBUS_1_UNIT 2GNODE,NIMBUS_1_UNIT 2GNODE,NIMBUS_1_UNIT 2GNODE,RTPD,MCL,LMP_LOSS_PRC,NIMBUS_1_UNIT 2GNODE,ALL,1,5.38862,1,4
2022-09-02T05:00:00-00:00,2022-09-02T05:15:00-00:00,2022-09-01,23,NIMBUS_1_UNIT 2GNODE,NIMBUS_1_UNIT 2GNODE,NIMBUS_1_UNIT 2GNODE,RTPD,MCL,LMP_LOSS_PRC,NIMBUS_1_UNIT 2GNODE,ALL,1,3.29846,1,4
2022-09-02T06:00:00-00:00,2022-09-02T06:15:00-00:00,2022-09-01,24,NIMBUS_1_UNIT 2GNODE,NIMBUS_1_UNIT 2GNODE,NIMBUS_1_UNIT 2GNODE,RTPD,MCL,LMP_LOSS_PRC,NIMBUS_1_UNIT 2GNODE,ALL,1,1.47747,1,4
2022-09-01T07:15:00-00:00,2022-09-01T07:30:00-00:00,2022-09-01,01,NIMBUS_1_UNIT 2GNODE,NIMBUS_1_UNIT 2GNODE,NIMBUS_1_UNIT 2GNODE,RTPD,MCL,LMP_LOSS_PRC,NIMBUS_1_UNIT 2GNODE,ALL,1,0,2,4
2022-09-01T08:15:00-00:00,2022-09-01T08:30:00-00:00,2022-09-01,02,NIMBUS_1_UNIT 2GNODE,NIMBUS_1_UNIT 2GNODE,NIMBUS_1_UNIT 2GNODE,RTPD,MCL,LMP_LOSS_PRC,NIMBUS_1_UNIT 2GNODE,ALL,1,0,2,4
2022-09-01T09:15:00-00:00,2022-09-01T09:30:00-00:00,2022-09-01,03,NIMBUS_1_UNIT 2GNODE,NIMBUS_1_UNIT 2GNODE,NIMBUS_1_UNIT 2GNODE,RTPD,MCL,LMP_LOSS_PRC,NIMBUS_1_UNIT 2GNODE,ALL,1,-0.59967,2,4
2022-09-01T10:15:00-00:00,2022-09-01T10:30:00-00:00,2022-09-01,04,NIMBUS_1_UNIT 2GNODE,NIMBUS_1_UNIT 2GNODE,NIMBUS_1_UNIT 2GNODE,RTPD,MCL,LMP_LOSS_PRC,NIMBUS_1_UNIT 2GNODE,ALL,1,-0.58205,2,4
2022-09-01T11:15:00-00:00,2022-09-01T11:30:00-00:00,2022-09-01,05,NIMBUS_1_UNIT 2GNODE,NIMBUS_1_UNIT 2GNODE,NIMBUS_1_UNIT 2GNODE,RTPD,MCL,LMP_LOSS_PRC,NIMBUS_1_UNIT 2GNODE,ALL,1,-0.68041,2,4
2022-09-01T12:15:00-00:00,2022-09-01T12:30:00-00:00,2022-09-01,06,NIMBUS_1_UNIT 2GNODE,NIMBUS_1_UNIT 2GNODE,NIMBUS_1_UNIT 2GNODE,RTPD,MCL,LMP_LOSS_PRC,NIMBUS_1_UNIT 2GNODE,ALL,1,-1.46493,2,4
2022-09-01T13:15:00-00:00,2022-09-01T13:30:00-00:00,2022-09-01,07,NIMBUS_1_UNIT 2GNODE,NIMBUS_1_UNIT 2GNODE,NIMBUS_1_UNIT 2GNODE,RTPD,MCL,LMP_LOSS_PRC,NIMBUS_1_UNIT 2GNODE,ALL,1,-1.30953,2,4
2022-09-01T14:15:00-00:00,2022-09-01T14:30:00-00:00,2022-09-01,08,NIMBUS_1_UNIT 2GNODE,NIMBUS_1_UNIT 2GNODE,NIMBUS_1_UNIT 2GNODE,RTPD,MCL,LMP_LOSS_PRC,NIMBUS_1_UNIT 2GNODE,ALL,1,0.85925,2,4
2022-09-01T15:15:00-00:00,2022-09-01T15:30:00-00:00,2022-09-01,09,NIMBUS_1_UNIT 2GNODE,NIMBUS_1_UNIT 2GNODE,NIMBUS_1_UNIT 2GNODE,RTPD,MCL,LMP_LOSS_PRC,NIMBUS_1_UNIT 2GNODE,ALL,1,0,2,4
2022-09-01T16:15:00-00:00,2022-09-01T16:30:00-00:00,2022-09-01,10,NIMBUS_1_UNIT 2GNODE,NIMBUS_1_UNIT 2GNODE,NIMBUS_1_UNIT 2GNODE,RTPD,MCL,LMP_LOSS_PRC,NIMBUS_1_UNIT 2GNODE,ALL,1,0,2,4
2022-09-01T17:15:00-00:00,2022-09-01T17:30:00-00:00,2022-09-01,11,NIMBUS_1_UNIT 2GNODE,NIMBUS_1_UNIT 2GNODE,NIMBUS_1_UNIT 2GNODE,RTPD,MCL,LMP_LOSS_PRC,NIMBUS_1_UNIT 2GNODE,ALL,1,0,2,4
2022-09-01T18:15:00-00:00,2022-09-01T18:30:00-00:00,2022-09-01,12,NIMBUS_1_UNIT 2GNODE,NIMBUS_1_UNIT 2GNODE,NIMBUS_1_UNIT 2GNODE,RTPD,MCL,LMP_LOSS_PRC,NIMBUS_1_UNIT 2GNODE,ALL,1,0,2,4
2022-09-01T19:15:00-00:00,2022-09-01T19:30:00-00:00,2022-09-01,13,NIMBUS_1_UNIT 2GNODE,NIMBUS_1_UNIT 2GNODE,NIMBUS_1_UNIT 2GNODE,RTPD,MCL,LMP_LOSS_PRC,NIMBUS_1_UNIT 2GNODE,ALL,1,0,2,4
2022-09-01T20:15:00-00:00,2022-09-01T20:30:00-00:00,2022-09-01,14,NIMBUS_1_UNIT 2GNODE,NIMBUS_1_UNIT 2GNODE,NIMBUS_1_UNIT 2GNODE,RTPD,MCL,LMP_LOSS_PRC,NIMBUS_1_UNIT 2GNODE,ALL,1,0,2,4
2022-09-01T21:15:00-00:00,2022-09-01T21:30:00-00:00,2022-09-01,15,NIMBUS_1_UNIT 2GNODE,NIMBUS_1_UNIT 2GNODE,NIMBUS_1_UNIT 2GNODE,RTPD,MCL,LMP_LOSS_PRC,NIMBUS_1_UNIT 2GNODE,ALL,1,0,2,4
2022-09-01T22:15:00-00:00,2022-09-01T22:30:00-00:00,2022-09-01,16,NIMBUS_1_UNIT 2GNODE,NIMBUS_1_UNIT 2GNODE,NIMBUS_1_UNIT 2GNODE,RTPD,MCL,LMP_LOSS_PRC,NIMBUS_1_UNIT 2GNODE,ALL,1,0,2,4
2022-09-01T23:15:00-00:00,2022-09-01T23:30:00-00:00,2022-09-01,17,NIMBUS_1_UNIT 2GNODE,NIMBUS_1_UNIT 2GNODE,NIMBUS_1_UNIT 2GNODE,RTPD,MCL,LMP_LOSS_PRC,NIMBUS_1_UNIT 2GNODE,ALL,1,0,2,4
2022-09-02T00:15:00-00:00,2022-09-02T00:30:00-00:00,2022-09-01,18,NIMBUS_1_UNIT 2GNODE,NIMBUS_1_UNIT 2GNODE,NIMBUS_1_UNIT 2GNODE,RTPD,MCL,LMP_LOSS_PRC,NIMBUS_1_UNIT 2GNODE,ALL,1,22.04982,2,4
2022-09-02T01:15:00-00:00,2022-09-02T01:30:00-00:00,2022-09-01,19,NIMBUS_1_UNIT 2GNODE,NIMBUS_1_UNIT 2GNODE,NIMBUS_1_UNIT 2GNODE,RTPD,MCL,LMP_LOSS_PRC,NIMBUS_1_UNIT 2GNODE,ALL,1,0,2,4
2022-09-02T02:15:00-00:00,2022-09-02T02:30:00-00:00,2022-09-01,20,NIMBUS_1_UNIT 2GNODE,NIMBUS_1_UNIT 2GNODE,NIMBUS_1_UNIT 2GNODE,RTPD,MCL,LMP_LOSS_PRC,NIMBUS_1_UNIT 2GNODE,ALL,1,0,2,4
2022-09-02T03:15:00-00:00,2022-09-02T03:30:00-00:00,2022-09-01,21,NIMBUS_1_UNIT 2GNODE,NIMBUS_1_UNIT 2GNODE,NIMBUS_1_UNIT 2GNODE,RTPD,MCL,LMP_LOSS_PRC,NIMBUS_1_UNIT 2GNODE,ALL,1,10.8543,2,4
2022-09-02T04:15:00-00:00,2022-09-02T04:30:00-00:00,2022-09-01,22,NIMBUS_1_UNIT 2GNODE,NIMBUS_1_UNIT 2GNODE,NIMBUS_1_UNIT 2GNODE,RTPD,MCL,LMP_LOSS_PRC,NIMBUS_1_UNIT 2GNODE,ALL,1,3.79826,2,4
2022-09-02T05:15:00-00:00,2022-09-02T05:30:00-00:00,2022-09-01,23,NIMBUS_1_UNIT 2GNODE,NIMBUS_1_UNIT 2GNODE,NIMBUS_1_UNIT 2GNODE,RTPD,MCL,LMP_LOSS_PRC,NIMBUS_1_UNIT 2GNODE,ALL,1,2.27826,2,4
2022-09-02T06:15:00-00:00,2022-09-02T06:30:00-00:00,2022-09-01,24,NIMBUS_1_UNIT 2GNODE,NIMBUS_1_UNIT 2GNODE,NIMBUS_1_UNIT 2GNODE,RTPD,MCL,LMP_LOSS_PRC,NIMBUS_1_UNIT 2GNODE,ALL,1,-0.02862,2,4
2022-09-01T07:30:00-00:00,2022-09-01T07:45:00-00:00,2022-09-01,01,NIMBUS_1_UNIT 2GNODE,NIMBUS_1_UNIT 2GNODE,NIMBUS_1_UNIT 2GNODE,RTPD,MCL,LMP_LOSS_PRC,NIMBUS_1_UNIT 2GNODE,ALL,1,0,3,4
2022-09-01T08:30:00-00:00,2022-09-01T08:45:00-00:00,2022-09-01,02,NIMBUS_1_UNIT 2GNODE,NIMBUS_1_UNIT 2GNODE,NIMBUS_1_UNIT 2GNODE,RTPD,MCL,LMP_LOSS_PRC,NIMBUS_1_UNIT 2GNODE,ALL,1,-0.16667,3,4
2022-09-01T09:30:00-00:00,2022-09-01T09:45:00-00:00,2022-09-01,03,NIMBUS_1_UNIT 2GNODE,NIMBUS_1_UNIT 2GNODE,NIMBUS_1_UNIT 2GNODE,RTPD,MCL,LMP_LOSS_PRC,NIMBUS_1_UNIT 2GNODE,ALL,1,-0.76568,3,4
2022-09-01T10:30:00-00:00,2022-09-01T10:45:00-00:00,2022-09-01,04,NIMBUS_1_UNIT 2GNODE,NIMBUS_1_UNIT 2GNODE,NIMBUS_1_UNIT 2GNODE,RTPD,MCL,LMP_LOSS_PRC,NIMBUS_1_UNIT 2GNODE,ALL,1,-0.49145,3,4
2022-09-01T11:30:00-00:00,2022-09-01T11:45:00-00:00,2022-09-01,05,NIMBUS_1_UNIT 2GNODE,NIMBUS_1_UNIT 2GNODE,NIMBUS_1_UNIT 2GNODE,RTPD,MCL,LMP_LOSS_PRC,NIMBUS_1_UNIT 2GNODE,ALL,1,-0.75236,3,4
2022-09-01T12:30:00-00:00,2022-09-01T12:45:00-00:00,2022-09-01,06,NIMBUS_1_UNIT 2GNODE,NIMBUS_1_UNIT 2GNODE,NIMBUS_1_UNIT 2GNODE,RTPD,MCL,LMP_LOSS_PRC,NIMBUS_1_UNIT 2GNODE,ALL,1,-1.40833,3,4
2022-09-01T13:30:00-00:00,2022-09-01T13:45:00-00:00,2022-09-01,07,NIMBUS_1_UNIT 2GNODE,NIMBUS_1_UNIT 2GNODE,NIMBUS_1_UNIT 2GNODE,RTPD,MCL,LMP_LOSS_PRC,NIMBUS_1_UNIT 2GNODE,ALL,1,-1.07058,3,4
2022-09-01T14:30:00-00:00,2022-09-01T14:45:00-00:00,2022-09-01,08,NIMBUS_1_UNIT 2GNODE,NIMBUS_1_UNIT 2GNODE,NIMBUS_1_UNIT 2GNODE,RTPD,MCL,LMP_LOSS_PRC,NIMBUS_1_UNIT 2GNODE,ALL,1,1.06925,3,4
2022-09-01T15:30:00-00:00,2022-09-01T15:45:00-00:00,2022-09-01,09,NIMBUS_1_UNIT 2GNODE,NIMBUS_1_UNIT 2GNODE,NIMBUS_1_UNIT 2GNODE,RTPD,MCL,LMP_LOSS_PRC,NIMBUS_1_UNIT 2GNODE,ALL,1,0,3,4
2022-09-01T16:30:00-00:00,2022-09-01T16:45:00-00:00,2022-09-01,10,NIMBUS_1_UNIT 2GNODE,NIMBUS_1_UNIT 2GNODE,NIMBUS_1_UNIT 2GNODE,RTPD,MCL,LMP_LOSS_PRC,NIMBUS_1_UNIT 2GNODE,ALL,1,0,3,4
2022-09-01T17:30:00-00:00,2022-09-01T17:45:00-00:00,2022-09-01,11,NIMBUS_1_UNIT 2GNODE,NIMBUS_1_UNIT 2GNODE,NIMBUS_1_UNIT 2GNODE,RTPD,MCL,LMP_LOSS_PRC,NIMBUS_1_UNIT 2GNODE,ALL,1,0,3,4
2022-09-01T18:30:00-00:00,2022-09-01T18:45:00-00:00,2022-09-01,12,NIMBUS_1_UNIT 2GNODE,NIMBUS_1_UNIT 2GNODE,NIMBUS_1_UNIT 2GNODE,RTPD,MCL,LMP_LOSS_PRC,NIMBUS_1_UNIT 2GNODE,ALL,1,0,3,4
2022-09-01T19:30:00-00:00,2022-09-01T19:45:00-00:00,2022-09-01,13,NIMBUS_1_UNIT 2GNODE,NIMBUS_1_UNIT 2GNODE,NIMBUS_1_UNIT 2GNODE,RTPD,MCL,LMP_LOSS_PRC,NIMBUS_1_UNIT 2GNODE,ALL,1,0,3,4
2022-09-01T20:30:00-00:00,2022-09-01T20:45:00-00:00,2022-09-01,14,NIMBUS_1_UNIT 2GNODE,NIMBUS_1_UNIT 2GNODE,NIMBUS_1_UNIT 2GNODE,RTPD,MCL,LMP_LOSS_PRC,NIMBUS_1_UNIT 2GNODE,ALL,1,0,3,4
2022-09-01T21:30:00-00:00,2022-09-01T21:45:00-00:00,2022-09-01,15,NIMBUS_1_UNIT 2GNODE,NIMBUS_1_UNIT 2GNODE,NIMBUS_1_UNIT 2GNODE,RTPD,MCL,LMP_LOSS_PRC,NIMBUS_1_UNIT 2GNODE,ALL,1,0,3,4
2022-09-01T22:30:00-00:00,2022-09-01T22:45:00-00:00,2022-09-01,16,NIMBUS_1_UNIT 2GNODE,NIMBUS_1_UNIT 2GNODE,NIMBUS_1_UNIT 2GNODE,RTPD,MCL,LMP_LOSS_PRC,NIMBUS_1_UNIT 2GNODE,ALL,1,0,3,4
2022-09-01T23:30:00-00:00,2022-09-01T23:45:00-00:00,2022-09-01,17,NIMBUS_1_UNIT 2GNODE,NIMBUS_1_UNIT 2GNODE,NIMBUS_1_UNIT 2GNODE,RTPD,MCL,LMP_LOSS_PRC,NIMBUS_1_UNIT 2GNODE,ALL,1,0,3,4
2022-09-02T00:30:00-00:00,2022-09-02T00:45:00-00:00,2022-09-01,18,NIMBUS_1_UNIT 2GNODE,NIMBUS_1_UNIT 2GNODE,NIMBUS_1_UNIT 2GNODE,RTPD,MCL,LMP_LOSS_PRC,NIMBUS_1_UNIT 2GNODE,ALL,1,0,3,4
2022-09-02T01:30:00-00:00,2022-09-02T01:45:00-00:00,2022-09-01,19,NIMBUS_1_UNIT 2GNODE,NIMBUS_1_UNIT 2GNODE,NIMBUS_1_UNIT 2GNODE,RTPD,MCL,LMP_LOSS_PRC,NIMBUS_1_UNIT 2GNODE,ALL,1,0,3,4
2022-09-02T02:30:00-00:00,2022-09-02T02:45:00-00:00,2022-09-01,20,NIMBUS_1_UNIT 2GNODE,NIMBUS_1_UNIT 2GNODE,NIMBUS_1_UNIT 2GNODE,RTPD,MCL,LMP_LOSS_PRC,NIMBUS_1_UNIT 2GNODE,ALL,1,0,3,4
2022-09-02T03:30:00-00:00,2022-09-02T03:45:00-00:00,2022-09-01,21,NIMBUS_1_UNIT 2GNODE,NIMBUS_1_UNIT 2GNODE,NIMBUS_1_UNIT 2GNODE,RTPD,MCL,LMP_LOSS_PRC,NIMBUS_1_UNIT 2GNODE,ALL,1,6.3823,3,4
2022-09-02T04:30:00-00:00,2022-09-02T04:45:00-00:00,2022-09-01,22,NIMBUS_1_UNIT 2GNODE,NIMBUS_1_UNIT 2GNODE,NIMBUS_1_UNIT 2GNODE,RTPD,MCL,LMP_LOSS_PRC,NIMBUS_1_UNIT 2GNODE,ALL,1,0.99372,3,4
2022-09-02T05:30:00-00:00,2022-09-02T05:45:00-00:00,2022-09-01,23,NIMBUS_1_UNIT 2GNODE,NIMBUS_1_UNIT 2GNODE,NIMBUS_1_UNIT 2GNODE,RTPD,MCL,LMP_LOSS_PRC,NIMBUS_1_UNIT 2GNODE,ALL,1,1.38285,3,4
2022-09-02T06:30:00-00:00,2022-09-02T06:45:00-00:00,2022-09-01,24,NIMBUS_1_UNIT 2GNODE,NIMBUS_1_UNIT 2GNODE,NIMBUS_1_UNIT 2GNODE,RTPD,MCL,LMP_LOSS_PRC,NIMBUS_1_UNIT 2GNODE,ALL,1,0.46436,3,4
2022-09-01T07:45:00-00:00,2022-09-01T08:00:00-00:00,2022-09-01,01,NIMBUS_1_UNIT 2GNODE,NIMBUS_1_UNIT 2GNODE,NIMBUS_1_UNIT 2GNODE,RTPD,MCL,LMP_LOSS_PRC,NIMBUS_1_UNIT 2GNODE,ALL,1,0,4,4
2022-09-01T08:45:00-00:00,2022-09-01T09:00:00-00:00,2022-09-01,02,NIMBUS_1_UNIT 2GNODE,NIMBUS_1_UNIT 2GNODE,NIMBUS_1_UNIT 2GNODE,RTPD,MCL,LMP_LOSS_PRC,NIMBUS_1_UNIT 2GNODE,ALL,1,-0.25672,4,4
2022-09-01T09:45:00-00:00,2022-09-01T10:00:00-00:00,2022-09-01,03,NIMBUS_1_UNIT 2GNODE,NIMBUS_1_UNIT 2GNODE,NIMBUS_1_UNIT 2GNODE,RTPD,MCL,LMP_LOSS_PRC,NIMBUS_1_UNIT 2GNODE,ALL,1,-0.71179,4,4
2022-09-01T10:45:00-00:00,2022-09-01T11:00:00-00:00,2022-09-01,04,NIMBUS_1_UNIT 2GNODE,NIMBUS_1_UNIT 2GNODE,NIMBUS_1_UNIT 2GNODE,RTPD,MCL,LMP_LOSS_PRC,NIMBUS_1_UNIT 2GNODE,ALL,1,-0.52096,4,4
2022-09-01T11:45:00-00:00,2022-09-01T12:00:00-00:00,2022-09-01,05,NIMBUS_1_UNIT 2GNODE,NIMBUS_1_UNIT 2GNODE,NIMBUS_1_UNIT 2GNODE,RTPD,MCL,LMP_LOSS_PRC,NIMBUS_1_UNIT 2GNODE,ALL,1,0,4,4
2022-09-01T12:45:00-00:00,2022-09-01T13:00:00-00:00,2022-09-01,06,NIMBUS_1_UNIT 2GNODE,NIMBUS_1_UNIT 2GNODE,NIMBUS_1_UNIT 2GNODE,RTPD,MCL,LMP_LOSS_PRC,NIMBUS_1_UNIT 2GNODE,ALL,1,0,4,4
2022-09-01T13:45:00-00:00,2022-09-01T14:00:00-00:00,2022-09-01,07,NIMBUS_1_UNIT 2GNODE,NIMBUS_1_UNIT 2GNODE,NIMBUS_1_UNIT 2GNODE,RTPD,MCL,LMP_LOSS_PRC,NIMBUS_1_UNIT 2GNODE,ALL,1,0,4,4
2022-09-01T14:45:00-00:00,2022-09-01T15:00:00-00:00,2022-09-01,08,NIMBUS_1_UNIT 2GNODE,NIMBUS_1_UNIT 2GNODE,NIMBUS_1_UNIT 2GNODE,RTPD,MCL,LMP_LOSS_PRC,NIMBUS_1_UNIT 2GNODE,ALL,1,0,4,4
2022-09-01T15:45:00-00:00,2022-09-01T16:00:00-00:00,2022-09-01,09,NIMBUS_1_UNIT 2GNODE,NIMBUS_1_UNIT 2GNODE,NIMBUS_1_UNIT 2GNODE,RTPD,MCL,LMP_LOSS_PRC,NIMBUS_1_UNIT 2GNODE,ALL,1,0,4,4
2022-09-01T16:45:00-00:00,2022-09-01T17:00:00-00:00,2022-09-01,10,NIMBUS_1_UNIT 2GNODE,NIMBUS_1_UNIT 2GNODE,NIMBUS_1_UNIT 2GNODE,RTPD,MCL,LMP_LOSS_PRC,NIMBUS_1_UNIT 2GNODE,ALL,1,0,4,4
2022-09-01T17:45:00-00:00,2022-09-01T18:00:00-00:00,2022-09-01,11,NIMBUS_1_UNIT 2GNODE,NIMBUS_1_UNIT 2GNODE,NIMBUS_1_UNIT 2GNODE,RTPD,MCL,LMP_LOSS_PRC,NIMBUS_1_UNIT 2GNODE,ALL,1,0,4,4
2022-09-01T18:45:00-00:00,2022-09-01T19:00:00-00:00,2022-09-01,12,NIMBUS_1_UNIT 2GNODE,NIMBUS_1_UNIT 2GNODE,NIMBUS_1_UNIT 2GNODE,RTPD,MCL,LMP_LOSS_PRC,NIMBUS_1_UNIT 2GNODE,ALL,1,0,4,4
2022-09-01T19:45:00-00:00,2022-09-01T20:00:00-00:00,2022-09-01,13,NIMBUS_1_UNIT 2GNODE,NIMBUS_1_UNIT 2GNODE,NIMBUS_1_UNIT 2GNODE,RTPD,MCL,LMP_LOSS_PRC,NIMBUS_1_UNIT 2GNODE,ALL,1,0,4,4
2022-09-01T20:45:00-00:00,2022-09-01T21:00:00-00:00,2022-09-01,14,NIMBUS_1_UNIT 2GNODE,NIMBUS_1_UNIT 2GNODE,NIMBUS_1_UNIT 2GNODE,RTPD,MCL,LMP_LOSS_PRC,NIMBUS_1_UNIT 2GNODE,ALL,1,0,4,4
2022-09-01T21:45:00-00:00,2022-09-01T22:00:00-00:00,2022-09-01,15,NIMBUS_1_UNIT 2GNODE,NIMBUS_1_UNIT 2GNODE,NIMBUS_1_UNIT 2GNODE,RTPD,MCL,LMP_LOSS_PRC,NIMBUS_1_UNIT 2GNODE,ALL,1,0,4,4
2022-09-01T22:45:00-00:00,2022-09-01T23:00:00-00:00,2022-09-01,16,NIMBUS_1_UNIT 2GNODE,NIMBUS_1_UNIT 2GNODE,NIMBUS_1_UNIT 2GNODE,RTPD,MCL,LMP_LOSS_PRC,NIMBUS_1_UNIT 2GNODE,ALL,1,0,4,4
2022-09-01T23:45:00-00:00,2022-09-02T00:00:00-00:00,2022-09-01,17,NIMBUS_1_UNIT 2GNODE,NIMBUS_1_UNIT 2GNODE,NIMBUS_1_UNIT 2GNODE,RTPD,MCL,LMP_LOSS_PRC,NIMBUS_1_UNIT 2GNODE,ALL,1,0,4,4
2022-09-02T00:45:00-00:00,2022-09-02T01:00:00-00:00,2022-09-01,18,NIMBUS_1_UNIT 2GNODE,NIMBUS_1_UNIT 2GNODE,NIMBUS_1_UNIT 2GNODE,RTPD,MCL,LMP_LOSS_PRC,NIMBUS_1_UNIT 2GNODE,ALL,1,0,4,4
2022-09-02T01:45:00-00:00,2022-09-02T02:00:00-00:00,2022-09-01,19,NIMBUS_1_UNIT 2GNODE,NIMBUS_1_UNIT 2GNODE,NIMBUS_1_UNIT 2GNODE,RTPD,MCL,LMP_LOSS_PRC,NIMBUS_1_UNIT 2GNODE,ALL,1,0,4,4
2022-09-02T02:45:00-00:00,2022-09-02T03:00:00-00:00,2022-09-01,20,NIMBUS_1_UNIT 2GNODE,NIMBUS_1_UNIT 2GNODE,NIMBUS_1_UNIT 2GNODE,RTPD,MCL,LMP_LOSS_PRC,NIMBUS_1_UNIT 2GNODE,ALL,1,59.48114,4,4
2022-09-02T03:45:00-00:00,2022-09-02T04:00:00-00:00,2022-09-01,21,NIMBUS_1_UNIT 2GNODE,NIMBUS_1_UNIT 2GNODE,NIMBUS_1_UNIT 2GNODE,RTPD,MCL,LMP_LOSS_PRC,NIMBUS_1_UNIT 2GNODE,ALL,1,5.06678,4,4
2022-09-02T04:45:00-00:00,2022-09-02T05:00:00-00:00,2022-09-01,22,NIMBUS_1_UNIT 2GNODE,NIMBUS_1_UNIT 2GNODE,NIMBUS_1_UNIT 2GNODE,RTPD,MCL,LMP_LOSS_PRC,NIMBUS_1_UNIT 2GNODE,ALL,1,1.60991,4,4
2022-09-02T05:45:00-00:00,2022-09-02T06:00:00-00:00,2022-09-01,23,NIMBUS_1_UNIT 2GNODE,NIMBUS_1_UNIT 2GNODE,NIMBUS_1_UNIT 2GNODE,RTPD,MCL,LMP_LOSS_PRC,NIMBUS_1_UNIT 2GNODE,ALL,1,1.26151,4,4
2022-09-02T06:45:00-00:00,2022-09-02T07:00:00-00:00,2022-09-01,24,NIMBUS_1_UNIT 2GNODE,NIMBUS_1_UNIT 2GNODE,NIMBUS_1_UNIT 2GNODE,RTPD,MCL,LMP_LOSS_PRC,NIMBUS_1_UNIT 2GNODE,ALL,1,0.91732,4,4
2022-09-01T07:00:00-00:00,2022-09-01T07:15:00-00:00,2022-09-01,01,NIMBUS_1_UNIT 2GNODE,NIMBUS_1_UNIT 2GNODE,NIMBUS_1_UNIT 2GNODE,RTPD,MGHG,LMP_GHG_PRC,NIMBUS_1_UNIT 2GNODE,ALL,1,0,1,5
2022-09-01T08:00:00-00:00,2022-09-01T08:15:00-00:00,2022-09-01,02,NIMBUS_1_UNIT 2GNODE,NIMBUS_1_UNIT 2GNODE,NIMBUS_1_UNIT 2GNODE,RTPD,MGHG,LMP_GHG_PRC,NIMBUS_1_UNIT 2GNODE,ALL,1,0,1,5
2022-09-01T09:00:00-00:00,2022-09-01T09:15:00-00:00,2022-09-01,03,NIMBUS_1_UNIT 2GNODE,NIMBUS_1_UNIT 2GNODE,NIMBUS_1_UNIT 2GNODE,RTPD,MGHG,LMP_GHG_PRC,NIMBUS_1_UNIT 2GNODE,ALL,1,0,1,5
2022-09-01T10:00:00-00:00,2022-09-01T10:15:00-00:00,2022-09-01,04,NIMBUS_1_UNIT 2GNODE,NIMBUS_1_UNIT 2GNODE,NIMBUS_1_UNIT 2GNODE,RTPD,MGHG,LMP_GHG_PRC,NIMBUS_1_UNIT 2GNODE,ALL,1,0,1,5
2022-09-01T11:00:00-00:00,2022-09-01T11:15:00-00:00,2022-09-01,05,NIMBUS_1_UNIT 2GNODE,NIMBUS_1_UNIT 2GNODE,NIMBUS_1_UNIT 2GNODE,RTPD,MGHG,LMP_GHG_PRC,NIMBUS_1_UNIT 2GNODE,ALL,1,0,1,5
2022-09-01T12:00:00-00:00,2022-09-01T12:15:00-00:00,2022-09-01,06,NIMBUS_1_UNIT 2GNODE,NIMBUS_1_UNIT 2GNODE,NIMBUS_1_UNIT 2GNODE,RTPD,MGHG,LMP_GHG_PRC,NIMBUS_1_UNIT 2GNODE,ALL,1,0,1,5
2022-09-01T13:00:00-00:00,2022-09-01T13:15:00-00:00,2022-09-01,07,NIMBUS_1_UNIT 2GNODE,NIMBUS_1_UNIT 2GNODE,NIMBUS_1_UNIT 2GNODE,RTPD,MGHG,LMP_GHG_PRC,NIMBUS_1_UNIT 2GNODE,ALL,1,0,1,5
2022-09-01T14:00:00-00:00,2022-09-01T14:15:00-00:00,2022-09-01,08,NIMBUS_1_UNIT 2GNODE,NIMBUS_1_UNIT 2GNODE,NIMBUS_1_UNIT 2GNODE,RTPD,MGHG,LMP_GHG_PRC,NIMBUS_1_UNIT 2GNODE,ALL,1,0,1,5
2022-09-01T15:00:00-00:00,2022-09-01T15:15:00-00:00,2022-09-01,09,NIMBUS_1_UNIT 2GNODE,NIMBUS_1_UNIT 2GNODE,NIMBUS_1_UNIT 2GNODE,RTPD,MGHG,LMP_GHG_PRC,NIMBUS_1_UNIT 2GNODE,ALL,1,0,1,5
2022-09-01T16:00:00-00:00,2022-09-01T16:15:00-00:00,2022-09-01,10,NIMBUS_1_UNIT 2GNODE,NIMBUS_1_UNIT 2GNODE,NIMBUS_1_UNIT 2GNODE,RTPD,MGHG,LMP_GHG_PRC,NIMBUS_1_UNIT 2GNODE,ALL,1,0,1,5
2022-09-01T17:00:00-00:00,2022-09-01T17:15:00-00:00,2022-09-01,11,NIMBUS_1_UNIT 2GNODE,NIMBUS_1_UNIT 2GNODE,NIMBUS_1_UNIT 2GNODE,RTPD,MGHG,LMP_GHG_PRC,NIMBUS_1_UNIT 2GNODE,ALL,1,0,1,5
2022-09-01T18:00:00-00:00,2022-09-01T18:15:00-00:00,2022-09-01,12,NIMBUS_1_UNIT 2GNODE,NIMBUS_1_UNIT 2GNODE,NIMBUS_1_UNIT 2GNODE,RTPD,MGHG,LMP_GHG_PRC,NIMBUS_1_UNIT 2GNODE,ALL,1,0,1,5
2022-09-01T19:00:00-00:00,2022-09-01T19:15:00-00:00,2022-09-01,13,NIMBUS_1_UNIT 2GNODE,NIMBUS_1_UNIT 2GNODE,NIMBUS_1_UNIT 2GNODE,RTPD,MGHG,LMP_GHG_PRC,NIMBUS_1_UNIT 2GNODE,ALL,1,0,1,5
2022-09-01T20:00:00-00:00,2022-09-01T20:15:00-00:00,2022-09-01,14,NIMBUS_1_UNIT 2GNODE,NIMBUS_1_UNIT 2GNODE,NIMBUS_1_UNIT 2GNODE,RTPD,MGHG,LMP_GHG_PRC,NIMBUS_1_UNIT 2GNODE,ALL,1,0,1,5
2022-09-01T21:00:00-00:00,2022-09-01T21:15:00-00:00,2022-09-01,15,NIMBUS_1_UNIT 2GNODE,NIMBUS_1_UNIT 2GNODE,NIMBUS_1_UNIT 2GNODE,RTPD,MGHG,LMP_GHG_PRC,NIMBUS_1_UNIT 2GNODE,ALL,1,0,1,5
2022-09-01T22:00:00-00:00,2022-09-01T22:15:00-00:00,2022-09-01,16,NIMBUS_1_UNIT 2GNODE,NIMBUS_1_UNIT 2GNODE,NIMBUS_1_UNIT 2GNODE,RTPD,MGHG,LMP_GHG_PRC,NIMBUS_1_UNIT 2GNODE,ALL,1,0,1,5
2022-09-01T23:00:00-00:00,2022-09-01T23:15:00-00:00,2022-09-01,17,NIMBUS_1_UNIT 2GNODE,NIMBUS_1_UNIT 2GNODE,NIMBUS_1_UNIT 2GNODE,RTPD,MGHG,LMP_GHG_PRC,NIMBUS_1_UNIT 2GNODE,ALL,1,0,1,5
2022-09-02T00:00:00-00:00,2022-09-02T00:15:00-00:00,2022-09-01,18,NIMBUS_1_UNIT 2GNODE,NIMBUS_1_UNIT 2GNODE,NIMBUS_1_UNIT 2GNODE,RTPD,MGHG,LMP_GHG_PRC,NIMBUS_1_UNIT 2GNODE,ALL,1,0,1,5
2022-09-02T01:00:00-00:00,2022-09-02T01:15:00-00:00,2022-09-01,19,NIMBUS_1_UNIT 2GNODE,NIMBUS_1_UNIT 2GNODE,NIMBUS_1_UNIT 2GNODE,RTPD,MGHG,LMP_GHG_PRC,NIMBUS_1_UNIT 2GNODE,ALL,1,0,1,5
2022-09-02T02:00:00-00:00,2022-09-02T02:15:00-00:00,2022-09-01,20,NIMBUS_1_UNIT 2GNODE,NIMBUS_1_UNIT 2GNODE,NIMBUS_1_UNIT 2GNODE,RTPD,MGHG,LMP_GHG_PRC,NIMBUS_1_UNIT 2GNODE,ALL,1,0,1,5
2022-09-02T03:00:00-00:00,2022-09-02T03:15:00-00:00,2022-09-01,21,NIMBUS_1_UNIT 2GNODE,NIMBUS_1_UNIT 2GNODE,NIMBUS_1_UNIT 2GNODE,RTPD,MGHG,LMP_GHG_PRC,NIMBUS_1_UNIT 2GNODE,ALL,1,0,1,5
2022-09-02T04:00:00-00:00,2022-09-02T04:15:00-00:00,2022-09-01,22,NIMBUS_1_UNIT 2GNODE,NIMBUS_1_UNIT 2GNODE,NIMBUS_1_UNIT 2GNODE,RTPD,MGHG,LMP_GHG_PRC,NIMBUS_1_UNIT 2GNODE,ALL,1,0,1,5
2022-09-02T05:00:00-00:00,2022-09-02T05:15:00-00:00,2022-09-01,23,NIMBUS_1_UNIT 2GNODE,NIMBUS_1_UNIT 2GNODE,NIMBUS_1_UNIT 2GNODE,RTPD,MGHG,LMP_GHG_PRC,NIMBUS_1_UNIT 2GNODE,ALL,1,0,1,5
2022-09-02T06:00:00-00:00,2022-09-02T06:15:00-00:00,2022-09-01,24,NIMBUS_1_UNIT 2GNODE,NIMBUS_1_UNIT 2GNODE,NIMBUS_1_UNIT 2GNODE,RTPD,MGHG,LMP_GHG_PRC,NIMBUS_1_UNIT 2GNODE,ALL,1,0,1,5
2022-09-01T07:15:00-00:00,2022-09-01T07:30:00-00:00,2022-09-01,01,NIMBUS_1_UNIT 2GNODE,NIMBUS_1_UNIT 2GNODE,NIMBUS_1_UNIT 2GNODE,RTPD,MGHG,LMP_GHG_PRC,NIMBUS_1_UNIT 2GNODE,ALL,1,0,2,5
2022-09-01T08:15:00-00:00,2022-09-01T08:30:00-00:00,2022-09-01,02,NIMBUS_1_UNIT 2GNODE,NIMBUS_1_UNIT 2GNODE,NIMBUS_1_UNIT 2GNODE,RTPD,MGHG,LMP_GHG_PRC,NIMBUS_1_UNIT 2GNODE,ALL,1,0,2,5
2022-09-01T09:15:00-00:00,2022-09-01T09:30:00-00:00,2022-09-01,03,NIMBUS_1_UNIT 2GNODE,NIMBUS_1_UNIT 2GNODE,NIMBUS_1_UNIT 2GNODE,RTPD,MGHG,LMP_GHG_PRC,NIMBUS_1_UNIT 2GNODE,ALL,1,0,2,5
2022-09-01T10:15:00-00:00,2022-09-01T10:30:00-00:00,2022-09-01,04,NIMBUS_1_UNIT 2GNODE,NIMBUS_1_UNIT 2GNODE,NIMBUS_1_UNIT 2GNODE,RTPD,MGHG,LMP_GHG_PRC,NIMBUS_1_UNIT 2GNODE,ALL,1,0,2,5
2022-09-01T11:15:00-00:00,2022-09-01T11:30:00-00:00,2022-09-01,05,NIMBUS_1_UNIT 2GNODE,NIMBUS_1_UNIT 2GNODE,NIMBUS_1_UNIT 2GNODE,RTPD,MGHG,LMP_GHG_PRC,NIMBUS_1_UNIT 2GNODE,ALL,1,0,2,5
2022-09-01T12:15:00-00:00,2022-09-01T12:30:00-00:00,2022-09-01,06,NIMBUS_1_UNIT 2GNODE,NIMBUS_1_UNIT 2GNODE,NIMBUS_1_UNIT 2GNODE,RTPD,MGHG,LMP_GHG_PRC,NIMBUS_1_UNIT 2GNODE,ALL,1,0,2,5
2022-09-01T13:15:00-00:00,2022-09-01T13:30:00-00:00,2022-09-01,07,NIMBUS_1_UNIT 2GNODE,NIMBUS_1_UNIT 2GNODE,NIMBUS_1_UNIT 2GNODE,RTPD,MGHG,LMP_GHG_PRC,NIMBUS_1_UNIT 2GNODE,ALL,1,0,2,5
2022-09-01T14:15:00-00:00,2022-09-01T14:30:00-00:00,2022-09-01,08,NIMBUS_1_UNIT 2GNODE,NIMBUS_1_UNIT 2GNODE,NIMBUS_1_UNIT 2GNODE,RTPD,MGHG,LMP_GHG_PRC,NIMBUS_1_UNIT 2GNODE,ALL,1,0,2,5
2022-09-01T15:15:00-00:00,2022-09-01T15:30:00-00:00,2022-09-01,09,NIMBUS_1_UNIT 2GNODE,NIMBUS_1_UNIT 2GNODE,NIMBUS_1_UNIT 2GNODE,RTPD,MGHG,LMP_GHG_PRC,NIMBUS_1_UNIT 2GNODE,ALL,1,0,2,5
2022-09-01T16:15:00-00:00,2022-09-01T16:30:00-00:00,2022-09-01,10,NIMBUS_1_UNIT 2GNODE,NIMBUS_1_UNIT 2GNODE,NIMBUS_1_UNIT 2GNODE,RTPD,MGHG,LMP_GHG_PRC,NIMBUS_1_UNIT 2GNODE,ALL,1,0,2,5
2022-09-01T17:15:00-00:00,2022-09-01T17:30:00-00:00,2022-09-01,11,NIMBUS_1_UNIT 2GNODE,NIMBUS_1_UNIT 2GNODE,NIMBUS_1_UNIT 2GNODE,RTPD,MGHG,LMP_GHG_PRC,NIMBUS_1_UNIT 2GNODE,ALL,1,0,2,5
2022-09-01T18:15:00-00:00,2022-09-01T18:30:00-00:00,2022-09-01,12,NIMBUS_1_UNIT 2GNODE,NIMBUS_1_UNIT 2GNODE,NIMBUS_1_UNIT 2GNODE,RTPD,MGHG,LMP_GHG_PRC,NIMBUS_1_UNIT 2GNODE,ALL,1,0,2,5
2022-09-01T19:15:00-00:00,2022-09-01T19:30:00-00:00,2022-09-01,13,NIMBUS_1_UNIT 2GNODE,NIMBUS_1_UNIT 2GNODE,NIMBUS_1_UNIT 2GNODE,RTPD,MGHG,LMP_GHG_PRC,NIMBUS_1_UNIT 2GNODE,ALL,1,0,2,5
2022-09-01T20:15:00-00:00,2022-09-01T20:30:00-00:00,2022-09-01,14,NIMBUS_1_UNIT 2GNODE,NIMBUS_1_UNIT 2GNODE,NIMBUS_1_UNIT 2GNODE,RTPD,MGHG,LMP_GHG_PRC,NIMBUS_1_UNIT 2GNODE,ALL,1,0,2,5
2022-09-01T21:15:00-00:00,2022-09-01T21:30:00-00:00,2022-09-01,15,NIMBUS_1_UNIT 2GNODE,NIMBUS_1_UNIT 2GNODE,NIMBUS_1_UNIT 2GNODE,RTPD,MGHG,LMP_GHG_PRC,NIMBUS_1_UNIT 2GNODE,ALL,1,0,2,5
2022-09-01T22:15:00-00:00,2022-09-01T22:30:00-00:00,2022-09-01,16,NIMBUS_1_UNIT 2GNODE,NIMBUS_1_UNIT 2GNODE,NIMBUS_1_UNIT 2GNODE,RTPD,MGHG,LMP_GHG_PRC,NIMBUS_1_UNIT 2GNODE,ALL,1,0,2,5
2022-09-01T23:15:00-00:00,2022-09-01T23:30:00-00:00,2022-09-01,17,NIMBUS_1_UNIT 2GNODE,NIMBUS_1_UNIT 2GNODE,NIMBUS_1_UNIT 2GNODE,RTPD,MGHG,LMP_GHG_PRC,NIMBUS_1_UNIT 2GNODE,ALL,1,0,2,5
2022-09-02T00:15:00-00:00,2022-09-02T00:30:00-00:00,2022-09-01,18,NIMBUS_1_UNIT 2GNODE,NIMBUS_1_UNIT 2GNODE,NIMBUS_1_UNIT 2GNODE,RTPD,MGHG,LMP_GHG_PRC,NIMBUS_1_UNIT 2GNODE,ALL,1,0,2,5
2022-09-02T01:15:00-00:00,2022-09-02T01:30:00-00:00,2022-09-01,19,NIMBUS_1_UNIT 2GNODE,NIMBUS_1_UNIT 2GNODE,NIMBUS_1_UNIT 2GNODE,RTPD,MGHG,LMP_GHG_PRC,NIMBUS_1_UNIT 2GNODE,ALL,1,0,2,5
2022-09-02T02:15:00-00:00,2022-09-02T02:30:00-00:00,2022-09-01,20,NIMBUS_1_UNIT 2GNODE,NIMBUS_1_UNIT 2GNODE,NIMBUS_1_UNIT 2GNODE,RTPD,MGHG,LMP_GHG_PRC,NIMBUS_1_UNIT 2GNODE,ALL,1,0,2,5
2022-09-02T03:15:00-00:00,2022-09-02T03:30:00-00:00,2022-09-01,21,NIMBUS_1_UNIT 2GNODE,NIMBUS_1_UNIT 2GNODE,NIMBUS_1_UNIT 2GNODE,RTPD,MGHG,LMP_GHG_PRC,NIMBUS_1_UNIT 2GNODE,ALL,1,0,2,5
2022-09-02T04:15:00-00:00,2022-09-02T04:30:00-00:00,2022-09-01,22,NIMBUS_1_UNIT 2GNODE,NIMBUS_1_UNIT 2GNODE,NIMBUS_1_UNIT 2GNODE,RTPD,MGHG,LMP_GHG_PRC,NIMBUS_1_UNIT 2GNODE,ALL,1,0,2,5
2022-09-02T05:15:00-00:00,2022-09-02T05:30:00-00:00,2022-09-01,23,NIMBUS_1_UNIT 2GNODE,NIMBUS_1_UNIT 2GNODE,NIMBUS_1_UNIT 2GNODE,RTPD,MGHG,LMP_GHG_PRC,NIMBUS_1_UNIT 2GNODE,ALL,1,0,2,5
2022-09-02T06:15:00-00:00,2022-09-02T06:30:00-00:00,2022-09-01,24,NIMBUS_1_UNIT 2GNODE,NIMBUS_1_UNIT 2GNODE,NIMBUS_1_UNIT 2GNODE,RTPD,MGHG,LMP_GHG_PRC,NIMBUS_1_UNIT 2GNODE,ALL,1,0,2,5
2022-09-01T07:30:00-00:00,2022-09-01T07:45:00-00:00,2022-09-01,01,NIMBUS_1_UNIT 2GNODE,NIMBUS_1_UNIT 2GNODE,NIMBUS_1_UNIT 2GNODE,RTPD,MGHG,LMP_GHG_PRC,NIMBUS_1_UNIT 2GNODE,ALL,1,0,3,5
2022-09-01T08:30:00-00:00,2022-09-01T08:45:00-00:00,2022-09-01,02,NIMBUS_1_UNIT 2GNODE,NIMBUS_1_UNIT 2GNODE,NIMBUS_1_UNIT 2GNODE,RTPD,MGHG,LMP_GHG_PRC,NIMBUS_1_UNIT 2GNODE,ALL,1,0,3,5
2022-09-01T09:30:00-00:00,2022-09-01T09:45:00-00:00,2022-09-01,03,NIMBUS_1_UNIT 2GNODE,NIMBUS_1_UNIT 2GNODE,NIMBUS_1_UNIT 2GNODE,RTPD,MGHG,LMP_GHG_PRC,NIMBUS_1_UNIT 2GNODE,ALL,1,0,3,5
2022-09-01T10:30:00-00:00,2022-09-01T10:45:00-00:00,2022-09-01,04,NIMBUS_1_UNIT 2GNODE,NIMBUS_1_UNIT 2GNODE,NIMBUS_1_UNIT 2GNODE,RTPD,MGHG,LMP_GHG_PRC,NIMBUS_1_UNIT 2GNODE,ALL,1,0,3,5
2022-09-01T11:30:00-00:00,2022-09-01T11:45:00-00:00,2022-09-01,05,NIMBUS_1_UNIT 2GNODE,NIMBUS_1_UNIT 2GNODE,NIMBUS_1_UNIT 2GNODE,RTPD,MGHG,LMP_GHG_PRC,NIMBUS_1_UNIT 2GNODE,ALL,1,0,3,5
2022-09-01T12:30:00-00:00,2022-09-01T12:45:00-00:00,2022-09-01,06,NIMBUS_1_UNIT 2GNODE,NIMBUS_1_UNIT 2GNODE,NIMBUS_1_UNIT 2GNODE,RTPD,MGHG,LMP_GHG_PRC,NIMBUS_1_UNIT 2GNODE,ALL,1,0,3,5
2022-09-01T13:30:00-00:00,2022-09-01T13:45:00-00:00,2022-09-01,07,NIMBUS_1_UNIT 2GNODE,NIMBUS_1_UNIT 2GNODE,NIMBUS_1_UNIT 2GNODE,RTPD,MGHG,LMP_GHG_PRC,NIMBUS_1_UNIT 2GNODE,ALL,1,0,3,5
2022-09-01T14:30:00-00:00,2022-09-01T14:45:00-00:00,2022-09-01,08,NIMBUS_1_UNIT 2GNODE,NIMBUS_1_UNIT 2GNODE,NIMBUS_1_UNIT 2GNODE,RTPD,MGHG,LMP_GHG_PRC,NIMBUS_1_UNIT 2GNODE,ALL,1,0,3,5
2022-09-01T15:30:00-00:00,2022-09-01T15:45:00-00:00,2022-09-01,09,NIMBUS_1_UNIT 2GNODE,NIMBUS_1_UNIT 2GNODE,NIMBUS_1_UNIT 2GNODE,RTPD,MGHG,LMP_GHG_PRC,NIMBUS_1_UNIT 2GNODE,ALL,1,0,3,5
2022-09-01T16:30:00-00:00,2022-09-01T16:45:00-00:00,2022-09-01,10,NIMBUS_1_UNIT 2GNODE,NIMBUS_1_UNIT 2GNODE,NIMBUS_1_UNIT 2GNODE,RTPD,MGHG,LMP_GHG_PRC,NIMBUS_1_UNIT 2GNODE,ALL,1,0,3,5
2022-09-01T17:30:00-00:00,2022-09-01T17:45:00-00:00,2022-09-01,11,NIMBUS_1_UNIT 2GNODE,NIMBUS_1_UNIT 2GNODE,NIMBUS_1_UNIT 2GNODE,RTPD,MGHG,LMP_GHG_PRC,NIMBUS_1_UNIT 2GNODE,ALL,1,0,3,5
2022-09-01T18:30:00-00:00,2022-09-01T18:45:00-00:00,2022-09-01,12,NIMBUS_1_UNIT 2GNODE,NIMBUS_1_UNIT 2GNODE,NIMBUS_1_UNIT 2GNODE,RTPD,MGHG,LMP_GHG_PRC,NIMBUS_1_UNIT 2GNODE,ALL,1,0,3,5
2022-09-01T19:30:00-00:00,2022-09-01T19:45:00-00:00,2022-09-01,13,NIMBUS_1_UNIT 2GNODE,NIMBUS_1_UNIT 2GNODE,NIMBUS_1_UNIT 2GNODE,RTPD,MGHG,LMP_GHG_PRC,NIMBUS_1_UNIT 2GNODE,ALL,1,0,3,5
2022-09-01T20:30:00-00:00,2022-09-01T20:45:00-00:00,2022-09-01,14,NIMBUS_1_UNIT 2GNODE,NIMBUS_1_UNIT 2GNODE,NIMBUS_1_UNIT 2GNODE,RTPD,MGHG,LMP_GHG_PRC,NIMBUS_1_UNIT 2GNODE,ALL,1,0,3,5
2022-09-01T21:30:00-00:00,2022-09-01T21:45:00-00:00,2022-09-01,15,NIMBUS_1_UNIT 2GNODE,NIMBUS_1_UNIT 2GNODE,NIMBUS_1_UNIT 2GNODE,RTPD,MGHG,LMP_GHG_PRC,NIMBUS_1_UNIT 2GNODE,ALL,1,0,3,5
2022-09-01T22:30:00-00:00,2022-09-01T22:45:00-00:00,2022-09-01,16,NIMBUS_1_UNIT 2GNODE,NIMBUS_1_UNIT 2GNODE,NIMBUS_1_UNIT 2GNODE,RTPD,MGHG,LMP_GHG_PRC,NIMBUS_1_UNIT 2GNODE,ALL,1,0,3,5
2022-09-01T23:30:00-00:00,2022-09-01T23:45:00-00:00,2022-09-01,17,NIMBUS_1_UNIT 2GNODE,NIMBUS_1_UNIT 2GNODE,NIMBUS_1_UNIT 2GNODE,RTPD,MGHG,LMP_GHG_PRC,NIMBUS_1_UNIT 2GNODE,ALL,1,0,3,5
2022-09-02T00:30:00-00:00,2022-09-02T00:45:00-00:00,2022-09-01,18,NIMBUS_1_UNIT 2GNODE,NIMBUS_1_UNIT 2GNODE,NIMBUS_1_UNIT 2GNODE,RTPD,MGHG,LMP_GHG_PRC,NIMBUS_1_UNIT 2GNODE,ALL,1,0,3,5
2022-09-02T01:30:00-00:00,2022-09-02T01:45:00-00:00,2022-09-01,19,NIMBUS_1_UNIT 2GNODE,NIMBUS_1_UNIT 2GNODE,NIMBUS_1_UNIT 2GNODE,RTPD,MGHG,LMP_GHG_PRC,NIMBUS_1_UNIT 2GNODE,ALL,1,0,3,5
2022-09-02T02:30:00-00:00,2022-09-02T02:45:00-00:00,2022-09-01,20,NIMBUS_1_UNIT 2GNODE,NIMBUS_1_UNIT 2GNODE,NIMBUS_1_UNIT 2GNODE,RTPD,MGHG,LMP_GHG_PRC,NIMBUS_1_UNIT 2GNODE,ALL,1,0,3,5
2022-09-02T03:30:00-00:00,2022-09-02T03:45:00-00:00,2022-09-01,21,NIMBUS_1_UNIT 2GNODE,NIMBUS_1_UNIT 2GNODE,NIMBUS_1_UNIT 2GNODE,RTPD,MGHG,LMP_GHG_PRC,NIMBUS_1_UNIT 2GNODE,ALL,1,0,3,5
2022-09-02T04:30:00-00:00,2022-09-02T04:45:00-00:00,2022-09-01,22,NIMBUS_1_UNIT 2GNODE,NIMBUS_1_UNIT 2GNODE,NIMBUS_1_UNIT 2GNODE,RTPD,MGHG,LMP_GHG_PRC,NIMBUS_1_UNIT 2GNODE,ALL,1,0,3,5
2022-09-02T05:30:00-00:00,2022-09-02T05:45:00-00:00,2022-09-01,23,NIMBUS_1_UNIT 2GNODE,NIMBUS_1_UNIT 2GNODE,NIMBUS_1_UNIT 2GNODE,RTPD,MGHG,LMP_GHG_PRC,NIMBUS_1_UNIT 2GNODE,ALL,1,0,3,5
2022-09-02T06:30:00-00:00,2022-09-02T06:45:00-00:00,2022-09-01,24,NIMBUS_1_UNIT 2GNODE,NIMBUS_1_UNIT 2GNODE,NIMBUS_1_UNIT 2GNODE,RTPD,MGHG,LMP_GHG_PRC,NIMBUS_1_UNIT 2GNODE,ALL,1,0,3,5
2022-09-01T07:45:00-00:00,2022-09-01T08:00:00-00:00,2022-09-01,01,NIMBUS_1_UNIT 2GNODE,NIMBUS_1_UNIT 2GNODE,NIMBUS_1_UNIT 2GNODE,RTPD,MGHG,LMP_GHG_PRC,NIMBUS_1_UNIT 2GNODE,ALL,1,0,4,5
2022-09-01T08:45:00-00:00,2022-09-01T09:00:00-00:00,2022-09-01,02,NIMBUS_1_UNIT 2GNODE,NIMBUS_1_UNIT 2GNODE,NIMBUS_1_UNIT 2GNODE,RTPD,MGHG,LMP_GHG_PRC,NIMBUS_1_UNIT 2GNODE,ALL,1,0,4,5
2022-09-01T09:45:00-00:00,2022-09-01T10:00:00-00:00,2022-09-01,03,NIMBUS_1_UNIT 2GNODE,NIMBUS_1_UNIT 2GNODE,NIMBUS_1_UNIT 2GNODE,RTPD,MGHG,LMP_GHG_PRC,NIMBUS_1_UNIT 2GNODE,ALL,1,0,4,5
2022-09-01T10:45:00-00:00,2022-09-01T11:00:00-00:00,2022-09-01,04,NIMBUS_1_UNIT 2GNODE,NIMBUS_1_UNIT 2GNODE,NIMBUS_1_UNIT 2GNODE,RTPD,MGHG,LMP_GHG_PRC,NIMBUS_1_UNIT 2GNODE,ALL,1,0,4,5
2022-09-01T11:45:00-00:00,2022-09-01T12:00:00-00:00,2022-09-01,05,NIMBUS_1_UNIT 2GNODE,NIMBUS_1_UNIT 2GNODE,NIMBUS_1_UNIT 2GNODE,RTPD,MGHG,LMP_GHG_PRC,NIMBUS_1_UNIT 2GNODE,ALL,1,0,4,5
2022-09-01T12:45:00-00:00,2022-09-01T13:00:00-00:00,2022-09-01,06,NIMBUS_1_UNIT 2GNODE,NIMBUS_1_UNIT 2GNODE,NIMBUS_1_UNIT 2GNODE,RTPD,MGHG,LMP_GHG_PRC,NIMBUS_1_UNIT 2GNODE,ALL,1,0,4,5
2022-09-01T13:45:00-00:00,2022-09-01T14:00:00-00:00,2022-09-01,07,NIMBUS_1_UNIT 2GNODE,NIMBUS_1_UNIT 2GNODE,NIMBUS_1_UNIT 2GNODE,RTPD,MGHG,LMP_GHG_PRC,NIMBUS_1_UNIT 2GNODE,ALL,1,0,4,5
2022-09-01T14:45:00-00:00,2022-09-01T15:00:00-00:00,2022-09-01,08,NIMBUS_1_UNIT 2GNODE,NIMBUS_1_UNIT 2GNODE,NIMBUS_1_UNIT 2GNODE,RTPD,MGHG,LMP_GHG_PRC,NIMBUS_1_UNIT 2GNODE,ALL,1,0,4,5
2022-09-01T15:45:00-00:00,2022-09-01T16:00:00-00:00,2022-09-01,09,NIMBUS_1_UNIT 2GNODE,NIMBUS_1_UNIT 2GNODE,NIMBUS_1_UNIT 2GNODE,RTPD,MGHG,LMP_GHG_PRC,NIMBUS_1_UNIT 2GNODE,ALL,1,0,4,5
2022-09-01T16:45:00-00:00,2022-09-01T17:00:00-00:00,2022-09-01,10,NIMBUS_1_UNIT 2GNODE,NIMBUS_1_UNIT 2GNODE,NIMBUS_1_UNIT 2GNODE,RTPD,MGHG,LMP_GHG_PRC,NIMBUS_1_UNIT 2GNODE,ALL,1,0,4,5
2022-09-01T17:45:00-00:00,2022-09-01T18:00:00-00:00,2022-09-01,11,NIMBUS_1_UNIT 2GNODE,NIMBUS_1_UNIT 2GNODE,NIMBUS_1_UNIT 2GNODE,RTPD,MGHG,LMP_GHG_PRC,NIMBUS_1_UNIT 2GNODE,ALL,1,0,4,5
2022-09-01T18:45:00-00:00,2022-09-01T19:00:00-00:00,2022-09-01,12,NIMBUS_1_UNIT 2GNODE,NIMBUS_1_UNIT 2GNODE,NIMBUS_1_UNIT 2GNODE,RTPD,MGHG,LMP_GHG_PRC,NIMBUS_1_UNIT 2GNODE,ALL,1,0,4,5
2022-09-01T19:45:00-00:00,2022-09-01T20:00:00-00:00,2022-09-01,13,NIMBUS_1_UNIT 2GNODE,NIMBUS_1_UNIT 2GNODE,NIMBUS_1_UNIT 2GNODE,RTPD,MGHG,LMP_GHG_PRC,NIMBUS_1_UNIT 2GNODE,ALL,1,0,4,5
2022-09-01T20:45:00-00:00,2022-09-01T21:00:00-00:00,2022-09-01,14,NIMBUS_1_UNIT 2GNODE,NIMBUS_1_UNIT 2GNODE,NIMBUS_1_UNIT 2GNODE,RTPD,MGHG,LMP_GHG_PRC,NIMBUS_1_UNIT 2GNODE,ALL,1,0,4,5
2022-09-01T21:45:00-00:00,2022-09-01T22:00:00-00:00,2022-09-01,15,NIMBUS_1_UNIT 2GNODE,NIMBUS_1_UNIT 2GNODE,NIMBUS_1_UNIT 2GNODE,RTPD,MGHG,LMP_GHG_PRC,NIMBUS_1_UNIT 2GNODE,ALL,1,0,4,5
2022-09-01T22:45:00-00:00,2022-09-01T23:00:00-00:00,2022-09-01,16,NIMBUS_1_UNIT 2GNODE,NIMBUS_1_UNIT 2GNODE,NIMBUS_1_UNIT 2GNODE,RTPD,MGHG,LMP_GHG_PRC,NIMBUS_1_UNIT 2GNODE,ALL,1,0,4,5
2022-09-01T23:45:00-00:00,2022-09-02T00:00:00-00:00,2022-09-01,17,NIMBUS_1_UNIT 2GNODE,NIMBUS_1_UNIT 2GNODE,NIMBUS_1_UNIT 2GNODE,RTPD,MGHG,LMP_GHG_PRC,NIMBUS_1_UNIT 2GNODE,ALL,1,0,4,5
2022-09-02T00:45:00-00:00,2022-09-02T01:00:00-00:00,2022-09-01,18,NIMBUS_1_UNIT 2GNODE,NIMBUS_1_UNIT 2GNODE,NIMBUS_1_UNIT 2GNODE,RTPD,MGHG,LMP_GHG_PRC,NIMBUS_1_UNIT 2GNODE,ALL,1,0,4,5
2022-09-02T01:45:00-00:00,2022-09-02T02:00:00-00:00,2022-09-01,19,NIMBUS_1_UNIT 2GNODE,NIMBUS_1_UNIT 2GNODE,NIMBUS_1_UNIT 2GNODE,RTPD,MGHG,LMP_GHG_PRC,NIMBUS_1_UNIT 2GNODE,ALL,1,0,4,5
2022-09-02T02:45:00-00:00,2022-09-02T03:00:00-00:00,2022-09-01,20,NIMBUS_1_UNIT 2GNODE,NIMBUS_1_UNIT 2GNODE,NIMBUS_1_UNIT 2GNODE,RTPD,MGHG,LMP_GHG_PRC,NIMBUS_1_UNIT 2GNODE,ALL,1,0,4,5
2022-09-02T03:45:00-00:00,2022-09-02T04:00:00-00:00,2022-09-01,21,NIMBUS_1_UNIT 2GNODE,NIMBUS_1_UNIT 2GNODE,NIMBUS_1_UNIT 2GNODE,RTPD,MGHG,LMP_GHG_PRC,NIMBUS_1_UNIT 2GNODE,ALL,1,0,4,5
2022-09-02T04:45:00-00:00,2022-09-02T05:00:00-00:00,2022-09-01,22,NIMBUS_1_UNIT 2GNODE,NIMBUS_1_UNIT 2GNODE,NIMBUS_1_UNIT 2GNODE,RTPD,MGHG,LMP_GHG_PRC,NIMBUS_1_UNIT 2GNODE,ALL,1,0,4,5
2022-09-02T05:45:00-00:00,2022-09-02T06:00:00-00:00,2022-09-01,23,NIMBUS_1_UNIT 2GNODE,NIMBUS_1_UNIT 2GNODE,NIMBUS_1_UNIT 2GNODE,RTPD,MGHG,LMP_GHG_PRC,NIMBUS_1_UNIT 2GNODE,ALL,1,0,4,5
2022-09-02T06:45:00-00:00,2022-09-02T07:00:00-00:00,2022-09-01,24,NIMBUS_1_UNIT 2GNODE,NIMBUS_1_UNIT 2GNODE,NIMBUS_1_UNIT 2GNODE,RTPD,MGHG,LMP_GHG_PRC,NIMBUS_1_UNIT 2GNODE,ALL,1,0,4,5
