INTERVALSTARTTIME_GMT,INTERVALENDTIME_GMT,OPR_DT,OPR_HR,NODE_ID_XML,NODE_ID,NODE,MARKET_RUN_ID,LMP_TYPE,XML_DATA_ITEM,PNODE_RESMRID,GRP_TYPE,POS,PRC,OPR_INTERVAL,GROUP
2022-09-01T07:00:00-00:00,2022-09-01T07:15:00-00:00,2022-09-01,01,AUBERRY_6_N001,AUBERRY_6_N001,AUBERRY_6_N001,RTPD,LMP,LMP_PRC,AUBERRY_6_N001,ALL,1,84.46172,1,1
2022-09-01T08:00:00-00:00,2022-09-01T08:15:00-00:00,2022-09-01,02,AUBERRY_6_N001,AUBERRY_6_N001,AUBERRY_6_N001,RTPD,LMP,LMP_PRC,AUBERRY_6_N001,ALL,1,111.77114,1,1
2022-09-01T09:00:00-00:00,2022-09-01T09:15:00-00:00,2022-09-01,03,AUBERRY_6_N001,AUBERRY_6_N001,AUBERRY_6_N001,RTPD,LMP,LMP_PRC,AUBERRY_6_N001,ALL,1,106.05821,1,1
2022-09-01T10:00:00-00:00,2022-09-01T10:15:00-00:00,2022-09-01,04,AUBERRY_6_N001,AUBERRY_6_N001,AUBERRY_6_N001,RTPD,LMP,LMP_PRC,AUBERRY_6_N001,ALL,1,105.46737,1,1
2022-09-01T11:00:00-00:00,2022-09-01T11:15:00-00:00,2022-09-01,05,AUBERRY_6_N001,AUBERRY_6_N001,AUBERRY_6_N001,RTPD,LMP,LMP_PRC,AUBERRY_6_N001,ALL,1,115.23581,1,1
2022-09-01T12:00:00-00:00,2022-09-01T12:15:00-00:00,2022-09-01,06,AUBERRY_6_N001,AUBERRY_6_N001,AUBERRY_6_N001,RTPD,LMP,LMP_PRC,AUBERRY_6_N001,ALL,1,97.36884,1,1
2022-09-01T13:00:00-00:00,2022-09-01T13:15:00-00:00,2022-09-01,07,AUBERRY_6_N001,AUBERRY_6_N001,AUBERRY_6_N001,RTPD,LMP,LMP_PRC,AUBERRY_6_N001,ALL,1,86.77394,1,1
2022-09-01T14:00:00-00:00,2022-09-01T14:15:00-00:00,2022-09-01,08,AUBERRY_6_N001,AUBERRY_6_N001,AUBERRY_6_N001,RTPD,LMP,LMP_PRC,AUBERRY_6_N001,ALL,1,125.56788,1,1
2022-09-01T15:00:00-00:00,2022-09-01T15:15:00-00:00,2022-09-01,09,AUBERRY_6_N001,AUBERRY_6_N001,AUBERRY_6_N001,RTPD,LMP,LMP_PRC,AUBERRY_6_N001,ALL,1,97.4112,1,1
2022-09-01T16:00:00-00:00,2022-09-01T16:15:00-00:00,2022-09-01,10,AUBERRY_6_N001,AUBERRY_6_N001,AUBERRY_6_N001,RTPD,LMP,LMP_PRC,AUBERRY_6_N001,ALL,1,83.43525,1,1
2022-09-01T17:00:00-00:00,2022-09-01T17:15:00-00:00,2022-09-01,11,AUBERRY_6_N001,AUBERRY_6_N001,AUBERRY_6_N001,RTPD,LMP,LMP_PRC,AUBERRY_6_N001,ALL,1,78.40018,1,1
2022-09-01T18:00:00-00:00,2022-09-01T18:15:00-00:00,2022-09-01,12,AUBERRY_6_N001,AUBERRY_6_N001,AUBERRY_6_N001,RTPD,LMP,LMP_PRC,AUBERRY_6_N001,ALL,1,55.65684,1,1
2022-09-01T19:00:00-00:00,2022-09-01T19:15:00-00:00,2022-09-01,13,AUBERRY_6_N001,AUBERRY_6_N001,AUBERRY_6_N001,RTPD,LMP,LMP_PRC,AUBERRY_6_N001,ALL,1,69.56766,1,1
2022-09-01T20:00:00-00:00,2022-09-01T20:15:00-00:00,2022-09-01,14,AUBERRY_6_N001,AUBERRY_6_N001,AUBERRY_6_N001,RTPD,LMP,LMP_PRC,AUBERRY_6_N001,ALL,1,114.04736,1,1
2022-09-01T21:00:00-00:00,2022-09-01T21:15:00-00:00,2022-09-01,15,AUBERRY_6_N001,AUBERRY_6_N001,AUBERRY_6_N001,RTPD,LMP,LMP_PRC,AUBERRY_6_N001,ALL,1,117.02748,1,1
2022-09-01T22:00:00-00:00,2022-09-01T22:15:00-00:00,2022-09-01,16,AUBERRY_6_N001,AUBERRY_6_N001,AUBERRY_6_N001,RTPD,LMP,LMP_PRC,AUBERRY_6_N001,ALL,1,110.46797,1,1
2022-09-01T23:00:00-00:00,2022-09-01T23:15:00-00:00,2022-09-01,17,AUBERRY_6_N001,AUBERRY_6_N001,AUBERRY_6_N001,RTPD,LMP,LMP_PRC,AUBERRY_6_N001,ALL,1,195.4636,1,1
2022-09-02T00:00:00-00:00,2022-09-02T00:15:00-00:00,2022-09-01,18,AUBERRY_6_N001,AUBERRY_6_N001,AUBERRY_6_N001,RTPD,LMP,LMP_PRC,AUBERRY_6_N001,ALL,1,1145.6459,1,1
2022-09-02T01:00:00-00:00,2022-09-02T01:15:00-00:00,2022-09-01,19,AUBERRY_6_N001,AUBERRY_6_N001,AUBERRY_6_N001,RTPD,LMP,LMP_PRC,AUBERRY_6_N001,ALL,1,1207.9291,1,1
2022-09-02T02:00:00-00:00,2022-09-02T02:15:00-00:00,2022-09-01,20,AUBERRY_6_N001,AUBERRY_6_N001,AUBERRY_6_N001,RTPD,LMP,LMP_PRC,AUBERRY_6_N001,ALL,1,1991.6721,1,1
2022-09-02T03:00:00-00:00,2022-09-02T03:15:00-00:00,2022-09-01,21,AUBERRY_6_N001,AUBERRY_6_N001,AUBERRY_6_N001,RTPD,LMP,LMP_PRC,AUBERRY_6_N001,ALL,1,1521.984,1,1
2022-09-02T04:00:00-00:00,2022-09-02T04:15:00-00:00,2022-09-01,22,AUBERRY_6_N001,AUBERRY_6_N001,AUBERRY_6_N001,RTPD,LMP,LMP_PRC,AUBERRY_6_N001,ALL,1,1332.0516,1,1
2022-09-02T05:00:00-00:00,2022-09-02T05:15:00-00:00,2022-09-01,23,AUBERRY_6_N001,AUBERRY_6_N001,AUBERRY_6_N001,RTPD,LMP,LMP_PRC,AUBERRY_6_N001,ALL,1,210.58696,1,1
2022-09-02T06:00:00-00:00,2022-09-02T06:15:00-00:00,2022-09-01,24,AUBERRY_6_N001,AUBERRY_6_N001,AUBERRY_6_N001,RTPD,LMP,LMP_PRC,AUBERRY_6_N001,ALL,1,331.02118,1,1
2022-09-01T07:15:00-00:00,2022-09-01T07:30:00-00:00,2022-09-01,01,AUBERRY_6_N001,AUBERRY_6_N001,AUBERRY_6_N001,RTPD,LMP,LMP_PRC,AUBERRY_6_N001,ALL,1,114.23402,2,1
2022-09-01T08:15:00-00:00,2022-09-01T08:30:00-00:00,2022-09-01,02,AUBERRY_6_N001,AUBERRY_6_N001,AUBERRY_6_N001,RTPD,LMP,LMP_PRC,AUBERRY_6_N001,ALL,1,114.49621,2,1
2022-09-01T09:15:00-00:00,2022-09-01T09:30:00-00:00,2022-09-01,03,AUBERRY_6_N001,AUBERRY_6_N001,AUBERRY_6_N001,RTPD,LMP,LMP_PRC,AUBERRY_6_N001,ALL,1,102.50915,2,1
2022-09-01T10:15:00-00:00,2022-09-01T10:30:00-00:00,2022-09-01,04,AUBERRY_6_N001,AUBERRY_6_N001,AUBERRY_6_N001,RTPD,LMP,LMP_PRC,AUBERRY_6_N001,ALL,1,102.04291,2,1
2022-09-01T11:15:00-00:00,2022-09-01T11:30:00-00:00,2022-09-01,05,AUBERRY_6_N001,AUBERRY_6_N001,AUBERRY_6_N001,RTPD,LMP,LMP_PRC,AUBERRY_6_N001,ALL,1,115.78104,2,1
2022-09-01T12:15:00-00:00,2022-09-01T12:30:00-00:00,2022-09-01,06,AUBERRY_6_N001,AUBERRY_6_N001,AUBERRY_6_N001,RTPD,LMP,LMP_PRC,AUBERRY_6_N001,ALL,1,116.60758,2,1
2022-09-01T13:15:00-00:00,2022-09-01T13:30:00-00:00,2022-09-01,07,AUBERRY_6_N001,AUBERRY_6_N001,AUBERRY_6_N001,RTPD,LMP,LMP_PRC,AUBERRY_6_N001,ALL,1,123.75178,2,1
2022-09-01T14:15:00-00:00,2022-09-01T14:30:00-00:00,2022-09-01,08,AUBERRY_6_N001,AUBERRY_6_N001,AUBERRY_6_N001,RTPD,LMP,LMP_PRC,AUBERRY_6_N001,ALL,1,117.21522,2,1
2022-09-01T15:15:00-00:00,2022-09-01T15:30:00-00:00,2022-09-01,09,AUBERRY_6_N001,AUBERRY_6_N001,AUBERRY_6_N001,RTPD,LMP,LMP_PRC,AUBERRY_6_N001,ALL,1,86.9388,2,1
2022-09-01T16:15:00-00:00,2022-09-01T16:30:00-00:00,2022-09-01,10,AUBERRY_6_N001,AUBERRY_6_N001,AUBERRY_6_N001,RTPD,LMP,LMP_PRC,AUBERRY_6_N001,ALL,1,87.628,2,1
2022-09-01T17:15:00-00:00,2022-09-01T17:30:00-00:00,2022-09-01,11,AUBERRY_6_N001,AUBERRY_6_N001,AUBERRY_6_N001,RTPD,LMP,LMP_PRC,AUBERRY_6_N001,ALL,1,76.76789,2,1
2022-09-01T18:15:00-00:00,2022-09-01T18:30:00-00:00,2022-09-01,12,AUBERRY_6_N001,AUBERRY_6_N001,AUBERRY_6_N001,RTPD,LMP,LMP_PRC,AUBERRY_6_N001,ALL,1,71.89614,2,1
2022-09-01T19:15:00-00:00,2022-09-01T19:30:00-00:00,2022-09-01,13,AUBERRY_6_N001,AUBERRY_6_N001,AUBERRY_6_N001,RTPD,LMP,LMP_PRC,AUBERRY_6_N001,ALL,1,72.67271,2,1
2022-09-01T20:15:00-00:00,2022-09-01T20:30:00-00:00,2022-09-01,14,AUBERRY_6_N001,AUBERRY_6_N001,AUBERRY_6_N001,RTPD,LMP,LMP_PRC,AUBERRY_6_N001,ALL,1,114.00229,2,1
2022-09-01T21:15:00-00:00,2022-09-01T21:30:00-00:00,2022-09-01,15,AUBERRY_6_N001,AUBERRY_6_N001,AUBERRY_6_N001,RTPD,LMP,LMP_PRC,AUBERRY_6_N001,ALL,1,117.5952,2,1
2022-09-01T22:15:00-00:00,2022-09-01T22:30:00-00:00,2022-09-01,16,AUBERRY_6_N001,AUBERRY_6_N001,AUBERRY_6_N001,RTPD,LMP,LMP_PRC,AUBERRY_6_N001,ALL,1,126.35242,2,1
2022-09-01T23:15:00-00:00,2022-09-01T23:30:00-00:00,2022-09-01,17,AUBERRY_6_N001,AUBERRY_6_N001,AUBERRY_6_N001,RTPD,LMP,LMP_PRC,AUBERRY_6_N001,ALL,1,247.43922,2,1
2022-09-02T00:15:00-00:00,2022-09-02T00:30:00-00:00,2022-09-01,18,AUBERRY_6_N001,AUBERRY_6_N001,AUBERRY_6_N001,RTPD,LMP,LMP_PRC,AUBERRY_6_N001,ALL,1,1052.0245,2,1
2022-09-02T01:15:00-00:00,2022-09-02T01:30:00-00:00,2022-09-01,19,AUBERRY_6_N001,AUBERRY_6_N001,AUBERRY_6_N001,RTPD,LMP,LMP_PRC,AUBERRY_6_N001,ALL,1,1999.9933,2,1
2022-09-02T02:15:00-00:00,2022-09-02T02:30:00-00:00,2022-09-01,20,AUBERRY_6_N001,AUBERRY_6_N001,AUBERRY_6_N001,RTPD,LMP,LMP_PRC,AUBERRY_6_N001,ALL,1,1991.6721,2,1
2022-09-02T03:15:00-00:00,2022-09-02T03:30:00-00:00,2022-09-01,21,AUBERRY_6_N001,AUBERRY_6_N001,AUBERRY_6_N001,RTPD,LMP,LMP_PRC,AUBERRY_6_N001,ALL,1,629.4637,2,1
2022-09-02T04:15:00-00:00,2022-09-02T04:30:00-00:00,2022-09-01,22,AUBERRY_6_N001,AUBERRY_6_N001,AUBERRY_6_N001,RTPD,LMP,LMP_PRC,AUBERRY_6_N001,ALL,1,1247.4686,2,1
2022-09-02T05:15:00-00:00,2022-09-02T05:30:00-00:00,2022-09-01,23,AUBERRY_6_N001,AUBERRY_6_N001,AUBERRY_6_N001,RTPD,LMP,LMP_PRC,AUBERRY_6_N001,ALL,1,182.74611,2,1
2022-09-02T06:15:00-00:00,2022-09-02T06:30:00-00:00,2022-09-01,24,AUBERRY_6_N001,AUBERRY_6_N001,AUBERRY_6_N001,RTPD,LMP,LMP_PRC,AUBERRY_6_N001,ALL,1,165.2568,2,1
2022-09-01T07:30:00-00:00,2022-09-01T07:45:00-00:00,2022-09-01,01,AUBERRY_6_N001,AUBERRY_6_N001,AUBERRY_6_N001,RTPD,LMP,LMP_PRC,AUBERRY_6_N001,ALL,1,100.65658,3,1
2022-09-01T08:30:00-00:00,2022-09-01T08:45:00-00:00,2022-09-01,02,AUBERRY_6_N001,AUBERRY_6_N001,AUBERRY_6_N001,RTPD,LMP,LMP_PRC,AUBERRY_6_N001,ALL,1,124.77826,3,1
2022-09-01T09:30:00-00:00,2022-09-01T09:45:00-00:00,2022-09-01,03,AUBERRY_6_N001,AUBERRY_6_N001,AUBERRY_6_N001,RTPD,LMP,LMP_PRC,AUBERRY_6_N001,ALL,1,102.22352,3,1
2022-09-01T10:30:00-00:00,2022-09-01T10:45:00-00:00,2022-09-01,04,AUBERRY_6_N001,AUBERRY_6_N001,AUBERRY_6_N001,RTPD,LMP,LMP_PRC,AUBERRY_6_N001,ALL,1,103.8077,3,1
2022-09-01T11:30:00-00:00,2022-09-01T11:45:00-00:00,2022-09-01,05,AUBERRY_6_N001,AUBERRY_6_N001,AUBERRY_6_N001,RTPD,LMP,LMP_PRC,AUBERRY_6_N001,ALL,1,115.95503,3,1
2022-09-01T12:30:00-00:00,2022-09-01T12:45:00-00:00,2022-09-01,06,AUBERRY_6_N001,AUBERRY_6_N001,AUBERRY_6_N001,RTPD,LMP,LMP_PRC,AUBERRY_6_N001,ALL,1,115.24807,3,1
2022-09-01T13:30:00-00:00,2022-09-01T13:45:00-00:00,2022-09-01,07,AUBERRY_6_N001,AUBERRY_6_N001,AUBERRY_6_N001,RTPD,LMP,LMP_PRC,AUBERRY_6_N001,ALL,1,125.05881,3,1
2022-09-01T14:30:00-00:00,2022-09-01T14:45:00-00:00,2022-09-01,08,AUBERRY_6_N001,AUBERRY_6_N001,AUBERRY_6_N001,RTPD,LMP,LMP_PRC,AUBERRY_6_N001,ALL,1,113.27027,3,1
2022-09-01T15:30:00-00:00,2022-09-01T15:45:00-00:00,2022-09-01,09,AUBERRY_6_N001,AUBERRY_6_N001,AUBERRY_6_N001,RTPD,LMP,LMP_PRC,AUBERRY_6_N001,ALL,1,86.1388,3,1
2022-09-01T16:30:00-00:00,2022-09-01T16:45:00-00:00,2022-09-01,10,AUBERRY_6_N001,AUBERRY_6_N001,AUBERRY_6_N001,RTPD,LMP,LMP_PRC,AUBERRY_6_N001,ALL,1,73.56092,3,1
2022-09-01T17:30:00-00:00,2022-09-01T17:45:00-00:00,2022-09-01,11,AUBERRY_6_N001,AUBERRY_6_N001,AUBERRY_6_N001,RTPD,LMP,LMP_PRC,AUBERRY_6_N001,ALL,1,76.48039,3,1
2022-09-01T18:30:00-00:00,2022-09-01T18:45:00-00:00,2022-09-01,12,AUBERRY_6_N001,AUBERRY_6_N001,AUBERRY_6_N001,RTPD,LMP,LMP_PRC,AUBERRY_6_N001,ALL,1,76.55692,3,1
2022-09-01T19:30:00-00:00,2022-09-01T19:45:00-00:00,2022-09-01,13,AUBERRY_6_N001,AUBERRY_6_N001,AUBERRY_6_N001,RTPD,LMP,LMP_PRC,AUBERRY_6_N001,ALL,1,100.03547,3,1
2022-09-01T20:30:00-00:00,2022-09-01T20:45:00-00:00,2022-09-01,14,AUBERRY_6_N001,AUBERRY_6_N001,AUBERRY_6_N001,RTPD,LMP,LMP_PRC,AUBERRY_6_N001,ALL,1,115.72684,3,1
2022-09-01T21:30:00-00:00,2022-09-01T21:45:00-00:00,2022-09-01,15,AUBERRY_6_N001,AUBERRY_6_N001,AUBERRY_6_N001,RTPD,LMP,LMP_PRC,AUBERRY_6_N001,ALL,1,125.72331,3,1
2022-09-01T22:30:00-00:00,2022-09-01T22:45:00-00:00,2022-09-01,16,AUBERRY_6_N001,AUBERRY_6_N001,AUBERRY_6_N001,RTPD,LMP,LMP_PRC,AUBERRY_6_N001,ALL,1,143.14716,3,1
2022-09-01T23:30:00-00:00,2022-09-01T23:45:00-00:00,2022-09-01,17,AUBERRY_6_N001,AUBERRY_6_N001,AUBERRY_6_N001,RTPD,LMP,LMP_PRC,AUBERRY_6_N001,ALL,1,566.48157,3,1
2022-09-02T00:30:00-00:00,2022-09-02T00:45:00-00:00,2022-09-01,18,AUBERRY_6_N001,AUBERRY_6_N001,AUBERRY_6_N001,RTPD,LMP,LMP_PRC,AUBERRY_6_N001,ALL,1,1736.5006,3,1
2022-09-02T01:30:00-00:00,2022-09-02T01:45:00-00:00,2022-09-01,19,AUBERRY_6_N001,AUBERRY_6_N001,AUBERRY_6_N001,RTPD,LMP,LMP_PRC,AUBERRY_6_N001,ALL,1,1999.9956,3,1
2022-09-02T02:30:00-00:00,2022-09-02T02:45:00-00:00,2022-09-01,20,AUBERRY_6_N001,AUBERRY_6_N001,AUBERRY_6_N001,RTPD,LMP,LMP_PRC,AUBERRY_6_N001,ALL,1,1991.671,3,1
2022-09-02T03:30:00-00:00,2022-09-02T03:45:00-00:00,2022-09-01,21,AUBERRY_6_N001,AUBERRY_6_N001,AUBERRY_6_N001,RTPD,LMP,LMP_PRC,AUBERRY_6_N001,ALL,1,261.15515,3,1
2022-09-02T04:30:00-00:00,2022-09-02T04:45:00-00:00,2022-09-01,22,AUBERRY_6_N001,AUBERRY_6_N001,AUBERRY_6_N001,RTPD,LMP,LMP_PRC,AUBERRY_6_N001,ALL,1,740.7601,3,1
2022-09-02T05:30:00-00:00,2022-09-02T05:45:00-00:00,2022-09-01,23,AUBERRY_6_N001,AUBERRY_6_N001,AUBERRY_6_N001,RTPD,LMP,LMP_PRC,AUBERRY_6_N001,ALL,1,153.07394,3,1
2022-09-02T06:30:00-00:00,2022-09-02T06:45:00-00:00,2022-09-01,24,AUBERRY_6_N001,AUBERRY_6_N001,AUBERRY_6_N001,RTPD,LMP,LMP_PRC,AUBERRY_6_N001,ALL,1,154.84093,3,1
2022-09-01T07:45:00-00:00,2022-09-01T08:00:00-00:00,2022-09-01,01,AUBERRY_6_N001,AUBERRY_6_N001,AUBERRY_6_N001,RTPD,LMP,LMP_PRC,AUBERRY_6_N001,ALL,1,88.22129,4,1
2022-09-01T08:45:00-00:00,2022-09-01T09:00:00-00:00,2022-09-01,02,AUBERRY_6_N001,AUBERRY_6_N001,AUBERRY_6_N001,RTPD,LMP,LMP_PRC,AUBERRY_6_N001,ALL,1,104.94892,4,1
2022-09-01T09:45:00-00:00,2022-09-01T10:00:00-00:00,2022-09-01,03,AUBERRY_6_N001,AUBERRY_6_N001,AUBERRY_6_N001,RTPD,LMP,LMP_PRC,AUBERRY_6_N001,ALL,1,101.70899,4,1
2022-09-01T10:45:00-00:00,2022-09-01T11:00:00-00:00,2022-09-01,04,AUBERRY_6_N001,AUBERRY_6_N001,AUBERRY_6_N001,RTPD,LMP,LMP_PRC,AUBERRY_6_N001,ALL,1,103.67014,4,1
2022-09-01T11:45:00-00:00,2022-09-01T12:00:00-00:00,2022-09-01,05,AUBERRY_6_N001,AUBERRY_6_N001,AUBERRY_6_N001,RTPD,LMP,LMP_PRC,AUBERRY_6_N001,ALL,1,107.01,4,1
2022-09-01T12:45:00-00:00,2022-09-01T13:00:00-00:00,2022-09-01,06,AUBERRY_6_N001,AUBERRY_6_N001,AUBERRY_6_N001,RTPD,LMP,LMP_PRC,AUBERRY_6_N001,ALL,1,113.82111,4,1
2022-09-01T13:45:00-00:00,2022-09-01T14:00:00-00:00,2022-09-01,07,AUBERRY_6_N001,AUBERRY_6_N001,AUBERRY_6_N001,RTPD,LMP,LMP_PRC,AUBERRY_6_N001,ALL,1,111.41,4,1
2022-09-01T14:45:00-00:00,2022-09-01T15:00:00-00:00,2022-09-01,08,AUBERRY_6_N001,AUBERRY_6_N001,AUBERRY_6_N001,RTPD,LMP,LMP_PRC,AUBERRY_6_N001,ALL,1,86.1388,4,1
2022-09-01T15:45:00-00:00,2022-09-01T16:00:00-00:00,2022-09-01,09,AUBERRY_6_N001,AUBERRY_6_N001,AUBERRY_6_N001,RTPD,LMP,LMP_PRC,AUBERRY_6_N001,ALL,1,78.70076,4,1
2022-09-01T16:45:00-00:00,2022-09-01T17:00:00-00:00,2022-09-01,10,AUBERRY_6_N001,AUBERRY_6_N001,AUBERRY_6_N001,RTPD,LMP,LMP_PRC,AUBERRY_6_N001,ALL,1,77.46025,4,1
2022-09-01T17:45:00-00:00,2022-09-01T18:00:00-00:00,2022-09-01,11,AUBERRY_6_N001,AUBERRY_6_N001,AUBERRY_6_N001,RTPD,LMP,LMP_PRC,AUBERRY_6_N001,ALL,1,76.9044,4,1
2022-09-01T18:45:00-00:00,2022-09-01T19:00:00-00:00,2022-09-01,12,AUBERRY_6_N001,AUBERRY_6_N001,AUBERRY_6_N001,RTPD,LMP,LMP_PRC,AUBERRY_6_N001,ALL,1,78.65713,4,1
2022-09-01T19:45:00-00:00,2022-09-01T20:00:00-00:00,2022-09-01,13,AUBERRY_6_N001,AUBERRY_6_N001,AUBERRY_6_N001,RTPD,LMP,LMP_PRC,AUBERRY_6_N001,ALL,1,105.03252,4,1
2022-09-01T20:45:00-00:00,2022-09-01T21:00:00-00:00,2022-09-01,14,AUBERRY_6_N001,AUBERRY_6_N001,AUBERRY_6_N001,RTPD,LMP,LMP_PRC,AUBERRY_6_N001,ALL,1,122.70266,4,1
2022-09-01T21:45:00-00:00,2022-09-01T22:00:00-00:00,2022-09-01,15,AUBERRY_6_N001,AUBERRY_6_N001,AUBERRY_6_N001,RTPD,LMP,LMP_PRC,AUBERRY_6_N001,ALL,1,201.4482,4,1
2022-09-01T22:45:00-00:00,2022-09-01T23:00:00-00:00,2022-09-01,16,AUBERRY_6_N001,AUBERRY_6_N001,AUBERRY_6_N001,RTPD,LMP,LMP_PRC,AUBERRY_6_N001,ALL,1,146.51607,4,1
2022-09-01T23:45:00-00:00,2022-09-02T00:00:00-00:00,2022-09-01,17,AUBERRY_6_N001,AUBERRY_6_N001,AUBERRY_6_N001,RTPD,LMP,LMP_PRC,AUBERRY_6_N001,ALL,1,1616.0684,4,1
2022-09-02T00:45:00-00:00,2022-09-02T01:00:00-00:00,2022-09-01,18,AUBERRY_6_N001,AUBERRY_6_N001,AUBERRY_6_N001,RTPD,LMP,LMP_PRC,AUBERRY_6_N001,ALL,1,1775.6449,4,1
2022-09-02T01:45:00-00:00,2022-09-02T02:00:00-00:00,2022-09-01,19,AUBERRY_6_N001,AUBERRY_6_N001,AUBERRY_6_N001,RTPD,LMP,LMP_PRC,AUBERRY_6_N001,ALL,1,1991.9337,4,1
2022-09-02T02:45:00-00:00,2022-09-02T03:00:00-00:00,2022-09-01,20,AUBERRY_6_N001,AUBERRY_6_N001,AUBERRY_6_N001,RTPD,LMP,LMP_PRC,AUBERRY_6_N001,ALL,1,2398.5142,4,1
2022-09-02T03:45:00-00:00,2022-09-02T04:00:00-00:00,2022-09-01,21,AUBERRY_6_N001,AUBERRY_6_N001,AUBERRY_6_N001,RTPD,LMP,LMP_PRC,AUBERRY_6_N001,ALL,1,187.80331,4,1
2022-09-02T04:45:00-00:00,2022-09-02T05:00:00-00:00,2022-09-01,22,AUBERRY_6_N001,AUBERRY_6_N001,AUBERRY_6_N001,RTPD,LMP,LMP_PRC,AUBERRY_6_N001,ALL,1,164.5133,4,1
2022-09-02T05:45:00-00:00,2022-09-02T06:00:00-00:00,2022-09-01,23,AUBERRY_6_N001,AUBERRY_6_N001,AUBERRY_6_N001,RTPD,LMP,LMP_PRC,AUBERRY_6_N001,ALL,1,308.11758,4,1
2022-09-02T06:45:00-00:00,2022-09-02T07:00:00-00:00,2022-09-01,24,AUBERRY_6_N001,AUBERRY_6_N001,AUBERRY_6_N001,RTPD,LMP,LMP_PRC,AUBERRY_6_N001,ALL,1,128.47498,4,1
2022-09-01T07:00:00-00:00,2022-09-01T07:15:00-00:00,2022-09-01,01,AUBERRY_6_N001,AUBERRY_6_N001,AUBERRY_6_N001,RTPD,MCC,LMP_CONG_PRC,AUBERRY_6_N001,ALL,1,-23.90068,1,2
2022-09-01T08:00:00-00:00,2022-09-01T08:15:00-00:00,2022-09-01,02,AUBERRY_6_N001,AUBERRY_6_N001,AUBERRY_6_N001,RTPD,MCC,LMP_CONG_PRC,AUBERRY_6_N001,ALL,1,-3.77765,1,2
2022-09-01T09:00:00-00:00,2022-09-01T09:15:00-00:00,2022-09-01,03,AUBERRY_6_N001,AUBERRY_6_N001,AUBERRY_6_N001,RTPD,MCC,LMP_CONG_PRC,AUBERRY_6_N001,ALL,1,-5.06164,1,2
2022-09-01T10:00:00-00:00,2022-09-01T10:15:00-00:00,2022-09-01,04,AUBERRY_6_N001,AUBERRY_6_N001,AUBERRY_6_N001,RTPD,MCC,LMP_CONG_PRC,AUBERRY_6_N001,ALL,1,-4.40033,1,2
2022-09-01T11:00:00-00:00,2022-09-01T11:15:00-00:00,2022-09-01,05,AUBERRY_6_N001,AUBERRY_6_N001,AUBERRY_6_N001,RTPD,MCC,LMP_CONG_PRC,AUBERRY_6_N001,ALL,1,0,1,2
2022-09-01T12:00:00-00:00,2022-09-01T12:15:00-00:00,2022-09-01,06,AUBERRY_6_N001,AUBERRY_6_N001,AUBERRY_6_N001,RTPD,MCC,LMP_CONG_PRC,AUBERRY_6_N001,ALL,1,-11.2946,1,2
2022-09-01T13:00:00-00:00,2022-09-01T13:15:00-00:00,2022-09-01,07,AUBERRY_6_N001,AUBERRY_6_N001,AUBERRY_6_N001,RTPD,MCC,LMP_CONG_PRC,AUBERRY_6_N001,ALL,1,-15.03484,1,2
2022-09-01T14:00:00-00:00,2022-09-01T14:15:00-00:00,2022-09-01,08,AUBERRY_6_N001,AUBERRY_6_N001,AUBERRY_6_N001,RTPD,MCC,LMP_CONG_PRC,AUBERRY_6_N001,ALL,1,0,1,2
2022-09-01T15:00:00-00:00,2022-09-01T15:15:00-00:00,2022-09-01,09,AUBERRY_6_N001,AUBERRY_6_N001,AUBERRY_6_N001,RTPD,MCC,LMP_CONG_PRC,AUBERRY_6_N001,ALL,1,0,1,2
2022-09-01T16:00:00-00:00,2022-09-01T16:15:00-00:00,2022-09-01,10,AUBERRY_6_N001,AUBERRY_6_N001,AUBERRY_6_N001,RTPD,MCC,LMP_CONG_PRC,AUBERRY_6_N001,ALL,1,0,1,2
2022-09-01T17:00:00-00:00,2022-09-01T17:15:00-00:00,2022-09-01,11,AUBERRY_6_N001,AUBERRY_6_N001,AUBERRY_6_N001,RTPD,MCC,LMP_CONG_PRC,AUBERRY_6_N001,ALL,1,-18.54879,1,2
2022-09-01T18:00:00-00:00,2022-09-01T18:15:00-00:00,2022-09-01,12,AUBERRY_6_N001,AUBERRY_6_N001,AUBERRY_6_N001,RTPD,MCC,LMP_CONG_PRC,AUBERRY_6_N001,ALL,1,-35.93607,1,2
2022-09-01T19:00:00-00:00,2022-09-01T19:15:00-00:00,2022-09-01,13,AUBERRY_6_N001,AUBERRY_6_N001,AUBERRY_6_N001,RTPD,MCC,LMP_CONG_PRC,AUBERRY_6_N001,ALL,1,-39.6287,1,2
2022-09-01T20:00:00-00:00,2022-09-01T20:15:00-00:00,2022-09-01,14,AUBERRY_6_N001,AUBERRY_6_N001,AUBERRY_6_N001,RTPD,MCC,LMP_CONG_PRC,AUBERRY_6_N001,ALL,1,-3.89623,1,2
2022-09-01T21:00:00-00:00,2022-09-01T21:15:00-00:00,2022-09-01,15,AUBERRY_6_N001,AUBERRY_6_N001,AUBERRY_6_N001,RTPD,MCC,LMP_CONG_PRC,AUBERRY_6_N001,ALL,1,-109.58751,1,2
2022-09-01T22:00:00-00:00,2022-09-01T22:15:00-00:00,2022-09-01,16,AUBERRY_6_N001,AUBERRY_6_N001,AUBERRY_6_N001,RTPD,MCC,LMP_CONG_PRC,AUBERRY_6_N001,ALL,1,-118.71754,1,2
2022-09-01T23:00:00-00:00,2022-09-01T23:15:00-00:00,2022-09-01,17,AUBERRY_6_N001,AUBERRY_6_N001,AUBERRY_6_N001,RTPD,MCC,LMP_CONG_PRC,AUBERRY_6_N001,ALL,1,-191.29008,1,2
2022-09-02T00:00:00-00:00,2022-09-02T00:15:00-00:00,2022-09-01,18,AUBERRY_6_N001,AUBERRY_6_N001,AUBERRY_6_N001,RTPD,MCC,LMP_CONG_PRC,AUBERRY_6_N001,ALL,1,296.77347,1,2
2022-09-02T01:00:00-00:00,2022-09-02T01:15:00-00:00,2022-09-01,19,AUBERRY_6_N001,AUBERRY_6_N001,AUBERRY_6_N001,RTPD,MCC,LMP_CONG_PRC,AUBERRY_6_N001,ALL,1,291.65784,1,2
2022-09-02T02:00:00-00:00,2022-09-02T02:15:00-00:00,2022-09-01,20,AUBERRY_6_N001,AUBERRY_6_N001,AUBERRY_6_N001,RTPD,MCC,LMP_CONG_PRC,AUBERRY_6_N001,ALL,1,0,1,2
2022-09-02T03:00:00-00:00,2022-09-02T03:15:00-00:00,2022-09-01,21,AUBERRY_6_N001,AUBERRY_6_N001,AUBERRY_6_N001,RTPD,MCC,LMP_CONG_PRC,AUBERRY_6_N001,ALL,1,363.5762,1,2
2022-09-02T04:00:00-00:00,2022-09-02T04:15:00-00:00,2022-09-01,22,AUBERRY_6_N001,AUBERRY_6_N001,AUBERRY_6_N001,RTPD,MCC,LMP_CONG_PRC,AUBERRY_6_N001,ALL,1,997.62024,1,2
2022-09-02T05:00:00-00:00,2022-09-02T05:15:00-00:00,2022-09-01,23,AUBERRY_6_N001,AUBERRY_6_N001,AUBERRY_6_N001,RTPD,MCC,LMP_CONG_PRC,AUBERRY_6_N001,ALL,1,0,1,2
2022-09-02T06:00:00-00:00,2022-09-02T06:15:00-00:00,2022-09-01,24,AUBERRY_6_N001,AUBERRY_6_N001,AUBERRY_6_N001,RTPD,MCC,LMP_CONG_PRC,AUBERRY_6_N001,ALL,1,151.32672,1,2
2022-09-01T07:15:00-00:00,2022-09-01T07:30:00-00:00,2022-09-01,01,AUBERRY_6_N001,AUBERRY_6_N001,AUBERRY_6_N001,RTPD,MCC,LMP_CONG_PRC,AUBERRY_6_N001,ALL,1,-11.31742,2,2
2022-09-01T08:15:00-00:00,2022-09-01T08:30:00-00:00,2022-09-01,02,AUBERRY_6_N001,AUBERRY_6_N001,AUBERRY_6_N001,RTPD,MCC,LMP_CONG_PRC,AUBERRY_6_N001,ALL,1,-1.03543,2,2
2022-09-01T09:15:00-00:00,2022-09-01T09:30:00-00:00,2022-09-01,03,AUBERRY_6_N001,AUBERRY_6_N001,AUBERRY_6_N001,RTPD,MCC,LMP_CONG_PRC,AUBERRY_6_N001,ALL,1,-6.66886,2,2
2022-09-01T10:15:00-00:00,2022-09-01T10:30:00-00:00,2022-09-01,04,AUBERRY_6_N001,AUBERRY_6_N001,AUBERRY_6_N001,RTPD,MCC,LMP_CONG_PRC,AUBERRY_6_N001,ALL,1,-6.22642,2,2
2022-09-01T11:15:00-00:00,2022-09-01T11:30:00-00:00,2022-09-01,05,AUBERRY_6_N001,AUBERRY_6_N001,AUBERRY_6_N001,RTPD,MCC,LMP_CONG_PRC,AUBERRY_6_N001,ALL,1,0,2,2
2022-09-01T12:15:00-00:00,2022-09-01T12:30:00-00:00,2022-09-01,06,AUBERRY_6_N001,AUBERRY_6_N001,AUBERRY_6_N001,RTPD,MCC,LMP_CONG_PRC,AUBERRY_6_N001,ALL,1,-6.90446,2,2
2022-09-01T13:15:00-00:00,2022-09-01T13:30:00-00:00,2022-09-01,07,AUBERRY_6_N001,AUBERRY_6_N001,AUBERRY_6_N001,RTPD,MCC,LMP_CONG_PRC,AUBERRY_6_N001,ALL,1,-0.64376,2,2
2022-09-01T14:15:00-00:00,2022-09-01T14:30:00-00:00,2022-09-01,08,AUBERRY_6_N001,AUBERRY_6_N001,AUBERRY_6_N001,RTPD,MCC,LMP_CONG_PRC,AUBERRY_6_N001,ALL,1,0,2,2
2022-09-01T15:15:00-00:00,2022-09-01T15:30:00-00:00,2022-09-01,09,AUBERRY_6_N001,AUBERRY_6_N001,AUBERRY_6_N001,RTPD,MCC,LMP_CONG_PRC,AUBERRY_6_N001,ALL,1,0,2,2
2022-09-01T16:15:00-00:00,2022-09-01T16:30:00-00:00,2022-09-01,10,AUBERRY_6_N001,AUBERRY_6_N001,AUBERRY_6_N001,RTPD,MCC,LMP_CONG_PRC,AUBERRY_6_N001,ALL,1,-1.82057,2,2
2022-09-01T17:15:00-00:00,2022-09-01T17:30:00-00:00,2022-09-01,11,AUBERRY_6_N001,AUBERRY_6_N001,AUBERRY_6_N001,RTPD,MCC,LMP_CONG_PRC,AUBERRY_6_N001,ALL,1,-22.57884,2,2
2022-09-01T18:15:00-00:00,2022-09-01T18:30:00-00:00,2022-09-01,12,AUBERRY_6_N001,AUBERRY_6_N001,AUBERRY_6_N001,RTPD,MCC,LMP_CONG_PRC,AUBERRY_6_N001,ALL,1,-29.26287,2,2
2022-09-01T19:15:00-00:00,2022-09-01T19:30:00-00:00,2022-09-01,13,AUBERRY_6_N001,AUBERRY_6_N001,AUBERRY_6_N001,RTPD,MCC,LMP_CONG_PRC,AUBERRY_6_N001,ALL,1,-32.63317,2,2
2022-09-01T20:15:00-00:00,2022-09-01T20:30:00-00:00,2022-09-01,14,AUBERRY_6_N001,AUBERRY_6_N001,AUBERRY_6_N001,RTPD,MCC,LMP_CONG_PRC,AUBERRY_6_N001,ALL,1,-3.49192,2,2
2022-09-01T21:15:00-00:00,2022-09-01T21:30:00-00:00,2022-09-01,15,AUBERRY_6_N001,AUBERRY_6_N001,AUBERRY_6_N001,RTPD,MCC,LMP_CONG_PRC,AUBERRY_6_N001,ALL,1,-29.61665,2,2
2022-09-01T22:15:00-00:00,2022-09-01T22:30:00-00:00,2022-09-01,16,AUBERRY_6_N001,AUBERRY_6_N001,AUBERRY_6_N001,RTPD,MCC,LMP_CONG_PRC,AUBERRY_6_N001,ALL,1,-130.23491,2,2
2022-09-01T23:15:00-00:00,2022-09-01T23:30:00-00:00,2022-09-01,17,AUBERRY_6_N001,AUBERRY_6_N001,AUBERRY_6_N001,RTPD,MCC,LMP_CONG_PRC,AUBERRY_6_N001,ALL,1,-114.68487,2,2
2022-09-02T00:15:00-00:00,2022-09-02T00:30:00-00:00,2022-09-01,18,AUBERRY_6_N001,AUBERRY_6_N001,AUBERRY_6_N001,RTPD,MCC,LMP_CONG_PRC,AUBERRY_6_N001,ALL,1,288.85052,2,2
2022-09-02T01:15:00-00:00,2022-09-02T01:30:00-00:00,2022-09-01,19,AUBERRY_6_N001,AUBERRY_6_N001,AUBERRY_6_N001,RTPD,MCC,LMP_CONG_PRC,AUBERRY_6_N001,ALL,1,0,2,2
2022-09-02T02:15:00-00:00,2022-09-02T02:30:00-00:00,2022-09-01,20,AUBERRY_6_N001,AUBERRY_6_N001,AUBERRY_6_N001,RTPD,MCC,LMP_CONG_PRC,AUBERRY_6_N001,ALL,1,0,2,2
2022-09-02T03:15:00-00:00,2022-09-02T03:30:00-00:00,2022-09-01,21,AUBERRY_6_N001,AUBERRY_6_N001,AUBERRY_6_N001,RTPD,MCC,LMP_CONG_PRC,AUBERRY_6_N001,ALL,1,127.52092,2,2
2022-09-02T04:15:00-00:00,2022-09-02T04:30:00-00:00,2022-09-01,22,AUBERRY_6_N001,AUBERRY_6_N001,AUBERRY_6_N001,RTPD,MCC,LMP_CONG_PRC,AUBERRY_6_N001,ALL,1,957.81036,2,2
2022-09-02T05:15:00-00:00,2022-09-02T05:30:00-00:00,2022-09-01,23,AUBERRY_6_N001,AUBERRY_6_N001,AUBERRY_6_N001,RTPD,MCC,LMP_CONG_PRC,AUBERRY_6_N001,ALL,1,0,2,2
2022-09-02T06:15:00-00:00,2022-09-02T06:30:00-00:00,2022-09-01,24,AUBERRY_6_N001,AUBERRY_6_N001,AUBERRY_6_N001,RTPD,MCC,LMP_CONG_PRC,AUBERRY_6_N001,ALL,1,4.25442,2,2
2022-09-01T07:30:00-00:00,2022-09-01T07:45:00-00:00,2022-09-01,01,AUBERRY_6_N001,AUBERRY_6_N001,AUBERRY_6_N001,RTPD,MCC,LMP_CONG_PRC,AUBERRY_6_N001,ALL,1,-18.37538,3,2
2022-09-01T08:30:00-00:00,2022-09-01T08:45:00-00:00,2022-09-01,02,AUBERRY_6_N001,AUBERRY_6_N001,AUBERRY_6_N001,RTPD,MCC,LMP_CONG_PRC,AUBERRY_6_N001,ALL,1,-0.00098,3,2
2022-09-01T09:30:00-00:00,2022-09-01T09:45:00-00:00,2022-09-01,03,AUBERRY_6_N001,AUBERRY_6_N001,AUBERRY_6_N001,RTPD,MCC,LMP_CONG_PRC,AUBERRY_6_N001,ALL,1,-6.609,3,2
2022-09-01T10:30:00-00:00,2022-09-01T10:45:00-00:00,2022-09-01,04,AUBERRY_6_N001,AUBERRY_6_N001,AUBERRY_6_N001,RTPD,MCC,LMP_CONG_PRC,AUBERRY_6_N001,ALL,1,-3.52059,3,2
2022-09-01T11:30:00-00:00,2022-09-01T11:45:00-00:00,2022-09-01,05,AUBERRY_6_N001,AUBERRY_6_N001,AUBERRY_6_N001,RTPD,MCC,LMP_CONG_PRC,AUBERRY_6_N001,ALL,1,0,3,2
2022-09-01T12:30:00-00:00,2022-09-01T12:45:00-00:00,2022-09-01,06,AUBERRY_6_N001,AUBERRY_6_N001,AUBERRY_6_N001,RTPD,MCC,LMP_CONG_PRC,AUBERRY_6_N001,ALL,1,-11.95484,3,2
2022-09-01T13:30:00-00:00,2022-09-01T13:45:00-00:00,2022-09-01,07,AUBERRY_6_N001,AUBERRY_6_N001,AUBERRY_6_N001,RTPD,MCC,LMP_CONG_PRC,AUBERRY_6_N001,ALL,1,0,3,2
2022-09-01T14:30:00-00:00,2022-09-01T14:45:00-00:00,2022-09-01,08,AUBERRY_6_N001,AUBERRY_6_N001,AUBERRY_6_N001,RTPD,MCC,LMP_CONG_PRC,AUBERRY_6_N001,ALL,1,0,3,2
2022-09-01T15:30:00-00:00,2022-09-01T15:45:00-00:00,2022-09-01,09,AUBERRY_6_N001,AUBERRY_6_N001,AUBERRY_6_N001,RTPD,MCC,LMP_CONG_PRC,AUBERRY_6_N001,ALL,1,0,3,2
2022-09-01T16:30:00-00:00,2022-09-01T16:45:00-00:00,2022-09-01,10,AUBERRY_6_N001,AUBERRY_6_N001,AUBERRY_6_N001,RTPD,MCC,LMP_CONG_PRC,AUBERRY_6_N001,ALL,1,-15.23552,3,2
2022-09-01T17:30:00-00:00,2022-09-01T17:45:00-00:00,2022-09-01,11,AUBERRY_6_N001,AUBERRY_6_N001,AUBERRY_6_N001,RTPD,MCC,LMP_CONG_PRC,AUBERRY_6_N001,ALL,1,-22.64974,3,2
2022-09-01T18:30:00-00:00,2022-09-01T18:45:00-00:00,2022-09-01,12,AUBERRY_6_N001,AUBERRY_6_N001,AUBERRY_6_N001,RTPD,MCC,LMP_CONG_PRC,AUBERRY_6_N001,ALL,1,-30.50025,3,2
2022-09-01T19:30:00-00:00,2022-09-01T19:45:00-00:00,2022-09-01,13,AUBERRY_6_N001,AUBERRY_6_N001,AUBERRY_6_N001,RTPD,MCC,LMP_CONG_PRC,AUBERRY_6_N001,ALL,1,-14.02358,3,2
2022-09-01T20:30:00-00:00,2022-09-01T20:45:00-00:00,2022-09-01,14,AUBERRY_6_N001,AUBERRY_6_N001,AUBERRY_6_N001,RTPD,MCC,LMP_CONG_PRC,AUBERRY_6_N001,ALL,1,-14.08921,3,2
2022-09-01T21:30:00-00:00,2022-09-01T21:45:00-00:00,2022-09-01,15,AUBERRY_6_N001,AUBERRY_6_N001,AUBERRY_6_N001,RTPD,MCC,LMP_CONG_PRC,AUBERRY_6_N001,ALL,1,-27.20726,3,2
2022-09-01T22:30:00-00:00,2022-09-01T22:45:00-00:00,2022-09-01,16,AUBERRY_6_N001,AUBERRY_6_N001,AUBERRY_6_N001,RTPD,MCC,LMP_CONG_PRC,AUBERRY_6_N001,ALL,1,-140.03465,3,2
2022-09-01T23:30:00-00:00,2022-09-01T23:45:00-00:00,2022-09-01,17,AUBERRY_6_N001,AUBERRY_6_N001,AUBERRY_6_N001,RTPD,MCC,LMP_CONG_PRC,AUBERRY_6_N001,ALL,1,0,3,2
2022-09-02T00:30:00-00:00,2022-09-02T00:45:00-00:00,2022-09-01,18,AUBERRY_6_N001,AUBERRY_6_N001,AUBERRY_6_N001,RTPD,MCC,LMP_CONG_PRC,AUBERRY_6_N001,ALL,1,407.388,3,2
2022-09-02T01:30:00-00:00,2022-09-02T01:45:00-00:00,2022-09-01,19,AUBERRY_6_N001,AUBERRY_6_N001,AUBERRY_6_N001,RTPD,MCC,LMP_CONG_PRC,AUBERRY_6_N001,ALL,1,0,3,2
2022-09-02T02:30:00-00:00,2022-09-02T02:45:00-00:00,2022-09-01,20,AUBERRY_6_N001,AUBERRY_6_N001,AUBERRY_6_N001,RTPD,MCC,LMP_CONG_PRC,AUBERRY_6_N001,ALL,1,0,3,2
2022-09-02T03:30:00-00:00,2022-09-02T03:45:00-00:00,2022-09-01,21,AUBERRY_6_N001,AUBERRY_6_N001,AUBERRY_6_N001,RTPD,MCC,LMP_CONG_PRC,AUBERRY_6_N001,ALL,1,28.70351,3,2
2022-09-02T04:30:00-00:00,2022-09-02T04:45:00-00:00,2022-09-01,22,AUBERRY_6_N001,AUBERRY_6_N001,AUBERRY_6_N001,RTPD,MCC,LMP_CONG_PRC,AUBERRY_6_N001,ALL,1,513.0513,3,2
2022-09-02T05:30:00-00:00,2022-09-02T05:45:00-00:00,2022-09-01,23,AUBERRY_6_N001,AUBERRY_6_N001,AUBERRY_6_N001,RTPD,MCC,LMP_CONG_PRC,AUBERRY_6_N001,ALL,1,0,3,2
2022-09-02T06:30:00-00:00,2022-09-02T06:45:00-00:00,2022-09-01,24,AUBERRY_6_N001,AUBERRY_6_N001,AUBERRY_6_N001,RTPD,MCC,LMP_CONG_PRC,AUBERRY_6_N001,ALL,1,9.35637,3,2
2022-09-01T07:45:00-00:00,2022-09-01T08:00:00-00:00,2022-09-01,01,AUBERRY_6_N001,AUBERRY_6_N001,AUBERRY_6_N001,RTPD,MCC,LMP_CONG_PRC,AUBERRY_6_N001,ALL,1,-20.8997,4,2
2022-09-01T08:45:00-00:00,2022-09-01T09:00:00-00:00,2022-09-01,02,AUBERRY_6_N001,AUBERRY_6_N001,AUBERRY_6_N001,RTPD,MCC,LMP_CONG_PRC,AUBERRY_6_N001,ALL,1,-5.10188,4,2
2022-09-01T09:45:00-00:00,2022-09-01T10:00:00-00:00,2022-09-01,03,AUBERRY_6_N001,AUBERRY_6_N001,AUBERRY_6_N001,RTPD,MCC,LMP_CONG_PRC,AUBERRY_6_N001,ALL,1,-5.8875,4,2
2022-09-01T10:45:00-00:00,2022-09-01T11:00:00-00:00,2022-09-01,04,AUBERRY_6_N001,AUBERRY_6_N001,AUBERRY_6_N001,RTPD,MCC,LMP_CONG_PRC,AUBERRY_6_N001,ALL,1,-1.38344,4,2
2022-09-01T11:45:00-00:00,2022-09-01T12:00:00-00:00,2022-09-01,05,AUBERRY_6_N001,AUBERRY_6_N001,AUBERRY_6_N001,RTPD,MCC,LMP_CONG_PRC,AUBERRY_6_N001,ALL,1,0,4,2
2022-09-01T12:45:00-00:00,2022-09-01T13:00:00-00:00,2022-09-01,06,AUBERRY_6_N001,AUBERRY_6_N001,AUBERRY_6_N001,RTPD,MCC,LMP_CONG_PRC,AUBERRY_6_N001,ALL,1,-2.66369,4,2
2022-09-01T13:45:00-00:00,2022-09-01T14:00:00-00:00,2022-09-01,07,AUBERRY_6_N001,AUBERRY_6_N001,AUBERRY_6_N001,RTPD,MCC,LMP_CONG_PRC,AUBERRY_6_N001,ALL,1,0,4,2
2022-09-01T14:45:00-00:00,2022-09-01T15:00:00-00:00,2022-09-01,08,AUBERRY_6_N001,AUBERRY_6_N001,AUBERRY_6_N001,RTPD,MCC,LMP_CONG_PRC,AUBERRY_6_N001,ALL,1,0,4,2
2022-09-01T15:45:00-00:00,2022-09-01T16:00:00-00:00,2022-09-01,09,AUBERRY_6_N001,AUBERRY_6_N001,AUBERRY_6_N001,RTPD,MCC,LMP_CONG_PRC,AUBERRY_6_N001,ALL,1,0,4,2
2022-09-01T16:45:00-00:00,2022-09-01T17:00:00-00:00,2022-09-01,10,AUBERRY_6_N001,AUBERRY_6_N001,AUBERRY_6_N001,RTPD,MCC,LMP_CONG_PRC,AUBERRY_6_N001,ALL,1,-13.78908,4,2
2022-09-01T17:45:00-00:00,2022-09-01T18:00:00-00:00,2022-09-01,11,AUBERRY_6_N001,AUBERRY_6_N001,AUBERRY_6_N001,RTPD,MCC,LMP_CONG_PRC,AUBERRY_6_N001,ALL,1,-22.30104,4,2
2022-09-01T18:45:00-00:00,2022-09-01T19:00:00-00:00,2022-09-01,12,AUBERRY_6_N001,AUBERRY_6_N001,AUBERRY_6_N001,RTPD,MCC,LMP_CONG_PRC,AUBERRY_6_N001,ALL,1,-30.38351,4,2
2022-09-01T19:45:00-00:00,2022-09-01T20:00:00-00:00,2022-09-01,13,AUBERRY_6_N001,AUBERRY_6_N001,AUBERRY_6_N001,RTPD,MCC,LMP_CONG_PRC,AUBERRY_6_N001,ALL,1,-15.19239,4,2
2022-09-01T20:45:00-00:00,2022-09-01T21:00:00-00:00,2022-09-01,14,AUBERRY_6_N001,AUBERRY_6_N001,AUBERRY_6_N001,RTPD,MCC,LMP_CONG_PRC,AUBERRY_6_N001,ALL,1,-31.32243,4,2
2022-09-01T21:45:00-00:00,2022-09-01T22:00:00-00:00,2022-09-01,15,AUBERRY_6_N001,AUBERRY_6_N001,AUBERRY_6_N001,RTPD,MCC,LMP_CONG_PRC,AUBERRY_6_N001,ALL,1,-98.84558,4,2
2022-09-01T22:45:00-00:00,2022-09-01T23:00:00-00:00,2022-09-01,16,AUBERRY_6_N001,AUBERRY_6_N001,AUBERRY_6_N001,RTPD,MCC,LMP_CONG_PRC,AUBERRY_6_N001,ALL,1,-283.3976,4,2
2022-09-01T23:45:00-00:00,2022-09-02T00:00:00-00:00,2022-09-01,17,AUBERRY_6_N001,AUBERRY_6_N001,AUBERRY_6_N001,RTPD,MCC,LMP_CONG_PRC,AUBERRY_6_N001,ALL,1,354.85593,4,2
2022-09-02T00:45:00-00:00,2022-09-02T01:00:00-00:00,2022-09-01,18,AUBERRY_6_N001,AUBERRY_6_N001,AUBERRY_6_N001,RTPD,MCC,LMP_CONG_PRC,AUBERRY_6_N001,ALL,1,256.49585,4,2
2022-09-02T01:45:00-00:00,2022-09-02T02:00:00-00:00,2022-09-01,19,AUBERRY_6_N001,AUBERRY_6_N001,AUBERRY_6_N001,RTPD,MCC,LMP_CONG_PRC,AUBERRY_6_N001,ALL,1,0,4,2
2022-09-02T02:45:00-00:00,2022-09-02T03:00:00-00:00,2022-09-01,20,AUBERRY_6_N001,AUBERRY_6_N001,AUBERRY_6_N001,RTPD,MCC,LMP_CONG_PRC,AUBERRY_6_N001,ALL,1,116.22949,4,2
2022-09-02T03:45:00-00:00,2022-09-02T04:00:00-00:00,2022-09-01,21,AUBERRY_6_N001,AUBERRY_6_N001,AUBERRY_6_N001,RTPD,MCC,LMP_CONG_PRC,AUBERRY_6_N001,ALL,1,16.71701,4,2
2022-09-02T04:45:00-00:00,2022-09-02T05:00:00-00:00,2022-09-01,22,AUBERRY_6_N001,AUBERRY_6_N001,AUBERRY_6_N001,RTPD,MCC,LMP_CONG_PRC,AUBERRY_6_N001,ALL,1,6.21076,4,2
2022-09-02T05:45:00-00:00,2022-09-02T06:00:00-00:00,2022-09-01,23,AUBERRY_6_N001,AUBERRY_6_N001,AUBERRY_6_N001,RTPD,MCC,LMP_CONG_PRC,AUBERRY_6_N001,ALL,1,172.6847,4,2
2022-09-02T06:45:00-00:00,2022-09-02T07:00:00-00:00,2022-09-01,24,AUBERRY_6_N001,AUBERRY_6_N001,AUBERRY_6_N001,RTPD,MCC,LMP_CONG_PRC,AUBERRY_6_N001,ALL,1,5.85065,4,2
2022-09-01T07:00:00-00:00,2022-09-01T07:15:00-00:00,2022-09-01,01,AUBERRY_6_N001,AUBERRY_6_N001,AUBERRY_6_N001,RTPD,MCE,LMP_ENE_PRC,AUBERRY_6_N001,ALL,1,104.23471,1,3
2022-09-01T08:00:00-00:00,2022-09-01T08:15:00-00:00,2022-09-01,02,AUBERRY_6_N001,AUBERRY_6_N001,AUBERRY_6_N001,RTPD,MCE,LMP_ENE_PRC,AUBERRY_6_N001,ALL,1,115.5488,1,3
2022-09-01T09:00:00-00:00,2022-09-01T09:15:00-00:00,2022-09-01,03,AUBERRY_6_N001,AUBERRY_6_N001,AUBERRY_6_N001,RTPD,MCE,LMP_ENE_PRC,AUBERRY_6_N001,ALL,1,99.73061,1,3
2022-09-01T10:00:00-00:00,2022-09-01T10:15:00-00:00,2022-09-01,04,AUBERRY_6_N001,AUBERRY_6_N001,AUBERRY_6_N001,RTPD,MCE,LMP_ENE_PRC,AUBERRY_6_N001,ALL,1,98.64222,1,3
2022-09-01T11:00:00-00:00,2022-09-01T11:15:00-00:00,2022-09-01,05,AUBERRY_6_N001,AUBERRY_6_N001,AUBERRY_6_N001,RTPD,MCE,LMP_ENE_PRC,AUBERRY_6_N001,ALL,1,102.56859,1,3
2022-09-01T12:00:00-00:00,2022-09-01T12:15:00-00:00,2022-09-01,06,AUBERRY_6_N001,AUBERRY_6_N001,AUBERRY_6_N001,RTPD,MCE,LMP_ENE_PRC,AUBERRY_6_N001,ALL,1,96.90845,1,3
2022-09-01T13:00:00-00:00,2022-09-01T13:15:00-00:00,2022-09-01,07,AUBERRY_6_N001,AUBERRY_6_N001,AUBERRY_6_N001,RTPD,MCE,LMP_ENE_PRC,AUBERRY_6_N001,ALL,1,101.80878,1,3
2022-09-01T14:00:00-00:00,2022-09-01T14:15:00-00:00,2022-09-01,08,AUBERRY_6_N001,AUBERRY_6_N001,AUBERRY_6_N001,RTPD,MCE,LMP_ENE_PRC,AUBERRY_6_N001,ALL,1,111.11219,1,3
2022-09-01T15:00:00-00:00,2022-09-01T15:15:00-00:00,2022-09-01,09,AUBERRY_6_N001,AUBERRY_6_N001,AUBERRY_6_N001,RTPD,MCE,LMP_ENE_PRC,AUBERRY_6_N001,ALL,1,97.4112,1,3
2022-09-01T16:00:00-00:00,2022-09-01T16:15:00-00:00,2022-09-01,10,AUBERRY_6_N001,AUBERRY_6_N001,AUBERRY_6_N001,RTPD,MCE,LMP_ENE_PRC,AUBERRY_6_N001,ALL,1,83.43525,1,3
2022-09-01T17:00:00-00:00,2022-09-01T17:15:00-00:00,2022-09-01,11,AUBERRY_6_N001,AUBERRY_6_N001,AUBERRY_6_N001,RTPD,MCE,LMP_ENE_PRC,AUBERRY_6_N001,ALL,1,96.94897,1,3
2022-09-01T18:00:00-00:00,2022-09-01T18:15:00-00:00,2022-09-01,12,AUBERRY_6_N001,AUBERRY_6_N001,AUBERRY_6_N001,RTPD,MCE,LMP_ENE_PRC,AUBERRY_6_N001,ALL,1,91.59291,1,3
2022-09-01T19:00:00-00:00,2022-09-01T19:15:00-00:00,2022-09-01,13,AUBERRY_6_N001,AUBERRY_6_N001,AUBERRY_6_N001,RTPD,MCE,LMP_ENE_PRC,AUBERRY_6_N001,ALL,1,109.19637,1,3
2022-09-01T20:00:00-00:00,2022-09-01T20:15:00-00:00,2022-09-01,14,AUBERRY_6_N001,AUBERRY_6_N001,AUBERRY_6_N001,RTPD,MCE,LMP_ENE_PRC,AUBERRY_6_N001,ALL,1,117.94359,1,3
2022-09-01T21:00:00-00:00,2022-09-01T21:15:00-00:00,2022-09-01,15,AUBERRY_6_N001,AUBERRY_6_N001,AUBERRY_6_N001,RTPD,MCE,LMP_ENE_PRC,AUBERRY_6_N001,ALL,1,226.61499,1,3
2022-09-01T22:00:00-00:00,2022-09-01T22:15:00-00:00,2022-09-01,16,AUBERRY_6_N001,AUBERRY_6_N001,AUBERRY_6_N001,RTPD,MCE,LMP_ENE_PRC,AUBERRY_6_N001,ALL,1,229.18552,1,3
2022-09-01T23:00:00-00:00,2022-09-01T23:15:00-00:00,2022-09-01,17,AUBERRY_6_N001,AUBERRY_6_N001,AUBERRY_6_N001,RTPD,MCE,LMP_ENE_PRC,AUBERRY_6_N001,ALL,1,386.7537,1,3
2022-09-02T00:00:00-00:00,2022-09-02T00:15:00-00:00,2022-09-01,18,AUBERRY_6_N001,AUBERRY_6_N001,AUBERRY_6_N001,RTPD,MCE,LMP_ENE_PRC,AUBERRY_6_N001,ALL,1,770.58136,1,3
2022-09-02T01:00:00-00:00,2022-09-02T01:15:00-00:00,2022-09-01,19,AUBERRY_6_N001,AUBERRY_6_N001,AUBERRY_6_N001,RTPD,MCE,LMP_ENE_PRC,AUBERRY_6_N001,ALL,1,916.27124,1,3
2022-09-02T02:00:00-00:00,2022-09-02T02:15:00-00:00,2022-09-01,20,AUBERRY_6_N001,AUBERRY_6_N001,AUBERRY_6_N001,RTPD,MCE,LMP_ENE_PRC,AUBERRY_6_N001,ALL,1,1991.6721,1,3
2022-09-02T03:00:00-00:00,2022-09-02T03:15:00-00:00,2022-09-01,21,AUBERRY_6_N001,AUBERRY_6_N001,AUBERRY_6_N001,RTPD,MCE,LMP_ENE_PRC,AUBERRY_6_N001,ALL,1,917.5508,1,3
2022-09-02T04:00:00-00:00,2022-09-02T04:15:00-00:00,2022-09-01,22,AUBERRY_6_N001,AUBERRY_6_N001,AUBERRY_6_N001,RTPD,MCE,LMP_ENE_PRC,AUBERRY_6_N001,ALL,1,257.83005,1,3
2022-09-02T05:00:00-00:00,2022-09-02T05:15:00-00:00,2022-09-01,23,AUBERRY_6_N001,AUBERRY_6_N001,AUBERRY_6_N001,RTPD,MCE,LMP_ENE_PRC,AUBERRY_6_N001,ALL,1,183.24657,1,3
2022-09-02T06:00:00-00:00,2022-09-02T06:15:00-00:00,2022-09-01,24,AUBERRY_6_N001,AUBERRY_6_N001,AUBERRY_6_N001,RTPD,MCE,LMP_ENE_PRC,AUBERRY_6_N001,ALL,1,158.867,1,3
2022-09-01T07:15:00-00:00,2022-09-01T07:30:00-00:00,2022-09-01,01,AUBERRY_6_N001,AUBERRY_6_N001,AUBERRY_6_N001,RTPD,MCE,LMP_ENE_PRC,AUBERRY_6_N001,ALL,1,125.55144,2,3
2022-09-01T08:15:00-00:00,2022-09-01T08:30:00-00:00,2022-09-01,02,AUBERRY_6_N001,AUBERRY_6_N001,AUBERRY_6_N001,RTPD,MCE,LMP_ENE_PRC,AUBERRY_6_N001,ALL,1,115.53165,2,3
2022-09-01T09:15:00-00:00,2022-09-01T09:30:00-00:00,2022-09-01,03,AUBERRY_6_N001,AUBERRY_6_N001,AUBERRY_6_N001,RTPD,MCE,LMP_ENE_PRC,AUBERRY_6_N001,ALL,1,98.30543,2,3
2022-09-01T10:15:00-00:00,2022-09-01T10:30:00-00:00,2022-09-01,04,AUBERRY_6_N001,AUBERRY_6_N001,AUBERRY_6_N001,RTPD,MCE,LMP_ENE_PRC,AUBERRY_6_N001,ALL,1,97.00684,2,3
2022-09-01T11:15:00-00:00,2022-09-01T11:30:00-00:00,2022-09-01,05,AUBERRY_6_N001,AUBERRY_6_N001,AUBERRY_6_N001,RTPD,MCE,LMP_ENE_PRC,AUBERRY_6_N001,ALL,1,103.09059,2,3
2022-09-01T12:15:00-00:00,2022-09-01T12:30:00-00:00,2022-09-01,06,AUBERRY_6_N001,AUBERRY_6_N001,AUBERRY_6_N001,RTPD,MCE,LMP_ENE_PRC,AUBERRY_6_N001,ALL,1,109.32203,2,3
2022-09-01T13:15:00-00:00,2022-09-01T13:30:00-00:00,2022-09-01,07,AUBERRY_6_N001,AUBERRY_6_N001,AUBERRY_6_N001,RTPD,MCE,LMP_ENE_PRC,AUBERRY_6_N001,ALL,1,110.97827,2,3
2022-09-01T14:15:00-00:00,2022-09-01T14:30:00-00:00,2022-09-01,08,AUBERRY_6_N001,AUBERRY_6_N001,AUBERRY_6_N001,RTPD,MCE,LMP_ENE_PRC,AUBERRY_6_N001,ALL,1,104.78743,2,3
2022-09-01T15:15:00-00:00,2022-09-01T15:30:00-00:00,2022-09-01,09,AUBERRY_6_N001,AUBERRY_6_N001,AUBERRY_6_N001,RTPD,MCE,LMP_ENE_PRC,AUBERRY_6_N001,ALL,1,86.9388,2,3
2022-09-01T16:15:00-00:00,2022-09-01T16:30:00-00:00,2022-09-01,10,AUBERRY_6_N001,AUBERRY_6_N001,AUBERRY_6_N001,RTPD,MCE,LMP_ENE_PRC,AUBERRY_6_N001,ALL,1,89.44858,2,3
2022-09-01T17:15:00-00:00,2022-09-01T17:30:00-00:00,2022-09-01,11,AUBERRY_6_N001,AUBERRY_6_N001,AUBERRY_6_N001,RTPD,MCE,LMP_ENE_PRC,AUBERRY_6_N001,ALL,1,99.34673,2,3
2022-09-01T18:15:00-00:00,2022-09-01T18:30:00-00:00,2022-09-01,12,AUBERRY_6_N001,AUBERRY_6_N001,AUBERRY_6_N001,RTPD,MCE,LMP_ENE_PRC,AUBERRY_6_N001,ALL,1,101.15901,2,3
2022-09-01T19:15:00-00:00,2022-09-01T19:30:00-00:00,2022-09-01,13,AUBERRY_6_N001,AUBERRY_6_N001,AUBERRY_6_N001,RTPD,MCE,LMP_ENE_PRC,AUBERRY_6_N001,ALL,1,105.30588,2,3
2022-09-01T20:15:00-00:00,2022-09-01T20:30:00-00:00,2022-09-01,14,AUBERRY_6_N001,AUBERRY_6_N001,AUBERRY_6_N001,RTPD,MCE,LMP_ENE_PRC,AUBERRY_6_N001,ALL,1,117.49421,2,3
2022-09-01T21:15:00-00:00,2022-09-01T21:30:00-00:00,2022-09-01,15,AUBERRY_6_N001,AUBERRY_6_N001,AUBERRY_6_N001,RTPD,MCE,LMP_ENE_PRC,AUBERRY_6_N001,ALL,1,147.21185,2,3
2022-09-01T22:15:00-00:00,2022-09-01T22:30:00-00:00,2022-09-01,16,AUBERRY_6_N001,AUBERRY_6_N001,AUBERRY_6_N001,RTPD,MCE,LMP_ENE_PRC,AUBERRY_6_N001,ALL,1,256.58734,2,3
2022-09-01T23:15:00-00:00,2022-09-01T23:30:00-00:00,2022-09-01,17,AUBERRY_6_N001,AUBERRY_6_N001,AUBERRY_6_N001,RTPD,MCE,LMP_ENE_PRC,AUBERRY_6_N001,ALL,1,362.12408,2,3
2022-09-02T00:15:00-00:00,2022-09-02T00:30:00-00:00,2022-09-01,18,AUBERRY_6_N001,AUBERRY_6_N001,AUBERRY_6_N001,RTPD,MCE,LMP_ENE_PRC,AUBERRY_6_N001,ALL,1,691.2182,2,3
2022-09-02T01:15:00-00:00,2022-09-02T01:30:00-00:00,2022-09-01,19,AUBERRY_6_N001,AUBERRY_6_N001,AUBERRY_6_N001,RTPD,MCE,LMP_ENE_PRC,AUBERRY_6_N001,ALL,1,1999.9933,2,3
2022-09-02T02:15:00-00:00,2022-09-02T02:30:00-00:00,2022-09-01,20,AUBERRY_6_N001,AUBERRY_6_N001,AUBERRY_6_N001,RTPD,MCE,LMP_ENE_PRC,AUBERRY_6_N001,ALL,1,1991.6721,2,3
2022-09-02T03:15:00-00:00,2022-09-02T03:30:00-00:00,2022-09-01,21,AUBERRY_6_N001,AUBERRY_6_N001,AUBERRY_6_N001,RTPD,MCE,LMP_ENE_PRC,AUBERRY_6_N001,ALL,1,400.52884,2,3
2022-09-02T04:15:00-00:00,2022-09-02T04:30:00-00:00,2022-09-01,22,AUBERRY_6_N001,AUBERRY_6_N001,AUBERRY_6_N001,RTPD,MCE,LMP_ENE_PRC,AUBERRY_6_N001,ALL,1,224.75041,2,3
2022-09-02T05:15:00-00:00,2022-09-02T05:30:00-00:00,2022-09-01,23,AUBERRY_6_N001,AUBERRY_6_N001,AUBERRY_6_N001,RTPD,MCE,LMP_ENE_PRC,AUBERRY_6_N001,ALL,1,157.11986,2,3
2022-09-02T06:15:00-00:00,2022-09-02T06:30:00-00:00,2022-09-01,24,AUBERRY_6_N001,AUBERRY_6_N001,AUBERRY_6_N001,RTPD,MCE,LMP_ENE_PRC,AUBERRY_6_N001,ALL,1,143.1005,2,3
2022-09-01T07:30:00-00:00,2022-09-01T07:45:00-00:00,2022-09-01,01,AUBERRY_6_N001,AUBERRY_6_N001,AUBERRY_6_N001,RTPD,MCE,LMP_ENE_PRC,AUBERRY_6_N001,ALL,1,119.03196,3,3
2022-09-01T08:30:00-00:00,2022-09-01T08:45:00-00:00,2022-09-01,02,AUBERRY_6_N001,AUBERRY_6_N001,AUBERRY_6_N001,RTPD,MCE,LMP_ENE_PRC,AUBERRY_6_N001,ALL,1,111.11241,3,3
2022-09-01T09:30:00-00:00,2022-09-01T09:45:00-00:00,2022-09-01,03,AUBERRY_6_N001,AUBERRY_6_N001,AUBERRY_6_N001,RTPD,MCE,LMP_ENE_PRC,AUBERRY_6_N001,ALL,1,98.16228,3,3
2022-09-01T10:30:00-00:00,2022-09-01T10:45:00-00:00,2022-09-01,04,AUBERRY_6_N001,AUBERRY_6_N001,AUBERRY_6_N001,RTPD,MCE,LMP_ENE_PRC,AUBERRY_6_N001,ALL,1,96.36226,3,3
2022-09-01T11:30:00-00:00,2022-09-01T11:45:00-00:00,2022-09-01,05,AUBERRY_6_N001,AUBERRY_6_N001,AUBERRY_6_N001,RTPD,MCE,LMP_ENE_PRC,AUBERRY_6_N001,ALL,1,103.06198,3,3
2022-09-01T12:30:00-00:00,2022-09-01T12:45:00-00:00,2022-09-01,06,AUBERRY_6_N001,AUBERRY_6_N001,AUBERRY_6_N001,RTPD,MCE,LMP_ENE_PRC,AUBERRY_6_N001,ALL,1,113.57403,3,3
2022-09-01T13:30:00-00:00,2022-09-01T13:45:00-00:00,2022-09-01,07,AUBERRY_6_N001,AUBERRY_6_N001,AUBERRY_6_N001,RTPD,MCE,LMP_ENE_PRC,AUBERRY_6_N001,ALL,1,111.52025,3,3
2022-09-01T14:30:00-00:00,2022-09-01T14:45:00-00:00,2022-09-01,08,AUBERRY_6_N001,AUBERRY_6_N001,AUBERRY_6_N001,RTPD,MCE,LMP_ENE_PRC,AUBERRY_6_N001,ALL,1,101.83428,3,3
2022-09-01T15:30:00-00:00,2022-09-01T15:45:00-00:00,2022-09-01,09,AUBERRY_6_N001,AUBERRY_6_N001,AUBERRY_6_N001,RTPD,MCE,LMP_ENE_PRC,AUBERRY_6_N001,ALL,1,86.1388,3,3
2022-09-01T16:30:00-00:00,2022-09-01T16:45:00-00:00,2022-09-01,10,AUBERRY_6_N001,AUBERRY_6_N001,AUBERRY_6_N001,RTPD,MCE,LMP_ENE_PRC,AUBERRY_6_N001,ALL,1,88.79644,3,3
2022-09-01T17:30:00-00:00,2022-09-01T17:45:00-00:00,2022-09-01,11,AUBERRY_6_N001,AUBERRY_6_N001,AUBERRY_6_N001,RTPD,MCE,LMP_ENE_PRC,AUBERRY_6_N001,ALL,1,99.13013,3,3
2022-09-01T18:30:00-00:00,2022-09-01T18:45:00-00:00,2022-09-01,12,AUBERRY_6_N001,AUBERRY_6_N001,AUBERRY_6_N001,RTPD,MCE,LMP_ENE_PRC,AUBERRY_6_N001,ALL,1,107.05718,3,3
2022-09-01T19:30:00-00:00,2022-09-01T19:45:00-00:00,2022-09-01,13,AUBERRY_6_N001,AUBERRY_6_N001,AUBERRY_6_N001,RTPD,MCE,LMP_ENE_PRC,AUBERRY_6_N001,ALL,1,114.05905,3,3
2022-09-01T20:30:00-00:00,2022-09-01T20:45:00-00:00,2022-09-01,14,AUBERRY_6_N001,AUBERRY_6_N001,AUBERRY_6_N001,RTPD,MCE,LMP_ENE_PRC,AUBERRY_6_N001,ALL,1,129.81606,3,3
2022-09-01T21:30:00-00:00,2022-09-01T21:45:00-00:00,2022-09-01,15,AUBERRY_6_N001,AUBERRY_6_N001,AUBERRY_6_N001,RTPD,MCE,LMP_ENE_PRC,AUBERRY_6_N001,ALL,1,152.93057,3,3
2022-09-01T22:30:00-00:00,2022-09-01T22:45:00-00:00,2022-09-01,16,AUBERRY_6_N001,AUBERRY_6_N001,AUBERRY_6_N001,RTPD,MCE,LMP_ENE_PRC,AUBERRY_6_N001,ALL,1,283.18182,3,3
2022-09-01T23:30:00-00:00,2022-09-01T23:45:00-00:00,2022-09-01,17,AUBERRY_6_N001,AUBERRY_6_N001,AUBERRY_6_N001,RTPD,MCE,LMP_ENE_PRC,AUBERRY_6_N001,ALL,1,566.48157,3,3
2022-09-02T00:30:00-00:00,2022-09-02T00:45:00-00:00,2022-09-01,18,AUBERRY_6_N001,AUBERRY_6_N001,AUBERRY_6_N001,RTPD,MCE,LMP_ENE_PRC,AUBERRY_6_N001,ALL,1,1329.1127,3,3
2022-09-02T01:30:00-00:00,2022-09-02T01:45:00-00:00,2022-09-01,19,AUBERRY_6_N001,AUBERRY_6_N001,AUBERRY_6_N001,RTPD,MCE,LMP_ENE_PRC,AUBERRY_6_N001,ALL,1,1999.9956,3,3
2022-09-02T02:30:00-00:00,2022-09-02T02:45:00-00:00,2022-09-01,20,AUBERRY_6_N001,AUBERRY_6_N001,AUBERRY_6_N001,RTPD,MCE,LMP_ENE_PRC,AUBERRY_6_N001,ALL,1,1991.671,3,3
2022-09-02T03:30:00-00:00,2022-09-02T03:45:00-00:00,2022-09-01,21,AUBERRY_6_N001,AUBERRY_6_N001,AUBERRY_6_N001,RTPD,MCE,LMP_ENE_PRC,AUBERRY_6_N001,ALL,1,186.61823,3,3
2022-09-02T04:30:00-00:00,2022-09-02T04:45:00-00:00,2022-09-01,22,AUBERRY_6_N001,AUBERRY_6_N001,AUBERRY_6_N001,RTPD,MCE,LMP_ENE_PRC,AUBERRY_6_N001,ALL,1,180.67824,3,3
2022-09-02T05:30:00-00:00,2022-09-02T05:45:00-00:00,2022-09-01,23,AUBERRY_6_N001,AUBERRY_6_N001,AUBERRY_6_N001,RTPD,MCE,LMP_ENE_PRC,AUBERRY_6_N001,ALL,1,131.69917,3,3
2022-09-02T06:30:00-00:00,2022-09-02T06:45:00-00:00,2022-09-01,24,AUBERRY_6_N001,AUBERRY_6_N001,AUBERRY_6_N001,RTPD,MCE,LMP_ENE_PRC,AUBERRY_6_N001,ALL,1,128.9871,3,3
2022-09-01T07:45:00-00:00,2022-09-01T08:00:00-00:00,2022-09-01,01,AUBERRY_6_N001,AUBERRY_6_N001,AUBERRY_6_N001,RTPD,MCE,LMP_ENE_PRC,AUBERRY_6_N001,ALL,1,109.12099,4,3
2022-09-01T08:45:00-00:00,2022-09-01T09:00:00-00:00,2022-09-01,02,AUBERRY_6_N001,AUBERRY_6_N001,AUBERRY_6_N001,RTPD,MCE,LMP_ENE_PRC,AUBERRY_6_N001,ALL,1,98.7357,4,3
2022-09-01T09:45:00-00:00,2022-09-01T10:00:00-00:00,2022-09-01,03,AUBERRY_6_N001,AUBERRY_6_N001,AUBERRY_6_N001,RTPD,MCE,LMP_ENE_PRC,AUBERRY_6_N001,ALL,1,97.50475,4,3
2022-09-01T10:45:00-00:00,2022-09-01T11:00:00-00:00,2022-09-01,04,AUBERRY_6_N001,AUBERRY_6_N001,AUBERRY_6_N001,RTPD,MCE,LMP_ENE_PRC,AUBERRY_6_N001,ALL,1,94.71966,4,3
2022-09-01T11:45:00-00:00,2022-09-01T12:00:00-00:00,2022-09-01,05,AUBERRY_6_N001,AUBERRY_6_N001,AUBERRY_6_N001,RTPD,MCE,LMP_ENE_PRC,AUBERRY_6_N001,ALL,1,107.01,4,3
2022-09-01T12:45:00-00:00,2022-09-01T13:00:00-00:00,2022-09-01,06,AUBERRY_6_N001,AUBERRY_6_N001,AUBERRY_6_N001,RTPD,MCE,LMP_ENE_PRC,AUBERRY_6_N001,ALL,1,116.4848,4,3
2022-09-01T13:45:00-00:00,2022-09-01T14:00:00-00:00,2022-09-01,07,AUBERRY_6_N001,AUBERRY_6_N001,AUBERRY_6_N001,RTPD,MCE,LMP_ENE_PRC,AUBERRY_6_N001,ALL,1,111.41,4,3
2022-09-01T14:45:00-00:00,2022-09-01T15:00:00-00:00,2022-09-01,08,AUBERRY_6_N001,AUBERRY_6_N001,AUBERRY_6_N001,RTPD,MCE,LMP_ENE_PRC,AUBERRY_6_N001,ALL,1,86.1388,4,3
2022-09-01T15:45:00-00:00,2022-09-01T16:00:00-00:00,2022-09-01,09,AUBERRY_6_N001,AUBERRY_6_N001,AUBERRY_6_N001,RTPD,MCE,LMP_ENE_PRC,AUBERRY_6_N001,ALL,1,78.70076,4,3
2022-09-01T16:45:00-00:00,2022-09-01T17:00:00-00:00,2022-09-01,10,AUBERRY_6_N001,AUBERRY_6_N001,AUBERRY_6_N001,RTPD,MCE,LMP_ENE_PRC,AUBERRY_6_N001,ALL,1,91.24933,4,3
2022-09-01T17:45:00-00:00,2022-09-01T18:00:00-00:00,2022-09-01,11,AUBERRY_6_N001,AUBERRY_6_N001,AUBERRY_6_N001,RTPD,MCE,LMP_ENE_PRC,AUBERRY_6_N001,ALL,1,99.20544,4,3
2022-09-01T18:45:00-00:00,2022-09-01T19:00:00-00:00,2022-09-01,12,AUBERRY_6_N001,AUBERRY_6_N001,AUBERRY_6_N001,RTPD,MCE,LMP_ENE_PRC,AUBERRY_6_N001,ALL,1,109.04064,4,3
2022-09-01T19:45:00-00:00,2022-09-01T20:00:00-00:00,2022-09-01,13,AUBERRY_6_N001,AUBERRY_6_N001,AUBERRY_6_N001,RTPD,MCE,LMP_ENE_PRC,AUBERRY_6_N001,ALL,1,120.22491,4,3
2022-09-01T20:45:00-00:00,2022-09-01T21:00:00-00:00,2022-09-01,14,AUBERRY_6_N001,AUBERRY_6_N001,AUBERRY_6_N001,RTPD,MCE,LMP_ENE_PRC,AUBERRY_6_N001,ALL,1,154.02509,4,3
2022-09-01T21:45:00-00:00,2022-09-01T22:00:00-00:00,2022-09-01,15,AUBERRY_6_N001,AUBERRY_6_N001,AUBERRY_6_N001,RTPD,MCE,LMP_ENE_PRC,AUBERRY_6_N001,ALL,1,300.29376,4,3
2022-09-01T22:45:00-00:00,2022-09-01T23:00:00-00:00,2022-09-01,16,AUBERRY_6_N001,AUBERRY_6_N001,AUBERRY_6_N001,RTPD,MCE,LMP_ENE_PRC,AUBERRY_6_N001,ALL,1,429.9137,4,3
2022-09-01T23:45:00-00:00,2022-09-02T00:00:00-00:00,2022-09-01,17,AUBERRY_6_N001,AUBERRY_6_N001,AUBERRY_6_N001,RTPD,MCE,LMP_ENE_PRC,AUBERRY_6_N001,ALL,1,1261.2124,4,3
2022-09-02T00:45:00-00:00,2022-09-02T01:00:00-00:00,2022-09-01,18,AUBERRY_6_N001,AUBERRY_6_N001,AUBERRY_6_N001,RTPD,MCE,LMP_ENE_PRC,AUBERRY_6_N001,ALL,1,1519.149,4,3
2022-09-02T01:45:00-00:00,2022-09-02T02:00:00-00:00,2022-09-01,19,AUBERRY_6_N001,AUBERRY_6_N001,AUBERRY_6_N001,RTPD,MCE,LMP_ENE_PRC,AUBERRY_6_N001,ALL,1,1991.9337,4,3
2022-09-02T02:45:00-00:00,2022-09-02T03:00:00-00:00,2022-09-01,20,AUBERRY_6_N001,AUBERRY_6_N001,AUBERRY_6_N001,RTPD,MCE,LMP_ENE_PRC,AUBERRY_6_N001,ALL,1,1629.6213,4,3
2022-09-02T03:45:00-00:00,2022-09-02T04:00:00-00:00,2022-09-01,21,AUBERRY_6_N001,AUBERRY_6_N001,AUBERRY_6_N001,RTPD,MCE,LMP_ENE_PRC,AUBERRY_6_N001,ALL,1,141.13702,4,3
2022-09-02T04:45:00-00:00,2022-09-02T05:00:00-00:00,2022-09-01,22,AUBERRY_6_N001,AUBERRY_6_N001,AUBERRY_6_N001,RTPD,MCE,LMP_ENE_PRC,AUBERRY_6_N001,ALL,1,126.76372,4,3
2022-09-02T05:45:00-00:00,2022-09-02T06:00:00-00:00,2022-09-01,23,AUBERRY_6_N001,AUBERRY_6_N001,AUBERRY_6_N001,RTPD,MCE,LMP_ENE_PRC,AUBERRY_6_N001,ALL,1,119.00958,4,3
2022-09-02T06:45:00-00:00,2022-09-02T07:00:00-00:00,2022-09-01,24,AUBERRY_6_N001,AUBERRY_6_N001,AUBERRY_6_N001,RTPD,MCE,LMP_ENE_PRC,AUBERRY_6_N001,ALL,1,109.20324,4,3
2022-09-01T07:00:00-00:00,2022-09-01T07:15:00-00:00,2022-09-01,01,AUBERRY_6_N001,AUBERRY_6_N001,AUBERRY_6_N001,RTPD,MCL,LMP_LOSS_PRC,AUBERRY_6_N001,ALL,1,4.12769,1,4
2022-09-01T08:00:00-00:00,2022-09-01T08:15:00-00:00,2022-09-01,02,AUBERRY_6_N001,AUBERRY_6_N001,AUBERRY_6_N001,RTPD,MCL,LMP_LOSS_PRC,AUBERRY_6_N001,ALL,1,0,1,4
2022-09-01T09:00:00-00:00,2022-09-01T09:15:00-00:00,2022-09-01,03,AUBERRY_6_N001,AUBERRY_6_N001,AUBERRY_6_N001,RTPD,MCL,LMP_LOSS_PRC,AUBERRY_6_N001,ALL,1,11.38924,1,4
2022-09-01T10:00:00-00:00,2022-09-01T10:15:00-00:00,2022-09-01,04,AUBERRY_6_N001,AUBERRY_6_N001,AUBERRY_6_N001,RTPD,MCL,LMP_LOSS_PRC,AUBERRY_6_N001,ALL,1,11.22548,1,4
2022-09-01T11:00:00-00:00,2022-09-01T11:15:00-00:00,2022-09-01,05,AUBERRY_6_N001,AUBERRY_6_N001,AUBERRY_6_N001,RTPD,MCL,LMP_LOSS_PRC,AUBERRY_6_N001,ALL,1,12.66722,1,4
2022-09-01T12:00:00-00:00,2022-09-01T12:15:00-00:00,2022-09-01,06,AUBERRY_6_N001,AUBERRY_6_N001,AUBERRY_6_N001,RTPD,MCL,LMP_LOSS_PRC,AUBERRY_6_N001,ALL,1,11.755,1,4
2022-09-01T13:00:00-00:00,2022-09-01T13:15:00-00:00,2022-09-01,07,AUBERRY_6_N001,AUBERRY_6_N001,AUBERRY_6_N001,RTPD,MCL,LMP_LOSS_PRC,AUBERRY_6_N001,ALL,1,0,1,4
2022-09-01T14:00:00-00:00,2022-09-01T14:15:00-00:00,2022-09-01,08,AUBERRY_6_N001,AUBERRY_6_N001,AUBERRY_6_N001,RTPD,MCL,LMP_LOSS_PRC,AUBERRY_6_N001,ALL,1,14.4557,1,4
2022-09-01T15:00:00-00:00,2022-09-01T15:15:00-00:00,2022-09-01,09,AUBERRY_6_N001,AUBERRY_6_N001,AUBERRY_6_N001,RTPD,MCL,LMP_LOSS_PRC,AUBERRY_6_N001,ALL,1,0,1,4
2022-09-01T16:00:00-00:00,2022-09-01T16:15:00-00:00,2022-09-01,10,AUBERRY_6_N001,AUBERRY_6_N001,AUBERRY_6_N001,RTPD,MCL,LMP_LOSS_PRC,AUBERRY_6_N001,ALL,1,0,1,4
2022-09-01T17:00:00-00:00,2022-09-01T17:15:00-00:00,2022-09-01,11,AUBERRY_6_N001,AUBERRY_6_N001,AUBERRY_6_N001,RTPD,MCL,LMP_LOSS_PRC,AUBERRY_6_N001,ALL,1,0,1,4
2022-09-01T18:00:00-00:00,2022-09-01T18:15:00-00:00,2022-09-01,12,AUBERRY_6_N001,AUBERRY_6_N001,AUBERRY_6_N001,RTPD,MCL,LMP_LOSS_PRC,AUBERRY_6_N001,ALL,1,0,1,4
2022-09-01T19:00:00-00:00,2022-09-01T19:15:00-00:00,2022-09-01,13,AUBERRY_6_N001,AUBERRY_6_N001,AUBERRY_6_N001,RTPD,MCL,LMP_LOSS_PRC,AUBERRY_6_N001,ALL,1,0,1,4
2022-09-01T20:00:00-00:00,2022-09-01T20:15:00-00:00,2022-09-01,14,AUBERRY_6_N001,AUBERRY_6_N001,AUBERRY_6_N001,RTPD,MCL,LMP_LOSS_PRC,AUBERRY_6_N001,ALL,1,0,1,4
2022-09-01T21:00:00-00:00,2022-09-01T21:15:00-00:00,2022-09-01,15,AUBERRY_6_N001,AUBERRY_6_N001,AUBERRY_6_N001,RTPD,MCL,LMP_LOSS_PRC,AUBERRY_6_N001,ALL,1,0,1,4
2022-09-01T22:00:00-00:00,2022-09-01T22:15:00-00:00,2022-09-01,16,AUBERRY_6_N001,AUBERRY_6_N001,AUBERRY_6_N001,RTPD,MCL,LMP_LOSS_PRC,AUBERRY_6_N001,ALL,1,0,1,4
2022-09-01T23:00:00-00:00,2022-09-01T23:15:00-00:00,2022-09-01,17,AUBERRY_6_N001,AUBERRY_6_N001,AUBERRY_6_N001,RTPD,MCL,LMP_LOSS_PRC,AUBERRY_6_N001,ALL,1,0,1,4
2022-09-02T00:00:00-00:00,2022-09-02T00:15:00-00:00,2022-09-01,18,AUBERRY_6_N001,AUBERRY_6_N001,AUBERRY_6_N001,RTPD,MCL,LMP_LOSS_PRC,AUBERRY_6_N001,ALL,1,78.29107,1,4
2022-09-02T01:00:00-00:00,2022-09-02T01:15:00-00:00,2022-09-01,19,AUBERRY_6_N001,AUBERRY_6_N001,AUBERRY_6_N001,RTPD,MCL,LMP_LOSS_PRC,AUBERRY_6_N001,ALL,1,0,1,4
2022-09-02T02:00:00-00:00,2022-09-02T02:15:00-00:00,2022-09-01,20,AUBERRY_6_N001,AUBERRY_6_N001,AUBERRY_6_N001,RTPD,MCL,LMP_LOSS_PRC,AUBERRY_6_N001,ALL,1,0,1,4
2022-09-02T03:00:00-00:00,2022-09-02T03:15:00-00:00,2022-09-01,21,AUBERRY_6_N001,AUBERRY_6_N001,AUBERRY_6_N001,RTPD,MCL,LMP_LOSS_PRC,AUBERRY_6_N001,ALL,1,240.85709,1,4
2022-09-02T04:00:00-00:00,2022-09-02T04:15:00-00:00,2022-09-01,22,AUBERRY_6_N001,AUBERRY_6_N001,AUBERRY_6_N001,RTPD,MCL,LMP_LOSS_PRC,AUBERRY_6_N001,ALL,1,76.6013,1,4
2022-09-02T05:00:00-00:00,2022-09-02T05:15:00-00:00,2022-09-01,23,AUBERRY_6_N001,AUBERRY_6_N001,AUBERRY_6_N001,RTPD,MCL,LMP_LOSS_PRC,AUBERRY_6_N001,ALL,1,27.34039,1,4
2022-09-02T06:00:00-00:00,2022-09-02T06:15:00-00:00,2022-09-01,24,AUBERRY_6_N001,AUBERRY_6_N001,AUBERRY_6_N001,RTPD,MCL,LMP_LOSS_PRC,AUBERRY_6_N001,ALL,1,20.82746,1,4
2022-09-01T07:15:00-00:00,2022-09-01T07:30:00-00:00,2022-09-01,01,AUBERRY_6_N001,AUBERRY_6_N001,AUBERRY_6_N001,RTPD,MCL,LMP_LOSS_PRC,AUBERRY_6_N001,ALL,1,0,2,4
2022-09-01T08:15:00-00:00,2022-09-01T08:30:00-00:00,2022-09-01,02,AUBERRY_6_N001,AUBERRY_6_N001,AUBERRY_6_N001,RTPD,MCL,LMP_LOSS_PRC,AUBERRY_6_N001,ALL,1,0,2,4
2022-09-01T09:15:00-00:00,2022-09-01T09:30:00-00:00,2022-09-01,03,AUBERRY_6_N001,AUBERRY_6_N001,AUBERRY_6_N001,RTPD,MCL,LMP_LOSS_PRC,AUBERRY_6_N001,ALL,1,10.87258,2,4
2022-09-01T10:15:00-00:00,2022-09-01T10:30:00-00:00,2022-09-01,04,AUBERRY_6_N001,AUBERRY_6_N001,AUBERRY_6_N001,RTPD,MCL,LMP_LOSS_PRC,AUBERRY_6_N001,ALL,1,11.26249,2,4
2022-09-01T11:15:00-00:00,2022-09-01T11:30:00-00:00,2022-09-01,05,AUBERRY_6_N001,AUBERRY_6_N001,AUBERRY_6_N001,RTPD,MCL,LMP_LOSS_PRC,AUBERRY_6_N001,ALL,1,12.69045,2,4
2022-09-01T12:15:00-00:00,2022-09-01T12:30:00-00:00,2022-09-01,06,AUBERRY_6_N001,AUBERRY_6_N001,AUBERRY_6_N001,RTPD,MCL,LMP_LOSS_PRC,AUBERRY_6_N001,ALL,1,14.19,2,4
2022-09-01T13:15:00-00:00,2022-09-01T13:30:00-00:00,2022-09-01,07,AUBERRY_6_N001,AUBERRY_6_N001,AUBERRY_6_N001,RTPD,MCL,LMP_LOSS_PRC,AUBERRY_6_N001,ALL,1,13.41727,2,4
2022-09-01T14:15:00-00:00,2022-09-01T14:30:00-00:00,2022-09-01,08,AUBERRY_6_N001,AUBERRY_6_N001,AUBERRY_6_N001,RTPD,MCL,LMP_LOSS_PRC,AUBERRY_6_N001,ALL,1,12.42779,2,4
2022-09-01T15:15:00-00:00,2022-09-01T15:30:00-00:00,2022-09-01,09,AUBERRY_6_N001,AUBERRY_6_N001,AUBERRY_6_N001,RTPD,MCL,LMP_LOSS_PRC,AUBERRY_6_N001,ALL,1,0,2,4
2022-09-01T16:15:00-00:00,2022-09-01T16:30:00-00:00,2022-09-01,10,AUBERRY_6_N001,AUBERRY_6_N001,AUBERRY_6_N001,RTPD,MCL,LMP_LOSS_PRC,AUBERRY_6_N001,ALL,1,0,2,4
2022-09-01T17:15:00-00:00,2022-09-01T17:30:00-00:00,2022-09-01,11,AUBERRY_6_N001,AUBERRY_6_N001,AUBERRY_6_N001,RTPD,MCL,LMP_LOSS_PRC,AUBERRY_6_N001,ALL,1,0,2,4
2022-09-01T18:15:00-00:00,2022-09-01T18:30:00-00:00,2022-09-01,12,AUBERRY_6_N001,AUBERRY_6_N001,AUBERRY_6_N001,RTPD,MCL,LMP_LOSS_PRC,AUBERRY_6_N001,ALL,1,0,2,4
2022-09-01T19:15:00-00:00,2022-09-01T19:30:00-00:00,2022-09-01,13,AUBERRY_6_N001,AUBERRY_6_N001,AUBERRY_6_N001,RTPD,MCL,LMP_LOSS_PRC,AUBERRY_6_N001,ALL,1,0,2,4
2022-09-01T20:15:00-00:00,2022-09-01T20:30:00-00:00,2022-09-01,14,AUBERRY_6_N001,AUBERRY_6_N001,AUBERRY_6_N001,RTPD,MCL,LMP_LOSS_PRC,AUBERRY_6_N001,ALL,1,0,2,4
2022-09-01T21:15:00-00:00,2022-09-01T21:30:00-00:00,2022-09-01,15,AUBERRY_6_N001,AUBERRY_6_N001,AUBERRY_6_N001,RTPD,MCL,LMP_LOSS_PRC,AUBERRY_6_N001,ALL,1,0,2,4
2022-09-01T22:15:00-00:00,2022-09-01T22:30:00-00:00,2022-09-01,16,AUBERRY_6_N001,AUBERRY_6_N001,AUBERRY_6_N001,RTPD,MCL,LMP_LOSS_PRC,AUBERRY_6_N001,ALL,1,0,2,4
2022-09-01T23:15:00-00:00,2022-09-01T23:30:00-00:00,2022-09-01,17,AUBERRY_6_N001,AUBERRY_6_N001,AUBERRY_6_N001,RTPD,MCL,LMP_LOSS_PRC,AUBERRY_6_N001,ALL,1,0,2,4
2022-09-02T00:15:00-00:00,2022-09-02T00:30:00-00:00,2022-09-01,18,AUBERRY_6_N001,AUBERRY_6_N001,AUBERRY_6_N001,RTPD,MCL,LMP_LOSS_PRC,AUBERRY_6_N001,ALL,1,71.95582,2,4
2022-09-02T01:15:00-00:00,2022-09-02T01:30:00-00:00,2022-09-01,19,AUBERRY_6_N001,AUBERRY_6_N001,AUBERRY_6_N001,RTPD,MCL,LMP_LOSS_PRC,AUBERRY_6_N001,ALL,1,0,2,4
2022-09-02T02:15:00-00:00,2022-09-02T02:30:00-00:00,2022-09-01,20,AUBERRY_6_N001,AUBERRY_6_N001,AUBERRY_6_N001,RTPD,MCL,LMP_LOSS_PRC,AUBERRY_6_N001,ALL,1,0,2,4
2022-09-02T03:15:00-00:00,2022-09-02T03:30:00-00:00,2022-09-01,21,AUBERRY_6_N001,AUBERRY_6_N001,AUBERRY_6_N001,RTPD,MCL,LMP_LOSS_PRC,AUBERRY_6_N001,ALL,1,101.4139,2,4
2022-09-02T04:15:00-00:00,2022-09-02T04:30:00-00:00,2022-09-01,22,AUBERRY_6_N001,AUBERRY_6_N001,AUBERRY_6_N001,RTPD,MCL,LMP_LOSS_PRC,AUBERRY_6_N001,ALL,1,64.90792,2,4
2022-09-02T05:15:00-00:00,2022-09-02T05:30:00-00:00,2022-09-01,23,AUBERRY_6_N001,AUBERRY_6_N001,AUBERRY_6_N001,RTPD,MCL,LMP_LOSS_PRC,AUBERRY_6_N001,ALL,1,25.62625,2,4
2022-09-02T06:15:00-00:00,2022-09-02T06:30:00-00:00,2022-09-01,24,AUBERRY_6_N001,AUBERRY_6_N001,AUBERRY_6_N001,RTPD,MCL,LMP_LOSS_PRC,AUBERRY_6_N001,ALL,1,17.90187,2,4
2022-09-01T07:30:00-00:00,2022-09-01T07:45:00-00:00,2022-09-01,01,AUBERRY_6_N001,AUBERRY_6_N001,AUBERRY_6_N001,RTPD,MCL,LMP_LOSS_PRC,AUBERRY_6_N001,ALL,1,0,3,4
2022-09-01T08:30:00-00:00,2022-09-01T08:45:00-00:00,2022-09-01,02,AUBERRY_6_N001,AUBERRY_6_N001,AUBERRY_6_N001,RTPD,MCL,LMP_LOSS_PRC,AUBERRY_6_N001,ALL,1,13.66683,3,4
2022-09-01T09:30:00-00:00,2022-09-01T09:45:00-00:00,2022-09-01,03,AUBERRY_6_N001,AUBERRY_6_N001,AUBERRY_6_N001,RTPD,MCL,LMP_LOSS_PRC,AUBERRY_6_N001,ALL,1,10.67024,3,4
2022-09-01T10:30:00-00:00,2022-09-01T10:45:00-00:00,2022-09-01,04,AUBERRY_6_N001,AUBERRY_6_N001,AUBERRY_6_N001,RTPD,MCL,LMP_LOSS_PRC,AUBERRY_6_N001,ALL,1,10.96603,3,4
2022-09-01T11:30:00-00:00,2022-09-01T11:45:00-00:00,2022-09-01,05,AUBERRY_6_N001,AUBERRY_6_N001,AUBERRY_6_N001,RTPD,MCL,LMP_LOSS_PRC,AUBERRY_6_N001,ALL,1,12.89305,3,4
2022-09-01T12:30:00-00:00,2022-09-01T12:45:00-00:00,2022-09-01,06,AUBERRY_6_N001,AUBERRY_6_N001,AUBERRY_6_N001,RTPD,MCL,LMP_LOSS_PRC,AUBERRY_6_N001,ALL,1,13.62888,3,4
2022-09-01T13:30:00-00:00,2022-09-01T13:45:00-00:00,2022-09-01,07,AUBERRY_6_N001,AUBERRY_6_N001,AUBERRY_6_N001,RTPD,MCL,LMP_LOSS_PRC,AUBERRY_6_N001,ALL,1,13.53856,3,4
2022-09-01T14:30:00-00:00,2022-09-01T14:45:00-00:00,2022-09-01,08,AUBERRY_6_N001,AUBERRY_6_N001,AUBERRY_6_N001,RTPD,MCL,LMP_LOSS_PRC,AUBERRY_6_N001,ALL,1,11.43599,3,4
2022-09-01T15:30:00-00:00,2022-09-01T15:45:00-00:00,2022-09-01,09,AUBERRY_6_N001,AUBERRY_6_N001,AUBERRY_6_N001,RTPD,MCL,LMP_LOSS_PRC,AUBERRY_6_N001,ALL,1,0,3,4
2022-09-01T16:30:00-00:00,2022-09-01T16:45:00-00:00,2022-09-01,10,AUBERRY_6_N001,AUBERRY_6_N001,AUBERRY_6_N001,RTPD,MCL,LMP_LOSS_PRC,AUBERRY_6_N001,ALL,1,0,3,4
2022-09-01T17:30:00-00:00,2022-09-01T17:45:00-00:00,2022-09-01,11,AUBERRY_6_N001,AUBERRY_6_N001,AUBERRY_6_N001,RTPD,MCL,LMP_LOSS_PRC,AUBERRY_6_N001,ALL,1,0,3,4
2022-09-01T18:30:00-00:00,2022-09-01T18:45:00-00:00,2022-09-01,12,AUBERRY_6_N001,AUBERRY_6_N001,AUBERRY_6_N001,RTPD,MCL,LMP_LOSS_PRC,AUBERRY_6_N001,ALL,1,0,3,4
2022-09-01T19:30:00-00:00,2022-09-01T19:45:00-00:00,2022-09-01,13,AUBERRY_6_N001,AUBERRY_6_N001,AUBERRY_6_N001,RTPD,MCL,LMP_LOSS_PRC,AUBERRY_6_N001,ALL,1,0,3,4
2022-09-01T20:30:00-00:00,2022-09-01T20:45:00-00:00,2022-09-01,14,AUBERRY_6_N001,AUBERRY_6_N001,AUBERRY_6_N001,RTPD,MCL,LMP_LOSS_PRC,AUBERRY_6_N001,ALL,1,0,3,4
2022-09-01T21:30:00-00:00,2022-09-01T21:45:00-00:00,2022-09-01,15,AUBERRY_6_N001,AUBERRY_6_N001,AUBERRY_6_N001,RTPD,MCL,LMP_LOSS_PRC,AUBERRY_6_N001,ALL,1,0,3,4
2022-09-01T22:30:00-00:00,2022-09-01T22:45:00-00:00,2022-09-01,16,AUBERRY_6_N001,AUBERRY_6_N001,AUBERRY_6_N001,RTPD,MCL,LMP_LOSS_PRC,AUBERRY_6_N001,ALL,1,0,3,4
2022-09-01T23:30:00-00:00,2022-09-01T23:45:00-00:00,2022-09-01,17,AUBERRY_6_N001,AUBERRY_6_N001,AUBERRY_6_N001,RTPD,MCL,LMP_LOSS_PRC,AUBERRY_6_N001,ALL,1,0,3,4
2022-09-02T00:30:00-00:00,2022-09-02T00:45:00-00:00,2022-09-01,18,AUBERRY_6_N001,AUBERRY_6_N001,AUBERRY_6_N001,RTPD,MCL,LMP_LOSS_PRC,AUBERRY_6_N001,ALL,1,0,3,4
2022-09-02T01:30:00-00:00,2022-09-02T01:45:00-00:00,2022-09-01,19,AUBERRY_6_N001,AUBERRY_6_N001,AUBERRY_6_N001,RTPD,MCL,LMP_LOSS_PRC,AUBERRY_6_N001,ALL,1,0,3,4
2022-09-02T02:30:00-00:00,2022-09-02T02:45:00-00:00,2022-09-01,20,AUBERRY_6_N001,AUBERRY_6_N001,AUBERRY_6_N001,RTPD,MCL,LMP_LOSS_PRC,AUBERRY_6_N001,ALL,1,0,3,4
2022-09-02T03:30:00-00:00,2022-09-02T03:45:00-00:00,2022-09-01,21,AUBERRY_6_N001,AUBERRY_6_N001,AUBERRY_6_N001,RTPD,MCL,LMP_LOSS_PRC,AUBERRY_6_N001,ALL,1,45.83343,3,4
2022-09-02T04:30:00-00:00,2022-09-02T04:45:00-00:00,2022-09-01,22,AUBERRY_6_N001,AUBERRY_6_N001,AUBERRY_6_N001,RTPD,MCL,LMP_LOSS_PRC,AUBERRY_6_N001,ALL,1,47.03055,3,4
2022-09-02T05:30:00-00:00,2022-09-02T05:45:00-00:00,2022-09-01,23,AUBERRY_6_N001,AUBERRY_6_N001,AUBERRY_6_N001,RTPD,MCL,LMP_LOSS_PRC,AUBERRY_6_N001,ALL,1,21.37478,3,4
2022-09-02T06:30:00-00:00,2022-09-02T06:45:00-00:00,2022-09-01,24,AUBERRY_6_N001,AUBERRY_6_N001,AUBERRY_6_N001,RTPD,MCL,LMP_LOSS_PRC,AUBERRY_6_N001,ALL,1,16.49745,3,4
2022-09-01T07:45:00-00:00,2022-09-01T08:00:00-00:00,2022-09-01,01,AUBERRY_6_N001,AUBERRY_6_N001,AUBERRY_6_N001,RTPD,MCL,LMP_LOSS_PRC,AUBERRY_6_N001,ALL,1,0,4,4
2022-09-01T08:45:00-00:00,2022-09-01T09:00:00-00:00,2022-09-01,02,AUBERRY_6_N001,AUBERRY_6_N001,AUBERRY_6_N001,RTPD,MCL,LMP_LOSS_PRC,AUBERRY_6_N001,ALL,1,11.31511,4,4
2022-09-01T09:45:00-00:00,2022-09-01T10:00:00-00:00,2022-09-01,03,AUBERRY_6_N001,AUBERRY_6_N001,AUBERRY_6_N001,RTPD,MCL,LMP_LOSS_PRC,AUBERRY_6_N001,ALL,1,10.09174,4,4
2022-09-01T10:45:00-00:00,2022-09-01T11:00:00-00:00,2022-09-01,04,AUBERRY_6_N001,AUBERRY_6_N001,AUBERRY_6_N001,RTPD,MCL,LMP_LOSS_PRC,AUBERRY_6_N001,ALL,1,10.33391,4,4
2022-09-01T11:45:00-00:00,2022-09-01T12:00:00-00:00,2022-09-01,05,AUBERRY_6_N001,AUBERRY_6_N001,AUBERRY_6_N001,RTPD,MCL,LMP_LOSS_PRC,AUBERRY_6_N001,ALL,1,0,4,4
2022-09-01T12:45:00-00:00,2022-09-01T13:00:00-00:00,2022-09-01,06,AUBERRY_6_N001,AUBERRY_6_N001,AUBERRY_6_N001,RTPD,MCL,LMP_LOSS_PRC,AUBERRY_6_N001,ALL,1,0,4,4
2022-09-01T13:45:00-00:00,2022-09-01T14:00:00-00:00,2022-09-01,07,AUBERRY_6_N001,AUBERRY_6_N001,AUBERRY_6_N001,RTPD,MCL,LMP_LOSS_PRC,AUBERRY_6_N001,ALL,1,0,4,4
2022-09-01T14:45:00-00:00,2022-09-01T15:00:00-00:00,2022-09-01,08,AUBERRY_6_N001,AUBERRY_6_N001,AUBERRY_6_N001,RTPD,MCL,LMP_LOSS_PRC,AUBERRY_6_N001,ALL,1,0,4,4
2022-09-01T15:45:00-00:00,2022-09-01T16:00:00-00:00,2022-09-01,09,AUBERRY_6_N001,AUBERRY_6_N001,AUBERRY_6_N001,RTPD,MCL,LMP_LOSS_PRC,AUBERRY_6_N001,ALL,1,0,4,4
2022-09-01T16:45:00-00:00,2022-09-01T17:00:00-00:00,2022-09-01,10,AUBERRY_6_N001,AUBERRY_6_N001,AUBERRY_6_N001,RTPD,MCL,LMP_LOSS_PRC,AUBERRY_6_N001,ALL,1,0,4,4
2022-09-01T17:45:00-00:00,2022-09-01T18:00:00-00:00,2022-09-01,11,AUBERRY_6_N001,AUBERRY_6_N001,AUBERRY_6_N001,RTPD,MCL,LMP_LOSS_PRC,AUBERRY_6_N001,ALL,1,0,4,4
2022-09-01T18:45:00-00:00,2022-09-01T19:00:00-00:00,2022-09-01,12,AUBERRY_6_N001,AUBERRY_6_N001,AUBERRY_6_N001,RTPD,MCL,LMP_LOSS_PRC,AUBERRY_6_N001,ALL,1,0,4,4
2022-09-01T19:45:00-00:00,2022-09-01T20:00:00-00:00,2022-09-01,13,AUBERRY_6_N001,AUBERRY_6_N001,AUBERRY_6_N001,RTPD,MCL,LMP_LOSS_PRC,AUBERRY_6_N001,ALL,1,0,4,4
2022-09-01T20:45:00-00:00,2022-09-01T21:00:00-00:00,2022-09-01,14,AUBERRY_6_N001,AUBERRY_6_N001,AUBERRY_6_N001,RTPD,MCL,LMP_LOSS_PRC,AUBERRY_6_N001,ALL,1,0,4,4
2022-09-01T21:45:00-00:00,2022-09-01T22:00:00-00:00,2022-09-01,15,AUBERRY_6_N001,AUBERRY_6_N001,AUBERRY_6_N001,RTPD,MCL,LMP_LOSS_PRC,AUBERRY_6_N001,ALL,1,0,4,4
2022-09-01T22:45:00-00:00,2022-09-01T23:00:00-00:00,2022-09-01,16,AUBERRY_6_N001,AUBERRY_6_N001,AUBERRY_6_N001,RTPD,MCL,LMP_LOSS_PRC,AUBERRY_6_N001,ALL,1,0,4,4
2022-09-01T23:45:00-00:00,2022-09-02T00:00:00-00:00,2022-09-01,17,AUBERRY_6_N001,AUBERRY_6_N001,AUBERRY_6_N001,RTPD,MCL,LMP_LOSS_PRC,AUBERRY_6_N001,ALL,1,0,4,4
2022-09-02T00:45:00-00:00,2022-09-02T01:00:00-00:00,2022-09-01,18,AUBERRY_6_N001,AUBERRY_6_N001,AUBERRY_6_N001,RTPD,MCL,LMP_LOSS_PRC,AUBERRY_6_N001,ALL,1,0,4,4
2022-09-02T01:45:00-00:00,2022-09-02T02:00:00-00:00,2022-09-01,19,AUBERRY_6_N001,AUBERRY_6_N001,AUBERRY_6_N001,RTPD,MCL,LMP_LOSS_PRC,AUBERRY_6_N001,ALL,1,0,4,4
2022-09-02T02:45:00-00:00,2022-09-02T03:00:00-00:00,2022-09-01,20,AUBERRY_6_N001,AUBERRY_6_N001,AUBERRY_6_N001,RTPD,MCL,LMP_LOSS_PRC,AUBERRY_6_N001,ALL,1,652.6633,4,4
2022-09-02T03:45:00-00:00,2022-09-02T04:00:00-00:00,2022-09-01,21,AUBERRY_6_N001,AUBERRY_6_N001,AUBERRY_6_N001,RTPD,MCL,LMP_LOSS_PRC,AUBERRY_6_N001,ALL,1,29.94928,4,4
2022-09-02T04:45:00-00:00,2022-09-02T05:00:00-00:00,2022-09-01,22,AUBERRY_6_N001,AUBERRY_6_N001,AUBERRY_6_N001,RTPD,MCL,LMP_LOSS_PRC,AUBERRY_6_N001,ALL,1,31.53881,4,4
2022-09-02T05:45:00-00:00,2022-09-02T06:00:00-00:00,2022-09-01,23,AUBERRY_6_N001,AUBERRY_6_N001,AUBERRY_6_N001,RTPD,MCL,LMP_LOSS_PRC,AUBERRY_6_N001,ALL,1,16.42332,4,4
2022-09-02T06:45:00-00:00,2022-09-02T07:00:00-00:00,2022-09-01,24,AUBERRY_6_N001,AUBERRY_6_N001,AUBERRY_6_N001,RTPD,MCL,LMP_LOSS_PRC,AUBERRY_6_N001,ALL,1,13.42108,4,4
2022-09-01T07:00:00-00:00,2022-09-01T07:15:00-00:00,2022-09-01,01,AUBERRY_6_N001,AUBERRY_6_N001,AUBERRY_6_N001,RTPD,MGHG,LMP_GHG_PRC,AUBERRY_6_N001,ALL,1,0,1,5
2022-09-01T08:00:00-00:00,2022-09-01T08:15:00-00:00,2022-09-01,02,AUBERRY_6_N001,AUBERRY_6_N001,AUBERRY_6_N001,RTPD,MGHG,LMP_GHG_PRC,AUBERRY_6_N001,ALL,1,0,1,5
2022-09-01T09:00:00-00:00,2022-09-01T09:15:00-00:00,2022-09-01,03,AUBERRY_6_N001,AUBERRY_6_N001,AUBERRY_6_N001,RTPD,MGHG,LMP_GHG_PRC,AUBERRY_6_N001,ALL,1,0,1,5
2022-09-01T10:00:00-00:00,2022-09-01T10:15:00-00:00,2022-09-01,04,AUBERRY_6_N001,AUBERRY_6_N001,AUBERRY_6_N001,RTPD,MGHG,LMP_GHG_PRC,AUBERRY_6_N001,ALL,1,0,1,5
2022-09-01T11:00:00-00:00,2022-09-01T11:15:00-00:00,2022-09-01,05,AUBERRY_6_N001,AUBERRY_6_N001,AUBERRY_6_N001,RTPD,MGHG,LMP_GHG_PRC,AUBERRY_6_N001,ALL,1,0,1,5
2022-09-01T12:00:00-00:00,2022-09-01T12:15:00-00:00,2022-09-01,06,AUBERRY_6_N001,AUBERRY_6_N001,AUBERRY_6_N001,RTPD,MGHG,LMP_GHG_PRC,AUBERRY_6_N001,ALL,1,0,1,5
2022-09-01T13:00:00-00:00,2022-09-01T13:15:00-00:00,2022-09-01,07,AUBERRY_6_N001,AUBERRY_6_N001,AUBERRY_6_N001,RTPD,MGHG,LMP_GHG_PRC,AUBERRY_6_N001,ALL,1,0,1,5
2022-09-01T14:00:00-00:00,2022-09-01T14:15:00-00:00,2022-09-01,08,AUBERRY_6_N001,AUBERRY_6_N001,AUBERRY_6_N001,RTPD,MGHG,LMP_GHG_PRC,AUBERRY_6_N001,ALL,1,0,1,5
2022-09-01T15:00:00-00:00,2022-09-01T15:15:00-00:00,2022-09-01,09,AUBERRY_6_N001,AUBERRY_6_N001,AUBERRY_6_N001,RTPD,MGHG,LMP_GHG_PRC,AUBERRY_6_N001,ALL,1,0,1,5
2022-09-01T16:00:00-00:00,2022-09-01T16:15:00-00:00,2022-09-01,10,AUBERRY_6_N001,AUBERRY_6_N001,AUBERRY_6_N001,RTPD,MGHG,LMP_GHG_PRC,AUBERRY_6_N001,ALL,1,0,1,5
2022-09-01T17:00:00-00:00,2022-09-01T17:15:00-00:00,2022-09-01,11,AUBERRY_6_N001,AUBERRY_6_N001,AUBERRY_6_N001,RTPD,MGHG,LMP_GHG_PRC,AUBERRY_6_N001,ALL,1,0,1,5
2022-09-01T18:00:00-00:00,2022-09-01T18:15:00-00:00,2022-09-01,12,AUBERRY_6_N001,AUBERRY_6_N001,AUBERRY_6_N001,RTPD,MGHG,LMP_GHG_PRC,AUBERRY_6_N001,ALL,1,0,1,5
2022-09-01T19:00:00-00:00,2022-09-01T19:15:00-00:00,2022-09-01,13,AUBERRY_6_N001,AUBERRY_6_N001,AUBERRY_6_N001,RTPD,MGHG,LMP_GHG_PRC,AUBERRY_6_N001,ALL,1,0,1,5
2022-09-01T20:00:00-00:00,2022-09-01T20:15:00-00:00,2022-09-01,14,AUBERRY_6_N001,AUBERRY_6_N001,AUBERRY_6_N001,RTPD,MGHG,LMP_GHG_PRC,AUBERRY_6_N001,ALL,1,0,1,5
2022-09-01T21:00:00-00:00,2022-09-01T21:15:00-00:00,2022-09-01,15,AUBERRY_6_N001,AUBERRY_6_N001,AUBERRY_6_N001,RTPD,MGHG,LMP_GHG_PRC,AUBERRY_6_N001,ALL,1,0,1,5
2022-09-01T22:00:00-00:00,2022-09-01T22:15:00-00:00,2022-09-01,16,AUBERRY_6_N001,AUBERRY_6_N001,AUBERRY_6_N001,RTPD,MGHG,LMP_GHG_PRC,AUBERRY_6_N001,ALL,1,0,1,5
2022-09-01T23:00:00-00:00,2022-09-01T23:15:00-00:00,2022-09-01,17,AUBERRY_6_N001,AUBERRY_6_N001,AUBERRY_6_N001,RTPD,MGHG,LMP_GHG_PRC,AUBERRY_6_N001,ALL,1,0,1,5
2022-09-02T00:00:00-00:00,2022-09-02T00:15:00-00:00,2022-09-01,18,AUBERRY_6_N001,AUBERRY_6_N001,AUBERRY_6_N001,RTPD,MGHG,LMP_GHG_PRC,AUBERRY_6_N001,ALL,1,0,1,5
2022-09-02T01:00:00-00:00,2022-09-02T01:15:00-00:00,2022-09-01,19,AUBERRY_6_N001,AUBERRY_6_N001,AUBERRY_6_N001,RTPD,MGHG,LMP_GHG_PRC,AUBERRY_6_N001,ALL,1,0,1,5
2022-09-02T02:00:00-00:00,2022-09-02T02:15:00-00:00,2022-09-01,20,AUBERRY_6_N001,AUBERRY_6_N001,AUBERRY_6_N001,RTPD,MGHG,LMP_GHG_PRC,AUBERRY_6_N001,ALL,1,0,1,5
2022-09-02T03:00:00-00:00,2022-09-02T03:15:00-00:00,2022-09-01,21,AUBERRY_6_N001,AUBERRY_6_N001,AUBERRY_6_N001,RTPD,MGHG,LMP_GHG_PRC,AUBERRY_6_N001,ALL,1,0,1,5
2022-09-02T04:00:00-00:00,2022-09-02T04:15:00-00:00,2022-09-01,22,AUBERRY_6_N001,AUBERRY_6_N001,AUBERRY_6_N001,RTPD,MGHG,LMP_GHG_PRC,AUBERRY_6_N001,ALL,1,0,1,5
2022-09-02T05:00:00-00:00,2022-09-02T05:15:00-00:00,2022-09-01,23,AUBERRY_6_N001,AUBERRY_6_N001,AUBERRY_6_N001,RTPD,MGHG,LMP_GHG_PRC,AUBERRY_6_N001,ALL,1,0,1,5
2022-09-02T06:00:00-00:00,2022-09-02T06:15:00-00:00,2022-09-01,24,AUBERRY_6_N001,AUBERRY_6_N001,AUBERRY_6_N001,RTPD,MGHG,LMP_GHG_PRC,AUBERRY_6_N001,ALL,1,0,1,5
2022-09-01T07:15:00-00:00,2022-09-01T07:30:00-00:00,2022-09-01,01,AUBERRY_6_N001,AUBERRY_6_N001,AUBERRY_6_N001,RTPD,MGHG,LMP_GHG_PRC,AUBERRY_6_N001,ALL,1,0,2,5
2022-09-01T08:15:00-00:00,2022-09-01T08:30:00-00:00,2022-09-01,02,AUBERRY_6_N001,AUBERRY_6_N001,AUBERRY_6_N001,RTPD,MGHG,LMP_GHG_PRC,AUBERRY_6_N001,ALL,1,0,2,5
2022-09-01T09:15:00-00:00,2022-09-01T09:30:00-00:00,2022-09-01,03,AUBERRY_6_N001,AUBERRY_6_N001,AUBERRY_6_N001,RTPD,MGHG,LMP_GHG_PRC,AUBERRY_6_N001,ALL,1,0,2,5
2022-09-01T10:15:00-00:00,2022-09-01T10:30:00-00:00,2022-09-01,04,AUBERRY_6_N001,AUBERRY_6_N001,AUBERRY_6_N001,RTPD,MGHG,LMP_GHG_PRC,AUBERRY_6_N001,ALL,1,0,2,5
2022-09-01T11:15:00-00:00,2022-09-01T11:30:00-00:00,2022-09-01,05,AUBERRY_6_N001,AUBERRY_6_N001,AUBERRY_6_N001,RTPD,MGHG,LMP_GHG_PRC,AUBERRY_6_N001,ALL,1,0,2,5
2022-09-01T12:15:00-00:00,2022-09-01T12:30:00-00:00,2022-09-01,06,AUBERRY_6_N001,AUBERRY_6_N001,AUBERRY_6_N001,RTPD,MGHG,LMP_GHG_PRC,AUBERRY_6_N001,ALL,1,0,2,5
2022-09-01T13:15:00-00:00,2022-09-01T13:30:00-00:00,2022-09-01,07,AUBERRY_6_N001,AUBERRY_6_N001,AUBERRY_6_N001,RTPD,MGHG,LMP_GHG_PRC,AUBERRY_6_N001,ALL,1,0,2,5
2022-09-01T14:15:00-00:00,2022-09-01T14:30:00-00:00,2022-09-01,08,AUBERRY_6_N001,AUBERRY_6_N001,AUBERRY_6_N001,RTPD,MGHG,LMP_GHG_PRC,AUBERRY_6_N001,ALL,1,0,2,5
2022-09-01T15:15:00-00:00,2022-09-01T15:30:00-00:00,2022-09-01,09,AUBERRY_6_N001,AUBERRY_6_N001,AUBERRY_6_N001,RTPD,MGHG,LMP_GHG_PRC,AUBERRY_6_N001,ALL,1,0,2,5
2022-09-01T16:15:00-00:00,2022-09-01T16:30:00-00:00,2022-09-01,10,AUBERRY_6_N001,AUBERRY_6_N001,AUBERRY_6_N001,RTPD,MGHG,LMP_GHG_PRC,AUBERRY_6_N001,ALL,1,0,2,5
2022-09-01T17:15:00-00:00,2022-09-01T17:30:00-00:00,2022-09-01,11,AUBERRY_6_N001,AUBERRY_6_N001,AUBERRY_6_N001,RTPD,MGHG,LMP_GHG_PRC,AUBERRY_6_N001,ALL,1,0,2,5
2022-09-01T18:15:00-00:00,2022-09-01T18:30:00-00:00,2022-09-01,12,AUBERRY_6_N001,AUBERRY_6_N001,AUBERRY_6_N001,RTPD,MGHG,LMP_GHG_PRC,AUBERRY_6_N001,ALL,1,0,2,5
2022-09-01T19:15:00-00:00,2022-09-01T19:30:00-00:00,2022-09-01,13,AUBERRY_6_N001,AUBERRY_6_N001,AUBERRY_6_N001,RTPD,MGHG,LMP_GHG_PRC,AUBERRY_6_N001,ALL,1,0,2,5
2022-09-01T20:15:00-00:00,2022-09-01T20:30:00-00:00,2022-09-01,14,AUBERRY_6_N001,AUBERRY_6_N001,AUBERRY_6_N001,RTPD,MGHG,LMP_GHG_PRC,AUBERRY_6_N001,ALL,1,0,2,5
2022-09-01T21:15:00-00:00,2022-09-01T21:30:00-00:00,2022-09-01,15,AUBERRY_6_N001,AUBERRY_6_N001,AUBERRY_6_N001,RTPD,MGHG,LMP_GHG_PRC,AUBERRY_6_N001,ALL,1,0,2,5
2022-09-01T22:15:00-00:00,2022-09-01T22:30:00-00:00,2022-09-01,16,AUBERRY_6_N001,AUBERRY_6_N001,AUBERRY_6_N001,RTPD,MGHG,LMP_GHG_PRC,AUBERRY_6_N001,ALL,1,0,2,5
2022-09-01T23:15:00-00:00,2022-09-01T23:30:00-00:00,2022-09-01,17,AUBERRY_6_N001,AUBERRY_6_N001,AUBERRY_6_N001,RTPD,MGHG,LMP_GHG_PRC,AUBERRY_6_N001,ALL,1,0,2,5
2022-09-02T00:15:00-00:00,2022-09-02T00:30:00-00:00,2022-09-01,18,AUBERRY_6_N001,AUBERRY_6_N001,AUBERRY_6_N001,RTPD,MGHG,LMP_GHG_PRC,AUBERRY_6_N001,ALL,1,0,2,5
2022-09-02T01:15:00-00:00,2022-09-02T01:30:00-00:00,2022-09-01,19,AUBERRY_6_N001,AUBERRY_6_N001,AUBERRY_6_N001,RTPD,MGHG,LMP_GHG_PRC,AUBERRY_6_N001,ALL,1,0,2,5
2022-09-02T02:15:00-00:00,2022-09-02T02:30:00-00:00,2022-09-01,20,AUBERRY_6_N001,AUBERRY_6_N001,AUBERRY_6_N001,RTPD,MGHG,LMP_GHG_PRC,AUBERRY_6_N001,ALL,1,0,2,5
2022-09-02T03:15:00-00:00,2022-09-02T03:30:00-00:00,2022-09-01,21,AUBERRY_6_N001,AUBERRY_6_N001,AUBERRY_6_N001,RTPD,MGHG,LMP_GHG_PRC,AUBERRY_6_N001,ALL,1,0,2,5
2022-09-02T04:15:00-00:00,2022-09-02T04:30:00-00:00,2022-09-01,22,AUBERRY_6_N001,AUBERRY_6_N001,AUBERRY_6_N001,RTPD,MGHG,LMP_GHG_PRC,AUBERRY_6_N001,ALL,1,0,2,5
2022-09-02T05:15:00-00:00,2022-09-02T05:30:00-00:00,2022-09-01,23,AUBERRY_6_N001,AUBERRY_6_N001,AUBERRY_6_N001,RTPD,MGHG,LMP_GHG_PRC,AUBERRY_6_N001,ALL,1,0,2,5
2022-09-02T06:15:00-00:00,2022-09-02T06:30:00-00:00,2022-09-01,24,AUBERRY_6_N001,AUBERRY_6_N001,AUBERRY_6_N001,RTPD,MGHG,LMP_GHG_PRC,AUBERRY_6_N001,ALL,1,0,2,5
2022-09-01T07:30:00-00:00,2022-09-01T07:45:00-00:00,2022-09-01,01,AUBERRY_6_N001,AUBERRY_6_N001,AUBERRY_6_N001,RTPD,MGHG,LMP_GHG_PRC,AUBERRY_6_N001,ALL,1,0,3,5
2022-09-01T08:30:00-00:00,2022-09-01T08:45:00-00:00,2022-09-01,02,AUBERRY_6_N001,AUBERRY_6_N001,AUBERRY_6_N001,RTPD,MGHG,LMP_GHG_PRC,AUBERRY_6_N001,ALL,1,0,3,5
2022-09-01T09:30:00-00:00,2022-09-01T09:45:00-00:00,2022-09-01,03,AUBERRY_6_N001,AUBERRY_6_N001,AUBERRY_6_N001,RTPD,MGHG,LMP_GHG_PRC,AUBERRY_6_N001,ALL,1,0,3,5
2022-09-01T10:30:00-00:00,2022-09-01T10:45:00-00:00,2022-09-01,04,AUBERRY_6_N001,AUBERRY_6_N001,AUBERRY_6_N001,RTPD,MGHG,LMP_GHG_PRC,AUBERRY_6_N001,ALL,1,0,3,5
2022-09-01T11:30:00-00:00,2022-09-01T11:45:00-00:00,2022-09-01,05,AUBERRY_6_N001,AUBERRY_6_N001,AUBERRY_6_N001,RTPD,MGHG,LMP_GHG_PRC,AUBERRY_6_N001,ALL,1,0,3,5
2022-09-01T12:30:00-00:00,2022-09-01T12:45:00-00:00,2022-09-01,06,AUBERRY_6_N001,AUBERRY_6_N001,AUBERRY_6_N001,RTPD,MGHG,LMP_GHG_PRC,AUBERRY_6_N001,ALL,1,0,3,5
2022-09-01T13:30:00-00:00,2022-09-01T13:45:00-00:00,2022-09-01,07,AUBERRY_6_N001,AUBERRY_6_N001,AUBERRY_6_N001,RTPD,MGHG,LMP_GHG_PRC,AUBERRY_6_N001,ALL,1,0,3,5
2022-09-01T14:30:00-00:00,2022-09-01T14:45:00-00:00,2022-09-01,08,AUBERRY_6_N001,AUBERRY_6_N001,AUBERRY_6_N001,RTPD,MGHG,LMP_GHG_PRC,AUBERRY_6_N001,ALL,1,0,3,5
2022-09-01T15:30:00-00:00,2022-09-01T15:45:00-00:00,2022-09-01,09,AUBERRY_6_N001,AUBERRY_6_N001,AUBERRY_6_N001,RTPD,MGHG,LMP_GHG_PRC,AUBERRY_6_N001,ALL,1,0,3,5
2022-09-01T16:30:00-00:00,2022-09-01T16:45:00-00:00,2022-09-01,10,AUBERRY_6_N001,AUBERRY_6_N001,AUBERRY_6_N001,RTPD,MGHG,LMP_GHG_PRC,AUBERRY_6_N001,ALL,1,0,3,5
2022-09-01T17:30:00-00:00,2022-09-01T17:45:00-00:00,2022-09-01,11,AUBERRY_6_N001,AUBERRY_6_N001,AUBERRY_6_N001,RTPD,MGHG,LMP_GHG_PRC,AUBERRY_6_N001,ALL,1,0,3,5
2022-09-01T18:30:00-00:00,2022-09-01T18:45:00-00:00,2022-09-01,12,AUBERRY_6_N001,AUBERRY_6_N001,AUBERRY_6_N001,RTPD,MGHG,LMP_GHG_PRC,AUBERRY_6_N001,ALL,1,0,3,5
2022-09-01T19:30:00-00:00,2022-09-01T19:45:00-00:00,2022-09-01,13,AUBERRY_6_N001,AUBERRY_6_N001,AUBERRY_6_N001,RTPD,MGHG,LMP_GHG_PRC,AUBERRY_6_N001,ALL,1,0,3,5
2022-09-01T20:30:00-00:00,2022-09-01T20:45:00-00:00,2022-09-01,14,AUBERRY_6_N001,AUBERRY_6_N001,AUBERRY_6_N001,RTPD,MGHG,LMP_GHG_PRC,AUBERRY_6_N001,ALL,1,0,3,5
2022-09-01T21:30:00-00:00,2022-09-01T21:45:00-00:00,2022-09-01,15,AUBERRY_6_N001,AUBERRY_6_N001,AUBERRY_6_N001,RTPD,MGHG,LMP_GHG_PRC,AUBERRY_6_N001,ALL,1,0,3,5
2022-09-01T22:30:00-00:00,2022-09-01T22:45:00-00:00,2022-09-01,16,AUBERRY_6_N001,AUBERRY_6_N001,AUBERRY_6_N001,RTPD,MGHG,LMP_GHG_PRC,AUBERRY_6_N001,ALL,1,0,3,5
2022-09-01T23:30:00-00:00,2022-09-01T23:45:00-00:00,2022-09-01,17,AUBERRY_6_N001,AUBERRY_6_N001,AUBERRY_6_N001,RTPD,MGHG,LMP_GHG_PRC,AUBERRY_6_N001,ALL,1,0,3,5
2022-09-02T00:30:00-00:00,2022-09-02T00:45:00-00:00,2022-09-01,18,AUBERRY_6_N001,AUBERRY_6_N001,AUBERRY_6_N001,RTPD,MGHG,LMP_GHG_PRC,AUBERRY_6_N001,ALL,1,0,3,5
2022-09-02T01:30:00-00:00,2022-09-02T01:45:00-00:00,2022-09-01,19,AUBERRY_6_N001,AUBERRY_6_N001,AUBERRY_6_N001,RTPD,MGHG,LMP_GHG_PRC,AUBERRY_6_N001,ALL,1,0,3,5
2022-09-02T02:30:00-00:00,2022-09-02T02:45:00-00:00,2022-09-01,20,AUBERRY_6_N001,AUBERRY_6_N001,AUBERRY_6_N001,RTPD,MGHG,LMP_GHG_PRC,AUBERRY_6_N001,ALL,1,0,3,5
2022-09-02T03:30:00-00:00,2022-09-02T03:45:00-00:00,2022-09-01,21,AUBERRY_6_N001,AUBERRY_6_N001,AUBERRY_6_N001,RTPD,MGHG,LMP_GHG_PRC,AUBERRY_6_N001,ALL,1,0,3,5
2022-09-02T04:30:00-00:00,2022-09-02T04:45:00-00:00,2022-09-01,22,AUBERRY_6_N001,AUBERRY_6_N001,AUBERRY_6_N001,RTPD,MGHG,LMP_GHG_PRC,AUBERRY_6_N001,ALL,1,0,3,5
2022-09-02T05:30:00-00:00,2022-09-02T05:45:00-00:00,2022-09-01,23,AUBERRY_6_N001,AUBERRY_6_N001,AUBERRY_6_N001,RTPD,MGHG,LMP_GHG_PRC,AUBERRY_6_N001,ALL,1,0,3,5
2022-09-02T06:30:00-00:00,2022-09-02T06:45:00-00:00,2022-09-01,24,AUBERRY_6_N001,AUBERRY_6_N001,AUBERRY_6_N001,RTPD,MGHG,LMP_GHG_PRC,AUBERRY_6_N001,ALL,1,0,3,5
2022-09-01T07:45:00-00:00,2022-09-01T08:00:00-00:00,2022-09-01,01,AUBERRY_6_N001,AUBERRY_6_N001,AUBERRY_6_N001,RTPD,MGHG,LMP_GHG_PRC,AUBERRY_6_N001,ALL,1,0,4,5
2022-09-01T08:45:00-00:00,2022-09-01T09:00:00-00:00,2022-09-01,02,AUBERRY_6_N001,AUBERRY_6_N001,AUBERRY_6_N001,RTPD,MGHG,LMP_GHG_PRC,AUBERRY_6_N001,ALL,1,0,4,5
2022-09-01T09:45:00-00:00,2022-09-01T10:00:00-00:00,2022-09-01,03,AUBERRY_6_N001,AUBERRY_6_N001,AUBERRY_6_N001,RTPD,MGHG,LMP_GHG_PRC,AUBERRY_6_N001,ALL,1,0,4,5
2022-09-01T10:45:00-00:00,2022-09-01T11:00:00-00:00,2022-09-01,04,AUBERRY_6_N001,AUBERRY_6_N001,AUBERRY_6_N001,RTPD,MGHG,LMP_GHG_PRC,AUBERRY_6_N001,ALL,1,0,4,5
2022-09-01T11:45:00-00:00,2022-09-01T12:00:00-00:00,2022-09-01,05,AUBERRY_6_N001,AUBERRY_6_N001,AUBERRY_6_N001,RTPD,MGHG,LMP_GHG_PRC,AUBERRY_6_N001,ALL,1,0,4,5
2022-09-01T12:45:00-00:00,2022-09-01T13:00:00-00:00,2022-09-01,06,AUBERRY_6_N001,AUBERRY_6_N001,AUBERRY_6_N001,RTPD,MGHG,LMP_GHG_PRC,AUBERRY_6_N001,ALL,1,0,4,5
2022-09-01T13:45:00-00:00,2022-09-01T14:00:00-00:00,2022-09-01,07,AUBERRY_6_N001,AUBERRY_6_N001,AUBERRY_6_N001,RTPD,MGHG,LMP_GHG_PRC,AUBERRY_6_N001,ALL,1,0,4,5
2022-09-01T14:45:00-00:00,2022-09-01T15:00:00-00:00,2022-09-01,08,AUBERRY_6_N001,AUBERRY_6_N001,AUBERRY_6_N001,RTPD,MGHG,LMP_GHG_PRC,AUBERRY_6_N001,ALL,1,0,4,5
2022-09-01T15:45:00-00:00,2022-09-01T16:00:00-00:00,2022-09-01,09,AUBERRY_6_N001,AUBERRY_6_N001,AUBERRY_6_N001,RTPD,MGHG,LMP_GHG_PRC,AUBERRY_6_N001,ALL,1,0,4,5
2022-09-01T16:45:00-00:00,2022-09-01T17:00:00-00:00,2022-09-01,10,AUBERRY_6_N001,AUBERRY_6_N001,AUBERRY_6_N001,RTPD,MGHG,LMP_GHG_PRC,AUBERRY_6_N001,ALL,1,0,4,5
2022-09-01T17:45:00-00:00,2022-09-01T18:00:00-00:00,2022-09-01,11,AUBERRY_6_N001,AUBERRY_6_N001,AUBERRY_6_N001,RTPD,MGHG,LMP_GHG_PRC,AUBERRY_6_N001,ALL,1,0,4,5
2022-09-01T18:45:00-00:00,2022-09-01T19:00:00-00:00,2022-09-01,12,AUBERRY_6_N001,AUBERRY_6_N001,AUBERRY_6_N001,RTPD,MGHG,LMP_GHG_PRC,AUBERRY_6_N001,ALL,1,0,4,5
2022-09-01T19:45:00-00:00,2022-09-01T20:00:00-00:00,2022-09-01,13,AUBERRY_6_N001,AUBERRY_6_N001,AUBERRY_6_N001,RTPD,MGHG,LMP_GHG_PRC,AUBERRY_6_N001,ALL,1,0,4,5
2022-09-01T20:45:00-00:00,2022-09-01T21:00:00-00:00,2022-09-01,14,AUBERRY_6_N001,AUBERRY_6_N001,AUBERRY_6_N001,RTPD,MGHG,LMP_GHG_PRC,AUBERRY_6_N001,ALL,1,0,4,5
2022-09-01T21:45:00-00:00,2022-09-01T22:00:00-00:00,2022-09-01,15,AUBERRY_6_N001,AUBERRY_6_N001,AUBERRY_6_N001,RTPD,MGHG,LMP_GHG_PRC,AUBERRY_6_N001,ALL,1,0,4,5
2022-09-01T22:45:00-00:00,2022-09-01T23:00:00-00:00,2022-09-01,16,AUBERRY_6_N001,AUBERRY_6_N001,AUBERRY_6_N001,RTPD,MGHG,LMP_GHG_PRC,AUBERRY_6_N001,ALL,1,0,4,5
2022-09-01T23:45:00-00:00,2022-09-02T00:00:00-00:00,2022-09-01,17,AUBERRY_6_N001,AUBERRY_6_N001,AUBERRY_6_N001,RTPD,MGHG,LMP_GHG_PRC,AUBERRY_6_N001,ALL,1,0,4,5
2022-09-02T00:45:00-00:00,2022-09-02T01:00:00-00:00,2022-09-01,18,AUBERRY_6_N001,AUBERRY_6_N001,AUBERRY_6_N001,RTPD,MGHG,LMP_GHG_PRC,AUBERRY_6_N001,ALL,1,0,4,5
2022-09-02T01:45:00-00:00,2022-09-02T02:00:00-00:00,2022-09-01,19,AUBERRY_6_N001,AUBERRY_6_N001,AUBERRY_6_N001,RTPD,MGHG,LMP_GHG_PRC,AUBERRY_6_N001,ALL,1,0,4,5
2022-09-02T02:45:00-00:00,2022-09-02T03:00:00-00:00,2022-09-01,20,AUBERRY_6_N001,AUBERRY_6_N001,AUBERRY_6_N001,RTPD,MGHG,LMP_GHG_PRC,AUBERRY_6_N001,ALL,1,0,4,5
2022-09-02T03:45:00-00:00,2022-09-02T04:00:00-00:00,2022-09-01,21,AUBERRY_6_N001,AUBERRY_6_N001,AUBERRY_6_N001,RTPD,MGHG,LMP_GHG_PRC,AUBERRY_6_N001,ALL,1,0,4,5
2022-09-02T04:45:00-00:00,2022-09-02T05:00:00-00:00,2022-09-01,22,AUBERRY_6_N001,AUBERRY_6_N001,AUBERRY_6_N001,RTPD,MGHG,LMP_GHG_PRC,AUBERRY_6_N001,ALL,1,0,4,5
2022-09-02T05:45:00-00:00,2022-09-02T06:00:00-00:00,2022-09-01,23,AUBERRY_6_N001,AUBERRY_6_N001,AUBERRY_6_N001,RTPD,MGHG,LMP_GHG_PRC,AUBERRY_6_N001,ALL,1,0,4,5
2022-09-02T06:45:00-00:00,2022-09-02T07:00:00-00:00,2022-09-01,24,AUBERRY_6_N001,AUBERRY_6_N001,AUBERRY_6_N001,RTPD,MGHG,LMP_GHG_PRC,AUBERRY_6_N001,ALL,1,0,4,5
