INTERVALSTARTTIME_GMT,INTERVALENDTIME_GMT,OPR_DT,OPR_HR,NODE_ID_XML,NODE_ID,NODE,MARKET_RUN_ID,LMP_TYPE,XML_DATA_ITEM,PNODE_RESMRID,GRP_TYPE,POS,PRC,OPR_INTERVAL,GROUP
2022-09-01T07:00:00-00:00,2022-09-01T07:15:00-00:00,2022-09-01,01,BASALT_6_N101,BASALT_6_N101,BASALT_6_N101,RTPD,LMP,LMP_PRC,BASALT_6_N101,ALL,1,82.75327,1,1
2022-09-01T08:00:00-00:00,2022-09-01T08:15:00-00:00,2022-09-01,02,BASALT_6_N101,BASALT_6_N101,BASALT_6_N101,RTPD,LMP,LMP_PRC,BASALT_6_N101,ALL,1,112.2353,1,1
2022-09-01T09:00:00-00:00,2022-09-01T09:15:00-00:00,2022-09-01,03,BASALT_6_N101,BASALT_6_N101,BASALT_6_N101,RTPD,LMP,LMP_PRC,BASALT_6_N101,ALL,1,93.88468,1,1
2022-09-01T10:00:00-00:00,2022-09-01T10:15:00-00:00,2022-09-01,04,BASALT_6_N101,BASALT_6_N101,BASALT_6_N101,RTPD,LMP,LMP_PRC,BASALT_6_N101,ALL,1,93.62049,1,1
2022-09-01T11:00:00-00:00,2022-09-01T11:15:00-00:00,2022-09-01,05,BASALT_6_N101,BASALT_6_N101,BASALT_6_N101,RTPD,LMP,LMP_PRC,BASALT_6_N101,ALL,1,101.63521,1,1
2022-09-01T12:00:00-00:00,2022-09-01T12:15:00-00:00,2022-09-01,06,BASALT_6_N101,BASALT_6_N101,BASALT_6_N101,RTPD,LMP,LMP_PRC,BASALT_6_N101,ALL,1,85.96428,1,1
2022-09-01T13:00:00-00:00,2022-09-01T13:15:00-00:00,2022-09-01,07,BASALT_6_N101,BASALT_6_N101,BASALT_6_N101,RTPD,LMP,LMP_PRC,BASALT_6_N101,ALL,1,88.76703,1,1
2022-09-01T14:00:00-00:00,2022-09-01T14:15:00-00:00,2022-09-01,08,BASALT_6_N101,BASALT_6_N101,BASALT_6_N101,RTPD,LMP,LMP_PRC,BASALT_6_N101,ALL,1,111.98997,1,1
2022-09-01T15:00:00-00:00,2022-09-01T15:15:00-00:00,2022-09-01,09,BASALT_6_N101,BASALT_6_N101,BASALT_6_N101,RTPD,LMP,LMP_PRC,BASALT_6_N101,ALL,1,97.4112,1,1
2022-09-01T16:00:00-00:00,2022-09-01T16:15:00-00:00,2022-09-01,10,BASALT_6_N101,BASALT_6_N101,BASALT_6_N101,RTPD,LMP,LMP_PRC,BASALT_6_N101,ALL,1,83.43525,1,1
2022-09-01T17:00:00-00:00,2022-09-01T17:15:00-00:00,2022-09-01,11,BASALT_6_N101,BASALT_6_N101,BASALT_6_N101,RTPD,LMP,LMP_PRC,BASALT_6_N101,ALL,1,80.49147,1,1
2022-09-01T18:00:00-00:00,2022-09-01T18:15:00-00:00,2022-09-01,12,BASALT_6_N101,BASALT_6_N101,BASALT_6_N101,RTPD,LMP,LMP_PRC,BASALT_6_N101,ALL,1,59.63054,1,1
2022-09-01T19:00:00-00:00,2022-09-01T19:15:00-00:00,2022-09-01,13,BASALT_6_N101,BASALT_6_N101,BASALT_6_N101,RTPD,LMP,LMP_PRC,BASALT_6_N101,ALL,1,73.71924,1,1
2022-09-01T20:00:00-00:00,2022-09-01T20:15:00-00:00,2022-09-01,14,BASALT_6_N101,BASALT_6_N101,BASALT_6_N101,RTPD,LMP,LMP_PRC,BASALT_6_N101,ALL,1,114.45554,1,1
2022-09-01T21:00:00-00:00,2022-09-01T21:15:00-00:00,2022-09-01,15,BASALT_6_N101,BASALT_6_N101,BASALT_6_N101,RTPD,LMP,LMP_PRC,BASALT_6_N101,ALL,1,128.4183,1,1
2022-09-01T22:00:00-00:00,2022-09-01T22:15:00-00:00,2022-09-01,16,BASALT_6_N101,BASALT_6_N101,BASALT_6_N101,RTPD,LMP,LMP_PRC,BASALT_6_N101,ALL,1,122.85217,1,1
2022-09-01T23:00:00-00:00,2022-09-01T23:15:00-00:00,2022-09-01,17,BASALT_6_N101,BASALT_6_N101,BASALT_6_N101,RTPD,LMP,LMP_PRC,BASALT_6_N101,ALL,1,221.81348,1,1
2022-09-02T00:00:00-00:00,2022-09-02T00:15:00-00:00,2022-09-01,18,BASALT_6_N101,BASALT_6_N101,BASALT_6_N101,RTPD,LMP,LMP_PRC,BASALT_6_N101,ALL,1,1176.6761,1,1
2022-09-02T01:00:00-00:00,2022-09-02T01:15:00-00:00,2022-09-01,19,BASALT_6_N101,BASALT_6_N101,BASALT_6_N101,RTPD,LMP,LMP_PRC,BASALT_6_N101,ALL,1,1291.0516,1,1
2022-09-02T02:00:00-00:00,2022-09-02T02:15:00-00:00,2022-09-01,20,BASALT_6_N101,BASALT_6_N101,BASALT_6_N101,RTPD,LMP,LMP_PRC,BASALT_6_N101,ALL,1,1991.6721,1,1
2022-09-02T03:00:00-00:00,2022-09-02T03:15:00-00:00,2022-09-01,21,BASALT_6_N101,BASALT_6_N101,BASALT_6_N101,RTPD,LMP,LMP_PRC,BASALT_6_N101,ALL,1,1407.9082,1,1
2022-09-02T04:00:00-00:00,2022-09-02T04:15:00-00:00,2022-09-01,22,BASALT_6_N101,BASALT_6_N101,BASALT_6_N101,RTPD,LMP,LMP_PRC,BASALT_6_N101,ALL,1,260.38254,1,1
2022-09-02T05:00:00-00:00,2022-09-02T05:15:00-00:00,2022-09-01,23,BASALT_6_N101,BASALT_6_N101,BASALT_6_N101,RTPD,LMP,LMP_PRC,BASALT_6_N101,ALL,1,185.40887,1,1
2022-09-02T06:00:00-00:00,2022-09-02T06:15:00-00:00,2022-09-01,24,BASALT_6_N101,BASALT_6_N101,BASALT_6_N101,RTPD,LMP,LMP_PRC,BASALT_6_N101,ALL,1,159.13708,1,1
2022-09-01T07:15:00-00:00,2022-09-01T07:30:00-00:00,2022-09-01,01,BASALT_6_N101,BASALT_6_N101,BASALT_6_N101,RTPD,LMP,LMP_PRC,BASALT_6_N101,ALL,1,115.6405,2,1
2022-09-01T08:15:00-00:00,2022-09-01T08:30:00-00:00,2022-09-01,02,BASALT_6_N101,BASALT_6_N101,BASALT_6_N101,RTPD,LMP,LMP_PRC,BASALT_6_N101,ALL,1,114.62721,2,1
2022-09-01T09:15:00-00:00,2022-09-01T09:30:00-00:00,2022-09-01,03,BASALT_6_N101,BASALT_6_N101,BASALT_6_N101,RTPD,LMP,LMP_PRC,BASALT_6_N101,ALL,1,91.11737,2,1
2022-09-01T10:15:00-00:00,2022-09-01T10:30:00-00:00,2022-09-01,04,BASALT_6_N101,BASALT_6_N101,BASALT_6_N101,RTPD,LMP,LMP_PRC,BASALT_6_N101,ALL,1,90.43684,2,1
2022-09-01T11:15:00-00:00,2022-09-01T11:30:00-00:00,2022-09-01,05,BASALT_6_N101,BASALT_6_N101,BASALT_6_N101,RTPD,LMP,LMP_PRC,BASALT_6_N101,ALL,1,102.13185,2,1
2022-09-01T12:15:00-00:00,2022-09-01T12:30:00-00:00,2022-09-01,06,BASALT_6_N101,BASALT_6_N101,BASALT_6_N101,RTPD,LMP,LMP_PRC,BASALT_6_N101,ALL,1,102.28171,2,1
2022-09-01T13:15:00-00:00,2022-09-01T13:30:00-00:00,2022-09-01,07,BASALT_6_N101,BASALT_6_N101,BASALT_6_N101,RTPD,LMP,LMP_PRC,BASALT_6_N101,ALL,1,109.24367,2,1
2022-09-01T14:15:00-00:00,2022-09-01T14:30:00-00:00,2022-09-01,08,BASALT_6_N101,BASALT_6_N101,BASALT_6_N101,RTPD,LMP,LMP_PRC,BASALT_6_N101,ALL,1,105.47903,2,1
2022-09-01T15:15:00-00:00,2022-09-01T15:30:00-00:00,2022-09-01,09,BASALT_6_N101,BASALT_6_N101,BASALT_6_N101,RTPD,LMP,LMP_PRC,BASALT_6_N101,ALL,1,86.9388,2,1
2022-09-01T16:15:00-00:00,2022-09-01T16:30:00-00:00,2022-09-01,10,BASALT_6_N101,BASALT_6_N101,BASALT_6_N101,RTPD,LMP,LMP_PRC,BASALT_6_N101,ALL,1,87.82827,2,1
2022-09-01T17:15:00-00:00,2022-09-01T17:30:00-00:00,2022-09-01,11,BASALT_6_N101,BASALT_6_N101,BASALT_6_N101,RTPD,LMP,LMP_PRC,BASALT_6_N101,ALL,1,79.19098,2,1
2022-09-01T18:15:00-00:00,2022-09-01T18:30:00-00:00,2022-09-01,12,BASALT_6_N101,BASALT_6_N101,BASALT_6_N101,RTPD,LMP,LMP_PRC,BASALT_6_N101,ALL,1,74.99125,2,1
2022-09-01T19:15:00-00:00,2022-09-01T19:30:00-00:00,2022-09-01,13,BASALT_6_N101,BASALT_6_N101,BASALT_6_N101,RTPD,LMP,LMP_PRC,BASALT_6_N101,ALL,1,76.09142,2,1
2022-09-01T20:15:00-00:00,2022-09-01T20:30:00-00:00,2022-09-01,14,BASALT_6_N101,BASALT_6_N101,BASALT_6_N101,RTPD,LMP,LMP_PRC,BASALT_6_N101,ALL,1,114.35315,2,1
2022-09-01T21:15:00-00:00,2022-09-01T21:30:00-00:00,2022-09-01,15,BASALT_6_N101,BASALT_6_N101,BASALT_6_N101,RTPD,LMP,LMP_PRC,BASALT_6_N101,ALL,1,120.67363,2,1
2022-09-01T22:15:00-00:00,2022-09-01T22:30:00-00:00,2022-09-01,16,BASALT_6_N101,BASALT_6_N101,BASALT_6_N101,RTPD,LMP,LMP_PRC,BASALT_6_N101,ALL,1,139.93806,2,1
2022-09-01T23:15:00-00:00,2022-09-01T23:30:00-00:00,2022-09-01,17,BASALT_6_N101,BASALT_6_N101,BASALT_6_N101,RTPD,LMP,LMP_PRC,BASALT_6_N101,ALL,1,268.81943,2,1
2022-09-02T00:15:00-00:00,2022-09-02T00:30:00-00:00,2022-09-01,18,BASALT_6_N101,BASALT_6_N101,BASALT_6_N101,RTPD,LMP,LMP_PRC,BASALT_6_N101,ALL,1,1083.9932,2,1
2022-09-02T01:15:00-00:00,2022-09-02T01:30:00-00:00,2022-09-01,19,BASALT_6_N101,BASALT_6_N101,BASALT_6_N101,RTPD,LMP,LMP_PRC,BASALT_6_N101,ALL,1,1999.9933,2,1
2022-09-02T02:15:00-00:00,2022-09-02T02:30:00-00:00,2022-09-01,20,BASALT_6_N101,BASALT_6_N101,BASALT_6_N101,RTPD,LMP,LMP_PRC,BASALT_6_N101,ALL,1,1991.6721,2,1
2022-09-02T03:15:00-00:00,2022-09-02T03:30:00-00:00,2022-09-01,21,BASALT_6_N101,BASALT_6_N101,BASALT_6_N101,RTPD,LMP,LMP_PRC,BASALT_6_N101,ALL,1,574.7404,2,1
2022-09-02T04:15:00-00:00,2022-09-02T04:30:00-00:00,2022-09-01,22,BASALT_6_N101,BASALT_6_N101,BASALT_6_N101,RTPD,LMP,LMP_PRC,BASALT_6_N101,ALL,1,226.77316,2,1
2022-09-02T05:15:00-00:00,2022-09-02T05:30:00-00:00,2022-09-01,23,BASALT_6_N101,BASALT_6_N101,BASALT_6_N101,RTPD,LMP,LMP_PRC,BASALT_6_N101,ALL,1,158.29826,2,1
2022-09-02T06:15:00-00:00,2022-09-02T06:30:00-00:00,2022-09-01,24,BASALT_6_N101,BASALT_6_N101,BASALT_6_N101,RTPD,LMP,LMP_PRC,BASALT_6_N101,ALL,1,142.12743,2,1
2022-09-01T07:30:00-00:00,2022-09-01T07:45:00-00:00,2022-09-01,01,BASALT_6_N101,BASALT_6_N101,BASALT_6_N101,RTPD,LMP,LMP_PRC,BASALT_6_N101,ALL,1,103.01329,3,1
2022-09-01T08:30:00-00:00,2022-09-01T08:45:00-00:00,2022-09-01,02,BASALT_6_N101,BASALT_6_N101,BASALT_6_N101,RTPD,LMP,LMP_PRC,BASALT_6_N101,ALL,1,109.9671,3,1
2022-09-01T09:30:00-00:00,2022-09-01T09:45:00-00:00,2022-09-01,03,BASALT_6_N101,BASALT_6_N101,BASALT_6_N101,RTPD,LMP,LMP_PRC,BASALT_6_N101,ALL,1,90.86159,3,1
2022-09-01T10:30:00-00:00,2022-09-01T10:45:00-00:00,2022-09-01,04,BASALT_6_N101,BASALT_6_N101,BASALT_6_N101,RTPD,LMP,LMP_PRC,BASALT_6_N101,ALL,1,92.2693,3,1
2022-09-01T11:30:00-00:00,2022-09-01T11:45:00-00:00,2022-09-01,05,BASALT_6_N101,BASALT_6_N101,BASALT_6_N101,RTPD,LMP,LMP_PRC,BASALT_6_N101,ALL,1,102.22718,3,1
2022-09-01T12:30:00-00:00,2022-09-01T12:45:00-00:00,2022-09-01,06,BASALT_6_N101,BASALT_6_N101,BASALT_6_N101,RTPD,LMP,LMP_PRC,BASALT_6_N101,ALL,1,102.17516,3,1
2022-09-01T13:30:00-00:00,2022-09-01T13:45:00-00:00,2022-09-01,07,BASALT_6_N101,BASALT_6_N101,BASALT_6_N101,RTPD,LMP,LMP_PRC,BASALT_6_N101,ALL,1,110.58348,3,1
2022-09-01T14:30:00-00:00,2022-09-01T14:45:00-00:00,2022-09-01,08,BASALT_6_N101,BASALT_6_N101,BASALT_6_N101,RTPD,LMP,LMP_PRC,BASALT_6_N101,ALL,1,102.81189,3,1
2022-09-01T15:30:00-00:00,2022-09-01T15:45:00-00:00,2022-09-01,09,BASALT_6_N101,BASALT_6_N101,BASALT_6_N101,RTPD,LMP,LMP_PRC,BASALT_6_N101,ALL,1,86.1388,3,1
2022-09-01T16:30:00-00:00,2022-09-01T16:45:00-00:00,2022-09-01,10,BASALT_6_N101,BASALT_6_N101,BASALT_6_N101,RTPD,LMP,LMP_PRC,BASALT_6_N101,ALL,1,75.22849,3,1
2022-09-01T17:30:00-00:00,2022-09-01T17:45:00-00:00,2022-09-01,11,BASALT_6_N101,BASALT_6_N101,BASALT_6_N101,RTPD,LMP,LMP_PRC,BASALT_6_N101,ALL,1,79.00925,3,1
2022-09-01T18:30:00-00:00,2022-09-01T18:45:00-00:00,2022-09-01,12,BASALT_6_N101,BASALT_6_N101,BASALT_6_N101,RTPD,LMP,LMP_PRC,BASALT_6_N101,ALL,1,79.76747,3,1
2022-09-01T19:30:00-00:00,2022-09-01T19:45:00-00:00,2022-09-01,13,BASALT_6_N101,BASALT_6_N101,BASALT_6_N101,RTPD,LMP,LMP_PRC,BASALT_6_N101,ALL,1,101.53897,3,1
2022-09-01T20:30:00-00:00,2022-09-01T20:45:00-00:00,2022-09-01,14,BASALT_6_N101,BASALT_6_N101,BASALT_6_N101,RTPD,LMP,LMP_PRC,BASALT_6_N101,ALL,1,117.1425,3,1
2022-09-01T21:30:00-00:00,2022-09-01T21:45:00-00:00,2022-09-01,15,BASALT_6_N101,BASALT_6_N101,BASALT_6_N101,RTPD,LMP,LMP_PRC,BASALT_6_N101,ALL,1,128.55132,3,1
2022-09-01T22:30:00-00:00,2022-09-01T22:45:00-00:00,2022-09-01,16,BASALT_6_N101,BASALT_6_N101,BASALT_6_N101,RTPD,LMP,LMP_PRC,BASALT_6_N101,ALL,1,157.75508,3,1
2022-09-01T23:30:00-00:00,2022-09-01T23:45:00-00:00,2022-09-01,17,BASALT_6_N101,BASALT_6_N101,BASALT_6_N101,RTPD,LMP,LMP_PRC,BASALT_6_N101,ALL,1,566.48157,3,1
2022-09-02T00:30:00-00:00,2022-09-02T00:45:00-00:00,2022-09-01,18,BASALT_6_N101,BASALT_6_N101,BASALT_6_N101,RTPD,LMP,LMP_PRC,BASALT_6_N101,ALL,1,1849.4398,3,1
2022-09-02T01:30:00-00:00,2022-09-02T01:45:00-00:00,2022-09-01,19,BASALT_6_N101,BASALT_6_N101,BASALT_6_N101,RTPD,LMP,LMP_PRC,BASALT_6_N101,ALL,1,1999.9956,3,1
2022-09-02T02:30:00-00:00,2022-09-02T02:45:00-00:00,2022-09-01,20,BASALT_6_N101,BASALT_6_N101,BASALT_6_N101,RTPD,LMP,LMP_PRC,BASALT_6_N101,ALL,1,1991.671,3,1
2022-09-02T03:30:00-00:00,2022-09-02T03:45:00-00:00,2022-09-01,21,BASALT_6_N101,BASALT_6_N101,BASALT_6_N101,RTPD,LMP,LMP_PRC,BASALT_6_N101,ALL,1,228.7045,3,1
2022-09-02T04:30:00-00:00,2022-09-02T04:45:00-00:00,2022-09-01,22,BASALT_6_N101,BASALT_6_N101,BASALT_6_N101,RTPD,LMP,LMP_PRC,BASALT_6_N101,ALL,1,180.89505,3,1
2022-09-02T05:30:00-00:00,2022-09-02T05:45:00-00:00,2022-09-01,23,BASALT_6_N101,BASALT_6_N101,BASALT_6_N101,RTPD,LMP,LMP_PRC,BASALT_6_N101,ALL,1,132.19963,3,1
2022-09-02T06:30:00-00:00,2022-09-02T06:45:00-00:00,2022-09-01,24,BASALT_6_N101,BASALT_6_N101,BASALT_6_N101,RTPD,LMP,LMP_PRC,BASALT_6_N101,ALL,1,128.87102,3,1
2022-09-01T07:45:00-00:00,2022-09-01T08:00:00-00:00,2022-09-01,01,BASALT_6_N101,BASALT_6_N101,BASALT_6_N101,RTPD,LMP,LMP_PRC,BASALT_6_N101,ALL,1,90.86228,4,1
2022-09-01T08:45:00-00:00,2022-09-01T09:00:00-00:00,2022-09-01,02,BASALT_6_N101,BASALT_6_N101,BASALT_6_N101,RTPD,LMP,LMP_PRC,BASALT_6_N101,ALL,1,93.28128,4,1
2022-09-01T09:45:00-00:00,2022-09-01T10:00:00-00:00,2022-09-01,03,BASALT_6_N101,BASALT_6_N101,BASALT_6_N101,RTPD,LMP,LMP_PRC,BASALT_6_N101,ALL,1,90.83592,4,1
2022-09-01T10:45:00-00:00,2022-09-01T11:00:00-00:00,2022-09-01,04,BASALT_6_N101,BASALT_6_N101,BASALT_6_N101,RTPD,LMP,LMP_PRC,BASALT_6_N101,ALL,1,92.49655,4,1
2022-09-01T11:45:00-00:00,2022-09-01T12:00:00-00:00,2022-09-01,05,BASALT_6_N101,BASALT_6_N101,BASALT_6_N101,RTPD,LMP,LMP_PRC,BASALT_6_N101,ALL,1,107.01,4,1
2022-09-01T12:45:00-00:00,2022-09-01T13:00:00-00:00,2022-09-01,06,BASALT_6_N101,BASALT_6_N101,BASALT_6_N101,RTPD,LMP,LMP_PRC,BASALT_6_N101,ALL,1,114.16187,4,1
2022-09-01T13:45:00-00:00,2022-09-01T14:00:00-00:00,2022-09-01,07,BASALT_6_N101,BASALT_6_N101,BASALT_6_N101,RTPD,LMP,LMP_PRC,BASALT_6_N101,ALL,1,111.41,4,1
2022-09-01T14:45:00-00:00,2022-09-01T15:00:00-00:00,2022-09-01,08,BASALT_6_N101,BASALT_6_N101,BASALT_6_N101,RTPD,LMP,LMP_PRC,BASALT_6_N101,ALL,1,86.1388,4,1
2022-09-01T15:45:00-00:00,2022-09-01T16:00:00-00:00,2022-09-01,09,BASALT_6_N101,BASALT_6_N101,BASALT_6_N101,RTPD,LMP,LMP_PRC,BASALT_6_N101,ALL,1,78.70076,4,1
2022-09-01T16:45:00-00:00,2022-09-01T17:00:00-00:00,2022-09-01,10,BASALT_6_N101,BASALT_6_N101,BASALT_6_N101,RTPD,LMP,LMP_PRC,BASALT_6_N101,ALL,1,79.03029,4,1
2022-09-01T17:45:00-00:00,2022-09-01T18:00:00-00:00,2022-09-01,11,BASALT_6_N101,BASALT_6_N101,BASALT_6_N101,RTPD,LMP,LMP_PRC,BASALT_6_N101,ALL,1,79.28606,4,1
2022-09-01T18:45:00-00:00,2022-09-01T19:00:00-00:00,2022-09-01,12,BASALT_6_N101,BASALT_6_N101,BASALT_6_N101,RTPD,LMP,LMP_PRC,BASALT_6_N101,ALL,1,81.85539,4,1
2022-09-01T19:45:00-00:00,2022-09-01T20:00:00-00:00,2022-09-01,13,BASALT_6_N101,BASALT_6_N101,BASALT_6_N101,RTPD,LMP,LMP_PRC,BASALT_6_N101,ALL,1,106.66027,4,1
2022-09-01T20:45:00-00:00,2022-09-01T21:00:00-00:00,2022-09-01,14,BASALT_6_N101,BASALT_6_N101,BASALT_6_N101,RTPD,LMP,LMP_PRC,BASALT_6_N101,ALL,1,125.9584,4,1
2022-09-01T21:45:00-00:00,2022-09-01T22:00:00-00:00,2022-09-01,15,BASALT_6_N101,BASALT_6_N101,BASALT_6_N101,RTPD,LMP,LMP_PRC,BASALT_6_N101,ALL,1,211.72246,4,1
2022-09-01T22:45:00-00:00,2022-09-01T23:00:00-00:00,2022-09-01,16,BASALT_6_N101,BASALT_6_N101,BASALT_6_N101,RTPD,LMP,LMP_PRC,BASALT_6_N101,ALL,1,175.16277,4,1
2022-09-01T23:45:00-00:00,2022-09-02T00:00:00-00:00,2022-09-01,17,BASALT_6_N101,BASALT_6_N101,BASALT_6_N101,RTPD,LMP,LMP_PRC,BASALT_6_N101,ALL,1,1714.4443,4,1
2022-09-02T00:45:00-00:00,2022-09-02T01:00:00-00:00,2022-09-01,18,BASALT_6_N101,BASALT_6_N101,BASALT_6_N101,RTPD,LMP,LMP_PRC,BASALT_6_N101,ALL,1,1846.7527,4,1
2022-09-02T01:45:00-00:00,2022-09-02T02:00:00-00:00,2022-09-01,19,BASALT_6_N101,BASALT_6_N101,BASALT_6_N101,RTPD,LMP,LMP_PRC,BASALT_6_N101,ALL,1,1991.9337,4,1
2022-09-02T02:45:00-00:00,2022-09-02T03:00:00-00:00,2022-09-01,20,BASALT_6_N101,BASALT_6_N101,BASALT_6_N101,RTPD,LMP,LMP_PRC,BASALT_6_N101,ALL,1,1843.9069,4,1
2022-09-02T03:45:00-00:00,2022-09-02T04:00:00-00:00,2022-09-01,21,BASALT_6_N101,BASALT_6_N101,BASALT_6_N101,RTPD,LMP,LMP_PRC,BASALT_6_N101,ALL,1,165.8281,4,1
2022-09-02T04:45:00-00:00,2022-09-02T05:00:00-00:00,2022-09-01,22,BASALT_6_N101,BASALT_6_N101,BASALT_6_N101,RTPD,LMP,LMP_PRC,BASALT_6_N101,ALL,1,127.80319,4,1
2022-09-02T05:45:00-00:00,2022-09-02T06:00:00-00:00,2022-09-01,23,BASALT_6_N101,BASALT_6_N101,BASALT_6_N101,RTPD,LMP,LMP_PRC,BASALT_6_N101,ALL,1,114.49177,4,1
2022-09-02T06:45:00-00:00,2022-09-02T07:00:00-00:00,2022-09-01,24,BASALT_6_N101,BASALT_6_N101,BASALT_6_N101,RTPD,LMP,LMP_PRC,BASALT_6_N101,ALL,1,109.57453,4,1
2022-09-01T07:00:00-00:00,2022-09-01T07:15:00-00:00,2022-09-01,01,BASALT_6_N101,BASALT_6_N101,BASALT_6_N101,RTPD,MCC,LMP_CONG_PRC,BASALT_6_N101,ALL,1,-14.07035,1,2
2022-09-01T08:00:00-00:00,2022-09-01T08:15:00-00:00,2022-09-01,02,BASALT_6_N101,BASALT_6_N101,BASALT_6_N101,RTPD,MCC,LMP_CONG_PRC,BASALT_6_N101,ALL,1,-3.3135,1,2
2022-09-01T09:00:00-00:00,2022-09-01T09:15:00-00:00,2022-09-01,03,BASALT_6_N101,BASALT_6_N101,BASALT_6_N101,RTPD,MCC,LMP_CONG_PRC,BASALT_6_N101,ALL,1,-4.43972,1,2
2022-09-01T10:00:00-00:00,2022-09-01T10:15:00-00:00,2022-09-01,04,BASALT_6_N101,BASALT_6_N101,BASALT_6_N101,RTPD,MCC,LMP_CONG_PRC,BASALT_6_N101,ALL,1,-3.84789,1,2
2022-09-01T11:00:00-00:00,2022-09-01T11:15:00-00:00,2022-09-01,05,BASALT_6_N101,BASALT_6_N101,BASALT_6_N101,RTPD,MCC,LMP_CONG_PRC,BASALT_6_N101,ALL,1,0,1,2
2022-09-01T12:00:00-00:00,2022-09-01T12:15:00-00:00,2022-09-01,06,BASALT_6_N101,BASALT_6_N101,BASALT_6_N101,RTPD,MCC,LMP_CONG_PRC,BASALT_6_N101,ALL,1,-9.8588,1,2
2022-09-01T13:00:00-00:00,2022-09-01T13:15:00-00:00,2022-09-01,07,BASALT_6_N101,BASALT_6_N101,BASALT_6_N101,RTPD,MCC,LMP_CONG_PRC,BASALT_6_N101,ALL,1,-13.04175,1,2
2022-09-01T14:00:00-00:00,2022-09-01T14:15:00-00:00,2022-09-01,08,BASALT_6_N101,BASALT_6_N101,BASALT_6_N101,RTPD,MCC,LMP_CONG_PRC,BASALT_6_N101,ALL,1,0,1,2
2022-09-01T15:00:00-00:00,2022-09-01T15:15:00-00:00,2022-09-01,09,BASALT_6_N101,BASALT_6_N101,BASALT_6_N101,RTPD,MCC,LMP_CONG_PRC,BASALT_6_N101,ALL,1,0,1,2
2022-09-01T16:00:00-00:00,2022-09-01T16:15:00-00:00,2022-09-01,10,BASALT_6_N101,BASALT_6_N101,BASALT_6_N101,RTPD,MCC,LMP_CONG_PRC,BASALT_6_N101,ALL,1,0,1,2
2022-09-01T17:00:00-00:00,2022-09-01T17:15:00-00:00,2022-09-01,11,BASALT_6_N101,BASALT_6_N101,BASALT_6_N101,RTPD,MCC,LMP_CONG_PRC,BASALT_6_N101,ALL,1,-16.45751,1,2
2022-09-01T18:00:00-00:00,2022-09-01T18:15:00-00:00,2022-09-01,12,BASALT_6_N101,BASALT_6_N101,BASALT_6_N101,RTPD,MCC,LMP_CONG_PRC,BASALT_6_N101,ALL,1,-31.96237,1,2
2022-09-01T19:00:00-00:00,2022-09-01T19:15:00-00:00,2022-09-01,13,BASALT_6_N101,BASALT_6_N101,BASALT_6_N101,RTPD,MCC,LMP_CONG_PRC,BASALT_6_N101,ALL,1,-35.47712,1,2
2022-09-01T20:00:00-00:00,2022-09-01T20:15:00-00:00,2022-09-01,14,BASALT_6_N101,BASALT_6_N101,BASALT_6_N101,RTPD,MCC,LMP_CONG_PRC,BASALT_6_N101,ALL,1,-3.48805,1,2
2022-09-01T21:00:00-00:00,2022-09-01T21:15:00-00:00,2022-09-01,15,BASALT_6_N101,BASALT_6_N101,BASALT_6_N101,RTPD,MCC,LMP_CONG_PRC,BASALT_6_N101,ALL,1,-98.1967,1,2
2022-09-01T22:00:00-00:00,2022-09-01T22:15:00-00:00,2022-09-01,16,BASALT_6_N101,BASALT_6_N101,BASALT_6_N101,RTPD,MCC,LMP_CONG_PRC,BASALT_6_N101,ALL,1,-106.33333,1,2
2022-09-01T23:00:00-00:00,2022-09-01T23:15:00-00:00,2022-09-01,17,BASALT_6_N101,BASALT_6_N101,BASALT_6_N101,RTPD,MCC,LMP_CONG_PRC,BASALT_6_N101,ALL,1,-164.94022,1,2
2022-09-02T00:00:00-00:00,2022-09-02T00:15:00-00:00,2022-09-01,18,BASALT_6_N101,BASALT_6_N101,BASALT_6_N101,RTPD,MCC,LMP_CONG_PRC,BASALT_6_N101,ALL,1,379.0473,1,2
2022-09-02T01:00:00-00:00,2022-09-02T01:15:00-00:00,2022-09-01,19,BASALT_6_N101,BASALT_6_N101,BASALT_6_N101,RTPD,MCC,LMP_CONG_PRC,BASALT_6_N101,ALL,1,374.78033,1,2
2022-09-02T02:00:00-00:00,2022-09-02T02:15:00-00:00,2022-09-01,20,BASALT_6_N101,BASALT_6_N101,BASALT_6_N101,RTPD,MCC,LMP_CONG_PRC,BASALT_6_N101,ALL,1,0,1,2
2022-09-02T03:00:00-00:00,2022-09-02T03:15:00-00:00,2022-09-01,21,BASALT_6_N101,BASALT_6_N101,BASALT_6_N101,RTPD,MCC,LMP_CONG_PRC,BASALT_6_N101,ALL,1,463.38144,1,2
2022-09-02T04:00:00-00:00,2022-09-02T04:15:00-00:00,2022-09-01,22,BASALT_6_N101,BASALT_6_N101,BASALT_6_N101,RTPD,MCC,LMP_CONG_PRC,BASALT_6_N101,ALL,1,0,1,2
2022-09-02T05:00:00-00:00,2022-09-02T05:15:00-00:00,2022-09-01,23,BASALT_6_N101,BASALT_6_N101,BASALT_6_N101,RTPD,MCC,LMP_CONG_PRC,BASALT_6_N101,ALL,1,0,1,2
2022-09-02T06:00:00-00:00,2022-09-02T06:15:00-00:00,2022-09-01,24,BASALT_6_N101,BASALT_6_N101,BASALT_6_N101,RTPD,MCC,LMP_CONG_PRC,BASALT_6_N101,ALL,1,0,1,2
2022-09-01T07:15:00-00:00,2022-09-01T07:30:00-00:00,2022-09-01,01,BASALT_6_N101,BASALT_6_N101,BASALT_6_N101,RTPD,MCC,LMP_CONG_PRC,BASALT_6_N101,ALL,1,-9.91094,2,2
2022-09-01T08:15:00-00:00,2022-09-01T08:30:00-00:00,2022-09-01,02,BASALT_6_N101,BASALT_6_N101,BASALT_6_N101,RTPD,MCC,LMP_CONG_PRC,BASALT_6_N101,ALL,1,-0.90444,2,2
2022-09-01T09:15:00-00:00,2022-09-01T09:30:00-00:00,2022-09-01,03,BASALT_6_N101,BASALT_6_N101,BASALT_6_N101,RTPD,MCC,LMP_CONG_PRC,BASALT_6_N101,ALL,1,-5.82161,2,2
2022-09-01T10:15:00-00:00,2022-09-01T10:30:00-00:00,2022-09-01,04,BASALT_6_N101,BASALT_6_N101,BASALT_6_N101,RTPD,MCC,LMP_CONG_PRC,BASALT_6_N101,ALL,1,-5.44472,2,2
2022-09-01T11:15:00-00:00,2022-09-01T11:30:00-00:00,2022-09-01,05,BASALT_6_N101,BASALT_6_N101,BASALT_6_N101,RTPD,MCC,LMP_CONG_PRC,BASALT_6_N101,ALL,1,0,2,2
2022-09-01T12:15:00-00:00,2022-09-01T12:30:00-00:00,2022-09-01,06,BASALT_6_N101,BASALT_6_N101,BASALT_6_N101,RTPD,MCC,LMP_CONG_PRC,BASALT_6_N101,ALL,1,-6.01269,2,2
2022-09-01T13:15:00-00:00,2022-09-01T13:30:00-00:00,2022-09-01,07,BASALT_6_N101,BASALT_6_N101,BASALT_6_N101,RTPD,MCC,LMP_CONG_PRC,BASALT_6_N101,ALL,1,-0.55823,2,2
2022-09-01T14:15:00-00:00,2022-09-01T14:30:00-00:00,2022-09-01,08,BASALT_6_N101,BASALT_6_N101,BASALT_6_N101,RTPD,MCC,LMP_CONG_PRC,BASALT_6_N101,ALL,1,0,2,2
2022-09-01T15:15:00-00:00,2022-09-01T15:30:00-00:00,2022-09-01,09,BASALT_6_N101,BASALT_6_N101,BASALT_6_N101,RTPD,MCC,LMP_CONG_PRC,BASALT_6_N101,ALL,1,0,2,2
2022-09-01T16:15:00-00:00,2022-09-01T16:30:00-00:00,2022-09-01,10,BASALT_6_N101,BASALT_6_N101,BASALT_6_N101,RTPD,MCC,LMP_CONG_PRC,BASALT_6_N101,ALL,1,-1.62031,2,2
2022-09-01T17:15:00-00:00,2022-09-01T17:30:00-00:00,2022-09-01,11,BASALT_6_N101,BASALT_6_N101,BASALT_6_N101,RTPD,MCC,LMP_CONG_PRC,BASALT_6_N101,ALL,1,-20.15574,2,2
2022-09-01T18:15:00-00:00,2022-09-01T18:30:00-00:00,2022-09-01,12,BASALT_6_N101,BASALT_6_N101,BASALT_6_N101,RTPD,MCC,LMP_CONG_PRC,BASALT_6_N101,ALL,1,-26.16776,2,2
2022-09-01T19:15:00-00:00,2022-09-01T19:30:00-00:00,2022-09-01,13,BASALT_6_N101,BASALT_6_N101,BASALT_6_N101,RTPD,MCC,LMP_CONG_PRC,BASALT_6_N101,ALL,1,-29.21446,2,2
2022-09-01T20:15:00-00:00,2022-09-01T20:30:00-00:00,2022-09-01,14,BASALT_6_N101,BASALT_6_N101,BASALT_6_N101,RTPD,MCC,LMP_CONG_PRC,BASALT_6_N101,ALL,1,-3.14106,2,2
2022-09-01T21:15:00-00:00,2022-09-01T21:30:00-00:00,2022-09-01,15,BASALT_6_N101,BASALT_6_N101,BASALT_6_N101,RTPD,MCC,LMP_CONG_PRC,BASALT_6_N101,ALL,1,-26.53822,2,2
2022-09-01T22:15:00-00:00,2022-09-01T22:30:00-00:00,2022-09-01,16,BASALT_6_N101,BASALT_6_N101,BASALT_6_N101,RTPD,MCC,LMP_CONG_PRC,BASALT_6_N101,ALL,1,-116.64925,2,2
2022-09-01T23:15:00-00:00,2022-09-01T23:30:00-00:00,2022-09-01,17,BASALT_6_N101,BASALT_6_N101,BASALT_6_N101,RTPD,MCC,LMP_CONG_PRC,BASALT_6_N101,ALL,1,-93.30466,2,2
2022-09-02T00:15:00-00:00,2022-09-02T00:30:00-00:00,2022-09-01,18,BASALT_6_N101,BASALT_6_N101,BASALT_6_N101,RTPD,MCC,LMP_CONG_PRC,BASALT_6_N101,ALL,1,368.92792,2,2
2022-09-02T01:15:00-00:00,2022-09-02T01:30:00-00:00,2022-09-01,19,BASALT_6_N101,BASALT_6_N101,BASALT_6_N101,RTPD,MCC,LMP_CONG_PRC,BASALT_6_N101,ALL,1,0,2,2
2022-09-02T02:15:00-00:00,2022-09-02T02:30:00-00:00,2022-09-01,20,BASALT_6_N101,BASALT_6_N101,BASALT_6_N101,RTPD,MCC,LMP_CONG_PRC,BASALT_6_N101,ALL,1,0,2,2
2022-09-02T03:15:00-00:00,2022-09-02T03:30:00-00:00,2022-09-01,21,BASALT_6_N101,BASALT_6_N101,BASALT_6_N101,RTPD,MCC,LMP_CONG_PRC,BASALT_6_N101,ALL,1,162.35591,2,2
2022-09-02T04:15:00-00:00,2022-09-02T04:30:00-00:00,2022-09-01,22,BASALT_6_N101,BASALT_6_N101,BASALT_6_N101,RTPD,MCC,LMP_CONG_PRC,BASALT_6_N101,ALL,1,0,2,2
2022-09-02T05:15:00-00:00,2022-09-02T05:30:00-00:00,2022-09-01,23,BASALT_6_N101,BASALT_6_N101,BASALT_6_N101,RTPD,MCC,LMP_CONG_PRC,BASALT_6_N101,ALL,1,0,2,2
2022-09-02T06:15:00-00:00,2022-09-02T06:30:00-00:00,2022-09-01,24,BASALT_6_N101,BASALT_6_N101,BASALT_6_N101,RTPD,MCC,LMP_CONG_PRC,BASALT_6_N101,ALL,1,0,2,2
2022-09-01T07:30:00-00:00,2022-09-01T07:45:00-00:00,2022-09-01,01,BASALT_6_N101,BASALT_6_N101,BASALT_6_N101,RTPD,MCC,LMP_CONG_PRC,BASALT_6_N101,ALL,1,-16.01867,3,2
2022-09-01T08:30:00-00:00,2022-09-01T08:45:00-00:00,2022-09-01,02,BASALT_6_N101,BASALT_6_N101,BASALT_6_N101,RTPD,MCC,LMP_CONG_PRC,BASALT_6_N101,ALL,1,-0.00086,3,2
2022-09-01T09:30:00-00:00,2022-09-01T09:45:00-00:00,2022-09-01,03,BASALT_6_N101,BASALT_6_N101,BASALT_6_N101,RTPD,MCC,LMP_CONG_PRC,BASALT_6_N101,ALL,1,-5.76936,3,2
2022-09-01T10:30:00-00:00,2022-09-01T10:45:00-00:00,2022-09-01,04,BASALT_6_N101,BASALT_6_N101,BASALT_6_N101,RTPD,MCC,LMP_CONG_PRC,BASALT_6_N101,ALL,1,-3.07152,3,2
2022-09-01T11:30:00-00:00,2022-09-01T11:45:00-00:00,2022-09-01,05,BASALT_6_N101,BASALT_6_N101,BASALT_6_N101,RTPD,MCC,LMP_CONG_PRC,BASALT_6_N101,ALL,1,0,3,2
2022-09-01T12:30:00-00:00,2022-09-01T12:45:00-00:00,2022-09-01,06,BASALT_6_N101,BASALT_6_N101,BASALT_6_N101,RTPD,MCC,LMP_CONG_PRC,BASALT_6_N101,ALL,1,-10.41078,3,2
2022-09-01T13:30:00-00:00,2022-09-01T13:45:00-00:00,2022-09-01,07,BASALT_6_N101,BASALT_6_N101,BASALT_6_N101,RTPD,MCC,LMP_CONG_PRC,BASALT_6_N101,ALL,1,0,3,2
2022-09-01T14:30:00-00:00,2022-09-01T14:45:00-00:00,2022-09-01,08,BASALT_6_N101,BASALT_6_N101,BASALT_6_N101,RTPD,MCC,LMP_CONG_PRC,BASALT_6_N101,ALL,1,0,3,2
2022-09-01T15:30:00-00:00,2022-09-01T15:45:00-00:00,2022-09-01,09,BASALT_6_N101,BASALT_6_N101,BASALT_6_N101,RTPD,MCC,LMP_CONG_PRC,BASALT_6_N101,ALL,1,0,3,2
2022-09-01T16:30:00-00:00,2022-09-01T16:45:00-00:00,2022-09-01,10,BASALT_6_N101,BASALT_6_N101,BASALT_6_N101,RTPD,MCC,LMP_CONG_PRC,BASALT_6_N101,ALL,1,-13.56795,3,2
2022-09-01T17:30:00-00:00,2022-09-01T17:45:00-00:00,2022-09-01,11,BASALT_6_N101,BASALT_6_N101,BASALT_6_N101,RTPD,MCC,LMP_CONG_PRC,BASALT_6_N101,ALL,1,-20.12088,3,2
2022-09-01T18:30:00-00:00,2022-09-01T18:45:00-00:00,2022-09-01,12,BASALT_6_N101,BASALT_6_N101,BASALT_6_N101,RTPD,MCC,LMP_CONG_PRC,BASALT_6_N101,ALL,1,-27.2897,3,2
2022-09-01T19:30:00-00:00,2022-09-01T19:45:00-00:00,2022-09-01,13,BASALT_6_N101,BASALT_6_N101,BASALT_6_N101,RTPD,MCC,LMP_CONG_PRC,BASALT_6_N101,ALL,1,-12.52008,3,2
2022-09-01T20:30:00-00:00,2022-09-01T20:45:00-00:00,2022-09-01,14,BASALT_6_N101,BASALT_6_N101,BASALT_6_N101,RTPD,MCC,LMP_CONG_PRC,BASALT_6_N101,ALL,1,-12.67354,3,2
2022-09-01T21:30:00-00:00,2022-09-01T21:45:00-00:00,2022-09-01,15,BASALT_6_N101,BASALT_6_N101,BASALT_6_N101,RTPD,MCC,LMP_CONG_PRC,BASALT_6_N101,ALL,1,-24.37927,3,2
2022-09-01T22:30:00-00:00,2022-09-01T22:45:00-00:00,2022-09-01,16,BASALT_6_N101,BASALT_6_N101,BASALT_6_N101,RTPD,MCC,LMP_CONG_PRC,BASALT_6_N101,ALL,1,-125.42673,3,2
2022-09-01T23:30:00-00:00,2022-09-01T23:45:00-00:00,2022-09-01,17,BASALT_6_N101,BASALT_6_N101,BASALT_6_N101,RTPD,MCC,LMP_CONG_PRC,BASALT_6_N101,ALL,1,0,3,2
2022-09-02T00:30:00-00:00,2022-09-02T00:45:00-00:00,2022-09-01,18,BASALT_6_N101,BASALT_6_N101,BASALT_6_N101,RTPD,MCC,LMP_CONG_PRC,BASALT_6_N101,ALL,1,520.3273,3,2
2022-09-02T01:30:00-00:00,2022-09-02T01:45:00-00:00,2022-09-01,19,BASALT_6_N101,BASALT_6_N101,BASALT_6_N101,RTPD,MCC,LMP_CONG_PRC,BASALT_6_N101,ALL,1,0,3,2
2022-09-02T02:30:00-00:00,2022-09-02T02:45:00-00:00,2022-09-01,20,BASALT_6_N101,BASALT_6_N101,BASALT_6_N101,RTPD,MCC,LMP_CONG_PRC,BASALT_6_N101,ALL,1,0,3,2
2022-09-02T03:30:00-00:00,2022-09-02T03:45:00-00:00,2022-09-01,21,BASALT_6_N101,BASALT_6_N101,BASALT_6_N101,RTPD,MCC,LMP_CONG_PRC,BASALT_6_N101,ALL,1,36.5064,3,2
2022-09-02T04:30:00-00:00,2022-09-02T04:45:00-00:00,2022-09-01,22,BASALT_6_N101,BASALT_6_N101,BASALT_6_N101,RTPD,MCC,LMP_CONG_PRC,BASALT_6_N101,ALL,1,0,3,2
2022-09-02T05:30:00-00:00,2022-09-02T05:45:00-00:00,2022-09-01,23,BASALT_6_N101,BASALT_6_N101,BASALT_6_N101,RTPD,MCC,LMP_CONG_PRC,BASALT_6_N101,ALL,1,0,3,2
2022-09-02T06:30:00-00:00,2022-09-02T06:45:00-00:00,2022-09-01,24,BASALT_6_N101,BASALT_6_N101,BASALT_6_N101,RTPD,MCC,LMP_CONG_PRC,BASALT_6_N101,ALL,1,0,3,2
2022-09-01T07:45:00-00:00,2022-09-01T08:00:00-00:00,2022-09-01,01,BASALT_6_N101,BASALT_6_N101,BASALT_6_N101,RTPD,MCC,LMP_CONG_PRC,BASALT_6_N101,ALL,1,-18.25871,4,2
2022-09-01T08:45:00-00:00,2022-09-01T09:00:00-00:00,2022-09-01,02,BASALT_6_N101,BASALT_6_N101,BASALT_6_N101,RTPD,MCC,LMP_CONG_PRC,BASALT_6_N101,ALL,1,-4.45718,4,2
2022-09-01T09:45:00-00:00,2022-09-01T10:00:00-00:00,2022-09-01,03,BASALT_6_N101,BASALT_6_N101,BASALT_6_N101,RTPD,MCC,LMP_CONG_PRC,BASALT_6_N101,ALL,1,-5.14776,4,2
2022-09-01T10:45:00-00:00,2022-09-01T11:00:00-00:00,2022-09-01,04,BASALT_6_N101,BASALT_6_N101,BASALT_6_N101,RTPD,MCC,LMP_CONG_PRC,BASALT_6_N101,ALL,1,-1.20961,4,2
2022-09-01T11:45:00-00:00,2022-09-01T12:00:00-00:00,2022-09-01,05,BASALT_6_N101,BASALT_6_N101,BASALT_6_N101,RTPD,MCC,LMP_CONG_PRC,BASALT_6_N101,ALL,1,0,4,2
2022-09-01T12:45:00-00:00,2022-09-01T13:00:00-00:00,2022-09-01,06,BASALT_6_N101,BASALT_6_N101,BASALT_6_N101,RTPD,MCC,LMP_CONG_PRC,BASALT_6_N101,ALL,1,-2.32293,4,2
2022-09-01T13:45:00-00:00,2022-09-01T14:00:00-00:00,2022-09-01,07,BASALT_6_N101,BASALT_6_N101,BASALT_6_N101,RTPD,MCC,LMP_CONG_PRC,BASALT_6_N101,ALL,1,0,4,2
2022-09-01T14:45:00-00:00,2022-09-01T15:00:00-00:00,2022-09-01,08,BASALT_6_N101,BASALT_6_N101,BASALT_6_N101,RTPD,MCC,LMP_CONG_PRC,BASALT_6_N101,ALL,1,0,4,2
2022-09-01T15:45:00-00:00,2022-09-01T16:00:00-00:00,2022-09-01,09,BASALT_6_N101,BASALT_6_N101,BASALT_6_N101,RTPD,MCC,LMP_CONG_PRC,BASALT_6_N101,ALL,1,0,4,2
2022-09-01T16:45:00-00:00,2022-09-01T17:00:00-00:00,2022-09-01,10,BASALT_6_N101,BASALT_6_N101,BASALT_6_N101,RTPD,MCC,LMP_CONG_PRC,BASALT_6_N101,ALL,1,-12.21904,4,2
2022-09-01T17:45:00-00:00,2022-09-01T18:00:00-00:00,2022-09-01,11,BASALT_6_N101,BASALT_6_N101,BASALT_6_N101,RTPD,MCC,LMP_CONG_PRC,BASALT_6_N101,ALL,1,-19.91938,4,2
2022-09-01T18:45:00-00:00,2022-09-01T19:00:00-00:00,2022-09-01,12,BASALT_6_N101,BASALT_6_N101,BASALT_6_N101,RTPD,MCC,LMP_CONG_PRC,BASALT_6_N101,ALL,1,-27.18525,4,2
2022-09-01T19:45:00-00:00,2022-09-01T20:00:00-00:00,2022-09-01,13,BASALT_6_N101,BASALT_6_N101,BASALT_6_N101,RTPD,MCC,LMP_CONG_PRC,BASALT_6_N101,ALL,1,-13.56464,4,2
2022-09-01T20:45:00-00:00,2022-09-01T21:00:00-00:00,2022-09-01,14,BASALT_6_N101,BASALT_6_N101,BASALT_6_N101,RTPD,MCC,LMP_CONG_PRC,BASALT_6_N101,ALL,1,-28.0667,4,2
2022-09-01T21:45:00-00:00,2022-09-01T22:00:00-00:00,2022-09-01,15,BASALT_6_N101,BASALT_6_N101,BASALT_6_N101,RTPD,MCC,LMP_CONG_PRC,BASALT_6_N101,ALL,1,-88.57131,4,2
2022-09-01T22:45:00-00:00,2022-09-01T23:00:00-00:00,2022-09-01,16,BASALT_6_N101,BASALT_6_N101,BASALT_6_N101,RTPD,MCC,LMP_CONG_PRC,BASALT_6_N101,ALL,1,-254.75093,4,2
2022-09-01T23:45:00-00:00,2022-09-02T00:00:00-00:00,2022-09-01,17,BASALT_6_N101,BASALT_6_N101,BASALT_6_N101,RTPD,MCC,LMP_CONG_PRC,BASALT_6_N101,ALL,1,453.23184,4,2
2022-09-02T00:45:00-00:00,2022-09-02T01:00:00-00:00,2022-09-01,18,BASALT_6_N101,BASALT_6_N101,BASALT_6_N101,RTPD,MCC,LMP_CONG_PRC,BASALT_6_N101,ALL,1,327.60364,4,2
2022-09-02T01:45:00-00:00,2022-09-02T02:00:00-00:00,2022-09-01,19,BASALT_6_N101,BASALT_6_N101,BASALT_6_N101,RTPD,MCC,LMP_CONG_PRC,BASALT_6_N101,ALL,1,0,4,2
2022-09-02T02:45:00-00:00,2022-09-02T03:00:00-00:00,2022-09-01,20,BASALT_6_N101,BASALT_6_N101,BASALT_6_N101,RTPD,MCC,LMP_CONG_PRC,BASALT_6_N101,ALL,1,148.61183,4,2
2022-09-02T03:45:00-00:00,2022-09-02T04:00:00-00:00,2022-09-01,21,BASALT_6_N101,BASALT_6_N101,BASALT_6_N101,RTPD,MCC,LMP_CONG_PRC,BASALT_6_N101,ALL,1,21.26144,4,2
2022-09-02T04:45:00-00:00,2022-09-02T05:00:00-00:00,2022-09-01,22,BASALT_6_N101,BASALT_6_N101,BASALT_6_N101,RTPD,MCC,LMP_CONG_PRC,BASALT_6_N101,ALL,1,0,4,2
2022-09-02T05:45:00-00:00,2022-09-02T06:00:00-00:00,2022-09-01,23,BASALT_6_N101,BASALT_6_N101,BASALT_6_N101,RTPD,MCC,LMP_CONG_PRC,BASALT_6_N101,ALL,1,-5.02954,4,2
2022-09-02T06:45:00-00:00,2022-09-02T07:00:00-00:00,2022-09-01,24,BASALT_6_N101,BASALT_6_N101,BASALT_6_N101,RTPD,MCC,LMP_CONG_PRC,BASALT_6_N101,ALL,1,0,4,2
2022-09-01T07:00:00-00:00,2022-09-01T07:15:00-00:00,2022-09-01,01,BASALT_6_N101,BASALT_6_N101,BASALT_6_N101,RTPD,MCE,LMP_ENE_PRC,BASALT_6_N101,ALL,1,104.23471,1,3
2022-09-01T08:00:00-00:00,2022-09-01T08:15:00-00:00,2022-09-01,02,BASALT_6_N101,BASALT_6_N101,BASALT_6_N101,RTPD,MCE,LMP_ENE_PRC,BASALT_6_N101,ALL,1,115.5488,1,3
2022-09-01T09:00:00-00:00,2022-09-01T09:15:00-00:00,2022-09-01,03,BASALT_6_N101,BASALT_6_N101,BASALT_6_N101,RTPD,MCE,LMP_ENE_PRC,BASALT_6_N101,ALL,1,99.73061,1,3
2022-09-01T10:00:00-00:00,2022-09-01T10:15:00-00:00,2022-09-01,04,BASALT_6_N101,BASALT_6_N101,BASALT_6_N101,RTPD,MCE,LMP_ENE_PRC,BASALT_6_N101,ALL,1,98.64222,1,3
2022-09-01T11:00:00-00:00,2022-09-01T11:15:00-00:00,2022-09-01,05,BASALT_6_N101,BASALT_6_N101,BASALT_6_N101,RTPD,MCE,LMP_ENE_PRC,BASALT_6_N101,ALL,1,102.56859,1,3
2022-09-01T12:00:00-00:00,2022-09-01T12:15:00-00:00,2022-09-01,06,BASALT_6_N101,BASALT_6_N101,BASALT_6_N101,RTPD,MCE,LMP_ENE_PRC,BASALT_6_N101,ALL,1,96.90845,1,3
2022-09-01T13:00:00-00:00,2022-09-01T13:15:00-00:00,2022-09-01,07,BASALT_6_N101,BASALT_6_N101,BASALT_6_N101,RTPD,MCE,LMP_ENE_PRC,BASALT_6_N101,ALL,1,101.80878,1,3
2022-09-01T14:00:00-00:00,2022-09-01T14:15:00-00:00,2022-09-01,08,BASALT_6_N101,BASALT_6_N101,BASALT_6_N101,RTPD,MCE,LMP_ENE_PRC,BASALT_6_N101,ALL,1,111.11219,1,3
2022-09-01T15:00:00-00:00,2022-09-01T15:15:00-00:00,2022-09-01,09,BASALT_6_N101,BASALT_6_N101,BASALT_6_N101,RTPD,MCE,LMP_ENE_PRC,BASALT_6_N101,ALL,1,97.4112,1,3
2022-09-01T16:00:00-00:00,2022-09-01T16:15:00-00:00,2022-09-01,10,BASALT_6_N101,BASALT_6_N101,BASALT_6_N101,RTPD,MCE,LMP_ENE_PRC,BASALT_6_N101,ALL,1,83.43525,1,3
2022-09-01T17:00:00-00:00,2022-09-01T17:15:00-00:00,2022-09-01,11,BASALT_6_N101,BASALT_6_N101,BASALT_6_N101,RTPD,MCE,LMP_ENE_PRC,BASALT_6_N101,ALL,1,96.94897,1,3
2022-09-01T18:00:00-00:00,2022-09-01T18:15:00-00:00,2022-09-01,12,BASALT_6_N101,BASALT_6_N101,BASALT_6_N101,RTPD,MCE,LMP_ENE_PRC,BASALT_6_N101,ALL,1,91.59291,1,3
2022-09-01T19:00:00-00:00,2022-09-01T19:15:00-00:00,2022-09-01,13,BASALT_6_N101,BASALT_6_N101,BASALT_6_N101,RTPD,MCE,LMP_ENE_PRC,BASALT_6_N101,ALL,1,109.19637,1,3
2022-09-01T20:00:00-00:00,2022-09-01T20:15:00-00:00,2022-09-01,14,BASALT_6_N101,BASALT_6_N101,BASALT_6_N101,RTPD,MCE,LMP_ENE_PRC,BASALT_6_N101,ALL,1,117.94359,1,3
2022-09-01T21:00:00-00:00,2022-09-01T21:15:00-00:00,2022-09-01,15,BASALT_6_N101,BASALT_6_N101,BASALT_6_N101,RTPD,MCE,LMP_ENE_PRC,BASALT_6_N101,ALL,1,226.61499,1,3
2022-09-01T22:00:00-00:00,2022-09-01T22:15:00-00:00,2022-09-01,16,BASALT_6_N101,BASALT_6_N101,BASALT_6_N101,RTPD,MCE,LMP_ENE_PRC,BASALT_6_N101,ALL,1,229.18552,1,3
2022-09-01T23:00:00-00:00,2022-09-01T23:15:00-00:00,2022-09-01,17,BASALT_6_N101,BASALT_6_N101,BASALT_6_N101,RTPD,MCE,LMP_ENE_PRC,BASALT_6_N101,ALL,1,386.7537,1,3
2022-09-02T00:00:00-00:00,2022-09-02T00:15:00-00:00,2022-09-01,18,BASALT_6_N101,BASALT_6_N101,BASALT_6_N101,RTPD,MCE,LMP_ENE_PRC,BASALT_6_N101,ALL,1,770.58136,1,3
2022-09-02T01:00:00-00:00,2022-09-02T01:15:00-00:00,2022-09-01,19,BASALT_6_N101,BASALT_6_N101,BASALT_6_N101,RTPD,MCE,LMP_ENE_PRC,BASALT_6_N101,ALL,1,916.27124,1,3
2022-09-02T02:00:00-00:00,2022-09-02T02:15:00-00:00,2022-09-01,20,BASALT_6_N101,BASALT_6_N101,BASALT_6_N101,RTPD,MCE,LMP_ENE_PRC,BASALT_6_N101,ALL,1,1991.6721,1,3
2022-09-02T03:00:00-00:00,2022-09-02T03:15:00-00:00,2022-09-01,21,BASALT_6_N101,BASALT_6_N101,BASALT_6_N101,RTPD,MCE,LMP_ENE_PRC,BASALT_6_N101,ALL,1,917.5508,1,3
2022-09-02T04:00:00-00:00,2022-09-02T04:15:00-00:00,2022-09-01,22,BASALT_6_N101,BASALT_6_N101,BASALT_6_N101,RTPD,MCE,LMP_ENE_PRC,BASALT_6_N101,ALL,1,257.83005,1,3
2022-09-02T05:00:00-00:00,2022-09-02T05:15:00-00:00,2022-09-01,23,BASALT_6_N101,BASALT_6_N101,BASALT_6_N101,RTPD,MCE,LMP_ENE_PRC,BASALT_6_N101,ALL,1,183.24657,1,3
2022-09-02T06:00:00-00:00,2022-09-02T06:15:00-00:00,2022-09-01,24,BASALT_6_N101,BASALT_6_N101,BASALT_6_N101,RTPD,MCE,LMP_ENE_PRC,BASALT_6_N101,ALL,1,158.867,1,3
2022-09-01T07:15:00-00:00,2022-09-01T07:30:00-00:00,2022-09-01,01,BASALT_6_N101,BASALT_6_N101,BASALT_6_N101,RTPD,MCE,LMP_ENE_PRC,BASALT_6_N101,ALL,1,125.55144,2,3
2022-09-01T08:15:00-00:00,2022-09-01T08:30:00-00:00,2022-09-01,02,BASALT_6_N101,BASALT_6_N101,BASALT_6_N101,RTPD,MCE,LMP_ENE_PRC,BASALT_6_N101,ALL,1,115.53165,2,3
2022-09-01T09:15:00-00:00,2022-09-01T09:30:00-00:00,2022-09-01,03,BASALT_6_N101,BASALT_6_N101,BASALT_6_N101,RTPD,MCE,LMP_ENE_PRC,BASALT_6_N101,ALL,1,98.30543,2,3
2022-09-01T10:15:00-00:00,2022-09-01T10:30:00-00:00,2022-09-01,04,BASALT_6_N101,BASALT_6_N101,BASALT_6_N101,RTPD,MCE,LMP_ENE_PRC,BASALT_6_N101,ALL,1,97.00684,2,3
2022-09-01T11:15:00-00:00,2022-09-01T11:30:00-00:00,2022-09-01,05,BASALT_6_N101,BASALT_6_N101,BASALT_6_N101,RTPD,MCE,LMP_ENE_PRC,BASALT_6_N101,ALL,1,103.09059,2,3
2022-09-01T12:15:00-00:00,2022-09-01T12:30:00-00:00,2022-09-01,06,BASALT_6_N101,BASALT_6_N101,BASALT_6_N101,RTPD,MCE,LMP_ENE_PRC,BASALT_6_N101,ALL,1,109.32203,2,3
2022-09-01T13:15:00-00:00,2022-09-01T13:30:00-00:00,2022-09-01,07,BASALT_6_N101,BASALT_6_N101,BASALT_6_N101,RTPD,MCE,LMP_ENE_PRC,BASALT_6_N101,ALL,1,110.97827,2,3
2022-09-01T14:15:00-00:00,2022-09-01T14:30:00-00:00,2022-09-01,08,BASALT_6_N101,BASALT_6_N101,BASALT_6_N101,RTPD,MCE,LMP_ENE_PRC,BASALT_6_N101,ALL,1,104.78743,2,3
2022-09-01T15:15:00-00:00,2022-09-01T15:30:00-00:00,2022-09-01,09,BASALT_6_N101,BASALT_6_N101,BASALT_6_N101,RTPD,MCE,LMP_ENE_PRC,BASALT_6_N101,ALL,1,86.9388,2,3
2022-09-01T16:15:00-00:00,2022-09-01T16:30:00-00:00,2022-09-01,10,BASALT_6_N101,BASALT_6_N101,BASALT_6_N101,RTPD,MCE,LMP_ENE_PRC,BASALT_6_N101,ALL,1,89.44858,2,3
2022-09-01T17:15:00-00:00,2022-09-01T17:30:00-00:00,2022-09-01,11,BASALT_6_N101,BASALT_6_N101,BASALT_6_N101,RTPD,MCE,LMP_ENE_PRC,BASALT_6_N101,ALL,1,99.34673,2,3
2022-09-01T18:15:00-00:00,2022-09-01T18:30:00-00:00,2022-09-01,12,BASALT_6_N101,BASALT_6_N101,BASALT_6_N101,RTPD,MCE,LMP_ENE_PRC,BASALT_6_N101,ALL,1,101.15901,2,3
2022-09-01T19:15:00-00:00,2022-09-01T19:30:00-00:00,2022-09-01,13,BASALT_6_N101,BASALT_6_N101,BASALT_6_N101,RTPD,MCE,LMP_ENE_PRC,BASALT_6_N101,ALL,1,105.30588,2,3
2022-09-01T20:15:00-00:00,2022-09-01T20:30:00-00:00,2022-09-01,14,BASALT_6_N101,BASALT_6_N101,BASALT_6_N101,RTPD,MCE,LMP_ENE_PRC,BASALT_6_N101,ALL,1,117.49421,2,3
2022-09-01T21:15:00-00:00,2022-09-01T21:30:00-00:00,2022-09-01,15,BASALT_6_N101,BASALT_6_N101,BASALT_6_N101,RTPD,MCE,LMP_ENE_PRC,BASALT_6_N101,ALL,1,147.21185,2,3
2022-09-01T22:15:00-00:00,2022-09-01T22:30:00-00:00,2022-09-01,16,BASALT_6_N101,BASALT_6_N101,BASALT_6_N101,RTPD,MCE,LMP_ENE_PRC,BASALT_6_N101,ALL,1,256.58734,2,3
2022-09-01T23:15:00-00:00,2022-09-01T23:30:00-00:00,2022-09-01,17,BASALT_6_N101,BASALT_6_N101,BASALT_6_N101,RTPD,MCE,LMP_ENE_PRC,BASALT_6_N101,ALL,1,362.12408,2,3
2022-09-02T00:15:00-00:00,2022-09-02T00:30:00-00:00,2022-09-01,18,BASALT_6_N101,BASALT_6_N101,BASALT_6_N101,RTPD,MCE,LMP_ENE_PRC,BASALT_6_N101,ALL,1,691.2182,2,3
2022-09-02T01:15:00-00:00,2022-09-02T01:30:00-00:00,2022-09-01,19,BASALT_6_N101,BASALT_6_N101,BASALT_6_N101,RTPD,MCE,LMP_ENE_PRC,BASALT_6_N101,ALL,1,1999.9933,2,3
2022-09-02T02:15:00-00:00,2022-09-02T02:30:00-00:00,2022-09-01,20,BASALT_6_N101,BASALT_6_N101,BASALT_6_N101,RTPD,MCE,LMP_ENE_PRC,BASALT_6_N101,ALL,1,1991.6721,2,3
2022-09-02T03:15:00-00:00,2022-09-02T03:30:00-00:00,2022-09-01,21,BASALT_6_N101,BASALT_6_N101,BASALT_6_N101,RTPD,MCE,LMP_ENE_PRC,BASALT_6_N101,ALL,1,400.52884,2,3
2022-09-02T04:15:00-00:00,2022-09-02T04:30:00-00:00,2022-09-01,22,BASALT_6_N101,BASALT_6_N101,BASALT_6_N101,RTPD,MCE,LMP_ENE_PRC,BASALT_6_N101,ALL,1,224.75041,2,3
2022-09-02T05:15:00-00:00,2022-09-02T05:30:00-00:00,2022-09-01,23,BASALT_6_N101,BASALT_6_N101,BASALT_6_N101,RTPD,MCE,LMP_ENE_PRC,BASALT_6_N101,ALL,1,157.11986,2,3
2022-09-02T06:15:00-00:00,2022-09-02T06:30:00-00:00,2022-09-01,24,BASALT_6_N101,BASALT_6_N101,BASALT_6_N101,RTPD,MCE,LMP_ENE_PRC,BASALT_6_N101,ALL,1,143.1005,2,3
2022-09-01T07:30:00-00:00,2022-09-01T07:45:00-00:00,2022-09-01,01,BASALT_6_N101,BASALT_6_N101,BASALT_6_N101,RTPD,MCE,LMP_ENE_PRC,BASALT_6_N101,ALL,1,119.03196,3,3
2022-09-01T08:30:00-00:00,2022-09-01T08:45:00-00:00,2022-09-01,02,BASALT_6_N101,BASALT_6_N101,BASALT_6_N101,RTPD,MCE,LMP_ENE_PRC,BASALT_6_N101,ALL,1,111.11241,3,3
2022-09-01T09:30:00-00:00,2022-09-01T09:45:00-00:00,2022-09-01,03,BASALT_6_N101,BASALT_6_N101,BASALT_6_N101,RTPD,MCE,LMP_ENE_PRC,BASALT_6_N101,ALL,1,98.16228,3,3
2022-09-01T10:30:00-00:00,2022-09-01T10:45:00-00:00,2022-09-01,04,BASALT_6_N101,BASALT_6_N101,BASALT_6_N101,RTPD,MCE,LMP_ENE_PRC,BASALT_6_N101,ALL,1,96.36226,3,3
2022-09-01T11:30:00-00:00,2022-09-01T11:45:00-00:00,2022-09-01,05,BASALT_6_N101,BASALT_6_N101,BASALT_6_N101,RTPD,MCE,LMP_ENE_PRC,BASALT_6_N101,ALL,1,103.06198,3,3
2022-09-01T12:30:00-00:00,2022-09-01T12:45:00-00:00,2022-09-01,06,BASALT_6_N101,BASALT_6_N101,BASALT_6_N101,RTPD,MCE,LMP_ENE_PRC,BASALT_6_N101,ALL,1,113.57403,3,3
2022-09-01T13:30:00-00:00,2022-09-01T13:45:00-00:00,2022-09-01,07,BASALT_6_N101,BASALT_6_N101,BASALT_6_N101,RTPD,MCE,LMP_ENE_PRC,BASALT_6_N101,ALL,1,111.52025,3,3
2022-09-01T14:30:00-00:00,2022-09-01T14:45:00-00:00,2022-09-01,08,BASALT_6_N101,BASALT_6_N101,BASALT_6_N101,RTPD,MCE,LMP_ENE_PRC,BASALT_6_N101,ALL,1,101.83428,3,3
2022-09-01T15:30:00-00:00,2022-09-01T15:45:00-00:00,2022-09-01,09,BASALT_6_N101,BASALT_6_N101,BASALT_6_N101,RTPD,MCE,LMP_ENE_PRC,BASALT_6_N101,ALL,1,86.1388,3,3
2022-09-01T16:30:00-00:00,2022-09-01T16:45:00-00:00,2022-09-01,10,BASALT_6_N101,BASALT_6_N101,BASALT_6_N101,RTPD,MCE,LMP_ENE_PRC,BASALT_6_N101,ALL,1,88.79644,3,3
2022-09-01T17:30:00-00:00,2022-09-01T17:45:00-00:00,2022-09-01,11,BASALT_6_N101,BASALT_6_N101,BASALT_6_N101,RTPD,MCE,LMP_ENE_PRC,BASALT_6_N101,ALL,1,99.13013,3,3
2022-09-01T18:30:00-00:00,2022-09-01T18:45:00-00:00,2022-09-01,12,BASALT_6_N101,BASALT_6_N101,BASALT_6_N101,RTPD,MCE,LMP_ENE_PRC,BASALT_6_N101,ALL,1,107.05718,3,3
2022-09-01T19:30:00-00:00,2022-09-01T19:45:00-00:00,2022-09-01,13,BASALT_6_N101,BASALT_6_N101,BASALT_6_N101,RTPD,MCE,LMP_ENE_PRC,BASALT_6_N101,ALL,1,114.05905,3,3
2022-09-01T20:30:00-00:00,2022-09-01T20:45:00-00:00,2022-09-01,14,BASALT_6_N101,BASALT_6_N101,BASALT_6_N101,RTPD,MCE,LMP_ENE_PRC,BASALT_6_N101,ALL,1,129.81606,3,3
2022-09-01T21:30:00-00:00,2022-09-01T21:45:00-00:00,2022-09-01,15,BASALT_6_N101,BASALT_6_N101,BASALT_6_N101,RTPD,MCE,LMP_ENE_PRC,BASALT_6_N101,ALL,1,152.93057,3,3
2022-09-01T22:30:00-00:00,2022-09-01T22:45:00-00:00,2022-09-01,16,BASALT_6_N101,BASALT_6_N101,BASALT_6_N101,RTPD,MCE,LMP_ENE_PRC,BASALT_6_N101,ALL,1,283.18182,3,3
2022-09-01T23:30:00-00:00,2022-09-01T23:45:00-00:00,2022-09-01,17,BASALT_6_N101,BASALT_6_N101,BASALT_6_N101,RTPD,MCE,LMP_ENE_PRC,BASALT_6_N101,ALL,1,566.48157,3,3
2022-09-02T00:30:00-00:00,2022-09-02T00:45:00-00:00,2022-09-01,18,BASALT_6_N101,BASALT_6_N101,BASALT_6_N101,RTPD,MCE,LMP_ENE_PRC,BASALT_6_N101,ALL,1,1329.1127,3,3
2022-09-02T01:30:00-00:00,2022-09-02T01:45:00-00:00,2022-09-01,19,BASALT_6_N101,BASALT_6_N101,BASALT_6_N101,RTPD,MCE,LMP_ENE_PRC,BASALT_6_N101,ALL,1,1999.9956,3,3
2022-09-02T02:30:00-00:00,2022-09-02T02:45:00-00:00,2022-09-01,20,BASALT_6_N101,BASALT_6_N101,BASALT_6_N101,RTPD,MCE,LMP_ENE_PRC,BASALT_6_N101,ALL,1,1991.671,3,3
2022-09-02T03:30:00-00:00,2022-09-02T03:45:00-00:00,2022-09-01,21,BASALT_6_N101,BASALT_6_N101,BASALT_6_N101,RTPD,MCE,LMP_ENE_PRC,BASALT_6_N101,ALL,1,186.61823,3,3
2022-09-02T04:30:00-00:00,2022-09-02T04:45:00-00:00,2022-09-01,22,BASALT_6_N101,BASALT_6_N101,BASALT_6_N101,RTPD,MCE,LMP_ENE_PRC,BASALT_6_N101,ALL,1,180.67824,3,3
2022-09-02T05:30:00-00:00,2022-09-02T05:45:00-00:00,2022-09-01,23,BASALT_6_N101,BASALT_6_N101,BASALT_6_N101,RTPD,MCE,LMP_ENE_PRC,BASALT_6_N101,ALL,1,131.69917,3,3
2022-09-02T06:30:00-00:00,2022-09-02T06:45:00-00:00,2022-09-01,24,BASALT_6_N101,BASALT_6_N101,BASALT_6_N101,RTPD,MCE,LMP_ENE_PRC,BASALT_6_N101,ALL,1,128.9871,3,3
2022-09-01T07:45:00-00:00,2022-09-01T08:00:00-00:00,2022-09-01,01,BASALT_6_N101,BASALT_6_N101,BASALT_6_N101,RTPD,MCE,LMP_ENE_PRC,BASALT_6_N101,ALL,1,109.12099,4,3
2022-09-01T08:45:00-00:00,2022-09-01T09:00:00-00:00,2022-09-01,02,BASALT_6_N101,BASALT_6_N101,BASALT_6_N101,RTPD,MCE,LMP_ENE_PRC,BASALT_6_N101,ALL,1,98.7357,4,3
2022-09-01T09:45:00-00:00,2022-09-01T10:00:00-00:00,2022-09-01,03,BASALT_6_N101,BASALT_6_N101,BASALT_6_N101,RTPD,MCE,LMP_ENE_PRC,BASALT_6_N101,ALL,1,97.50475,4,3
2022-09-01T10:45:00-00:00,2022-09-01T11:00:00-00:00,2022-09-01,04,BASALT_6_N101,BASALT_6_N101,BASALT_6_N101,RTPD,MCE,LMP_ENE_PRC,BASALT_6_N101,ALL,1,94.71966,4,3
2022-09-01T11:45:00-00:00,2022-09-01T12:00:00-00:00,2022-09-01,05,BASALT_6_N101,BASALT_6_N101,BASALT_6_N101,RTPD,MCE,LMP_ENE_PRC,BASALT_6_N101,ALL,1,107.01,4,3
2022-09-01T12:45:00-00:00,2022-09-01T13:00:00-00:00,2022-09-01,06,BASALT_6_N101,BASALT_6_N101,BASALT_6_N101,RTPD,MCE,LMP_ENE_PRC,BASALT_6_N101,ALL,1,116.4848,4,3
2022-09-01T13:45:00-00:00,2022-09-01T14:00:00-00:00,2022-09-01,07,BASALT_6_N101,BASALT_6_N101,BASALT_6_N101,RTPD,MCE,LMP_ENE_PRC,BASALT_6_N101,ALL,1,111.41,4,3
2022-09-01T14:45:00-00:00,2022-09-01T15:00:00-00:00,2022-09-01,08,BASALT_6_N101,BASALT_6_N101,BASALT_6_N101,RTPD,MCE,LMP_ENE_PRC,BASALT_6_N101,ALL,1,86.1388,4,3
2022-09-01T15:45:00-00:00,2022-09-01T16:00:00-00:00,2022-09-01,09,BASALT_6_N101,BASALT_6_N101,BASALT_6_N101,RTPD,MCE,LMP_ENE_PRC,BASALT_6_N101,ALL,1,78.70076,4,3
2022-09-01T16:45:00-00:00,2022-09-01T17:00:00-00:00,2022-09-01,10,BASALT_6_N101,BASALT_6_N101,BASALT_6_N101,RTPD,MCE,LMP_ENE_PRC,BASALT_6_N101,ALL,1,91.24933,4,3
2022-09-01T17:45:00-00:00,2022-09-01T18:00:00-00:00,2022-09-01,11,BASALT_6_N101,BASALT_6_N101,BASALT_6_N101,RTPD,MCE,LMP_ENE_PRC,BASALT_6_N101,ALL,1,99.20544,4,3
2022-09-01T18:45:00-00:00,2022-09-01T19:00:00-00:00,2022-09-01,12,BASALT_6_N101,BASALT_6_N101,BASALT_6_N101,RTPD,MCE,LMP_ENE_PRC,BASALT_6_N101,ALL,1,109.04064,4,3
2022-09-01T19:45:00-00:00,2022-09-01T20:00:00-00:00,2022-09-01,13,BASALT_6_N101,BASALT_6_N101,BASALT_6_N101,RTPD,MCE,LMP_ENE_PRC,BASALT_6_N101,ALL,1,120.22491,4,3
2022-09-01T20:45:00-00:00,2022-09-01T21:00:00-00:00,2022-09-01,14,BASALT_6_N101,BASALT_6_N101,BASALT_6_N101,RTPD,MCE,LMP_ENE_PRC,BASALT_6_N101,ALL,1,154.02509,4,3
2022-09-01T21:45:00-00:00,2022-09-01T22:00:00-00:00,2022-09-01,15,BASALT_6_N101,BASALT_6_N101,BASALT_6_N101,RTPD,MCE,LMP_ENE_PRC,BASALT_6_N101,ALL,1,300.29376,4,3
2022-09-01T22:45:00-00:00,2022-09-01T23:00:00-00:00,2022-09-01,16,BASALT_6_N101,BASALT_6_N101,BASALT_6_N101,RTPD,MCE,LMP_ENE_PRC,BASALT_6_N101,ALL,1,429.9137,4,3
2022-09-01T23:45:00-00:00,2022-09-02T00:00:00-00:00,2022-09-01,17,BASALT_6_N101,BASALT_6_N101,BASALT_6_N101,RTPD,MCE,LMP_ENE_PRC,BASALT_6_N101,ALL,1,1261.2124,4,3
2022-09-02T00:45:00-00:00,2022-09-02T01:00:00-00:00,2022-09-01,18,BASALT_6_N101,BASALT_6_N101,BASALT_6_N101,RTPD,MCE,LMP_ENE_PRC,BASALT_6_N101,ALL,1,1519.149,4,3
2022-09-02T01:45:00-00:00,2022-09-02T02:00:00-00:00,2022-09-01,19,BASALT_6_N101,BASALT_6_N101,BASALT_6_N101,RTPD,MCE,LMP_ENE_PRC,BASALT_6_N101,ALL,1,1991.9337,4,3
2022-09-02T02:45:00-00:00,2022-09-02T03:00:00-00:00,2022-09-01,20,BASALT_6_N101,BASALT_6_N101,BASALT_6_N101,RTPD,MCE,LMP_ENE_PRC,BASALT_6_N101,ALL,1,1629.6213,4,3
2022-09-02T03:45:00-00:00,2022-09-02T04:00:00-00:00,2022-09-01,21,BASALT_6_N101,BASALT_6_N101,BASALT_6_N101,RTPD,MCE,LMP_ENE_PRC,BASALT_6_N101,ALL,1,141.13702,4,3
2022-09-02T04:45:00-00:00,2022-09-02T05:00:00-00:00,2022-09-01,22,BASALT_6_N101,BASALT_6_N101,BASALT_6_N101,RTPD,MCE,LMP_ENE_PRC,BASALT_6_N101,ALL,1,126.76372,4,3
2022-09-02T05:45:00-00:00,2022-09-02T06:00:00-00:00,2022-09-01,23,BASALT_6_N101,BASALT_6_N101,BASALT_6_N101,RTPD,MCE,LMP_ENE_PRC,BASALT_6_N101,ALL,1,119.00958,4,3
2022-09-02T06:45:00-00:00,2022-09-02T07:00:00-00:00,2022-09-01,24,BASALT_6_N101,BASALT_6_N101,BASALT_6_N101,RTPD,MCE,LMP_ENE_PRC,BASALT_6_N101,ALL,1,109.20324,4,3
2022-09-01T07:00:00-00:00,2022-09-01T07:15:00-00:00,2022-09-01,01,BASALT_6_N101,BASALT_6_N101,BASALT_6_N101,RTPD,MCL,LMP_LOSS_PRC,BASALT_6_N101,ALL,1,-7.41109,1,4
2022-09-01T08:00:00-00:00,2022-09-01T08:15:00-00:00,2022-09-01,02,BASALT_6_N101,BASALT_6_N101,BASALT_6_N101,RTPD,MCL,LMP_LOSS_PRC,BASALT_6_N101,ALL,1,0,1,4
2022-09-01T09:00:00-00:00,2022-09-01T09:15:00-00:00,2022-09-01,03,BASALT_6_N101,BASALT_6_N101,BASALT_6_N101,RTPD,MCL,LMP_LOSS_PRC,BASALT_6_N101,ALL,1,-1.4062,1,4
2022-09-01T10:00:00-00:00,2022-09-01T10:15:00-00:00,2022-09-01,04,BASALT_6_N101,BASALT_6_N101,BASALT_6_N101,RTPD,MCL,LMP_LOSS_PRC,BASALT_6_N101,ALL,1,-1.17384,1,4
2022-09-01T11:00:00-00:00,2022-09-01T11:15:00-00:00,2022-09-01,05,BASALT_6_N101,BASALT_6_N101,BASALT_6_N101,RTPD,MCL,LMP_LOSS_PRC,BASALT_6_N101,ALL,1,-0.93337,1,4
2022-09-01T12:00:00-00:00,2022-09-01T12:15:00-00:00,2022-09-01,06,BASALT_6_N101,BASALT_6_N101,BASALT_6_N101,RTPD,MCL,LMP_LOSS_PRC,BASALT_6_N101,ALL,1,-1.08537,1,4
2022-09-01T13:00:00-00:00,2022-09-01T13:15:00-00:00,2022-09-01,07,BASALT_6_N101,BASALT_6_N101,BASALT_6_N101,RTPD,MCL,LMP_LOSS_PRC,BASALT_6_N101,ALL,1,0,1,4
2022-09-01T14:00:00-00:00,2022-09-01T14:15:00-00:00,2022-09-01,08,BASALT_6_N101,BASALT_6_N101,BASALT_6_N101,RTPD,MCL,LMP_LOSS_PRC,BASALT_6_N101,ALL,1,0.87779,1,4
2022-09-01T15:00:00-00:00,2022-09-01T15:15:00-00:00,2022-09-01,09,BASALT_6_N101,BASALT_6_N101,BASALT_6_N101,RTPD,MCL,LMP_LOSS_PRC,BASALT_6_N101,ALL,1,0,1,4
2022-09-01T16:00:00-00:00,2022-09-01T16:15:00-00:00,2022-09-01,10,BASALT_6_N101,BASALT_6_N101,BASALT_6_N101,RTPD,MCL,LMP_LOSS_PRC,BASALT_6_N101,ALL,1,0,1,4
2022-09-01T17:00:00-00:00,2022-09-01T17:15:00-00:00,2022-09-01,11,BASALT_6_N101,BASALT_6_N101,BASALT_6_N101,RTPD,MCL,LMP_LOSS_PRC,BASALT_6_N101,ALL,1,0,1,4
2022-09-01T18:00:00-00:00,2022-09-01T18:15:00-00:00,2022-09-01,12,BASALT_6_N101,BASALT_6_N101,BASALT_6_N101,RTPD,MCL,LMP_LOSS_PRC,BASALT_6_N101,ALL,1,0,1,4
2022-09-01T19:00:00-00:00,2022-09-01T19:15:00-00:00,2022-09-01,13,BASALT_6_N101,BASALT_6_N101,BASALT_6_N101,RTPD,MCL,LMP_LOSS_PRC,BASALT_6_N101,ALL,1,0,1,4
2022-09-01T20:00:00-00:00,2022-09-01T20:15:00-00:00,2022-09-01,14,BASALT_6_N101,BASALT_6_N101,BASALT_6_N101,RTPD,MCL,LMP_LOSS_PRC,BASALT_6_N101,ALL,1,0,1,4
2022-09-01T21:00:00-00:00,2022-09-01T21:15:00-00:00,2022-09-01,15,BASALT_6_N101,BASALT_6_N101,BASALT_6_N101,RTPD,MCL,LMP_LOSS_PRC,BASALT_6_N101,ALL,1,0,1,4
2022-09-01T22:00:00-00:00,2022-09-01T22:15:00-00:00,2022-09-01,16,BASALT_6_N101,BASALT_6_N101,BASALT_6_N101,RTPD,MCL,LMP_LOSS_PRC,BASALT_6_N101,ALL,1,0,1,4
2022-09-01T23:00:00-00:00,2022-09-01T23:15:00-00:00,2022-09-01,17,BASALT_6_N101,BASALT_6_N101,BASALT_6_N101,RTPD,MCL,LMP_LOSS_PRC,BASALT_6_N101,ALL,1,0,1,4
2022-09-02T00:00:00-00:00,2022-09-02T00:15:00-00:00,2022-09-01,18,BASALT_6_N101,BASALT_6_N101,BASALT_6_N101,RTPD,MCL,LMP_LOSS_PRC,BASALT_6_N101,ALL,1,27.04741,1,4
2022-09-02T01:00:00-00:00,2022-09-02T01:15:00-00:00,2022-09-01,19,BASALT_6_N101,BASALT_6_N101,BASALT_6_N101,RTPD,MCL,LMP_LOSS_PRC,BASALT_6_N101,ALL,1,0,1,4
2022-09-02T02:00:00-00:00,2022-09-02T02:15:00-00:00,2022-09-01,20,BASALT_6_N101,BASALT_6_N101,BASALT_6_N101,RTPD,MCL,LMP_LOSS_PRC,BASALT_6_N101,ALL,1,0,1,4
2022-09-02T03:00:00-00:00,2022-09-02T03:15:00-00:00,2022-09-01,21,BASALT_6_N101,BASALT_6_N101,BASALT_6_N101,RTPD,MCL,LMP_LOSS_PRC,BASALT_6_N101,ALL,1,26.97599,1,4
2022-09-02T04:00:00-00:00,2022-09-02T04:15:00-00:00,2022-09-01,22,BASALT_6_N101,BASALT_6_N101,BASALT_6_N101,RTPD,MCL,LMP_LOSS_PRC,BASALT_6_N101,ALL,1,2.55252,1,4
2022-09-02T05:00:00-00:00,2022-09-02T05:15:00-00:00,2022-09-01,23,BASALT_6_N101,BASALT_6_N101,BASALT_6_N101,RTPD,MCL,LMP_LOSS_PRC,BASALT_6_N101,ALL,1,2.16231,1,4
2022-09-02T06:00:00-00:00,2022-09-02T06:15:00-00:00,2022-09-01,24,BASALT_6_N101,BASALT_6_N101,BASALT_6_N101,RTPD,MCL,LMP_LOSS_PRC,BASALT_6_N101,ALL,1,0.27007,1,4
2022-09-01T07:15:00-00:00,2022-09-01T07:30:00-00:00,2022-09-01,01,BASALT_6_N101,BASALT_6_N101,BASALT_6_N101,RTPD,MCL,LMP_LOSS_PRC,BASALT_6_N101,ALL,1,0,2,4
2022-09-01T08:15:00-00:00,2022-09-01T08:30:00-00:00,2022-09-01,02,BASALT_6_N101,BASALT_6_N101,BASALT_6_N101,RTPD,MCL,LMP_LOSS_PRC,BASALT_6_N101,ALL,1,0,2,4
2022-09-01T09:15:00-00:00,2022-09-01T09:30:00-00:00,2022-09-01,03,BASALT_6_N101,BASALT_6_N101,BASALT_6_N101,RTPD,MCL,LMP_LOSS_PRC,BASALT_6_N101,ALL,1,-1.36645,2,4
2022-09-01T10:15:00-00:00,2022-09-01T10:30:00-00:00,2022-09-01,04,BASALT_6_N101,BASALT_6_N101,BASALT_6_N101,RTPD,MCL,LMP_LOSS_PRC,BASALT_6_N101,ALL,1,-1.12528,2,4
2022-09-01T11:15:00-00:00,2022-09-01T11:30:00-00:00,2022-09-01,05,BASALT_6_N101,BASALT_6_N101,BASALT_6_N101,RTPD,MCL,LMP_LOSS_PRC,BASALT_6_N101,ALL,1,-0.95874,2,4
2022-09-01T12:15:00-00:00,2022-09-01T12:30:00-00:00,2022-09-01,06,BASALT_6_N101,BASALT_6_N101,BASALT_6_N101,RTPD,MCL,LMP_LOSS_PRC,BASALT_6_N101,ALL,1,-1.02763,2,4
2022-09-01T13:15:00-00:00,2022-09-01T13:30:00-00:00,2022-09-01,07,BASALT_6_N101,BASALT_6_N101,BASALT_6_N101,RTPD,MCL,LMP_LOSS_PRC,BASALT_6_N101,ALL,1,-1.17637,2,4
2022-09-01T14:15:00-00:00,2022-09-01T14:30:00-00:00,2022-09-01,08,BASALT_6_N101,BASALT_6_N101,BASALT_6_N101,RTPD,MCL,LMP_LOSS_PRC,BASALT_6_N101,ALL,1,0.6916,2,4
2022-09-01T15:15:00-00:00,2022-09-01T15:30:00-00:00,2022-09-01,09,BASALT_6_N101,BASALT_6_N101,BASALT_6_N101,RTPD,MCL,LMP_LOSS_PRC,BASALT_6_N101,ALL,1,0,2,4
2022-09-01T16:15:00-00:00,2022-09-01T16:30:00-00:00,2022-09-01,10,BASALT_6_N101,BASALT_6_N101,BASALT_6_N101,RTPD,MCL,LMP_LOSS_PRC,BASALT_6_N101,ALL,1,0,2,4
2022-09-01T17:15:00-00:00,2022-09-01T17:30:00-00:00,2022-09-01,11,BASALT_6_N101,BASALT_6_N101,BASALT_6_N101,RTPD,MCL,LMP_LOSS_PRC,BASALT_6_N101,ALL,1,0,2,4
2022-09-01T18:15:00-00:00,2022-09-01T18:30:00-00:00,2022-09-01,12,BASALT_6_N101,BASALT_6_N101,BASALT_6_N101,RTPD,MCL,LMP_LOSS_PRC,BASALT_6_N101,ALL,1,0,2,4
2022-09-01T19:15:00-00:00,2022-09-01T19:30:00-00:00,2022-09-01,13,BASALT_6_N101,BASALT_6_N101,BASALT_6_N101,RTPD,MCL,LMP_LOSS_PRC,BASALT_6_N101,ALL,1,0,2,4
2022-09-01T20:15:00-00:00,2022-09-01T20:30:00-00:00,2022-09-01,14,BASALT_6_N101,BASALT_6_N101,BASALT_6_N101,RTPD,MCL,LMP_LOSS_PRC,BASALT_6_N101,ALL,1,0,2,4
2022-09-01T21:15:00-00:00,2022-09-01T21:30:00-00:00,2022-09-01,15,BASALT_6_N101,BASALT_6_N101,BASALT_6_N101,RTPD,MCL,LMP_LOSS_PRC,BASALT_6_N101,ALL,1,0,2,4
2022-09-01T22:15:00-00:00,2022-09-01T22:30:00-00:00,2022-09-01,16,BASALT_6_N101,BASALT_6_N101,BASALT_6_N101,RTPD,MCL,LMP_LOSS_PRC,BASALT_6_N101,ALL,1,0,2,4
2022-09-01T23:15:00-00:00,2022-09-01T23:30:00-00:00,2022-09-01,17,BASALT_6_N101,BASALT_6_N101,BASALT_6_N101,RTPD,MCL,LMP_LOSS_PRC,BASALT_6_N101,ALL,1,0,2,4
2022-09-02T00:15:00-00:00,2022-09-02T00:30:00-00:00,2022-09-01,18,BASALT_6_N101,BASALT_6_N101,BASALT_6_N101,RTPD,MCL,LMP_LOSS_PRC,BASALT_6_N101,ALL,1,23.84703,2,4
2022-09-02T01:15:00-00:00,2022-09-02T01:30:00-00:00,2022-09-01,19,BASALT_6_N101,BASALT_6_N101,BASALT_6_N101,RTPD,MCL,LMP_LOSS_PRC,BASALT_6_N101,ALL,1,0,2,4
2022-09-02T02:15:00-00:00,2022-09-02T02:30:00-00:00,2022-09-01,20,BASALT_6_N101,BASALT_6_N101,BASALT_6_N101,RTPD,MCL,LMP_LOSS_PRC,BASALT_6_N101,ALL,1,0,2,4
2022-09-02T03:15:00-00:00,2022-09-02T03:30:00-00:00,2022-09-01,21,BASALT_6_N101,BASALT_6_N101,BASALT_6_N101,RTPD,MCL,LMP_LOSS_PRC,BASALT_6_N101,ALL,1,11.85565,2,4
2022-09-02T04:15:00-00:00,2022-09-02T04:30:00-00:00,2022-09-01,22,BASALT_6_N101,BASALT_6_N101,BASALT_6_N101,RTPD,MCL,LMP_LOSS_PRC,BASALT_6_N101,ALL,1,2.02275,2,4
2022-09-02T05:15:00-00:00,2022-09-02T05:30:00-00:00,2022-09-01,23,BASALT_6_N101,BASALT_6_N101,BASALT_6_N101,RTPD,MCL,LMP_LOSS_PRC,BASALT_6_N101,ALL,1,1.1784,2,4
2022-09-02T06:15:00-00:00,2022-09-02T06:30:00-00:00,2022-09-01,24,BASALT_6_N101,BASALT_6_N101,BASALT_6_N101,RTPD,MCL,LMP_LOSS_PRC,BASALT_6_N101,ALL,1,-0.97308,2,4
2022-09-01T07:30:00-00:00,2022-09-01T07:45:00-00:00,2022-09-01,01,BASALT_6_N101,BASALT_6_N101,BASALT_6_N101,RTPD,MCL,LMP_LOSS_PRC,BASALT_6_N101,ALL,1,0,3,4
2022-09-01T08:30:00-00:00,2022-09-01T08:45:00-00:00,2022-09-01,02,BASALT_6_N101,BASALT_6_N101,BASALT_6_N101,RTPD,MCL,LMP_LOSS_PRC,BASALT_6_N101,ALL,1,-1.14446,3,4
2022-09-01T09:30:00-00:00,2022-09-01T09:45:00-00:00,2022-09-01,03,BASALT_6_N101,BASALT_6_N101,BASALT_6_N101,RTPD,MCL,LMP_LOSS_PRC,BASALT_6_N101,ALL,1,-1.53133,3,4
2022-09-01T10:30:00-00:00,2022-09-01T10:45:00-00:00,2022-09-01,04,BASALT_6_N101,BASALT_6_N101,BASALT_6_N101,RTPD,MCL,LMP_LOSS_PRC,BASALT_6_N101,ALL,1,-1.02144,3,4
2022-09-01T11:30:00-00:00,2022-09-01T11:45:00-00:00,2022-09-01,05,BASALT_6_N101,BASALT_6_N101,BASALT_6_N101,RTPD,MCL,LMP_LOSS_PRC,BASALT_6_N101,ALL,1,-0.8348,3,4
2022-09-01T12:30:00-00:00,2022-09-01T12:45:00-00:00,2022-09-01,06,BASALT_6_N101,BASALT_6_N101,BASALT_6_N101,RTPD,MCL,LMP_LOSS_PRC,BASALT_6_N101,ALL,1,-0.98809,3,4
2022-09-01T13:30:00-00:00,2022-09-01T13:45:00-00:00,2022-09-01,07,BASALT_6_N101,BASALT_6_N101,BASALT_6_N101,RTPD,MCL,LMP_LOSS_PRC,BASALT_6_N101,ALL,1,-0.93677,3,4
2022-09-01T14:30:00-00:00,2022-09-01T14:45:00-00:00,2022-09-01,08,BASALT_6_N101,BASALT_6_N101,BASALT_6_N101,RTPD,MCL,LMP_LOSS_PRC,BASALT_6_N101,ALL,1,0.97761,3,4
2022-09-01T15:30:00-00:00,2022-09-01T15:45:00-00:00,2022-09-01,09,BASALT_6_N101,BASALT_6_N101,BASALT_6_N101,RTPD,MCL,LMP_LOSS_PRC,BASALT_6_N101,ALL,1,0,3,4
2022-09-01T16:30:00-00:00,2022-09-01T16:45:00-00:00,2022-09-01,10,BASALT_6_N101,BASALT_6_N101,BASALT_6_N101,RTPD,MCL,LMP_LOSS_PRC,BASALT_6_N101,ALL,1,0,3,4
2022-09-01T17:30:00-00:00,2022-09-01T17:45:00-00:00,2022-09-01,11,BASALT_6_N101,BASALT_6_N101,BASALT_6_N101,RTPD,MCL,LMP_LOSS_PRC,BASALT_6_N101,ALL,1,0,3,4
2022-09-01T18:30:00-00:00,2022-09-01T18:45:00-00:00,2022-09-01,12,BASALT_6_N101,BASALT_6_N101,BASALT_6_N101,RTPD,MCL,LMP_LOSS_PRC,BASALT_6_N101,ALL,1,0,3,4
2022-09-01T19:30:00-00:00,2022-09-01T19:45:00-00:00,2022-09-01,13,BASALT_6_N101,BASALT_6_N101,BASALT_6_N101,RTPD,MCL,LMP_LOSS_PRC,BASALT_6_N101,ALL,1,0,3,4
2022-09-01T20:30:00-00:00,2022-09-01T20:45:00-00:00,2022-09-01,14,BASALT_6_N101,BASALT_6_N101,BASALT_6_N101,RTPD,MCL,LMP_LOSS_PRC,BASALT_6_N101,ALL,1,0,3,4
2022-09-01T21:30:00-00:00,2022-09-01T21:45:00-00:00,2022-09-01,15,BASALT_6_N101,BASALT_6_N101,BASALT_6_N101,RTPD,MCL,LMP_LOSS_PRC,BASALT_6_N101,ALL,1,0,3,4
2022-09-01T22:30:00-00:00,2022-09-01T22:45:00-00:00,2022-09-01,16,BASALT_6_N101,BASALT_6_N101,BASALT_6_N101,RTPD,MCL,LMP_LOSS_PRC,BASALT_6_N101,ALL,1,0,3,4
2022-09-01T23:30:00-00:00,2022-09-01T23:45:00-00:00,2022-09-01,17,BASALT_6_N101,BASALT_6_N101,BASALT_6_N101,RTPD,MCL,LMP_LOSS_PRC,BASALT_6_N101,ALL,1,0,3,4
2022-09-02T00:30:00-00:00,2022-09-02T00:45:00-00:00,2022-09-01,18,BASALT_6_N101,BASALT_6_N101,BASALT_6_N101,RTPD,MCL,LMP_LOSS_PRC,BASALT_6_N101,ALL,1,0,3,4
2022-09-02T01:30:00-00:00,2022-09-02T01:45:00-00:00,2022-09-01,19,BASALT_6_N101,BASALT_6_N101,BASALT_6_N101,RTPD,MCL,LMP_LOSS_PRC,BASALT_6_N101,ALL,1,0,3,4
2022-09-02T02:30:00-00:00,2022-09-02T02:45:00-00:00,2022-09-01,20,BASALT_6_N101,BASALT_6_N101,BASALT_6_N101,RTPD,MCL,LMP_LOSS_PRC,BASALT_6_N101,ALL,1,0,3,4
2022-09-02T03:30:00-00:00,2022-09-02T03:45:00-00:00,2022-09-01,21,BASALT_6_N101,BASALT_6_N101,BASALT_6_N101,RTPD,MCL,LMP_LOSS_PRC,BASALT_6_N101,ALL,1,5.57988,3,4
2022-09-02T04:30:00-00:00,2022-09-02T04:45:00-00:00,2022-09-01,22,BASALT_6_N101,BASALT_6_N101,BASALT_6_N101,RTPD,MCL,LMP_LOSS_PRC,BASALT_6_N101,ALL,1,0.21681,3,4
2022-09-02T05:30:00-00:00,2022-09-02T05:45:00-00:00,2022-09-01,23,BASALT_6_N101,BASALT_6_N101,BASALT_6_N101,RTPD,MCL,LMP_LOSS_PRC,BASALT_6_N101,ALL,1,0.50046,3,4
2022-09-02T06:30:00-00:00,2022-09-02T06:45:00-00:00,2022-09-01,24,BASALT_6_N101,BASALT_6_N101,BASALT_6_N101,RTPD,MCL,LMP_LOSS_PRC,BASALT_6_N101,ALL,1,-0.11609,3,4
2022-09-01T07:45:00-00:00,2022-09-01T08:00:00-00:00,2022-09-01,01,BASALT_6_N101,BASALT_6_N101,BASALT_6_N101,RTPD,MCL,LMP_LOSS_PRC,BASALT_6_N101,ALL,1,0,4,4
2022-09-01T08:45:00-00:00,2022-09-01T09:00:00-00:00,2022-09-01,02,BASALT_6_N101,BASALT_6_N101,BASALT_6_N101,RTPD,MCL,LMP_LOSS_PRC,BASALT_6_N101,ALL,1,-0.99723,4,4
2022-09-01T09:45:00-00:00,2022-09-01T10:00:00-00:00,2022-09-01,03,BASALT_6_N101,BASALT_6_N101,BASALT_6_N101,RTPD,MCL,LMP_LOSS_PRC,BASALT_6_N101,ALL,1,-1.52107,4,4
2022-09-01T10:45:00-00:00,2022-09-01T11:00:00-00:00,2022-09-01,04,BASALT_6_N101,BASALT_6_N101,BASALT_6_N101,RTPD,MCL,LMP_LOSS_PRC,BASALT_6_N101,ALL,1,-1.0135,4,4
2022-09-01T11:45:00-00:00,2022-09-01T12:00:00-00:00,2022-09-01,05,BASALT_6_N101,BASALT_6_N101,BASALT_6_N101,RTPD,MCL,LMP_LOSS_PRC,BASALT_6_N101,ALL,1,0,4,4
2022-09-01T12:45:00-00:00,2022-09-01T13:00:00-00:00,2022-09-01,06,BASALT_6_N101,BASALT_6_N101,BASALT_6_N101,RTPD,MCL,LMP_LOSS_PRC,BASALT_6_N101,ALL,1,0,4,4
2022-09-01T13:45:00-00:00,2022-09-01T14:00:00-00:00,2022-09-01,07,BASALT_6_N101,BASALT_6_N101,BASALT_6_N101,RTPD,MCL,LMP_LOSS_PRC,BASALT_6_N101,ALL,1,0,4,4
2022-09-01T14:45:00-00:00,2022-09-01T15:00:00-00:00,2022-09-01,08,BASALT_6_N101,BASALT_6_N101,BASALT_6_N101,RTPD,MCL,LMP_LOSS_PRC,BASALT_6_N101,ALL,1,0,4,4
2022-09-01T15:45:00-00:00,2022-09-01T16:00:00-00:00,2022-09-01,09,BASALT_6_N101,BASALT_6_N101,BASALT_6_N101,RTPD,MCL,LMP_LOSS_PRC,BASALT_6_N101,ALL,1,0,4,4
2022-09-01T16:45:00-00:00,2022-09-01T17:00:00-00:00,2022-09-01,10,BASALT_6_N101,BASALT_6_N101,BASALT_6_N101,RTPD,MCL,LMP_LOSS_PRC,BASALT_6_N101,ALL,1,0,4,4
2022-09-01T17:45:00-00:00,2022-09-01T18:00:00-00:00,2022-09-01,11,BASALT_6_N101,BASALT_6_N101,BASALT_6_N101,RTPD,MCL,LMP_LOSS_PRC,BASALT_6_N101,ALL,1,0,4,4
2022-09-01T18:45:00-00:00,2022-09-01T19:00:00-00:00,2022-09-01,12,BASALT_6_N101,BASALT_6_N101,BASALT_6_N101,RTPD,MCL,LMP_LOSS_PRC,BASALT_6_N101,ALL,1,0,4,4
2022-09-01T19:45:00-00:00,2022-09-01T20:00:00-00:00,2022-09-01,13,BASALT_6_N101,BASALT_6_N101,BASALT_6_N101,RTPD,MCL,LMP_LOSS_PRC,BASALT_6_N101,ALL,1,0,4,4
2022-09-01T20:45:00-00:00,2022-09-01T21:00:00-00:00,2022-09-01,14,BASALT_6_N101,BASALT_6_N101,BASALT_6_N101,RTPD,MCL,LMP_LOSS_PRC,BASALT_6_N101,ALL,1,0,4,4
2022-09-01T21:45:00-00:00,2022-09-01T22:00:00-00:00,2022-09-01,15,BASALT_6_N101,BASALT_6_N101,BASALT_6_N101,RTPD,MCL,LMP_LOSS_PRC,BASALT_6_N101,ALL,1,0,4,4
2022-09-01T22:45:00-00:00,2022-09-01T23:00:00-00:00,2022-09-01,16,BASALT_6_N101,BASALT_6_N101,BASALT_6_N101,RTPD,MCL,LMP_LOSS_PRC,BASALT_6_N101,ALL,1,0,4,4
2022-09-01T23:45:00-00:00,2022-09-02T00:00:00-00:00,2022-09-01,17,BASALT_6_N101,BASALT_6_N101,BASALT_6_N101,RTPD,MCL,LMP_LOSS_PRC,BASALT_6_N101,ALL,1,0,4,4
2022-09-02T00:45:00-00:00,2022-09-02T01:00:00-00:00,2022-09-01,18,BASALT_6_N101,BASALT_6_N101,BASALT_6_N101,RTPD,MCL,LMP_LOSS_PRC,BASALT_6_N101,ALL,1,0,4,4
2022-09-02T01:45:00-00:00,2022-09-02T02:00:00-00:00,2022-09-01,19,BASALT_6_N101,BASALT_6_N101,BASALT_6_N101,RTPD,MCL,LMP_LOSS_PRC,BASALT_6_N101,ALL,1,0,4,4
2022-09-02T02:45:00-00:00,2022-09-02T03:00:00-00:00,2022-09-01,20,BASALT_6_N101,BASALT_6_N101,BASALT_6_N101,RTPD,MCL,LMP_LOSS_PRC,BASALT_6_N101,ALL,1,65.67374,4,4
2022-09-02T03:45:00-00:00,2022-09-02T04:00:00-00:00,2022-09-01,21,BASALT_6_N101,BASALT_6_N101,BASALT_6_N101,RTPD,MCL,LMP_LOSS_PRC,BASALT_6_N101,ALL,1,3.42963,4,4
2022-09-02T04:45:00-00:00,2022-09-02T05:00:00-00:00,2022-09-01,22,BASALT_6_N101,BASALT_6_N101,BASALT_6_N101,RTPD,MCL,LMP_LOSS_PRC,BASALT_6_N101,ALL,1,1.03946,4,4
2022-09-02T05:45:00-00:00,2022-09-02T06:00:00-00:00,2022-09-01,23,BASALT_6_N101,BASALT_6_N101,BASALT_6_N101,RTPD,MCL,LMP_LOSS_PRC,BASALT_6_N101,ALL,1,0.51174,4,4
2022-09-02T06:45:00-00:00,2022-09-02T07:00:00-00:00,2022-09-01,24,BASALT_6_N101,BASALT_6_N101,BASALT_6_N101,RTPD,MCL,LMP_LOSS_PRC,BASALT_6_N101,ALL,1,0.37129,4,4
2022-09-01T07:00:00-00:00,2022-09-01T07:15:00-00:00,2022-09-01,01,BASALT_6_N101,BASALT_6_N101,BASALT_6_N101,RTPD,MGHG,LMP_GHG_PRC,BASALT_6_N101,ALL,1,0,1,5
2022-09-01T08:00:00-00:00,2022-09-01T08:15:00-00:00,2022-09-01,02,BASALT_6_N101,BASALT_6_N101,BASALT_6_N101,RTPD,MGHG,LMP_GHG_PRC,BASALT_6_N101,ALL,1,0,1,5
2022-09-01T09:00:00-00:00,2022-09-01T09:15:00-00:00,2022-09-01,03,BASALT_6_N101,BASALT_6_N101,BASALT_6_N101,RTPD,MGHG,LMP_GHG_PRC,BASALT_6_N101,ALL,1,0,1,5
2022-09-01T10:00:00-00:00,2022-09-01T10:15:00-00:00,2022-09-01,04,BASALT_6_N101,BASALT_6_N101,BASALT_6_N101,RTPD,MGHG,LMP_GHG_PRC,BASALT_6_N101,ALL,1,0,1,5
2022-09-01T11:00:00-00:00,2022-09-01T11:15:00-00:00,2022-09-01,05,BASALT_6_N101,BASALT_6_N101,BASALT_6_N101,RTPD,MGHG,LMP_GHG_PRC,BASALT_6_N101,ALL,1,0,1,5
2022-09-01T12:00:00-00:00,2022-09-01T12:15:00-00:00,2022-09-01,06,BASALT_6_N101,BASALT_6_N101,BASALT_6_N101,RTPD,MGHG,LMP_GHG_PRC,BASALT_6_N101,ALL,1,0,1,5
2022-09-01T13:00:00-00:00,2022-09-01T13:15:00-00:00,2022-09-01,07,BASALT_6_N101,BASALT_6_N101,BASALT_6_N101,RTPD,MGHG,LMP_GHG_PRC,BASALT_6_N101,ALL,1,0,1,5
2022-09-01T14:00:00-00:00,2022-09-01T14:15:00-00:00,2022-09-01,08,BASALT_6_N101,BASALT_6_N101,BASALT_6_N101,RTPD,MGHG,LMP_GHG_PRC,BASALT_6_N101,ALL,1,0,1,5
2022-09-01T15:00:00-00:00,2022-09-01T15:15:00-00:00,2022-09-01,09,BASALT_6_N101,BASALT_6_N101,BASALT_6_N101,RTPD,MGHG,LMP_GHG_PRC,BASALT_6_N101,ALL,1,0,1,5
2022-09-01T16:00:00-00:00,2022-09-01T16:15:00-00:00,2022-09-01,10,BASALT_6_N101,BASALT_6_N101,BASALT_6_N101,RTPD,MGHG,LMP_GHG_PRC,BASALT_6_N101,ALL,1,0,1,5
2022-09-01T17:00:00-00:00,2022-09-01T17:15:00-00:00,2022-09-01,11,BASALT_6_N101,BASALT_6_N101,BASALT_6_N101,RTPD,MGHG,LMP_GHG_PRC,BASALT_6_N101,ALL,1,0,1,5
2022-09-01T18:00:00-00:00,2022-09-01T18:15:00-00:00,2022-09-01,12,BASALT_6_N101,BASALT_6_N101,BASALT_6_N101,RTPD,MGHG,LMP_GHG_PRC,BASALT_6_N101,ALL,1,0,1,5
2022-09-01T19:00:00-00:00,2022-09-01T19:15:00-00:00,2022-09-01,13,BASALT_6_N101,BASALT_6_N101,BASALT_6_N101,RTPD,MGHG,LMP_GHG_PRC,BASALT_6_N101,ALL,1,0,1,5
2022-09-01T20:00:00-00:00,2022-09-01T20:15:00-00:00,2022-09-01,14,BASALT_6_N101,BASALT_6_N101,BASALT_6_N101,RTPD,MGHG,LMP_GHG_PRC,BASALT_6_N101,ALL,1,0,1,5
2022-09-01T21:00:00-00:00,2022-09-01T21:15:00-00:00,2022-09-01,15,BASALT_6_N101,BASALT_6_N101,BASALT_6_N101,RTPD,MGHG,LMP_GHG_PRC,BASALT_6_N101,ALL,1,0,1,5
2022-09-01T22:00:00-00:00,2022-09-01T22:15:00-00:00,2022-09-01,16,BASALT_6_N101,BASALT_6_N101,BASALT_6_N101,RTPD,MGHG,LMP_GHG_PRC,BASALT_6_N101,ALL,1,0,1,5
2022-09-01T23:00:00-00:00,2022-09-01T23:15:00-00:00,2022-09-01,17,BASALT_6_N101,BASALT_6_N101,BASALT_6_N101,RTPD,MGHG,LMP_GHG_PRC,BASALT_6_N101,ALL,1,0,1,5
2022-09-02T00:00:00-00:00,2022-09-02T00:15:00-00:00,2022-09-01,18,BASALT_6_N101,BASALT_6_N101,BASALT_6_N101,RTPD,MGHG,LMP_GHG_PRC,BASALT_6_N101,ALL,1,0,1,5
2022-09-02T01:00:00-00:00,2022-09-02T01:15:00-00:00,2022-09-01,19,BASALT_6_N101,BASALT_6_N101,BASALT_6_N101,RTPD,MGHG,LMP_GHG_PRC,BASALT_6_N101,ALL,1,0,1,5
2022-09-02T02:00:00-00:00,2022-09-02T02:15:00-00:00,2022-09-01,20,BASALT_6_N101,BASALT_6_N101,BASALT_6_N101,RTPD,MGHG,LMP_GHG_PRC,BASALT_6_N101,ALL,1,0,1,5
2022-09-02T03:00:00-00:00,2022-09-02T03:15:00-00:00,2022-09-01,21,BASALT_6_N101,BASALT_6_N101,BASALT_6_N101,RTPD,MGHG,LMP_GHG_PRC,BASALT_6_N101,ALL,1,0,1,5
2022-09-02T04:00:00-00:00,2022-09-02T04:15:00-00:00,2022-09-01,22,BASALT_6_N101,BASALT_6_N101,BASALT_6_N101,RTPD,MGHG,LMP_GHG_PRC,BASALT_6_N101,ALL,1,0,1,5
2022-09-02T05:00:00-00:00,2022-09-02T05:15:00-00:00,2022-09-01,23,BASALT_6_N101,BASALT_6_N101,BASALT_6_N101,RTPD,MGHG,LMP_GHG_PRC,BASALT_6_N101,ALL,1,0,1,5
2022-09-02T06:00:00-00:00,2022-09-02T06:15:00-00:00,2022-09-01,24,BASALT_6_N101,BASALT_6_N101,BASALT_6_N101,RTPD,MGHG,LMP_GHG_PRC,BASALT_6_N101,ALL,1,0,1,5
2022-09-01T07:15:00-00:00,2022-09-01T07:30:00-00:00,2022-09-01,01,BASALT_6_N101,BASALT_6_N101,BASALT_6_N101,RTPD,MGHG,LMP_GHG_PRC,BASALT_6_N101,ALL,1,0,2,5
2022-09-01T08:15:00-00:00,2022-09-01T08:30:00-00:00,2022-09-01,02,BASALT_6_N101,BASALT_6_N101,BASALT_6_N101,RTPD,MGHG,LMP_GHG_PRC,BASALT_6_N101,ALL,1,0,2,5
2022-09-01T09:15:00-00:00,2022-09-01T09:30:00-00:00,2022-09-01,03,BASALT_6_N101,BASALT_6_N101,BASALT_6_N101,RTPD,MGHG,LMP_GHG_PRC,BASALT_6_N101,ALL,1,0,2,5
2022-09-01T10:15:00-00:00,2022-09-01T10:30:00-00:00,2022-09-01,04,BASALT_6_N101,BASALT_6_N101,BASALT_6_N101,RTPD,MGHG,LMP_GHG_PRC,BASALT_6_N101,ALL,1,0,2,5
2022-09-01T11:15:00-00:00,2022-09-01T11:30:00-00:00,2022-09-01,05,BASALT_6_N101,BASALT_6_N101,BASALT_6_N101,RTPD,MGHG,LMP_GHG_PRC,BASALT_6_N101,ALL,1,0,2,5
2022-09-01T12:15:00-00:00,2022-09-01T12:30:00-00:00,2022-09-01,06,BASALT_6_N101,BASALT_6_N101,BASALT_6_N101,RTPD,MGHG,LMP_GHG_PRC,BASALT_6_N101,ALL,1,0,2,5
2022-09-01T13:15:00-00:00,2022-09-01T13:30:00-00:00,2022-09-01,07,BASALT_6_N101,BASALT_6_N101,BASALT_6_N101,RTPD,MGHG,LMP_GHG_PRC,BASALT_6_N101,ALL,1,0,2,5
2022-09-01T14:15:00-00:00,2022-09-01T14:30:00-00:00,2022-09-01,08,BASALT_6_N101,BASALT_6_N101,BASALT_6_N101,RTPD,MGHG,LMP_GHG_PRC,BASALT_6_N101,ALL,1,0,2,5
2022-09-01T15:15:00-00:00,2022-09-01T15:30:00-00:00,2022-09-01,09,BASALT_6_N101,BASALT_6_N101,BASALT_6_N101,RTPD,MGHG,LMP_GHG_PRC,BASALT_6_N101,ALL,1,0,2,5
2022-09-01T16:15:00-00:00,2022-09-01T16:30:00-00:00,2022-09-01,10,BASALT_6_N101,BASALT_6_N101,BASALT_6_N101,RTPD,MGHG,LMP_GHG_PRC,BASALT_6_N101,ALL,1,0,2,5
2022-09-01T17:15:00-00:00,2022-09-01T17:30:00-00:00,2022-09-01,11,BASALT_6_N101,BASALT_6_N101,BASALT_6_N101,RTPD,MGHG,LMP_GHG_PRC,BASALT_6_N101,ALL,1,0,2,5
2022-09-01T18:15:00-00:00,2022-09-01T18:30:00-00:00,2022-09-01,12,BASALT_6_N101,BASALT_6_N101,BASALT_6_N101,RTPD,MGHG,LMP_GHG_PRC,BASALT_6_N101,ALL,1,0,2,5
2022-09-01T19:15:00-00:00,2022-09-01T19:30:00-00:00,2022-09-01,13,BASALT_6_N101,BASALT_6_N101,BASALT_6_N101,RTPD,MGHG,LMP_GHG_PRC,BASALT_6_N101,ALL,1,0,2,5
2022-09-01T20:15:00-00:00,2022-09-01T20:30:00-00:00,2022-09-01,14,BASALT_6_N101,BASALT_6_N101,BASALT_6_N101,RTPD,MGHG,LMP_GHG_PRC,BASALT_6_N101,ALL,1,0,2,5
2022-09-01T21:15:00-00:00,2022-09-01T21:30:00-00:00,2022-09-01,15,BASALT_6_N101,BASALT_6_N101,BASALT_6_N101,RTPD,MGHG,LMP_GHG_PRC,BASALT_6_N101,ALL,1,0,2,5
2022-09-01T22:15:00-00:00,2022-09-01T22:30:00-00:00,2022-09-01,16,BASALT_6_N101,BASALT_6_N101,BASALT_6_N101,RTPD,MGHG,LMP_GHG_PRC,BASALT_6_N101,ALL,1,0,2,5
2022-09-01T23:15:00-00:00,2022-09-01T23:30:00-00:00,2022-09-01,17,BASALT_6_N101,BASALT_6_N101,BASALT_6_N101,RTPD,MGHG,LMP_GHG_PRC,BASALT_6_N101,ALL,1,0,2,5
2022-09-02T00:15:00-00:00,2022-09-02T00:30:00-00:00,2022-09-01,18,BASALT_6_N101,BASALT_6_N101,BASALT_6_N101,RTPD,MGHG,LMP_GHG_PRC,BASALT_6_N101,ALL,1,0,2,5
2022-09-02T01:15:00-00:00,2022-09-02T01:30:00-00:00,2022-09-01,19,BASALT_6_N101,BASALT_6_N101,BASALT_6_N101,RTPD,MGHG,LMP_GHG_PRC,BASALT_6_N101,ALL,1,0,2,5
2022-09-02T02:15:00-00:00,2022-09-02T02:30:00-00:00,2022-09-01,20,BASALT_6_N101,BASALT_6_N101,BASALT_6_N101,RTPD,MGHG,LMP_GHG_PRC,BASALT_6_N101,ALL,1,0,2,5
2022-09-02T03:15:00-00:00,2022-09-02T03:30:00-00:00,2022-09-01,21,BASALT_6_N101,BASALT_6_N101,BASALT_6_N101,RTPD,MGHG,LMP_GHG_PRC,BASALT_6_N101,ALL,1,0,2,5
2022-09-02T04:15:00-00:00,2022-09-02T04:30:00-00:00,2022-09-01,22,BASALT_6_N101,BASALT_6_N101,BASALT_6_N101,RTPD,MGHG,LMP_GHG_PRC,BASALT_6_N101,ALL,1,0,2,5
2022-09-02T05:15:00-00:00,2022-09-02T05:30:00-00:00,2022-09-01,23,BASALT_6_N101,BASALT_6_N101,BASALT_6_N101,RTPD,MGHG,LMP_GHG_PRC,BASALT_6_N101,ALL,1,0,2,5
2022-09-02T06:15:00-00:00,2022-09-02T06:30:00-00:00,2022-09-01,24,BASALT_6_N101,BASALT_6_N101,BASALT_6_N101,RTPD,MGHG,LMP_GHG_PRC,BASALT_6_N101,ALL,1,0,2,5
2022-09-01T07:30:00-00:00,2022-09-01T07:45:00-00:00,2022-09-01,01,BASALT_6_N101,BASALT_6_N101,BASALT_6_N101,RTPD,MGHG,LMP_GHG_PRC,BASALT_6_N101,ALL,1,0,3,5
2022-09-01T08:30:00-00:00,2022-09-01T08:45:00-00:00,2022-09-01,02,BASALT_6_N101,BASALT_6_N101,BASALT_6_N101,RTPD,MGHG,LMP_GHG_PRC,BASALT_6_N101,ALL,1,0,3,5
2022-09-01T09:30:00-00:00,2022-09-01T09:45:00-00:00,2022-09-01,03,BASALT_6_N101,BASALT_6_N101,BASALT_6_N101,RTPD,MGHG,LMP_GHG_PRC,BASALT_6_N101,ALL,1,0,3,5
2022-09-01T10:30:00-00:00,2022-09-01T10:45:00-00:00,2022-09-01,04,BASALT_6_N101,BASALT_6_N101,BASALT_6_N101,RTPD,MGHG,LMP_GHG_PRC,BASALT_6_N101,ALL,1,0,3,5
2022-09-01T11:30:00-00:00,2022-09-01T11:45:00-00:00,2022-09-01,05,BASALT_6_N101,BASALT_6_N101,BASALT_6_N101,RTPD,MGHG,LMP_GHG_PRC,BASALT_6_N101,ALL,1,0,3,5
2022-09-01T12:30:00-00:00,2022-09-01T12:45:00-00:00,2022-09-01,06,BASALT_6_N101,BASALT_6_N101,BASALT_6_N101,RTPD,MGHG,LMP_GHG_PRC,BASALT_6_N101,ALL,1,0,3,5
2022-09-01T13:30:00-00:00,2022-09-01T13:45:00-00:00,2022-09-01,07,BASALT_6_N101,BASALT_6_N101,BASALT_6_N101,RTPD,MGHG,LMP_GHG_PRC,BASALT_6_N101,ALL,1,0,3,5
2022-09-01T14:30:00-00:00,2022-09-01T14:45:00-00:00,2022-09-01,08,BASALT_6_N101,BASALT_6_N101,BASALT_6_N101,RTPD,MGHG,LMP_GHG_PRC,BASALT_6_N101,ALL,1,0,3,5
2022-09-01T15:30:00-00:00,2022-09-01T15:45:00-00:00,2022-09-01,09,BASALT_6_N101,BASALT_6_N101,BASALT_6_N101,RTPD,MGHG,LMP_GHG_PRC,BASALT_6_N101,ALL,1,0,3,5
2022-09-01T16:30:00-00:00,2022-09-01T16:45:00-00:00,2022-09-01,10,BASALT_6_N101,BASALT_6_N101,BASALT_6_N101,RTPD,MGHG,LMP_GHG_PRC,BASALT_6_N101,ALL,1,0,3,5
2022-09-01T17:30:00-00:00,2022-09-01T17:45:00-00:00,2022-09-01,11,BASALT_6_N101,BASALT_6_N101,BASALT_6_N101,RTPD,MGHG,LMP_GHG_PRC,BASALT_6_N101,ALL,1,0,3,5
2022-09-01T18:30:00-00:00,2022-09-01T18:45:00-00:00,2022-09-01,12,BASALT_6_N101,BASALT_6_N101,BASALT_6_N101,RTPD,MGHG,LMP_GHG_PRC,BASALT_6_N101,ALL,1,0,3,5
2022-09-01T19:30:00-00:00,2022-09-01T19:45:00-00:00,2022-09-01,13,BASALT_6_N101,BASALT_6_N101,BASALT_6_N101,RTPD,MGHG,LMP_GHG_PRC,BASALT_6_N101,ALL,1,0,3,5
2022-09-01T20:30:00-00:00,2022-09-01T20:45:00-00:00,2022-09-01,14,BASALT_6_N101,BASALT_6_N101,BASALT_6_N101,RTPD,MGHG,LMP_GHG_PRC,BASALT_6_N101,ALL,1,0,3,5
2022-09-01T21:30:00-00:00,2022-09-01T21:45:00-00:00,2022-09-01,15,BASALT_6_N101,BASALT_6_N101,BASALT_6_N101,RTPD,MGHG,LMP_GHG_PRC,BASALT_6_N101,ALL,1,0,3,5
2022-09-01T22:30:00-00:00,2022-09-01T22:45:00-00:00,2022-09-01,16,BASALT_6_N101,BASALT_6_N101,BASALT_6_N101,RTPD,MGHG,LMP_GHG_PRC,BASALT_6_N101,ALL,1,0,3,5
2022-09-01T23:30:00-00:00,2022-09-01T23:45:00-00:00,2022-09-01,17,BASALT_6_N101,BASALT_6_N101,BASALT_6_N101,RTPD,MGHG,LMP_GHG_PRC,BASALT_6_N101,ALL,1,0,3,5
2022-09-02T00:30:00-00:00,2022-09-02T00:45:00-00:00,2022-09-01,18,BASALT_6_N101,BASALT_6_N101,BASALT_6_N101,RTPD,MGHG,LMP_GHG_PRC,BASALT_6_N101,ALL,1,0,3,5
2022-09-02T01:30:00-00:00,2022-09-02T01:45:00-00:00,2022-09-01,19,BASALT_6_N101,BASALT_6_N101,BASALT_6_N101,RTPD,MGHG,LMP_GHG_PRC,BASALT_6_N101,ALL,1,0,3,5
2022-09-02T02:30:00-00:00,2022-09-02T02:45:00-00:00,2022-09-01,20,BASALT_6_N101,BASALT_6_N101,BASALT_6_N101,RTPD,MGHG,LMP_GHG_PRC,BASALT_6_N101,ALL,1,0,3,5
2022-09-02T03:30:00-00:00,2022-09-02T03:45:00-00:00,2022-09-01,21,BASALT_6_N101,BASALT_6_N101,BASALT_6_N101,RTPD,MGHG,LMP_GHG_PRC,BASALT_6_N101,ALL,1,0,3,5
2022-09-02T04:30:00-00:00,2022-09-02T04:45:00-00:00,2022-09-01,22,BASALT_6_N101,BASALT_6_N101,BASALT_6_N101,RTPD,MGHG,LMP_GHG_PRC,BASALT_6_N101,ALL,1,0,3,5
2022-09-02T05:30:00-00:00,2022-09-02T05:45:00-00:00,2022-09-01,23,BASALT_6_N101,BASALT_6_N101,BASALT_6_N101,RTPD,MGHG,LMP_GHG_PRC,BASALT_6_N101,ALL,1,0,3,5
2022-09-02T06:30:00-00:00,2022-09-02T06:45:00-00:00,2022-09-01,24,BASALT_6_N101,BASALT_6_N101,BASALT_6_N101,RTPD,MGHG,LMP_GHG_PRC,BASALT_6_N101,ALL,1,0,3,5
2022-09-01T07:45:00-00:00,2022-09-01T08:00:00-00:00,2022-09-01,01,BASALT_6_N101,BASALT_6_N101,BASALT_6_N101,RTPD,MGHG,LMP_GHG_PRC,BASALT_6_N101,ALL,1,0,4,5
2022-09-01T08:45:00-00:00,2022-09-01T09:00:00-00:00,2022-09-01,02,BASALT_6_N101,BASALT_6_N101,BASALT_6_N101,RTPD,MGHG,LMP_GHG_PRC,BASALT_6_N101,ALL,1,0,4,5
2022-09-01T09:45:00-00:00,2022-09-01T10:00:00-00:00,2022-09-01,03,BASALT_6_N101,BASALT_6_N101,BASALT_6_N101,RTPD,MGHG,LMP_GHG_PRC,BASALT_6_N101,ALL,1,0,4,5
2022-09-01T10:45:00-00:00,2022-09-01T11:00:00-00:00,2022-09-01,04,BASALT_6_N101,BASALT_6_N101,BASALT_6_N101,RTPD,MGHG,LMP_GHG_PRC,BASALT_6_N101,ALL,1,0,4,5
2022-09-01T11:45:00-00:00,2022-09-01T12:00:00-00:00,2022-09-01,05,BASALT_6_N101,BASALT_6_N101,BASALT_6_N101,RTPD,MGHG,LMP_GHG_PRC,BASALT_6_N101,ALL,1,0,4,5
2022-09-01T12:45:00-00:00,2022-09-01T13:00:00-00:00,2022-09-01,06,BASALT_6_N101,BASALT_6_N101,BASALT_6_N101,RTPD,MGHG,LMP_GHG_PRC,BASALT_6_N101,ALL,1,0,4,5
2022-09-01T13:45:00-00:00,2022-09-01T14:00:00-00:00,2022-09-01,07,BASALT_6_N101,BASALT_6_N101,BASALT_6_N101,RTPD,MGHG,LMP_GHG_PRC,BASALT_6_N101,ALL,1,0,4,5
2022-09-01T14:45:00-00:00,2022-09-01T15:00:00-00:00,2022-09-01,08,BASALT_6_N101,BASALT_6_N101,BASALT_6_N101,RTPD,MGHG,LMP_GHG_PRC,BASALT_6_N101,ALL,1,0,4,5
2022-09-01T15:45:00-00:00,2022-09-01T16:00:00-00:00,2022-09-01,09,BASALT_6_N101,BASALT_6_N101,BASALT_6_N101,RTPD,MGHG,LMP_GHG_PRC,BASALT_6_N101,ALL,1,0,4,5
2022-09-01T16:45:00-00:00,2022-09-01T17:00:00-00:00,2022-09-01,10,BASALT_6_N101,BASALT_6_N101,BASALT_6_N101,RTPD,MGHG,LMP_GHG_PRC,BASALT_6_N101,ALL,1,0,4,5
2022-09-01T17:45:00-00:00,2022-09-01T18:00:00-00:00,2022-09-01,11,BASALT_6_N101,BASALT_6_N101,BASALT_6_N101,RTPD,MGHG,LMP_GHG_PRC,BASALT_6_N101,ALL,1,0,4,5
2022-09-01T18:45:00-00:00,2022-09-01T19:00:00-00:00,2022-09-01,12,BASALT_6_N101,BASALT_6_N101,BASALT_6_N101,RTPD,MGHG,LMP_GHG_PRC,BASALT_6_N101,ALL,1,0,4,5
2022-09-01T19:45:00-00:00,2022-09-01T20:00:00-00:00,2022-09-01,13,BASALT_6_N101,BASALT_6_N101,BASALT_6_N101,RTPD,MGHG,LMP_GHG_PRC,BASALT_6_N101,ALL,1,0,4,5
2022-09-01T20:45:00-00:00,2022-09-01T21:00:00-00:00,2022-09-01,14,BASALT_6_N101,BASALT_6_N101,BASALT_6_N101,RTPD,MGHG,LMP_GHG_PRC,BASALT_6_N101,ALL,1,0,4,5
2022-09-01T21:45:00-00:00,2022-09-01T22:00:00-00:00,2022-09-01,15,BASALT_6_N101,BASALT_6_N101,BASALT_6_N101,RTPD,MGHG,LMP_GHG_PRC,BASALT_6_N101,ALL,1,0,4,5
2022-09-01T22:45:00-00:00,2022-09-01T23:00:00-00:00,2022-09-01,16,BASALT_6_N101,BASALT_6_N101,BASALT_6_N101,RTPD,MGHG,LMP_GHG_PRC,BASALT_6_N101,ALL,1,0,4,5
2022-09-01T23:45:00-00:00,2022-09-02T00:00:00-00:00,2022-09-01,17,BASALT_6_N101,BASALT_6_N101,BASALT_6_N101,RTPD,MGHG,LMP_GHG_PRC,BASALT_6_N101,ALL,1,0,4,5
2022-09-02T00:45:00-00:00,2022-09-02T01:00:00-00:00,2022-09-01,18,BASALT_6_N101,BASALT_6_N101,BASALT_6_N101,RTPD,MGHG,LMP_GHG_PRC,BASALT_6_N101,ALL,1,0,4,5
2022-09-02T01:45:00-00:00,2022-09-02T02:00:00-00:00,2022-09-01,19,BASALT_6_N101,BASALT_6_N101,BASALT_6_N101,RTPD,MGHG,LMP_GHG_PRC,BASALT_6_N101,ALL,1,0,4,5
2022-09-02T02:45:00-00:00,2022-09-02T03:00:00-00:00,2022-09-01,20,BASALT_6_N101,BASALT_6_N101,BASALT_6_N101,RTPD,MGHG,LMP_GHG_PRC,BASALT_6_N101,ALL,1,0,4,5
2022-09-02T03:45:00-00:00,2022-09-02T04:00:00-00:00,2022-09-01,21,BASALT_6_N101,BASALT_6_N101,BASALT_6_N101,RTPD,MGHG,LMP_GHG_PRC,BASALT_6_N101,ALL,1,0,4,5
2022-09-02T04:45:00-00:00,2022-09-02T05:00:00-00:00,2022-09-01,22,BASALT_6_N101,BASALT_6_N101,BASALT_6_N101,RTPD,MGHG,LMP_GHG_PRC,BASALT_6_N101,ALL,1,0,4,5
2022-09-02T05:45:00-00:00,2022-09-02T06:00:00-00:00,2022-09-01,23,BASALT_6_N101,BASALT_6_N101,BASALT_6_N101,RTPD,MGHG,LMP_GHG_PRC,BASALT_6_N101,ALL,1,0,4,5
2022-09-02T06:45:00-00:00,2022-09-02T07:00:00-00:00,2022-09-01,24,BASALT_6_N101,BASALT_6_N101,BASALT_6_N101,RTPD,MGHG,LMP_GHG_PRC,BASALT_6_N101,ALL,1,0,4,5
