INTERVALSTARTTIME_GMT,INTERVALENDTIME_GMT,OPR_DT,OPR_HR,NODE_ID_XML,NODE_ID,NODE,MARKET_RUN_ID,LMP_TYPE,XML_DATA_ITEM,PNODE_RESMRID,GRP_TYPE,POS,PRC,OPR_INTERVAL,GROUP
2022-09-01T07:00:00-00:00,2022-09-01T07:15:00-00:00,2022-09-01,01,BRITTON_1_BRITTONPVGNODE,BRITTON_1_BRITTONPVGNODE,BRITTON_1_BRITTONPVGNODE,RTPD,LMP,LMP_PRC,BRITTON_1_BRITTONPVGNODE,ALL,1,108.78928,1,1
2022-09-01T08:00:00-00:00,2022-09-01T08:15:00-00:00,2022-09-01,02,BRITTON_1_BRITTONPVGNODE,BRITTON_1_BRITTONPVGNODE,BRITTON_1_BRITTONPVGNODE,RTPD,LMP,LMP_PRC,BRITTON_1_BRITTONPVGNODE,ALL,1,103.606,1,1
2022-09-01T09:00:00-00:00,2022-09-01T09:15:00-00:00,2022-09-01,03,BRITTON_1_BRITTONPVGNODE,BRITTON_1_BRITTONPVGNODE,BRITTON_1_BRITTONPVGNODE,RTPD,LMP,LMP_PRC,BRITTON_1_BRITTONPVGNODE,ALL,1,90.90218,1,1
2022-09-01T10:00:00-00:00,2022-09-01T10:15:00-00:00,2022-09-01,04,BRITTON_1_BRITTONPVGNODE,BRITTON_1_BRITTONPVGNODE,BRITTON_1_BRITTONPVGNODE,RTPD,LMP,LMP_PRC,BRITTON_1_BRITTONPVGNODE,ALL,1,89.15979,1,1
2022-09-01T11:00:00-00:00,2022-09-01T11:15:00-00:00,2022-09-01,05,BRITTON_1_BRITTONPVGNODE,BRITTON_1_BRITTONPVGNODE,BRITTON_1_BRITTONPVGNODE,RTPD,LMP,LMP_PRC,BRITTON_1_BRITTONPVGNODE,ALL,1,89.74531,1,1
2022-09-01T12:00:00-00:00,2022-09-01T12:15:00-00:00,2022-09-01,06,BRITTON_1_BRITTONPVGNODE,BRITTON_1_BRITTONPVGNODE,BRITTON_1_BRITTONPVGNODE,RTPD,LMP,LMP_PRC,BRITTON_1_BRITTONPVGNODE,ALL,1,90.76976,1,1
2022-09-01T13:00:00-00:00,2022-09-01T13:15:00-00:00,2022-09-01,07,BRITTON_1_BRITTONPVGNODE,BRITTON_1_BRITTONPVGNODE,BRITTON_1_BRITTONPVGNODE,RTPD,LMP,LMP_PRC,BRITTON_1_BRITTONPVGNODE,ALL,1,96.16758,1,1
2022-09-01T14:00:00-00:00,2022-09-01T14:15:00-00:00,2022-09-01,08,BRITTON_1_BRITTONPVGNODE,BRITTON_1_BRITTONPVGNODE,BRITTON_1_BRITTONPVGNODE,RTPD,LMP,LMP_PRC,BRITTON_1_BRITTONPVGNODE,ALL,1,73.17751,1,1
2022-09-01T15:00:00-00:00,2022-09-01T15:15:00-00:00,2022-09-01,09,BRITTON_1_BRITTONPVGNODE,BRITTON_1_BRITTONPVGNODE,BRITTON_1_BRITTONPVGNODE,RTPD,LMP,LMP_PRC,BRITTON_1_BRITTONPVGNODE,ALL,1,39.6471,1,1
2022-09-01T16:00:00-00:00,2022-09-01T16:15:00-00:00,2022-09-01,10,BRITTON_1_BRITTONPVGNODE,BRITTON_1_BRITTONPVGNODE,BRITTON_1_BRITTONPVGNODE,RTPD,LMP,LMP_PRC,BRITTON_1_BRITTONPVGNODE,ALL,1,36.13638,1,1
2022-09-01T17:00:00-00:00,2022-09-01T17:15:00-00:00,2022-09-01,11,BRITTON_1_BRITTONPVGNODE,BRITTON_1_BRITTONPVGNODE,BRITTON_1_BRITTONPVGNODE,RTPD,LMP,LMP_PRC,BRITTON_1_BRITTONPVGNODE,ALL,1,66.8807,1,1
2022-09-01T18:00:00-00:00,2022-09-01T18:15:00-00:00,2022-09-01,12,BRITTON_1_BRITTONPVGNODE,BRITTON_1_BRITTONPVGNODE,BRITTON_1_BRITTONPVGNODE,RTPD,LMP,LMP_PRC,BRITTON_1_BRITTONPVGNODE,ALL,1,65.89496,1,1
2022-09-01T19:00:00-00:00,2022-09-01T19:15:00-00:00,2022-09-01,13,BRITTON_1_BRITTONPVGNODE,BRITTON_1_BRITTONPVGNODE,BRITTON_1_BRITTONPVGNODE,RTPD,LMP,LMP_PRC,BRITTON_1_BRITTONPVGNODE,ALL,1,63.05663,1,1
2022-09-01T20:00:00-00:00,2022-09-01T20:15:00-00:00,2022-09-01,14,BRITTON_1_BRITTONPVGNODE,BRITTON_1_BRITTONPVGNODE,BRITTON_1_BRITTONPVGNODE,RTPD,LMP,LMP_PRC,BRITTON_1_BRITTONPVGNODE,ALL,1,93.48671,1,1
2022-09-01T21:00:00-00:00,2022-09-01T21:15:00-00:00,2022-09-01,15,BRITTON_1_BRITTONPVGNODE,BRITTON_1_BRITTONPVGNODE,BRITTON_1_BRITTONPVGNODE,RTPD,LMP,LMP_PRC,BRITTON_1_BRITTONPVGNODE,ALL,1,77.86495,1,1
2022-09-01T22:00:00-00:00,2022-09-01T22:15:00-00:00,2022-09-01,16,BRITTON_1_BRITTONPVGNODE,BRITTON_1_BRITTONPVGNODE,BRITTON_1_BRITTONPVGNODE,RTPD,LMP,LMP_PRC,BRITTON_1_BRITTONPVGNODE,ALL,1,132.21582,1,1
2022-09-01T23:00:00-00:00,2022-09-01T23:15:00-00:00,2022-09-01,17,BRITTON_1_BRITTONPVGNODE,BRITTON_1_BRITTONPVGNODE,BRITTON_1_BRITTONPVGNODE,RTPD,LMP,LMP_PRC,BRITTON_1_BRITTONPVGNODE,ALL,1,179.51765,1,1
2022-09-02T00:00:00-00:00,2022-09-02T00:15:00-00:00,2022-09-01,18,BRITTON_1_BRITTONPVGNODE,BRITTON_1_BRITTONPVGNODE,BRITTON_1_BRITTONPVGNODE,RTPD,LMP,LMP_PRC,BRITTON_1_BRITTONPVGNODE,ALL,1,547.2878,1,1
2022-09-02T01:00:00-00:00,2022-09-02T01:15:00-00:00,2022-09-01,19,BRITTON_1_BRITTONPVGNODE,BRITTON_1_BRITTONPVGNODE,BRITTON_1_BRITTONPVGNODE,RTPD,LMP,LMP_PRC,BRITTON_1_BRITTONPVGNODE,ALL,1,954.6453,1,1
2022-09-02T02:00:00-00:00,2022-09-02T02:15:00-00:00,2022-09-01,20,BRITTON_1_BRITTONPVGNODE,BRITTON_1_BRITTONPVGNODE,BRITTON_1_BRITTONPVGNODE,RTPD,LMP,LMP_PRC,BRITTON_1_BRITTONPVGNODE,ALL,1,1892.5872,1,1
2022-09-02T03:00:00-00:00,2022-09-02T03:15:00-00:00,2022-09-01,21,BRITTON_1_BRITTONPVGNODE,BRITTON_1_BRITTONPVGNODE,BRITTON_1_BRITTONPVGNODE,RTPD,LMP,LMP_PRC,BRITTON_1_BRITTONPVGNODE,ALL,1,136.93593,1,1
2022-09-02T04:00:00-00:00,2022-09-02T04:15:00-00:00,2022-09-01,22,BRITTON_1_BRITTONPVGNODE,BRITTON_1_BRITTONPVGNODE,BRITTON_1_BRITTONPVGNODE,RTPD,LMP,LMP_PRC,BRITTON_1_BRITTONPVGNODE,ALL,1,-34.31077,1,1
2022-09-02T05:00:00-00:00,2022-09-02T05:15:00-00:00,2022-09-01,23,BRITTON_1_BRITTONPVGNODE,BRITTON_1_BRITTONPVGNODE,BRITTON_1_BRITTONPVGNODE,RTPD,LMP,LMP_PRC,BRITTON_1_BRITTONPVGNODE,ALL,1,-27.86266,1,1
2022-09-02T06:00:00-00:00,2022-09-02T06:15:00-00:00,2022-09-01,24,BRITTON_1_BRITTONPVGNODE,BRITTON_1_BRITTONPVGNODE,BRITTON_1_BRITTONPVGNODE,RTPD,LMP,LMP_PRC,BRITTON_1_BRITTONPVGNODE,ALL,1,18.13997,1,1
2022-09-01T07:15:00-00:00,2022-09-01T07:30:00-00:00,2022-09-01,01,BRITTON_1_BRITTONPVGNODE,BRITTON_1_BRITTONPVGNODE,BRITTON_1_BRITTONPVGNODE,RTPD,LMP,LMP_PRC,BRITTON_1_BRITTONPVGNODE,ALL,1,118.23908,2,1
2022-09-01T08:15:00-00:00,2022-09-01T08:30:00-00:00,2022-09-01,02,BRITTON_1_BRITTONPVGNODE,BRITTON_1_BRITTONPVGNODE,BRITTON_1_BRITTONPVGNODE,RTPD,LMP,LMP_PRC,BRITTON_1_BRITTONPVGNODE,ALL,1,101.37691,2,1
2022-09-01T09:15:00-00:00,2022-09-01T09:30:00-00:00,2022-09-01,03,BRITTON_1_BRITTONPVGNODE,BRITTON_1_BRITTONPVGNODE,BRITTON_1_BRITTONPVGNODE,RTPD,LMP,LMP_PRC,BRITTON_1_BRITTONPVGNODE,ALL,1,90.44672,2,1
2022-09-01T10:15:00-00:00,2022-09-01T10:30:00-00:00,2022-09-01,04,BRITTON_1_BRITTONPVGNODE,BRITTON_1_BRITTONPVGNODE,BRITTON_1_BRITTONPVGNODE,RTPD,LMP,LMP_PRC,BRITTON_1_BRITTONPVGNODE,ALL,1,88.17812,2,1
2022-09-01T11:15:00-00:00,2022-09-01T11:30:00-00:00,2022-09-01,05,BRITTON_1_BRITTONPVGNODE,BRITTON_1_BRITTONPVGNODE,BRITTON_1_BRITTONPVGNODE,RTPD,LMP,LMP_PRC,BRITTON_1_BRITTONPVGNODE,ALL,1,89.97092,2,1
2022-09-01T12:15:00-00:00,2022-09-01T12:30:00-00:00,2022-09-01,06,BRITTON_1_BRITTONPVGNODE,BRITTON_1_BRITTONPVGNODE,BRITTON_1_BRITTONPVGNODE,RTPD,LMP,LMP_PRC,BRITTON_1_BRITTONPVGNODE,ALL,1,99.31798,2,1
2022-09-01T13:15:00-00:00,2022-09-01T13:30:00-00:00,2022-09-01,07,BRITTON_1_BRITTONPVGNODE,BRITTON_1_BRITTONPVGNODE,BRITTON_1_BRITTONPVGNODE,RTPD,LMP,LMP_PRC,BRITTON_1_BRITTONPVGNODE,ALL,1,97.36537,2,1
2022-09-01T14:15:00-00:00,2022-09-01T14:30:00-00:00,2022-09-01,08,BRITTON_1_BRITTONPVGNODE,BRITTON_1_BRITTONPVGNODE,BRITTON_1_BRITTONPVGNODE,RTPD,LMP,LMP_PRC,BRITTON_1_BRITTONPVGNODE,ALL,1,63.23666,2,1
2022-09-01T15:15:00-00:00,2022-09-01T15:30:00-00:00,2022-09-01,09,BRITTON_1_BRITTONPVGNODE,BRITTON_1_BRITTONPVGNODE,BRITTON_1_BRITTONPVGNODE,RTPD,LMP,LMP_PRC,BRITTON_1_BRITTONPVGNODE,ALL,1,26.55639,2,1
2022-09-01T16:15:00-00:00,2022-09-01T16:30:00-00:00,2022-09-01,10,BRITTON_1_BRITTONPVGNODE,BRITTON_1_BRITTONPVGNODE,BRITTON_1_BRITTONPVGNODE,RTPD,LMP,LMP_PRC,BRITTON_1_BRITTONPVGNODE,ALL,1,46.42264,2,1
2022-09-01T17:15:00-00:00,2022-09-01T17:30:00-00:00,2022-09-01,11,BRITTON_1_BRITTONPVGNODE,BRITTON_1_BRITTONPVGNODE,BRITTON_1_BRITTONPVGNODE,RTPD,LMP,LMP_PRC,BRITTON_1_BRITTONPVGNODE,ALL,1,69.54011,2,1
2022-09-01T18:15:00-00:00,2022-09-01T18:30:00-00:00,2022-09-01,12,BRITTON_1_BRITTONPVGNODE,BRITTON_1_BRITTONPVGNODE,BRITTON_1_BRITTONPVGNODE,RTPD,LMP,LMP_PRC,BRITTON_1_BRITTONPVGNODE,ALL,1,65.33489,2,1
2022-09-01T19:15:00-00:00,2022-09-01T19:30:00-00:00,2022-09-01,13,BRITTON_1_BRITTONPVGNODE,BRITTON_1_BRITTONPVGNODE,BRITTON_1_BRITTONPVGNODE,RTPD,LMP,LMP_PRC,BRITTON_1_BRITTONPVGNODE,ALL,1,77.72545,2,1
2022-09-01T20:15:00-00:00,2022-09-01T20:30:00-00:00,2022-09-01,14,BRITTON_1_BRITTONPVGNODE,BRITTON_1_BRITTONPVGNODE,BRITTON_1_BRITTONPVGNODE,RTPD,LMP,LMP_PRC,BRITTON_1_BRITTONPVGNODE,ALL,1,100.73886,2,1
2022-09-01T21:15:00-00:00,2022-09-01T21:30:00-00:00,2022-09-01,15,BRITTON_1_BRITTONPVGNODE,BRITTON_1_BRITTONPVGNODE,BRITTON_1_BRITTONPVGNODE,RTPD,LMP,LMP_PRC,BRITTON_1_BRITTONPVGNODE,ALL,1,103.45256,2,1
2022-09-01T22:15:00-00:00,2022-09-01T22:30:00-00:00,2022-09-01,16,BRITTON_1_BRITTONPVGNODE,BRITTON_1_BRITTONPVGNODE,BRITTON_1_BRITTONPVGNODE,RTPD,LMP,LMP_PRC,BRITTON_1_BRITTONPVGNODE,ALL,1,153.83023,2,1
2022-09-01T23:15:00-00:00,2022-09-01T23:30:00-00:00,2022-09-01,17,BRITTON_1_BRITTONPVGNODE,BRITTON_1_BRITTONPVGNODE,BRITTON_1_BRITTONPVGNODE,RTPD,LMP,LMP_PRC,BRITTON_1_BRITTONPVGNODE,ALL,1,167.2967,2,1
2022-09-02T00:15:00-00:00,2022-09-02T00:30:00-00:00,2022-09-01,18,BRITTON_1_BRITTONPVGNODE,BRITTON_1_BRITTONPVGNODE,BRITTON_1_BRITTONPVGNODE,RTPD,LMP,LMP_PRC,BRITTON_1_BRITTONPVGNODE,ALL,1,494.49805,2,1
2022-09-02T01:15:00-00:00,2022-09-02T01:30:00-00:00,2022-09-01,19,BRITTON_1_BRITTONPVGNODE,BRITTON_1_BRITTONPVGNODE,BRITTON_1_BRITTONPVGNODE,RTPD,LMP,LMP_PRC,BRITTON_1_BRITTONPVGNODE,ALL,1,1867.3993,2,1
2022-09-02T02:15:00-00:00,2022-09-02T02:30:00-00:00,2022-09-01,20,BRITTON_1_BRITTONPVGNODE,BRITTON_1_BRITTONPVGNODE,BRITTON_1_BRITTONPVGNODE,RTPD,LMP,LMP_PRC,BRITTON_1_BRITTONPVGNODE,ALL,1,1974.5098,2,1
2022-09-02T03:15:00-00:00,2022-09-02T03:30:00-00:00,2022-09-01,21,BRITTON_1_BRITTONPVGNODE,BRITTON_1_BRITTONPVGNODE,BRITTON_1_BRITTONPVGNODE,RTPD,LMP,LMP_PRC,BRITTON_1_BRITTONPVGNODE,ALL,1,115.44679,2,1
2022-09-02T04:15:00-00:00,2022-09-02T04:30:00-00:00,2022-09-01,22,BRITTON_1_BRITTONPVGNODE,BRITTON_1_BRITTONPVGNODE,BRITTON_1_BRITTONPVGNODE,RTPD,LMP,LMP_PRC,BRITTON_1_BRITTONPVGNODE,ALL,1,-28.64625,2,1
2022-09-02T05:15:00-00:00,2022-09-02T05:30:00-00:00,2022-09-01,23,BRITTON_1_BRITTONPVGNODE,BRITTON_1_BRITTONPVGNODE,BRITTON_1_BRITTONPVGNODE,RTPD,LMP,LMP_PRC,BRITTON_1_BRITTONPVGNODE,ALL,1,-44.57243,2,1
2022-09-02T06:15:00-00:00,2022-09-02T06:30:00-00:00,2022-09-01,24,BRITTON_1_BRITTONPVGNODE,BRITTON_1_BRITTONPVGNODE,BRITTON_1_BRITTONPVGNODE,RTPD,LMP,LMP_PRC,BRITTON_1_BRITTONPVGNODE,ALL,1,61.47923,2,1
2022-09-01T07:30:00-00:00,2022-09-01T07:45:00-00:00,2022-09-01,01,BRITTON_1_BRITTONPVGNODE,BRITTON_1_BRITTONPVGNODE,BRITTON_1_BRITTONPVGNODE,RTPD,LMP,LMP_PRC,BRITTON_1_BRITTONPVGNODE,ALL,1,115.11519,3,1
2022-09-01T08:30:00-00:00,2022-09-01T08:45:00-00:00,2022-09-01,02,BRITTON_1_BRITTONPVGNODE,BRITTON_1_BRITTONPVGNODE,BRITTON_1_BRITTONPVGNODE,RTPD,LMP,LMP_PRC,BRITTON_1_BRITTONPVGNODE,ALL,1,96.60954,3,1
2022-09-01T09:30:00-00:00,2022-09-01T09:45:00-00:00,2022-09-01,03,BRITTON_1_BRITTONPVGNODE,BRITTON_1_BRITTONPVGNODE,BRITTON_1_BRITTONPVGNODE,RTPD,LMP,LMP_PRC,BRITTON_1_BRITTONPVGNODE,ALL,1,89.71395,3,1
2022-09-01T10:30:00-00:00,2022-09-01T10:45:00-00:00,2022-09-01,04,BRITTON_1_BRITTONPVGNODE,BRITTON_1_BRITTONPVGNODE,BRITTON_1_BRITTONPVGNODE,RTPD,LMP,LMP_PRC,BRITTON_1_BRITTONPVGNODE,ALL,1,85.99991,3,1
2022-09-01T11:30:00-00:00,2022-09-01T11:45:00-00:00,2022-09-01,05,BRITTON_1_BRITTONPVGNODE,BRITTON_1_BRITTONPVGNODE,BRITTON_1_BRITTONPVGNODE,RTPD,LMP,LMP_PRC,BRITTON_1_BRITTONPVGNODE,ALL,1,89.01974,3,1
2022-09-01T12:30:00-00:00,2022-09-01T12:45:00-00:00,2022-09-01,06,BRITTON_1_BRITTONPVGNODE,BRITTON_1_BRITTONPVGNODE,BRITTON_1_BRITTONPVGNODE,RTPD,LMP,LMP_PRC,BRITTON_1_BRITTONPVGNODE,ALL,1,107.30382,3,1
2022-09-01T13:30:00-00:00,2022-09-01T13:45:00-00:00,2022-09-01,07,BRITTON_1_BRITTONPVGNODE,BRITTON_1_BRITTONPVGNODE,BRITTON_1_BRITTONPVGNODE,RTPD,LMP,LMP_PRC,BRITTON_1_BRITTONPVGNODE,ALL,1,93.62529,3,1
2022-09-01T14:30:00-00:00,2022-09-01T14:45:00-00:00,2022-09-01,08,BRITTON_1_BRITTONPVGNODE,BRITTON_1_BRITTONPVGNODE,BRITTON_1_BRITTONPVGNODE,RTPD,LMP,LMP_PRC,BRITTON_1_BRITTONPVGNODE,ALL,1,66.31401,3,1
2022-09-01T15:30:00-00:00,2022-09-01T15:45:00-00:00,2022-09-01,09,BRITTON_1_BRITTONPVGNODE,BRITTON_1_BRITTONPVGNODE,BRITTON_1_BRITTONPVGNODE,RTPD,LMP,LMP_PRC,BRITTON_1_BRITTONPVGNODE,ALL,1,14.16845,3,1
2022-09-01T16:30:00-00:00,2022-09-01T16:45:00-00:00,2022-09-01,10,BRITTON_1_BRITTONPVGNODE,BRITTON_1_BRITTONPVGNODE,BRITTON_1_BRITTONPVGNODE,RTPD,LMP,LMP_PRC,BRITTON_1_BRITTONPVGNODE,ALL,1,61.70675,3,1
2022-09-01T17:30:00-00:00,2022-09-01T17:45:00-00:00,2022-09-01,11,BRITTON_1_BRITTONPVGNODE,BRITTON_1_BRITTONPVGNODE,BRITTON_1_BRITTONPVGNODE,RTPD,LMP,LMP_PRC,BRITTON_1_BRITTONPVGNODE,ALL,1,72.84152,3,1
2022-09-01T18:30:00-00:00,2022-09-01T18:45:00-00:00,2022-09-01,12,BRITTON_1_BRITTONPVGNODE,BRITTON_1_BRITTONPVGNODE,BRITTON_1_BRITTONPVGNODE,RTPD,LMP,LMP_PRC,BRITTON_1_BRITTONPVGNODE,ALL,1,72.87676,3,1
2022-09-01T19:30:00-00:00,2022-09-01T19:45:00-00:00,2022-09-01,13,BRITTON_1_BRITTONPVGNODE,BRITTON_1_BRITTONPVGNODE,BRITTON_1_BRITTONPVGNODE,RTPD,LMP,LMP_PRC,BRITTON_1_BRITTONPVGNODE,ALL,1,77.75073,3,1
2022-09-01T20:30:00-00:00,2022-09-01T20:45:00-00:00,2022-09-01,14,BRITTON_1_BRITTONPVGNODE,BRITTON_1_BRITTONPVGNODE,BRITTON_1_BRITTONPVGNODE,RTPD,LMP,LMP_PRC,BRITTON_1_BRITTONPVGNODE,ALL,1,117.6014,3,1
2022-09-01T21:30:00-00:00,2022-09-01T21:45:00-00:00,2022-09-01,15,BRITTON_1_BRITTONPVGNODE,BRITTON_1_BRITTONPVGNODE,BRITTON_1_BRITTONPVGNODE,RTPD,LMP,LMP_PRC,BRITTON_1_BRITTONPVGNODE,ALL,1,100.85163,3,1
2022-09-01T22:30:00-00:00,2022-09-01T22:45:00-00:00,2022-09-01,16,BRITTON_1_BRITTONPVGNODE,BRITTON_1_BRITTONPVGNODE,BRITTON_1_BRITTONPVGNODE,RTPD,LMP,LMP_PRC,BRITTON_1_BRITTONPVGNODE,ALL,1,153.76822,3,1
2022-09-01T23:30:00-00:00,2022-09-01T23:45:00-00:00,2022-09-01,17,BRITTON_1_BRITTONPVGNODE,BRITTON_1_BRITTONPVGNODE,BRITTON_1_BRITTONPVGNODE,RTPD,LMP,LMP_PRC,BRITTON_1_BRITTONPVGNODE,ALL,1,229.56105,3,1
2022-09-02T00:30:00-00:00,2022-09-02T00:45:00-00:00,2022-09-01,18,BRITTON_1_BRITTONPVGNODE,BRITTON_1_BRITTONPVGNODE,BRITTON_1_BRITTONPVGNODE,RTPD,LMP,LMP_PRC,BRITTON_1_BRITTONPVGNODE,ALL,1,1292.4884,3,1
2022-09-02T01:30:00-00:00,2022-09-02T01:45:00-00:00,2022-09-01,19,BRITTON_1_BRITTONPVGNODE,BRITTON_1_BRITTONPVGNODE,BRITTON_1_BRITTONPVGNODE,RTPD,LMP,LMP_PRC,BRITTON_1_BRITTONPVGNODE,ALL,1,1959.6525,3,1
2022-09-02T02:30:00-00:00,2022-09-02T02:45:00-00:00,2022-09-01,20,BRITTON_1_BRITTONPVGNODE,BRITTON_1_BRITTONPVGNODE,BRITTON_1_BRITTONPVGNODE,RTPD,LMP,LMP_PRC,BRITTON_1_BRITTONPVGNODE,ALL,1,1965.7886,3,1
2022-09-02T03:30:00-00:00,2022-09-02T03:45:00-00:00,2022-09-01,21,BRITTON_1_BRITTONPVGNODE,BRITTON_1_BRITTONPVGNODE,BRITTON_1_BRITTONPVGNODE,RTPD,LMP,LMP_PRC,BRITTON_1_BRITTONPVGNODE,ALL,1,90.17736,3,1
2022-09-02T04:30:00-00:00,2022-09-02T04:45:00-00:00,2022-09-01,22,BRITTON_1_BRITTONPVGNODE,BRITTON_1_BRITTONPVGNODE,BRITTON_1_BRITTONPVGNODE,RTPD,LMP,LMP_PRC,BRITTON_1_BRITTONPVGNODE,ALL,1,-21.32263,3,1
2022-09-02T05:30:00-00:00,2022-09-02T05:45:00-00:00,2022-09-01,23,BRITTON_1_BRITTONPVGNODE,BRITTON_1_BRITTONPVGNODE,BRITTON_1_BRITTONPVGNODE,RTPD,LMP,LMP_PRC,BRITTON_1_BRITTONPVGNODE,ALL,1,-32.11005,3,1
2022-09-02T06:30:00-00:00,2022-09-02T06:45:00-00:00,2022-09-01,24,BRITTON_1_BRITTONPVGNODE,BRITTON_1_BRITTONPVGNODE,BRITTON_1_BRITTONPVGNODE,RTPD,LMP,LMP_PRC,BRITTON_1_BRITTONPVGNODE,ALL,1,-26.03206,3,1
2022-09-01T07:45:00-00:00,2022-09-01T08:00:00-00:00,2022-09-01,01,BRITTON_1_BRITTONPVGNODE,BRITTON_1_BRITTONPVGNODE,BRITTON_1_BRITTONPVGNODE,RTPD,LMP,LMP_PRC,BRITTON_1_BRITTONPVGNODE,ALL,1,107.18419,4,1
2022-09-01T08:45:00-00:00,2022-09-01T09:00:00-00:00,2022-09-01,02,BRITTON_1_BRITTONPVGNODE,BRITTON_1_BRITTONPVGNODE,BRITTON_1_BRITTONPVGNODE,RTPD,LMP,LMP_PRC,BRITTON_1_BRITTONPVGNODE,ALL,1,87.50145,4,1
2022-09-01T09:45:00-00:00,2022-09-01T10:00:00-00:00,2022-09-01,03,BRITTON_1_BRITTONPVGNODE,BRITTON_1_BRITTONPVGNODE,BRITTON_1_BRITTONPVGNODE,RTPD,LMP,LMP_PRC,BRITTON_1_BRITTONPVGNODE,ALL,1,88.70167,4,1
2022-09-01T10:45:00-00:00,2022-09-01T11:00:00-00:00,2022-09-01,04,BRITTON_1_BRITTONPVGNODE,BRITTON_1_BRITTONPVGNODE,BRITTON_1_BRITTONPVGNODE,RTPD,LMP,LMP_PRC,BRITTON_1_BRITTONPVGNODE,ALL,1,83.93064,4,1
2022-09-01T11:45:00-00:00,2022-09-01T12:00:00-00:00,2022-09-01,05,BRITTON_1_BRITTONPVGNODE,BRITTON_1_BRITTONPVGNODE,BRITTON_1_BRITTONPVGNODE,RTPD,LMP,LMP_PRC,BRITTON_1_BRITTONPVGNODE,ALL,1,92.2168,4,1
2022-09-01T12:45:00-00:00,2022-09-01T13:00:00-00:00,2022-09-01,06,BRITTON_1_BRITTONPVGNODE,BRITTON_1_BRITTONPVGNODE,BRITTON_1_BRITTONPVGNODE,RTPD,LMP,LMP_PRC,BRITTON_1_BRITTONPVGNODE,ALL,1,103.33102,4,1
2022-09-01T13:45:00-00:00,2022-09-01T14:00:00-00:00,2022-09-01,07,BRITTON_1_BRITTONPVGNODE,BRITTON_1_BRITTONPVGNODE,BRITTON_1_BRITTONPVGNODE,RTPD,LMP,LMP_PRC,BRITTON_1_BRITTONPVGNODE,ALL,1,88.916,4,1
2022-09-01T14:45:00-00:00,2022-09-01T15:00:00-00:00,2022-09-01,08,BRITTON_1_BRITTONPVGNODE,BRITTON_1_BRITTONPVGNODE,BRITTON_1_BRITTONPVGNODE,RTPD,LMP,LMP_PRC,BRITTON_1_BRITTONPVGNODE,ALL,1,57.70853,4,1
2022-09-01T15:45:00-00:00,2022-09-01T16:00:00-00:00,2022-09-01,09,BRITTON_1_BRITTONPVGNODE,BRITTON_1_BRITTONPVGNODE,BRITTON_1_BRITTONPVGNODE,RTPD,LMP,LMP_PRC,BRITTON_1_BRITTONPVGNODE,ALL,1,37.17667,4,1
2022-09-01T16:45:00-00:00,2022-09-01T17:00:00-00:00,2022-09-01,10,BRITTON_1_BRITTONPVGNODE,BRITTON_1_BRITTONPVGNODE,BRITTON_1_BRITTONPVGNODE,RTPD,LMP,LMP_PRC,BRITTON_1_BRITTONPVGNODE,ALL,1,63.50988,4,1
2022-09-01T17:45:00-00:00,2022-09-01T18:00:00-00:00,2022-09-01,11,BRITTON_1_BRITTONPVGNODE,BRITTON_1_BRITTONPVGNODE,BRITTON_1_BRITTONPVGNODE,RTPD,LMP,LMP_PRC,BRITTON_1_BRITTONPVGNODE,ALL,1,70.72976,4,1
2022-09-01T18:45:00-00:00,2022-09-01T19:00:00-00:00,2022-09-01,12,BRITTON_1_BRITTONPVGNODE,BRITTON_1_BRITTONPVGNODE,BRITTON_1_BRITTONPVGNODE,RTPD,LMP,LMP_PRC,BRITTON_1_BRITTONPVGNODE,ALL,1,72.4316,4,1
2022-09-01T19:45:00-00:00,2022-09-01T20:00:00-00:00,2022-09-01,13,BRITTON_1_BRITTONPVGNODE,BRITTON_1_BRITTONPVGNODE,BRITTON_1_BRITTONPVGNODE,RTPD,LMP,LMP_PRC,BRITTON_1_BRITTONPVGNODE,ALL,1,82.34134,4,1
2022-09-01T20:45:00-00:00,2022-09-01T21:00:00-00:00,2022-09-01,14,BRITTON_1_BRITTONPVGNODE,BRITTON_1_BRITTONPVGNODE,BRITTON_1_BRITTONPVGNODE,RTPD,LMP,LMP_PRC,BRITTON_1_BRITTONPVGNODE,ALL,1,114.08517,4,1
2022-09-01T21:45:00-00:00,2022-09-01T22:00:00-00:00,2022-09-01,15,BRITTON_1_BRITTONPVGNODE,BRITTON_1_BRITTONPVGNODE,BRITTON_1_BRITTONPVGNODE,RTPD,LMP,LMP_PRC,BRITTON_1_BRITTONPVGNODE,ALL,1,148.25594,4,1
2022-09-01T22:45:00-00:00,2022-09-01T23:00:00-00:00,2022-09-01,16,BRITTON_1_BRITTONPVGNODE,BRITTON_1_BRITTONPVGNODE,BRITTON_1_BRITTONPVGNODE,RTPD,LMP,LMP_PRC,BRITTON_1_BRITTONPVGNODE,ALL,1,247.95822,4,1
2022-09-01T23:45:00-00:00,2022-09-02T00:00:00-00:00,2022-09-01,17,BRITTON_1_BRITTONPVGNODE,BRITTON_1_BRITTONPVGNODE,BRITTON_1_BRITTONPVGNODE,RTPD,LMP,LMP_PRC,BRITTON_1_BRITTONPVGNODE,ALL,1,887.41284,4,1
2022-09-02T00:45:00-00:00,2022-09-02T01:00:00-00:00,2022-09-01,18,BRITTON_1_BRITTONPVGNODE,BRITTON_1_BRITTONPVGNODE,BRITTON_1_BRITTONPVGNODE,RTPD,LMP,LMP_PRC,BRITTON_1_BRITTONPVGNODE,ALL,1,757.5018,4,1
2022-09-02T01:45:00-00:00,2022-09-02T02:00:00-00:00,2022-09-01,19,BRITTON_1_BRITTONPVGNODE,BRITTON_1_BRITTONPVGNODE,BRITTON_1_BRITTONPVGNODE,RTPD,LMP,LMP_PRC,BRITTON_1_BRITTONPVGNODE,ALL,1,1976.3213,4,1
2022-09-02T02:45:00-00:00,2022-09-02T03:00:00-00:00,2022-09-01,20,BRITTON_1_BRITTONPVGNODE,BRITTON_1_BRITTONPVGNODE,BRITTON_1_BRITTONPVGNODE,RTPD,LMP,LMP_PRC,BRITTON_1_BRITTONPVGNODE,ALL,1,748.0149,4,1
2022-09-02T03:45:00-00:00,2022-09-02T04:00:00-00:00,2022-09-01,21,BRITTON_1_BRITTONPVGNODE,BRITTON_1_BRITTONPVGNODE,BRITTON_1_BRITTONPVGNODE,RTPD,LMP,LMP_PRC,BRITTON_1_BRITTONPVGNODE,ALL,1,52.89534,4,1
2022-09-02T04:45:00-00:00,2022-09-02T05:00:00-00:00,2022-09-01,22,BRITTON_1_BRITTONPVGNODE,BRITTON_1_BRITTONPVGNODE,BRITTON_1_BRITTONPVGNODE,RTPD,LMP,LMP_PRC,BRITTON_1_BRITTONPVGNODE,ALL,1,-36.78051,4,1
2022-09-02T05:45:00-00:00,2022-09-02T06:00:00-00:00,2022-09-01,23,BRITTON_1_BRITTONPVGNODE,BRITTON_1_BRITTONPVGNODE,BRITTON_1_BRITTONPVGNODE,RTPD,LMP,LMP_PRC,BRITTON_1_BRITTONPVGNODE,ALL,1,-70.04726,4,1
2022-09-02T06:45:00-00:00,2022-09-02T07:00:00-00:00,2022-09-01,24,BRITTON_1_BRITTONPVGNODE,BRITTON_1_BRITTONPVGNODE,BRITTON_1_BRITTONPVGNODE,RTPD,LMP,LMP_PRC,BRITTON_1_BRITTONPVGNODE,ALL,1,4.2006,4,1
2022-09-01T07:00:00-00:00,2022-09-01T07:15:00-00:00,2022-09-01,01,BRITTON_1_BRITTONPVGNODE,BRITTON_1_BRITTONPVGNODE,BRITTON_1_BRITTONPVGNODE,RTPD,MCC,LMP_CONG_PRC,BRITTON_1_BRITTONPVGNODE,ALL,1,14.61283,1,2
2022-09-01T08:00:00-00:00,2022-09-01T08:15:00-00:00,2022-09-01,02,BRITTON_1_BRITTONPVGNODE,BRITTON_1_BRITTONPVGNODE,BRITTON_1_BRITTONPVGNODE,RTPD,MCC,LMP_CONG_PRC,BRITTON_1_BRITTONPVGNODE,ALL,1,2.18721,1,2
2022-09-01T09:00:00-00:00,2022-09-01T09:15:00-00:00,2022-09-01,03,BRITTON_1_BRITTONPVGNODE,BRITTON_1_BRITTONPVGNODE,BRITTON_1_BRITTONPVGNODE,RTPD,MCC,LMP_CONG_PRC,BRITTON_1_BRITTONPVGNODE,ALL,1,2.93183,1,2
2022-09-01T10:00:00-00:00,2022-09-01T10:15:00-00:00,2022-09-01,04,BRITTON_1_BRITTONPVGNODE,BRITTON_1_BRITTONPVGNODE,BRITTON_1_BRITTONPVGNODE,RTPD,MCC,LMP_CONG_PRC,BRITTON_1_BRITTONPVGNODE,ALL,1,2.57846,1,2
2022-09-01T11:00:00-00:00,2022-09-01T11:15:00-00:00,2022-09-01,05,BRITTON_1_BRITTONPVGNODE,BRITTON_1_BRITTONPVGNODE,BRITTON_1_BRITTONPVGNODE,RTPD,MCC,LMP_CONG_PRC,BRITTON_1_BRITTONPVGNODE,ALL,1,-0.0032,1,2
2022-09-01T12:00:00-00:00,2022-09-01T12:15:00-00:00,2022-09-01,06,BRITTON_1_BRITTONPVGNODE,BRITTON_1_BRITTONPVGNODE,BRITTON_1_BRITTONPVGNODE,RTPD,MCC,LMP_CONG_PRC,BRITTON_1_BRITTONPVGNODE,ALL,1,6.79655,1,2
2022-09-01T13:00:00-00:00,2022-09-01T13:15:00-00:00,2022-09-01,07,BRITTON_1_BRITTONPVGNODE,BRITTON_1_BRITTONPVGNODE,BRITTON_1_BRITTONPVGNODE,RTPD,MCC,LMP_CONG_PRC,BRITTON_1_BRITTONPVGNODE,ALL,1,9.3588,1,2
2022-09-01T14:00:00-00:00,2022-09-01T14:15:00-00:00,2022-09-01,08,BRITTON_1_BRITTONPVGNODE,BRITTON_1_BRITTONPVGNODE,BRITTON_1_BRITTONPVGNODE,RTPD,MCC,LMP_CONG_PRC,BRITTON_1_BRITTONPVGNODE,ALL,1,-16.58523,1,2
2022-09-01T15:00:00-00:00,2022-09-01T15:15:00-00:00,2022-09-01,09,BRITTON_1_BRITTONPVGNODE,BRITTON_1_BRITTONPVGNODE,BRITTON_1_BRITTONPVGNODE,RTPD,MCC,LMP_CONG_PRC,BRITTON_1_BRITTONPVGNODE,ALL,1,-45.0641,1,2
2022-09-01T16:00:00-00:00,2022-09-01T16:15:00-00:00,2022-09-01,10,BRITTON_1_BRITTONPVGNODE,BRITTON_1_BRITTONPVGNODE,BRITTON_1_BRITTONPVGNODE,RTPD,MCC,LMP_CONG_PRC,BRITTON_1_BRITTONPVGNODE,ALL,1,-33.19887,1,2
2022-09-01T17:00:00-00:00,2022-09-01T17:15:00-00:00,2022-09-01,11,BRITTON_1_BRITTONPVGNODE,BRITTON_1_BRITTONPVGNODE,BRITTON_1_BRITTONPVGNODE,RTPD,MCC,LMP_CONG_PRC,BRITTON_1_BRITTONPVGNODE,ALL,1,-18.43827,1,2
2022-09-01T18:00:00-00:00,2022-09-01T18:15:00-00:00,2022-09-01,12,BRITTON_1_BRITTONPVGNODE,BRITTON_1_BRITTONPVGNODE,BRITTON_1_BRITTONPVGNODE,RTPD,MCC,LMP_CONG_PRC,BRITTON_1_BRITTONPVGNODE,ALL,1,-11.71795,1,2
2022-09-01T19:00:00-00:00,2022-09-01T19:15:00-00:00,2022-09-01,13,BRITTON_1_BRITTONPVGNODE,BRITTON_1_BRITTONPVGNODE,BRITTON_1_BRITTONPVGNODE,RTPD,MCC,LMP_CONG_PRC,BRITTON_1_BRITTONPVGNODE,ALL,1,-31.98974,1,2
2022-09-01T20:00:00-00:00,2022-09-01T20:15:00-00:00,2022-09-01,14,BRITTON_1_BRITTONPVGNODE,BRITTON_1_BRITTONPVGNODE,BRITTON_1_BRITTONPVGNODE,RTPD,MCC,LMP_CONG_PRC,BRITTON_1_BRITTONPVGNODE,ALL,1,1.70312,1,2
2022-09-01T21:00:00-00:00,2022-09-01T21:15:00-00:00,2022-09-01,15,BRITTON_1_BRITTONPVGNODE,BRITTON_1_BRITTONPVGNODE,BRITTON_1_BRITTONPVGNODE,RTPD,MCC,LMP_CONG_PRC,BRITTON_1_BRITTONPVGNODE,ALL,1,-133.75005,1,2
2022-09-01T22:00:00-00:00,2022-09-01T22:15:00-00:00,2022-09-01,16,BRITTON_1_BRITTONPVGNODE,BRITTON_1_BRITTONPVGNODE,BRITTON_1_BRITTONPVGNODE,RTPD,MCC,LMP_CONG_PRC,BRITTON_1_BRITTONPVGNODE,ALL,1,-79.60969,1,2
2022-09-01T23:00:00-00:00,2022-09-01T23:15:00-00:00,2022-09-01,17,BRITTON_1_BRITTONPVGNODE,BRITTON_1_BRITTONPVGNODE,BRITTON_1_BRITTONPVGNODE,RTPD,MCC,LMP_CONG_PRC,BRITTON_1_BRITTONPVGNODE,ALL,1,-181.07603,1,2
2022-09-02T00:00:00-00:00,2022-09-02T00:15:00-00:00,2022-09-01,18,BRITTON_1_BRITTONPVGNODE,BRITTON_1_BRITTONPVGNODE,BRITTON_1_BRITTONPVGNODE,RTPD,MCC,LMP_CONG_PRC,BRITTON_1_BRITTONPVGNODE,ALL,1,-130.72018,1,2
2022-09-02T01:00:00-00:00,2022-09-02T01:15:00-00:00,2022-09-01,19,BRITTON_1_BRITTONPVGNODE,BRITTON_1_BRITTONPVGNODE,BRITTON_1_BRITTONPVGNODE,RTPD,MCC,LMP_CONG_PRC,BRITTON_1_BRITTONPVGNODE,ALL,1,63.28405,1,2
2022-09-02T02:00:00-00:00,2022-09-02T02:15:00-00:00,2022-09-01,20,BRITTON_1_BRITTONPVGNODE,BRITTON_1_BRITTONPVGNODE,BRITTON_1_BRITTONPVGNODE,RTPD,MCC,LMP_CONG_PRC,BRITTON_1_BRITTONPVGNODE,ALL,1,-83.47502,1,2
2022-09-02T03:00:00-00:00,2022-09-02T03:15:00-00:00,2022-09-01,21,BRITTON_1_BRITTONPVGNODE,BRITTON_1_BRITTONPVGNODE,BRITTON_1_BRITTONPVGNODE,RTPD,MCC,LMP_CONG_PRC,BRITTON_1_BRITTONPVGNODE,ALL,1,-713.11743,1,2
2022-09-02T04:00:00-00:00,2022-09-02T04:15:00-00:00,2022-09-01,22,BRITTON_1_BRITTONPVGNODE,BRITTON_1_BRITTONPVGNODE,BRITTON_1_BRITTONPVGNODE,RTPD,MCC,LMP_CONG_PRC,BRITTON_1_BRITTONPVGNODE,ALL,1,-264.3618,1,2
2022-09-02T05:00:00-00:00,2022-09-02T05:15:00-00:00,2022-09-01,23,BRITTON_1_BRITTONPVGNODE,BRITTON_1_BRITTONPVGNODE,BRITTON_1_BRITTONPVGNODE,RTPD,MCC,LMP_CONG_PRC,BRITTON_1_BRITTONPVGNODE,ALL,1,-186.94421,1,2
2022-09-02T06:00:00-00:00,2022-09-02T06:15:00-00:00,2022-09-01,24,BRITTON_1_BRITTONPVGNODE,BRITTON_1_BRITTONPVGNODE,BRITTON_1_BRITTONPVGNODE,RTPD,MCC,LMP_CONG_PRC,BRITTON_1_BRITTONPVGNODE,ALL,1,-115.18329,1,2
2022-09-01T07:15:00-00:00,2022-09-01T07:30:00-00:00,2022-09-01,01,BRITTON_1_BRITTONPVGNODE,BRITTON_1_BRITTONPVGNODE,BRITTON_1_BRITTONPVGNODE,RTPD,MCC,LMP_CONG_PRC,BRITTON_1_BRITTONPVGNODE,ALL,1,6.44764,2,2
2022-09-01T08:15:00-00:00,2022-09-01T08:30:00-00:00,2022-09-01,02,BRITTON_1_BRITTONPVGNODE,BRITTON_1_BRITTONPVGNODE,BRITTON_1_BRITTONPVGNODE,RTPD,MCC,LMP_CONG_PRC,BRITTON_1_BRITTONPVGNODE,ALL,1,0.59526,2,2
2022-09-01T09:15:00-00:00,2022-09-01T09:30:00-00:00,2022-09-01,03,BRITTON_1_BRITTONPVGNODE,BRITTON_1_BRITTONPVGNODE,BRITTON_1_BRITTONPVGNODE,RTPD,MCC,LMP_CONG_PRC,BRITTON_1_BRITTONPVGNODE,ALL,1,3.8921,2,2
2022-09-01T10:15:00-00:00,2022-09-01T10:30:00-00:00,2022-09-01,04,BRITTON_1_BRITTONPVGNODE,BRITTON_1_BRITTONPVGNODE,BRITTON_1_BRITTONPVGNODE,RTPD,MCC,LMP_CONG_PRC,BRITTON_1_BRITTONPVGNODE,ALL,1,3.64849,2,2
2022-09-01T11:15:00-00:00,2022-09-01T11:30:00-00:00,2022-09-01,05,BRITTON_1_BRITTONPVGNODE,BRITTON_1_BRITTONPVGNODE,BRITTON_1_BRITTONPVGNODE,RTPD,MCC,LMP_CONG_PRC,BRITTON_1_BRITTONPVGNODE,ALL,1,-0.004,2,2
2022-09-01T12:15:00-00:00,2022-09-01T12:30:00-00:00,2022-09-01,06,BRITTON_1_BRITTONPVGNODE,BRITTON_1_BRITTONPVGNODE,BRITTON_1_BRITTONPVGNODE,RTPD,MCC,LMP_CONG_PRC,BRITTON_1_BRITTONPVGNODE,ALL,1,4.18095,2,2
2022-09-01T13:15:00-00:00,2022-09-01T13:30:00-00:00,2022-09-01,07,BRITTON_1_BRITTONPVGNODE,BRITTON_1_BRITTONPVGNODE,BRITTON_1_BRITTONPVGNODE,RTPD,MCC,LMP_CONG_PRC,BRITTON_1_BRITTONPVGNODE,ALL,1,0.39856,2,2
2022-09-01T14:15:00-00:00,2022-09-01T14:30:00-00:00,2022-09-01,08,BRITTON_1_BRITTONPVGNODE,BRITTON_1_BRITTONPVGNODE,BRITTON_1_BRITTONPVGNODE,RTPD,MCC,LMP_CONG_PRC,BRITTON_1_BRITTONPVGNODE,ALL,1,-21.14008,2,2
2022-09-01T15:15:00-00:00,2022-09-01T15:30:00-00:00,2022-09-01,09,BRITTON_1_BRITTONPVGNODE,BRITTON_1_BRITTONPVGNODE,BRITTON_1_BRITTONPVGNODE,RTPD,MCC,LMP_CONG_PRC,BRITTON_1_BRITTONPVGNODE,ALL,1,-47.68241,2,2
2022-09-01T16:15:00-00:00,2022-09-01T16:30:00-00:00,2022-09-01,10,BRITTON_1_BRITTONPVGNODE,BRITTON_1_BRITTONPVGNODE,BRITTON_1_BRITTONPVGNODE,RTPD,MCC,LMP_CONG_PRC,BRITTON_1_BRITTONPVGNODE,ALL,1,-29.68433,2,2
2022-09-01T17:15:00-00:00,2022-09-01T17:30:00-00:00,2022-09-01,11,BRITTON_1_BRITTONPVGNODE,BRITTON_1_BRITTONPVGNODE,BRITTON_1_BRITTONPVGNODE,RTPD,MCC,LMP_CONG_PRC,BRITTON_1_BRITTONPVGNODE,ALL,1,-17.91661,2,2
2022-09-01T18:15:00-00:00,2022-09-01T18:30:00-00:00,2022-09-01,12,BRITTON_1_BRITTONPVGNODE,BRITTON_1_BRITTONPVGNODE,BRITTON_1_BRITTONPVGNODE,RTPD,MCC,LMP_CONG_PRC,BRITTON_1_BRITTONPVGNODE,ALL,1,-21.03412,2,2
2022-09-01T19:15:00-00:00,2022-09-01T19:30:00-00:00,2022-09-01,13,BRITTON_1_BRITTONPVGNODE,BRITTON_1_BRITTONPVGNODE,BRITTON_1_BRITTONPVGNODE,RTPD,MCC,LMP_CONG_PRC,BRITTON_1_BRITTONPVGNODE,ALL,1,-12.79043,2,2
2022-09-01T20:15:00-00:00,2022-09-01T20:30:00-00:00,2022-09-01,14,BRITTON_1_BRITTONPVGNODE,BRITTON_1_BRITTONPVGNODE,BRITTON_1_BRITTONPVGNODE,RTPD,MCC,LMP_CONG_PRC,BRITTON_1_BRITTONPVGNODE,ALL,1,1.83465,2,2
2022-09-01T21:15:00-00:00,2022-09-01T21:30:00-00:00,2022-09-01,15,BRITTON_1_BRITTONPVGNODE,BRITTON_1_BRITTONPVGNODE,BRITTON_1_BRITTONPVGNODE,RTPD,MCC,LMP_CONG_PRC,BRITTON_1_BRITTONPVGNODE,ALL,1,-28.34929,2,2
2022-09-01T22:15:00-00:00,2022-09-01T22:30:00-00:00,2022-09-01,16,BRITTON_1_BRITTONPVGNODE,BRITTON_1_BRITTONPVGNODE,BRITTON_1_BRITTONPVGNODE,RTPD,MCC,LMP_CONG_PRC,BRITTON_1_BRITTONPVGNODE,ALL,1,-83.30895,2,2
2022-09-01T23:15:00-00:00,2022-09-01T23:30:00-00:00,2022-09-01,17,BRITTON_1_BRITTONPVGNODE,BRITTON_1_BRITTONPVGNODE,BRITTON_1_BRITTONPVGNODE,RTPD,MCC,LMP_CONG_PRC,BRITTON_1_BRITTONPVGNODE,ALL,1,-168.66737,2,2
2022-09-02T00:15:00-00:00,2022-09-02T00:30:00-00:00,2022-09-01,18,BRITTON_1_BRITTONPVGNODE,BRITTON_1_BRITTONPVGNODE,BRITTON_1_BRITTONPVGNODE,RTPD,MCC,LMP_CONG_PRC,BRITTON_1_BRITTONPVGNODE,ALL,1,-114.5745,2,2
2022-09-02T01:15:00-00:00,2022-09-02T01:30:00-00:00,2022-09-01,19,BRITTON_1_BRITTONPVGNODE,BRITTON_1_BRITTONPVGNODE,BRITTON_1_BRITTONPVGNODE,RTPD,MCC,LMP_CONG_PRC,BRITTON_1_BRITTONPVGNODE,ALL,1,-114.004,2,2
2022-09-02T02:15:00-00:00,2022-09-02T02:30:00-00:00,2022-09-01,20,BRITTON_1_BRITTONPVGNODE,BRITTON_1_BRITTONPVGNODE,BRITTON_1_BRITTONPVGNODE,RTPD,MCC,LMP_CONG_PRC,BRITTON_1_BRITTONPVGNODE,ALL,1,-0.0024,2,2
2022-09-02T03:15:00-00:00,2022-09-02T03:30:00-00:00,2022-09-01,21,BRITTON_1_BRITTONPVGNODE,BRITTON_1_BRITTONPVGNODE,BRITTON_1_BRITTONPVGNODE,RTPD,MCC,LMP_CONG_PRC,BRITTON_1_BRITTONPVGNODE,ALL,1,-252.54819,2,2
2022-09-02T04:15:00-00:00,2022-09-02T04:30:00-00:00,2022-09-01,22,BRITTON_1_BRITTONPVGNODE,BRITTON_1_BRITTONPVGNODE,BRITTON_1_BRITTONPVGNODE,RTPD,MCC,LMP_CONG_PRC,BRITTON_1_BRITTONPVGNODE,ALL,1,-225.69418,2,2
2022-09-02T05:15:00-00:00,2022-09-02T05:30:00-00:00,2022-09-01,23,BRITTON_1_BRITTONPVGNODE,BRITTON_1_BRITTONPVGNODE,BRITTON_1_BRITTONPVGNODE,RTPD,MCC,LMP_CONG_PRC,BRITTON_1_BRITTONPVGNODE,ALL,1,-178.83755,2,2
2022-09-02T06:15:00-00:00,2022-09-02T06:30:00-00:00,2022-09-01,24,BRITTON_1_BRITTONPVGNODE,BRITTON_1_BRITTONPVGNODE,BRITTON_1_BRITTONPVGNODE,RTPD,MCC,LMP_CONG_PRC,BRITTON_1_BRITTONPVGNODE,ALL,1,-59.56431,2,2
2022-09-01T07:30:00-00:00,2022-09-01T07:45:00-00:00,2022-09-01,01,BRITTON_1_BRITTONPVGNODE,BRITTON_1_BRITTONPVGNODE,BRITTON_1_BRITTONPVGNODE,RTPD,MCC,LMP_CONG_PRC,BRITTON_1_BRITTONPVGNODE,ALL,1,10.54322,3,2
2022-09-01T08:30:00-00:00,2022-09-01T08:45:00-00:00,2022-09-01,02,BRITTON_1_BRITTONPVGNODE,BRITTON_1_BRITTONPVGNODE,BRITTON_1_BRITTONPVGNODE,RTPD,MCC,LMP_CONG_PRC,BRITTON_1_BRITTONPVGNODE,ALL,1,-0.00183,3,2
2022-09-01T09:30:00-00:00,2022-09-01T09:45:00-00:00,2022-09-01,03,BRITTON_1_BRITTONPVGNODE,BRITTON_1_BRITTONPVGNODE,BRITTON_1_BRITTONPVGNODE,RTPD,MCC,LMP_CONG_PRC,BRITTON_1_BRITTONPVGNODE,ALL,1,3.85717,3,2
2022-09-01T10:30:00-00:00,2022-09-01T10:45:00-00:00,2022-09-01,04,BRITTON_1_BRITTONPVGNODE,BRITTON_1_BRITTONPVGNODE,BRITTON_1_BRITTONPVGNODE,RTPD,MCC,LMP_CONG_PRC,BRITTON_1_BRITTONPVGNODE,ALL,1,2.0771,3,2
2022-09-01T11:30:00-00:00,2022-09-01T11:45:00-00:00,2022-09-01,05,BRITTON_1_BRITTONPVGNODE,BRITTON_1_BRITTONPVGNODE,BRITTON_1_BRITTONPVGNODE,RTPD,MCC,LMP_CONG_PRC,BRITTON_1_BRITTONPVGNODE,ALL,1,-0.004,3,2
2022-09-01T12:30:00-00:00,2022-09-01T12:45:00-00:00,2022-09-01,06,BRITTON_1_BRITTONPVGNODE,BRITTON_1_BRITTONPVGNODE,BRITTON_1_BRITTONPVGNODE,RTPD,MCC,LMP_CONG_PRC,BRITTON_1_BRITTONPVGNODE,ALL,1,7.26526,3,2
2022-09-01T13:30:00-00:00,2022-09-01T13:45:00-00:00,2022-09-01,07,BRITTON_1_BRITTONPVGNODE,BRITTON_1_BRITTONPVGNODE,BRITTON_1_BRITTONPVGNODE,RTPD,MCC,LMP_CONG_PRC,BRITTON_1_BRITTONPVGNODE,ALL,1,-1.62226,3,2
2022-09-01T14:30:00-00:00,2022-09-01T14:45:00-00:00,2022-09-01,08,BRITTON_1_BRITTONPVGNODE,BRITTON_1_BRITTONPVGNODE,BRITTON_1_BRITTONPVGNODE,RTPD,MCC,LMP_CONG_PRC,BRITTON_1_BRITTONPVGNODE,ALL,1,-15.48484,3,2
2022-09-01T15:30:00-00:00,2022-09-01T15:45:00-00:00,2022-09-01,09,BRITTON_1_BRITTONPVGNODE,BRITTON_1_BRITTONPVGNODE,BRITTON_1_BRITTONPVGNODE,RTPD,MCC,LMP_CONG_PRC,BRITTON_1_BRITTONPVGNODE,ALL,1,-59.92035,3,2
2022-09-01T16:30:00-00:00,2022-09-01T16:45:00-00:00,2022-09-01,10,BRITTON_1_BRITTONPVGNODE,BRITTON_1_BRITTONPVGNODE,BRITTON_1_BRITTONPVGNODE,RTPD,MCC,LMP_CONG_PRC,BRITTON_1_BRITTONPVGNODE,ALL,1,-15.95969,3,2
2022-09-01T17:30:00-00:00,2022-09-01T17:45:00-00:00,2022-09-01,11,BRITTON_1_BRITTONPVGNODE,BRITTON_1_BRITTONPVGNODE,BRITTON_1_BRITTONPVGNODE,RTPD,MCC,LMP_CONG_PRC,BRITTON_1_BRITTONPVGNODE,ALL,1,-14.65862,3,2
2022-09-01T18:30:00-00:00,2022-09-01T18:45:00-00:00,2022-09-01,12,BRITTON_1_BRITTONPVGNODE,BRITTON_1_BRITTONPVGNODE,BRITTON_1_BRITTONPVGNODE,RTPD,MCC,LMP_CONG_PRC,BRITTON_1_BRITTONPVGNODE,ALL,1,-19.8006,3,2
2022-09-01T19:30:00-00:00,2022-09-01T19:45:00-00:00,2022-09-01,13,BRITTON_1_BRITTONPVGNODE,BRITTON_1_BRITTONPVGNODE,BRITTON_1_BRITTONPVGNODE,RTPD,MCC,LMP_CONG_PRC,BRITTON_1_BRITTONPVGNODE,ALL,1,-21.51832,3,2
2022-09-01T20:30:00-00:00,2022-09-01T20:45:00-00:00,2022-09-01,14,BRITTON_1_BRITTONPVGNODE,BRITTON_1_BRITTONPVGNODE,BRITTON_1_BRITTONPVGNODE,RTPD,MCC,LMP_CONG_PRC,BRITTON_1_BRITTONPVGNODE,ALL,1,7.15535,3,2
2022-09-01T21:30:00-00:00,2022-09-01T21:45:00-00:00,2022-09-01,15,BRITTON_1_BRITTONPVGNODE,BRITTON_1_BRITTONPVGNODE,BRITTON_1_BRITTONPVGNODE,RTPD,MCC,LMP_CONG_PRC,BRITTON_1_BRITTONPVGNODE,ALL,1,-37.28894,3,2
2022-09-01T22:30:00-00:00,2022-09-01T22:45:00-00:00,2022-09-01,16,BRITTON_1_BRITTONPVGNODE,BRITTON_1_BRITTONPVGNODE,BRITTON_1_BRITTONPVGNODE,RTPD,MCC,LMP_CONG_PRC,BRITTON_1_BRITTONPVGNODE,ALL,1,-111.64359,3,2
2022-09-01T23:30:00-00:00,2022-09-01T23:45:00-00:00,2022-09-01,17,BRITTON_1_BRITTONPVGNODE,BRITTON_1_BRITTONPVGNODE,BRITTON_1_BRITTONPVGNODE,RTPD,MCC,LMP_CONG_PRC,BRITTON_1_BRITTONPVGNODE,ALL,1,-310.76056,3,2
2022-09-02T00:30:00-00:00,2022-09-02T00:45:00-00:00,2022-09-01,18,BRITTON_1_BRITTONPVGNODE,BRITTON_1_BRITTONPVGNODE,BRITTON_1_BRITTONPVGNODE,RTPD,MCC,LMP_CONG_PRC,BRITTON_1_BRITTONPVGNODE,ALL,1,-7.11427,3,2
2022-09-02T01:30:00-00:00,2022-09-02T01:45:00-00:00,2022-09-01,19,BRITTON_1_BRITTONPVGNODE,BRITTON_1_BRITTONPVGNODE,BRITTON_1_BRITTONPVGNODE,RTPD,MCC,LMP_CONG_PRC,BRITTON_1_BRITTONPVGNODE,ALL,1,-21.75306,3,2
2022-09-02T02:30:00-00:00,2022-09-02T02:45:00-00:00,2022-09-01,20,BRITTON_1_BRITTONPVGNODE,BRITTON_1_BRITTONPVGNODE,BRITTON_1_BRITTONPVGNODE,RTPD,MCC,LMP_CONG_PRC,BRITTON_1_BRITTONPVGNODE,ALL,1,-0.0024,3,2
2022-09-02T03:30:00-00:00,2022-09-02T03:45:00-00:00,2022-09-01,21,BRITTON_1_BRITTONPVGNODE,BRITTON_1_BRITTONPVGNODE,BRITTON_1_BRITTONPVGNODE,RTPD,MCC,LMP_CONG_PRC,BRITTON_1_BRITTONPVGNODE,ALL,1,-72.63,3,2
2022-09-02T04:30:00-00:00,2022-09-02T04:45:00-00:00,2022-09-01,22,BRITTON_1_BRITTONPVGNODE,BRITTON_1_BRITTONPVGNODE,BRITTON_1_BRITTONPVGNODE,RTPD,MCC,LMP_CONG_PRC,BRITTON_1_BRITTONPVGNODE,ALL,1,-177.04814,3,2
2022-09-02T05:30:00-00:00,2022-09-02T05:45:00-00:00,2022-09-01,23,BRITTON_1_BRITTONPVGNODE,BRITTON_1_BRITTONPVGNODE,BRITTON_1_BRITTONPVGNODE,RTPD,MCC,LMP_CONG_PRC,BRITTON_1_BRITTONPVGNODE,ALL,1,-140.29779,3,2
2022-09-02T06:30:00-00:00,2022-09-02T06:45:00-00:00,2022-09-01,24,BRITTON_1_BRITTONPVGNODE,BRITTON_1_BRITTONPVGNODE,BRITTON_1_BRITTONPVGNODE,RTPD,MCC,LMP_CONG_PRC,BRITTON_1_BRITTONPVGNODE,ALL,1,-130.99075,3,2
2022-09-01T07:45:00-00:00,2022-09-01T08:00:00-00:00,2022-09-01,01,BRITTON_1_BRITTONPVGNODE,BRITTON_1_BRITTONPVGNODE,BRITTON_1_BRITTONPVGNODE,RTPD,MCC,LMP_CONG_PRC,BRITTON_1_BRITTONPVGNODE,ALL,1,12.0632,4,2
2022-09-01T08:45:00-00:00,2022-09-01T09:00:00-00:00,2022-09-01,02,BRITTON_1_BRITTONPVGNODE,BRITTON_1_BRITTONPVGNODE,BRITTON_1_BRITTONPVGNODE,RTPD,MCC,LMP_CONG_PRC,BRITTON_1_BRITTONPVGNODE,ALL,1,2.94297,4,2
2022-09-01T09:45:00-00:00,2022-09-01T10:00:00-00:00,2022-09-01,03,BRITTON_1_BRITTONPVGNODE,BRITTON_1_BRITTONPVGNODE,BRITTON_1_BRITTONPVGNODE,RTPD,MCC,LMP_CONG_PRC,BRITTON_1_BRITTONPVGNODE,ALL,1,3.48219,4,2
2022-09-01T10:45:00-00:00,2022-09-01T11:00:00-00:00,2022-09-01,04,BRITTON_1_BRITTONPVGNODE,BRITTON_1_BRITTONPVGNODE,BRITTON_1_BRITTONPVGNODE,RTPD,MCC,LMP_CONG_PRC,BRITTON_1_BRITTONPVGNODE,ALL,1,0.82103,4,2
2022-09-01T11:45:00-00:00,2022-09-01T12:00:00-00:00,2022-09-01,05,BRITTON_1_BRITTONPVGNODE,BRITTON_1_BRITTONPVGNODE,BRITTON_1_BRITTONPVGNODE,RTPD,MCC,LMP_CONG_PRC,BRITTON_1_BRITTONPVGNODE,ALL,1,-0.0032,4,2
2022-09-01T12:45:00-00:00,2022-09-01T13:00:00-00:00,2022-09-01,06,BRITTON_1_BRITTONPVGNODE,BRITTON_1_BRITTONPVGNODE,BRITTON_1_BRITTONPVGNODE,RTPD,MCC,LMP_CONG_PRC,BRITTON_1_BRITTONPVGNODE,ALL,1,1.63622,4,2
2022-09-01T13:45:00-00:00,2022-09-01T14:00:00-00:00,2022-09-01,07,BRITTON_1_BRITTONPVGNODE,BRITTON_1_BRITTONPVGNODE,BRITTON_1_BRITTONPVGNODE,RTPD,MCC,LMP_CONG_PRC,BRITTON_1_BRITTONPVGNODE,ALL,1,-7.704,4,2
2022-09-01T14:45:00-00:00,2022-09-01T15:00:00-00:00,2022-09-01,08,BRITTON_1_BRITTONPVGNODE,BRITTON_1_BRITTONPVGNODE,BRITTON_1_BRITTONPVGNODE,RTPD,MCC,LMP_CONG_PRC,BRITTON_1_BRITTONPVGNODE,ALL,1,-19.59027,4,2
2022-09-01T15:45:00-00:00,2022-09-01T16:00:00-00:00,2022-09-01,09,BRITTON_1_BRITTONPVGNODE,BRITTON_1_BRITTONPVGNODE,BRITTON_1_BRITTONPVGNODE,RTPD,MCC,LMP_CONG_PRC,BRITTON_1_BRITTONPVGNODE,ALL,1,-29.47408,4,2
2022-09-01T16:45:00-00:00,2022-09-01T17:00:00-00:00,2022-09-01,10,BRITTON_1_BRITTONPVGNODE,BRITTON_1_BRITTONPVGNODE,BRITTON_1_BRITTONPVGNODE,RTPD,MCC,LMP_CONG_PRC,BRITTON_1_BRITTONPVGNODE,ALL,1,-16.79945,4,2
2022-09-01T17:45:00-00:00,2022-09-01T18:00:00-00:00,2022-09-01,11,BRITTON_1_BRITTONPVGNODE,BRITTON_1_BRITTONPVGNODE,BRITTON_1_BRITTONPVGNODE,RTPD,MCC,LMP_CONG_PRC,BRITTON_1_BRITTONPVGNODE,ALL,1,-16.15389,4,2
2022-09-01T18:45:00-00:00,2022-09-01T19:00:00-00:00,2022-09-01,12,BRITTON_1_BRITTONPVGNODE,BRITTON_1_BRITTONPVGNODE,BRITTON_1_BRITTONPVGNODE,RTPD,MCC,LMP_CONG_PRC,BRITTON_1_BRITTONPVGNODE,ALL,1,-22.62904,4,2
2022-09-01T19:45:00-00:00,2022-09-01T20:00:00-00:00,2022-09-01,13,BRITTON_1_BRITTONPVGNODE,BRITTON_1_BRITTONPVGNODE,BRITTON_1_BRITTONPVGNODE,RTPD,MCC,LMP_CONG_PRC,BRITTON_1_BRITTONPVGNODE,ALL,1,-22.51357,4,2
2022-09-01T20:45:00-00:00,2022-09-01T21:00:00-00:00,2022-09-01,14,BRITTON_1_BRITTONPVGNODE,BRITTON_1_BRITTONPVGNODE,BRITTON_1_BRITTONPVGNODE,RTPD,MCC,LMP_CONG_PRC,BRITTON_1_BRITTONPVGNODE,ALL,1,-24.32992,4,2
2022-09-01T21:45:00-00:00,2022-09-01T22:00:00-00:00,2022-09-01,15,BRITTON_1_BRITTONPVGNODE,BRITTON_1_BRITTONPVGNODE,BRITTON_1_BRITTONPVGNODE,RTPD,MCC,LMP_CONG_PRC,BRITTON_1_BRITTONPVGNODE,ALL,1,-137.24782,4,2
2022-09-01T22:45:00-00:00,2022-09-01T23:00:00-00:00,2022-09-01,16,BRITTON_1_BRITTONPVGNODE,BRITTON_1_BRITTONPVGNODE,BRITTON_1_BRITTONPVGNODE,RTPD,MCC,LMP_CONG_PRC,BRITTON_1_BRITTONPVGNODE,ALL,1,-164.79549,4,2
2022-09-01T23:45:00-00:00,2022-09-02T00:00:00-00:00,2022-09-01,17,BRITTON_1_BRITTONPVGNODE,BRITTON_1_BRITTONPVGNODE,BRITTON_1_BRITTONPVGNODE,RTPD,MCC,LMP_CONG_PRC,BRITTON_1_BRITTONPVGNODE,ALL,1,-345.46957,4,2
2022-09-02T00:45:00-00:00,2022-09-02T01:00:00-00:00,2022-09-01,18,BRITTON_1_BRITTONPVGNODE,BRITTON_1_BRITTONPVGNODE,BRITTON_1_BRITTONPVGNODE,RTPD,MCC,LMP_CONG_PRC,BRITTON_1_BRITTONPVGNODE,ALL,1,-732.13727,4,2
2022-09-02T01:45:00-00:00,2022-09-02T02:00:00-00:00,2022-09-01,19,BRITTON_1_BRITTONPVGNODE,BRITTON_1_BRITTONPVGNODE,BRITTON_1_BRITTONPVGNODE,RTPD,MCC,LMP_CONG_PRC,BRITTON_1_BRITTONPVGNODE,ALL,1,-0.0024,4,2
2022-09-02T02:45:00-00:00,2022-09-02T03:00:00-00:00,2022-09-01,20,BRITTON_1_BRITTONPVGNODE,BRITTON_1_BRITTONPVGNODE,BRITTON_1_BRITTONPVGNODE,RTPD,MCC,LMP_CONG_PRC,BRITTON_1_BRITTONPVGNODE,ALL,1,-734.6166,4,2
2022-09-02T03:45:00-00:00,2022-09-02T04:00:00-00:00,2022-09-01,21,BRITTON_1_BRITTONPVGNODE,BRITTON_1_BRITTONPVGNODE,BRITTON_1_BRITTONPVGNODE,RTPD,MCC,LMP_CONG_PRC,BRITTON_1_BRITTONPVGNODE,ALL,1,-65.48557,4,2
2022-09-02T04:45:00-00:00,2022-09-02T05:00:00-00:00,2022-09-01,22,BRITTON_1_BRITTONPVGNODE,BRITTON_1_BRITTONPVGNODE,BRITTON_1_BRITTONPVGNODE,RTPD,MCC,LMP_CONG_PRC,BRITTON_1_BRITTONPVGNODE,ALL,1,-139.7979,4,2
2022-09-02T05:45:00-00:00,2022-09-02T06:00:00-00:00,2022-09-01,23,BRITTON_1_BRITTONPVGNODE,BRITTON_1_BRITTONPVGNODE,BRITTON_1_BRITTONPVGNODE,RTPD,MCC,LMP_CONG_PRC,BRITTON_1_BRITTONPVGNODE,ALL,1,-167.47173,4,2
2022-09-02T06:45:00-00:00,2022-09-02T07:00:00-00:00,2022-09-01,24,BRITTON_1_BRITTONPVGNODE,BRITTON_1_BRITTONPVGNODE,BRITTON_1_BRITTONPVGNODE,RTPD,MCC,LMP_CONG_PRC,BRITTON_1_BRITTONPVGNODE,ALL,1,-81.91071,4,2
2022-09-01T07:00:00-00:00,2022-09-01T07:15:00-00:00,2022-09-01,01,BRITTON_1_BRITTONPVGNODE,BRITTON_1_BRITTONPVGNODE,BRITTON_1_BRITTONPVGNODE,RTPD,MCE,LMP_ENE_PRC,BRITTON_1_BRITTONPVGNODE,ALL,1,104.23471,1,3
2022-09-01T08:00:00-00:00,2022-09-01T08:15:00-00:00,2022-09-01,02,BRITTON_1_BRITTONPVGNODE,BRITTON_1_BRITTONPVGNODE,BRITTON_1_BRITTONPVGNODE,RTPD,MCE,LMP_ENE_PRC,BRITTON_1_BRITTONPVGNODE,ALL,1,115.5488,1,3
2022-09-01T09:00:00-00:00,2022-09-01T09:15:00-00:00,2022-09-01,03,BRITTON_1_BRITTONPVGNODE,BRITTON_1_BRITTONPVGNODE,BRITTON_1_BRITTONPVGNODE,RTPD,MCE,LMP_ENE_PRC,BRITTON_1_BRITTONPVGNODE,ALL,1,99.73061,1,3
2022-09-01T10:00:00-00:00,2022-09-01T10:15:00-00:00,2022-09-01,04,BRITTON_1_BRITTONPVGNODE,BRITTON_1_BRITTONPVGNODE,BRITTON_1_BRITTONPVGNODE,RTPD,MCE,LMP_ENE_PRC,BRITTON_1_BRITTONPVGNODE,ALL,1,98.64222,1,3
2022-09-01T11:00:00-00:00,2022-09-01T11:15:00-00:00,2022-09-01,05,BRITTON_1_BRITTONPVGNODE,BRITTON_1_BRITTONPVGNODE,BRITTON_1_BRITTONPVGNODE,RTPD,MCE,LMP_ENE_PRC,BRITTON_1_BRITTONPVGNODE,ALL,1,102.56859,1,3
2022-09-01T12:00:00-00:00,2022-09-01T12:15:00-00:00,2022-09-01,06,BRITTON_1_BRITTONPVGNODE,BRITTON_1_BRITTONPVGNODE,BRITTON_1_BRITTONPVGNODE,RTPD,MCE,LMP_ENE_PRC,BRITTON_1_BRITTONPVGNODE,ALL,1,96.90845,1,3
2022-09-01T13:00:00-00:00,2022-09-01T13:15:00-00:00,2022-09-01,07,BRITTON_1_BRITTONPVGNODE,BRITTON_1_BRITTONPVGNODE,BRITTON_1_BRITTONPVGNODE,RTPD,MCE,LMP_ENE_PRC,BRITTON_1_BRITTONPVGNODE,ALL,1,101.80878,1,3
2022-09-01T14:00:00-00:00,2022-09-01T14:15:00-00:00,2022-09-01,08,BRITTON_1_BRITTONPVGNODE,BRITTON_1_BRITTONPVGNODE,BRITTON_1_BRITTONPVGNODE,RTPD,MCE,LMP_ENE_PRC,BRITTON_1_BRITTONPVGNODE,ALL,1,111.11219,1,3
2022-09-01T15:00:00-00:00,2022-09-01T15:15:00-00:00,2022-09-01,09,BRITTON_1_BRITTONPVGNODE,BRITTON_1_BRITTONPVGNODE,BRITTON_1_BRITTONPVGNODE,RTPD,MCE,LMP_ENE_PRC,BRITTON_1_BRITTONPVGNODE,ALL,1,97.4112,1,3
2022-09-01T16:00:00-00:00,2022-09-01T16:15:00-00:00,2022-09-01,10,BRITTON_1_BRITTONPVGNODE,BRITTON_1_BRITTONPVGNODE,BRITTON_1_BRITTONPVGNODE,RTPD,MCE,LMP_ENE_PRC,BRITTON_1_BRITTONPVGNODE,ALL,1,83.43525,1,3
2022-09-01T17:00:00-00:00,2022-09-01T17:15:00-00:00,2022-09-01,11,BRITTON_1_BRITTONPVGNODE,BRITTON_1_BRITTONPVGNODE,BRITTON_1_BRITTONPVGNODE,RTPD,MCE,LMP_ENE_PRC,BRITTON_1_BRITTONPVGNODE,ALL,1,96.94897,1,3
2022-09-01T18:00:00-00:00,2022-09-01T18:15:00-00:00,2022-09-01,12,BRITTON_1_BRITTONPVGNODE,BRITTON_1_BRITTONPVGNODE,BRITTON_1_BRITTONPVGNODE,RTPD,MCE,LMP_ENE_PRC,BRITTON_1_BRITTONPVGNODE,ALL,1,91.59291,1,3
2022-09-01T19:00:00-00:00,2022-09-01T19:15:00-00:00,2022-09-01,13,BRITTON_1_BRITTONPVGNODE,BRITTON_1_BRITTONPVGNODE,BRITTON_1_BRITTONPVGNODE,RTPD,MCE,LMP_ENE_PRC,BRITTON_1_BRITTONPVGNODE,ALL,1,109.19637,1,3
2022-09-01T20:00:00-00:00,2022-09-01T20:15:00-00:00,2022-09-01,14,BRITTON_1_BRITTONPVGNODE,BRITTON_1_BRITTONPVGNODE,BRITTON_1_BRITTONPVGNODE,RTPD,MCE,LMP_ENE_PRC,BRITTON_1_BRITTONPVGNODE,ALL,1,117.94359,1,3
2022-09-01T21:00:00-00:00,2022-09-01T21:15:00-00:00,2022-09-01,15,BRITTON_1_BRITTONPVGNODE,BRITTON_1_BRITTONPVGNODE,BRITTON_1_BRITTONPVGNODE,RTPD,MCE,LMP_ENE_PRC,BRITTON_1_BRITTONPVGNODE,ALL,1,226.61499,1,3
2022-09-01T22:00:00-00:00,2022-09-01T22:15:00-00:00,2022-09-01,16,BRITTON_1_BRITTONPVGNODE,BRITTON_1_BRITTONPVGNODE,BRITTON_1_BRITTONPVGNODE,RTPD,MCE,LMP_ENE_PRC,BRITTON_1_BRITTONPVGNODE,ALL,1,229.18552,1,3
2022-09-01T23:00:00-00:00,2022-09-01T23:15:00-00:00,2022-09-01,17,BRITTON_1_BRITTONPVGNODE,BRITTON_1_BRITTONPVGNODE,BRITTON_1_BRITTONPVGNODE,RTPD,MCE,LMP_ENE_PRC,BRITTON_1_BRITTONPVGNODE,ALL,1,386.7537,1,3
2022-09-02T00:00:00-00:00,2022-09-02T00:15:00-00:00,2022-09-01,18,BRITTON_1_BRITTONPVGNODE,BRITTON_1_BRITTONPVGNODE,BRITTON_1_BRITTONPVGNODE,RTPD,MCE,LMP_ENE_PRC,BRITTON_1_BRITTONPVGNODE,ALL,1,770.58136,1,3
2022-09-02T01:00:00-00:00,2022-09-02T01:15:00-00:00,2022-09-01,19,BRITTON_1_BRITTONPVGNODE,BRITTON_1_BRITTONPVGNODE,BRITTON_1_BRITTONPVGNODE,RTPD,MCE,LMP_ENE_PRC,BRITTON_1_BRITTONPVGNODE,ALL,1,916.27124,1,3
2022-09-02T02:00:00-00:00,2022-09-02T02:15:00-00:00,2022-09-01,20,BRITTON_1_BRITTONPVGNODE,BRITTON_1_BRITTONPVGNODE,BRITTON_1_BRITTONPVGNODE,RTPD,MCE,LMP_ENE_PRC,BRITTON_1_BRITTONPVGNODE,ALL,1,1991.6721,1,3
2022-09-02T03:00:00-00:00,2022-09-02T03:15:00-00:00,2022-09-01,21,BRITTON_1_BRITTONPVGNODE,BRITTON_1_BRITTONPVGNODE,BRITTON_1_BRITTONPVGNODE,RTPD,MCE,LMP_ENE_PRC,BRITTON_1_BRITTONPVGNODE,ALL,1,917.5508,1,3
2022-09-02T04:00:00-00:00,2022-09-02T04:15:00-00:00,2022-09-01,22,BRITTON_1_BRITTONPVGNODE,BRITTON_1_BRITTONPVGNODE,BRITTON_1_BRITTONPVGNODE,RTPD,MCE,LMP_ENE_PRC,BRITTON_1_BRITTONPVGNODE,ALL,1,257.83005,1,3
2022-09-02T05:00:00-00:00,2022-09-02T05:15:00-00:00,2022-09-01,23,BRITTON_1_BRITTONPVGNODE,BRITTON_1_BRITTONPVGNODE,BRITTON_1_BRITTONPVGNODE,RTPD,MCE,LMP_ENE_PRC,BRITTON_1_BRITTONPVGNODE,ALL,1,183.24657,1,3
2022-09-02T06:00:00-00:00,2022-09-02T06:15:00-00:00,2022-09-01,24,BRITTON_1_BRITTONPVGNODE,BRITTON_1_BRITTONPVGNODE,BRITTON_1_BRITTONPVGNODE,RTPD,MCE,LMP_ENE_PRC,BRITTON_1_BRITTONPVGNODE,ALL,1,158.867,1,3
2022-09-01T07:15:00-00:00,2022-09-01T07:30:00-00:00,2022-09-01,01,BRITTON_1_BRITTONPVGNODE,BRITTON_1_BRITTONPVGNODE,BRITTON_1_BRITTONPVGNODE,RTPD,MCE,LMP_ENE_PRC,BRITTON_1_BRITTONPVGNODE,ALL,1,125.55144,2,3
2022-09-01T08:15:00-00:00,2022-09-01T08:30:00-00:00,2022-09-01,02,BRITTON_1_BRITTONPVGNODE,BRITTON_1_BRITTONPVGNODE,BRITTON_1_BRITTONPVGNODE,RTPD,MCE,LMP_ENE_PRC,BRITTON_1_BRITTONPVGNODE,ALL,1,115.53165,2,3
2022-09-01T09:15:00-00:00,2022-09-01T09:30:00-00:00,2022-09-01,03,BRITTON_1_BRITTONPVGNODE,BRITTON_1_BRITTONPVGNODE,BRITTON_1_BRITTONPVGNODE,RTPD,MCE,LMP_ENE_PRC,BRITTON_1_BRITTONPVGNODE,ALL,1,98.30543,2,3
2022-09-01T10:15:00-00:00,2022-09-01T10:30:00-00:00,2022-09-01,04,BRITTON_1_BRITTONPVGNODE,BRITTON_1_BRITTONPVGNODE,BRITTON_1_BRITTONPVGNODE,RTPD,MCE,LMP_ENE_PRC,BRITTON_1_BRITTONPVGNODE,ALL,1,97.00684,2,3
2022-09-01T11:15:00-00:00,2022-09-01T11:30:00-00:00,2022-09-01,05,BRITTON_1_BRITTONPVGNODE,BRITTON_1_BRITTONPVGNODE,BRITTON_1_BRITTONPVGNODE,RTPD,MCE,LMP_ENE_PRC,BRITTON_1_BRITTONPVGNODE,ALL,1,103.09059,2,3
2022-09-01T12:15:00-00:00,2022-09-01T12:30:00-00:00,2022-09-01,06,BRITTON_1_BRITTONPVGNODE,BRITTON_1_BRITTONPVGNODE,BRITTON_1_BRITTONPVGNODE,RTPD,MCE,LMP_ENE_PRC,BRITTON_1_BRITTONPVGNODE,ALL,1,109.32203,2,3
2022-09-01T13:15:00-00:00,2022-09-01T13:30:00-00:00,2022-09-01,07,BRITTON_1_BRITTONPVGNODE,BRITTON_1_BRITTONPVGNODE,BRITTON_1_BRITTONPVGNODE,RTPD,MCE,LMP_ENE_PRC,BRITTON_1_BRITTONPVGNODE,ALL,1,110.97827,2,3
2022-09-01T14:15:00-00:00,2022-09-01T14:30:00-00:00,2022-09-01,08,BRITTON_1_BRITTONPVGNODE,BRITTON_1_BRITTONPVGNODE,BRITTON_1_BRITTONPVGNODE,RTPD,MCE,LMP_ENE_PRC,BRITTON_1_BRITTONPVGNODE,ALL,1,104.78743,2,3
2022-09-01T15:15:00-00:00,2022-09-01T15:30:00-00:00,2022-09-01,09,BRITTON_1_BRITTONPVGNODE,BRITTON_1_BRITTONPVGNODE,BRITTON_1_BRITTONPVGNODE,RTPD,MCE,LMP_ENE_PRC,BRITTON_1_BRITTONPVGNODE,ALL,1,86.9388,2,3
2022-09-01T16:15:00-00:00,2022-09-01T16:30:00-00:00,2022-09-01,10,BRITTON_1_BRITTONPVGNODE,BRITTON_1_BRITTONPVGNODE,BRITTON_1_BRITTONPVGNODE,RTPD,MCE,LMP_ENE_PRC,BRITTON_1_BRITTONPVGNODE,ALL,1,89.44858,2,3
2022-09-01T17:15:00-00:00,2022-09-01T17:30:00-00:00,2022-09-01,11,BRITTON_1_BRITTONPVGNODE,BRITTON_1_BRITTONPVGNODE,BRITTON_1_BRITTONPVGNODE,RTPD,MCE,LMP_ENE_PRC,BRITTON_1_BRITTONPVGNODE,ALL,1,99.34673,2,3
2022-09-01T18:15:00-00:00,2022-09-01T18:30:00-00:00,2022-09-01,12,BRITTON_1_BRITTONPVGNODE,BRITTON_1_BRITTONPVGNODE,BRITTON_1_BRITTONPVGNODE,RTPD,MCE,LMP_ENE_PRC,BRITTON_1_BRITTONPVGNODE,ALL,1,101.15901,2,3
2022-09-01T19:15:00-00:00,2022-09-01T19:30:00-00:00,2022-09-01,13,BRITTON_1_BRITTONPVGNODE,BRITTON_1_BRITTONPVGNODE,BRITTON_1_BRITTONPVGNODE,RTPD,MCE,LMP_ENE_PRC,BRITTON_1_BRITTONPVGNODE,ALL,1,105.30588,2,3
2022-09-01T20:15:00-00:00,2022-09-01T20:30:00-00:00,2022-09-01,14,BRITTON_1_BRITTONPVGNODE,BRITTON_1_BRITTONPVGNODE,BRITTON_1_BRITTONPVGNODE,RTPD,MCE,LMP_ENE_PRC,BRITTON_1_BRITTONPVGNODE,ALL,1,117.49421,2,3
2022-09-01T21:15:00-00:00,2022-09-01T21:30:00-00:00,2022-09-01,15,BRITTON_1_BRITTONPVGNODE,BRITTON_1_BRITTONPVGNODE,BRITTON_1_BRITTONPVGNODE,RTPD,MCE,LMP_ENE_PRC,BRITTON_1_BRITTONPVGNODE,ALL,1,147.21185,2,3
2022-09-01T22:15:00-00:00,2022-09-01T22:30:00-00:00,2022-09-01,16,BRITTON_1_BRITTONPVGNODE,BRITTON_1_BRITTONPVGNODE,BRITTON_1_BRITTONPVGNODE,RTPD,MCE,LMP_ENE_PRC,BRITTON_1_BRITTONPVGNODE,ALL,1,256.58734,2,3
2022-09-01T23:15:00-00:00,2022-09-01T23:30:00-00:00,2022-09-01,17,BRITTON_1_BRITTONPVGNODE,BRITTON_1_BRITTONPVGNODE,BRITTON_1_BRITTONPVGNODE,RTPD,MCE,LMP_ENE_PRC,BRITTON_1_BRITTONPVGNODE,ALL,1,362.12408,2,3
2022-09-02T00:15:00-00:00,2022-09-02T00:30:00-00:00,2022-09-01,18,BRITTON_1_BRITTONPVGNODE,BRITTON_1_BRITTONPVGNODE,BRITTON_1_BRITTONPVGNODE,RTPD,MCE,LMP_ENE_PRC,BRITTON_1_BRITTONPVGNODE,ALL,1,691.2182,2,3
2022-09-02T01:15:00-00:00,2022-09-02T01:30:00-00:00,2022-09-01,19,BRITTON_1_BRITTONPVGNODE,BRITTON_1_BRITTONPVGNODE,BRITTON_1_BRITTONPVGNODE,RTPD,MCE,LMP_ENE_PRC,BRITTON_1_BRITTONPVGNODE,ALL,1,1999.9933,2,3
2022-09-02T02:15:00-00:00,2022-09-02T02:30:00-00:00,2022-09-01,20,BRITTON_1_BRITTONPVGNODE,BRITTON_1_BRITTONPVGNODE,BRITTON_1_BRITTONPVGNODE,RTPD,MCE,LMP_ENE_PRC,BRITTON_1_BRITTONPVGNODE,ALL,1,1991.6721,2,3
2022-09-02T03:15:00-00:00,2022-09-02T03:30:00-00:00,2022-09-01,21,BRITTON_1_BRITTONPVGNODE,BRITTON_1_BRITTONPVGNODE,BRITTON_1_BRITTONPVGNODE,RTPD,MCE,LMP_ENE_PRC,BRITTON_1_BRITTONPVGNODE,ALL,1,400.52884,2,3
2022-09-02T04:15:00-00:00,2022-09-02T04:30:00-00:00,2022-09-01,22,BRITTON_1_BRITTONPVGNODE,BRITTON_1_BRITTONPVGNODE,BRITTON_1_BRITTONPVGNODE,RTPD,MCE,LMP_ENE_PRC,BRITTON_1_BRITTONPVGNODE,ALL,1,224.75041,2,3
2022-09-02T05:15:00-00:00,2022-09-02T05:30:00-00:00,2022-09-01,23,BRITTON_1_BRITTONPVGNODE,BRITTON_1_BRITTONPVGNODE,BRITTON_1_BRITTONPVGNODE,RTPD,MCE,LMP_ENE_PRC,BRITTON_1_BRITTONPVGNODE,ALL,1,157.11986,2,3
2022-09-02T06:15:00-00:00,2022-09-02T06:30:00-00:00,2022-09-01,24,BRITTON_1_BRITTONPVGNODE,BRITTON_1_BRITTONPVGNODE,BRITTON_1_BRITTONPVGNODE,RTPD,MCE,LMP_ENE_PRC,BRITTON_1_BRITTONPVGNODE,ALL,1,143.1005,2,3
2022-09-01T07:30:00-00:00,2022-09-01T07:45:00-00:00,2022-09-01,01,BRITTON_1_BRITTONPVGNODE,BRITTON_1_BRITTONPVGNODE,BRITTON_1_BRITTONPVGNODE,RTPD,MCE,LMP_ENE_PRC,BRITTON_1_BRITTONPVGNODE,ALL,1,119.03196,3,3
2022-09-01T08:30:00-00:00,2022-09-01T08:45:00-00:00,2022-09-01,02,BRITTON_1_BRITTONPVGNODE,BRITTON_1_BRITTONPVGNODE,BRITTON_1_BRITTONPVGNODE,RTPD,MCE,LMP_ENE_PRC,BRITTON_1_BRITTONPVGNODE,ALL,1,111.11241,3,3
2022-09-01T09:30:00-00:00,2022-09-01T09:45:00-00:00,2022-09-01,03,BRITTON_1_BRITTONPVGNODE,BRITTON_1_BRITTONPVGNODE,BRITTON_1_BRITTONPVGNODE,RTPD,MCE,LMP_ENE_PRC,BRITTON_1_BRITTONPVGNODE,ALL,1,98.16228,3,3
2022-09-01T10:30:00-00:00,2022-09-01T10:45:00-00:00,2022-09-01,04,BRITTON_1_BRITTONPVGNODE,BRITTON_1_BRITTONPVGNODE,BRITTON_1_BRITTONPVGNODE,RTPD,MCE,LMP_ENE_PRC,BRITTON_1_BRITTONPVGNODE,ALL,1,96.36226,3,3
2022-09-01T11:30:00-00:00,2022-09-01T11:45:00-00:00,2022-09-01,05,BRITTON_1_BRITTONPVGNODE,BRITTON_1_BRITTONPVGNODE,BRITTON_1_BRITTONPVGNODE,RTPD,MCE,LMP_ENE_PRC,BRITTON_1_BRITTONPVGNODE,ALL,1,103.06198,3,3
2022-09-01T12:30:00-00:00,2022-09-01T12:45:00-00:00,2022-09-01,06,BRITTON_1_BRITTONPVGNODE,BRITTON_1_BRITTONPVGNODE,BRITTON_1_BRITTONPVGNODE,RTPD,MCE,LMP_ENE_PRC,BRITTON_1_BRITTONPVGNODE,ALL,1,113.57403,3,3
2022-09-01T13:30:00-00:00,2022-09-01T13:45:00-00:00,2022-09-01,07,BRITTON_1_BRITTONPVGNODE,BRITTON_1_BRITTONPVGNODE,BRITTON_1_BRITTONPVGNODE,RTPD,MCE,LMP_ENE_PRC,BRITTON_1_BRITTONPVGNODE,ALL,1,111.52025,3,3
2022-09-01T14:30:00-00:00,2022-09-01T14:45:00-00:00,2022-09-01,08,BRITTON_1_BRITTONPVGNODE,BRITTON_1_BRITTONPVGNODE,BRITTON_1_BRITTONPVGNODE,RTPD,MCE,LMP_ENE_PRC,BRITTON_1_BRITTONPVGNODE,ALL,1,101.83428,3,3
2022-09-01T15:30:00-00:00,2022-09-01T15:45:00-00:00,2022-09-01,09,BRITTON_1_BRITTONPVGNODE,BRITTON_1_BRITTONPVGNODE,BRITTON_1_BRITTONPVGNODE,RTPD,MCE,LMP_ENE_PRC,BRITTON_1_BRITTONPVGNODE,ALL,1,86.1388,3,3
2022-09-01T16:30:00-00:00,2022-09-01T16:45:00-00:00,2022-09-01,10,BRITTON_1_BRITTONPVGNODE,BRITTON_1_BRITTONPVGNODE,BRITTON_1_BRITTONPVGNODE,RTPD,MCE,LMP_ENE_PRC,BRITTON_1_BRITTONPVGNODE,ALL,1,88.79644,3,3
2022-09-01T17:30:00-00:00,2022-09-01T17:45:00-00:00,2022-09-01,11,BRITTON_1_BRITTONPVGNODE,BRITTON_1_BRITTONPVGNODE,BRITTON_1_BRITTONPVGNODE,RTPD,MCE,LMP_ENE_PRC,BRITTON_1_BRITTONPVGNODE,ALL,1,99.13013,3,3
2022-09-01T18:30:00-00:00,2022-09-01T18:45:00-00:00,2022-09-01,12,BRITTON_1_BRITTONPVGNODE,BRITTON_1_BRITTONPVGNODE,BRITTON_1_BRITTONPVGNODE,RTPD,MCE,LMP_ENE_PRC,BRITTON_1_BRITTONPVGNODE,ALL,1,107.05718,3,3
2022-09-01T19:30:00-00:00,2022-09-01T19:45:00-00:00,2022-09-01,13,BRITTON_1_BRITTONPVGNODE,BRITTON_1_BRITTONPVGNODE,BRITTON_1_BRITTONPVGNODE,RTPD,MCE,LMP_ENE_PRC,BRITTON_1_BRITTONPVGNODE,ALL,1,114.05905,3,3
2022-09-01T20:30:00-00:00,2022-09-01T20:45:00-00:00,2022-09-01,14,BRITTON_1_BRITTONPVGNODE,BRITTON_1_BRITTONPVGNODE,BRITTON_1_BRITTONPVGNODE,RTPD,MCE,LMP_ENE_PRC,BRITTON_1_BRITTONPVGNODE,ALL,1,129.81606,3,3
2022-09-01T21:30:00-00:00,2022-09-01T21:45:00-00:00,2022-09-01,15,BRITTON_1_BRITTONPVGNODE,BRITTON_1_BRITTONPVGNODE,BRITTON_1_BRITTONPVGNODE,RTPD,MCE,LMP_ENE_PRC,BRITTON_1_BRITTONPVGNODE,ALL,1,152.93057,3,3
2022-09-01T22:30:00-00:00,2022-09-01T22:45:00-00:00,2022-09-01,16,BRITTON_1_BRITTONPVGNODE,BRITTON_1_BRITTONPVGNODE,BRITTON_1_BRITTONPVGNODE,RTPD,MCE,LMP_ENE_PRC,BRITTON_1_BRITTONPVGNODE,ALL,1,283.18182,3,3
2022-09-01T23:30:00-00:00,2022-09-01T23:45:00-00:00,2022-09-01,17,BRITTON_1_BRITTONPVGNODE,BRITTON_1_BRITTONPVGNODE,BRITTON_1_BRITTONPVGNODE,RTPD,MCE,LMP_ENE_PRC,BRITTON_1_BRITTONPVGNODE,ALL,1,566.48157,3,3
2022-09-02T00:30:00-00:00,2022-09-02T00:45:00-00:00,2022-09-01,18,BRITTON_1_BRITTONPVGNODE,BRITTON_1_BRITTONPVGNODE,BRITTON_1_BRITTONPVGNODE,RTPD,MCE,LMP_ENE_PRC,BRITTON_1_BRITTONPVGNODE,ALL,1,1329.1127,3,3
2022-09-02T01:30:00-00:00,2022-09-02T01:45:00-00:00,2022-09-01,19,BRITTON_1_BRITTONPVGNODE,BRITTON_1_BRITTONPVGNODE,BRITTON_1_BRITTONPVGNODE,RTPD,MCE,LMP_ENE_PRC,BRITTON_1_BRITTONPVGNODE,ALL,1,1999.9956,3,3
2022-09-02T02:30:00-00:00,2022-09-02T02:45:00-00:00,2022-09-01,20,BRITTON_1_BRITTONPVGNODE,BRITTON_1_BRITTONPVGNODE,BRITTON_1_BRITTONPVGNODE,RTPD,MCE,LMP_ENE_PRC,BRITTON_1_BRITTONPVGNODE,ALL,1,1991.671,3,3
2022-09-02T03:30:00-00:00,2022-09-02T03:45:00-00:00,2022-09-01,21,BRITTON_1_BRITTONPVGNODE,BRITTON_1_BRITTONPVGNODE,BRITTON_1_BRITTONPVGNODE,RTPD,MCE,LMP_ENE_PRC,BRITTON_1_BRITTONPVGNODE,ALL,1,186.61823,3,3
2022-09-02T04:30:00-00:00,2022-09-02T04:45:00-00:00,2022-09-01,22,BRITTON_1_BRITTONPVGNODE,BRITTON_1_BRITTONPVGNODE,BRITTON_1_BRITTONPVGNODE,RTPD,MCE,LMP_ENE_PRC,BRITTON_1_BRITTONPVGNODE,ALL,1,180.67824,3,3
2022-09-02T05:30:00-00:00,2022-09-02T05:45:00-00:00,2022-09-01,23,BRITTON_1_BRITTONPVGNODE,BRITTON_1_BRITTONPVGNODE,BRITTON_1_BRITTONPVGNODE,RTPD,MCE,LMP_ENE_PRC,BRITTON_1_BRITTONPVGNODE,ALL,1,131.69917,3,3
2022-09-02T06:30:00-00:00,2022-09-02T06:45:00-00:00,2022-09-01,24,BRITTON_1_BRITTONPVGNODE,BRITTON_1_BRITTONPVGNODE,BRITTON_1_BRITTONPVGNODE,RTPD,MCE,LMP_ENE_PRC,BRITTON_1_BRITTONPVGNODE,ALL,1,128.9871,3,3
2022-09-01T07:45:00-00:00,2022-09-01T08:00:00-00:00,2022-09-01,01,BRITTON_1_BRITTONPVGNODE,BRITTON_1_BRITTONPVGNODE,BRITTON_1_BRITTONPVGNODE,RTPD,MCE,LMP_ENE_PRC,BRITTON_1_BRITTONPVGNODE,ALL,1,109.12099,4,3
2022-09-01T08:45:00-00:00,2022-09-01T09:00:00-00:00,2022-09-01,02,BRITTON_1_BRITTONPVGNODE,BRITTON_1_BRITTONPVGNODE,BRITTON_1_BRITTONPVGNODE,RTPD,MCE,LMP_ENE_PRC,BRITTON_1_BRITTONPVGNODE,ALL,1,98.7357,4,3
2022-09-01T09:45:00-00:00,2022-09-01T10:00:00-00:00,2022-09-01,03,BRITTON_1_BRITTONPVGNODE,BRITTON_1_BRITTONPVGNODE,BRITTON_1_BRITTONPVGNODE,RTPD,MCE,LMP_ENE_PRC,BRITTON_1_BRITTONPVGNODE,ALL,1,97.50475,4,3
2022-09-01T10:45:00-00:00,2022-09-01T11:00:00-00:00,2022-09-01,04,BRITTON_1_BRITTONPVGNODE,BRITTON_1_BRITTONPVGNODE,BRITTON_1_BRITTONPVGNODE,RTPD,MCE,LMP_ENE_PRC,BRITTON_1_BRITTONPVGNODE,ALL,1,94.71966,4,3
2022-09-01T11:45:00-00:00,2022-09-01T12:00:00-00:00,2022-09-01,05,BRITTON_1_BRITTONPVGNODE,BRITTON_1_BRITTONPVGNODE,BRITTON_1_BRITTONPVGNODE,RTPD,MCE,LMP_ENE_PRC,BRITTON_1_BRITTONPVGNODE,ALL,1,107.01,4,3
2022-09-01T12:45:00-00:00,2022-09-01T13:00:00-00:00,2022-09-01,06,BRITTON_1_BRITTONPVGNODE,BRITTON_1_BRITTONPVGNODE,BRITTON_1_BRITTONPVGNODE,RTPD,MCE,LMP_ENE_PRC,BRITTON_1_BRITTONPVGNODE,ALL,1,116.4848,4,3
2022-09-01T13:45:00-00:00,2022-09-01T14:00:00-00:00,2022-09-01,07,BRITTON_1_BRITTONPVGNODE,BRITTON_1_BRITTONPVGNODE,BRITTON_1_BRITTONPVGNODE,RTPD,MCE,LMP_ENE_PRC,BRITTON_1_BRITTONPVGNODE,ALL,1,111.41,4,3
2022-09-01T14:45:00-00:00,2022-09-01T15:00:00-00:00,2022-09-01,08,BRITTON_1_BRITTONPVGNODE,BRITTON_1_BRITTONPVGNODE,BRITTON_1_BRITTONPVGNODE,RTPD,MCE,LMP_ENE_PRC,BRITTON_1_BRITTONPVGNODE,ALL,1,86.1388,4,3
2022-09-01T15:45:00-00:00,2022-09-01T16:00:00-00:00,2022-09-01,09,BRITTON_1_BRITTONPVGNODE,BRITTON_1_BRITTONPVGNODE,BRITTON_1_BRITTONPVGNODE,RTPD,MCE,LMP_ENE_PRC,BRITTON_1_BRITTONPVGNODE,ALL,1,78.70076,4,3
2022-09-01T16:45:00-00:00,2022-09-01T17:00:00-00:00,2022-09-01,10,BRITTON_1_BRITTONPVGNODE,BRITTON_1_BRITTONPVGNODE,BRITTON_1_BRITTONPVGNODE,RTPD,MCE,LMP_ENE_PRC,BRITTON_1_BRITTONPVGNODE,ALL,1,91.24933,4,3
2022-09-01T17:45:00-00:00,2022-09-01T18:00:00-00:00,2022-09-01,11,BRITTON_1_BRITTONPVGNODE,BRITTON_1_BRITTONPVGNODE,BRITTON_1_BRITTONPVGNODE,RTPD,MCE,LMP_ENE_PRC,BRITTON_1_BRITTONPVGNODE,ALL,1,99.20544,4,3
2022-09-01T18:45:00-00:00,2022-09-01T19:00:00-00:00,2022-09-01,12,BRITTON_1_BRITTONPVGNODE,BRITTON_1_BRITTONPVGNODE,BRITTON_1_BRITTONPVGNODE,RTPD,MCE,LMP_ENE_PRC,BRITTON_1_BRITTONPVGNODE,ALL,1,109.04064,4,3
2022-09-01T19:45:00-00:00,2022-09-01T20:00:00-00:00,2022-09-01,13,BRITTON_1_BRITTONPVGNODE,BRITTON_1_BRITTONPVGNODE,BRITTON_1_BRITTONPVGNODE,RTPD,MCE,LMP_ENE_PRC,BRITTON_1_BRITTONPVGNODE,ALL,1,120.22491,4,3
2022-09-01T20:45:00-00:00,2022-09-01T21:00:00-00:00,2022-09-01,14,BRITTON_1_BRITTONPVGNODE,BRITTON_1_BRITTONPVGNODE,BRITTON_1_BRITTONPVGNODE,RTPD,MCE,LMP_ENE_PRC,BRITTON_1_BRITTONPVGNODE,ALL,1,154.02509,4,3
2022-09-01T21:45:00-00:00,2022-09-01T22:00:00-00:00,2022-09-01,15,BRITTON_1_BRITTONPVGNODE,BRITTON_1_BRITTONPVGNODE,BRITTON_1_BRITTONPVGNODE,RTPD,MCE,LMP_ENE_PRC,BRITTON_1_BRITTONPVGNODE,ALL,1,300.29376,4,3
2022-09-01T22:45:00-00:00,2022-09-01T23:00:00-00:00,2022-09-01,16,BRITTON_1_BRITTONPVGNODE,BRITTON_1_BRITTONPVGNODE,BRITTON_1_BRITTONPVGNODE,RTPD,MCE,LMP_ENE_PRC,BRITTON_1_BRITTONPVGNODE,ALL,1,429.9137,4,3
2022-09-01T23:45:00-00:00,2022-09-02T00:00:00-00:00,2022-09-01,17,BRITTON_1_BRITTONPVGNODE,BRITTON_1_BRITTONPVGNODE,BRITTON_1_BRITTONPVGNODE,RTPD,MCE,LMP_ENE_PRC,BRITTON_1_BRITTONPVGNODE,ALL,1,1261.2124,4,3
2022-09-02T00:45:00-00:00,2022-09-02T01:00:00-00:00,2022-09-01,18,BRITTON_1_BRITTONPVGNODE,BRITTON_1_BRITTONPVGNODE,BRITTON_1_BRITTONPVGNODE,RTPD,MCE,LMP_ENE_PRC,BRITTON_1_BRITTONPVGNODE,ALL,1,1519.149,4,3
2022-09-02T01:45:00-00:00,2022-09-02T02:00:00-00:00,2022-09-01,19,BRITTON_1_BRITTONPVGNODE,BRITTON_1_BRITTONPVGNODE,BRITTON_1_BRITTONPVGNODE,RTPD,MCE,LMP_ENE_PRC,BRITTON_1_BRITTONPVGNODE,ALL,1,1991.9337,4,3
2022-09-02T02:45:00-00:00,2022-09-02T03:00:00-00:00,2022-09-01,20,BRITTON_1_BRITTONPVGNODE,BRITTON_1_BRITTONPVGNODE,BRITTON_1_BRITTONPVGNODE,RTPD,MCE,LMP_ENE_PRC,BRITTON_1_BRITTONPVGNODE,ALL,1,1629.6213,4,3
2022-09-02T03:45:00-00:00,2022-09-02T04:00:00-00:00,2022-09-01,21,BRITTON_1_BRITTONPVGNODE,BRITTON_1_BRITTONPVGNODE,BRITTON_1_BRITTONPVGNODE,RTPD,MCE,LMP_ENE_PRC,BRITTON_1_BRITTONPVGNODE,ALL,1,141.13702,4,3
2022-09-02T04:45:00-00:00,2022-09-02T05:00:00-00:00,2022-09-01,22,BRITTON_1_BRITTONPVGNODE,BRITTON_1_BRITTONPVGNODE,BRITTON_1_BRITTONPVGNODE,RTPD,MCE,LMP_ENE_PRC,BRITTON_1_BRITTONPVGNODE,ALL,1,126.76372,4,3
2022-09-02T05:45:00-00:00,2022-09-02T06:00:00-00:00,2022-09-01,23,BRITTON_1_BRITTONPVGNODE,BRITTON_1_BRITTONPVGNODE,BRITTON_1_BRITTONPVGNODE,RTPD,MCE,LMP_ENE_PRC,BRITTON_1_BRITTONPVGNODE,ALL,1,119.00958,4,3
2022-09-02T06:45:00-00:00,2022-09-02T07:00:00-00:00,2022-09-01,24,BRITTON_1_BRITTONPVGNODE,BRITTON_1_BRITTONPVGNODE,BRITTON_1_BRITTONPVGNODE,RTPD,MCE,LMP_ENE_PRC,BRITTON_1_BRITTONPVGNODE,ALL,1,109.20324,4,3
2022-09-01T07:00:00-00:00,2022-09-01T07:15:00-00:00,2022-09-01,01,BRITTON_1_BRITTONPVGNODE,BRITTON_1_BRITTONPVGNODE,BRITTON_1_BRITTONPVGNODE,RTPD,MCL,LMP_LOSS_PRC,BRITTON_1_BRITTONPVGNODE,ALL,1,1.39173,1,4
2022-09-01T08:00:00-00:00,2022-09-01T08:15:00-00:00,2022-09-01,02,BRITTON_1_BRITTONPVGNODE,BRITTON_1_BRITTONPVGNODE,BRITTON_1_BRITTONPVGNODE,RTPD,MCL,LMP_LOSS_PRC,BRITTON_1_BRITTONPVGNODE,ALL,1,0,1,4
2022-09-01T09:00:00-00:00,2022-09-01T09:15:00-00:00,2022-09-01,03,BRITTON_1_BRITTONPVGNODE,BRITTON_1_BRITTONPVGNODE,BRITTON_1_BRITTONPVGNODE,RTPD,MCL,LMP_LOSS_PRC,BRITTON_1_BRITTONPVGNODE,ALL,1,0.41152,1,4
2022-09-01T10:00:00-00:00,2022-09-01T10:15:00-00:00,2022-09-01,04,BRITTON_1_BRITTONPVGNODE,BRITTON_1_BRITTONPVGNODE,BRITTON_1_BRITTONPVGNODE,RTPD,MCL,LMP_LOSS_PRC,BRITTON_1_BRITTONPVGNODE,ALL,1,1.48911,1,4
2022-09-01T11:00:00-00:00,2022-09-01T11:15:00-00:00,2022-09-01,05,BRITTON_1_BRITTONPVGNODE,BRITTON_1_BRITTONPVGNODE,BRITTON_1_BRITTONPVGNODE,RTPD,MCL,LMP_LOSS_PRC,BRITTON_1_BRITTONPVGNODE,ALL,1,0.72993,1,4
2022-09-01T12:00:00-00:00,2022-09-01T12:15:00-00:00,2022-09-01,06,BRITTON_1_BRITTONPVGNODE,BRITTON_1_BRITTONPVGNODE,BRITTON_1_BRITTONPVGNODE,RTPD,MCL,LMP_LOSS_PRC,BRITTON_1_BRITTONPVGNODE,ALL,1,0.78201,1,4
2022-09-01T13:00:00-00:00,2022-09-01T13:15:00-00:00,2022-09-01,07,BRITTON_1_BRITTONPVGNODE,BRITTON_1_BRITTONPVGNODE,BRITTON_1_BRITTONPVGNODE,RTPD,MCL,LMP_LOSS_PRC,BRITTON_1_BRITTONPVGNODE,ALL,1,0,1,4
2022-09-01T14:00:00-00:00,2022-09-01T14:15:00-00:00,2022-09-01,08,BRITTON_1_BRITTONPVGNODE,BRITTON_1_BRITTONPVGNODE,BRITTON_1_BRITTONPVGNODE,RTPD,MCL,LMP_LOSS_PRC,BRITTON_1_BRITTONPVGNODE,ALL,1,-5.73944,1,4
2022-09-01T15:00:00-00:00,2022-09-01T15:15:00-00:00,2022-09-01,09,BRITTON_1_BRITTONPVGNODE,BRITTON_1_BRITTONPVGNODE,BRITTON_1_BRITTONPVGNODE,RTPD,MCL,LMP_LOSS_PRC,BRITTON_1_BRITTONPVGNODE,ALL,1,0,1,4
2022-09-01T16:00:00-00:00,2022-09-01T16:15:00-00:00,2022-09-01,10,BRITTON_1_BRITTONPVGNODE,BRITTON_1_BRITTONPVGNODE,BRITTON_1_BRITTONPVGNODE,RTPD,MCL,LMP_LOSS_PRC,BRITTON_1_BRITTONPVGNODE,ALL,1,0,1,4
2022-09-01T17:00:00-00:00,2022-09-01T17:15:00-00:00,2022-09-01,11,BRITTON_1_BRITTONPVGNODE,BRITTON_1_BRITTONPVGNODE,BRITTON_1_BRITTONPVGNODE,RTPD,MCL,LMP_LOSS_PRC,BRITTON_1_BRITTONPVGNODE,ALL,1,0,1,4
2022-09-01T18:00:00-00:00,2022-09-01T18:15:00-00:00,2022-09-01,12,BRITTON_1_BRITTONPVGNODE,BRITTON_1_BRITTONPVGNODE,BRITTON_1_BRITTONPVGNODE,RTPD,MCL,LMP_LOSS_PRC,BRITTON_1_BRITTONPVGNODE,ALL,1,0,1,4
2022-09-01T19:00:00-00:00,2022-09-01T19:15:00-00:00,2022-09-01,13,BRITTON_1_BRITTONPVGNODE,BRITTON_1_BRITTONPVGNODE,BRITTON_1_BRITTONPVGNODE,RTPD,MCL,LMP_LOSS_PRC,BRITTON_1_BRITTONPVGNODE,ALL,1,0,1,4
2022-09-01T20:00:00-00:00,2022-09-01T20:15:00-00:00,2022-09-01,14,BRITTON_1_BRITTONPVGNODE,BRITTON_1_BRITTONPVGNODE,BRITTON_1_BRITTONPVGNODE,RTPD,MCL,LMP_LOSS_PRC,BRITTON_1_BRITTONPVGNODE,ALL,1,0,1,4
2022-09-01T21:00:00-00:00,2022-09-01T21:15:00-00:00,2022-09-01,15,BRITTON_1_BRITTONPVGNODE,BRITTON_1_BRITTONPVGNODE,BRITTON_1_BRITTONPVGNODE,RTPD,MCL,LMP_LOSS_PRC,BRITTON_1_BRITTONPVGNODE,ALL,1,0,1,4
2022-09-01T22:00:00-00:00,2022-09-01T22:15:00-00:00,2022-09-01,16,BRITTON_1_BRITTONPVGNODE,BRITTON_1_BRITTONPVGNODE,BRITTON_1_BRITTONPVGNODE,RTPD,MCL,LMP_LOSS_PRC,BRITTON_1_BRITTONPVGNODE,ALL,1,0,1,4
2022-09-01T23:00:00-00:00,2022-09-01T23:15:00-00:00,2022-09-01,17,BRITTON_1_BRITTONPVGNODE,BRITTON_1_BRITTONPVGNODE,BRITTON_1_BRITTONPVGNODE,RTPD,MCL,LMP_LOSS_PRC,BRITTON_1_BRITTONPVGNODE,ALL,1,0,1,4
2022-09-02T00:00:00-00:00,2022-09-02T00:15:00-00:00,2022-09-01,18,BRITTON_1_BRITTONPVGNODE,BRITTON_1_BRITTONPVGNODE,BRITTON_1_BRITTONPVGNODE,RTPD,MCL,LMP_LOSS_PRC,BRITTON_1_BRITTONPVGNODE,ALL,1,-64.36339,1,4
2022-09-02T01:00:00-00:00,2022-09-02T01:15:00-00:00,2022-09-01,19,BRITTON_1_BRITTONPVGNODE,BRITTON_1_BRITTONPVGNODE,BRITTON_1_BRITTONPVGNODE,RTPD,MCL,LMP_LOSS_PRC,BRITTON_1_BRITTONPVGNODE,ALL,1,0,1,4
2022-09-02T02:00:00-00:00,2022-09-02T02:15:00-00:00,2022-09-01,20,BRITTON_1_BRITTONPVGNODE,BRITTON_1_BRITTONPVGNODE,BRITTON_1_BRITTONPVGNODE,RTPD,MCL,LMP_LOSS_PRC,BRITTON_1_BRITTONPVGNODE,ALL,1,0,1,4
2022-09-02T03:00:00-00:00,2022-09-02T03:15:00-00:00,2022-09-01,21,BRITTON_1_BRITTONPVGNODE,BRITTON_1_BRITTONPVGNODE,BRITTON_1_BRITTONPVGNODE,RTPD,MCL,LMP_LOSS_PRC,BRITTON_1_BRITTONPVGNODE,ALL,1,-55.60742,1,4
2022-09-02T04:00:00-00:00,2022-09-02T04:15:00-00:00,2022-09-01,22,BRITTON_1_BRITTONPVGNODE,BRITTON_1_BRITTONPVGNODE,BRITTON_1_BRITTONPVGNODE,RTPD,MCL,LMP_LOSS_PRC,BRITTON_1_BRITTONPVGNODE,ALL,1,-13.029,1,4
2022-09-02T05:00:00-00:00,2022-09-02T05:15:00-00:00,2022-09-01,23,BRITTON_1_BRITTONPVGNODE,BRITTON_1_BRITTONPVGNODE,BRITTON_1_BRITTONPVGNODE,RTPD,MCL,LMP_LOSS_PRC,BRITTON_1_BRITTONPVGNODE,ALL,1,-14.64502,1,4
2022-09-02T06:00:00-00:00,2022-09-02T06:15:00-00:00,2022-09-01,24,BRITTON_1_BRITTONPVGNODE,BRITTON_1_BRITTONPVGNODE,BRITTON_1_BRITTONPVGNODE,RTPD,MCL,LMP_LOSS_PRC,BRITTON_1_BRITTONPVGNODE,ALL,1,-13.91375,1,4
2022-09-01T07:15:00-00:00,2022-09-01T07:30:00-00:00,2022-09-01,01,BRITTON_1_BRITTONPVGNODE,BRITTON_1_BRITTONPVGNODE,BRITTON_1_BRITTONPVGNODE,RTPD,MCL,LMP_LOSS_PRC,BRITTON_1_BRITTONPVGNODE,ALL,1,0,2,4
2022-09-01T08:15:00-00:00,2022-09-01T08:30:00-00:00,2022-09-01,02,BRITTON_1_BRITTONPVGNODE,BRITTON_1_BRITTONPVGNODE,BRITTON_1_BRITTONPVGNODE,RTPD,MCL,LMP_LOSS_PRC,BRITTON_1_BRITTONPVGNODE,ALL,1,0,2,4
2022-09-01T09:15:00-00:00,2022-09-01T09:30:00-00:00,2022-09-01,03,BRITTON_1_BRITTONPVGNODE,BRITTON_1_BRITTONPVGNODE,BRITTON_1_BRITTONPVGNODE,RTPD,MCL,LMP_LOSS_PRC,BRITTON_1_BRITTONPVGNODE,ALL,1,0.43919,2,4
2022-09-01T10:15:00-00:00,2022-09-01T10:30:00-00:00,2022-09-01,04,BRITTON_1_BRITTONPVGNODE,BRITTON_1_BRITTONPVGNODE,BRITTON_1_BRITTONPVGNODE,RTPD,MCL,LMP_LOSS_PRC,BRITTON_1_BRITTONPVGNODE,ALL,1,1.50279,2,4
2022-09-01T11:15:00-00:00,2022-09-01T11:30:00-00:00,2022-09-01,05,BRITTON_1_BRITTONPVGNODE,BRITTON_1_BRITTONPVGNODE,BRITTON_1_BRITTONPVGNODE,RTPD,MCL,LMP_LOSS_PRC,BRITTON_1_BRITTONPVGNODE,ALL,1,0.86433,2,4
2022-09-01T12:15:00-00:00,2022-09-01T12:30:00-00:00,2022-09-01,06,BRITTON_1_BRITTONPVGNODE,BRITTON_1_BRITTONPVGNODE,BRITTON_1_BRITTONPVGNODE,RTPD,MCL,LMP_LOSS_PRC,BRITTON_1_BRITTONPVGNODE,ALL,1,0.60499,2,4
2022-09-01T13:15:00-00:00,2022-09-01T13:30:00-00:00,2022-09-01,07,BRITTON_1_BRITTONPVGNODE,BRITTON_1_BRITTONPVGNODE,BRITTON_1_BRITTONPVGNODE,RTPD,MCL,LMP_LOSS_PRC,BRITTON_1_BRITTONPVGNODE,ALL,1,0.98854,2,4
2022-09-01T14:15:00-00:00,2022-09-01T14:30:00-00:00,2022-09-01,08,BRITTON_1_BRITTONPVGNODE,BRITTON_1_BRITTONPVGNODE,BRITTON_1_BRITTONPVGNODE,RTPD,MCL,LMP_LOSS_PRC,BRITTON_1_BRITTONPVGNODE,ALL,1,-6.1851,2,4
2022-09-01T15:15:00-00:00,2022-09-01T15:30:00-00:00,2022-09-01,09,BRITTON_1_BRITTONPVGNODE,BRITTON_1_BRITTONPVGNODE,BRITTON_1_BRITTONPVGNODE,RTPD,MCL,LMP_LOSS_PRC,BRITTON_1_BRITTONPVGNODE,ALL,1,0,2,4
2022-09-01T16:15:00-00:00,2022-09-01T16:30:00-00:00,2022-09-01,10,BRITTON_1_BRITTONPVGNODE,BRITTON_1_BRITTONPVGNODE,BRITTON_1_BRITTONPVGNODE,RTPD,MCL,LMP_LOSS_PRC,BRITTON_1_BRITTONPVGNODE,ALL,1,0,2,4
2022-09-01T17:15:00-00:00,2022-09-01T17:30:00-00:00,2022-09-01,11,BRITTON_1_BRITTONPVGNODE,BRITTON_1_BRITTONPVGNODE,BRITTON_1_BRITTONPVGNODE,RTPD,MCL,LMP_LOSS_PRC,BRITTON_1_BRITTONPVGNODE,ALL,1,0,2,4
2022-09-01T18:15:00-00:00,2022-09-01T18:30:00-00:00,2022-09-01,12,BRITTON_1_BRITTONPVGNODE,BRITTON_1_BRITTONPVGNODE,BRITTON_1_BRITTONPVGNODE,RTPD,MCL,LMP_LOSS_PRC,BRITTON_1_BRITTONPVGNODE,ALL,1,0,2,4
2022-09-01T19:15:00-00:00,2022-09-01T19:30:00-00:00,2022-09-01,13,BRITTON_1_BRITTONPVGNODE,BRITTON_1_BRITTONPVGNODE,BRITTON_1_BRITTONPVGNODE,RTPD,MCL,LMP_LOSS_PRC,BRITTON_1_BRITTONPVGNODE,ALL,1,0,2,4
2022-09-01T20:15:00-00:00,2022-09-01T20:30:00-00:00,2022-09-01,14,BRITTON_1_BRITTONPVGNODE,BRITTON_1_BRITTONPVGNODE,BRITTON_1_BRITTONPVGNODE,RTPD,MCL,LMP_LOSS_PRC,BRITTON_1_BRITTONPVGNODE,ALL,1,0,2,4
2022-09-01T21:15:00-00:00,2022-09-01T21:30:00-00:00,2022-09-01,15,BRITTON_1_BRITTONPVGNODE,BRITTON_1_BRITTONPVGNODE,BRITTON_1_BRITTONPVGNODE,RTPD,MCL,LMP_LOSS_PRC,BRITTON_1_BRITTONPVGNODE,ALL,1,0,2,4
2022-09-01T22:15:00-00:00,2022-09-01T22:30:00-00:00,2022-09-01,16,BRITTON_1_BRITTONPVGNODE,BRITTON_1_BRITTONPVGNODE,BRITTON_1_BRITTONPVGNODE,RTPD,MCL,LMP_LOSS_PRC,BRITTON_1_BRITTONPVGNODE,ALL,1,0,2,4
2022-09-01T23:15:00-00:00,2022-09-01T23:30:00-00:00,2022-09-01,17,BRITTON_1_BRITTONPVGNODE,BRITTON_1_BRITTONPVGNODE,BRITTON_1_BRITTONPVGNODE,RTPD,MCL,LMP_LOSS_PRC,BRITTON_1_BRITTONPVGNODE,ALL,1,0,2,4
2022-09-02T00:15:00-00:00,2022-09-02T00:30:00-00:00,2022-09-01,18,BRITTON_1_BRITTONPVGNODE,BRITTON_1_BRITTONPVGNODE,BRITTON_1_BRITTONPVGNODE,RTPD,MCL,LMP_LOSS_PRC,BRITTON_1_BRITTONPVGNODE,ALL,1,-57.23567,2,4
2022-09-02T01:15:00-00:00,2022-09-02T01:30:00-00:00,2022-09-01,19,BRITTON_1_BRITTONPVGNODE,BRITTON_1_BRITTONPVGNODE,BRITTON_1_BRITTONPVGNODE,RTPD,MCL,LMP_LOSS_PRC,BRITTON_1_BRITTONPVGNODE,ALL,1,0,2,4
2022-09-02T02:15:00-00:00,2022-09-02T02:30:00-00:00,2022-09-01,20,BRITTON_1_BRITTONPVGNODE,BRITTON_1_BRITTONPVGNODE,BRITTON_1_BRITTONPVGNODE,RTPD,MCL,LMP_LOSS_PRC,BRITTON_1_BRITTONPVGNODE,ALL,1,0,2,4
2022-09-02T03:15:00-00:00,2022-09-02T03:30:00-00:00,2022-09-01,21,BRITTON_1_BRITTONPVGNODE,BRITTON_1_BRITTONPVGNODE,BRITTON_1_BRITTONPVGNODE,RTPD,MCL,LMP_LOSS_PRC,BRITTON_1_BRITTONPVGNODE,ALL,1,-17.74388,2,4
2022-09-02T04:15:00-00:00,2022-09-02T04:30:00-00:00,2022-09-01,22,BRITTON_1_BRITTONPVGNODE,BRITTON_1_BRITTONPVGNODE,BRITTON_1_BRITTONPVGNODE,RTPD,MCL,LMP_LOSS_PRC,BRITTON_1_BRITTONPVGNODE,ALL,1,-12.91247,2,4
2022-09-02T05:15:00-00:00,2022-09-02T05:30:00-00:00,2022-09-01,23,BRITTON_1_BRITTONPVGNODE,BRITTON_1_BRITTONPVGNODE,BRITTON_1_BRITTONPVGNODE,RTPD,MCL,LMP_LOSS_PRC,BRITTON_1_BRITTONPVGNODE,ALL,1,-10.96473,2,4
2022-09-02T06:15:00-00:00,2022-09-02T06:30:00-00:00,2022-09-01,24,BRITTON_1_BRITTONPVGNODE,BRITTON_1_BRITTONPVGNODE,BRITTON_1_BRITTONPVGNODE,RTPD,MCL,LMP_LOSS_PRC,BRITTON_1_BRITTONPVGNODE,ALL,1,-10.92696,2,4
2022-09-01T07:30:00-00:00,2022-09-01T07:45:00-00:00,2022-09-01,01,BRITTON_1_BRITTONPVGNODE,BRITTON_1_BRITTONPVGNODE,BRITTON_1_BRITTONPVGNODE,RTPD,MCL,LMP_LOSS_PRC,BRITTON_1_BRITTONPVGNODE,ALL,1,0,3,4
2022-09-01T08:30:00-00:00,2022-09-01T08:45:00-00:00,2022-09-01,02,BRITTON_1_BRITTONPVGNODE,BRITTON_1_BRITTONPVGNODE,BRITTON_1_BRITTONPVGNODE,RTPD,MCL,LMP_LOSS_PRC,BRITTON_1_BRITTONPVGNODE,ALL,1,0.28896,3,4
2022-09-01T09:30:00-00:00,2022-09-01T09:45:00-00:00,2022-09-01,03,BRITTON_1_BRITTONPVGNODE,BRITTON_1_BRITTONPVGNODE,BRITTON_1_BRITTONPVGNODE,RTPD,MCL,LMP_LOSS_PRC,BRITTON_1_BRITTONPVGNODE,ALL,1,0.6645,3,4
2022-09-01T10:30:00-00:00,2022-09-01T10:45:00-00:00,2022-09-01,04,BRITTON_1_BRITTONPVGNODE,BRITTON_1_BRITTONPVGNODE,BRITTON_1_BRITTONPVGNODE,RTPD,MCL,LMP_LOSS_PRC,BRITTON_1_BRITTONPVGNODE,ALL,1,1.54055,3,4
2022-09-01T11:30:00-00:00,2022-09-01T11:45:00-00:00,2022-09-01,05,BRITTON_1_BRITTONPVGNODE,BRITTON_1_BRITTONPVGNODE,BRITTON_1_BRITTONPVGNODE,RTPD,MCL,LMP_LOSS_PRC,BRITTON_1_BRITTONPVGNODE,ALL,1,0.49573,3,4
2022-09-01T12:30:00-00:00,2022-09-01T12:45:00-00:00,2022-09-01,06,BRITTON_1_BRITTONPVGNODE,BRITTON_1_BRITTONPVGNODE,BRITTON_1_BRITTONPVGNODE,RTPD,MCL,LMP_LOSS_PRC,BRITTON_1_BRITTONPVGNODE,ALL,1,1.25453,3,4
2022-09-01T13:30:00-00:00,2022-09-01T13:45:00-00:00,2022-09-01,07,BRITTON_1_BRITTONPVGNODE,BRITTON_1_BRITTONPVGNODE,BRITTON_1_BRITTONPVGNODE,RTPD,MCL,LMP_LOSS_PRC,BRITTON_1_BRITTONPVGNODE,ALL,1,-0.43053,3,4
2022-09-01T14:30:00-00:00,2022-09-01T14:45:00-00:00,2022-09-01,08,BRITTON_1_BRITTONPVGNODE,BRITTON_1_BRITTONPVGNODE,BRITTON_1_BRITTONPVGNODE,RTPD,MCL,LMP_LOSS_PRC,BRITTON_1_BRITTONPVGNODE,ALL,1,-7.33542,3,4
2022-09-01T15:30:00-00:00,2022-09-01T15:45:00-00:00,2022-09-01,09,BRITTON_1_BRITTONPVGNODE,BRITTON_1_BRITTONPVGNODE,BRITTON_1_BRITTONPVGNODE,RTPD,MCL,LMP_LOSS_PRC,BRITTON_1_BRITTONPVGNODE,ALL,1,0,3,4
2022-09-01T16:30:00-00:00,2022-09-01T16:45:00-00:00,2022-09-01,10,BRITTON_1_BRITTONPVGNODE,BRITTON_1_BRITTONPVGNODE,BRITTON_1_BRITTONPVGNODE,RTPD,MCL,LMP_LOSS_PRC,BRITTON_1_BRITTONPVGNODE,ALL,1,0,3,4
2022-09-01T17:30:00-00:00,2022-09-01T17:45:00-00:00,2022-09-01,11,BRITTON_1_BRITTONPVGNODE,BRITTON_1_BRITTONPVGNODE,BRITTON_1_BRITTONPVGNODE,RTPD,MCL,LMP_LOSS_PRC,BRITTON_1_BRITTONPVGNODE,ALL,1,0,3,4
2022-09-01T18:30:00-00:00,2022-09-01T18:45:00-00:00,2022-09-01,12,BRITTON_1_BRITTONPVGNODE,BRITTON_1_BRITTONPVGNODE,BRITTON_1_BRITTONPVGNODE,RTPD,MCL,LMP_LOSS_PRC,BRITTON_1_BRITTONPVGNODE,ALL,1,0,3,4
2022-09-01T19:30:00-00:00,2022-09-01T19:45:00-00:00,2022-09-01,13,BRITTON_1_BRITTONPVGNODE,BRITTON_1_BRITTONPVGNODE,BRITTON_1_BRITTONPVGNODE,RTPD,MCL,LMP_LOSS_PRC,BRITTON_1_BRITTONPVGNODE,ALL,1,0,3,4
2022-09-01T20:30:00-00:00,2022-09-01T20:45:00-00:00,2022-09-01,14,BRITTON_1_BRITTONPVGNODE,BRITTON_1_BRITTONPVGNODE,BRITTON_1_BRITTONPVGNODE,RTPD,MCL,LMP_LOSS_PRC,BRITTON_1_BRITTONPVGNODE,ALL,1,0,3,4
2022-09-01T21:30:00-00:00,2022-09-01T21:45:00-00:00,2022-09-01,15,BRITTON_1_BRITTONPVGNODE,BRITTON_1_BRITTONPVGNODE,BRITTON_1_BRITTONPVGNODE,RTPD,MCL,LMP_LOSS_PRC,BRITTON_1_BRITTONPVGNODE,ALL,1,0,3,4
2022-09-01T22:30:00-00:00,2022-09-01T22:45:00-00:00,2022-09-01,16,BRITTON_1_BRITTONPVGNODE,BRITTON_1_BRITTONPVGNODE,BRITTON_1_BRITTONPVGNODE,RTPD,MCL,LMP_LOSS_PRC,BRITTON_1_BRITTONPVGNODE,ALL,1,0,3,4
2022-09-01T23:30:00-00:00,2022-09-01T23:45:00-00:00,2022-09-01,17,BRITTON_1_BRITTONPVGNODE,BRITTON_1_BRITTONPVGNODE,BRITTON_1_BRITTONPVGNODE,RTPD,MCL,LMP_LOSS_PRC,BRITTON_1_BRITTONPVGNODE,ALL,1,0,3,4
2022-09-02T00:30:00-00:00,2022-09-02T00:45:00-00:00,2022-09-01,18,BRITTON_1_BRITTONPVGNODE,BRITTON_1_BRITTONPVGNODE,BRITTON_1_BRITTONPVGNODE,RTPD,MCL,LMP_LOSS_PRC,BRITTON_1_BRITTONPVGNODE,ALL,1,0,3,4
2022-09-02T01:30:00-00:00,2022-09-02T01:45:00-00:00,2022-09-01,19,BRITTON_1_BRITTONPVGNODE,BRITTON_1_BRITTONPVGNODE,BRITTON_1_BRITTONPVGNODE,RTPD,MCL,LMP_LOSS_PRC,BRITTON_1_BRITTONPVGNODE,ALL,1,0,3,4
2022-09-02T02:30:00-00:00,2022-09-02T02:45:00-00:00,2022-09-01,20,BRITTON_1_BRITTONPVGNODE,BRITTON_1_BRITTONPVGNODE,BRITTON_1_BRITTONPVGNODE,RTPD,MCL,LMP_LOSS_PRC,BRITTON_1_BRITTONPVGNODE,ALL,1,0,3,4
2022-09-02T03:30:00-00:00,2022-09-02T03:45:00-00:00,2022-09-01,21,BRITTON_1_BRITTONPVGNODE,BRITTON_1_BRITTONPVGNODE,BRITTON_1_BRITTONPVGNODE,RTPD,MCL,LMP_LOSS_PRC,BRITTON_1_BRITTONPVGNODE,ALL,1,-9.02086,3,4
2022-09-02T04:30:00-00:00,2022-09-02T04:45:00-00:00,2022-09-01,22,BRITTON_1_BRITTONPVGNODE,BRITTON_1_BRITTONPVGNODE,BRITTON_1_BRITTONPVGNODE,RTPD,MCL,LMP_LOSS_PRC,BRITTON_1_BRITTONPVGNODE,ALL,1,-9.34273,3,4
2022-09-02T05:30:00-00:00,2022-09-02T05:45:00-00:00,2022-09-01,23,BRITTON_1_BRITTONPVGNODE,BRITTON_1_BRITTONPVGNODE,BRITTON_1_BRITTONPVGNODE,RTPD,MCL,LMP_LOSS_PRC,BRITTON_1_BRITTONPVGNODE,ALL,1,-8.72142,3,4
2022-09-02T06:30:00-00:00,2022-09-02T06:45:00-00:00,2022-09-01,24,BRITTON_1_BRITTONPVGNODE,BRITTON_1_BRITTONPVGNODE,BRITTON_1_BRITTONPVGNODE,RTPD,MCL,LMP_LOSS_PRC,BRITTON_1_BRITTONPVGNODE,ALL,1,-9.23842,3,4
2022-09-01T07:45:00-00:00,2022-09-01T08:00:00-00:00,2022-09-01,01,BRITTON_1_BRITTONPVGNODE,BRITTON_1_BRITTONPVGNODE,BRITTON_1_BRITTONPVGNODE,RTPD,MCL,LMP_LOSS_PRC,BRITTON_1_BRITTONPVGNODE,ALL,1,0,4,4
2022-09-01T08:45:00-00:00,2022-09-01T09:00:00-00:00,2022-09-01,02,BRITTON_1_BRITTONPVGNODE,BRITTON_1_BRITTONPVGNODE,BRITTON_1_BRITTONPVGNODE,RTPD,MCL,LMP_LOSS_PRC,BRITTON_1_BRITTONPVGNODE,ALL,1,0.61279,4,4
2022-09-01T09:45:00-00:00,2022-09-01T10:00:00-00:00,2022-09-01,03,BRITTON_1_BRITTONPVGNODE,BRITTON_1_BRITTONPVGNODE,BRITTON_1_BRITTONPVGNODE,RTPD,MCL,LMP_LOSS_PRC,BRITTON_1_BRITTONPVGNODE,ALL,1,0.68473,4,4
2022-09-01T10:45:00-00:00,2022-09-01T11:00:00-00:00,2022-09-01,04,BRITTON_1_BRITTONPVGNODE,BRITTON_1_BRITTONPVGNODE,BRITTON_1_BRITTONPVGNODE,RTPD,MCL,LMP_LOSS_PRC,BRITTON_1_BRITTONPVGNODE,ALL,1,1.93995,4,4
2022-09-01T11:45:00-00:00,2022-09-01T12:00:00-00:00,2022-09-01,05,BRITTON_1_BRITTONPVGNODE,BRITTON_1_BRITTONPVGNODE,BRITTON_1_BRITTONPVGNODE,RTPD,MCL,LMP_LOSS_PRC,BRITTON_1_BRITTONPVGNODE,ALL,1,0,4,4
2022-09-01T12:45:00-00:00,2022-09-01T13:00:00-00:00,2022-09-01,06,BRITTON_1_BRITTONPVGNODE,BRITTON_1_BRITTONPVGNODE,BRITTON_1_BRITTONPVGNODE,RTPD,MCL,LMP_LOSS_PRC,BRITTON_1_BRITTONPVGNODE,ALL,1,0,4,4
2022-09-01T13:45:00-00:00,2022-09-01T14:00:00-00:00,2022-09-01,07,BRITTON_1_BRITTONPVGNODE,BRITTON_1_BRITTONPVGNODE,BRITTON_1_BRITTONPVGNODE,RTPD,MCL,LMP_LOSS_PRC,BRITTON_1_BRITTONPVGNODE,ALL,1,0,4,4
2022-09-01T14:45:00-00:00,2022-09-01T15:00:00-00:00,2022-09-01,08,BRITTON_1_BRITTONPVGNODE,BRITTON_1_BRITTONPVGNODE,BRITTON_1_BRITTONPVGNODE,RTPD,MCL,LMP_LOSS_PRC,BRITTON_1_BRITTONPVGNODE,ALL,1,0,4,4
2022-09-01T15:45:00-00:00,2022-09-01T16:00:00-00:00,2022-09-01,09,BRITTON_1_BRITTONPVGNODE,BRITTON_1_BRITTONPVGNODE,BRITTON_1_BRITTONPVGNODE,RTPD,MCL,LMP_LOSS_PRC,BRITTON_1_BRITTONPVGNODE,ALL,1,0,4,4
2022-09-01T16:45:00-00:00,2022-09-01T17:00:00-00:00,2022-09-01,10,BRITTON_1_BRITTONPVGNODE,BRITTON_1_BRITTONPVGNODE,BRITTON_1_BRITTONPVGNODE,RTPD,MCL,LMP_LOSS_PRC,BRITTON_1_BRITTONPVGNODE,ALL,1,0,4,4
2022-09-01T17:45:00-00:00,2022-09-01T18:00:00-00:00,2022-09-01,11,BRITTON_1_BRITTONPVGNODE,BRITTON_1_BRITTONPVGNODE,BRITTON_1_BRITTONPVGNODE,RTPD,MCL,LMP_LOSS_PRC,BRITTON_1_BRITTONPVGNODE,ALL,1,0,4,4
2022-09-01T18:45:00-00:00,2022-09-01T19:00:00-00:00,2022-09-01,12,BRITTON_1_BRITTONPVGNODE,BRITTON_1_BRITTONPVGNODE,BRITTON_1_BRITTONPVGNODE,RTPD,MCL,LMP_LOSS_PRC,BRITTON_1_BRITTONPVGNODE,ALL,1,0,4,4
2022-09-01T19:45:00-00:00,2022-09-01T20:00:00-00:00,2022-09-01,13,BRITTON_1_BRITTONPVGNODE,BRITTON_1_BRITTONPVGNODE,BRITTON_1_BRITTONPVGNODE,RTPD,MCL,LMP_LOSS_PRC,BRITTON_1_BRITTONPVGNODE,ALL,1,0,4,4
2022-09-01T20:45:00-00:00,2022-09-01T21:00:00-00:00,2022-09-01,14,BRITTON_1_BRITTONPVGNODE,BRITTON_1_BRITTONPVGNODE,BRITTON_1_BRITTONPVGNODE,RTPD,MCL,LMP_LOSS_PRC,BRITTON_1_BRITTONPVGNODE,ALL,1,0,4,4
2022-09-01T21:45:00-00:00,2022-09-01T22:00:00-00:00,2022-09-01,15,BRITTON_1_BRITTONPVGNODE,BRITTON_1_BRITTONPVGNODE,BRITTON_1_BRITTONPVGNODE,RTPD,MCL,LMP_LOSS_PRC,BRITTON_1_BRITTONPVGNODE,ALL,1,0,4,4
2022-09-01T22:45:00-00:00,2022-09-01T23:00:00-00:00,2022-09-01,16,BRITTON_1_BRITTONPVGNODE,BRITTON_1_BRITTONPVGNODE,BRITTON_1_BRITTONPVGNODE,RTPD,MCL,LMP_LOSS_PRC,BRITTON_1_BRITTONPVGNODE,ALL,1,0,4,4
2022-09-01T23:45:00-00:00,2022-09-02T00:00:00-00:00,2022-09-01,17,BRITTON_1_BRITTONPVGNODE,BRITTON_1_BRITTONPVGNODE,BRITTON_1_BRITTONPVGNODE,RTPD,MCL,LMP_LOSS_PRC,BRITTON_1_BRITTONPVGNODE,ALL,1,0,4,4
2022-09-02T00:45:00-00:00,2022-09-02T01:00:00-00:00,2022-09-01,18,BRITTON_1_BRITTONPVGNODE,BRITTON_1_BRITTONPVGNODE,BRITTON_1_BRITTONPVGNODE,RTPD,MCL,LMP_LOSS_PRC,BRITTON_1_BRITTONPVGNODE,ALL,1,0,4,4
2022-09-02T01:45:00-00:00,2022-09-02T02:00:00-00:00,2022-09-01,19,BRITTON_1_BRITTONPVGNODE,BRITTON_1_BRITTONPVGNODE,BRITTON_1_BRITTONPVGNODE,RTPD,MCL,LMP_LOSS_PRC,BRITTON_1_BRITTONPVGNODE,ALL,1,0,4,4
2022-09-02T02:45:00-00:00,2022-09-02T03:00:00-00:00,2022-09-01,20,BRITTON_1_BRITTONPVGNODE,BRITTON_1_BRITTONPVGNODE,BRITTON_1_BRITTONPVGNODE,RTPD,MCL,LMP_LOSS_PRC,BRITTON_1_BRITTONPVGNODE,ALL,1,-116.40992,4,4
2022-09-02T03:45:00-00:00,2022-09-02T04:00:00-00:00,2022-09-01,21,BRITTON_1_BRITTONPVGNODE,BRITTON_1_BRITTONPVGNODE,BRITTON_1_BRITTONPVGNODE,RTPD,MCL,LMP_LOSS_PRC,BRITTON_1_BRITTONPVGNODE,ALL,1,-6.29611,4,4
2022-09-02T04:45:00-00:00,2022-09-02T05:00:00-00:00,2022-09-01,22,BRITTON_1_BRITTONPVGNODE,BRITTON_1_BRITTONPVGNODE,BRITTON_1_BRITTONPVGNODE,RTPD,MCL,LMP_LOSS_PRC,BRITTON_1_BRITTONPVGNODE,ALL,1,-8.13634,4,4
2022-09-02T05:45:00-00:00,2022-09-02T06:00:00-00:00,2022-09-01,23,BRITTON_1_BRITTONPVGNODE,BRITTON_1_BRITTONPVGNODE,BRITTON_1_BRITTONPVGNODE,RTPD,MCL,LMP_LOSS_PRC,BRITTON_1_BRITTONPVGNODE,ALL,1,-6.79512,4,4
2022-09-02T06:45:00-00:00,2022-09-02T07:00:00-00:00,2022-09-01,24,BRITTON_1_BRITTONPVGNODE,BRITTON_1_BRITTONPVGNODE,BRITTON_1_BRITTONPVGNODE,RTPD,MCL,LMP_LOSS_PRC,BRITTON_1_BRITTONPVGNODE,ALL,1,-8.09192,4,4
2022-09-01T07:00:00-00:00,2022-09-01T07:15:00-00:00,2022-09-01,01,BRITTON_1_BRITTONPVGNODE,BRITTON_1_BRITTONPVGNODE,BRITTON_1_BRITTONPVGNODE,RTPD,MGHG,LMP_GHG_PRC,BRITTON_1_BRITTONPVGNODE,ALL,1,-11.45,1,5
2022-09-01T08:00:00-00:00,2022-09-01T08:15:00-00:00,2022-09-01,02,BRITTON_1_BRITTONPVGNODE,BRITTON_1_BRITTONPVGNODE,BRITTON_1_BRITTONPVGNODE,RTPD,MGHG,LMP_GHG_PRC,BRITTON_1_BRITTONPVGNODE,ALL,1,-14.13,1,5
2022-09-01T09:00:00-00:00,2022-09-01T09:15:00-00:00,2022-09-01,03,BRITTON_1_BRITTONPVGNODE,BRITTON_1_BRITTONPVGNODE,BRITTON_1_BRITTONPVGNODE,RTPD,MGHG,LMP_GHG_PRC,BRITTON_1_BRITTONPVGNODE,ALL,1,-12.17178,1,5
2022-09-01T10:00:00-00:00,2022-09-01T10:15:00-00:00,2022-09-01,04,BRITTON_1_BRITTONPVGNODE,BRITTON_1_BRITTONPVGNODE,BRITTON_1_BRITTONPVGNODE,RTPD,MGHG,LMP_GHG_PRC,BRITTON_1_BRITTONPVGNODE,ALL,1,-13.55,1,5
2022-09-01T11:00:00-00:00,2022-09-01T11:15:00-00:00,2022-09-01,05,BRITTON_1_BRITTONPVGNODE,BRITTON_1_BRITTONPVGNODE,BRITTON_1_BRITTONPVGNODE,RTPD,MGHG,LMP_GHG_PRC,BRITTON_1_BRITTONPVGNODE,ALL,1,-13.55,1,5
2022-09-01T12:00:00-00:00,2022-09-01T12:15:00-00:00,2022-09-01,06,BRITTON_1_BRITTONPVGNODE,BRITTON_1_BRITTONPVGNODE,BRITTON_1_BRITTONPVGNODE,RTPD,MGHG,LMP_GHG_PRC,BRITTON_1_BRITTONPVGNODE,ALL,1,-13.71725,1,5
2022-09-01T13:00:00-00:00,2022-09-01T13:15:00-00:00,2022-09-01,07,BRITTON_1_BRITTONPVGNODE,BRITTON_1_BRITTONPVGNODE,BRITTON_1_BRITTONPVGNODE,RTPD,MGHG,LMP_GHG_PRC,BRITTON_1_BRITTONPVGNODE,ALL,1,-15,1,5
2022-09-01T14:00:00-00:00,2022-09-01T14:15:00-00:00,2022-09-01,08,BRITTON_1_BRITTONPVGNODE,BRITTON_1_BRITTONPVGNODE,BRITTON_1_BRITTONPVGNODE,RTPD,MGHG,LMP_GHG_PRC,BRITTON_1_BRITTONPVGNODE,ALL,1,-15.61,1,5
2022-09-01T15:00:00-00:00,2022-09-01T15:15:00-00:00,2022-09-01,09,BRITTON_1_BRITTONPVGNODE,BRITTON_1_BRITTONPVGNODE,BRITTON_1_BRITTONPVGNODE,RTPD,MGHG,LMP_GHG_PRC,BRITTON_1_BRITTONPVGNODE,ALL,1,-12.7,1,5
2022-09-01T16:00:00-00:00,2022-09-01T16:15:00-00:00,2022-09-01,10,BRITTON_1_BRITTONPVGNODE,BRITTON_1_BRITTONPVGNODE,BRITTON_1_BRITTONPVGNODE,RTPD,MGHG,LMP_GHG_PRC,BRITTON_1_BRITTONPVGNODE,ALL,1,-14.1,1,5
2022-09-01T17:00:00-00:00,2022-09-01T17:15:00-00:00,2022-09-01,11,BRITTON_1_BRITTONPVGNODE,BRITTON_1_BRITTONPVGNODE,BRITTON_1_BRITTONPVGNODE,RTPD,MGHG,LMP_GHG_PRC,BRITTON_1_BRITTONPVGNODE,ALL,1,-11.63,1,5
2022-09-01T18:00:00-00:00,2022-09-01T18:15:00-00:00,2022-09-01,12,BRITTON_1_BRITTONPVGNODE,BRITTON_1_BRITTONPVGNODE,BRITTON_1_BRITTONPVGNODE,RTPD,MGHG,LMP_GHG_PRC,BRITTON_1_BRITTONPVGNODE,ALL,1,-13.98,1,5
2022-09-01T19:00:00-00:00,2022-09-01T19:15:00-00:00,2022-09-01,13,BRITTON_1_BRITTONPVGNODE,BRITTON_1_BRITTONPVGNODE,BRITTON_1_BRITTONPVGNODE,RTPD,MGHG,LMP_GHG_PRC,BRITTON_1_BRITTONPVGNODE,ALL,1,-14.15,1,5
2022-09-01T20:00:00-00:00,2022-09-01T20:15:00-00:00,2022-09-01,14,BRITTON_1_BRITTONPVGNODE,BRITTON_1_BRITTONPVGNODE,BRITTON_1_BRITTONPVGNODE,RTPD,MGHG,LMP_GHG_PRC,BRITTON_1_BRITTONPVGNODE,ALL,1,-26.16,1,5
2022-09-01T21:00:00-00:00,2022-09-01T21:15:00-00:00,2022-09-01,15,BRITTON_1_BRITTONPVGNODE,BRITTON_1_BRITTONPVGNODE,BRITTON_1_BRITTONPVGNODE,RTPD,MGHG,LMP_GHG_PRC,BRITTON_1_BRITTONPVGNODE,ALL,1,-15,1,5
2022-09-01T22:00:00-00:00,2022-09-01T22:15:00-00:00,2022-09-01,16,BRITTON_1_BRITTONPVGNODE,BRITTON_1_BRITTONPVGNODE,BRITTON_1_BRITTONPVGNODE,RTPD,MGHG,LMP_GHG_PRC,BRITTON_1_BRITTONPVGNODE,ALL,1,-17.36,1,5
2022-09-01T23:00:00-00:00,2022-09-01T23:15:00-00:00,2022-09-01,17,BRITTON_1_BRITTONPVGNODE,BRITTON_1_BRITTONPVGNODE,BRITTON_1_BRITTONPVGNODE,RTPD,MGHG,LMP_GHG_PRC,BRITTON_1_BRITTONPVGNODE,ALL,1,-26.16,1,5
2022-09-02T00:00:00-00:00,2022-09-02T00:15:00-00:00,2022-09-01,18,BRITTON_1_BRITTONPVGNODE,BRITTON_1_BRITTONPVGNODE,BRITTON_1_BRITTONPVGNODE,RTPD,MGHG,LMP_GHG_PRC,BRITTON_1_BRITTONPVGNODE,ALL,1,-28.21,1,5
2022-09-02T01:00:00-00:00,2022-09-02T01:15:00-00:00,2022-09-01,19,BRITTON_1_BRITTONPVGNODE,BRITTON_1_BRITTONPVGNODE,BRITTON_1_BRITTONPVGNODE,RTPD,MGHG,LMP_GHG_PRC,BRITTON_1_BRITTONPVGNODE,ALL,1,-24.91,1,5
2022-09-02T02:00:00-00:00,2022-09-02T02:15:00-00:00,2022-09-01,20,BRITTON_1_BRITTONPVGNODE,BRITTON_1_BRITTONPVGNODE,BRITTON_1_BRITTONPVGNODE,RTPD,MGHG,LMP_GHG_PRC,BRITTON_1_BRITTONPVGNODE,ALL,1,-15.61,1,5
2022-09-02T03:00:00-00:00,2022-09-02T03:15:00-00:00,2022-09-01,21,BRITTON_1_BRITTONPVGNODE,BRITTON_1_BRITTONPVGNODE,BRITTON_1_BRITTONPVGNODE,RTPD,MGHG,LMP_GHG_PRC,BRITTON_1_BRITTONPVGNODE,ALL,1,-11.89,1,5
2022-09-02T04:00:00-00:00,2022-09-02T04:15:00-00:00,2022-09-01,22,BRITTON_1_BRITTONPVGNODE,BRITTON_1_BRITTONPVGNODE,BRITTON_1_BRITTONPVGNODE,RTPD,MGHG,LMP_GHG_PRC,BRITTON_1_BRITTONPVGNODE,ALL,1,-14.75,1,5
2022-09-02T05:00:00-00:00,2022-09-02T05:15:00-00:00,2022-09-01,23,BRITTON_1_BRITTONPVGNODE,BRITTON_1_BRITTONPVGNODE,BRITTON_1_BRITTONPVGNODE,RTPD,MGHG,LMP_GHG_PRC,BRITTON_1_BRITTONPVGNODE,ALL,1,-9.52,1,5
2022-09-02T06:00:00-00:00,2022-09-02T06:15:00-00:00,2022-09-01,24,BRITTON_1_BRITTONPVGNODE,BRITTON_1_BRITTONPVGNODE,BRITTON_1_BRITTONPVGNODE,RTPD,MGHG,LMP_GHG_PRC,BRITTON_1_BRITTONPVGNODE,ALL,1,-11.63,1,5
2022-09-01T07:15:00-00:00,2022-09-01T07:30:00-00:00,2022-09-01,01,BRITTON_1_BRITTONPVGNODE,BRITTON_1_BRITTONPVGNODE,BRITTON_1_BRITTONPVGNODE,RTPD,MGHG,LMP_GHG_PRC,BRITTON_1_BRITTONPVGNODE,ALL,1,-13.76,2,5
2022-09-01T08:15:00-00:00,2022-09-01T08:30:00-00:00,2022-09-01,02,BRITTON_1_BRITTONPVGNODE,BRITTON_1_BRITTONPVGNODE,BRITTON_1_BRITTONPVGNODE,RTPD,MGHG,LMP_GHG_PRC,BRITTON_1_BRITTONPVGNODE,ALL,1,-14.75,2,5
2022-09-01T09:15:00-00:00,2022-09-01T09:30:00-00:00,2022-09-01,03,BRITTON_1_BRITTONPVGNODE,BRITTON_1_BRITTONPVGNODE,BRITTON_1_BRITTONPVGNODE,RTPD,MGHG,LMP_GHG_PRC,BRITTON_1_BRITTONPVGNODE,ALL,1,-12.19,2,5
2022-09-01T10:15:00-00:00,2022-09-01T10:30:00-00:00,2022-09-01,04,BRITTON_1_BRITTONPVGNODE,BRITTON_1_BRITTONPVGNODE,BRITTON_1_BRITTONPVGNODE,RTPD,MGHG,LMP_GHG_PRC,BRITTON_1_BRITTONPVGNODE,ALL,1,-13.98,2,5
2022-09-01T11:15:00-00:00,2022-09-01T11:30:00-00:00,2022-09-01,05,BRITTON_1_BRITTONPVGNODE,BRITTON_1_BRITTONPVGNODE,BRITTON_1_BRITTONPVGNODE,RTPD,MGHG,LMP_GHG_PRC,BRITTON_1_BRITTONPVGNODE,ALL,1,-13.98,2,5
2022-09-01T12:15:00-00:00,2022-09-01T12:30:00-00:00,2022-09-01,06,BRITTON_1_BRITTONPVGNODE,BRITTON_1_BRITTONPVGNODE,BRITTON_1_BRITTONPVGNODE,RTPD,MGHG,LMP_GHG_PRC,BRITTON_1_BRITTONPVGNODE,ALL,1,-14.79,2,5
2022-09-01T13:15:00-00:00,2022-09-01T13:30:00-00:00,2022-09-01,07,BRITTON_1_BRITTONPVGNODE,BRITTON_1_BRITTONPVGNODE,BRITTON_1_BRITTONPVGNODE,RTPD,MGHG,LMP_GHG_PRC,BRITTON_1_BRITTONPVGNODE,ALL,1,-15,2,5
2022-09-01T14:15:00-00:00,2022-09-01T14:30:00-00:00,2022-09-01,08,BRITTON_1_BRITTONPVGNODE,BRITTON_1_BRITTONPVGNODE,BRITTON_1_BRITTONPVGNODE,RTPD,MGHG,LMP_GHG_PRC,BRITTON_1_BRITTONPVGNODE,ALL,1,-14.22559,2,5
2022-09-01T15:15:00-00:00,2022-09-01T15:30:00-00:00,2022-09-01,09,BRITTON_1_BRITTONPVGNODE,BRITTON_1_BRITTONPVGNODE,BRITTON_1_BRITTONPVGNODE,RTPD,MGHG,LMP_GHG_PRC,BRITTON_1_BRITTONPVGNODE,ALL,1,-12.7,2,5
2022-09-01T16:15:00-00:00,2022-09-01T16:30:00-00:00,2022-09-01,10,BRITTON_1_BRITTONPVGNODE,BRITTON_1_BRITTONPVGNODE,BRITTON_1_BRITTONPVGNODE,RTPD,MGHG,LMP_GHG_PRC,BRITTON_1_BRITTONPVGNODE,ALL,1,-13.34161,2,5
2022-09-01T17:15:00-00:00,2022-09-01T17:30:00-00:00,2022-09-01,11,BRITTON_1_BRITTONPVGNODE,BRITTON_1_BRITTONPVGNODE,BRITTON_1_BRITTONPVGNODE,RTPD,MGHG,LMP_GHG_PRC,BRITTON_1_BRITTONPVGNODE,ALL,1,-11.89,2,5
2022-09-01T18:15:00-00:00,2022-09-01T18:30:00-00:00,2022-09-01,12,BRITTON_1_BRITTONPVGNODE,BRITTON_1_BRITTONPVGNODE,BRITTON_1_BRITTONPVGNODE,RTPD,MGHG,LMP_GHG_PRC,BRITTON_1_BRITTONPVGNODE,ALL,1,-14.79,2,5
2022-09-01T19:15:00-00:00,2022-09-01T19:30:00-00:00,2022-09-01,13,BRITTON_1_BRITTONPVGNODE,BRITTON_1_BRITTONPVGNODE,BRITTON_1_BRITTONPVGNODE,RTPD,MGHG,LMP_GHG_PRC,BRITTON_1_BRITTONPVGNODE,ALL,1,-14.79,2,5
2022-09-01T20:15:00-00:00,2022-09-01T20:30:00-00:00,2022-09-01,14,BRITTON_1_BRITTONPVGNODE,BRITTON_1_BRITTONPVGNODE,BRITTON_1_BRITTONPVGNODE,RTPD,MGHG,LMP_GHG_PRC,BRITTON_1_BRITTONPVGNODE,ALL,1,-18.59,2,5
2022-09-01T21:15:00-00:00,2022-09-01T21:30:00-00:00,2022-09-01,15,BRITTON_1_BRITTONPVGNODE,BRITTON_1_BRITTONPVGNODE,BRITTON_1_BRITTONPVGNODE,RTPD,MGHG,LMP_GHG_PRC,BRITTON_1_BRITTONPVGNODE,ALL,1,-15.41,2,5
2022-09-01T22:15:00-00:00,2022-09-01T22:30:00-00:00,2022-09-01,16,BRITTON_1_BRITTONPVGNODE,BRITTON_1_BRITTONPVGNODE,BRITTON_1_BRITTONPVGNODE,RTPD,MGHG,LMP_GHG_PRC,BRITTON_1_BRITTONPVGNODE,ALL,1,-19.44814,2,5
2022-09-01T23:15:00-00:00,2022-09-01T23:30:00-00:00,2022-09-01,17,BRITTON_1_BRITTONPVGNODE,BRITTON_1_BRITTONPVGNODE,BRITTON_1_BRITTONPVGNODE,RTPD,MGHG,LMP_GHG_PRC,BRITTON_1_BRITTONPVGNODE,ALL,1,-26.16,2,5
2022-09-02T00:15:00-00:00,2022-09-02T00:30:00-00:00,2022-09-01,18,BRITTON_1_BRITTONPVGNODE,BRITTON_1_BRITTONPVGNODE,BRITTON_1_BRITTONPVGNODE,RTPD,MGHG,LMP_GHG_PRC,BRITTON_1_BRITTONPVGNODE,ALL,1,-24.91,2,5
2022-09-02T01:15:00-00:00,2022-09-02T01:30:00-00:00,2022-09-01,19,BRITTON_1_BRITTONPVGNODE,BRITTON_1_BRITTONPVGNODE,BRITTON_1_BRITTONPVGNODE,RTPD,MGHG,LMP_GHG_PRC,BRITTON_1_BRITTONPVGNODE,ALL,1,-18.59,2,5
2022-09-02T02:15:00-00:00,2022-09-02T02:30:00-00:00,2022-09-01,20,BRITTON_1_BRITTONPVGNODE,BRITTON_1_BRITTONPVGNODE,BRITTON_1_BRITTONPVGNODE,RTPD,MGHG,LMP_GHG_PRC,BRITTON_1_BRITTONPVGNODE,ALL,1,-17.16,2,5
2022-09-02T03:15:00-00:00,2022-09-02T03:30:00-00:00,2022-09-01,21,BRITTON_1_BRITTONPVGNODE,BRITTON_1_BRITTONPVGNODE,BRITTON_1_BRITTONPVGNODE,RTPD,MGHG,LMP_GHG_PRC,BRITTON_1_BRITTONPVGNODE,ALL,1,-14.79,2,5
2022-09-02T04:15:00-00:00,2022-09-02T04:30:00-00:00,2022-09-01,22,BRITTON_1_BRITTONPVGNODE,BRITTON_1_BRITTONPVGNODE,BRITTON_1_BRITTONPVGNODE,RTPD,MGHG,LMP_GHG_PRC,BRITTON_1_BRITTONPVGNODE,ALL,1,-14.79,2,5
2022-09-02T05:15:00-00:00,2022-09-02T05:30:00-00:00,2022-09-01,23,BRITTON_1_BRITTONPVGNODE,BRITTON_1_BRITTONPVGNODE,BRITTON_1_BRITTONPVGNODE,RTPD,MGHG,LMP_GHG_PRC,BRITTON_1_BRITTONPVGNODE,ALL,1,-11.89,2,5
2022-09-02T06:15:00-00:00,2022-09-02T06:30:00-00:00,2022-09-01,24,BRITTON_1_BRITTONPVGNODE,BRITTON_1_BRITTONPVGNODE,BRITTON_1_BRITTONPVGNODE,RTPD,MGHG,LMP_GHG_PRC,BRITTON_1_BRITTONPVGNODE,ALL,1,-11.13,2,5
2022-09-01T07:30:00-00:00,2022-09-01T07:45:00-00:00,2022-09-01,01,BRITTON_1_BRITTONPVGNODE,BRITTON_1_BRITTONPVGNODE,BRITTON_1_BRITTONPVGNODE,RTPD,MGHG,LMP_GHG_PRC,BRITTON_1_BRITTONPVGNODE,ALL,1,-14.46,3,5
2022-09-01T08:30:00-00:00,2022-09-01T08:45:00-00:00,2022-09-01,02,BRITTON_1_BRITTONPVGNODE,BRITTON_1_BRITTONPVGNODE,BRITTON_1_BRITTONPVGNODE,RTPD,MGHG,LMP_GHG_PRC,BRITTON_1_BRITTONPVGNODE,ALL,1,-14.79,3,5
2022-09-01T09:30:00-00:00,2022-09-01T09:45:00-00:00,2022-09-01,03,BRITTON_1_BRITTONPVGNODE,BRITTON_1_BRITTONPVGNODE,BRITTON_1_BRITTONPVGNODE,RTPD,MGHG,LMP_GHG_PRC,BRITTON_1_BRITTONPVGNODE,ALL,1,-12.97,3,5
2022-09-01T10:30:00-00:00,2022-09-01T10:45:00-00:00,2022-09-01,04,BRITTON_1_BRITTONPVGNODE,BRITTON_1_BRITTONPVGNODE,BRITTON_1_BRITTONPVGNODE,RTPD,MGHG,LMP_GHG_PRC,BRITTON_1_BRITTONPVGNODE,ALL,1,-13.98,3,5
2022-09-01T11:30:00-00:00,2022-09-01T11:45:00-00:00,2022-09-01,05,BRITTON_1_BRITTONPVGNODE,BRITTON_1_BRITTONPVGNODE,BRITTON_1_BRITTONPVGNODE,RTPD,MGHG,LMP_GHG_PRC,BRITTON_1_BRITTONPVGNODE,ALL,1,-14.53398,3,5
2022-09-01T12:30:00-00:00,2022-09-01T12:45:00-00:00,2022-09-01,06,BRITTON_1_BRITTONPVGNODE,BRITTON_1_BRITTONPVGNODE,BRITTON_1_BRITTONPVGNODE,RTPD,MGHG,LMP_GHG_PRC,BRITTON_1_BRITTONPVGNODE,ALL,1,-14.79,3,5
2022-09-01T13:30:00-00:00,2022-09-01T13:45:00-00:00,2022-09-01,07,BRITTON_1_BRITTONPVGNODE,BRITTON_1_BRITTONPVGNODE,BRITTON_1_BRITTONPVGNODE,RTPD,MGHG,LMP_GHG_PRC,BRITTON_1_BRITTONPVGNODE,ALL,1,-15.84217,3,5
2022-09-01T14:30:00-00:00,2022-09-01T14:45:00-00:00,2022-09-01,08,BRITTON_1_BRITTONPVGNODE,BRITTON_1_BRITTONPVGNODE,BRITTON_1_BRITTONPVGNODE,RTPD,MGHG,LMP_GHG_PRC,BRITTON_1_BRITTONPVGNODE,ALL,1,-12.7,3,5
2022-09-01T15:30:00-00:00,2022-09-01T15:45:00-00:00,2022-09-01,09,BRITTON_1_BRITTONPVGNODE,BRITTON_1_BRITTONPVGNODE,BRITTON_1_BRITTONPVGNODE,RTPD,MGHG,LMP_GHG_PRC,BRITTON_1_BRITTONPVGNODE,ALL,1,-12.05,3,5
2022-09-01T16:30:00-00:00,2022-09-01T16:45:00-00:00,2022-09-01,10,BRITTON_1_BRITTONPVGNODE,BRITTON_1_BRITTONPVGNODE,BRITTON_1_BRITTONPVGNODE,RTPD,MGHG,LMP_GHG_PRC,BRITTON_1_BRITTONPVGNODE,ALL,1,-11.13,3,5
2022-09-01T17:30:00-00:00,2022-09-01T17:45:00-00:00,2022-09-01,11,BRITTON_1_BRITTONPVGNODE,BRITTON_1_BRITTONPVGNODE,BRITTON_1_BRITTONPVGNODE,RTPD,MGHG,LMP_GHG_PRC,BRITTON_1_BRITTONPVGNODE,ALL,1,-11.63,3,5
2022-09-01T18:30:00-00:00,2022-09-01T18:45:00-00:00,2022-09-01,12,BRITTON_1_BRITTONPVGNODE,BRITTON_1_BRITTONPVGNODE,BRITTON_1_BRITTONPVGNODE,RTPD,MGHG,LMP_GHG_PRC,BRITTON_1_BRITTONPVGNODE,ALL,1,-14.37982,3,5
2022-09-01T19:30:00-00:00,2022-09-01T19:45:00-00:00,2022-09-01,13,BRITTON_1_BRITTONPVGNODE,BRITTON_1_BRITTONPVGNODE,BRITTON_1_BRITTONPVGNODE,RTPD,MGHG,LMP_GHG_PRC,BRITTON_1_BRITTONPVGNODE,ALL,1,-14.79,3,5
2022-09-01T20:30:00-00:00,2022-09-01T20:45:00-00:00,2022-09-01,14,BRITTON_1_BRITTONPVGNODE,BRITTON_1_BRITTONPVGNODE,BRITTON_1_BRITTONPVGNODE,RTPD,MGHG,LMP_GHG_PRC,BRITTON_1_BRITTONPVGNODE,ALL,1,-19.37,3,5
2022-09-01T21:30:00-00:00,2022-09-01T21:45:00-00:00,2022-09-01,15,BRITTON_1_BRITTONPVGNODE,BRITTON_1_BRITTONPVGNODE,BRITTON_1_BRITTONPVGNODE,RTPD,MGHG,LMP_GHG_PRC,BRITTON_1_BRITTONPVGNODE,ALL,1,-14.79,3,5
2022-09-01T22:30:00-00:00,2022-09-01T22:45:00-00:00,2022-09-01,16,BRITTON_1_BRITTONPVGNODE,BRITTON_1_BRITTONPVGNODE,BRITTON_1_BRITTONPVGNODE,RTPD,MGHG,LMP_GHG_PRC,BRITTON_1_BRITTONPVGNODE,ALL,1,-17.77,3,5
2022-09-01T23:30:00-00:00,2022-09-01T23:45:00-00:00,2022-09-01,17,BRITTON_1_BRITTONPVGNODE,BRITTON_1_BRITTONPVGNODE,BRITTON_1_BRITTONPVGNODE,RTPD,MGHG,LMP_GHG_PRC,BRITTON_1_BRITTONPVGNODE,ALL,1,-26.16,3,5
2022-09-02T00:30:00-00:00,2022-09-02T00:45:00-00:00,2022-09-01,18,BRITTON_1_BRITTONPVGNODE,BRITTON_1_BRITTONPVGNODE,BRITTON_1_BRITTONPVGNODE,RTPD,MGHG,LMP_GHG_PRC,BRITTON_1_BRITTONPVGNODE,ALL,1,-29.51,3,5
2022-09-02T01:30:00-00:00,2022-09-02T01:45:00-00:00,2022-09-01,19,BRITTON_1_BRITTONPVGNODE,BRITTON_1_BRITTONPVGNODE,BRITTON_1_BRITTONPVGNODE,RTPD,MGHG,LMP_GHG_PRC,BRITTON_1_BRITTONPVGNODE,ALL,1,-18.59,3,5
2022-09-02T02:30:00-00:00,2022-09-02T02:45:00-00:00,2022-09-01,20,BRITTON_1_BRITTONPVGNODE,BRITTON_1_BRITTONPVGNODE,BRITTON_1_BRITTONPVGNODE,RTPD,MGHG,LMP_GHG_PRC,BRITTON_1_BRITTONPVGNODE,ALL,1,-25.88,3,5
2022-09-02T03:30:00-00:00,2022-09-02T03:45:00-00:00,2022-09-01,21,BRITTON_1_BRITTONPVGNODE,BRITTON_1_BRITTONPVGNODE,BRITTON_1_BRITTONPVGNODE,RTPD,MGHG,LMP_GHG_PRC,BRITTON_1_BRITTONPVGNODE,ALL,1,-14.79,3,5
2022-09-02T04:30:00-00:00,2022-09-02T04:45:00-00:00,2022-09-01,22,BRITTON_1_BRITTONPVGNODE,BRITTON_1_BRITTONPVGNODE,BRITTON_1_BRITTONPVGNODE,RTPD,MGHG,LMP_GHG_PRC,BRITTON_1_BRITTONPVGNODE,ALL,1,-15.61,3,5
2022-09-02T05:30:00-00:00,2022-09-02T05:45:00-00:00,2022-09-01,23,BRITTON_1_BRITTONPVGNODE,BRITTON_1_BRITTONPVGNODE,BRITTON_1_BRITTONPVGNODE,RTPD,MGHG,LMP_GHG_PRC,BRITTON_1_BRITTONPVGNODE,ALL,1,-14.79,3,5
2022-09-02T06:30:00-00:00,2022-09-02T06:45:00-00:00,2022-09-01,24,BRITTON_1_BRITTONPVGNODE,BRITTON_1_BRITTONPVGNODE,BRITTON_1_BRITTONPVGNODE,RTPD,MGHG,LMP_GHG_PRC,BRITTON_1_BRITTONPVGNODE,ALL,1,-14.79,3,5
2022-09-01T07:45:00-00:00,2022-09-01T08:00:00-00:00,2022-09-01,01,BRITTON_1_BRITTONPVGNODE,BRITTON_1_BRITTONPVGNODE,BRITTON_1_BRITTONPVGNODE,RTPD,MGHG,LMP_GHG_PRC,BRITTON_1_BRITTONPVGNODE,ALL,1,-14,4,5
2022-09-01T08:45:00-00:00,2022-09-01T09:00:00-00:00,2022-09-01,02,BRITTON_1_BRITTONPVGNODE,BRITTON_1_BRITTONPVGNODE,BRITTON_1_BRITTONPVGNODE,RTPD,MGHG,LMP_GHG_PRC,BRITTON_1_BRITTONPVGNODE,ALL,1,-14.79,4,5
2022-09-01T09:45:00-00:00,2022-09-01T10:00:00-00:00,2022-09-01,03,BRITTON_1_BRITTONPVGNODE,BRITTON_1_BRITTONPVGNODE,BRITTON_1_BRITTONPVGNODE,RTPD,MGHG,LMP_GHG_PRC,BRITTON_1_BRITTONPVGNODE,ALL,1,-12.97,4,5
2022-09-01T10:45:00-00:00,2022-09-01T11:00:00-00:00,2022-09-01,04,BRITTON_1_BRITTONPVGNODE,BRITTON_1_BRITTONPVGNODE,BRITTON_1_BRITTONPVGNODE,RTPD,MGHG,LMP_GHG_PRC,BRITTON_1_BRITTONPVGNODE,ALL,1,-13.55,4,5
2022-09-01T11:45:00-00:00,2022-09-01T12:00:00-00:00,2022-09-01,05,BRITTON_1_BRITTONPVGNODE,BRITTON_1_BRITTONPVGNODE,BRITTON_1_BRITTONPVGNODE,RTPD,MGHG,LMP_GHG_PRC,BRITTON_1_BRITTONPVGNODE,ALL,1,-14.79,4,5
2022-09-01T12:45:00-00:00,2022-09-01T13:00:00-00:00,2022-09-01,06,BRITTON_1_BRITTONPVGNODE,BRITTON_1_BRITTONPVGNODE,BRITTON_1_BRITTONPVGNODE,RTPD,MGHG,LMP_GHG_PRC,BRITTON_1_BRITTONPVGNODE,ALL,1,-14.79,4,5
2022-09-01T13:45:00-00:00,2022-09-01T14:00:00-00:00,2022-09-01,07,BRITTON_1_BRITTONPVGNODE,BRITTON_1_BRITTONPVGNODE,BRITTON_1_BRITTONPVGNODE,RTPD,MGHG,LMP_GHG_PRC,BRITTON_1_BRITTONPVGNODE,ALL,1,-14.79,4,5
2022-09-01T14:45:00-00:00,2022-09-01T15:00:00-00:00,2022-09-01,08,BRITTON_1_BRITTONPVGNODE,BRITTON_1_BRITTONPVGNODE,BRITTON_1_BRITTONPVGNODE,RTPD,MGHG,LMP_GHG_PRC,BRITTON_1_BRITTONPVGNODE,ALL,1,-8.84,4,5
2022-09-01T15:45:00-00:00,2022-09-01T16:00:00-00:00,2022-09-01,09,BRITTON_1_BRITTONPVGNODE,BRITTON_1_BRITTONPVGNODE,BRITTON_1_BRITTONPVGNODE,RTPD,MGHG,LMP_GHG_PRC,BRITTON_1_BRITTONPVGNODE,ALL,1,-12.05,4,5
2022-09-01T16:45:00-00:00,2022-09-01T17:00:00-00:00,2022-09-01,10,BRITTON_1_BRITTONPVGNODE,BRITTON_1_BRITTONPVGNODE,BRITTON_1_BRITTONPVGNODE,RTPD,MGHG,LMP_GHG_PRC,BRITTON_1_BRITTONPVGNODE,ALL,1,-10.94,4,5
2022-09-01T17:45:00-00:00,2022-09-01T18:00:00-00:00,2022-09-01,11,BRITTON_1_BRITTONPVGNODE,BRITTON_1_BRITTONPVGNODE,BRITTON_1_BRITTONPVGNODE,RTPD,MGHG,LMP_GHG_PRC,BRITTON_1_BRITTONPVGNODE,ALL,1,-12.32178,4,5
2022-09-01T18:45:00-00:00,2022-09-01T19:00:00-00:00,2022-09-01,12,BRITTON_1_BRITTONPVGNODE,BRITTON_1_BRITTONPVGNODE,BRITTON_1_BRITTONPVGNODE,RTPD,MGHG,LMP_GHG_PRC,BRITTON_1_BRITTONPVGNODE,ALL,1,-13.98,4,5
2022-09-01T19:45:00-00:00,2022-09-01T20:00:00-00:00,2022-09-01,13,BRITTON_1_BRITTONPVGNODE,BRITTON_1_BRITTONPVGNODE,BRITTON_1_BRITTONPVGNODE,RTPD,MGHG,LMP_GHG_PRC,BRITTON_1_BRITTONPVGNODE,ALL,1,-15.37,4,5
2022-09-01T20:45:00-00:00,2022-09-01T21:00:00-00:00,2022-09-01,14,BRITTON_1_BRITTONPVGNODE,BRITTON_1_BRITTONPVGNODE,BRITTON_1_BRITTONPVGNODE,RTPD,MGHG,LMP_GHG_PRC,BRITTON_1_BRITTONPVGNODE,ALL,1,-15.61,4,5
2022-09-01T21:45:00-00:00,2022-09-01T22:00:00-00:00,2022-09-01,15,BRITTON_1_BRITTONPVGNODE,BRITTON_1_BRITTONPVGNODE,BRITTON_1_BRITTONPVGNODE,RTPD,MGHG,LMP_GHG_PRC,BRITTON_1_BRITTONPVGNODE,ALL,1,-14.79,4,5
2022-09-01T22:45:00-00:00,2022-09-01T23:00:00-00:00,2022-09-01,16,BRITTON_1_BRITTONPVGNODE,BRITTON_1_BRITTONPVGNODE,BRITTON_1_BRITTONPVGNODE,RTPD,MGHG,LMP_GHG_PRC,BRITTON_1_BRITTONPVGNODE,ALL,1,-17.16,4,5
2022-09-01T23:45:00-00:00,2022-09-02T00:00:00-00:00,2022-09-01,17,BRITTON_1_BRITTONPVGNODE,BRITTON_1_BRITTONPVGNODE,BRITTON_1_BRITTONPVGNODE,RTPD,MGHG,LMP_GHG_PRC,BRITTON_1_BRITTONPVGNODE,ALL,1,-28.33,4,5
2022-09-02T00:45:00-00:00,2022-09-02T01:00:00-00:00,2022-09-01,18,BRITTON_1_BRITTONPVGNODE,BRITTON_1_BRITTONPVGNODE,BRITTON_1_BRITTONPVGNODE,RTPD,MGHG,LMP_GHG_PRC,BRITTON_1_BRITTONPVGNODE,ALL,1,-29.51,4,5
2022-09-02T01:45:00-00:00,2022-09-02T02:00:00-00:00,2022-09-01,19,BRITTON_1_BRITTONPVGNODE,BRITTON_1_BRITTONPVGNODE,BRITTON_1_BRITTONPVGNODE,RTPD,MGHG,LMP_GHG_PRC,BRITTON_1_BRITTONPVGNODE,ALL,1,-15.61,4,5
2022-09-02T02:45:00-00:00,2022-09-02T03:00:00-00:00,2022-09-01,20,BRITTON_1_BRITTONPVGNODE,BRITTON_1_BRITTONPVGNODE,BRITTON_1_BRITTONPVGNODE,RTPD,MGHG,LMP_GHG_PRC,BRITTON_1_BRITTONPVGNODE,ALL,1,-30.58,4,5
2022-09-02T03:45:00-00:00,2022-09-02T04:00:00-00:00,2022-09-01,21,BRITTON_1_BRITTONPVGNODE,BRITTON_1_BRITTONPVGNODE,BRITTON_1_BRITTONPVGNODE,RTPD,MGHG,LMP_GHG_PRC,BRITTON_1_BRITTONPVGNODE,ALL,1,-16.46,4,5
2022-09-02T04:45:00-00:00,2022-09-02T05:00:00-00:00,2022-09-01,22,BRITTON_1_BRITTONPVGNODE,BRITTON_1_BRITTONPVGNODE,BRITTON_1_BRITTONPVGNODE,RTPD,MGHG,LMP_GHG_PRC,BRITTON_1_BRITTONPVGNODE,ALL,1,-15.61,4,5
2022-09-02T05:45:00-00:00,2022-09-02T06:00:00-00:00,2022-09-01,23,BRITTON_1_BRITTONPVGNODE,BRITTON_1_BRITTONPVGNODE,BRITTON_1_BRITTONPVGNODE,RTPD,MGHG,LMP_GHG_PRC,BRITTON_1_BRITTONPVGNODE,ALL,1,-14.79,4,5
2022-09-02T06:45:00-00:00,2022-09-02T07:00:00-00:00,2022-09-01,24,BRITTON_1_BRITTONPVGNODE,BRITTON_1_BRITTONPVGNODE,BRITTON_1_BRITTONPVGNODE,RTPD,MGHG,LMP_GHG_PRC,BRITTON_1_BRITTONPVGNODE,ALL,1,-15,4,5
