INTERVALSTARTTIME_GMT,INTERVALENDTIME_GMT,OPR_DT,OPR_HR,NODE_ID_XML,NODE_ID,NODE,MARKET_RUN_ID,LMP_TYPE,XML_DATA_ITEM,PNODE_RESMRID,GRP_TYPE,POS,PRC,OPR_INTERVAL,GROUP
2022-09-01T07:00:00-00:00,2022-09-01T07:15:00-00:00,2022-09-01,01,UCD_GNODEPL,UCD_GNODEPL,UCD_GNODEPL,RTPD,LMP,LMP_PRC,UCD_GNODEPL,ALL,1,87.21566,1,1
2022-09-01T08:00:00-00:00,2022-09-01T08:15:00-00:00,2022-09-01,02,UCD_GNODEPL,UCD_GNODEPL,UCD_GNODEPL,RTPD,LMP,LMP_PRC,UCD_GNODEPL,ALL,1,112.27561,1,1
2022-09-01T09:00:00-00:00,2022-09-01T09:15:00-00:00,2022-09-01,03,UCD_GNODEPL,UCD_GNODEPL,UCD_GNODEPL,RTPD,LMP,LMP_PRC,UCD_GNODEPL,ALL,1,95.58297,1,1
2022-09-01T10:00:00-00:00,2022-09-01T10:15:00-00:00,2022-09-01,04,UCD_GNODEPL,UCD_GNODEPL,UCD_GNODEPL,RTPD,LMP,LMP_PRC,UCD_GNODEPL,ALL,1,95.29427,1,1
2022-09-01T11:00:00-00:00,2022-09-01T11:15:00-00:00,2022-09-01,05,UCD_GNODEPL,UCD_GNODEPL,UCD_GNODEPL,RTPD,LMP,LMP_PRC,UCD_GNODEPL,ALL,1,102.93904,1,1
2022-09-01T12:00:00-00:00,2022-09-01T12:15:00-00:00,2022-09-01,06,UCD_GNODEPL,UCD_GNODEPL,UCD_GNODEPL,RTPD,LMP,LMP_PRC,UCD_GNODEPL,ALL,1,86.84436,1,1
2022-09-01T13:00:00-00:00,2022-09-01T13:15:00-00:00,2022-09-01,07,UCD_GNODEPL,UCD_GNODEPL,UCD_GNODEPL,RTPD,LMP,LMP_PRC,UCD_GNODEPL,ALL,1,88.89725,1,1
2022-09-01T14:00:00-00:00,2022-09-01T14:15:00-00:00,2022-09-01,08,UCD_GNODEPL,UCD_GNODEPL,UCD_GNODEPL,RTPD,LMP,LMP_PRC,UCD_GNODEPL,ALL,1,113.31099,1,1
2022-09-01T15:00:00-00:00,2022-09-01T15:15:00-00:00,2022-09-01,09,UCD_GNODEPL,UCD_GNODEPL,UCD_GNODEPL,RTPD,LMP,LMP_PRC,UCD_GNODEPL,ALL,1,97.4124,1,1
2022-09-01T16:00:00-00:00,2022-09-01T16:15:00-00:00,2022-09-01,10,UCD_GNODEPL,UCD_GNODEPL,UCD_GNODEPL,RTPD,LMP,LMP_PRC,UCD_GNODEPL,ALL,1,83.43645,1,1
2022-09-01T17:00:00-00:00,2022-09-01T17:15:00-00:00,2022-09-01,11,UCD_GNODEPL,UCD_GNODEPL,UCD_GNODEPL,RTPD,LMP,LMP_PRC,UCD_GNODEPL,ALL,1,80.58359,1,1
2022-09-01T18:00:00-00:00,2022-09-01T18:15:00-00:00,2022-09-01,12,UCD_GNODEPL,UCD_GNODEPL,UCD_GNODEPL,RTPD,LMP,LMP_PRC,UCD_GNODEPL,ALL,1,59.63174,1,1
2022-09-01T19:00:00-00:00,2022-09-01T19:15:00-00:00,2022-09-01,13,UCD_GNODEPL,UCD_GNODEPL,UCD_GNODEPL,RTPD,LMP,LMP_PRC,UCD_GNODEPL,ALL,1,73.90915,1,1
2022-09-01T20:00:00-00:00,2022-09-01T20:15:00-00:00,2022-09-01,14,UCD_GNODEPL,UCD_GNODEPL,UCD_GNODEPL,RTPD,LMP,LMP_PRC,UCD_GNODEPL,ALL,1,114.47529,1,1
2022-09-01T21:00:00-00:00,2022-09-01T21:15:00-00:00,2022-09-01,15,UCD_GNODEPL,UCD_GNODEPL,UCD_GNODEPL,RTPD,LMP,LMP_PRC,UCD_GNODEPL,ALL,1,128.4195,1,1
2022-09-01T22:00:00-00:00,2022-09-01T22:15:00-00:00,2022-09-01,16,UCD_GNODEPL,UCD_GNODEPL,UCD_GNODEPL,RTPD,LMP,LMP_PRC,UCD_GNODEPL,ALL,1,122.85337,1,1
2022-09-01T23:00:00-00:00,2022-09-01T23:15:00-00:00,2022-09-01,17,UCD_GNODEPL,UCD_GNODEPL,UCD_GNODEPL,RTPD,LMP,LMP_PRC,UCD_GNODEPL,ALL,1,219.2342,1,1
2022-09-02T00:00:00-00:00,2022-09-02T00:15:00-00:00,2022-09-01,18,UCD_GNODEPL,UCD_GNODEPL,UCD_GNODEPL,RTPD,LMP,LMP_PRC,UCD_GNODEPL,ALL,1,1129.79,1,1
2022-09-02T01:00:00-00:00,2022-09-02T01:15:00-00:00,2022-09-01,19,UCD_GNODEPL,UCD_GNODEPL,UCD_GNODEPL,RTPD,LMP,LMP_PRC,UCD_GNODEPL,ALL,1,1237.0961,1,1
2022-09-02T02:00:00-00:00,2022-09-02T02:15:00-00:00,2022-09-01,20,UCD_GNODEPL,UCD_GNODEPL,UCD_GNODEPL,RTPD,LMP,LMP_PRC,UCD_GNODEPL,ALL,1,1991.671,1,1
2022-09-02T03:00:00-00:00,2022-09-02T03:15:00-00:00,2022-09-01,21,UCD_GNODEPL,UCD_GNODEPL,UCD_GNODEPL,RTPD,LMP,LMP_PRC,UCD_GNODEPL,ALL,1,1367.9697,1,1
2022-09-02T04:00:00-00:00,2022-09-02T04:15:00-00:00,2022-09-01,22,UCD_GNODEPL,UCD_GNODEPL,UCD_GNODEPL,RTPD,LMP,LMP_PRC,UCD_GNODEPL,ALL,1,266.72394,1,1
2022-09-02T05:00:00-00:00,2022-09-02T05:15:00-00:00,2022-09-01,23,UCD_GNODEPL,UCD_GNODEPL,UCD_GNODEPL,RTPD,LMP,LMP_PRC,UCD_GNODEPL,ALL,1,189.05673,1,1
2022-09-02T06:00:00-00:00,2022-09-02T06:15:00-00:00,2022-09-01,24,UCD_GNODEPL,UCD_GNODEPL,UCD_GNODEPL,RTPD,LMP,LMP_PRC,UCD_GNODEPL,ALL,1,162.14088,1,1
2022-09-01T07:15:00-00:00,2022-09-01T07:30:00-00:00,2022-09-01,01,UCD_GNODEPL,UCD_GNODEPL,UCD_GNODEPL,RTPD,LMP,LMP_PRC,UCD_GNODEPL,ALL,1,115.7337,2,1
2022-09-01T08:15:00-00:00,2022-09-01T08:30:00-00:00,2022-09-01,02,UCD_GNODEPL,UCD_GNODEPL,UCD_GNODEPL,RTPD,LMP,LMP_PRC,UCD_GNODEPL,ALL,1,114.63685,2,1
2022-09-01T09:15:00-00:00,2022-09-01T09:30:00-00:00,2022-09-01,03,UCD_GNODEPL,UCD_GNODEPL,UCD_GNODEPL,RTPD,LMP,LMP_PRC,UCD_GNODEPL,ALL,1,92.85415,2,1
2022-09-01T10:15:00-00:00,2022-09-01T10:30:00-00:00,2022-09-01,04,UCD_GNODEPL,UCD_GNODEPL,UCD_GNODEPL,RTPD,LMP,LMP_PRC,UCD_GNODEPL,ALL,1,91.9859,2,1
2022-09-01T11:15:00-00:00,2022-09-01T11:30:00-00:00,2022-09-01,05,UCD_GNODEPL,UCD_GNODEPL,UCD_GNODEPL,RTPD,LMP,LMP_PRC,UCD_GNODEPL,ALL,1,103.4423,2,1
2022-09-01T12:15:00-00:00,2022-09-01T12:30:00-00:00,2022-09-01,06,UCD_GNODEPL,UCD_GNODEPL,UCD_GNODEPL,RTPD,LMP,LMP_PRC,UCD_GNODEPL,ALL,1,103.12744,2,1
2022-09-01T13:15:00-00:00,2022-09-01T13:30:00-00:00,2022-09-01,07,UCD_GNODEPL,UCD_GNODEPL,UCD_GNODEPL,RTPD,LMP,LMP_PRC,UCD_GNODEPL,ALL,1,110.38964,2,1
2022-09-01T14:15:00-00:00,2022-09-01T14:30:00-00:00,2022-09-01,08,UCD_GNODEPL,UCD_GNODEPL,UCD_GNODEPL,RTPD,LMP,LMP_PRC,UCD_GNODEPL,ALL,1,106.90292,2,1
2022-09-01T15:15:00-00:00,2022-09-01T15:30:00-00:00,2022-09-01,09,UCD_GNODEPL,UCD_GNODEPL,UCD_GNODEPL,RTPD,LMP,LMP_PRC,UCD_GNODEPL,ALL,1,86.94,2,1
2022-09-01T16:15:00-00:00,2022-09-01T16:30:00-00:00,2022-09-01,10,UCD_GNODEPL,UCD_GNODEPL,UCD_GNODEPL,RTPD,LMP,LMP_PRC,UCD_GNODEPL,ALL,1,87.83857,2,1
2022-09-01T17:15:00-00:00,2022-09-01T17:30:00-00:00,2022-09-01,11,UCD_GNODEPL,UCD_GNODEPL,UCD_GNODEPL,RTPD,LMP,LMP_PRC,UCD_GNODEPL,ALL,1,79.30233,2,1
2022-09-01T18:15:00-00:00,2022-09-01T18:30:00-00:00,2022-09-01,12,UCD_GNODEPL,UCD_GNODEPL,UCD_GNODEPL,RTPD,LMP,LMP_PRC,UCD_GNODEPL,ALL,1,75.13314,2,1
2022-09-01T19:15:00-00:00,2022-09-01T19:30:00-00:00,2022-09-01,13,UCD_GNODEPL,UCD_GNODEPL,UCD_GNODEPL,RTPD,LMP,LMP_PRC,UCD_GNODEPL,ALL,1,76.24802,2,1
2022-09-01T20:15:00-00:00,2022-09-01T20:30:00-00:00,2022-09-01,14,UCD_GNODEPL,UCD_GNODEPL,UCD_GNODEPL,RTPD,LMP,LMP_PRC,UCD_GNODEPL,ALL,1,114.35435,2,1
2022-09-01T21:15:00-00:00,2022-09-01T21:30:00-00:00,2022-09-01,15,UCD_GNODEPL,UCD_GNODEPL,UCD_GNODEPL,RTPD,LMP,LMP_PRC,UCD_GNODEPL,ALL,1,120.67483,2,1
2022-09-01T22:15:00-00:00,2022-09-01T22:30:00-00:00,2022-09-01,16,UCD_GNODEPL,UCD_GNODEPL,UCD_GNODEPL,RTPD,LMP,LMP_PRC,UCD_GNODEPL,ALL,1,139.93927,2,1
2022-09-01T23:15:00-00:00,2022-09-01T23:30:00-00:00,2022-09-01,17,UCD_GNODEPL,UCD_GNODEPL,UCD_GNODEPL,RTPD,LMP,LMP_PRC,UCD_GNODEPL,ALL,1,264.37463,2,1
2022-09-02T00:15:00-00:00,2022-09-02T00:30:00-00:00,2022-09-01,18,UCD_GNODEPL,UCD_GNODEPL,UCD_GNODEPL,RTPD,LMP,LMP_PRC,UCD_GNODEPL,ALL,1,1039.5856,2,1
2022-09-02T01:15:00-00:00,2022-09-02T01:30:00-00:00,2022-09-01,19,UCD_GNODEPL,UCD_GNODEPL,UCD_GNODEPL,RTPD,LMP,LMP_PRC,UCD_GNODEPL,ALL,1,1999.9945,2,1
2022-09-02T02:15:00-00:00,2022-09-02T02:30:00-00:00,2022-09-01,20,UCD_GNODEPL,UCD_GNODEPL,UCD_GNODEPL,RTPD,LMP,LMP_PRC,UCD_GNODEPL,ALL,1,1991.671,2,1
2022-09-02T03:15:00-00:00,2022-09-02T03:30:00-00:00,2022-09-01,21,UCD_GNODEPL,UCD_GNODEPL,UCD_GNODEPL,RTPD,LMP,LMP_PRC,UCD_GNODEPL,ALL,1,562.6789,2,1
2022-09-02T04:15:00-00:00,2022-09-02T04:30:00-00:00,2022-09-01,22,UCD_GNODEPL,UCD_GNODEPL,UCD_GNODEPL,RTPD,LMP,LMP_PRC,UCD_GNODEPL,ALL,1,231.85127,2,1
2022-09-02T05:15:00-00:00,2022-09-02T05:30:00-00:00,2022-09-01,23,UCD_GNODEPL,UCD_GNODEPL,UCD_GNODEPL,RTPD,LMP,LMP_PRC,UCD_GNODEPL,ALL,1,161.48901,2,1
2022-09-02T06:15:00-00:00,2022-09-02T06:30:00-00:00,2022-09-01,24,UCD_GNODEPL,UCD_GNODEPL,UCD_GNODEPL,RTPD,LMP,LMP_PRC,UCD_GNODEPL,ALL,1,144.6472,2,1
2022-09-01T07:30:00-00:00,2022-09-01T07:45:00-00:00,2022-09-01,01,UCD_GNODEPL,UCD_GNODEPL,UCD_GNODEPL,RTPD,LMP,LMP_PRC,UCD_GNODEPL,ALL,1,103.12732,3,1
2022-09-01T08:30:00-00:00,2022-09-01T08:45:00-00:00,2022-09-01,02,UCD_GNODEPL,UCD_GNODEPL,UCD_GNODEPL,RTPD,LMP,LMP_PRC,UCD_GNODEPL,ALL,1,111.99056,3,1
2022-09-01T09:30:00-00:00,2022-09-01T09:45:00-00:00,2022-09-01,03,UCD_GNODEPL,UCD_GNODEPL,UCD_GNODEPL,RTPD,LMP,LMP_PRC,UCD_GNODEPL,ALL,1,92.58561,3,1
2022-09-01T10:30:00-00:00,2022-09-01T10:45:00-00:00,2022-09-01,04,UCD_GNODEPL,UCD_GNODEPL,UCD_GNODEPL,RTPD,LMP,LMP_PRC,UCD_GNODEPL,ALL,1,93.75449,3,1
2022-09-01T11:30:00-00:00,2022-09-01T11:45:00-00:00,2022-09-01,05,UCD_GNODEPL,UCD_GNODEPL,UCD_GNODEPL,RTPD,LMP,LMP_PRC,UCD_GNODEPL,ALL,1,103.37237,3,1
2022-09-01T12:30:00-00:00,2022-09-01T12:45:00-00:00,2022-09-01,06,UCD_GNODEPL,UCD_GNODEPL,UCD_GNODEPL,RTPD,LMP,LMP_PRC,UCD_GNODEPL,ALL,1,103.12757,3,1
2022-09-01T13:30:00-00:00,2022-09-01T13:45:00-00:00,2022-09-01,07,UCD_GNODEPL,UCD_GNODEPL,UCD_GNODEPL,RTPD,LMP,LMP_PRC,UCD_GNODEPL,ALL,1,111.74209,3,1
2022-09-01T14:30:00-00:00,2022-09-01T14:45:00-00:00,2022-09-01,08,UCD_GNODEPL,UCD_GNODEPL,UCD_GNODEPL,RTPD,LMP,LMP_PRC,UCD_GNODEPL,ALL,1,104.11414,3,1
2022-09-01T15:30:00-00:00,2022-09-01T15:45:00-00:00,2022-09-01,09,UCD_GNODEPL,UCD_GNODEPL,UCD_GNODEPL,RTPD,LMP,LMP_PRC,UCD_GNODEPL,ALL,1,86.14,3,1
2022-09-01T16:30:00-00:00,2022-09-01T16:45:00-00:00,2022-09-01,10,UCD_GNODEPL,UCD_GNODEPL,UCD_GNODEPL,RTPD,LMP,LMP_PRC,UCD_GNODEPL,ALL,1,75.30548,3,1
2022-09-01T17:30:00-00:00,2022-09-01T17:45:00-00:00,2022-09-01,11,UCD_GNODEPL,UCD_GNODEPL,UCD_GNODEPL,RTPD,LMP,LMP_PRC,UCD_GNODEPL,ALL,1,79.01045,3,1
2022-09-01T18:30:00-00:00,2022-09-01T18:45:00-00:00,2022-09-01,12,UCD_GNODEPL,UCD_GNODEPL,UCD_GNODEPL,RTPD,LMP,LMP_PRC,UCD_GNODEPL,ALL,1,79.91461,3,1
2022-09-01T19:30:00-00:00,2022-09-01T19:45:00-00:00,2022-09-01,13,UCD_GNODEPL,UCD_GNODEPL,UCD_GNODEPL,RTPD,LMP,LMP_PRC,UCD_GNODEPL,ALL,1,101.59087,3,1
2022-09-01T20:30:00-00:00,2022-09-01T20:45:00-00:00,2022-09-01,14,UCD_GNODEPL,UCD_GNODEPL,UCD_GNODEPL,RTPD,LMP,LMP_PRC,UCD_GNODEPL,ALL,1,117.1437,3,1
2022-09-01T21:30:00-00:00,2022-09-01T21:45:00-00:00,2022-09-01,15,UCD_GNODEPL,UCD_GNODEPL,UCD_GNODEPL,RTPD,LMP,LMP_PRC,UCD_GNODEPL,ALL,1,128.5525,3,1
2022-09-01T22:30:00-00:00,2022-09-01T22:45:00-00:00,2022-09-01,16,UCD_GNODEPL,UCD_GNODEPL,UCD_GNODEPL,RTPD,LMP,LMP_PRC,UCD_GNODEPL,ALL,1,157.75629,3,1
2022-09-01T23:30:00-00:00,2022-09-01T23:45:00-00:00,2022-09-01,17,UCD_GNODEPL,UCD_GNODEPL,UCD_GNODEPL,RTPD,LMP,LMP_PRC,UCD_GNODEPL,ALL,1,566.4828,3,1
2022-09-02T00:30:00-00:00,2022-09-02T00:45:00-00:00,2022-09-01,18,UCD_GNODEPL,UCD_GNODEPL,UCD_GNODEPL,RTPD,LMP,LMP_PRC,UCD_GNODEPL,ALL,1,1774.8181,3,1
2022-09-02T01:30:00-00:00,2022-09-02T01:45:00-00:00,2022-09-01,19,UCD_GNODEPL,UCD_GNODEPL,UCD_GNODEPL,RTPD,LMP,LMP_PRC,UCD_GNODEPL,ALL,1,1999.9944,3,1
2022-09-02T02:30:00-00:00,2022-09-02T02:45:00-00:00,2022-09-01,20,UCD_GNODEPL,UCD_GNODEPL,UCD_GNODEPL,RTPD,LMP,LMP_PRC,UCD_GNODEPL,ALL,1,1991.6698,3,1
2022-09-02T03:30:00-00:00,2022-09-02T03:45:00-00:00,2022-09-01,21,UCD_GNODEPL,UCD_GNODEPL,UCD_GNODEPL,RTPD,LMP,LMP_PRC,UCD_GNODEPL,ALL,1,227.7927,3,1
2022-09-02T04:30:00-00:00,2022-09-02T04:45:00-00:00,2022-09-01,22,UCD_GNODEPL,UCD_GNODEPL,UCD_GNODEPL,RTPD,LMP,LMP_PRC,UCD_GNODEPL,ALL,1,184.25446,3,1
2022-09-02T05:30:00-00:00,2022-09-02T05:45:00-00:00,2022-09-01,23,UCD_GNODEPL,UCD_GNODEPL,UCD_GNODEPL,RTPD,LMP,LMP_PRC,UCD_GNODEPL,ALL,1,134.75581,3,1
2022-09-02T06:30:00-00:00,2022-09-02T06:45:00-00:00,2022-09-01,24,UCD_GNODEPL,UCD_GNODEPL,UCD_GNODEPL,RTPD,LMP,LMP_PRC,UCD_GNODEPL,ALL,1,130.87154,3,1
2022-09-01T07:45:00-00:00,2022-09-01T08:00:00-00:00,2022-09-01,01,UCD_GNODEPL,UCD_GNODEPL,UCD_GNODEPL,RTPD,LMP,LMP_PRC,UCD_GNODEPL,ALL,1,91.07903,4,1
2022-09-01T08:45:00-00:00,2022-09-01T09:00:00-00:00,2022-09-01,02,UCD_GNODEPL,UCD_GNODEPL,UCD_GNODEPL,RTPD,LMP,LMP_PRC,UCD_GNODEPL,ALL,1,94.95319,4,1
2022-09-01T09:45:00-00:00,2022-09-01T10:00:00-00:00,2022-09-01,03,UCD_GNODEPL,UCD_GNODEPL,UCD_GNODEPL,RTPD,LMP,LMP_PRC,UCD_GNODEPL,ALL,1,92.59191,4,1
2022-09-01T10:45:00-00:00,2022-09-01T11:00:00-00:00,2022-09-01,04,UCD_GNODEPL,UCD_GNODEPL,UCD_GNODEPL,RTPD,LMP,LMP_PRC,UCD_GNODEPL,ALL,1,93.91402,4,1
2022-09-01T11:45:00-00:00,2022-09-01T12:00:00-00:00,2022-09-01,05,UCD_GNODEPL,UCD_GNODEPL,UCD_GNODEPL,RTPD,LMP,LMP_PRC,UCD_GNODEPL,ALL,1,107.0112,4,1
2022-09-01T12:45:00-00:00,2022-09-01T13:00:00-00:00,2022-09-01,06,UCD_GNODEPL,UCD_GNODEPL,UCD_GNODEPL,RTPD,LMP,LMP_PRC,UCD_GNODEPL,ALL,1,114.19081,4,1
2022-09-01T13:45:00-00:00,2022-09-01T14:00:00-00:00,2022-09-01,07,UCD_GNODEPL,UCD_GNODEPL,UCD_GNODEPL,RTPD,LMP,LMP_PRC,UCD_GNODEPL,ALL,1,111.4088,4,1
2022-09-01T14:45:00-00:00,2022-09-01T15:00:00-00:00,2022-09-01,08,UCD_GNODEPL,UCD_GNODEPL,UCD_GNODEPL,RTPD,LMP,LMP_PRC,UCD_GNODEPL,ALL,1,86.14,4,1
2022-09-01T15:45:00-00:00,2022-09-01T16:00:00-00:00,2022-09-01,09,UCD_GNODEPL,UCD_GNODEPL,UCD_GNODEPL,RTPD,LMP,LMP_PRC,UCD_GNODEPL,ALL,1,78.70196,4,1
2022-09-01T16:45:00-00:00,2022-09-01T17:00:00-00:00,2022-09-01,10,UCD_GNODEPL,UCD_GNODEPL,UCD_GNODEPL,RTPD,LMP,LMP_PRC,UCD_GNODEPL,ALL,1,79.09975,4,1
2022-09-01T17:45:00-00:00,2022-09-01T18:00:00-00:00,2022-09-01,11,UCD_GNODEPL,UCD_GNODEPL,UCD_GNODEPL,RTPD,LMP,LMP_PRC,UCD_GNODEPL,ALL,1,79.39552,4,1
2022-09-01T18:45:00-00:00,2022-09-01T19:00:00-00:00,2022-09-01,12,UCD_GNODEPL,UCD_GNODEPL,UCD_GNODEPL,RTPD,LMP,LMP_PRC,UCD_GNODEPL,ALL,1,82.00197,4,1
2022-09-01T19:45:00-00:00,2022-09-01T20:00:00-00:00,2022-09-01,13,UCD_GNODEPL,UCD_GNODEPL,UCD_GNODEPL,RTPD,LMP,LMP_PRC,UCD_GNODEPL,ALL,1,106.71573,4,1
2022-09-01T20:45:00-00:00,2022-09-01T21:00:00-00:00,2022-09-01,14,UCD_GNODEPL,UCD_GNODEPL,UCD_GNODEPL,RTPD,LMP,LMP_PRC,UCD_GNODEPL,ALL,1,125.9596,4,1
2022-09-01T21:45:00-00:00,2022-09-01T22:00:00-00:00,2022-09-01,15,UCD_GNODEPL,UCD_GNODEPL,UCD_GNODEPL,RTPD,LMP,LMP_PRC,UCD_GNODEPL,ALL,1,211.72366,4,1
2022-09-01T22:45:00-00:00,2022-09-01T23:00:00-00:00,2022-09-01,16,UCD_GNODEPL,UCD_GNODEPL,UCD_GNODEPL,RTPD,LMP,LMP_PRC,UCD_GNODEPL,ALL,1,176.18706,4,1
2022-09-01T23:45:00-00:00,2022-09-02T00:00:00-00:00,2022-09-01,17,UCD_GNODEPL,UCD_GNODEPL,UCD_GNODEPL,RTPD,LMP,LMP_PRC,UCD_GNODEPL,ALL,1,1649.4447,4,1
2022-09-02T00:45:00-00:00,2022-09-02T01:00:00-00:00,2022-09-01,18,UCD_GNODEPL,UCD_GNODEPL,UCD_GNODEPL,RTPD,LMP,LMP_PRC,UCD_GNODEPL,ALL,1,1799.7695,4,1
2022-09-02T01:45:00-00:00,2022-09-02T02:00:00-00:00,2022-09-01,19,UCD_GNODEPL,UCD_GNODEPL,UCD_GNODEPL,RTPD,LMP,LMP_PRC,UCD_GNODEPL,ALL,1,1991.9325,4,1
2022-09-02T02:45:00-00:00,2022-09-02T03:00:00-00:00,2022-09-01,20,UCD_GNODEPL,UCD_GNODEPL,UCD_GNODEPL,RTPD,LMP,LMP_PRC,UCD_GNODEPL,ALL,1,1840.0365,4,1
2022-09-02T03:45:00-00:00,2022-09-02T04:00:00-00:00,2022-09-01,21,UCD_GNODEPL,UCD_GNODEPL,UCD_GNODEPL,RTPD,LMP,LMP_PRC,UCD_GNODEPL,ALL,1,165.71404,4,1
2022-09-02T04:45:00-00:00,2022-09-02T05:00:00-00:00,2022-09-01,22,UCD_GNODEPL,UCD_GNODEPL,UCD_GNODEPL,RTPD,LMP,LMP_PRC,UCD_GNODEPL,ALL,1,130.14955,4,1
2022-09-02T05:45:00-00:00,2022-09-02T06:00:00-00:00,2022-09-01,23,UCD_GNODEPL,UCD_GNODEPL,UCD_GNODEPL,RTPD,LMP,LMP_PRC,UCD_GNODEPL,ALL,1,117.50435,4,1
2022-09-02T06:45:00-00:00,2022-09-02T07:00:00-00:00,2022-09-01,24,UCD_GNODEPL,UCD_GNODEPL,UCD_GNODEPL,RTPD,LMP,LMP_PRC,UCD_GNODEPL,ALL,1,111.29024,4,1
2022-09-01T07:00:00-00:00,2022-09-01T07:15:00-00:00,2022-09-01,01,UCD_GNODEPL,UCD_GNODEPL,UCD_GNODEPL,RTPD,MCC,LMP_CONG_PRC,UCD_GNODEPL,ALL,1,-16.39363,1,2
2022-09-01T08:00:00-00:00,2022-09-01T08:15:00-00:00,2022-09-01,02,UCD_GNODEPL,UCD_GNODEPL,UCD_GNODEPL,RTPD,MCC,LMP_CONG_PRC,UCD_GNODEPL,ALL,1,-3.27318,1,2
2022-09-01T09:00:00-00:00,2022-09-01T09:15:00-00:00,2022-09-01,03,UCD_GNODEPL,UCD_GNODEPL,UCD_GNODEPL,RTPD,MCC,LMP_CONG_PRC,UCD_GNODEPL,ALL,1,-4.38699,1,2
2022-09-01T10:00:00-00:00,2022-09-01T10:15:00-00:00,2022-09-01,04,UCD_GNODEPL,UCD_GNODEPL,UCD_GNODEPL,RTPD,MCC,LMP_CONG_PRC,UCD_GNODEPL,ALL,1,-3.80171,1,2
2022-09-01T11:00:00-00:00,2022-09-01T11:15:00-00:00,2022-09-01,05,UCD_GNODEPL,UCD_GNODEPL,UCD_GNODEPL,RTPD,MCC,LMP_CONG_PRC,UCD_GNODEPL,ALL,1,0.0012,1,2
2022-09-01T12:00:00-00:00,2022-09-01T12:15:00-00:00,2022-09-01,06,UCD_GNODEPL,UCD_GNODEPL,UCD_GNODEPL,RTPD,MCC,LMP_CONG_PRC,UCD_GNODEPL,ALL,1,-9.76368,1,2
2022-09-01T13:00:00-00:00,2022-09-01T13:15:00-00:00,2022-09-01,07,UCD_GNODEPL,UCD_GNODEPL,UCD_GNODEPL,RTPD,MCC,LMP_CONG_PRC,UCD_GNODEPL,ALL,1,-12.91153,1,2
2022-09-01T14:00:00-00:00,2022-09-01T14:15:00-00:00,2022-09-01,08,UCD_GNODEPL,UCD_GNODEPL,UCD_GNODEPL,RTPD,MCC,LMP_CONG_PRC,UCD_GNODEPL,ALL,1,-0.0012,1,2
2022-09-01T15:00:00-00:00,2022-09-01T15:15:00-00:00,2022-09-01,09,UCD_GNODEPL,UCD_GNODEPL,UCD_GNODEPL,RTPD,MCC,LMP_CONG_PRC,UCD_GNODEPL,ALL,1,0.0012,1,2
2022-09-01T16:00:00-00:00,2022-09-01T16:15:00-00:00,2022-09-01,10,UCD_GNODEPL,UCD_GNODEPL,UCD_GNODEPL,RTPD,MCC,LMP_CONG_PRC,UCD_GNODEPL,ALL,1,0.0012,1,2
2022-09-01T17:00:00-00:00,2022-09-01T17:15:00-00:00,2022-09-01,11,UCD_GNODEPL,UCD_GNODEPL,UCD_GNODEPL,RTPD,MCC,LMP_CONG_PRC,UCD_GNODEPL,ALL,1,-16.36538,1,2
2022-09-01T18:00:00-00:00,2022-09-01T18:15:00-00:00,2022-09-01,12,UCD_GNODEPL,UCD_GNODEPL,UCD_GNODEPL,RTPD,MCC,LMP_CONG_PRC,UCD_GNODEPL,ALL,1,-31.96117,1,2
2022-09-01T19:00:00-00:00,2022-09-01T19:15:00-00:00,2022-09-01,13,UCD_GNODEPL,UCD_GNODEPL,UCD_GNODEPL,RTPD,MCC,LMP_CONG_PRC,UCD_GNODEPL,ALL,1,-35.28722,1,2
2022-09-01T20:00:00-00:00,2022-09-01T20:15:00-00:00,2022-09-01,14,UCD_GNODEPL,UCD_GNODEPL,UCD_GNODEPL,RTPD,MCC,LMP_CONG_PRC,UCD_GNODEPL,ALL,1,-3.4683,1,2
2022-09-01T21:00:00-00:00,2022-09-01T21:15:00-00:00,2022-09-01,15,UCD_GNODEPL,UCD_GNODEPL,UCD_GNODEPL,RTPD,MCC,LMP_CONG_PRC,UCD_GNODEPL,ALL,1,-98.1955,1,2
2022-09-01T22:00:00-00:00,2022-09-01T22:15:00-00:00,2022-09-01,16,UCD_GNODEPL,UCD_GNODEPL,UCD_GNODEPL,RTPD,MCC,LMP_CONG_PRC,UCD_GNODEPL,ALL,1,-106.33213,1,2
2022-09-01T23:00:00-00:00,2022-09-01T23:15:00-00:00,2022-09-01,17,UCD_GNODEPL,UCD_GNODEPL,UCD_GNODEPL,RTPD,MCC,LMP_CONG_PRC,UCD_GNODEPL,ALL,1,-167.5195,1,2
2022-09-02T00:00:00-00:00,2022-09-02T00:15:00-00:00,2022-09-01,18,UCD_GNODEPL,UCD_GNODEPL,UCD_GNODEPL,RTPD,MCC,LMP_CONG_PRC,UCD_GNODEPL,ALL,1,324.6866,1,2
2022-09-02T01:00:00-00:00,2022-09-02T01:15:00-00:00,2022-09-01,19,UCD_GNODEPL,UCD_GNODEPL,UCD_GNODEPL,RTPD,MCC,LMP_CONG_PRC,UCD_GNODEPL,ALL,1,320.82483,1,2
2022-09-02T02:00:00-00:00,2022-09-02T02:15:00-00:00,2022-09-01,20,UCD_GNODEPL,UCD_GNODEPL,UCD_GNODEPL,RTPD,MCC,LMP_CONG_PRC,UCD_GNODEPL,ALL,1,-0.0012,1,2
2022-09-02T03:00:00-00:00,2022-09-02T03:15:00-00:00,2022-09-01,21,UCD_GNODEPL,UCD_GNODEPL,UCD_GNODEPL,RTPD,MCC,LMP_CONG_PRC,UCD_GNODEPL,ALL,1,399.21973,1,2
2022-09-02T04:00:00-00:00,2022-09-02T04:15:00-00:00,2022-09-01,22,UCD_GNODEPL,UCD_GNODEPL,UCD_GNODEPL,RTPD,MCC,LMP_CONG_PRC,UCD_GNODEPL,ALL,1,-0.0012,1,2
2022-09-02T05:00:00-00:00,2022-09-02T05:15:00-00:00,2022-09-01,23,UCD_GNODEPL,UCD_GNODEPL,UCD_GNODEPL,RTPD,MCC,LMP_CONG_PRC,UCD_GNODEPL,ALL,1,0.0012,1,2
2022-09-02T06:00:00-00:00,2022-09-02T06:15:00-00:00,2022-09-01,24,UCD_GNODEPL,UCD_GNODEPL,UCD_GNODEPL,RTPD,MCC,LMP_CONG_PRC,UCD_GNODEPL,ALL,1,0.0012,1,2
2022-09-01T07:15:00-00:00,2022-09-01T07:30:00-00:00,2022-09-01,01,UCD_GNODEPL,UCD_GNODEPL,UCD_GNODEPL,RTPD,MCC,LMP_CONG_PRC,UCD_GNODEPL,ALL,1,-9.81774,2,2
2022-09-01T08:15:00-00:00,2022-09-01T08:30:00-00:00,2022-09-01,02,UCD_GNODEPL,UCD_GNODEPL,UCD_GNODEPL,RTPD,MCC,LMP_CONG_PRC,UCD_GNODEPL,ALL,1,-0.8948,2,2
2022-09-01T09:15:00-00:00,2022-09-01T09:30:00-00:00,2022-09-01,03,UCD_GNODEPL,UCD_GNODEPL,UCD_GNODEPL,RTPD,MCC,LMP_CONG_PRC,UCD_GNODEPL,ALL,1,-5.76586,2,2
2022-09-01T10:15:00-00:00,2022-09-01T10:30:00-00:00,2022-09-01,04,UCD_GNODEPL,UCD_GNODEPL,UCD_GNODEPL,RTPD,MCC,LMP_CONG_PRC,UCD_GNODEPL,ALL,1,-5.37987,2,2
2022-09-01T11:15:00-00:00,2022-09-01T11:30:00-00:00,2022-09-01,05,UCD_GNODEPL,UCD_GNODEPL,UCD_GNODEPL,RTPD,MCC,LMP_CONG_PRC,UCD_GNODEPL,ALL,1,0.0012,2,2
2022-09-01T12:15:00-00:00,2022-09-01T12:30:00-00:00,2022-09-01,06,UCD_GNODEPL,UCD_GNODEPL,UCD_GNODEPL,RTPD,MCC,LMP_CONG_PRC,UCD_GNODEPL,ALL,1,-5.95408,2,2
2022-09-01T13:15:00-00:00,2022-09-01T13:30:00-00:00,2022-09-01,07,UCD_GNODEPL,UCD_GNODEPL,UCD_GNODEPL,RTPD,MCC,LMP_CONG_PRC,UCD_GNODEPL,ALL,1,-0.55533,2,2
2022-09-01T14:15:00-00:00,2022-09-01T14:30:00-00:00,2022-09-01,08,UCD_GNODEPL,UCD_GNODEPL,UCD_GNODEPL,RTPD,MCC,LMP_CONG_PRC,UCD_GNODEPL,ALL,1,-0.0012,2,2
2022-09-01T15:15:00-00:00,2022-09-01T15:30:00-00:00,2022-09-01,09,UCD_GNODEPL,UCD_GNODEPL,UCD_GNODEPL,RTPD,MCC,LMP_CONG_PRC,UCD_GNODEPL,ALL,1,0.0012,2,2
2022-09-01T16:15:00-00:00,2022-09-01T16:30:00-00:00,2022-09-01,10,UCD_GNODEPL,UCD_GNODEPL,UCD_GNODEPL,RTPD,MCC,LMP_CONG_PRC,UCD_GNODEPL,ALL,1,-1.61001,2,2
2022-09-01T17:15:00-00:00,2022-09-01T17:30:00-00:00,2022-09-01,11,UCD_GNODEPL,UCD_GNODEPL,UCD_GNODEPL,RTPD,MCC,LMP_CONG_PRC,UCD_GNODEPL,ALL,1,-20.0444,2,2
2022-09-01T18:15:00-00:00,2022-09-01T18:30:00-00:00,2022-09-01,12,UCD_GNODEPL,UCD_GNODEPL,UCD_GNODEPL,RTPD,MCC,LMP_CONG_PRC,UCD_GNODEPL,ALL,1,-26.02588,2,2
2022-09-01T19:15:00-00:00,2022-09-01T19:30:00-00:00,2022-09-01,13,UCD_GNODEPL,UCD_GNODEPL,UCD_GNODEPL,RTPD,MCC,LMP_CONG_PRC,UCD_GNODEPL,ALL,1,-29.05786,2,2
2022-09-01T20:15:00-00:00,2022-09-01T20:30:00-00:00,2022-09-01,14,UCD_GNODEPL,UCD_GNODEPL,UCD_GNODEPL,RTPD,MCC,LMP_CONG_PRC,UCD_GNODEPL,ALL,1,-3.13986,2,2
2022-09-01T21:15:00-00:00,2022-09-01T21:30:00-00:00,2022-09-01,15,UCD_GNODEPL,UCD_GNODEPL,UCD_GNODEPL,RTPD,MCC,LMP_CONG_PRC,UCD_GNODEPL,ALL,1,-26.53702,2,2
2022-09-01T22:15:00-00:00,2022-09-01T22:30:00-00:00,2022-09-01,16,UCD_GNODEPL,UCD_GNODEPL,UCD_GNODEPL,RTPD,MCC,LMP_CONG_PRC,UCD_GNODEPL,ALL,1,-116.64805,2,2
2022-09-01T23:15:00-00:00,2022-09-01T23:30:00-00:00,2022-09-01,17,UCD_GNODEPL,UCD_GNODEPL,UCD_GNODEPL,RTPD,MCC,LMP_CONG_PRC,UCD_GNODEPL,ALL,1,-97.74946,2,2
2022-09-02T00:15:00-00:00,2022-09-02T00:30:00-00:00,2022-09-01,18,UCD_GNODEPL,UCD_GNODEPL,UCD_GNODEPL,RTPD,MCC,LMP_CONG_PRC,UCD_GNODEPL,ALL,1,316.01843,2,2
2022-09-02T01:15:00-00:00,2022-09-02T01:30:00-00:00,2022-09-01,19,UCD_GNODEPL,UCD_GNODEPL,UCD_GNODEPL,RTPD,MCC,LMP_CONG_PRC,UCD_GNODEPL,ALL,1,0.0012,2,2
2022-09-02T02:15:00-00:00,2022-09-02T02:30:00-00:00,2022-09-01,20,UCD_GNODEPL,UCD_GNODEPL,UCD_GNODEPL,RTPD,MCC,LMP_CONG_PRC,UCD_GNODEPL,ALL,1,-0.0012,2,2
2022-09-02T03:15:00-00:00,2022-09-02T03:30:00-00:00,2022-09-01,21,UCD_GNODEPL,UCD_GNODEPL,UCD_GNODEPL,RTPD,MCC,LMP_CONG_PRC,UCD_GNODEPL,ALL,1,139.96078,2,2
2022-09-02T04:15:00-00:00,2022-09-02T04:30:00-00:00,2022-09-01,22,UCD_GNODEPL,UCD_GNODEPL,UCD_GNODEPL,RTPD,MCC,LMP_CONG_PRC,UCD_GNODEPL,ALL,1,-0.0012,2,2
2022-09-02T05:15:00-00:00,2022-09-02T05:30:00-00:00,2022-09-01,23,UCD_GNODEPL,UCD_GNODEPL,UCD_GNODEPL,RTPD,MCC,LMP_CONG_PRC,UCD_GNODEPL,ALL,1,0.0012,2,2
2022-09-02T06:15:00-00:00,2022-09-02T06:30:00-00:00,2022-09-01,24,UCD_GNODEPL,UCD_GNODEPL,UCD_GNODEPL,RTPD,MCC,LMP_CONG_PRC,UCD_GNODEPL,ALL,1,0.0012,2,2
2022-09-01T07:30:00-00:00,2022-09-01T07:45:00-00:00,2022-09-01,01,UCD_GNODEPL,UCD_GNODEPL,UCD_GNODEPL,RTPD,MCC,LMP_CONG_PRC,UCD_GNODEPL,ALL,1,-15.90464,3,2
2022-09-01T08:30:00-00:00,2022-09-01T08:45:00-00:00,2022-09-01,02,UCD_GNODEPL,UCD_GNODEPL,UCD_GNODEPL,RTPD,MCC,LMP_CONG_PRC,UCD_GNODEPL,ALL,1,0.00035,3,2
2022-09-01T09:30:00-00:00,2022-09-01T09:45:00-00:00,2022-09-01,03,UCD_GNODEPL,UCD_GNODEPL,UCD_GNODEPL,RTPD,MCC,LMP_CONG_PRC,UCD_GNODEPL,ALL,1,-5.7141,3,2
2022-09-01T10:30:00-00:00,2022-09-01T10:45:00-00:00,2022-09-01,04,UCD_GNODEPL,UCD_GNODEPL,UCD_GNODEPL,RTPD,MCC,LMP_CONG_PRC,UCD_GNODEPL,ALL,1,-3.0414,3,2
2022-09-01T11:30:00-00:00,2022-09-01T11:45:00-00:00,2022-09-01,05,UCD_GNODEPL,UCD_GNODEPL,UCD_GNODEPL,RTPD,MCC,LMP_CONG_PRC,UCD_GNODEPL,ALL,1,0.0012,3,2
2022-09-01T12:30:00-00:00,2022-09-01T12:45:00-00:00,2022-09-01,06,UCD_GNODEPL,UCD_GNODEPL,UCD_GNODEPL,RTPD,MCC,LMP_CONG_PRC,UCD_GNODEPL,ALL,1,-10.31017,3,2
2022-09-01T13:30:00-00:00,2022-09-01T13:45:00-00:00,2022-09-01,07,UCD_GNODEPL,UCD_GNODEPL,UCD_GNODEPL,RTPD,MCC,LMP_CONG_PRC,UCD_GNODEPL,ALL,1,-0.0012,3,2
2022-09-01T14:30:00-00:00,2022-09-01T14:45:00-00:00,2022-09-01,08,UCD_GNODEPL,UCD_GNODEPL,UCD_GNODEPL,RTPD,MCC,LMP_CONG_PRC,UCD_GNODEPL,ALL,1,-0.0012,3,2
2022-09-01T15:30:00-00:00,2022-09-01T15:45:00-00:00,2022-09-01,09,UCD_GNODEPL,UCD_GNODEPL,UCD_GNODEPL,RTPD,MCC,LMP_CONG_PRC,UCD_GNODEPL,ALL,1,0.0012,3,2
2022-09-01T16:30:00-00:00,2022-09-01T16:45:00-00:00,2022-09-01,10,UCD_GNODEPL,UCD_GNODEPL,UCD_GNODEPL,RTPD,MCC,LMP_CONG_PRC,UCD_GNODEPL,ALL,1,-13.49096,3,2
2022-09-01T17:30:00-00:00,2022-09-01T17:45:00-00:00,2022-09-01,11,UCD_GNODEPL,UCD_GNODEPL,UCD_GNODEPL,RTPD,MCC,LMP_CONG_PRC,UCD_GNODEPL,ALL,1,-20.11968,3,2
2022-09-01T18:30:00-00:00,2022-09-01T18:45:00-00:00,2022-09-01,12,UCD_GNODEPL,UCD_GNODEPL,UCD_GNODEPL,RTPD,MCC,LMP_CONG_PRC,UCD_GNODEPL,ALL,1,-27.14257,3,2
2022-09-01T19:30:00-00:00,2022-09-01T19:45:00-00:00,2022-09-01,13,UCD_GNODEPL,UCD_GNODEPL,UCD_GNODEPL,RTPD,MCC,LMP_CONG_PRC,UCD_GNODEPL,ALL,1,-12.46818,3,2
2022-09-01T20:30:00-00:00,2022-09-01T20:45:00-00:00,2022-09-01,14,UCD_GNODEPL,UCD_GNODEPL,UCD_GNODEPL,RTPD,MCC,LMP_CONG_PRC,UCD_GNODEPL,ALL,1,-12.67234,3,2
2022-09-01T21:30:00-00:00,2022-09-01T21:45:00-00:00,2022-09-01,15,UCD_GNODEPL,UCD_GNODEPL,UCD_GNODEPL,RTPD,MCC,LMP_CONG_PRC,UCD_GNODEPL,ALL,1,-24.37807,3,2
2022-09-01T22:30:00-00:00,2022-09-01T22:45:00-00:00,2022-09-01,16,UCD_GNODEPL,UCD_GNODEPL,UCD_GNODEPL,RTPD,MCC,LMP_CONG_PRC,UCD_GNODEPL,ALL,1,-125.42553,3,2
2022-09-01T23:30:00-00:00,2022-09-01T23:45:00-00:00,2022-09-01,17,UCD_GNODEPL,UCD_GNODEPL,UCD_GNODEPL,RTPD,MCC,LMP_CONG_PRC,UCD_GNODEPL,ALL,1,0.0012,3,2
2022-09-02T00:30:00-00:00,2022-09-02T00:45:00-00:00,2022-09-01,18,UCD_GNODEPL,UCD_GNODEPL,UCD_GNODEPL,RTPD,MCC,LMP_CONG_PRC,UCD_GNODEPL,ALL,1,445.70547,3,2
2022-09-02T01:30:00-00:00,2022-09-02T01:45:00-00:00,2022-09-01,19,UCD_GNODEPL,UCD_GNODEPL,UCD_GNODEPL,RTPD,MCC,LMP_CONG_PRC,UCD_GNODEPL,ALL,1,-0.0012,3,2
2022-09-02T02:30:00-00:00,2022-09-02T02:45:00-00:00,2022-09-01,20,UCD_GNODEPL,UCD_GNODEPL,UCD_GNODEPL,RTPD,MCC,LMP_CONG_PRC,UCD_GNODEPL,ALL,1,-0.0012,3,2
2022-09-02T03:30:00-00:00,2022-09-02T03:45:00-00:00,2022-09-01,21,UCD_GNODEPL,UCD_GNODEPL,UCD_GNODEPL,RTPD,MCC,LMP_CONG_PRC,UCD_GNODEPL,ALL,1,31.48905,3,2
2022-09-02T04:30:00-00:00,2022-09-02T04:45:00-00:00,2022-09-01,22,UCD_GNODEPL,UCD_GNODEPL,UCD_GNODEPL,RTPD,MCC,LMP_CONG_PRC,UCD_GNODEPL,ALL,1,-0.0012,3,2
2022-09-02T05:30:00-00:00,2022-09-02T05:45:00-00:00,2022-09-01,23,UCD_GNODEPL,UCD_GNODEPL,UCD_GNODEPL,RTPD,MCC,LMP_CONG_PRC,UCD_GNODEPL,ALL,1,0.0012,3,2
2022-09-02T06:30:00-00:00,2022-09-02T06:45:00-00:00,2022-09-01,24,UCD_GNODEPL,UCD_GNODEPL,UCD_GNODEPL,RTPD,MCC,LMP_CONG_PRC,UCD_GNODEPL,ALL,1,0.0012,3,2
2022-09-01T07:45:00-00:00,2022-09-01T08:00:00-00:00,2022-09-01,01,UCD_GNODEPL,UCD_GNODEPL,UCD_GNODEPL,RTPD,MCC,LMP_CONG_PRC,UCD_GNODEPL,ALL,1,-18.04195,4,2
2022-09-01T08:45:00-00:00,2022-09-01T09:00:00-00:00,2022-09-01,02,UCD_GNODEPL,UCD_GNODEPL,UCD_GNODEPL,RTPD,MCC,LMP_CONG_PRC,UCD_GNODEPL,ALL,1,-4.41442,4,2
2022-09-01T09:45:00-00:00,2022-09-01T10:00:00-00:00,2022-09-01,03,UCD_GNODEPL,UCD_GNODEPL,UCD_GNODEPL,RTPD,MCC,LMP_CONG_PRC,UCD_GNODEPL,ALL,1,-5.0981,4,2
2022-09-01T10:45:00-00:00,2022-09-01T11:00:00-00:00,2022-09-01,04,UCD_GNODEPL,UCD_GNODEPL,UCD_GNODEPL,RTPD,MCC,LMP_CONG_PRC,UCD_GNODEPL,ALL,1,-1.194,4,2
2022-09-01T11:45:00-00:00,2022-09-01T12:00:00-00:00,2022-09-01,05,UCD_GNODEPL,UCD_GNODEPL,UCD_GNODEPL,RTPD,MCC,LMP_CONG_PRC,UCD_GNODEPL,ALL,1,0.0012,4,2
2022-09-01T12:45:00-00:00,2022-09-01T13:00:00-00:00,2022-09-01,06,UCD_GNODEPL,UCD_GNODEPL,UCD_GNODEPL,RTPD,MCC,LMP_CONG_PRC,UCD_GNODEPL,ALL,1,-2.29399,4,2
2022-09-01T13:45:00-00:00,2022-09-01T14:00:00-00:00,2022-09-01,07,UCD_GNODEPL,UCD_GNODEPL,UCD_GNODEPL,RTPD,MCC,LMP_CONG_PRC,UCD_GNODEPL,ALL,1,-0.0012,4,2
2022-09-01T14:45:00-00:00,2022-09-01T15:00:00-00:00,2022-09-01,08,UCD_GNODEPL,UCD_GNODEPL,UCD_GNODEPL,RTPD,MCC,LMP_CONG_PRC,UCD_GNODEPL,ALL,1,0.0012,4,2
2022-09-01T15:45:00-00:00,2022-09-01T16:00:00-00:00,2022-09-01,09,UCD_GNODEPL,UCD_GNODEPL,UCD_GNODEPL,RTPD,MCC,LMP_CONG_PRC,UCD_GNODEPL,ALL,1,0.0012,4,2
2022-09-01T16:45:00-00:00,2022-09-01T17:00:00-00:00,2022-09-01,10,UCD_GNODEPL,UCD_GNODEPL,UCD_GNODEPL,RTPD,MCC,LMP_CONG_PRC,UCD_GNODEPL,ALL,1,-12.14958,4,2
2022-09-01T17:45:00-00:00,2022-09-01T18:00:00-00:00,2022-09-01,11,UCD_GNODEPL,UCD_GNODEPL,UCD_GNODEPL,RTPD,MCC,LMP_CONG_PRC,UCD_GNODEPL,ALL,1,-19.80992,4,2
2022-09-01T18:45:00-00:00,2022-09-01T19:00:00-00:00,2022-09-01,12,UCD_GNODEPL,UCD_GNODEPL,UCD_GNODEPL,RTPD,MCC,LMP_CONG_PRC,UCD_GNODEPL,ALL,1,-27.03867,4,2
2022-09-01T19:45:00-00:00,2022-09-01T20:00:00-00:00,2022-09-01,13,UCD_GNODEPL,UCD_GNODEPL,UCD_GNODEPL,RTPD,MCC,LMP_CONG_PRC,UCD_GNODEPL,ALL,1,-13.50918,4,2
2022-09-01T20:45:00-00:00,2022-09-01T21:00:00-00:00,2022-09-01,14,UCD_GNODEPL,UCD_GNODEPL,UCD_GNODEPL,RTPD,MCC,LMP_CONG_PRC,UCD_GNODEPL,ALL,1,-28.0655,4,2
2022-09-01T21:45:00-00:00,2022-09-01T22:00:00-00:00,2022-09-01,15,UCD_GNODEPL,UCD_GNODEPL,UCD_GNODEPL,RTPD,MCC,LMP_CONG_PRC,UCD_GNODEPL,ALL,1,-88.57011,4,2
2022-09-01T22:45:00-00:00,2022-09-01T23:00:00-00:00,2022-09-01,16,UCD_GNODEPL,UCD_GNODEPL,UCD_GNODEPL,RTPD,MCC,LMP_CONG_PRC,UCD_GNODEPL,ALL,1,-253.72664,4,2
2022-09-01T23:45:00-00:00,2022-09-02T00:00:00-00:00,2022-09-01,17,UCD_GNODEPL,UCD_GNODEPL,UCD_GNODEPL,RTPD,MCC,LMP_CONG_PRC,UCD_GNODEPL,ALL,1,388.23227,4,2
2022-09-02T00:45:00-00:00,2022-09-02T01:00:00-00:00,2022-09-01,18,UCD_GNODEPL,UCD_GNODEPL,UCD_GNODEPL,RTPD,MCC,LMP_CONG_PRC,UCD_GNODEPL,ALL,1,280.6205,4,2
2022-09-02T01:45:00-00:00,2022-09-02T02:00:00-00:00,2022-09-01,19,UCD_GNODEPL,UCD_GNODEPL,UCD_GNODEPL,RTPD,MCC,LMP_CONG_PRC,UCD_GNODEPL,ALL,1,-0.0012,4,2
2022-09-02T02:45:00-00:00,2022-09-02T03:00:00-00:00,2022-09-01,20,UCD_GNODEPL,UCD_GNODEPL,UCD_GNODEPL,RTPD,MCC,LMP_CONG_PRC,UCD_GNODEPL,ALL,1,127.79341,4,2
2022-09-02T03:45:00-00:00,2022-09-02T04:00:00-00:00,2022-09-01,21,UCD_GNODEPL,UCD_GNODEPL,UCD_GNODEPL,RTPD,MCC,LMP_CONG_PRC,UCD_GNODEPL,ALL,1,18.33882,4,2
2022-09-02T04:45:00-00:00,2022-09-02T05:00:00-00:00,2022-09-01,22,UCD_GNODEPL,UCD_GNODEPL,UCD_GNODEPL,RTPD,MCC,LMP_CONG_PRC,UCD_GNODEPL,ALL,1,0.0012,4,2
2022-09-02T05:45:00-00:00,2022-09-02T06:00:00-00:00,2022-09-01,23,UCD_GNODEPL,UCD_GNODEPL,UCD_GNODEPL,RTPD,MCC,LMP_CONG_PRC,UCD_GNODEPL,ALL,1,-4.24248,4,2
2022-09-02T06:45:00-00:00,2022-09-02T07:00:00-00:00,2022-09-01,24,UCD_GNODEPL,UCD_GNODEPL,UCD_GNODEPL,RTPD,MCC,LMP_CONG_PRC,UCD_GNODEPL,ALL,1,0.0012,4,2
2022-09-01T07:00:00-00:00,2022-09-01T07:15:00-00:00,2022-09-01,01,UCD_GNODEPL,UCD_GNODEPL,UCD_GNODEPL,RTPD,MCE,LMP_ENE_PRC,UCD_GNODEPL,ALL,1,104.23471,1,3
2022-09-01T08:00:00-00:00,2022-09-01T08:15:00-00:00,2022-09-01,02,UCD_GNODEPL,UCD_GNODEPL,UCD_GNODEPL,RTPD,MCE,LMP_ENE_PRC,UCD_GNODEPL,ALL,1,115.5488,1,3
2022-09-01T09:00:00-00:00,2022-09-01T09:15:00-00:00,2022-09-01,03,UCD_GNODEPL,UCD_GNODEPL,UCD_GNODEPL,RTPD,MCE,LMP_ENE_PRC,UCD_GNODEPL,ALL,1,99.73061,1,3
2022-09-01T10:00:00-00:00,2022-09-01T10:15:00-00:00,2022-09-01,04,UCD_GNODEPL,UCD_GNODEPL,UCD_GNODEPL,RTPD,MCE,LMP_ENE_PRC,UCD_GNODEPL,ALL,1,98.64222,1,3
2022-09-01T11:00:00-00:00,2022-09-01T11:15:00-00:00,2022-09-01,05,UCD_GNODEPL,UCD_GNODEPL,UCD_GNODEPL,RTPD,MCE,LMP_ENE_PRC,UCD_GNODEPL,ALL,1,102.56859,1,3
2022-09-01T12:00:00-00:00,2022-09-01T12:15:00-00:00,2022-09-01,06,UCD_GNODEPL,UCD_GNODEPL,UCD_GNODEPL,RTPD,MCE,LMP_ENE_PRC,UCD_GNODEPL,ALL,1,96.90845,1,3
2022-09-01T13:00:00-00:00,2022-09-01T13:15:00-00:00,2022-09-01,07,UCD_GNODEPL,UCD_GNODEPL,UCD_GNODEPL,RTPD,MCE,LMP_ENE_PRC,UCD_GNODEPL,ALL,1,101.80878,1,3
2022-09-01T14:00:00-00:00,2022-09-01T14:15:00-00:00,2022-09-01,08,UCD_GNODEPL,UCD_GNODEPL,UCD_GNODEPL,RTPD,MCE,LMP_ENE_PRC,UCD_GNODEPL,ALL,1,111.11219,1,3
2022-09-01T15:00:00-00:00,2022-09-01T15:15:00-00:00,2022-09-01,09,UCD_GNODEPL,UCD_GNODEPL,UCD_GNODEPL,RTPD,MCE,LMP_ENE_PRC,UCD_GNODEPL,ALL,1,97.4112,1,3
2022-09-01T16:00:00-00:00,2022-09-01T16:15:00-00:00,2022-09-01,10,UCD_GNODEPL,UCD_GNODEPL,UCD_GNODEPL,RTPD,MCE,LMP_ENE_PRC,UCD_GNODEPL,ALL,1,83.43525,1,3
2022-09-01T17:00:00-00:00,2022-09-01T17:15:00-00:00,2022-09-01,11,UCD_GNODEPL,UCD_GNODEPL,UCD_GNODEPL,RTPD,MCE,LMP_ENE_PRC,UCD_GNODEPL,ALL,1,96.94897,1,3
2022-09-01T18:00:00-00:00,2022-09-01T18:15:00-00:00,2022-09-01,12,UCD_GNODEPL,UCD_GNODEPL,UCD_GNODEPL,RTPD,MCE,LMP_ENE_PRC,UCD_GNODEPL,ALL,1,91.59291,1,3
2022-09-01T19:00:00-00:00,2022-09-01T19:15:00-00:00,2022-09-01,13,UCD_GNODEPL,UCD_GNODEPL,UCD_GNODEPL,RTPD,MCE,LMP_ENE_PRC,UCD_GNODEPL,ALL,1,109.19637,1,3
2022-09-01T20:00:00-00:00,2022-09-01T20:15:00-00:00,2022-09-01,14,UCD_GNODEPL,UCD_GNODEPL,UCD_GNODEPL,RTPD,MCE,LMP_ENE_PRC,UCD_GNODEPL,ALL,1,117.94359,1,3
2022-09-01T21:00:00-00:00,2022-09-01T21:15:00-00:00,2022-09-01,15,UCD_GNODEPL,UCD_GNODEPL,UCD_GNODEPL,RTPD,MCE,LMP_ENE_PRC,UCD_GNODEPL,ALL,1,226.61499,1,3
2022-09-01T22:00:00-00:00,2022-09-01T22:15:00-00:00,2022-09-01,16,UCD_GNODEPL,UCD_GNODEPL,UCD_GNODEPL,RTPD,MCE,LMP_ENE_PRC,UCD_GNODEPL,ALL,1,229.18552,1,3
2022-09-01T23:00:00-00:00,2022-09-01T23:15:00-00:00,2022-09-01,17,UCD_GNODEPL,UCD_GNODEPL,UCD_GNODEPL,RTPD,MCE,LMP_ENE_PRC,UCD_GNODEPL,ALL,1,386.7537,1,3
2022-09-02T00:00:00-00:00,2022-09-02T00:15:00-00:00,2022-09-01,18,UCD_GNODEPL,UCD_GNODEPL,UCD_GNODEPL,RTPD,MCE,LMP_ENE_PRC,UCD_GNODEPL,ALL,1,770.58136,1,3
2022-09-02T01:00:00-00:00,2022-09-02T01:15:00-00:00,2022-09-01,19,UCD_GNODEPL,UCD_GNODEPL,UCD_GNODEPL,RTPD,MCE,LMP_ENE_PRC,UCD_GNODEPL,ALL,1,916.27124,1,3
2022-09-02T02:00:00-00:00,2022-09-02T02:15:00-00:00,2022-09-01,20,UCD_GNODEPL,UCD_GNODEPL,UCD_GNODEPL,RTPD,MCE,LMP_ENE_PRC,UCD_GNODEPL,ALL,1,1991.6721,1,3
2022-09-02T03:00:00-00:00,2022-09-02T03:15:00-00:00,2022-09-01,21,UCD_GNODEPL,UCD_GNODEPL,UCD_GNODEPL,RTPD,MCE,LMP_ENE_PRC,UCD_GNODEPL,ALL,1,917.5508,1,3
2022-09-02T04:00:00-00:00,2022-09-02T04:15:00-00:00,2022-09-01,22,UCD_GNODEPL,UCD_GNODEPL,UCD_GNODEPL,RTPD,MCE,LMP_ENE_PRC,UCD_GNODEPL,ALL,1,257.83005,1,3
2022-09-02T05:00:00-00:00,2022-09-02T05:15:00-00:00,2022-09-01,23,UCD_GNODEPL,UCD_GNODEPL,UCD_GNODEPL,RTPD,MCE,LMP_ENE_PRC,UCD_GNODEPL,ALL,1,183.24657,1,3
2022-09-02T06:00:00-00:00,2022-09-02T06:15:00-00:00,2022-09-01,24,UCD_GNODEPL,UCD_GNODEPL,UCD_GNODEPL,RTPD,MCE,LMP_ENE_PRC,UCD_GNODEPL,ALL,1,158.867,1,3
2022-09-01T07:15:00-00:00,2022-09-01T07:30:00-00:00,2022-09-01,01,UCD_GNODEPL,UCD_GNODEPL,UCD_GNODEPL,RTPD,MCE,LMP_ENE_PRC,UCD_GNODEPL,ALL,1,125.55144,2,3
2022-09-01T08:15:00-00:00,2022-09-01T08:30:00-00:00,2022-09-01,02,UCD_GNODEPL,UCD_GNODEPL,UCD_GNODEPL,RTPD,MCE,LMP_ENE_PRC,UCD_GNODEPL,ALL,1,115.53165,2,3
2022-09-01T09:15:00-00:00,2022-09-01T09:30:00-00:00,2022-09-01,03,UCD_GNODEPL,UCD_GNODEPL,UCD_GNODEPL,RTPD,MCE,LMP_ENE_PRC,UCD_GNODEPL,ALL,1,98.30543,2,3
2022-09-01T10:15:00-00:00,2022-09-01T10:30:00-00:00,2022-09-01,04,UCD_GNODEPL,UCD_GNODEPL,UCD_GNODEPL,RTPD,MCE,LMP_ENE_PRC,UCD_GNODEPL,ALL,1,97.00684,2,3
2022-09-01T11:15:00-00:00,2022-09-01T11:30:00-00:00,2022-09-01,05,UCD_GNODEPL,UCD_GNODEPL,UCD_GNODEPL,RTPD,MCE,LMP_ENE_PRC,UCD_GNODEPL,ALL,1,103.09059,2,3
2022-09-01T12:15:00-00:00,2022-09-01T12:30:00-00:00,2022-09-01,06,UCD_GNODEPL,UCD_GNODEPL,UCD_GNODEPL,RTPD,MCE,LMP_ENE_PRC,UCD_GNODEPL,ALL,1,109.32203,2,3
2022-09-01T13:15:00-00:00,2022-09-01T13:30:00-00:00,2022-09-01,07,UCD_GNODEPL,UCD_GNODEPL,UCD_GNODEPL,RTPD,MCE,LMP_ENE_PRC,UCD_GNODEPL,ALL,1,110.97827,2,3
2022-09-01T14:15:00-00:00,2022-09-01T14:30:00-00:00,2022-09-01,08,UCD_GNODEPL,UCD_GNODEPL,UCD_GNODEPL,RTPD,MCE,LMP_ENE_PRC,UCD_GNODEPL,ALL,1,104.78743,2,3
2022-09-01T15:15:00-00:00,2022-09-01T15:30:00-00:00,2022-09-01,09,UCD_GNODEPL,UCD_GNODEPL,UCD_GNODEPL,RTPD,MCE,LMP_ENE_PRC,UCD_GNODEPL,ALL,1,86.9388,2,3
2022-09-01T16:15:00-00:00,2022-09-01T16:30:00-00:00,2022-09-01,10,UCD_GNODEPL,UCD_GNODEPL,UCD_GNODEPL,RTPD,MCE,LMP_ENE_PRC,UCD_GNODEPL,ALL,1,89.44858,2,3
2022-09-01T17:15:00-00:00,2022-09-01T17:30:00-00:00,2022-09-01,11,UCD_GNODEPL,UCD_GNODEPL,UCD_GNODEPL,RTPD,MCE,LMP_ENE_PRC,UCD_GNODEPL,ALL,1,99.34673,2,3
2022-09-01T18:15:00-00:00,2022-09-01T18:30:00-00:00,2022-09-01,12,UCD_GNODEPL,UCD_GNODEPL,UCD_GNODEPL,RTPD,MCE,LMP_ENE_PRC,UCD_GNODEPL,ALL,1,101.15901,2,3
2022-09-01T19:15:00-00:00,2022-09-01T19:30:00-00:00,2022-09-01,13,UCD_GNODEPL,UCD_GNODEPL,UCD_GNODEPL,RTPD,MCE,LMP_ENE_PRC,UCD_GNODEPL,ALL,1,105.30588,2,3
2022-09-01T20:15:00-00:00,2022-09-01T20:30:00-00:00,2022-09-01,14,UCD_GNODEPL,UCD_GNODEPL,UCD_GNODEPL,RTPD,MCE,LMP_ENE_PRC,UCD_GNODEPL,ALL,1,117.49421,2,3
2022-09-01T21:15:00-00:00,2022-09-01T21:30:00-00:00,2022-09-01,15,UCD_GNODEPL,UCD_GNODEPL,UCD_GNODEPL,RTPD,MCE,LMP_ENE_PRC,UCD_GNODEPL,ALL,1,147.21185,2,3
2022-09-01T22:15:00-00:00,2022-09-01T22:30:00-00:00,2022-09-01,16,UCD_GNODEPL,UCD_GNODEPL,UCD_GNODEPL,RTPD,MCE,LMP_ENE_PRC,UCD_GNODEPL,ALL,1,256.58734,2,3
2022-09-01T23:15:00-00:00,2022-09-01T23:30:00-00:00,2022-09-01,17,UCD_GNODEPL,UCD_GNODEPL,UCD_GNODEPL,RTPD,MCE,LMP_ENE_PRC,UCD_GNODEPL,ALL,1,362.12408,2,3
2022-09-02T00:15:00-00:00,2022-09-02T00:30:00-00:00,2022-09-01,18,UCD_GNODEPL,UCD_GNODEPL,UCD_GNODEPL,RTPD,MCE,LMP_ENE_PRC,UCD_GNODEPL,ALL,1,691.2182,2,3
2022-09-02T01:15:00-00:00,2022-09-02T01:30:00-00:00,2022-09-01,19,UCD_GNODEPL,UCD_GNODEPL,UCD_GNODEPL,RTPD,MCE,LMP_ENE_PRC,UCD_GNODEPL,ALL,1,1999.9933,2,3
2022-09-02T02:15:00-00:00,2022-09-02T02:30:00-00:00,2022-09-01,20,UCD_GNODEPL,UCD_GNODEPL,UCD_GNODEPL,RTPD,MCE,LMP_ENE_PRC,UCD_GNODEPL,ALL,1,1991.6721,2,3
2022-09-02T03:15:00-00:00,2022-09-02T03:30:00-00:00,2022-09-01,21,UCD_GNODEPL,UCD_GNODEPL,UCD_GNODEPL,RTPD,MCE,LMP_ENE_PRC,UCD_GNODEPL,ALL,1,400.52884,2,3
2022-09-02T04:15:00-00:00,2022-09-02T04:30:00-00:00,2022-09-01,22,UCD_GNODEPL,UCD_GNODEPL,UCD_GNODEPL,RTPD,MCE,LMP_ENE_PRC,UCD_GNODEPL,ALL,1,224.75041,2,3
2022-09-02T05:15:00-00:00,2022-09-02T05:30:00-00:00,2022-09-01,23,UCD_GNODEPL,UCD_GNODEPL,UCD_GNODEPL,RTPD,MCE,LMP_ENE_PRC,UCD_GNODEPL,ALL,1,157.11986,2,3
2022-09-02T06:15:00-00:00,2022-09-02T06:30:00-00:00,2022-09-01,24,UCD_GNODEPL,UCD_GNODEPL,UCD_GNODEPL,RTPD,MCE,LMP_ENE_PRC,UCD_GNODEPL,ALL,1,143.1005,2,3
2022-09-01T07:30:00-00:00,2022-09-01T07:45:00-00:00,2022-09-01,01,UCD_GNODEPL,UCD_GNODEPL,UCD_GNODEPL,RTPD,MCE,LMP_ENE_PRC,UCD_GNODEPL,ALL,1,119.03196,3,3
2022-09-01T08:30:00-00:00,2022-09-01T08:45:00-00:00,2022-09-01,02,UCD_GNODEPL,UCD_GNODEPL,UCD_GNODEPL,RTPD,MCE,LMP_ENE_PRC,UCD_GNODEPL,ALL,1,111.11241,3,3
2022-09-01T09:30:00-00:00,2022-09-01T09:45:00-00:00,2022-09-01,03,UCD_GNODEPL,UCD_GNODEPL,UCD_GNODEPL,RTPD,MCE,LMP_ENE_PRC,UCD_GNODEPL,ALL,1,98.16228,3,3
2022-09-01T10:30:00-00:00,2022-09-01T10:45:00-00:00,2022-09-01,04,UCD_GNODEPL,UCD_GNODEPL,UCD_GNODEPL,RTPD,MCE,LMP_ENE_PRC,UCD_GNODEPL,ALL,1,96.36226,3,3
2022-09-01T11:30:00-00:00,2022-09-01T11:45:00-00:00,2022-09-01,05,UCD_GNODEPL,UCD_GNODEPL,UCD_GNODEPL,RTPD,MCE,LMP_ENE_PRC,UCD_GNODEPL,ALL,1,103.06198,3,3
2022-09-01T12:30:00-00:00,2022-09-01T12:45:00-00:00,2022-09-01,06,UCD_GNODEPL,UCD_GNODEPL,UCD_GNODEPL,RTPD,MCE,LMP_ENE_PRC,UCD_GNODEPL,ALL,1,113.57403,3,3
2022-09-01T13:30:00-00:00,2022-09-01T13:45:00-00:00,2022-09-01,07,UCD_GNODEPL,UCD_GNODEPL,UCD_GNODEPL,RTPD,MCE,LMP_ENE_PRC,UCD_GNODEPL,ALL,1,111.52025,3,3
2022-09-01T14:30:00-00:00,2022-09-01T14:45:00-00:00,2022-09-01,08,UCD_GNODEPL,UCD_GNODEPL,UCD_GNODEPL,RTPD,MCE,LMP_ENE_PRC,UCD_GNODEPL,ALL,1,101.83428,3,3
2022-09-01T15:30:00-00:00,2022-09-01T15:45:00-00:00,2022-09-01,09,UCD_GNODEPL,UCD_GNODEPL,UCD_GNODEPL,RTPD,MCE,LMP_ENE_PRC,UCD_GNODEPL,ALL,1,86.1388,3,3
2022-09-01T16:30:00-00:00,2022-09-01T16:45:00-00:00,2022-09-01,10,UCD_GNODEPL,UCD_GNODEPL,UCD_GNODEPL,RTPD,MCE,LMP_ENE_PRC,UCD_GNODEPL,ALL,1,88.79644,3,3
2022-09-01T17:30:00-00:00,2022-09-01T17:45:00-00:00,2022-09-01,11,UCD_GNODEPL,UCD_GNODEPL,UCD_GNODEPL,RTPD,MCE,LMP_ENE_PRC,UCD_GNODEPL,ALL,1,99.13013,3,3
2022-09-01T18:30:00-00:00,2022-09-01T18:45:00-00:00,2022-09-01,12,UCD_GNODEPL,UCD_GNODEPL,UCD_GNODEPL,RTPD,MCE,LMP_ENE_PRC,UCD_GNODEPL,ALL,1,107.05718,3,3
2022-09-01T19:30:00-00:00,2022-09-01T19:45:00-00:00,2022-09-01,13,UCD_GNODEPL,UCD_GNODEPL,UCD_GNODEPL,RTPD,MCE,LMP_ENE_PRC,UCD_GNODEPL,ALL,1,114.05905,3,3
2022-09-01T20:30:00-00:00,2022-09-01T20:45:00-00:00,2022-09-01,14,UCD_GNODEPL,UCD_GNODEPL,UCD_GNODEPL,RTPD,MCE,LMP_ENE_PRC,UCD_GNODEPL,ALL,1,129.81606,3,3
2022-09-01T21:30:00-00:00,2022-09-01T21:45:00-00:00,2022-09-01,15,UCD_GNODEPL,UCD_GNODEPL,UCD_GNODEPL,RTPD,MCE,LMP_ENE_PRC,UCD_GNODEPL,ALL,1,152.93057,3,3
2022-09-01T22:30:00-00:00,2022-09-01T22:45:00-00:00,2022-09-01,16,UCD_GNODEPL,UCD_GNODEPL,UCD_GNODEPL,RTPD,MCE,LMP_ENE_PRC,UCD_GNODEPL,ALL,1,283.18182,3,3
2022-09-01T23:30:00-00:00,2022-09-01T23:45:00-00:00,2022-09-01,17,UCD_GNODEPL,UCD_GNODEPL,UCD_GNODEPL,RTPD,MCE,LMP_ENE_PRC,UCD_GNODEPL,ALL,1,566.48157,3,3
2022-09-02T00:30:00-00:00,2022-09-02T00:45:00-00:00,2022-09-01,18,UCD_GNODEPL,UCD_GNODEPL,UCD_GNODEPL,RTPD,MCE,LMP_ENE_PRC,UCD_GNODEPL,ALL,1,1329.1127,3,3
2022-09-02T01:30:00-00:00,2022-09-02T01:45:00-00:00,2022-09-01,19,UCD_GNODEPL,UCD_GNODEPL,UCD_GNODEPL,RTPD,MCE,LMP_ENE_PRC,UCD_GNODEPL,ALL,1,1999.9956,3,3
2022-09-02T02:30:00-00:00,2022-09-02T02:45:00-00:00,2022-09-01,20,UCD_GNODEPL,UCD_GNODEPL,UCD_GNODEPL,RTPD,MCE,LMP_ENE_PRC,UCD_GNODEPL,ALL,1,1991.671,3,3
2022-09-02T03:30:00-00:00,2022-09-02T03:45:00-00:00,2022-09-01,21,UCD_GNODEPL,UCD_GNODEPL,UCD_GNODEPL,RTPD,MCE,LMP_ENE_PRC,UCD_GNODEPL,ALL,1,186.61823,3,3
2022-09-02T04:30:00-00:00,2022-09-02T04:45:00-00:00,2022-09-01,22,UCD_GNODEPL,UCD_GNODEPL,UCD_GNODEPL,RTPD,MCE,LMP_ENE_PRC,UCD_GNODEPL,ALL,1,180.67824,3,3
2022-09-02T05:30:00-00:00,2022-09-02T05:45:00-00:00,2022-09-01,23,UCD_GNODEPL,UCD_GNODEPL,UCD_GNODEPL,RTPD,MCE,LMP_ENE_PRC,UCD_GNODEPL,ALL,1,131.69917,3,3
2022-09-02T06:30:00-00:00,2022-09-02T06:45:00-00:00,2022-09-01,24,UCD_GNODEPL,UCD_GNODEPL,UCD_GNODEPL,RTPD,MCE,LMP_ENE_PRC,UCD_GNODEPL,ALL,1,128.9871,3,3
2022-09-01T07:45:00-00:00,2022-09-01T08:00:00-00:00,2022-09-01,01,UCD_GNODEPL,UCD_GNODEPL,UCD_GNODEPL,RTPD,MCE,LMP_ENE_PRC,UCD_GNODEPL,ALL,1,109.12099,4,3
2022-09-01T08:45:00-00:00,2022-09-01T09:00:00-00:00,2022-09-01,02,UCD_GNODEPL,UCD_GNODEPL,UCD_GNODEPL,RTPD,MCE,LMP_ENE_PRC,UCD_GNODEPL,ALL,1,98.7357,4,3
2022-09-01T09:45:00-00:00,2022-09-01T10:00:00-00:00,2022-09-01,03,UCD_GNODEPL,UCD_GNODEPL,UCD_GNODEPL,RTPD,MCE,LMP_ENE_PRC,UCD_GNODEPL,ALL,1,97.50475,4,3
2022-09-01T10:45:00-00:00,2022-09-01T11:00:00-00:00,2022-09-01,04,UCD_GNODEPL,UCD_GNODEPL,UCD_GNODEPL,RTPD,MCE,LMP_ENE_PRC,UCD_GNODEPL,ALL,1,94.71966,4,3
2022-09-01T11:45:00-00:00,2022-09-01T12:00:00-00:00,2022-09-01,05,UCD_GNODEPL,UCD_GNODEPL,UCD_GNODEPL,RTPD,MCE,LMP_ENE_PRC,UCD_GNODEPL,ALL,1,107.01,4,3
2022-09-01T12:45:00-00:00,2022-09-01T13:00:00-00:00,2022-09-01,06,UCD_GNODEPL,UCD_GNODEPL,UCD_GNODEPL,RTPD,MCE,LMP_ENE_PRC,UCD_GNODEPL,ALL,1,116.4848,4,3
2022-09-01T13:45:00-00:00,2022-09-01T14:00:00-00:00,2022-09-01,07,UCD_GNODEPL,UCD_GNODEPL,UCD_GNODEPL,RTPD,MCE,LMP_ENE_PRC,UCD_GNODEPL,ALL,1,111.41,4,3
2022-09-01T14:45:00-00:00,2022-09-01T15:00:00-00:00,2022-09-01,08,UCD_GNODEPL,UCD_GNODEPL,UCD_GNODEPL,RTPD,MCE,LMP_ENE_PRC,UCD_GNODEPL,ALL,1,86.1388,4,3
2022-09-01T15:45:00-00:00,2022-09-01T16:00:00-00:00,2022-09-01,09,UCD_GNODEPL,UCD_GNODEPL,UCD_GNODEPL,RTPD,MCE,LMP_ENE_PRC,UCD_GNODEPL,ALL,1,78.70076,4,3
2022-09-01T16:45:00-00:00,2022-09-01T17:00:00-00:00,2022-09-01,10,UCD_GNODEPL,UCD_GNODEPL,UCD_GNODEPL,RTPD,MCE,LMP_ENE_PRC,UCD_GNODEPL,ALL,1,91.24933,4,3
2022-09-01T17:45:00-00:00,2022-09-01T18:00:00-00:00,2022-09-01,11,UCD_GNODEPL,UCD_GNODEPL,UCD_GNODEPL,RTPD,MCE,LMP_ENE_PRC,UCD_GNODEPL,ALL,1,99.20544,4,3
2022-09-01T18:45:00-00:00,2022-09-01T19:00:00-00:00,2022-09-01,12,UCD_GNODEPL,UCD_GNODEPL,UCD_GNODEPL,RTPD,MCE,LMP_ENE_PRC,UCD_GNODEPL,ALL,1,109.04064,4,3
2022-09-01T19:45:00-00:00,2022-09-01T20:00:00-00:00,2022-09-01,13,UCD_GNODEPL,UCD_GNODEPL,UCD_GNODEPL,RTPD,MCE,LMP_ENE_PRC,UCD_GNODEPL,ALL,1,120.22491,4,3
2022-09-01T20:45:00-00:00,2022-09-01T21:00:00-00:00,2022-09-01,14,UCD_GNODEPL,UCD_GNODEPL,UCD_GNODEPL,RTPD,MCE,LMP_ENE_PRC,UCD_GNODEPL,ALL,1,154.02509,4,3
2022-09-01T21:45:00-00:00,2022-09-01T22:00:00-00:00,2022-09-01,15,UCD_GNODEPL,UCD_GNODEPL,UCD_GNODEPL,RTPD,MCE,LMP_ENE_PRC,UCD_GNODEPL,ALL,1,300.29376,4,3
2022-09-01T22:45:00-00:00,2022-09-01T23:00:00-00:00,2022-09-01,16,UCD_GNODEPL,UCD_GNODEPL,UCD_GNODEPL,RTPD,MCE,LMP_ENE_PRC,UCD_GNODEPL,ALL,1,429.9137,4,3
2022-09-01T23:45:00-00:00,2022-09-02T00:00:00-00:00,2022-09-01,17,UCD_GNODEPL,UCD_GNODEPL,UCD_GNODEPL,RTPD,MCE,LMP_ENE_PRC,UCD_GNODEPL,ALL,1,1261.2124,4,3
2022-09-02T00:45:00-00:00,2022-09-02T01:00:00-00:00,2022-09-01,18,UCD_GNODEPL,UCD_GNODEPL,UCD_GNODEPL,RTPD,MCE,LMP_ENE_PRC,UCD_GNODEPL,ALL,1,1519.149,4,3
2022-09-02T01:45:00-00:00,2022-09-02T02:00:00-00:00,2022-09-01,19,UCD_GNODEPL,UCD_GNODEPL,UCD_GNODEPL,RTPD,MCE,LMP_ENE_PRC,UCD_GNODEPL,ALL,1,1991.9337,4,3
2022-09-02T02:45:00-00:00,2022-09-02T03:00:00-00:00,2022-09-01,20,UCD_GNODEPL,UCD_GNODEPL,UCD_GNODEPL,RTPD,MCE,LMP_ENE_PRC,UCD_GNODEPL,ALL,1,1629.6213,4,3
2022-09-02T03:45:00-00:00,2022-09-02T04:00:00-00:00,2022-09-01,21,UCD_GNODEPL,UCD_GNODEPL,UCD_GNODEPL,RTPD,MCE,LMP_ENE_PRC,UCD_GNODEPL,ALL,1,141.13702,4,3
2022-09-02T04:45:00-00:00,2022-09-02T05:00:00-00:00,2022-09-01,22,UCD_GNODEPL,UCD_GNODEPL,UCD_GNODEPL,RTPD,MCE,LMP_ENE_PRC,UCD_GNODEPL,ALL,1,126.76372,4,3
2022-09-02T05:45:00-00:00,2022-09-02T06:00:00-00:00,2022-09-01,23,UCD_GNODEPL,UCD_GNODEPL,UCD_GNODEPL,RTPD,MCE,LMP_ENE_PRC,UCD_GNODEPL,ALL,1,119.00958,4,3
2022-09-02T06:45:00-00:00,2022-09-02T07:00:00-00:00,2022-09-01,24,UCD_GNODEPL,UCD_GNODEPL,UCD_GNODEPL,RTPD,MCE,LMP_ENE_PRC,UCD_GNODEPL,ALL,1,109.20324,4,3
2022-09-01T07:00:00-00:00,2022-09-01T07:15:00-00:00,2022-09-01,01,UCD_GNODEPL,UCD_GNODEPL,UCD_GNODEPL,RTPD,MCL,LMP_LOSS_PRC,UCD_GNODEPL,ALL,1,-0.62542,1,4
2022-09-01T08:00:00-00:00,2022-09-01T08:15:00-00:00,2022-09-01,02,UCD_GNODEPL,UCD_GNODEPL,UCD_GNODEPL,RTPD,MCL,LMP_LOSS_PRC,UCD_GNODEPL,ALL,1,0,1,4
2022-09-01T09:00:00-00:00,2022-09-01T09:15:00-00:00,2022-09-01,03,UCD_GNODEPL,UCD_GNODEPL,UCD_GNODEPL,RTPD,MCL,LMP_LOSS_PRC,UCD_GNODEPL,ALL,1,0.23936,1,4
2022-09-01T10:00:00-00:00,2022-09-01T10:15:00-00:00,2022-09-01,04,UCD_GNODEPL,UCD_GNODEPL,UCD_GNODEPL,RTPD,MCL,LMP_LOSS_PRC,UCD_GNODEPL,ALL,1,0.45376,1,4
2022-09-01T11:00:00-00:00,2022-09-01T11:15:00-00:00,2022-09-01,05,UCD_GNODEPL,UCD_GNODEPL,UCD_GNODEPL,RTPD,MCL,LMP_LOSS_PRC,UCD_GNODEPL,ALL,1,0.36925,1,4
2022-09-01T12:00:00-00:00,2022-09-01T12:15:00-00:00,2022-09-01,06,UCD_GNODEPL,UCD_GNODEPL,UCD_GNODEPL,RTPD,MCL,LMP_LOSS_PRC,UCD_GNODEPL,ALL,1,-0.30042,1,4
2022-09-01T13:00:00-00:00,2022-09-01T13:15:00-00:00,2022-09-01,07,UCD_GNODEPL,UCD_GNODEPL,UCD_GNODEPL,RTPD,MCL,LMP_LOSS_PRC,UCD_GNODEPL,ALL,1,0,1,4
2022-09-01T14:00:00-00:00,2022-09-01T14:15:00-00:00,2022-09-01,08,UCD_GNODEPL,UCD_GNODEPL,UCD_GNODEPL,RTPD,MCL,LMP_LOSS_PRC,UCD_GNODEPL,ALL,1,2.2,1,4
2022-09-01T15:00:00-00:00,2022-09-01T15:15:00-00:00,2022-09-01,09,UCD_GNODEPL,UCD_GNODEPL,UCD_GNODEPL,RTPD,MCL,LMP_LOSS_PRC,UCD_GNODEPL,ALL,1,0,1,4
2022-09-01T16:00:00-00:00,2022-09-01T16:15:00-00:00,2022-09-01,10,UCD_GNODEPL,UCD_GNODEPL,UCD_GNODEPL,RTPD,MCL,LMP_LOSS_PRC,UCD_GNODEPL,ALL,1,0,1,4
2022-09-01T17:00:00-00:00,2022-09-01T17:15:00-00:00,2022-09-01,11,UCD_GNODEPL,UCD_GNODEPL,UCD_GNODEPL,RTPD,MCL,LMP_LOSS_PRC,UCD_GNODEPL,ALL,1,0,1,4
2022-09-01T18:00:00-00:00,2022-09-01T18:15:00-00:00,2022-09-01,12,UCD_GNODEPL,UCD_GNODEPL,UCD_GNODEPL,RTPD,MCL,LMP_LOSS_PRC,UCD_GNODEPL,ALL,1,0,1,4
2022-09-01T19:00:00-00:00,2022-09-01T19:15:00-00:00,2022-09-01,13,UCD_GNODEPL,UCD_GNODEPL,UCD_GNODEPL,RTPD,MCL,LMP_LOSS_PRC,UCD_GNODEPL,ALL,1,0,1,4
2022-09-01T20:00:00-00:00,2022-09-01T20:15:00-00:00,2022-09-01,14,UCD_GNODEPL,UCD_GNODEPL,UCD_GNODEPL,RTPD,MCL,LMP_LOSS_PRC,UCD_GNODEPL,ALL,1,0,1,4
2022-09-01T21:00:00-00:00,2022-09-01T21:15:00-00:00,2022-09-01,15,UCD_GNODEPL,UCD_GNODEPL,UCD_GNODEPL,RTPD,MCL,LMP_LOSS_PRC,UCD_GNODEPL,ALL,1,0,1,4
2022-09-01T22:00:00-00:00,2022-09-01T22:15:00-00:00,2022-09-01,16,UCD_GNODEPL,UCD_GNODEPL,UCD_GNODEPL,RTPD,MCL,LMP_LOSS_PRC,UCD_GNODEPL,ALL,1,0,1,4
2022-09-01T23:00:00-00:00,2022-09-01T23:15:00-00:00,2022-09-01,17,UCD_GNODEPL,UCD_GNODEPL,UCD_GNODEPL,RTPD,MCL,LMP_LOSS_PRC,UCD_GNODEPL,ALL,1,0,1,4
2022-09-02T00:00:00-00:00,2022-09-02T00:15:00-00:00,2022-09-01,18,UCD_GNODEPL,UCD_GNODEPL,UCD_GNODEPL,RTPD,MCL,LMP_LOSS_PRC,UCD_GNODEPL,ALL,1,34.52199,1,4
2022-09-02T01:00:00-00:00,2022-09-02T01:15:00-00:00,2022-09-01,19,UCD_GNODEPL,UCD_GNODEPL,UCD_GNODEPL,RTPD,MCL,LMP_LOSS_PRC,UCD_GNODEPL,ALL,1,0,1,4
2022-09-02T02:00:00-00:00,2022-09-02T02:15:00-00:00,2022-09-01,20,UCD_GNODEPL,UCD_GNODEPL,UCD_GNODEPL,RTPD,MCL,LMP_LOSS_PRC,UCD_GNODEPL,ALL,1,0,1,4
2022-09-02T03:00:00-00:00,2022-09-02T03:15:00-00:00,2022-09-01,21,UCD_GNODEPL,UCD_GNODEPL,UCD_GNODEPL,RTPD,MCL,LMP_LOSS_PRC,UCD_GNODEPL,ALL,1,51.19927,1,4
2022-09-02T04:00:00-00:00,2022-09-02T04:15:00-00:00,2022-09-01,22,UCD_GNODEPL,UCD_GNODEPL,UCD_GNODEPL,RTPD,MCL,LMP_LOSS_PRC,UCD_GNODEPL,ALL,1,8.89509,1,4
2022-09-02T05:00:00-00:00,2022-09-02T05:15:00-00:00,2022-09-01,23,UCD_GNODEPL,UCD_GNODEPL,UCD_GNODEPL,RTPD,MCL,LMP_LOSS_PRC,UCD_GNODEPL,ALL,1,5.80895,1,4
2022-09-02T06:00:00-00:00,2022-09-02T06:15:00-00:00,2022-09-01,24,UCD_GNODEPL,UCD_GNODEPL,UCD_GNODEPL,RTPD,MCL,LMP_LOSS_PRC,UCD_GNODEPL,ALL,1,3.27268,1,4
2022-09-01T07:15:00-00:00,2022-09-01T07:30:00-00:00,2022-09-01,01,UCD_GNODEPL,UCD_GNODEPL,UCD_GNODEPL,RTPD,MCL,LMP_LOSS_PRC,UCD_GNODEPL,ALL,1,0,2,4
2022-09-01T08:15:00-00:00,2022-09-01T08:30:00-00:00,2022-09-01,02,UCD_GNODEPL,UCD_GNODEPL,UCD_GNODEPL,RTPD,MCL,LMP_LOSS_PRC,UCD_GNODEPL,ALL,1,0,2,4
2022-09-01T09:15:00-00:00,2022-09-01T09:30:00-00:00,2022-09-01,03,UCD_GNODEPL,UCD_GNODEPL,UCD_GNODEPL,RTPD,MCL,LMP_LOSS_PRC,UCD_GNODEPL,ALL,1,0.31458,2,4
2022-09-01T10:15:00-00:00,2022-09-01T10:30:00-00:00,2022-09-01,04,UCD_GNODEPL,UCD_GNODEPL,UCD_GNODEPL,RTPD,MCL,LMP_LOSS_PRC,UCD_GNODEPL,ALL,1,0.35893,2,4
2022-09-01T11:15:00-00:00,2022-09-01T11:30:00-00:00,2022-09-01,05,UCD_GNODEPL,UCD_GNODEPL,UCD_GNODEPL,RTPD,MCL,LMP_LOSS_PRC,UCD_GNODEPL,ALL,1,0.35051,2,4
2022-09-01T12:15:00-00:00,2022-09-01T12:30:00-00:00,2022-09-01,06,UCD_GNODEPL,UCD_GNODEPL,UCD_GNODEPL,RTPD,MCL,LMP_LOSS_PRC,UCD_GNODEPL,ALL,1,-0.24051,2,4
2022-09-01T13:15:00-00:00,2022-09-01T13:30:00-00:00,2022-09-01,07,UCD_GNODEPL,UCD_GNODEPL,UCD_GNODEPL,RTPD,MCL,LMP_LOSS_PRC,UCD_GNODEPL,ALL,1,-0.03329,2,4
2022-09-01T14:15:00-00:00,2022-09-01T14:30:00-00:00,2022-09-01,08,UCD_GNODEPL,UCD_GNODEPL,UCD_GNODEPL,RTPD,MCL,LMP_LOSS_PRC,UCD_GNODEPL,ALL,1,2.11668,2,4
2022-09-01T15:15:00-00:00,2022-09-01T15:30:00-00:00,2022-09-01,09,UCD_GNODEPL,UCD_GNODEPL,UCD_GNODEPL,RTPD,MCL,LMP_LOSS_PRC,UCD_GNODEPL,ALL,1,0,2,4
2022-09-01T16:15:00-00:00,2022-09-01T16:30:00-00:00,2022-09-01,10,UCD_GNODEPL,UCD_GNODEPL,UCD_GNODEPL,RTPD,MCL,LMP_LOSS_PRC,UCD_GNODEPL,ALL,1,0,2,4
2022-09-01T17:15:00-00:00,2022-09-01T17:30:00-00:00,2022-09-01,11,UCD_GNODEPL,UCD_GNODEPL,UCD_GNODEPL,RTPD,MCL,LMP_LOSS_PRC,UCD_GNODEPL,ALL,1,0,2,4
2022-09-01T18:15:00-00:00,2022-09-01T18:30:00-00:00,2022-09-01,12,UCD_GNODEPL,UCD_GNODEPL,UCD_GNODEPL,RTPD,MCL,LMP_LOSS_PRC,UCD_GNODEPL,ALL,1,0,2,4
2022-09-01T19:15:00-00:00,2022-09-01T19:30:00-00:00,2022-09-01,13,UCD_GNODEPL,UCD_GNODEPL,UCD_GNODEPL,RTPD,MCL,LMP_LOSS_PRC,UCD_GNODEPL,ALL,1,0,2,4
2022-09-01T20:15:00-00:00,2022-09-01T20:30:00-00:00,2022-09-01,14,UCD_GNODEPL,UCD_GNODEPL,UCD_GNODEPL,RTPD,MCL,LMP_LOSS_PRC,UCD_GNODEPL,ALL,1,0,2,4
2022-09-01T21:15:00-00:00,2022-09-01T21:30:00-00:00,2022-09-01,15,UCD_GNODEPL,UCD_GNODEPL,UCD_GNODEPL,RTPD,MCL,LMP_LOSS_PRC,UCD_GNODEPL,ALL,1,0,2,4
2022-09-01T22:15:00-00:00,2022-09-01T22:30:00-00:00,2022-09-01,16,UCD_GNODEPL,UCD_GNODEPL,UCD_GNODEPL,RTPD,MCL,LMP_LOSS_PRC,UCD_GNODEPL,ALL,1,0,2,4
2022-09-01T23:15:00-00:00,2022-09-01T23:30:00-00:00,2022-09-01,17,UCD_GNODEPL,UCD_GNODEPL,UCD_GNODEPL,RTPD,MCL,LMP_LOSS_PRC,UCD_GNODEPL,ALL,1,0,2,4
2022-09-02T00:15:00-00:00,2022-09-02T00:30:00-00:00,2022-09-01,18,UCD_GNODEPL,UCD_GNODEPL,UCD_GNODEPL,RTPD,MCL,LMP_LOSS_PRC,UCD_GNODEPL,ALL,1,32.34896,2,4
2022-09-02T01:15:00-00:00,2022-09-02T01:30:00-00:00,2022-09-01,19,UCD_GNODEPL,UCD_GNODEPL,UCD_GNODEPL,RTPD,MCL,LMP_LOSS_PRC,UCD_GNODEPL,ALL,1,0,2,4
2022-09-02T02:15:00-00:00,2022-09-02T02:30:00-00:00,2022-09-01,20,UCD_GNODEPL,UCD_GNODEPL,UCD_GNODEPL,RTPD,MCL,LMP_LOSS_PRC,UCD_GNODEPL,ALL,1,0,2,4
2022-09-02T03:15:00-00:00,2022-09-02T03:30:00-00:00,2022-09-01,21,UCD_GNODEPL,UCD_GNODEPL,UCD_GNODEPL,RTPD,MCL,LMP_LOSS_PRC,UCD_GNODEPL,ALL,1,22.18923,2,4
2022-09-02T04:15:00-00:00,2022-09-02T04:30:00-00:00,2022-09-01,22,UCD_GNODEPL,UCD_GNODEPL,UCD_GNODEPL,RTPD,MCL,LMP_LOSS_PRC,UCD_GNODEPL,ALL,1,7.10207,2,4
2022-09-02T05:15:00-00:00,2022-09-02T05:30:00-00:00,2022-09-01,23,UCD_GNODEPL,UCD_GNODEPL,UCD_GNODEPL,RTPD,MCL,LMP_LOSS_PRC,UCD_GNODEPL,ALL,1,4.36797,2,4
2022-09-02T06:15:00-00:00,2022-09-02T06:30:00-00:00,2022-09-01,24,UCD_GNODEPL,UCD_GNODEPL,UCD_GNODEPL,RTPD,MCL,LMP_LOSS_PRC,UCD_GNODEPL,ALL,1,1.5455,2,4
2022-09-01T07:30:00-00:00,2022-09-01T07:45:00-00:00,2022-09-01,01,UCD_GNODEPL,UCD_GNODEPL,UCD_GNODEPL,RTPD,MCL,LMP_LOSS_PRC,UCD_GNODEPL,ALL,1,0,3,4
2022-09-01T08:30:00-00:00,2022-09-01T08:45:00-00:00,2022-09-01,02,UCD_GNODEPL,UCD_GNODEPL,UCD_GNODEPL,RTPD,MCL,LMP_LOSS_PRC,UCD_GNODEPL,ALL,1,0.8778,3,4
2022-09-01T09:30:00-00:00,2022-09-01T09:45:00-00:00,2022-09-01,03,UCD_GNODEPL,UCD_GNODEPL,UCD_GNODEPL,RTPD,MCL,LMP_LOSS_PRC,UCD_GNODEPL,ALL,1,0.13743,3,4
2022-09-01T10:30:00-00:00,2022-09-01T10:45:00-00:00,2022-09-01,04,UCD_GNODEPL,UCD_GNODEPL,UCD_GNODEPL,RTPD,MCL,LMP_LOSS_PRC,UCD_GNODEPL,ALL,1,0.43364,3,4
2022-09-01T11:30:00-00:00,2022-09-01T11:45:00-00:00,2022-09-01,05,UCD_GNODEPL,UCD_GNODEPL,UCD_GNODEPL,RTPD,MCL,LMP_LOSS_PRC,UCD_GNODEPL,ALL,1,0.30919,3,4
2022-09-01T12:30:00-00:00,2022-09-01T12:45:00-00:00,2022-09-01,06,UCD_GNODEPL,UCD_GNODEPL,UCD_GNODEPL,RTPD,MCL,LMP_LOSS_PRC,UCD_GNODEPL,ALL,1,-0.13629,3,4
2022-09-01T13:30:00-00:00,2022-09-01T13:45:00-00:00,2022-09-01,07,UCD_GNODEPL,UCD_GNODEPL,UCD_GNODEPL,RTPD,MCL,LMP_LOSS_PRC,UCD_GNODEPL,ALL,1,0.22304,3,4
2022-09-01T14:30:00-00:00,2022-09-01T14:45:00-00:00,2022-09-01,08,UCD_GNODEPL,UCD_GNODEPL,UCD_GNODEPL,RTPD,MCL,LMP_LOSS_PRC,UCD_GNODEPL,ALL,1,2.28106,3,4
2022-09-01T15:30:00-00:00,2022-09-01T15:45:00-00:00,2022-09-01,09,UCD_GNODEPL,UCD_GNODEPL,UCD_GNODEPL,RTPD,MCL,LMP_LOSS_PRC,UCD_GNODEPL,ALL,1,0,3,4
2022-09-01T16:30:00-00:00,2022-09-01T16:45:00-00:00,2022-09-01,10,UCD_GNODEPL,UCD_GNODEPL,UCD_GNODEPL,RTPD,MCL,LMP_LOSS_PRC,UCD_GNODEPL,ALL,1,0,3,4
2022-09-01T17:30:00-00:00,2022-09-01T17:45:00-00:00,2022-09-01,11,UCD_GNODEPL,UCD_GNODEPL,UCD_GNODEPL,RTPD,MCL,LMP_LOSS_PRC,UCD_GNODEPL,ALL,1,0,3,4
2022-09-01T18:30:00-00:00,2022-09-01T18:45:00-00:00,2022-09-01,12,UCD_GNODEPL,UCD_GNODEPL,UCD_GNODEPL,RTPD,MCL,LMP_LOSS_PRC,UCD_GNODEPL,ALL,1,0,3,4
2022-09-01T19:30:00-00:00,2022-09-01T19:45:00-00:00,2022-09-01,13,UCD_GNODEPL,UCD_GNODEPL,UCD_GNODEPL,RTPD,MCL,LMP_LOSS_PRC,UCD_GNODEPL,ALL,1,0,3,4
2022-09-01T20:30:00-00:00,2022-09-01T20:45:00-00:00,2022-09-01,14,UCD_GNODEPL,UCD_GNODEPL,UCD_GNODEPL,RTPD,MCL,LMP_LOSS_PRC,UCD_GNODEPL,ALL,1,0,3,4
2022-09-01T21:30:00-00:00,2022-09-01T21:45:00-00:00,2022-09-01,15,UCD_GNODEPL,UCD_GNODEPL,UCD_GNODEPL,RTPD,MCL,LMP_LOSS_PRC,UCD_GNODEPL,ALL,1,0,3,4
2022-09-01T22:30:00-00:00,2022-09-01T22:45:00-00:00,2022-09-01,16,UCD_GNODEPL,UCD_GNODEPL,UCD_GNODEPL,RTPD,MCL,LMP_LOSS_PRC,UCD_GNODEPL,ALL,1,0,3,4
2022-09-01T23:30:00-00:00,2022-09-01T23:45:00-00:00,2022-09-01,17,UCD_GNODEPL,UCD_GNODEPL,UCD_GNODEPL,RTPD,MCL,LMP_LOSS_PRC,UCD_GNODEPL,ALL,1,0,3,4
2022-09-02T00:30:00-00:00,2022-09-02T00:45:00-00:00,2022-09-01,18,UCD_GNODEPL,UCD_GNODEPL,UCD_GNODEPL,RTPD,MCL,LMP_LOSS_PRC,UCD_GNODEPL,ALL,1,0,3,4
2022-09-02T01:30:00-00:00,2022-09-02T01:45:00-00:00,2022-09-01,19,UCD_GNODEPL,UCD_GNODEPL,UCD_GNODEPL,RTPD,MCL,LMP_LOSS_PRC,UCD_GNODEPL,ALL,1,0,3,4
2022-09-02T02:30:00-00:00,2022-09-02T02:45:00-00:00,2022-09-01,20,UCD_GNODEPL,UCD_GNODEPL,UCD_GNODEPL,RTPD,MCL,LMP_LOSS_PRC,UCD_GNODEPL,ALL,1,0,3,4
2022-09-02T03:30:00-00:00,2022-09-02T03:45:00-00:00,2022-09-01,21,UCD_GNODEPL,UCD_GNODEPL,UCD_GNODEPL,RTPD,MCL,LMP_LOSS_PRC,UCD_GNODEPL,ALL,1,9.68542,3,4
2022-09-02T04:30:00-00:00,2022-09-02T04:45:00-00:00,2022-09-01,22,UCD_GNODEPL,UCD_GNODEPL,UCD_GNODEPL,RTPD,MCL,LMP_LOSS_PRC,UCD_GNODEPL,ALL,1,3.57741,3,4
2022-09-02T05:30:00-00:00,2022-09-02T05:45:00-00:00,2022-09-01,23,UCD_GNODEPL,UCD_GNODEPL,UCD_GNODEPL,RTPD,MCL,LMP_LOSS_PRC,UCD_GNODEPL,ALL,1,3.05545,3,4
2022-09-02T06:30:00-00:00,2022-09-02T06:45:00-00:00,2022-09-01,24,UCD_GNODEPL,UCD_GNODEPL,UCD_GNODEPL,RTPD,MCL,LMP_LOSS_PRC,UCD_GNODEPL,ALL,1,1.88323,3,4
2022-09-01T07:45:00-00:00,2022-09-01T08:00:00-00:00,2022-09-01,01,UCD_GNODEPL,UCD_GNODEPL,UCD_GNODEPL,RTPD,MCL,LMP_LOSS_PRC,UCD_GNODEPL,ALL,1,0,4,4
2022-09-01T08:45:00-00:00,2022-09-01T09:00:00-00:00,2022-09-01,02,UCD_GNODEPL,UCD_GNODEPL,UCD_GNODEPL,RTPD,MCL,LMP_LOSS_PRC,UCD_GNODEPL,ALL,1,0.63192,4,4
2022-09-01T09:45:00-00:00,2022-09-01T10:00:00-00:00,2022-09-01,03,UCD_GNODEPL,UCD_GNODEPL,UCD_GNODEPL,RTPD,MCL,LMP_LOSS_PRC,UCD_GNODEPL,ALL,1,0.18526,4,4
2022-09-01T10:45:00-00:00,2022-09-01T11:00:00-00:00,2022-09-01,04,UCD_GNODEPL,UCD_GNODEPL,UCD_GNODEPL,RTPD,MCL,LMP_LOSS_PRC,UCD_GNODEPL,ALL,1,0.38836,4,4
2022-09-01T11:45:00-00:00,2022-09-01T12:00:00-00:00,2022-09-01,05,UCD_GNODEPL,UCD_GNODEPL,UCD_GNODEPL,RTPD,MCL,LMP_LOSS_PRC,UCD_GNODEPL,ALL,1,0,4,4
2022-09-01T12:45:00-00:00,2022-09-01T13:00:00-00:00,2022-09-01,06,UCD_GNODEPL,UCD_GNODEPL,UCD_GNODEPL,RTPD,MCL,LMP_LOSS_PRC,UCD_GNODEPL,ALL,1,0,4,4
2022-09-01T13:45:00-00:00,2022-09-01T14:00:00-00:00,2022-09-01,07,UCD_GNODEPL,UCD_GNODEPL,UCD_GNODEPL,RTPD,MCL,LMP_LOSS_PRC,UCD_GNODEPL,ALL,1,0,4,4
2022-09-01T14:45:00-00:00,2022-09-01T15:00:00-00:00,2022-09-01,08,UCD_GNODEPL,UCD_GNODEPL,UCD_GNODEPL,RTPD,MCL,LMP_LOSS_PRC,UCD_GNODEPL,ALL,1,0,4,4
2022-09-01T15:45:00-00:00,2022-09-01T16:00:00-00:00,2022-09-01,09,UCD_GNODEPL,UCD_GNODEPL,UCD_GNODEPL,RTPD,MCL,LMP_LOSS_PRC,UCD_GNODEPL,ALL,1,0,4,4
2022-09-01T16:45:00-00:00,2022-09-01T17:00:00-00:00,2022-09-01,10,UCD_GNODEPL,UCD_GNODEPL,UCD_GNODEPL,RTPD,MCL,LMP_LOSS_PRC,UCD_GNODEPL,ALL,1,0,4,4
2022-09-01T17:45:00-00:00,2022-09-01T18:00:00-00:00,2022-09-01,11,UCD_GNODEPL,UCD_GNODEPL,UCD_GNODEPL,RTPD,MCL,LMP_LOSS_PRC,UCD_GNODEPL,ALL,1,0,4,4
2022-09-01T18:45:00-00:00,2022-09-01T19:00:00-00:00,2022-09-01,12,UCD_GNODEPL,UCD_GNODEPL,UCD_GNODEPL,RTPD,MCL,LMP_LOSS_PRC,UCD_GNODEPL,ALL,1,0,4,4
2022-09-01T19:45:00-00:00,2022-09-01T20:00:00-00:00,2022-09-01,13,UCD_GNODEPL,UCD_GNODEPL,UCD_GNODEPL,RTPD,MCL,LMP_LOSS_PRC,UCD_GNODEPL,ALL,1,0,4,4
2022-09-01T20:45:00-00:00,2022-09-01T21:00:00-00:00,2022-09-01,14,UCD_GNODEPL,UCD_GNODEPL,UCD_GNODEPL,RTPD,MCL,LMP_LOSS_PRC,UCD_GNODEPL,ALL,1,0,4,4
2022-09-01T21:45:00-00:00,2022-09-01T22:00:00-00:00,2022-09-01,15,UCD_GNODEPL,UCD_GNODEPL,UCD_GNODEPL,RTPD,MCL,LMP_LOSS_PRC,UCD_GNODEPL,ALL,1,0,4,4
2022-09-01T22:45:00-00:00,2022-09-01T23:00:00-00:00,2022-09-01,16,UCD_GNODEPL,UCD_GNODEPL,UCD_GNODEPL,RTPD,MCL,LMP_LOSS_PRC,UCD_GNODEPL,ALL,1,0,4,4
2022-09-01T23:45:00-00:00,2022-09-02T00:00:00-00:00,2022-09-01,17,UCD_GNODEPL,UCD_GNODEPL,UCD_GNODEPL,RTPD,MCL,LMP_LOSS_PRC,UCD_GNODEPL,ALL,1,0,4,4
2022-09-02T00:45:00-00:00,2022-09-02T01:00:00-00:00,2022-09-01,18,UCD_GNODEPL,UCD_GNODEPL,UCD_GNODEPL,RTPD,MCL,LMP_LOSS_PRC,UCD_GNODEPL,ALL,1,0,4,4
2022-09-02T01:45:00-00:00,2022-09-02T02:00:00-00:00,2022-09-01,19,UCD_GNODEPL,UCD_GNODEPL,UCD_GNODEPL,RTPD,MCL,LMP_LOSS_PRC,UCD_GNODEPL,ALL,1,0,4,4
2022-09-02T02:45:00-00:00,2022-09-02T03:00:00-00:00,2022-09-01,20,UCD_GNODEPL,UCD_GNODEPL,UCD_GNODEPL,RTPD,MCL,LMP_LOSS_PRC,UCD_GNODEPL,ALL,1,82.62174,4,4
2022-09-02T03:45:00-00:00,2022-09-02T04:00:00-00:00,2022-09-01,21,UCD_GNODEPL,UCD_GNODEPL,UCD_GNODEPL,RTPD,MCL,LMP_LOSS_PRC,UCD_GNODEPL,ALL,1,6.2382,4,4
2022-09-02T04:45:00-00:00,2022-09-02T05:00:00-00:00,2022-09-01,22,UCD_GNODEPL,UCD_GNODEPL,UCD_GNODEPL,RTPD,MCL,LMP_LOSS_PRC,UCD_GNODEPL,ALL,1,3.38462,4,4
2022-09-02T05:45:00-00:00,2022-09-02T06:00:00-00:00,2022-09-01,23,UCD_GNODEPL,UCD_GNODEPL,UCD_GNODEPL,RTPD,MCL,LMP_LOSS_PRC,UCD_GNODEPL,ALL,1,2.73725,4,4
2022-09-02T06:45:00-00:00,2022-09-02T07:00:00-00:00,2022-09-01,24,UCD_GNODEPL,UCD_GNODEPL,UCD_GNODEPL,RTPD,MCL,LMP_LOSS_PRC,UCD_GNODEPL,ALL,1,2.0858,4,4
2022-09-01T07:00:00-00:00,2022-09-01T07:15:00-00:00,2022-09-01,01,UCD_GNODEPL,UCD_GNODEPL,UCD_GNODEPL,RTPD,MGHG,LMP_GHG_PRC,UCD_GNODEPL,ALL,1,0,1,5
2022-09-01T08:00:00-00:00,2022-09-01T08:15:00-00:00,2022-09-01,02,UCD_GNODEPL,UCD_GNODEPL,UCD_GNODEPL,RTPD,MGHG,LMP_GHG_PRC,UCD_GNODEPL,ALL,1,0,1,5
2022-09-01T09:00:00-00:00,2022-09-01T09:15:00-00:00,2022-09-01,03,UCD_GNODEPL,UCD_GNODEPL,UCD_GNODEPL,RTPD,MGHG,LMP_GHG_PRC,UCD_GNODEPL,ALL,1,0,1,5
2022-09-01T10:00:00-00:00,2022-09-01T10:15:00-00:00,2022-09-01,04,UCD_GNODEPL,UCD_GNODEPL,UCD_GNODEPL,RTPD,MGHG,LMP_GHG_PRC,UCD_GNODEPL,ALL,1,0,1,5
2022-09-01T11:00:00-00:00,2022-09-01T11:15:00-00:00,2022-09-01,05,UCD_GNODEPL,UCD_GNODEPL,UCD_GNODEPL,RTPD,MGHG,LMP_GHG_PRC,UCD_GNODEPL,ALL,1,0,1,5
2022-09-01T12:00:00-00:00,2022-09-01T12:15:00-00:00,2022-09-01,06,UCD_GNODEPL,UCD_GNODEPL,UCD_GNODEPL,RTPD,MGHG,LMP_GHG_PRC,UCD_GNODEPL,ALL,1,0,1,5
2022-09-01T13:00:00-00:00,2022-09-01T13:15:00-00:00,2022-09-01,07,UCD_GNODEPL,UCD_GNODEPL,UCD_GNODEPL,RTPD,MGHG,LMP_GHG_PRC,UCD_GNODEPL,ALL,1,0,1,5
2022-09-01T14:00:00-00:00,2022-09-01T14:15:00-00:00,2022-09-01,08,UCD_GNODEPL,UCD_GNODEPL,UCD_GNODEPL,RTPD,MGHG,LMP_GHG_PRC,UCD_GNODEPL,ALL,1,0,1,5
2022-09-01T15:00:00-00:00,2022-09-01T15:15:00-00:00,2022-09-01,09,UCD_GNODEPL,UCD_GNODEPL,UCD_GNODEPL,RTPD,MGHG,LMP_GHG_PRC,UCD_GNODEPL,ALL,1,0,1,5
2022-09-01T16:00:00-00:00,2022-09-01T16:15:00-00:00,2022-09-01,10,UCD_GNODEPL,UCD_GNODEPL,UCD_GNODEPL,RTPD,MGHG,LMP_GHG_PRC,UCD_GNODEPL,ALL,1,0,1,5
2022-09-01T17:00:00-00:00,2022-09-01T17:15:00-00:00,2022-09-01,11,UCD_GNODEPL,UCD_GNODEPL,UCD_GNODEPL,RTPD,MGHG,LMP_GHG_PRC,UCD_GNODEPL,ALL,1,0,1,5
2022-09-01T18:00:00-00:00,2022-09-01T18:15:00-00:00,2022-09-01,12,UCD_GNODEPL,UCD_GNODEPL,UCD_GNODEPL,RTPD,MGHG,LMP_GHG_PRC,UCD_GNODEPL,ALL,1,0,1,5
2022-09-01T19:00:00-00:00,2022-09-01T19:15:00-00:00,2022-09-01,13,UCD_GNODEPL,UCD_GNODEPL,UCD_GNODEPL,RTPD,MGHG,LMP_GHG_PRC,UCD_GNODEPL,ALL,1,0,1,5
2022-09-01T20:00:00-00:00,2022-09-01T20:15:00-00:00,2022-09-01,14,UCD_GNODEPL,UCD_GNODEPL,UCD_GNODEPL,RTPD,MGHG,LMP_GHG_PRC,UCD_GNODEPL,ALL,1,0,1,5
2022-09-01T21:00:00-00:00,2022-09-01T21:15:00-00:00,2022-09-01,15,UCD_GNODEPL,UCD_GNODEPL,UCD_GNODEPL,RTPD,MGHG,LMP_GHG_PRC,UCD_GNODEPL,ALL,1,0,1,5
2022-09-01T22:00:00-00:00,2022-09-01T22:15:00-00:00,2022-09-01,16,UCD_GNODEPL,UCD_GNODEPL,UCD_GNODEPL,RTPD,MGHG,LMP_GHG_PRC,UCD_GNODEPL,ALL,1,0,1,5
2022-09-01T23:00:00-00:00,2022-09-01T23:15:00-00:00,2022-09-01,17,UCD_GNODEPL,UCD_GNODEPL,UCD_GNODEPL,RTPD,MGHG,LMP_GHG_PRC,UCD_GNODEPL,ALL,1,0,1,5
2022-09-02T00:00:00-00:00,2022-09-02T00:15:00-00:00,2022-09-01,18,UCD_GNODEPL,UCD_GNODEPL,UCD_GNODEPL,RTPD,MGHG,LMP_GHG_PRC,UCD_GNODEPL,ALL,1,0,1,5
2022-09-02T01:00:00-00:00,2022-09-02T01:15:00-00:00,2022-09-01,19,UCD_GNODEPL,UCD_GNODEPL,UCD_GNODEPL,RTPD,MGHG,LMP_GHG_PRC,UCD_GNODEPL,ALL,1,0,1,5
2022-09-02T02:00:00-00:00,2022-09-02T02:15:00-00:00,2022-09-01,20,UCD_GNODEPL,UCD_GNODEPL,UCD_GNODEPL,RTPD,MGHG,LMP_GHG_PRC,UCD_GNODEPL,ALL,1,0,1,5
2022-09-02T03:00:00-00:00,2022-09-02T03:15:00-00:00,2022-09-01,21,UCD_GNODEPL,UCD_GNODEPL,UCD_GNODEPL,RTPD,MGHG,LMP_GHG_PRC,UCD_GNODEPL,ALL,1,0,1,5
2022-09-02T04:00:00-00:00,2022-09-02T04:15:00-00:00,2022-09-01,22,UCD_GNODEPL,UCD_GNODEPL,UCD_GNODEPL,RTPD,MGHG,LMP_GHG_PRC,UCD_GNODEPL,ALL,1,0,1,5
2022-09-02T05:00:00-00:00,2022-09-02T05:15:00-00:00,2022-09-01,23,UCD_GNODEPL,UCD_GNODEPL,UCD_GNODEPL,RTPD,MGHG,LMP_GHG_PRC,UCD_GNODEPL,ALL,1,0,1,5
2022-09-02T06:00:00-00:00,2022-09-02T06:15:00-00:00,2022-09-01,24,UCD_GNODEPL,UCD_GNODEPL,UCD_GNODEPL,RTPD,MGHG,LMP_GHG_PRC,UCD_GNODEPL,ALL,1,0,1,5
2022-09-01T07:15:00-00:00,2022-09-01T07:30:00-00:00,2022-09-01,01,UCD_GNODEPL,UCD_GNODEPL,UCD_GNODEPL,RTPD,MGHG,LMP_GHG_PRC,UCD_GNODEPL,ALL,1,0,2,5
2022-09-01T08:15:00-00:00,2022-09-01T08:30:00-00:00,2022-09-01,02,UCD_GNODEPL,UCD_GNODEPL,UCD_GNODEPL,RTPD,MGHG,LMP_GHG_PRC,UCD_GNODEPL,ALL,1,0,2,5
2022-09-01T09:15:00-00:00,2022-09-01T09:30:00-00:00,2022-09-01,03,UCD_GNODEPL,UCD_GNODEPL,UCD_GNODEPL,RTPD,MGHG,LMP_GHG_PRC,UCD_GNODEPL,ALL,1,0,2,5
2022-09-01T10:15:00-00:00,2022-09-01T10:30:00-00:00,2022-09-01,04,UCD_GNODEPL,UCD_GNODEPL,UCD_GNODEPL,RTPD,MGHG,LMP_GHG_PRC,UCD_GNODEPL,ALL,1,0,2,5
2022-09-01T11:15:00-00:00,2022-09-01T11:30:00-00:00,2022-09-01,05,UCD_GNODEPL,UCD_GNODEPL,UCD_GNODEPL,RTPD,MGHG,LMP_GHG_PRC,UCD_GNODEPL,ALL,1,0,2,5
2022-09-01T12:15:00-00:00,2022-09-01T12:30:00-00:00,2022-09-01,06,UCD_GNODEPL,UCD_GNODEPL,UCD_GNODEPL,RTPD,MGHG,LMP_GHG_PRC,UCD_GNODEPL,ALL,1,0,2,5
2022-09-01T13:15:00-00:00,2022-09-01T13:30:00-00:00,2022-09-01,07,UCD_GNODEPL,UCD_GNODEPL,UCD_GNODEPL,RTPD,MGHG,LMP_GHG_PRC,UCD_GNODEPL,ALL,1,0,2,5
2022-09-01T14:15:00-00:00,2022-09-01T14:30:00-00:00,2022-09-01,08,UCD_GNODEPL,UCD_GNODEPL,UCD_GNODEPL,RTPD,MGHG,LMP_GHG_PRC,UCD_GNODEPL,ALL,1,0,2,5
2022-09-01T15:15:00-00:00,2022-09-01T15:30:00-00:00,2022-09-01,09,UCD_GNODEPL,UCD_GNODEPL,UCD_GNODEPL,RTPD,MGHG,LMP_GHG_PRC,UCD_GNODEPL,ALL,1,0,2,5
2022-09-01T16:15:00-00:00,2022-09-01T16:30:00-00:00,2022-09-01,10,UCD_GNODEPL,UCD_GNODEPL,UCD_GNODEPL,RTPD,MGHG,LMP_GHG_PRC,UCD_GNODEPL,ALL,1,0,2,5
2022-09-01T17:15:00-00:00,2022-09-01T17:30:00-00:00,2022-09-01,11,UCD_GNODEPL,UCD_GNODEPL,UCD_GNODEPL,RTPD,MGHG,LMP_GHG_PRC,UCD_GNODEPL,ALL,1,0,2,5
2022-09-01T18:15:00-00:00,2022-09-01T18:30:00-00:00,2022-09-01,12,UCD_GNODEPL,UCD_GNODEPL,UCD_GNODEPL,RTPD,MGHG,LMP_GHG_PRC,UCD_GNODEPL,ALL,1,0,2,5
2022-09-01T19:15:00-00:00,2022-09-01T19:30:00-00:00,2022-09-01,13,UCD_GNODEPL,UCD_GNODEPL,UCD_GNODEPL,RTPD,MGHG,LMP_GHG_PRC,UCD_GNODEPL,ALL,1,0,2,5
2022-09-01T20:15:00-00:00,2022-09-01T20:30:00-00:00,2022-09-01,14,UCD_GNODEPL,UCD_GNODEPL,UCD_GNODEPL,RTPD,MGHG,LMP_GHG_PRC,UCD_GNODEPL,ALL,1,0,2,5
2022-09-01T21:15:00-00:00,2022-09-01T21:30:00-00:00,2022-09-01,15,UCD_GNODEPL,UCD_GNODEPL,UCD_GNODEPL,RTPD,MGHG,LMP_GHG_PRC,UCD_GNODEPL,ALL,1,0,2,5
2022-09-01T22:15:00-00:00,2022-09-01T22:30:00-00:00,2022-09-01,16,UCD_GNODEPL,UCD_GNODEPL,UCD_GNODEPL,RTPD,MGHG,LMP_GHG_PRC,UCD_GNODEPL,ALL,1,0,2,5
2022-09-01T23:15:00-00:00,2022-09-01T23:30:00-00:00,2022-09-01,17,UCD_GNODEPL,UCD_GNODEPL,UCD_GNODEPL,RTPD,MGHG,LMP_GHG_PRC,UCD_GNODEPL,ALL,1,0,2,5
2022-09-02T00:15:00-00:00,2022-09-02T00:30:00-00:00,2022-09-01,18,UCD_GNODEPL,UCD_GNODEPL,UCD_GNODEPL,RTPD,MGHG,LMP_GHG_PRC,UCD_GNODEPL,ALL,1,0,2,5
2022-09-02T01:15:00-00:00,2022-09-02T01:30:00-00:00,2022-09-01,19,UCD_GNODEPL,UCD_GNODEPL,UCD_GNODEPL,RTPD,MGHG,LMP_GHG_PRC,UCD_GNODEPL,ALL,1,0,2,5
2022-09-02T02:15:00-00:00,2022-09-02T02:30:00-00:00,2022-09-01,20,UCD_GNODEPL,UCD_GNODEPL,UCD_GNODEPL,RTPD,MGHG,LMP_GHG_PRC,UCD_GNODEPL,ALL,1,0,2,5
2022-09-02T03:15:00-00:00,2022-09-02T03:30:00-00:00,2022-09-01,21,UCD_GNODEPL,UCD_GNODEPL,UCD_GNODEPL,RTPD,MGHG,LMP_GHG_PRC,UCD_GNODEPL,ALL,1,0,2,5
2022-09-02T04:15:00-00:00,2022-09-02T04:30:00-00:00,2022-09-01,22,UCD_GNODEPL,UCD_GNODEPL,UCD_GNODEPL,RTPD,MGHG,LMP_GHG_PRC,UCD_GNODEPL,ALL,1,0,2,5
2022-09-02T05:15:00-00:00,2022-09-02T05:30:00-00:00,2022-09-01,23,UCD_GNODEPL,UCD_GNODEPL,UCD_GNODEPL,RTPD,MGHG,LMP_GHG_PRC,UCD_GNODEPL,ALL,1,0,2,5
2022-09-02T06:15:00-00:00,2022-09-02T06:30:00-00:00,2022-09-01,24,UCD_GNODEPL,UCD_GNODEPL,UCD_GNODEPL,RTPD,MGHG,LMP_GHG_PRC,UCD_GNODEPL,ALL,1,0,2,5
2022-09-01T07:30:00-00:00,2022-09-01T07:45:00-00:00,2022-09-01,01,UCD_GNODEPL,UCD_GNODEPL,UCD_GNODEPL,RTPD,MGHG,LMP_GHG_PRC,UCD_GNODEPL,ALL,1,0,3,5
2022-09-01T08:30:00-00:00,2022-09-01T08:45:00-00:00,2022-09-01,02,UCD_GNODEPL,UCD_GNODEPL,UCD_GNODEPL,RTPD,MGHG,LMP_GHG_PRC,UCD_GNODEPL,ALL,1,0,3,5
2022-09-01T09:30:00-00:00,2022-09-01T09:45:00-00:00,2022-09-01,03,UCD_GNODEPL,UCD_GNODEPL,UCD_GNODEPL,RTPD,MGHG,LMP_GHG_PRC,UCD_GNODEPL,ALL,1,0,3,5
2022-09-01T10:30:00-00:00,2022-09-01T10:45:00-00:00,2022-09-01,04,UCD_GNODEPL,UCD_GNODEPL,UCD_GNODEPL,RTPD,MGHG,LMP_GHG_PRC,UCD_GNODEPL,ALL,1,0,3,5
2022-09-01T11:30:00-00:00,2022-09-01T11:45:00-00:00,2022-09-01,05,UCD_GNODEPL,UCD_GNODEPL,UCD_GNODEPL,RTPD,MGHG,LMP_GHG_PRC,UCD_GNODEPL,ALL,1,0,3,5
2022-09-01T12:30:00-00:00,2022-09-01T12:45:00-00:00,2022-09-01,06,UCD_GNODEPL,UCD_GNODEPL,UCD_GNODEPL,RTPD,MGHG,LMP_GHG_PRC,UCD_GNODEPL,ALL,1,0,3,5
2022-09-01T13:30:00-00:00,2022-09-01T13:45:00-00:00,2022-09-01,07,UCD_GNODEPL,UCD_GNODEPL,UCD_GNODEPL,RTPD,MGHG,LMP_GHG_PRC,UCD_GNODEPL,ALL,1,0,3,5
2022-09-01T14:30:00-00:00,2022-09-01T14:45:00-00:00,2022-09-01,08,UCD_GNODEPL,UCD_GNODEPL,UCD_GNODEPL,RTPD,MGHG,LMP_GHG_PRC,UCD_GNODEPL,ALL,1,0,3,5
2022-09-01T15:30:00-00:00,2022-09-01T15:45:00-00:00,2022-09-01,09,UCD_GNODEPL,UCD_GNODEPL,UCD_GNODEPL,RTPD,MGHG,LMP_GHG_PRC,UCD_GNODEPL,ALL,1,0,3,5
2022-09-01T16:30:00-00:00,2022-09-01T16:45:00-00:00,2022-09-01,10,UCD_GNODEPL,UCD_GNODEPL,UCD_GNODEPL,RTPD,MGHG,LMP_GHG_PRC,UCD_GNODEPL,ALL,1,0,3,5
2022-09-01T17:30:00-00:00,2022-09-01T17:45:00-00:00,2022-09-01,11,UCD_GNODEPL,UCD_GNODEPL,UCD_GNODEPL,RTPD,MGHG,LMP_GHG_PRC,UCD_GNODEPL,ALL,1,0,3,5
2022-09-01T18:30:00-00:00,2022-09-01T18:45:00-00:00,2022-09-01,12,UCD_GNODEPL,UCD_GNODEPL,UCD_GNODEPL,RTPD,MGHG,LMP_GHG_PRC,UCD_GNODEPL,ALL,1,0,3,5
2022-09-01T19:30:00-00:00,2022-09-01T19:45:00-00:00,2022-09-01,13,UCD_GNODEPL,UCD_GNODEPL,UCD_GNODEPL,RTPD,MGHG,LMP_GHG_PRC,UCD_GNODEPL,ALL,1,0,3,5
2022-09-01T20:30:00-00:00,2022-09-01T20:45:00-00:00,2022-09-01,14,UCD_GNODEPL,UCD_GNODEPL,UCD_GNODEPL,RTPD,MGHG,LMP_GHG_PRC,UCD_GNODEPL,ALL,1,0,3,5
2022-09-01T21:30:00-00:00,2022-09-01T21:45:00-00:00,2022-09-01,15,UCD_GNODEPL,UCD_GNODEPL,UCD_GNODEPL,RTPD,MGHG,LMP_GHG_PRC,UCD_GNODEPL,ALL,1,0,3,5
2022-09-01T22:30:00-00:00,2022-09-01T22:45:00-00:00,2022-09-01,16,UCD_GNODEPL,UCD_GNODEPL,UCD_GNODEPL,RTPD,MGHG,LMP_GHG_PRC,UCD_GNODEPL,ALL,1,0,3,5
2022-09-01T23:30:00-00:00,2022-09-01T23:45:00-00:00,2022-09-01,17,UCD_GNODEPL,UCD_GNODEPL,UCD_GNODEPL,RTPD,MGHG,LMP_GHG_PRC,UCD_GNODEPL,ALL,1,0,3,5
2022-09-02T00:30:00-00:00,2022-09-02T00:45:00-00:00,2022-09-01,18,UCD_GNODEPL,UCD_GNODEPL,UCD_GNODEPL,RTPD,MGHG,LMP_GHG_PRC,UCD_GNODEPL,ALL,1,0,3,5
2022-09-02T01:30:00-00:00,2022-09-02T01:45:00-00:00,2022-09-01,19,UCD_GNODEPL,UCD_GNODEPL,UCD_GNODEPL,RTPD,MGHG,LMP_GHG_PRC,UCD_GNODEPL,ALL,1,0,3,5
2022-09-02T02:30:00-00:00,2022-09-02T02:45:00-00:00,2022-09-01,20,UCD_GNODEPL,UCD_GNODEPL,UCD_GNODEPL,RTPD,MGHG,LMP_GHG_PRC,UCD_GNODEPL,ALL,1,0,3,5
2022-09-02T03:30:00-00:00,2022-09-02T03:45:00-00:00,2022-09-01,21,UCD_GNODEPL,UCD_GNODEPL,UCD_GNODEPL,RTPD,MGHG,LMP_GHG_PRC,UCD_GNODEPL,ALL,1,0,3,5
2022-09-02T04:30:00-00:00,2022-09-02T04:45:00-00:00,2022-09-01,22,UCD_GNODEPL,UCD_GNODEPL,UCD_GNODEPL,RTPD,MGHG,LMP_GHG_PRC,UCD_GNODEPL,ALL,1,0,3,5
2022-09-02T05:30:00-00:00,2022-09-02T05:45:00-00:00,2022-09-01,23,UCD_GNODEPL,UCD_GNODEPL,UCD_GNODEPL,RTPD,MGHG,LMP_GHG_PRC,UCD_GNODEPL,ALL,1,0,3,5
2022-09-02T06:30:00-00:00,2022-09-02T06:45:00-00:00,2022-09-01,24,UCD_GNODEPL,UCD_GNODEPL,UCD_GNODEPL,RTPD,MGHG,LMP_GHG_PRC,UCD_GNODEPL,ALL,1,0,3,5
2022-09-01T07:45:00-00:00,2022-09-01T08:00:00-00:00,2022-09-01,01,UCD_GNODEPL,UCD_GNODEPL,UCD_GNODEPL,RTPD,MGHG,LMP_GHG_PRC,UCD_GNODEPL,ALL,1,0,4,5
2022-09-01T08:45:00-00:00,2022-09-01T09:00:00-00:00,2022-09-01,02,UCD_GNODEPL,UCD_GNODEPL,UCD_GNODEPL,RTPD,MGHG,LMP_GHG_PRC,UCD_GNODEPL,ALL,1,0,4,5
2022-09-01T09:45:00-00:00,2022-09-01T10:00:00-00:00,2022-09-01,03,UCD_GNODEPL,UCD_GNODEPL,UCD_GNODEPL,RTPD,MGHG,LMP_GHG_PRC,UCD_GNODEPL,ALL,1,0,4,5
2022-09-01T10:45:00-00:00,2022-09-01T11:00:00-00:00,2022-09-01,04,UCD_GNODEPL,UCD_GNODEPL,UCD_GNODEPL,RTPD,MGHG,LMP_GHG_PRC,UCD_GNODEPL,ALL,1,0,4,5
2022-09-01T11:45:00-00:00,2022-09-01T12:00:00-00:00,2022-09-01,05,UCD_GNODEPL,UCD_GNODEPL,UCD_GNODEPL,RTPD,MGHG,LMP_GHG_PRC,UCD_GNODEPL,ALL,1,0,4,5
2022-09-01T12:45:00-00:00,2022-09-01T13:00:00-00:00,2022-09-01,06,UCD_GNODEPL,UCD_GNODEPL,UCD_GNODEPL,RTPD,MGHG,LMP_GHG_PRC,UCD_GNODEPL,ALL,1,0,4,5
2022-09-01T13:45:00-00:00,2022-09-01T14:00:00-00:00,2022-09-01,07,UCD_GNODEPL,UCD_GNODEPL,UCD_GNODEPL,RTPD,MGHG,LMP_GHG_PRC,UCD_GNODEPL,ALL,1,0,4,5
2022-09-01T14:45:00-00:00,2022-09-01T15:00:00-00:00,2022-09-01,08,UCD_GNODEPL,UCD_GNODEPL,UCD_GNODEPL,RTPD,MGHG,LMP_GHG_PRC,UCD_GNODEPL,ALL,1,0,4,5
2022-09-01T15:45:00-00:00,2022-09-01T16:00:00-00:00,2022-09-01,09,UCD_GNODEPL,UCD_GNODEPL,UCD_GNODEPL,RTPD,MGHG,LMP_GHG_PRC,UCD_GNODEPL,ALL,1,0,4,5
2022-09-01T16:45:00-00:00,2022-09-01T17:00:00-00:00,2022-09-01,10,UCD_GNODEPL,UCD_GNODEPL,UCD_GNODEPL,RTPD,MGHG,LMP_GHG_PRC,UCD_GNODEPL,ALL,1,0,4,5
2022-09-01T17:45:00-00:00,2022-09-01T18:00:00-00:00,2022-09-01,11,UCD_GNODEPL,UCD_GNODEPL,UCD_GNODEPL,RTPD,MGHG,LMP_GHG_PRC,UCD_GNODEPL,ALL,1,0,4,5
2022-09-01T18:45:00-00:00,2022-09-01T19:00:00-00:00,2022-09-01,12,UCD_GNODEPL,UCD_GNODEPL,UCD_GNODEPL,RTPD,MGHG,LMP_GHG_PRC,UCD_GNODEPL,ALL,1,0,4,5
2022-09-01T19:45:00-00:00,2022-09-01T20:00:00-00:00,2022-09-01,13,UCD_GNODEPL,UCD_GNODEPL,UCD_GNODEPL,RTPD,MGHG,LMP_GHG_PRC,UCD_GNODEPL,ALL,1,0,4,5
2022-09-01T20:45:00-00:00,2022-09-01T21:00:00-00:00,2022-09-01,14,UCD_GNODEPL,UCD_GNODEPL,UCD_GNODEPL,RTPD,MGHG,LMP_GHG_PRC,UCD_GNODEPL,ALL,1,0,4,5
2022-09-01T21:45:00-00:00,2022-09-01T22:00:00-00:00,2022-09-01,15,UCD_GNODEPL,UCD_GNODEPL,UCD_GNODEPL,RTPD,MGHG,LMP_GHG_PRC,UCD_GNODEPL,ALL,1,0,4,5
2022-09-01T22:45:00-00:00,2022-09-01T23:00:00-00:00,2022-09-01,16,UCD_GNODEPL,UCD_GNODEPL,UCD_GNODEPL,RTPD,MGHG,LMP_GHG_PRC,UCD_GNODEPL,ALL,1,0,4,5
2022-09-01T23:45:00-00:00,2022-09-02T00:00:00-00:00,2022-09-01,17,UCD_GNODEPL,UCD_GNODEPL,UCD_GNODEPL,RTPD,MGHG,LMP_GHG_PRC,UCD_GNODEPL,ALL,1,0,4,5
2022-09-02T00:45:00-00:00,2022-09-02T01:00:00-00:00,2022-09-01,18,UCD_GNODEPL,UCD_GNODEPL,UCD_GNODEPL,RTPD,MGHG,LMP_GHG_PRC,UCD_GNODEPL,ALL,1,0,4,5
2022-09-02T01:45:00-00:00,2022-09-02T02:00:00-00:00,2022-09-01,19,UCD_GNODEPL,UCD_GNODEPL,UCD_GNODEPL,RTPD,MGHG,LMP_GHG_PRC,UCD_GNODEPL,ALL,1,0,4,5
2022-09-02T02:45:00-00:00,2022-09-02T03:00:00-00:00,2022-09-01,20,UCD_GNODEPL,UCD_GNODEPL,UCD_GNODEPL,RTPD,MGHG,LMP_GHG_PRC,UCD_GNODEPL,ALL,1,0,4,5
2022-09-02T03:45:00-00:00,2022-09-02T04:00:00-00:00,2022-09-01,21,UCD_GNODEPL,UCD_GNODEPL,UCD_GNODEPL,RTPD,MGHG,LMP_GHG_PRC,UCD_GNODEPL,ALL,1,0,4,5
2022-09-02T04:45:00-00:00,2022-09-02T05:00:00-00:00,2022-09-01,22,UCD_GNODEPL,UCD_GNODEPL,UCD_GNODEPL,RTPD,MGHG,LMP_GHG_PRC,UCD_GNODEPL,ALL,1,0,4,5
2022-09-02T05:45:00-00:00,2022-09-02T06:00:00-00:00,2022-09-01,23,UCD_GNODEPL,UCD_GNODEPL,UCD_GNODEPL,RTPD,MGHG,LMP_GHG_PRC,UCD_GNODEPL,ALL,1,0,4,5
2022-09-02T06:45:00-00:00,2022-09-02T07:00:00-00:00,2022-09-01,24,UCD_GNODEPL,UCD_GNODEPL,UCD_GNODEPL,RTPD,MGHG,LMP_GHG_PRC,UCD_GNODEPL,ALL,1,0,4,5
