INTERVALSTARTTIME_GMT,INTERVALENDTIME_GMT,OPR_DT,OPR_HR,NODE_ID_XML,NODE_ID,NODE,MARKET_RUN_ID,LMP_TYPE,XML_DATA_ITEM,PNODE_RESMRID,GRP_TYPE,POS,PRC,OPR_INTERVAL,GROUP
2022-09-01T07:00:00-00:00,2022-09-01T07:15:00-00:00,2022-09-01,01,BLYTHESC_1_N005,BLYTHESC_1_N005,BLYTHESC_1_N005,RTPD,LMP,LMP_PRC,BLYTHESC_1_N005,ALL,1,122.62432,1,1
2022-09-01T08:00:00-00:00,2022-09-01T08:15:00-00:00,2022-09-01,02,BLYTHESC_1_N005,BLYTHESC_1_N005,BLYTHESC_1_N005,RTPD,LMP,LMP_PRC,BLYTHESC_1_N005,ALL,1,118.35705,1,1
2022-09-01T09:00:00-00:00,2022-09-01T09:15:00-00:00,2022-09-01,03,BLYTHESC_1_N005,BLYTHESC_1_N005,BLYTHESC_1_N005,RTPD,LMP,LMP_PRC,BLYTHESC_1_N005,ALL,1,108.89892,1,1
2022-09-01T10:00:00-00:00,2022-09-01T10:15:00-00:00,2022-09-01,04,BLYTHESC_1_N005,BLYTHESC_1_N005,BLYTHESC_1_N005,RTPD,LMP,LMP_PRC,BLYTHESC_1_N005,ALL,1,107.95024,1,1
2022-09-01T11:00:00-00:00,2022-09-01T11:15:00-00:00,2022-09-01,05,BLYTHESC_1_N005,BLYTHESC_1_N005,BLYTHESC_1_N005,RTPD,LMP,LMP_PRC,BLYTHESC_1_N005,ALL,1,108.31243,1,1
2022-09-01T12:00:00-00:00,2022-09-01T12:15:00-00:00,2022-09-01,06,BLYTHESC_1_N005,BLYTHESC_1_N005,BLYTHESC_1_N005,RTPD,LMP,LMP_PRC,BLYTHESC_1_N005,ALL,1,110.74846,1,1
2022-09-01T13:00:00-00:00,2022-09-01T13:15:00-00:00,2022-09-01,07,BLYTHESC_1_N005,BLYTHESC_1_N005,BLYTHESC_1_N005,RTPD,LMP,LMP_PRC,BLYTHESC_1_N005,ALL,1,113.7337,1,1
2022-09-01T14:00:00-00:00,2022-09-01T14:15:00-00:00,2022-09-01,08,BLYTHESC_1_N005,BLYTHESC_1_N005,BLYTHESC_1_N005,RTPD,LMP,LMP_PRC,BLYTHESC_1_N005,ALL,1,89.30642,1,1
2022-09-01T15:00:00-00:00,2022-09-01T15:15:00-00:00,2022-09-01,09,BLYTHESC_1_N005,BLYTHESC_1_N005,BLYTHESC_1_N005,RTPD,LMP,LMP_PRC,BLYTHESC_1_N005,ALL,1,4.5622,1,1
2022-09-01T16:00:00-00:00,2022-09-01T16:15:00-00:00,2022-09-01,10,BLYTHESC_1_N005,BLYTHESC_1_N005,BLYTHESC_1_N005,RTPD,LMP,LMP_PRC,BLYTHESC_1_N005,ALL,1,19.19487,1,1
2022-09-01T17:00:00-00:00,2022-09-01T17:15:00-00:00,2022-09-01,11,BLYTHESC_1_N005,BLYTHESC_1_N005,BLYTHESC_1_N005,RTPD,LMP,LMP_PRC,BLYTHESC_1_N005,ALL,1,68.29753,1,1
2022-09-01T18:00:00-00:00,2022-09-01T18:15:00-00:00,2022-09-01,12,BLYTHESC_1_N005,BLYTHESC_1_N005,BLYTHESC_1_N005,RTPD,LMP,LMP_PRC,BLYTHESC_1_N005,ALL,1,71.63189,1,1
2022-09-01T19:00:00-00:00,2022-09-01T19:15:00-00:00,2022-09-01,13,BLYTHESC_1_N005,BLYTHESC_1_N005,BLYTHESC_1_N005,RTPD,LMP,LMP_PRC,BLYTHESC_1_N005,ALL,1,59.64942,1,1
2022-09-01T20:00:00-00:00,2022-09-01T20:15:00-00:00,2022-09-01,14,BLYTHESC_1_N005,BLYTHESC_1_N005,BLYTHESC_1_N005,RTPD,LMP,LMP_PRC,BLYTHESC_1_N005,ALL,1,103.63038,1,1
2022-09-01T21:00:00-00:00,2022-09-01T21:15:00-00:00,2022-09-01,15,BLYTHESC_1_N005,BLYTHESC_1_N005,BLYTHESC_1_N005,RTPD,LMP,LMP_PRC,BLYTHESC_1_N005,ALL,1,-73.6281,1,1
2022-09-01T22:00:00-00:00,2022-09-01T22:15:00-00:00,2022-09-01,16,BLYTHESC_1_N005,BLYTHESC_1_N005,BLYTHESC_1_N005,RTPD,LMP,LMP_PRC,BLYTHESC_1_N005,ALL,1,42.5922,1,1
2022-09-01T23:00:00-00:00,2022-09-01T23:15:00-00:00,2022-09-01,17,BLYTHESC_1_N005,BLYTHESC_1_N005,BLYTHESC_1_N005,RTPD,LMP,LMP_PRC,BLYTHESC_1_N005,ALL,1,-126.74781,1,1
2022-09-02T00:00:00-00:00,2022-09-02T00:15:00-00:00,2022-09-01,18,BLYTHESC_1_N005,BLYTHESC_1_N005,BLYTHESC_1_N005,RTPD,LMP,LMP_PRC,BLYTHESC_1_N005,ALL,1,617.88654,1,1
2022-09-02T01:00:00-00:00,2022-09-02T01:15:00-00:00,2022-09-01,19,BLYTHESC_1_N005,BLYTHESC_1_N005,BLYTHESC_1_N005,RTPD,LMP,LMP_PRC,BLYTHESC_1_N005,ALL,1,1042.3804,1,1
2022-09-02T02:00:00-00:00,2022-09-02T02:15:00-00:00,2022-09-01,20,BLYTHESC_1_N005,BLYTHESC_1_N005,BLYTHESC_1_N005,RTPD,LMP,LMP_PRC,BLYTHESC_1_N005,ALL,1,1875.4067,1,1
2022-09-02T03:00:00-00:00,2022-09-02T03:15:00-00:00,2022-09-01,21,BLYTHESC_1_N005,BLYTHESC_1_N005,BLYTHESC_1_N005,RTPD,LMP,LMP_PRC,BLYTHESC_1_N005,ALL,1,1188.6149,1,1
2022-09-02T04:00:00-00:00,2022-09-02T04:15:00-00:00,2022-09-01,22,BLYTHESC_1_N005,BLYTHESC_1_N005,BLYTHESC_1_N005,RTPD,LMP,LMP_PRC,BLYTHESC_1_N005,ALL,1,129.35583,1,1
2022-09-02T05:00:00-00:00,2022-09-02T05:15:00-00:00,2022-09-01,23,BLYTHESC_1_N005,BLYTHESC_1_N005,BLYTHESC_1_N005,RTPD,LMP,LMP_PRC,BLYTHESC_1_N005,ALL,1,205.01938,1,1
2022-09-02T06:00:00-00:00,2022-09-02T06:15:00-00:00,2022-09-01,24,BLYTHESC_1_N005,BLYTHESC_1_N005,BLYTHESC_1_N005,RTPD,LMP,LMP_PRC,BLYTHESC_1_N005,ALL,1,162.00208,1,1
2022-09-01T07:15:00-00:00,2022-09-01T07:30:00-00:00,2022-09-01,01,BLYTHESC_1_N005,BLYTHESC_1_N005,BLYTHESC_1_N005,RTPD,LMP,LMP_PRC,BLYTHESC_1_N005,ALL,1,133.8437,2,1
2022-09-01T08:15:00-00:00,2022-09-01T08:30:00-00:00,2022-09-01,02,BLYTHESC_1_N005,BLYTHESC_1_N005,BLYTHESC_1_N005,RTPD,LMP,LMP_PRC,BLYTHESC_1_N005,ALL,1,116.29818,2,1
2022-09-01T09:15:00-00:00,2022-09-01T09:30:00-00:00,2022-09-01,03,BLYTHESC_1_N005,BLYTHESC_1_N005,BLYTHESC_1_N005,RTPD,LMP,LMP_PRC,BLYTHESC_1_N005,ALL,1,108.64379,2,1
2022-09-01T10:15:00-00:00,2022-09-01T10:30:00-00:00,2022-09-01,04,BLYTHESC_1_N005,BLYTHESC_1_N005,BLYTHESC_1_N005,RTPD,LMP,LMP_PRC,BLYTHESC_1_N005,ALL,1,107.69054,2,1
2022-09-01T11:15:00-00:00,2022-09-01T11:30:00-00:00,2022-09-01,05,BLYTHESC_1_N005,BLYTHESC_1_N005,BLYTHESC_1_N005,RTPD,LMP,LMP_PRC,BLYTHESC_1_N005,ALL,1,109.05953,2,1
2022-09-01T12:15:00-00:00,2022-09-01T12:30:00-00:00,2022-09-01,06,BLYTHESC_1_N005,BLYTHESC_1_N005,BLYTHESC_1_N005,RTPD,LMP,LMP_PRC,BLYTHESC_1_N005,ALL,1,120.041,2,1
2022-09-01T13:15:00-00:00,2022-09-01T13:30:00-00:00,2022-09-01,07,BLYTHESC_1_N005,BLYTHESC_1_N005,BLYTHESC_1_N005,RTPD,LMP,LMP_PRC,BLYTHESC_1_N005,ALL,1,116.21901,2,1
2022-09-01T14:15:00-00:00,2022-09-01T14:30:00-00:00,2022-09-01,08,BLYTHESC_1_N005,BLYTHESC_1_N005,BLYTHESC_1_N005,RTPD,LMP,LMP_PRC,BLYTHESC_1_N005,ALL,1,75.8922,2,1
2022-09-01T15:15:00-00:00,2022-09-01T15:30:00-00:00,2022-09-01,09,BLYTHESC_1_N005,BLYTHESC_1_N005,BLYTHESC_1_N005,RTPD,LMP,LMP_PRC,BLYTHESC_1_N005,ALL,1,-16.06074,2,1
2022-09-01T16:15:00-00:00,2022-09-01T16:30:00-00:00,2022-09-01,10,BLYTHESC_1_N005,BLYTHESC_1_N005,BLYTHESC_1_N005,RTPD,LMP,LMP_PRC,BLYTHESC_1_N005,ALL,1,33.94654,2,1
2022-09-01T17:15:00-00:00,2022-09-01T17:30:00-00:00,2022-09-01,11,BLYTHESC_1_N005,BLYTHESC_1_N005,BLYTHESC_1_N005,RTPD,LMP,LMP_PRC,BLYTHESC_1_N005,ALL,1,67.10791,2,1
2022-09-01T18:15:00-00:00,2022-09-01T18:30:00-00:00,2022-09-01,12,BLYTHESC_1_N005,BLYTHESC_1_N005,BLYTHESC_1_N005,RTPD,LMP,LMP_PRC,BLYTHESC_1_N005,ALL,1,57.54753,2,1
2022-09-01T19:15:00-00:00,2022-09-01T19:30:00-00:00,2022-09-01,13,BLYTHESC_1_N005,BLYTHESC_1_N005,BLYTHESC_1_N005,RTPD,LMP,LMP_PRC,BLYTHESC_1_N005,ALL,1,84.06338,2,1
2022-09-01T20:15:00-00:00,2022-09-01T20:30:00-00:00,2022-09-01,14,BLYTHESC_1_N005,BLYTHESC_1_N005,BLYTHESC_1_N005,RTPD,LMP,LMP_PRC,BLYTHESC_1_N005,ALL,1,93.08226,2,1
2022-09-01T21:15:00-00:00,2022-09-01T21:30:00-00:00,2022-09-01,15,BLYTHESC_1_N005,BLYTHESC_1_N005,BLYTHESC_1_N005,RTPD,LMP,LMP_PRC,BLYTHESC_1_N005,ALL,1,107.22983,2,1
2022-09-01T22:15:00-00:00,2022-09-01T22:30:00-00:00,2022-09-01,16,BLYTHESC_1_N005,BLYTHESC_1_N005,BLYTHESC_1_N005,RTPD,LMP,LMP_PRC,BLYTHESC_1_N005,ALL,1,55.90399,2,1
2022-09-01T23:15:00-00:00,2022-09-01T23:30:00-00:00,2022-09-01,17,BLYTHESC_1_N005,BLYTHESC_1_N005,BLYTHESC_1_N005,RTPD,LMP,LMP_PRC,BLYTHESC_1_N005,ALL,1,-85.30235,2,1
2022-09-02T00:15:00-00:00,2022-09-02T00:30:00-00:00,2022-09-01,18,BLYTHESC_1_N005,BLYTHESC_1_N005,BLYTHESC_1_N005,RTPD,LMP,LMP_PRC,BLYTHESC_1_N005,ALL,1,564.602,2,1
2022-09-02T01:15:00-00:00,2022-09-02T01:30:00-00:00,2022-09-01,19,BLYTHESC_1_N005,BLYTHESC_1_N005,BLYTHESC_1_N005,RTPD,LMP,LMP_PRC,BLYTHESC_1_N005,ALL,1,1843.9933,2,1
2022-09-02T02:15:00-00:00,2022-09-02T02:30:00-00:00,2022-09-01,20,BLYTHESC_1_N005,BLYTHESC_1_N005,BLYTHESC_1_N005,RTPD,LMP,LMP_PRC,BLYTHESC_1_N005,ALL,1,1991.6721,2,1
2022-09-02T03:15:00-00:00,2022-09-02T03:30:00-00:00,2022-09-01,21,BLYTHESC_1_N005,BLYTHESC_1_N005,BLYTHESC_1_N005,RTPD,LMP,LMP_PRC,BLYTHESC_1_N005,ALL,1,497.08447,2,1
2022-09-02T04:15:00-00:00,2022-09-02T04:30:00-00:00,2022-09-01,22,BLYTHESC_1_N005,BLYTHESC_1_N005,BLYTHESC_1_N005,RTPD,LMP,LMP_PRC,BLYTHESC_1_N005,ALL,1,179.30882,2,1
2022-09-02T05:15:00-00:00,2022-09-02T05:30:00-00:00,2022-09-01,23,BLYTHESC_1_N005,BLYTHESC_1_N005,BLYTHESC_1_N005,RTPD,LMP,LMP_PRC,BLYTHESC_1_N005,ALL,1,178.93146,2,1
2022-09-02T06:15:00-00:00,2022-09-02T06:30:00-00:00,2022-09-01,24,BLYTHESC_1_N005,BLYTHESC_1_N005,BLYTHESC_1_N005,RTPD,LMP,LMP_PRC,BLYTHESC_1_N005,ALL,1,154.00797,2,1
2022-09-01T07:30:00-00:00,2022-09-01T07:45:00-00:00,2022-09-01,01,BLYTHESC_1_N005,BLYTHESC_1_N005,BLYTHESC_1_N005,RTPD,LMP,LMP_PRC,BLYTHESC_1_N005,ALL,1,132.64606,3,1
2022-09-01T08:30:00-00:00,2022-09-01T08:45:00-00:00,2022-09-01,02,BLYTHESC_1_N005,BLYTHESC_1_N005,BLYTHESC_1_N005,RTPD,LMP,LMP_PRC,BLYTHESC_1_N005,ALL,1,116.84654,3,1
2022-09-01T09:30:00-00:00,2022-09-01T09:45:00-00:00,2022-09-01,03,BLYTHESC_1_N005,BLYTHESC_1_N005,BLYTHESC_1_N005,RTPD,LMP,LMP_PRC,BLYTHESC_1_N005,ALL,1,108.64454,3,1
2022-09-01T10:30:00-00:00,2022-09-01T10:45:00-00:00,2022-09-01,04,BLYTHESC_1_N005,BLYTHESC_1_N005,BLYTHESC_1_N005,RTPD,LMP,LMP_PRC,BLYTHESC_1_N005,ALL,1,104.90658,3,1
2022-09-01T11:30:00-00:00,2022-09-01T11:45:00-00:00,2022-09-01,05,BLYTHESC_1_N005,BLYTHESC_1_N005,BLYTHESC_1_N005,RTPD,LMP,LMP_PRC,BLYTHESC_1_N005,ALL,1,108.76131,3,1
2022-09-01T12:30:00-00:00,2022-09-01T12:45:00-00:00,2022-09-01,06,BLYTHESC_1_N005,BLYTHESC_1_N005,BLYTHESC_1_N005,RTPD,LMP,LMP_PRC,BLYTHESC_1_N005,ALL,1,127.87847,3,1
2022-09-01T13:30:00-00:00,2022-09-01T13:45:00-00:00,2022-09-01,07,BLYTHESC_1_N005,BLYTHESC_1_N005,BLYTHESC_1_N005,RTPD,LMP,LMP_PRC,BLYTHESC_1_N005,ALL,1,113.79649,3,1
2022-09-01T14:30:00-00:00,2022-09-01T14:45:00-00:00,2022-09-01,08,BLYTHESC_1_N005,BLYTHESC_1_N005,BLYTHESC_1_N005,RTPD,LMP,LMP_PRC,BLYTHESC_1_N005,ALL,1,79.99225,3,1
2022-09-01T15:30:00-00:00,2022-09-01T15:45:00-00:00,2022-09-01,09,BLYTHESC_1_N005,BLYTHESC_1_N005,BLYTHESC_1_N005,RTPD,LMP,LMP_PRC,BLYTHESC_1_N005,ALL,1,-53.49648,3,1
2022-09-01T16:30:00-00:00,2022-09-01T16:45:00-00:00,2022-09-01,10,BLYTHESC_1_N005,BLYTHESC_1_N005,BLYTHESC_1_N005,RTPD,LMP,LMP_PRC,BLYTHESC_1_N005,ALL,1,62.66725,3,1
2022-09-01T17:30:00-00:00,2022-09-01T17:45:00-00:00,2022-09-01,11,BLYTHESC_1_N005,BLYTHESC_1_N005,BLYTHESC_1_N005,RTPD,LMP,LMP_PRC,BLYTHESC_1_N005,ALL,1,75.85289,3,1
2022-09-01T18:30:00-00:00,2022-09-01T18:45:00-00:00,2022-09-01,12,BLYTHESC_1_N005,BLYTHESC_1_N005,BLYTHESC_1_N005,RTPD,LMP,LMP_PRC,BLYTHESC_1_N005,ALL,1,68.09409,3,1
2022-09-01T19:30:00-00:00,2022-09-01T19:45:00-00:00,2022-09-01,13,BLYTHESC_1_N005,BLYTHESC_1_N005,BLYTHESC_1_N005,RTPD,LMP,LMP_PRC,BLYTHESC_1_N005,ALL,1,81.60446,3,1
2022-09-01T20:30:00-00:00,2022-09-01T20:45:00-00:00,2022-09-01,14,BLYTHESC_1_N005,BLYTHESC_1_N005,BLYTHESC_1_N005,RTPD,LMP,LMP_PRC,BLYTHESC_1_N005,ALL,1,96.02888,3,1
2022-09-01T21:30:00-00:00,2022-09-01T21:45:00-00:00,2022-09-01,15,BLYTHESC_1_N005,BLYTHESC_1_N005,BLYTHESC_1_N005,RTPD,LMP,LMP_PRC,BLYTHESC_1_N005,ALL,1,96.7706,3,1
2022-09-01T22:30:00-00:00,2022-09-01T22:45:00-00:00,2022-09-01,16,BLYTHESC_1_N005,BLYTHESC_1_N005,BLYTHESC_1_N005,RTPD,LMP,LMP_PRC,BLYTHESC_1_N005,ALL,1,21.719,3,1
2022-09-01T23:30:00-00:00,2022-09-01T23:45:00-00:00,2022-09-01,17,BLYTHESC_1_N005,BLYTHESC_1_N005,BLYTHESC_1_N005,RTPD,LMP,LMP_PRC,BLYTHESC_1_N005,ALL,1,0,3,1
2022-09-02T00:30:00-00:00,2022-09-02T00:45:00-00:00,2022-09-01,18,BLYTHESC_1_N005,BLYTHESC_1_N005,BLYTHESC_1_N005,RTPD,LMP,LMP_PRC,BLYTHESC_1_N005,ALL,1,1380.8402,3,1
2022-09-02T01:30:00-00:00,2022-09-02T01:45:00-00:00,2022-09-01,19,BLYTHESC_1_N005,BLYTHESC_1_N005,BLYTHESC_1_N005,RTPD,LMP,LMP_PRC,BLYTHESC_1_N005,ALL,1,1969.7,3,1
2022-09-02T02:30:00-00:00,2022-09-02T02:45:00-00:00,2022-09-01,20,BLYTHESC_1_N005,BLYTHESC_1_N005,BLYTHESC_1_N005,RTPD,LMP,LMP_PRC,BLYTHESC_1_N005,ALL,1,1991.671,3,1
2022-09-02T03:30:00-00:00,2022-09-02T03:45:00-00:00,2022-09-01,21,BLYTHESC_1_N005,BLYTHESC_1_N005,BLYTHESC_1_N005,RTPD,LMP,LMP_PRC,BLYTHESC_1_N005,ALL,1,211.00658,3,1
2022-09-02T04:30:00-00:00,2022-09-02T04:45:00-00:00,2022-09-01,22,BLYTHESC_1_N005,BLYTHESC_1_N005,BLYTHESC_1_N005,RTPD,LMP,LMP_PRC,BLYTHESC_1_N005,ALL,1,165.35762,3,1
2022-09-02T05:30:00-00:00,2022-09-02T05:45:00-00:00,2022-09-01,23,BLYTHESC_1_N005,BLYTHESC_1_N005,BLYTHESC_1_N005,RTPD,LMP,LMP_PRC,BLYTHESC_1_N005,ALL,1,143.50294,3,1
2022-09-02T06:30:00-00:00,2022-09-02T06:45:00-00:00,2022-09-01,24,BLYTHESC_1_N005,BLYTHESC_1_N005,BLYTHESC_1_N005,RTPD,LMP,LMP_PRC,BLYTHESC_1_N005,ALL,1,146.58768,3,1
2022-09-01T07:45:00-00:00,2022-09-01T08:00:00-00:00,2022-09-01,01,BLYTHESC_1_N005,BLYTHESC_1_N005,BLYTHESC_1_N005,RTPD,LMP,LMP_PRC,BLYTHESC_1_N005,ALL,1,124.5956,4,1
2022-09-01T08:45:00-00:00,2022-09-01T09:00:00-00:00,2022-09-01,02,BLYTHESC_1_N005,BLYTHESC_1_N005,BLYTHESC_1_N005,RTPD,LMP,LMP_PRC,BLYTHESC_1_N005,ALL,1,108.34853,4,1
2022-09-01T09:45:00-00:00,2022-09-01T10:00:00-00:00,2022-09-01,03,BLYTHESC_1_N005,BLYTHESC_1_N005,BLYTHESC_1_N005,RTPD,LMP,LMP_PRC,BLYTHESC_1_N005,ALL,1,107.83664,4,1
2022-09-01T10:45:00-00:00,2022-09-01T11:00:00-00:00,2022-09-01,04,BLYTHESC_1_N005,BLYTHESC_1_N005,BLYTHESC_1_N005,RTPD,LMP,LMP_PRC,BLYTHESC_1_N005,ALL,1,101.89423,4,1
2022-09-01T11:45:00-00:00,2022-09-01T12:00:00-00:00,2022-09-01,05,BLYTHESC_1_N005,BLYTHESC_1_N005,BLYTHESC_1_N005,RTPD,LMP,LMP_PRC,BLYTHESC_1_N005,ALL,1,107.01,4,1
2022-09-01T12:45:00-00:00,2022-09-01T13:00:00-00:00,2022-09-01,06,BLYTHESC_1_N005,BLYTHESC_1_N005,BLYTHESC_1_N005,RTPD,LMP,LMP_PRC,BLYTHESC_1_N005,ALL,1,118.56658,4,1
2022-09-01T13:45:00-00:00,2022-09-01T14:00:00-00:00,2022-09-01,07,BLYTHESC_1_N005,BLYTHESC_1_N005,BLYTHESC_1_N005,RTPD,LMP,LMP_PRC,BLYTHESC_1_N005,ALL,1,100.2725,4,1
2022-09-01T14:45:00-00:00,2022-09-01T15:00:00-00:00,2022-09-01,08,BLYTHESC_1_N005,BLYTHESC_1_N005,BLYTHESC_1_N005,RTPD,LMP,LMP_PRC,BLYTHESC_1_N005,ALL,1,57.80576,4,1
2022-09-01T15:45:00-00:00,2022-09-01T16:00:00-00:00,2022-09-01,09,BLYTHESC_1_N005,BLYTHESC_1_N005,BLYTHESC_1_N005,RTPD,LMP,LMP_PRC,BLYTHESC_1_N005,ALL,1,20.24058,4,1
2022-09-01T16:45:00-00:00,2022-09-01T17:00:00-00:00,2022-09-01,10,BLYTHESC_1_N005,BLYTHESC_1_N005,BLYTHESC_1_N005,RTPD,LMP,LMP_PRC,BLYTHESC_1_N005,ALL,1,64.73485,4,1
2022-09-01T17:45:00-00:00,2022-09-01T18:00:00-00:00,2022-09-01,11,BLYTHESC_1_N005,BLYTHESC_1_N005,BLYTHESC_1_N005,RTPD,LMP,LMP_PRC,BLYTHESC_1_N005,ALL,1,72.0703,4,1
2022-09-01T18:45:00-00:00,2022-09-01T19:00:00-00:00,2022-09-01,12,BLYTHESC_1_N005,BLYTHESC_1_N005,BLYTHESC_1_N005,RTPD,LMP,LMP_PRC,BLYTHESC_1_N005,ALL,1,62.80031,4,1
2022-09-01T19:45:00-00:00,2022-09-01T20:00:00-00:00,2022-09-01,13,BLYTHESC_1_N005,BLYTHESC_1_N005,BLYTHESC_1_N005,RTPD,LMP,LMP_PRC,BLYTHESC_1_N005,ALL,1,85.90632,4,1
2022-09-01T20:45:00-00:00,2022-09-01T21:00:00-00:00,2022-09-01,14,BLYTHESC_1_N005,BLYTHESC_1_N005,BLYTHESC_1_N005,RTPD,LMP,LMP_PRC,BLYTHESC_1_N005,ALL,1,120.55837,4,1
2022-09-01T21:45:00-00:00,2022-09-01T22:00:00-00:00,2022-09-01,15,BLYTHESC_1_N005,BLYTHESC_1_N005,BLYTHESC_1_N005,RTPD,LMP,LMP_PRC,BLYTHESC_1_N005,ALL,1,29.65624,4,1
2022-09-01T22:45:00-00:00,2022-09-01T23:00:00-00:00,2022-09-01,16,BLYTHESC_1_N005,BLYTHESC_1_N005,BLYTHESC_1_N005,RTPD,LMP,LMP_PRC,BLYTHESC_1_N005,ALL,1,-45.53293,4,1
2022-09-01T23:45:00-00:00,2022-09-02T00:00:00-00:00,2022-09-01,17,BLYTHESC_1_N005,BLYTHESC_1_N005,BLYTHESC_1_N005,RTPD,LMP,LMP_PRC,BLYTHESC_1_N005,ALL,1,644.217,4,1
2022-09-02T00:45:00-00:00,2022-09-02T01:00:00-00:00,2022-09-01,18,BLYTHESC_1_N005,BLYTHESC_1_N005,BLYTHESC_1_N005,RTPD,LMP,LMP_PRC,BLYTHESC_1_N005,ALL,1,1331.7395,4,1
2022-09-02T01:45:00-00:00,2022-09-02T02:00:00-00:00,2022-09-01,19,BLYTHESC_1_N005,BLYTHESC_1_N005,BLYTHESC_1_N005,RTPD,LMP,LMP_PRC,BLYTHESC_1_N005,ALL,1,1991.9337,4,1
2022-09-02T02:45:00-00:00,2022-09-02T03:00:00-00:00,2022-09-01,20,BLYTHESC_1_N005,BLYTHESC_1_N005,BLYTHESC_1_N005,RTPD,LMP,LMP_PRC,BLYTHESC_1_N005,ALL,1,1466.5886,4,1
2022-09-02T03:45:00-00:00,2022-09-02T04:00:00-00:00,2022-09-01,21,BLYTHESC_1_N005,BLYTHESC_1_N005,BLYTHESC_1_N005,RTPD,LMP,LMP_PRC,BLYTHESC_1_N005,ALL,1,159.63017,4,1
2022-09-02T04:45:00-00:00,2022-09-02T05:00:00-00:00,2022-09-01,22,BLYTHESC_1_N005,BLYTHESC_1_N005,BLYTHESC_1_N005,RTPD,LMP,LMP_PRC,BLYTHESC_1_N005,ALL,1,144.38652,4,1
2022-09-02T05:45:00-00:00,2022-09-02T06:00:00-00:00,2022-09-01,23,BLYTHESC_1_N005,BLYTHESC_1_N005,BLYTHESC_1_N005,RTPD,LMP,LMP_PRC,BLYTHESC_1_N005,ALL,1,108.60066,4,1
2022-09-02T06:45:00-00:00,2022-09-02T07:00:00-00:00,2022-09-01,24,BLYTHESC_1_N005,BLYTHESC_1_N005,BLYTHESC_1_N005,RTPD,LMP,LMP_PRC,BLYTHESC_1_N005,ALL,1,121.05246,4,1
2022-09-01T07:00:00-00:00,2022-09-01T07:15:00-00:00,2022-09-01,01,BLYTHESC_1_N005,BLYTHESC_1_N005,BLYTHESC_1_N005,RTPD,MCC,LMP_CONG_PRC,BLYTHESC_1_N005,ALL,1,20.66193,1,2
2022-09-01T08:00:00-00:00,2022-09-01T08:15:00-00:00,2022-09-01,02,BLYTHESC_1_N005,BLYTHESC_1_N005,BLYTHESC_1_N005,RTPD,MCC,LMP_CONG_PRC,BLYTHESC_1_N005,ALL,1,2.80826,1,2
2022-09-01T09:00:00-00:00,2022-09-01T09:15:00-00:00,2022-09-01,03,BLYTHESC_1_N005,BLYTHESC_1_N005,BLYTHESC_1_N005,RTPD,MCC,LMP_CONG_PRC,BLYTHESC_1_N005,ALL,1,3.77288,1,2
2022-09-01T10:00:00-00:00,2022-09-01T10:15:00-00:00,2022-09-01,04,BLYTHESC_1_N005,BLYTHESC_1_N005,BLYTHESC_1_N005,RTPD,MCC,LMP_CONG_PRC,BLYTHESC_1_N005,ALL,1,3.32043,1,2
2022-09-01T11:00:00-00:00,2022-09-01T11:15:00-00:00,2022-09-01,05,BLYTHESC_1_N005,BLYTHESC_1_N005,BLYTHESC_1_N005,RTPD,MCC,LMP_CONG_PRC,BLYTHESC_1_N005,ALL,1,0,1,2
2022-09-01T12:00:00-00:00,2022-09-01T12:15:00-00:00,2022-09-01,06,BLYTHESC_1_N005,BLYTHESC_1_N005,BLYTHESC_1_N005,RTPD,MCC,LMP_CONG_PRC,BLYTHESC_1_N005,ALL,1,8.7717,1,2
2022-09-01T13:00:00-00:00,2022-09-01T13:15:00-00:00,2022-09-01,07,BLYTHESC_1_N005,BLYTHESC_1_N005,BLYTHESC_1_N005,RTPD,MCC,LMP_CONG_PRC,BLYTHESC_1_N005,ALL,1,11.92492,1,2
2022-09-01T14:00:00-00:00,2022-09-01T14:15:00-00:00,2022-09-01,08,BLYTHESC_1_N005,BLYTHESC_1_N005,BLYTHESC_1_N005,RTPD,MCC,LMP_CONG_PRC,BLYTHESC_1_N005,ALL,1,-23.98357,1,2
2022-09-01T15:00:00-00:00,2022-09-01T15:15:00-00:00,2022-09-01,09,BLYTHESC_1_N005,BLYTHESC_1_N005,BLYTHESC_1_N005,RTPD,MCC,LMP_CONG_PRC,BLYTHESC_1_N005,ALL,1,-92.849,1,2
2022-09-01T16:00:00-00:00,2022-09-01T16:15:00-00:00,2022-09-01,10,BLYTHESC_1_N005,BLYTHESC_1_N005,BLYTHESC_1_N005,RTPD,MCC,LMP_CONG_PRC,BLYTHESC_1_N005,ALL,1,-64.24037,1,2
2022-09-01T17:00:00-00:00,2022-09-01T17:15:00-00:00,2022-09-01,11,BLYTHESC_1_N005,BLYTHESC_1_N005,BLYTHESC_1_N005,RTPD,MCC,LMP_CONG_PRC,BLYTHESC_1_N005,ALL,1,-28.65144,1,2
2022-09-01T18:00:00-00:00,2022-09-01T18:15:00-00:00,2022-09-01,12,BLYTHESC_1_N005,BLYTHESC_1_N005,BLYTHESC_1_N005,RTPD,MCC,LMP_CONG_PRC,BLYTHESC_1_N005,ALL,1,-19.96101,1,2
2022-09-01T19:00:00-00:00,2022-09-01T19:15:00-00:00,2022-09-01,13,BLYTHESC_1_N005,BLYTHESC_1_N005,BLYTHESC_1_N005,RTPD,MCC,LMP_CONG_PRC,BLYTHESC_1_N005,ALL,1,-49.54695,1,2
2022-09-01T20:00:00-00:00,2022-09-01T20:15:00-00:00,2022-09-01,14,BLYTHESC_1_N005,BLYTHESC_1_N005,BLYTHESC_1_N005,RTPD,MCC,LMP_CONG_PRC,BLYTHESC_1_N005,ALL,1,-14.31321,1,2
2022-09-01T21:00:00-00:00,2022-09-01T21:15:00-00:00,2022-09-01,15,BLYTHESC_1_N005,BLYTHESC_1_N005,BLYTHESC_1_N005,RTPD,MCC,LMP_CONG_PRC,BLYTHESC_1_N005,ALL,1,-300.2431,1,2
2022-09-01T22:00:00-00:00,2022-09-01T22:15:00-00:00,2022-09-01,16,BLYTHESC_1_N005,BLYTHESC_1_N005,BLYTHESC_1_N005,RTPD,MCC,LMP_CONG_PRC,BLYTHESC_1_N005,ALL,1,-186.5933,1,2
2022-09-01T23:00:00-00:00,2022-09-01T23:15:00-00:00,2022-09-01,17,BLYTHESC_1_N005,BLYTHESC_1_N005,BLYTHESC_1_N005,RTPD,MCC,LMP_CONG_PRC,BLYTHESC_1_N005,ALL,1,-513.5015,1,2
2022-09-02T00:00:00-00:00,2022-09-02T00:15:00-00:00,2022-09-01,18,BLYTHESC_1_N005,BLYTHESC_1_N005,BLYTHESC_1_N005,RTPD,MCC,LMP_CONG_PRC,BLYTHESC_1_N005,ALL,1,-131.2727,1,2
2022-09-02T01:00:00-00:00,2022-09-02T01:15:00-00:00,2022-09-01,19,BLYTHESC_1_N005,BLYTHESC_1_N005,BLYTHESC_1_N005,RTPD,MCC,LMP_CONG_PRC,BLYTHESC_1_N005,ALL,1,126.1091,1,2
2022-09-02T02:00:00-00:00,2022-09-02T02:15:00-00:00,2022-09-01,20,BLYTHESC_1_N005,BLYTHESC_1_N005,BLYTHESC_1_N005,RTPD,MCC,LMP_CONG_PRC,BLYTHESC_1_N005,ALL,1,-116.26544,1,2
2022-09-02T03:00:00-00:00,2022-09-02T03:15:00-00:00,2022-09-01,21,BLYTHESC_1_N005,BLYTHESC_1_N005,BLYTHESC_1_N005,RTPD,MCC,LMP_CONG_PRC,BLYTHESC_1_N005,ALL,1,267.02682,1,2
2022-09-02T04:00:00-00:00,2022-09-02T04:15:00-00:00,2022-09-01,22,BLYTHESC_1_N005,BLYTHESC_1_N005,BLYTHESC_1_N005,RTPD,MCC,LMP_CONG_PRC,BLYTHESC_1_N005,ALL,1,-134.94572,1,2
2022-09-02T05:00:00-00:00,2022-09-02T05:15:00-00:00,2022-09-01,23,BLYTHESC_1_N005,BLYTHESC_1_N005,BLYTHESC_1_N005,RTPD,MCC,LMP_CONG_PRC,BLYTHESC_1_N005,ALL,1,18.69426,1,2
2022-09-02T06:00:00-00:00,2022-09-02T06:15:00-00:00,2022-09-01,24,BLYTHESC_1_N005,BLYTHESC_1_N005,BLYTHESC_1_N005,RTPD,MCC,LMP_CONG_PRC,BLYTHESC_1_N005,ALL,1,0.16427,1,2
2022-09-01T07:15:00-00:00,2022-09-01T07:30:00-00:00,2022-09-01,01,BLYTHESC_1_N005,BLYTHESC_1_N005,BLYTHESC_1_N005,RTPD,MCC,LMP_CONG_PRC,BLYTHESC_1_N005,ALL,1,8.29227,2,2
2022-09-01T08:15:00-00:00,2022-09-01T08:30:00-00:00,2022-09-01,02,BLYTHESC_1_N005,BLYTHESC_1_N005,BLYTHESC_1_N005,RTPD,MCC,LMP_CONG_PRC,BLYTHESC_1_N005,ALL,1,0.76653,2,2
2022-09-01T09:15:00-00:00,2022-09-01T09:30:00-00:00,2022-09-01,03,BLYTHESC_1_N005,BLYTHESC_1_N005,BLYTHESC_1_N005,RTPD,MCC,LMP_CONG_PRC,BLYTHESC_1_N005,ALL,1,4.97089,2,2
2022-09-01T10:15:00-00:00,2022-09-01T10:30:00-00:00,2022-09-01,04,BLYTHESC_1_N005,BLYTHESC_1_N005,BLYTHESC_1_N005,RTPD,MCC,LMP_CONG_PRC,BLYTHESC_1_N005,ALL,1,4.69838,2,2
2022-09-01T11:15:00-00:00,2022-09-01T11:30:00-00:00,2022-09-01,05,BLYTHESC_1_N005,BLYTHESC_1_N005,BLYTHESC_1_N005,RTPD,MCC,LMP_CONG_PRC,BLYTHESC_1_N005,ALL,1,0,2,2
2022-09-01T12:15:00-00:00,2022-09-01T12:30:00-00:00,2022-09-01,06,BLYTHESC_1_N005,BLYTHESC_1_N005,BLYTHESC_1_N005,RTPD,MCC,LMP_CONG_PRC,BLYTHESC_1_N005,ALL,1,5.36219,2,2
2022-09-01T13:15:00-00:00,2022-09-01T13:30:00-00:00,2022-09-01,07,BLYTHESC_1_N005,BLYTHESC_1_N005,BLYTHESC_1_N005,RTPD,MCC,LMP_CONG_PRC,BLYTHESC_1_N005,ALL,1,0.51307,2,2
2022-09-01T14:15:00-00:00,2022-09-01T14:30:00-00:00,2022-09-01,08,BLYTHESC_1_N005,BLYTHESC_1_N005,BLYTHESC_1_N005,RTPD,MCC,LMP_CONG_PRC,BLYTHESC_1_N005,ALL,1,-30.57183,2,2
2022-09-01T15:15:00-00:00,2022-09-01T15:30:00-00:00,2022-09-01,09,BLYTHESC_1_N005,BLYTHESC_1_N005,BLYTHESC_1_N005,RTPD,MCC,LMP_CONG_PRC,BLYTHESC_1_N005,ALL,1,-102.99954,2,2
2022-09-01T16:15:00-00:00,2022-09-01T16:30:00-00:00,2022-09-01,10,BLYTHESC_1_N005,BLYTHESC_1_N005,BLYTHESC_1_N005,RTPD,MCC,LMP_CONG_PRC,BLYTHESC_1_N005,ALL,1,-55.50204,2,2
2022-09-01T17:15:00-00:00,2022-09-01T17:30:00-00:00,2022-09-01,11,BLYTHESC_1_N005,BLYTHESC_1_N005,BLYTHESC_1_N005,RTPD,MCC,LMP_CONG_PRC,BLYTHESC_1_N005,ALL,1,-32.23882,2,2
2022-09-01T18:15:00-00:00,2022-09-01T18:30:00-00:00,2022-09-01,12,BLYTHESC_1_N005,BLYTHESC_1_N005,BLYTHESC_1_N005,RTPD,MCC,LMP_CONG_PRC,BLYTHESC_1_N005,ALL,1,-43.61148,2,2
2022-09-01T19:15:00-00:00,2022-09-01T19:30:00-00:00,2022-09-01,13,BLYTHESC_1_N005,BLYTHESC_1_N005,BLYTHESC_1_N005,RTPD,MCC,LMP_CONG_PRC,BLYTHESC_1_N005,ALL,1,-21.2425,2,2
2022-09-01T20:15:00-00:00,2022-09-01T20:30:00-00:00,2022-09-01,14,BLYTHESC_1_N005,BLYTHESC_1_N005,BLYTHESC_1_N005,RTPD,MCC,LMP_CONG_PRC,BLYTHESC_1_N005,ALL,1,-24.41195,2,2
2022-09-01T21:15:00-00:00,2022-09-01T21:30:00-00:00,2022-09-01,15,BLYTHESC_1_N005,BLYTHESC_1_N005,BLYTHESC_1_N005,RTPD,MCC,LMP_CONG_PRC,BLYTHESC_1_N005,ALL,1,-39.98202,2,2
2022-09-01T22:15:00-00:00,2022-09-01T22:30:00-00:00,2022-09-01,16,BLYTHESC_1_N005,BLYTHESC_1_N005,BLYTHESC_1_N005,RTPD,MCC,LMP_CONG_PRC,BLYTHESC_1_N005,ALL,1,-200.68333,2,2
2022-09-01T23:15:00-00:00,2022-09-01T23:30:00-00:00,2022-09-01,17,BLYTHESC_1_N005,BLYTHESC_1_N005,BLYTHESC_1_N005,RTPD,MCC,LMP_CONG_PRC,BLYTHESC_1_N005,ALL,1,-447.42645,2,2
2022-09-02T00:15:00-00:00,2022-09-02T00:30:00-00:00,2022-09-01,18,BLYTHESC_1_N005,BLYTHESC_1_N005,BLYTHESC_1_N005,RTPD,MCC,LMP_CONG_PRC,BLYTHESC_1_N005,ALL,1,-112.16979,2,2
2022-09-02T01:15:00-00:00,2022-09-02T01:30:00-00:00,2022-09-01,19,BLYTHESC_1_N005,BLYTHESC_1_N005,BLYTHESC_1_N005,RTPD,MCC,LMP_CONG_PRC,BLYTHESC_1_N005,ALL,1,-156,2,2
2022-09-02T02:15:00-00:00,2022-09-02T02:30:00-00:00,2022-09-01,20,BLYTHESC_1_N005,BLYTHESC_1_N005,BLYTHESC_1_N005,RTPD,MCC,LMP_CONG_PRC,BLYTHESC_1_N005,ALL,1,0,2,2
2022-09-02T03:15:00-00:00,2022-09-02T03:30:00-00:00,2022-09-01,21,BLYTHESC_1_N005,BLYTHESC_1_N005,BLYTHESC_1_N005,RTPD,MCC,LMP_CONG_PRC,BLYTHESC_1_N005,ALL,1,94.23257,2,2
2022-09-02T04:15:00-00:00,2022-09-02T04:30:00-00:00,2022-09-01,22,BLYTHESC_1_N005,BLYTHESC_1_N005,BLYTHESC_1_N005,RTPD,MCC,LMP_CONG_PRC,BLYTHESC_1_N005,ALL,1,-51.50985,2,2
2022-09-02T05:15:00-00:00,2022-09-02T05:30:00-00:00,2022-09-01,23,BLYTHESC_1_N005,BLYTHESC_1_N005,BLYTHESC_1_N005,RTPD,MCC,LMP_CONG_PRC,BLYTHESC_1_N005,ALL,1,17.8836,2,2
2022-09-02T06:15:00-00:00,2022-09-02T06:30:00-00:00,2022-09-01,24,BLYTHESC_1_N005,BLYTHESC_1_N005,BLYTHESC_1_N005,RTPD,MCC,LMP_CONG_PRC,BLYTHESC_1_N005,ALL,1,5.95619,2,2
2022-09-01T07:30:00-00:00,2022-09-01T07:45:00-00:00,2022-09-01,01,BLYTHESC_1_N005,BLYTHESC_1_N005,BLYTHESC_1_N005,RTPD,MCC,LMP_CONG_PRC,BLYTHESC_1_N005,ALL,1,13.61408,3,2
2022-09-01T08:30:00-00:00,2022-09-01T08:45:00-00:00,2022-09-01,02,BLYTHESC_1_N005,BLYTHESC_1_N005,BLYTHESC_1_N005,RTPD,MCC,LMP_CONG_PRC,BLYTHESC_1_N005,ALL,1,0.00073,3,2
2022-09-01T09:30:00-00:00,2022-09-01T09:45:00-00:00,2022-09-01,03,BLYTHESC_1_N005,BLYTHESC_1_N005,BLYTHESC_1_N005,RTPD,MCC,LMP_CONG_PRC,BLYTHESC_1_N005,ALL,1,4.92627,3,2
2022-09-01T10:30:00-00:00,2022-09-01T10:45:00-00:00,2022-09-01,04,BLYTHESC_1_N005,BLYTHESC_1_N005,BLYTHESC_1_N005,RTPD,MCC,LMP_CONG_PRC,BLYTHESC_1_N005,ALL,1,2.65659,3,2
2022-09-01T11:30:00-00:00,2022-09-01T11:45:00-00:00,2022-09-01,05,BLYTHESC_1_N005,BLYTHESC_1_N005,BLYTHESC_1_N005,RTPD,MCC,LMP_CONG_PRC,BLYTHESC_1_N005,ALL,1,0,3,2
2022-09-01T12:30:00-00:00,2022-09-01T12:45:00-00:00,2022-09-01,06,BLYTHESC_1_N005,BLYTHESC_1_N005,BLYTHESC_1_N005,RTPD,MCC,LMP_CONG_PRC,BLYTHESC_1_N005,ALL,1,9.28446,3,2
2022-09-01T13:30:00-00:00,2022-09-01T13:45:00-00:00,2022-09-01,07,BLYTHESC_1_N005,BLYTHESC_1_N005,BLYTHESC_1_N005,RTPD,MCC,LMP_CONG_PRC,BLYTHESC_1_N005,ALL,1,-2.34069,3,2
2022-09-01T14:30:00-00:00,2022-09-01T14:45:00-00:00,2022-09-01,08,BLYTHESC_1_N005,BLYTHESC_1_N005,BLYTHESC_1_N005,RTPD,MCC,LMP_CONG_PRC,BLYTHESC_1_N005,ALL,1,-22.39193,3,2
2022-09-01T15:30:00-00:00,2022-09-01T15:45:00-00:00,2022-09-01,09,BLYTHESC_1_N005,BLYTHESC_1_N005,BLYTHESC_1_N005,RTPD,MCC,LMP_CONG_PRC,BLYTHESC_1_N005,ALL,1,-139.63528,3,2
2022-09-01T16:30:00-00:00,2022-09-01T16:45:00-00:00,2022-09-01,10,BLYTHESC_1_N005,BLYTHESC_1_N005,BLYTHESC_1_N005,RTPD,MCC,LMP_CONG_PRC,BLYTHESC_1_N005,ALL,1,-26.12919,3,2
2022-09-01T17:30:00-00:00,2022-09-01T17:45:00-00:00,2022-09-01,11,BLYTHESC_1_N005,BLYTHESC_1_N005,BLYTHESC_1_N005,RTPD,MCC,LMP_CONG_PRC,BLYTHESC_1_N005,ALL,1,-23.27725,3,2
2022-09-01T18:30:00-00:00,2022-09-01T18:45:00-00:00,2022-09-01,12,BLYTHESC_1_N005,BLYTHESC_1_N005,BLYTHESC_1_N005,RTPD,MCC,LMP_CONG_PRC,BLYTHESC_1_N005,ALL,1,-38.96309,3,2
2022-09-01T19:30:00-00:00,2022-09-01T19:45:00-00:00,2022-09-01,13,BLYTHESC_1_N005,BLYTHESC_1_N005,BLYTHESC_1_N005,RTPD,MCC,LMP_CONG_PRC,BLYTHESC_1_N005,ALL,1,-32.45459,3,2
2022-09-01T20:30:00-00:00,2022-09-01T20:45:00-00:00,2022-09-01,14,BLYTHESC_1_N005,BLYTHESC_1_N005,BLYTHESC_1_N005,RTPD,MCC,LMP_CONG_PRC,BLYTHESC_1_N005,ALL,1,-33.78716,3,2
2022-09-01T21:30:00-00:00,2022-09-01T21:45:00-00:00,2022-09-01,15,BLYTHESC_1_N005,BLYTHESC_1_N005,BLYTHESC_1_N005,RTPD,MCC,LMP_CONG_PRC,BLYTHESC_1_N005,ALL,1,-56.15997,3,2
2022-09-01T22:30:00-00:00,2022-09-01T22:45:00-00:00,2022-09-01,16,BLYTHESC_1_N005,BLYTHESC_1_N005,BLYTHESC_1_N005,RTPD,MCC,LMP_CONG_PRC,BLYTHESC_1_N005,ALL,1,-261.4628,3,2
2022-09-01T23:30:00-00:00,2022-09-01T23:45:00-00:00,2022-09-01,17,BLYTHESC_1_N005,BLYTHESC_1_N005,BLYTHESC_1_N005,RTPD,MCC,LMP_CONG_PRC,BLYTHESC_1_N005,ALL,1,-566.48157,3,2
2022-09-02T00:30:00-00:00,2022-09-02T00:45:00-00:00,2022-09-01,18,BLYTHESC_1_N005,BLYTHESC_1_N005,BLYTHESC_1_N005,RTPD,MCC,LMP_CONG_PRC,BLYTHESC_1_N005,ALL,1,51.72754,3,2
2022-09-02T01:30:00-00:00,2022-09-02T01:45:00-00:00,2022-09-01,19,BLYTHESC_1_N005,BLYTHESC_1_N005,BLYTHESC_1_N005,RTPD,MCC,LMP_CONG_PRC,BLYTHESC_1_N005,ALL,1,-30.29557,3,2
2022-09-02T02:30:00-00:00,2022-09-02T02:45:00-00:00,2022-09-01,20,BLYTHESC_1_N005,BLYTHESC_1_N005,BLYTHESC_1_N005,RTPD,MCC,LMP_CONG_PRC,BLYTHESC_1_N005,ALL,1,0,3,2
2022-09-02T03:30:00-00:00,2022-09-02T03:45:00-00:00,2022-09-01,21,BLYTHESC_1_N005,BLYTHESC_1_N005,BLYTHESC_1_N005,RTPD,MCC,LMP_CONG_PRC,BLYTHESC_1_N005,ALL,1,23.11936,3,2
2022-09-02T04:30:00-00:00,2022-09-02T04:45:00-00:00,2022-09-01,22,BLYTHESC_1_N005,BLYTHESC_1_N005,BLYTHESC_1_N005,RTPD,MCC,LMP_CONG_PRC,BLYTHESC_1_N005,ALL,1,-21.98765,3,2
2022-09-02T05:30:00-00:00,2022-09-02T05:45:00-00:00,2022-09-01,23,BLYTHESC_1_N005,BLYTHESC_1_N005,BLYTHESC_1_N005,RTPD,MCC,LMP_CONG_PRC,BLYTHESC_1_N005,ALL,1,7.36551,3,2
2022-09-02T06:30:00-00:00,2022-09-02T06:45:00-00:00,2022-09-01,24,BLYTHESC_1_N005,BLYTHESC_1_N005,BLYTHESC_1_N005,RTPD,MCC,LMP_CONG_PRC,BLYTHESC_1_N005,ALL,1,13.09892,3,2
2022-09-01T07:45:00-00:00,2022-09-01T08:00:00-00:00,2022-09-01,01,BLYTHESC_1_N005,BLYTHESC_1_N005,BLYTHESC_1_N005,RTPD,MCC,LMP_CONG_PRC,BLYTHESC_1_N005,ALL,1,15.47462,4,2
2022-09-01T08:45:00-00:00,2022-09-01T09:00:00-00:00,2022-09-01,02,BLYTHESC_1_N005,BLYTHESC_1_N005,BLYTHESC_1_N005,RTPD,MCC,LMP_CONG_PRC,BLYTHESC_1_N005,ALL,1,3.77755,4,2
2022-09-01T09:45:00-00:00,2022-09-01T10:00:00-00:00,2022-09-01,03,BLYTHESC_1_N005,BLYTHESC_1_N005,BLYTHESC_1_N005,RTPD,MCC,LMP_CONG_PRC,BLYTHESC_1_N005,ALL,1,4.45235,4,2
2022-09-01T10:45:00-00:00,2022-09-01T11:00:00-00:00,2022-09-01,04,BLYTHESC_1_N005,BLYTHESC_1_N005,BLYTHESC_1_N005,RTPD,MCC,LMP_CONG_PRC,BLYTHESC_1_N005,ALL,1,1.04621,4,2
2022-09-01T11:45:00-00:00,2022-09-01T12:00:00-00:00,2022-09-01,05,BLYTHESC_1_N005,BLYTHESC_1_N005,BLYTHESC_1_N005,RTPD,MCC,LMP_CONG_PRC,BLYTHESC_1_N005,ALL,1,0,4,2
2022-09-01T12:45:00-00:00,2022-09-01T13:00:00-00:00,2022-09-01,06,BLYTHESC_1_N005,BLYTHESC_1_N005,BLYTHESC_1_N005,RTPD,MCC,LMP_CONG_PRC,BLYTHESC_1_N005,ALL,1,2.08177,4,2
2022-09-01T13:45:00-00:00,2022-09-01T14:00:00-00:00,2022-09-01,07,BLYTHESC_1_N005,BLYTHESC_1_N005,BLYTHESC_1_N005,RTPD,MCC,LMP_CONG_PRC,BLYTHESC_1_N005,ALL,1,-11.1375,4,2
2022-09-01T14:45:00-00:00,2022-09-01T15:00:00-00:00,2022-09-01,08,BLYTHESC_1_N005,BLYTHESC_1_N005,BLYTHESC_1_N005,RTPD,MCC,LMP_CONG_PRC,BLYTHESC_1_N005,ALL,1,-28.33304,4,2
2022-09-01T15:45:00-00:00,2022-09-01T16:00:00-00:00,2022-09-01,09,BLYTHESC_1_N005,BLYTHESC_1_N005,BLYTHESC_1_N005,RTPD,MCC,LMP_CONG_PRC,BLYTHESC_1_N005,ALL,1,-58.46017,4,2
2022-09-01T16:45:00-00:00,2022-09-01T17:00:00-00:00,2022-09-01,10,BLYTHESC_1_N005,BLYTHESC_1_N005,BLYTHESC_1_N005,RTPD,MCC,LMP_CONG_PRC,BLYTHESC_1_N005,ALL,1,-26.51448,4,2
2022-09-01T17:45:00-00:00,2022-09-01T18:00:00-00:00,2022-09-01,11,BLYTHESC_1_N005,BLYTHESC_1_N005,BLYTHESC_1_N005,RTPD,MCC,LMP_CONG_PRC,BLYTHESC_1_N005,ALL,1,-27.13514,4,2
2022-09-01T18:45:00-00:00,2022-09-01T19:00:00-00:00,2022-09-01,12,BLYTHESC_1_N005,BLYTHESC_1_N005,BLYTHESC_1_N005,RTPD,MCC,LMP_CONG_PRC,BLYTHESC_1_N005,ALL,1,-46.24033,4,2
2022-09-01T19:45:00-00:00,2022-09-01T20:00:00-00:00,2022-09-01,13,BLYTHESC_1_N005,BLYTHESC_1_N005,BLYTHESC_1_N005,RTPD,MCC,LMP_CONG_PRC,BLYTHESC_1_N005,ALL,1,-34.31858,4,2
2022-09-01T20:45:00-00:00,2022-09-01T21:00:00-00:00,2022-09-01,14,BLYTHESC_1_N005,BLYTHESC_1_N005,BLYTHESC_1_N005,RTPD,MCC,LMP_CONG_PRC,BLYTHESC_1_N005,ALL,1,-33.46672,4,2
2022-09-01T21:45:00-00:00,2022-09-01T22:00:00-00:00,2022-09-01,15,BLYTHESC_1_N005,BLYTHESC_1_N005,BLYTHESC_1_N005,RTPD,MCC,LMP_CONG_PRC,BLYTHESC_1_N005,ALL,1,-270.63754,4,2
2022-09-01T22:45:00-00:00,2022-09-01T23:00:00-00:00,2022-09-01,16,BLYTHESC_1_N005,BLYTHESC_1_N005,BLYTHESC_1_N005,RTPD,MCC,LMP_CONG_PRC,BLYTHESC_1_N005,ALL,1,-475.44662,4,2
2022-09-01T23:45:00-00:00,2022-09-02T00:00:00-00:00,2022-09-01,17,BLYTHESC_1_N005,BLYTHESC_1_N005,BLYTHESC_1_N005,RTPD,MCC,LMP_CONG_PRC,BLYTHESC_1_N005,ALL,1,-616.9955,4,2
2022-09-02T00:45:00-00:00,2022-09-02T01:00:00-00:00,2022-09-01,18,BLYTHESC_1_N005,BLYTHESC_1_N005,BLYTHESC_1_N005,RTPD,MCC,LMP_CONG_PRC,BLYTHESC_1_N005,ALL,1,-187.40955,4,2
2022-09-02T01:45:00-00:00,2022-09-02T02:00:00-00:00,2022-09-01,19,BLYTHESC_1_N005,BLYTHESC_1_N005,BLYTHESC_1_N005,RTPD,MCC,LMP_CONG_PRC,BLYTHESC_1_N005,ALL,1,0,4,2
2022-09-02T02:45:00-00:00,2022-09-02T03:00:00-00:00,2022-09-01,20,BLYTHESC_1_N005,BLYTHESC_1_N005,BLYTHESC_1_N005,RTPD,MCC,LMP_CONG_PRC,BLYTHESC_1_N005,ALL,1,-194.48444,4,2
2022-09-02T03:45:00-00:00,2022-09-02T04:00:00-00:00,2022-09-01,21,BLYTHESC_1_N005,BLYTHESC_1_N005,BLYTHESC_1_N005,RTPD,MCC,LMP_CONG_PRC,BLYTHESC_1_N005,ALL,1,15.78333,4,2
2022-09-02T04:45:00-00:00,2022-09-02T05:00:00-00:00,2022-09-01,22,BLYTHESC_1_N005,BLYTHESC_1_N005,BLYTHESC_1_N005,RTPD,MCC,LMP_CONG_PRC,BLYTHESC_1_N005,ALL,1,13.47763,4,2
2022-09-02T05:45:00-00:00,2022-09-02T06:00:00-00:00,2022-09-01,23,BLYTHESC_1_N005,BLYTHESC_1_N005,BLYTHESC_1_N005,RTPD,MCC,LMP_CONG_PRC,BLYTHESC_1_N005,ALL,1,-14.51475,4,2
2022-09-02T06:45:00-00:00,2022-09-02T07:00:00-00:00,2022-09-01,24,BLYTHESC_1_N005,BLYTHESC_1_N005,BLYTHESC_1_N005,RTPD,MCC,LMP_CONG_PRC,BLYTHESC_1_N005,ALL,1,8.19091,4,2
2022-09-01T07:00:00-00:00,2022-09-01T07:15:00-00:00,2022-09-01,01,BLYTHESC_1_N005,BLYTHESC_1_N005,BLYTHESC_1_N005,RTPD,MCE,LMP_ENE_PRC,BLYTHESC_1_N005,ALL,1,104.23471,1,3
2022-09-01T08:00:00-00:00,2022-09-01T08:15:00-00:00,2022-09-01,02,BLYTHESC_1_N005,BLYTHESC_1_N005,BLYTHESC_1_N005,RTPD,MCE,LMP_ENE_PRC,BLYTHESC_1_N005,ALL,1,115.5488,1,3
2022-09-01T09:00:00-00:00,2022-09-01T09:15:00-00:00,2022-09-01,03,BLYTHESC_1_N005,BLYTHESC_1_N005,BLYTHESC_1_N005,RTPD,MCE,LMP_ENE_PRC,BLYTHESC_1_N005,ALL,1,99.73061,1,3
2022-09-01T10:00:00-00:00,2022-09-01T10:15:00-00:00,2022-09-01,04,BLYTHESC_1_N005,BLYTHESC_1_N005,BLYTHESC_1_N005,RTPD,MCE,LMP_ENE_PRC,BLYTHESC_1_N005,ALL,1,98.64222,1,3
2022-09-01T11:00:00-00:00,2022-09-01T11:15:00-00:00,2022-09-01,05,BLYTHESC_1_N005,BLYTHESC_1_N005,BLYTHESC_1_N005,RTPD,MCE,LMP_ENE_PRC,BLYTHESC_1_N005,ALL,1,102.56859,1,3
2022-09-01T12:00:00-00:00,2022-09-01T12:15:00-00:00,2022-09-01,06,BLYTHESC_1_N005,BLYTHESC_1_N005,BLYTHESC_1_N005,RTPD,MCE,LMP_ENE_PRC,BLYTHESC_1_N005,ALL,1,96.90845,1,3
2022-09-01T13:00:00-00:00,2022-09-01T13:15:00-00:00,2022-09-01,07,BLYTHESC_1_N005,BLYTHESC_1_N005,BLYTHESC_1_N005,RTPD,MCE,LMP_ENE_PRC,BLYTHESC_1_N005,ALL,1,101.80878,1,3
2022-09-01T14:00:00-00:00,2022-09-01T14:15:00-00:00,2022-09-01,08,BLYTHESC_1_N005,BLYTHESC_1_N005,BLYTHESC_1_N005,RTPD,MCE,LMP_ENE_PRC,BLYTHESC_1_N005,ALL,1,111.11219,1,3
2022-09-01T15:00:00-00:00,2022-09-01T15:15:00-00:00,2022-09-01,09,BLYTHESC_1_N005,BLYTHESC_1_N005,BLYTHESC_1_N005,RTPD,MCE,LMP_ENE_PRC,BLYTHESC_1_N005,ALL,1,97.4112,1,3
2022-09-01T16:00:00-00:00,2022-09-01T16:15:00-00:00,2022-09-01,10,BLYTHESC_1_N005,BLYTHESC_1_N005,BLYTHESC_1_N005,RTPD,MCE,LMP_ENE_PRC,BLYTHESC_1_N005,ALL,1,83.43525,1,3
2022-09-01T17:00:00-00:00,2022-09-01T17:15:00-00:00,2022-09-01,11,BLYTHESC_1_N005,BLYTHESC_1_N005,BLYTHESC_1_N005,RTPD,MCE,LMP_ENE_PRC,BLYTHESC_1_N005,ALL,1,96.94897,1,3
2022-09-01T18:00:00-00:00,2022-09-01T18:15:00-00:00,2022-09-01,12,BLYTHESC_1_N005,BLYTHESC_1_N005,BLYTHESC_1_N005,RTPD,MCE,LMP_ENE_PRC,BLYTHESC_1_N005,ALL,1,91.59291,1,3
2022-09-01T19:00:00-00:00,2022-09-01T19:15:00-00:00,2022-09-01,13,BLYTHESC_1_N005,BLYTHESC_1_N005,BLYTHESC_1_N005,RTPD,MCE,LMP_ENE_PRC,BLYTHESC_1_N005,ALL,1,109.19637,1,3
2022-09-01T20:00:00-00:00,2022-09-01T20:15:00-00:00,2022-09-01,14,BLYTHESC_1_N005,BLYTHESC_1_N005,BLYTHESC_1_N005,RTPD,MCE,LMP_ENE_PRC,BLYTHESC_1_N005,ALL,1,117.94359,1,3
2022-09-01T21:00:00-00:00,2022-09-01T21:15:00-00:00,2022-09-01,15,BLYTHESC_1_N005,BLYTHESC_1_N005,BLYTHESC_1_N005,RTPD,MCE,LMP_ENE_PRC,BLYTHESC_1_N005,ALL,1,226.61499,1,3
2022-09-01T22:00:00-00:00,2022-09-01T22:15:00-00:00,2022-09-01,16,BLYTHESC_1_N005,BLYTHESC_1_N005,BLYTHESC_1_N005,RTPD,MCE,LMP_ENE_PRC,BLYTHESC_1_N005,ALL,1,229.18552,1,3
2022-09-01T23:00:00-00:00,2022-09-01T23:15:00-00:00,2022-09-01,17,BLYTHESC_1_N005,BLYTHESC_1_N005,BLYTHESC_1_N005,RTPD,MCE,LMP_ENE_PRC,BLYTHESC_1_N005,ALL,1,386.7537,1,3
2022-09-02T00:00:00-00:00,2022-09-02T00:15:00-00:00,2022-09-01,18,BLYTHESC_1_N005,BLYTHESC_1_N005,BLYTHESC_1_N005,RTPD,MCE,LMP_ENE_PRC,BLYTHESC_1_N005,ALL,1,770.58136,1,3
2022-09-02T01:00:00-00:00,2022-09-02T01:15:00-00:00,2022-09-01,19,BLYTHESC_1_N005,BLYTHESC_1_N005,BLYTHESC_1_N005,RTPD,MCE,LMP_ENE_PRC,BLYTHESC_1_N005,ALL,1,916.27124,1,3
2022-09-02T02:00:00-00:00,2022-09-02T02:15:00-00:00,2022-09-01,20,BLYTHESC_1_N005,BLYTHESC_1_N005,BLYTHESC_1_N005,RTPD,MCE,LMP_ENE_PRC,BLYTHESC_1_N005,ALL,1,1991.6721,1,3
2022-09-02T03:00:00-00:00,2022-09-02T03:15:00-00:00,2022-09-01,21,BLYTHESC_1_N005,BLYTHESC_1_N005,BLYTHESC_1_N005,RTPD,MCE,LMP_ENE_PRC,BLYTHESC_1_N005,ALL,1,917.5508,1,3
2022-09-02T04:00:00-00:00,2022-09-02T04:15:00-00:00,2022-09-01,22,BLYTHESC_1_N005,BLYTHESC_1_N005,BLYTHESC_1_N005,RTPD,MCE,LMP_ENE_PRC,BLYTHESC_1_N005,ALL,1,257.83005,1,3
2022-09-02T05:00:00-00:00,2022-09-02T05:15:00-00:00,2022-09-01,23,BLYTHESC_1_N005,BLYTHESC_1_N005,BLYTHESC_1_N005,RTPD,MCE,LMP_ENE_PRC,BLYTHESC_1_N005,ALL,1,183.24657,1,3
2022-09-02T06:00:00-00:00,2022-09-02T06:15:00-00:00,2022-09-01,24,BLYTHESC_1_N005,BLYTHESC_1_N005,BLYTHESC_1_N005,RTPD,MCE,LMP_ENE_PRC,BLYTHESC_1_N005,ALL,1,158.867,1,3
2022-09-01T07:15:00-00:00,2022-09-01T07:30:00-00:00,2022-09-01,01,BLYTHESC_1_N005,BLYTHESC_1_N005,BLYTHESC_1_N005,RTPD,MCE,LMP_ENE_PRC,BLYTHESC_1_N005,ALL,1,125.55144,2,3
2022-09-01T08:15:00-00:00,2022-09-01T08:30:00-00:00,2022-09-01,02,BLYTHESC_1_N005,BLYTHESC_1_N005,BLYTHESC_1_N005,RTPD,MCE,LMP_ENE_PRC,BLYTHESC_1_N005,ALL,1,115.53165,2,3
2022-09-01T09:15:00-00:00,2022-09-01T09:30:00-00:00,2022-09-01,03,BLYTHESC_1_N005,BLYTHESC_1_N005,BLYTHESC_1_N005,RTPD,MCE,LMP_ENE_PRC,BLYTHESC_1_N005,ALL,1,98.30543,2,3
2022-09-01T10:15:00-00:00,2022-09-01T10:30:00-00:00,2022-09-01,04,BLYTHESC_1_N005,BLYTHESC_1_N005,BLYTHESC_1_N005,RTPD,MCE,LMP_ENE_PRC,BLYTHESC_1_N005,ALL,1,97.00684,2,3
2022-09-01T11:15:00-00:00,2022-09-01T11:30:00-00:00,2022-09-01,05,BLYTHESC_1_N005,BLYTHESC_1_N005,BLYTHESC_1_N005,RTPD,MCE,LMP_ENE_PRC,BLYTHESC_1_N005,ALL,1,103.09059,2,3
2022-09-01T12:15:00-00:00,2022-09-01T12:30:00-00:00,2022-09-01,06,BLYTHESC_1_N005,BLYTHESC_1_N005,BLYTHESC_1_N005,RTPD,MCE,LMP_ENE_PRC,BLYTHESC_1_N005,ALL,1,109.32203,2,3
2022-09-01T13:15:00-00:00,2022-09-01T13:30:00-00:00,2022-09-01,07,BLYTHESC_1_N005,BLYTHESC_1_N005,BLYTHESC_1_N005,RTPD,MCE,LMP_ENE_PRC,BLYTHESC_1_N005,ALL,1,110.97827,2,3
2022-09-01T14:15:00-00:00,2022-09-01T14:30:00-00:00,2022-09-01,08,BLYTHESC_1_N005,BLYTHESC_1_N005,BLYTHESC_1_N005,RTPD,MCE,LMP_ENE_PRC,BLYTHESC_1_N005,ALL,1,104.78743,2,3
2022-09-01T15:15:00-00:00,2022-09-01T15:30:00-00:00,2022-09-01,09,BLYTHESC_1_N005,BLYTHESC_1_N005,BLYTHESC_1_N005,RTPD,MCE,LMP_ENE_PRC,BLYTHESC_1_N005,ALL,1,86.9388,2,3
2022-09-01T16:15:00-00:00,2022-09-01T16:30:00-00:00,2022-09-01,10,BLYTHESC_1_N005,BLYTHESC_1_N005,BLYTHESC_1_N005,RTPD,MCE,LMP_ENE_PRC,BLYTHESC_1_N005,ALL,1,89.44858,2,3
2022-09-01T17:15:00-00:00,2022-09-01T17:30:00-00:00,2022-09-01,11,BLYTHESC_1_N005,BLYTHESC_1_N005,BLYTHESC_1_N005,RTPD,MCE,LMP_ENE_PRC,BLYTHESC_1_N005,ALL,1,99.34673,2,3
2022-09-01T18:15:00-00:00,2022-09-01T18:30:00-00:00,2022-09-01,12,BLYTHESC_1_N005,BLYTHESC_1_N005,BLYTHESC_1_N005,RTPD,MCE,LMP_ENE_PRC,BLYTHESC_1_N005,ALL,1,101.15901,2,3
2022-09-01T19:15:00-00:00,2022-09-01T19:30:00-00:00,2022-09-01,13,BLYTHESC_1_N005,BLYTHESC_1_N005,BLYTHESC_1_N005,RTPD,MCE,LMP_ENE_PRC,BLYTHESC_1_N005,ALL,1,105.30588,2,3
2022-09-01T20:15:00-00:00,2022-09-01T20:30:00-00:00,2022-09-01,14,BLYTHESC_1_N005,BLYTHESC_1_N005,BLYTHESC_1_N005,RTPD,MCE,LMP_ENE_PRC,BLYTHESC_1_N005,ALL,1,117.49421,2,3
2022-09-01T21:15:00-00:00,2022-09-01T21:30:00-00:00,2022-09-01,15,BLYTHESC_1_N005,BLYTHESC_1_N005,BLYTHESC_1_N005,RTPD,MCE,LMP_ENE_PRC,BLYTHESC_1_N005,ALL,1,147.21185,2,3
2022-09-01T22:15:00-00:00,2022-09-01T22:30:00-00:00,2022-09-01,16,BLYTHESC_1_N005,BLYTHESC_1_N005,BLYTHESC_1_N005,RTPD,MCE,LMP_ENE_PRC,BLYTHESC_1_N005,ALL,1,256.58734,2,3
2022-09-01T23:15:00-00:00,2022-09-01T23:30:00-00:00,2022-09-01,17,BLYTHESC_1_N005,BLYTHESC_1_N005,BLYTHESC_1_N005,RTPD,MCE,LMP_ENE_PRC,BLYTHESC_1_N005,ALL,1,362.12408,2,3
2022-09-02T00:15:00-00:00,2022-09-02T00:30:00-00:00,2022-09-01,18,BLYTHESC_1_N005,BLYTHESC_1_N005,BLYTHESC_1_N005,RTPD,MCE,LMP_ENE_PRC,BLYTHESC_1_N005,ALL,1,691.2182,2,3
2022-09-02T01:15:00-00:00,2022-09-02T01:30:00-00:00,2022-09-01,19,BLYTHESC_1_N005,BLYTHESC_1_N005,BLYTHESC_1_N005,RTPD,MCE,LMP_ENE_PRC,BLYTHESC_1_N005,ALL,1,1999.9933,2,3
2022-09-02T02:15:00-00:00,2022-09-02T02:30:00-00:00,2022-09-01,20,BLYTHESC_1_N005,BLYTHESC_1_N005,BLYTHESC_1_N005,RTPD,MCE,LMP_ENE_PRC,BLYTHESC_1_N005,ALL,1,1991.6721,2,3
2022-09-02T03:15:00-00:00,2022-09-02T03:30:00-00:00,2022-09-01,21,BLYTHESC_1_N005,BLYTHESC_1_N005,BLYTHESC_1_N005,RTPD,MCE,LMP_ENE_PRC,BLYTHESC_1_N005,ALL,1,400.52884,2,3
2022-09-02T04:15:00-00:00,2022-09-02T04:30:00-00:00,2022-09-01,22,BLYTHESC_1_N005,BLYTHESC_1_N005,BLYTHESC_1_N005,RTPD,MCE,LMP_ENE_PRC,BLYTHESC_1_N005,ALL,1,224.75041,2,3
2022-09-02T05:15:00-00:00,2022-09-02T05:30:00-00:00,2022-09-01,23,BLYTHESC_1_N005,BLYTHESC_1_N005,BLYTHESC_1_N005,RTPD,MCE,LMP_ENE_PRC,BLYTHESC_1_N005,ALL,1,157.11986,2,3
2022-09-02T06:15:00-00:00,2022-09-02T06:30:00-00:00,2022-09-01,24,BLYTHESC_1_N005,BLYTHESC_1_N005,BLYTHESC_1_N005,RTPD,MCE,LMP_ENE_PRC,BLYTHESC_1_N005,ALL,1,143.1005,2,3
2022-09-01T07:30:00-00:00,2022-09-01T07:45:00-00:00,2022-09-01,01,BLYTHESC_1_N005,BLYTHESC_1_N005,BLYTHESC_1_N005,RTPD,MCE,LMP_ENE_PRC,BLYTHESC_1_N005,ALL,1,119.03196,3,3
2022-09-01T08:30:00-00:00,2022-09-01T08:45:00-00:00,2022-09-01,02,BLYTHESC_1_N005,BLYTHESC_1_N005,BLYTHESC_1_N005,RTPD,MCE,LMP_ENE_PRC,BLYTHESC_1_N005,ALL,1,111.11241,3,3
2022-09-01T09:30:00-00:00,2022-09-01T09:45:00-00:00,2022-09-01,03,BLYTHESC_1_N005,BLYTHESC_1_N005,BLYTHESC_1_N005,RTPD,MCE,LMP_ENE_PRC,BLYTHESC_1_N005,ALL,1,98.16228,3,3
2022-09-01T10:30:00-00:00,2022-09-01T10:45:00-00:00,2022-09-01,04,BLYTHESC_1_N005,BLYTHESC_1_N005,BLYTHESC_1_N005,RTPD,MCE,LMP_ENE_PRC,BLYTHESC_1_N005,ALL,1,96.36226,3,3
2022-09-01T11:30:00-00:00,2022-09-01T11:45:00-00:00,2022-09-01,05,BLYTHESC_1_N005,BLYTHESC_1_N005,BLYTHESC_1_N005,RTPD,MCE,LMP_ENE_PRC,BLYTHESC_1_N005,ALL,1,103.06198,3,3
2022-09-01T12:30:00-00:00,2022-09-01T12:45:00-00:00,2022-09-01,06,BLYTHESC_1_N005,BLYTHESC_1_N005,BLYTHESC_1_N005,RTPD,MCE,LMP_ENE_PRC,BLYTHESC_1_N005,ALL,1,113.57403,3,3
2022-09-01T13:30:00-00:00,2022-09-01T13:45:00-00:00,2022-09-01,07,BLYTHESC_1_N005,BLYTHESC_1_N005,BLYTHESC_1_N005,RTPD,MCE,LMP_ENE_PRC,BLYTHESC_1_N005,ALL,1,111.52025,3,3
2022-09-01T14:30:00-00:00,2022-09-01T14:45:00-00:00,2022-09-01,08,BLYTHESC_1_N005,BLYTHESC_1_N005,BLYTHESC_1_N005,RTPD,MCE,LMP_ENE_PRC,BLYTHESC_1_N005,ALL,1,101.83428,3,3
2022-09-01T15:30:00-00:00,2022-09-01T15:45:00-00:00,2022-09-01,09,BLYTHESC_1_N005,BLYTHESC_1_N005,BLYTHESC_1_N005,RTPD,MCE,LMP_ENE_PRC,BLYTHESC_1_N005,ALL,1,86.1388,3,3
2022-09-01T16:30:00-00:00,2022-09-01T16:45:00-00:00,2022-09-01,10,BLYTHESC_1_N005,BLYTHESC_1_N005,BLYTHESC_1_N005,RTPD,MCE,LMP_ENE_PRC,BLYTHESC_1_N005,ALL,1,88.79644,3,3
2022-09-01T17:30:00-00:00,2022-09-01T17:45:00-00:00,2022-09-01,11,BLYTHESC_1_N005,BLYTHESC_1_N005,BLYTHESC_1_N005,RTPD,MCE,LMP_ENE_PRC,BLYTHESC_1_N005,ALL,1,99.13013,3,3
2022-09-01T18:30:00-00:00,2022-09-01T18:45:00-00:00,2022-09-01,12,BLYTHESC_1_N005,BLYTHESC_1_N005,BLYTHESC_1_N005,RTPD,MCE,LMP_ENE_PRC,BLYTHESC_1_N005,ALL,1,107.05718,3,3
2022-09-01T19:30:00-00:00,2022-09-01T19:45:00-00:00,2022-09-01,13,BLYTHESC_1_N005,BLYTHESC_1_N005,BLYTHESC_1_N005,RTPD,MCE,LMP_ENE_PRC,BLYTHESC_1_N005,ALL,1,114.05905,3,3
2022-09-01T20:30:00-00:00,2022-09-01T20:45:00-00:00,2022-09-01,14,BLYTHESC_1_N005,BLYTHESC_1_N005,BLYTHESC_1_N005,RTPD,MCE,LMP_ENE_PRC,BLYTHESC_1_N005,ALL,1,129.81606,3,3
2022-09-01T21:30:00-00:00,2022-09-01T21:45:00-00:00,2022-09-01,15,BLYTHESC_1_N005,BLYTHESC_1_N005,BLYTHESC_1_N005,RTPD,MCE,LMP_ENE_PRC,BLYTHESC_1_N005,ALL,1,152.93057,3,3
2022-09-01T22:30:00-00:00,2022-09-01T22:45:00-00:00,2022-09-01,16,BLYTHESC_1_N005,BLYTHESC_1_N005,BLYTHESC_1_N005,RTPD,MCE,LMP_ENE_PRC,BLYTHESC_1_N005,ALL,1,283.18182,3,3
2022-09-01T23:30:00-00:00,2022-09-01T23:45:00-00:00,2022-09-01,17,BLYTHESC_1_N005,BLYTHESC_1_N005,BLYTHESC_1_N005,RTPD,MCE,LMP_ENE_PRC,BLYTHESC_1_N005,ALL,1,566.48157,3,3
2022-09-02T00:30:00-00:00,2022-09-02T00:45:00-00:00,2022-09-01,18,BLYTHESC_1_N005,BLYTHESC_1_N005,BLYTHESC_1_N005,RTPD,MCE,LMP_ENE_PRC,BLYTHESC_1_N005,ALL,1,1329.1127,3,3
2022-09-02T01:30:00-00:00,2022-09-02T01:45:00-00:00,2022-09-01,19,BLYTHESC_1_N005,BLYTHESC_1_N005,BLYTHESC_1_N005,RTPD,MCE,LMP_ENE_PRC,BLYTHESC_1_N005,ALL,1,1999.9956,3,3
2022-09-02T02:30:00-00:00,2022-09-02T02:45:00-00:00,2022-09-01,20,BLYTHESC_1_N005,BLYTHESC_1_N005,BLYTHESC_1_N005,RTPD,MCE,LMP_ENE_PRC,BLYTHESC_1_N005,ALL,1,1991.671,3,3
2022-09-02T03:30:00-00:00,2022-09-02T03:45:00-00:00,2022-09-01,21,BLYTHESC_1_N005,BLYTHESC_1_N005,BLYTHESC_1_N005,RTPD,MCE,LMP_ENE_PRC,BLYTHESC_1_N005,ALL,1,186.61823,3,3
2022-09-02T04:30:00-00:00,2022-09-02T04:45:00-00:00,2022-09-01,22,BLYTHESC_1_N005,BLYTHESC_1_N005,BLYTHESC_1_N005,RTPD,MCE,LMP_ENE_PRC,BLYTHESC_1_N005,ALL,1,180.67824,3,3
2022-09-02T05:30:00-00:00,2022-09-02T05:45:00-00:00,2022-09-01,23,BLYTHESC_1_N005,BLYTHESC_1_N005,BLYTHESC_1_N005,RTPD,MCE,LMP_ENE_PRC,BLYTHESC_1_N005,ALL,1,131.69917,3,3
2022-09-02T06:30:00-00:00,2022-09-02T06:45:00-00:00,2022-09-01,24,BLYTHESC_1_N005,BLYTHESC_1_N005,BLYTHESC_1_N005,RTPD,MCE,LMP_ENE_PRC,BLYTHESC_1_N005,ALL,1,128.9871,3,3
2022-09-01T07:45:00-00:00,2022-09-01T08:00:00-00:00,2022-09-01,01,BLYTHESC_1_N005,BLYTHESC_1_N005,BLYTHESC_1_N005,RTPD,MCE,LMP_ENE_PRC,BLYTHESC_1_N005,ALL,1,109.12099,4,3
2022-09-01T08:45:00-00:00,2022-09-01T09:00:00-00:00,2022-09-01,02,BLYTHESC_1_N005,BLYTHESC_1_N005,BLYTHESC_1_N005,RTPD,MCE,LMP_ENE_PRC,BLYTHESC_1_N005,ALL,1,98.7357,4,3
2022-09-01T09:45:00-00:00,2022-09-01T10:00:00-00:00,2022-09-01,03,BLYTHESC_1_N005,BLYTHESC_1_N005,BLYTHESC_1_N005,RTPD,MCE,LMP_ENE_PRC,BLYTHESC_1_N005,ALL,1,97.50475,4,3
2022-09-01T10:45:00-00:00,2022-09-01T11:00:00-00:00,2022-09-01,04,BLYTHESC_1_N005,BLYTHESC_1_N005,BLYTHESC_1_N005,RTPD,MCE,LMP_ENE_PRC,BLYTHESC_1_N005,ALL,1,94.71966,4,3
2022-09-01T11:45:00-00:00,2022-09-01T12:00:00-00:00,2022-09-01,05,BLYTHESC_1_N005,BLYTHESC_1_N005,BLYTHESC_1_N005,RTPD,MCE,LMP_ENE_PRC,BLYTHESC_1_N005,ALL,1,107.01,4,3
2022-09-01T12:45:00-00:00,2022-09-01T13:00:00-00:00,2022-09-01,06,BLYTHESC_1_N005,BLYTHESC_1_N005,BLYTHESC_1_N005,RTPD,MCE,LMP_ENE_PRC,BLYTHESC_1_N005,ALL,1,116.4848,4,3
2022-09-01T13:45:00-00:00,2022-09-01T14:00:00-00:00,2022-09-01,07,BLYTHESC_1_N005,BLYTHESC_1_N005,BLYTHESC_1_N005,RTPD,MCE,LMP_ENE_PRC,BLYTHESC_1_N005,ALL,1,111.41,4,3
2022-09-01T14:45:00-00:00,2022-09-01T15:00:00-00:00,2022-09-01,08,BLYTHESC_1_N005,BLYTHESC_1_N005,BLYTHESC_1_N005,RTPD,MCE,LMP_ENE_PRC,BLYTHESC_1_N005,ALL,1,86.1388,4,3
2022-09-01T15:45:00-00:00,2022-09-01T16:00:00-00:00,2022-09-01,09,BLYTHESC_1_N005,BLYTHESC_1_N005,BLYTHESC_1_N005,RTPD,MCE,LMP_ENE_PRC,BLYTHESC_1_N005,ALL,1,78.70076,4,3
2022-09-01T16:45:00-00:00,2022-09-01T17:00:00-00:00,2022-09-01,10,BLYTHESC_1_N005,BLYTHESC_1_N005,BLYTHESC_1_N005,RTPD,MCE,LMP_ENE_PRC,BLYTHESC_1_N005,ALL,1,91.24933,4,3
2022-09-01T17:45:00-00:00,2022-09-01T18:00:00-00:00,2022-09-01,11,BLYTHESC_1_N005,BLYTHESC_1_N005,BLYTHESC_1_N005,RTPD,MCE,LMP_ENE_PRC,BLYTHESC_1_N005,ALL,1,99.20544,4,3
2022-09-01T18:45:00-00:00,2022-09-01T19:00:00-00:00,2022-09-01,12,BLYTHESC_1_N005,BLYTHESC_1_N005,BLYTHESC_1_N005,RTPD,MCE,LMP_ENE_PRC,BLYTHESC_1_N005,ALL,1,109.04064,4,3
2022-09-01T19:45:00-00:00,2022-09-01T20:00:00-00:00,2022-09-01,13,BLYTHESC_1_N005,BLYTHESC_1_N005,BLYTHESC_1_N005,RTPD,MCE,LMP_ENE_PRC,BLYTHESC_1_N005,ALL,1,120.22491,4,3
2022-09-01T20:45:00-00:00,2022-09-01T21:00:00-00:00,2022-09-01,14,BLYTHESC_1_N005,BLYTHESC_1_N005,BLYTHESC_1_N005,RTPD,MCE,LMP_ENE_PRC,BLYTHESC_1_N005,ALL,1,154.02509,4,3
2022-09-01T21:45:00-00:00,2022-09-01T22:00:00-00:00,2022-09-01,15,BLYTHESC_1_N005,BLYTHESC_1_N005,BLYTHESC_1_N005,RTPD,MCE,LMP_ENE_PRC,BLYTHESC_1_N005,ALL,1,300.29376,4,3
2022-09-01T22:45:00-00:00,2022-09-01T23:00:00-00:00,2022-09-01,16,BLYTHESC_1_N005,BLYTHESC_1_N005,BLYTHESC_1_N005,RTPD,MCE,LMP_ENE_PRC,BLYTHESC_1_N005,ALL,1,429.9137,4,3
2022-09-01T23:45:00-00:00,2022-09-02T00:00:00-00:00,2022-09-01,17,BLYTHESC_1_N005,BLYTHESC_1_N005,BLYTHESC_1_N005,RTPD,MCE,LMP_ENE_PRC,BLYTHESC_1_N005,ALL,1,1261.2124,4,3
2022-09-02T00:45:00-00:00,2022-09-02T01:00:00-00:00,2022-09-01,18,BLYTHESC_1_N005,BLYTHESC_1_N005,BLYTHESC_1_N005,RTPD,MCE,LMP_ENE_PRC,BLYTHESC_1_N005,ALL,1,1519.149,4,3
2022-09-02T01:45:00-00:00,2022-09-02T02:00:00-00:00,2022-09-01,19,BLYTHESC_1_N005,BLYTHESC_1_N005,BLYTHESC_1_N005,RTPD,MCE,LMP_ENE_PRC,BLYTHESC_1_N005,ALL,1,1991.9337,4,3
2022-09-02T02:45:00-00:00,2022-09-02T03:00:00-00:00,2022-09-01,20,BLYTHESC_1_N005,BLYTHESC_1_N005,BLYTHESC_1_N005,RTPD,MCE,LMP_ENE_PRC,BLYTHESC_1_N005,ALL,1,1629.6213,4,3
2022-09-02T03:45:00-00:00,2022-09-02T04:00:00-00:00,2022-09-01,21,BLYTHESC_1_N005,BLYTHESC_1_N005,BLYTHESC_1_N005,RTPD,MCE,LMP_ENE_PRC,BLYTHESC_1_N005,ALL,1,141.13702,4,3
2022-09-02T04:45:00-00:00,2022-09-02T05:00:00-00:00,2022-09-01,22,BLYTHESC_1_N005,BLYTHESC_1_N005,BLYTHESC_1_N005,RTPD,MCE,LMP_ENE_PRC,BLYTHESC_1_N005,ALL,1,126.76372,4,3
2022-09-02T05:45:00-00:00,2022-09-02T06:00:00-00:00,2022-09-01,23,BLYTHESC_1_N005,BLYTHESC_1_N005,BLYTHESC_1_N005,RTPD,MCE,LMP_ENE_PRC,BLYTHESC_1_N005,ALL,1,119.00958,4,3
2022-09-02T06:45:00-00:00,2022-09-02T07:00:00-00:00,2022-09-01,24,BLYTHESC_1_N005,BLYTHESC_1_N005,BLYTHESC_1_N005,RTPD,MCE,LMP_ENE_PRC,BLYTHESC_1_N005,ALL,1,109.20324,4,3
2022-09-01T07:00:00-00:00,2022-09-01T07:15:00-00:00,2022-09-01,01,BLYTHESC_1_N005,BLYTHESC_1_N005,BLYTHESC_1_N005,RTPD,MCL,LMP_LOSS_PRC,BLYTHESC_1_N005,ALL,1,-2.27232,1,4
2022-09-01T08:00:00-00:00,2022-09-01T08:15:00-00:00,2022-09-01,02,BLYTHESC_1_N005,BLYTHESC_1_N005,BLYTHESC_1_N005,RTPD,MCL,LMP_LOSS_PRC,BLYTHESC_1_N005,ALL,1,0,1,4
2022-09-01T09:00:00-00:00,2022-09-01T09:15:00-00:00,2022-09-01,03,BLYTHESC_1_N005,BLYTHESC_1_N005,BLYTHESC_1_N005,RTPD,MCL,LMP_LOSS_PRC,BLYTHESC_1_N005,ALL,1,5.39543,1,4
2022-09-01T10:00:00-00:00,2022-09-01T10:15:00-00:00,2022-09-01,04,BLYTHESC_1_N005,BLYTHESC_1_N005,BLYTHESC_1_N005,RTPD,MCL,LMP_LOSS_PRC,BLYTHESC_1_N005,ALL,1,5.98758,1,4
2022-09-01T11:00:00-00:00,2022-09-01T11:15:00-00:00,2022-09-01,05,BLYTHESC_1_N005,BLYTHESC_1_N005,BLYTHESC_1_N005,RTPD,MCL,LMP_LOSS_PRC,BLYTHESC_1_N005,ALL,1,5.74384,1,4
2022-09-01T12:00:00-00:00,2022-09-01T12:15:00-00:00,2022-09-01,06,BLYTHESC_1_N005,BLYTHESC_1_N005,BLYTHESC_1_N005,RTPD,MCL,LMP_LOSS_PRC,BLYTHESC_1_N005,ALL,1,5.06831,1,4
2022-09-01T13:00:00-00:00,2022-09-01T13:15:00-00:00,2022-09-01,07,BLYTHESC_1_N005,BLYTHESC_1_N005,BLYTHESC_1_N005,RTPD,MCL,LMP_LOSS_PRC,BLYTHESC_1_N005,ALL,1,0,1,4
2022-09-01T14:00:00-00:00,2022-09-01T14:15:00-00:00,2022-09-01,08,BLYTHESC_1_N005,BLYTHESC_1_N005,BLYTHESC_1_N005,RTPD,MCL,LMP_LOSS_PRC,BLYTHESC_1_N005,ALL,1,2.1778,1,4
2022-09-01T15:00:00-00:00,2022-09-01T15:15:00-00:00,2022-09-01,09,BLYTHESC_1_N005,BLYTHESC_1_N005,BLYTHESC_1_N005,RTPD,MCL,LMP_LOSS_PRC,BLYTHESC_1_N005,ALL,1,0,1,4
2022-09-01T16:00:00-00:00,2022-09-01T16:15:00-00:00,2022-09-01,10,BLYTHESC_1_N005,BLYTHESC_1_N005,BLYTHESC_1_N005,RTPD,MCL,LMP_LOSS_PRC,BLYTHESC_1_N005,ALL,1,0,1,4
2022-09-01T17:00:00-00:00,2022-09-01T17:15:00-00:00,2022-09-01,11,BLYTHESC_1_N005,BLYTHESC_1_N005,BLYTHESC_1_N005,RTPD,MCL,LMP_LOSS_PRC,BLYTHESC_1_N005,ALL,1,0,1,4
2022-09-01T18:00:00-00:00,2022-09-01T18:15:00-00:00,2022-09-01,12,BLYTHESC_1_N005,BLYTHESC_1_N005,BLYTHESC_1_N005,RTPD,MCL,LMP_LOSS_PRC,BLYTHESC_1_N005,ALL,1,0,1,4
2022-09-01T19:00:00-00:00,2022-09-01T19:15:00-00:00,2022-09-01,13,BLYTHESC_1_N005,BLYTHESC_1_N005,BLYTHESC_1_N005,RTPD,MCL,LMP_LOSS_PRC,BLYTHESC_1_N005,ALL,1,0,1,4
2022-09-01T20:00:00-00:00,2022-09-01T20:15:00-00:00,2022-09-01,14,BLYTHESC_1_N005,BLYTHESC_1_N005,BLYTHESC_1_N005,RTPD,MCL,LMP_LOSS_PRC,BLYTHESC_1_N005,ALL,1,0,1,4
2022-09-01T21:00:00-00:00,2022-09-01T21:15:00-00:00,2022-09-01,15,BLYTHESC_1_N005,BLYTHESC_1_N005,BLYTHESC_1_N005,RTPD,MCL,LMP_LOSS_PRC,BLYTHESC_1_N005,ALL,1,0,1,4
2022-09-01T22:00:00-00:00,2022-09-01T22:15:00-00:00,2022-09-01,16,BLYTHESC_1_N005,BLYTHESC_1_N005,BLYTHESC_1_N005,RTPD,MCL,LMP_LOSS_PRC,BLYTHESC_1_N005,ALL,1,0,1,4
2022-09-01T23:00:00-00:00,2022-09-01T23:15:00-00:00,2022-09-01,17,BLYTHESC_1_N005,BLYTHESC_1_N005,BLYTHESC_1_N005,RTPD,MCL,LMP_LOSS_PRC,BLYTHESC_1_N005,ALL,1,0,1,4
2022-09-02T00:00:00-00:00,2022-09-02T00:15:00-00:00,2022-09-01,18,BLYTHESC_1_N005,BLYTHESC_1_N005,BLYTHESC_1_N005,RTPD,MCL,LMP_LOSS_PRC,BLYTHESC_1_N005,ALL,1,-21.42216,1,4
2022-09-02T01:00:00-00:00,2022-09-02T01:15:00-00:00,2022-09-01,19,BLYTHESC_1_N005,BLYTHESC_1_N005,BLYTHESC_1_N005,RTPD,MCL,LMP_LOSS_PRC,BLYTHESC_1_N005,ALL,1,0,1,4
2022-09-02T02:00:00-00:00,2022-09-02T02:15:00-00:00,2022-09-01,20,BLYTHESC_1_N005,BLYTHESC_1_N005,BLYTHESC_1_N005,RTPD,MCL,LMP_LOSS_PRC,BLYTHESC_1_N005,ALL,1,0,1,4
2022-09-02T03:00:00-00:00,2022-09-02T03:15:00-00:00,2022-09-01,21,BLYTHESC_1_N005,BLYTHESC_1_N005,BLYTHESC_1_N005,RTPD,MCL,LMP_LOSS_PRC,BLYTHESC_1_N005,ALL,1,4.03722,1,4
2022-09-02T04:00:00-00:00,2022-09-02T04:15:00-00:00,2022-09-01,22,BLYTHESC_1_N005,BLYTHESC_1_N005,BLYTHESC_1_N005,RTPD,MCL,LMP_LOSS_PRC,BLYTHESC_1_N005,ALL,1,6.47153,1,4
2022-09-02T05:00:00-00:00,2022-09-02T05:15:00-00:00,2022-09-01,23,BLYTHESC_1_N005,BLYTHESC_1_N005,BLYTHESC_1_N005,RTPD,MCL,LMP_LOSS_PRC,BLYTHESC_1_N005,ALL,1,3.07854,1,4
2022-09-02T06:00:00-00:00,2022-09-02T06:15:00-00:00,2022-09-01,24,BLYTHESC_1_N005,BLYTHESC_1_N005,BLYTHESC_1_N005,RTPD,MCL,LMP_LOSS_PRC,BLYTHESC_1_N005,ALL,1,2.97081,1,4
2022-09-01T07:15:00-00:00,2022-09-01T07:30:00-00:00,2022-09-01,01,BLYTHESC_1_N005,BLYTHESC_1_N005,BLYTHESC_1_N005,RTPD,MCL,LMP_LOSS_PRC,BLYTHESC_1_N005,ALL,1,0,2,4
2022-09-01T08:15:00-00:00,2022-09-01T08:30:00-00:00,2022-09-01,02,BLYTHESC_1_N005,BLYTHESC_1_N005,BLYTHESC_1_N005,RTPD,MCL,LMP_LOSS_PRC,BLYTHESC_1_N005,ALL,1,0,2,4
2022-09-01T09:15:00-00:00,2022-09-01T09:30:00-00:00,2022-09-01,03,BLYTHESC_1_N005,BLYTHESC_1_N005,BLYTHESC_1_N005,RTPD,MCL,LMP_LOSS_PRC,BLYTHESC_1_N005,ALL,1,5.36748,2,4
2022-09-01T10:15:00-00:00,2022-09-01T10:30:00-00:00,2022-09-01,04,BLYTHESC_1_N005,BLYTHESC_1_N005,BLYTHESC_1_N005,RTPD,MCL,LMP_LOSS_PRC,BLYTHESC_1_N005,ALL,1,5.98532,2,4
2022-09-01T11:15:00-00:00,2022-09-01T11:30:00-00:00,2022-09-01,05,BLYTHESC_1_N005,BLYTHESC_1_N005,BLYTHESC_1_N005,RTPD,MCL,LMP_LOSS_PRC,BLYTHESC_1_N005,ALL,1,5.96895,2,4
2022-09-01T12:15:00-00:00,2022-09-01T12:30:00-00:00,2022-09-01,06,BLYTHESC_1_N005,BLYTHESC_1_N005,BLYTHESC_1_N005,RTPD,MCL,LMP_LOSS_PRC,BLYTHESC_1_N005,ALL,1,5.35678,2,4
2022-09-01T13:15:00-00:00,2022-09-01T13:30:00-00:00,2022-09-01,07,BLYTHESC_1_N005,BLYTHESC_1_N005,BLYTHESC_1_N005,RTPD,MCL,LMP_LOSS_PRC,BLYTHESC_1_N005,ALL,1,4.72767,2,4
2022-09-01T14:15:00-00:00,2022-09-01T14:30:00-00:00,2022-09-01,08,BLYTHESC_1_N005,BLYTHESC_1_N005,BLYTHESC_1_N005,RTPD,MCL,LMP_LOSS_PRC,BLYTHESC_1_N005,ALL,1,1.6766,2,4
2022-09-01T15:15:00-00:00,2022-09-01T15:30:00-00:00,2022-09-01,09,BLYTHESC_1_N005,BLYTHESC_1_N005,BLYTHESC_1_N005,RTPD,MCL,LMP_LOSS_PRC,BLYTHESC_1_N005,ALL,1,0,2,4
2022-09-01T16:15:00-00:00,2022-09-01T16:30:00-00:00,2022-09-01,10,BLYTHESC_1_N005,BLYTHESC_1_N005,BLYTHESC_1_N005,RTPD,MCL,LMP_LOSS_PRC,BLYTHESC_1_N005,ALL,1,0,2,4
2022-09-01T17:15:00-00:00,2022-09-01T17:30:00-00:00,2022-09-01,11,BLYTHESC_1_N005,BLYTHESC_1_N005,BLYTHESC_1_N005,RTPD,MCL,LMP_LOSS_PRC,BLYTHESC_1_N005,ALL,1,0,2,4
2022-09-01T18:15:00-00:00,2022-09-01T18:30:00-00:00,2022-09-01,12,BLYTHESC_1_N005,BLYTHESC_1_N005,BLYTHESC_1_N005,RTPD,MCL,LMP_LOSS_PRC,BLYTHESC_1_N005,ALL,1,0,2,4
2022-09-01T19:15:00-00:00,2022-09-01T19:30:00-00:00,2022-09-01,13,BLYTHESC_1_N005,BLYTHESC_1_N005,BLYTHESC_1_N005,RTPD,MCL,LMP_LOSS_PRC,BLYTHESC_1_N005,ALL,1,0,2,4
2022-09-01T20:15:00-00:00,2022-09-01T20:30:00-00:00,2022-09-01,14,BLYTHESC_1_N005,BLYTHESC_1_N005,BLYTHESC_1_N005,RTPD,MCL,LMP_LOSS_PRC,BLYTHESC_1_N005,ALL,1,0,2,4
2022-09-01T21:15:00-00:00,2022-09-01T21:30:00-00:00,2022-09-01,15,BLYTHESC_1_N005,BLYTHESC_1_N005,BLYTHESC_1_N005,RTPD,MCL,LMP_LOSS_PRC,BLYTHESC_1_N005,ALL,1,0,2,4
2022-09-01T22:15:00-00:00,2022-09-01T22:30:00-00:00,2022-09-01,16,BLYTHESC_1_N005,BLYTHESC_1_N005,BLYTHESC_1_N005,RTPD,MCL,LMP_LOSS_PRC,BLYTHESC_1_N005,ALL,1,0,2,4
2022-09-01T23:15:00-00:00,2022-09-01T23:30:00-00:00,2022-09-01,17,BLYTHESC_1_N005,BLYTHESC_1_N005,BLYTHESC_1_N005,RTPD,MCL,LMP_LOSS_PRC,BLYTHESC_1_N005,ALL,1,0,2,4
2022-09-02T00:15:00-00:00,2022-09-02T00:30:00-00:00,2022-09-01,18,BLYTHESC_1_N005,BLYTHESC_1_N005,BLYTHESC_1_N005,RTPD,MCL,LMP_LOSS_PRC,BLYTHESC_1_N005,ALL,1,-14.44646,2,4
2022-09-02T01:15:00-00:00,2022-09-02T01:30:00-00:00,2022-09-01,19,BLYTHESC_1_N005,BLYTHESC_1_N005,BLYTHESC_1_N005,RTPD,MCL,LMP_LOSS_PRC,BLYTHESC_1_N005,ALL,1,0,2,4
2022-09-02T02:15:00-00:00,2022-09-02T02:30:00-00:00,2022-09-01,20,BLYTHESC_1_N005,BLYTHESC_1_N005,BLYTHESC_1_N005,RTPD,MCL,LMP_LOSS_PRC,BLYTHESC_1_N005,ALL,1,0,2,4
2022-09-02T03:15:00-00:00,2022-09-02T03:30:00-00:00,2022-09-01,21,BLYTHESC_1_N005,BLYTHESC_1_N005,BLYTHESC_1_N005,RTPD,MCL,LMP_LOSS_PRC,BLYTHESC_1_N005,ALL,1,2.32307,2,4
2022-09-02T04:15:00-00:00,2022-09-02T04:30:00-00:00,2022-09-01,22,BLYTHESC_1_N005,BLYTHESC_1_N005,BLYTHESC_1_N005,RTPD,MCL,LMP_LOSS_PRC,BLYTHESC_1_N005,ALL,1,6.06826,2,4
2022-09-02T05:15:00-00:00,2022-09-02T05:30:00-00:00,2022-09-01,23,BLYTHESC_1_N005,BLYTHESC_1_N005,BLYTHESC_1_N005,RTPD,MCL,LMP_LOSS_PRC,BLYTHESC_1_N005,ALL,1,3.928,2,4
2022-09-02T06:15:00-00:00,2022-09-02T06:30:00-00:00,2022-09-01,24,BLYTHESC_1_N005,BLYTHESC_1_N005,BLYTHESC_1_N005,RTPD,MCL,LMP_LOSS_PRC,BLYTHESC_1_N005,ALL,1,4.95128,2,4
2022-09-01T07:30:00-00:00,2022-09-01T07:45:00-00:00,2022-09-01,01,BLYTHESC_1_N005,BLYTHESC_1_N005,BLYTHESC_1_N005,RTPD,MCL,LMP_LOSS_PRC,BLYTHESC_1_N005,ALL,1,0,3,4
2022-09-01T08:30:00-00:00,2022-09-01T08:45:00-00:00,2022-09-01,02,BLYTHESC_1_N005,BLYTHESC_1_N005,BLYTHESC_1_N005,RTPD,MCL,LMP_LOSS_PRC,BLYTHESC_1_N005,ALL,1,5.7334,3,4
2022-09-01T09:30:00-00:00,2022-09-01T09:45:00-00:00,2022-09-01,03,BLYTHESC_1_N005,BLYTHESC_1_N005,BLYTHESC_1_N005,RTPD,MCL,LMP_LOSS_PRC,BLYTHESC_1_N005,ALL,1,5.55599,3,4
2022-09-01T10:30:00-00:00,2022-09-01T10:45:00-00:00,2022-09-01,04,BLYTHESC_1_N005,BLYTHESC_1_N005,BLYTHESC_1_N005,RTPD,MCL,LMP_LOSS_PRC,BLYTHESC_1_N005,ALL,1,5.88773,3,4
2022-09-01T11:30:00-00:00,2022-09-01T11:45:00-00:00,2022-09-01,05,BLYTHESC_1_N005,BLYTHESC_1_N005,BLYTHESC_1_N005,RTPD,MCL,LMP_LOSS_PRC,BLYTHESC_1_N005,ALL,1,5.69933,3,4
2022-09-01T12:30:00-00:00,2022-09-01T12:45:00-00:00,2022-09-01,06,BLYTHESC_1_N005,BLYTHESC_1_N005,BLYTHESC_1_N005,RTPD,MCL,LMP_LOSS_PRC,BLYTHESC_1_N005,ALL,1,5.01997,3,4
2022-09-01T13:30:00-00:00,2022-09-01T13:45:00-00:00,2022-09-01,07,BLYTHESC_1_N005,BLYTHESC_1_N005,BLYTHESC_1_N005,RTPD,MCL,LMP_LOSS_PRC,BLYTHESC_1_N005,ALL,1,4.61694,3,4
2022-09-01T14:30:00-00:00,2022-09-01T14:45:00-00:00,2022-09-01,08,BLYTHESC_1_N005,BLYTHESC_1_N005,BLYTHESC_1_N005,RTPD,MCL,LMP_LOSS_PRC,BLYTHESC_1_N005,ALL,1,0.54991,3,4
2022-09-01T15:30:00-00:00,2022-09-01T15:45:00-00:00,2022-09-01,09,BLYTHESC_1_N005,BLYTHESC_1_N005,BLYTHESC_1_N005,RTPD,MCL,LMP_LOSS_PRC,BLYTHESC_1_N005,ALL,1,0,3,4
2022-09-01T16:30:00-00:00,2022-09-01T16:45:00-00:00,2022-09-01,10,BLYTHESC_1_N005,BLYTHESC_1_N005,BLYTHESC_1_N005,RTPD,MCL,LMP_LOSS_PRC,BLYTHESC_1_N005,ALL,1,0,3,4
2022-09-01T17:30:00-00:00,2022-09-01T17:45:00-00:00,2022-09-01,11,BLYTHESC_1_N005,BLYTHESC_1_N005,BLYTHESC_1_N005,RTPD,MCL,LMP_LOSS_PRC,BLYTHESC_1_N005,ALL,1,0,3,4
2022-09-01T18:30:00-00:00,2022-09-01T18:45:00-00:00,2022-09-01,12,BLYTHESC_1_N005,BLYTHESC_1_N005,BLYTHESC_1_N005,RTPD,MCL,LMP_LOSS_PRC,BLYTHESC_1_N005,ALL,1,0,3,4
2022-09-01T19:30:00-00:00,2022-09-01T19:45:00-00:00,2022-09-01,13,BLYTHESC_1_N005,BLYTHESC_1_N005,BLYTHESC_1_N005,RTPD,MCL,LMP_LOSS_PRC,BLYTHESC_1_N005,ALL,1,0,3,4
2022-09-01T20:30:00-00:00,2022-09-01T20:45:00-00:00,2022-09-01,14,BLYTHESC_1_N005,BLYTHESC_1_N005,BLYTHESC_1_N005,RTPD,MCL,LMP_LOSS_PRC,BLYTHESC_1_N005,ALL,1,0,3,4
2022-09-01T21:30:00-00:00,2022-09-01T21:45:00-00:00,2022-09-01,15,BLYTHESC_1_N005,BLYTHESC_1_N005,BLYTHESC_1_N005,RTPD,MCL,LMP_LOSS_PRC,BLYTHESC_1_N005,ALL,1,0,3,4
2022-09-01T22:30:00-00:00,2022-09-01T22:45:00-00:00,2022-09-01,16,BLYTHESC_1_N005,BLYTHESC_1_N005,BLYTHESC_1_N005,RTPD,MCL,LMP_LOSS_PRC,BLYTHESC_1_N005,ALL,1,0,3,4
2022-09-01T23:30:00-00:00,2022-09-01T23:45:00-00:00,2022-09-01,17,BLYTHESC_1_N005,BLYTHESC_1_N005,BLYTHESC_1_N005,RTPD,MCL,LMP_LOSS_PRC,BLYTHESC_1_N005,ALL,1,0,3,4
2022-09-02T00:30:00-00:00,2022-09-02T00:45:00-00:00,2022-09-01,18,BLYTHESC_1_N005,BLYTHESC_1_N005,BLYTHESC_1_N005,RTPD,MCL,LMP_LOSS_PRC,BLYTHESC_1_N005,ALL,1,0,3,4
2022-09-02T01:30:00-00:00,2022-09-02T01:45:00-00:00,2022-09-01,19,BLYTHESC_1_N005,BLYTHESC_1_N005,BLYTHESC_1_N005,RTPD,MCL,LMP_LOSS_PRC,BLYTHESC_1_N005,ALL,1,0,3,4
2022-09-02T02:30:00-00:00,2022-09-02T02:45:00-00:00,2022-09-01,20,BLYTHESC_1_N005,BLYTHESC_1_N005,BLYTHESC_1_N005,RTPD,MCL,LMP_LOSS_PRC,BLYTHESC_1_N005,ALL,1,0,3,4
2022-09-02T03:30:00-00:00,2022-09-02T03:45:00-00:00,2022-09-01,21,BLYTHESC_1_N005,BLYTHESC_1_N005,BLYTHESC_1_N005,RTPD,MCL,LMP_LOSS_PRC,BLYTHESC_1_N005,ALL,1,1.269,3,4
2022-09-02T04:30:00-00:00,2022-09-02T04:45:00-00:00,2022-09-01,22,BLYTHESC_1_N005,BLYTHESC_1_N005,BLYTHESC_1_N005,RTPD,MCL,LMP_LOSS_PRC,BLYTHESC_1_N005,ALL,1,6.66703,3,4
2022-09-02T05:30:00-00:00,2022-09-02T05:45:00-00:00,2022-09-01,23,BLYTHESC_1_N005,BLYTHESC_1_N005,BLYTHESC_1_N005,RTPD,MCL,LMP_LOSS_PRC,BLYTHESC_1_N005,ALL,1,4.43826,3,4
2022-09-02T06:30:00-00:00,2022-09-02T06:45:00-00:00,2022-09-01,24,BLYTHESC_1_N005,BLYTHESC_1_N005,BLYTHESC_1_N005,RTPD,MCL,LMP_LOSS_PRC,BLYTHESC_1_N005,ALL,1,4.50165,3,4
2022-09-01T07:45:00-00:00,2022-09-01T08:00:00-00:00,2022-09-01,01,BLYTHESC_1_N005,BLYTHESC_1_N005,BLYTHESC_1_N005,RTPD,MCL,LMP_LOSS_PRC,BLYTHESC_1_N005,ALL,1,0,4,4
2022-09-01T08:45:00-00:00,2022-09-01T09:00:00-00:00,2022-09-01,02,BLYTHESC_1_N005,BLYTHESC_1_N005,BLYTHESC_1_N005,RTPD,MCL,LMP_LOSS_PRC,BLYTHESC_1_N005,ALL,1,5.83528,4,4
2022-09-01T09:45:00-00:00,2022-09-01T10:00:00-00:00,2022-09-01,03,BLYTHESC_1_N005,BLYTHESC_1_N005,BLYTHESC_1_N005,RTPD,MCL,LMP_LOSS_PRC,BLYTHESC_1_N005,ALL,1,5.87954,4,4
2022-09-01T10:45:00-00:00,2022-09-01T11:00:00-00:00,2022-09-01,04,BLYTHESC_1_N005,BLYTHESC_1_N005,BLYTHESC_1_N005,RTPD,MCL,LMP_LOSS_PRC,BLYTHESC_1_N005,ALL,1,6.12836,4,4
2022-09-01T11:45:00-00:00,2022-09-01T12:00:00-00:00,2022-09-01,05,BLYTHESC_1_N005,BLYTHESC_1_N005,BLYTHESC_1_N005,RTPD,MCL,LMP_LOSS_PRC,BLYTHESC_1_N005,ALL,1,0,4,4
2022-09-01T12:45:00-00:00,2022-09-01T13:00:00-00:00,2022-09-01,06,BLYTHESC_1_N005,BLYTHESC_1_N005,BLYTHESC_1_N005,RTPD,MCL,LMP_LOSS_PRC,BLYTHESC_1_N005,ALL,1,0,4,4
2022-09-01T13:45:00-00:00,2022-09-01T14:00:00-00:00,2022-09-01,07,BLYTHESC_1_N005,BLYTHESC_1_N005,BLYTHESC_1_N005,RTPD,MCL,LMP_LOSS_PRC,BLYTHESC_1_N005,ALL,1,0,4,4
2022-09-01T14:45:00-00:00,2022-09-01T15:00:00-00:00,2022-09-01,08,BLYTHESC_1_N005,BLYTHESC_1_N005,BLYTHESC_1_N005,RTPD,MCL,LMP_LOSS_PRC,BLYTHESC_1_N005,ALL,1,0,4,4
2022-09-01T15:45:00-00:00,2022-09-01T16:00:00-00:00,2022-09-01,09,BLYTHESC_1_N005,BLYTHESC_1_N005,BLYTHESC_1_N005,RTPD,MCL,LMP_LOSS_PRC,BLYTHESC_1_N005,ALL,1,0,4,4
2022-09-01T16:45:00-00:00,2022-09-01T17:00:00-00:00,2022-09-01,10,BLYTHESC_1_N005,BLYTHESC_1_N005,BLYTHESC_1_N005,RTPD,MCL,LMP_LOSS_PRC,BLYTHESC_1_N005,ALL,1,0,4,4
2022-09-01T17:45:00-00:00,2022-09-01T18:00:00-00:00,2022-09-01,11,BLYTHESC_1_N005,BLYTHESC_1_N005,BLYTHESC_1_N005,RTPD,MCL,LMP_LOSS_PRC,BLYTHESC_1_N005,ALL,1,0,4,4
2022-09-01T18:45:00-00:00,2022-09-01T19:00:00-00:00,2022-09-01,12,BLYTHESC_1_N005,BLYTHESC_1_N005,BLYTHESC_1_N005,RTPD,MCL,LMP_LOSS_PRC,BLYTHESC_1_N005,ALL,1,0,4,4
2022-09-01T19:45:00-00:00,2022-09-01T20:00:00-00:00,2022-09-01,13,BLYTHESC_1_N005,BLYTHESC_1_N005,BLYTHESC_1_N005,RTPD,MCL,LMP_LOSS_PRC,BLYTHESC_1_N005,ALL,1,0,4,4
2022-09-01T20:45:00-00:00,2022-09-01T21:00:00-00:00,2022-09-01,14,BLYTHESC_1_N005,BLYTHESC_1_N005,BLYTHESC_1_N005,RTPD,MCL,LMP_LOSS_PRC,BLYTHESC_1_N005,ALL,1,0,4,4
2022-09-01T21:45:00-00:00,2022-09-01T22:00:00-00:00,2022-09-01,15,BLYTHESC_1_N005,BLYTHESC_1_N005,BLYTHESC_1_N005,RTPD,MCL,LMP_LOSS_PRC,BLYTHESC_1_N005,ALL,1,0,4,4
2022-09-01T22:45:00-00:00,2022-09-01T23:00:00-00:00,2022-09-01,16,BLYTHESC_1_N005,BLYTHESC_1_N005,BLYTHESC_1_N005,RTPD,MCL,LMP_LOSS_PRC,BLYTHESC_1_N005,ALL,1,0,4,4
2022-09-01T23:45:00-00:00,2022-09-02T00:00:00-00:00,2022-09-01,17,BLYTHESC_1_N005,BLYTHESC_1_N005,BLYTHESC_1_N005,RTPD,MCL,LMP_LOSS_PRC,BLYTHESC_1_N005,ALL,1,0,4,4
2022-09-02T00:45:00-00:00,2022-09-02T01:00:00-00:00,2022-09-01,18,BLYTHESC_1_N005,BLYTHESC_1_N005,BLYTHESC_1_N005,RTPD,MCL,LMP_LOSS_PRC,BLYTHESC_1_N005,ALL,1,0,4,4
2022-09-02T01:45:00-00:00,2022-09-02T02:00:00-00:00,2022-09-01,19,BLYTHESC_1_N005,BLYTHESC_1_N005,BLYTHESC_1_N005,RTPD,MCL,LMP_LOSS_PRC,BLYTHESC_1_N005,ALL,1,0,4,4
2022-09-02T02:45:00-00:00,2022-09-02T03:00:00-00:00,2022-09-01,20,BLYTHESC_1_N005,BLYTHESC_1_N005,BLYTHESC_1_N005,RTPD,MCL,LMP_LOSS_PRC,BLYTHESC_1_N005,ALL,1,31.45169,4,4
2022-09-02T03:45:00-00:00,2022-09-02T04:00:00-00:00,2022-09-01,21,BLYTHESC_1_N005,BLYTHESC_1_N005,BLYTHESC_1_N005,RTPD,MCL,LMP_LOSS_PRC,BLYTHESC_1_N005,ALL,1,2.70983,4,4
2022-09-02T04:45:00-00:00,2022-09-02T05:00:00-00:00,2022-09-01,22,BLYTHESC_1_N005,BLYTHESC_1_N005,BLYTHESC_1_N005,RTPD,MCL,LMP_LOSS_PRC,BLYTHESC_1_N005,ALL,1,4.14517,4,4
2022-09-02T05:45:00-00:00,2022-09-02T06:00:00-00:00,2022-09-01,23,BLYTHESC_1_N005,BLYTHESC_1_N005,BLYTHESC_1_N005,RTPD,MCL,LMP_LOSS_PRC,BLYTHESC_1_N005,ALL,1,4.10583,4,4
2022-09-02T06:45:00-00:00,2022-09-02T07:00:00-00:00,2022-09-01,24,BLYTHESC_1_N005,BLYTHESC_1_N005,BLYTHESC_1_N005,RTPD,MCL,LMP_LOSS_PRC,BLYTHESC_1_N005,ALL,1,3.65831,4,4
2022-09-01T07:00:00-00:00,2022-09-01T07:15:00-00:00,2022-09-01,01,BLYTHESC_1_N005,BLYTHESC_1_N005,BLYTHESC_1_N005,RTPD,MGHG,LMP_GHG_PRC,BLYTHESC_1_N005,ALL,1,0,1,5
2022-09-01T08:00:00-00:00,2022-09-01T08:15:00-00:00,2022-09-01,02,BLYTHESC_1_N005,BLYTHESC_1_N005,BLYTHESC_1_N005,RTPD,MGHG,LMP_GHG_PRC,BLYTHESC_1_N005,ALL,1,0,1,5
2022-09-01T09:00:00-00:00,2022-09-01T09:15:00-00:00,2022-09-01,03,BLYTHESC_1_N005,BLYTHESC_1_N005,BLYTHESC_1_N005,RTPD,MGHG,LMP_GHG_PRC,BLYTHESC_1_N005,ALL,1,0,1,5
2022-09-01T10:00:00-00:00,2022-09-01T10:15:00-00:00,2022-09-01,04,BLYTHESC_1_N005,BLYTHESC_1_N005,BLYTHESC_1_N005,RTPD,MGHG,LMP_GHG_PRC,BLYTHESC_1_N005,ALL,1,0,1,5
2022-09-01T11:00:00-00:00,2022-09-01T11:15:00-00:00,2022-09-01,05,BLYTHESC_1_N005,BLYTHESC_1_N005,BLYTHESC_1_N005,RTPD,MGHG,LMP_GHG_PRC,BLYTHESC_1_N005,ALL,1,0,1,5
2022-09-01T12:00:00-00:00,2022-09-01T12:15:00-00:00,2022-09-01,06,BLYTHESC_1_N005,BLYTHESC_1_N005,BLYTHESC_1_N005,RTPD,MGHG,LMP_GHG_PRC,BLYTHESC_1_N005,ALL,1,0,1,5
2022-09-01T13:00:00-00:00,2022-09-01T13:15:00-00:00,2022-09-01,07,BLYTHESC_1_N005,BLYTHESC_1_N005,BLYTHESC_1_N005,RTPD,MGHG,LMP_GHG_PRC,BLYTHESC_1_N005,ALL,1,0,1,5
2022-09-01T14:00:00-00:00,2022-09-01T14:15:00-00:00,2022-09-01,08,BLYTHESC_1_N005,BLYTHESC_1_N005,BLYTHESC_1_N005,RTPD,MGHG,LMP_GHG_PRC,BLYTHESC_1_N005,ALL,1,0,1,5
2022-09-01T15:00:00-00:00,2022-09-01T15:15:00-00:00,2022-09-01,09,BLYTHESC_1_N005,BLYTHESC_1_N005,BLYTHESC_1_N005,RTPD,MGHG,LMP_GHG_PRC,BLYTHESC_1_N005,ALL,1,0,1,5
2022-09-01T16:00:00-00:00,2022-09-01T16:15:00-00:00,2022-09-01,10,BLYTHESC_1_N005,BLYTHESC_1_N005,BLYTHESC_1_N005,RTPD,MGHG,LMP_GHG_PRC,BLYTHESC_1_N005,ALL,1,0,1,5
2022-09-01T17:00:00-00:00,2022-09-01T17:15:00-00:00,2022-09-01,11,BLYTHESC_1_N005,BLYTHESC_1_N005,BLYTHESC_1_N005,RTPD,MGHG,LMP_GHG_PRC,BLYTHESC_1_N005,ALL,1,0,1,5
2022-09-01T18:00:00-00:00,2022-09-01T18:15:00-00:00,2022-09-01,12,BLYTHESC_1_N005,BLYTHESC_1_N005,BLYTHESC_1_N005,RTPD,MGHG,LMP_GHG_PRC,BLYTHESC_1_N005,ALL,1,0,1,5
2022-09-01T19:00:00-00:00,2022-09-01T19:15:00-00:00,2022-09-01,13,BLYTHESC_1_N005,BLYTHESC_1_N005,BLYTHESC_1_N005,RTPD,MGHG,LMP_GHG_PRC,BLYTHESC_1_N005,ALL,1,0,1,5
2022-09-01T20:00:00-00:00,2022-09-01T20:15:00-00:00,2022-09-01,14,BLYTHESC_1_N005,BLYTHESC_1_N005,BLYTHESC_1_N005,RTPD,MGHG,LMP_GHG_PRC,BLYTHESC_1_N005,ALL,1,0,1,5
2022-09-01T21:00:00-00:00,2022-09-01T21:15:00-00:00,2022-09-01,15,BLYTHESC_1_N005,BLYTHESC_1_N005,BLYTHESC_1_N005,RTPD,MGHG,LMP_GHG_PRC,BLYTHESC_1_N005,ALL,1,0,1,5
2022-09-01T22:00:00-00:00,2022-09-01T22:15:00-00:00,2022-09-01,16,BLYTHESC_1_N005,BLYTHESC_1_N005,BLYTHESC_1_N005,RTPD,MGHG,LMP_GHG_PRC,BLYTHESC_1_N005,ALL,1,0,1,5
2022-09-01T23:00:00-00:00,2022-09-01T23:15:00-00:00,2022-09-01,17,BLYTHESC_1_N005,BLYTHESC_1_N005,BLYTHESC_1_N005,RTPD,MGHG,LMP_GHG_PRC,BLYTHESC_1_N005,ALL,1,0,1,5
2022-09-02T00:00:00-00:00,2022-09-02T00:15:00-00:00,2022-09-01,18,BLYTHESC_1_N005,BLYTHESC_1_N005,BLYTHESC_1_N005,RTPD,MGHG,LMP_GHG_PRC,BLYTHESC_1_N005,ALL,1,0,1,5
2022-09-02T01:00:00-00:00,2022-09-02T01:15:00-00:00,2022-09-01,19,BLYTHESC_1_N005,BLYTHESC_1_N005,BLYTHESC_1_N005,RTPD,MGHG,LMP_GHG_PRC,BLYTHESC_1_N005,ALL,1,0,1,5
2022-09-02T02:00:00-00:00,2022-09-02T02:15:00-00:00,2022-09-01,20,BLYTHESC_1_N005,BLYTHESC_1_N005,BLYTHESC_1_N005,RTPD,MGHG,LMP_GHG_PRC,BLYTHESC_1_N005,ALL,1,0,1,5
2022-09-02T03:00:00-00:00,2022-09-02T03:15:00-00:00,2022-09-01,21,BLYTHESC_1_N005,BLYTHESC_1_N005,BLYTHESC_1_N005,RTPD,MGHG,LMP_GHG_PRC,BLYTHESC_1_N005,ALL,1,0,1,5
2022-09-02T04:00:00-00:00,2022-09-02T04:15:00-00:00,2022-09-01,22,BLYTHESC_1_N005,BLYTHESC_1_N005,BLYTHESC_1_N005,RTPD,MGHG,LMP_GHG_PRC,BLYTHESC_1_N005,ALL,1,0,1,5
2022-09-02T05:00:00-00:00,2022-09-02T05:15:00-00:00,2022-09-01,23,BLYTHESC_1_N005,BLYTHESC_1_N005,BLYTHESC_1_N005,RTPD,MGHG,LMP_GHG_PRC,BLYTHESC_1_N005,ALL,1,0,1,5
2022-09-02T06:00:00-00:00,2022-09-02T06:15:00-00:00,2022-09-01,24,BLYTHESC_1_N005,BLYTHESC_1_N005,BLYTHESC_1_N005,RTPD,MGHG,LMP_GHG_PRC,BLYTHESC_1_N005,ALL,1,0,1,5
2022-09-01T07:15:00-00:00,2022-09-01T07:30:00-00:00,2022-09-01,01,BLYTHESC_1_N005,BLYTHESC_1_N005,BLYTHESC_1_N005,RTPD,MGHG,LMP_GHG_PRC,BLYTHESC_1_N005,ALL,1,0,2,5
2022-09-01T08:15:00-00:00,2022-09-01T08:30:00-00:00,2022-09-01,02,BLYTHESC_1_N005,BLYTHESC_1_N005,BLYTHESC_1_N005,RTPD,MGHG,LMP_GHG_PRC,BLYTHESC_1_N005,ALL,1,0,2,5
2022-09-01T09:15:00-00:00,2022-09-01T09:30:00-00:00,2022-09-01,03,BLYTHESC_1_N005,BLYTHESC_1_N005,BLYTHESC_1_N005,RTPD,MGHG,LMP_GHG_PRC,BLYTHESC_1_N005,ALL,1,0,2,5
2022-09-01T10:15:00-00:00,2022-09-01T10:30:00-00:00,2022-09-01,04,BLYTHESC_1_N005,BLYTHESC_1_N005,BLYTHESC_1_N005,RTPD,MGHG,LMP_GHG_PRC,BLYTHESC_1_N005,ALL,1,0,2,5
2022-09-01T11:15:00-00:00,2022-09-01T11:30:00-00:00,2022-09-01,05,BLYTHESC_1_N005,BLYTHESC_1_N005,BLYTHESC_1_N005,RTPD,MGHG,LMP_GHG_PRC,BLYTHESC_1_N005,ALL,1,0,2,5
2022-09-01T12:15:00-00:00,2022-09-01T12:30:00-00:00,2022-09-01,06,BLYTHESC_1_N005,BLYTHESC_1_N005,BLYTHESC_1_N005,RTPD,MGHG,LMP_GHG_PRC,BLYTHESC_1_N005,ALL,1,0,2,5
2022-09-01T13:15:00-00:00,2022-09-01T13:30:00-00:00,2022-09-01,07,BLYTHESC_1_N005,BLYTHESC_1_N005,BLYTHESC_1_N005,RTPD,MGHG,LMP_GHG_PRC,BLYTHESC_1_N005,ALL,1,0,2,5
2022-09-01T14:15:00-00:00,2022-09-01T14:30:00-00:00,2022-09-01,08,BLYTHESC_1_N005,BLYTHESC_1_N005,BLYTHESC_1_N005,RTPD,MGHG,LMP_GHG_PRC,BLYTHESC_1_N005,ALL,1,0,2,5
2022-09-01T15:15:00-00:00,2022-09-01T15:30:00-00:00,2022-09-01,09,BLYTHESC_1_N005,BLYTHESC_1_N005,BLYTHESC_1_N005,RTPD,MGHG,LMP_GHG_PRC,BLYTHESC_1_N005,ALL,1,0,2,5
2022-09-01T16:15:00-00:00,2022-09-01T16:30:00-00:00,2022-09-01,10,BLYTHESC_1_N005,BLYTHESC_1_N005,BLYTHESC_1_N005,RTPD,MGHG,LMP_GHG_PRC,BLYTHESC_1_N005,ALL,1,0,2,5
2022-09-01T17:15:00-00:00,2022-09-01T17:30:00-00:00,2022-09-01,11,BLYTHESC_1_N005,BLYTHESC_1_N005,BLYTHESC_1_N005,RTPD,MGHG,LMP_GHG_PRC,BLYTHESC_1_N005,ALL,1,0,2,5
2022-09-01T18:15:00-00:00,2022-09-01T18:30:00-00:00,2022-09-01,12,BLYTHESC_1_N005,BLYTHESC_1_N005,BLYTHESC_1_N005,RTPD,MGHG,LMP_GHG_PRC,BLYTHESC_1_N005,ALL,1,0,2,5
2022-09-01T19:15:00-00:00,2022-09-01T19:30:00-00:00,2022-09-01,13,BLYTHESC_1_N005,BLYTHESC_1_N005,BLYTHESC_1_N005,RTPD,MGHG,LMP_GHG_PRC,BLYTHESC_1_N005,ALL,1,0,2,5
2022-09-01T20:15:00-00:00,2022-09-01T20:30:00-00:00,2022-09-01,14,BLYTHESC_1_N005,BLYTHESC_1_N005,BLYTHESC_1_N005,RTPD,MGHG,LMP_GHG_PRC,BLYTHESC_1_N005,ALL,1,0,2,5
2022-09-01T21:15:00-00:00,2022-09-01T21:30:00-00:00,2022-09-01,15,BLYTHESC_1_N005,BLYTHESC_1_N005,BLYTHESC_1_N005,RTPD,MGHG,LMP_GHG_PRC,BLYTHESC_1_N005,ALL,1,0,2,5
2022-09-01T22:15:00-00:00,2022-09-01T22:30:00-00:00,2022-09-01,16,BLYTHESC_1_N005,BLYTHESC_1_N005,BLYTHESC_1_N005,RTPD,MGHG,LMP_GHG_PRC,BLYTHESC_1_N005,ALL,1,0,2,5
2022-09-01T23:15:00-00:00,2022-09-01T23:30:00-00:00,2022-09-01,17,BLYTHESC_1_N005,BLYTHESC_1_N005,BLYTHESC_1_N005,RTPD,MGHG,LMP_GHG_PRC,BLYTHESC_1_N005,ALL,1,0,2,5
2022-09-02T00:15:00-00:00,2022-09-02T00:30:00-00:00,2022-09-01,18,BLYTHESC_1_N005,BLYTHESC_1_N005,BLYTHESC_1_N005,RTPD,MGHG,LMP_GHG_PRC,BLYTHESC_1_N005,ALL,1,0,2,5
2022-09-02T01:15:00-00:00,2022-09-02T01:30:00-00:00,2022-09-01,19,BLYTHESC_1_N005,BLYTHESC_1_N005,BLYTHESC_1_N005,RTPD,MGHG,LMP_GHG_PRC,BLYTHESC_1_N005,ALL,1,0,2,5
2022-09-02T02:15:00-00:00,2022-09-02T02:30:00-00:00,2022-09-01,20,BLYTHESC_1_N005,BLYTHESC_1_N005,BLYTHESC_1_N005,RTPD,MGHG,LMP_GHG_PRC,BLYTHESC_1_N005,ALL,1,0,2,5
2022-09-02T03:15:00-00:00,2022-09-02T03:30:00-00:00,2022-09-01,21,BLYTHESC_1_N005,BLYTHESC_1_N005,BLYTHESC_1_N005,RTPD,MGHG,LMP_GHG_PRC,BLYTHESC_1_N005,ALL,1,0,2,5
2022-09-02T04:15:00-00:00,2022-09-02T04:30:00-00:00,2022-09-01,22,BLYTHESC_1_N005,BLYTHESC_1_N005,BLYTHESC_1_N005,RTPD,MGHG,LMP_GHG_PRC,BLYTHESC_1_N005,ALL,1,0,2,5
2022-09-02T05:15:00-00:00,2022-09-02T05:30:00-00:00,2022-09-01,23,BLYTHESC_1_N005,BLYTHESC_1_N005,BLYTHESC_1_N005,RTPD,MGHG,LMP_GHG_PRC,BLYTHESC_1_N005,ALL,1,0,2,5
2022-09-02T06:15:00-00:00,2022-09-02T06:30:00-00:00,2022-09-01,24,BLYTHESC_1_N005,BLYTHESC_1_N005,BLYTHESC_1_N005,RTPD,MGHG,LMP_GHG_PRC,BLYTHESC_1_N005,ALL,1,0,2,5
2022-09-01T07:30:00-00:00,2022-09-01T07:45:00-00:00,2022-09-01,01,BLYTHESC_1_N005,BLYTHESC_1_N005,BLYTHESC_1_N005,RTPD,MGHG,LMP_GHG_PRC,BLYTHESC_1_N005,ALL,1,0,3,5
2022-09-01T08:30:00-00:00,2022-09-01T08:45:00-00:00,2022-09-01,02,BLYTHESC_1_N005,BLYTHESC_1_N005,BLYTHESC_1_N005,RTPD,MGHG,LMP_GHG_PRC,BLYTHESC_1_N005,ALL,1,0,3,5
2022-09-01T09:30:00-00:00,2022-09-01T09:45:00-00:00,2022-09-01,03,BLYTHESC_1_N005,BLYTHESC_1_N005,BLYTHESC_1_N005,RTPD,MGHG,LMP_GHG_PRC,BLYTHESC_1_N005,ALL,1,0,3,5
2022-09-01T10:30:00-00:00,2022-09-01T10:45:00-00:00,2022-09-01,04,BLYTHESC_1_N005,BLYTHESC_1_N005,BLYTHESC_1_N005,RTPD,MGHG,LMP_GHG_PRC,BLYTHESC_1_N005,ALL,1,0,3,5
2022-09-01T11:30:00-00:00,2022-09-01T11:45:00-00:00,2022-09-01,05,BLYTHESC_1_N005,BLYTHESC_1_N005,BLYTHESC_1_N005,RTPD,MGHG,LMP_GHG_PRC,BLYTHESC_1_N005,ALL,1,0,3,5
2022-09-01T12:30:00-00:00,2022-09-01T12:45:00-00:00,2022-09-01,06,BLYTHESC_1_N005,BLYTHESC_1_N005,BLYTHESC_1_N005,RTPD,MGHG,LMP_GHG_PRC,BLYTHESC_1_N005,ALL,1,0,3,5
2022-09-01T13:30:00-00:00,2022-09-01T13:45:00-00:00,2022-09-01,07,BLYTHESC_1_N005,BLYTHESC_1_N005,BLYTHESC_1_N005,RTPD,MGHG,LMP_GHG_PRC,BLYTHESC_1_N005,ALL,1,0,3,5
2022-09-01T14:30:00-00:00,2022-09-01T14:45:00-00:00,2022-09-01,08,BLYTHESC_1_N005,BLYTHESC_1_N005,BLYTHESC_1_N005,RTPD,MGHG,LMP_GHG_PRC,BLYTHESC_1_N005,ALL,1,0,3,5
2022-09-01T15:30:00-00:00,2022-09-01T15:45:00-00:00,2022-09-01,09,BLYTHESC_1_N005,BLYTHESC_1_N005,BLYTHESC_1_N005,RTPD,MGHG,LMP_GHG_PRC,BLYTHESC_1_N005,ALL,1,0,3,5
2022-09-01T16:30:00-00:00,2022-09-01T16:45:00-00:00,2022-09-01,10,BLYTHESC_1_N005,BLYTHESC_1_N005,BLYTHESC_1_N005,RTPD,MGHG,LMP_GHG_PRC,BLYTHESC_1_N005,ALL,1,0,3,5
2022-09-01T17:30:00-00:00,2022-09-01T17:45:00-00:00,2022-09-01,11,BLYTHESC_1_N005,BLYTHESC_1_N005,BLYTHESC_1_N005,RTPD,MGHG,LMP_GHG_PRC,BLYTHESC_1_N005,ALL,1,0,3,5
2022-09-01T18:30:00-00:00,2022-09-01T18:45:00-00:00,2022-09-01,12,BLYTHESC_1_N005,BLYTHESC_1_N005,BLYTHESC_1_N005,RTPD,MGHG,LMP_GHG_PRC,BLYTHESC_1_N005,ALL,1,0,3,5
2022-09-01T19:30:00-00:00,2022-09-01T19:45:00-00:00,2022-09-01,13,BLYTHESC_1_N005,BLYTHESC_1_N005,BLYTHESC_1_N005,RTPD,MGHG,LMP_GHG_PRC,BLYTHESC_1_N005,ALL,1,0,3,5
2022-09-01T20:30:00-00:00,2022-09-01T20:45:00-00:00,2022-09-01,14,BLYTHESC_1_N005,BLYTHESC_1_N005,BLYTHESC_1_N005,RTPD,MGHG,LMP_GHG_PRC,BLYTHESC_1_N005,ALL,1,0,3,5
2022-09-01T21:30:00-00:00,2022-09-01T21:45:00-00:00,2022-09-01,15,BLYTHESC_1_N005,BLYTHESC_1_N005,BLYTHESC_1_N005,RTPD,MGHG,LMP_GHG_PRC,BLYTHESC_1_N005,ALL,1,0,3,5
2022-09-01T22:30:00-00:00,2022-09-01T22:45:00-00:00,2022-09-01,16,BLYTHESC_1_N005,BLYTHESC_1_N005,BLYTHESC_1_N005,RTPD,MGHG,LMP_GHG_PRC,BLYTHESC_1_N005,ALL,1,0,3,5
2022-09-01T23:30:00-00:00,2022-09-01T23:45:00-00:00,2022-09-01,17,BLYTHESC_1_N005,BLYTHESC_1_N005,BLYTHESC_1_N005,RTPD,MGHG,LMP_GHG_PRC,BLYTHESC_1_N005,ALL,1,0,3,5
2022-09-02T00:30:00-00:00,2022-09-02T00:45:00-00:00,2022-09-01,18,BLYTHESC_1_N005,BLYTHESC_1_N005,BLYTHESC_1_N005,RTPD,MGHG,LMP_GHG_PRC,BLYTHESC_1_N005,ALL,1,0,3,5
2022-09-02T01:30:00-00:00,2022-09-02T01:45:00-00:00,2022-09-01,19,BLYTHESC_1_N005,BLYTHESC_1_N005,BLYTHESC_1_N005,RTPD,MGHG,LMP_GHG_PRC,BLYTHESC_1_N005,ALL,1,0,3,5
2022-09-02T02:30:00-00:00,2022-09-02T02:45:00-00:00,2022-09-01,20,BLYTHESC_1_N005,BLYTHESC_1_N005,BLYTHESC_1_N005,RTPD,MGHG,LMP_GHG_PRC,BLYTHESC_1_N005,ALL,1,0,3,5
2022-09-02T03:30:00-00:00,2022-09-02T03:45:00-00:00,2022-09-01,21,BLYTHESC_1_N005,BLYTHESC_1_N005,BLYTHESC_1_N005,RTPD,MGHG,LMP_GHG_PRC,BLYTHESC_1_N005,ALL,1,0,3,5
2022-09-02T04:30:00-00:00,2022-09-02T04:45:00-00:00,2022-09-01,22,BLYTHESC_1_N005,BLYTHESC_1_N005,BLYTHESC_1_N005,RTPD,MGHG,LMP_GHG_PRC,BLYTHESC_1_N005,ALL,1,0,3,5
2022-09-02T05:30:00-00:00,2022-09-02T05:45:00-00:00,2022-09-01,23,BLYTHESC_1_N005,BLYTHESC_1_N005,BLYTHESC_1_N005,RTPD,MGHG,LMP_GHG_PRC,BLYTHESC_1_N005,ALL,1,0,3,5
2022-09-02T06:30:00-00:00,2022-09-02T06:45:00-00:00,2022-09-01,24,BLYTHESC_1_N005,BLYTHESC_1_N005,BLYTHESC_1_N005,RTPD,MGHG,LMP_GHG_PRC,BLYTHESC_1_N005,ALL,1,0,3,5
2022-09-01T07:45:00-00:00,2022-09-01T08:00:00-00:00,2022-09-01,01,BLYTHESC_1_N005,BLYTHESC_1_N005,BLYTHESC_1_N005,RTPD,MGHG,LMP_GHG_PRC,BLYTHESC_1_N005,ALL,1,0,4,5
2022-09-01T08:45:00-00:00,2022-09-01T09:00:00-00:00,2022-09-01,02,BLYTHESC_1_N005,BLYTHESC_1_N005,BLYTHESC_1_N005,RTPD,MGHG,LMP_GHG_PRC,BLYTHESC_1_N005,ALL,1,0,4,5
2022-09-01T09:45:00-00:00,2022-09-01T10:00:00-00:00,2022-09-01,03,BLYTHESC_1_N005,BLYTHESC_1_N005,BLYTHESC_1_N005,RTPD,MGHG,LMP_GHG_PRC,BLYTHESC_1_N005,ALL,1,0,4,5
2022-09-01T10:45:00-00:00,2022-09-01T11:00:00-00:00,2022-09-01,04,BLYTHESC_1_N005,BLYTHESC_1_N005,BLYTHESC_1_N005,RTPD,MGHG,LMP_GHG_PRC,BLYTHESC_1_N005,ALL,1,0,4,5
2022-09-01T11:45:00-00:00,2022-09-01T12:00:00-00:00,2022-09-01,05,BLYTHESC_1_N005,BLYTHESC_1_N005,BLYTHESC_1_N005,RTPD,MGHG,LMP_GHG_PRC,BLYTHESC_1_N005,ALL,1,0,4,5
2022-09-01T12:45:00-00:00,2022-09-01T13:00:00-00:00,2022-09-01,06,BLYTHESC_1_N005,BLYTHESC_1_N005,BLYTHESC_1_N005,RTPD,MGHG,LMP_GHG_PRC,BLYTHESC_1_N005,ALL,1,0,4,5
2022-09-01T13:45:00-00:00,2022-09-01T14:00:00-00:00,2022-09-01,07,BLYTHESC_1_N005,BLYTHESC_1_N005,BLYTHESC_1_N005,RTPD,MGHG,LMP_GHG_PRC,BLYTHESC_1_N005,ALL,1,0,4,5
2022-09-01T14:45:00-00:00,2022-09-01T15:00:00-00:00,2022-09-01,08,BLYTHESC_1_N005,BLYTHESC_1_N005,BLYTHESC_1_N005,RTPD,MGHG,LMP_GHG_PRC,BLYTHESC_1_N005,ALL,1,0,4,5
2022-09-01T15:45:00-00:00,2022-09-01T16:00:00-00:00,2022-09-01,09,BLYTHESC_1_N005,BLYTHESC_1_N005,BLYTHESC_1_N005,RTPD,MGHG,LMP_GHG_PRC,BLYTHESC_1_N005,ALL,1,0,4,5
2022-09-01T16:45:00-00:00,2022-09-01T17:00:00-00:00,2022-09-01,10,BLYTHESC_1_N005,BLYTHESC_1_N005,BLYTHESC_1_N005,RTPD,MGHG,LMP_GHG_PRC,BLYTHESC_1_N005,ALL,1,0,4,5
2022-09-01T17:45:00-00:00,2022-09-01T18:00:00-00:00,2022-09-01,11,BLYTHESC_1_N005,BLYTHESC_1_N005,BLYTHESC_1_N005,RTPD,MGHG,LMP_GHG_PRC,BLYTHESC_1_N005,ALL,1,0,4,5
2022-09-01T18:45:00-00:00,2022-09-01T19:00:00-00:00,2022-09-01,12,BLYTHESC_1_N005,BLYTHESC_1_N005,BLYTHESC_1_N005,RTPD,MGHG,LMP_GHG_PRC,BLYTHESC_1_N005,ALL,1,0,4,5
2022-09-01T19:45:00-00:00,2022-09-01T20:00:00-00:00,2022-09-01,13,BLYTHESC_1_N005,BLYTHESC_1_N005,BLYTHESC_1_N005,RTPD,MGHG,LMP_GHG_PRC,BLYTHESC_1_N005,ALL,1,0,4,5
2022-09-01T20:45:00-00:00,2022-09-01T21:00:00-00:00,2022-09-01,14,BLYTHESC_1_N005,BLYTHESC_1_N005,BLYTHESC_1_N005,RTPD,MGHG,LMP_GHG_PRC,BLYTHESC_1_N005,ALL,1,0,4,5
2022-09-01T21:45:00-00:00,2022-09-01T22:00:00-00:00,2022-09-01,15,BLYTHESC_1_N005,BLYTHESC_1_N005,BLYTHESC_1_N005,RTPD,MGHG,LMP_GHG_PRC,BLYTHESC_1_N005,ALL,1,0,4,5
2022-09-01T22:45:00-00:00,2022-09-01T23:00:00-00:00,2022-09-01,16,BLYTHESC_1_N005,BLYTHESC_1_N005,BLYTHESC_1_N005,RTPD,MGHG,LMP_GHG_PRC,BLYTHESC_1_N005,ALL,1,0,4,5
2022-09-01T23:45:00-00:00,2022-09-02T00:00:00-00:00,2022-09-01,17,BLYTHESC_1_N005,BLYTHESC_1_N005,BLYTHESC_1_N005,RTPD,MGHG,LMP_GHG_PRC,BLYTHESC_1_N005,ALL,1,0,4,5
2022-09-02T00:45:00-00:00,2022-09-02T01:00:00-00:00,2022-09-01,18,BLYTHESC_1_N005,BLYTHESC_1_N005,BLYTHESC_1_N005,RTPD,MGHG,LMP_GHG_PRC,BLYTHESC_1_N005,ALL,1,0,4,5
2022-09-02T01:45:00-00:00,2022-09-02T02:00:00-00:00,2022-09-01,19,BLYTHESC_1_N005,BLYTHESC_1_N005,BLYTHESC_1_N005,RTPD,MGHG,LMP_GHG_PRC,BLYTHESC_1_N005,ALL,1,0,4,5
2022-09-02T02:45:00-00:00,2022-09-02T03:00:00-00:00,2022-09-01,20,BLYTHESC_1_N005,BLYTHESC_1_N005,BLYTHESC_1_N005,RTPD,MGHG,LMP_GHG_PRC,BLYTHESC_1_N005,ALL,1,0,4,5
2022-09-02T03:45:00-00:00,2022-09-02T04:00:00-00:00,2022-09-01,21,BLYTHESC_1_N005,BLYTHESC_1_N005,BLYTHESC_1_N005,RTPD,MGHG,LMP_GHG_PRC,BLYTHESC_1_N005,ALL,1,0,4,5
2022-09-02T04:45:00-00:00,2022-09-02T05:00:00-00:00,2022-09-01,22,BLYTHESC_1_N005,BLYTHESC_1_N005,BLYTHESC_1_N005,RTPD,MGHG,LMP_GHG_PRC,BLYTHESC_1_N005,ALL,1,0,4,5
2022-09-02T05:45:00-00:00,2022-09-02T06:00:00-00:00,2022-09-01,23,BLYTHESC_1_N005,BLYTHESC_1_N005,BLYTHESC_1_N005,RTPD,MGHG,LMP_GHG_PRC,BLYTHESC_1_N005,ALL,1,0,4,5
2022-09-02T06:45:00-00:00,2022-09-02T07:00:00-00:00,2022-09-01,24,BLYTHESC_1_N005,BLYTHESC_1_N005,BLYTHESC_1_N005,RTPD,MGHG,LMP_GHG_PRC,BLYTHESC_1_N005,ALL,1,0,4,5
