INTERVALSTARTTIME_GMT,INTERVALENDTIME_GMT,OPR_DT,OPR_HR,NODE_ID_XML,NODE_ID,NODE,MARKET_RUN_ID,LMP_TYPE,XML_DATA_ITEM,PNODE_RESMRID,GRP_TYPE,POS,PRC,OPR_INTERVAL,GROUP
2022-09-01T07:00:00-00:00,2022-09-01T07:15:00-00:00,2022-09-01,01,BERNARDO_6_N014,BERNARDO_6_N014,BERNARDO_6_N014,RTPD,LMP,LMP_PRC,BERNARDO_6_N014,ALL,1,211.14253,1,1
2022-09-01T08:00:00-00:00,2022-09-01T08:15:00-00:00,2022-09-01,02,BERNARDO_6_N014,BERNARDO_6_N014,BERNARDO_6_N014,RTPD,LMP,LMP_PRC,BERNARDO_6_N014,ALL,1,118.55823,1,1
2022-09-01T09:00:00-00:00,2022-09-01T09:15:00-00:00,2022-09-01,03,BERNARDO_6_N014,BERNARDO_6_N014,BERNARDO_6_N014,RTPD,LMP,LMP_PRC,BERNARDO_6_N014,ALL,1,116.5783,1,1
2022-09-01T10:00:00-00:00,2022-09-01T10:15:00-00:00,2022-09-01,04,BERNARDO_6_N014,BERNARDO_6_N014,BERNARDO_6_N014,RTPD,LMP,LMP_PRC,BERNARDO_6_N014,ALL,1,114.79582,1,1
2022-09-01T11:00:00-00:00,2022-09-01T11:15:00-00:00,2022-09-01,05,BERNARDO_6_N014,BERNARDO_6_N014,BERNARDO_6_N014,RTPD,LMP,LMP_PRC,BERNARDO_6_N014,ALL,1,114.8563,1,1
2022-09-01T12:00:00-00:00,2022-09-01T12:15:00-00:00,2022-09-01,06,BERNARDO_6_N014,BERNARDO_6_N014,BERNARDO_6_N014,RTPD,LMP,LMP_PRC,BERNARDO_6_N014,ALL,1,117.17496,1,1
2022-09-01T13:00:00-00:00,2022-09-01T13:15:00-00:00,2022-09-01,07,BERNARDO_6_N014,BERNARDO_6_N014,BERNARDO_6_N014,RTPD,LMP,LMP_PRC,BERNARDO_6_N014,ALL,1,114.5226,1,1
2022-09-01T14:00:00-00:00,2022-09-01T14:15:00-00:00,2022-09-01,08,BERNARDO_6_N014,BERNARDO_6_N014,BERNARDO_6_N014,RTPD,LMP,LMP_PRC,BERNARDO_6_N014,ALL,1,194.21074,1,1
2022-09-01T15:00:00-00:00,2022-09-01T15:15:00-00:00,2022-09-01,09,BERNARDO_6_N014,BERNARDO_6_N014,BERNARDO_6_N014,RTPD,LMP,LMP_PRC,BERNARDO_6_N014,ALL,1,300.21866,1,1
2022-09-01T16:00:00-00:00,2022-09-01T16:15:00-00:00,2022-09-01,10,BERNARDO_6_N014,BERNARDO_6_N014,BERNARDO_6_N014,RTPD,LMP,LMP_PRC,BERNARDO_6_N014,ALL,1,232.85223,1,1
2022-09-01T17:00:00-00:00,2022-09-01T17:15:00-00:00,2022-09-01,11,BERNARDO_6_N014,BERNARDO_6_N014,BERNARDO_6_N014,RTPD,LMP,LMP_PRC,BERNARDO_6_N014,ALL,1,242.15913,1,1
2022-09-01T18:00:00-00:00,2022-09-01T18:15:00-00:00,2022-09-01,12,BERNARDO_6_N014,BERNARDO_6_N014,BERNARDO_6_N014,RTPD,LMP,LMP_PRC,BERNARDO_6_N014,ALL,1,257.48996,1,1
2022-09-01T19:00:00-00:00,2022-09-01T19:15:00-00:00,2022-09-01,13,BERNARDO_6_N014,BERNARDO_6_N014,BERNARDO_6_N014,RTPD,LMP,LMP_PRC,BERNARDO_6_N014,ALL,1,374.17422,1,1
2022-09-01T20:00:00-00:00,2022-09-01T20:15:00-00:00,2022-09-01,14,BERNARDO_6_N014,BERNARDO_6_N014,BERNARDO_6_N014,RTPD,LMP,LMP_PRC,BERNARDO_6_N014,ALL,1,180.389,1,1
2022-09-01T21:00:00-00:00,2022-09-01T21:15:00-00:00,2022-09-01,15,BERNARDO_6_N014,BERNARDO_6_N014,BERNARDO_6_N014,RTPD,LMP,LMP_PRC,BERNARDO_6_N014,ALL,1,1180.3126,1,1
2022-09-01T22:00:00-00:00,2022-09-01T22:15:00-00:00,2022-09-01,16,BERNARDO_6_N014,BERNARDO_6_N014,BERNARDO_6_N014,RTPD,LMP,LMP_PRC,BERNARDO_6_N014,ALL,1,965.81384,1,1
2022-09-01T23:00:00-00:00,2022-09-01T23:15:00-00:00,2022-09-01,17,BERNARDO_6_N014,BERNARDO_6_N014,BERNARDO_6_N014,RTPD,LMP,LMP_PRC,BERNARDO_6_N014,ALL,1,1901.6794,1,1
2022-09-02T00:00:00-00:00,2022-09-02T00:15:00-00:00,2022-09-01,18,BERNARDO_6_N014,BERNARDO_6_N014,BERNARDO_6_N014,RTPD,LMP,LMP_PRC,BERNARDO_6_N014,ALL,1,1952.8689,1,1
2022-09-02T01:00:00-00:00,2022-09-02T01:15:00-00:00,2022-09-01,19,BERNARDO_6_N014,BERNARDO_6_N014,BERNARDO_6_N014,RTPD,LMP,LMP_PRC,BERNARDO_6_N014,ALL,1,1151.2173,1,1
2022-09-02T02:00:00-00:00,2022-09-02T02:15:00-00:00,2022-09-01,20,BERNARDO_6_N014,BERNARDO_6_N014,BERNARDO_6_N014,RTPD,LMP,LMP_PRC,BERNARDO_6_N014,ALL,1,2356.865,1,1
2022-09-02T03:00:00-00:00,2022-09-02T03:15:00-00:00,2022-09-01,21,BERNARDO_6_N014,BERNARDO_6_N014,BERNARDO_6_N014,RTPD,LMP,LMP_PRC,BERNARDO_6_N014,ALL,1,1280.3046,1,1
2022-09-02T04:00:00-00:00,2022-09-02T04:15:00-00:00,2022-09-01,22,BERNARDO_6_N014,BERNARDO_6_N014,BERNARDO_6_N014,RTPD,LMP,LMP_PRC,BERNARDO_6_N014,ALL,1,299.23666,1,1
2022-09-02T05:00:00-00:00,2022-09-02T05:15:00-00:00,2022-09-01,23,BERNARDO_6_N014,BERNARDO_6_N014,BERNARDO_6_N014,RTPD,LMP,LMP_PRC,BERNARDO_6_N014,ALL,1,215.65488,1,1
2022-09-02T06:00:00-00:00,2022-09-02T06:15:00-00:00,2022-09-01,24,BERNARDO_6_N014,BERNARDO_6_N014,BERNARDO_6_N014,RTPD,LMP,LMP_PRC,BERNARDO_6_N014,ALL,1,172.41075,1,1
2022-09-01T07:15:00-00:00,2022-09-01T07:30:00-00:00,2022-09-01,01,BERNARDO_6_N014,BERNARDO_6_N014,BERNARDO_6_N014,RTPD,LMP,LMP_PRC,BERNARDO_6_N014,ALL,1,134.4425,2,1
2022-09-01T08:15:00-00:00,2022-09-01T08:30:00-00:00,2022-09-01,02,BERNARDO_6_N014,BERNARDO_6_N014,BERNARDO_6_N014,RTPD,LMP,LMP_PRC,BERNARDO_6_N014,ALL,1,116.35102,2,1
2022-09-01T09:15:00-00:00,2022-09-01T09:30:00-00:00,2022-09-01,03,BERNARDO_6_N014,BERNARDO_6_N014,BERNARDO_6_N014,RTPD,LMP,LMP_PRC,BERNARDO_6_N014,ALL,1,116.20473,2,1
2022-09-01T10:15:00-00:00,2022-09-01T10:30:00-00:00,2022-09-01,04,BERNARDO_6_N014,BERNARDO_6_N014,BERNARDO_6_N014,RTPD,LMP,LMP_PRC,BERNARDO_6_N014,ALL,1,114.51621,2,1
2022-09-01T11:15:00-00:00,2022-09-01T11:30:00-00:00,2022-09-01,05,BERNARDO_6_N014,BERNARDO_6_N014,BERNARDO_6_N014,RTPD,LMP,LMP_PRC,BERNARDO_6_N014,ALL,1,115.51301,2,1
2022-09-01T12:15:00-00:00,2022-09-01T12:30:00-00:00,2022-09-01,06,BERNARDO_6_N014,BERNARDO_6_N014,BERNARDO_6_N014,RTPD,LMP,LMP_PRC,BERNARDO_6_N014,ALL,1,127.53827,2,1
2022-09-01T13:15:00-00:00,2022-09-01T13:30:00-00:00,2022-09-01,07,BERNARDO_6_N014,BERNARDO_6_N014,BERNARDO_6_N014,RTPD,LMP,LMP_PRC,BERNARDO_6_N014,ALL,1,124.31001,2,1
2022-09-01T14:15:00-00:00,2022-09-01T14:30:00-00:00,2022-09-01,08,BERNARDO_6_N014,BERNARDO_6_N014,BERNARDO_6_N014,RTPD,LMP,LMP_PRC,BERNARDO_6_N014,ALL,1,206.6677,2,1
2022-09-01T15:15:00-00:00,2022-09-01T15:30:00-00:00,2022-09-01,09,BERNARDO_6_N014,BERNARDO_6_N014,BERNARDO_6_N014,RTPD,LMP,LMP_PRC,BERNARDO_6_N014,ALL,1,302.37607,2,1
2022-09-01T16:15:00-00:00,2022-09-01T16:30:00-00:00,2022-09-01,10,BERNARDO_6_N014,BERNARDO_6_N014,BERNARDO_6_N014,RTPD,LMP,LMP_PRC,BERNARDO_6_N014,ALL,1,231.07883,2,1
2022-09-01T17:15:00-00:00,2022-09-01T17:30:00-00:00,2022-09-01,11,BERNARDO_6_N014,BERNARDO_6_N014,BERNARDO_6_N014,RTPD,LMP,LMP_PRC,BERNARDO_6_N014,ALL,1,254.9491,2,1
2022-09-01T18:15:00-00:00,2022-09-01T18:30:00-00:00,2022-09-01,12,BERNARDO_6_N014,BERNARDO_6_N014,BERNARDO_6_N014,RTPD,LMP,LMP_PRC,BERNARDO_6_N014,ALL,1,289.39777,2,1
2022-09-01T19:15:00-00:00,2022-09-01T19:30:00-00:00,2022-09-01,13,BERNARDO_6_N014,BERNARDO_6_N014,BERNARDO_6_N014,RTPD,LMP,LMP_PRC,BERNARDO_6_N014,ALL,1,262.88907,2,1
2022-09-01T20:15:00-00:00,2022-09-01T20:30:00-00:00,2022-09-01,14,BERNARDO_6_N014,BERNARDO_6_N014,BERNARDO_6_N014,RTPD,LMP,LMP_PRC,BERNARDO_6_N014,ALL,1,214.589,2,1
2022-09-01T21:15:00-00:00,2022-09-01T21:30:00-00:00,2022-09-01,15,BERNARDO_6_N014,BERNARDO_6_N014,BERNARDO_6_N014,RTPD,LMP,LMP_PRC,BERNARDO_6_N014,ALL,1,364.66772,2,1
2022-09-01T22:15:00-00:00,2022-09-01T22:30:00-00:00,2022-09-01,16,BERNARDO_6_N014,BERNARDO_6_N014,BERNARDO_6_N014,RTPD,LMP,LMP_PRC,BERNARDO_6_N014,ALL,1,1045.8162,2,1
2022-09-01T23:15:00-00:00,2022-09-01T23:30:00-00:00,2022-09-01,17,BERNARDO_6_N014,BERNARDO_6_N014,BERNARDO_6_N014,RTPD,LMP,LMP_PRC,BERNARDO_6_N014,ALL,1,1823.0511,2,1
2022-09-02T00:15:00-00:00,2022-09-02T00:30:00-00:00,2022-09-01,18,BERNARDO_6_N014,BERNARDO_6_N014,BERNARDO_6_N014,RTPD,LMP,LMP_PRC,BERNARDO_6_N014,ALL,1,1772.5245,2,1
2022-09-02T01:15:00-00:00,2022-09-02T01:30:00-00:00,2022-09-01,19,BERNARDO_6_N014,BERNARDO_6_N014,BERNARDO_6_N014,RTPD,LMP,LMP_PRC,BERNARDO_6_N014,ALL,1,2487.9934,2,1
2022-09-02T02:15:00-00:00,2022-09-02T02:30:00-00:00,2022-09-01,20,BERNARDO_6_N014,BERNARDO_6_N014,BERNARDO_6_N014,RTPD,LMP,LMP_PRC,BERNARDO_6_N014,ALL,1,1991.6721,2,1
2022-09-02T03:15:00-00:00,2022-09-02T03:30:00-00:00,2022-09-01,21,BERNARDO_6_N014,BERNARDO_6_N014,BERNARDO_6_N014,RTPD,LMP,LMP_PRC,BERNARDO_6_N014,ALL,1,537.5573,2,1
2022-09-02T04:15:00-00:00,2022-09-02T04:30:00-00:00,2022-09-01,22,BERNARDO_6_N014,BERNARDO_6_N014,BERNARDO_6_N014,RTPD,LMP,LMP_PRC,BERNARDO_6_N014,ALL,1,195.24503,2,1
2022-09-02T05:15:00-00:00,2022-09-02T05:30:00-00:00,2022-09-01,23,BERNARDO_6_N014,BERNARDO_6_N014,BERNARDO_6_N014,RTPD,LMP,LMP_PRC,BERNARDO_6_N014,ALL,1,188.61156,2,1
2022-09-02T06:15:00-00:00,2022-09-02T06:30:00-00:00,2022-09-01,24,BERNARDO_6_N014,BERNARDO_6_N014,BERNARDO_6_N014,RTPD,LMP,LMP_PRC,BERNARDO_6_N014,ALL,1,163.70552,2,1
2022-09-01T07:30:00-00:00,2022-09-01T07:45:00-00:00,2022-09-01,01,BERNARDO_6_N014,BERNARDO_6_N014,BERNARDO_6_N014,RTPD,LMP,LMP_PRC,BERNARDO_6_N014,ALL,1,133.50438,3,1
2022-09-01T08:30:00-00:00,2022-09-01T08:45:00-00:00,2022-09-01,02,BERNARDO_6_N014,BERNARDO_6_N014,BERNARDO_6_N014,RTPD,LMP,LMP_PRC,BERNARDO_6_N014,ALL,1,125.34669,3,1
2022-09-01T09:30:00-00:00,2022-09-01T09:45:00-00:00,2022-09-01,03,BERNARDO_6_N014,BERNARDO_6_N014,BERNARDO_6_N014,RTPD,LMP,LMP_PRC,BERNARDO_6_N014,ALL,1,115.84822,3,1
2022-09-01T10:30:00-00:00,2022-09-01T10:45:00-00:00,2022-09-01,04,BERNARDO_6_N014,BERNARDO_6_N014,BERNARDO_6_N014,RTPD,LMP,LMP_PRC,BERNARDO_6_N014,ALL,1,111.56073,3,1
2022-09-01T11:30:00-00:00,2022-09-01T11:45:00-00:00,2022-09-01,05,BERNARDO_6_N014,BERNARDO_6_N014,BERNARDO_6_N014,RTPD,LMP,LMP_PRC,BERNARDO_6_N014,ALL,1,115.36758,3,1
2022-09-01T12:30:00-00:00,2022-09-01T12:45:00-00:00,2022-09-01,06,BERNARDO_6_N014,BERNARDO_6_N014,BERNARDO_6_N014,RTPD,LMP,LMP_PRC,BERNARDO_6_N014,ALL,1,135.93835,3,1
2022-09-01T13:30:00-00:00,2022-09-01T13:45:00-00:00,2022-09-01,07,BERNARDO_6_N014,BERNARDO_6_N014,BERNARDO_6_N014,RTPD,LMP,LMP_PRC,BERNARDO_6_N014,ALL,1,131.78181,3,1
2022-09-01T14:30:00-00:00,2022-09-01T14:45:00-00:00,2022-09-01,08,BERNARDO_6_N014,BERNARDO_6_N014,BERNARDO_6_N014,RTPD,LMP,LMP_PRC,BERNARDO_6_N014,ALL,1,177.98466,3,1
2022-09-01T15:30:00-00:00,2022-09-01T15:45:00-00:00,2022-09-01,09,BERNARDO_6_N014,BERNARDO_6_N014,BERNARDO_6_N014,RTPD,LMP,LMP_PRC,BERNARDO_6_N014,ALL,1,362.34222,3,1
2022-09-01T16:30:00-00:00,2022-09-01T16:45:00-00:00,2022-09-01,10,BERNARDO_6_N014,BERNARDO_6_N014,BERNARDO_6_N014,RTPD,LMP,LMP_PRC,BERNARDO_6_N014,ALL,1,213.56345,3,1
2022-09-01T17:30:00-00:00,2022-09-01T17:45:00-00:00,2022-09-01,11,BERNARDO_6_N014,BERNARDO_6_N014,BERNARDO_6_N014,RTPD,LMP,LMP_PRC,BERNARDO_6_N014,ALL,1,238.11813,3,1
2022-09-01T18:30:00-00:00,2022-09-01T18:45:00-00:00,2022-09-01,12,BERNARDO_6_N014,BERNARDO_6_N014,BERNARDO_6_N014,RTPD,LMP,LMP_PRC,BERNARDO_6_N014,ALL,1,291.94717,3,1
2022-09-01T19:30:00-00:00,2022-09-01T19:45:00-00:00,2022-09-01,13,BERNARDO_6_N014,BERNARDO_6_N014,BERNARDO_6_N014,RTPD,LMP,LMP_PRC,BERNARDO_6_N014,ALL,1,254.36555,3,1
2022-09-01T20:30:00-00:00,2022-09-01T20:45:00-00:00,2022-09-01,14,BERNARDO_6_N014,BERNARDO_6_N014,BERNARDO_6_N014,RTPD,LMP,LMP_PRC,BERNARDO_6_N014,ALL,1,280.69586,3,1
2022-09-01T21:30:00-00:00,2022-09-01T21:45:00-00:00,2022-09-01,15,BERNARDO_6_N014,BERNARDO_6_N014,BERNARDO_6_N014,RTPD,LMP,LMP_PRC,BERNARDO_6_N014,ALL,1,403.6189,3,1
2022-09-01T22:30:00-00:00,2022-09-01T22:45:00-00:00,2022-09-01,16,BERNARDO_6_N014,BERNARDO_6_N014,BERNARDO_6_N014,RTPD,LMP,LMP_PRC,BERNARDO_6_N014,ALL,1,1233.3949,3,1
2022-09-01T23:30:00-00:00,2022-09-01T23:45:00-00:00,2022-09-01,17,BERNARDO_6_N014,BERNARDO_6_N014,BERNARDO_6_N014,RTPD,LMP,LMP_PRC,BERNARDO_6_N014,ALL,1,1952.7428,3,1
2022-09-02T00:30:00-00:00,2022-09-02T00:45:00-00:00,2022-09-01,18,BERNARDO_6_N014,BERNARDO_6_N014,BERNARDO_6_N014,RTPD,LMP,LMP_PRC,BERNARDO_6_N014,ALL,1,2059.1252,3,1
2022-09-02T01:30:00-00:00,2022-09-02T01:45:00-00:00,2022-09-01,19,BERNARDO_6_N014,BERNARDO_6_N014,BERNARDO_6_N014,RTPD,LMP,LMP_PRC,BERNARDO_6_N014,ALL,1,2094.7664,3,1
2022-09-02T02:30:00-00:00,2022-09-02T02:45:00-00:00,2022-09-01,20,BERNARDO_6_N014,BERNARDO_6_N014,BERNARDO_6_N014,RTPD,LMP,LMP_PRC,BERNARDO_6_N014,ALL,1,1991.671,3,1
2022-09-02T03:30:00-00:00,2022-09-02T03:45:00-00:00,2022-09-01,21,BERNARDO_6_N014,BERNARDO_6_N014,BERNARDO_6_N014,RTPD,LMP,LMP_PRC,BERNARDO_6_N014,ALL,1,227.65022,3,1
2022-09-02T04:30:00-00:00,2022-09-02T04:45:00-00:00,2022-09-01,22,BERNARDO_6_N014,BERNARDO_6_N014,BERNARDO_6_N014,RTPD,LMP,LMP_PRC,BERNARDO_6_N014,ALL,1,178.46027,3,1
2022-09-02T05:30:00-00:00,2022-09-02T05:45:00-00:00,2022-09-01,23,BERNARDO_6_N014,BERNARDO_6_N014,BERNARDO_6_N014,RTPD,LMP,LMP_PRC,BERNARDO_6_N014,ALL,1,164.66505,3,1
2022-09-02T06:30:00-00:00,2022-09-02T06:45:00-00:00,2022-09-01,24,BERNARDO_6_N014,BERNARDO_6_N014,BERNARDO_6_N014,RTPD,LMP,LMP_PRC,BERNARDO_6_N014,ALL,1,154.1419,3,1
2022-09-01T07:45:00-00:00,2022-09-01T08:00:00-00:00,2022-09-01,01,BERNARDO_6_N014,BERNARDO_6_N014,BERNARDO_6_N014,RTPD,LMP,LMP_PRC,BERNARDO_6_N014,ALL,1,125.6625,4,1
2022-09-01T08:45:00-00:00,2022-09-01T09:00:00-00:00,2022-09-01,02,BERNARDO_6_N014,BERNARDO_6_N014,BERNARDO_6_N014,RTPD,LMP,LMP_PRC,BERNARDO_6_N014,ALL,1,115.75744,4,1
2022-09-01T09:45:00-00:00,2022-09-01T10:00:00-00:00,2022-09-01,03,BERNARDO_6_N014,BERNARDO_6_N014,BERNARDO_6_N014,RTPD,LMP,LMP_PRC,BERNARDO_6_N014,ALL,1,114.74134,4,1
2022-09-01T10:45:00-00:00,2022-09-01T11:00:00-00:00,2022-09-01,04,BERNARDO_6_N014,BERNARDO_6_N014,BERNARDO_6_N014,RTPD,LMP,LMP_PRC,BERNARDO_6_N014,ALL,1,108.16303,4,1
2022-09-01T11:45:00-00:00,2022-09-01T12:00:00-00:00,2022-09-01,05,BERNARDO_6_N014,BERNARDO_6_N014,BERNARDO_6_N014,RTPD,LMP,LMP_PRC,BERNARDO_6_N014,ALL,1,107.01,4,1
2022-09-01T12:45:00-00:00,2022-09-01T13:00:00-00:00,2022-09-01,06,BERNARDO_6_N014,BERNARDO_6_N014,BERNARDO_6_N014,RTPD,LMP,LMP_PRC,BERNARDO_6_N014,ALL,1,118.7117,4,1
2022-09-01T13:45:00-00:00,2022-09-01T14:00:00-00:00,2022-09-01,07,BERNARDO_6_N014,BERNARDO_6_N014,BERNARDO_6_N014,RTPD,LMP,LMP_PRC,BERNARDO_6_N014,ALL,1,145.0975,4,1
2022-09-01T14:45:00-00:00,2022-09-01T15:00:00-00:00,2022-09-01,08,BERNARDO_6_N014,BERNARDO_6_N014,BERNARDO_6_N014,RTPD,LMP,LMP_PRC,BERNARDO_6_N014,ALL,1,172.18729,4,1
2022-09-01T15:45:00-00:00,2022-09-01T16:00:00-00:00,2022-09-01,09,BERNARDO_6_N014,BERNARDO_6_N014,BERNARDO_6_N014,RTPD,LMP,LMP_PRC,BERNARDO_6_N014,ALL,1,215.51144,4,1
2022-09-01T16:45:00-00:00,2022-09-01T17:00:00-00:00,2022-09-01,10,BERNARDO_6_N014,BERNARDO_6_N014,BERNARDO_6_N014,RTPD,LMP,LMP_PRC,BERNARDO_6_N014,ALL,1,214.06096,4,1
2022-09-01T17:45:00-00:00,2022-09-01T18:00:00-00:00,2022-09-01,11,BERNARDO_6_N014,BERNARDO_6_N014,BERNARDO_6_N014,RTPD,LMP,LMP_PRC,BERNARDO_6_N014,ALL,1,244.04395,4,1
2022-09-01T18:45:00-00:00,2022-09-01T19:00:00-00:00,2022-09-01,12,BERNARDO_6_N014,BERNARDO_6_N014,BERNARDO_6_N014,RTPD,LMP,LMP_PRC,BERNARDO_6_N014,ALL,1,306.67987,4,1
2022-09-01T19:45:00-00:00,2022-09-01T20:00:00-00:00,2022-09-01,13,BERNARDO_6_N014,BERNARDO_6_N014,BERNARDO_6_N014,RTPD,LMP,LMP_PRC,BERNARDO_6_N014,ALL,1,267.50064,4,1
2022-09-01T20:45:00-00:00,2022-09-01T21:00:00-00:00,2022-09-01,14,BERNARDO_6_N014,BERNARDO_6_N014,BERNARDO_6_N014,RTPD,LMP,LMP_PRC,BERNARDO_6_N014,ALL,1,357.70908,4,1
2022-09-01T21:45:00-00:00,2022-09-01T22:00:00-00:00,2022-09-01,15,BERNARDO_6_N014,BERNARDO_6_N014,BERNARDO_6_N014,RTPD,LMP,LMP_PRC,BERNARDO_6_N014,ALL,1,1231.0859,4,1
2022-09-01T22:45:00-00:00,2022-09-01T23:00:00-00:00,2022-09-01,16,BERNARDO_6_N014,BERNARDO_6_N014,BERNARDO_6_N014,RTPD,LMP,LMP_PRC,BERNARDO_6_N014,ALL,1,2159.1782,4,1
2022-09-01T23:45:00-00:00,2022-09-02T00:00:00-00:00,2022-09-01,17,BERNARDO_6_N014,BERNARDO_6_N014,BERNARDO_6_N014,RTPD,LMP,LMP_PRC,BERNARDO_6_N014,ALL,1,3575.1362,4,1
2022-09-02T00:45:00-00:00,2022-09-02T01:00:00-00:00,2022-09-01,18,BERNARDO_6_N014,BERNARDO_6_N014,BERNARDO_6_N014,RTPD,LMP,LMP_PRC,BERNARDO_6_N014,ALL,1,2869.7397,4,1
2022-09-02T01:45:00-00:00,2022-09-02T02:00:00-00:00,2022-09-01,19,BERNARDO_6_N014,BERNARDO_6_N014,BERNARDO_6_N014,RTPD,LMP,LMP_PRC,BERNARDO_6_N014,ALL,1,1991.9337,4,1
2022-09-02T02:45:00-00:00,2022-09-02T03:00:00-00:00,2022-09-01,20,BERNARDO_6_N014,BERNARDO_6_N014,BERNARDO_6_N014,RTPD,LMP,LMP_PRC,BERNARDO_6_N014,ALL,1,2907.6375,4,1
2022-09-02T03:45:00-00:00,2022-09-02T04:00:00-00:00,2022-09-01,21,BERNARDO_6_N014,BERNARDO_6_N014,BERNARDO_6_N014,RTPD,LMP,LMP_PRC,BERNARDO_6_N014,ALL,1,173.41824,4,1
2022-09-02T04:45:00-00:00,2022-09-02T05:00:00-00:00,2022-09-01,22,BERNARDO_6_N014,BERNARDO_6_N014,BERNARDO_6_N014,RTPD,LMP,LMP_PRC,BERNARDO_6_N014,ALL,1,153.47838,4,1
2022-09-02T05:45:00-00:00,2022-09-02T06:00:00-00:00,2022-09-01,23,BERNARDO_6_N014,BERNARDO_6_N014,BERNARDO_6_N014,RTPD,LMP,LMP_PRC,BERNARDO_6_N014,ALL,1,156.17647,4,1
2022-09-02T06:45:00-00:00,2022-09-02T07:00:00-00:00,2022-09-01,24,BERNARDO_6_N014,BERNARDO_6_N014,BERNARDO_6_N014,RTPD,LMP,LMP_PRC,BERNARDO_6_N014,ALL,1,127.9766,4,1
2022-09-01T07:00:00-00:00,2022-09-01T07:15:00-00:00,2022-09-01,01,BERNARDO_6_N014,BERNARDO_6_N014,BERNARDO_6_N014,RTPD,MCC,LMP_CONG_PRC,BERNARDO_6_N014,ALL,1,101.93582,1,2
2022-09-01T08:00:00-00:00,2022-09-01T08:15:00-00:00,2022-09-01,02,BERNARDO_6_N014,BERNARDO_6_N014,BERNARDO_6_N014,RTPD,MCC,LMP_CONG_PRC,BERNARDO_6_N014,ALL,1,3.00943,1,2
2022-09-01T09:00:00-00:00,2022-09-01T09:15:00-00:00,2022-09-01,03,BERNARDO_6_N014,BERNARDO_6_N014,BERNARDO_6_N014,RTPD,MCC,LMP_CONG_PRC,BERNARDO_6_N014,ALL,1,4.03231,1,2
2022-09-01T10:00:00-00:00,2022-09-01T10:15:00-00:00,2022-09-01,04,BERNARDO_6_N014,BERNARDO_6_N014,BERNARDO_6_N014,RTPD,MCC,LMP_CONG_PRC,BERNARDO_6_N014,ALL,1,3.53726,1,2
2022-09-01T11:00:00-00:00,2022-09-01T11:15:00-00:00,2022-09-01,05,BERNARDO_6_N014,BERNARDO_6_N014,BERNARDO_6_N014,RTPD,MCC,LMP_CONG_PRC,BERNARDO_6_N014,ALL,1,0,1,2
2022-09-01T12:00:00-00:00,2022-09-01T12:15:00-00:00,2022-09-01,06,BERNARDO_6_N014,BERNARDO_6_N014,BERNARDO_6_N014,RTPD,MCC,LMP_CONG_PRC,BERNARDO_6_N014,ALL,1,9.33523,1,2
2022-09-01T13:00:00-00:00,2022-09-01T13:15:00-00:00,2022-09-01,07,BERNARDO_6_N014,BERNARDO_6_N014,BERNARDO_6_N014,RTPD,MCC,LMP_CONG_PRC,BERNARDO_6_N014,ALL,1,12.71383,1,2
2022-09-01T14:00:00-00:00,2022-09-01T14:15:00-00:00,2022-09-01,08,BERNARDO_6_N014,BERNARDO_6_N014,BERNARDO_6_N014,RTPD,MCC,LMP_CONG_PRC,BERNARDO_6_N014,ALL,1,72.5429,1,2
2022-09-01T15:00:00-00:00,2022-09-01T15:15:00-00:00,2022-09-01,09,BERNARDO_6_N014,BERNARDO_6_N014,BERNARDO_6_N014,RTPD,MCC,LMP_CONG_PRC,BERNARDO_6_N014,ALL,1,202.80745,1,2
2022-09-01T16:00:00-00:00,2022-09-01T16:15:00-00:00,2022-09-01,10,BERNARDO_6_N014,BERNARDO_6_N014,BERNARDO_6_N014,RTPD,MCC,LMP_CONG_PRC,BERNARDO_6_N014,ALL,1,149.41699,1,2
2022-09-01T17:00:00-00:00,2022-09-01T17:15:00-00:00,2022-09-01,11,BERNARDO_6_N014,BERNARDO_6_N014,BERNARDO_6_N014,RTPD,MCC,LMP_CONG_PRC,BERNARDO_6_N014,ALL,1,145.21017,1,2
2022-09-01T18:00:00-00:00,2022-09-01T18:15:00-00:00,2022-09-01,12,BERNARDO_6_N014,BERNARDO_6_N014,BERNARDO_6_N014,RTPD,MCC,LMP_CONG_PRC,BERNARDO_6_N014,ALL,1,165.89706,1,2
2022-09-01T19:00:00-00:00,2022-09-01T19:15:00-00:00,2022-09-01,13,BERNARDO_6_N014,BERNARDO_6_N014,BERNARDO_6_N014,RTPD,MCC,LMP_CONG_PRC,BERNARDO_6_N014,ALL,1,264.97787,1,2
2022-09-01T20:00:00-00:00,2022-09-01T20:15:00-00:00,2022-09-01,14,BERNARDO_6_N014,BERNARDO_6_N014,BERNARDO_6_N014,RTPD,MCC,LMP_CONG_PRC,BERNARDO_6_N014,ALL,1,62.44541,1,2
2022-09-01T21:00:00-00:00,2022-09-01T21:15:00-00:00,2022-09-01,15,BERNARDO_6_N014,BERNARDO_6_N014,BERNARDO_6_N014,RTPD,MCC,LMP_CONG_PRC,BERNARDO_6_N014,ALL,1,953.6976,1,2
2022-09-01T22:00:00-00:00,2022-09-01T22:15:00-00:00,2022-09-01,16,BERNARDO_6_N014,BERNARDO_6_N014,BERNARDO_6_N014,RTPD,MCC,LMP_CONG_PRC,BERNARDO_6_N014,ALL,1,736.62836,1,2
2022-09-01T23:00:00-00:00,2022-09-01T23:15:00-00:00,2022-09-01,17,BERNARDO_6_N014,BERNARDO_6_N014,BERNARDO_6_N014,RTPD,MCC,LMP_CONG_PRC,BERNARDO_6_N014,ALL,1,1514.9257,1,2
2022-09-02T00:00:00-00:00,2022-09-02T00:15:00-00:00,2022-09-01,18,BERNARDO_6_N014,BERNARDO_6_N014,BERNARDO_6_N014,RTPD,MCC,LMP_CONG_PRC,BERNARDO_6_N014,ALL,1,1064.4656,1,2
2022-09-02T01:00:00-00:00,2022-09-02T01:15:00-00:00,2022-09-01,19,BERNARDO_6_N014,BERNARDO_6_N014,BERNARDO_6_N014,RTPD,MCC,LMP_CONG_PRC,BERNARDO_6_N014,ALL,1,234.94601,1,2
2022-09-02T02:00:00-00:00,2022-09-02T02:15:00-00:00,2022-09-01,20,BERNARDO_6_N014,BERNARDO_6_N014,BERNARDO_6_N014,RTPD,MCC,LMP_CONG_PRC,BERNARDO_6_N014,ALL,1,365.19272,1,2
2022-09-02T03:00:00-00:00,2022-09-02T03:15:00-00:00,2022-09-01,21,BERNARDO_6_N014,BERNARDO_6_N014,BERNARDO_6_N014,RTPD,MCC,LMP_CONG_PRC,BERNARDO_6_N014,ALL,1,277.51337,1,2
2022-09-02T04:00:00-00:00,2022-09-02T04:15:00-00:00,2022-09-01,22,BERNARDO_6_N014,BERNARDO_6_N014,BERNARDO_6_N014,RTPD,MCC,LMP_CONG_PRC,BERNARDO_6_N014,ALL,1,10.15763,1,2
2022-09-02T05:00:00-00:00,2022-09-02T05:15:00-00:00,2022-09-01,23,BERNARDO_6_N014,BERNARDO_6_N014,BERNARDO_6_N014,RTPD,MCC,LMP_CONG_PRC,BERNARDO_6_N014,ALL,1,14.68835,1,2
2022-09-02T06:00:00-00:00,2022-09-02T06:15:00-00:00,2022-09-01,24,BERNARDO_6_N014,BERNARDO_6_N014,BERNARDO_6_N014,RTPD,MCC,LMP_CONG_PRC,BERNARDO_6_N014,ALL,1,-2.43828,1,2
2022-09-01T07:15:00-00:00,2022-09-01T07:30:00-00:00,2022-09-01,01,BERNARDO_6_N014,BERNARDO_6_N014,BERNARDO_6_N014,RTPD,MCC,LMP_CONG_PRC,BERNARDO_6_N014,ALL,1,8.89107,2,2
2022-09-01T08:15:00-00:00,2022-09-01T08:30:00-00:00,2022-09-01,02,BERNARDO_6_N014,BERNARDO_6_N014,BERNARDO_6_N014,RTPD,MCC,LMP_CONG_PRC,BERNARDO_6_N014,ALL,1,0.81938,2,2
2022-09-01T09:15:00-00:00,2022-09-01T09:30:00-00:00,2022-09-01,03,BERNARDO_6_N014,BERNARDO_6_N014,BERNARDO_6_N014,RTPD,MCC,LMP_CONG_PRC,BERNARDO_6_N014,ALL,1,5.32603,2,2
2022-09-01T10:15:00-00:00,2022-09-01T10:30:00-00:00,2022-09-01,04,BERNARDO_6_N014,BERNARDO_6_N014,BERNARDO_6_N014,RTPD,MCC,LMP_CONG_PRC,BERNARDO_6_N014,ALL,1,5.00518,2,2
2022-09-01T11:15:00-00:00,2022-09-01T11:30:00-00:00,2022-09-01,05,BERNARDO_6_N014,BERNARDO_6_N014,BERNARDO_6_N014,RTPD,MCC,LMP_CONG_PRC,BERNARDO_6_N014,ALL,1,0,2,2
2022-09-01T12:15:00-00:00,2022-09-01T12:30:00-00:00,2022-09-01,06,BERNARDO_6_N014,BERNARDO_6_N014,BERNARDO_6_N014,RTPD,MCC,LMP_CONG_PRC,BERNARDO_6_N014,ALL,1,5.72073,2,2
2022-09-01T13:15:00-00:00,2022-09-01T13:30:00-00:00,2022-09-01,07,BERNARDO_6_N014,BERNARDO_6_N014,BERNARDO_6_N014,RTPD,MCC,LMP_CONG_PRC,BERNARDO_6_N014,ALL,1,0.54704,2,2
2022-09-01T14:15:00-00:00,2022-09-01T14:30:00-00:00,2022-09-01,08,BERNARDO_6_N014,BERNARDO_6_N014,BERNARDO_6_N014,RTPD,MCC,LMP_CONG_PRC,BERNARDO_6_N014,ALL,1,92.47036,2,2
2022-09-01T15:15:00-00:00,2022-09-01T15:30:00-00:00,2022-09-01,09,BERNARDO_6_N014,BERNARDO_6_N014,BERNARDO_6_N014,RTPD,MCC,LMP_CONG_PRC,BERNARDO_6_N014,ALL,1,215.43726,2,2
2022-09-01T16:15:00-00:00,2022-09-01T16:30:00-00:00,2022-09-01,10,BERNARDO_6_N014,BERNARDO_6_N014,BERNARDO_6_N014,RTPD,MCC,LMP_CONG_PRC,BERNARDO_6_N014,ALL,1,141.63025,2,2
2022-09-01T17:15:00-00:00,2022-09-01T17:30:00-00:00,2022-09-01,11,BERNARDO_6_N014,BERNARDO_6_N014,BERNARDO_6_N014,RTPD,MCC,LMP_CONG_PRC,BERNARDO_6_N014,ALL,1,155.60237,2,2
2022-09-01T18:15:00-00:00,2022-09-01T18:30:00-00:00,2022-09-01,12,BERNARDO_6_N014,BERNARDO_6_N014,BERNARDO_6_N014,RTPD,MCC,LMP_CONG_PRC,BERNARDO_6_N014,ALL,1,188.23875,2,2
2022-09-01T19:15:00-00:00,2022-09-01T19:30:00-00:00,2022-09-01,13,BERNARDO_6_N014,BERNARDO_6_N014,BERNARDO_6_N014,RTPD,MCC,LMP_CONG_PRC,BERNARDO_6_N014,ALL,1,157.5832,2,2
2022-09-01T20:15:00-00:00,2022-09-01T20:30:00-00:00,2022-09-01,14,BERNARDO_6_N014,BERNARDO_6_N014,BERNARDO_6_N014,RTPD,MCC,LMP_CONG_PRC,BERNARDO_6_N014,ALL,1,97.09479,2,2
2022-09-01T21:15:00-00:00,2022-09-01T21:30:00-00:00,2022-09-01,15,BERNARDO_6_N014,BERNARDO_6_N014,BERNARDO_6_N014,RTPD,MCC,LMP_CONG_PRC,BERNARDO_6_N014,ALL,1,217.45589,2,2
2022-09-01T22:15:00-00:00,2022-09-01T22:30:00-00:00,2022-09-01,16,BERNARDO_6_N014,BERNARDO_6_N014,BERNARDO_6_N014,RTPD,MCC,LMP_CONG_PRC,BERNARDO_6_N014,ALL,1,789.2288,2,2
2022-09-01T23:15:00-00:00,2022-09-01T23:30:00-00:00,2022-09-01,17,BERNARDO_6_N014,BERNARDO_6_N014,BERNARDO_6_N014,RTPD,MCC,LMP_CONG_PRC,BERNARDO_6_N014,ALL,1,1460.9271,2,2
2022-09-02T00:15:00-00:00,2022-09-02T00:30:00-00:00,2022-09-01,18,BERNARDO_6_N014,BERNARDO_6_N014,BERNARDO_6_N014,RTPD,MCC,LMP_CONG_PRC,BERNARDO_6_N014,ALL,1,982.7385,2,2
2022-09-02T01:15:00-00:00,2022-09-02T01:30:00-00:00,2022-09-01,19,BERNARDO_6_N014,BERNARDO_6_N014,BERNARDO_6_N014,RTPD,MCC,LMP_CONG_PRC,BERNARDO_6_N014,ALL,1,488,2,2
2022-09-02T02:15:00-00:00,2022-09-02T02:30:00-00:00,2022-09-01,20,BERNARDO_6_N014,BERNARDO_6_N014,BERNARDO_6_N014,RTPD,MCC,LMP_CONG_PRC,BERNARDO_6_N014,ALL,1,0,2,2
2022-09-02T03:15:00-00:00,2022-09-02T03:30:00-00:00,2022-09-01,21,BERNARDO_6_N014,BERNARDO_6_N014,BERNARDO_6_N014,RTPD,MCC,LMP_CONG_PRC,BERNARDO_6_N014,ALL,1,97.81671,2,2
2022-09-02T04:15:00-00:00,2022-09-02T04:30:00-00:00,2022-09-01,22,BERNARDO_6_N014,BERNARDO_6_N014,BERNARDO_6_N014,RTPD,MCC,LMP_CONG_PRC,BERNARDO_6_N014,ALL,1,-57.14968,2,2
2022-09-02T05:15:00-00:00,2022-09-02T05:30:00-00:00,2022-09-01,23,BERNARDO_6_N014,BERNARDO_6_N014,BERNARDO_6_N014,RTPD,MCC,LMP_CONG_PRC,BERNARDO_6_N014,ALL,1,14.0514,2,2
2022-09-02T06:15:00-00:00,2022-09-02T06:30:00-00:00,2022-09-01,24,BERNARDO_6_N014,BERNARDO_6_N014,BERNARDO_6_N014,RTPD,MCC,LMP_CONG_PRC,BERNARDO_6_N014,ALL,1,4.89259,2,2
2022-09-01T07:30:00-00:00,2022-09-01T07:45:00-00:00,2022-09-01,01,BERNARDO_6_N014,BERNARDO_6_N014,BERNARDO_6_N014,RTPD,MCC,LMP_CONG_PRC,BERNARDO_6_N014,ALL,1,14.47242,3,2
2022-09-01T08:30:00-00:00,2022-09-01T08:45:00-00:00,2022-09-01,02,BERNARDO_6_N014,BERNARDO_6_N014,BERNARDO_6_N014,RTPD,MCC,LMP_CONG_PRC,BERNARDO_6_N014,ALL,1,0.00078,3,2
2022-09-01T09:30:00-00:00,2022-09-01T09:45:00-00:00,2022-09-01,03,BERNARDO_6_N014,BERNARDO_6_N014,BERNARDO_6_N014,RTPD,MCC,LMP_CONG_PRC,BERNARDO_6_N014,ALL,1,5.27823,3,2
2022-09-01T10:30:00-00:00,2022-09-01T10:45:00-00:00,2022-09-01,04,BERNARDO_6_N014,BERNARDO_6_N014,BERNARDO_6_N014,RTPD,MCC,LMP_CONG_PRC,BERNARDO_6_N014,ALL,1,2.84483,3,2
2022-09-01T11:30:00-00:00,2022-09-01T11:45:00-00:00,2022-09-01,05,BERNARDO_6_N014,BERNARDO_6_N014,BERNARDO_6_N014,RTPD,MCC,LMP_CONG_PRC,BERNARDO_6_N014,ALL,1,0,3,2
2022-09-01T12:30:00-00:00,2022-09-01T12:45:00-00:00,2022-09-01,06,BERNARDO_6_N014,BERNARDO_6_N014,BERNARDO_6_N014,RTPD,MCC,LMP_CONG_PRC,BERNARDO_6_N014,ALL,1,9.90526,3,2
2022-09-01T13:30:00-00:00,2022-09-01T13:45:00-00:00,2022-09-01,07,BERNARDO_6_N014,BERNARDO_6_N014,BERNARDO_6_N014,RTPD,MCC,LMP_CONG_PRC,BERNARDO_6_N014,ALL,1,7.07988,3,2
2022-09-01T14:30:00-00:00,2022-09-01T14:45:00-00:00,2022-09-01,08,BERNARDO_6_N014,BERNARDO_6_N014,BERNARDO_6_N014,RTPD,MCC,LMP_CONG_PRC,BERNARDO_6_N014,ALL,1,67.72869,3,2
2022-09-01T15:30:00-00:00,2022-09-01T15:45:00-00:00,2022-09-01,09,BERNARDO_6_N014,BERNARDO_6_N014,BERNARDO_6_N014,RTPD,MCC,LMP_CONG_PRC,BERNARDO_6_N014,ALL,1,276.20343,3,2
2022-09-01T16:30:00-00:00,2022-09-01T16:45:00-00:00,2022-09-01,10,BERNARDO_6_N014,BERNARDO_6_N014,BERNARDO_6_N014,RTPD,MCC,LMP_CONG_PRC,BERNARDO_6_N014,ALL,1,124.767,3,2
2022-09-01T17:30:00-00:00,2022-09-01T17:45:00-00:00,2022-09-01,11,BERNARDO_6_N014,BERNARDO_6_N014,BERNARDO_6_N014,RTPD,MCC,LMP_CONG_PRC,BERNARDO_6_N014,ALL,1,138.98799,3,2
2022-09-01T18:30:00-00:00,2022-09-01T18:45:00-00:00,2022-09-01,12,BERNARDO_6_N014,BERNARDO_6_N014,BERNARDO_6_N014,RTPD,MCC,LMP_CONG_PRC,BERNARDO_6_N014,ALL,1,184.88998,3,2
2022-09-01T19:30:00-00:00,2022-09-01T19:45:00-00:00,2022-09-01,13,BERNARDO_6_N014,BERNARDO_6_N014,BERNARDO_6_N014,RTPD,MCC,LMP_CONG_PRC,BERNARDO_6_N014,ALL,1,140.30652,3,2
2022-09-01T20:30:00-00:00,2022-09-01T20:45:00-00:00,2022-09-01,14,BERNARDO_6_N014,BERNARDO_6_N014,BERNARDO_6_N014,RTPD,MCC,LMP_CONG_PRC,BERNARDO_6_N014,ALL,1,150.8798,3,2
2022-09-01T21:30:00-00:00,2022-09-01T21:45:00-00:00,2022-09-01,15,BERNARDO_6_N014,BERNARDO_6_N014,BERNARDO_6_N014,RTPD,MCC,LMP_CONG_PRC,BERNARDO_6_N014,ALL,1,250.68832,3,2
2022-09-01T22:30:00-00:00,2022-09-01T22:45:00-00:00,2022-09-01,16,BERNARDO_6_N014,BERNARDO_6_N014,BERNARDO_6_N014,RTPD,MCC,LMP_CONG_PRC,BERNARDO_6_N014,ALL,1,950.21313,3,2
2022-09-01T23:30:00-00:00,2022-09-01T23:45:00-00:00,2022-09-01,17,BERNARDO_6_N014,BERNARDO_6_N014,BERNARDO_6_N014,RTPD,MCC,LMP_CONG_PRC,BERNARDO_6_N014,ALL,1,1386.2612,3,2
2022-09-02T00:30:00-00:00,2022-09-02T00:45:00-00:00,2022-09-01,18,BERNARDO_6_N014,BERNARDO_6_N014,BERNARDO_6_N014,RTPD,MCC,LMP_CONG_PRC,BERNARDO_6_N014,ALL,1,730.0127,3,2
2022-09-02T01:30:00-00:00,2022-09-02T01:45:00-00:00,2022-09-01,19,BERNARDO_6_N014,BERNARDO_6_N014,BERNARDO_6_N014,RTPD,MCC,LMP_CONG_PRC,BERNARDO_6_N014,ALL,1,94.77075,3,2
2022-09-02T02:30:00-00:00,2022-09-02T02:45:00-00:00,2022-09-01,20,BERNARDO_6_N014,BERNARDO_6_N014,BERNARDO_6_N014,RTPD,MCC,LMP_CONG_PRC,BERNARDO_6_N014,ALL,1,0,3,2
2022-09-02T03:30:00-00:00,2022-09-02T03:45:00-00:00,2022-09-01,21,BERNARDO_6_N014,BERNARDO_6_N014,BERNARDO_6_N014,RTPD,MCC,LMP_CONG_PRC,BERNARDO_6_N014,ALL,1,23.3406,3,2
2022-09-02T04:30:00-00:00,2022-09-02T04:45:00-00:00,2022-09-01,22,BERNARDO_6_N014,BERNARDO_6_N014,BERNARDO_6_N014,RTPD,MCC,LMP_CONG_PRC,BERNARDO_6_N014,ALL,1,-26.21204,3,2
2022-09-02T05:30:00-00:00,2022-09-02T05:45:00-00:00,2022-09-01,23,BERNARDO_6_N014,BERNARDO_6_N014,BERNARDO_6_N014,RTPD,MCC,LMP_CONG_PRC,BERNARDO_6_N014,ALL,1,17.01711,3,2
2022-09-02T06:30:00-00:00,2022-09-02T06:45:00-00:00,2022-09-01,24,BERNARDO_6_N014,BERNARDO_6_N014,BERNARDO_6_N014,RTPD,MCC,LMP_CONG_PRC,BERNARDO_6_N014,ALL,1,10.75982,3,2
2022-09-01T07:45:00-00:00,2022-09-01T08:00:00-00:00,2022-09-01,01,BERNARDO_6_N014,BERNARDO_6_N014,BERNARDO_6_N014,RTPD,MCC,LMP_CONG_PRC,BERNARDO_6_N014,ALL,1,16.54152,4,2
2022-09-01T08:45:00-00:00,2022-09-01T09:00:00-00:00,2022-09-01,02,BERNARDO_6_N014,BERNARDO_6_N014,BERNARDO_6_N014,RTPD,MCC,LMP_CONG_PRC,BERNARDO_6_N014,ALL,1,4.038,4,2
2022-09-01T09:45:00-00:00,2022-09-01T10:00:00-00:00,2022-09-01,03,BERNARDO_6_N014,BERNARDO_6_N014,BERNARDO_6_N014,RTPD,MCC,LMP_CONG_PRC,BERNARDO_6_N014,ALL,1,4.75598,4,2
2022-09-01T10:45:00-00:00,2022-09-01T11:00:00-00:00,2022-09-01,04,BERNARDO_6_N014,BERNARDO_6_N014,BERNARDO_6_N014,RTPD,MCC,LMP_CONG_PRC,BERNARDO_6_N014,ALL,1,1.12034,4,2
2022-09-01T11:45:00-00:00,2022-09-01T12:00:00-00:00,2022-09-01,05,BERNARDO_6_N014,BERNARDO_6_N014,BERNARDO_6_N014,RTPD,MCC,LMP_CONG_PRC,BERNARDO_6_N014,ALL,1,0,4,2
2022-09-01T12:45:00-00:00,2022-09-01T13:00:00-00:00,2022-09-01,06,BERNARDO_6_N014,BERNARDO_6_N014,BERNARDO_6_N014,RTPD,MCC,LMP_CONG_PRC,BERNARDO_6_N014,ALL,1,2.2269,4,2
2022-09-01T13:45:00-00:00,2022-09-01T14:00:00-00:00,2022-09-01,07,BERNARDO_6_N014,BERNARDO_6_N014,BERNARDO_6_N014,RTPD,MCC,LMP_CONG_PRC,BERNARDO_6_N014,ALL,1,33.6875,4,2
2022-09-01T14:45:00-00:00,2022-09-01T15:00:00-00:00,2022-09-01,08,BERNARDO_6_N014,BERNARDO_6_N014,BERNARDO_6_N014,RTPD,MCC,LMP_CONG_PRC,BERNARDO_6_N014,ALL,1,86.04848,4,2
2022-09-01T15:45:00-00:00,2022-09-01T16:00:00-00:00,2022-09-01,09,BERNARDO_6_N014,BERNARDO_6_N014,BERNARDO_6_N014,RTPD,MCC,LMP_CONG_PRC,BERNARDO_6_N014,ALL,1,136.81068,4,2
2022-09-01T16:45:00-00:00,2022-09-01T17:00:00-00:00,2022-09-01,10,BERNARDO_6_N014,BERNARDO_6_N014,BERNARDO_6_N014,RTPD,MCC,LMP_CONG_PRC,BERNARDO_6_N014,ALL,1,122.81163,4,2
2022-09-01T17:45:00-00:00,2022-09-01T18:00:00-00:00,2022-09-01,11,BERNARDO_6_N014,BERNARDO_6_N014,BERNARDO_6_N014,RTPD,MCC,LMP_CONG_PRC,BERNARDO_6_N014,ALL,1,144.83852,4,2
2022-09-01T18:45:00-00:00,2022-09-01T19:00:00-00:00,2022-09-01,12,BERNARDO_6_N014,BERNARDO_6_N014,BERNARDO_6_N014,RTPD,MCC,LMP_CONG_PRC,BERNARDO_6_N014,ALL,1,197.63924,4,2
2022-09-01T19:45:00-00:00,2022-09-01T20:00:00-00:00,2022-09-01,13,BERNARDO_6_N014,BERNARDO_6_N014,BERNARDO_6_N014,RTPD,MCC,LMP_CONG_PRC,BERNARDO_6_N014,ALL,1,147.27574,4,2
2022-09-01T20:45:00-00:00,2022-09-01T21:00:00-00:00,2022-09-01,14,BERNARDO_6_N014,BERNARDO_6_N014,BERNARDO_6_N014,RTPD,MCC,LMP_CONG_PRC,BERNARDO_6_N014,ALL,1,203.684,4,2
2022-09-01T21:45:00-00:00,2022-09-01T22:00:00-00:00,2022-09-01,15,BERNARDO_6_N014,BERNARDO_6_N014,BERNARDO_6_N014,RTPD,MCC,LMP_CONG_PRC,BERNARDO_6_N014,ALL,1,930.7922,4,2
2022-09-01T22:45:00-00:00,2022-09-01T23:00:00-00:00,2022-09-01,16,BERNARDO_6_N014,BERNARDO_6_N014,BERNARDO_6_N014,RTPD,MCC,LMP_CONG_PRC,BERNARDO_6_N014,ALL,1,1729.2645,4,2
2022-09-01T23:45:00-00:00,2022-09-02T00:00:00-00:00,2022-09-01,17,BERNARDO_6_N014,BERNARDO_6_N014,BERNARDO_6_N014,RTPD,MCC,LMP_CONG_PRC,BERNARDO_6_N014,ALL,1,2313.9238,4,2
2022-09-02T00:45:00-00:00,2022-09-02T01:00:00-00:00,2022-09-01,18,BERNARDO_6_N014,BERNARDO_6_N014,BERNARDO_6_N014,RTPD,MCC,LMP_CONG_PRC,BERNARDO_6_N014,ALL,1,1350.5907,4,2
2022-09-02T01:45:00-00:00,2022-09-02T02:00:00-00:00,2022-09-01,19,BERNARDO_6_N014,BERNARDO_6_N014,BERNARDO_6_N014,RTPD,MCC,LMP_CONG_PRC,BERNARDO_6_N014,ALL,1,0,4,2
2022-09-02T02:45:00-00:00,2022-09-02T03:00:00-00:00,2022-09-01,20,BERNARDO_6_N014,BERNARDO_6_N014,BERNARDO_6_N014,RTPD,MCC,LMP_CONG_PRC,BERNARDO_6_N014,ALL,1,1039.7654,4,2
2022-09-02T03:45:00-00:00,2022-09-02T04:00:00-00:00,2022-09-01,21,BERNARDO_6_N014,BERNARDO_6_N014,BERNARDO_6_N014,RTPD,MCC,LMP_CONG_PRC,BERNARDO_6_N014,ALL,1,15.41535,4,2
2022-09-02T04:45:00-00:00,2022-09-02T05:00:00-00:00,2022-09-01,22,BERNARDO_6_N014,BERNARDO_6_N014,BERNARDO_6_N014,RTPD,MCC,LMP_CONG_PRC,BERNARDO_6_N014,ALL,1,10.47622,4,2
2022-09-02T05:45:00-00:00,2022-09-02T06:00:00-00:00,2022-09-01,23,BERNARDO_6_N014,BERNARDO_6_N014,BERNARDO_6_N014,RTPD,MCC,LMP_CONG_PRC,BERNARDO_6_N014,ALL,1,22.77863,4,2
2022-09-02T06:45:00-00:00,2022-09-02T07:00:00-00:00,2022-09-01,24,BERNARDO_6_N014,BERNARDO_6_N014,BERNARDO_6_N014,RTPD,MCC,LMP_CONG_PRC,BERNARDO_6_N014,ALL,1,6.72825,4,2
2022-09-01T07:00:00-00:00,2022-09-01T07:15:00-00:00,2022-09-01,01,BERNARDO_6_N014,BERNARDO_6_N014,BERNARDO_6_N014,RTPD,MCE,LMP_ENE_PRC,BERNARDO_6_N014,ALL,1,104.23471,1,3
2022-09-01T08:00:00-00:00,2022-09-01T08:15:00-00:00,2022-09-01,02,BERNARDO_6_N014,BERNARDO_6_N014,BERNARDO_6_N014,RTPD,MCE,LMP_ENE_PRC,BERNARDO_6_N014,ALL,1,115.5488,1,3
2022-09-01T09:00:00-00:00,2022-09-01T09:15:00-00:00,2022-09-01,03,BERNARDO_6_N014,BERNARDO_6_N014,BERNARDO_6_N014,RTPD,MCE,LMP_ENE_PRC,BERNARDO_6_N014,ALL,1,99.73061,1,3
2022-09-01T10:00:00-00:00,2022-09-01T10:15:00-00:00,2022-09-01,04,BERNARDO_6_N014,BERNARDO_6_N014,BERNARDO_6_N014,RTPD,MCE,LMP_ENE_PRC,BERNARDO_6_N014,ALL,1,98.64222,1,3
2022-09-01T11:00:00-00:00,2022-09-01T11:15:00-00:00,2022-09-01,05,BERNARDO_6_N014,BERNARDO_6_N014,BERNARDO_6_N014,RTPD,MCE,LMP_ENE_PRC,BERNARDO_6_N014,ALL,1,102.56859,1,3
2022-09-01T12:00:00-00:00,2022-09-01T12:15:00-00:00,2022-09-01,06,BERNARDO_6_N014,BERNARDO_6_N014,BERNARDO_6_N014,RTPD,MCE,LMP_ENE_PRC,BERNARDO_6_N014,ALL,1,96.90845,1,3
2022-09-01T13:00:00-00:00,2022-09-01T13:15:00-00:00,2022-09-01,07,BERNARDO_6_N014,BERNARDO_6_N014,BERNARDO_6_N014,RTPD,MCE,LMP_ENE_PRC,BERNARDO_6_N014,ALL,1,101.80878,1,3
2022-09-01T14:00:00-00:00,2022-09-01T14:15:00-00:00,2022-09-01,08,BERNARDO_6_N014,BERNARDO_6_N014,BERNARDO_6_N014,RTPD,MCE,LMP_ENE_PRC,BERNARDO_6_N014,ALL,1,111.11219,1,3
2022-09-01T15:00:00-00:00,2022-09-01T15:15:00-00:00,2022-09-01,09,BERNARDO_6_N014,BERNARDO_6_N014,BERNARDO_6_N014,RTPD,MCE,LMP_ENE_PRC,BERNARDO_6_N014,ALL,1,97.4112,1,3
2022-09-01T16:00:00-00:00,2022-09-01T16:15:00-00:00,2022-09-01,10,BERNARDO_6_N014,BERNARDO_6_N014,BERNARDO_6_N014,RTPD,MCE,LMP_ENE_PRC,BERNARDO_6_N014,ALL,1,83.43525,1,3
2022-09-01T17:00:00-00:00,2022-09-01T17:15:00-00:00,2022-09-01,11,BERNARDO_6_N014,BERNARDO_6_N014,BERNARDO_6_N014,RTPD,MCE,LMP_ENE_PRC,BERNARDO_6_N014,ALL,1,96.94897,1,3
2022-09-01T18:00:00-00:00,2022-09-01T18:15:00-00:00,2022-09-01,12,BERNARDO_6_N014,BERNARDO_6_N014,BERNARDO_6_N014,RTPD,MCE,LMP_ENE_PRC,BERNARDO_6_N014,ALL,1,91.59291,1,3
2022-09-01T19:00:00-00:00,2022-09-01T19:15:00-00:00,2022-09-01,13,BERNARDO_6_N014,BERNARDO_6_N014,BERNARDO_6_N014,RTPD,MCE,LMP_ENE_PRC,BERNARDO_6_N014,ALL,1,109.19637,1,3
2022-09-01T20:00:00-00:00,2022-09-01T20:15:00-00:00,2022-09-01,14,BERNARDO_6_N014,BERNARDO_6_N014,BERNARDO_6_N014,RTPD,MCE,LMP_ENE_PRC,BERNARDO_6_N014,ALL,1,117.94359,1,3
2022-09-01T21:00:00-00:00,2022-09-01T21:15:00-00:00,2022-09-01,15,BERNARDO_6_N014,BERNARDO_6_N014,BERNARDO_6_N014,RTPD,MCE,LMP_ENE_PRC,BERNARDO_6_N014,ALL,1,226.61499,1,3
2022-09-01T22:00:00-00:00,2022-09-01T22:15:00-00:00,2022-09-01,16,BERNARDO_6_N014,BERNARDO_6_N014,BERNARDO_6_N014,RTPD,MCE,LMP_ENE_PRC,BERNARDO_6_N014,ALL,1,229.18552,1,3
2022-09-01T23:00:00-00:00,2022-09-01T23:15:00-00:00,2022-09-01,17,BERNARDO_6_N014,BERNARDO_6_N014,BERNARDO_6_N014,RTPD,MCE,LMP_ENE_PRC,BERNARDO_6_N014,ALL,1,386.7537,1,3
2022-09-02T00:00:00-00:00,2022-09-02T00:15:00-00:00,2022-09-01,18,BERNARDO_6_N014,BERNARDO_6_N014,BERNARDO_6_N014,RTPD,MCE,LMP_ENE_PRC,BERNARDO_6_N014,ALL,1,770.58136,1,3
2022-09-02T01:00:00-00:00,2022-09-02T01:15:00-00:00,2022-09-01,19,BERNARDO_6_N014,BERNARDO_6_N014,BERNARDO_6_N014,RTPD,MCE,LMP_ENE_PRC,BERNARDO_6_N014,ALL,1,916.27124,1,3
2022-09-02T02:00:00-00:00,2022-09-02T02:15:00-00:00,2022-09-01,20,BERNARDO_6_N014,BERNARDO_6_N014,BERNARDO_6_N014,RTPD,MCE,LMP_ENE_PRC,BERNARDO_6_N014,ALL,1,1991.6721,1,3
2022-09-02T03:00:00-00:00,2022-09-02T03:15:00-00:00,2022-09-01,21,BERNARDO_6_N014,BERNARDO_6_N014,BERNARDO_6_N014,RTPD,MCE,LMP_ENE_PRC,BERNARDO_6_N014,ALL,1,917.5508,1,3
2022-09-02T04:00:00-00:00,2022-09-02T04:15:00-00:00,2022-09-01,22,BERNARDO_6_N014,BERNARDO_6_N014,BERNARDO_6_N014,RTPD,MCE,LMP_ENE_PRC,BERNARDO_6_N014,ALL,1,257.83005,1,3
2022-09-02T05:00:00-00:00,2022-09-02T05:15:00-00:00,2022-09-01,23,BERNARDO_6_N014,BERNARDO_6_N014,BERNARDO_6_N014,RTPD,MCE,LMP_ENE_PRC,BERNARDO_6_N014,ALL,1,183.24657,1,3
2022-09-02T06:00:00-00:00,2022-09-02T06:15:00-00:00,2022-09-01,24,BERNARDO_6_N014,BERNARDO_6_N014,BERNARDO_6_N014,RTPD,MCE,LMP_ENE_PRC,BERNARDO_6_N014,ALL,1,158.867,1,3
2022-09-01T07:15:00-00:00,2022-09-01T07:30:00-00:00,2022-09-01,01,BERNARDO_6_N014,BERNARDO_6_N014,BERNARDO_6_N014,RTPD,MCE,LMP_ENE_PRC,BERNARDO_6_N014,ALL,1,125.55144,2,3
2022-09-01T08:15:00-00:00,2022-09-01T08:30:00-00:00,2022-09-01,02,BERNARDO_6_N014,BERNARDO_6_N014,BERNARDO_6_N014,RTPD,MCE,LMP_ENE_PRC,BERNARDO_6_N014,ALL,1,115.53165,2,3
2022-09-01T09:15:00-00:00,2022-09-01T09:30:00-00:00,2022-09-01,03,BERNARDO_6_N014,BERNARDO_6_N014,BERNARDO_6_N014,RTPD,MCE,LMP_ENE_PRC,BERNARDO_6_N014,ALL,1,98.30543,2,3
2022-09-01T10:15:00-00:00,2022-09-01T10:30:00-00:00,2022-09-01,04,BERNARDO_6_N014,BERNARDO_6_N014,BERNARDO_6_N014,RTPD,MCE,LMP_ENE_PRC,BERNARDO_6_N014,ALL,1,97.00684,2,3
2022-09-01T11:15:00-00:00,2022-09-01T11:30:00-00:00,2022-09-01,05,BERNARDO_6_N014,BERNARDO_6_N014,BERNARDO_6_N014,RTPD,MCE,LMP_ENE_PRC,BERNARDO_6_N014,ALL,1,103.09059,2,3
2022-09-01T12:15:00-00:00,2022-09-01T12:30:00-00:00,2022-09-01,06,BERNARDO_6_N014,BERNARDO_6_N014,BERNARDO_6_N014,RTPD,MCE,LMP_ENE_PRC,BERNARDO_6_N014,ALL,1,109.32203,2,3
2022-09-01T13:15:00-00:00,2022-09-01T13:30:00-00:00,2022-09-01,07,BERNARDO_6_N014,BERNARDO_6_N014,BERNARDO_6_N014,RTPD,MCE,LMP_ENE_PRC,BERNARDO_6_N014,ALL,1,110.97827,2,3
2022-09-01T14:15:00-00:00,2022-09-01T14:30:00-00:00,2022-09-01,08,BERNARDO_6_N014,BERNARDO_6_N014,BERNARDO_6_N014,RTPD,MCE,LMP_ENE_PRC,BERNARDO_6_N014,ALL,1,104.78743,2,3
2022-09-01T15:15:00-00:00,2022-09-01T15:30:00-00:00,2022-09-01,09,BERNARDO_6_N014,BERNARDO_6_N014,BERNARDO_6_N014,RTPD,MCE,LMP_ENE_PRC,BERNARDO_6_N014,ALL,1,86.9388,2,3
2022-09-01T16:15:00-00:00,2022-09-01T16:30:00-00:00,2022-09-01,10,BERNARDO_6_N014,BERNARDO_6_N014,BERNARDO_6_N014,RTPD,MCE,LMP_ENE_PRC,BERNARDO_6_N014,ALL,1,89.44858,2,3
2022-09-01T17:15:00-00:00,2022-09-01T17:30:00-00:00,2022-09-01,11,BERNARDO_6_N014,BERNARDO_6_N014,BERNARDO_6_N014,RTPD,MCE,LMP_ENE_PRC,BERNARDO_6_N014,ALL,1,99.34673,2,3
2022-09-01T18:15:00-00:00,2022-09-01T18:30:00-00:00,2022-09-01,12,BERNARDO_6_N014,BERNARDO_6_N014,BERNARDO_6_N014,RTPD,MCE,LMP_ENE_PRC,BERNARDO_6_N014,ALL,1,101.15901,2,3
2022-09-01T19:15:00-00:00,2022-09-01T19:30:00-00:00,2022-09-01,13,BERNARDO_6_N014,BERNARDO_6_N014,BERNARDO_6_N014,RTPD,MCE,LMP_ENE_PRC,BERNARDO_6_N014,ALL,1,105.30588,2,3
2022-09-01T20:15:00-00:00,2022-09-01T20:30:00-00:00,2022-09-01,14,BERNARDO_6_N014,BERNARDO_6_N014,BERNARDO_6_N014,RTPD,MCE,LMP_ENE_PRC,BERNARDO_6_N014,ALL,1,117.49421,2,3
2022-09-01T21:15:00-00:00,2022-09-01T21:30:00-00:00,2022-09-01,15,BERNARDO_6_N014,BERNARDO_6_N014,BERNARDO_6_N014,RTPD,MCE,LMP_ENE_PRC,BERNARDO_6_N014,ALL,1,147.21185,2,3
2022-09-01T22:15:00-00:00,2022-09-01T22:30:00-00:00,2022-09-01,16,BERNARDO_6_N014,BERNARDO_6_N014,BERNARDO_6_N014,RTPD,MCE,LMP_ENE_PRC,BERNARDO_6_N014,ALL,1,256.58734,2,3
2022-09-01T23:15:00-00:00,2022-09-01T23:30:00-00:00,2022-09-01,17,BERNARDO_6_N014,BERNARDO_6_N014,BERNARDO_6_N014,RTPD,MCE,LMP_ENE_PRC,BERNARDO_6_N014,ALL,1,362.12408,2,3
2022-09-02T00:15:00-00:00,2022-09-02T00:30:00-00:00,2022-09-01,18,BERNARDO_6_N014,BERNARDO_6_N014,BERNARDO_6_N014,RTPD,MCE,LMP_ENE_PRC,BERNARDO_6_N014,ALL,1,691.2182,2,3
2022-09-02T01:15:00-00:00,2022-09-02T01:30:00-00:00,2022-09-01,19,BERNARDO_6_N014,BERNARDO_6_N014,BERNARDO_6_N014,RTPD,MCE,LMP_ENE_PRC,BERNARDO_6_N014,ALL,1,1999.9933,2,3
2022-09-02T02:15:00-00:00,2022-09-02T02:30:00-00:00,2022-09-01,20,BERNARDO_6_N014,BERNARDO_6_N014,BERNARDO_6_N014,RTPD,MCE,LMP_ENE_PRC,BERNARDO_6_N014,ALL,1,1991.6721,2,3
2022-09-02T03:15:00-00:00,2022-09-02T03:30:00-00:00,2022-09-01,21,BERNARDO_6_N014,BERNARDO_6_N014,BERNARDO_6_N014,RTPD,MCE,LMP_ENE_PRC,BERNARDO_6_N014,ALL,1,400.52884,2,3
2022-09-02T04:15:00-00:00,2022-09-02T04:30:00-00:00,2022-09-01,22,BERNARDO_6_N014,BERNARDO_6_N014,BERNARDO_6_N014,RTPD,MCE,LMP_ENE_PRC,BERNARDO_6_N014,ALL,1,224.75041,2,3
2022-09-02T05:15:00-00:00,2022-09-02T05:30:00-00:00,2022-09-01,23,BERNARDO_6_N014,BERNARDO_6_N014,BERNARDO_6_N014,RTPD,MCE,LMP_ENE_PRC,BERNARDO_6_N014,ALL,1,157.11986,2,3
2022-09-02T06:15:00-00:00,2022-09-02T06:30:00-00:00,2022-09-01,24,BERNARDO_6_N014,BERNARDO_6_N014,BERNARDO_6_N014,RTPD,MCE,LMP_ENE_PRC,BERNARDO_6_N014,ALL,1,143.1005,2,3
2022-09-01T07:30:00-00:00,2022-09-01T07:45:00-00:00,2022-09-01,01,BERNARDO_6_N014,BERNARDO_6_N014,BERNARDO_6_N014,RTPD,MCE,LMP_ENE_PRC,BERNARDO_6_N014,ALL,1,119.03196,3,3
2022-09-01T08:30:00-00:00,2022-09-01T08:45:00-00:00,2022-09-01,02,BERNARDO_6_N014,BERNARDO_6_N014,BERNARDO_6_N014,RTPD,MCE,LMP_ENE_PRC,BERNARDO_6_N014,ALL,1,111.11241,3,3
2022-09-01T09:30:00-00:00,2022-09-01T09:45:00-00:00,2022-09-01,03,BERNARDO_6_N014,BERNARDO_6_N014,BERNARDO_6_N014,RTPD,MCE,LMP_ENE_PRC,BERNARDO_6_N014,ALL,1,98.16228,3,3
2022-09-01T10:30:00-00:00,2022-09-01T10:45:00-00:00,2022-09-01,04,BERNARDO_6_N014,BERNARDO_6_N014,BERNARDO_6_N014,RTPD,MCE,LMP_ENE_PRC,BERNARDO_6_N014,ALL,1,96.36226,3,3
2022-09-01T11:30:00-00:00,2022-09-01T11:45:00-00:00,2022-09-01,05,BERNARDO_6_N014,BERNARDO_6_N014,BERNARDO_6_N014,RTPD,MCE,LMP_ENE_PRC,BERNARDO_6_N014,ALL,1,103.06198,3,3
2022-09-01T12:30:00-00:00,2022-09-01T12:45:00-00:00,2022-09-01,06,BERNARDO_6_N014,BERNARDO_6_N014,BERNARDO_6_N014,RTPD,MCE,LMP_ENE_PRC,BERNARDO_6_N014,ALL,1,113.57403,3,3
2022-09-01T13:30:00-00:00,2022-09-01T13:45:00-00:00,2022-09-01,07,BERNARDO_6_N014,BERNARDO_6_N014,BERNARDO_6_N014,RTPD,MCE,LMP_ENE_PRC,BERNARDO_6_N014,ALL,1,111.52025,3,3
2022-09-01T14:30:00-00:00,2022-09-01T14:45:00-00:00,2022-09-01,08,BERNARDO_6_N014,BERNARDO_6_N014,BERNARDO_6_N014,RTPD,MCE,LMP_ENE_PRC,BERNARDO_6_N014,ALL,1,101.83428,3,3
2022-09-01T15:30:00-00:00,2022-09-01T15:45:00-00:00,2022-09-01,09,BERNARDO_6_N014,BERNARDO_6_N014,BERNARDO_6_N014,RTPD,MCE,LMP_ENE_PRC,BERNARDO_6_N014,ALL,1,86.1388,3,3
2022-09-01T16:30:00-00:00,2022-09-01T16:45:00-00:00,2022-09-01,10,BERNARDO_6_N014,BERNARDO_6_N014,BERNARDO_6_N014,RTPD,MCE,LMP_ENE_PRC,BERNARDO_6_N014,ALL,1,88.79644,3,3
2022-09-01T17:30:00-00:00,2022-09-01T17:45:00-00:00,2022-09-01,11,BERNARDO_6_N014,BERNARDO_6_N014,BERNARDO_6_N014,RTPD,MCE,LMP_ENE_PRC,BERNARDO_6_N014,ALL,1,99.13013,3,3
2022-09-01T18:30:00-00:00,2022-09-01T18:45:00-00:00,2022-09-01,12,BERNARDO_6_N014,BERNARDO_6_N014,BERNARDO_6_N014,RTPD,MCE,LMP_ENE_PRC,BERNARDO_6_N014,ALL,1,107.05718,3,3
2022-09-01T19:30:00-00:00,2022-09-01T19:45:00-00:00,2022-09-01,13,BERNARDO_6_N014,BERNARDO_6_N014,BERNARDO_6_N014,RTPD,MCE,LMP_ENE_PRC,BERNARDO_6_N014,ALL,1,114.05905,3,3
2022-09-01T20:30:00-00:00,2022-09-01T20:45:00-00:00,2022-09-01,14,BERNARDO_6_N014,BERNARDO_6_N014,BERNARDO_6_N014,RTPD,MCE,LMP_ENE_PRC,BERNARDO_6_N014,ALL,1,129.81606,3,3
2022-09-01T21:30:00-00:00,2022-09-01T21:45:00-00:00,2022-09-01,15,BERNARDO_6_N014,BERNARDO_6_N014,BERNARDO_6_N014,RTPD,MCE,LMP_ENE_PRC,BERNARDO_6_N014,ALL,1,152.93057,3,3
2022-09-01T22:30:00-00:00,2022-09-01T22:45:00-00:00,2022-09-01,16,BERNARDO_6_N014,BERNARDO_6_N014,BERNARDO_6_N014,RTPD,MCE,LMP_ENE_PRC,BERNARDO_6_N014,ALL,1,283.18182,3,3
2022-09-01T23:30:00-00:00,2022-09-01T23:45:00-00:00,2022-09-01,17,BERNARDO_6_N014,BERNARDO_6_N014,BERNARDO_6_N014,RTPD,MCE,LMP_ENE_PRC,BERNARDO_6_N014,ALL,1,566.48157,3,3
2022-09-02T00:30:00-00:00,2022-09-02T00:45:00-00:00,2022-09-01,18,BERNARDO_6_N014,BERNARDO_6_N014,BERNARDO_6_N014,RTPD,MCE,LMP_ENE_PRC,BERNARDO_6_N014,ALL,1,1329.1127,3,3
2022-09-02T01:30:00-00:00,2022-09-02T01:45:00-00:00,2022-09-01,19,BERNARDO_6_N014,BERNARDO_6_N014,BERNARDO_6_N014,RTPD,MCE,LMP_ENE_PRC,BERNARDO_6_N014,ALL,1,1999.9956,3,3
2022-09-02T02:30:00-00:00,2022-09-02T02:45:00-00:00,2022-09-01,20,BERNARDO_6_N014,BERNARDO_6_N014,BERNARDO_6_N014,RTPD,MCE,LMP_ENE_PRC,BERNARDO_6_N014,ALL,1,1991.671,3,3
2022-09-02T03:30:00-00:00,2022-09-02T03:45:00-00:00,2022-09-01,21,BERNARDO_6_N014,BERNARDO_6_N014,BERNARDO_6_N014,RTPD,MCE,LMP_ENE_PRC,BERNARDO_6_N014,ALL,1,186.61823,3,3
2022-09-02T04:30:00-00:00,2022-09-02T04:45:00-00:00,2022-09-01,22,BERNARDO_6_N014,BERNARDO_6_N014,BERNARDO_6_N014,RTPD,MCE,LMP_ENE_PRC,BERNARDO_6_N014,ALL,1,180.67824,3,3
2022-09-02T05:30:00-00:00,2022-09-02T05:45:00-00:00,2022-09-01,23,BERNARDO_6_N014,BERNARDO_6_N014,BERNARDO_6_N014,RTPD,MCE,LMP_ENE_PRC,BERNARDO_6_N014,ALL,1,131.69917,3,3
2022-09-02T06:30:00-00:00,2022-09-02T06:45:00-00:00,2022-09-01,24,BERNARDO_6_N014,BERNARDO_6_N014,BERNARDO_6_N014,RTPD,MCE,LMP_ENE_PRC,BERNARDO_6_N014,ALL,1,128.9871,3,3
2022-09-01T07:45:00-00:00,2022-09-01T08:00:00-00:00,2022-09-01,01,BERNARDO_6_N014,BERNARDO_6_N014,BERNARDO_6_N014,RTPD,MCE,LMP_ENE_PRC,BERNARDO_6_N014,ALL,1,109.12099,4,3
2022-09-01T08:45:00-00:00,2022-09-01T09:00:00-00:00,2022-09-01,02,BERNARDO_6_N014,BERNARDO_6_N014,BERNARDO_6_N014,RTPD,MCE,LMP_ENE_PRC,BERNARDO_6_N014,ALL,1,98.7357,4,3
2022-09-01T09:45:00-00:00,2022-09-01T10:00:00-00:00,2022-09-01,03,BERNARDO_6_N014,BERNARDO_6_N014,BERNARDO_6_N014,RTPD,MCE,LMP_ENE_PRC,BERNARDO_6_N014,ALL,1,97.50475,4,3
2022-09-01T10:45:00-00:00,2022-09-01T11:00:00-00:00,2022-09-01,04,BERNARDO_6_N014,BERNARDO_6_N014,BERNARDO_6_N014,RTPD,MCE,LMP_ENE_PRC,BERNARDO_6_N014,ALL,1,94.71966,4,3
2022-09-01T11:45:00-00:00,2022-09-01T12:00:00-00:00,2022-09-01,05,BERNARDO_6_N014,BERNARDO_6_N014,BERNARDO_6_N014,RTPD,MCE,LMP_ENE_PRC,BERNARDO_6_N014,ALL,1,107.01,4,3
2022-09-01T12:45:00-00:00,2022-09-01T13:00:00-00:00,2022-09-01,06,BERNARDO_6_N014,BERNARDO_6_N014,BERNARDO_6_N014,RTPD,MCE,LMP_ENE_PRC,BERNARDO_6_N014,ALL,1,116.4848,4,3
2022-09-01T13:45:00-00:00,2022-09-01T14:00:00-00:00,2022-09-01,07,BERNARDO_6_N014,BERNARDO_6_N014,BERNARDO_6_N014,RTPD,MCE,LMP_ENE_PRC,BERNARDO_6_N014,ALL,1,111.41,4,3
2022-09-01T14:45:00-00:00,2022-09-01T15:00:00-00:00,2022-09-01,08,BERNARDO_6_N014,BERNARDO_6_N014,BERNARDO_6_N014,RTPD,MCE,LMP_ENE_PRC,BERNARDO_6_N014,ALL,1,86.1388,4,3
2022-09-01T15:45:00-00:00,2022-09-01T16:00:00-00:00,2022-09-01,09,BERNARDO_6_N014,BERNARDO_6_N014,BERNARDO_6_N014,RTPD,MCE,LMP_ENE_PRC,BERNARDO_6_N014,ALL,1,78.70076,4,3
2022-09-01T16:45:00-00:00,2022-09-01T17:00:00-00:00,2022-09-01,10,BERNARDO_6_N014,BERNARDO_6_N014,BERNARDO_6_N014,RTPD,MCE,LMP_ENE_PRC,BERNARDO_6_N014,ALL,1,91.24933,4,3
2022-09-01T17:45:00-00:00,2022-09-01T18:00:00-00:00,2022-09-01,11,BERNARDO_6_N014,BERNARDO_6_N014,BERNARDO_6_N014,RTPD,MCE,LMP_ENE_PRC,BERNARDO_6_N014,ALL,1,99.20544,4,3
2022-09-01T18:45:00-00:00,2022-09-01T19:00:00-00:00,2022-09-01,12,BERNARDO_6_N014,BERNARDO_6_N014,BERNARDO_6_N014,RTPD,MCE,LMP_ENE_PRC,BERNARDO_6_N014,ALL,1,109.04064,4,3
2022-09-01T19:45:00-00:00,2022-09-01T20:00:00-00:00,2022-09-01,13,BERNARDO_6_N014,BERNARDO_6_N014,BERNARDO_6_N014,RTPD,MCE,LMP_ENE_PRC,BERNARDO_6_N014,ALL,1,120.22491,4,3
2022-09-01T20:45:00-00:00,2022-09-01T21:00:00-00:00,2022-09-01,14,BERNARDO_6_N014,BERNARDO_6_N014,BERNARDO_6_N014,RTPD,MCE,LMP_ENE_PRC,BERNARDO_6_N014,ALL,1,154.02509,4,3
2022-09-01T21:45:00-00:00,2022-09-01T22:00:00-00:00,2022-09-01,15,BERNARDO_6_N014,BERNARDO_6_N014,BERNARDO_6_N014,RTPD,MCE,LMP_ENE_PRC,BERNARDO_6_N014,ALL,1,300.29376,4,3
2022-09-01T22:45:00-00:00,2022-09-01T23:00:00-00:00,2022-09-01,16,BERNARDO_6_N014,BERNARDO_6_N014,BERNARDO_6_N014,RTPD,MCE,LMP_ENE_PRC,BERNARDO_6_N014,ALL,1,429.9137,4,3
2022-09-01T23:45:00-00:00,2022-09-02T00:00:00-00:00,2022-09-01,17,BERNARDO_6_N014,BERNARDO_6_N014,BERNARDO_6_N014,RTPD,MCE,LMP_ENE_PRC,BERNARDO_6_N014,ALL,1,1261.2124,4,3
2022-09-02T00:45:00-00:00,2022-09-02T01:00:00-00:00,2022-09-01,18,BERNARDO_6_N014,BERNARDO_6_N014,BERNARDO_6_N014,RTPD,MCE,LMP_ENE_PRC,BERNARDO_6_N014,ALL,1,1519.149,4,3
2022-09-02T01:45:00-00:00,2022-09-02T02:00:00-00:00,2022-09-01,19,BERNARDO_6_N014,BERNARDO_6_N014,BERNARDO_6_N014,RTPD,MCE,LMP_ENE_PRC,BERNARDO_6_N014,ALL,1,1991.9337,4,3
2022-09-02T02:45:00-00:00,2022-09-02T03:00:00-00:00,2022-09-01,20,BERNARDO_6_N014,BERNARDO_6_N014,BERNARDO_6_N014,RTPD,MCE,LMP_ENE_PRC,BERNARDO_6_N014,ALL,1,1629.6213,4,3
2022-09-02T03:45:00-00:00,2022-09-02T04:00:00-00:00,2022-09-01,21,BERNARDO_6_N014,BERNARDO_6_N014,BERNARDO_6_N014,RTPD,MCE,LMP_ENE_PRC,BERNARDO_6_N014,ALL,1,141.13702,4,3
2022-09-02T04:45:00-00:00,2022-09-02T05:00:00-00:00,2022-09-01,22,BERNARDO_6_N014,BERNARDO_6_N014,BERNARDO_6_N014,RTPD,MCE,LMP_ENE_PRC,BERNARDO_6_N014,ALL,1,126.76372,4,3
2022-09-02T05:45:00-00:00,2022-09-02T06:00:00-00:00,2022-09-01,23,BERNARDO_6_N014,BERNARDO_6_N014,BERNARDO_6_N014,RTPD,MCE,LMP_ENE_PRC,BERNARDO_6_N014,ALL,1,119.00958,4,3
2022-09-02T06:45:00-00:00,2022-09-02T07:00:00-00:00,2022-09-01,24,BERNARDO_6_N014,BERNARDO_6_N014,BERNARDO_6_N014,RTPD,MCE,LMP_ENE_PRC,BERNARDO_6_N014,ALL,1,109.20324,4,3
2022-09-01T07:00:00-00:00,2022-09-01T07:15:00-00:00,2022-09-01,01,BERNARDO_6_N014,BERNARDO_6_N014,BERNARDO_6_N014,RTPD,MCL,LMP_LOSS_PRC,BERNARDO_6_N014,ALL,1,4.972,1,4
2022-09-01T08:00:00-00:00,2022-09-01T08:15:00-00:00,2022-09-01,02,BERNARDO_6_N014,BERNARDO_6_N014,BERNARDO_6_N014,RTPD,MCL,LMP_LOSS_PRC,BERNARDO_6_N014,ALL,1,0,1,4
2022-09-01T09:00:00-00:00,2022-09-01T09:15:00-00:00,2022-09-01,03,BERNARDO_6_N014,BERNARDO_6_N014,BERNARDO_6_N014,RTPD,MCL,LMP_LOSS_PRC,BERNARDO_6_N014,ALL,1,12.81538,1,4
2022-09-01T10:00:00-00:00,2022-09-01T10:15:00-00:00,2022-09-01,04,BERNARDO_6_N014,BERNARDO_6_N014,BERNARDO_6_N014,RTPD,MCL,LMP_LOSS_PRC,BERNARDO_6_N014,ALL,1,12.61634,1,4
2022-09-01T11:00:00-00:00,2022-09-01T11:15:00-00:00,2022-09-01,05,BERNARDO_6_N014,BERNARDO_6_N014,BERNARDO_6_N014,RTPD,MCL,LMP_LOSS_PRC,BERNARDO_6_N014,ALL,1,12.28772,1,4
2022-09-01T12:00:00-00:00,2022-09-01T12:15:00-00:00,2022-09-01,06,BERNARDO_6_N014,BERNARDO_6_N014,BERNARDO_6_N014,RTPD,MCL,LMP_LOSS_PRC,BERNARDO_6_N014,ALL,1,10.93127,1,4
2022-09-01T13:00:00-00:00,2022-09-01T13:15:00-00:00,2022-09-01,07,BERNARDO_6_N014,BERNARDO_6_N014,BERNARDO_6_N014,RTPD,MCL,LMP_LOSS_PRC,BERNARDO_6_N014,ALL,1,0,1,4
2022-09-01T14:00:00-00:00,2022-09-01T14:15:00-00:00,2022-09-01,08,BERNARDO_6_N014,BERNARDO_6_N014,BERNARDO_6_N014,RTPD,MCL,LMP_LOSS_PRC,BERNARDO_6_N014,ALL,1,10.55566,1,4
2022-09-01T15:00:00-00:00,2022-09-01T15:15:00-00:00,2022-09-01,09,BERNARDO_6_N014,BERNARDO_6_N014,BERNARDO_6_N014,RTPD,MCL,LMP_LOSS_PRC,BERNARDO_6_N014,ALL,1,0,1,4
2022-09-01T16:00:00-00:00,2022-09-01T16:15:00-00:00,2022-09-01,10,BERNARDO_6_N014,BERNARDO_6_N014,BERNARDO_6_N014,RTPD,MCL,LMP_LOSS_PRC,BERNARDO_6_N014,ALL,1,0,1,4
2022-09-01T17:00:00-00:00,2022-09-01T17:15:00-00:00,2022-09-01,11,BERNARDO_6_N014,BERNARDO_6_N014,BERNARDO_6_N014,RTPD,MCL,LMP_LOSS_PRC,BERNARDO_6_N014,ALL,1,0,1,4
2022-09-01T18:00:00-00:00,2022-09-01T18:15:00-00:00,2022-09-01,12,BERNARDO_6_N014,BERNARDO_6_N014,BERNARDO_6_N014,RTPD,MCL,LMP_LOSS_PRC,BERNARDO_6_N014,ALL,1,0,1,4
2022-09-01T19:00:00-00:00,2022-09-01T19:15:00-00:00,2022-09-01,13,BERNARDO_6_N014,BERNARDO_6_N014,BERNARDO_6_N014,RTPD,MCL,LMP_LOSS_PRC,BERNARDO_6_N014,ALL,1,0,1,4
2022-09-01T20:00:00-00:00,2022-09-01T20:15:00-00:00,2022-09-01,14,BERNARDO_6_N014,BERNARDO_6_N014,BERNARDO_6_N014,RTPD,MCL,LMP_LOSS_PRC,BERNARDO_6_N014,ALL,1,0,1,4
2022-09-01T21:00:00-00:00,2022-09-01T21:15:00-00:00,2022-09-01,15,BERNARDO_6_N014,BERNARDO_6_N014,BERNARDO_6_N014,RTPD,MCL,LMP_LOSS_PRC,BERNARDO_6_N014,ALL,1,0,1,4
2022-09-01T22:00:00-00:00,2022-09-01T22:15:00-00:00,2022-09-01,16,BERNARDO_6_N014,BERNARDO_6_N014,BERNARDO_6_N014,RTPD,MCL,LMP_LOSS_PRC,BERNARDO_6_N014,ALL,1,0,1,4
2022-09-01T23:00:00-00:00,2022-09-01T23:15:00-00:00,2022-09-01,17,BERNARDO_6_N014,BERNARDO_6_N014,BERNARDO_6_N014,RTPD,MCL,LMP_LOSS_PRC,BERNARDO_6_N014,ALL,1,0,1,4
2022-09-02T00:00:00-00:00,2022-09-02T00:15:00-00:00,2022-09-01,18,BERNARDO_6_N014,BERNARDO_6_N014,BERNARDO_6_N014,RTPD,MCL,LMP_LOSS_PRC,BERNARDO_6_N014,ALL,1,117.82189,1,4
2022-09-02T01:00:00-00:00,2022-09-02T01:15:00-00:00,2022-09-01,19,BERNARDO_6_N014,BERNARDO_6_N014,BERNARDO_6_N014,RTPD,MCL,LMP_LOSS_PRC,BERNARDO_6_N014,ALL,1,0,1,4
2022-09-02T02:00:00-00:00,2022-09-02T02:15:00-00:00,2022-09-01,20,BERNARDO_6_N014,BERNARDO_6_N014,BERNARDO_6_N014,RTPD,MCL,LMP_LOSS_PRC,BERNARDO_6_N014,ALL,1,0,1,4
2022-09-02T03:00:00-00:00,2022-09-02T03:15:00-00:00,2022-09-01,21,BERNARDO_6_N014,BERNARDO_6_N014,BERNARDO_6_N014,RTPD,MCL,LMP_LOSS_PRC,BERNARDO_6_N014,ALL,1,85.24047,1,4
2022-09-02T04:00:00-00:00,2022-09-02T04:15:00-00:00,2022-09-01,22,BERNARDO_6_N014,BERNARDO_6_N014,BERNARDO_6_N014,RTPD,MCL,LMP_LOSS_PRC,BERNARDO_6_N014,ALL,1,31.249,1,4
2022-09-02T05:00:00-00:00,2022-09-02T05:15:00-00:00,2022-09-01,23,BERNARDO_6_N014,BERNARDO_6_N014,BERNARDO_6_N014,RTPD,MCL,LMP_LOSS_PRC,BERNARDO_6_N014,ALL,1,17.71994,1,4
2022-09-02T06:00:00-00:00,2022-09-02T06:15:00-00:00,2022-09-01,24,BERNARDO_6_N014,BERNARDO_6_N014,BERNARDO_6_N014,RTPD,MCL,LMP_LOSS_PRC,BERNARDO_6_N014,ALL,1,15.98202,1,4
2022-09-01T07:15:00-00:00,2022-09-01T07:30:00-00:00,2022-09-01,01,BERNARDO_6_N014,BERNARDO_6_N014,BERNARDO_6_N014,RTPD,MCL,LMP_LOSS_PRC,BERNARDO_6_N014,ALL,1,0,2,4
2022-09-01T08:15:00-00:00,2022-09-01T08:30:00-00:00,2022-09-01,02,BERNARDO_6_N014,BERNARDO_6_N014,BERNARDO_6_N014,RTPD,MCL,LMP_LOSS_PRC,BERNARDO_6_N014,ALL,1,0,2,4
2022-09-01T09:15:00-00:00,2022-09-01T09:30:00-00:00,2022-09-01,03,BERNARDO_6_N014,BERNARDO_6_N014,BERNARDO_6_N014,RTPD,MCL,LMP_LOSS_PRC,BERNARDO_6_N014,ALL,1,12.57326,2,4
2022-09-01T10:15:00-00:00,2022-09-01T10:30:00-00:00,2022-09-01,04,BERNARDO_6_N014,BERNARDO_6_N014,BERNARDO_6_N014,RTPD,MCL,LMP_LOSS_PRC,BERNARDO_6_N014,ALL,1,12.50418,2,4
2022-09-01T11:15:00-00:00,2022-09-01T11:30:00-00:00,2022-09-01,05,BERNARDO_6_N014,BERNARDO_6_N014,BERNARDO_6_N014,RTPD,MCL,LMP_LOSS_PRC,BERNARDO_6_N014,ALL,1,12.42242,2,4
2022-09-01T12:15:00-00:00,2022-09-01T12:30:00-00:00,2022-09-01,06,BERNARDO_6_N014,BERNARDO_6_N014,BERNARDO_6_N014,RTPD,MCL,LMP_LOSS_PRC,BERNARDO_6_N014,ALL,1,12.49551,2,4
2022-09-01T13:15:00-00:00,2022-09-01T13:30:00-00:00,2022-09-01,07,BERNARDO_6_N014,BERNARDO_6_N014,BERNARDO_6_N014,RTPD,MCL,LMP_LOSS_PRC,BERNARDO_6_N014,ALL,1,12.7847,2,4
2022-09-01T14:15:00-00:00,2022-09-01T14:30:00-00:00,2022-09-01,08,BERNARDO_6_N014,BERNARDO_6_N014,BERNARDO_6_N014,RTPD,MCL,LMP_LOSS_PRC,BERNARDO_6_N014,ALL,1,9.40991,2,4
2022-09-01T15:15:00-00:00,2022-09-01T15:30:00-00:00,2022-09-01,09,BERNARDO_6_N014,BERNARDO_6_N014,BERNARDO_6_N014,RTPD,MCL,LMP_LOSS_PRC,BERNARDO_6_N014,ALL,1,0,2,4
2022-09-01T16:15:00-00:00,2022-09-01T16:30:00-00:00,2022-09-01,10,BERNARDO_6_N014,BERNARDO_6_N014,BERNARDO_6_N014,RTPD,MCL,LMP_LOSS_PRC,BERNARDO_6_N014,ALL,1,0,2,4
2022-09-01T17:15:00-00:00,2022-09-01T17:30:00-00:00,2022-09-01,11,BERNARDO_6_N014,BERNARDO_6_N014,BERNARDO_6_N014,RTPD,MCL,LMP_LOSS_PRC,BERNARDO_6_N014,ALL,1,0,2,4
2022-09-01T18:15:00-00:00,2022-09-01T18:30:00-00:00,2022-09-01,12,BERNARDO_6_N014,BERNARDO_6_N014,BERNARDO_6_N014,RTPD,MCL,LMP_LOSS_PRC,BERNARDO_6_N014,ALL,1,0,2,4
2022-09-01T19:15:00-00:00,2022-09-01T19:30:00-00:00,2022-09-01,13,BERNARDO_6_N014,BERNARDO_6_N014,BERNARDO_6_N014,RTPD,MCL,LMP_LOSS_PRC,BERNARDO_6_N014,ALL,1,0,2,4
2022-09-01T20:15:00-00:00,2022-09-01T20:30:00-00:00,2022-09-01,14,BERNARDO_6_N014,BERNARDO_6_N014,BERNARDO_6_N014,RTPD,MCL,LMP_LOSS_PRC,BERNARDO_6_N014,ALL,1,0,2,4
2022-09-01T21:15:00-00:00,2022-09-01T21:30:00-00:00,2022-09-01,15,BERNARDO_6_N014,BERNARDO_6_N014,BERNARDO_6_N014,RTPD,MCL,LMP_LOSS_PRC,BERNARDO_6_N014,ALL,1,0,2,4
2022-09-01T22:15:00-00:00,2022-09-01T22:30:00-00:00,2022-09-01,16,BERNARDO_6_N014,BERNARDO_6_N014,BERNARDO_6_N014,RTPD,MCL,LMP_LOSS_PRC,BERNARDO_6_N014,ALL,1,0,2,4
2022-09-01T23:15:00-00:00,2022-09-01T23:30:00-00:00,2022-09-01,17,BERNARDO_6_N014,BERNARDO_6_N014,BERNARDO_6_N014,RTPD,MCL,LMP_LOSS_PRC,BERNARDO_6_N014,ALL,1,0,2,4
2022-09-02T00:15:00-00:00,2022-09-02T00:30:00-00:00,2022-09-01,18,BERNARDO_6_N014,BERNARDO_6_N014,BERNARDO_6_N014,RTPD,MCL,LMP_LOSS_PRC,BERNARDO_6_N014,ALL,1,98.56772,2,4
2022-09-02T01:15:00-00:00,2022-09-02T01:30:00-00:00,2022-09-01,19,BERNARDO_6_N014,BERNARDO_6_N014,BERNARDO_6_N014,RTPD,MCL,LMP_LOSS_PRC,BERNARDO_6_N014,ALL,1,0,2,4
2022-09-02T02:15:00-00:00,2022-09-02T02:30:00-00:00,2022-09-01,20,BERNARDO_6_N014,BERNARDO_6_N014,BERNARDO_6_N014,RTPD,MCL,LMP_LOSS_PRC,BERNARDO_6_N014,ALL,1,0,2,4
2022-09-02T03:15:00-00:00,2022-09-02T03:30:00-00:00,2022-09-01,21,BERNARDO_6_N014,BERNARDO_6_N014,BERNARDO_6_N014,RTPD,MCL,LMP_LOSS_PRC,BERNARDO_6_N014,ALL,1,39.21177,2,4
2022-09-02T04:15:00-00:00,2022-09-02T04:30:00-00:00,2022-09-01,22,BERNARDO_6_N014,BERNARDO_6_N014,BERNARDO_6_N014,RTPD,MCL,LMP_LOSS_PRC,BERNARDO_6_N014,ALL,1,27.6443,2,4
2022-09-02T05:15:00-00:00,2022-09-02T05:30:00-00:00,2022-09-01,23,BERNARDO_6_N014,BERNARDO_6_N014,BERNARDO_6_N014,RTPD,MCL,LMP_LOSS_PRC,BERNARDO_6_N014,ALL,1,17.4403,2,4
2022-09-02T06:15:00-00:00,2022-09-02T06:30:00-00:00,2022-09-01,24,BERNARDO_6_N014,BERNARDO_6_N014,BERNARDO_6_N014,RTPD,MCL,LMP_LOSS_PRC,BERNARDO_6_N014,ALL,1,15.71243,2,4
2022-09-01T07:30:00-00:00,2022-09-01T07:45:00-00:00,2022-09-01,01,BERNARDO_6_N014,BERNARDO_6_N014,BERNARDO_6_N014,RTPD,MCL,LMP_LOSS_PRC,BERNARDO_6_N014,ALL,1,0,3,4
2022-09-01T08:30:00-00:00,2022-09-01T08:45:00-00:00,2022-09-01,02,BERNARDO_6_N014,BERNARDO_6_N014,BERNARDO_6_N014,RTPD,MCL,LMP_LOSS_PRC,BERNARDO_6_N014,ALL,1,14.2335,3,4
2022-09-01T09:30:00-00:00,2022-09-01T09:45:00-00:00,2022-09-01,03,BERNARDO_6_N014,BERNARDO_6_N014,BERNARDO_6_N014,RTPD,MCL,LMP_LOSS_PRC,BERNARDO_6_N014,ALL,1,12.40771,3,4
2022-09-01T10:30:00-00:00,2022-09-01T10:45:00-00:00,2022-09-01,04,BERNARDO_6_N014,BERNARDO_6_N014,BERNARDO_6_N014,RTPD,MCL,LMP_LOSS_PRC,BERNARDO_6_N014,ALL,1,12.35364,3,4
2022-09-01T11:30:00-00:00,2022-09-01T11:45:00-00:00,2022-09-01,05,BERNARDO_6_N014,BERNARDO_6_N014,BERNARDO_6_N014,RTPD,MCL,LMP_LOSS_PRC,BERNARDO_6_N014,ALL,1,12.3056,3,4
2022-09-01T12:30:00-00:00,2022-09-01T12:45:00-00:00,2022-09-01,06,BERNARDO_6_N014,BERNARDO_6_N014,BERNARDO_6_N014,RTPD,MCL,LMP_LOSS_PRC,BERNARDO_6_N014,ALL,1,12.45907,3,4
2022-09-01T13:30:00-00:00,2022-09-01T13:45:00-00:00,2022-09-01,07,BERNARDO_6_N014,BERNARDO_6_N014,BERNARDO_6_N014,RTPD,MCL,LMP_LOSS_PRC,BERNARDO_6_N014,ALL,1,13.18169,3,4
2022-09-01T14:30:00-00:00,2022-09-01T14:45:00-00:00,2022-09-01,08,BERNARDO_6_N014,BERNARDO_6_N014,BERNARDO_6_N014,RTPD,MCL,LMP_LOSS_PRC,BERNARDO_6_N014,ALL,1,8.42169,3,4
2022-09-01T15:30:00-00:00,2022-09-01T15:45:00-00:00,2022-09-01,09,BERNARDO_6_N014,BERNARDO_6_N014,BERNARDO_6_N014,RTPD,MCL,LMP_LOSS_PRC,BERNARDO_6_N014,ALL,1,0,3,4
2022-09-01T16:30:00-00:00,2022-09-01T16:45:00-00:00,2022-09-01,10,BERNARDO_6_N014,BERNARDO_6_N014,BERNARDO_6_N014,RTPD,MCL,LMP_LOSS_PRC,BERNARDO_6_N014,ALL,1,0,3,4
2022-09-01T17:30:00-00:00,2022-09-01T17:45:00-00:00,2022-09-01,11,BERNARDO_6_N014,BERNARDO_6_N014,BERNARDO_6_N014,RTPD,MCL,LMP_LOSS_PRC,BERNARDO_6_N014,ALL,1,0,3,4
2022-09-01T18:30:00-00:00,2022-09-01T18:45:00-00:00,2022-09-01,12,BERNARDO_6_N014,BERNARDO_6_N014,BERNARDO_6_N014,RTPD,MCL,LMP_LOSS_PRC,BERNARDO_6_N014,ALL,1,0,3,4
2022-09-01T19:30:00-00:00,2022-09-01T19:45:00-00:00,2022-09-01,13,BERNARDO_6_N014,BERNARDO_6_N014,BERNARDO_6_N014,RTPD,MCL,LMP_LOSS_PRC,BERNARDO_6_N014,ALL,1,0,3,4
2022-09-01T20:30:00-00:00,2022-09-01T20:45:00-00:00,2022-09-01,14,BERNARDO_6_N014,BERNARDO_6_N014,BERNARDO_6_N014,RTPD,MCL,LMP_LOSS_PRC,BERNARDO_6_N014,ALL,1,0,3,4
2022-09-01T21:30:00-00:00,2022-09-01T21:45:00-00:00,2022-09-01,15,BERNARDO_6_N014,BERNARDO_6_N014,BERNARDO_6_N014,RTPD,MCL,LMP_LOSS_PRC,BERNARDO_6_N014,ALL,1,0,3,4
2022-09-01T22:30:00-00:00,2022-09-01T22:45:00-00:00,2022-09-01,16,BERNARDO_6_N014,BERNARDO_6_N014,BERNARDO_6_N014,RTPD,MCL,LMP_LOSS_PRC,BERNARDO_6_N014,ALL,1,0,3,4
2022-09-01T23:30:00-00:00,2022-09-01T23:45:00-00:00,2022-09-01,17,BERNARDO_6_N014,BERNARDO_6_N014,BERNARDO_6_N014,RTPD,MCL,LMP_LOSS_PRC,BERNARDO_6_N014,ALL,1,0,3,4
2022-09-02T00:30:00-00:00,2022-09-02T00:45:00-00:00,2022-09-01,18,BERNARDO_6_N014,BERNARDO_6_N014,BERNARDO_6_N014,RTPD,MCL,LMP_LOSS_PRC,BERNARDO_6_N014,ALL,1,0,3,4
2022-09-02T01:30:00-00:00,2022-09-02T01:45:00-00:00,2022-09-01,19,BERNARDO_6_N014,BERNARDO_6_N014,BERNARDO_6_N014,RTPD,MCL,LMP_LOSS_PRC,BERNARDO_6_N014,ALL,1,0,3,4
2022-09-02T02:30:00-00:00,2022-09-02T02:45:00-00:00,2022-09-01,20,BERNARDO_6_N014,BERNARDO_6_N014,BERNARDO_6_N014,RTPD,MCL,LMP_LOSS_PRC,BERNARDO_6_N014,ALL,1,0,3,4
2022-09-02T03:30:00-00:00,2022-09-02T03:45:00-00:00,2022-09-01,21,BERNARDO_6_N014,BERNARDO_6_N014,BERNARDO_6_N014,RTPD,MCL,LMP_LOSS_PRC,BERNARDO_6_N014,ALL,1,17.69141,3,4
2022-09-02T04:30:00-00:00,2022-09-02T04:45:00-00:00,2022-09-01,22,BERNARDO_6_N014,BERNARDO_6_N014,BERNARDO_6_N014,RTPD,MCL,LMP_LOSS_PRC,BERNARDO_6_N014,ALL,1,23.99407,3,4
2022-09-02T05:30:00-00:00,2022-09-02T05:45:00-00:00,2022-09-01,23,BERNARDO_6_N014,BERNARDO_6_N014,BERNARDO_6_N014,RTPD,MCL,LMP_LOSS_PRC,BERNARDO_6_N014,ALL,1,15.94877,3,4
2022-09-02T06:30:00-00:00,2022-09-02T06:45:00-00:00,2022-09-01,24,BERNARDO_6_N014,BERNARDO_6_N014,BERNARDO_6_N014,RTPD,MCL,LMP_LOSS_PRC,BERNARDO_6_N014,ALL,1,14.39496,3,4
2022-09-01T07:45:00-00:00,2022-09-01T08:00:00-00:00,2022-09-01,01,BERNARDO_6_N014,BERNARDO_6_N014,BERNARDO_6_N014,RTPD,MCL,LMP_LOSS_PRC,BERNARDO_6_N014,ALL,1,0,4,4
2022-09-01T08:45:00-00:00,2022-09-01T09:00:00-00:00,2022-09-01,02,BERNARDO_6_N014,BERNARDO_6_N014,BERNARDO_6_N014,RTPD,MCL,LMP_LOSS_PRC,BERNARDO_6_N014,ALL,1,12.98374,4,4
2022-09-01T09:45:00-00:00,2022-09-01T10:00:00-00:00,2022-09-01,03,BERNARDO_6_N014,BERNARDO_6_N014,BERNARDO_6_N014,RTPD,MCL,LMP_LOSS_PRC,BERNARDO_6_N014,ALL,1,12.48061,4,4
2022-09-01T10:45:00-00:00,2022-09-01T11:00:00-00:00,2022-09-01,04,BERNARDO_6_N014,BERNARDO_6_N014,BERNARDO_6_N014,RTPD,MCL,LMP_LOSS_PRC,BERNARDO_6_N014,ALL,1,12.32303,4,4
2022-09-01T11:45:00-00:00,2022-09-01T12:00:00-00:00,2022-09-01,05,BERNARDO_6_N014,BERNARDO_6_N014,BERNARDO_6_N014,RTPD,MCL,LMP_LOSS_PRC,BERNARDO_6_N014,ALL,1,0,4,4
2022-09-01T12:45:00-00:00,2022-09-01T13:00:00-00:00,2022-09-01,06,BERNARDO_6_N014,BERNARDO_6_N014,BERNARDO_6_N014,RTPD,MCL,LMP_LOSS_PRC,BERNARDO_6_N014,ALL,1,0,4,4
2022-09-01T13:45:00-00:00,2022-09-01T14:00:00-00:00,2022-09-01,07,BERNARDO_6_N014,BERNARDO_6_N014,BERNARDO_6_N014,RTPD,MCL,LMP_LOSS_PRC,BERNARDO_6_N014,ALL,1,0,4,4
2022-09-01T14:45:00-00:00,2022-09-01T15:00:00-00:00,2022-09-01,08,BERNARDO_6_N014,BERNARDO_6_N014,BERNARDO_6_N014,RTPD,MCL,LMP_LOSS_PRC,BERNARDO_6_N014,ALL,1,0,4,4
2022-09-01T15:45:00-00:00,2022-09-01T16:00:00-00:00,2022-09-01,09,BERNARDO_6_N014,BERNARDO_6_N014,BERNARDO_6_N014,RTPD,MCL,LMP_LOSS_PRC,BERNARDO_6_N014,ALL,1,0,4,4
2022-09-01T16:45:00-00:00,2022-09-01T17:00:00-00:00,2022-09-01,10,BERNARDO_6_N014,BERNARDO_6_N014,BERNARDO_6_N014,RTPD,MCL,LMP_LOSS_PRC,BERNARDO_6_N014,ALL,1,0,4,4
2022-09-01T17:45:00-00:00,2022-09-01T18:00:00-00:00,2022-09-01,11,BERNARDO_6_N014,BERNARDO_6_N014,BERNARDO_6_N014,RTPD,MCL,LMP_LOSS_PRC,BERNARDO_6_N014,ALL,1,0,4,4
2022-09-01T18:45:00-00:00,2022-09-01T19:00:00-00:00,2022-09-01,12,BERNARDO_6_N014,BERNARDO_6_N014,BERNARDO_6_N014,RTPD,MCL,LMP_LOSS_PRC,BERNARDO_6_N014,ALL,1,0,4,4
2022-09-01T19:45:00-00:00,2022-09-01T20:00:00-00:00,2022-09-01,13,BERNARDO_6_N014,BERNARDO_6_N014,BERNARDO_6_N014,RTPD,MCL,LMP_LOSS_PRC,BERNARDO_6_N014,ALL,1,0,4,4
2022-09-01T20:45:00-00:00,2022-09-01T21:00:00-00:00,2022-09-01,14,BERNARDO_6_N014,BERNARDO_6_N014,BERNARDO_6_N014,RTPD,MCL,LMP_LOSS_PRC,BERNARDO_6_N014,ALL,1,0,4,4
2022-09-01T21:45:00-00:00,2022-09-01T22:00:00-00:00,2022-09-01,15,BERNARDO_6_N014,BERNARDO_6_N014,BERNARDO_6_N014,RTPD,MCL,LMP_LOSS_PRC,BERNARDO_6_N014,ALL,1,0,4,4
2022-09-01T22:45:00-00:00,2022-09-01T23:00:00-00:00,2022-09-01,16,BERNARDO_6_N014,BERNARDO_6_N014,BERNARDO_6_N014,RTPD,MCL,LMP_LOSS_PRC,BERNARDO_6_N014,ALL,1,0,4,4
2022-09-01T23:45:00-00:00,2022-09-02T00:00:00-00:00,2022-09-01,17,BERNARDO_6_N014,BERNARDO_6_N014,BERNARDO_6_N014,RTPD,MCL,LMP_LOSS_PRC,BERNARDO_6_N014,ALL,1,0,4,4
2022-09-02T00:45:00-00:00,2022-09-02T01:00:00-00:00,2022-09-01,18,BERNARDO_6_N014,BERNARDO_6_N014,BERNARDO_6_N014,RTPD,MCL,LMP_LOSS_PRC,BERNARDO_6_N014,ALL,1,0,4,4
2022-09-02T01:45:00-00:00,2022-09-02T02:00:00-00:00,2022-09-01,19,BERNARDO_6_N014,BERNARDO_6_N014,BERNARDO_6_N014,RTPD,MCL,LMP_LOSS_PRC,BERNARDO_6_N014,ALL,1,0,4,4
2022-09-02T02:45:00-00:00,2022-09-02T03:00:00-00:00,2022-09-01,20,BERNARDO_6_N014,BERNARDO_6_N014,BERNARDO_6_N014,RTPD,MCL,LMP_LOSS_PRC,BERNARDO_6_N014,ALL,1,238.25064,4,4
2022-09-02T03:45:00-00:00,2022-09-02T04:00:00-00:00,2022-09-01,21,BERNARDO_6_N014,BERNARDO_6_N014,BERNARDO_6_N014,RTPD,MCL,LMP_LOSS_PRC,BERNARDO_6_N014,ALL,1,16.86587,4,4
2022-09-02T04:45:00-00:00,2022-09-02T05:00:00-00:00,2022-09-01,22,BERNARDO_6_N014,BERNARDO_6_N014,BERNARDO_6_N014,RTPD,MCL,LMP_LOSS_PRC,BERNARDO_6_N014,ALL,1,16.23843,4,4
2022-09-02T05:45:00-00:00,2022-09-02T06:00:00-00:00,2022-09-01,23,BERNARDO_6_N014,BERNARDO_6_N014,BERNARDO_6_N014,RTPD,MCL,LMP_LOSS_PRC,BERNARDO_6_N014,ALL,1,14.38826,4,4
2022-09-02T06:45:00-00:00,2022-09-02T07:00:00-00:00,2022-09-01,24,BERNARDO_6_N014,BERNARDO_6_N014,BERNARDO_6_N014,RTPD,MCL,LMP_LOSS_PRC,BERNARDO_6_N014,ALL,1,12.04512,4,4
2022-09-01T07:00:00-00:00,2022-09-01T07:15:00-00:00,2022-09-01,01,BERNARDO_6_N014,BERNARDO_6_N014,BERNARDO_6_N014,RTPD,MGHG,LMP_GHG_PRC,BERNARDO_6_N014,ALL,1,0,1,5
2022-09-01T08:00:00-00:00,2022-09-01T08:15:00-00:00,2022-09-01,02,BERNARDO_6_N014,BERNARDO_6_N014,BERNARDO_6_N014,RTPD,MGHG,LMP_GHG_PRC,BERNARDO_6_N014,ALL,1,0,1,5
2022-09-01T09:00:00-00:00,2022-09-01T09:15:00-00:00,2022-09-01,03,BERNARDO_6_N014,BERNARDO_6_N014,BERNARDO_6_N014,RTPD,MGHG,LMP_GHG_PRC,BERNARDO_6_N014,ALL,1,0,1,5
2022-09-01T10:00:00-00:00,2022-09-01T10:15:00-00:00,2022-09-01,04,BERNARDO_6_N014,BERNARDO_6_N014,BERNARDO_6_N014,RTPD,MGHG,LMP_GHG_PRC,BERNARDO_6_N014,ALL,1,0,1,5
2022-09-01T11:00:00-00:00,2022-09-01T11:15:00-00:00,2022-09-01,05,BERNARDO_6_N014,BERNARDO_6_N014,BERNARDO_6_N014,RTPD,MGHG,LMP_GHG_PRC,BERNARDO_6_N014,ALL,1,0,1,5
2022-09-01T12:00:00-00:00,2022-09-01T12:15:00-00:00,2022-09-01,06,BERNARDO_6_N014,BERNARDO_6_N014,BERNARDO_6_N014,RTPD,MGHG,LMP_GHG_PRC,BERNARDO_6_N014,ALL,1,0,1,5
2022-09-01T13:00:00-00:00,2022-09-01T13:15:00-00:00,2022-09-01,07,BERNARDO_6_N014,BERNARDO_6_N014,BERNARDO_6_N014,RTPD,MGHG,LMP_GHG_PRC,BERNARDO_6_N014,ALL,1,0,1,5
2022-09-01T14:00:00-00:00,2022-09-01T14:15:00-00:00,2022-09-01,08,BERNARDO_6_N014,BERNARDO_6_N014,BERNARDO_6_N014,RTPD,MGHG,LMP_GHG_PRC,BERNARDO_6_N014,ALL,1,0,1,5
2022-09-01T15:00:00-00:00,2022-09-01T15:15:00-00:00,2022-09-01,09,BERNARDO_6_N014,BERNARDO_6_N014,BERNARDO_6_N014,RTPD,MGHG,LMP_GHG_PRC,BERNARDO_6_N014,ALL,1,0,1,5
2022-09-01T16:00:00-00:00,2022-09-01T16:15:00-00:00,2022-09-01,10,BERNARDO_6_N014,BERNARDO_6_N014,BERNARDO_6_N014,RTPD,MGHG,LMP_GHG_PRC,BERNARDO_6_N014,ALL,1,0,1,5
2022-09-01T17:00:00-00:00,2022-09-01T17:15:00-00:00,2022-09-01,11,BERNARDO_6_N014,BERNARDO_6_N014,BERNARDO_6_N014,RTPD,MGHG,LMP_GHG_PRC,BERNARDO_6_N014,ALL,1,0,1,5
2022-09-01T18:00:00-00:00,2022-09-01T18:15:00-00:00,2022-09-01,12,BERNARDO_6_N014,BERNARDO_6_N014,BERNARDO_6_N014,RTPD,MGHG,LMP_GHG_PRC,BERNARDO_6_N014,ALL,1,0,1,5
2022-09-01T19:00:00-00:00,2022-09-01T19:15:00-00:00,2022-09-01,13,BERNARDO_6_N014,BERNARDO_6_N014,BERNARDO_6_N014,RTPD,MGHG,LMP_GHG_PRC,BERNARDO_6_N014,ALL,1,0,1,5
2022-09-01T20:00:00-00:00,2022-09-01T20:15:00-00:00,2022-09-01,14,BERNARDO_6_N014,BERNARDO_6_N014,BERNARDO_6_N014,RTPD,MGHG,LMP_GHG_PRC,BERNARDO_6_N014,ALL,1,0,1,5
2022-09-01T21:00:00-00:00,2022-09-01T21:15:00-00:00,2022-09-01,15,BERNARDO_6_N014,BERNARDO_6_N014,BERNARDO_6_N014,RTPD,MGHG,LMP_GHG_PRC,BERNARDO_6_N014,ALL,1,0,1,5
2022-09-01T22:00:00-00:00,2022-09-01T22:15:00-00:00,2022-09-01,16,BERNARDO_6_N014,BERNARDO_6_N014,BERNARDO_6_N014,RTPD,MGHG,LMP_GHG_PRC,BERNARDO_6_N014,ALL,1,0,1,5
2022-09-01T23:00:00-00:00,2022-09-01T23:15:00-00:00,2022-09-01,17,BERNARDO_6_N014,BERNARDO_6_N014,BERNARDO_6_N014,RTPD,MGHG,LMP_GHG_PRC,BERNARDO_6_N014,ALL,1,0,1,5
2022-09-02T00:00:00-00:00,2022-09-02T00:15:00-00:00,2022-09-01,18,BERNARDO_6_N014,BERNARDO_6_N014,BERNARDO_6_N014,RTPD,MGHG,LMP_GHG_PRC,BERNARDO_6_N014,ALL,1,0,1,5
2022-09-02T01:00:00-00:00,2022-09-02T01:15:00-00:00,2022-09-01,19,BERNARDO_6_N014,BERNARDO_6_N014,BERNARDO_6_N014,RTPD,MGHG,LMP_GHG_PRC,BERNARDO_6_N014,ALL,1,0,1,5
2022-09-02T02:00:00-00:00,2022-09-02T02:15:00-00:00,2022-09-01,20,BERNARDO_6_N014,BERNARDO_6_N014,BERNARDO_6_N014,RTPD,MGHG,LMP_GHG_PRC,BERNARDO_6_N014,ALL,1,0,1,5
2022-09-02T03:00:00-00:00,2022-09-02T03:15:00-00:00,2022-09-01,21,BERNARDO_6_N014,BERNARDO_6_N014,BERNARDO_6_N014,RTPD,MGHG,LMP_GHG_PRC,BERNARDO_6_N014,ALL,1,0,1,5
2022-09-02T04:00:00-00:00,2022-09-02T04:15:00-00:00,2022-09-01,22,BERNARDO_6_N014,BERNARDO_6_N014,BERNARDO_6_N014,RTPD,MGHG,LMP_GHG_PRC,BERNARDO_6_N014,ALL,1,0,1,5
2022-09-02T05:00:00-00:00,2022-09-02T05:15:00-00:00,2022-09-01,23,BERNARDO_6_N014,BERNARDO_6_N014,BERNARDO_6_N014,RTPD,MGHG,LMP_GHG_PRC,BERNARDO_6_N014,ALL,1,0,1,5
2022-09-02T06:00:00-00:00,2022-09-02T06:15:00-00:00,2022-09-01,24,BERNARDO_6_N014,BERNARDO_6_N014,BERNARDO_6_N014,RTPD,MGHG,LMP_GHG_PRC,BERNARDO_6_N014,ALL,1,0,1,5
2022-09-01T07:15:00-00:00,2022-09-01T07:30:00-00:00,2022-09-01,01,BERNARDO_6_N014,BERNARDO_6_N014,BERNARDO_6_N014,RTPD,MGHG,LMP_GHG_PRC,BERNARDO_6_N014,ALL,1,0,2,5
2022-09-01T08:15:00-00:00,2022-09-01T08:30:00-00:00,2022-09-01,02,BERNARDO_6_N014,BERNARDO_6_N014,BERNARDO_6_N014,RTPD,MGHG,LMP_GHG_PRC,BERNARDO_6_N014,ALL,1,0,2,5
2022-09-01T09:15:00-00:00,2022-09-01T09:30:00-00:00,2022-09-01,03,BERNARDO_6_N014,BERNARDO_6_N014,BERNARDO_6_N014,RTPD,MGHG,LMP_GHG_PRC,BERNARDO_6_N014,ALL,1,0,2,5
2022-09-01T10:15:00-00:00,2022-09-01T10:30:00-00:00,2022-09-01,04,BERNARDO_6_N014,BERNARDO_6_N014,BERNARDO_6_N014,RTPD,MGHG,LMP_GHG_PRC,BERNARDO_6_N014,ALL,1,0,2,5
2022-09-01T11:15:00-00:00,2022-09-01T11:30:00-00:00,2022-09-01,05,BERNARDO_6_N014,BERNARDO_6_N014,BERNARDO_6_N014,RTPD,MGHG,LMP_GHG_PRC,BERNARDO_6_N014,ALL,1,0,2,5
2022-09-01T12:15:00-00:00,2022-09-01T12:30:00-00:00,2022-09-01,06,BERNARDO_6_N014,BERNARDO_6_N014,BERNARDO_6_N014,RTPD,MGHG,LMP_GHG_PRC,BERNARDO_6_N014,ALL,1,0,2,5
2022-09-01T13:15:00-00:00,2022-09-01T13:30:00-00:00,2022-09-01,07,BERNARDO_6_N014,BERNARDO_6_N014,BERNARDO_6_N014,RTPD,MGHG,LMP_GHG_PRC,BERNARDO_6_N014,ALL,1,0,2,5
2022-09-01T14:15:00-00:00,2022-09-01T14:30:00-00:00,2022-09-01,08,BERNARDO_6_N014,BERNARDO_6_N014,BERNARDO_6_N014,RTPD,MGHG,LMP_GHG_PRC,BERNARDO_6_N014,ALL,1,0,2,5
2022-09-01T15:15:00-00:00,2022-09-01T15:30:00-00:00,2022-09-01,09,BERNARDO_6_N014,BERNARDO_6_N014,BERNARDO_6_N014,RTPD,MGHG,LMP_GHG_PRC,BERNARDO_6_N014,ALL,1,0,2,5
2022-09-01T16:15:00-00:00,2022-09-01T16:30:00-00:00,2022-09-01,10,BERNARDO_6_N014,BERNARDO_6_N014,BERNARDO_6_N014,RTPD,MGHG,LMP_GHG_PRC,BERNARDO_6_N014,ALL,1,0,2,5
2022-09-01T17:15:00-00:00,2022-09-01T17:30:00-00:00,2022-09-01,11,BERNARDO_6_N014,BERNARDO_6_N014,BERNARDO_6_N014,RTPD,MGHG,LMP_GHG_PRC,BERNARDO_6_N014,ALL,1,0,2,5
2022-09-01T18:15:00-00:00,2022-09-01T18:30:00-00:00,2022-09-01,12,BERNARDO_6_N014,BERNARDO_6_N014,BERNARDO_6_N014,RTPD,MGHG,LMP_GHG_PRC,BERNARDO_6_N014,ALL,1,0,2,5
2022-09-01T19:15:00-00:00,2022-09-01T19:30:00-00:00,2022-09-01,13,BERNARDO_6_N014,BERNARDO_6_N014,BERNARDO_6_N014,RTPD,MGHG,LMP_GHG_PRC,BERNARDO_6_N014,ALL,1,0,2,5
2022-09-01T20:15:00-00:00,2022-09-01T20:30:00-00:00,2022-09-01,14,BERNARDO_6_N014,BERNARDO_6_N014,BERNARDO_6_N014,RTPD,MGHG,LMP_GHG_PRC,BERNARDO_6_N014,ALL,1,0,2,5
2022-09-01T21:15:00-00:00,2022-09-01T21:30:00-00:00,2022-09-01,15,BERNARDO_6_N014,BERNARDO_6_N014,BERNARDO_6_N014,RTPD,MGHG,LMP_GHG_PRC,BERNARDO_6_N014,ALL,1,0,2,5
2022-09-01T22:15:00-00:00,2022-09-01T22:30:00-00:00,2022-09-01,16,BERNARDO_6_N014,BERNARDO_6_N014,BERNARDO_6_N014,RTPD,MGHG,LMP_GHG_PRC,BERNARDO_6_N014,ALL,1,0,2,5
2022-09-01T23:15:00-00:00,2022-09-01T23:30:00-00:00,2022-09-01,17,BERNARDO_6_N014,BERNARDO_6_N014,BERNARDO_6_N014,RTPD,MGHG,LMP_GHG_PRC,BERNARDO_6_N014,ALL,1,0,2,5
2022-09-02T00:15:00-00:00,2022-09-02T00:30:00-00:00,2022-09-01,18,BERNARDO_6_N014,BERNARDO_6_N014,BERNARDO_6_N014,RTPD,MGHG,LMP_GHG_PRC,BERNARDO_6_N014,ALL,1,0,2,5
2022-09-02T01:15:00-00:00,2022-09-02T01:30:00-00:00,2022-09-01,19,BERNARDO_6_N014,BERNARDO_6_N014,BERNARDO_6_N014,RTPD,MGHG,LMP_GHG_PRC,BERNARDO_6_N014,ALL,1,0,2,5
2022-09-02T02:15:00-00:00,2022-09-02T02:30:00-00:00,2022-09-01,20,BERNARDO_6_N014,BERNARDO_6_N014,BERNARDO_6_N014,RTPD,MGHG,LMP_GHG_PRC,BERNARDO_6_N014,ALL,1,0,2,5
2022-09-02T03:15:00-00:00,2022-09-02T03:30:00-00:00,2022-09-01,21,BERNARDO_6_N014,BERNARDO_6_N014,BERNARDO_6_N014,RTPD,MGHG,LMP_GHG_PRC,BERNARDO_6_N014,ALL,1,0,2,5
2022-09-02T04:15:00-00:00,2022-09-02T04:30:00-00:00,2022-09-01,22,BERNARDO_6_N014,BERNARDO_6_N014,BERNARDO_6_N014,RTPD,MGHG,LMP_GHG_PRC,BERNARDO_6_N014,ALL,1,0,2,5
2022-09-02T05:15:00-00:00,2022-09-02T05:30:00-00:00,2022-09-01,23,BERNARDO_6_N014,BERNARDO_6_N014,BERNARDO_6_N014,RTPD,MGHG,LMP_GHG_PRC,BERNARDO_6_N014,ALL,1,0,2,5
2022-09-02T06:15:00-00:00,2022-09-02T06:30:00-00:00,2022-09-01,24,BERNARDO_6_N014,BERNARDO_6_N014,BERNARDO_6_N014,RTPD,MGHG,LMP_GHG_PRC,BERNARDO_6_N014,ALL,1,0,2,5
2022-09-01T07:30:00-00:00,2022-09-01T07:45:00-00:00,2022-09-01,01,BERNARDO_6_N014,BERNARDO_6_N014,BERNARDO_6_N014,RTPD,MGHG,LMP_GHG_PRC,BERNARDO_6_N014,ALL,1,0,3,5
2022-09-01T08:30:00-00:00,2022-09-01T08:45:00-00:00,2022-09-01,02,BERNARDO_6_N014,BERNARDO_6_N014,BERNARDO_6_N014,RTPD,MGHG,LMP_GHG_PRC,BERNARDO_6_N014,ALL,1,0,3,5
2022-09-01T09:30:00-00:00,2022-09-01T09:45:00-00:00,2022-09-01,03,BERNARDO_6_N014,BERNARDO_6_N014,BERNARDO_6_N014,RTPD,MGHG,LMP_GHG_PRC,BERNARDO_6_N014,ALL,1,0,3,5
2022-09-01T10:30:00-00:00,2022-09-01T10:45:00-00:00,2022-09-01,04,BERNARDO_6_N014,BERNARDO_6_N014,BERNARDO_6_N014,RTPD,MGHG,LMP_GHG_PRC,BERNARDO_6_N014,ALL,1,0,3,5
2022-09-01T11:30:00-00:00,2022-09-01T11:45:00-00:00,2022-09-01,05,BERNARDO_6_N014,BERNARDO_6_N014,BERNARDO_6_N014,RTPD,MGHG,LMP_GHG_PRC,BERNARDO_6_N014,ALL,1,0,3,5
2022-09-01T12:30:00-00:00,2022-09-01T12:45:00-00:00,2022-09-01,06,BERNARDO_6_N014,BERNARDO_6_N014,BERNARDO_6_N014,RTPD,MGHG,LMP_GHG_PRC,BERNARDO_6_N014,ALL,1,0,3,5
2022-09-01T13:30:00-00:00,2022-09-01T13:45:00-00:00,2022-09-01,07,BERNARDO_6_N014,BERNARDO_6_N014,BERNARDO_6_N014,RTPD,MGHG,LMP_GHG_PRC,BERNARDO_6_N014,ALL,1,0,3,5
2022-09-01T14:30:00-00:00,2022-09-01T14:45:00-00:00,2022-09-01,08,BERNARDO_6_N014,BERNARDO_6_N014,BERNARDO_6_N014,RTPD,MGHG,LMP_GHG_PRC,BERNARDO_6_N014,ALL,1,0,3,5
2022-09-01T15:30:00-00:00,2022-09-01T15:45:00-00:00,2022-09-01,09,BERNARDO_6_N014,BERNARDO_6_N014,BERNARDO_6_N014,RTPD,MGHG,LMP_GHG_PRC,BERNARDO_6_N014,ALL,1,0,3,5
2022-09-01T16:30:00-00:00,2022-09-01T16:45:00-00:00,2022-09-01,10,BERNARDO_6_N014,BERNARDO_6_N014,BERNARDO_6_N014,RTPD,MGHG,LMP_GHG_PRC,BERNARDO_6_N014,ALL,1,0,3,5
2022-09-01T17:30:00-00:00,2022-09-01T17:45:00-00:00,2022-09-01,11,BERNARDO_6_N014,BERNARDO_6_N014,BERNARDO_6_N014,RTPD,MGHG,LMP_GHG_PRC,BERNARDO_6_N014,ALL,1,0,3,5
2022-09-01T18:30:00-00:00,2022-09-01T18:45:00-00:00,2022-09-01,12,BERNARDO_6_N014,BERNARDO_6_N014,BERNARDO_6_N014,RTPD,MGHG,LMP_GHG_PRC,BERNARDO_6_N014,ALL,1,0,3,5
2022-09-01T19:30:00-00:00,2022-09-01T19:45:00-00:00,2022-09-01,13,BERNARDO_6_N014,BERNARDO_6_N014,BERNARDO_6_N014,RTPD,MGHG,LMP_GHG_PRC,BERNARDO_6_N014,ALL,1,0,3,5
2022-09-01T20:30:00-00:00,2022-09-01T20:45:00-00:00,2022-09-01,14,BERNARDO_6_N014,BERNARDO_6_N014,BERNARDO_6_N014,RTPD,MGHG,LMP_GHG_PRC,BERNARDO_6_N014,ALL,1,0,3,5
2022-09-01T21:30:00-00:00,2022-09-01T21:45:00-00:00,2022-09-01,15,BERNARDO_6_N014,BERNARDO_6_N014,BERNARDO_6_N014,RTPD,MGHG,LMP_GHG_PRC,BERNARDO_6_N014,ALL,1,0,3,5
2022-09-01T22:30:00-00:00,2022-09-01T22:45:00-00:00,2022-09-01,16,BERNARDO_6_N014,BERNARDO_6_N014,BERNARDO_6_N014,RTPD,MGHG,LMP_GHG_PRC,BERNARDO_6_N014,ALL,1,0,3,5
2022-09-01T23:30:00-00:00,2022-09-01T23:45:00-00:00,2022-09-01,17,BERNARDO_6_N014,BERNARDO_6_N014,BERNARDO_6_N014,RTPD,MGHG,LMP_GHG_PRC,BERNARDO_6_N014,ALL,1,0,3,5
2022-09-02T00:30:00-00:00,2022-09-02T00:45:00-00:00,2022-09-01,18,BERNARDO_6_N014,BERNARDO_6_N014,BERNARDO_6_N014,RTPD,MGHG,LMP_GHG_PRC,BERNARDO_6_N014,ALL,1,0,3,5
2022-09-02T01:30:00-00:00,2022-09-02T01:45:00-00:00,2022-09-01,19,BERNARDO_6_N014,BERNARDO_6_N014,BERNARDO_6_N014,RTPD,MGHG,LMP_GHG_PRC,BERNARDO_6_N014,ALL,1,0,3,5
2022-09-02T02:30:00-00:00,2022-09-02T02:45:00-00:00,2022-09-01,20,BERNARDO_6_N014,BERNARDO_6_N014,BERNARDO_6_N014,RTPD,MGHG,LMP_GHG_PRC,BERNARDO_6_N014,ALL,1,0,3,5
2022-09-02T03:30:00-00:00,2022-09-02T03:45:00-00:00,2022-09-01,21,BERNARDO_6_N014,BERNARDO_6_N014,BERNARDO_6_N014,RTPD,MGHG,LMP_GHG_PRC,BERNARDO_6_N014,ALL,1,0,3,5
2022-09-02T04:30:00-00:00,2022-09-02T04:45:00-00:00,2022-09-01,22,BERNARDO_6_N014,BERNARDO_6_N014,BERNARDO_6_N014,RTPD,MGHG,LMP_GHG_PRC,BERNARDO_6_N014,ALL,1,0,3,5
2022-09-02T05:30:00-00:00,2022-09-02T05:45:00-00:00,2022-09-01,23,BERNARDO_6_N014,BERNARDO_6_N014,BERNARDO_6_N014,RTPD,MGHG,LMP_GHG_PRC,BERNARDO_6_N014,ALL,1,0,3,5
2022-09-02T06:30:00-00:00,2022-09-02T06:45:00-00:00,2022-09-01,24,BERNARDO_6_N014,BERNARDO_6_N014,BERNARDO_6_N014,RTPD,MGHG,LMP_GHG_PRC,BERNARDO_6_N014,ALL,1,0,3,5
2022-09-01T07:45:00-00:00,2022-09-01T08:00:00-00:00,2022-09-01,01,BERNARDO_6_N014,BERNARDO_6_N014,BERNARDO_6_N014,RTPD,MGHG,LMP_GHG_PRC,BERNARDO_6_N014,ALL,1,0,4,5
2022-09-01T08:45:00-00:00,2022-09-01T09:00:00-00:00,2022-09-01,02,BERNARDO_6_N014,BERNARDO_6_N014,BERNARDO_6_N014,RTPD,MGHG,LMP_GHG_PRC,BERNARDO_6_N014,ALL,1,0,4,5
2022-09-01T09:45:00-00:00,2022-09-01T10:00:00-00:00,2022-09-01,03,BERNARDO_6_N014,BERNARDO_6_N014,BERNARDO_6_N014,RTPD,MGHG,LMP_GHG_PRC,BERNARDO_6_N014,ALL,1,0,4,5
2022-09-01T10:45:00-00:00,2022-09-01T11:00:00-00:00,2022-09-01,04,BERNARDO_6_N014,BERNARDO_6_N014,BERNARDO_6_N014,RTPD,MGHG,LMP_GHG_PRC,BERNARDO_6_N014,ALL,1,0,4,5
2022-09-01T11:45:00-00:00,2022-09-01T12:00:00-00:00,2022-09-01,05,BERNARDO_6_N014,BERNARDO_6_N014,BERNARDO_6_N014,RTPD,MGHG,LMP_GHG_PRC,BERNARDO_6_N014,ALL,1,0,4,5
2022-09-01T12:45:00-00:00,2022-09-01T13:00:00-00:00,2022-09-01,06,BERNARDO_6_N014,BERNARDO_6_N014,BERNARDO_6_N014,RTPD,MGHG,LMP_GHG_PRC,BERNARDO_6_N014,ALL,1,0,4,5
2022-09-01T13:45:00-00:00,2022-09-01T14:00:00-00:00,2022-09-01,07,BERNARDO_6_N014,BERNARDO_6_N014,BERNARDO_6_N014,RTPD,MGHG,LMP_GHG_PRC,BERNARDO_6_N014,ALL,1,0,4,5
2022-09-01T14:45:00-00:00,2022-09-01T15:00:00-00:00,2022-09-01,08,BERNARDO_6_N014,BERNARDO_6_N014,BERNARDO_6_N014,RTPD,MGHG,LMP_GHG_PRC,BERNARDO_6_N014,ALL,1,0,4,5
2022-09-01T15:45:00-00:00,2022-09-01T16:00:00-00:00,2022-09-01,09,BERNARDO_6_N014,BERNARDO_6_N014,BERNARDO_6_N014,RTPD,MGHG,LMP_GHG_PRC,BERNARDO_6_N014,ALL,1,0,4,5
2022-09-01T16:45:00-00:00,2022-09-01T17:00:00-00:00,2022-09-01,10,BERNARDO_6_N014,BERNARDO_6_N014,BERNARDO_6_N014,RTPD,MGHG,LMP_GHG_PRC,BERNARDO_6_N014,ALL,1,0,4,5
2022-09-01T17:45:00-00:00,2022-09-01T18:00:00-00:00,2022-09-01,11,BERNARDO_6_N014,BERNARDO_6_N014,BERNARDO_6_N014,RTPD,MGHG,LMP_GHG_PRC,BERNARDO_6_N014,ALL,1,0,4,5
2022-09-01T18:45:00-00:00,2022-09-01T19:00:00-00:00,2022-09-01,12,BERNARDO_6_N014,BERNARDO_6_N014,BERNARDO_6_N014,RTPD,MGHG,LMP_GHG_PRC,BERNARDO_6_N014,ALL,1,0,4,5
2022-09-01T19:45:00-00:00,2022-09-01T20:00:00-00:00,2022-09-01,13,BERNARDO_6_N014,BERNARDO_6_N014,BERNARDO_6_N014,RTPD,MGHG,LMP_GHG_PRC,BERNARDO_6_N014,ALL,1,0,4,5
2022-09-01T20:45:00-00:00,2022-09-01T21:00:00-00:00,2022-09-01,14,BERNARDO_6_N014,BERNARDO_6_N014,BERNARDO_6_N014,RTPD,MGHG,LMP_GHG_PRC,BERNARDO_6_N014,ALL,1,0,4,5
2022-09-01T21:45:00-00:00,2022-09-01T22:00:00-00:00,2022-09-01,15,BERNARDO_6_N014,BERNARDO_6_N014,BERNARDO_6_N014,RTPD,MGHG,LMP_GHG_PRC,BERNARDO_6_N014,ALL,1,0,4,5
2022-09-01T22:45:00-00:00,2022-09-01T23:00:00-00:00,2022-09-01,16,BERNARDO_6_N014,BERNARDO_6_N014,BERNARDO_6_N014,RTPD,MGHG,LMP_GHG_PRC,BERNARDO_6_N014,ALL,1,0,4,5
2022-09-01T23:45:00-00:00,2022-09-02T00:00:00-00:00,2022-09-01,17,BERNARDO_6_N014,BERNARDO_6_N014,BERNARDO_6_N014,RTPD,MGHG,LMP_GHG_PRC,BERNARDO_6_N014,ALL,1,0,4,5
2022-09-02T00:45:00-00:00,2022-09-02T01:00:00-00:00,2022-09-01,18,BERNARDO_6_N014,BERNARDO_6_N014,BERNARDO_6_N014,RTPD,MGHG,LMP_GHG_PRC,BERNARDO_6_N014,ALL,1,0,4,5
2022-09-02T01:45:00-00:00,2022-09-02T02:00:00-00:00,2022-09-01,19,BERNARDO_6_N014,BERNARDO_6_N014,BERNARDO_6_N014,RTPD,MGHG,LMP_GHG_PRC,BERNARDO_6_N014,ALL,1,0,4,5
2022-09-02T02:45:00-00:00,2022-09-02T03:00:00-00:00,2022-09-01,20,BERNARDO_6_N014,BERNARDO_6_N014,BERNARDO_6_N014,RTPD,MGHG,LMP_GHG_PRC,BERNARDO_6_N014,ALL,1,0,4,5
2022-09-02T03:45:00-00:00,2022-09-02T04:00:00-00:00,2022-09-01,21,BERNARDO_6_N014,BERNARDO_6_N014,BERNARDO_6_N014,RTPD,MGHG,LMP_GHG_PRC,BERNARDO_6_N014,ALL,1,0,4,5
2022-09-02T04:45:00-00:00,2022-09-02T05:00:00-00:00,2022-09-01,22,BERNARDO_6_N014,BERNARDO_6_N014,BERNARDO_6_N014,RTPD,MGHG,LMP_GHG_PRC,BERNARDO_6_N014,ALL,1,0,4,5
2022-09-02T05:45:00-00:00,2022-09-02T06:00:00-00:00,2022-09-01,23,BERNARDO_6_N014,BERNARDO_6_N014,BERNARDO_6_N014,RTPD,MGHG,LMP_GHG_PRC,BERNARDO_6_N014,ALL,1,0,4,5
2022-09-02T06:45:00-00:00,2022-09-02T07:00:00-00:00,2022-09-01,24,BERNARDO_6_N014,BERNARDO_6_N014,BERNARDO_6_N014,RTPD,MGHG,LMP_GHG_PRC,BERNARDO_6_N014,ALL,1,0,4,5
