INTERVALSTARTTIME_GMT,INTERVALENDTIME_GMT,OPR_DT,OPR_HR,NODE_ID_XML,NODE_ID,NODE,MARKET_RUN_ID,LMP_TYPE,XML_DATA_ITEM,PNODE_RESMRID,GRP_TYPE,POS,PRC,OPR_INTERVAL,GROUP
2022-09-01T07:00:00-00:00,2022-09-01T07:15:00-00:00,2022-09-01,01,BANNING_1_N001,BANNING_1_N001,BANNING_1_N001,RTPD,LMP,LMP_PRC,BANNING_1_N001,ALL,1,148.90889,1,1
2022-09-01T08:00:00-00:00,2022-09-01T08:15:00-00:00,2022-09-01,02,BANNING_1_N001,BANNING_1_N001,BANNING_1_N001,RTPD,LMP,LMP_PRC,BANNING_1_N001,ALL,1,118.63515,1,1
2022-09-01T09:00:00-00:00,2022-09-01T09:15:00-00:00,2022-09-01,03,BANNING_1_N001,BANNING_1_N001,BANNING_1_N001,RTPD,LMP,LMP_PRC,BANNING_1_N001,ALL,1,112.90173,1,1
2022-09-01T10:00:00-00:00,2022-09-01T10:15:00-00:00,2022-09-01,04,BANNING_1_N001,BANNING_1_N001,BANNING_1_N001,RTPD,LMP,LMP_PRC,BANNING_1_N001,ALL,1,111.94497,1,1
2022-09-01T11:00:00-00:00,2022-09-01T11:15:00-00:00,2022-09-01,05,BANNING_1_N001,BANNING_1_N001,BANNING_1_N001,RTPD,LMP,LMP_PRC,BANNING_1_N001,ALL,1,111.91259,1,1
2022-09-01T12:00:00-00:00,2022-09-01T12:15:00-00:00,2022-09-01,06,BANNING_1_N001,BANNING_1_N001,BANNING_1_N001,RTPD,LMP,LMP_PRC,BANNING_1_N001,ALL,1,113.75482,1,1
2022-09-01T13:00:00-00:00,2022-09-01T13:15:00-00:00,2022-09-01,07,BANNING_1_N001,BANNING_1_N001,BANNING_1_N001,RTPD,LMP,LMP_PRC,BANNING_1_N001,ALL,1,114.9016,1,1
2022-09-01T14:00:00-00:00,2022-09-01T14:15:00-00:00,2022-09-01,08,BANNING_1_N001,BANNING_1_N001,BANNING_1_N001,RTPD,LMP,LMP_PRC,BANNING_1_N001,ALL,1,118.14559,1,1
2022-09-01T15:00:00-00:00,2022-09-01T15:15:00-00:00,2022-09-01,09,BANNING_1_N001,BANNING_1_N001,BANNING_1_N001,RTPD,LMP,LMP_PRC,BANNING_1_N001,ALL,1,99.38272,1,1
2022-09-01T16:00:00-00:00,2022-09-01T16:15:00-00:00,2022-09-01,10,BANNING_1_N001,BANNING_1_N001,BANNING_1_N001,RTPD,LMP,LMP_PRC,BANNING_1_N001,ALL,1,84.59089,1,1
2022-09-01T17:00:00-00:00,2022-09-01T17:15:00-00:00,2022-09-01,11,BANNING_1_N001,BANNING_1_N001,BANNING_1_N001,RTPD,LMP,LMP_PRC,BANNING_1_N001,ALL,1,111.95167,1,1
2022-09-01T18:00:00-00:00,2022-09-01T18:15:00-00:00,2022-09-01,12,BANNING_1_N001,BANNING_1_N001,BANNING_1_N001,RTPD,LMP,LMP_PRC,BANNING_1_N001,ALL,1,119.40881,1,1
2022-09-01T19:00:00-00:00,2022-09-01T19:15:00-00:00,2022-09-01,13,BANNING_1_N001,BANNING_1_N001,BANNING_1_N001,RTPD,LMP,LMP_PRC,BANNING_1_N001,ALL,1,139.20096,1,1
2022-09-01T20:00:00-00:00,2022-09-01T20:15:00-00:00,2022-09-01,14,BANNING_1_N001,BANNING_1_N001,BANNING_1_N001,RTPD,LMP,LMP_PRC,BANNING_1_N001,ALL,1,120.87504,1,1
2022-09-01T21:00:00-00:00,2022-09-01T21:15:00-00:00,2022-09-01,15,BANNING_1_N001,BANNING_1_N001,BANNING_1_N001,RTPD,LMP,LMP_PRC,BANNING_1_N001,ALL,1,323.07547,1,1
2022-09-01T22:00:00-00:00,2022-09-01T22:15:00-00:00,2022-09-01,16,BANNING_1_N001,BANNING_1_N001,BANNING_1_N001,RTPD,LMP,LMP_PRC,BANNING_1_N001,ALL,1,333.0241,1,1
2022-09-01T23:00:00-00:00,2022-09-01T23:15:00-00:00,2022-09-01,17,BANNING_1_N001,BANNING_1_N001,BANNING_1_N001,RTPD,LMP,LMP_PRC,BANNING_1_N001,ALL,1,610.893,1,1
2022-09-02T00:00:00-00:00,2022-09-02T00:15:00-00:00,2022-09-01,18,BANNING_1_N001,BANNING_1_N001,BANNING_1_N001,RTPD,LMP,LMP_PRC,BANNING_1_N001,ALL,1,1052.4875,1,1
2022-09-02T01:00:00-00:00,2022-09-02T01:15:00-00:00,2022-09-01,19,BANNING_1_N001,BANNING_1_N001,BANNING_1_N001,RTPD,LMP,LMP_PRC,BANNING_1_N001,ALL,1,1098.5574,1,1
2022-09-02T02:00:00-00:00,2022-09-02T02:15:00-00:00,2022-09-01,20,BANNING_1_N001,BANNING_1_N001,BANNING_1_N001,RTPD,LMP,LMP_PRC,BANNING_1_N001,ALL,1,1991.6721,1,1
2022-09-02T03:00:00-00:00,2022-09-02T03:15:00-00:00,2022-09-01,21,BANNING_1_N001,BANNING_1_N001,BANNING_1_N001,RTPD,LMP,LMP_PRC,BANNING_1_N001,ALL,1,1316.7357,1,1
2022-09-02T04:00:00-00:00,2022-09-02T04:15:00-00:00,2022-09-01,22,BANNING_1_N001,BANNING_1_N001,BANNING_1_N001,RTPD,LMP,LMP_PRC,BANNING_1_N001,ALL,1,226.33447,1,1
2022-09-02T05:00:00-00:00,2022-09-02T05:15:00-00:00,2022-09-01,23,BANNING_1_N001,BANNING_1_N001,BANNING_1_N001,RTPD,LMP,LMP_PRC,BANNING_1_N001,ALL,1,216.72644,1,1
2022-09-02T06:00:00-00:00,2022-09-02T06:15:00-00:00,2022-09-01,24,BANNING_1_N001,BANNING_1_N001,BANNING_1_N001,RTPD,LMP,LMP_PRC,BANNING_1_N001,ALL,1,171.09357,1,1
2022-09-01T07:15:00-00:00,2022-09-01T07:30:00-00:00,2022-09-01,01,BANNING_1_N001,BANNING_1_N001,BANNING_1_N001,RTPD,LMP,LMP_PRC,BANNING_1_N001,ALL,1,134.69601,2,1
2022-09-01T08:15:00-00:00,2022-09-01T08:30:00-00:00,2022-09-01,02,BANNING_1_N001,BANNING_1_N001,BANNING_1_N001,RTPD,LMP,LMP_PRC,BANNING_1_N001,ALL,1,116.37408,2,1
2022-09-01T09:15:00-00:00,2022-09-01T09:30:00-00:00,2022-09-01,03,BANNING_1_N001,BANNING_1_N001,BANNING_1_N001,RTPD,LMP,LMP_PRC,BANNING_1_N001,ALL,1,112.58993,2,1
2022-09-01T10:15:00-00:00,2022-09-01T10:30:00-00:00,2022-09-01,04,BANNING_1_N001,BANNING_1_N001,BANNING_1_N001,RTPD,LMP,LMP_PRC,BANNING_1_N001,ALL,1,111.98252,2,1
2022-09-01T11:15:00-00:00,2022-09-01T11:30:00-00:00,2022-09-01,05,BANNING_1_N001,BANNING_1_N001,BANNING_1_N001,RTPD,LMP,LMP_PRC,BANNING_1_N001,ALL,1,111.67804,2,1
2022-09-01T12:15:00-00:00,2022-09-01T12:30:00-00:00,2022-09-01,06,BANNING_1_N001,BANNING_1_N001,BANNING_1_N001,RTPD,LMP,LMP_PRC,BANNING_1_N001,ALL,1,123.60782,2,1
2022-09-01T13:15:00-00:00,2022-09-01T13:30:00-00:00,2022-09-01,07,BANNING_1_N001,BANNING_1_N001,BANNING_1_N001,RTPD,LMP,LMP_PRC,BANNING_1_N001,ALL,1,120.26302,2,1
2022-09-01T14:15:00-00:00,2022-09-01T14:30:00-00:00,2022-09-01,08,BANNING_1_N001,BANNING_1_N001,BANNING_1_N001,RTPD,LMP,LMP_PRC,BANNING_1_N001,ALL,1,112.19591,2,1
2022-09-01T15:15:00-00:00,2022-09-01T15:30:00-00:00,2022-09-01,09,BANNING_1_N001,BANNING_1_N001,BANNING_1_N001,RTPD,LMP,LMP_PRC,BANNING_1_N001,ALL,1,89.36343,2,1
2022-09-01T16:15:00-00:00,2022-09-01T16:30:00-00:00,2022-09-01,10,BANNING_1_N001,BANNING_1_N001,BANNING_1_N001,RTPD,LMP,LMP_PRC,BANNING_1_N001,ALL,1,91.81706,2,1
2022-09-01T17:15:00-00:00,2022-09-01T17:30:00-00:00,2022-09-01,11,BANNING_1_N001,BANNING_1_N001,BANNING_1_N001,RTPD,LMP,LMP_PRC,BANNING_1_N001,ALL,1,117.71941,2,1
2022-09-01T18:15:00-00:00,2022-09-01T18:30:00-00:00,2022-09-01,12,BANNING_1_N001,BANNING_1_N001,BANNING_1_N001,RTPD,LMP,LMP_PRC,BANNING_1_N001,ALL,1,124.4186,2,1
2022-09-01T19:15:00-00:00,2022-09-01T19:30:00-00:00,2022-09-01,13,BANNING_1_N001,BANNING_1_N001,BANNING_1_N001,RTPD,LMP,LMP_PRC,BANNING_1_N001,ALL,1,129.85844,2,1
2022-09-01T20:15:00-00:00,2022-09-01T20:30:00-00:00,2022-09-01,14,BANNING_1_N001,BANNING_1_N001,BANNING_1_N001,RTPD,LMP,LMP_PRC,BANNING_1_N001,ALL,1,120.13403,2,1
2022-09-01T21:15:00-00:00,2022-09-01T21:30:00-00:00,2022-09-01,15,BANNING_1_N001,BANNING_1_N001,BANNING_1_N001,RTPD,LMP,LMP_PRC,BANNING_1_N001,ALL,1,170.80562,2,1
2022-09-01T22:15:00-00:00,2022-09-01T22:30:00-00:00,2022-09-01,16,BANNING_1_N001,BANNING_1_N001,BANNING_1_N001,RTPD,LMP,LMP_PRC,BANNING_1_N001,ALL,1,371.6735,2,1
2022-09-01T23:15:00-00:00,2022-09-01T23:30:00-00:00,2022-09-01,17,BANNING_1_N001,BANNING_1_N001,BANNING_1_N001,RTPD,LMP,LMP_PRC,BANNING_1_N001,ALL,1,504.7401,2,1
2022-09-02T00:15:00-00:00,2022-09-02T00:30:00-00:00,2022-09-01,18,BANNING_1_N001,BANNING_1_N001,BANNING_1_N001,RTPD,LMP,LMP_PRC,BANNING_1_N001,ALL,1,949.13275,2,1
2022-09-02T01:15:00-00:00,2022-09-02T01:30:00-00:00,2022-09-01,19,BANNING_1_N001,BANNING_1_N001,BANNING_1_N001,RTPD,LMP,LMP_PRC,BANNING_1_N001,ALL,1,1999.9933,2,1
2022-09-02T02:15:00-00:00,2022-09-02T02:30:00-00:00,2022-09-01,20,BANNING_1_N001,BANNING_1_N001,BANNING_1_N001,RTPD,LMP,LMP_PRC,BANNING_1_N001,ALL,1,1991.6721,2,1
2022-09-02T03:15:00-00:00,2022-09-02T03:30:00-00:00,2022-09-01,21,BANNING_1_N001,BANNING_1_N001,BANNING_1_N001,RTPD,LMP,LMP_PRC,BANNING_1_N001,ALL,1,547.47003,2,1
2022-09-02T04:15:00-00:00,2022-09-02T04:30:00-00:00,2022-09-01,22,BANNING_1_N001,BANNING_1_N001,BANNING_1_N001,RTPD,LMP,LMP_PRC,BANNING_1_N001,ALL,1,192.05843,2,1
2022-09-02T05:15:00-00:00,2022-09-02T05:30:00-00:00,2022-09-01,23,BANNING_1_N001,BANNING_1_N001,BANNING_1_N001,RTPD,LMP,LMP_PRC,BANNING_1_N001,ALL,1,188.83473,2,1
2022-09-02T06:15:00-00:00,2022-09-02T06:30:00-00:00,2022-09-01,24,BANNING_1_N001,BANNING_1_N001,BANNING_1_N001,RTPD,LMP,LMP_PRC,BANNING_1_N001,ALL,1,161.55789,2,1
2022-09-01T07:30:00-00:00,2022-09-01T07:45:00-00:00,2022-09-01,01,BANNING_1_N001,BANNING_1_N001,BANNING_1_N001,RTPD,LMP,LMP_PRC,BANNING_1_N001,ALL,1,133.91599,3,1
2022-09-01T08:30:00-00:00,2022-09-01T08:45:00-00:00,2022-09-01,02,BANNING_1_N001,BANNING_1_N001,BANNING_1_N001,RTPD,LMP,LMP_PRC,BANNING_1_N001,ALL,1,120.54665,3,1
2022-09-01T09:30:00-00:00,2022-09-01T09:45:00-00:00,2022-09-01,03,BANNING_1_N001,BANNING_1_N001,BANNING_1_N001,RTPD,LMP,LMP_PRC,BANNING_1_N001,ALL,1,111.54061,3,1
2022-09-01T10:30:00-00:00,2022-09-01T10:45:00-00:00,2022-09-01,04,BANNING_1_N001,BANNING_1_N001,BANNING_1_N001,RTPD,LMP,LMP_PRC,BANNING_1_N001,ALL,1,109.48383,3,1
2022-09-01T11:30:00-00:00,2022-09-01T11:45:00-00:00,2022-09-01,05,BANNING_1_N001,BANNING_1_N001,BANNING_1_N001,RTPD,LMP,LMP_PRC,BANNING_1_N001,ALL,1,111.72949,3,1
2022-09-01T12:30:00-00:00,2022-09-01T12:45:00-00:00,2022-09-01,06,BANNING_1_N001,BANNING_1_N001,BANNING_1_N001,RTPD,LMP,LMP_PRC,BANNING_1_N001,ALL,1,132.05547,3,1
2022-09-01T13:30:00-00:00,2022-09-01T13:45:00-00:00,2022-09-01,07,BANNING_1_N001,BANNING_1_N001,BANNING_1_N001,RTPD,LMP,LMP_PRC,BANNING_1_N001,ALL,1,120.24113,3,1
2022-09-01T14:30:00-00:00,2022-09-01T14:45:00-00:00,2022-09-01,08,BANNING_1_N001,BANNING_1_N001,BANNING_1_N001,RTPD,LMP,LMP_PRC,BANNING_1_N001,ALL,1,109.51259,3,1
2022-09-01T15:30:00-00:00,2022-09-01T15:45:00-00:00,2022-09-01,09,BANNING_1_N001,BANNING_1_N001,BANNING_1_N001,RTPD,LMP,LMP_PRC,BANNING_1_N001,ALL,1,89.79599,3,1
2022-09-01T16:30:00-00:00,2022-09-01T16:45:00-00:00,2022-09-01,10,BANNING_1_N001,BANNING_1_N001,BANNING_1_N001,RTPD,LMP,LMP_PRC,BANNING_1_N001,ALL,1,101.63414,3,1
2022-09-01T17:30:00-00:00,2022-09-01T17:45:00-00:00,2022-09-01,11,BANNING_1_N001,BANNING_1_N001,BANNING_1_N001,RTPD,LMP,LMP_PRC,BANNING_1_N001,ALL,1,117.05201,3,1
2022-09-01T18:30:00-00:00,2022-09-01T18:45:00-00:00,2022-09-01,12,BANNING_1_N001,BANNING_1_N001,BANNING_1_N001,RTPD,LMP,LMP_PRC,BANNING_1_N001,ALL,1,130.82735,3,1
2022-09-01T19:30:00-00:00,2022-09-01T19:45:00-00:00,2022-09-01,13,BANNING_1_N001,BANNING_1_N001,BANNING_1_N001,RTPD,LMP,LMP_PRC,BANNING_1_N001,ALL,1,124.91357,3,1
2022-09-01T20:30:00-00:00,2022-09-01T20:45:00-00:00,2022-09-01,14,BANNING_1_N001,BANNING_1_N001,BANNING_1_N001,RTPD,LMP,LMP_PRC,BANNING_1_N001,ALL,1,141.09135,3,1
2022-09-01T21:30:00-00:00,2022-09-01T21:45:00-00:00,2022-09-01,15,BANNING_1_N001,BANNING_1_N001,BANNING_1_N001,RTPD,LMP,LMP_PRC,BANNING_1_N001,ALL,1,175.25377,3,1
2022-09-01T22:30:00-00:00,2022-09-01T22:45:00-00:00,2022-09-01,16,BANNING_1_N001,BANNING_1_N001,BANNING_1_N001,RTPD,LMP,LMP_PRC,BANNING_1_N001,ALL,1,408.6299,3,1
2022-09-01T23:30:00-00:00,2022-09-01T23:45:00-00:00,2022-09-01,17,BANNING_1_N001,BANNING_1_N001,BANNING_1_N001,RTPD,LMP,LMP_PRC,BANNING_1_N001,ALL,1,581.4131,3,1
2022-09-02T00:30:00-00:00,2022-09-02T00:45:00-00:00,2022-09-01,18,BANNING_1_N001,BANNING_1_N001,BANNING_1_N001,RTPD,LMP,LMP_PRC,BANNING_1_N001,ALL,1,1585.2427,3,1
2022-09-02T01:30:00-00:00,2022-09-02T01:45:00-00:00,2022-09-01,19,BANNING_1_N001,BANNING_1_N001,BANNING_1_N001,RTPD,LMP,LMP_PRC,BANNING_1_N001,ALL,1,1999.9956,3,1
2022-09-02T02:30:00-00:00,2022-09-02T02:45:00-00:00,2022-09-01,20,BANNING_1_N001,BANNING_1_N001,BANNING_1_N001,RTPD,LMP,LMP_PRC,BANNING_1_N001,ALL,1,1991.671,3,1
2022-09-02T03:30:00-00:00,2022-09-02T03:45:00-00:00,2022-09-01,21,BANNING_1_N001,BANNING_1_N001,BANNING_1_N001,RTPD,LMP,LMP_PRC,BANNING_1_N001,ALL,1,230.66904,3,1
2022-09-02T04:30:00-00:00,2022-09-02T04:45:00-00:00,2022-09-01,22,BANNING_1_N001,BANNING_1_N001,BANNING_1_N001,RTPD,LMP,LMP_PRC,BANNING_1_N001,ALL,1,175.72963,3,1
2022-09-02T05:30:00-00:00,2022-09-02T05:45:00-00:00,2022-09-01,23,BANNING_1_N001,BANNING_1_N001,BANNING_1_N001,RTPD,LMP,LMP_PRC,BANNING_1_N001,ALL,1,158.40137,3,1
2022-09-02T06:30:00-00:00,2022-09-02T06:45:00-00:00,2022-09-01,24,BANNING_1_N001,BANNING_1_N001,BANNING_1_N001,RTPD,LMP,LMP_PRC,BANNING_1_N001,ALL,1,153.88239,3,1
2022-09-01T07:45:00-00:00,2022-09-01T08:00:00-00:00,2022-09-01,01,BANNING_1_N001,BANNING_1_N001,BANNING_1_N001,RTPD,LMP,LMP_PRC,BANNING_1_N001,ALL,1,126.12803,4,1
2022-09-01T08:45:00-00:00,2022-09-01T09:00:00-00:00,2022-09-01,02,BANNING_1_N001,BANNING_1_N001,BANNING_1_N001,RTPD,LMP,LMP_PRC,BANNING_1_N001,ALL,1,111.72418,4,1
2022-09-01T09:45:00-00:00,2022-09-01T10:00:00-00:00,2022-09-01,03,BANNING_1_N001,BANNING_1_N001,BANNING_1_N001,RTPD,LMP,LMP_PRC,BANNING_1_N001,ALL,1,111.86092,4,1
2022-09-01T10:45:00-00:00,2022-09-01T11:00:00-00:00,2022-09-01,04,BANNING_1_N001,BANNING_1_N001,BANNING_1_N001,RTPD,LMP,LMP_PRC,BANNING_1_N001,ALL,1,105.97796,4,1
2022-09-01T11:45:00-00:00,2022-09-01T12:00:00-00:00,2022-09-01,05,BANNING_1_N001,BANNING_1_N001,BANNING_1_N001,RTPD,LMP,LMP_PRC,BANNING_1_N001,ALL,1,107.01,4,1
2022-09-01T12:45:00-00:00,2022-09-01T13:00:00-00:00,2022-09-01,06,BANNING_1_N001,BANNING_1_N001,BANNING_1_N001,RTPD,LMP,LMP_PRC,BANNING_1_N001,ALL,1,118.77264,4,1
2022-09-01T13:45:00-00:00,2022-09-01T14:00:00-00:00,2022-09-01,07,BANNING_1_N001,BANNING_1_N001,BANNING_1_N001,RTPD,LMP,LMP_PRC,BANNING_1_N001,ALL,1,111.41,4,1
2022-09-01T14:45:00-00:00,2022-09-01T15:00:00-00:00,2022-09-01,08,BANNING_1_N001,BANNING_1_N001,BANNING_1_N001,RTPD,LMP,LMP_PRC,BANNING_1_N001,ALL,1,86.1388,4,1
2022-09-01T15:45:00-00:00,2022-09-01T16:00:00-00:00,2022-09-01,09,BANNING_1_N001,BANNING_1_N001,BANNING_1_N001,RTPD,LMP,LMP_PRC,BANNING_1_N001,ALL,1,79.71951,4,1
2022-09-01T16:45:00-00:00,2022-09-01T17:00:00-00:00,2022-09-01,10,BANNING_1_N001,BANNING_1_N001,BANNING_1_N001,RTPD,LMP,LMP_PRC,BANNING_1_N001,ALL,1,102.70406,4,1
2022-09-01T17:45:00-00:00,2022-09-01T18:00:00-00:00,2022-09-01,11,BANNING_1_N001,BANNING_1_N001,BANNING_1_N001,RTPD,LMP,LMP_PRC,BANNING_1_N001,ALL,1,116.86233,4,1
2022-09-01T18:45:00-00:00,2022-09-01T19:00:00-00:00,2022-09-01,12,BANNING_1_N001,BANNING_1_N001,BANNING_1_N001,RTPD,LMP,LMP_PRC,BANNING_1_N001,ALL,1,132.96033,4,1
2022-09-01T19:45:00-00:00,2022-09-01T20:00:00-00:00,2022-09-01,13,BANNING_1_N001,BANNING_1_N001,BANNING_1_N001,RTPD,LMP,LMP_PRC,BANNING_1_N001,ALL,1,131.99901,4,1
2022-09-01T20:45:00-00:00,2022-09-01T21:00:00-00:00,2022-09-01,14,BANNING_1_N001,BANNING_1_N001,BANNING_1_N001,RTPD,LMP,LMP_PRC,BANNING_1_N001,ALL,1,178.38698,4,1
2022-09-01T21:45:00-00:00,2022-09-01T22:00:00-00:00,2022-09-01,15,BANNING_1_N001,BANNING_1_N001,BANNING_1_N001,RTPD,LMP,LMP_PRC,BANNING_1_N001,ALL,1,386.41385,4,1
2022-09-01T22:45:00-00:00,2022-09-01T23:00:00-00:00,2022-09-01,16,BANNING_1_N001,BANNING_1_N001,BANNING_1_N001,RTPD,LMP,LMP_PRC,BANNING_1_N001,ALL,1,687.6937,4,1
2022-09-01T23:45:00-00:00,2022-09-02T00:00:00-00:00,2022-09-01,17,BANNING_1_N001,BANNING_1_N001,BANNING_1_N001,RTPD,LMP,LMP_PRC,BANNING_1_N001,ALL,1,1494.6184,4,1
2022-09-02T00:45:00-00:00,2022-09-02T01:00:00-00:00,2022-09-01,18,BANNING_1_N001,BANNING_1_N001,BANNING_1_N001,RTPD,LMP,LMP_PRC,BANNING_1_N001,ALL,1,1738.4113,4,1
2022-09-02T01:45:00-00:00,2022-09-02T02:00:00-00:00,2022-09-01,19,BANNING_1_N001,BANNING_1_N001,BANNING_1_N001,RTPD,LMP,LMP_PRC,BANNING_1_N001,ALL,1,1991.9337,4,1
2022-09-02T02:45:00-00:00,2022-09-02T03:00:00-00:00,2022-09-01,20,BANNING_1_N001,BANNING_1_N001,BANNING_1_N001,RTPD,LMP,LMP_PRC,BANNING_1_N001,ALL,1,1966.4658,4,1
2022-09-02T03:45:00-00:00,2022-09-02T04:00:00-00:00,2022-09-01,21,BANNING_1_N001,BANNING_1_N001,BANNING_1_N001,RTPD,LMP,LMP_PRC,BANNING_1_N001,ALL,1,173.07726,4,1
2022-09-02T04:45:00-00:00,2022-09-02T05:00:00-00:00,2022-09-01,22,BANNING_1_N001,BANNING_1_N001,BANNING_1_N001,RTPD,LMP,LMP_PRC,BANNING_1_N001,ALL,1,152.93555,4,1
2022-09-02T05:45:00-00:00,2022-09-02T06:00:00-00:00,2022-09-01,23,BANNING_1_N001,BANNING_1_N001,BANNING_1_N001,RTPD,LMP,LMP_PRC,BANNING_1_N001,ALL,1,137.33319,4,1
2022-09-02T06:45:00-00:00,2022-09-02T07:00:00-00:00,2022-09-01,24,BANNING_1_N001,BANNING_1_N001,BANNING_1_N001,RTPD,LMP,LMP_PRC,BANNING_1_N001,ALL,1,127.01892,4,1
2022-09-01T07:00:00-00:00,2022-09-01T07:15:00-00:00,2022-09-01,01,BANNING_1_N001,BANNING_1_N001,BANNING_1_N001,RTPD,MCC,LMP_CONG_PRC,BANNING_1_N001,ALL,1,43.47548,1,2
2022-09-01T08:00:00-00:00,2022-09-01T08:15:00-00:00,2022-09-01,02,BANNING_1_N001,BANNING_1_N001,BANNING_1_N001,RTPD,MCC,LMP_CONG_PRC,BANNING_1_N001,ALL,1,3.08635,1,2
2022-09-01T09:00:00-00:00,2022-09-01T09:15:00-00:00,2022-09-01,03,BANNING_1_N001,BANNING_1_N001,BANNING_1_N001,RTPD,MCC,LMP_CONG_PRC,BANNING_1_N001,ALL,1,4.1455,1,2
2022-09-01T10:00:00-00:00,2022-09-01T10:15:00-00:00,2022-09-01,04,BANNING_1_N001,BANNING_1_N001,BANNING_1_N001,RTPD,MCC,LMP_CONG_PRC,BANNING_1_N001,ALL,1,3.64567,1,2
2022-09-01T11:00:00-00:00,2022-09-01T11:15:00-00:00,2022-09-01,05,BANNING_1_N001,BANNING_1_N001,BANNING_1_N001,RTPD,MCC,LMP_CONG_PRC,BANNING_1_N001,ALL,1,0,1,2
2022-09-01T12:00:00-00:00,2022-09-01T12:15:00-00:00,2022-09-01,06,BANNING_1_N001,BANNING_1_N001,BANNING_1_N001,RTPD,MCC,LMP_CONG_PRC,BANNING_1_N001,ALL,1,9.617,1,2
2022-09-01T13:00:00-00:00,2022-09-01T13:15:00-00:00,2022-09-01,07,BANNING_1_N001,BANNING_1_N001,BANNING_1_N001,RTPD,MCC,LMP_CONG_PRC,BANNING_1_N001,ALL,1,13.09282,1,2
2022-09-01T14:00:00-00:00,2022-09-01T14:15:00-00:00,2022-09-01,08,BANNING_1_N001,BANNING_1_N001,BANNING_1_N001,RTPD,MCC,LMP_CONG_PRC,BANNING_1_N001,ALL,1,0,1,2
2022-09-01T15:00:00-00:00,2022-09-01T15:15:00-00:00,2022-09-01,09,BANNING_1_N001,BANNING_1_N001,BANNING_1_N001,RTPD,MCC,LMP_CONG_PRC,BANNING_1_N001,ALL,1,1.97152,1,2
2022-09-01T16:00:00-00:00,2022-09-01T16:15:00-00:00,2022-09-01,10,BANNING_1_N001,BANNING_1_N001,BANNING_1_N001,RTPD,MCC,LMP_CONG_PRC,BANNING_1_N001,ALL,1,1.15564,1,2
2022-09-01T17:00:00-00:00,2022-09-01T17:15:00-00:00,2022-09-01,11,BANNING_1_N001,BANNING_1_N001,BANNING_1_N001,RTPD,MCC,LMP_CONG_PRC,BANNING_1_N001,ALL,1,15.0027,1,2
2022-09-01T18:00:00-00:00,2022-09-01T18:15:00-00:00,2022-09-01,12,BANNING_1_N001,BANNING_1_N001,BANNING_1_N001,RTPD,MCC,LMP_CONG_PRC,BANNING_1_N001,ALL,1,27.8159,1,2
2022-09-01T19:00:00-00:00,2022-09-01T19:15:00-00:00,2022-09-01,13,BANNING_1_N001,BANNING_1_N001,BANNING_1_N001,RTPD,MCC,LMP_CONG_PRC,BANNING_1_N001,ALL,1,30.00459,1,2
2022-09-01T20:00:00-00:00,2022-09-01T20:15:00-00:00,2022-09-01,14,BANNING_1_N001,BANNING_1_N001,BANNING_1_N001,RTPD,MCC,LMP_CONG_PRC,BANNING_1_N001,ALL,1,2.93145,1,2
2022-09-01T21:00:00-00:00,2022-09-01T21:15:00-00:00,2022-09-01,15,BANNING_1_N001,BANNING_1_N001,BANNING_1_N001,RTPD,MCC,LMP_CONG_PRC,BANNING_1_N001,ALL,1,96.46047,1,2
2022-09-01T22:00:00-00:00,2022-09-01T22:15:00-00:00,2022-09-01,16,BANNING_1_N001,BANNING_1_N001,BANNING_1_N001,RTPD,MCC,LMP_CONG_PRC,BANNING_1_N001,ALL,1,103.83859,1,2
2022-09-01T23:00:00-00:00,2022-09-01T23:15:00-00:00,2022-09-01,17,BANNING_1_N001,BANNING_1_N001,BANNING_1_N001,RTPD,MCC,LMP_CONG_PRC,BANNING_1_N001,ALL,1,224.13934,1,2
2022-09-02T00:00:00-00:00,2022-09-02T00:15:00-00:00,2022-09-01,18,BANNING_1_N001,BANNING_1_N001,BANNING_1_N001,RTPD,MCC,LMP_CONG_PRC,BANNING_1_N001,ALL,1,186.58531,1,2
2022-09-02T01:00:00-00:00,2022-09-02T01:15:00-00:00,2022-09-01,19,BANNING_1_N001,BANNING_1_N001,BANNING_1_N001,RTPD,MCC,LMP_CONG_PRC,BANNING_1_N001,ALL,1,182.28616,1,2
2022-09-02T02:00:00-00:00,2022-09-02T02:15:00-00:00,2022-09-01,20,BANNING_1_N001,BANNING_1_N001,BANNING_1_N001,RTPD,MCC,LMP_CONG_PRC,BANNING_1_N001,ALL,1,0,1,2
2022-09-02T03:00:00-00:00,2022-09-02T03:15:00-00:00,2022-09-01,21,BANNING_1_N001,BANNING_1_N001,BANNING_1_N001,RTPD,MCC,LMP_CONG_PRC,BANNING_1_N001,ALL,1,316.6971,1,2
2022-09-02T04:00:00-00:00,2022-09-02T04:15:00-00:00,2022-09-01,22,BANNING_1_N001,BANNING_1_N001,BANNING_1_N001,RTPD,MCC,LMP_CONG_PRC,BANNING_1_N001,ALL,1,-56.29881,1,2
2022-09-02T05:00:00-00:00,2022-09-02T05:15:00-00:00,2022-09-01,23,BANNING_1_N001,BANNING_1_N001,BANNING_1_N001,RTPD,MCC,LMP_CONG_PRC,BANNING_1_N001,ALL,1,20.02957,1,2
2022-09-02T06:00:00-00:00,2022-09-02T06:15:00-00:00,2022-09-01,24,BANNING_1_N001,BANNING_1_N001,BANNING_1_N001,RTPD,MCC,LMP_CONG_PRC,BANNING_1_N001,ALL,1,0.24798,1,2
2022-09-01T07:15:00-00:00,2022-09-01T07:30:00-00:00,2022-09-01,01,BANNING_1_N001,BANNING_1_N001,BANNING_1_N001,RTPD,MCC,LMP_CONG_PRC,BANNING_1_N001,ALL,1,9.14457,2,2
2022-09-01T08:15:00-00:00,2022-09-01T08:30:00-00:00,2022-09-01,02,BANNING_1_N001,BANNING_1_N001,BANNING_1_N001,RTPD,MCC,LMP_CONG_PRC,BANNING_1_N001,ALL,1,0.84243,2,2
2022-09-01T09:15:00-00:00,2022-09-01T09:30:00-00:00,2022-09-01,03,BANNING_1_N001,BANNING_1_N001,BANNING_1_N001,RTPD,MCC,LMP_CONG_PRC,BANNING_1_N001,ALL,1,5.47633,2,2
2022-09-01T10:15:00-00:00,2022-09-01T10:30:00-00:00,2022-09-01,04,BANNING_1_N001,BANNING_1_N001,BANNING_1_N001,RTPD,MCC,LMP_CONG_PRC,BANNING_1_N001,ALL,1,5.15859,2,2
2022-09-01T11:15:00-00:00,2022-09-01T11:30:00-00:00,2022-09-01,05,BANNING_1_N001,BANNING_1_N001,BANNING_1_N001,RTPD,MCC,LMP_CONG_PRC,BANNING_1_N001,ALL,1,0,2,2
2022-09-01T12:15:00-00:00,2022-09-01T12:30:00-00:00,2022-09-01,06,BANNING_1_N001,BANNING_1_N001,BANNING_1_N001,RTPD,MCC,LMP_CONG_PRC,BANNING_1_N001,ALL,1,5.87893,2,2
2022-09-01T13:15:00-00:00,2022-09-01T13:30:00-00:00,2022-09-01,07,BANNING_1_N001,BANNING_1_N001,BANNING_1_N001,RTPD,MCC,LMP_CONG_PRC,BANNING_1_N001,ALL,1,0.56186,2,2
2022-09-01T14:15:00-00:00,2022-09-01T14:30:00-00:00,2022-09-01,08,BANNING_1_N001,BANNING_1_N001,BANNING_1_N001,RTPD,MCC,LMP_CONG_PRC,BANNING_1_N001,ALL,1,0,2,2
2022-09-01T15:15:00-00:00,2022-09-01T15:30:00-00:00,2022-09-01,09,BANNING_1_N001,BANNING_1_N001,BANNING_1_N001,RTPD,MCC,LMP_CONG_PRC,BANNING_1_N001,ALL,1,2.42463,2,2
2022-09-01T16:15:00-00:00,2022-09-01T16:30:00-00:00,2022-09-01,10,BANNING_1_N001,BANNING_1_N001,BANNING_1_N001,RTPD,MCC,LMP_CONG_PRC,BANNING_1_N001,ALL,1,2.36849,2,2
2022-09-01T17:15:00-00:00,2022-09-01T17:30:00-00:00,2022-09-01,11,BANNING_1_N001,BANNING_1_N001,BANNING_1_N001,RTPD,MCC,LMP_CONG_PRC,BANNING_1_N001,ALL,1,18.37269,2,2
2022-09-01T18:15:00-00:00,2022-09-01T18:30:00-00:00,2022-09-01,12,BANNING_1_N001,BANNING_1_N001,BANNING_1_N001,RTPD,MCC,LMP_CONG_PRC,BANNING_1_N001,ALL,1,23.25959,2,2
2022-09-01T19:15:00-00:00,2022-09-01T19:30:00-00:00,2022-09-01,13,BANNING_1_N001,BANNING_1_N001,BANNING_1_N001,RTPD,MCC,LMP_CONG_PRC,BANNING_1_N001,ALL,1,24.55257,2,2
2022-09-01T20:15:00-00:00,2022-09-01T20:30:00-00:00,2022-09-01,14,BANNING_1_N001,BANNING_1_N001,BANNING_1_N001,RTPD,MCC,LMP_CONG_PRC,BANNING_1_N001,ALL,1,2.63982,2,2
2022-09-01T21:15:00-00:00,2022-09-01T21:30:00-00:00,2022-09-01,15,BANNING_1_N001,BANNING_1_N001,BANNING_1_N001,RTPD,MCC,LMP_CONG_PRC,BANNING_1_N001,ALL,1,23.59377,2,2
2022-09-01T22:15:00-00:00,2022-09-01T22:30:00-00:00,2022-09-01,16,BANNING_1_N001,BANNING_1_N001,BANNING_1_N001,RTPD,MCC,LMP_CONG_PRC,BANNING_1_N001,ALL,1,115.08617,2,2
2022-09-01T23:15:00-00:00,2022-09-01T23:30:00-00:00,2022-09-01,17,BANNING_1_N001,BANNING_1_N001,BANNING_1_N001,RTPD,MCC,LMP_CONG_PRC,BANNING_1_N001,ALL,1,142.61603,2,2
2022-09-02T00:15:00-00:00,2022-09-02T00:30:00-00:00,2022-09-01,18,BANNING_1_N001,BANNING_1_N001,BANNING_1_N001,RTPD,MCC,LMP_CONG_PRC,BANNING_1_N001,ALL,1,181.60405,2,2
2022-09-02T01:15:00-00:00,2022-09-02T01:30:00-00:00,2022-09-01,19,BANNING_1_N001,BANNING_1_N001,BANNING_1_N001,RTPD,MCC,LMP_CONG_PRC,BANNING_1_N001,ALL,1,0,2,2
2022-09-02T02:15:00-00:00,2022-09-02T02:30:00-00:00,2022-09-01,20,BANNING_1_N001,BANNING_1_N001,BANNING_1_N001,RTPD,MCC,LMP_CONG_PRC,BANNING_1_N001,ALL,1,0,2,2
2022-09-02T03:15:00-00:00,2022-09-02T03:30:00-00:00,2022-09-01,21,BANNING_1_N001,BANNING_1_N001,BANNING_1_N001,RTPD,MCC,LMP_CONG_PRC,BANNING_1_N001,ALL,1,111.61456,2,2
2022-09-02T04:15:00-00:00,2022-09-02T04:30:00-00:00,2022-09-01,22,BANNING_1_N001,BANNING_1_N001,BANNING_1_N001,RTPD,MCC,LMP_CONG_PRC,BANNING_1_N001,ALL,1,-54.58267,2,2
2022-09-02T05:15:00-00:00,2022-09-02T05:30:00-00:00,2022-09-01,23,BANNING_1_N001,BANNING_1_N001,BANNING_1_N001,RTPD,MCC,LMP_CONG_PRC,BANNING_1_N001,ALL,1,19.161,2,2
2022-09-02T06:15:00-00:00,2022-09-02T06:30:00-00:00,2022-09-01,24,BANNING_1_N001,BANNING_1_N001,BANNING_1_N001,RTPD,MCC,LMP_CONG_PRC,BANNING_1_N001,ALL,1,6.59435,2,2
2022-09-01T07:30:00-00:00,2022-09-01T07:45:00-00:00,2022-09-01,01,BANNING_1_N001,BANNING_1_N001,BANNING_1_N001,RTPD,MCC,LMP_CONG_PRC,BANNING_1_N001,ALL,1,14.88401,3,2
2022-09-01T08:30:00-00:00,2022-09-01T08:45:00-00:00,2022-09-01,02,BANNING_1_N001,BANNING_1_N001,BANNING_1_N001,RTPD,MCC,LMP_CONG_PRC,BANNING_1_N001,ALL,1,0.0008,3,2
2022-09-01T09:30:00-00:00,2022-09-01T09:45:00-00:00,2022-09-01,03,BANNING_1_N001,BANNING_1_N001,BANNING_1_N001,RTPD,MCC,LMP_CONG_PRC,BANNING_1_N001,ALL,1,5.42718,3,2
2022-09-01T10:30:00-00:00,2022-09-01T10:45:00-00:00,2022-09-01,04,BANNING_1_N001,BANNING_1_N001,BANNING_1_N001,RTPD,MCC,LMP_CONG_PRC,BANNING_1_N001,ALL,1,2.9168,3,2
2022-09-01T11:30:00-00:00,2022-09-01T11:45:00-00:00,2022-09-01,05,BANNING_1_N001,BANNING_1_N001,BANNING_1_N001,RTPD,MCC,LMP_CONG_PRC,BANNING_1_N001,ALL,1,0,3,2
2022-09-01T12:30:00-00:00,2022-09-01T12:45:00-00:00,2022-09-01,06,BANNING_1_N001,BANNING_1_N001,BANNING_1_N001,RTPD,MCC,LMP_CONG_PRC,BANNING_1_N001,ALL,1,10.17917,3,2
2022-09-01T13:30:00-00:00,2022-09-01T13:45:00-00:00,2022-09-01,07,BANNING_1_N001,BANNING_1_N001,BANNING_1_N001,RTPD,MCC,LMP_CONG_PRC,BANNING_1_N001,ALL,1,0,3,2
2022-09-01T14:30:00-00:00,2022-09-01T14:45:00-00:00,2022-09-01,08,BANNING_1_N001,BANNING_1_N001,BANNING_1_N001,RTPD,MCC,LMP_CONG_PRC,BANNING_1_N001,ALL,1,0,3,2
2022-09-01T15:30:00-00:00,2022-09-01T15:45:00-00:00,2022-09-01,09,BANNING_1_N001,BANNING_1_N001,BANNING_1_N001,RTPD,MCC,LMP_CONG_PRC,BANNING_1_N001,ALL,1,3.65719,3,2
2022-09-01T16:30:00-00:00,2022-09-01T16:45:00-00:00,2022-09-01,10,BANNING_1_N001,BANNING_1_N001,BANNING_1_N001,RTPD,MCC,LMP_CONG_PRC,BANNING_1_N001,ALL,1,12.8377,3,2
2022-09-01T17:30:00-00:00,2022-09-01T17:45:00-00:00,2022-09-01,11,BANNING_1_N001,BANNING_1_N001,BANNING_1_N001,RTPD,MCC,LMP_CONG_PRC,BANNING_1_N001,ALL,1,17.92188,3,2
2022-09-01T18:30:00-00:00,2022-09-01T18:45:00-00:00,2022-09-01,12,BANNING_1_N001,BANNING_1_N001,BANNING_1_N001,RTPD,MCC,LMP_CONG_PRC,BANNING_1_N001,ALL,1,23.77017,3,2
2022-09-01T19:30:00-00:00,2022-09-01T19:45:00-00:00,2022-09-01,13,BANNING_1_N001,BANNING_1_N001,BANNING_1_N001,RTPD,MCC,LMP_CONG_PRC,BANNING_1_N001,ALL,1,10.85452,3,2
2022-09-01T20:30:00-00:00,2022-09-01T20:45:00-00:00,2022-09-01,14,BANNING_1_N001,BANNING_1_N001,BANNING_1_N001,RTPD,MCC,LMP_CONG_PRC,BANNING_1_N001,ALL,1,11.27532,3,2
2022-09-01T21:30:00-00:00,2022-09-01T21:45:00-00:00,2022-09-01,15,BANNING_1_N001,BANNING_1_N001,BANNING_1_N001,RTPD,MCC,LMP_CONG_PRC,BANNING_1_N001,ALL,1,22.32319,3,2
2022-09-01T22:30:00-00:00,2022-09-01T22:45:00-00:00,2022-09-01,16,BANNING_1_N001,BANNING_1_N001,BANNING_1_N001,RTPD,MCC,LMP_CONG_PRC,BANNING_1_N001,ALL,1,125.44811,3,2
2022-09-01T23:30:00-00:00,2022-09-01T23:45:00-00:00,2022-09-01,17,BANNING_1_N001,BANNING_1_N001,BANNING_1_N001,RTPD,MCC,LMP_CONG_PRC,BANNING_1_N001,ALL,1,14.93148,3,2
2022-09-02T00:30:00-00:00,2022-09-02T00:45:00-00:00,2022-09-01,18,BANNING_1_N001,BANNING_1_N001,BANNING_1_N001,RTPD,MCC,LMP_CONG_PRC,BANNING_1_N001,ALL,1,256.13007,3,2
2022-09-02T01:30:00-00:00,2022-09-02T01:45:00-00:00,2022-09-01,19,BANNING_1_N001,BANNING_1_N001,BANNING_1_N001,RTPD,MCC,LMP_CONG_PRC,BANNING_1_N001,ALL,1,0,3,2
2022-09-02T02:30:00-00:00,2022-09-02T02:45:00-00:00,2022-09-01,20,BANNING_1_N001,BANNING_1_N001,BANNING_1_N001,RTPD,MCC,LMP_CONG_PRC,BANNING_1_N001,ALL,1,0,3,2
2022-09-02T03:30:00-00:00,2022-09-02T03:45:00-00:00,2022-09-01,21,BANNING_1_N001,BANNING_1_N001,BANNING_1_N001,RTPD,MCC,LMP_CONG_PRC,BANNING_1_N001,ALL,1,26.90061,3,2
2022-09-02T04:30:00-00:00,2022-09-02T04:45:00-00:00,2022-09-01,22,BANNING_1_N001,BANNING_1_N001,BANNING_1_N001,RTPD,MCC,LMP_CONG_PRC,BANNING_1_N001,ALL,1,-23.23325,3,2
2022-09-02T05:30:00-00:00,2022-09-02T05:45:00-00:00,2022-09-01,23,BANNING_1_N001,BANNING_1_N001,BANNING_1_N001,RTPD,MCC,LMP_CONG_PRC,BANNING_1_N001,ALL,1,15.20485,3,2
2022-09-02T06:30:00-00:00,2022-09-02T06:45:00-00:00,2022-09-01,24,BANNING_1_N001,BANNING_1_N001,BANNING_1_N001,RTPD,MCC,LMP_CONG_PRC,BANNING_1_N001,ALL,1,14.03455,3,2
2022-09-01T07:45:00-00:00,2022-09-01T08:00:00-00:00,2022-09-01,01,BANNING_1_N001,BANNING_1_N001,BANNING_1_N001,RTPD,MCC,LMP_CONG_PRC,BANNING_1_N001,ALL,1,17.00704,4,2
2022-09-01T08:45:00-00:00,2022-09-01T09:00:00-00:00,2022-09-01,02,BANNING_1_N001,BANNING_1_N001,BANNING_1_N001,RTPD,MCC,LMP_CONG_PRC,BANNING_1_N001,ALL,1,4.15164,4,2
2022-09-01T09:45:00-00:00,2022-09-01T10:00:00-00:00,2022-09-01,03,BANNING_1_N001,BANNING_1_N001,BANNING_1_N001,RTPD,MCC,LMP_CONG_PRC,BANNING_1_N001,ALL,1,4.88846,4,2
2022-09-01T10:45:00-00:00,2022-09-01T11:00:00-00:00,2022-09-01,04,BANNING_1_N001,BANNING_1_N001,BANNING_1_N001,RTPD,MCC,LMP_CONG_PRC,BANNING_1_N001,ALL,1,1.15171,4,2
2022-09-01T11:45:00-00:00,2022-09-01T12:00:00-00:00,2022-09-01,05,BANNING_1_N001,BANNING_1_N001,BANNING_1_N001,RTPD,MCC,LMP_CONG_PRC,BANNING_1_N001,ALL,1,0,4,2
2022-09-01T12:45:00-00:00,2022-09-01T13:00:00-00:00,2022-09-01,06,BANNING_1_N001,BANNING_1_N001,BANNING_1_N001,RTPD,MCC,LMP_CONG_PRC,BANNING_1_N001,ALL,1,2.28784,4,2
2022-09-01T13:45:00-00:00,2022-09-01T14:00:00-00:00,2022-09-01,07,BANNING_1_N001,BANNING_1_N001,BANNING_1_N001,RTPD,MCC,LMP_CONG_PRC,BANNING_1_N001,ALL,1,0,4,2
2022-09-01T14:45:00-00:00,2022-09-01T15:00:00-00:00,2022-09-01,08,BANNING_1_N001,BANNING_1_N001,BANNING_1_N001,RTPD,MCC,LMP_CONG_PRC,BANNING_1_N001,ALL,1,0,4,2
2022-09-01T15:45:00-00:00,2022-09-01T16:00:00-00:00,2022-09-01,09,BANNING_1_N001,BANNING_1_N001,BANNING_1_N001,RTPD,MCC,LMP_CONG_PRC,BANNING_1_N001,ALL,1,1.01875,4,2
2022-09-01T16:45:00-00:00,2022-09-01T17:00:00-00:00,2022-09-01,10,BANNING_1_N001,BANNING_1_N001,BANNING_1_N001,RTPD,MCC,LMP_CONG_PRC,BANNING_1_N001,ALL,1,11.45473,4,2
2022-09-01T17:45:00-00:00,2022-09-01T18:00:00-00:00,2022-09-01,11,BANNING_1_N001,BANNING_1_N001,BANNING_1_N001,RTPD,MCC,LMP_CONG_PRC,BANNING_1_N001,ALL,1,17.65689,4,2
2022-09-01T18:45:00-00:00,2022-09-01T19:00:00-00:00,2022-09-01,12,BANNING_1_N001,BANNING_1_N001,BANNING_1_N001,RTPD,MCC,LMP_CONG_PRC,BANNING_1_N001,ALL,1,23.91969,4,2
2022-09-01T19:45:00-00:00,2022-09-01T20:00:00-00:00,2022-09-01,13,BANNING_1_N001,BANNING_1_N001,BANNING_1_N001,RTPD,MCC,LMP_CONG_PRC,BANNING_1_N001,ALL,1,11.7741,4,2
2022-09-01T20:45:00-00:00,2022-09-01T21:00:00-00:00,2022-09-01,14,BANNING_1_N001,BANNING_1_N001,BANNING_1_N001,RTPD,MCC,LMP_CONG_PRC,BANNING_1_N001,ALL,1,24.36189,4,2
2022-09-01T21:45:00-00:00,2022-09-01T22:00:00-00:00,2022-09-01,15,BANNING_1_N001,BANNING_1_N001,BANNING_1_N001,RTPD,MCC,LMP_CONG_PRC,BANNING_1_N001,ALL,1,86.12008,4,2
2022-09-01T22:45:00-00:00,2022-09-01T23:00:00-00:00,2022-09-01,16,BANNING_1_N001,BANNING_1_N001,BANNING_1_N001,RTPD,MCC,LMP_CONG_PRC,BANNING_1_N001,ALL,1,257.78003,4,2
2022-09-01T23:45:00-00:00,2022-09-02T00:00:00-00:00,2022-09-01,17,BANNING_1_N001,BANNING_1_N001,BANNING_1_N001,RTPD,MCC,LMP_CONG_PRC,BANNING_1_N001,ALL,1,233.406,4,2
2022-09-02T00:45:00-00:00,2022-09-02T01:00:00-00:00,2022-09-01,18,BANNING_1_N001,BANNING_1_N001,BANNING_1_N001,RTPD,MCC,LMP_CONG_PRC,BANNING_1_N001,ALL,1,219.26225,4,2
2022-09-02T01:45:00-00:00,2022-09-02T02:00:00-00:00,2022-09-01,19,BANNING_1_N001,BANNING_1_N001,BANNING_1_N001,RTPD,MCC,LMP_CONG_PRC,BANNING_1_N001,ALL,1,0,4,2
2022-09-02T02:45:00-00:00,2022-09-02T03:00:00-00:00,2022-09-01,20,BANNING_1_N001,BANNING_1_N001,BANNING_1_N001,RTPD,MCC,LMP_CONG_PRC,BANNING_1_N001,ALL,1,130.86028,4,2
2022-09-02T03:45:00-00:00,2022-09-02T04:00:00-00:00,2022-09-01,21,BANNING_1_N001,BANNING_1_N001,BANNING_1_N001,RTPD,MCC,LMP_CONG_PRC,BANNING_1_N001,ALL,1,18.15115,4,2
2022-09-02T04:45:00-00:00,2022-09-02T05:00:00-00:00,2022-09-01,22,BANNING_1_N001,BANNING_1_N001,BANNING_1_N001,RTPD,MCC,LMP_CONG_PRC,BANNING_1_N001,ALL,1,14.45886,4,2
2022-09-02T05:45:00-00:00,2022-09-02T06:00:00-00:00,2022-09-01,23,BANNING_1_N001,BANNING_1_N001,BANNING_1_N001,RTPD,MCC,LMP_CONG_PRC,BANNING_1_N001,ALL,1,8.1959,4,2
2022-09-02T06:45:00-00:00,2022-09-02T07:00:00-00:00,2022-09-01,24,BANNING_1_N001,BANNING_1_N001,BANNING_1_N001,RTPD,MCC,LMP_CONG_PRC,BANNING_1_N001,ALL,1,9.06851,4,2
2022-09-01T07:00:00-00:00,2022-09-01T07:15:00-00:00,2022-09-01,01,BANNING_1_N001,BANNING_1_N001,BANNING_1_N001,RTPD,MCE,LMP_ENE_PRC,BANNING_1_N001,ALL,1,104.23471,1,3
2022-09-01T08:00:00-00:00,2022-09-01T08:15:00-00:00,2022-09-01,02,BANNING_1_N001,BANNING_1_N001,BANNING_1_N001,RTPD,MCE,LMP_ENE_PRC,BANNING_1_N001,ALL,1,115.5488,1,3
2022-09-01T09:00:00-00:00,2022-09-01T09:15:00-00:00,2022-09-01,03,BANNING_1_N001,BANNING_1_N001,BANNING_1_N001,RTPD,MCE,LMP_ENE_PRC,BANNING_1_N001,ALL,1,99.73061,1,3
2022-09-01T10:00:00-00:00,2022-09-01T10:15:00-00:00,2022-09-01,04,BANNING_1_N001,BANNING_1_N001,BANNING_1_N001,RTPD,MCE,LMP_ENE_PRC,BANNING_1_N001,ALL,1,98.64222,1,3
2022-09-01T11:00:00-00:00,2022-09-01T11:15:00-00:00,2022-09-01,05,BANNING_1_N001,BANNING_1_N001,BANNING_1_N001,RTPD,MCE,LMP_ENE_PRC,BANNING_1_N001,ALL,1,102.56859,1,3
2022-09-01T12:00:00-00:00,2022-09-01T12:15:00-00:00,2022-09-01,06,BANNING_1_N001,BANNING_1_N001,BANNING_1_N001,RTPD,MCE,LMP_ENE_PRC,BANNING_1_N001,ALL,1,96.90845,1,3
2022-09-01T13:00:00-00:00,2022-09-01T13:15:00-00:00,2022-09-01,07,BANNING_1_N001,BANNING_1_N001,BANNING_1_N001,RTPD,MCE,LMP_ENE_PRC,BANNING_1_N001,ALL,1,101.80878,1,3
2022-09-01T14:00:00-00:00,2022-09-01T14:15:00-00:00,2022-09-01,08,BANNING_1_N001,BANNING_1_N001,BANNING_1_N001,RTPD,MCE,LMP_ENE_PRC,BANNING_1_N001,ALL,1,111.11219,1,3
2022-09-01T15:00:00-00:00,2022-09-01T15:15:00-00:00,2022-09-01,09,BANNING_1_N001,BANNING_1_N001,BANNING_1_N001,RTPD,MCE,LMP_ENE_PRC,BANNING_1_N001,ALL,1,97.4112,1,3
2022-09-01T16:00:00-00:00,2022-09-01T16:15:00-00:00,2022-09-01,10,BANNING_1_N001,BANNING_1_N001,BANNING_1_N001,RTPD,MCE,LMP_ENE_PRC,BANNING_1_N001,ALL,1,83.43525,1,3
2022-09-01T17:00:00-00:00,2022-09-01T17:15:00-00:00,2022-09-01,11,BANNING_1_N001,BANNING_1_N001,BANNING_1_N001,RTPD,MCE,LMP_ENE_PRC,BANNING_1_N001,ALL,1,96.94897,1,3
2022-09-01T18:00:00-00:00,2022-09-01T18:15:00-00:00,2022-09-01,12,BANNING_1_N001,BANNING_1_N001,BANNING_1_N001,RTPD,MCE,LMP_ENE_PRC,BANNING_1_N001,ALL,1,91.59291,1,3
2022-09-01T19:00:00-00:00,2022-09-01T19:15:00-00:00,2022-09-01,13,BANNING_1_N001,BANNING_1_N001,BANNING_1_N001,RTPD,MCE,LMP_ENE_PRC,BANNING_1_N001,ALL,1,109.19637,1,3
2022-09-01T20:00:00-00:00,2022-09-01T20:15:00-00:00,2022-09-01,14,BANNING_1_N001,BANNING_1_N001,BANNING_1_N001,RTPD,MCE,LMP_ENE_PRC,BANNING_1_N001,ALL,1,117.94359,1,3
2022-09-01T21:00:00-00:00,2022-09-01T21:15:00-00:00,2022-09-01,15,BANNING_1_N001,BANNING_1_N001,BANNING_1_N001,RTPD,MCE,LMP_ENE_PRC,BANNING_1_N001,ALL,1,226.61499,1,3
2022-09-01T22:00:00-00:00,2022-09-01T22:15:00-00:00,2022-09-01,16,BANNING_1_N001,BANNING_1_N001,BANNING_1_N001,RTPD,MCE,LMP_ENE_PRC,BANNING_1_N001,ALL,1,229.18552,1,3
2022-09-01T23:00:00-00:00,2022-09-01T23:15:00-00:00,2022-09-01,17,BANNING_1_N001,BANNING_1_N001,BANNING_1_N001,RTPD,MCE,LMP_ENE_PRC,BANNING_1_N001,ALL,1,386.7537,1,3
2022-09-02T00:00:00-00:00,2022-09-02T00:15:00-00:00,2022-09-01,18,BANNING_1_N001,BANNING_1_N001,BANNING_1_N001,RTPD,MCE,LMP_ENE_PRC,BANNING_1_N001,ALL,1,770.58136,1,3
2022-09-02T01:00:00-00:00,2022-09-02T01:15:00-00:00,2022-09-01,19,BANNING_1_N001,BANNING_1_N001,BANNING_1_N001,RTPD,MCE,LMP_ENE_PRC,BANNING_1_N001,ALL,1,916.27124,1,3
2022-09-02T02:00:00-00:00,2022-09-02T02:15:00-00:00,2022-09-01,20,BANNING_1_N001,BANNING_1_N001,BANNING_1_N001,RTPD,MCE,LMP_ENE_PRC,BANNING_1_N001,ALL,1,1991.6721,1,3
2022-09-02T03:00:00-00:00,2022-09-02T03:15:00-00:00,2022-09-01,21,BANNING_1_N001,BANNING_1_N001,BANNING_1_N001,RTPD,MCE,LMP_ENE_PRC,BANNING_1_N001,ALL,1,917.5508,1,3
2022-09-02T04:00:00-00:00,2022-09-02T04:15:00-00:00,2022-09-01,22,BANNING_1_N001,BANNING_1_N001,BANNING_1_N001,RTPD,MCE,LMP_ENE_PRC,BANNING_1_N001,ALL,1,257.83005,1,3
2022-09-02T05:00:00-00:00,2022-09-02T05:15:00-00:00,2022-09-01,23,BANNING_1_N001,BANNING_1_N001,BANNING_1_N001,RTPD,MCE,LMP_ENE_PRC,BANNING_1_N001,ALL,1,183.24657,1,3
2022-09-02T06:00:00-00:00,2022-09-02T06:15:00-00:00,2022-09-01,24,BANNING_1_N001,BANNING_1_N001,BANNING_1_N001,RTPD,MCE,LMP_ENE_PRC,BANNING_1_N001,ALL,1,158.867,1,3
2022-09-01T07:15:00-00:00,2022-09-01T07:30:00-00:00,2022-09-01,01,BANNING_1_N001,BANNING_1_N001,BANNING_1_N001,RTPD,MCE,LMP_ENE_PRC,BANNING_1_N001,ALL,1,125.55144,2,3
2022-09-01T08:15:00-00:00,2022-09-01T08:30:00-00:00,2022-09-01,02,BANNING_1_N001,BANNING_1_N001,BANNING_1_N001,RTPD,MCE,LMP_ENE_PRC,BANNING_1_N001,ALL,1,115.53165,2,3
2022-09-01T09:15:00-00:00,2022-09-01T09:30:00-00:00,2022-09-01,03,BANNING_1_N001,BANNING_1_N001,BANNING_1_N001,RTPD,MCE,LMP_ENE_PRC,BANNING_1_N001,ALL,1,98.30543,2,3
2022-09-01T10:15:00-00:00,2022-09-01T10:30:00-00:00,2022-09-01,04,BANNING_1_N001,BANNING_1_N001,BANNING_1_N001,RTPD,MCE,LMP_ENE_PRC,BANNING_1_N001,ALL,1,97.00684,2,3
2022-09-01T11:15:00-00:00,2022-09-01T11:30:00-00:00,2022-09-01,05,BANNING_1_N001,BANNING_1_N001,BANNING_1_N001,RTPD,MCE,LMP_ENE_PRC,BANNING_1_N001,ALL,1,103.09059,2,3
2022-09-01T12:15:00-00:00,2022-09-01T12:30:00-00:00,2022-09-01,06,BANNING_1_N001,BANNING_1_N001,BANNING_1_N001,RTPD,MCE,LMP_ENE_PRC,BANNING_1_N001,ALL,1,109.32203,2,3
2022-09-01T13:15:00-00:00,2022-09-01T13:30:00-00:00,2022-09-01,07,BANNING_1_N001,BANNING_1_N001,BANNING_1_N001,RTPD,MCE,LMP_ENE_PRC,BANNING_1_N001,ALL,1,110.97827,2,3
2022-09-01T14:15:00-00:00,2022-09-01T14:30:00-00:00,2022-09-01,08,BANNING_1_N001,BANNING_1_N001,BANNING_1_N001,RTPD,MCE,LMP_ENE_PRC,BANNING_1_N001,ALL,1,104.78743,2,3
2022-09-01T15:15:00-00:00,2022-09-01T15:30:00-00:00,2022-09-01,09,BANNING_1_N001,BANNING_1_N001,BANNING_1_N001,RTPD,MCE,LMP_ENE_PRC,BANNING_1_N001,ALL,1,86.9388,2,3
2022-09-01T16:15:00-00:00,2022-09-01T16:30:00-00:00,2022-09-01,10,BANNING_1_N001,BANNING_1_N001,BANNING_1_N001,RTPD,MCE,LMP_ENE_PRC,BANNING_1_N001,ALL,1,89.44858,2,3
2022-09-01T17:15:00-00:00,2022-09-01T17:30:00-00:00,2022-09-01,11,BANNING_1_N001,BANNING_1_N001,BANNING_1_N001,RTPD,MCE,LMP_ENE_PRC,BANNING_1_N001,ALL,1,99.34673,2,3
2022-09-01T18:15:00-00:00,2022-09-01T18:30:00-00:00,2022-09-01,12,BANNING_1_N001,BANNING_1_N001,BANNING_1_N001,RTPD,MCE,LMP_ENE_PRC,BANNING_1_N001,ALL,1,101.15901,2,3
2022-09-01T19:15:00-00:00,2022-09-01T19:30:00-00:00,2022-09-01,13,BANNING_1_N001,BANNING_1_N001,BANNING_1_N001,RTPD,MCE,LMP_ENE_PRC,BANNING_1_N001,ALL,1,105.30588,2,3
2022-09-01T20:15:00-00:00,2022-09-01T20:30:00-00:00,2022-09-01,14,BANNING_1_N001,BANNING_1_N001,BANNING_1_N001,RTPD,MCE,LMP_ENE_PRC,BANNING_1_N001,ALL,1,117.49421,2,3
2022-09-01T21:15:00-00:00,2022-09-01T21:30:00-00:00,2022-09-01,15,BANNING_1_N001,BANNING_1_N001,BANNING_1_N001,RTPD,MCE,LMP_ENE_PRC,BANNING_1_N001,ALL,1,147.21185,2,3
2022-09-01T22:15:00-00:00,2022-09-01T22:30:00-00:00,2022-09-01,16,BANNING_1_N001,BANNING_1_N001,BANNING_1_N001,RTPD,MCE,LMP_ENE_PRC,BANNING_1_N001,ALL,1,256.58734,2,3
2022-09-01T23:15:00-00:00,2022-09-01T23:30:00-00:00,2022-09-01,17,BANNING_1_N001,BANNING_1_N001,BANNING_1_N001,RTPD,MCE,LMP_ENE_PRC,BANNING_1_N001,ALL,1,362.12408,2,3
2022-09-02T00:15:00-00:00,2022-09-02T00:30:00-00:00,2022-09-01,18,BANNING_1_N001,BANNING_1_N001,BANNING_1_N001,RTPD,MCE,LMP_ENE_PRC,BANNING_1_N001,ALL,1,691.2182,2,3
2022-09-02T01:15:00-00:00,2022-09-02T01:30:00-00:00,2022-09-01,19,BANNING_1_N001,BANNING_1_N001,BANNING_1_N001,RTPD,MCE,LMP_ENE_PRC,BANNING_1_N001,ALL,1,1999.9933,2,3
2022-09-02T02:15:00-00:00,2022-09-02T02:30:00-00:00,2022-09-01,20,BANNING_1_N001,BANNING_1_N001,BANNING_1_N001,RTPD,MCE,LMP_ENE_PRC,BANNING_1_N001,ALL,1,1991.6721,2,3
2022-09-02T03:15:00-00:00,2022-09-02T03:30:00-00:00,2022-09-01,21,BANNING_1_N001,BANNING_1_N001,BANNING_1_N001,RTPD,MCE,LMP_ENE_PRC,BANNING_1_N001,ALL,1,400.52884,2,3
2022-09-02T04:15:00-00:00,2022-09-02T04:30:00-00:00,2022-09-01,22,BANNING_1_N001,BANNING_1_N001,BANNING_1_N001,RTPD,MCE,LMP_ENE_PRC,BANNING_1_N001,ALL,1,224.75041,2,3
2022-09-02T05:15:00-00:00,2022-09-02T05:30:00-00:00,2022-09-01,23,BANNING_1_N001,BANNING_1_N001,BANNING_1_N001,RTPD,MCE,LMP_ENE_PRC,BANNING_1_N001,ALL,1,157.11986,2,3
2022-09-02T06:15:00-00:00,2022-09-02T06:30:00-00:00,2022-09-01,24,BANNING_1_N001,BANNING_1_N001,BANNING_1_N001,RTPD,MCE,LMP_ENE_PRC,BANNING_1_N001,ALL,1,143.1005,2,3
2022-09-01T07:30:00-00:00,2022-09-01T07:45:00-00:00,2022-09-01,01,BANNING_1_N001,BANNING_1_N001,BANNING_1_N001,RTPD,MCE,LMP_ENE_PRC,BANNING_1_N001,ALL,1,119.03196,3,3
2022-09-01T08:30:00-00:00,2022-09-01T08:45:00-00:00,2022-09-01,02,BANNING_1_N001,BANNING_1_N001,BANNING_1_N001,RTPD,MCE,LMP_ENE_PRC,BANNING_1_N001,ALL,1,111.11241,3,3
2022-09-01T09:30:00-00:00,2022-09-01T09:45:00-00:00,2022-09-01,03,BANNING_1_N001,BANNING_1_N001,BANNING_1_N001,RTPD,MCE,LMP_ENE_PRC,BANNING_1_N001,ALL,1,98.16228,3,3
2022-09-01T10:30:00-00:00,2022-09-01T10:45:00-00:00,2022-09-01,04,BANNING_1_N001,BANNING_1_N001,BANNING_1_N001,RTPD,MCE,LMP_ENE_PRC,BANNING_1_N001,ALL,1,96.36226,3,3
2022-09-01T11:30:00-00:00,2022-09-01T11:45:00-00:00,2022-09-01,05,BANNING_1_N001,BANNING_1_N001,BANNING_1_N001,RTPD,MCE,LMP_ENE_PRC,BANNING_1_N001,ALL,1,103.06198,3,3
2022-09-01T12:30:00-00:00,2022-09-01T12:45:00-00:00,2022-09-01,06,BANNING_1_N001,BANNING_1_N001,BANNING_1_N001,RTPD,MCE,LMP_ENE_PRC,BANNING_1_N001,ALL,1,113.57403,3,3
2022-09-01T13:30:00-00:00,2022-09-01T13:45:00-00:00,2022-09-01,07,BANNING_1_N001,BANNING_1_N001,BANNING_1_N001,RTPD,MCE,LMP_ENE_PRC,BANNING_1_N001,ALL,1,111.52025,3,3
2022-09-01T14:30:00-00:00,2022-09-01T14:45:00-00:00,2022-09-01,08,BANNING_1_N001,BANNING_1_N001,BANNING_1_N001,RTPD,MCE,LMP_ENE_PRC,BANNING_1_N001,ALL,1,101.83428,3,3
2022-09-01T15:30:00-00:00,2022-09-01T15:45:00-00:00,2022-09-01,09,BANNING_1_N001,BANNING_1_N001,BANNING_1_N001,RTPD,MCE,LMP_ENE_PRC,BANNING_1_N001,ALL,1,86.1388,3,3
2022-09-01T16:30:00-00:00,2022-09-01T16:45:00-00:00,2022-09-01,10,BANNING_1_N001,BANNING_1_N001,BANNING_1_N001,RTPD,MCE,LMP_ENE_PRC,BANNING_1_N001,ALL,1,88.79644,3,3
2022-09-01T17:30:00-00:00,2022-09-01T17:45:00-00:00,2022-09-01,11,BANNING_1_N001,BANNING_1_N001,BANNING_1_N001,RTPD,MCE,LMP_ENE_PRC,BANNING_1_N001,ALL,1,99.13013,3,3
2022-09-01T18:30:00-00:00,2022-09-01T18:45:00-00:00,2022-09-01,12,BANNING_1_N001,BANNING_1_N001,BANNING_1_N001,RTPD,MCE,LMP_ENE_PRC,BANNING_1_N001,ALL,1,107.05718,3,3
2022-09-01T19:30:00-00:00,2022-09-01T19:45:00-00:00,2022-09-01,13,BANNING_1_N001,BANNING_1_N001,BANNING_1_N001,RTPD,MCE,LMP_ENE_PRC,BANNING_1_N001,ALL,1,114.05905,3,3
2022-09-01T20:30:00-00:00,2022-09-01T20:45:00-00:00,2022-09-01,14,BANNING_1_N001,BANNING_1_N001,BANNING_1_N001,RTPD,MCE,LMP_ENE_PRC,BANNING_1_N001,ALL,1,129.81606,3,3
2022-09-01T21:30:00-00:00,2022-09-01T21:45:00-00:00,2022-09-01,15,BANNING_1_N001,BANNING_1_N001,BANNING_1_N001,RTPD,MCE,LMP_ENE_PRC,BANNING_1_N001,ALL,1,152.93057,3,3
2022-09-01T22:30:00-00:00,2022-09-01T22:45:00-00:00,2022-09-01,16,BANNING_1_N001,BANNING_1_N001,BANNING_1_N001,RTPD,MCE,LMP_ENE_PRC,BANNING_1_N001,ALL,1,283.18182,3,3
2022-09-01T23:30:00-00:00,2022-09-01T23:45:00-00:00,2022-09-01,17,BANNING_1_N001,BANNING_1_N001,BANNING_1_N001,RTPD,MCE,LMP_ENE_PRC,BANNING_1_N001,ALL,1,566.48157,3,3
2022-09-02T00:30:00-00:00,2022-09-02T00:45:00-00:00,2022-09-01,18,BANNING_1_N001,BANNING_1_N001,BANNING_1_N001,RTPD,MCE,LMP_ENE_PRC,BANNING_1_N001,ALL,1,1329.1127,3,3
2022-09-02T01:30:00-00:00,2022-09-02T01:45:00-00:00,2022-09-01,19,BANNING_1_N001,BANNING_1_N001,BANNING_1_N001,RTPD,MCE,LMP_ENE_PRC,BANNING_1_N001,ALL,1,1999.9956,3,3
2022-09-02T02:30:00-00:00,2022-09-02T02:45:00-00:00,2022-09-01,20,BANNING_1_N001,BANNING_1_N001,BANNING_1_N001,RTPD,MCE,LMP_ENE_PRC,BANNING_1_N001,ALL,1,1991.671,3,3
2022-09-02T03:30:00-00:00,2022-09-02T03:45:00-00:00,2022-09-01,21,BANNING_1_N001,BANNING_1_N001,BANNING_1_N001,RTPD,MCE,LMP_ENE_PRC,BANNING_1_N001,ALL,1,186.61823,3,3
2022-09-02T04:30:00-00:00,2022-09-02T04:45:00-00:00,2022-09-01,22,BANNING_1_N001,BANNING_1_N001,BANNING_1_N001,RTPD,MCE,LMP_ENE_PRC,BANNING_1_N001,ALL,1,180.67824,3,3
2022-09-02T05:30:00-00:00,2022-09-02T05:45:00-00:00,2022-09-01,23,BANNING_1_N001,BANNING_1_N001,BANNING_1_N001,RTPD,MCE,LMP_ENE_PRC,BANNING_1_N001,ALL,1,131.69917,3,3
2022-09-02T06:30:00-00:00,2022-09-02T06:45:00-00:00,2022-09-01,24,BANNING_1_N001,BANNING_1_N001,BANNING_1_N001,RTPD,MCE,LMP_ENE_PRC,BANNING_1_N001,ALL,1,128.9871,3,3
2022-09-01T07:45:00-00:00,2022-09-01T08:00:00-00:00,2022-09-01,01,BANNING_1_N001,BANNING_1_N001,BANNING_1_N001,RTPD,MCE,LMP_ENE_PRC,BANNING_1_N001,ALL,1,109.12099,4,3
2022-09-01T08:45:00-00:00,2022-09-01T09:00:00-00:00,2022-09-01,02,BANNING_1_N001,BANNING_1_N001,BANNING_1_N001,RTPD,MCE,LMP_ENE_PRC,BANNING_1_N001,ALL,1,98.7357,4,3
2022-09-01T09:45:00-00:00,2022-09-01T10:00:00-00:00,2022-09-01,03,BANNING_1_N001,BANNING_1_N001,BANNING_1_N001,RTPD,MCE,LMP_ENE_PRC,BANNING_1_N001,ALL,1,97.50475,4,3
2022-09-01T10:45:00-00:00,2022-09-01T11:00:00-00:00,2022-09-01,04,BANNING_1_N001,BANNING_1_N001,BANNING_1_N001,RTPD,MCE,LMP_ENE_PRC,BANNING_1_N001,ALL,1,94.71966,4,3
2022-09-01T11:45:00-00:00,2022-09-01T12:00:00-00:00,2022-09-01,05,BANNING_1_N001,BANNING_1_N001,BANNING_1_N001,RTPD,MCE,LMP_ENE_PRC,BANNING_1_N001,ALL,1,107.01,4,3
2022-09-01T12:45:00-00:00,2022-09-01T13:00:00-00:00,2022-09-01,06,BANNING_1_N001,BANNING_1_N001,BANNING_1_N001,RTPD,MCE,LMP_ENE_PRC,BANNING_1_N001,ALL,1,116.4848,4,3
2022-09-01T13:45:00-00:00,2022-09-01T14:00:00-00:00,2022-09-01,07,BANNING_1_N001,BANNING_1_N001,BANNING_1_N001,RTPD,MCE,LMP_ENE_PRC,BANNING_1_N001,ALL,1,111.41,4,3
2022-09-01T14:45:00-00:00,2022-09-01T15:00:00-00:00,2022-09-01,08,BANNING_1_N001,BANNING_1_N001,BANNING_1_N001,RTPD,MCE,LMP_ENE_PRC,BANNING_1_N001,ALL,1,86.1388,4,3
2022-09-01T15:45:00-00:00,2022-09-01T16:00:00-00:00,2022-09-01,09,BANNING_1_N001,BANNING_1_N001,BANNING_1_N001,RTPD,MCE,LMP_ENE_PRC,BANNING_1_N001,ALL,1,78.70076,4,3
2022-09-01T16:45:00-00:00,2022-09-01T17:00:00-00:00,2022-09-01,10,BANNING_1_N001,BANNING_1_N001,BANNING_1_N001,RTPD,MCE,LMP_ENE_PRC,BANNING_1_N001,ALL,1,91.24933,4,3
2022-09-01T17:45:00-00:00,2022-09-01T18:00:00-00:00,2022-09-01,11,BANNING_1_N001,BANNING_1_N001,BANNING_1_N001,RTPD,MCE,LMP_ENE_PRC,BANNING_1_N001,ALL,1,99.20544,4,3
2022-09-01T18:45:00-00:00,2022-09-01T19:00:00-00:00,2022-09-01,12,BANNING_1_N001,BANNING_1_N001,BANNING_1_N001,RTPD,MCE,LMP_ENE_PRC,BANNING_1_N001,ALL,1,109.04064,4,3
2022-09-01T19:45:00-00:00,2022-09-01T20:00:00-00:00,2022-09-01,13,BANNING_1_N001,BANNING_1_N001,BANNING_1_N001,RTPD,MCE,LMP_ENE_PRC,BANNING_1_N001,ALL,1,120.22491,4,3
2022-09-01T20:45:00-00:00,2022-09-01T21:00:00-00:00,2022-09-01,14,BANNING_1_N001,BANNING_1_N001,BANNING_1_N001,RTPD,MCE,LMP_ENE_PRC,BANNING_1_N001,ALL,1,154.02509,4,3
2022-09-01T21:45:00-00:00,2022-09-01T22:00:00-00:00,2022-09-01,15,BANNING_1_N001,BANNING_1_N001,BANNING_1_N001,RTPD,MCE,LMP_ENE_PRC,BANNING_1_N001,ALL,1,300.29376,4,3
2022-09-01T22:45:00-00:00,2022-09-01T23:00:00-00:00,2022-09-01,16,BANNING_1_N001,BANNING_1_N001,BANNING_1_N001,RTPD,MCE,LMP_ENE_PRC,BANNING_1_N001,ALL,1,429.9137,4,3
2022-09-01T23:45:00-00:00,2022-09-02T00:00:00-00:00,2022-09-01,17,BANNING_1_N001,BANNING_1_N001,BANNING_1_N001,RTPD,MCE,LMP_ENE_PRC,BANNING_1_N001,ALL,1,1261.2124,4,3
2022-09-02T00:45:00-00:00,2022-09-02T01:00:00-00:00,2022-09-01,18,BANNING_1_N001,BANNING_1_N001,BANNING_1_N001,RTPD,MCE,LMP_ENE_PRC,BANNING_1_N001,ALL,1,1519.149,4,3
2022-09-02T01:45:00-00:00,2022-09-02T02:00:00-00:00,2022-09-01,19,BANNING_1_N001,BANNING_1_N001,BANNING_1_N001,RTPD,MCE,LMP_ENE_PRC,BANNING_1_N001,ALL,1,1991.9337,4,3
2022-09-02T02:45:00-00:00,2022-09-02T03:00:00-00:00,2022-09-01,20,BANNING_1_N001,BANNING_1_N001,BANNING_1_N001,RTPD,MCE,LMP_ENE_PRC,BANNING_1_N001,ALL,1,1629.6213,4,3
2022-09-02T03:45:00-00:00,2022-09-02T04:00:00-00:00,2022-09-01,21,BANNING_1_N001,BANNING_1_N001,BANNING_1_N001,RTPD,MCE,LMP_ENE_PRC,BANNING_1_N001,ALL,1,141.13702,4,3
2022-09-02T04:45:00-00:00,2022-09-02T05:00:00-00:00,2022-09-01,22,BANNING_1_N001,BANNING_1_N001,BANNING_1_N001,RTPD,MCE,LMP_ENE_PRC,BANNING_1_N001,ALL,1,126.76372,4,3
2022-09-02T05:45:00-00:00,2022-09-02T06:00:00-00:00,2022-09-01,23,BANNING_1_N001,BANNING_1_N001,BANNING_1_N001,RTPD,MCE,LMP_ENE_PRC,BANNING_1_N001,ALL,1,119.00958,4,3
2022-09-02T06:45:00-00:00,2022-09-02T07:00:00-00:00,2022-09-01,24,BANNING_1_N001,BANNING_1_N001,BANNING_1_N001,RTPD,MCE,LMP_ENE_PRC,BANNING_1_N001,ALL,1,109.20324,4,3
2022-09-01T07:00:00-00:00,2022-09-01T07:15:00-00:00,2022-09-01,01,BANNING_1_N001,BANNING_1_N001,BANNING_1_N001,RTPD,MCL,LMP_LOSS_PRC,BANNING_1_N001,ALL,1,1.1987,1,4
2022-09-01T08:00:00-00:00,2022-09-01T08:15:00-00:00,2022-09-01,02,BANNING_1_N001,BANNING_1_N001,BANNING_1_N001,RTPD,MCL,LMP_LOSS_PRC,BANNING_1_N001,ALL,1,0,1,4
2022-09-01T09:00:00-00:00,2022-09-01T09:15:00-00:00,2022-09-01,03,BANNING_1_N001,BANNING_1_N001,BANNING_1_N001,RTPD,MCL,LMP_LOSS_PRC,BANNING_1_N001,ALL,1,9.02562,1,4
2022-09-01T10:00:00-00:00,2022-09-01T10:15:00-00:00,2022-09-01,04,BANNING_1_N001,BANNING_1_N001,BANNING_1_N001,RTPD,MCL,LMP_LOSS_PRC,BANNING_1_N001,ALL,1,9.65707,1,4
2022-09-01T11:00:00-00:00,2022-09-01T11:15:00-00:00,2022-09-01,05,BANNING_1_N001,BANNING_1_N001,BANNING_1_N001,RTPD,MCL,LMP_LOSS_PRC,BANNING_1_N001,ALL,1,9.344,1,4
2022-09-01T12:00:00-00:00,2022-09-01T12:15:00-00:00,2022-09-01,06,BANNING_1_N001,BANNING_1_N001,BANNING_1_N001,RTPD,MCL,LMP_LOSS_PRC,BANNING_1_N001,ALL,1,7.22937,1,4
2022-09-01T13:00:00-00:00,2022-09-01T13:15:00-00:00,2022-09-01,07,BANNING_1_N001,BANNING_1_N001,BANNING_1_N001,RTPD,MCL,LMP_LOSS_PRC,BANNING_1_N001,ALL,1,0,1,4
2022-09-01T14:00:00-00:00,2022-09-01T14:15:00-00:00,2022-09-01,08,BANNING_1_N001,BANNING_1_N001,BANNING_1_N001,RTPD,MCL,LMP_LOSS_PRC,BANNING_1_N001,ALL,1,7.0334,1,4
2022-09-01T15:00:00-00:00,2022-09-01T15:15:00-00:00,2022-09-01,09,BANNING_1_N001,BANNING_1_N001,BANNING_1_N001,RTPD,MCL,LMP_LOSS_PRC,BANNING_1_N001,ALL,1,0,1,4
2022-09-01T16:00:00-00:00,2022-09-01T16:15:00-00:00,2022-09-01,10,BANNING_1_N001,BANNING_1_N001,BANNING_1_N001,RTPD,MCL,LMP_LOSS_PRC,BANNING_1_N001,ALL,1,0,1,4
2022-09-01T17:00:00-00:00,2022-09-01T17:15:00-00:00,2022-09-01,11,BANNING_1_N001,BANNING_1_N001,BANNING_1_N001,RTPD,MCL,LMP_LOSS_PRC,BANNING_1_N001,ALL,1,0,1,4
2022-09-01T18:00:00-00:00,2022-09-01T18:15:00-00:00,2022-09-01,12,BANNING_1_N001,BANNING_1_N001,BANNING_1_N001,RTPD,MCL,LMP_LOSS_PRC,BANNING_1_N001,ALL,1,0,1,4
2022-09-01T19:00:00-00:00,2022-09-01T19:15:00-00:00,2022-09-01,13,BANNING_1_N001,BANNING_1_N001,BANNING_1_N001,RTPD,MCL,LMP_LOSS_PRC,BANNING_1_N001,ALL,1,0,1,4
2022-09-01T20:00:00-00:00,2022-09-01T20:15:00-00:00,2022-09-01,14,BANNING_1_N001,BANNING_1_N001,BANNING_1_N001,RTPD,MCL,LMP_LOSS_PRC,BANNING_1_N001,ALL,1,0,1,4
2022-09-01T21:00:00-00:00,2022-09-01T21:15:00-00:00,2022-09-01,15,BANNING_1_N001,BANNING_1_N001,BANNING_1_N001,RTPD,MCL,LMP_LOSS_PRC,BANNING_1_N001,ALL,1,0,1,4
2022-09-01T22:00:00-00:00,2022-09-01T22:15:00-00:00,2022-09-01,16,BANNING_1_N001,BANNING_1_N001,BANNING_1_N001,RTPD,MCL,LMP_LOSS_PRC,BANNING_1_N001,ALL,1,0,1,4
2022-09-01T23:00:00-00:00,2022-09-01T23:15:00-00:00,2022-09-01,17,BANNING_1_N001,BANNING_1_N001,BANNING_1_N001,RTPD,MCL,LMP_LOSS_PRC,BANNING_1_N001,ALL,1,0,1,4
2022-09-02T00:00:00-00:00,2022-09-02T00:15:00-00:00,2022-09-01,18,BANNING_1_N001,BANNING_1_N001,BANNING_1_N001,RTPD,MCL,LMP_LOSS_PRC,BANNING_1_N001,ALL,1,95.32092,1,4
2022-09-02T01:00:00-00:00,2022-09-02T01:15:00-00:00,2022-09-01,19,BANNING_1_N001,BANNING_1_N001,BANNING_1_N001,RTPD,MCL,LMP_LOSS_PRC,BANNING_1_N001,ALL,1,0,1,4
2022-09-02T02:00:00-00:00,2022-09-02T02:15:00-00:00,2022-09-01,20,BANNING_1_N001,BANNING_1_N001,BANNING_1_N001,RTPD,MCL,LMP_LOSS_PRC,BANNING_1_N001,ALL,1,0,1,4
2022-09-02T03:00:00-00:00,2022-09-02T03:15:00-00:00,2022-09-01,21,BANNING_1_N001,BANNING_1_N001,BANNING_1_N001,RTPD,MCL,LMP_LOSS_PRC,BANNING_1_N001,ALL,1,82.48781,1,4
2022-09-02T04:00:00-00:00,2022-09-02T04:15:00-00:00,2022-09-01,22,BANNING_1_N001,BANNING_1_N001,BANNING_1_N001,RTPD,MCL,LMP_LOSS_PRC,BANNING_1_N001,ALL,1,24.80325,1,4
2022-09-02T05:00:00-00:00,2022-09-02T05:15:00-00:00,2022-09-01,23,BANNING_1_N001,BANNING_1_N001,BANNING_1_N001,RTPD,MCL,LMP_LOSS_PRC,BANNING_1_N001,ALL,1,13.4503,1,4
2022-09-02T06:00:00-00:00,2022-09-02T06:15:00-00:00,2022-09-01,24,BANNING_1_N001,BANNING_1_N001,BANNING_1_N001,RTPD,MCL,LMP_LOSS_PRC,BANNING_1_N001,ALL,1,11.97857,1,4
2022-09-01T07:15:00-00:00,2022-09-01T07:30:00-00:00,2022-09-01,01,BANNING_1_N001,BANNING_1_N001,BANNING_1_N001,RTPD,MCL,LMP_LOSS_PRC,BANNING_1_N001,ALL,1,0,2,4
2022-09-01T08:15:00-00:00,2022-09-01T08:30:00-00:00,2022-09-01,02,BANNING_1_N001,BANNING_1_N001,BANNING_1_N001,RTPD,MCL,LMP_LOSS_PRC,BANNING_1_N001,ALL,1,0,2,4
2022-09-01T09:15:00-00:00,2022-09-01T09:30:00-00:00,2022-09-01,03,BANNING_1_N001,BANNING_1_N001,BANNING_1_N001,RTPD,MCL,LMP_LOSS_PRC,BANNING_1_N001,ALL,1,8.80817,2,4
2022-09-01T10:15:00-00:00,2022-09-01T10:30:00-00:00,2022-09-01,04,BANNING_1_N001,BANNING_1_N001,BANNING_1_N001,RTPD,MCL,LMP_LOSS_PRC,BANNING_1_N001,ALL,1,9.81709,2,4
2022-09-01T11:15:00-00:00,2022-09-01T11:30:00-00:00,2022-09-01,05,BANNING_1_N001,BANNING_1_N001,BANNING_1_N001,RTPD,MCL,LMP_LOSS_PRC,BANNING_1_N001,ALL,1,8.58745,2,4
2022-09-01T12:15:00-00:00,2022-09-01T12:30:00-00:00,2022-09-01,06,BANNING_1_N001,BANNING_1_N001,BANNING_1_N001,RTPD,MCL,LMP_LOSS_PRC,BANNING_1_N001,ALL,1,8.40686,2,4
2022-09-01T13:15:00-00:00,2022-09-01T13:30:00-00:00,2022-09-01,07,BANNING_1_N001,BANNING_1_N001,BANNING_1_N001,RTPD,MCL,LMP_LOSS_PRC,BANNING_1_N001,ALL,1,8.72289,2,4
2022-09-01T14:15:00-00:00,2022-09-01T14:30:00-00:00,2022-09-01,08,BANNING_1_N001,BANNING_1_N001,BANNING_1_N001,RTPD,MCL,LMP_LOSS_PRC,BANNING_1_N001,ALL,1,7.40847,2,4
2022-09-01T15:15:00-00:00,2022-09-01T15:30:00-00:00,2022-09-01,09,BANNING_1_N001,BANNING_1_N001,BANNING_1_N001,RTPD,MCL,LMP_LOSS_PRC,BANNING_1_N001,ALL,1,0,2,4
2022-09-01T16:15:00-00:00,2022-09-01T16:30:00-00:00,2022-09-01,10,BANNING_1_N001,BANNING_1_N001,BANNING_1_N001,RTPD,MCL,LMP_LOSS_PRC,BANNING_1_N001,ALL,1,0,2,4
2022-09-01T17:15:00-00:00,2022-09-01T17:30:00-00:00,2022-09-01,11,BANNING_1_N001,BANNING_1_N001,BANNING_1_N001,RTPD,MCL,LMP_LOSS_PRC,BANNING_1_N001,ALL,1,0,2,4
2022-09-01T18:15:00-00:00,2022-09-01T18:30:00-00:00,2022-09-01,12,BANNING_1_N001,BANNING_1_N001,BANNING_1_N001,RTPD,MCL,LMP_LOSS_PRC,BANNING_1_N001,ALL,1,0,2,4
2022-09-01T19:15:00-00:00,2022-09-01T19:30:00-00:00,2022-09-01,13,BANNING_1_N001,BANNING_1_N001,BANNING_1_N001,RTPD,MCL,LMP_LOSS_PRC,BANNING_1_N001,ALL,1,0,2,4
2022-09-01T20:15:00-00:00,2022-09-01T20:30:00-00:00,2022-09-01,14,BANNING_1_N001,BANNING_1_N001,BANNING_1_N001,RTPD,MCL,LMP_LOSS_PRC,BANNING_1_N001,ALL,1,0,2,4
2022-09-01T21:15:00-00:00,2022-09-01T21:30:00-00:00,2022-09-01,15,BANNING_1_N001,BANNING_1_N001,BANNING_1_N001,RTPD,MCL,LMP_LOSS_PRC,BANNING_1_N001,ALL,1,0,2,4
2022-09-01T22:15:00-00:00,2022-09-01T22:30:00-00:00,2022-09-01,16,BANNING_1_N001,BANNING_1_N001,BANNING_1_N001,RTPD,MCL,LMP_LOSS_PRC,BANNING_1_N001,ALL,1,0,2,4
2022-09-01T23:15:00-00:00,2022-09-01T23:30:00-00:00,2022-09-01,17,BANNING_1_N001,BANNING_1_N001,BANNING_1_N001,RTPD,MCL,LMP_LOSS_PRC,BANNING_1_N001,ALL,1,0,2,4
2022-09-02T00:15:00-00:00,2022-09-02T00:30:00-00:00,2022-09-01,18,BANNING_1_N001,BANNING_1_N001,BANNING_1_N001,RTPD,MCL,LMP_LOSS_PRC,BANNING_1_N001,ALL,1,76.31049,2,4
2022-09-02T01:15:00-00:00,2022-09-02T01:30:00-00:00,2022-09-01,19,BANNING_1_N001,BANNING_1_N001,BANNING_1_N001,RTPD,MCL,LMP_LOSS_PRC,BANNING_1_N001,ALL,1,0,2,4
2022-09-02T02:15:00-00:00,2022-09-02T02:30:00-00:00,2022-09-01,20,BANNING_1_N001,BANNING_1_N001,BANNING_1_N001,RTPD,MCL,LMP_LOSS_PRC,BANNING_1_N001,ALL,1,0,2,4
2022-09-02T03:15:00-00:00,2022-09-02T03:30:00-00:00,2022-09-01,21,BANNING_1_N001,BANNING_1_N001,BANNING_1_N001,RTPD,MCL,LMP_LOSS_PRC,BANNING_1_N001,ALL,1,35.32664,2,4
2022-09-02T04:15:00-00:00,2022-09-02T04:30:00-00:00,2022-09-01,22,BANNING_1_N001,BANNING_1_N001,BANNING_1_N001,RTPD,MCL,LMP_LOSS_PRC,BANNING_1_N001,ALL,1,21.89069,2,4
2022-09-02T05:15:00-00:00,2022-09-02T05:30:00-00:00,2022-09-01,23,BANNING_1_N001,BANNING_1_N001,BANNING_1_N001,RTPD,MCL,LMP_LOSS_PRC,BANNING_1_N001,ALL,1,12.55388,2,4
2022-09-02T06:15:00-00:00,2022-09-02T06:30:00-00:00,2022-09-01,24,BANNING_1_N001,BANNING_1_N001,BANNING_1_N001,RTPD,MCL,LMP_LOSS_PRC,BANNING_1_N001,ALL,1,11.86303,2,4
2022-09-01T07:30:00-00:00,2022-09-01T07:45:00-00:00,2022-09-01,01,BANNING_1_N001,BANNING_1_N001,BANNING_1_N001,RTPD,MCL,LMP_LOSS_PRC,BANNING_1_N001,ALL,1,0,3,4
2022-09-01T08:30:00-00:00,2022-09-01T08:45:00-00:00,2022-09-01,02,BANNING_1_N001,BANNING_1_N001,BANNING_1_N001,RTPD,MCL,LMP_LOSS_PRC,BANNING_1_N001,ALL,1,9.43344,3,4
2022-09-01T09:30:00-00:00,2022-09-01T09:45:00-00:00,2022-09-01,03,BANNING_1_N001,BANNING_1_N001,BANNING_1_N001,RTPD,MCL,LMP_LOSS_PRC,BANNING_1_N001,ALL,1,7.95114,3,4
2022-09-01T10:30:00-00:00,2022-09-01T10:45:00-00:00,2022-09-01,04,BANNING_1_N001,BANNING_1_N001,BANNING_1_N001,RTPD,MCL,LMP_LOSS_PRC,BANNING_1_N001,ALL,1,10.20476,3,4
2022-09-01T11:30:00-00:00,2022-09-01T11:45:00-00:00,2022-09-01,05,BANNING_1_N001,BANNING_1_N001,BANNING_1_N001,RTPD,MCL,LMP_LOSS_PRC,BANNING_1_N001,ALL,1,8.66751,3,4
2022-09-01T12:30:00-00:00,2022-09-01T12:45:00-00:00,2022-09-01,06,BANNING_1_N001,BANNING_1_N001,BANNING_1_N001,RTPD,MCL,LMP_LOSS_PRC,BANNING_1_N001,ALL,1,8.30226,3,4
2022-09-01T13:30:00-00:00,2022-09-01T13:45:00-00:00,2022-09-01,07,BANNING_1_N001,BANNING_1_N001,BANNING_1_N001,RTPD,MCL,LMP_LOSS_PRC,BANNING_1_N001,ALL,1,8.72088,3,4
2022-09-01T14:30:00-00:00,2022-09-01T14:45:00-00:00,2022-09-01,08,BANNING_1_N001,BANNING_1_N001,BANNING_1_N001,RTPD,MCL,LMP_LOSS_PRC,BANNING_1_N001,ALL,1,7.6783,3,4
2022-09-01T15:30:00-00:00,2022-09-01T15:45:00-00:00,2022-09-01,09,BANNING_1_N001,BANNING_1_N001,BANNING_1_N001,RTPD,MCL,LMP_LOSS_PRC,BANNING_1_N001,ALL,1,0,3,4
2022-09-01T16:30:00-00:00,2022-09-01T16:45:00-00:00,2022-09-01,10,BANNING_1_N001,BANNING_1_N001,BANNING_1_N001,RTPD,MCL,LMP_LOSS_PRC,BANNING_1_N001,ALL,1,0,3,4
2022-09-01T17:30:00-00:00,2022-09-01T17:45:00-00:00,2022-09-01,11,BANNING_1_N001,BANNING_1_N001,BANNING_1_N001,RTPD,MCL,LMP_LOSS_PRC,BANNING_1_N001,ALL,1,0,3,4
2022-09-01T18:30:00-00:00,2022-09-01T18:45:00-00:00,2022-09-01,12,BANNING_1_N001,BANNING_1_N001,BANNING_1_N001,RTPD,MCL,LMP_LOSS_PRC,BANNING_1_N001,ALL,1,0,3,4
2022-09-01T19:30:00-00:00,2022-09-01T19:45:00-00:00,2022-09-01,13,BANNING_1_N001,BANNING_1_N001,BANNING_1_N001,RTPD,MCL,LMP_LOSS_PRC,BANNING_1_N001,ALL,1,0,3,4
2022-09-01T20:30:00-00:00,2022-09-01T20:45:00-00:00,2022-09-01,14,BANNING_1_N001,BANNING_1_N001,BANNING_1_N001,RTPD,MCL,LMP_LOSS_PRC,BANNING_1_N001,ALL,1,0,3,4
2022-09-01T21:30:00-00:00,2022-09-01T21:45:00-00:00,2022-09-01,15,BANNING_1_N001,BANNING_1_N001,BANNING_1_N001,RTPD,MCL,LMP_LOSS_PRC,BANNING_1_N001,ALL,1,0,3,4
2022-09-01T22:30:00-00:00,2022-09-01T22:45:00-00:00,2022-09-01,16,BANNING_1_N001,BANNING_1_N001,BANNING_1_N001,RTPD,MCL,LMP_LOSS_PRC,BANNING_1_N001,ALL,1,0,3,4
2022-09-01T23:30:00-00:00,2022-09-01T23:45:00-00:00,2022-09-01,17,BANNING_1_N001,BANNING_1_N001,BANNING_1_N001,RTPD,MCL,LMP_LOSS_PRC,BANNING_1_N001,ALL,1,0,3,4
2022-09-02T00:30:00-00:00,2022-09-02T00:45:00-00:00,2022-09-01,18,BANNING_1_N001,BANNING_1_N001,BANNING_1_N001,RTPD,MCL,LMP_LOSS_PRC,BANNING_1_N001,ALL,1,0,3,4
2022-09-02T01:30:00-00:00,2022-09-02T01:45:00-00:00,2022-09-01,19,BANNING_1_N001,BANNING_1_N001,BANNING_1_N001,RTPD,MCL,LMP_LOSS_PRC,BANNING_1_N001,ALL,1,0,3,4
2022-09-02T02:30:00-00:00,2022-09-02T02:45:00-00:00,2022-09-01,20,BANNING_1_N001,BANNING_1_N001,BANNING_1_N001,RTPD,MCL,LMP_LOSS_PRC,BANNING_1_N001,ALL,1,0,3,4
2022-09-02T03:30:00-00:00,2022-09-02T03:45:00-00:00,2022-09-01,21,BANNING_1_N001,BANNING_1_N001,BANNING_1_N001,RTPD,MCL,LMP_LOSS_PRC,BANNING_1_N001,ALL,1,17.15021,3,4
2022-09-02T04:30:00-00:00,2022-09-02T04:45:00-00:00,2022-09-01,22,BANNING_1_N001,BANNING_1_N001,BANNING_1_N001,RTPD,MCL,LMP_LOSS_PRC,BANNING_1_N001,ALL,1,18.28464,3,4
2022-09-02T05:30:00-00:00,2022-09-02T05:45:00-00:00,2022-09-01,23,BANNING_1_N001,BANNING_1_N001,BANNING_1_N001,RTPD,MCL,LMP_LOSS_PRC,BANNING_1_N001,ALL,1,11.49734,3,4
2022-09-02T06:30:00-00:00,2022-09-02T06:45:00-00:00,2022-09-01,24,BANNING_1_N001,BANNING_1_N001,BANNING_1_N001,RTPD,MCL,LMP_LOSS_PRC,BANNING_1_N001,ALL,1,10.86071,3,4
2022-09-01T07:45:00-00:00,2022-09-01T08:00:00-00:00,2022-09-01,01,BANNING_1_N001,BANNING_1_N001,BANNING_1_N001,RTPD,MCL,LMP_LOSS_PRC,BANNING_1_N001,ALL,1,0,4,4
2022-09-01T08:45:00-00:00,2022-09-01T09:00:00-00:00,2022-09-01,02,BANNING_1_N001,BANNING_1_N001,BANNING_1_N001,RTPD,MCL,LMP_LOSS_PRC,BANNING_1_N001,ALL,1,8.83684,4,4
2022-09-01T09:45:00-00:00,2022-09-01T10:00:00-00:00,2022-09-01,03,BANNING_1_N001,BANNING_1_N001,BANNING_1_N001,RTPD,MCL,LMP_LOSS_PRC,BANNING_1_N001,ALL,1,9.46771,4,4
2022-09-01T10:45:00-00:00,2022-09-01T11:00:00-00:00,2022-09-01,04,BANNING_1_N001,BANNING_1_N001,BANNING_1_N001,RTPD,MCL,LMP_LOSS_PRC,BANNING_1_N001,ALL,1,10.10659,4,4
2022-09-01T11:45:00-00:00,2022-09-01T12:00:00-00:00,2022-09-01,05,BANNING_1_N001,BANNING_1_N001,BANNING_1_N001,RTPD,MCL,LMP_LOSS_PRC,BANNING_1_N001,ALL,1,0,4,4
2022-09-01T12:45:00-00:00,2022-09-01T13:00:00-00:00,2022-09-01,06,BANNING_1_N001,BANNING_1_N001,BANNING_1_N001,RTPD,MCL,LMP_LOSS_PRC,BANNING_1_N001,ALL,1,0,4,4
2022-09-01T13:45:00-00:00,2022-09-01T14:00:00-00:00,2022-09-01,07,BANNING_1_N001,BANNING_1_N001,BANNING_1_N001,RTPD,MCL,LMP_LOSS_PRC,BANNING_1_N001,ALL,1,0,4,4
2022-09-01T14:45:00-00:00,2022-09-01T15:00:00-00:00,2022-09-01,08,BANNING_1_N001,BANNING_1_N001,BANNING_1_N001,RTPD,MCL,LMP_LOSS_PRC,BANNING_1_N001,ALL,1,0,4,4
2022-09-01T15:45:00-00:00,2022-09-01T16:00:00-00:00,2022-09-01,09,BANNING_1_N001,BANNING_1_N001,BANNING_1_N001,RTPD,MCL,LMP_LOSS_PRC,BANNING_1_N001,ALL,1,0,4,4
2022-09-01T16:45:00-00:00,2022-09-01T17:00:00-00:00,2022-09-01,10,BANNING_1_N001,BANNING_1_N001,BANNING_1_N001,RTPD,MCL,LMP_LOSS_PRC,BANNING_1_N001,ALL,1,0,4,4
2022-09-01T17:45:00-00:00,2022-09-01T18:00:00-00:00,2022-09-01,11,BANNING_1_N001,BANNING_1_N001,BANNING_1_N001,RTPD,MCL,LMP_LOSS_PRC,BANNING_1_N001,ALL,1,0,4,4
2022-09-01T18:45:00-00:00,2022-09-01T19:00:00-00:00,2022-09-01,12,BANNING_1_N001,BANNING_1_N001,BANNING_1_N001,RTPD,MCL,LMP_LOSS_PRC,BANNING_1_N001,ALL,1,0,4,4
2022-09-01T19:45:00-00:00,2022-09-01T20:00:00-00:00,2022-09-01,13,BANNING_1_N001,BANNING_1_N001,BANNING_1_N001,RTPD,MCL,LMP_LOSS_PRC,BANNING_1_N001,ALL,1,0,4,4
2022-09-01T20:45:00-00:00,2022-09-01T21:00:00-00:00,2022-09-01,14,BANNING_1_N001,BANNING_1_N001,BANNING_1_N001,RTPD,MCL,LMP_LOSS_PRC,BANNING_1_N001,ALL,1,0,4,4
2022-09-01T21:45:00-00:00,2022-09-01T22:00:00-00:00,2022-09-01,15,BANNING_1_N001,BANNING_1_N001,BANNING_1_N001,RTPD,MCL,LMP_LOSS_PRC,BANNING_1_N001,ALL,1,0,4,4
2022-09-01T22:45:00-00:00,2022-09-01T23:00:00-00:00,2022-09-01,16,BANNING_1_N001,BANNING_1_N001,BANNING_1_N001,RTPD,MCL,LMP_LOSS_PRC,BANNING_1_N001,ALL,1,0,4,4
2022-09-01T23:45:00-00:00,2022-09-02T00:00:00-00:00,2022-09-01,17,BANNING_1_N001,BANNING_1_N001,BANNING_1_N001,RTPD,MCL,LMP_LOSS_PRC,BANNING_1_N001,ALL,1,0,4,4
2022-09-02T00:45:00-00:00,2022-09-02T01:00:00-00:00,2022-09-01,18,BANNING_1_N001,BANNING_1_N001,BANNING_1_N001,RTPD,MCL,LMP_LOSS_PRC,BANNING_1_N001,ALL,1,0,4,4
2022-09-02T01:45:00-00:00,2022-09-02T02:00:00-00:00,2022-09-01,19,BANNING_1_N001,BANNING_1_N001,BANNING_1_N001,RTPD,MCL,LMP_LOSS_PRC,BANNING_1_N001,ALL,1,0,4,4
2022-09-02T02:45:00-00:00,2022-09-02T03:00:00-00:00,2022-09-01,20,BANNING_1_N001,BANNING_1_N001,BANNING_1_N001,RTPD,MCL,LMP_LOSS_PRC,BANNING_1_N001,ALL,1,205.98415,4,4
2022-09-02T03:45:00-00:00,2022-09-02T04:00:00-00:00,2022-09-01,21,BANNING_1_N001,BANNING_1_N001,BANNING_1_N001,RTPD,MCL,LMP_LOSS_PRC,BANNING_1_N001,ALL,1,13.78909,4,4
2022-09-02T04:45:00-00:00,2022-09-02T05:00:00-00:00,2022-09-01,22,BANNING_1_N001,BANNING_1_N001,BANNING_1_N001,RTPD,MCL,LMP_LOSS_PRC,BANNING_1_N001,ALL,1,11.71297,4,4
2022-09-02T05:45:00-00:00,2022-09-02T06:00:00-00:00,2022-09-01,23,BANNING_1_N001,BANNING_1_N001,BANNING_1_N001,RTPD,MCL,LMP_LOSS_PRC,BANNING_1_N001,ALL,1,10.12771,4,4
2022-09-02T06:45:00-00:00,2022-09-02T07:00:00-00:00,2022-09-01,24,BANNING_1_N001,BANNING_1_N001,BANNING_1_N001,RTPD,MCL,LMP_LOSS_PRC,BANNING_1_N001,ALL,1,8.74718,4,4
2022-09-01T07:00:00-00:00,2022-09-01T07:15:00-00:00,2022-09-01,01,BANNING_1_N001,BANNING_1_N001,BANNING_1_N001,RTPD,MGHG,LMP_GHG_PRC,BANNING_1_N001,ALL,1,0,1,5
2022-09-01T08:00:00-00:00,2022-09-01T08:15:00-00:00,2022-09-01,02,BANNING_1_N001,BANNING_1_N001,BANNING_1_N001,RTPD,MGHG,LMP_GHG_PRC,BANNING_1_N001,ALL,1,0,1,5
2022-09-01T09:00:00-00:00,2022-09-01T09:15:00-00:00,2022-09-01,03,BANNING_1_N001,BANNING_1_N001,BANNING_1_N001,RTPD,MGHG,LMP_GHG_PRC,BANNING_1_N001,ALL,1,0,1,5
2022-09-01T10:00:00-00:00,2022-09-01T10:15:00-00:00,2022-09-01,04,BANNING_1_N001,BANNING_1_N001,BANNING_1_N001,RTPD,MGHG,LMP_GHG_PRC,BANNING_1_N001,ALL,1,0,1,5
2022-09-01T11:00:00-00:00,2022-09-01T11:15:00-00:00,2022-09-01,05,BANNING_1_N001,BANNING_1_N001,BANNING_1_N001,RTPD,MGHG,LMP_GHG_PRC,BANNING_1_N001,ALL,1,0,1,5
2022-09-01T12:00:00-00:00,2022-09-01T12:15:00-00:00,2022-09-01,06,BANNING_1_N001,BANNING_1_N001,BANNING_1_N001,RTPD,MGHG,LMP_GHG_PRC,BANNING_1_N001,ALL,1,0,1,5
2022-09-01T13:00:00-00:00,2022-09-01T13:15:00-00:00,2022-09-01,07,BANNING_1_N001,BANNING_1_N001,BANNING_1_N001,RTPD,MGHG,LMP_GHG_PRC,BANNING_1_N001,ALL,1,0,1,5
2022-09-01T14:00:00-00:00,2022-09-01T14:15:00-00:00,2022-09-01,08,BANNING_1_N001,BANNING_1_N001,BANNING_1_N001,RTPD,MGHG,LMP_GHG_PRC,BANNING_1_N001,ALL,1,0,1,5
2022-09-01T15:00:00-00:00,2022-09-01T15:15:00-00:00,2022-09-01,09,BANNING_1_N001,BANNING_1_N001,BANNING_1_N001,RTPD,MGHG,LMP_GHG_PRC,BANNING_1_N001,ALL,1,0,1,5
2022-09-01T16:00:00-00:00,2022-09-01T16:15:00-00:00,2022-09-01,10,BANNING_1_N001,BANNING_1_N001,BANNING_1_N001,RTPD,MGHG,LMP_GHG_PRC,BANNING_1_N001,ALL,1,0,1,5
2022-09-01T17:00:00-00:00,2022-09-01T17:15:00-00:00,2022-09-01,11,BANNING_1_N001,BANNING_1_N001,BANNING_1_N001,RTPD,MGHG,LMP_GHG_PRC,BANNING_1_N001,ALL,1,0,1,5
2022-09-01T18:00:00-00:00,2022-09-01T18:15:00-00:00,2022-09-01,12,BANNING_1_N001,BANNING_1_N001,BANNING_1_N001,RTPD,MGHG,LMP_GHG_PRC,BANNING_1_N001,ALL,1,0,1,5
2022-09-01T19:00:00-00:00,2022-09-01T19:15:00-00:00,2022-09-01,13,BANNING_1_N001,BANNING_1_N001,BANNING_1_N001,RTPD,MGHG,LMP_GHG_PRC,BANNING_1_N001,ALL,1,0,1,5
2022-09-01T20:00:00-00:00,2022-09-01T20:15:00-00:00,2022-09-01,14,BANNING_1_N001,BANNING_1_N001,BANNING_1_N001,RTPD,MGHG,LMP_GHG_PRC,BANNING_1_N001,ALL,1,0,1,5
2022-09-01T21:00:00-00:00,2022-09-01T21:15:00-00:00,2022-09-01,15,BANNING_1_N001,BANNING_1_N001,BANNING_1_N001,RTPD,MGHG,LMP_GHG_PRC,BANNING_1_N001,ALL,1,0,1,5
2022-09-01T22:00:00-00:00,2022-09-01T22:15:00-00:00,2022-09-01,16,BANNING_1_N001,BANNING_1_N001,BANNING_1_N001,RTPD,MGHG,LMP_GHG_PRC,BANNING_1_N001,ALL,1,0,1,5
2022-09-01T23:00:00-00:00,2022-09-01T23:15:00-00:00,2022-09-01,17,BANNING_1_N001,BANNING_1_N001,BANNING_1_N001,RTPD,MGHG,LMP_GHG_PRC,BANNING_1_N001,ALL,1,0,1,5
2022-09-02T00:00:00-00:00,2022-09-02T00:15:00-00:00,2022-09-01,18,BANNING_1_N001,BANNING_1_N001,BANNING_1_N001,RTPD,MGHG,LMP_GHG_PRC,BANNING_1_N001,ALL,1,0,1,5
2022-09-02T01:00:00-00:00,2022-09-02T01:15:00-00:00,2022-09-01,19,BANNING_1_N001,BANNING_1_N001,BANNING_1_N001,RTPD,MGHG,LMP_GHG_PRC,BANNING_1_N001,ALL,1,0,1,5
2022-09-02T02:00:00-00:00,2022-09-02T02:15:00-00:00,2022-09-01,20,BANNING_1_N001,BANNING_1_N001,BANNING_1_N001,RTPD,MGHG,LMP_GHG_PRC,BANNING_1_N001,ALL,1,0,1,5
2022-09-02T03:00:00-00:00,2022-09-02T03:15:00-00:00,2022-09-01,21,BANNING_1_N001,BANNING_1_N001,BANNING_1_N001,RTPD,MGHG,LMP_GHG_PRC,BANNING_1_N001,ALL,1,0,1,5
2022-09-02T04:00:00-00:00,2022-09-02T04:15:00-00:00,2022-09-01,22,BANNING_1_N001,BANNING_1_N001,BANNING_1_N001,RTPD,MGHG,LMP_GHG_PRC,BANNING_1_N001,ALL,1,0,1,5
2022-09-02T05:00:00-00:00,2022-09-02T05:15:00-00:00,2022-09-01,23,BANNING_1_N001,BANNING_1_N001,BANNING_1_N001,RTPD,MGHG,LMP_GHG_PRC,BANNING_1_N001,ALL,1,0,1,5
2022-09-02T06:00:00-00:00,2022-09-02T06:15:00-00:00,2022-09-01,24,BANNING_1_N001,BANNING_1_N001,BANNING_1_N001,RTPD,MGHG,LMP_GHG_PRC,BANNING_1_N001,ALL,1,0,1,5
2022-09-01T07:15:00-00:00,2022-09-01T07:30:00-00:00,2022-09-01,01,BANNING_1_N001,BANNING_1_N001,BANNING_1_N001,RTPD,MGHG,LMP_GHG_PRC,BANNING_1_N001,ALL,1,0,2,5
2022-09-01T08:15:00-00:00,2022-09-01T08:30:00-00:00,2022-09-01,02,BANNING_1_N001,BANNING_1_N001,BANNING_1_N001,RTPD,MGHG,LMP_GHG_PRC,BANNING_1_N001,ALL,1,0,2,5
2022-09-01T09:15:00-00:00,2022-09-01T09:30:00-00:00,2022-09-01,03,BANNING_1_N001,BANNING_1_N001,BANNING_1_N001,RTPD,MGHG,LMP_GHG_PRC,BANNING_1_N001,ALL,1,0,2,5
2022-09-01T10:15:00-00:00,2022-09-01T10:30:00-00:00,2022-09-01,04,BANNING_1_N001,BANNING_1_N001,BANNING_1_N001,RTPD,MGHG,LMP_GHG_PRC,BANNING_1_N001,ALL,1,0,2,5
2022-09-01T11:15:00-00:00,2022-09-01T11:30:00-00:00,2022-09-01,05,BANNING_1_N001,BANNING_1_N001,BANNING_1_N001,RTPD,MGHG,LMP_GHG_PRC,BANNING_1_N001,ALL,1,0,2,5
2022-09-01T12:15:00-00:00,2022-09-01T12:30:00-00:00,2022-09-01,06,BANNING_1_N001,BANNING_1_N001,BANNING_1_N001,RTPD,MGHG,LMP_GHG_PRC,BANNING_1_N001,ALL,1,0,2,5
2022-09-01T13:15:00-00:00,2022-09-01T13:30:00-00:00,2022-09-01,07,BANNING_1_N001,BANNING_1_N001,BANNING_1_N001,RTPD,MGHG,LMP_GHG_PRC,BANNING_1_N001,ALL,1,0,2,5
2022-09-01T14:15:00-00:00,2022-09-01T14:30:00-00:00,2022-09-01,08,BANNING_1_N001,BANNING_1_N001,BANNING_1_N001,RTPD,MGHG,LMP_GHG_PRC,BANNING_1_N001,ALL,1,0,2,5
2022-09-01T15:15:00-00:00,2022-09-01T15:30:00-00:00,2022-09-01,09,BANNING_1_N001,BANNING_1_N001,BANNING_1_N001,RTPD,MGHG,LMP_GHG_PRC,BANNING_1_N001,ALL,1,0,2,5
2022-09-01T16:15:00-00:00,2022-09-01T16:30:00-00:00,2022-09-01,10,BANNING_1_N001,BANNING_1_N001,BANNING_1_N001,RTPD,MGHG,LMP_GHG_PRC,BANNING_1_N001,ALL,1,0,2,5
2022-09-01T17:15:00-00:00,2022-09-01T17:30:00-00:00,2022-09-01,11,BANNING_1_N001,BANNING_1_N001,BANNING_1_N001,RTPD,MGHG,LMP_GHG_PRC,BANNING_1_N001,ALL,1,0,2,5
2022-09-01T18:15:00-00:00,2022-09-01T18:30:00-00:00,2022-09-01,12,BANNING_1_N001,BANNING_1_N001,BANNING_1_N001,RTPD,MGHG,LMP_GHG_PRC,BANNING_1_N001,ALL,1,0,2,5
2022-09-01T19:15:00-00:00,2022-09-01T19:30:00-00:00,2022-09-01,13,BANNING_1_N001,BANNING_1_N001,BANNING_1_N001,RTPD,MGHG,LMP_GHG_PRC,BANNING_1_N001,ALL,1,0,2,5
2022-09-01T20:15:00-00:00,2022-09-01T20:30:00-00:00,2022-09-01,14,BANNING_1_N001,BANNING_1_N001,BANNING_1_N001,RTPD,MGHG,LMP_GHG_PRC,BANNING_1_N001,ALL,1,0,2,5
2022-09-01T21:15:00-00:00,2022-09-01T21:30:00-00:00,2022-09-01,15,BANNING_1_N001,BANNING_1_N001,BANNING_1_N001,RTPD,MGHG,LMP_GHG_PRC,BANNING_1_N001,ALL,1,0,2,5
2022-09-01T22:15:00-00:00,2022-09-01T22:30:00-00:00,2022-09-01,16,BANNING_1_N001,BANNING_1_N001,BANNING_1_N001,RTPD,MGHG,LMP_GHG_PRC,BANNING_1_N001,ALL,1,0,2,5
2022-09-01T23:15:00-00:00,2022-09-01T23:30:00-00:00,2022-09-01,17,BANNING_1_N001,BANNING_1_N001,BANNING_1_N001,RTPD,MGHG,LMP_GHG_PRC,BANNING_1_N001,ALL,1,0,2,5
2022-09-02T00:15:00-00:00,2022-09-02T00:30:00-00:00,2022-09-01,18,BANNING_1_N001,BANNING_1_N001,BANNING_1_N001,RTPD,MGHG,LMP_GHG_PRC,BANNING_1_N001,ALL,1,0,2,5
2022-09-02T01:15:00-00:00,2022-09-02T01:30:00-00:00,2022-09-01,19,BANNING_1_N001,BANNING_1_N001,BANNING_1_N001,RTPD,MGHG,LMP_GHG_PRC,BANNING_1_N001,ALL,1,0,2,5
2022-09-02T02:15:00-00:00,2022-09-02T02:30:00-00:00,2022-09-01,20,BANNING_1_N001,BANNING_1_N001,BANNING_1_N001,RTPD,MGHG,LMP_GHG_PRC,BANNING_1_N001,ALL,1,0,2,5
2022-09-02T03:15:00-00:00,2022-09-02T03:30:00-00:00,2022-09-01,21,BANNING_1_N001,BANNING_1_N001,BANNING_1_N001,RTPD,MGHG,LMP_GHG_PRC,BANNING_1_N001,ALL,1,0,2,5
2022-09-02T04:15:00-00:00,2022-09-02T04:30:00-00:00,2022-09-01,22,BANNING_1_N001,BANNING_1_N001,BANNING_1_N001,RTPD,MGHG,LMP_GHG_PRC,BANNING_1_N001,ALL,1,0,2,5
2022-09-02T05:15:00-00:00,2022-09-02T05:30:00-00:00,2022-09-01,23,BANNING_1_N001,BANNING_1_N001,BANNING_1_N001,RTPD,MGHG,LMP_GHG_PRC,BANNING_1_N001,ALL,1,0,2,5
2022-09-02T06:15:00-00:00,2022-09-02T06:30:00-00:00,2022-09-01,24,BANNING_1_N001,BANNING_1_N001,BANNING_1_N001,RTPD,MGHG,LMP_GHG_PRC,BANNING_1_N001,ALL,1,0,2,5
2022-09-01T07:30:00-00:00,2022-09-01T07:45:00-00:00,2022-09-01,01,BANNING_1_N001,BANNING_1_N001,BANNING_1_N001,RTPD,MGHG,LMP_GHG_PRC,BANNING_1_N001,ALL,1,0,3,5
2022-09-01T08:30:00-00:00,2022-09-01T08:45:00-00:00,2022-09-01,02,BANNING_1_N001,BANNING_1_N001,BANNING_1_N001,RTPD,MGHG,LMP_GHG_PRC,BANNING_1_N001,ALL,1,0,3,5
2022-09-01T09:30:00-00:00,2022-09-01T09:45:00-00:00,2022-09-01,03,BANNING_1_N001,BANNING_1_N001,BANNING_1_N001,RTPD,MGHG,LMP_GHG_PRC,BANNING_1_N001,ALL,1,0,3,5
2022-09-01T10:30:00-00:00,2022-09-01T10:45:00-00:00,2022-09-01,04,BANNING_1_N001,BANNING_1_N001,BANNING_1_N001,RTPD,MGHG,LMP_GHG_PRC,BANNING_1_N001,ALL,1,0,3,5
2022-09-01T11:30:00-00:00,2022-09-01T11:45:00-00:00,2022-09-01,05,BANNING_1_N001,BANNING_1_N001,BANNING_1_N001,RTPD,MGHG,LMP_GHG_PRC,BANNING_1_N001,ALL,1,0,3,5
2022-09-01T12:30:00-00:00,2022-09-01T12:45:00-00:00,2022-09-01,06,BANNING_1_N001,BANNING_1_N001,BANNING_1_N001,RTPD,MGHG,LMP_GHG_PRC,BANNING_1_N001,ALL,1,0,3,5
2022-09-01T13:30:00-00:00,2022-09-01T13:45:00-00:00,2022-09-01,07,BANNING_1_N001,BANNING_1_N001,BANNING_1_N001,RTPD,MGHG,LMP_GHG_PRC,BANNING_1_N001,ALL,1,0,3,5
2022-09-01T14:30:00-00:00,2022-09-01T14:45:00-00:00,2022-09-01,08,BANNING_1_N001,BANNING_1_N001,BANNING_1_N001,RTPD,MGHG,LMP_GHG_PRC,BANNING_1_N001,ALL,1,0,3,5
2022-09-01T15:30:00-00:00,2022-09-01T15:45:00-00:00,2022-09-01,09,BANNING_1_N001,BANNING_1_N001,BANNING_1_N001,RTPD,MGHG,LMP_GHG_PRC,BANNING_1_N001,ALL,1,0,3,5
2022-09-01T16:30:00-00:00,2022-09-01T16:45:00-00:00,2022-09-01,10,BANNING_1_N001,BANNING_1_N001,BANNING_1_N001,RTPD,MGHG,LMP_GHG_PRC,BANNING_1_N001,ALL,1,0,3,5
2022-09-01T17:30:00-00:00,2022-09-01T17:45:00-00:00,2022-09-01,11,BANNING_1_N001,BANNING_1_N001,BANNING_1_N001,RTPD,MGHG,LMP_GHG_PRC,BANNING_1_N001,ALL,1,0,3,5
2022-09-01T18:30:00-00:00,2022-09-01T18:45:00-00:00,2022-09-01,12,BANNING_1_N001,BANNING_1_N001,BANNING_1_N001,RTPD,MGHG,LMP_GHG_PRC,BANNING_1_N001,ALL,1,0,3,5
2022-09-01T19:30:00-00:00,2022-09-01T19:45:00-00:00,2022-09-01,13,BANNING_1_N001,BANNING_1_N001,BANNING_1_N001,RTPD,MGHG,LMP_GHG_PRC,BANNING_1_N001,ALL,1,0,3,5
2022-09-01T20:30:00-00:00,2022-09-01T20:45:00-00:00,2022-09-01,14,BANNING_1_N001,BANNING_1_N001,BANNING_1_N001,RTPD,MGHG,LMP_GHG_PRC,BANNING_1_N001,ALL,1,0,3,5
2022-09-01T21:30:00-00:00,2022-09-01T21:45:00-00:00,2022-09-01,15,BANNING_1_N001,BANNING_1_N001,BANNING_1_N001,RTPD,MGHG,LMP_GHG_PRC,BANNING_1_N001,ALL,1,0,3,5
2022-09-01T22:30:00-00:00,2022-09-01T22:45:00-00:00,2022-09-01,16,BANNING_1_N001,BANNING_1_N001,BANNING_1_N001,RTPD,MGHG,LMP_GHG_PRC,BANNING_1_N001,ALL,1,0,3,5
2022-09-01T23:30:00-00:00,2022-09-01T23:45:00-00:00,2022-09-01,17,BANNING_1_N001,BANNING_1_N001,BANNING_1_N001,RTPD,MGHG,LMP_GHG_PRC,BANNING_1_N001,ALL,1,0,3,5
2022-09-02T00:30:00-00:00,2022-09-02T00:45:00-00:00,2022-09-01,18,BANNING_1_N001,BANNING_1_N001,BANNING_1_N001,RTPD,MGHG,LMP_GHG_PRC,BANNING_1_N001,ALL,1,0,3,5
2022-09-02T01:30:00-00:00,2022-09-02T01:45:00-00:00,2022-09-01,19,BANNING_1_N001,BANNING_1_N001,BANNING_1_N001,RTPD,MGHG,LMP_GHG_PRC,BANNING_1_N001,ALL,1,0,3,5
2022-09-02T02:30:00-00:00,2022-09-02T02:45:00-00:00,2022-09-01,20,BANNING_1_N001,BANNING_1_N001,BANNING_1_N001,RTPD,MGHG,LMP_GHG_PRC,BANNING_1_N001,ALL,1,0,3,5
2022-09-02T03:30:00-00:00,2022-09-02T03:45:00-00:00,2022-09-01,21,BANNING_1_N001,BANNING_1_N001,BANNING_1_N001,RTPD,MGHG,LMP_GHG_PRC,BANNING_1_N001,ALL,1,0,3,5
2022-09-02T04:30:00-00:00,2022-09-02T04:45:00-00:00,2022-09-01,22,BANNING_1_N001,BANNING_1_N001,BANNING_1_N001,RTPD,MGHG,LMP_GHG_PRC,BANNING_1_N001,ALL,1,0,3,5
2022-09-02T05:30:00-00:00,2022-09-02T05:45:00-00:00,2022-09-01,23,BANNING_1_N001,BANNING_1_N001,BANNING_1_N001,RTPD,MGHG,LMP_GHG_PRC,BANNING_1_N001,ALL,1,0,3,5
2022-09-02T06:30:00-00:00,2022-09-02T06:45:00-00:00,2022-09-01,24,BANNING_1_N001,BANNING_1_N001,BANNING_1_N001,RTPD,MGHG,LMP_GHG_PRC,BANNING_1_N001,ALL,1,0,3,5
2022-09-01T07:45:00-00:00,2022-09-01T08:00:00-00:00,2022-09-01,01,BANNING_1_N001,BANNING_1_N001,BANNING_1_N001,RTPD,MGHG,LMP_GHG_PRC,BANNING_1_N001,ALL,1,0,4,5
2022-09-01T08:45:00-00:00,2022-09-01T09:00:00-00:00,2022-09-01,02,BANNING_1_N001,BANNING_1_N001,BANNING_1_N001,RTPD,MGHG,LMP_GHG_PRC,BANNING_1_N001,ALL,1,0,4,5
2022-09-01T09:45:00-00:00,2022-09-01T10:00:00-00:00,2022-09-01,03,BANNING_1_N001,BANNING_1_N001,BANNING_1_N001,RTPD,MGHG,LMP_GHG_PRC,BANNING_1_N001,ALL,1,0,4,5
2022-09-01T10:45:00-00:00,2022-09-01T11:00:00-00:00,2022-09-01,04,BANNING_1_N001,BANNING_1_N001,BANNING_1_N001,RTPD,MGHG,LMP_GHG_PRC,BANNING_1_N001,ALL,1,0,4,5
2022-09-01T11:45:00-00:00,2022-09-01T12:00:00-00:00,2022-09-01,05,BANNING_1_N001,BANNING_1_N001,BANNING_1_N001,RTPD,MGHG,LMP_GHG_PRC,BANNING_1_N001,ALL,1,0,4,5
2022-09-01T12:45:00-00:00,2022-09-01T13:00:00-00:00,2022-09-01,06,BANNING_1_N001,BANNING_1_N001,BANNING_1_N001,RTPD,MGHG,LMP_GHG_PRC,BANNING_1_N001,ALL,1,0,4,5
2022-09-01T13:45:00-00:00,2022-09-01T14:00:00-00:00,2022-09-01,07,BANNING_1_N001,BANNING_1_N001,BANNING_1_N001,RTPD,MGHG,LMP_GHG_PRC,BANNING_1_N001,ALL,1,0,4,5
2022-09-01T14:45:00-00:00,2022-09-01T15:00:00-00:00,2022-09-01,08,BANNING_1_N001,BANNING_1_N001,BANNING_1_N001,RTPD,MGHG,LMP_GHG_PRC,BANNING_1_N001,ALL,1,0,4,5
2022-09-01T15:45:00-00:00,2022-09-01T16:00:00-00:00,2022-09-01,09,BANNING_1_N001,BANNING_1_N001,BANNING_1_N001,RTPD,MGHG,LMP_GHG_PRC,BANNING_1_N001,ALL,1,0,4,5
2022-09-01T16:45:00-00:00,2022-09-01T17:00:00-00:00,2022-09-01,10,BANNING_1_N001,BANNING_1_N001,BANNING_1_N001,RTPD,MGHG,LMP_GHG_PRC,BANNING_1_N001,ALL,1,0,4,5
2022-09-01T17:45:00-00:00,2022-09-01T18:00:00-00:00,2022-09-01,11,BANNING_1_N001,BANNING_1_N001,BANNING_1_N001,RTPD,MGHG,LMP_GHG_PRC,BANNING_1_N001,ALL,1,0,4,5
2022-09-01T18:45:00-00:00,2022-09-01T19:00:00-00:00,2022-09-01,12,BANNING_1_N001,BANNING_1_N001,BANNING_1_N001,RTPD,MGHG,LMP_GHG_PRC,BANNING_1_N001,ALL,1,0,4,5
2022-09-01T19:45:00-00:00,2022-09-01T20:00:00-00:00,2022-09-01,13,BANNING_1_N001,BANNING_1_N001,BANNING_1_N001,RTPD,MGHG,LMP_GHG_PRC,BANNING_1_N001,ALL,1,0,4,5
2022-09-01T20:45:00-00:00,2022-09-01T21:00:00-00:00,2022-09-01,14,BANNING_1_N001,BANNING_1_N001,BANNING_1_N001,RTPD,MGHG,LMP_GHG_PRC,BANNING_1_N001,ALL,1,0,4,5
2022-09-01T21:45:00-00:00,2022-09-01T22:00:00-00:00,2022-09-01,15,BANNING_1_N001,BANNING_1_N001,BANNING_1_N001,RTPD,MGHG,LMP_GHG_PRC,BANNING_1_N001,ALL,1,0,4,5
2022-09-01T22:45:00-00:00,2022-09-01T23:00:00-00:00,2022-09-01,16,BANNING_1_N001,BANNING_1_N001,BANNING_1_N001,RTPD,MGHG,LMP_GHG_PRC,BANNING_1_N001,ALL,1,0,4,5
2022-09-01T23:45:00-00:00,2022-09-02T00:00:00-00:00,2022-09-01,17,BANNING_1_N001,BANNING_1_N001,BANNING_1_N001,RTPD,MGHG,LMP_GHG_PRC,BANNING_1_N001,ALL,1,0,4,5
2022-09-02T00:45:00-00:00,2022-09-02T01:00:00-00:00,2022-09-01,18,BANNING_1_N001,BANNING_1_N001,BANNING_1_N001,RTPD,MGHG,LMP_GHG_PRC,BANNING_1_N001,ALL,1,0,4,5
2022-09-02T01:45:00-00:00,2022-09-02T02:00:00-00:00,2022-09-01,19,BANNING_1_N001,BANNING_1_N001,BANNING_1_N001,RTPD,MGHG,LMP_GHG_PRC,BANNING_1_N001,ALL,1,0,4,5
2022-09-02T02:45:00-00:00,2022-09-02T03:00:00-00:00,2022-09-01,20,BANNING_1_N001,BANNING_1_N001,BANNING_1_N001,RTPD,MGHG,LMP_GHG_PRC,BANNING_1_N001,ALL,1,0,4,5
2022-09-02T03:45:00-00:00,2022-09-02T04:00:00-00:00,2022-09-01,21,BANNING_1_N001,BANNING_1_N001,BANNING_1_N001,RTPD,MGHG,LMP_GHG_PRC,BANNING_1_N001,ALL,1,0,4,5
2022-09-02T04:45:00-00:00,2022-09-02T05:00:00-00:00,2022-09-01,22,BANNING_1_N001,BANNING_1_N001,BANNING_1_N001,RTPD,MGHG,LMP_GHG_PRC,BANNING_1_N001,ALL,1,0,4,5
2022-09-02T05:45:00-00:00,2022-09-02T06:00:00-00:00,2022-09-01,23,BANNING_1_N001,BANNING_1_N001,BANNING_1_N001,RTPD,MGHG,LMP_GHG_PRC,BANNING_1_N001,ALL,1,0,4,5
2022-09-02T06:45:00-00:00,2022-09-02T07:00:00-00:00,2022-09-01,24,BANNING_1_N001,BANNING_1_N001,BANNING_1_N001,RTPD,MGHG,LMP_GHG_PRC,BANNING_1_N001,ALL,1,0,4,5
