INTERVALSTARTTIME_GMT,INTERVALENDTIME_GMT,OPR_DT,OPR_HR,NODE_ID_XML,NODE_ID,NODE,MARKET_RUN_ID,LMP_TYPE,XML_DATA_ITEM,PNODE_RESMRID,GRP_TYPE,POS,PRC,OPR_INTERVAL,GROUP
2022-09-01T07:00:00-00:00,2022-09-01T07:15:00-00:00,2022-09-01,01,BAFCOG12_7_B1,BAFCOG12_7_B1,BAFCOG12_7_B1,RTPD,LMP,LMP_PRC,BAFCOG12_7_B1,ALL,1,74.88379,1,1
2022-09-01T08:00:00-00:00,2022-09-01T08:15:00-00:00,2022-09-01,02,BAFCOG12_7_B1,BAFCOG12_7_B1,BAFCOG12_7_B1,RTPD,LMP,LMP_PRC,BAFCOG12_7_B1,ALL,1,111.91808,1,1
2022-09-01T09:00:00-00:00,2022-09-01T09:15:00-00:00,2022-09-01,03,BAFCOG12_7_B1,BAFCOG12_7_B1,BAFCOG12_7_B1,RTPD,LMP,LMP_PRC,BAFCOG12_7_B1,ALL,1,94.16774,1,1
2022-09-01T10:00:00-00:00,2022-09-01T10:15:00-00:00,2022-09-01,04,BAFCOG12_7_B1,BAFCOG12_7_B1,BAFCOG12_7_B1,RTPD,LMP,LMP_PRC,BAFCOG12_7_B1,ALL,1,94.47266,1,1
2022-09-01T11:00:00-00:00,2022-09-01T11:15:00-00:00,2022-09-01,05,BAFCOG12_7_B1,BAFCOG12_7_B1,BAFCOG12_7_B1,RTPD,LMP,LMP_PRC,BAFCOG12_7_B1,ALL,1,101.35828,1,1
2022-09-01T12:00:00-00:00,2022-09-01T12:15:00-00:00,2022-09-01,06,BAFCOG12_7_B1,BAFCOG12_7_B1,BAFCOG12_7_B1,RTPD,LMP,LMP_PRC,BAFCOG12_7_B1,ALL,1,85.16892,1,1
2022-09-01T13:00:00-00:00,2022-09-01T13:15:00-00:00,2022-09-01,07,BAFCOG12_7_B1,BAFCOG12_7_B1,BAFCOG12_7_B1,RTPD,LMP,LMP_PRC,BAFCOG12_7_B1,ALL,1,87.4392,1,1
2022-09-01T14:00:00-00:00,2022-09-01T14:15:00-00:00,2022-09-01,08,BAFCOG12_7_B1,BAFCOG12_7_B1,BAFCOG12_7_B1,RTPD,LMP,LMP_PRC,BAFCOG12_7_B1,ALL,1,109.48995,1,1
2022-09-01T15:00:00-00:00,2022-09-01T15:15:00-00:00,2022-09-01,09,BAFCOG12_7_B1,BAFCOG12_7_B1,BAFCOG12_7_B1,RTPD,LMP,LMP_PRC,BAFCOG12_7_B1,ALL,1,97.4112,1,1
2022-09-01T16:00:00-00:00,2022-09-01T16:15:00-00:00,2022-09-01,10,BAFCOG12_7_B1,BAFCOG12_7_B1,BAFCOG12_7_B1,RTPD,LMP,LMP_PRC,BAFCOG12_7_B1,ALL,1,83.43525,1,1
2022-09-01T17:00:00-00:00,2022-09-01T17:15:00-00:00,2022-09-01,11,BAFCOG12_7_B1,BAFCOG12_7_B1,BAFCOG12_7_B1,RTPD,LMP,LMP_PRC,BAFCOG12_7_B1,ALL,1,78.94573,1,1
2022-09-01T18:00:00-00:00,2022-09-01T18:15:00-00:00,2022-09-01,12,BAFCOG12_7_B1,BAFCOG12_7_B1,BAFCOG12_7_B1,RTPD,LMP,LMP_PRC,BAFCOG12_7_B1,ALL,1,56.69346,1,1
2022-09-01T19:00:00-00:00,2022-09-01T19:15:00-00:00,2022-09-01,13,BAFCOG12_7_B1,BAFCOG12_7_B1,BAFCOG12_7_B1,RTPD,LMP,LMP_PRC,BAFCOG12_7_B1,ALL,1,70.51121,1,1
2022-09-01T20:00:00-00:00,2022-09-01T20:15:00-00:00,2022-09-01,14,BAFCOG12_7_B1,BAFCOG12_7_B1,BAFCOG12_7_B1,RTPD,LMP,LMP_PRC,BAFCOG12_7_B1,ALL,1,114.14013,1,1
2022-09-01T21:00:00-00:00,2022-09-01T21:15:00-00:00,2022-09-01,15,BAFCOG12_7_B1,BAFCOG12_7_B1,BAFCOG12_7_B1,RTPD,LMP,LMP_PRC,BAFCOG12_7_B1,ALL,1,119.3842,1,1
2022-09-01T22:00:00-00:00,2022-09-01T22:15:00-00:00,2022-09-01,16,BAFCOG12_7_B1,BAFCOG12_7_B1,BAFCOG12_7_B1,RTPD,LMP,LMP_PRC,BAFCOG12_7_B1,ALL,1,113.03022,1,1
2022-09-01T23:00:00-00:00,2022-09-01T23:15:00-00:00,2022-09-01,17,BAFCOG12_7_B1,BAFCOG12_7_B1,BAFCOG12_7_B1,RTPD,LMP,LMP_PRC,BAFCOG12_7_B1,ALL,1,200.83913,1,1
2022-09-02T00:00:00-00:00,2022-09-02T00:15:00-00:00,2022-09-01,18,BAFCOG12_7_B1,BAFCOG12_7_B1,BAFCOG12_7_B1,RTPD,LMP,LMP_PRC,BAFCOG12_7_B1,ALL,1,1044.8225,1,1
2022-09-02T01:00:00-00:00,2022-09-02T01:15:00-00:00,2022-09-01,19,BAFCOG12_7_B1,BAFCOG12_7_B1,BAFCOG12_7_B1,RTPD,LMP,LMP_PRC,BAFCOG12_7_B1,ALL,1,1222.512,1,1
2022-09-02T02:00:00-00:00,2022-09-02T02:15:00-00:00,2022-09-01,20,BAFCOG12_7_B1,BAFCOG12_7_B1,BAFCOG12_7_B1,RTPD,LMP,LMP_PRC,BAFCOG12_7_B1,ALL,1,1991.6721,1,1
2022-09-02T03:00:00-00:00,2022-09-02T03:15:00-00:00,2022-09-01,21,BAFCOG12_7_B1,BAFCOG12_7_B1,BAFCOG12_7_B1,RTPD,LMP,LMP_PRC,BAFCOG12_7_B1,ALL,1,1277.6621,1,1
2022-09-02T04:00:00-00:00,2022-09-02T04:15:00-00:00,2022-09-01,22,BAFCOG12_7_B1,BAFCOG12_7_B1,BAFCOG12_7_B1,RTPD,LMP,LMP_PRC,BAFCOG12_7_B1,ALL,1,671.45276,1,1
2022-09-02T05:00:00-00:00,2022-09-02T05:15:00-00:00,2022-09-01,23,BAFCOG12_7_B1,BAFCOG12_7_B1,BAFCOG12_7_B1,RTPD,LMP,LMP_PRC,BAFCOG12_7_B1,ALL,1,177.40102,1,1
2022-09-02T06:00:00-00:00,2022-09-02T06:15:00-00:00,2022-09-01,24,BAFCOG12_7_B1,BAFCOG12_7_B1,BAFCOG12_7_B1,RTPD,LMP,LMP_PRC,BAFCOG12_7_B1,ALL,1,216.2859,1,1
2022-09-01T07:15:00-00:00,2022-09-01T07:30:00-00:00,2022-09-01,01,BAFCOG12_7_B1,BAFCOG12_7_B1,BAFCOG12_7_B1,RTPD,LMP,LMP_PRC,BAFCOG12_7_B1,ALL,1,114.67152,2,1
2022-09-01T08:15:00-00:00,2022-09-01T08:30:00-00:00,2022-09-01,02,BAFCOG12_7_B1,BAFCOG12_7_B1,BAFCOG12_7_B1,RTPD,LMP,LMP_PRC,BAFCOG12_7_B1,ALL,1,114.54063,2,1
2022-09-01T09:15:00-00:00,2022-09-01T09:30:00-00:00,2022-09-01,03,BAFCOG12_7_B1,BAFCOG12_7_B1,BAFCOG12_7_B1,RTPD,LMP,LMP_PRC,BAFCOG12_7_B1,ALL,1,91.28016,2,1
2022-09-01T10:15:00-00:00,2022-09-01T10:30:00-00:00,2022-09-01,04,BAFCOG12_7_B1,BAFCOG12_7_B1,BAFCOG12_7_B1,RTPD,LMP,LMP_PRC,BAFCOG12_7_B1,ALL,1,91.22149,2,1
2022-09-01T11:15:00-00:00,2022-09-01T11:30:00-00:00,2022-09-01,05,BAFCOG12_7_B1,BAFCOG12_7_B1,BAFCOG12_7_B1,RTPD,LMP,LMP_PRC,BAFCOG12_7_B1,ALL,1,101.87412,2,1
2022-09-01T12:15:00-00:00,2022-09-01T12:30:00-00:00,2022-09-01,06,BAFCOG12_7_B1,BAFCOG12_7_B1,BAFCOG12_7_B1,RTPD,LMP,LMP_PRC,BAFCOG12_7_B1,ALL,1,100.79274,2,1
2022-09-01T13:15:00-00:00,2022-09-01T13:30:00-00:00,2022-09-01,07,BAFCOG12_7_B1,BAFCOG12_7_B1,BAFCOG12_7_B1,RTPD,LMP,LMP_PRC,BAFCOG12_7_B1,ALL,1,107.67594,2,1
2022-09-01T14:15:00-00:00,2022-09-01T14:30:00-00:00,2022-09-01,08,BAFCOG12_7_B1,BAFCOG12_7_B1,BAFCOG12_7_B1,RTPD,LMP,LMP_PRC,BAFCOG12_7_B1,ALL,1,102.62881,2,1
2022-09-01T15:15:00-00:00,2022-09-01T15:30:00-00:00,2022-09-01,09,BAFCOG12_7_B1,BAFCOG12_7_B1,BAFCOG12_7_B1,RTPD,LMP,LMP_PRC,BAFCOG12_7_B1,ALL,1,86.9388,2,1
2022-09-01T16:15:00-00:00,2022-09-01T16:30:00-00:00,2022-09-01,10,BAFCOG12_7_B1,BAFCOG12_7_B1,BAFCOG12_7_B1,RTPD,LMP,LMP_PRC,BAFCOG12_7_B1,ALL,1,87.67352,2,1
2022-09-01T17:15:00-00:00,2022-09-01T17:30:00-00:00,2022-09-01,11,BAFCOG12_7_B1,BAFCOG12_7_B1,BAFCOG12_7_B1,RTPD,LMP,LMP_PRC,BAFCOG12_7_B1,ALL,1,77.42873,2,1
2022-09-01T18:15:00-00:00,2022-09-01T18:30:00-00:00,2022-09-01,12,BAFCOG12_7_B1,BAFCOG12_7_B1,BAFCOG12_7_B1,RTPD,LMP,LMP_PRC,BAFCOG12_7_B1,ALL,1,72.59957,2,1
2022-09-01T19:15:00-00:00,2022-09-01T19:30:00-00:00,2022-09-01,13,BAFCOG12_7_B1,BAFCOG12_7_B1,BAFCOG12_7_B1,RTPD,LMP,LMP_PRC,BAFCOG12_7_B1,ALL,1,73.44969,2,1
2022-09-01T20:15:00-00:00,2022-09-01T20:30:00-00:00,2022-09-01,14,BAFCOG12_7_B1,BAFCOG12_7_B1,BAFCOG12_7_B1,RTPD,LMP,LMP_PRC,BAFCOG12_7_B1,ALL,1,114.06912,2,1
2022-09-01T21:15:00-00:00,2022-09-01T21:30:00-00:00,2022-09-01,15,BAFCOG12_7_B1,BAFCOG12_7_B1,BAFCOG12_7_B1,RTPD,LMP,LMP_PRC,BAFCOG12_7_B1,ALL,1,118.23212,2,1
2022-09-01T22:15:00-00:00,2022-09-01T22:30:00-00:00,2022-09-01,16,BAFCOG12_7_B1,BAFCOG12_7_B1,BAFCOG12_7_B1,RTPD,LMP,LMP_PRC,BAFCOG12_7_B1,ALL,1,129.16324,2,1
2022-09-01T23:15:00-00:00,2022-09-01T23:30:00-00:00,2022-09-01,17,BAFCOG12_7_B1,BAFCOG12_7_B1,BAFCOG12_7_B1,RTPD,LMP,LMP_PRC,BAFCOG12_7_B1,ALL,1,252.17732,2,1
2022-09-02T00:15:00-00:00,2022-09-02T00:30:00-00:00,2022-09-01,18,BAFCOG12_7_B1,BAFCOG12_7_B1,BAFCOG12_7_B1,RTPD,LMP,LMP_PRC,BAFCOG12_7_B1,ALL,1,958.7922,2,1
2022-09-02T01:15:00-00:00,2022-09-02T01:30:00-00:00,2022-09-01,19,BAFCOG12_7_B1,BAFCOG12_7_B1,BAFCOG12_7_B1,RTPD,LMP,LMP_PRC,BAFCOG12_7_B1,ALL,1,1999.9933,2,1
2022-09-02T02:15:00-00:00,2022-09-02T02:30:00-00:00,2022-09-01,20,BAFCOG12_7_B1,BAFCOG12_7_B1,BAFCOG12_7_B1,RTPD,LMP,LMP_PRC,BAFCOG12_7_B1,ALL,1,1991.6721,2,1
2022-09-02T03:15:00-00:00,2022-09-02T03:30:00-00:00,2022-09-01,21,BAFCOG12_7_B1,BAFCOG12_7_B1,BAFCOG12_7_B1,RTPD,LMP,LMP_PRC,BAFCOG12_7_B1,ALL,1,525.0982,2,1
2022-09-02T04:15:00-00:00,2022-09-02T04:30:00-00:00,2022-09-01,22,BAFCOG12_7_B1,BAFCOG12_7_B1,BAFCOG12_7_B1,RTPD,LMP,LMP_PRC,BAFCOG12_7_B1,ALL,1,600.53723,2,1
2022-09-02T05:15:00-00:00,2022-09-02T05:30:00-00:00,2022-09-01,23,BAFCOG12_7_B1,BAFCOG12_7_B1,BAFCOG12_7_B1,RTPD,LMP,LMP_PRC,BAFCOG12_7_B1,ALL,1,152.10774,2,1
2022-09-02T06:15:00-00:00,2022-09-02T06:30:00-00:00,2022-09-01,24,BAFCOG12_7_B1,BAFCOG12_7_B1,BAFCOG12_7_B1,RTPD,LMP,LMP_PRC,BAFCOG12_7_B1,ALL,1,138.73593,2,1
2022-09-01T07:30:00-00:00,2022-09-01T07:45:00-00:00,2022-09-01,01,BAFCOG12_7_B1,BAFCOG12_7_B1,BAFCOG12_7_B1,RTPD,LMP,LMP_PRC,BAFCOG12_7_B1,ALL,1,101.47976,3,1
2022-09-01T08:30:00-00:00,2022-09-01T08:45:00-00:00,2022-09-01,02,BAFCOG12_7_B1,BAFCOG12_7_B1,BAFCOG12_7_B1,RTPD,LMP,LMP_PRC,BAFCOG12_7_B1,ALL,1,108.87811,3,1
2022-09-01T09:30:00-00:00,2022-09-01T09:45:00-00:00,2022-09-01,03,BAFCOG12_7_B1,BAFCOG12_7_B1,BAFCOG12_7_B1,RTPD,LMP,LMP_PRC,BAFCOG12_7_B1,ALL,1,91.13644,3,1
2022-09-01T10:30:00-00:00,2022-09-01T10:45:00-00:00,2022-09-01,04,BAFCOG12_7_B1,BAFCOG12_7_B1,BAFCOG12_7_B1,RTPD,LMP,LMP_PRC,BAFCOG12_7_B1,ALL,1,93.19885,3,1
2022-09-01T11:30:00-00:00,2022-09-01T11:45:00-00:00,2022-09-01,05,BAFCOG12_7_B1,BAFCOG12_7_B1,BAFCOG12_7_B1,RTPD,LMP,LMP_PRC,BAFCOG12_7_B1,ALL,1,101.97983,3,1
2022-09-01T12:30:00-00:00,2022-09-01T12:45:00-00:00,2022-09-01,06,BAFCOG12_7_B1,BAFCOG12_7_B1,BAFCOG12_7_B1,RTPD,LMP,LMP_PRC,BAFCOG12_7_B1,ALL,1,99.54024,3,1
2022-09-01T13:30:00-00:00,2022-09-01T13:45:00-00:00,2022-09-01,07,BAFCOG12_7_B1,BAFCOG12_7_B1,BAFCOG12_7_B1,RTPD,LMP,LMP_PRC,BAFCOG12_7_B1,ALL,1,108.98874,3,1
2022-09-01T14:30:00-00:00,2022-09-01T14:45:00-00:00,2022-09-01,08,BAFCOG12_7_B1,BAFCOG12_7_B1,BAFCOG12_7_B1,RTPD,LMP,LMP_PRC,BAFCOG12_7_B1,ALL,1,100.03181,3,1
2022-09-01T15:30:00-00:00,2022-09-01T15:45:00-00:00,2022-09-01,09,BAFCOG12_7_B1,BAFCOG12_7_B1,BAFCOG12_7_B1,RTPD,LMP,LMP_PRC,BAFCOG12_7_B1,ALL,1,86.1388,3,1
2022-09-01T16:30:00-00:00,2022-09-01T16:45:00-00:00,2022-09-01,10,BAFCOG12_7_B1,BAFCOG12_7_B1,BAFCOG12_7_B1,RTPD,LMP,LMP_PRC,BAFCOG12_7_B1,ALL,1,73.93991,3,1
2022-09-01T17:30:00-00:00,2022-09-01T17:45:00-00:00,2022-09-01,11,BAFCOG12_7_B1,BAFCOG12_7_B1,BAFCOG12_7_B1,RTPD,LMP,LMP_PRC,BAFCOG12_7_B1,ALL,1,77.1401,3,1
2022-09-01T18:30:00-00:00,2022-09-01T18:45:00-00:00,2022-09-01,12,BAFCOG12_7_B1,BAFCOG12_7_B1,BAFCOG12_7_B1,RTPD,LMP,LMP_PRC,BAFCOG12_7_B1,ALL,1,77.28659,3,1
2022-09-01T19:30:00-00:00,2022-09-01T19:45:00-00:00,2022-09-01,13,BAFCOG12_7_B1,BAFCOG12_7_B1,BAFCOG12_7_B1,RTPD,LMP,LMP_PRC,BAFCOG12_7_B1,ALL,1,100.38786,3,1
2022-09-01T20:30:00-00:00,2022-09-01T20:45:00-00:00,2022-09-01,14,BAFCOG12_7_B1,BAFCOG12_7_B1,BAFCOG12_7_B1,RTPD,LMP,LMP_PRC,BAFCOG12_7_B1,ALL,1,115.99649,3,1
2022-09-01T21:30:00-00:00,2022-09-01T21:45:00-00:00,2022-09-01,15,BAFCOG12_7_B1,BAFCOG12_7_B1,BAFCOG12_7_B1,RTPD,LMP,LMP_PRC,BAFCOG12_7_B1,ALL,1,126.30842,3,1
2022-09-01T22:30:00-00:00,2022-09-01T22:45:00-00:00,2022-09-01,16,BAFCOG12_7_B1,BAFCOG12_7_B1,BAFCOG12_7_B1,RTPD,LMP,LMP_PRC,BAFCOG12_7_B1,ALL,1,146.6732,3,1
2022-09-01T23:30:00-00:00,2022-09-01T23:45:00-00:00,2022-09-01,17,BAFCOG12_7_B1,BAFCOG12_7_B1,BAFCOG12_7_B1,RTPD,LMP,LMP_PRC,BAFCOG12_7_B1,ALL,1,566.48157,3,1
2022-09-02T00:30:00-00:00,2022-09-02T00:45:00-00:00,2022-09-01,18,BAFCOG12_7_B1,BAFCOG12_7_B1,BAFCOG12_7_B1,RTPD,LMP,LMP_PRC,BAFCOG12_7_B1,ALL,1,1754.6516,3,1
2022-09-02T01:30:00-00:00,2022-09-02T01:45:00-00:00,2022-09-01,19,BAFCOG12_7_B1,BAFCOG12_7_B1,BAFCOG12_7_B1,RTPD,LMP,LMP_PRC,BAFCOG12_7_B1,ALL,1,1999.9956,3,1
2022-09-02T02:30:00-00:00,2022-09-02T02:45:00-00:00,2022-09-01,20,BAFCOG12_7_B1,BAFCOG12_7_B1,BAFCOG12_7_B1,RTPD,LMP,LMP_PRC,BAFCOG12_7_B1,ALL,1,1991.671,3,1
2022-09-02T03:30:00-00:00,2022-09-02T03:45:00-00:00,2022-09-01,21,BAFCOG12_7_B1,BAFCOG12_7_B1,BAFCOG12_7_B1,RTPD,LMP,LMP_PRC,BAFCOG12_7_B1,ALL,1,212.96407,3,1
2022-09-02T04:30:00-00:00,2022-09-02T04:45:00-00:00,2022-09-01,22,BAFCOG12_7_B1,BAFCOG12_7_B1,BAFCOG12_7_B1,RTPD,LMP,LMP_PRC,BAFCOG12_7_B1,ALL,1,378.87115,3,1
2022-09-02T05:30:00-00:00,2022-09-02T05:45:00-00:00,2022-09-01,23,BAFCOG12_7_B1,BAFCOG12_7_B1,BAFCOG12_7_B1,RTPD,LMP,LMP_PRC,BAFCOG12_7_B1,ALL,1,129.13104,3,1
2022-09-02T06:30:00-00:00,2022-09-02T06:45:00-00:00,2022-09-01,24,BAFCOG12_7_B1,BAFCOG12_7_B1,BAFCOG12_7_B1,RTPD,LMP,LMP_PRC,BAFCOG12_7_B1,ALL,1,125.74954,3,1
2022-09-01T07:45:00-00:00,2022-09-01T08:00:00-00:00,2022-09-01,01,BAFCOG12_7_B1,BAFCOG12_7_B1,BAFCOG12_7_B1,RTPD,LMP,LMP_PRC,BAFCOG12_7_B1,ALL,1,89.1143,4,1
2022-09-01T08:45:00-00:00,2022-09-01T09:00:00-00:00,2022-09-01,02,BAFCOG12_7_B1,BAFCOG12_7_B1,BAFCOG12_7_B1,RTPD,LMP,LMP_PRC,BAFCOG12_7_B1,ALL,1,92.76572,4,1
2022-09-01T09:45:00-00:00,2022-09-01T10:00:00-00:00,2022-09-01,03,BAFCOG12_7_B1,BAFCOG12_7_B1,BAFCOG12_7_B1,RTPD,LMP,LMP_PRC,BAFCOG12_7_B1,ALL,1,91.47716,4,1
2022-09-01T10:45:00-00:00,2022-09-01T11:00:00-00:00,2022-09-01,04,BAFCOG12_7_B1,BAFCOG12_7_B1,BAFCOG12_7_B1,RTPD,LMP,LMP_PRC,BAFCOG12_7_B1,ALL,1,93.56365,4,1
2022-09-01T11:45:00-00:00,2022-09-01T12:00:00-00:00,2022-09-01,05,BAFCOG12_7_B1,BAFCOG12_7_B1,BAFCOG12_7_B1,RTPD,LMP,LMP_PRC,BAFCOG12_7_B1,ALL,1,107.01,4,1
2022-09-01T12:45:00-00:00,2022-09-01T13:00:00-00:00,2022-09-01,06,BAFCOG12_7_B1,BAFCOG12_7_B1,BAFCOG12_7_B1,RTPD,LMP,LMP_PRC,BAFCOG12_7_B1,ALL,1,113.92711,4,1
2022-09-01T13:45:00-00:00,2022-09-01T14:00:00-00:00,2022-09-01,07,BAFCOG12_7_B1,BAFCOG12_7_B1,BAFCOG12_7_B1,RTPD,LMP,LMP_PRC,BAFCOG12_7_B1,ALL,1,111.41,4,1
2022-09-01T14:45:00-00:00,2022-09-01T15:00:00-00:00,2022-09-01,08,BAFCOG12_7_B1,BAFCOG12_7_B1,BAFCOG12_7_B1,RTPD,LMP,LMP_PRC,BAFCOG12_7_B1,ALL,1,86.1388,4,1
2022-09-01T15:45:00-00:00,2022-09-01T16:00:00-00:00,2022-09-01,09,BAFCOG12_7_B1,BAFCOG12_7_B1,BAFCOG12_7_B1,RTPD,LMP,LMP_PRC,BAFCOG12_7_B1,ALL,1,78.70076,4,1
2022-09-01T16:45:00-00:00,2022-09-01T17:00:00-00:00,2022-09-01,10,BAFCOG12_7_B1,BAFCOG12_7_B1,BAFCOG12_7_B1,RTPD,LMP,LMP_PRC,BAFCOG12_7_B1,ALL,1,77.86982,4,1
2022-09-01T17:45:00-00:00,2022-09-01T18:00:00-00:00,2022-09-01,11,BAFCOG12_7_B1,BAFCOG12_7_B1,BAFCOG12_7_B1,RTPD,LMP,LMP_PRC,BAFCOG12_7_B1,ALL,1,77.44568,4,1
2022-09-01T18:45:00-00:00,2022-09-01T19:00:00-00:00,2022-09-01,12,BAFCOG12_7_B1,BAFCOG12_7_B1,BAFCOG12_7_B1,RTPD,LMP,LMP_PRC,BAFCOG12_7_B1,ALL,1,79.38401,4,1
2022-09-01T19:45:00-00:00,2022-09-01T20:00:00-00:00,2022-09-01,13,BAFCOG12_7_B1,BAFCOG12_7_B1,BAFCOG12_7_B1,RTPD,LMP,LMP_PRC,BAFCOG12_7_B1,ALL,1,105.41233,4,1
2022-09-01T20:45:00-00:00,2022-09-01T21:00:00-00:00,2022-09-01,14,BAFCOG12_7_B1,BAFCOG12_7_B1,BAFCOG12_7_B1,RTPD,LMP,LMP_PRC,BAFCOG12_7_B1,ALL,1,123.37626,4,1
2022-09-01T21:45:00-00:00,2022-09-01T22:00:00-00:00,2022-09-01,15,BAFCOG12_7_B1,BAFCOG12_7_B1,BAFCOG12_7_B1,RTPD,LMP,LMP_PRC,BAFCOG12_7_B1,ALL,1,203.5739,4,1
2022-09-01T22:45:00-00:00,2022-09-01T23:00:00-00:00,2022-09-01,16,BAFCOG12_7_B1,BAFCOG12_7_B1,BAFCOG12_7_B1,RTPD,LMP,LMP_PRC,BAFCOG12_7_B1,ALL,1,152.65465,4,1
2022-09-01T23:45:00-00:00,2022-09-02T00:00:00-00:00,2022-09-01,17,BAFCOG12_7_B1,BAFCOG12_7_B1,BAFCOG12_7_B1,RTPD,LMP,LMP_PRC,BAFCOG12_7_B1,ALL,1,1633.6355,4,1
2022-09-02T00:45:00-00:00,2022-09-02T01:00:00-00:00,2022-09-01,18,BAFCOG12_7_B1,BAFCOG12_7_B1,BAFCOG12_7_B1,RTPD,LMP,LMP_PRC,BAFCOG12_7_B1,ALL,1,1787.0729,4,1
2022-09-02T01:45:00-00:00,2022-09-02T02:00:00-00:00,2022-09-01,19,BAFCOG12_7_B1,BAFCOG12_7_B1,BAFCOG12_7_B1,RTPD,LMP,LMP_PRC,BAFCOG12_7_B1,ALL,1,1991.9337,4,1
2022-09-02T02:45:00-00:00,2022-09-02T03:00:00-00:00,2022-09-01,20,BAFCOG12_7_B1,BAFCOG12_7_B1,BAFCOG12_7_B1,RTPD,LMP,LMP_PRC,BAFCOG12_7_B1,ALL,1,1721.396,4,1
2022-09-02T03:45:00-00:00,2022-09-02T04:00:00-00:00,2022-09-01,21,BAFCOG12_7_B1,BAFCOG12_7_B1,BAFCOG12_7_B1,RTPD,LMP,LMP_PRC,BAFCOG12_7_B1,ALL,1,155.17944,4,1
2022-09-02T04:45:00-00:00,2022-09-02T05:00:00-00:00,2022-09-01,22,BAFCOG12_7_B1,BAFCOG12_7_B1,BAFCOG12_7_B1,RTPD,LMP,LMP_PRC,BAFCOG12_7_B1,ALL,1,124.63375,4,1
2022-09-02T05:45:00-00:00,2022-09-02T06:00:00-00:00,2022-09-01,23,BAFCOG12_7_B1,BAFCOG12_7_B1,BAFCOG12_7_B1,RTPD,LMP,LMP_PRC,BAFCOG12_7_B1,ALL,1,182.95724,4,1
2022-09-02T06:45:00-00:00,2022-09-02T07:00:00-00:00,2022-09-01,24,BAFCOG12_7_B1,BAFCOG12_7_B1,BAFCOG12_7_B1,RTPD,LMP,LMP_PRC,BAFCOG12_7_B1,ALL,1,107.12837,4,1
2022-09-01T07:00:00-00:00,2022-09-01T07:15:00-00:00,2022-09-01,01,BAFCOG12_7_B1,BAFCOG12_7_B1,BAFCOG12_7_B1,RTPD,MCC,LMP_CONG_PRC,BAFCOG12_7_B1,ALL,1,-21.01214,1,2
2022-09-01T08:00:00-00:00,2022-09-01T08:15:00-00:00,2022-09-01,02,BAFCOG12_7_B1,BAFCOG12_7_B1,BAFCOG12_7_B1,RTPD,MCC,LMP_CONG_PRC,BAFCOG12_7_B1,ALL,1,-3.63071,1,2
2022-09-01T09:00:00-00:00,2022-09-01T09:15:00-00:00,2022-09-01,03,BAFCOG12_7_B1,BAFCOG12_7_B1,BAFCOG12_7_B1,RTPD,MCC,LMP_CONG_PRC,BAFCOG12_7_B1,ALL,1,-4.86475,1,2
2022-09-01T10:00:00-00:00,2022-09-01T10:15:00-00:00,2022-09-01,04,BAFCOG12_7_B1,BAFCOG12_7_B1,BAFCOG12_7_B1,RTPD,MCC,LMP_CONG_PRC,BAFCOG12_7_B1,ALL,1,-4.21888,1,2
2022-09-01T11:00:00-00:00,2022-09-01T11:15:00-00:00,2022-09-01,05,BAFCOG12_7_B1,BAFCOG12_7_B1,BAFCOG12_7_B1,RTPD,MCC,LMP_CONG_PRC,BAFCOG12_7_B1,ALL,1,0,1,2
2022-09-01T12:00:00-00:00,2022-09-01T12:15:00-00:00,2022-09-01,06,BAFCOG12_7_B1,BAFCOG12_7_B1,BAFCOG12_7_B1,RTPD,MCC,LMP_CONG_PRC,BAFCOG12_7_B1,ALL,1,-10.84797,1,2
2022-09-01T13:00:00-00:00,2022-09-01T13:15:00-00:00,2022-09-01,07,BAFCOG12_7_B1,BAFCOG12_7_B1,BAFCOG12_7_B1,RTPD,MCC,LMP_CONG_PRC,BAFCOG12_7_B1,ALL,1,-14.36958,1,2
2022-09-01T14:00:00-00:00,2022-09-01T14:15:00-00:00,2022-09-01,08,BAFCOG12_7_B1,BAFCOG12_7_B1,BAFCOG12_7_B1,RTPD,MCC,LMP_CONG_PRC,BAFCOG12_7_B1,ALL,1,0,1,2
2022-09-01T15:00:00-00:00,2022-09-01T15:15:00-00:00,2022-09-01,09,BAFCOG12_7_B1,BAFCOG12_7_B1,BAFCOG12_7_B1,RTPD,MCC,LMP_CONG_PRC,BAFCOG12_7_B1,ALL,1,0,1,2
2022-09-01T16:00:00-00:00,2022-09-01T16:15:00-00:00,2022-09-01,10,BAFCOG12_7_B1,BAFCOG12_7_B1,BAFCOG12_7_B1,RTPD,MCC,LMP_CONG_PRC,BAFCOG12_7_B1,ALL,1,0,1,2
2022-09-01T17:00:00-00:00,2022-09-01T17:15:00-00:00,2022-09-01,11,BAFCOG12_7_B1,BAFCOG12_7_B1,BAFCOG12_7_B1,RTPD,MCC,LMP_CONG_PRC,BAFCOG12_7_B1,ALL,1,-18.00324,1,2
2022-09-01T18:00:00-00:00,2022-09-01T18:15:00-00:00,2022-09-01,12,BAFCOG12_7_B1,BAFCOG12_7_B1,BAFCOG12_7_B1,RTPD,MCC,LMP_CONG_PRC,BAFCOG12_7_B1,ALL,1,-34.89945,1,2
2022-09-01T19:00:00-00:00,2022-09-01T19:15:00-00:00,2022-09-01,13,BAFCOG12_7_B1,BAFCOG12_7_B1,BAFCOG12_7_B1,RTPD,MCC,LMP_CONG_PRC,BAFCOG12_7_B1,ALL,1,-38.68516,1,2
2022-09-01T20:00:00-00:00,2022-09-01T20:15:00-00:00,2022-09-01,14,BAFCOG12_7_B1,BAFCOG12_7_B1,BAFCOG12_7_B1,RTPD,MCC,LMP_CONG_PRC,BAFCOG12_7_B1,ALL,1,-3.80346,1,2
2022-09-01T21:00:00-00:00,2022-09-01T21:15:00-00:00,2022-09-01,15,BAFCOG12_7_B1,BAFCOG12_7_B1,BAFCOG12_7_B1,RTPD,MCC,LMP_CONG_PRC,BAFCOG12_7_B1,ALL,1,-107.23079,1,2
2022-09-01T22:00:00-00:00,2022-09-01T22:15:00-00:00,2022-09-01,16,BAFCOG12_7_B1,BAFCOG12_7_B1,BAFCOG12_7_B1,RTPD,MCC,LMP_CONG_PRC,BAFCOG12_7_B1,ALL,1,-116.15529,1,2
2022-09-01T23:00:00-00:00,2022-09-01T23:15:00-00:00,2022-09-01,17,BAFCOG12_7_B1,BAFCOG12_7_B1,BAFCOG12_7_B1,RTPD,MCC,LMP_CONG_PRC,BAFCOG12_7_B1,ALL,1,-185.91458,1,2
2022-09-02T00:00:00-00:00,2022-09-02T00:15:00-00:00,2022-09-01,18,BAFCOG12_7_B1,BAFCOG12_7_B1,BAFCOG12_7_B1,RTPD,MCC,LMP_CONG_PRC,BAFCOG12_7_B1,ALL,1,309.99606,1,2
2022-09-02T01:00:00-00:00,2022-09-02T01:15:00-00:00,2022-09-01,19,BAFCOG12_7_B1,BAFCOG12_7_B1,BAFCOG12_7_B1,RTPD,MCC,LMP_CONG_PRC,BAFCOG12_7_B1,ALL,1,306.24075,1,2
2022-09-02T02:00:00-00:00,2022-09-02T02:15:00-00:00,2022-09-01,20,BAFCOG12_7_B1,BAFCOG12_7_B1,BAFCOG12_7_B1,RTPD,MCC,LMP_CONG_PRC,BAFCOG12_7_B1,ALL,1,0,1,2
2022-09-02T03:00:00-00:00,2022-09-02T03:15:00-00:00,2022-09-01,21,BAFCOG12_7_B1,BAFCOG12_7_B1,BAFCOG12_7_B1,RTPD,MCC,LMP_CONG_PRC,BAFCOG12_7_B1,ALL,1,381.39856,1,2
2022-09-02T04:00:00-00:00,2022-09-02T04:15:00-00:00,2022-09-01,22,BAFCOG12_7_B1,BAFCOG12_7_B1,BAFCOG12_7_B1,RTPD,MCC,LMP_CONG_PRC,BAFCOG12_7_B1,ALL,1,422.87885,1,2
2022-09-02T05:00:00-00:00,2022-09-02T05:15:00-00:00,2022-09-01,23,BAFCOG12_7_B1,BAFCOG12_7_B1,BAFCOG12_7_B1,RTPD,MCC,LMP_CONG_PRC,BAFCOG12_7_B1,ALL,1,0,1,2
2022-09-02T06:00:00-00:00,2022-09-02T06:15:00-00:00,2022-09-01,24,BAFCOG12_7_B1,BAFCOG12_7_B1,BAFCOG12_7_B1,RTPD,MCC,LMP_CONG_PRC,BAFCOG12_7_B1,ALL,1,61.13639,1,2
2022-09-01T07:15:00-00:00,2022-09-01T07:30:00-00:00,2022-09-01,01,BAFCOG12_7_B1,BAFCOG12_7_B1,BAFCOG12_7_B1,RTPD,MCC,LMP_CONG_PRC,BAFCOG12_7_B1,ALL,1,-10.87992,2,2
2022-09-01T08:15:00-00:00,2022-09-01T08:30:00-00:00,2022-09-01,02,BAFCOG12_7_B1,BAFCOG12_7_B1,BAFCOG12_7_B1,RTPD,MCC,LMP_CONG_PRC,BAFCOG12_7_B1,ALL,1,-0.99102,2,2
2022-09-01T09:15:00-00:00,2022-09-01T09:30:00-00:00,2022-09-01,03,BAFCOG12_7_B1,BAFCOG12_7_B1,BAFCOG12_7_B1,RTPD,MCC,LMP_CONG_PRC,BAFCOG12_7_B1,ALL,1,-6.39611,2,2
2022-09-01T10:15:00-00:00,2022-09-01T10:30:00-00:00,2022-09-01,04,BAFCOG12_7_B1,BAFCOG12_7_B1,BAFCOG12_7_B1,RTPD,MCC,LMP_CONG_PRC,BAFCOG12_7_B1,ALL,1,-5.96966,2,2
2022-09-01T11:15:00-00:00,2022-09-01T11:30:00-00:00,2022-09-01,05,BAFCOG12_7_B1,BAFCOG12_7_B1,BAFCOG12_7_B1,RTPD,MCC,LMP_CONG_PRC,BAFCOG12_7_B1,ALL,1,0,2,2
2022-09-01T12:15:00-00:00,2022-09-01T12:30:00-00:00,2022-09-01,06,BAFCOG12_7_B1,BAFCOG12_7_B1,BAFCOG12_7_B1,RTPD,MCC,LMP_CONG_PRC,BAFCOG12_7_B1,ALL,1,-6.61616,2,2
2022-09-01T13:15:00-00:00,2022-09-01T13:30:00-00:00,2022-09-01,07,BAFCOG12_7_B1,BAFCOG12_7_B1,BAFCOG12_7_B1,RTPD,MCC,LMP_CONG_PRC,BAFCOG12_7_B1,ALL,1,-0.61665,2,2
2022-09-01T14:15:00-00:00,2022-09-01T14:30:00-00:00,2022-09-01,08,BAFCOG12_7_B1,BAFCOG12_7_B1,BAFCOG12_7_B1,RTPD,MCC,LMP_CONG_PRC,BAFCOG12_7_B1,ALL,1,0,2,2
2022-09-01T15:15:00-00:00,2022-09-01T15:30:00-00:00,2022-09-01,09,BAFCOG12_7_B1,BAFCOG12_7_B1,BAFCOG12_7_B1,RTPD,MCC,LMP_CONG_PRC,BAFCOG12_7_B1,ALL,1,0,2,2
2022-09-01T16:15:00-00:00,2022-09-01T16:30:00-00:00,2022-09-01,10,BAFCOG12_7_B1,BAFCOG12_7_B1,BAFCOG12_7_B1,RTPD,MCC,LMP_CONG_PRC,BAFCOG12_7_B1,ALL,1,-1.77506,2,2
2022-09-01T17:15:00-00:00,2022-09-01T17:30:00-00:00,2022-09-01,11,BAFCOG12_7_B1,BAFCOG12_7_B1,BAFCOG12_7_B1,RTPD,MCC,LMP_CONG_PRC,BAFCOG12_7_B1,ALL,1,-21.91799,2,2
2022-09-01T18:15:00-00:00,2022-09-01T18:30:00-00:00,2022-09-01,12,BAFCOG12_7_B1,BAFCOG12_7_B1,BAFCOG12_7_B1,RTPD,MCC,LMP_CONG_PRC,BAFCOG12_7_B1,ALL,1,-28.55944,2,2
2022-09-01T19:15:00-00:00,2022-09-01T19:30:00-00:00,2022-09-01,13,BAFCOG12_7_B1,BAFCOG12_7_B1,BAFCOG12_7_B1,RTPD,MCC,LMP_CONG_PRC,BAFCOG12_7_B1,ALL,1,-31.85619,2,2
2022-09-01T20:15:00-00:00,2022-09-01T20:30:00-00:00,2022-09-01,14,BAFCOG12_7_B1,BAFCOG12_7_B1,BAFCOG12_7_B1,RTPD,MCC,LMP_CONG_PRC,BAFCOG12_7_B1,ALL,1,-3.42509,2,2
2022-09-01T21:15:00-00:00,2022-09-01T21:30:00-00:00,2022-09-01,15,BAFCOG12_7_B1,BAFCOG12_7_B1,BAFCOG12_7_B1,RTPD,MCC,LMP_CONG_PRC,BAFCOG12_7_B1,ALL,1,-28.97973,2,2
2022-09-01T22:15:00-00:00,2022-09-01T22:30:00-00:00,2022-09-01,16,BAFCOG12_7_B1,BAFCOG12_7_B1,BAFCOG12_7_B1,RTPD,MCC,LMP_CONG_PRC,BAFCOG12_7_B1,ALL,1,-127.42408,2,2
2022-09-01T23:15:00-00:00,2022-09-01T23:30:00-00:00,2022-09-01,17,BAFCOG12_7_B1,BAFCOG12_7_B1,BAFCOG12_7_B1,RTPD,MCC,LMP_CONG_PRC,BAFCOG12_7_B1,ALL,1,-109.94677,2,2
2022-09-02T00:15:00-00:00,2022-09-02T00:30:00-00:00,2022-09-01,18,BAFCOG12_7_B1,BAFCOG12_7_B1,BAFCOG12_7_B1,RTPD,MCC,LMP_CONG_PRC,BAFCOG12_7_B1,ALL,1,301.72012,2,2
2022-09-02T01:15:00-00:00,2022-09-02T01:30:00-00:00,2022-09-01,19,BAFCOG12_7_B1,BAFCOG12_7_B1,BAFCOG12_7_B1,RTPD,MCC,LMP_CONG_PRC,BAFCOG12_7_B1,ALL,1,0,2,2
2022-09-02T02:15:00-00:00,2022-09-02T02:30:00-00:00,2022-09-01,20,BAFCOG12_7_B1,BAFCOG12_7_B1,BAFCOG12_7_B1,RTPD,MCC,LMP_CONG_PRC,BAFCOG12_7_B1,ALL,1,0,2,2
2022-09-02T03:15:00-00:00,2022-09-02T03:30:00-00:00,2022-09-01,21,BAFCOG12_7_B1,BAFCOG12_7_B1,BAFCOG12_7_B1,RTPD,MCC,LMP_CONG_PRC,BAFCOG12_7_B1,ALL,1,133.74146,2,2
2022-09-02T04:15:00-00:00,2022-09-02T04:30:00-00:00,2022-09-01,22,BAFCOG12_7_B1,BAFCOG12_7_B1,BAFCOG12_7_B1,RTPD,MCC,LMP_CONG_PRC,BAFCOG12_7_B1,ALL,1,384.1925,2,2
2022-09-02T05:15:00-00:00,2022-09-02T05:30:00-00:00,2022-09-01,23,BAFCOG12_7_B1,BAFCOG12_7_B1,BAFCOG12_7_B1,RTPD,MCC,LMP_CONG_PRC,BAFCOG12_7_B1,ALL,1,0,2,2
2022-09-02T06:15:00-00:00,2022-09-02T06:30:00-00:00,2022-09-01,24,BAFCOG12_7_B1,BAFCOG12_7_B1,BAFCOG12_7_B1,RTPD,MCC,LMP_CONG_PRC,BAFCOG12_7_B1,ALL,1,0,2,2
2022-09-01T07:30:00-00:00,2022-09-01T07:45:00-00:00,2022-09-01,01,BAFCOG12_7_B1,BAFCOG12_7_B1,BAFCOG12_7_B1,RTPD,MCC,LMP_CONG_PRC,BAFCOG12_7_B1,ALL,1,-17.5522,3,2
2022-09-01T08:30:00-00:00,2022-09-01T08:45:00-00:00,2022-09-01,02,BAFCOG12_7_B1,BAFCOG12_7_B1,BAFCOG12_7_B1,RTPD,MCC,LMP_CONG_PRC,BAFCOG12_7_B1,ALL,1,-0.00094,3,2
2022-09-01T09:30:00-00:00,2022-09-01T09:45:00-00:00,2022-09-01,03,BAFCOG12_7_B1,BAFCOG12_7_B1,BAFCOG12_7_B1,RTPD,MCC,LMP_CONG_PRC,BAFCOG12_7_B1,ALL,1,-6.33871,3,2
2022-09-01T10:30:00-00:00,2022-09-01T10:45:00-00:00,2022-09-01,04,BAFCOG12_7_B1,BAFCOG12_7_B1,BAFCOG12_7_B1,RTPD,MCC,LMP_CONG_PRC,BAFCOG12_7_B1,ALL,1,-3.37541,3,2
2022-09-01T11:30:00-00:00,2022-09-01T11:45:00-00:00,2022-09-01,05,BAFCOG12_7_B1,BAFCOG12_7_B1,BAFCOG12_7_B1,RTPD,MCC,LMP_CONG_PRC,BAFCOG12_7_B1,ALL,1,0,3,2
2022-09-01T12:30:00-00:00,2022-09-01T12:45:00-00:00,2022-09-01,06,BAFCOG12_7_B1,BAFCOG12_7_B1,BAFCOG12_7_B1,RTPD,MCC,LMP_CONG_PRC,BAFCOG12_7_B1,ALL,1,-11.45567,3,2
2022-09-01T13:30:00-00:00,2022-09-01T13:45:00-00:00,2022-09-01,07,BAFCOG12_7_B1,BAFCOG12_7_B1,BAFCOG12_7_B1,RTPD,MCC,LMP_CONG_PRC,BAFCOG12_7_B1,ALL,1,0,3,2
2022-09-01T14:30:00-00:00,2022-09-01T14:45:00-00:00,2022-09-01,08,BAFCOG12_7_B1,BAFCOG12_7_B1,BAFCOG12_7_B1,RTPD,MCC,LMP_CONG_PRC,BAFCOG12_7_B1,ALL,1,0,3,2
2022-09-01T15:30:00-00:00,2022-09-01T15:45:00-00:00,2022-09-01,09,BAFCOG12_7_B1,BAFCOG12_7_B1,BAFCOG12_7_B1,RTPD,MCC,LMP_CONG_PRC,BAFCOG12_7_B1,ALL,1,0,3,2
2022-09-01T16:30:00-00:00,2022-09-01T16:45:00-00:00,2022-09-01,10,BAFCOG12_7_B1,BAFCOG12_7_B1,BAFCOG12_7_B1,RTPD,MCC,LMP_CONG_PRC,BAFCOG12_7_B1,ALL,1,-14.85653,3,2
2022-09-01T17:30:00-00:00,2022-09-01T17:45:00-00:00,2022-09-01,11,BAFCOG12_7_B1,BAFCOG12_7_B1,BAFCOG12_7_B1,RTPD,MCC,LMP_CONG_PRC,BAFCOG12_7_B1,ALL,1,-21.99004,3,2
2022-09-01T18:30:00-00:00,2022-09-01T18:45:00-00:00,2022-09-01,12,BAFCOG12_7_B1,BAFCOG12_7_B1,BAFCOG12_7_B1,RTPD,MCC,LMP_CONG_PRC,BAFCOG12_7_B1,ALL,1,-29.77058,3,2
2022-09-01T19:30:00-00:00,2022-09-01T19:45:00-00:00,2022-09-01,13,BAFCOG12_7_B1,BAFCOG12_7_B1,BAFCOG12_7_B1,RTPD,MCC,LMP_CONG_PRC,BAFCOG12_7_B1,ALL,1,-13.67119,3,2
2022-09-01T20:30:00-00:00,2022-09-01T20:45:00-00:00,2022-09-01,14,BAFCOG12_7_B1,BAFCOG12_7_B1,BAFCOG12_7_B1,RTPD,MCC,LMP_CONG_PRC,BAFCOG12_7_B1,ALL,1,-13.81956,3,2
2022-09-01T21:30:00-00:00,2022-09-01T21:45:00-00:00,2022-09-01,15,BAFCOG12_7_B1,BAFCOG12_7_B1,BAFCOG12_7_B1,RTPD,MCC,LMP_CONG_PRC,BAFCOG12_7_B1,ALL,1,-26.62216,3,2
2022-09-01T22:30:00-00:00,2022-09-01T22:45:00-00:00,2022-09-01,16,BAFCOG12_7_B1,BAFCOG12_7_B1,BAFCOG12_7_B1,RTPD,MCC,LMP_CONG_PRC,BAFCOG12_7_B1,ALL,1,-136.5086,3,2
2022-09-01T23:30:00-00:00,2022-09-01T23:45:00-00:00,2022-09-01,17,BAFCOG12_7_B1,BAFCOG12_7_B1,BAFCOG12_7_B1,RTPD,MCC,LMP_CONG_PRC,BAFCOG12_7_B1,ALL,1,0,3,2
2022-09-02T00:30:00-00:00,2022-09-02T00:45:00-00:00,2022-09-01,18,BAFCOG12_7_B1,BAFCOG12_7_B1,BAFCOG12_7_B1,RTPD,MCC,LMP_CONG_PRC,BAFCOG12_7_B1,ALL,1,425.53894,3,2
2022-09-02T01:30:00-00:00,2022-09-02T01:45:00-00:00,2022-09-01,19,BAFCOG12_7_B1,BAFCOG12_7_B1,BAFCOG12_7_B1,RTPD,MCC,LMP_CONG_PRC,BAFCOG12_7_B1,ALL,1,0,3,2
2022-09-02T02:30:00-00:00,2022-09-02T02:45:00-00:00,2022-09-01,20,BAFCOG12_7_B1,BAFCOG12_7_B1,BAFCOG12_7_B1,RTPD,MCC,LMP_CONG_PRC,BAFCOG12_7_B1,ALL,1,0,3,2
2022-09-02T03:30:00-00:00,2022-09-02T03:45:00-00:00,2022-09-01,21,BAFCOG12_7_B1,BAFCOG12_7_B1,BAFCOG12_7_B1,RTPD,MCC,LMP_CONG_PRC,BAFCOG12_7_B1,ALL,1,30.09688,3,2
2022-09-02T04:30:00-00:00,2022-09-02T04:45:00-00:00,2022-09-01,22,BAFCOG12_7_B1,BAFCOG12_7_B1,BAFCOG12_7_B1,RTPD,MCC,LMP_CONG_PRC,BAFCOG12_7_B1,ALL,1,205.85367,3,2
2022-09-02T05:30:00-00:00,2022-09-02T05:45:00-00:00,2022-09-01,23,BAFCOG12_7_B1,BAFCOG12_7_B1,BAFCOG12_7_B1,RTPD,MCC,LMP_CONG_PRC,BAFCOG12_7_B1,ALL,1,0,3,2
2022-09-02T06:30:00-00:00,2022-09-02T06:45:00-00:00,2022-09-01,24,BAFCOG12_7_B1,BAFCOG12_7_B1,BAFCOG12_7_B1,RTPD,MCC,LMP_CONG_PRC,BAFCOG12_7_B1,ALL,1,0,3,2
2022-09-01T07:45:00-00:00,2022-09-01T08:00:00-00:00,2022-09-01,01,BAFCOG12_7_B1,BAFCOG12_7_B1,BAFCOG12_7_B1,RTPD,MCC,LMP_CONG_PRC,BAFCOG12_7_B1,ALL,1,-20.00669,4,2
2022-09-01T08:45:00-00:00,2022-09-01T09:00:00-00:00,2022-09-01,02,BAFCOG12_7_B1,BAFCOG12_7_B1,BAFCOG12_7_B1,RTPD,MCC,LMP_CONG_PRC,BAFCOG12_7_B1,ALL,1,-4.88389,4,2
2022-09-01T09:45:00-00:00,2022-09-01T10:00:00-00:00,2022-09-01,03,BAFCOG12_7_B1,BAFCOG12_7_B1,BAFCOG12_7_B1,RTPD,MCC,LMP_CONG_PRC,BAFCOG12_7_B1,ALL,1,-5.65707,4,2
2022-09-01T10:45:00-00:00,2022-09-01T11:00:00-00:00,2022-09-01,04,BAFCOG12_7_B1,BAFCOG12_7_B1,BAFCOG12_7_B1,RTPD,MCC,LMP_CONG_PRC,BAFCOG12_7_B1,ALL,1,-1.32651,4,2
2022-09-01T11:45:00-00:00,2022-09-01T12:00:00-00:00,2022-09-01,05,BAFCOG12_7_B1,BAFCOG12_7_B1,BAFCOG12_7_B1,RTPD,MCC,LMP_CONG_PRC,BAFCOG12_7_B1,ALL,1,0,4,2
2022-09-01T12:45:00-00:00,2022-09-01T13:00:00-00:00,2022-09-01,06,BAFCOG12_7_B1,BAFCOG12_7_B1,BAFCOG12_7_B1,RTPD,MCC,LMP_CONG_PRC,BAFCOG12_7_B1,ALL,1,-2.55769,4,2
2022-09-01T13:45:00-00:00,2022-09-01T14:00:00-00:00,2022-09-01,07,BAFCOG12_7_B1,BAFCOG12_7_B1,BAFCOG12_7_B1,RTPD,MCC,LMP_CONG_PRC,BAFCOG12_7_B1,ALL,1,0,4,2
2022-09-01T14:45:00-00:00,2022-09-01T15:00:00-00:00,2022-09-01,08,BAFCOG12_7_B1,BAFCOG12_7_B1,BAFCOG12_7_B1,RTPD,MCC,LMP_CONG_PRC,BAFCOG12_7_B1,ALL,1,0,4,2
2022-09-01T15:45:00-00:00,2022-09-01T16:00:00-00:00,2022-09-01,09,BAFCOG12_7_B1,BAFCOG12_7_B1,BAFCOG12_7_B1,RTPD,MCC,LMP_CONG_PRC,BAFCOG12_7_B1,ALL,1,0,4,2
2022-09-01T16:45:00-00:00,2022-09-01T17:00:00-00:00,2022-09-01,10,BAFCOG12_7_B1,BAFCOG12_7_B1,BAFCOG12_7_B1,RTPD,MCC,LMP_CONG_PRC,BAFCOG12_7_B1,ALL,1,-13.37951,4,2
2022-09-01T17:45:00-00:00,2022-09-01T18:00:00-00:00,2022-09-01,11,BAFCOG12_7_B1,BAFCOG12_7_B1,BAFCOG12_7_B1,RTPD,MCC,LMP_CONG_PRC,BAFCOG12_7_B1,ALL,1,-21.75976,4,2
2022-09-01T18:45:00-00:00,2022-09-01T19:00:00-00:00,2022-09-01,12,BAFCOG12_7_B1,BAFCOG12_7_B1,BAFCOG12_7_B1,RTPD,MCC,LMP_CONG_PRC,BAFCOG12_7_B1,ALL,1,-29.65663,4,2
2022-09-01T19:45:00-00:00,2022-09-01T20:00:00-00:00,2022-09-01,13,BAFCOG12_7_B1,BAFCOG12_7_B1,BAFCOG12_7_B1,RTPD,MCC,LMP_CONG_PRC,BAFCOG12_7_B1,ALL,1,-14.81258,4,2
2022-09-01T20:45:00-00:00,2022-09-01T21:00:00-00:00,2022-09-01,14,BAFCOG12_7_B1,BAFCOG12_7_B1,BAFCOG12_7_B1,RTPD,MCC,LMP_CONG_PRC,BAFCOG12_7_B1,ALL,1,-30.64883,4,2
2022-09-01T21:45:00-00:00,2022-09-01T22:00:00-00:00,2022-09-01,15,BAFCOG12_7_B1,BAFCOG12_7_B1,BAFCOG12_7_B1,RTPD,MCC,LMP_CONG_PRC,BAFCOG12_7_B1,ALL,1,-96.71987,4,2
2022-09-01T22:45:00-00:00,2022-09-01T23:00:00-00:00,2022-09-01,16,BAFCOG12_7_B1,BAFCOG12_7_B1,BAFCOG12_7_B1,RTPD,MCC,LMP_CONG_PRC,BAFCOG12_7_B1,ALL,1,-277.25906,4,2
2022-09-01T23:45:00-00:00,2022-09-02T00:00:00-00:00,2022-09-01,17,BAFCOG12_7_B1,BAFCOG12_7_B1,BAFCOG12_7_B1,RTPD,MCC,LMP_CONG_PRC,BAFCOG12_7_B1,ALL,1,372.42307,4,2
2022-09-02T00:45:00-00:00,2022-09-02T01:00:00-00:00,2022-09-01,18,BAFCOG12_7_B1,BAFCOG12_7_B1,BAFCOG12_7_B1,RTPD,MCC,LMP_CONG_PRC,BAFCOG12_7_B1,ALL,1,267.9239,4,2
2022-09-02T01:45:00-00:00,2022-09-02T02:00:00-00:00,2022-09-01,19,BAFCOG12_7_B1,BAFCOG12_7_B1,BAFCOG12_7_B1,RTPD,MCC,LMP_CONG_PRC,BAFCOG12_7_B1,ALL,1,0,4,2
2022-09-02T02:45:00-00:00,2022-09-02T03:00:00-00:00,2022-09-01,20,BAFCOG12_7_B1,BAFCOG12_7_B1,BAFCOG12_7_B1,RTPD,MCC,LMP_CONG_PRC,BAFCOG12_7_B1,ALL,1,121.43379,4,2
2022-09-02T03:45:00-00:00,2022-09-02T04:00:00-00:00,2022-09-01,21,BAFCOG12_7_B1,BAFCOG12_7_B1,BAFCOG12_7_B1,RTPD,MCC,LMP_CONG_PRC,BAFCOG12_7_B1,ALL,1,17.52852,4,2
2022-09-02T04:45:00-00:00,2022-09-02T05:00:00-00:00,2022-09-01,22,BAFCOG12_7_B1,BAFCOG12_7_B1,BAFCOG12_7_B1,RTPD,MCC,LMP_CONG_PRC,BAFCOG12_7_B1,ALL,1,2.61099,4,2
2022-09-02T05:45:00-00:00,2022-09-02T06:00:00-00:00,2022-09-01,23,BAFCOG12_7_B1,BAFCOG12_7_B1,BAFCOG12_7_B1,RTPD,MCC,LMP_CONG_PRC,BAFCOG12_7_B1,ALL,1,66.25646,4,2
2022-09-02T06:45:00-00:00,2022-09-02T07:00:00-00:00,2022-09-01,24,BAFCOG12_7_B1,BAFCOG12_7_B1,BAFCOG12_7_B1,RTPD,MCC,LMP_CONG_PRC,BAFCOG12_7_B1,ALL,1,0,4,2
2022-09-01T07:00:00-00:00,2022-09-01T07:15:00-00:00,2022-09-01,01,BAFCOG12_7_B1,BAFCOG12_7_B1,BAFCOG12_7_B1,RTPD,MCE,LMP_ENE_PRC,BAFCOG12_7_B1,ALL,1,104.23471,1,3
2022-09-01T08:00:00-00:00,2022-09-01T08:15:00-00:00,2022-09-01,02,BAFCOG12_7_B1,BAFCOG12_7_B1,BAFCOG12_7_B1,RTPD,MCE,LMP_ENE_PRC,BAFCOG12_7_B1,ALL,1,115.5488,1,3
2022-09-01T09:00:00-00:00,2022-09-01T09:15:00-00:00,2022-09-01,03,BAFCOG12_7_B1,BAFCOG12_7_B1,BAFCOG12_7_B1,RTPD,MCE,LMP_ENE_PRC,BAFCOG12_7_B1,ALL,1,99.73061,1,3
2022-09-01T10:00:00-00:00,2022-09-01T10:15:00-00:00,2022-09-01,04,BAFCOG12_7_B1,BAFCOG12_7_B1,BAFCOG12_7_B1,RTPD,MCE,LMP_ENE_PRC,BAFCOG12_7_B1,ALL,1,98.64222,1,3
2022-09-01T11:00:00-00:00,2022-09-01T11:15:00-00:00,2022-09-01,05,BAFCOG12_7_B1,BAFCOG12_7_B1,BAFCOG12_7_B1,RTPD,MCE,LMP_ENE_PRC,BAFCOG12_7_B1,ALL,1,102.56859,1,3
2022-09-01T12:00:00-00:00,2022-09-01T12:15:00-00:00,2022-09-01,06,BAFCOG12_7_B1,BAFCOG12_7_B1,BAFCOG12_7_B1,RTPD,MCE,LMP_ENE_PRC,BAFCOG12_7_B1,ALL,1,96.90845,1,3
2022-09-01T13:00:00-00:00,2022-09-01T13:15:00-00:00,2022-09-01,07,BAFCOG12_7_B1,BAFCOG12_7_B1,BAFCOG12_7_B1,RTPD,MCE,LMP_ENE_PRC,BAFCOG12_7_B1,ALL,1,101.80878,1,3
2022-09-01T14:00:00-00:00,2022-09-01T14:15:00-00:00,2022-09-01,08,BAFCOG12_7_B1,BAFCOG12_7_B1,BAFCOG12_7_B1,RTPD,MCE,LMP_ENE_PRC,BAFCOG12_7_B1,ALL,1,111.11219,1,3
2022-09-01T15:00:00-00:00,2022-09-01T15:15:00-00:00,2022-09-01,09,BAFCOG12_7_B1,BAFCOG12_7_B1,BAFCOG12_7_B1,RTPD,MCE,LMP_ENE_PRC,BAFCOG12_7_B1,ALL,1,97.4112,1,3
2022-09-01T16:00:00-00:00,2022-09-01T16:15:00-00:00,2022-09-01,10,BAFCOG12_7_B1,BAFCOG12_7_B1,BAFCOG12_7_B1,RTPD,MCE,LMP_ENE_PRC,BAFCOG12_7_B1,ALL,1,83.43525,1,3
2022-09-01T17:00:00-00:00,2022-09-01T17:15:00-00:00,2022-09-01,11,BAFCOG12_7_B1,BAFCOG12_7_B1,BAFCOG12_7_B1,RTPD,MCE,LMP_ENE_PRC,BAFCOG12_7_B1,ALL,1,96.94897,1,3
2022-09-01T18:00:00-00:00,2022-09-01T18:15:00-00:00,2022-09-01,12,BAFCOG12_7_B1,BAFCOG12_7_B1,BAFCOG12_7_B1,RTPD,MCE,LMP_ENE_PRC,BAFCOG12_7_B1,ALL,1,91.59291,1,3
2022-09-01T19:00:00-00:00,2022-09-01T19:15:00-00:00,2022-09-01,13,BAFCOG12_7_B1,BAFCOG12_7_B1,BAFCOG12_7_B1,RTPD,MCE,LMP_ENE_PRC,BAFCOG12_7_B1,ALL,1,109.19637,1,3
2022-09-01T20:00:00-00:00,2022-09-01T20:15:00-00:00,2022-09-01,14,BAFCOG12_7_B1,BAFCOG12_7_B1,BAFCOG12_7_B1,RTPD,MCE,LMP_ENE_PRC,BAFCOG12_7_B1,ALL,1,117.94359,1,3
2022-09-01T21:00:00-00:00,2022-09-01T21:15:00-00:00,2022-09-01,15,BAFCOG12_7_B1,BAFCOG12_7_B1,BAFCOG12_7_B1,RTPD,MCE,LMP_ENE_PRC,BAFCOG12_7_B1,ALL,1,226.61499,1,3
2022-09-01T22:00:00-00:00,2022-09-01T22:15:00-00:00,2022-09-01,16,BAFCOG12_7_B1,BAFCOG12_7_B1,BAFCOG12_7_B1,RTPD,MCE,LMP_ENE_PRC,BAFCOG12_7_B1,ALL,1,229.18552,1,3
2022-09-01T23:00:00-00:00,2022-09-01T23:15:00-00:00,2022-09-01,17,BAFCOG12_7_B1,BAFCOG12_7_B1,BAFCOG12_7_B1,RTPD,MCE,LMP_ENE_PRC,BAFCOG12_7_B1,ALL,1,386.7537,1,3
2022-09-02T00:00:00-00:00,2022-09-02T00:15:00-00:00,2022-09-01,18,BAFCOG12_7_B1,BAFCOG12_7_B1,BAFCOG12_7_B1,RTPD,MCE,LMP_ENE_PRC,BAFCOG12_7_B1,ALL,1,770.58136,1,3
2022-09-02T01:00:00-00:00,2022-09-02T01:15:00-00:00,2022-09-01,19,BAFCOG12_7_B1,BAFCOG12_7_B1,BAFCOG12_7_B1,RTPD,MCE,LMP_ENE_PRC,BAFCOG12_7_B1,ALL,1,916.27124,1,3
2022-09-02T02:00:00-00:00,2022-09-02T02:15:00-00:00,2022-09-01,20,BAFCOG12_7_B1,BAFCOG12_7_B1,BAFCOG12_7_B1,RTPD,MCE,LMP_ENE_PRC,BAFCOG12_7_B1,ALL,1,1991.6721,1,3
2022-09-02T03:00:00-00:00,2022-09-02T03:15:00-00:00,2022-09-01,21,BAFCOG12_7_B1,BAFCOG12_7_B1,BAFCOG12_7_B1,RTPD,MCE,LMP_ENE_PRC,BAFCOG12_7_B1,ALL,1,917.5508,1,3
2022-09-02T04:00:00-00:00,2022-09-02T04:15:00-00:00,2022-09-01,22,BAFCOG12_7_B1,BAFCOG12_7_B1,BAFCOG12_7_B1,RTPD,MCE,LMP_ENE_PRC,BAFCOG12_7_B1,ALL,1,257.83005,1,3
2022-09-02T05:00:00-00:00,2022-09-02T05:15:00-00:00,2022-09-01,23,BAFCOG12_7_B1,BAFCOG12_7_B1,BAFCOG12_7_B1,RTPD,MCE,LMP_ENE_PRC,BAFCOG12_7_B1,ALL,1,183.24657,1,3
2022-09-02T06:00:00-00:00,2022-09-02T06:15:00-00:00,2022-09-01,24,BAFCOG12_7_B1,BAFCOG12_7_B1,BAFCOG12_7_B1,RTPD,MCE,LMP_ENE_PRC,BAFCOG12_7_B1,ALL,1,158.867,1,3
2022-09-01T07:15:00-00:00,2022-09-01T07:30:00-00:00,2022-09-01,01,BAFCOG12_7_B1,BAFCOG12_7_B1,BAFCOG12_7_B1,RTPD,MCE,LMP_ENE_PRC,BAFCOG12_7_B1,ALL,1,125.55144,2,3
2022-09-01T08:15:00-00:00,2022-09-01T08:30:00-00:00,2022-09-01,02,BAFCOG12_7_B1,BAFCOG12_7_B1,BAFCOG12_7_B1,RTPD,MCE,LMP_ENE_PRC,BAFCOG12_7_B1,ALL,1,115.53165,2,3
2022-09-01T09:15:00-00:00,2022-09-01T09:30:00-00:00,2022-09-01,03,BAFCOG12_7_B1,BAFCOG12_7_B1,BAFCOG12_7_B1,RTPD,MCE,LMP_ENE_PRC,BAFCOG12_7_B1,ALL,1,98.30543,2,3
2022-09-01T10:15:00-00:00,2022-09-01T10:30:00-00:00,2022-09-01,04,BAFCOG12_7_B1,BAFCOG12_7_B1,BAFCOG12_7_B1,RTPD,MCE,LMP_ENE_PRC,BAFCOG12_7_B1,ALL,1,97.00684,2,3
2022-09-01T11:15:00-00:00,2022-09-01T11:30:00-00:00,2022-09-01,05,BAFCOG12_7_B1,BAFCOG12_7_B1,BAFCOG12_7_B1,RTPD,MCE,LMP_ENE_PRC,BAFCOG12_7_B1,ALL,1,103.09059,2,3
2022-09-01T12:15:00-00:00,2022-09-01T12:30:00-00:00,2022-09-01,06,BAFCOG12_7_B1,BAFCOG12_7_B1,BAFCOG12_7_B1,RTPD,MCE,LMP_ENE_PRC,BAFCOG12_7_B1,ALL,1,109.32203,2,3
2022-09-01T13:15:00-00:00,2022-09-01T13:30:00-00:00,2022-09-01,07,BAFCOG12_7_B1,BAFCOG12_7_B1,BAFCOG12_7_B1,RTPD,MCE,LMP_ENE_PRC,BAFCOG12_7_B1,ALL,1,110.97827,2,3
2022-09-01T14:15:00-00:00,2022-09-01T14:30:00-00:00,2022-09-01,08,BAFCOG12_7_B1,BAFCOG12_7_B1,BAFCOG12_7_B1,RTPD,MCE,LMP_ENE_PRC,BAFCOG12_7_B1,ALL,1,104.78743,2,3
2022-09-01T15:15:00-00:00,2022-09-01T15:30:00-00:00,2022-09-01,09,BAFCOG12_7_B1,BAFCOG12_7_B1,BAFCOG12_7_B1,RTPD,MCE,LMP_ENE_PRC,BAFCOG12_7_B1,ALL,1,86.9388,2,3
2022-09-01T16:15:00-00:00,2022-09-01T16:30:00-00:00,2022-09-01,10,BAFCOG12_7_B1,BAFCOG12_7_B1,BAFCOG12_7_B1,RTPD,MCE,LMP_ENE_PRC,BAFCOG12_7_B1,ALL,1,89.44858,2,3
2022-09-01T17:15:00-00:00,2022-09-01T17:30:00-00:00,2022-09-01,11,BAFCOG12_7_B1,BAFCOG12_7_B1,BAFCOG12_7_B1,RTPD,MCE,LMP_ENE_PRC,BAFCOG12_7_B1,ALL,1,99.34673,2,3
2022-09-01T18:15:00-00:00,2022-09-01T18:30:00-00:00,2022-09-01,12,BAFCOG12_7_B1,BAFCOG12_7_B1,BAFCOG12_7_B1,RTPD,MCE,LMP_ENE_PRC,BAFCOG12_7_B1,ALL,1,101.15901,2,3
2022-09-01T19:15:00-00:00,2022-09-01T19:30:00-00:00,2022-09-01,13,BAFCOG12_7_B1,BAFCOG12_7_B1,BAFCOG12_7_B1,RTPD,MCE,LMP_ENE_PRC,BAFCOG12_7_B1,ALL,1,105.30588,2,3
2022-09-01T20:15:00-00:00,2022-09-01T20:30:00-00:00,2022-09-01,14,BAFCOG12_7_B1,BAFCOG12_7_B1,BAFCOG12_7_B1,RTPD,MCE,LMP_ENE_PRC,BAFCOG12_7_B1,ALL,1,117.49421,2,3
2022-09-01T21:15:00-00:00,2022-09-01T21:30:00-00:00,2022-09-01,15,BAFCOG12_7_B1,BAFCOG12_7_B1,BAFCOG12_7_B1,RTPD,MCE,LMP_ENE_PRC,BAFCOG12_7_B1,ALL,1,147.21185,2,3
2022-09-01T22:15:00-00:00,2022-09-01T22:30:00-00:00,2022-09-01,16,BAFCOG12_7_B1,BAFCOG12_7_B1,BAFCOG12_7_B1,RTPD,MCE,LMP_ENE_PRC,BAFCOG12_7_B1,ALL,1,256.58734,2,3
2022-09-01T23:15:00-00:00,2022-09-01T23:30:00-00:00,2022-09-01,17,BAFCOG12_7_B1,BAFCOG12_7_B1,BAFCOG12_7_B1,RTPD,MCE,LMP_ENE_PRC,BAFCOG12_7_B1,ALL,1,362.12408,2,3
2022-09-02T00:15:00-00:00,2022-09-02T00:30:00-00:00,2022-09-01,18,BAFCOG12_7_B1,BAFCOG12_7_B1,BAFCOG12_7_B1,RTPD,MCE,LMP_ENE_PRC,BAFCOG12_7_B1,ALL,1,691.2182,2,3
2022-09-02T01:15:00-00:00,2022-09-02T01:30:00-00:00,2022-09-01,19,BAFCOG12_7_B1,BAFCOG12_7_B1,BAFCOG12_7_B1,RTPD,MCE,LMP_ENE_PRC,BAFCOG12_7_B1,ALL,1,1999.9933,2,3
2022-09-02T02:15:00-00:00,2022-09-02T02:30:00-00:00,2022-09-01,20,BAFCOG12_7_B1,BAFCOG12_7_B1,BAFCOG12_7_B1,RTPD,MCE,LMP_ENE_PRC,BAFCOG12_7_B1,ALL,1,1991.6721,2,3
2022-09-02T03:15:00-00:00,2022-09-02T03:30:00-00:00,2022-09-01,21,BAFCOG12_7_B1,BAFCOG12_7_B1,BAFCOG12_7_B1,RTPD,MCE,LMP_ENE_PRC,BAFCOG12_7_B1,ALL,1,400.52884,2,3
2022-09-02T04:15:00-00:00,2022-09-02T04:30:00-00:00,2022-09-01,22,BAFCOG12_7_B1,BAFCOG12_7_B1,BAFCOG12_7_B1,RTPD,MCE,LMP_ENE_PRC,BAFCOG12_7_B1,ALL,1,224.75041,2,3
2022-09-02T05:15:00-00:00,2022-09-02T05:30:00-00:00,2022-09-01,23,BAFCOG12_7_B1,BAFCOG12_7_B1,BAFCOG12_7_B1,RTPD,MCE,LMP_ENE_PRC,BAFCOG12_7_B1,ALL,1,157.11986,2,3
2022-09-02T06:15:00-00:00,2022-09-02T06:30:00-00:00,2022-09-01,24,BAFCOG12_7_B1,BAFCOG12_7_B1,BAFCOG12_7_B1,RTPD,MCE,LMP_ENE_PRC,BAFCOG12_7_B1,ALL,1,143.1005,2,3
2022-09-01T07:30:00-00:00,2022-09-01T07:45:00-00:00,2022-09-01,01,BAFCOG12_7_B1,BAFCOG12_7_B1,BAFCOG12_7_B1,RTPD,MCE,LMP_ENE_PRC,BAFCOG12_7_B1,ALL,1,119.03196,3,3
2022-09-01T08:30:00-00:00,2022-09-01T08:45:00-00:00,2022-09-01,02,BAFCOG12_7_B1,BAFCOG12_7_B1,BAFCOG12_7_B1,RTPD,MCE,LMP_ENE_PRC,BAFCOG12_7_B1,ALL,1,111.11241,3,3
2022-09-01T09:30:00-00:00,2022-09-01T09:45:00-00:00,2022-09-01,03,BAFCOG12_7_B1,BAFCOG12_7_B1,BAFCOG12_7_B1,RTPD,MCE,LMP_ENE_PRC,BAFCOG12_7_B1,ALL,1,98.16228,3,3
2022-09-01T10:30:00-00:00,2022-09-01T10:45:00-00:00,2022-09-01,04,BAFCOG12_7_B1,BAFCOG12_7_B1,BAFCOG12_7_B1,RTPD,MCE,LMP_ENE_PRC,BAFCOG12_7_B1,ALL,1,96.36226,3,3
2022-09-01T11:30:00-00:00,2022-09-01T11:45:00-00:00,2022-09-01,05,BAFCOG12_7_B1,BAFCOG12_7_B1,BAFCOG12_7_B1,RTPD,MCE,LMP_ENE_PRC,BAFCOG12_7_B1,ALL,1,103.06198,3,3
2022-09-01T12:30:00-00:00,2022-09-01T12:45:00-00:00,2022-09-01,06,BAFCOG12_7_B1,BAFCOG12_7_B1,BAFCOG12_7_B1,RTPD,MCE,LMP_ENE_PRC,BAFCOG12_7_B1,ALL,1,113.57403,3,3
2022-09-01T13:30:00-00:00,2022-09-01T13:45:00-00:00,2022-09-01,07,BAFCOG12_7_B1,BAFCOG12_7_B1,BAFCOG12_7_B1,RTPD,MCE,LMP_ENE_PRC,BAFCOG12_7_B1,ALL,1,111.52025,3,3
2022-09-01T14:30:00-00:00,2022-09-01T14:45:00-00:00,2022-09-01,08,BAFCOG12_7_B1,BAFCOG12_7_B1,BAFCOG12_7_B1,RTPD,MCE,LMP_ENE_PRC,BAFCOG12_7_B1,ALL,1,101.83428,3,3
2022-09-01T15:30:00-00:00,2022-09-01T15:45:00-00:00,2022-09-01,09,BAFCOG12_7_B1,BAFCOG12_7_B1,BAFCOG12_7_B1,RTPD,MCE,LMP_ENE_PRC,BAFCOG12_7_B1,ALL,1,86.1388,3,3
2022-09-01T16:30:00-00:00,2022-09-01T16:45:00-00:00,2022-09-01,10,BAFCOG12_7_B1,BAFCOG12_7_B1,BAFCOG12_7_B1,RTPD,MCE,LMP_ENE_PRC,BAFCOG12_7_B1,ALL,1,88.79644,3,3
2022-09-01T17:30:00-00:00,2022-09-01T17:45:00-00:00,2022-09-01,11,BAFCOG12_7_B1,BAFCOG12_7_B1,BAFCOG12_7_B1,RTPD,MCE,LMP_ENE_PRC,BAFCOG12_7_B1,ALL,1,99.13013,3,3
2022-09-01T18:30:00-00:00,2022-09-01T18:45:00-00:00,2022-09-01,12,BAFCOG12_7_B1,BAFCOG12_7_B1,BAFCOG12_7_B1,RTPD,MCE,LMP_ENE_PRC,BAFCOG12_7_B1,ALL,1,107.05718,3,3
2022-09-01T19:30:00-00:00,2022-09-01T19:45:00-00:00,2022-09-01,13,BAFCOG12_7_B1,BAFCOG12_7_B1,BAFCOG12_7_B1,RTPD,MCE,LMP_ENE_PRC,BAFCOG12_7_B1,ALL,1,114.05905,3,3
2022-09-01T20:30:00-00:00,2022-09-01T20:45:00-00:00,2022-09-01,14,BAFCOG12_7_B1,BAFCOG12_7_B1,BAFCOG12_7_B1,RTPD,MCE,LMP_ENE_PRC,BAFCOG12_7_B1,ALL,1,129.81606,3,3
2022-09-01T21:30:00-00:00,2022-09-01T21:45:00-00:00,2022-09-01,15,BAFCOG12_7_B1,BAFCOG12_7_B1,BAFCOG12_7_B1,RTPD,MCE,LMP_ENE_PRC,BAFCOG12_7_B1,ALL,1,152.93057,3,3
2022-09-01T22:30:00-00:00,2022-09-01T22:45:00-00:00,2022-09-01,16,BAFCOG12_7_B1,BAFCOG12_7_B1,BAFCOG12_7_B1,RTPD,MCE,LMP_ENE_PRC,BAFCOG12_7_B1,ALL,1,283.18182,3,3
2022-09-01T23:30:00-00:00,2022-09-01T23:45:00-00:00,2022-09-01,17,BAFCOG12_7_B1,BAFCOG12_7_B1,BAFCOG12_7_B1,RTPD,MCE,LMP_ENE_PRC,BAFCOG12_7_B1,ALL,1,566.48157,3,3
2022-09-02T00:30:00-00:00,2022-09-02T00:45:00-00:00,2022-09-01,18,BAFCOG12_7_B1,BAFCOG12_7_B1,BAFCOG12_7_B1,RTPD,MCE,LMP_ENE_PRC,BAFCOG12_7_B1,ALL,1,1329.1127,3,3
2022-09-02T01:30:00-00:00,2022-09-02T01:45:00-00:00,2022-09-01,19,BAFCOG12_7_B1,BAFCOG12_7_B1,BAFCOG12_7_B1,RTPD,MCE,LMP_ENE_PRC,BAFCOG12_7_B1,ALL,1,1999.9956,3,3
2022-09-02T02:30:00-00:00,2022-09-02T02:45:00-00:00,2022-09-01,20,BAFCOG12_7_B1,BAFCOG12_7_B1,BAFCOG12_7_B1,RTPD,MCE,LMP_ENE_PRC,BAFCOG12_7_B1,ALL,1,1991.671,3,3
2022-09-02T03:30:00-00:00,2022-09-02T03:45:00-00:00,2022-09-01,21,BAFCOG12_7_B1,BAFCOG12_7_B1,BAFCOG12_7_B1,RTPD,MCE,LMP_ENE_PRC,BAFCOG12_7_B1,ALL,1,186.61823,3,3
2022-09-02T04:30:00-00:00,2022-09-02T04:45:00-00:00,2022-09-01,22,BAFCOG12_7_B1,BAFCOG12_7_B1,BAFCOG12_7_B1,RTPD,MCE,LMP_ENE_PRC,BAFCOG12_7_B1,ALL,1,180.67824,3,3
2022-09-02T05:30:00-00:00,2022-09-02T05:45:00-00:00,2022-09-01,23,BAFCOG12_7_B1,BAFCOG12_7_B1,BAFCOG12_7_B1,RTPD,MCE,LMP_ENE_PRC,BAFCOG12_7_B1,ALL,1,131.69917,3,3
2022-09-02T06:30:00-00:00,2022-09-02T06:45:00-00:00,2022-09-01,24,BAFCOG12_7_B1,BAFCOG12_7_B1,BAFCOG12_7_B1,RTPD,MCE,LMP_ENE_PRC,BAFCOG12_7_B1,ALL,1,128.9871,3,3
2022-09-01T07:45:00-00:00,2022-09-01T08:00:00-00:00,2022-09-01,01,BAFCOG12_7_B1,BAFCOG12_7_B1,BAFCOG12_7_B1,RTPD,MCE,LMP_ENE_PRC,BAFCOG12_7_B1,ALL,1,109.12099,4,3
2022-09-01T08:45:00-00:00,2022-09-01T09:00:00-00:00,2022-09-01,02,BAFCOG12_7_B1,BAFCOG12_7_B1,BAFCOG12_7_B1,RTPD,MCE,LMP_ENE_PRC,BAFCOG12_7_B1,ALL,1,98.7357,4,3
2022-09-01T09:45:00-00:00,2022-09-01T10:00:00-00:00,2022-09-01,03,BAFCOG12_7_B1,BAFCOG12_7_B1,BAFCOG12_7_B1,RTPD,MCE,LMP_ENE_PRC,BAFCOG12_7_B1,ALL,1,97.50475,4,3
2022-09-01T10:45:00-00:00,2022-09-01T11:00:00-00:00,2022-09-01,04,BAFCOG12_7_B1,BAFCOG12_7_B1,BAFCOG12_7_B1,RTPD,MCE,LMP_ENE_PRC,BAFCOG12_7_B1,ALL,1,94.71966,4,3
2022-09-01T11:45:00-00:00,2022-09-01T12:00:00-00:00,2022-09-01,05,BAFCOG12_7_B1,BAFCOG12_7_B1,BAFCOG12_7_B1,RTPD,MCE,LMP_ENE_PRC,BAFCOG12_7_B1,ALL,1,107.01,4,3
2022-09-01T12:45:00-00:00,2022-09-01T13:00:00-00:00,2022-09-01,06,BAFCOG12_7_B1,BAFCOG12_7_B1,BAFCOG12_7_B1,RTPD,MCE,LMP_ENE_PRC,BAFCOG12_7_B1,ALL,1,116.4848,4,3
2022-09-01T13:45:00-00:00,2022-09-01T14:00:00-00:00,2022-09-01,07,BAFCOG12_7_B1,BAFCOG12_7_B1,BAFCOG12_7_B1,RTPD,MCE,LMP_ENE_PRC,BAFCOG12_7_B1,ALL,1,111.41,4,3
2022-09-01T14:45:00-00:00,2022-09-01T15:00:00-00:00,2022-09-01,08,BAFCOG12_7_B1,BAFCOG12_7_B1,BAFCOG12_7_B1,RTPD,MCE,LMP_ENE_PRC,BAFCOG12_7_B1,ALL,1,86.1388,4,3
2022-09-01T15:45:00-00:00,2022-09-01T16:00:00-00:00,2022-09-01,09,BAFCOG12_7_B1,BAFCOG12_7_B1,BAFCOG12_7_B1,RTPD,MCE,LMP_ENE_PRC,BAFCOG12_7_B1,ALL,1,78.70076,4,3
2022-09-01T16:45:00-00:00,2022-09-01T17:00:00-00:00,2022-09-01,10,BAFCOG12_7_B1,BAFCOG12_7_B1,BAFCOG12_7_B1,RTPD,MCE,LMP_ENE_PRC,BAFCOG12_7_B1,ALL,1,91.24933,4,3
2022-09-01T17:45:00-00:00,2022-09-01T18:00:00-00:00,2022-09-01,11,BAFCOG12_7_B1,BAFCOG12_7_B1,BAFCOG12_7_B1,RTPD,MCE,LMP_ENE_PRC,BAFCOG12_7_B1,ALL,1,99.20544,4,3
2022-09-01T18:45:00-00:00,2022-09-01T19:00:00-00:00,2022-09-01,12,BAFCOG12_7_B1,BAFCOG12_7_B1,BAFCOG12_7_B1,RTPD,MCE,LMP_ENE_PRC,BAFCOG12_7_B1,ALL,1,109.04064,4,3
2022-09-01T19:45:00-00:00,2022-09-01T20:00:00-00:00,2022-09-01,13,BAFCOG12_7_B1,BAFCOG12_7_B1,BAFCOG12_7_B1,RTPD,MCE,LMP_ENE_PRC,BAFCOG12_7_B1,ALL,1,120.22491,4,3
2022-09-01T20:45:00-00:00,2022-09-01T21:00:00-00:00,2022-09-01,14,BAFCOG12_7_B1,BAFCOG12_7_B1,BAFCOG12_7_B1,RTPD,MCE,LMP_ENE_PRC,BAFCOG12_7_B1,ALL,1,154.02509,4,3
2022-09-01T21:45:00-00:00,2022-09-01T22:00:00-00:00,2022-09-01,15,BAFCOG12_7_B1,BAFCOG12_7_B1,BAFCOG12_7_B1,RTPD,MCE,LMP_ENE_PRC,BAFCOG12_7_B1,ALL,1,300.29376,4,3
2022-09-01T22:45:00-00:00,2022-09-01T23:00:00-00:00,2022-09-01,16,BAFCOG12_7_B1,BAFCOG12_7_B1,BAFCOG12_7_B1,RTPD,MCE,LMP_ENE_PRC,BAFCOG12_7_B1,ALL,1,429.9137,4,3
2022-09-01T23:45:00-00:00,2022-09-02T00:00:00-00:00,2022-09-01,17,BAFCOG12_7_B1,BAFCOG12_7_B1,BAFCOG12_7_B1,RTPD,MCE,LMP_ENE_PRC,BAFCOG12_7_B1,ALL,1,1261.2124,4,3
2022-09-02T00:45:00-00:00,2022-09-02T01:00:00-00:00,2022-09-01,18,BAFCOG12_7_B1,BAFCOG12_7_B1,BAFCOG12_7_B1,RTPD,MCE,LMP_ENE_PRC,BAFCOG12_7_B1,ALL,1,1519.149,4,3
2022-09-02T01:45:00-00:00,2022-09-02T02:00:00-00:00,2022-09-01,19,BAFCOG12_7_B1,BAFCOG12_7_B1,BAFCOG12_7_B1,RTPD,MCE,LMP_ENE_PRC,BAFCOG12_7_B1,ALL,1,1991.9337,4,3
2022-09-02T02:45:00-00:00,2022-09-02T03:00:00-00:00,2022-09-01,20,BAFCOG12_7_B1,BAFCOG12_7_B1,BAFCOG12_7_B1,RTPD,MCE,LMP_ENE_PRC,BAFCOG12_7_B1,ALL,1,1629.6213,4,3
2022-09-02T03:45:00-00:00,2022-09-02T04:00:00-00:00,2022-09-01,21,BAFCOG12_7_B1,BAFCOG12_7_B1,BAFCOG12_7_B1,RTPD,MCE,LMP_ENE_PRC,BAFCOG12_7_B1,ALL,1,141.13702,4,3
2022-09-02T04:45:00-00:00,2022-09-02T05:00:00-00:00,2022-09-01,22,BAFCOG12_7_B1,BAFCOG12_7_B1,BAFCOG12_7_B1,RTPD,MCE,LMP_ENE_PRC,BAFCOG12_7_B1,ALL,1,126.76372,4,3
2022-09-02T05:45:00-00:00,2022-09-02T06:00:00-00:00,2022-09-01,23,BAFCOG12_7_B1,BAFCOG12_7_B1,BAFCOG12_7_B1,RTPD,MCE,LMP_ENE_PRC,BAFCOG12_7_B1,ALL,1,119.00958,4,3
2022-09-02T06:45:00-00:00,2022-09-02T07:00:00-00:00,2022-09-01,24,BAFCOG12_7_B1,BAFCOG12_7_B1,BAFCOG12_7_B1,RTPD,MCE,LMP_ENE_PRC,BAFCOG12_7_B1,ALL,1,109.20324,4,3
2022-09-01T07:00:00-00:00,2022-09-01T07:15:00-00:00,2022-09-01,01,BAFCOG12_7_B1,BAFCOG12_7_B1,BAFCOG12_7_B1,RTPD,MCL,LMP_LOSS_PRC,BAFCOG12_7_B1,ALL,1,-8.33878,1,4
2022-09-01T08:00:00-00:00,2022-09-01T08:15:00-00:00,2022-09-01,02,BAFCOG12_7_B1,BAFCOG12_7_B1,BAFCOG12_7_B1,RTPD,MCL,LMP_LOSS_PRC,BAFCOG12_7_B1,ALL,1,0,1,4
2022-09-01T09:00:00-00:00,2022-09-01T09:15:00-00:00,2022-09-01,03,BAFCOG12_7_B1,BAFCOG12_7_B1,BAFCOG12_7_B1,RTPD,MCL,LMP_LOSS_PRC,BAFCOG12_7_B1,ALL,1,-0.69811,1,4
2022-09-01T10:00:00-00:00,2022-09-01T10:15:00-00:00,2022-09-01,04,BAFCOG12_7_B1,BAFCOG12_7_B1,BAFCOG12_7_B1,RTPD,MCL,LMP_LOSS_PRC,BAFCOG12_7_B1,ALL,1,0.04932,1,4
2022-09-01T11:00:00-00:00,2022-09-01T11:15:00-00:00,2022-09-01,05,BAFCOG12_7_B1,BAFCOG12_7_B1,BAFCOG12_7_B1,RTPD,MCL,LMP_LOSS_PRC,BAFCOG12_7_B1,ALL,1,-1.21031,1,4
2022-09-01T12:00:00-00:00,2022-09-01T12:15:00-00:00,2022-09-01,06,BAFCOG12_7_B1,BAFCOG12_7_B1,BAFCOG12_7_B1,RTPD,MCL,LMP_LOSS_PRC,BAFCOG12_7_B1,ALL,1,-0.89156,1,4
2022-09-01T13:00:00-00:00,2022-09-01T13:15:00-00:00,2022-09-01,07,BAFCOG12_7_B1,BAFCOG12_7_B1,BAFCOG12_7_B1,RTPD,MCL,LMP_LOSS_PRC,BAFCOG12_7_B1,ALL,1,0,1,4
2022-09-01T14:00:00-00:00,2022-09-01T14:15:00-00:00,2022-09-01,08,BAFCOG12_7_B1,BAFCOG12_7_B1,BAFCOG12_7_B1,RTPD,MCL,LMP_LOSS_PRC,BAFCOG12_7_B1,ALL,1,-1.62224,1,4
2022-09-01T15:00:00-00:00,2022-09-01T15:15:00-00:00,2022-09-01,09,BAFCOG12_7_B1,BAFCOG12_7_B1,BAFCOG12_7_B1,RTPD,MCL,LMP_LOSS_PRC,BAFCOG12_7_B1,ALL,1,0,1,4
2022-09-01T16:00:00-00:00,2022-09-01T16:15:00-00:00,2022-09-01,10,BAFCOG12_7_B1,BAFCOG12_7_B1,BAFCOG12_7_B1,RTPD,MCL,LMP_LOSS_PRC,BAFCOG12_7_B1,ALL,1,0,1,4
2022-09-01T17:00:00-00:00,2022-09-01T17:15:00-00:00,2022-09-01,11,BAFCOG12_7_B1,BAFCOG12_7_B1,BAFCOG12_7_B1,RTPD,MCL,LMP_LOSS_PRC,BAFCOG12_7_B1,ALL,1,0,1,4
2022-09-01T18:00:00-00:00,2022-09-01T18:15:00-00:00,2022-09-01,12,BAFCOG12_7_B1,BAFCOG12_7_B1,BAFCOG12_7_B1,RTPD,MCL,LMP_LOSS_PRC,BAFCOG12_7_B1,ALL,1,0,1,4
2022-09-01T19:00:00-00:00,2022-09-01T19:15:00-00:00,2022-09-01,13,BAFCOG12_7_B1,BAFCOG12_7_B1,BAFCOG12_7_B1,RTPD,MCL,LMP_LOSS_PRC,BAFCOG12_7_B1,ALL,1,0,1,4
2022-09-01T20:00:00-00:00,2022-09-01T20:15:00-00:00,2022-09-01,14,BAFCOG12_7_B1,BAFCOG12_7_B1,BAFCOG12_7_B1,RTPD,MCL,LMP_LOSS_PRC,BAFCOG12_7_B1,ALL,1,0,1,4
2022-09-01T21:00:00-00:00,2022-09-01T21:15:00-00:00,2022-09-01,15,BAFCOG12_7_B1,BAFCOG12_7_B1,BAFCOG12_7_B1,RTPD,MCL,LMP_LOSS_PRC,BAFCOG12_7_B1,ALL,1,0,1,4
2022-09-01T22:00:00-00:00,2022-09-01T22:15:00-00:00,2022-09-01,16,BAFCOG12_7_B1,BAFCOG12_7_B1,BAFCOG12_7_B1,RTPD,MCL,LMP_LOSS_PRC,BAFCOG12_7_B1,ALL,1,0,1,4
2022-09-01T23:00:00-00:00,2022-09-01T23:15:00-00:00,2022-09-01,17,BAFCOG12_7_B1,BAFCOG12_7_B1,BAFCOG12_7_B1,RTPD,MCL,LMP_LOSS_PRC,BAFCOG12_7_B1,ALL,1,0,1,4
2022-09-02T00:00:00-00:00,2022-09-02T00:15:00-00:00,2022-09-01,18,BAFCOG12_7_B1,BAFCOG12_7_B1,BAFCOG12_7_B1,RTPD,MCL,LMP_LOSS_PRC,BAFCOG12_7_B1,ALL,1,-35.75498,1,4
2022-09-02T01:00:00-00:00,2022-09-02T01:15:00-00:00,2022-09-01,19,BAFCOG12_7_B1,BAFCOG12_7_B1,BAFCOG12_7_B1,RTPD,MCL,LMP_LOSS_PRC,BAFCOG12_7_B1,ALL,1,0,1,4
2022-09-02T02:00:00-00:00,2022-09-02T02:15:00-00:00,2022-09-01,20,BAFCOG12_7_B1,BAFCOG12_7_B1,BAFCOG12_7_B1,RTPD,MCL,LMP_LOSS_PRC,BAFCOG12_7_B1,ALL,1,0,1,4
2022-09-02T03:00:00-00:00,2022-09-02T03:15:00-00:00,2022-09-01,21,BAFCOG12_7_B1,BAFCOG12_7_B1,BAFCOG12_7_B1,RTPD,MCL,LMP_LOSS_PRC,BAFCOG12_7_B1,ALL,1,-21.28718,1,4
2022-09-02T04:00:00-00:00,2022-09-02T04:15:00-00:00,2022-09-01,22,BAFCOG12_7_B1,BAFCOG12_7_B1,BAFCOG12_7_B1,RTPD,MCL,LMP_LOSS_PRC,BAFCOG12_7_B1,ALL,1,-9.2561,1,4
2022-09-02T05:00:00-00:00,2022-09-02T05:15:00-00:00,2022-09-01,23,BAFCOG12_7_B1,BAFCOG12_7_B1,BAFCOG12_7_B1,RTPD,MCL,LMP_LOSS_PRC,BAFCOG12_7_B1,ALL,1,-5.84557,1,4
2022-09-02T06:00:00-00:00,2022-09-02T06:15:00-00:00,2022-09-01,24,BAFCOG12_7_B1,BAFCOG12_7_B1,BAFCOG12_7_B1,RTPD,MCL,LMP_LOSS_PRC,BAFCOG12_7_B1,ALL,1,-3.71749,1,4
2022-09-01T07:15:00-00:00,2022-09-01T07:30:00-00:00,2022-09-01,01,BAFCOG12_7_B1,BAFCOG12_7_B1,BAFCOG12_7_B1,RTPD,MCL,LMP_LOSS_PRC,BAFCOG12_7_B1,ALL,1,0,2,4
2022-09-01T08:15:00-00:00,2022-09-01T08:30:00-00:00,2022-09-01,02,BAFCOG12_7_B1,BAFCOG12_7_B1,BAFCOG12_7_B1,RTPD,MCL,LMP_LOSS_PRC,BAFCOG12_7_B1,ALL,1,0,2,4
2022-09-01T09:15:00-00:00,2022-09-01T09:30:00-00:00,2022-09-01,03,BAFCOG12_7_B1,BAFCOG12_7_B1,BAFCOG12_7_B1,RTPD,MCL,LMP_LOSS_PRC,BAFCOG12_7_B1,ALL,1,-0.62915,2,4
2022-09-01T10:15:00-00:00,2022-09-01T10:30:00-00:00,2022-09-01,04,BAFCOG12_7_B1,BAFCOG12_7_B1,BAFCOG12_7_B1,RTPD,MCL,LMP_LOSS_PRC,BAFCOG12_7_B1,ALL,1,0.18431,2,4
2022-09-01T11:15:00-00:00,2022-09-01T11:30:00-00:00,2022-09-01,05,BAFCOG12_7_B1,BAFCOG12_7_B1,BAFCOG12_7_B1,RTPD,MCL,LMP_LOSS_PRC,BAFCOG12_7_B1,ALL,1,-1.21647,2,4
2022-09-01T12:15:00-00:00,2022-09-01T12:30:00-00:00,2022-09-01,06,BAFCOG12_7_B1,BAFCOG12_7_B1,BAFCOG12_7_B1,RTPD,MCL,LMP_LOSS_PRC,BAFCOG12_7_B1,ALL,1,-1.91314,2,4
2022-09-01T13:15:00-00:00,2022-09-01T13:30:00-00:00,2022-09-01,07,BAFCOG12_7_B1,BAFCOG12_7_B1,BAFCOG12_7_B1,RTPD,MCL,LMP_LOSS_PRC,BAFCOG12_7_B1,ALL,1,-2.68567,2,4
2022-09-01T14:15:00-00:00,2022-09-01T14:30:00-00:00,2022-09-01,08,BAFCOG12_7_B1,BAFCOG12_7_B1,BAFCOG12_7_B1,RTPD,MCL,LMP_LOSS_PRC,BAFCOG12_7_B1,ALL,1,-2.15862,2,4
2022-09-01T15:15:00-00:00,2022-09-01T15:30:00-00:00,2022-09-01,09,BAFCOG12_7_B1,BAFCOG12_7_B1,BAFCOG12_7_B1,RTPD,MCL,LMP_LOSS_PRC,BAFCOG12_7_B1,ALL,1,0,2,4
2022-09-01T16:15:00-00:00,2022-09-01T16:30:00-00:00,2022-09-01,10,BAFCOG12_7_B1,BAFCOG12_7_B1,BAFCOG12_7_B1,RTPD,MCL,LMP_LOSS_PRC,BAFCOG12_7_B1,ALL,1,0,2,4
2022-09-01T17:15:00-00:00,2022-09-01T17:30:00-00:00,2022-09-01,11,BAFCOG12_7_B1,BAFCOG12_7_B1,BAFCOG12_7_B1,RTPD,MCL,LMP_LOSS_PRC,BAFCOG12_7_B1,ALL,1,0,2,4
2022-09-01T18:15:00-00:00,2022-09-01T18:30:00-00:00,2022-09-01,12,BAFCOG12_7_B1,BAFCOG12_7_B1,BAFCOG12_7_B1,RTPD,MCL,LMP_LOSS_PRC,BAFCOG12_7_B1,ALL,1,0,2,4
2022-09-01T19:15:00-00:00,2022-09-01T19:30:00-00:00,2022-09-01,13,BAFCOG12_7_B1,BAFCOG12_7_B1,BAFCOG12_7_B1,RTPD,MCL,LMP_LOSS_PRC,BAFCOG12_7_B1,ALL,1,0,2,4
2022-09-01T20:15:00-00:00,2022-09-01T20:30:00-00:00,2022-09-01,14,BAFCOG12_7_B1,BAFCOG12_7_B1,BAFCOG12_7_B1,RTPD,MCL,LMP_LOSS_PRC,BAFCOG12_7_B1,ALL,1,0,2,4
2022-09-01T21:15:00-00:00,2022-09-01T21:30:00-00:00,2022-09-01,15,BAFCOG12_7_B1,BAFCOG12_7_B1,BAFCOG12_7_B1,RTPD,MCL,LMP_LOSS_PRC,BAFCOG12_7_B1,ALL,1,0,2,4
2022-09-01T22:15:00-00:00,2022-09-01T22:30:00-00:00,2022-09-01,16,BAFCOG12_7_B1,BAFCOG12_7_B1,BAFCOG12_7_B1,RTPD,MCL,LMP_LOSS_PRC,BAFCOG12_7_B1,ALL,1,0,2,4
2022-09-01T23:15:00-00:00,2022-09-01T23:30:00-00:00,2022-09-01,17,BAFCOG12_7_B1,BAFCOG12_7_B1,BAFCOG12_7_B1,RTPD,MCL,LMP_LOSS_PRC,BAFCOG12_7_B1,ALL,1,0,2,4
2022-09-02T00:15:00-00:00,2022-09-02T00:30:00-00:00,2022-09-01,18,BAFCOG12_7_B1,BAFCOG12_7_B1,BAFCOG12_7_B1,RTPD,MCL,LMP_LOSS_PRC,BAFCOG12_7_B1,ALL,1,-34.14618,2,4
2022-09-02T01:15:00-00:00,2022-09-02T01:30:00-00:00,2022-09-01,19,BAFCOG12_7_B1,BAFCOG12_7_B1,BAFCOG12_7_B1,RTPD,MCL,LMP_LOSS_PRC,BAFCOG12_7_B1,ALL,1,0,2,4
2022-09-02T02:15:00-00:00,2022-09-02T02:30:00-00:00,2022-09-01,20,BAFCOG12_7_B1,BAFCOG12_7_B1,BAFCOG12_7_B1,RTPD,MCL,LMP_LOSS_PRC,BAFCOG12_7_B1,ALL,1,0,2,4
2022-09-02T03:15:00-00:00,2022-09-02T03:30:00-00:00,2022-09-01,21,BAFCOG12_7_B1,BAFCOG12_7_B1,BAFCOG12_7_B1,RTPD,MCL,LMP_LOSS_PRC,BAFCOG12_7_B1,ALL,1,-9.17211,2,4
2022-09-02T04:15:00-00:00,2022-09-02T04:30:00-00:00,2022-09-01,22,BAFCOG12_7_B1,BAFCOG12_7_B1,BAFCOG12_7_B1,RTPD,MCL,LMP_LOSS_PRC,BAFCOG12_7_B1,ALL,1,-8.40567,2,4
2022-09-02T05:15:00-00:00,2022-09-02T05:30:00-00:00,2022-09-01,23,BAFCOG12_7_B1,BAFCOG12_7_B1,BAFCOG12_7_B1,RTPD,MCL,LMP_LOSS_PRC,BAFCOG12_7_B1,ALL,1,-5.01212,2,4
2022-09-02T06:15:00-00:00,2022-09-02T06:30:00-00:00,2022-09-01,24,BAFCOG12_7_B1,BAFCOG12_7_B1,BAFCOG12_7_B1,RTPD,MCL,LMP_LOSS_PRC,BAFCOG12_7_B1,ALL,1,-4.36457,2,4
2022-09-01T07:30:00-00:00,2022-09-01T07:45:00-00:00,2022-09-01,01,BAFCOG12_7_B1,BAFCOG12_7_B1,BAFCOG12_7_B1,RTPD,MCL,LMP_LOSS_PRC,BAFCOG12_7_B1,ALL,1,0,3,4
2022-09-01T08:30:00-00:00,2022-09-01T08:45:00-00:00,2022-09-01,02,BAFCOG12_7_B1,BAFCOG12_7_B1,BAFCOG12_7_B1,RTPD,MCL,LMP_LOSS_PRC,BAFCOG12_7_B1,ALL,1,-2.23336,3,4
2022-09-01T09:30:00-00:00,2022-09-01T09:45:00-00:00,2022-09-01,03,BAFCOG12_7_B1,BAFCOG12_7_B1,BAFCOG12_7_B1,RTPD,MCL,LMP_LOSS_PRC,BAFCOG12_7_B1,ALL,1,-0.68714,3,4
2022-09-01T10:30:00-00:00,2022-09-01T10:45:00-00:00,2022-09-01,04,BAFCOG12_7_B1,BAFCOG12_7_B1,BAFCOG12_7_B1,RTPD,MCL,LMP_LOSS_PRC,BAFCOG12_7_B1,ALL,1,0.212,3,4
2022-09-01T11:30:00-00:00,2022-09-01T11:45:00-00:00,2022-09-01,05,BAFCOG12_7_B1,BAFCOG12_7_B1,BAFCOG12_7_B1,RTPD,MCL,LMP_LOSS_PRC,BAFCOG12_7_B1,ALL,1,-1.08215,3,4
2022-09-01T12:30:00-00:00,2022-09-01T12:45:00-00:00,2022-09-01,06,BAFCOG12_7_B1,BAFCOG12_7_B1,BAFCOG12_7_B1,RTPD,MCL,LMP_LOSS_PRC,BAFCOG12_7_B1,ALL,1,-2.57813,3,4
2022-09-01T13:30:00-00:00,2022-09-01T13:45:00-00:00,2022-09-01,07,BAFCOG12_7_B1,BAFCOG12_7_B1,BAFCOG12_7_B1,RTPD,MCL,LMP_LOSS_PRC,BAFCOG12_7_B1,ALL,1,-2.53151,3,4
2022-09-01T14:30:00-00:00,2022-09-01T14:45:00-00:00,2022-09-01,08,BAFCOG12_7_B1,BAFCOG12_7_B1,BAFCOG12_7_B1,RTPD,MCL,LMP_LOSS_PRC,BAFCOG12_7_B1,ALL,1,-1.80247,3,4
2022-09-01T15:30:00-00:00,2022-09-01T15:45:00-00:00,2022-09-01,09,BAFCOG12_7_B1,BAFCOG12_7_B1,BAFCOG12_7_B1,RTPD,MCL,LMP_LOSS_PRC,BAFCOG12_7_B1,ALL,1,0,3,4
2022-09-01T16:30:00-00:00,2022-09-01T16:45:00-00:00,2022-09-01,10,BAFCOG12_7_B1,BAFCOG12_7_B1,BAFCOG12_7_B1,RTPD,MCL,LMP_LOSS_PRC,BAFCOG12_7_B1,ALL,1,0,3,4
2022-09-01T17:30:00-00:00,2022-09-01T17:45:00-00:00,2022-09-01,11,BAFCOG12_7_B1,BAFCOG12_7_B1,BAFCOG12_7_B1,RTPD,MCL,LMP_LOSS_PRC,BAFCOG12_7_B1,ALL,1,0,3,4
2022-09-01T18:30:00-00:00,2022-09-01T18:45:00-00:00,2022-09-01,12,BAFCOG12_7_B1,BAFCOG12_7_B1,BAFCOG12_7_B1,RTPD,MCL,LMP_LOSS_PRC,BAFCOG12_7_B1,ALL,1,0,3,4
2022-09-01T19:30:00-00:00,2022-09-01T19:45:00-00:00,2022-09-01,13,BAFCOG12_7_B1,BAFCOG12_7_B1,BAFCOG12_7_B1,RTPD,MCL,LMP_LOSS_PRC,BAFCOG12_7_B1,ALL,1,0,3,4
2022-09-01T20:30:00-00:00,2022-09-01T20:45:00-00:00,2022-09-01,14,BAFCOG12_7_B1,BAFCOG12_7_B1,BAFCOG12_7_B1,RTPD,MCL,LMP_LOSS_PRC,BAFCOG12_7_B1,ALL,1,0,3,4
2022-09-01T21:30:00-00:00,2022-09-01T21:45:00-00:00,2022-09-01,15,BAFCOG12_7_B1,BAFCOG12_7_B1,BAFCOG12_7_B1,RTPD,MCL,LMP_LOSS_PRC,BAFCOG12_7_B1,ALL,1,0,3,4
2022-09-01T22:30:00-00:00,2022-09-01T22:45:00-00:00,2022-09-01,16,BAFCOG12_7_B1,BAFCOG12_7_B1,BAFCOG12_7_B1,RTPD,MCL,LMP_LOSS_PRC,BAFCOG12_7_B1,ALL,1,0,3,4
2022-09-01T23:30:00-00:00,2022-09-01T23:45:00-00:00,2022-09-01,17,BAFCOG12_7_B1,BAFCOG12_7_B1,BAFCOG12_7_B1,RTPD,MCL,LMP_LOSS_PRC,BAFCOG12_7_B1,ALL,1,0,3,4
2022-09-02T00:30:00-00:00,2022-09-02T00:45:00-00:00,2022-09-01,18,BAFCOG12_7_B1,BAFCOG12_7_B1,BAFCOG12_7_B1,RTPD,MCL,LMP_LOSS_PRC,BAFCOG12_7_B1,ALL,1,0,3,4
2022-09-02T01:30:00-00:00,2022-09-02T01:45:00-00:00,2022-09-01,19,BAFCOG12_7_B1,BAFCOG12_7_B1,BAFCOG12_7_B1,RTPD,MCL,LMP_LOSS_PRC,BAFCOG12_7_B1,ALL,1,0,3,4
2022-09-02T02:30:00-00:00,2022-09-02T02:45:00-00:00,2022-09-01,20,BAFCOG12_7_B1,BAFCOG12_7_B1,BAFCOG12_7_B1,RTPD,MCL,LMP_LOSS_PRC,BAFCOG12_7_B1,ALL,1,0,3,4
2022-09-02T03:30:00-00:00,2022-09-02T03:45:00-00:00,2022-09-01,21,BAFCOG12_7_B1,BAFCOG12_7_B1,BAFCOG12_7_B1,RTPD,MCL,LMP_LOSS_PRC,BAFCOG12_7_B1,ALL,1,-3.75103,3,4
2022-09-02T04:30:00-00:00,2022-09-02T04:45:00-00:00,2022-09-01,22,BAFCOG12_7_B1,BAFCOG12_7_B1,BAFCOG12_7_B1,RTPD,MCL,LMP_LOSS_PRC,BAFCOG12_7_B1,ALL,1,-7.66076,3,4
2022-09-02T05:30:00-00:00,2022-09-02T05:45:00-00:00,2022-09-01,23,BAFCOG12_7_B1,BAFCOG12_7_B1,BAFCOG12_7_B1,RTPD,MCL,LMP_LOSS_PRC,BAFCOG12_7_B1,ALL,1,-2.56813,3,4
2022-09-02T06:30:00-00:00,2022-09-02T06:45:00-00:00,2022-09-01,24,BAFCOG12_7_B1,BAFCOG12_7_B1,BAFCOG12_7_B1,RTPD,MCL,LMP_LOSS_PRC,BAFCOG12_7_B1,ALL,1,-3.23758,3,4
2022-09-01T07:45:00-00:00,2022-09-01T08:00:00-00:00,2022-09-01,01,BAFCOG12_7_B1,BAFCOG12_7_B1,BAFCOG12_7_B1,RTPD,MCL,LMP_LOSS_PRC,BAFCOG12_7_B1,ALL,1,0,4,4
2022-09-01T08:45:00-00:00,2022-09-01T09:00:00-00:00,2022-09-01,02,BAFCOG12_7_B1,BAFCOG12_7_B1,BAFCOG12_7_B1,RTPD,MCL,LMP_LOSS_PRC,BAFCOG12_7_B1,ALL,1,-1.08609,4,4
2022-09-01T09:45:00-00:00,2022-09-01T10:00:00-00:00,2022-09-01,03,BAFCOG12_7_B1,BAFCOG12_7_B1,BAFCOG12_7_B1,RTPD,MCL,LMP_LOSS_PRC,BAFCOG12_7_B1,ALL,1,-0.37052,4,4
2022-09-01T10:45:00-00:00,2022-09-01T11:00:00-00:00,2022-09-01,04,BAFCOG12_7_B1,BAFCOG12_7_B1,BAFCOG12_7_B1,RTPD,MCL,LMP_LOSS_PRC,BAFCOG12_7_B1,ALL,1,0.1705,4,4
2022-09-01T11:45:00-00:00,2022-09-01T12:00:00-00:00,2022-09-01,05,BAFCOG12_7_B1,BAFCOG12_7_B1,BAFCOG12_7_B1,RTPD,MCL,LMP_LOSS_PRC,BAFCOG12_7_B1,ALL,1,0,4,4
2022-09-01T12:45:00-00:00,2022-09-01T13:00:00-00:00,2022-09-01,06,BAFCOG12_7_B1,BAFCOG12_7_B1,BAFCOG12_7_B1,RTPD,MCL,LMP_LOSS_PRC,BAFCOG12_7_B1,ALL,1,0,4,4
2022-09-01T13:45:00-00:00,2022-09-01T14:00:00-00:00,2022-09-01,07,BAFCOG12_7_B1,BAFCOG12_7_B1,BAFCOG12_7_B1,RTPD,MCL,LMP_LOSS_PRC,BAFCOG12_7_B1,ALL,1,0,4,4
2022-09-01T14:45:00-00:00,2022-09-01T15:00:00-00:00,2022-09-01,08,BAFCOG12_7_B1,BAFCOG12_7_B1,BAFCOG12_7_B1,RTPD,MCL,LMP_LOSS_PRC,BAFCOG12_7_B1,ALL,1,0,4,4
2022-09-01T15:45:00-00:00,2022-09-01T16:00:00-00:00,2022-09-01,09,BAFCOG12_7_B1,BAFCOG12_7_B1,BAFCOG12_7_B1,RTPD,MCL,LMP_LOSS_PRC,BAFCOG12_7_B1,ALL,1,0,4,4
2022-09-01T16:45:00-00:00,2022-09-01T17:00:00-00:00,2022-09-01,10,BAFCOG12_7_B1,BAFCOG12_7_B1,BAFCOG12_7_B1,RTPD,MCL,LMP_LOSS_PRC,BAFCOG12_7_B1,ALL,1,0,4,4
2022-09-01T17:45:00-00:00,2022-09-01T18:00:00-00:00,2022-09-01,11,BAFCOG12_7_B1,BAFCOG12_7_B1,BAFCOG12_7_B1,RTPD,MCL,LMP_LOSS_PRC,BAFCOG12_7_B1,ALL,1,0,4,4
2022-09-01T18:45:00-00:00,2022-09-01T19:00:00-00:00,2022-09-01,12,BAFCOG12_7_B1,BAFCOG12_7_B1,BAFCOG12_7_B1,RTPD,MCL,LMP_LOSS_PRC,BAFCOG12_7_B1,ALL,1,0,4,4
2022-09-01T19:45:00-00:00,2022-09-01T20:00:00-00:00,2022-09-01,13,BAFCOG12_7_B1,BAFCOG12_7_B1,BAFCOG12_7_B1,RTPD,MCL,LMP_LOSS_PRC,BAFCOG12_7_B1,ALL,1,0,4,4
2022-09-01T20:45:00-00:00,2022-09-01T21:00:00-00:00,2022-09-01,14,BAFCOG12_7_B1,BAFCOG12_7_B1,BAFCOG12_7_B1,RTPD,MCL,LMP_LOSS_PRC,BAFCOG12_7_B1,ALL,1,0,4,4
2022-09-01T21:45:00-00:00,2022-09-01T22:00:00-00:00,2022-09-01,15,BAFCOG12_7_B1,BAFCOG12_7_B1,BAFCOG12_7_B1,RTPD,MCL,LMP_LOSS_PRC,BAFCOG12_7_B1,ALL,1,0,4,4
2022-09-01T22:45:00-00:00,2022-09-01T23:00:00-00:00,2022-09-01,16,BAFCOG12_7_B1,BAFCOG12_7_B1,BAFCOG12_7_B1,RTPD,MCL,LMP_LOSS_PRC,BAFCOG12_7_B1,ALL,1,0,4,4
2022-09-01T23:45:00-00:00,2022-09-02T00:00:00-00:00,2022-09-01,17,BAFCOG12_7_B1,BAFCOG12_7_B1,BAFCOG12_7_B1,RTPD,MCL,LMP_LOSS_PRC,BAFCOG12_7_B1,ALL,1,0,4,4
2022-09-02T00:45:00-00:00,2022-09-02T01:00:00-00:00,2022-09-01,18,BAFCOG12_7_B1,BAFCOG12_7_B1,BAFCOG12_7_B1,RTPD,MCL,LMP_LOSS_PRC,BAFCOG12_7_B1,ALL,1,0,4,4
2022-09-02T01:45:00-00:00,2022-09-02T02:00:00-00:00,2022-09-01,19,BAFCOG12_7_B1,BAFCOG12_7_B1,BAFCOG12_7_B1,RTPD,MCL,LMP_LOSS_PRC,BAFCOG12_7_B1,ALL,1,0,4,4
2022-09-02T02:45:00-00:00,2022-09-02T03:00:00-00:00,2022-09-01,20,BAFCOG12_7_B1,BAFCOG12_7_B1,BAFCOG12_7_B1,RTPD,MCL,LMP_LOSS_PRC,BAFCOG12_7_B1,ALL,1,-29.65911,4,4
2022-09-02T03:45:00-00:00,2022-09-02T04:00:00-00:00,2022-09-01,21,BAFCOG12_7_B1,BAFCOG12_7_B1,BAFCOG12_7_B1,RTPD,MCL,LMP_LOSS_PRC,BAFCOG12_7_B1,ALL,1,-3.48608,4,4
2022-09-02T04:45:00-00:00,2022-09-02T05:00:00-00:00,2022-09-01,22,BAFCOG12_7_B1,BAFCOG12_7_B1,BAFCOG12_7_B1,RTPD,MCL,LMP_LOSS_PRC,BAFCOG12_7_B1,ALL,1,-4.74096,4,4
2022-09-02T05:45:00-00:00,2022-09-02T06:00:00-00:00,2022-09-01,23,BAFCOG12_7_B1,BAFCOG12_7_B1,BAFCOG12_7_B1,RTPD,MCL,LMP_LOSS_PRC,BAFCOG12_7_B1,ALL,1,-2.30879,4,4
2022-09-02T06:45:00-00:00,2022-09-02T07:00:00-00:00,2022-09-01,24,BAFCOG12_7_B1,BAFCOG12_7_B1,BAFCOG12_7_B1,RTPD,MCL,LMP_LOSS_PRC,BAFCOG12_7_B1,ALL,1,-2.07486,4,4
2022-09-01T07:00:00-00:00,2022-09-01T07:15:00-00:00,2022-09-01,01,BAFCOG12_7_B1,BAFCOG12_7_B1,BAFCOG12_7_B1,RTPD,MGHG,LMP_GHG_PRC,BAFCOG12_7_B1,ALL,1,0,1,5
2022-09-01T08:00:00-00:00,2022-09-01T08:15:00-00:00,2022-09-01,02,BAFCOG12_7_B1,BAFCOG12_7_B1,BAFCOG12_7_B1,RTPD,MGHG,LMP_GHG_PRC,BAFCOG12_7_B1,ALL,1,0,1,5
2022-09-01T09:00:00-00:00,2022-09-01T09:15:00-00:00,2022-09-01,03,BAFCOG12_7_B1,BAFCOG12_7_B1,BAFCOG12_7_B1,RTPD,MGHG,LMP_GHG_PRC,BAFCOG12_7_B1,ALL,1,0,1,5
2022-09-01T10:00:00-00:00,2022-09-01T10:15:00-00:00,2022-09-01,04,BAFCOG12_7_B1,BAFCOG12_7_B1,BAFCOG12_7_B1,RTPD,MGHG,LMP_GHG_PRC,BAFCOG12_7_B1,ALL,1,0,1,5
2022-09-01T11:00:00-00:00,2022-09-01T11:15:00-00:00,2022-09-01,05,BAFCOG12_7_B1,BAFCOG12_7_B1,BAFCOG12_7_B1,RTPD,MGHG,LMP_GHG_PRC,BAFCOG12_7_B1,ALL,1,0,1,5
2022-09-01T12:00:00-00:00,2022-09-01T12:15:00-00:00,2022-09-01,06,BAFCOG12_7_B1,BAFCOG12_7_B1,BAFCOG12_7_B1,RTPD,MGHG,LMP_GHG_PRC,BAFCOG12_7_B1,ALL,1,0,1,5
2022-09-01T13:00:00-00:00,2022-09-01T13:15:00-00:00,2022-09-01,07,BAFCOG12_7_B1,BAFCOG12_7_B1,BAFCOG12_7_B1,RTPD,MGHG,LMP_GHG_PRC,BAFCOG12_7_B1,ALL,1,0,1,5
2022-09-01T14:00:00-00:00,2022-09-01T14:15:00-00:00,2022-09-01,08,BAFCOG12_7_B1,BAFCOG12_7_B1,BAFCOG12_7_B1,RTPD,MGHG,LMP_GHG_PRC,BAFCOG12_7_B1,ALL,1,0,1,5
2022-09-01T15:00:00-00:00,2022-09-01T15:15:00-00:00,2022-09-01,09,BAFCOG12_7_B1,BAFCOG12_7_B1,BAFCOG12_7_B1,RTPD,MGHG,LMP_GHG_PRC,BAFCOG12_7_B1,ALL,1,0,1,5
2022-09-01T16:00:00-00:00,2022-09-01T16:15:00-00:00,2022-09-01,10,BAFCOG12_7_B1,BAFCOG12_7_B1,BAFCOG12_7_B1,RTPD,MGHG,LMP_GHG_PRC,BAFCOG12_7_B1,ALL,1,0,1,5
2022-09-01T17:00:00-00:00,2022-09-01T17:15:00-00:00,2022-09-01,11,BAFCOG12_7_B1,BAFCOG12_7_B1,BAFCOG12_7_B1,RTPD,MGHG,LMP_GHG_PRC,BAFCOG12_7_B1,ALL,1,0,1,5
2022-09-01T18:00:00-00:00,2022-09-01T18:15:00-00:00,2022-09-01,12,BAFCOG12_7_B1,BAFCOG12_7_B1,BAFCOG12_7_B1,RTPD,MGHG,LMP_GHG_PRC,BAFCOG12_7_B1,ALL,1,0,1,5
2022-09-01T19:00:00-00:00,2022-09-01T19:15:00-00:00,2022-09-01,13,BAFCOG12_7_B1,BAFCOG12_7_B1,BAFCOG12_7_B1,RTPD,MGHG,LMP_GHG_PRC,BAFCOG12_7_B1,ALL,1,0,1,5
2022-09-01T20:00:00-00:00,2022-09-01T20:15:00-00:00,2022-09-01,14,BAFCOG12_7_B1,BAFCOG12_7_B1,BAFCOG12_7_B1,RTPD,MGHG,LMP_GHG_PRC,BAFCOG12_7_B1,ALL,1,0,1,5
2022-09-01T21:00:00-00:00,2022-09-01T21:15:00-00:00,2022-09-01,15,BAFCOG12_7_B1,BAFCOG12_7_B1,BAFCOG12_7_B1,RTPD,MGHG,LMP_GHG_PRC,BAFCOG12_7_B1,ALL,1,0,1,5
2022-09-01T22:00:00-00:00,2022-09-01T22:15:00-00:00,2022-09-01,16,BAFCOG12_7_B1,BAFCOG12_7_B1,BAFCOG12_7_B1,RTPD,MGHG,LMP_GHG_PRC,BAFCOG12_7_B1,ALL,1,0,1,5
2022-09-01T23:00:00-00:00,2022-09-01T23:15:00-00:00,2022-09-01,17,BAFCOG12_7_B1,BAFCOG12_7_B1,BAFCOG12_7_B1,RTPD,MGHG,LMP_GHG_PRC,BAFCOG12_7_B1,ALL,1,0,1,5
2022-09-02T00:00:00-00:00,2022-09-02T00:15:00-00:00,2022-09-01,18,BAFCOG12_7_B1,BAFCOG12_7_B1,BAFCOG12_7_B1,RTPD,MGHG,LMP_GHG_PRC,BAFCOG12_7_B1,ALL,1,0,1,5
2022-09-02T01:00:00-00:00,2022-09-02T01:15:00-00:00,2022-09-01,19,BAFCOG12_7_B1,BAFCOG12_7_B1,BAFCOG12_7_B1,RTPD,MGHG,LMP_GHG_PRC,BAFCOG12_7_B1,ALL,1,0,1,5
2022-09-02T02:00:00-00:00,2022-09-02T02:15:00-00:00,2022-09-01,20,BAFCOG12_7_B1,BAFCOG12_7_B1,BAFCOG12_7_B1,RTPD,MGHG,LMP_GHG_PRC,BAFCOG12_7_B1,ALL,1,0,1,5
2022-09-02T03:00:00-00:00,2022-09-02T03:15:00-00:00,2022-09-01,21,BAFCOG12_7_B1,BAFCOG12_7_B1,BAFCOG12_7_B1,RTPD,MGHG,LMP_GHG_PRC,BAFCOG12_7_B1,ALL,1,0,1,5
2022-09-02T04:00:00-00:00,2022-09-02T04:15:00-00:00,2022-09-01,22,BAFCOG12_7_B1,BAFCOG12_7_B1,BAFCOG12_7_B1,RTPD,MGHG,LMP_GHG_PRC,BAFCOG12_7_B1,ALL,1,0,1,5
2022-09-02T05:00:00-00:00,2022-09-02T05:15:00-00:00,2022-09-01,23,BAFCOG12_7_B1,BAFCOG12_7_B1,BAFCOG12_7_B1,RTPD,MGHG,LMP_GHG_PRC,BAFCOG12_7_B1,ALL,1,0,1,5
2022-09-02T06:00:00-00:00,2022-09-02T06:15:00-00:00,2022-09-01,24,BAFCOG12_7_B1,BAFCOG12_7_B1,BAFCOG12_7_B1,RTPD,MGHG,LMP_GHG_PRC,BAFCOG12_7_B1,ALL,1,0,1,5
2022-09-01T07:15:00-00:00,2022-09-01T07:30:00-00:00,2022-09-01,01,BAFCOG12_7_B1,BAFCOG12_7_B1,BAFCOG12_7_B1,RTPD,MGHG,LMP_GHG_PRC,BAFCOG12_7_B1,ALL,1,0,2,5
2022-09-01T08:15:00-00:00,2022-09-01T08:30:00-00:00,2022-09-01,02,BAFCOG12_7_B1,BAFCOG12_7_B1,BAFCOG12_7_B1,RTPD,MGHG,LMP_GHG_PRC,BAFCOG12_7_B1,ALL,1,0,2,5
2022-09-01T09:15:00-00:00,2022-09-01T09:30:00-00:00,2022-09-01,03,BAFCOG12_7_B1,BAFCOG12_7_B1,BAFCOG12_7_B1,RTPD,MGHG,LMP_GHG_PRC,BAFCOG12_7_B1,ALL,1,0,2,5
2022-09-01T10:15:00-00:00,2022-09-01T10:30:00-00:00,2022-09-01,04,BAFCOG12_7_B1,BAFCOG12_7_B1,BAFCOG12_7_B1,RTPD,MGHG,LMP_GHG_PRC,BAFCOG12_7_B1,ALL,1,0,2,5
2022-09-01T11:15:00-00:00,2022-09-01T11:30:00-00:00,2022-09-01,05,BAFCOG12_7_B1,BAFCOG12_7_B1,BAFCOG12_7_B1,RTPD,MGHG,LMP_GHG_PRC,BAFCOG12_7_B1,ALL,1,0,2,5
2022-09-01T12:15:00-00:00,2022-09-01T12:30:00-00:00,2022-09-01,06,BAFCOG12_7_B1,BAFCOG12_7_B1,BAFCOG12_7_B1,RTPD,MGHG,LMP_GHG_PRC,BAFCOG12_7_B1,ALL,1,0,2,5
2022-09-01T13:15:00-00:00,2022-09-01T13:30:00-00:00,2022-09-01,07,BAFCOG12_7_B1,BAFCOG12_7_B1,BAFCOG12_7_B1,RTPD,MGHG,LMP_GHG_PRC,BAFCOG12_7_B1,ALL,1,0,2,5
2022-09-01T14:15:00-00:00,2022-09-01T14:30:00-00:00,2022-09-01,08,BAFCOG12_7_B1,BAFCOG12_7_B1,BAFCOG12_7_B1,RTPD,MGHG,LMP_GHG_PRC,BAFCOG12_7_B1,ALL,1,0,2,5
2022-09-01T15:15:00-00:00,2022-09-01T15:30:00-00:00,2022-09-01,09,BAFCOG12_7_B1,BAFCOG12_7_B1,BAFCOG12_7_B1,RTPD,MGHG,LMP_GHG_PRC,BAFCOG12_7_B1,ALL,1,0,2,5
2022-09-01T16:15:00-00:00,2022-09-01T16:30:00-00:00,2022-09-01,10,BAFCOG12_7_B1,BAFCOG12_7_B1,BAFCOG12_7_B1,RTPD,MGHG,LMP_GHG_PRC,BAFCOG12_7_B1,ALL,1,0,2,5
2022-09-01T17:15:00-00:00,2022-09-01T17:30:00-00:00,2022-09-01,11,BAFCOG12_7_B1,BAFCOG12_7_B1,BAFCOG12_7_B1,RTPD,MGHG,LMP_GHG_PRC,BAFCOG12_7_B1,ALL,1,0,2,5
2022-09-01T18:15:00-00:00,2022-09-01T18:30:00-00:00,2022-09-01,12,BAFCOG12_7_B1,BAFCOG12_7_B1,BAFCOG12_7_B1,RTPD,MGHG,LMP_GHG_PRC,BAFCOG12_7_B1,ALL,1,0,2,5
2022-09-01T19:15:00-00:00,2022-09-01T19:30:00-00:00,2022-09-01,13,BAFCOG12_7_B1,BAFCOG12_7_B1,BAFCOG12_7_B1,RTPD,MGHG,LMP_GHG_PRC,BAFCOG12_7_B1,ALL,1,0,2,5
2022-09-01T20:15:00-00:00,2022-09-01T20:30:00-00:00,2022-09-01,14,BAFCOG12_7_B1,BAFCOG12_7_B1,BAFCOG12_7_B1,RTPD,MGHG,LMP_GHG_PRC,BAFCOG12_7_B1,ALL,1,0,2,5
2022-09-01T21:15:00-00:00,2022-09-01T21:30:00-00:00,2022-09-01,15,BAFCOG12_7_B1,BAFCOG12_7_B1,BAFCOG12_7_B1,RTPD,MGHG,LMP_GHG_PRC,BAFCOG12_7_B1,ALL,1,0,2,5
2022-09-01T22:15:00-00:00,2022-09-01T22:30:00-00:00,2022-09-01,16,BAFCOG12_7_B1,BAFCOG12_7_B1,BAFCOG12_7_B1,RTPD,MGHG,LMP_GHG_PRC,BAFCOG12_7_B1,ALL,1,0,2,5
2022-09-01T23:15:00-00:00,2022-09-01T23:30:00-00:00,2022-09-01,17,BAFCOG12_7_B1,BAFCOG12_7_B1,BAFCOG12_7_B1,RTPD,MGHG,LMP_GHG_PRC,BAFCOG12_7_B1,ALL,1,0,2,5
2022-09-02T00:15:00-00:00,2022-09-02T00:30:00-00:00,2022-09-01,18,BAFCOG12_7_B1,BAFCOG12_7_B1,BAFCOG12_7_B1,RTPD,MGHG,LMP_GHG_PRC,BAFCOG12_7_B1,ALL,1,0,2,5
2022-09-02T01:15:00-00:00,2022-09-02T01:30:00-00:00,2022-09-01,19,BAFCOG12_7_B1,BAFCOG12_7_B1,BAFCOG12_7_B1,RTPD,MGHG,LMP_GHG_PRC,BAFCOG12_7_B1,ALL,1,0,2,5
2022-09-02T02:15:00-00:00,2022-09-02T02:30:00-00:00,2022-09-01,20,BAFCOG12_7_B1,BAFCOG12_7_B1,BAFCOG12_7_B1,RTPD,MGHG,LMP_GHG_PRC,BAFCOG12_7_B1,ALL,1,0,2,5
2022-09-02T03:15:00-00:00,2022-09-02T03:30:00-00:00,2022-09-01,21,BAFCOG12_7_B1,BAFCOG12_7_B1,BAFCOG12_7_B1,RTPD,MGHG,LMP_GHG_PRC,BAFCOG12_7_B1,ALL,1,0,2,5
2022-09-02T04:15:00-00:00,2022-09-02T04:30:00-00:00,2022-09-01,22,BAFCOG12_7_B1,BAFCOG12_7_B1,BAFCOG12_7_B1,RTPD,MGHG,LMP_GHG_PRC,BAFCOG12_7_B1,ALL,1,0,2,5
2022-09-02T05:15:00-00:00,2022-09-02T05:30:00-00:00,2022-09-01,23,BAFCOG12_7_B1,BAFCOG12_7_B1,BAFCOG12_7_B1,RTPD,MGHG,LMP_GHG_PRC,BAFCOG12_7_B1,ALL,1,0,2,5
2022-09-02T06:15:00-00:00,2022-09-02T06:30:00-00:00,2022-09-01,24,BAFCOG12_7_B1,BAFCOG12_7_B1,BAFCOG12_7_B1,RTPD,MGHG,LMP_GHG_PRC,BAFCOG12_7_B1,ALL,1,0,2,5
2022-09-01T07:30:00-00:00,2022-09-01T07:45:00-00:00,2022-09-01,01,BAFCOG12_7_B1,BAFCOG12_7_B1,BAFCOG12_7_B1,RTPD,MGHG,LMP_GHG_PRC,BAFCOG12_7_B1,ALL,1,0,3,5
2022-09-01T08:30:00-00:00,2022-09-01T08:45:00-00:00,2022-09-01,02,BAFCOG12_7_B1,BAFCOG12_7_B1,BAFCOG12_7_B1,RTPD,MGHG,LMP_GHG_PRC,BAFCOG12_7_B1,ALL,1,0,3,5
2022-09-01T09:30:00-00:00,2022-09-01T09:45:00-00:00,2022-09-01,03,BAFCOG12_7_B1,BAFCOG12_7_B1,BAFCOG12_7_B1,RTPD,MGHG,LMP_GHG_PRC,BAFCOG12_7_B1,ALL,1,0,3,5
2022-09-01T10:30:00-00:00,2022-09-01T10:45:00-00:00,2022-09-01,04,BAFCOG12_7_B1,BAFCOG12_7_B1,BAFCOG12_7_B1,RTPD,MGHG,LMP_GHG_PRC,BAFCOG12_7_B1,ALL,1,0,3,5
2022-09-01T11:30:00-00:00,2022-09-01T11:45:00-00:00,2022-09-01,05,BAFCOG12_7_B1,BAFCOG12_7_B1,BAFCOG12_7_B1,RTPD,MGHG,LMP_GHG_PRC,BAFCOG12_7_B1,ALL,1,0,3,5
2022-09-01T12:30:00-00:00,2022-09-01T12:45:00-00:00,2022-09-01,06,BAFCOG12_7_B1,BAFCOG12_7_B1,BAFCOG12_7_B1,RTPD,MGHG,LMP_GHG_PRC,BAFCOG12_7_B1,ALL,1,0,3,5
2022-09-01T13:30:00-00:00,2022-09-01T13:45:00-00:00,2022-09-01,07,BAFCOG12_7_B1,BAFCOG12_7_B1,BAFCOG12_7_B1,RTPD,MGHG,LMP_GHG_PRC,BAFCOG12_7_B1,ALL,1,0,3,5
2022-09-01T14:30:00-00:00,2022-09-01T14:45:00-00:00,2022-09-01,08,BAFCOG12_7_B1,BAFCOG12_7_B1,BAFCOG12_7_B1,RTPD,MGHG,LMP_GHG_PRC,BAFCOG12_7_B1,ALL,1,0,3,5
2022-09-01T15:30:00-00:00,2022-09-01T15:45:00-00:00,2022-09-01,09,BAFCOG12_7_B1,BAFCOG12_7_B1,BAFCOG12_7_B1,RTPD,MGHG,LMP_GHG_PRC,BAFCOG12_7_B1,ALL,1,0,3,5
2022-09-01T16:30:00-00:00,2022-09-01T16:45:00-00:00,2022-09-01,10,BAFCOG12_7_B1,BAFCOG12_7_B1,BAFCOG12_7_B1,RTPD,MGHG,LMP_GHG_PRC,BAFCOG12_7_B1,ALL,1,0,3,5
2022-09-01T17:30:00-00:00,2022-09-01T17:45:00-00:00,2022-09-01,11,BAFCOG12_7_B1,BAFCOG12_7_B1,BAFCOG12_7_B1,RTPD,MGHG,LMP_GHG_PRC,BAFCOG12_7_B1,ALL,1,0,3,5
2022-09-01T18:30:00-00:00,2022-09-01T18:45:00-00:00,2022-09-01,12,BAFCOG12_7_B1,BAFCOG12_7_B1,BAFCOG12_7_B1,RTPD,MGHG,LMP_GHG_PRC,BAFCOG12_7_B1,ALL,1,0,3,5
2022-09-01T19:30:00-00:00,2022-09-01T19:45:00-00:00,2022-09-01,13,BAFCOG12_7_B1,BAFCOG12_7_B1,BAFCOG12_7_B1,RTPD,MGHG,LMP_GHG_PRC,BAFCOG12_7_B1,ALL,1,0,3,5
2022-09-01T20:30:00-00:00,2022-09-01T20:45:00-00:00,2022-09-01,14,BAFCOG12_7_B1,BAFCOG12_7_B1,BAFCOG12_7_B1,RTPD,MGHG,LMP_GHG_PRC,BAFCOG12_7_B1,ALL,1,0,3,5
2022-09-01T21:30:00-00:00,2022-09-01T21:45:00-00:00,2022-09-01,15,BAFCOG12_7_B1,BAFCOG12_7_B1,BAFCOG12_7_B1,RTPD,MGHG,LMP_GHG_PRC,BAFCOG12_7_B1,ALL,1,0,3,5
2022-09-01T22:30:00-00:00,2022-09-01T22:45:00-00:00,2022-09-01,16,BAFCOG12_7_B1,BAFCOG12_7_B1,BAFCOG12_7_B1,RTPD,MGHG,LMP_GHG_PRC,BAFCOG12_7_B1,ALL,1,0,3,5
2022-09-01T23:30:00-00:00,2022-09-01T23:45:00-00:00,2022-09-01,17,BAFCOG12_7_B1,BAFCOG12_7_B1,BAFCOG12_7_B1,RTPD,MGHG,LMP_GHG_PRC,BAFCOG12_7_B1,ALL,1,0,3,5
2022-09-02T00:30:00-00:00,2022-09-02T00:45:00-00:00,2022-09-01,18,BAFCOG12_7_B1,BAFCOG12_7_B1,BAFCOG12_7_B1,RTPD,MGHG,LMP_GHG_PRC,BAFCOG12_7_B1,ALL,1,0,3,5
2022-09-02T01:30:00-00:00,2022-09-02T01:45:00-00:00,2022-09-01,19,BAFCOG12_7_B1,BAFCOG12_7_B1,BAFCOG12_7_B1,RTPD,MGHG,LMP_GHG_PRC,BAFCOG12_7_B1,ALL,1,0,3,5
2022-09-02T02:30:00-00:00,2022-09-02T02:45:00-00:00,2022-09-01,20,BAFCOG12_7_B1,BAFCOG12_7_B1,BAFCOG12_7_B1,RTPD,MGHG,LMP_GHG_PRC,BAFCOG12_7_B1,ALL,1,0,3,5
2022-09-02T03:30:00-00:00,2022-09-02T03:45:00-00:00,2022-09-01,21,BAFCOG12_7_B1,BAFCOG12_7_B1,BAFCOG12_7_B1,RTPD,MGHG,LMP_GHG_PRC,BAFCOG12_7_B1,ALL,1,0,3,5
2022-09-02T04:30:00-00:00,2022-09-02T04:45:00-00:00,2022-09-01,22,BAFCOG12_7_B1,BAFCOG12_7_B1,BAFCOG12_7_B1,RTPD,MGHG,LMP_GHG_PRC,BAFCOG12_7_B1,ALL,1,0,3,5
2022-09-02T05:30:00-00:00,2022-09-02T05:45:00-00:00,2022-09-01,23,BAFCOG12_7_B1,BAFCOG12_7_B1,BAFCOG12_7_B1,RTPD,MGHG,LMP_GHG_PRC,BAFCOG12_7_B1,ALL,1,0,3,5
2022-09-02T06:30:00-00:00,2022-09-02T06:45:00-00:00,2022-09-01,24,BAFCOG12_7_B1,BAFCOG12_7_B1,BAFCOG12_7_B1,RTPD,MGHG,LMP_GHG_PRC,BAFCOG12_7_B1,ALL,1,0,3,5
2022-09-01T07:45:00-00:00,2022-09-01T08:00:00-00:00,2022-09-01,01,BAFCOG12_7_B1,BAFCOG12_7_B1,BAFCOG12_7_B1,RTPD,MGHG,LMP_GHG_PRC,BAFCOG12_7_B1,ALL,1,0,4,5
2022-09-01T08:45:00-00:00,2022-09-01T09:00:00-00:00,2022-09-01,02,BAFCOG12_7_B1,BAFCOG12_7_B1,BAFCOG12_7_B1,RTPD,MGHG,LMP_GHG_PRC,BAFCOG12_7_B1,ALL,1,0,4,5
2022-09-01T09:45:00-00:00,2022-09-01T10:00:00-00:00,2022-09-01,03,BAFCOG12_7_B1,BAFCOG12_7_B1,BAFCOG12_7_B1,RTPD,MGHG,LMP_GHG_PRC,BAFCOG12_7_B1,ALL,1,0,4,5
2022-09-01T10:45:00-00:00,2022-09-01T11:00:00-00:00,2022-09-01,04,BAFCOG12_7_B1,BAFCOG12_7_B1,BAFCOG12_7_B1,RTPD,MGHG,LMP_GHG_PRC,BAFCOG12_7_B1,ALL,1,0,4,5
2022-09-01T11:45:00-00:00,2022-09-01T12:00:00-00:00,2022-09-01,05,BAFCOG12_7_B1,BAFCOG12_7_B1,BAFCOG12_7_B1,RTPD,MGHG,LMP_GHG_PRC,BAFCOG12_7_B1,ALL,1,0,4,5
2022-09-01T12:45:00-00:00,2022-09-01T13:00:00-00:00,2022-09-01,06,BAFCOG12_7_B1,BAFCOG12_7_B1,BAFCOG12_7_B1,RTPD,MGHG,LMP_GHG_PRC,BAFCOG12_7_B1,ALL,1,0,4,5
2022-09-01T13:45:00-00:00,2022-09-01T14:00:00-00:00,2022-09-01,07,BAFCOG12_7_B1,BAFCOG12_7_B1,BAFCOG12_7_B1,RTPD,MGHG,LMP_GHG_PRC,BAFCOG12_7_B1,ALL,1,0,4,5
2022-09-01T14:45:00-00:00,2022-09-01T15:00:00-00:00,2022-09-01,08,BAFCOG12_7_B1,BAFCOG12_7_B1,BAFCOG12_7_B1,RTPD,MGHG,LMP_GHG_PRC,BAFCOG12_7_B1,ALL,1,0,4,5
2022-09-01T15:45:00-00:00,2022-09-01T16:00:00-00:00,2022-09-01,09,BAFCOG12_7_B1,BAFCOG12_7_B1,BAFCOG12_7_B1,RTPD,MGHG,LMP_GHG_PRC,BAFCOG12_7_B1,ALL,1,0,4,5
2022-09-01T16:45:00-00:00,2022-09-01T17:00:00-00:00,2022-09-01,10,BAFCOG12_7_B1,BAFCOG12_7_B1,BAFCOG12_7_B1,RTPD,MGHG,LMP_GHG_PRC,BAFCOG12_7_B1,ALL,1,0,4,5
2022-09-01T17:45:00-00:00,2022-09-01T18:00:00-00:00,2022-09-01,11,BAFCOG12_7_B1,BAFCOG12_7_B1,BAFCOG12_7_B1,RTPD,MGHG,LMP_GHG_PRC,BAFCOG12_7_B1,ALL,1,0,4,5
2022-09-01T18:45:00-00:00,2022-09-01T19:00:00-00:00,2022-09-01,12,BAFCOG12_7_B1,BAFCOG12_7_B1,BAFCOG12_7_B1,RTPD,MGHG,LMP_GHG_PRC,BAFCOG12_7_B1,ALL,1,0,4,5
2022-09-01T19:45:00-00:00,2022-09-01T20:00:00-00:00,2022-09-01,13,BAFCOG12_7_B1,BAFCOG12_7_B1,BAFCOG12_7_B1,RTPD,MGHG,LMP_GHG_PRC,BAFCOG12_7_B1,ALL,1,0,4,5
2022-09-01T20:45:00-00:00,2022-09-01T21:00:00-00:00,2022-09-01,14,BAFCOG12_7_B1,BAFCOG12_7_B1,BAFCOG12_7_B1,RTPD,MGHG,LMP_GHG_PRC,BAFCOG12_7_B1,ALL,1,0,4,5
2022-09-01T21:45:00-00:00,2022-09-01T22:00:00-00:00,2022-09-01,15,BAFCOG12_7_B1,BAFCOG12_7_B1,BAFCOG12_7_B1,RTPD,MGHG,LMP_GHG_PRC,BAFCOG12_7_B1,ALL,1,0,4,5
2022-09-01T22:45:00-00:00,2022-09-01T23:00:00-00:00,2022-09-01,16,BAFCOG12_7_B1,BAFCOG12_7_B1,BAFCOG12_7_B1,RTPD,MGHG,LMP_GHG_PRC,BAFCOG12_7_B1,ALL,1,0,4,5
2022-09-01T23:45:00-00:00,2022-09-02T00:00:00-00:00,2022-09-01,17,BAFCOG12_7_B1,BAFCOG12_7_B1,BAFCOG12_7_B1,RTPD,MGHG,LMP_GHG_PRC,BAFCOG12_7_B1,ALL,1,0,4,5
2022-09-02T00:45:00-00:00,2022-09-02T01:00:00-00:00,2022-09-01,18,BAFCOG12_7_B1,BAFCOG12_7_B1,BAFCOG12_7_B1,RTPD,MGHG,LMP_GHG_PRC,BAFCOG12_7_B1,ALL,1,0,4,5
2022-09-02T01:45:00-00:00,2022-09-02T02:00:00-00:00,2022-09-01,19,BAFCOG12_7_B1,BAFCOG12_7_B1,BAFCOG12_7_B1,RTPD,MGHG,LMP_GHG_PRC,BAFCOG12_7_B1,ALL,1,0,4,5
2022-09-02T02:45:00-00:00,2022-09-02T03:00:00-00:00,2022-09-01,20,BAFCOG12_7_B1,BAFCOG12_7_B1,BAFCOG12_7_B1,RTPD,MGHG,LMP_GHG_PRC,BAFCOG12_7_B1,ALL,1,0,4,5
2022-09-02T03:45:00-00:00,2022-09-02T04:00:00-00:00,2022-09-01,21,BAFCOG12_7_B1,BAFCOG12_7_B1,BAFCOG12_7_B1,RTPD,MGHG,LMP_GHG_PRC,BAFCOG12_7_B1,ALL,1,0,4,5
2022-09-02T04:45:00-00:00,2022-09-02T05:00:00-00:00,2022-09-01,22,BAFCOG12_7_B1,BAFCOG12_7_B1,BAFCOG12_7_B1,RTPD,MGHG,LMP_GHG_PRC,BAFCOG12_7_B1,ALL,1,0,4,5
2022-09-02T05:45:00-00:00,2022-09-02T06:00:00-00:00,2022-09-01,23,BAFCOG12_7_B1,BAFCOG12_7_B1,BAFCOG12_7_B1,RTPD,MGHG,LMP_GHG_PRC,BAFCOG12_7_B1,ALL,1,0,4,5
2022-09-02T06:45:00-00:00,2022-09-02T07:00:00-00:00,2022-09-01,24,BAFCOG12_7_B1,BAFCOG12_7_B1,BAFCOG12_7_B1,RTPD,MGHG,LMP_GHG_PRC,BAFCOG12_7_B1,ALL,1,0,4,5
