INTERVALSTARTTIME_GMT,INTERVALENDTIME_GMT,OPR_DT,OPR_HR,NODE_ID_XML,NODE_ID,NODE,MARKET_RUN_ID,LMP_TYPE,XML_DATA_ITEM,PNODE_RESMRID,GRP_TYPE,POS,PRC,OPR_INTERVAL,GROUP
2022-09-01T07:00:00-00:00,2022-09-01T07:15:00-00:00,2022-09-01,01,STDDRD_LNODEWZO,STDDRD_LNODEWZO,STDDRD_LNODEWZO,RTPD,LMP,LMP_PRC,STDDRD_LNODEWZO,ALL,1,88.60742,1,1
2022-09-01T08:00:00-00:00,2022-09-01T08:15:00-00:00,2022-09-01,02,STDDRD_LNODEWZO,STDDRD_LNODEWZO,STDDRD_LNODEWZO,RTPD,LMP,LMP_PRC,STDDRD_LNODEWZO,ALL,1,112.06622,1,1
2022-09-01T09:00:00-00:00,2022-09-01T09:15:00-00:00,2022-09-01,03,STDDRD_LNODEWZO,STDDRD_LNODEWZO,STDDRD_LNODEWZO,RTPD,LMP,LMP_PRC,STDDRD_LNODEWZO,ALL,1,99.39229,1,1
2022-09-01T10:00:00-00:00,2022-09-01T10:15:00-00:00,2022-09-01,04,STDDRD_LNODEWZO,STDDRD_LNODEWZO,STDDRD_LNODEWZO,RTPD,LMP,LMP_PRC,STDDRD_LNODEWZO,ALL,1,98.91697,1,1
2022-09-01T11:00:00-00:00,2022-09-01T11:15:00-00:00,2022-09-01,05,STDDRD_LNODEWZO,STDDRD_LNODEWZO,STDDRD_LNODEWZO,RTPD,LMP,LMP_PRC,STDDRD_LNODEWZO,ALL,1,107.24697,1,1
2022-09-01T12:00:00-00:00,2022-09-01T12:15:00-00:00,2022-09-01,06,STDDRD_LNODEWZO,STDDRD_LNODEWZO,STDDRD_LNODEWZO,RTPD,LMP,LMP_PRC,STDDRD_LNODEWZO,ALL,1,90.56473,1,1
2022-09-01T13:00:00-00:00,2022-09-01T13:15:00-00:00,2022-09-01,07,STDDRD_LNODEWZO,STDDRD_LNODEWZO,STDDRD_LNODEWZO,RTPD,LMP,LMP_PRC,STDDRD_LNODEWZO,ALL,1,88.04115,1,1
2022-09-01T14:00:00-00:00,2022-09-01T14:15:00-00:00,2022-09-01,08,STDDRD_LNODEWZO,STDDRD_LNODEWZO,STDDRD_LNODEWZO,RTPD,LMP,LMP_PRC,STDDRD_LNODEWZO,ALL,1,116.17765,1,1
2022-09-01T15:00:00-00:00,2022-09-01T15:15:00-00:00,2022-09-01,09,STDDRD_LNODEWZO,STDDRD_LNODEWZO,STDDRD_LNODEWZO,RTPD,LMP,LMP_PRC,STDDRD_LNODEWZO,ALL,1,97.4124,1,1
2022-09-01T16:00:00-00:00,2022-09-01T16:15:00-00:00,2022-09-01,10,STDDRD_LNODEWZO,STDDRD_LNODEWZO,STDDRD_LNODEWZO,RTPD,LMP,LMP_PRC,STDDRD_LNODEWZO,ALL,1,83.43645,1,1
2022-09-01T17:00:00-00:00,2022-09-01T17:15:00-00:00,2022-09-01,11,STDDRD_LNODEWZO,STDDRD_LNODEWZO,STDDRD_LNODEWZO,RTPD,LMP,LMP_PRC,STDDRD_LNODEWZO,ALL,1,79.67434,1,1
2022-09-01T18:00:00-00:00,2022-09-01T18:15:00-00:00,2022-09-01,12,STDDRD_LNODEWZO,STDDRD_LNODEWZO,STDDRD_LNODEWZO,RTPD,LMP,LMP_PRC,STDDRD_LNODEWZO,ALL,1,58.07681,1,1
2022-09-01T19:00:00-00:00,2022-09-01T19:15:00-00:00,2022-09-01,13,STDDRD_LNODEWZO,STDDRD_LNODEWZO,STDDRD_LNODEWZO,RTPD,LMP,LMP_PRC,STDDRD_LNODEWZO,ALL,1,72.21078,1,1
2022-09-01T20:00:00-00:00,2022-09-01T20:15:00-00:00,2022-09-01,14,STDDRD_LNODEWZO,STDDRD_LNODEWZO,STDDRD_LNODEWZO,RTPD,LMP,LMP_PRC,STDDRD_LNODEWZO,ALL,1,114.30831,1,1
2022-09-01T21:00:00-00:00,2022-09-01T21:15:00-00:00,2022-09-01,15,STDDRD_LNODEWZO,STDDRD_LNODEWZO,STDDRD_LNODEWZO,RTPD,LMP,LMP_PRC,STDDRD_LNODEWZO,ALL,1,124.88442,1,1
2022-09-01T22:00:00-00:00,2022-09-01T22:15:00-00:00,2022-09-01,16,STDDRD_LNODEWZO,STDDRD_LNODEWZO,STDDRD_LNODEWZO,RTPD,LMP,LMP_PRC,STDDRD_LNODEWZO,ALL,1,119.01,1,1
2022-09-01T23:00:00-00:00,2022-09-01T23:15:00-00:00,2022-09-01,17,STDDRD_LNODEWZO,STDDRD_LNODEWZO,STDDRD_LNODEWZO,RTPD,LMP,LMP_PRC,STDDRD_LNODEWZO,ALL,1,212.57053,1,1
2022-09-02T00:00:00-00:00,2022-09-02T00:15:00-00:00,2022-09-01,18,STDDRD_LNODEWZO,STDDRD_LNODEWZO,STDDRD_LNODEWZO,RTPD,LMP,LMP_PRC,STDDRD_LNODEWZO,ALL,1,1136.9666,1,1
2022-09-02T01:00:00-00:00,2022-09-02T01:15:00-00:00,2022-09-01,19,STDDRD_LNODEWZO,STDDRD_LNODEWZO,STDDRD_LNODEWZO,RTPD,LMP,LMP_PRC,STDDRD_LNODEWZO,ALL,1,1238.5543,1,1
2022-09-02T02:00:00-00:00,2022-09-02T02:15:00-00:00,2022-09-01,20,STDDRD_LNODEWZO,STDDRD_LNODEWZO,STDDRD_LNODEWZO,RTPD,LMP,LMP_PRC,STDDRD_LNODEWZO,ALL,1,1991.671,1,1
2022-09-02T03:00:00-00:00,2022-09-02T03:15:00-00:00,2022-09-01,21,STDDRD_LNODEWZO,STDDRD_LNODEWZO,STDDRD_LNODEWZO,RTPD,LMP,LMP_PRC,STDDRD_LNODEWZO,ALL,1,1372.3212,1,1
2022-09-02T04:00:00-00:00,2022-09-02T04:15:00-00:00,2022-09-01,22,STDDRD_LNODEWZO,STDDRD_LNODEWZO,STDDRD_LNODEWZO,RTPD,LMP,LMP_PRC,STDDRD_LNODEWZO,ALL,1,527.5994,1,1
2022-09-02T05:00:00-00:00,2022-09-02T05:15:00-00:00,2022-09-01,23,STDDRD_LNODEWZO,STDDRD_LNODEWZO,STDDRD_LNODEWZO,RTPD,LMP,LMP_PRC,STDDRD_LNODEWZO,ALL,1,192.15363,1,1
2022-09-02T06:00:00-00:00,2022-09-02T06:15:00-00:00,2022-09-01,24,STDDRD_LNODEWZO,STDDRD_LNODEWZO,STDDRD_LNODEWZO,RTPD,LMP,LMP_PRC,STDDRD_LNODEWZO,ALL,1,200.8526,1,1
2022-09-01T07:15:00-00:00,2022-09-01T07:30:00-00:00,2022-09-01,01,STDDRD_LNODEWZO,STDDRD_LNODEWZO,STDDRD_LNODEWZO,RTPD,LMP,LMP_PRC,STDDRD_LNODEWZO,ALL,1,115.1347,2,1
2022-09-01T08:15:00-00:00,2022-09-01T08:30:00-00:00,2022-09-01,02,STDDRD_LNODEWZO,STDDRD_LNODEWZO,STDDRD_LNODEWZO,RTPD,LMP,LMP_PRC,STDDRD_LNODEWZO,ALL,1,114.58194,2,1
2022-09-01T09:15:00-00:00,2022-09-01T09:30:00-00:00,2022-09-01,03,STDDRD_LNODEWZO,STDDRD_LNODEWZO,STDDRD_LNODEWZO,RTPD,LMP,LMP_PRC,STDDRD_LNODEWZO,ALL,1,96.38375,2,1
2022-09-01T10:15:00-00:00,2022-09-01T10:30:00-00:00,2022-09-01,04,STDDRD_LNODEWZO,STDDRD_LNODEWZO,STDDRD_LNODEWZO,RTPD,LMP,LMP_PRC,STDDRD_LNODEWZO,ALL,1,95.5887,2,1
2022-09-01T11:15:00-00:00,2022-09-01T11:30:00-00:00,2022-09-01,05,STDDRD_LNODEWZO,STDDRD_LNODEWZO,STDDRD_LNODEWZO,RTPD,LMP,LMP_PRC,STDDRD_LNODEWZO,ALL,1,107.79278,2,1
2022-09-01T12:15:00-00:00,2022-09-01T12:30:00-00:00,2022-09-01,06,STDDRD_LNODEWZO,STDDRD_LNODEWZO,STDDRD_LNODEWZO,RTPD,LMP,LMP_PRC,STDDRD_LNODEWZO,ALL,1,107.7138,2,1
2022-09-01T13:15:00-00:00,2022-09-01T13:30:00-00:00,2022-09-01,07,STDDRD_LNODEWZO,STDDRD_LNODEWZO,STDDRD_LNODEWZO,RTPD,LMP,LMP_PRC,STDDRD_LNODEWZO,ALL,1,115.00284,2,1
2022-09-01T14:15:00-00:00,2022-09-01T14:30:00-00:00,2022-09-01,08,STDDRD_LNODEWZO,STDDRD_LNODEWZO,STDDRD_LNODEWZO,RTPD,LMP,LMP_PRC,STDDRD_LNODEWZO,ALL,1,109.26061,2,1
2022-09-01T15:15:00-00:00,2022-09-01T15:30:00-00:00,2022-09-01,09,STDDRD_LNODEWZO,STDDRD_LNODEWZO,STDDRD_LNODEWZO,RTPD,LMP,LMP_PRC,STDDRD_LNODEWZO,ALL,1,86.94,2,1
2022-09-01T16:15:00-00:00,2022-09-01T16:30:00-00:00,2022-09-01,10,STDDRD_LNODEWZO,STDDRD_LNODEWZO,STDDRD_LNODEWZO,RTPD,LMP,LMP_PRC,STDDRD_LNODEWZO,ALL,1,87.75664,2,1
2022-09-01T17:15:00-00:00,2022-09-01T17:30:00-00:00,2022-09-01,11,STDDRD_LNODEWZO,STDDRD_LNODEWZO,STDDRD_LNODEWZO,RTPD,LMP,LMP_PRC,STDDRD_LNODEWZO,ALL,1,78.31106,2,1
2022-09-01T18:15:00-00:00,2022-09-01T18:30:00-00:00,2022-09-01,12,STDDRD_LNODEWZO,STDDRD_LNODEWZO,STDDRD_LNODEWZO,RTPD,LMP,LMP_PRC,STDDRD_LNODEWZO,ALL,1,73.72627,2,1
2022-09-01T19:15:00-00:00,2022-09-01T19:30:00-00:00,2022-09-01,13,STDDRD_LNODEWZO,STDDRD_LNODEWZO,STDDRD_LNODEWZO,RTPD,LMP,LMP_PRC,STDDRD_LNODEWZO,ALL,1,74.69406,2,1
2022-09-01T20:15:00-00:00,2022-09-01T20:30:00-00:00,2022-09-01,14,STDDRD_LNODEWZO,STDDRD_LNODEWZO,STDDRD_LNODEWZO,RTPD,LMP,LMP_PRC,STDDRD_LNODEWZO,ALL,1,114.25411,2,1
2022-09-01T21:15:00-00:00,2022-09-01T21:30:00-00:00,2022-09-01,15,STDDRD_LNODEWZO,STDDRD_LNODEWZO,STDDRD_LNODEWZO,RTPD,LMP,LMP_PRC,STDDRD_LNODEWZO,ALL,1,119.71946,2,1
2022-09-01T22:15:00-00:00,2022-09-01T22:30:00-00:00,2022-09-01,16,STDDRD_LNODEWZO,STDDRD_LNODEWZO,STDDRD_LNODEWZO,RTPD,LMP,LMP_PRC,STDDRD_LNODEWZO,ALL,1,135.72304,2,1
2022-09-01T23:15:00-00:00,2022-09-01T23:30:00-00:00,2022-09-01,17,STDDRD_LNODEWZO,STDDRD_LNODEWZO,STDDRD_LNODEWZO,RTPD,LMP,LMP_PRC,STDDRD_LNODEWZO,ALL,1,260.57327,2,1
2022-09-02T00:15:00-00:00,2022-09-02T00:30:00-00:00,2022-09-01,18,STDDRD_LNODEWZO,STDDRD_LNODEWZO,STDDRD_LNODEWZO,RTPD,LMP,LMP_PRC,STDDRD_LNODEWZO,ALL,1,1045.0721,2,1
2022-09-02T01:15:00-00:00,2022-09-02T01:30:00-00:00,2022-09-01,19,STDDRD_LNODEWZO,STDDRD_LNODEWZO,STDDRD_LNODEWZO,RTPD,LMP,LMP_PRC,STDDRD_LNODEWZO,ALL,1,1999.9945,2,1
2022-09-02T02:15:00-00:00,2022-09-02T02:30:00-00:00,2022-09-01,20,STDDRD_LNODEWZO,STDDRD_LNODEWZO,STDDRD_LNODEWZO,RTPD,LMP,LMP_PRC,STDDRD_LNODEWZO,ALL,1,1991.671,2,1
2022-09-02T03:15:00-00:00,2022-09-02T03:30:00-00:00,2022-09-01,21,STDDRD_LNODEWZO,STDDRD_LNODEWZO,STDDRD_LNODEWZO,RTPD,LMP,LMP_PRC,STDDRD_LNODEWZO,ALL,1,564.4036,2,1
2022-09-02T04:15:00-00:00,2022-09-02T04:30:00-00:00,2022-09-01,22,STDDRD_LNODEWZO,STDDRD_LNODEWZO,STDDRD_LNODEWZO,RTPD,LMP,LMP_PRC,STDDRD_LNODEWZO,ALL,1,468.47498,2,1
2022-09-02T05:15:00-00:00,2022-09-02T05:30:00-00:00,2022-09-01,23,STDDRD_LNODEWZO,STDDRD_LNODEWZO,STDDRD_LNODEWZO,RTPD,LMP,LMP_PRC,STDDRD_LNODEWZO,ALL,1,164.74142,2,1
2022-09-02T06:15:00-00:00,2022-09-02T06:30:00-00:00,2022-09-01,24,STDDRD_LNODEWZO,STDDRD_LNODEWZO,STDDRD_LNODEWZO,RTPD,LMP,LMP_PRC,STDDRD_LNODEWZO,ALL,1,147.42337,2,1
2022-09-01T07:30:00-00:00,2022-09-01T07:45:00-00:00,2022-09-01,01,STDDRD_LNODEWZO,STDDRD_LNODEWZO,STDDRD_LNODEWZO,RTPD,LMP,LMP_PRC,STDDRD_LNODEWZO,ALL,1,102.19131,3,1
2022-09-01T08:30:00-00:00,2022-09-01T08:45:00-00:00,2022-09-01,02,STDDRD_LNODEWZO,STDDRD_LNODEWZO,STDDRD_LNODEWZO,RTPD,LMP,LMP_PRC,STDDRD_LNODEWZO,ALL,1,115.62392,3,1
2022-09-01T09:30:00-00:00,2022-09-01T09:45:00-00:00,2022-09-01,03,STDDRD_LNODEWZO,STDDRD_LNODEWZO,STDDRD_LNODEWZO,RTPD,LMP,LMP_PRC,STDDRD_LNODEWZO,ALL,1,96.15037,3,1
2022-09-01T10:30:00-00:00,2022-09-01T10:45:00-00:00,2022-09-01,04,STDDRD_LNODEWZO,STDDRD_LNODEWZO,STDDRD_LNODEWZO,RTPD,LMP,LMP_PRC,STDDRD_LNODEWZO,ALL,1,97.39444,3,1
2022-09-01T11:30:00-00:00,2022-09-01T11:45:00-00:00,2022-09-01,05,STDDRD_LNODEWZO,STDDRD_LNODEWZO,STDDRD_LNODEWZO,RTPD,LMP,LMP_PRC,STDDRD_LNODEWZO,ALL,1,107.86592,3,1
2022-09-01T12:30:00-00:00,2022-09-01T12:45:00-00:00,2022-09-01,06,STDDRD_LNODEWZO,STDDRD_LNODEWZO,STDDRD_LNODEWZO,RTPD,LMP,LMP_PRC,STDDRD_LNODEWZO,ALL,1,107.23753,3,1
2022-09-01T13:30:00-00:00,2022-09-01T13:45:00-00:00,2022-09-01,07,STDDRD_LNODEWZO,STDDRD_LNODEWZO,STDDRD_LNODEWZO,RTPD,LMP,LMP_PRC,STDDRD_LNODEWZO,ALL,1,116.32552,3,1
2022-09-01T14:30:00-00:00,2022-09-01T14:45:00-00:00,2022-09-01,08,STDDRD_LNODEWZO,STDDRD_LNODEWZO,STDDRD_LNODEWZO,RTPD,LMP,LMP_PRC,STDDRD_LNODEWZO,ALL,1,106.16099,3,1
2022-09-01T15:30:00-00:00,2022-09-01T15:45:00-00:00,2022-09-01,09,STDDRD_LNODEWZO,STDDRD_LNODEWZO,STDDRD_LNODEWZO,RTPD,LMP,LMP_PRC,STDDRD_LNODEWZO,ALL,1,86.14,3,1
2022-09-01T16:30:00-00:00,2022-09-01T16:45:00-00:00,2022-09-01,10,STDDRD_LNODEWZO,STDDRD_LNODEWZO,STDDRD_LNODEWZO,RTPD,LMP,LMP_PRC,STDDRD_LNODEWZO,ALL,1,74.6233,3,1
2022-09-01T17:30:00-00:00,2022-09-01T17:45:00-00:00,2022-09-01,11,STDDRD_LNODEWZO,STDDRD_LNODEWZO,STDDRD_LNODEWZO,RTPD,LMP,LMP_PRC,STDDRD_LNODEWZO,ALL,1,78.0209,3,1
2022-09-01T18:30:00-00:00,2022-09-01T18:45:00-00:00,2022-09-01,12,STDDRD_LNODEWZO,STDDRD_LNODEWZO,STDDRD_LNODEWZO,RTPD,LMP,LMP_PRC,STDDRD_LNODEWZO,ALL,1,78.6012,3,1
2022-09-01T19:30:00-00:00,2022-09-01T19:45:00-00:00,2022-09-01,13,STDDRD_LNODEWZO,STDDRD_LNODEWZO,STDDRD_LNODEWZO,RTPD,LMP,LMP_PRC,STDDRD_LNODEWZO,ALL,1,100.93927,3,1
2022-09-01T20:30:00-00:00,2022-09-01T20:45:00-00:00,2022-09-01,14,STDDRD_LNODEWZO,STDDRD_LNODEWZO,STDDRD_LNODEWZO,RTPD,LMP,LMP_PRC,STDDRD_LNODEWZO,ALL,1,116.73923,3,1
2022-09-01T21:30:00-00:00,2022-09-01T21:45:00-00:00,2022-09-01,15,STDDRD_LNODEWZO,STDDRD_LNODEWZO,STDDRD_LNODEWZO,RTPD,LMP,LMP_PRC,STDDRD_LNODEWZO,ALL,1,127.67485,3,1
2022-09-01T22:30:00-00:00,2022-09-01T22:45:00-00:00,2022-09-01,16,STDDRD_LNODEWZO,STDDRD_LNODEWZO,STDDRD_LNODEWZO,RTPD,LMP,LMP_PRC,STDDRD_LNODEWZO,ALL,1,153.7265,3,1
2022-09-01T23:30:00-00:00,2022-09-01T23:45:00-00:00,2022-09-01,17,STDDRD_LNODEWZO,STDDRD_LNODEWZO,STDDRD_LNODEWZO,RTPD,LMP,LMP_PRC,STDDRD_LNODEWZO,ALL,1,566.4828,3,1
2022-09-02T00:30:00-00:00,2022-09-02T00:45:00-00:00,2022-09-01,18,STDDRD_LNODEWZO,STDDRD_LNODEWZO,STDDRD_LNODEWZO,RTPD,LMP,LMP_PRC,STDDRD_LNODEWZO,ALL,1,1778.8517,3,1
2022-09-02T01:30:00-00:00,2022-09-02T01:45:00-00:00,2022-09-01,19,STDDRD_LNODEWZO,STDDRD_LNODEWZO,STDDRD_LNODEWZO,RTPD,LMP,LMP_PRC,STDDRD_LNODEWZO,ALL,1,1999.9944,3,1
2022-09-02T02:30:00-00:00,2022-09-02T02:45:00-00:00,2022-09-01,20,STDDRD_LNODEWZO,STDDRD_LNODEWZO,STDDRD_LNODEWZO,RTPD,LMP,LMP_PRC,STDDRD_LNODEWZO,ALL,1,1991.6698,3,1
2022-09-02T03:30:00-00:00,2022-09-02T03:45:00-00:00,2022-09-01,21,STDDRD_LNODEWZO,STDDRD_LNODEWZO,STDDRD_LNODEWZO,RTPD,LMP,LMP_PRC,STDDRD_LNODEWZO,ALL,1,228.54787,3,1
2022-09-02T04:30:00-00:00,2022-09-02T04:45:00-00:00,2022-09-01,22,STDDRD_LNODEWZO,STDDRD_LNODEWZO,STDDRD_LNODEWZO,RTPD,LMP,LMP_PRC,STDDRD_LNODEWZO,ALL,1,312.6843,3,1
2022-09-02T05:30:00-00:00,2022-09-02T05:45:00-00:00,2022-09-01,23,STDDRD_LNODEWZO,STDDRD_LNODEWZO,STDDRD_LNODEWZO,RTPD,LMP,LMP_PRC,STDDRD_LNODEWZO,ALL,1,138.0615,3,1
2022-09-02T06:30:00-00:00,2022-09-02T06:45:00-00:00,2022-09-01,24,STDDRD_LNODEWZO,STDDRD_LNODEWZO,STDDRD_LNODEWZO,RTPD,LMP,LMP_PRC,STDDRD_LNODEWZO,ALL,1,134.6638,3,1
2022-09-01T07:45:00-00:00,2022-09-01T08:00:00-00:00,2022-09-01,01,STDDRD_LNODEWZO,STDDRD_LNODEWZO,STDDRD_LNODEWZO,RTPD,LMP,LMP_PRC,STDDRD_LNODEWZO,ALL,1,89.92518,4,1
2022-09-01T08:45:00-00:00,2022-09-01T09:00:00-00:00,2022-09-01,02,STDDRD_LNODEWZO,STDDRD_LNODEWZO,STDDRD_LNODEWZO,RTPD,LMP,LMP_PRC,STDDRD_LNODEWZO,ALL,1,97.93102,4,1
2022-09-01T09:45:00-00:00,2022-09-01T10:00:00-00:00,2022-09-01,03,STDDRD_LNODEWZO,STDDRD_LNODEWZO,STDDRD_LNODEWZO,RTPD,LMP,LMP_PRC,STDDRD_LNODEWZO,ALL,1,96.09655,4,1
2022-09-01T10:45:00-00:00,2022-09-01T11:00:00-00:00,2022-09-01,04,STDDRD_LNODEWZO,STDDRD_LNODEWZO,STDDRD_LNODEWZO,RTPD,LMP,LMP_PRC,STDDRD_LNODEWZO,ALL,1,97.56886,4,1
2022-09-01T11:45:00-00:00,2022-09-01T12:00:00-00:00,2022-09-01,05,STDDRD_LNODEWZO,STDDRD_LNODEWZO,STDDRD_LNODEWZO,RTPD,LMP,LMP_PRC,STDDRD_LNODEWZO,ALL,1,107.0112,4,1
2022-09-01T12:45:00-00:00,2022-09-01T13:00:00-00:00,2022-09-01,06,STDDRD_LNODEWZO,STDDRD_LNODEWZO,STDDRD_LNODEWZO,RTPD,LMP,LMP_PRC,STDDRD_LNODEWZO,ALL,1,114.03431,4,1
2022-09-01T13:45:00-00:00,2022-09-01T14:00:00-00:00,2022-09-01,07,STDDRD_LNODEWZO,STDDRD_LNODEWZO,STDDRD_LNODEWZO,RTPD,LMP,LMP_PRC,STDDRD_LNODEWZO,ALL,1,111.4088,4,1
2022-09-01T14:45:00-00:00,2022-09-01T15:00:00-00:00,2022-09-01,08,STDDRD_LNODEWZO,STDDRD_LNODEWZO,STDDRD_LNODEWZO,RTPD,LMP,LMP_PRC,STDDRD_LNODEWZO,ALL,1,86.14,4,1
2022-09-01T15:45:00-00:00,2022-09-01T16:00:00-00:00,2022-09-01,09,STDDRD_LNODEWZO,STDDRD_LNODEWZO,STDDRD_LNODEWZO,RTPD,LMP,LMP_PRC,STDDRD_LNODEWZO,ALL,1,78.70196,4,1
2022-09-01T16:45:00-00:00,2022-09-01T17:00:00-00:00,2022-09-01,10,STDDRD_LNODEWZO,STDDRD_LNODEWZO,STDDRD_LNODEWZO,RTPD,LMP,LMP_PRC,STDDRD_LNODEWZO,ALL,1,78.41713,4,1
2022-09-01T17:45:00-00:00,2022-09-01T18:00:00-00:00,2022-09-01,11,STDDRD_LNODEWZO,STDDRD_LNODEWZO,STDDRD_LNODEWZO,RTPD,LMP,LMP_PRC,STDDRD_LNODEWZO,ALL,1,78.31294,4,1
2022-09-01T18:45:00-00:00,2022-09-01T19:00:00-00:00,2022-09-01,12,STDDRD_LNODEWZO,STDDRD_LNODEWZO,STDDRD_LNODEWZO,RTPD,LMP,LMP_PRC,STDDRD_LNODEWZO,ALL,1,80.54821,4,1
2022-09-01T19:45:00-00:00,2022-09-01T20:00:00-00:00,2022-09-01,13,STDDRD_LNODEWZO,STDDRD_LNODEWZO,STDDRD_LNODEWZO,RTPD,LMP,LMP_PRC,STDDRD_LNODEWZO,ALL,1,106.01037,4,1
2022-09-01T20:45:00-00:00,2022-09-01T21:00:00-00:00,2022-09-01,14,STDDRD_LNODEWZO,STDDRD_LNODEWZO,STDDRD_LNODEWZO,RTPD,LMP,LMP_PRC,STDDRD_LNODEWZO,ALL,1,124.94919,4,1
2022-09-01T21:45:00-00:00,2022-09-01T22:00:00-00:00,2022-09-01,15,STDDRD_LNODEWZO,STDDRD_LNODEWZO,STDDRD_LNODEWZO,RTPD,LMP,LMP_PRC,STDDRD_LNODEWZO,ALL,1,208.5351,4,1
2022-09-01T22:45:00-00:00,2022-09-01T23:00:00-00:00,2022-09-01,16,STDDRD_LNODEWZO,STDDRD_LNODEWZO,STDDRD_LNODEWZO,RTPD,LMP,LMP_PRC,STDDRD_LNODEWZO,ALL,1,166.97919,4,1
2022-09-01T23:45:00-00:00,2022-09-02T00:00:00-00:00,2022-09-01,17,STDDRD_LNODEWZO,STDDRD_LNODEWZO,STDDRD_LNODEWZO,RTPD,LMP,LMP_PRC,STDDRD_LNODEWZO,ALL,1,1652.9581,4,1
2022-09-02T00:45:00-00:00,2022-09-02T01:00:00-00:00,2022-09-01,18,STDDRD_LNODEWZO,STDDRD_LNODEWZO,STDDRD_LNODEWZO,RTPD,LMP,LMP_PRC,STDDRD_LNODEWZO,ALL,1,1802.3091,4,1
2022-09-02T01:45:00-00:00,2022-09-02T02:00:00-00:00,2022-09-01,19,STDDRD_LNODEWZO,STDDRD_LNODEWZO,STDDRD_LNODEWZO,RTPD,LMP,LMP_PRC,STDDRD_LNODEWZO,ALL,1,1991.9325,4,1
2022-09-02T02:45:00-00:00,2022-09-02T03:00:00-00:00,2022-09-01,20,STDDRD_LNODEWZO,STDDRD_LNODEWZO,STDDRD_LNODEWZO,RTPD,LMP,LMP_PRC,STDDRD_LNODEWZO,ALL,1,1864.5702,4,1
2022-09-02T03:45:00-00:00,2022-09-02T04:00:00-00:00,2022-09-01,21,STDDRD_LNODEWZO,STDDRD_LNODEWZO,STDDRD_LNODEWZO,RTPD,LMP,LMP_PRC,STDDRD_LNODEWZO,ALL,1,166.41618,4,1
2022-09-02T04:45:00-00:00,2022-09-02T05:00:00-00:00,2022-09-01,22,STDDRD_LNODEWZO,STDDRD_LNODEWZO,STDDRD_LNODEWZO,RTPD,LMP,LMP_PRC,STDDRD_LNODEWZO,ALL,1,136.77983,4,1
2022-09-02T05:45:00-00:00,2022-09-02T06:00:00-00:00,2022-09-01,23,STDDRD_LNODEWZO,STDDRD_LNODEWZO,STDDRD_LNODEWZO,RTPD,LMP,LMP_PRC,STDDRD_LNODEWZO,ALL,1,161.57506,4,1
2022-09-02T06:45:00-00:00,2022-09-02T07:00:00-00:00,2022-09-01,24,STDDRD_LNODEWZO,STDDRD_LNODEWZO,STDDRD_LNODEWZO,RTPD,LMP,LMP_PRC,STDDRD_LNODEWZO,ALL,1,114.51177,4,1
2022-09-01T07:00:00-00:00,2022-09-01T07:15:00-00:00,2022-09-01,01,STDDRD_LNODEWZO,STDDRD_LNODEWZO,STDDRD_LNODEWZO,RTPD,MCC,LMP_CONG_PRC,STDDRD_LNODEWZO,ALL,1,-19.06707,1,2
2022-09-01T08:00:00-00:00,2022-09-01T08:15:00-00:00,2022-09-01,02,STDDRD_LNODEWZO,STDDRD_LNODEWZO,STDDRD_LNODEWZO,RTPD,MCC,LMP_CONG_PRC,STDDRD_LNODEWZO,ALL,1,-3.48258,1,2
2022-09-01T09:00:00-00:00,2022-09-01T09:15:00-00:00,2022-09-01,03,STDDRD_LNODEWZO,STDDRD_LNODEWZO,STDDRD_LNODEWZO,RTPD,MCC,LMP_CONG_PRC,STDDRD_LNODEWZO,ALL,1,-4.66667,1,2
2022-09-01T10:00:00-00:00,2022-09-01T10:15:00-00:00,2022-09-01,04,STDDRD_LNODEWZO,STDDRD_LNODEWZO,STDDRD_LNODEWZO,RTPD,MCC,LMP_CONG_PRC,STDDRD_LNODEWZO,ALL,1,-4.04583,1,2
2022-09-01T11:00:00-00:00,2022-09-01T11:15:00-00:00,2022-09-01,05,STDDRD_LNODEWZO,STDDRD_LNODEWZO,STDDRD_LNODEWZO,RTPD,MCC,LMP_CONG_PRC,STDDRD_LNODEWZO,ALL,1,0.0012,1,2
2022-09-01T12:00:00-00:00,2022-09-01T12:15:00-00:00,2022-09-01,06,STDDRD_LNODEWZO,STDDRD_LNODEWZO,STDDRD_LNODEWZO,RTPD,MCC,LMP_CONG_PRC,STDDRD_LNODEWZO,ALL,1,-10.37517,1,2
2022-09-01T13:00:00-00:00,2022-09-01T13:15:00-00:00,2022-09-01,07,STDDRD_LNODEWZO,STDDRD_LNODEWZO,STDDRD_LNODEWZO,RTPD,MCC,LMP_CONG_PRC,STDDRD_LNODEWZO,ALL,1,-13.76763,1,2
2022-09-01T14:00:00-00:00,2022-09-01T14:15:00-00:00,2022-09-01,08,STDDRD_LNODEWZO,STDDRD_LNODEWZO,STDDRD_LNODEWZO,RTPD,MCC,LMP_CONG_PRC,STDDRD_LNODEWZO,ALL,1,-0.0012,1,2
2022-09-01T15:00:00-00:00,2022-09-01T15:15:00-00:00,2022-09-01,09,STDDRD_LNODEWZO,STDDRD_LNODEWZO,STDDRD_LNODEWZO,RTPD,MCC,LMP_CONG_PRC,STDDRD_LNODEWZO,ALL,1,0.0012,1,2
2022-09-01T16:00:00-00:00,2022-09-01T16:15:00-00:00,2022-09-01,10,STDDRD_LNODEWZO,STDDRD_LNODEWZO,STDDRD_LNODEWZO,RTPD,MCC,LMP_CONG_PRC,STDDRD_LNODEWZO,ALL,1,0.0012,1,2
2022-09-01T17:00:00-00:00,2022-09-01T17:15:00-00:00,2022-09-01,11,STDDRD_LNODEWZO,STDDRD_LNODEWZO,STDDRD_LNODEWZO,RTPD,MCC,LMP_CONG_PRC,STDDRD_LNODEWZO,ALL,1,-17.27464,1,2
2022-09-01T18:00:00-00:00,2022-09-01T18:15:00-00:00,2022-09-01,12,STDDRD_LNODEWZO,STDDRD_LNODEWZO,STDDRD_LNODEWZO,RTPD,MCC,LMP_CONG_PRC,STDDRD_LNODEWZO,ALL,1,-33.51609,1,2
2022-09-01T19:00:00-00:00,2022-09-01T19:15:00-00:00,2022-09-01,13,STDDRD_LNODEWZO,STDDRD_LNODEWZO,STDDRD_LNODEWZO,RTPD,MCC,LMP_CONG_PRC,STDDRD_LNODEWZO,ALL,1,-36.98559,1,2
2022-09-01T20:00:00-00:00,2022-09-01T20:15:00-00:00,2022-09-01,14,STDDRD_LNODEWZO,STDDRD_LNODEWZO,STDDRD_LNODEWZO,RTPD,MCC,LMP_CONG_PRC,STDDRD_LNODEWZO,ALL,1,-3.63528,1,2
2022-09-01T21:00:00-00:00,2022-09-01T21:15:00-00:00,2022-09-01,15,STDDRD_LNODEWZO,STDDRD_LNODEWZO,STDDRD_LNODEWZO,RTPD,MCC,LMP_CONG_PRC,STDDRD_LNODEWZO,ALL,1,-101.73058,1,2
2022-09-01T22:00:00-00:00,2022-09-01T22:15:00-00:00,2022-09-01,16,STDDRD_LNODEWZO,STDDRD_LNODEWZO,STDDRD_LNODEWZO,RTPD,MCC,LMP_CONG_PRC,STDDRD_LNODEWZO,ALL,1,-110.17551,1,2
2022-09-01T23:00:00-00:00,2022-09-01T23:15:00-00:00,2022-09-01,17,STDDRD_LNODEWZO,STDDRD_LNODEWZO,STDDRD_LNODEWZO,RTPD,MCC,LMP_CONG_PRC,STDDRD_LNODEWZO,ALL,1,-174.18318,1,2
2022-09-02T00:00:00-00:00,2022-09-02T00:15:00-00:00,2022-09-01,18,STDDRD_LNODEWZO,STDDRD_LNODEWZO,STDDRD_LNODEWZO,RTPD,MCC,LMP_CONG_PRC,STDDRD_LNODEWZO,ALL,1,327.62497,1,2
2022-09-02T01:00:00-00:00,2022-09-02T01:15:00-00:00,2022-09-01,19,STDDRD_LNODEWZO,STDDRD_LNODEWZO,STDDRD_LNODEWZO,RTPD,MCC,LMP_CONG_PRC,STDDRD_LNODEWZO,ALL,1,322.2831,1,2
2022-09-02T02:00:00-00:00,2022-09-02T02:15:00-00:00,2022-09-01,20,STDDRD_LNODEWZO,STDDRD_LNODEWZO,STDDRD_LNODEWZO,RTPD,MCC,LMP_CONG_PRC,STDDRD_LNODEWZO,ALL,1,-0.0012,1,2
2022-09-02T03:00:00-00:00,2022-09-02T03:15:00-00:00,2022-09-01,21,STDDRD_LNODEWZO,STDDRD_LNODEWZO,STDDRD_LNODEWZO,RTPD,MCC,LMP_CONG_PRC,STDDRD_LNODEWZO,ALL,1,401.00198,1,2
2022-09-02T04:00:00-00:00,2022-09-02T04:15:00-00:00,2022-09-01,22,STDDRD_LNODEWZO,STDDRD_LNODEWZO,STDDRD_LNODEWZO,RTPD,MCC,LMP_CONG_PRC,STDDRD_LNODEWZO,ALL,1,254.66064,1,2
2022-09-02T05:00:00-00:00,2022-09-02T05:15:00-00:00,2022-09-01,23,STDDRD_LNODEWZO,STDDRD_LNODEWZO,STDDRD_LNODEWZO,RTPD,MCC,LMP_CONG_PRC,STDDRD_LNODEWZO,ALL,1,0.0012,1,2
2022-09-02T06:00:00-00:00,2022-09-02T06:15:00-00:00,2022-09-01,24,STDDRD_LNODEWZO,STDDRD_LNODEWZO,STDDRD_LNODEWZO,RTPD,MCC,LMP_CONG_PRC,STDDRD_LNODEWZO,ALL,1,36.61585,1,2
2022-09-01T07:15:00-00:00,2022-09-01T07:30:00-00:00,2022-09-01,01,STDDRD_LNODEWZO,STDDRD_LNODEWZO,STDDRD_LNODEWZO,RTPD,MCC,LMP_CONG_PRC,STDDRD_LNODEWZO,ALL,1,-10.41674,2,2
2022-09-01T08:15:00-00:00,2022-09-01T08:30:00-00:00,2022-09-01,02,STDDRD_LNODEWZO,STDDRD_LNODEWZO,STDDRD_LNODEWZO,RTPD,MCC,LMP_CONG_PRC,STDDRD_LNODEWZO,ALL,1,-0.94971,2,2
2022-09-01T09:15:00-00:00,2022-09-01T09:30:00-00:00,2022-09-01,03,STDDRD_LNODEWZO,STDDRD_LNODEWZO,STDDRD_LNODEWZO,RTPD,MCC,LMP_CONG_PRC,STDDRD_LNODEWZO,ALL,1,-6.14886,2,2
2022-09-01T10:15:00-00:00,2022-09-01T10:30:00-00:00,2022-09-01,04,STDDRD_LNODEWZO,STDDRD_LNODEWZO,STDDRD_LNODEWZO,RTPD,MCC,LMP_CONG_PRC,STDDRD_LNODEWZO,ALL,1,-5.7253,2,2
2022-09-01T11:15:00-00:00,2022-09-01T11:30:00-00:00,2022-09-01,05,STDDRD_LNODEWZO,STDDRD_LNODEWZO,STDDRD_LNODEWZO,RTPD,MCC,LMP_CONG_PRC,STDDRD_LNODEWZO,ALL,1,0.0012,2,2
2022-09-01T12:15:00-00:00,2022-09-01T12:30:00-00:00,2022-09-01,06,STDDRD_LNODEWZO,STDDRD_LNODEWZO,STDDRD_LNODEWZO,RTPD,MCC,LMP_CONG_PRC,STDDRD_LNODEWZO,ALL,1,-6.34193,2,2
2022-09-01T13:15:00-00:00,2022-09-01T13:30:00-00:00,2022-09-01,07,STDDRD_LNODEWZO,STDDRD_LNODEWZO,STDDRD_LNODEWZO,RTPD,MCC,LMP_CONG_PRC,STDDRD_LNODEWZO,ALL,1,-0.59207,2,2
2022-09-01T14:15:00-00:00,2022-09-01T14:30:00-00:00,2022-09-01,08,STDDRD_LNODEWZO,STDDRD_LNODEWZO,STDDRD_LNODEWZO,RTPD,MCC,LMP_CONG_PRC,STDDRD_LNODEWZO,ALL,1,-0.0012,2,2
2022-09-01T15:15:00-00:00,2022-09-01T15:30:00-00:00,2022-09-01,09,STDDRD_LNODEWZO,STDDRD_LNODEWZO,STDDRD_LNODEWZO,RTPD,MCC,LMP_CONG_PRC,STDDRD_LNODEWZO,ALL,1,0.0012,2,2
2022-09-01T16:15:00-00:00,2022-09-01T16:30:00-00:00,2022-09-01,10,STDDRD_LNODEWZO,STDDRD_LNODEWZO,STDDRD_LNODEWZO,RTPD,MCC,LMP_CONG_PRC,STDDRD_LNODEWZO,ALL,1,-1.69193,2,2
2022-09-01T17:15:00-00:00,2022-09-01T17:30:00-00:00,2022-09-01,11,STDDRD_LNODEWZO,STDDRD_LNODEWZO,STDDRD_LNODEWZO,RTPD,MCC,LMP_CONG_PRC,STDDRD_LNODEWZO,ALL,1,-21.03567,2,2
2022-09-01T18:15:00-00:00,2022-09-01T18:30:00-00:00,2022-09-01,12,STDDRD_LNODEWZO,STDDRD_LNODEWZO,STDDRD_LNODEWZO,RTPD,MCC,LMP_CONG_PRC,STDDRD_LNODEWZO,ALL,1,-27.43275,2,2
2022-09-01T19:15:00-00:00,2022-09-01T19:30:00-00:00,2022-09-01,13,STDDRD_LNODEWZO,STDDRD_LNODEWZO,STDDRD_LNODEWZO,RTPD,MCC,LMP_CONG_PRC,STDDRD_LNODEWZO,ALL,1,-30.61182,2,2
2022-09-01T20:15:00-00:00,2022-09-01T20:30:00-00:00,2022-09-01,14,STDDRD_LNODEWZO,STDDRD_LNODEWZO,STDDRD_LNODEWZO,RTPD,MCC,LMP_CONG_PRC,STDDRD_LNODEWZO,ALL,1,-3.2401,2,2
2022-09-01T21:15:00-00:00,2022-09-01T21:30:00-00:00,2022-09-01,15,STDDRD_LNODEWZO,STDDRD_LNODEWZO,STDDRD_LNODEWZO,RTPD,MCC,LMP_CONG_PRC,STDDRD_LNODEWZO,ALL,1,-27.49239,2,2
2022-09-01T22:15:00-00:00,2022-09-01T22:30:00-00:00,2022-09-01,16,STDDRD_LNODEWZO,STDDRD_LNODEWZO,STDDRD_LNODEWZO,RTPD,MCC,LMP_CONG_PRC,STDDRD_LNODEWZO,ALL,1,-120.86429,2,2
2022-09-01T23:15:00-00:00,2022-09-01T23:30:00-00:00,2022-09-01,17,STDDRD_LNODEWZO,STDDRD_LNODEWZO,STDDRD_LNODEWZO,RTPD,MCC,LMP_CONG_PRC,STDDRD_LNODEWZO,ALL,1,-101.55083,2,2
2022-09-02T00:15:00-00:00,2022-09-02T00:30:00-00:00,2022-09-01,18,STDDRD_LNODEWZO,STDDRD_LNODEWZO,STDDRD_LNODEWZO,RTPD,MCC,LMP_CONG_PRC,STDDRD_LNODEWZO,ALL,1,318.87836,2,2
2022-09-02T01:15:00-00:00,2022-09-02T01:30:00-00:00,2022-09-01,19,STDDRD_LNODEWZO,STDDRD_LNODEWZO,STDDRD_LNODEWZO,RTPD,MCC,LMP_CONG_PRC,STDDRD_LNODEWZO,ALL,1,0.0012,2,2
2022-09-02T02:15:00-00:00,2022-09-02T02:30:00-00:00,2022-09-01,20,STDDRD_LNODEWZO,STDDRD_LNODEWZO,STDDRD_LNODEWZO,RTPD,MCC,LMP_CONG_PRC,STDDRD_LNODEWZO,ALL,1,-0.0012,2,2
2022-09-02T03:15:00-00:00,2022-09-02T03:30:00-00:00,2022-09-01,21,STDDRD_LNODEWZO,STDDRD_LNODEWZO,STDDRD_LNODEWZO,RTPD,MCC,LMP_CONG_PRC,STDDRD_LNODEWZO,ALL,1,141.2049,2,2
2022-09-02T04:15:00-00:00,2022-09-02T04:30:00-00:00,2022-09-01,22,STDDRD_LNODEWZO,STDDRD_LNODEWZO,STDDRD_LNODEWZO,RTPD,MCC,LMP_CONG_PRC,STDDRD_LNODEWZO,ALL,1,231.36336,2,2
2022-09-02T05:15:00-00:00,2022-09-02T05:30:00-00:00,2022-09-01,23,STDDRD_LNODEWZO,STDDRD_LNODEWZO,STDDRD_LNODEWZO,RTPD,MCC,LMP_CONG_PRC,STDDRD_LNODEWZO,ALL,1,0.0012,2,2
2022-09-02T06:15:00-00:00,2022-09-02T06:30:00-00:00,2022-09-01,24,STDDRD_LNODEWZO,STDDRD_LNODEWZO,STDDRD_LNODEWZO,RTPD,MCC,LMP_CONG_PRC,STDDRD_LNODEWZO,ALL,1,0.0012,2,2
2022-09-01T07:30:00-00:00,2022-09-01T07:45:00-00:00,2022-09-01,01,STDDRD_LNODEWZO,STDDRD_LNODEWZO,STDDRD_LNODEWZO,RTPD,MCC,LMP_CONG_PRC,STDDRD_LNODEWZO,ALL,1,-16.84065,3,2
2022-09-01T08:30:00-00:00,2022-09-01T08:45:00-00:00,2022-09-01,02,STDDRD_LNODEWZO,STDDRD_LNODEWZO,STDDRD_LNODEWZO,RTPD,MCC,LMP_CONG_PRC,STDDRD_LNODEWZO,ALL,1,0.0003,3,2
2022-09-01T09:30:00-00:00,2022-09-01T09:45:00-00:00,2022-09-01,03,STDDRD_LNODEWZO,STDDRD_LNODEWZO,STDDRD_LNODEWZO,RTPD,MCC,LMP_CONG_PRC,STDDRD_LNODEWZO,ALL,1,-6.06606,3,2
2022-09-01T10:30:00-00:00,2022-09-01T10:45:00-00:00,2022-09-01,04,STDDRD_LNODEWZO,STDDRD_LNODEWZO,STDDRD_LNODEWZO,RTPD,MCC,LMP_CONG_PRC,STDDRD_LNODEWZO,ALL,1,-3.23672,3,2
2022-09-01T11:30:00-00:00,2022-09-01T11:45:00-00:00,2022-09-01,05,STDDRD_LNODEWZO,STDDRD_LNODEWZO,STDDRD_LNODEWZO,RTPD,MCC,LMP_CONG_PRC,STDDRD_LNODEWZO,ALL,1,0.0012,3,2
2022-09-01T12:30:00-00:00,2022-09-01T12:45:00-00:00,2022-09-01,06,STDDRD_LNODEWZO,STDDRD_LNODEWZO,STDDRD_LNODEWZO,RTPD,MCC,LMP_CONG_PRC,STDDRD_LNODEWZO,ALL,1,-10.98173,3,2
2022-09-01T13:30:00-00:00,2022-09-01T13:45:00-00:00,2022-09-01,07,STDDRD_LNODEWZO,STDDRD_LNODEWZO,STDDRD_LNODEWZO,RTPD,MCC,LMP_CONG_PRC,STDDRD_LNODEWZO,ALL,1,-0.0012,3,2
2022-09-01T14:30:00-00:00,2022-09-01T14:45:00-00:00,2022-09-01,08,STDDRD_LNODEWZO,STDDRD_LNODEWZO,STDDRD_LNODEWZO,RTPD,MCC,LMP_CONG_PRC,STDDRD_LNODEWZO,ALL,1,-0.0012,3,2
2022-09-01T15:30:00-00:00,2022-09-01T15:45:00-00:00,2022-09-01,09,STDDRD_LNODEWZO,STDDRD_LNODEWZO,STDDRD_LNODEWZO,RTPD,MCC,LMP_CONG_PRC,STDDRD_LNODEWZO,ALL,1,0.0012,3,2
2022-09-01T16:30:00-00:00,2022-09-01T16:45:00-00:00,2022-09-01,10,STDDRD_LNODEWZO,STDDRD_LNODEWZO,STDDRD_LNODEWZO,RTPD,MCC,LMP_CONG_PRC,STDDRD_LNODEWZO,ALL,1,-14.17314,3,2
2022-09-01T17:30:00-00:00,2022-09-01T17:45:00-00:00,2022-09-01,11,STDDRD_LNODEWZO,STDDRD_LNODEWZO,STDDRD_LNODEWZO,RTPD,MCC,LMP_CONG_PRC,STDDRD_LNODEWZO,ALL,1,-21.10924,3,2
2022-09-01T18:30:00-00:00,2022-09-01T18:45:00-00:00,2022-09-01,12,STDDRD_LNODEWZO,STDDRD_LNODEWZO,STDDRD_LNODEWZO,RTPD,MCC,LMP_CONG_PRC,STDDRD_LNODEWZO,ALL,1,-28.45598,3,2
2022-09-01T19:30:00-00:00,2022-09-01T19:45:00-00:00,2022-09-01,13,STDDRD_LNODEWZO,STDDRD_LNODEWZO,STDDRD_LNODEWZO,RTPD,MCC,LMP_CONG_PRC,STDDRD_LNODEWZO,ALL,1,-13.11978,3,2
2022-09-01T20:30:00-00:00,2022-09-01T20:45:00-00:00,2022-09-01,14,STDDRD_LNODEWZO,STDDRD_LNODEWZO,STDDRD_LNODEWZO,RTPD,MCC,LMP_CONG_PRC,STDDRD_LNODEWZO,ALL,1,-13.07682,3,2
2022-09-01T21:30:00-00:00,2022-09-01T21:45:00-00:00,2022-09-01,15,STDDRD_LNODEWZO,STDDRD_LNODEWZO,STDDRD_LNODEWZO,RTPD,MCC,LMP_CONG_PRC,STDDRD_LNODEWZO,ALL,1,-25.25572,3,2
2022-09-01T22:30:00-00:00,2022-09-01T22:45:00-00:00,2022-09-01,16,STDDRD_LNODEWZO,STDDRD_LNODEWZO,STDDRD_LNODEWZO,RTPD,MCC,LMP_CONG_PRC,STDDRD_LNODEWZO,ALL,1,-129.4553,3,2
2022-09-01T23:30:00-00:00,2022-09-01T23:45:00-00:00,2022-09-01,17,STDDRD_LNODEWZO,STDDRD_LNODEWZO,STDDRD_LNODEWZO,RTPD,MCC,LMP_CONG_PRC,STDDRD_LNODEWZO,ALL,1,0.0012,3,2
2022-09-02T00:30:00-00:00,2022-09-02T00:45:00-00:00,2022-09-01,18,STDDRD_LNODEWZO,STDDRD_LNODEWZO,STDDRD_LNODEWZO,RTPD,MCC,LMP_CONG_PRC,STDDRD_LNODEWZO,ALL,1,449.739,3,2
2022-09-02T01:30:00-00:00,2022-09-02T01:45:00-00:00,2022-09-01,19,STDDRD_LNODEWZO,STDDRD_LNODEWZO,STDDRD_LNODEWZO,RTPD,MCC,LMP_CONG_PRC,STDDRD_LNODEWZO,ALL,1,-0.0012,3,2
2022-09-02T02:30:00-00:00,2022-09-02T02:45:00-00:00,2022-09-01,20,STDDRD_LNODEWZO,STDDRD_LNODEWZO,STDDRD_LNODEWZO,RTPD,MCC,LMP_CONG_PRC,STDDRD_LNODEWZO,ALL,1,-0.0012,3,2
2022-09-02T03:30:00-00:00,2022-09-02T03:45:00-00:00,2022-09-01,21,STDDRD_LNODEWZO,STDDRD_LNODEWZO,STDDRD_LNODEWZO,RTPD,MCC,LMP_CONG_PRC,STDDRD_LNODEWZO,ALL,1,31.62839,3,2
2022-09-02T04:30:00-00:00,2022-09-02T04:45:00-00:00,2022-09-01,22,STDDRD_LNODEWZO,STDDRD_LNODEWZO,STDDRD_LNODEWZO,RTPD,MCC,LMP_CONG_PRC,STDDRD_LNODEWZO,ALL,1,123.96593,3,2
2022-09-02T05:30:00-00:00,2022-09-02T05:45:00-00:00,2022-09-01,23,STDDRD_LNODEWZO,STDDRD_LNODEWZO,STDDRD_LNODEWZO,RTPD,MCC,LMP_CONG_PRC,STDDRD_LNODEWZO,ALL,1,0.0012,3,2
2022-09-02T06:30:00-00:00,2022-09-02T06:45:00-00:00,2022-09-01,24,STDDRD_LNODEWZO,STDDRD_LNODEWZO,STDDRD_LNODEWZO,RTPD,MCC,LMP_CONG_PRC,STDDRD_LNODEWZO,ALL,1,0.0012,3,2
2022-09-01T07:45:00-00:00,2022-09-01T08:00:00-00:00,2022-09-01,01,STDDRD_LNODEWZO,STDDRD_LNODEWZO,STDDRD_LNODEWZO,RTPD,MCC,LMP_CONG_PRC,STDDRD_LNODEWZO,ALL,1,-19.1958,4,2
2022-09-01T08:45:00-00:00,2022-09-01T09:00:00-00:00,2022-09-01,02,STDDRD_LNODEWZO,STDDRD_LNODEWZO,STDDRD_LNODEWZO,RTPD,MCC,LMP_CONG_PRC,STDDRD_LNODEWZO,ALL,1,-4.68503,4,2
2022-09-01T09:45:00-00:00,2022-09-01T10:00:00-00:00,2022-09-01,03,STDDRD_LNODEWZO,STDDRD_LNODEWZO,STDDRD_LNODEWZO,RTPD,MCC,LMP_CONG_PRC,STDDRD_LNODEWZO,ALL,1,-5.42544,4,2
2022-09-01T10:45:00-00:00,2022-09-01T11:00:00-00:00,2022-09-01,04,STDDRD_LNODEWZO,STDDRD_LNODEWZO,STDDRD_LNODEWZO,RTPD,MCC,LMP_CONG_PRC,STDDRD_LNODEWZO,ALL,1,-1.27116,4,2
2022-09-01T11:45:00-00:00,2022-09-01T12:00:00-00:00,2022-09-01,05,STDDRD_LNODEWZO,STDDRD_LNODEWZO,STDDRD_LNODEWZO,RTPD,MCC,LMP_CONG_PRC,STDDRD_LNODEWZO,ALL,1,0.0012,4,2
2022-09-01T12:45:00-00:00,2022-09-01T13:00:00-00:00,2022-09-01,06,STDDRD_LNODEWZO,STDDRD_LNODEWZO,STDDRD_LNODEWZO,RTPD,MCC,LMP_CONG_PRC,STDDRD_LNODEWZO,ALL,1,-2.4505,4,2
2022-09-01T13:45:00-00:00,2022-09-01T14:00:00-00:00,2022-09-01,07,STDDRD_LNODEWZO,STDDRD_LNODEWZO,STDDRD_LNODEWZO,RTPD,MCC,LMP_CONG_PRC,STDDRD_LNODEWZO,ALL,1,-0.0012,4,2
2022-09-01T14:45:00-00:00,2022-09-01T15:00:00-00:00,2022-09-01,08,STDDRD_LNODEWZO,STDDRD_LNODEWZO,STDDRD_LNODEWZO,RTPD,MCC,LMP_CONG_PRC,STDDRD_LNODEWZO,ALL,1,0.0012,4,2
2022-09-01T15:45:00-00:00,2022-09-01T16:00:00-00:00,2022-09-01,09,STDDRD_LNODEWZO,STDDRD_LNODEWZO,STDDRD_LNODEWZO,RTPD,MCC,LMP_CONG_PRC,STDDRD_LNODEWZO,ALL,1,0.0012,4,2
2022-09-01T16:45:00-00:00,2022-09-01T17:00:00-00:00,2022-09-01,10,STDDRD_LNODEWZO,STDDRD_LNODEWZO,STDDRD_LNODEWZO,RTPD,MCC,LMP_CONG_PRC,STDDRD_LNODEWZO,ALL,1,-12.8322,4,2
2022-09-01T17:45:00-00:00,2022-09-01T18:00:00-00:00,2022-09-01,11,STDDRD_LNODEWZO,STDDRD_LNODEWZO,STDDRD_LNODEWZO,RTPD,MCC,LMP_CONG_PRC,STDDRD_LNODEWZO,ALL,1,-20.8925,4,2
2022-09-01T18:45:00-00:00,2022-09-01T19:00:00-00:00,2022-09-01,12,STDDRD_LNODEWZO,STDDRD_LNODEWZO,STDDRD_LNODEWZO,RTPD,MCC,LMP_CONG_PRC,STDDRD_LNODEWZO,ALL,1,-28.49243,4,2
2022-09-01T19:45:00-00:00,2022-09-01T20:00:00-00:00,2022-09-01,13,STDDRD_LNODEWZO,STDDRD_LNODEWZO,STDDRD_LNODEWZO,RTPD,MCC,LMP_CONG_PRC,STDDRD_LNODEWZO,ALL,1,-14.21454,4,2
2022-09-01T20:45:00-00:00,2022-09-01T21:00:00-00:00,2022-09-01,14,STDDRD_LNODEWZO,STDDRD_LNODEWZO,STDDRD_LNODEWZO,RTPD,MCC,LMP_CONG_PRC,STDDRD_LNODEWZO,ALL,1,-29.0759,4,2
2022-09-01T21:45:00-00:00,2022-09-01T22:00:00-00:00,2022-09-01,15,STDDRD_LNODEWZO,STDDRD_LNODEWZO,STDDRD_LNODEWZO,RTPD,MCC,LMP_CONG_PRC,STDDRD_LNODEWZO,ALL,1,-91.75867,4,2
2022-09-01T22:45:00-00:00,2022-09-01T23:00:00-00:00,2022-09-01,16,STDDRD_LNODEWZO,STDDRD_LNODEWZO,STDDRD_LNODEWZO,RTPD,MCC,LMP_CONG_PRC,STDDRD_LNODEWZO,ALL,1,-262.9345,4,2
2022-09-01T23:45:00-00:00,2022-09-02T00:00:00-00:00,2022-09-01,17,STDDRD_LNODEWZO,STDDRD_LNODEWZO,STDDRD_LNODEWZO,RTPD,MCC,LMP_CONG_PRC,STDDRD_LNODEWZO,ALL,1,391.7457,4,2
2022-09-02T00:45:00-00:00,2022-09-02T01:00:00-00:00,2022-09-01,18,STDDRD_LNODEWZO,STDDRD_LNODEWZO,STDDRD_LNODEWZO,RTPD,MCC,LMP_CONG_PRC,STDDRD_LNODEWZO,ALL,1,283.16006,4,2
2022-09-02T01:45:00-00:00,2022-09-02T02:00:00-00:00,2022-09-01,19,STDDRD_LNODEWZO,STDDRD_LNODEWZO,STDDRD_LNODEWZO,RTPD,MCC,LMP_CONG_PRC,STDDRD_LNODEWZO,ALL,1,-0.0012,4,2
2022-09-02T02:45:00-00:00,2022-09-02T03:00:00-00:00,2022-09-01,20,STDDRD_LNODEWZO,STDDRD_LNODEWZO,STDDRD_LNODEWZO,RTPD,MCC,LMP_CONG_PRC,STDDRD_LNODEWZO,ALL,1,128.37167,4,2
2022-09-02T03:45:00-00:00,2022-09-02T04:00:00-00:00,2022-09-01,21,STDDRD_LNODEWZO,STDDRD_LNODEWZO,STDDRD_LNODEWZO,RTPD,MCC,LMP_CONG_PRC,STDDRD_LNODEWZO,ALL,1,18.41997,4,2
2022-09-02T04:45:00-00:00,2022-09-02T05:00:00-00:00,2022-09-01,22,STDDRD_LNODEWZO,STDDRD_LNODEWZO,STDDRD_LNODEWZO,RTPD,MCC,LMP_CONG_PRC,STDDRD_LNODEWZO,ALL,1,1.57356,4,2
2022-09-02T05:45:00-00:00,2022-09-02T06:00:00-00:00,2022-09-01,23,STDDRD_LNODEWZO,STDDRD_LNODEWZO,STDDRD_LNODEWZO,RTPD,MCC,LMP_CONG_PRC,STDDRD_LNODEWZO,ALL,1,37.62653,4,2
2022-09-02T06:45:00-00:00,2022-09-02T07:00:00-00:00,2022-09-01,24,STDDRD_LNODEWZO,STDDRD_LNODEWZO,STDDRD_LNODEWZO,RTPD,MCC,LMP_CONG_PRC,STDDRD_LNODEWZO,ALL,1,0.0012,4,2
2022-09-01T07:00:00-00:00,2022-09-01T07:15:00-00:00,2022-09-01,01,STDDRD_LNODEWZO,STDDRD_LNODEWZO,STDDRD_LNODEWZO,RTPD,MCE,LMP_ENE_PRC,STDDRD_LNODEWZO,ALL,1,104.23471,1,3
2022-09-01T08:00:00-00:00,2022-09-01T08:15:00-00:00,2022-09-01,02,STDDRD_LNODEWZO,STDDRD_LNODEWZO,STDDRD_LNODEWZO,RTPD,MCE,LMP_ENE_PRC,STDDRD_LNODEWZO,ALL,1,115.5488,1,3
2022-09-01T09:00:00-00:00,2022-09-01T09:15:00-00:00,2022-09-01,03,STDDRD_LNODEWZO,STDDRD_LNODEWZO,STDDRD_LNODEWZO,RTPD,MCE,LMP_ENE_PRC,STDDRD_LNODEWZO,ALL,1,99.73061,1,3
2022-09-01T10:00:00-00:00,2022-09-01T10:15:00-00:00,2022-09-01,04,STDDRD_LNODEWZO,STDDRD_LNODEWZO,STDDRD_LNODEWZO,RTPD,MCE,LMP_ENE_PRC,STDDRD_LNODEWZO,ALL,1,98.64222,1,3
2022-09-01T11:00:00-00:00,2022-09-01T11:15:00-00:00,2022-09-01,05,STDDRD_LNODEWZO,STDDRD_LNODEWZO,STDDRD_LNODEWZO,RTPD,MCE,LMP_ENE_PRC,STDDRD_LNODEWZO,ALL,1,102.56859,1,3
2022-09-01T12:00:00-00:00,2022-09-01T12:15:00-00:00,2022-09-01,06,STDDRD_LNODEWZO,STDDRD_LNODEWZO,STDDRD_LNODEWZO,RTPD,MCE,LMP_ENE_PRC,STDDRD_LNODEWZO,ALL,1,96.90845,1,3
2022-09-01T13:00:00-00:00,2022-09-01T13:15:00-00:00,2022-09-01,07,STDDRD_LNODEWZO,STDDRD_LNODEWZO,STDDRD_LNODEWZO,RTPD,MCE,LMP_ENE_PRC,STDDRD_LNODEWZO,ALL,1,101.80878,1,3
2022-09-01T14:00:00-00:00,2022-09-01T14:15:00-00:00,2022-09-01,08,STDDRD_LNODEWZO,STDDRD_LNODEWZO,STDDRD_LNODEWZO,RTPD,MCE,LMP_ENE_PRC,STDDRD_LNODEWZO,ALL,1,111.11219,1,3
2022-09-01T15:00:00-00:00,2022-09-01T15:15:00-00:00,2022-09-01,09,STDDRD_LNODEWZO,STDDRD_LNODEWZO,STDDRD_LNODEWZO,RTPD,MCE,LMP_ENE_PRC,STDDRD_LNODEWZO,ALL,1,97.4112,1,3
2022-09-01T16:00:00-00:00,2022-09-01T16:15:00-00:00,2022-09-01,10,STDDRD_LNODEWZO,STDDRD_LNODEWZO,STDDRD_LNODEWZO,RTPD,MCE,LMP_ENE_PRC,STDDRD_LNODEWZO,ALL,1,83.43525,1,3
2022-09-01T17:00:00-00:00,2022-09-01T17:15:00-00:00,2022-09-01,11,STDDRD_LNODEWZO,STDDRD_LNODEWZO,STDDRD_LNODEWZO,RTPD,MCE,LMP_ENE_PRC,STDDRD_LNODEWZO,ALL,1,96.94897,1,3
2022-09-01T18:00:00-00:00,2022-09-01T18:15:00-00:00,2022-09-01,12,STDDRD_LNODEWZO,STDDRD_LNODEWZO,STDDRD_LNODEWZO,RTPD,MCE,LMP_ENE_PRC,STDDRD_LNODEWZO,ALL,1,91.59291,1,3
2022-09-01T19:00:00-00:00,2022-09-01T19:15:00-00:00,2022-09-01,13,STDDRD_LNODEWZO,STDDRD_LNODEWZO,STDDRD_LNODEWZO,RTPD,MCE,LMP_ENE_PRC,STDDRD_LNODEWZO,ALL,1,109.19637,1,3
2022-09-01T20:00:00-00:00,2022-09-01T20:15:00-00:00,2022-09-01,14,STDDRD_LNODEWZO,STDDRD_LNODEWZO,STDDRD_LNODEWZO,RTPD,MCE,LMP_ENE_PRC,STDDRD_LNODEWZO,ALL,1,117.94359,1,3
2022-09-01T21:00:00-00:00,2022-09-01T21:15:00-00:00,2022-09-01,15,STDDRD_LNODEWZO,STDDRD_LNODEWZO,STDDRD_LNODEWZO,RTPD,MCE,LMP_ENE_PRC,STDDRD_LNODEWZO,ALL,1,226.61499,1,3
2022-09-01T22:00:00-00:00,2022-09-01T22:15:00-00:00,2022-09-01,16,STDDRD_LNODEWZO,STDDRD_LNODEWZO,STDDRD_LNODEWZO,RTPD,MCE,LMP_ENE_PRC,STDDRD_LNODEWZO,ALL,1,229.18552,1,3
2022-09-01T23:00:00-00:00,2022-09-01T23:15:00-00:00,2022-09-01,17,STDDRD_LNODEWZO,STDDRD_LNODEWZO,STDDRD_LNODEWZO,RTPD,MCE,LMP_ENE_PRC,STDDRD_LNODEWZO,ALL,1,386.7537,1,3
2022-09-02T00:00:00-00:00,2022-09-02T00:15:00-00:00,2022-09-01,18,STDDRD_LNODEWZO,STDDRD_LNODEWZO,STDDRD_LNODEWZO,RTPD,MCE,LMP_ENE_PRC,STDDRD_LNODEWZO,ALL,1,770.58136,1,3
2022-09-02T01:00:00-00:00,2022-09-02T01:15:00-00:00,2022-09-01,19,STDDRD_LNODEWZO,STDDRD_LNODEWZO,STDDRD_LNODEWZO,RTPD,MCE,LMP_ENE_PRC,STDDRD_LNODEWZO,ALL,1,916.27124,1,3
2022-09-02T02:00:00-00:00,2022-09-02T02:15:00-00:00,2022-09-01,20,STDDRD_LNODEWZO,STDDRD_LNODEWZO,STDDRD_LNODEWZO,RTPD,MCE,LMP_ENE_PRC,STDDRD_LNODEWZO,ALL,1,1991.6721,1,3
2022-09-02T03:00:00-00:00,2022-09-02T03:15:00-00:00,2022-09-01,21,STDDRD_LNODEWZO,STDDRD_LNODEWZO,STDDRD_LNODEWZO,RTPD,MCE,LMP_ENE_PRC,STDDRD_LNODEWZO,ALL,1,917.5508,1,3
2022-09-02T04:00:00-00:00,2022-09-02T04:15:00-00:00,2022-09-01,22,STDDRD_LNODEWZO,STDDRD_LNODEWZO,STDDRD_LNODEWZO,RTPD,MCE,LMP_ENE_PRC,STDDRD_LNODEWZO,ALL,1,257.83005,1,3
2022-09-02T05:00:00-00:00,2022-09-02T05:15:00-00:00,2022-09-01,23,STDDRD_LNODEWZO,STDDRD_LNODEWZO,STDDRD_LNODEWZO,RTPD,MCE,LMP_ENE_PRC,STDDRD_LNODEWZO,ALL,1,183.24657,1,3
2022-09-02T06:00:00-00:00,2022-09-02T06:15:00-00:00,2022-09-01,24,STDDRD_LNODEWZO,STDDRD_LNODEWZO,STDDRD_LNODEWZO,RTPD,MCE,LMP_ENE_PRC,STDDRD_LNODEWZO,ALL,1,158.867,1,3
2022-09-01T07:15:00-00:00,2022-09-01T07:30:00-00:00,2022-09-01,01,STDDRD_LNODEWZO,STDDRD_LNODEWZO,STDDRD_LNODEWZO,RTPD,MCE,LMP_ENE_PRC,STDDRD_LNODEWZO,ALL,1,125.55144,2,3
2022-09-01T08:15:00-00:00,2022-09-01T08:30:00-00:00,2022-09-01,02,STDDRD_LNODEWZO,STDDRD_LNODEWZO,STDDRD_LNODEWZO,RTPD,MCE,LMP_ENE_PRC,STDDRD_LNODEWZO,ALL,1,115.53165,2,3
2022-09-01T09:15:00-00:00,2022-09-01T09:30:00-00:00,2022-09-01,03,STDDRD_LNODEWZO,STDDRD_LNODEWZO,STDDRD_LNODEWZO,RTPD,MCE,LMP_ENE_PRC,STDDRD_LNODEWZO,ALL,1,98.30543,2,3
2022-09-01T10:15:00-00:00,2022-09-01T10:30:00-00:00,2022-09-01,04,STDDRD_LNODEWZO,STDDRD_LNODEWZO,STDDRD_LNODEWZO,RTPD,MCE,LMP_ENE_PRC,STDDRD_LNODEWZO,ALL,1,97.00684,2,3
2022-09-01T11:15:00-00:00,2022-09-01T11:30:00-00:00,2022-09-01,05,STDDRD_LNODEWZO,STDDRD_LNODEWZO,STDDRD_LNODEWZO,RTPD,MCE,LMP_ENE_PRC,STDDRD_LNODEWZO,ALL,1,103.09059,2,3
2022-09-01T12:15:00-00:00,2022-09-01T12:30:00-00:00,2022-09-01,06,STDDRD_LNODEWZO,STDDRD_LNODEWZO,STDDRD_LNODEWZO,RTPD,MCE,LMP_ENE_PRC,STDDRD_LNODEWZO,ALL,1,109.32203,2,3
2022-09-01T13:15:00-00:00,2022-09-01T13:30:00-00:00,2022-09-01,07,STDDRD_LNODEWZO,STDDRD_LNODEWZO,STDDRD_LNODEWZO,RTPD,MCE,LMP_ENE_PRC,STDDRD_LNODEWZO,ALL,1,110.97827,2,3
2022-09-01T14:15:00-00:00,2022-09-01T14:30:00-00:00,2022-09-01,08,STDDRD_LNODEWZO,STDDRD_LNODEWZO,STDDRD_LNODEWZO,RTPD,MCE,LMP_ENE_PRC,STDDRD_LNODEWZO,ALL,1,104.78743,2,3
2022-09-01T15:15:00-00:00,2022-09-01T15:30:00-00:00,2022-09-01,09,STDDRD_LNODEWZO,STDDRD_LNODEWZO,STDDRD_LNODEWZO,RTPD,MCE,LMP_ENE_PRC,STDDRD_LNODEWZO,ALL,1,86.9388,2,3
2022-09-01T16:15:00-00:00,2022-09-01T16:30:00-00:00,2022-09-01,10,STDDRD_LNODEWZO,STDDRD_LNODEWZO,STDDRD_LNODEWZO,RTPD,MCE,LMP_ENE_PRC,STDDRD_LNODEWZO,ALL,1,89.44858,2,3
2022-09-01T17:15:00-00:00,2022-09-01T17:30:00-00:00,2022-09-01,11,STDDRD_LNODEWZO,STDDRD_LNODEWZO,STDDRD_LNODEWZO,RTPD,MCE,LMP_ENE_PRC,STDDRD_LNODEWZO,ALL,1,99.34673,2,3
2022-09-01T18:15:00-00:00,2022-09-01T18:30:00-00:00,2022-09-01,12,STDDRD_LNODEWZO,STDDRD_LNODEWZO,STDDRD_LNODEWZO,RTPD,MCE,LMP_ENE_PRC,STDDRD_LNODEWZO,ALL,1,101.15901,2,3
2022-09-01T19:15:00-00:00,2022-09-01T19:30:00-00:00,2022-09-01,13,STDDRD_LNODEWZO,STDDRD_LNODEWZO,STDDRD_LNODEWZO,RTPD,MCE,LMP_ENE_PRC,STDDRD_LNODEWZO,ALL,1,105.30588,2,3
2022-09-01T20:15:00-00:00,2022-09-01T20:30:00-00:00,2022-09-01,14,STDDRD_LNODEWZO,STDDRD_LNODEWZO,STDDRD_LNODEWZO,RTPD,MCE,LMP_ENE_PRC,STDDRD_LNODEWZO,ALL,1,117.49421,2,3
2022-09-01T21:15:00-00:00,2022-09-01T21:30:00-00:00,2022-09-01,15,STDDRD_LNODEWZO,STDDRD_LNODEWZO,STDDRD_LNODEWZO,RTPD,MCE,LMP_ENE_PRC,STDDRD_LNODEWZO,ALL,1,147.21185,2,3
2022-09-01T22:15:00-00:00,2022-09-01T22:30:00-00:00,2022-09-01,16,STDDRD_LNODEWZO,STDDRD_LNODEWZO,STDDRD_LNODEWZO,RTPD,MCE,LMP_ENE_PRC,STDDRD_LNODEWZO,ALL,1,256.58734,2,3
2022-09-01T23:15:00-00:00,2022-09-01T23:30:00-00:00,2022-09-01,17,STDDRD_LNODEWZO,STDDRD_LNODEWZO,STDDRD_LNODEWZO,RTPD,MCE,LMP_ENE_PRC,STDDRD_LNODEWZO,ALL,1,362.12408,2,3
2022-09-02T00:15:00-00:00,2022-09-02T00:30:00-00:00,2022-09-01,18,STDDRD_LNODEWZO,STDDRD_LNODEWZO,STDDRD_LNODEWZO,RTPD,MCE,LMP_ENE_PRC,STDDRD_LNODEWZO,ALL,1,691.2182,2,3
2022-09-02T01:15:00-00:00,2022-09-02T01:30:00-00:00,2022-09-01,19,STDDRD_LNODEWZO,STDDRD_LNODEWZO,STDDRD_LNODEWZO,RTPD,MCE,LMP_ENE_PRC,STDDRD_LNODEWZO,ALL,1,1999.9933,2,3
2022-09-02T02:15:00-00:00,2022-09-02T02:30:00-00:00,2022-09-01,20,STDDRD_LNODEWZO,STDDRD_LNODEWZO,STDDRD_LNODEWZO,RTPD,MCE,LMP_ENE_PRC,STDDRD_LNODEWZO,ALL,1,1991.6721,2,3
2022-09-02T03:15:00-00:00,2022-09-02T03:30:00-00:00,2022-09-01,21,STDDRD_LNODEWZO,STDDRD_LNODEWZO,STDDRD_LNODEWZO,RTPD,MCE,LMP_ENE_PRC,STDDRD_LNODEWZO,ALL,1,400.52884,2,3
2022-09-02T04:15:00-00:00,2022-09-02T04:30:00-00:00,2022-09-01,22,STDDRD_LNODEWZO,STDDRD_LNODEWZO,STDDRD_LNODEWZO,RTPD,MCE,LMP_ENE_PRC,STDDRD_LNODEWZO,ALL,1,224.75041,2,3
2022-09-02T05:15:00-00:00,2022-09-02T05:30:00-00:00,2022-09-01,23,STDDRD_LNODEWZO,STDDRD_LNODEWZO,STDDRD_LNODEWZO,RTPD,MCE,LMP_ENE_PRC,STDDRD_LNODEWZO,ALL,1,157.11986,2,3
2022-09-02T06:15:00-00:00,2022-09-02T06:30:00-00:00,2022-09-01,24,STDDRD_LNODEWZO,STDDRD_LNODEWZO,STDDRD_LNODEWZO,RTPD,MCE,LMP_ENE_PRC,STDDRD_LNODEWZO,ALL,1,143.1005,2,3
2022-09-01T07:30:00-00:00,2022-09-01T07:45:00-00:00,2022-09-01,01,STDDRD_LNODEWZO,STDDRD_LNODEWZO,STDDRD_LNODEWZO,RTPD,MCE,LMP_ENE_PRC,STDDRD_LNODEWZO,ALL,1,119.03196,3,3
2022-09-01T08:30:00-00:00,2022-09-01T08:45:00-00:00,2022-09-01,02,STDDRD_LNODEWZO,STDDRD_LNODEWZO,STDDRD_LNODEWZO,RTPD,MCE,LMP_ENE_PRC,STDDRD_LNODEWZO,ALL,1,111.11241,3,3
2022-09-01T09:30:00-00:00,2022-09-01T09:45:00-00:00,2022-09-01,03,STDDRD_LNODEWZO,STDDRD_LNODEWZO,STDDRD_LNODEWZO,RTPD,MCE,LMP_ENE_PRC,STDDRD_LNODEWZO,ALL,1,98.16228,3,3
2022-09-01T10:30:00-00:00,2022-09-01T10:45:00-00:00,2022-09-01,04,STDDRD_LNODEWZO,STDDRD_LNODEWZO,STDDRD_LNODEWZO,RTPD,MCE,LMP_ENE_PRC,STDDRD_LNODEWZO,ALL,1,96.36226,3,3
2022-09-01T11:30:00-00:00,2022-09-01T11:45:00-00:00,2022-09-01,05,STDDRD_LNODEWZO,STDDRD_LNODEWZO,STDDRD_LNODEWZO,RTPD,MCE,LMP_ENE_PRC,STDDRD_LNODEWZO,ALL,1,103.06198,3,3
2022-09-01T12:30:00-00:00,2022-09-01T12:45:00-00:00,2022-09-01,06,STDDRD_LNODEWZO,STDDRD_LNODEWZO,STDDRD_LNODEWZO,RTPD,MCE,LMP_ENE_PRC,STDDRD_LNODEWZO,ALL,1,113.57403,3,3
2022-09-01T13:30:00-00:00,2022-09-01T13:45:00-00:00,2022-09-01,07,STDDRD_LNODEWZO,STDDRD_LNODEWZO,STDDRD_LNODEWZO,RTPD,MCE,LMP_ENE_PRC,STDDRD_LNODEWZO,ALL,1,111.52025,3,3
2022-09-01T14:30:00-00:00,2022-09-01T14:45:00-00:00,2022-09-01,08,STDDRD_LNODEWZO,STDDRD_LNODEWZO,STDDRD_LNODEWZO,RTPD,MCE,LMP_ENE_PRC,STDDRD_LNODEWZO,ALL,1,101.83428,3,3
2022-09-01T15:30:00-00:00,2022-09-01T15:45:00-00:00,2022-09-01,09,STDDRD_LNODEWZO,STDDRD_LNODEWZO,STDDRD_LNODEWZO,RTPD,MCE,LMP_ENE_PRC,STDDRD_LNODEWZO,ALL,1,86.1388,3,3
2022-09-01T16:30:00-00:00,2022-09-01T16:45:00-00:00,2022-09-01,10,STDDRD_LNODEWZO,STDDRD_LNODEWZO,STDDRD_LNODEWZO,RTPD,MCE,LMP_ENE_PRC,STDDRD_LNODEWZO,ALL,1,88.79644,3,3
2022-09-01T17:30:00-00:00,2022-09-01T17:45:00-00:00,2022-09-01,11,STDDRD_LNODEWZO,STDDRD_LNODEWZO,STDDRD_LNODEWZO,RTPD,MCE,LMP_ENE_PRC,STDDRD_LNODEWZO,ALL,1,99.13013,3,3
2022-09-01T18:30:00-00:00,2022-09-01T18:45:00-00:00,2022-09-01,12,STDDRD_LNODEWZO,STDDRD_LNODEWZO,STDDRD_LNODEWZO,RTPD,MCE,LMP_ENE_PRC,STDDRD_LNODEWZO,ALL,1,107.05718,3,3
2022-09-01T19:30:00-00:00,2022-09-01T19:45:00-00:00,2022-09-01,13,STDDRD_LNODEWZO,STDDRD_LNODEWZO,STDDRD_LNODEWZO,RTPD,MCE,LMP_ENE_PRC,STDDRD_LNODEWZO,ALL,1,114.05905,3,3
2022-09-01T20:30:00-00:00,2022-09-01T20:45:00-00:00,2022-09-01,14,STDDRD_LNODEWZO,STDDRD_LNODEWZO,STDDRD_LNODEWZO,RTPD,MCE,LMP_ENE_PRC,STDDRD_LNODEWZO,ALL,1,129.81606,3,3
2022-09-01T21:30:00-00:00,2022-09-01T21:45:00-00:00,2022-09-01,15,STDDRD_LNODEWZO,STDDRD_LNODEWZO,STDDRD_LNODEWZO,RTPD,MCE,LMP_ENE_PRC,STDDRD_LNODEWZO,ALL,1,152.93057,3,3
2022-09-01T22:30:00-00:00,2022-09-01T22:45:00-00:00,2022-09-01,16,STDDRD_LNODEWZO,STDDRD_LNODEWZO,STDDRD_LNODEWZO,RTPD,MCE,LMP_ENE_PRC,STDDRD_LNODEWZO,ALL,1,283.18182,3,3
2022-09-01T23:30:00-00:00,2022-09-01T23:45:00-00:00,2022-09-01,17,STDDRD_LNODEWZO,STDDRD_LNODEWZO,STDDRD_LNODEWZO,RTPD,MCE,LMP_ENE_PRC,STDDRD_LNODEWZO,ALL,1,566.48157,3,3
2022-09-02T00:30:00-00:00,2022-09-02T00:45:00-00:00,2022-09-01,18,STDDRD_LNODEWZO,STDDRD_LNODEWZO,STDDRD_LNODEWZO,RTPD,MCE,LMP_ENE_PRC,STDDRD_LNODEWZO,ALL,1,1329.1127,3,3
2022-09-02T01:30:00-00:00,2022-09-02T01:45:00-00:00,2022-09-01,19,STDDRD_LNODEWZO,STDDRD_LNODEWZO,STDDRD_LNODEWZO,RTPD,MCE,LMP_ENE_PRC,STDDRD_LNODEWZO,ALL,1,1999.9956,3,3
2022-09-02T02:30:00-00:00,2022-09-02T02:45:00-00:00,2022-09-01,20,STDDRD_LNODEWZO,STDDRD_LNODEWZO,STDDRD_LNODEWZO,RTPD,MCE,LMP_ENE_PRC,STDDRD_LNODEWZO,ALL,1,1991.671,3,3
2022-09-02T03:30:00-00:00,2022-09-02T03:45:00-00:00,2022-09-01,21,STDDRD_LNODEWZO,STDDRD_LNODEWZO,STDDRD_LNODEWZO,RTPD,MCE,LMP_ENE_PRC,STDDRD_LNODEWZO,ALL,1,186.61823,3,3
2022-09-02T04:30:00-00:00,2022-09-02T04:45:00-00:00,2022-09-01,22,STDDRD_LNODEWZO,STDDRD_LNODEWZO,STDDRD_LNODEWZO,RTPD,MCE,LMP_ENE_PRC,STDDRD_LNODEWZO,ALL,1,180.67824,3,3
2022-09-02T05:30:00-00:00,2022-09-02T05:45:00-00:00,2022-09-01,23,STDDRD_LNODEWZO,STDDRD_LNODEWZO,STDDRD_LNODEWZO,RTPD,MCE,LMP_ENE_PRC,STDDRD_LNODEWZO,ALL,1,131.69917,3,3
2022-09-02T06:30:00-00:00,2022-09-02T06:45:00-00:00,2022-09-01,24,STDDRD_LNODEWZO,STDDRD_LNODEWZO,STDDRD_LNODEWZO,RTPD,MCE,LMP_ENE_PRC,STDDRD_LNODEWZO,ALL,1,128.9871,3,3
2022-09-01T07:45:00-00:00,2022-09-01T08:00:00-00:00,2022-09-01,01,STDDRD_LNODEWZO,STDDRD_LNODEWZO,STDDRD_LNODEWZO,RTPD,MCE,LMP_ENE_PRC,STDDRD_LNODEWZO,ALL,1,109.12099,4,3
2022-09-01T08:45:00-00:00,2022-09-01T09:00:00-00:00,2022-09-01,02,STDDRD_LNODEWZO,STDDRD_LNODEWZO,STDDRD_LNODEWZO,RTPD,MCE,LMP_ENE_PRC,STDDRD_LNODEWZO,ALL,1,98.7357,4,3
2022-09-01T09:45:00-00:00,2022-09-01T10:00:00-00:00,2022-09-01,03,STDDRD_LNODEWZO,STDDRD_LNODEWZO,STDDRD_LNODEWZO,RTPD,MCE,LMP_ENE_PRC,STDDRD_LNODEWZO,ALL,1,97.50475,4,3
2022-09-01T10:45:00-00:00,2022-09-01T11:00:00-00:00,2022-09-01,04,STDDRD_LNODEWZO,STDDRD_LNODEWZO,STDDRD_LNODEWZO,RTPD,MCE,LMP_ENE_PRC,STDDRD_LNODEWZO,ALL,1,94.71966,4,3
2022-09-01T11:45:00-00:00,2022-09-01T12:00:00-00:00,2022-09-01,05,STDDRD_LNODEWZO,STDDRD_LNODEWZO,STDDRD_LNODEWZO,RTPD,MCE,LMP_ENE_PRC,STDDRD_LNODEWZO,ALL,1,107.01,4,3
2022-09-01T12:45:00-00:00,2022-09-01T13:00:00-00:00,2022-09-01,06,STDDRD_LNODEWZO,STDDRD_LNODEWZO,STDDRD_LNODEWZO,RTPD,MCE,LMP_ENE_PRC,STDDRD_LNODEWZO,ALL,1,116.4848,4,3
2022-09-01T13:45:00-00:00,2022-09-01T14:00:00-00:00,2022-09-01,07,STDDRD_LNODEWZO,STDDRD_LNODEWZO,STDDRD_LNODEWZO,RTPD,MCE,LMP_ENE_PRC,STDDRD_LNODEWZO,ALL,1,111.41,4,3
2022-09-01T14:45:00-00:00,2022-09-01T15:00:00-00:00,2022-09-01,08,STDDRD_LNODEWZO,STDDRD_LNODEWZO,STDDRD_LNODEWZO,RTPD,MCE,LMP_ENE_PRC,STDDRD_LNODEWZO,ALL,1,86.1388,4,3
2022-09-01T15:45:00-00:00,2022-09-01T16:00:00-00:00,2022-09-01,09,STDDRD_LNODEWZO,STDDRD_LNODEWZO,STDDRD_LNODEWZO,RTPD,MCE,LMP_ENE_PRC,STDDRD_LNODEWZO,ALL,1,78.70076,4,3
2022-09-01T16:45:00-00:00,2022-09-01T17:00:00-00:00,2022-09-01,10,STDDRD_LNODEWZO,STDDRD_LNODEWZO,STDDRD_LNODEWZO,RTPD,MCE,LMP_ENE_PRC,STDDRD_LNODEWZO,ALL,1,91.24933,4,3
2022-09-01T17:45:00-00:00,2022-09-01T18:00:00-00:00,2022-09-01,11,STDDRD_LNODEWZO,STDDRD_LNODEWZO,STDDRD_LNODEWZO,RTPD,MCE,LMP_ENE_PRC,STDDRD_LNODEWZO,ALL,1,99.20544,4,3
2022-09-01T18:45:00-00:00,2022-09-01T19:00:00-00:00,2022-09-01,12,STDDRD_LNODEWZO,STDDRD_LNODEWZO,STDDRD_LNODEWZO,RTPD,MCE,LMP_ENE_PRC,STDDRD_LNODEWZO,ALL,1,109.04064,4,3
2022-09-01T19:45:00-00:00,2022-09-01T20:00:00-00:00,2022-09-01,13,STDDRD_LNODEWZO,STDDRD_LNODEWZO,STDDRD_LNODEWZO,RTPD,MCE,LMP_ENE_PRC,STDDRD_LNODEWZO,ALL,1,120.22491,4,3
2022-09-01T20:45:00-00:00,2022-09-01T21:00:00-00:00,2022-09-01,14,STDDRD_LNODEWZO,STDDRD_LNODEWZO,STDDRD_LNODEWZO,RTPD,MCE,LMP_ENE_PRC,STDDRD_LNODEWZO,ALL,1,154.02509,4,3
2022-09-01T21:45:00-00:00,2022-09-01T22:00:00-00:00,2022-09-01,15,STDDRD_LNODEWZO,STDDRD_LNODEWZO,STDDRD_LNODEWZO,RTPD,MCE,LMP_ENE_PRC,STDDRD_LNODEWZO,ALL,1,300.29376,4,3
2022-09-01T22:45:00-00:00,2022-09-01T23:00:00-00:00,2022-09-01,16,STDDRD_LNODEWZO,STDDRD_LNODEWZO,STDDRD_LNODEWZO,RTPD,MCE,LMP_ENE_PRC,STDDRD_LNODEWZO,ALL,1,429.9137,4,3
2022-09-01T23:45:00-00:00,2022-09-02T00:00:00-00:00,2022-09-01,17,STDDRD_LNODEWZO,STDDRD_LNODEWZO,STDDRD_LNODEWZO,RTPD,MCE,LMP_ENE_PRC,STDDRD_LNODEWZO,ALL,1,1261.2124,4,3
2022-09-02T00:45:00-00:00,2022-09-02T01:00:00-00:00,2022-09-01,18,STDDRD_LNODEWZO,STDDRD_LNODEWZO,STDDRD_LNODEWZO,RTPD,MCE,LMP_ENE_PRC,STDDRD_LNODEWZO,ALL,1,1519.149,4,3
2022-09-02T01:45:00-00:00,2022-09-02T02:00:00-00:00,2022-09-01,19,STDDRD_LNODEWZO,STDDRD_LNODEWZO,STDDRD_LNODEWZO,RTPD,MCE,LMP_ENE_PRC,STDDRD_LNODEWZO,ALL,1,1991.9337,4,3
2022-09-02T02:45:00-00:00,2022-09-02T03:00:00-00:00,2022-09-01,20,STDDRD_LNODEWZO,STDDRD_LNODEWZO,STDDRD_LNODEWZO,RTPD,MCE,LMP_ENE_PRC,STDDRD_LNODEWZO,ALL,1,1629.6213,4,3
2022-09-02T03:45:00-00:00,2022-09-02T04:00:00-00:00,2022-09-01,21,STDDRD_LNODEWZO,STDDRD_LNODEWZO,STDDRD_LNODEWZO,RTPD,MCE,LMP_ENE_PRC,STDDRD_LNODEWZO,ALL,1,141.13702,4,3
2022-09-02T04:45:00-00:00,2022-09-02T05:00:00-00:00,2022-09-01,22,STDDRD_LNODEWZO,STDDRD_LNODEWZO,STDDRD_LNODEWZO,RTPD,MCE,LMP_ENE_PRC,STDDRD_LNODEWZO,ALL,1,126.76372,4,3
2022-09-02T05:45:00-00:00,2022-09-02T06:00:00-00:00,2022-09-01,23,STDDRD_LNODEWZO,STDDRD_LNODEWZO,STDDRD_LNODEWZO,RTPD,MCE,LMP_ENE_PRC,STDDRD_LNODEWZO,ALL,1,119.00958,4,3
2022-09-02T06:45:00-00:00,2022-09-02T07:00:00-00:00,2022-09-01,24,STDDRD_LNODEWZO,STDDRD_LNODEWZO,STDDRD_LNODEWZO,RTPD,MCE,LMP_ENE_PRC,STDDRD_LNODEWZO,ALL,1,109.20324,4,3
2022-09-01T07:00:00-00:00,2022-09-01T07:15:00-00:00,2022-09-01,01,STDDRD_LNODEWZO,STDDRD_LNODEWZO,STDDRD_LNODEWZO,RTPD,MCL,LMP_LOSS_PRC,STDDRD_LNODEWZO,ALL,1,3.43978,1,4
2022-09-01T08:00:00-00:00,2022-09-01T08:15:00-00:00,2022-09-01,02,STDDRD_LNODEWZO,STDDRD_LNODEWZO,STDDRD_LNODEWZO,RTPD,MCL,LMP_LOSS_PRC,STDDRD_LNODEWZO,ALL,1,0,1,4
2022-09-01T09:00:00-00:00,2022-09-01T09:15:00-00:00,2022-09-01,03,STDDRD_LNODEWZO,STDDRD_LNODEWZO,STDDRD_LNODEWZO,RTPD,MCL,LMP_LOSS_PRC,STDDRD_LNODEWZO,ALL,1,4.32836,1,4
2022-09-01T10:00:00-00:00,2022-09-01T10:15:00-00:00,2022-09-01,04,STDDRD_LNODEWZO,STDDRD_LNODEWZO,STDDRD_LNODEWZO,RTPD,MCL,LMP_LOSS_PRC,STDDRD_LNODEWZO,ALL,1,4.32058,1,4
2022-09-01T11:00:00-00:00,2022-09-01T11:15:00-00:00,2022-09-01,05,STDDRD_LNODEWZO,STDDRD_LNODEWZO,STDDRD_LNODEWZO,RTPD,MCL,LMP_LOSS_PRC,STDDRD_LNODEWZO,ALL,1,4.67718,1,4
2022-09-01T12:00:00-00:00,2022-09-01T12:15:00-00:00,2022-09-01,06,STDDRD_LNODEWZO,STDDRD_LNODEWZO,STDDRD_LNODEWZO,RTPD,MCL,LMP_LOSS_PRC,STDDRD_LNODEWZO,ALL,1,4.03144,1,4
2022-09-01T13:00:00-00:00,2022-09-01T13:15:00-00:00,2022-09-01,07,STDDRD_LNODEWZO,STDDRD_LNODEWZO,STDDRD_LNODEWZO,RTPD,MCL,LMP_LOSS_PRC,STDDRD_LNODEWZO,ALL,1,0,1,4
2022-09-01T14:00:00-00:00,2022-09-01T14:15:00-00:00,2022-09-01,08,STDDRD_LNODEWZO,STDDRD_LNODEWZO,STDDRD_LNODEWZO,RTPD,MCL,LMP_LOSS_PRC,STDDRD_LNODEWZO,ALL,1,5.06666,1,4
2022-09-01T15:00:00-00:00,2022-09-01T15:15:00-00:00,2022-09-01,09,STDDRD_LNODEWZO,STDDRD_LNODEWZO,STDDRD_LNODEWZO,RTPD,MCL,LMP_LOSS_PRC,STDDRD_LNODEWZO,ALL,1,0,1,4
2022-09-01T16:00:00-00:00,2022-09-01T16:15:00-00:00,2022-09-01,10,STDDRD_LNODEWZO,STDDRD_LNODEWZO,STDDRD_LNODEWZO,RTPD,MCL,LMP_LOSS_PRC,STDDRD_LNODEWZO,ALL,1,0,1,4
2022-09-01T17:00:00-00:00,2022-09-01T17:15:00-00:00,2022-09-01,11,STDDRD_LNODEWZO,STDDRD_LNODEWZO,STDDRD_LNODEWZO,RTPD,MCL,LMP_LOSS_PRC,STDDRD_LNODEWZO,ALL,1,0,1,4
2022-09-01T18:00:00-00:00,2022-09-01T18:15:00-00:00,2022-09-01,12,STDDRD_LNODEWZO,STDDRD_LNODEWZO,STDDRD_LNODEWZO,RTPD,MCL,LMP_LOSS_PRC,STDDRD_LNODEWZO,ALL,1,0,1,4
2022-09-01T19:00:00-00:00,2022-09-01T19:15:00-00:00,2022-09-01,13,STDDRD_LNODEWZO,STDDRD_LNODEWZO,STDDRD_LNODEWZO,RTPD,MCL,LMP_LOSS_PRC,STDDRD_LNODEWZO,ALL,1,0,1,4
2022-09-01T20:00:00-00:00,2022-09-01T20:15:00-00:00,2022-09-01,14,STDDRD_LNODEWZO,STDDRD_LNODEWZO,STDDRD_LNODEWZO,RTPD,MCL,LMP_LOSS_PRC,STDDRD_LNODEWZO,ALL,1,0,1,4
2022-09-01T21:00:00-00:00,2022-09-01T21:15:00-00:00,2022-09-01,15,STDDRD_LNODEWZO,STDDRD_LNODEWZO,STDDRD_LNODEWZO,RTPD,MCL,LMP_LOSS_PRC,STDDRD_LNODEWZO,ALL,1,0,1,4
2022-09-01T22:00:00-00:00,2022-09-01T22:15:00-00:00,2022-09-01,16,STDDRD_LNODEWZO,STDDRD_LNODEWZO,STDDRD_LNODEWZO,RTPD,MCL,LMP_LOSS_PRC,STDDRD_LNODEWZO,ALL,1,0,1,4
2022-09-01T23:00:00-00:00,2022-09-01T23:15:00-00:00,2022-09-01,17,STDDRD_LNODEWZO,STDDRD_LNODEWZO,STDDRD_LNODEWZO,RTPD,MCL,LMP_LOSS_PRC,STDDRD_LNODEWZO,ALL,1,0,1,4
2022-09-02T00:00:00-00:00,2022-09-02T00:15:00-00:00,2022-09-01,18,STDDRD_LNODEWZO,STDDRD_LNODEWZO,STDDRD_LNODEWZO,RTPD,MCL,LMP_LOSS_PRC,STDDRD_LNODEWZO,ALL,1,38.76018,1,4
2022-09-02T01:00:00-00:00,2022-09-02T01:15:00-00:00,2022-09-01,19,STDDRD_LNODEWZO,STDDRD_LNODEWZO,STDDRD_LNODEWZO,RTPD,MCL,LMP_LOSS_PRC,STDDRD_LNODEWZO,ALL,1,0,1,4
2022-09-02T02:00:00-00:00,2022-09-02T02:15:00-00:00,2022-09-01,20,STDDRD_LNODEWZO,STDDRD_LNODEWZO,STDDRD_LNODEWZO,RTPD,MCL,LMP_LOSS_PRC,STDDRD_LNODEWZO,ALL,1,0,1,4
2022-09-02T03:00:00-00:00,2022-09-02T03:15:00-00:00,2022-09-01,21,STDDRD_LNODEWZO,STDDRD_LNODEWZO,STDDRD_LNODEWZO,RTPD,MCL,LMP_LOSS_PRC,STDDRD_LNODEWZO,ALL,1,53.76841,1,4
2022-09-02T04:00:00-00:00,2022-09-02T04:15:00-00:00,2022-09-01,22,STDDRD_LNODEWZO,STDDRD_LNODEWZO,STDDRD_LNODEWZO,RTPD,MCL,LMP_LOSS_PRC,STDDRD_LNODEWZO,ALL,1,15.10877,1,4
2022-09-02T05:00:00-00:00,2022-09-02T05:15:00-00:00,2022-09-01,23,STDDRD_LNODEWZO,STDDRD_LNODEWZO,STDDRD_LNODEWZO,RTPD,MCL,LMP_LOSS_PRC,STDDRD_LNODEWZO,ALL,1,8.90584,1,4
2022-09-02T06:00:00-00:00,2022-09-02T06:15:00-00:00,2022-09-01,24,STDDRD_LNODEWZO,STDDRD_LNODEWZO,STDDRD_LNODEWZO,RTPD,MCL,LMP_LOSS_PRC,STDDRD_LNODEWZO,ALL,1,5.36975,1,4
2022-09-01T07:15:00-00:00,2022-09-01T07:30:00-00:00,2022-09-01,01,STDDRD_LNODEWZO,STDDRD_LNODEWZO,STDDRD_LNODEWZO,RTPD,MCL,LMP_LOSS_PRC,STDDRD_LNODEWZO,ALL,1,0,2,4
2022-09-01T08:15:00-00:00,2022-09-01T08:30:00-00:00,2022-09-01,02,STDDRD_LNODEWZO,STDDRD_LNODEWZO,STDDRD_LNODEWZO,RTPD,MCL,LMP_LOSS_PRC,STDDRD_LNODEWZO,ALL,1,0,2,4
2022-09-01T09:15:00-00:00,2022-09-01T09:30:00-00:00,2022-09-01,03,STDDRD_LNODEWZO,STDDRD_LNODEWZO,STDDRD_LNODEWZO,RTPD,MCL,LMP_LOSS_PRC,STDDRD_LNODEWZO,ALL,1,4.22719,2,4
2022-09-01T10:15:00-00:00,2022-09-01T10:30:00-00:00,2022-09-01,04,STDDRD_LNODEWZO,STDDRD_LNODEWZO,STDDRD_LNODEWZO,RTPD,MCL,LMP_LOSS_PRC,STDDRD_LNODEWZO,ALL,1,4.30716,2,4
2022-09-01T11:15:00-00:00,2022-09-01T11:30:00-00:00,2022-09-01,05,STDDRD_LNODEWZO,STDDRD_LNODEWZO,STDDRD_LNODEWZO,RTPD,MCL,LMP_LOSS_PRC,STDDRD_LNODEWZO,ALL,1,4.70099,2,4
2022-09-01T12:15:00-00:00,2022-09-01T12:30:00-00:00,2022-09-01,06,STDDRD_LNODEWZO,STDDRD_LNODEWZO,STDDRD_LNODEWZO,RTPD,MCL,LMP_LOSS_PRC,STDDRD_LNODEWZO,ALL,1,4.7337,2,4
2022-09-01T13:15:00-00:00,2022-09-01T13:30:00-00:00,2022-09-01,07,STDDRD_LNODEWZO,STDDRD_LNODEWZO,STDDRD_LNODEWZO,RTPD,MCL,LMP_LOSS_PRC,STDDRD_LNODEWZO,ALL,1,4.61665,2,4
2022-09-01T14:15:00-00:00,2022-09-01T14:30:00-00:00,2022-09-01,08,STDDRD_LNODEWZO,STDDRD_LNODEWZO,STDDRD_LNODEWZO,RTPD,MCL,LMP_LOSS_PRC,STDDRD_LNODEWZO,ALL,1,4.47437,2,4
2022-09-01T15:15:00-00:00,2022-09-01T15:30:00-00:00,2022-09-01,09,STDDRD_LNODEWZO,STDDRD_LNODEWZO,STDDRD_LNODEWZO,RTPD,MCL,LMP_LOSS_PRC,STDDRD_LNODEWZO,ALL,1,0,2,4
2022-09-01T16:15:00-00:00,2022-09-01T16:30:00-00:00,2022-09-01,10,STDDRD_LNODEWZO,STDDRD_LNODEWZO,STDDRD_LNODEWZO,RTPD,MCL,LMP_LOSS_PRC,STDDRD_LNODEWZO,ALL,1,0,2,4
2022-09-01T17:15:00-00:00,2022-09-01T17:30:00-00:00,2022-09-01,11,STDDRD_LNODEWZO,STDDRD_LNODEWZO,STDDRD_LNODEWZO,RTPD,MCL,LMP_LOSS_PRC,STDDRD_LNODEWZO,ALL,1,0,2,4
2022-09-01T18:15:00-00:00,2022-09-01T18:30:00-00:00,2022-09-01,12,STDDRD_LNODEWZO,STDDRD_LNODEWZO,STDDRD_LNODEWZO,RTPD,MCL,LMP_LOSS_PRC,STDDRD_LNODEWZO,ALL,1,0,2,4
2022-09-01T19:15:00-00:00,2022-09-01T19:30:00-00:00,2022-09-01,13,STDDRD_LNODEWZO,STDDRD_LNODEWZO,STDDRD_LNODEWZO,RTPD,MCL,LMP_LOSS_PRC,STDDRD_LNODEWZO,ALL,1,0,2,4
2022-09-01T20:15:00-00:00,2022-09-01T20:30:00-00:00,2022-09-01,14,STDDRD_LNODEWZO,STDDRD_LNODEWZO,STDDRD_LNODEWZO,RTPD,MCL,LMP_LOSS_PRC,STDDRD_LNODEWZO,ALL,1,0,2,4
2022-09-01T21:15:00-00:00,2022-09-01T21:30:00-00:00,2022-09-01,15,STDDRD_LNODEWZO,STDDRD_LNODEWZO,STDDRD_LNODEWZO,RTPD,MCL,LMP_LOSS_PRC,STDDRD_LNODEWZO,ALL,1,0,2,4
2022-09-01T22:15:00-00:00,2022-09-01T22:30:00-00:00,2022-09-01,16,STDDRD_LNODEWZO,STDDRD_LNODEWZO,STDDRD_LNODEWZO,RTPD,MCL,LMP_LOSS_PRC,STDDRD_LNODEWZO,ALL,1,0,2,4
2022-09-01T23:15:00-00:00,2022-09-01T23:30:00-00:00,2022-09-01,17,STDDRD_LNODEWZO,STDDRD_LNODEWZO,STDDRD_LNODEWZO,RTPD,MCL,LMP_LOSS_PRC,STDDRD_LNODEWZO,ALL,1,0,2,4
2022-09-02T00:15:00-00:00,2022-09-02T00:30:00-00:00,2022-09-01,18,STDDRD_LNODEWZO,STDDRD_LNODEWZO,STDDRD_LNODEWZO,RTPD,MCL,LMP_LOSS_PRC,STDDRD_LNODEWZO,ALL,1,34.97558,2,4
2022-09-02T01:15:00-00:00,2022-09-02T01:30:00-00:00,2022-09-01,19,STDDRD_LNODEWZO,STDDRD_LNODEWZO,STDDRD_LNODEWZO,RTPD,MCL,LMP_LOSS_PRC,STDDRD_LNODEWZO,ALL,1,0,2,4
2022-09-02T02:15:00-00:00,2022-09-02T02:30:00-00:00,2022-09-01,20,STDDRD_LNODEWZO,STDDRD_LNODEWZO,STDDRD_LNODEWZO,RTPD,MCL,LMP_LOSS_PRC,STDDRD_LNODEWZO,ALL,1,0,2,4
2022-09-02T03:15:00-00:00,2022-09-02T03:30:00-00:00,2022-09-01,21,STDDRD_LNODEWZO,STDDRD_LNODEWZO,STDDRD_LNODEWZO,RTPD,MCL,LMP_LOSS_PRC,STDDRD_LNODEWZO,ALL,1,22.66986,2,4
2022-09-02T04:15:00-00:00,2022-09-02T04:30:00-00:00,2022-09-01,22,STDDRD_LNODEWZO,STDDRD_LNODEWZO,STDDRD_LNODEWZO,RTPD,MCL,LMP_LOSS_PRC,STDDRD_LNODEWZO,ALL,1,12.36121,2,4
2022-09-02T05:15:00-00:00,2022-09-02T05:30:00-00:00,2022-09-01,23,STDDRD_LNODEWZO,STDDRD_LNODEWZO,STDDRD_LNODEWZO,RTPD,MCL,LMP_LOSS_PRC,STDDRD_LNODEWZO,ALL,1,7.62037,2,4
2022-09-02T06:15:00-00:00,2022-09-02T06:30:00-00:00,2022-09-01,24,STDDRD_LNODEWZO,STDDRD_LNODEWZO,STDDRD_LNODEWZO,RTPD,MCL,LMP_LOSS_PRC,STDDRD_LNODEWZO,ALL,1,4.32167,2,4
2022-09-01T07:30:00-00:00,2022-09-01T07:45:00-00:00,2022-09-01,01,STDDRD_LNODEWZO,STDDRD_LNODEWZO,STDDRD_LNODEWZO,RTPD,MCL,LMP_LOSS_PRC,STDDRD_LNODEWZO,ALL,1,0,3,4
2022-09-01T08:30:00-00:00,2022-09-01T08:45:00-00:00,2022-09-01,02,STDDRD_LNODEWZO,STDDRD_LNODEWZO,STDDRD_LNODEWZO,RTPD,MCL,LMP_LOSS_PRC,STDDRD_LNODEWZO,ALL,1,4.51121,3,4
2022-09-01T09:30:00-00:00,2022-09-01T09:45:00-00:00,2022-09-01,03,STDDRD_LNODEWZO,STDDRD_LNODEWZO,STDDRD_LNODEWZO,RTPD,MCL,LMP_LOSS_PRC,STDDRD_LNODEWZO,ALL,1,4.05415,3,4
2022-09-01T10:30:00-00:00,2022-09-01T10:45:00-00:00,2022-09-01,04,STDDRD_LNODEWZO,STDDRD_LNODEWZO,STDDRD_LNODEWZO,RTPD,MCL,LMP_LOSS_PRC,STDDRD_LNODEWZO,ALL,1,4.2689,3,4
2022-09-01T11:30:00-00:00,2022-09-01T11:45:00-00:00,2022-09-01,05,STDDRD_LNODEWZO,STDDRD_LNODEWZO,STDDRD_LNODEWZO,RTPD,MCL,LMP_LOSS_PRC,STDDRD_LNODEWZO,ALL,1,4.80274,3,4
2022-09-01T12:30:00-00:00,2022-09-01T12:45:00-00:00,2022-09-01,06,STDDRD_LNODEWZO,STDDRD_LNODEWZO,STDDRD_LNODEWZO,RTPD,MCL,LMP_LOSS_PRC,STDDRD_LNODEWZO,ALL,1,4.64523,3,4
2022-09-01T13:30:00-00:00,2022-09-01T13:45:00-00:00,2022-09-01,07,STDDRD_LNODEWZO,STDDRD_LNODEWZO,STDDRD_LNODEWZO,RTPD,MCL,LMP_LOSS_PRC,STDDRD_LNODEWZO,ALL,1,4.80647,3,4
2022-09-01T14:30:00-00:00,2022-09-01T14:45:00-00:00,2022-09-01,08,STDDRD_LNODEWZO,STDDRD_LNODEWZO,STDDRD_LNODEWZO,RTPD,MCL,LMP_LOSS_PRC,STDDRD_LNODEWZO,ALL,1,4.32791,3,4
2022-09-01T15:30:00-00:00,2022-09-01T15:45:00-00:00,2022-09-01,09,STDDRD_LNODEWZO,STDDRD_LNODEWZO,STDDRD_LNODEWZO,RTPD,MCL,LMP_LOSS_PRC,STDDRD_LNODEWZO,ALL,1,0,3,4
2022-09-01T16:30:00-00:00,2022-09-01T16:45:00-00:00,2022-09-01,10,STDDRD_LNODEWZO,STDDRD_LNODEWZO,STDDRD_LNODEWZO,RTPD,MCL,LMP_LOSS_PRC,STDDRD_LNODEWZO,ALL,1,0,3,4
2022-09-01T17:30:00-00:00,2022-09-01T17:45:00-00:00,2022-09-01,11,STDDRD_LNODEWZO,STDDRD_LNODEWZO,STDDRD_LNODEWZO,RTPD,MCL,LMP_LOSS_PRC,STDDRD_LNODEWZO,ALL,1,0,3,4
2022-09-01T18:30:00-00:00,2022-09-01T18:45:00-00:00,2022-09-01,12,STDDRD_LNODEWZO,STDDRD_LNODEWZO,STDDRD_LNODEWZO,RTPD,MCL,LMP_LOSS_PRC,STDDRD_LNODEWZO,ALL,1,0,3,4
2022-09-01T19:30:00-00:00,2022-09-01T19:45:00-00:00,2022-09-01,13,STDDRD_LNODEWZO,STDDRD_LNODEWZO,STDDRD_LNODEWZO,RTPD,MCL,LMP_LOSS_PRC,STDDRD_LNODEWZO,ALL,1,0,3,4
2022-09-01T20:30:00-00:00,2022-09-01T20:45:00-00:00,2022-09-01,14,STDDRD_LNODEWZO,STDDRD_LNODEWZO,STDDRD_LNODEWZO,RTPD,MCL,LMP_LOSS_PRC,STDDRD_LNODEWZO,ALL,1,0,3,4
2022-09-01T21:30:00-00:00,2022-09-01T21:45:00-00:00,2022-09-01,15,STDDRD_LNODEWZO,STDDRD_LNODEWZO,STDDRD_LNODEWZO,RTPD,MCL,LMP_LOSS_PRC,STDDRD_LNODEWZO,ALL,1,0,3,4
2022-09-01T22:30:00-00:00,2022-09-01T22:45:00-00:00,2022-09-01,16,STDDRD_LNODEWZO,STDDRD_LNODEWZO,STDDRD_LNODEWZO,RTPD,MCL,LMP_LOSS_PRC,STDDRD_LNODEWZO,ALL,1,0,3,4
2022-09-01T23:30:00-00:00,2022-09-01T23:45:00-00:00,2022-09-01,17,STDDRD_LNODEWZO,STDDRD_LNODEWZO,STDDRD_LNODEWZO,RTPD,MCL,LMP_LOSS_PRC,STDDRD_LNODEWZO,ALL,1,0,3,4
2022-09-02T00:30:00-00:00,2022-09-02T00:45:00-00:00,2022-09-01,18,STDDRD_LNODEWZO,STDDRD_LNODEWZO,STDDRD_LNODEWZO,RTPD,MCL,LMP_LOSS_PRC,STDDRD_LNODEWZO,ALL,1,0,3,4
2022-09-02T01:30:00-00:00,2022-09-02T01:45:00-00:00,2022-09-01,19,STDDRD_LNODEWZO,STDDRD_LNODEWZO,STDDRD_LNODEWZO,RTPD,MCL,LMP_LOSS_PRC,STDDRD_LNODEWZO,ALL,1,0,3,4
2022-09-02T02:30:00-00:00,2022-09-02T02:45:00-00:00,2022-09-01,20,STDDRD_LNODEWZO,STDDRD_LNODEWZO,STDDRD_LNODEWZO,RTPD,MCL,LMP_LOSS_PRC,STDDRD_LNODEWZO,ALL,1,0,3,4
2022-09-02T03:30:00-00:00,2022-09-02T03:45:00-00:00,2022-09-01,21,STDDRD_LNODEWZO,STDDRD_LNODEWZO,STDDRD_LNODEWZO,RTPD,MCL,LMP_LOSS_PRC,STDDRD_LNODEWZO,ALL,1,10.30126,3,4
2022-09-02T04:30:00-00:00,2022-09-02T04:45:00-00:00,2022-09-01,22,STDDRD_LNODEWZO,STDDRD_LNODEWZO,STDDRD_LNODEWZO,RTPD,MCL,LMP_LOSS_PRC,STDDRD_LNODEWZO,ALL,1,8.04013,3,4
2022-09-02T05:30:00-00:00,2022-09-02T05:45:00-00:00,2022-09-01,23,STDDRD_LNODEWZO,STDDRD_LNODEWZO,STDDRD_LNODEWZO,RTPD,MCL,LMP_LOSS_PRC,STDDRD_LNODEWZO,ALL,1,6.36113,3,4
2022-09-02T06:30:00-00:00,2022-09-02T06:45:00-00:00,2022-09-01,24,STDDRD_LNODEWZO,STDDRD_LNODEWZO,STDDRD_LNODEWZO,RTPD,MCL,LMP_LOSS_PRC,STDDRD_LNODEWZO,ALL,1,5.67549,3,4
2022-09-01T07:45:00-00:00,2022-09-01T08:00:00-00:00,2022-09-01,01,STDDRD_LNODEWZO,STDDRD_LNODEWZO,STDDRD_LNODEWZO,RTPD,MCL,LMP_LOSS_PRC,STDDRD_LNODEWZO,ALL,1,0,4,4
2022-09-01T08:45:00-00:00,2022-09-01T09:00:00-00:00,2022-09-01,02,STDDRD_LNODEWZO,STDDRD_LNODEWZO,STDDRD_LNODEWZO,RTPD,MCL,LMP_LOSS_PRC,STDDRD_LNODEWZO,ALL,1,3.88036,4,4
2022-09-01T09:45:00-00:00,2022-09-01T10:00:00-00:00,2022-09-01,03,STDDRD_LNODEWZO,STDDRD_LNODEWZO,STDDRD_LNODEWZO,RTPD,MCL,LMP_LOSS_PRC,STDDRD_LNODEWZO,ALL,1,4.01725,4,4
2022-09-01T10:45:00-00:00,2022-09-01T11:00:00-00:00,2022-09-01,04,STDDRD_LNODEWZO,STDDRD_LNODEWZO,STDDRD_LNODEWZO,RTPD,MCL,LMP_LOSS_PRC,STDDRD_LNODEWZO,ALL,1,4.12036,4,4
2022-09-01T11:45:00-00:00,2022-09-01T12:00:00-00:00,2022-09-01,05,STDDRD_LNODEWZO,STDDRD_LNODEWZO,STDDRD_LNODEWZO,RTPD,MCL,LMP_LOSS_PRC,STDDRD_LNODEWZO,ALL,1,0,4,4
2022-09-01T12:45:00-00:00,2022-09-01T13:00:00-00:00,2022-09-01,06,STDDRD_LNODEWZO,STDDRD_LNODEWZO,STDDRD_LNODEWZO,RTPD,MCL,LMP_LOSS_PRC,STDDRD_LNODEWZO,ALL,1,0,4,4
2022-09-01T13:45:00-00:00,2022-09-01T14:00:00-00:00,2022-09-01,07,STDDRD_LNODEWZO,STDDRD_LNODEWZO,STDDRD_LNODEWZO,RTPD,MCL,LMP_LOSS_PRC,STDDRD_LNODEWZO,ALL,1,0,4,4
2022-09-01T14:45:00-00:00,2022-09-01T15:00:00-00:00,2022-09-01,08,STDDRD_LNODEWZO,STDDRD_LNODEWZO,STDDRD_LNODEWZO,RTPD,MCL,LMP_LOSS_PRC,STDDRD_LNODEWZO,ALL,1,0,4,4
2022-09-01T15:45:00-00:00,2022-09-01T16:00:00-00:00,2022-09-01,09,STDDRD_LNODEWZO,STDDRD_LNODEWZO,STDDRD_LNODEWZO,RTPD,MCL,LMP_LOSS_PRC,STDDRD_LNODEWZO,ALL,1,0,4,4
2022-09-01T16:45:00-00:00,2022-09-01T17:00:00-00:00,2022-09-01,10,STDDRD_LNODEWZO,STDDRD_LNODEWZO,STDDRD_LNODEWZO,RTPD,MCL,LMP_LOSS_PRC,STDDRD_LNODEWZO,ALL,1,0,4,4
2022-09-01T17:45:00-00:00,2022-09-01T18:00:00-00:00,2022-09-01,11,STDDRD_LNODEWZO,STDDRD_LNODEWZO,STDDRD_LNODEWZO,RTPD,MCL,LMP_LOSS_PRC,STDDRD_LNODEWZO,ALL,1,0,4,4
2022-09-01T18:45:00-00:00,2022-09-01T19:00:00-00:00,2022-09-01,12,STDDRD_LNODEWZO,STDDRD_LNODEWZO,STDDRD_LNODEWZO,RTPD,MCL,LMP_LOSS_PRC,STDDRD_LNODEWZO,ALL,1,0,4,4
2022-09-01T19:45:00-00:00,2022-09-01T20:00:00-00:00,2022-09-01,13,STDDRD_LNODEWZO,STDDRD_LNODEWZO,STDDRD_LNODEWZO,RTPD,MCL,LMP_LOSS_PRC,STDDRD_LNODEWZO,ALL,1,0,4,4
2022-09-01T20:45:00-00:00,2022-09-01T21:00:00-00:00,2022-09-01,14,STDDRD_LNODEWZO,STDDRD_LNODEWZO,STDDRD_LNODEWZO,RTPD,MCL,LMP_LOSS_PRC,STDDRD_LNODEWZO,ALL,1,0,4,4
2022-09-01T21:45:00-00:00,2022-09-01T22:00:00-00:00,2022-09-01,15,STDDRD_LNODEWZO,STDDRD_LNODEWZO,STDDRD_LNODEWZO,RTPD,MCL,LMP_LOSS_PRC,STDDRD_LNODEWZO,ALL,1,0,4,4
2022-09-01T22:45:00-00:00,2022-09-01T23:00:00-00:00,2022-09-01,16,STDDRD_LNODEWZO,STDDRD_LNODEWZO,STDDRD_LNODEWZO,RTPD,MCL,LMP_LOSS_PRC,STDDRD_LNODEWZO,ALL,1,0,4,4
2022-09-01T23:45:00-00:00,2022-09-02T00:00:00-00:00,2022-09-01,17,STDDRD_LNODEWZO,STDDRD_LNODEWZO,STDDRD_LNODEWZO,RTPD,MCL,LMP_LOSS_PRC,STDDRD_LNODEWZO,ALL,1,0,4,4
2022-09-02T00:45:00-00:00,2022-09-02T01:00:00-00:00,2022-09-01,18,STDDRD_LNODEWZO,STDDRD_LNODEWZO,STDDRD_LNODEWZO,RTPD,MCL,LMP_LOSS_PRC,STDDRD_LNODEWZO,ALL,1,0,4,4
2022-09-02T01:45:00-00:00,2022-09-02T02:00:00-00:00,2022-09-01,19,STDDRD_LNODEWZO,STDDRD_LNODEWZO,STDDRD_LNODEWZO,RTPD,MCL,LMP_LOSS_PRC,STDDRD_LNODEWZO,ALL,1,0,4,4
2022-09-02T02:45:00-00:00,2022-09-02T03:00:00-00:00,2022-09-01,20,STDDRD_LNODEWZO,STDDRD_LNODEWZO,STDDRD_LNODEWZO,RTPD,MCL,LMP_LOSS_PRC,STDDRD_LNODEWZO,ALL,1,106.57716,4,4
2022-09-02T03:45:00-00:00,2022-09-02T04:00:00-00:00,2022-09-01,21,STDDRD_LNODEWZO,STDDRD_LNODEWZO,STDDRD_LNODEWZO,RTPD,MCL,LMP_LOSS_PRC,STDDRD_LNODEWZO,ALL,1,6.8592,4,4
2022-09-02T04:45:00-00:00,2022-09-02T05:00:00-00:00,2022-09-01,22,STDDRD_LNODEWZO,STDDRD_LNODEWZO,STDDRD_LNODEWZO,RTPD,MCL,LMP_LOSS_PRC,STDDRD_LNODEWZO,ALL,1,8.44254,4,4
2022-09-02T05:45:00-00:00,2022-09-02T06:00:00-00:00,2022-09-01,23,STDDRD_LNODEWZO,STDDRD_LNODEWZO,STDDRD_LNODEWZO,RTPD,MCL,LMP_LOSS_PRC,STDDRD_LNODEWZO,ALL,1,4.93895,4,4
2022-09-02T06:45:00-00:00,2022-09-02T07:00:00-00:00,2022-09-01,24,STDDRD_LNODEWZO,STDDRD_LNODEWZO,STDDRD_LNODEWZO,RTPD,MCL,LMP_LOSS_PRC,STDDRD_LNODEWZO,ALL,1,5.30734,4,4
2022-09-01T07:00:00-00:00,2022-09-01T07:15:00-00:00,2022-09-01,01,STDDRD_LNODEWZO,STDDRD_LNODEWZO,STDDRD_LNODEWZO,RTPD,MGHG,LMP_GHG_PRC,STDDRD_LNODEWZO,ALL,1,0,1,5
2022-09-01T08:00:00-00:00,2022-09-01T08:15:00-00:00,2022-09-01,02,STDDRD_LNODEWZO,STDDRD_LNODEWZO,STDDRD_LNODEWZO,RTPD,MGHG,LMP_GHG_PRC,STDDRD_LNODEWZO,ALL,1,0,1,5
2022-09-01T09:00:00-00:00,2022-09-01T09:15:00-00:00,2022-09-01,03,STDDRD_LNODEWZO,STDDRD_LNODEWZO,STDDRD_LNODEWZO,RTPD,MGHG,LMP_GHG_PRC,STDDRD_LNODEWZO,ALL,1,0,1,5
2022-09-01T10:00:00-00:00,2022-09-01T10:15:00-00:00,2022-09-01,04,STDDRD_LNODEWZO,STDDRD_LNODEWZO,STDDRD_LNODEWZO,RTPD,MGHG,LMP_GHG_PRC,STDDRD_LNODEWZO,ALL,1,0,1,5
2022-09-01T11:00:00-00:00,2022-09-01T11:15:00-00:00,2022-09-01,05,STDDRD_LNODEWZO,STDDRD_LNODEWZO,STDDRD_LNODEWZO,RTPD,MGHG,LMP_GHG_PRC,STDDRD_LNODEWZO,ALL,1,0,1,5
2022-09-01T12:00:00-00:00,2022-09-01T12:15:00-00:00,2022-09-01,06,STDDRD_LNODEWZO,STDDRD_LNODEWZO,STDDRD_LNODEWZO,RTPD,MGHG,LMP_GHG_PRC,STDDRD_LNODEWZO,ALL,1,0,1,5
2022-09-01T13:00:00-00:00,2022-09-01T13:15:00-00:00,2022-09-01,07,STDDRD_LNODEWZO,STDDRD_LNODEWZO,STDDRD_LNODEWZO,RTPD,MGHG,LMP_GHG_PRC,STDDRD_LNODEWZO,ALL,1,0,1,5
2022-09-01T14:00:00-00:00,2022-09-01T14:15:00-00:00,2022-09-01,08,STDDRD_LNODEWZO,STDDRD_LNODEWZO,STDDRD_LNODEWZO,RTPD,MGHG,LMP_GHG_PRC,STDDRD_LNODEWZO,ALL,1,0,1,5
2022-09-01T15:00:00-00:00,2022-09-01T15:15:00-00:00,2022-09-01,09,STDDRD_LNODEWZO,STDDRD_LNODEWZO,STDDRD_LNODEWZO,RTPD,MGHG,LMP_GHG_PRC,STDDRD_LNODEWZO,ALL,1,0,1,5
2022-09-01T16:00:00-00:00,2022-09-01T16:15:00-00:00,2022-09-01,10,STDDRD_LNODEWZO,STDDRD_LNODEWZO,STDDRD_LNODEWZO,RTPD,MGHG,LMP_GHG_PRC,STDDRD_LNODEWZO,ALL,1,0,1,5
2022-09-01T17:00:00-00:00,2022-09-01T17:15:00-00:00,2022-09-01,11,STDDRD_LNODEWZO,STDDRD_LNODEWZO,STDDRD_LNODEWZO,RTPD,MGHG,LMP_GHG_PRC,STDDRD_LNODEWZO,ALL,1,0,1,5
2022-09-01T18:00:00-00:00,2022-09-01T18:15:00-00:00,2022-09-01,12,STDDRD_LNODEWZO,STDDRD_LNODEWZO,STDDRD_LNODEWZO,RTPD,MGHG,LMP_GHG_PRC,STDDRD_LNODEWZO,ALL,1,0,1,5
2022-09-01T19:00:00-00:00,2022-09-01T19:15:00-00:00,2022-09-01,13,STDDRD_LNODEWZO,STDDRD_LNODEWZO,STDDRD_LNODEWZO,RTPD,MGHG,LMP_GHG_PRC,STDDRD_LNODEWZO,ALL,1,0,1,5
2022-09-01T20:00:00-00:00,2022-09-01T20:15:00-00:00,2022-09-01,14,STDDRD_LNODEWZO,STDDRD_LNODEWZO,STDDRD_LNODEWZO,RTPD,MGHG,LMP_GHG_PRC,STDDRD_LNODEWZO,ALL,1,0,1,5
2022-09-01T21:00:00-00:00,2022-09-01T21:15:00-00:00,2022-09-01,15,STDDRD_LNODEWZO,STDDRD_LNODEWZO,STDDRD_LNODEWZO,RTPD,MGHG,LMP_GHG_PRC,STDDRD_LNODEWZO,ALL,1,0,1,5
2022-09-01T22:00:00-00:00,2022-09-01T22:15:00-00:00,2022-09-01,16,STDDRD_LNODEWZO,STDDRD_LNODEWZO,STDDRD_LNODEWZO,RTPD,MGHG,LMP_GHG_PRC,STDDRD_LNODEWZO,ALL,1,0,1,5
2022-09-01T23:00:00-00:00,2022-09-01T23:15:00-00:00,2022-09-01,17,STDDRD_LNODEWZO,STDDRD_LNODEWZO,STDDRD_LNODEWZO,RTPD,MGHG,LMP_GHG_PRC,STDDRD_LNODEWZO,ALL,1,0,1,5
2022-09-02T00:00:00-00:00,2022-09-02T00:15:00-00:00,2022-09-01,18,STDDRD_LNODEWZO,STDDRD_LNODEWZO,STDDRD_LNODEWZO,RTPD,MGHG,LMP_GHG_PRC,STDDRD_LNODEWZO,ALL,1,0,1,5
2022-09-02T01:00:00-00:00,2022-09-02T01:15:00-00:00,2022-09-01,19,STDDRD_LNODEWZO,STDDRD_LNODEWZO,STDDRD_LNODEWZO,RTPD,MGHG,LMP_GHG_PRC,STDDRD_LNODEWZO,ALL,1,0,1,5
2022-09-02T02:00:00-00:00,2022-09-02T02:15:00-00:00,2022-09-01,20,STDDRD_LNODEWZO,STDDRD_LNODEWZO,STDDRD_LNODEWZO,RTPD,MGHG,LMP_GHG_PRC,STDDRD_LNODEWZO,ALL,1,0,1,5
2022-09-02T03:00:00-00:00,2022-09-02T03:15:00-00:00,2022-09-01,21,STDDRD_LNODEWZO,STDDRD_LNODEWZO,STDDRD_LNODEWZO,RTPD,MGHG,LMP_GHG_PRC,STDDRD_LNODEWZO,ALL,1,0,1,5
2022-09-02T04:00:00-00:00,2022-09-02T04:15:00-00:00,2022-09-01,22,STDDRD_LNODEWZO,STDDRD_LNODEWZO,STDDRD_LNODEWZO,RTPD,MGHG,LMP_GHG_PRC,STDDRD_LNODEWZO,ALL,1,0,1,5
2022-09-02T05:00:00-00:00,2022-09-02T05:15:00-00:00,2022-09-01,23,STDDRD_LNODEWZO,STDDRD_LNODEWZO,STDDRD_LNODEWZO,RTPD,MGHG,LMP_GHG_PRC,STDDRD_LNODEWZO,ALL,1,0,1,5
2022-09-02T06:00:00-00:00,2022-09-02T06:15:00-00:00,2022-09-01,24,STDDRD_LNODEWZO,STDDRD_LNODEWZO,STDDRD_LNODEWZO,RTPD,MGHG,LMP_GHG_PRC,STDDRD_LNODEWZO,ALL,1,0,1,5
2022-09-01T07:15:00-00:00,2022-09-01T07:30:00-00:00,2022-09-01,01,STDDRD_LNODEWZO,STDDRD_LNODEWZO,STDDRD_LNODEWZO,RTPD,MGHG,LMP_GHG_PRC,STDDRD_LNODEWZO,ALL,1,0,2,5
2022-09-01T08:15:00-00:00,2022-09-01T08:30:00-00:00,2022-09-01,02,STDDRD_LNODEWZO,STDDRD_LNODEWZO,STDDRD_LNODEWZO,RTPD,MGHG,LMP_GHG_PRC,STDDRD_LNODEWZO,ALL,1,0,2,5
2022-09-01T09:15:00-00:00,2022-09-01T09:30:00-00:00,2022-09-01,03,STDDRD_LNODEWZO,STDDRD_LNODEWZO,STDDRD_LNODEWZO,RTPD,MGHG,LMP_GHG_PRC,STDDRD_LNODEWZO,ALL,1,0,2,5
2022-09-01T10:15:00-00:00,2022-09-01T10:30:00-00:00,2022-09-01,04,STDDRD_LNODEWZO,STDDRD_LNODEWZO,STDDRD_LNODEWZO,RTPD,MGHG,LMP_GHG_PRC,STDDRD_LNODEWZO,ALL,1,0,2,5
2022-09-01T11:15:00-00:00,2022-09-01T11:30:00-00:00,2022-09-01,05,STDDRD_LNODEWZO,STDDRD_LNODEWZO,STDDRD_LNODEWZO,RTPD,MGHG,LMP_GHG_PRC,STDDRD_LNODEWZO,ALL,1,0,2,5
2022-09-01T12:15:00-00:00,2022-09-01T12:30:00-00:00,2022-09-01,06,STDDRD_LNODEWZO,STDDRD_LNODEWZO,STDDRD_LNODEWZO,RTPD,MGHG,LMP_GHG_PRC,STDDRD_LNODEWZO,ALL,1,0,2,5
2022-09-01T13:15:00-00:00,2022-09-01T13:30:00-00:00,2022-09-01,07,STDDRD_LNODEWZO,STDDRD_LNODEWZO,STDDRD_LNODEWZO,RTPD,MGHG,LMP_GHG_PRC,STDDRD_LNODEWZO,ALL,1,0,2,5
2022-09-01T14:15:00-00:00,2022-09-01T14:30:00-00:00,2022-09-01,08,STDDRD_LNODEWZO,STDDRD_LNODEWZO,STDDRD_LNODEWZO,RTPD,MGHG,LMP_GHG_PRC,STDDRD_LNODEWZO,ALL,1,0,2,5
2022-09-01T15:15:00-00:00,2022-09-01T15:30:00-00:00,2022-09-01,09,STDDRD_LNODEWZO,STDDRD_LNODEWZO,STDDRD_LNODEWZO,RTPD,MGHG,LMP_GHG_PRC,STDDRD_LNODEWZO,ALL,1,0,2,5
2022-09-01T16:15:00-00:00,2022-09-01T16:30:00-00:00,2022-09-01,10,STDDRD_LNODEWZO,STDDRD_LNODEWZO,STDDRD_LNODEWZO,RTPD,MGHG,LMP_GHG_PRC,STDDRD_LNODEWZO,ALL,1,0,2,5
2022-09-01T17:15:00-00:00,2022-09-01T17:30:00-00:00,2022-09-01,11,STDDRD_LNODEWZO,STDDRD_LNODEWZO,STDDRD_LNODEWZO,RTPD,MGHG,LMP_GHG_PRC,STDDRD_LNODEWZO,ALL,1,0,2,5
2022-09-01T18:15:00-00:00,2022-09-01T18:30:00-00:00,2022-09-01,12,STDDRD_LNODEWZO,STDDRD_LNODEWZO,STDDRD_LNODEWZO,RTPD,MGHG,LMP_GHG_PRC,STDDRD_LNODEWZO,ALL,1,0,2,5
2022-09-01T19:15:00-00:00,2022-09-01T19:30:00-00:00,2022-09-01,13,STDDRD_LNODEWZO,STDDRD_LNODEWZO,STDDRD_LNODEWZO,RTPD,MGHG,LMP_GHG_PRC,STDDRD_LNODEWZO,ALL,1,0,2,5
2022-09-01T20:15:00-00:00,2022-09-01T20:30:00-00:00,2022-09-01,14,STDDRD_LNODEWZO,STDDRD_LNODEWZO,STDDRD_LNODEWZO,RTPD,MGHG,LMP_GHG_PRC,STDDRD_LNODEWZO,ALL,1,0,2,5
2022-09-01T21:15:00-00:00,2022-09-01T21:30:00-00:00,2022-09-01,15,STDDRD_LNODEWZO,STDDRD_LNODEWZO,STDDRD_LNODEWZO,RTPD,MGHG,LMP_GHG_PRC,STDDRD_LNODEWZO,ALL,1,0,2,5
2022-09-01T22:15:00-00:00,2022-09-01T22:30:00-00:00,2022-09-01,16,STDDRD_LNODEWZO,STDDRD_LNODEWZO,STDDRD_LNODEWZO,RTPD,MGHG,LMP_GHG_PRC,STDDRD_LNODEWZO,ALL,1,0,2,5
2022-09-01T23:15:00-00:00,2022-09-01T23:30:00-00:00,2022-09-01,17,STDDRD_LNODEWZO,STDDRD_LNODEWZO,STDDRD_LNODEWZO,RTPD,MGHG,LMP_GHG_PRC,STDDRD_LNODEWZO,ALL,1,0,2,5
2022-09-02T00:15:00-00:00,2022-09-02T00:30:00-00:00,2022-09-01,18,STDDRD_LNODEWZO,STDDRD_LNODEWZO,STDDRD_LNODEWZO,RTPD,MGHG,LMP_GHG_PRC,STDDRD_LNODEWZO,ALL,1,0,2,5
2022-09-02T01:15:00-00:00,2022-09-02T01:30:00-00:00,2022-09-01,19,STDDRD_LNODEWZO,STDDRD_LNODEWZO,STDDRD_LNODEWZO,RTPD,MGHG,LMP_GHG_PRC,STDDRD_LNODEWZO,ALL,1,0,2,5
2022-09-02T02:15:00-00:00,2022-09-02T02:30:00-00:00,2022-09-01,20,STDDRD_LNODEWZO,STDDRD_LNODEWZO,STDDRD_LNODEWZO,RTPD,MGHG,LMP_GHG_PRC,STDDRD_LNODEWZO,ALL,1,0,2,5
2022-09-02T03:15:00-00:00,2022-09-02T03:30:00-00:00,2022-09-01,21,STDDRD_LNODEWZO,STDDRD_LNODEWZO,STDDRD_LNODEWZO,RTPD,MGHG,LMP_GHG_PRC,STDDRD_LNODEWZO,ALL,1,0,2,5
2022-09-02T04:15:00-00:00,2022-09-02T04:30:00-00:00,2022-09-01,22,STDDRD_LNODEWZO,STDDRD_LNODEWZO,STDDRD_LNODEWZO,RTPD,MGHG,LMP_GHG_PRC,STDDRD_LNODEWZO,ALL,1,0,2,5
2022-09-02T05:15:00-00:00,2022-09-02T05:30:00-00:00,2022-09-01,23,STDDRD_LNODEWZO,STDDRD_LNODEWZO,STDDRD_LNODEWZO,RTPD,MGHG,LMP_GHG_PRC,STDDRD_LNODEWZO,ALL,1,0,2,5
2022-09-02T06:15:00-00:00,2022-09-02T06:30:00-00:00,2022-09-01,24,STDDRD_LNODEWZO,STDDRD_LNODEWZO,STDDRD_LNODEWZO,RTPD,MGHG,LMP_GHG_PRC,STDDRD_LNODEWZO,ALL,1,0,2,5
2022-09-01T07:30:00-00:00,2022-09-01T07:45:00-00:00,2022-09-01,01,STDDRD_LNODEWZO,STDDRD_LNODEWZO,STDDRD_LNODEWZO,RTPD,MGHG,LMP_GHG_PRC,STDDRD_LNODEWZO,ALL,1,0,3,5
2022-09-01T08:30:00-00:00,2022-09-01T08:45:00-00:00,2022-09-01,02,STDDRD_LNODEWZO,STDDRD_LNODEWZO,STDDRD_LNODEWZO,RTPD,MGHG,LMP_GHG_PRC,STDDRD_LNODEWZO,ALL,1,0,3,5
2022-09-01T09:30:00-00:00,2022-09-01T09:45:00-00:00,2022-09-01,03,STDDRD_LNODEWZO,STDDRD_LNODEWZO,STDDRD_LNODEWZO,RTPD,MGHG,LMP_GHG_PRC,STDDRD_LNODEWZO,ALL,1,0,3,5
2022-09-01T10:30:00-00:00,2022-09-01T10:45:00-00:00,2022-09-01,04,STDDRD_LNODEWZO,STDDRD_LNODEWZO,STDDRD_LNODEWZO,RTPD,MGHG,LMP_GHG_PRC,STDDRD_LNODEWZO,ALL,1,0,3,5
2022-09-01T11:30:00-00:00,2022-09-01T11:45:00-00:00,2022-09-01,05,STDDRD_LNODEWZO,STDDRD_LNODEWZO,STDDRD_LNODEWZO,RTPD,MGHG,LMP_GHG_PRC,STDDRD_LNODEWZO,ALL,1,0,3,5
2022-09-01T12:30:00-00:00,2022-09-01T12:45:00-00:00,2022-09-01,06,STDDRD_LNODEWZO,STDDRD_LNODEWZO,STDDRD_LNODEWZO,RTPD,MGHG,LMP_GHG_PRC,STDDRD_LNODEWZO,ALL,1,0,3,5
2022-09-01T13:30:00-00:00,2022-09-01T13:45:00-00:00,2022-09-01,07,STDDRD_LNODEWZO,STDDRD_LNODEWZO,STDDRD_LNODEWZO,RTPD,MGHG,LMP_GHG_PRC,STDDRD_LNODEWZO,ALL,1,0,3,5
2022-09-01T14:30:00-00:00,2022-09-01T14:45:00-00:00,2022-09-01,08,STDDRD_LNODEWZO,STDDRD_LNODEWZO,STDDRD_LNODEWZO,RTPD,MGHG,LMP_GHG_PRC,STDDRD_LNODEWZO,ALL,1,0,3,5
2022-09-01T15:30:00-00:00,2022-09-01T15:45:00-00:00,2022-09-01,09,STDDRD_LNODEWZO,STDDRD_LNODEWZO,STDDRD_LNODEWZO,RTPD,MGHG,LMP_GHG_PRC,STDDRD_LNODEWZO,ALL,1,0,3,5
2022-09-01T16:30:00-00:00,2022-09-01T16:45:00-00:00,2022-09-01,10,STDDRD_LNODEWZO,STDDRD_LNODEWZO,STDDRD_LNODEWZO,RTPD,MGHG,LMP_GHG_PRC,STDDRD_LNODEWZO,ALL,1,0,3,5
2022-09-01T17:30:00-00:00,2022-09-01T17:45:00-00:00,2022-09-01,11,STDDRD_LNODEWZO,STDDRD_LNODEWZO,STDDRD_LNODEWZO,RTPD,MGHG,LMP_GHG_PRC,STDDRD_LNODEWZO,ALL,1,0,3,5
2022-09-01T18:30:00-00:00,2022-09-01T18:45:00-00:00,2022-09-01,12,STDDRD_LNODEWZO,STDDRD_LNODEWZO,STDDRD_LNODEWZO,RTPD,MGHG,LMP_GHG_PRC,STDDRD_LNODEWZO,ALL,1,0,3,5
2022-09-01T19:30:00-00:00,2022-09-01T19:45:00-00:00,2022-09-01,13,STDDRD_LNODEWZO,STDDRD_LNODEWZO,STDDRD_LNODEWZO,RTPD,MGHG,LMP_GHG_PRC,STDDRD_LNODEWZO,ALL,1,0,3,5
2022-09-01T20:30:00-00:00,2022-09-01T20:45:00-00:00,2022-09-01,14,STDDRD_LNODEWZO,STDDRD_LNODEWZO,STDDRD_LNODEWZO,RTPD,MGHG,LMP_GHG_PRC,STDDRD_LNODEWZO,ALL,1,0,3,5
2022-09-01T21:30:00-00:00,2022-09-01T21:45:00-00:00,2022-09-01,15,STDDRD_LNODEWZO,STDDRD_LNODEWZO,STDDRD_LNODEWZO,RTPD,MGHG,LMP_GHG_PRC,STDDRD_LNODEWZO,ALL,1,0,3,5
2022-09-01T22:30:00-00:00,2022-09-01T22:45:00-00:00,2022-09-01,16,STDDRD_LNODEWZO,STDDRD_LNODEWZO,STDDRD_LNODEWZO,RTPD,MGHG,LMP_GHG_PRC,STDDRD_LNODEWZO,ALL,1,0,3,5
2022-09-01T23:30:00-00:00,2022-09-01T23:45:00-00:00,2022-09-01,17,STDDRD_LNODEWZO,STDDRD_LNODEWZO,STDDRD_LNODEWZO,RTPD,MGHG,LMP_GHG_PRC,STDDRD_LNODEWZO,ALL,1,0,3,5
2022-09-02T00:30:00-00:00,2022-09-02T00:45:00-00:00,2022-09-01,18,STDDRD_LNODEWZO,STDDRD_LNODEWZO,STDDRD_LNODEWZO,RTPD,MGHG,LMP_GHG_PRC,STDDRD_LNODEWZO,ALL,1,0,3,5
2022-09-02T01:30:00-00:00,2022-09-02T01:45:00-00:00,2022-09-01,19,STDDRD_LNODEWZO,STDDRD_LNODEWZO,STDDRD_LNODEWZO,RTPD,MGHG,LMP_GHG_PRC,STDDRD_LNODEWZO,ALL,1,0,3,5
2022-09-02T02:30:00-00:00,2022-09-02T02:45:00-00:00,2022-09-01,20,STDDRD_LNODEWZO,STDDRD_LNODEWZO,STDDRD_LNODEWZO,RTPD,MGHG,LMP_GHG_PRC,STDDRD_LNODEWZO,ALL,1,0,3,5
2022-09-02T03:30:00-00:00,2022-09-02T03:45:00-00:00,2022-09-01,21,STDDRD_LNODEWZO,STDDRD_LNODEWZO,STDDRD_LNODEWZO,RTPD,MGHG,LMP_GHG_PRC,STDDRD_LNODEWZO,ALL,1,0,3,5
2022-09-02T04:30:00-00:00,2022-09-02T04:45:00-00:00,2022-09-01,22,STDDRD_LNODEWZO,STDDRD_LNODEWZO,STDDRD_LNODEWZO,RTPD,MGHG,LMP_GHG_PRC,STDDRD_LNODEWZO,ALL,1,0,3,5
2022-09-02T05:30:00-00:00,2022-09-02T05:45:00-00:00,2022-09-01,23,STDDRD_LNODEWZO,STDDRD_LNODEWZO,STDDRD_LNODEWZO,RTPD,MGHG,LMP_GHG_PRC,STDDRD_LNODEWZO,ALL,1,0,3,5
2022-09-02T06:30:00-00:00,2022-09-02T06:45:00-00:00,2022-09-01,24,STDDRD_LNODEWZO,STDDRD_LNODEWZO,STDDRD_LNODEWZO,RTPD,MGHG,LMP_GHG_PRC,STDDRD_LNODEWZO,ALL,1,0,3,5
2022-09-01T07:45:00-00:00,2022-09-01T08:00:00-00:00,2022-09-01,01,STDDRD_LNODEWZO,STDDRD_LNODEWZO,STDDRD_LNODEWZO,RTPD,MGHG,LMP_GHG_PRC,STDDRD_LNODEWZO,ALL,1,0,4,5
2022-09-01T08:45:00-00:00,2022-09-01T09:00:00-00:00,2022-09-01,02,STDDRD_LNODEWZO,STDDRD_LNODEWZO,STDDRD_LNODEWZO,RTPD,MGHG,LMP_GHG_PRC,STDDRD_LNODEWZO,ALL,1,0,4,5
2022-09-01T09:45:00-00:00,2022-09-01T10:00:00-00:00,2022-09-01,03,STDDRD_LNODEWZO,STDDRD_LNODEWZO,STDDRD_LNODEWZO,RTPD,MGHG,LMP_GHG_PRC,STDDRD_LNODEWZO,ALL,1,0,4,5
2022-09-01T10:45:00-00:00,2022-09-01T11:00:00-00:00,2022-09-01,04,STDDRD_LNODEWZO,STDDRD_LNODEWZO,STDDRD_LNODEWZO,RTPD,MGHG,LMP_GHG_PRC,STDDRD_LNODEWZO,ALL,1,0,4,5
2022-09-01T11:45:00-00:00,2022-09-01T12:00:00-00:00,2022-09-01,05,STDDRD_LNODEWZO,STDDRD_LNODEWZO,STDDRD_LNODEWZO,RTPD,MGHG,LMP_GHG_PRC,STDDRD_LNODEWZO,ALL,1,0,4,5
2022-09-01T12:45:00-00:00,2022-09-01T13:00:00-00:00,2022-09-01,06,STDDRD_LNODEWZO,STDDRD_LNODEWZO,STDDRD_LNODEWZO,RTPD,MGHG,LMP_GHG_PRC,STDDRD_LNODEWZO,ALL,1,0,4,5
2022-09-01T13:45:00-00:00,2022-09-01T14:00:00-00:00,2022-09-01,07,STDDRD_LNODEWZO,STDDRD_LNODEWZO,STDDRD_LNODEWZO,RTPD,MGHG,LMP_GHG_PRC,STDDRD_LNODEWZO,ALL,1,0,4,5
2022-09-01T14:45:00-00:00,2022-09-01T15:00:00-00:00,2022-09-01,08,STDDRD_LNODEWZO,STDDRD_LNODEWZO,STDDRD_LNODEWZO,RTPD,MGHG,LMP_GHG_PRC,STDDRD_LNODEWZO,ALL,1,0,4,5
2022-09-01T15:45:00-00:00,2022-09-01T16:00:00-00:00,2022-09-01,09,STDDRD_LNODEWZO,STDDRD_LNODEWZO,STDDRD_LNODEWZO,RTPD,MGHG,LMP_GHG_PRC,STDDRD_LNODEWZO,ALL,1,0,4,5
2022-09-01T16:45:00-00:00,2022-09-01T17:00:00-00:00,2022-09-01,10,STDDRD_LNODEWZO,STDDRD_LNODEWZO,STDDRD_LNODEWZO,RTPD,MGHG,LMP_GHG_PRC,STDDRD_LNODEWZO,ALL,1,0,4,5
2022-09-01T17:45:00-00:00,2022-09-01T18:00:00-00:00,2022-09-01,11,STDDRD_LNODEWZO,STDDRD_LNODEWZO,STDDRD_LNODEWZO,RTPD,MGHG,LMP_GHG_PRC,STDDRD_LNODEWZO,ALL,1,0,4,5
2022-09-01T18:45:00-00:00,2022-09-01T19:00:00-00:00,2022-09-01,12,STDDRD_LNODEWZO,STDDRD_LNODEWZO,STDDRD_LNODEWZO,RTPD,MGHG,LMP_GHG_PRC,STDDRD_LNODEWZO,ALL,1,0,4,5
2022-09-01T19:45:00-00:00,2022-09-01T20:00:00-00:00,2022-09-01,13,STDDRD_LNODEWZO,STDDRD_LNODEWZO,STDDRD_LNODEWZO,RTPD,MGHG,LMP_GHG_PRC,STDDRD_LNODEWZO,ALL,1,0,4,5
2022-09-01T20:45:00-00:00,2022-09-01T21:00:00-00:00,2022-09-01,14,STDDRD_LNODEWZO,STDDRD_LNODEWZO,STDDRD_LNODEWZO,RTPD,MGHG,LMP_GHG_PRC,STDDRD_LNODEWZO,ALL,1,0,4,5
2022-09-01T21:45:00-00:00,2022-09-01T22:00:00-00:00,2022-09-01,15,STDDRD_LNODEWZO,STDDRD_LNODEWZO,STDDRD_LNODEWZO,RTPD,MGHG,LMP_GHG_PRC,STDDRD_LNODEWZO,ALL,1,0,4,5
2022-09-01T22:45:00-00:00,2022-09-01T23:00:00-00:00,2022-09-01,16,STDDRD_LNODEWZO,STDDRD_LNODEWZO,STDDRD_LNODEWZO,RTPD,MGHG,LMP_GHG_PRC,STDDRD_LNODEWZO,ALL,1,0,4,5
2022-09-01T23:45:00-00:00,2022-09-02T00:00:00-00:00,2022-09-01,17,STDDRD_LNODEWZO,STDDRD_LNODEWZO,STDDRD_LNODEWZO,RTPD,MGHG,LMP_GHG_PRC,STDDRD_LNODEWZO,ALL,1,0,4,5
2022-09-02T00:45:00-00:00,2022-09-02T01:00:00-00:00,2022-09-01,18,STDDRD_LNODEWZO,STDDRD_LNODEWZO,STDDRD_LNODEWZO,RTPD,MGHG,LMP_GHG_PRC,STDDRD_LNODEWZO,ALL,1,0,4,5
2022-09-02T01:45:00-00:00,2022-09-02T02:00:00-00:00,2022-09-01,19,STDDRD_LNODEWZO,STDDRD_LNODEWZO,STDDRD_LNODEWZO,RTPD,MGHG,LMP_GHG_PRC,STDDRD_LNODEWZO,ALL,1,0,4,5
2022-09-02T02:45:00-00:00,2022-09-02T03:00:00-00:00,2022-09-01,20,STDDRD_LNODEWZO,STDDRD_LNODEWZO,STDDRD_LNODEWZO,RTPD,MGHG,LMP_GHG_PRC,STDDRD_LNODEWZO,ALL,1,0,4,5
2022-09-02T03:45:00-00:00,2022-09-02T04:00:00-00:00,2022-09-01,21,STDDRD_LNODEWZO,STDDRD_LNODEWZO,STDDRD_LNODEWZO,RTPD,MGHG,LMP_GHG_PRC,STDDRD_LNODEWZO,ALL,1,0,4,5
2022-09-02T04:45:00-00:00,2022-09-02T05:00:00-00:00,2022-09-01,22,STDDRD_LNODEWZO,STDDRD_LNODEWZO,STDDRD_LNODEWZO,RTPD,MGHG,LMP_GHG_PRC,STDDRD_LNODEWZO,ALL,1,0,4,5
2022-09-02T05:45:00-00:00,2022-09-02T06:00:00-00:00,2022-09-01,23,STDDRD_LNODEWZO,STDDRD_LNODEWZO,STDDRD_LNODEWZO,RTPD,MGHG,LMP_GHG_PRC,STDDRD_LNODEWZO,ALL,1,0,4,5
2022-09-02T06:45:00-00:00,2022-09-02T07:00:00-00:00,2022-09-01,24,STDDRD_LNODEWZO,STDDRD_LNODEWZO,STDDRD_LNODEWZO,RTPD,MGHG,LMP_GHG_PRC,STDDRD_LNODEWZO,ALL,1,0,4,5
