INTERVALSTARTTIME_GMT,INTERVALENDTIME_GMT,OPR_DT,OPR_HR,NODE_ID_XML,NODE_ID,NODE,MARKET_RUN_ID,LMP_TYPE,XML_DATA_ITEM,PNODE_RESMRID,GRP_TYPE,POS,PRC,OPR_INTERVAL,GROUP
2022-09-01T07:00:00-00:00,2022-09-01T07:15:00-00:00,2022-09-01,01,DONPEDRO_6_MIDUNIT4GNODE,DONPEDRO_6_MIDUNIT4GNODE,DONPEDRO_6_MIDUNIT4GNODE,RTPD,LMP,LMP_PRC,DONPEDRO_6_MIDUNIT4GNODE,ALL,1,87.78299,1,1
2022-09-01T08:00:00-00:00,2022-09-01T08:15:00-00:00,2022-09-01,02,DONPEDRO_6_MIDUNIT4GNODE,DONPEDRO_6_MIDUNIT4GNODE,DONPEDRO_6_MIDUNIT4GNODE,RTPD,LMP,LMP_PRC,DONPEDRO_6_MIDUNIT4GNODE,ALL,1,112.1129,1,1
2022-09-01T09:00:00-00:00,2022-09-01T09:15:00-00:00,2022-09-01,03,DONPEDRO_6_MIDUNIT4GNODE,DONPEDRO_6_MIDUNIT4GNODE,DONPEDRO_6_MIDUNIT4GNODE,RTPD,LMP,LMP_PRC,DONPEDRO_6_MIDUNIT4GNODE,ALL,1,98.55725,1,1
2022-09-01T10:00:00-00:00,2022-09-01T10:15:00-00:00,2022-09-01,04,DONPEDRO_6_MIDUNIT4GNODE,DONPEDRO_6_MIDUNIT4GNODE,DONPEDRO_6_MIDUNIT4GNODE,RTPD,LMP,LMP_PRC,DONPEDRO_6_MIDUNIT4GNODE,ALL,1,98.32051,1,1
2022-09-01T11:00:00-00:00,2022-09-01T11:15:00-00:00,2022-09-01,05,DONPEDRO_6_MIDUNIT4GNODE,DONPEDRO_6_MIDUNIT4GNODE,DONPEDRO_6_MIDUNIT4GNODE,RTPD,LMP,LMP_PRC,DONPEDRO_6_MIDUNIT4GNODE,ALL,1,106.46744,1,1
2022-09-01T12:00:00-00:00,2022-09-01T12:15:00-00:00,2022-09-01,06,DONPEDRO_6_MIDUNIT4GNODE,DONPEDRO_6_MIDUNIT4GNODE,DONPEDRO_6_MIDUNIT4GNODE,RTPD,LMP,LMP_PRC,DONPEDRO_6_MIDUNIT4GNODE,ALL,1,90.0711,1,1
2022-09-01T13:00:00-00:00,2022-09-01T13:15:00-00:00,2022-09-01,07,DONPEDRO_6_MIDUNIT4GNODE,DONPEDRO_6_MIDUNIT4GNODE,DONPEDRO_6_MIDUNIT4GNODE,RTPD,LMP,LMP_PRC,DONPEDRO_6_MIDUNIT4GNODE,ALL,1,88.23199,1,1
2022-09-01T14:00:00-00:00,2022-09-01T14:15:00-00:00,2022-09-01,08,DONPEDRO_6_MIDUNIT4GNODE,DONPEDRO_6_MIDUNIT4GNODE,DONPEDRO_6_MIDUNIT4GNODE,RTPD,LMP,LMP_PRC,DONPEDRO_6_MIDUNIT4GNODE,ALL,1,115.08876,1,1
2022-09-01T15:00:00-00:00,2022-09-01T15:15:00-00:00,2022-09-01,09,DONPEDRO_6_MIDUNIT4GNODE,DONPEDRO_6_MIDUNIT4GNODE,DONPEDRO_6_MIDUNIT4GNODE,RTPD,LMP,LMP_PRC,DONPEDRO_6_MIDUNIT4GNODE,ALL,1,97.4124,1,1
2022-09-01T16:00:00-00:00,2022-09-01T16:15:00-00:00,2022-09-01,10,DONPEDRO_6_MIDUNIT4GNODE,DONPEDRO_6_MIDUNIT4GNODE,DONPEDRO_6_MIDUNIT4GNODE,RTPD,LMP,LMP_PRC,DONPEDRO_6_MIDUNIT4GNODE,ALL,1,83.43645,1,1
2022-09-01T17:00:00-00:00,2022-09-01T17:15:00-00:00,2022-09-01,11,DONPEDRO_6_MIDUNIT4GNODE,DONPEDRO_6_MIDUNIT4GNODE,DONPEDRO_6_MIDUNIT4GNODE,RTPD,LMP,LMP_PRC,DONPEDRO_6_MIDUNIT4GNODE,ALL,1,79.85619,1,1
2022-09-01T18:00:00-00:00,2022-09-01T18:15:00-00:00,2022-09-01,12,DONPEDRO_6_MIDUNIT4GNODE,DONPEDRO_6_MIDUNIT4GNODE,DONPEDRO_6_MIDUNIT4GNODE,RTPD,LMP,LMP_PRC,DONPEDRO_6_MIDUNIT4GNODE,ALL,1,58.42235,1,1
2022-09-01T19:00:00-00:00,2022-09-01T19:15:00-00:00,2022-09-01,13,DONPEDRO_6_MIDUNIT4GNODE,DONPEDRO_6_MIDUNIT4GNODE,DONPEDRO_6_MIDUNIT4GNODE,RTPD,LMP,LMP_PRC,DONPEDRO_6_MIDUNIT4GNODE,ALL,1,72.39949,1,1
2022-09-01T20:00:00-00:00,2022-09-01T20:15:00-00:00,2022-09-01,14,DONPEDRO_6_MIDUNIT4GNODE,DONPEDRO_6_MIDUNIT4GNODE,DONPEDRO_6_MIDUNIT4GNODE,RTPD,LMP,LMP_PRC,DONPEDRO_6_MIDUNIT4GNODE,ALL,1,114.32687,1,1
2022-09-01T21:00:00-00:00,2022-09-01T21:15:00-00:00,2022-09-01,15,DONPEDRO_6_MIDUNIT4GNODE,DONPEDRO_6_MIDUNIT4GNODE,DONPEDRO_6_MIDUNIT4GNODE,RTPD,LMP,LMP_PRC,DONPEDRO_6_MIDUNIT4GNODE,ALL,1,124.88442,1,1
2022-09-01T22:00:00-00:00,2022-09-01T22:15:00-00:00,2022-09-01,16,DONPEDRO_6_MIDUNIT4GNODE,DONPEDRO_6_MIDUNIT4GNODE,DONPEDRO_6_MIDUNIT4GNODE,RTPD,LMP,LMP_PRC,DONPEDRO_6_MIDUNIT4GNODE,ALL,1,119.01,1,1
2022-09-01T23:00:00-00:00,2022-09-01T23:15:00-00:00,2022-09-01,17,DONPEDRO_6_MIDUNIT4GNODE,DONPEDRO_6_MIDUNIT4GNODE,DONPEDRO_6_MIDUNIT4GNODE,RTPD,LMP,LMP_PRC,DONPEDRO_6_MIDUNIT4GNODE,ALL,1,212.66081,1,1
2022-09-02T00:00:00-00:00,2022-09-02T00:15:00-00:00,2022-09-01,18,DONPEDRO_6_MIDUNIT4GNODE,DONPEDRO_6_MIDUNIT4GNODE,DONPEDRO_6_MIDUNIT4GNODE,RTPD,LMP,LMP_PRC,DONPEDRO_6_MIDUNIT4GNODE,ALL,1,1083.2622,1,1
2022-09-02T01:00:00-00:00,2022-09-02T01:15:00-00:00,2022-09-01,19,DONPEDRO_6_MIDUNIT4GNODE,DONPEDRO_6_MIDUNIT4GNODE,DONPEDRO_6_MIDUNIT4GNODE,RTPD,LMP,LMP_PRC,DONPEDRO_6_MIDUNIT4GNODE,ALL,1,1241.471,1,1
2022-09-02T02:00:00-00:00,2022-09-02T02:15:00-00:00,2022-09-01,20,DONPEDRO_6_MIDUNIT4GNODE,DONPEDRO_6_MIDUNIT4GNODE,DONPEDRO_6_MIDUNIT4GNODE,RTPD,LMP,LMP_PRC,DONPEDRO_6_MIDUNIT4GNODE,ALL,1,1991.671,1,1
2022-09-02T03:00:00-00:00,2022-09-02T03:15:00-00:00,2022-09-01,21,DONPEDRO_6_MIDUNIT4GNODE,DONPEDRO_6_MIDUNIT4GNODE,DONPEDRO_6_MIDUNIT4GNODE,RTPD,LMP,LMP_PRC,DONPEDRO_6_MIDUNIT4GNODE,ALL,1,1317.1625,1,1
2022-09-02T04:00:00-00:00,2022-09-02T04:15:00-00:00,2022-09-01,22,DONPEDRO_6_MIDUNIT4GNODE,DONPEDRO_6_MIDUNIT4GNODE,DONPEDRO_6_MIDUNIT4GNODE,RTPD,LMP,LMP_PRC,DONPEDRO_6_MIDUNIT4GNODE,ALL,1,398.1029,1,1
2022-09-02T05:00:00-00:00,2022-09-02T05:15:00-00:00,2022-09-01,23,DONPEDRO_6_MIDUNIT4GNODE,DONPEDRO_6_MIDUNIT4GNODE,DONPEDRO_6_MIDUNIT4GNODE,RTPD,LMP,LMP_PRC,DONPEDRO_6_MIDUNIT4GNODE,ALL,1,179.61948,1,1
2022-09-02T06:00:00-00:00,2022-09-02T06:15:00-00:00,2022-09-01,24,DONPEDRO_6_MIDUNIT4GNODE,DONPEDRO_6_MIDUNIT4GNODE,DONPEDRO_6_MIDUNIT4GNODE,RTPD,LMP,LMP_PRC,DONPEDRO_6_MIDUNIT4GNODE,ALL,1,176.4381,1,1
2022-09-01T07:15:00-00:00,2022-09-01T07:30:00-00:00,2022-09-01,01,DONPEDRO_6_MIDUNIT4GNODE,DONPEDRO_6_MIDUNIT4GNODE,DONPEDRO_6_MIDUNIT4GNODE,RTPD,LMP,LMP_PRC,DONPEDRO_6_MIDUNIT4GNODE,ALL,1,115.24921,2,1
2022-09-01T08:15:00-00:00,2022-09-01T08:30:00-00:00,2022-09-01,02,DONPEDRO_6_MIDUNIT4GNODE,DONPEDRO_6_MIDUNIT4GNODE,DONPEDRO_6_MIDUNIT4GNODE,RTPD,LMP,LMP_PRC,DONPEDRO_6_MIDUNIT4GNODE,ALL,1,114.59468,2,1
2022-09-01T09:15:00-00:00,2022-09-01T09:30:00-00:00,2022-09-01,03,DONPEDRO_6_MIDUNIT4GNODE,DONPEDRO_6_MIDUNIT4GNODE,DONPEDRO_6_MIDUNIT4GNODE,RTPD,LMP,LMP_PRC,DONPEDRO_6_MIDUNIT4GNODE,ALL,1,95.63406,2,1
2022-09-01T10:15:00-00:00,2022-09-01T10:30:00-00:00,2022-09-01,04,DONPEDRO_6_MIDUNIT4GNODE,DONPEDRO_6_MIDUNIT4GNODE,DONPEDRO_6_MIDUNIT4GNODE,RTPD,LMP,LMP_PRC,DONPEDRO_6_MIDUNIT4GNODE,ALL,1,95.00629,2,1
2022-09-01T11:15:00-00:00,2022-09-01T11:30:00-00:00,2022-09-01,05,DONPEDRO_6_MIDUNIT4GNODE,DONPEDRO_6_MIDUNIT4GNODE,DONPEDRO_6_MIDUNIT4GNODE,RTPD,LMP,LMP_PRC,DONPEDRO_6_MIDUNIT4GNODE,ALL,1,106.99897,2,1
2022-09-01T12:15:00-00:00,2022-09-01T12:30:00-00:00,2022-09-01,06,DONPEDRO_6_MIDUNIT4GNODE,DONPEDRO_6_MIDUNIT4GNODE,DONPEDRO_6_MIDUNIT4GNODE,RTPD,LMP,LMP_PRC,DONPEDRO_6_MIDUNIT4GNODE,ALL,1,107.04186,2,1
2022-09-01T13:15:00-00:00,2022-09-01T13:30:00-00:00,2022-09-01,07,DONPEDRO_6_MIDUNIT4GNODE,DONPEDRO_6_MIDUNIT4GNODE,DONPEDRO_6_MIDUNIT4GNODE,RTPD,LMP,LMP_PRC,DONPEDRO_6_MIDUNIT4GNODE,ALL,1,114.63504,2,1
2022-09-01T14:15:00-00:00,2022-09-01T14:30:00-00:00,2022-09-01,08,DONPEDRO_6_MIDUNIT4GNODE,DONPEDRO_6_MIDUNIT4GNODE,DONPEDRO_6_MIDUNIT4GNODE,RTPD,LMP,LMP_PRC,DONPEDRO_6_MIDUNIT4GNODE,ALL,1,108.09748,2,1
2022-09-01T15:15:00-00:00,2022-09-01T15:30:00-00:00,2022-09-01,09,DONPEDRO_6_MIDUNIT4GNODE,DONPEDRO_6_MIDUNIT4GNODE,DONPEDRO_6_MIDUNIT4GNODE,RTPD,LMP,LMP_PRC,DONPEDRO_6_MIDUNIT4GNODE,ALL,1,86.94,2,1
2022-09-01T16:15:00-00:00,2022-09-01T16:30:00-00:00,2022-09-01,10,DONPEDRO_6_MIDUNIT4GNODE,DONPEDRO_6_MIDUNIT4GNODE,DONPEDRO_6_MIDUNIT4GNODE,RTPD,LMP,LMP_PRC,DONPEDRO_6_MIDUNIT4GNODE,ALL,1,87.76575,2,1
2022-09-01T17:15:00-00:00,2022-09-01T17:30:00-00:00,2022-09-01,11,DONPEDRO_6_MIDUNIT4GNODE,DONPEDRO_6_MIDUNIT4GNODE,DONPEDRO_6_MIDUNIT4GNODE,RTPD,LMP,LMP_PRC,DONPEDRO_6_MIDUNIT4GNODE,ALL,1,78.53134,2,1
2022-09-01T18:15:00-00:00,2022-09-01T18:30:00-00:00,2022-09-01,12,DONPEDRO_6_MIDUNIT4GNODE,DONPEDRO_6_MIDUNIT4GNODE,DONPEDRO_6_MIDUNIT4GNODE,RTPD,LMP,LMP_PRC,DONPEDRO_6_MIDUNIT4GNODE,ALL,1,74.00764,2,1
2022-09-01T19:15:00-00:00,2022-09-01T19:30:00-00:00,2022-09-01,13,DONPEDRO_6_MIDUNIT4GNODE,DONPEDRO_6_MIDUNIT4GNODE,DONPEDRO_6_MIDUNIT4GNODE,RTPD,LMP,LMP_PRC,DONPEDRO_6_MIDUNIT4GNODE,ALL,1,75.00485,2,1
2022-09-01T20:15:00-00:00,2022-09-01T20:30:00-00:00,2022-09-01,14,DONPEDRO_6_MIDUNIT4GNODE,DONPEDRO_6_MIDUNIT4GNODE,DONPEDRO_6_MIDUNIT4GNODE,RTPD,LMP,LMP_PRC,DONPEDRO_6_MIDUNIT4GNODE,ALL,1,114.25411,2,1
2022-09-01T21:15:00-00:00,2022-09-01T21:30:00-00:00,2022-09-01,15,DONPEDRO_6_MIDUNIT4GNODE,DONPEDRO_6_MIDUNIT4GNODE,DONPEDRO_6_MIDUNIT4GNODE,RTPD,LMP,LMP_PRC,DONPEDRO_6_MIDUNIT4GNODE,ALL,1,119.71946,2,1
2022-09-01T22:15:00-00:00,2022-09-01T22:30:00-00:00,2022-09-01,16,DONPEDRO_6_MIDUNIT4GNODE,DONPEDRO_6_MIDUNIT4GNODE,DONPEDRO_6_MIDUNIT4GNODE,RTPD,LMP,LMP_PRC,DONPEDRO_6_MIDUNIT4GNODE,ALL,1,135.72304,2,1
2022-09-01T23:15:00-00:00,2022-09-01T23:30:00-00:00,2022-09-01,17,DONPEDRO_6_MIDUNIT4GNODE,DONPEDRO_6_MIDUNIT4GNODE,DONPEDRO_6_MIDUNIT4GNODE,RTPD,LMP,LMP_PRC,DONPEDRO_6_MIDUNIT4GNODE,ALL,1,260.69342,2,1
2022-09-02T00:15:00-00:00,2022-09-02T00:30:00-00:00,2022-09-01,18,DONPEDRO_6_MIDUNIT4GNODE,DONPEDRO_6_MIDUNIT4GNODE,DONPEDRO_6_MIDUNIT4GNODE,RTPD,LMP,LMP_PRC,DONPEDRO_6_MIDUNIT4GNODE,ALL,1,996.458,2,1
2022-09-02T01:15:00-00:00,2022-09-02T01:30:00-00:00,2022-09-01,19,DONPEDRO_6_MIDUNIT4GNODE,DONPEDRO_6_MIDUNIT4GNODE,DONPEDRO_6_MIDUNIT4GNODE,RTPD,LMP,LMP_PRC,DONPEDRO_6_MIDUNIT4GNODE,ALL,1,1999.9945,2,1
2022-09-02T02:15:00-00:00,2022-09-02T02:30:00-00:00,2022-09-01,20,DONPEDRO_6_MIDUNIT4GNODE,DONPEDRO_6_MIDUNIT4GNODE,DONPEDRO_6_MIDUNIT4GNODE,RTPD,LMP,LMP_PRC,DONPEDRO_6_MIDUNIT4GNODE,ALL,1,1991.671,2,1
2022-09-02T03:15:00-00:00,2022-09-02T03:30:00-00:00,2022-09-01,21,DONPEDRO_6_MIDUNIT4GNODE,DONPEDRO_6_MIDUNIT4GNODE,DONPEDRO_6_MIDUNIT4GNODE,RTPD,LMP,LMP_PRC,DONPEDRO_6_MIDUNIT4GNODE,ALL,1,538.99133,2,1
2022-09-02T04:15:00-00:00,2022-09-02T04:30:00-00:00,2022-09-01,22,DONPEDRO_6_MIDUNIT4GNODE,DONPEDRO_6_MIDUNIT4GNODE,DONPEDRO_6_MIDUNIT4GNODE,RTPD,LMP,LMP_PRC,DONPEDRO_6_MIDUNIT4GNODE,ALL,1,352.1158,2,1
2022-09-02T05:15:00-00:00,2022-09-02T05:30:00-00:00,2022-09-01,23,DONPEDRO_6_MIDUNIT4GNODE,DONPEDRO_6_MIDUNIT4GNODE,DONPEDRO_6_MIDUNIT4GNODE,RTPD,LMP,LMP_PRC,DONPEDRO_6_MIDUNIT4GNODE,ALL,1,153.5387,2,1
2022-09-02T06:15:00-00:00,2022-09-02T06:30:00-00:00,2022-09-01,24,DONPEDRO_6_MIDUNIT4GNODE,DONPEDRO_6_MIDUNIT4GNODE,DONPEDRO_6_MIDUNIT4GNODE,RTPD,LMP,LMP_PRC,DONPEDRO_6_MIDUNIT4GNODE,ALL,1,139.61002,2,1
2022-09-01T07:30:00-00:00,2022-09-01T07:45:00-00:00,2022-09-01,01,DONPEDRO_6_MIDUNIT4GNODE,DONPEDRO_6_MIDUNIT4GNODE,DONPEDRO_6_MIDUNIT4GNODE,RTPD,LMP,LMP_PRC,DONPEDRO_6_MIDUNIT4GNODE,ALL,1,102.41697,3,1
2022-09-01T08:30:00-00:00,2022-09-01T08:45:00-00:00,2022-09-01,02,DONPEDRO_6_MIDUNIT4GNODE,DONPEDRO_6_MIDUNIT4GNODE,DONPEDRO_6_MIDUNIT4GNODE,RTPD,LMP,LMP_PRC,DONPEDRO_6_MIDUNIT4GNODE,ALL,1,115.2017,3,1
2022-09-01T09:30:00-00:00,2022-09-01T09:45:00-00:00,2022-09-01,03,DONPEDRO_6_MIDUNIT4GNODE,DONPEDRO_6_MIDUNIT4GNODE,DONPEDRO_6_MIDUNIT4GNODE,RTPD,LMP,LMP_PRC,DONPEDRO_6_MIDUNIT4GNODE,ALL,1,95.38327,3,1
2022-09-01T10:30:00-00:00,2022-09-01T10:45:00-00:00,2022-09-01,04,DONPEDRO_6_MIDUNIT4GNODE,DONPEDRO_6_MIDUNIT4GNODE,DONPEDRO_6_MIDUNIT4GNODE,RTPD,LMP,LMP_PRC,DONPEDRO_6_MIDUNIT4GNODE,ALL,1,96.79956,3,1
2022-09-01T11:30:00-00:00,2022-09-01T11:45:00-00:00,2022-09-01,05,DONPEDRO_6_MIDUNIT4GNODE,DONPEDRO_6_MIDUNIT4GNODE,DONPEDRO_6_MIDUNIT4GNODE,RTPD,LMP,LMP_PRC,DONPEDRO_6_MIDUNIT4GNODE,ALL,1,107.10326,3,1
2022-09-01T12:30:00-00:00,2022-09-01T12:45:00-00:00,2022-09-01,06,DONPEDRO_6_MIDUNIT4GNODE,DONPEDRO_6_MIDUNIT4GNODE,DONPEDRO_6_MIDUNIT4GNODE,RTPD,LMP,LMP_PRC,DONPEDRO_6_MIDUNIT4GNODE,ALL,1,106.74957,3,1
2022-09-01T13:30:00-00:00,2022-09-01T13:45:00-00:00,2022-09-01,07,DONPEDRO_6_MIDUNIT4GNODE,DONPEDRO_6_MIDUNIT4GNODE,DONPEDRO_6_MIDUNIT4GNODE,RTPD,LMP,LMP_PRC,DONPEDRO_6_MIDUNIT4GNODE,ALL,1,116.06902,3,1
2022-09-01T14:30:00-00:00,2022-09-01T14:45:00-00:00,2022-09-01,08,DONPEDRO_6_MIDUNIT4GNODE,DONPEDRO_6_MIDUNIT4GNODE,DONPEDRO_6_MIDUNIT4GNODE,RTPD,LMP,LMP_PRC,DONPEDRO_6_MIDUNIT4GNODE,ALL,1,105.28522,3,1
2022-09-01T15:30:00-00:00,2022-09-01T15:45:00-00:00,2022-09-01,09,DONPEDRO_6_MIDUNIT4GNODE,DONPEDRO_6_MIDUNIT4GNODE,DONPEDRO_6_MIDUNIT4GNODE,RTPD,LMP,LMP_PRC,DONPEDRO_6_MIDUNIT4GNODE,ALL,1,86.14,3,1
2022-09-01T16:30:00-00:00,2022-09-01T16:45:00-00:00,2022-09-01,10,DONPEDRO_6_MIDUNIT4GNODE,DONPEDRO_6_MIDUNIT4GNODE,DONPEDRO_6_MIDUNIT4GNODE,RTPD,LMP,LMP_PRC,DONPEDRO_6_MIDUNIT4GNODE,ALL,1,74.77489,3,1
2022-09-01T17:30:00-00:00,2022-09-01T17:45:00-00:00,2022-09-01,11,DONPEDRO_6_MIDUNIT4GNODE,DONPEDRO_6_MIDUNIT4GNODE,DONPEDRO_6_MIDUNIT4GNODE,RTPD,LMP,LMP_PRC,DONPEDRO_6_MIDUNIT4GNODE,ALL,1,78.2408,3,1
2022-09-01T18:30:00-00:00,2022-09-01T18:45:00-00:00,2022-09-01,12,DONPEDRO_6_MIDUNIT4GNODE,DONPEDRO_6_MIDUNIT4GNODE,DONPEDRO_6_MIDUNIT4GNODE,RTPD,LMP,LMP_PRC,DONPEDRO_6_MIDUNIT4GNODE,ALL,1,78.74713,3,1
2022-09-01T19:30:00-00:00,2022-09-01T19:45:00-00:00,2022-09-01,13,DONPEDRO_6_MIDUNIT4GNODE,DONPEDRO_6_MIDUNIT4GNODE,DONPEDRO_6_MIDUNIT4GNODE,RTPD,LMP,LMP_PRC,DONPEDRO_6_MIDUNIT4GNODE,ALL,1,101.08887,3,1
2022-09-01T20:30:00-00:00,2022-09-01T20:45:00-00:00,2022-09-01,14,DONPEDRO_6_MIDUNIT4GNODE,DONPEDRO_6_MIDUNIT4GNODE,DONPEDRO_6_MIDUNIT4GNODE,RTPD,LMP,LMP_PRC,DONPEDRO_6_MIDUNIT4GNODE,ALL,1,116.73923,3,1
2022-09-01T21:30:00-00:00,2022-09-01T21:45:00-00:00,2022-09-01,15,DONPEDRO_6_MIDUNIT4GNODE,DONPEDRO_6_MIDUNIT4GNODE,DONPEDRO_6_MIDUNIT4GNODE,RTPD,LMP,LMP_PRC,DONPEDRO_6_MIDUNIT4GNODE,ALL,1,127.67485,3,1
2022-09-01T22:30:00-00:00,2022-09-01T22:45:00-00:00,2022-09-01,16,DONPEDRO_6_MIDUNIT4GNODE,DONPEDRO_6_MIDUNIT4GNODE,DONPEDRO_6_MIDUNIT4GNODE,RTPD,LMP,LMP_PRC,DONPEDRO_6_MIDUNIT4GNODE,ALL,1,153.7265,3,1
2022-09-01T23:30:00-00:00,2022-09-01T23:45:00-00:00,2022-09-01,17,DONPEDRO_6_MIDUNIT4GNODE,DONPEDRO_6_MIDUNIT4GNODE,DONPEDRO_6_MIDUNIT4GNODE,RTPD,LMP,LMP_PRC,DONPEDRO_6_MIDUNIT4GNODE,ALL,1,566.4828,3,1
2022-09-02T00:30:00-00:00,2022-09-02T00:45:00-00:00,2022-09-01,18,DONPEDRO_6_MIDUNIT4GNODE,DONPEDRO_6_MIDUNIT4GNODE,DONPEDRO_6_MIDUNIT4GNODE,RTPD,LMP,LMP_PRC,DONPEDRO_6_MIDUNIT4GNODE,ALL,1,1780.8684,3,1
2022-09-02T01:30:00-00:00,2022-09-02T01:45:00-00:00,2022-09-01,19,DONPEDRO_6_MIDUNIT4GNODE,DONPEDRO_6_MIDUNIT4GNODE,DONPEDRO_6_MIDUNIT4GNODE,RTPD,LMP,LMP_PRC,DONPEDRO_6_MIDUNIT4GNODE,ALL,1,1999.9944,3,1
2022-09-02T02:30:00-00:00,2022-09-02T02:45:00-00:00,2022-09-01,20,DONPEDRO_6_MIDUNIT4GNODE,DONPEDRO_6_MIDUNIT4GNODE,DONPEDRO_6_MIDUNIT4GNODE,RTPD,LMP,LMP_PRC,DONPEDRO_6_MIDUNIT4GNODE,ALL,1,1991.6698,3,1
2022-09-02T03:30:00-00:00,2022-09-02T03:45:00-00:00,2022-09-01,21,DONPEDRO_6_MIDUNIT4GNODE,DONPEDRO_6_MIDUNIT4GNODE,DONPEDRO_6_MIDUNIT4GNODE,RTPD,LMP,LMP_PRC,DONPEDRO_6_MIDUNIT4GNODE,ALL,1,216.80841,3,1
2022-09-02T04:30:00-00:00,2022-09-02T04:45:00-00:00,2022-09-01,22,DONPEDRO_6_MIDUNIT4GNODE,DONPEDRO_6_MIDUNIT4GNODE,DONPEDRO_6_MIDUNIT4GNODE,RTPD,LMP,LMP_PRC,DONPEDRO_6_MIDUNIT4GNODE,ALL,1,246.62027,3,1
2022-09-02T05:30:00-00:00,2022-09-02T05:45:00-00:00,2022-09-01,23,DONPEDRO_6_MIDUNIT4GNODE,DONPEDRO_6_MIDUNIT4GNODE,DONPEDRO_6_MIDUNIT4GNODE,RTPD,LMP,LMP_PRC,DONPEDRO_6_MIDUNIT4GNODE,ALL,1,128.32884,3,1
2022-09-02T06:30:00-00:00,2022-09-02T06:45:00-00:00,2022-09-01,24,DONPEDRO_6_MIDUNIT4GNODE,DONPEDRO_6_MIDUNIT4GNODE,DONPEDRO_6_MIDUNIT4GNODE,RTPD,LMP,LMP_PRC,DONPEDRO_6_MIDUNIT4GNODE,ALL,1,127.82742,3,1
2022-09-01T07:45:00-00:00,2022-09-01T08:00:00-00:00,2022-09-01,01,DONPEDRO_6_MIDUNIT4GNODE,DONPEDRO_6_MIDUNIT4GNODE,DONPEDRO_6_MIDUNIT4GNODE,RTPD,LMP,LMP_PRC,DONPEDRO_6_MIDUNIT4GNODE,ALL,1,90.1824,4,1
2022-09-01T08:45:00-00:00,2022-09-01T09:00:00-00:00,2022-09-01,02,DONPEDRO_6_MIDUNIT4GNODE,DONPEDRO_6_MIDUNIT4GNODE,DONPEDRO_6_MIDUNIT4GNODE,RTPD,LMP,LMP_PRC,DONPEDRO_6_MIDUNIT4GNODE,ALL,1,97.64823,4,1
2022-09-01T09:45:00-00:00,2022-09-01T10:00:00-00:00,2022-09-01,03,DONPEDRO_6_MIDUNIT4GNODE,DONPEDRO_6_MIDUNIT4GNODE,DONPEDRO_6_MIDUNIT4GNODE,RTPD,LMP,LMP_PRC,DONPEDRO_6_MIDUNIT4GNODE,ALL,1,95.40921,4,1
2022-09-01T10:45:00-00:00,2022-09-01T11:00:00-00:00,2022-09-01,04,DONPEDRO_6_MIDUNIT4GNODE,DONPEDRO_6_MIDUNIT4GNODE,DONPEDRO_6_MIDUNIT4GNODE,RTPD,LMP,LMP_PRC,DONPEDRO_6_MIDUNIT4GNODE,ALL,1,97.00826,4,1
2022-09-01T11:45:00-00:00,2022-09-01T12:00:00-00:00,2022-09-01,05,DONPEDRO_6_MIDUNIT4GNODE,DONPEDRO_6_MIDUNIT4GNODE,DONPEDRO_6_MIDUNIT4GNODE,RTPD,LMP,LMP_PRC,DONPEDRO_6_MIDUNIT4GNODE,ALL,1,107.0112,4,1
2022-09-01T12:45:00-00:00,2022-09-01T13:00:00-00:00,2022-09-01,06,DONPEDRO_6_MIDUNIT4GNODE,DONPEDRO_6_MIDUNIT4GNODE,DONPEDRO_6_MIDUNIT4GNODE,RTPD,LMP,LMP_PRC,DONPEDRO_6_MIDUNIT4GNODE,ALL,1,114.06798,4,1
2022-09-01T13:45:00-00:00,2022-09-01T14:00:00-00:00,2022-09-01,07,DONPEDRO_6_MIDUNIT4GNODE,DONPEDRO_6_MIDUNIT4GNODE,DONPEDRO_6_MIDUNIT4GNODE,RTPD,LMP,LMP_PRC,DONPEDRO_6_MIDUNIT4GNODE,ALL,1,111.4088,4,1
2022-09-01T14:45:00-00:00,2022-09-01T15:00:00-00:00,2022-09-01,08,DONPEDRO_6_MIDUNIT4GNODE,DONPEDRO_6_MIDUNIT4GNODE,DONPEDRO_6_MIDUNIT4GNODE,RTPD,LMP,LMP_PRC,DONPEDRO_6_MIDUNIT4GNODE,ALL,1,86.14,4,1
2022-09-01T15:45:00-00:00,2022-09-01T16:00:00-00:00,2022-09-01,09,DONPEDRO_6_MIDUNIT4GNODE,DONPEDRO_6_MIDUNIT4GNODE,DONPEDRO_6_MIDUNIT4GNODE,RTPD,LMP,LMP_PRC,DONPEDRO_6_MIDUNIT4GNODE,ALL,1,78.70196,4,1
2022-09-01T16:45:00-00:00,2022-09-01T17:00:00-00:00,2022-09-01,10,DONPEDRO_6_MIDUNIT4GNODE,DONPEDRO_6_MIDUNIT4GNODE,DONPEDRO_6_MIDUNIT4GNODE,RTPD,LMP,LMP_PRC,DONPEDRO_6_MIDUNIT4GNODE,ALL,1,78.55365,4,1
2022-09-01T17:45:00-00:00,2022-09-01T18:00:00-00:00,2022-09-01,11,DONPEDRO_6_MIDUNIT4GNODE,DONPEDRO_6_MIDUNIT4GNODE,DONPEDRO_6_MIDUNIT4GNODE,RTPD,LMP,LMP_PRC,DONPEDRO_6_MIDUNIT4GNODE,ALL,1,78.52946,4,1
2022-09-01T18:45:00-00:00,2022-09-01T19:00:00-00:00,2022-09-01,12,DONPEDRO_6_MIDUNIT4GNODE,DONPEDRO_6_MIDUNIT4GNODE,DONPEDRO_6_MIDUNIT4GNODE,RTPD,LMP,LMP_PRC,DONPEDRO_6_MIDUNIT4GNODE,ALL,1,80.83896,4,1
2022-09-01T19:45:00-00:00,2022-09-01T20:00:00-00:00,2022-09-01,13,DONPEDRO_6_MIDUNIT4GNODE,DONPEDRO_6_MIDUNIT4GNODE,DONPEDRO_6_MIDUNIT4GNODE,RTPD,LMP,LMP_PRC,DONPEDRO_6_MIDUNIT4GNODE,ALL,1,106.17315,4,1
2022-09-01T20:45:00-00:00,2022-09-01T21:00:00-00:00,2022-09-01,14,DONPEDRO_6_MIDUNIT4GNODE,DONPEDRO_6_MIDUNIT4GNODE,DONPEDRO_6_MIDUNIT4GNODE,RTPD,LMP,LMP_PRC,DONPEDRO_6_MIDUNIT4GNODE,ALL,1,124.94919,4,1
2022-09-01T21:45:00-00:00,2022-09-01T22:00:00-00:00,2022-09-01,15,DONPEDRO_6_MIDUNIT4GNODE,DONPEDRO_6_MIDUNIT4GNODE,DONPEDRO_6_MIDUNIT4GNODE,RTPD,LMP,LMP_PRC,DONPEDRO_6_MIDUNIT4GNODE,ALL,1,208.5351,4,1
2022-09-01T22:45:00-00:00,2022-09-01T23:00:00-00:00,2022-09-01,16,DONPEDRO_6_MIDUNIT4GNODE,DONPEDRO_6_MIDUNIT4GNODE,DONPEDRO_6_MIDUNIT4GNODE,RTPD,LMP,LMP_PRC,DONPEDRO_6_MIDUNIT4GNODE,ALL,1,166.97919,4,1
2022-09-01T23:45:00-00:00,2022-09-02T00:00:00-00:00,2022-09-01,17,DONPEDRO_6_MIDUNIT4GNODE,DONPEDRO_6_MIDUNIT4GNODE,DONPEDRO_6_MIDUNIT4GNODE,RTPD,LMP,LMP_PRC,DONPEDRO_6_MIDUNIT4GNODE,ALL,1,1656.4716,4,1
2022-09-02T00:45:00-00:00,2022-09-02T01:00:00-00:00,2022-09-01,18,DONPEDRO_6_MIDUNIT4GNODE,DONPEDRO_6_MIDUNIT4GNODE,DONPEDRO_6_MIDUNIT4GNODE,RTPD,LMP,LMP_PRC,DONPEDRO_6_MIDUNIT4GNODE,ALL,1,1803.5789,4,1
2022-09-02T01:45:00-00:00,2022-09-02T02:00:00-00:00,2022-09-01,19,DONPEDRO_6_MIDUNIT4GNODE,DONPEDRO_6_MIDUNIT4GNODE,DONPEDRO_6_MIDUNIT4GNODE,RTPD,LMP,LMP_PRC,DONPEDRO_6_MIDUNIT4GNODE,ALL,1,1991.9325,4,1
2022-09-02T02:45:00-00:00,2022-09-02T03:00:00-00:00,2022-09-01,20,DONPEDRO_6_MIDUNIT4GNODE,DONPEDRO_6_MIDUNIT4GNODE,DONPEDRO_6_MIDUNIT4GNODE,RTPD,LMP,LMP_PRC,DONPEDRO_6_MIDUNIT4GNODE,ALL,1,1716.3641,4,1
2022-09-02T03:45:00-00:00,2022-09-02T04:00:00-00:00,2022-09-01,21,DONPEDRO_6_MIDUNIT4GNODE,DONPEDRO_6_MIDUNIT4GNODE,DONPEDRO_6_MIDUNIT4GNODE,RTPD,LMP,LMP_PRC,DONPEDRO_6_MIDUNIT4GNODE,ALL,1,158.068,4,1
2022-09-02T04:45:00-00:00,2022-09-02T05:00:00-00:00,2022-09-01,22,DONPEDRO_6_MIDUNIT4GNODE,DONPEDRO_6_MIDUNIT4GNODE,DONPEDRO_6_MIDUNIT4GNODE,RTPD,LMP,LMP_PRC,DONPEDRO_6_MIDUNIT4GNODE,ALL,1,126.25045,4,1
2022-09-02T05:45:00-00:00,2022-09-02T06:00:00-00:00,2022-09-01,23,DONPEDRO_6_MIDUNIT4GNODE,DONPEDRO_6_MIDUNIT4GNODE,DONPEDRO_6_MIDUNIT4GNODE,RTPD,LMP,LMP_PRC,DONPEDRO_6_MIDUNIT4GNODE,ALL,1,133.81136,4,1
2022-09-02T06:45:00-00:00,2022-09-02T07:00:00-00:00,2022-09-01,24,DONPEDRO_6_MIDUNIT4GNODE,DONPEDRO_6_MIDUNIT4GNODE,DONPEDRO_6_MIDUNIT4GNODE,RTPD,LMP,LMP_PRC,DONPEDRO_6_MIDUNIT4GNODE,ALL,1,109.83782,4,1
2022-09-01T07:00:00-00:00,2022-09-01T07:15:00-00:00,2022-09-01,01,DONPEDRO_6_MIDUNIT4GNODE,DONPEDRO_6_MIDUNIT4GNODE,DONPEDRO_6_MIDUNIT4GNODE,RTPD,MCC,LMP_CONG_PRC,DONPEDRO_6_MIDUNIT4GNODE,ALL,1,-18.19246,1,2
2022-09-01T08:00:00-00:00,2022-09-01T08:15:00-00:00,2022-09-01,02,DONPEDRO_6_MIDUNIT4GNODE,DONPEDRO_6_MIDUNIT4GNODE,DONPEDRO_6_MIDUNIT4GNODE,RTPD,MCC,LMP_CONG_PRC,DONPEDRO_6_MIDUNIT4GNODE,ALL,1,-3.4359,1,2
2022-09-01T09:00:00-00:00,2022-09-01T09:15:00-00:00,2022-09-01,03,DONPEDRO_6_MIDUNIT4GNODE,DONPEDRO_6_MIDUNIT4GNODE,DONPEDRO_6_MIDUNIT4GNODE,RTPD,MCC,LMP_CONG_PRC,DONPEDRO_6_MIDUNIT4GNODE,ALL,1,-4.60413,1,2
2022-09-01T10:00:00-00:00,2022-09-01T10:15:00-00:00,2022-09-01,04,DONPEDRO_6_MIDUNIT4GNODE,DONPEDRO_6_MIDUNIT4GNODE,DONPEDRO_6_MIDUNIT4GNODE,RTPD,MCC,LMP_CONG_PRC,DONPEDRO_6_MIDUNIT4GNODE,ALL,1,-3.99124,1,2
2022-09-01T11:00:00-00:00,2022-09-01T11:15:00-00:00,2022-09-01,05,DONPEDRO_6_MIDUNIT4GNODE,DONPEDRO_6_MIDUNIT4GNODE,DONPEDRO_6_MIDUNIT4GNODE,RTPD,MCC,LMP_CONG_PRC,DONPEDRO_6_MIDUNIT4GNODE,ALL,1,0.0012,1,2
2022-09-01T12:00:00-00:00,2022-09-01T12:15:00-00:00,2022-09-01,06,DONPEDRO_6_MIDUNIT4GNODE,DONPEDRO_6_MIDUNIT4GNODE,DONPEDRO_6_MIDUNIT4GNODE,RTPD,MCC,LMP_CONG_PRC,DONPEDRO_6_MIDUNIT4GNODE,ALL,1,-10.25826,1,2
2022-09-01T13:00:00-00:00,2022-09-01T13:15:00-00:00,2022-09-01,07,DONPEDRO_6_MIDUNIT4GNODE,DONPEDRO_6_MIDUNIT4GNODE,DONPEDRO_6_MIDUNIT4GNODE,RTPD,MCC,LMP_CONG_PRC,DONPEDRO_6_MIDUNIT4GNODE,ALL,1,-13.57679,1,2
2022-09-01T14:00:00-00:00,2022-09-01T14:15:00-00:00,2022-09-01,08,DONPEDRO_6_MIDUNIT4GNODE,DONPEDRO_6_MIDUNIT4GNODE,DONPEDRO_6_MIDUNIT4GNODE,RTPD,MCC,LMP_CONG_PRC,DONPEDRO_6_MIDUNIT4GNODE,ALL,1,-0.0012,1,2
2022-09-01T15:00:00-00:00,2022-09-01T15:15:00-00:00,2022-09-01,09,DONPEDRO_6_MIDUNIT4GNODE,DONPEDRO_6_MIDUNIT4GNODE,DONPEDRO_6_MIDUNIT4GNODE,RTPD,MCC,LMP_CONG_PRC,DONPEDRO_6_MIDUNIT4GNODE,ALL,1,0.0012,1,2
2022-09-01T16:00:00-00:00,2022-09-01T16:15:00-00:00,2022-09-01,10,DONPEDRO_6_MIDUNIT4GNODE,DONPEDRO_6_MIDUNIT4GNODE,DONPEDRO_6_MIDUNIT4GNODE,RTPD,MCC,LMP_CONG_PRC,DONPEDRO_6_MIDUNIT4GNODE,ALL,1,0.0012,1,2
2022-09-01T17:00:00-00:00,2022-09-01T17:15:00-00:00,2022-09-01,11,DONPEDRO_6_MIDUNIT4GNODE,DONPEDRO_6_MIDUNIT4GNODE,DONPEDRO_6_MIDUNIT4GNODE,RTPD,MCC,LMP_CONG_PRC,DONPEDRO_6_MIDUNIT4GNODE,ALL,1,-17.09278,1,2
2022-09-01T18:00:00-00:00,2022-09-01T18:15:00-00:00,2022-09-01,12,DONPEDRO_6_MIDUNIT4GNODE,DONPEDRO_6_MIDUNIT4GNODE,DONPEDRO_6_MIDUNIT4GNODE,RTPD,MCC,LMP_CONG_PRC,DONPEDRO_6_MIDUNIT4GNODE,ALL,1,-33.17055,1,2
2022-09-01T19:00:00-00:00,2022-09-01T19:15:00-00:00,2022-09-01,13,DONPEDRO_6_MIDUNIT4GNODE,DONPEDRO_6_MIDUNIT4GNODE,DONPEDRO_6_MIDUNIT4GNODE,RTPD,MCC,LMP_CONG_PRC,DONPEDRO_6_MIDUNIT4GNODE,ALL,1,-36.79688,1,2
2022-09-01T20:00:00-00:00,2022-09-01T20:15:00-00:00,2022-09-01,14,DONPEDRO_6_MIDUNIT4GNODE,DONPEDRO_6_MIDUNIT4GNODE,DONPEDRO_6_MIDUNIT4GNODE,RTPD,MCC,LMP_CONG_PRC,DONPEDRO_6_MIDUNIT4GNODE,ALL,1,-3.61672,1,2
2022-09-01T21:00:00-00:00,2022-09-01T21:15:00-00:00,2022-09-01,15,DONPEDRO_6_MIDUNIT4GNODE,DONPEDRO_6_MIDUNIT4GNODE,DONPEDRO_6_MIDUNIT4GNODE,RTPD,MCC,LMP_CONG_PRC,DONPEDRO_6_MIDUNIT4GNODE,ALL,1,-101.73058,1,2
2022-09-01T22:00:00-00:00,2022-09-01T22:15:00-00:00,2022-09-01,16,DONPEDRO_6_MIDUNIT4GNODE,DONPEDRO_6_MIDUNIT4GNODE,DONPEDRO_6_MIDUNIT4GNODE,RTPD,MCC,LMP_CONG_PRC,DONPEDRO_6_MIDUNIT4GNODE,ALL,1,-110.17551,1,2
2022-09-01T23:00:00-00:00,2022-09-01T23:15:00-00:00,2022-09-01,17,DONPEDRO_6_MIDUNIT4GNODE,DONPEDRO_6_MIDUNIT4GNODE,DONPEDRO_6_MIDUNIT4GNODE,RTPD,MCC,LMP_CONG_PRC,DONPEDRO_6_MIDUNIT4GNODE,ALL,1,-174.09288,1,2
2022-09-02T00:00:00-00:00,2022-09-02T00:15:00-00:00,2022-09-01,18,DONPEDRO_6_MIDUNIT4GNODE,DONPEDRO_6_MIDUNIT4GNODE,DONPEDRO_6_MIDUNIT4GNODE,RTPD,MCC,LMP_CONG_PRC,DONPEDRO_6_MIDUNIT4GNODE,ALL,1,329.09415,1,2
2022-09-02T01:00:00-00:00,2022-09-02T01:15:00-00:00,2022-09-01,19,DONPEDRO_6_MIDUNIT4GNODE,DONPEDRO_6_MIDUNIT4GNODE,DONPEDRO_6_MIDUNIT4GNODE,RTPD,MCC,LMP_CONG_PRC,DONPEDRO_6_MIDUNIT4GNODE,ALL,1,325.1997,1,2
2022-09-02T02:00:00-00:00,2022-09-02T02:15:00-00:00,2022-09-01,20,DONPEDRO_6_MIDUNIT4GNODE,DONPEDRO_6_MIDUNIT4GNODE,DONPEDRO_6_MIDUNIT4GNODE,RTPD,MCC,LMP_CONG_PRC,DONPEDRO_6_MIDUNIT4GNODE,ALL,1,-0.0012,1,2
2022-09-02T03:00:00-00:00,2022-09-02T03:15:00-00:00,2022-09-01,21,DONPEDRO_6_MIDUNIT4GNODE,DONPEDRO_6_MIDUNIT4GNODE,DONPEDRO_6_MIDUNIT4GNODE,RTPD,MCC,LMP_CONG_PRC,DONPEDRO_6_MIDUNIT4GNODE,ALL,1,404.56644,1,2
2022-09-02T04:00:00-00:00,2022-09-02T04:15:00-00:00,2022-09-01,22,DONPEDRO_6_MIDUNIT4GNODE,DONPEDRO_6_MIDUNIT4GNODE,DONPEDRO_6_MIDUNIT4GNODE,RTPD,MCC,LMP_CONG_PRC,DONPEDRO_6_MIDUNIT4GNODE,ALL,1,142.51598,1,2
2022-09-02T05:00:00-00:00,2022-09-02T05:15:00-00:00,2022-09-01,23,DONPEDRO_6_MIDUNIT4GNODE,DONPEDRO_6_MIDUNIT4GNODE,DONPEDRO_6_MIDUNIT4GNODE,RTPD,MCC,LMP_CONG_PRC,DONPEDRO_6_MIDUNIT4GNODE,ALL,1,0.0012,1,2
2022-09-02T06:00:00-00:00,2022-09-02T06:15:00-00:00,2022-09-01,24,DONPEDRO_6_MIDUNIT4GNODE,DONPEDRO_6_MIDUNIT4GNODE,DONPEDRO_6_MIDUNIT4GNODE,RTPD,MCC,LMP_CONG_PRC,DONPEDRO_6_MIDUNIT4GNODE,ALL,1,20.82788,1,2
2022-09-01T07:15:00-00:00,2022-09-01T07:30:00-00:00,2022-09-01,01,DONPEDRO_6_MIDUNIT4GNODE,DONPEDRO_6_MIDUNIT4GNODE,DONPEDRO_6_MIDUNIT4GNODE,RTPD,MCC,LMP_CONG_PRC,DONPEDRO_6_MIDUNIT4GNODE,ALL,1,-10.30223,2,2
2022-09-01T08:15:00-00:00,2022-09-01T08:30:00-00:00,2022-09-01,02,DONPEDRO_6_MIDUNIT4GNODE,DONPEDRO_6_MIDUNIT4GNODE,DONPEDRO_6_MIDUNIT4GNODE,RTPD,MCC,LMP_CONG_PRC,DONPEDRO_6_MIDUNIT4GNODE,ALL,1,-0.93697,2,2
2022-09-01T09:15:00-00:00,2022-09-01T09:30:00-00:00,2022-09-01,03,DONPEDRO_6_MIDUNIT4GNODE,DONPEDRO_6_MIDUNIT4GNODE,DONPEDRO_6_MIDUNIT4GNODE,RTPD,MCC,LMP_CONG_PRC,DONPEDRO_6_MIDUNIT4GNODE,ALL,1,-6.05311,2,2
2022-09-01T10:15:00-00:00,2022-09-01T10:30:00-00:00,2022-09-01,04,DONPEDRO_6_MIDUNIT4GNODE,DONPEDRO_6_MIDUNIT4GNODE,DONPEDRO_6_MIDUNIT4GNODE,RTPD,MCC,LMP_CONG_PRC,DONPEDRO_6_MIDUNIT4GNODE,ALL,1,-5.64806,2,2
2022-09-01T11:15:00-00:00,2022-09-01T11:30:00-00:00,2022-09-01,05,DONPEDRO_6_MIDUNIT4GNODE,DONPEDRO_6_MIDUNIT4GNODE,DONPEDRO_6_MIDUNIT4GNODE,RTPD,MCC,LMP_CONG_PRC,DONPEDRO_6_MIDUNIT4GNODE,ALL,1,0.0012,2,2
2022-09-01T12:15:00-00:00,2022-09-01T12:30:00-00:00,2022-09-01,06,DONPEDRO_6_MIDUNIT4GNODE,DONPEDRO_6_MIDUNIT4GNODE,DONPEDRO_6_MIDUNIT4GNODE,RTPD,MCC,LMP_CONG_PRC,DONPEDRO_6_MIDUNIT4GNODE,ALL,1,-6.27047,2,2
2022-09-01T13:15:00-00:00,2022-09-01T13:30:00-00:00,2022-09-01,07,DONPEDRO_6_MIDUNIT4GNODE,DONPEDRO_6_MIDUNIT4GNODE,DONPEDRO_6_MIDUNIT4GNODE,RTPD,MCC,LMP_CONG_PRC,DONPEDRO_6_MIDUNIT4GNODE,ALL,1,-0.58256,2,2
2022-09-01T14:15:00-00:00,2022-09-01T14:30:00-00:00,2022-09-01,08,DONPEDRO_6_MIDUNIT4GNODE,DONPEDRO_6_MIDUNIT4GNODE,DONPEDRO_6_MIDUNIT4GNODE,RTPD,MCC,LMP_CONG_PRC,DONPEDRO_6_MIDUNIT4GNODE,ALL,1,-0.0012,2,2
2022-09-01T15:15:00-00:00,2022-09-01T15:30:00-00:00,2022-09-01,09,DONPEDRO_6_MIDUNIT4GNODE,DONPEDRO_6_MIDUNIT4GNODE,DONPEDRO_6_MIDUNIT4GNODE,RTPD,MCC,LMP_CONG_PRC,DONPEDRO_6_MIDUNIT4GNODE,ALL,1,0.0012,2,2
2022-09-01T16:15:00-00:00,2022-09-01T16:30:00-00:00,2022-09-01,10,DONPEDRO_6_MIDUNIT4GNODE,DONPEDRO_6_MIDUNIT4GNODE,DONPEDRO_6_MIDUNIT4GNODE,RTPD,MCC,LMP_CONG_PRC,DONPEDRO_6_MIDUNIT4GNODE,ALL,1,-1.68283,2,2
2022-09-01T17:15:00-00:00,2022-09-01T17:30:00-00:00,2022-09-01,11,DONPEDRO_6_MIDUNIT4GNODE,DONPEDRO_6_MIDUNIT4GNODE,DONPEDRO_6_MIDUNIT4GNODE,RTPD,MCC,LMP_CONG_PRC,DONPEDRO_6_MIDUNIT4GNODE,ALL,1,-20.81538,2,2
2022-09-01T18:15:00-00:00,2022-09-01T18:30:00-00:00,2022-09-01,12,DONPEDRO_6_MIDUNIT4GNODE,DONPEDRO_6_MIDUNIT4GNODE,DONPEDRO_6_MIDUNIT4GNODE,RTPD,MCC,LMP_CONG_PRC,DONPEDRO_6_MIDUNIT4GNODE,ALL,1,-27.15137,2,2
2022-09-01T19:15:00-00:00,2022-09-01T19:30:00-00:00,2022-09-01,13,DONPEDRO_6_MIDUNIT4GNODE,DONPEDRO_6_MIDUNIT4GNODE,DONPEDRO_6_MIDUNIT4GNODE,RTPD,MCC,LMP_CONG_PRC,DONPEDRO_6_MIDUNIT4GNODE,ALL,1,-30.30103,2,2
2022-09-01T20:15:00-00:00,2022-09-01T20:30:00-00:00,2022-09-01,14,DONPEDRO_6_MIDUNIT4GNODE,DONPEDRO_6_MIDUNIT4GNODE,DONPEDRO_6_MIDUNIT4GNODE,RTPD,MCC,LMP_CONG_PRC,DONPEDRO_6_MIDUNIT4GNODE,ALL,1,-3.2401,2,2
2022-09-01T21:15:00-00:00,2022-09-01T21:30:00-00:00,2022-09-01,15,DONPEDRO_6_MIDUNIT4GNODE,DONPEDRO_6_MIDUNIT4GNODE,DONPEDRO_6_MIDUNIT4GNODE,RTPD,MCC,LMP_CONG_PRC,DONPEDRO_6_MIDUNIT4GNODE,ALL,1,-27.49239,2,2
2022-09-01T22:15:00-00:00,2022-09-01T22:30:00-00:00,2022-09-01,16,DONPEDRO_6_MIDUNIT4GNODE,DONPEDRO_6_MIDUNIT4GNODE,DONPEDRO_6_MIDUNIT4GNODE,RTPD,MCC,LMP_CONG_PRC,DONPEDRO_6_MIDUNIT4GNODE,ALL,1,-120.86429,2,2
2022-09-01T23:15:00-00:00,2022-09-01T23:30:00-00:00,2022-09-01,17,DONPEDRO_6_MIDUNIT4GNODE,DONPEDRO_6_MIDUNIT4GNODE,DONPEDRO_6_MIDUNIT4GNODE,RTPD,MCC,LMP_CONG_PRC,DONPEDRO_6_MIDUNIT4GNODE,ALL,1,-101.43066,2,2
2022-09-02T00:15:00-00:00,2022-09-02T00:30:00-00:00,2022-09-01,18,DONPEDRO_6_MIDUNIT4GNODE,DONPEDRO_6_MIDUNIT4GNODE,DONPEDRO_6_MIDUNIT4GNODE,RTPD,MCC,LMP_CONG_PRC,DONPEDRO_6_MIDUNIT4GNODE,ALL,1,320.3083,2,2
2022-09-02T01:15:00-00:00,2022-09-02T01:30:00-00:00,2022-09-01,19,DONPEDRO_6_MIDUNIT4GNODE,DONPEDRO_6_MIDUNIT4GNODE,DONPEDRO_6_MIDUNIT4GNODE,RTPD,MCC,LMP_CONG_PRC,DONPEDRO_6_MIDUNIT4GNODE,ALL,1,0.0012,2,2
2022-09-02T02:15:00-00:00,2022-09-02T02:30:00-00:00,2022-09-01,20,DONPEDRO_6_MIDUNIT4GNODE,DONPEDRO_6_MIDUNIT4GNODE,DONPEDRO_6_MIDUNIT4GNODE,RTPD,MCC,LMP_CONG_PRC,DONPEDRO_6_MIDUNIT4GNODE,ALL,1,-0.0012,2,2
2022-09-02T03:15:00-00:00,2022-09-02T03:30:00-00:00,2022-09-01,21,DONPEDRO_6_MIDUNIT4GNODE,DONPEDRO_6_MIDUNIT4GNODE,DONPEDRO_6_MIDUNIT4GNODE,RTPD,MCC,LMP_CONG_PRC,DONPEDRO_6_MIDUNIT4GNODE,ALL,1,141.82695,2,2
2022-09-02T04:15:00-00:00,2022-09-02T04:30:00-00:00,2022-09-01,22,DONPEDRO_6_MIDUNIT4GNODE,DONPEDRO_6_MIDUNIT4GNODE,DONPEDRO_6_MIDUNIT4GNODE,RTPD,MCC,LMP_CONG_PRC,DONPEDRO_6_MIDUNIT4GNODE,ALL,1,129.47804,2,2
2022-09-02T05:15:00-00:00,2022-09-02T05:30:00-00:00,2022-09-01,23,DONPEDRO_6_MIDUNIT4GNODE,DONPEDRO_6_MIDUNIT4GNODE,DONPEDRO_6_MIDUNIT4GNODE,RTPD,MCC,LMP_CONG_PRC,DONPEDRO_6_MIDUNIT4GNODE,ALL,1,0.0012,2,2
2022-09-02T06:15:00-00:00,2022-09-02T06:30:00-00:00,2022-09-01,24,DONPEDRO_6_MIDUNIT4GNODE,DONPEDRO_6_MIDUNIT4GNODE,DONPEDRO_6_MIDUNIT4GNODE,RTPD,MCC,LMP_CONG_PRC,DONPEDRO_6_MIDUNIT4GNODE,ALL,1,0.0012,2,2
2022-09-01T07:30:00-00:00,2022-09-01T07:45:00-00:00,2022-09-01,01,DONPEDRO_6_MIDUNIT4GNODE,DONPEDRO_6_MIDUNIT4GNODE,DONPEDRO_6_MIDUNIT4GNODE,RTPD,MCC,LMP_CONG_PRC,DONPEDRO_6_MIDUNIT4GNODE,ALL,1,-16.61499,3,2
2022-09-01T08:30:00-00:00,2022-09-01T08:45:00-00:00,2022-09-01,02,DONPEDRO_6_MIDUNIT4GNODE,DONPEDRO_6_MIDUNIT4GNODE,DONPEDRO_6_MIDUNIT4GNODE,RTPD,MCC,LMP_CONG_PRC,DONPEDRO_6_MIDUNIT4GNODE,ALL,1,0.00031,3,2
2022-09-01T09:30:00-00:00,2022-09-01T09:45:00-00:00,2022-09-01,03,DONPEDRO_6_MIDUNIT4GNODE,DONPEDRO_6_MIDUNIT4GNODE,DONPEDRO_6_MIDUNIT4GNODE,RTPD,MCC,LMP_CONG_PRC,DONPEDRO_6_MIDUNIT4GNODE,ALL,1,-5.99878,3,2
2022-09-01T10:30:00-00:00,2022-09-01T10:45:00-00:00,2022-09-01,04,DONPEDRO_6_MIDUNIT4GNODE,DONPEDRO_6_MIDUNIT4GNODE,DONPEDRO_6_MIDUNIT4GNODE,RTPD,MCC,LMP_CONG_PRC,DONPEDRO_6_MIDUNIT4GNODE,ALL,1,-3.18597,3,2
2022-09-01T11:30:00-00:00,2022-09-01T11:45:00-00:00,2022-09-01,05,DONPEDRO_6_MIDUNIT4GNODE,DONPEDRO_6_MIDUNIT4GNODE,DONPEDRO_6_MIDUNIT4GNODE,RTPD,MCC,LMP_CONG_PRC,DONPEDRO_6_MIDUNIT4GNODE,ALL,1,0.0012,3,2
2022-09-01T12:30:00-00:00,2022-09-01T12:45:00-00:00,2022-09-01,06,DONPEDRO_6_MIDUNIT4GNODE,DONPEDRO_6_MIDUNIT4GNODE,DONPEDRO_6_MIDUNIT4GNODE,RTPD,MCC,LMP_CONG_PRC,DONPEDRO_6_MIDUNIT4GNODE,ALL,1,-10.83367,3,2
2022-09-01T13:30:00-00:00,2022-09-01T13:45:00-00:00,2022-09-01,07,DONPEDRO_6_MIDUNIT4GNODE,DONPEDRO_6_MIDUNIT4GNODE,DONPEDRO_6_MIDUNIT4GNODE,RTPD,MCC,LMP_CONG_PRC,DONPEDRO_6_MIDUNIT4GNODE,ALL,1,-0.0012,3,2
2022-09-01T14:30:00-00:00,2022-09-01T14:45:00-00:00,2022-09-01,08,DONPEDRO_6_MIDUNIT4GNODE,DONPEDRO_6_MIDUNIT4GNODE,DONPEDRO_6_MIDUNIT4GNODE,RTPD,MCC,LMP_CONG_PRC,DONPEDRO_6_MIDUNIT4GNODE,ALL,1,-0.0012,3,2
2022-09-01T15:30:00-00:00,2022-09-01T15:45:00-00:00,2022-09-01,09,DONPEDRO_6_MIDUNIT4GNODE,DONPEDRO_6_MIDUNIT4GNODE,DONPEDRO_6_MIDUNIT4GNODE,RTPD,MCC,LMP_CONG_PRC,DONPEDRO_6_MIDUNIT4GNODE,ALL,1,0.0012,3,2
2022-09-01T16:30:00-00:00,2022-09-01T16:45:00-00:00,2022-09-01,10,DONPEDRO_6_MIDUNIT4GNODE,DONPEDRO_6_MIDUNIT4GNODE,DONPEDRO_6_MIDUNIT4GNODE,RTPD,MCC,LMP_CONG_PRC,DONPEDRO_6_MIDUNIT4GNODE,ALL,1,-14.02155,3,2
2022-09-01T17:30:00-00:00,2022-09-01T17:45:00-00:00,2022-09-01,11,DONPEDRO_6_MIDUNIT4GNODE,DONPEDRO_6_MIDUNIT4GNODE,DONPEDRO_6_MIDUNIT4GNODE,RTPD,MCC,LMP_CONG_PRC,DONPEDRO_6_MIDUNIT4GNODE,ALL,1,-20.88934,3,2
2022-09-01T18:30:00-00:00,2022-09-01T18:45:00-00:00,2022-09-01,12,DONPEDRO_6_MIDUNIT4GNODE,DONPEDRO_6_MIDUNIT4GNODE,DONPEDRO_6_MIDUNIT4GNODE,RTPD,MCC,LMP_CONG_PRC,DONPEDRO_6_MIDUNIT4GNODE,ALL,1,-28.31004,3,2
2022-09-01T19:30:00-00:00,2022-09-01T19:45:00-00:00,2022-09-01,13,DONPEDRO_6_MIDUNIT4GNODE,DONPEDRO_6_MIDUNIT4GNODE,DONPEDRO_6_MIDUNIT4GNODE,RTPD,MCC,LMP_CONG_PRC,DONPEDRO_6_MIDUNIT4GNODE,ALL,1,-12.97018,3,2
2022-09-01T20:30:00-00:00,2022-09-01T20:45:00-00:00,2022-09-01,14,DONPEDRO_6_MIDUNIT4GNODE,DONPEDRO_6_MIDUNIT4GNODE,DONPEDRO_6_MIDUNIT4GNODE,RTPD,MCC,LMP_CONG_PRC,DONPEDRO_6_MIDUNIT4GNODE,ALL,1,-13.07682,3,2
2022-09-01T21:30:00-00:00,2022-09-01T21:45:00-00:00,2022-09-01,15,DONPEDRO_6_MIDUNIT4GNODE,DONPEDRO_6_MIDUNIT4GNODE,DONPEDRO_6_MIDUNIT4GNODE,RTPD,MCC,LMP_CONG_PRC,DONPEDRO_6_MIDUNIT4GNODE,ALL,1,-25.25572,3,2
2022-09-01T22:30:00-00:00,2022-09-01T22:45:00-00:00,2022-09-01,16,DONPEDRO_6_MIDUNIT4GNODE,DONPEDRO_6_MIDUNIT4GNODE,DONPEDRO_6_MIDUNIT4GNODE,RTPD,MCC,LMP_CONG_PRC,DONPEDRO_6_MIDUNIT4GNODE,ALL,1,-129.4553,3,2
2022-09-01T23:30:00-00:00,2022-09-01T23:45:00-00:00,2022-09-01,17,DONPEDRO_6_MIDUNIT4GNODE,DONPEDRO_6_MIDUNIT4GNODE,DONPEDRO_6_MIDUNIT4GNODE,RTPD,MCC,LMP_CONG_PRC,DONPEDRO_6_MIDUNIT4GNODE,ALL,1,0.0012,3,2
2022-09-02T00:30:00-00:00,2022-09-02T00:45:00-00:00,2022-09-01,18,DONPEDRO_6_MIDUNIT4GNODE,DONPEDRO_6_MIDUNIT4GNODE,DONPEDRO_6_MIDUNIT4GNODE,RTPD,MCC,LMP_CONG_PRC,DONPEDRO_6_MIDUNIT4GNODE,ALL,1,451.7558,3,2
2022-09-02T01:30:00-00:00,2022-09-02T01:45:00-00:00,2022-09-01,19,DONPEDRO_6_MIDUNIT4GNODE,DONPEDRO_6_MIDUNIT4GNODE,DONPEDRO_6_MIDUNIT4GNODE,RTPD,MCC,LMP_CONG_PRC,DONPEDRO_6_MIDUNIT4GNODE,ALL,1,-0.0012,3,2
2022-09-02T02:30:00-00:00,2022-09-02T02:45:00-00:00,2022-09-01,20,DONPEDRO_6_MIDUNIT4GNODE,DONPEDRO_6_MIDUNIT4GNODE,DONPEDRO_6_MIDUNIT4GNODE,RTPD,MCC,LMP_CONG_PRC,DONPEDRO_6_MIDUNIT4GNODE,ALL,1,-0.0012,3,2
2022-09-02T03:30:00-00:00,2022-09-02T03:45:00-00:00,2022-09-01,21,DONPEDRO_6_MIDUNIT4GNODE,DONPEDRO_6_MIDUNIT4GNODE,DONPEDRO_6_MIDUNIT4GNODE,RTPD,MCC,LMP_CONG_PRC,DONPEDRO_6_MIDUNIT4GNODE,ALL,1,31.90707,3,2
2022-09-02T04:30:00-00:00,2022-09-02T04:45:00-00:00,2022-09-01,22,DONPEDRO_6_MIDUNIT4GNODE,DONPEDRO_6_MIDUNIT4GNODE,DONPEDRO_6_MIDUNIT4GNODE,RTPD,MCC,LMP_CONG_PRC,DONPEDRO_6_MIDUNIT4GNODE,ALL,1,69.3749,3,2
2022-09-02T05:30:00-00:00,2022-09-02T05:45:00-00:00,2022-09-01,23,DONPEDRO_6_MIDUNIT4GNODE,DONPEDRO_6_MIDUNIT4GNODE,DONPEDRO_6_MIDUNIT4GNODE,RTPD,MCC,LMP_CONG_PRC,DONPEDRO_6_MIDUNIT4GNODE,ALL,1,0.0012,3,2
2022-09-02T06:30:00-00:00,2022-09-02T06:45:00-00:00,2022-09-01,24,DONPEDRO_6_MIDUNIT4GNODE,DONPEDRO_6_MIDUNIT4GNODE,DONPEDRO_6_MIDUNIT4GNODE,RTPD,MCC,LMP_CONG_PRC,DONPEDRO_6_MIDUNIT4GNODE,ALL,1,0.0012,3,2
2022-09-01T07:45:00-00:00,2022-09-01T08:00:00-00:00,2022-09-01,01,DONPEDRO_6_MIDUNIT4GNODE,DONPEDRO_6_MIDUNIT4GNODE,DONPEDRO_6_MIDUNIT4GNODE,RTPD,MCC,LMP_CONG_PRC,DONPEDRO_6_MIDUNIT4GNODE,ALL,1,-18.93859,4,2
2022-09-01T08:45:00-00:00,2022-09-01T09:00:00-00:00,2022-09-01,02,DONPEDRO_6_MIDUNIT4GNODE,DONPEDRO_6_MIDUNIT4GNODE,DONPEDRO_6_MIDUNIT4GNODE,RTPD,MCC,LMP_CONG_PRC,DONPEDRO_6_MIDUNIT4GNODE,ALL,1,-4.62224,4,2
2022-09-01T09:45:00-00:00,2022-09-01T10:00:00-00:00,2022-09-01,03,DONPEDRO_6_MIDUNIT4GNODE,DONPEDRO_6_MIDUNIT4GNODE,DONPEDRO_6_MIDUNIT4GNODE,RTPD,MCC,LMP_CONG_PRC,DONPEDRO_6_MIDUNIT4GNODE,ALL,1,-5.35224,4,2
2022-09-01T10:45:00-00:00,2022-09-01T11:00:00-00:00,2022-09-01,04,DONPEDRO_6_MIDUNIT4GNODE,DONPEDRO_6_MIDUNIT4GNODE,DONPEDRO_6_MIDUNIT4GNODE,RTPD,MCC,LMP_CONG_PRC,DONPEDRO_6_MIDUNIT4GNODE,ALL,1,-1.25396,4,2
2022-09-01T11:45:00-00:00,2022-09-01T12:00:00-00:00,2022-09-01,05,DONPEDRO_6_MIDUNIT4GNODE,DONPEDRO_6_MIDUNIT4GNODE,DONPEDRO_6_MIDUNIT4GNODE,RTPD,MCC,LMP_CONG_PRC,DONPEDRO_6_MIDUNIT4GNODE,ALL,1,0.0012,4,2
2022-09-01T12:45:00-00:00,2022-09-01T13:00:00-00:00,2022-09-01,06,DONPEDRO_6_MIDUNIT4GNODE,DONPEDRO_6_MIDUNIT4GNODE,DONPEDRO_6_MIDUNIT4GNODE,RTPD,MCC,LMP_CONG_PRC,DONPEDRO_6_MIDUNIT4GNODE,ALL,1,-2.41682,4,2
2022-09-01T13:45:00-00:00,2022-09-01T14:00:00-00:00,2022-09-01,07,DONPEDRO_6_MIDUNIT4GNODE,DONPEDRO_6_MIDUNIT4GNODE,DONPEDRO_6_MIDUNIT4GNODE,RTPD,MCC,LMP_CONG_PRC,DONPEDRO_6_MIDUNIT4GNODE,ALL,1,-0.0012,4,2
2022-09-01T14:45:00-00:00,2022-09-01T15:00:00-00:00,2022-09-01,08,DONPEDRO_6_MIDUNIT4GNODE,DONPEDRO_6_MIDUNIT4GNODE,DONPEDRO_6_MIDUNIT4GNODE,RTPD,MCC,LMP_CONG_PRC,DONPEDRO_6_MIDUNIT4GNODE,ALL,1,0.0012,4,2
2022-09-01T15:45:00-00:00,2022-09-01T16:00:00-00:00,2022-09-01,09,DONPEDRO_6_MIDUNIT4GNODE,DONPEDRO_6_MIDUNIT4GNODE,DONPEDRO_6_MIDUNIT4GNODE,RTPD,MCC,LMP_CONG_PRC,DONPEDRO_6_MIDUNIT4GNODE,ALL,1,0.0012,4,2
2022-09-01T16:45:00-00:00,2022-09-01T17:00:00-00:00,2022-09-01,10,DONPEDRO_6_MIDUNIT4GNODE,DONPEDRO_6_MIDUNIT4GNODE,DONPEDRO_6_MIDUNIT4GNODE,RTPD,MCC,LMP_CONG_PRC,DONPEDRO_6_MIDUNIT4GNODE,ALL,1,-12.69568,4,2
2022-09-01T17:45:00-00:00,2022-09-01T18:00:00-00:00,2022-09-01,11,DONPEDRO_6_MIDUNIT4GNODE,DONPEDRO_6_MIDUNIT4GNODE,DONPEDRO_6_MIDUNIT4GNODE,RTPD,MCC,LMP_CONG_PRC,DONPEDRO_6_MIDUNIT4GNODE,ALL,1,-20.67598,4,2
2022-09-01T18:45:00-00:00,2022-09-01T19:00:00-00:00,2022-09-01,12,DONPEDRO_6_MIDUNIT4GNODE,DONPEDRO_6_MIDUNIT4GNODE,DONPEDRO_6_MIDUNIT4GNODE,RTPD,MCC,LMP_CONG_PRC,DONPEDRO_6_MIDUNIT4GNODE,ALL,1,-28.20168,4,2
2022-09-01T19:45:00-00:00,2022-09-01T20:00:00-00:00,2022-09-01,13,DONPEDRO_6_MIDUNIT4GNODE,DONPEDRO_6_MIDUNIT4GNODE,DONPEDRO_6_MIDUNIT4GNODE,RTPD,MCC,LMP_CONG_PRC,DONPEDRO_6_MIDUNIT4GNODE,ALL,1,-14.05176,4,2
2022-09-01T20:45:00-00:00,2022-09-01T21:00:00-00:00,2022-09-01,14,DONPEDRO_6_MIDUNIT4GNODE,DONPEDRO_6_MIDUNIT4GNODE,DONPEDRO_6_MIDUNIT4GNODE,RTPD,MCC,LMP_CONG_PRC,DONPEDRO_6_MIDUNIT4GNODE,ALL,1,-29.0759,4,2
2022-09-01T21:45:00-00:00,2022-09-01T22:00:00-00:00,2022-09-01,15,DONPEDRO_6_MIDUNIT4GNODE,DONPEDRO_6_MIDUNIT4GNODE,DONPEDRO_6_MIDUNIT4GNODE,RTPD,MCC,LMP_CONG_PRC,DONPEDRO_6_MIDUNIT4GNODE,ALL,1,-91.75867,4,2
2022-09-01T22:45:00-00:00,2022-09-01T23:00:00-00:00,2022-09-01,16,DONPEDRO_6_MIDUNIT4GNODE,DONPEDRO_6_MIDUNIT4GNODE,DONPEDRO_6_MIDUNIT4GNODE,RTPD,MCC,LMP_CONG_PRC,DONPEDRO_6_MIDUNIT4GNODE,ALL,1,-262.9345,4,2
2022-09-01T23:45:00-00:00,2022-09-02T00:00:00-00:00,2022-09-01,17,DONPEDRO_6_MIDUNIT4GNODE,DONPEDRO_6_MIDUNIT4GNODE,DONPEDRO_6_MIDUNIT4GNODE,RTPD,MCC,LMP_CONG_PRC,DONPEDRO_6_MIDUNIT4GNODE,ALL,1,395.25912,4,2
2022-09-02T00:45:00-00:00,2022-09-02T01:00:00-00:00,2022-09-01,18,DONPEDRO_6_MIDUNIT4GNODE,DONPEDRO_6_MIDUNIT4GNODE,DONPEDRO_6_MIDUNIT4GNODE,RTPD,MCC,LMP_CONG_PRC,DONPEDRO_6_MIDUNIT4GNODE,ALL,1,284.42987,4,2
2022-09-02T01:45:00-00:00,2022-09-02T02:00:00-00:00,2022-09-01,19,DONPEDRO_6_MIDUNIT4GNODE,DONPEDRO_6_MIDUNIT4GNODE,DONPEDRO_6_MIDUNIT4GNODE,RTPD,MCC,LMP_CONG_PRC,DONPEDRO_6_MIDUNIT4GNODE,ALL,1,-0.0012,4,2
2022-09-02T02:45:00-00:00,2022-09-02T03:00:00-00:00,2022-09-01,20,DONPEDRO_6_MIDUNIT4GNODE,DONPEDRO_6_MIDUNIT4GNODE,DONPEDRO_6_MIDUNIT4GNODE,RTPD,MCC,LMP_CONG_PRC,DONPEDRO_6_MIDUNIT4GNODE,ALL,1,128.94992,4,2
2022-09-02T03:45:00-00:00,2022-09-02T04:00:00-00:00,2022-09-01,21,DONPEDRO_6_MIDUNIT4GNODE,DONPEDRO_6_MIDUNIT4GNODE,DONPEDRO_6_MIDUNIT4GNODE,RTPD,MCC,LMP_CONG_PRC,DONPEDRO_6_MIDUNIT4GNODE,ALL,1,18.58227,4,2
2022-09-02T04:45:00-00:00,2022-09-02T05:00:00-00:00,2022-09-01,22,DONPEDRO_6_MIDUNIT4GNODE,DONPEDRO_6_MIDUNIT4GNODE,DONPEDRO_6_MIDUNIT4GNODE,RTPD,MCC,LMP_CONG_PRC,DONPEDRO_6_MIDUNIT4GNODE,ALL,1,0.88115,4,2
2022-09-02T05:45:00-00:00,2022-09-02T06:00:00-00:00,2022-09-01,23,DONPEDRO_6_MIDUNIT4GNODE,DONPEDRO_6_MIDUNIT4GNODE,DONPEDRO_6_MIDUNIT4GNODE,RTPD,MCC,LMP_CONG_PRC,DONPEDRO_6_MIDUNIT4GNODE,ALL,1,17.75325,4,2
2022-09-02T06:45:00-00:00,2022-09-02T07:00:00-00:00,2022-09-01,24,DONPEDRO_6_MIDUNIT4GNODE,DONPEDRO_6_MIDUNIT4GNODE,DONPEDRO_6_MIDUNIT4GNODE,RTPD,MCC,LMP_CONG_PRC,DONPEDRO_6_MIDUNIT4GNODE,ALL,1,0.0012,4,2
2022-09-01T07:00:00-00:00,2022-09-01T07:15:00-00:00,2022-09-01,01,DONPEDRO_6_MIDUNIT4GNODE,DONPEDRO_6_MIDUNIT4GNODE,DONPEDRO_6_MIDUNIT4GNODE,RTPD,MCE,LMP_ENE_PRC,DONPEDRO_6_MIDUNIT4GNODE,ALL,1,104.23471,1,3
2022-09-01T08:00:00-00:00,2022-09-01T08:15:00-00:00,2022-09-01,02,DONPEDRO_6_MIDUNIT4GNODE,DONPEDRO_6_MIDUNIT4GNODE,DONPEDRO_6_MIDUNIT4GNODE,RTPD,MCE,LMP_ENE_PRC,DONPEDRO_6_MIDUNIT4GNODE,ALL,1,115.5488,1,3
2022-09-01T09:00:00-00:00,2022-09-01T09:15:00-00:00,2022-09-01,03,DONPEDRO_6_MIDUNIT4GNODE,DONPEDRO_6_MIDUNIT4GNODE,DONPEDRO_6_MIDUNIT4GNODE,RTPD,MCE,LMP_ENE_PRC,DONPEDRO_6_MIDUNIT4GNODE,ALL,1,99.73061,1,3
2022-09-01T10:00:00-00:00,2022-09-01T10:15:00-00:00,2022-09-01,04,DONPEDRO_6_MIDUNIT4GNODE,DONPEDRO_6_MIDUNIT4GNODE,DONPEDRO_6_MIDUNIT4GNODE,RTPD,MCE,LMP_ENE_PRC,DONPEDRO_6_MIDUNIT4GNODE,ALL,1,98.64222,1,3
2022-09-01T11:00:00-00:00,2022-09-01T11:15:00-00:00,2022-09-01,05,DONPEDRO_6_MIDUNIT4GNODE,DONPEDRO_6_MIDUNIT4GNODE,DONPEDRO_6_MIDUNIT4GNODE,RTPD,MCE,LMP_ENE_PRC,DONPEDRO_6_MIDUNIT4GNODE,ALL,1,102.56859,1,3
2022-09-01T12:00:00-00:00,2022-09-01T12:15:00-00:00,2022-09-01,06,DONPEDRO_6_MIDUNIT4GNODE,DONPEDRO_6_MIDUNIT4GNODE,DONPEDRO_6_MIDUNIT4GNODE,RTPD,MCE,LMP_ENE_PRC,DONPEDRO_6_MIDUNIT4GNODE,ALL,1,96.90845,1,3
2022-09-01T13:00:00-00:00,2022-09-01T13:15:00-00:00,2022-09-01,07,DONPEDRO_6_MIDUNIT4GNODE,DONPEDRO_6_MIDUNIT4GNODE,DONPEDRO_6_MIDUNIT4GNODE,RTPD,MCE,LMP_ENE_PRC,DONPEDRO_6_MIDUNIT4GNODE,ALL,1,101.80878,1,3
2022-09-01T14:00:00-00:00,2022-09-01T14:15:00-00:00,2022-09-01,08,DONPEDRO_6_MIDUNIT4GNODE,DONPEDRO_6_MIDUNIT4GNODE,DONPEDRO_6_MIDUNIT4GNODE,RTPD,MCE,LMP_ENE_PRC,DONPEDRO_6_MIDUNIT4GNODE,ALL,1,111.11219,1,3
2022-09-01T15:00:00-00:00,2022-09-01T15:15:00-00:00,2022-09-01,09,DONPEDRO_6_MIDUNIT4GNODE,DONPEDRO_6_MIDUNIT4GNODE,DONPEDRO_6_MIDUNIT4GNODE,RTPD,MCE,LMP_ENE_PRC,DONPEDRO_6_MIDUNIT4GNODE,ALL,1,97.4112,1,3
2022-09-01T16:00:00-00:00,2022-09-01T16:15:00-00:00,2022-09-01,10,DONPEDRO_6_MIDUNIT4GNODE,DONPEDRO_6_MIDUNIT4GNODE,DONPEDRO_6_MIDUNIT4GNODE,RTPD,MCE,LMP_ENE_PRC,DONPEDRO_6_MIDUNIT4GNODE,ALL,1,83.43525,1,3
2022-09-01T17:00:00-00:00,2022-09-01T17:15:00-00:00,2022-09-01,11,DONPEDRO_6_MIDUNIT4GNODE,DONPEDRO_6_MIDUNIT4GNODE,DONPEDRO_6_MIDUNIT4GNODE,RTPD,MCE,LMP_ENE_PRC,DONPEDRO_6_MIDUNIT4GNODE,ALL,1,96.94897,1,3
2022-09-01T18:00:00-00:00,2022-09-01T18:15:00-00:00,2022-09-01,12,DONPEDRO_6_MIDUNIT4GNODE,DONPEDRO_6_MIDUNIT4GNODE,DONPEDRO_6_MIDUNIT4GNODE,RTPD,MCE,LMP_ENE_PRC,DONPEDRO_6_MIDUNIT4GNODE,ALL,1,91.59291,1,3
2022-09-01T19:00:00-00:00,2022-09-01T19:15:00-00:00,2022-09-01,13,DONPEDRO_6_MIDUNIT4GNODE,DONPEDRO_6_MIDUNIT4GNODE,DONPEDRO_6_MIDUNIT4GNODE,RTPD,MCE,LMP_ENE_PRC,DONPEDRO_6_MIDUNIT4GNODE,ALL,1,109.19637,1,3
2022-09-01T20:00:00-00:00,2022-09-01T20:15:00-00:00,2022-09-01,14,DONPEDRO_6_MIDUNIT4GNODE,DONPEDRO_6_MIDUNIT4GNODE,DONPEDRO_6_MIDUNIT4GNODE,RTPD,MCE,LMP_ENE_PRC,DONPEDRO_6_MIDUNIT4GNODE,ALL,1,117.94359,1,3
2022-09-01T21:00:00-00:00,2022-09-01T21:15:00-00:00,2022-09-01,15,DONPEDRO_6_MIDUNIT4GNODE,DONPEDRO_6_MIDUNIT4GNODE,DONPEDRO_6_MIDUNIT4GNODE,RTPD,MCE,LMP_ENE_PRC,DONPEDRO_6_MIDUNIT4GNODE,ALL,1,226.61499,1,3
2022-09-01T22:00:00-00:00,2022-09-01T22:15:00-00:00,2022-09-01,16,DONPEDRO_6_MIDUNIT4GNODE,DONPEDRO_6_MIDUNIT4GNODE,DONPEDRO_6_MIDUNIT4GNODE,RTPD,MCE,LMP_ENE_PRC,DONPEDRO_6_MIDUNIT4GNODE,ALL,1,229.18552,1,3
2022-09-01T23:00:00-00:00,2022-09-01T23:15:00-00:00,2022-09-01,17,DONPEDRO_6_MIDUNIT4GNODE,DONPEDRO_6_MIDUNIT4GNODE,DONPEDRO_6_MIDUNIT4GNODE,RTPD,MCE,LMP_ENE_PRC,DONPEDRO_6_MIDUNIT4GNODE,ALL,1,386.7537,1,3
2022-09-02T00:00:00-00:00,2022-09-02T00:15:00-00:00,2022-09-01,18,DONPEDRO_6_MIDUNIT4GNODE,DONPEDRO_6_MIDUNIT4GNODE,DONPEDRO_6_MIDUNIT4GNODE,RTPD,MCE,LMP_ENE_PRC,DONPEDRO_6_MIDUNIT4GNODE,ALL,1,770.58136,1,3
2022-09-02T01:00:00-00:00,2022-09-02T01:15:00-00:00,2022-09-01,19,DONPEDRO_6_MIDUNIT4GNODE,DONPEDRO_6_MIDUNIT4GNODE,DONPEDRO_6_MIDUNIT4GNODE,RTPD,MCE,LMP_ENE_PRC,DONPEDRO_6_MIDUNIT4GNODE,ALL,1,916.27124,1,3
2022-09-02T02:00:00-00:00,2022-09-02T02:15:00-00:00,2022-09-01,20,DONPEDRO_6_MIDUNIT4GNODE,DONPEDRO_6_MIDUNIT4GNODE,DONPEDRO_6_MIDUNIT4GNODE,RTPD,MCE,LMP_ENE_PRC,DONPEDRO_6_MIDUNIT4GNODE,ALL,1,1991.6721,1,3
2022-09-02T03:00:00-00:00,2022-09-02T03:15:00-00:00,2022-09-01,21,DONPEDRO_6_MIDUNIT4GNODE,DONPEDRO_6_MIDUNIT4GNODE,DONPEDRO_6_MIDUNIT4GNODE,RTPD,MCE,LMP_ENE_PRC,DONPEDRO_6_MIDUNIT4GNODE,ALL,1,917.5508,1,3
2022-09-02T04:00:00-00:00,2022-09-02T04:15:00-00:00,2022-09-01,22,DONPEDRO_6_MIDUNIT4GNODE,DONPEDRO_6_MIDUNIT4GNODE,DONPEDRO_6_MIDUNIT4GNODE,RTPD,MCE,LMP_ENE_PRC,DONPEDRO_6_MIDUNIT4GNODE,ALL,1,257.83005,1,3
2022-09-02T05:00:00-00:00,2022-09-02T05:15:00-00:00,2022-09-01,23,DONPEDRO_6_MIDUNIT4GNODE,DONPEDRO_6_MIDUNIT4GNODE,DONPEDRO_6_MIDUNIT4GNODE,RTPD,MCE,LMP_ENE_PRC,DONPEDRO_6_MIDUNIT4GNODE,ALL,1,183.24657,1,3
2022-09-02T06:00:00-00:00,2022-09-02T06:15:00-00:00,2022-09-01,24,DONPEDRO_6_MIDUNIT4GNODE,DONPEDRO_6_MIDUNIT4GNODE,DONPEDRO_6_MIDUNIT4GNODE,RTPD,MCE,LMP_ENE_PRC,DONPEDRO_6_MIDUNIT4GNODE,ALL,1,158.867,1,3
2022-09-01T07:15:00-00:00,2022-09-01T07:30:00-00:00,2022-09-01,01,DONPEDRO_6_MIDUNIT4GNODE,DONPEDRO_6_MIDUNIT4GNODE,DONPEDRO_6_MIDUNIT4GNODE,RTPD,MCE,LMP_ENE_PRC,DONPEDRO_6_MIDUNIT4GNODE,ALL,1,125.55144,2,3
2022-09-01T08:15:00-00:00,2022-09-01T08:30:00-00:00,2022-09-01,02,DONPEDRO_6_MIDUNIT4GNODE,DONPEDRO_6_MIDUNIT4GNODE,DONPEDRO_6_MIDUNIT4GNODE,RTPD,MCE,LMP_ENE_PRC,DONPEDRO_6_MIDUNIT4GNODE,ALL,1,115.53165,2,3
2022-09-01T09:15:00-00:00,2022-09-01T09:30:00-00:00,2022-09-01,03,DONPEDRO_6_MIDUNIT4GNODE,DONPEDRO_6_MIDUNIT4GNODE,DONPEDRO_6_MIDUNIT4GNODE,RTPD,MCE,LMP_ENE_PRC,DONPEDRO_6_MIDUNIT4GNODE,ALL,1,98.30543,2,3
2022-09-01T10:15:00-00:00,2022-09-01T10:30:00-00:00,2022-09-01,04,DONPEDRO_6_MIDUNIT4GNODE,DONPEDRO_6_MIDUNIT4GNODE,DONPEDRO_6_MIDUNIT4GNODE,RTPD,MCE,LMP_ENE_PRC,DONPEDRO_6_MIDUNIT4GNODE,ALL,1,97.00684,2,3
2022-09-01T11:15:00-00:00,2022-09-01T11:30:00-00:00,2022-09-01,05,DONPEDRO_6_MIDUNIT4GNODE,DONPEDRO_6_MIDUNIT4GNODE,DONPEDRO_6_MIDUNIT4GNODE,RTPD,MCE,LMP_ENE_PRC,DONPEDRO_6_MIDUNIT4GNODE,ALL,1,103.09059,2,3
2022-09-01T12:15:00-00:00,2022-09-01T12:30:00-00:00,2022-09-01,06,DONPEDRO_6_MIDUNIT4GNODE,DONPEDRO_6_MIDUNIT4GNODE,DONPEDRO_6_MIDUNIT4GNODE,RTPD,MCE,LMP_ENE_PRC,DONPEDRO_6_MIDUNIT4GNODE,ALL,1,109.32203,2,3
2022-09-01T13:15:00-00:00,2022-09-01T13:30:00-00:00,2022-09-01,07,DONPEDRO_6_MIDUNIT4GNODE,DONPEDRO_6_MIDUNIT4GNODE,DONPEDRO_6_MIDUNIT4GNODE,RTPD,MCE,LMP_ENE_PRC,DONPEDRO_6_MIDUNIT4GNODE,ALL,1,110.97827,2,3
2022-09-01T14:15:00-00:00,2022-09-01T14:30:00-00:00,2022-09-01,08,DONPEDRO_6_MIDUNIT4GNODE,DONPEDRO_6_MIDUNIT4GNODE,DONPEDRO_6_MIDUNIT4GNODE,RTPD,MCE,LMP_ENE_PRC,DONPEDRO_6_MIDUNIT4GNODE,ALL,1,104.78743,2,3
2022-09-01T15:15:00-00:00,2022-09-01T15:30:00-00:00,2022-09-01,09,DONPEDRO_6_MIDUNIT4GNODE,DONPEDRO_6_MIDUNIT4GNODE,DONPEDRO_6_MIDUNIT4GNODE,RTPD,MCE,LMP_ENE_PRC,DONPEDRO_6_MIDUNIT4GNODE,ALL,1,86.9388,2,3
2022-09-01T16:15:00-00:00,2022-09-01T16:30:00-00:00,2022-09-01,10,DONPEDRO_6_MIDUNIT4GNODE,DONPEDRO_6_MIDUNIT4GNODE,DONPEDRO_6_MIDUNIT4GNODE,RTPD,MCE,LMP_ENE_PRC,DONPEDRO_6_MIDUNIT4GNODE,ALL,1,89.44858,2,3
2022-09-01T17:15:00-00:00,2022-09-01T17:30:00-00:00,2022-09-01,11,DONPEDRO_6_MIDUNIT4GNODE,DONPEDRO_6_MIDUNIT4GNODE,DONPEDRO_6_MIDUNIT4GNODE,RTPD,MCE,LMP_ENE_PRC,DONPEDRO_6_MIDUNIT4GNODE,ALL,1,99.34673,2,3
2022-09-01T18:15:00-00:00,2022-09-01T18:30:00-00:00,2022-09-01,12,DONPEDRO_6_MIDUNIT4GNODE,DONPEDRO_6_MIDUNIT4GNODE,DONPEDRO_6_MIDUNIT4GNODE,RTPD,MCE,LMP_ENE_PRC,DONPEDRO_6_MIDUNIT4GNODE,ALL,1,101.15901,2,3
2022-09-01T19:15:00-00:00,2022-09-01T19:30:00-00:00,2022-09-01,13,DONPEDRO_6_MIDUNIT4GNODE,DONPEDRO_6_MIDUNIT4GNODE,DONPEDRO_6_MIDUNIT4GNODE,RTPD,MCE,LMP_ENE_PRC,DONPEDRO_6_MIDUNIT4GNODE,ALL,1,105.30588,2,3
2022-09-01T20:15:00-00:00,2022-09-01T20:30:00-00:00,2022-09-01,14,DONPEDRO_6_MIDUNIT4GNODE,DONPEDRO_6_MIDUNIT4GNODE,DONPEDRO_6_MIDUNIT4GNODE,RTPD,MCE,LMP_ENE_PRC,DONPEDRO_6_MIDUNIT4GNODE,ALL,1,117.49421,2,3
2022-09-01T21:15:00-00:00,2022-09-01T21:30:00-00:00,2022-09-01,15,DONPEDRO_6_MIDUNIT4GNODE,DONPEDRO_6_MIDUNIT4GNODE,DONPEDRO_6_MIDUNIT4GNODE,RTPD,MCE,LMP_ENE_PRC,DONPEDRO_6_MIDUNIT4GNODE,ALL,1,147.21185,2,3
2022-09-01T22:15:00-00:00,2022-09-01T22:30:00-00:00,2022-09-01,16,DONPEDRO_6_MIDUNIT4GNODE,DONPEDRO_6_MIDUNIT4GNODE,DONPEDRO_6_MIDUNIT4GNODE,RTPD,MCE,LMP_ENE_PRC,DONPEDRO_6_MIDUNIT4GNODE,ALL,1,256.58734,2,3
2022-09-01T23:15:00-00:00,2022-09-01T23:30:00-00:00,2022-09-01,17,DONPEDRO_6_MIDUNIT4GNODE,DONPEDRO_6_MIDUNIT4GNODE,DONPEDRO_6_MIDUNIT4GNODE,RTPD,MCE,LMP_ENE_PRC,DONPEDRO_6_MIDUNIT4GNODE,ALL,1,362.12408,2,3
2022-09-02T00:15:00-00:00,2022-09-02T00:30:00-00:00,2022-09-01,18,DONPEDRO_6_MIDUNIT4GNODE,DONPEDRO_6_MIDUNIT4GNODE,DONPEDRO_6_MIDUNIT4GNODE,RTPD,MCE,LMP_ENE_PRC,DONPEDRO_6_MIDUNIT4GNODE,ALL,1,691.2182,2,3
2022-09-02T01:15:00-00:00,2022-09-02T01:30:00-00:00,2022-09-01,19,DONPEDRO_6_MIDUNIT4GNODE,DONPEDRO_6_MIDUNIT4GNODE,DONPEDRO_6_MIDUNIT4GNODE,RTPD,MCE,LMP_ENE_PRC,DONPEDRO_6_MIDUNIT4GNODE,ALL,1,1999.9933,2,3
2022-09-02T02:15:00-00:00,2022-09-02T02:30:00-00:00,2022-09-01,20,DONPEDRO_6_MIDUNIT4GNODE,DONPEDRO_6_MIDUNIT4GNODE,DONPEDRO_6_MIDUNIT4GNODE,RTPD,MCE,LMP_ENE_PRC,DONPEDRO_6_MIDUNIT4GNODE,ALL,1,1991.6721,2,3
2022-09-02T03:15:00-00:00,2022-09-02T03:30:00-00:00,2022-09-01,21,DONPEDRO_6_MIDUNIT4GNODE,DONPEDRO_6_MIDUNIT4GNODE,DONPEDRO_6_MIDUNIT4GNODE,RTPD,MCE,LMP_ENE_PRC,DONPEDRO_6_MIDUNIT4GNODE,ALL,1,400.52884,2,3
2022-09-02T04:15:00-00:00,2022-09-02T04:30:00-00:00,2022-09-01,22,DONPEDRO_6_MIDUNIT4GNODE,DONPEDRO_6_MIDUNIT4GNODE,DONPEDRO_6_MIDUNIT4GNODE,RTPD,MCE,LMP_ENE_PRC,DONPEDRO_6_MIDUNIT4GNODE,ALL,1,224.75041,2,3
2022-09-02T05:15:00-00:00,2022-09-02T05:30:00-00:00,2022-09-01,23,DONPEDRO_6_MIDUNIT4GNODE,DONPEDRO_6_MIDUNIT4GNODE,DONPEDRO_6_MIDUNIT4GNODE,RTPD,MCE,LMP_ENE_PRC,DONPEDRO_6_MIDUNIT4GNODE,ALL,1,157.11986,2,3
2022-09-02T06:15:00-00:00,2022-09-02T06:30:00-00:00,2022-09-01,24,DONPEDRO_6_MIDUNIT4GNODE,DONPEDRO_6_MIDUNIT4GNODE,DONPEDRO_6_MIDUNIT4GNODE,RTPD,MCE,LMP_ENE_PRC,DONPEDRO_6_MIDUNIT4GNODE,ALL,1,143.1005,2,3
2022-09-01T07:30:00-00:00,2022-09-01T07:45:00-00:00,2022-09-01,01,DONPEDRO_6_MIDUNIT4GNODE,DONPEDRO_6_MIDUNIT4GNODE,DONPEDRO_6_MIDUNIT4GNODE,RTPD,MCE,LMP_ENE_PRC,DONPEDRO_6_MIDUNIT4GNODE,ALL,1,119.03196,3,3
2022-09-01T08:30:00-00:00,2022-09-01T08:45:00-00:00,2022-09-01,02,DONPEDRO_6_MIDUNIT4GNODE,DONPEDRO_6_MIDUNIT4GNODE,DONPEDRO_6_MIDUNIT4GNODE,RTPD,MCE,LMP_ENE_PRC,DONPEDRO_6_MIDUNIT4GNODE,ALL,1,111.11241,3,3
2022-09-01T09:30:00-00:00,2022-09-01T09:45:00-00:00,2022-09-01,03,DONPEDRO_6_MIDUNIT4GNODE,DONPEDRO_6_MIDUNIT4GNODE,DONPEDRO_6_MIDUNIT4GNODE,RTPD,MCE,LMP_ENE_PRC,DONPEDRO_6_MIDUNIT4GNODE,ALL,1,98.16228,3,3
2022-09-01T10:30:00-00:00,2022-09-01T10:45:00-00:00,2022-09-01,04,DONPEDRO_6_MIDUNIT4GNODE,DONPEDRO_6_MIDUNIT4GNODE,DONPEDRO_6_MIDUNIT4GNODE,RTPD,MCE,LMP_ENE_PRC,DONPEDRO_6_MIDUNIT4GNODE,ALL,1,96.36226,3,3
2022-09-01T11:30:00-00:00,2022-09-01T11:45:00-00:00,2022-09-01,05,DONPEDRO_6_MIDUNIT4GNODE,DONPEDRO_6_MIDUNIT4GNODE,DONPEDRO_6_MIDUNIT4GNODE,RTPD,MCE,LMP_ENE_PRC,DONPEDRO_6_MIDUNIT4GNODE,ALL,1,103.06198,3,3
2022-09-01T12:30:00-00:00,2022-09-01T12:45:00-00:00,2022-09-01,06,DONPEDRO_6_MIDUNIT4GNODE,DONPEDRO_6_MIDUNIT4GNODE,DONPEDRO_6_MIDUNIT4GNODE,RTPD,MCE,LMP_ENE_PRC,DONPEDRO_6_MIDUNIT4GNODE,ALL,1,113.57403,3,3
2022-09-01T13:30:00-00:00,2022-09-01T13:45:00-00:00,2022-09-01,07,DONPEDRO_6_MIDUNIT4GNODE,DONPEDRO_6_MIDUNIT4GNODE,DONPEDRO_6_MIDUNIT4GNODE,RTPD,MCE,LMP_ENE_PRC,DONPEDRO_6_MIDUNIT4GNODE,ALL,1,111.52025,3,3
2022-09-01T14:30:00-00:00,2022-09-01T14:45:00-00:00,2022-09-01,08,DONPEDRO_6_MIDUNIT4GNODE,DONPEDRO_6_MIDUNIT4GNODE,DONPEDRO_6_MIDUNIT4GNODE,RTPD,MCE,LMP_ENE_PRC,DONPEDRO_6_MIDUNIT4GNODE,ALL,1,101.83428,3,3
2022-09-01T15:30:00-00:00,2022-09-01T15:45:00-00:00,2022-09-01,09,DONPEDRO_6_MIDUNIT4GNODE,DONPEDRO_6_MIDUNIT4GNODE,DONPEDRO_6_MIDUNIT4GNODE,RTPD,MCE,LMP_ENE_PRC,DONPEDRO_6_MIDUNIT4GNODE,ALL,1,86.1388,3,3
2022-09-01T16:30:00-00:00,2022-09-01T16:45:00-00:00,2022-09-01,10,DONPEDRO_6_MIDUNIT4GNODE,DONPEDRO_6_MIDUNIT4GNODE,DONPEDRO_6_MIDUNIT4GNODE,RTPD,MCE,LMP_ENE_PRC,DONPEDRO_6_MIDUNIT4GNODE,ALL,1,88.79644,3,3
2022-09-01T17:30:00-00:00,2022-09-01T17:45:00-00:00,2022-09-01,11,DONPEDRO_6_MIDUNIT4GNODE,DONPEDRO_6_MIDUNIT4GNODE,DONPEDRO_6_MIDUNIT4GNODE,RTPD,MCE,LMP_ENE_PRC,DONPEDRO_6_MIDUNIT4GNODE,ALL,1,99.13013,3,3
2022-09-01T18:30:00-00:00,2022-09-01T18:45:00-00:00,2022-09-01,12,DONPEDRO_6_MIDUNIT4GNODE,DONPEDRO_6_MIDUNIT4GNODE,DONPEDRO_6_MIDUNIT4GNODE,RTPD,MCE,LMP_ENE_PRC,DONPEDRO_6_MIDUNIT4GNODE,ALL,1,107.05718,3,3
2022-09-01T19:30:00-00:00,2022-09-01T19:45:00-00:00,2022-09-01,13,DONPEDRO_6_MIDUNIT4GNODE,DONPEDRO_6_MIDUNIT4GNODE,DONPEDRO_6_MIDUNIT4GNODE,RTPD,MCE,LMP_ENE_PRC,DONPEDRO_6_MIDUNIT4GNODE,ALL,1,114.05905,3,3
2022-09-01T20:30:00-00:00,2022-09-01T20:45:00-00:00,2022-09-01,14,DONPEDRO_6_MIDUNIT4GNODE,DONPEDRO_6_MIDUNIT4GNODE,DONPEDRO_6_MIDUNIT4GNODE,RTPD,MCE,LMP_ENE_PRC,DONPEDRO_6_MIDUNIT4GNODE,ALL,1,129.81606,3,3
2022-09-01T21:30:00-00:00,2022-09-01T21:45:00-00:00,2022-09-01,15,DONPEDRO_6_MIDUNIT4GNODE,DONPEDRO_6_MIDUNIT4GNODE,DONPEDRO_6_MIDUNIT4GNODE,RTPD,MCE,LMP_ENE_PRC,DONPEDRO_6_MIDUNIT4GNODE,ALL,1,152.93057,3,3
2022-09-01T22:30:00-00:00,2022-09-01T22:45:00-00:00,2022-09-01,16,DONPEDRO_6_MIDUNIT4GNODE,DONPEDRO_6_MIDUNIT4GNODE,DONPEDRO_6_MIDUNIT4GNODE,RTPD,MCE,LMP_ENE_PRC,DONPEDRO_6_MIDUNIT4GNODE,ALL,1,283.18182,3,3
2022-09-01T23:30:00-00:00,2022-09-01T23:45:00-00:00,2022-09-01,17,DONPEDRO_6_MIDUNIT4GNODE,DONPEDRO_6_MIDUNIT4GNODE,DONPEDRO_6_MIDUNIT4GNODE,RTPD,MCE,LMP_ENE_PRC,DONPEDRO_6_MIDUNIT4GNODE,ALL,1,566.48157,3,3
2022-09-02T00:30:00-00:00,2022-09-02T00:45:00-00:00,2022-09-01,18,DONPEDRO_6_MIDUNIT4GNODE,DONPEDRO_6_MIDUNIT4GNODE,DONPEDRO_6_MIDUNIT4GNODE,RTPD,MCE,LMP_ENE_PRC,DONPEDRO_6_MIDUNIT4GNODE,ALL,1,1329.1127,3,3
2022-09-02T01:30:00-00:00,2022-09-02T01:45:00-00:00,2022-09-01,19,DONPEDRO_6_MIDUNIT4GNODE,DONPEDRO_6_MIDUNIT4GNODE,DONPEDRO_6_MIDUNIT4GNODE,RTPD,MCE,LMP_ENE_PRC,DONPEDRO_6_MIDUNIT4GNODE,ALL,1,1999.9956,3,3
2022-09-02T02:30:00-00:00,2022-09-02T02:45:00-00:00,2022-09-01,20,DONPEDRO_6_MIDUNIT4GNODE,DONPEDRO_6_MIDUNIT4GNODE,DONPEDRO_6_MIDUNIT4GNODE,RTPD,MCE,LMP_ENE_PRC,DONPEDRO_6_MIDUNIT4GNODE,ALL,1,1991.671,3,3
2022-09-02T03:30:00-00:00,2022-09-02T03:45:00-00:00,2022-09-01,21,DONPEDRO_6_MIDUNIT4GNODE,DONPEDRO_6_MIDUNIT4GNODE,DONPEDRO_6_MIDUNIT4GNODE,RTPD,MCE,LMP_ENE_PRC,DONPEDRO_6_MIDUNIT4GNODE,ALL,1,186.61823,3,3
2022-09-02T04:30:00-00:00,2022-09-02T04:45:00-00:00,2022-09-01,22,DONPEDRO_6_MIDUNIT4GNODE,DONPEDRO_6_MIDUNIT4GNODE,DONPEDRO_6_MIDUNIT4GNODE,RTPD,MCE,LMP_ENE_PRC,DONPEDRO_6_MIDUNIT4GNODE,ALL,1,180.67824,3,3
2022-09-02T05:30:00-00:00,2022-09-02T05:45:00-00:00,2022-09-01,23,DONPEDRO_6_MIDUNIT4GNODE,DONPEDRO_6_MIDUNIT4GNODE,DONPEDRO_6_MIDUNIT4GNODE,RTPD,MCE,LMP_ENE_PRC,DONPEDRO_6_MIDUNIT4GNODE,ALL,1,131.69917,3,3
2022-09-02T06:30:00-00:00,2022-09-02T06:45:00-00:00,2022-09-01,24,DONPEDRO_6_MIDUNIT4GNODE,DONPEDRO_6_MIDUNIT4GNODE,DONPEDRO_6_MIDUNIT4GNODE,RTPD,MCE,LMP_ENE_PRC,DONPEDRO_6_MIDUNIT4GNODE,ALL,1,128.9871,3,3
2022-09-01T07:45:00-00:00,2022-09-01T08:00:00-00:00,2022-09-01,01,DONPEDRO_6_MIDUNIT4GNODE,DONPEDRO_6_MIDUNIT4GNODE,DONPEDRO_6_MIDUNIT4GNODE,RTPD,MCE,LMP_ENE_PRC,DONPEDRO_6_MIDUNIT4GNODE,ALL,1,109.12099,4,3
2022-09-01T08:45:00-00:00,2022-09-01T09:00:00-00:00,2022-09-01,02,DONPEDRO_6_MIDUNIT4GNODE,DONPEDRO_6_MIDUNIT4GNODE,DONPEDRO_6_MIDUNIT4GNODE,RTPD,MCE,LMP_ENE_PRC,DONPEDRO_6_MIDUNIT4GNODE,ALL,1,98.7357,4,3
2022-09-01T09:45:00-00:00,2022-09-01T10:00:00-00:00,2022-09-01,03,DONPEDRO_6_MIDUNIT4GNODE,DONPEDRO_6_MIDUNIT4GNODE,DONPEDRO_6_MIDUNIT4GNODE,RTPD,MCE,LMP_ENE_PRC,DONPEDRO_6_MIDUNIT4GNODE,ALL,1,97.50475,4,3
2022-09-01T10:45:00-00:00,2022-09-01T11:00:00-00:00,2022-09-01,04,DONPEDRO_6_MIDUNIT4GNODE,DONPEDRO_6_MIDUNIT4GNODE,DONPEDRO_6_MIDUNIT4GNODE,RTPD,MCE,LMP_ENE_PRC,DONPEDRO_6_MIDUNIT4GNODE,ALL,1,94.71966,4,3
2022-09-01T11:45:00-00:00,2022-09-01T12:00:00-00:00,2022-09-01,05,DONPEDRO_6_MIDUNIT4GNODE,DONPEDRO_6_MIDUNIT4GNODE,DONPEDRO_6_MIDUNIT4GNODE,RTPD,MCE,LMP_ENE_PRC,DONPEDRO_6_MIDUNIT4GNODE,ALL,1,107.01,4,3
2022-09-01T12:45:00-00:00,2022-09-01T13:00:00-00:00,2022-09-01,06,DONPEDRO_6_MIDUNIT4GNODE,DONPEDRO_6_MIDUNIT4GNODE,DONPEDRO_6_MIDUNIT4GNODE,RTPD,MCE,LMP_ENE_PRC,DONPEDRO_6_MIDUNIT4GNODE,ALL,1,116.4848,4,3
2022-09-01T13:45:00-00:00,2022-09-01T14:00:00-00:00,2022-09-01,07,DONPEDRO_6_MIDUNIT4GNODE,DONPEDRO_6_MIDUNIT4GNODE,DONPEDRO_6_MIDUNIT4GNODE,RTPD,MCE,LMP_ENE_PRC,DONPEDRO_6_MIDUNIT4GNODE,ALL,1,111.41,4,3
2022-09-01T14:45:00-00:00,2022-09-01T15:00:00-00:00,2022-09-01,08,DONPEDRO_6_MIDUNIT4GNODE,DONPEDRO_6_MIDUNIT4GNODE,DONPEDRO_6_MIDUNIT4GNODE,RTPD,MCE,LMP_ENE_PRC,DONPEDRO_6_MIDUNIT4GNODE,ALL,1,86.1388,4,3
2022-09-01T15:45:00-00:00,2022-09-01T16:00:00-00:00,2022-09-01,09,DONPEDRO_6_MIDUNIT4GNODE,DONPEDRO_6_MIDUNIT4GNODE,DONPEDRO_6_MIDUNIT4GNODE,RTPD,MCE,LMP_ENE_PRC,DONPEDRO_6_MIDUNIT4GNODE,ALL,1,78.70076,4,3
2022-09-01T16:45:00-00:00,2022-09-01T17:00:00-00:00,2022-09-01,10,DONPEDRO_6_MIDUNIT4GNODE,DONPEDRO_6_MIDUNIT4GNODE,DONPEDRO_6_MIDUNIT4GNODE,RTPD,MCE,LMP_ENE_PRC,DONPEDRO_6_MIDUNIT4GNODE,ALL,1,91.24933,4,3
2022-09-01T17:45:00-00:00,2022-09-01T18:00:00-00:00,2022-09-01,11,DONPEDRO_6_MIDUNIT4GNODE,DONPEDRO_6_MIDUNIT4GNODE,DONPEDRO_6_MIDUNIT4GNODE,RTPD,MCE,LMP_ENE_PRC,DONPEDRO_6_MIDUNIT4GNODE,ALL,1,99.20544,4,3
2022-09-01T18:45:00-00:00,2022-09-01T19:00:00-00:00,2022-09-01,12,DONPEDRO_6_MIDUNIT4GNODE,DONPEDRO_6_MIDUNIT4GNODE,DONPEDRO_6_MIDUNIT4GNODE,RTPD,MCE,LMP_ENE_PRC,DONPEDRO_6_MIDUNIT4GNODE,ALL,1,109.04064,4,3
2022-09-01T19:45:00-00:00,2022-09-01T20:00:00-00:00,2022-09-01,13,DONPEDRO_6_MIDUNIT4GNODE,DONPEDRO_6_MIDUNIT4GNODE,DONPEDRO_6_MIDUNIT4GNODE,RTPD,MCE,LMP_ENE_PRC,DONPEDRO_6_MIDUNIT4GNODE,ALL,1,120.22491,4,3
2022-09-01T20:45:00-00:00,2022-09-01T21:00:00-00:00,2022-09-01,14,DONPEDRO_6_MIDUNIT4GNODE,DONPEDRO_6_MIDUNIT4GNODE,DONPEDRO_6_MIDUNIT4GNODE,RTPD,MCE,LMP_ENE_PRC,DONPEDRO_6_MIDUNIT4GNODE,ALL,1,154.02509,4,3
2022-09-01T21:45:00-00:00,2022-09-01T22:00:00-00:00,2022-09-01,15,DONPEDRO_6_MIDUNIT4GNODE,DONPEDRO_6_MIDUNIT4GNODE,DONPEDRO_6_MIDUNIT4GNODE,RTPD,MCE,LMP_ENE_PRC,DONPEDRO_6_MIDUNIT4GNODE,ALL,1,300.29376,4,3
2022-09-01T22:45:00-00:00,2022-09-01T23:00:00-00:00,2022-09-01,16,DONPEDRO_6_MIDUNIT4GNODE,DONPEDRO_6_MIDUNIT4GNODE,DONPEDRO_6_MIDUNIT4GNODE,RTPD,MCE,LMP_ENE_PRC,DONPEDRO_6_MIDUNIT4GNODE,ALL,1,429.9137,4,3
2022-09-01T23:45:00-00:00,2022-09-02T00:00:00-00:00,2022-09-01,17,DONPEDRO_6_MIDUNIT4GNODE,DONPEDRO_6_MIDUNIT4GNODE,DONPEDRO_6_MIDUNIT4GNODE,RTPD,MCE,LMP_ENE_PRC,DONPEDRO_6_MIDUNIT4GNODE,ALL,1,1261.2124,4,3
2022-09-02T00:45:00-00:00,2022-09-02T01:00:00-00:00,2022-09-01,18,DONPEDRO_6_MIDUNIT4GNODE,DONPEDRO_6_MIDUNIT4GNODE,DONPEDRO_6_MIDUNIT4GNODE,RTPD,MCE,LMP_ENE_PRC,DONPEDRO_6_MIDUNIT4GNODE,ALL,1,1519.149,4,3
2022-09-02T01:45:00-00:00,2022-09-02T02:00:00-00:00,2022-09-01,19,DONPEDRO_6_MIDUNIT4GNODE,DONPEDRO_6_MIDUNIT4GNODE,DONPEDRO_6_MIDUNIT4GNODE,RTPD,MCE,LMP_ENE_PRC,DONPEDRO_6_MIDUNIT4GNODE,ALL,1,1991.9337,4,3
2022-09-02T02:45:00-00:00,2022-09-02T03:00:00-00:00,2022-09-01,20,DONPEDRO_6_MIDUNIT4GNODE,DONPEDRO_6_MIDUNIT4GNODE,DONPEDRO_6_MIDUNIT4GNODE,RTPD,MCE,LMP_ENE_PRC,DONPEDRO_6_MIDUNIT4GNODE,ALL,1,1629.6213,4,3
2022-09-02T03:45:00-00:00,2022-09-02T04:00:00-00:00,2022-09-01,21,DONPEDRO_6_MIDUNIT4GNODE,DONPEDRO_6_MIDUNIT4GNODE,DONPEDRO_6_MIDUNIT4GNODE,RTPD,MCE,LMP_ENE_PRC,DONPEDRO_6_MIDUNIT4GNODE,ALL,1,141.13702,4,3
2022-09-02T04:45:00-00:00,2022-09-02T05:00:00-00:00,2022-09-01,22,DONPEDRO_6_MIDUNIT4GNODE,DONPEDRO_6_MIDUNIT4GNODE,DONPEDRO_6_MIDUNIT4GNODE,RTPD,MCE,LMP_ENE_PRC,DONPEDRO_6_MIDUNIT4GNODE,ALL,1,126.76372,4,3
2022-09-02T05:45:00-00:00,2022-09-02T06:00:00-00:00,2022-09-01,23,DONPEDRO_6_MIDUNIT4GNODE,DONPEDRO_6_MIDUNIT4GNODE,DONPEDRO_6_MIDUNIT4GNODE,RTPD,MCE,LMP_ENE_PRC,DONPEDRO_6_MIDUNIT4GNODE,ALL,1,119.00958,4,3
2022-09-02T06:45:00-00:00,2022-09-02T07:00:00-00:00,2022-09-01,24,DONPEDRO_6_MIDUNIT4GNODE,DONPEDRO_6_MIDUNIT4GNODE,DONPEDRO_6_MIDUNIT4GNODE,RTPD,MCE,LMP_ENE_PRC,DONPEDRO_6_MIDUNIT4GNODE,ALL,1,109.20324,4,3
2022-09-01T07:00:00-00:00,2022-09-01T07:15:00-00:00,2022-09-01,01,DONPEDRO_6_MIDUNIT4GNODE,DONPEDRO_6_MIDUNIT4GNODE,DONPEDRO_6_MIDUNIT4GNODE,RTPD,MCL,LMP_LOSS_PRC,DONPEDRO_6_MIDUNIT4GNODE,ALL,1,1.74074,1,4
2022-09-01T08:00:00-00:00,2022-09-01T08:15:00-00:00,2022-09-01,02,DONPEDRO_6_MIDUNIT4GNODE,DONPEDRO_6_MIDUNIT4GNODE,DONPEDRO_6_MIDUNIT4GNODE,RTPD,MCL,LMP_LOSS_PRC,DONPEDRO_6_MIDUNIT4GNODE,ALL,1,0,1,4
2022-09-01T09:00:00-00:00,2022-09-01T09:15:00-00:00,2022-09-01,03,DONPEDRO_6_MIDUNIT4GNODE,DONPEDRO_6_MIDUNIT4GNODE,DONPEDRO_6_MIDUNIT4GNODE,RTPD,MCL,LMP_LOSS_PRC,DONPEDRO_6_MIDUNIT4GNODE,ALL,1,3.43077,1,4
2022-09-01T10:00:00-00:00,2022-09-01T10:15:00-00:00,2022-09-01,04,DONPEDRO_6_MIDUNIT4GNODE,DONPEDRO_6_MIDUNIT4GNODE,DONPEDRO_6_MIDUNIT4GNODE,RTPD,MCL,LMP_LOSS_PRC,DONPEDRO_6_MIDUNIT4GNODE,ALL,1,3.66954,1,4
2022-09-01T11:00:00-00:00,2022-09-01T11:15:00-00:00,2022-09-01,05,DONPEDRO_6_MIDUNIT4GNODE,DONPEDRO_6_MIDUNIT4GNODE,DONPEDRO_6_MIDUNIT4GNODE,RTPD,MCL,LMP_LOSS_PRC,DONPEDRO_6_MIDUNIT4GNODE,ALL,1,3.89765,1,4
2022-09-01T12:00:00-00:00,2022-09-01T12:15:00-00:00,2022-09-01,06,DONPEDRO_6_MIDUNIT4GNODE,DONPEDRO_6_MIDUNIT4GNODE,DONPEDRO_6_MIDUNIT4GNODE,RTPD,MCL,LMP_LOSS_PRC,DONPEDRO_6_MIDUNIT4GNODE,ALL,1,3.42091,1,4
2022-09-01T13:00:00-00:00,2022-09-01T13:15:00-00:00,2022-09-01,07,DONPEDRO_6_MIDUNIT4GNODE,DONPEDRO_6_MIDUNIT4GNODE,DONPEDRO_6_MIDUNIT4GNODE,RTPD,MCL,LMP_LOSS_PRC,DONPEDRO_6_MIDUNIT4GNODE,ALL,1,0,1,4
2022-09-01T14:00:00-00:00,2022-09-01T14:15:00-00:00,2022-09-01,08,DONPEDRO_6_MIDUNIT4GNODE,DONPEDRO_6_MIDUNIT4GNODE,DONPEDRO_6_MIDUNIT4GNODE,RTPD,MCL,LMP_LOSS_PRC,DONPEDRO_6_MIDUNIT4GNODE,ALL,1,3.97777,1,4
2022-09-01T15:00:00-00:00,2022-09-01T15:15:00-00:00,2022-09-01,09,DONPEDRO_6_MIDUNIT4GNODE,DONPEDRO_6_MIDUNIT4GNODE,DONPEDRO_6_MIDUNIT4GNODE,RTPD,MCL,LMP_LOSS_PRC,DONPEDRO_6_MIDUNIT4GNODE,ALL,1,0,1,4
2022-09-01T16:00:00-00:00,2022-09-01T16:15:00-00:00,2022-09-01,10,DONPEDRO_6_MIDUNIT4GNODE,DONPEDRO_6_MIDUNIT4GNODE,DONPEDRO_6_MIDUNIT4GNODE,RTPD,MCL,LMP_LOSS_PRC,DONPEDRO_6_MIDUNIT4GNODE,ALL,1,0,1,4
2022-09-01T17:00:00-00:00,2022-09-01T17:15:00-00:00,2022-09-01,11,DONPEDRO_6_MIDUNIT4GNODE,DONPEDRO_6_MIDUNIT4GNODE,DONPEDRO_6_MIDUNIT4GNODE,RTPD,MCL,LMP_LOSS_PRC,DONPEDRO_6_MIDUNIT4GNODE,ALL,1,0,1,4
2022-09-01T18:00:00-00:00,2022-09-01T18:15:00-00:00,2022-09-01,12,DONPEDRO_6_MIDUNIT4GNODE,DONPEDRO_6_MIDUNIT4GNODE,DONPEDRO_6_MIDUNIT4GNODE,RTPD,MCL,LMP_LOSS_PRC,DONPEDRO_6_MIDUNIT4GNODE,ALL,1,0,1,4
2022-09-01T19:00:00-00:00,2022-09-01T19:15:00-00:00,2022-09-01,13,DONPEDRO_6_MIDUNIT4GNODE,DONPEDRO_6_MIDUNIT4GNODE,DONPEDRO_6_MIDUNIT4GNODE,RTPD,MCL,LMP_LOSS_PRC,DONPEDRO_6_MIDUNIT4GNODE,ALL,1,0,1,4
2022-09-01T20:00:00-00:00,2022-09-01T20:15:00-00:00,2022-09-01,14,DONPEDRO_6_MIDUNIT4GNODE,DONPEDRO_6_MIDUNIT4GNODE,DONPEDRO_6_MIDUNIT4GNODE,RTPD,MCL,LMP_LOSS_PRC,DONPEDRO_6_MIDUNIT4GNODE,ALL,1,0,1,4
2022-09-01T21:00:00-00:00,2022-09-01T21:15:00-00:00,2022-09-01,15,DONPEDRO_6_MIDUNIT4GNODE,DONPEDRO_6_MIDUNIT4GNODE,DONPEDRO_6_MIDUNIT4GNODE,RTPD,MCL,LMP_LOSS_PRC,DONPEDRO_6_MIDUNIT4GNODE,ALL,1,0,1,4
2022-09-01T22:00:00-00:00,2022-09-01T22:15:00-00:00,2022-09-01,16,DONPEDRO_6_MIDUNIT4GNODE,DONPEDRO_6_MIDUNIT4GNODE,DONPEDRO_6_MIDUNIT4GNODE,RTPD,MCL,LMP_LOSS_PRC,DONPEDRO_6_MIDUNIT4GNODE,ALL,1,0,1,4
2022-09-01T23:00:00-00:00,2022-09-01T23:15:00-00:00,2022-09-01,17,DONPEDRO_6_MIDUNIT4GNODE,DONPEDRO_6_MIDUNIT4GNODE,DONPEDRO_6_MIDUNIT4GNODE,RTPD,MCL,LMP_LOSS_PRC,DONPEDRO_6_MIDUNIT4GNODE,ALL,1,0,1,4
2022-09-02T00:00:00-00:00,2022-09-02T00:15:00-00:00,2022-09-01,18,DONPEDRO_6_MIDUNIT4GNODE,DONPEDRO_6_MIDUNIT4GNODE,DONPEDRO_6_MIDUNIT4GNODE,RTPD,MCL,LMP_LOSS_PRC,DONPEDRO_6_MIDUNIT4GNODE,ALL,1,-16.41336,1,4
2022-09-02T01:00:00-00:00,2022-09-02T01:15:00-00:00,2022-09-01,19,DONPEDRO_6_MIDUNIT4GNODE,DONPEDRO_6_MIDUNIT4GNODE,DONPEDRO_6_MIDUNIT4GNODE,RTPD,MCL,LMP_LOSS_PRC,DONPEDRO_6_MIDUNIT4GNODE,ALL,1,0,1,4
2022-09-02T02:00:00-00:00,2022-09-02T02:15:00-00:00,2022-09-01,20,DONPEDRO_6_MIDUNIT4GNODE,DONPEDRO_6_MIDUNIT4GNODE,DONPEDRO_6_MIDUNIT4GNODE,RTPD,MCL,LMP_LOSS_PRC,DONPEDRO_6_MIDUNIT4GNODE,ALL,1,0,1,4
2022-09-02T03:00:00-00:00,2022-09-02T03:15:00-00:00,2022-09-01,21,DONPEDRO_6_MIDUNIT4GNODE,DONPEDRO_6_MIDUNIT4GNODE,DONPEDRO_6_MIDUNIT4GNODE,RTPD,MCL,LMP_LOSS_PRC,DONPEDRO_6_MIDUNIT4GNODE,ALL,1,-4.95477,1,4
2022-09-02T04:00:00-00:00,2022-09-02T04:15:00-00:00,2022-09-01,22,DONPEDRO_6_MIDUNIT4GNODE,DONPEDRO_6_MIDUNIT4GNODE,DONPEDRO_6_MIDUNIT4GNODE,RTPD,MCL,LMP_LOSS_PRC,DONPEDRO_6_MIDUNIT4GNODE,ALL,1,-2.24311,1,4
2022-09-02T05:00:00-00:00,2022-09-02T05:15:00-00:00,2022-09-01,23,DONPEDRO_6_MIDUNIT4GNODE,DONPEDRO_6_MIDUNIT4GNODE,DONPEDRO_6_MIDUNIT4GNODE,RTPD,MCL,LMP_LOSS_PRC,DONPEDRO_6_MIDUNIT4GNODE,ALL,1,-3.62831,1,4
2022-09-02T06:00:00-00:00,2022-09-02T06:15:00-00:00,2022-09-01,24,DONPEDRO_6_MIDUNIT4GNODE,DONPEDRO_6_MIDUNIT4GNODE,DONPEDRO_6_MIDUNIT4GNODE,RTPD,MCL,LMP_LOSS_PRC,DONPEDRO_6_MIDUNIT4GNODE,ALL,1,-3.2568,1,4
2022-09-01T07:15:00-00:00,2022-09-01T07:30:00-00:00,2022-09-01,01,DONPEDRO_6_MIDUNIT4GNODE,DONPEDRO_6_MIDUNIT4GNODE,DONPEDRO_6_MIDUNIT4GNODE,RTPD,MCL,LMP_LOSS_PRC,DONPEDRO_6_MIDUNIT4GNODE,ALL,1,0,2,4
2022-09-01T08:15:00-00:00,2022-09-01T08:30:00-00:00,2022-09-01,02,DONPEDRO_6_MIDUNIT4GNODE,DONPEDRO_6_MIDUNIT4GNODE,DONPEDRO_6_MIDUNIT4GNODE,RTPD,MCL,LMP_LOSS_PRC,DONPEDRO_6_MIDUNIT4GNODE,ALL,1,0,2,4
2022-09-01T09:15:00-00:00,2022-09-01T09:30:00-00:00,2022-09-01,03,DONPEDRO_6_MIDUNIT4GNODE,DONPEDRO_6_MIDUNIT4GNODE,DONPEDRO_6_MIDUNIT4GNODE,RTPD,MCL,LMP_LOSS_PRC,DONPEDRO_6_MIDUNIT4GNODE,ALL,1,3.38175,2,4
2022-09-01T10:15:00-00:00,2022-09-01T10:30:00-00:00,2022-09-01,04,DONPEDRO_6_MIDUNIT4GNODE,DONPEDRO_6_MIDUNIT4GNODE,DONPEDRO_6_MIDUNIT4GNODE,RTPD,MCL,LMP_LOSS_PRC,DONPEDRO_6_MIDUNIT4GNODE,ALL,1,3.6475,2,4
2022-09-01T11:15:00-00:00,2022-09-01T11:30:00-00:00,2022-09-01,05,DONPEDRO_6_MIDUNIT4GNODE,DONPEDRO_6_MIDUNIT4GNODE,DONPEDRO_6_MIDUNIT4GNODE,RTPD,MCL,LMP_LOSS_PRC,DONPEDRO_6_MIDUNIT4GNODE,ALL,1,3.90718,2,4
2022-09-01T12:15:00-00:00,2022-09-01T12:30:00-00:00,2022-09-01,06,DONPEDRO_6_MIDUNIT4GNODE,DONPEDRO_6_MIDUNIT4GNODE,DONPEDRO_6_MIDUNIT4GNODE,RTPD,MCL,LMP_LOSS_PRC,DONPEDRO_6_MIDUNIT4GNODE,ALL,1,3.9903,2,4
2022-09-01T13:15:00-00:00,2022-09-01T13:30:00-00:00,2022-09-01,07,DONPEDRO_6_MIDUNIT4GNODE,DONPEDRO_6_MIDUNIT4GNODE,DONPEDRO_6_MIDUNIT4GNODE,RTPD,MCL,LMP_LOSS_PRC,DONPEDRO_6_MIDUNIT4GNODE,ALL,1,4.23932,2,4
2022-09-01T14:15:00-00:00,2022-09-01T14:30:00-00:00,2022-09-01,08,DONPEDRO_6_MIDUNIT4GNODE,DONPEDRO_6_MIDUNIT4GNODE,DONPEDRO_6_MIDUNIT4GNODE,RTPD,MCL,LMP_LOSS_PRC,DONPEDRO_6_MIDUNIT4GNODE,ALL,1,3.31124,2,4
2022-09-01T15:15:00-00:00,2022-09-01T15:30:00-00:00,2022-09-01,09,DONPEDRO_6_MIDUNIT4GNODE,DONPEDRO_6_MIDUNIT4GNODE,DONPEDRO_6_MIDUNIT4GNODE,RTPD,MCL,LMP_LOSS_PRC,DONPEDRO_6_MIDUNIT4GNODE,ALL,1,0,2,4
2022-09-01T16:15:00-00:00,2022-09-01T16:30:00-00:00,2022-09-01,10,DONPEDRO_6_MIDUNIT4GNODE,DONPEDRO_6_MIDUNIT4GNODE,DONPEDRO_6_MIDUNIT4GNODE,RTPD,MCL,LMP_LOSS_PRC,DONPEDRO_6_MIDUNIT4GNODE,ALL,1,0,2,4
2022-09-01T17:15:00-00:00,2022-09-01T17:30:00-00:00,2022-09-01,11,DONPEDRO_6_MIDUNIT4GNODE,DONPEDRO_6_MIDUNIT4GNODE,DONPEDRO_6_MIDUNIT4GNODE,RTPD,MCL,LMP_LOSS_PRC,DONPEDRO_6_MIDUNIT4GNODE,ALL,1,0,2,4
2022-09-01T18:15:00-00:00,2022-09-01T18:30:00-00:00,2022-09-01,12,DONPEDRO_6_MIDUNIT4GNODE,DONPEDRO_6_MIDUNIT4GNODE,DONPEDRO_6_MIDUNIT4GNODE,RTPD,MCL,LMP_LOSS_PRC,DONPEDRO_6_MIDUNIT4GNODE,ALL,1,0,2,4
2022-09-01T19:15:00-00:00,2022-09-01T19:30:00-00:00,2022-09-01,13,DONPEDRO_6_MIDUNIT4GNODE,DONPEDRO_6_MIDUNIT4GNODE,DONPEDRO_6_MIDUNIT4GNODE,RTPD,MCL,LMP_LOSS_PRC,DONPEDRO_6_MIDUNIT4GNODE,ALL,1,0,2,4
2022-09-01T20:15:00-00:00,2022-09-01T20:30:00-00:00,2022-09-01,14,DONPEDRO_6_MIDUNIT4GNODE,DONPEDRO_6_MIDUNIT4GNODE,DONPEDRO_6_MIDUNIT4GNODE,RTPD,MCL,LMP_LOSS_PRC,DONPEDRO_6_MIDUNIT4GNODE,ALL,1,0,2,4
2022-09-01T21:15:00-00:00,2022-09-01T21:30:00-00:00,2022-09-01,15,DONPEDRO_6_MIDUNIT4GNODE,DONPEDRO_6_MIDUNIT4GNODE,DONPEDRO_6_MIDUNIT4GNODE,RTPD,MCL,LMP_LOSS_PRC,DONPEDRO_6_MIDUNIT4GNODE,ALL,1,0,2,4
2022-09-01T22:15:00-00:00,2022-09-01T22:30:00-00:00,2022-09-01,16,DONPEDRO_6_MIDUNIT4GNODE,DONPEDRO_6_MIDUNIT4GNODE,DONPEDRO_6_MIDUNIT4GNODE,RTPD,MCL,LMP_LOSS_PRC,DONPEDRO_6_MIDUNIT4GNODE,ALL,1,0,2,4
2022-09-01T23:15:00-00:00,2022-09-01T23:30:00-00:00,2022-09-01,17,DONPEDRO_6_MIDUNIT4GNODE,DONPEDRO_6_MIDUNIT4GNODE,DONPEDRO_6_MIDUNIT4GNODE,RTPD,MCL,LMP_LOSS_PRC,DONPEDRO_6_MIDUNIT4GNODE,ALL,1,0,2,4
2022-09-02T00:15:00-00:00,2022-09-02T00:30:00-00:00,2022-09-01,18,DONPEDRO_6_MIDUNIT4GNODE,DONPEDRO_6_MIDUNIT4GNODE,DONPEDRO_6_MIDUNIT4GNODE,RTPD,MCL,LMP_LOSS_PRC,DONPEDRO_6_MIDUNIT4GNODE,ALL,1,-15.06853,2,4
2022-09-02T01:15:00-00:00,2022-09-02T01:30:00-00:00,2022-09-01,19,DONPEDRO_6_MIDUNIT4GNODE,DONPEDRO_6_MIDUNIT4GNODE,DONPEDRO_6_MIDUNIT4GNODE,RTPD,MCL,LMP_LOSS_PRC,DONPEDRO_6_MIDUNIT4GNODE,ALL,1,0,2,4
2022-09-02T02:15:00-00:00,2022-09-02T02:30:00-00:00,2022-09-01,20,DONPEDRO_6_MIDUNIT4GNODE,DONPEDRO_6_MIDUNIT4GNODE,DONPEDRO_6_MIDUNIT4GNODE,RTPD,MCL,LMP_LOSS_PRC,DONPEDRO_6_MIDUNIT4GNODE,ALL,1,0,2,4
2022-09-02T03:15:00-00:00,2022-09-02T03:30:00-00:00,2022-09-01,21,DONPEDRO_6_MIDUNIT4GNODE,DONPEDRO_6_MIDUNIT4GNODE,DONPEDRO_6_MIDUNIT4GNODE,RTPD,MCL,LMP_LOSS_PRC,DONPEDRO_6_MIDUNIT4GNODE,ALL,1,-3.36443,2,4
2022-09-02T04:15:00-00:00,2022-09-02T04:30:00-00:00,2022-09-01,22,DONPEDRO_6_MIDUNIT4GNODE,DONPEDRO_6_MIDUNIT4GNODE,DONPEDRO_6_MIDUNIT4GNODE,RTPD,MCL,LMP_LOSS_PRC,DONPEDRO_6_MIDUNIT4GNODE,ALL,1,-2.11264,2,4
2022-09-02T05:15:00-00:00,2022-09-02T05:30:00-00:00,2022-09-01,23,DONPEDRO_6_MIDUNIT4GNODE,DONPEDRO_6_MIDUNIT4GNODE,DONPEDRO_6_MIDUNIT4GNODE,RTPD,MCL,LMP_LOSS_PRC,DONPEDRO_6_MIDUNIT4GNODE,ALL,1,-3.58236,2,4
2022-09-02T06:15:00-00:00,2022-09-02T06:30:00-00:00,2022-09-01,24,DONPEDRO_6_MIDUNIT4GNODE,DONPEDRO_6_MIDUNIT4GNODE,DONPEDRO_6_MIDUNIT4GNODE,RTPD,MCL,LMP_LOSS_PRC,DONPEDRO_6_MIDUNIT4GNODE,ALL,1,-3.49168,2,4
2022-09-01T07:30:00-00:00,2022-09-01T07:45:00-00:00,2022-09-01,01,DONPEDRO_6_MIDUNIT4GNODE,DONPEDRO_6_MIDUNIT4GNODE,DONPEDRO_6_MIDUNIT4GNODE,RTPD,MCL,LMP_LOSS_PRC,DONPEDRO_6_MIDUNIT4GNODE,ALL,1,0,3,4
2022-09-01T08:30:00-00:00,2022-09-01T08:45:00-00:00,2022-09-01,02,DONPEDRO_6_MIDUNIT4GNODE,DONPEDRO_6_MIDUNIT4GNODE,DONPEDRO_6_MIDUNIT4GNODE,RTPD,MCL,LMP_LOSS_PRC,DONPEDRO_6_MIDUNIT4GNODE,ALL,1,4.08898,3,4
2022-09-01T09:30:00-00:00,2022-09-01T09:45:00-00:00,2022-09-01,03,DONPEDRO_6_MIDUNIT4GNODE,DONPEDRO_6_MIDUNIT4GNODE,DONPEDRO_6_MIDUNIT4GNODE,RTPD,MCL,LMP_LOSS_PRC,DONPEDRO_6_MIDUNIT4GNODE,ALL,1,3.21976,3,4
2022-09-01T10:30:00-00:00,2022-09-01T10:45:00-00:00,2022-09-01,04,DONPEDRO_6_MIDUNIT4GNODE,DONPEDRO_6_MIDUNIT4GNODE,DONPEDRO_6_MIDUNIT4GNODE,RTPD,MCL,LMP_LOSS_PRC,DONPEDRO_6_MIDUNIT4GNODE,ALL,1,3.62327,3,4
2022-09-01T11:30:00-00:00,2022-09-01T11:45:00-00:00,2022-09-01,05,DONPEDRO_6_MIDUNIT4GNODE,DONPEDRO_6_MIDUNIT4GNODE,DONPEDRO_6_MIDUNIT4GNODE,RTPD,MCL,LMP_LOSS_PRC,DONPEDRO_6_MIDUNIT4GNODE,ALL,1,4.04008,3,4
2022-09-01T12:30:00-00:00,2022-09-01T12:45:00-00:00,2022-09-01,06,DONPEDRO_6_MIDUNIT4GNODE,DONPEDRO_6_MIDUNIT4GNODE,DONPEDRO_6_MIDUNIT4GNODE,RTPD,MCL,LMP_LOSS_PRC,DONPEDRO_6_MIDUNIT4GNODE,ALL,1,4.00921,3,4
2022-09-01T13:30:00-00:00,2022-09-01T13:45:00-00:00,2022-09-01,07,DONPEDRO_6_MIDUNIT4GNODE,DONPEDRO_6_MIDUNIT4GNODE,DONPEDRO_6_MIDUNIT4GNODE,RTPD,MCL,LMP_LOSS_PRC,DONPEDRO_6_MIDUNIT4GNODE,ALL,1,4.54998,3,4
2022-09-01T14:30:00-00:00,2022-09-01T14:45:00-00:00,2022-09-01,08,DONPEDRO_6_MIDUNIT4GNODE,DONPEDRO_6_MIDUNIT4GNODE,DONPEDRO_6_MIDUNIT4GNODE,RTPD,MCL,LMP_LOSS_PRC,DONPEDRO_6_MIDUNIT4GNODE,ALL,1,3.45214,3,4
2022-09-01T15:30:00-00:00,2022-09-01T15:45:00-00:00,2022-09-01,09,DONPEDRO_6_MIDUNIT4GNODE,DONPEDRO_6_MIDUNIT4GNODE,DONPEDRO_6_MIDUNIT4GNODE,RTPD,MCL,LMP_LOSS_PRC,DONPEDRO_6_MIDUNIT4GNODE,ALL,1,0,3,4
2022-09-01T16:30:00-00:00,2022-09-01T16:45:00-00:00,2022-09-01,10,DONPEDRO_6_MIDUNIT4GNODE,DONPEDRO_6_MIDUNIT4GNODE,DONPEDRO_6_MIDUNIT4GNODE,RTPD,MCL,LMP_LOSS_PRC,DONPEDRO_6_MIDUNIT4GNODE,ALL,1,0,3,4
2022-09-01T17:30:00-00:00,2022-09-01T17:45:00-00:00,2022-09-01,11,DONPEDRO_6_MIDUNIT4GNODE,DONPEDRO_6_MIDUNIT4GNODE,DONPEDRO_6_MIDUNIT4GNODE,RTPD,MCL,LMP_LOSS_PRC,DONPEDRO_6_MIDUNIT4GNODE,ALL,1,0,3,4
2022-09-01T18:30:00-00:00,2022-09-01T18:45:00-00:00,2022-09-01,12,DONPEDRO_6_MIDUNIT4GNODE,DONPEDRO_6_MIDUNIT4GNODE,DONPEDRO_6_MIDUNIT4GNODE,RTPD,MCL,LMP_LOSS_PRC,DONPEDRO_6_MIDUNIT4GNODE,ALL,1,0,3,4
2022-09-01T19:30:00-00:00,2022-09-01T19:45:00-00:00,2022-09-01,13,DONPEDRO_6_MIDUNIT4GNODE,DONPEDRO_6_MIDUNIT4GNODE,DONPEDRO_6_MIDUNIT4GNODE,RTPD,MCL,LMP_LOSS_PRC,DONPEDRO_6_MIDUNIT4GNODE,ALL,1,0,3,4
2022-09-01T20:30:00-00:00,2022-09-01T20:45:00-00:00,2022-09-01,14,DONPEDRO_6_MIDUNIT4GNODE,DONPEDRO_6_MIDUNIT4GNODE,DONPEDRO_6_MIDUNIT4GNODE,RTPD,MCL,LMP_LOSS_PRC,DONPEDRO_6_MIDUNIT4GNODE,ALL,1,0,3,4
2022-09-01T21:30:00-00:00,2022-09-01T21:45:00-00:00,2022-09-01,15,DONPEDRO_6_MIDUNIT4GNODE,DONPEDRO_6_MIDUNIT4GNODE,DONPEDRO_6_MIDUNIT4GNODE,RTPD,MCL,LMP_LOSS_PRC,DONPEDRO_6_MIDUNIT4GNODE,ALL,1,0,3,4
2022-09-01T22:30:00-00:00,2022-09-01T22:45:00-00:00,2022-09-01,16,DONPEDRO_6_MIDUNIT4GNODE,DONPEDRO_6_MIDUNIT4GNODE,DONPEDRO_6_MIDUNIT4GNODE,RTPD,MCL,LMP_LOSS_PRC,DONPEDRO_6_MIDUNIT4GNODE,ALL,1,0,3,4
2022-09-01T23:30:00-00:00,2022-09-01T23:45:00-00:00,2022-09-01,17,DONPEDRO_6_MIDUNIT4GNODE,DONPEDRO_6_MIDUNIT4GNODE,DONPEDRO_6_MIDUNIT4GNODE,RTPD,MCL,LMP_LOSS_PRC,DONPEDRO_6_MIDUNIT4GNODE,ALL,1,0,3,4
2022-09-02T00:30:00-00:00,2022-09-02T00:45:00-00:00,2022-09-01,18,DONPEDRO_6_MIDUNIT4GNODE,DONPEDRO_6_MIDUNIT4GNODE,DONPEDRO_6_MIDUNIT4GNODE,RTPD,MCL,LMP_LOSS_PRC,DONPEDRO_6_MIDUNIT4GNODE,ALL,1,0,3,4
2022-09-02T01:30:00-00:00,2022-09-02T01:45:00-00:00,2022-09-01,19,DONPEDRO_6_MIDUNIT4GNODE,DONPEDRO_6_MIDUNIT4GNODE,DONPEDRO_6_MIDUNIT4GNODE,RTPD,MCL,LMP_LOSS_PRC,DONPEDRO_6_MIDUNIT4GNODE,ALL,1,0,3,4
2022-09-02T02:30:00-00:00,2022-09-02T02:45:00-00:00,2022-09-01,20,DONPEDRO_6_MIDUNIT4GNODE,DONPEDRO_6_MIDUNIT4GNODE,DONPEDRO_6_MIDUNIT4GNODE,RTPD,MCL,LMP_LOSS_PRC,DONPEDRO_6_MIDUNIT4GNODE,ALL,1,0,3,4
2022-09-02T03:30:00-00:00,2022-09-02T03:45:00-00:00,2022-09-01,21,DONPEDRO_6_MIDUNIT4GNODE,DONPEDRO_6_MIDUNIT4GNODE,DONPEDRO_6_MIDUNIT4GNODE,RTPD,MCL,LMP_LOSS_PRC,DONPEDRO_6_MIDUNIT4GNODE,ALL,1,-1.71688,3,4
2022-09-02T04:30:00-00:00,2022-09-02T04:45:00-00:00,2022-09-01,22,DONPEDRO_6_MIDUNIT4GNODE,DONPEDRO_6_MIDUNIT4GNODE,DONPEDRO_6_MIDUNIT4GNODE,RTPD,MCL,LMP_LOSS_PRC,DONPEDRO_6_MIDUNIT4GNODE,ALL,1,-3.43286,3,4
2022-09-02T05:30:00-00:00,2022-09-02T05:45:00-00:00,2022-09-01,23,DONPEDRO_6_MIDUNIT4GNODE,DONPEDRO_6_MIDUNIT4GNODE,DONPEDRO_6_MIDUNIT4GNODE,RTPD,MCL,LMP_LOSS_PRC,DONPEDRO_6_MIDUNIT4GNODE,ALL,1,-3.37153,3,4
2022-09-02T06:30:00-00:00,2022-09-02T06:45:00-00:00,2022-09-01,24,DONPEDRO_6_MIDUNIT4GNODE,DONPEDRO_6_MIDUNIT4GNODE,DONPEDRO_6_MIDUNIT4GNODE,RTPD,MCL,LMP_LOSS_PRC,DONPEDRO_6_MIDUNIT4GNODE,ALL,1,-1.16089,3,4
2022-09-01T07:45:00-00:00,2022-09-01T08:00:00-00:00,2022-09-01,01,DONPEDRO_6_MIDUNIT4GNODE,DONPEDRO_6_MIDUNIT4GNODE,DONPEDRO_6_MIDUNIT4GNODE,RTPD,MCL,LMP_LOSS_PRC,DONPEDRO_6_MIDUNIT4GNODE,ALL,1,0,4,4
2022-09-01T08:45:00-00:00,2022-09-01T09:00:00-00:00,2022-09-01,02,DONPEDRO_6_MIDUNIT4GNODE,DONPEDRO_6_MIDUNIT4GNODE,DONPEDRO_6_MIDUNIT4GNODE,RTPD,MCL,LMP_LOSS_PRC,DONPEDRO_6_MIDUNIT4GNODE,ALL,1,3.53478,4,4
2022-09-01T09:45:00-00:00,2022-09-01T10:00:00-00:00,2022-09-01,03,DONPEDRO_6_MIDUNIT4GNODE,DONPEDRO_6_MIDUNIT4GNODE,DONPEDRO_6_MIDUNIT4GNODE,RTPD,MCL,LMP_LOSS_PRC,DONPEDRO_6_MIDUNIT4GNODE,ALL,1,3.2567,4,4
2022-09-01T10:45:00-00:00,2022-09-01T11:00:00-00:00,2022-09-01,04,DONPEDRO_6_MIDUNIT4GNODE,DONPEDRO_6_MIDUNIT4GNODE,DONPEDRO_6_MIDUNIT4GNODE,RTPD,MCL,LMP_LOSS_PRC,DONPEDRO_6_MIDUNIT4GNODE,ALL,1,3.54256,4,4
2022-09-01T11:45:00-00:00,2022-09-01T12:00:00-00:00,2022-09-01,05,DONPEDRO_6_MIDUNIT4GNODE,DONPEDRO_6_MIDUNIT4GNODE,DONPEDRO_6_MIDUNIT4GNODE,RTPD,MCL,LMP_LOSS_PRC,DONPEDRO_6_MIDUNIT4GNODE,ALL,1,0,4,4
2022-09-01T12:45:00-00:00,2022-09-01T13:00:00-00:00,2022-09-01,06,DONPEDRO_6_MIDUNIT4GNODE,DONPEDRO_6_MIDUNIT4GNODE,DONPEDRO_6_MIDUNIT4GNODE,RTPD,MCL,LMP_LOSS_PRC,DONPEDRO_6_MIDUNIT4GNODE,ALL,1,0,4,4
2022-09-01T13:45:00-00:00,2022-09-01T14:00:00-00:00,2022-09-01,07,DONPEDRO_6_MIDUNIT4GNODE,DONPEDRO_6_MIDUNIT4GNODE,DONPEDRO_6_MIDUNIT4GNODE,RTPD,MCL,LMP_LOSS_PRC,DONPEDRO_6_MIDUNIT4GNODE,ALL,1,0,4,4
2022-09-01T14:45:00-00:00,2022-09-01T15:00:00-00:00,2022-09-01,08,DONPEDRO_6_MIDUNIT4GNODE,DONPEDRO_6_MIDUNIT4GNODE,DONPEDRO_6_MIDUNIT4GNODE,RTPD,MCL,LMP_LOSS_PRC,DONPEDRO_6_MIDUNIT4GNODE,ALL,1,0,4,4
2022-09-01T15:45:00-00:00,2022-09-01T16:00:00-00:00,2022-09-01,09,DONPEDRO_6_MIDUNIT4GNODE,DONPEDRO_6_MIDUNIT4GNODE,DONPEDRO_6_MIDUNIT4GNODE,RTPD,MCL,LMP_LOSS_PRC,DONPEDRO_6_MIDUNIT4GNODE,ALL,1,0,4,4
2022-09-01T16:45:00-00:00,2022-09-01T17:00:00-00:00,2022-09-01,10,DONPEDRO_6_MIDUNIT4GNODE,DONPEDRO_6_MIDUNIT4GNODE,DONPEDRO_6_MIDUNIT4GNODE,RTPD,MCL,LMP_LOSS_PRC,DONPEDRO_6_MIDUNIT4GNODE,ALL,1,0,4,4
2022-09-01T17:45:00-00:00,2022-09-01T18:00:00-00:00,2022-09-01,11,DONPEDRO_6_MIDUNIT4GNODE,DONPEDRO_6_MIDUNIT4GNODE,DONPEDRO_6_MIDUNIT4GNODE,RTPD,MCL,LMP_LOSS_PRC,DONPEDRO_6_MIDUNIT4GNODE,ALL,1,0,4,4
2022-09-01T18:45:00-00:00,2022-09-01T19:00:00-00:00,2022-09-01,12,DONPEDRO_6_MIDUNIT4GNODE,DONPEDRO_6_MIDUNIT4GNODE,DONPEDRO_6_MIDUNIT4GNODE,RTPD,MCL,LMP_LOSS_PRC,DONPEDRO_6_MIDUNIT4GNODE,ALL,1,0,4,4
2022-09-01T19:45:00-00:00,2022-09-01T20:00:00-00:00,2022-09-01,13,DONPEDRO_6_MIDUNIT4GNODE,DONPEDRO_6_MIDUNIT4GNODE,DONPEDRO_6_MIDUNIT4GNODE,RTPD,MCL,LMP_LOSS_PRC,DONPEDRO_6_MIDUNIT4GNODE,ALL,1,0,4,4
2022-09-01T20:45:00-00:00,2022-09-01T21:00:00-00:00,2022-09-01,14,DONPEDRO_6_MIDUNIT4GNODE,DONPEDRO_6_MIDUNIT4GNODE,DONPEDRO_6_MIDUNIT4GNODE,RTPD,MCL,LMP_LOSS_PRC,DONPEDRO_6_MIDUNIT4GNODE,ALL,1,0,4,4
2022-09-01T21:45:00-00:00,2022-09-01T22:00:00-00:00,2022-09-01,15,DONPEDRO_6_MIDUNIT4GNODE,DONPEDRO_6_MIDUNIT4GNODE,DONPEDRO_6_MIDUNIT4GNODE,RTPD,MCL,LMP_LOSS_PRC,DONPEDRO_6_MIDUNIT4GNODE,ALL,1,0,4,4
2022-09-01T22:45:00-00:00,2022-09-01T23:00:00-00:00,2022-09-01,16,DONPEDRO_6_MIDUNIT4GNODE,DONPEDRO_6_MIDUNIT4GNODE,DONPEDRO_6_MIDUNIT4GNODE,RTPD,MCL,LMP_LOSS_PRC,DONPEDRO_6_MIDUNIT4GNODE,ALL,1,0,4,4
2022-09-01T23:45:00-00:00,2022-09-02T00:00:00-00:00,2022-09-01,17,DONPEDRO_6_MIDUNIT4GNODE,DONPEDRO_6_MIDUNIT4GNODE,DONPEDRO_6_MIDUNIT4GNODE,RTPD,MCL,LMP_LOSS_PRC,DONPEDRO_6_MIDUNIT4GNODE,ALL,1,0,4,4
2022-09-02T00:45:00-00:00,2022-09-02T01:00:00-00:00,2022-09-01,18,DONPEDRO_6_MIDUNIT4GNODE,DONPEDRO_6_MIDUNIT4GNODE,DONPEDRO_6_MIDUNIT4GNODE,RTPD,MCL,LMP_LOSS_PRC,DONPEDRO_6_MIDUNIT4GNODE,ALL,1,0,4,4
2022-09-02T01:45:00-00:00,2022-09-02T02:00:00-00:00,2022-09-01,19,DONPEDRO_6_MIDUNIT4GNODE,DONPEDRO_6_MIDUNIT4GNODE,DONPEDRO_6_MIDUNIT4GNODE,RTPD,MCL,LMP_LOSS_PRC,DONPEDRO_6_MIDUNIT4GNODE,ALL,1,0,4,4
2022-09-02T02:45:00-00:00,2022-09-02T03:00:00-00:00,2022-09-01,20,DONPEDRO_6_MIDUNIT4GNODE,DONPEDRO_6_MIDUNIT4GNODE,DONPEDRO_6_MIDUNIT4GNODE,RTPD,MCL,LMP_LOSS_PRC,DONPEDRO_6_MIDUNIT4GNODE,ALL,1,-42.20716,4,4
2022-09-02T03:45:00-00:00,2022-09-02T04:00:00-00:00,2022-09-01,21,DONPEDRO_6_MIDUNIT4GNODE,DONPEDRO_6_MIDUNIT4GNODE,DONPEDRO_6_MIDUNIT4GNODE,RTPD,MCL,LMP_LOSS_PRC,DONPEDRO_6_MIDUNIT4GNODE,ALL,1,-1.65129,4,4
2022-09-02T04:45:00-00:00,2022-09-02T05:00:00-00:00,2022-09-01,22,DONPEDRO_6_MIDUNIT4GNODE,DONPEDRO_6_MIDUNIT4GNODE,DONPEDRO_6_MIDUNIT4GNODE,RTPD,MCL,LMP_LOSS_PRC,DONPEDRO_6_MIDUNIT4GNODE,ALL,1,-1.39441,4,4
2022-09-02T05:45:00-00:00,2022-09-02T06:00:00-00:00,2022-09-01,23,DONPEDRO_6_MIDUNIT4GNODE,DONPEDRO_6_MIDUNIT4GNODE,DONPEDRO_6_MIDUNIT4GNODE,RTPD,MCL,LMP_LOSS_PRC,DONPEDRO_6_MIDUNIT4GNODE,ALL,1,-2.95147,4,4
2022-09-02T06:45:00-00:00,2022-09-02T07:00:00-00:00,2022-09-01,24,DONPEDRO_6_MIDUNIT4GNODE,DONPEDRO_6_MIDUNIT4GNODE,DONPEDRO_6_MIDUNIT4GNODE,RTPD,MCL,LMP_LOSS_PRC,DONPEDRO_6_MIDUNIT4GNODE,ALL,1,0.63339,4,4
2022-09-01T07:00:00-00:00,2022-09-01T07:15:00-00:00,2022-09-01,01,DONPEDRO_6_MIDUNIT4GNODE,DONPEDRO_6_MIDUNIT4GNODE,DONPEDRO_6_MIDUNIT4GNODE,RTPD,MGHG,LMP_GHG_PRC,DONPEDRO_6_MIDUNIT4GNODE,ALL,1,0,1,5
2022-09-01T08:00:00-00:00,2022-09-01T08:15:00-00:00,2022-09-01,02,DONPEDRO_6_MIDUNIT4GNODE,DONPEDRO_6_MIDUNIT4GNODE,DONPEDRO_6_MIDUNIT4GNODE,RTPD,MGHG,LMP_GHG_PRC,DONPEDRO_6_MIDUNIT4GNODE,ALL,1,0,1,5
2022-09-01T09:00:00-00:00,2022-09-01T09:15:00-00:00,2022-09-01,03,DONPEDRO_6_MIDUNIT4GNODE,DONPEDRO_6_MIDUNIT4GNODE,DONPEDRO_6_MIDUNIT4GNODE,RTPD,MGHG,LMP_GHG_PRC,DONPEDRO_6_MIDUNIT4GNODE,ALL,1,0,1,5
2022-09-01T10:00:00-00:00,2022-09-01T10:15:00-00:00,2022-09-01,04,DONPEDRO_6_MIDUNIT4GNODE,DONPEDRO_6_MIDUNIT4GNODE,DONPEDRO_6_MIDUNIT4GNODE,RTPD,MGHG,LMP_GHG_PRC,DONPEDRO_6_MIDUNIT4GNODE,ALL,1,0,1,5
2022-09-01T11:00:00-00:00,2022-09-01T11:15:00-00:00,2022-09-01,05,DONPEDRO_6_MIDUNIT4GNODE,DONPEDRO_6_MIDUNIT4GNODE,DONPEDRO_6_MIDUNIT4GNODE,RTPD,MGHG,LMP_GHG_PRC,DONPEDRO_6_MIDUNIT4GNODE,ALL,1,0,1,5
2022-09-01T12:00:00-00:00,2022-09-01T12:15:00-00:00,2022-09-01,06,DONPEDRO_6_MIDUNIT4GNODE,DONPEDRO_6_MIDUNIT4GNODE,DONPEDRO_6_MIDUNIT4GNODE,RTPD,MGHG,LMP_GHG_PRC,DONPEDRO_6_MIDUNIT4GNODE,ALL,1,0,1,5
2022-09-01T13:00:00-00:00,2022-09-01T13:15:00-00:00,2022-09-01,07,DONPEDRO_6_MIDUNIT4GNODE,DONPEDRO_6_MIDUNIT4GNODE,DONPEDRO_6_MIDUNIT4GNODE,RTPD,MGHG,LMP_GHG_PRC,DONPEDRO_6_MIDUNIT4GNODE,ALL,1,0,1,5
2022-09-01T14:00:00-00:00,2022-09-01T14:15:00-00:00,2022-09-01,08,DONPEDRO_6_MIDUNIT4GNODE,DONPEDRO_6_MIDUNIT4GNODE,DONPEDRO_6_MIDUNIT4GNODE,RTPD,MGHG,LMP_GHG_PRC,DONPEDRO_6_MIDUNIT4GNODE,ALL,1,0,1,5
2022-09-01T15:00:00-00:00,2022-09-01T15:15:00-00:00,2022-09-01,09,DONPEDRO_6_MIDUNIT4GNODE,DONPEDRO_6_MIDUNIT4GNODE,DONPEDRO_6_MIDUNIT4GNODE,RTPD,MGHG,LMP_GHG_PRC,DONPEDRO_6_MIDUNIT4GNODE,ALL,1,0,1,5
2022-09-01T16:00:00-00:00,2022-09-01T16:15:00-00:00,2022-09-01,10,DONPEDRO_6_MIDUNIT4GNODE,DONPEDRO_6_MIDUNIT4GNODE,DONPEDRO_6_MIDUNIT4GNODE,RTPD,MGHG,LMP_GHG_PRC,DONPEDRO_6_MIDUNIT4GNODE,ALL,1,0,1,5
2022-09-01T17:00:00-00:00,2022-09-01T17:15:00-00:00,2022-09-01,11,DONPEDRO_6_MIDUNIT4GNODE,DONPEDRO_6_MIDUNIT4GNODE,DONPEDRO_6_MIDUNIT4GNODE,RTPD,MGHG,LMP_GHG_PRC,DONPEDRO_6_MIDUNIT4GNODE,ALL,1,0,1,5
2022-09-01T18:00:00-00:00,2022-09-01T18:15:00-00:00,2022-09-01,12,DONPEDRO_6_MIDUNIT4GNODE,DONPEDRO_6_MIDUNIT4GNODE,DONPEDRO_6_MIDUNIT4GNODE,RTPD,MGHG,LMP_GHG_PRC,DONPEDRO_6_MIDUNIT4GNODE,ALL,1,0,1,5
2022-09-01T19:00:00-00:00,2022-09-01T19:15:00-00:00,2022-09-01,13,DONPEDRO_6_MIDUNIT4GNODE,DONPEDRO_6_MIDUNIT4GNODE,DONPEDRO_6_MIDUNIT4GNODE,RTPD,MGHG,LMP_GHG_PRC,DONPEDRO_6_MIDUNIT4GNODE,ALL,1,0,1,5
2022-09-01T20:00:00-00:00,2022-09-01T20:15:00-00:00,2022-09-01,14,DONPEDRO_6_MIDUNIT4GNODE,DONPEDRO_6_MIDUNIT4GNODE,DONPEDRO_6_MIDUNIT4GNODE,RTPD,MGHG,LMP_GHG_PRC,DONPEDRO_6_MIDUNIT4GNODE,ALL,1,0,1,5
2022-09-01T21:00:00-00:00,2022-09-01T21:15:00-00:00,2022-09-01,15,DONPEDRO_6_MIDUNIT4GNODE,DONPEDRO_6_MIDUNIT4GNODE,DONPEDRO_6_MIDUNIT4GNODE,RTPD,MGHG,LMP_GHG_PRC,DONPEDRO_6_MIDUNIT4GNODE,ALL,1,0,1,5
2022-09-01T22:00:00-00:00,2022-09-01T22:15:00-00:00,2022-09-01,16,DONPEDRO_6_MIDUNIT4GNODE,DONPEDRO_6_MIDUNIT4GNODE,DONPEDRO_6_MIDUNIT4GNODE,RTPD,MGHG,LMP_GHG_PRC,DONPEDRO_6_MIDUNIT4GNODE,ALL,1,0,1,5
2022-09-01T23:00:00-00:00,2022-09-01T23:15:00-00:00,2022-09-01,17,DONPEDRO_6_MIDUNIT4GNODE,DONPEDRO_6_MIDUNIT4GNODE,DONPEDRO_6_MIDUNIT4GNODE,RTPD,MGHG,LMP_GHG_PRC,DONPEDRO_6_MIDUNIT4GNODE,ALL,1,0,1,5
2022-09-02T00:00:00-00:00,2022-09-02T00:15:00-00:00,2022-09-01,18,DONPEDRO_6_MIDUNIT4GNODE,DONPEDRO_6_MIDUNIT4GNODE,DONPEDRO_6_MIDUNIT4GNODE,RTPD,MGHG,LMP_GHG_PRC,DONPEDRO_6_MIDUNIT4GNODE,ALL,1,0,1,5
2022-09-02T01:00:00-00:00,2022-09-02T01:15:00-00:00,2022-09-01,19,DONPEDRO_6_MIDUNIT4GNODE,DONPEDRO_6_MIDUNIT4GNODE,DONPEDRO_6_MIDUNIT4GNODE,RTPD,MGHG,LMP_GHG_PRC,DONPEDRO_6_MIDUNIT4GNODE,ALL,1,0,1,5
2022-09-02T02:00:00-00:00,2022-09-02T02:15:00-00:00,2022-09-01,20,DONPEDRO_6_MIDUNIT4GNODE,DONPEDRO_6_MIDUNIT4GNODE,DONPEDRO_6_MIDUNIT4GNODE,RTPD,MGHG,LMP_GHG_PRC,DONPEDRO_6_MIDUNIT4GNODE,ALL,1,0,1,5
2022-09-02T03:00:00-00:00,2022-09-02T03:15:00-00:00,2022-09-01,21,DONPEDRO_6_MIDUNIT4GNODE,DONPEDRO_6_MIDUNIT4GNODE,DONPEDRO_6_MIDUNIT4GNODE,RTPD,MGHG,LMP_GHG_PRC,DONPEDRO_6_MIDUNIT4GNODE,ALL,1,0,1,5
2022-09-02T04:00:00-00:00,2022-09-02T04:15:00-00:00,2022-09-01,22,DONPEDRO_6_MIDUNIT4GNODE,DONPEDRO_6_MIDUNIT4GNODE,DONPEDRO_6_MIDUNIT4GNODE,RTPD,MGHG,LMP_GHG_PRC,DONPEDRO_6_MIDUNIT4GNODE,ALL,1,0,1,5
2022-09-02T05:00:00-00:00,2022-09-02T05:15:00-00:00,2022-09-01,23,DONPEDRO_6_MIDUNIT4GNODE,DONPEDRO_6_MIDUNIT4GNODE,DONPEDRO_6_MIDUNIT4GNODE,RTPD,MGHG,LMP_GHG_PRC,DONPEDRO_6_MIDUNIT4GNODE,ALL,1,0,1,5
2022-09-02T06:00:00-00:00,2022-09-02T06:15:00-00:00,2022-09-01,24,DONPEDRO_6_MIDUNIT4GNODE,DONPEDRO_6_MIDUNIT4GNODE,DONPEDRO_6_MIDUNIT4GNODE,RTPD,MGHG,LMP_GHG_PRC,DONPEDRO_6_MIDUNIT4GNODE,ALL,1,0,1,5
2022-09-01T07:15:00-00:00,2022-09-01T07:30:00-00:00,2022-09-01,01,DONPEDRO_6_MIDUNIT4GNODE,DONPEDRO_6_MIDUNIT4GNODE,DONPEDRO_6_MIDUNIT4GNODE,RTPD,MGHG,LMP_GHG_PRC,DONPEDRO_6_MIDUNIT4GNODE,ALL,1,0,2,5
2022-09-01T08:15:00-00:00,2022-09-01T08:30:00-00:00,2022-09-01,02,DONPEDRO_6_MIDUNIT4GNODE,DONPEDRO_6_MIDUNIT4GNODE,DONPEDRO_6_MIDUNIT4GNODE,RTPD,MGHG,LMP_GHG_PRC,DONPEDRO_6_MIDUNIT4GNODE,ALL,1,0,2,5
2022-09-01T09:15:00-00:00,2022-09-01T09:30:00-00:00,2022-09-01,03,DONPEDRO_6_MIDUNIT4GNODE,DONPEDRO_6_MIDUNIT4GNODE,DONPEDRO_6_MIDUNIT4GNODE,RTPD,MGHG,LMP_GHG_PRC,DONPEDRO_6_MIDUNIT4GNODE,ALL,1,0,2,5
2022-09-01T10:15:00-00:00,2022-09-01T10:30:00-00:00,2022-09-01,04,DONPEDRO_6_MIDUNIT4GNODE,DONPEDRO_6_MIDUNIT4GNODE,DONPEDRO_6_MIDUNIT4GNODE,RTPD,MGHG,LMP_GHG_PRC,DONPEDRO_6_MIDUNIT4GNODE,ALL,1,0,2,5
2022-09-01T11:15:00-00:00,2022-09-01T11:30:00-00:00,2022-09-01,05,DONPEDRO_6_MIDUNIT4GNODE,DONPEDRO_6_MIDUNIT4GNODE,DONPEDRO_6_MIDUNIT4GNODE,RTPD,MGHG,LMP_GHG_PRC,DONPEDRO_6_MIDUNIT4GNODE,ALL,1,0,2,5
2022-09-01T12:15:00-00:00,2022-09-01T12:30:00-00:00,2022-09-01,06,DONPEDRO_6_MIDUNIT4GNODE,DONPEDRO_6_MIDUNIT4GNODE,DONPEDRO_6_MIDUNIT4GNODE,RTPD,MGHG,LMP_GHG_PRC,DONPEDRO_6_MIDUNIT4GNODE,ALL,1,0,2,5
2022-09-01T13:15:00-00:00,2022-09-01T13:30:00-00:00,2022-09-01,07,DONPEDRO_6_MIDUNIT4GNODE,DONPEDRO_6_MIDUNIT4GNODE,DONPEDRO_6_MIDUNIT4GNODE,RTPD,MGHG,LMP_GHG_PRC,DONPEDRO_6_MIDUNIT4GNODE,ALL,1,0,2,5
2022-09-01T14:15:00-00:00,2022-09-01T14:30:00-00:00,2022-09-01,08,DONPEDRO_6_MIDUNIT4GNODE,DONPEDRO_6_MIDUNIT4GNODE,DONPEDRO_6_MIDUNIT4GNODE,RTPD,MGHG,LMP_GHG_PRC,DONPEDRO_6_MIDUNIT4GNODE,ALL,1,0,2,5
2022-09-01T15:15:00-00:00,2022-09-01T15:30:00-00:00,2022-09-01,09,DONPEDRO_6_MIDUNIT4GNODE,DONPEDRO_6_MIDUNIT4GNODE,DONPEDRO_6_MIDUNIT4GNODE,RTPD,MGHG,LMP_GHG_PRC,DONPEDRO_6_MIDUNIT4GNODE,ALL,1,0,2,5
2022-09-01T16:15:00-00:00,2022-09-01T16:30:00-00:00,2022-09-01,10,DONPEDRO_6_MIDUNIT4GNODE,DONPEDRO_6_MIDUNIT4GNODE,DONPEDRO_6_MIDUNIT4GNODE,RTPD,MGHG,LMP_GHG_PRC,DONPEDRO_6_MIDUNIT4GNODE,ALL,1,0,2,5
2022-09-01T17:15:00-00:00,2022-09-01T17:30:00-00:00,2022-09-01,11,DONPEDRO_6_MIDUNIT4GNODE,DONPEDRO_6_MIDUNIT4GNODE,DONPEDRO_6_MIDUNIT4GNODE,RTPD,MGHG,LMP_GHG_PRC,DONPEDRO_6_MIDUNIT4GNODE,ALL,1,0,2,5
2022-09-01T18:15:00-00:00,2022-09-01T18:30:00-00:00,2022-09-01,12,DONPEDRO_6_MIDUNIT4GNODE,DONPEDRO_6_MIDUNIT4GNODE,DONPEDRO_6_MIDUNIT4GNODE,RTPD,MGHG,LMP_GHG_PRC,DONPEDRO_6_MIDUNIT4GNODE,ALL,1,0,2,5
2022-09-01T19:15:00-00:00,2022-09-01T19:30:00-00:00,2022-09-01,13,DONPEDRO_6_MIDUNIT4GNODE,DONPEDRO_6_MIDUNIT4GNODE,DONPEDRO_6_MIDUNIT4GNODE,RTPD,MGHG,LMP_GHG_PRC,DONPEDRO_6_MIDUNIT4GNODE,ALL,1,0,2,5
2022-09-01T20:15:00-00:00,2022-09-01T20:30:00-00:00,2022-09-01,14,DONPEDRO_6_MIDUNIT4GNODE,DONPEDRO_6_MIDUNIT4GNODE,DONPEDRO_6_MIDUNIT4GNODE,RTPD,MGHG,LMP_GHG_PRC,DONPEDRO_6_MIDUNIT4GNODE,ALL,1,0,2,5
2022-09-01T21:15:00-00:00,2022-09-01T21:30:00-00:00,2022-09-01,15,DONPEDRO_6_MIDUNIT4GNODE,DONPEDRO_6_MIDUNIT4GNODE,DONPEDRO_6_MIDUNIT4GNODE,RTPD,MGHG,LMP_GHG_PRC,DONPEDRO_6_MIDUNIT4GNODE,ALL,1,0,2,5
2022-09-01T22:15:00-00:00,2022-09-01T22:30:00-00:00,2022-09-01,16,DONPEDRO_6_MIDUNIT4GNODE,DONPEDRO_6_MIDUNIT4GNODE,DONPEDRO_6_MIDUNIT4GNODE,RTPD,MGHG,LMP_GHG_PRC,DONPEDRO_6_MIDUNIT4GNODE,ALL,1,0,2,5
2022-09-01T23:15:00-00:00,2022-09-01T23:30:00-00:00,2022-09-01,17,DONPEDRO_6_MIDUNIT4GNODE,DONPEDRO_6_MIDUNIT4GNODE,DONPEDRO_6_MIDUNIT4GNODE,RTPD,MGHG,LMP_GHG_PRC,DONPEDRO_6_MIDUNIT4GNODE,ALL,1,0,2,5
2022-09-02T00:15:00-00:00,2022-09-02T00:30:00-00:00,2022-09-01,18,DONPEDRO_6_MIDUNIT4GNODE,DONPEDRO_6_MIDUNIT4GNODE,DONPEDRO_6_MIDUNIT4GNODE,RTPD,MGHG,LMP_GHG_PRC,DONPEDRO_6_MIDUNIT4GNODE,ALL,1,0,2,5
2022-09-02T01:15:00-00:00,2022-09-02T01:30:00-00:00,2022-09-01,19,DONPEDRO_6_MIDUNIT4GNODE,DONPEDRO_6_MIDUNIT4GNODE,DONPEDRO_6_MIDUNIT4GNODE,RTPD,MGHG,LMP_GHG_PRC,DONPEDRO_6_MIDUNIT4GNODE,ALL,1,0,2,5
2022-09-02T02:15:00-00:00,2022-09-02T02:30:00-00:00,2022-09-01,20,DONPEDRO_6_MIDUNIT4GNODE,DONPEDRO_6_MIDUNIT4GNODE,DONPEDRO_6_MIDUNIT4GNODE,RTPD,MGHG,LMP_GHG_PRC,DONPEDRO_6_MIDUNIT4GNODE,ALL,1,0,2,5
2022-09-02T03:15:00-00:00,2022-09-02T03:30:00-00:00,2022-09-01,21,DONPEDRO_6_MIDUNIT4GNODE,DONPEDRO_6_MIDUNIT4GNODE,DONPEDRO_6_MIDUNIT4GNODE,RTPD,MGHG,LMP_GHG_PRC,DONPEDRO_6_MIDUNIT4GNODE,ALL,1,0,2,5
2022-09-02T04:15:00-00:00,2022-09-02T04:30:00-00:00,2022-09-01,22,DONPEDRO_6_MIDUNIT4GNODE,DONPEDRO_6_MIDUNIT4GNODE,DONPEDRO_6_MIDUNIT4GNODE,RTPD,MGHG,LMP_GHG_PRC,DONPEDRO_6_MIDUNIT4GNODE,ALL,1,0,2,5
2022-09-02T05:15:00-00:00,2022-09-02T05:30:00-00:00,2022-09-01,23,DONPEDRO_6_MIDUNIT4GNODE,DONPEDRO_6_MIDUNIT4GNODE,DONPEDRO_6_MIDUNIT4GNODE,RTPD,MGHG,LMP_GHG_PRC,DONPEDRO_6_MIDUNIT4GNODE,ALL,1,0,2,5
2022-09-02T06:15:00-00:00,2022-09-02T06:30:00-00:00,2022-09-01,24,DONPEDRO_6_MIDUNIT4GNODE,DONPEDRO_6_MIDUNIT4GNODE,DONPEDRO_6_MIDUNIT4GNODE,RTPD,MGHG,LMP_GHG_PRC,DONPEDRO_6_MIDUNIT4GNODE,ALL,1,0,2,5
2022-09-01T07:30:00-00:00,2022-09-01T07:45:00-00:00,2022-09-01,01,DONPEDRO_6_MIDUNIT4GNODE,DONPEDRO_6_MIDUNIT4GNODE,DONPEDRO_6_MIDUNIT4GNODE,RTPD,MGHG,LMP_GHG_PRC,DONPEDRO_6_MIDUNIT4GNODE,ALL,1,0,3,5
2022-09-01T08:30:00-00:00,2022-09-01T08:45:00-00:00,2022-09-01,02,DONPEDRO_6_MIDUNIT4GNODE,DONPEDRO_6_MIDUNIT4GNODE,DONPEDRO_6_MIDUNIT4GNODE,RTPD,MGHG,LMP_GHG_PRC,DONPEDRO_6_MIDUNIT4GNODE,ALL,1,0,3,5
2022-09-01T09:30:00-00:00,2022-09-01T09:45:00-00:00,2022-09-01,03,DONPEDRO_6_MIDUNIT4GNODE,DONPEDRO_6_MIDUNIT4GNODE,DONPEDRO_6_MIDUNIT4GNODE,RTPD,MGHG,LMP_GHG_PRC,DONPEDRO_6_MIDUNIT4GNODE,ALL,1,0,3,5
2022-09-01T10:30:00-00:00,2022-09-01T10:45:00-00:00,2022-09-01,04,DONPEDRO_6_MIDUNIT4GNODE,DONPEDRO_6_MIDUNIT4GNODE,DONPEDRO_6_MIDUNIT4GNODE,RTPD,MGHG,LMP_GHG_PRC,DONPEDRO_6_MIDUNIT4GNODE,ALL,1,0,3,5
2022-09-01T11:30:00-00:00,2022-09-01T11:45:00-00:00,2022-09-01,05,DONPEDRO_6_MIDUNIT4GNODE,DONPEDRO_6_MIDUNIT4GNODE,DONPEDRO_6_MIDUNIT4GNODE,RTPD,MGHG,LMP_GHG_PRC,DONPEDRO_6_MIDUNIT4GNODE,ALL,1,0,3,5
2022-09-01T12:30:00-00:00,2022-09-01T12:45:00-00:00,2022-09-01,06,DONPEDRO_6_MIDUNIT4GNODE,DONPEDRO_6_MIDUNIT4GNODE,DONPEDRO_6_MIDUNIT4GNODE,RTPD,MGHG,LMP_GHG_PRC,DONPEDRO_6_MIDUNIT4GNODE,ALL,1,0,3,5
2022-09-01T13:30:00-00:00,2022-09-01T13:45:00-00:00,2022-09-01,07,DONPEDRO_6_MIDUNIT4GNODE,DONPEDRO_6_MIDUNIT4GNODE,DONPEDRO_6_MIDUNIT4GNODE,RTPD,MGHG,LMP_GHG_PRC,DONPEDRO_6_MIDUNIT4GNODE,ALL,1,0,3,5
2022-09-01T14:30:00-00:00,2022-09-01T14:45:00-00:00,2022-09-01,08,DONPEDRO_6_MIDUNIT4GNODE,DONPEDRO_6_MIDUNIT4GNODE,DONPEDRO_6_MIDUNIT4GNODE,RTPD,MGHG,LMP_GHG_PRC,DONPEDRO_6_MIDUNIT4GNODE,ALL,1,0,3,5
2022-09-01T15:30:00-00:00,2022-09-01T15:45:00-00:00,2022-09-01,09,DONPEDRO_6_MIDUNIT4GNODE,DONPEDRO_6_MIDUNIT4GNODE,DONPEDRO_6_MIDUNIT4GNODE,RTPD,MGHG,LMP_GHG_PRC,DONPEDRO_6_MIDUNIT4GNODE,ALL,1,0,3,5
2022-09-01T16:30:00-00:00,2022-09-01T16:45:00-00:00,2022-09-01,10,DONPEDRO_6_MIDUNIT4GNODE,DONPEDRO_6_MIDUNIT4GNODE,DONPEDRO_6_MIDUNIT4GNODE,RTPD,MGHG,LMP_GHG_PRC,DONPEDRO_6_MIDUNIT4GNODE,ALL,1,0,3,5
2022-09-01T17:30:00-00:00,2022-09-01T17:45:00-00:00,2022-09-01,11,DONPEDRO_6_MIDUNIT4GNODE,DONPEDRO_6_MIDUNIT4GNODE,DONPEDRO_6_MIDUNIT4GNODE,RTPD,MGHG,LMP_GHG_PRC,DONPEDRO_6_MIDUNIT4GNODE,ALL,1,0,3,5
2022-09-01T18:30:00-00:00,2022-09-01T18:45:00-00:00,2022-09-01,12,DONPEDRO_6_MIDUNIT4GNODE,DONPEDRO_6_MIDUNIT4GNODE,DONPEDRO_6_MIDUNIT4GNODE,RTPD,MGHG,LMP_GHG_PRC,DONPEDRO_6_MIDUNIT4GNODE,ALL,1,0,3,5
2022-09-01T19:30:00-00:00,2022-09-01T19:45:00-00:00,2022-09-01,13,DONPEDRO_6_MIDUNIT4GNODE,DONPEDRO_6_MIDUNIT4GNODE,DONPEDRO_6_MIDUNIT4GNODE,RTPD,MGHG,LMP_GHG_PRC,DONPEDRO_6_MIDUNIT4GNODE,ALL,1,0,3,5
2022-09-01T20:30:00-00:00,2022-09-01T20:45:00-00:00,2022-09-01,14,DONPEDRO_6_MIDUNIT4GNODE,DONPEDRO_6_MIDUNIT4GNODE,DONPEDRO_6_MIDUNIT4GNODE,RTPD,MGHG,LMP_GHG_PRC,DONPEDRO_6_MIDUNIT4GNODE,ALL,1,0,3,5
2022-09-01T21:30:00-00:00,2022-09-01T21:45:00-00:00,2022-09-01,15,DONPEDRO_6_MIDUNIT4GNODE,DONPEDRO_6_MIDUNIT4GNODE,DONPEDRO_6_MIDUNIT4GNODE,RTPD,MGHG,LMP_GHG_PRC,DONPEDRO_6_MIDUNIT4GNODE,ALL,1,0,3,5
2022-09-01T22:30:00-00:00,2022-09-01T22:45:00-00:00,2022-09-01,16,DONPEDRO_6_MIDUNIT4GNODE,DONPEDRO_6_MIDUNIT4GNODE,DONPEDRO_6_MIDUNIT4GNODE,RTPD,MGHG,LMP_GHG_PRC,DONPEDRO_6_MIDUNIT4GNODE,ALL,1,0,3,5
2022-09-01T23:30:00-00:00,2022-09-01T23:45:00-00:00,2022-09-01,17,DONPEDRO_6_MIDUNIT4GNODE,DONPEDRO_6_MIDUNIT4GNODE,DONPEDRO_6_MIDUNIT4GNODE,RTPD,MGHG,LMP_GHG_PRC,DONPEDRO_6_MIDUNIT4GNODE,ALL,1,0,3,5
2022-09-02T00:30:00-00:00,2022-09-02T00:45:00-00:00,2022-09-01,18,DONPEDRO_6_MIDUNIT4GNODE,DONPEDRO_6_MIDUNIT4GNODE,DONPEDRO_6_MIDUNIT4GNODE,RTPD,MGHG,LMP_GHG_PRC,DONPEDRO_6_MIDUNIT4GNODE,ALL,1,0,3,5
2022-09-02T01:30:00-00:00,2022-09-02T01:45:00-00:00,2022-09-01,19,DONPEDRO_6_MIDUNIT4GNODE,DONPEDRO_6_MIDUNIT4GNODE,DONPEDRO_6_MIDUNIT4GNODE,RTPD,MGHG,LMP_GHG_PRC,DONPEDRO_6_MIDUNIT4GNODE,ALL,1,0,3,5
2022-09-02T02:30:00-00:00,2022-09-02T02:45:00-00:00,2022-09-01,20,DONPEDRO_6_MIDUNIT4GNODE,DONPEDRO_6_MIDUNIT4GNODE,DONPEDRO_6_MIDUNIT4GNODE,RTPD,MGHG,LMP_GHG_PRC,DONPEDRO_6_MIDUNIT4GNODE,ALL,1,0,3,5
2022-09-02T03:30:00-00:00,2022-09-02T03:45:00-00:00,2022-09-01,21,DONPEDRO_6_MIDUNIT4GNODE,DONPEDRO_6_MIDUNIT4GNODE,DONPEDRO_6_MIDUNIT4GNODE,RTPD,MGHG,LMP_GHG_PRC,DONPEDRO_6_MIDUNIT4GNODE,ALL,1,0,3,5
2022-09-02T04:30:00-00:00,2022-09-02T04:45:00-00:00,2022-09-01,22,DONPEDRO_6_MIDUNIT4GNODE,DONPEDRO_6_MIDUNIT4GNODE,DONPEDRO_6_MIDUNIT4GNODE,RTPD,MGHG,LMP_GHG_PRC,DONPEDRO_6_MIDUNIT4GNODE,ALL,1,0,3,5
2022-09-02T05:30:00-00:00,2022-09-02T05:45:00-00:00,2022-09-01,23,DONPEDRO_6_MIDUNIT4GNODE,DONPEDRO_6_MIDUNIT4GNODE,DONPEDRO_6_MIDUNIT4GNODE,RTPD,MGHG,LMP_GHG_PRC,DONPEDRO_6_MIDUNIT4GNODE,ALL,1,0,3,5
2022-09-02T06:30:00-00:00,2022-09-02T06:45:00-00:00,2022-09-01,24,DONPEDRO_6_MIDUNIT4GNODE,DONPEDRO_6_MIDUNIT4GNODE,DONPEDRO_6_MIDUNIT4GNODE,RTPD,MGHG,LMP_GHG_PRC,DONPEDRO_6_MIDUNIT4GNODE,ALL,1,0,3,5
2022-09-01T07:45:00-00:00,2022-09-01T08:00:00-00:00,2022-09-01,01,DONPEDRO_6_MIDUNIT4GNODE,DONPEDRO_6_MIDUNIT4GNODE,DONPEDRO_6_MIDUNIT4GNODE,RTPD,MGHG,LMP_GHG_PRC,DONPEDRO_6_MIDUNIT4GNODE,ALL,1,0,4,5
2022-09-01T08:45:00-00:00,2022-09-01T09:00:00-00:00,2022-09-01,02,DONPEDRO_6_MIDUNIT4GNODE,DONPEDRO_6_MIDUNIT4GNODE,DONPEDRO_6_MIDUNIT4GNODE,RTPD,MGHG,LMP_GHG_PRC,DONPEDRO_6_MIDUNIT4GNODE,ALL,1,0,4,5
2022-09-01T09:45:00-00:00,2022-09-01T10:00:00-00:00,2022-09-01,03,DONPEDRO_6_MIDUNIT4GNODE,DONPEDRO_6_MIDUNIT4GNODE,DONPEDRO_6_MIDUNIT4GNODE,RTPD,MGHG,LMP_GHG_PRC,DONPEDRO_6_MIDUNIT4GNODE,ALL,1,0,4,5
2022-09-01T10:45:00-00:00,2022-09-01T11:00:00-00:00,2022-09-01,04,DONPEDRO_6_MIDUNIT4GNODE,DONPEDRO_6_MIDUNIT4GNODE,DONPEDRO_6_MIDUNIT4GNODE,RTPD,MGHG,LMP_GHG_PRC,DONPEDRO_6_MIDUNIT4GNODE,ALL,1,0,4,5
2022-09-01T11:45:00-00:00,2022-09-01T12:00:00-00:00,2022-09-01,05,DONPEDRO_6_MIDUNIT4GNODE,DONPEDRO_6_MIDUNIT4GNODE,DONPEDRO_6_MIDUNIT4GNODE,RTPD,MGHG,LMP_GHG_PRC,DONPEDRO_6_MIDUNIT4GNODE,ALL,1,0,4,5
2022-09-01T12:45:00-00:00,2022-09-01T13:00:00-00:00,2022-09-01,06,DONPEDRO_6_MIDUNIT4GNODE,DONPEDRO_6_MIDUNIT4GNODE,DONPEDRO_6_MIDUNIT4GNODE,RTPD,MGHG,LMP_GHG_PRC,DONPEDRO_6_MIDUNIT4GNODE,ALL,1,0,4,5
2022-09-01T13:45:00-00:00,2022-09-01T14:00:00-00:00,2022-09-01,07,DONPEDRO_6_MIDUNIT4GNODE,DONPEDRO_6_MIDUNIT4GNODE,DONPEDRO_6_MIDUNIT4GNODE,RTPD,MGHG,LMP_GHG_PRC,DONPEDRO_6_MIDUNIT4GNODE,ALL,1,0,4,5
2022-09-01T14:45:00-00:00,2022-09-01T15:00:00-00:00,2022-09-01,08,DONPEDRO_6_MIDUNIT4GNODE,DONPEDRO_6_MIDUNIT4GNODE,DONPEDRO_6_MIDUNIT4GNODE,RTPD,MGHG,LMP_GHG_PRC,DONPEDRO_6_MIDUNIT4GNODE,ALL,1,0,4,5
2022-09-01T15:45:00-00:00,2022-09-01T16:00:00-00:00,2022-09-01,09,DONPEDRO_6_MIDUNIT4GNODE,DONPEDRO_6_MIDUNIT4GNODE,DONPEDRO_6_MIDUNIT4GNODE,RTPD,MGHG,LMP_GHG_PRC,DONPEDRO_6_MIDUNIT4GNODE,ALL,1,0,4,5
2022-09-01T16:45:00-00:00,2022-09-01T17:00:00-00:00,2022-09-01,10,DONPEDRO_6_MIDUNIT4GNODE,DONPEDRO_6_MIDUNIT4GNODE,DONPEDRO_6_MIDUNIT4GNODE,RTPD,MGHG,LMP_GHG_PRC,DONPEDRO_6_MIDUNIT4GNODE,ALL,1,0,4,5
2022-09-01T17:45:00-00:00,2022-09-01T18:00:00-00:00,2022-09-01,11,DONPEDRO_6_MIDUNIT4GNODE,DONPEDRO_6_MIDUNIT4GNODE,DONPEDRO_6_MIDUNIT4GNODE,RTPD,MGHG,LMP_GHG_PRC,DONPEDRO_6_MIDUNIT4GNODE,ALL,1,0,4,5
2022-09-01T18:45:00-00:00,2022-09-01T19:00:00-00:00,2022-09-01,12,DONPEDRO_6_MIDUNIT4GNODE,DONPEDRO_6_MIDUNIT4GNODE,DONPEDRO_6_MIDUNIT4GNODE,RTPD,MGHG,LMP_GHG_PRC,DONPEDRO_6_MIDUNIT4GNODE,ALL,1,0,4,5
2022-09-01T19:45:00-00:00,2022-09-01T20:00:00-00:00,2022-09-01,13,DONPEDRO_6_MIDUNIT4GNODE,DONPEDRO_6_MIDUNIT4GNODE,DONPEDRO_6_MIDUNIT4GNODE,RTPD,MGHG,LMP_GHG_PRC,DONPEDRO_6_MIDUNIT4GNODE,ALL,1,0,4,5
2022-09-01T20:45:00-00:00,2022-09-01T21:00:00-00:00,2022-09-01,14,DONPEDRO_6_MIDUNIT4GNODE,DONPEDRO_6_MIDUNIT4GNODE,DONPEDRO_6_MIDUNIT4GNODE,RTPD,MGHG,LMP_GHG_PRC,DONPEDRO_6_MIDUNIT4GNODE,ALL,1,0,4,5
2022-09-01T21:45:00-00:00,2022-09-01T22:00:00-00:00,2022-09-01,15,DONPEDRO_6_MIDUNIT4GNODE,DONPEDRO_6_MIDUNIT4GNODE,DONPEDRO_6_MIDUNIT4GNODE,RTPD,MGHG,LMP_GHG_PRC,DONPEDRO_6_MIDUNIT4GNODE,ALL,1,0,4,5
2022-09-01T22:45:00-00:00,2022-09-01T23:00:00-00:00,2022-09-01,16,DONPEDRO_6_MIDUNIT4GNODE,DONPEDRO_6_MIDUNIT4GNODE,DONPEDRO_6_MIDUNIT4GNODE,RTPD,MGHG,LMP_GHG_PRC,DONPEDRO_6_MIDUNIT4GNODE,ALL,1,0,4,5
2022-09-01T23:45:00-00:00,2022-09-02T00:00:00-00:00,2022-09-01,17,DONPEDRO_6_MIDUNIT4GNODE,DONPEDRO_6_MIDUNIT4GNODE,DONPEDRO_6_MIDUNIT4GNODE,RTPD,MGHG,LMP_GHG_PRC,DONPEDRO_6_MIDUNIT4GNODE,ALL,1,0,4,5
2022-09-02T00:45:00-00:00,2022-09-02T01:00:00-00:00,2022-09-01,18,DONPEDRO_6_MIDUNIT4GNODE,DONPEDRO_6_MIDUNIT4GNODE,DONPEDRO_6_MIDUNIT4GNODE,RTPD,MGHG,LMP_GHG_PRC,DONPEDRO_6_MIDUNIT4GNODE,ALL,1,0,4,5
2022-09-02T01:45:00-00:00,2022-09-02T02:00:00-00:00,2022-09-01,19,DONPEDRO_6_MIDUNIT4GNODE,DONPEDRO_6_MIDUNIT4GNODE,DONPEDRO_6_MIDUNIT4GNODE,RTPD,MGHG,LMP_GHG_PRC,DONPEDRO_6_MIDUNIT4GNODE,ALL,1,0,4,5
2022-09-02T02:45:00-00:00,2022-09-02T03:00:00-00:00,2022-09-01,20,DONPEDRO_6_MIDUNIT4GNODE,DONPEDRO_6_MIDUNIT4GNODE,DONPEDRO_6_MIDUNIT4GNODE,RTPD,MGHG,LMP_GHG_PRC,DONPEDRO_6_MIDUNIT4GNODE,ALL,1,0,4,5
2022-09-02T03:45:00-00:00,2022-09-02T04:00:00-00:00,2022-09-01,21,DONPEDRO_6_MIDUNIT4GNODE,DONPEDRO_6_MIDUNIT4GNODE,DONPEDRO_6_MIDUNIT4GNODE,RTPD,MGHG,LMP_GHG_PRC,DONPEDRO_6_MIDUNIT4GNODE,ALL,1,0,4,5
2022-09-02T04:45:00-00:00,2022-09-02T05:00:00-00:00,2022-09-01,22,DONPEDRO_6_MIDUNIT4GNODE,DONPEDRO_6_MIDUNIT4GNODE,DONPEDRO_6_MIDUNIT4GNODE,RTPD,MGHG,LMP_GHG_PRC,DONPEDRO_6_MIDUNIT4GNODE,ALL,1,0,4,5
2022-09-02T05:45:00-00:00,2022-09-02T06:00:00-00:00,2022-09-01,23,DONPEDRO_6_MIDUNIT4GNODE,DONPEDRO_6_MIDUNIT4GNODE,DONPEDRO_6_MIDUNIT4GNODE,RTPD,MGHG,LMP_GHG_PRC,DONPEDRO_6_MIDUNIT4GNODE,ALL,1,0,4,5
2022-09-02T06:45:00-00:00,2022-09-02T07:00:00-00:00,2022-09-01,24,DONPEDRO_6_MIDUNIT4GNODE,DONPEDRO_6_MIDUNIT4GNODE,DONPEDRO_6_MIDUNIT4GNODE,RTPD,MGHG,LMP_GHG_PRC,DONPEDRO_6_MIDUNIT4GNODE,ALL,1,0,4,5
