INTERVALSTARTTIME_GMT,INTERVALENDTIME_GMT,OPR_DT,OPR_HR,NODE_ID_XML,NODE_ID,NODE,MARKET_RUN_ID,LMP_TYPE,XML_DATA_ITEM,PNODE_RESMRID,GRP_TYPE,POS,PRC,OPR_INTERVAL,GROUP
2022-09-01T07:00:00-00:00,2022-09-01T07:15:00-00:00,2022-09-01,01,AMESDST_1_N001,AMESDST_1_N001,AMESDST_1_N001,RTPD,LMP,LMP_PRC,AMESDST_1_N001,ALL,1,82.83389,1,1
2022-09-01T08:00:00-00:00,2022-09-01T08:15:00-00:00,2022-09-01,02,AMESDST_1_N001,AMESDST_1_N001,AMESDST_1_N001,RTPD,LMP,LMP_PRC,AMESDST_1_N001,ALL,1,112.15016,1,1
2022-09-01T09:00:00-00:00,2022-09-01T09:15:00-00:00,2022-09-01,03,AMESDST_1_N001,AMESDST_1_N001,AMESDST_1_N001,RTPD,LMP,LMP_PRC,AMESDST_1_N001,ALL,1,97.50053,1,1
2022-09-01T10:00:00-00:00,2022-09-01T10:15:00-00:00,2022-09-01,04,AMESDST_1_N001,AMESDST_1_N001,AMESDST_1_N001,RTPD,LMP,LMP_PRC,AMESDST_1_N001,ALL,1,97.27919,1,1
2022-09-01T11:00:00-00:00,2022-09-01T11:15:00-00:00,2022-09-01,05,AMESDST_1_N001,AMESDST_1_N001,AMESDST_1_N001,RTPD,LMP,LMP_PRC,AMESDST_1_N001,ALL,1,105.31743,1,1
2022-09-01T12:00:00-00:00,2022-09-01T12:15:00-00:00,2022-09-01,06,AMESDST_1_N001,AMESDST_1_N001,AMESDST_1_N001,RTPD,LMP,LMP_PRC,AMESDST_1_N001,ALL,1,88.87849,1,1
2022-09-01T13:00:00-00:00,2022-09-01T13:15:00-00:00,2022-09-01,07,AMESDST_1_N001,AMESDST_1_N001,AMESDST_1_N001,RTPD,LMP,LMP_PRC,AMESDST_1_N001,ALL,1,88.35712,1,1
2022-09-01T14:00:00-00:00,2022-09-01T14:15:00-00:00,2022-09-01,08,AMESDST_1_N001,AMESDST_1_N001,AMESDST_1_N001,RTPD,LMP,LMP_PRC,AMESDST_1_N001,ALL,1,116.03446,1,1
2022-09-01T15:00:00-00:00,2022-09-01T15:15:00-00:00,2022-09-01,09,AMESDST_1_N001,AMESDST_1_N001,AMESDST_1_N001,RTPD,LMP,LMP_PRC,AMESDST_1_N001,ALL,1,97.4112,1,1
2022-09-01T16:00:00-00:00,2022-09-01T16:15:00-00:00,2022-09-01,10,AMESDST_1_N001,AMESDST_1_N001,AMESDST_1_N001,RTPD,LMP,LMP_PRC,AMESDST_1_N001,ALL,1,83.43525,1,1
2022-09-01T17:00:00-00:00,2022-09-01T17:15:00-00:00,2022-09-01,11,AMESDST_1_N001,AMESDST_1_N001,AMESDST_1_N001,RTPD,LMP,LMP_PRC,AMESDST_1_N001,ALL,1,80.03684,1,1
2022-09-01T18:00:00-00:00,2022-09-01T18:15:00-00:00,2022-09-01,12,AMESDST_1_N001,AMESDST_1_N001,AMESDST_1_N001,RTPD,LMP,LMP_PRC,AMESDST_1_N001,ALL,1,58.59392,1,1
2022-09-01T19:00:00-00:00,2022-09-01T19:15:00-00:00,2022-09-01,13,AMESDST_1_N001,AMESDST_1_N001,AMESDST_1_N001,RTPD,LMP,LMP_PRC,AMESDST_1_N001,ALL,1,72.7757,1,1
2022-09-01T20:00:00-00:00,2022-09-01T20:15:00-00:00,2022-09-01,14,AMESDST_1_N001,AMESDST_1_N001,AMESDST_1_N001,RTPD,LMP,LMP_PRC,AMESDST_1_N001,ALL,1,114.36277,1,1
2022-09-01T21:00:00-00:00,2022-09-01T21:15:00-00:00,2022-09-01,15,AMESDST_1_N001,AMESDST_1_N001,AMESDST_1_N001,RTPD,LMP,LMP_PRC,AMESDST_1_N001,ALL,1,125.66879,1,1
2022-09-01T22:00:00-00:00,2022-09-01T22:15:00-00:00,2022-09-01,16,AMESDST_1_N001,AMESDST_1_N001,AMESDST_1_N001,RTPD,LMP,LMP_PRC,AMESDST_1_N001,ALL,1,119.86288,1,1
2022-09-01T23:00:00-00:00,2022-09-01T23:15:00-00:00,2022-09-01,17,AMESDST_1_N001,AMESDST_1_N001,AMESDST_1_N001,RTPD,LMP,LMP_PRC,AMESDST_1_N001,ALL,1,214.32304,1,1
2022-09-02T00:00:00-00:00,2022-09-02T00:15:00-00:00,2022-09-01,18,AMESDST_1_N001,AMESDST_1_N001,AMESDST_1_N001,RTPD,LMP,LMP_PRC,AMESDST_1_N001,ALL,1,1168.227,1,1
2022-09-02T01:00:00-00:00,2022-09-02T01:15:00-00:00,2022-09-01,19,AMESDST_1_N001,AMESDST_1_N001,AMESDST_1_N001,RTPD,LMP,LMP_PRC,AMESDST_1_N001,ALL,1,1254.5944,1,1
2022-09-02T02:00:00-00:00,2022-09-02T02:15:00-00:00,2022-09-01,20,AMESDST_1_N001,AMESDST_1_N001,AMESDST_1_N001,RTPD,LMP,LMP_PRC,AMESDST_1_N001,ALL,1,1991.6721,1,1
2022-09-02T03:00:00-00:00,2022-09-02T03:15:00-00:00,2022-09-01,21,AMESDST_1_N001,AMESDST_1_N001,AMESDST_1_N001,RTPD,LMP,LMP_PRC,AMESDST_1_N001,ALL,1,1393.3951,1,1
2022-09-02T04:00:00-00:00,2022-09-02T04:15:00-00:00,2022-09-01,22,AMESDST_1_N001,AMESDST_1_N001,AMESDST_1_N001,RTPD,LMP,LMP_PRC,AMESDST_1_N001,ALL,1,268.0659,1,1
2022-09-02T05:00:00-00:00,2022-09-02T05:15:00-00:00,2022-09-01,23,AMESDST_1_N001,AMESDST_1_N001,AMESDST_1_N001,RTPD,LMP,LMP_PRC,AMESDST_1_N001,ALL,1,189.99005,1,1
2022-09-02T06:00:00-00:00,2022-09-02T06:15:00-00:00,2022-09-01,24,AMESDST_1_N001,AMESDST_1_N001,AMESDST_1_N001,RTPD,LMP,LMP_PRC,AMESDST_1_N001,ALL,1,163.49004,1,1
2022-09-01T07:15:00-00:00,2022-09-01T07:30:00-00:00,2022-09-01,01,AMESDST_1_N001,AMESDST_1_N001,AMESDST_1_N001,RTPD,LMP,LMP_PRC,AMESDST_1_N001,ALL,1,115.36253,2,1
2022-09-01T08:15:00-00:00,2022-09-01T08:30:00-00:00,2022-09-01,02,AMESDST_1_N001,AMESDST_1_N001,AMESDST_1_N001,RTPD,LMP,LMP_PRC,AMESDST_1_N001,ALL,1,114.60191,2,1
2022-09-01T09:15:00-00:00,2022-09-01T09:30:00-00:00,2022-09-01,03,AMESDST_1_N001,AMESDST_1_N001,AMESDST_1_N001,RTPD,LMP,LMP_PRC,AMESDST_1_N001,ALL,1,94.61584,2,1
2022-09-01T10:15:00-00:00,2022-09-01T10:30:00-00:00,2022-09-01,04,AMESDST_1_N001,AMESDST_1_N001,AMESDST_1_N001,RTPD,LMP,LMP_PRC,AMESDST_1_N001,ALL,1,93.99191,2,1
2022-09-01T11:15:00-00:00,2022-09-01T11:30:00-00:00,2022-09-01,05,AMESDST_1_N001,AMESDST_1_N001,AMESDST_1_N001,RTPD,LMP,LMP_PRC,AMESDST_1_N001,ALL,1,105.82249,2,1
2022-09-01T12:15:00-00:00,2022-09-01T12:30:00-00:00,2022-09-01,06,AMESDST_1_N001,AMESDST_1_N001,AMESDST_1_N001,RTPD,LMP,LMP_PRC,AMESDST_1_N001,ALL,1,105.82642,2,1
2022-09-01T13:15:00-00:00,2022-09-01T13:30:00-00:00,2022-09-01,07,AMESDST_1_N001,AMESDST_1_N001,AMESDST_1_N001,RTPD,LMP,LMP_PRC,AMESDST_1_N001,ALL,1,113.35303,2,1
2022-09-01T14:15:00-00:00,2022-09-01T14:30:00-00:00,2022-09-01,08,AMESDST_1_N001,AMESDST_1_N001,AMESDST_1_N001,RTPD,LMP,LMP_PRC,AMESDST_1_N001,ALL,1,109.21994,2,1
2022-09-01T15:15:00-00:00,2022-09-01T15:30:00-00:00,2022-09-01,09,AMESDST_1_N001,AMESDST_1_N001,AMESDST_1_N001,RTPD,LMP,LMP_PRC,AMESDST_1_N001,ALL,1,86.9388,2,1
2022-09-01T16:15:00-00:00,2022-09-01T16:30:00-00:00,2022-09-01,10,AMESDST_1_N001,AMESDST_1_N001,AMESDST_1_N001,RTPD,LMP,LMP_PRC,AMESDST_1_N001,ALL,1,87.78275,2,1
2022-09-01T17:15:00-00:00,2022-09-01T17:30:00-00:00,2022-09-01,11,AMESDST_1_N001,AMESDST_1_N001,AMESDST_1_N001,RTPD,LMP,LMP_PRC,AMESDST_1_N001,ALL,1,78.64028,2,1
2022-09-01T18:15:00-00:00,2022-09-01T18:30:00-00:00,2022-09-01,12,AMESDST_1_N001,AMESDST_1_N001,AMESDST_1_N001,RTPD,LMP,LMP_PRC,AMESDST_1_N001,ALL,1,74.28781,2,1
2022-09-01T19:15:00-00:00,2022-09-01T19:30:00-00:00,2022-09-01,13,AMESDST_1_N001,AMESDST_1_N001,AMESDST_1_N001,RTPD,LMP,LMP_PRC,AMESDST_1_N001,ALL,1,75.31444,2,1
2022-09-01T20:15:00-00:00,2022-09-01T20:30:00-00:00,2022-09-01,14,AMESDST_1_N001,AMESDST_1_N001,AMESDST_1_N001,RTPD,LMP,LMP_PRC,AMESDST_1_N001,ALL,1,114.26961,2,1
2022-09-01T21:15:00-00:00,2022-09-01T21:30:00-00:00,2022-09-01,15,AMESDST_1_N001,AMESDST_1_N001,AMESDST_1_N001,RTPD,LMP,LMP_PRC,AMESDST_1_N001,ALL,1,119.93056,2,1
2022-09-01T22:15:00-00:00,2022-09-01T22:30:00-00:00,2022-09-01,16,AMESDST_1_N001,AMESDST_1_N001,AMESDST_1_N001,RTPD,LMP,LMP_PRC,AMESDST_1_N001,ALL,1,136.65878,2,1
2022-09-01T23:15:00-00:00,2022-09-01T23:30:00-00:00,2022-09-01,17,AMESDST_1_N001,AMESDST_1_N001,AMESDST_1_N001,RTPD,LMP,LMP_PRC,AMESDST_1_N001,ALL,1,262.39905,2,1
2022-09-02T00:15:00-00:00,2022-09-02T00:30:00-00:00,2022-09-01,18,AMESDST_1_N001,AMESDST_1_N001,AMESDST_1_N001,RTPD,LMP,LMP_PRC,AMESDST_1_N001,ALL,1,1072.7135,2,1
2022-09-02T01:15:00-00:00,2022-09-02T01:30:00-00:00,2022-09-01,19,AMESDST_1_N001,AMESDST_1_N001,AMESDST_1_N001,RTPD,LMP,LMP_PRC,AMESDST_1_N001,ALL,1,1999.9933,2,1
2022-09-02T02:15:00-00:00,2022-09-02T02:30:00-00:00,2022-09-01,20,AMESDST_1_N001,AMESDST_1_N001,AMESDST_1_N001,RTPD,LMP,LMP_PRC,AMESDST_1_N001,ALL,1,1991.6721,2,1
2022-09-02T03:15:00-00:00,2022-09-02T03:30:00-00:00,2022-09-01,21,AMESDST_1_N001,AMESDST_1_N001,AMESDST_1_N001,RTPD,LMP,LMP_PRC,AMESDST_1_N001,ALL,1,571.6267,2,1
2022-09-02T04:15:00-00:00,2022-09-02T04:30:00-00:00,2022-09-01,22,AMESDST_1_N001,AMESDST_1_N001,AMESDST_1_N001,RTPD,LMP,LMP_PRC,AMESDST_1_N001,ALL,1,233.1336,2,1
2022-09-02T05:15:00-00:00,2022-09-02T05:30:00-00:00,2022-09-01,23,AMESDST_1_N001,AMESDST_1_N001,AMESDST_1_N001,RTPD,LMP,LMP_PRC,AMESDST_1_N001,ALL,1,162.32053,2,1
2022-09-02T06:15:00-00:00,2022-09-02T06:30:00-00:00,2022-09-01,24,AMESDST_1_N001,AMESDST_1_N001,AMESDST_1_N001,RTPD,LMP,LMP_PRC,AMESDST_1_N001,ALL,1,146.1056,2,1
2022-09-01T07:30:00-00:00,2022-09-01T07:45:00-00:00,2022-09-01,01,AMESDST_1_N001,AMESDST_1_N001,AMESDST_1_N001,RTPD,LMP,LMP_PRC,AMESDST_1_N001,ALL,1,102.56515,3,1
2022-09-01T08:30:00-00:00,2022-09-01T08:45:00-00:00,2022-09-01,02,AMESDST_1_N001,AMESDST_1_N001,AMESDST_1_N001,RTPD,LMP,LMP_PRC,AMESDST_1_N001,ALL,1,113.87823,3,1
2022-09-01T09:30:00-00:00,2022-09-01T09:45:00-00:00,2022-09-01,03,AMESDST_1_N001,AMESDST_1_N001,AMESDST_1_N001,RTPD,LMP,LMP_PRC,AMESDST_1_N001,ALL,1,94.3563,3,1
2022-09-01T10:30:00-00:00,2022-09-01T10:45:00-00:00,2022-09-01,04,AMESDST_1_N001,AMESDST_1_N001,AMESDST_1_N001,RTPD,LMP,LMP_PRC,AMESDST_1_N001,ALL,1,95.82506,3,1
2022-09-01T11:30:00-00:00,2022-09-01T11:45:00-00:00,2022-09-01,05,AMESDST_1_N001,AMESDST_1_N001,AMESDST_1_N001,RTPD,LMP,LMP_PRC,AMESDST_1_N001,ALL,1,105.94772,3,1
2022-09-01T12:30:00-00:00,2022-09-01T12:45:00-00:00,2022-09-01,06,AMESDST_1_N001,AMESDST_1_N001,AMESDST_1_N001,RTPD,LMP,LMP_PRC,AMESDST_1_N001,ALL,1,105.72708,3,1
2022-09-01T13:30:00-00:00,2022-09-01T13:45:00-00:00,2022-09-01,07,AMESDST_1_N001,AMESDST_1_N001,AMESDST_1_N001,RTPD,LMP,LMP_PRC,AMESDST_1_N001,ALL,1,114.73203,3,1
2022-09-01T14:30:00-00:00,2022-09-01T14:45:00-00:00,2022-09-01,08,AMESDST_1_N001,AMESDST_1_N001,AMESDST_1_N001,RTPD,LMP,LMP_PRC,AMESDST_1_N001,ALL,1,106.38627,3,1
2022-09-01T15:30:00-00:00,2022-09-01T15:45:00-00:00,2022-09-01,09,AMESDST_1_N001,AMESDST_1_N001,AMESDST_1_N001,RTPD,LMP,LMP_PRC,AMESDST_1_N001,ALL,1,86.1388,3,1
2022-09-01T16:30:00-00:00,2022-09-01T16:45:00-00:00,2022-09-01,10,AMESDST_1_N001,AMESDST_1_N001,AMESDST_1_N001,RTPD,LMP,LMP_PRC,AMESDST_1_N001,ALL,1,74.84949,3,1
2022-09-01T17:30:00-00:00,2022-09-01T17:45:00-00:00,2022-09-01,11,AMESDST_1_N001,AMESDST_1_N001,AMESDST_1_N001,RTPD,LMP,LMP_PRC,AMESDST_1_N001,ALL,1,78.34955,3,1
2022-09-01T18:30:00-00:00,2022-09-01T18:45:00-00:00,2022-09-01,12,AMESDST_1_N001,AMESDST_1_N001,AMESDST_1_N001,RTPD,LMP,LMP_PRC,AMESDST_1_N001,ALL,1,79.0378,3,1
2022-09-01T19:30:00-00:00,2022-09-01T19:45:00-00:00,2022-09-01,13,AMESDST_1_N001,AMESDST_1_N001,AMESDST_1_N001,RTPD,LMP,LMP_PRC,AMESDST_1_N001,ALL,1,101.18907,3,1
2022-09-01T20:30:00-00:00,2022-09-01T20:45:00-00:00,2022-09-01,14,AMESDST_1_N001,AMESDST_1_N001,AMESDST_1_N001,RTPD,LMP,LMP_PRC,AMESDST_1_N001,ALL,1,116.80544,3,1
2022-09-01T21:30:00-00:00,2022-09-01T21:45:00-00:00,2022-09-01,15,AMESDST_1_N001,AMESDST_1_N001,AMESDST_1_N001,RTPD,LMP,LMP_PRC,AMESDST_1_N001,ALL,1,127.86869,3,1
2022-09-01T22:30:00-00:00,2022-09-01T22:45:00-00:00,2022-09-01,16,AMESDST_1_N001,AMESDST_1_N001,AMESDST_1_N001,RTPD,LMP,LMP_PRC,AMESDST_1_N001,ALL,1,154.22903,3,1
2022-09-01T23:30:00-00:00,2022-09-01T23:45:00-00:00,2022-09-01,17,AMESDST_1_N001,AMESDST_1_N001,AMESDST_1_N001,RTPD,LMP,LMP_PRC,AMESDST_1_N001,ALL,1,566.48157,3,1
2022-09-02T00:30:00-00:00,2022-09-02T00:45:00-00:00,2022-09-01,18,AMESDST_1_N001,AMESDST_1_N001,AMESDST_1_N001,RTPD,LMP,LMP_PRC,AMESDST_1_N001,ALL,1,1801.0374,3,1
2022-09-02T01:30:00-00:00,2022-09-02T01:45:00-00:00,2022-09-01,19,AMESDST_1_N001,AMESDST_1_N001,AMESDST_1_N001,RTPD,LMP,LMP_PRC,AMESDST_1_N001,ALL,1,1999.9956,3,1
2022-09-02T02:30:00-00:00,2022-09-02T02:45:00-00:00,2022-09-01,20,AMESDST_1_N001,AMESDST_1_N001,AMESDST_1_N001,RTPD,LMP,LMP_PRC,AMESDST_1_N001,ALL,1,1991.671,3,1
2022-09-02T03:30:00-00:00,2022-09-02T03:45:00-00:00,2022-09-01,21,AMESDST_1_N001,AMESDST_1_N001,AMESDST_1_N001,RTPD,LMP,LMP_PRC,AMESDST_1_N001,ALL,1,230.75368,3,1
2022-09-02T04:30:00-00:00,2022-09-02T04:45:00-00:00,2022-09-01,22,AMESDST_1_N001,AMESDST_1_N001,AMESDST_1_N001,RTPD,LMP,LMP_PRC,AMESDST_1_N001,ALL,1,185.7011,3,1
2022-09-02T05:30:00-00:00,2022-09-02T05:45:00-00:00,2022-09-01,23,AMESDST_1_N001,AMESDST_1_N001,AMESDST_1_N001,RTPD,LMP,LMP_PRC,AMESDST_1_N001,ALL,1,135.66331,3,1
2022-09-02T06:30:00-00:00,2022-09-02T06:45:00-00:00,2022-09-01,24,AMESDST_1_N001,AMESDST_1_N001,AMESDST_1_N001,RTPD,LMP,LMP_PRC,AMESDST_1_N001,ALL,1,132.53426,3,1
2022-09-01T07:45:00-00:00,2022-09-01T08:00:00-00:00,2022-09-01,01,AMESDST_1_N001,AMESDST_1_N001,AMESDST_1_N001,RTPD,LMP,LMP_PRC,AMESDST_1_N001,ALL,1,90.35147,4,1
2022-09-01T08:45:00-00:00,2022-09-01T09:00:00-00:00,2022-09-01,02,AMESDST_1_N001,AMESDST_1_N001,AMESDST_1_N001,RTPD,LMP,LMP_PRC,AMESDST_1_N001,ALL,1,96.45436,4,1
2022-09-01T09:45:00-00:00,2022-09-01T10:00:00-00:00,2022-09-01,03,AMESDST_1_N001,AMESDST_1_N001,AMESDST_1_N001,RTPD,LMP,LMP_PRC,AMESDST_1_N001,ALL,1,94.31772,4,1
2022-09-01T10:45:00-00:00,2022-09-01T11:00:00-00:00,2022-09-01,04,AMESDST_1_N001,AMESDST_1_N001,AMESDST_1_N001,RTPD,LMP,LMP_PRC,AMESDST_1_N001,ALL,1,95.95754,4,1
2022-09-01T11:45:00-00:00,2022-09-01T12:00:00-00:00,2022-09-01,05,AMESDST_1_N001,AMESDST_1_N001,AMESDST_1_N001,RTPD,LMP,LMP_PRC,AMESDST_1_N001,ALL,1,107.01,4,1
2022-09-01T12:45:00-00:00,2022-09-01T13:00:00-00:00,2022-09-01,06,AMESDST_1_N001,AMESDST_1_N001,AMESDST_1_N001,RTPD,LMP,LMP_PRC,AMESDST_1_N001,ALL,1,114.09452,4,1
2022-09-01T13:45:00-00:00,2022-09-01T14:00:00-00:00,2022-09-01,07,AMESDST_1_N001,AMESDST_1_N001,AMESDST_1_N001,RTPD,LMP,LMP_PRC,AMESDST_1_N001,ALL,1,111.41,4,1
2022-09-01T14:45:00-00:00,2022-09-01T15:00:00-00:00,2022-09-01,08,AMESDST_1_N001,AMESDST_1_N001,AMESDST_1_N001,RTPD,LMP,LMP_PRC,AMESDST_1_N001,ALL,1,86.1388,4,1
2022-09-01T15:45:00-00:00,2022-09-01T16:00:00-00:00,2022-09-01,09,AMESDST_1_N001,AMESDST_1_N001,AMESDST_1_N001,RTPD,LMP,LMP_PRC,AMESDST_1_N001,ALL,1,78.70076,4,1
2022-09-01T16:45:00-00:00,2022-09-01T17:00:00-00:00,2022-09-01,10,AMESDST_1_N001,AMESDST_1_N001,AMESDST_1_N001,RTPD,LMP,LMP_PRC,AMESDST_1_N001,ALL,1,78.68898,4,1
2022-09-01T17:45:00-00:00,2022-09-01T18:00:00-00:00,2022-09-01,11,AMESDST_1_N001,AMESDST_1_N001,AMESDST_1_N001,RTPD,LMP,LMP_PRC,AMESDST_1_N001,ALL,1,78.74477,4,1
2022-09-01T18:45:00-00:00,2022-09-01T19:00:00-00:00,2022-09-01,12,AMESDST_1_N001,AMESDST_1_N001,AMESDST_1_N001,RTPD,LMP,LMP_PRC,AMESDST_1_N001,ALL,1,81.12851,4,1
2022-09-01T19:45:00-00:00,2022-09-01T20:00:00-00:00,2022-09-01,13,AMESDST_1_N001,AMESDST_1_N001,AMESDST_1_N001,RTPD,LMP,LMP_PRC,AMESDST_1_N001,ALL,1,106.28046,4,1
2022-09-01T20:45:00-00:00,2022-09-01T21:00:00-00:00,2022-09-01,14,AMESDST_1_N001,AMESDST_1_N001,AMESDST_1_N001,RTPD,LMP,LMP_PRC,AMESDST_1_N001,ALL,1,125.17253,4,1
2022-09-01T21:45:00-00:00,2022-09-01T22:00:00-00:00,2022-09-01,15,AMESDST_1_N001,AMESDST_1_N001,AMESDST_1_N001,RTPD,LMP,LMP_PRC,AMESDST_1_N001,ALL,1,209.24246,4,1
2022-09-01T22:45:00-00:00,2022-09-01T23:00:00-00:00,2022-09-01,16,AMESDST_1_N001,AMESDST_1_N001,AMESDST_1_N001,RTPD,LMP,LMP_PRC,AMESDST_1_N001,ALL,1,168.00108,4,1
2022-09-01T23:45:00-00:00,2022-09-02T00:00:00-00:00,2022-09-01,17,AMESDST_1_N001,AMESDST_1_N001,AMESDST_1_N001,RTPD,LMP,LMP_PRC,AMESDST_1_N001,ALL,1,1672.2832,4,1
2022-09-02T00:45:00-00:00,2022-09-02T01:00:00-00:00,2022-09-01,18,AMESDST_1_N001,AMESDST_1_N001,AMESDST_1_N001,RTPD,LMP,LMP_PRC,AMESDST_1_N001,ALL,1,1823.8246,4,1
2022-09-02T01:45:00-00:00,2022-09-02T02:00:00-00:00,2022-09-01,19,AMESDST_1_N001,AMESDST_1_N001,AMESDST_1_N001,RTPD,LMP,LMP_PRC,AMESDST_1_N001,ALL,1,1991.9337,4,1
2022-09-02T02:45:00-00:00,2022-09-02T03:00:00-00:00,2022-09-01,20,AMESDST_1_N001,AMESDST_1_N001,AMESDST_1_N001,RTPD,LMP,LMP_PRC,AMESDST_1_N001,ALL,1,1878.2655,4,1
2022-09-02T03:45:00-00:00,2022-09-02T04:00:00-00:00,2022-09-01,21,AMESDST_1_N001,AMESDST_1_N001,AMESDST_1_N001,RTPD,LMP,LMP_PRC,AMESDST_1_N001,ALL,1,167.60649,4,1
2022-09-02T04:45:00-00:00,2022-09-02T05:00:00-00:00,2022-09-01,22,AMESDST_1_N001,AMESDST_1_N001,AMESDST_1_N001,RTPD,LMP,LMP_PRC,AMESDST_1_N001,ALL,1,130.592,4,1
2022-09-02T05:45:00-00:00,2022-09-02T06:00:00-00:00,2022-09-01,23,AMESDST_1_N001,AMESDST_1_N001,AMESDST_1_N001,RTPD,LMP,LMP_PRC,AMESDST_1_N001,ALL,1,118.33619,4,1
2022-09-02T06:45:00-00:00,2022-09-02T07:00:00-00:00,2022-09-01,24,AMESDST_1_N001,AMESDST_1_N001,AMESDST_1_N001,RTPD,LMP,LMP_PRC,AMESDST_1_N001,ALL,1,112.59946,4,1
2022-09-01T07:00:00-00:00,2022-09-01T07:15:00-00:00,2022-09-01,01,AMESDST_1_N001,AMESDST_1_N001,AMESDST_1_N001,RTPD,MCC,LMP_CONG_PRC,AMESDST_1_N001,ALL,1,-16.92915,1,2
2022-09-01T08:00:00-00:00,2022-09-01T08:15:00-00:00,2022-09-01,02,AMESDST_1_N001,AMESDST_1_N001,AMESDST_1_N001,RTPD,MCC,LMP_CONG_PRC,AMESDST_1_N001,ALL,1,-3.39864,1,2
2022-09-01T09:00:00-00:00,2022-09-01T09:15:00-00:00,2022-09-01,03,AMESDST_1_N001,AMESDST_1_N001,AMESDST_1_N001,RTPD,MCC,LMP_CONG_PRC,AMESDST_1_N001,ALL,1,-4.5538,1,2
2022-09-01T10:00:00-00:00,2022-09-01T10:15:00-00:00,2022-09-01,04,AMESDST_1_N001,AMESDST_1_N001,AMESDST_1_N001,RTPD,MCC,LMP_CONG_PRC,AMESDST_1_N001,ALL,1,-3.94746,1,2
2022-09-01T11:00:00-00:00,2022-09-01T11:15:00-00:00,2022-09-01,05,AMESDST_1_N001,AMESDST_1_N001,AMESDST_1_N001,RTPD,MCC,LMP_CONG_PRC,AMESDST_1_N001,ALL,1,0,1,2
2022-09-01T12:00:00-00:00,2022-09-01T12:15:00-00:00,2022-09-01,06,AMESDST_1_N001,AMESDST_1_N001,AMESDST_1_N001,RTPD,MCC,LMP_CONG_PRC,AMESDST_1_N001,ALL,1,-10.14256,1,2
2022-09-01T13:00:00-00:00,2022-09-01T13:15:00-00:00,2022-09-01,07,AMESDST_1_N001,AMESDST_1_N001,AMESDST_1_N001,RTPD,MCC,LMP_CONG_PRC,AMESDST_1_N001,ALL,1,-13.45166,1,2
2022-09-01T14:00:00-00:00,2022-09-01T14:15:00-00:00,2022-09-01,08,AMESDST_1_N001,AMESDST_1_N001,AMESDST_1_N001,RTPD,MCC,LMP_CONG_PRC,AMESDST_1_N001,ALL,1,0,1,2
2022-09-01T15:00:00-00:00,2022-09-01T15:15:00-00:00,2022-09-01,09,AMESDST_1_N001,AMESDST_1_N001,AMESDST_1_N001,RTPD,MCC,LMP_CONG_PRC,AMESDST_1_N001,ALL,1,0,1,2
2022-09-01T16:00:00-00:00,2022-09-01T16:15:00-00:00,2022-09-01,10,AMESDST_1_N001,AMESDST_1_N001,AMESDST_1_N001,RTPD,MCC,LMP_CONG_PRC,AMESDST_1_N001,ALL,1,0,1,2
2022-09-01T17:00:00-00:00,2022-09-01T17:15:00-00:00,2022-09-01,11,AMESDST_1_N001,AMESDST_1_N001,AMESDST_1_N001,RTPD,MCC,LMP_CONG_PRC,AMESDST_1_N001,ALL,1,-16.91213,1,2
2022-09-01T18:00:00-00:00,2022-09-01T18:15:00-00:00,2022-09-01,12,AMESDST_1_N001,AMESDST_1_N001,AMESDST_1_N001,RTPD,MCC,LMP_CONG_PRC,AMESDST_1_N001,ALL,1,-32.99899,1,2
2022-09-01T19:00:00-00:00,2022-09-01T19:15:00-00:00,2022-09-01,13,AMESDST_1_N001,AMESDST_1_N001,AMESDST_1_N001,RTPD,MCC,LMP_CONG_PRC,AMESDST_1_N001,ALL,1,-36.42066,1,2
2022-09-01T20:00:00-00:00,2022-09-01T20:15:00-00:00,2022-09-01,14,AMESDST_1_N001,AMESDST_1_N001,AMESDST_1_N001,RTPD,MCC,LMP_CONG_PRC,AMESDST_1_N001,ALL,1,-3.58082,1,2
2022-09-01T21:00:00-00:00,2022-09-01T21:15:00-00:00,2022-09-01,15,AMESDST_1_N001,AMESDST_1_N001,AMESDST_1_N001,RTPD,MCC,LMP_CONG_PRC,AMESDST_1_N001,ALL,1,-100.9462,1,2
2022-09-01T22:00:00-00:00,2022-09-01T22:15:00-00:00,2022-09-01,16,AMESDST_1_N001,AMESDST_1_N001,AMESDST_1_N001,RTPD,MCC,LMP_CONG_PRC,AMESDST_1_N001,ALL,1,-109.32262,1,2
2022-09-01T23:00:00-00:00,2022-09-01T23:15:00-00:00,2022-09-01,17,AMESDST_1_N001,AMESDST_1_N001,AMESDST_1_N001,RTPD,MCC,LMP_CONG_PRC,AMESDST_1_N001,ALL,1,-172.43065,1,2
2022-09-02T00:00:00-00:00,2022-09-02T00:15:00-00:00,2022-09-01,18,AMESDST_1_N001,AMESDST_1_N001,AMESDST_1_N001,RTPD,MCC,LMP_CONG_PRC,AMESDST_1_N001,ALL,1,342.31793,1,2
2022-09-02T01:00:00-00:00,2022-09-02T01:15:00-00:00,2022-09-01,19,AMESDST_1_N001,AMESDST_1_N001,AMESDST_1_N001,RTPD,MCC,LMP_CONG_PRC,AMESDST_1_N001,ALL,1,338.3231,1,2
2022-09-02T02:00:00-00:00,2022-09-02T02:15:00-00:00,2022-09-01,20,AMESDST_1_N001,AMESDST_1_N001,AMESDST_1_N001,RTPD,MCC,LMP_CONG_PRC,AMESDST_1_N001,ALL,1,0,1,2
2022-09-02T03:00:00-00:00,2022-09-02T03:15:00-00:00,2022-09-01,21,AMESDST_1_N001,AMESDST_1_N001,AMESDST_1_N001,RTPD,MCC,LMP_CONG_PRC,AMESDST_1_N001,ALL,1,420.60776,1,2
2022-09-02T04:00:00-00:00,2022-09-02T04:15:00-00:00,2022-09-01,22,AMESDST_1_N001,AMESDST_1_N001,AMESDST_1_N001,RTPD,MCC,LMP_CONG_PRC,AMESDST_1_N001,ALL,1,0,1,2
2022-09-02T05:00:00-00:00,2022-09-02T05:15:00-00:00,2022-09-01,23,AMESDST_1_N001,AMESDST_1_N001,AMESDST_1_N001,RTPD,MCC,LMP_CONG_PRC,AMESDST_1_N001,ALL,1,0,1,2
2022-09-02T06:00:00-00:00,2022-09-02T06:15:00-00:00,2022-09-01,24,AMESDST_1_N001,AMESDST_1_N001,AMESDST_1_N001,RTPD,MCC,LMP_CONG_PRC,AMESDST_1_N001,ALL,1,0,1,2
2022-09-01T07:15:00-00:00,2022-09-01T07:30:00-00:00,2022-09-01,01,AMESDST_1_N001,AMESDST_1_N001,AMESDST_1_N001,RTPD,MCC,LMP_CONG_PRC,AMESDST_1_N001,ALL,1,-10.18891,2,2
2022-09-01T08:15:00-00:00,2022-09-01T08:30:00-00:00,2022-09-01,02,AMESDST_1_N001,AMESDST_1_N001,AMESDST_1_N001,RTPD,MCC,LMP_CONG_PRC,AMESDST_1_N001,ALL,1,-0.92974,2,2
2022-09-01T09:15:00-00:00,2022-09-01T09:30:00-00:00,2022-09-01,03,AMESDST_1_N001,AMESDST_1_N001,AMESDST_1_N001,RTPD,MCC,LMP_CONG_PRC,AMESDST_1_N001,ALL,1,-5.99977,2,2
2022-09-01T10:15:00-00:00,2022-09-01T10:30:00-00:00,2022-09-01,04,AMESDST_1_N001,AMESDST_1_N001,AMESDST_1_N001,RTPD,MCC,LMP_CONG_PRC,AMESDST_1_N001,ALL,1,-5.58561,2,2
2022-09-01T11:15:00-00:00,2022-09-01T11:30:00-00:00,2022-09-01,05,AMESDST_1_N001,AMESDST_1_N001,AMESDST_1_N001,RTPD,MCC,LMP_CONG_PRC,AMESDST_1_N001,ALL,1,0,2,2
2022-09-01T12:15:00-00:00,2022-09-01T12:30:00-00:00,2022-09-01,06,AMESDST_1_N001,AMESDST_1_N001,AMESDST_1_N001,RTPD,MCC,LMP_CONG_PRC,AMESDST_1_N001,ALL,1,-6.18494,2,2
2022-09-01T13:15:00-00:00,2022-09-01T13:30:00-00:00,2022-09-01,07,AMESDST_1_N001,AMESDST_1_N001,AMESDST_1_N001,RTPD,MCC,LMP_CONG_PRC,AMESDST_1_N001,ALL,1,-0.57726,2,2
2022-09-01T14:15:00-00:00,2022-09-01T14:30:00-00:00,2022-09-01,08,AMESDST_1_N001,AMESDST_1_N001,AMESDST_1_N001,RTPD,MCC,LMP_CONG_PRC,AMESDST_1_N001,ALL,1,0,2,2
2022-09-01T15:15:00-00:00,2022-09-01T15:30:00-00:00,2022-09-01,09,AMESDST_1_N001,AMESDST_1_N001,AMESDST_1_N001,RTPD,MCC,LMP_CONG_PRC,AMESDST_1_N001,ALL,1,0,2,2
2022-09-01T16:15:00-00:00,2022-09-01T16:30:00-00:00,2022-09-01,10,AMESDST_1_N001,AMESDST_1_N001,AMESDST_1_N001,RTPD,MCC,LMP_CONG_PRC,AMESDST_1_N001,ALL,1,-1.66583,2,2
2022-09-01T17:15:00-00:00,2022-09-01T17:30:00-00:00,2022-09-01,11,AMESDST_1_N001,AMESDST_1_N001,AMESDST_1_N001,RTPD,MCC,LMP_CONG_PRC,AMESDST_1_N001,ALL,1,-20.70644,2,2
2022-09-01T18:15:00-00:00,2022-09-01T18:30:00-00:00,2022-09-01,12,AMESDST_1_N001,AMESDST_1_N001,AMESDST_1_N001,RTPD,MCC,LMP_CONG_PRC,AMESDST_1_N001,ALL,1,-26.8712,2,2
2022-09-01T19:15:00-00:00,2022-09-01T19:30:00-00:00,2022-09-01,13,AMESDST_1_N001,AMESDST_1_N001,AMESDST_1_N001,RTPD,MCC,LMP_CONG_PRC,AMESDST_1_N001,ALL,1,-29.99144,2,2
2022-09-01T20:15:00-00:00,2022-09-01T20:30:00-00:00,2022-09-01,14,AMESDST_1_N001,AMESDST_1_N001,AMESDST_1_N001,RTPD,MCC,LMP_CONG_PRC,AMESDST_1_N001,ALL,1,-3.2246,2,2
2022-09-01T21:15:00-00:00,2022-09-01T21:30:00-00:00,2022-09-01,15,AMESDST_1_N001,AMESDST_1_N001,AMESDST_1_N001,RTPD,MCC,LMP_CONG_PRC,AMESDST_1_N001,ALL,1,-27.28129,2,2
2022-09-01T22:15:00-00:00,2022-09-01T22:30:00-00:00,2022-09-01,16,AMESDST_1_N001,AMESDST_1_N001,AMESDST_1_N001,RTPD,MCC,LMP_CONG_PRC,AMESDST_1_N001,ALL,1,-119.92855,2,2
2022-09-01T23:15:00-00:00,2022-09-01T23:30:00-00:00,2022-09-01,17,AMESDST_1_N001,AMESDST_1_N001,AMESDST_1_N001,RTPD,MCC,LMP_CONG_PRC,AMESDST_1_N001,ALL,1,-99.72503,2,2
2022-09-02T00:15:00-00:00,2022-09-02T00:30:00-00:00,2022-09-01,18,AMESDST_1_N001,AMESDST_1_N001,AMESDST_1_N001,RTPD,MCC,LMP_CONG_PRC,AMESDST_1_N001,ALL,1,333.17908,2,2
2022-09-02T01:15:00-00:00,2022-09-02T01:30:00-00:00,2022-09-01,19,AMESDST_1_N001,AMESDST_1_N001,AMESDST_1_N001,RTPD,MCC,LMP_CONG_PRC,AMESDST_1_N001,ALL,1,0,2,2
2022-09-02T02:15:00-00:00,2022-09-02T02:30:00-00:00,2022-09-01,20,AMESDST_1_N001,AMESDST_1_N001,AMESDST_1_N001,RTPD,MCC,LMP_CONG_PRC,AMESDST_1_N001,ALL,1,0,2,2
2022-09-02T03:15:00-00:00,2022-09-02T03:30:00-00:00,2022-09-01,21,AMESDST_1_N001,AMESDST_1_N001,AMESDST_1_N001,RTPD,MCC,LMP_CONG_PRC,AMESDST_1_N001,ALL,1,147.42664,2,2
2022-09-02T04:15:00-00:00,2022-09-02T04:30:00-00:00,2022-09-01,22,AMESDST_1_N001,AMESDST_1_N001,AMESDST_1_N001,RTPD,MCC,LMP_CONG_PRC,AMESDST_1_N001,ALL,1,0,2,2
2022-09-02T05:15:00-00:00,2022-09-02T05:30:00-00:00,2022-09-01,23,AMESDST_1_N001,AMESDST_1_N001,AMESDST_1_N001,RTPD,MCC,LMP_CONG_PRC,AMESDST_1_N001,ALL,1,0,2,2
2022-09-02T06:15:00-00:00,2022-09-02T06:30:00-00:00,2022-09-01,24,AMESDST_1_N001,AMESDST_1_N001,AMESDST_1_N001,RTPD,MCC,LMP_CONG_PRC,AMESDST_1_N001,ALL,1,0,2,2
2022-09-01T07:30:00-00:00,2022-09-01T07:45:00-00:00,2022-09-01,01,AMESDST_1_N001,AMESDST_1_N001,AMESDST_1_N001,RTPD,MCC,LMP_CONG_PRC,AMESDST_1_N001,ALL,1,-16.46681,3,2
2022-09-01T08:30:00-00:00,2022-09-01T08:45:00-00:00,2022-09-01,02,AMESDST_1_N001,AMESDST_1_N001,AMESDST_1_N001,RTPD,MCC,LMP_CONG_PRC,AMESDST_1_N001,ALL,1,-0.00088,3,2
2022-09-01T09:30:00-00:00,2022-09-01T09:45:00-00:00,2022-09-01,03,AMESDST_1_N001,AMESDST_1_N001,AMESDST_1_N001,RTPD,MCC,LMP_CONG_PRC,AMESDST_1_N001,ALL,1,-5.94592,3,2
2022-09-01T10:30:00-00:00,2022-09-01T10:45:00-00:00,2022-09-01,04,AMESDST_1_N001,AMESDST_1_N001,AMESDST_1_N001,RTPD,MCC,LMP_CONG_PRC,AMESDST_1_N001,ALL,1,-3.15825,3,2
2022-09-01T11:30:00-00:00,2022-09-01T11:45:00-00:00,2022-09-01,05,AMESDST_1_N001,AMESDST_1_N001,AMESDST_1_N001,RTPD,MCC,LMP_CONG_PRC,AMESDST_1_N001,ALL,1,0,3,2
2022-09-01T12:30:00-00:00,2022-09-01T12:45:00-00:00,2022-09-01,06,AMESDST_1_N001,AMESDST_1_N001,AMESDST_1_N001,RTPD,MCC,LMP_CONG_PRC,AMESDST_1_N001,ALL,1,-10.70902,3,2
2022-09-01T13:30:00-00:00,2022-09-01T13:45:00-00:00,2022-09-01,07,AMESDST_1_N001,AMESDST_1_N001,AMESDST_1_N001,RTPD,MCC,LMP_CONG_PRC,AMESDST_1_N001,ALL,1,0,3,2
2022-09-01T14:30:00-00:00,2022-09-01T14:45:00-00:00,2022-09-01,08,AMESDST_1_N001,AMESDST_1_N001,AMESDST_1_N001,RTPD,MCC,LMP_CONG_PRC,AMESDST_1_N001,ALL,1,0,3,2
2022-09-01T15:30:00-00:00,2022-09-01T15:45:00-00:00,2022-09-01,09,AMESDST_1_N001,AMESDST_1_N001,AMESDST_1_N001,RTPD,MCC,LMP_CONG_PRC,AMESDST_1_N001,ALL,1,0,3,2
2022-09-01T16:30:00-00:00,2022-09-01T16:45:00-00:00,2022-09-01,10,AMESDST_1_N001,AMESDST_1_N001,AMESDST_1_N001,RTPD,MCC,LMP_CONG_PRC,AMESDST_1_N001,ALL,1,-13.94695,3,2
2022-09-01T17:30:00-00:00,2022-09-01T17:45:00-00:00,2022-09-01,11,AMESDST_1_N001,AMESDST_1_N001,AMESDST_1_N001,RTPD,MCC,LMP_CONG_PRC,AMESDST_1_N001,ALL,1,-20.78059,3,2
2022-09-01T18:30:00-00:00,2022-09-01T18:45:00-00:00,2022-09-01,12,AMESDST_1_N001,AMESDST_1_N001,AMESDST_1_N001,RTPD,MCC,LMP_CONG_PRC,AMESDST_1_N001,ALL,1,-28.01937,3,2
2022-09-01T19:30:00-00:00,2022-09-01T19:45:00-00:00,2022-09-01,13,AMESDST_1_N001,AMESDST_1_N001,AMESDST_1_N001,RTPD,MCC,LMP_CONG_PRC,AMESDST_1_N001,ALL,1,-12.86998,3,2
2022-09-01T20:30:00-00:00,2022-09-01T20:45:00-00:00,2022-09-01,14,AMESDST_1_N001,AMESDST_1_N001,AMESDST_1_N001,RTPD,MCC,LMP_CONG_PRC,AMESDST_1_N001,ALL,1,-13.01061,3,2
2022-09-01T21:30:00-00:00,2022-09-01T21:45:00-00:00,2022-09-01,15,AMESDST_1_N001,AMESDST_1_N001,AMESDST_1_N001,RTPD,MCC,LMP_CONG_PRC,AMESDST_1_N001,ALL,1,-25.06189,3,2
2022-09-01T22:30:00-00:00,2022-09-01T22:45:00-00:00,2022-09-01,16,AMESDST_1_N001,AMESDST_1_N001,AMESDST_1_N001,RTPD,MCC,LMP_CONG_PRC,AMESDST_1_N001,ALL,1,-128.95277,3,2
2022-09-01T23:30:00-00:00,2022-09-01T23:45:00-00:00,2022-09-01,17,AMESDST_1_N001,AMESDST_1_N001,AMESDST_1_N001,RTPD,MCC,LMP_CONG_PRC,AMESDST_1_N001,ALL,1,0,3,2
2022-09-02T00:30:00-00:00,2022-09-02T00:45:00-00:00,2022-09-01,18,AMESDST_1_N001,AMESDST_1_N001,AMESDST_1_N001,RTPD,MCC,LMP_CONG_PRC,AMESDST_1_N001,ALL,1,471.9247,3,2
2022-09-02T01:30:00-00:00,2022-09-02T01:45:00-00:00,2022-09-01,19,AMESDST_1_N001,AMESDST_1_N001,AMESDST_1_N001,RTPD,MCC,LMP_CONG_PRC,AMESDST_1_N001,ALL,1,0,3,2
2022-09-02T02:30:00-00:00,2022-09-02T02:45:00-00:00,2022-09-01,20,AMESDST_1_N001,AMESDST_1_N001,AMESDST_1_N001,RTPD,MCC,LMP_CONG_PRC,AMESDST_1_N001,ALL,1,0,3,2
2022-09-02T03:30:00-00:00,2022-09-02T03:45:00-00:00,2022-09-01,21,AMESDST_1_N001,AMESDST_1_N001,AMESDST_1_N001,RTPD,MCC,LMP_CONG_PRC,AMESDST_1_N001,ALL,1,33.1623,3,2
2022-09-02T04:30:00-00:00,2022-09-02T04:45:00-00:00,2022-09-01,22,AMESDST_1_N001,AMESDST_1_N001,AMESDST_1_N001,RTPD,MCC,LMP_CONG_PRC,AMESDST_1_N001,ALL,1,0,3,2
2022-09-02T05:30:00-00:00,2022-09-02T05:45:00-00:00,2022-09-01,23,AMESDST_1_N001,AMESDST_1_N001,AMESDST_1_N001,RTPD,MCC,LMP_CONG_PRC,AMESDST_1_N001,ALL,1,0,3,2
2022-09-02T06:30:00-00:00,2022-09-02T06:45:00-00:00,2022-09-01,24,AMESDST_1_N001,AMESDST_1_N001,AMESDST_1_N001,RTPD,MCC,LMP_CONG_PRC,AMESDST_1_N001,ALL,1,0,3,2
2022-09-01T07:45:00-00:00,2022-09-01T08:00:00-00:00,2022-09-01,01,AMESDST_1_N001,AMESDST_1_N001,AMESDST_1_N001,RTPD,MCC,LMP_CONG_PRC,AMESDST_1_N001,ALL,1,-18.76952,4,2
2022-09-01T08:45:00-00:00,2022-09-01T09:00:00-00:00,2022-09-01,02,AMESDST_1_N001,AMESDST_1_N001,AMESDST_1_N001,RTPD,MCC,LMP_CONG_PRC,AMESDST_1_N001,ALL,1,-4.58188,4,2
2022-09-01T09:45:00-00:00,2022-09-01T10:00:00-00:00,2022-09-01,03,AMESDST_1_N001,AMESDST_1_N001,AMESDST_1_N001,RTPD,MCC,LMP_CONG_PRC,AMESDST_1_N001,ALL,1,-5.29313,4,2
2022-09-01T10:45:00-00:00,2022-09-01T11:00:00-00:00,2022-09-01,04,AMESDST_1_N001,AMESDST_1_N001,AMESDST_1_N001,RTPD,MCC,LMP_CONG_PRC,AMESDST_1_N001,ALL,1,-1.24377,4,2
2022-09-01T11:45:00-00:00,2022-09-01T12:00:00-00:00,2022-09-01,05,AMESDST_1_N001,AMESDST_1_N001,AMESDST_1_N001,RTPD,MCC,LMP_CONG_PRC,AMESDST_1_N001,ALL,1,0,4,2
2022-09-01T12:45:00-00:00,2022-09-01T13:00:00-00:00,2022-09-01,06,AMESDST_1_N001,AMESDST_1_N001,AMESDST_1_N001,RTPD,MCC,LMP_CONG_PRC,AMESDST_1_N001,ALL,1,-2.39028,4,2
2022-09-01T13:45:00-00:00,2022-09-01T14:00:00-00:00,2022-09-01,07,AMESDST_1_N001,AMESDST_1_N001,AMESDST_1_N001,RTPD,MCC,LMP_CONG_PRC,AMESDST_1_N001,ALL,1,0,4,2
2022-09-01T14:45:00-00:00,2022-09-01T15:00:00-00:00,2022-09-01,08,AMESDST_1_N001,AMESDST_1_N001,AMESDST_1_N001,RTPD,MCC,LMP_CONG_PRC,AMESDST_1_N001,ALL,1,0,4,2
2022-09-01T15:45:00-00:00,2022-09-01T16:00:00-00:00,2022-09-01,09,AMESDST_1_N001,AMESDST_1_N001,AMESDST_1_N001,RTPD,MCC,LMP_CONG_PRC,AMESDST_1_N001,ALL,1,0,4,2
2022-09-01T16:45:00-00:00,2022-09-01T17:00:00-00:00,2022-09-01,10,AMESDST_1_N001,AMESDST_1_N001,AMESDST_1_N001,RTPD,MCC,LMP_CONG_PRC,AMESDST_1_N001,ALL,1,-12.56035,4,2
2022-09-01T17:45:00-00:00,2022-09-01T18:00:00-00:00,2022-09-01,11,AMESDST_1_N001,AMESDST_1_N001,AMESDST_1_N001,RTPD,MCC,LMP_CONG_PRC,AMESDST_1_N001,ALL,1,-20.46067,4,2
2022-09-01T18:45:00-00:00,2022-09-01T19:00:00-00:00,2022-09-01,12,AMESDST_1_N001,AMESDST_1_N001,AMESDST_1_N001,RTPD,MCC,LMP_CONG_PRC,AMESDST_1_N001,ALL,1,-27.91213,4,2
2022-09-01T19:45:00-00:00,2022-09-01T20:00:00-00:00,2022-09-01,13,AMESDST_1_N001,AMESDST_1_N001,AMESDST_1_N001,RTPD,MCC,LMP_CONG_PRC,AMESDST_1_N001,ALL,1,-13.94445,4,2
2022-09-01T20:45:00-00:00,2022-09-01T21:00:00-00:00,2022-09-01,14,AMESDST_1_N001,AMESDST_1_N001,AMESDST_1_N001,RTPD,MCC,LMP_CONG_PRC,AMESDST_1_N001,ALL,1,-28.85256,4,2
2022-09-01T21:45:00-00:00,2022-09-01T22:00:00-00:00,2022-09-01,15,AMESDST_1_N001,AMESDST_1_N001,AMESDST_1_N001,RTPD,MCC,LMP_CONG_PRC,AMESDST_1_N001,ALL,1,-91.0513,4,2
2022-09-01T22:45:00-00:00,2022-09-01T23:00:00-00:00,2022-09-01,16,AMESDST_1_N001,AMESDST_1_N001,AMESDST_1_N001,RTPD,MCC,LMP_CONG_PRC,AMESDST_1_N001,ALL,1,-261.9126,4,2
2022-09-01T23:45:00-00:00,2022-09-02T00:00:00-00:00,2022-09-01,17,AMESDST_1_N001,AMESDST_1_N001,AMESDST_1_N001,RTPD,MCC,LMP_CONG_PRC,AMESDST_1_N001,ALL,1,411.07074,4,2
2022-09-02T00:45:00-00:00,2022-09-02T01:00:00-00:00,2022-09-01,18,AMESDST_1_N001,AMESDST_1_N001,AMESDST_1_N001,RTPD,MCC,LMP_CONG_PRC,AMESDST_1_N001,ALL,1,304.67563,4,2
2022-09-02T01:45:00-00:00,2022-09-02T02:00:00-00:00,2022-09-01,19,AMESDST_1_N001,AMESDST_1_N001,AMESDST_1_N001,RTPD,MCC,LMP_CONG_PRC,AMESDST_1_N001,ALL,1,0,4,2
2022-09-02T02:45:00-00:00,2022-09-02T03:00:00-00:00,2022-09-01,20,AMESDST_1_N001,AMESDST_1_N001,AMESDST_1_N001,RTPD,MCC,LMP_CONG_PRC,AMESDST_1_N001,ALL,1,134.73367,4,2
2022-09-02T03:45:00-00:00,2022-09-02T04:00:00-00:00,2022-09-01,21,AMESDST_1_N001,AMESDST_1_N001,AMESDST_1_N001,RTPD,MCC,LMP_CONG_PRC,AMESDST_1_N001,ALL,1,19.31383,4,2
2022-09-02T04:45:00-00:00,2022-09-02T05:00:00-00:00,2022-09-01,22,AMESDST_1_N001,AMESDST_1_N001,AMESDST_1_N001,RTPD,MCC,LMP_CONG_PRC,AMESDST_1_N001,ALL,1,0,4,2
2022-09-02T05:45:00-00:00,2022-09-02T06:00:00-00:00,2022-09-01,23,AMESDST_1_N001,AMESDST_1_N001,AMESDST_1_N001,RTPD,MCC,LMP_CONG_PRC,AMESDST_1_N001,ALL,1,-4.24368,4,2
2022-09-02T06:45:00-00:00,2022-09-02T07:00:00-00:00,2022-09-01,24,AMESDST_1_N001,AMESDST_1_N001,AMESDST_1_N001,RTPD,MCC,LMP_CONG_PRC,AMESDST_1_N001,ALL,1,0,4,2
2022-09-01T07:00:00-00:00,2022-09-01T07:15:00-00:00,2022-09-01,01,AMESDST_1_N001,AMESDST_1_N001,AMESDST_1_N001,RTPD,MCE,LMP_ENE_PRC,AMESDST_1_N001,ALL,1,104.23471,1,3
2022-09-01T08:00:00-00:00,2022-09-01T08:15:00-00:00,2022-09-01,02,AMESDST_1_N001,AMESDST_1_N001,AMESDST_1_N001,RTPD,MCE,LMP_ENE_PRC,AMESDST_1_N001,ALL,1,115.5488,1,3
2022-09-01T09:00:00-00:00,2022-09-01T09:15:00-00:00,2022-09-01,03,AMESDST_1_N001,AMESDST_1_N001,AMESDST_1_N001,RTPD,MCE,LMP_ENE_PRC,AMESDST_1_N001,ALL,1,99.73061,1,3
2022-09-01T10:00:00-00:00,2022-09-01T10:15:00-00:00,2022-09-01,04,AMESDST_1_N001,AMESDST_1_N001,AMESDST_1_N001,RTPD,MCE,LMP_ENE_PRC,AMESDST_1_N001,ALL,1,98.64222,1,3
2022-09-01T11:00:00-00:00,2022-09-01T11:15:00-00:00,2022-09-01,05,AMESDST_1_N001,AMESDST_1_N001,AMESDST_1_N001,RTPD,MCE,LMP_ENE_PRC,AMESDST_1_N001,ALL,1,102.56859,1,3
2022-09-01T12:00:00-00:00,2022-09-01T12:15:00-00:00,2022-09-01,06,AMESDST_1_N001,AMESDST_1_N001,AMESDST_1_N001,RTPD,MCE,LMP_ENE_PRC,AMESDST_1_N001,ALL,1,96.90845,1,3
2022-09-01T13:00:00-00:00,2022-09-01T13:15:00-00:00,2022-09-01,07,AMESDST_1_N001,AMESDST_1_N001,AMESDST_1_N001,RTPD,MCE,LMP_ENE_PRC,AMESDST_1_N001,ALL,1,101.80878,1,3
2022-09-01T14:00:00-00:00,2022-09-01T14:15:00-00:00,2022-09-01,08,AMESDST_1_N001,AMESDST_1_N001,AMESDST_1_N001,RTPD,MCE,LMP_ENE_PRC,AMESDST_1_N001,ALL,1,111.11219,1,3
2022-09-01T15:00:00-00:00,2022-09-01T15:15:00-00:00,2022-09-01,09,AMESDST_1_N001,AMESDST_1_N001,AMESDST_1_N001,RTPD,MCE,LMP_ENE_PRC,AMESDST_1_N001,ALL,1,97.4112,1,3
2022-09-01T16:00:00-00:00,2022-09-01T16:15:00-00:00,2022-09-01,10,AMESDST_1_N001,AMESDST_1_N001,AMESDST_1_N001,RTPD,MCE,LMP_ENE_PRC,AMESDST_1_N001,ALL,1,83.43525,1,3
2022-09-01T17:00:00-00:00,2022-09-01T17:15:00-00:00,2022-09-01,11,AMESDST_1_N001,AMESDST_1_N001,AMESDST_1_N001,RTPD,MCE,LMP_ENE_PRC,AMESDST_1_N001,ALL,1,96.94897,1,3
2022-09-01T18:00:00-00:00,2022-09-01T18:15:00-00:00,2022-09-01,12,AMESDST_1_N001,AMESDST_1_N001,AMESDST_1_N001,RTPD,MCE,LMP_ENE_PRC,AMESDST_1_N001,ALL,1,91.59291,1,3
2022-09-01T19:00:00-00:00,2022-09-01T19:15:00-00:00,2022-09-01,13,AMESDST_1_N001,AMESDST_1_N001,AMESDST_1_N001,RTPD,MCE,LMP_ENE_PRC,AMESDST_1_N001,ALL,1,109.19637,1,3
2022-09-01T20:00:00-00:00,2022-09-01T20:15:00-00:00,2022-09-01,14,AMESDST_1_N001,AMESDST_1_N001,AMESDST_1_N001,RTPD,MCE,LMP_ENE_PRC,AMESDST_1_N001,ALL,1,117.94359,1,3
2022-09-01T21:00:00-00:00,2022-09-01T21:15:00-00:00,2022-09-01,15,AMESDST_1_N001,AMESDST_1_N001,AMESDST_1_N001,RTPD,MCE,LMP_ENE_PRC,AMESDST_1_N001,ALL,1,226.61499,1,3
2022-09-01T22:00:00-00:00,2022-09-01T22:15:00-00:00,2022-09-01,16,AMESDST_1_N001,AMESDST_1_N001,AMESDST_1_N001,RTPD,MCE,LMP_ENE_PRC,AMESDST_1_N001,ALL,1,229.18552,1,3
2022-09-01T23:00:00-00:00,2022-09-01T23:15:00-00:00,2022-09-01,17,AMESDST_1_N001,AMESDST_1_N001,AMESDST_1_N001,RTPD,MCE,LMP_ENE_PRC,AMESDST_1_N001,ALL,1,386.7537,1,3
2022-09-02T00:00:00-00:00,2022-09-02T00:15:00-00:00,2022-09-01,18,AMESDST_1_N001,AMESDST_1_N001,AMESDST_1_N001,RTPD,MCE,LMP_ENE_PRC,AMESDST_1_N001,ALL,1,770.58136,1,3
2022-09-02T01:00:00-00:00,2022-09-02T01:15:00-00:00,2022-09-01,19,AMESDST_1_N001,AMESDST_1_N001,AMESDST_1_N001,RTPD,MCE,LMP_ENE_PRC,AMESDST_1_N001,ALL,1,916.27124,1,3
2022-09-02T02:00:00-00:00,2022-09-02T02:15:00-00:00,2022-09-01,20,AMESDST_1_N001,AMESDST_1_N001,AMESDST_1_N001,RTPD,MCE,LMP_ENE_PRC,AMESDST_1_N001,ALL,1,1991.6721,1,3
2022-09-02T03:00:00-00:00,2022-09-02T03:15:00-00:00,2022-09-01,21,AMESDST_1_N001,AMESDST_1_N001,AMESDST_1_N001,RTPD,MCE,LMP_ENE_PRC,AMESDST_1_N001,ALL,1,917.5508,1,3
2022-09-02T04:00:00-00:00,2022-09-02T04:15:00-00:00,2022-09-01,22,AMESDST_1_N001,AMESDST_1_N001,AMESDST_1_N001,RTPD,MCE,LMP_ENE_PRC,AMESDST_1_N001,ALL,1,257.83005,1,3
2022-09-02T05:00:00-00:00,2022-09-02T05:15:00-00:00,2022-09-01,23,AMESDST_1_N001,AMESDST_1_N001,AMESDST_1_N001,RTPD,MCE,LMP_ENE_PRC,AMESDST_1_N001,ALL,1,183.24657,1,3
2022-09-02T06:00:00-00:00,2022-09-02T06:15:00-00:00,2022-09-01,24,AMESDST_1_N001,AMESDST_1_N001,AMESDST_1_N001,RTPD,MCE,LMP_ENE_PRC,AMESDST_1_N001,ALL,1,158.867,1,3
2022-09-01T07:15:00-00:00,2022-09-01T07:30:00-00:00,2022-09-01,01,AMESDST_1_N001,AMESDST_1_N001,AMESDST_1_N001,RTPD,MCE,LMP_ENE_PRC,AMESDST_1_N001,ALL,1,125.55144,2,3
2022-09-01T08:15:00-00:00,2022-09-01T08:30:00-00:00,2022-09-01,02,AMESDST_1_N001,AMESDST_1_N001,AMESDST_1_N001,RTPD,MCE,LMP_ENE_PRC,AMESDST_1_N001,ALL,1,115.53165,2,3
2022-09-01T09:15:00-00:00,2022-09-01T09:30:00-00:00,2022-09-01,03,AMESDST_1_N001,AMESDST_1_N001,AMESDST_1_N001,RTPD,MCE,LMP_ENE_PRC,AMESDST_1_N001,ALL,1,98.30543,2,3
2022-09-01T10:15:00-00:00,2022-09-01T10:30:00-00:00,2022-09-01,04,AMESDST_1_N001,AMESDST_1_N001,AMESDST_1_N001,RTPD,MCE,LMP_ENE_PRC,AMESDST_1_N001,ALL,1,97.00684,2,3
2022-09-01T11:15:00-00:00,2022-09-01T11:30:00-00:00,2022-09-01,05,AMESDST_1_N001,AMESDST_1_N001,AMESDST_1_N001,RTPD,MCE,LMP_ENE_PRC,AMESDST_1_N001,ALL,1,103.09059,2,3
2022-09-01T12:15:00-00:00,2022-09-01T12:30:00-00:00,2022-09-01,06,AMESDST_1_N001,AMESDST_1_N001,AMESDST_1_N001,RTPD,MCE,LMP_ENE_PRC,AMESDST_1_N001,ALL,1,109.32203,2,3
2022-09-01T13:15:00-00:00,2022-09-01T13:30:00-00:00,2022-09-01,07,AMESDST_1_N001,AMESDST_1_N001,AMESDST_1_N001,RTPD,MCE,LMP_ENE_PRC,AMESDST_1_N001,ALL,1,110.97827,2,3
2022-09-01T14:15:00-00:00,2022-09-01T14:30:00-00:00,2022-09-01,08,AMESDST_1_N001,AMESDST_1_N001,AMESDST_1_N001,RTPD,MCE,LMP_ENE_PRC,AMESDST_1_N001,ALL,1,104.78743,2,3
2022-09-01T15:15:00-00:00,2022-09-01T15:30:00-00:00,2022-09-01,09,AMESDST_1_N001,AMESDST_1_N001,AMESDST_1_N001,RTPD,MCE,LMP_ENE_PRC,AMESDST_1_N001,ALL,1,86.9388,2,3
2022-09-01T16:15:00-00:00,2022-09-01T16:30:00-00:00,2022-09-01,10,AMESDST_1_N001,AMESDST_1_N001,AMESDST_1_N001,RTPD,MCE,LMP_ENE_PRC,AMESDST_1_N001,ALL,1,89.44858,2,3
2022-09-01T17:15:00-00:00,2022-09-01T17:30:00-00:00,2022-09-01,11,AMESDST_1_N001,AMESDST_1_N001,AMESDST_1_N001,RTPD,MCE,LMP_ENE_PRC,AMESDST_1_N001,ALL,1,99.34673,2,3
2022-09-01T18:15:00-00:00,2022-09-01T18:30:00-00:00,2022-09-01,12,AMESDST_1_N001,AMESDST_1_N001,AMESDST_1_N001,RTPD,MCE,LMP_ENE_PRC,AMESDST_1_N001,ALL,1,101.15901,2,3
2022-09-01T19:15:00-00:00,2022-09-01T19:30:00-00:00,2022-09-01,13,AMESDST_1_N001,AMESDST_1_N001,AMESDST_1_N001,RTPD,MCE,LMP_ENE_PRC,AMESDST_1_N001,ALL,1,105.30588,2,3
2022-09-01T20:15:00-00:00,2022-09-01T20:30:00-00:00,2022-09-01,14,AMESDST_1_N001,AMESDST_1_N001,AMESDST_1_N001,RTPD,MCE,LMP_ENE_PRC,AMESDST_1_N001,ALL,1,117.49421,2,3
2022-09-01T21:15:00-00:00,2022-09-01T21:30:00-00:00,2022-09-01,15,AMESDST_1_N001,AMESDST_1_N001,AMESDST_1_N001,RTPD,MCE,LMP_ENE_PRC,AMESDST_1_N001,ALL,1,147.21185,2,3
2022-09-01T22:15:00-00:00,2022-09-01T22:30:00-00:00,2022-09-01,16,AMESDST_1_N001,AMESDST_1_N001,AMESDST_1_N001,RTPD,MCE,LMP_ENE_PRC,AMESDST_1_N001,ALL,1,256.58734,2,3
2022-09-01T23:15:00-00:00,2022-09-01T23:30:00-00:00,2022-09-01,17,AMESDST_1_N001,AMESDST_1_N001,AMESDST_1_N001,RTPD,MCE,LMP_ENE_PRC,AMESDST_1_N001,ALL,1,362.12408,2,3
2022-09-02T00:15:00-00:00,2022-09-02T00:30:00-00:00,2022-09-01,18,AMESDST_1_N001,AMESDST_1_N001,AMESDST_1_N001,RTPD,MCE,LMP_ENE_PRC,AMESDST_1_N001,ALL,1,691.2182,2,3
2022-09-02T01:15:00-00:00,2022-09-02T01:30:00-00:00,2022-09-01,19,AMESDST_1_N001,AMESDST_1_N001,AMESDST_1_N001,RTPD,MCE,LMP_ENE_PRC,AMESDST_1_N001,ALL,1,1999.9933,2,3
2022-09-02T02:15:00-00:00,2022-09-02T02:30:00-00:00,2022-09-01,20,AMESDST_1_N001,AMESDST_1_N001,AMESDST_1_N001,RTPD,MCE,LMP_ENE_PRC,AMESDST_1_N001,ALL,1,1991.6721,2,3
2022-09-02T03:15:00-00:00,2022-09-02T03:30:00-00:00,2022-09-01,21,AMESDST_1_N001,AMESDST_1_N001,AMESDST_1_N001,RTPD,MCE,LMP_ENE_PRC,AMESDST_1_N001,ALL,1,400.52884,2,3
2022-09-02T04:15:00-00:00,2022-09-02T04:30:00-00:00,2022-09-01,22,AMESDST_1_N001,AMESDST_1_N001,AMESDST_1_N001,RTPD,MCE,LMP_ENE_PRC,AMESDST_1_N001,ALL,1,224.75041,2,3
2022-09-02T05:15:00-00:00,2022-09-02T05:30:00-00:00,2022-09-01,23,AMESDST_1_N001,AMESDST_1_N001,AMESDST_1_N001,RTPD,MCE,LMP_ENE_PRC,AMESDST_1_N001,ALL,1,157.11986,2,3
2022-09-02T06:15:00-00:00,2022-09-02T06:30:00-00:00,2022-09-01,24,AMESDST_1_N001,AMESDST_1_N001,AMESDST_1_N001,RTPD,MCE,LMP_ENE_PRC,AMESDST_1_N001,ALL,1,143.1005,2,3
2022-09-01T07:30:00-00:00,2022-09-01T07:45:00-00:00,2022-09-01,01,AMESDST_1_N001,AMESDST_1_N001,AMESDST_1_N001,RTPD,MCE,LMP_ENE_PRC,AMESDST_1_N001,ALL,1,119.03196,3,3
2022-09-01T08:30:00-00:00,2022-09-01T08:45:00-00:00,2022-09-01,02,AMESDST_1_N001,AMESDST_1_N001,AMESDST_1_N001,RTPD,MCE,LMP_ENE_PRC,AMESDST_1_N001,ALL,1,111.11241,3,3
2022-09-01T09:30:00-00:00,2022-09-01T09:45:00-00:00,2022-09-01,03,AMESDST_1_N001,AMESDST_1_N001,AMESDST_1_N001,RTPD,MCE,LMP_ENE_PRC,AMESDST_1_N001,ALL,1,98.16228,3,3
2022-09-01T10:30:00-00:00,2022-09-01T10:45:00-00:00,2022-09-01,04,AMESDST_1_N001,AMESDST_1_N001,AMESDST_1_N001,RTPD,MCE,LMP_ENE_PRC,AMESDST_1_N001,ALL,1,96.36226,3,3
2022-09-01T11:30:00-00:00,2022-09-01T11:45:00-00:00,2022-09-01,05,AMESDST_1_N001,AMESDST_1_N001,AMESDST_1_N001,RTPD,MCE,LMP_ENE_PRC,AMESDST_1_N001,ALL,1,103.06198,3,3
2022-09-01T12:30:00-00:00,2022-09-01T12:45:00-00:00,2022-09-01,06,AMESDST_1_N001,AMESDST_1_N001,AMESDST_1_N001,RTPD,MCE,LMP_ENE_PRC,AMESDST_1_N001,ALL,1,113.57403,3,3
2022-09-01T13:30:00-00:00,2022-09-01T13:45:00-00:00,2022-09-01,07,AMESDST_1_N001,AMESDST_1_N001,AMESDST_1_N001,RTPD,MCE,LMP_ENE_PRC,AMESDST_1_N001,ALL,1,111.52025,3,3
2022-09-01T14:30:00-00:00,2022-09-01T14:45:00-00:00,2022-09-01,08,AMESDST_1_N001,AMESDST_1_N001,AMESDST_1_N001,RTPD,MCE,LMP_ENE_PRC,AMESDST_1_N001,ALL,1,101.83428,3,3
2022-09-01T15:30:00-00:00,2022-09-01T15:45:00-00:00,2022-09-01,09,AMESDST_1_N001,AMESDST_1_N001,AMESDST_1_N001,RTPD,MCE,LMP_ENE_PRC,AMESDST_1_N001,ALL,1,86.1388,3,3
2022-09-01T16:30:00-00:00,2022-09-01T16:45:00-00:00,2022-09-01,10,AMESDST_1_N001,AMESDST_1_N001,AMESDST_1_N001,RTPD,MCE,LMP_ENE_PRC,AMESDST_1_N001,ALL,1,88.79644,3,3
2022-09-01T17:30:00-00:00,2022-09-01T17:45:00-00:00,2022-09-01,11,AMESDST_1_N001,AMESDST_1_N001,AMESDST_1_N001,RTPD,MCE,LMP_ENE_PRC,AMESDST_1_N001,ALL,1,99.13013,3,3
2022-09-01T18:30:00-00:00,2022-09-01T18:45:00-00:00,2022-09-01,12,AMESDST_1_N001,AMESDST_1_N001,AMESDST_1_N001,RTPD,MCE,LMP_ENE_PRC,AMESDST_1_N001,ALL,1,107.05718,3,3
2022-09-01T19:30:00-00:00,2022-09-01T19:45:00-00:00,2022-09-01,13,AMESDST_1_N001,AMESDST_1_N001,AMESDST_1_N001,RTPD,MCE,LMP_ENE_PRC,AMESDST_1_N001,ALL,1,114.05905,3,3
2022-09-01T20:30:00-00:00,2022-09-01T20:45:00-00:00,2022-09-01,14,AMESDST_1_N001,AMESDST_1_N001,AMESDST_1_N001,RTPD,MCE,LMP_ENE_PRC,AMESDST_1_N001,ALL,1,129.81606,3,3
2022-09-01T21:30:00-00:00,2022-09-01T21:45:00-00:00,2022-09-01,15,AMESDST_1_N001,AMESDST_1_N001,AMESDST_1_N001,RTPD,MCE,LMP_ENE_PRC,AMESDST_1_N001,ALL,1,152.93057,3,3
2022-09-01T22:30:00-00:00,2022-09-01T22:45:00-00:00,2022-09-01,16,AMESDST_1_N001,AMESDST_1_N001,AMESDST_1_N001,RTPD,MCE,LMP_ENE_PRC,AMESDST_1_N001,ALL,1,283.18182,3,3
2022-09-01T23:30:00-00:00,2022-09-01T23:45:00-00:00,2022-09-01,17,AMESDST_1_N001,AMESDST_1_N001,AMESDST_1_N001,RTPD,MCE,LMP_ENE_PRC,AMESDST_1_N001,ALL,1,566.48157,3,3
2022-09-02T00:30:00-00:00,2022-09-02T00:45:00-00:00,2022-09-01,18,AMESDST_1_N001,AMESDST_1_N001,AMESDST_1_N001,RTPD,MCE,LMP_ENE_PRC,AMESDST_1_N001,ALL,1,1329.1127,3,3
2022-09-02T01:30:00-00:00,2022-09-02T01:45:00-00:00,2022-09-01,19,AMESDST_1_N001,AMESDST_1_N001,AMESDST_1_N001,RTPD,MCE,LMP_ENE_PRC,AMESDST_1_N001,ALL,1,1999.9956,3,3
2022-09-02T02:30:00-00:00,2022-09-02T02:45:00-00:00,2022-09-01,20,AMESDST_1_N001,AMESDST_1_N001,AMESDST_1_N001,RTPD,MCE,LMP_ENE_PRC,AMESDST_1_N001,ALL,1,1991.671,3,3
2022-09-02T03:30:00-00:00,2022-09-02T03:45:00-00:00,2022-09-01,21,AMESDST_1_N001,AMESDST_1_N001,AMESDST_1_N001,RTPD,MCE,LMP_ENE_PRC,AMESDST_1_N001,ALL,1,186.61823,3,3
2022-09-02T04:30:00-00:00,2022-09-02T04:45:00-00:00,2022-09-01,22,AMESDST_1_N001,AMESDST_1_N001,AMESDST_1_N001,RTPD,MCE,LMP_ENE_PRC,AMESDST_1_N001,ALL,1,180.67824,3,3
2022-09-02T05:30:00-00:00,2022-09-02T05:45:00-00:00,2022-09-01,23,AMESDST_1_N001,AMESDST_1_N001,AMESDST_1_N001,RTPD,MCE,LMP_ENE_PRC,AMESDST_1_N001,ALL,1,131.69917,3,3
2022-09-02T06:30:00-00:00,2022-09-02T06:45:00-00:00,2022-09-01,24,AMESDST_1_N001,AMESDST_1_N001,AMESDST_1_N001,RTPD,MCE,LMP_ENE_PRC,AMESDST_1_N001,ALL,1,128.9871,3,3
2022-09-01T07:45:00-00:00,2022-09-01T08:00:00-00:00,2022-09-01,01,AMESDST_1_N001,AMESDST_1_N001,AMESDST_1_N001,RTPD,MCE,LMP_ENE_PRC,AMESDST_1_N001,ALL,1,109.12099,4,3
2022-09-01T08:45:00-00:00,2022-09-01T09:00:00-00:00,2022-09-01,02,AMESDST_1_N001,AMESDST_1_N001,AMESDST_1_N001,RTPD,MCE,LMP_ENE_PRC,AMESDST_1_N001,ALL,1,98.7357,4,3
2022-09-01T09:45:00-00:00,2022-09-01T10:00:00-00:00,2022-09-01,03,AMESDST_1_N001,AMESDST_1_N001,AMESDST_1_N001,RTPD,MCE,LMP_ENE_PRC,AMESDST_1_N001,ALL,1,97.50475,4,3
2022-09-01T10:45:00-00:00,2022-09-01T11:00:00-00:00,2022-09-01,04,AMESDST_1_N001,AMESDST_1_N001,AMESDST_1_N001,RTPD,MCE,LMP_ENE_PRC,AMESDST_1_N001,ALL,1,94.71966,4,3
2022-09-01T11:45:00-00:00,2022-09-01T12:00:00-00:00,2022-09-01,05,AMESDST_1_N001,AMESDST_1_N001,AMESDST_1_N001,RTPD,MCE,LMP_ENE_PRC,AMESDST_1_N001,ALL,1,107.01,4,3
2022-09-01T12:45:00-00:00,2022-09-01T13:00:00-00:00,2022-09-01,06,AMESDST_1_N001,AMESDST_1_N001,AMESDST_1_N001,RTPD,MCE,LMP_ENE_PRC,AMESDST_1_N001,ALL,1,116.4848,4,3
2022-09-01T13:45:00-00:00,2022-09-01T14:00:00-00:00,2022-09-01,07,AMESDST_1_N001,AMESDST_1_N001,AMESDST_1_N001,RTPD,MCE,LMP_ENE_PRC,AMESDST_1_N001,ALL,1,111.41,4,3
2022-09-01T14:45:00-00:00,2022-09-01T15:00:00-00:00,2022-09-01,08,AMESDST_1_N001,AMESDST_1_N001,AMESDST_1_N001,RTPD,MCE,LMP_ENE_PRC,AMESDST_1_N001,ALL,1,86.1388,4,3
2022-09-01T15:45:00-00:00,2022-09-01T16:00:00-00:00,2022-09-01,09,AMESDST_1_N001,AMESDST_1_N001,AMESDST_1_N001,RTPD,MCE,LMP_ENE_PRC,AMESDST_1_N001,ALL,1,78.70076,4,3
2022-09-01T16:45:00-00:00,2022-09-01T17:00:00-00:00,2022-09-01,10,AMESDST_1_N001,AMESDST_1_N001,AMESDST_1_N001,RTPD,MCE,LMP_ENE_PRC,AMESDST_1_N001,ALL,1,91.24933,4,3
2022-09-01T17:45:00-00:00,2022-09-01T18:00:00-00:00,2022-09-01,11,AMESDST_1_N001,AMESDST_1_N001,AMESDST_1_N001,RTPD,MCE,LMP_ENE_PRC,AMESDST_1_N001,ALL,1,99.20544,4,3
2022-09-01T18:45:00-00:00,2022-09-01T19:00:00-00:00,2022-09-01,12,AMESDST_1_N001,AMESDST_1_N001,AMESDST_1_N001,RTPD,MCE,LMP_ENE_PRC,AMESDST_1_N001,ALL,1,109.04064,4,3
2022-09-01T19:45:00-00:00,2022-09-01T20:00:00-00:00,2022-09-01,13,AMESDST_1_N001,AMESDST_1_N001,AMESDST_1_N001,RTPD,MCE,LMP_ENE_PRC,AMESDST_1_N001,ALL,1,120.22491,4,3
2022-09-01T20:45:00-00:00,2022-09-01T21:00:00-00:00,2022-09-01,14,AMESDST_1_N001,AMESDST_1_N001,AMESDST_1_N001,RTPD,MCE,LMP_ENE_PRC,AMESDST_1_N001,ALL,1,154.02509,4,3
2022-09-01T21:45:00-00:00,2022-09-01T22:00:00-00:00,2022-09-01,15,AMESDST_1_N001,AMESDST_1_N001,AMESDST_1_N001,RTPD,MCE,LMP_ENE_PRC,AMESDST_1_N001,ALL,1,300.29376,4,3
2022-09-01T22:45:00-00:00,2022-09-01T23:00:00-00:00,2022-09-01,16,AMESDST_1_N001,AMESDST_1_N001,AMESDST_1_N001,RTPD,MCE,LMP_ENE_PRC,AMESDST_1_N001,ALL,1,429.9137,4,3
2022-09-01T23:45:00-00:00,2022-09-02T00:00:00-00:00,2022-09-01,17,AMESDST_1_N001,AMESDST_1_N001,AMESDST_1_N001,RTPD,MCE,LMP_ENE_PRC,AMESDST_1_N001,ALL,1,1261.2124,4,3
2022-09-02T00:45:00-00:00,2022-09-02T01:00:00-00:00,2022-09-01,18,AMESDST_1_N001,AMESDST_1_N001,AMESDST_1_N001,RTPD,MCE,LMP_ENE_PRC,AMESDST_1_N001,ALL,1,1519.149,4,3
2022-09-02T01:45:00-00:00,2022-09-02T02:00:00-00:00,2022-09-01,19,AMESDST_1_N001,AMESDST_1_N001,AMESDST_1_N001,RTPD,MCE,LMP_ENE_PRC,AMESDST_1_N001,ALL,1,1991.9337,4,3
2022-09-02T02:45:00-00:00,2022-09-02T03:00:00-00:00,2022-09-01,20,AMESDST_1_N001,AMESDST_1_N001,AMESDST_1_N001,RTPD,MCE,LMP_ENE_PRC,AMESDST_1_N001,ALL,1,1629.6213,4,3
2022-09-02T03:45:00-00:00,2022-09-02T04:00:00-00:00,2022-09-01,21,AMESDST_1_N001,AMESDST_1_N001,AMESDST_1_N001,RTPD,MCE,LMP_ENE_PRC,AMESDST_1_N001,ALL,1,141.13702,4,3
2022-09-02T04:45:00-00:00,2022-09-02T05:00:00-00:00,2022-09-01,22,AMESDST_1_N001,AMESDST_1_N001,AMESDST_1_N001,RTPD,MCE,LMP_ENE_PRC,AMESDST_1_N001,ALL,1,126.76372,4,3
2022-09-02T05:45:00-00:00,2022-09-02T06:00:00-00:00,2022-09-01,23,AMESDST_1_N001,AMESDST_1_N001,AMESDST_1_N001,RTPD,MCE,LMP_ENE_PRC,AMESDST_1_N001,ALL,1,119.00958,4,3
2022-09-02T06:45:00-00:00,2022-09-02T07:00:00-00:00,2022-09-01,24,AMESDST_1_N001,AMESDST_1_N001,AMESDST_1_N001,RTPD,MCE,LMP_ENE_PRC,AMESDST_1_N001,ALL,1,109.20324,4,3
2022-09-01T07:00:00-00:00,2022-09-01T07:15:00-00:00,2022-09-01,01,AMESDST_1_N001,AMESDST_1_N001,AMESDST_1_N001,RTPD,MCL,LMP_LOSS_PRC,AMESDST_1_N001,ALL,1,-4.47167,1,4
2022-09-01T08:00:00-00:00,2022-09-01T08:15:00-00:00,2022-09-01,02,AMESDST_1_N001,AMESDST_1_N001,AMESDST_1_N001,RTPD,MCL,LMP_LOSS_PRC,AMESDST_1_N001,ALL,1,0,1,4
2022-09-01T09:00:00-00:00,2022-09-01T09:15:00-00:00,2022-09-01,03,AMESDST_1_N001,AMESDST_1_N001,AMESDST_1_N001,RTPD,MCL,LMP_LOSS_PRC,AMESDST_1_N001,ALL,1,2.32372,1,4
2022-09-01T10:00:00-00:00,2022-09-01T10:15:00-00:00,2022-09-01,04,AMESDST_1_N001,AMESDST_1_N001,AMESDST_1_N001,RTPD,MCL,LMP_LOSS_PRC,AMESDST_1_N001,ALL,1,2.58443,1,4
2022-09-01T11:00:00-00:00,2022-09-01T11:15:00-00:00,2022-09-01,05,AMESDST_1_N001,AMESDST_1_N001,AMESDST_1_N001,RTPD,MCL,LMP_LOSS_PRC,AMESDST_1_N001,ALL,1,2.74884,1,4
2022-09-01T12:00:00-00:00,2022-09-01T12:15:00-00:00,2022-09-01,06,AMESDST_1_N001,AMESDST_1_N001,AMESDST_1_N001,RTPD,MCL,LMP_LOSS_PRC,AMESDST_1_N001,ALL,1,2.1126,1,4
2022-09-01T13:00:00-00:00,2022-09-01T13:15:00-00:00,2022-09-01,07,AMESDST_1_N001,AMESDST_1_N001,AMESDST_1_N001,RTPD,MCL,LMP_LOSS_PRC,AMESDST_1_N001,ALL,1,0,1,4
2022-09-01T14:00:00-00:00,2022-09-01T14:15:00-00:00,2022-09-01,08,AMESDST_1_N001,AMESDST_1_N001,AMESDST_1_N001,RTPD,MCL,LMP_LOSS_PRC,AMESDST_1_N001,ALL,1,4.92227,1,4
2022-09-01T15:00:00-00:00,2022-09-01T15:15:00-00:00,2022-09-01,09,AMESDST_1_N001,AMESDST_1_N001,AMESDST_1_N001,RTPD,MCL,LMP_LOSS_PRC,AMESDST_1_N001,ALL,1,0,1,4
2022-09-01T16:00:00-00:00,2022-09-01T16:15:00-00:00,2022-09-01,10,AMESDST_1_N001,AMESDST_1_N001,AMESDST_1_N001,RTPD,MCL,LMP_LOSS_PRC,AMESDST_1_N001,ALL,1,0,1,4
2022-09-01T17:00:00-00:00,2022-09-01T17:15:00-00:00,2022-09-01,11,AMESDST_1_N001,AMESDST_1_N001,AMESDST_1_N001,RTPD,MCL,LMP_LOSS_PRC,AMESDST_1_N001,ALL,1,0,1,4
2022-09-01T18:00:00-00:00,2022-09-01T18:15:00-00:00,2022-09-01,12,AMESDST_1_N001,AMESDST_1_N001,AMESDST_1_N001,RTPD,MCL,LMP_LOSS_PRC,AMESDST_1_N001,ALL,1,0,1,4
2022-09-01T19:00:00-00:00,2022-09-01T19:15:00-00:00,2022-09-01,13,AMESDST_1_N001,AMESDST_1_N001,AMESDST_1_N001,RTPD,MCL,LMP_LOSS_PRC,AMESDST_1_N001,ALL,1,0,1,4
2022-09-01T20:00:00-00:00,2022-09-01T20:15:00-00:00,2022-09-01,14,AMESDST_1_N001,AMESDST_1_N001,AMESDST_1_N001,RTPD,MCL,LMP_LOSS_PRC,AMESDST_1_N001,ALL,1,0,1,4
2022-09-01T21:00:00-00:00,2022-09-01T21:15:00-00:00,2022-09-01,15,AMESDST_1_N001,AMESDST_1_N001,AMESDST_1_N001,RTPD,MCL,LMP_LOSS_PRC,AMESDST_1_N001,ALL,1,0,1,4
2022-09-01T22:00:00-00:00,2022-09-01T22:15:00-00:00,2022-09-01,16,AMESDST_1_N001,AMESDST_1_N001,AMESDST_1_N001,RTPD,MCL,LMP_LOSS_PRC,AMESDST_1_N001,ALL,1,0,1,4
2022-09-01T23:00:00-00:00,2022-09-01T23:15:00-00:00,2022-09-01,17,AMESDST_1_N001,AMESDST_1_N001,AMESDST_1_N001,RTPD,MCL,LMP_LOSS_PRC,AMESDST_1_N001,ALL,1,0,1,4
2022-09-02T00:00:00-00:00,2022-09-02T00:15:00-00:00,2022-09-01,18,AMESDST_1_N001,AMESDST_1_N001,AMESDST_1_N001,RTPD,MCL,LMP_LOSS_PRC,AMESDST_1_N001,ALL,1,55.32774,1,4
2022-09-02T01:00:00-00:00,2022-09-02T01:15:00-00:00,2022-09-01,19,AMESDST_1_N001,AMESDST_1_N001,AMESDST_1_N001,RTPD,MCL,LMP_LOSS_PRC,AMESDST_1_N001,ALL,1,0,1,4
2022-09-02T02:00:00-00:00,2022-09-02T02:15:00-00:00,2022-09-01,20,AMESDST_1_N001,AMESDST_1_N001,AMESDST_1_N001,RTPD,MCL,LMP_LOSS_PRC,AMESDST_1_N001,ALL,1,0,1,4
2022-09-02T03:00:00-00:00,2022-09-02T03:15:00-00:00,2022-09-01,21,AMESDST_1_N001,AMESDST_1_N001,AMESDST_1_N001,RTPD,MCL,LMP_LOSS_PRC,AMESDST_1_N001,ALL,1,55.23656,1,4
2022-09-02T04:00:00-00:00,2022-09-02T04:15:00-00:00,2022-09-01,22,AMESDST_1_N001,AMESDST_1_N001,AMESDST_1_N001,RTPD,MCL,LMP_LOSS_PRC,AMESDST_1_N001,ALL,1,10.23585,1,4
2022-09-02T05:00:00-00:00,2022-09-02T05:15:00-00:00,2022-09-01,23,AMESDST_1_N001,AMESDST_1_N001,AMESDST_1_N001,RTPD,MCL,LMP_LOSS_PRC,AMESDST_1_N001,ALL,1,6.74347,1,4
2022-09-02T06:00:00-00:00,2022-09-02T06:15:00-00:00,2022-09-01,24,AMESDST_1_N001,AMESDST_1_N001,AMESDST_1_N001,RTPD,MCL,LMP_LOSS_PRC,AMESDST_1_N001,ALL,1,4.62303,1,4
2022-09-01T07:15:00-00:00,2022-09-01T07:30:00-00:00,2022-09-01,01,AMESDST_1_N001,AMESDST_1_N001,AMESDST_1_N001,RTPD,MCL,LMP_LOSS_PRC,AMESDST_1_N001,ALL,1,0,2,4
2022-09-01T08:15:00-00:00,2022-09-01T08:30:00-00:00,2022-09-01,02,AMESDST_1_N001,AMESDST_1_N001,AMESDST_1_N001,RTPD,MCL,LMP_LOSS_PRC,AMESDST_1_N001,ALL,1,0,2,4
2022-09-01T09:15:00-00:00,2022-09-01T09:30:00-00:00,2022-09-01,03,AMESDST_1_N001,AMESDST_1_N001,AMESDST_1_N001,RTPD,MCL,LMP_LOSS_PRC,AMESDST_1_N001,ALL,1,2.31018,2,4
2022-09-01T10:15:00-00:00,2022-09-01T10:30:00-00:00,2022-09-01,04,AMESDST_1_N001,AMESDST_1_N001,AMESDST_1_N001,RTPD,MCL,LMP_LOSS_PRC,AMESDST_1_N001,ALL,1,2.57068,2,4
2022-09-01T11:15:00-00:00,2022-09-01T11:30:00-00:00,2022-09-01,05,AMESDST_1_N001,AMESDST_1_N001,AMESDST_1_N001,RTPD,MCL,LMP_LOSS_PRC,AMESDST_1_N001,ALL,1,2.7319,2,4
2022-09-01T12:15:00-00:00,2022-09-01T12:30:00-00:00,2022-09-01,06,AMESDST_1_N001,AMESDST_1_N001,AMESDST_1_N001,RTPD,MCL,LMP_LOSS_PRC,AMESDST_1_N001,ALL,1,2.68932,2,4
2022-09-01T13:15:00-00:00,2022-09-01T13:30:00-00:00,2022-09-01,07,AMESDST_1_N001,AMESDST_1_N001,AMESDST_1_N001,RTPD,MCL,LMP_LOSS_PRC,AMESDST_1_N001,ALL,1,2.95202,2,4
2022-09-01T14:15:00-00:00,2022-09-01T14:30:00-00:00,2022-09-01,08,AMESDST_1_N001,AMESDST_1_N001,AMESDST_1_N001,RTPD,MCL,LMP_LOSS_PRC,AMESDST_1_N001,ALL,1,4.43251,2,4
2022-09-01T15:15:00-00:00,2022-09-01T15:30:00-00:00,2022-09-01,09,AMESDST_1_N001,AMESDST_1_N001,AMESDST_1_N001,RTPD,MCL,LMP_LOSS_PRC,AMESDST_1_N001,ALL,1,0,2,4
2022-09-01T16:15:00-00:00,2022-09-01T16:30:00-00:00,2022-09-01,10,AMESDST_1_N001,AMESDST_1_N001,AMESDST_1_N001,RTPD,MCL,LMP_LOSS_PRC,AMESDST_1_N001,ALL,1,0,2,4
2022-09-01T17:15:00-00:00,2022-09-01T17:30:00-00:00,2022-09-01,11,AMESDST_1_N001,AMESDST_1_N001,AMESDST_1_N001,RTPD,MCL,LMP_LOSS_PRC,AMESDST_1_N001,ALL,1,0,2,4
2022-09-01T18:15:00-00:00,2022-09-01T18:30:00-00:00,2022-09-01,12,AMESDST_1_N001,AMESDST_1_N001,AMESDST_1_N001,RTPD,MCL,LMP_LOSS_PRC,AMESDST_1_N001,ALL,1,0,2,4
2022-09-01T19:15:00-00:00,2022-09-01T19:30:00-00:00,2022-09-01,13,AMESDST_1_N001,AMESDST_1_N001,AMESDST_1_N001,RTPD,MCL,LMP_LOSS_PRC,AMESDST_1_N001,ALL,1,0,2,4
2022-09-01T20:15:00-00:00,2022-09-01T20:30:00-00:00,2022-09-01,14,AMESDST_1_N001,AMESDST_1_N001,AMESDST_1_N001,RTPD,MCL,LMP_LOSS_PRC,AMESDST_1_N001,ALL,1,0,2,4
2022-09-01T21:15:00-00:00,2022-09-01T21:30:00-00:00,2022-09-01,15,AMESDST_1_N001,AMESDST_1_N001,AMESDST_1_N001,RTPD,MCL,LMP_LOSS_PRC,AMESDST_1_N001,ALL,1,0,2,4
2022-09-01T22:15:00-00:00,2022-09-01T22:30:00-00:00,2022-09-01,16,AMESDST_1_N001,AMESDST_1_N001,AMESDST_1_N001,RTPD,MCL,LMP_LOSS_PRC,AMESDST_1_N001,ALL,1,0,2,4
2022-09-01T23:15:00-00:00,2022-09-01T23:30:00-00:00,2022-09-01,17,AMESDST_1_N001,AMESDST_1_N001,AMESDST_1_N001,RTPD,MCL,LMP_LOSS_PRC,AMESDST_1_N001,ALL,1,0,2,4
2022-09-02T00:15:00-00:00,2022-09-02T00:30:00-00:00,2022-09-01,18,AMESDST_1_N001,AMESDST_1_N001,AMESDST_1_N001,RTPD,MCL,LMP_LOSS_PRC,AMESDST_1_N001,ALL,1,48.31615,2,4
2022-09-02T01:15:00-00:00,2022-09-02T01:30:00-00:00,2022-09-01,19,AMESDST_1_N001,AMESDST_1_N001,AMESDST_1_N001,RTPD,MCL,LMP_LOSS_PRC,AMESDST_1_N001,ALL,1,0,2,4
2022-09-02T02:15:00-00:00,2022-09-02T02:30:00-00:00,2022-09-01,20,AMESDST_1_N001,AMESDST_1_N001,AMESDST_1_N001,RTPD,MCL,LMP_LOSS_PRC,AMESDST_1_N001,ALL,1,0,2,4
2022-09-02T03:15:00-00:00,2022-09-02T03:30:00-00:00,2022-09-01,21,AMESDST_1_N001,AMESDST_1_N001,AMESDST_1_N001,RTPD,MCL,LMP_LOSS_PRC,AMESDST_1_N001,ALL,1,23.67125,2,4
2022-09-02T04:15:00-00:00,2022-09-02T04:30:00-00:00,2022-09-01,22,AMESDST_1_N001,AMESDST_1_N001,AMESDST_1_N001,RTPD,MCL,LMP_LOSS_PRC,AMESDST_1_N001,ALL,1,8.38319,2,4
2022-09-02T05:15:00-00:00,2022-09-02T05:30:00-00:00,2022-09-01,23,AMESDST_1_N001,AMESDST_1_N001,AMESDST_1_N001,RTPD,MCL,LMP_LOSS_PRC,AMESDST_1_N001,ALL,1,5.20067,2,4
2022-09-02T06:15:00-00:00,2022-09-02T06:30:00-00:00,2022-09-01,24,AMESDST_1_N001,AMESDST_1_N001,AMESDST_1_N001,RTPD,MCL,LMP_LOSS_PRC,AMESDST_1_N001,ALL,1,3.00511,2,4
2022-09-01T07:30:00-00:00,2022-09-01T07:45:00-00:00,2022-09-01,01,AMESDST_1_N001,AMESDST_1_N001,AMESDST_1_N001,RTPD,MCL,LMP_LOSS_PRC,AMESDST_1_N001,ALL,1,0,3,4
2022-09-01T08:30:00-00:00,2022-09-01T08:45:00-00:00,2022-09-01,02,AMESDST_1_N001,AMESDST_1_N001,AMESDST_1_N001,RTPD,MCL,LMP_LOSS_PRC,AMESDST_1_N001,ALL,1,2.7667,3,4
2022-09-01T09:30:00-00:00,2022-09-01T09:45:00-00:00,2022-09-01,03,AMESDST_1_N001,AMESDST_1_N001,AMESDST_1_N001,RTPD,MCL,LMP_LOSS_PRC,AMESDST_1_N001,ALL,1,2.13994,3,4
2022-09-01T10:30:00-00:00,2022-09-01T10:45:00-00:00,2022-09-01,04,AMESDST_1_N001,AMESDST_1_N001,AMESDST_1_N001,RTPD,MCL,LMP_LOSS_PRC,AMESDST_1_N001,ALL,1,2.62105,3,4
2022-09-01T11:30:00-00:00,2022-09-01T11:45:00-00:00,2022-09-01,05,AMESDST_1_N001,AMESDST_1_N001,AMESDST_1_N001,RTPD,MCL,LMP_LOSS_PRC,AMESDST_1_N001,ALL,1,2.88574,3,4
2022-09-01T12:30:00-00:00,2022-09-01T12:45:00-00:00,2022-09-01,06,AMESDST_1_N001,AMESDST_1_N001,AMESDST_1_N001,RTPD,MCL,LMP_LOSS_PRC,AMESDST_1_N001,ALL,1,2.86207,3,4
2022-09-01T13:30:00-00:00,2022-09-01T13:45:00-00:00,2022-09-01,07,AMESDST_1_N001,AMESDST_1_N001,AMESDST_1_N001,RTPD,MCL,LMP_LOSS_PRC,AMESDST_1_N001,ALL,1,3.21178,3,4
2022-09-01T14:30:00-00:00,2022-09-01T14:45:00-00:00,2022-09-01,08,AMESDST_1_N001,AMESDST_1_N001,AMESDST_1_N001,RTPD,MCL,LMP_LOSS_PRC,AMESDST_1_N001,ALL,1,4.55199,3,4
2022-09-01T15:30:00-00:00,2022-09-01T15:45:00-00:00,2022-09-01,09,AMESDST_1_N001,AMESDST_1_N001,AMESDST_1_N001,RTPD,MCL,LMP_LOSS_PRC,AMESDST_1_N001,ALL,1,0,3,4
2022-09-01T16:30:00-00:00,2022-09-01T16:45:00-00:00,2022-09-01,10,AMESDST_1_N001,AMESDST_1_N001,AMESDST_1_N001,RTPD,MCL,LMP_LOSS_PRC,AMESDST_1_N001,ALL,1,0,3,4
2022-09-01T17:30:00-00:00,2022-09-01T17:45:00-00:00,2022-09-01,11,AMESDST_1_N001,AMESDST_1_N001,AMESDST_1_N001,RTPD,MCL,LMP_LOSS_PRC,AMESDST_1_N001,ALL,1,0,3,4
2022-09-01T18:30:00-00:00,2022-09-01T18:45:00-00:00,2022-09-01,12,AMESDST_1_N001,AMESDST_1_N001,AMESDST_1_N001,RTPD,MCL,LMP_LOSS_PRC,AMESDST_1_N001,ALL,1,0,3,4
2022-09-01T19:30:00-00:00,2022-09-01T19:45:00-00:00,2022-09-01,13,AMESDST_1_N001,AMESDST_1_N001,AMESDST_1_N001,RTPD,MCL,LMP_LOSS_PRC,AMESDST_1_N001,ALL,1,0,3,4
2022-09-01T20:30:00-00:00,2022-09-01T20:45:00-00:00,2022-09-01,14,AMESDST_1_N001,AMESDST_1_N001,AMESDST_1_N001,RTPD,MCL,LMP_LOSS_PRC,AMESDST_1_N001,ALL,1,0,3,4
2022-09-01T21:30:00-00:00,2022-09-01T21:45:00-00:00,2022-09-01,15,AMESDST_1_N001,AMESDST_1_N001,AMESDST_1_N001,RTPD,MCL,LMP_LOSS_PRC,AMESDST_1_N001,ALL,1,0,3,4
2022-09-01T22:30:00-00:00,2022-09-01T22:45:00-00:00,2022-09-01,16,AMESDST_1_N001,AMESDST_1_N001,AMESDST_1_N001,RTPD,MCL,LMP_LOSS_PRC,AMESDST_1_N001,ALL,1,0,3,4
2022-09-01T23:30:00-00:00,2022-09-01T23:45:00-00:00,2022-09-01,17,AMESDST_1_N001,AMESDST_1_N001,AMESDST_1_N001,RTPD,MCL,LMP_LOSS_PRC,AMESDST_1_N001,ALL,1,0,3,4
2022-09-02T00:30:00-00:00,2022-09-02T00:45:00-00:00,2022-09-01,18,AMESDST_1_N001,AMESDST_1_N001,AMESDST_1_N001,RTPD,MCL,LMP_LOSS_PRC,AMESDST_1_N001,ALL,1,0,3,4
2022-09-02T01:30:00-00:00,2022-09-02T01:45:00-00:00,2022-09-01,19,AMESDST_1_N001,AMESDST_1_N001,AMESDST_1_N001,RTPD,MCL,LMP_LOSS_PRC,AMESDST_1_N001,ALL,1,0,3,4
2022-09-02T02:30:00-00:00,2022-09-02T02:45:00-00:00,2022-09-01,20,AMESDST_1_N001,AMESDST_1_N001,AMESDST_1_N001,RTPD,MCL,LMP_LOSS_PRC,AMESDST_1_N001,ALL,1,0,3,4
2022-09-02T03:30:00-00:00,2022-09-02T03:45:00-00:00,2022-09-01,21,AMESDST_1_N001,AMESDST_1_N001,AMESDST_1_N001,RTPD,MCL,LMP_LOSS_PRC,AMESDST_1_N001,ALL,1,10.97315,3,4
2022-09-02T04:30:00-00:00,2022-09-02T04:45:00-00:00,2022-09-01,22,AMESDST_1_N001,AMESDST_1_N001,AMESDST_1_N001,RTPD,MCL,LMP_LOSS_PRC,AMESDST_1_N001,ALL,1,5.02286,3,4
2022-09-02T05:30:00-00:00,2022-09-02T05:45:00-00:00,2022-09-01,23,AMESDST_1_N001,AMESDST_1_N001,AMESDST_1_N001,RTPD,MCL,LMP_LOSS_PRC,AMESDST_1_N001,ALL,1,3.96415,3,4
2022-09-02T06:30:00-00:00,2022-09-02T06:45:00-00:00,2022-09-01,24,AMESDST_1_N001,AMESDST_1_N001,AMESDST_1_N001,RTPD,MCL,LMP_LOSS_PRC,AMESDST_1_N001,ALL,1,3.54715,3,4
2022-09-01T07:45:00-00:00,2022-09-01T08:00:00-00:00,2022-09-01,01,AMESDST_1_N001,AMESDST_1_N001,AMESDST_1_N001,RTPD,MCL,LMP_LOSS_PRC,AMESDST_1_N001,ALL,1,0,4,4
2022-09-01T08:45:00-00:00,2022-09-01T09:00:00-00:00,2022-09-01,02,AMESDST_1_N001,AMESDST_1_N001,AMESDST_1_N001,RTPD,MCL,LMP_LOSS_PRC,AMESDST_1_N001,ALL,1,2.30054,4,4
2022-09-01T09:45:00-00:00,2022-09-01T10:00:00-00:00,2022-09-01,03,AMESDST_1_N001,AMESDST_1_N001,AMESDST_1_N001,RTPD,MCL,LMP_LOSS_PRC,AMESDST_1_N001,ALL,1,2.1061,4,4
2022-09-01T10:45:00-00:00,2022-09-01T11:00:00-00:00,2022-09-01,04,AMESDST_1_N001,AMESDST_1_N001,AMESDST_1_N001,RTPD,MCL,LMP_LOSS_PRC,AMESDST_1_N001,ALL,1,2.48166,4,4
2022-09-01T11:45:00-00:00,2022-09-01T12:00:00-00:00,2022-09-01,05,AMESDST_1_N001,AMESDST_1_N001,AMESDST_1_N001,RTPD,MCL,LMP_LOSS_PRC,AMESDST_1_N001,ALL,1,0,4,4
2022-09-01T12:45:00-00:00,2022-09-01T13:00:00-00:00,2022-09-01,06,AMESDST_1_N001,AMESDST_1_N001,AMESDST_1_N001,RTPD,MCL,LMP_LOSS_PRC,AMESDST_1_N001,ALL,1,0,4,4
2022-09-01T13:45:00-00:00,2022-09-01T14:00:00-00:00,2022-09-01,07,AMESDST_1_N001,AMESDST_1_N001,AMESDST_1_N001,RTPD,MCL,LMP_LOSS_PRC,AMESDST_1_N001,ALL,1,0,4,4
2022-09-01T14:45:00-00:00,2022-09-01T15:00:00-00:00,2022-09-01,08,AMESDST_1_N001,AMESDST_1_N001,AMESDST_1_N001,RTPD,MCL,LMP_LOSS_PRC,AMESDST_1_N001,ALL,1,0,4,4
2022-09-01T15:45:00-00:00,2022-09-01T16:00:00-00:00,2022-09-01,09,AMESDST_1_N001,AMESDST_1_N001,AMESDST_1_N001,RTPD,MCL,LMP_LOSS_PRC,AMESDST_1_N001,ALL,1,0,4,4
2022-09-01T16:45:00-00:00,2022-09-01T17:00:00-00:00,2022-09-01,10,AMESDST_1_N001,AMESDST_1_N001,AMESDST_1_N001,RTPD,MCL,LMP_LOSS_PRC,AMESDST_1_N001,ALL,1,0,4,4
2022-09-01T17:45:00-00:00,2022-09-01T18:00:00-00:00,2022-09-01,11,AMESDST_1_N001,AMESDST_1_N001,AMESDST_1_N001,RTPD,MCL,LMP_LOSS_PRC,AMESDST_1_N001,ALL,1,0,4,4
2022-09-01T18:45:00-00:00,2022-09-01T19:00:00-00:00,2022-09-01,12,AMESDST_1_N001,AMESDST_1_N001,AMESDST_1_N001,RTPD,MCL,LMP_LOSS_PRC,AMESDST_1_N001,ALL,1,0,4,4
2022-09-01T19:45:00-00:00,2022-09-01T20:00:00-00:00,2022-09-01,13,AMESDST_1_N001,AMESDST_1_N001,AMESDST_1_N001,RTPD,MCL,LMP_LOSS_PRC,AMESDST_1_N001,ALL,1,0,4,4
2022-09-01T20:45:00-00:00,2022-09-01T21:00:00-00:00,2022-09-01,14,AMESDST_1_N001,AMESDST_1_N001,AMESDST_1_N001,RTPD,MCL,LMP_LOSS_PRC,AMESDST_1_N001,ALL,1,0,4,4
2022-09-01T21:45:00-00:00,2022-09-01T22:00:00-00:00,2022-09-01,15,AMESDST_1_N001,AMESDST_1_N001,AMESDST_1_N001,RTPD,MCL,LMP_LOSS_PRC,AMESDST_1_N001,ALL,1,0,4,4
2022-09-01T22:45:00-00:00,2022-09-01T23:00:00-00:00,2022-09-01,16,AMESDST_1_N001,AMESDST_1_N001,AMESDST_1_N001,RTPD,MCL,LMP_LOSS_PRC,AMESDST_1_N001,ALL,1,0,4,4
2022-09-01T23:45:00-00:00,2022-09-02T00:00:00-00:00,2022-09-01,17,AMESDST_1_N001,AMESDST_1_N001,AMESDST_1_N001,RTPD,MCL,LMP_LOSS_PRC,AMESDST_1_N001,ALL,1,0,4,4
2022-09-02T00:45:00-00:00,2022-09-02T01:00:00-00:00,2022-09-01,18,AMESDST_1_N001,AMESDST_1_N001,AMESDST_1_N001,RTPD,MCL,LMP_LOSS_PRC,AMESDST_1_N001,ALL,1,0,4,4
2022-09-02T01:45:00-00:00,2022-09-02T02:00:00-00:00,2022-09-01,19,AMESDST_1_N001,AMESDST_1_N001,AMESDST_1_N001,RTPD,MCL,LMP_LOSS_PRC,AMESDST_1_N001,ALL,1,0,4,4
2022-09-02T02:45:00-00:00,2022-09-02T03:00:00-00:00,2022-09-01,20,AMESDST_1_N001,AMESDST_1_N001,AMESDST_1_N001,RTPD,MCL,LMP_LOSS_PRC,AMESDST_1_N001,ALL,1,113.91053,4,4
2022-09-02T03:45:00-00:00,2022-09-02T04:00:00-00:00,2022-09-01,21,AMESDST_1_N001,AMESDST_1_N001,AMESDST_1_N001,RTPD,MCL,LMP_LOSS_PRC,AMESDST_1_N001,ALL,1,7.15565,4,4
2022-09-02T04:45:00-00:00,2022-09-02T05:00:00-00:00,2022-09-01,22,AMESDST_1_N001,AMESDST_1_N001,AMESDST_1_N001,RTPD,MCL,LMP_LOSS_PRC,AMESDST_1_N001,ALL,1,3.82826,4,4
2022-09-02T05:45:00-00:00,2022-09-02T06:00:00-00:00,2022-09-01,23,AMESDST_1_N001,AMESDST_1_N001,AMESDST_1_N001,RTPD,MCL,LMP_LOSS_PRC,AMESDST_1_N001,ALL,1,3.57029,4,4
2022-09-02T06:45:00-00:00,2022-09-02T07:00:00-00:00,2022-09-01,24,AMESDST_1_N001,AMESDST_1_N001,AMESDST_1_N001,RTPD,MCL,LMP_LOSS_PRC,AMESDST_1_N001,ALL,1,3.39622,4,4
2022-09-01T07:00:00-00:00,2022-09-01T07:15:00-00:00,2022-09-01,01,AMESDST_1_N001,AMESDST_1_N001,AMESDST_1_N001,RTPD,MGHG,LMP_GHG_PRC,AMESDST_1_N001,ALL,1,0,1,5
2022-09-01T08:00:00-00:00,2022-09-01T08:15:00-00:00,2022-09-01,02,AMESDST_1_N001,AMESDST_1_N001,AMESDST_1_N001,RTPD,MGHG,LMP_GHG_PRC,AMESDST_1_N001,ALL,1,0,1,5
2022-09-01T09:00:00-00:00,2022-09-01T09:15:00-00:00,2022-09-01,03,AMESDST_1_N001,AMESDST_1_N001,AMESDST_1_N001,RTPD,MGHG,LMP_GHG_PRC,AMESDST_1_N001,ALL,1,0,1,5
2022-09-01T10:00:00-00:00,2022-09-01T10:15:00-00:00,2022-09-01,04,AMESDST_1_N001,AMESDST_1_N001,AMESDST_1_N001,RTPD,MGHG,LMP_GHG_PRC,AMESDST_1_N001,ALL,1,0,1,5
2022-09-01T11:00:00-00:00,2022-09-01T11:15:00-00:00,2022-09-01,05,AMESDST_1_N001,AMESDST_1_N001,AMESDST_1_N001,RTPD,MGHG,LMP_GHG_PRC,AMESDST_1_N001,ALL,1,0,1,5
2022-09-01T12:00:00-00:00,2022-09-01T12:15:00-00:00,2022-09-01,06,AMESDST_1_N001,AMESDST_1_N001,AMESDST_1_N001,RTPD,MGHG,LMP_GHG_PRC,AMESDST_1_N001,ALL,1,0,1,5
2022-09-01T13:00:00-00:00,2022-09-01T13:15:00-00:00,2022-09-01,07,AMESDST_1_N001,AMESDST_1_N001,AMESDST_1_N001,RTPD,MGHG,LMP_GHG_PRC,AMESDST_1_N001,ALL,1,0,1,5
2022-09-01T14:00:00-00:00,2022-09-01T14:15:00-00:00,2022-09-01,08,AMESDST_1_N001,AMESDST_1_N001,AMESDST_1_N001,RTPD,MGHG,LMP_GHG_PRC,AMESDST_1_N001,ALL,1,0,1,5
2022-09-01T15:00:00-00:00,2022-09-01T15:15:00-00:00,2022-09-01,09,AMESDST_1_N001,AMESDST_1_N001,AMESDST_1_N001,RTPD,MGHG,LMP_GHG_PRC,AMESDST_1_N001,ALL,1,0,1,5
2022-09-01T16:00:00-00:00,2022-09-01T16:15:00-00:00,2022-09-01,10,AMESDST_1_N001,AMESDST_1_N001,AMESDST_1_N001,RTPD,MGHG,LMP_GHG_PRC,AMESDST_1_N001,ALL,1,0,1,5
2022-09-01T17:00:00-00:00,2022-09-01T17:15:00-00:00,2022-09-01,11,AMESDST_1_N001,AMESDST_1_N001,AMESDST_1_N001,RTPD,MGHG,LMP_GHG_PRC,AMESDST_1_N001,ALL,1,0,1,5
2022-09-01T18:00:00-00:00,2022-09-01T18:15:00-00:00,2022-09-01,12,AMESDST_1_N001,AMESDST_1_N001,AMESDST_1_N001,RTPD,MGHG,LMP_GHG_PRC,AMESDST_1_N001,ALL,1,0,1,5
2022-09-01T19:00:00-00:00,2022-09-01T19:15:00-00:00,2022-09-01,13,AMESDST_1_N001,AMESDST_1_N001,AMESDST_1_N001,RTPD,MGHG,LMP_GHG_PRC,AMESDST_1_N001,ALL,1,0,1,5
2022-09-01T20:00:00-00:00,2022-09-01T20:15:00-00:00,2022-09-01,14,AMESDST_1_N001,AMESDST_1_N001,AMESDST_1_N001,RTPD,MGHG,LMP_GHG_PRC,AMESDST_1_N001,ALL,1,0,1,5
2022-09-01T21:00:00-00:00,2022-09-01T21:15:00-00:00,2022-09-01,15,AMESDST_1_N001,AMESDST_1_N001,AMESDST_1_N001,RTPD,MGHG,LMP_GHG_PRC,AMESDST_1_N001,ALL,1,0,1,5
2022-09-01T22:00:00-00:00,2022-09-01T22:15:00-00:00,2022-09-01,16,AMESDST_1_N001,AMESDST_1_N001,AMESDST_1_N001,RTPD,MGHG,LMP_GHG_PRC,AMESDST_1_N001,ALL,1,0,1,5
2022-09-01T23:00:00-00:00,2022-09-01T23:15:00-00:00,2022-09-01,17,AMESDST_1_N001,AMESDST_1_N001,AMESDST_1_N001,RTPD,MGHG,LMP_GHG_PRC,AMESDST_1_N001,ALL,1,0,1,5
2022-09-02T00:00:00-00:00,2022-09-02T00:15:00-00:00,2022-09-01,18,AMESDST_1_N001,AMESDST_1_N001,AMESDST_1_N001,RTPD,MGHG,LMP_GHG_PRC,AMESDST_1_N001,ALL,1,0,1,5
2022-09-02T01:00:00-00:00,2022-09-02T01:15:00-00:00,2022-09-01,19,AMESDST_1_N001,AMESDST_1_N001,AMESDST_1_N001,RTPD,MGHG,LMP_GHG_PRC,AMESDST_1_N001,ALL,1,0,1,5
2022-09-02T02:00:00-00:00,2022-09-02T02:15:00-00:00,2022-09-01,20,AMESDST_1_N001,AMESDST_1_N001,AMESDST_1_N001,RTPD,MGHG,LMP_GHG_PRC,AMESDST_1_N001,ALL,1,0,1,5
2022-09-02T03:00:00-00:00,2022-09-02T03:15:00-00:00,2022-09-01,21,AMESDST_1_N001,AMESDST_1_N001,AMESDST_1_N001,RTPD,MGHG,LMP_GHG_PRC,AMESDST_1_N001,ALL,1,0,1,5
2022-09-02T04:00:00-00:00,2022-09-02T04:15:00-00:00,2022-09-01,22,AMESDST_1_N001,AMESDST_1_N001,AMESDST_1_N001,RTPD,MGHG,LMP_GHG_PRC,AMESDST_1_N001,ALL,1,0,1,5
2022-09-02T05:00:00-00:00,2022-09-02T05:15:00-00:00,2022-09-01,23,AMESDST_1_N001,AMESDST_1_N001,AMESDST_1_N001,RTPD,MGHG,LMP_GHG_PRC,AMESDST_1_N001,ALL,1,0,1,5
2022-09-02T06:00:00-00:00,2022-09-02T06:15:00-00:00,2022-09-01,24,AMESDST_1_N001,AMESDST_1_N001,AMESDST_1_N001,RTPD,MGHG,LMP_GHG_PRC,AMESDST_1_N001,ALL,1,0,1,5
2022-09-01T07:15:00-00:00,2022-09-01T07:30:00-00:00,2022-09-01,01,AMESDST_1_N001,AMESDST_1_N001,AMESDST_1_N001,RTPD,MGHG,LMP_GHG_PRC,AMESDST_1_N001,ALL,1,0,2,5
2022-09-01T08:15:00-00:00,2022-09-01T08:30:00-00:00,2022-09-01,02,AMESDST_1_N001,AMESDST_1_N001,AMESDST_1_N001,RTPD,MGHG,LMP_GHG_PRC,AMESDST_1_N001,ALL,1,0,2,5
2022-09-01T09:15:00-00:00,2022-09-01T09:30:00-00:00,2022-09-01,03,AMESDST_1_N001,AMESDST_1_N001,AMESDST_1_N001,RTPD,MGHG,LMP_GHG_PRC,AMESDST_1_N001,ALL,1,0,2,5
2022-09-01T10:15:00-00:00,2022-09-01T10:30:00-00:00,2022-09-01,04,AMESDST_1_N001,AMESDST_1_N001,AMESDST_1_N001,RTPD,MGHG,LMP_GHG_PRC,AMESDST_1_N001,ALL,1,0,2,5
2022-09-01T11:15:00-00:00,2022-09-01T11:30:00-00:00,2022-09-01,05,AMESDST_1_N001,AMESDST_1_N001,AMESDST_1_N001,RTPD,MGHG,LMP_GHG_PRC,AMESDST_1_N001,ALL,1,0,2,5
2022-09-01T12:15:00-00:00,2022-09-01T12:30:00-00:00,2022-09-01,06,AMESDST_1_N001,AMESDST_1_N001,AMESDST_1_N001,RTPD,MGHG,LMP_GHG_PRC,AMESDST_1_N001,ALL,1,0,2,5
2022-09-01T13:15:00-00:00,2022-09-01T13:30:00-00:00,2022-09-01,07,AMESDST_1_N001,AMESDST_1_N001,AMESDST_1_N001,RTPD,MGHG,LMP_GHG_PRC,AMESDST_1_N001,ALL,1,0,2,5
2022-09-01T14:15:00-00:00,2022-09-01T14:30:00-00:00,2022-09-01,08,AMESDST_1_N001,AMESDST_1_N001,AMESDST_1_N001,RTPD,MGHG,LMP_GHG_PRC,AMESDST_1_N001,ALL,1,0,2,5
2022-09-01T15:15:00-00:00,2022-09-01T15:30:00-00:00,2022-09-01,09,AMESDST_1_N001,AMESDST_1_N001,AMESDST_1_N001,RTPD,MGHG,LMP_GHG_PRC,AMESDST_1_N001,ALL,1,0,2,5
2022-09-01T16:15:00-00:00,2022-09-01T16:30:00-00:00,2022-09-01,10,AMESDST_1_N001,AMESDST_1_N001,AMESDST_1_N001,RTPD,MGHG,LMP_GHG_PRC,AMESDST_1_N001,ALL,1,0,2,5
2022-09-01T17:15:00-00:00,2022-09-01T17:30:00-00:00,2022-09-01,11,AMESDST_1_N001,AMESDST_1_N001,AMESDST_1_N001,RTPD,MGHG,LMP_GHG_PRC,AMESDST_1_N001,ALL,1,0,2,5
2022-09-01T18:15:00-00:00,2022-09-01T18:30:00-00:00,2022-09-01,12,AMESDST_1_N001,AMESDST_1_N001,AMESDST_1_N001,RTPD,MGHG,LMP_GHG_PRC,AMESDST_1_N001,ALL,1,0,2,5
2022-09-01T19:15:00-00:00,2022-09-01T19:30:00-00:00,2022-09-01,13,AMESDST_1_N001,AMESDST_1_N001,AMESDST_1_N001,RTPD,MGHG,LMP_GHG_PRC,AMESDST_1_N001,ALL,1,0,2,5
2022-09-01T20:15:00-00:00,2022-09-01T20:30:00-00:00,2022-09-01,14,AMESDST_1_N001,AMESDST_1_N001,AMESDST_1_N001,RTPD,MGHG,LMP_GHG_PRC,AMESDST_1_N001,ALL,1,0,2,5
2022-09-01T21:15:00-00:00,2022-09-01T21:30:00-00:00,2022-09-01,15,AMESDST_1_N001,AMESDST_1_N001,AMESDST_1_N001,RTPD,MGHG,LMP_GHG_PRC,AMESDST_1_N001,ALL,1,0,2,5
2022-09-01T22:15:00-00:00,2022-09-01T22:30:00-00:00,2022-09-01,16,AMESDST_1_N001,AMESDST_1_N001,AMESDST_1_N001,RTPD,MGHG,LMP_GHG_PRC,AMESDST_1_N001,ALL,1,0,2,5
2022-09-01T23:15:00-00:00,2022-09-01T23:30:00-00:00,2022-09-01,17,AMESDST_1_N001,AMESDST_1_N001,AMESDST_1_N001,RTPD,MGHG,LMP_GHG_PRC,AMESDST_1_N001,ALL,1,0,2,5
2022-09-02T00:15:00-00:00,2022-09-02T00:30:00-00:00,2022-09-01,18,AMESDST_1_N001,AMESDST_1_N001,AMESDST_1_N001,RTPD,MGHG,LMP_GHG_PRC,AMESDST_1_N001,ALL,1,0,2,5
2022-09-02T01:15:00-00:00,2022-09-02T01:30:00-00:00,2022-09-01,19,AMESDST_1_N001,AMESDST_1_N001,AMESDST_1_N001,RTPD,MGHG,LMP_GHG_PRC,AMESDST_1_N001,ALL,1,0,2,5
2022-09-02T02:15:00-00:00,2022-09-02T02:30:00-00:00,2022-09-01,20,AMESDST_1_N001,AMESDST_1_N001,AMESDST_1_N001,RTPD,MGHG,LMP_GHG_PRC,AMESDST_1_N001,ALL,1,0,2,5
2022-09-02T03:15:00-00:00,2022-09-02T03:30:00-00:00,2022-09-01,21,AMESDST_1_N001,AMESDST_1_N001,AMESDST_1_N001,RTPD,MGHG,LMP_GHG_PRC,AMESDST_1_N001,ALL,1,0,2,5
2022-09-02T04:15:00-00:00,2022-09-02T04:30:00-00:00,2022-09-01,22,AMESDST_1_N001,AMESDST_1_N001,AMESDST_1_N001,RTPD,MGHG,LMP_GHG_PRC,AMESDST_1_N001,ALL,1,0,2,5
2022-09-02T05:15:00-00:00,2022-09-02T05:30:00-00:00,2022-09-01,23,AMESDST_1_N001,AMESDST_1_N001,AMESDST_1_N001,RTPD,MGHG,LMP_GHG_PRC,AMESDST_1_N001,ALL,1,0,2,5
2022-09-02T06:15:00-00:00,2022-09-02T06:30:00-00:00,2022-09-01,24,AMESDST_1_N001,AMESDST_1_N001,AMESDST_1_N001,RTPD,MGHG,LMP_GHG_PRC,AMESDST_1_N001,ALL,1,0,2,5
2022-09-01T07:30:00-00:00,2022-09-01T07:45:00-00:00,2022-09-01,01,AMESDST_1_N001,AMESDST_1_N001,AMESDST_1_N001,RTPD,MGHG,LMP_GHG_PRC,AMESDST_1_N001,ALL,1,0,3,5
2022-09-01T08:30:00-00:00,2022-09-01T08:45:00-00:00,2022-09-01,02,AMESDST_1_N001,AMESDST_1_N001,AMESDST_1_N001,RTPD,MGHG,LMP_GHG_PRC,AMESDST_1_N001,ALL,1,0,3,5
2022-09-01T09:30:00-00:00,2022-09-01T09:45:00-00:00,2022-09-01,03,AMESDST_1_N001,AMESDST_1_N001,AMESDST_1_N001,RTPD,MGHG,LMP_GHG_PRC,AMESDST_1_N001,ALL,1,0,3,5
2022-09-01T10:30:00-00:00,2022-09-01T10:45:00-00:00,2022-09-01,04,AMESDST_1_N001,AMESDST_1_N001,AMESDST_1_N001,RTPD,MGHG,LMP_GHG_PRC,AMESDST_1_N001,ALL,1,0,3,5
2022-09-01T11:30:00-00:00,2022-09-01T11:45:00-00:00,2022-09-01,05,AMESDST_1_N001,AMESDST_1_N001,AMESDST_1_N001,RTPD,MGHG,LMP_GHG_PRC,AMESDST_1_N001,ALL,1,0,3,5
2022-09-01T12:30:00-00:00,2022-09-01T12:45:00-00:00,2022-09-01,06,AMESDST_1_N001,AMESDST_1_N001,AMESDST_1_N001,RTPD,MGHG,LMP_GHG_PRC,AMESDST_1_N001,ALL,1,0,3,5
2022-09-01T13:30:00-00:00,2022-09-01T13:45:00-00:00,2022-09-01,07,AMESDST_1_N001,AMESDST_1_N001,AMESDST_1_N001,RTPD,MGHG,LMP_GHG_PRC,AMESDST_1_N001,ALL,1,0,3,5
2022-09-01T14:30:00-00:00,2022-09-01T14:45:00-00:00,2022-09-01,08,AMESDST_1_N001,AMESDST_1_N001,AMESDST_1_N001,RTPD,MGHG,LMP_GHG_PRC,AMESDST_1_N001,ALL,1,0,3,5
2022-09-01T15:30:00-00:00,2022-09-01T15:45:00-00:00,2022-09-01,09,AMESDST_1_N001,AMESDST_1_N001,AMESDST_1_N001,RTPD,MGHG,LMP_GHG_PRC,AMESDST_1_N001,ALL,1,0,3,5
2022-09-01T16:30:00-00:00,2022-09-01T16:45:00-00:00,2022-09-01,10,AMESDST_1_N001,AMESDST_1_N001,AMESDST_1_N001,RTPD,MGHG,LMP_GHG_PRC,AMESDST_1_N001,ALL,1,0,3,5
2022-09-01T17:30:00-00:00,2022-09-01T17:45:00-00:00,2022-09-01,11,AMESDST_1_N001,AMESDST_1_N001,AMESDST_1_N001,RTPD,MGHG,LMP_GHG_PRC,AMESDST_1_N001,ALL,1,0,3,5
2022-09-01T18:30:00-00:00,2022-09-01T18:45:00-00:00,2022-09-01,12,AMESDST_1_N001,AMESDST_1_N001,AMESDST_1_N001,RTPD,MGHG,LMP_GHG_PRC,AMESDST_1_N001,ALL,1,0,3,5
2022-09-01T19:30:00-00:00,2022-09-01T19:45:00-00:00,2022-09-01,13,AMESDST_1_N001,AMESDST_1_N001,AMESDST_1_N001,RTPD,MGHG,LMP_GHG_PRC,AMESDST_1_N001,ALL,1,0,3,5
2022-09-01T20:30:00-00:00,2022-09-01T20:45:00-00:00,2022-09-01,14,AMESDST_1_N001,AMESDST_1_N001,AMESDST_1_N001,RTPD,MGHG,LMP_GHG_PRC,AMESDST_1_N001,ALL,1,0,3,5
2022-09-01T21:30:00-00:00,2022-09-01T21:45:00-00:00,2022-09-01,15,AMESDST_1_N001,AMESDST_1_N001,AMESDST_1_N001,RTPD,MGHG,LMP_GHG_PRC,AMESDST_1_N001,ALL,1,0,3,5
2022-09-01T22:30:00-00:00,2022-09-01T22:45:00-00:00,2022-09-01,16,AMESDST_1_N001,AMESDST_1_N001,AMESDST_1_N001,RTPD,MGHG,LMP_GHG_PRC,AMESDST_1_N001,ALL,1,0,3,5
2022-09-01T23:30:00-00:00,2022-09-01T23:45:00-00:00,2022-09-01,17,AMESDST_1_N001,AMESDST_1_N001,AMESDST_1_N001,RTPD,MGHG,LMP_GHG_PRC,AMESDST_1_N001,ALL,1,0,3,5
2022-09-02T00:30:00-00:00,2022-09-02T00:45:00-00:00,2022-09-01,18,AMESDST_1_N001,AMESDST_1_N001,AMESDST_1_N001,RTPD,MGHG,LMP_GHG_PRC,AMESDST_1_N001,ALL,1,0,3,5
2022-09-02T01:30:00-00:00,2022-09-02T01:45:00-00:00,2022-09-01,19,AMESDST_1_N001,AMESDST_1_N001,AMESDST_1_N001,RTPD,MGHG,LMP_GHG_PRC,AMESDST_1_N001,ALL,1,0,3,5
2022-09-02T02:30:00-00:00,2022-09-02T02:45:00-00:00,2022-09-01,20,AMESDST_1_N001,AMESDST_1_N001,AMESDST_1_N001,RTPD,MGHG,LMP_GHG_PRC,AMESDST_1_N001,ALL,1,0,3,5
2022-09-02T03:30:00-00:00,2022-09-02T03:45:00-00:00,2022-09-01,21,AMESDST_1_N001,AMESDST_1_N001,AMESDST_1_N001,RTPD,MGHG,LMP_GHG_PRC,AMESDST_1_N001,ALL,1,0,3,5
2022-09-02T04:30:00-00:00,2022-09-02T04:45:00-00:00,2022-09-01,22,AMESDST_1_N001,AMESDST_1_N001,AMESDST_1_N001,RTPD,MGHG,LMP_GHG_PRC,AMESDST_1_N001,ALL,1,0,3,5
2022-09-02T05:30:00-00:00,2022-09-02T05:45:00-00:00,2022-09-01,23,AMESDST_1_N001,AMESDST_1_N001,AMESDST_1_N001,RTPD,MGHG,LMP_GHG_PRC,AMESDST_1_N001,ALL,1,0,3,5
2022-09-02T06:30:00-00:00,2022-09-02T06:45:00-00:00,2022-09-01,24,AMESDST_1_N001,AMESDST_1_N001,AMESDST_1_N001,RTPD,MGHG,LMP_GHG_PRC,AMESDST_1_N001,ALL,1,0,3,5
2022-09-01T07:45:00-00:00,2022-09-01T08:00:00-00:00,2022-09-01,01,AMESDST_1_N001,AMESDST_1_N001,AMESDST_1_N001,RTPD,MGHG,LMP_GHG_PRC,AMESDST_1_N001,ALL,1,0,4,5
2022-09-01T08:45:00-00:00,2022-09-01T09:00:00-00:00,2022-09-01,02,AMESDST_1_N001,AMESDST_1_N001,AMESDST_1_N001,RTPD,MGHG,LMP_GHG_PRC,AMESDST_1_N001,ALL,1,0,4,5
2022-09-01T09:45:00-00:00,2022-09-01T10:00:00-00:00,2022-09-01,03,AMESDST_1_N001,AMESDST_1_N001,AMESDST_1_N001,RTPD,MGHG,LMP_GHG_PRC,AMESDST_1_N001,ALL,1,0,4,5
2022-09-01T10:45:00-00:00,2022-09-01T11:00:00-00:00,2022-09-01,04,AMESDST_1_N001,AMESDST_1_N001,AMESDST_1_N001,RTPD,MGHG,LMP_GHG_PRC,AMESDST_1_N001,ALL,1,0,4,5
2022-09-01T11:45:00-00:00,2022-09-01T12:00:00-00:00,2022-09-01,05,AMESDST_1_N001,AMESDST_1_N001,AMESDST_1_N001,RTPD,MGHG,LMP_GHG_PRC,AMESDST_1_N001,ALL,1,0,4,5
2022-09-01T12:45:00-00:00,2022-09-01T13:00:00-00:00,2022-09-01,06,AMESDST_1_N001,AMESDST_1_N001,AMESDST_1_N001,RTPD,MGHG,LMP_GHG_PRC,AMESDST_1_N001,ALL,1,0,4,5
2022-09-01T13:45:00-00:00,2022-09-01T14:00:00-00:00,2022-09-01,07,AMESDST_1_N001,AMESDST_1_N001,AMESDST_1_N001,RTPD,MGHG,LMP_GHG_PRC,AMESDST_1_N001,ALL,1,0,4,5
2022-09-01T14:45:00-00:00,2022-09-01T15:00:00-00:00,2022-09-01,08,AMESDST_1_N001,AMESDST_1_N001,AMESDST_1_N001,RTPD,MGHG,LMP_GHG_PRC,AMESDST_1_N001,ALL,1,0,4,5
2022-09-01T15:45:00-00:00,2022-09-01T16:00:00-00:00,2022-09-01,09,AMESDST_1_N001,AMESDST_1_N001,AMESDST_1_N001,RTPD,MGHG,LMP_GHG_PRC,AMESDST_1_N001,ALL,1,0,4,5
2022-09-01T16:45:00-00:00,2022-09-01T17:00:00-00:00,2022-09-01,10,AMESDST_1_N001,AMESDST_1_N001,AMESDST_1_N001,RTPD,MGHG,LMP_GHG_PRC,AMESDST_1_N001,ALL,1,0,4,5
2022-09-01T17:45:00-00:00,2022-09-01T18:00:00-00:00,2022-09-01,11,AMESDST_1_N001,AMESDST_1_N001,AMESDST_1_N001,RTPD,MGHG,LMP_GHG_PRC,AMESDST_1_N001,ALL,1,0,4,5
2022-09-01T18:45:00-00:00,2022-09-01T19:00:00-00:00,2022-09-01,12,AMESDST_1_N001,AMESDST_1_N001,AMESDST_1_N001,RTPD,MGHG,LMP_GHG_PRC,AMESDST_1_N001,ALL,1,0,4,5
2022-09-01T19:45:00-00:00,2022-09-01T20:00:00-00:00,2022-09-01,13,AMESDST_1_N001,AMESDST_1_N001,AMESDST_1_N001,RTPD,MGHG,LMP_GHG_PRC,AMESDST_1_N001,ALL,1,0,4,5
2022-09-01T20:45:00-00:00,2022-09-01T21:00:00-00:00,2022-09-01,14,AMESDST_1_N001,AMESDST_1_N001,AMESDST_1_N001,RTPD,MGHG,LMP_GHG_PRC,AMESDST_1_N001,ALL,1,0,4,5
2022-09-01T21:45:00-00:00,2022-09-01T22:00:00-00:00,2022-09-01,15,AMESDST_1_N001,AMESDST_1_N001,AMESDST_1_N001,RTPD,MGHG,LMP_GHG_PRC,AMESDST_1_N001,ALL,1,0,4,5
2022-09-01T22:45:00-00:00,2022-09-01T23:00:00-00:00,2022-09-01,16,AMESDST_1_N001,AMESDST_1_N001,AMESDST_1_N001,RTPD,MGHG,LMP_GHG_PRC,AMESDST_1_N001,ALL,1,0,4,5
2022-09-01T23:45:00-00:00,2022-09-02T00:00:00-00:00,2022-09-01,17,AMESDST_1_N001,AMESDST_1_N001,AMESDST_1_N001,RTPD,MGHG,LMP_GHG_PRC,AMESDST_1_N001,ALL,1,0,4,5
2022-09-02T00:45:00-00:00,2022-09-02T01:00:00-00:00,2022-09-01,18,AMESDST_1_N001,AMESDST_1_N001,AMESDST_1_N001,RTPD,MGHG,LMP_GHG_PRC,AMESDST_1_N001,ALL,1,0,4,5
2022-09-02T01:45:00-00:00,2022-09-02T02:00:00-00:00,2022-09-01,19,AMESDST_1_N001,AMESDST_1_N001,AMESDST_1_N001,RTPD,MGHG,LMP_GHG_PRC,AMESDST_1_N001,ALL,1,0,4,5
2022-09-02T02:45:00-00:00,2022-09-02T03:00:00-00:00,2022-09-01,20,AMESDST_1_N001,AMESDST_1_N001,AMESDST_1_N001,RTPD,MGHG,LMP_GHG_PRC,AMESDST_1_N001,ALL,1,0,4,5
2022-09-02T03:45:00-00:00,2022-09-02T04:00:00-00:00,2022-09-01,21,AMESDST_1_N001,AMESDST_1_N001,AMESDST_1_N001,RTPD,MGHG,LMP_GHG_PRC,AMESDST_1_N001,ALL,1,0,4,5
2022-09-02T04:45:00-00:00,2022-09-02T05:00:00-00:00,2022-09-01,22,AMESDST_1_N001,AMESDST_1_N001,AMESDST_1_N001,RTPD,MGHG,LMP_GHG_PRC,AMESDST_1_N001,ALL,1,0,4,5
2022-09-02T05:45:00-00:00,2022-09-02T06:00:00-00:00,2022-09-01,23,AMESDST_1_N001,AMESDST_1_N001,AMESDST_1_N001,RTPD,MGHG,LMP_GHG_PRC,AMESDST_1_N001,ALL,1,0,4,5
2022-09-02T06:45:00-00:00,2022-09-02T07:00:00-00:00,2022-09-01,24,AMESDST_1_N001,AMESDST_1_N001,AMESDST_1_N001,RTPD,MGHG,LMP_GHG_PRC,AMESDST_1_N001,ALL,1,0,4,5
