INTERVALSTARTTIME_GMT,INTERVALENDTIME_GMT,OPR_DT,OPR_HR,NODE_ID_XML,NODE_ID,NODE,MARKET_RUN_ID,LMP_TYPE,XML_DATA_ITEM,PNODE_RESMRID,GRP_TYPE,POS,PRC,OPR_INTERVAL,GROUP
2022-09-01T07:00:00-00:00,2022-09-01T07:15:00-00:00,2022-09-01,01,ALHAMBRA_1_N001,ALHAMBRA_1_N001,ALHAMBRA_1_N001,RTPD,LMP,LMP_PRC,ALHAMBRA_1_N001,ALL,1,83.04955,1,1
2022-09-01T08:00:00-00:00,2022-09-01T08:15:00-00:00,2022-09-01,02,ALHAMBRA_1_N001,ALHAMBRA_1_N001,ALHAMBRA_1_N001,RTPD,LMP,LMP_PRC,ALHAMBRA_1_N001,ALL,1,112.19684,1,1
2022-09-01T09:00:00-00:00,2022-09-01T09:15:00-00:00,2022-09-01,03,ALHAMBRA_1_N001,ALHAMBRA_1_N001,ALHAMBRA_1_N001,RTPD,LMP,LMP_PRC,ALHAMBRA_1_N001,ALL,1,96.08706,1,1
2022-09-01T10:00:00-00:00,2022-09-01T10:15:00-00:00,2022-09-01,04,ALHAMBRA_1_N001,ALHAMBRA_1_N001,ALHAMBRA_1_N001,RTPD,LMP,LMP_PRC,ALHAMBRA_1_N001,ALL,1,95.67557,1,1
2022-09-01T11:00:00-00:00,2022-09-01T11:15:00-00:00,2022-09-01,05,ALHAMBRA_1_N001,ALHAMBRA_1_N001,ALHAMBRA_1_N001,RTPD,LMP,LMP_PRC,ALHAMBRA_1_N001,ALL,1,103.58402,1,1
2022-09-01T12:00:00-00:00,2022-09-01T12:15:00-00:00,2022-09-01,06,ALHAMBRA_1_N001,ALHAMBRA_1_N001,ALHAMBRA_1_N001,RTPD,LMP,LMP_PRC,ALHAMBRA_1_N001,ALL,1,87.78964,1,1
2022-09-01T13:00:00-00:00,2022-09-01T13:15:00-00:00,2022-09-01,07,ALHAMBRA_1_N001,ALHAMBRA_1_N001,ALHAMBRA_1_N001,RTPD,LMP,LMP_PRC,ALHAMBRA_1_N001,ALL,1,88.57887,1,1
2022-09-01T14:00:00-00:00,2022-09-01T14:15:00-00:00,2022-09-01,08,ALHAMBRA_1_N001,ALHAMBRA_1_N001,ALHAMBRA_1_N001,RTPD,LMP,LMP_PRC,ALHAMBRA_1_N001,ALL,1,114.43444,1,1
2022-09-01T15:00:00-00:00,2022-09-01T15:15:00-00:00,2022-09-01,09,ALHAMBRA_1_N001,ALHAMBRA_1_N001,ALHAMBRA_1_N001,RTPD,LMP,LMP_PRC,ALHAMBRA_1_N001,ALL,1,97.4112,1,1
2022-09-01T16:00:00-00:00,2022-09-01T16:15:00-00:00,2022-09-01,10,ALHAMBRA_1_N001,ALHAMBRA_1_N001,ALHAMBRA_1_N001,RTPD,LMP,LMP_PRC,ALHAMBRA_1_N001,ALL,1,83.43525,1,1
2022-09-01T17:00:00-00:00,2022-09-01T17:15:00-00:00,2022-09-01,11,ALHAMBRA_1_N001,ALHAMBRA_1_N001,ALHAMBRA_1_N001,RTPD,LMP,LMP_PRC,ALHAMBRA_1_N001,ALL,1,80.21869,1,1
2022-09-01T18:00:00-00:00,2022-09-01T18:15:00-00:00,2022-09-01,12,ALHAMBRA_1_N001,ALHAMBRA_1_N001,ALHAMBRA_1_N001,RTPD,LMP,LMP_PRC,ALHAMBRA_1_N001,ALL,1,59.11223,1,1
2022-09-01T19:00:00-00:00,2022-09-01T19:15:00-00:00,2022-09-01,13,ALHAMBRA_1_N001,ALHAMBRA_1_N001,ALHAMBRA_1_N001,RTPD,LMP,LMP_PRC,ALHAMBRA_1_N001,ALL,1,73.34183,1,1
2022-09-01T20:00:00-00:00,2022-09-01T20:15:00-00:00,2022-09-01,14,ALHAMBRA_1_N001,ALHAMBRA_1_N001,ALHAMBRA_1_N001,RTPD,LMP,LMP_PRC,ALHAMBRA_1_N001,ALL,1,114.41843,1,1
2022-09-01T21:00:00-00:00,2022-09-01T21:15:00-00:00,2022-09-01,15,ALHAMBRA_1_N001,ALHAMBRA_1_N001,ALHAMBRA_1_N001,RTPD,LMP,LMP_PRC,ALHAMBRA_1_N001,ALL,1,127.23994,1,1
2022-09-01T22:00:00-00:00,2022-09-01T22:15:00-00:00,2022-09-01,16,ALHAMBRA_1_N001,ALHAMBRA_1_N001,ALHAMBRA_1_N001,RTPD,LMP,LMP_PRC,ALHAMBRA_1_N001,ALL,1,121.14401,1,1
2022-09-01T23:00:00-00:00,2022-09-01T23:15:00-00:00,2022-09-01,17,ALHAMBRA_1_N001,ALHAMBRA_1_N001,ALHAMBRA_1_N001,RTPD,LMP,LMP_PRC,ALHAMBRA_1_N001,ALL,1,218.17761,1,1
2022-09-02T00:00:00-00:00,2022-09-02T00:15:00-00:00,2022-09-01,18,ALHAMBRA_1_N001,ALHAMBRA_1_N001,ALHAMBRA_1_N001,RTPD,LMP,LMP_PRC,ALHAMBRA_1_N001,ALL,1,1178.1412,1,1
2022-09-02T01:00:00-00:00,2022-09-02T01:15:00-00:00,2022-09-01,19,ALHAMBRA_1_N001,ALHAMBRA_1_N001,ALHAMBRA_1_N001,RTPD,LMP,LMP_PRC,ALHAMBRA_1_N001,ALL,1,1267.719,1,1
2022-09-02T02:00:00-00:00,2022-09-02T02:15:00-00:00,2022-09-01,20,ALHAMBRA_1_N001,ALHAMBRA_1_N001,ALHAMBRA_1_N001,RTPD,LMP,LMP_PRC,ALHAMBRA_1_N001,ALL,1,1991.6721,1,1
2022-09-02T03:00:00-00:00,2022-09-02T03:15:00-00:00,2022-09-01,21,ALHAMBRA_1_N001,ALHAMBRA_1_N001,ALHAMBRA_1_N001,RTPD,LMP,LMP_PRC,ALHAMBRA_1_N001,ALL,1,1405.2145,1,1
2022-09-02T04:00:00-00:00,2022-09-02T04:15:00-00:00,2022-09-01,22,ALHAMBRA_1_N001,ALHAMBRA_1_N001,ALHAMBRA_1_N001,RTPD,LMP,LMP_PRC,ALHAMBRA_1_N001,ALL,1,266.44156,1,1
2022-09-02T05:00:00-00:00,2022-09-02T05:15:00-00:00,2022-09-01,23,ALHAMBRA_1_N001,ALHAMBRA_1_N001,ALHAMBRA_1_N001,RTPD,LMP,LMP_PRC,ALHAMBRA_1_N001,ALL,1,189.09213,1,1
2022-09-02T06:00:00-00:00,2022-09-02T06:15:00-00:00,2022-09-01,24,ALHAMBRA_1_N001,ALHAMBRA_1_N001,ALHAMBRA_1_N001,RTPD,LMP,LMP_PRC,ALHAMBRA_1_N001,ALL,1,161.90137,1,1
2022-09-01T07:15:00-00:00,2022-09-01T07:30:00-00:00,2022-09-01,01,ALHAMBRA_1_N001,ALHAMBRA_1_N001,ALHAMBRA_1_N001,RTPD,LMP,LMP_PRC,ALHAMBRA_1_N001,ALL,1,115.50151,2,1
2022-09-01T08:15:00-00:00,2022-09-01T08:30:00-00:00,2022-09-01,02,ALHAMBRA_1_N001,ALHAMBRA_1_N001,ALHAMBRA_1_N001,RTPD,LMP,LMP_PRC,ALHAMBRA_1_N001,ALL,1,114.61672,2,1
2022-09-01T09:15:00-00:00,2022-09-01T09:30:00-00:00,2022-09-01,03,ALHAMBRA_1_N001,ALHAMBRA_1_N001,ALHAMBRA_1_N001,RTPD,LMP,LMP_PRC,ALHAMBRA_1_N001,ALL,1,93.20752,2,1
2022-09-01T10:15:00-00:00,2022-09-01T10:30:00-00:00,2022-09-01,04,ALHAMBRA_1_N001,ALHAMBRA_1_N001,ALHAMBRA_1_N001,RTPD,LMP,LMP_PRC,ALHAMBRA_1_N001,ALL,1,92.46165,2,1
2022-09-01T11:15:00-00:00,2022-09-01T11:30:00-00:00,2022-09-01,05,ALHAMBRA_1_N001,ALHAMBRA_1_N001,ALHAMBRA_1_N001,RTPD,LMP,LMP_PRC,ALHAMBRA_1_N001,ALL,1,104.11119,2,1
2022-09-01T12:15:00-00:00,2022-09-01T12:30:00-00:00,2022-09-01,06,ALHAMBRA_1_N001,ALHAMBRA_1_N001,ALHAMBRA_1_N001,RTPD,LMP,LMP_PRC,ALHAMBRA_1_N001,ALL,1,104.43608,2,1
2022-09-01T13:15:00-00:00,2022-09-01T13:30:00-00:00,2022-09-01,07,ALHAMBRA_1_N001,ALHAMBRA_1_N001,ALHAMBRA_1_N001,RTPD,LMP,LMP_PRC,ALHAMBRA_1_N001,ALL,1,111.80885,2,1
2022-09-01T14:15:00-00:00,2022-09-01T14:30:00-00:00,2022-09-01,08,ALHAMBRA_1_N001,ALHAMBRA_1_N001,ALHAMBRA_1_N001,RTPD,LMP,LMP_PRC,ALHAMBRA_1_N001,ALL,1,107.78435,2,1
2022-09-01T15:15:00-00:00,2022-09-01T15:30:00-00:00,2022-09-01,09,ALHAMBRA_1_N001,ALHAMBRA_1_N001,ALHAMBRA_1_N001,RTPD,LMP,LMP_PRC,ALHAMBRA_1_N001,ALL,1,86.9388,2,1
2022-09-01T16:15:00-00:00,2022-09-01T16:30:00-00:00,2022-09-01,10,ALHAMBRA_1_N001,ALHAMBRA_1_N001,ALHAMBRA_1_N001,RTPD,LMP,LMP_PRC,ALHAMBRA_1_N001,ALL,1,87.81006,2,1
2022-09-01T17:15:00-00:00,2022-09-01T17:30:00-00:00,2022-09-01,11,ALHAMBRA_1_N001,ALHAMBRA_1_N001,ALHAMBRA_1_N001,RTPD,LMP,LMP_PRC,ALHAMBRA_1_N001,ALL,1,78.9707,2,1
2022-09-01T18:15:00-00:00,2022-09-01T18:30:00-00:00,2022-09-01,12,ALHAMBRA_1_N001,ALHAMBRA_1_N001,ALHAMBRA_1_N001,RTPD,LMP,LMP_PRC,ALHAMBRA_1_N001,ALL,1,74.70988,2,1
2022-09-01T19:15:00-00:00,2022-09-01T19:30:00-00:00,2022-09-01,13,ALHAMBRA_1_N001,ALHAMBRA_1_N001,ALHAMBRA_1_N001,RTPD,LMP,LMP_PRC,ALHAMBRA_1_N001,ALL,1,75.78063,2,1
2022-09-01T20:15:00-00:00,2022-09-01T20:30:00-00:00,2022-09-01,14,ALHAMBRA_1_N001,ALHAMBRA_1_N001,ALHAMBRA_1_N001,RTPD,LMP,LMP_PRC,ALHAMBRA_1_N001,ALL,1,114.31974,2,1
2022-09-01T21:15:00-00:00,2022-09-01T21:30:00-00:00,2022-09-01,15,ALHAMBRA_1_N001,ALHAMBRA_1_N001,ALHAMBRA_1_N001,RTPD,LMP,LMP_PRC,ALHAMBRA_1_N001,ALL,1,120.24902,2,1
2022-09-01T22:15:00-00:00,2022-09-01T22:30:00-00:00,2022-09-01,16,ALHAMBRA_1_N001,ALHAMBRA_1_N001,ALHAMBRA_1_N001,RTPD,LMP,LMP_PRC,ALHAMBRA_1_N001,ALL,1,138.0642,2,1
2022-09-01T23:15:00-00:00,2022-09-01T23:30:00-00:00,2022-09-01,17,ALHAMBRA_1_N001,ALHAMBRA_1_N001,ALHAMBRA_1_N001,RTPD,LMP,LMP_PRC,ALHAMBRA_1_N001,ALL,1,265.50137,2,1
2022-09-02T00:15:00-00:00,2022-09-02T00:30:00-00:00,2022-09-01,18,ALHAMBRA_1_N001,ALHAMBRA_1_N001,ALHAMBRA_1_N001,RTPD,LMP,LMP_PRC,ALHAMBRA_1_N001,ALL,1,1083.3495,2,1
2022-09-02T01:15:00-00:00,2022-09-02T01:30:00-00:00,2022-09-01,19,ALHAMBRA_1_N001,ALHAMBRA_1_N001,ALHAMBRA_1_N001,RTPD,LMP,LMP_PRC,ALHAMBRA_1_N001,ALL,1,1999.9933,2,1
2022-09-02T02:15:00-00:00,2022-09-02T02:30:00-00:00,2022-09-01,20,ALHAMBRA_1_N001,ALHAMBRA_1_N001,ALHAMBRA_1_N001,RTPD,LMP,LMP_PRC,ALHAMBRA_1_N001,ALL,1,1991.6721,2,1
2022-09-02T03:15:00-00:00,2022-09-02T03:30:00-00:00,2022-09-01,21,ALHAMBRA_1_N001,ALHAMBRA_1_N001,ALHAMBRA_1_N001,RTPD,LMP,LMP_PRC,ALHAMBRA_1_N001,ALL,1,575.38275,2,1
2022-09-02T04:15:00-00:00,2022-09-02T04:30:00-00:00,2022-09-01,22,ALHAMBRA_1_N001,ALHAMBRA_1_N001,ALHAMBRA_1_N001,RTPD,LMP,LMP_PRC,ALHAMBRA_1_N001,ALL,1,232.25706,2,1
2022-09-02T05:15:00-00:00,2022-09-02T05:30:00-00:00,2022-09-01,23,ALHAMBRA_1_N001,ALHAMBRA_1_N001,ALHAMBRA_1_N001,RTPD,LMP,LMP_PRC,ALHAMBRA_1_N001,ALL,1,161.2521,2,1
2022-09-02T06:15:00-00:00,2022-09-02T06:30:00-00:00,2022-09-01,24,ALHAMBRA_1_N001,ALHAMBRA_1_N001,ALHAMBRA_1_N001,RTPD,LMP,LMP_PRC,ALHAMBRA_1_N001,ALL,1,144.44563,2,1
2022-09-01T07:30:00-00:00,2022-09-01T07:45:00-00:00,2022-09-01,01,ALHAMBRA_1_N001,ALHAMBRA_1_N001,ALHAMBRA_1_N001,RTPD,LMP,LMP_PRC,ALHAMBRA_1_N001,ALL,1,102.82736,3,1
2022-09-01T08:30:00-00:00,2022-09-01T08:45:00-00:00,2022-09-01,02,ALHAMBRA_1_N001,ALHAMBRA_1_N001,ALHAMBRA_1_N001,RTPD,LMP,LMP_PRC,ALHAMBRA_1_N001,ALL,1,112.17822,3,1
2022-09-01T09:30:00-00:00,2022-09-01T09:45:00-00:00,2022-09-01,03,ALHAMBRA_1_N001,ALHAMBRA_1_N001,ALHAMBRA_1_N001,RTPD,LMP,LMP_PRC,ALHAMBRA_1_N001,ALL,1,92.91346,3,1
2022-09-01T10:30:00-00:00,2022-09-01T10:45:00-00:00,2022-09-01,04,ALHAMBRA_1_N001,ALHAMBRA_1_N001,ALHAMBRA_1_N001,RTPD,LMP,LMP_PRC,ALHAMBRA_1_N001,ALL,1,94.30511,3,1
2022-09-01T11:30:00-00:00,2022-09-01T11:45:00-00:00,2022-09-01,05,ALHAMBRA_1_N001,ALHAMBRA_1_N001,ALHAMBRA_1_N001,RTPD,LMP,LMP_PRC,ALHAMBRA_1_N001,ALL,1,104.2678,3,1
2022-09-01T12:30:00-00:00,2022-09-01T12:45:00-00:00,2022-09-01,06,ALHAMBRA_1_N001,ALHAMBRA_1_N001,ALHAMBRA_1_N001,RTPD,LMP,LMP_PRC,ALHAMBRA_1_N001,ALL,1,104.43275,3,1
2022-09-01T13:30:00-00:00,2022-09-01T13:45:00-00:00,2022-09-01,07,ALHAMBRA_1_N001,ALHAMBRA_1_N001,ALHAMBRA_1_N001,RTPD,LMP,LMP_PRC,ALHAMBRA_1_N001,ALL,1,113.23766,3,1
2022-09-01T14:30:00-00:00,2022-09-01T14:45:00-00:00,2022-09-01,08,ALHAMBRA_1_N001,ALHAMBRA_1_N001,ALHAMBRA_1_N001,RTPD,LMP,LMP_PRC,ALHAMBRA_1_N001,ALL,1,105.16426,3,1
2022-09-01T15:30:00-00:00,2022-09-01T15:45:00-00:00,2022-09-01,09,ALHAMBRA_1_N001,ALHAMBRA_1_N001,ALHAMBRA_1_N001,RTPD,LMP,LMP_PRC,ALHAMBRA_1_N001,ALL,1,86.1388,3,1
2022-09-01T16:30:00-00:00,2022-09-01T16:45:00-00:00,2022-09-01,10,ALHAMBRA_1_N001,ALHAMBRA_1_N001,ALHAMBRA_1_N001,RTPD,LMP,LMP_PRC,ALHAMBRA_1_N001,ALL,1,75.07689,3,1
2022-09-01T17:30:00-00:00,2022-09-01T17:45:00-00:00,2022-09-01,11,ALHAMBRA_1_N001,ALHAMBRA_1_N001,ALHAMBRA_1_N001,RTPD,LMP,LMP_PRC,ALHAMBRA_1_N001,ALL,1,78.6794,3,1
2022-09-01T18:30:00-00:00,2022-09-01T18:45:00-00:00,2022-09-01,12,ALHAMBRA_1_N001,ALHAMBRA_1_N001,ALHAMBRA_1_N001,RTPD,LMP,LMP_PRC,ALHAMBRA_1_N001,ALL,1,79.47561,3,1
2022-09-01T19:30:00-00:00,2022-09-01T19:45:00-00:00,2022-09-01,13,ALHAMBRA_1_N001,ALHAMBRA_1_N001,ALHAMBRA_1_N001,RTPD,LMP,LMP_PRC,ALHAMBRA_1_N001,ALL,1,101.33867,3,1
2022-09-01T20:30:00-00:00,2022-09-01T20:45:00-00:00,2022-09-01,14,ALHAMBRA_1_N001,ALHAMBRA_1_N001,ALHAMBRA_1_N001,RTPD,LMP,LMP_PRC,ALHAMBRA_1_N001,ALL,1,117.00768,3,1
2022-09-01T21:30:00-00:00,2022-09-01T21:45:00-00:00,2022-09-01,15,ALHAMBRA_1_N001,ALHAMBRA_1_N001,ALHAMBRA_1_N001,RTPD,LMP,LMP_PRC,ALHAMBRA_1_N001,ALL,1,128.16124,3,1
2022-09-01T22:30:00-00:00,2022-09-01T22:45:00-00:00,2022-09-01,16,ALHAMBRA_1_N001,ALHAMBRA_1_N001,ALHAMBRA_1_N001,RTPD,LMP,LMP_PRC,ALHAMBRA_1_N001,ALL,1,156.24391,3,1
2022-09-01T23:30:00-00:00,2022-09-01T23:45:00-00:00,2022-09-01,17,ALHAMBRA_1_N001,ALHAMBRA_1_N001,ALHAMBRA_1_N001,RTPD,LMP,LMP_PRC,ALHAMBRA_1_N001,ALL,1,566.48157,3,1
2022-09-02T00:30:00-00:00,2022-09-02T00:45:00-00:00,2022-09-01,18,ALHAMBRA_1_N001,ALHAMBRA_1_N001,ALHAMBRA_1_N001,RTPD,LMP,LMP_PRC,ALHAMBRA_1_N001,ALL,1,1819.1882,3,1
2022-09-02T01:30:00-00:00,2022-09-02T01:45:00-00:00,2022-09-01,19,ALHAMBRA_1_N001,ALHAMBRA_1_N001,ALHAMBRA_1_N001,RTPD,LMP,LMP_PRC,ALHAMBRA_1_N001,ALL,1,1999.9956,3,1
2022-09-02T02:30:00-00:00,2022-09-02T02:45:00-00:00,2022-09-01,20,ALHAMBRA_1_N001,ALHAMBRA_1_N001,ALHAMBRA_1_N001,RTPD,LMP,LMP_PRC,ALHAMBRA_1_N001,ALL,1,1991.671,3,1
2022-09-02T03:30:00-00:00,2022-09-02T03:45:00-00:00,2022-09-01,21,ALHAMBRA_1_N001,ALHAMBRA_1_N001,ALHAMBRA_1_N001,RTPD,LMP,LMP_PRC,ALHAMBRA_1_N001,ALL,1,231.29855,3,1
2022-09-02T04:30:00-00:00,2022-09-02T04:45:00-00:00,2022-09-01,22,ALHAMBRA_1_N001,ALHAMBRA_1_N001,ALHAMBRA_1_N001,RTPD,LMP,LMP_PRC,ALHAMBRA_1_N001,ALL,1,185.28554,3,1
2022-09-02T05:30:00-00:00,2022-09-02T05:45:00-00:00,2022-09-01,23,ALHAMBRA_1_N001,ALHAMBRA_1_N001,ALHAMBRA_1_N001,RTPD,LMP,LMP_PRC,ALHAMBRA_1_N001,ALL,1,134.58337,3,1
2022-09-02T06:30:00-00:00,2022-09-02T06:45:00-00:00,2022-09-01,24,ALHAMBRA_1_N001,ALHAMBRA_1_N001,ALHAMBRA_1_N001,RTPD,LMP,LMP_PRC,ALHAMBRA_1_N001,ALL,1,131.0638,3,1
2022-09-01T07:45:00-00:00,2022-09-01T08:00:00-00:00,2022-09-01,01,ALHAMBRA_1_N001,ALHAMBRA_1_N001,ALHAMBRA_1_N001,RTPD,LMP,LMP_PRC,ALHAMBRA_1_N001,ALL,1,90.65035,4,1
2022-09-01T08:45:00-00:00,2022-09-01T09:00:00-00:00,2022-09-01,02,ALHAMBRA_1_N001,ALHAMBRA_1_N001,ALHAMBRA_1_N001,RTPD,LMP,LMP_PRC,ALHAMBRA_1_N001,ALL,1,95.19439,4,1
2022-09-01T09:45:00-00:00,2022-09-01T10:00:00-00:00,2022-09-01,03,ALHAMBRA_1_N001,ALHAMBRA_1_N001,ALHAMBRA_1_N001,RTPD,LMP,LMP_PRC,ALHAMBRA_1_N001,ALL,1,92.87196,4,1
2022-09-01T10:45:00-00:00,2022-09-01T11:00:00-00:00,2022-09-01,04,ALHAMBRA_1_N001,ALHAMBRA_1_N001,ALHAMBRA_1_N001,RTPD,LMP,LMP_PRC,ALHAMBRA_1_N001,ALL,1,94.44586,4,1
2022-09-01T11:45:00-00:00,2022-09-01T12:00:00-00:00,2022-09-01,05,ALHAMBRA_1_N001,ALHAMBRA_1_N001,ALHAMBRA_1_N001,RTPD,LMP,LMP_PRC,ALHAMBRA_1_N001,ALL,1,107.01,4,1
2022-09-01T12:45:00-00:00,2022-09-01T13:00:00-00:00,2022-09-01,06,ALHAMBRA_1_N001,ALHAMBRA_1_N001,ALHAMBRA_1_N001,RTPD,LMP,LMP_PRC,ALHAMBRA_1_N001,ALL,1,114.13365,4,1
2022-09-01T13:45:00-00:00,2022-09-01T14:00:00-00:00,2022-09-01,07,ALHAMBRA_1_N001,ALHAMBRA_1_N001,ALHAMBRA_1_N001,RTPD,LMP,LMP_PRC,ALHAMBRA_1_N001,ALL,1,111.41,4,1
2022-09-01T14:45:00-00:00,2022-09-01T15:00:00-00:00,2022-09-01,08,ALHAMBRA_1_N001,ALHAMBRA_1_N001,ALHAMBRA_1_N001,RTPD,LMP,LMP_PRC,ALHAMBRA_1_N001,ALL,1,86.1388,4,1
2022-09-01T15:45:00-00:00,2022-09-01T16:00:00-00:00,2022-09-01,09,ALHAMBRA_1_N001,ALHAMBRA_1_N001,ALHAMBRA_1_N001,RTPD,LMP,LMP_PRC,ALHAMBRA_1_N001,ALL,1,78.70076,4,1
2022-09-01T16:45:00-00:00,2022-09-01T17:00:00-00:00,2022-09-01,10,ALHAMBRA_1_N001,ALHAMBRA_1_N001,ALHAMBRA_1_N001,RTPD,LMP,LMP_PRC,ALHAMBRA_1_N001,ALL,1,78.8255,4,1
2022-09-01T17:45:00-00:00,2022-09-01T18:00:00-00:00,2022-09-01,11,ALHAMBRA_1_N001,ALHAMBRA_1_N001,ALHAMBRA_1_N001,RTPD,LMP,LMP_PRC,ALHAMBRA_1_N001,ALL,1,79.06954,4,1
2022-09-01T18:45:00-00:00,2022-09-01T19:00:00-00:00,2022-09-01,12,ALHAMBRA_1_N001,ALHAMBRA_1_N001,ALHAMBRA_1_N001,RTPD,LMP,LMP_PRC,ALHAMBRA_1_N001,ALL,1,81.56464,4,1
2022-09-01T19:45:00-00:00,2022-09-01T20:00:00-00:00,2022-09-01,13,ALHAMBRA_1_N001,ALHAMBRA_1_N001,ALHAMBRA_1_N001,RTPD,LMP,LMP_PRC,ALHAMBRA_1_N001,ALL,1,106.4975,4,1
2022-09-01T20:45:00-00:00,2022-09-01T21:00:00-00:00,2022-09-01,14,ALHAMBRA_1_N001,ALHAMBRA_1_N001,ALHAMBRA_1_N001,RTPD,LMP,LMP_PRC,ALHAMBRA_1_N001,ALL,1,125.50933,4,1
2022-09-01T21:45:00-00:00,2022-09-01T22:00:00-00:00,2022-09-01,15,ALHAMBRA_1_N001,ALHAMBRA_1_N001,ALHAMBRA_1_N001,RTPD,LMP,LMP_PRC,ALHAMBRA_1_N001,ALL,1,210.30531,4,1
2022-09-01T22:45:00-00:00,2022-09-01T23:00:00-00:00,2022-09-01,16,ALHAMBRA_1_N001,ALHAMBRA_1_N001,ALHAMBRA_1_N001,RTPD,LMP,LMP_PRC,ALHAMBRA_1_N001,ALL,1,172.09348,4,1
2022-09-01T23:45:00-00:00,2022-09-02T00:00:00-00:00,2022-09-01,17,ALHAMBRA_1_N001,ALHAMBRA_1_N001,ALHAMBRA_1_N001,RTPD,LMP,LMP_PRC,ALHAMBRA_1_N001,ALL,1,1688.0936,4,1
2022-09-02T00:45:00-00:00,2022-09-02T01:00:00-00:00,2022-09-01,18,ALHAMBRA_1_N001,ALHAMBRA_1_N001,ALHAMBRA_1_N001,RTPD,LMP,LMP_PRC,ALHAMBRA_1_N001,ALL,1,1827.7059,4,1
2022-09-02T01:45:00-00:00,2022-09-02T02:00:00-00:00,2022-09-01,19,ALHAMBRA_1_N001,ALHAMBRA_1_N001,ALHAMBRA_1_N001,RTPD,LMP,LMP_PRC,ALHAMBRA_1_N001,ALL,1,1991.9337,4,1
2022-09-02T02:45:00-00:00,2022-09-02T03:00:00-00:00,2022-09-01,20,ALHAMBRA_1_N001,ALHAMBRA_1_N001,ALHAMBRA_1_N001,RTPD,LMP,LMP_PRC,ALHAMBRA_1_N001,ALL,1,1878.0922,4,1
2022-09-02T03:45:00-00:00,2022-09-02T04:00:00-00:00,2022-09-01,21,ALHAMBRA_1_N001,ALHAMBRA_1_N001,ALHAMBRA_1_N001,RTPD,LMP,LMP_PRC,ALHAMBRA_1_N001,ALL,1,167.8711,4,1
2022-09-02T04:45:00-00:00,2022-09-02T05:00:00-00:00,2022-09-01,22,ALHAMBRA_1_N001,ALHAMBRA_1_N001,ALHAMBRA_1_N001,RTPD,LMP,LMP_PRC,ALHAMBRA_1_N001,ALL,1,130.36382,4,1
2022-09-02T05:45:00-00:00,2022-09-02T06:00:00-00:00,2022-09-01,23,ALHAMBRA_1_N001,ALHAMBRA_1_N001,ALHAMBRA_1_N001,RTPD,LMP,LMP_PRC,ALHAMBRA_1_N001,ALL,1,116.85309,4,1
2022-09-02T06:45:00-00:00,2022-09-02T07:00:00-00:00,2022-09-01,24,ALHAMBRA_1_N001,ALHAMBRA_1_N001,ALHAMBRA_1_N001,RTPD,LMP,LMP_PRC,ALHAMBRA_1_N001,ALL,1,111.16889,4,1
2022-09-01T07:00:00-00:00,2022-09-01T07:15:00-00:00,2022-09-01,01,ALHAMBRA_1_N001,ALHAMBRA_1_N001,ALHAMBRA_1_N001,RTPD,MCC,LMP_CONG_PRC,ALHAMBRA_1_N001,ALL,1,-15.73368,1,2
2022-09-01T08:00:00-00:00,2022-09-01T08:15:00-00:00,2022-09-01,02,ALHAMBRA_1_N001,ALHAMBRA_1_N001,ALHAMBRA_1_N001,RTPD,MCC,LMP_CONG_PRC,ALHAMBRA_1_N001,ALL,1,-3.35196,1,2
2022-09-01T09:00:00-00:00,2022-09-01T09:15:00-00:00,2022-09-01,03,ALHAMBRA_1_N001,ALHAMBRA_1_N001,ALHAMBRA_1_N001,RTPD,MCC,LMP_CONG_PRC,ALHAMBRA_1_N001,ALL,1,-4.49125,1,2
2022-09-01T10:00:00-00:00,2022-09-01T10:15:00-00:00,2022-09-01,04,ALHAMBRA_1_N001,ALHAMBRA_1_N001,ALHAMBRA_1_N001,RTPD,MCC,LMP_CONG_PRC,ALHAMBRA_1_N001,ALL,1,-3.88403,1,2
2022-09-01T11:00:00-00:00,2022-09-01T11:15:00-00:00,2022-09-01,05,ALHAMBRA_1_N001,ALHAMBRA_1_N001,ALHAMBRA_1_N001,RTPD,MCC,LMP_CONG_PRC,ALHAMBRA_1_N001,ALL,1,0,1,2
2022-09-01T12:00:00-00:00,2022-09-01T12:15:00-00:00,2022-09-01,06,ALHAMBRA_1_N001,ALHAMBRA_1_N001,ALHAMBRA_1_N001,RTPD,MCC,LMP_CONG_PRC,ALHAMBRA_1_N001,ALL,1,-10.00068,1,2
2022-09-01T13:00:00-00:00,2022-09-01T13:15:00-00:00,2022-09-01,07,ALHAMBRA_1_N001,ALHAMBRA_1_N001,ALHAMBRA_1_N001,RTPD,MCC,LMP_CONG_PRC,ALHAMBRA_1_N001,ALL,1,-13.22991,1,2
2022-09-01T14:00:00-00:00,2022-09-01T14:15:00-00:00,2022-09-01,08,ALHAMBRA_1_N001,ALHAMBRA_1_N001,ALHAMBRA_1_N001,RTPD,MCC,LMP_CONG_PRC,ALHAMBRA_1_N001,ALL,1,0,1,2
2022-09-01T15:00:00-00:00,2022-09-01T15:15:00-00:00,2022-09-01,09,ALHAMBRA_1_N001,ALHAMBRA_1_N001,ALHAMBRA_1_N001,RTPD,MCC,LMP_CONG_PRC,ALHAMBRA_1_N001,ALL,1,0,1,2
2022-09-01T16:00:00-00:00,2022-09-01T16:15:00-00:00,2022-09-01,10,ALHAMBRA_1_N001,ALHAMBRA_1_N001,ALHAMBRA_1_N001,RTPD,MCC,LMP_CONG_PRC,ALHAMBRA_1_N001,ALL,1,0,1,2
2022-09-01T17:00:00-00:00,2022-09-01T17:15:00-00:00,2022-09-01,11,ALHAMBRA_1_N001,ALHAMBRA_1_N001,ALHAMBRA_1_N001,RTPD,MCC,LMP_CONG_PRC,ALHAMBRA_1_N001,ALL,1,-16.73028,1,2
2022-09-01T18:00:00-00:00,2022-09-01T18:15:00-00:00,2022-09-01,12,ALHAMBRA_1_N001,ALHAMBRA_1_N001,ALHAMBRA_1_N001,RTPD,MCC,LMP_CONG_PRC,ALHAMBRA_1_N001,ALL,1,-32.48068,1,2
2022-09-01T19:00:00-00:00,2022-09-01T19:15:00-00:00,2022-09-01,13,ALHAMBRA_1_N001,ALHAMBRA_1_N001,ALHAMBRA_1_N001,RTPD,MCC,LMP_CONG_PRC,ALHAMBRA_1_N001,ALL,1,-35.85454,1,2
2022-09-01T20:00:00-00:00,2022-09-01T20:15:00-00:00,2022-09-01,14,ALHAMBRA_1_N001,ALHAMBRA_1_N001,ALHAMBRA_1_N001,RTPD,MCC,LMP_CONG_PRC,ALHAMBRA_1_N001,ALL,1,-3.52516,1,2
2022-09-01T21:00:00-00:00,2022-09-01T21:15:00-00:00,2022-09-01,15,ALHAMBRA_1_N001,ALHAMBRA_1_N001,ALHAMBRA_1_N001,RTPD,MCC,LMP_CONG_PRC,ALHAMBRA_1_N001,ALL,1,-99.37506,1,2
2022-09-01T22:00:00-00:00,2022-09-01T22:15:00-00:00,2022-09-01,16,ALHAMBRA_1_N001,ALHAMBRA_1_N001,ALHAMBRA_1_N001,RTPD,MCC,LMP_CONG_PRC,ALHAMBRA_1_N001,ALL,1,-108.0415,1,2
2022-09-01T23:00:00-00:00,2022-09-01T23:15:00-00:00,2022-09-01,17,ALHAMBRA_1_N001,ALHAMBRA_1_N001,ALHAMBRA_1_N001,RTPD,MCC,LMP_CONG_PRC,ALHAMBRA_1_N001,ALL,1,-168.5761,1,2
2022-09-02T00:00:00-00:00,2022-09-02T00:15:00-00:00,2022-09-01,18,ALHAMBRA_1_N001,ALHAMBRA_1_N001,ALHAMBRA_1_N001,RTPD,MCC,LMP_CONG_PRC,ALHAMBRA_1_N001,ALL,1,357.00967,1,2
2022-09-02T01:00:00-00:00,2022-09-02T01:15:00-00:00,2022-09-01,19,ALHAMBRA_1_N001,ALHAMBRA_1_N001,ALHAMBRA_1_N001,RTPD,MCC,LMP_CONG_PRC,ALHAMBRA_1_N001,ALL,1,351.44772,1,2
2022-09-02T02:00:00-00:00,2022-09-02T02:15:00-00:00,2022-09-01,20,ALHAMBRA_1_N001,ALHAMBRA_1_N001,ALHAMBRA_1_N001,RTPD,MCC,LMP_CONG_PRC,ALHAMBRA_1_N001,ALL,1,0,1,2
2022-09-02T03:00:00-00:00,2022-09-02T03:15:00-00:00,2022-09-01,21,ALHAMBRA_1_N001,ALHAMBRA_1_N001,ALHAMBRA_1_N001,RTPD,MCC,LMP_CONG_PRC,ALHAMBRA_1_N001,ALL,1,436.6479,1,2
2022-09-02T04:00:00-00:00,2022-09-02T04:15:00-00:00,2022-09-01,22,ALHAMBRA_1_N001,ALHAMBRA_1_N001,ALHAMBRA_1_N001,RTPD,MCC,LMP_CONG_PRC,ALHAMBRA_1_N001,ALL,1,0,1,2
2022-09-02T05:00:00-00:00,2022-09-02T05:15:00-00:00,2022-09-01,23,ALHAMBRA_1_N001,ALHAMBRA_1_N001,ALHAMBRA_1_N001,RTPD,MCC,LMP_CONG_PRC,ALHAMBRA_1_N001,ALL,1,0,1,2
2022-09-02T06:00:00-00:00,2022-09-02T06:15:00-00:00,2022-09-01,24,ALHAMBRA_1_N001,ALHAMBRA_1_N001,ALHAMBRA_1_N001,RTPD,MCC,LMP_CONG_PRC,ALHAMBRA_1_N001,ALL,1,0,1,2
2022-09-01T07:15:00-00:00,2022-09-01T07:30:00-00:00,2022-09-01,01,ALHAMBRA_1_N001,ALHAMBRA_1_N001,ALHAMBRA_1_N001,RTPD,MCC,LMP_CONG_PRC,ALHAMBRA_1_N001,ALL,1,-10.04993,2,2
2022-09-01T08:15:00-00:00,2022-09-01T08:30:00-00:00,2022-09-01,02,ALHAMBRA_1_N001,ALHAMBRA_1_N001,ALHAMBRA_1_N001,RTPD,MCC,LMP_CONG_PRC,ALHAMBRA_1_N001,ALL,1,-0.91493,2,2
2022-09-01T09:15:00-00:00,2022-09-01T09:30:00-00:00,2022-09-01,03,ALHAMBRA_1_N001,ALHAMBRA_1_N001,ALHAMBRA_1_N001,RTPD,MCC,LMP_CONG_PRC,ALHAMBRA_1_N001,ALL,1,-5.90402,2,2
2022-09-01T10:15:00-00:00,2022-09-01T10:30:00-00:00,2022-09-01,04,ALHAMBRA_1_N001,ALHAMBRA_1_N001,ALHAMBRA_1_N001,RTPD,MCC,LMP_CONG_PRC,ALHAMBRA_1_N001,ALL,1,-5.49586,2,2
2022-09-01T11:15:00-00:00,2022-09-01T11:30:00-00:00,2022-09-01,05,ALHAMBRA_1_N001,ALHAMBRA_1_N001,ALHAMBRA_1_N001,RTPD,MCC,LMP_CONG_PRC,ALHAMBRA_1_N001,ALL,1,0,2,2
2022-09-01T12:15:00-00:00,2022-09-01T12:30:00-00:00,2022-09-01,06,ALHAMBRA_1_N001,ALHAMBRA_1_N001,ALHAMBRA_1_N001,RTPD,MCC,LMP_CONG_PRC,ALHAMBRA_1_N001,ALL,1,-6.09943,2,2
2022-09-01T13:15:00-00:00,2022-09-01T13:30:00-00:00,2022-09-01,07,ALHAMBRA_1_N001,ALHAMBRA_1_N001,ALHAMBRA_1_N001,RTPD,MCC,LMP_CONG_PRC,ALHAMBRA_1_N001,ALL,1,-0.56774,2,2
2022-09-01T14:15:00-00:00,2022-09-01T14:30:00-00:00,2022-09-01,08,ALHAMBRA_1_N001,ALHAMBRA_1_N001,ALHAMBRA_1_N001,RTPD,MCC,LMP_CONG_PRC,ALHAMBRA_1_N001,ALL,1,0,2,2
2022-09-01T15:15:00-00:00,2022-09-01T15:30:00-00:00,2022-09-01,09,ALHAMBRA_1_N001,ALHAMBRA_1_N001,ALHAMBRA_1_N001,RTPD,MCC,LMP_CONG_PRC,ALHAMBRA_1_N001,ALL,1,0,2,2
2022-09-01T16:15:00-00:00,2022-09-01T16:30:00-00:00,2022-09-01,10,ALHAMBRA_1_N001,ALHAMBRA_1_N001,ALHAMBRA_1_N001,RTPD,MCC,LMP_CONG_PRC,ALHAMBRA_1_N001,ALL,1,-1.63852,2,2
2022-09-01T17:15:00-00:00,2022-09-01T17:30:00-00:00,2022-09-01,11,ALHAMBRA_1_N001,ALHAMBRA_1_N001,ALHAMBRA_1_N001,RTPD,MCC,LMP_CONG_PRC,ALHAMBRA_1_N001,ALL,1,-20.37602,2,2
2022-09-01T18:15:00-00:00,2022-09-01T18:30:00-00:00,2022-09-01,12,ALHAMBRA_1_N001,ALHAMBRA_1_N001,ALHAMBRA_1_N001,RTPD,MCC,LMP_CONG_PRC,ALHAMBRA_1_N001,ALL,1,-26.44914,2,2
2022-09-01T19:15:00-00:00,2022-09-01T19:30:00-00:00,2022-09-01,13,ALHAMBRA_1_N001,ALHAMBRA_1_N001,ALHAMBRA_1_N001,RTPD,MCC,LMP_CONG_PRC,ALHAMBRA_1_N001,ALL,1,-29.52525,2,2
2022-09-01T20:15:00-00:00,2022-09-01T20:30:00-00:00,2022-09-01,14,ALHAMBRA_1_N001,ALHAMBRA_1_N001,ALHAMBRA_1_N001,RTPD,MCC,LMP_CONG_PRC,ALHAMBRA_1_N001,ALL,1,-3.17447,2,2
2022-09-01T21:15:00-00:00,2022-09-01T21:30:00-00:00,2022-09-01,15,ALHAMBRA_1_N001,ALHAMBRA_1_N001,ALHAMBRA_1_N001,RTPD,MCC,LMP_CONG_PRC,ALHAMBRA_1_N001,ALL,1,-26.96283,2,2
2022-09-01T22:15:00-00:00,2022-09-01T22:30:00-00:00,2022-09-01,16,ALHAMBRA_1_N001,ALHAMBRA_1_N001,ALHAMBRA_1_N001,RTPD,MCC,LMP_CONG_PRC,ALHAMBRA_1_N001,ALL,1,-118.52314,2,2
2022-09-01T23:15:00-00:00,2022-09-01T23:30:00-00:00,2022-09-01,17,ALHAMBRA_1_N001,ALHAMBRA_1_N001,ALHAMBRA_1_N001,RTPD,MCC,LMP_CONG_PRC,ALHAMBRA_1_N001,ALL,1,-96.62273,2,2
2022-09-02T00:15:00-00:00,2022-09-02T00:30:00-00:00,2022-09-01,18,ALHAMBRA_1_N001,ALHAMBRA_1_N001,ALHAMBRA_1_N001,RTPD,MCC,LMP_CONG_PRC,ALHAMBRA_1_N001,ALL,1,347.4786,2,2
2022-09-02T01:15:00-00:00,2022-09-02T01:30:00-00:00,2022-09-01,19,ALHAMBRA_1_N001,ALHAMBRA_1_N001,ALHAMBRA_1_N001,RTPD,MCC,LMP_CONG_PRC,ALHAMBRA_1_N001,ALL,1,0,2,2
2022-09-02T02:15:00-00:00,2022-09-02T02:30:00-00:00,2022-09-01,20,ALHAMBRA_1_N001,ALHAMBRA_1_N001,ALHAMBRA_1_N001,RTPD,MCC,LMP_CONG_PRC,ALHAMBRA_1_N001,ALL,1,0,2,2
2022-09-02T03:15:00-00:00,2022-09-02T03:30:00-00:00,2022-09-01,21,ALHAMBRA_1_N001,ALHAMBRA_1_N001,ALHAMBRA_1_N001,RTPD,MCC,LMP_CONG_PRC,ALHAMBRA_1_N001,ALL,1,153.02512,2,2
2022-09-02T04:15:00-00:00,2022-09-02T04:30:00-00:00,2022-09-01,22,ALHAMBRA_1_N001,ALHAMBRA_1_N001,ALHAMBRA_1_N001,RTPD,MCC,LMP_CONG_PRC,ALHAMBRA_1_N001,ALL,1,0,2,2
2022-09-02T05:15:00-00:00,2022-09-02T05:30:00-00:00,2022-09-01,23,ALHAMBRA_1_N001,ALHAMBRA_1_N001,ALHAMBRA_1_N001,RTPD,MCC,LMP_CONG_PRC,ALHAMBRA_1_N001,ALL,1,0,2,2
2022-09-02T06:15:00-00:00,2022-09-02T06:30:00-00:00,2022-09-01,24,ALHAMBRA_1_N001,ALHAMBRA_1_N001,ALHAMBRA_1_N001,RTPD,MCC,LMP_CONG_PRC,ALHAMBRA_1_N001,ALL,1,0,2,2
2022-09-01T07:30:00-00:00,2022-09-01T07:45:00-00:00,2022-09-01,01,ALHAMBRA_1_N001,ALHAMBRA_1_N001,ALHAMBRA_1_N001,RTPD,MCC,LMP_CONG_PRC,ALHAMBRA_1_N001,ALL,1,-16.2046,3,2
2022-09-01T08:30:00-00:00,2022-09-01T08:45:00-00:00,2022-09-01,02,ALHAMBRA_1_N001,ALHAMBRA_1_N001,ALHAMBRA_1_N001,RTPD,MCC,LMP_CONG_PRC,ALHAMBRA_1_N001,ALL,1,-0.00087,3,2
2022-09-01T09:30:00-00:00,2022-09-01T09:45:00-00:00,2022-09-01,03,ALHAMBRA_1_N001,ALHAMBRA_1_N001,ALHAMBRA_1_N001,RTPD,MCC,LMP_CONG_PRC,ALHAMBRA_1_N001,ALL,1,-5.8378,3,2
2022-09-01T10:30:00-00:00,2022-09-01T10:45:00-00:00,2022-09-01,04,ALHAMBRA_1_N001,ALHAMBRA_1_N001,ALHAMBRA_1_N001,RTPD,MCC,LMP_CONG_PRC,ALHAMBRA_1_N001,ALL,1,-3.1075,3,2
2022-09-01T11:30:00-00:00,2022-09-01T11:45:00-00:00,2022-09-01,05,ALHAMBRA_1_N001,ALHAMBRA_1_N001,ALHAMBRA_1_N001,RTPD,MCC,LMP_CONG_PRC,ALHAMBRA_1_N001,ALL,1,0,3,2
2022-09-01T12:30:00-00:00,2022-09-01T12:45:00-00:00,2022-09-01,06,ALHAMBRA_1_N001,ALHAMBRA_1_N001,ALHAMBRA_1_N001,RTPD,MCC,LMP_CONG_PRC,ALHAMBRA_1_N001,ALL,1,-10.56096,3,2
2022-09-01T13:30:00-00:00,2022-09-01T13:45:00-00:00,2022-09-01,07,ALHAMBRA_1_N001,ALHAMBRA_1_N001,ALHAMBRA_1_N001,RTPD,MCC,LMP_CONG_PRC,ALHAMBRA_1_N001,ALL,1,0,3,2
2022-09-01T14:30:00-00:00,2022-09-01T14:45:00-00:00,2022-09-01,08,ALHAMBRA_1_N001,ALHAMBRA_1_N001,ALHAMBRA_1_N001,RTPD,MCC,LMP_CONG_PRC,ALHAMBRA_1_N001,ALL,1,0,3,2
2022-09-01T15:30:00-00:00,2022-09-01T15:45:00-00:00,2022-09-01,09,ALHAMBRA_1_N001,ALHAMBRA_1_N001,ALHAMBRA_1_N001,RTPD,MCC,LMP_CONG_PRC,ALHAMBRA_1_N001,ALL,1,0,3,2
2022-09-01T16:30:00-00:00,2022-09-01T16:45:00-00:00,2022-09-01,10,ALHAMBRA_1_N001,ALHAMBRA_1_N001,ALHAMBRA_1_N001,RTPD,MCC,LMP_CONG_PRC,ALHAMBRA_1_N001,ALL,1,-13.71955,3,2
2022-09-01T17:30:00-00:00,2022-09-01T17:45:00-00:00,2022-09-01,11,ALHAMBRA_1_N001,ALHAMBRA_1_N001,ALHAMBRA_1_N001,RTPD,MCC,LMP_CONG_PRC,ALHAMBRA_1_N001,ALL,1,-20.45074,3,2
2022-09-01T18:30:00-00:00,2022-09-01T18:45:00-00:00,2022-09-01,12,ALHAMBRA_1_N001,ALHAMBRA_1_N001,ALHAMBRA_1_N001,RTPD,MCC,LMP_CONG_PRC,ALHAMBRA_1_N001,ALL,1,-27.58157,3,2
2022-09-01T19:30:00-00:00,2022-09-01T19:45:00-00:00,2022-09-01,13,ALHAMBRA_1_N001,ALHAMBRA_1_N001,ALHAMBRA_1_N001,RTPD,MCC,LMP_CONG_PRC,ALHAMBRA_1_N001,ALL,1,-12.72038,3,2
2022-09-01T20:30:00-00:00,2022-09-01T20:45:00-00:00,2022-09-01,14,ALHAMBRA_1_N001,ALHAMBRA_1_N001,ALHAMBRA_1_N001,RTPD,MCC,LMP_CONG_PRC,ALHAMBRA_1_N001,ALL,1,-12.80837,3,2
2022-09-01T21:30:00-00:00,2022-09-01T21:45:00-00:00,2022-09-01,15,ALHAMBRA_1_N001,ALHAMBRA_1_N001,ALHAMBRA_1_N001,RTPD,MCC,LMP_CONG_PRC,ALHAMBRA_1_N001,ALL,1,-24.76933,3,2
2022-09-01T22:30:00-00:00,2022-09-01T22:45:00-00:00,2022-09-01,16,ALHAMBRA_1_N001,ALHAMBRA_1_N001,ALHAMBRA_1_N001,RTPD,MCC,LMP_CONG_PRC,ALHAMBRA_1_N001,ALL,1,-126.9379,3,2
2022-09-01T23:30:00-00:00,2022-09-01T23:45:00-00:00,2022-09-01,17,ALHAMBRA_1_N001,ALHAMBRA_1_N001,ALHAMBRA_1_N001,RTPD,MCC,LMP_CONG_PRC,ALHAMBRA_1_N001,ALL,1,0,3,2
2022-09-02T00:30:00-00:00,2022-09-02T00:45:00-00:00,2022-09-01,18,ALHAMBRA_1_N001,ALHAMBRA_1_N001,ALHAMBRA_1_N001,RTPD,MCC,LMP_CONG_PRC,ALHAMBRA_1_N001,ALL,1,490.07565,3,2
2022-09-02T01:30:00-00:00,2022-09-02T01:45:00-00:00,2022-09-01,19,ALHAMBRA_1_N001,ALHAMBRA_1_N001,ALHAMBRA_1_N001,RTPD,MCC,LMP_CONG_PRC,ALHAMBRA_1_N001,ALL,1,0,3,2
2022-09-02T02:30:00-00:00,2022-09-02T02:45:00-00:00,2022-09-01,20,ALHAMBRA_1_N001,ALHAMBRA_1_N001,ALHAMBRA_1_N001,RTPD,MCC,LMP_CONG_PRC,ALHAMBRA_1_N001,ALL,1,0,3,2
2022-09-02T03:30:00-00:00,2022-09-02T03:45:00-00:00,2022-09-01,21,ALHAMBRA_1_N001,ALHAMBRA_1_N001,ALHAMBRA_1_N001,RTPD,MCC,LMP_CONG_PRC,ALHAMBRA_1_N001,ALL,1,34.41634,3,2
2022-09-02T04:30:00-00:00,2022-09-02T04:45:00-00:00,2022-09-01,22,ALHAMBRA_1_N001,ALHAMBRA_1_N001,ALHAMBRA_1_N001,RTPD,MCC,LMP_CONG_PRC,ALHAMBRA_1_N001,ALL,1,0,3,2
2022-09-02T05:30:00-00:00,2022-09-02T05:45:00-00:00,2022-09-01,23,ALHAMBRA_1_N001,ALHAMBRA_1_N001,ALHAMBRA_1_N001,RTPD,MCC,LMP_CONG_PRC,ALHAMBRA_1_N001,ALL,1,0,3,2
2022-09-02T06:30:00-00:00,2022-09-02T06:45:00-00:00,2022-09-01,24,ALHAMBRA_1_N001,ALHAMBRA_1_N001,ALHAMBRA_1_N001,RTPD,MCC,LMP_CONG_PRC,ALHAMBRA_1_N001,ALL,1,0,3,2
2022-09-01T07:45:00-00:00,2022-09-01T08:00:00-00:00,2022-09-01,01,ALHAMBRA_1_N001,ALHAMBRA_1_N001,ALHAMBRA_1_N001,RTPD,MCC,LMP_CONG_PRC,ALHAMBRA_1_N001,ALL,1,-18.47064,4,2
2022-09-01T08:45:00-00:00,2022-09-01T09:00:00-00:00,2022-09-01,02,ALHAMBRA_1_N001,ALHAMBRA_1_N001,ALHAMBRA_1_N001,RTPD,MCC,LMP_CONG_PRC,ALHAMBRA_1_N001,ALL,1,-4.50892,4,2
2022-09-01T09:45:00-00:00,2022-09-01T10:00:00-00:00,2022-09-01,03,ALHAMBRA_1_N001,ALHAMBRA_1_N001,ALHAMBRA_1_N001,RTPD,MCC,LMP_CONG_PRC,ALHAMBRA_1_N001,ALL,1,-5.20807,4,2
2022-09-01T10:45:00-00:00,2022-09-01T11:00:00-00:00,2022-09-01,04,ALHAMBRA_1_N001,ALHAMBRA_1_N001,ALHAMBRA_1_N001,RTPD,MCC,LMP_CONG_PRC,ALHAMBRA_1_N001,ALL,1,-1.221,4,2
2022-09-01T11:45:00-00:00,2022-09-01T12:00:00-00:00,2022-09-01,05,ALHAMBRA_1_N001,ALHAMBRA_1_N001,ALHAMBRA_1_N001,RTPD,MCC,LMP_CONG_PRC,ALHAMBRA_1_N001,ALL,1,0,4,2
2022-09-01T12:45:00-00:00,2022-09-01T13:00:00-00:00,2022-09-01,06,ALHAMBRA_1_N001,ALHAMBRA_1_N001,ALHAMBRA_1_N001,RTPD,MCC,LMP_CONG_PRC,ALHAMBRA_1_N001,ALL,1,-2.35115,4,2
2022-09-01T13:45:00-00:00,2022-09-01T14:00:00-00:00,2022-09-01,07,ALHAMBRA_1_N001,ALHAMBRA_1_N001,ALHAMBRA_1_N001,RTPD,MCC,LMP_CONG_PRC,ALHAMBRA_1_N001,ALL,1,0,4,2
2022-09-01T14:45:00-00:00,2022-09-01T15:00:00-00:00,2022-09-01,08,ALHAMBRA_1_N001,ALHAMBRA_1_N001,ALHAMBRA_1_N001,RTPD,MCC,LMP_CONG_PRC,ALHAMBRA_1_N001,ALL,1,0,4,2
2022-09-01T15:45:00-00:00,2022-09-01T16:00:00-00:00,2022-09-01,09,ALHAMBRA_1_N001,ALHAMBRA_1_N001,ALHAMBRA_1_N001,RTPD,MCC,LMP_CONG_PRC,ALHAMBRA_1_N001,ALL,1,0,4,2
2022-09-01T16:45:00-00:00,2022-09-01T17:00:00-00:00,2022-09-01,10,ALHAMBRA_1_N001,ALHAMBRA_1_N001,ALHAMBRA_1_N001,RTPD,MCC,LMP_CONG_PRC,ALHAMBRA_1_N001,ALL,1,-12.42383,4,2
2022-09-01T17:45:00-00:00,2022-09-01T18:00:00-00:00,2022-09-01,11,ALHAMBRA_1_N001,ALHAMBRA_1_N001,ALHAMBRA_1_N001,RTPD,MCC,LMP_CONG_PRC,ALHAMBRA_1_N001,ALL,1,-20.13589,4,2
2022-09-01T18:45:00-00:00,2022-09-01T19:00:00-00:00,2022-09-01,12,ALHAMBRA_1_N001,ALHAMBRA_1_N001,ALHAMBRA_1_N001,RTPD,MCC,LMP_CONG_PRC,ALHAMBRA_1_N001,ALL,1,-27.476,4,2
2022-09-01T19:45:00-00:00,2022-09-01T20:00:00-00:00,2022-09-01,13,ALHAMBRA_1_N001,ALHAMBRA_1_N001,ALHAMBRA_1_N001,RTPD,MCC,LMP_CONG_PRC,ALHAMBRA_1_N001,ALL,1,-13.72741,4,2
2022-09-01T20:45:00-00:00,2022-09-01T21:00:00-00:00,2022-09-01,14,ALHAMBRA_1_N001,ALHAMBRA_1_N001,ALHAMBRA_1_N001,RTPD,MCC,LMP_CONG_PRC,ALHAMBRA_1_N001,ALL,1,-28.51576,4,2
2022-09-01T21:45:00-00:00,2022-09-01T22:00:00-00:00,2022-09-01,15,ALHAMBRA_1_N001,ALHAMBRA_1_N001,ALHAMBRA_1_N001,RTPD,MCC,LMP_CONG_PRC,ALHAMBRA_1_N001,ALL,1,-89.98845,4,2
2022-09-01T22:45:00-00:00,2022-09-01T23:00:00-00:00,2022-09-01,16,ALHAMBRA_1_N001,ALHAMBRA_1_N001,ALHAMBRA_1_N001,RTPD,MCC,LMP_CONG_PRC,ALHAMBRA_1_N001,ALL,1,-257.82022,4,2
2022-09-01T23:45:00-00:00,2022-09-02T00:00:00-00:00,2022-09-01,17,ALHAMBRA_1_N001,ALHAMBRA_1_N001,ALHAMBRA_1_N001,RTPD,MCC,LMP_CONG_PRC,ALHAMBRA_1_N001,ALL,1,426.88116,4,2
2022-09-02T00:45:00-00:00,2022-09-02T01:00:00-00:00,2022-09-01,18,ALHAMBRA_1_N001,ALHAMBRA_1_N001,ALHAMBRA_1_N001,RTPD,MCC,LMP_CONG_PRC,ALHAMBRA_1_N001,ALL,1,308.5569,4,2
2022-09-02T01:45:00-00:00,2022-09-02T02:00:00-00:00,2022-09-01,19,ALHAMBRA_1_N001,ALHAMBRA_1_N001,ALHAMBRA_1_N001,RTPD,MCC,LMP_CONG_PRC,ALHAMBRA_1_N001,ALL,1,0,4,2
2022-09-02T02:45:00-00:00,2022-09-02T03:00:00-00:00,2022-09-01,20,ALHAMBRA_1_N001,ALHAMBRA_1_N001,ALHAMBRA_1_N001,RTPD,MCC,LMP_CONG_PRC,ALHAMBRA_1_N001,ALL,1,139.93799,4,2
2022-09-02T03:45:00-00:00,2022-09-02T04:00:00-00:00,2022-09-01,21,ALHAMBRA_1_N001,ALHAMBRA_1_N001,ALHAMBRA_1_N001,RTPD,MCC,LMP_CONG_PRC,ALHAMBRA_1_N001,ALL,1,20.04418,4,2
2022-09-02T04:45:00-00:00,2022-09-02T05:00:00-00:00,2022-09-01,22,ALHAMBRA_1_N001,ALHAMBRA_1_N001,ALHAMBRA_1_N001,RTPD,MCC,LMP_CONG_PRC,ALHAMBRA_1_N001,ALL,1,0,4,2
2022-09-02T05:45:00-00:00,2022-09-02T06:00:00-00:00,2022-09-01,23,ALHAMBRA_1_N001,ALHAMBRA_1_N001,ALHAMBRA_1_N001,RTPD,MCC,LMP_CONG_PRC,ALHAMBRA_1_N001,ALL,1,-4.7152,4,2
2022-09-02T06:45:00-00:00,2022-09-02T07:00:00-00:00,2022-09-01,24,ALHAMBRA_1_N001,ALHAMBRA_1_N001,ALHAMBRA_1_N001,RTPD,MCC,LMP_CONG_PRC,ALHAMBRA_1_N001,ALL,1,0,4,2
2022-09-01T07:00:00-00:00,2022-09-01T07:15:00-00:00,2022-09-01,01,ALHAMBRA_1_N001,ALHAMBRA_1_N001,ALHAMBRA_1_N001,RTPD,MCE,LMP_ENE_PRC,ALHAMBRA_1_N001,ALL,1,104.23471,1,3
2022-09-01T08:00:00-00:00,2022-09-01T08:15:00-00:00,2022-09-01,02,ALHAMBRA_1_N001,ALHAMBRA_1_N001,ALHAMBRA_1_N001,RTPD,MCE,LMP_ENE_PRC,ALHAMBRA_1_N001,ALL,1,115.5488,1,3
2022-09-01T09:00:00-00:00,2022-09-01T09:15:00-00:00,2022-09-01,03,ALHAMBRA_1_N001,ALHAMBRA_1_N001,ALHAMBRA_1_N001,RTPD,MCE,LMP_ENE_PRC,ALHAMBRA_1_N001,ALL,1,99.73061,1,3
2022-09-01T10:00:00-00:00,2022-09-01T10:15:00-00:00,2022-09-01,04,ALHAMBRA_1_N001,ALHAMBRA_1_N001,ALHAMBRA_1_N001,RTPD,MCE,LMP_ENE_PRC,ALHAMBRA_1_N001,ALL,1,98.64222,1,3
2022-09-01T11:00:00-00:00,2022-09-01T11:15:00-00:00,2022-09-01,05,ALHAMBRA_1_N001,ALHAMBRA_1_N001,ALHAMBRA_1_N001,RTPD,MCE,LMP_ENE_PRC,ALHAMBRA_1_N001,ALL,1,102.56859,1,3
2022-09-01T12:00:00-00:00,2022-09-01T12:15:00-00:00,2022-09-01,06,ALHAMBRA_1_N001,ALHAMBRA_1_N001,ALHAMBRA_1_N001,RTPD,MCE,LMP_ENE_PRC,ALHAMBRA_1_N001,ALL,1,96.90845,1,3
2022-09-01T13:00:00-00:00,2022-09-01T13:15:00-00:00,2022-09-01,07,ALHAMBRA_1_N001,ALHAMBRA_1_N001,ALHAMBRA_1_N001,RTPD,MCE,LMP_ENE_PRC,ALHAMBRA_1_N001,ALL,1,101.80878,1,3
2022-09-01T14:00:00-00:00,2022-09-01T14:15:00-00:00,2022-09-01,08,ALHAMBRA_1_N001,ALHAMBRA_1_N001,ALHAMBRA_1_N001,RTPD,MCE,LMP_ENE_PRC,ALHAMBRA_1_N001,ALL,1,111.11219,1,3
2022-09-01T15:00:00-00:00,2022-09-01T15:15:00-00:00,2022-09-01,09,ALHAMBRA_1_N001,ALHAMBRA_1_N001,ALHAMBRA_1_N001,RTPD,MCE,LMP_ENE_PRC,ALHAMBRA_1_N001,ALL,1,97.4112,1,3
2022-09-01T16:00:00-00:00,2022-09-01T16:15:00-00:00,2022-09-01,10,ALHAMBRA_1_N001,ALHAMBRA_1_N001,ALHAMBRA_1_N001,RTPD,MCE,LMP_ENE_PRC,ALHAMBRA_1_N001,ALL,1,83.43525,1,3
2022-09-01T17:00:00-00:00,2022-09-01T17:15:00-00:00,2022-09-01,11,ALHAMBRA_1_N001,ALHAMBRA_1_N001,ALHAMBRA_1_N001,RTPD,MCE,LMP_ENE_PRC,ALHAMBRA_1_N001,ALL,1,96.94897,1,3
2022-09-01T18:00:00-00:00,2022-09-01T18:15:00-00:00,2022-09-01,12,ALHAMBRA_1_N001,ALHAMBRA_1_N001,ALHAMBRA_1_N001,RTPD,MCE,LMP_ENE_PRC,ALHAMBRA_1_N001,ALL,1,91.59291,1,3
2022-09-01T19:00:00-00:00,2022-09-01T19:15:00-00:00,2022-09-01,13,ALHAMBRA_1_N001,ALHAMBRA_1_N001,ALHAMBRA_1_N001,RTPD,MCE,LMP_ENE_PRC,ALHAMBRA_1_N001,ALL,1,109.19637,1,3
2022-09-01T20:00:00-00:00,2022-09-01T20:15:00-00:00,2022-09-01,14,ALHAMBRA_1_N001,ALHAMBRA_1_N001,ALHAMBRA_1_N001,RTPD,MCE,LMP_ENE_PRC,ALHAMBRA_1_N001,ALL,1,117.94359,1,3
2022-09-01T21:00:00-00:00,2022-09-01T21:15:00-00:00,2022-09-01,15,ALHAMBRA_1_N001,ALHAMBRA_1_N001,ALHAMBRA_1_N001,RTPD,MCE,LMP_ENE_PRC,ALHAMBRA_1_N001,ALL,1,226.61499,1,3
2022-09-01T22:00:00-00:00,2022-09-01T22:15:00-00:00,2022-09-01,16,ALHAMBRA_1_N001,ALHAMBRA_1_N001,ALHAMBRA_1_N001,RTPD,MCE,LMP_ENE_PRC,ALHAMBRA_1_N001,ALL,1,229.18552,1,3
2022-09-01T23:00:00-00:00,2022-09-01T23:15:00-00:00,2022-09-01,17,ALHAMBRA_1_N001,ALHAMBRA_1_N001,ALHAMBRA_1_N001,RTPD,MCE,LMP_ENE_PRC,ALHAMBRA_1_N001,ALL,1,386.7537,1,3
2022-09-02T00:00:00-00:00,2022-09-02T00:15:00-00:00,2022-09-01,18,ALHAMBRA_1_N001,ALHAMBRA_1_N001,ALHAMBRA_1_N001,RTPD,MCE,LMP_ENE_PRC,ALHAMBRA_1_N001,ALL,1,770.58136,1,3
2022-09-02T01:00:00-00:00,2022-09-02T01:15:00-00:00,2022-09-01,19,ALHAMBRA_1_N001,ALHAMBRA_1_N001,ALHAMBRA_1_N001,RTPD,MCE,LMP_ENE_PRC,ALHAMBRA_1_N001,ALL,1,916.27124,1,3
2022-09-02T02:00:00-00:00,2022-09-02T02:15:00-00:00,2022-09-01,20,ALHAMBRA_1_N001,ALHAMBRA_1_N001,ALHAMBRA_1_N001,RTPD,MCE,LMP_ENE_PRC,ALHAMBRA_1_N001,ALL,1,1991.6721,1,3
2022-09-02T03:00:00-00:00,2022-09-02T03:15:00-00:00,2022-09-01,21,ALHAMBRA_1_N001,ALHAMBRA_1_N001,ALHAMBRA_1_N001,RTPD,MCE,LMP_ENE_PRC,ALHAMBRA_1_N001,ALL,1,917.5508,1,3
2022-09-02T04:00:00-00:00,2022-09-02T04:15:00-00:00,2022-09-01,22,ALHAMBRA_1_N001,ALHAMBRA_1_N001,ALHAMBRA_1_N001,RTPD,MCE,LMP_ENE_PRC,ALHAMBRA_1_N001,ALL,1,257.83005,1,3
2022-09-02T05:00:00-00:00,2022-09-02T05:15:00-00:00,2022-09-01,23,ALHAMBRA_1_N001,ALHAMBRA_1_N001,ALHAMBRA_1_N001,RTPD,MCE,LMP_ENE_PRC,ALHAMBRA_1_N001,ALL,1,183.24657,1,3
2022-09-02T06:00:00-00:00,2022-09-02T06:15:00-00:00,2022-09-01,24,ALHAMBRA_1_N001,ALHAMBRA_1_N001,ALHAMBRA_1_N001,RTPD,MCE,LMP_ENE_PRC,ALHAMBRA_1_N001,ALL,1,158.867,1,3
2022-09-01T07:15:00-00:00,2022-09-01T07:30:00-00:00,2022-09-01,01,ALHAMBRA_1_N001,ALHAMBRA_1_N001,ALHAMBRA_1_N001,RTPD,MCE,LMP_ENE_PRC,ALHAMBRA_1_N001,ALL,1,125.55144,2,3
2022-09-01T08:15:00-00:00,2022-09-01T08:30:00-00:00,2022-09-01,02,ALHAMBRA_1_N001,ALHAMBRA_1_N001,ALHAMBRA_1_N001,RTPD,MCE,LMP_ENE_PRC,ALHAMBRA_1_N001,ALL,1,115.53165,2,3
2022-09-01T09:15:00-00:00,2022-09-01T09:30:00-00:00,2022-09-01,03,ALHAMBRA_1_N001,ALHAMBRA_1_N001,ALHAMBRA_1_N001,RTPD,MCE,LMP_ENE_PRC,ALHAMBRA_1_N001,ALL,1,98.30543,2,3
2022-09-01T10:15:00-00:00,2022-09-01T10:30:00-00:00,2022-09-01,04,ALHAMBRA_1_N001,ALHAMBRA_1_N001,ALHAMBRA_1_N001,RTPD,MCE,LMP_ENE_PRC,ALHAMBRA_1_N001,ALL,1,97.00684,2,3
2022-09-01T11:15:00-00:00,2022-09-01T11:30:00-00:00,2022-09-01,05,ALHAMBRA_1_N001,ALHAMBRA_1_N001,ALHAMBRA_1_N001,RTPD,MCE,LMP_ENE_PRC,ALHAMBRA_1_N001,ALL,1,103.09059,2,3
2022-09-01T12:15:00-00:00,2022-09-01T12:30:00-00:00,2022-09-01,06,ALHAMBRA_1_N001,ALHAMBRA_1_N001,ALHAMBRA_1_N001,RTPD,MCE,LMP_ENE_PRC,ALHAMBRA_1_N001,ALL,1,109.32203,2,3
2022-09-01T13:15:00-00:00,2022-09-01T13:30:00-00:00,2022-09-01,07,ALHAMBRA_1_N001,ALHAMBRA_1_N001,ALHAMBRA_1_N001,RTPD,MCE,LMP_ENE_PRC,ALHAMBRA_1_N001,ALL,1,110.97827,2,3
2022-09-01T14:15:00-00:00,2022-09-01T14:30:00-00:00,2022-09-01,08,ALHAMBRA_1_N001,ALHAMBRA_1_N001,ALHAMBRA_1_N001,RTPD,MCE,LMP_ENE_PRC,ALHAMBRA_1_N001,ALL,1,104.78743,2,3
2022-09-01T15:15:00-00:00,2022-09-01T15:30:00-00:00,2022-09-01,09,ALHAMBRA_1_N001,ALHAMBRA_1_N001,ALHAMBRA_1_N001,RTPD,MCE,LMP_ENE_PRC,ALHAMBRA_1_N001,ALL,1,86.9388,2,3
2022-09-01T16:15:00-00:00,2022-09-01T16:30:00-00:00,2022-09-01,10,ALHAMBRA_1_N001,ALHAMBRA_1_N001,ALHAMBRA_1_N001,RTPD,MCE,LMP_ENE_PRC,ALHAMBRA_1_N001,ALL,1,89.44858,2,3
2022-09-01T17:15:00-00:00,2022-09-01T17:30:00-00:00,2022-09-01,11,ALHAMBRA_1_N001,ALHAMBRA_1_N001,ALHAMBRA_1_N001,RTPD,MCE,LMP_ENE_PRC,ALHAMBRA_1_N001,ALL,1,99.34673,2,3
2022-09-01T18:15:00-00:00,2022-09-01T18:30:00-00:00,2022-09-01,12,ALHAMBRA_1_N001,ALHAMBRA_1_N001,ALHAMBRA_1_N001,RTPD,MCE,LMP_ENE_PRC,ALHAMBRA_1_N001,ALL,1,101.15901,2,3
2022-09-01T19:15:00-00:00,2022-09-01T19:30:00-00:00,2022-09-01,13,ALHAMBRA_1_N001,ALHAMBRA_1_N001,ALHAMBRA_1_N001,RTPD,MCE,LMP_ENE_PRC,ALHAMBRA_1_N001,ALL,1,105.30588,2,3
2022-09-01T20:15:00-00:00,2022-09-01T20:30:00-00:00,2022-09-01,14,ALHAMBRA_1_N001,ALHAMBRA_1_N001,ALHAMBRA_1_N001,RTPD,MCE,LMP_ENE_PRC,ALHAMBRA_1_N001,ALL,1,117.49421,2,3
2022-09-01T21:15:00-00:00,2022-09-01T21:30:00-00:00,2022-09-01,15,ALHAMBRA_1_N001,ALHAMBRA_1_N001,ALHAMBRA_1_N001,RTPD,MCE,LMP_ENE_PRC,ALHAMBRA_1_N001,ALL,1,147.21185,2,3
2022-09-01T22:15:00-00:00,2022-09-01T22:30:00-00:00,2022-09-01,16,ALHAMBRA_1_N001,ALHAMBRA_1_N001,ALHAMBRA_1_N001,RTPD,MCE,LMP_ENE_PRC,ALHAMBRA_1_N001,ALL,1,256.58734,2,3
2022-09-01T23:15:00-00:00,2022-09-01T23:30:00-00:00,2022-09-01,17,ALHAMBRA_1_N001,ALHAMBRA_1_N001,ALHAMBRA_1_N001,RTPD,MCE,LMP_ENE_PRC,ALHAMBRA_1_N001,ALL,1,362.12408,2,3
2022-09-02T00:15:00-00:00,2022-09-02T00:30:00-00:00,2022-09-01,18,ALHAMBRA_1_N001,ALHAMBRA_1_N001,ALHAMBRA_1_N001,RTPD,MCE,LMP_ENE_PRC,ALHAMBRA_1_N001,ALL,1,691.2182,2,3
2022-09-02T01:15:00-00:00,2022-09-02T01:30:00-00:00,2022-09-01,19,ALHAMBRA_1_N001,ALHAMBRA_1_N001,ALHAMBRA_1_N001,RTPD,MCE,LMP_ENE_PRC,ALHAMBRA_1_N001,ALL,1,1999.9933,2,3
2022-09-02T02:15:00-00:00,2022-09-02T02:30:00-00:00,2022-09-01,20,ALHAMBRA_1_N001,ALHAMBRA_1_N001,ALHAMBRA_1_N001,RTPD,MCE,LMP_ENE_PRC,ALHAMBRA_1_N001,ALL,1,1991.6721,2,3
2022-09-02T03:15:00-00:00,2022-09-02T03:30:00-00:00,2022-09-01,21,ALHAMBRA_1_N001,ALHAMBRA_1_N001,ALHAMBRA_1_N001,RTPD,MCE,LMP_ENE_PRC,ALHAMBRA_1_N001,ALL,1,400.52884,2,3
2022-09-02T04:15:00-00:00,2022-09-02T04:30:00-00:00,2022-09-01,22,ALHAMBRA_1_N001,ALHAMBRA_1_N001,ALHAMBRA_1_N001,RTPD,MCE,LMP_ENE_PRC,ALHAMBRA_1_N001,ALL,1,224.75041,2,3
2022-09-02T05:15:00-00:00,2022-09-02T05:30:00-00:00,2022-09-01,23,ALHAMBRA_1_N001,ALHAMBRA_1_N001,ALHAMBRA_1_N001,RTPD,MCE,LMP_ENE_PRC,ALHAMBRA_1_N001,ALL,1,157.11986,2,3
2022-09-02T06:15:00-00:00,2022-09-02T06:30:00-00:00,2022-09-01,24,ALHAMBRA_1_N001,ALHAMBRA_1_N001,ALHAMBRA_1_N001,RTPD,MCE,LMP_ENE_PRC,ALHAMBRA_1_N001,ALL,1,143.1005,2,3
2022-09-01T07:30:00-00:00,2022-09-01T07:45:00-00:00,2022-09-01,01,ALHAMBRA_1_N001,ALHAMBRA_1_N001,ALHAMBRA_1_N001,RTPD,MCE,LMP_ENE_PRC,ALHAMBRA_1_N001,ALL,1,119.03196,3,3
2022-09-01T08:30:00-00:00,2022-09-01T08:45:00-00:00,2022-09-01,02,ALHAMBRA_1_N001,ALHAMBRA_1_N001,ALHAMBRA_1_N001,RTPD,MCE,LMP_ENE_PRC,ALHAMBRA_1_N001,ALL,1,111.11241,3,3
2022-09-01T09:30:00-00:00,2022-09-01T09:45:00-00:00,2022-09-01,03,ALHAMBRA_1_N001,ALHAMBRA_1_N001,ALHAMBRA_1_N001,RTPD,MCE,LMP_ENE_PRC,ALHAMBRA_1_N001,ALL,1,98.16228,3,3
2022-09-01T10:30:00-00:00,2022-09-01T10:45:00-00:00,2022-09-01,04,ALHAMBRA_1_N001,ALHAMBRA_1_N001,ALHAMBRA_1_N001,RTPD,MCE,LMP_ENE_PRC,ALHAMBRA_1_N001,ALL,1,96.36226,3,3
2022-09-01T11:30:00-00:00,2022-09-01T11:45:00-00:00,2022-09-01,05,ALHAMBRA_1_N001,ALHAMBRA_1_N001,ALHAMBRA_1_N001,RTPD,MCE,LMP_ENE_PRC,ALHAMBRA_1_N001,ALL,1,103.06198,3,3
2022-09-01T12:30:00-00:00,2022-09-01T12:45:00-00:00,2022-09-01,06,ALHAMBRA_1_N001,ALHAMBRA_1_N001,ALHAMBRA_1_N001,RTPD,MCE,LMP_ENE_PRC,ALHAMBRA_1_N001,ALL,1,113.57403,3,3
2022-09-01T13:30:00-00:00,2022-09-01T13:45:00-00:00,2022-09-01,07,ALHAMBRA_1_N001,ALHAMBRA_1_N001,ALHAMBRA_1_N001,RTPD,MCE,LMP_ENE_PRC,ALHAMBRA_1_N001,ALL,1,111.52025,3,3
2022-09-01T14:30:00-00:00,2022-09-01T14:45:00-00:00,2022-09-01,08,ALHAMBRA_1_N001,ALHAMBRA_1_N001,ALHAMBRA_1_N001,RTPD,MCE,LMP_ENE_PRC,ALHAMBRA_1_N001,ALL,1,101.83428,3,3
2022-09-01T15:30:00-00:00,2022-09-01T15:45:00-00:00,2022-09-01,09,ALHAMBRA_1_N001,ALHAMBRA_1_N001,ALHAMBRA_1_N001,RTPD,MCE,LMP_ENE_PRC,ALHAMBRA_1_N001,ALL,1,86.1388,3,3
2022-09-01T16:30:00-00:00,2022-09-01T16:45:00-00:00,2022-09-01,10,ALHAMBRA_1_N001,ALHAMBRA_1_N001,ALHAMBRA_1_N001,RTPD,MCE,LMP_ENE_PRC,ALHAMBRA_1_N001,ALL,1,88.79644,3,3
2022-09-01T17:30:00-00:00,2022-09-01T17:45:00-00:00,2022-09-01,11,ALHAMBRA_1_N001,ALHAMBRA_1_N001,ALHAMBRA_1_N001,RTPD,MCE,LMP_ENE_PRC,ALHAMBRA_1_N001,ALL,1,99.13013,3,3
2022-09-01T18:30:00-00:00,2022-09-01T18:45:00-00:00,2022-09-01,12,ALHAMBRA_1_N001,ALHAMBRA_1_N001,ALHAMBRA_1_N001,RTPD,MCE,LMP_ENE_PRC,ALHAMBRA_1_N001,ALL,1,107.05718,3,3
2022-09-01T19:30:00-00:00,2022-09-01T19:45:00-00:00,2022-09-01,13,ALHAMBRA_1_N001,ALHAMBRA_1_N001,ALHAMBRA_1_N001,RTPD,MCE,LMP_ENE_PRC,ALHAMBRA_1_N001,ALL,1,114.05905,3,3
2022-09-01T20:30:00-00:00,2022-09-01T20:45:00-00:00,2022-09-01,14,ALHAMBRA_1_N001,ALHAMBRA_1_N001,ALHAMBRA_1_N001,RTPD,MCE,LMP_ENE_PRC,ALHAMBRA_1_N001,ALL,1,129.81606,3,3
2022-09-01T21:30:00-00:00,2022-09-01T21:45:00-00:00,2022-09-01,15,ALHAMBRA_1_N001,ALHAMBRA_1_N001,ALHAMBRA_1_N001,RTPD,MCE,LMP_ENE_PRC,ALHAMBRA_1_N001,ALL,1,152.93057,3,3
2022-09-01T22:30:00-00:00,2022-09-01T22:45:00-00:00,2022-09-01,16,ALHAMBRA_1_N001,ALHAMBRA_1_N001,ALHAMBRA_1_N001,RTPD,MCE,LMP_ENE_PRC,ALHAMBRA_1_N001,ALL,1,283.18182,3,3
2022-09-01T23:30:00-00:00,2022-09-01T23:45:00-00:00,2022-09-01,17,ALHAMBRA_1_N001,ALHAMBRA_1_N001,ALHAMBRA_1_N001,RTPD,MCE,LMP_ENE_PRC,ALHAMBRA_1_N001,ALL,1,566.48157,3,3
2022-09-02T00:30:00-00:00,2022-09-02T00:45:00-00:00,2022-09-01,18,ALHAMBRA_1_N001,ALHAMBRA_1_N001,ALHAMBRA_1_N001,RTPD,MCE,LMP_ENE_PRC,ALHAMBRA_1_N001,ALL,1,1329.1127,3,3
2022-09-02T01:30:00-00:00,2022-09-02T01:45:00-00:00,2022-09-01,19,ALHAMBRA_1_N001,ALHAMBRA_1_N001,ALHAMBRA_1_N001,RTPD,MCE,LMP_ENE_PRC,ALHAMBRA_1_N001,ALL,1,1999.9956,3,3
2022-09-02T02:30:00-00:00,2022-09-02T02:45:00-00:00,2022-09-01,20,ALHAMBRA_1_N001,ALHAMBRA_1_N001,ALHAMBRA_1_N001,RTPD,MCE,LMP_ENE_PRC,ALHAMBRA_1_N001,ALL,1,1991.671,3,3
2022-09-02T03:30:00-00:00,2022-09-02T03:45:00-00:00,2022-09-01,21,ALHAMBRA_1_N001,ALHAMBRA_1_N001,ALHAMBRA_1_N001,RTPD,MCE,LMP_ENE_PRC,ALHAMBRA_1_N001,ALL,1,186.61823,3,3
2022-09-02T04:30:00-00:00,2022-09-02T04:45:00-00:00,2022-09-01,22,ALHAMBRA_1_N001,ALHAMBRA_1_N001,ALHAMBRA_1_N001,RTPD,MCE,LMP_ENE_PRC,ALHAMBRA_1_N001,ALL,1,180.67824,3,3
2022-09-02T05:30:00-00:00,2022-09-02T05:45:00-00:00,2022-09-01,23,ALHAMBRA_1_N001,ALHAMBRA_1_N001,ALHAMBRA_1_N001,RTPD,MCE,LMP_ENE_PRC,ALHAMBRA_1_N001,ALL,1,131.69917,3,3
2022-09-02T06:30:00-00:00,2022-09-02T06:45:00-00:00,2022-09-01,24,ALHAMBRA_1_N001,ALHAMBRA_1_N001,ALHAMBRA_1_N001,RTPD,MCE,LMP_ENE_PRC,ALHAMBRA_1_N001,ALL,1,128.9871,3,3
2022-09-01T07:45:00-00:00,2022-09-01T08:00:00-00:00,2022-09-01,01,ALHAMBRA_1_N001,ALHAMBRA_1_N001,ALHAMBRA_1_N001,RTPD,MCE,LMP_ENE_PRC,ALHAMBRA_1_N001,ALL,1,109.12099,4,3
2022-09-01T08:45:00-00:00,2022-09-01T09:00:00-00:00,2022-09-01,02,ALHAMBRA_1_N001,ALHAMBRA_1_N001,ALHAMBRA_1_N001,RTPD,MCE,LMP_ENE_PRC,ALHAMBRA_1_N001,ALL,1,98.7357,4,3
2022-09-01T09:45:00-00:00,2022-09-01T10:00:00-00:00,2022-09-01,03,ALHAMBRA_1_N001,ALHAMBRA_1_N001,ALHAMBRA_1_N001,RTPD,MCE,LMP_ENE_PRC,ALHAMBRA_1_N001,ALL,1,97.50475,4,3
2022-09-01T10:45:00-00:00,2022-09-01T11:00:00-00:00,2022-09-01,04,ALHAMBRA_1_N001,ALHAMBRA_1_N001,ALHAMBRA_1_N001,RTPD,MCE,LMP_ENE_PRC,ALHAMBRA_1_N001,ALL,1,94.71966,4,3
2022-09-01T11:45:00-00:00,2022-09-01T12:00:00-00:00,2022-09-01,05,ALHAMBRA_1_N001,ALHAMBRA_1_N001,ALHAMBRA_1_N001,RTPD,MCE,LMP_ENE_PRC,ALHAMBRA_1_N001,ALL,1,107.01,4,3
2022-09-01T12:45:00-00:00,2022-09-01T13:00:00-00:00,2022-09-01,06,ALHAMBRA_1_N001,ALHAMBRA_1_N001,ALHAMBRA_1_N001,RTPD,MCE,LMP_ENE_PRC,ALHAMBRA_1_N001,ALL,1,116.4848,4,3
2022-09-01T13:45:00-00:00,2022-09-01T14:00:00-00:00,2022-09-01,07,ALHAMBRA_1_N001,ALHAMBRA_1_N001,ALHAMBRA_1_N001,RTPD,MCE,LMP_ENE_PRC,ALHAMBRA_1_N001,ALL,1,111.41,4,3
2022-09-01T14:45:00-00:00,2022-09-01T15:00:00-00:00,2022-09-01,08,ALHAMBRA_1_N001,ALHAMBRA_1_N001,ALHAMBRA_1_N001,RTPD,MCE,LMP_ENE_PRC,ALHAMBRA_1_N001,ALL,1,86.1388,4,3
2022-09-01T15:45:00-00:00,2022-09-01T16:00:00-00:00,2022-09-01,09,ALHAMBRA_1_N001,ALHAMBRA_1_N001,ALHAMBRA_1_N001,RTPD,MCE,LMP_ENE_PRC,ALHAMBRA_1_N001,ALL,1,78.70076,4,3
2022-09-01T16:45:00-00:00,2022-09-01T17:00:00-00:00,2022-09-01,10,ALHAMBRA_1_N001,ALHAMBRA_1_N001,ALHAMBRA_1_N001,RTPD,MCE,LMP_ENE_PRC,ALHAMBRA_1_N001,ALL,1,91.24933,4,3
2022-09-01T17:45:00-00:00,2022-09-01T18:00:00-00:00,2022-09-01,11,ALHAMBRA_1_N001,ALHAMBRA_1_N001,ALHAMBRA_1_N001,RTPD,MCE,LMP_ENE_PRC,ALHAMBRA_1_N001,ALL,1,99.20544,4,3
2022-09-01T18:45:00-00:00,2022-09-01T19:00:00-00:00,2022-09-01,12,ALHAMBRA_1_N001,ALHAMBRA_1_N001,ALHAMBRA_1_N001,RTPD,MCE,LMP_ENE_PRC,ALHAMBRA_1_N001,ALL,1,109.04064,4,3
2022-09-01T19:45:00-00:00,2022-09-01T20:00:00-00:00,2022-09-01,13,ALHAMBRA_1_N001,ALHAMBRA_1_N001,ALHAMBRA_1_N001,RTPD,MCE,LMP_ENE_PRC,ALHAMBRA_1_N001,ALL,1,120.22491,4,3
2022-09-01T20:45:00-00:00,2022-09-01T21:00:00-00:00,2022-09-01,14,ALHAMBRA_1_N001,ALHAMBRA_1_N001,ALHAMBRA_1_N001,RTPD,MCE,LMP_ENE_PRC,ALHAMBRA_1_N001,ALL,1,154.02509,4,3
2022-09-01T21:45:00-00:00,2022-09-01T22:00:00-00:00,2022-09-01,15,ALHAMBRA_1_N001,ALHAMBRA_1_N001,ALHAMBRA_1_N001,RTPD,MCE,LMP_ENE_PRC,ALHAMBRA_1_N001,ALL,1,300.29376,4,3
2022-09-01T22:45:00-00:00,2022-09-01T23:00:00-00:00,2022-09-01,16,ALHAMBRA_1_N001,ALHAMBRA_1_N001,ALHAMBRA_1_N001,RTPD,MCE,LMP_ENE_PRC,ALHAMBRA_1_N001,ALL,1,429.9137,4,3
2022-09-01T23:45:00-00:00,2022-09-02T00:00:00-00:00,2022-09-01,17,ALHAMBRA_1_N001,ALHAMBRA_1_N001,ALHAMBRA_1_N001,RTPD,MCE,LMP_ENE_PRC,ALHAMBRA_1_N001,ALL,1,1261.2124,4,3
2022-09-02T00:45:00-00:00,2022-09-02T01:00:00-00:00,2022-09-01,18,ALHAMBRA_1_N001,ALHAMBRA_1_N001,ALHAMBRA_1_N001,RTPD,MCE,LMP_ENE_PRC,ALHAMBRA_1_N001,ALL,1,1519.149,4,3
2022-09-02T01:45:00-00:00,2022-09-02T02:00:00-00:00,2022-09-01,19,ALHAMBRA_1_N001,ALHAMBRA_1_N001,ALHAMBRA_1_N001,RTPD,MCE,LMP_ENE_PRC,ALHAMBRA_1_N001,ALL,1,1991.9337,4,3
2022-09-02T02:45:00-00:00,2022-09-02T03:00:00-00:00,2022-09-01,20,ALHAMBRA_1_N001,ALHAMBRA_1_N001,ALHAMBRA_1_N001,RTPD,MCE,LMP_ENE_PRC,ALHAMBRA_1_N001,ALL,1,1629.6213,4,3
2022-09-02T03:45:00-00:00,2022-09-02T04:00:00-00:00,2022-09-01,21,ALHAMBRA_1_N001,ALHAMBRA_1_N001,ALHAMBRA_1_N001,RTPD,MCE,LMP_ENE_PRC,ALHAMBRA_1_N001,ALL,1,141.13702,4,3
2022-09-02T04:45:00-00:00,2022-09-02T05:00:00-00:00,2022-09-01,22,ALHAMBRA_1_N001,ALHAMBRA_1_N001,ALHAMBRA_1_N001,RTPD,MCE,LMP_ENE_PRC,ALHAMBRA_1_N001,ALL,1,126.76372,4,3
2022-09-02T05:45:00-00:00,2022-09-02T06:00:00-00:00,2022-09-01,23,ALHAMBRA_1_N001,ALHAMBRA_1_N001,ALHAMBRA_1_N001,RTPD,MCE,LMP_ENE_PRC,ALHAMBRA_1_N001,ALL,1,119.00958,4,3
2022-09-02T06:45:00-00:00,2022-09-02T07:00:00-00:00,2022-09-01,24,ALHAMBRA_1_N001,ALHAMBRA_1_N001,ALHAMBRA_1_N001,RTPD,MCE,LMP_ENE_PRC,ALHAMBRA_1_N001,ALL,1,109.20324,4,3
2022-09-01T07:00:00-00:00,2022-09-01T07:15:00-00:00,2022-09-01,01,ALHAMBRA_1_N001,ALHAMBRA_1_N001,ALHAMBRA_1_N001,RTPD,MCL,LMP_LOSS_PRC,ALHAMBRA_1_N001,ALL,1,-5.45148,1,4
2022-09-01T08:00:00-00:00,2022-09-01T08:15:00-00:00,2022-09-01,02,ALHAMBRA_1_N001,ALHAMBRA_1_N001,ALHAMBRA_1_N001,RTPD,MCL,LMP_LOSS_PRC,ALHAMBRA_1_N001,ALL,1,0,1,4
2022-09-01T09:00:00-00:00,2022-09-01T09:15:00-00:00,2022-09-01,03,ALHAMBRA_1_N001,ALHAMBRA_1_N001,ALHAMBRA_1_N001,RTPD,MCL,LMP_LOSS_PRC,ALHAMBRA_1_N001,ALL,1,0.84771,1,4
2022-09-01T10:00:00-00:00,2022-09-01T10:15:00-00:00,2022-09-01,04,ALHAMBRA_1_N001,ALHAMBRA_1_N001,ALHAMBRA_1_N001,RTPD,MCL,LMP_LOSS_PRC,ALHAMBRA_1_N001,ALL,1,0.91737,1,4
2022-09-01T11:00:00-00:00,2022-09-01T11:15:00-00:00,2022-09-01,05,ALHAMBRA_1_N001,ALHAMBRA_1_N001,ALHAMBRA_1_N001,RTPD,MCL,LMP_LOSS_PRC,ALHAMBRA_1_N001,ALL,1,1.01543,1,4
2022-09-01T12:00:00-00:00,2022-09-01T12:15:00-00:00,2022-09-01,06,ALHAMBRA_1_N001,ALHAMBRA_1_N001,ALHAMBRA_1_N001,RTPD,MCL,LMP_LOSS_PRC,ALHAMBRA_1_N001,ALL,1,0.88187,1,4
2022-09-01T13:00:00-00:00,2022-09-01T13:15:00-00:00,2022-09-01,07,ALHAMBRA_1_N001,ALHAMBRA_1_N001,ALHAMBRA_1_N001,RTPD,MCL,LMP_LOSS_PRC,ALHAMBRA_1_N001,ALL,1,0,1,4
2022-09-01T14:00:00-00:00,2022-09-01T14:15:00-00:00,2022-09-01,08,ALHAMBRA_1_N001,ALHAMBRA_1_N001,ALHAMBRA_1_N001,RTPD,MCL,LMP_LOSS_PRC,ALHAMBRA_1_N001,ALL,1,3.32225,1,4
2022-09-01T15:00:00-00:00,2022-09-01T15:15:00-00:00,2022-09-01,09,ALHAMBRA_1_N001,ALHAMBRA_1_N001,ALHAMBRA_1_N001,RTPD,MCL,LMP_LOSS_PRC,ALHAMBRA_1_N001,ALL,1,0,1,4
2022-09-01T16:00:00-00:00,2022-09-01T16:15:00-00:00,2022-09-01,10,ALHAMBRA_1_N001,ALHAMBRA_1_N001,ALHAMBRA_1_N001,RTPD,MCL,LMP_LOSS_PRC,ALHAMBRA_1_N001,ALL,1,0,1,4
2022-09-01T17:00:00-00:00,2022-09-01T17:15:00-00:00,2022-09-01,11,ALHAMBRA_1_N001,ALHAMBRA_1_N001,ALHAMBRA_1_N001,RTPD,MCL,LMP_LOSS_PRC,ALHAMBRA_1_N001,ALL,1,0,1,4
2022-09-01T18:00:00-00:00,2022-09-01T18:15:00-00:00,2022-09-01,12,ALHAMBRA_1_N001,ALHAMBRA_1_N001,ALHAMBRA_1_N001,RTPD,MCL,LMP_LOSS_PRC,ALHAMBRA_1_N001,ALL,1,0,1,4
2022-09-01T19:00:00-00:00,2022-09-01T19:15:00-00:00,2022-09-01,13,ALHAMBRA_1_N001,ALHAMBRA_1_N001,ALHAMBRA_1_N001,RTPD,MCL,LMP_LOSS_PRC,ALHAMBRA_1_N001,ALL,1,0,1,4
2022-09-01T20:00:00-00:00,2022-09-01T20:15:00-00:00,2022-09-01,14,ALHAMBRA_1_N001,ALHAMBRA_1_N001,ALHAMBRA_1_N001,RTPD,MCL,LMP_LOSS_PRC,ALHAMBRA_1_N001,ALL,1,0,1,4
2022-09-01T21:00:00-00:00,2022-09-01T21:15:00-00:00,2022-09-01,15,ALHAMBRA_1_N001,ALHAMBRA_1_N001,ALHAMBRA_1_N001,RTPD,MCL,LMP_LOSS_PRC,ALHAMBRA_1_N001,ALL,1,0,1,4
2022-09-01T22:00:00-00:00,2022-09-01T22:15:00-00:00,2022-09-01,16,ALHAMBRA_1_N001,ALHAMBRA_1_N001,ALHAMBRA_1_N001,RTPD,MCL,LMP_LOSS_PRC,ALHAMBRA_1_N001,ALL,1,0,1,4
2022-09-01T23:00:00-00:00,2022-09-01T23:15:00-00:00,2022-09-01,17,ALHAMBRA_1_N001,ALHAMBRA_1_N001,ALHAMBRA_1_N001,RTPD,MCL,LMP_LOSS_PRC,ALHAMBRA_1_N001,ALL,1,0,1,4
2022-09-02T00:00:00-00:00,2022-09-02T00:15:00-00:00,2022-09-01,18,ALHAMBRA_1_N001,ALHAMBRA_1_N001,ALHAMBRA_1_N001,RTPD,MCL,LMP_LOSS_PRC,ALHAMBRA_1_N001,ALL,1,50.55014,1,4
2022-09-02T01:00:00-00:00,2022-09-02T01:15:00-00:00,2022-09-01,19,ALHAMBRA_1_N001,ALHAMBRA_1_N001,ALHAMBRA_1_N001,RTPD,MCL,LMP_LOSS_PRC,ALHAMBRA_1_N001,ALL,1,0,1,4
2022-09-02T02:00:00-00:00,2022-09-02T02:15:00-00:00,2022-09-01,20,ALHAMBRA_1_N001,ALHAMBRA_1_N001,ALHAMBRA_1_N001,RTPD,MCL,LMP_LOSS_PRC,ALHAMBRA_1_N001,ALL,1,0,1,4
2022-09-02T03:00:00-00:00,2022-09-02T03:15:00-00:00,2022-09-01,21,ALHAMBRA_1_N001,ALHAMBRA_1_N001,ALHAMBRA_1_N001,RTPD,MCL,LMP_LOSS_PRC,ALHAMBRA_1_N001,ALL,1,51.01582,1,4
2022-09-02T04:00:00-00:00,2022-09-02T04:15:00-00:00,2022-09-01,22,ALHAMBRA_1_N001,ALHAMBRA_1_N001,ALHAMBRA_1_N001,RTPD,MCL,LMP_LOSS_PRC,ALHAMBRA_1_N001,ALL,1,8.61152,1,4
2022-09-02T05:00:00-00:00,2022-09-02T05:15:00-00:00,2022-09-01,23,ALHAMBRA_1_N001,ALHAMBRA_1_N001,ALHAMBRA_1_N001,RTPD,MCL,LMP_LOSS_PRC,ALHAMBRA_1_N001,ALL,1,5.84557,1,4
2022-09-02T06:00:00-00:00,2022-09-02T06:15:00-00:00,2022-09-01,24,ALHAMBRA_1_N001,ALHAMBRA_1_N001,ALHAMBRA_1_N001,RTPD,MCL,LMP_LOSS_PRC,ALHAMBRA_1_N001,ALL,1,3.03436,1,4
2022-09-01T07:15:00-00:00,2022-09-01T07:30:00-00:00,2022-09-01,01,ALHAMBRA_1_N001,ALHAMBRA_1_N001,ALHAMBRA_1_N001,RTPD,MCL,LMP_LOSS_PRC,ALHAMBRA_1_N001,ALL,1,0,2,4
2022-09-01T08:15:00-00:00,2022-09-01T08:30:00-00:00,2022-09-01,02,ALHAMBRA_1_N001,ALHAMBRA_1_N001,ALHAMBRA_1_N001,RTPD,MCL,LMP_LOSS_PRC,ALHAMBRA_1_N001,ALL,1,0,2,4
2022-09-01T09:15:00-00:00,2022-09-01T09:30:00-00:00,2022-09-01,03,ALHAMBRA_1_N001,ALHAMBRA_1_N001,ALHAMBRA_1_N001,RTPD,MCL,LMP_LOSS_PRC,ALHAMBRA_1_N001,ALL,1,0.8061,2,4
2022-09-01T10:15:00-00:00,2022-09-01T10:30:00-00:00,2022-09-01,04,ALHAMBRA_1_N001,ALHAMBRA_1_N001,ALHAMBRA_1_N001,RTPD,MCL,LMP_LOSS_PRC,ALHAMBRA_1_N001,ALL,1,0.95067,2,4
2022-09-01T11:15:00-00:00,2022-09-01T11:30:00-00:00,2022-09-01,05,ALHAMBRA_1_N001,ALHAMBRA_1_N001,ALHAMBRA_1_N001,RTPD,MCL,LMP_LOSS_PRC,ALHAMBRA_1_N001,ALL,1,1.0206,2,4
2022-09-01T12:15:00-00:00,2022-09-01T12:30:00-00:00,2022-09-01,06,ALHAMBRA_1_N001,ALHAMBRA_1_N001,ALHAMBRA_1_N001,RTPD,MCL,LMP_LOSS_PRC,ALHAMBRA_1_N001,ALL,1,1.21347,2,4
2022-09-01T13:15:00-00:00,2022-09-01T13:30:00-00:00,2022-09-01,07,ALHAMBRA_1_N001,ALHAMBRA_1_N001,ALHAMBRA_1_N001,RTPD,MCL,LMP_LOSS_PRC,ALHAMBRA_1_N001,ALL,1,1.39833,2,4
2022-09-01T14:15:00-00:00,2022-09-01T14:30:00-00:00,2022-09-01,08,ALHAMBRA_1_N001,ALHAMBRA_1_N001,ALHAMBRA_1_N001,RTPD,MCL,LMP_LOSS_PRC,ALHAMBRA_1_N001,ALL,1,2.99692,2,4
2022-09-01T15:15:00-00:00,2022-09-01T15:30:00-00:00,2022-09-01,09,ALHAMBRA_1_N001,ALHAMBRA_1_N001,ALHAMBRA_1_N001,RTPD,MCL,LMP_LOSS_PRC,ALHAMBRA_1_N001,ALL,1,0,2,4
2022-09-01T16:15:00-00:00,2022-09-01T16:30:00-00:00,2022-09-01,10,ALHAMBRA_1_N001,ALHAMBRA_1_N001,ALHAMBRA_1_N001,RTPD,MCL,LMP_LOSS_PRC,ALHAMBRA_1_N001,ALL,1,0,2,4
2022-09-01T17:15:00-00:00,2022-09-01T17:30:00-00:00,2022-09-01,11,ALHAMBRA_1_N001,ALHAMBRA_1_N001,ALHAMBRA_1_N001,RTPD,MCL,LMP_LOSS_PRC,ALHAMBRA_1_N001,ALL,1,0,2,4
2022-09-01T18:15:00-00:00,2022-09-01T18:30:00-00:00,2022-09-01,12,ALHAMBRA_1_N001,ALHAMBRA_1_N001,ALHAMBRA_1_N001,RTPD,MCL,LMP_LOSS_PRC,ALHAMBRA_1_N001,ALL,1,0,2,4
2022-09-01T19:15:00-00:00,2022-09-01T19:30:00-00:00,2022-09-01,13,ALHAMBRA_1_N001,ALHAMBRA_1_N001,ALHAMBRA_1_N001,RTPD,MCL,LMP_LOSS_PRC,ALHAMBRA_1_N001,ALL,1,0,2,4
2022-09-01T20:15:00-00:00,2022-09-01T20:30:00-00:00,2022-09-01,14,ALHAMBRA_1_N001,ALHAMBRA_1_N001,ALHAMBRA_1_N001,RTPD,MCL,LMP_LOSS_PRC,ALHAMBRA_1_N001,ALL,1,0,2,4
2022-09-01T21:15:00-00:00,2022-09-01T21:30:00-00:00,2022-09-01,15,ALHAMBRA_1_N001,ALHAMBRA_1_N001,ALHAMBRA_1_N001,RTPD,MCL,LMP_LOSS_PRC,ALHAMBRA_1_N001,ALL,1,0,2,4
2022-09-01T22:15:00-00:00,2022-09-01T22:30:00-00:00,2022-09-01,16,ALHAMBRA_1_N001,ALHAMBRA_1_N001,ALHAMBRA_1_N001,RTPD,MCL,LMP_LOSS_PRC,ALHAMBRA_1_N001,ALL,1,0,2,4
2022-09-01T23:15:00-00:00,2022-09-01T23:30:00-00:00,2022-09-01,17,ALHAMBRA_1_N001,ALHAMBRA_1_N001,ALHAMBRA_1_N001,RTPD,MCL,LMP_LOSS_PRC,ALHAMBRA_1_N001,ALL,1,0,2,4
2022-09-02T00:15:00-00:00,2022-09-02T00:30:00-00:00,2022-09-01,18,ALHAMBRA_1_N001,ALHAMBRA_1_N001,ALHAMBRA_1_N001,RTPD,MCL,LMP_LOSS_PRC,ALHAMBRA_1_N001,ALL,1,44.6527,2,4
2022-09-02T01:15:00-00:00,2022-09-02T01:30:00-00:00,2022-09-01,19,ALHAMBRA_1_N001,ALHAMBRA_1_N001,ALHAMBRA_1_N001,RTPD,MCL,LMP_LOSS_PRC,ALHAMBRA_1_N001,ALL,1,0,2,4
2022-09-02T02:15:00-00:00,2022-09-02T02:30:00-00:00,2022-09-01,20,ALHAMBRA_1_N001,ALHAMBRA_1_N001,ALHAMBRA_1_N001,RTPD,MCL,LMP_LOSS_PRC,ALHAMBRA_1_N001,ALL,1,0,2,4
2022-09-02T03:15:00-00:00,2022-09-02T03:30:00-00:00,2022-09-01,21,ALHAMBRA_1_N001,ALHAMBRA_1_N001,ALHAMBRA_1_N001,RTPD,MCL,LMP_LOSS_PRC,ALHAMBRA_1_N001,ALL,1,21.82882,2,4
2022-09-02T04:15:00-00:00,2022-09-02T04:30:00-00:00,2022-09-01,22,ALHAMBRA_1_N001,ALHAMBRA_1_N001,ALHAMBRA_1_N001,RTPD,MCL,LMP_LOSS_PRC,ALHAMBRA_1_N001,ALL,1,7.50666,2,4
2022-09-02T05:15:00-00:00,2022-09-02T05:30:00-00:00,2022-09-01,23,ALHAMBRA_1_N001,ALHAMBRA_1_N001,ALHAMBRA_1_N001,RTPD,MCL,LMP_LOSS_PRC,ALHAMBRA_1_N001,ALL,1,4.13225,2,4
2022-09-02T06:15:00-00:00,2022-09-02T06:30:00-00:00,2022-09-01,24,ALHAMBRA_1_N001,ALHAMBRA_1_N001,ALHAMBRA_1_N001,RTPD,MCL,LMP_LOSS_PRC,ALHAMBRA_1_N001,ALL,1,1.34514,2,4
2022-09-01T07:30:00-00:00,2022-09-01T07:45:00-00:00,2022-09-01,01,ALHAMBRA_1_N001,ALHAMBRA_1_N001,ALHAMBRA_1_N001,RTPD,MCL,LMP_LOSS_PRC,ALHAMBRA_1_N001,ALL,1,0,3,4
2022-09-01T08:30:00-00:00,2022-09-01T08:45:00-00:00,2022-09-01,02,ALHAMBRA_1_N001,ALHAMBRA_1_N001,ALHAMBRA_1_N001,RTPD,MCL,LMP_LOSS_PRC,ALHAMBRA_1_N001,ALL,1,1.06668,3,4
2022-09-01T09:30:00-00:00,2022-09-01T09:45:00-00:00,2022-09-01,03,ALHAMBRA_1_N001,ALHAMBRA_1_N001,ALHAMBRA_1_N001,RTPD,MCL,LMP_LOSS_PRC,ALHAMBRA_1_N001,ALL,1,0.58897,3,4
2022-09-01T10:30:00-00:00,2022-09-01T10:45:00-00:00,2022-09-01,04,ALHAMBRA_1_N001,ALHAMBRA_1_N001,ALHAMBRA_1_N001,RTPD,MCL,LMP_LOSS_PRC,ALHAMBRA_1_N001,ALL,1,1.05035,3,4
2022-09-01T11:30:00-00:00,2022-09-01T11:45:00-00:00,2022-09-01,05,ALHAMBRA_1_N001,ALHAMBRA_1_N001,ALHAMBRA_1_N001,RTPD,MCL,LMP_LOSS_PRC,ALHAMBRA_1_N001,ALL,1,1.20583,3,4
2022-09-01T12:30:00-00:00,2022-09-01T12:45:00-00:00,2022-09-01,06,ALHAMBRA_1_N001,ALHAMBRA_1_N001,ALHAMBRA_1_N001,RTPD,MCL,LMP_LOSS_PRC,ALHAMBRA_1_N001,ALL,1,1.41968,3,4
2022-09-01T13:30:00-00:00,2022-09-01T13:45:00-00:00,2022-09-01,07,ALHAMBRA_1_N001,ALHAMBRA_1_N001,ALHAMBRA_1_N001,RTPD,MCL,LMP_LOSS_PRC,ALHAMBRA_1_N001,ALL,1,1.71741,3,4
2022-09-01T14:30:00-00:00,2022-09-01T14:45:00-00:00,2022-09-01,08,ALHAMBRA_1_N001,ALHAMBRA_1_N001,ALHAMBRA_1_N001,RTPD,MCL,LMP_LOSS_PRC,ALHAMBRA_1_N001,ALL,1,3.32998,3,4
2022-09-01T15:30:00-00:00,2022-09-01T15:45:00-00:00,2022-09-01,09,ALHAMBRA_1_N001,ALHAMBRA_1_N001,ALHAMBRA_1_N001,RTPD,MCL,LMP_LOSS_PRC,ALHAMBRA_1_N001,ALL,1,0,3,4
2022-09-01T16:30:00-00:00,2022-09-01T16:45:00-00:00,2022-09-01,10,ALHAMBRA_1_N001,ALHAMBRA_1_N001,ALHAMBRA_1_N001,RTPD,MCL,LMP_LOSS_PRC,ALHAMBRA_1_N001,ALL,1,0,3,4
2022-09-01T17:30:00-00:00,2022-09-01T17:45:00-00:00,2022-09-01,11,ALHAMBRA_1_N001,ALHAMBRA_1_N001,ALHAMBRA_1_N001,RTPD,MCL,LMP_LOSS_PRC,ALHAMBRA_1_N001,ALL,1,0,3,4
2022-09-01T18:30:00-00:00,2022-09-01T18:45:00-00:00,2022-09-01,12,ALHAMBRA_1_N001,ALHAMBRA_1_N001,ALHAMBRA_1_N001,RTPD,MCL,LMP_LOSS_PRC,ALHAMBRA_1_N001,ALL,1,0,3,4
2022-09-01T19:30:00-00:00,2022-09-01T19:45:00-00:00,2022-09-01,13,ALHAMBRA_1_N001,ALHAMBRA_1_N001,ALHAMBRA_1_N001,RTPD,MCL,LMP_LOSS_PRC,ALHAMBRA_1_N001,ALL,1,0,3,4
2022-09-01T20:30:00-00:00,2022-09-01T20:45:00-00:00,2022-09-01,14,ALHAMBRA_1_N001,ALHAMBRA_1_N001,ALHAMBRA_1_N001,RTPD,MCL,LMP_LOSS_PRC,ALHAMBRA_1_N001,ALL,1,0,3,4
2022-09-01T21:30:00-00:00,2022-09-01T21:45:00-00:00,2022-09-01,15,ALHAMBRA_1_N001,ALHAMBRA_1_N001,ALHAMBRA_1_N001,RTPD,MCL,LMP_LOSS_PRC,ALHAMBRA_1_N001,ALL,1,0,3,4
2022-09-01T22:30:00-00:00,2022-09-01T22:45:00-00:00,2022-09-01,16,ALHAMBRA_1_N001,ALHAMBRA_1_N001,ALHAMBRA_1_N001,RTPD,MCL,LMP_LOSS_PRC,ALHAMBRA_1_N001,ALL,1,0,3,4
2022-09-01T23:30:00-00:00,2022-09-01T23:45:00-00:00,2022-09-01,17,ALHAMBRA_1_N001,ALHAMBRA_1_N001,ALHAMBRA_1_N001,RTPD,MCL,LMP_LOSS_PRC,ALHAMBRA_1_N001,ALL,1,0,3,4
2022-09-02T00:30:00-00:00,2022-09-02T00:45:00-00:00,2022-09-01,18,ALHAMBRA_1_N001,ALHAMBRA_1_N001,ALHAMBRA_1_N001,RTPD,MCL,LMP_LOSS_PRC,ALHAMBRA_1_N001,ALL,1,0,3,4
2022-09-02T01:30:00-00:00,2022-09-02T01:45:00-00:00,2022-09-01,19,ALHAMBRA_1_N001,ALHAMBRA_1_N001,ALHAMBRA_1_N001,RTPD,MCL,LMP_LOSS_PRC,ALHAMBRA_1_N001,ALL,1,0,3,4
2022-09-02T02:30:00-00:00,2022-09-02T02:45:00-00:00,2022-09-01,20,ALHAMBRA_1_N001,ALHAMBRA_1_N001,ALHAMBRA_1_N001,RTPD,MCL,LMP_LOSS_PRC,ALHAMBRA_1_N001,ALL,1,0,3,4
2022-09-02T03:30:00-00:00,2022-09-02T03:45:00-00:00,2022-09-01,21,ALHAMBRA_1_N001,ALHAMBRA_1_N001,ALHAMBRA_1_N001,RTPD,MCL,LMP_LOSS_PRC,ALHAMBRA_1_N001,ALL,1,10.264,3,4
2022-09-02T04:30:00-00:00,2022-09-02T04:45:00-00:00,2022-09-01,22,ALHAMBRA_1_N001,ALHAMBRA_1_N001,ALHAMBRA_1_N001,RTPD,MCL,LMP_LOSS_PRC,ALHAMBRA_1_N001,ALL,1,4.6073,3,4
2022-09-02T05:30:00-00:00,2022-09-02T05:45:00-00:00,2022-09-01,23,ALHAMBRA_1_N001,ALHAMBRA_1_N001,ALHAMBRA_1_N001,RTPD,MCL,LMP_LOSS_PRC,ALHAMBRA_1_N001,ALL,1,2.88421,3,4
2022-09-02T06:30:00-00:00,2022-09-02T06:45:00-00:00,2022-09-01,24,ALHAMBRA_1_N001,ALHAMBRA_1_N001,ALHAMBRA_1_N001,RTPD,MCL,LMP_LOSS_PRC,ALHAMBRA_1_N001,ALL,1,2.07669,3,4
2022-09-01T07:45:00-00:00,2022-09-01T08:00:00-00:00,2022-09-01,01,ALHAMBRA_1_N001,ALHAMBRA_1_N001,ALHAMBRA_1_N001,RTPD,MCL,LMP_LOSS_PRC,ALHAMBRA_1_N001,ALL,1,0,4,4
2022-09-01T08:45:00-00:00,2022-09-01T09:00:00-00:00,2022-09-01,02,ALHAMBRA_1_N001,ALHAMBRA_1_N001,ALHAMBRA_1_N001,RTPD,MCL,LMP_LOSS_PRC,ALHAMBRA_1_N001,ALL,1,0.96761,4,4
2022-09-01T09:45:00-00:00,2022-09-01T10:00:00-00:00,2022-09-01,03,ALHAMBRA_1_N001,ALHAMBRA_1_N001,ALHAMBRA_1_N001,RTPD,MCL,LMP_LOSS_PRC,ALHAMBRA_1_N001,ALL,1,0.57528,4,4
2022-09-01T10:45:00-00:00,2022-09-01T11:00:00-00:00,2022-09-01,04,ALHAMBRA_1_N001,ALHAMBRA_1_N001,ALHAMBRA_1_N001,RTPD,MCL,LMP_LOSS_PRC,ALHAMBRA_1_N001,ALL,1,0.9472,4,4
2022-09-01T11:45:00-00:00,2022-09-01T12:00:00-00:00,2022-09-01,05,ALHAMBRA_1_N001,ALHAMBRA_1_N001,ALHAMBRA_1_N001,RTPD,MCL,LMP_LOSS_PRC,ALHAMBRA_1_N001,ALL,1,0,4,4
2022-09-01T12:45:00-00:00,2022-09-01T13:00:00-00:00,2022-09-01,06,ALHAMBRA_1_N001,ALHAMBRA_1_N001,ALHAMBRA_1_N001,RTPD,MCL,LMP_LOSS_PRC,ALHAMBRA_1_N001,ALL,1,0,4,4
2022-09-01T13:45:00-00:00,2022-09-01T14:00:00-00:00,2022-09-01,07,ALHAMBRA_1_N001,ALHAMBRA_1_N001,ALHAMBRA_1_N001,RTPD,MCL,LMP_LOSS_PRC,ALHAMBRA_1_N001,ALL,1,0,4,4
2022-09-01T14:45:00-00:00,2022-09-01T15:00:00-00:00,2022-09-01,08,ALHAMBRA_1_N001,ALHAMBRA_1_N001,ALHAMBRA_1_N001,RTPD,MCL,LMP_LOSS_PRC,ALHAMBRA_1_N001,ALL,1,0,4,4
2022-09-01T15:45:00-00:00,2022-09-01T16:00:00-00:00,2022-09-01,09,ALHAMBRA_1_N001,ALHAMBRA_1_N001,ALHAMBRA_1_N001,RTPD,MCL,LMP_LOSS_PRC,ALHAMBRA_1_N001,ALL,1,0,4,4
2022-09-01T16:45:00-00:00,2022-09-01T17:00:00-00:00,2022-09-01,10,ALHAMBRA_1_N001,ALHAMBRA_1_N001,ALHAMBRA_1_N001,RTPD,MCL,LMP_LOSS_PRC,ALHAMBRA_1_N001,ALL,1,0,4,4
2022-09-01T17:45:00-00:00,2022-09-01T18:00:00-00:00,2022-09-01,11,ALHAMBRA_1_N001,ALHAMBRA_1_N001,ALHAMBRA_1_N001,RTPD,MCL,LMP_LOSS_PRC,ALHAMBRA_1_N001,ALL,1,0,4,4
2022-09-01T18:45:00-00:00,2022-09-01T19:00:00-00:00,2022-09-01,12,ALHAMBRA_1_N001,ALHAMBRA_1_N001,ALHAMBRA_1_N001,RTPD,MCL,LMP_LOSS_PRC,ALHAMBRA_1_N001,ALL,1,0,4,4
2022-09-01T19:45:00-00:00,2022-09-01T20:00:00-00:00,2022-09-01,13,ALHAMBRA_1_N001,ALHAMBRA_1_N001,ALHAMBRA_1_N001,RTPD,MCL,LMP_LOSS_PRC,ALHAMBRA_1_N001,ALL,1,0,4,4
2022-09-01T20:45:00-00:00,2022-09-01T21:00:00-00:00,2022-09-01,14,ALHAMBRA_1_N001,ALHAMBRA_1_N001,ALHAMBRA_1_N001,RTPD,MCL,LMP_LOSS_PRC,ALHAMBRA_1_N001,ALL,1,0,4,4
2022-09-01T21:45:00-00:00,2022-09-01T22:00:00-00:00,2022-09-01,15,ALHAMBRA_1_N001,ALHAMBRA_1_N001,ALHAMBRA_1_N001,RTPD,MCL,LMP_LOSS_PRC,ALHAMBRA_1_N001,ALL,1,0,4,4
2022-09-01T22:45:00-00:00,2022-09-01T23:00:00-00:00,2022-09-01,16,ALHAMBRA_1_N001,ALHAMBRA_1_N001,ALHAMBRA_1_N001,RTPD,MCL,LMP_LOSS_PRC,ALHAMBRA_1_N001,ALL,1,0,4,4
2022-09-01T23:45:00-00:00,2022-09-02T00:00:00-00:00,2022-09-01,17,ALHAMBRA_1_N001,ALHAMBRA_1_N001,ALHAMBRA_1_N001,RTPD,MCL,LMP_LOSS_PRC,ALHAMBRA_1_N001,ALL,1,0,4,4
2022-09-02T00:45:00-00:00,2022-09-02T01:00:00-00:00,2022-09-01,18,ALHAMBRA_1_N001,ALHAMBRA_1_N001,ALHAMBRA_1_N001,RTPD,MCL,LMP_LOSS_PRC,ALHAMBRA_1_N001,ALL,1,0,4,4
2022-09-02T01:45:00-00:00,2022-09-02T02:00:00-00:00,2022-09-01,19,ALHAMBRA_1_N001,ALHAMBRA_1_N001,ALHAMBRA_1_N001,RTPD,MCL,LMP_LOSS_PRC,ALHAMBRA_1_N001,ALL,1,0,4,4
2022-09-02T02:45:00-00:00,2022-09-02T03:00:00-00:00,2022-09-01,20,ALHAMBRA_1_N001,ALHAMBRA_1_N001,ALHAMBRA_1_N001,RTPD,MCL,LMP_LOSS_PRC,ALHAMBRA_1_N001,ALL,1,108.53278,4,4
2022-09-02T03:45:00-00:00,2022-09-02T04:00:00-00:00,2022-09-01,21,ALHAMBRA_1_N001,ALHAMBRA_1_N001,ALHAMBRA_1_N001,RTPD,MCL,LMP_LOSS_PRC,ALHAMBRA_1_N001,ALL,1,6.68989,4,4
2022-09-02T04:45:00-00:00,2022-09-02T05:00:00-00:00,2022-09-01,22,ALHAMBRA_1_N001,ALHAMBRA_1_N001,ALHAMBRA_1_N001,RTPD,MCL,LMP_LOSS_PRC,ALHAMBRA_1_N001,ALL,1,3.60009,4,4
2022-09-02T05:45:00-00:00,2022-09-02T06:00:00-00:00,2022-09-01,23,ALHAMBRA_1_N001,ALHAMBRA_1_N001,ALHAMBRA_1_N001,RTPD,MCL,LMP_LOSS_PRC,ALHAMBRA_1_N001,ALL,1,2.55871,4,4
2022-09-02T06:45:00-00:00,2022-09-02T07:00:00-00:00,2022-09-01,24,ALHAMBRA_1_N001,ALHAMBRA_1_N001,ALHAMBRA_1_N001,RTPD,MCL,LMP_LOSS_PRC,ALHAMBRA_1_N001,ALL,1,1.96566,4,4
2022-09-01T07:00:00-00:00,2022-09-01T07:15:00-00:00,2022-09-01,01,ALHAMBRA_1_N001,ALHAMBRA_1_N001,ALHAMBRA_1_N001,RTPD,MGHG,LMP_GHG_PRC,ALHAMBRA_1_N001,ALL,1,0,1,5
2022-09-01T08:00:00-00:00,2022-09-01T08:15:00-00:00,2022-09-01,02,ALHAMBRA_1_N001,ALHAMBRA_1_N001,ALHAMBRA_1_N001,RTPD,MGHG,LMP_GHG_PRC,ALHAMBRA_1_N001,ALL,1,0,1,5
2022-09-01T09:00:00-00:00,2022-09-01T09:15:00-00:00,2022-09-01,03,ALHAMBRA_1_N001,ALHAMBRA_1_N001,ALHAMBRA_1_N001,RTPD,MGHG,LMP_GHG_PRC,ALHAMBRA_1_N001,ALL,1,0,1,5
2022-09-01T10:00:00-00:00,2022-09-01T10:15:00-00:00,2022-09-01,04,ALHAMBRA_1_N001,ALHAMBRA_1_N001,ALHAMBRA_1_N001,RTPD,MGHG,LMP_GHG_PRC,ALHAMBRA_1_N001,ALL,1,0,1,5
2022-09-01T11:00:00-00:00,2022-09-01T11:15:00-00:00,2022-09-01,05,ALHAMBRA_1_N001,ALHAMBRA_1_N001,ALHAMBRA_1_N001,RTPD,MGHG,LMP_GHG_PRC,ALHAMBRA_1_N001,ALL,1,0,1,5
2022-09-01T12:00:00-00:00,2022-09-01T12:15:00-00:00,2022-09-01,06,ALHAMBRA_1_N001,ALHAMBRA_1_N001,ALHAMBRA_1_N001,RTPD,MGHG,LMP_GHG_PRC,ALHAMBRA_1_N001,ALL,1,0,1,5
2022-09-01T13:00:00-00:00,2022-09-01T13:15:00-00:00,2022-09-01,07,ALHAMBRA_1_N001,ALHAMBRA_1_N001,ALHAMBRA_1_N001,RTPD,MGHG,LMP_GHG_PRC,ALHAMBRA_1_N001,ALL,1,0,1,5
2022-09-01T14:00:00-00:00,2022-09-01T14:15:00-00:00,2022-09-01,08,ALHAMBRA_1_N001,ALHAMBRA_1_N001,ALHAMBRA_1_N001,RTPD,MGHG,LMP_GHG_PRC,ALHAMBRA_1_N001,ALL,1,0,1,5
2022-09-01T15:00:00-00:00,2022-09-01T15:15:00-00:00,2022-09-01,09,ALHAMBRA_1_N001,ALHAMBRA_1_N001,ALHAMBRA_1_N001,RTPD,MGHG,LMP_GHG_PRC,ALHAMBRA_1_N001,ALL,1,0,1,5
2022-09-01T16:00:00-00:00,2022-09-01T16:15:00-00:00,2022-09-01,10,ALHAMBRA_1_N001,ALHAMBRA_1_N001,ALHAMBRA_1_N001,RTPD,MGHG,LMP_GHG_PRC,ALHAMBRA_1_N001,ALL,1,0,1,5
2022-09-01T17:00:00-00:00,2022-09-01T17:15:00-00:00,2022-09-01,11,ALHAMBRA_1_N001,ALHAMBRA_1_N001,ALHAMBRA_1_N001,RTPD,MGHG,LMP_GHG_PRC,ALHAMBRA_1_N001,ALL,1,0,1,5
2022-09-01T18:00:00-00:00,2022-09-01T18:15:00-00:00,2022-09-01,12,ALHAMBRA_1_N001,ALHAMBRA_1_N001,ALHAMBRA_1_N001,RTPD,MGHG,LMP_GHG_PRC,ALHAMBRA_1_N001,ALL,1,0,1,5
2022-09-01T19:00:00-00:00,2022-09-01T19:15:00-00:00,2022-09-01,13,ALHAMBRA_1_N001,ALHAMBRA_1_N001,ALHAMBRA_1_N001,RTPD,MGHG,LMP_GHG_PRC,ALHAMBRA_1_N001,ALL,1,0,1,5
2022-09-01T20:00:00-00:00,2022-09-01T20:15:00-00:00,2022-09-01,14,ALHAMBRA_1_N001,ALHAMBRA_1_N001,ALHAMBRA_1_N001,RTPD,MGHG,LMP_GHG_PRC,ALHAMBRA_1_N001,ALL,1,0,1,5
2022-09-01T21:00:00-00:00,2022-09-01T21:15:00-00:00,2022-09-01,15,ALHAMBRA_1_N001,ALHAMBRA_1_N001,ALHAMBRA_1_N001,RTPD,MGHG,LMP_GHG_PRC,ALHAMBRA_1_N001,ALL,1,0,1,5
2022-09-01T22:00:00-00:00,2022-09-01T22:15:00-00:00,2022-09-01,16,ALHAMBRA_1_N001,ALHAMBRA_1_N001,ALHAMBRA_1_N001,RTPD,MGHG,LMP_GHG_PRC,ALHAMBRA_1_N001,ALL,1,0,1,5
2022-09-01T23:00:00-00:00,2022-09-01T23:15:00-00:00,2022-09-01,17,ALHAMBRA_1_N001,ALHAMBRA_1_N001,ALHAMBRA_1_N001,RTPD,MGHG,LMP_GHG_PRC,ALHAMBRA_1_N001,ALL,1,0,1,5
2022-09-02T00:00:00-00:00,2022-09-02T00:15:00-00:00,2022-09-01,18,ALHAMBRA_1_N001,ALHAMBRA_1_N001,ALHAMBRA_1_N001,RTPD,MGHG,LMP_GHG_PRC,ALHAMBRA_1_N001,ALL,1,0,1,5
2022-09-02T01:00:00-00:00,2022-09-02T01:15:00-00:00,2022-09-01,19,ALHAMBRA_1_N001,ALHAMBRA_1_N001,ALHAMBRA_1_N001,RTPD,MGHG,LMP_GHG_PRC,ALHAMBRA_1_N001,ALL,1,0,1,5
2022-09-02T02:00:00-00:00,2022-09-02T02:15:00-00:00,2022-09-01,20,ALHAMBRA_1_N001,ALHAMBRA_1_N001,ALHAMBRA_1_N001,RTPD,MGHG,LMP_GHG_PRC,ALHAMBRA_1_N001,ALL,1,0,1,5
2022-09-02T03:00:00-00:00,2022-09-02T03:15:00-00:00,2022-09-01,21,ALHAMBRA_1_N001,ALHAMBRA_1_N001,ALHAMBRA_1_N001,RTPD,MGHG,LMP_GHG_PRC,ALHAMBRA_1_N001,ALL,1,0,1,5
2022-09-02T04:00:00-00:00,2022-09-02T04:15:00-00:00,2022-09-01,22,ALHAMBRA_1_N001,ALHAMBRA_1_N001,ALHAMBRA_1_N001,RTPD,MGHG,LMP_GHG_PRC,ALHAMBRA_1_N001,ALL,1,0,1,5
2022-09-02T05:00:00-00:00,2022-09-02T05:15:00-00:00,2022-09-01,23,ALHAMBRA_1_N001,ALHAMBRA_1_N001,ALHAMBRA_1_N001,RTPD,MGHG,LMP_GHG_PRC,ALHAMBRA_1_N001,ALL,1,0,1,5
2022-09-02T06:00:00-00:00,2022-09-02T06:15:00-00:00,2022-09-01,24,ALHAMBRA_1_N001,ALHAMBRA_1_N001,ALHAMBRA_1_N001,RTPD,MGHG,LMP_GHG_PRC,ALHAMBRA_1_N001,ALL,1,0,1,5
2022-09-01T07:15:00-00:00,2022-09-01T07:30:00-00:00,2022-09-01,01,ALHAMBRA_1_N001,ALHAMBRA_1_N001,ALHAMBRA_1_N001,RTPD,MGHG,LMP_GHG_PRC,ALHAMBRA_1_N001,ALL,1,0,2,5
2022-09-01T08:15:00-00:00,2022-09-01T08:30:00-00:00,2022-09-01,02,ALHAMBRA_1_N001,ALHAMBRA_1_N001,ALHAMBRA_1_N001,RTPD,MGHG,LMP_GHG_PRC,ALHAMBRA_1_N001,ALL,1,0,2,5
2022-09-01T09:15:00-00:00,2022-09-01T09:30:00-00:00,2022-09-01,03,ALHAMBRA_1_N001,ALHAMBRA_1_N001,ALHAMBRA_1_N001,RTPD,MGHG,LMP_GHG_PRC,ALHAMBRA_1_N001,ALL,1,0,2,5
2022-09-01T10:15:00-00:00,2022-09-01T10:30:00-00:00,2022-09-01,04,ALHAMBRA_1_N001,ALHAMBRA_1_N001,ALHAMBRA_1_N001,RTPD,MGHG,LMP_GHG_PRC,ALHAMBRA_1_N001,ALL,1,0,2,5
2022-09-01T11:15:00-00:00,2022-09-01T11:30:00-00:00,2022-09-01,05,ALHAMBRA_1_N001,ALHAMBRA_1_N001,ALHAMBRA_1_N001,RTPD,MGHG,LMP_GHG_PRC,ALHAMBRA_1_N001,ALL,1,0,2,5
2022-09-01T12:15:00-00:00,2022-09-01T12:30:00-00:00,2022-09-01,06,ALHAMBRA_1_N001,ALHAMBRA_1_N001,ALHAMBRA_1_N001,RTPD,MGHG,LMP_GHG_PRC,ALHAMBRA_1_N001,ALL,1,0,2,5
2022-09-01T13:15:00-00:00,2022-09-01T13:30:00-00:00,2022-09-01,07,ALHAMBRA_1_N001,ALHAMBRA_1_N001,ALHAMBRA_1_N001,RTPD,MGHG,LMP_GHG_PRC,ALHAMBRA_1_N001,ALL,1,0,2,5
2022-09-01T14:15:00-00:00,2022-09-01T14:30:00-00:00,2022-09-01,08,ALHAMBRA_1_N001,ALHAMBRA_1_N001,ALHAMBRA_1_N001,RTPD,MGHG,LMP_GHG_PRC,ALHAMBRA_1_N001,ALL,1,0,2,5
2022-09-01T15:15:00-00:00,2022-09-01T15:30:00-00:00,2022-09-01,09,ALHAMBRA_1_N001,ALHAMBRA_1_N001,ALHAMBRA_1_N001,RTPD,MGHG,LMP_GHG_PRC,ALHAMBRA_1_N001,ALL,1,0,2,5
2022-09-01T16:15:00-00:00,2022-09-01T16:30:00-00:00,2022-09-01,10,ALHAMBRA_1_N001,ALHAMBRA_1_N001,ALHAMBRA_1_N001,RTPD,MGHG,LMP_GHG_PRC,ALHAMBRA_1_N001,ALL,1,0,2,5
2022-09-01T17:15:00-00:00,2022-09-01T17:30:00-00:00,2022-09-01,11,ALHAMBRA_1_N001,ALHAMBRA_1_N001,ALHAMBRA_1_N001,RTPD,MGHG,LMP_GHG_PRC,ALHAMBRA_1_N001,ALL,1,0,2,5
2022-09-01T18:15:00-00:00,2022-09-01T18:30:00-00:00,2022-09-01,12,ALHAMBRA_1_N001,ALHAMBRA_1_N001,ALHAMBRA_1_N001,RTPD,MGHG,LMP_GHG_PRC,ALHAMBRA_1_N001,ALL,1,0,2,5
2022-09-01T19:15:00-00:00,2022-09-01T19:30:00-00:00,2022-09-01,13,ALHAMBRA_1_N001,ALHAMBRA_1_N001,ALHAMBRA_1_N001,RTPD,MGHG,LMP_GHG_PRC,ALHAMBRA_1_N001,ALL,1,0,2,5
2022-09-01T20:15:00-00:00,2022-09-01T20:30:00-00:00,2022-09-01,14,ALHAMBRA_1_N001,ALHAMBRA_1_N001,ALHAMBRA_1_N001,RTPD,MGHG,LMP_GHG_PRC,ALHAMBRA_1_N001,ALL,1,0,2,5
2022-09-01T21:15:00-00:00,2022-09-01T21:30:00-00:00,2022-09-01,15,ALHAMBRA_1_N001,ALHAMBRA_1_N001,ALHAMBRA_1_N001,RTPD,MGHG,LMP_GHG_PRC,ALHAMBRA_1_N001,ALL,1,0,2,5
2022-09-01T22:15:00-00:00,2022-09-01T22:30:00-00:00,2022-09-01,16,ALHAMBRA_1_N001,ALHAMBRA_1_N001,ALHAMBRA_1_N001,RTPD,MGHG,LMP_GHG_PRC,ALHAMBRA_1_N001,ALL,1,0,2,5
2022-09-01T23:15:00-00:00,2022-09-01T23:30:00-00:00,2022-09-01,17,ALHAMBRA_1_N001,ALHAMBRA_1_N001,ALHAMBRA_1_N001,RTPD,MGHG,LMP_GHG_PRC,ALHAMBRA_1_N001,ALL,1,0,2,5
2022-09-02T00:15:00-00:00,2022-09-02T00:30:00-00:00,2022-09-01,18,ALHAMBRA_1_N001,ALHAMBRA_1_N001,ALHAMBRA_1_N001,RTPD,MGHG,LMP_GHG_PRC,ALHAMBRA_1_N001,ALL,1,0,2,5
2022-09-02T01:15:00-00:00,2022-09-02T01:30:00-00:00,2022-09-01,19,ALHAMBRA_1_N001,ALHAMBRA_1_N001,ALHAMBRA_1_N001,RTPD,MGHG,LMP_GHG_PRC,ALHAMBRA_1_N001,ALL,1,0,2,5
2022-09-02T02:15:00-00:00,2022-09-02T02:30:00-00:00,2022-09-01,20,ALHAMBRA_1_N001,ALHAMBRA_1_N001,ALHAMBRA_1_N001,RTPD,MGHG,LMP_GHG_PRC,ALHAMBRA_1_N001,ALL,1,0,2,5
2022-09-02T03:15:00-00:00,2022-09-02T03:30:00-00:00,2022-09-01,21,ALHAMBRA_1_N001,ALHAMBRA_1_N001,ALHAMBRA_1_N001,RTPD,MGHG,LMP_GHG_PRC,ALHAMBRA_1_N001,ALL,1,0,2,5
2022-09-02T04:15:00-00:00,2022-09-02T04:30:00-00:00,2022-09-01,22,ALHAMBRA_1_N001,ALHAMBRA_1_N001,ALHAMBRA_1_N001,RTPD,MGHG,LMP_GHG_PRC,ALHAMBRA_1_N001,ALL,1,0,2,5
2022-09-02T05:15:00-00:00,2022-09-02T05:30:00-00:00,2022-09-01,23,ALHAMBRA_1_N001,ALHAMBRA_1_N001,ALHAMBRA_1_N001,RTPD,MGHG,LMP_GHG_PRC,ALHAMBRA_1_N001,ALL,1,0,2,5
2022-09-02T06:15:00-00:00,2022-09-02T06:30:00-00:00,2022-09-01,24,ALHAMBRA_1_N001,ALHAMBRA_1_N001,ALHAMBRA_1_N001,RTPD,MGHG,LMP_GHG_PRC,ALHAMBRA_1_N001,ALL,1,0,2,5
2022-09-01T07:30:00-00:00,2022-09-01T07:45:00-00:00,2022-09-01,01,ALHAMBRA_1_N001,ALHAMBRA_1_N001,ALHAMBRA_1_N001,RTPD,MGHG,LMP_GHG_PRC,ALHAMBRA_1_N001,ALL,1,0,3,5
2022-09-01T08:30:00-00:00,2022-09-01T08:45:00-00:00,2022-09-01,02,ALHAMBRA_1_N001,ALHAMBRA_1_N001,ALHAMBRA_1_N001,RTPD,MGHG,LMP_GHG_PRC,ALHAMBRA_1_N001,ALL,1,0,3,5
2022-09-01T09:30:00-00:00,2022-09-01T09:45:00-00:00,2022-09-01,03,ALHAMBRA_1_N001,ALHAMBRA_1_N001,ALHAMBRA_1_N001,RTPD,MGHG,LMP_GHG_PRC,ALHAMBRA_1_N001,ALL,1,0,3,5
2022-09-01T10:30:00-00:00,2022-09-01T10:45:00-00:00,2022-09-01,04,ALHAMBRA_1_N001,ALHAMBRA_1_N001,ALHAMBRA_1_N001,RTPD,MGHG,LMP_GHG_PRC,ALHAMBRA_1_N001,ALL,1,0,3,5
2022-09-01T11:30:00-00:00,2022-09-01T11:45:00-00:00,2022-09-01,05,ALHAMBRA_1_N001,ALHAMBRA_1_N001,ALHAMBRA_1_N001,RTPD,MGHG,LMP_GHG_PRC,ALHAMBRA_1_N001,ALL,1,0,3,5
2022-09-01T12:30:00-00:00,2022-09-01T12:45:00-00:00,2022-09-01,06,ALHAMBRA_1_N001,ALHAMBRA_1_N001,ALHAMBRA_1_N001,RTPD,MGHG,LMP_GHG_PRC,ALHAMBRA_1_N001,ALL,1,0,3,5
2022-09-01T13:30:00-00:00,2022-09-01T13:45:00-00:00,2022-09-01,07,ALHAMBRA_1_N001,ALHAMBRA_1_N001,ALHAMBRA_1_N001,RTPD,MGHG,LMP_GHG_PRC,ALHAMBRA_1_N001,ALL,1,0,3,5
2022-09-01T14:30:00-00:00,2022-09-01T14:45:00-00:00,2022-09-01,08,ALHAMBRA_1_N001,ALHAMBRA_1_N001,ALHAMBRA_1_N001,RTPD,MGHG,LMP_GHG_PRC,ALHAMBRA_1_N001,ALL,1,0,3,5
2022-09-01T15:30:00-00:00,2022-09-01T15:45:00-00:00,2022-09-01,09,ALHAMBRA_1_N001,ALHAMBRA_1_N001,ALHAMBRA_1_N001,RTPD,MGHG,LMP_GHG_PRC,ALHAMBRA_1_N001,ALL,1,0,3,5
2022-09-01T16:30:00-00:00,2022-09-01T16:45:00-00:00,2022-09-01,10,ALHAMBRA_1_N001,ALHAMBRA_1_N001,ALHAMBRA_1_N001,RTPD,MGHG,LMP_GHG_PRC,ALHAMBRA_1_N001,ALL,1,0,3,5
2022-09-01T17:30:00-00:00,2022-09-01T17:45:00-00:00,2022-09-01,11,ALHAMBRA_1_N001,ALHAMBRA_1_N001,ALHAMBRA_1_N001,RTPD,MGHG,LMP_GHG_PRC,ALHAMBRA_1_N001,ALL,1,0,3,5
2022-09-01T18:30:00-00:00,2022-09-01T18:45:00-00:00,2022-09-01,12,ALHAMBRA_1_N001,ALHAMBRA_1_N001,ALHAMBRA_1_N001,RTPD,MGHG,LMP_GHG_PRC,ALHAMBRA_1_N001,ALL,1,0,3,5
2022-09-01T19:30:00-00:00,2022-09-01T19:45:00-00:00,2022-09-01,13,ALHAMBRA_1_N001,ALHAMBRA_1_N001,ALHAMBRA_1_N001,RTPD,MGHG,LMP_GHG_PRC,ALHAMBRA_1_N001,ALL,1,0,3,5
2022-09-01T20:30:00-00:00,2022-09-01T20:45:00-00:00,2022-09-01,14,ALHAMBRA_1_N001,ALHAMBRA_1_N001,ALHAMBRA_1_N001,RTPD,MGHG,LMP_GHG_PRC,ALHAMBRA_1_N001,ALL,1,0,3,5
2022-09-01T21:30:00-00:00,2022-09-01T21:45:00-00:00,2022-09-01,15,ALHAMBRA_1_N001,ALHAMBRA_1_N001,ALHAMBRA_1_N001,RTPD,MGHG,LMP_GHG_PRC,ALHAMBRA_1_N001,ALL,1,0,3,5
2022-09-01T22:30:00-00:00,2022-09-01T22:45:00-00:00,2022-09-01,16,ALHAMBRA_1_N001,ALHAMBRA_1_N001,ALHAMBRA_1_N001,RTPD,MGHG,LMP_GHG_PRC,ALHAMBRA_1_N001,ALL,1,0,3,5
2022-09-01T23:30:00-00:00,2022-09-01T23:45:00-00:00,2022-09-01,17,ALHAMBRA_1_N001,ALHAMBRA_1_N001,ALHAMBRA_1_N001,RTPD,MGHG,LMP_GHG_PRC,ALHAMBRA_1_N001,ALL,1,0,3,5
2022-09-02T00:30:00-00:00,2022-09-02T00:45:00-00:00,2022-09-01,18,ALHAMBRA_1_N001,ALHAMBRA_1_N001,ALHAMBRA_1_N001,RTPD,MGHG,LMP_GHG_PRC,ALHAMBRA_1_N001,ALL,1,0,3,5
2022-09-02T01:30:00-00:00,2022-09-02T01:45:00-00:00,2022-09-01,19,ALHAMBRA_1_N001,ALHAMBRA_1_N001,ALHAMBRA_1_N001,RTPD,MGHG,LMP_GHG_PRC,ALHAMBRA_1_N001,ALL,1,0,3,5
2022-09-02T02:30:00-00:00,2022-09-02T02:45:00-00:00,2022-09-01,20,ALHAMBRA_1_N001,ALHAMBRA_1_N001,ALHAMBRA_1_N001,RTPD,MGHG,LMP_GHG_PRC,ALHAMBRA_1_N001,ALL,1,0,3,5
2022-09-02T03:30:00-00:00,2022-09-02T03:45:00-00:00,2022-09-01,21,ALHAMBRA_1_N001,ALHAMBRA_1_N001,ALHAMBRA_1_N001,RTPD,MGHG,LMP_GHG_PRC,ALHAMBRA_1_N001,ALL,1,0,3,5
2022-09-02T04:30:00-00:00,2022-09-02T04:45:00-00:00,2022-09-01,22,ALHAMBRA_1_N001,ALHAMBRA_1_N001,ALHAMBRA_1_N001,RTPD,MGHG,LMP_GHG_PRC,ALHAMBRA_1_N001,ALL,1,0,3,5
2022-09-02T05:30:00-00:00,2022-09-02T05:45:00-00:00,2022-09-01,23,ALHAMBRA_1_N001,ALHAMBRA_1_N001,ALHAMBRA_1_N001,RTPD,MGHG,LMP_GHG_PRC,ALHAMBRA_1_N001,ALL,1,0,3,5
2022-09-02T06:30:00-00:00,2022-09-02T06:45:00-00:00,2022-09-01,24,ALHAMBRA_1_N001,ALHAMBRA_1_N001,ALHAMBRA_1_N001,RTPD,MGHG,LMP_GHG_PRC,ALHAMBRA_1_N001,ALL,1,0,3,5
2022-09-01T07:45:00-00:00,2022-09-01T08:00:00-00:00,2022-09-01,01,ALHAMBRA_1_N001,ALHAMBRA_1_N001,ALHAMBRA_1_N001,RTPD,MGHG,LMP_GHG_PRC,ALHAMBRA_1_N001,ALL,1,0,4,5
2022-09-01T08:45:00-00:00,2022-09-01T09:00:00-00:00,2022-09-01,02,ALHAMBRA_1_N001,ALHAMBRA_1_N001,ALHAMBRA_1_N001,RTPD,MGHG,LMP_GHG_PRC,ALHAMBRA_1_N001,ALL,1,0,4,5
2022-09-01T09:45:00-00:00,2022-09-01T10:00:00-00:00,2022-09-01,03,ALHAMBRA_1_N001,ALHAMBRA_1_N001,ALHAMBRA_1_N001,RTPD,MGHG,LMP_GHG_PRC,ALHAMBRA_1_N001,ALL,1,0,4,5
2022-09-01T10:45:00-00:00,2022-09-01T11:00:00-00:00,2022-09-01,04,ALHAMBRA_1_N001,ALHAMBRA_1_N001,ALHAMBRA_1_N001,RTPD,MGHG,LMP_GHG_PRC,ALHAMBRA_1_N001,ALL,1,0,4,5
2022-09-01T11:45:00-00:00,2022-09-01T12:00:00-00:00,2022-09-01,05,ALHAMBRA_1_N001,ALHAMBRA_1_N001,ALHAMBRA_1_N001,RTPD,MGHG,LMP_GHG_PRC,ALHAMBRA_1_N001,ALL,1,0,4,5
2022-09-01T12:45:00-00:00,2022-09-01T13:00:00-00:00,2022-09-01,06,ALHAMBRA_1_N001,ALHAMBRA_1_N001,ALHAMBRA_1_N001,RTPD,MGHG,LMP_GHG_PRC,ALHAMBRA_1_N001,ALL,1,0,4,5
2022-09-01T13:45:00-00:00,2022-09-01T14:00:00-00:00,2022-09-01,07,ALHAMBRA_1_N001,ALHAMBRA_1_N001,ALHAMBRA_1_N001,RTPD,MGHG,LMP_GHG_PRC,ALHAMBRA_1_N001,ALL,1,0,4,5
2022-09-01T14:45:00-00:00,2022-09-01T15:00:00-00:00,2022-09-01,08,ALHAMBRA_1_N001,ALHAMBRA_1_N001,ALHAMBRA_1_N001,RTPD,MGHG,LMP_GHG_PRC,ALHAMBRA_1_N001,ALL,1,0,4,5
2022-09-01T15:45:00-00:00,2022-09-01T16:00:00-00:00,2022-09-01,09,ALHAMBRA_1_N001,ALHAMBRA_1_N001,ALHAMBRA_1_N001,RTPD,MGHG,LMP_GHG_PRC,ALHAMBRA_1_N001,ALL,1,0,4,5
2022-09-01T16:45:00-00:00,2022-09-01T17:00:00-00:00,2022-09-01,10,ALHAMBRA_1_N001,ALHAMBRA_1_N001,ALHAMBRA_1_N001,RTPD,MGHG,LMP_GHG_PRC,ALHAMBRA_1_N001,ALL,1,0,4,5
2022-09-01T17:45:00-00:00,2022-09-01T18:00:00-00:00,2022-09-01,11,ALHAMBRA_1_N001,ALHAMBRA_1_N001,ALHAMBRA_1_N001,RTPD,MGHG,LMP_GHG_PRC,ALHAMBRA_1_N001,ALL,1,0,4,5
2022-09-01T18:45:00-00:00,2022-09-01T19:00:00-00:00,2022-09-01,12,ALHAMBRA_1_N001,ALHAMBRA_1_N001,ALHAMBRA_1_N001,RTPD,MGHG,LMP_GHG_PRC,ALHAMBRA_1_N001,ALL,1,0,4,5
2022-09-01T19:45:00-00:00,2022-09-01T20:00:00-00:00,2022-09-01,13,ALHAMBRA_1_N001,ALHAMBRA_1_N001,ALHAMBRA_1_N001,RTPD,MGHG,LMP_GHG_PRC,ALHAMBRA_1_N001,ALL,1,0,4,5
2022-09-01T20:45:00-00:00,2022-09-01T21:00:00-00:00,2022-09-01,14,ALHAMBRA_1_N001,ALHAMBRA_1_N001,ALHAMBRA_1_N001,RTPD,MGHG,LMP_GHG_PRC,ALHAMBRA_1_N001,ALL,1,0,4,5
2022-09-01T21:45:00-00:00,2022-09-01T22:00:00-00:00,2022-09-01,15,ALHAMBRA_1_N001,ALHAMBRA_1_N001,ALHAMBRA_1_N001,RTPD,MGHG,LMP_GHG_PRC,ALHAMBRA_1_N001,ALL,1,0,4,5
2022-09-01T22:45:00-00:00,2022-09-01T23:00:00-00:00,2022-09-01,16,ALHAMBRA_1_N001,ALHAMBRA_1_N001,ALHAMBRA_1_N001,RTPD,MGHG,LMP_GHG_PRC,ALHAMBRA_1_N001,ALL,1,0,4,5
2022-09-01T23:45:00-00:00,2022-09-02T00:00:00-00:00,2022-09-01,17,ALHAMBRA_1_N001,ALHAMBRA_1_N001,ALHAMBRA_1_N001,RTPD,MGHG,LMP_GHG_PRC,ALHAMBRA_1_N001,ALL,1,0,4,5
2022-09-02T00:45:00-00:00,2022-09-02T01:00:00-00:00,2022-09-01,18,ALHAMBRA_1_N001,ALHAMBRA_1_N001,ALHAMBRA_1_N001,RTPD,MGHG,LMP_GHG_PRC,ALHAMBRA_1_N001,ALL,1,0,4,5
2022-09-02T01:45:00-00:00,2022-09-02T02:00:00-00:00,2022-09-01,19,ALHAMBRA_1_N001,ALHAMBRA_1_N001,ALHAMBRA_1_N001,RTPD,MGHG,LMP_GHG_PRC,ALHAMBRA_1_N001,ALL,1,0,4,5
2022-09-02T02:45:00-00:00,2022-09-02T03:00:00-00:00,2022-09-01,20,ALHAMBRA_1_N001,ALHAMBRA_1_N001,ALHAMBRA_1_N001,RTPD,MGHG,LMP_GHG_PRC,ALHAMBRA_1_N001,ALL,1,0,4,5
2022-09-02T03:45:00-00:00,2022-09-02T04:00:00-00:00,2022-09-01,21,ALHAMBRA_1_N001,ALHAMBRA_1_N001,ALHAMBRA_1_N001,RTPD,MGHG,LMP_GHG_PRC,ALHAMBRA_1_N001,ALL,1,0,4,5
2022-09-02T04:45:00-00:00,2022-09-02T05:00:00-00:00,2022-09-01,22,ALHAMBRA_1_N001,ALHAMBRA_1_N001,ALHAMBRA_1_N001,RTPD,MGHG,LMP_GHG_PRC,ALHAMBRA_1_N001,ALL,1,0,4,5
2022-09-02T05:45:00-00:00,2022-09-02T06:00:00-00:00,2022-09-01,23,ALHAMBRA_1_N001,ALHAMBRA_1_N001,ALHAMBRA_1_N001,RTPD,MGHG,LMP_GHG_PRC,ALHAMBRA_1_N001,ALL,1,0,4,5
2022-09-02T06:45:00-00:00,2022-09-02T07:00:00-00:00,2022-09-01,24,ALHAMBRA_1_N001,ALHAMBRA_1_N001,ALHAMBRA_1_N001,RTPD,MGHG,LMP_GHG_PRC,ALHAMBRA_1_N001,ALL,1,0,4,5
