INTERVALSTARTTIME_GMT,INTERVALENDTIME_GMT,OPR_DT,OPR_HR,NODE_ID_XML,NODE_ID,NODE,MARKET_RUN_ID,LMP_TYPE,XML_DATA_ITEM,PNODE_RESMRID,GRP_TYPE,POS,PRC,OPR_INTERVAL,GROUP
2022-09-01T07:00:00-00:00,2022-09-01T07:15:00-00:00,2022-09-01,01,CLAUS_LNODEKSN,CLAUS_LNODEKSN,CLAUS_LNODEKSN,RTPD,LMP,LMP_PRC,CLAUS_LNODEKSN,ALL,1,88.44565,1,1
2022-09-01T08:00:00-00:00,2022-09-01T08:15:00-00:00,2022-09-01,02,CLAUS_LNODEKSN,CLAUS_LNODEKSN,CLAUS_LNODEKSN,RTPD,LMP,LMP_PRC,CLAUS_LNODEKSN,ALL,1,112.07444,1,1
2022-09-01T09:00:00-00:00,2022-09-01T09:15:00-00:00,2022-09-01,03,CLAUS_LNODEKSN,CLAUS_LNODEKSN,CLAUS_LNODEKSN,RTPD,LMP,LMP_PRC,CLAUS_LNODEKSN,ALL,1,99.04443,1,1
2022-09-01T10:00:00-00:00,2022-09-01T10:15:00-00:00,2022-09-01,04,CLAUS_LNODEKSN,CLAUS_LNODEKSN,CLAUS_LNODEKSN,RTPD,LMP,LMP_PRC,CLAUS_LNODEKSN,ALL,1,98.65948,1,1
2022-09-01T11:00:00-00:00,2022-09-01T11:15:00-00:00,2022-09-01,05,CLAUS_LNODEKSN,CLAUS_LNODEKSN,CLAUS_LNODEKSN,RTPD,LMP,LMP_PRC,CLAUS_LNODEKSN,ALL,1,106.90849,1,1
2022-09-01T12:00:00-00:00,2022-09-01T12:15:00-00:00,2022-09-01,06,CLAUS_LNODEKSN,CLAUS_LNODEKSN,CLAUS_LNODEKSN,RTPD,LMP,LMP_PRC,CLAUS_LNODEKSN,ALL,1,90.29338,1,1
2022-09-01T13:00:00-00:00,2022-09-01T13:15:00-00:00,2022-09-01,07,CLAUS_LNODEKSN,CLAUS_LNODEKSN,CLAUS_LNODEKSN,RTPD,LMP,LMP_PRC,CLAUS_LNODEKSN,ALL,1,88.10566,1,1
2022-09-01T14:00:00-00:00,2022-09-01T14:15:00-00:00,2022-09-01,08,CLAUS_LNODEKSN,CLAUS_LNODEKSN,CLAUS_LNODEKSN,RTPD,LMP,LMP_PRC,CLAUS_LNODEKSN,ALL,1,116.09987,1,1
2022-09-01T15:00:00-00:00,2022-09-01T15:15:00-00:00,2022-09-01,09,CLAUS_LNODEKSN,CLAUS_LNODEKSN,CLAUS_LNODEKSN,RTPD,LMP,LMP_PRC,CLAUS_LNODEKSN,ALL,1,97.4124,1,1
2022-09-01T16:00:00-00:00,2022-09-01T16:15:00-00:00,2022-09-01,10,CLAUS_LNODEKSN,CLAUS_LNODEKSN,CLAUS_LNODEKSN,RTPD,LMP,LMP_PRC,CLAUS_LNODEKSN,ALL,1,83.43645,1,1
2022-09-01T17:00:00-00:00,2022-09-01T17:15:00-00:00,2022-09-01,11,CLAUS_LNODEKSN,CLAUS_LNODEKSN,CLAUS_LNODEKSN,RTPD,LMP,LMP_PRC,CLAUS_LNODEKSN,ALL,1,79.76526,1,1
2022-09-01T18:00:00-00:00,2022-09-01T18:15:00-00:00,2022-09-01,12,CLAUS_LNODEKSN,CLAUS_LNODEKSN,CLAUS_LNODEKSN,RTPD,LMP,LMP_PRC,CLAUS_LNODEKSN,ALL,1,58.07681,1,1
2022-09-01T19:00:00-00:00,2022-09-01T19:15:00-00:00,2022-09-01,13,CLAUS_LNODEKSN,CLAUS_LNODEKSN,CLAUS_LNODEKSN,RTPD,LMP,LMP_PRC,CLAUS_LNODEKSN,ALL,1,72.21078,1,1
2022-09-01T20:00:00-00:00,2022-09-01T20:15:00-00:00,2022-09-01,14,CLAUS_LNODEKSN,CLAUS_LNODEKSN,CLAUS_LNODEKSN,RTPD,LMP,LMP_PRC,CLAUS_LNODEKSN,ALL,1,114.30831,1,1
2022-09-01T21:00:00-00:00,2022-09-01T21:15:00-00:00,2022-09-01,15,CLAUS_LNODEKSN,CLAUS_LNODEKSN,CLAUS_LNODEKSN,RTPD,LMP,LMP_PRC,CLAUS_LNODEKSN,ALL,1,124.88442,1,1
2022-09-01T22:00:00-00:00,2022-09-01T22:15:00-00:00,2022-09-01,16,CLAUS_LNODEKSN,CLAUS_LNODEKSN,CLAUS_LNODEKSN,RTPD,LMP,LMP_PRC,CLAUS_LNODEKSN,ALL,1,119.01,1,1
2022-09-01T23:00:00-00:00,2022-09-01T23:15:00-00:00,2022-09-01,17,CLAUS_LNODEKSN,CLAUS_LNODEKSN,CLAUS_LNODEKSN,RTPD,LMP,LMP_PRC,CLAUS_LNODEKSN,ALL,1,212.57053,1,1
2022-09-02T00:00:00-00:00,2022-09-02T00:15:00-00:00,2022-09-01,18,CLAUS_LNODEKSN,CLAUS_LNODEKSN,CLAUS_LNODEKSN,RTPD,LMP,LMP_PRC,CLAUS_LNODEKSN,ALL,1,1146.4447,1,1
2022-09-02T01:00:00-00:00,2022-09-02T01:15:00-00:00,2022-09-01,19,CLAUS_LNODEKSN,CLAUS_LNODEKSN,CLAUS_LNODEKSN,RTPD,LMP,LMP_PRC,CLAUS_LNODEKSN,ALL,1,1238.5543,1,1
2022-09-02T02:00:00-00:00,2022-09-02T02:15:00-00:00,2022-09-01,20,CLAUS_LNODEKSN,CLAUS_LNODEKSN,CLAUS_LNODEKSN,RTPD,LMP,LMP_PRC,CLAUS_LNODEKSN,ALL,1,1991.671,1,1
2022-09-02T03:00:00-00:00,2022-09-02T03:15:00-00:00,2022-09-01,21,CLAUS_LNODEKSN,CLAUS_LNODEKSN,CLAUS_LNODEKSN,RTPD,LMP,LMP_PRC,CLAUS_LNODEKSN,ALL,1,1381.6802,1,1
2022-09-02T04:00:00-00:00,2022-09-02T04:15:00-00:00,2022-09-01,22,CLAUS_LNODEKSN,CLAUS_LNODEKSN,CLAUS_LNODEKSN,RTPD,LMP,LMP_PRC,CLAUS_LNODEKSN,ALL,1,512.9209,1,1
2022-09-02T05:00:00-00:00,2022-09-02T05:15:00-00:00,2022-09-01,23,CLAUS_LNODEKSN,CLAUS_LNODEKSN,CLAUS_LNODEKSN,RTPD,LMP,LMP_PRC,CLAUS_LNODEKSN,ALL,1,192.3552,1,1
2022-09-02T06:00:00-00:00,2022-09-02T06:15:00-00:00,2022-09-01,24,CLAUS_LNODEKSN,CLAUS_LNODEKSN,CLAUS_LNODEKSN,RTPD,LMP,LMP_PRC,CLAUS_LNODEKSN,ALL,1,198.93015,1,1
2022-09-01T07:15:00-00:00,2022-09-01T07:30:00-00:00,2022-09-01,01,CLAUS_LNODEKSN,CLAUS_LNODEKSN,CLAUS_LNODEKSN,RTPD,LMP,LMP_PRC,CLAUS_LNODEKSN,ALL,1,115.1347,2,1
2022-09-01T08:15:00-00:00,2022-09-01T08:30:00-00:00,2022-09-01,02,CLAUS_LNODEKSN,CLAUS_LNODEKSN,CLAUS_LNODEKSN,RTPD,LMP,LMP_PRC,CLAUS_LNODEKSN,ALL,1,114.58194,2,1
2022-09-01T09:15:00-00:00,2022-09-01T09:30:00-00:00,2022-09-01,03,CLAUS_LNODEKSN,CLAUS_LNODEKSN,CLAUS_LNODEKSN,RTPD,LMP,LMP_PRC,CLAUS_LNODEKSN,ALL,1,96.07105,2,1
2022-09-01T10:15:00-00:00,2022-09-01T10:30:00-00:00,2022-09-01,04,CLAUS_LNODEKSN,CLAUS_LNODEKSN,CLAUS_LNODEKSN,RTPD,LMP,LMP_PRC,CLAUS_LNODEKSN,ALL,1,95.32958,2,1
2022-09-01T11:15:00-00:00,2022-09-01T11:30:00-00:00,2022-09-01,05,CLAUS_LNODEKSN,CLAUS_LNODEKSN,CLAUS_LNODEKSN,RTPD,LMP,LMP_PRC,CLAUS_LNODEKSN,ALL,1,107.44226,2,1
2022-09-01T12:15:00-00:00,2022-09-01T12:30:00-00:00,2022-09-01,06,CLAUS_LNODEKSN,CLAUS_LNODEKSN,CLAUS_LNODEKSN,RTPD,LMP,LMP_PRC,CLAUS_LNODEKSN,ALL,1,107.41081,2,1
2022-09-01T13:15:00-00:00,2022-09-01T13:30:00-00:00,2022-09-01,07,CLAUS_LNODEKSN,CLAUS_LNODEKSN,CLAUS_LNODEKSN,RTPD,LMP,LMP_PRC,CLAUS_LNODEKSN,ALL,1,114.75036,2,1
2022-09-01T14:15:00-00:00,2022-09-01T14:30:00-00:00,2022-09-01,08,CLAUS_LNODEKSN,CLAUS_LNODEKSN,CLAUS_LNODEKSN,RTPD,LMP,LMP_PRC,CLAUS_LNODEKSN,ALL,1,109.21869,2,1
2022-09-01T15:15:00-00:00,2022-09-01T15:30:00-00:00,2022-09-01,09,CLAUS_LNODEKSN,CLAUS_LNODEKSN,CLAUS_LNODEKSN,RTPD,LMP,LMP_PRC,CLAUS_LNODEKSN,ALL,1,86.94,2,1
2022-09-01T16:15:00-00:00,2022-09-01T16:30:00-00:00,2022-09-01,10,CLAUS_LNODEKSN,CLAUS_LNODEKSN,CLAUS_LNODEKSN,RTPD,LMP,LMP_PRC,CLAUS_LNODEKSN,ALL,1,87.75664,2,1
2022-09-01T17:15:00-00:00,2022-09-01T17:30:00-00:00,2022-09-01,11,CLAUS_LNODEKSN,CLAUS_LNODEKSN,CLAUS_LNODEKSN,RTPD,LMP,LMP_PRC,CLAUS_LNODEKSN,ALL,1,78.31106,2,1
2022-09-01T18:15:00-00:00,2022-09-01T18:30:00-00:00,2022-09-01,12,CLAUS_LNODEKSN,CLAUS_LNODEKSN,CLAUS_LNODEKSN,RTPD,LMP,LMP_PRC,CLAUS_LNODEKSN,ALL,1,73.86695,2,1
2022-09-01T19:15:00-00:00,2022-09-01T19:30:00-00:00,2022-09-01,13,CLAUS_LNODEKSN,CLAUS_LNODEKSN,CLAUS_LNODEKSN,RTPD,LMP,LMP_PRC,CLAUS_LNODEKSN,ALL,1,74.84945,2,1
2022-09-01T20:15:00-00:00,2022-09-01T20:30:00-00:00,2022-09-01,14,CLAUS_LNODEKSN,CLAUS_LNODEKSN,CLAUS_LNODEKSN,RTPD,LMP,LMP_PRC,CLAUS_LNODEKSN,ALL,1,114.25411,2,1
2022-09-01T21:15:00-00:00,2022-09-01T21:30:00-00:00,2022-09-01,15,CLAUS_LNODEKSN,CLAUS_LNODEKSN,CLAUS_LNODEKSN,RTPD,LMP,LMP_PRC,CLAUS_LNODEKSN,ALL,1,119.71946,2,1
2022-09-01T22:15:00-00:00,2022-09-01T22:30:00-00:00,2022-09-01,16,CLAUS_LNODEKSN,CLAUS_LNODEKSN,CLAUS_LNODEKSN,RTPD,LMP,LMP_PRC,CLAUS_LNODEKSN,ALL,1,135.72304,2,1
2022-09-01T23:15:00-00:00,2022-09-01T23:30:00-00:00,2022-09-01,17,CLAUS_LNODEKSN,CLAUS_LNODEKSN,CLAUS_LNODEKSN,RTPD,LMP,LMP_PRC,CLAUS_LNODEKSN,ALL,1,260.06805,2,1
2022-09-02T00:15:00-00:00,2022-09-02T00:30:00-00:00,2022-09-01,18,CLAUS_LNODEKSN,CLAUS_LNODEKSN,CLAUS_LNODEKSN,RTPD,LMP,LMP_PRC,CLAUS_LNODEKSN,ALL,1,1053.7124,2,1
2022-09-02T01:15:00-00:00,2022-09-02T01:30:00-00:00,2022-09-01,19,CLAUS_LNODEKSN,CLAUS_LNODEKSN,CLAUS_LNODEKSN,RTPD,LMP,LMP_PRC,CLAUS_LNODEKSN,ALL,1,1999.9945,2,1
2022-09-02T02:15:00-00:00,2022-09-02T02:30:00-00:00,2022-09-01,20,CLAUS_LNODEKSN,CLAUS_LNODEKSN,CLAUS_LNODEKSN,RTPD,LMP,LMP_PRC,CLAUS_LNODEKSN,ALL,1,1991.671,2,1
2022-09-02T03:15:00-00:00,2022-09-02T03:30:00-00:00,2022-09-01,21,CLAUS_LNODEKSN,CLAUS_LNODEKSN,CLAUS_LNODEKSN,RTPD,LMP,LMP_PRC,CLAUS_LNODEKSN,ALL,1,567.907,2,1
2022-09-02T04:15:00-00:00,2022-09-02T04:30:00-00:00,2022-09-01,22,CLAUS_LNODEKSN,CLAUS_LNODEKSN,CLAUS_LNODEKSN,RTPD,LMP,LMP_PRC,CLAUS_LNODEKSN,ALL,1,455.16748,2,1
2022-09-02T05:15:00-00:00,2022-09-02T05:30:00-00:00,2022-09-01,23,CLAUS_LNODEKSN,CLAUS_LNODEKSN,CLAUS_LNODEKSN,RTPD,LMP,LMP_PRC,CLAUS_LNODEKSN,ALL,1,164.8357,2,1
2022-09-02T06:15:00-00:00,2022-09-02T06:30:00-00:00,2022-09-01,24,CLAUS_LNODEKSN,CLAUS_LNODEKSN,CLAUS_LNODEKSN,RTPD,LMP,LMP_PRC,CLAUS_LNODEKSN,ALL,1,147.5951,2,1
2022-09-01T07:30:00-00:00,2022-09-01T07:45:00-00:00,2022-09-01,01,CLAUS_LNODEKSN,CLAUS_LNODEKSN,CLAUS_LNODEKSN,RTPD,LMP,LMP_PRC,CLAUS_LNODEKSN,ALL,1,102.19131,3,1
2022-09-01T08:30:00-00:00,2022-09-01T08:45:00-00:00,2022-09-01,02,CLAUS_LNODEKSN,CLAUS_LNODEKSN,CLAUS_LNODEKSN,RTPD,LMP,LMP_PRC,CLAUS_LNODEKSN,ALL,1,115.34614,3,1
2022-09-01T09:30:00-00:00,2022-09-01T09:45:00-00:00,2022-09-01,03,CLAUS_LNODEKSN,CLAUS_LNODEKSN,CLAUS_LNODEKSN,RTPD,LMP,LMP_PRC,CLAUS_LNODEKSN,ALL,1,95.81021,3,1
2022-09-01T10:30:00-00:00,2022-09-01T10:45:00-00:00,2022-09-01,04,CLAUS_LNODEKSN,CLAUS_LNODEKSN,CLAUS_LNODEKSN,RTPD,LMP,LMP_PRC,CLAUS_LNODEKSN,ALL,1,97.13877,3,1
2022-09-01T11:30:00-00:00,2022-09-01T11:45:00-00:00,2022-09-01,05,CLAUS_LNODEKSN,CLAUS_LNODEKSN,CLAUS_LNODEKSN,RTPD,LMP,LMP_PRC,CLAUS_LNODEKSN,ALL,1,107.52582,3,1
2022-09-01T12:30:00-00:00,2022-09-01T12:45:00-00:00,2022-09-01,06,CLAUS_LNODEKSN,CLAUS_LNODEKSN,CLAUS_LNODEKSN,RTPD,LMP,LMP_PRC,CLAUS_LNODEKSN,ALL,1,106.96656,3,1
2022-09-01T13:30:00-00:00,2022-09-01T13:45:00-00:00,2022-09-01,07,CLAUS_LNODEKSN,CLAUS_LNODEKSN,CLAUS_LNODEKSN,RTPD,LMP,LMP_PRC,CLAUS_LNODEKSN,ALL,1,116.09133,3,1
2022-09-01T14:30:00-00:00,2022-09-01T14:45:00-00:00,2022-09-01,08,CLAUS_LNODEKSN,CLAUS_LNODEKSN,CLAUS_LNODEKSN,RTPD,LMP,LMP_PRC,CLAUS_LNODEKSN,ALL,1,106.19154,3,1
2022-09-01T15:30:00-00:00,2022-09-01T15:45:00-00:00,2022-09-01,09,CLAUS_LNODEKSN,CLAUS_LNODEKSN,CLAUS_LNODEKSN,RTPD,LMP,LMP_PRC,CLAUS_LNODEKSN,ALL,1,86.14,3,1
2022-09-01T16:30:00-00:00,2022-09-01T16:45:00-00:00,2022-09-01,10,CLAUS_LNODEKSN,CLAUS_LNODEKSN,CLAUS_LNODEKSN,RTPD,LMP,LMP_PRC,CLAUS_LNODEKSN,ALL,1,74.6233,3,1
2022-09-01T17:30:00-00:00,2022-09-01T17:45:00-00:00,2022-09-01,11,CLAUS_LNODEKSN,CLAUS_LNODEKSN,CLAUS_LNODEKSN,RTPD,LMP,LMP_PRC,CLAUS_LNODEKSN,ALL,1,78.0209,3,1
2022-09-01T18:30:00-00:00,2022-09-01T18:45:00-00:00,2022-09-01,12,CLAUS_LNODEKSN,CLAUS_LNODEKSN,CLAUS_LNODEKSN,RTPD,LMP,LMP_PRC,CLAUS_LNODEKSN,ALL,1,78.6012,3,1
2022-09-01T19:30:00-00:00,2022-09-01T19:45:00-00:00,2022-09-01,13,CLAUS_LNODEKSN,CLAUS_LNODEKSN,CLAUS_LNODEKSN,RTPD,LMP,LMP_PRC,CLAUS_LNODEKSN,ALL,1,100.93927,3,1
2022-09-01T20:30:00-00:00,2022-09-01T20:45:00-00:00,2022-09-01,14,CLAUS_LNODEKSN,CLAUS_LNODEKSN,CLAUS_LNODEKSN,RTPD,LMP,LMP_PRC,CLAUS_LNODEKSN,ALL,1,116.73923,3,1
2022-09-01T21:30:00-00:00,2022-09-01T21:45:00-00:00,2022-09-01,15,CLAUS_LNODEKSN,CLAUS_LNODEKSN,CLAUS_LNODEKSN,RTPD,LMP,LMP_PRC,CLAUS_LNODEKSN,ALL,1,127.67485,3,1
2022-09-01T22:30:00-00:00,2022-09-01T22:45:00-00:00,2022-09-01,16,CLAUS_LNODEKSN,CLAUS_LNODEKSN,CLAUS_LNODEKSN,RTPD,LMP,LMP_PRC,CLAUS_LNODEKSN,ALL,1,153.7265,3,1
2022-09-01T23:30:00-00:00,2022-09-01T23:45:00-00:00,2022-09-01,17,CLAUS_LNODEKSN,CLAUS_LNODEKSN,CLAUS_LNODEKSN,RTPD,LMP,LMP_PRC,CLAUS_LNODEKSN,ALL,1,566.4828,3,1
2022-09-02T00:30:00-00:00,2022-09-02T00:45:00-00:00,2022-09-01,18,CLAUS_LNODEKSN,CLAUS_LNODEKSN,CLAUS_LNODEKSN,RTPD,LMP,LMP_PRC,CLAUS_LNODEKSN,ALL,1,1778.8517,3,1
2022-09-02T01:30:00-00:00,2022-09-02T01:45:00-00:00,2022-09-01,19,CLAUS_LNODEKSN,CLAUS_LNODEKSN,CLAUS_LNODEKSN,RTPD,LMP,LMP_PRC,CLAUS_LNODEKSN,ALL,1,1999.9944,3,1
2022-09-02T02:30:00-00:00,2022-09-02T02:45:00-00:00,2022-09-01,20,CLAUS_LNODEKSN,CLAUS_LNODEKSN,CLAUS_LNODEKSN,RTPD,LMP,LMP_PRC,CLAUS_LNODEKSN,ALL,1,1991.6698,3,1
2022-09-02T03:30:00-00:00,2022-09-02T03:45:00-00:00,2022-09-01,21,CLAUS_LNODEKSN,CLAUS_LNODEKSN,CLAUS_LNODEKSN,RTPD,LMP,LMP_PRC,CLAUS_LNODEKSN,ALL,1,230.4887,3,1
2022-09-02T04:30:00-00:00,2022-09-02T04:45:00-00:00,2022-09-01,22,CLAUS_LNODEKSN,CLAUS_LNODEKSN,CLAUS_LNODEKSN,RTPD,LMP,LMP_PRC,CLAUS_LNODEKSN,ALL,1,305.96976,3,1
2022-09-02T05:30:00-00:00,2022-09-02T05:45:00-00:00,2022-09-01,23,CLAUS_LNODEKSN,CLAUS_LNODEKSN,CLAUS_LNODEKSN,RTPD,LMP,LMP_PRC,CLAUS_LNODEKSN,ALL,1,137.98248,3,1
2022-09-02T06:30:00-00:00,2022-09-02T06:45:00-00:00,2022-09-01,24,CLAUS_LNODEKSN,CLAUS_LNODEKSN,CLAUS_LNODEKSN,RTPD,LMP,LMP_PRC,CLAUS_LNODEKSN,ALL,1,134.22523,3,1
2022-09-01T07:45:00-00:00,2022-09-01T08:00:00-00:00,2022-09-01,01,CLAUS_LNODEKSN,CLAUS_LNODEKSN,CLAUS_LNODEKSN,RTPD,LMP,LMP_PRC,CLAUS_LNODEKSN,ALL,1,89.97047,4,1
2022-09-01T08:45:00-00:00,2022-09-01T09:00:00-00:00,2022-09-01,02,CLAUS_LNODEKSN,CLAUS_LNODEKSN,CLAUS_LNODEKSN,RTPD,LMP,LMP_PRC,CLAUS_LNODEKSN,ALL,1,97.68418,4,1
2022-09-01T09:45:00-00:00,2022-09-01T10:00:00-00:00,2022-09-01,03,CLAUS_LNODEKSN,CLAUS_LNODEKSN,CLAUS_LNODEKSN,RTPD,LMP,LMP_PRC,CLAUS_LNODEKSN,ALL,1,95.76714,4,1
2022-09-01T10:45:00-00:00,2022-09-01T11:00:00-00:00,2022-09-01,04,CLAUS_LNODEKSN,CLAUS_LNODEKSN,CLAUS_LNODEKSN,RTPD,LMP,LMP_PRC,CLAUS_LNODEKSN,ALL,1,97.3284,4,1
2022-09-01T11:45:00-00:00,2022-09-01T12:00:00-00:00,2022-09-01,05,CLAUS_LNODEKSN,CLAUS_LNODEKSN,CLAUS_LNODEKSN,RTPD,LMP,LMP_PRC,CLAUS_LNODEKSN,ALL,1,107.0112,4,1
2022-09-01T12:45:00-00:00,2022-09-01T13:00:00-00:00,2022-09-01,06,CLAUS_LNODEKSN,CLAUS_LNODEKSN,CLAUS_LNODEKSN,RTPD,LMP,LMP_PRC,CLAUS_LNODEKSN,ALL,1,114.04569,4,1
2022-09-01T13:45:00-00:00,2022-09-01T14:00:00-00:00,2022-09-01,07,CLAUS_LNODEKSN,CLAUS_LNODEKSN,CLAUS_LNODEKSN,RTPD,LMP,LMP_PRC,CLAUS_LNODEKSN,ALL,1,111.4088,4,1
2022-09-01T14:45:00-00:00,2022-09-01T15:00:00-00:00,2022-09-01,08,CLAUS_LNODEKSN,CLAUS_LNODEKSN,CLAUS_LNODEKSN,RTPD,LMP,LMP_PRC,CLAUS_LNODEKSN,ALL,1,86.14,4,1
2022-09-01T15:45:00-00:00,2022-09-01T16:00:00-00:00,2022-09-01,09,CLAUS_LNODEKSN,CLAUS_LNODEKSN,CLAUS_LNODEKSN,RTPD,LMP,LMP_PRC,CLAUS_LNODEKSN,ALL,1,78.70196,4,1
2022-09-01T16:45:00-00:00,2022-09-01T17:00:00-00:00,2022-09-01,10,CLAUS_LNODEKSN,CLAUS_LNODEKSN,CLAUS_LNODEKSN,RTPD,LMP,LMP_PRC,CLAUS_LNODEKSN,ALL,1,78.41713,4,1
2022-09-01T17:45:00-00:00,2022-09-01T18:00:00-00:00,2022-09-01,11,CLAUS_LNODEKSN,CLAUS_LNODEKSN,CLAUS_LNODEKSN,RTPD,LMP,LMP_PRC,CLAUS_LNODEKSN,ALL,1,78.4212,4,1
2022-09-01T18:45:00-00:00,2022-09-01T19:00:00-00:00,2022-09-01,12,CLAUS_LNODEKSN,CLAUS_LNODEKSN,CLAUS_LNODEKSN,RTPD,LMP,LMP_PRC,CLAUS_LNODEKSN,ALL,1,80.69359,4,1
2022-09-01T19:45:00-00:00,2022-09-01T20:00:00-00:00,2022-09-01,13,CLAUS_LNODEKSN,CLAUS_LNODEKSN,CLAUS_LNODEKSN,RTPD,LMP,LMP_PRC,CLAUS_LNODEKSN,ALL,1,106.06463,4,1
2022-09-01T20:45:00-00:00,2022-09-01T21:00:00-00:00,2022-09-01,14,CLAUS_LNODEKSN,CLAUS_LNODEKSN,CLAUS_LNODEKSN,RTPD,LMP,LMP_PRC,CLAUS_LNODEKSN,ALL,1,124.94919,4,1
2022-09-01T21:45:00-00:00,2022-09-01T22:00:00-00:00,2022-09-01,15,CLAUS_LNODEKSN,CLAUS_LNODEKSN,CLAUS_LNODEKSN,RTPD,LMP,LMP_PRC,CLAUS_LNODEKSN,ALL,1,208.5351,4,1
2022-09-01T22:45:00-00:00,2022-09-01T23:00:00-00:00,2022-09-01,16,CLAUS_LNODEKSN,CLAUS_LNODEKSN,CLAUS_LNODEKSN,RTPD,LMP,LMP_PRC,CLAUS_LNODEKSN,ALL,1,166.97919,4,1
2022-09-01T23:45:00-00:00,2022-09-02T00:00:00-00:00,2022-09-01,17,CLAUS_LNODEKSN,CLAUS_LNODEKSN,CLAUS_LNODEKSN,RTPD,LMP,LMP_PRC,CLAUS_LNODEKSN,ALL,1,1652.9581,4,1
2022-09-02T00:45:00-00:00,2022-09-02T01:00:00-00:00,2022-09-01,18,CLAUS_LNODEKSN,CLAUS_LNODEKSN,CLAUS_LNODEKSN,RTPD,LMP,LMP_PRC,CLAUS_LNODEKSN,ALL,1,1802.3091,4,1
2022-09-02T01:45:00-00:00,2022-09-02T02:00:00-00:00,2022-09-01,19,CLAUS_LNODEKSN,CLAUS_LNODEKSN,CLAUS_LNODEKSN,RTPD,LMP,LMP_PRC,CLAUS_LNODEKSN,ALL,1,1991.9325,4,1
2022-09-02T02:45:00-00:00,2022-09-02T03:00:00-00:00,2022-09-01,20,CLAUS_LNODEKSN,CLAUS_LNODEKSN,CLAUS_LNODEKSN,RTPD,LMP,LMP_PRC,CLAUS_LNODEKSN,ALL,1,1881.5182,4,1
2022-09-02T03:45:00-00:00,2022-09-02T04:00:00-00:00,2022-09-01,21,CLAUS_LNODEKSN,CLAUS_LNODEKSN,CLAUS_LNODEKSN,RTPD,LMP,LMP_PRC,CLAUS_LNODEKSN,ALL,1,167.68642,4,1
2022-09-02T04:45:00-00:00,2022-09-02T05:00:00-00:00,2022-09-01,22,CLAUS_LNODEKSN,CLAUS_LNODEKSN,CLAUS_LNODEKSN,RTPD,LMP,LMP_PRC,CLAUS_LNODEKSN,ALL,1,136.17178,4,1
2022-09-02T05:45:00-00:00,2022-09-02T06:00:00-00:00,2022-09-01,23,CLAUS_LNODEKSN,CLAUS_LNODEKSN,CLAUS_LNODEKSN,RTPD,LMP,LMP_PRC,CLAUS_LNODEKSN,ALL,1,158.83006,4,1
2022-09-02T06:45:00-00:00,2022-09-02T07:00:00-00:00,2022-09-01,24,CLAUS_LNODEKSN,CLAUS_LNODEKSN,CLAUS_LNODEKSN,RTPD,LMP,LMP_PRC,CLAUS_LNODEKSN,ALL,1,114.18416,4,1
2022-09-01T07:00:00-00:00,2022-09-01T07:15:00-00:00,2022-09-01,01,CLAUS_LNODEKSN,CLAUS_LNODEKSN,CLAUS_LNODEKSN,RTPD,MCC,LMP_CONG_PRC,CLAUS_LNODEKSN,ALL,1,-18.98909,1,2
2022-09-01T08:00:00-00:00,2022-09-01T08:15:00-00:00,2022-09-01,02,CLAUS_LNODEKSN,CLAUS_LNODEKSN,CLAUS_LNODEKSN,RTPD,MCC,LMP_CONG_PRC,CLAUS_LNODEKSN,ALL,1,-3.47436,1,2
2022-09-01T09:00:00-00:00,2022-09-01T09:15:00-00:00,2022-09-01,03,CLAUS_LNODEKSN,CLAUS_LNODEKSN,CLAUS_LNODEKSN,RTPD,MCC,LMP_CONG_PRC,CLAUS_LNODEKSN,ALL,1,-4.64553,1,2
2022-09-01T10:00:00-00:00,2022-09-01T10:15:00-00:00,2022-09-01,04,CLAUS_LNODEKSN,CLAUS_LNODEKSN,CLAUS_LNODEKSN,RTPD,MCC,LMP_CONG_PRC,CLAUS_LNODEKSN,ALL,1,-4.03699,1,2
2022-09-01T11:00:00-00:00,2022-09-01T11:15:00-00:00,2022-09-01,05,CLAUS_LNODEKSN,CLAUS_LNODEKSN,CLAUS_LNODEKSN,RTPD,MCC,LMP_CONG_PRC,CLAUS_LNODEKSN,ALL,1,0.0012,1,2
2022-09-01T12:00:00-00:00,2022-09-01T12:15:00-00:00,2022-09-01,06,CLAUS_LNODEKSN,CLAUS_LNODEKSN,CLAUS_LNODEKSN,RTPD,MCC,LMP_CONG_PRC,CLAUS_LNODEKSN,ALL,1,-10.37517,1,2
2022-09-01T13:00:00-00:00,2022-09-01T13:15:00-00:00,2022-09-01,07,CLAUS_LNODEKSN,CLAUS_LNODEKSN,CLAUS_LNODEKSN,RTPD,MCC,LMP_CONG_PRC,CLAUS_LNODEKSN,ALL,1,-13.70312,1,2
2022-09-01T14:00:00-00:00,2022-09-01T14:15:00-00:00,2022-09-01,08,CLAUS_LNODEKSN,CLAUS_LNODEKSN,CLAUS_LNODEKSN,RTPD,MCC,LMP_CONG_PRC,CLAUS_LNODEKSN,ALL,1,-0.0012,1,2
2022-09-01T15:00:00-00:00,2022-09-01T15:15:00-00:00,2022-09-01,09,CLAUS_LNODEKSN,CLAUS_LNODEKSN,CLAUS_LNODEKSN,RTPD,MCC,LMP_CONG_PRC,CLAUS_LNODEKSN,ALL,1,0.0012,1,2
2022-09-01T16:00:00-00:00,2022-09-01T16:15:00-00:00,2022-09-01,10,CLAUS_LNODEKSN,CLAUS_LNODEKSN,CLAUS_LNODEKSN,RTPD,MCC,LMP_CONG_PRC,CLAUS_LNODEKSN,ALL,1,0.0012,1,2
2022-09-01T17:00:00-00:00,2022-09-01T17:15:00-00:00,2022-09-01,11,CLAUS_LNODEKSN,CLAUS_LNODEKSN,CLAUS_LNODEKSN,RTPD,MCC,LMP_CONG_PRC,CLAUS_LNODEKSN,ALL,1,-17.18371,1,2
2022-09-01T18:00:00-00:00,2022-09-01T18:15:00-00:00,2022-09-01,12,CLAUS_LNODEKSN,CLAUS_LNODEKSN,CLAUS_LNODEKSN,RTPD,MCC,LMP_CONG_PRC,CLAUS_LNODEKSN,ALL,1,-33.51609,1,2
2022-09-01T19:00:00-00:00,2022-09-01T19:15:00-00:00,2022-09-01,13,CLAUS_LNODEKSN,CLAUS_LNODEKSN,CLAUS_LNODEKSN,RTPD,MCC,LMP_CONG_PRC,CLAUS_LNODEKSN,ALL,1,-36.98559,1,2
2022-09-01T20:00:00-00:00,2022-09-01T20:15:00-00:00,2022-09-01,14,CLAUS_LNODEKSN,CLAUS_LNODEKSN,CLAUS_LNODEKSN,RTPD,MCC,LMP_CONG_PRC,CLAUS_LNODEKSN,ALL,1,-3.63528,1,2
2022-09-01T21:00:00-00:00,2022-09-01T21:15:00-00:00,2022-09-01,15,CLAUS_LNODEKSN,CLAUS_LNODEKSN,CLAUS_LNODEKSN,RTPD,MCC,LMP_CONG_PRC,CLAUS_LNODEKSN,ALL,1,-101.73058,1,2
2022-09-01T22:00:00-00:00,2022-09-01T22:15:00-00:00,2022-09-01,16,CLAUS_LNODEKSN,CLAUS_LNODEKSN,CLAUS_LNODEKSN,RTPD,MCC,LMP_CONG_PRC,CLAUS_LNODEKSN,ALL,1,-110.17551,1,2
2022-09-01T23:00:00-00:00,2022-09-01T23:15:00-00:00,2022-09-01,17,CLAUS_LNODEKSN,CLAUS_LNODEKSN,CLAUS_LNODEKSN,RTPD,MCC,LMP_CONG_PRC,CLAUS_LNODEKSN,ALL,1,-174.18318,1,2
2022-09-02T00:00:00-00:00,2022-09-02T00:15:00-00:00,2022-09-01,18,CLAUS_LNODEKSN,CLAUS_LNODEKSN,CLAUS_LNODEKSN,RTPD,MCC,LMP_CONG_PRC,CLAUS_LNODEKSN,ALL,1,327.62497,1,2
2022-09-02T01:00:00-00:00,2022-09-02T01:15:00-00:00,2022-09-01,19,CLAUS_LNODEKSN,CLAUS_LNODEKSN,CLAUS_LNODEKSN,RTPD,MCC,LMP_CONG_PRC,CLAUS_LNODEKSN,ALL,1,322.2831,1,2
2022-09-02T02:00:00-00:00,2022-09-02T02:15:00-00:00,2022-09-01,20,CLAUS_LNODEKSN,CLAUS_LNODEKSN,CLAUS_LNODEKSN,RTPD,MCC,LMP_CONG_PRC,CLAUS_LNODEKSN,ALL,1,-0.0012,1,2
2022-09-02T03:00:00-00:00,2022-09-02T03:15:00-00:00,2022-09-01,21,CLAUS_LNODEKSN,CLAUS_LNODEKSN,CLAUS_LNODEKSN,RTPD,MCC,LMP_CONG_PRC,CLAUS_LNODEKSN,ALL,1,401.00198,1,2
2022-09-02T04:00:00-00:00,2022-09-02T04:15:00-00:00,2022-09-01,22,CLAUS_LNODEKSN,CLAUS_LNODEKSN,CLAUS_LNODEKSN,RTPD,MCC,LMP_CONG_PRC,CLAUS_LNODEKSN,ALL,1,238.30621,1,2
2022-09-02T05:00:00-00:00,2022-09-02T05:15:00-00:00,2022-09-01,23,CLAUS_LNODEKSN,CLAUS_LNODEKSN,CLAUS_LNODEKSN,RTPD,MCC,LMP_CONG_PRC,CLAUS_LNODEKSN,ALL,1,0.0012,1,2
2022-09-02T06:00:00-00:00,2022-09-02T06:15:00-00:00,2022-09-01,24,CLAUS_LNODEKSN,CLAUS_LNODEKSN,CLAUS_LNODEKSN,RTPD,MCC,LMP_CONG_PRC,CLAUS_LNODEKSN,ALL,1,34.26445,1,2
2022-09-01T07:15:00-00:00,2022-09-01T07:30:00-00:00,2022-09-01,01,CLAUS_LNODEKSN,CLAUS_LNODEKSN,CLAUS_LNODEKSN,RTPD,MCC,LMP_CONG_PRC,CLAUS_LNODEKSN,ALL,1,-10.41674,2,2
2022-09-01T08:15:00-00:00,2022-09-01T08:30:00-00:00,2022-09-01,02,CLAUS_LNODEKSN,CLAUS_LNODEKSN,CLAUS_LNODEKSN,RTPD,MCC,LMP_CONG_PRC,CLAUS_LNODEKSN,ALL,1,-0.94971,2,2
2022-09-01T09:15:00-00:00,2022-09-01T09:30:00-00:00,2022-09-01,03,CLAUS_LNODEKSN,CLAUS_LNODEKSN,CLAUS_LNODEKSN,RTPD,MCC,LMP_CONG_PRC,CLAUS_LNODEKSN,ALL,1,-6.10766,2,2
2022-09-01T10:15:00-00:00,2022-09-01T10:30:00-00:00,2022-09-01,04,CLAUS_LNODEKSN,CLAUS_LNODEKSN,CLAUS_LNODEKSN,RTPD,MCC,LMP_CONG_PRC,CLAUS_LNODEKSN,ALL,1,-5.71279,2,2
2022-09-01T11:15:00-00:00,2022-09-01T11:30:00-00:00,2022-09-01,05,CLAUS_LNODEKSN,CLAUS_LNODEKSN,CLAUS_LNODEKSN,RTPD,MCC,LMP_CONG_PRC,CLAUS_LNODEKSN,ALL,1,0.0012,2,2
2022-09-01T12:15:00-00:00,2022-09-01T12:30:00-00:00,2022-09-01,06,CLAUS_LNODEKSN,CLAUS_LNODEKSN,CLAUS_LNODEKSN,RTPD,MCC,LMP_CONG_PRC,CLAUS_LNODEKSN,ALL,1,-6.32789,2,2
2022-09-01T13:15:00-00:00,2022-09-01T13:30:00-00:00,2022-09-01,07,CLAUS_LNODEKSN,CLAUS_LNODEKSN,CLAUS_LNODEKSN,RTPD,MCC,LMP_CONG_PRC,CLAUS_LNODEKSN,ALL,1,-0.5893,2,2
2022-09-01T14:15:00-00:00,2022-09-01T14:30:00-00:00,2022-09-01,08,CLAUS_LNODEKSN,CLAUS_LNODEKSN,CLAUS_LNODEKSN,RTPD,MCC,LMP_CONG_PRC,CLAUS_LNODEKSN,ALL,1,-0.0012,2,2
2022-09-01T15:15:00-00:00,2022-09-01T15:30:00-00:00,2022-09-01,09,CLAUS_LNODEKSN,CLAUS_LNODEKSN,CLAUS_LNODEKSN,RTPD,MCC,LMP_CONG_PRC,CLAUS_LNODEKSN,ALL,1,0.0012,2,2
2022-09-01T16:15:00-00:00,2022-09-01T16:30:00-00:00,2022-09-01,10,CLAUS_LNODEKSN,CLAUS_LNODEKSN,CLAUS_LNODEKSN,RTPD,MCC,LMP_CONG_PRC,CLAUS_LNODEKSN,ALL,1,-1.69193,2,2
2022-09-01T17:15:00-00:00,2022-09-01T17:30:00-00:00,2022-09-01,11,CLAUS_LNODEKSN,CLAUS_LNODEKSN,CLAUS_LNODEKSN,RTPD,MCC,LMP_CONG_PRC,CLAUS_LNODEKSN,ALL,1,-21.03567,2,2
2022-09-01T18:15:00-00:00,2022-09-01T18:30:00-00:00,2022-09-01,12,CLAUS_LNODEKSN,CLAUS_LNODEKSN,CLAUS_LNODEKSN,RTPD,MCC,LMP_CONG_PRC,CLAUS_LNODEKSN,ALL,1,-27.29206,2,2
2022-09-01T19:15:00-00:00,2022-09-01T19:30:00-00:00,2022-09-01,13,CLAUS_LNODEKSN,CLAUS_LNODEKSN,CLAUS_LNODEKSN,RTPD,MCC,LMP_CONG_PRC,CLAUS_LNODEKSN,ALL,1,-30.45642,2,2
2022-09-01T20:15:00-00:00,2022-09-01T20:30:00-00:00,2022-09-01,14,CLAUS_LNODEKSN,CLAUS_LNODEKSN,CLAUS_LNODEKSN,RTPD,MCC,LMP_CONG_PRC,CLAUS_LNODEKSN,ALL,1,-3.2401,2,2
2022-09-01T21:15:00-00:00,2022-09-01T21:30:00-00:00,2022-09-01,15,CLAUS_LNODEKSN,CLAUS_LNODEKSN,CLAUS_LNODEKSN,RTPD,MCC,LMP_CONG_PRC,CLAUS_LNODEKSN,ALL,1,-27.49239,2,2
2022-09-01T22:15:00-00:00,2022-09-01T22:30:00-00:00,2022-09-01,16,CLAUS_LNODEKSN,CLAUS_LNODEKSN,CLAUS_LNODEKSN,RTPD,MCC,LMP_CONG_PRC,CLAUS_LNODEKSN,ALL,1,-120.86429,2,2
2022-09-01T23:15:00-00:00,2022-09-01T23:30:00-00:00,2022-09-01,17,CLAUS_LNODEKSN,CLAUS_LNODEKSN,CLAUS_LNODEKSN,RTPD,MCC,LMP_CONG_PRC,CLAUS_LNODEKSN,ALL,1,-102.05604,2,2
2022-09-02T00:15:00-00:00,2022-09-02T00:30:00-00:00,2022-09-01,18,CLAUS_LNODEKSN,CLAUS_LNODEKSN,CLAUS_LNODEKSN,RTPD,MCC,LMP_CONG_PRC,CLAUS_LNODEKSN,ALL,1,318.87836,2,2
2022-09-02T01:15:00-00:00,2022-09-02T01:30:00-00:00,2022-09-01,19,CLAUS_LNODEKSN,CLAUS_LNODEKSN,CLAUS_LNODEKSN,RTPD,MCC,LMP_CONG_PRC,CLAUS_LNODEKSN,ALL,1,0.0012,2,2
2022-09-02T02:15:00-00:00,2022-09-02T02:30:00-00:00,2022-09-01,20,CLAUS_LNODEKSN,CLAUS_LNODEKSN,CLAUS_LNODEKSN,RTPD,MCC,LMP_CONG_PRC,CLAUS_LNODEKSN,ALL,1,-0.0012,2,2
2022-09-02T03:15:00-00:00,2022-09-02T03:30:00-00:00,2022-09-01,21,CLAUS_LNODEKSN,CLAUS_LNODEKSN,CLAUS_LNODEKSN,RTPD,MCC,LMP_CONG_PRC,CLAUS_LNODEKSN,ALL,1,140.58284,2,2
2022-09-02T04:15:00-00:00,2022-09-02T04:30:00-00:00,2022-09-01,22,CLAUS_LNODEKSN,CLAUS_LNODEKSN,CLAUS_LNODEKSN,RTPD,MCC,LMP_CONG_PRC,CLAUS_LNODEKSN,ALL,1,216.50508,2,2
2022-09-02T05:15:00-00:00,2022-09-02T05:30:00-00:00,2022-09-01,23,CLAUS_LNODEKSN,CLAUS_LNODEKSN,CLAUS_LNODEKSN,RTPD,MCC,LMP_CONG_PRC,CLAUS_LNODEKSN,ALL,1,0.0012,2,2
2022-09-02T06:15:00-00:00,2022-09-02T06:30:00-00:00,2022-09-01,24,CLAUS_LNODEKSN,CLAUS_LNODEKSN,CLAUS_LNODEKSN,RTPD,MCC,LMP_CONG_PRC,CLAUS_LNODEKSN,ALL,1,0.0012,2,2
2022-09-01T07:30:00-00:00,2022-09-01T07:45:00-00:00,2022-09-01,01,CLAUS_LNODEKSN,CLAUS_LNODEKSN,CLAUS_LNODEKSN,RTPD,MCC,LMP_CONG_PRC,CLAUS_LNODEKSN,ALL,1,-16.84065,3,2
2022-09-01T08:30:00-00:00,2022-09-01T08:45:00-00:00,2022-09-01,02,CLAUS_LNODEKSN,CLAUS_LNODEKSN,CLAUS_LNODEKSN,RTPD,MCC,LMP_CONG_PRC,CLAUS_LNODEKSN,ALL,1,0.0003,3,2
2022-09-01T09:30:00-00:00,2022-09-01T09:45:00-00:00,2022-09-01,03,CLAUS_LNODEKSN,CLAUS_LNODEKSN,CLAUS_LNODEKSN,RTPD,MCC,LMP_CONG_PRC,CLAUS_LNODEKSN,ALL,1,-6.05283,3,2
2022-09-01T10:30:00-00:00,2022-09-01T10:45:00-00:00,2022-09-01,04,CLAUS_LNODEKSN,CLAUS_LNODEKSN,CLAUS_LNODEKSN,RTPD,MCC,LMP_CONG_PRC,CLAUS_LNODEKSN,ALL,1,-3.22257,3,2
2022-09-01T11:30:00-00:00,2022-09-01T11:45:00-00:00,2022-09-01,05,CLAUS_LNODEKSN,CLAUS_LNODEKSN,CLAUS_LNODEKSN,RTPD,MCC,LMP_CONG_PRC,CLAUS_LNODEKSN,ALL,1,0.0012,3,2
2022-09-01T12:30:00-00:00,2022-09-01T12:45:00-00:00,2022-09-01,06,CLAUS_LNODEKSN,CLAUS_LNODEKSN,CLAUS_LNODEKSN,RTPD,MCC,LMP_CONG_PRC,CLAUS_LNODEKSN,ALL,1,-10.95741,3,2
2022-09-01T13:30:00-00:00,2022-09-01T13:45:00-00:00,2022-09-01,07,CLAUS_LNODEKSN,CLAUS_LNODEKSN,CLAUS_LNODEKSN,RTPD,MCC,LMP_CONG_PRC,CLAUS_LNODEKSN,ALL,1,-0.0012,3,2
2022-09-01T14:30:00-00:00,2022-09-01T14:45:00-00:00,2022-09-01,08,CLAUS_LNODEKSN,CLAUS_LNODEKSN,CLAUS_LNODEKSN,RTPD,MCC,LMP_CONG_PRC,CLAUS_LNODEKSN,ALL,1,-0.0012,3,2
2022-09-01T15:30:00-00:00,2022-09-01T15:45:00-00:00,2022-09-01,09,CLAUS_LNODEKSN,CLAUS_LNODEKSN,CLAUS_LNODEKSN,RTPD,MCC,LMP_CONG_PRC,CLAUS_LNODEKSN,ALL,1,0.0012,3,2
2022-09-01T16:30:00-00:00,2022-09-01T16:45:00-00:00,2022-09-01,10,CLAUS_LNODEKSN,CLAUS_LNODEKSN,CLAUS_LNODEKSN,RTPD,MCC,LMP_CONG_PRC,CLAUS_LNODEKSN,ALL,1,-14.17314,3,2
2022-09-01T17:30:00-00:00,2022-09-01T17:45:00-00:00,2022-09-01,11,CLAUS_LNODEKSN,CLAUS_LNODEKSN,CLAUS_LNODEKSN,RTPD,MCC,LMP_CONG_PRC,CLAUS_LNODEKSN,ALL,1,-21.10924,3,2
2022-09-01T18:30:00-00:00,2022-09-01T18:45:00-00:00,2022-09-01,12,CLAUS_LNODEKSN,CLAUS_LNODEKSN,CLAUS_LNODEKSN,RTPD,MCC,LMP_CONG_PRC,CLAUS_LNODEKSN,ALL,1,-28.45598,3,2
2022-09-01T19:30:00-00:00,2022-09-01T19:45:00-00:00,2022-09-01,13,CLAUS_LNODEKSN,CLAUS_LNODEKSN,CLAUS_LNODEKSN,RTPD,MCC,LMP_CONG_PRC,CLAUS_LNODEKSN,ALL,1,-13.11978,3,2
2022-09-01T20:30:00-00:00,2022-09-01T20:45:00-00:00,2022-09-01,14,CLAUS_LNODEKSN,CLAUS_LNODEKSN,CLAUS_LNODEKSN,RTPD,MCC,LMP_CONG_PRC,CLAUS_LNODEKSN,ALL,1,-13.07682,3,2
2022-09-01T21:30:00-00:00,2022-09-01T21:45:00-00:00,2022-09-01,15,CLAUS_LNODEKSN,CLAUS_LNODEKSN,CLAUS_LNODEKSN,RTPD,MCC,LMP_CONG_PRC,CLAUS_LNODEKSN,ALL,1,-25.25572,3,2
2022-09-01T22:30:00-00:00,2022-09-01T22:45:00-00:00,2022-09-01,16,CLAUS_LNODEKSN,CLAUS_LNODEKSN,CLAUS_LNODEKSN,RTPD,MCC,LMP_CONG_PRC,CLAUS_LNODEKSN,ALL,1,-129.4553,3,2
2022-09-01T23:30:00-00:00,2022-09-01T23:45:00-00:00,2022-09-01,17,CLAUS_LNODEKSN,CLAUS_LNODEKSN,CLAUS_LNODEKSN,RTPD,MCC,LMP_CONG_PRC,CLAUS_LNODEKSN,ALL,1,0.0012,3,2
2022-09-02T00:30:00-00:00,2022-09-02T00:45:00-00:00,2022-09-01,18,CLAUS_LNODEKSN,CLAUS_LNODEKSN,CLAUS_LNODEKSN,RTPD,MCC,LMP_CONG_PRC,CLAUS_LNODEKSN,ALL,1,449.739,3,2
2022-09-02T01:30:00-00:00,2022-09-02T01:45:00-00:00,2022-09-01,19,CLAUS_LNODEKSN,CLAUS_LNODEKSN,CLAUS_LNODEKSN,RTPD,MCC,LMP_CONG_PRC,CLAUS_LNODEKSN,ALL,1,-0.0012,3,2
2022-09-02T02:30:00-00:00,2022-09-02T02:45:00-00:00,2022-09-01,20,CLAUS_LNODEKSN,CLAUS_LNODEKSN,CLAUS_LNODEKSN,RTPD,MCC,LMP_CONG_PRC,CLAUS_LNODEKSN,ALL,1,-0.0012,3,2
2022-09-02T03:30:00-00:00,2022-09-02T03:45:00-00:00,2022-09-01,21,CLAUS_LNODEKSN,CLAUS_LNODEKSN,CLAUS_LNODEKSN,RTPD,MCC,LMP_CONG_PRC,CLAUS_LNODEKSN,ALL,1,31.62839,3,2
2022-09-02T04:30:00-00:00,2022-09-02T04:45:00-00:00,2022-09-01,22,CLAUS_LNODEKSN,CLAUS_LNODEKSN,CLAUS_LNODEKSN,RTPD,MCC,LMP_CONG_PRC,CLAUS_LNODEKSN,ALL,1,116.00473,3,2
2022-09-02T05:30:00-00:00,2022-09-02T05:45:00-00:00,2022-09-01,23,CLAUS_LNODEKSN,CLAUS_LNODEKSN,CLAUS_LNODEKSN,RTPD,MCC,LMP_CONG_PRC,CLAUS_LNODEKSN,ALL,1,0.0012,3,2
2022-09-02T06:30:00-00:00,2022-09-02T06:45:00-00:00,2022-09-01,24,CLAUS_LNODEKSN,CLAUS_LNODEKSN,CLAUS_LNODEKSN,RTPD,MCC,LMP_CONG_PRC,CLAUS_LNODEKSN,ALL,1,0.0012,3,2
2022-09-01T07:45:00-00:00,2022-09-01T08:00:00-00:00,2022-09-01,01,CLAUS_LNODEKSN,CLAUS_LNODEKSN,CLAUS_LNODEKSN,RTPD,MCC,LMP_CONG_PRC,CLAUS_LNODEKSN,ALL,1,-19.15052,4,2
2022-09-01T08:45:00-00:00,2022-09-01T09:00:00-00:00,2022-09-01,02,CLAUS_LNODEKSN,CLAUS_LNODEKSN,CLAUS_LNODEKSN,RTPD,MCC,LMP_CONG_PRC,CLAUS_LNODEKSN,ALL,1,-4.68503,4,2
2022-09-01T09:45:00-00:00,2022-09-01T10:00:00-00:00,2022-09-01,03,CLAUS_LNODEKSN,CLAUS_LNODEKSN,CLAUS_LNODEKSN,RTPD,MCC,LMP_CONG_PRC,CLAUS_LNODEKSN,ALL,1,-5.41359,4,2
2022-09-01T10:45:00-00:00,2022-09-01T11:00:00-00:00,2022-09-01,04,CLAUS_LNODEKSN,CLAUS_LNODEKSN,CLAUS_LNODEKSN,RTPD,MCC,LMP_CONG_PRC,CLAUS_LNODEKSN,ALL,1,-1.26535,4,2
2022-09-01T11:45:00-00:00,2022-09-01T12:00:00-00:00,2022-09-01,05,CLAUS_LNODEKSN,CLAUS_LNODEKSN,CLAUS_LNODEKSN,RTPD,MCC,LMP_CONG_PRC,CLAUS_LNODEKSN,ALL,1,0.0012,4,2
2022-09-01T12:45:00-00:00,2022-09-01T13:00:00-00:00,2022-09-01,06,CLAUS_LNODEKSN,CLAUS_LNODEKSN,CLAUS_LNODEKSN,RTPD,MCC,LMP_CONG_PRC,CLAUS_LNODEKSN,ALL,1,-2.43911,4,2
2022-09-01T13:45:00-00:00,2022-09-01T14:00:00-00:00,2022-09-01,07,CLAUS_LNODEKSN,CLAUS_LNODEKSN,CLAUS_LNODEKSN,RTPD,MCC,LMP_CONG_PRC,CLAUS_LNODEKSN,ALL,1,-0.0012,4,2
2022-09-01T14:45:00-00:00,2022-09-01T15:00:00-00:00,2022-09-01,08,CLAUS_LNODEKSN,CLAUS_LNODEKSN,CLAUS_LNODEKSN,RTPD,MCC,LMP_CONG_PRC,CLAUS_LNODEKSN,ALL,1,0.0012,4,2
2022-09-01T15:45:00-00:00,2022-09-01T16:00:00-00:00,2022-09-01,09,CLAUS_LNODEKSN,CLAUS_LNODEKSN,CLAUS_LNODEKSN,RTPD,MCC,LMP_CONG_PRC,CLAUS_LNODEKSN,ALL,1,0.0012,4,2
2022-09-01T16:45:00-00:00,2022-09-01T17:00:00-00:00,2022-09-01,10,CLAUS_LNODEKSN,CLAUS_LNODEKSN,CLAUS_LNODEKSN,RTPD,MCC,LMP_CONG_PRC,CLAUS_LNODEKSN,ALL,1,-12.8322,4,2
2022-09-01T17:45:00-00:00,2022-09-01T18:00:00-00:00,2022-09-01,11,CLAUS_LNODEKSN,CLAUS_LNODEKSN,CLAUS_LNODEKSN,RTPD,MCC,LMP_CONG_PRC,CLAUS_LNODEKSN,ALL,1,-20.78424,4,2
2022-09-01T18:45:00-00:00,2022-09-01T19:00:00-00:00,2022-09-01,12,CLAUS_LNODEKSN,CLAUS_LNODEKSN,CLAUS_LNODEKSN,RTPD,MCC,LMP_CONG_PRC,CLAUS_LNODEKSN,ALL,1,-28.34705,4,2
2022-09-01T19:45:00-00:00,2022-09-01T20:00:00-00:00,2022-09-01,13,CLAUS_LNODEKSN,CLAUS_LNODEKSN,CLAUS_LNODEKSN,RTPD,MCC,LMP_CONG_PRC,CLAUS_LNODEKSN,ALL,1,-14.16028,4,2
2022-09-01T20:45:00-00:00,2022-09-01T21:00:00-00:00,2022-09-01,14,CLAUS_LNODEKSN,CLAUS_LNODEKSN,CLAUS_LNODEKSN,RTPD,MCC,LMP_CONG_PRC,CLAUS_LNODEKSN,ALL,1,-29.0759,4,2
2022-09-01T21:45:00-00:00,2022-09-01T22:00:00-00:00,2022-09-01,15,CLAUS_LNODEKSN,CLAUS_LNODEKSN,CLAUS_LNODEKSN,RTPD,MCC,LMP_CONG_PRC,CLAUS_LNODEKSN,ALL,1,-91.75867,4,2
2022-09-01T22:45:00-00:00,2022-09-01T23:00:00-00:00,2022-09-01,16,CLAUS_LNODEKSN,CLAUS_LNODEKSN,CLAUS_LNODEKSN,RTPD,MCC,LMP_CONG_PRC,CLAUS_LNODEKSN,ALL,1,-262.9345,4,2
2022-09-01T23:45:00-00:00,2022-09-02T00:00:00-00:00,2022-09-01,17,CLAUS_LNODEKSN,CLAUS_LNODEKSN,CLAUS_LNODEKSN,RTPD,MCC,LMP_CONG_PRC,CLAUS_LNODEKSN,ALL,1,391.7457,4,2
2022-09-02T00:45:00-00:00,2022-09-02T01:00:00-00:00,2022-09-01,18,CLAUS_LNODEKSN,CLAUS_LNODEKSN,CLAUS_LNODEKSN,RTPD,MCC,LMP_CONG_PRC,CLAUS_LNODEKSN,ALL,1,283.16006,4,2
2022-09-02T01:45:00-00:00,2022-09-02T02:00:00-00:00,2022-09-01,19,CLAUS_LNODEKSN,CLAUS_LNODEKSN,CLAUS_LNODEKSN,RTPD,MCC,LMP_CONG_PRC,CLAUS_LNODEKSN,ALL,1,-0.0012,4,2
2022-09-02T02:45:00-00:00,2022-09-02T03:00:00-00:00,2022-09-01,20,CLAUS_LNODEKSN,CLAUS_LNODEKSN,CLAUS_LNODEKSN,RTPD,MCC,LMP_CONG_PRC,CLAUS_LNODEKSN,ALL,1,128.37167,4,2
2022-09-02T03:45:00-00:00,2022-09-02T04:00:00-00:00,2022-09-01,21,CLAUS_LNODEKSN,CLAUS_LNODEKSN,CLAUS_LNODEKSN,RTPD,MCC,LMP_CONG_PRC,CLAUS_LNODEKSN,ALL,1,18.41997,4,2
2022-09-02T04:45:00-00:00,2022-09-02T05:00:00-00:00,2022-09-01,22,CLAUS_LNODEKSN,CLAUS_LNODEKSN,CLAUS_LNODEKSN,RTPD,MCC,LMP_CONG_PRC,CLAUS_LNODEKSN,ALL,1,1.47259,4,2
2022-09-02T05:45:00-00:00,2022-09-02T06:00:00-00:00,2022-09-01,23,CLAUS_LNODEKSN,CLAUS_LNODEKSN,CLAUS_LNODEKSN,RTPD,MCC,LMP_CONG_PRC,CLAUS_LNODEKSN,ALL,1,34.67923,4,2
2022-09-02T06:45:00-00:00,2022-09-02T07:00:00-00:00,2022-09-01,24,CLAUS_LNODEKSN,CLAUS_LNODEKSN,CLAUS_LNODEKSN,RTPD,MCC,LMP_CONG_PRC,CLAUS_LNODEKSN,ALL,1,0.0012,4,2
2022-09-01T07:00:00-00:00,2022-09-01T07:15:00-00:00,2022-09-01,01,CLAUS_LNODEKSN,CLAUS_LNODEKSN,CLAUS_LNODEKSN,RTPD,MCE,LMP_ENE_PRC,CLAUS_LNODEKSN,ALL,1,104.23471,1,3
2022-09-01T08:00:00-00:00,2022-09-01T08:15:00-00:00,2022-09-01,02,CLAUS_LNODEKSN,CLAUS_LNODEKSN,CLAUS_LNODEKSN,RTPD,MCE,LMP_ENE_PRC,CLAUS_LNODEKSN,ALL,1,115.5488,1,3
2022-09-01T09:00:00-00:00,2022-09-01T09:15:00-00:00,2022-09-01,03,CLAUS_LNODEKSN,CLAUS_LNODEKSN,CLAUS_LNODEKSN,RTPD,MCE,LMP_ENE_PRC,CLAUS_LNODEKSN,ALL,1,99.73061,1,3
2022-09-01T10:00:00-00:00,2022-09-01T10:15:00-00:00,2022-09-01,04,CLAUS_LNODEKSN,CLAUS_LNODEKSN,CLAUS_LNODEKSN,RTPD,MCE,LMP_ENE_PRC,CLAUS_LNODEKSN,ALL,1,98.64222,1,3
2022-09-01T11:00:00-00:00,2022-09-01T11:15:00-00:00,2022-09-01,05,CLAUS_LNODEKSN,CLAUS_LNODEKSN,CLAUS_LNODEKSN,RTPD,MCE,LMP_ENE_PRC,CLAUS_LNODEKSN,ALL,1,102.56859,1,3
2022-09-01T12:00:00-00:00,2022-09-01T12:15:00-00:00,2022-09-01,06,CLAUS_LNODEKSN,CLAUS_LNODEKSN,CLAUS_LNODEKSN,RTPD,MCE,LMP_ENE_PRC,CLAUS_LNODEKSN,ALL,1,96.90845,1,3
2022-09-01T13:00:00-00:00,2022-09-01T13:15:00-00:00,2022-09-01,07,CLAUS_LNODEKSN,CLAUS_LNODEKSN,CLAUS_LNODEKSN,RTPD,MCE,LMP_ENE_PRC,CLAUS_LNODEKSN,ALL,1,101.80878,1,3
2022-09-01T14:00:00-00:00,2022-09-01T14:15:00-00:00,2022-09-01,08,CLAUS_LNODEKSN,CLAUS_LNODEKSN,CLAUS_LNODEKSN,RTPD,MCE,LMP_ENE_PRC,CLAUS_LNODEKSN,ALL,1,111.11219,1,3
2022-09-01T15:00:00-00:00,2022-09-01T15:15:00-00:00,2022-09-01,09,CLAUS_LNODEKSN,CLAUS_LNODEKSN,CLAUS_LNODEKSN,RTPD,MCE,LMP_ENE_PRC,CLAUS_LNODEKSN,ALL,1,97.4112,1,3
2022-09-01T16:00:00-00:00,2022-09-01T16:15:00-00:00,2022-09-01,10,CLAUS_LNODEKSN,CLAUS_LNODEKSN,CLAUS_LNODEKSN,RTPD,MCE,LMP_ENE_PRC,CLAUS_LNODEKSN,ALL,1,83.43525,1,3
2022-09-01T17:00:00-00:00,2022-09-01T17:15:00-00:00,2022-09-01,11,CLAUS_LNODEKSN,CLAUS_LNODEKSN,CLAUS_LNODEKSN,RTPD,MCE,LMP_ENE_PRC,CLAUS_LNODEKSN,ALL,1,96.94897,1,3
2022-09-01T18:00:00-00:00,2022-09-01T18:15:00-00:00,2022-09-01,12,CLAUS_LNODEKSN,CLAUS_LNODEKSN,CLAUS_LNODEKSN,RTPD,MCE,LMP_ENE_PRC,CLAUS_LNODEKSN,ALL,1,91.59291,1,3
2022-09-01T19:00:00-00:00,2022-09-01T19:15:00-00:00,2022-09-01,13,CLAUS_LNODEKSN,CLAUS_LNODEKSN,CLAUS_LNODEKSN,RTPD,MCE,LMP_ENE_PRC,CLAUS_LNODEKSN,ALL,1,109.19637,1,3
2022-09-01T20:00:00-00:00,2022-09-01T20:15:00-00:00,2022-09-01,14,CLAUS_LNODEKSN,CLAUS_LNODEKSN,CLAUS_LNODEKSN,RTPD,MCE,LMP_ENE_PRC,CLAUS_LNODEKSN,ALL,1,117.94359,1,3
2022-09-01T21:00:00-00:00,2022-09-01T21:15:00-00:00,2022-09-01,15,CLAUS_LNODEKSN,CLAUS_LNODEKSN,CLAUS_LNODEKSN,RTPD,MCE,LMP_ENE_PRC,CLAUS_LNODEKSN,ALL,1,226.61499,1,3
2022-09-01T22:00:00-00:00,2022-09-01T22:15:00-00:00,2022-09-01,16,CLAUS_LNODEKSN,CLAUS_LNODEKSN,CLAUS_LNODEKSN,RTPD,MCE,LMP_ENE_PRC,CLAUS_LNODEKSN,ALL,1,229.18552,1,3
2022-09-01T23:00:00-00:00,2022-09-01T23:15:00-00:00,2022-09-01,17,CLAUS_LNODEKSN,CLAUS_LNODEKSN,CLAUS_LNODEKSN,RTPD,MCE,LMP_ENE_PRC,CLAUS_LNODEKSN,ALL,1,386.7537,1,3
2022-09-02T00:00:00-00:00,2022-09-02T00:15:00-00:00,2022-09-01,18,CLAUS_LNODEKSN,CLAUS_LNODEKSN,CLAUS_LNODEKSN,RTPD,MCE,LMP_ENE_PRC,CLAUS_LNODEKSN,ALL,1,770.58136,1,3
2022-09-02T01:00:00-00:00,2022-09-02T01:15:00-00:00,2022-09-01,19,CLAUS_LNODEKSN,CLAUS_LNODEKSN,CLAUS_LNODEKSN,RTPD,MCE,LMP_ENE_PRC,CLAUS_LNODEKSN,ALL,1,916.27124,1,3
2022-09-02T02:00:00-00:00,2022-09-02T02:15:00-00:00,2022-09-01,20,CLAUS_LNODEKSN,CLAUS_LNODEKSN,CLAUS_LNODEKSN,RTPD,MCE,LMP_ENE_PRC,CLAUS_LNODEKSN,ALL,1,1991.6721,1,3
2022-09-02T03:00:00-00:00,2022-09-02T03:15:00-00:00,2022-09-01,21,CLAUS_LNODEKSN,CLAUS_LNODEKSN,CLAUS_LNODEKSN,RTPD,MCE,LMP_ENE_PRC,CLAUS_LNODEKSN,ALL,1,917.5508,1,3
2022-09-02T04:00:00-00:00,2022-09-02T04:15:00-00:00,2022-09-01,22,CLAUS_LNODEKSN,CLAUS_LNODEKSN,CLAUS_LNODEKSN,RTPD,MCE,LMP_ENE_PRC,CLAUS_LNODEKSN,ALL,1,257.83005,1,3
2022-09-02T05:00:00-00:00,2022-09-02T05:15:00-00:00,2022-09-01,23,CLAUS_LNODEKSN,CLAUS_LNODEKSN,CLAUS_LNODEKSN,RTPD,MCE,LMP_ENE_PRC,CLAUS_LNODEKSN,ALL,1,183.24657,1,3
2022-09-02T06:00:00-00:00,2022-09-02T06:15:00-00:00,2022-09-01,24,CLAUS_LNODEKSN,CLAUS_LNODEKSN,CLAUS_LNODEKSN,RTPD,MCE,LMP_ENE_PRC,CLAUS_LNODEKSN,ALL,1,158.867,1,3
2022-09-01T07:15:00-00:00,2022-09-01T07:30:00-00:00,2022-09-01,01,CLAUS_LNODEKSN,CLAUS_LNODEKSN,CLAUS_LNODEKSN,RTPD,MCE,LMP_ENE_PRC,CLAUS_LNODEKSN,ALL,1,125.55144,2,3
2022-09-01T08:15:00-00:00,2022-09-01T08:30:00-00:00,2022-09-01,02,CLAUS_LNODEKSN,CLAUS_LNODEKSN,CLAUS_LNODEKSN,RTPD,MCE,LMP_ENE_PRC,CLAUS_LNODEKSN,ALL,1,115.53165,2,3
2022-09-01T09:15:00-00:00,2022-09-01T09:30:00-00:00,2022-09-01,03,CLAUS_LNODEKSN,CLAUS_LNODEKSN,CLAUS_LNODEKSN,RTPD,MCE,LMP_ENE_PRC,CLAUS_LNODEKSN,ALL,1,98.30543,2,3
2022-09-01T10:15:00-00:00,2022-09-01T10:30:00-00:00,2022-09-01,04,CLAUS_LNODEKSN,CLAUS_LNODEKSN,CLAUS_LNODEKSN,RTPD,MCE,LMP_ENE_PRC,CLAUS_LNODEKSN,ALL,1,97.00684,2,3
2022-09-01T11:15:00-00:00,2022-09-01T11:30:00-00:00,2022-09-01,05,CLAUS_LNODEKSN,CLAUS_LNODEKSN,CLAUS_LNODEKSN,RTPD,MCE,LMP_ENE_PRC,CLAUS_LNODEKSN,ALL,1,103.09059,2,3
2022-09-01T12:15:00-00:00,2022-09-01T12:30:00-00:00,2022-09-01,06,CLAUS_LNODEKSN,CLAUS_LNODEKSN,CLAUS_LNODEKSN,RTPD,MCE,LMP_ENE_PRC,CLAUS_LNODEKSN,ALL,1,109.32203,2,3
2022-09-01T13:15:00-00:00,2022-09-01T13:30:00-00:00,2022-09-01,07,CLAUS_LNODEKSN,CLAUS_LNODEKSN,CLAUS_LNODEKSN,RTPD,MCE,LMP_ENE_PRC,CLAUS_LNODEKSN,ALL,1,110.97827,2,3
2022-09-01T14:15:00-00:00,2022-09-01T14:30:00-00:00,2022-09-01,08,CLAUS_LNODEKSN,CLAUS_LNODEKSN,CLAUS_LNODEKSN,RTPD,MCE,LMP_ENE_PRC,CLAUS_LNODEKSN,ALL,1,104.78743,2,3
2022-09-01T15:15:00-00:00,2022-09-01T15:30:00-00:00,2022-09-01,09,CLAUS_LNODEKSN,CLAUS_LNODEKSN,CLAUS_LNODEKSN,RTPD,MCE,LMP_ENE_PRC,CLAUS_LNODEKSN,ALL,1,86.9388,2,3
2022-09-01T16:15:00-00:00,2022-09-01T16:30:00-00:00,2022-09-01,10,CLAUS_LNODEKSN,CLAUS_LNODEKSN,CLAUS_LNODEKSN,RTPD,MCE,LMP_ENE_PRC,CLAUS_LNODEKSN,ALL,1,89.44858,2,3
2022-09-01T17:15:00-00:00,2022-09-01T17:30:00-00:00,2022-09-01,11,CLAUS_LNODEKSN,CLAUS_LNODEKSN,CLAUS_LNODEKSN,RTPD,MCE,LMP_ENE_PRC,CLAUS_LNODEKSN,ALL,1,99.34673,2,3
2022-09-01T18:15:00-00:00,2022-09-01T18:30:00-00:00,2022-09-01,12,CLAUS_LNODEKSN,CLAUS_LNODEKSN,CLAUS_LNODEKSN,RTPD,MCE,LMP_ENE_PRC,CLAUS_LNODEKSN,ALL,1,101.15901,2,3
2022-09-01T19:15:00-00:00,2022-09-01T19:30:00-00:00,2022-09-01,13,CLAUS_LNODEKSN,CLAUS_LNODEKSN,CLAUS_LNODEKSN,RTPD,MCE,LMP_ENE_PRC,CLAUS_LNODEKSN,ALL,1,105.30588,2,3
2022-09-01T20:15:00-00:00,2022-09-01T20:30:00-00:00,2022-09-01,14,CLAUS_LNODEKSN,CLAUS_LNODEKSN,CLAUS_LNODEKSN,RTPD,MCE,LMP_ENE_PRC,CLAUS_LNODEKSN,ALL,1,117.49421,2,3
2022-09-01T21:15:00-00:00,2022-09-01T21:30:00-00:00,2022-09-01,15,CLAUS_LNODEKSN,CLAUS_LNODEKSN,CLAUS_LNODEKSN,RTPD,MCE,LMP_ENE_PRC,CLAUS_LNODEKSN,ALL,1,147.21185,2,3
2022-09-01T22:15:00-00:00,2022-09-01T22:30:00-00:00,2022-09-01,16,CLAUS_LNODEKSN,CLAUS_LNODEKSN,CLAUS_LNODEKSN,RTPD,MCE,LMP_ENE_PRC,CLAUS_LNODEKSN,ALL,1,256.58734,2,3
2022-09-01T23:15:00-00:00,2022-09-01T23:30:00-00:00,2022-09-01,17,CLAUS_LNODEKSN,CLAUS_LNODEKSN,CLAUS_LNODEKSN,RTPD,MCE,LMP_ENE_PRC,CLAUS_LNODEKSN,ALL,1,362.12408,2,3
2022-09-02T00:15:00-00:00,2022-09-02T00:30:00-00:00,2022-09-01,18,CLAUS_LNODEKSN,CLAUS_LNODEKSN,CLAUS_LNODEKSN,RTPD,MCE,LMP_ENE_PRC,CLAUS_LNODEKSN,ALL,1,691.2182,2,3
2022-09-02T01:15:00-00:00,2022-09-02T01:30:00-00:00,2022-09-01,19,CLAUS_LNODEKSN,CLAUS_LNODEKSN,CLAUS_LNODEKSN,RTPD,MCE,LMP_ENE_PRC,CLAUS_LNODEKSN,ALL,1,1999.9933,2,3
2022-09-02T02:15:00-00:00,2022-09-02T02:30:00-00:00,2022-09-01,20,CLAUS_LNODEKSN,CLAUS_LNODEKSN,CLAUS_LNODEKSN,RTPD,MCE,LMP_ENE_PRC,CLAUS_LNODEKSN,ALL,1,1991.6721,2,3
2022-09-02T03:15:00-00:00,2022-09-02T03:30:00-00:00,2022-09-01,21,CLAUS_LNODEKSN,CLAUS_LNODEKSN,CLAUS_LNODEKSN,RTPD,MCE,LMP_ENE_PRC,CLAUS_LNODEKSN,ALL,1,400.52884,2,3
2022-09-02T04:15:00-00:00,2022-09-02T04:30:00-00:00,2022-09-01,22,CLAUS_LNODEKSN,CLAUS_LNODEKSN,CLAUS_LNODEKSN,RTPD,MCE,LMP_ENE_PRC,CLAUS_LNODEKSN,ALL,1,224.75041,2,3
2022-09-02T05:15:00-00:00,2022-09-02T05:30:00-00:00,2022-09-01,23,CLAUS_LNODEKSN,CLAUS_LNODEKSN,CLAUS_LNODEKSN,RTPD,MCE,LMP_ENE_PRC,CLAUS_LNODEKSN,ALL,1,157.11986,2,3
2022-09-02T06:15:00-00:00,2022-09-02T06:30:00-00:00,2022-09-01,24,CLAUS_LNODEKSN,CLAUS_LNODEKSN,CLAUS_LNODEKSN,RTPD,MCE,LMP_ENE_PRC,CLAUS_LNODEKSN,ALL,1,143.1005,2,3
2022-09-01T07:30:00-00:00,2022-09-01T07:45:00-00:00,2022-09-01,01,CLAUS_LNODEKSN,CLAUS_LNODEKSN,CLAUS_LNODEKSN,RTPD,MCE,LMP_ENE_PRC,CLAUS_LNODEKSN,ALL,1,119.03196,3,3
2022-09-01T08:30:00-00:00,2022-09-01T08:45:00-00:00,2022-09-01,02,CLAUS_LNODEKSN,CLAUS_LNODEKSN,CLAUS_LNODEKSN,RTPD,MCE,LMP_ENE_PRC,CLAUS_LNODEKSN,ALL,1,111.11241,3,3
2022-09-01T09:30:00-00:00,2022-09-01T09:45:00-00:00,2022-09-01,03,CLAUS_LNODEKSN,CLAUS_LNODEKSN,CLAUS_LNODEKSN,RTPD,MCE,LMP_ENE_PRC,CLAUS_LNODEKSN,ALL,1,98.16228,3,3
2022-09-01T10:30:00-00:00,2022-09-01T10:45:00-00:00,2022-09-01,04,CLAUS_LNODEKSN,CLAUS_LNODEKSN,CLAUS_LNODEKSN,RTPD,MCE,LMP_ENE_PRC,CLAUS_LNODEKSN,ALL,1,96.36226,3,3
2022-09-01T11:30:00-00:00,2022-09-01T11:45:00-00:00,2022-09-01,05,CLAUS_LNODEKSN,CLAUS_LNODEKSN,CLAUS_LNODEKSN,RTPD,MCE,LMP_ENE_PRC,CLAUS_LNODEKSN,ALL,1,103.06198,3,3
2022-09-01T12:30:00-00:00,2022-09-01T12:45:00-00:00,2022-09-01,06,CLAUS_LNODEKSN,CLAUS_LNODEKSN,CLAUS_LNODEKSN,RTPD,MCE,LMP_ENE_PRC,CLAUS_LNODEKSN,ALL,1,113.57403,3,3
2022-09-01T13:30:00-00:00,2022-09-01T13:45:00-00:00,2022-09-01,07,CLAUS_LNODEKSN,CLAUS_LNODEKSN,CLAUS_LNODEKSN,RTPD,MCE,LMP_ENE_PRC,CLAUS_LNODEKSN,ALL,1,111.52025,3,3
2022-09-01T14:30:00-00:00,2022-09-01T14:45:00-00:00,2022-09-01,08,CLAUS_LNODEKSN,CLAUS_LNODEKSN,CLAUS_LNODEKSN,RTPD,MCE,LMP_ENE_PRC,CLAUS_LNODEKSN,ALL,1,101.83428,3,3
2022-09-01T15:30:00-00:00,2022-09-01T15:45:00-00:00,2022-09-01,09,CLAUS_LNODEKSN,CLAUS_LNODEKSN,CLAUS_LNODEKSN,RTPD,MCE,LMP_ENE_PRC,CLAUS_LNODEKSN,ALL,1,86.1388,3,3
2022-09-01T16:30:00-00:00,2022-09-01T16:45:00-00:00,2022-09-01,10,CLAUS_LNODEKSN,CLAUS_LNODEKSN,CLAUS_LNODEKSN,RTPD,MCE,LMP_ENE_PRC,CLAUS_LNODEKSN,ALL,1,88.79644,3,3
2022-09-01T17:30:00-00:00,2022-09-01T17:45:00-00:00,2022-09-01,11,CLAUS_LNODEKSN,CLAUS_LNODEKSN,CLAUS_LNODEKSN,RTPD,MCE,LMP_ENE_PRC,CLAUS_LNODEKSN,ALL,1,99.13013,3,3
2022-09-01T18:30:00-00:00,2022-09-01T18:45:00-00:00,2022-09-01,12,CLAUS_LNODEKSN,CLAUS_LNODEKSN,CLAUS_LNODEKSN,RTPD,MCE,LMP_ENE_PRC,CLAUS_LNODEKSN,ALL,1,107.05718,3,3
2022-09-01T19:30:00-00:00,2022-09-01T19:45:00-00:00,2022-09-01,13,CLAUS_LNODEKSN,CLAUS_LNODEKSN,CLAUS_LNODEKSN,RTPD,MCE,LMP_ENE_PRC,CLAUS_LNODEKSN,ALL,1,114.05905,3,3
2022-09-01T20:30:00-00:00,2022-09-01T20:45:00-00:00,2022-09-01,14,CLAUS_LNODEKSN,CLAUS_LNODEKSN,CLAUS_LNODEKSN,RTPD,MCE,LMP_ENE_PRC,CLAUS_LNODEKSN,ALL,1,129.81606,3,3
2022-09-01T21:30:00-00:00,2022-09-01T21:45:00-00:00,2022-09-01,15,CLAUS_LNODEKSN,CLAUS_LNODEKSN,CLAUS_LNODEKSN,RTPD,MCE,LMP_ENE_PRC,CLAUS_LNODEKSN,ALL,1,152.93057,3,3
2022-09-01T22:30:00-00:00,2022-09-01T22:45:00-00:00,2022-09-01,16,CLAUS_LNODEKSN,CLAUS_LNODEKSN,CLAUS_LNODEKSN,RTPD,MCE,LMP_ENE_PRC,CLAUS_LNODEKSN,ALL,1,283.18182,3,3
2022-09-01T23:30:00-00:00,2022-09-01T23:45:00-00:00,2022-09-01,17,CLAUS_LNODEKSN,CLAUS_LNODEKSN,CLAUS_LNODEKSN,RTPD,MCE,LMP_ENE_PRC,CLAUS_LNODEKSN,ALL,1,566.48157,3,3
2022-09-02T00:30:00-00:00,2022-09-02T00:45:00-00:00,2022-09-01,18,CLAUS_LNODEKSN,CLAUS_LNODEKSN,CLAUS_LNODEKSN,RTPD,MCE,LMP_ENE_PRC,CLAUS_LNODEKSN,ALL,1,1329.1127,3,3
2022-09-02T01:30:00-00:00,2022-09-02T01:45:00-00:00,2022-09-01,19,CLAUS_LNODEKSN,CLAUS_LNODEKSN,CLAUS_LNODEKSN,RTPD,MCE,LMP_ENE_PRC,CLAUS_LNODEKSN,ALL,1,1999.9956,3,3
2022-09-02T02:30:00-00:00,2022-09-02T02:45:00-00:00,2022-09-01,20,CLAUS_LNODEKSN,CLAUS_LNODEKSN,CLAUS_LNODEKSN,RTPD,MCE,LMP_ENE_PRC,CLAUS_LNODEKSN,ALL,1,1991.671,3,3
2022-09-02T03:30:00-00:00,2022-09-02T03:45:00-00:00,2022-09-01,21,CLAUS_LNODEKSN,CLAUS_LNODEKSN,CLAUS_LNODEKSN,RTPD,MCE,LMP_ENE_PRC,CLAUS_LNODEKSN,ALL,1,186.61823,3,3
2022-09-02T04:30:00-00:00,2022-09-02T04:45:00-00:00,2022-09-01,22,CLAUS_LNODEKSN,CLAUS_LNODEKSN,CLAUS_LNODEKSN,RTPD,MCE,LMP_ENE_PRC,CLAUS_LNODEKSN,ALL,1,180.67824,3,3
2022-09-02T05:30:00-00:00,2022-09-02T05:45:00-00:00,2022-09-01,23,CLAUS_LNODEKSN,CLAUS_LNODEKSN,CLAUS_LNODEKSN,RTPD,MCE,LMP_ENE_PRC,CLAUS_LNODEKSN,ALL,1,131.69917,3,3
2022-09-02T06:30:00-00:00,2022-09-02T06:45:00-00:00,2022-09-01,24,CLAUS_LNODEKSN,CLAUS_LNODEKSN,CLAUS_LNODEKSN,RTPD,MCE,LMP_ENE_PRC,CLAUS_LNODEKSN,ALL,1,128.9871,3,3
2022-09-01T07:45:00-00:00,2022-09-01T08:00:00-00:00,2022-09-01,01,CLAUS_LNODEKSN,CLAUS_LNODEKSN,CLAUS_LNODEKSN,RTPD,MCE,LMP_ENE_PRC,CLAUS_LNODEKSN,ALL,1,109.12099,4,3
2022-09-01T08:45:00-00:00,2022-09-01T09:00:00-00:00,2022-09-01,02,CLAUS_LNODEKSN,CLAUS_LNODEKSN,CLAUS_LNODEKSN,RTPD,MCE,LMP_ENE_PRC,CLAUS_LNODEKSN,ALL,1,98.7357,4,3
2022-09-01T09:45:00-00:00,2022-09-01T10:00:00-00:00,2022-09-01,03,CLAUS_LNODEKSN,CLAUS_LNODEKSN,CLAUS_LNODEKSN,RTPD,MCE,LMP_ENE_PRC,CLAUS_LNODEKSN,ALL,1,97.50475,4,3
2022-09-01T10:45:00-00:00,2022-09-01T11:00:00-00:00,2022-09-01,04,CLAUS_LNODEKSN,CLAUS_LNODEKSN,CLAUS_LNODEKSN,RTPD,MCE,LMP_ENE_PRC,CLAUS_LNODEKSN,ALL,1,94.71966,4,3
2022-09-01T11:45:00-00:00,2022-09-01T12:00:00-00:00,2022-09-01,05,CLAUS_LNODEKSN,CLAUS_LNODEKSN,CLAUS_LNODEKSN,RTPD,MCE,LMP_ENE_PRC,CLAUS_LNODEKSN,ALL,1,107.01,4,3
2022-09-01T12:45:00-00:00,2022-09-01T13:00:00-00:00,2022-09-01,06,CLAUS_LNODEKSN,CLAUS_LNODEKSN,CLAUS_LNODEKSN,RTPD,MCE,LMP_ENE_PRC,CLAUS_LNODEKSN,ALL,1,116.4848,4,3
2022-09-01T13:45:00-00:00,2022-09-01T14:00:00-00:00,2022-09-01,07,CLAUS_LNODEKSN,CLAUS_LNODEKSN,CLAUS_LNODEKSN,RTPD,MCE,LMP_ENE_PRC,CLAUS_LNODEKSN,ALL,1,111.41,4,3
2022-09-01T14:45:00-00:00,2022-09-01T15:00:00-00:00,2022-09-01,08,CLAUS_LNODEKSN,CLAUS_LNODEKSN,CLAUS_LNODEKSN,RTPD,MCE,LMP_ENE_PRC,CLAUS_LNODEKSN,ALL,1,86.1388,4,3
2022-09-01T15:45:00-00:00,2022-09-01T16:00:00-00:00,2022-09-01,09,CLAUS_LNODEKSN,CLAUS_LNODEKSN,CLAUS_LNODEKSN,RTPD,MCE,LMP_ENE_PRC,CLAUS_LNODEKSN,ALL,1,78.70076,4,3
2022-09-01T16:45:00-00:00,2022-09-01T17:00:00-00:00,2022-09-01,10,CLAUS_LNODEKSN,CLAUS_LNODEKSN,CLAUS_LNODEKSN,RTPD,MCE,LMP_ENE_PRC,CLAUS_LNODEKSN,ALL,1,91.24933,4,3
2022-09-01T17:45:00-00:00,2022-09-01T18:00:00-00:00,2022-09-01,11,CLAUS_LNODEKSN,CLAUS_LNODEKSN,CLAUS_LNODEKSN,RTPD,MCE,LMP_ENE_PRC,CLAUS_LNODEKSN,ALL,1,99.20544,4,3
2022-09-01T18:45:00-00:00,2022-09-01T19:00:00-00:00,2022-09-01,12,CLAUS_LNODEKSN,CLAUS_LNODEKSN,CLAUS_LNODEKSN,RTPD,MCE,LMP_ENE_PRC,CLAUS_LNODEKSN,ALL,1,109.04064,4,3
2022-09-01T19:45:00-00:00,2022-09-01T20:00:00-00:00,2022-09-01,13,CLAUS_LNODEKSN,CLAUS_LNODEKSN,CLAUS_LNODEKSN,RTPD,MCE,LMP_ENE_PRC,CLAUS_LNODEKSN,ALL,1,120.22491,4,3
2022-09-01T20:45:00-00:00,2022-09-01T21:00:00-00:00,2022-09-01,14,CLAUS_LNODEKSN,CLAUS_LNODEKSN,CLAUS_LNODEKSN,RTPD,MCE,LMP_ENE_PRC,CLAUS_LNODEKSN,ALL,1,154.02509,4,3
2022-09-01T21:45:00-00:00,2022-09-01T22:00:00-00:00,2022-09-01,15,CLAUS_LNODEKSN,CLAUS_LNODEKSN,CLAUS_LNODEKSN,RTPD,MCE,LMP_ENE_PRC,CLAUS_LNODEKSN,ALL,1,300.29376,4,3
2022-09-01T22:45:00-00:00,2022-09-01T23:00:00-00:00,2022-09-01,16,CLAUS_LNODEKSN,CLAUS_LNODEKSN,CLAUS_LNODEKSN,RTPD,MCE,LMP_ENE_PRC,CLAUS_LNODEKSN,ALL,1,429.9137,4,3
2022-09-01T23:45:00-00:00,2022-09-02T00:00:00-00:00,2022-09-01,17,CLAUS_LNODEKSN,CLAUS_LNODEKSN,CLAUS_LNODEKSN,RTPD,MCE,LMP_ENE_PRC,CLAUS_LNODEKSN,ALL,1,1261.2124,4,3
2022-09-02T00:45:00-00:00,2022-09-02T01:00:00-00:00,2022-09-01,18,CLAUS_LNODEKSN,CLAUS_LNODEKSN,CLAUS_LNODEKSN,RTPD,MCE,LMP_ENE_PRC,CLAUS_LNODEKSN,ALL,1,1519.149,4,3
2022-09-02T01:45:00-00:00,2022-09-02T02:00:00-00:00,2022-09-01,19,CLAUS_LNODEKSN,CLAUS_LNODEKSN,CLAUS_LNODEKSN,RTPD,MCE,LMP_ENE_PRC,CLAUS_LNODEKSN,ALL,1,1991.9337,4,3
2022-09-02T02:45:00-00:00,2022-09-02T03:00:00-00:00,2022-09-01,20,CLAUS_LNODEKSN,CLAUS_LNODEKSN,CLAUS_LNODEKSN,RTPD,MCE,LMP_ENE_PRC,CLAUS_LNODEKSN,ALL,1,1629.6213,4,3
2022-09-02T03:45:00-00:00,2022-09-02T04:00:00-00:00,2022-09-01,21,CLAUS_LNODEKSN,CLAUS_LNODEKSN,CLAUS_LNODEKSN,RTPD,MCE,LMP_ENE_PRC,CLAUS_LNODEKSN,ALL,1,141.13702,4,3
2022-09-02T04:45:00-00:00,2022-09-02T05:00:00-00:00,2022-09-01,22,CLAUS_LNODEKSN,CLAUS_LNODEKSN,CLAUS_LNODEKSN,RTPD,MCE,LMP_ENE_PRC,CLAUS_LNODEKSN,ALL,1,126.76372,4,3
2022-09-02T05:45:00-00:00,2022-09-02T06:00:00-00:00,2022-09-01,23,CLAUS_LNODEKSN,CLAUS_LNODEKSN,CLAUS_LNODEKSN,RTPD,MCE,LMP_ENE_PRC,CLAUS_LNODEKSN,ALL,1,119.00958,4,3
2022-09-02T06:45:00-00:00,2022-09-02T07:00:00-00:00,2022-09-01,24,CLAUS_LNODEKSN,CLAUS_LNODEKSN,CLAUS_LNODEKSN,RTPD,MCE,LMP_ENE_PRC,CLAUS_LNODEKSN,ALL,1,109.20324,4,3
2022-09-01T07:00:00-00:00,2022-09-01T07:15:00-00:00,2022-09-01,01,CLAUS_LNODEKSN,CLAUS_LNODEKSN,CLAUS_LNODEKSN,RTPD,MCL,LMP_LOSS_PRC,CLAUS_LNODEKSN,ALL,1,3.20004,1,4
2022-09-01T08:00:00-00:00,2022-09-01T08:15:00-00:00,2022-09-01,02,CLAUS_LNODEKSN,CLAUS_LNODEKSN,CLAUS_LNODEKSN,RTPD,MCL,LMP_LOSS_PRC,CLAUS_LNODEKSN,ALL,1,0,1,4
2022-09-01T09:00:00-00:00,2022-09-01T09:15:00-00:00,2022-09-01,03,CLAUS_LNODEKSN,CLAUS_LNODEKSN,CLAUS_LNODEKSN,RTPD,MCL,LMP_LOSS_PRC,CLAUS_LNODEKSN,ALL,1,3.95935,1,4
2022-09-01T10:00:00-00:00,2022-09-01T10:15:00-00:00,2022-09-01,04,CLAUS_LNODEKSN,CLAUS_LNODEKSN,CLAUS_LNODEKSN,RTPD,MCL,LMP_LOSS_PRC,CLAUS_LNODEKSN,ALL,1,4.05424,1,4
2022-09-01T11:00:00-00:00,2022-09-01T11:15:00-00:00,2022-09-01,05,CLAUS_LNODEKSN,CLAUS_LNODEKSN,CLAUS_LNODEKSN,RTPD,MCL,LMP_LOSS_PRC,CLAUS_LNODEKSN,ALL,1,4.3387,1,4
2022-09-01T12:00:00-00:00,2022-09-01T12:15:00-00:00,2022-09-01,06,CLAUS_LNODEKSN,CLAUS_LNODEKSN,CLAUS_LNODEKSN,RTPD,MCL,LMP_LOSS_PRC,CLAUS_LNODEKSN,ALL,1,3.76009,1,4
2022-09-01T13:00:00-00:00,2022-09-01T13:15:00-00:00,2022-09-01,07,CLAUS_LNODEKSN,CLAUS_LNODEKSN,CLAUS_LNODEKSN,RTPD,MCL,LMP_LOSS_PRC,CLAUS_LNODEKSN,ALL,1,0,1,4
2022-09-01T14:00:00-00:00,2022-09-01T14:15:00-00:00,2022-09-01,08,CLAUS_LNODEKSN,CLAUS_LNODEKSN,CLAUS_LNODEKSN,RTPD,MCL,LMP_LOSS_PRC,CLAUS_LNODEKSN,ALL,1,4.98888,1,4
2022-09-01T15:00:00-00:00,2022-09-01T15:15:00-00:00,2022-09-01,09,CLAUS_LNODEKSN,CLAUS_LNODEKSN,CLAUS_LNODEKSN,RTPD,MCL,LMP_LOSS_PRC,CLAUS_LNODEKSN,ALL,1,0,1,4
2022-09-01T16:00:00-00:00,2022-09-01T16:15:00-00:00,2022-09-01,10,CLAUS_LNODEKSN,CLAUS_LNODEKSN,CLAUS_LNODEKSN,RTPD,MCL,LMP_LOSS_PRC,CLAUS_LNODEKSN,ALL,1,0,1,4
2022-09-01T17:00:00-00:00,2022-09-01T17:15:00-00:00,2022-09-01,11,CLAUS_LNODEKSN,CLAUS_LNODEKSN,CLAUS_LNODEKSN,RTPD,MCL,LMP_LOSS_PRC,CLAUS_LNODEKSN,ALL,1,0,1,4
2022-09-01T18:00:00-00:00,2022-09-01T18:15:00-00:00,2022-09-01,12,CLAUS_LNODEKSN,CLAUS_LNODEKSN,CLAUS_LNODEKSN,RTPD,MCL,LMP_LOSS_PRC,CLAUS_LNODEKSN,ALL,1,0,1,4
2022-09-01T19:00:00-00:00,2022-09-01T19:15:00-00:00,2022-09-01,13,CLAUS_LNODEKSN,CLAUS_LNODEKSN,CLAUS_LNODEKSN,RTPD,MCL,LMP_LOSS_PRC,CLAUS_LNODEKSN,ALL,1,0,1,4
2022-09-01T20:00:00-00:00,2022-09-01T20:15:00-00:00,2022-09-01,14,CLAUS_LNODEKSN,CLAUS_LNODEKSN,CLAUS_LNODEKSN,RTPD,MCL,LMP_LOSS_PRC,CLAUS_LNODEKSN,ALL,1,0,1,4
2022-09-01T21:00:00-00:00,2022-09-01T21:15:00-00:00,2022-09-01,15,CLAUS_LNODEKSN,CLAUS_LNODEKSN,CLAUS_LNODEKSN,RTPD,MCL,LMP_LOSS_PRC,CLAUS_LNODEKSN,ALL,1,0,1,4
2022-09-01T22:00:00-00:00,2022-09-01T22:15:00-00:00,2022-09-01,16,CLAUS_LNODEKSN,CLAUS_LNODEKSN,CLAUS_LNODEKSN,RTPD,MCL,LMP_LOSS_PRC,CLAUS_LNODEKSN,ALL,1,0,1,4
2022-09-01T23:00:00-00:00,2022-09-01T23:15:00-00:00,2022-09-01,17,CLAUS_LNODEKSN,CLAUS_LNODEKSN,CLAUS_LNODEKSN,RTPD,MCL,LMP_LOSS_PRC,CLAUS_LNODEKSN,ALL,1,0,1,4
2022-09-02T00:00:00-00:00,2022-09-02T00:15:00-00:00,2022-09-01,18,CLAUS_LNODEKSN,CLAUS_LNODEKSN,CLAUS_LNODEKSN,RTPD,MCL,LMP_LOSS_PRC,CLAUS_LNODEKSN,ALL,1,48.23832,1,4
2022-09-02T01:00:00-00:00,2022-09-02T01:15:00-00:00,2022-09-01,19,CLAUS_LNODEKSN,CLAUS_LNODEKSN,CLAUS_LNODEKSN,RTPD,MCL,LMP_LOSS_PRC,CLAUS_LNODEKSN,ALL,1,0,1,4
2022-09-02T02:00:00-00:00,2022-09-02T02:15:00-00:00,2022-09-01,20,CLAUS_LNODEKSN,CLAUS_LNODEKSN,CLAUS_LNODEKSN,RTPD,MCL,LMP_LOSS_PRC,CLAUS_LNODEKSN,ALL,1,0,1,4
2022-09-02T03:00:00-00:00,2022-09-02T03:15:00-00:00,2022-09-01,21,CLAUS_LNODEKSN,CLAUS_LNODEKSN,CLAUS_LNODEKSN,RTPD,MCL,LMP_LOSS_PRC,CLAUS_LNODEKSN,ALL,1,63.12741,1,4
2022-09-02T04:00:00-00:00,2022-09-02T04:15:00-00:00,2022-09-01,22,CLAUS_LNODEKSN,CLAUS_LNODEKSN,CLAUS_LNODEKSN,RTPD,MCL,LMP_LOSS_PRC,CLAUS_LNODEKSN,ALL,1,16.78466,1,4
2022-09-02T05:00:00-00:00,2022-09-02T05:15:00-00:00,2022-09-01,23,CLAUS_LNODEKSN,CLAUS_LNODEKSN,CLAUS_LNODEKSN,RTPD,MCL,LMP_LOSS_PRC,CLAUS_LNODEKSN,ALL,1,9.10741,1,4
2022-09-02T06:00:00-00:00,2022-09-02T06:15:00-00:00,2022-09-01,24,CLAUS_LNODEKSN,CLAUS_LNODEKSN,CLAUS_LNODEKSN,RTPD,MCL,LMP_LOSS_PRC,CLAUS_LNODEKSN,ALL,1,5.79869,1,4
2022-09-01T07:15:00-00:00,2022-09-01T07:30:00-00:00,2022-09-01,01,CLAUS_LNODEKSN,CLAUS_LNODEKSN,CLAUS_LNODEKSN,RTPD,MCL,LMP_LOSS_PRC,CLAUS_LNODEKSN,ALL,1,0,2,4
2022-09-01T08:15:00-00:00,2022-09-01T08:30:00-00:00,2022-09-01,02,CLAUS_LNODEKSN,CLAUS_LNODEKSN,CLAUS_LNODEKSN,RTPD,MCL,LMP_LOSS_PRC,CLAUS_LNODEKSN,ALL,1,0,2,4
2022-09-01T09:15:00-00:00,2022-09-01T09:30:00-00:00,2022-09-01,03,CLAUS_LNODEKSN,CLAUS_LNODEKSN,CLAUS_LNODEKSN,RTPD,MCL,LMP_LOSS_PRC,CLAUS_LNODEKSN,ALL,1,3.87328,2,4
2022-09-01T10:15:00-00:00,2022-09-01T10:30:00-00:00,2022-09-01,04,CLAUS_LNODEKSN,CLAUS_LNODEKSN,CLAUS_LNODEKSN,RTPD,MCL,LMP_LOSS_PRC,CLAUS_LNODEKSN,ALL,1,4.03553,2,4
2022-09-01T11:15:00-00:00,2022-09-01T11:30:00-00:00,2022-09-01,05,CLAUS_LNODEKSN,CLAUS_LNODEKSN,CLAUS_LNODEKSN,RTPD,MCL,LMP_LOSS_PRC,CLAUS_LNODEKSN,ALL,1,4.35047,2,4
2022-09-01T12:15:00-00:00,2022-09-01T12:30:00-00:00,2022-09-01,06,CLAUS_LNODEKSN,CLAUS_LNODEKSN,CLAUS_LNODEKSN,RTPD,MCL,LMP_LOSS_PRC,CLAUS_LNODEKSN,ALL,1,4.41666,2,4
2022-09-01T13:15:00-00:00,2022-09-01T13:30:00-00:00,2022-09-01,07,CLAUS_LNODEKSN,CLAUS_LNODEKSN,CLAUS_LNODEKSN,RTPD,MCL,LMP_LOSS_PRC,CLAUS_LNODEKSN,ALL,1,4.3614,2,4
2022-09-01T14:15:00-00:00,2022-09-01T14:30:00-00:00,2022-09-01,08,CLAUS_LNODEKSN,CLAUS_LNODEKSN,CLAUS_LNODEKSN,RTPD,MCL,LMP_LOSS_PRC,CLAUS_LNODEKSN,ALL,1,4.43246,2,4
2022-09-01T15:15:00-00:00,2022-09-01T15:30:00-00:00,2022-09-01,09,CLAUS_LNODEKSN,CLAUS_LNODEKSN,CLAUS_LNODEKSN,RTPD,MCL,LMP_LOSS_PRC,CLAUS_LNODEKSN,ALL,1,0,2,4
2022-09-01T16:15:00-00:00,2022-09-01T16:30:00-00:00,2022-09-01,10,CLAUS_LNODEKSN,CLAUS_LNODEKSN,CLAUS_LNODEKSN,RTPD,MCL,LMP_LOSS_PRC,CLAUS_LNODEKSN,ALL,1,0,2,4
2022-09-01T17:15:00-00:00,2022-09-01T17:30:00-00:00,2022-09-01,11,CLAUS_LNODEKSN,CLAUS_LNODEKSN,CLAUS_LNODEKSN,RTPD,MCL,LMP_LOSS_PRC,CLAUS_LNODEKSN,ALL,1,0,2,4
2022-09-01T18:15:00-00:00,2022-09-01T18:30:00-00:00,2022-09-01,12,CLAUS_LNODEKSN,CLAUS_LNODEKSN,CLAUS_LNODEKSN,RTPD,MCL,LMP_LOSS_PRC,CLAUS_LNODEKSN,ALL,1,0,2,4
2022-09-01T19:15:00-00:00,2022-09-01T19:30:00-00:00,2022-09-01,13,CLAUS_LNODEKSN,CLAUS_LNODEKSN,CLAUS_LNODEKSN,RTPD,MCL,LMP_LOSS_PRC,CLAUS_LNODEKSN,ALL,1,0,2,4
2022-09-01T20:15:00-00:00,2022-09-01T20:30:00-00:00,2022-09-01,14,CLAUS_LNODEKSN,CLAUS_LNODEKSN,CLAUS_LNODEKSN,RTPD,MCL,LMP_LOSS_PRC,CLAUS_LNODEKSN,ALL,1,0,2,4
2022-09-01T21:15:00-00:00,2022-09-01T21:30:00-00:00,2022-09-01,15,CLAUS_LNODEKSN,CLAUS_LNODEKSN,CLAUS_LNODEKSN,RTPD,MCL,LMP_LOSS_PRC,CLAUS_LNODEKSN,ALL,1,0,2,4
2022-09-01T22:15:00-00:00,2022-09-01T22:30:00-00:00,2022-09-01,16,CLAUS_LNODEKSN,CLAUS_LNODEKSN,CLAUS_LNODEKSN,RTPD,MCL,LMP_LOSS_PRC,CLAUS_LNODEKSN,ALL,1,0,2,4
2022-09-01T23:15:00-00:00,2022-09-01T23:30:00-00:00,2022-09-01,17,CLAUS_LNODEKSN,CLAUS_LNODEKSN,CLAUS_LNODEKSN,RTPD,MCL,LMP_LOSS_PRC,CLAUS_LNODEKSN,ALL,1,0,2,4
2022-09-02T00:15:00-00:00,2022-09-02T00:30:00-00:00,2022-09-01,18,CLAUS_LNODEKSN,CLAUS_LNODEKSN,CLAUS_LNODEKSN,RTPD,MCL,LMP_LOSS_PRC,CLAUS_LNODEKSN,ALL,1,43.61579,2,4
2022-09-02T01:15:00-00:00,2022-09-02T01:30:00-00:00,2022-09-01,19,CLAUS_LNODEKSN,CLAUS_LNODEKSN,CLAUS_LNODEKSN,RTPD,MCL,LMP_LOSS_PRC,CLAUS_LNODEKSN,ALL,1,0,2,4
2022-09-02T02:15:00-00:00,2022-09-02T02:30:00-00:00,2022-09-01,20,CLAUS_LNODEKSN,CLAUS_LNODEKSN,CLAUS_LNODEKSN,RTPD,MCL,LMP_LOSS_PRC,CLAUS_LNODEKSN,ALL,1,0,2,4
2022-09-02T03:15:00-00:00,2022-09-02T03:30:00-00:00,2022-09-01,21,CLAUS_LNODEKSN,CLAUS_LNODEKSN,CLAUS_LNODEKSN,RTPD,MCL,LMP_LOSS_PRC,CLAUS_LNODEKSN,ALL,1,26.7953,2,4
2022-09-02T04:15:00-00:00,2022-09-02T04:30:00-00:00,2022-09-01,22,CLAUS_LNODEKSN,CLAUS_LNODEKSN,CLAUS_LNODEKSN,RTPD,MCL,LMP_LOSS_PRC,CLAUS_LNODEKSN,ALL,1,13.91198,2,4
2022-09-02T05:15:00-00:00,2022-09-02T05:30:00-00:00,2022-09-01,23,CLAUS_LNODEKSN,CLAUS_LNODEKSN,CLAUS_LNODEKSN,RTPD,MCL,LMP_LOSS_PRC,CLAUS_LNODEKSN,ALL,1,7.71464,2,4
2022-09-02T06:15:00-00:00,2022-09-02T06:30:00-00:00,2022-09-01,24,CLAUS_LNODEKSN,CLAUS_LNODEKSN,CLAUS_LNODEKSN,RTPD,MCL,LMP_LOSS_PRC,CLAUS_LNODEKSN,ALL,1,4.49339,2,4
2022-09-01T07:30:00-00:00,2022-09-01T07:45:00-00:00,2022-09-01,01,CLAUS_LNODEKSN,CLAUS_LNODEKSN,CLAUS_LNODEKSN,RTPD,MCL,LMP_LOSS_PRC,CLAUS_LNODEKSN,ALL,1,0,3,4
2022-09-01T08:30:00-00:00,2022-09-01T08:45:00-00:00,2022-09-01,02,CLAUS_LNODEKSN,CLAUS_LNODEKSN,CLAUS_LNODEKSN,RTPD,MCL,LMP_LOSS_PRC,CLAUS_LNODEKSN,ALL,1,4.23343,3,4
2022-09-01T09:30:00-00:00,2022-09-01T09:45:00-00:00,2022-09-01,03,CLAUS_LNODEKSN,CLAUS_LNODEKSN,CLAUS_LNODEKSN,RTPD,MCL,LMP_LOSS_PRC,CLAUS_LNODEKSN,ALL,1,3.70076,3,4
2022-09-01T10:30:00-00:00,2022-09-01T10:45:00-00:00,2022-09-01,04,CLAUS_LNODEKSN,CLAUS_LNODEKSN,CLAUS_LNODEKSN,RTPD,MCL,LMP_LOSS_PRC,CLAUS_LNODEKSN,ALL,1,3.99908,3,4
2022-09-01T11:30:00-00:00,2022-09-01T11:45:00-00:00,2022-09-01,05,CLAUS_LNODEKSN,CLAUS_LNODEKSN,CLAUS_LNODEKSN,RTPD,MCL,LMP_LOSS_PRC,CLAUS_LNODEKSN,ALL,1,4.46264,3,4
2022-09-01T12:30:00-00:00,2022-09-01T12:45:00-00:00,2022-09-01,06,CLAUS_LNODEKSN,CLAUS_LNODEKSN,CLAUS_LNODEKSN,RTPD,MCL,LMP_LOSS_PRC,CLAUS_LNODEKSN,ALL,1,4.34993,3,4
2022-09-01T13:30:00-00:00,2022-09-01T13:45:00-00:00,2022-09-01,07,CLAUS_LNODEKSN,CLAUS_LNODEKSN,CLAUS_LNODEKSN,RTPD,MCL,LMP_LOSS_PRC,CLAUS_LNODEKSN,ALL,1,4.57228,3,4
2022-09-01T14:30:00-00:00,2022-09-01T14:45:00-00:00,2022-09-01,08,CLAUS_LNODEKSN,CLAUS_LNODEKSN,CLAUS_LNODEKSN,RTPD,MCL,LMP_LOSS_PRC,CLAUS_LNODEKSN,ALL,1,4.35846,3,4
2022-09-01T15:30:00-00:00,2022-09-01T15:45:00-00:00,2022-09-01,09,CLAUS_LNODEKSN,CLAUS_LNODEKSN,CLAUS_LNODEKSN,RTPD,MCL,LMP_LOSS_PRC,CLAUS_LNODEKSN,ALL,1,0,3,4
2022-09-01T16:30:00-00:00,2022-09-01T16:45:00-00:00,2022-09-01,10,CLAUS_LNODEKSN,CLAUS_LNODEKSN,CLAUS_LNODEKSN,RTPD,MCL,LMP_LOSS_PRC,CLAUS_LNODEKSN,ALL,1,0,3,4
2022-09-01T17:30:00-00:00,2022-09-01T17:45:00-00:00,2022-09-01,11,CLAUS_LNODEKSN,CLAUS_LNODEKSN,CLAUS_LNODEKSN,RTPD,MCL,LMP_LOSS_PRC,CLAUS_LNODEKSN,ALL,1,0,3,4
2022-09-01T18:30:00-00:00,2022-09-01T18:45:00-00:00,2022-09-01,12,CLAUS_LNODEKSN,CLAUS_LNODEKSN,CLAUS_LNODEKSN,RTPD,MCL,LMP_LOSS_PRC,CLAUS_LNODEKSN,ALL,1,0,3,4
2022-09-01T19:30:00-00:00,2022-09-01T19:45:00-00:00,2022-09-01,13,CLAUS_LNODEKSN,CLAUS_LNODEKSN,CLAUS_LNODEKSN,RTPD,MCL,LMP_LOSS_PRC,CLAUS_LNODEKSN,ALL,1,0,3,4
2022-09-01T20:30:00-00:00,2022-09-01T20:45:00-00:00,2022-09-01,14,CLAUS_LNODEKSN,CLAUS_LNODEKSN,CLAUS_LNODEKSN,RTPD,MCL,LMP_LOSS_PRC,CLAUS_LNODEKSN,ALL,1,0,3,4
2022-09-01T21:30:00-00:00,2022-09-01T21:45:00-00:00,2022-09-01,15,CLAUS_LNODEKSN,CLAUS_LNODEKSN,CLAUS_LNODEKSN,RTPD,MCL,LMP_LOSS_PRC,CLAUS_LNODEKSN,ALL,1,0,3,4
2022-09-01T22:30:00-00:00,2022-09-01T22:45:00-00:00,2022-09-01,16,CLAUS_LNODEKSN,CLAUS_LNODEKSN,CLAUS_LNODEKSN,RTPD,MCL,LMP_LOSS_PRC,CLAUS_LNODEKSN,ALL,1,0,3,4
2022-09-01T23:30:00-00:00,2022-09-01T23:45:00-00:00,2022-09-01,17,CLAUS_LNODEKSN,CLAUS_LNODEKSN,CLAUS_LNODEKSN,RTPD,MCL,LMP_LOSS_PRC,CLAUS_LNODEKSN,ALL,1,0,3,4
2022-09-02T00:30:00-00:00,2022-09-02T00:45:00-00:00,2022-09-01,18,CLAUS_LNODEKSN,CLAUS_LNODEKSN,CLAUS_LNODEKSN,RTPD,MCL,LMP_LOSS_PRC,CLAUS_LNODEKSN,ALL,1,0,3,4
2022-09-02T01:30:00-00:00,2022-09-02T01:45:00-00:00,2022-09-01,19,CLAUS_LNODEKSN,CLAUS_LNODEKSN,CLAUS_LNODEKSN,RTPD,MCL,LMP_LOSS_PRC,CLAUS_LNODEKSN,ALL,1,0,3,4
2022-09-02T02:30:00-00:00,2022-09-02T02:45:00-00:00,2022-09-01,20,CLAUS_LNODEKSN,CLAUS_LNODEKSN,CLAUS_LNODEKSN,RTPD,MCL,LMP_LOSS_PRC,CLAUS_LNODEKSN,ALL,1,0,3,4
2022-09-02T03:30:00-00:00,2022-09-02T03:45:00-00:00,2022-09-01,21,CLAUS_LNODEKSN,CLAUS_LNODEKSN,CLAUS_LNODEKSN,RTPD,MCL,LMP_LOSS_PRC,CLAUS_LNODEKSN,ALL,1,12.24208,3,4
2022-09-02T04:30:00-00:00,2022-09-02T04:45:00-00:00,2022-09-01,22,CLAUS_LNODEKSN,CLAUS_LNODEKSN,CLAUS_LNODEKSN,RTPD,MCL,LMP_LOSS_PRC,CLAUS_LNODEKSN,ALL,1,9.2868,3,4
2022-09-02T05:30:00-00:00,2022-09-02T05:45:00-00:00,2022-09-01,23,CLAUS_LNODEKSN,CLAUS_LNODEKSN,CLAUS_LNODEKSN,RTPD,MCL,LMP_LOSS_PRC,CLAUS_LNODEKSN,ALL,1,6.28211,3,4
2022-09-02T06:30:00-00:00,2022-09-02T06:45:00-00:00,2022-09-01,24,CLAUS_LNODEKSN,CLAUS_LNODEKSN,CLAUS_LNODEKSN,RTPD,MCL,LMP_LOSS_PRC,CLAUS_LNODEKSN,ALL,1,5.23693,3,4
2022-09-01T07:45:00-00:00,2022-09-01T08:00:00-00:00,2022-09-01,01,CLAUS_LNODEKSN,CLAUS_LNODEKSN,CLAUS_LNODEKSN,RTPD,MCL,LMP_LOSS_PRC,CLAUS_LNODEKSN,ALL,1,0,4,4
2022-09-01T08:45:00-00:00,2022-09-01T09:00:00-00:00,2022-09-01,02,CLAUS_LNODEKSN,CLAUS_LNODEKSN,CLAUS_LNODEKSN,RTPD,MCL,LMP_LOSS_PRC,CLAUS_LNODEKSN,ALL,1,3.63352,4,4
2022-09-01T09:45:00-00:00,2022-09-01T10:00:00-00:00,2022-09-01,03,CLAUS_LNODEKSN,CLAUS_LNODEKSN,CLAUS_LNODEKSN,RTPD,MCL,LMP_LOSS_PRC,CLAUS_LNODEKSN,ALL,1,3.67597,4,4
2022-09-01T10:45:00-00:00,2022-09-01T11:00:00-00:00,2022-09-01,04,CLAUS_LNODEKSN,CLAUS_LNODEKSN,CLAUS_LNODEKSN,RTPD,MCL,LMP_LOSS_PRC,CLAUS_LNODEKSN,ALL,1,3.87408,4,4
2022-09-01T11:45:00-00:00,2022-09-01T12:00:00-00:00,2022-09-01,05,CLAUS_LNODEKSN,CLAUS_LNODEKSN,CLAUS_LNODEKSN,RTPD,MCL,LMP_LOSS_PRC,CLAUS_LNODEKSN,ALL,1,0,4,4
2022-09-01T12:45:00-00:00,2022-09-01T13:00:00-00:00,2022-09-01,06,CLAUS_LNODEKSN,CLAUS_LNODEKSN,CLAUS_LNODEKSN,RTPD,MCL,LMP_LOSS_PRC,CLAUS_LNODEKSN,ALL,1,0,4,4
2022-09-01T13:45:00-00:00,2022-09-01T14:00:00-00:00,2022-09-01,07,CLAUS_LNODEKSN,CLAUS_LNODEKSN,CLAUS_LNODEKSN,RTPD,MCL,LMP_LOSS_PRC,CLAUS_LNODEKSN,ALL,1,0,4,4
2022-09-01T14:45:00-00:00,2022-09-01T15:00:00-00:00,2022-09-01,08,CLAUS_LNODEKSN,CLAUS_LNODEKSN,CLAUS_LNODEKSN,RTPD,MCL,LMP_LOSS_PRC,CLAUS_LNODEKSN,ALL,1,0,4,4
2022-09-01T15:45:00-00:00,2022-09-01T16:00:00-00:00,2022-09-01,09,CLAUS_LNODEKSN,CLAUS_LNODEKSN,CLAUS_LNODEKSN,RTPD,MCL,LMP_LOSS_PRC,CLAUS_LNODEKSN,ALL,1,0,4,4
2022-09-01T16:45:00-00:00,2022-09-01T17:00:00-00:00,2022-09-01,10,CLAUS_LNODEKSN,CLAUS_LNODEKSN,CLAUS_LNODEKSN,RTPD,MCL,LMP_LOSS_PRC,CLAUS_LNODEKSN,ALL,1,0,4,4
2022-09-01T17:45:00-00:00,2022-09-01T18:00:00-00:00,2022-09-01,11,CLAUS_LNODEKSN,CLAUS_LNODEKSN,CLAUS_LNODEKSN,RTPD,MCL,LMP_LOSS_PRC,CLAUS_LNODEKSN,ALL,1,0,4,4
2022-09-01T18:45:00-00:00,2022-09-01T19:00:00-00:00,2022-09-01,12,CLAUS_LNODEKSN,CLAUS_LNODEKSN,CLAUS_LNODEKSN,RTPD,MCL,LMP_LOSS_PRC,CLAUS_LNODEKSN,ALL,1,0,4,4
2022-09-01T19:45:00-00:00,2022-09-01T20:00:00-00:00,2022-09-01,13,CLAUS_LNODEKSN,CLAUS_LNODEKSN,CLAUS_LNODEKSN,RTPD,MCL,LMP_LOSS_PRC,CLAUS_LNODEKSN,ALL,1,0,4,4
2022-09-01T20:45:00-00:00,2022-09-01T21:00:00-00:00,2022-09-01,14,CLAUS_LNODEKSN,CLAUS_LNODEKSN,CLAUS_LNODEKSN,RTPD,MCL,LMP_LOSS_PRC,CLAUS_LNODEKSN,ALL,1,0,4,4
2022-09-01T21:45:00-00:00,2022-09-01T22:00:00-00:00,2022-09-01,15,CLAUS_LNODEKSN,CLAUS_LNODEKSN,CLAUS_LNODEKSN,RTPD,MCL,LMP_LOSS_PRC,CLAUS_LNODEKSN,ALL,1,0,4,4
2022-09-01T22:45:00-00:00,2022-09-01T23:00:00-00:00,2022-09-01,16,CLAUS_LNODEKSN,CLAUS_LNODEKSN,CLAUS_LNODEKSN,RTPD,MCL,LMP_LOSS_PRC,CLAUS_LNODEKSN,ALL,1,0,4,4
2022-09-01T23:45:00-00:00,2022-09-02T00:00:00-00:00,2022-09-01,17,CLAUS_LNODEKSN,CLAUS_LNODEKSN,CLAUS_LNODEKSN,RTPD,MCL,LMP_LOSS_PRC,CLAUS_LNODEKSN,ALL,1,0,4,4
2022-09-02T00:45:00-00:00,2022-09-02T01:00:00-00:00,2022-09-01,18,CLAUS_LNODEKSN,CLAUS_LNODEKSN,CLAUS_LNODEKSN,RTPD,MCL,LMP_LOSS_PRC,CLAUS_LNODEKSN,ALL,1,0,4,4
2022-09-02T01:45:00-00:00,2022-09-02T02:00:00-00:00,2022-09-01,19,CLAUS_LNODEKSN,CLAUS_LNODEKSN,CLAUS_LNODEKSN,RTPD,MCL,LMP_LOSS_PRC,CLAUS_LNODEKSN,ALL,1,0,4,4
2022-09-02T02:45:00-00:00,2022-09-02T03:00:00-00:00,2022-09-01,20,CLAUS_LNODEKSN,CLAUS_LNODEKSN,CLAUS_LNODEKSN,RTPD,MCL,LMP_LOSS_PRC,CLAUS_LNODEKSN,ALL,1,123.52521,4,4
2022-09-02T03:45:00-00:00,2022-09-02T04:00:00-00:00,2022-09-01,21,CLAUS_LNODEKSN,CLAUS_LNODEKSN,CLAUS_LNODEKSN,RTPD,MCL,LMP_LOSS_PRC,CLAUS_LNODEKSN,ALL,1,8.12942,4,4
2022-09-02T04:45:00-00:00,2022-09-02T05:00:00-00:00,2022-09-01,22,CLAUS_LNODEKSN,CLAUS_LNODEKSN,CLAUS_LNODEKSN,RTPD,MCL,LMP_LOSS_PRC,CLAUS_LNODEKSN,ALL,1,7.93548,4,4
2022-09-02T05:45:00-00:00,2022-09-02T06:00:00-00:00,2022-09-01,23,CLAUS_LNODEKSN,CLAUS_LNODEKSN,CLAUS_LNODEKSN,RTPD,MCL,LMP_LOSS_PRC,CLAUS_LNODEKSN,ALL,1,5.14127,4,4
2022-09-02T06:45:00-00:00,2022-09-02T07:00:00-00:00,2022-09-01,24,CLAUS_LNODEKSN,CLAUS_LNODEKSN,CLAUS_LNODEKSN,RTPD,MCL,LMP_LOSS_PRC,CLAUS_LNODEKSN,ALL,1,4.97972,4,4
2022-09-01T07:00:00-00:00,2022-09-01T07:15:00-00:00,2022-09-01,01,CLAUS_LNODEKSN,CLAUS_LNODEKSN,CLAUS_LNODEKSN,RTPD,MGHG,LMP_GHG_PRC,CLAUS_LNODEKSN,ALL,1,0,1,5
2022-09-01T08:00:00-00:00,2022-09-01T08:15:00-00:00,2022-09-01,02,CLAUS_LNODEKSN,CLAUS_LNODEKSN,CLAUS_LNODEKSN,RTPD,MGHG,LMP_GHG_PRC,CLAUS_LNODEKSN,ALL,1,0,1,5
2022-09-01T09:00:00-00:00,2022-09-01T09:15:00-00:00,2022-09-01,03,CLAUS_LNODEKSN,CLAUS_LNODEKSN,CLAUS_LNODEKSN,RTPD,MGHG,LMP_GHG_PRC,CLAUS_LNODEKSN,ALL,1,0,1,5
2022-09-01T10:00:00-00:00,2022-09-01T10:15:00-00:00,2022-09-01,04,CLAUS_LNODEKSN,CLAUS_LNODEKSN,CLAUS_LNODEKSN,RTPD,MGHG,LMP_GHG_PRC,CLAUS_LNODEKSN,ALL,1,0,1,5
2022-09-01T11:00:00-00:00,2022-09-01T11:15:00-00:00,2022-09-01,05,CLAUS_LNODEKSN,CLAUS_LNODEKSN,CLAUS_LNODEKSN,RTPD,MGHG,LMP_GHG_PRC,CLAUS_LNODEKSN,ALL,1,0,1,5
2022-09-01T12:00:00-00:00,2022-09-01T12:15:00-00:00,2022-09-01,06,CLAUS_LNODEKSN,CLAUS_LNODEKSN,CLAUS_LNODEKSN,RTPD,MGHG,LMP_GHG_PRC,CLAUS_LNODEKSN,ALL,1,0,1,5
2022-09-01T13:00:00-00:00,2022-09-01T13:15:00-00:00,2022-09-01,07,CLAUS_LNODEKSN,CLAUS_LNODEKSN,CLAUS_LNODEKSN,RTPD,MGHG,LMP_GHG_PRC,CLAUS_LNODEKSN,ALL,1,0,1,5
2022-09-01T14:00:00-00:00,2022-09-01T14:15:00-00:00,2022-09-01,08,CLAUS_LNODEKSN,CLAUS_LNODEKSN,CLAUS_LNODEKSN,RTPD,MGHG,LMP_GHG_PRC,CLAUS_LNODEKSN,ALL,1,0,1,5
2022-09-01T15:00:00-00:00,2022-09-01T15:15:00-00:00,2022-09-01,09,CLAUS_LNODEKSN,CLAUS_LNODEKSN,CLAUS_LNODEKSN,RTPD,MGHG,LMP_GHG_PRC,CLAUS_LNODEKSN,ALL,1,0,1,5
2022-09-01T16:00:00-00:00,2022-09-01T16:15:00-00:00,2022-09-01,10,CLAUS_LNODEKSN,CLAUS_LNODEKSN,CLAUS_LNODEKSN,RTPD,MGHG,LMP_GHG_PRC,CLAUS_LNODEKSN,ALL,1,0,1,5
2022-09-01T17:00:00-00:00,2022-09-01T17:15:00-00:00,2022-09-01,11,CLAUS_LNODEKSN,CLAUS_LNODEKSN,CLAUS_LNODEKSN,RTPD,MGHG,LMP_GHG_PRC,CLAUS_LNODEKSN,ALL,1,0,1,5
2022-09-01T18:00:00-00:00,2022-09-01T18:15:00-00:00,2022-09-01,12,CLAUS_LNODEKSN,CLAUS_LNODEKSN,CLAUS_LNODEKSN,RTPD,MGHG,LMP_GHG_PRC,CLAUS_LNODEKSN,ALL,1,0,1,5
2022-09-01T19:00:00-00:00,2022-09-01T19:15:00-00:00,2022-09-01,13,CLAUS_LNODEKSN,CLAUS_LNODEKSN,CLAUS_LNODEKSN,RTPD,MGHG,LMP_GHG_PRC,CLAUS_LNODEKSN,ALL,1,0,1,5
2022-09-01T20:00:00-00:00,2022-09-01T20:15:00-00:00,2022-09-01,14,CLAUS_LNODEKSN,CLAUS_LNODEKSN,CLAUS_LNODEKSN,RTPD,MGHG,LMP_GHG_PRC,CLAUS_LNODEKSN,ALL,1,0,1,5
2022-09-01T21:00:00-00:00,2022-09-01T21:15:00-00:00,2022-09-01,15,CLAUS_LNODEKSN,CLAUS_LNODEKSN,CLAUS_LNODEKSN,RTPD,MGHG,LMP_GHG_PRC,CLAUS_LNODEKSN,ALL,1,0,1,5
2022-09-01T22:00:00-00:00,2022-09-01T22:15:00-00:00,2022-09-01,16,CLAUS_LNODEKSN,CLAUS_LNODEKSN,CLAUS_LNODEKSN,RTPD,MGHG,LMP_GHG_PRC,CLAUS_LNODEKSN,ALL,1,0,1,5
2022-09-01T23:00:00-00:00,2022-09-01T23:15:00-00:00,2022-09-01,17,CLAUS_LNODEKSN,CLAUS_LNODEKSN,CLAUS_LNODEKSN,RTPD,MGHG,LMP_GHG_PRC,CLAUS_LNODEKSN,ALL,1,0,1,5
2022-09-02T00:00:00-00:00,2022-09-02T00:15:00-00:00,2022-09-01,18,CLAUS_LNODEKSN,CLAUS_LNODEKSN,CLAUS_LNODEKSN,RTPD,MGHG,LMP_GHG_PRC,CLAUS_LNODEKSN,ALL,1,0,1,5
2022-09-02T01:00:00-00:00,2022-09-02T01:15:00-00:00,2022-09-01,19,CLAUS_LNODEKSN,CLAUS_LNODEKSN,CLAUS_LNODEKSN,RTPD,MGHG,LMP_GHG_PRC,CLAUS_LNODEKSN,ALL,1,0,1,5
2022-09-02T02:00:00-00:00,2022-09-02T02:15:00-00:00,2022-09-01,20,CLAUS_LNODEKSN,CLAUS_LNODEKSN,CLAUS_LNODEKSN,RTPD,MGHG,LMP_GHG_PRC,CLAUS_LNODEKSN,ALL,1,0,1,5
2022-09-02T03:00:00-00:00,2022-09-02T03:15:00-00:00,2022-09-01,21,CLAUS_LNODEKSN,CLAUS_LNODEKSN,CLAUS_LNODEKSN,RTPD,MGHG,LMP_GHG_PRC,CLAUS_LNODEKSN,ALL,1,0,1,5
2022-09-02T04:00:00-00:00,2022-09-02T04:15:00-00:00,2022-09-01,22,CLAUS_LNODEKSN,CLAUS_LNODEKSN,CLAUS_LNODEKSN,RTPD,MGHG,LMP_GHG_PRC,CLAUS_LNODEKSN,ALL,1,0,1,5
2022-09-02T05:00:00-00:00,2022-09-02T05:15:00-00:00,2022-09-01,23,CLAUS_LNODEKSN,CLAUS_LNODEKSN,CLAUS_LNODEKSN,RTPD,MGHG,LMP_GHG_PRC,CLAUS_LNODEKSN,ALL,1,0,1,5
2022-09-02T06:00:00-00:00,2022-09-02T06:15:00-00:00,2022-09-01,24,CLAUS_LNODEKSN,CLAUS_LNODEKSN,CLAUS_LNODEKSN,RTPD,MGHG,LMP_GHG_PRC,CLAUS_LNODEKSN,ALL,1,0,1,5
2022-09-01T07:15:00-00:00,2022-09-01T07:30:00-00:00,2022-09-01,01,CLAUS_LNODEKSN,CLAUS_LNODEKSN,CLAUS_LNODEKSN,RTPD,MGHG,LMP_GHG_PRC,CLAUS_LNODEKSN,ALL,1,0,2,5
2022-09-01T08:15:00-00:00,2022-09-01T08:30:00-00:00,2022-09-01,02,CLAUS_LNODEKSN,CLAUS_LNODEKSN,CLAUS_LNODEKSN,RTPD,MGHG,LMP_GHG_PRC,CLAUS_LNODEKSN,ALL,1,0,2,5
2022-09-01T09:15:00-00:00,2022-09-01T09:30:00-00:00,2022-09-01,03,CLAUS_LNODEKSN,CLAUS_LNODEKSN,CLAUS_LNODEKSN,RTPD,MGHG,LMP_GHG_PRC,CLAUS_LNODEKSN,ALL,1,0,2,5
2022-09-01T10:15:00-00:00,2022-09-01T10:30:00-00:00,2022-09-01,04,CLAUS_LNODEKSN,CLAUS_LNODEKSN,CLAUS_LNODEKSN,RTPD,MGHG,LMP_GHG_PRC,CLAUS_LNODEKSN,ALL,1,0,2,5
2022-09-01T11:15:00-00:00,2022-09-01T11:30:00-00:00,2022-09-01,05,CLAUS_LNODEKSN,CLAUS_LNODEKSN,CLAUS_LNODEKSN,RTPD,MGHG,LMP_GHG_PRC,CLAUS_LNODEKSN,ALL,1,0,2,5
2022-09-01T12:15:00-00:00,2022-09-01T12:30:00-00:00,2022-09-01,06,CLAUS_LNODEKSN,CLAUS_LNODEKSN,CLAUS_LNODEKSN,RTPD,MGHG,LMP_GHG_PRC,CLAUS_LNODEKSN,ALL,1,0,2,5
2022-09-01T13:15:00-00:00,2022-09-01T13:30:00-00:00,2022-09-01,07,CLAUS_LNODEKSN,CLAUS_LNODEKSN,CLAUS_LNODEKSN,RTPD,MGHG,LMP_GHG_PRC,CLAUS_LNODEKSN,ALL,1,0,2,5
2022-09-01T14:15:00-00:00,2022-09-01T14:30:00-00:00,2022-09-01,08,CLAUS_LNODEKSN,CLAUS_LNODEKSN,CLAUS_LNODEKSN,RTPD,MGHG,LMP_GHG_PRC,CLAUS_LNODEKSN,ALL,1,0,2,5
2022-09-01T15:15:00-00:00,2022-09-01T15:30:00-00:00,2022-09-01,09,CLAUS_LNODEKSN,CLAUS_LNODEKSN,CLAUS_LNODEKSN,RTPD,MGHG,LMP_GHG_PRC,CLAUS_LNODEKSN,ALL,1,0,2,5
2022-09-01T16:15:00-00:00,2022-09-01T16:30:00-00:00,2022-09-01,10,CLAUS_LNODEKSN,CLAUS_LNODEKSN,CLAUS_LNODEKSN,RTPD,MGHG,LMP_GHG_PRC,CLAUS_LNODEKSN,ALL,1,0,2,5
2022-09-01T17:15:00-00:00,2022-09-01T17:30:00-00:00,2022-09-01,11,CLAUS_LNODEKSN,CLAUS_LNODEKSN,CLAUS_LNODEKSN,RTPD,MGHG,LMP_GHG_PRC,CLAUS_LNODEKSN,ALL,1,0,2,5
2022-09-01T18:15:00-00:00,2022-09-01T18:30:00-00:00,2022-09-01,12,CLAUS_LNODEKSN,CLAUS_LNODEKSN,CLAUS_LNODEKSN,RTPD,MGHG,LMP_GHG_PRC,CLAUS_LNODEKSN,ALL,1,0,2,5
2022-09-01T19:15:00-00:00,2022-09-01T19:30:00-00:00,2022-09-01,13,CLAUS_LNODEKSN,CLAUS_LNODEKSN,CLAUS_LNODEKSN,RTPD,MGHG,LMP_GHG_PRC,CLAUS_LNODEKSN,ALL,1,0,2,5
2022-09-01T20:15:00-00:00,2022-09-01T20:30:00-00:00,2022-09-01,14,CLAUS_LNODEKSN,CLAUS_LNODEKSN,CLAUS_LNODEKSN,RTPD,MGHG,LMP_GHG_PRC,CLAUS_LNODEKSN,ALL,1,0,2,5
2022-09-01T21:15:00-00:00,2022-09-01T21:30:00-00:00,2022-09-01,15,CLAUS_LNODEKSN,CLAUS_LNODEKSN,CLAUS_LNODEKSN,RTPD,MGHG,LMP_GHG_PRC,CLAUS_LNODEKSN,ALL,1,0,2,5
2022-09-01T22:15:00-00:00,2022-09-01T22:30:00-00:00,2022-09-01,16,CLAUS_LNODEKSN,CLAUS_LNODEKSN,CLAUS_LNODEKSN,RTPD,MGHG,LMP_GHG_PRC,CLAUS_LNODEKSN,ALL,1,0,2,5
2022-09-01T23:15:00-00:00,2022-09-01T23:30:00-00:00,2022-09-01,17,CLAUS_LNODEKSN,CLAUS_LNODEKSN,CLAUS_LNODEKSN,RTPD,MGHG,LMP_GHG_PRC,CLAUS_LNODEKSN,ALL,1,0,2,5
2022-09-02T00:15:00-00:00,2022-09-02T00:30:00-00:00,2022-09-01,18,CLAUS_LNODEKSN,CLAUS_LNODEKSN,CLAUS_LNODEKSN,RTPD,MGHG,LMP_GHG_PRC,CLAUS_LNODEKSN,ALL,1,0,2,5
2022-09-02T01:15:00-00:00,2022-09-02T01:30:00-00:00,2022-09-01,19,CLAUS_LNODEKSN,CLAUS_LNODEKSN,CLAUS_LNODEKSN,RTPD,MGHG,LMP_GHG_PRC,CLAUS_LNODEKSN,ALL,1,0,2,5
2022-09-02T02:15:00-00:00,2022-09-02T02:30:00-00:00,2022-09-01,20,CLAUS_LNODEKSN,CLAUS_LNODEKSN,CLAUS_LNODEKSN,RTPD,MGHG,LMP_GHG_PRC,CLAUS_LNODEKSN,ALL,1,0,2,5
2022-09-02T03:15:00-00:00,2022-09-02T03:30:00-00:00,2022-09-01,21,CLAUS_LNODEKSN,CLAUS_LNODEKSN,CLAUS_LNODEKSN,RTPD,MGHG,LMP_GHG_PRC,CLAUS_LNODEKSN,ALL,1,0,2,5
2022-09-02T04:15:00-00:00,2022-09-02T04:30:00-00:00,2022-09-01,22,CLAUS_LNODEKSN,CLAUS_LNODEKSN,CLAUS_LNODEKSN,RTPD,MGHG,LMP_GHG_PRC,CLAUS_LNODEKSN,ALL,1,0,2,5
2022-09-02T05:15:00-00:00,2022-09-02T05:30:00-00:00,2022-09-01,23,CLAUS_LNODEKSN,CLAUS_LNODEKSN,CLAUS_LNODEKSN,RTPD,MGHG,LMP_GHG_PRC,CLAUS_LNODEKSN,ALL,1,0,2,5
2022-09-02T06:15:00-00:00,2022-09-02T06:30:00-00:00,2022-09-01,24,CLAUS_LNODEKSN,CLAUS_LNODEKSN,CLAUS_LNODEKSN,RTPD,MGHG,LMP_GHG_PRC,CLAUS_LNODEKSN,ALL,1,0,2,5
2022-09-01T07:30:00-00:00,2022-09-01T07:45:00-00:00,2022-09-01,01,CLAUS_LNODEKSN,CLAUS_LNODEKSN,CLAUS_LNODEKSN,RTPD,MGHG,LMP_GHG_PRC,CLAUS_LNODEKSN,ALL,1,0,3,5
2022-09-01T08:30:00-00:00,2022-09-01T08:45:00-00:00,2022-09-01,02,CLAUS_LNODEKSN,CLAUS_LNODEKSN,CLAUS_LNODEKSN,RTPD,MGHG,LMP_GHG_PRC,CLAUS_LNODEKSN,ALL,1,0,3,5
2022-09-01T09:30:00-00:00,2022-09-01T09:45:00-00:00,2022-09-01,03,CLAUS_LNODEKSN,CLAUS_LNODEKSN,CLAUS_LNODEKSN,RTPD,MGHG,LMP_GHG_PRC,CLAUS_LNODEKSN,ALL,1,0,3,5
2022-09-01T10:30:00-00:00,2022-09-01T10:45:00-00:00,2022-09-01,04,CLAUS_LNODEKSN,CLAUS_LNODEKSN,CLAUS_LNODEKSN,RTPD,MGHG,LMP_GHG_PRC,CLAUS_LNODEKSN,ALL,1,0,3,5
2022-09-01T11:30:00-00:00,2022-09-01T11:45:00-00:00,2022-09-01,05,CLAUS_LNODEKSN,CLAUS_LNODEKSN,CLAUS_LNODEKSN,RTPD,MGHG,LMP_GHG_PRC,CLAUS_LNODEKSN,ALL,1,0,3,5
2022-09-01T12:30:00-00:00,2022-09-01T12:45:00-00:00,2022-09-01,06,CLAUS_LNODEKSN,CLAUS_LNODEKSN,CLAUS_LNODEKSN,RTPD,MGHG,LMP_GHG_PRC,CLAUS_LNODEKSN,ALL,1,0,3,5
2022-09-01T13:30:00-00:00,2022-09-01T13:45:00-00:00,2022-09-01,07,CLAUS_LNODEKSN,CLAUS_LNODEKSN,CLAUS_LNODEKSN,RTPD,MGHG,LMP_GHG_PRC,CLAUS_LNODEKSN,ALL,1,0,3,5
2022-09-01T14:30:00-00:00,2022-09-01T14:45:00-00:00,2022-09-01,08,CLAUS_LNODEKSN,CLAUS_LNODEKSN,CLAUS_LNODEKSN,RTPD,MGHG,LMP_GHG_PRC,CLAUS_LNODEKSN,ALL,1,0,3,5
2022-09-01T15:30:00-00:00,2022-09-01T15:45:00-00:00,2022-09-01,09,CLAUS_LNODEKSN,CLAUS_LNODEKSN,CLAUS_LNODEKSN,RTPD,MGHG,LMP_GHG_PRC,CLAUS_LNODEKSN,ALL,1,0,3,5
2022-09-01T16:30:00-00:00,2022-09-01T16:45:00-00:00,2022-09-01,10,CLAUS_LNODEKSN,CLAUS_LNODEKSN,CLAUS_LNODEKSN,RTPD,MGHG,LMP_GHG_PRC,CLAUS_LNODEKSN,ALL,1,0,3,5
2022-09-01T17:30:00-00:00,2022-09-01T17:45:00-00:00,2022-09-01,11,CLAUS_LNODEKSN,CLAUS_LNODEKSN,CLAUS_LNODEKSN,RTPD,MGHG,LMP_GHG_PRC,CLAUS_LNODEKSN,ALL,1,0,3,5
2022-09-01T18:30:00-00:00,2022-09-01T18:45:00-00:00,2022-09-01,12,CLAUS_LNODEKSN,CLAUS_LNODEKSN,CLAUS_LNODEKSN,RTPD,MGHG,LMP_GHG_PRC,CLAUS_LNODEKSN,ALL,1,0,3,5
2022-09-01T19:30:00-00:00,2022-09-01T19:45:00-00:00,2022-09-01,13,CLAUS_LNODEKSN,CLAUS_LNODEKSN,CLAUS_LNODEKSN,RTPD,MGHG,LMP_GHG_PRC,CLAUS_LNODEKSN,ALL,1,0,3,5
2022-09-01T20:30:00-00:00,2022-09-01T20:45:00-00:00,2022-09-01,14,CLAUS_LNODEKSN,CLAUS_LNODEKSN,CLAUS_LNODEKSN,RTPD,MGHG,LMP_GHG_PRC,CLAUS_LNODEKSN,ALL,1,0,3,5
2022-09-01T21:30:00-00:00,2022-09-01T21:45:00-00:00,2022-09-01,15,CLAUS_LNODEKSN,CLAUS_LNODEKSN,CLAUS_LNODEKSN,RTPD,MGHG,LMP_GHG_PRC,CLAUS_LNODEKSN,ALL,1,0,3,5
2022-09-01T22:30:00-00:00,2022-09-01T22:45:00-00:00,2022-09-01,16,CLAUS_LNODEKSN,CLAUS_LNODEKSN,CLAUS_LNODEKSN,RTPD,MGHG,LMP_GHG_PRC,CLAUS_LNODEKSN,ALL,1,0,3,5
2022-09-01T23:30:00-00:00,2022-09-01T23:45:00-00:00,2022-09-01,17,CLAUS_LNODEKSN,CLAUS_LNODEKSN,CLAUS_LNODEKSN,RTPD,MGHG,LMP_GHG_PRC,CLAUS_LNODEKSN,ALL,1,0,3,5
2022-09-02T00:30:00-00:00,2022-09-02T00:45:00-00:00,2022-09-01,18,CLAUS_LNODEKSN,CLAUS_LNODEKSN,CLAUS_LNODEKSN,RTPD,MGHG,LMP_GHG_PRC,CLAUS_LNODEKSN,ALL,1,0,3,5
2022-09-02T01:30:00-00:00,2022-09-02T01:45:00-00:00,2022-09-01,19,CLAUS_LNODEKSN,CLAUS_LNODEKSN,CLAUS_LNODEKSN,RTPD,MGHG,LMP_GHG_PRC,CLAUS_LNODEKSN,ALL,1,0,3,5
2022-09-02T02:30:00-00:00,2022-09-02T02:45:00-00:00,2022-09-01,20,CLAUS_LNODEKSN,CLAUS_LNODEKSN,CLAUS_LNODEKSN,RTPD,MGHG,LMP_GHG_PRC,CLAUS_LNODEKSN,ALL,1,0,3,5
2022-09-02T03:30:00-00:00,2022-09-02T03:45:00-00:00,2022-09-01,21,CLAUS_LNODEKSN,CLAUS_LNODEKSN,CLAUS_LNODEKSN,RTPD,MGHG,LMP_GHG_PRC,CLAUS_LNODEKSN,ALL,1,0,3,5
2022-09-02T04:30:00-00:00,2022-09-02T04:45:00-00:00,2022-09-01,22,CLAUS_LNODEKSN,CLAUS_LNODEKSN,CLAUS_LNODEKSN,RTPD,MGHG,LMP_GHG_PRC,CLAUS_LNODEKSN,ALL,1,0,3,5
2022-09-02T05:30:00-00:00,2022-09-02T05:45:00-00:00,2022-09-01,23,CLAUS_LNODEKSN,CLAUS_LNODEKSN,CLAUS_LNODEKSN,RTPD,MGHG,LMP_GHG_PRC,CLAUS_LNODEKSN,ALL,1,0,3,5
2022-09-02T06:30:00-00:00,2022-09-02T06:45:00-00:00,2022-09-01,24,CLAUS_LNODEKSN,CLAUS_LNODEKSN,CLAUS_LNODEKSN,RTPD,MGHG,LMP_GHG_PRC,CLAUS_LNODEKSN,ALL,1,0,3,5
2022-09-01T07:45:00-00:00,2022-09-01T08:00:00-00:00,2022-09-01,01,CLAUS_LNODEKSN,CLAUS_LNODEKSN,CLAUS_LNODEKSN,RTPD,MGHG,LMP_GHG_PRC,CLAUS_LNODEKSN,ALL,1,0,4,5
2022-09-01T08:45:00-00:00,2022-09-01T09:00:00-00:00,2022-09-01,02,CLAUS_LNODEKSN,CLAUS_LNODEKSN,CLAUS_LNODEKSN,RTPD,MGHG,LMP_GHG_PRC,CLAUS_LNODEKSN,ALL,1,0,4,5
2022-09-01T09:45:00-00:00,2022-09-01T10:00:00-00:00,2022-09-01,03,CLAUS_LNODEKSN,CLAUS_LNODEKSN,CLAUS_LNODEKSN,RTPD,MGHG,LMP_GHG_PRC,CLAUS_LNODEKSN,ALL,1,0,4,5
2022-09-01T10:45:00-00:00,2022-09-01T11:00:00-00:00,2022-09-01,04,CLAUS_LNODEKSN,CLAUS_LNODEKSN,CLAUS_LNODEKSN,RTPD,MGHG,LMP_GHG_PRC,CLAUS_LNODEKSN,ALL,1,0,4,5
2022-09-01T11:45:00-00:00,2022-09-01T12:00:00-00:00,2022-09-01,05,CLAUS_LNODEKSN,CLAUS_LNODEKSN,CLAUS_LNODEKSN,RTPD,MGHG,LMP_GHG_PRC,CLAUS_LNODEKSN,ALL,1,0,4,5
2022-09-01T12:45:00-00:00,2022-09-01T13:00:00-00:00,2022-09-01,06,CLAUS_LNODEKSN,CLAUS_LNODEKSN,CLAUS_LNODEKSN,RTPD,MGHG,LMP_GHG_PRC,CLAUS_LNODEKSN,ALL,1,0,4,5
2022-09-01T13:45:00-00:00,2022-09-01T14:00:00-00:00,2022-09-01,07,CLAUS_LNODEKSN,CLAUS_LNODEKSN,CLAUS_LNODEKSN,RTPD,MGHG,LMP_GHG_PRC,CLAUS_LNODEKSN,ALL,1,0,4,5
2022-09-01T14:45:00-00:00,2022-09-01T15:00:00-00:00,2022-09-01,08,CLAUS_LNODEKSN,CLAUS_LNODEKSN,CLAUS_LNODEKSN,RTPD,MGHG,LMP_GHG_PRC,CLAUS_LNODEKSN,ALL,1,0,4,5
2022-09-01T15:45:00-00:00,2022-09-01T16:00:00-00:00,2022-09-01,09,CLAUS_LNODEKSN,CLAUS_LNODEKSN,CLAUS_LNODEKSN,RTPD,MGHG,LMP_GHG_PRC,CLAUS_LNODEKSN,ALL,1,0,4,5
2022-09-01T16:45:00-00:00,2022-09-01T17:00:00-00:00,2022-09-01,10,CLAUS_LNODEKSN,CLAUS_LNODEKSN,CLAUS_LNODEKSN,RTPD,MGHG,LMP_GHG_PRC,CLAUS_LNODEKSN,ALL,1,0,4,5
2022-09-01T17:45:00-00:00,2022-09-01T18:00:00-00:00,2022-09-01,11,CLAUS_LNODEKSN,CLAUS_LNODEKSN,CLAUS_LNODEKSN,RTPD,MGHG,LMP_GHG_PRC,CLAUS_LNODEKSN,ALL,1,0,4,5
2022-09-01T18:45:00-00:00,2022-09-01T19:00:00-00:00,2022-09-01,12,CLAUS_LNODEKSN,CLAUS_LNODEKSN,CLAUS_LNODEKSN,RTPD,MGHG,LMP_GHG_PRC,CLAUS_LNODEKSN,ALL,1,0,4,5
2022-09-01T19:45:00-00:00,2022-09-01T20:00:00-00:00,2022-09-01,13,CLAUS_LNODEKSN,CLAUS_LNODEKSN,CLAUS_LNODEKSN,RTPD,MGHG,LMP_GHG_PRC,CLAUS_LNODEKSN,ALL,1,0,4,5
2022-09-01T20:45:00-00:00,2022-09-01T21:00:00-00:00,2022-09-01,14,CLAUS_LNODEKSN,CLAUS_LNODEKSN,CLAUS_LNODEKSN,RTPD,MGHG,LMP_GHG_PRC,CLAUS_LNODEKSN,ALL,1,0,4,5
2022-09-01T21:45:00-00:00,2022-09-01T22:00:00-00:00,2022-09-01,15,CLAUS_LNODEKSN,CLAUS_LNODEKSN,CLAUS_LNODEKSN,RTPD,MGHG,LMP_GHG_PRC,CLAUS_LNODEKSN,ALL,1,0,4,5
2022-09-01T22:45:00-00:00,2022-09-01T23:00:00-00:00,2022-09-01,16,CLAUS_LNODEKSN,CLAUS_LNODEKSN,CLAUS_LNODEKSN,RTPD,MGHG,LMP_GHG_PRC,CLAUS_LNODEKSN,ALL,1,0,4,5
2022-09-01T23:45:00-00:00,2022-09-02T00:00:00-00:00,2022-09-01,17,CLAUS_LNODEKSN,CLAUS_LNODEKSN,CLAUS_LNODEKSN,RTPD,MGHG,LMP_GHG_PRC,CLAUS_LNODEKSN,ALL,1,0,4,5
2022-09-02T00:45:00-00:00,2022-09-02T01:00:00-00:00,2022-09-01,18,CLAUS_LNODEKSN,CLAUS_LNODEKSN,CLAUS_LNODEKSN,RTPD,MGHG,LMP_GHG_PRC,CLAUS_LNODEKSN,ALL,1,0,4,5
2022-09-02T01:45:00-00:00,2022-09-02T02:00:00-00:00,2022-09-01,19,CLAUS_LNODEKSN,CLAUS_LNODEKSN,CLAUS_LNODEKSN,RTPD,MGHG,LMP_GHG_PRC,CLAUS_LNODEKSN,ALL,1,0,4,5
2022-09-02T02:45:00-00:00,2022-09-02T03:00:00-00:00,2022-09-01,20,CLAUS_LNODEKSN,CLAUS_LNODEKSN,CLAUS_LNODEKSN,RTPD,MGHG,LMP_GHG_PRC,CLAUS_LNODEKSN,ALL,1,0,4,5
2022-09-02T03:45:00-00:00,2022-09-02T04:00:00-00:00,2022-09-01,21,CLAUS_LNODEKSN,CLAUS_LNODEKSN,CLAUS_LNODEKSN,RTPD,MGHG,LMP_GHG_PRC,CLAUS_LNODEKSN,ALL,1,0,4,5
2022-09-02T04:45:00-00:00,2022-09-02T05:00:00-00:00,2022-09-01,22,CLAUS_LNODEKSN,CLAUS_LNODEKSN,CLAUS_LNODEKSN,RTPD,MGHG,LMP_GHG_PRC,CLAUS_LNODEKSN,ALL,1,0,4,5
2022-09-02T05:45:00-00:00,2022-09-02T06:00:00-00:00,2022-09-01,23,CLAUS_LNODEKSN,CLAUS_LNODEKSN,CLAUS_LNODEKSN,RTPD,MGHG,LMP_GHG_PRC,CLAUS_LNODEKSN,ALL,1,0,4,5
2022-09-02T06:45:00-00:00,2022-09-02T07:00:00-00:00,2022-09-01,24,CLAUS_LNODEKSN,CLAUS_LNODEKSN,CLAUS_LNODEKSN,RTPD,MGHG,LMP_GHG_PRC,CLAUS_LNODEKSN,ALL,1,0,4,5
