INTERVALSTARTTIME_GMT,INTERVALENDTIME_GMT,OPR_DT,OPR_HR,NODE_ID_XML,NODE_ID,NODE,MARKET_RUN_ID,LMP_TYPE,XML_DATA_ITEM,PNODE_RESMRID,GRP_TYPE,POS,PRC,OPR_INTERVAL,GROUP
2022-09-01T07:00:00-00:00,2022-09-01T07:15:00-00:00,2022-09-01,01,ALTMMDW_2_N001,ALTMMDW_2_N001,ALTMMDW_2_N001,RTPD,LMP,LMP_PRC,ALTMMDW_2_N001,ALL,1,80.55411,1,1
2022-09-01T08:00:00-00:00,2022-09-01T08:15:00-00:00,2022-09-01,02,ALTMMDW_2_N001,ALTMMDW_2_N001,ALTMMDW_2_N001,RTPD,LMP,LMP_PRC,ALTMMDW_2_N001,ALL,1,112.19684,1,1
2022-09-01T09:00:00-00:00,2022-09-01T09:15:00-00:00,2022-09-01,03,ALTMMDW_2_N001,ALTMMDW_2_N001,ALTMMDW_2_N001,RTPD,LMP,LMP_PRC,ALTMMDW_2_N001,ALL,1,95.04987,1,1
2022-09-01T10:00:00-00:00,2022-09-01T10:15:00-00:00,2022-09-01,04,ALTMMDW_2_N001,ALTMMDW_2_N001,ALTMMDW_2_N001,RTPD,LMP,LMP_PRC,ALTMMDW_2_N001,ALL,1,94.81865,1,1
2022-09-01T11:00:00-00:00,2022-09-01T11:15:00-00:00,2022-09-01,05,ALTMMDW_2_N001,ALTMMDW_2_N001,ALTMMDW_2_N001,RTPD,LMP,LMP_PRC,ALTMMDW_2_N001,ALL,1,102.81475,1,1
2022-09-01T12:00:00-00:00,2022-09-01T12:15:00-00:00,2022-09-01,06,ALTMMDW_2_N001,ALTMMDW_2_N001,ALTMMDW_2_N001,RTPD,LMP,LMP_PRC,ALTMMDW_2_N001,ALL,1,86.69457,1,1
2022-09-01T13:00:00-00:00,2022-09-01T13:15:00-00:00,2022-09-01,07,ALTMMDW_2_N001,ALTMMDW_2_N001,ALTMMDW_2_N001,RTPD,LMP,LMP_PRC,ALTMMDW_2_N001,ALL,1,88.54796,1,1
2022-09-01T14:00:00-00:00,2022-09-01T14:15:00-00:00,2022-09-01,08,ALTMMDW_2_N001,ALTMMDW_2_N001,ALTMMDW_2_N001,RTPD,LMP,LMP_PRC,ALTMMDW_2_N001,ALL,1,112.74554,1,1
2022-09-01T15:00:00-00:00,2022-09-01T15:15:00-00:00,2022-09-01,09,ALTMMDW_2_N001,ALTMMDW_2_N001,ALTMMDW_2_N001,RTPD,LMP,LMP_PRC,ALTMMDW_2_N001,ALL,1,97.4112,1,1
2022-09-01T16:00:00-00:00,2022-09-01T16:15:00-00:00,2022-09-01,10,ALTMMDW_2_N001,ALTMMDW_2_N001,ALTMMDW_2_N001,RTPD,LMP,LMP_PRC,ALTMMDW_2_N001,ALL,1,83.43525,1,1
2022-09-01T17:00:00-00:00,2022-09-01T17:15:00-00:00,2022-09-01,11,ALTMMDW_2_N001,ALTMMDW_2_N001,ALTMMDW_2_N001,RTPD,LMP,LMP_PRC,ALTMMDW_2_N001,ALL,1,80.21869,1,1
2022-09-01T18:00:00-00:00,2022-09-01T18:15:00-00:00,2022-09-01,12,ALTMMDW_2_N001,ALTMMDW_2_N001,ALTMMDW_2_N001,RTPD,LMP,LMP_PRC,ALTMMDW_2_N001,ALL,1,59.11223,1,1
2022-09-01T19:00:00-00:00,2022-09-01T19:15:00-00:00,2022-09-01,13,ALTMMDW_2_N001,ALTMMDW_2_N001,ALTMMDW_2_N001,RTPD,LMP,LMP_PRC,ALTMMDW_2_N001,ALL,1,73.15312,1,1
2022-09-01T20:00:00-00:00,2022-09-01T20:15:00-00:00,2022-09-01,14,ALTMMDW_2_N001,ALTMMDW_2_N001,ALTMMDW_2_N001,RTPD,LMP,LMP_PRC,ALTMMDW_2_N001,ALL,1,114.39988,1,1
2022-09-01T21:00:00-00:00,2022-09-01T21:15:00-00:00,2022-09-01,15,ALTMMDW_2_N001,ALTMMDW_2_N001,ALTMMDW_2_N001,RTPD,LMP,LMP_PRC,ALTMMDW_2_N001,ALL,1,126.84715,1,1
2022-09-01T22:00:00-00:00,2022-09-01T22:15:00-00:00,2022-09-01,16,ALTMMDW_2_N001,ALTMMDW_2_N001,ALTMMDW_2_N001,RTPD,LMP,LMP_PRC,ALTMMDW_2_N001,ALL,1,121.14401,1,1
2022-09-01T23:00:00-00:00,2022-09-01T23:15:00-00:00,2022-09-01,17,ALTMMDW_2_N001,ALTMMDW_2_N001,ALTMMDW_2_N001,RTPD,LMP,LMP_PRC,ALTMMDW_2_N001,ALL,1,216.42387,1,1
2022-09-02T00:00:00-00:00,2022-09-02T00:15:00-00:00,2022-09-01,18,ALTMMDW_2_N001,ALTMMDW_2_N001,ALTMMDW_2_N001,RTPD,LMP,LMP_PRC,ALTMMDW_2_N001,ALL,1,1122.2953,1,1
2022-09-02T01:00:00-00:00,2022-09-02T01:15:00-00:00,2022-09-01,19,ALTMMDW_2_N001,ALTMMDW_2_N001,ALTMMDW_2_N001,RTPD,LMP,LMP_PRC,ALTMMDW_2_N001,ALL,1,1251.6777,1,1
2022-09-02T02:00:00-00:00,2022-09-02T02:15:00-00:00,2022-09-01,20,ALTMMDW_2_N001,ALTMMDW_2_N001,ALTMMDW_2_N001,RTPD,LMP,LMP_PRC,ALTMMDW_2_N001,ALL,1,1991.6721,1,1
2022-09-02T03:00:00-00:00,2022-09-02T03:15:00-00:00,2022-09-01,21,ALTMMDW_2_N001,ALTMMDW_2_N001,ALTMMDW_2_N001,RTPD,LMP,LMP_PRC,ALTMMDW_2_N001,ALL,1,1350.2842,1,1
2022-09-02T04:00:00-00:00,2022-09-02T04:15:00-00:00,2022-09-01,22,ALTMMDW_2_N001,ALTMMDW_2_N001,ALTMMDW_2_N001,RTPD,LMP,LMP_PRC,ALTMMDW_2_N001,ALL,1,258.5004,1,1
2022-09-02T05:00:00-00:00,2022-09-02T05:15:00-00:00,2022-09-01,23,ALTMMDW_2_N001,ALTMMDW_2_N001,ALTMMDW_2_N001,RTPD,LMP,LMP_PRC,ALTMMDW_2_N001,ALL,1,183.92459,1,1
2022-09-02T06:00:00-00:00,2022-09-02T06:15:00-00:00,2022-09-01,24,ALTMMDW_2_N001,ALTMMDW_2_N001,ALTMMDW_2_N001,RTPD,LMP,LMP_PRC,ALTMMDW_2_N001,ALL,1,158.56516,1,1
2022-09-01T07:15:00-00:00,2022-09-01T07:30:00-00:00,2022-09-01,01,ALTMMDW_2_N001,ALTMMDW_2_N001,ALTMMDW_2_N001,RTPD,LMP,LMP_PRC,ALTMMDW_2_N001,ALL,1,115.479,2,1
2022-09-01T08:15:00-00:00,2022-09-01T08:30:00-00:00,2022-09-01,02,ALTMMDW_2_N001,ALTMMDW_2_N001,ALTMMDW_2_N001,RTPD,LMP,LMP_PRC,ALTMMDW_2_N001,ALL,1,114.61241,2,1
2022-09-01T09:15:00-00:00,2022-09-01T09:30:00-00:00,2022-09-01,03,ALTMMDW_2_N001,ALTMMDW_2_N001,ALTMMDW_2_N001,RTPD,LMP,LMP_PRC,ALTMMDW_2_N001,ALL,1,92.24061,2,1
2022-09-01T10:15:00-00:00,2022-09-01T10:30:00-00:00,2022-09-01,04,ALTMMDW_2_N001,ALTMMDW_2_N001,ALTMMDW_2_N001,RTPD,LMP,LMP_PRC,ALTMMDW_2_N001,ALL,1,91.59158,2,1
2022-09-01T11:15:00-00:00,2022-09-01T11:30:00-00:00,2022-09-01,05,ALTMMDW_2_N001,ALTMMDW_2_N001,ALTMMDW_2_N001,RTPD,LMP,LMP_PRC,ALTMMDW_2_N001,ALL,1,103.31739,2,1
2022-09-01T12:15:00-00:00,2022-09-01T12:30:00-00:00,2022-09-01,06,ALTMMDW_2_N001,ALTMMDW_2_N001,ALTMMDW_2_N001,RTPD,LMP,LMP_PRC,ALTMMDW_2_N001,ALL,1,103.1539,2,1
2022-09-01T13:15:00-00:00,2022-09-01T13:30:00-00:00,2022-09-01,07,ALTMMDW_2_N001,ALTMMDW_2_N001,ALTMMDW_2_N001,RTPD,LMP,LMP_PRC,ALTMMDW_2_N001,ALL,1,110.3981,2,1
2022-09-01T14:15:00-00:00,2022-09-01T14:30:00-00:00,2022-09-01,08,ALTMMDW_2_N001,ALTMMDW_2_N001,ALTMMDW_2_N001,RTPD,LMP,LMP_PRC,ALTMMDW_2_N001,ALL,1,106.14967,2,1
2022-09-01T15:15:00-00:00,2022-09-01T15:30:00-00:00,2022-09-01,09,ALTMMDW_2_N001,ALTMMDW_2_N001,ALTMMDW_2_N001,RTPD,LMP,LMP_PRC,ALTMMDW_2_N001,ALL,1,86.9388,2,1
2022-09-01T16:15:00-00:00,2022-09-01T16:30:00-00:00,2022-09-01,10,ALTMMDW_2_N001,ALTMMDW_2_N001,ALTMMDW_2_N001,RTPD,LMP,LMP_PRC,ALTMMDW_2_N001,ALL,1,87.80096,2,1
2022-09-01T17:15:00-00:00,2022-09-01T17:30:00-00:00,2022-09-01,11,ALTMMDW_2_N001,ALTMMDW_2_N001,ALTMMDW_2_N001,RTPD,LMP,LMP_PRC,ALTMMDW_2_N001,ALL,1,78.86056,2,1
2022-09-01T18:15:00-00:00,2022-09-01T18:30:00-00:00,2022-09-01,12,ALTMMDW_2_N001,ALTMMDW_2_N001,ALTMMDW_2_N001,RTPD,LMP,LMP_PRC,ALTMMDW_2_N001,ALL,1,74.56919,2,1
2022-09-01T19:15:00-00:00,2022-09-01T19:30:00-00:00,2022-09-01,13,ALTMMDW_2_N001,ALTMMDW_2_N001,ALTMMDW_2_N001,RTPD,LMP,LMP_PRC,ALTMMDW_2_N001,ALL,1,75.62523,2,1
2022-09-01T20:15:00-00:00,2022-09-01T20:30:00-00:00,2022-09-01,14,ALTMMDW_2_N001,ALTMMDW_2_N001,ALTMMDW_2_N001,RTPD,LMP,LMP_PRC,ALTMMDW_2_N001,ALL,1,114.30303,2,1
2022-09-01T21:15:00-00:00,2022-09-01T21:30:00-00:00,2022-09-01,15,ALTMMDW_2_N001,ALTMMDW_2_N001,ALTMMDW_2_N001,RTPD,LMP,LMP_PRC,ALTMMDW_2_N001,ALL,1,120.24902,2,1
2022-09-01T22:15:00-00:00,2022-09-01T22:30:00-00:00,2022-09-01,16,ALTMMDW_2_N001,ALTMMDW_2_N001,ALTMMDW_2_N001,RTPD,LMP,LMP_PRC,ALTMMDW_2_N001,ALL,1,138.0642,2,1
2022-09-01T23:15:00-00:00,2022-09-01T23:30:00-00:00,2022-09-01,17,ALTMMDW_2_N001,ALTMMDW_2_N001,ALTMMDW_2_N001,RTPD,LMP,LMP_PRC,ALTMMDW_2_N001,ALL,1,263.67438,2,1
2022-09-02T00:15:00-00:00,2022-09-02T00:30:00-00:00,2022-09-01,18,ALTMMDW_2_N001,ALTMMDW_2_N001,ALTMMDW_2_N001,RTPD,LMP,LMP_PRC,ALTMMDW_2_N001,ALL,1,1031.6768,2,1
2022-09-02T01:15:00-00:00,2022-09-02T01:30:00-00:00,2022-09-01,19,ALTMMDW_2_N001,ALTMMDW_2_N001,ALTMMDW_2_N001,RTPD,LMP,LMP_PRC,ALTMMDW_2_N001,ALL,1,1999.9933,2,1
2022-09-02T02:15:00-00:00,2022-09-02T02:30:00-00:00,2022-09-01,20,ALTMMDW_2_N001,ALTMMDW_2_N001,ALTMMDW_2_N001,RTPD,LMP,LMP_PRC,ALTMMDW_2_N001,ALL,1,1991.6721,2,1
2022-09-02T03:15:00-00:00,2022-09-02T03:30:00-00:00,2022-09-01,21,ALTMMDW_2_N001,ALTMMDW_2_N001,ALTMMDW_2_N001,RTPD,LMP,LMP_PRC,ALTMMDW_2_N001,ALL,1,553.72064,2,1
2022-09-02T04:15:00-00:00,2022-09-02T04:30:00-00:00,2022-09-01,22,ALTMMDW_2_N001,ALTMMDW_2_N001,ALTMMDW_2_N001,RTPD,LMP,LMP_PRC,ALTMMDW_2_N001,ALL,1,224.99763,2,1
2022-09-02T05:15:00-00:00,2022-09-02T05:30:00-00:00,2022-09-01,23,ALTMMDW_2_N001,ALTMMDW_2_N001,ALTMMDW_2_N001,RTPD,LMP,LMP_PRC,ALTMMDW_2_N001,ALL,1,157.26128,2,1
2022-09-02T06:15:00-00:00,2022-09-02T06:30:00-00:00,2022-09-01,24,ALTMMDW_2_N001,ALTMMDW_2_N001,ALTMMDW_2_N001,RTPD,LMP,LMP_PRC,ALTMMDW_2_N001,ALL,1,141.8269,2,1
2022-09-01T07:30:00-00:00,2022-09-01T07:45:00-00:00,2022-09-01,01,ALTMMDW_2_N001,ALTMMDW_2_N001,ALTMMDW_2_N001,RTPD,LMP,LMP_PRC,ALTMMDW_2_N001,ALL,1,102.71453,3,1
2022-09-01T08:30:00-00:00,2022-09-01T08:45:00-00:00,2022-09-01,02,ALTMMDW_2_N001,ALTMMDW_2_N001,ALTMMDW_2_N001,RTPD,LMP,LMP_PRC,ALTMMDW_2_N001,ALL,1,110.94487,3,1
2022-09-01T09:30:00-00:00,2022-09-01T09:45:00-00:00,2022-09-01,03,ALTMMDW_2_N001,ALTMMDW_2_N001,ALTMMDW_2_N001,RTPD,LMP,LMP_PRC,ALTMMDW_2_N001,ALL,1,92.00354,3,1
2022-09-01T10:30:00-00:00,2022-09-01T10:45:00-00:00,2022-09-01,04,ALTMMDW_2_N001,ALTMMDW_2_N001,ALTMMDW_2_N001,RTPD,LMP,LMP_PRC,ALTMMDW_2_N001,ALL,1,93.44235,3,1
2022-09-01T11:30:00-00:00,2022-09-01T11:45:00-00:00,2022-09-01,05,ALTMMDW_2_N001,ALTMMDW_2_N001,ALTMMDW_2_N001,RTPD,LMP,LMP_PRC,ALTMMDW_2_N001,ALL,1,103.40208,3,1
2022-09-01T12:30:00-00:00,2022-09-01T12:45:00-00:00,2022-09-01,06,ALTMMDW_2_N001,ALTMMDW_2_N001,ALTMMDW_2_N001,RTPD,LMP,LMP_PRC,ALTMMDW_2_N001,ALL,1,102.93196,3,1
2022-09-01T13:30:00-00:00,2022-09-01T13:45:00-00:00,2022-09-01,07,ALTMMDW_2_N001,ALTMMDW_2_N001,ALTMMDW_2_N001,RTPD,LMP,LMP_PRC,ALTMMDW_2_N001,ALL,1,111.73214,3,1
2022-09-01T14:30:00-00:00,2022-09-01T14:45:00-00:00,2022-09-01,08,ALTMMDW_2_N001,ALTMMDW_2_N001,ALTMMDW_2_N001,RTPD,LMP,LMP_PRC,ALTMMDW_2_N001,ALL,1,103.38216,3,1
2022-09-01T15:30:00-00:00,2022-09-01T15:45:00-00:00,2022-09-01,09,ALTMMDW_2_N001,ALTMMDW_2_N001,ALTMMDW_2_N001,RTPD,LMP,LMP_PRC,ALTMMDW_2_N001,ALL,1,86.1388,3,1
2022-09-01T16:30:00-00:00,2022-09-01T16:45:00-00:00,2022-09-01,10,ALTMMDW_2_N001,ALTMMDW_2_N001,ALTMMDW_2_N001,RTPD,LMP,LMP_PRC,ALTMMDW_2_N001,ALL,1,75.00109,3,1
2022-09-01T17:30:00-00:00,2022-09-01T17:45:00-00:00,2022-09-01,11,ALTMMDW_2_N001,ALTMMDW_2_N001,ALTMMDW_2_N001,RTPD,LMP,LMP_PRC,ALTMMDW_2_N001,ALL,1,78.6794,3,1
2022-09-01T18:30:00-00:00,2022-09-01T18:45:00-00:00,2022-09-01,12,ALTMMDW_2_N001,ALTMMDW_2_N001,ALTMMDW_2_N001,RTPD,LMP,LMP_PRC,ALTMMDW_2_N001,ALL,1,79.32967,3,1
2022-09-01T19:30:00-00:00,2022-09-01T19:45:00-00:00,2022-09-01,13,ALTMMDW_2_N001,ALTMMDW_2_N001,ALTMMDW_2_N001,RTPD,LMP,LMP_PRC,ALTMMDW_2_N001,ALL,1,101.33867,3,1
2022-09-01T20:30:00-00:00,2022-09-01T20:45:00-00:00,2022-09-01,14,ALTMMDW_2_N001,ALTMMDW_2_N001,ALTMMDW_2_N001,RTPD,LMP,LMP_PRC,ALTMMDW_2_N001,ALL,1,116.94026,3,1
2022-09-01T21:30:00-00:00,2022-09-01T21:45:00-00:00,2022-09-01,15,ALTMMDW_2_N001,ALTMMDW_2_N001,ALTMMDW_2_N001,RTPD,LMP,LMP_PRC,ALTMMDW_2_N001,ALL,1,128.16124,3,1
2022-09-01T22:30:00-00:00,2022-09-01T22:45:00-00:00,2022-09-01,16,ALTMMDW_2_N001,ALTMMDW_2_N001,ALTMMDW_2_N001,RTPD,LMP,LMP_PRC,ALTMMDW_2_N001,ALL,1,155.74019,3,1
2022-09-01T23:30:00-00:00,2022-09-01T23:45:00-00:00,2022-09-01,17,ALTMMDW_2_N001,ALTMMDW_2_N001,ALTMMDW_2_N001,RTPD,LMP,LMP_PRC,ALTMMDW_2_N001,ALL,1,566.48157,3,1
2022-09-02T00:30:00-00:00,2022-09-02T00:45:00-00:00,2022-09-01,18,ALTMMDW_2_N001,ALTMMDW_2_N001,ALTMMDW_2_N001,RTPD,LMP,LMP_PRC,ALTMMDW_2_N001,ALL,1,1797.0038,3,1
2022-09-02T01:30:00-00:00,2022-09-02T01:45:00-00:00,2022-09-01,19,ALTMMDW_2_N001,ALTMMDW_2_N001,ALTMMDW_2_N001,RTPD,LMP,LMP_PRC,ALTMMDW_2_N001,ALL,1,1999.9956,3,1
2022-09-02T02:30:00-00:00,2022-09-02T02:45:00-00:00,2022-09-01,20,ALTMMDW_2_N001,ALTMMDW_2_N001,ALTMMDW_2_N001,RTPD,LMP,LMP_PRC,ALTMMDW_2_N001,ALL,1,1991.671,3,1
2022-09-02T03:30:00-00:00,2022-09-02T03:45:00-00:00,2022-09-01,21,ALTMMDW_2_N001,ALTMMDW_2_N001,ALTMMDW_2_N001,RTPD,LMP,LMP_PRC,ALTMMDW_2_N001,ALL,1,222.95428,3,1
2022-09-02T04:30:00-00:00,2022-09-02T04:45:00-00:00,2022-09-01,22,ALTMMDW_2_N001,ALTMMDW_2_N001,ALTMMDW_2_N001,RTPD,LMP,LMP_PRC,ALTMMDW_2_N001,ALL,1,179.59418,3,1
2022-09-02T05:30:00-00:00,2022-09-02T05:45:00-00:00,2022-09-01,23,ALTMMDW_2_N001,ALTMMDW_2_N001,ALTMMDW_2_N001,RTPD,LMP,LMP_PRC,ALTMMDW_2_N001,ALL,1,131.50162,3,1
2022-09-02T06:30:00-00:00,2022-09-02T06:45:00-00:00,2022-09-01,24,ALTMMDW_2_N001,ALTMMDW_2_N001,ALTMMDW_2_N001,RTPD,LMP,LMP_PRC,ALTMMDW_2_N001,ALL,1,128.87102,3,1
2022-09-01T07:45:00-00:00,2022-09-01T08:00:00-00:00,2022-09-01,01,ALTMMDW_2_N001,ALTMMDW_2_N001,ALTMMDW_2_N001,RTPD,LMP,LMP_PRC,ALTMMDW_2_N001,ALL,1,90.60869,4,1
2022-09-01T08:45:00-00:00,2022-09-01T09:00:00-00:00,2022-09-01,02,ALTMMDW_2_N001,ALTMMDW_2_N001,ALTMMDW_2_N001,RTPD,LMP,LMP_PRC,ALTMMDW_2_N001,ALL,1,94.05745,4,1
2022-09-01T09:45:00-00:00,2022-09-01T10:00:00-00:00,2022-09-01,03,ALTMMDW_2_N001,ALTMMDW_2_N001,ALTMMDW_2_N001,RTPD,LMP,LMP_PRC,ALTMMDW_2_N001,ALL,1,92.03131,4,1
2022-09-01T10:45:00-00:00,2022-09-01T11:00:00-00:00,2022-09-01,04,ALTMMDW_2_N001,ALTMMDW_2_N001,ALTMMDW_2_N001,RTPD,LMP,LMP_PRC,ALTMMDW_2_N001,ALL,1,93.71094,4,1
2022-09-01T11:45:00-00:00,2022-09-01T12:00:00-00:00,2022-09-01,05,ALTMMDW_2_N001,ALTMMDW_2_N001,ALTMMDW_2_N001,RTPD,LMP,LMP_PRC,ALTMMDW_2_N001,ALL,1,107.01,4,1
2022-09-01T12:45:00-00:00,2022-09-01T13:00:00-00:00,2022-09-01,06,ALTMMDW_2_N001,ALTMMDW_2_N001,ALTMMDW_2_N001,RTPD,LMP,LMP_PRC,ALTMMDW_2_N001,ALL,1,114.1282,4,1
2022-09-01T13:45:00-00:00,2022-09-01T14:00:00-00:00,2022-09-01,07,ALTMMDW_2_N001,ALTMMDW_2_N001,ALTMMDW_2_N001,RTPD,LMP,LMP_PRC,ALTMMDW_2_N001,ALL,1,111.41,4,1
2022-09-01T14:45:00-00:00,2022-09-01T15:00:00-00:00,2022-09-01,08,ALTMMDW_2_N001,ALTMMDW_2_N001,ALTMMDW_2_N001,RTPD,LMP,LMP_PRC,ALTMMDW_2_N001,ALL,1,86.1388,4,1
2022-09-01T15:45:00-00:00,2022-09-01T16:00:00-00:00,2022-09-01,09,ALTMMDW_2_N001,ALTMMDW_2_N001,ALTMMDW_2_N001,RTPD,LMP,LMP_PRC,ALTMMDW_2_N001,ALL,1,78.70076,4,1
2022-09-01T16:45:00-00:00,2022-09-01T17:00:00-00:00,2022-09-01,10,ALTMMDW_2_N001,ALTMMDW_2_N001,ALTMMDW_2_N001,RTPD,LMP,LMP_PRC,ALTMMDW_2_N001,ALL,1,78.8255,4,1
2022-09-01T17:45:00-00:00,2022-09-01T18:00:00-00:00,2022-09-01,11,ALTMMDW_2_N001,ALTMMDW_2_N001,ALTMMDW_2_N001,RTPD,LMP,LMP_PRC,ALTMMDW_2_N001,ALL,1,78.96129,4,1
2022-09-01T18:45:00-00:00,2022-09-01T19:00:00-00:00,2022-09-01,12,ALTMMDW_2_N001,ALTMMDW_2_N001,ALTMMDW_2_N001,RTPD,LMP,LMP_PRC,ALTMMDW_2_N001,ALL,1,81.41927,4,1
2022-09-01T19:45:00-00:00,2022-09-01T20:00:00-00:00,2022-09-01,13,ALTMMDW_2_N001,ALTMMDW_2_N001,ALTMMDW_2_N001,RTPD,LMP,LMP_PRC,ALTMMDW_2_N001,ALL,1,106.44324,4,1
2022-09-01T20:45:00-00:00,2022-09-01T21:00:00-00:00,2022-09-01,14,ALTMMDW_2_N001,ALTMMDW_2_N001,ALTMMDW_2_N001,RTPD,LMP,LMP_PRC,ALTMMDW_2_N001,ALL,1,125.50933,4,1
2022-09-01T21:45:00-00:00,2022-09-01T22:00:00-00:00,2022-09-01,15,ALTMMDW_2_N001,ALTMMDW_2_N001,ALTMMDW_2_N001,RTPD,LMP,LMP_PRC,ALTMMDW_2_N001,ALL,1,210.30531,4,1
2022-09-01T22:45:00-00:00,2022-09-01T23:00:00-00:00,2022-09-01,16,ALTMMDW_2_N001,ALTMMDW_2_N001,ALTMMDW_2_N001,RTPD,LMP,LMP_PRC,ALTMMDW_2_N001,ALL,1,171.07037,4,1
2022-09-01T23:45:00-00:00,2022-09-02T00:00:00-00:00,2022-09-01,17,ALTMMDW_2_N001,ALTMMDW_2_N001,ALTMMDW_2_N001,RTPD,LMP,LMP_PRC,ALTMMDW_2_N001,ALL,1,1668.7698,4,1
2022-09-02T00:45:00-00:00,2022-09-02T01:00:00-00:00,2022-09-01,18,ALTMMDW_2_N001,ALTMMDW_2_N001,ALTMMDW_2_N001,RTPD,LMP,LMP_PRC,ALTMMDW_2_N001,ALL,1,1808.17,4,1
2022-09-02T01:45:00-00:00,2022-09-02T02:00:00-00:00,2022-09-01,19,ALTMMDW_2_N001,ALTMMDW_2_N001,ALTMMDW_2_N001,RTPD,LMP,LMP_PRC,ALTMMDW_2_N001,ALL,1,1991.9337,4,1
2022-09-02T02:45:00-00:00,2022-09-02T03:00:00-00:00,2022-09-01,20,ALTMMDW_2_N001,ALTMMDW_2_N001,ALTMMDW_2_N001,RTPD,LMP,LMP_PRC,ALTMMDW_2_N001,ALL,1,1800.1909,4,1
2022-09-02T03:45:00-00:00,2022-09-02T04:00:00-00:00,2022-09-01,21,ALTMMDW_2_N001,ALTMMDW_2_N001,ALTMMDW_2_N001,RTPD,LMP,LMP_PRC,ALTMMDW_2_N001,ALL,1,162.02454,4,1
2022-09-02T04:45:00-00:00,2022-09-02T05:00:00-00:00,2022-09-01,22,ALTMMDW_2_N001,ALTMMDW_2_N001,ALTMMDW_2_N001,RTPD,LMP,LMP_PRC,ALTMMDW_2_N001,ALL,1,126.70034,4,1
2022-09-02T05:45:00-00:00,2022-09-02T06:00:00-00:00,2022-09-01,23,ALTMMDW_2_N001,ALTMMDW_2_N001,ALTMMDW_2_N001,RTPD,LMP,LMP_PRC,ALTMMDW_2_N001,ALL,1,114.58246,4,1
2022-09-02T06:45:00-00:00,2022-09-02T07:00:00-00:00,2022-09-01,24,ALTMMDW_2_N001,ALTMMDW_2_N001,ALTMMDW_2_N001,RTPD,LMP,LMP_PRC,ALTMMDW_2_N001,ALL,1,109.65097,4,1
2022-09-01T07:00:00-00:00,2022-09-01T07:15:00-00:00,2022-09-01,01,ALTMMDW_2_N001,ALTMMDW_2_N001,ALTMMDW_2_N001,RTPD,MCC,LMP_CONG_PRC,ALTMMDW_2_N001,ALL,1,-16.90534,1,2
2022-09-01T08:00:00-00:00,2022-09-01T08:15:00-00:00,2022-09-01,02,ALTMMDW_2_N001,ALTMMDW_2_N001,ALTMMDW_2_N001,RTPD,MCC,LMP_CONG_PRC,ALTMMDW_2_N001,ALL,1,-3.35196,1,2
2022-09-01T09:00:00-00:00,2022-09-01T09:15:00-00:00,2022-09-01,03,ALTMMDW_2_N001,ALTMMDW_2_N001,ALTMMDW_2_N001,RTPD,MCC,LMP_CONG_PRC,ALTMMDW_2_N001,ALL,1,-4.49125,1,2
2022-09-01T10:00:00-00:00,2022-09-01T10:15:00-00:00,2022-09-01,04,ALTMMDW_2_N001,ALTMMDW_2_N001,ALTMMDW_2_N001,RTPD,MCC,LMP_CONG_PRC,ALTMMDW_2_N001,ALL,1,-3.90248,1,2
2022-09-01T11:00:00-00:00,2022-09-01T11:15:00-00:00,2022-09-01,05,ALTMMDW_2_N001,ALTMMDW_2_N001,ALTMMDW_2_N001,RTPD,MCC,LMP_CONG_PRC,ALTMMDW_2_N001,ALL,1,0,1,2
2022-09-01T12:00:00-00:00,2022-09-01T12:15:00-00:00,2022-09-01,06,ALTMMDW_2_N001,ALTMMDW_2_N001,ALTMMDW_2_N001,RTPD,MCC,LMP_CONG_PRC,ALTMMDW_2_N001,ALL,1,-10.00068,1,2
2022-09-01T13:00:00-00:00,2022-09-01T13:15:00-00:00,2022-09-01,07,ALTMMDW_2_N001,ALTMMDW_2_N001,ALTMMDW_2_N001,RTPD,MCC,LMP_CONG_PRC,ALTMMDW_2_N001,ALL,1,-13.26082,1,2
2022-09-01T14:00:00-00:00,2022-09-01T14:15:00-00:00,2022-09-01,08,ALTMMDW_2_N001,ALTMMDW_2_N001,ALTMMDW_2_N001,RTPD,MCC,LMP_CONG_PRC,ALTMMDW_2_N001,ALL,1,0,1,2
2022-09-01T15:00:00-00:00,2022-09-01T15:15:00-00:00,2022-09-01,09,ALTMMDW_2_N001,ALTMMDW_2_N001,ALTMMDW_2_N001,RTPD,MCC,LMP_CONG_PRC,ALTMMDW_2_N001,ALL,1,0,1,2
2022-09-01T16:00:00-00:00,2022-09-01T16:15:00-00:00,2022-09-01,10,ALTMMDW_2_N001,ALTMMDW_2_N001,ALTMMDW_2_N001,RTPD,MCC,LMP_CONG_PRC,ALTMMDW_2_N001,ALL,1,0,1,2
2022-09-01T17:00:00-00:00,2022-09-01T17:15:00-00:00,2022-09-01,11,ALTMMDW_2_N001,ALTMMDW_2_N001,ALTMMDW_2_N001,RTPD,MCC,LMP_CONG_PRC,ALTMMDW_2_N001,ALL,1,-16.73028,1,2
2022-09-01T18:00:00-00:00,2022-09-01T18:15:00-00:00,2022-09-01,12,ALTMMDW_2_N001,ALTMMDW_2_N001,ALTMMDW_2_N001,RTPD,MCC,LMP_CONG_PRC,ALTMMDW_2_N001,ALL,1,-32.48068,1,2
2022-09-01T19:00:00-00:00,2022-09-01T19:15:00-00:00,2022-09-01,13,ALTMMDW_2_N001,ALTMMDW_2_N001,ALTMMDW_2_N001,RTPD,MCC,LMP_CONG_PRC,ALTMMDW_2_N001,ALL,1,-36.04325,1,2
2022-09-01T20:00:00-00:00,2022-09-01T20:15:00-00:00,2022-09-01,14,ALTMMDW_2_N001,ALTMMDW_2_N001,ALTMMDW_2_N001,RTPD,MCC,LMP_CONG_PRC,ALTMMDW_2_N001,ALL,1,-3.54371,1,2
2022-09-01T21:00:00-00:00,2022-09-01T21:15:00-00:00,2022-09-01,15,ALTMMDW_2_N001,ALTMMDW_2_N001,ALTMMDW_2_N001,RTPD,MCC,LMP_CONG_PRC,ALTMMDW_2_N001,ALL,1,-99.76784,1,2
2022-09-01T22:00:00-00:00,2022-09-01T22:15:00-00:00,2022-09-01,16,ALTMMDW_2_N001,ALTMMDW_2_N001,ALTMMDW_2_N001,RTPD,MCC,LMP_CONG_PRC,ALTMMDW_2_N001,ALL,1,-108.0415,1,2
2022-09-01T23:00:00-00:00,2022-09-01T23:15:00-00:00,2022-09-01,17,ALTMMDW_2_N001,ALTMMDW_2_N001,ALTMMDW_2_N001,RTPD,MCC,LMP_CONG_PRC,ALTMMDW_2_N001,ALL,1,-170.32982,1,2
2022-09-02T00:00:00-00:00,2022-09-02T00:15:00-00:00,2022-09-01,18,ALTMMDW_2_N001,ALTMMDW_2_N001,ALTMMDW_2_N001,RTPD,MCC,LMP_CONG_PRC,ALTMMDW_2_N001,ALL,1,340.84875,1,2
2022-09-02T01:00:00-00:00,2022-09-02T01:15:00-00:00,2022-09-01,19,ALTMMDW_2_N001,ALTMMDW_2_N001,ALTMMDW_2_N001,RTPD,MCC,LMP_CONG_PRC,ALTMMDW_2_N001,ALL,1,335.40652,1,2
2022-09-02T02:00:00-00:00,2022-09-02T02:15:00-00:00,2022-09-01,20,ALTMMDW_2_N001,ALTMMDW_2_N001,ALTMMDW_2_N001,RTPD,MCC,LMP_CONG_PRC,ALTMMDW_2_N001,ALL,1,0,1,2
2022-09-02T03:00:00-00:00,2022-09-02T03:15:00-00:00,2022-09-01,21,ALTMMDW_2_N001,ALTMMDW_2_N001,ALTMMDW_2_N001,RTPD,MCC,LMP_CONG_PRC,ALTMMDW_2_N001,ALL,1,417.0433,1,2
2022-09-02T04:00:00-00:00,2022-09-02T04:15:00-00:00,2022-09-01,22,ALTMMDW_2_N001,ALTMMDW_2_N001,ALTMMDW_2_N001,RTPD,MCC,LMP_CONG_PRC,ALTMMDW_2_N001,ALL,1,0,1,2
2022-09-02T05:00:00-00:00,2022-09-02T05:15:00-00:00,2022-09-01,23,ALTMMDW_2_N001,ALTMMDW_2_N001,ALTMMDW_2_N001,RTPD,MCC,LMP_CONG_PRC,ALTMMDW_2_N001,ALL,1,0,1,2
2022-09-02T06:00:00-00:00,2022-09-02T06:15:00-00:00,2022-09-01,24,ALTMMDW_2_N001,ALTMMDW_2_N001,ALTMMDW_2_N001,RTPD,MCC,LMP_CONG_PRC,ALTMMDW_2_N001,ALL,1,0,1,2
2022-09-01T07:15:00-00:00,2022-09-01T07:30:00-00:00,2022-09-01,01,ALTMMDW_2_N001,ALTMMDW_2_N001,ALTMMDW_2_N001,RTPD,MCC,LMP_CONG_PRC,ALTMMDW_2_N001,ALL,1,-10.07244,2,2
2022-09-01T08:15:00-00:00,2022-09-01T08:30:00-00:00,2022-09-01,02,ALTMMDW_2_N001,ALTMMDW_2_N001,ALTMMDW_2_N001,RTPD,MCC,LMP_CONG_PRC,ALTMMDW_2_N001,ALL,1,-0.91924,2,2
2022-09-01T09:15:00-00:00,2022-09-01T09:30:00-00:00,2022-09-01,03,ALTMMDW_2_N001,ALTMMDW_2_N001,ALTMMDW_2_N001,RTPD,MCC,LMP_CONG_PRC,ALTMMDW_2_N001,ALL,1,-5.91736,2,2
2022-09-01T10:15:00-00:00,2022-09-01T10:30:00-00:00,2022-09-01,04,ALTMMDW_2_N001,ALTMMDW_2_N001,ALTMMDW_2_N001,RTPD,MCC,LMP_CONG_PRC,ALTMMDW_2_N001,ALL,1,-5.52197,2,2
2022-09-01T11:15:00-00:00,2022-09-01T11:30:00-00:00,2022-09-01,05,ALTMMDW_2_N001,ALTMMDW_2_N001,ALTMMDW_2_N001,RTPD,MCC,LMP_CONG_PRC,ALTMMDW_2_N001,ALL,1,0,2,2
2022-09-01T12:15:00-00:00,2022-09-01T12:30:00-00:00,2022-09-01,06,ALTMMDW_2_N001,ALTMMDW_2_N001,ALTMMDW_2_N001,RTPD,MCC,LMP_CONG_PRC,ALTMMDW_2_N001,ALL,1,-6.11347,2,2
2022-09-01T13:15:00-00:00,2022-09-01T13:30:00-00:00,2022-09-01,07,ALTMMDW_2_N001,ALTMMDW_2_N001,ALTMMDW_2_N001,RTPD,MCC,LMP_CONG_PRC,ALTMMDW_2_N001,ALL,1,-0.56907,2,2
2022-09-01T14:15:00-00:00,2022-09-01T14:30:00-00:00,2022-09-01,08,ALTMMDW_2_N001,ALTMMDW_2_N001,ALTMMDW_2_N001,RTPD,MCC,LMP_CONG_PRC,ALTMMDW_2_N001,ALL,1,0,2,2
2022-09-01T15:15:00-00:00,2022-09-01T15:30:00-00:00,2022-09-01,09,ALTMMDW_2_N001,ALTMMDW_2_N001,ALTMMDW_2_N001,RTPD,MCC,LMP_CONG_PRC,ALTMMDW_2_N001,ALL,1,0,2,2
2022-09-01T16:15:00-00:00,2022-09-01T16:30:00-00:00,2022-09-01,10,ALTMMDW_2_N001,ALTMMDW_2_N001,ALTMMDW_2_N001,RTPD,MCC,LMP_CONG_PRC,ALTMMDW_2_N001,ALL,1,-1.64762,2,2
2022-09-01T17:15:00-00:00,2022-09-01T17:30:00-00:00,2022-09-01,11,ALTMMDW_2_N001,ALTMMDW_2_N001,ALTMMDW_2_N001,RTPD,MCC,LMP_CONG_PRC,ALTMMDW_2_N001,ALL,1,-20.48616,2,2
2022-09-01T18:15:00-00:00,2022-09-01T18:30:00-00:00,2022-09-01,12,ALTMMDW_2_N001,ALTMMDW_2_N001,ALTMMDW_2_N001,RTPD,MCC,LMP_CONG_PRC,ALTMMDW_2_N001,ALL,1,-26.58982,2,2
2022-09-01T19:15:00-00:00,2022-09-01T19:30:00-00:00,2022-09-01,13,ALTMMDW_2_N001,ALTMMDW_2_N001,ALTMMDW_2_N001,RTPD,MCC,LMP_CONG_PRC,ALTMMDW_2_N001,ALL,1,-29.68064,2,2
2022-09-01T20:15:00-00:00,2022-09-01T20:30:00-00:00,2022-09-01,14,ALTMMDW_2_N001,ALTMMDW_2_N001,ALTMMDW_2_N001,RTPD,MCC,LMP_CONG_PRC,ALTMMDW_2_N001,ALL,1,-3.19118,2,2
2022-09-01T21:15:00-00:00,2022-09-01T21:30:00-00:00,2022-09-01,15,ALTMMDW_2_N001,ALTMMDW_2_N001,ALTMMDW_2_N001,RTPD,MCC,LMP_CONG_PRC,ALTMMDW_2_N001,ALL,1,-26.96283,2,2
2022-09-01T22:15:00-00:00,2022-09-01T22:30:00-00:00,2022-09-01,16,ALTMMDW_2_N001,ALTMMDW_2_N001,ALTMMDW_2_N001,RTPD,MCC,LMP_CONG_PRC,ALTMMDW_2_N001,ALL,1,-118.52314,2,2
2022-09-01T23:15:00-00:00,2022-09-01T23:30:00-00:00,2022-09-01,17,ALTMMDW_2_N001,ALTMMDW_2_N001,ALTMMDW_2_N001,RTPD,MCC,LMP_CONG_PRC,ALTMMDW_2_N001,ALL,1,-98.44972,2,2
2022-09-02T00:15:00-00:00,2022-09-02T00:30:00-00:00,2022-09-01,18,ALTMMDW_2_N001,ALTMMDW_2_N001,ALTMMDW_2_N001,RTPD,MCC,LMP_CONG_PRC,ALTMMDW_2_N001,ALL,1,331.7491,2,2
2022-09-02T01:15:00-00:00,2022-09-02T01:30:00-00:00,2022-09-01,19,ALTMMDW_2_N001,ALTMMDW_2_N001,ALTMMDW_2_N001,RTPD,MCC,LMP_CONG_PRC,ALTMMDW_2_N001,ALL,1,0,2,2
2022-09-02T02:15:00-00:00,2022-09-02T02:30:00-00:00,2022-09-01,20,ALTMMDW_2_N001,ALTMMDW_2_N001,ALTMMDW_2_N001,RTPD,MCC,LMP_CONG_PRC,ALTMMDW_2_N001,ALL,1,0,2,2
2022-09-02T03:15:00-00:00,2022-09-02T03:30:00-00:00,2022-09-01,21,ALTMMDW_2_N001,ALTMMDW_2_N001,ALTMMDW_2_N001,RTPD,MCC,LMP_CONG_PRC,ALTMMDW_2_N001,ALL,1,146.18253,2,2
2022-09-02T04:15:00-00:00,2022-09-02T04:30:00-00:00,2022-09-01,22,ALTMMDW_2_N001,ALTMMDW_2_N001,ALTMMDW_2_N001,RTPD,MCC,LMP_CONG_PRC,ALTMMDW_2_N001,ALL,1,0,2,2
2022-09-02T05:15:00-00:00,2022-09-02T05:30:00-00:00,2022-09-01,23,ALTMMDW_2_N001,ALTMMDW_2_N001,ALTMMDW_2_N001,RTPD,MCC,LMP_CONG_PRC,ALTMMDW_2_N001,ALL,1,0,2,2
2022-09-02T06:15:00-00:00,2022-09-02T06:30:00-00:00,2022-09-01,24,ALTMMDW_2_N001,ALTMMDW_2_N001,ALTMMDW_2_N001,RTPD,MCC,LMP_CONG_PRC,ALTMMDW_2_N001,ALL,1,0,2,2
2022-09-01T07:30:00-00:00,2022-09-01T07:45:00-00:00,2022-09-01,01,ALTMMDW_2_N001,ALTMMDW_2_N001,ALTMMDW_2_N001,RTPD,MCC,LMP_CONG_PRC,ALTMMDW_2_N001,ALL,1,-16.31743,3,2
2022-09-01T08:30:00-00:00,2022-09-01T08:45:00-00:00,2022-09-01,02,ALTMMDW_2_N001,ALTMMDW_2_N001,ALTMMDW_2_N001,RTPD,MCC,LMP_CONG_PRC,ALTMMDW_2_N001,ALL,1,-0.00087,3,2
2022-09-01T09:30:00-00:00,2022-09-01T09:45:00-00:00,2022-09-01,03,ALTMMDW_2_N001,ALTMMDW_2_N001,ALTMMDW_2_N001,RTPD,MCC,LMP_CONG_PRC,ALTMMDW_2_N001,ALL,1,-5.86425,3,2
2022-09-01T10:30:00-00:00,2022-09-01T10:45:00-00:00,2022-09-01,04,ALTMMDW_2_N001,ALTMMDW_2_N001,ALTMMDW_2_N001,RTPD,MCC,LMP_CONG_PRC,ALTMMDW_2_N001,ALL,1,-3.12227,3,2
2022-09-01T11:30:00-00:00,2022-09-01T11:45:00-00:00,2022-09-01,05,ALTMMDW_2_N001,ALTMMDW_2_N001,ALTMMDW_2_N001,RTPD,MCC,LMP_CONG_PRC,ALTMMDW_2_N001,ALL,1,0,3,2
2022-09-01T12:30:00-00:00,2022-09-01T12:45:00-00:00,2022-09-01,06,ALTMMDW_2_N001,ALTMMDW_2_N001,ALTMMDW_2_N001,RTPD,MCC,LMP_CONG_PRC,ALTMMDW_2_N001,ALL,1,-10.58528,3,2
2022-09-01T13:30:00-00:00,2022-09-01T13:45:00-00:00,2022-09-01,07,ALTMMDW_2_N001,ALTMMDW_2_N001,ALTMMDW_2_N001,RTPD,MCC,LMP_CONG_PRC,ALTMMDW_2_N001,ALL,1,0,3,2
2022-09-01T14:30:00-00:00,2022-09-01T14:45:00-00:00,2022-09-01,08,ALTMMDW_2_N001,ALTMMDW_2_N001,ALTMMDW_2_N001,RTPD,MCC,LMP_CONG_PRC,ALTMMDW_2_N001,ALL,1,0,3,2
2022-09-01T15:30:00-00:00,2022-09-01T15:45:00-00:00,2022-09-01,09,ALTMMDW_2_N001,ALTMMDW_2_N001,ALTMMDW_2_N001,RTPD,MCC,LMP_CONG_PRC,ALTMMDW_2_N001,ALL,1,0,3,2
2022-09-01T16:30:00-00:00,2022-09-01T16:45:00-00:00,2022-09-01,10,ALTMMDW_2_N001,ALTMMDW_2_N001,ALTMMDW_2_N001,RTPD,MCC,LMP_CONG_PRC,ALTMMDW_2_N001,ALL,1,-13.79535,3,2
2022-09-01T17:30:00-00:00,2022-09-01T17:45:00-00:00,2022-09-01,11,ALTMMDW_2_N001,ALTMMDW_2_N001,ALTMMDW_2_N001,RTPD,MCC,LMP_CONG_PRC,ALTMMDW_2_N001,ALL,1,-20.45074,3,2
2022-09-01T18:30:00-00:00,2022-09-01T18:45:00-00:00,2022-09-01,12,ALTMMDW_2_N001,ALTMMDW_2_N001,ALTMMDW_2_N001,RTPD,MCC,LMP_CONG_PRC,ALTMMDW_2_N001,ALL,1,-27.7275,3,2
2022-09-01T19:30:00-00:00,2022-09-01T19:45:00-00:00,2022-09-01,13,ALTMMDW_2_N001,ALTMMDW_2_N001,ALTMMDW_2_N001,RTPD,MCC,LMP_CONG_PRC,ALTMMDW_2_N001,ALL,1,-12.72038,3,2
2022-09-01T20:30:00-00:00,2022-09-01T20:45:00-00:00,2022-09-01,14,ALTMMDW_2_N001,ALTMMDW_2_N001,ALTMMDW_2_N001,RTPD,MCC,LMP_CONG_PRC,ALTMMDW_2_N001,ALL,1,-12.87578,3,2
2022-09-01T21:30:00-00:00,2022-09-01T21:45:00-00:00,2022-09-01,15,ALTMMDW_2_N001,ALTMMDW_2_N001,ALTMMDW_2_N001,RTPD,MCC,LMP_CONG_PRC,ALTMMDW_2_N001,ALL,1,-24.76933,3,2
2022-09-01T22:30:00-00:00,2022-09-01T22:45:00-00:00,2022-09-01,16,ALTMMDW_2_N001,ALTMMDW_2_N001,ALTMMDW_2_N001,RTPD,MCC,LMP_CONG_PRC,ALTMMDW_2_N001,ALL,1,-127.44162,3,2
2022-09-01T23:30:00-00:00,2022-09-01T23:45:00-00:00,2022-09-01,17,ALTMMDW_2_N001,ALTMMDW_2_N001,ALTMMDW_2_N001,RTPD,MCC,LMP_CONG_PRC,ALTMMDW_2_N001,ALL,1,0,3,2
2022-09-02T00:30:00-00:00,2022-09-02T00:45:00-00:00,2022-09-01,18,ALTMMDW_2_N001,ALTMMDW_2_N001,ALTMMDW_2_N001,RTPD,MCC,LMP_CONG_PRC,ALTMMDW_2_N001,ALL,1,467.89117,3,2
2022-09-02T01:30:00-00:00,2022-09-02T01:45:00-00:00,2022-09-01,19,ALTMMDW_2_N001,ALTMMDW_2_N001,ALTMMDW_2_N001,RTPD,MCC,LMP_CONG_PRC,ALTMMDW_2_N001,ALL,1,0,3,2
2022-09-02T02:30:00-00:00,2022-09-02T02:45:00-00:00,2022-09-01,20,ALTMMDW_2_N001,ALTMMDW_2_N001,ALTMMDW_2_N001,RTPD,MCC,LMP_CONG_PRC,ALTMMDW_2_N001,ALL,1,0,3,2
2022-09-02T03:30:00-00:00,2022-09-02T03:45:00-00:00,2022-09-01,21,ALTMMDW_2_N001,ALTMMDW_2_N001,ALTMMDW_2_N001,RTPD,MCC,LMP_CONG_PRC,ALTMMDW_2_N001,ALL,1,32.88363,3,2
2022-09-02T04:30:00-00:00,2022-09-02T04:45:00-00:00,2022-09-01,22,ALTMMDW_2_N001,ALTMMDW_2_N001,ALTMMDW_2_N001,RTPD,MCC,LMP_CONG_PRC,ALTMMDW_2_N001,ALL,1,0,3,2
2022-09-02T05:30:00-00:00,2022-09-02T05:45:00-00:00,2022-09-01,23,ALTMMDW_2_N001,ALTMMDW_2_N001,ALTMMDW_2_N001,RTPD,MCC,LMP_CONG_PRC,ALTMMDW_2_N001,ALL,1,0,3,2
2022-09-02T06:30:00-00:00,2022-09-02T06:45:00-00:00,2022-09-01,24,ALTMMDW_2_N001,ALTMMDW_2_N001,ALTMMDW_2_N001,RTPD,MCC,LMP_CONG_PRC,ALTMMDW_2_N001,ALL,1,0,3,2
2022-09-01T07:45:00-00:00,2022-09-01T08:00:00-00:00,2022-09-01,01,ALTMMDW_2_N001,ALTMMDW_2_N001,ALTMMDW_2_N001,RTPD,MCC,LMP_CONG_PRC,ALTMMDW_2_N001,ALL,1,-18.5123,4,2
2022-09-01T08:45:00-00:00,2022-09-01T09:00:00-00:00,2022-09-01,02,ALTMMDW_2_N001,ALTMMDW_2_N001,ALTMMDW_2_N001,RTPD,MCC,LMP_CONG_PRC,ALTMMDW_2_N001,ALL,1,-4.53014,4,2
2022-09-01T09:45:00-00:00,2022-09-01T10:00:00-00:00,2022-09-01,03,ALTMMDW_2_N001,ALTMMDW_2_N001,ALTMMDW_2_N001,RTPD,MCC,LMP_CONG_PRC,ALTMMDW_2_N001,ALL,1,-5.21993,4,2
2022-09-01T10:45:00-00:00,2022-09-01T11:00:00-00:00,2022-09-01,04,ALTMMDW_2_N001,ALTMMDW_2_N001,ALTMMDW_2_N001,RTPD,MCC,LMP_CONG_PRC,ALTMMDW_2_N001,ALL,1,-1.22657,4,2
2022-09-01T11:45:00-00:00,2022-09-01T12:00:00-00:00,2022-09-01,05,ALTMMDW_2_N001,ALTMMDW_2_N001,ALTMMDW_2_N001,RTPD,MCC,LMP_CONG_PRC,ALTMMDW_2_N001,ALL,1,0,4,2
2022-09-01T12:45:00-00:00,2022-09-01T13:00:00-00:00,2022-09-01,06,ALTMMDW_2_N001,ALTMMDW_2_N001,ALTMMDW_2_N001,RTPD,MCC,LMP_CONG_PRC,ALTMMDW_2_N001,ALL,1,-2.35661,4,2
2022-09-01T13:45:00-00:00,2022-09-01T14:00:00-00:00,2022-09-01,07,ALTMMDW_2_N001,ALTMMDW_2_N001,ALTMMDW_2_N001,RTPD,MCC,LMP_CONG_PRC,ALTMMDW_2_N001,ALL,1,0,4,2
2022-09-01T14:45:00-00:00,2022-09-01T15:00:00-00:00,2022-09-01,08,ALTMMDW_2_N001,ALTMMDW_2_N001,ALTMMDW_2_N001,RTPD,MCC,LMP_CONG_PRC,ALTMMDW_2_N001,ALL,1,0,4,2
2022-09-01T15:45:00-00:00,2022-09-01T16:00:00-00:00,2022-09-01,09,ALTMMDW_2_N001,ALTMMDW_2_N001,ALTMMDW_2_N001,RTPD,MCC,LMP_CONG_PRC,ALTMMDW_2_N001,ALL,1,0,4,2
2022-09-01T16:45:00-00:00,2022-09-01T17:00:00-00:00,2022-09-01,10,ALTMMDW_2_N001,ALTMMDW_2_N001,ALTMMDW_2_N001,RTPD,MCC,LMP_CONG_PRC,ALTMMDW_2_N001,ALL,1,-12.42383,4,2
2022-09-01T17:45:00-00:00,2022-09-01T18:00:00-00:00,2022-09-01,11,ALTMMDW_2_N001,ALTMMDW_2_N001,ALTMMDW_2_N001,RTPD,MCC,LMP_CONG_PRC,ALTMMDW_2_N001,ALL,1,-20.24415,4,2
2022-09-01T18:45:00-00:00,2022-09-01T19:00:00-00:00,2022-09-01,12,ALTMMDW_2_N001,ALTMMDW_2_N001,ALTMMDW_2_N001,RTPD,MCC,LMP_CONG_PRC,ALTMMDW_2_N001,ALL,1,-27.62137,4,2
2022-09-01T19:45:00-00:00,2022-09-01T20:00:00-00:00,2022-09-01,13,ALTMMDW_2_N001,ALTMMDW_2_N001,ALTMMDW_2_N001,RTPD,MCC,LMP_CONG_PRC,ALTMMDW_2_N001,ALL,1,-13.78167,4,2
2022-09-01T20:45:00-00:00,2022-09-01T21:00:00-00:00,2022-09-01,14,ALTMMDW_2_N001,ALTMMDW_2_N001,ALTMMDW_2_N001,RTPD,MCC,LMP_CONG_PRC,ALTMMDW_2_N001,ALL,1,-28.51576,4,2
2022-09-01T21:45:00-00:00,2022-09-01T22:00:00-00:00,2022-09-01,15,ALTMMDW_2_N001,ALTMMDW_2_N001,ALTMMDW_2_N001,RTPD,MCC,LMP_CONG_PRC,ALTMMDW_2_N001,ALL,1,-89.98845,4,2
2022-09-01T22:45:00-00:00,2022-09-01T23:00:00-00:00,2022-09-01,16,ALTMMDW_2_N001,ALTMMDW_2_N001,ALTMMDW_2_N001,RTPD,MCC,LMP_CONG_PRC,ALTMMDW_2_N001,ALL,1,-258.84332,4,2
2022-09-01T23:45:00-00:00,2022-09-02T00:00:00-00:00,2022-09-01,17,ALTMMDW_2_N001,ALTMMDW_2_N001,ALTMMDW_2_N001,RTPD,MCC,LMP_CONG_PRC,ALTMMDW_2_N001,ALL,1,407.5573,4,2
2022-09-02T00:45:00-00:00,2022-09-02T01:00:00-00:00,2022-09-01,18,ALTMMDW_2_N001,ALTMMDW_2_N001,ALTMMDW_2_N001,RTPD,MCC,LMP_CONG_PRC,ALTMMDW_2_N001,ALL,1,289.02097,4,2
2022-09-02T01:45:00-00:00,2022-09-02T02:00:00-00:00,2022-09-01,19,ALTMMDW_2_N001,ALTMMDW_2_N001,ALTMMDW_2_N001,RTPD,MCC,LMP_CONG_PRC,ALTMMDW_2_N001,ALL,1,0,4,2
2022-09-02T02:45:00-00:00,2022-09-02T03:00:00-00:00,2022-09-01,20,ALTMMDW_2_N001,ALTMMDW_2_N001,ALTMMDW_2_N001,RTPD,MCC,LMP_CONG_PRC,ALTMMDW_2_N001,ALL,1,133.57716,4,2
2022-09-02T03:45:00-00:00,2022-09-02T04:00:00-00:00,2022-09-01,21,ALTMMDW_2_N001,ALTMMDW_2_N001,ALTMMDW_2_N001,RTPD,MCC,LMP_CONG_PRC,ALTMMDW_2_N001,ALL,1,19.15153,4,2
2022-09-02T04:45:00-00:00,2022-09-02T05:00:00-00:00,2022-09-01,22,ALTMMDW_2_N001,ALTMMDW_2_N001,ALTMMDW_2_N001,RTPD,MCC,LMP_CONG_PRC,ALTMMDW_2_N001,ALL,1,0,4,2
2022-09-02T05:45:00-00:00,2022-09-02T06:00:00-00:00,2022-09-01,23,ALTMMDW_2_N001,ALTMMDW_2_N001,ALTMMDW_2_N001,RTPD,MCC,LMP_CONG_PRC,ALTMMDW_2_N001,ALL,1,-4.55802,4,2
2022-09-02T06:45:00-00:00,2022-09-02T07:00:00-00:00,2022-09-01,24,ALTMMDW_2_N001,ALTMMDW_2_N001,ALTMMDW_2_N001,RTPD,MCC,LMP_CONG_PRC,ALTMMDW_2_N001,ALL,1,0,4,2
2022-09-01T07:00:00-00:00,2022-09-01T07:15:00-00:00,2022-09-01,01,ALTMMDW_2_N001,ALTMMDW_2_N001,ALTMMDW_2_N001,RTPD,MCE,LMP_ENE_PRC,ALTMMDW_2_N001,ALL,1,104.23471,1,3
2022-09-01T08:00:00-00:00,2022-09-01T08:15:00-00:00,2022-09-01,02,ALTMMDW_2_N001,ALTMMDW_2_N001,ALTMMDW_2_N001,RTPD,MCE,LMP_ENE_PRC,ALTMMDW_2_N001,ALL,1,115.5488,1,3
2022-09-01T09:00:00-00:00,2022-09-01T09:15:00-00:00,2022-09-01,03,ALTMMDW_2_N001,ALTMMDW_2_N001,ALTMMDW_2_N001,RTPD,MCE,LMP_ENE_PRC,ALTMMDW_2_N001,ALL,1,99.73061,1,3
2022-09-01T10:00:00-00:00,2022-09-01T10:15:00-00:00,2022-09-01,04,ALTMMDW_2_N001,ALTMMDW_2_N001,ALTMMDW_2_N001,RTPD,MCE,LMP_ENE_PRC,ALTMMDW_2_N001,ALL,1,98.64222,1,3
2022-09-01T11:00:00-00:00,2022-09-01T11:15:00-00:00,2022-09-01,05,ALTMMDW_2_N001,ALTMMDW_2_N001,ALTMMDW_2_N001,RTPD,MCE,LMP_ENE_PRC,ALTMMDW_2_N001,ALL,1,102.56859,1,3
2022-09-01T12:00:00-00:00,2022-09-01T12:15:00-00:00,2022-09-01,06,ALTMMDW_2_N001,ALTMMDW_2_N001,ALTMMDW_2_N001,RTPD,MCE,LMP_ENE_PRC,ALTMMDW_2_N001,ALL,1,96.90845,1,3
2022-09-01T13:00:00-00:00,2022-09-01T13:15:00-00:00,2022-09-01,07,ALTMMDW_2_N001,ALTMMDW_2_N001,ALTMMDW_2_N001,RTPD,MCE,LMP_ENE_PRC,ALTMMDW_2_N001,ALL,1,101.80878,1,3
2022-09-01T14:00:00-00:00,2022-09-01T14:15:00-00:00,2022-09-01,08,ALTMMDW_2_N001,ALTMMDW_2_N001,ALTMMDW_2_N001,RTPD,MCE,LMP_ENE_PRC,ALTMMDW_2_N001,ALL,1,111.11219,1,3
2022-09-01T15:00:00-00:00,2022-09-01T15:15:00-00:00,2022-09-01,09,ALTMMDW_2_N001,ALTMMDW_2_N001,ALTMMDW_2_N001,RTPD,MCE,LMP_ENE_PRC,ALTMMDW_2_N001,ALL,1,97.4112,1,3
2022-09-01T16:00:00-00:00,2022-09-01T16:15:00-00:00,2022-09-01,10,ALTMMDW_2_N001,ALTMMDW_2_N001,ALTMMDW_2_N001,RTPD,MCE,LMP_ENE_PRC,ALTMMDW_2_N001,ALL,1,83.43525,1,3
2022-09-01T17:00:00-00:00,2022-09-01T17:15:00-00:00,2022-09-01,11,ALTMMDW_2_N001,ALTMMDW_2_N001,ALTMMDW_2_N001,RTPD,MCE,LMP_ENE_PRC,ALTMMDW_2_N001,ALL,1,96.94897,1,3
2022-09-01T18:00:00-00:00,2022-09-01T18:15:00-00:00,2022-09-01,12,ALTMMDW_2_N001,ALTMMDW_2_N001,ALTMMDW_2_N001,RTPD,MCE,LMP_ENE_PRC,ALTMMDW_2_N001,ALL,1,91.59291,1,3
2022-09-01T19:00:00-00:00,2022-09-01T19:15:00-00:00,2022-09-01,13,ALTMMDW_2_N001,ALTMMDW_2_N001,ALTMMDW_2_N001,RTPD,MCE,LMP_ENE_PRC,ALTMMDW_2_N001,ALL,1,109.19637,1,3
2022-09-01T20:00:00-00:00,2022-09-01T20:15:00-00:00,2022-09-01,14,ALTMMDW_2_N001,ALTMMDW_2_N001,ALTMMDW_2_N001,RTPD,MCE,LMP_ENE_PRC,ALTMMDW_2_N001,ALL,1,117.94359,1,3
2022-09-01T21:00:00-00:00,2022-09-01T21:15:00-00:00,2022-09-01,15,ALTMMDW_2_N001,ALTMMDW_2_N001,ALTMMDW_2_N001,RTPD,MCE,LMP_ENE_PRC,ALTMMDW_2_N001,ALL,1,226.61499,1,3
2022-09-01T22:00:00-00:00,2022-09-01T22:15:00-00:00,2022-09-01,16,ALTMMDW_2_N001,ALTMMDW_2_N001,ALTMMDW_2_N001,RTPD,MCE,LMP_ENE_PRC,ALTMMDW_2_N001,ALL,1,229.18552,1,3
2022-09-01T23:00:00-00:00,2022-09-01T23:15:00-00:00,2022-09-01,17,ALTMMDW_2_N001,ALTMMDW_2_N001,ALTMMDW_2_N001,RTPD,MCE,LMP_ENE_PRC,ALTMMDW_2_N001,ALL,1,386.7537,1,3
2022-09-02T00:00:00-00:00,2022-09-02T00:15:00-00:00,2022-09-01,18,ALTMMDW_2_N001,ALTMMDW_2_N001,ALTMMDW_2_N001,RTPD,MCE,LMP_ENE_PRC,ALTMMDW_2_N001,ALL,1,770.58136,1,3
2022-09-02T01:00:00-00:00,2022-09-02T01:15:00-00:00,2022-09-01,19,ALTMMDW_2_N001,ALTMMDW_2_N001,ALTMMDW_2_N001,RTPD,MCE,LMP_ENE_PRC,ALTMMDW_2_N001,ALL,1,916.27124,1,3
2022-09-02T02:00:00-00:00,2022-09-02T02:15:00-00:00,2022-09-01,20,ALTMMDW_2_N001,ALTMMDW_2_N001,ALTMMDW_2_N001,RTPD,MCE,LMP_ENE_PRC,ALTMMDW_2_N001,ALL,1,1991.6721,1,3
2022-09-02T03:00:00-00:00,2022-09-02T03:15:00-00:00,2022-09-01,21,ALTMMDW_2_N001,ALTMMDW_2_N001,ALTMMDW_2_N001,RTPD,MCE,LMP_ENE_PRC,ALTMMDW_2_N001,ALL,1,917.5508,1,3
2022-09-02T04:00:00-00:00,2022-09-02T04:15:00-00:00,2022-09-01,22,ALTMMDW_2_N001,ALTMMDW_2_N001,ALTMMDW_2_N001,RTPD,MCE,LMP_ENE_PRC,ALTMMDW_2_N001,ALL,1,257.83005,1,3
2022-09-02T05:00:00-00:00,2022-09-02T05:15:00-00:00,2022-09-01,23,ALTMMDW_2_N001,ALTMMDW_2_N001,ALTMMDW_2_N001,RTPD,MCE,LMP_ENE_PRC,ALTMMDW_2_N001,ALL,1,183.24657,1,3
2022-09-02T06:00:00-00:00,2022-09-02T06:15:00-00:00,2022-09-01,24,ALTMMDW_2_N001,ALTMMDW_2_N001,ALTMMDW_2_N001,RTPD,MCE,LMP_ENE_PRC,ALTMMDW_2_N001,ALL,1,158.867,1,3
2022-09-01T07:15:00-00:00,2022-09-01T07:30:00-00:00,2022-09-01,01,ALTMMDW_2_N001,ALTMMDW_2_N001,ALTMMDW_2_N001,RTPD,MCE,LMP_ENE_PRC,ALTMMDW_2_N001,ALL,1,125.55144,2,3
2022-09-01T08:15:00-00:00,2022-09-01T08:30:00-00:00,2022-09-01,02,ALTMMDW_2_N001,ALTMMDW_2_N001,ALTMMDW_2_N001,RTPD,MCE,LMP_ENE_PRC,ALTMMDW_2_N001,ALL,1,115.53165,2,3
2022-09-01T09:15:00-00:00,2022-09-01T09:30:00-00:00,2022-09-01,03,ALTMMDW_2_N001,ALTMMDW_2_N001,ALTMMDW_2_N001,RTPD,MCE,LMP_ENE_PRC,ALTMMDW_2_N001,ALL,1,98.30543,2,3
2022-09-01T10:15:00-00:00,2022-09-01T10:30:00-00:00,2022-09-01,04,ALTMMDW_2_N001,ALTMMDW_2_N001,ALTMMDW_2_N001,RTPD,MCE,LMP_ENE_PRC,ALTMMDW_2_N001,ALL,1,97.00684,2,3
2022-09-01T11:15:00-00:00,2022-09-01T11:30:00-00:00,2022-09-01,05,ALTMMDW_2_N001,ALTMMDW_2_N001,ALTMMDW_2_N001,RTPD,MCE,LMP_ENE_PRC,ALTMMDW_2_N001,ALL,1,103.09059,2,3
2022-09-01T12:15:00-00:00,2022-09-01T12:30:00-00:00,2022-09-01,06,ALTMMDW_2_N001,ALTMMDW_2_N001,ALTMMDW_2_N001,RTPD,MCE,LMP_ENE_PRC,ALTMMDW_2_N001,ALL,1,109.32203,2,3
2022-09-01T13:15:00-00:00,2022-09-01T13:30:00-00:00,2022-09-01,07,ALTMMDW_2_N001,ALTMMDW_2_N001,ALTMMDW_2_N001,RTPD,MCE,LMP_ENE_PRC,ALTMMDW_2_N001,ALL,1,110.97827,2,3
2022-09-01T14:15:00-00:00,2022-09-01T14:30:00-00:00,2022-09-01,08,ALTMMDW_2_N001,ALTMMDW_2_N001,ALTMMDW_2_N001,RTPD,MCE,LMP_ENE_PRC,ALTMMDW_2_N001,ALL,1,104.78743,2,3
2022-09-01T15:15:00-00:00,2022-09-01T15:30:00-00:00,2022-09-01,09,ALTMMDW_2_N001,ALTMMDW_2_N001,ALTMMDW_2_N001,RTPD,MCE,LMP_ENE_PRC,ALTMMDW_2_N001,ALL,1,86.9388,2,3
2022-09-01T16:15:00-00:00,2022-09-01T16:30:00-00:00,2022-09-01,10,ALTMMDW_2_N001,ALTMMDW_2_N001,ALTMMDW_2_N001,RTPD,MCE,LMP_ENE_PRC,ALTMMDW_2_N001,ALL,1,89.44858,2,3
2022-09-01T17:15:00-00:00,2022-09-01T17:30:00-00:00,2022-09-01,11,ALTMMDW_2_N001,ALTMMDW_2_N001,ALTMMDW_2_N001,RTPD,MCE,LMP_ENE_PRC,ALTMMDW_2_N001,ALL,1,99.34673,2,3
2022-09-01T18:15:00-00:00,2022-09-01T18:30:00-00:00,2022-09-01,12,ALTMMDW_2_N001,ALTMMDW_2_N001,ALTMMDW_2_N001,RTPD,MCE,LMP_ENE_PRC,ALTMMDW_2_N001,ALL,1,101.15901,2,3
2022-09-01T19:15:00-00:00,2022-09-01T19:30:00-00:00,2022-09-01,13,ALTMMDW_2_N001,ALTMMDW_2_N001,ALTMMDW_2_N001,RTPD,MCE,LMP_ENE_PRC,ALTMMDW_2_N001,ALL,1,105.30588,2,3
2022-09-01T20:15:00-00:00,2022-09-01T20:30:00-00:00,2022-09-01,14,ALTMMDW_2_N001,ALTMMDW_2_N001,ALTMMDW_2_N001,RTPD,MCE,LMP_ENE_PRC,ALTMMDW_2_N001,ALL,1,117.49421,2,3
2022-09-01T21:15:00-00:00,2022-09-01T21:30:00-00:00,2022-09-01,15,ALTMMDW_2_N001,ALTMMDW_2_N001,ALTMMDW_2_N001,RTPD,MCE,LMP_ENE_PRC,ALTMMDW_2_N001,ALL,1,147.21185,2,3
2022-09-01T22:15:00-00:00,2022-09-01T22:30:00-00:00,2022-09-01,16,ALTMMDW_2_N001,ALTMMDW_2_N001,ALTMMDW_2_N001,RTPD,MCE,LMP_ENE_PRC,ALTMMDW_2_N001,ALL,1,256.58734,2,3
2022-09-01T23:15:00-00:00,2022-09-01T23:30:00-00:00,2022-09-01,17,ALTMMDW_2_N001,ALTMMDW_2_N001,ALTMMDW_2_N001,RTPD,MCE,LMP_ENE_PRC,ALTMMDW_2_N001,ALL,1,362.12408,2,3
2022-09-02T00:15:00-00:00,2022-09-02T00:30:00-00:00,2022-09-01,18,ALTMMDW_2_N001,ALTMMDW_2_N001,ALTMMDW_2_N001,RTPD,MCE,LMP_ENE_PRC,ALTMMDW_2_N001,ALL,1,691.2182,2,3
2022-09-02T01:15:00-00:00,2022-09-02T01:30:00-00:00,2022-09-01,19,ALTMMDW_2_N001,ALTMMDW_2_N001,ALTMMDW_2_N001,RTPD,MCE,LMP_ENE_PRC,ALTMMDW_2_N001,ALL,1,1999.9933,2,3
2022-09-02T02:15:00-00:00,2022-09-02T02:30:00-00:00,2022-09-01,20,ALTMMDW_2_N001,ALTMMDW_2_N001,ALTMMDW_2_N001,RTPD,MCE,LMP_ENE_PRC,ALTMMDW_2_N001,ALL,1,1991.6721,2,3
2022-09-02T03:15:00-00:00,2022-09-02T03:30:00-00:00,2022-09-01,21,ALTMMDW_2_N001,ALTMMDW_2_N001,ALTMMDW_2_N001,RTPD,MCE,LMP_ENE_PRC,ALTMMDW_2_N001,ALL,1,400.52884,2,3
2022-09-02T04:15:00-00:00,2022-09-02T04:30:00-00:00,2022-09-01,22,ALTMMDW_2_N001,ALTMMDW_2_N001,ALTMMDW_2_N001,RTPD,MCE,LMP_ENE_PRC,ALTMMDW_2_N001,ALL,1,224.75041,2,3
2022-09-02T05:15:00-00:00,2022-09-02T05:30:00-00:00,2022-09-01,23,ALTMMDW_2_N001,ALTMMDW_2_N001,ALTMMDW_2_N001,RTPD,MCE,LMP_ENE_PRC,ALTMMDW_2_N001,ALL,1,157.11986,2,3
2022-09-02T06:15:00-00:00,2022-09-02T06:30:00-00:00,2022-09-01,24,ALTMMDW_2_N001,ALTMMDW_2_N001,ALTMMDW_2_N001,RTPD,MCE,LMP_ENE_PRC,ALTMMDW_2_N001,ALL,1,143.1005,2,3
2022-09-01T07:30:00-00:00,2022-09-01T07:45:00-00:00,2022-09-01,01,ALTMMDW_2_N001,ALTMMDW_2_N001,ALTMMDW_2_N001,RTPD,MCE,LMP_ENE_PRC,ALTMMDW_2_N001,ALL,1,119.03196,3,3
2022-09-01T08:30:00-00:00,2022-09-01T08:45:00-00:00,2022-09-01,02,ALTMMDW_2_N001,ALTMMDW_2_N001,ALTMMDW_2_N001,RTPD,MCE,LMP_ENE_PRC,ALTMMDW_2_N001,ALL,1,111.11241,3,3
2022-09-01T09:30:00-00:00,2022-09-01T09:45:00-00:00,2022-09-01,03,ALTMMDW_2_N001,ALTMMDW_2_N001,ALTMMDW_2_N001,RTPD,MCE,LMP_ENE_PRC,ALTMMDW_2_N001,ALL,1,98.16228,3,3
2022-09-01T10:30:00-00:00,2022-09-01T10:45:00-00:00,2022-09-01,04,ALTMMDW_2_N001,ALTMMDW_2_N001,ALTMMDW_2_N001,RTPD,MCE,LMP_ENE_PRC,ALTMMDW_2_N001,ALL,1,96.36226,3,3
2022-09-01T11:30:00-00:00,2022-09-01T11:45:00-00:00,2022-09-01,05,ALTMMDW_2_N001,ALTMMDW_2_N001,ALTMMDW_2_N001,RTPD,MCE,LMP_ENE_PRC,ALTMMDW_2_N001,ALL,1,103.06198,3,3
2022-09-01T12:30:00-00:00,2022-09-01T12:45:00-00:00,2022-09-01,06,ALTMMDW_2_N001,ALTMMDW_2_N001,ALTMMDW_2_N001,RTPD,MCE,LMP_ENE_PRC,ALTMMDW_2_N001,ALL,1,113.57403,3,3
2022-09-01T13:30:00-00:00,2022-09-01T13:45:00-00:00,2022-09-01,07,ALTMMDW_2_N001,ALTMMDW_2_N001,ALTMMDW_2_N001,RTPD,MCE,LMP_ENE_PRC,ALTMMDW_2_N001,ALL,1,111.52025,3,3
2022-09-01T14:30:00-00:00,2022-09-01T14:45:00-00:00,2022-09-01,08,ALTMMDW_2_N001,ALTMMDW_2_N001,ALTMMDW_2_N001,RTPD,MCE,LMP_ENE_PRC,ALTMMDW_2_N001,ALL,1,101.83428,3,3
2022-09-01T15:30:00-00:00,2022-09-01T15:45:00-00:00,2022-09-01,09,ALTMMDW_2_N001,ALTMMDW_2_N001,ALTMMDW_2_N001,RTPD,MCE,LMP_ENE_PRC,ALTMMDW_2_N001,ALL,1,86.1388,3,3
2022-09-01T16:30:00-00:00,2022-09-01T16:45:00-00:00,2022-09-01,10,ALTMMDW_2_N001,ALTMMDW_2_N001,ALTMMDW_2_N001,RTPD,MCE,LMP_ENE_PRC,ALTMMDW_2_N001,ALL,1,88.79644,3,3
2022-09-01T17:30:00-00:00,2022-09-01T17:45:00-00:00,2022-09-01,11,ALTMMDW_2_N001,ALTMMDW_2_N001,ALTMMDW_2_N001,RTPD,MCE,LMP_ENE_PRC,ALTMMDW_2_N001,ALL,1,99.13013,3,3
2022-09-01T18:30:00-00:00,2022-09-01T18:45:00-00:00,2022-09-01,12,ALTMMDW_2_N001,ALTMMDW_2_N001,ALTMMDW_2_N001,RTPD,MCE,LMP_ENE_PRC,ALTMMDW_2_N001,ALL,1,107.05718,3,3
2022-09-01T19:30:00-00:00,2022-09-01T19:45:00-00:00,2022-09-01,13,ALTMMDW_2_N001,ALTMMDW_2_N001,ALTMMDW_2_N001,RTPD,MCE,LMP_ENE_PRC,ALTMMDW_2_N001,ALL,1,114.05905,3,3
2022-09-01T20:30:00-00:00,2022-09-01T20:45:00-00:00,2022-09-01,14,ALTMMDW_2_N001,ALTMMDW_2_N001,ALTMMDW_2_N001,RTPD,MCE,LMP_ENE_PRC,ALTMMDW_2_N001,ALL,1,129.81606,3,3
2022-09-01T21:30:00-00:00,2022-09-01T21:45:00-00:00,2022-09-01,15,ALTMMDW_2_N001,ALTMMDW_2_N001,ALTMMDW_2_N001,RTPD,MCE,LMP_ENE_PRC,ALTMMDW_2_N001,ALL,1,152.93057,3,3
2022-09-01T22:30:00-00:00,2022-09-01T22:45:00-00:00,2022-09-01,16,ALTMMDW_2_N001,ALTMMDW_2_N001,ALTMMDW_2_N001,RTPD,MCE,LMP_ENE_PRC,ALTMMDW_2_N001,ALL,1,283.18182,3,3
2022-09-01T23:30:00-00:00,2022-09-01T23:45:00-00:00,2022-09-01,17,ALTMMDW_2_N001,ALTMMDW_2_N001,ALTMMDW_2_N001,RTPD,MCE,LMP_ENE_PRC,ALTMMDW_2_N001,ALL,1,566.48157,3,3
2022-09-02T00:30:00-00:00,2022-09-02T00:45:00-00:00,2022-09-01,18,ALTMMDW_2_N001,ALTMMDW_2_N001,ALTMMDW_2_N001,RTPD,MCE,LMP_ENE_PRC,ALTMMDW_2_N001,ALL,1,1329.1127,3,3
2022-09-02T01:30:00-00:00,2022-09-02T01:45:00-00:00,2022-09-01,19,ALTMMDW_2_N001,ALTMMDW_2_N001,ALTMMDW_2_N001,RTPD,MCE,LMP_ENE_PRC,ALTMMDW_2_N001,ALL,1,1999.9956,3,3
2022-09-02T02:30:00-00:00,2022-09-02T02:45:00-00:00,2022-09-01,20,ALTMMDW_2_N001,ALTMMDW_2_N001,ALTMMDW_2_N001,RTPD,MCE,LMP_ENE_PRC,ALTMMDW_2_N001,ALL,1,1991.671,3,3
2022-09-02T03:30:00-00:00,2022-09-02T03:45:00-00:00,2022-09-01,21,ALTMMDW_2_N001,ALTMMDW_2_N001,ALTMMDW_2_N001,RTPD,MCE,LMP_ENE_PRC,ALTMMDW_2_N001,ALL,1,186.61823,3,3
2022-09-02T04:30:00-00:00,2022-09-02T04:45:00-00:00,2022-09-01,22,ALTMMDW_2_N001,ALTMMDW_2_N001,ALTMMDW_2_N001,RTPD,MCE,LMP_ENE_PRC,ALTMMDW_2_N001,ALL,1,180.67824,3,3
2022-09-02T05:30:00-00:00,2022-09-02T05:45:00-00:00,2022-09-01,23,ALTMMDW_2_N001,ALTMMDW_2_N001,ALTMMDW_2_N001,RTPD,MCE,LMP_ENE_PRC,ALTMMDW_2_N001,ALL,1,131.69917,3,3
2022-09-02T06:30:00-00:00,2022-09-02T06:45:00-00:00,2022-09-01,24,ALTMMDW_2_N001,ALTMMDW_2_N001,ALTMMDW_2_N001,RTPD,MCE,LMP_ENE_PRC,ALTMMDW_2_N001,ALL,1,128.9871,3,3
2022-09-01T07:45:00-00:00,2022-09-01T08:00:00-00:00,2022-09-01,01,ALTMMDW_2_N001,ALTMMDW_2_N001,ALTMMDW_2_N001,RTPD,MCE,LMP_ENE_PRC,ALTMMDW_2_N001,ALL,1,109.12099,4,3
2022-09-01T08:45:00-00:00,2022-09-01T09:00:00-00:00,2022-09-01,02,ALTMMDW_2_N001,ALTMMDW_2_N001,ALTMMDW_2_N001,RTPD,MCE,LMP_ENE_PRC,ALTMMDW_2_N001,ALL,1,98.7357,4,3
2022-09-01T09:45:00-00:00,2022-09-01T10:00:00-00:00,2022-09-01,03,ALTMMDW_2_N001,ALTMMDW_2_N001,ALTMMDW_2_N001,RTPD,MCE,LMP_ENE_PRC,ALTMMDW_2_N001,ALL,1,97.50475,4,3
2022-09-01T10:45:00-00:00,2022-09-01T11:00:00-00:00,2022-09-01,04,ALTMMDW_2_N001,ALTMMDW_2_N001,ALTMMDW_2_N001,RTPD,MCE,LMP_ENE_PRC,ALTMMDW_2_N001,ALL,1,94.71966,4,3
2022-09-01T11:45:00-00:00,2022-09-01T12:00:00-00:00,2022-09-01,05,ALTMMDW_2_N001,ALTMMDW_2_N001,ALTMMDW_2_N001,RTPD,MCE,LMP_ENE_PRC,ALTMMDW_2_N001,ALL,1,107.01,4,3
2022-09-01T12:45:00-00:00,2022-09-01T13:00:00-00:00,2022-09-01,06,ALTMMDW_2_N001,ALTMMDW_2_N001,ALTMMDW_2_N001,RTPD,MCE,LMP_ENE_PRC,ALTMMDW_2_N001,ALL,1,116.4848,4,3
2022-09-01T13:45:00-00:00,2022-09-01T14:00:00-00:00,2022-09-01,07,ALTMMDW_2_N001,ALTMMDW_2_N001,ALTMMDW_2_N001,RTPD,MCE,LMP_ENE_PRC,ALTMMDW_2_N001,ALL,1,111.41,4,3
2022-09-01T14:45:00-00:00,2022-09-01T15:00:00-00:00,2022-09-01,08,ALTMMDW_2_N001,ALTMMDW_2_N001,ALTMMDW_2_N001,RTPD,MCE,LMP_ENE_PRC,ALTMMDW_2_N001,ALL,1,86.1388,4,3
2022-09-01T15:45:00-00:00,2022-09-01T16:00:00-00:00,2022-09-01,09,ALTMMDW_2_N001,ALTMMDW_2_N001,ALTMMDW_2_N001,RTPD,MCE,LMP_ENE_PRC,ALTMMDW_2_N001,ALL,1,78.70076,4,3
2022-09-01T16:45:00-00:00,2022-09-01T17:00:00-00:00,2022-09-01,10,ALTMMDW_2_N001,ALTMMDW_2_N001,ALTMMDW_2_N001,RTPD,MCE,LMP_ENE_PRC,ALTMMDW_2_N001,ALL,1,91.24933,4,3
2022-09-01T17:45:00-00:00,2022-09-01T18:00:00-00:00,2022-09-01,11,ALTMMDW_2_N001,ALTMMDW_2_N001,ALTMMDW_2_N001,RTPD,MCE,LMP_ENE_PRC,ALTMMDW_2_N001,ALL,1,99.20544,4,3
2022-09-01T18:45:00-00:00,2022-09-01T19:00:00-00:00,2022-09-01,12,ALTMMDW_2_N001,ALTMMDW_2_N001,ALTMMDW_2_N001,RTPD,MCE,LMP_ENE_PRC,ALTMMDW_2_N001,ALL,1,109.04064,4,3
2022-09-01T19:45:00-00:00,2022-09-01T20:00:00-00:00,2022-09-01,13,ALTMMDW_2_N001,ALTMMDW_2_N001,ALTMMDW_2_N001,RTPD,MCE,LMP_ENE_PRC,ALTMMDW_2_N001,ALL,1,120.22491,4,3
2022-09-01T20:45:00-00:00,2022-09-01T21:00:00-00:00,2022-09-01,14,ALTMMDW_2_N001,ALTMMDW_2_N001,ALTMMDW_2_N001,RTPD,MCE,LMP_ENE_PRC,ALTMMDW_2_N001,ALL,1,154.02509,4,3
2022-09-01T21:45:00-00:00,2022-09-01T22:00:00-00:00,2022-09-01,15,ALTMMDW_2_N001,ALTMMDW_2_N001,ALTMMDW_2_N001,RTPD,MCE,LMP_ENE_PRC,ALTMMDW_2_N001,ALL,1,300.29376,4,3
2022-09-01T22:45:00-00:00,2022-09-01T23:00:00-00:00,2022-09-01,16,ALTMMDW_2_N001,ALTMMDW_2_N001,ALTMMDW_2_N001,RTPD,MCE,LMP_ENE_PRC,ALTMMDW_2_N001,ALL,1,429.9137,4,3
2022-09-01T23:45:00-00:00,2022-09-02T00:00:00-00:00,2022-09-01,17,ALTMMDW_2_N001,ALTMMDW_2_N001,ALTMMDW_2_N001,RTPD,MCE,LMP_ENE_PRC,ALTMMDW_2_N001,ALL,1,1261.2124,4,3
2022-09-02T00:45:00-00:00,2022-09-02T01:00:00-00:00,2022-09-01,18,ALTMMDW_2_N001,ALTMMDW_2_N001,ALTMMDW_2_N001,RTPD,MCE,LMP_ENE_PRC,ALTMMDW_2_N001,ALL,1,1519.149,4,3
2022-09-02T01:45:00-00:00,2022-09-02T02:00:00-00:00,2022-09-01,19,ALTMMDW_2_N001,ALTMMDW_2_N001,ALTMMDW_2_N001,RTPD,MCE,LMP_ENE_PRC,ALTMMDW_2_N001,ALL,1,1991.9337,4,3
2022-09-02T02:45:00-00:00,2022-09-02T03:00:00-00:00,2022-09-01,20,ALTMMDW_2_N001,ALTMMDW_2_N001,ALTMMDW_2_N001,RTPD,MCE,LMP_ENE_PRC,ALTMMDW_2_N001,ALL,1,1629.6213,4,3
2022-09-02T03:45:00-00:00,2022-09-02T04:00:00-00:00,2022-09-01,21,ALTMMDW_2_N001,ALTMMDW_2_N001,ALTMMDW_2_N001,RTPD,MCE,LMP_ENE_PRC,ALTMMDW_2_N001,ALL,1,141.13702,4,3
2022-09-02T04:45:00-00:00,2022-09-02T05:00:00-00:00,2022-09-01,22,ALTMMDW_2_N001,ALTMMDW_2_N001,ALTMMDW_2_N001,RTPD,MCE,LMP_ENE_PRC,ALTMMDW_2_N001,ALL,1,126.76372,4,3
2022-09-02T05:45:00-00:00,2022-09-02T06:00:00-00:00,2022-09-01,23,ALTMMDW_2_N001,ALTMMDW_2_N001,ALTMMDW_2_N001,RTPD,MCE,LMP_ENE_PRC,ALTMMDW_2_N001,ALL,1,119.00958,4,3
2022-09-02T06:45:00-00:00,2022-09-02T07:00:00-00:00,2022-09-01,24,ALTMMDW_2_N001,ALTMMDW_2_N001,ALTMMDW_2_N001,RTPD,MCE,LMP_ENE_PRC,ALTMMDW_2_N001,ALL,1,109.20324,4,3
2022-09-01T07:00:00-00:00,2022-09-01T07:15:00-00:00,2022-09-01,01,ALTMMDW_2_N001,ALTMMDW_2_N001,ALTMMDW_2_N001,RTPD,MCL,LMP_LOSS_PRC,ALTMMDW_2_N001,ALL,1,-6.77526,1,4
2022-09-01T08:00:00-00:00,2022-09-01T08:15:00-00:00,2022-09-01,02,ALTMMDW_2_N001,ALTMMDW_2_N001,ALTMMDW_2_N001,RTPD,MCL,LMP_LOSS_PRC,ALTMMDW_2_N001,ALL,1,0,1,4
2022-09-01T09:00:00-00:00,2022-09-01T09:15:00-00:00,2022-09-01,03,ALTMMDW_2_N001,ALTMMDW_2_N001,ALTMMDW_2_N001,RTPD,MCL,LMP_LOSS_PRC,ALTMMDW_2_N001,ALL,1,-0.18949,1,4
2022-09-01T10:00:00-00:00,2022-09-01T10:15:00-00:00,2022-09-01,04,ALTMMDW_2_N001,ALTMMDW_2_N001,ALTMMDW_2_N001,RTPD,MCL,LMP_LOSS_PRC,ALTMMDW_2_N001,ALL,1,0.07891,1,4
2022-09-01T11:00:00-00:00,2022-09-01T11:15:00-00:00,2022-09-01,05,ALTMMDW_2_N001,ALTMMDW_2_N001,ALTMMDW_2_N001,RTPD,MCL,LMP_LOSS_PRC,ALTMMDW_2_N001,ALL,1,0.24616,1,4
2022-09-01T12:00:00-00:00,2022-09-01T12:15:00-00:00,2022-09-01,06,ALTMMDW_2_N001,ALTMMDW_2_N001,ALTMMDW_2_N001,RTPD,MCL,LMP_LOSS_PRC,ALTMMDW_2_N001,ALL,1,-0.2132,1,4
2022-09-01T13:00:00-00:00,2022-09-01T13:15:00-00:00,2022-09-01,07,ALTMMDW_2_N001,ALTMMDW_2_N001,ALTMMDW_2_N001,RTPD,MCL,LMP_LOSS_PRC,ALTMMDW_2_N001,ALL,1,0,1,4
2022-09-01T14:00:00-00:00,2022-09-01T14:15:00-00:00,2022-09-01,08,ALTMMDW_2_N001,ALTMMDW_2_N001,ALTMMDW_2_N001,RTPD,MCL,LMP_LOSS_PRC,ALTMMDW_2_N001,ALL,1,1.63335,1,4
2022-09-01T15:00:00-00:00,2022-09-01T15:15:00-00:00,2022-09-01,09,ALTMMDW_2_N001,ALTMMDW_2_N001,ALTMMDW_2_N001,RTPD,MCL,LMP_LOSS_PRC,ALTMMDW_2_N001,ALL,1,0,1,4
2022-09-01T16:00:00-00:00,2022-09-01T16:15:00-00:00,2022-09-01,10,ALTMMDW_2_N001,ALTMMDW_2_N001,ALTMMDW_2_N001,RTPD,MCL,LMP_LOSS_PRC,ALTMMDW_2_N001,ALL,1,0,1,4
2022-09-01T17:00:00-00:00,2022-09-01T17:15:00-00:00,2022-09-01,11,ALTMMDW_2_N001,ALTMMDW_2_N001,ALTMMDW_2_N001,RTPD,MCL,LMP_LOSS_PRC,ALTMMDW_2_N001,ALL,1,0,1,4
2022-09-01T18:00:00-00:00,2022-09-01T18:15:00-00:00,2022-09-01,12,ALTMMDW_2_N001,ALTMMDW_2_N001,ALTMMDW_2_N001,RTPD,MCL,LMP_LOSS_PRC,ALTMMDW_2_N001,ALL,1,0,1,4
2022-09-01T19:00:00-00:00,2022-09-01T19:15:00-00:00,2022-09-01,13,ALTMMDW_2_N001,ALTMMDW_2_N001,ALTMMDW_2_N001,RTPD,MCL,LMP_LOSS_PRC,ALTMMDW_2_N001,ALL,1,0,1,4
2022-09-01T20:00:00-00:00,2022-09-01T20:15:00-00:00,2022-09-01,14,ALTMMDW_2_N001,ALTMMDW_2_N001,ALTMMDW_2_N001,RTPD,MCL,LMP_LOSS_PRC,ALTMMDW_2_N001,ALL,1,0,1,4
2022-09-01T21:00:00-00:00,2022-09-01T21:15:00-00:00,2022-09-01,15,ALTMMDW_2_N001,ALTMMDW_2_N001,ALTMMDW_2_N001,RTPD,MCL,LMP_LOSS_PRC,ALTMMDW_2_N001,ALL,1,0,1,4
2022-09-01T22:00:00-00:00,2022-09-01T22:15:00-00:00,2022-09-01,16,ALTMMDW_2_N001,ALTMMDW_2_N001,ALTMMDW_2_N001,RTPD,MCL,LMP_LOSS_PRC,ALTMMDW_2_N001,ALL,1,0,1,4
2022-09-01T23:00:00-00:00,2022-09-01T23:15:00-00:00,2022-09-01,17,ALTMMDW_2_N001,ALTMMDW_2_N001,ALTMMDW_2_N001,RTPD,MCL,LMP_LOSS_PRC,ALTMMDW_2_N001,ALL,1,0,1,4
2022-09-02T00:00:00-00:00,2022-09-02T00:15:00-00:00,2022-09-01,18,ALTMMDW_2_N001,ALTMMDW_2_N001,ALTMMDW_2_N001,RTPD,MCL,LMP_LOSS_PRC,ALTMMDW_2_N001,ALL,1,10.8652,1,4
2022-09-02T01:00:00-00:00,2022-09-02T01:15:00-00:00,2022-09-01,19,ALTMMDW_2_N001,ALTMMDW_2_N001,ALTMMDW_2_N001,RTPD,MCL,LMP_LOSS_PRC,ALTMMDW_2_N001,ALL,1,0,1,4
2022-09-02T02:00:00-00:00,2022-09-02T02:15:00-00:00,2022-09-01,20,ALTMMDW_2_N001,ALTMMDW_2_N001,ALTMMDW_2_N001,RTPD,MCL,LMP_LOSS_PRC,ALTMMDW_2_N001,ALL,1,0,1,4
2022-09-02T03:00:00-00:00,2022-09-02T03:15:00-00:00,2022-09-01,21,ALTMMDW_2_N001,ALTMMDW_2_N001,ALTMMDW_2_N001,RTPD,MCL,LMP_LOSS_PRC,ALTMMDW_2_N001,ALL,1,15.69012,1,4
2022-09-02T04:00:00-00:00,2022-09-02T04:15:00-00:00,2022-09-01,22,ALTMMDW_2_N001,ALTMMDW_2_N001,ALTMMDW_2_N001,RTPD,MCL,LMP_LOSS_PRC,ALTMMDW_2_N001,ALL,1,0.67036,1,4
2022-09-02T05:00:00-00:00,2022-09-02T05:15:00-00:00,2022-09-01,23,ALTMMDW_2_N001,ALTMMDW_2_N001,ALTMMDW_2_N001,RTPD,MCL,LMP_LOSS_PRC,ALTMMDW_2_N001,ALL,1,0.67801,1,4
2022-09-02T06:00:00-00:00,2022-09-02T06:15:00-00:00,2022-09-01,24,ALTMMDW_2_N001,ALTMMDW_2_N001,ALTMMDW_2_N001,RTPD,MCL,LMP_LOSS_PRC,ALTMMDW_2_N001,ALL,1,-0.30185,1,4
2022-09-01T07:15:00-00:00,2022-09-01T07:30:00-00:00,2022-09-01,01,ALTMMDW_2_N001,ALTMMDW_2_N001,ALTMMDW_2_N001,RTPD,MCL,LMP_LOSS_PRC,ALTMMDW_2_N001,ALL,1,0,2,4
2022-09-01T08:15:00-00:00,2022-09-01T08:30:00-00:00,2022-09-01,02,ALTMMDW_2_N001,ALTMMDW_2_N001,ALTMMDW_2_N001,RTPD,MCL,LMP_LOSS_PRC,ALTMMDW_2_N001,ALL,1,0,2,4
2022-09-01T09:15:00-00:00,2022-09-01T09:30:00-00:00,2022-09-01,03,ALTMMDW_2_N001,ALTMMDW_2_N001,ALTMMDW_2_N001,RTPD,MCL,LMP_LOSS_PRC,ALTMMDW_2_N001,ALL,1,-0.14746,2,4
2022-09-01T10:15:00-00:00,2022-09-01T10:30:00-00:00,2022-09-01,04,ALTMMDW_2_N001,ALTMMDW_2_N001,ALTMMDW_2_N001,RTPD,MCL,LMP_LOSS_PRC,ALTMMDW_2_N001,ALL,1,0.10671,2,4
2022-09-01T11:15:00-00:00,2022-09-01T11:30:00-00:00,2022-09-01,05,ALTMMDW_2_N001,ALTMMDW_2_N001,ALTMMDW_2_N001,RTPD,MCL,LMP_LOSS_PRC,ALTMMDW_2_N001,ALL,1,0.2268,2,4
2022-09-01T12:15:00-00:00,2022-09-01T12:30:00-00:00,2022-09-01,06,ALTMMDW_2_N001,ALTMMDW_2_N001,ALTMMDW_2_N001,RTPD,MCL,LMP_LOSS_PRC,ALTMMDW_2_N001,ALL,1,-0.05466,2,4
2022-09-01T13:15:00-00:00,2022-09-01T13:30:00-00:00,2022-09-01,07,ALTMMDW_2_N001,ALTMMDW_2_N001,ALTMMDW_2_N001,RTPD,MCL,LMP_LOSS_PRC,ALTMMDW_2_N001,ALL,1,-0.0111,2,4
2022-09-01T14:15:00-00:00,2022-09-01T14:30:00-00:00,2022-09-01,08,ALTMMDW_2_N001,ALTMMDW_2_N001,ALTMMDW_2_N001,RTPD,MCL,LMP_LOSS_PRC,ALTMMDW_2_N001,ALL,1,1.36224,2,4
2022-09-01T15:15:00-00:00,2022-09-01T15:30:00-00:00,2022-09-01,09,ALTMMDW_2_N001,ALTMMDW_2_N001,ALTMMDW_2_N001,RTPD,MCL,LMP_LOSS_PRC,ALTMMDW_2_N001,ALL,1,0,2,4
2022-09-01T16:15:00-00:00,2022-09-01T16:30:00-00:00,2022-09-01,10,ALTMMDW_2_N001,ALTMMDW_2_N001,ALTMMDW_2_N001,RTPD,MCL,LMP_LOSS_PRC,ALTMMDW_2_N001,ALL,1,0,2,4
2022-09-01T17:15:00-00:00,2022-09-01T17:30:00-00:00,2022-09-01,11,ALTMMDW_2_N001,ALTMMDW_2_N001,ALTMMDW_2_N001,RTPD,MCL,LMP_LOSS_PRC,ALTMMDW_2_N001,ALL,1,0,2,4
2022-09-01T18:15:00-00:00,2022-09-01T18:30:00-00:00,2022-09-01,12,ALTMMDW_2_N001,ALTMMDW_2_N001,ALTMMDW_2_N001,RTPD,MCL,LMP_LOSS_PRC,ALTMMDW_2_N001,ALL,1,0,2,4
2022-09-01T19:15:00-00:00,2022-09-01T19:30:00-00:00,2022-09-01,13,ALTMMDW_2_N001,ALTMMDW_2_N001,ALTMMDW_2_N001,RTPD,MCL,LMP_LOSS_PRC,ALTMMDW_2_N001,ALL,1,0,2,4
2022-09-01T20:15:00-00:00,2022-09-01T20:30:00-00:00,2022-09-01,14,ALTMMDW_2_N001,ALTMMDW_2_N001,ALTMMDW_2_N001,RTPD,MCL,LMP_LOSS_PRC,ALTMMDW_2_N001,ALL,1,0,2,4
2022-09-01T21:15:00-00:00,2022-09-01T21:30:00-00:00,2022-09-01,15,ALTMMDW_2_N001,ALTMMDW_2_N001,ALTMMDW_2_N001,RTPD,MCL,LMP_LOSS_PRC,ALTMMDW_2_N001,ALL,1,0,2,4
2022-09-01T22:15:00-00:00,2022-09-01T22:30:00-00:00,2022-09-01,16,ALTMMDW_2_N001,ALTMMDW_2_N001,ALTMMDW_2_N001,RTPD,MCL,LMP_LOSS_PRC,ALTMMDW_2_N001,ALL,1,0,2,4
2022-09-01T23:15:00-00:00,2022-09-01T23:30:00-00:00,2022-09-01,17,ALTMMDW_2_N001,ALTMMDW_2_N001,ALTMMDW_2_N001,RTPD,MCL,LMP_LOSS_PRC,ALTMMDW_2_N001,ALL,1,0,2,4
2022-09-02T00:15:00-00:00,2022-09-02T00:30:00-00:00,2022-09-01,18,ALTMMDW_2_N001,ALTMMDW_2_N001,ALTMMDW_2_N001,RTPD,MCL,LMP_LOSS_PRC,ALTMMDW_2_N001,ALL,1,8.70935,2,4
2022-09-02T01:15:00-00:00,2022-09-02T01:30:00-00:00,2022-09-01,19,ALTMMDW_2_N001,ALTMMDW_2_N001,ALTMMDW_2_N001,RTPD,MCL,LMP_LOSS_PRC,ALTMMDW_2_N001,ALL,1,0,2,4
2022-09-02T02:15:00-00:00,2022-09-02T02:30:00-00:00,2022-09-01,20,ALTMMDW_2_N001,ALTMMDW_2_N001,ALTMMDW_2_N001,RTPD,MCL,LMP_LOSS_PRC,ALTMMDW_2_N001,ALL,1,0,2,4
2022-09-02T03:15:00-00:00,2022-09-02T03:30:00-00:00,2022-09-01,21,ALTMMDW_2_N001,ALTMMDW_2_N001,ALTMMDW_2_N001,RTPD,MCL,LMP_LOSS_PRC,ALTMMDW_2_N001,ALL,1,7.00925,2,4
2022-09-02T04:15:00-00:00,2022-09-02T04:30:00-00:00,2022-09-01,22,ALTMMDW_2_N001,ALTMMDW_2_N001,ALTMMDW_2_N001,RTPD,MCL,LMP_LOSS_PRC,ALTMMDW_2_N001,ALL,1,0.24723,2,4
2022-09-02T05:15:00-00:00,2022-09-02T05:30:00-00:00,2022-09-01,23,ALTMMDW_2_N001,ALTMMDW_2_N001,ALTMMDW_2_N001,RTPD,MCL,LMP_LOSS_PRC,ALTMMDW_2_N001,ALL,1,0.14141,2,4
2022-09-02T06:15:00-00:00,2022-09-02T06:30:00-00:00,2022-09-01,24,ALTMMDW_2_N001,ALTMMDW_2_N001,ALTMMDW_2_N001,RTPD,MCL,LMP_LOSS_PRC,ALTMMDW_2_N001,ALL,1,-1.27359,2,4
2022-09-01T07:30:00-00:00,2022-09-01T07:45:00-00:00,2022-09-01,01,ALTMMDW_2_N001,ALTMMDW_2_N001,ALTMMDW_2_N001,RTPD,MCL,LMP_LOSS_PRC,ALTMMDW_2_N001,ALL,1,0,3,4
2022-09-01T08:30:00-00:00,2022-09-01T08:45:00-00:00,2022-09-01,02,ALTMMDW_2_N001,ALTMMDW_2_N001,ALTMMDW_2_N001,RTPD,MCL,LMP_LOSS_PRC,ALTMMDW_2_N001,ALL,1,-0.16667,3,4
2022-09-01T09:30:00-00:00,2022-09-01T09:45:00-00:00,2022-09-01,03,ALTMMDW_2_N001,ALTMMDW_2_N001,ALTMMDW_2_N001,RTPD,MCL,LMP_LOSS_PRC,ALTMMDW_2_N001,ALL,1,-0.29449,3,4
2022-09-01T10:30:00-00:00,2022-09-01T10:45:00-00:00,2022-09-01,04,ALTMMDW_2_N001,ALTMMDW_2_N001,ALTMMDW_2_N001,RTPD,MCL,LMP_LOSS_PRC,ALTMMDW_2_N001,ALL,1,0.20236,3,4
2022-09-01T11:30:00-00:00,2022-09-01T11:45:00-00:00,2022-09-01,05,ALTMMDW_2_N001,ALTMMDW_2_N001,ALTMMDW_2_N001,RTPD,MCL,LMP_LOSS_PRC,ALTMMDW_2_N001,ALL,1,0.3401,3,4
2022-09-01T12:30:00-00:00,2022-09-01T12:45:00-00:00,2022-09-01,06,ALTMMDW_2_N001,ALTMMDW_2_N001,ALTMMDW_2_N001,RTPD,MCL,LMP_LOSS_PRC,ALTMMDW_2_N001,ALL,1,-0.05679,3,4
2022-09-01T13:30:00-00:00,2022-09-01T13:45:00-00:00,2022-09-01,07,ALTMMDW_2_N001,ALTMMDW_2_N001,ALTMMDW_2_N001,RTPD,MCL,LMP_LOSS_PRC,ALTMMDW_2_N001,ALL,1,0.21189,3,4
2022-09-01T14:30:00-00:00,2022-09-01T14:45:00-00:00,2022-09-01,08,ALTMMDW_2_N001,ALTMMDW_2_N001,ALTMMDW_2_N001,RTPD,MCL,LMP_LOSS_PRC,ALTMMDW_2_N001,ALL,1,1.54788,3,4
2022-09-01T15:30:00-00:00,2022-09-01T15:45:00-00:00,2022-09-01,09,ALTMMDW_2_N001,ALTMMDW_2_N001,ALTMMDW_2_N001,RTPD,MCL,LMP_LOSS_PRC,ALTMMDW_2_N001,ALL,1,0,3,4
2022-09-01T16:30:00-00:00,2022-09-01T16:45:00-00:00,2022-09-01,10,ALTMMDW_2_N001,ALTMMDW_2_N001,ALTMMDW_2_N001,RTPD,MCL,LMP_LOSS_PRC,ALTMMDW_2_N001,ALL,1,0,3,4
2022-09-01T17:30:00-00:00,2022-09-01T17:45:00-00:00,2022-09-01,11,ALTMMDW_2_N001,ALTMMDW_2_N001,ALTMMDW_2_N001,RTPD,MCL,LMP_LOSS_PRC,ALTMMDW_2_N001,ALL,1,0,3,4
2022-09-01T18:30:00-00:00,2022-09-01T18:45:00-00:00,2022-09-01,12,ALTMMDW_2_N001,ALTMMDW_2_N001,ALTMMDW_2_N001,RTPD,MCL,LMP_LOSS_PRC,ALTMMDW_2_N001,ALL,1,0,3,4
2022-09-01T19:30:00-00:00,2022-09-01T19:45:00-00:00,2022-09-01,13,ALTMMDW_2_N001,ALTMMDW_2_N001,ALTMMDW_2_N001,RTPD,MCL,LMP_LOSS_PRC,ALTMMDW_2_N001,ALL,1,0,3,4
2022-09-01T20:30:00-00:00,2022-09-01T20:45:00-00:00,2022-09-01,14,ALTMMDW_2_N001,ALTMMDW_2_N001,ALTMMDW_2_N001,RTPD,MCL,LMP_LOSS_PRC,ALTMMDW_2_N001,ALL,1,0,3,4
2022-09-01T21:30:00-00:00,2022-09-01T21:45:00-00:00,2022-09-01,15,ALTMMDW_2_N001,ALTMMDW_2_N001,ALTMMDW_2_N001,RTPD,MCL,LMP_LOSS_PRC,ALTMMDW_2_N001,ALL,1,0,3,4
2022-09-01T22:30:00-00:00,2022-09-01T22:45:00-00:00,2022-09-01,16,ALTMMDW_2_N001,ALTMMDW_2_N001,ALTMMDW_2_N001,RTPD,MCL,LMP_LOSS_PRC,ALTMMDW_2_N001,ALL,1,0,3,4
2022-09-01T23:30:00-00:00,2022-09-01T23:45:00-00:00,2022-09-01,17,ALTMMDW_2_N001,ALTMMDW_2_N001,ALTMMDW_2_N001,RTPD,MCL,LMP_LOSS_PRC,ALTMMDW_2_N001,ALL,1,0,3,4
2022-09-02T00:30:00-00:00,2022-09-02T00:45:00-00:00,2022-09-01,18,ALTMMDW_2_N001,ALTMMDW_2_N001,ALTMMDW_2_N001,RTPD,MCL,LMP_LOSS_PRC,ALTMMDW_2_N001,ALL,1,0,3,4
2022-09-02T01:30:00-00:00,2022-09-02T01:45:00-00:00,2022-09-01,19,ALTMMDW_2_N001,ALTMMDW_2_N001,ALTMMDW_2_N001,RTPD,MCL,LMP_LOSS_PRC,ALTMMDW_2_N001,ALL,1,0,3,4
2022-09-02T02:30:00-00:00,2022-09-02T02:45:00-00:00,2022-09-01,20,ALTMMDW_2_N001,ALTMMDW_2_N001,ALTMMDW_2_N001,RTPD,MCL,LMP_LOSS_PRC,ALTMMDW_2_N001,ALL,1,0,3,4
2022-09-02T03:30:00-00:00,2022-09-02T03:45:00-00:00,2022-09-01,21,ALTMMDW_2_N001,ALTMMDW_2_N001,ALTMMDW_2_N001,RTPD,MCL,LMP_LOSS_PRC,ALTMMDW_2_N001,ALL,1,3.45244,3,4
2022-09-02T04:30:00-00:00,2022-09-02T04:45:00-00:00,2022-09-01,22,ALTMMDW_2_N001,ALTMMDW_2_N001,ALTMMDW_2_N001,RTPD,MCL,LMP_LOSS_PRC,ALTMMDW_2_N001,ALL,1,-1.08407,3,4
2022-09-02T05:30:00-00:00,2022-09-02T05:45:00-00:00,2022-09-01,23,ALTMMDW_2_N001,ALTMMDW_2_N001,ALTMMDW_2_N001,RTPD,MCL,LMP_LOSS_PRC,ALTMMDW_2_N001,ALL,1,-0.19755,3,4
2022-09-02T06:30:00-00:00,2022-09-02T06:45:00-00:00,2022-09-01,24,ALTMMDW_2_N001,ALTMMDW_2_N001,ALTMMDW_2_N001,RTPD,MCL,LMP_LOSS_PRC,ALTMMDW_2_N001,ALL,1,-0.11609,3,4
2022-09-01T07:45:00-00:00,2022-09-01T08:00:00-00:00,2022-09-01,01,ALTMMDW_2_N001,ALTMMDW_2_N001,ALTMMDW_2_N001,RTPD,MCL,LMP_LOSS_PRC,ALTMMDW_2_N001,ALL,1,0,4,4
2022-09-01T08:45:00-00:00,2022-09-01T09:00:00-00:00,2022-09-01,02,ALTMMDW_2_N001,ALTMMDW_2_N001,ALTMMDW_2_N001,RTPD,MCL,LMP_LOSS_PRC,ALTMMDW_2_N001,ALL,1,-0.1481,4,4
2022-09-01T09:45:00-00:00,2022-09-01T10:00:00-00:00,2022-09-01,03,ALTMMDW_2_N001,ALTMMDW_2_N001,ALTMMDW_2_N001,RTPD,MCL,LMP_LOSS_PRC,ALTMMDW_2_N001,ALL,1,-0.25351,4,4
2022-09-01T10:45:00-00:00,2022-09-01T11:00:00-00:00,2022-09-01,04,ALTMMDW_2_N001,ALTMMDW_2_N001,ALTMMDW_2_N001,RTPD,MCL,LMP_LOSS_PRC,ALTMMDW_2_N001,ALL,1,0.21786,4,4
2022-09-01T11:45:00-00:00,2022-09-01T12:00:00-00:00,2022-09-01,05,ALTMMDW_2_N001,ALTMMDW_2_N001,ALTMMDW_2_N001,RTPD,MCL,LMP_LOSS_PRC,ALTMMDW_2_N001,ALL,1,0,4,4
2022-09-01T12:45:00-00:00,2022-09-01T13:00:00-00:00,2022-09-01,06,ALTMMDW_2_N001,ALTMMDW_2_N001,ALTMMDW_2_N001,RTPD,MCL,LMP_LOSS_PRC,ALTMMDW_2_N001,ALL,1,0,4,4
2022-09-01T13:45:00-00:00,2022-09-01T14:00:00-00:00,2022-09-01,07,ALTMMDW_2_N001,ALTMMDW_2_N001,ALTMMDW_2_N001,RTPD,MCL,LMP_LOSS_PRC,ALTMMDW_2_N001,ALL,1,0,4,4
2022-09-01T14:45:00-00:00,2022-09-01T15:00:00-00:00,2022-09-01,08,ALTMMDW_2_N001,ALTMMDW_2_N001,ALTMMDW_2_N001,RTPD,MCL,LMP_LOSS_PRC,ALTMMDW_2_N001,ALL,1,0,4,4
2022-09-01T15:45:00-00:00,2022-09-01T16:00:00-00:00,2022-09-01,09,ALTMMDW_2_N001,ALTMMDW_2_N001,ALTMMDW_2_N001,RTPD,MCL,LMP_LOSS_PRC,ALTMMDW_2_N001,ALL,1,0,4,4
2022-09-01T16:45:00-00:00,2022-09-01T17:00:00-00:00,2022-09-01,10,ALTMMDW_2_N001,ALTMMDW_2_N001,ALTMMDW_2_N001,RTPD,MCL,LMP_LOSS_PRC,ALTMMDW_2_N001,ALL,1,0,4,4
2022-09-01T17:45:00-00:00,2022-09-01T18:00:00-00:00,2022-09-01,11,ALTMMDW_2_N001,ALTMMDW_2_N001,ALTMMDW_2_N001,RTPD,MCL,LMP_LOSS_PRC,ALTMMDW_2_N001,ALL,1,0,4,4
2022-09-01T18:45:00-00:00,2022-09-01T19:00:00-00:00,2022-09-01,12,ALTMMDW_2_N001,ALTMMDW_2_N001,ALTMMDW_2_N001,RTPD,MCL,LMP_LOSS_PRC,ALTMMDW_2_N001,ALL,1,0,4,4
2022-09-01T19:45:00-00:00,2022-09-01T20:00:00-00:00,2022-09-01,13,ALTMMDW_2_N001,ALTMMDW_2_N001,ALTMMDW_2_N001,RTPD,MCL,LMP_LOSS_PRC,ALTMMDW_2_N001,ALL,1,0,4,4
2022-09-01T20:45:00-00:00,2022-09-01T21:00:00-00:00,2022-09-01,14,ALTMMDW_2_N001,ALTMMDW_2_N001,ALTMMDW_2_N001,RTPD,MCL,LMP_LOSS_PRC,ALTMMDW_2_N001,ALL,1,0,4,4
2022-09-01T21:45:00-00:00,2022-09-01T22:00:00-00:00,2022-09-01,15,ALTMMDW_2_N001,ALTMMDW_2_N001,ALTMMDW_2_N001,RTPD,MCL,LMP_LOSS_PRC,ALTMMDW_2_N001,ALL,1,0,4,4
2022-09-01T22:45:00-00:00,2022-09-01T23:00:00-00:00,2022-09-01,16,ALTMMDW_2_N001,ALTMMDW_2_N001,ALTMMDW_2_N001,RTPD,MCL,LMP_LOSS_PRC,ALTMMDW_2_N001,ALL,1,0,4,4
2022-09-01T23:45:00-00:00,2022-09-02T00:00:00-00:00,2022-09-01,17,ALTMMDW_2_N001,ALTMMDW_2_N001,ALTMMDW_2_N001,RTPD,MCL,LMP_LOSS_PRC,ALTMMDW_2_N001,ALL,1,0,4,4
2022-09-02T00:45:00-00:00,2022-09-02T01:00:00-00:00,2022-09-01,18,ALTMMDW_2_N001,ALTMMDW_2_N001,ALTMMDW_2_N001,RTPD,MCL,LMP_LOSS_PRC,ALTMMDW_2_N001,ALL,1,0,4,4
2022-09-02T01:45:00-00:00,2022-09-02T02:00:00-00:00,2022-09-01,19,ALTMMDW_2_N001,ALTMMDW_2_N001,ALTMMDW_2_N001,RTPD,MCL,LMP_LOSS_PRC,ALTMMDW_2_N001,ALL,1,0,4,4
2022-09-02T02:45:00-00:00,2022-09-02T03:00:00-00:00,2022-09-01,20,ALTMMDW_2_N001,ALTMMDW_2_N001,ALTMMDW_2_N001,RTPD,MCL,LMP_LOSS_PRC,ALTMMDW_2_N001,ALL,1,36.9924,4,4
2022-09-02T03:45:00-00:00,2022-09-02T04:00:00-00:00,2022-09-01,21,ALTMMDW_2_N001,ALTMMDW_2_N001,ALTMMDW_2_N001,RTPD,MCL,LMP_LOSS_PRC,ALTMMDW_2_N001,ALL,1,1.73599,4,4
2022-09-02T04:45:00-00:00,2022-09-02T05:00:00-00:00,2022-09-01,22,ALTMMDW_2_N001,ALTMMDW_2_N001,ALTMMDW_2_N001,RTPD,MCL,LMP_LOSS_PRC,ALTMMDW_2_N001,ALL,1,-0.06338,4,4
2022-09-02T05:45:00-00:00,2022-09-02T06:00:00-00:00,2022-09-01,23,ALTMMDW_2_N001,ALTMMDW_2_N001,ALTMMDW_2_N001,RTPD,MCL,LMP_LOSS_PRC,ALTMMDW_2_N001,ALL,1,0.13091,4,4
2022-09-02T06:45:00-00:00,2022-09-02T07:00:00-00:00,2022-09-01,24,ALTMMDW_2_N001,ALTMMDW_2_N001,ALTMMDW_2_N001,RTPD,MCL,LMP_LOSS_PRC,ALTMMDW_2_N001,ALL,1,0.44773,4,4
2022-09-01T07:00:00-00:00,2022-09-01T07:15:00-00:00,2022-09-01,01,ALTMMDW_2_N001,ALTMMDW_2_N001,ALTMMDW_2_N001,RTPD,MGHG,LMP_GHG_PRC,ALTMMDW_2_N001,ALL,1,0,1,5
2022-09-01T08:00:00-00:00,2022-09-01T08:15:00-00:00,2022-09-01,02,ALTMMDW_2_N001,ALTMMDW_2_N001,ALTMMDW_2_N001,RTPD,MGHG,LMP_GHG_PRC,ALTMMDW_2_N001,ALL,1,0,1,5
2022-09-01T09:00:00-00:00,2022-09-01T09:15:00-00:00,2022-09-01,03,ALTMMDW_2_N001,ALTMMDW_2_N001,ALTMMDW_2_N001,RTPD,MGHG,LMP_GHG_PRC,ALTMMDW_2_N001,ALL,1,0,1,5
2022-09-01T10:00:00-00:00,2022-09-01T10:15:00-00:00,2022-09-01,04,ALTMMDW_2_N001,ALTMMDW_2_N001,ALTMMDW_2_N001,RTPD,MGHG,LMP_GHG_PRC,ALTMMDW_2_N001,ALL,1,0,1,5
2022-09-01T11:00:00-00:00,2022-09-01T11:15:00-00:00,2022-09-01,05,ALTMMDW_2_N001,ALTMMDW_2_N001,ALTMMDW_2_N001,RTPD,MGHG,LMP_GHG_PRC,ALTMMDW_2_N001,ALL,1,0,1,5
2022-09-01T12:00:00-00:00,2022-09-01T12:15:00-00:00,2022-09-01,06,ALTMMDW_2_N001,ALTMMDW_2_N001,ALTMMDW_2_N001,RTPD,MGHG,LMP_GHG_PRC,ALTMMDW_2_N001,ALL,1,0,1,5
2022-09-01T13:00:00-00:00,2022-09-01T13:15:00-00:00,2022-09-01,07,ALTMMDW_2_N001,ALTMMDW_2_N001,ALTMMDW_2_N001,RTPD,MGHG,LMP_GHG_PRC,ALTMMDW_2_N001,ALL,1,0,1,5
2022-09-01T14:00:00-00:00,2022-09-01T14:15:00-00:00,2022-09-01,08,ALTMMDW_2_N001,ALTMMDW_2_N001,ALTMMDW_2_N001,RTPD,MGHG,LMP_GHG_PRC,ALTMMDW_2_N001,ALL,1,0,1,5
2022-09-01T15:00:00-00:00,2022-09-01T15:15:00-00:00,2022-09-01,09,ALTMMDW_2_N001,ALTMMDW_2_N001,ALTMMDW_2_N001,RTPD,MGHG,LMP_GHG_PRC,ALTMMDW_2_N001,ALL,1,0,1,5
2022-09-01T16:00:00-00:00,2022-09-01T16:15:00-00:00,2022-09-01,10,ALTMMDW_2_N001,ALTMMDW_2_N001,ALTMMDW_2_N001,RTPD,MGHG,LMP_GHG_PRC,ALTMMDW_2_N001,ALL,1,0,1,5
2022-09-01T17:00:00-00:00,2022-09-01T17:15:00-00:00,2022-09-01,11,ALTMMDW_2_N001,ALTMMDW_2_N001,ALTMMDW_2_N001,RTPD,MGHG,LMP_GHG_PRC,ALTMMDW_2_N001,ALL,1,0,1,5
2022-09-01T18:00:00-00:00,2022-09-01T18:15:00-00:00,2022-09-01,12,ALTMMDW_2_N001,ALTMMDW_2_N001,ALTMMDW_2_N001,RTPD,MGHG,LMP_GHG_PRC,ALTMMDW_2_N001,ALL,1,0,1,5
2022-09-01T19:00:00-00:00,2022-09-01T19:15:00-00:00,2022-09-01,13,ALTMMDW_2_N001,ALTMMDW_2_N001,ALTMMDW_2_N001,RTPD,MGHG,LMP_GHG_PRC,ALTMMDW_2_N001,ALL,1,0,1,5
2022-09-01T20:00:00-00:00,2022-09-01T20:15:00-00:00,2022-09-01,14,ALTMMDW_2_N001,ALTMMDW_2_N001,ALTMMDW_2_N001,RTPD,MGHG,LMP_GHG_PRC,ALTMMDW_2_N001,ALL,1,0,1,5
2022-09-01T21:00:00-00:00,2022-09-01T21:15:00-00:00,2022-09-01,15,ALTMMDW_2_N001,ALTMMDW_2_N001,ALTMMDW_2_N001,RTPD,MGHG,LMP_GHG_PRC,ALTMMDW_2_N001,ALL,1,0,1,5
2022-09-01T22:00:00-00:00,2022-09-01T22:15:00-00:00,2022-09-01,16,ALTMMDW_2_N001,ALTMMDW_2_N001,ALTMMDW_2_N001,RTPD,MGHG,LMP_GHG_PRC,ALTMMDW_2_N001,ALL,1,0,1,5
2022-09-01T23:00:00-00:00,2022-09-01T23:15:00-00:00,2022-09-01,17,ALTMMDW_2_N001,ALTMMDW_2_N001,ALTMMDW_2_N001,RTPD,MGHG,LMP_GHG_PRC,ALTMMDW_2_N001,ALL,1,0,1,5
2022-09-02T00:00:00-00:00,2022-09-02T00:15:00-00:00,2022-09-01,18,ALTMMDW_2_N001,ALTMMDW_2_N001,ALTMMDW_2_N001,RTPD,MGHG,LMP_GHG_PRC,ALTMMDW_2_N001,ALL,1,0,1,5
2022-09-02T01:00:00-00:00,2022-09-02T01:15:00-00:00,2022-09-01,19,ALTMMDW_2_N001,ALTMMDW_2_N001,ALTMMDW_2_N001,RTPD,MGHG,LMP_GHG_PRC,ALTMMDW_2_N001,ALL,1,0,1,5
2022-09-02T02:00:00-00:00,2022-09-02T02:15:00-00:00,2022-09-01,20,ALTMMDW_2_N001,ALTMMDW_2_N001,ALTMMDW_2_N001,RTPD,MGHG,LMP_GHG_PRC,ALTMMDW_2_N001,ALL,1,0,1,5
2022-09-02T03:00:00-00:00,2022-09-02T03:15:00-00:00,2022-09-01,21,ALTMMDW_2_N001,ALTMMDW_2_N001,ALTMMDW_2_N001,RTPD,MGHG,LMP_GHG_PRC,ALTMMDW_2_N001,ALL,1,0,1,5
2022-09-02T04:00:00-00:00,2022-09-02T04:15:00-00:00,2022-09-01,22,ALTMMDW_2_N001,ALTMMDW_2_N001,ALTMMDW_2_N001,RTPD,MGHG,LMP_GHG_PRC,ALTMMDW_2_N001,ALL,1,0,1,5
2022-09-02T05:00:00-00:00,2022-09-02T05:15:00-00:00,2022-09-01,23,ALTMMDW_2_N001,ALTMMDW_2_N001,ALTMMDW_2_N001,RTPD,MGHG,LMP_GHG_PRC,ALTMMDW_2_N001,ALL,1,0,1,5
2022-09-02T06:00:00-00:00,2022-09-02T06:15:00-00:00,2022-09-01,24,ALTMMDW_2_N001,ALTMMDW_2_N001,ALTMMDW_2_N001,RTPD,MGHG,LMP_GHG_PRC,ALTMMDW_2_N001,ALL,1,0,1,5
2022-09-01T07:15:00-00:00,2022-09-01T07:30:00-00:00,2022-09-01,01,ALTMMDW_2_N001,ALTMMDW_2_N001,ALTMMDW_2_N001,RTPD,MGHG,LMP_GHG_PRC,ALTMMDW_2_N001,ALL,1,0,2,5
2022-09-01T08:15:00-00:00,2022-09-01T08:30:00-00:00,2022-09-01,02,ALTMMDW_2_N001,ALTMMDW_2_N001,ALTMMDW_2_N001,RTPD,MGHG,LMP_GHG_PRC,ALTMMDW_2_N001,ALL,1,0,2,5
2022-09-01T09:15:00-00:00,2022-09-01T09:30:00-00:00,2022-09-01,03,ALTMMDW_2_N001,ALTMMDW_2_N001,ALTMMDW_2_N001,RTPD,MGHG,LMP_GHG_PRC,ALTMMDW_2_N001,ALL,1,0,2,5
2022-09-01T10:15:00-00:00,2022-09-01T10:30:00-00:00,2022-09-01,04,ALTMMDW_2_N001,ALTMMDW_2_N001,ALTMMDW_2_N001,RTPD,MGHG,LMP_GHG_PRC,ALTMMDW_2_N001,ALL,1,0,2,5
2022-09-01T11:15:00-00:00,2022-09-01T11:30:00-00:00,2022-09-01,05,ALTMMDW_2_N001,ALTMMDW_2_N001,ALTMMDW_2_N001,RTPD,MGHG,LMP_GHG_PRC,ALTMMDW_2_N001,ALL,1,0,2,5
2022-09-01T12:15:00-00:00,2022-09-01T12:30:00-00:00,2022-09-01,06,ALTMMDW_2_N001,ALTMMDW_2_N001,ALTMMDW_2_N001,RTPD,MGHG,LMP_GHG_PRC,ALTMMDW_2_N001,ALL,1,0,2,5
2022-09-01T13:15:00-00:00,2022-09-01T13:30:00-00:00,2022-09-01,07,ALTMMDW_2_N001,ALTMMDW_2_N001,ALTMMDW_2_N001,RTPD,MGHG,LMP_GHG_PRC,ALTMMDW_2_N001,ALL,1,0,2,5
2022-09-01T14:15:00-00:00,2022-09-01T14:30:00-00:00,2022-09-01,08,ALTMMDW_2_N001,ALTMMDW_2_N001,ALTMMDW_2_N001,RTPD,MGHG,LMP_GHG_PRC,ALTMMDW_2_N001,ALL,1,0,2,5
2022-09-01T15:15:00-00:00,2022-09-01T15:30:00-00:00,2022-09-01,09,ALTMMDW_2_N001,ALTMMDW_2_N001,ALTMMDW_2_N001,RTPD,MGHG,LMP_GHG_PRC,ALTMMDW_2_N001,ALL,1,0,2,5
2022-09-01T16:15:00-00:00,2022-09-01T16:30:00-00:00,2022-09-01,10,ALTMMDW_2_N001,ALTMMDW_2_N001,ALTMMDW_2_N001,RTPD,MGHG,LMP_GHG_PRC,ALTMMDW_2_N001,ALL,1,0,2,5
2022-09-01T17:15:00-00:00,2022-09-01T17:30:00-00:00,2022-09-01,11,ALTMMDW_2_N001,ALTMMDW_2_N001,ALTMMDW_2_N001,RTPD,MGHG,LMP_GHG_PRC,ALTMMDW_2_N001,ALL,1,0,2,5
2022-09-01T18:15:00-00:00,2022-09-01T18:30:00-00:00,2022-09-01,12,ALTMMDW_2_N001,ALTMMDW_2_N001,ALTMMDW_2_N001,RTPD,MGHG,LMP_GHG_PRC,ALTMMDW_2_N001,ALL,1,0,2,5
2022-09-01T19:15:00-00:00,2022-09-01T19:30:00-00:00,2022-09-01,13,ALTMMDW_2_N001,ALTMMDW_2_N001,ALTMMDW_2_N001,RTPD,MGHG,LMP_GHG_PRC,ALTMMDW_2_N001,ALL,1,0,2,5
2022-09-01T20:15:00-00:00,2022-09-01T20:30:00-00:00,2022-09-01,14,ALTMMDW_2_N001,ALTMMDW_2_N001,ALTMMDW_2_N001,RTPD,MGHG,LMP_GHG_PRC,ALTMMDW_2_N001,ALL,1,0,2,5
2022-09-01T21:15:00-00:00,2022-09-01T21:30:00-00:00,2022-09-01,15,ALTMMDW_2_N001,ALTMMDW_2_N001,ALTMMDW_2_N001,RTPD,MGHG,LMP_GHG_PRC,ALTMMDW_2_N001,ALL,1,0,2,5
2022-09-01T22:15:00-00:00,2022-09-01T22:30:00-00:00,2022-09-01,16,ALTMMDW_2_N001,ALTMMDW_2_N001,ALTMMDW_2_N001,RTPD,MGHG,LMP_GHG_PRC,ALTMMDW_2_N001,ALL,1,0,2,5
2022-09-01T23:15:00-00:00,2022-09-01T23:30:00-00:00,2022-09-01,17,ALTMMDW_2_N001,ALTMMDW_2_N001,ALTMMDW_2_N001,RTPD,MGHG,LMP_GHG_PRC,ALTMMDW_2_N001,ALL,1,0,2,5
2022-09-02T00:15:00-00:00,2022-09-02T00:30:00-00:00,2022-09-01,18,ALTMMDW_2_N001,ALTMMDW_2_N001,ALTMMDW_2_N001,RTPD,MGHG,LMP_GHG_PRC,ALTMMDW_2_N001,ALL,1,0,2,5
2022-09-02T01:15:00-00:00,2022-09-02T01:30:00-00:00,2022-09-01,19,ALTMMDW_2_N001,ALTMMDW_2_N001,ALTMMDW_2_N001,RTPD,MGHG,LMP_GHG_PRC,ALTMMDW_2_N001,ALL,1,0,2,5
2022-09-02T02:15:00-00:00,2022-09-02T02:30:00-00:00,2022-09-01,20,ALTMMDW_2_N001,ALTMMDW_2_N001,ALTMMDW_2_N001,RTPD,MGHG,LMP_GHG_PRC,ALTMMDW_2_N001,ALL,1,0,2,5
2022-09-02T03:15:00-00:00,2022-09-02T03:30:00-00:00,2022-09-01,21,ALTMMDW_2_N001,ALTMMDW_2_N001,ALTMMDW_2_N001,RTPD,MGHG,LMP_GHG_PRC,ALTMMDW_2_N001,ALL,1,0,2,5
2022-09-02T04:15:00-00:00,2022-09-02T04:30:00-00:00,2022-09-01,22,ALTMMDW_2_N001,ALTMMDW_2_N001,ALTMMDW_2_N001,RTPD,MGHG,LMP_GHG_PRC,ALTMMDW_2_N001,ALL,1,0,2,5
2022-09-02T05:15:00-00:00,2022-09-02T05:30:00-00:00,2022-09-01,23,ALTMMDW_2_N001,ALTMMDW_2_N001,ALTMMDW_2_N001,RTPD,MGHG,LMP_GHG_PRC,ALTMMDW_2_N001,ALL,1,0,2,5
2022-09-02T06:15:00-00:00,2022-09-02T06:30:00-00:00,2022-09-01,24,ALTMMDW_2_N001,ALTMMDW_2_N001,ALTMMDW_2_N001,RTPD,MGHG,LMP_GHG_PRC,ALTMMDW_2_N001,ALL,1,0,2,5
2022-09-01T07:30:00-00:00,2022-09-01T07:45:00-00:00,2022-09-01,01,ALTMMDW_2_N001,ALTMMDW_2_N001,ALTMMDW_2_N001,RTPD,MGHG,LMP_GHG_PRC,ALTMMDW_2_N001,ALL,1,0,3,5
2022-09-01T08:30:00-00:00,2022-09-01T08:45:00-00:00,2022-09-01,02,ALTMMDW_2_N001,ALTMMDW_2_N001,ALTMMDW_2_N001,RTPD,MGHG,LMP_GHG_PRC,ALTMMDW_2_N001,ALL,1,0,3,5
2022-09-01T09:30:00-00:00,2022-09-01T09:45:00-00:00,2022-09-01,03,ALTMMDW_2_N001,ALTMMDW_2_N001,ALTMMDW_2_N001,RTPD,MGHG,LMP_GHG_PRC,ALTMMDW_2_N001,ALL,1,0,3,5
2022-09-01T10:30:00-00:00,2022-09-01T10:45:00-00:00,2022-09-01,04,ALTMMDW_2_N001,ALTMMDW_2_N001,ALTMMDW_2_N001,RTPD,MGHG,LMP_GHG_PRC,ALTMMDW_2_N001,ALL,1,0,3,5
2022-09-01T11:30:00-00:00,2022-09-01T11:45:00-00:00,2022-09-01,05,ALTMMDW_2_N001,ALTMMDW_2_N001,ALTMMDW_2_N001,RTPD,MGHG,LMP_GHG_PRC,ALTMMDW_2_N001,ALL,1,0,3,5
2022-09-01T12:30:00-00:00,2022-09-01T12:45:00-00:00,2022-09-01,06,ALTMMDW_2_N001,ALTMMDW_2_N001,ALTMMDW_2_N001,RTPD,MGHG,LMP_GHG_PRC,ALTMMDW_2_N001,ALL,1,0,3,5
2022-09-01T13:30:00-00:00,2022-09-01T13:45:00-00:00,2022-09-01,07,ALTMMDW_2_N001,ALTMMDW_2_N001,ALTMMDW_2_N001,RTPD,MGHG,LMP_GHG_PRC,ALTMMDW_2_N001,ALL,1,0,3,5
2022-09-01T14:30:00-00:00,2022-09-01T14:45:00-00:00,2022-09-01,08,ALTMMDW_2_N001,ALTMMDW_2_N001,ALTMMDW_2_N001,RTPD,MGHG,LMP_GHG_PRC,ALTMMDW_2_N001,ALL,1,0,3,5
2022-09-01T15:30:00-00:00,2022-09-01T15:45:00-00:00,2022-09-01,09,ALTMMDW_2_N001,ALTMMDW_2_N001,ALTMMDW_2_N001,RTPD,MGHG,LMP_GHG_PRC,ALTMMDW_2_N001,ALL,1,0,3,5
2022-09-01T16:30:00-00:00,2022-09-01T16:45:00-00:00,2022-09-01,10,ALTMMDW_2_N001,ALTMMDW_2_N001,ALTMMDW_2_N001,RTPD,MGHG,LMP_GHG_PRC,ALTMMDW_2_N001,ALL,1,0,3,5
2022-09-01T17:30:00-00:00,2022-09-01T17:45:00-00:00,2022-09-01,11,ALTMMDW_2_N001,ALTMMDW_2_N001,ALTMMDW_2_N001,RTPD,MGHG,LMP_GHG_PRC,ALTMMDW_2_N001,ALL,1,0,3,5
2022-09-01T18:30:00-00:00,2022-09-01T18:45:00-00:00,2022-09-01,12,ALTMMDW_2_N001,ALTMMDW_2_N001,ALTMMDW_2_N001,RTPD,MGHG,LMP_GHG_PRC,ALTMMDW_2_N001,ALL,1,0,3,5
2022-09-01T19:30:00-00:00,2022-09-01T19:45:00-00:00,2022-09-01,13,ALTMMDW_2_N001,ALTMMDW_2_N001,ALTMMDW_2_N001,RTPD,MGHG,LMP_GHG_PRC,ALTMMDW_2_N001,ALL,1,0,3,5
2022-09-01T20:30:00-00:00,2022-09-01T20:45:00-00:00,2022-09-01,14,ALTMMDW_2_N001,ALTMMDW_2_N001,ALTMMDW_2_N001,RTPD,MGHG,LMP_GHG_PRC,ALTMMDW_2_N001,ALL,1,0,3,5
2022-09-01T21:30:00-00:00,2022-09-01T21:45:00-00:00,2022-09-01,15,ALTMMDW_2_N001,ALTMMDW_2_N001,ALTMMDW_2_N001,RTPD,MGHG,LMP_GHG_PRC,ALTMMDW_2_N001,ALL,1,0,3,5
2022-09-01T22:30:00-00:00,2022-09-01T22:45:00-00:00,2022-09-01,16,ALTMMDW_2_N001,ALTMMDW_2_N001,ALTMMDW_2_N001,RTPD,MGHG,LMP_GHG_PRC,ALTMMDW_2_N001,ALL,1,0,3,5
2022-09-01T23:30:00-00:00,2022-09-01T23:45:00-00:00,2022-09-01,17,ALTMMDW_2_N001,ALTMMDW_2_N001,ALTMMDW_2_N001,RTPD,MGHG,LMP_GHG_PRC,ALTMMDW_2_N001,ALL,1,0,3,5
2022-09-02T00:30:00-00:00,2022-09-02T00:45:00-00:00,2022-09-01,18,ALTMMDW_2_N001,ALTMMDW_2_N001,ALTMMDW_2_N001,RTPD,MGHG,LMP_GHG_PRC,ALTMMDW_2_N001,ALL,1,0,3,5
2022-09-02T01:30:00-00:00,2022-09-02T01:45:00-00:00,2022-09-01,19,ALTMMDW_2_N001,ALTMMDW_2_N001,ALTMMDW_2_N001,RTPD,MGHG,LMP_GHG_PRC,ALTMMDW_2_N001,ALL,1,0,3,5
2022-09-02T02:30:00-00:00,2022-09-02T02:45:00-00:00,2022-09-01,20,ALTMMDW_2_N001,ALTMMDW_2_N001,ALTMMDW_2_N001,RTPD,MGHG,LMP_GHG_PRC,ALTMMDW_2_N001,ALL,1,0,3,5
2022-09-02T03:30:00-00:00,2022-09-02T03:45:00-00:00,2022-09-01,21,ALTMMDW_2_N001,ALTMMDW_2_N001,ALTMMDW_2_N001,RTPD,MGHG,LMP_GHG_PRC,ALTMMDW_2_N001,ALL,1,0,3,5
2022-09-02T04:30:00-00:00,2022-09-02T04:45:00-00:00,2022-09-01,22,ALTMMDW_2_N001,ALTMMDW_2_N001,ALTMMDW_2_N001,RTPD,MGHG,LMP_GHG_PRC,ALTMMDW_2_N001,ALL,1,0,3,5
2022-09-02T05:30:00-00:00,2022-09-02T05:45:00-00:00,2022-09-01,23,ALTMMDW_2_N001,ALTMMDW_2_N001,ALTMMDW_2_N001,RTPD,MGHG,LMP_GHG_PRC,ALTMMDW_2_N001,ALL,1,0,3,5
2022-09-02T06:30:00-00:00,2022-09-02T06:45:00-00:00,2022-09-01,24,ALTMMDW_2_N001,ALTMMDW_2_N001,ALTMMDW_2_N001,RTPD,MGHG,LMP_GHG_PRC,ALTMMDW_2_N001,ALL,1,0,3,5
2022-09-01T07:45:00-00:00,2022-09-01T08:00:00-00:00,2022-09-01,01,ALTMMDW_2_N001,ALTMMDW_2_N001,ALTMMDW_2_N001,RTPD,MGHG,LMP_GHG_PRC,ALTMMDW_2_N001,ALL,1,0,4,5
2022-09-01T08:45:00-00:00,2022-09-01T09:00:00-00:00,2022-09-01,02,ALTMMDW_2_N001,ALTMMDW_2_N001,ALTMMDW_2_N001,RTPD,MGHG,LMP_GHG_PRC,ALTMMDW_2_N001,ALL,1,0,4,5
2022-09-01T09:45:00-00:00,2022-09-01T10:00:00-00:00,2022-09-01,03,ALTMMDW_2_N001,ALTMMDW_2_N001,ALTMMDW_2_N001,RTPD,MGHG,LMP_GHG_PRC,ALTMMDW_2_N001,ALL,1,0,4,5
2022-09-01T10:45:00-00:00,2022-09-01T11:00:00-00:00,2022-09-01,04,ALTMMDW_2_N001,ALTMMDW_2_N001,ALTMMDW_2_N001,RTPD,MGHG,LMP_GHG_PRC,ALTMMDW_2_N001,ALL,1,0,4,5
2022-09-01T11:45:00-00:00,2022-09-01T12:00:00-00:00,2022-09-01,05,ALTMMDW_2_N001,ALTMMDW_2_N001,ALTMMDW_2_N001,RTPD,MGHG,LMP_GHG_PRC,ALTMMDW_2_N001,ALL,1,0,4,5
2022-09-01T12:45:00-00:00,2022-09-01T13:00:00-00:00,2022-09-01,06,ALTMMDW_2_N001,ALTMMDW_2_N001,ALTMMDW_2_N001,RTPD,MGHG,LMP_GHG_PRC,ALTMMDW_2_N001,ALL,1,0,4,5
2022-09-01T13:45:00-00:00,2022-09-01T14:00:00-00:00,2022-09-01,07,ALTMMDW_2_N001,ALTMMDW_2_N001,ALTMMDW_2_N001,RTPD,MGHG,LMP_GHG_PRC,ALTMMDW_2_N001,ALL,1,0,4,5
2022-09-01T14:45:00-00:00,2022-09-01T15:00:00-00:00,2022-09-01,08,ALTMMDW_2_N001,ALTMMDW_2_N001,ALTMMDW_2_N001,RTPD,MGHG,LMP_GHG_PRC,ALTMMDW_2_N001,ALL,1,0,4,5
2022-09-01T15:45:00-00:00,2022-09-01T16:00:00-00:00,2022-09-01,09,ALTMMDW_2_N001,ALTMMDW_2_N001,ALTMMDW_2_N001,RTPD,MGHG,LMP_GHG_PRC,ALTMMDW_2_N001,ALL,1,0,4,5
2022-09-01T16:45:00-00:00,2022-09-01T17:00:00-00:00,2022-09-01,10,ALTMMDW_2_N001,ALTMMDW_2_N001,ALTMMDW_2_N001,RTPD,MGHG,LMP_GHG_PRC,ALTMMDW_2_N001,ALL,1,0,4,5
2022-09-01T17:45:00-00:00,2022-09-01T18:00:00-00:00,2022-09-01,11,ALTMMDW_2_N001,ALTMMDW_2_N001,ALTMMDW_2_N001,RTPD,MGHG,LMP_GHG_PRC,ALTMMDW_2_N001,ALL,1,0,4,5
2022-09-01T18:45:00-00:00,2022-09-01T19:00:00-00:00,2022-09-01,12,ALTMMDW_2_N001,ALTMMDW_2_N001,ALTMMDW_2_N001,RTPD,MGHG,LMP_GHG_PRC,ALTMMDW_2_N001,ALL,1,0,4,5
2022-09-01T19:45:00-00:00,2022-09-01T20:00:00-00:00,2022-09-01,13,ALTMMDW_2_N001,ALTMMDW_2_N001,ALTMMDW_2_N001,RTPD,MGHG,LMP_GHG_PRC,ALTMMDW_2_N001,ALL,1,0,4,5
2022-09-01T20:45:00-00:00,2022-09-01T21:00:00-00:00,2022-09-01,14,ALTMMDW_2_N001,ALTMMDW_2_N001,ALTMMDW_2_N001,RTPD,MGHG,LMP_GHG_PRC,ALTMMDW_2_N001,ALL,1,0,4,5
2022-09-01T21:45:00-00:00,2022-09-01T22:00:00-00:00,2022-09-01,15,ALTMMDW_2_N001,ALTMMDW_2_N001,ALTMMDW_2_N001,RTPD,MGHG,LMP_GHG_PRC,ALTMMDW_2_N001,ALL,1,0,4,5
2022-09-01T22:45:00-00:00,2022-09-01T23:00:00-00:00,2022-09-01,16,ALTMMDW_2_N001,ALTMMDW_2_N001,ALTMMDW_2_N001,RTPD,MGHG,LMP_GHG_PRC,ALTMMDW_2_N001,ALL,1,0,4,5
2022-09-01T23:45:00-00:00,2022-09-02T00:00:00-00:00,2022-09-01,17,ALTMMDW_2_N001,ALTMMDW_2_N001,ALTMMDW_2_N001,RTPD,MGHG,LMP_GHG_PRC,ALTMMDW_2_N001,ALL,1,0,4,5
2022-09-02T00:45:00-00:00,2022-09-02T01:00:00-00:00,2022-09-01,18,ALTMMDW_2_N001,ALTMMDW_2_N001,ALTMMDW_2_N001,RTPD,MGHG,LMP_GHG_PRC,ALTMMDW_2_N001,ALL,1,0,4,5
2022-09-02T01:45:00-00:00,2022-09-02T02:00:00-00:00,2022-09-01,19,ALTMMDW_2_N001,ALTMMDW_2_N001,ALTMMDW_2_N001,RTPD,MGHG,LMP_GHG_PRC,ALTMMDW_2_N001,ALL,1,0,4,5
2022-09-02T02:45:00-00:00,2022-09-02T03:00:00-00:00,2022-09-01,20,ALTMMDW_2_N001,ALTMMDW_2_N001,ALTMMDW_2_N001,RTPD,MGHG,LMP_GHG_PRC,ALTMMDW_2_N001,ALL,1,0,4,5
2022-09-02T03:45:00-00:00,2022-09-02T04:00:00-00:00,2022-09-01,21,ALTMMDW_2_N001,ALTMMDW_2_N001,ALTMMDW_2_N001,RTPD,MGHG,LMP_GHG_PRC,ALTMMDW_2_N001,ALL,1,0,4,5
2022-09-02T04:45:00-00:00,2022-09-02T05:00:00-00:00,2022-09-01,22,ALTMMDW_2_N001,ALTMMDW_2_N001,ALTMMDW_2_N001,RTPD,MGHG,LMP_GHG_PRC,ALTMMDW_2_N001,ALL,1,0,4,5
2022-09-02T05:45:00-00:00,2022-09-02T06:00:00-00:00,2022-09-01,23,ALTMMDW_2_N001,ALTMMDW_2_N001,ALTMMDW_2_N001,RTPD,MGHG,LMP_GHG_PRC,ALTMMDW_2_N001,ALL,1,0,4,5
2022-09-02T06:45:00-00:00,2022-09-02T07:00:00-00:00,2022-09-01,24,ALTMMDW_2_N001,ALTMMDW_2_N001,ALTMMDW_2_N001,RTPD,MGHG,LMP_GHG_PRC,ALTMMDW_2_N001,ALL,1,0,4,5
