INTERVALSTARTTIME_GMT,INTERVALENDTIME_GMT,OPR_DT,OPR_HR,NODE_ID_XML,NODE_ID,NODE,MARKET_RUN_ID,LMP_TYPE,XML_DATA_ITEM,PNODE_RESMRID,GRP_TYPE,POS,PRC,OPR_INTERVAL,GROUP
2022-09-01T07:00:00-00:00,2022-09-01T07:15:00-00:00,2022-09-01,01,KESWIK_7_UNIT 3GNODE,KESWIK_7_UNIT 3GNODE,KESWIK_7_UNIT 3GNODE,RTPD,LMP,LMP_PRC,KESWIK_7_UNIT 3GNODE,ALL,1,80.70733,1,1
2022-09-01T08:00:00-00:00,2022-09-01T08:15:00-00:00,2022-09-01,02,KESWIK_7_UNIT 3GNODE,KESWIK_7_UNIT 3GNODE,KESWIK_7_UNIT 3GNODE,RTPD,LMP,LMP_PRC,KESWIK_7_UNIT 3GNODE,ALL,1,112.40677,1,1
2022-09-01T09:00:00-00:00,2022-09-01T09:15:00-00:00,2022-09-01,03,KESWIK_7_UNIT 3GNODE,KESWIK_7_UNIT 3GNODE,KESWIK_7_UNIT 3GNODE,RTPD,LMP,LMP_PRC,KESWIK_7_UNIT 3GNODE,ALL,1,90.88271,1,1
2022-09-01T10:00:00-00:00,2022-09-01T10:15:00-00:00,2022-09-01,04,KESWIK_7_UNIT 3GNODE,KESWIK_7_UNIT 3GNODE,KESWIK_7_UNIT 3GNODE,RTPD,LMP,LMP_PRC,KESWIK_7_UNIT 3GNODE,ALL,1,90.39789,1,1
2022-09-01T11:00:00-00:00,2022-09-01T11:15:00-00:00,2022-09-01,05,KESWIK_7_UNIT 3GNODE,KESWIK_7_UNIT 3GNODE,KESWIK_7_UNIT 3GNODE,RTPD,LMP,LMP_PRC,KESWIK_7_UNIT 3GNODE,ALL,1,98.13877,1,1
2022-09-01T12:00:00-00:00,2022-09-01T12:15:00-00:00,2022-09-01,06,KESWIK_7_UNIT 3GNODE,KESWIK_7_UNIT 3GNODE,KESWIK_7_UNIT 3GNODE,RTPD,LMP,LMP_PRC,KESWIK_7_UNIT 3GNODE,ALL,1,83.10089,1,1
2022-09-01T13:00:00-00:00,2022-09-01T13:15:00-00:00,2022-09-01,07,KESWIK_7_UNIT 3GNODE,KESWIK_7_UNIT 3GNODE,KESWIK_7_UNIT 3GNODE,RTPD,LMP,LMP_PRC,KESWIK_7_UNIT 3GNODE,ALL,1,89.4644,1,1
2022-09-01T14:00:00-00:00,2022-09-01T14:15:00-00:00,2022-09-01,08,KESWIK_7_UNIT 3GNODE,KESWIK_7_UNIT 3GNODE,KESWIK_7_UNIT 3GNODE,RTPD,LMP,LMP_PRC,KESWIK_7_UNIT 3GNODE,ALL,1,108.27766,1,1
2022-09-01T15:00:00-00:00,2022-09-01T15:15:00-00:00,2022-09-01,09,KESWIK_7_UNIT 3GNODE,KESWIK_7_UNIT 3GNODE,KESWIK_7_UNIT 3GNODE,RTPD,LMP,LMP_PRC,KESWIK_7_UNIT 3GNODE,ALL,1,97.4124,1,1
2022-09-01T16:00:00-00:00,2022-09-01T16:15:00-00:00,2022-09-01,10,KESWIK_7_UNIT 3GNODE,KESWIK_7_UNIT 3GNODE,KESWIK_7_UNIT 3GNODE,RTPD,LMP,LMP_PRC,KESWIK_7_UNIT 3GNODE,ALL,1,83.43645,1,1
2022-09-01T17:00:00-00:00,2022-09-01T17:15:00-00:00,2022-09-01,11,KESWIK_7_UNIT 3GNODE,KESWIK_7_UNIT 3GNODE,KESWIK_7_UNIT 3GNODE,RTPD,LMP,LMP_PRC,KESWIK_7_UNIT 3GNODE,ALL,1,81.31099,1,1
2022-09-01T18:00:00-00:00,2022-09-01T18:15:00-00:00,2022-09-01,12,KESWIK_7_UNIT 3GNODE,KESWIK_7_UNIT 3GNODE,KESWIK_7_UNIT 3GNODE,RTPD,LMP,LMP_PRC,KESWIK_7_UNIT 3GNODE,ALL,1,61.18667,1,1
2022-09-01T19:00:00-00:00,2022-09-01T19:15:00-00:00,2022-09-01,13,KESWIK_7_UNIT 3GNODE,KESWIK_7_UNIT 3GNODE,KESWIK_7_UNIT 3GNODE,RTPD,LMP,LMP_PRC,KESWIK_7_UNIT 3GNODE,ALL,1,75.41882,1,1
2022-09-01T20:00:00-00:00,2022-09-01T20:15:00-00:00,2022-09-01,14,KESWIK_7_UNIT 3GNODE,KESWIK_7_UNIT 3GNODE,KESWIK_7_UNIT 3GNODE,RTPD,LMP,LMP_PRC,KESWIK_7_UNIT 3GNODE,ALL,1,114.62372,1,1
2022-09-01T21:00:00-00:00,2022-09-01T21:15:00-00:00,2022-09-01,15,KESWIK_7_UNIT 3GNODE,KESWIK_7_UNIT 3GNODE,KESWIK_7_UNIT 3GNODE,RTPD,LMP,LMP_PRC,KESWIK_7_UNIT 3GNODE,ALL,1,133.13293,1,1
2022-09-01T22:00:00-00:00,2022-09-01T22:15:00-00:00,2022-09-01,16,KESWIK_7_UNIT 3GNODE,KESWIK_7_UNIT 3GNODE,KESWIK_7_UNIT 3GNODE,RTPD,LMP,LMP_PRC,KESWIK_7_UNIT 3GNODE,ALL,1,127.97787,1,1
2022-09-01T23:00:00-00:00,2022-09-01T23:15:00-00:00,2022-09-01,17,KESWIK_7_UNIT 3GNODE,KESWIK_7_UNIT 3GNODE,KESWIK_7_UNIT 3GNODE,RTPD,LMP,LMP_PRC,KESWIK_7_UNIT 3GNODE,ALL,1,224.92865,1,1
2022-09-02T00:00:00-00:00,2022-09-02T00:15:00-00:00,2022-09-01,18,KESWIK_7_UNIT 3GNODE,KESWIK_7_UNIT 3GNODE,KESWIK_7_UNIT 3GNODE,RTPD,LMP,LMP_PRC,KESWIK_7_UNIT 3GNODE,ALL,1,1005.46686,1,1
2022-09-02T01:00:00-00:00,2022-09-02T01:15:00-00:00,2022-09-01,19,KESWIK_7_UNIT 3GNODE,KESWIK_7_UNIT 3GNODE,KESWIK_7_UNIT 3GNODE,RTPD,LMP,LMP_PRC,KESWIK_7_UNIT 3GNODE,ALL,1,1181.6812,1,1
2022-09-02T02:00:00-00:00,2022-09-02T02:15:00-00:00,2022-09-01,20,KESWIK_7_UNIT 3GNODE,KESWIK_7_UNIT 3GNODE,KESWIK_7_UNIT 3GNODE,RTPD,LMP,LMP_PRC,KESWIK_7_UNIT 3GNODE,ALL,1,1991.671,1,1
2022-09-02T03:00:00-00:00,2022-09-02T03:15:00-00:00,2022-09-01,21,KESWIK_7_UNIT 3GNODE,KESWIK_7_UNIT 3GNODE,KESWIK_7_UNIT 3GNODE,RTPD,LMP,LMP_PRC,KESWIK_7_UNIT 3GNODE,ALL,1,1198.6581,1,1
2022-09-02T04:00:00-00:00,2022-09-02T04:15:00-00:00,2022-09-01,22,KESWIK_7_UNIT 3GNODE,KESWIK_7_UNIT 3GNODE,KESWIK_7_UNIT 3GNODE,RTPD,LMP,LMP_PRC,KESWIK_7_UNIT 3GNODE,ALL,1,245.3757,1,1
2022-09-02T05:00:00-00:00,2022-09-02T05:15:00-00:00,2022-09-01,23,KESWIK_7_UNIT 3GNODE,KESWIK_7_UNIT 3GNODE,KESWIK_7_UNIT 3GNODE,RTPD,LMP,LMP_PRC,KESWIK_7_UNIT 3GNODE,ALL,1,176.8341,1,1
2022-09-02T06:00:00-00:00,2022-09-02T06:15:00-00:00,2022-09-01,24,KESWIK_7_UNIT 3GNODE,KESWIK_7_UNIT 3GNODE,KESWIK_7_UNIT 3GNODE,RTPD,LMP,LMP_PRC,KESWIK_7_UNIT 3GNODE,ALL,1,152.44994,1,1
2022-09-01T07:15:00-00:00,2022-09-01T07:30:00-00:00,2022-09-01,01,KESWIK_7_UNIT 3GNODE,KESWIK_7_UNIT 3GNODE,KESWIK_7_UNIT 3GNODE,RTPD,LMP,LMP_PRC,KESWIK_7_UNIT 3GNODE,ALL,1,116.1487,2,1
2022-09-01T08:15:00-00:00,2022-09-01T08:30:00-00:00,2022-09-01,02,KESWIK_7_UNIT 3GNODE,KESWIK_7_UNIT 3GNODE,KESWIK_7_UNIT 3GNODE,RTPD,LMP,LMP_PRC,KESWIK_7_UNIT 3GNODE,ALL,1,114.67489,2,1
2022-09-01T09:15:00-00:00,2022-09-01T09:30:00-00:00,2022-09-01,03,KESWIK_7_UNIT 3GNODE,KESWIK_7_UNIT 3GNODE,KESWIK_7_UNIT 3GNODE,RTPD,LMP,LMP_PRC,KESWIK_7_UNIT 3GNODE,ALL,1,88.25368,2,1
2022-09-01T10:15:00-00:00,2022-09-01T10:30:00-00:00,2022-09-01,04,KESWIK_7_UNIT 3GNODE,KESWIK_7_UNIT 3GNODE,KESWIK_7_UNIT 3GNODE,RTPD,LMP,LMP_PRC,KESWIK_7_UNIT 3GNODE,ALL,1,87.28573,2,1
2022-09-01T11:15:00-00:00,2022-09-01T11:30:00-00:00,2022-09-01,05,KESWIK_7_UNIT 3GNODE,KESWIK_7_UNIT 3GNODE,KESWIK_7_UNIT 3GNODE,RTPD,LMP,LMP_PRC,KESWIK_7_UNIT 3GNODE,ALL,1,98.57637,2,1
2022-09-01T12:15:00-00:00,2022-09-01T12:30:00-00:00,2022-09-01,06,KESWIK_7_UNIT 3GNODE,KESWIK_7_UNIT 3GNODE,KESWIK_7_UNIT 3GNODE,RTPD,LMP,LMP_PRC,KESWIK_7_UNIT 3GNODE,ALL,1,98.64961,2,1
2022-09-01T13:15:00-00:00,2022-09-01T13:30:00-00:00,2022-09-01,07,KESWIK_7_UNIT 3GNODE,KESWIK_7_UNIT 3GNODE,KESWIK_7_UNIT 3GNODE,RTPD,LMP,LMP_PRC,KESWIK_7_UNIT 3GNODE,ALL,1,105.59902,2,1
2022-09-01T14:15:00-00:00,2022-09-01T14:30:00-00:00,2022-09-01,08,KESWIK_7_UNIT 3GNODE,KESWIK_7_UNIT 3GNODE,KESWIK_7_UNIT 3GNODE,RTPD,LMP,LMP_PRC,KESWIK_7_UNIT 3GNODE,ALL,1,102.16658,2,1
2022-09-01T15:15:00-00:00,2022-09-01T15:30:00-00:00,2022-09-01,09,KESWIK_7_UNIT 3GNODE,KESWIK_7_UNIT 3GNODE,KESWIK_7_UNIT 3GNODE,RTPD,LMP,LMP_PRC,KESWIK_7_UNIT 3GNODE,ALL,1,86.94,2,1
2022-09-01T16:15:00-00:00,2022-09-01T16:30:00-00:00,2022-09-01,10,KESWIK_7_UNIT 3GNODE,KESWIK_7_UNIT 3GNODE,KESWIK_7_UNIT 3GNODE,RTPD,LMP,LMP_PRC,KESWIK_7_UNIT 3GNODE,ALL,1,87.91139,2,1
2022-09-01T17:15:00-00:00,2022-09-01T17:30:00-00:00,2022-09-01,11,KESWIK_7_UNIT 3GNODE,KESWIK_7_UNIT 3GNODE,KESWIK_7_UNIT 3GNODE,RTPD,LMP,LMP_PRC,KESWIK_7_UNIT 3GNODE,ALL,1,80.29359,2,1
2022-09-01T18:15:00-00:00,2022-09-01T18:30:00-00:00,2022-09-01,12,KESWIK_7_UNIT 3GNODE,KESWIK_7_UNIT 3GNODE,KESWIK_7_UNIT 3GNODE,RTPD,LMP,LMP_PRC,KESWIK_7_UNIT 3GNODE,ALL,1,76.25863,2,1
2022-09-01T19:15:00-00:00,2022-09-01T19:30:00-00:00,2022-09-01,13,KESWIK_7_UNIT 3GNODE,KESWIK_7_UNIT 3GNODE,KESWIK_7_UNIT 3GNODE,RTPD,LMP,LMP_PRC,KESWIK_7_UNIT 3GNODE,ALL,1,77.49119,2,1
2022-09-01T20:15:00-00:00,2022-09-01T20:30:00-00:00,2022-09-01,14,KESWIK_7_UNIT 3GNODE,KESWIK_7_UNIT 3GNODE,KESWIK_7_UNIT 3GNODE,RTPD,LMP,LMP_PRC,KESWIK_7_UNIT 3GNODE,ALL,1,114.50472,2,1
2022-09-01T21:15:00-00:00,2022-09-01T21:30:00-00:00,2022-09-01,15,KESWIK_7_UNIT 3GNODE,KESWIK_7_UNIT 3GNODE,KESWIK_7_UNIT 3GNODE,RTPD,LMP,LMP_PRC,KESWIK_7_UNIT 3GNODE,ALL,1,121.94867,2,1
2022-09-01T22:15:00-00:00,2022-09-01T22:30:00-00:00,2022-09-01,16,KESWIK_7_UNIT 3GNODE,KESWIK_7_UNIT 3GNODE,KESWIK_7_UNIT 3GNODE,RTPD,LMP,LMP_PRC,KESWIK_7_UNIT 3GNODE,ALL,1,145.56091,2,1
2022-09-01T23:15:00-00:00,2022-09-01T23:30:00-00:00,2022-09-01,17,KESWIK_7_UNIT 3GNODE,KESWIK_7_UNIT 3GNODE,KESWIK_7_UNIT 3GNODE,RTPD,LMP,LMP_PRC,KESWIK_7_UNIT 3GNODE,ALL,1,265.99115,2,1
2022-09-02T00:15:00-00:00,2022-09-02T00:30:00-00:00,2022-09-01,18,KESWIK_7_UNIT 3GNODE,KESWIK_7_UNIT 3GNODE,KESWIK_7_UNIT 3GNODE,RTPD,LMP,LMP_PRC,KESWIK_7_UNIT 3GNODE,ALL,1,923.61676,2,1
2022-09-02T01:15:00-00:00,2022-09-02T01:30:00-00:00,2022-09-01,19,KESWIK_7_UNIT 3GNODE,KESWIK_7_UNIT 3GNODE,KESWIK_7_UNIT 3GNODE,RTPD,LMP,LMP_PRC,KESWIK_7_UNIT 3GNODE,ALL,1,1999.9945,2,1
2022-09-02T02:15:00-00:00,2022-09-02T02:30:00-00:00,2022-09-01,20,KESWIK_7_UNIT 3GNODE,KESWIK_7_UNIT 3GNODE,KESWIK_7_UNIT 3GNODE,RTPD,LMP,LMP_PRC,KESWIK_7_UNIT 3GNODE,ALL,1,1991.671,2,1
2022-09-02T03:15:00-00:00,2022-09-02T03:30:00-00:00,2022-09-01,21,KESWIK_7_UNIT 3GNODE,KESWIK_7_UNIT 3GNODE,KESWIK_7_UNIT 3GNODE,RTPD,LMP,LMP_PRC,KESWIK_7_UNIT 3GNODE,ALL,1,501.3937,2,1
2022-09-02T04:15:00-00:00,2022-09-02T04:30:00-00:00,2022-09-01,22,KESWIK_7_UNIT 3GNODE,KESWIK_7_UNIT 3GNODE,KESWIK_7_UNIT 3GNODE,RTPD,LMP,LMP_PRC,KESWIK_7_UNIT 3GNODE,ALL,1,213.53423,2,1
2022-09-02T05:15:00-00:00,2022-09-02T05:30:00-00:00,2022-09-01,23,KESWIK_7_UNIT 3GNODE,KESWIK_7_UNIT 3GNODE,KESWIK_7_UNIT 3GNODE,RTPD,LMP,LMP_PRC,KESWIK_7_UNIT 3GNODE,ALL,1,150.8048,2,1
2022-09-02T06:15:00-00:00,2022-09-02T06:30:00-00:00,2022-09-01,24,KESWIK_7_UNIT 3GNODE,KESWIK_7_UNIT 3GNODE,KESWIK_7_UNIT 3GNODE,RTPD,LMP,LMP_PRC,KESWIK_7_UNIT 3GNODE,ALL,1,136.04678,2,1
2022-09-01T07:30:00-00:00,2022-09-01T07:45:00-00:00,2022-09-01,01,KESWIK_7_UNIT 3GNODE,KESWIK_7_UNIT 3GNODE,KESWIK_7_UNIT 3GNODE,RTPD,LMP,LMP_PRC,KESWIK_7_UNIT 3GNODE,ALL,1,103.83767,3,1
2022-09-01T08:30:00-00:00,2022-09-01T08:45:00-00:00,2022-09-01,02,KESWIK_7_UNIT 3GNODE,KESWIK_7_UNIT 3GNODE,KESWIK_7_UNIT 3GNODE,RTPD,LMP,LMP_PRC,KESWIK_7_UNIT 3GNODE,ALL,1,106.19046,3,1
2022-09-01T09:30:00-00:00,2022-09-01T09:45:00-00:00,2022-09-01,03,KESWIK_7_UNIT 3GNODE,KESWIK_7_UNIT 3GNODE,KESWIK_7_UNIT 3GNODE,RTPD,LMP,LMP_PRC,KESWIK_7_UNIT 3GNODE,ALL,1,88.07833,3,1
2022-09-01T10:30:00-00:00,2022-09-01T10:45:00-00:00,2022-09-01,04,KESWIK_7_UNIT 3GNODE,KESWIK_7_UNIT 3GNODE,KESWIK_7_UNIT 3GNODE,RTPD,LMP,LMP_PRC,KESWIK_7_UNIT 3GNODE,ALL,1,88.98964,3,1
2022-09-01T11:30:00-00:00,2022-09-01T11:45:00-00:00,2022-09-01,05,KESWIK_7_UNIT 3GNODE,KESWIK_7_UNIT 3GNODE,KESWIK_7_UNIT 3GNODE,RTPD,LMP,LMP_PRC,KESWIK_7_UNIT 3GNODE,ALL,1,98.61085,3,1
2022-09-01T12:30:00-00:00,2022-09-01T12:45:00-00:00,2022-09-01,06,KESWIK_7_UNIT 3GNODE,KESWIK_7_UNIT 3GNODE,KESWIK_7_UNIT 3GNODE,RTPD,LMP,LMP_PRC,KESWIK_7_UNIT 3GNODE,ALL,1,98.68089,3,1
2022-09-01T13:30:00-00:00,2022-09-01T13:45:00-00:00,2022-09-01,07,KESWIK_7_UNIT 3GNODE,KESWIK_7_UNIT 3GNODE,KESWIK_7_UNIT 3GNODE,RTPD,LMP,LMP_PRC,KESWIK_7_UNIT 3GNODE,ALL,1,106.83525,3,1
2022-09-01T14:30:00-00:00,2022-09-01T14:45:00-00:00,2022-09-01,08,KESWIK_7_UNIT 3GNODE,KESWIK_7_UNIT 3GNODE,KESWIK_7_UNIT 3GNODE,RTPD,LMP,LMP_PRC,KESWIK_7_UNIT 3GNODE,ALL,1,99.64367,3,1
2022-09-01T15:30:00-00:00,2022-09-01T15:45:00-00:00,2022-09-01,09,KESWIK_7_UNIT 3GNODE,KESWIK_7_UNIT 3GNODE,KESWIK_7_UNIT 3GNODE,RTPD,LMP,LMP_PRC,KESWIK_7_UNIT 3GNODE,ALL,1,86.14,3,1
2022-09-01T16:30:00-00:00,2022-09-01T16:45:00-00:00,2022-09-01,10,KESWIK_7_UNIT 3GNODE,KESWIK_7_UNIT 3GNODE,KESWIK_7_UNIT 3GNODE,RTPD,LMP,LMP_PRC,KESWIK_7_UNIT 3GNODE,ALL,1,75.91187,3,1
2022-09-01T17:30:00-00:00,2022-09-01T17:45:00-00:00,2022-09-01,11,KESWIK_7_UNIT 3GNODE,KESWIK_7_UNIT 3GNODE,KESWIK_7_UNIT 3GNODE,RTPD,LMP,LMP_PRC,KESWIK_7_UNIT 3GNODE,ALL,1,80,3,1
2022-09-01T18:30:00-00:00,2022-09-01T18:45:00-00:00,2022-09-01,12,KESWIK_7_UNIT 3GNODE,KESWIK_7_UNIT 3GNODE,KESWIK_7_UNIT 3GNODE,RTPD,LMP,LMP_PRC,KESWIK_7_UNIT 3GNODE,ALL,1,81.08208,3,1
2022-09-01T19:30:00-00:00,2022-09-01T19:45:00-00:00,2022-09-01,13,KESWIK_7_UNIT 3GNODE,KESWIK_7_UNIT 3GNODE,KESWIK_7_UNIT 3GNODE,RTPD,LMP,LMP_PRC,KESWIK_7_UNIT 3GNODE,ALL,1,102.14107,3,1
2022-09-01T20:30:00-00:00,2022-09-01T20:45:00-00:00,2022-09-01,14,KESWIK_7_UNIT 3GNODE,KESWIK_7_UNIT 3GNODE,KESWIK_7_UNIT 3GNODE,RTPD,LMP,LMP_PRC,KESWIK_7_UNIT 3GNODE,ALL,1,117.75041,3,1
2022-09-01T21:30:00-00:00,2022-09-01T21:45:00-00:00,2022-09-01,15,KESWIK_7_UNIT 3GNODE,KESWIK_7_UNIT 3GNODE,KESWIK_7_UNIT 3GNODE,RTPD,LMP,LMP_PRC,KESWIK_7_UNIT 3GNODE,ALL,1,129.72272,3,1
2022-09-01T22:30:00-00:00,2022-09-01T22:45:00-00:00,2022-09-01,16,KESWIK_7_UNIT 3GNODE,KESWIK_7_UNIT 3GNODE,KESWIK_7_UNIT 3GNODE,RTPD,LMP,LMP_PRC,KESWIK_7_UNIT 3GNODE,ALL,1,163.80093,3,1
2022-09-01T23:30:00-00:00,2022-09-01T23:45:00-00:00,2022-09-01,17,KESWIK_7_UNIT 3GNODE,KESWIK_7_UNIT 3GNODE,KESWIK_7_UNIT 3GNODE,RTPD,LMP,LMP_PRC,KESWIK_7_UNIT 3GNODE,ALL,1,566.4828,3,1
2022-09-02T00:30:00-00:00,2022-09-02T00:45:00-00:00,2022-09-01,18,KESWIK_7_UNIT 3GNODE,KESWIK_7_UNIT 3GNODE,KESWIK_7_UNIT 3GNODE,RTPD,LMP,LMP_PRC,KESWIK_7_UNIT 3GNODE,ALL,1,1698.1808,3,1
2022-09-02T01:30:00-00:00,2022-09-02T01:45:00-00:00,2022-09-01,19,KESWIK_7_UNIT 3GNODE,KESWIK_7_UNIT 3GNODE,KESWIK_7_UNIT 3GNODE,RTPD,LMP,LMP_PRC,KESWIK_7_UNIT 3GNODE,ALL,1,1999.9944,3,1
2022-09-02T02:30:00-00:00,2022-09-02T02:45:00-00:00,2022-09-01,20,KESWIK_7_UNIT 3GNODE,KESWIK_7_UNIT 3GNODE,KESWIK_7_UNIT 3GNODE,RTPD,LMP,LMP_PRC,KESWIK_7_UNIT 3GNODE,ALL,1,1991.6698,3,1
2022-09-02T03:30:00-00:00,2022-09-02T03:45:00-00:00,2022-09-01,21,KESWIK_7_UNIT 3GNODE,KESWIK_7_UNIT 3GNODE,KESWIK_7_UNIT 3GNODE,RTPD,LMP,LMP_PRC,KESWIK_7_UNIT 3GNODE,ALL,1,205.32787,3,1
2022-09-02T04:30:00-00:00,2022-09-02T04:45:00-00:00,2022-09-01,22,KESWIK_7_UNIT 3GNODE,KESWIK_7_UNIT 3GNODE,KESWIK_7_UNIT 3GNODE,RTPD,LMP,LMP_PRC,KESWIK_7_UNIT 3GNODE,ALL,1,170.21584,3,1
2022-09-02T05:30:00-00:00,2022-09-02T05:45:00-00:00,2022-09-01,23,KESWIK_7_UNIT 3GNODE,KESWIK_7_UNIT 3GNODE,KESWIK_7_UNIT 3GNODE,RTPD,LMP,LMP_PRC,KESWIK_7_UNIT 3GNODE,ALL,1,125.8002,3,1
2022-09-02T06:30:00-00:00,2022-09-02T06:45:00-00:00,2022-09-01,24,KESWIK_7_UNIT 3GNODE,KESWIK_7_UNIT 3GNODE,KESWIK_7_UNIT 3GNODE,RTPD,LMP,LMP_PRC,KESWIK_7_UNIT 3GNODE,ALL,1,123.06775,3,1
2022-09-01T07:45:00-00:00,2022-09-01T08:00:00-00:00,2022-09-01,01,KESWIK_7_UNIT 3GNODE,KESWIK_7_UNIT 3GNODE,KESWIK_7_UNIT 3GNODE,RTPD,LMP,LMP_PRC,KESWIK_7_UNIT 3GNODE,ALL,1,91.80177,4,1
2022-09-01T08:45:00-00:00,2022-09-01T09:00:00-00:00,2022-09-01,02,KESWIK_7_UNIT 3GNODE,KESWIK_7_UNIT 3GNODE,KESWIK_7_UNIT 3GNODE,RTPD,LMP,LMP_PRC,KESWIK_7_UNIT 3GNODE,ALL,1,90.0656,4,1
2022-09-01T09:45:00-00:00,2022-09-01T10:00:00-00:00,2022-09-01,03,KESWIK_7_UNIT 3GNODE,KESWIK_7_UNIT 3GNODE,KESWIK_7_UNIT 3GNODE,RTPD,LMP,LMP_PRC,KESWIK_7_UNIT 3GNODE,ALL,1,88.01319,4,1
2022-09-01T10:45:00-00:00,2022-09-01T11:00:00-00:00,2022-09-01,04,KESWIK_7_UNIT 3GNODE,KESWIK_7_UNIT 3GNODE,KESWIK_7_UNIT 3GNODE,RTPD,LMP,LMP_PRC,KESWIK_7_UNIT 3GNODE,ALL,1,89.24525,4,1
2022-09-01T11:45:00-00:00,2022-09-01T12:00:00-00:00,2022-09-01,05,KESWIK_7_UNIT 3GNODE,KESWIK_7_UNIT 3GNODE,KESWIK_7_UNIT 3GNODE,RTPD,LMP,LMP_PRC,KESWIK_7_UNIT 3GNODE,ALL,1,107.0112,4,1
2022-09-01T12:45:00-00:00,2022-09-01T13:00:00-00:00,2022-09-01,06,KESWIK_7_UNIT 3GNODE,KESWIK_7_UNIT 3GNODE,KESWIK_7_UNIT 3GNODE,RTPD,LMP,LMP_PRC,KESWIK_7_UNIT 3GNODE,ALL,1,114.29136,4,1
2022-09-01T13:45:00-00:00,2022-09-01T14:00:00-00:00,2022-09-01,07,KESWIK_7_UNIT 3GNODE,KESWIK_7_UNIT 3GNODE,KESWIK_7_UNIT 3GNODE,RTPD,LMP,LMP_PRC,KESWIK_7_UNIT 3GNODE,ALL,1,111.4088,4,1
2022-09-01T14:45:00-00:00,2022-09-01T15:00:00-00:00,2022-09-01,08,KESWIK_7_UNIT 3GNODE,KESWIK_7_UNIT 3GNODE,KESWIK_7_UNIT 3GNODE,RTPD,LMP,LMP_PRC,KESWIK_7_UNIT 3GNODE,ALL,1,86.14,4,1
2022-09-01T15:45:00-00:00,2022-09-01T16:00:00-00:00,2022-09-01,09,KESWIK_7_UNIT 3GNODE,KESWIK_7_UNIT 3GNODE,KESWIK_7_UNIT 3GNODE,RTPD,LMP,LMP_PRC,KESWIK_7_UNIT 3GNODE,ALL,1,78.70196,4,1
2022-09-01T16:45:00-00:00,2022-09-01T17:00:00-00:00,2022-09-01,10,KESWIK_7_UNIT 3GNODE,KESWIK_7_UNIT 3GNODE,KESWIK_7_UNIT 3GNODE,RTPD,LMP,LMP_PRC,KESWIK_7_UNIT 3GNODE,ALL,1,79.64586,4,1
2022-09-01T17:45:00-00:00,2022-09-01T18:00:00-00:00,2022-09-01,11,KESWIK_7_UNIT 3GNODE,KESWIK_7_UNIT 3GNODE,KESWIK_7_UNIT 3GNODE,RTPD,LMP,LMP_PRC,KESWIK_7_UNIT 3GNODE,ALL,1,80.26158,4,1
2022-09-01T18:45:00-00:00,2022-09-01T19:00:00-00:00,2022-09-01,12,KESWIK_7_UNIT 3GNODE,KESWIK_7_UNIT 3GNODE,KESWIK_7_UNIT 3GNODE,RTPD,LMP,LMP_PRC,KESWIK_7_UNIT 3GNODE,ALL,1,83.16497,4,1
2022-09-01T19:45:00-00:00,2022-09-01T20:00:00-00:00,2022-09-01,13,KESWIK_7_UNIT 3GNODE,KESWIK_7_UNIT 3GNODE,KESWIK_7_UNIT 3GNODE,RTPD,LMP,LMP_PRC,KESWIK_7_UNIT 3GNODE,ALL,1,107.31257,4,1
2022-09-01T20:45:00-00:00,2022-09-01T21:00:00-00:00,2022-09-01,14,KESWIK_7_UNIT 3GNODE,KESWIK_7_UNIT 3GNODE,KESWIK_7_UNIT 3GNODE,RTPD,LMP,LMP_PRC,KESWIK_7_UNIT 3GNODE,ALL,1,127.3068,4,1
2022-09-01T21:45:00-00:00,2022-09-01T22:00:00-00:00,2022-09-01,15,KESWIK_7_UNIT 3GNODE,KESWIK_7_UNIT 3GNODE,KESWIK_7_UNIT 3GNODE,RTPD,LMP,LMP_PRC,KESWIK_7_UNIT 3GNODE,ALL,1,215.97508,4,1
2022-09-01T22:45:00-00:00,2022-09-01T23:00:00-00:00,2022-09-01,16,KESWIK_7_UNIT 3GNODE,KESWIK_7_UNIT 3GNODE,KESWIK_7_UNIT 3GNODE,RTPD,LMP,LMP_PRC,KESWIK_7_UNIT 3GNODE,ALL,1,188.4642,4,1
2022-09-01T23:45:00-00:00,2022-09-02T00:00:00-00:00,2022-09-01,17,KESWIK_7_UNIT 3GNODE,KESWIK_7_UNIT 3GNODE,KESWIK_7_UNIT 3GNODE,RTPD,LMP,LMP_PRC,KESWIK_7_UNIT 3GNODE,ALL,1,1584.4464,4,1
2022-09-02T00:45:00-00:00,2022-09-02T01:00:00-00:00,2022-09-01,18,KESWIK_7_UNIT 3GNODE,KESWIK_7_UNIT 3GNODE,KESWIK_7_UNIT 3GNODE,RTPD,LMP,LMP_PRC,KESWIK_7_UNIT 3GNODE,ALL,1,1751.5178,4,1
2022-09-02T01:45:00-00:00,2022-09-02T02:00:00-00:00,2022-09-01,19,KESWIK_7_UNIT 3GNODE,KESWIK_7_UNIT 3GNODE,KESWIK_7_UNIT 3GNODE,RTPD,LMP,LMP_PRC,KESWIK_7_UNIT 3GNODE,ALL,1,1991.9325,4,1
2022-09-02T02:45:00-00:00,2022-09-02T03:00:00-00:00,2022-09-01,20,KESWIK_7_UNIT 3GNODE,KESWIK_7_UNIT 3GNODE,KESWIK_7_UNIT 3GNODE,RTPD,LMP,LMP_PRC,KESWIK_7_UNIT 3GNODE,ALL,1,1622.4348,4,1
2022-09-02T03:45:00-00:00,2022-09-02T04:00:00-00:00,2022-09-01,21,KESWIK_7_UNIT 3GNODE,KESWIK_7_UNIT 3GNODE,KESWIK_7_UNIT 3GNODE,RTPD,LMP,LMP_PRC,KESWIK_7_UNIT 3GNODE,ALL,1,149.7799,4,1
2022-09-02T04:45:00-00:00,2022-09-02T05:00:00-00:00,2022-09-01,22,KESWIK_7_UNIT 3GNODE,KESWIK_7_UNIT 3GNODE,KESWIK_7_UNIT 3GNODE,RTPD,LMP,LMP_PRC,KESWIK_7_UNIT 3GNODE,ALL,1,120.55344,4,1
2022-09-02T05:45:00-00:00,2022-09-02T06:00:00-00:00,2022-09-01,23,KESWIK_7_UNIT 3GNODE,KESWIK_7_UNIT 3GNODE,KESWIK_7_UNIT 3GNODE,RTPD,LMP,LMP_PRC,KESWIK_7_UNIT 3GNODE,ALL,1,108.56378,4,1
2022-09-02T06:45:00-00:00,2022-09-02T07:00:00-00:00,2022-09-01,24,KESWIK_7_UNIT 3GNODE,KESWIK_7_UNIT 3GNODE,KESWIK_7_UNIT 3GNODE,RTPD,LMP,LMP_PRC,KESWIK_7_UNIT 3GNODE,ALL,1,104.66153,4,1
2022-09-01T07:00:00-00:00,2022-09-01T07:15:00-00:00,2022-09-01,01,KESWIK_7_UNIT 3GNODE,KESWIK_7_UNIT 3GNODE,KESWIK_7_UNIT 3GNODE,RTPD,MCC,LMP_CONG_PRC,KESWIK_7_UNIT 3GNODE,ALL,1,-17.80483,1,2
2022-09-01T08:00:00-00:00,2022-09-01T08:15:00-00:00,2022-09-01,02,KESWIK_7_UNIT 3GNODE,KESWIK_7_UNIT 3GNODE,KESWIK_7_UNIT 3GNODE,RTPD,MCC,LMP_CONG_PRC,KESWIK_7_UNIT 3GNODE,ALL,1,-3.14202,1,2
2022-09-01T09:00:00-00:00,2022-09-01T09:15:00-00:00,2022-09-01,03,KESWIK_7_UNIT 3GNODE,KESWIK_7_UNIT 3GNODE,KESWIK_7_UNIT 3GNODE,RTPD,MCC,LMP_CONG_PRC,KESWIK_7_UNIT 3GNODE,ALL,1,-4.21037,1,2
2022-09-01T10:00:00-00:00,2022-09-01T10:15:00-00:00,2022-09-01,04,KESWIK_7_UNIT 3GNODE,KESWIK_7_UNIT 3GNODE,KESWIK_7_UNIT 3GNODE,RTPD,MCC,LMP_CONG_PRC,KESWIK_7_UNIT 3GNODE,ALL,1,-3.64755,1,2
2022-09-01T11:00:00-00:00,2022-09-01T11:15:00-00:00,2022-09-01,05,KESWIK_7_UNIT 3GNODE,KESWIK_7_UNIT 3GNODE,KESWIK_7_UNIT 3GNODE,RTPD,MCC,LMP_CONG_PRC,KESWIK_7_UNIT 3GNODE,ALL,1,0.0012,1,2
2022-09-01T12:00:00-00:00,2022-09-01T12:15:00-00:00,2022-09-01,06,KESWIK_7_UNIT 3GNODE,KESWIK_7_UNIT 3GNODE,KESWIK_7_UNIT 3GNODE,RTPD,MCC,LMP_CONG_PRC,KESWIK_7_UNIT 3GNODE,ALL,1,-9.34003,1,2
2022-09-01T13:00:00-00:00,2022-09-01T13:15:00-00:00,2022-09-01,07,KESWIK_7_UNIT 3GNODE,KESWIK_7_UNIT 3GNODE,KESWIK_7_UNIT 3GNODE,RTPD,MCC,LMP_CONG_PRC,KESWIK_7_UNIT 3GNODE,ALL,1,-12.34438,1,2
2022-09-01T14:00:00-00:00,2022-09-01T14:15:00-00:00,2022-09-01,08,KESWIK_7_UNIT 3GNODE,KESWIK_7_UNIT 3GNODE,KESWIK_7_UNIT 3GNODE,RTPD,MCC,LMP_CONG_PRC,KESWIK_7_UNIT 3GNODE,ALL,1,-0.0012,1,2
2022-09-01T15:00:00-00:00,2022-09-01T15:15:00-00:00,2022-09-01,09,KESWIK_7_UNIT 3GNODE,KESWIK_7_UNIT 3GNODE,KESWIK_7_UNIT 3GNODE,RTPD,MCC,LMP_CONG_PRC,KESWIK_7_UNIT 3GNODE,ALL,1,0.0012,1,2
2022-09-01T16:00:00-00:00,2022-09-01T16:15:00-00:00,2022-09-01,10,KESWIK_7_UNIT 3GNODE,KESWIK_7_UNIT 3GNODE,KESWIK_7_UNIT 3GNODE,RTPD,MCC,LMP_CONG_PRC,KESWIK_7_UNIT 3GNODE,ALL,1,0.0012,1,2
2022-09-01T17:00:00-00:00,2022-09-01T17:15:00-00:00,2022-09-01,11,KESWIK_7_UNIT 3GNODE,KESWIK_7_UNIT 3GNODE,KESWIK_7_UNIT 3GNODE,RTPD,MCC,LMP_CONG_PRC,KESWIK_7_UNIT 3GNODE,ALL,1,-15.63798,1,2
2022-09-01T18:00:00-00:00,2022-09-01T18:15:00-00:00,2022-09-01,12,KESWIK_7_UNIT 3GNODE,KESWIK_7_UNIT 3GNODE,KESWIK_7_UNIT 3GNODE,RTPD,MCC,LMP_CONG_PRC,KESWIK_7_UNIT 3GNODE,ALL,1,-30.40624,1,2
2022-09-01T19:00:00-00:00,2022-09-01T19:15:00-00:00,2022-09-01,13,KESWIK_7_UNIT 3GNODE,KESWIK_7_UNIT 3GNODE,KESWIK_7_UNIT 3GNODE,RTPD,MCC,LMP_CONG_PRC,KESWIK_7_UNIT 3GNODE,ALL,1,-33.77755,1,2
2022-09-01T20:00:00-00:00,2022-09-01T20:15:00-00:00,2022-09-01,14,KESWIK_7_UNIT 3GNODE,KESWIK_7_UNIT 3GNODE,KESWIK_7_UNIT 3GNODE,RTPD,MCC,LMP_CONG_PRC,KESWIK_7_UNIT 3GNODE,ALL,1,-3.31987,1,2
2022-09-01T21:00:00-00:00,2022-09-01T21:15:00-00:00,2022-09-01,15,KESWIK_7_UNIT 3GNODE,KESWIK_7_UNIT 3GNODE,KESWIK_7_UNIT 3GNODE,RTPD,MCC,LMP_CONG_PRC,KESWIK_7_UNIT 3GNODE,ALL,1,-93.48205,1,2
2022-09-01T22:00:00-00:00,2022-09-01T22:15:00-00:00,2022-09-01,16,KESWIK_7_UNIT 3GNODE,KESWIK_7_UNIT 3GNODE,KESWIK_7_UNIT 3GNODE,RTPD,MCC,LMP_CONG_PRC,KESWIK_7_UNIT 3GNODE,ALL,1,-101.20764,1,2
2022-09-01T23:00:00-00:00,2022-09-01T23:15:00-00:00,2022-09-01,17,KESWIK_7_UNIT 3GNODE,KESWIK_7_UNIT 3GNODE,KESWIK_7_UNIT 3GNODE,RTPD,MCC,LMP_CONG_PRC,KESWIK_7_UNIT 3GNODE,ALL,1,-161.82504,1,2
2022-09-02T00:00:00-00:00,2022-09-02T00:15:00-00:00,2022-09-01,18,KESWIK_7_UNIT 3GNODE,KESWIK_7_UNIT 3GNODE,KESWIK_7_UNIT 3GNODE,RTPD,MCC,LMP_CONG_PRC,KESWIK_7_UNIT 3GNODE,ALL,1,271.7963,1,2
2022-09-02T01:00:00-00:00,2022-09-02T01:15:00-00:00,2022-09-01,19,KESWIK_7_UNIT 3GNODE,KESWIK_7_UNIT 3GNODE,KESWIK_7_UNIT 3GNODE,RTPD,MCC,LMP_CONG_PRC,KESWIK_7_UNIT 3GNODE,ALL,1,265.40985,1,2
2022-09-02T02:00:00-00:00,2022-09-02T02:15:00-00:00,2022-09-01,20,KESWIK_7_UNIT 3GNODE,KESWIK_7_UNIT 3GNODE,KESWIK_7_UNIT 3GNODE,RTPD,MCC,LMP_CONG_PRC,KESWIK_7_UNIT 3GNODE,ALL,1,-0.0012,1,2
2022-09-02T03:00:00-00:00,2022-09-02T03:15:00-00:00,2022-09-01,21,KESWIK_7_UNIT 3GNODE,KESWIK_7_UNIT 3GNODE,KESWIK_7_UNIT 3GNODE,RTPD,MCC,LMP_CONG_PRC,KESWIK_7_UNIT 3GNODE,ALL,1,335.05923,1,2
2022-09-02T04:00:00-00:00,2022-09-02T04:15:00-00:00,2022-09-01,22,KESWIK_7_UNIT 3GNODE,KESWIK_7_UNIT 3GNODE,KESWIK_7_UNIT 3GNODE,RTPD,MCC,LMP_CONG_PRC,KESWIK_7_UNIT 3GNODE,ALL,1,-0.0012,1,2
2022-09-02T05:00:00-00:00,2022-09-02T05:15:00-00:00,2022-09-01,23,KESWIK_7_UNIT 3GNODE,KESWIK_7_UNIT 3GNODE,KESWIK_7_UNIT 3GNODE,RTPD,MCC,LMP_CONG_PRC,KESWIK_7_UNIT 3GNODE,ALL,1,0.0012,1,2
2022-09-02T06:00:00-00:00,2022-09-02T06:15:00-00:00,2022-09-01,24,KESWIK_7_UNIT 3GNODE,KESWIK_7_UNIT 3GNODE,KESWIK_7_UNIT 3GNODE,RTPD,MCC,LMP_CONG_PRC,KESWIK_7_UNIT 3GNODE,ALL,1,0.0012,1,2
2022-09-01T07:15:00-00:00,2022-09-01T07:30:00-00:00,2022-09-01,01,KESWIK_7_UNIT 3GNODE,KESWIK_7_UNIT 3GNODE,KESWIK_7_UNIT 3GNODE,RTPD,MCC,LMP_CONG_PRC,KESWIK_7_UNIT 3GNODE,ALL,1,-9.40274,2,2
2022-09-01T08:15:00-00:00,2022-09-01T08:30:00-00:00,2022-09-01,02,KESWIK_7_UNIT 3GNODE,KESWIK_7_UNIT 3GNODE,KESWIK_7_UNIT 3GNODE,RTPD,MCC,LMP_CONG_PRC,KESWIK_7_UNIT 3GNODE,ALL,1,-0.85676,2,2
2022-09-01T09:15:00-00:00,2022-09-01T09:30:00-00:00,2022-09-01,03,KESWIK_7_UNIT 3GNODE,KESWIK_7_UNIT 3GNODE,KESWIK_7_UNIT 3GNODE,RTPD,MCC,LMP_CONG_PRC,KESWIK_7_UNIT 3GNODE,ALL,1,-5.51981,2,2
2022-09-01T10:15:00-00:00,2022-09-01T10:30:00-00:00,2022-09-01,04,KESWIK_7_UNIT 3GNODE,KESWIK_7_UNIT 3GNODE,KESWIK_7_UNIT 3GNODE,RTPD,MCC,LMP_CONG_PRC,KESWIK_7_UNIT 3GNODE,ALL,1,-5.16174,2,2
2022-09-01T11:15:00-00:00,2022-09-01T11:30:00-00:00,2022-09-01,05,KESWIK_7_UNIT 3GNODE,KESWIK_7_UNIT 3GNODE,KESWIK_7_UNIT 3GNODE,RTPD,MCC,LMP_CONG_PRC,KESWIK_7_UNIT 3GNODE,ALL,1,0.0012,2,2
2022-09-01T12:15:00-00:00,2022-09-01T12:30:00-00:00,2022-09-01,06,KESWIK_7_UNIT 3GNODE,KESWIK_7_UNIT 3GNODE,KESWIK_7_UNIT 3GNODE,RTPD,MCC,LMP_CONG_PRC,KESWIK_7_UNIT 3GNODE,ALL,1,-5.70915,2,2
2022-09-01T13:15:00-00:00,2022-09-01T13:30:00-00:00,2022-09-01,07,KESWIK_7_UNIT 3GNODE,KESWIK_7_UNIT 3GNODE,KESWIK_7_UNIT 3GNODE,RTPD,MCC,LMP_CONG_PRC,KESWIK_7_UNIT 3GNODE,ALL,1,-0.52955,2,2
2022-09-01T14:15:00-00:00,2022-09-01T14:30:00-00:00,2022-09-01,08,KESWIK_7_UNIT 3GNODE,KESWIK_7_UNIT 3GNODE,KESWIK_7_UNIT 3GNODE,RTPD,MCC,LMP_CONG_PRC,KESWIK_7_UNIT 3GNODE,ALL,1,-0.0012,2,2
2022-09-01T15:15:00-00:00,2022-09-01T15:30:00-00:00,2022-09-01,09,KESWIK_7_UNIT 3GNODE,KESWIK_7_UNIT 3GNODE,KESWIK_7_UNIT 3GNODE,RTPD,MCC,LMP_CONG_PRC,KESWIK_7_UNIT 3GNODE,ALL,1,0.0012,2,2
2022-09-01T16:15:00-00:00,2022-09-01T16:30:00-00:00,2022-09-01,10,KESWIK_7_UNIT 3GNODE,KESWIK_7_UNIT 3GNODE,KESWIK_7_UNIT 3GNODE,RTPD,MCC,LMP_CONG_PRC,KESWIK_7_UNIT 3GNODE,ALL,1,-1.53719,2,2
2022-09-01T17:15:00-00:00,2022-09-01T17:30:00-00:00,2022-09-01,11,KESWIK_7_UNIT 3GNODE,KESWIK_7_UNIT 3GNODE,KESWIK_7_UNIT 3GNODE,RTPD,MCC,LMP_CONG_PRC,KESWIK_7_UNIT 3GNODE,ALL,1,-19.05313,2,2
2022-09-01T18:15:00-00:00,2022-09-01T18:30:00-00:00,2022-09-01,12,KESWIK_7_UNIT 3GNODE,KESWIK_7_UNIT 3GNODE,KESWIK_7_UNIT 3GNODE,RTPD,MCC,LMP_CONG_PRC,KESWIK_7_UNIT 3GNODE,ALL,1,-24.90038,2,2
2022-09-01T19:15:00-00:00,2022-09-01T19:30:00-00:00,2022-09-01,13,KESWIK_7_UNIT 3GNODE,KESWIK_7_UNIT 3GNODE,KESWIK_7_UNIT 3GNODE,RTPD,MCC,LMP_CONG_PRC,KESWIK_7_UNIT 3GNODE,ALL,1,-27.81469,2,2
2022-09-01T20:15:00-00:00,2022-09-01T20:30:00-00:00,2022-09-01,14,KESWIK_7_UNIT 3GNODE,KESWIK_7_UNIT 3GNODE,KESWIK_7_UNIT 3GNODE,RTPD,MCC,LMP_CONG_PRC,KESWIK_7_UNIT 3GNODE,ALL,1,-2.98949,2,2
2022-09-01T21:15:00-00:00,2022-09-01T21:30:00-00:00,2022-09-01,15,KESWIK_7_UNIT 3GNODE,KESWIK_7_UNIT 3GNODE,KESWIK_7_UNIT 3GNODE,RTPD,MCC,LMP_CONG_PRC,KESWIK_7_UNIT 3GNODE,ALL,1,-25.26318,2,2
2022-09-01T22:15:00-00:00,2022-09-01T22:30:00-00:00,2022-09-01,16,KESWIK_7_UNIT 3GNODE,KESWIK_7_UNIT 3GNODE,KESWIK_7_UNIT 3GNODE,RTPD,MCC,LMP_CONG_PRC,KESWIK_7_UNIT 3GNODE,ALL,1,-111.0264,2,2
2022-09-01T23:15:00-00:00,2022-09-01T23:30:00-00:00,2022-09-01,17,KESWIK_7_UNIT 3GNODE,KESWIK_7_UNIT 3GNODE,KESWIK_7_UNIT 3GNODE,RTPD,MCC,LMP_CONG_PRC,KESWIK_7_UNIT 3GNODE,ALL,1,-96.13293,2,2
2022-09-02T00:15:00-00:00,2022-09-02T00:30:00-00:00,2022-09-01,18,KESWIK_7_UNIT 3GNODE,KESWIK_7_UNIT 3GNODE,KESWIK_7_UNIT 3GNODE,RTPD,MCC,LMP_CONG_PRC,KESWIK_7_UNIT 3GNODE,ALL,1,264.54013,2,2
2022-09-02T01:15:00-00:00,2022-09-02T01:30:00-00:00,2022-09-01,19,KESWIK_7_UNIT 3GNODE,KESWIK_7_UNIT 3GNODE,KESWIK_7_UNIT 3GNODE,RTPD,MCC,LMP_CONG_PRC,KESWIK_7_UNIT 3GNODE,ALL,1,0.0012,2,2
2022-09-02T02:15:00-00:00,2022-09-02T02:30:00-00:00,2022-09-01,20,KESWIK_7_UNIT 3GNODE,KESWIK_7_UNIT 3GNODE,KESWIK_7_UNIT 3GNODE,RTPD,MCC,LMP_CONG_PRC,KESWIK_7_UNIT 3GNODE,ALL,1,-0.0012,2,2
2022-09-02T03:15:00-00:00,2022-09-02T03:30:00-00:00,2022-09-01,21,KESWIK_7_UNIT 3GNODE,KESWIK_7_UNIT 3GNODE,KESWIK_7_UNIT 3GNODE,RTPD,MCC,LMP_CONG_PRC,KESWIK_7_UNIT 3GNODE,ALL,1,117.56687,2,2
2022-09-02T04:15:00-00:00,2022-09-02T04:30:00-00:00,2022-09-01,22,KESWIK_7_UNIT 3GNODE,KESWIK_7_UNIT 3GNODE,KESWIK_7_UNIT 3GNODE,RTPD,MCC,LMP_CONG_PRC,KESWIK_7_UNIT 3GNODE,ALL,1,-0.0012,2,2
2022-09-02T05:15:00-00:00,2022-09-02T05:30:00-00:00,2022-09-01,23,KESWIK_7_UNIT 3GNODE,KESWIK_7_UNIT 3GNODE,KESWIK_7_UNIT 3GNODE,RTPD,MCC,LMP_CONG_PRC,KESWIK_7_UNIT 3GNODE,ALL,1,0.0012,2,2
2022-09-02T06:15:00-00:00,2022-09-02T06:30:00-00:00,2022-09-01,24,KESWIK_7_UNIT 3GNODE,KESWIK_7_UNIT 3GNODE,KESWIK_7_UNIT 3GNODE,RTPD,MCC,LMP_CONG_PRC,KESWIK_7_UNIT 3GNODE,ALL,1,0.0012,2,2
2022-09-01T07:30:00-00:00,2022-09-01T07:45:00-00:00,2022-09-01,01,KESWIK_7_UNIT 3GNODE,KESWIK_7_UNIT 3GNODE,KESWIK_7_UNIT 3GNODE,RTPD,MCC,LMP_CONG_PRC,KESWIK_7_UNIT 3GNODE,ALL,1,-15.19429,3,2
2022-09-01T08:30:00-00:00,2022-09-01T08:45:00-00:00,2022-09-01,02,KESWIK_7_UNIT 3GNODE,KESWIK_7_UNIT 3GNODE,KESWIK_7_UNIT 3GNODE,RTPD,MCC,LMP_CONG_PRC,KESWIK_7_UNIT 3GNODE,ALL,1,0.00039,3,2
2022-09-01T09:30:00-00:00,2022-09-01T09:45:00-00:00,2022-09-01,03,KESWIK_7_UNIT 3GNODE,KESWIK_7_UNIT 3GNODE,KESWIK_7_UNIT 3GNODE,RTPD,MCC,LMP_CONG_PRC,KESWIK_7_UNIT 3GNODE,ALL,1,-5.47026,3,2
2022-09-01T10:30:00-00:00,2022-09-01T10:45:00-00:00,2022-09-01,04,KESWIK_7_UNIT 3GNODE,KESWIK_7_UNIT 3GNODE,KESWIK_7_UNIT 3GNODE,RTPD,MCC,LMP_CONG_PRC,KESWIK_7_UNIT 3GNODE,ALL,1,-2.91099,3,2
2022-09-01T11:30:00-00:00,2022-09-01T11:45:00-00:00,2022-09-01,05,KESWIK_7_UNIT 3GNODE,KESWIK_7_UNIT 3GNODE,KESWIK_7_UNIT 3GNODE,RTPD,MCC,LMP_CONG_PRC,KESWIK_7_UNIT 3GNODE,ALL,1,0.0012,3,2
2022-09-01T12:30:00-00:00,2022-09-01T12:45:00-00:00,2022-09-01,06,KESWIK_7_UNIT 3GNODE,KESWIK_7_UNIT 3GNODE,KESWIK_7_UNIT 3GNODE,RTPD,MCC,LMP_CONG_PRC,KESWIK_7_UNIT 3GNODE,ALL,1,-9.86176,3,2
2022-09-01T13:30:00-00:00,2022-09-01T13:45:00-00:00,2022-09-01,07,KESWIK_7_UNIT 3GNODE,KESWIK_7_UNIT 3GNODE,KESWIK_7_UNIT 3GNODE,RTPD,MCC,LMP_CONG_PRC,KESWIK_7_UNIT 3GNODE,ALL,1,-0.0012,3,2
2022-09-01T14:30:00-00:00,2022-09-01T14:45:00-00:00,2022-09-01,08,KESWIK_7_UNIT 3GNODE,KESWIK_7_UNIT 3GNODE,KESWIK_7_UNIT 3GNODE,RTPD,MCC,LMP_CONG_PRC,KESWIK_7_UNIT 3GNODE,ALL,1,-0.0012,3,2
2022-09-01T15:30:00-00:00,2022-09-01T15:45:00-00:00,2022-09-01,09,KESWIK_7_UNIT 3GNODE,KESWIK_7_UNIT 3GNODE,KESWIK_7_UNIT 3GNODE,RTPD,MCC,LMP_CONG_PRC,KESWIK_7_UNIT 3GNODE,ALL,1,0.0012,3,2
2022-09-01T16:30:00-00:00,2022-09-01T16:45:00-00:00,2022-09-01,10,KESWIK_7_UNIT 3GNODE,KESWIK_7_UNIT 3GNODE,KESWIK_7_UNIT 3GNODE,RTPD,MCC,LMP_CONG_PRC,KESWIK_7_UNIT 3GNODE,ALL,1,-12.88457,3,2
2022-09-01T17:30:00-00:00,2022-09-01T17:45:00-00:00,2022-09-01,11,KESWIK_7_UNIT 3GNODE,KESWIK_7_UNIT 3GNODE,KESWIK_7_UNIT 3GNODE,RTPD,MCC,LMP_CONG_PRC,KESWIK_7_UNIT 3GNODE,ALL,1,-19.13013,3,2
2022-09-01T18:30:00-00:00,2022-09-01T18:45:00-00:00,2022-09-01,12,KESWIK_7_UNIT 3GNODE,KESWIK_7_UNIT 3GNODE,KESWIK_7_UNIT 3GNODE,RTPD,MCC,LMP_CONG_PRC,KESWIK_7_UNIT 3GNODE,ALL,1,-25.97509,3,2
2022-09-01T19:30:00-00:00,2022-09-01T19:45:00-00:00,2022-09-01,13,KESWIK_7_UNIT 3GNODE,KESWIK_7_UNIT 3GNODE,KESWIK_7_UNIT 3GNODE,RTPD,MCC,LMP_CONG_PRC,KESWIK_7_UNIT 3GNODE,ALL,1,-11.91797,3,2
2022-09-01T20:30:00-00:00,2022-09-01T20:45:00-00:00,2022-09-01,14,KESWIK_7_UNIT 3GNODE,KESWIK_7_UNIT 3GNODE,KESWIK_7_UNIT 3GNODE,RTPD,MCC,LMP_CONG_PRC,KESWIK_7_UNIT 3GNODE,ALL,1,-12.06563,3,2
2022-09-01T21:30:00-00:00,2022-09-01T21:45:00-00:00,2022-09-01,15,KESWIK_7_UNIT 3GNODE,KESWIK_7_UNIT 3GNODE,KESWIK_7_UNIT 3GNODE,RTPD,MCC,LMP_CONG_PRC,KESWIK_7_UNIT 3GNODE,ALL,1,-23.20786,3,2
2022-09-01T22:30:00-00:00,2022-09-01T22:45:00-00:00,2022-09-01,16,KESWIK_7_UNIT 3GNODE,KESWIK_7_UNIT 3GNODE,KESWIK_7_UNIT 3GNODE,RTPD,MCC,LMP_CONG_PRC,KESWIK_7_UNIT 3GNODE,ALL,1,-119.38087,3,2
2022-09-01T23:30:00-00:00,2022-09-01T23:45:00-00:00,2022-09-01,17,KESWIK_7_UNIT 3GNODE,KESWIK_7_UNIT 3GNODE,KESWIK_7_UNIT 3GNODE,RTPD,MCC,LMP_CONG_PRC,KESWIK_7_UNIT 3GNODE,ALL,1,0.0012,3,2
2022-09-02T00:30:00-00:00,2022-09-02T00:45:00-00:00,2022-09-01,18,KESWIK_7_UNIT 3GNODE,KESWIK_7_UNIT 3GNODE,KESWIK_7_UNIT 3GNODE,RTPD,MCC,LMP_CONG_PRC,KESWIK_7_UNIT 3GNODE,ALL,1,369.0681,3,2
2022-09-02T01:30:00-00:00,2022-09-02T01:45:00-00:00,2022-09-01,19,KESWIK_7_UNIT 3GNODE,KESWIK_7_UNIT 3GNODE,KESWIK_7_UNIT 3GNODE,RTPD,MCC,LMP_CONG_PRC,KESWIK_7_UNIT 3GNODE,ALL,1,-0.0012,3,2
2022-09-02T02:30:00-00:00,2022-09-02T02:45:00-00:00,2022-09-01,20,KESWIK_7_UNIT 3GNODE,KESWIK_7_UNIT 3GNODE,KESWIK_7_UNIT 3GNODE,RTPD,MCC,LMP_CONG_PRC,KESWIK_7_UNIT 3GNODE,ALL,1,-0.0012,3,2
2022-09-02T03:30:00-00:00,2022-09-02T03:45:00-00:00,2022-09-01,21,KESWIK_7_UNIT 3GNODE,KESWIK_7_UNIT 3GNODE,KESWIK_7_UNIT 3GNODE,RTPD,MCC,LMP_CONG_PRC,KESWIK_7_UNIT 3GNODE,ALL,1,26.47291,3,2
2022-09-02T04:30:00-00:00,2022-09-02T04:45:00-00:00,2022-09-01,22,KESWIK_7_UNIT 3GNODE,KESWIK_7_UNIT 3GNODE,KESWIK_7_UNIT 3GNODE,RTPD,MCC,LMP_CONG_PRC,KESWIK_7_UNIT 3GNODE,ALL,1,-0.0012,3,2
2022-09-02T05:30:00-00:00,2022-09-02T05:45:00-00:00,2022-09-01,23,KESWIK_7_UNIT 3GNODE,KESWIK_7_UNIT 3GNODE,KESWIK_7_UNIT 3GNODE,RTPD,MCC,LMP_CONG_PRC,KESWIK_7_UNIT 3GNODE,ALL,1,0.0012,3,2
2022-09-02T06:30:00-00:00,2022-09-02T06:45:00-00:00,2022-09-01,24,KESWIK_7_UNIT 3GNODE,KESWIK_7_UNIT 3GNODE,KESWIK_7_UNIT 3GNODE,RTPD,MCC,LMP_CONG_PRC,KESWIK_7_UNIT 3GNODE,ALL,1,0.0012,3,2
2022-09-01T07:45:00-00:00,2022-09-01T08:00:00-00:00,2022-09-01,01,KESWIK_7_UNIT 3GNODE,KESWIK_7_UNIT 3GNODE,KESWIK_7_UNIT 3GNODE,RTPD,MCC,LMP_CONG_PRC,KESWIK_7_UNIT 3GNODE,ALL,1,-17.31921,4,2
2022-09-01T08:45:00-00:00,2022-09-01T09:00:00-00:00,2022-09-01,02,KESWIK_7_UNIT 3GNODE,KESWIK_7_UNIT 3GNODE,KESWIK_7_UNIT 3GNODE,RTPD,MCC,LMP_CONG_PRC,KESWIK_7_UNIT 3GNODE,ALL,1,-4.22693,4,2
2022-09-01T09:45:00-00:00,2022-09-01T10:00:00-00:00,2022-09-01,03,KESWIK_7_UNIT 3GNODE,KESWIK_7_UNIT 3GNODE,KESWIK_7_UNIT 3GNODE,RTPD,MCC,LMP_CONG_PRC,KESWIK_7_UNIT 3GNODE,ALL,1,-4.87953,4,2
2022-09-01T10:45:00-00:00,2022-09-01T11:00:00-00:00,2022-09-01,04,KESWIK_7_UNIT 3GNODE,KESWIK_7_UNIT 3GNODE,KESWIK_7_UNIT 3GNODE,RTPD,MCC,LMP_CONG_PRC,KESWIK_7_UNIT 3GNODE,ALL,1,-1.14567,4,2
2022-09-01T11:45:00-00:00,2022-09-01T12:00:00-00:00,2022-09-01,05,KESWIK_7_UNIT 3GNODE,KESWIK_7_UNIT 3GNODE,KESWIK_7_UNIT 3GNODE,RTPD,MCC,LMP_CONG_PRC,KESWIK_7_UNIT 3GNODE,ALL,1,0.0012,4,2
2022-09-01T12:45:00-00:00,2022-09-01T13:00:00-00:00,2022-09-01,06,KESWIK_7_UNIT 3GNODE,KESWIK_7_UNIT 3GNODE,KESWIK_7_UNIT 3GNODE,RTPD,MCC,LMP_CONG_PRC,KESWIK_7_UNIT 3GNODE,ALL,1,-2.19345,4,2
2022-09-01T13:45:00-00:00,2022-09-01T14:00:00-00:00,2022-09-01,07,KESWIK_7_UNIT 3GNODE,KESWIK_7_UNIT 3GNODE,KESWIK_7_UNIT 3GNODE,RTPD,MCC,LMP_CONG_PRC,KESWIK_7_UNIT 3GNODE,ALL,1,-0.0012,4,2
2022-09-01T14:45:00-00:00,2022-09-01T15:00:00-00:00,2022-09-01,08,KESWIK_7_UNIT 3GNODE,KESWIK_7_UNIT 3GNODE,KESWIK_7_UNIT 3GNODE,RTPD,MCC,LMP_CONG_PRC,KESWIK_7_UNIT 3GNODE,ALL,1,0.0012,4,2
2022-09-01T15:45:00-00:00,2022-09-01T16:00:00-00:00,2022-09-01,09,KESWIK_7_UNIT 3GNODE,KESWIK_7_UNIT 3GNODE,KESWIK_7_UNIT 3GNODE,RTPD,MCC,LMP_CONG_PRC,KESWIK_7_UNIT 3GNODE,ALL,1,0.0012,4,2
2022-09-01T16:45:00-00:00,2022-09-01T17:00:00-00:00,2022-09-01,10,KESWIK_7_UNIT 3GNODE,KESWIK_7_UNIT 3GNODE,KESWIK_7_UNIT 3GNODE,RTPD,MCC,LMP_CONG_PRC,KESWIK_7_UNIT 3GNODE,ALL,1,-11.60347,4,2
2022-09-01T17:45:00-00:00,2022-09-01T18:00:00-00:00,2022-09-01,11,KESWIK_7_UNIT 3GNODE,KESWIK_7_UNIT 3GNODE,KESWIK_7_UNIT 3GNODE,RTPD,MCC,LMP_CONG_PRC,KESWIK_7_UNIT 3GNODE,ALL,1,-18.94386,4,2
2022-09-01T18:45:00-00:00,2022-09-01T19:00:00-00:00,2022-09-01,12,KESWIK_7_UNIT 3GNODE,KESWIK_7_UNIT 3GNODE,KESWIK_7_UNIT 3GNODE,RTPD,MCC,LMP_CONG_PRC,KESWIK_7_UNIT 3GNODE,ALL,1,-25.87567,4,2
2022-09-01T19:45:00-00:00,2022-09-01T20:00:00-00:00,2022-09-01,13,KESWIK_7_UNIT 3GNODE,KESWIK_7_UNIT 3GNODE,KESWIK_7_UNIT 3GNODE,RTPD,MCC,LMP_CONG_PRC,KESWIK_7_UNIT 3GNODE,ALL,1,-12.91233,4,2
2022-09-01T20:45:00-00:00,2022-09-01T21:00:00-00:00,2022-09-01,14,KESWIK_7_UNIT 3GNODE,KESWIK_7_UNIT 3GNODE,KESWIK_7_UNIT 3GNODE,RTPD,MCC,LMP_CONG_PRC,KESWIK_7_UNIT 3GNODE,ALL,1,-26.71829,4,2
2022-09-01T21:45:00-00:00,2022-09-01T22:00:00-00:00,2022-09-01,15,KESWIK_7_UNIT 3GNODE,KESWIK_7_UNIT 3GNODE,KESWIK_7_UNIT 3GNODE,RTPD,MCC,LMP_CONG_PRC,KESWIK_7_UNIT 3GNODE,ALL,1,-84.31868,4,2
2022-09-01T22:45:00-00:00,2022-09-01T23:00:00-00:00,2022-09-01,16,KESWIK_7_UNIT 3GNODE,KESWIK_7_UNIT 3GNODE,KESWIK_7_UNIT 3GNODE,RTPD,MCC,LMP_CONG_PRC,KESWIK_7_UNIT 3GNODE,ALL,1,-241.44948,4,2
2022-09-01T23:45:00-00:00,2022-09-02T00:00:00-00:00,2022-09-01,17,KESWIK_7_UNIT 3GNODE,KESWIK_7_UNIT 3GNODE,KESWIK_7_UNIT 3GNODE,RTPD,MCC,LMP_CONG_PRC,KESWIK_7_UNIT 3GNODE,ALL,1,323.23392,4,2
2022-09-02T00:45:00-00:00,2022-09-02T01:00:00-00:00,2022-09-01,18,KESWIK_7_UNIT 3GNODE,KESWIK_7_UNIT 3GNODE,KESWIK_7_UNIT 3GNODE,RTPD,MCC,LMP_CONG_PRC,KESWIK_7_UNIT 3GNODE,ALL,1,232.3688,4,2
2022-09-02T01:45:00-00:00,2022-09-02T02:00:00-00:00,2022-09-01,19,KESWIK_7_UNIT 3GNODE,KESWIK_7_UNIT 3GNODE,KESWIK_7_UNIT 3GNODE,RTPD,MCC,LMP_CONG_PRC,KESWIK_7_UNIT 3GNODE,ALL,1,-0.0012,4,2
2022-09-02T02:45:00-00:00,2022-09-02T03:00:00-00:00,2022-09-01,20,KESWIK_7_UNIT 3GNODE,KESWIK_7_UNIT 3GNODE,KESWIK_7_UNIT 3GNODE,RTPD,MCC,LMP_CONG_PRC,KESWIK_7_UNIT 3GNODE,ALL,1,106.39793,4,2
2022-09-02T03:45:00-00:00,2022-09-02T04:00:00-00:00,2022-09-01,21,KESWIK_7_UNIT 3GNODE,KESWIK_7_UNIT 3GNODE,KESWIK_7_UNIT 3GNODE,RTPD,MCC,LMP_CONG_PRC,KESWIK_7_UNIT 3GNODE,ALL,1,15.4174,4,2
2022-09-02T04:45:00-00:00,2022-09-02T05:00:00-00:00,2022-09-01,22,KESWIK_7_UNIT 3GNODE,KESWIK_7_UNIT 3GNODE,KESWIK_7_UNIT 3GNODE,RTPD,MCC,LMP_CONG_PRC,KESWIK_7_UNIT 3GNODE,ALL,1,0.0012,4,2
2022-09-02T05:45:00-00:00,2022-09-02T06:00:00-00:00,2022-09-01,23,KESWIK_7_UNIT 3GNODE,KESWIK_7_UNIT 3GNODE,KESWIK_7_UNIT 3GNODE,RTPD,MCC,LMP_CONG_PRC,KESWIK_7_UNIT 3GNODE,ALL,1,-5.18552,4,2
2022-09-02T06:45:00-00:00,2022-09-02T07:00:00-00:00,2022-09-01,24,KESWIK_7_UNIT 3GNODE,KESWIK_7_UNIT 3GNODE,KESWIK_7_UNIT 3GNODE,RTPD,MCC,LMP_CONG_PRC,KESWIK_7_UNIT 3GNODE,ALL,1,0.0012,4,2
2022-09-01T07:00:00-00:00,2022-09-01T07:15:00-00:00,2022-09-01,01,KESWIK_7_UNIT 3GNODE,KESWIK_7_UNIT 3GNODE,KESWIK_7_UNIT 3GNODE,RTPD,MCE,LMP_ENE_PRC,KESWIK_7_UNIT 3GNODE,ALL,1,104.23471,1,3
2022-09-01T08:00:00-00:00,2022-09-01T08:15:00-00:00,2022-09-01,02,KESWIK_7_UNIT 3GNODE,KESWIK_7_UNIT 3GNODE,KESWIK_7_UNIT 3GNODE,RTPD,MCE,LMP_ENE_PRC,KESWIK_7_UNIT 3GNODE,ALL,1,115.5488,1,3
2022-09-01T09:00:00-00:00,2022-09-01T09:15:00-00:00,2022-09-01,03,KESWIK_7_UNIT 3GNODE,KESWIK_7_UNIT 3GNODE,KESWIK_7_UNIT 3GNODE,RTPD,MCE,LMP_ENE_PRC,KESWIK_7_UNIT 3GNODE,ALL,1,99.73061,1,3
2022-09-01T10:00:00-00:00,2022-09-01T10:15:00-00:00,2022-09-01,04,KESWIK_7_UNIT 3GNODE,KESWIK_7_UNIT 3GNODE,KESWIK_7_UNIT 3GNODE,RTPD,MCE,LMP_ENE_PRC,KESWIK_7_UNIT 3GNODE,ALL,1,98.64222,1,3
2022-09-01T11:00:00-00:00,2022-09-01T11:15:00-00:00,2022-09-01,05,KESWIK_7_UNIT 3GNODE,KESWIK_7_UNIT 3GNODE,KESWIK_7_UNIT 3GNODE,RTPD,MCE,LMP_ENE_PRC,KESWIK_7_UNIT 3GNODE,ALL,1,102.56859,1,3
2022-09-01T12:00:00-00:00,2022-09-01T12:15:00-00:00,2022-09-01,06,KESWIK_7_UNIT 3GNODE,KESWIK_7_UNIT 3GNODE,KESWIK_7_UNIT 3GNODE,RTPD,MCE,LMP_ENE_PRC,KESWIK_7_UNIT 3GNODE,ALL,1,96.90845,1,3
2022-09-01T13:00:00-00:00,2022-09-01T13:15:00-00:00,2022-09-01,07,KESWIK_7_UNIT 3GNODE,KESWIK_7_UNIT 3GNODE,KESWIK_7_UNIT 3GNODE,RTPD,MCE,LMP_ENE_PRC,KESWIK_7_UNIT 3GNODE,ALL,1,101.80878,1,3
2022-09-01T14:00:00-00:00,2022-09-01T14:15:00-00:00,2022-09-01,08,KESWIK_7_UNIT 3GNODE,KESWIK_7_UNIT 3GNODE,KESWIK_7_UNIT 3GNODE,RTPD,MCE,LMP_ENE_PRC,KESWIK_7_UNIT 3GNODE,ALL,1,111.11219,1,3
2022-09-01T15:00:00-00:00,2022-09-01T15:15:00-00:00,2022-09-01,09,KESWIK_7_UNIT 3GNODE,KESWIK_7_UNIT 3GNODE,KESWIK_7_UNIT 3GNODE,RTPD,MCE,LMP_ENE_PRC,KESWIK_7_UNIT 3GNODE,ALL,1,97.4112,1,3
2022-09-01T16:00:00-00:00,2022-09-01T16:15:00-00:00,2022-09-01,10,KESWIK_7_UNIT 3GNODE,KESWIK_7_UNIT 3GNODE,KESWIK_7_UNIT 3GNODE,RTPD,MCE,LMP_ENE_PRC,KESWIK_7_UNIT 3GNODE,ALL,1,83.43525,1,3
2022-09-01T17:00:00-00:00,2022-09-01T17:15:00-00:00,2022-09-01,11,KESWIK_7_UNIT 3GNODE,KESWIK_7_UNIT 3GNODE,KESWIK_7_UNIT 3GNODE,RTPD,MCE,LMP_ENE_PRC,KESWIK_7_UNIT 3GNODE,ALL,1,96.94897,1,3
2022-09-01T18:00:00-00:00,2022-09-01T18:15:00-00:00,2022-09-01,12,KESWIK_7_UNIT 3GNODE,KESWIK_7_UNIT 3GNODE,KESWIK_7_UNIT 3GNODE,RTPD,MCE,LMP_ENE_PRC,KESWIK_7_UNIT 3GNODE,ALL,1,91.59291,1,3
2022-09-01T19:00:00-00:00,2022-09-01T19:15:00-00:00,2022-09-01,13,KESWIK_7_UNIT 3GNODE,KESWIK_7_UNIT 3GNODE,KESWIK_7_UNIT 3GNODE,RTPD,MCE,LMP_ENE_PRC,KESWIK_7_UNIT 3GNODE,ALL,1,109.19637,1,3
2022-09-01T20:00:00-00:00,2022-09-01T20:15:00-00:00,2022-09-01,14,KESWIK_7_UNIT 3GNODE,KESWIK_7_UNIT 3GNODE,KESWIK_7_UNIT 3GNODE,RTPD,MCE,LMP_ENE_PRC,KESWIK_7_UNIT 3GNODE,ALL,1,117.94359,1,3
2022-09-01T21:00:00-00:00,2022-09-01T21:15:00-00:00,2022-09-01,15,KESWIK_7_UNIT 3GNODE,KESWIK_7_UNIT 3GNODE,KESWIK_7_UNIT 3GNODE,RTPD,MCE,LMP_ENE_PRC,KESWIK_7_UNIT 3GNODE,ALL,1,226.61499,1,3
2022-09-01T22:00:00-00:00,2022-09-01T22:15:00-00:00,2022-09-01,16,KESWIK_7_UNIT 3GNODE,KESWIK_7_UNIT 3GNODE,KESWIK_7_UNIT 3GNODE,RTPD,MCE,LMP_ENE_PRC,KESWIK_7_UNIT 3GNODE,ALL,1,229.18552,1,3
2022-09-01T23:00:00-00:00,2022-09-01T23:15:00-00:00,2022-09-01,17,KESWIK_7_UNIT 3GNODE,KESWIK_7_UNIT 3GNODE,KESWIK_7_UNIT 3GNODE,RTPD,MCE,LMP_ENE_PRC,KESWIK_7_UNIT 3GNODE,ALL,1,386.7537,1,3
2022-09-02T00:00:00-00:00,2022-09-02T00:15:00-00:00,2022-09-01,18,KESWIK_7_UNIT 3GNODE,KESWIK_7_UNIT 3GNODE,KESWIK_7_UNIT 3GNODE,RTPD,MCE,LMP_ENE_PRC,KESWIK_7_UNIT 3GNODE,ALL,1,770.58136,1,3
2022-09-02T01:00:00-00:00,2022-09-02T01:15:00-00:00,2022-09-01,19,KESWIK_7_UNIT 3GNODE,KESWIK_7_UNIT 3GNODE,KESWIK_7_UNIT 3GNODE,RTPD,MCE,LMP_ENE_PRC,KESWIK_7_UNIT 3GNODE,ALL,1,916.27124,1,3
2022-09-02T02:00:00-00:00,2022-09-02T02:15:00-00:00,2022-09-01,20,KESWIK_7_UNIT 3GNODE,KESWIK_7_UNIT 3GNODE,KESWIK_7_UNIT 3GNODE,RTPD,MCE,LMP_ENE_PRC,KESWIK_7_UNIT 3GNODE,ALL,1,1991.6721,1,3
2022-09-02T03:00:00-00:00,2022-09-02T03:15:00-00:00,2022-09-01,21,KESWIK_7_UNIT 3GNODE,KESWIK_7_UNIT 3GNODE,KESWIK_7_UNIT 3GNODE,RTPD,MCE,LMP_ENE_PRC,KESWIK_7_UNIT 3GNODE,ALL,1,917.5508,1,3
2022-09-02T04:00:00-00:00,2022-09-02T04:15:00-00:00,2022-09-01,22,KESWIK_7_UNIT 3GNODE,KESWIK_7_UNIT 3GNODE,KESWIK_7_UNIT 3GNODE,RTPD,MCE,LMP_ENE_PRC,KESWIK_7_UNIT 3GNODE,ALL,1,257.83005,1,3
2022-09-02T05:00:00-00:00,2022-09-02T05:15:00-00:00,2022-09-01,23,KESWIK_7_UNIT 3GNODE,KESWIK_7_UNIT 3GNODE,KESWIK_7_UNIT 3GNODE,RTPD,MCE,LMP_ENE_PRC,KESWIK_7_UNIT 3GNODE,ALL,1,183.24657,1,3
2022-09-02T06:00:00-00:00,2022-09-02T06:15:00-00:00,2022-09-01,24,KESWIK_7_UNIT 3GNODE,KESWIK_7_UNIT 3GNODE,KESWIK_7_UNIT 3GNODE,RTPD,MCE,LMP_ENE_PRC,KESWIK_7_UNIT 3GNODE,ALL,1,158.867,1,3
2022-09-01T07:15:00-00:00,2022-09-01T07:30:00-00:00,2022-09-01,01,KESWIK_7_UNIT 3GNODE,KESWIK_7_UNIT 3GNODE,KESWIK_7_UNIT 3GNODE,RTPD,MCE,LMP_ENE_PRC,KESWIK_7_UNIT 3GNODE,ALL,1,125.55144,2,3
2022-09-01T08:15:00-00:00,2022-09-01T08:30:00-00:00,2022-09-01,02,KESWIK_7_UNIT 3GNODE,KESWIK_7_UNIT 3GNODE,KESWIK_7_UNIT 3GNODE,RTPD,MCE,LMP_ENE_PRC,KESWIK_7_UNIT 3GNODE,ALL,1,115.53165,2,3
2022-09-01T09:15:00-00:00,2022-09-01T09:30:00-00:00,2022-09-01,03,KESWIK_7_UNIT 3GNODE,KESWIK_7_UNIT 3GNODE,KESWIK_7_UNIT 3GNODE,RTPD,MCE,LMP_ENE_PRC,KESWIK_7_UNIT 3GNODE,ALL,1,98.30543,2,3
2022-09-01T10:15:00-00:00,2022-09-01T10:30:00-00:00,2022-09-01,04,KESWIK_7_UNIT 3GNODE,KESWIK_7_UNIT 3GNODE,KESWIK_7_UNIT 3GNODE,RTPD,MCE,LMP_ENE_PRC,KESWIK_7_UNIT 3GNODE,ALL,1,97.00684,2,3
2022-09-01T11:15:00-00:00,2022-09-01T11:30:00-00:00,2022-09-01,05,KESWIK_7_UNIT 3GNODE,KESWIK_7_UNIT 3GNODE,KESWIK_7_UNIT 3GNODE,RTPD,MCE,LMP_ENE_PRC,KESWIK_7_UNIT 3GNODE,ALL,1,103.09059,2,3
2022-09-01T12:15:00-00:00,2022-09-01T12:30:00-00:00,2022-09-01,06,KESWIK_7_UNIT 3GNODE,KESWIK_7_UNIT 3GNODE,KESWIK_7_UNIT 3GNODE,RTPD,MCE,LMP_ENE_PRC,KESWIK_7_UNIT 3GNODE,ALL,1,109.32203,2,3
2022-09-01T13:15:00-00:00,2022-09-01T13:30:00-00:00,2022-09-01,07,KESWIK_7_UNIT 3GNODE,KESWIK_7_UNIT 3GNODE,KESWIK_7_UNIT 3GNODE,RTPD,MCE,LMP_ENE_PRC,KESWIK_7_UNIT 3GNODE,ALL,1,110.97827,2,3
2022-09-01T14:15:00-00:00,2022-09-01T14:30:00-00:00,2022-09-01,08,KESWIK_7_UNIT 3GNODE,KESWIK_7_UNIT 3GNODE,KESWIK_7_UNIT 3GNODE,RTPD,MCE,LMP_ENE_PRC,KESWIK_7_UNIT 3GNODE,ALL,1,104.78743,2,3
2022-09-01T15:15:00-00:00,2022-09-01T15:30:00-00:00,2022-09-01,09,KESWIK_7_UNIT 3GNODE,KESWIK_7_UNIT 3GNODE,KESWIK_7_UNIT 3GNODE,RTPD,MCE,LMP_ENE_PRC,KESWIK_7_UNIT 3GNODE,ALL,1,86.9388,2,3
2022-09-01T16:15:00-00:00,2022-09-01T16:30:00-00:00,2022-09-01,10,KESWIK_7_UNIT 3GNODE,KESWIK_7_UNIT 3GNODE,KESWIK_7_UNIT 3GNODE,RTPD,MCE,LMP_ENE_PRC,KESWIK_7_UNIT 3GNODE,ALL,1,89.44858,2,3
2022-09-01T17:15:00-00:00,2022-09-01T17:30:00-00:00,2022-09-01,11,KESWIK_7_UNIT 3GNODE,KESWIK_7_UNIT 3GNODE,KESWIK_7_UNIT 3GNODE,RTPD,MCE,LMP_ENE_PRC,KESWIK_7_UNIT 3GNODE,ALL,1,99.34673,2,3
2022-09-01T18:15:00-00:00,2022-09-01T18:30:00-00:00,2022-09-01,12,KESWIK_7_UNIT 3GNODE,KESWIK_7_UNIT 3GNODE,KESWIK_7_UNIT 3GNODE,RTPD,MCE,LMP_ENE_PRC,KESWIK_7_UNIT 3GNODE,ALL,1,101.15901,2,3
2022-09-01T19:15:00-00:00,2022-09-01T19:30:00-00:00,2022-09-01,13,KESWIK_7_UNIT 3GNODE,KESWIK_7_UNIT 3GNODE,KESWIK_7_UNIT 3GNODE,RTPD,MCE,LMP_ENE_PRC,KESWIK_7_UNIT 3GNODE,ALL,1,105.30588,2,3
2022-09-01T20:15:00-00:00,2022-09-01T20:30:00-00:00,2022-09-01,14,KESWIK_7_UNIT 3GNODE,KESWIK_7_UNIT 3GNODE,KESWIK_7_UNIT 3GNODE,RTPD,MCE,LMP_ENE_PRC,KESWIK_7_UNIT 3GNODE,ALL,1,117.49421,2,3
2022-09-01T21:15:00-00:00,2022-09-01T21:30:00-00:00,2022-09-01,15,KESWIK_7_UNIT 3GNODE,KESWIK_7_UNIT 3GNODE,KESWIK_7_UNIT 3GNODE,RTPD,MCE,LMP_ENE_PRC,KESWIK_7_UNIT 3GNODE,ALL,1,147.21185,2,3
2022-09-01T22:15:00-00:00,2022-09-01T22:30:00-00:00,2022-09-01,16,KESWIK_7_UNIT 3GNODE,KESWIK_7_UNIT 3GNODE,KESWIK_7_UNIT 3GNODE,RTPD,MCE,LMP_ENE_PRC,KESWIK_7_UNIT 3GNODE,ALL,1,256.58734,2,3
2022-09-01T23:15:00-00:00,2022-09-01T23:30:00-00:00,2022-09-01,17,KESWIK_7_UNIT 3GNODE,KESWIK_7_UNIT 3GNODE,KESWIK_7_UNIT 3GNODE,RTPD,MCE,LMP_ENE_PRC,KESWIK_7_UNIT 3GNODE,ALL,1,362.12408,2,3
2022-09-02T00:15:00-00:00,2022-09-02T00:30:00-00:00,2022-09-01,18,KESWIK_7_UNIT 3GNODE,KESWIK_7_UNIT 3GNODE,KESWIK_7_UNIT 3GNODE,RTPD,MCE,LMP_ENE_PRC,KESWIK_7_UNIT 3GNODE,ALL,1,691.2182,2,3
2022-09-02T01:15:00-00:00,2022-09-02T01:30:00-00:00,2022-09-01,19,KESWIK_7_UNIT 3GNODE,KESWIK_7_UNIT 3GNODE,KESWIK_7_UNIT 3GNODE,RTPD,MCE,LMP_ENE_PRC,KESWIK_7_UNIT 3GNODE,ALL,1,1999.9933,2,3
2022-09-02T02:15:00-00:00,2022-09-02T02:30:00-00:00,2022-09-01,20,KESWIK_7_UNIT 3GNODE,KESWIK_7_UNIT 3GNODE,KESWIK_7_UNIT 3GNODE,RTPD,MCE,LMP_ENE_PRC,KESWIK_7_UNIT 3GNODE,ALL,1,1991.6721,2,3
2022-09-02T03:15:00-00:00,2022-09-02T03:30:00-00:00,2022-09-01,21,KESWIK_7_UNIT 3GNODE,KESWIK_7_UNIT 3GNODE,KESWIK_7_UNIT 3GNODE,RTPD,MCE,LMP_ENE_PRC,KESWIK_7_UNIT 3GNODE,ALL,1,400.52884,2,3
2022-09-02T04:15:00-00:00,2022-09-02T04:30:00-00:00,2022-09-01,22,KESWIK_7_UNIT 3GNODE,KESWIK_7_UNIT 3GNODE,KESWIK_7_UNIT 3GNODE,RTPD,MCE,LMP_ENE_PRC,KESWIK_7_UNIT 3GNODE,ALL,1,224.75041,2,3
2022-09-02T05:15:00-00:00,2022-09-02T05:30:00-00:00,2022-09-01,23,KESWIK_7_UNIT 3GNODE,KESWIK_7_UNIT 3GNODE,KESWIK_7_UNIT 3GNODE,RTPD,MCE,LMP_ENE_PRC,KESWIK_7_UNIT 3GNODE,ALL,1,157.11986,2,3
2022-09-02T06:15:00-00:00,2022-09-02T06:30:00-00:00,2022-09-01,24,KESWIK_7_UNIT 3GNODE,KESWIK_7_UNIT 3GNODE,KESWIK_7_UNIT 3GNODE,RTPD,MCE,LMP_ENE_PRC,KESWIK_7_UNIT 3GNODE,ALL,1,143.1005,2,3
2022-09-01T07:30:00-00:00,2022-09-01T07:45:00-00:00,2022-09-01,01,KESWIK_7_UNIT 3GNODE,KESWIK_7_UNIT 3GNODE,KESWIK_7_UNIT 3GNODE,RTPD,MCE,LMP_ENE_PRC,KESWIK_7_UNIT 3GNODE,ALL,1,119.03196,3,3
2022-09-01T08:30:00-00:00,2022-09-01T08:45:00-00:00,2022-09-01,02,KESWIK_7_UNIT 3GNODE,KESWIK_7_UNIT 3GNODE,KESWIK_7_UNIT 3GNODE,RTPD,MCE,LMP_ENE_PRC,KESWIK_7_UNIT 3GNODE,ALL,1,111.11241,3,3
2022-09-01T09:30:00-00:00,2022-09-01T09:45:00-00:00,2022-09-01,03,KESWIK_7_UNIT 3GNODE,KESWIK_7_UNIT 3GNODE,KESWIK_7_UNIT 3GNODE,RTPD,MCE,LMP_ENE_PRC,KESWIK_7_UNIT 3GNODE,ALL,1,98.16228,3,3
2022-09-01T10:30:00-00:00,2022-09-01T10:45:00-00:00,2022-09-01,04,KESWIK_7_UNIT 3GNODE,KESWIK_7_UNIT 3GNODE,KESWIK_7_UNIT 3GNODE,RTPD,MCE,LMP_ENE_PRC,KESWIK_7_UNIT 3GNODE,ALL,1,96.36226,3,3
2022-09-01T11:30:00-00:00,2022-09-01T11:45:00-00:00,2022-09-01,05,KESWIK_7_UNIT 3GNODE,KESWIK_7_UNIT 3GNODE,KESWIK_7_UNIT 3GNODE,RTPD,MCE,LMP_ENE_PRC,KESWIK_7_UNIT 3GNODE,ALL,1,103.06198,3,3
2022-09-01T12:30:00-00:00,2022-09-01T12:45:00-00:00,2022-09-01,06,KESWIK_7_UNIT 3GNODE,KESWIK_7_UNIT 3GNODE,KESWIK_7_UNIT 3GNODE,RTPD,MCE,LMP_ENE_PRC,KESWIK_7_UNIT 3GNODE,ALL,1,113.57403,3,3
2022-09-01T13:30:00-00:00,2022-09-01T13:45:00-00:00,2022-09-01,07,KESWIK_7_UNIT 3GNODE,KESWIK_7_UNIT 3GNODE,KESWIK_7_UNIT 3GNODE,RTPD,MCE,LMP_ENE_PRC,KESWIK_7_UNIT 3GNODE,ALL,1,111.52025,3,3
2022-09-01T14:30:00-00:00,2022-09-01T14:45:00-00:00,2022-09-01,08,KESWIK_7_UNIT 3GNODE,KESWIK_7_UNIT 3GNODE,KESWIK_7_UNIT 3GNODE,RTPD,MCE,LMP_ENE_PRC,KESWIK_7_UNIT 3GNODE,ALL,1,101.83428,3,3
2022-09-01T15:30:00-00:00,2022-09-01T15:45:00-00:00,2022-09-01,09,KESWIK_7_UNIT 3GNODE,KESWIK_7_UNIT 3GNODE,KESWIK_7_UNIT 3GNODE,RTPD,MCE,LMP_ENE_PRC,KESWIK_7_UNIT 3GNODE,ALL,1,86.1388,3,3
2022-09-01T16:30:00-00:00,2022-09-01T16:45:00-00:00,2022-09-01,10,KESWIK_7_UNIT 3GNODE,KESWIK_7_UNIT 3GNODE,KESWIK_7_UNIT 3GNODE,RTPD,MCE,LMP_ENE_PRC,KESWIK_7_UNIT 3GNODE,ALL,1,88.79644,3,3
2022-09-01T17:30:00-00:00,2022-09-01T17:45:00-00:00,2022-09-01,11,KESWIK_7_UNIT 3GNODE,KESWIK_7_UNIT 3GNODE,KESWIK_7_UNIT 3GNODE,RTPD,MCE,LMP_ENE_PRC,KESWIK_7_UNIT 3GNODE,ALL,1,99.13013,3,3
2022-09-01T18:30:00-00:00,2022-09-01T18:45:00-00:00,2022-09-01,12,KESWIK_7_UNIT 3GNODE,KESWIK_7_UNIT 3GNODE,KESWIK_7_UNIT 3GNODE,RTPD,MCE,LMP_ENE_PRC,KESWIK_7_UNIT 3GNODE,ALL,1,107.05718,3,3
2022-09-01T19:30:00-00:00,2022-09-01T19:45:00-00:00,2022-09-01,13,KESWIK_7_UNIT 3GNODE,KESWIK_7_UNIT 3GNODE,KESWIK_7_UNIT 3GNODE,RTPD,MCE,LMP_ENE_PRC,KESWIK_7_UNIT 3GNODE,ALL,1,114.05905,3,3
2022-09-01T20:30:00-00:00,2022-09-01T20:45:00-00:00,2022-09-01,14,KESWIK_7_UNIT 3GNODE,KESWIK_7_UNIT 3GNODE,KESWIK_7_UNIT 3GNODE,RTPD,MCE,LMP_ENE_PRC,KESWIK_7_UNIT 3GNODE,ALL,1,129.81606,3,3
2022-09-01T21:30:00-00:00,2022-09-01T21:45:00-00:00,2022-09-01,15,KESWIK_7_UNIT 3GNODE,KESWIK_7_UNIT 3GNODE,KESWIK_7_UNIT 3GNODE,RTPD,MCE,LMP_ENE_PRC,KESWIK_7_UNIT 3GNODE,ALL,1,152.93057,3,3
2022-09-01T22:30:00-00:00,2022-09-01T22:45:00-00:00,2022-09-01,16,KESWIK_7_UNIT 3GNODE,KESWIK_7_UNIT 3GNODE,KESWIK_7_UNIT 3GNODE,RTPD,MCE,LMP_ENE_PRC,KESWIK_7_UNIT 3GNODE,ALL,1,283.18182,3,3
2022-09-01T23:30:00-00:00,2022-09-01T23:45:00-00:00,2022-09-01,17,KESWIK_7_UNIT 3GNODE,KESWIK_7_UNIT 3GNODE,KESWIK_7_UNIT 3GNODE,RTPD,MCE,LMP_ENE_PRC,KESWIK_7_UNIT 3GNODE,ALL,1,566.48157,3,3
2022-09-02T00:30:00-00:00,2022-09-02T00:45:00-00:00,2022-09-01,18,KESWIK_7_UNIT 3GNODE,KESWIK_7_UNIT 3GNODE,KESWIK_7_UNIT 3GNODE,RTPD,MCE,LMP_ENE_PRC,KESWIK_7_UNIT 3GNODE,ALL,1,1329.1127,3,3
2022-09-02T01:30:00-00:00,2022-09-02T01:45:00-00:00,2022-09-01,19,KESWIK_7_UNIT 3GNODE,KESWIK_7_UNIT 3GNODE,KESWIK_7_UNIT 3GNODE,RTPD,MCE,LMP_ENE_PRC,KESWIK_7_UNIT 3GNODE,ALL,1,1999.9956,3,3
2022-09-02T02:30:00-00:00,2022-09-02T02:45:00-00:00,2022-09-01,20,KESWIK_7_UNIT 3GNODE,KESWIK_7_UNIT 3GNODE,KESWIK_7_UNIT 3GNODE,RTPD,MCE,LMP_ENE_PRC,KESWIK_7_UNIT 3GNODE,ALL,1,1991.671,3,3
2022-09-02T03:30:00-00:00,2022-09-02T03:45:00-00:00,2022-09-01,21,KESWIK_7_UNIT 3GNODE,KESWIK_7_UNIT 3GNODE,KESWIK_7_UNIT 3GNODE,RTPD,MCE,LMP_ENE_PRC,KESWIK_7_UNIT 3GNODE,ALL,1,186.61823,3,3
2022-09-02T04:30:00-00:00,2022-09-02T04:45:00-00:00,2022-09-01,22,KESWIK_7_UNIT 3GNODE,KESWIK_7_UNIT 3GNODE,KESWIK_7_UNIT 3GNODE,RTPD,MCE,LMP_ENE_PRC,KESWIK_7_UNIT 3GNODE,ALL,1,180.67824,3,3
2022-09-02T05:30:00-00:00,2022-09-02T05:45:00-00:00,2022-09-01,23,KESWIK_7_UNIT 3GNODE,KESWIK_7_UNIT 3GNODE,KESWIK_7_UNIT 3GNODE,RTPD,MCE,LMP_ENE_PRC,KESWIK_7_UNIT 3GNODE,ALL,1,131.69917,3,3
2022-09-02T06:30:00-00:00,2022-09-02T06:45:00-00:00,2022-09-01,24,KESWIK_7_UNIT 3GNODE,KESWIK_7_UNIT 3GNODE,KESWIK_7_UNIT 3GNODE,RTPD,MCE,LMP_ENE_PRC,KESWIK_7_UNIT 3GNODE,ALL,1,128.9871,3,3
2022-09-01T07:45:00-00:00,2022-09-01T08:00:00-00:00,2022-09-01,01,KESWIK_7_UNIT 3GNODE,KESWIK_7_UNIT 3GNODE,KESWIK_7_UNIT 3GNODE,RTPD,MCE,LMP_ENE_PRC,KESWIK_7_UNIT 3GNODE,ALL,1,109.12099,4,3
2022-09-01T08:45:00-00:00,2022-09-01T09:00:00-00:00,2022-09-01,02,KESWIK_7_UNIT 3GNODE,KESWIK_7_UNIT 3GNODE,KESWIK_7_UNIT 3GNODE,RTPD,MCE,LMP_ENE_PRC,KESWIK_7_UNIT 3GNODE,ALL,1,98.7357,4,3
2022-09-01T09:45:00-00:00,2022-09-01T10:00:00-00:00,2022-09-01,03,KESWIK_7_UNIT 3GNODE,KESWIK_7_UNIT 3GNODE,KESWIK_7_UNIT 3GNODE,RTPD,MCE,LMP_ENE_PRC,KESWIK_7_UNIT 3GNODE,ALL,1,97.50475,4,3
2022-09-01T10:45:00-00:00,2022-09-01T11:00:00-00:00,2022-09-01,04,KESWIK_7_UNIT 3GNODE,KESWIK_7_UNIT 3GNODE,KESWIK_7_UNIT 3GNODE,RTPD,MCE,LMP_ENE_PRC,KESWIK_7_UNIT 3GNODE,ALL,1,94.71966,4,3
2022-09-01T11:45:00-00:00,2022-09-01T12:00:00-00:00,2022-09-01,05,KESWIK_7_UNIT 3GNODE,KESWIK_7_UNIT 3GNODE,KESWIK_7_UNIT 3GNODE,RTPD,MCE,LMP_ENE_PRC,KESWIK_7_UNIT 3GNODE,ALL,1,107.01,4,3
2022-09-01T12:45:00-00:00,2022-09-01T13:00:00-00:00,2022-09-01,06,KESWIK_7_UNIT 3GNODE,KESWIK_7_UNIT 3GNODE,KESWIK_7_UNIT 3GNODE,RTPD,MCE,LMP_ENE_PRC,KESWIK_7_UNIT 3GNODE,ALL,1,116.4848,4,3
2022-09-01T13:45:00-00:00,2022-09-01T14:00:00-00:00,2022-09-01,07,KESWIK_7_UNIT 3GNODE,KESWIK_7_UNIT 3GNODE,KESWIK_7_UNIT 3GNODE,RTPD,MCE,LMP_ENE_PRC,KESWIK_7_UNIT 3GNODE,ALL,1,111.41,4,3
2022-09-01T14:45:00-00:00,2022-09-01T15:00:00-00:00,2022-09-01,08,KESWIK_7_UNIT 3GNODE,KESWIK_7_UNIT 3GNODE,KESWIK_7_UNIT 3GNODE,RTPD,MCE,LMP_ENE_PRC,KESWIK_7_UNIT 3GNODE,ALL,1,86.1388,4,3
2022-09-01T15:45:00-00:00,2022-09-01T16:00:00-00:00,2022-09-01,09,KESWIK_7_UNIT 3GNODE,KESWIK_7_UNIT 3GNODE,KESWIK_7_UNIT 3GNODE,RTPD,MCE,LMP_ENE_PRC,KESWIK_7_UNIT 3GNODE,ALL,1,78.70076,4,3
2022-09-01T16:45:00-00:00,2022-09-01T17:00:00-00:00,2022-09-01,10,KESWIK_7_UNIT 3GNODE,KESWIK_7_UNIT 3GNODE,KESWIK_7_UNIT 3GNODE,RTPD,MCE,LMP_ENE_PRC,KESWIK_7_UNIT 3GNODE,ALL,1,91.24933,4,3
2022-09-01T17:45:00-00:00,2022-09-01T18:00:00-00:00,2022-09-01,11,KESWIK_7_UNIT 3GNODE,KESWIK_7_UNIT 3GNODE,KESWIK_7_UNIT 3GNODE,RTPD,MCE,LMP_ENE_PRC,KESWIK_7_UNIT 3GNODE,ALL,1,99.20544,4,3
2022-09-01T18:45:00-00:00,2022-09-01T19:00:00-00:00,2022-09-01,12,KESWIK_7_UNIT 3GNODE,KESWIK_7_UNIT 3GNODE,KESWIK_7_UNIT 3GNODE,RTPD,MCE,LMP_ENE_PRC,KESWIK_7_UNIT 3GNODE,ALL,1,109.04064,4,3
2022-09-01T19:45:00-00:00,2022-09-01T20:00:00-00:00,2022-09-01,13,KESWIK_7_UNIT 3GNODE,KESWIK_7_UNIT 3GNODE,KESWIK_7_UNIT 3GNODE,RTPD,MCE,LMP_ENE_PRC,KESWIK_7_UNIT 3GNODE,ALL,1,120.22491,4,3
2022-09-01T20:45:00-00:00,2022-09-01T21:00:00-00:00,2022-09-01,14,KESWIK_7_UNIT 3GNODE,KESWIK_7_UNIT 3GNODE,KESWIK_7_UNIT 3GNODE,RTPD,MCE,LMP_ENE_PRC,KESWIK_7_UNIT 3GNODE,ALL,1,154.02509,4,3
2022-09-01T21:45:00-00:00,2022-09-01T22:00:00-00:00,2022-09-01,15,KESWIK_7_UNIT 3GNODE,KESWIK_7_UNIT 3GNODE,KESWIK_7_UNIT 3GNODE,RTPD,MCE,LMP_ENE_PRC,KESWIK_7_UNIT 3GNODE,ALL,1,300.29376,4,3
2022-09-01T22:45:00-00:00,2022-09-01T23:00:00-00:00,2022-09-01,16,KESWIK_7_UNIT 3GNODE,KESWIK_7_UNIT 3GNODE,KESWIK_7_UNIT 3GNODE,RTPD,MCE,LMP_ENE_PRC,KESWIK_7_UNIT 3GNODE,ALL,1,429.9137,4,3
2022-09-01T23:45:00-00:00,2022-09-02T00:00:00-00:00,2022-09-01,17,KESWIK_7_UNIT 3GNODE,KESWIK_7_UNIT 3GNODE,KESWIK_7_UNIT 3GNODE,RTPD,MCE,LMP_ENE_PRC,KESWIK_7_UNIT 3GNODE,ALL,1,1261.2124,4,3
2022-09-02T00:45:00-00:00,2022-09-02T01:00:00-00:00,2022-09-01,18,KESWIK_7_UNIT 3GNODE,KESWIK_7_UNIT 3GNODE,KESWIK_7_UNIT 3GNODE,RTPD,MCE,LMP_ENE_PRC,KESWIK_7_UNIT 3GNODE,ALL,1,1519.149,4,3
2022-09-02T01:45:00-00:00,2022-09-02T02:00:00-00:00,2022-09-01,19,KESWIK_7_UNIT 3GNODE,KESWIK_7_UNIT 3GNODE,KESWIK_7_UNIT 3GNODE,RTPD,MCE,LMP_ENE_PRC,KESWIK_7_UNIT 3GNODE,ALL,1,1991.9337,4,3
2022-09-02T02:45:00-00:00,2022-09-02T03:00:00-00:00,2022-09-01,20,KESWIK_7_UNIT 3GNODE,KESWIK_7_UNIT 3GNODE,KESWIK_7_UNIT 3GNODE,RTPD,MCE,LMP_ENE_PRC,KESWIK_7_UNIT 3GNODE,ALL,1,1629.6213,4,3
2022-09-02T03:45:00-00:00,2022-09-02T04:00:00-00:00,2022-09-01,21,KESWIK_7_UNIT 3GNODE,KESWIK_7_UNIT 3GNODE,KESWIK_7_UNIT 3GNODE,RTPD,MCE,LMP_ENE_PRC,KESWIK_7_UNIT 3GNODE,ALL,1,141.13702,4,3
2022-09-02T04:45:00-00:00,2022-09-02T05:00:00-00:00,2022-09-01,22,KESWIK_7_UNIT 3GNODE,KESWIK_7_UNIT 3GNODE,KESWIK_7_UNIT 3GNODE,RTPD,MCE,LMP_ENE_PRC,KESWIK_7_UNIT 3GNODE,ALL,1,126.76372,4,3
2022-09-02T05:45:00-00:00,2022-09-02T06:00:00-00:00,2022-09-01,23,KESWIK_7_UNIT 3GNODE,KESWIK_7_UNIT 3GNODE,KESWIK_7_UNIT 3GNODE,RTPD,MCE,LMP_ENE_PRC,KESWIK_7_UNIT 3GNODE,ALL,1,119.00958,4,3
2022-09-02T06:45:00-00:00,2022-09-02T07:00:00-00:00,2022-09-01,24,KESWIK_7_UNIT 3GNODE,KESWIK_7_UNIT 3GNODE,KESWIK_7_UNIT 3GNODE,RTPD,MCE,LMP_ENE_PRC,KESWIK_7_UNIT 3GNODE,ALL,1,109.20324,4,3
2022-09-01T07:00:00-00:00,2022-09-01T07:15:00-00:00,2022-09-01,01,KESWIK_7_UNIT 3GNODE,KESWIK_7_UNIT 3GNODE,KESWIK_7_UNIT 3GNODE,RTPD,MCL,LMP_LOSS_PRC,KESWIK_7_UNIT 3GNODE,ALL,1,-5.72255,1,4
2022-09-01T08:00:00-00:00,2022-09-01T08:15:00-00:00,2022-09-01,02,KESWIK_7_UNIT 3GNODE,KESWIK_7_UNIT 3GNODE,KESWIK_7_UNIT 3GNODE,RTPD,MCL,LMP_LOSS_PRC,KESWIK_7_UNIT 3GNODE,ALL,1,0,1,4
2022-09-01T09:00:00-00:00,2022-09-01T09:15:00-00:00,2022-09-01,03,KESWIK_7_UNIT 3GNODE,KESWIK_7_UNIT 3GNODE,KESWIK_7_UNIT 3GNODE,RTPD,MCL,LMP_LOSS_PRC,KESWIK_7_UNIT 3GNODE,ALL,1,-4.63753,1,4
2022-09-01T10:00:00-00:00,2022-09-01T10:15:00-00:00,2022-09-01,04,KESWIK_7_UNIT 3GNODE,KESWIK_7_UNIT 3GNODE,KESWIK_7_UNIT 3GNODE,RTPD,MCL,LMP_LOSS_PRC,KESWIK_7_UNIT 3GNODE,ALL,1,-4.59678,1,4
2022-09-01T11:00:00-00:00,2022-09-01T11:15:00-00:00,2022-09-01,05,KESWIK_7_UNIT 3GNODE,KESWIK_7_UNIT 3GNODE,KESWIK_7_UNIT 3GNODE,RTPD,MCL,LMP_LOSS_PRC,KESWIK_7_UNIT 3GNODE,ALL,1,-4.43101,1,4
2022-09-01T12:00:00-00:00,2022-09-01T12:15:00-00:00,2022-09-01,06,KESWIK_7_UNIT 3GNODE,KESWIK_7_UNIT 3GNODE,KESWIK_7_UNIT 3GNODE,RTPD,MCL,LMP_LOSS_PRC,KESWIK_7_UNIT 3GNODE,ALL,1,-4.46753,1,4
2022-09-01T13:00:00-00:00,2022-09-01T13:15:00-00:00,2022-09-01,07,KESWIK_7_UNIT 3GNODE,KESWIK_7_UNIT 3GNODE,KESWIK_7_UNIT 3GNODE,RTPD,MCL,LMP_LOSS_PRC,KESWIK_7_UNIT 3GNODE,ALL,1,0,1,4
2022-09-01T14:00:00-00:00,2022-09-01T14:15:00-00:00,2022-09-01,08,KESWIK_7_UNIT 3GNODE,KESWIK_7_UNIT 3GNODE,KESWIK_7_UNIT 3GNODE,RTPD,MCL,LMP_LOSS_PRC,KESWIK_7_UNIT 3GNODE,ALL,1,-2.83333,1,4
2022-09-01T15:00:00-00:00,2022-09-01T15:15:00-00:00,2022-09-01,09,KESWIK_7_UNIT 3GNODE,KESWIK_7_UNIT 3GNODE,KESWIK_7_UNIT 3GNODE,RTPD,MCL,LMP_LOSS_PRC,KESWIK_7_UNIT 3GNODE,ALL,1,0,1,4
2022-09-01T16:00:00-00:00,2022-09-01T16:15:00-00:00,2022-09-01,10,KESWIK_7_UNIT 3GNODE,KESWIK_7_UNIT 3GNODE,KESWIK_7_UNIT 3GNODE,RTPD,MCL,LMP_LOSS_PRC,KESWIK_7_UNIT 3GNODE,ALL,1,0,1,4
2022-09-01T17:00:00-00:00,2022-09-01T17:15:00-00:00,2022-09-01,11,KESWIK_7_UNIT 3GNODE,KESWIK_7_UNIT 3GNODE,KESWIK_7_UNIT 3GNODE,RTPD,MCL,LMP_LOSS_PRC,KESWIK_7_UNIT 3GNODE,ALL,1,0,1,4
2022-09-01T18:00:00-00:00,2022-09-01T18:15:00-00:00,2022-09-01,12,KESWIK_7_UNIT 3GNODE,KESWIK_7_UNIT 3GNODE,KESWIK_7_UNIT 3GNODE,RTPD,MCL,LMP_LOSS_PRC,KESWIK_7_UNIT 3GNODE,ALL,1,0,1,4
2022-09-01T19:00:00-00:00,2022-09-01T19:15:00-00:00,2022-09-01,13,KESWIK_7_UNIT 3GNODE,KESWIK_7_UNIT 3GNODE,KESWIK_7_UNIT 3GNODE,RTPD,MCL,LMP_LOSS_PRC,KESWIK_7_UNIT 3GNODE,ALL,1,0,1,4
2022-09-01T20:00:00-00:00,2022-09-01T20:15:00-00:00,2022-09-01,14,KESWIK_7_UNIT 3GNODE,KESWIK_7_UNIT 3GNODE,KESWIK_7_UNIT 3GNODE,RTPD,MCL,LMP_LOSS_PRC,KESWIK_7_UNIT 3GNODE,ALL,1,0,1,4
2022-09-01T21:00:00-00:00,2022-09-01T21:15:00-00:00,2022-09-01,15,KESWIK_7_UNIT 3GNODE,KESWIK_7_UNIT 3GNODE,KESWIK_7_UNIT 3GNODE,RTPD,MCL,LMP_LOSS_PRC,KESWIK_7_UNIT 3GNODE,ALL,1,0,1,4
2022-09-01T22:00:00-00:00,2022-09-01T22:15:00-00:00,2022-09-01,16,KESWIK_7_UNIT 3GNODE,KESWIK_7_UNIT 3GNODE,KESWIK_7_UNIT 3GNODE,RTPD,MCL,LMP_LOSS_PRC,KESWIK_7_UNIT 3GNODE,ALL,1,0,1,4
2022-09-01T23:00:00-00:00,2022-09-01T23:15:00-00:00,2022-09-01,17,KESWIK_7_UNIT 3GNODE,KESWIK_7_UNIT 3GNODE,KESWIK_7_UNIT 3GNODE,RTPD,MCL,LMP_LOSS_PRC,KESWIK_7_UNIT 3GNODE,ALL,1,0,1,4
2022-09-02T00:00:00-00:00,2022-09-02T00:15:00-00:00,2022-09-01,18,KESWIK_7_UNIT 3GNODE,KESWIK_7_UNIT 3GNODE,KESWIK_7_UNIT 3GNODE,RTPD,MCL,LMP_LOSS_PRC,KESWIK_7_UNIT 3GNODE,ALL,1,-36.91079,1,4
2022-09-02T01:00:00-00:00,2022-09-02T01:15:00-00:00,2022-09-01,19,KESWIK_7_UNIT 3GNODE,KESWIK_7_UNIT 3GNODE,KESWIK_7_UNIT 3GNODE,RTPD,MCL,LMP_LOSS_PRC,KESWIK_7_UNIT 3GNODE,ALL,1,0,1,4
2022-09-02T02:00:00-00:00,2022-09-02T02:15:00-00:00,2022-09-01,20,KESWIK_7_UNIT 3GNODE,KESWIK_7_UNIT 3GNODE,KESWIK_7_UNIT 3GNODE,RTPD,MCL,LMP_LOSS_PRC,KESWIK_7_UNIT 3GNODE,ALL,1,0,1,4
2022-09-02T03:00:00-00:00,2022-09-02T03:15:00-00:00,2022-09-01,21,KESWIK_7_UNIT 3GNODE,KESWIK_7_UNIT 3GNODE,KESWIK_7_UNIT 3GNODE,RTPD,MCL,LMP_LOSS_PRC,KESWIK_7_UNIT 3GNODE,ALL,1,-53.95192,1,4
2022-09-02T04:00:00-00:00,2022-09-02T04:15:00-00:00,2022-09-01,22,KESWIK_7_UNIT 3GNODE,KESWIK_7_UNIT 3GNODE,KESWIK_7_UNIT 3GNODE,RTPD,MCL,LMP_LOSS_PRC,KESWIK_7_UNIT 3GNODE,ALL,1,-12.45313,1,4
2022-09-02T05:00:00-00:00,2022-09-02T05:15:00-00:00,2022-09-01,23,KESWIK_7_UNIT 3GNODE,KESWIK_7_UNIT 3GNODE,KESWIK_7_UNIT 3GNODE,RTPD,MCL,LMP_LOSS_PRC,KESWIK_7_UNIT 3GNODE,ALL,1,-6.41367,1,4
2022-09-02T06:00:00-00:00,2022-09-02T06:15:00-00:00,2022-09-01,24,KESWIK_7_UNIT 3GNODE,KESWIK_7_UNIT 3GNODE,KESWIK_7_UNIT 3GNODE,RTPD,MCL,LMP_LOSS_PRC,KESWIK_7_UNIT 3GNODE,ALL,1,-6.41828,1,4
2022-09-01T07:15:00-00:00,2022-09-01T07:30:00-00:00,2022-09-01,01,KESWIK_7_UNIT 3GNODE,KESWIK_7_UNIT 3GNODE,KESWIK_7_UNIT 3GNODE,RTPD,MCL,LMP_LOSS_PRC,KESWIK_7_UNIT 3GNODE,ALL,1,0,2,4
2022-09-01T08:15:00-00:00,2022-09-01T08:30:00-00:00,2022-09-01,02,KESWIK_7_UNIT 3GNODE,KESWIK_7_UNIT 3GNODE,KESWIK_7_UNIT 3GNODE,RTPD,MCL,LMP_LOSS_PRC,KESWIK_7_UNIT 3GNODE,ALL,1,0,2,4
2022-09-01T09:15:00-00:00,2022-09-01T09:30:00-00:00,2022-09-01,03,KESWIK_7_UNIT 3GNODE,KESWIK_7_UNIT 3GNODE,KESWIK_7_UNIT 3GNODE,RTPD,MCL,LMP_LOSS_PRC,KESWIK_7_UNIT 3GNODE,ALL,1,-4.53194,2,4
2022-09-01T10:15:00-00:00,2022-09-01T10:30:00-00:00,2022-09-01,04,KESWIK_7_UNIT 3GNODE,KESWIK_7_UNIT 3GNODE,KESWIK_7_UNIT 3GNODE,RTPD,MCL,LMP_LOSS_PRC,KESWIK_7_UNIT 3GNODE,ALL,1,-4.55938,2,4
2022-09-01T11:15:00-00:00,2022-09-01T11:30:00-00:00,2022-09-01,05,KESWIK_7_UNIT 3GNODE,KESWIK_7_UNIT 3GNODE,KESWIK_7_UNIT 3GNODE,RTPD,MCL,LMP_LOSS_PRC,KESWIK_7_UNIT 3GNODE,ALL,1,-4.51542,2,4
2022-09-01T12:15:00-00:00,2022-09-01T12:30:00-00:00,2022-09-01,06,KESWIK_7_UNIT 3GNODE,KESWIK_7_UNIT 3GNODE,KESWIK_7_UNIT 3GNODE,RTPD,MCL,LMP_LOSS_PRC,KESWIK_7_UNIT 3GNODE,ALL,1,-4.96327,2,4
2022-09-01T13:15:00-00:00,2022-09-01T13:30:00-00:00,2022-09-01,07,KESWIK_7_UNIT 3GNODE,KESWIK_7_UNIT 3GNODE,KESWIK_7_UNIT 3GNODE,RTPD,MCL,LMP_LOSS_PRC,KESWIK_7_UNIT 3GNODE,ALL,1,-4.8497,2,4
2022-09-01T14:15:00-00:00,2022-09-01T14:30:00-00:00,2022-09-01,08,KESWIK_7_UNIT 3GNODE,KESWIK_7_UNIT 3GNODE,KESWIK_7_UNIT 3GNODE,RTPD,MCL,LMP_LOSS_PRC,KESWIK_7_UNIT 3GNODE,ALL,1,-2.61966,2,4
2022-09-01T15:15:00-00:00,2022-09-01T15:30:00-00:00,2022-09-01,09,KESWIK_7_UNIT 3GNODE,KESWIK_7_UNIT 3GNODE,KESWIK_7_UNIT 3GNODE,RTPD,MCL,LMP_LOSS_PRC,KESWIK_7_UNIT 3GNODE,ALL,1,0,2,4
2022-09-01T16:15:00-00:00,2022-09-01T16:30:00-00:00,2022-09-01,10,KESWIK_7_UNIT 3GNODE,KESWIK_7_UNIT 3GNODE,KESWIK_7_UNIT 3GNODE,RTPD,MCL,LMP_LOSS_PRC,KESWIK_7_UNIT 3GNODE,ALL,1,0,2,4
2022-09-01T17:15:00-00:00,2022-09-01T17:30:00-00:00,2022-09-01,11,KESWIK_7_UNIT 3GNODE,KESWIK_7_UNIT 3GNODE,KESWIK_7_UNIT 3GNODE,RTPD,MCL,LMP_LOSS_PRC,KESWIK_7_UNIT 3GNODE,ALL,1,0,2,4
2022-09-01T18:15:00-00:00,2022-09-01T18:30:00-00:00,2022-09-01,12,KESWIK_7_UNIT 3GNODE,KESWIK_7_UNIT 3GNODE,KESWIK_7_UNIT 3GNODE,RTPD,MCL,LMP_LOSS_PRC,KESWIK_7_UNIT 3GNODE,ALL,1,0,2,4
2022-09-01T19:15:00-00:00,2022-09-01T19:30:00-00:00,2022-09-01,13,KESWIK_7_UNIT 3GNODE,KESWIK_7_UNIT 3GNODE,KESWIK_7_UNIT 3GNODE,RTPD,MCL,LMP_LOSS_PRC,KESWIK_7_UNIT 3GNODE,ALL,1,0,2,4
2022-09-01T20:15:00-00:00,2022-09-01T20:30:00-00:00,2022-09-01,14,KESWIK_7_UNIT 3GNODE,KESWIK_7_UNIT 3GNODE,KESWIK_7_UNIT 3GNODE,RTPD,MCL,LMP_LOSS_PRC,KESWIK_7_UNIT 3GNODE,ALL,1,0,2,4
2022-09-01T21:15:00-00:00,2022-09-01T21:30:00-00:00,2022-09-01,15,KESWIK_7_UNIT 3GNODE,KESWIK_7_UNIT 3GNODE,KESWIK_7_UNIT 3GNODE,RTPD,MCL,LMP_LOSS_PRC,KESWIK_7_UNIT 3GNODE,ALL,1,0,2,4
2022-09-01T22:15:00-00:00,2022-09-01T22:30:00-00:00,2022-09-01,16,KESWIK_7_UNIT 3GNODE,KESWIK_7_UNIT 3GNODE,KESWIK_7_UNIT 3GNODE,RTPD,MCL,LMP_LOSS_PRC,KESWIK_7_UNIT 3GNODE,ALL,1,0,2,4
2022-09-01T23:15:00-00:00,2022-09-01T23:30:00-00:00,2022-09-01,17,KESWIK_7_UNIT 3GNODE,KESWIK_7_UNIT 3GNODE,KESWIK_7_UNIT 3GNODE,RTPD,MCL,LMP_LOSS_PRC,KESWIK_7_UNIT 3GNODE,ALL,1,0,2,4
2022-09-02T00:15:00-00:00,2022-09-02T00:30:00-00:00,2022-09-01,18,KESWIK_7_UNIT 3GNODE,KESWIK_7_UNIT 3GNODE,KESWIK_7_UNIT 3GNODE,RTPD,MCL,LMP_LOSS_PRC,KESWIK_7_UNIT 3GNODE,ALL,1,-32.14159,2,4
2022-09-02T01:15:00-00:00,2022-09-02T01:30:00-00:00,2022-09-01,19,KESWIK_7_UNIT 3GNODE,KESWIK_7_UNIT 3GNODE,KESWIK_7_UNIT 3GNODE,RTPD,MCL,LMP_LOSS_PRC,KESWIK_7_UNIT 3GNODE,ALL,1,0,2,4
2022-09-02T02:15:00-00:00,2022-09-02T02:30:00-00:00,2022-09-01,20,KESWIK_7_UNIT 3GNODE,KESWIK_7_UNIT 3GNODE,KESWIK_7_UNIT 3GNODE,RTPD,MCL,LMP_LOSS_PRC,KESWIK_7_UNIT 3GNODE,ALL,1,0,2,4
2022-09-02T03:15:00-00:00,2022-09-02T03:30:00-00:00,2022-09-01,21,KESWIK_7_UNIT 3GNODE,KESWIK_7_UNIT 3GNODE,KESWIK_7_UNIT 3GNODE,RTPD,MCL,LMP_LOSS_PRC,KESWIK_7_UNIT 3GNODE,ALL,1,-16.702,2,4
2022-09-02T04:15:00-00:00,2022-09-02T04:30:00-00:00,2022-09-01,22,KESWIK_7_UNIT 3GNODE,KESWIK_7_UNIT 3GNODE,KESWIK_7_UNIT 3GNODE,RTPD,MCL,LMP_LOSS_PRC,KESWIK_7_UNIT 3GNODE,ALL,1,-11.21499,2,4
2022-09-02T05:15:00-00:00,2022-09-02T05:30:00-00:00,2022-09-01,23,KESWIK_7_UNIT 3GNODE,KESWIK_7_UNIT 3GNODE,KESWIK_7_UNIT 3GNODE,RTPD,MCL,LMP_LOSS_PRC,KESWIK_7_UNIT 3GNODE,ALL,1,-6.31627,2,4
2022-09-02T06:15:00-00:00,2022-09-02T06:30:00-00:00,2022-09-01,24,KESWIK_7_UNIT 3GNODE,KESWIK_7_UNIT 3GNODE,KESWIK_7_UNIT 3GNODE,RTPD,MCL,LMP_LOSS_PRC,KESWIK_7_UNIT 3GNODE,ALL,1,-7.05491,2,4
2022-09-01T07:30:00-00:00,2022-09-01T07:45:00-00:00,2022-09-01,01,KESWIK_7_UNIT 3GNODE,KESWIK_7_UNIT 3GNODE,KESWIK_7_UNIT 3GNODE,RTPD,MCL,LMP_LOSS_PRC,KESWIK_7_UNIT 3GNODE,ALL,1,0,3,4
2022-09-01T08:30:00-00:00,2022-09-01T08:45:00-00:00,2022-09-01,02,KESWIK_7_UNIT 3GNODE,KESWIK_7_UNIT 3GNODE,KESWIK_7_UNIT 3GNODE,RTPD,MCL,LMP_LOSS_PRC,KESWIK_7_UNIT 3GNODE,ALL,1,-4.92233,3,4
2022-09-01T09:30:00-00:00,2022-09-01T09:45:00-00:00,2022-09-01,03,KESWIK_7_UNIT 3GNODE,KESWIK_7_UNIT 3GNODE,KESWIK_7_UNIT 3GNODE,RTPD,MCL,LMP_LOSS_PRC,KESWIK_7_UNIT 3GNODE,ALL,1,-4.61368,3,4
2022-09-01T10:30:00-00:00,2022-09-01T10:45:00-00:00,2022-09-01,04,KESWIK_7_UNIT 3GNODE,KESWIK_7_UNIT 3GNODE,KESWIK_7_UNIT 3GNODE,RTPD,MCL,LMP_LOSS_PRC,KESWIK_7_UNIT 3GNODE,ALL,1,-4.46163,3,4
2022-09-01T11:30:00-00:00,2022-09-01T11:45:00-00:00,2022-09-01,05,KESWIK_7_UNIT 3GNODE,KESWIK_7_UNIT 3GNODE,KESWIK_7_UNIT 3GNODE,RTPD,MCL,LMP_LOSS_PRC,KESWIK_7_UNIT 3GNODE,ALL,1,-4.45233,3,4
2022-09-01T12:30:00-00:00,2022-09-01T12:45:00-00:00,2022-09-01,06,KESWIK_7_UNIT 3GNODE,KESWIK_7_UNIT 3GNODE,KESWIK_7_UNIT 3GNODE,RTPD,MCL,LMP_LOSS_PRC,KESWIK_7_UNIT 3GNODE,ALL,1,-5.03138,3,4
2022-09-01T13:30:00-00:00,2022-09-01T13:45:00-00:00,2022-09-01,07,KESWIK_7_UNIT 3GNODE,KESWIK_7_UNIT 3GNODE,KESWIK_7_UNIT 3GNODE,RTPD,MCL,LMP_LOSS_PRC,KESWIK_7_UNIT 3GNODE,ALL,1,-4.6838,3,4
2022-09-01T14:30:00-00:00,2022-09-01T14:45:00-00:00,2022-09-01,08,KESWIK_7_UNIT 3GNODE,KESWIK_7_UNIT 3GNODE,KESWIK_7_UNIT 3GNODE,RTPD,MCL,LMP_LOSS_PRC,KESWIK_7_UNIT 3GNODE,ALL,1,-2.18941,3,4
2022-09-01T15:30:00-00:00,2022-09-01T15:45:00-00:00,2022-09-01,09,KESWIK_7_UNIT 3GNODE,KESWIK_7_UNIT 3GNODE,KESWIK_7_UNIT 3GNODE,RTPD,MCL,LMP_LOSS_PRC,KESWIK_7_UNIT 3GNODE,ALL,1,0,3,4
2022-09-01T16:30:00-00:00,2022-09-01T16:45:00-00:00,2022-09-01,10,KESWIK_7_UNIT 3GNODE,KESWIK_7_UNIT 3GNODE,KESWIK_7_UNIT 3GNODE,RTPD,MCL,LMP_LOSS_PRC,KESWIK_7_UNIT 3GNODE,ALL,1,0,3,4
2022-09-01T17:30:00-00:00,2022-09-01T17:45:00-00:00,2022-09-01,11,KESWIK_7_UNIT 3GNODE,KESWIK_7_UNIT 3GNODE,KESWIK_7_UNIT 3GNODE,RTPD,MCL,LMP_LOSS_PRC,KESWIK_7_UNIT 3GNODE,ALL,1,0,3,4
2022-09-01T18:30:00-00:00,2022-09-01T18:45:00-00:00,2022-09-01,12,KESWIK_7_UNIT 3GNODE,KESWIK_7_UNIT 3GNODE,KESWIK_7_UNIT 3GNODE,RTPD,MCL,LMP_LOSS_PRC,KESWIK_7_UNIT 3GNODE,ALL,1,0,3,4
2022-09-01T19:30:00-00:00,2022-09-01T19:45:00-00:00,2022-09-01,13,KESWIK_7_UNIT 3GNODE,KESWIK_7_UNIT 3GNODE,KESWIK_7_UNIT 3GNODE,RTPD,MCL,LMP_LOSS_PRC,KESWIK_7_UNIT 3GNODE,ALL,1,0,3,4
2022-09-01T20:30:00-00:00,2022-09-01T20:45:00-00:00,2022-09-01,14,KESWIK_7_UNIT 3GNODE,KESWIK_7_UNIT 3GNODE,KESWIK_7_UNIT 3GNODE,RTPD,MCL,LMP_LOSS_PRC,KESWIK_7_UNIT 3GNODE,ALL,1,0,3,4
2022-09-01T21:30:00-00:00,2022-09-01T21:45:00-00:00,2022-09-01,15,KESWIK_7_UNIT 3GNODE,KESWIK_7_UNIT 3GNODE,KESWIK_7_UNIT 3GNODE,RTPD,MCL,LMP_LOSS_PRC,KESWIK_7_UNIT 3GNODE,ALL,1,0,3,4
2022-09-01T22:30:00-00:00,2022-09-01T22:45:00-00:00,2022-09-01,16,KESWIK_7_UNIT 3GNODE,KESWIK_7_UNIT 3GNODE,KESWIK_7_UNIT 3GNODE,RTPD,MCL,LMP_LOSS_PRC,KESWIK_7_UNIT 3GNODE,ALL,1,0,3,4
2022-09-01T23:30:00-00:00,2022-09-01T23:45:00-00:00,2022-09-01,17,KESWIK_7_UNIT 3GNODE,KESWIK_7_UNIT 3GNODE,KESWIK_7_UNIT 3GNODE,RTPD,MCL,LMP_LOSS_PRC,KESWIK_7_UNIT 3GNODE,ALL,1,0,3,4
2022-09-02T00:30:00-00:00,2022-09-02T00:45:00-00:00,2022-09-01,18,KESWIK_7_UNIT 3GNODE,KESWIK_7_UNIT 3GNODE,KESWIK_7_UNIT 3GNODE,RTPD,MCL,LMP_LOSS_PRC,KESWIK_7_UNIT 3GNODE,ALL,1,0,3,4
2022-09-02T01:30:00-00:00,2022-09-02T01:45:00-00:00,2022-09-01,19,KESWIK_7_UNIT 3GNODE,KESWIK_7_UNIT 3GNODE,KESWIK_7_UNIT 3GNODE,RTPD,MCL,LMP_LOSS_PRC,KESWIK_7_UNIT 3GNODE,ALL,1,0,3,4
2022-09-02T02:30:00-00:00,2022-09-02T02:45:00-00:00,2022-09-01,20,KESWIK_7_UNIT 3GNODE,KESWIK_7_UNIT 3GNODE,KESWIK_7_UNIT 3GNODE,RTPD,MCL,LMP_LOSS_PRC,KESWIK_7_UNIT 3GNODE,ALL,1,0,3,4
2022-09-02T03:30:00-00:00,2022-09-02T03:45:00-00:00,2022-09-01,21,KESWIK_7_UNIT 3GNODE,KESWIK_7_UNIT 3GNODE,KESWIK_7_UNIT 3GNODE,RTPD,MCL,LMP_LOSS_PRC,KESWIK_7_UNIT 3GNODE,ALL,1,-7.76327,3,4
2022-09-02T04:30:00-00:00,2022-09-02T04:45:00-00:00,2022-09-01,22,KESWIK_7_UNIT 3GNODE,KESWIK_7_UNIT 3GNODE,KESWIK_7_UNIT 3GNODE,RTPD,MCL,LMP_LOSS_PRC,KESWIK_7_UNIT 3GNODE,ALL,1,-10.4612,3,4
2022-09-02T05:30:00-00:00,2022-09-02T05:45:00-00:00,2022-09-01,23,KESWIK_7_UNIT 3GNODE,KESWIK_7_UNIT 3GNODE,KESWIK_7_UNIT 3GNODE,RTPD,MCL,LMP_LOSS_PRC,KESWIK_7_UNIT 3GNODE,ALL,1,-5.90018,3,4
2022-09-02T06:30:00-00:00,2022-09-02T06:45:00-00:00,2022-09-01,24,KESWIK_7_UNIT 3GNODE,KESWIK_7_UNIT 3GNODE,KESWIK_7_UNIT 3GNODE,RTPD,MCL,LMP_LOSS_PRC,KESWIK_7_UNIT 3GNODE,ALL,1,-5.92056,3,4
2022-09-01T07:45:00-00:00,2022-09-01T08:00:00-00:00,2022-09-01,01,KESWIK_7_UNIT 3GNODE,KESWIK_7_UNIT 3GNODE,KESWIK_7_UNIT 3GNODE,RTPD,MCL,LMP_LOSS_PRC,KESWIK_7_UNIT 3GNODE,ALL,1,0,4,4
2022-09-01T08:45:00-00:00,2022-09-01T09:00:00-00:00,2022-09-01,02,KESWIK_7_UNIT 3GNODE,KESWIK_7_UNIT 3GNODE,KESWIK_7_UNIT 3GNODE,RTPD,MCL,LMP_LOSS_PRC,KESWIK_7_UNIT 3GNODE,ALL,1,-4.44316,4,4
2022-09-01T09:45:00-00:00,2022-09-01T10:00:00-00:00,2022-09-01,03,KESWIK_7_UNIT 3GNODE,KESWIK_7_UNIT 3GNODE,KESWIK_7_UNIT 3GNODE,RTPD,MCL,LMP_LOSS_PRC,KESWIK_7_UNIT 3GNODE,ALL,1,-4.61203,4,4
2022-09-01T10:45:00-00:00,2022-09-01T11:00:00-00:00,2022-09-01,04,KESWIK_7_UNIT 3GNODE,KESWIK_7_UNIT 3GNODE,KESWIK_7_UNIT 3GNODE,RTPD,MCL,LMP_LOSS_PRC,KESWIK_7_UNIT 3GNODE,ALL,1,-4.32874,4,4
2022-09-01T11:45:00-00:00,2022-09-01T12:00:00-00:00,2022-09-01,05,KESWIK_7_UNIT 3GNODE,KESWIK_7_UNIT 3GNODE,KESWIK_7_UNIT 3GNODE,RTPD,MCL,LMP_LOSS_PRC,KESWIK_7_UNIT 3GNODE,ALL,1,0,4,4
2022-09-01T12:45:00-00:00,2022-09-01T13:00:00-00:00,2022-09-01,06,KESWIK_7_UNIT 3GNODE,KESWIK_7_UNIT 3GNODE,KESWIK_7_UNIT 3GNODE,RTPD,MCL,LMP_LOSS_PRC,KESWIK_7_UNIT 3GNODE,ALL,1,0,4,4
2022-09-01T13:45:00-00:00,2022-09-01T14:00:00-00:00,2022-09-01,07,KESWIK_7_UNIT 3GNODE,KESWIK_7_UNIT 3GNODE,KESWIK_7_UNIT 3GNODE,RTPD,MCL,LMP_LOSS_PRC,KESWIK_7_UNIT 3GNODE,ALL,1,0,4,4
2022-09-01T14:45:00-00:00,2022-09-01T15:00:00-00:00,2022-09-01,08,KESWIK_7_UNIT 3GNODE,KESWIK_7_UNIT 3GNODE,KESWIK_7_UNIT 3GNODE,RTPD,MCL,LMP_LOSS_PRC,KESWIK_7_UNIT 3GNODE,ALL,1,0,4,4
2022-09-01T15:45:00-00:00,2022-09-01T16:00:00-00:00,2022-09-01,09,KESWIK_7_UNIT 3GNODE,KESWIK_7_UNIT 3GNODE,KESWIK_7_UNIT 3GNODE,RTPD,MCL,LMP_LOSS_PRC,KESWIK_7_UNIT 3GNODE,ALL,1,0,4,4
2022-09-01T16:45:00-00:00,2022-09-01T17:00:00-00:00,2022-09-01,10,KESWIK_7_UNIT 3GNODE,KESWIK_7_UNIT 3GNODE,KESWIK_7_UNIT 3GNODE,RTPD,MCL,LMP_LOSS_PRC,KESWIK_7_UNIT 3GNODE,ALL,1,0,4,4
2022-09-01T17:45:00-00:00,2022-09-01T18:00:00-00:00,2022-09-01,11,KESWIK_7_UNIT 3GNODE,KESWIK_7_UNIT 3GNODE,KESWIK_7_UNIT 3GNODE,RTPD,MCL,LMP_LOSS_PRC,KESWIK_7_UNIT 3GNODE,ALL,1,0,4,4
2022-09-01T18:45:00-00:00,2022-09-01T19:00:00-00:00,2022-09-01,12,KESWIK_7_UNIT 3GNODE,KESWIK_7_UNIT 3GNODE,KESWIK_7_UNIT 3GNODE,RTPD,MCL,LMP_LOSS_PRC,KESWIK_7_UNIT 3GNODE,ALL,1,0,4,4
2022-09-01T19:45:00-00:00,2022-09-01T20:00:00-00:00,2022-09-01,13,KESWIK_7_UNIT 3GNODE,KESWIK_7_UNIT 3GNODE,KESWIK_7_UNIT 3GNODE,RTPD,MCL,LMP_LOSS_PRC,KESWIK_7_UNIT 3GNODE,ALL,1,0,4,4
2022-09-01T20:45:00-00:00,2022-09-01T21:00:00-00:00,2022-09-01,14,KESWIK_7_UNIT 3GNODE,KESWIK_7_UNIT 3GNODE,KESWIK_7_UNIT 3GNODE,RTPD,MCL,LMP_LOSS_PRC,KESWIK_7_UNIT 3GNODE,ALL,1,0,4,4
2022-09-01T21:45:00-00:00,2022-09-01T22:00:00-00:00,2022-09-01,15,KESWIK_7_UNIT 3GNODE,KESWIK_7_UNIT 3GNODE,KESWIK_7_UNIT 3GNODE,RTPD,MCL,LMP_LOSS_PRC,KESWIK_7_UNIT 3GNODE,ALL,1,0,4,4
2022-09-01T22:45:00-00:00,2022-09-01T23:00:00-00:00,2022-09-01,16,KESWIK_7_UNIT 3GNODE,KESWIK_7_UNIT 3GNODE,KESWIK_7_UNIT 3GNODE,RTPD,MCL,LMP_LOSS_PRC,KESWIK_7_UNIT 3GNODE,ALL,1,0,4,4
2022-09-01T23:45:00-00:00,2022-09-02T00:00:00-00:00,2022-09-01,17,KESWIK_7_UNIT 3GNODE,KESWIK_7_UNIT 3GNODE,KESWIK_7_UNIT 3GNODE,RTPD,MCL,LMP_LOSS_PRC,KESWIK_7_UNIT 3GNODE,ALL,1,0,4,4
2022-09-02T00:45:00-00:00,2022-09-02T01:00:00-00:00,2022-09-01,18,KESWIK_7_UNIT 3GNODE,KESWIK_7_UNIT 3GNODE,KESWIK_7_UNIT 3GNODE,RTPD,MCL,LMP_LOSS_PRC,KESWIK_7_UNIT 3GNODE,ALL,1,0,4,4
2022-09-02T01:45:00-00:00,2022-09-02T02:00:00-00:00,2022-09-01,19,KESWIK_7_UNIT 3GNODE,KESWIK_7_UNIT 3GNODE,KESWIK_7_UNIT 3GNODE,RTPD,MCL,LMP_LOSS_PRC,KESWIK_7_UNIT 3GNODE,ALL,1,0,4,4
2022-09-02T02:45:00-00:00,2022-09-02T03:00:00-00:00,2022-09-01,20,KESWIK_7_UNIT 3GNODE,KESWIK_7_UNIT 3GNODE,KESWIK_7_UNIT 3GNODE,RTPD,MCL,LMP_LOSS_PRC,KESWIK_7_UNIT 3GNODE,ALL,1,-113.58452,4,4
2022-09-02T03:45:00-00:00,2022-09-02T04:00:00-00:00,2022-09-01,21,KESWIK_7_UNIT 3GNODE,KESWIK_7_UNIT 3GNODE,KESWIK_7_UNIT 3GNODE,RTPD,MCL,LMP_LOSS_PRC,KESWIK_7_UNIT 3GNODE,ALL,1,-6.77452,4,4
2022-09-02T04:45:00-00:00,2022-09-02T05:00:00-00:00,2022-09-01,22,KESWIK_7_UNIT 3GNODE,KESWIK_7_UNIT 3GNODE,KESWIK_7_UNIT 3GNODE,RTPD,MCL,LMP_LOSS_PRC,KESWIK_7_UNIT 3GNODE,ALL,1,-6.21148,4,4
2022-09-02T05:45:00-00:00,2022-09-02T06:00:00-00:00,2022-09-01,23,KESWIK_7_UNIT 3GNODE,KESWIK_7_UNIT 3GNODE,KESWIK_7_UNIT 3GNODE,RTPD,MCL,LMP_LOSS_PRC,KESWIK_7_UNIT 3GNODE,ALL,1,-5.26028,4,4
2022-09-02T06:45:00-00:00,2022-09-02T07:00:00-00:00,2022-09-01,24,KESWIK_7_UNIT 3GNODE,KESWIK_7_UNIT 3GNODE,KESWIK_7_UNIT 3GNODE,RTPD,MCL,LMP_LOSS_PRC,KESWIK_7_UNIT 3GNODE,ALL,1,-4.5429,4,4
2022-09-01T07:00:00-00:00,2022-09-01T07:15:00-00:00,2022-09-01,01,KESWIK_7_UNIT 3GNODE,KESWIK_7_UNIT 3GNODE,KESWIK_7_UNIT 3GNODE,RTPD,MGHG,LMP_GHG_PRC,KESWIK_7_UNIT 3GNODE,ALL,1,0,1,5
2022-09-01T08:00:00-00:00,2022-09-01T08:15:00-00:00,2022-09-01,02,KESWIK_7_UNIT 3GNODE,KESWIK_7_UNIT 3GNODE,KESWIK_7_UNIT 3GNODE,RTPD,MGHG,LMP_GHG_PRC,KESWIK_7_UNIT 3GNODE,ALL,1,0,1,5
2022-09-01T09:00:00-00:00,2022-09-01T09:15:00-00:00,2022-09-01,03,KESWIK_7_UNIT 3GNODE,KESWIK_7_UNIT 3GNODE,KESWIK_7_UNIT 3GNODE,RTPD,MGHG,LMP_GHG_PRC,KESWIK_7_UNIT 3GNODE,ALL,1,0,1,5
2022-09-01T10:00:00-00:00,2022-09-01T10:15:00-00:00,2022-09-01,04,KESWIK_7_UNIT 3GNODE,KESWIK_7_UNIT 3GNODE,KESWIK_7_UNIT 3GNODE,RTPD,MGHG,LMP_GHG_PRC,KESWIK_7_UNIT 3GNODE,ALL,1,0,1,5
2022-09-01T11:00:00-00:00,2022-09-01T11:15:00-00:00,2022-09-01,05,KESWIK_7_UNIT 3GNODE,KESWIK_7_UNIT 3GNODE,KESWIK_7_UNIT 3GNODE,RTPD,MGHG,LMP_GHG_PRC,KESWIK_7_UNIT 3GNODE,ALL,1,0,1,5
2022-09-01T12:00:00-00:00,2022-09-01T12:15:00-00:00,2022-09-01,06,KESWIK_7_UNIT 3GNODE,KESWIK_7_UNIT 3GNODE,KESWIK_7_UNIT 3GNODE,RTPD,MGHG,LMP_GHG_PRC,KESWIK_7_UNIT 3GNODE,ALL,1,0,1,5
2022-09-01T13:00:00-00:00,2022-09-01T13:15:00-00:00,2022-09-01,07,KESWIK_7_UNIT 3GNODE,KESWIK_7_UNIT 3GNODE,KESWIK_7_UNIT 3GNODE,RTPD,MGHG,LMP_GHG_PRC,KESWIK_7_UNIT 3GNODE,ALL,1,0,1,5
2022-09-01T14:00:00-00:00,2022-09-01T14:15:00-00:00,2022-09-01,08,KESWIK_7_UNIT 3GNODE,KESWIK_7_UNIT 3GNODE,KESWIK_7_UNIT 3GNODE,RTPD,MGHG,LMP_GHG_PRC,KESWIK_7_UNIT 3GNODE,ALL,1,0,1,5
2022-09-01T15:00:00-00:00,2022-09-01T15:15:00-00:00,2022-09-01,09,KESWIK_7_UNIT 3GNODE,KESWIK_7_UNIT 3GNODE,KESWIK_7_UNIT 3GNODE,RTPD,MGHG,LMP_GHG_PRC,KESWIK_7_UNIT 3GNODE,ALL,1,0,1,5
2022-09-01T16:00:00-00:00,2022-09-01T16:15:00-00:00,2022-09-01,10,KESWIK_7_UNIT 3GNODE,KESWIK_7_UNIT 3GNODE,KESWIK_7_UNIT 3GNODE,RTPD,MGHG,LMP_GHG_PRC,KESWIK_7_UNIT 3GNODE,ALL,1,0,1,5
2022-09-01T17:00:00-00:00,2022-09-01T17:15:00-00:00,2022-09-01,11,KESWIK_7_UNIT 3GNODE,KESWIK_7_UNIT 3GNODE,KESWIK_7_UNIT 3GNODE,RTPD,MGHG,LMP_GHG_PRC,KESWIK_7_UNIT 3GNODE,ALL,1,0,1,5
2022-09-01T18:00:00-00:00,2022-09-01T18:15:00-00:00,2022-09-01,12,KESWIK_7_UNIT 3GNODE,KESWIK_7_UNIT 3GNODE,KESWIK_7_UNIT 3GNODE,RTPD,MGHG,LMP_GHG_PRC,KESWIK_7_UNIT 3GNODE,ALL,1,0,1,5
2022-09-01T19:00:00-00:00,2022-09-01T19:15:00-00:00,2022-09-01,13,KESWIK_7_UNIT 3GNODE,KESWIK_7_UNIT 3GNODE,KESWIK_7_UNIT 3GNODE,RTPD,MGHG,LMP_GHG_PRC,KESWIK_7_UNIT 3GNODE,ALL,1,0,1,5
2022-09-01T20:00:00-00:00,2022-09-01T20:15:00-00:00,2022-09-01,14,KESWIK_7_UNIT 3GNODE,KESWIK_7_UNIT 3GNODE,KESWIK_7_UNIT 3GNODE,RTPD,MGHG,LMP_GHG_PRC,KESWIK_7_UNIT 3GNODE,ALL,1,0,1,5
2022-09-01T21:00:00-00:00,2022-09-01T21:15:00-00:00,2022-09-01,15,KESWIK_7_UNIT 3GNODE,KESWIK_7_UNIT 3GNODE,KESWIK_7_UNIT 3GNODE,RTPD,MGHG,LMP_GHG_PRC,KESWIK_7_UNIT 3GNODE,ALL,1,0,1,5
2022-09-01T22:00:00-00:00,2022-09-01T22:15:00-00:00,2022-09-01,16,KESWIK_7_UNIT 3GNODE,KESWIK_7_UNIT 3GNODE,KESWIK_7_UNIT 3GNODE,RTPD,MGHG,LMP_GHG_PRC,KESWIK_7_UNIT 3GNODE,ALL,1,0,1,5
2022-09-01T23:00:00-00:00,2022-09-01T23:15:00-00:00,2022-09-01,17,KESWIK_7_UNIT 3GNODE,KESWIK_7_UNIT 3GNODE,KESWIK_7_UNIT 3GNODE,RTPD,MGHG,LMP_GHG_PRC,KESWIK_7_UNIT 3GNODE,ALL,1,0,1,5
2022-09-02T00:00:00-00:00,2022-09-02T00:15:00-00:00,2022-09-01,18,KESWIK_7_UNIT 3GNODE,KESWIK_7_UNIT 3GNODE,KESWIK_7_UNIT 3GNODE,RTPD,MGHG,LMP_GHG_PRC,KESWIK_7_UNIT 3GNODE,ALL,1,0,1,5
2022-09-02T01:00:00-00:00,2022-09-02T01:15:00-00:00,2022-09-01,19,KESWIK_7_UNIT 3GNODE,KESWIK_7_UNIT 3GNODE,KESWIK_7_UNIT 3GNODE,RTPD,MGHG,LMP_GHG_PRC,KESWIK_7_UNIT 3GNODE,ALL,1,0,1,5
2022-09-02T02:00:00-00:00,2022-09-02T02:15:00-00:00,2022-09-01,20,KESWIK_7_UNIT 3GNODE,KESWIK_7_UNIT 3GNODE,KESWIK_7_UNIT 3GNODE,RTPD,MGHG,LMP_GHG_PRC,KESWIK_7_UNIT 3GNODE,ALL,1,0,1,5
2022-09-02T03:00:00-00:00,2022-09-02T03:15:00-00:00,2022-09-01,21,KESWIK_7_UNIT 3GNODE,KESWIK_7_UNIT 3GNODE,KESWIK_7_UNIT 3GNODE,RTPD,MGHG,LMP_GHG_PRC,KESWIK_7_UNIT 3GNODE,ALL,1,0,1,5
2022-09-02T04:00:00-00:00,2022-09-02T04:15:00-00:00,2022-09-01,22,KESWIK_7_UNIT 3GNODE,KESWIK_7_UNIT 3GNODE,KESWIK_7_UNIT 3GNODE,RTPD,MGHG,LMP_GHG_PRC,KESWIK_7_UNIT 3GNODE,ALL,1,0,1,5
2022-09-02T05:00:00-00:00,2022-09-02T05:15:00-00:00,2022-09-01,23,KESWIK_7_UNIT 3GNODE,KESWIK_7_UNIT 3GNODE,KESWIK_7_UNIT 3GNODE,RTPD,MGHG,LMP_GHG_PRC,KESWIK_7_UNIT 3GNODE,ALL,1,0,1,5
2022-09-02T06:00:00-00:00,2022-09-02T06:15:00-00:00,2022-09-01,24,KESWIK_7_UNIT 3GNODE,KESWIK_7_UNIT 3GNODE,KESWIK_7_UNIT 3GNODE,RTPD,MGHG,LMP_GHG_PRC,KESWIK_7_UNIT 3GNODE,ALL,1,0,1,5
2022-09-01T07:15:00-00:00,2022-09-01T07:30:00-00:00,2022-09-01,01,KESWIK_7_UNIT 3GNODE,KESWIK_7_UNIT 3GNODE,KESWIK_7_UNIT 3GNODE,RTPD,MGHG,LMP_GHG_PRC,KESWIK_7_UNIT 3GNODE,ALL,1,0,2,5
2022-09-01T08:15:00-00:00,2022-09-01T08:30:00-00:00,2022-09-01,02,KESWIK_7_UNIT 3GNODE,KESWIK_7_UNIT 3GNODE,KESWIK_7_UNIT 3GNODE,RTPD,MGHG,LMP_GHG_PRC,KESWIK_7_UNIT 3GNODE,ALL,1,0,2,5
2022-09-01T09:15:00-00:00,2022-09-01T09:30:00-00:00,2022-09-01,03,KESWIK_7_UNIT 3GNODE,KESWIK_7_UNIT 3GNODE,KESWIK_7_UNIT 3GNODE,RTPD,MGHG,LMP_GHG_PRC,KESWIK_7_UNIT 3GNODE,ALL,1,0,2,5
2022-09-01T10:15:00-00:00,2022-09-01T10:30:00-00:00,2022-09-01,04,KESWIK_7_UNIT 3GNODE,KESWIK_7_UNIT 3GNODE,KESWIK_7_UNIT 3GNODE,RTPD,MGHG,LMP_GHG_PRC,KESWIK_7_UNIT 3GNODE,ALL,1,0,2,5
2022-09-01T11:15:00-00:00,2022-09-01T11:30:00-00:00,2022-09-01,05,KESWIK_7_UNIT 3GNODE,KESWIK_7_UNIT 3GNODE,KESWIK_7_UNIT 3GNODE,RTPD,MGHG,LMP_GHG_PRC,KESWIK_7_UNIT 3GNODE,ALL,1,0,2,5
2022-09-01T12:15:00-00:00,2022-09-01T12:30:00-00:00,2022-09-01,06,KESWIK_7_UNIT 3GNODE,KESWIK_7_UNIT 3GNODE,KESWIK_7_UNIT 3GNODE,RTPD,MGHG,LMP_GHG_PRC,KESWIK_7_UNIT 3GNODE,ALL,1,0,2,5
2022-09-01T13:15:00-00:00,2022-09-01T13:30:00-00:00,2022-09-01,07,KESWIK_7_UNIT 3GNODE,KESWIK_7_UNIT 3GNODE,KESWIK_7_UNIT 3GNODE,RTPD,MGHG,LMP_GHG_PRC,KESWIK_7_UNIT 3GNODE,ALL,1,0,2,5
2022-09-01T14:15:00-00:00,2022-09-01T14:30:00-00:00,2022-09-01,08,KESWIK_7_UNIT 3GNODE,KESWIK_7_UNIT 3GNODE,KESWIK_7_UNIT 3GNODE,RTPD,MGHG,LMP_GHG_PRC,KESWIK_7_UNIT 3GNODE,ALL,1,0,2,5
2022-09-01T15:15:00-00:00,2022-09-01T15:30:00-00:00,2022-09-01,09,KESWIK_7_UNIT 3GNODE,KESWIK_7_UNIT 3GNODE,KESWIK_7_UNIT 3GNODE,RTPD,MGHG,LMP_GHG_PRC,KESWIK_7_UNIT 3GNODE,ALL,1,0,2,5
2022-09-01T16:15:00-00:00,2022-09-01T16:30:00-00:00,2022-09-01,10,KESWIK_7_UNIT 3GNODE,KESWIK_7_UNIT 3GNODE,KESWIK_7_UNIT 3GNODE,RTPD,MGHG,LMP_GHG_PRC,KESWIK_7_UNIT 3GNODE,ALL,1,0,2,5
2022-09-01T17:15:00-00:00,2022-09-01T17:30:00-00:00,2022-09-01,11,KESWIK_7_UNIT 3GNODE,KESWIK_7_UNIT 3GNODE,KESWIK_7_UNIT 3GNODE,RTPD,MGHG,LMP_GHG_PRC,KESWIK_7_UNIT 3GNODE,ALL,1,0,2,5
2022-09-01T18:15:00-00:00,2022-09-01T18:30:00-00:00,2022-09-01,12,KESWIK_7_UNIT 3GNODE,KESWIK_7_UNIT 3GNODE,KESWIK_7_UNIT 3GNODE,RTPD,MGHG,LMP_GHG_PRC,KESWIK_7_UNIT 3GNODE,ALL,1,0,2,5
2022-09-01T19:15:00-00:00,2022-09-01T19:30:00-00:00,2022-09-01,13,KESWIK_7_UNIT 3GNODE,KESWIK_7_UNIT 3GNODE,KESWIK_7_UNIT 3GNODE,RTPD,MGHG,LMP_GHG_PRC,KESWIK_7_UNIT 3GNODE,ALL,1,0,2,5
2022-09-01T20:15:00-00:00,2022-09-01T20:30:00-00:00,2022-09-01,14,KESWIK_7_UNIT 3GNODE,KESWIK_7_UNIT 3GNODE,KESWIK_7_UNIT 3GNODE,RTPD,MGHG,LMP_GHG_PRC,KESWIK_7_UNIT 3GNODE,ALL,1,0,2,5
2022-09-01T21:15:00-00:00,2022-09-01T21:30:00-00:00,2022-09-01,15,KESWIK_7_UNIT 3GNODE,KESWIK_7_UNIT 3GNODE,KESWIK_7_UNIT 3GNODE,RTPD,MGHG,LMP_GHG_PRC,KESWIK_7_UNIT 3GNODE,ALL,1,0,2,5
2022-09-01T22:15:00-00:00,2022-09-01T22:30:00-00:00,2022-09-01,16,KESWIK_7_UNIT 3GNODE,KESWIK_7_UNIT 3GNODE,KESWIK_7_UNIT 3GNODE,RTPD,MGHG,LMP_GHG_PRC,KESWIK_7_UNIT 3GNODE,ALL,1,0,2,5
2022-09-01T23:15:00-00:00,2022-09-01T23:30:00-00:00,2022-09-01,17,KESWIK_7_UNIT 3GNODE,KESWIK_7_UNIT 3GNODE,KESWIK_7_UNIT 3GNODE,RTPD,MGHG,LMP_GHG_PRC,KESWIK_7_UNIT 3GNODE,ALL,1,0,2,5
2022-09-02T00:15:00-00:00,2022-09-02T00:30:00-00:00,2022-09-01,18,KESWIK_7_UNIT 3GNODE,KESWIK_7_UNIT 3GNODE,KESWIK_7_UNIT 3GNODE,RTPD,MGHG,LMP_GHG_PRC,KESWIK_7_UNIT 3GNODE,ALL,1,0,2,5
2022-09-02T01:15:00-00:00,2022-09-02T01:30:00-00:00,2022-09-01,19,KESWIK_7_UNIT 3GNODE,KESWIK_7_UNIT 3GNODE,KESWIK_7_UNIT 3GNODE,RTPD,MGHG,LMP_GHG_PRC,KESWIK_7_UNIT 3GNODE,ALL,1,0,2,5
2022-09-02T02:15:00-00:00,2022-09-02T02:30:00-00:00,2022-09-01,20,KESWIK_7_UNIT 3GNODE,KESWIK_7_UNIT 3GNODE,KESWIK_7_UNIT 3GNODE,RTPD,MGHG,LMP_GHG_PRC,KESWIK_7_UNIT 3GNODE,ALL,1,0,2,5
2022-09-02T03:15:00-00:00,2022-09-02T03:30:00-00:00,2022-09-01,21,KESWIK_7_UNIT 3GNODE,KESWIK_7_UNIT 3GNODE,KESWIK_7_UNIT 3GNODE,RTPD,MGHG,LMP_GHG_PRC,KESWIK_7_UNIT 3GNODE,ALL,1,0,2,5
2022-09-02T04:15:00-00:00,2022-09-02T04:30:00-00:00,2022-09-01,22,KESWIK_7_UNIT 3GNODE,KESWIK_7_UNIT 3GNODE,KESWIK_7_UNIT 3GNODE,RTPD,MGHG,LMP_GHG_PRC,KESWIK_7_UNIT 3GNODE,ALL,1,0,2,5
2022-09-02T05:15:00-00:00,2022-09-02T05:30:00-00:00,2022-09-01,23,KESWIK_7_UNIT 3GNODE,KESWIK_7_UNIT 3GNODE,KESWIK_7_UNIT 3GNODE,RTPD,MGHG,LMP_GHG_PRC,KESWIK_7_UNIT 3GNODE,ALL,1,0,2,5
2022-09-02T06:15:00-00:00,2022-09-02T06:30:00-00:00,2022-09-01,24,KESWIK_7_UNIT 3GNODE,KESWIK_7_UNIT 3GNODE,KESWIK_7_UNIT 3GNODE,RTPD,MGHG,LMP_GHG_PRC,KESWIK_7_UNIT 3GNODE,ALL,1,0,2,5
2022-09-01T07:30:00-00:00,2022-09-01T07:45:00-00:00,2022-09-01,01,KESWIK_7_UNIT 3GNODE,KESWIK_7_UNIT 3GNODE,KESWIK_7_UNIT 3GNODE,RTPD,MGHG,LMP_GHG_PRC,KESWIK_7_UNIT 3GNODE,ALL,1,0,3,5
2022-09-01T08:30:00-00:00,2022-09-01T08:45:00-00:00,2022-09-01,02,KESWIK_7_UNIT 3GNODE,KESWIK_7_UNIT 3GNODE,KESWIK_7_UNIT 3GNODE,RTPD,MGHG,LMP_GHG_PRC,KESWIK_7_UNIT 3GNODE,ALL,1,0,3,5
2022-09-01T09:30:00-00:00,2022-09-01T09:45:00-00:00,2022-09-01,03,KESWIK_7_UNIT 3GNODE,KESWIK_7_UNIT 3GNODE,KESWIK_7_UNIT 3GNODE,RTPD,MGHG,LMP_GHG_PRC,KESWIK_7_UNIT 3GNODE,ALL,1,0,3,5
2022-09-01T10:30:00-00:00,2022-09-01T10:45:00-00:00,2022-09-01,04,KESWIK_7_UNIT 3GNODE,KESWIK_7_UNIT 3GNODE,KESWIK_7_UNIT 3GNODE,RTPD,MGHG,LMP_GHG_PRC,KESWIK_7_UNIT 3GNODE,ALL,1,0,3,5
2022-09-01T11:30:00-00:00,2022-09-01T11:45:00-00:00,2022-09-01,05,KESWIK_7_UNIT 3GNODE,KESWIK_7_UNIT 3GNODE,KESWIK_7_UNIT 3GNODE,RTPD,MGHG,LMP_GHG_PRC,KESWIK_7_UNIT 3GNODE,ALL,1,0,3,5
2022-09-01T12:30:00-00:00,2022-09-01T12:45:00-00:00,2022-09-01,06,KESWIK_7_UNIT 3GNODE,KESWIK_7_UNIT 3GNODE,KESWIK_7_UNIT 3GNODE,RTPD,MGHG,LMP_GHG_PRC,KESWIK_7_UNIT 3GNODE,ALL,1,0,3,5
2022-09-01T13:30:00-00:00,2022-09-01T13:45:00-00:00,2022-09-01,07,KESWIK_7_UNIT 3GNODE,KESWIK_7_UNIT 3GNODE,KESWIK_7_UNIT 3GNODE,RTPD,MGHG,LMP_GHG_PRC,KESWIK_7_UNIT 3GNODE,ALL,1,0,3,5
2022-09-01T14:30:00-00:00,2022-09-01T14:45:00-00:00,2022-09-01,08,KESWIK_7_UNIT 3GNODE,KESWIK_7_UNIT 3GNODE,KESWIK_7_UNIT 3GNODE,RTPD,MGHG,LMP_GHG_PRC,KESWIK_7_UNIT 3GNODE,ALL,1,0,3,5
2022-09-01T15:30:00-00:00,2022-09-01T15:45:00-00:00,2022-09-01,09,KESWIK_7_UNIT 3GNODE,KESWIK_7_UNIT 3GNODE,KESWIK_7_UNIT 3GNODE,RTPD,MGHG,LMP_GHG_PRC,KESWIK_7_UNIT 3GNODE,ALL,1,0,3,5
2022-09-01T16:30:00-00:00,2022-09-01T16:45:00-00:00,2022-09-01,10,KESWIK_7_UNIT 3GNODE,KESWIK_7_UNIT 3GNODE,KESWIK_7_UNIT 3GNODE,RTPD,MGHG,LMP_GHG_PRC,KESWIK_7_UNIT 3GNODE,ALL,1,0,3,5
2022-09-01T17:30:00-00:00,2022-09-01T17:45:00-00:00,2022-09-01,11,KESWIK_7_UNIT 3GNODE,KESWIK_7_UNIT 3GNODE,KESWIK_7_UNIT 3GNODE,RTPD,MGHG,LMP_GHG_PRC,KESWIK_7_UNIT 3GNODE,ALL,1,0,3,5
2022-09-01T18:30:00-00:00,2022-09-01T18:45:00-00:00,2022-09-01,12,KESWIK_7_UNIT 3GNODE,KESWIK_7_UNIT 3GNODE,KESWIK_7_UNIT 3GNODE,RTPD,MGHG,LMP_GHG_PRC,KESWIK_7_UNIT 3GNODE,ALL,1,0,3,5
2022-09-01T19:30:00-00:00,2022-09-01T19:45:00-00:00,2022-09-01,13,KESWIK_7_UNIT 3GNODE,KESWIK_7_UNIT 3GNODE,KESWIK_7_UNIT 3GNODE,RTPD,MGHG,LMP_GHG_PRC,KESWIK_7_UNIT 3GNODE,ALL,1,0,3,5
2022-09-01T20:30:00-00:00,2022-09-01T20:45:00-00:00,2022-09-01,14,KESWIK_7_UNIT 3GNODE,KESWIK_7_UNIT 3GNODE,KESWIK_7_UNIT 3GNODE,RTPD,MGHG,LMP_GHG_PRC,KESWIK_7_UNIT 3GNODE,ALL,1,0,3,5
2022-09-01T21:30:00-00:00,2022-09-01T21:45:00-00:00,2022-09-01,15,KESWIK_7_UNIT 3GNODE,KESWIK_7_UNIT 3GNODE,KESWIK_7_UNIT 3GNODE,RTPD,MGHG,LMP_GHG_PRC,KESWIK_7_UNIT 3GNODE,ALL,1,0,3,5
2022-09-01T22:30:00-00:00,2022-09-01T22:45:00-00:00,2022-09-01,16,KESWIK_7_UNIT 3GNODE,KESWIK_7_UNIT 3GNODE,KESWIK_7_UNIT 3GNODE,RTPD,MGHG,LMP_GHG_PRC,KESWIK_7_UNIT 3GNODE,ALL,1,0,3,5
2022-09-01T23:30:00-00:00,2022-09-01T23:45:00-00:00,2022-09-01,17,KESWIK_7_UNIT 3GNODE,KESWIK_7_UNIT 3GNODE,KESWIK_7_UNIT 3GNODE,RTPD,MGHG,LMP_GHG_PRC,KESWIK_7_UNIT 3GNODE,ALL,1,0,3,5
2022-09-02T00:30:00-00:00,2022-09-02T00:45:00-00:00,2022-09-01,18,KESWIK_7_UNIT 3GNODE,KESWIK_7_UNIT 3GNODE,KESWIK_7_UNIT 3GNODE,RTPD,MGHG,LMP_GHG_PRC,KESWIK_7_UNIT 3GNODE,ALL,1,0,3,5
2022-09-02T01:30:00-00:00,2022-09-02T01:45:00-00:00,2022-09-01,19,KESWIK_7_UNIT 3GNODE,KESWIK_7_UNIT 3GNODE,KESWIK_7_UNIT 3GNODE,RTPD,MGHG,LMP_GHG_PRC,KESWIK_7_UNIT 3GNODE,ALL,1,0,3,5
2022-09-02T02:30:00-00:00,2022-09-02T02:45:00-00:00,2022-09-01,20,KESWIK_7_UNIT 3GNODE,KESWIK_7_UNIT 3GNODE,KESWIK_7_UNIT 3GNODE,RTPD,MGHG,LMP_GHG_PRC,KESWIK_7_UNIT 3GNODE,ALL,1,0,3,5
2022-09-02T03:30:00-00:00,2022-09-02T03:45:00-00:00,2022-09-01,21,KESWIK_7_UNIT 3GNODE,KESWIK_7_UNIT 3GNODE,KESWIK_7_UNIT 3GNODE,RTPD,MGHG,LMP_GHG_PRC,KESWIK_7_UNIT 3GNODE,ALL,1,0,3,5
2022-09-02T04:30:00-00:00,2022-09-02T04:45:00-00:00,2022-09-01,22,KESWIK_7_UNIT 3GNODE,KESWIK_7_UNIT 3GNODE,KESWIK_7_UNIT 3GNODE,RTPD,MGHG,LMP_GHG_PRC,KESWIK_7_UNIT 3GNODE,ALL,1,0,3,5
2022-09-02T05:30:00-00:00,2022-09-02T05:45:00-00:00,2022-09-01,23,KESWIK_7_UNIT 3GNODE,KESWIK_7_UNIT 3GNODE,KESWIK_7_UNIT 3GNODE,RTPD,MGHG,LMP_GHG_PRC,KESWIK_7_UNIT 3GNODE,ALL,1,0,3,5
2022-09-02T06:30:00-00:00,2022-09-02T06:45:00-00:00,2022-09-01,24,KESWIK_7_UNIT 3GNODE,KESWIK_7_UNIT 3GNODE,KESWIK_7_UNIT 3GNODE,RTPD,MGHG,LMP_GHG_PRC,KESWIK_7_UNIT 3GNODE,ALL,1,0,3,5
2022-09-01T07:45:00-00:00,2022-09-01T08:00:00-00:00,2022-09-01,01,KESWIK_7_UNIT 3GNODE,KESWIK_7_UNIT 3GNODE,KESWIK_7_UNIT 3GNODE,RTPD,MGHG,LMP_GHG_PRC,KESWIK_7_UNIT 3GNODE,ALL,1,0,4,5
2022-09-01T08:45:00-00:00,2022-09-01T09:00:00-00:00,2022-09-01,02,KESWIK_7_UNIT 3GNODE,KESWIK_7_UNIT 3GNODE,KESWIK_7_UNIT 3GNODE,RTPD,MGHG,LMP_GHG_PRC,KESWIK_7_UNIT 3GNODE,ALL,1,0,4,5
2022-09-01T09:45:00-00:00,2022-09-01T10:00:00-00:00,2022-09-01,03,KESWIK_7_UNIT 3GNODE,KESWIK_7_UNIT 3GNODE,KESWIK_7_UNIT 3GNODE,RTPD,MGHG,LMP_GHG_PRC,KESWIK_7_UNIT 3GNODE,ALL,1,0,4,5
2022-09-01T10:45:00-00:00,2022-09-01T11:00:00-00:00,2022-09-01,04,KESWIK_7_UNIT 3GNODE,KESWIK_7_UNIT 3GNODE,KESWIK_7_UNIT 3GNODE,RTPD,MGHG,LMP_GHG_PRC,KESWIK_7_UNIT 3GNODE,ALL,1,0,4,5
2022-09-01T11:45:00-00:00,2022-09-01T12:00:00-00:00,2022-09-01,05,KESWIK_7_UNIT 3GNODE,KESWIK_7_UNIT 3GNODE,KESWIK_7_UNIT 3GNODE,RTPD,MGHG,LMP_GHG_PRC,KESWIK_7_UNIT 3GNODE,ALL,1,0,4,5
2022-09-01T12:45:00-00:00,2022-09-01T13:00:00-00:00,2022-09-01,06,KESWIK_7_UNIT 3GNODE,KESWIK_7_UNIT 3GNODE,KESWIK_7_UNIT 3GNODE,RTPD,MGHG,LMP_GHG_PRC,KESWIK_7_UNIT 3GNODE,ALL,1,0,4,5
2022-09-01T13:45:00-00:00,2022-09-01T14:00:00-00:00,2022-09-01,07,KESWIK_7_UNIT 3GNODE,KESWIK_7_UNIT 3GNODE,KESWIK_7_UNIT 3GNODE,RTPD,MGHG,LMP_GHG_PRC,KESWIK_7_UNIT 3GNODE,ALL,1,0,4,5
2022-09-01T14:45:00-00:00,2022-09-01T15:00:00-00:00,2022-09-01,08,KESWIK_7_UNIT 3GNODE,KESWIK_7_UNIT 3GNODE,KESWIK_7_UNIT 3GNODE,RTPD,MGHG,LMP_GHG_PRC,KESWIK_7_UNIT 3GNODE,ALL,1,0,4,5
2022-09-01T15:45:00-00:00,2022-09-01T16:00:00-00:00,2022-09-01,09,KESWIK_7_UNIT 3GNODE,KESWIK_7_UNIT 3GNODE,KESWIK_7_UNIT 3GNODE,RTPD,MGHG,LMP_GHG_PRC,KESWIK_7_UNIT 3GNODE,ALL,1,0,4,5
2022-09-01T16:45:00-00:00,2022-09-01T17:00:00-00:00,2022-09-01,10,KESWIK_7_UNIT 3GNODE,KESWIK_7_UNIT 3GNODE,KESWIK_7_UNIT 3GNODE,RTPD,MGHG,LMP_GHG_PRC,KESWIK_7_UNIT 3GNODE,ALL,1,0,4,5
2022-09-01T17:45:00-00:00,2022-09-01T18:00:00-00:00,2022-09-01,11,KESWIK_7_UNIT 3GNODE,KESWIK_7_UNIT 3GNODE,KESWIK_7_UNIT 3GNODE,RTPD,MGHG,LMP_GHG_PRC,KESWIK_7_UNIT 3GNODE,ALL,1,0,4,5
2022-09-01T18:45:00-00:00,2022-09-01T19:00:00-00:00,2022-09-01,12,KESWIK_7_UNIT 3GNODE,KESWIK_7_UNIT 3GNODE,KESWIK_7_UNIT 3GNODE,RTPD,MGHG,LMP_GHG_PRC,KESWIK_7_UNIT 3GNODE,ALL,1,0,4,5
2022-09-01T19:45:00-00:00,2022-09-01T20:00:00-00:00,2022-09-01,13,KESWIK_7_UNIT 3GNODE,KESWIK_7_UNIT 3GNODE,KESWIK_7_UNIT 3GNODE,RTPD,MGHG,LMP_GHG_PRC,KESWIK_7_UNIT 3GNODE,ALL,1,0,4,5
2022-09-01T20:45:00-00:00,2022-09-01T21:00:00-00:00,2022-09-01,14,KESWIK_7_UNIT 3GNODE,KESWIK_7_UNIT 3GNODE,KESWIK_7_UNIT 3GNODE,RTPD,MGHG,LMP_GHG_PRC,KESWIK_7_UNIT 3GNODE,ALL,1,0,4,5
2022-09-01T21:45:00-00:00,2022-09-01T22:00:00-00:00,2022-09-01,15,KESWIK_7_UNIT 3GNODE,KESWIK_7_UNIT 3GNODE,KESWIK_7_UNIT 3GNODE,RTPD,MGHG,LMP_GHG_PRC,KESWIK_7_UNIT 3GNODE,ALL,1,0,4,5
2022-09-01T22:45:00-00:00,2022-09-01T23:00:00-00:00,2022-09-01,16,KESWIK_7_UNIT 3GNODE,KESWIK_7_UNIT 3GNODE,KESWIK_7_UNIT 3GNODE,RTPD,MGHG,LMP_GHG_PRC,KESWIK_7_UNIT 3GNODE,ALL,1,0,4,5
2022-09-01T23:45:00-00:00,2022-09-02T00:00:00-00:00,2022-09-01,17,KESWIK_7_UNIT 3GNODE,KESWIK_7_UNIT 3GNODE,KESWIK_7_UNIT 3GNODE,RTPD,MGHG,LMP_GHG_PRC,KESWIK_7_UNIT 3GNODE,ALL,1,0,4,5
2022-09-02T00:45:00-00:00,2022-09-02T01:00:00-00:00,2022-09-01,18,KESWIK_7_UNIT 3GNODE,KESWIK_7_UNIT 3GNODE,KESWIK_7_UNIT 3GNODE,RTPD,MGHG,LMP_GHG_PRC,KESWIK_7_UNIT 3GNODE,ALL,1,0,4,5
2022-09-02T01:45:00-00:00,2022-09-02T02:00:00-00:00,2022-09-01,19,KESWIK_7_UNIT 3GNODE,KESWIK_7_UNIT 3GNODE,KESWIK_7_UNIT 3GNODE,RTPD,MGHG,LMP_GHG_PRC,KESWIK_7_UNIT 3GNODE,ALL,1,0,4,5
2022-09-02T02:45:00-00:00,2022-09-02T03:00:00-00:00,2022-09-01,20,KESWIK_7_UNIT 3GNODE,KESWIK_7_UNIT 3GNODE,KESWIK_7_UNIT 3GNODE,RTPD,MGHG,LMP_GHG_PRC,KESWIK_7_UNIT 3GNODE,ALL,1,0,4,5
2022-09-02T03:45:00-00:00,2022-09-02T04:00:00-00:00,2022-09-01,21,KESWIK_7_UNIT 3GNODE,KESWIK_7_UNIT 3GNODE,KESWIK_7_UNIT 3GNODE,RTPD,MGHG,LMP_GHG_PRC,KESWIK_7_UNIT 3GNODE,ALL,1,0,4,5
2022-09-02T04:45:00-00:00,2022-09-02T05:00:00-00:00,2022-09-01,22,KESWIK_7_UNIT 3GNODE,KESWIK_7_UNIT 3GNODE,KESWIK_7_UNIT 3GNODE,RTPD,MGHG,LMP_GHG_PRC,KESWIK_7_UNIT 3GNODE,ALL,1,0,4,5
2022-09-02T05:45:00-00:00,2022-09-02T06:00:00-00:00,2022-09-01,23,KESWIK_7_UNIT 3GNODE,KESWIK_7_UNIT 3GNODE,KESWIK_7_UNIT 3GNODE,RTPD,MGHG,LMP_GHG_PRC,KESWIK_7_UNIT 3GNODE,ALL,1,0,4,5
2022-09-02T06:45:00-00:00,2022-09-02T07:00:00-00:00,2022-09-01,24,KESWIK_7_UNIT 3GNODE,KESWIK_7_UNIT 3GNODE,KESWIK_7_UNIT 3GNODE,RTPD,MGHG,LMP_GHG_PRC,KESWIK_7_UNIT 3GNODE,ALL,1,0,4,5
