INTERVALSTARTTIME_GMT,INTERVALENDTIME_GMT,OPR_DT,OPR_HR,NODE_ID_XML,NODE_ID,NODE,MARKET_RUN_ID,LMP_TYPE,XML_DATA_ITEM,PNODE_RESMRID,GRP_TYPE,POS,PRC,OPR_INTERVAL,GROUP
2022-09-01T07:00:00-00:00,2022-09-01T07:15:00-00:00,2022-09-01,01,ANAHEIMG_7_B1,ANAHEIMG_7_B1,ANAHEIMG_7_B1,RTPD,LMP,LMP_PRC,ANAHEIMG_7_B1,ALL,1,161.94344,1,1
2022-09-01T08:00:00-00:00,2022-09-01T08:15:00-00:00,2022-09-01,02,ANAHEIMG_7_B1,ANAHEIMG_7_B1,ANAHEIMG_7_B1,RTPD,LMP,LMP_PRC,ANAHEIMG_7_B1,ALL,1,118.70517,1,1
2022-09-01T09:00:00-00:00,2022-09-01T09:15:00-00:00,2022-09-01,03,ANAHEIMG_7_B1,ANAHEIMG_7_B1,ANAHEIMG_7_B1,RTPD,LMP,LMP_PRC,ANAHEIMG_7_B1,ALL,1,114.19231,1,1
2022-09-01T10:00:00-00:00,2022-09-01T10:15:00-00:00,2022-09-01,04,ANAHEIMG_7_B1,ANAHEIMG_7_B1,ANAHEIMG_7_B1,RTPD,LMP,LMP_PRC,ANAHEIMG_7_B1,ALL,1,112.60909,1,1
2022-09-01T11:00:00-00:00,2022-09-01T11:15:00-00:00,2022-09-01,05,ANAHEIMG_7_B1,ANAHEIMG_7_B1,ANAHEIMG_7_B1,RTPD,LMP,LMP_PRC,ANAHEIMG_7_B1,ALL,1,112.71262,1,1
2022-09-01T12:00:00-00:00,2022-09-01T12:15:00-00:00,2022-09-01,06,ANAHEIMG_7_B1,ANAHEIMG_7_B1,ANAHEIMG_7_B1,RTPD,LMP,LMP_PRC,ANAHEIMG_7_B1,ALL,1,115.86145,1,1
2022-09-01T13:00:00-00:00,2022-09-01T13:15:00-00:00,2022-09-01,07,ANAHEIMG_7_B1,ANAHEIMG_7_B1,ANAHEIMG_7_B1,RTPD,LMP,LMP_PRC,ANAHEIMG_7_B1,ALL,1,115.18786,1,1
2022-09-01T14:00:00-00:00,2022-09-01T14:15:00-00:00,2022-09-01,08,ANAHEIMG_7_B1,ANAHEIMG_7_B1,ANAHEIMG_7_B1,RTPD,LMP,LMP_PRC,ANAHEIMG_7_B1,ALL,1,132.39984,1,1
2022-09-01T15:00:00-00:00,2022-09-01T15:15:00-00:00,2022-09-01,09,ANAHEIMG_7_B1,ANAHEIMG_7_B1,ANAHEIMG_7_B1,RTPD,LMP,LMP_PRC,ANAHEIMG_7_B1,ALL,1,131.71205,1,1
2022-09-01T16:00:00-00:00,2022-09-01T16:15:00-00:00,2022-09-01,10,ANAHEIMG_7_B1,ANAHEIMG_7_B1,ANAHEIMG_7_B1,RTPD,LMP,LMP_PRC,ANAHEIMG_7_B1,ALL,1,108.75189,1,1
2022-09-01T17:00:00-00:00,2022-09-01T17:15:00-00:00,2022-09-01,11,ANAHEIMG_7_B1,ANAHEIMG_7_B1,ANAHEIMG_7_B1,RTPD,LMP,LMP_PRC,ANAHEIMG_7_B1,ALL,1,135.57501,1,1
2022-09-01T18:00:00-00:00,2022-09-01T18:15:00-00:00,2022-09-01,12,ANAHEIMG_7_B1,ANAHEIMG_7_B1,ANAHEIMG_7_B1,RTPD,LMP,LMP_PRC,ANAHEIMG_7_B1,ALL,1,144.77907,1,1
2022-09-01T19:00:00-00:00,2022-09-01T19:15:00-00:00,2022-09-01,13,ANAHEIMG_7_B1,ANAHEIMG_7_B1,ANAHEIMG_7_B1,RTPD,LMP,LMP_PRC,ANAHEIMG_7_B1,ALL,1,181.9636,1,1
2022-09-01T20:00:00-00:00,2022-09-01T20:15:00-00:00,2022-09-01,14,ANAHEIMG_7_B1,ANAHEIMG_7_B1,ANAHEIMG_7_B1,RTPD,LMP,LMP_PRC,ANAHEIMG_7_B1,ALL,1,121.20636,1,1
2022-09-01T21:00:00-00:00,2022-09-01T21:15:00-00:00,2022-09-01,15,ANAHEIMG_7_B1,ANAHEIMG_7_B1,ANAHEIMG_7_B1,RTPD,LMP,LMP_PRC,ANAHEIMG_7_B1,ALL,1,460.0411,1,1
2022-09-01T22:00:00-00:00,2022-09-01T22:15:00-00:00,2022-09-01,16,ANAHEIMG_7_B1,ANAHEIMG_7_B1,ANAHEIMG_7_B1,RTPD,LMP,LMP_PRC,ANAHEIMG_7_B1,ALL,1,433.40585,1,1
2022-09-01T23:00:00-00:00,2022-09-01T23:15:00-00:00,2022-09-01,17,ANAHEIMG_7_B1,ANAHEIMG_7_B1,ANAHEIMG_7_B1,RTPD,LMP,LMP_PRC,ANAHEIMG_7_B1,ALL,1,791.5292,1,1
2022-09-02T00:00:00-00:00,2022-09-02T00:15:00-00:00,2022-09-01,18,ANAHEIMG_7_B1,ANAHEIMG_7_B1,ANAHEIMG_7_B1,RTPD,LMP,LMP_PRC,ANAHEIMG_7_B1,ALL,1,1216.3618,1,1
2022-09-02T01:00:00-00:00,2022-09-02T01:15:00-00:00,2022-09-01,19,ANAHEIMG_7_B1,ANAHEIMG_7_B1,ANAHEIMG_7_B1,RTPD,LMP,LMP_PRC,ANAHEIMG_7_B1,ALL,1,1115.0575,1,1
2022-09-02T02:00:00-00:00,2022-09-02T02:15:00-00:00,2022-09-01,20,ANAHEIMG_7_B1,ANAHEIMG_7_B1,ANAHEIMG_7_B1,RTPD,LMP,LMP_PRC,ANAHEIMG_7_B1,ALL,1,2054.2766,1,1
2022-09-02T03:00:00-00:00,2022-09-02T03:15:00-00:00,2022-09-01,21,ANAHEIMG_7_B1,ANAHEIMG_7_B1,ANAHEIMG_7_B1,RTPD,LMP,LMP_PRC,ANAHEIMG_7_B1,ALL,1,1328.4481,1,1
2022-09-02T04:00:00-00:00,2022-09-02T04:15:00-00:00,2022-09-01,22,ANAHEIMG_7_B1,ANAHEIMG_7_B1,ANAHEIMG_7_B1,RTPD,LMP,LMP_PRC,ANAHEIMG_7_B1,ALL,1,234.08554,1,1
2022-09-02T05:00:00-00:00,2022-09-02T05:15:00-00:00,2022-09-01,23,ANAHEIMG_7_B1,ANAHEIMG_7_B1,ANAHEIMG_7_B1,RTPD,LMP,LMP_PRC,ANAHEIMG_7_B1,ALL,1,218.87839,1,1
2022-09-02T06:00:00-00:00,2022-09-02T06:15:00-00:00,2022-09-01,24,ANAHEIMG_7_B1,ANAHEIMG_7_B1,ANAHEIMG_7_B1,RTPD,LMP,LMP_PRC,ANAHEIMG_7_B1,ALL,1,173.47305,1,1
2022-09-01T07:15:00-00:00,2022-09-01T07:30:00-00:00,2022-09-01,01,ANAHEIMG_7_B1,ANAHEIMG_7_B1,ANAHEIMG_7_B1,RTPD,LMP,LMP_PRC,ANAHEIMG_7_B1,ALL,1,134.88002,2,1
2022-09-01T08:15:00-00:00,2022-09-01T08:30:00-00:00,2022-09-01,02,ANAHEIMG_7_B1,ANAHEIMG_7_B1,ANAHEIMG_7_B1,RTPD,LMP,LMP_PRC,ANAHEIMG_7_B1,ALL,1,116.3932,2,1
2022-09-01T09:15:00-00:00,2022-09-01T09:30:00-00:00,2022-09-01,03,ANAHEIMG_7_B1,ANAHEIMG_7_B1,ANAHEIMG_7_B1,RTPD,LMP,LMP_PRC,ANAHEIMG_7_B1,ALL,1,113.90818,2,1
2022-09-01T10:15:00-00:00,2022-09-01T10:30:00-00:00,2022-09-01,04,ANAHEIMG_7_B1,ANAHEIMG_7_B1,ANAHEIMG_7_B1,RTPD,LMP,LMP_PRC,ANAHEIMG_7_B1,ALL,1,112.54462,2,1
2022-09-01T11:15:00-00:00,2022-09-01T11:30:00-00:00,2022-09-01,05,ANAHEIMG_7_B1,ANAHEIMG_7_B1,ANAHEIMG_7_B1,RTPD,LMP,LMP_PRC,ANAHEIMG_7_B1,ALL,1,113.3481,2,1
2022-09-01T12:15:00-00:00,2022-09-01T12:30:00-00:00,2022-09-01,06,ANAHEIMG_7_B1,ANAHEIMG_7_B1,ANAHEIMG_7_B1,RTPD,LMP,LMP_PRC,ANAHEIMG_7_B1,ALL,1,125.8435,2,1
2022-09-01T13:15:00-00:00,2022-09-01T13:30:00-00:00,2022-09-01,07,ANAHEIMG_7_B1,ANAHEIMG_7_B1,ANAHEIMG_7_B1,RTPD,LMP,LMP_PRC,ANAHEIMG_7_B1,ALL,1,122.20633,2,1
2022-09-01T14:15:00-00:00,2022-09-01T14:30:00-00:00,2022-09-01,08,ANAHEIMG_7_B1,ANAHEIMG_7_B1,ANAHEIMG_7_B1,RTPD,LMP,LMP_PRC,ANAHEIMG_7_B1,ALL,1,128.87598,2,1
2022-09-01T15:15:00-00:00,2022-09-01T15:30:00-00:00,2022-09-01,09,ANAHEIMG_7_B1,ANAHEIMG_7_B1,ANAHEIMG_7_B1,RTPD,LMP,LMP_PRC,ANAHEIMG_7_B1,ALL,1,123.18317,2,1
2022-09-01T16:15:00-00:00,2022-09-01T16:30:00-00:00,2022-09-01,10,ANAHEIMG_7_B1,ANAHEIMG_7_B1,ANAHEIMG_7_B1,RTPD,LMP,LMP_PRC,ANAHEIMG_7_B1,ALL,1,114.94586,2,1
2022-09-01T17:15:00-00:00,2022-09-01T17:30:00-00:00,2022-09-01,11,ANAHEIMG_7_B1,ANAHEIMG_7_B1,ANAHEIMG_7_B1,RTPD,LMP,LMP_PRC,ANAHEIMG_7_B1,ALL,1,142.15002,2,1
2022-09-01T18:15:00-00:00,2022-09-01T18:30:00-00:00,2022-09-01,12,ANAHEIMG_7_B1,ANAHEIMG_7_B1,ANAHEIMG_7_B1,RTPD,LMP,LMP_PRC,ANAHEIMG_7_B1,ALL,1,152.8755,2,1
2022-09-01T19:15:00-00:00,2022-09-01T19:30:00-00:00,2022-09-01,13,ANAHEIMG_7_B1,ANAHEIMG_7_B1,ANAHEIMG_7_B1,RTPD,LMP,LMP_PRC,ANAHEIMG_7_B1,ALL,1,154.38531,2,1
2022-09-01T20:15:00-00:00,2022-09-01T20:30:00-00:00,2022-09-01,14,ANAHEIMG_7_B1,ANAHEIMG_7_B1,ANAHEIMG_7_B1,RTPD,LMP,LMP_PRC,ANAHEIMG_7_B1,ALL,1,120.20086,2,1
2022-09-01T21:15:00-00:00,2022-09-01T21:30:00-00:00,2022-09-01,15,ANAHEIMG_7_B1,ANAHEIMG_7_B1,ANAHEIMG_7_B1,RTPD,LMP,LMP_PRC,ANAHEIMG_7_B1,ALL,1,204.68549,2,1
2022-09-01T22:15:00-00:00,2022-09-01T22:30:00-00:00,2022-09-01,16,ANAHEIMG_7_B1,ANAHEIMG_7_B1,ANAHEIMG_7_B1,RTPD,LMP,LMP_PRC,ANAHEIMG_7_B1,ALL,1,477.8128,2,1
2022-09-01T23:15:00-00:00,2022-09-01T23:30:00-00:00,2022-09-01,17,ANAHEIMG_7_B1,ANAHEIMG_7_B1,ANAHEIMG_7_B1,RTPD,LMP,LMP_PRC,ANAHEIMG_7_B1,ALL,1,677.66626,2,1
2022-09-02T00:15:00-00:00,2022-09-02T00:30:00-00:00,2022-09-01,18,ANAHEIMG_7_B1,ANAHEIMG_7_B1,ANAHEIMG_7_B1,RTPD,LMP,LMP_PRC,ANAHEIMG_7_B1,ALL,1,1097.0056,2,1
2022-09-02T01:15:00-00:00,2022-09-02T01:30:00-00:00,2022-09-01,19,ANAHEIMG_7_B1,ANAHEIMG_7_B1,ANAHEIMG_7_B1,RTPD,LMP,LMP_PRC,ANAHEIMG_7_B1,ALL,1,2083.9934,2,1
2022-09-02T02:15:00-00:00,2022-09-02T02:30:00-00:00,2022-09-01,20,ANAHEIMG_7_B1,ANAHEIMG_7_B1,ANAHEIMG_7_B1,RTPD,LMP,LMP_PRC,ANAHEIMG_7_B1,ALL,1,1991.6721,2,1
2022-09-02T03:15:00-00:00,2022-09-02T03:30:00-00:00,2022-09-01,21,ANAHEIMG_7_B1,ANAHEIMG_7_B1,ANAHEIMG_7_B1,RTPD,LMP,LMP_PRC,ANAHEIMG_7_B1,ALL,1,551.68536,2,1
2022-09-02T04:15:00-00:00,2022-09-02T04:30:00-00:00,2022-09-01,22,ANAHEIMG_7_B1,ANAHEIMG_7_B1,ANAHEIMG_7_B1,RTPD,LMP,LMP_PRC,ANAHEIMG_7_B1,ALL,1,193.6785,2,1
2022-09-02T05:15:00-00:00,2022-09-02T05:30:00-00:00,2022-09-01,23,ANAHEIMG_7_B1,ANAHEIMG_7_B1,ANAHEIMG_7_B1,RTPD,LMP,LMP_PRC,ANAHEIMG_7_B1,ALL,1,191.21745,2,1
2022-09-02T06:15:00-00:00,2022-09-02T06:30:00-00:00,2022-09-01,24,ANAHEIMG_7_B1,ANAHEIMG_7_B1,ANAHEIMG_7_B1,RTPD,LMP,LMP_PRC,ANAHEIMG_7_B1,ALL,1,163.50404,2,1
2022-09-01T07:30:00-00:00,2022-09-01T07:45:00-00:00,2022-09-01,01,ANAHEIMG_7_B1,ANAHEIMG_7_B1,ANAHEIMG_7_B1,RTPD,LMP,LMP_PRC,ANAHEIMG_7_B1,ALL,1,134.21474,3,1
2022-09-01T08:30:00-00:00,2022-09-01T08:45:00-00:00,2022-09-01,02,ANAHEIMG_7_B1,ANAHEIMG_7_B1,ANAHEIMG_7_B1,RTPD,LMP,LMP_PRC,ANAHEIMG_7_B1,ALL,1,122.28002,3,1
2022-09-01T09:30:00-00:00,2022-09-01T09:45:00-00:00,2022-09-01,03,ANAHEIMG_7_B1,ANAHEIMG_7_B1,ANAHEIMG_7_B1,RTPD,LMP,LMP_PRC,ANAHEIMG_7_B1,ALL,1,113.46473,3,1
2022-09-01T10:30:00-00:00,2022-09-01T10:45:00-00:00,2022-09-01,04,ANAHEIMG_7_B1,ANAHEIMG_7_B1,ANAHEIMG_7_B1,RTPD,LMP,LMP_PRC,ANAHEIMG_7_B1,ALL,1,109.54934,3,1
2022-09-01T11:30:00-00:00,2022-09-01T11:45:00-00:00,2022-09-01,05,ANAHEIMG_7_B1,ANAHEIMG_7_B1,ANAHEIMG_7_B1,RTPD,LMP,LMP_PRC,ANAHEIMG_7_B1,ALL,1,113.30634,3,1
2022-09-01T12:30:00-00:00,2022-09-01T12:45:00-00:00,2022-09-01,06,ANAHEIMG_7_B1,ANAHEIMG_7_B1,ANAHEIMG_7_B1,RTPD,LMP,LMP_PRC,ANAHEIMG_7_B1,ALL,1,134.4122,3,1
2022-09-01T13:30:00-00:00,2022-09-01T13:45:00-00:00,2022-09-01,07,ANAHEIMG_7_B1,ANAHEIMG_7_B1,ANAHEIMG_7_B1,RTPD,LMP,LMP_PRC,ANAHEIMG_7_B1,ALL,1,123.40187,3,1
2022-09-01T14:30:00-00:00,2022-09-01T14:45:00-00:00,2022-09-01,08,ANAHEIMG_7_B1,ANAHEIMG_7_B1,ANAHEIMG_7_B1,RTPD,LMP,LMP_PRC,ANAHEIMG_7_B1,ALL,1,120.84976,3,1
2022-09-01T15:30:00-00:00,2022-09-01T15:45:00-00:00,2022-09-01,09,ANAHEIMG_7_B1,ANAHEIMG_7_B1,ANAHEIMG_7_B1,RTPD,LMP,LMP_PRC,ANAHEIMG_7_B1,ALL,1,132.3798,3,1
2022-09-01T16:30:00-00:00,2022-09-01T16:45:00-00:00,2022-09-01,10,ANAHEIMG_7_B1,ANAHEIMG_7_B1,ANAHEIMG_7_B1,RTPD,LMP,LMP_PRC,ANAHEIMG_7_B1,ALL,1,121.72025,3,1
2022-09-01T17:30:00-00:00,2022-09-01T17:45:00-00:00,2022-09-01,11,ANAHEIMG_7_B1,ANAHEIMG_7_B1,ANAHEIMG_7_B1,RTPD,LMP,LMP_PRC,ANAHEIMG_7_B1,ALL,1,139.1343,3,1
2022-09-01T18:30:00-00:00,2022-09-01T18:45:00-00:00,2022-09-01,12,ANAHEIMG_7_B1,ANAHEIMG_7_B1,ANAHEIMG_7_B1,RTPD,LMP,LMP_PRC,ANAHEIMG_7_B1,ALL,1,159.52348,3,1
2022-09-01T19:30:00-00:00,2022-09-01T19:45:00-00:00,2022-09-01,13,ANAHEIMG_7_B1,ANAHEIMG_7_B1,ANAHEIMG_7_B1,RTPD,LMP,LMP_PRC,ANAHEIMG_7_B1,ALL,1,148.33252,3,1
2022-09-01T20:30:00-00:00,2022-09-01T20:45:00-00:00,2022-09-01,14,ANAHEIMG_7_B1,ANAHEIMG_7_B1,ANAHEIMG_7_B1,RTPD,LMP,LMP_PRC,ANAHEIMG_7_B1,ALL,1,140.93437,3,1
2022-09-01T21:30:00-00:00,2022-09-01T21:45:00-00:00,2022-09-01,15,ANAHEIMG_7_B1,ANAHEIMG_7_B1,ANAHEIMG_7_B1,RTPD,LMP,LMP_PRC,ANAHEIMG_7_B1,ALL,1,214.26474,3,1
2022-09-01T22:30:00-00:00,2022-09-01T22:45:00-00:00,2022-09-01,16,ANAHEIMG_7_B1,ANAHEIMG_7_B1,ANAHEIMG_7_B1,RTPD,LMP,LMP_PRC,ANAHEIMG_7_B1,ALL,1,537.5737,3,1
2022-09-01T23:30:00-00:00,2022-09-01T23:45:00-00:00,2022-09-01,17,ANAHEIMG_7_B1,ANAHEIMG_7_B1,ANAHEIMG_7_B1,RTPD,LMP,LMP_PRC,ANAHEIMG_7_B1,ALL,1,795.67035,3,1
2022-09-02T00:30:00-00:00,2022-09-02T00:45:00-00:00,2022-09-01,18,ANAHEIMG_7_B1,ANAHEIMG_7_B1,ANAHEIMG_7_B1,RTPD,LMP,LMP_PRC,ANAHEIMG_7_B1,ALL,1,1679.3265,3,1
2022-09-02T01:30:00-00:00,2022-09-02T01:45:00-00:00,2022-09-01,19,ANAHEIMG_7_B1,ANAHEIMG_7_B1,ANAHEIMG_7_B1,RTPD,LMP,LMP_PRC,ANAHEIMG_7_B1,ALL,1,2016.3086,3,1
2022-09-02T02:30:00-00:00,2022-09-02T02:45:00-00:00,2022-09-01,20,ANAHEIMG_7_B1,ANAHEIMG_7_B1,ANAHEIMG_7_B1,RTPD,LMP,LMP_PRC,ANAHEIMG_7_B1,ALL,1,1991.671,3,1
2022-09-02T03:30:00-00:00,2022-09-02T03:45:00-00:00,2022-09-01,21,ANAHEIMG_7_B1,ANAHEIMG_7_B1,ANAHEIMG_7_B1,RTPD,LMP,LMP_PRC,ANAHEIMG_7_B1,ALL,1,231.43004,3,1
2022-09-02T04:30:00-00:00,2022-09-02T04:45:00-00:00,2022-09-01,22,ANAHEIMG_7_B1,ANAHEIMG_7_B1,ANAHEIMG_7_B1,RTPD,LMP,LMP_PRC,ANAHEIMG_7_B1,ALL,1,177.94252,3,1
2022-09-02T05:30:00-00:00,2022-09-02T05:45:00-00:00,2022-09-01,23,ANAHEIMG_7_B1,ANAHEIMG_7_B1,ANAHEIMG_7_B1,RTPD,LMP,LMP_PRC,ANAHEIMG_7_B1,ALL,1,161.23988,3,1
2022-09-02T06:30:00-00:00,2022-09-02T06:45:00-00:00,2022-09-01,24,ANAHEIMG_7_B1,ANAHEIMG_7_B1,ANAHEIMG_7_B1,RTPD,LMP,LMP_PRC,ANAHEIMG_7_B1,ALL,1,156.11732,3,1
2022-09-01T07:45:00-00:00,2022-09-01T08:00:00-00:00,2022-09-01,01,ANAHEIMG_7_B1,ANAHEIMG_7_B1,ANAHEIMG_7_B1,RTPD,LMP,LMP_PRC,ANAHEIMG_7_B1,ALL,1,126.51385,4,1
2022-09-01T08:45:00-00:00,2022-09-01T09:00:00-00:00,2022-09-01,02,ANAHEIMG_7_B1,ANAHEIMG_7_B1,ANAHEIMG_7_B1,RTPD,LMP,LMP_PRC,ANAHEIMG_7_B1,ALL,1,113.30927,4,1
2022-09-01T09:45:00-00:00,2022-09-01T10:00:00-00:00,2022-09-01,03,ANAHEIMG_7_B1,ANAHEIMG_7_B1,ANAHEIMG_7_B1,RTPD,LMP,LMP_PRC,ANAHEIMG_7_B1,ALL,1,112.51675,4,1
2022-09-01T10:45:00-00:00,2022-09-01T11:00:00-00:00,2022-09-01,04,ANAHEIMG_7_B1,ANAHEIMG_7_B1,ANAHEIMG_7_B1,RTPD,LMP,LMP_PRC,ANAHEIMG_7_B1,ALL,1,106.01021,4,1
2022-09-01T11:45:00-00:00,2022-09-01T12:00:00-00:00,2022-09-01,05,ANAHEIMG_7_B1,ANAHEIMG_7_B1,ANAHEIMG_7_B1,RTPD,LMP,LMP_PRC,ANAHEIMG_7_B1,ALL,1,107.01,4,1
2022-09-01T12:45:00-00:00,2022-09-01T13:00:00-00:00,2022-09-01,06,ANAHEIMG_7_B1,ANAHEIMG_7_B1,ANAHEIMG_7_B1,RTPD,LMP,LMP_PRC,ANAHEIMG_7_B1,ALL,1,118.82315,4,1
2022-09-01T13:45:00-00:00,2022-09-01T14:00:00-00:00,2022-09-01,07,ANAHEIMG_7_B1,ANAHEIMG_7_B1,ANAHEIMG_7_B1,RTPD,LMP,LMP_PRC,ANAHEIMG_7_B1,ALL,1,117.3225,4,1
2022-09-01T14:45:00-00:00,2022-09-01T15:00:00-00:00,2022-09-01,08,ANAHEIMG_7_B1,ANAHEIMG_7_B1,ANAHEIMG_7_B1,RTPD,LMP,LMP_PRC,ANAHEIMG_7_B1,ALL,1,101.17979,4,1
2022-09-01T15:45:00-00:00,2022-09-01T16:00:00-00:00,2022-09-01,09,ANAHEIMG_7_B1,ANAHEIMG_7_B1,ANAHEIMG_7_B1,RTPD,LMP,LMP_PRC,ANAHEIMG_7_B1,ALL,1,101.98961,4,1
2022-09-01T16:45:00-00:00,2022-09-01T17:00:00-00:00,2022-09-01,10,ANAHEIMG_7_B1,ANAHEIMG_7_B1,ANAHEIMG_7_B1,RTPD,LMP,LMP_PRC,ANAHEIMG_7_B1,ALL,1,122.79618,4,1
2022-09-01T17:45:00-00:00,2022-09-01T18:00:00-00:00,2022-09-01,11,ANAHEIMG_7_B1,ANAHEIMG_7_B1,ANAHEIMG_7_B1,RTPD,LMP,LMP_PRC,ANAHEIMG_7_B1,ALL,1,139.94948,4,1
2022-09-01T18:45:00-00:00,2022-09-01T19:00:00-00:00,2022-09-01,12,ANAHEIMG_7_B1,ANAHEIMG_7_B1,ANAHEIMG_7_B1,RTPD,LMP,LMP_PRC,ANAHEIMG_7_B1,ALL,1,163.57947,4,1
2022-09-01T19:45:00-00:00,2022-09-01T20:00:00-00:00,2022-09-01,13,ANAHEIMG_7_B1,ANAHEIMG_7_B1,ANAHEIMG_7_B1,RTPD,LMP,LMP_PRC,ANAHEIMG_7_B1,ALL,1,155.71434,4,1
2022-09-01T20:45:00-00:00,2022-09-01T21:00:00-00:00,2022-09-01,14,ANAHEIMG_7_B1,ANAHEIMG_7_B1,ANAHEIMG_7_B1,RTPD,LMP,LMP_PRC,ANAHEIMG_7_B1,ALL,1,210.5591,4,1
2022-09-01T21:45:00-00:00,2022-09-01T22:00:00-00:00,2022-09-01,15,ANAHEIMG_7_B1,ANAHEIMG_7_B1,ANAHEIMG_7_B1,RTPD,LMP,LMP_PRC,ANAHEIMG_7_B1,ALL,1,522.6008,4,1
2022-09-01T22:45:00-00:00,2022-09-01T23:00:00-00:00,2022-09-01,16,ANAHEIMG_7_B1,ANAHEIMG_7_B1,ANAHEIMG_7_B1,RTPD,LMP,LMP_PRC,ANAHEIMG_7_B1,ALL,1,893.6269,4,1
2022-09-01T23:45:00-00:00,2022-09-02T00:00:00-00:00,2022-09-01,17,ANAHEIMG_7_B1,ANAHEIMG_7_B1,ANAHEIMG_7_B1,RTPD,LMP,LMP_PRC,ANAHEIMG_7_B1,ALL,1,1815.2488,4,1
2022-09-02T00:45:00-00:00,2022-09-02T01:00:00-00:00,2022-09-01,18,ANAHEIMG_7_B1,ANAHEIMG_7_B1,ANAHEIMG_7_B1,RTPD,LMP,LMP_PRC,ANAHEIMG_7_B1,ALL,1,1919.2412,4,1
2022-09-02T01:45:00-00:00,2022-09-02T02:00:00-00:00,2022-09-01,19,ANAHEIMG_7_B1,ANAHEIMG_7_B1,ANAHEIMG_7_B1,RTPD,LMP,LMP_PRC,ANAHEIMG_7_B1,ALL,1,1991.9337,4,1
2022-09-02T02:45:00-00:00,2022-09-02T03:00:00-00:00,2022-09-01,20,ANAHEIMG_7_B1,ANAHEIMG_7_B1,ANAHEIMG_7_B1,RTPD,LMP,LMP_PRC,ANAHEIMG_7_B1,ALL,1,2126.028,4,1
2022-09-02T03:45:00-00:00,2022-09-02T04:00:00-00:00,2022-09-01,21,ANAHEIMG_7_B1,ANAHEIMG_7_B1,ANAHEIMG_7_B1,RTPD,LMP,LMP_PRC,ANAHEIMG_7_B1,ALL,1,173.87483,4,1
2022-09-02T04:45:00-00:00,2022-09-02T05:00:00-00:00,2022-09-01,22,ANAHEIMG_7_B1,ANAHEIMG_7_B1,ANAHEIMG_7_B1,RTPD,LMP,LMP_PRC,ANAHEIMG_7_B1,ALL,1,154.6359,4,1
2022-09-02T05:45:00-00:00,2022-09-02T06:00:00-00:00,2022-09-01,23,ANAHEIMG_7_B1,ANAHEIMG_7_B1,ANAHEIMG_7_B1,RTPD,LMP,LMP_PRC,ANAHEIMG_7_B1,ALL,1,141.12007,4,1
2022-09-02T06:45:00-00:00,2022-09-02T07:00:00-00:00,2022-09-01,24,ANAHEIMG_7_B1,ANAHEIMG_7_B1,ANAHEIMG_7_B1,RTPD,LMP,LMP_PRC,ANAHEIMG_7_B1,ALL,1,128.51501,4,1
2022-09-01T07:00:00-00:00,2022-09-01T07:15:00-00:00,2022-09-01,01,ANAHEIMG_7_B1,ANAHEIMG_7_B1,ANAHEIMG_7_B1,RTPD,MCC,LMP_CONG_PRC,ANAHEIMG_7_B1,ALL,1,55.01948,1,2
2022-09-01T08:00:00-00:00,2022-09-01T08:15:00-00:00,2022-09-01,02,ANAHEIMG_7_B1,ANAHEIMG_7_B1,ANAHEIMG_7_B1,RTPD,MCC,LMP_CONG_PRC,ANAHEIMG_7_B1,ALL,1,3.15637,1,2
2022-09-01T09:00:00-00:00,2022-09-01T09:15:00-00:00,2022-09-01,03,ANAHEIMG_7_B1,ANAHEIMG_7_B1,ANAHEIMG_7_B1,RTPD,MCC,LMP_CONG_PRC,ANAHEIMG_7_B1,ALL,1,4.23932,1,2
2022-09-01T10:00:00-00:00,2022-09-01T10:15:00-00:00,2022-09-01,04,ANAHEIMG_7_B1,ANAHEIMG_7_B1,ANAHEIMG_7_B1,RTPD,MCC,LMP_CONG_PRC,ANAHEIMG_7_B1,ALL,1,3.71795,1,2
2022-09-01T11:00:00-00:00,2022-09-01T11:15:00-00:00,2022-09-01,05,ANAHEIMG_7_B1,ANAHEIMG_7_B1,ANAHEIMG_7_B1,RTPD,MCC,LMP_CONG_PRC,ANAHEIMG_7_B1,ALL,1,0,1,2
2022-09-01T12:00:00-00:00,2022-09-01T12:15:00-00:00,2022-09-01,06,ANAHEIMG_7_B1,ANAHEIMG_7_B1,ANAHEIMG_7_B1,RTPD,MCC,LMP_CONG_PRC,ANAHEIMG_7_B1,ALL,1,9.80484,1,2
2022-09-01T13:00:00-00:00,2022-09-01T13:15:00-00:00,2022-09-01,07,ANAHEIMG_7_B1,ANAHEIMG_7_B1,ANAHEIMG_7_B1,RTPD,MCC,LMP_CONG_PRC,ANAHEIMG_7_B1,ALL,1,13.37908,1,2
2022-09-01T14:00:00-00:00,2022-09-01T14:15:00-00:00,2022-09-01,08,ANAHEIMG_7_B1,ANAHEIMG_7_B1,ANAHEIMG_7_B1,RTPD,MCC,LMP_CONG_PRC,ANAHEIMG_7_B1,ALL,1,12.73202,1,2
2022-09-01T15:00:00-00:00,2022-09-01T15:15:00-00:00,2022-09-01,09,ANAHEIMG_7_B1,ANAHEIMG_7_B1,ANAHEIMG_7_B1,RTPD,MCC,LMP_CONG_PRC,ANAHEIMG_7_B1,ALL,1,34.30085,1,2
2022-09-01T16:00:00-00:00,2022-09-01T16:15:00-00:00,2022-09-01,10,ANAHEIMG_7_B1,ANAHEIMG_7_B1,ANAHEIMG_7_B1,RTPD,MCC,LMP_CONG_PRC,ANAHEIMG_7_B1,ALL,1,25.31664,1,2
2022-09-01T17:00:00-00:00,2022-09-01T17:15:00-00:00,2022-09-01,11,ANAHEIMG_7_B1,ANAHEIMG_7_B1,ANAHEIMG_7_B1,RTPD,MCC,LMP_CONG_PRC,ANAHEIMG_7_B1,ALL,1,38.62604,1,2
2022-09-01T18:00:00-00:00,2022-09-01T18:15:00-00:00,2022-09-01,12,ANAHEIMG_7_B1,ANAHEIMG_7_B1,ANAHEIMG_7_B1,RTPD,MCC,LMP_CONG_PRC,ANAHEIMG_7_B1,ALL,1,53.18616,1,2
2022-09-01T19:00:00-00:00,2022-09-01T19:15:00-00:00,2022-09-01,13,ANAHEIMG_7_B1,ANAHEIMG_7_B1,ANAHEIMG_7_B1,RTPD,MCC,LMP_CONG_PRC,ANAHEIMG_7_B1,ALL,1,72.76722,1,2
2022-09-01T20:00:00-00:00,2022-09-01T20:15:00-00:00,2022-09-01,14,ANAHEIMG_7_B1,ANAHEIMG_7_B1,ANAHEIMG_7_B1,RTPD,MCC,LMP_CONG_PRC,ANAHEIMG_7_B1,ALL,1,3.26277,1,2
2022-09-01T21:00:00-00:00,2022-09-01T21:15:00-00:00,2022-09-01,15,ANAHEIMG_7_B1,ANAHEIMG_7_B1,ANAHEIMG_7_B1,RTPD,MCC,LMP_CONG_PRC,ANAHEIMG_7_B1,ALL,1,233.42612,1,2
2022-09-01T22:00:00-00:00,2022-09-01T22:15:00-00:00,2022-09-01,16,ANAHEIMG_7_B1,ANAHEIMG_7_B1,ANAHEIMG_7_B1,RTPD,MCC,LMP_CONG_PRC,ANAHEIMG_7_B1,ALL,1,204.22034,1,2
2022-09-01T23:00:00-00:00,2022-09-01T23:15:00-00:00,2022-09-01,17,ANAHEIMG_7_B1,ANAHEIMG_7_B1,ANAHEIMG_7_B1,RTPD,MCC,LMP_CONG_PRC,ANAHEIMG_7_B1,ALL,1,404.7755,1,2
2022-09-02T00:00:00-00:00,2022-09-02T00:15:00-00:00,2022-09-01,18,ANAHEIMG_7_B1,ANAHEIMG_7_B1,ANAHEIMG_7_B1,RTPD,MCC,LMP_CONG_PRC,ANAHEIMG_7_B1,ALL,1,348.68713,1,2
2022-09-02T01:00:00-00:00,2022-09-02T01:15:00-00:00,2022-09-01,19,ANAHEIMG_7_B1,ANAHEIMG_7_B1,ANAHEIMG_7_B1,RTPD,MCC,LMP_CONG_PRC,ANAHEIMG_7_B1,ALL,1,198.78621,1,2
2022-09-02T02:00:00-00:00,2022-09-02T02:15:00-00:00,2022-09-01,20,ANAHEIMG_7_B1,ANAHEIMG_7_B1,ANAHEIMG_7_B1,RTPD,MCC,LMP_CONG_PRC,ANAHEIMG_7_B1,ALL,1,62.60447,1,2
2022-09-02T03:00:00-00:00,2022-09-02T03:15:00-00:00,2022-09-01,21,ANAHEIMG_7_B1,ANAHEIMG_7_B1,ANAHEIMG_7_B1,RTPD,MCC,LMP_CONG_PRC,ANAHEIMG_7_B1,ALL,1,328.50125,1,2
2022-09-02T04:00:00-00:00,2022-09-02T04:15:00-00:00,2022-09-01,22,ANAHEIMG_7_B1,ANAHEIMG_7_B1,ANAHEIMG_7_B1,RTPD,MCC,LMP_CONG_PRC,ANAHEIMG_7_B1,ALL,1,-49.68219,1,2
2022-09-02T05:00:00-00:00,2022-09-02T05:15:00-00:00,2022-09-01,23,ANAHEIMG_7_B1,ANAHEIMG_7_B1,ANAHEIMG_7_B1,RTPD,MCC,LMP_CONG_PRC,ANAHEIMG_7_B1,ALL,1,20.69722,1,2
2022-09-02T06:00:00-00:00,2022-09-02T06:15:00-00:00,2022-09-01,24,ANAHEIMG_7_B1,ANAHEIMG_7_B1,ANAHEIMG_7_B1,RTPD,MCC,LMP_CONG_PRC,ANAHEIMG_7_B1,ALL,1,0.62575,1,2
2022-09-01T07:15:00-00:00,2022-09-01T07:30:00-00:00,2022-09-01,01,ANAHEIMG_7_B1,ANAHEIMG_7_B1,ANAHEIMG_7_B1,RTPD,MCC,LMP_CONG_PRC,ANAHEIMG_7_B1,ALL,1,9.32858,2,2
2022-09-01T08:15:00-00:00,2022-09-01T08:30:00-00:00,2022-09-01,02,ANAHEIMG_7_B1,ANAHEIMG_7_B1,ANAHEIMG_7_B1,RTPD,MCC,LMP_CONG_PRC,ANAHEIMG_7_B1,ALL,1,0.86155,2,2
2022-09-01T09:15:00-00:00,2022-09-01T09:30:00-00:00,2022-09-01,03,ANAHEIMG_7_B1,ANAHEIMG_7_B1,ANAHEIMG_7_B1,RTPD,MCC,LMP_CONG_PRC,ANAHEIMG_7_B1,ALL,1,5.58543,2,2
2022-09-01T10:15:00-00:00,2022-09-01T10:30:00-00:00,2022-09-01,04,ANAHEIMG_7_B1,ANAHEIMG_7_B1,ANAHEIMG_7_B1,RTPD,MCC,LMP_CONG_PRC,ANAHEIMG_7_B1,ALL,1,5.27445,2,2
2022-09-01T11:15:00-00:00,2022-09-01T11:30:00-00:00,2022-09-01,05,ANAHEIMG_7_B1,ANAHEIMG_7_B1,ANAHEIMG_7_B1,RTPD,MCC,LMP_CONG_PRC,ANAHEIMG_7_B1,ALL,1,0,2,2
2022-09-01T12:15:00-00:00,2022-09-01T12:30:00-00:00,2022-09-01,06,ANAHEIMG_7_B1,ANAHEIMG_7_B1,ANAHEIMG_7_B1,RTPD,MCC,LMP_CONG_PRC,ANAHEIMG_7_B1,ALL,1,5.99376,2,2
2022-09-01T13:15:00-00:00,2022-09-01T13:30:00-00:00,2022-09-01,07,ANAHEIMG_7_B1,ANAHEIMG_7_B1,ANAHEIMG_7_B1,RTPD,MCC,LMP_CONG_PRC,ANAHEIMG_7_B1,ALL,1,0.57415,2,2
2022-09-01T14:15:00-00:00,2022-09-01T14:30:00-00:00,2022-09-01,08,ANAHEIMG_7_B1,ANAHEIMG_7_B1,ANAHEIMG_7_B1,RTPD,MCC,LMP_CONG_PRC,ANAHEIMG_7_B1,ALL,1,16.22949,2,2
2022-09-01T15:15:00-00:00,2022-09-01T15:30:00-00:00,2022-09-01,09,ANAHEIMG_7_B1,ANAHEIMG_7_B1,ANAHEIMG_7_B1,RTPD,MCC,LMP_CONG_PRC,ANAHEIMG_7_B1,ALL,1,36.24437,2,2
2022-09-01T16:15:00-00:00,2022-09-01T16:30:00-00:00,2022-09-01,10,ANAHEIMG_7_B1,ANAHEIMG_7_B1,ANAHEIMG_7_B1,RTPD,MCC,LMP_CONG_PRC,ANAHEIMG_7_B1,ALL,1,25.49728,2,2
2022-09-01T17:15:00-00:00,2022-09-01T17:30:00-00:00,2022-09-01,11,ANAHEIMG_7_B1,ANAHEIMG_7_B1,ANAHEIMG_7_B1,RTPD,MCC,LMP_CONG_PRC,ANAHEIMG_7_B1,ALL,1,42.80331,2,2
2022-09-01T18:15:00-00:00,2022-09-01T18:30:00-00:00,2022-09-01,12,ANAHEIMG_7_B1,ANAHEIMG_7_B1,ANAHEIMG_7_B1,RTPD,MCC,LMP_CONG_PRC,ANAHEIMG_7_B1,ALL,1,51.7165,2,2
2022-09-01T19:15:00-00:00,2022-09-01T19:30:00-00:00,2022-09-01,13,ANAHEIMG_7_B1,ANAHEIMG_7_B1,ANAHEIMG_7_B1,RTPD,MCC,LMP_CONG_PRC,ANAHEIMG_7_B1,ALL,1,49.07943,2,2
2022-09-01T20:15:00-00:00,2022-09-01T20:30:00-00:00,2022-09-01,14,ANAHEIMG_7_B1,ANAHEIMG_7_B1,ANAHEIMG_7_B1,RTPD,MCC,LMP_CONG_PRC,ANAHEIMG_7_B1,ALL,1,2.70666,2,2
2022-09-01T21:15:00-00:00,2022-09-01T21:30:00-00:00,2022-09-01,15,ANAHEIMG_7_B1,ANAHEIMG_7_B1,ANAHEIMG_7_B1,RTPD,MCC,LMP_CONG_PRC,ANAHEIMG_7_B1,ALL,1,57.47363,2,2
2022-09-01T22:15:00-00:00,2022-09-01T22:30:00-00:00,2022-09-01,16,ANAHEIMG_7_B1,ANAHEIMG_7_B1,ANAHEIMG_7_B1,RTPD,MCC,LMP_CONG_PRC,ANAHEIMG_7_B1,ALL,1,221.22548,2,2
2022-09-01T23:15:00-00:00,2022-09-01T23:30:00-00:00,2022-09-01,17,ANAHEIMG_7_B1,ANAHEIMG_7_B1,ANAHEIMG_7_B1,RTPD,MCC,LMP_CONG_PRC,ANAHEIMG_7_B1,ALL,1,315.54218,2,2
2022-09-02T00:15:00-00:00,2022-09-02T00:30:00-00:00,2022-09-01,18,ANAHEIMG_7_B1,ANAHEIMG_7_B1,ANAHEIMG_7_B1,RTPD,MCC,LMP_CONG_PRC,ANAHEIMG_7_B1,ALL,1,329.4077,2,2
2022-09-02T01:15:00-00:00,2022-09-02T01:30:00-00:00,2022-09-01,19,ANAHEIMG_7_B1,ANAHEIMG_7_B1,ANAHEIMG_7_B1,RTPD,MCC,LMP_CONG_PRC,ANAHEIMG_7_B1,ALL,1,84,2,2
2022-09-02T02:15:00-00:00,2022-09-02T02:30:00-00:00,2022-09-01,20,ANAHEIMG_7_B1,ANAHEIMG_7_B1,ANAHEIMG_7_B1,RTPD,MCC,LMP_CONG_PRC,ANAHEIMG_7_B1,ALL,1,0,2,2
2022-09-02T03:15:00-00:00,2022-09-02T03:30:00-00:00,2022-09-01,21,ANAHEIMG_7_B1,ANAHEIMG_7_B1,ANAHEIMG_7_B1,RTPD,MCC,LMP_CONG_PRC,ANAHEIMG_7_B1,ALL,1,115.74975,2,2
2022-09-02T04:15:00-00:00,2022-09-02T04:30:00-00:00,2022-09-01,22,ANAHEIMG_7_B1,ANAHEIMG_7_B1,ANAHEIMG_7_B1,RTPD,MCC,LMP_CONG_PRC,ANAHEIMG_7_B1,ALL,1,-53.99646,2,2
2022-09-02T05:15:00-00:00,2022-09-02T05:30:00-00:00,2022-09-01,23,ANAHEIMG_7_B1,ANAHEIMG_7_B1,ANAHEIMG_7_B1,RTPD,MCC,LMP_CONG_PRC,ANAHEIMG_7_B1,ALL,1,19.7997,2,2
2022-09-02T06:15:00-00:00,2022-09-02T06:30:00-00:00,2022-09-01,24,ANAHEIMG_7_B1,ANAHEIMG_7_B1,ANAHEIMG_7_B1,RTPD,MCC,LMP_CONG_PRC,ANAHEIMG_7_B1,ALL,1,6.59435,2,2
2022-09-01T07:30:00-00:00,2022-09-01T07:45:00-00:00,2022-09-01,01,ANAHEIMG_7_B1,ANAHEIMG_7_B1,ANAHEIMG_7_B1,RTPD,MCC,LMP_CONG_PRC,ANAHEIMG_7_B1,ALL,1,15.18277,3,2
2022-09-01T08:30:00-00:00,2022-09-01T08:45:00-00:00,2022-09-01,02,ANAHEIMG_7_B1,ANAHEIMG_7_B1,ANAHEIMG_7_B1,RTPD,MCC,LMP_CONG_PRC,ANAHEIMG_7_B1,ALL,1,0.00082,3,2
2022-09-01T09:30:00-00:00,2022-09-01T09:45:00-00:00,2022-09-01,03,ANAHEIMG_7_B1,ANAHEIMG_7_B1,ANAHEIMG_7_B1,RTPD,MCC,LMP_CONG_PRC,ANAHEIMG_7_B1,ALL,1,5.5353,3,2
2022-09-01T10:30:00-00:00,2022-09-01T10:45:00-00:00,2022-09-01,04,ANAHEIMG_7_B1,ANAHEIMG_7_B1,ANAHEIMG_7_B1,RTPD,MCC,LMP_CONG_PRC,ANAHEIMG_7_B1,ALL,1,2.98232,3,2
2022-09-01T11:30:00-00:00,2022-09-01T11:45:00-00:00,2022-09-01,05,ANAHEIMG_7_B1,ANAHEIMG_7_B1,ANAHEIMG_7_B1,RTPD,MCC,LMP_CONG_PRC,ANAHEIMG_7_B1,ALL,1,0,3,2
2022-09-01T12:30:00-00:00,2022-09-01T12:45:00-00:00,2022-09-01,06,ANAHEIMG_7_B1,ANAHEIMG_7_B1,ANAHEIMG_7_B1,RTPD,MCC,LMP_CONG_PRC,ANAHEIMG_7_B1,ALL,1,10.378,3,2
2022-09-01T13:30:00-00:00,2022-09-01T13:45:00-00:00,2022-09-01,07,ANAHEIMG_7_B1,ANAHEIMG_7_B1,ANAHEIMG_7_B1,RTPD,MCC,LMP_CONG_PRC,ANAHEIMG_7_B1,ALL,1,1.24259,3,2
2022-09-01T14:30:00-00:00,2022-09-01T14:45:00-00:00,2022-09-01,08,ANAHEIMG_7_B1,ANAHEIMG_7_B1,ANAHEIMG_7_B1,RTPD,MCC,LMP_CONG_PRC,ANAHEIMG_7_B1,ALL,1,11.88708,3,2
2022-09-01T15:30:00-00:00,2022-09-01T15:45:00-00:00,2022-09-01,09,ANAHEIMG_7_B1,ANAHEIMG_7_B1,ANAHEIMG_7_B1,RTPD,MCC,LMP_CONG_PRC,ANAHEIMG_7_B1,ALL,1,46.241,3,2
2022-09-01T16:30:00-00:00,2022-09-01T16:45:00-00:00,2022-09-01,10,ANAHEIMG_7_B1,ANAHEIMG_7_B1,ANAHEIMG_7_B1,RTPD,MCC,LMP_CONG_PRC,ANAHEIMG_7_B1,ALL,1,32.92381,3,2
2022-09-01T17:30:00-00:00,2022-09-01T17:45:00-00:00,2022-09-01,11,ANAHEIMG_7_B1,ANAHEIMG_7_B1,ANAHEIMG_7_B1,RTPD,MCC,LMP_CONG_PRC,ANAHEIMG_7_B1,ALL,1,40.00416,3,2
2022-09-01T18:30:00-00:00,2022-09-01T18:45:00-00:00,2022-09-01,12,ANAHEIMG_7_B1,ANAHEIMG_7_B1,ANAHEIMG_7_B1,RTPD,MCC,LMP_CONG_PRC,ANAHEIMG_7_B1,ALL,1,52.4663,3,2
2022-09-01T19:30:00-00:00,2022-09-01T19:45:00-00:00,2022-09-01,13,ANAHEIMG_7_B1,ANAHEIMG_7_B1,ANAHEIMG_7_B1,RTPD,MCC,LMP_CONG_PRC,ANAHEIMG_7_B1,ALL,1,34.27347,3,2
2022-09-01T20:30:00-00:00,2022-09-01T20:45:00-00:00,2022-09-01,14,ANAHEIMG_7_B1,ANAHEIMG_7_B1,ANAHEIMG_7_B1,RTPD,MCC,LMP_CONG_PRC,ANAHEIMG_7_B1,ALL,1,11.11833,3,2
2022-09-01T21:30:00-00:00,2022-09-01T21:45:00-00:00,2022-09-01,15,ANAHEIMG_7_B1,ANAHEIMG_7_B1,ANAHEIMG_7_B1,RTPD,MCC,LMP_CONG_PRC,ANAHEIMG_7_B1,ALL,1,61.33416,3,2
2022-09-01T22:30:00-00:00,2022-09-01T22:45:00-00:00,2022-09-01,16,ANAHEIMG_7_B1,ANAHEIMG_7_B1,ANAHEIMG_7_B1,RTPD,MCC,LMP_CONG_PRC,ANAHEIMG_7_B1,ALL,1,254.39189,3,2
2022-09-01T23:30:00-00:00,2022-09-01T23:45:00-00:00,2022-09-01,17,ANAHEIMG_7_B1,ANAHEIMG_7_B1,ANAHEIMG_7_B1,RTPD,MCC,LMP_CONG_PRC,ANAHEIMG_7_B1,ALL,1,229.18878,3,2
2022-09-02T00:30:00-00:00,2022-09-02T00:45:00-00:00,2022-09-01,18,ANAHEIMG_7_B1,ANAHEIMG_7_B1,ANAHEIMG_7_B1,RTPD,MCC,LMP_CONG_PRC,ANAHEIMG_7_B1,ALL,1,350.21393,3,2
2022-09-02T01:30:00-00:00,2022-09-02T01:45:00-00:00,2022-09-01,19,ANAHEIMG_7_B1,ANAHEIMG_7_B1,ANAHEIMG_7_B1,RTPD,MCC,LMP_CONG_PRC,ANAHEIMG_7_B1,ALL,1,16.313,3,2
2022-09-02T02:30:00-00:00,2022-09-02T02:45:00-00:00,2022-09-01,20,ANAHEIMG_7_B1,ANAHEIMG_7_B1,ANAHEIMG_7_B1,RTPD,MCC,LMP_CONG_PRC,ANAHEIMG_7_B1,ALL,1,0,3,2
2022-09-02T03:30:00-00:00,2022-09-02T03:45:00-00:00,2022-09-01,21,ANAHEIMG_7_B1,ANAHEIMG_7_B1,ANAHEIMG_7_B1,RTPD,MCC,LMP_CONG_PRC,ANAHEIMG_7_B1,ALL,1,27.88555,3,2
2022-09-02T04:30:00-00:00,2022-09-02T04:45:00-00:00,2022-09-01,22,ANAHEIMG_7_B1,ANAHEIMG_7_B1,ANAHEIMG_7_B1,RTPD,MCC,LMP_CONG_PRC,ANAHEIMG_7_B1,ALL,1,-22.71874,3,2
2022-09-02T05:30:00-00:00,2022-09-02T05:45:00-00:00,2022-09-01,23,ANAHEIMG_7_B1,ANAHEIMG_7_B1,ANAHEIMG_7_B1,RTPD,MCC,LMP_CONG_PRC,ANAHEIMG_7_B1,ALL,1,16.19958,3,2
2022-09-02T06:30:00-00:00,2022-09-02T06:45:00-00:00,2022-09-01,24,ANAHEIMG_7_B1,ANAHEIMG_7_B1,ANAHEIMG_7_B1,RTPD,MCC,LMP_CONG_PRC,ANAHEIMG_7_B1,ALL,1,14.50237,3,2
2022-09-01T07:45:00-00:00,2022-09-01T08:00:00-00:00,2022-09-01,01,ANAHEIMG_7_B1,ANAHEIMG_7_B1,ANAHEIMG_7_B1,RTPD,MCC,LMP_CONG_PRC,ANAHEIMG_7_B1,ALL,1,17.39287,4,2
2022-09-01T08:45:00-00:00,2022-09-01T09:00:00-00:00,2022-09-01,02,ANAHEIMG_7_B1,ANAHEIMG_7_B1,ANAHEIMG_7_B1,RTPD,MCC,LMP_CONG_PRC,ANAHEIMG_7_B1,ALL,1,4.24582,4,2
2022-09-01T09:45:00-00:00,2022-09-01T10:00:00-00:00,2022-09-01,03,ANAHEIMG_7_B1,ANAHEIMG_7_B1,ANAHEIMG_7_B1,RTPD,MCC,LMP_CONG_PRC,ANAHEIMG_7_B1,ALL,1,4.99826,4,2
2022-09-01T10:45:00-00:00,2022-09-01T11:00:00-00:00,2022-09-01,04,ANAHEIMG_7_B1,ANAHEIMG_7_B1,ANAHEIMG_7_B1,RTPD,MCC,LMP_CONG_PRC,ANAHEIMG_7_B1,ALL,1,1.17449,4,2
2022-09-01T11:45:00-00:00,2022-09-01T12:00:00-00:00,2022-09-01,05,ANAHEIMG_7_B1,ANAHEIMG_7_B1,ANAHEIMG_7_B1,RTPD,MCC,LMP_CONG_PRC,ANAHEIMG_7_B1,ALL,1,0,4,2
2022-09-01T12:45:00-00:00,2022-09-01T13:00:00-00:00,2022-09-01,06,ANAHEIMG_7_B1,ANAHEIMG_7_B1,ANAHEIMG_7_B1,RTPD,MCC,LMP_CONG_PRC,ANAHEIMG_7_B1,ALL,1,2.33835,4,2
2022-09-01T13:45:00-00:00,2022-09-01T14:00:00-00:00,2022-09-01,07,ANAHEIMG_7_B1,ANAHEIMG_7_B1,ANAHEIMG_7_B1,RTPD,MCC,LMP_CONG_PRC,ANAHEIMG_7_B1,ALL,1,5.9125,4,2
2022-09-01T14:45:00-00:00,2022-09-01T15:00:00-00:00,2022-09-01,08,ANAHEIMG_7_B1,ANAHEIMG_7_B1,ANAHEIMG_7_B1,RTPD,MCC,LMP_CONG_PRC,ANAHEIMG_7_B1,ALL,1,15.04099,4,2
2022-09-01T15:45:00-00:00,2022-09-01T16:00:00-00:00,2022-09-01,09,ANAHEIMG_7_B1,ANAHEIMG_7_B1,ANAHEIMG_7_B1,RTPD,MCC,LMP_CONG_PRC,ANAHEIMG_7_B1,ALL,1,23.28886,4,2
2022-09-01T16:45:00-00:00,2022-09-01T17:00:00-00:00,2022-09-01,10,ANAHEIMG_7_B1,ANAHEIMG_7_B1,ANAHEIMG_7_B1,RTPD,MCC,LMP_CONG_PRC,ANAHEIMG_7_B1,ALL,1,31.54685,4,2
2022-09-01T17:45:00-00:00,2022-09-01T18:00:00-00:00,2022-09-01,11,ANAHEIMG_7_B1,ANAHEIMG_7_B1,ANAHEIMG_7_B1,RTPD,MCC,LMP_CONG_PRC,ANAHEIMG_7_B1,ALL,1,40.74404,4,2
2022-09-01T18:45:00-00:00,2022-09-01T19:00:00-00:00,2022-09-01,12,ANAHEIMG_7_B1,ANAHEIMG_7_B1,ANAHEIMG_7_B1,RTPD,MCC,LMP_CONG_PRC,ANAHEIMG_7_B1,ALL,1,54.53883,4,2
2022-09-01T19:45:00-00:00,2022-09-01T20:00:00-00:00,2022-09-01,13,ANAHEIMG_7_B1,ANAHEIMG_7_B1,ANAHEIMG_7_B1,RTPD,MCC,LMP_CONG_PRC,ANAHEIMG_7_B1,ALL,1,35.48943,4,2
2022-09-01T20:45:00-00:00,2022-09-01T21:00:00-00:00,2022-09-01,14,ANAHEIMG_7_B1,ANAHEIMG_7_B1,ANAHEIMG_7_B1,RTPD,MCC,LMP_CONG_PRC,ANAHEIMG_7_B1,ALL,1,56.53401,4,2
2022-09-01T21:45:00-00:00,2022-09-01T22:00:00-00:00,2022-09-01,15,ANAHEIMG_7_B1,ANAHEIMG_7_B1,ANAHEIMG_7_B1,RTPD,MCC,LMP_CONG_PRC,ANAHEIMG_7_B1,ALL,1,222.30705,4,2
2022-09-01T22:45:00-00:00,2022-09-01T23:00:00-00:00,2022-09-01,16,ANAHEIMG_7_B1,ANAHEIMG_7_B1,ANAHEIMG_7_B1,RTPD,MCC,LMP_CONG_PRC,ANAHEIMG_7_B1,ALL,1,463.7132,4,2
2022-09-01T23:45:00-00:00,2022-09-02T00:00:00-00:00,2022-09-01,17,ANAHEIMG_7_B1,ANAHEIMG_7_B1,ANAHEIMG_7_B1,RTPD,MCC,LMP_CONG_PRC,ANAHEIMG_7_B1,ALL,1,554.0363,4,2
2022-09-02T00:45:00-00:00,2022-09-02T01:00:00-00:00,2022-09-01,18,ANAHEIMG_7_B1,ANAHEIMG_7_B1,ANAHEIMG_7_B1,RTPD,MCC,LMP_CONG_PRC,ANAHEIMG_7_B1,ALL,1,400.0922,4,2
2022-09-02T01:45:00-00:00,2022-09-02T02:00:00-00:00,2022-09-01,19,ANAHEIMG_7_B1,ANAHEIMG_7_B1,ANAHEIMG_7_B1,RTPD,MCC,LMP_CONG_PRC,ANAHEIMG_7_B1,ALL,1,0,4,2
2022-09-02T02:45:00-00:00,2022-09-02T03:00:00-00:00,2022-09-01,20,ANAHEIMG_7_B1,ANAHEIMG_7_B1,ANAHEIMG_7_B1,RTPD,MCC,LMP_CONG_PRC,ANAHEIMG_7_B1,ALL,1,283.74124,4,2
2022-09-02T03:45:00-00:00,2022-09-02T04:00:00-00:00,2022-09-01,21,ANAHEIMG_7_B1,ANAHEIMG_7_B1,ANAHEIMG_7_B1,RTPD,MCC,LMP_CONG_PRC,ANAHEIMG_7_B1,ALL,1,18.80759,4,2
2022-09-02T04:45:00-00:00,2022-09-02T05:00:00-00:00,2022-09-01,22,ANAHEIMG_7_B1,ANAHEIMG_7_B1,ANAHEIMG_7_B1,RTPD,MCC,LMP_CONG_PRC,ANAHEIMG_7_B1,ALL,1,14.94227,4,2
2022-09-02T05:45:00-00:00,2022-09-02T06:00:00-00:00,2022-09-01,23,ANAHEIMG_7_B1,ANAHEIMG_7_B1,ANAHEIMG_7_B1,RTPD,MCC,LMP_CONG_PRC,ANAHEIMG_7_B1,ALL,1,10.36424,4,2
2022-09-02T06:45:00-00:00,2022-09-02T07:00:00-00:00,2022-09-01,24,ANAHEIMG_7_B1,ANAHEIMG_7_B1,ANAHEIMG_7_B1,RTPD,MCC,LMP_CONG_PRC,ANAHEIMG_7_B1,ALL,1,9.06851,4,2
2022-09-01T07:00:00-00:00,2022-09-01T07:15:00-00:00,2022-09-01,01,ANAHEIMG_7_B1,ANAHEIMG_7_B1,ANAHEIMG_7_B1,RTPD,MCE,LMP_ENE_PRC,ANAHEIMG_7_B1,ALL,1,104.23471,1,3
2022-09-01T08:00:00-00:00,2022-09-01T08:15:00-00:00,2022-09-01,02,ANAHEIMG_7_B1,ANAHEIMG_7_B1,ANAHEIMG_7_B1,RTPD,MCE,LMP_ENE_PRC,ANAHEIMG_7_B1,ALL,1,115.5488,1,3
2022-09-01T09:00:00-00:00,2022-09-01T09:15:00-00:00,2022-09-01,03,ANAHEIMG_7_B1,ANAHEIMG_7_B1,ANAHEIMG_7_B1,RTPD,MCE,LMP_ENE_PRC,ANAHEIMG_7_B1,ALL,1,99.73061,1,3
2022-09-01T10:00:00-00:00,2022-09-01T10:15:00-00:00,2022-09-01,04,ANAHEIMG_7_B1,ANAHEIMG_7_B1,ANAHEIMG_7_B1,RTPD,MCE,LMP_ENE_PRC,ANAHEIMG_7_B1,ALL,1,98.64222,1,3
2022-09-01T11:00:00-00:00,2022-09-01T11:15:00-00:00,2022-09-01,05,ANAHEIMG_7_B1,ANAHEIMG_7_B1,ANAHEIMG_7_B1,RTPD,MCE,LMP_ENE_PRC,ANAHEIMG_7_B1,ALL,1,102.56859,1,3
2022-09-01T12:00:00-00:00,2022-09-01T12:15:00-00:00,2022-09-01,06,ANAHEIMG_7_B1,ANAHEIMG_7_B1,ANAHEIMG_7_B1,RTPD,MCE,LMP_ENE_PRC,ANAHEIMG_7_B1,ALL,1,96.90845,1,3
2022-09-01T13:00:00-00:00,2022-09-01T13:15:00-00:00,2022-09-01,07,ANAHEIMG_7_B1,ANAHEIMG_7_B1,ANAHEIMG_7_B1,RTPD,MCE,LMP_ENE_PRC,ANAHEIMG_7_B1,ALL,1,101.80878,1,3
2022-09-01T14:00:00-00:00,2022-09-01T14:15:00-00:00,2022-09-01,08,ANAHEIMG_7_B1,ANAHEIMG_7_B1,ANAHEIMG_7_B1,RTPD,MCE,LMP_ENE_PRC,ANAHEIMG_7_B1,ALL,1,111.11219,1,3
2022-09-01T15:00:00-00:00,2022-09-01T15:15:00-00:00,2022-09-01,09,ANAHEIMG_7_B1,ANAHEIMG_7_B1,ANAHEIMG_7_B1,RTPD,MCE,LMP_ENE_PRC,ANAHEIMG_7_B1,ALL,1,97.4112,1,3
2022-09-01T16:00:00-00:00,2022-09-01T16:15:00-00:00,2022-09-01,10,ANAHEIMG_7_B1,ANAHEIMG_7_B1,ANAHEIMG_7_B1,RTPD,MCE,LMP_ENE_PRC,ANAHEIMG_7_B1,ALL,1,83.43525,1,3
2022-09-01T17:00:00-00:00,2022-09-01T17:15:00-00:00,2022-09-01,11,ANAHEIMG_7_B1,ANAHEIMG_7_B1,ANAHEIMG_7_B1,RTPD,MCE,LMP_ENE_PRC,ANAHEIMG_7_B1,ALL,1,96.94897,1,3
2022-09-01T18:00:00-00:00,2022-09-01T18:15:00-00:00,2022-09-01,12,ANAHEIMG_7_B1,ANAHEIMG_7_B1,ANAHEIMG_7_B1,RTPD,MCE,LMP_ENE_PRC,ANAHEIMG_7_B1,ALL,1,91.59291,1,3
2022-09-01T19:00:00-00:00,2022-09-01T19:15:00-00:00,2022-09-01,13,ANAHEIMG_7_B1,ANAHEIMG_7_B1,ANAHEIMG_7_B1,RTPD,MCE,LMP_ENE_PRC,ANAHEIMG_7_B1,ALL,1,109.19637,1,3
2022-09-01T20:00:00-00:00,2022-09-01T20:15:00-00:00,2022-09-01,14,ANAHEIMG_7_B1,ANAHEIMG_7_B1,ANAHEIMG_7_B1,RTPD,MCE,LMP_ENE_PRC,ANAHEIMG_7_B1,ALL,1,117.94359,1,3
2022-09-01T21:00:00-00:00,2022-09-01T21:15:00-00:00,2022-09-01,15,ANAHEIMG_7_B1,ANAHEIMG_7_B1,ANAHEIMG_7_B1,RTPD,MCE,LMP_ENE_PRC,ANAHEIMG_7_B1,ALL,1,226.61499,1,3
2022-09-01T22:00:00-00:00,2022-09-01T22:15:00-00:00,2022-09-01,16,ANAHEIMG_7_B1,ANAHEIMG_7_B1,ANAHEIMG_7_B1,RTPD,MCE,LMP_ENE_PRC,ANAHEIMG_7_B1,ALL,1,229.18552,1,3
2022-09-01T23:00:00-00:00,2022-09-01T23:15:00-00:00,2022-09-01,17,ANAHEIMG_7_B1,ANAHEIMG_7_B1,ANAHEIMG_7_B1,RTPD,MCE,LMP_ENE_PRC,ANAHEIMG_7_B1,ALL,1,386.7537,1,3
2022-09-02T00:00:00-00:00,2022-09-02T00:15:00-00:00,2022-09-01,18,ANAHEIMG_7_B1,ANAHEIMG_7_B1,ANAHEIMG_7_B1,RTPD,MCE,LMP_ENE_PRC,ANAHEIMG_7_B1,ALL,1,770.58136,1,3
2022-09-02T01:00:00-00:00,2022-09-02T01:15:00-00:00,2022-09-01,19,ANAHEIMG_7_B1,ANAHEIMG_7_B1,ANAHEIMG_7_B1,RTPD,MCE,LMP_ENE_PRC,ANAHEIMG_7_B1,ALL,1,916.27124,1,3
2022-09-02T02:00:00-00:00,2022-09-02T02:15:00-00:00,2022-09-01,20,ANAHEIMG_7_B1,ANAHEIMG_7_B1,ANAHEIMG_7_B1,RTPD,MCE,LMP_ENE_PRC,ANAHEIMG_7_B1,ALL,1,1991.6721,1,3
2022-09-02T03:00:00-00:00,2022-09-02T03:15:00-00:00,2022-09-01,21,ANAHEIMG_7_B1,ANAHEIMG_7_B1,ANAHEIMG_7_B1,RTPD,MCE,LMP_ENE_PRC,ANAHEIMG_7_B1,ALL,1,917.5508,1,3
2022-09-02T04:00:00-00:00,2022-09-02T04:15:00-00:00,2022-09-01,22,ANAHEIMG_7_B1,ANAHEIMG_7_B1,ANAHEIMG_7_B1,RTPD,MCE,LMP_ENE_PRC,ANAHEIMG_7_B1,ALL,1,257.83005,1,3
2022-09-02T05:00:00-00:00,2022-09-02T05:15:00-00:00,2022-09-01,23,ANAHEIMG_7_B1,ANAHEIMG_7_B1,ANAHEIMG_7_B1,RTPD,MCE,LMP_ENE_PRC,ANAHEIMG_7_B1,ALL,1,183.24657,1,3
2022-09-02T06:00:00-00:00,2022-09-02T06:15:00-00:00,2022-09-01,24,ANAHEIMG_7_B1,ANAHEIMG_7_B1,ANAHEIMG_7_B1,RTPD,MCE,LMP_ENE_PRC,ANAHEIMG_7_B1,ALL,1,158.867,1,3
2022-09-01T07:15:00-00:00,2022-09-01T07:30:00-00:00,2022-09-01,01,ANAHEIMG_7_B1,ANAHEIMG_7_B1,ANAHEIMG_7_B1,RTPD,MCE,LMP_ENE_PRC,ANAHEIMG_7_B1,ALL,1,125.55144,2,3
2022-09-01T08:15:00-00:00,2022-09-01T08:30:00-00:00,2022-09-01,02,ANAHEIMG_7_B1,ANAHEIMG_7_B1,ANAHEIMG_7_B1,RTPD,MCE,LMP_ENE_PRC,ANAHEIMG_7_B1,ALL,1,115.53165,2,3
2022-09-01T09:15:00-00:00,2022-09-01T09:30:00-00:00,2022-09-01,03,ANAHEIMG_7_B1,ANAHEIMG_7_B1,ANAHEIMG_7_B1,RTPD,MCE,LMP_ENE_PRC,ANAHEIMG_7_B1,ALL,1,98.30543,2,3
2022-09-01T10:15:00-00:00,2022-09-01T10:30:00-00:00,2022-09-01,04,ANAHEIMG_7_B1,ANAHEIMG_7_B1,ANAHEIMG_7_B1,RTPD,MCE,LMP_ENE_PRC,ANAHEIMG_7_B1,ALL,1,97.00684,2,3
2022-09-01T11:15:00-00:00,2022-09-01T11:30:00-00:00,2022-09-01,05,ANAHEIMG_7_B1,ANAHEIMG_7_B1,ANAHEIMG_7_B1,RTPD,MCE,LMP_ENE_PRC,ANAHEIMG_7_B1,ALL,1,103.09059,2,3
2022-09-01T12:15:00-00:00,2022-09-01T12:30:00-00:00,2022-09-01,06,ANAHEIMG_7_B1,ANAHEIMG_7_B1,ANAHEIMG_7_B1,RTPD,MCE,LMP_ENE_PRC,ANAHEIMG_7_B1,ALL,1,109.32203,2,3
2022-09-01T13:15:00-00:00,2022-09-01T13:30:00-00:00,2022-09-01,07,ANAHEIMG_7_B1,ANAHEIMG_7_B1,ANAHEIMG_7_B1,RTPD,MCE,LMP_ENE_PRC,ANAHEIMG_7_B1,ALL,1,110.97827,2,3
2022-09-01T14:15:00-00:00,2022-09-01T14:30:00-00:00,2022-09-01,08,ANAHEIMG_7_B1,ANAHEIMG_7_B1,ANAHEIMG_7_B1,RTPD,MCE,LMP_ENE_PRC,ANAHEIMG_7_B1,ALL,1,104.78743,2,3
2022-09-01T15:15:00-00:00,2022-09-01T15:30:00-00:00,2022-09-01,09,ANAHEIMG_7_B1,ANAHEIMG_7_B1,ANAHEIMG_7_B1,RTPD,MCE,LMP_ENE_PRC,ANAHEIMG_7_B1,ALL,1,86.9388,2,3
2022-09-01T16:15:00-00:00,2022-09-01T16:30:00-00:00,2022-09-01,10,ANAHEIMG_7_B1,ANAHEIMG_7_B1,ANAHEIMG_7_B1,RTPD,MCE,LMP_ENE_PRC,ANAHEIMG_7_B1,ALL,1,89.44858,2,3
2022-09-01T17:15:00-00:00,2022-09-01T17:30:00-00:00,2022-09-01,11,ANAHEIMG_7_B1,ANAHEIMG_7_B1,ANAHEIMG_7_B1,RTPD,MCE,LMP_ENE_PRC,ANAHEIMG_7_B1,ALL,1,99.34673,2,3
2022-09-01T18:15:00-00:00,2022-09-01T18:30:00-00:00,2022-09-01,12,ANAHEIMG_7_B1,ANAHEIMG_7_B1,ANAHEIMG_7_B1,RTPD,MCE,LMP_ENE_PRC,ANAHEIMG_7_B1,ALL,1,101.15901,2,3
2022-09-01T19:15:00-00:00,2022-09-01T19:30:00-00:00,2022-09-01,13,ANAHEIMG_7_B1,ANAHEIMG_7_B1,ANAHEIMG_7_B1,RTPD,MCE,LMP_ENE_PRC,ANAHEIMG_7_B1,ALL,1,105.30588,2,3
2022-09-01T20:15:00-00:00,2022-09-01T20:30:00-00:00,2022-09-01,14,ANAHEIMG_7_B1,ANAHEIMG_7_B1,ANAHEIMG_7_B1,RTPD,MCE,LMP_ENE_PRC,ANAHEIMG_7_B1,ALL,1,117.49421,2,3
2022-09-01T21:15:00-00:00,2022-09-01T21:30:00-00:00,2022-09-01,15,ANAHEIMG_7_B1,ANAHEIMG_7_B1,ANAHEIMG_7_B1,RTPD,MCE,LMP_ENE_PRC,ANAHEIMG_7_B1,ALL,1,147.21185,2,3
2022-09-01T22:15:00-00:00,2022-09-01T22:30:00-00:00,2022-09-01,16,ANAHEIMG_7_B1,ANAHEIMG_7_B1,ANAHEIMG_7_B1,RTPD,MCE,LMP_ENE_PRC,ANAHEIMG_7_B1,ALL,1,256.58734,2,3
2022-09-01T23:15:00-00:00,2022-09-01T23:30:00-00:00,2022-09-01,17,ANAHEIMG_7_B1,ANAHEIMG_7_B1,ANAHEIMG_7_B1,RTPD,MCE,LMP_ENE_PRC,ANAHEIMG_7_B1,ALL,1,362.12408,2,3
2022-09-02T00:15:00-00:00,2022-09-02T00:30:00-00:00,2022-09-01,18,ANAHEIMG_7_B1,ANAHEIMG_7_B1,ANAHEIMG_7_B1,RTPD,MCE,LMP_ENE_PRC,ANAHEIMG_7_B1,ALL,1,691.2182,2,3
2022-09-02T01:15:00-00:00,2022-09-02T01:30:00-00:00,2022-09-01,19,ANAHEIMG_7_B1,ANAHEIMG_7_B1,ANAHEIMG_7_B1,RTPD,MCE,LMP_ENE_PRC,ANAHEIMG_7_B1,ALL,1,1999.9933,2,3
2022-09-02T02:15:00-00:00,2022-09-02T02:30:00-00:00,2022-09-01,20,ANAHEIMG_7_B1,ANAHEIMG_7_B1,ANAHEIMG_7_B1,RTPD,MCE,LMP_ENE_PRC,ANAHEIMG_7_B1,ALL,1,1991.6721,2,3
2022-09-02T03:15:00-00:00,2022-09-02T03:30:00-00:00,2022-09-01,21,ANAHEIMG_7_B1,ANAHEIMG_7_B1,ANAHEIMG_7_B1,RTPD,MCE,LMP_ENE_PRC,ANAHEIMG_7_B1,ALL,1,400.52884,2,3
2022-09-02T04:15:00-00:00,2022-09-02T04:30:00-00:00,2022-09-01,22,ANAHEIMG_7_B1,ANAHEIMG_7_B1,ANAHEIMG_7_B1,RTPD,MCE,LMP_ENE_PRC,ANAHEIMG_7_B1,ALL,1,224.75041,2,3
2022-09-02T05:15:00-00:00,2022-09-02T05:30:00-00:00,2022-09-01,23,ANAHEIMG_7_B1,ANAHEIMG_7_B1,ANAHEIMG_7_B1,RTPD,MCE,LMP_ENE_PRC,ANAHEIMG_7_B1,ALL,1,157.11986,2,3
2022-09-02T06:15:00-00:00,2022-09-02T06:30:00-00:00,2022-09-01,24,ANAHEIMG_7_B1,ANAHEIMG_7_B1,ANAHEIMG_7_B1,RTPD,MCE,LMP_ENE_PRC,ANAHEIMG_7_B1,ALL,1,143.1005,2,3
2022-09-01T07:30:00-00:00,2022-09-01T07:45:00-00:00,2022-09-01,01,ANAHEIMG_7_B1,ANAHEIMG_7_B1,ANAHEIMG_7_B1,RTPD,MCE,LMP_ENE_PRC,ANAHEIMG_7_B1,ALL,1,119.03196,3,3
2022-09-01T08:30:00-00:00,2022-09-01T08:45:00-00:00,2022-09-01,02,ANAHEIMG_7_B1,ANAHEIMG_7_B1,ANAHEIMG_7_B1,RTPD,MCE,LMP_ENE_PRC,ANAHEIMG_7_B1,ALL,1,111.11241,3,3
2022-09-01T09:30:00-00:00,2022-09-01T09:45:00-00:00,2022-09-01,03,ANAHEIMG_7_B1,ANAHEIMG_7_B1,ANAHEIMG_7_B1,RTPD,MCE,LMP_ENE_PRC,ANAHEIMG_7_B1,ALL,1,98.16228,3,3
2022-09-01T10:30:00-00:00,2022-09-01T10:45:00-00:00,2022-09-01,04,ANAHEIMG_7_B1,ANAHEIMG_7_B1,ANAHEIMG_7_B1,RTPD,MCE,LMP_ENE_PRC,ANAHEIMG_7_B1,ALL,1,96.36226,3,3
2022-09-01T11:30:00-00:00,2022-09-01T11:45:00-00:00,2022-09-01,05,ANAHEIMG_7_B1,ANAHEIMG_7_B1,ANAHEIMG_7_B1,RTPD,MCE,LMP_ENE_PRC,ANAHEIMG_7_B1,ALL,1,103.06198,3,3
2022-09-01T12:30:00-00:00,2022-09-01T12:45:00-00:00,2022-09-01,06,ANAHEIMG_7_B1,ANAHEIMG_7_B1,ANAHEIMG_7_B1,RTPD,MCE,LMP_ENE_PRC,ANAHEIMG_7_B1,ALL,1,113.57403,3,3
2022-09-01T13:30:00-00:00,2022-09-01T13:45:00-00:00,2022-09-01,07,ANAHEIMG_7_B1,ANAHEIMG_7_B1,ANAHEIMG_7_B1,RTPD,MCE,LMP_ENE_PRC,ANAHEIMG_7_B1,ALL,1,111.52025,3,3
2022-09-01T14:30:00-00:00,2022-09-01T14:45:00-00:00,2022-09-01,08,ANAHEIMG_7_B1,ANAHEIMG_7_B1,ANAHEIMG_7_B1,RTPD,MCE,LMP_ENE_PRC,ANAHEIMG_7_B1,ALL,1,101.83428,3,3
2022-09-01T15:30:00-00:00,2022-09-01T15:45:00-00:00,2022-09-01,09,ANAHEIMG_7_B1,ANAHEIMG_7_B1,ANAHEIMG_7_B1,RTPD,MCE,LMP_ENE_PRC,ANAHEIMG_7_B1,ALL,1,86.1388,3,3
2022-09-01T16:30:00-00:00,2022-09-01T16:45:00-00:00,2022-09-01,10,ANAHEIMG_7_B1,ANAHEIMG_7_B1,ANAHEIMG_7_B1,RTPD,MCE,LMP_ENE_PRC,ANAHEIMG_7_B1,ALL,1,88.79644,3,3
2022-09-01T17:30:00-00:00,2022-09-01T17:45:00-00:00,2022-09-01,11,ANAHEIMG_7_B1,ANAHEIMG_7_B1,ANAHEIMG_7_B1,RTPD,MCE,LMP_ENE_PRC,ANAHEIMG_7_B1,ALL,1,99.13013,3,3
2022-09-01T18:30:00-00:00,2022-09-01T18:45:00-00:00,2022-09-01,12,ANAHEIMG_7_B1,ANAHEIMG_7_B1,ANAHEIMG_7_B1,RTPD,MCE,LMP_ENE_PRC,ANAHEIMG_7_B1,ALL,1,107.05718,3,3
2022-09-01T19:30:00-00:00,2022-09-01T19:45:00-00:00,2022-09-01,13,ANAHEIMG_7_B1,ANAHEIMG_7_B1,ANAHEIMG_7_B1,RTPD,MCE,LMP_ENE_PRC,ANAHEIMG_7_B1,ALL,1,114.05905,3,3
2022-09-01T20:30:00-00:00,2022-09-01T20:45:00-00:00,2022-09-01,14,ANAHEIMG_7_B1,ANAHEIMG_7_B1,ANAHEIMG_7_B1,RTPD,MCE,LMP_ENE_PRC,ANAHEIMG_7_B1,ALL,1,129.81606,3,3
2022-09-01T21:30:00-00:00,2022-09-01T21:45:00-00:00,2022-09-01,15,ANAHEIMG_7_B1,ANAHEIMG_7_B1,ANAHEIMG_7_B1,RTPD,MCE,LMP_ENE_PRC,ANAHEIMG_7_B1,ALL,1,152.93057,3,3
2022-09-01T22:30:00-00:00,2022-09-01T22:45:00-00:00,2022-09-01,16,ANAHEIMG_7_B1,ANAHEIMG_7_B1,ANAHEIMG_7_B1,RTPD,MCE,LMP_ENE_PRC,ANAHEIMG_7_B1,ALL,1,283.18182,3,3
2022-09-01T23:30:00-00:00,2022-09-01T23:45:00-00:00,2022-09-01,17,ANAHEIMG_7_B1,ANAHEIMG_7_B1,ANAHEIMG_7_B1,RTPD,MCE,LMP_ENE_PRC,ANAHEIMG_7_B1,ALL,1,566.48157,3,3
2022-09-02T00:30:00-00:00,2022-09-02T00:45:00-00:00,2022-09-01,18,ANAHEIMG_7_B1,ANAHEIMG_7_B1,ANAHEIMG_7_B1,RTPD,MCE,LMP_ENE_PRC,ANAHEIMG_7_B1,ALL,1,1329.1127,3,3
2022-09-02T01:30:00-00:00,2022-09-02T01:45:00-00:00,2022-09-01,19,ANAHEIMG_7_B1,ANAHEIMG_7_B1,ANAHEIMG_7_B1,RTPD,MCE,LMP_ENE_PRC,ANAHEIMG_7_B1,ALL,1,1999.9956,3,3
2022-09-02T02:30:00-00:00,2022-09-02T02:45:00-00:00,2022-09-01,20,ANAHEIMG_7_B1,ANAHEIMG_7_B1,ANAHEIMG_7_B1,RTPD,MCE,LMP_ENE_PRC,ANAHEIMG_7_B1,ALL,1,1991.671,3,3
2022-09-02T03:30:00-00:00,2022-09-02T03:45:00-00:00,2022-09-01,21,ANAHEIMG_7_B1,ANAHEIMG_7_B1,ANAHEIMG_7_B1,RTPD,MCE,LMP_ENE_PRC,ANAHEIMG_7_B1,ALL,1,186.61823,3,3
2022-09-02T04:30:00-00:00,2022-09-02T04:45:00-00:00,2022-09-01,22,ANAHEIMG_7_B1,ANAHEIMG_7_B1,ANAHEIMG_7_B1,RTPD,MCE,LMP_ENE_PRC,ANAHEIMG_7_B1,ALL,1,180.67824,3,3
2022-09-02T05:30:00-00:00,2022-09-02T05:45:00-00:00,2022-09-01,23,ANAHEIMG_7_B1,ANAHEIMG_7_B1,ANAHEIMG_7_B1,RTPD,MCE,LMP_ENE_PRC,ANAHEIMG_7_B1,ALL,1,131.69917,3,3
2022-09-02T06:30:00-00:00,2022-09-02T06:45:00-00:00,2022-09-01,24,ANAHEIMG_7_B1,ANAHEIMG_7_B1,ANAHEIMG_7_B1,RTPD,MCE,LMP_ENE_PRC,ANAHEIMG_7_B1,ALL,1,128.9871,3,3
2022-09-01T07:45:00-00:00,2022-09-01T08:00:00-00:00,2022-09-01,01,ANAHEIMG_7_B1,ANAHEIMG_7_B1,ANAHEIMG_7_B1,RTPD,MCE,LMP_ENE_PRC,ANAHEIMG_7_B1,ALL,1,109.12099,4,3
2022-09-01T08:45:00-00:00,2022-09-01T09:00:00-00:00,2022-09-01,02,ANAHEIMG_7_B1,ANAHEIMG_7_B1,ANAHEIMG_7_B1,RTPD,MCE,LMP_ENE_PRC,ANAHEIMG_7_B1,ALL,1,98.7357,4,3
2022-09-01T09:45:00-00:00,2022-09-01T10:00:00-00:00,2022-09-01,03,ANAHEIMG_7_B1,ANAHEIMG_7_B1,ANAHEIMG_7_B1,RTPD,MCE,LMP_ENE_PRC,ANAHEIMG_7_B1,ALL,1,97.50475,4,3
2022-09-01T10:45:00-00:00,2022-09-01T11:00:00-00:00,2022-09-01,04,ANAHEIMG_7_B1,ANAHEIMG_7_B1,ANAHEIMG_7_B1,RTPD,MCE,LMP_ENE_PRC,ANAHEIMG_7_B1,ALL,1,94.71966,4,3
2022-09-01T11:45:00-00:00,2022-09-01T12:00:00-00:00,2022-09-01,05,ANAHEIMG_7_B1,ANAHEIMG_7_B1,ANAHEIMG_7_B1,RTPD,MCE,LMP_ENE_PRC,ANAHEIMG_7_B1,ALL,1,107.01,4,3
2022-09-01T12:45:00-00:00,2022-09-01T13:00:00-00:00,2022-09-01,06,ANAHEIMG_7_B1,ANAHEIMG_7_B1,ANAHEIMG_7_B1,RTPD,MCE,LMP_ENE_PRC,ANAHEIMG_7_B1,ALL,1,116.4848,4,3
2022-09-01T13:45:00-00:00,2022-09-01T14:00:00-00:00,2022-09-01,07,ANAHEIMG_7_B1,ANAHEIMG_7_B1,ANAHEIMG_7_B1,RTPD,MCE,LMP_ENE_PRC,ANAHEIMG_7_B1,ALL,1,111.41,4,3
2022-09-01T14:45:00-00:00,2022-09-01T15:00:00-00:00,2022-09-01,08,ANAHEIMG_7_B1,ANAHEIMG_7_B1,ANAHEIMG_7_B1,RTPD,MCE,LMP_ENE_PRC,ANAHEIMG_7_B1,ALL,1,86.1388,4,3
2022-09-01T15:45:00-00:00,2022-09-01T16:00:00-00:00,2022-09-01,09,ANAHEIMG_7_B1,ANAHEIMG_7_B1,ANAHEIMG_7_B1,RTPD,MCE,LMP_ENE_PRC,ANAHEIMG_7_B1,ALL,1,78.70076,4,3
2022-09-01T16:45:00-00:00,2022-09-01T17:00:00-00:00,2022-09-01,10,ANAHEIMG_7_B1,ANAHEIMG_7_B1,ANAHEIMG_7_B1,RTPD,MCE,LMP_ENE_PRC,ANAHEIMG_7_B1,ALL,1,91.24933,4,3
2022-09-01T17:45:00-00:00,2022-09-01T18:00:00-00:00,2022-09-01,11,ANAHEIMG_7_B1,ANAHEIMG_7_B1,ANAHEIMG_7_B1,RTPD,MCE,LMP_ENE_PRC,ANAHEIMG_7_B1,ALL,1,99.20544,4,3
2022-09-01T18:45:00-00:00,2022-09-01T19:00:00-00:00,2022-09-01,12,ANAHEIMG_7_B1,ANAHEIMG_7_B1,ANAHEIMG_7_B1,RTPD,MCE,LMP_ENE_PRC,ANAHEIMG_7_B1,ALL,1,109.04064,4,3
2022-09-01T19:45:00-00:00,2022-09-01T20:00:00-00:00,2022-09-01,13,ANAHEIMG_7_B1,ANAHEIMG_7_B1,ANAHEIMG_7_B1,RTPD,MCE,LMP_ENE_PRC,ANAHEIMG_7_B1,ALL,1,120.22491,4,3
2022-09-01T20:45:00-00:00,2022-09-01T21:00:00-00:00,2022-09-01,14,ANAHEIMG_7_B1,ANAHEIMG_7_B1,ANAHEIMG_7_B1,RTPD,MCE,LMP_ENE_PRC,ANAHEIMG_7_B1,ALL,1,154.02509,4,3
2022-09-01T21:45:00-00:00,2022-09-01T22:00:00-00:00,2022-09-01,15,ANAHEIMG_7_B1,ANAHEIMG_7_B1,ANAHEIMG_7_B1,RTPD,MCE,LMP_ENE_PRC,ANAHEIMG_7_B1,ALL,1,300.29376,4,3
2022-09-01T22:45:00-00:00,2022-09-01T23:00:00-00:00,2022-09-01,16,ANAHEIMG_7_B1,ANAHEIMG_7_B1,ANAHEIMG_7_B1,RTPD,MCE,LMP_ENE_PRC,ANAHEIMG_7_B1,ALL,1,429.9137,4,3
2022-09-01T23:45:00-00:00,2022-09-02T00:00:00-00:00,2022-09-01,17,ANAHEIMG_7_B1,ANAHEIMG_7_B1,ANAHEIMG_7_B1,RTPD,MCE,LMP_ENE_PRC,ANAHEIMG_7_B1,ALL,1,1261.2124,4,3
2022-09-02T00:45:00-00:00,2022-09-02T01:00:00-00:00,2022-09-01,18,ANAHEIMG_7_B1,ANAHEIMG_7_B1,ANAHEIMG_7_B1,RTPD,MCE,LMP_ENE_PRC,ANAHEIMG_7_B1,ALL,1,1519.149,4,3
2022-09-02T01:45:00-00:00,2022-09-02T02:00:00-00:00,2022-09-01,19,ANAHEIMG_7_B1,ANAHEIMG_7_B1,ANAHEIMG_7_B1,RTPD,MCE,LMP_ENE_PRC,ANAHEIMG_7_B1,ALL,1,1991.9337,4,3
2022-09-02T02:45:00-00:00,2022-09-02T03:00:00-00:00,2022-09-01,20,ANAHEIMG_7_B1,ANAHEIMG_7_B1,ANAHEIMG_7_B1,RTPD,MCE,LMP_ENE_PRC,ANAHEIMG_7_B1,ALL,1,1629.6213,4,3
2022-09-02T03:45:00-00:00,2022-09-02T04:00:00-00:00,2022-09-01,21,ANAHEIMG_7_B1,ANAHEIMG_7_B1,ANAHEIMG_7_B1,RTPD,MCE,LMP_ENE_PRC,ANAHEIMG_7_B1,ALL,1,141.13702,4,3
2022-09-02T04:45:00-00:00,2022-09-02T05:00:00-00:00,2022-09-01,22,ANAHEIMG_7_B1,ANAHEIMG_7_B1,ANAHEIMG_7_B1,RTPD,MCE,LMP_ENE_PRC,ANAHEIMG_7_B1,ALL,1,126.76372,4,3
2022-09-02T05:45:00-00:00,2022-09-02T06:00:00-00:00,2022-09-01,23,ANAHEIMG_7_B1,ANAHEIMG_7_B1,ANAHEIMG_7_B1,RTPD,MCE,LMP_ENE_PRC,ANAHEIMG_7_B1,ALL,1,119.00958,4,3
2022-09-02T06:45:00-00:00,2022-09-02T07:00:00-00:00,2022-09-01,24,ANAHEIMG_7_B1,ANAHEIMG_7_B1,ANAHEIMG_7_B1,RTPD,MCE,LMP_ENE_PRC,ANAHEIMG_7_B1,ALL,1,109.20324,4,3
2022-09-01T07:00:00-00:00,2022-09-01T07:15:00-00:00,2022-09-01,01,ANAHEIMG_7_B1,ANAHEIMG_7_B1,ANAHEIMG_7_B1,RTPD,MCL,LMP_LOSS_PRC,ANAHEIMG_7_B1,ALL,1,2.68926,1,4
2022-09-01T08:00:00-00:00,2022-09-01T08:15:00-00:00,2022-09-01,02,ANAHEIMG_7_B1,ANAHEIMG_7_B1,ANAHEIMG_7_B1,RTPD,MCL,LMP_LOSS_PRC,ANAHEIMG_7_B1,ALL,1,0,1,4
2022-09-01T09:00:00-00:00,2022-09-01T09:15:00-00:00,2022-09-01,03,ANAHEIMG_7_B1,ANAHEIMG_7_B1,ANAHEIMG_7_B1,RTPD,MCL,LMP_LOSS_PRC,ANAHEIMG_7_B1,ALL,1,10.22239,1,4
2022-09-01T10:00:00-00:00,2022-09-01T10:15:00-00:00,2022-09-01,04,ANAHEIMG_7_B1,ANAHEIMG_7_B1,ANAHEIMG_7_B1,RTPD,MCL,LMP_LOSS_PRC,ANAHEIMG_7_B1,ALL,1,10.24893,1,4
2022-09-01T11:00:00-00:00,2022-09-01T11:15:00-00:00,2022-09-01,05,ANAHEIMG_7_B1,ANAHEIMG_7_B1,ANAHEIMG_7_B1,RTPD,MCL,LMP_LOSS_PRC,ANAHEIMG_7_B1,ALL,1,10.14403,1,4
2022-09-01T12:00:00-00:00,2022-09-01T12:15:00-00:00,2022-09-01,06,ANAHEIMG_7_B1,ANAHEIMG_7_B1,ANAHEIMG_7_B1,RTPD,MCL,LMP_LOSS_PRC,ANAHEIMG_7_B1,ALL,1,9.14816,1,4
2022-09-01T13:00:00-00:00,2022-09-01T13:15:00-00:00,2022-09-01,07,ANAHEIMG_7_B1,ANAHEIMG_7_B1,ANAHEIMG_7_B1,RTPD,MCL,LMP_LOSS_PRC,ANAHEIMG_7_B1,ALL,1,0,1,4
2022-09-01T14:00:00-00:00,2022-09-01T14:15:00-00:00,2022-09-01,08,ANAHEIMG_7_B1,ANAHEIMG_7_B1,ANAHEIMG_7_B1,RTPD,MCL,LMP_LOSS_PRC,ANAHEIMG_7_B1,ALL,1,8.55564,1,4
2022-09-01T15:00:00-00:00,2022-09-01T15:15:00-00:00,2022-09-01,09,ANAHEIMG_7_B1,ANAHEIMG_7_B1,ANAHEIMG_7_B1,RTPD,MCL,LMP_LOSS_PRC,ANAHEIMG_7_B1,ALL,1,0,1,4
2022-09-01T16:00:00-00:00,2022-09-01T16:15:00-00:00,2022-09-01,10,ANAHEIMG_7_B1,ANAHEIMG_7_B1,ANAHEIMG_7_B1,RTPD,MCL,LMP_LOSS_PRC,ANAHEIMG_7_B1,ALL,1,0,1,4
2022-09-01T17:00:00-00:00,2022-09-01T17:15:00-00:00,2022-09-01,11,ANAHEIMG_7_B1,ANAHEIMG_7_B1,ANAHEIMG_7_B1,RTPD,MCL,LMP_LOSS_PRC,ANAHEIMG_7_B1,ALL,1,0,1,4
2022-09-01T18:00:00-00:00,2022-09-01T18:15:00-00:00,2022-09-01,12,ANAHEIMG_7_B1,ANAHEIMG_7_B1,ANAHEIMG_7_B1,RTPD,MCL,LMP_LOSS_PRC,ANAHEIMG_7_B1,ALL,1,0,1,4
2022-09-01T19:00:00-00:00,2022-09-01T19:15:00-00:00,2022-09-01,13,ANAHEIMG_7_B1,ANAHEIMG_7_B1,ANAHEIMG_7_B1,RTPD,MCL,LMP_LOSS_PRC,ANAHEIMG_7_B1,ALL,1,0,1,4
2022-09-01T20:00:00-00:00,2022-09-01T20:15:00-00:00,2022-09-01,14,ANAHEIMG_7_B1,ANAHEIMG_7_B1,ANAHEIMG_7_B1,RTPD,MCL,LMP_LOSS_PRC,ANAHEIMG_7_B1,ALL,1,0,1,4
2022-09-01T21:00:00-00:00,2022-09-01T21:15:00-00:00,2022-09-01,15,ANAHEIMG_7_B1,ANAHEIMG_7_B1,ANAHEIMG_7_B1,RTPD,MCL,LMP_LOSS_PRC,ANAHEIMG_7_B1,ALL,1,0,1,4
2022-09-01T22:00:00-00:00,2022-09-01T22:15:00-00:00,2022-09-01,16,ANAHEIMG_7_B1,ANAHEIMG_7_B1,ANAHEIMG_7_B1,RTPD,MCL,LMP_LOSS_PRC,ANAHEIMG_7_B1,ALL,1,0,1,4
2022-09-01T23:00:00-00:00,2022-09-01T23:15:00-00:00,2022-09-01,17,ANAHEIMG_7_B1,ANAHEIMG_7_B1,ANAHEIMG_7_B1,RTPD,MCL,LMP_LOSS_PRC,ANAHEIMG_7_B1,ALL,1,0,1,4
2022-09-02T00:00:00-00:00,2022-09-02T00:15:00-00:00,2022-09-01,18,ANAHEIMG_7_B1,ANAHEIMG_7_B1,ANAHEIMG_7_B1,RTPD,MCL,LMP_LOSS_PRC,ANAHEIMG_7_B1,ALL,1,97.09325,1,4
2022-09-02T01:00:00-00:00,2022-09-02T01:15:00-00:00,2022-09-01,19,ANAHEIMG_7_B1,ANAHEIMG_7_B1,ANAHEIMG_7_B1,RTPD,MCL,LMP_LOSS_PRC,ANAHEIMG_7_B1,ALL,1,0,1,4
2022-09-02T02:00:00-00:00,2022-09-02T02:15:00-00:00,2022-09-01,20,ANAHEIMG_7_B1,ANAHEIMG_7_B1,ANAHEIMG_7_B1,RTPD,MCL,LMP_LOSS_PRC,ANAHEIMG_7_B1,ALL,1,0,1,4
2022-09-02T03:00:00-00:00,2022-09-02T03:15:00-00:00,2022-09-01,21,ANAHEIMG_7_B1,ANAHEIMG_7_B1,ANAHEIMG_7_B1,RTPD,MCL,LMP_LOSS_PRC,ANAHEIMG_7_B1,ALL,1,82.39606,1,4
2022-09-02T04:00:00-00:00,2022-09-02T04:15:00-00:00,2022-09-01,22,ANAHEIMG_7_B1,ANAHEIMG_7_B1,ANAHEIMG_7_B1,RTPD,MCL,LMP_LOSS_PRC,ANAHEIMG_7_B1,ALL,1,25.9377,1,4
2022-09-02T05:00:00-00:00,2022-09-02T05:15:00-00:00,2022-09-01,23,ANAHEIMG_7_B1,ANAHEIMG_7_B1,ANAHEIMG_7_B1,RTPD,MCL,LMP_LOSS_PRC,ANAHEIMG_7_B1,ALL,1,14.9346,1,4
2022-09-02T06:00:00-00:00,2022-09-02T06:15:00-00:00,2022-09-01,24,ANAHEIMG_7_B1,ANAHEIMG_7_B1,ANAHEIMG_7_B1,RTPD,MCL,LMP_LOSS_PRC,ANAHEIMG_7_B1,ALL,1,13.9803,1,4
2022-09-01T07:15:00-00:00,2022-09-01T07:30:00-00:00,2022-09-01,01,ANAHEIMG_7_B1,ANAHEIMG_7_B1,ANAHEIMG_7_B1,RTPD,MCL,LMP_LOSS_PRC,ANAHEIMG_7_B1,ALL,1,0,2,4
2022-09-01T08:15:00-00:00,2022-09-01T08:30:00-00:00,2022-09-01,02,ANAHEIMG_7_B1,ANAHEIMG_7_B1,ANAHEIMG_7_B1,RTPD,MCL,LMP_LOSS_PRC,ANAHEIMG_7_B1,ALL,1,0,2,4
2022-09-01T09:15:00-00:00,2022-09-01T09:30:00-00:00,2022-09-01,03,ANAHEIMG_7_B1,ANAHEIMG_7_B1,ANAHEIMG_7_B1,RTPD,MCL,LMP_LOSS_PRC,ANAHEIMG_7_B1,ALL,1,10.01732,2,4
2022-09-01T10:15:00-00:00,2022-09-01T10:30:00-00:00,2022-09-01,04,ANAHEIMG_7_B1,ANAHEIMG_7_B1,ANAHEIMG_7_B1,RTPD,MCL,LMP_LOSS_PRC,ANAHEIMG_7_B1,ALL,1,10.26332,2,4
2022-09-01T11:15:00-00:00,2022-09-01T11:30:00-00:00,2022-09-01,05,ANAHEIMG_7_B1,ANAHEIMG_7_B1,ANAHEIMG_7_B1,RTPD,MCL,LMP_LOSS_PRC,ANAHEIMG_7_B1,ALL,1,10.25751,2,4
2022-09-01T12:15:00-00:00,2022-09-01T12:30:00-00:00,2022-09-01,06,ANAHEIMG_7_B1,ANAHEIMG_7_B1,ANAHEIMG_7_B1,RTPD,MCL,LMP_LOSS_PRC,ANAHEIMG_7_B1,ALL,1,10.52771,2,4
2022-09-01T13:15:00-00:00,2022-09-01T13:30:00-00:00,2022-09-01,07,ANAHEIMG_7_B1,ANAHEIMG_7_B1,ANAHEIMG_7_B1,RTPD,MCL,LMP_LOSS_PRC,ANAHEIMG_7_B1,ALL,1,10.65391,2,4
2022-09-01T14:15:00-00:00,2022-09-01T14:30:00-00:00,2022-09-01,08,ANAHEIMG_7_B1,ANAHEIMG_7_B1,ANAHEIMG_7_B1,RTPD,MCL,LMP_LOSS_PRC,ANAHEIMG_7_B1,ALL,1,7.85906,2,4
2022-09-01T15:15:00-00:00,2022-09-01T15:30:00-00:00,2022-09-01,09,ANAHEIMG_7_B1,ANAHEIMG_7_B1,ANAHEIMG_7_B1,RTPD,MCL,LMP_LOSS_PRC,ANAHEIMG_7_B1,ALL,1,0,2,4
2022-09-01T16:15:00-00:00,2022-09-01T16:30:00-00:00,2022-09-01,10,ANAHEIMG_7_B1,ANAHEIMG_7_B1,ANAHEIMG_7_B1,RTPD,MCL,LMP_LOSS_PRC,ANAHEIMG_7_B1,ALL,1,0,2,4
2022-09-01T17:15:00-00:00,2022-09-01T17:30:00-00:00,2022-09-01,11,ANAHEIMG_7_B1,ANAHEIMG_7_B1,ANAHEIMG_7_B1,RTPD,MCL,LMP_LOSS_PRC,ANAHEIMG_7_B1,ALL,1,0,2,4
2022-09-01T18:15:00-00:00,2022-09-01T18:30:00-00:00,2022-09-01,12,ANAHEIMG_7_B1,ANAHEIMG_7_B1,ANAHEIMG_7_B1,RTPD,MCL,LMP_LOSS_PRC,ANAHEIMG_7_B1,ALL,1,0,2,4
2022-09-01T19:15:00-00:00,2022-09-01T19:30:00-00:00,2022-09-01,13,ANAHEIMG_7_B1,ANAHEIMG_7_B1,ANAHEIMG_7_B1,RTPD,MCL,LMP_LOSS_PRC,ANAHEIMG_7_B1,ALL,1,0,2,4
2022-09-01T20:15:00-00:00,2022-09-01T20:30:00-00:00,2022-09-01,14,ANAHEIMG_7_B1,ANAHEIMG_7_B1,ANAHEIMG_7_B1,RTPD,MCL,LMP_LOSS_PRC,ANAHEIMG_7_B1,ALL,1,0,2,4
2022-09-01T21:15:00-00:00,2022-09-01T21:30:00-00:00,2022-09-01,15,ANAHEIMG_7_B1,ANAHEIMG_7_B1,ANAHEIMG_7_B1,RTPD,MCL,LMP_LOSS_PRC,ANAHEIMG_7_B1,ALL,1,0,2,4
2022-09-01T22:15:00-00:00,2022-09-01T22:30:00-00:00,2022-09-01,16,ANAHEIMG_7_B1,ANAHEIMG_7_B1,ANAHEIMG_7_B1,RTPD,MCL,LMP_LOSS_PRC,ANAHEIMG_7_B1,ALL,1,0,2,4
2022-09-01T23:15:00-00:00,2022-09-01T23:30:00-00:00,2022-09-01,17,ANAHEIMG_7_B1,ANAHEIMG_7_B1,ANAHEIMG_7_B1,RTPD,MCL,LMP_LOSS_PRC,ANAHEIMG_7_B1,ALL,1,0,2,4
2022-09-02T00:15:00-00:00,2022-09-02T00:30:00-00:00,2022-09-01,18,ANAHEIMG_7_B1,ANAHEIMG_7_B1,ANAHEIMG_7_B1,RTPD,MCL,LMP_LOSS_PRC,ANAHEIMG_7_B1,ALL,1,76.37961,2,4
2022-09-02T01:15:00-00:00,2022-09-02T01:30:00-00:00,2022-09-01,19,ANAHEIMG_7_B1,ANAHEIMG_7_B1,ANAHEIMG_7_B1,RTPD,MCL,LMP_LOSS_PRC,ANAHEIMG_7_B1,ALL,1,0,2,4
2022-09-02T02:15:00-00:00,2022-09-02T02:30:00-00:00,2022-09-01,20,ANAHEIMG_7_B1,ANAHEIMG_7_B1,ANAHEIMG_7_B1,RTPD,MCL,LMP_LOSS_PRC,ANAHEIMG_7_B1,ALL,1,0,2,4
2022-09-02T03:15:00-00:00,2022-09-02T03:30:00-00:00,2022-09-01,21,ANAHEIMG_7_B1,ANAHEIMG_7_B1,ANAHEIMG_7_B1,RTPD,MCL,LMP_LOSS_PRC,ANAHEIMG_7_B1,ALL,1,35.40675,2,4
2022-09-02T04:15:00-00:00,2022-09-02T04:30:00-00:00,2022-09-01,22,ANAHEIMG_7_B1,ANAHEIMG_7_B1,ANAHEIMG_7_B1,RTPD,MCL,LMP_LOSS_PRC,ANAHEIMG_7_B1,ALL,1,22.92454,2,4
2022-09-02T05:15:00-00:00,2022-09-02T05:30:00-00:00,2022-09-01,23,ANAHEIMG_7_B1,ANAHEIMG_7_B1,ANAHEIMG_7_B1,RTPD,MCL,LMP_LOSS_PRC,ANAHEIMG_7_B1,ALL,1,14.29791,2,4
2022-09-02T06:15:00-00:00,2022-09-02T06:30:00-00:00,2022-09-01,24,ANAHEIMG_7_B1,ANAHEIMG_7_B1,ANAHEIMG_7_B1,RTPD,MCL,LMP_LOSS_PRC,ANAHEIMG_7_B1,ALL,1,13.8092,2,4
2022-09-01T07:30:00-00:00,2022-09-01T07:45:00-00:00,2022-09-01,01,ANAHEIMG_7_B1,ANAHEIMG_7_B1,ANAHEIMG_7_B1,RTPD,MCL,LMP_LOSS_PRC,ANAHEIMG_7_B1,ALL,1,0,3,4
2022-09-01T08:30:00-00:00,2022-09-01T08:45:00-00:00,2022-09-01,02,ANAHEIMG_7_B1,ANAHEIMG_7_B1,ANAHEIMG_7_B1,RTPD,MCL,LMP_LOSS_PRC,ANAHEIMG_7_B1,ALL,1,11.1668,3,4
2022-09-01T09:30:00-00:00,2022-09-01T09:45:00-00:00,2022-09-01,03,ANAHEIMG_7_B1,ANAHEIMG_7_B1,ANAHEIMG_7_B1,RTPD,MCL,LMP_LOSS_PRC,ANAHEIMG_7_B1,ALL,1,9.76715,3,4
2022-09-01T10:30:00-00:00,2022-09-01T10:45:00-00:00,2022-09-01,04,ANAHEIMG_7_B1,ANAHEIMG_7_B1,ANAHEIMG_7_B1,RTPD,MCL,LMP_LOSS_PRC,ANAHEIMG_7_B1,ALL,1,10.20476,3,4
2022-09-01T11:30:00-00:00,2022-09-01T11:45:00-00:00,2022-09-01,05,ANAHEIMG_7_B1,ANAHEIMG_7_B1,ANAHEIMG_7_B1,RTPD,MCL,LMP_LOSS_PRC,ANAHEIMG_7_B1,ALL,1,10.24436,3,4
2022-09-01T12:30:00-00:00,2022-09-01T12:45:00-00:00,2022-09-01,06,ANAHEIMG_7_B1,ANAHEIMG_7_B1,ANAHEIMG_7_B1,RTPD,MCL,LMP_LOSS_PRC,ANAHEIMG_7_B1,ALL,1,10.46017,3,4
2022-09-01T13:30:00-00:00,2022-09-01T13:45:00-00:00,2022-09-01,07,ANAHEIMG_7_B1,ANAHEIMG_7_B1,ANAHEIMG_7_B1,RTPD,MCL,LMP_LOSS_PRC,ANAHEIMG_7_B1,ALL,1,10.63903,3,4
2022-09-01T14:30:00-00:00,2022-09-01T14:45:00-00:00,2022-09-01,08,ANAHEIMG_7_B1,ANAHEIMG_7_B1,ANAHEIMG_7_B1,RTPD,MCL,LMP_LOSS_PRC,ANAHEIMG_7_B1,ALL,1,7.1284,3,4
2022-09-01T15:30:00-00:00,2022-09-01T15:45:00-00:00,2022-09-01,09,ANAHEIMG_7_B1,ANAHEIMG_7_B1,ANAHEIMG_7_B1,RTPD,MCL,LMP_LOSS_PRC,ANAHEIMG_7_B1,ALL,1,0,3,4
2022-09-01T16:30:00-00:00,2022-09-01T16:45:00-00:00,2022-09-01,10,ANAHEIMG_7_B1,ANAHEIMG_7_B1,ANAHEIMG_7_B1,RTPD,MCL,LMP_LOSS_PRC,ANAHEIMG_7_B1,ALL,1,0,3,4
2022-09-01T17:30:00-00:00,2022-09-01T17:45:00-00:00,2022-09-01,11,ANAHEIMG_7_B1,ANAHEIMG_7_B1,ANAHEIMG_7_B1,RTPD,MCL,LMP_LOSS_PRC,ANAHEIMG_7_B1,ALL,1,0,3,4
2022-09-01T18:30:00-00:00,2022-09-01T18:45:00-00:00,2022-09-01,12,ANAHEIMG_7_B1,ANAHEIMG_7_B1,ANAHEIMG_7_B1,RTPD,MCL,LMP_LOSS_PRC,ANAHEIMG_7_B1,ALL,1,0,3,4
2022-09-01T19:30:00-00:00,2022-09-01T19:45:00-00:00,2022-09-01,13,ANAHEIMG_7_B1,ANAHEIMG_7_B1,ANAHEIMG_7_B1,RTPD,MCL,LMP_LOSS_PRC,ANAHEIMG_7_B1,ALL,1,0,3,4
2022-09-01T20:30:00-00:00,2022-09-01T20:45:00-00:00,2022-09-01,14,ANAHEIMG_7_B1,ANAHEIMG_7_B1,ANAHEIMG_7_B1,RTPD,MCL,LMP_LOSS_PRC,ANAHEIMG_7_B1,ALL,1,0,3,4
2022-09-01T21:30:00-00:00,2022-09-01T21:45:00-00:00,2022-09-01,15,ANAHEIMG_7_B1,ANAHEIMG_7_B1,ANAHEIMG_7_B1,RTPD,MCL,LMP_LOSS_PRC,ANAHEIMG_7_B1,ALL,1,0,3,4
2022-09-01T22:30:00-00:00,2022-09-01T22:45:00-00:00,2022-09-01,16,ANAHEIMG_7_B1,ANAHEIMG_7_B1,ANAHEIMG_7_B1,RTPD,MCL,LMP_LOSS_PRC,ANAHEIMG_7_B1,ALL,1,0,3,4
2022-09-01T23:30:00-00:00,2022-09-01T23:45:00-00:00,2022-09-01,17,ANAHEIMG_7_B1,ANAHEIMG_7_B1,ANAHEIMG_7_B1,RTPD,MCL,LMP_LOSS_PRC,ANAHEIMG_7_B1,ALL,1,0,3,4
2022-09-02T00:30:00-00:00,2022-09-02T00:45:00-00:00,2022-09-01,18,ANAHEIMG_7_B1,ANAHEIMG_7_B1,ANAHEIMG_7_B1,RTPD,MCL,LMP_LOSS_PRC,ANAHEIMG_7_B1,ALL,1,0,3,4
2022-09-02T01:30:00-00:00,2022-09-02T01:45:00-00:00,2022-09-01,19,ANAHEIMG_7_B1,ANAHEIMG_7_B1,ANAHEIMG_7_B1,RTPD,MCL,LMP_LOSS_PRC,ANAHEIMG_7_B1,ALL,1,0,3,4
2022-09-02T02:30:00-00:00,2022-09-02T02:45:00-00:00,2022-09-01,20,ANAHEIMG_7_B1,ANAHEIMG_7_B1,ANAHEIMG_7_B1,RTPD,MCL,LMP_LOSS_PRC,ANAHEIMG_7_B1,ALL,1,0,3,4
2022-09-02T03:30:00-00:00,2022-09-02T03:45:00-00:00,2022-09-01,21,ANAHEIMG_7_B1,ANAHEIMG_7_B1,ANAHEIMG_7_B1,RTPD,MCL,LMP_LOSS_PRC,ANAHEIMG_7_B1,ALL,1,16.92627,3,4
2022-09-02T04:30:00-00:00,2022-09-02T04:45:00-00:00,2022-09-01,22,ANAHEIMG_7_B1,ANAHEIMG_7_B1,ANAHEIMG_7_B1,RTPD,MCL,LMP_LOSS_PRC,ANAHEIMG_7_B1,ALL,1,19.98301,3,4
2022-09-02T05:30:00-00:00,2022-09-02T05:45:00-00:00,2022-09-01,23,ANAHEIMG_7_B1,ANAHEIMG_7_B1,ANAHEIMG_7_B1,RTPD,MCL,LMP_LOSS_PRC,ANAHEIMG_7_B1,ALL,1,13.34113,3,4
2022-09-02T06:30:00-00:00,2022-09-02T06:45:00-00:00,2022-09-01,24,ANAHEIMG_7_B1,ANAHEIMG_7_B1,ANAHEIMG_7_B1,RTPD,MCL,LMP_LOSS_PRC,ANAHEIMG_7_B1,ALL,1,12.62784,3,4
2022-09-01T07:45:00-00:00,2022-09-01T08:00:00-00:00,2022-09-01,01,ANAHEIMG_7_B1,ANAHEIMG_7_B1,ANAHEIMG_7_B1,RTPD,MCL,LMP_LOSS_PRC,ANAHEIMG_7_B1,ALL,1,0,4,4
2022-09-01T08:45:00-00:00,2022-09-01T09:00:00-00:00,2022-09-01,02,ANAHEIMG_7_B1,ANAHEIMG_7_B1,ANAHEIMG_7_B1,RTPD,MCL,LMP_LOSS_PRC,ANAHEIMG_7_B1,ALL,1,10.32775,4,4
2022-09-01T09:45:00-00:00,2022-09-01T10:00:00-00:00,2022-09-01,03,ANAHEIMG_7_B1,ANAHEIMG_7_B1,ANAHEIMG_7_B1,RTPD,MCL,LMP_LOSS_PRC,ANAHEIMG_7_B1,ALL,1,10.01374,4,4
2022-09-01T10:45:00-00:00,2022-09-01T11:00:00-00:00,2022-09-01,04,ANAHEIMG_7_B1,ANAHEIMG_7_B1,ANAHEIMG_7_B1,RTPD,MCL,LMP_LOSS_PRC,ANAHEIMG_7_B1,ALL,1,10.11606,4,4
2022-09-01T11:45:00-00:00,2022-09-01T12:00:00-00:00,2022-09-01,05,ANAHEIMG_7_B1,ANAHEIMG_7_B1,ANAHEIMG_7_B1,RTPD,MCL,LMP_LOSS_PRC,ANAHEIMG_7_B1,ALL,1,0,4,4
2022-09-01T12:45:00-00:00,2022-09-01T13:00:00-00:00,2022-09-01,06,ANAHEIMG_7_B1,ANAHEIMG_7_B1,ANAHEIMG_7_B1,RTPD,MCL,LMP_LOSS_PRC,ANAHEIMG_7_B1,ALL,1,0,4,4
2022-09-01T13:45:00-00:00,2022-09-01T14:00:00-00:00,2022-09-01,07,ANAHEIMG_7_B1,ANAHEIMG_7_B1,ANAHEIMG_7_B1,RTPD,MCL,LMP_LOSS_PRC,ANAHEIMG_7_B1,ALL,1,0,4,4
2022-09-01T14:45:00-00:00,2022-09-01T15:00:00-00:00,2022-09-01,08,ANAHEIMG_7_B1,ANAHEIMG_7_B1,ANAHEIMG_7_B1,RTPD,MCL,LMP_LOSS_PRC,ANAHEIMG_7_B1,ALL,1,0,4,4
2022-09-01T15:45:00-00:00,2022-09-01T16:00:00-00:00,2022-09-01,09,ANAHEIMG_7_B1,ANAHEIMG_7_B1,ANAHEIMG_7_B1,RTPD,MCL,LMP_LOSS_PRC,ANAHEIMG_7_B1,ALL,1,0,4,4
2022-09-01T16:45:00-00:00,2022-09-01T17:00:00-00:00,2022-09-01,10,ANAHEIMG_7_B1,ANAHEIMG_7_B1,ANAHEIMG_7_B1,RTPD,MCL,LMP_LOSS_PRC,ANAHEIMG_7_B1,ALL,1,0,4,4
2022-09-01T17:45:00-00:00,2022-09-01T18:00:00-00:00,2022-09-01,11,ANAHEIMG_7_B1,ANAHEIMG_7_B1,ANAHEIMG_7_B1,RTPD,MCL,LMP_LOSS_PRC,ANAHEIMG_7_B1,ALL,1,0,4,4
2022-09-01T18:45:00-00:00,2022-09-01T19:00:00-00:00,2022-09-01,12,ANAHEIMG_7_B1,ANAHEIMG_7_B1,ANAHEIMG_7_B1,RTPD,MCL,LMP_LOSS_PRC,ANAHEIMG_7_B1,ALL,1,0,4,4
2022-09-01T19:45:00-00:00,2022-09-01T20:00:00-00:00,2022-09-01,13,ANAHEIMG_7_B1,ANAHEIMG_7_B1,ANAHEIMG_7_B1,RTPD,MCL,LMP_LOSS_PRC,ANAHEIMG_7_B1,ALL,1,0,4,4
2022-09-01T20:45:00-00:00,2022-09-01T21:00:00-00:00,2022-09-01,14,ANAHEIMG_7_B1,ANAHEIMG_7_B1,ANAHEIMG_7_B1,RTPD,MCL,LMP_LOSS_PRC,ANAHEIMG_7_B1,ALL,1,0,4,4
2022-09-01T21:45:00-00:00,2022-09-01T22:00:00-00:00,2022-09-01,15,ANAHEIMG_7_B1,ANAHEIMG_7_B1,ANAHEIMG_7_B1,RTPD,MCL,LMP_LOSS_PRC,ANAHEIMG_7_B1,ALL,1,0,4,4
2022-09-01T22:45:00-00:00,2022-09-01T23:00:00-00:00,2022-09-01,16,ANAHEIMG_7_B1,ANAHEIMG_7_B1,ANAHEIMG_7_B1,RTPD,MCL,LMP_LOSS_PRC,ANAHEIMG_7_B1,ALL,1,0,4,4
2022-09-01T23:45:00-00:00,2022-09-02T00:00:00-00:00,2022-09-01,17,ANAHEIMG_7_B1,ANAHEIMG_7_B1,ANAHEIMG_7_B1,RTPD,MCL,LMP_LOSS_PRC,ANAHEIMG_7_B1,ALL,1,0,4,4
2022-09-02T00:45:00-00:00,2022-09-02T01:00:00-00:00,2022-09-01,18,ANAHEIMG_7_B1,ANAHEIMG_7_B1,ANAHEIMG_7_B1,RTPD,MCL,LMP_LOSS_PRC,ANAHEIMG_7_B1,ALL,1,0,4,4
2022-09-02T01:45:00-00:00,2022-09-02T02:00:00-00:00,2022-09-01,19,ANAHEIMG_7_B1,ANAHEIMG_7_B1,ANAHEIMG_7_B1,RTPD,MCL,LMP_LOSS_PRC,ANAHEIMG_7_B1,ALL,1,0,4,4
2022-09-02T02:45:00-00:00,2022-09-02T03:00:00-00:00,2022-09-01,20,ANAHEIMG_7_B1,ANAHEIMG_7_B1,ANAHEIMG_7_B1,RTPD,MCL,LMP_LOSS_PRC,ANAHEIMG_7_B1,ALL,1,212.66559,4,4
2022-09-02T03:45:00-00:00,2022-09-02T04:00:00-00:00,2022-09-01,21,ANAHEIMG_7_B1,ANAHEIMG_7_B1,ANAHEIMG_7_B1,RTPD,MCL,LMP_LOSS_PRC,ANAHEIMG_7_B1,ALL,1,13.93022,4,4
2022-09-02T04:45:00-00:00,2022-09-02T05:00:00-00:00,2022-09-01,22,ANAHEIMG_7_B1,ANAHEIMG_7_B1,ANAHEIMG_7_B1,RTPD,MCL,LMP_LOSS_PRC,ANAHEIMG_7_B1,ALL,1,12.9299,4,4
2022-09-02T05:45:00-00:00,2022-09-02T06:00:00-00:00,2022-09-01,23,ANAHEIMG_7_B1,ANAHEIMG_7_B1,ANAHEIMG_7_B1,RTPD,MCL,LMP_LOSS_PRC,ANAHEIMG_7_B1,ALL,1,11.74625,4,4
2022-09-02T06:45:00-00:00,2022-09-02T07:00:00-00:00,2022-09-01,24,ANAHEIMG_7_B1,ANAHEIMG_7_B1,ANAHEIMG_7_B1,RTPD,MCL,LMP_LOSS_PRC,ANAHEIMG_7_B1,ALL,1,10.24326,4,4
2022-09-01T07:00:00-00:00,2022-09-01T07:15:00-00:00,2022-09-01,01,ANAHEIMG_7_B1,ANAHEIMG_7_B1,ANAHEIMG_7_B1,RTPD,MGHG,LMP_GHG_PRC,ANAHEIMG_7_B1,ALL,1,0,1,5
2022-09-01T08:00:00-00:00,2022-09-01T08:15:00-00:00,2022-09-01,02,ANAHEIMG_7_B1,ANAHEIMG_7_B1,ANAHEIMG_7_B1,RTPD,MGHG,LMP_GHG_PRC,ANAHEIMG_7_B1,ALL,1,0,1,5
2022-09-01T09:00:00-00:00,2022-09-01T09:15:00-00:00,2022-09-01,03,ANAHEIMG_7_B1,ANAHEIMG_7_B1,ANAHEIMG_7_B1,RTPD,MGHG,LMP_GHG_PRC,ANAHEIMG_7_B1,ALL,1,0,1,5
2022-09-01T10:00:00-00:00,2022-09-01T10:15:00-00:00,2022-09-01,04,ANAHEIMG_7_B1,ANAHEIMG_7_B1,ANAHEIMG_7_B1,RTPD,MGHG,LMP_GHG_PRC,ANAHEIMG_7_B1,ALL,1,0,1,5
2022-09-01T11:00:00-00:00,2022-09-01T11:15:00-00:00,2022-09-01,05,ANAHEIMG_7_B1,ANAHEIMG_7_B1,ANAHEIMG_7_B1,RTPD,MGHG,LMP_GHG_PRC,ANAHEIMG_7_B1,ALL,1,0,1,5
2022-09-01T12:00:00-00:00,2022-09-01T12:15:00-00:00,2022-09-01,06,ANAHEIMG_7_B1,ANAHEIMG_7_B1,ANAHEIMG_7_B1,RTPD,MGHG,LMP_GHG_PRC,ANAHEIMG_7_B1,ALL,1,0,1,5
2022-09-01T13:00:00-00:00,2022-09-01T13:15:00-00:00,2022-09-01,07,ANAHEIMG_7_B1,ANAHEIMG_7_B1,ANAHEIMG_7_B1,RTPD,MGHG,LMP_GHG_PRC,ANAHEIMG_7_B1,ALL,1,0,1,5
2022-09-01T14:00:00-00:00,2022-09-01T14:15:00-00:00,2022-09-01,08,ANAHEIMG_7_B1,ANAHEIMG_7_B1,ANAHEIMG_7_B1,RTPD,MGHG,LMP_GHG_PRC,ANAHEIMG_7_B1,ALL,1,0,1,5
2022-09-01T15:00:00-00:00,2022-09-01T15:15:00-00:00,2022-09-01,09,ANAHEIMG_7_B1,ANAHEIMG_7_B1,ANAHEIMG_7_B1,RTPD,MGHG,LMP_GHG_PRC,ANAHEIMG_7_B1,ALL,1,0,1,5
2022-09-01T16:00:00-00:00,2022-09-01T16:15:00-00:00,2022-09-01,10,ANAHEIMG_7_B1,ANAHEIMG_7_B1,ANAHEIMG_7_B1,RTPD,MGHG,LMP_GHG_PRC,ANAHEIMG_7_B1,ALL,1,0,1,5
2022-09-01T17:00:00-00:00,2022-09-01T17:15:00-00:00,2022-09-01,11,ANAHEIMG_7_B1,ANAHEIMG_7_B1,ANAHEIMG_7_B1,RTPD,MGHG,LMP_GHG_PRC,ANAHEIMG_7_B1,ALL,1,0,1,5
2022-09-01T18:00:00-00:00,2022-09-01T18:15:00-00:00,2022-09-01,12,ANAHEIMG_7_B1,ANAHEIMG_7_B1,ANAHEIMG_7_B1,RTPD,MGHG,LMP_GHG_PRC,ANAHEIMG_7_B1,ALL,1,0,1,5
2022-09-01T19:00:00-00:00,2022-09-01T19:15:00-00:00,2022-09-01,13,ANAHEIMG_7_B1,ANAHEIMG_7_B1,ANAHEIMG_7_B1,RTPD,MGHG,LMP_GHG_PRC,ANAHEIMG_7_B1,ALL,1,0,1,5
2022-09-01T20:00:00-00:00,2022-09-01T20:15:00-00:00,2022-09-01,14,ANAHEIMG_7_B1,ANAHEIMG_7_B1,ANAHEIMG_7_B1,RTPD,MGHG,LMP_GHG_PRC,ANAHEIMG_7_B1,ALL,1,0,1,5
2022-09-01T21:00:00-00:00,2022-09-01T21:15:00-00:00,2022-09-01,15,ANAHEIMG_7_B1,ANAHEIMG_7_B1,ANAHEIMG_7_B1,RTPD,MGHG,LMP_GHG_PRC,ANAHEIMG_7_B1,ALL,1,0,1,5
2022-09-01T22:00:00-00:00,2022-09-01T22:15:00-00:00,2022-09-01,16,ANAHEIMG_7_B1,ANAHEIMG_7_B1,ANAHEIMG_7_B1,RTPD,MGHG,LMP_GHG_PRC,ANAHEIMG_7_B1,ALL,1,0,1,5
2022-09-01T23:00:00-00:00,2022-09-01T23:15:00-00:00,2022-09-01,17,ANAHEIMG_7_B1,ANAHEIMG_7_B1,ANAHEIMG_7_B1,RTPD,MGHG,LMP_GHG_PRC,ANAHEIMG_7_B1,ALL,1,0,1,5
2022-09-02T00:00:00-00:00,2022-09-02T00:15:00-00:00,2022-09-01,18,ANAHEIMG_7_B1,ANAHEIMG_7_B1,ANAHEIMG_7_B1,RTPD,MGHG,LMP_GHG_PRC,ANAHEIMG_7_B1,ALL,1,0,1,5
2022-09-02T01:00:00-00:00,2022-09-02T01:15:00-00:00,2022-09-01,19,ANAHEIMG_7_B1,ANAHEIMG_7_B1,ANAHEIMG_7_B1,RTPD,MGHG,LMP_GHG_PRC,ANAHEIMG_7_B1,ALL,1,0,1,5
2022-09-02T02:00:00-00:00,2022-09-02T02:15:00-00:00,2022-09-01,20,ANAHEIMG_7_B1,ANAHEIMG_7_B1,ANAHEIMG_7_B1,RTPD,MGHG,LMP_GHG_PRC,ANAHEIMG_7_B1,ALL,1,0,1,5
2022-09-02T03:00:00-00:00,2022-09-02T03:15:00-00:00,2022-09-01,21,ANAHEIMG_7_B1,ANAHEIMG_7_B1,ANAHEIMG_7_B1,RTPD,MGHG,LMP_GHG_PRC,ANAHEIMG_7_B1,ALL,1,0,1,5
2022-09-02T04:00:00-00:00,2022-09-02T04:15:00-00:00,2022-09-01,22,ANAHEIMG_7_B1,ANAHEIMG_7_B1,ANAHEIMG_7_B1,RTPD,MGHG,LMP_GHG_PRC,ANAHEIMG_7_B1,ALL,1,0,1,5
2022-09-02T05:00:00-00:00,2022-09-02T05:15:00-00:00,2022-09-01,23,ANAHEIMG_7_B1,ANAHEIMG_7_B1,ANAHEIMG_7_B1,RTPD,MGHG,LMP_GHG_PRC,ANAHEIMG_7_B1,ALL,1,0,1,5
2022-09-02T06:00:00-00:00,2022-09-02T06:15:00-00:00,2022-09-01,24,ANAHEIMG_7_B1,ANAHEIMG_7_B1,ANAHEIMG_7_B1,RTPD,MGHG,LMP_GHG_PRC,ANAHEIMG_7_B1,ALL,1,0,1,5
2022-09-01T07:15:00-00:00,2022-09-01T07:30:00-00:00,2022-09-01,01,ANAHEIMG_7_B1,ANAHEIMG_7_B1,ANAHEIMG_7_B1,RTPD,MGHG,LMP_GHG_PRC,ANAHEIMG_7_B1,ALL,1,0,2,5
2022-09-01T08:15:00-00:00,2022-09-01T08:30:00-00:00,2022-09-01,02,ANAHEIMG_7_B1,ANAHEIMG_7_B1,ANAHEIMG_7_B1,RTPD,MGHG,LMP_GHG_PRC,ANAHEIMG_7_B1,ALL,1,0,2,5
2022-09-01T09:15:00-00:00,2022-09-01T09:30:00-00:00,2022-09-01,03,ANAHEIMG_7_B1,ANAHEIMG_7_B1,ANAHEIMG_7_B1,RTPD,MGHG,LMP_GHG_PRC,ANAHEIMG_7_B1,ALL,1,0,2,5
2022-09-01T10:15:00-00:00,2022-09-01T10:30:00-00:00,2022-09-01,04,ANAHEIMG_7_B1,ANAHEIMG_7_B1,ANAHEIMG_7_B1,RTPD,MGHG,LMP_GHG_PRC,ANAHEIMG_7_B1,ALL,1,0,2,5
2022-09-01T11:15:00-00:00,2022-09-01T11:30:00-00:00,2022-09-01,05,ANAHEIMG_7_B1,ANAHEIMG_7_B1,ANAHEIMG_7_B1,RTPD,MGHG,LMP_GHG_PRC,ANAHEIMG_7_B1,ALL,1,0,2,5
2022-09-01T12:15:00-00:00,2022-09-01T12:30:00-00:00,2022-09-01,06,ANAHEIMG_7_B1,ANAHEIMG_7_B1,ANAHEIMG_7_B1,RTPD,MGHG,LMP_GHG_PRC,ANAHEIMG_7_B1,ALL,1,0,2,5
2022-09-01T13:15:00-00:00,2022-09-01T13:30:00-00:00,2022-09-01,07,ANAHEIMG_7_B1,ANAHEIMG_7_B1,ANAHEIMG_7_B1,RTPD,MGHG,LMP_GHG_PRC,ANAHEIMG_7_B1,ALL,1,0,2,5
2022-09-01T14:15:00-00:00,2022-09-01T14:30:00-00:00,2022-09-01,08,ANAHEIMG_7_B1,ANAHEIMG_7_B1,ANAHEIMG_7_B1,RTPD,MGHG,LMP_GHG_PRC,ANAHEIMG_7_B1,ALL,1,0,2,5
2022-09-01T15:15:00-00:00,2022-09-01T15:30:00-00:00,2022-09-01,09,ANAHEIMG_7_B1,ANAHEIMG_7_B1,ANAHEIMG_7_B1,RTPD,MGHG,LMP_GHG_PRC,ANAHEIMG_7_B1,ALL,1,0,2,5
2022-09-01T16:15:00-00:00,2022-09-01T16:30:00-00:00,2022-09-01,10,ANAHEIMG_7_B1,ANAHEIMG_7_B1,ANAHEIMG_7_B1,RTPD,MGHG,LMP_GHG_PRC,ANAHEIMG_7_B1,ALL,1,0,2,5
2022-09-01T17:15:00-00:00,2022-09-01T17:30:00-00:00,2022-09-01,11,ANAHEIMG_7_B1,ANAHEIMG_7_B1,ANAHEIMG_7_B1,RTPD,MGHG,LMP_GHG_PRC,ANAHEIMG_7_B1,ALL,1,0,2,5
2022-09-01T18:15:00-00:00,2022-09-01T18:30:00-00:00,2022-09-01,12,ANAHEIMG_7_B1,ANAHEIMG_7_B1,ANAHEIMG_7_B1,RTPD,MGHG,LMP_GHG_PRC,ANAHEIMG_7_B1,ALL,1,0,2,5
2022-09-01T19:15:00-00:00,2022-09-01T19:30:00-00:00,2022-09-01,13,ANAHEIMG_7_B1,ANAHEIMG_7_B1,ANAHEIMG_7_B1,RTPD,MGHG,LMP_GHG_PRC,ANAHEIMG_7_B1,ALL,1,0,2,5
2022-09-01T20:15:00-00:00,2022-09-01T20:30:00-00:00,2022-09-01,14,ANAHEIMG_7_B1,ANAHEIMG_7_B1,ANAHEIMG_7_B1,RTPD,MGHG,LMP_GHG_PRC,ANAHEIMG_7_B1,ALL,1,0,2,5
2022-09-01T21:15:00-00:00,2022-09-01T21:30:00-00:00,2022-09-01,15,ANAHEIMG_7_B1,ANAHEIMG_7_B1,ANAHEIMG_7_B1,RTPD,MGHG,LMP_GHG_PRC,ANAHEIMG_7_B1,ALL,1,0,2,5
2022-09-01T22:15:00-00:00,2022-09-01T22:30:00-00:00,2022-09-01,16,ANAHEIMG_7_B1,ANAHEIMG_7_B1,ANAHEIMG_7_B1,RTPD,MGHG,LMP_GHG_PRC,ANAHEIMG_7_B1,ALL,1,0,2,5
2022-09-01T23:15:00-00:00,2022-09-01T23:30:00-00:00,2022-09-01,17,ANAHEIMG_7_B1,ANAHEIMG_7_B1,ANAHEIMG_7_B1,RTPD,MGHG,LMP_GHG_PRC,ANAHEIMG_7_B1,ALL,1,0,2,5
2022-09-02T00:15:00-00:00,2022-09-02T00:30:00-00:00,2022-09-01,18,ANAHEIMG_7_B1,ANAHEIMG_7_B1,ANAHEIMG_7_B1,RTPD,MGHG,LMP_GHG_PRC,ANAHEIMG_7_B1,ALL,1,0,2,5
2022-09-02T01:15:00-00:00,2022-09-02T01:30:00-00:00,2022-09-01,19,ANAHEIMG_7_B1,ANAHEIMG_7_B1,ANAHEIMG_7_B1,RTPD,MGHG,LMP_GHG_PRC,ANAHEIMG_7_B1,ALL,1,0,2,5
2022-09-02T02:15:00-00:00,2022-09-02T02:30:00-00:00,2022-09-01,20,ANAHEIMG_7_B1,ANAHEIMG_7_B1,ANAHEIMG_7_B1,RTPD,MGHG,LMP_GHG_PRC,ANAHEIMG_7_B1,ALL,1,0,2,5
2022-09-02T03:15:00-00:00,2022-09-02T03:30:00-00:00,2022-09-01,21,ANAHEIMG_7_B1,ANAHEIMG_7_B1,ANAHEIMG_7_B1,RTPD,MGHG,LMP_GHG_PRC,ANAHEIMG_7_B1,ALL,1,0,2,5
2022-09-02T04:15:00-00:00,2022-09-02T04:30:00-00:00,2022-09-01,22,ANAHEIMG_7_B1,ANAHEIMG_7_B1,ANAHEIMG_7_B1,RTPD,MGHG,LMP_GHG_PRC,ANAHEIMG_7_B1,ALL,1,0,2,5
2022-09-02T05:15:00-00:00,2022-09-02T05:30:00-00:00,2022-09-01,23,ANAHEIMG_7_B1,ANAHEIMG_7_B1,ANAHEIMG_7_B1,RTPD,MGHG,LMP_GHG_PRC,ANAHEIMG_7_B1,ALL,1,0,2,5
2022-09-02T06:15:00-00:00,2022-09-02T06:30:00-00:00,2022-09-01,24,ANAHEIMG_7_B1,ANAHEIMG_7_B1,ANAHEIMG_7_B1,RTPD,MGHG,LMP_GHG_PRC,ANAHEIMG_7_B1,ALL,1,0,2,5
2022-09-01T07:30:00-00:00,2022-09-01T07:45:00-00:00,2022-09-01,01,ANAHEIMG_7_B1,ANAHEIMG_7_B1,ANAHEIMG_7_B1,RTPD,MGHG,LMP_GHG_PRC,ANAHEIMG_7_B1,ALL,1,0,3,5
2022-09-01T08:30:00-00:00,2022-09-01T08:45:00-00:00,2022-09-01,02,ANAHEIMG_7_B1,ANAHEIMG_7_B1,ANAHEIMG_7_B1,RTPD,MGHG,LMP_GHG_PRC,ANAHEIMG_7_B1,ALL,1,0,3,5
2022-09-01T09:30:00-00:00,2022-09-01T09:45:00-00:00,2022-09-01,03,ANAHEIMG_7_B1,ANAHEIMG_7_B1,ANAHEIMG_7_B1,RTPD,MGHG,LMP_GHG_PRC,ANAHEIMG_7_B1,ALL,1,0,3,5
2022-09-01T10:30:00-00:00,2022-09-01T10:45:00-00:00,2022-09-01,04,ANAHEIMG_7_B1,ANAHEIMG_7_B1,ANAHEIMG_7_B1,RTPD,MGHG,LMP_GHG_PRC,ANAHEIMG_7_B1,ALL,1,0,3,5
2022-09-01T11:30:00-00:00,2022-09-01T11:45:00-00:00,2022-09-01,05,ANAHEIMG_7_B1,ANAHEIMG_7_B1,ANAHEIMG_7_B1,RTPD,MGHG,LMP_GHG_PRC,ANAHEIMG_7_B1,ALL,1,0,3,5
2022-09-01T12:30:00-00:00,2022-09-01T12:45:00-00:00,2022-09-01,06,ANAHEIMG_7_B1,ANAHEIMG_7_B1,ANAHEIMG_7_B1,RTPD,MGHG,LMP_GHG_PRC,ANAHEIMG_7_B1,ALL,1,0,3,5
2022-09-01T13:30:00-00:00,2022-09-01T13:45:00-00:00,2022-09-01,07,ANAHEIMG_7_B1,ANAHEIMG_7_B1,ANAHEIMG_7_B1,RTPD,MGHG,LMP_GHG_PRC,ANAHEIMG_7_B1,ALL,1,0,3,5
2022-09-01T14:30:00-00:00,2022-09-01T14:45:00-00:00,2022-09-01,08,ANAHEIMG_7_B1,ANAHEIMG_7_B1,ANAHEIMG_7_B1,RTPD,MGHG,LMP_GHG_PRC,ANAHEIMG_7_B1,ALL,1,0,3,5
2022-09-01T15:30:00-00:00,2022-09-01T15:45:00-00:00,2022-09-01,09,ANAHEIMG_7_B1,ANAHEIMG_7_B1,ANAHEIMG_7_B1,RTPD,MGHG,LMP_GHG_PRC,ANAHEIMG_7_B1,ALL,1,0,3,5
2022-09-01T16:30:00-00:00,2022-09-01T16:45:00-00:00,2022-09-01,10,ANAHEIMG_7_B1,ANAHEIMG_7_B1,ANAHEIMG_7_B1,RTPD,MGHG,LMP_GHG_PRC,ANAHEIMG_7_B1,ALL,1,0,3,5
2022-09-01T17:30:00-00:00,2022-09-01T17:45:00-00:00,2022-09-01,11,ANAHEIMG_7_B1,ANAHEIMG_7_B1,ANAHEIMG_7_B1,RTPD,MGHG,LMP_GHG_PRC,ANAHEIMG_7_B1,ALL,1,0,3,5
2022-09-01T18:30:00-00:00,2022-09-01T18:45:00-00:00,2022-09-01,12,ANAHEIMG_7_B1,ANAHEIMG_7_B1,ANAHEIMG_7_B1,RTPD,MGHG,LMP_GHG_PRC,ANAHEIMG_7_B1,ALL,1,0,3,5
2022-09-01T19:30:00-00:00,2022-09-01T19:45:00-00:00,2022-09-01,13,ANAHEIMG_7_B1,ANAHEIMG_7_B1,ANAHEIMG_7_B1,RTPD,MGHG,LMP_GHG_PRC,ANAHEIMG_7_B1,ALL,1,0,3,5
2022-09-01T20:30:00-00:00,2022-09-01T20:45:00-00:00,2022-09-01,14,ANAHEIMG_7_B1,ANAHEIMG_7_B1,ANAHEIMG_7_B1,RTPD,MGHG,LMP_GHG_PRC,ANAHEIMG_7_B1,ALL,1,0,3,5
2022-09-01T21:30:00-00:00,2022-09-01T21:45:00-00:00,2022-09-01,15,ANAHEIMG_7_B1,ANAHEIMG_7_B1,ANAHEIMG_7_B1,RTPD,MGHG,LMP_GHG_PRC,ANAHEIMG_7_B1,ALL,1,0,3,5
2022-09-01T22:30:00-00:00,2022-09-01T22:45:00-00:00,2022-09-01,16,ANAHEIMG_7_B1,ANAHEIMG_7_B1,ANAHEIMG_7_B1,RTPD,MGHG,LMP_GHG_PRC,ANAHEIMG_7_B1,ALL,1,0,3,5
2022-09-01T23:30:00-00:00,2022-09-01T23:45:00-00:00,2022-09-01,17,ANAHEIMG_7_B1,ANAHEIMG_7_B1,ANAHEIMG_7_B1,RTPD,MGHG,LMP_GHG_PRC,ANAHEIMG_7_B1,ALL,1,0,3,5
2022-09-02T00:30:00-00:00,2022-09-02T00:45:00-00:00,2022-09-01,18,ANAHEIMG_7_B1,ANAHEIMG_7_B1,ANAHEIMG_7_B1,RTPD,MGHG,LMP_GHG_PRC,ANAHEIMG_7_B1,ALL,1,0,3,5
2022-09-02T01:30:00-00:00,2022-09-02T01:45:00-00:00,2022-09-01,19,ANAHEIMG_7_B1,ANAHEIMG_7_B1,ANAHEIMG_7_B1,RTPD,MGHG,LMP_GHG_PRC,ANAHEIMG_7_B1,ALL,1,0,3,5
2022-09-02T02:30:00-00:00,2022-09-02T02:45:00-00:00,2022-09-01,20,ANAHEIMG_7_B1,ANAHEIMG_7_B1,ANAHEIMG_7_B1,RTPD,MGHG,LMP_GHG_PRC,ANAHEIMG_7_B1,ALL,1,0,3,5
2022-09-02T03:30:00-00:00,2022-09-02T03:45:00-00:00,2022-09-01,21,ANAHEIMG_7_B1,ANAHEIMG_7_B1,ANAHEIMG_7_B1,RTPD,MGHG,LMP_GHG_PRC,ANAHEIMG_7_B1,ALL,1,0,3,5
2022-09-02T04:30:00-00:00,2022-09-02T04:45:00-00:00,2022-09-01,22,ANAHEIMG_7_B1,ANAHEIMG_7_B1,ANAHEIMG_7_B1,RTPD,MGHG,LMP_GHG_PRC,ANAHEIMG_7_B1,ALL,1,0,3,5
2022-09-02T05:30:00-00:00,2022-09-02T05:45:00-00:00,2022-09-01,23,ANAHEIMG_7_B1,ANAHEIMG_7_B1,ANAHEIMG_7_B1,RTPD,MGHG,LMP_GHG_PRC,ANAHEIMG_7_B1,ALL,1,0,3,5
2022-09-02T06:30:00-00:00,2022-09-02T06:45:00-00:00,2022-09-01,24,ANAHEIMG_7_B1,ANAHEIMG_7_B1,ANAHEIMG_7_B1,RTPD,MGHG,LMP_GHG_PRC,ANAHEIMG_7_B1,ALL,1,0,3,5
2022-09-01T07:45:00-00:00,2022-09-01T08:00:00-00:00,2022-09-01,01,ANAHEIMG_7_B1,ANAHEIMG_7_B1,ANAHEIMG_7_B1,RTPD,MGHG,LMP_GHG_PRC,ANAHEIMG_7_B1,ALL,1,0,4,5
2022-09-01T08:45:00-00:00,2022-09-01T09:00:00-00:00,2022-09-01,02,ANAHEIMG_7_B1,ANAHEIMG_7_B1,ANAHEIMG_7_B1,RTPD,MGHG,LMP_GHG_PRC,ANAHEIMG_7_B1,ALL,1,0,4,5
2022-09-01T09:45:00-00:00,2022-09-01T10:00:00-00:00,2022-09-01,03,ANAHEIMG_7_B1,ANAHEIMG_7_B1,ANAHEIMG_7_B1,RTPD,MGHG,LMP_GHG_PRC,ANAHEIMG_7_B1,ALL,1,0,4,5
2022-09-01T10:45:00-00:00,2022-09-01T11:00:00-00:00,2022-09-01,04,ANAHEIMG_7_B1,ANAHEIMG_7_B1,ANAHEIMG_7_B1,RTPD,MGHG,LMP_GHG_PRC,ANAHEIMG_7_B1,ALL,1,0,4,5
2022-09-01T11:45:00-00:00,2022-09-01T12:00:00-00:00,2022-09-01,05,ANAHEIMG_7_B1,ANAHEIMG_7_B1,ANAHEIMG_7_B1,RTPD,MGHG,LMP_GHG_PRC,ANAHEIMG_7_B1,ALL,1,0,4,5
2022-09-01T12:45:00-00:00,2022-09-01T13:00:00-00:00,2022-09-01,06,ANAHEIMG_7_B1,ANAHEIMG_7_B1,ANAHEIMG_7_B1,RTPD,MGHG,LMP_GHG_PRC,ANAHEIMG_7_B1,ALL,1,0,4,5
2022-09-01T13:45:00-00:00,2022-09-01T14:00:00-00:00,2022-09-01,07,ANAHEIMG_7_B1,ANAHEIMG_7_B1,ANAHEIMG_7_B1,RTPD,MGHG,LMP_GHG_PRC,ANAHEIMG_7_B1,ALL,1,0,4,5
2022-09-01T14:45:00-00:00,2022-09-01T15:00:00-00:00,2022-09-01,08,ANAHEIMG_7_B1,ANAHEIMG_7_B1,ANAHEIMG_7_B1,RTPD,MGHG,LMP_GHG_PRC,ANAHEIMG_7_B1,ALL,1,0,4,5
2022-09-01T15:45:00-00:00,2022-09-01T16:00:00-00:00,2022-09-01,09,ANAHEIMG_7_B1,ANAHEIMG_7_B1,ANAHEIMG_7_B1,RTPD,MGHG,LMP_GHG_PRC,ANAHEIMG_7_B1,ALL,1,0,4,5
2022-09-01T16:45:00-00:00,2022-09-01T17:00:00-00:00,2022-09-01,10,ANAHEIMG_7_B1,ANAHEIMG_7_B1,ANAHEIMG_7_B1,RTPD,MGHG,LMP_GHG_PRC,ANAHEIMG_7_B1,ALL,1,0,4,5
2022-09-01T17:45:00-00:00,2022-09-01T18:00:00-00:00,2022-09-01,11,ANAHEIMG_7_B1,ANAHEIMG_7_B1,ANAHEIMG_7_B1,RTPD,MGHG,LMP_GHG_PRC,ANAHEIMG_7_B1,ALL,1,0,4,5
2022-09-01T18:45:00-00:00,2022-09-01T19:00:00-00:00,2022-09-01,12,ANAHEIMG_7_B1,ANAHEIMG_7_B1,ANAHEIMG_7_B1,RTPD,MGHG,LMP_GHG_PRC,ANAHEIMG_7_B1,ALL,1,0,4,5
2022-09-01T19:45:00-00:00,2022-09-01T20:00:00-00:00,2022-09-01,13,ANAHEIMG_7_B1,ANAHEIMG_7_B1,ANAHEIMG_7_B1,RTPD,MGHG,LMP_GHG_PRC,ANAHEIMG_7_B1,ALL,1,0,4,5
2022-09-01T20:45:00-00:00,2022-09-01T21:00:00-00:00,2022-09-01,14,ANAHEIMG_7_B1,ANAHEIMG_7_B1,ANAHEIMG_7_B1,RTPD,MGHG,LMP_GHG_PRC,ANAHEIMG_7_B1,ALL,1,0,4,5
2022-09-01T21:45:00-00:00,2022-09-01T22:00:00-00:00,2022-09-01,15,ANAHEIMG_7_B1,ANAHEIMG_7_B1,ANAHEIMG_7_B1,RTPD,MGHG,LMP_GHG_PRC,ANAHEIMG_7_B1,ALL,1,0,4,5
2022-09-01T22:45:00-00:00,2022-09-01T23:00:00-00:00,2022-09-01,16,ANAHEIMG_7_B1,ANAHEIMG_7_B1,ANAHEIMG_7_B1,RTPD,MGHG,LMP_GHG_PRC,ANAHEIMG_7_B1,ALL,1,0,4,5
2022-09-01T23:45:00-00:00,2022-09-02T00:00:00-00:00,2022-09-01,17,ANAHEIMG_7_B1,ANAHEIMG_7_B1,ANAHEIMG_7_B1,RTPD,MGHG,LMP_GHG_PRC,ANAHEIMG_7_B1,ALL,1,0,4,5
2022-09-02T00:45:00-00:00,2022-09-02T01:00:00-00:00,2022-09-01,18,ANAHEIMG_7_B1,ANAHEIMG_7_B1,ANAHEIMG_7_B1,RTPD,MGHG,LMP_GHG_PRC,ANAHEIMG_7_B1,ALL,1,0,4,5
2022-09-02T01:45:00-00:00,2022-09-02T02:00:00-00:00,2022-09-01,19,ANAHEIMG_7_B1,ANAHEIMG_7_B1,ANAHEIMG_7_B1,RTPD,MGHG,LMP_GHG_PRC,ANAHEIMG_7_B1,ALL,1,0,4,5
2022-09-02T02:45:00-00:00,2022-09-02T03:00:00-00:00,2022-09-01,20,ANAHEIMG_7_B1,ANAHEIMG_7_B1,ANAHEIMG_7_B1,RTPD,MGHG,LMP_GHG_PRC,ANAHEIMG_7_B1,ALL,1,0,4,5
2022-09-02T03:45:00-00:00,2022-09-02T04:00:00-00:00,2022-09-01,21,ANAHEIMG_7_B1,ANAHEIMG_7_B1,ANAHEIMG_7_B1,RTPD,MGHG,LMP_GHG_PRC,ANAHEIMG_7_B1,ALL,1,0,4,5
2022-09-02T04:45:00-00:00,2022-09-02T05:00:00-00:00,2022-09-01,22,ANAHEIMG_7_B1,ANAHEIMG_7_B1,ANAHEIMG_7_B1,RTPD,MGHG,LMP_GHG_PRC,ANAHEIMG_7_B1,ALL,1,0,4,5
2022-09-02T05:45:00-00:00,2022-09-02T06:00:00-00:00,2022-09-01,23,ANAHEIMG_7_B1,ANAHEIMG_7_B1,ANAHEIMG_7_B1,RTPD,MGHG,LMP_GHG_PRC,ANAHEIMG_7_B1,ALL,1,0,4,5
2022-09-02T06:45:00-00:00,2022-09-02T07:00:00-00:00,2022-09-01,24,ANAHEIMG_7_B1,ANAHEIMG_7_B1,ANAHEIMG_7_B1,RTPD,MGHG,LMP_GHG_PRC,ANAHEIMG_7_B1,ALL,1,0,4,5
