INTERVALSTARTTIME_GMT,INTERVALENDTIME_GMT,OPR_DT,OPR_HR,NODE_ID_XML,NODE_ID,NODE,MARKET_RUN_ID,LMP_TYPE,XML_DATA_ITEM,PNODE_RESMRID,GRP_TYPE,POS,PRC,OPR_INTERVAL,GROUP
2022-09-01T07:00:00-00:00,2022-09-01T07:15:00-00:00,2022-09-01,01,BIGRIVR_6_N001,BIGRIVR_6_N001,BIGRIVR_6_N001,RTPD,LMP,LMP_PRC,BIGRIVR_6_N001,ALL,1,86.03434,1,1
2022-09-01T08:00:00-00:00,2022-09-01T08:15:00-00:00,2022-09-01,02,BIGRIVR_6_N001,BIGRIVR_6_N001,BIGRIVR_6_N001,RTPD,LMP,LMP_PRC,BIGRIVR_6_N001,ALL,1,112.28953,1,1
2022-09-01T09:00:00-00:00,2022-09-01T09:15:00-00:00,2022-09-01,03,BIGRIVR_6_N001,BIGRIVR_6_N001,BIGRIVR_6_N001,RTPD,LMP,LMP_PRC,BIGRIVR_6_N001,ALL,1,96.61004,1,1
2022-09-01T10:00:00-00:00,2022-09-01T10:15:00-00:00,2022-09-01,04,BIGRIVR_6_N001,BIGRIVR_6_N001,BIGRIVR_6_N001,RTPD,LMP,LMP_PRC,BIGRIVR_6_N001,ALL,1,95.73695,1,1
2022-09-01T11:00:00-00:00,2022-09-01T11:15:00-00:00,2022-09-01,05,BIGRIVR_6_N001,BIGRIVR_6_N001,BIGRIVR_6_N001,RTPD,LMP,LMP_PRC,BIGRIVR_6_N001,ALL,1,103.06092,1,1
2022-09-01T12:00:00-00:00,2022-09-01T12:15:00-00:00,2022-09-01,06,BIGRIVR_6_N001,BIGRIVR_6_N001,BIGRIVR_6_N001,RTPD,LMP,LMP_PRC,BIGRIVR_6_N001,ALL,1,91.44022,1,1
2022-09-01T13:00:00-00:00,2022-09-01T13:15:00-00:00,2022-09-01,07,BIGRIVR_6_N001,BIGRIVR_6_N001,BIGRIVR_6_N001,RTPD,LMP,LMP_PRC,BIGRIVR_6_N001,ALL,1,88.92696,1,1
2022-09-01T14:00:00-00:00,2022-09-01T14:15:00-00:00,2022-09-01,08,BIGRIVR_6_N001,BIGRIVR_6_N001,BIGRIVR_6_N001,RTPD,LMP,LMP_PRC,BIGRIVR_6_N001,ALL,1,117.52336,1,1
2022-09-01T15:00:00-00:00,2022-09-01T15:15:00-00:00,2022-09-01,09,BIGRIVR_6_N001,BIGRIVR_6_N001,BIGRIVR_6_N001,RTPD,LMP,LMP_PRC,BIGRIVR_6_N001,ALL,1,97.4112,1,1
2022-09-01T16:00:00-00:00,2022-09-01T16:15:00-00:00,2022-09-01,10,BIGRIVR_6_N001,BIGRIVR_6_N001,BIGRIVR_6_N001,RTPD,LMP,LMP_PRC,BIGRIVR_6_N001,ALL,1,83.43525,1,1
2022-09-01T17:00:00-00:00,2022-09-01T17:15:00-00:00,2022-09-01,11,BIGRIVR_6_N001,BIGRIVR_6_N001,BIGRIVR_6_N001,RTPD,LMP,LMP_PRC,BIGRIVR_6_N001,ALL,1,80.67332,1,1
2022-09-01T18:00:00-00:00,2022-09-01T18:15:00-00:00,2022-09-01,12,BIGRIVR_6_N001,BIGRIVR_6_N001,BIGRIVR_6_N001,RTPD,LMP,LMP_PRC,BIGRIVR_6_N001,ALL,1,59.97608,1,1
2022-09-01T19:00:00-00:00,2022-09-01T19:15:00-00:00,2022-09-01,13,BIGRIVR_6_N001,BIGRIVR_6_N001,BIGRIVR_6_N001,RTPD,LMP,LMP_PRC,BIGRIVR_6_N001,ALL,1,74.28537,1,1
2022-09-01T20:00:00-00:00,2022-09-01T20:15:00-00:00,2022-09-01,14,BIGRIVR_6_N001,BIGRIVR_6_N001,BIGRIVR_6_N001,RTPD,LMP,LMP_PRC,BIGRIVR_6_N001,ALL,1,114.49265,1,1
2022-09-01T21:00:00-00:00,2022-09-01T21:15:00-00:00,2022-09-01,15,BIGRIVR_6_N001,BIGRIVR_6_N001,BIGRIVR_6_N001,RTPD,LMP,LMP_PRC,BIGRIVR_6_N001,ALL,1,129.59666,1,1
2022-09-01T22:00:00-00:00,2022-09-01T22:15:00-00:00,2022-09-01,16,BIGRIVR_6_N001,BIGRIVR_6_N001,BIGRIVR_6_N001,RTPD,LMP,LMP_PRC,BIGRIVR_6_N001,ALL,1,123.70626,1,1
2022-09-01T23:00:00-00:00,2022-09-01T23:15:00-00:00,2022-09-01,17,BIGRIVR_6_N001,BIGRIVR_6_N001,BIGRIVR_6_N001,RTPD,LMP,LMP_PRC,BIGRIVR_6_N001,ALL,1,222.92105,1,1
2022-09-02T00:00:00-00:00,2022-09-02T00:15:00-00:00,2022-09-01,18,BIGRIVR_6_N001,BIGRIVR_6_N001,BIGRIVR_6_N001,RTPD,LMP,LMP_PRC,BIGRIVR_6_N001,ALL,1,1296.3585,1,1
2022-09-02T01:00:00-00:00,2022-09-02T01:15:00-00:00,2022-09-01,19,BIGRIVR_6_N001,BIGRIVR_6_N001,BIGRIVR_6_N001,RTPD,LMP,LMP_PRC,BIGRIVR_6_N001,ALL,1,1276.4688,1,1
2022-09-02T02:00:00-00:00,2022-09-02T02:15:00-00:00,2022-09-01,20,BIGRIVR_6_N001,BIGRIVR_6_N001,BIGRIVR_6_N001,RTPD,LMP,LMP_PRC,BIGRIVR_6_N001,ALL,1,1991.6721,1,1
2022-09-02T03:00:00-00:00,2022-09-02T03:15:00-00:00,2022-09-01,21,BIGRIVR_6_N001,BIGRIVR_6_N001,BIGRIVR_6_N001,RTPD,LMP,LMP_PRC,BIGRIVR_6_N001,ALL,1,1533.6296,1,1
2022-09-02T04:00:00-00:00,2022-09-02T04:15:00-00:00,2022-09-01,22,BIGRIVR_6_N001,BIGRIVR_6_N001,BIGRIVR_6_N001,RTPD,LMP,LMP_PRC,BIGRIVR_6_N001,ALL,1,292.81757,1,1
2022-09-02T05:00:00-00:00,2022-09-02T05:15:00-00:00,2022-09-01,23,BIGRIVR_6_N001,BIGRIVR_6_N001,BIGRIVR_6_N001,RTPD,LMP,LMP_PRC,BIGRIVR_6_N001,ALL,1,197.3932,1,1
2022-09-02T06:00:00-00:00,2022-09-02T06:15:00-00:00,2022-09-01,24,BIGRIVR_6_N001,BIGRIVR_6_N001,BIGRIVR_6_N001,RTPD,LMP,LMP_PRC,BIGRIVR_6_N001,ALL,1,166.71503,1,1
2022-09-01T07:15:00-00:00,2022-09-01T07:30:00-00:00,2022-09-01,01,BIGRIVR_6_N001,BIGRIVR_6_N001,BIGRIVR_6_N001,RTPD,LMP,LMP_PRC,BIGRIVR_6_N001,ALL,1,115.77752,2,1
2022-09-01T08:15:00-00:00,2022-09-01T08:30:00-00:00,2022-09-01,02,BIGRIVR_6_N001,BIGRIVR_6_N001,BIGRIVR_6_N001,RTPD,LMP,LMP_PRC,BIGRIVR_6_N001,ALL,1,114.63996,2,1
2022-09-01T09:15:00-00:00,2022-09-01T09:30:00-00:00,2022-09-01,03,BIGRIVR_6_N001,BIGRIVR_6_N001,BIGRIVR_6_N001,RTPD,LMP,LMP_PRC,BIGRIVR_6_N001,ALL,1,93.66888,2,1
2022-09-01T10:15:00-00:00,2022-09-01T10:30:00-00:00,2022-09-01,04,BIGRIVR_6_N001,BIGRIVR_6_N001,BIGRIVR_6_N001,RTPD,LMP,LMP_PRC,BIGRIVR_6_N001,ALL,1,92.46973,2,1
2022-09-01T11:15:00-00:00,2022-09-01T11:30:00-00:00,2022-09-01,05,BIGRIVR_6_N001,BIGRIVR_6_N001,BIGRIVR_6_N001,RTPD,LMP,LMP_PRC,BIGRIVR_6_N001,ALL,1,103.49264,2,1
2022-09-01T12:15:00-00:00,2022-09-01T12:30:00-00:00,2022-09-01,06,BIGRIVR_6_N001,BIGRIVR_6_N001,BIGRIVR_6_N001,RTPD,LMP,LMP_PRC,BIGRIVR_6_N001,ALL,1,108.97498,2,1
2022-09-01T13:15:00-00:00,2022-09-01T13:30:00-00:00,2022-09-01,07,BIGRIVR_6_N001,BIGRIVR_6_N001,BIGRIVR_6_N001,RTPD,LMP,LMP_PRC,BIGRIVR_6_N001,ALL,1,117.17294,2,1
2022-09-01T14:15:00-00:00,2022-09-01T14:30:00-00:00,2022-09-01,08,BIGRIVR_6_N001,BIGRIVR_6_N001,BIGRIVR_6_N001,RTPD,LMP,LMP_PRC,BIGRIVR_6_N001,ALL,1,110.58218,2,1
2022-09-01T15:15:00-00:00,2022-09-01T15:30:00-00:00,2022-09-01,09,BIGRIVR_6_N001,BIGRIVR_6_N001,BIGRIVR_6_N001,RTPD,LMP,LMP_PRC,BIGRIVR_6_N001,ALL,1,86.9388,2,1
2022-09-01T16:15:00-00:00,2022-09-01T16:30:00-00:00,2022-09-01,10,BIGRIVR_6_N001,BIGRIVR_6_N001,BIGRIVR_6_N001,RTPD,LMP,LMP_PRC,BIGRIVR_6_N001,ALL,1,87.85557,2,1
2022-09-01T17:15:00-00:00,2022-09-01T17:30:00-00:00,2022-09-01,11,BIGRIVR_6_N001,BIGRIVR_6_N001,BIGRIVR_6_N001,RTPD,LMP,LMP_PRC,BIGRIVR_6_N001,ALL,1,79.52141,2,1
2022-09-01T18:15:00-00:00,2022-09-01T18:30:00-00:00,2022-09-01,12,BIGRIVR_6_N001,BIGRIVR_6_N001,BIGRIVR_6_N001,RTPD,LMP,LMP_PRC,BIGRIVR_6_N001,ALL,1,75.27262,2,1
2022-09-01T19:15:00-00:00,2022-09-01T19:30:00-00:00,2022-09-01,13,BIGRIVR_6_N001,BIGRIVR_6_N001,BIGRIVR_6_N001,RTPD,LMP,LMP_PRC,BIGRIVR_6_N001,ALL,1,76.40221,2,1
2022-09-01T20:15:00-00:00,2022-09-01T20:30:00-00:00,2022-09-01,14,BIGRIVR_6_N001,BIGRIVR_6_N001,BIGRIVR_6_N001,RTPD,LMP,LMP_PRC,BIGRIVR_6_N001,ALL,1,114.38657,2,1
2022-09-01T21:15:00-00:00,2022-09-01T21:30:00-00:00,2022-09-01,15,BIGRIVR_6_N001,BIGRIVR_6_N001,BIGRIVR_6_N001,RTPD,LMP,LMP_PRC,BIGRIVR_6_N001,ALL,1,120.99209,2,1
2022-09-01T22:15:00-00:00,2022-09-01T22:30:00-00:00,2022-09-01,16,BIGRIVR_6_N001,BIGRIVR_6_N001,BIGRIVR_6_N001,RTPD,LMP,LMP_PRC,BIGRIVR_6_N001,ALL,1,141.34349,2,1
2022-09-01T23:15:00-00:00,2022-09-01T23:30:00-00:00,2022-09-01,17,BIGRIVR_6_N001,BIGRIVR_6_N001,BIGRIVR_6_N001,RTPD,LMP,LMP_PRC,BIGRIVR_6_N001,ALL,1,268.77295,2,1
2022-09-02T00:15:00-00:00,2022-09-02T00:30:00-00:00,2022-09-01,18,BIGRIVR_6_N001,BIGRIVR_6_N001,BIGRIVR_6_N001,RTPD,LMP,LMP_PRC,BIGRIVR_6_N001,ALL,1,1191.6893,2,1
2022-09-02T01:15:00-00:00,2022-09-02T01:30:00-00:00,2022-09-01,19,BIGRIVR_6_N001,BIGRIVR_6_N001,BIGRIVR_6_N001,RTPD,LMP,LMP_PRC,BIGRIVR_6_N001,ALL,1,1999.9933,2,1
2022-09-02T02:15:00-00:00,2022-09-02T02:30:00-00:00,2022-09-01,20,BIGRIVR_6_N001,BIGRIVR_6_N001,BIGRIVR_6_N001,RTPD,LMP,LMP_PRC,BIGRIVR_6_N001,ALL,1,1991.6721,2,1
2022-09-02T03:15:00-00:00,2022-09-02T03:30:00-00:00,2022-09-01,21,BIGRIVR_6_N001,BIGRIVR_6_N001,BIGRIVR_6_N001,RTPD,LMP,LMP_PRC,BIGRIVR_6_N001,ALL,1,628.98096,2,1
2022-09-02T04:15:00-00:00,2022-09-02T04:30:00-00:00,2022-09-01,22,BIGRIVR_6_N001,BIGRIVR_6_N001,BIGRIVR_6_N001,RTPD,LMP,LMP_PRC,BIGRIVR_6_N001,ALL,1,254.30508,2,1
2022-09-02T05:15:00-00:00,2022-09-02T05:30:00-00:00,2022-09-01,23,BIGRIVR_6_N001,BIGRIVR_6_N001,BIGRIVR_6_N001,RTPD,LMP,LMP_PRC,BIGRIVR_6_N001,ALL,1,167.83543,2,1
2022-09-02T06:15:00-00:00,2022-09-02T06:30:00-00:00,2022-09-01,24,BIGRIVR_6_N001,BIGRIVR_6_N001,BIGRIVR_6_N001,RTPD,LMP,LMP_PRC,BIGRIVR_6_N001,ALL,1,148.10902,2,1
2022-09-01T07:30:00-00:00,2022-09-01T07:45:00-00:00,2022-09-01,01,BIGRIVR_6_N001,BIGRIVR_6_N001,BIGRIVR_6_N001,RTPD,LMP,LMP_PRC,BIGRIVR_6_N001,ALL,1,103.23895,3,1
2022-09-01T08:30:00-00:00,2022-09-01T08:45:00-00:00,2022-09-01,02,BIGRIVR_6_N001,BIGRIVR_6_N001,BIGRIVR_6_N001,RTPD,LMP,LMP_PRC,BIGRIVR_6_N001,ALL,1,113.27826,3,1
2022-09-01T09:30:00-00:00,2022-09-01T09:45:00-00:00,2022-09-01,03,BIGRIVR_6_N001,BIGRIVR_6_N001,BIGRIVR_6_N001,RTPD,LMP,LMP_PRC,BIGRIVR_6_N001,ALL,1,93.29458,3,1
2022-09-01T10:30:00-00:00,2022-09-01T10:45:00-00:00,2022-09-01,04,BIGRIVR_6_N001,BIGRIVR_6_N001,BIGRIVR_6_N001,RTPD,LMP,LMP_PRC,BIGRIVR_6_N001,ALL,1,94.19461,3,1
2022-09-01T11:30:00-00:00,2022-09-01T11:45:00-00:00,2022-09-01,05,BIGRIVR_6_N001,BIGRIVR_6_N001,BIGRIVR_6_N001,RTPD,LMP,LMP_PRC,BIGRIVR_6_N001,ALL,1,103.62882,3,1
2022-09-01T12:30:00-00:00,2022-09-01T12:45:00-00:00,2022-09-01,06,BIGRIVR_6_N001,BIGRIVR_6_N001,BIGRIVR_6_N001,RTPD,LMP,LMP_PRC,BIGRIVR_6_N001,ALL,1,109.33887,3,1
2022-09-01T13:30:00-00:00,2022-09-01T13:45:00-00:00,2022-09-01,07,BIGRIVR_6_N001,BIGRIVR_6_N001,BIGRIVR_6_N001,RTPD,LMP,LMP_PRC,BIGRIVR_6_N001,ALL,1,118.7133,3,1
2022-09-01T14:30:00-00:00,2022-09-01T14:45:00-00:00,2022-09-01,08,BIGRIVR_6_N001,BIGRIVR_6_N001,BIGRIVR_6_N001,RTPD,LMP,LMP_PRC,BIGRIVR_6_N001,ALL,1,107.87305,3,1
2022-09-01T15:30:00-00:00,2022-09-01T15:45:00-00:00,2022-09-01,09,BIGRIVR_6_N001,BIGRIVR_6_N001,BIGRIVR_6_N001,RTPD,LMP,LMP_PRC,BIGRIVR_6_N001,ALL,1,86.1388,3,1
2022-09-01T16:30:00-00:00,2022-09-01T16:45:00-00:00,2022-09-01,10,BIGRIVR_6_N001,BIGRIVR_6_N001,BIGRIVR_6_N001,RTPD,LMP,LMP_PRC,BIGRIVR_6_N001,ALL,1,75.45588,3,1
2022-09-01T17:30:00-00:00,2022-09-01T17:45:00-00:00,2022-09-01,11,BIGRIVR_6_N001,BIGRIVR_6_N001,BIGRIVR_6_N001,RTPD,LMP,LMP_PRC,BIGRIVR_6_N001,ALL,1,79.22915,3,1
2022-09-01T18:30:00-00:00,2022-09-01T18:45:00-00:00,2022-09-01,12,BIGRIVR_6_N001,BIGRIVR_6_N001,BIGRIVR_6_N001,RTPD,LMP,LMP_PRC,BIGRIVR_6_N001,ALL,1,80.05934,3,1
2022-09-01T19:30:00-00:00,2022-09-01T19:45:00-00:00,2022-09-01,13,BIGRIVR_6_N001,BIGRIVR_6_N001,BIGRIVR_6_N001,RTPD,LMP,LMP_PRC,BIGRIVR_6_N001,ALL,1,101.68857,3,1
2022-09-01T20:30:00-00:00,2022-09-01T20:45:00-00:00,2022-09-01,14,BIGRIVR_6_N001,BIGRIVR_6_N001,BIGRIVR_6_N001,RTPD,LMP,LMP_PRC,BIGRIVR_6_N001,ALL,1,117.27733,3,1
2022-09-01T21:30:00-00:00,2022-09-01T21:45:00-00:00,2022-09-01,15,BIGRIVR_6_N001,BIGRIVR_6_N001,BIGRIVR_6_N001,RTPD,LMP,LMP_PRC,BIGRIVR_6_N001,ALL,1,128.84386,3,1
2022-09-01T22:30:00-00:00,2022-09-01T22:45:00-00:00,2022-09-01,16,BIGRIVR_6_N001,BIGRIVR_6_N001,BIGRIVR_6_N001,RTPD,LMP,LMP_PRC,BIGRIVR_6_N001,ALL,1,159.26624,3,1
2022-09-01T23:30:00-00:00,2022-09-01T23:45:00-00:00,2022-09-01,17,BIGRIVR_6_N001,BIGRIVR_6_N001,BIGRIVR_6_N001,RTPD,LMP,LMP_PRC,BIGRIVR_6_N001,ALL,1,566.48157,3,1
2022-09-02T00:30:00-00:00,2022-09-02T00:45:00-00:00,2022-09-01,18,BIGRIVR_6_N001,BIGRIVR_6_N001,BIGRIVR_6_N001,RTPD,LMP,LMP_PRC,BIGRIVR_6_N001,ALL,1,1827.2554,3,1
2022-09-02T01:30:00-00:00,2022-09-02T01:45:00-00:00,2022-09-01,19,BIGRIVR_6_N001,BIGRIVR_6_N001,BIGRIVR_6_N001,RTPD,LMP,LMP_PRC,BIGRIVR_6_N001,ALL,1,1999.9956,3,1
2022-09-02T02:30:00-00:00,2022-09-02T02:45:00-00:00,2022-09-01,20,BIGRIVR_6_N001,BIGRIVR_6_N001,BIGRIVR_6_N001,RTPD,LMP,LMP_PRC,BIGRIVR_6_N001,ALL,1,1991.671,3,1
2022-09-02T03:30:00-00:00,2022-09-02T03:45:00-00:00,2022-09-01,21,BIGRIVR_6_N001,BIGRIVR_6_N001,BIGRIVR_6_N001,RTPD,LMP,LMP_PRC,BIGRIVR_6_N001,ALL,1,253.25105,3,1
2022-09-02T04:30:00-00:00,2022-09-02T04:45:00-00:00,2022-09-01,22,BIGRIVR_6_N001,BIGRIVR_6_N001,BIGRIVR_6_N001,RTPD,LMP,LMP_PRC,BIGRIVR_6_N001,ALL,1,201.2033,3,1
2022-09-02T05:30:00-00:00,2022-09-02T05:45:00-00:00,2022-09-01,23,BIGRIVR_6_N001,BIGRIVR_6_N001,BIGRIVR_6_N001,RTPD,LMP,LMP_PRC,BIGRIVR_6_N001,ALL,1,139.69331,3,1
2022-09-02T06:30:00-00:00,2022-09-02T06:45:00-00:00,2022-09-01,24,BIGRIVR_6_N001,BIGRIVR_6_N001,BIGRIVR_6_N001,RTPD,LMP,LMP_PRC,BIGRIVR_6_N001,ALL,1,134.1982,3,1
2022-09-01T07:45:00-00:00,2022-09-01T08:00:00-00:00,2022-09-01,01,BIGRIVR_6_N001,BIGRIVR_6_N001,BIGRIVR_6_N001,RTPD,LMP,LMP_PRC,BIGRIVR_6_N001,ALL,1,91.11949,4,1
2022-09-01T08:45:00-00:00,2022-09-01T09:00:00-00:00,2022-09-01,02,BIGRIVR_6_N001,BIGRIVR_6_N001,BIGRIVR_6_N001,RTPD,LMP,LMP_PRC,BIGRIVR_6_N001,ALL,1,94.96304,4,1
2022-09-01T09:45:00-00:00,2022-09-01T10:00:00-00:00,2022-09-01,03,BIGRIVR_6_N001,BIGRIVR_6_N001,BIGRIVR_6_N001,RTPD,LMP,LMP_PRC,BIGRIVR_6_N001,ALL,1,92.22333,4,1
2022-09-01T10:45:00-00:00,2022-09-01T11:00:00-00:00,2022-09-01,04,BIGRIVR_6_N001,BIGRIVR_6_N001,BIGRIVR_6_N001,RTPD,LMP,LMP_PRC,BIGRIVR_6_N001,ALL,1,93.19573,4,1
2022-09-01T11:45:00-00:00,2022-09-01T12:00:00-00:00,2022-09-01,05,BIGRIVR_6_N001,BIGRIVR_6_N001,BIGRIVR_6_N001,RTPD,LMP,LMP_PRC,BIGRIVR_6_N001,ALL,1,107.01,4,1
2022-09-01T12:45:00-00:00,2022-09-01T13:00:00-00:00,2022-09-01,06,BIGRIVR_6_N001,BIGRIVR_6_N001,BIGRIVR_6_N001,RTPD,LMP,LMP_PRC,BIGRIVR_6_N001,ALL,1,114.18961,4,1
2022-09-01T13:45:00-00:00,2022-09-01T14:00:00-00:00,2022-09-01,07,BIGRIVR_6_N001,BIGRIVR_6_N001,BIGRIVR_6_N001,RTPD,LMP,LMP_PRC,BIGRIVR_6_N001,ALL,1,111.41,4,1
2022-09-01T14:45:00-00:00,2022-09-01T15:00:00-00:00,2022-09-01,08,BIGRIVR_6_N001,BIGRIVR_6_N001,BIGRIVR_6_N001,RTPD,LMP,LMP_PRC,BIGRIVR_6_N001,ALL,1,86.1388,4,1
2022-09-01T15:45:00-00:00,2022-09-01T16:00:00-00:00,2022-09-01,09,BIGRIVR_6_N001,BIGRIVR_6_N001,BIGRIVR_6_N001,RTPD,LMP,LMP_PRC,BIGRIVR_6_N001,ALL,1,78.70076,4,1
2022-09-01T16:45:00-00:00,2022-09-01T17:00:00-00:00,2022-09-01,10,BIGRIVR_6_N001,BIGRIVR_6_N001,BIGRIVR_6_N001,RTPD,LMP,LMP_PRC,BIGRIVR_6_N001,ALL,1,79.16682,4,1
2022-09-01T17:45:00-00:00,2022-09-01T18:00:00-00:00,2022-09-01,11,BIGRIVR_6_N001,BIGRIVR_6_N001,BIGRIVR_6_N001,RTPD,LMP,LMP_PRC,BIGRIVR_6_N001,ALL,1,79.50257,4,1
2022-09-01T18:45:00-00:00,2022-09-01T19:00:00-00:00,2022-09-01,12,BIGRIVR_6_N001,BIGRIVR_6_N001,BIGRIVR_6_N001,RTPD,LMP,LMP_PRC,BIGRIVR_6_N001,ALL,1,82.14614,4,1
2022-09-01T19:45:00-00:00,2022-09-01T20:00:00-00:00,2022-09-01,13,BIGRIVR_6_N001,BIGRIVR_6_N001,BIGRIVR_6_N001,RTPD,LMP,LMP_PRC,BIGRIVR_6_N001,ALL,1,106.82305,4,1
2022-09-01T20:45:00-00:00,2022-09-01T21:00:00-00:00,2022-09-01,14,BIGRIVR_6_N001,BIGRIVR_6_N001,BIGRIVR_6_N001,RTPD,LMP,LMP_PRC,BIGRIVR_6_N001,ALL,1,126.2952,4,1
2022-09-01T21:45:00-00:00,2022-09-01T22:00:00-00:00,2022-09-01,15,BIGRIVR_6_N001,BIGRIVR_6_N001,BIGRIVR_6_N001,RTPD,LMP,LMP_PRC,BIGRIVR_6_N001,ALL,1,212.78531,4,1
2022-09-01T22:45:00-00:00,2022-09-01T23:00:00-00:00,2022-09-01,16,BIGRIVR_6_N001,BIGRIVR_6_N001,BIGRIVR_6_N001,RTPD,LMP,LMP_PRC,BIGRIVR_6_N001,ALL,1,178.23206,4,1
2022-09-01T23:45:00-00:00,2022-09-02T00:00:00-00:00,2022-09-01,17,BIGRIVR_6_N001,BIGRIVR_6_N001,BIGRIVR_6_N001,RTPD,LMP,LMP_PRC,BIGRIVR_6_N001,ALL,1,1691.607,4,1
2022-09-02T00:45:00-00:00,2022-09-02T01:00:00-00:00,2022-09-01,18,BIGRIVR_6_N001,BIGRIVR_6_N001,BIGRIVR_6_N001,RTPD,LMP,LMP_PRC,BIGRIVR_6_N001,ALL,1,1831.5153,4,1
2022-09-02T01:45:00-00:00,2022-09-02T02:00:00-00:00,2022-09-01,19,BIGRIVR_6_N001,BIGRIVR_6_N001,BIGRIVR_6_N001,RTPD,LMP,LMP_PRC,BIGRIVR_6_N001,ALL,1,1991.9337,4,1
2022-09-02T02:45:00-00:00,2022-09-02T03:00:00-00:00,2022-09-01,20,BIGRIVR_6_N001,BIGRIVR_6_N001,BIGRIVR_6_N001,RTPD,LMP,LMP_PRC,BIGRIVR_6_N001,ALL,1,2202.8335,4,1
2022-09-02T03:45:00-00:00,2022-09-02T04:00:00-00:00,2022-09-01,21,BIGRIVR_6_N001,BIGRIVR_6_N001,BIGRIVR_6_N001,RTPD,LMP,LMP_PRC,BIGRIVR_6_N001,ALL,1,181.26146,4,1
2022-09-02T04:45:00-00:00,2022-09-02T05:00:00-00:00,2022-09-01,22,BIGRIVR_6_N001,BIGRIVR_6_N001,BIGRIVR_6_N001,RTPD,LMP,LMP_PRC,BIGRIVR_6_N001,ALL,1,140.65703,4,1
2022-09-02T05:45:00-00:00,2022-09-02T06:00:00-00:00,2022-09-01,23,BIGRIVR_6_N001,BIGRIVR_6_N001,BIGRIVR_6_N001,RTPD,LMP,LMP_PRC,BIGRIVR_6_N001,ALL,1,119.76144,4,1
2022-09-02T06:45:00-00:00,2022-09-02T07:00:00-00:00,2022-09-01,24,BIGRIVR_6_N001,BIGRIVR_6_N001,BIGRIVR_6_N001,RTPD,LMP,LMP_PRC,BIGRIVR_6_N001,ALL,1,113.64781,4,1
2022-09-01T07:00:00-00:00,2022-09-01T07:15:00-00:00,2022-09-01,01,BIGRIVR_6_N001,BIGRIVR_6_N001,BIGRIVR_6_N001,RTPD,MCC,LMP_CONG_PRC,BIGRIVR_6_N001,ALL,1,-14.51045,1,2
2022-09-01T08:00:00-00:00,2022-09-01T08:15:00-00:00,2022-09-01,02,BIGRIVR_6_N001,BIGRIVR_6_N001,BIGRIVR_6_N001,RTPD,MCC,LMP_CONG_PRC,BIGRIVR_6_N001,ALL,1,-3.25926,1,2
2022-09-01T09:00:00-00:00,2022-09-01T09:15:00-00:00,2022-09-01,03,BIGRIVR_6_N001,BIGRIVR_6_N001,BIGRIVR_6_N001,RTPD,MCC,LMP_CONG_PRC,BIGRIVR_6_N001,ALL,1,-4.37718,1,2
2022-09-01T10:00:00-00:00,2022-09-01T10:15:00-00:00,2022-09-01,04,BIGRIVR_6_N001,BIGRIVR_6_N001,BIGRIVR_6_N001,RTPD,MCC,LMP_CONG_PRC,BIGRIVR_6_N001,ALL,1,-3.80291,1,2
2022-09-01T11:00:00-00:00,2022-09-01T11:15:00-00:00,2022-09-01,05,BIGRIVR_6_N001,BIGRIVR_6_N001,BIGRIVR_6_N001,RTPD,MCC,LMP_CONG_PRC,BIGRIVR_6_N001,ALL,1,0,1,2
2022-09-01T12:00:00-00:00,2022-09-01T12:15:00-00:00,2022-09-01,06,BIGRIVR_6_N001,BIGRIVR_6_N001,BIGRIVR_6_N001,RTPD,MCC,LMP_CONG_PRC,BIGRIVR_6_N001,ALL,1,-9.74189,1,2
2022-09-01T13:00:00-00:00,2022-09-01T13:15:00-00:00,2022-09-01,07,BIGRIVR_6_N001,BIGRIVR_6_N001,BIGRIVR_6_N001,RTPD,MCC,LMP_CONG_PRC,BIGRIVR_6_N001,ALL,1,-12.88182,1,2
2022-09-01T14:00:00-00:00,2022-09-01T14:15:00-00:00,2022-09-01,08,BIGRIVR_6_N001,BIGRIVR_6_N001,BIGRIVR_6_N001,RTPD,MCC,LMP_CONG_PRC,BIGRIVR_6_N001,ALL,1,0,1,2
2022-09-01T15:00:00-00:00,2022-09-01T15:15:00-00:00,2022-09-01,09,BIGRIVR_6_N001,BIGRIVR_6_N001,BIGRIVR_6_N001,RTPD,MCC,LMP_CONG_PRC,BIGRIVR_6_N001,ALL,1,0,1,2
2022-09-01T16:00:00-00:00,2022-09-01T16:15:00-00:00,2022-09-01,10,BIGRIVR_6_N001,BIGRIVR_6_N001,BIGRIVR_6_N001,RTPD,MCC,LMP_CONG_PRC,BIGRIVR_6_N001,ALL,1,0,1,2
2022-09-01T17:00:00-00:00,2022-09-01T17:15:00-00:00,2022-09-01,11,BIGRIVR_6_N001,BIGRIVR_6_N001,BIGRIVR_6_N001,RTPD,MCC,LMP_CONG_PRC,BIGRIVR_6_N001,ALL,1,-16.27566,1,2
2022-09-01T18:00:00-00:00,2022-09-01T18:15:00-00:00,2022-09-01,12,BIGRIVR_6_N001,BIGRIVR_6_N001,BIGRIVR_6_N001,RTPD,MCC,LMP_CONG_PRC,BIGRIVR_6_N001,ALL,1,-31.61683,1,2
2022-09-01T19:00:00-00:00,2022-09-01T19:15:00-00:00,2022-09-01,13,BIGRIVR_6_N001,BIGRIVR_6_N001,BIGRIVR_6_N001,RTPD,MCC,LMP_CONG_PRC,BIGRIVR_6_N001,ALL,1,-34.911,1,2
2022-09-01T20:00:00-00:00,2022-09-01T20:15:00-00:00,2022-09-01,14,BIGRIVR_6_N001,BIGRIVR_6_N001,BIGRIVR_6_N001,RTPD,MCC,LMP_CONG_PRC,BIGRIVR_6_N001,ALL,1,-3.45094,1,2
2022-09-01T21:00:00-00:00,2022-09-01T21:15:00-00:00,2022-09-01,15,BIGRIVR_6_N001,BIGRIVR_6_N001,BIGRIVR_6_N001,RTPD,MCC,LMP_CONG_PRC,BIGRIVR_6_N001,ALL,1,-97.01833,1,2
2022-09-01T22:00:00-00:00,2022-09-01T22:15:00-00:00,2022-09-01,16,BIGRIVR_6_N001,BIGRIVR_6_N001,BIGRIVR_6_N001,RTPD,MCC,LMP_CONG_PRC,BIGRIVR_6_N001,ALL,1,-105.47925,1,2
2022-09-01T23:00:00-00:00,2022-09-01T23:15:00-00:00,2022-09-01,17,BIGRIVR_6_N001,BIGRIVR_6_N001,BIGRIVR_6_N001,RTPD,MCC,LMP_CONG_PRC,BIGRIVR_6_N001,ALL,1,-163.83266,1,2
2022-09-02T00:00:00-00:00,2022-09-02T00:15:00-00:00,2022-09-01,18,BIGRIVR_6_N001,BIGRIVR_6_N001,BIGRIVR_6_N001,RTPD,MCC,LMP_CONG_PRC,BIGRIVR_6_N001,ALL,1,359.94803,1,2
2022-09-02T01:00:00-00:00,2022-09-02T01:15:00-00:00,2022-09-01,19,BIGRIVR_6_N001,BIGRIVR_6_N001,BIGRIVR_6_N001,RTPD,MCC,LMP_CONG_PRC,BIGRIVR_6_N001,ALL,1,360.19745,1,2
2022-09-02T02:00:00-00:00,2022-09-02T02:15:00-00:00,2022-09-01,20,BIGRIVR_6_N001,BIGRIVR_6_N001,BIGRIVR_6_N001,RTPD,MCC,LMP_CONG_PRC,BIGRIVR_6_N001,ALL,1,0,1,2
2022-09-02T03:00:00-00:00,2022-09-02T03:15:00-00:00,2022-09-01,21,BIGRIVR_6_N001,BIGRIVR_6_N001,BIGRIVR_6_N001,RTPD,MCC,LMP_CONG_PRC,BIGRIVR_6_N001,ALL,1,447.3413,1,2
2022-09-02T04:00:00-00:00,2022-09-02T04:15:00-00:00,2022-09-01,22,BIGRIVR_6_N001,BIGRIVR_6_N001,BIGRIVR_6_N001,RTPD,MCC,LMP_CONG_PRC,BIGRIVR_6_N001,ALL,1,0,1,2
2022-09-02T05:00:00-00:00,2022-09-02T05:15:00-00:00,2022-09-01,23,BIGRIVR_6_N001,BIGRIVR_6_N001,BIGRIVR_6_N001,RTPD,MCC,LMP_CONG_PRC,BIGRIVR_6_N001,ALL,1,0,1,2
2022-09-02T06:00:00-00:00,2022-09-02T06:15:00-00:00,2022-09-01,24,BIGRIVR_6_N001,BIGRIVR_6_N001,BIGRIVR_6_N001,RTPD,MCC,LMP_CONG_PRC,BIGRIVR_6_N001,ALL,1,0,1,2
2022-09-01T07:15:00-00:00,2022-09-01T07:30:00-00:00,2022-09-01,01,BIGRIVR_6_N001,BIGRIVR_6_N001,BIGRIVR_6_N001,RTPD,MCC,LMP_CONG_PRC,BIGRIVR_6_N001,ALL,1,-9.77392,2,2
2022-09-01T08:15:00-00:00,2022-09-01T08:30:00-00:00,2022-09-01,02,BIGRIVR_6_N001,BIGRIVR_6_N001,BIGRIVR_6_N001,RTPD,MCC,LMP_CONG_PRC,BIGRIVR_6_N001,ALL,1,-0.89169,2,2
2022-09-01T09:15:00-00:00,2022-09-01T09:30:00-00:00,2022-09-01,03,BIGRIVR_6_N001,BIGRIVR_6_N001,BIGRIVR_6_N001,RTPD,MCC,LMP_CONG_PRC,BIGRIVR_6_N001,ALL,1,-5.76706,2,2
2022-09-01T10:15:00-00:00,2022-09-01T10:30:00-00:00,2022-09-01,04,BIGRIVR_6_N001,BIGRIVR_6_N001,BIGRIVR_6_N001,RTPD,MCC,LMP_CONG_PRC,BIGRIVR_6_N001,ALL,1,-5.38107,2,2
2022-09-01T11:15:00-00:00,2022-09-01T11:30:00-00:00,2022-09-01,05,BIGRIVR_6_N001,BIGRIVR_6_N001,BIGRIVR_6_N001,RTPD,MCC,LMP_CONG_PRC,BIGRIVR_6_N001,ALL,1,0,2,2
2022-09-01T12:15:00-00:00,2022-09-01T12:30:00-00:00,2022-09-01,06,BIGRIVR_6_N001,BIGRIVR_6_N001,BIGRIVR_6_N001,RTPD,MCC,LMP_CONG_PRC,BIGRIVR_6_N001,ALL,1,-5.95528,2,2
2022-09-01T13:15:00-00:00,2022-09-01T13:30:00-00:00,2022-09-01,07,BIGRIVR_6_N001,BIGRIVR_6_N001,BIGRIVR_6_N001,RTPD,MCC,LMP_CONG_PRC,BIGRIVR_6_N001,ALL,1,-0.55281,2,2
2022-09-01T14:15:00-00:00,2022-09-01T14:30:00-00:00,2022-09-01,08,BIGRIVR_6_N001,BIGRIVR_6_N001,BIGRIVR_6_N001,RTPD,MCC,LMP_CONG_PRC,BIGRIVR_6_N001,ALL,1,0,2,2
2022-09-01T15:15:00-00:00,2022-09-01T15:30:00-00:00,2022-09-01,09,BIGRIVR_6_N001,BIGRIVR_6_N001,BIGRIVR_6_N001,RTPD,MCC,LMP_CONG_PRC,BIGRIVR_6_N001,ALL,1,0,2,2
2022-09-01T16:15:00-00:00,2022-09-01T16:30:00-00:00,2022-09-01,10,BIGRIVR_6_N001,BIGRIVR_6_N001,BIGRIVR_6_N001,RTPD,MCC,LMP_CONG_PRC,BIGRIVR_6_N001,ALL,1,-1.593,2,2
2022-09-01T17:15:00-00:00,2022-09-01T17:30:00-00:00,2022-09-01,11,BIGRIVR_6_N001,BIGRIVR_6_N001,BIGRIVR_6_N001,RTPD,MCC,LMP_CONG_PRC,BIGRIVR_6_N001,ALL,1,-19.82532,2,2
2022-09-01T18:15:00-00:00,2022-09-01T18:30:00-00:00,2022-09-01,12,BIGRIVR_6_N001,BIGRIVR_6_N001,BIGRIVR_6_N001,RTPD,MCC,LMP_CONG_PRC,BIGRIVR_6_N001,ALL,1,-25.88639,2,2
2022-09-01T19:15:00-00:00,2022-09-01T19:30:00-00:00,2022-09-01,13,BIGRIVR_6_N001,BIGRIVR_6_N001,BIGRIVR_6_N001,RTPD,MCC,LMP_CONG_PRC,BIGRIVR_6_N001,ALL,1,-28.90366,2,2
2022-09-01T20:15:00-00:00,2022-09-01T20:30:00-00:00,2022-09-01,14,BIGRIVR_6_N001,BIGRIVR_6_N001,BIGRIVR_6_N001,RTPD,MCC,LMP_CONG_PRC,BIGRIVR_6_N001,ALL,1,-3.10764,2,2
2022-09-01T21:15:00-00:00,2022-09-01T21:30:00-00:00,2022-09-01,15,BIGRIVR_6_N001,BIGRIVR_6_N001,BIGRIVR_6_N001,RTPD,MCC,LMP_CONG_PRC,BIGRIVR_6_N001,ALL,1,-26.21976,2,2
2022-09-01T22:15:00-00:00,2022-09-01T22:30:00-00:00,2022-09-01,16,BIGRIVR_6_N001,BIGRIVR_6_N001,BIGRIVR_6_N001,RTPD,MCC,LMP_CONG_PRC,BIGRIVR_6_N001,ALL,1,-115.24384,2,2
2022-09-01T23:15:00-00:00,2022-09-01T23:30:00-00:00,2022-09-01,17,BIGRIVR_6_N001,BIGRIVR_6_N001,BIGRIVR_6_N001,RTPD,MCC,LMP_CONG_PRC,BIGRIVR_6_N001,ALL,1,-93.35114,2,2
2022-09-02T00:15:00-00:00,2022-09-02T00:30:00-00:00,2022-09-01,18,BIGRIVR_6_N001,BIGRIVR_6_N001,BIGRIVR_6_N001,RTPD,MCC,LMP_CONG_PRC,BIGRIVR_6_N001,ALL,1,350.33853,2,2
2022-09-02T01:15:00-00:00,2022-09-02T01:30:00-00:00,2022-09-01,19,BIGRIVR_6_N001,BIGRIVR_6_N001,BIGRIVR_6_N001,RTPD,MCC,LMP_CONG_PRC,BIGRIVR_6_N001,ALL,1,0,2,2
2022-09-02T02:15:00-00:00,2022-09-02T02:30:00-00:00,2022-09-01,20,BIGRIVR_6_N001,BIGRIVR_6_N001,BIGRIVR_6_N001,RTPD,MCC,LMP_CONG_PRC,BIGRIVR_6_N001,ALL,1,0,2,2
2022-09-02T03:15:00-00:00,2022-09-02T03:30:00-00:00,2022-09-01,21,BIGRIVR_6_N001,BIGRIVR_6_N001,BIGRIVR_6_N001,RTPD,MCC,LMP_CONG_PRC,BIGRIVR_6_N001,ALL,1,156.75743,2,2
2022-09-02T04:15:00-00:00,2022-09-02T04:30:00-00:00,2022-09-01,22,BIGRIVR_6_N001,BIGRIVR_6_N001,BIGRIVR_6_N001,RTPD,MCC,LMP_CONG_PRC,BIGRIVR_6_N001,ALL,1,0,2,2
2022-09-02T05:15:00-00:00,2022-09-02T05:30:00-00:00,2022-09-01,23,BIGRIVR_6_N001,BIGRIVR_6_N001,BIGRIVR_6_N001,RTPD,MCC,LMP_CONG_PRC,BIGRIVR_6_N001,ALL,1,0,2,2
2022-09-02T06:15:00-00:00,2022-09-02T06:30:00-00:00,2022-09-01,24,BIGRIVR_6_N001,BIGRIVR_6_N001,BIGRIVR_6_N001,RTPD,MCC,LMP_CONG_PRC,BIGRIVR_6_N001,ALL,1,0,2,2
2022-09-01T07:30:00-00:00,2022-09-01T07:45:00-00:00,2022-09-01,01,BIGRIVR_6_N001,BIGRIVR_6_N001,BIGRIVR_6_N001,RTPD,MCC,LMP_CONG_PRC,BIGRIVR_6_N001,ALL,1,-15.79301,3,2
2022-09-01T08:30:00-00:00,2022-09-01T08:45:00-00:00,2022-09-01,02,BIGRIVR_6_N001,BIGRIVR_6_N001,BIGRIVR_6_N001,RTPD,MCC,LMP_CONG_PRC,BIGRIVR_6_N001,ALL,1,-0.00084,3,2
2022-09-01T09:30:00-00:00,2022-09-01T09:45:00-00:00,2022-09-01,03,BIGRIVR_6_N001,BIGRIVR_6_N001,BIGRIVR_6_N001,RTPD,MCC,LMP_CONG_PRC,BIGRIVR_6_N001,ALL,1,-5.70208,3,2
2022-09-01T10:30:00-00:00,2022-09-01T10:45:00-00:00,2022-09-01,04,BIGRIVR_6_N001,BIGRIVR_6_N001,BIGRIVR_6_N001,RTPD,MCC,LMP_CONG_PRC,BIGRIVR_6_N001,ALL,1,-3.03491,3,2
2022-09-01T11:30:00-00:00,2022-09-01T11:45:00-00:00,2022-09-01,05,BIGRIVR_6_N001,BIGRIVR_6_N001,BIGRIVR_6_N001,RTPD,MCC,LMP_CONG_PRC,BIGRIVR_6_N001,ALL,1,0,3,2
2022-09-01T12:30:00-00:00,2022-09-01T12:45:00-00:00,2022-09-01,06,BIGRIVR_6_N001,BIGRIVR_6_N001,BIGRIVR_6_N001,RTPD,MCC,LMP_CONG_PRC,BIGRIVR_6_N001,ALL,1,-10.31137,3,2
2022-09-01T13:30:00-00:00,2022-09-01T13:45:00-00:00,2022-09-01,07,BIGRIVR_6_N001,BIGRIVR_6_N001,BIGRIVR_6_N001,RTPD,MCC,LMP_CONG_PRC,BIGRIVR_6_N001,ALL,1,0,3,2
2022-09-01T14:30:00-00:00,2022-09-01T14:45:00-00:00,2022-09-01,08,BIGRIVR_6_N001,BIGRIVR_6_N001,BIGRIVR_6_N001,RTPD,MCC,LMP_CONG_PRC,BIGRIVR_6_N001,ALL,1,0,3,2
2022-09-01T15:30:00-00:00,2022-09-01T15:45:00-00:00,2022-09-01,09,BIGRIVR_6_N001,BIGRIVR_6_N001,BIGRIVR_6_N001,RTPD,MCC,LMP_CONG_PRC,BIGRIVR_6_N001,ALL,1,0,3,2
2022-09-01T16:30:00-00:00,2022-09-01T16:45:00-00:00,2022-09-01,10,BIGRIVR_6_N001,BIGRIVR_6_N001,BIGRIVR_6_N001,RTPD,MCC,LMP_CONG_PRC,BIGRIVR_6_N001,ALL,1,-13.34056,3,2
2022-09-01T17:30:00-00:00,2022-09-01T17:45:00-00:00,2022-09-01,11,BIGRIVR_6_N001,BIGRIVR_6_N001,BIGRIVR_6_N001,RTPD,MCC,LMP_CONG_PRC,BIGRIVR_6_N001,ALL,1,-19.90098,3,2
2022-09-01T18:30:00-00:00,2022-09-01T18:45:00-00:00,2022-09-01,12,BIGRIVR_6_N001,BIGRIVR_6_N001,BIGRIVR_6_N001,RTPD,MCC,LMP_CONG_PRC,BIGRIVR_6_N001,ALL,1,-26.99783,3,2
2022-09-01T19:30:00-00:00,2022-09-01T19:45:00-00:00,2022-09-01,13,BIGRIVR_6_N001,BIGRIVR_6_N001,BIGRIVR_6_N001,RTPD,MCC,LMP_CONG_PRC,BIGRIVR_6_N001,ALL,1,-12.37048,3,2
2022-09-01T20:30:00-00:00,2022-09-01T20:45:00-00:00,2022-09-01,14,BIGRIVR_6_N001,BIGRIVR_6_N001,BIGRIVR_6_N001,RTPD,MCC,LMP_CONG_PRC,BIGRIVR_6_N001,ALL,1,-12.53872,3,2
2022-09-01T21:30:00-00:00,2022-09-01T21:45:00-00:00,2022-09-01,15,BIGRIVR_6_N001,BIGRIVR_6_N001,BIGRIVR_6_N001,RTPD,MCC,LMP_CONG_PRC,BIGRIVR_6_N001,ALL,1,-24.08671,3,2
2022-09-01T22:30:00-00:00,2022-09-01T22:45:00-00:00,2022-09-01,16,BIGRIVR_6_N001,BIGRIVR_6_N001,BIGRIVR_6_N001,RTPD,MCC,LMP_CONG_PRC,BIGRIVR_6_N001,ALL,1,-123.91557,3,2
2022-09-01T23:30:00-00:00,2022-09-01T23:45:00-00:00,2022-09-01,17,BIGRIVR_6_N001,BIGRIVR_6_N001,BIGRIVR_6_N001,RTPD,MCC,LMP_CONG_PRC,BIGRIVR_6_N001,ALL,1,0,3,2
2022-09-02T00:30:00-00:00,2022-09-02T00:45:00-00:00,2022-09-01,18,BIGRIVR_6_N001,BIGRIVR_6_N001,BIGRIVR_6_N001,RTPD,MCC,LMP_CONG_PRC,BIGRIVR_6_N001,ALL,1,498.14276,3,2
2022-09-02T01:30:00-00:00,2022-09-02T01:45:00-00:00,2022-09-01,19,BIGRIVR_6_N001,BIGRIVR_6_N001,BIGRIVR_6_N001,RTPD,MCC,LMP_CONG_PRC,BIGRIVR_6_N001,ALL,1,0,3,2
2022-09-02T02:30:00-00:00,2022-09-02T02:45:00-00:00,2022-09-01,20,BIGRIVR_6_N001,BIGRIVR_6_N001,BIGRIVR_6_N001,RTPD,MCC,LMP_CONG_PRC,BIGRIVR_6_N001,ALL,1,0,3,2
2022-09-02T03:30:00-00:00,2022-09-02T03:45:00-00:00,2022-09-01,21,BIGRIVR_6_N001,BIGRIVR_6_N001,BIGRIVR_6_N001,RTPD,MCC,LMP_CONG_PRC,BIGRIVR_6_N001,ALL,1,35.11303,3,2
2022-09-02T04:30:00-00:00,2022-09-02T04:45:00-00:00,2022-09-01,22,BIGRIVR_6_N001,BIGRIVR_6_N001,BIGRIVR_6_N001,RTPD,MCC,LMP_CONG_PRC,BIGRIVR_6_N001,ALL,1,0,3,2
2022-09-02T05:30:00-00:00,2022-09-02T05:45:00-00:00,2022-09-01,23,BIGRIVR_6_N001,BIGRIVR_6_N001,BIGRIVR_6_N001,RTPD,MCC,LMP_CONG_PRC,BIGRIVR_6_N001,ALL,1,0,3,2
2022-09-02T06:30:00-00:00,2022-09-02T06:45:00-00:00,2022-09-01,24,BIGRIVR_6_N001,BIGRIVR_6_N001,BIGRIVR_6_N001,RTPD,MCC,LMP_CONG_PRC,BIGRIVR_6_N001,ALL,1,0,3,2
2022-09-01T07:45:00-00:00,2022-09-01T08:00:00-00:00,2022-09-01,01,BIGRIVR_6_N001,BIGRIVR_6_N001,BIGRIVR_6_N001,RTPD,MCC,LMP_CONG_PRC,BIGRIVR_6_N001,ALL,1,-18.00149,4,2
2022-09-01T08:45:00-00:00,2022-09-01T09:00:00-00:00,2022-09-01,02,BIGRIVR_6_N001,BIGRIVR_6_N001,BIGRIVR_6_N001,RTPD,MCC,LMP_CONG_PRC,BIGRIVR_6_N001,ALL,1,-4.40456,4,2
2022-09-01T09:45:00-00:00,2022-09-01T10:00:00-00:00,2022-09-01,03,BIGRIVR_6_N001,BIGRIVR_6_N001,BIGRIVR_6_N001,RTPD,MCC,LMP_CONG_PRC,BIGRIVR_6_N001,ALL,1,-5.08641,4,2
2022-09-01T10:45:00-00:00,2022-09-01T11:00:00-00:00,2022-09-01,04,BIGRIVR_6_N001,BIGRIVR_6_N001,BIGRIVR_6_N001,RTPD,MCC,LMP_CONG_PRC,BIGRIVR_6_N001,ALL,1,-1.19241,4,2
2022-09-01T11:45:00-00:00,2022-09-01T12:00:00-00:00,2022-09-01,05,BIGRIVR_6_N001,BIGRIVR_6_N001,BIGRIVR_6_N001,RTPD,MCC,LMP_CONG_PRC,BIGRIVR_6_N001,ALL,1,0,4,2
2022-09-01T12:45:00-00:00,2022-09-01T13:00:00-00:00,2022-09-01,06,BIGRIVR_6_N001,BIGRIVR_6_N001,BIGRIVR_6_N001,RTPD,MCC,LMP_CONG_PRC,BIGRIVR_6_N001,ALL,1,-2.29519,4,2
2022-09-01T13:45:00-00:00,2022-09-01T14:00:00-00:00,2022-09-01,07,BIGRIVR_6_N001,BIGRIVR_6_N001,BIGRIVR_6_N001,RTPD,MCC,LMP_CONG_PRC,BIGRIVR_6_N001,ALL,1,0,4,2
2022-09-01T14:45:00-00:00,2022-09-01T15:00:00-00:00,2022-09-01,08,BIGRIVR_6_N001,BIGRIVR_6_N001,BIGRIVR_6_N001,RTPD,MCC,LMP_CONG_PRC,BIGRIVR_6_N001,ALL,1,0,4,2
2022-09-01T15:45:00-00:00,2022-09-01T16:00:00-00:00,2022-09-01,09,BIGRIVR_6_N001,BIGRIVR_6_N001,BIGRIVR_6_N001,RTPD,MCC,LMP_CONG_PRC,BIGRIVR_6_N001,ALL,1,0,4,2
2022-09-01T16:45:00-00:00,2022-09-01T17:00:00-00:00,2022-09-01,10,BIGRIVR_6_N001,BIGRIVR_6_N001,BIGRIVR_6_N001,RTPD,MCC,LMP_CONG_PRC,BIGRIVR_6_N001,ALL,1,-12.08251,4,2
2022-09-01T17:45:00-00:00,2022-09-01T18:00:00-00:00,2022-09-01,11,BIGRIVR_6_N001,BIGRIVR_6_N001,BIGRIVR_6_N001,RTPD,MCC,LMP_CONG_PRC,BIGRIVR_6_N001,ALL,1,-19.70286,4,2
2022-09-01T18:45:00-00:00,2022-09-01T19:00:00-00:00,2022-09-01,12,BIGRIVR_6_N001,BIGRIVR_6_N001,BIGRIVR_6_N001,RTPD,MCC,LMP_CONG_PRC,BIGRIVR_6_N001,ALL,1,-26.8945,4,2
2022-09-01T19:45:00-00:00,2022-09-01T20:00:00-00:00,2022-09-01,13,BIGRIVR_6_N001,BIGRIVR_6_N001,BIGRIVR_6_N001,RTPD,MCC,LMP_CONG_PRC,BIGRIVR_6_N001,ALL,1,-13.40186,4,2
2022-09-01T20:45:00-00:00,2022-09-01T21:00:00-00:00,2022-09-01,14,BIGRIVR_6_N001,BIGRIVR_6_N001,BIGRIVR_6_N001,RTPD,MCC,LMP_CONG_PRC,BIGRIVR_6_N001,ALL,1,-27.7299,4,2
2022-09-01T21:45:00-00:00,2022-09-01T22:00:00-00:00,2022-09-01,15,BIGRIVR_6_N001,BIGRIVR_6_N001,BIGRIVR_6_N001,RTPD,MCC,LMP_CONG_PRC,BIGRIVR_6_N001,ALL,1,-87.50845,4,2
2022-09-01T22:45:00-00:00,2022-09-01T23:00:00-00:00,2022-09-01,16,BIGRIVR_6_N001,BIGRIVR_6_N001,BIGRIVR_6_N001,RTPD,MCC,LMP_CONG_PRC,BIGRIVR_6_N001,ALL,1,-251.68164,4,2
2022-09-01T23:45:00-00:00,2022-09-02T00:00:00-00:00,2022-09-01,17,BIGRIVR_6_N001,BIGRIVR_6_N001,BIGRIVR_6_N001,RTPD,MCC,LMP_CONG_PRC,BIGRIVR_6_N001,ALL,1,430.3946,4,2
2022-09-02T00:45:00-00:00,2022-09-02T01:00:00-00:00,2022-09-01,18,BIGRIVR_6_N001,BIGRIVR_6_N001,BIGRIVR_6_N001,RTPD,MCC,LMP_CONG_PRC,BIGRIVR_6_N001,ALL,1,312.36624,4,2
2022-09-02T01:45:00-00:00,2022-09-02T02:00:00-00:00,2022-09-01,19,BIGRIVR_6_N001,BIGRIVR_6_N001,BIGRIVR_6_N001,RTPD,MCC,LMP_CONG_PRC,BIGRIVR_6_N001,ALL,1,0,4,2
2022-09-02T02:45:00-00:00,2022-09-02T03:00:00-00:00,2022-09-01,20,BIGRIVR_6_N001,BIGRIVR_6_N001,BIGRIVR_6_N001,RTPD,MCC,LMP_CONG_PRC,BIGRIVR_6_N001,ALL,1,142.82927,4,2
2022-09-02T03:45:00-00:00,2022-09-02T04:00:00-00:00,2022-09-01,21,BIGRIVR_6_N001,BIGRIVR_6_N001,BIGRIVR_6_N001,RTPD,MCC,LMP_CONG_PRC,BIGRIVR_6_N001,ALL,1,20.44994,4,2
2022-09-02T04:45:00-00:00,2022-09-02T05:00:00-00:00,2022-09-01,22,BIGRIVR_6_N001,BIGRIVR_6_N001,BIGRIVR_6_N001,RTPD,MCC,LMP_CONG_PRC,BIGRIVR_6_N001,ALL,1,0,4,2
2022-09-02T05:45:00-00:00,2022-09-02T06:00:00-00:00,2022-09-01,23,BIGRIVR_6_N001,BIGRIVR_6_N001,BIGRIVR_6_N001,RTPD,MCC,LMP_CONG_PRC,BIGRIVR_6_N001,ALL,1,-5.18672,4,2
2022-09-02T06:45:00-00:00,2022-09-02T07:00:00-00:00,2022-09-01,24,BIGRIVR_6_N001,BIGRIVR_6_N001,BIGRIVR_6_N001,RTPD,MCC,LMP_CONG_PRC,BIGRIVR_6_N001,ALL,1,0,4,2
2022-09-01T07:00:00-00:00,2022-09-01T07:15:00-00:00,2022-09-01,01,BIGRIVR_6_N001,BIGRIVR_6_N001,BIGRIVR_6_N001,RTPD,MCE,LMP_ENE_PRC,BIGRIVR_6_N001,ALL,1,104.23471,1,3
2022-09-01T08:00:00-00:00,2022-09-01T08:15:00-00:00,2022-09-01,02,BIGRIVR_6_N001,BIGRIVR_6_N001,BIGRIVR_6_N001,RTPD,MCE,LMP_ENE_PRC,BIGRIVR_6_N001,ALL,1,115.5488,1,3
2022-09-01T09:00:00-00:00,2022-09-01T09:15:00-00:00,2022-09-01,03,BIGRIVR_6_N001,BIGRIVR_6_N001,BIGRIVR_6_N001,RTPD,MCE,LMP_ENE_PRC,BIGRIVR_6_N001,ALL,1,99.73061,1,3
2022-09-01T10:00:00-00:00,2022-09-01T10:15:00-00:00,2022-09-01,04,BIGRIVR_6_N001,BIGRIVR_6_N001,BIGRIVR_6_N001,RTPD,MCE,LMP_ENE_PRC,BIGRIVR_6_N001,ALL,1,98.64222,1,3
2022-09-01T11:00:00-00:00,2022-09-01T11:15:00-00:00,2022-09-01,05,BIGRIVR_6_N001,BIGRIVR_6_N001,BIGRIVR_6_N001,RTPD,MCE,LMP_ENE_PRC,BIGRIVR_6_N001,ALL,1,102.56859,1,3
2022-09-01T12:00:00-00:00,2022-09-01T12:15:00-00:00,2022-09-01,06,BIGRIVR_6_N001,BIGRIVR_6_N001,BIGRIVR_6_N001,RTPD,MCE,LMP_ENE_PRC,BIGRIVR_6_N001,ALL,1,96.90845,1,3
2022-09-01T13:00:00-00:00,2022-09-01T13:15:00-00:00,2022-09-01,07,BIGRIVR_6_N001,BIGRIVR_6_N001,BIGRIVR_6_N001,RTPD,MCE,LMP_ENE_PRC,BIGRIVR_6_N001,ALL,1,101.80878,1,3
2022-09-01T14:00:00-00:00,2022-09-01T14:15:00-00:00,2022-09-01,08,BIGRIVR_6_N001,BIGRIVR_6_N001,BIGRIVR_6_N001,RTPD,MCE,LMP_ENE_PRC,BIGRIVR_6_N001,ALL,1,111.11219,1,3
2022-09-01T15:00:00-00:00,2022-09-01T15:15:00-00:00,2022-09-01,09,BIGRIVR_6_N001,BIGRIVR_6_N001,BIGRIVR_6_N001,RTPD,MCE,LMP_ENE_PRC,BIGRIVR_6_N001,ALL,1,97.4112,1,3
2022-09-01T16:00:00-00:00,2022-09-01T16:15:00-00:00,2022-09-01,10,BIGRIVR_6_N001,BIGRIVR_6_N001,BIGRIVR_6_N001,RTPD,MCE,LMP_ENE_PRC,BIGRIVR_6_N001,ALL,1,83.43525,1,3
2022-09-01T17:00:00-00:00,2022-09-01T17:15:00-00:00,2022-09-01,11,BIGRIVR_6_N001,BIGRIVR_6_N001,BIGRIVR_6_N001,RTPD,MCE,LMP_ENE_PRC,BIGRIVR_6_N001,ALL,1,96.94897,1,3
2022-09-01T18:00:00-00:00,2022-09-01T18:15:00-00:00,2022-09-01,12,BIGRIVR_6_N001,BIGRIVR_6_N001,BIGRIVR_6_N001,RTPD,MCE,LMP_ENE_PRC,BIGRIVR_6_N001,ALL,1,91.59291,1,3
2022-09-01T19:00:00-00:00,2022-09-01T19:15:00-00:00,2022-09-01,13,BIGRIVR_6_N001,BIGRIVR_6_N001,BIGRIVR_6_N001,RTPD,MCE,LMP_ENE_PRC,BIGRIVR_6_N001,ALL,1,109.19637,1,3
2022-09-01T20:00:00-00:00,2022-09-01T20:15:00-00:00,2022-09-01,14,BIGRIVR_6_N001,BIGRIVR_6_N001,BIGRIVR_6_N001,RTPD,MCE,LMP_ENE_PRC,BIGRIVR_6_N001,ALL,1,117.94359,1,3
2022-09-01T21:00:00-00:00,2022-09-01T21:15:00-00:00,2022-09-01,15,BIGRIVR_6_N001,BIGRIVR_6_N001,BIGRIVR_6_N001,RTPD,MCE,LMP_ENE_PRC,BIGRIVR_6_N001,ALL,1,226.61499,1,3
2022-09-01T22:00:00-00:00,2022-09-01T22:15:00-00:00,2022-09-01,16,BIGRIVR_6_N001,BIGRIVR_6_N001,BIGRIVR_6_N001,RTPD,MCE,LMP_ENE_PRC,BIGRIVR_6_N001,ALL,1,229.18552,1,3
2022-09-01T23:00:00-00:00,2022-09-01T23:15:00-00:00,2022-09-01,17,BIGRIVR_6_N001,BIGRIVR_6_N001,BIGRIVR_6_N001,RTPD,MCE,LMP_ENE_PRC,BIGRIVR_6_N001,ALL,1,386.7537,1,3
2022-09-02T00:00:00-00:00,2022-09-02T00:15:00-00:00,2022-09-01,18,BIGRIVR_6_N001,BIGRIVR_6_N001,BIGRIVR_6_N001,RTPD,MCE,LMP_ENE_PRC,BIGRIVR_6_N001,ALL,1,770.58136,1,3
2022-09-02T01:00:00-00:00,2022-09-02T01:15:00-00:00,2022-09-01,19,BIGRIVR_6_N001,BIGRIVR_6_N001,BIGRIVR_6_N001,RTPD,MCE,LMP_ENE_PRC,BIGRIVR_6_N001,ALL,1,916.27124,1,3
2022-09-02T02:00:00-00:00,2022-09-02T02:15:00-00:00,2022-09-01,20,BIGRIVR_6_N001,BIGRIVR_6_N001,BIGRIVR_6_N001,RTPD,MCE,LMP_ENE_PRC,BIGRIVR_6_N001,ALL,1,1991.6721,1,3
2022-09-02T03:00:00-00:00,2022-09-02T03:15:00-00:00,2022-09-01,21,BIGRIVR_6_N001,BIGRIVR_6_N001,BIGRIVR_6_N001,RTPD,MCE,LMP_ENE_PRC,BIGRIVR_6_N001,ALL,1,917.5508,1,3
2022-09-02T04:00:00-00:00,2022-09-02T04:15:00-00:00,2022-09-01,22,BIGRIVR_6_N001,BIGRIVR_6_N001,BIGRIVR_6_N001,RTPD,MCE,LMP_ENE_PRC,BIGRIVR_6_N001,ALL,1,257.83005,1,3
2022-09-02T05:00:00-00:00,2022-09-02T05:15:00-00:00,2022-09-01,23,BIGRIVR_6_N001,BIGRIVR_6_N001,BIGRIVR_6_N001,RTPD,MCE,LMP_ENE_PRC,BIGRIVR_6_N001,ALL,1,183.24657,1,3
2022-09-02T06:00:00-00:00,2022-09-02T06:15:00-00:00,2022-09-01,24,BIGRIVR_6_N001,BIGRIVR_6_N001,BIGRIVR_6_N001,RTPD,MCE,LMP_ENE_PRC,BIGRIVR_6_N001,ALL,1,158.867,1,3
2022-09-01T07:15:00-00:00,2022-09-01T07:30:00-00:00,2022-09-01,01,BIGRIVR_6_N001,BIGRIVR_6_N001,BIGRIVR_6_N001,RTPD,MCE,LMP_ENE_PRC,BIGRIVR_6_N001,ALL,1,125.55144,2,3
2022-09-01T08:15:00-00:00,2022-09-01T08:30:00-00:00,2022-09-01,02,BIGRIVR_6_N001,BIGRIVR_6_N001,BIGRIVR_6_N001,RTPD,MCE,LMP_ENE_PRC,BIGRIVR_6_N001,ALL,1,115.53165,2,3
2022-09-01T09:15:00-00:00,2022-09-01T09:30:00-00:00,2022-09-01,03,BIGRIVR_6_N001,BIGRIVR_6_N001,BIGRIVR_6_N001,RTPD,MCE,LMP_ENE_PRC,BIGRIVR_6_N001,ALL,1,98.30543,2,3
2022-09-01T10:15:00-00:00,2022-09-01T10:30:00-00:00,2022-09-01,04,BIGRIVR_6_N001,BIGRIVR_6_N001,BIGRIVR_6_N001,RTPD,MCE,LMP_ENE_PRC,BIGRIVR_6_N001,ALL,1,97.00684,2,3
2022-09-01T11:15:00-00:00,2022-09-01T11:30:00-00:00,2022-09-01,05,BIGRIVR_6_N001,BIGRIVR_6_N001,BIGRIVR_6_N001,RTPD,MCE,LMP_ENE_PRC,BIGRIVR_6_N001,ALL,1,103.09059,2,3
2022-09-01T12:15:00-00:00,2022-09-01T12:30:00-00:00,2022-09-01,06,BIGRIVR_6_N001,BIGRIVR_6_N001,BIGRIVR_6_N001,RTPD,MCE,LMP_ENE_PRC,BIGRIVR_6_N001,ALL,1,109.32203,2,3
2022-09-01T13:15:00-00:00,2022-09-01T13:30:00-00:00,2022-09-01,07,BIGRIVR_6_N001,BIGRIVR_6_N001,BIGRIVR_6_N001,RTPD,MCE,LMP_ENE_PRC,BIGRIVR_6_N001,ALL,1,110.97827,2,3
2022-09-01T14:15:00-00:00,2022-09-01T14:30:00-00:00,2022-09-01,08,BIGRIVR_6_N001,BIGRIVR_6_N001,BIGRIVR_6_N001,RTPD,MCE,LMP_ENE_PRC,BIGRIVR_6_N001,ALL,1,104.78743,2,3
2022-09-01T15:15:00-00:00,2022-09-01T15:30:00-00:00,2022-09-01,09,BIGRIVR_6_N001,BIGRIVR_6_N001,BIGRIVR_6_N001,RTPD,MCE,LMP_ENE_PRC,BIGRIVR_6_N001,ALL,1,86.9388,2,3
2022-09-01T16:15:00-00:00,2022-09-01T16:30:00-00:00,2022-09-01,10,BIGRIVR_6_N001,BIGRIVR_6_N001,BIGRIVR_6_N001,RTPD,MCE,LMP_ENE_PRC,BIGRIVR_6_N001,ALL,1,89.44858,2,3
2022-09-01T17:15:00-00:00,2022-09-01T17:30:00-00:00,2022-09-01,11,BIGRIVR_6_N001,BIGRIVR_6_N001,BIGRIVR_6_N001,RTPD,MCE,LMP_ENE_PRC,BIGRIVR_6_N001,ALL,1,99.34673,2,3
2022-09-01T18:15:00-00:00,2022-09-01T18:30:00-00:00,2022-09-01,12,BIGRIVR_6_N001,BIGRIVR_6_N001,BIGRIVR_6_N001,RTPD,MCE,LMP_ENE_PRC,BIGRIVR_6_N001,ALL,1,101.15901,2,3
2022-09-01T19:15:00-00:00,2022-09-01T19:30:00-00:00,2022-09-01,13,BIGRIVR_6_N001,BIGRIVR_6_N001,BIGRIVR_6_N001,RTPD,MCE,LMP_ENE_PRC,BIGRIVR_6_N001,ALL,1,105.30588,2,3
2022-09-01T20:15:00-00:00,2022-09-01T20:30:00-00:00,2022-09-01,14,BIGRIVR_6_N001,BIGRIVR_6_N001,BIGRIVR_6_N001,RTPD,MCE,LMP_ENE_PRC,BIGRIVR_6_N001,ALL,1,117.49421,2,3
2022-09-01T21:15:00-00:00,2022-09-01T21:30:00-00:00,2022-09-01,15,BIGRIVR_6_N001,BIGRIVR_6_N001,BIGRIVR_6_N001,RTPD,MCE,LMP_ENE_PRC,BIGRIVR_6_N001,ALL,1,147.21185,2,3
2022-09-01T22:15:00-00:00,2022-09-01T22:30:00-00:00,2022-09-01,16,BIGRIVR_6_N001,BIGRIVR_6_N001,BIGRIVR_6_N001,RTPD,MCE,LMP_ENE_PRC,BIGRIVR_6_N001,ALL,1,256.58734,2,3
2022-09-01T23:15:00-00:00,2022-09-01T23:30:00-00:00,2022-09-01,17,BIGRIVR_6_N001,BIGRIVR_6_N001,BIGRIVR_6_N001,RTPD,MCE,LMP_ENE_PRC,BIGRIVR_6_N001,ALL,1,362.12408,2,3
2022-09-02T00:15:00-00:00,2022-09-02T00:30:00-00:00,2022-09-01,18,BIGRIVR_6_N001,BIGRIVR_6_N001,BIGRIVR_6_N001,RTPD,MCE,LMP_ENE_PRC,BIGRIVR_6_N001,ALL,1,691.2182,2,3
2022-09-02T01:15:00-00:00,2022-09-02T01:30:00-00:00,2022-09-01,19,BIGRIVR_6_N001,BIGRIVR_6_N001,BIGRIVR_6_N001,RTPD,MCE,LMP_ENE_PRC,BIGRIVR_6_N001,ALL,1,1999.9933,2,3
2022-09-02T02:15:00-00:00,2022-09-02T02:30:00-00:00,2022-09-01,20,BIGRIVR_6_N001,BIGRIVR_6_N001,BIGRIVR_6_N001,RTPD,MCE,LMP_ENE_PRC,BIGRIVR_6_N001,ALL,1,1991.6721,2,3
2022-09-02T03:15:00-00:00,2022-09-02T03:30:00-00:00,2022-09-01,21,BIGRIVR_6_N001,BIGRIVR_6_N001,BIGRIVR_6_N001,RTPD,MCE,LMP_ENE_PRC,BIGRIVR_6_N001,ALL,1,400.52884,2,3
2022-09-02T04:15:00-00:00,2022-09-02T04:30:00-00:00,2022-09-01,22,BIGRIVR_6_N001,BIGRIVR_6_N001,BIGRIVR_6_N001,RTPD,MCE,LMP_ENE_PRC,BIGRIVR_6_N001,ALL,1,224.75041,2,3
2022-09-02T05:15:00-00:00,2022-09-02T05:30:00-00:00,2022-09-01,23,BIGRIVR_6_N001,BIGRIVR_6_N001,BIGRIVR_6_N001,RTPD,MCE,LMP_ENE_PRC,BIGRIVR_6_N001,ALL,1,157.11986,2,3
2022-09-02T06:15:00-00:00,2022-09-02T06:30:00-00:00,2022-09-01,24,BIGRIVR_6_N001,BIGRIVR_6_N001,BIGRIVR_6_N001,RTPD,MCE,LMP_ENE_PRC,BIGRIVR_6_N001,ALL,1,143.1005,2,3
2022-09-01T07:30:00-00:00,2022-09-01T07:45:00-00:00,2022-09-01,01,BIGRIVR_6_N001,BIGRIVR_6_N001,BIGRIVR_6_N001,RTPD,MCE,LMP_ENE_PRC,BIGRIVR_6_N001,ALL,1,119.03196,3,3
2022-09-01T08:30:00-00:00,2022-09-01T08:45:00-00:00,2022-09-01,02,BIGRIVR_6_N001,BIGRIVR_6_N001,BIGRIVR_6_N001,RTPD,MCE,LMP_ENE_PRC,BIGRIVR_6_N001,ALL,1,111.11241,3,3
2022-09-01T09:30:00-00:00,2022-09-01T09:45:00-00:00,2022-09-01,03,BIGRIVR_6_N001,BIGRIVR_6_N001,BIGRIVR_6_N001,RTPD,MCE,LMP_ENE_PRC,BIGRIVR_6_N001,ALL,1,98.16228,3,3
2022-09-01T10:30:00-00:00,2022-09-01T10:45:00-00:00,2022-09-01,04,BIGRIVR_6_N001,BIGRIVR_6_N001,BIGRIVR_6_N001,RTPD,MCE,LMP_ENE_PRC,BIGRIVR_6_N001,ALL,1,96.36226,3,3
2022-09-01T11:30:00-00:00,2022-09-01T11:45:00-00:00,2022-09-01,05,BIGRIVR_6_N001,BIGRIVR_6_N001,BIGRIVR_6_N001,RTPD,MCE,LMP_ENE_PRC,BIGRIVR_6_N001,ALL,1,103.06198,3,3
2022-09-01T12:30:00-00:00,2022-09-01T12:45:00-00:00,2022-09-01,06,BIGRIVR_6_N001,BIGRIVR_6_N001,BIGRIVR_6_N001,RTPD,MCE,LMP_ENE_PRC,BIGRIVR_6_N001,ALL,1,113.57403,3,3
2022-09-01T13:30:00-00:00,2022-09-01T13:45:00-00:00,2022-09-01,07,BIGRIVR_6_N001,BIGRIVR_6_N001,BIGRIVR_6_N001,RTPD,MCE,LMP_ENE_PRC,BIGRIVR_6_N001,ALL,1,111.52025,3,3
2022-09-01T14:30:00-00:00,2022-09-01T14:45:00-00:00,2022-09-01,08,BIGRIVR_6_N001,BIGRIVR_6_N001,BIGRIVR_6_N001,RTPD,MCE,LMP_ENE_PRC,BIGRIVR_6_N001,ALL,1,101.83428,3,3
2022-09-01T15:30:00-00:00,2022-09-01T15:45:00-00:00,2022-09-01,09,BIGRIVR_6_N001,BIGRIVR_6_N001,BIGRIVR_6_N001,RTPD,MCE,LMP_ENE_PRC,BIGRIVR_6_N001,ALL,1,86.1388,3,3
2022-09-01T16:30:00-00:00,2022-09-01T16:45:00-00:00,2022-09-01,10,BIGRIVR_6_N001,BIGRIVR_6_N001,BIGRIVR_6_N001,RTPD,MCE,LMP_ENE_PRC,BIGRIVR_6_N001,ALL,1,88.79644,3,3
2022-09-01T17:30:00-00:00,2022-09-01T17:45:00-00:00,2022-09-01,11,BIGRIVR_6_N001,BIGRIVR_6_N001,BIGRIVR_6_N001,RTPD,MCE,LMP_ENE_PRC,BIGRIVR_6_N001,ALL,1,99.13013,3,3
2022-09-01T18:30:00-00:00,2022-09-01T18:45:00-00:00,2022-09-01,12,BIGRIVR_6_N001,BIGRIVR_6_N001,BIGRIVR_6_N001,RTPD,MCE,LMP_ENE_PRC,BIGRIVR_6_N001,ALL,1,107.05718,3,3
2022-09-01T19:30:00-00:00,2022-09-01T19:45:00-00:00,2022-09-01,13,BIGRIVR_6_N001,BIGRIVR_6_N001,BIGRIVR_6_N001,RTPD,MCE,LMP_ENE_PRC,BIGRIVR_6_N001,ALL,1,114.05905,3,3
2022-09-01T20:30:00-00:00,2022-09-01T20:45:00-00:00,2022-09-01,14,BIGRIVR_6_N001,BIGRIVR_6_N001,BIGRIVR_6_N001,RTPD,MCE,LMP_ENE_PRC,BIGRIVR_6_N001,ALL,1,129.81606,3,3
2022-09-01T21:30:00-00:00,2022-09-01T21:45:00-00:00,2022-09-01,15,BIGRIVR_6_N001,BIGRIVR_6_N001,BIGRIVR_6_N001,RTPD,MCE,LMP_ENE_PRC,BIGRIVR_6_N001,ALL,1,152.93057,3,3
2022-09-01T22:30:00-00:00,2022-09-01T22:45:00-00:00,2022-09-01,16,BIGRIVR_6_N001,BIGRIVR_6_N001,BIGRIVR_6_N001,RTPD,MCE,LMP_ENE_PRC,BIGRIVR_6_N001,ALL,1,283.18182,3,3
2022-09-01T23:30:00-00:00,2022-09-01T23:45:00-00:00,2022-09-01,17,BIGRIVR_6_N001,BIGRIVR_6_N001,BIGRIVR_6_N001,RTPD,MCE,LMP_ENE_PRC,BIGRIVR_6_N001,ALL,1,566.48157,3,3
2022-09-02T00:30:00-00:00,2022-09-02T00:45:00-00:00,2022-09-01,18,BIGRIVR_6_N001,BIGRIVR_6_N001,BIGRIVR_6_N001,RTPD,MCE,LMP_ENE_PRC,BIGRIVR_6_N001,ALL,1,1329.1127,3,3
2022-09-02T01:30:00-00:00,2022-09-02T01:45:00-00:00,2022-09-01,19,BIGRIVR_6_N001,BIGRIVR_6_N001,BIGRIVR_6_N001,RTPD,MCE,LMP_ENE_PRC,BIGRIVR_6_N001,ALL,1,1999.9956,3,3
2022-09-02T02:30:00-00:00,2022-09-02T02:45:00-00:00,2022-09-01,20,BIGRIVR_6_N001,BIGRIVR_6_N001,BIGRIVR_6_N001,RTPD,MCE,LMP_ENE_PRC,BIGRIVR_6_N001,ALL,1,1991.671,3,3
2022-09-02T03:30:00-00:00,2022-09-02T03:45:00-00:00,2022-09-01,21,BIGRIVR_6_N001,BIGRIVR_6_N001,BIGRIVR_6_N001,RTPD,MCE,LMP_ENE_PRC,BIGRIVR_6_N001,ALL,1,186.61823,3,3
2022-09-02T04:30:00-00:00,2022-09-02T04:45:00-00:00,2022-09-01,22,BIGRIVR_6_N001,BIGRIVR_6_N001,BIGRIVR_6_N001,RTPD,MCE,LMP_ENE_PRC,BIGRIVR_6_N001,ALL,1,180.67824,3,3
2022-09-02T05:30:00-00:00,2022-09-02T05:45:00-00:00,2022-09-01,23,BIGRIVR_6_N001,BIGRIVR_6_N001,BIGRIVR_6_N001,RTPD,MCE,LMP_ENE_PRC,BIGRIVR_6_N001,ALL,1,131.69917,3,3
2022-09-02T06:30:00-00:00,2022-09-02T06:45:00-00:00,2022-09-01,24,BIGRIVR_6_N001,BIGRIVR_6_N001,BIGRIVR_6_N001,RTPD,MCE,LMP_ENE_PRC,BIGRIVR_6_N001,ALL,1,128.9871,3,3
2022-09-01T07:45:00-00:00,2022-09-01T08:00:00-00:00,2022-09-01,01,BIGRIVR_6_N001,BIGRIVR_6_N001,BIGRIVR_6_N001,RTPD,MCE,LMP_ENE_PRC,BIGRIVR_6_N001,ALL,1,109.12099,4,3
2022-09-01T08:45:00-00:00,2022-09-01T09:00:00-00:00,2022-09-01,02,BIGRIVR_6_N001,BIGRIVR_6_N001,BIGRIVR_6_N001,RTPD,MCE,LMP_ENE_PRC,BIGRIVR_6_N001,ALL,1,98.7357,4,3
2022-09-01T09:45:00-00:00,2022-09-01T10:00:00-00:00,2022-09-01,03,BIGRIVR_6_N001,BIGRIVR_6_N001,BIGRIVR_6_N001,RTPD,MCE,LMP_ENE_PRC,BIGRIVR_6_N001,ALL,1,97.50475,4,3
2022-09-01T10:45:00-00:00,2022-09-01T11:00:00-00:00,2022-09-01,04,BIGRIVR_6_N001,BIGRIVR_6_N001,BIGRIVR_6_N001,RTPD,MCE,LMP_ENE_PRC,BIGRIVR_6_N001,ALL,1,94.71966,4,3
2022-09-01T11:45:00-00:00,2022-09-01T12:00:00-00:00,2022-09-01,05,BIGRIVR_6_N001,BIGRIVR_6_N001,BIGRIVR_6_N001,RTPD,MCE,LMP_ENE_PRC,BIGRIVR_6_N001,ALL,1,107.01,4,3
2022-09-01T12:45:00-00:00,2022-09-01T13:00:00-00:00,2022-09-01,06,BIGRIVR_6_N001,BIGRIVR_6_N001,BIGRIVR_6_N001,RTPD,MCE,LMP_ENE_PRC,BIGRIVR_6_N001,ALL,1,116.4848,4,3
2022-09-01T13:45:00-00:00,2022-09-01T14:00:00-00:00,2022-09-01,07,BIGRIVR_6_N001,BIGRIVR_6_N001,BIGRIVR_6_N001,RTPD,MCE,LMP_ENE_PRC,BIGRIVR_6_N001,ALL,1,111.41,4,3
2022-09-01T14:45:00-00:00,2022-09-01T15:00:00-00:00,2022-09-01,08,BIGRIVR_6_N001,BIGRIVR_6_N001,BIGRIVR_6_N001,RTPD,MCE,LMP_ENE_PRC,BIGRIVR_6_N001,ALL,1,86.1388,4,3
2022-09-01T15:45:00-00:00,2022-09-01T16:00:00-00:00,2022-09-01,09,BIGRIVR_6_N001,BIGRIVR_6_N001,BIGRIVR_6_N001,RTPD,MCE,LMP_ENE_PRC,BIGRIVR_6_N001,ALL,1,78.70076,4,3
2022-09-01T16:45:00-00:00,2022-09-01T17:00:00-00:00,2022-09-01,10,BIGRIVR_6_N001,BIGRIVR_6_N001,BIGRIVR_6_N001,RTPD,MCE,LMP_ENE_PRC,BIGRIVR_6_N001,ALL,1,91.24933,4,3
2022-09-01T17:45:00-00:00,2022-09-01T18:00:00-00:00,2022-09-01,11,BIGRIVR_6_N001,BIGRIVR_6_N001,BIGRIVR_6_N001,RTPD,MCE,LMP_ENE_PRC,BIGRIVR_6_N001,ALL,1,99.20544,4,3
2022-09-01T18:45:00-00:00,2022-09-01T19:00:00-00:00,2022-09-01,12,BIGRIVR_6_N001,BIGRIVR_6_N001,BIGRIVR_6_N001,RTPD,MCE,LMP_ENE_PRC,BIGRIVR_6_N001,ALL,1,109.04064,4,3
2022-09-01T19:45:00-00:00,2022-09-01T20:00:00-00:00,2022-09-01,13,BIGRIVR_6_N001,BIGRIVR_6_N001,BIGRIVR_6_N001,RTPD,MCE,LMP_ENE_PRC,BIGRIVR_6_N001,ALL,1,120.22491,4,3
2022-09-01T20:45:00-00:00,2022-09-01T21:00:00-00:00,2022-09-01,14,BIGRIVR_6_N001,BIGRIVR_6_N001,BIGRIVR_6_N001,RTPD,MCE,LMP_ENE_PRC,BIGRIVR_6_N001,ALL,1,154.02509,4,3
2022-09-01T21:45:00-00:00,2022-09-01T22:00:00-00:00,2022-09-01,15,BIGRIVR_6_N001,BIGRIVR_6_N001,BIGRIVR_6_N001,RTPD,MCE,LMP_ENE_PRC,BIGRIVR_6_N001,ALL,1,300.29376,4,3
2022-09-01T22:45:00-00:00,2022-09-01T23:00:00-00:00,2022-09-01,16,BIGRIVR_6_N001,BIGRIVR_6_N001,BIGRIVR_6_N001,RTPD,MCE,LMP_ENE_PRC,BIGRIVR_6_N001,ALL,1,429.9137,4,3
2022-09-01T23:45:00-00:00,2022-09-02T00:00:00-00:00,2022-09-01,17,BIGRIVR_6_N001,BIGRIVR_6_N001,BIGRIVR_6_N001,RTPD,MCE,LMP_ENE_PRC,BIGRIVR_6_N001,ALL,1,1261.2124,4,3
2022-09-02T00:45:00-00:00,2022-09-02T01:00:00-00:00,2022-09-01,18,BIGRIVR_6_N001,BIGRIVR_6_N001,BIGRIVR_6_N001,RTPD,MCE,LMP_ENE_PRC,BIGRIVR_6_N001,ALL,1,1519.149,4,3
2022-09-02T01:45:00-00:00,2022-09-02T02:00:00-00:00,2022-09-01,19,BIGRIVR_6_N001,BIGRIVR_6_N001,BIGRIVR_6_N001,RTPD,MCE,LMP_ENE_PRC,BIGRIVR_6_N001,ALL,1,1991.9337,4,3
2022-09-02T02:45:00-00:00,2022-09-02T03:00:00-00:00,2022-09-01,20,BIGRIVR_6_N001,BIGRIVR_6_N001,BIGRIVR_6_N001,RTPD,MCE,LMP_ENE_PRC,BIGRIVR_6_N001,ALL,1,1629.6213,4,3
2022-09-02T03:45:00-00:00,2022-09-02T04:00:00-00:00,2022-09-01,21,BIGRIVR_6_N001,BIGRIVR_6_N001,BIGRIVR_6_N001,RTPD,MCE,LMP_ENE_PRC,BIGRIVR_6_N001,ALL,1,141.13702,4,3
2022-09-02T04:45:00-00:00,2022-09-02T05:00:00-00:00,2022-09-01,22,BIGRIVR_6_N001,BIGRIVR_6_N001,BIGRIVR_6_N001,RTPD,MCE,LMP_ENE_PRC,BIGRIVR_6_N001,ALL,1,126.76372,4,3
2022-09-02T05:45:00-00:00,2022-09-02T06:00:00-00:00,2022-09-01,23,BIGRIVR_6_N001,BIGRIVR_6_N001,BIGRIVR_6_N001,RTPD,MCE,LMP_ENE_PRC,BIGRIVR_6_N001,ALL,1,119.00958,4,3
2022-09-02T06:45:00-00:00,2022-09-02T07:00:00-00:00,2022-09-01,24,BIGRIVR_6_N001,BIGRIVR_6_N001,BIGRIVR_6_N001,RTPD,MCE,LMP_ENE_PRC,BIGRIVR_6_N001,ALL,1,109.20324,4,3
2022-09-01T07:00:00-00:00,2022-09-01T07:15:00-00:00,2022-09-01,01,BIGRIVR_6_N001,BIGRIVR_6_N001,BIGRIVR_6_N001,RTPD,MCL,LMP_LOSS_PRC,BIGRIVR_6_N001,ALL,1,-3.68991,1,4
2022-09-01T08:00:00-00:00,2022-09-01T08:15:00-00:00,2022-09-01,02,BIGRIVR_6_N001,BIGRIVR_6_N001,BIGRIVR_6_N001,RTPD,MCL,LMP_LOSS_PRC,BIGRIVR_6_N001,ALL,1,0,1,4
2022-09-01T09:00:00-00:00,2022-09-01T09:15:00-00:00,2022-09-01,03,BIGRIVR_6_N001,BIGRIVR_6_N001,BIGRIVR_6_N001,RTPD,MCL,LMP_LOSS_PRC,BIGRIVR_6_N001,ALL,1,1.25661,1,4
2022-09-01T10:00:00-00:00,2022-09-01T10:15:00-00:00,2022-09-01,04,BIGRIVR_6_N001,BIGRIVR_6_N001,BIGRIVR_6_N001,RTPD,MCL,LMP_LOSS_PRC,BIGRIVR_6_N001,ALL,1,0.89764,1,4
2022-09-01T11:00:00-00:00,2022-09-01T11:15:00-00:00,2022-09-01,05,BIGRIVR_6_N001,BIGRIVR_6_N001,BIGRIVR_6_N001,RTPD,MCL,LMP_LOSS_PRC,BIGRIVR_6_N001,ALL,1,0.49233,1,4
2022-09-01T12:00:00-00:00,2022-09-01T12:15:00-00:00,2022-09-01,06,BIGRIVR_6_N001,BIGRIVR_6_N001,BIGRIVR_6_N001,RTPD,MCL,LMP_LOSS_PRC,BIGRIVR_6_N001,ALL,1,4.27366,1,4
2022-09-01T13:00:00-00:00,2022-09-01T13:15:00-00:00,2022-09-01,07,BIGRIVR_6_N001,BIGRIVR_6_N001,BIGRIVR_6_N001,RTPD,MCL,LMP_LOSS_PRC,BIGRIVR_6_N001,ALL,1,0,1,4
2022-09-01T14:00:00-00:00,2022-09-01T14:15:00-00:00,2022-09-01,08,BIGRIVR_6_N001,BIGRIVR_6_N001,BIGRIVR_6_N001,RTPD,MCL,LMP_LOSS_PRC,BIGRIVR_6_N001,ALL,1,6.41117,1,4
2022-09-01T15:00:00-00:00,2022-09-01T15:15:00-00:00,2022-09-01,09,BIGRIVR_6_N001,BIGRIVR_6_N001,BIGRIVR_6_N001,RTPD,MCL,LMP_LOSS_PRC,BIGRIVR_6_N001,ALL,1,0,1,4
2022-09-01T16:00:00-00:00,2022-09-01T16:15:00-00:00,2022-09-01,10,BIGRIVR_6_N001,BIGRIVR_6_N001,BIGRIVR_6_N001,RTPD,MCL,LMP_LOSS_PRC,BIGRIVR_6_N001,ALL,1,0,1,4
2022-09-01T17:00:00-00:00,2022-09-01T17:15:00-00:00,2022-09-01,11,BIGRIVR_6_N001,BIGRIVR_6_N001,BIGRIVR_6_N001,RTPD,MCL,LMP_LOSS_PRC,BIGRIVR_6_N001,ALL,1,0,1,4
2022-09-01T18:00:00-00:00,2022-09-01T18:15:00-00:00,2022-09-01,12,BIGRIVR_6_N001,BIGRIVR_6_N001,BIGRIVR_6_N001,RTPD,MCL,LMP_LOSS_PRC,BIGRIVR_6_N001,ALL,1,0,1,4
2022-09-01T19:00:00-00:00,2022-09-01T19:15:00-00:00,2022-09-01,13,BIGRIVR_6_N001,BIGRIVR_6_N001,BIGRIVR_6_N001,RTPD,MCL,LMP_LOSS_PRC,BIGRIVR_6_N001,ALL,1,0,1,4
2022-09-01T20:00:00-00:00,2022-09-01T20:15:00-00:00,2022-09-01,14,BIGRIVR_6_N001,BIGRIVR_6_N001,BIGRIVR_6_N001,RTPD,MCL,LMP_LOSS_PRC,BIGRIVR_6_N001,ALL,1,0,1,4
2022-09-01T21:00:00-00:00,2022-09-01T21:15:00-00:00,2022-09-01,15,BIGRIVR_6_N001,BIGRIVR_6_N001,BIGRIVR_6_N001,RTPD,MCL,LMP_LOSS_PRC,BIGRIVR_6_N001,ALL,1,0,1,4
2022-09-01T22:00:00-00:00,2022-09-01T22:15:00-00:00,2022-09-01,16,BIGRIVR_6_N001,BIGRIVR_6_N001,BIGRIVR_6_N001,RTPD,MCL,LMP_LOSS_PRC,BIGRIVR_6_N001,ALL,1,0,1,4
2022-09-01T23:00:00-00:00,2022-09-01T23:15:00-00:00,2022-09-01,17,BIGRIVR_6_N001,BIGRIVR_6_N001,BIGRIVR_6_N001,RTPD,MCL,LMP_LOSS_PRC,BIGRIVR_6_N001,ALL,1,0,1,4
2022-09-02T00:00:00-00:00,2022-09-02T00:15:00-00:00,2022-09-01,18,BIGRIVR_6_N001,BIGRIVR_6_N001,BIGRIVR_6_N001,RTPD,MCL,LMP_LOSS_PRC,BIGRIVR_6_N001,ALL,1,165.82912,1,4
2022-09-02T01:00:00-00:00,2022-09-02T01:15:00-00:00,2022-09-01,19,BIGRIVR_6_N001,BIGRIVR_6_N001,BIGRIVR_6_N001,RTPD,MCL,LMP_LOSS_PRC,BIGRIVR_6_N001,ALL,1,0,1,4
2022-09-02T02:00:00-00:00,2022-09-02T02:15:00-00:00,2022-09-01,20,BIGRIVR_6_N001,BIGRIVR_6_N001,BIGRIVR_6_N001,RTPD,MCL,LMP_LOSS_PRC,BIGRIVR_6_N001,ALL,1,0,1,4
2022-09-02T03:00:00-00:00,2022-09-02T03:15:00-00:00,2022-09-01,21,BIGRIVR_6_N001,BIGRIVR_6_N001,BIGRIVR_6_N001,RTPD,MCL,LMP_LOSS_PRC,BIGRIVR_6_N001,ALL,1,168.7376,1,4
2022-09-02T04:00:00-00:00,2022-09-02T04:15:00-00:00,2022-09-01,22,BIGRIVR_6_N001,BIGRIVR_6_N001,BIGRIVR_6_N001,RTPD,MCL,LMP_LOSS_PRC,BIGRIVR_6_N001,ALL,1,34.98754,1,4
2022-09-02T05:00:00-00:00,2022-09-02T05:15:00-00:00,2022-09-01,23,BIGRIVR_6_N001,BIGRIVR_6_N001,BIGRIVR_6_N001,RTPD,MCL,LMP_LOSS_PRC,BIGRIVR_6_N001,ALL,1,14.14664,1,4
2022-09-02T06:00:00-00:00,2022-09-02T06:15:00-00:00,2022-09-01,24,BIGRIVR_6_N001,BIGRIVR_6_N001,BIGRIVR_6_N001,RTPD,MCL,LMP_LOSS_PRC,BIGRIVR_6_N001,ALL,1,7.84803,1,4
2022-09-01T07:15:00-00:00,2022-09-01T07:30:00-00:00,2022-09-01,01,BIGRIVR_6_N001,BIGRIVR_6_N001,BIGRIVR_6_N001,RTPD,MCL,LMP_LOSS_PRC,BIGRIVR_6_N001,ALL,1,0,2,4
2022-09-01T08:15:00-00:00,2022-09-01T08:30:00-00:00,2022-09-01,02,BIGRIVR_6_N001,BIGRIVR_6_N001,BIGRIVR_6_N001,RTPD,MCL,LMP_LOSS_PRC,BIGRIVR_6_N001,ALL,1,0,2,4
2022-09-01T09:15:00-00:00,2022-09-01T09:30:00-00:00,2022-09-01,03,BIGRIVR_6_N001,BIGRIVR_6_N001,BIGRIVR_6_N001,RTPD,MCL,LMP_LOSS_PRC,BIGRIVR_6_N001,ALL,1,1.13051,2,4
2022-09-01T10:15:00-00:00,2022-09-01T10:30:00-00:00,2022-09-01,04,BIGRIVR_6_N001,BIGRIVR_6_N001,BIGRIVR_6_N001,RTPD,MCL,LMP_LOSS_PRC,BIGRIVR_6_N001,ALL,1,0.84396,2,4
2022-09-01T11:15:00-00:00,2022-09-01T11:30:00-00:00,2022-09-01,05,BIGRIVR_6_N001,BIGRIVR_6_N001,BIGRIVR_6_N001,RTPD,MCL,LMP_LOSS_PRC,BIGRIVR_6_N001,ALL,1,0.40205,2,4
2022-09-01T12:15:00-00:00,2022-09-01T12:30:00-00:00,2022-09-01,06,BIGRIVR_6_N001,BIGRIVR_6_N001,BIGRIVR_6_N001,RTPD,MCL,LMP_LOSS_PRC,BIGRIVR_6_N001,ALL,1,5.60822,2,4
2022-09-01T13:15:00-00:00,2022-09-01T13:30:00-00:00,2022-09-01,07,BIGRIVR_6_N001,BIGRIVR_6_N001,BIGRIVR_6_N001,RTPD,MCL,LMP_LOSS_PRC,BIGRIVR_6_N001,ALL,1,6.74748,2,4
2022-09-01T14:15:00-00:00,2022-09-01T14:30:00-00:00,2022-09-01,08,BIGRIVR_6_N001,BIGRIVR_6_N001,BIGRIVR_6_N001,RTPD,MCL,LMP_LOSS_PRC,BIGRIVR_6_N001,ALL,1,5.79475,2,4
2022-09-01T15:15:00-00:00,2022-09-01T15:30:00-00:00,2022-09-01,09,BIGRIVR_6_N001,BIGRIVR_6_N001,BIGRIVR_6_N001,RTPD,MCL,LMP_LOSS_PRC,BIGRIVR_6_N001,ALL,1,0,2,4
2022-09-01T16:15:00-00:00,2022-09-01T16:30:00-00:00,2022-09-01,10,BIGRIVR_6_N001,BIGRIVR_6_N001,BIGRIVR_6_N001,RTPD,MCL,LMP_LOSS_PRC,BIGRIVR_6_N001,ALL,1,0,2,4
2022-09-01T17:15:00-00:00,2022-09-01T17:30:00-00:00,2022-09-01,11,BIGRIVR_6_N001,BIGRIVR_6_N001,BIGRIVR_6_N001,RTPD,MCL,LMP_LOSS_PRC,BIGRIVR_6_N001,ALL,1,0,2,4
2022-09-01T18:15:00-00:00,2022-09-01T18:30:00-00:00,2022-09-01,12,BIGRIVR_6_N001,BIGRIVR_6_N001,BIGRIVR_6_N001,RTPD,MCL,LMP_LOSS_PRC,BIGRIVR_6_N001,ALL,1,0,2,4
2022-09-01T19:15:00-00:00,2022-09-01T19:30:00-00:00,2022-09-01,13,BIGRIVR_6_N001,BIGRIVR_6_N001,BIGRIVR_6_N001,RTPD,MCL,LMP_LOSS_PRC,BIGRIVR_6_N001,ALL,1,0,2,4
2022-09-01T20:15:00-00:00,2022-09-01T20:30:00-00:00,2022-09-01,14,BIGRIVR_6_N001,BIGRIVR_6_N001,BIGRIVR_6_N001,RTPD,MCL,LMP_LOSS_PRC,BIGRIVR_6_N001,ALL,1,0,2,4
2022-09-01T21:15:00-00:00,2022-09-01T21:30:00-00:00,2022-09-01,15,BIGRIVR_6_N001,BIGRIVR_6_N001,BIGRIVR_6_N001,RTPD,MCL,LMP_LOSS_PRC,BIGRIVR_6_N001,ALL,1,0,2,4
2022-09-01T22:15:00-00:00,2022-09-01T22:30:00-00:00,2022-09-01,16,BIGRIVR_6_N001,BIGRIVR_6_N001,BIGRIVR_6_N001,RTPD,MCL,LMP_LOSS_PRC,BIGRIVR_6_N001,ALL,1,0,2,4
2022-09-01T23:15:00-00:00,2022-09-01T23:30:00-00:00,2022-09-01,17,BIGRIVR_6_N001,BIGRIVR_6_N001,BIGRIVR_6_N001,RTPD,MCL,LMP_LOSS_PRC,BIGRIVR_6_N001,ALL,1,0,2,4
2022-09-02T00:15:00-00:00,2022-09-02T00:30:00-00:00,2022-09-01,18,BIGRIVR_6_N001,BIGRIVR_6_N001,BIGRIVR_6_N001,RTPD,MCL,LMP_LOSS_PRC,BIGRIVR_6_N001,ALL,1,150.1326,2,4
2022-09-02T01:15:00-00:00,2022-09-02T01:30:00-00:00,2022-09-01,19,BIGRIVR_6_N001,BIGRIVR_6_N001,BIGRIVR_6_N001,RTPD,MCL,LMP_LOSS_PRC,BIGRIVR_6_N001,ALL,1,0,2,4
2022-09-02T02:15:00-00:00,2022-09-02T02:30:00-00:00,2022-09-01,20,BIGRIVR_6_N001,BIGRIVR_6_N001,BIGRIVR_6_N001,RTPD,MCL,LMP_LOSS_PRC,BIGRIVR_6_N001,ALL,1,0,2,4
2022-09-02T03:15:00-00:00,2022-09-02T03:30:00-00:00,2022-09-01,21,BIGRIVR_6_N001,BIGRIVR_6_N001,BIGRIVR_6_N001,RTPD,MCL,LMP_LOSS_PRC,BIGRIVR_6_N001,ALL,1,71.69466,2,4
2022-09-02T04:15:00-00:00,2022-09-02T04:30:00-00:00,2022-09-01,22,BIGRIVR_6_N001,BIGRIVR_6_N001,BIGRIVR_6_N001,RTPD,MCL,LMP_LOSS_PRC,BIGRIVR_6_N001,ALL,1,29.55468,2,4
2022-09-02T05:15:00-00:00,2022-09-02T05:30:00-00:00,2022-09-01,23,BIGRIVR_6_N001,BIGRIVR_6_N001,BIGRIVR_6_N001,RTPD,MCL,LMP_LOSS_PRC,BIGRIVR_6_N001,ALL,1,10.71557,2,4
2022-09-02T06:15:00-00:00,2022-09-02T06:30:00-00:00,2022-09-01,24,BIGRIVR_6_N001,BIGRIVR_6_N001,BIGRIVR_6_N001,RTPD,MCL,LMP_LOSS_PRC,BIGRIVR_6_N001,ALL,1,5.00852,2,4
2022-09-01T07:30:00-00:00,2022-09-01T07:45:00-00:00,2022-09-01,01,BIGRIVR_6_N001,BIGRIVR_6_N001,BIGRIVR_6_N001,RTPD,MCL,LMP_LOSS_PRC,BIGRIVR_6_N001,ALL,1,0,3,4
2022-09-01T08:30:00-00:00,2022-09-01T08:45:00-00:00,2022-09-01,02,BIGRIVR_6_N001,BIGRIVR_6_N001,BIGRIVR_6_N001,RTPD,MCL,LMP_LOSS_PRC,BIGRIVR_6_N001,ALL,1,2.16669,3,4
2022-09-01T09:30:00-00:00,2022-09-01T09:45:00-00:00,2022-09-01,03,BIGRIVR_6_N001,BIGRIVR_6_N001,BIGRIVR_6_N001,RTPD,MCL,LMP_LOSS_PRC,BIGRIVR_6_N001,ALL,1,0.83438,3,4
2022-09-01T10:30:00-00:00,2022-09-01T10:45:00-00:00,2022-09-01,04,BIGRIVR_6_N001,BIGRIVR_6_N001,BIGRIVR_6_N001,RTPD,MCL,LMP_LOSS_PRC,BIGRIVR_6_N001,ALL,1,0.86726,3,4
2022-09-01T11:30:00-00:00,2022-09-01T11:45:00-00:00,2022-09-01,05,BIGRIVR_6_N001,BIGRIVR_6_N001,BIGRIVR_6_N001,RTPD,MCL,LMP_LOSS_PRC,BIGRIVR_6_N001,ALL,1,0.56684,3,4
2022-09-01T12:30:00-00:00,2022-09-01T12:45:00-00:00,2022-09-01,06,BIGRIVR_6_N001,BIGRIVR_6_N001,BIGRIVR_6_N001,RTPD,MCL,LMP_LOSS_PRC,BIGRIVR_6_N001,ALL,1,6.07621,3,4
2022-09-01T13:30:00-00:00,2022-09-01T13:45:00-00:00,2022-09-01,07,BIGRIVR_6_N001,BIGRIVR_6_N001,BIGRIVR_6_N001,RTPD,MCL,LMP_LOSS_PRC,BIGRIVR_6_N001,ALL,1,7.19306,3,4
2022-09-01T14:30:00-00:00,2022-09-01T14:45:00-00:00,2022-09-01,08,BIGRIVR_6_N001,BIGRIVR_6_N001,BIGRIVR_6_N001,RTPD,MCL,LMP_LOSS_PRC,BIGRIVR_6_N001,ALL,1,6.03877,3,4
2022-09-01T15:30:00-00:00,2022-09-01T15:45:00-00:00,2022-09-01,09,BIGRIVR_6_N001,BIGRIVR_6_N001,BIGRIVR_6_N001,RTPD,MCL,LMP_LOSS_PRC,BIGRIVR_6_N001,ALL,1,0,3,4
2022-09-01T16:30:00-00:00,2022-09-01T16:45:00-00:00,2022-09-01,10,BIGRIVR_6_N001,BIGRIVR_6_N001,BIGRIVR_6_N001,RTPD,MCL,LMP_LOSS_PRC,BIGRIVR_6_N001,ALL,1,0,3,4
2022-09-01T17:30:00-00:00,2022-09-01T17:45:00-00:00,2022-09-01,11,BIGRIVR_6_N001,BIGRIVR_6_N001,BIGRIVR_6_N001,RTPD,MCL,LMP_LOSS_PRC,BIGRIVR_6_N001,ALL,1,0,3,4
2022-09-01T18:30:00-00:00,2022-09-01T18:45:00-00:00,2022-09-01,12,BIGRIVR_6_N001,BIGRIVR_6_N001,BIGRIVR_6_N001,RTPD,MCL,LMP_LOSS_PRC,BIGRIVR_6_N001,ALL,1,0,3,4
2022-09-01T19:30:00-00:00,2022-09-01T19:45:00-00:00,2022-09-01,13,BIGRIVR_6_N001,BIGRIVR_6_N001,BIGRIVR_6_N001,RTPD,MCL,LMP_LOSS_PRC,BIGRIVR_6_N001,ALL,1,0,3,4
2022-09-01T20:30:00-00:00,2022-09-01T20:45:00-00:00,2022-09-01,14,BIGRIVR_6_N001,BIGRIVR_6_N001,BIGRIVR_6_N001,RTPD,MCL,LMP_LOSS_PRC,BIGRIVR_6_N001,ALL,1,0,3,4
2022-09-01T21:30:00-00:00,2022-09-01T21:45:00-00:00,2022-09-01,15,BIGRIVR_6_N001,BIGRIVR_6_N001,BIGRIVR_6_N001,RTPD,MCL,LMP_LOSS_PRC,BIGRIVR_6_N001,ALL,1,0,3,4
2022-09-01T22:30:00-00:00,2022-09-01T22:45:00-00:00,2022-09-01,16,BIGRIVR_6_N001,BIGRIVR_6_N001,BIGRIVR_6_N001,RTPD,MCL,LMP_LOSS_PRC,BIGRIVR_6_N001,ALL,1,0,3,4
2022-09-01T23:30:00-00:00,2022-09-01T23:45:00-00:00,2022-09-01,17,BIGRIVR_6_N001,BIGRIVR_6_N001,BIGRIVR_6_N001,RTPD,MCL,LMP_LOSS_PRC,BIGRIVR_6_N001,ALL,1,0,3,4
2022-09-02T00:30:00-00:00,2022-09-02T00:45:00-00:00,2022-09-01,18,BIGRIVR_6_N001,BIGRIVR_6_N001,BIGRIVR_6_N001,RTPD,MCL,LMP_LOSS_PRC,BIGRIVR_6_N001,ALL,1,0,3,4
2022-09-02T01:30:00-00:00,2022-09-02T01:45:00-00:00,2022-09-01,19,BIGRIVR_6_N001,BIGRIVR_6_N001,BIGRIVR_6_N001,RTPD,MCL,LMP_LOSS_PRC,BIGRIVR_6_N001,ALL,1,0,3,4
2022-09-02T02:30:00-00:00,2022-09-02T02:45:00-00:00,2022-09-01,20,BIGRIVR_6_N001,BIGRIVR_6_N001,BIGRIVR_6_N001,RTPD,MCL,LMP_LOSS_PRC,BIGRIVR_6_N001,ALL,1,0,3,4
2022-09-02T03:30:00-00:00,2022-09-02T03:45:00-00:00,2022-09-01,21,BIGRIVR_6_N001,BIGRIVR_6_N001,BIGRIVR_6_N001,RTPD,MCL,LMP_LOSS_PRC,BIGRIVR_6_N001,ALL,1,31.51982,3,4
2022-09-02T04:30:00-00:00,2022-09-02T04:45:00-00:00,2022-09-01,22,BIGRIVR_6_N001,BIGRIVR_6_N001,BIGRIVR_6_N001,RTPD,MCL,LMP_LOSS_PRC,BIGRIVR_6_N001,ALL,1,20.52505,3,4
2022-09-02T05:30:00-00:00,2022-09-02T05:45:00-00:00,2022-09-01,23,BIGRIVR_6_N001,BIGRIVR_6_N001,BIGRIVR_6_N001,RTPD,MCL,LMP_LOSS_PRC,BIGRIVR_6_N001,ALL,1,7.99414,3,4
2022-09-02T06:30:00-00:00,2022-09-02T06:45:00-00:00,2022-09-01,24,BIGRIVR_6_N001,BIGRIVR_6_N001,BIGRIVR_6_N001,RTPD,MCL,LMP_LOSS_PRC,BIGRIVR_6_N001,ALL,1,5.21108,3,4
2022-09-01T07:45:00-00:00,2022-09-01T08:00:00-00:00,2022-09-01,01,BIGRIVR_6_N001,BIGRIVR_6_N001,BIGRIVR_6_N001,RTPD,MCL,LMP_LOSS_PRC,BIGRIVR_6_N001,ALL,1,0,4,4
2022-09-01T08:45:00-00:00,2022-09-01T09:00:00-00:00,2022-09-01,02,BIGRIVR_6_N001,BIGRIVR_6_N001,BIGRIVR_6_N001,RTPD,MCL,LMP_LOSS_PRC,BIGRIVR_6_N001,ALL,1,0.63191,4,4
2022-09-01T09:45:00-00:00,2022-09-01T10:00:00-00:00,2022-09-01,03,BIGRIVR_6_N001,BIGRIVR_6_N001,BIGRIVR_6_N001,RTPD,MCL,LMP_LOSS_PRC,BIGRIVR_6_N001,ALL,1,-0.19501,4,4
2022-09-01T10:45:00-00:00,2022-09-01T11:00:00-00:00,2022-09-01,04,BIGRIVR_6_N001,BIGRIVR_6_N001,BIGRIVR_6_N001,RTPD,MCL,LMP_LOSS_PRC,BIGRIVR_6_N001,ALL,1,-0.33152,4,4
2022-09-01T11:45:00-00:00,2022-09-01T12:00:00-00:00,2022-09-01,05,BIGRIVR_6_N001,BIGRIVR_6_N001,BIGRIVR_6_N001,RTPD,MCL,LMP_LOSS_PRC,BIGRIVR_6_N001,ALL,1,0,4,4
2022-09-01T12:45:00-00:00,2022-09-01T13:00:00-00:00,2022-09-01,06,BIGRIVR_6_N001,BIGRIVR_6_N001,BIGRIVR_6_N001,RTPD,MCL,LMP_LOSS_PRC,BIGRIVR_6_N001,ALL,1,0,4,4
2022-09-01T13:45:00-00:00,2022-09-01T14:00:00-00:00,2022-09-01,07,BIGRIVR_6_N001,BIGRIVR_6_N001,BIGRIVR_6_N001,RTPD,MCL,LMP_LOSS_PRC,BIGRIVR_6_N001,ALL,1,0,4,4
2022-09-01T14:45:00-00:00,2022-09-01T15:00:00-00:00,2022-09-01,08,BIGRIVR_6_N001,BIGRIVR_6_N001,BIGRIVR_6_N001,RTPD,MCL,LMP_LOSS_PRC,BIGRIVR_6_N001,ALL,1,0,4,4
2022-09-01T15:45:00-00:00,2022-09-01T16:00:00-00:00,2022-09-01,09,BIGRIVR_6_N001,BIGRIVR_6_N001,BIGRIVR_6_N001,RTPD,MCL,LMP_LOSS_PRC,BIGRIVR_6_N001,ALL,1,0,4,4
2022-09-01T16:45:00-00:00,2022-09-01T17:00:00-00:00,2022-09-01,10,BIGRIVR_6_N001,BIGRIVR_6_N001,BIGRIVR_6_N001,RTPD,MCL,LMP_LOSS_PRC,BIGRIVR_6_N001,ALL,1,0,4,4
2022-09-01T17:45:00-00:00,2022-09-01T18:00:00-00:00,2022-09-01,11,BIGRIVR_6_N001,BIGRIVR_6_N001,BIGRIVR_6_N001,RTPD,MCL,LMP_LOSS_PRC,BIGRIVR_6_N001,ALL,1,0,4,4
2022-09-01T18:45:00-00:00,2022-09-01T19:00:00-00:00,2022-09-01,12,BIGRIVR_6_N001,BIGRIVR_6_N001,BIGRIVR_6_N001,RTPD,MCL,LMP_LOSS_PRC,BIGRIVR_6_N001,ALL,1,0,4,4
2022-09-01T19:45:00-00:00,2022-09-01T20:00:00-00:00,2022-09-01,13,BIGRIVR_6_N001,BIGRIVR_6_N001,BIGRIVR_6_N001,RTPD,MCL,LMP_LOSS_PRC,BIGRIVR_6_N001,ALL,1,0,4,4
2022-09-01T20:45:00-00:00,2022-09-01T21:00:00-00:00,2022-09-01,14,BIGRIVR_6_N001,BIGRIVR_6_N001,BIGRIVR_6_N001,RTPD,MCL,LMP_LOSS_PRC,BIGRIVR_6_N001,ALL,1,0,4,4
2022-09-01T21:45:00-00:00,2022-09-01T22:00:00-00:00,2022-09-01,15,BIGRIVR_6_N001,BIGRIVR_6_N001,BIGRIVR_6_N001,RTPD,MCL,LMP_LOSS_PRC,BIGRIVR_6_N001,ALL,1,0,4,4
2022-09-01T22:45:00-00:00,2022-09-01T23:00:00-00:00,2022-09-01,16,BIGRIVR_6_N001,BIGRIVR_6_N001,BIGRIVR_6_N001,RTPD,MCL,LMP_LOSS_PRC,BIGRIVR_6_N001,ALL,1,0,4,4
2022-09-01T23:45:00-00:00,2022-09-02T00:00:00-00:00,2022-09-01,17,BIGRIVR_6_N001,BIGRIVR_6_N001,BIGRIVR_6_N001,RTPD,MCL,LMP_LOSS_PRC,BIGRIVR_6_N001,ALL,1,0,4,4
2022-09-02T00:45:00-00:00,2022-09-02T01:00:00-00:00,2022-09-01,18,BIGRIVR_6_N001,BIGRIVR_6_N001,BIGRIVR_6_N001,RTPD,MCL,LMP_LOSS_PRC,BIGRIVR_6_N001,ALL,1,0,4,4
2022-09-02T01:45:00-00:00,2022-09-02T02:00:00-00:00,2022-09-01,19,BIGRIVR_6_N001,BIGRIVR_6_N001,BIGRIVR_6_N001,RTPD,MCL,LMP_LOSS_PRC,BIGRIVR_6_N001,ALL,1,0,4,4
2022-09-02T02:45:00-00:00,2022-09-02T03:00:00-00:00,2022-09-01,20,BIGRIVR_6_N001,BIGRIVR_6_N001,BIGRIVR_6_N001,RTPD,MCL,LMP_LOSS_PRC,BIGRIVR_6_N001,ALL,1,430.383,4,4
2022-09-02T03:45:00-00:00,2022-09-02T04:00:00-00:00,2022-09-01,21,BIGRIVR_6_N001,BIGRIVR_6_N001,BIGRIVR_6_N001,RTPD,MCL,LMP_LOSS_PRC,BIGRIVR_6_N001,ALL,1,19.6745,4,4
2022-09-02T04:45:00-00:00,2022-09-02T05:00:00-00:00,2022-09-01,22,BIGRIVR_6_N001,BIGRIVR_6_N001,BIGRIVR_6_N001,RTPD,MCL,LMP_LOSS_PRC,BIGRIVR_6_N001,ALL,1,13.8933,4,4
2022-09-02T05:45:00-00:00,2022-09-02T06:00:00-00:00,2022-09-01,23,BIGRIVR_6_N001,BIGRIVR_6_N001,BIGRIVR_6_N001,RTPD,MCL,LMP_LOSS_PRC,BIGRIVR_6_N001,ALL,1,5.93858,4,4
2022-09-02T06:45:00-00:00,2022-09-02T07:00:00-00:00,2022-09-01,24,BIGRIVR_6_N001,BIGRIVR_6_N001,BIGRIVR_6_N001,RTPD,MCL,LMP_LOSS_PRC,BIGRIVR_6_N001,ALL,1,4.44457,4,4
2022-09-01T07:00:00-00:00,2022-09-01T07:15:00-00:00,2022-09-01,01,BIGRIVR_6_N001,BIGRIVR_6_N001,BIGRIVR_6_N001,RTPD,MGHG,LMP_GHG_PRC,BIGRIVR_6_N001,ALL,1,0,1,5
2022-09-01T08:00:00-00:00,2022-09-01T08:15:00-00:00,2022-09-01,02,BIGRIVR_6_N001,BIGRIVR_6_N001,BIGRIVR_6_N001,RTPD,MGHG,LMP_GHG_PRC,BIGRIVR_6_N001,ALL,1,0,1,5
2022-09-01T09:00:00-00:00,2022-09-01T09:15:00-00:00,2022-09-01,03,BIGRIVR_6_N001,BIGRIVR_6_N001,BIGRIVR_6_N001,RTPD,MGHG,LMP_GHG_PRC,BIGRIVR_6_N001,ALL,1,0,1,5
2022-09-01T10:00:00-00:00,2022-09-01T10:15:00-00:00,2022-09-01,04,BIGRIVR_6_N001,BIGRIVR_6_N001,BIGRIVR_6_N001,RTPD,MGHG,LMP_GHG_PRC,BIGRIVR_6_N001,ALL,1,0,1,5
2022-09-01T11:00:00-00:00,2022-09-01T11:15:00-00:00,2022-09-01,05,BIGRIVR_6_N001,BIGRIVR_6_N001,BIGRIVR_6_N001,RTPD,MGHG,LMP_GHG_PRC,BIGRIVR_6_N001,ALL,1,0,1,5
2022-09-01T12:00:00-00:00,2022-09-01T12:15:00-00:00,2022-09-01,06,BIGRIVR_6_N001,BIGRIVR_6_N001,BIGRIVR_6_N001,RTPD,MGHG,LMP_GHG_PRC,BIGRIVR_6_N001,ALL,1,0,1,5
2022-09-01T13:00:00-00:00,2022-09-01T13:15:00-00:00,2022-09-01,07,BIGRIVR_6_N001,BIGRIVR_6_N001,BIGRIVR_6_N001,RTPD,MGHG,LMP_GHG_PRC,BIGRIVR_6_N001,ALL,1,0,1,5
2022-09-01T14:00:00-00:00,2022-09-01T14:15:00-00:00,2022-09-01,08,BIGRIVR_6_N001,BIGRIVR_6_N001,BIGRIVR_6_N001,RTPD,MGHG,LMP_GHG_PRC,BIGRIVR_6_N001,ALL,1,0,1,5
2022-09-01T15:00:00-00:00,2022-09-01T15:15:00-00:00,2022-09-01,09,BIGRIVR_6_N001,BIGRIVR_6_N001,BIGRIVR_6_N001,RTPD,MGHG,LMP_GHG_PRC,BIGRIVR_6_N001,ALL,1,0,1,5
2022-09-01T16:00:00-00:00,2022-09-01T16:15:00-00:00,2022-09-01,10,BIGRIVR_6_N001,BIGRIVR_6_N001,BIGRIVR_6_N001,RTPD,MGHG,LMP_GHG_PRC,BIGRIVR_6_N001,ALL,1,0,1,5
2022-09-01T17:00:00-00:00,2022-09-01T17:15:00-00:00,2022-09-01,11,BIGRIVR_6_N001,BIGRIVR_6_N001,BIGRIVR_6_N001,RTPD,MGHG,LMP_GHG_PRC,BIGRIVR_6_N001,ALL,1,0,1,5
2022-09-01T18:00:00-00:00,2022-09-01T18:15:00-00:00,2022-09-01,12,BIGRIVR_6_N001,BIGRIVR_6_N001,BIGRIVR_6_N001,RTPD,MGHG,LMP_GHG_PRC,BIGRIVR_6_N001,ALL,1,0,1,5
2022-09-01T19:00:00-00:00,2022-09-01T19:15:00-00:00,2022-09-01,13,BIGRIVR_6_N001,BIGRIVR_6_N001,BIGRIVR_6_N001,RTPD,MGHG,LMP_GHG_PRC,BIGRIVR_6_N001,ALL,1,0,1,5
2022-09-01T20:00:00-00:00,2022-09-01T20:15:00-00:00,2022-09-01,14,BIGRIVR_6_N001,BIGRIVR_6_N001,BIGRIVR_6_N001,RTPD,MGHG,LMP_GHG_PRC,BIGRIVR_6_N001,ALL,1,0,1,5
2022-09-01T21:00:00-00:00,2022-09-01T21:15:00-00:00,2022-09-01,15,BIGRIVR_6_N001,BIGRIVR_6_N001,BIGRIVR_6_N001,RTPD,MGHG,LMP_GHG_PRC,BIGRIVR_6_N001,ALL,1,0,1,5
2022-09-01T22:00:00-00:00,2022-09-01T22:15:00-00:00,2022-09-01,16,BIGRIVR_6_N001,BIGRIVR_6_N001,BIGRIVR_6_N001,RTPD,MGHG,LMP_GHG_PRC,BIGRIVR_6_N001,ALL,1,0,1,5
2022-09-01T23:00:00-00:00,2022-09-01T23:15:00-00:00,2022-09-01,17,BIGRIVR_6_N001,BIGRIVR_6_N001,BIGRIVR_6_N001,RTPD,MGHG,LMP_GHG_PRC,BIGRIVR_6_N001,ALL,1,0,1,5
2022-09-02T00:00:00-00:00,2022-09-02T00:15:00-00:00,2022-09-01,18,BIGRIVR_6_N001,BIGRIVR_6_N001,BIGRIVR_6_N001,RTPD,MGHG,LMP_GHG_PRC,BIGRIVR_6_N001,ALL,1,0,1,5
2022-09-02T01:00:00-00:00,2022-09-02T01:15:00-00:00,2022-09-01,19,BIGRIVR_6_N001,BIGRIVR_6_N001,BIGRIVR_6_N001,RTPD,MGHG,LMP_GHG_PRC,BIGRIVR_6_N001,ALL,1,0,1,5
2022-09-02T02:00:00-00:00,2022-09-02T02:15:00-00:00,2022-09-01,20,BIGRIVR_6_N001,BIGRIVR_6_N001,BIGRIVR_6_N001,RTPD,MGHG,LMP_GHG_PRC,BIGRIVR_6_N001,ALL,1,0,1,5
2022-09-02T03:00:00-00:00,2022-09-02T03:15:00-00:00,2022-09-01,21,BIGRIVR_6_N001,BIGRIVR_6_N001,BIGRIVR_6_N001,RTPD,MGHG,LMP_GHG_PRC,BIGRIVR_6_N001,ALL,1,0,1,5
2022-09-02T04:00:00-00:00,2022-09-02T04:15:00-00:00,2022-09-01,22,BIGRIVR_6_N001,BIGRIVR_6_N001,BIGRIVR_6_N001,RTPD,MGHG,LMP_GHG_PRC,BIGRIVR_6_N001,ALL,1,0,1,5
2022-09-02T05:00:00-00:00,2022-09-02T05:15:00-00:00,2022-09-01,23,BIGRIVR_6_N001,BIGRIVR_6_N001,BIGRIVR_6_N001,RTPD,MGHG,LMP_GHG_PRC,BIGRIVR_6_N001,ALL,1,0,1,5
2022-09-02T06:00:00-00:00,2022-09-02T06:15:00-00:00,2022-09-01,24,BIGRIVR_6_N001,BIGRIVR_6_N001,BIGRIVR_6_N001,RTPD,MGHG,LMP_GHG_PRC,BIGRIVR_6_N001,ALL,1,0,1,5
2022-09-01T07:15:00-00:00,2022-09-01T07:30:00-00:00,2022-09-01,01,BIGRIVR_6_N001,BIGRIVR_6_N001,BIGRIVR_6_N001,RTPD,MGHG,LMP_GHG_PRC,BIGRIVR_6_N001,ALL,1,0,2,5
2022-09-01T08:15:00-00:00,2022-09-01T08:30:00-00:00,2022-09-01,02,BIGRIVR_6_N001,BIGRIVR_6_N001,BIGRIVR_6_N001,RTPD,MGHG,LMP_GHG_PRC,BIGRIVR_6_N001,ALL,1,0,2,5
2022-09-01T09:15:00-00:00,2022-09-01T09:30:00-00:00,2022-09-01,03,BIGRIVR_6_N001,BIGRIVR_6_N001,BIGRIVR_6_N001,RTPD,MGHG,LMP_GHG_PRC,BIGRIVR_6_N001,ALL,1,0,2,5
2022-09-01T10:15:00-00:00,2022-09-01T10:30:00-00:00,2022-09-01,04,BIGRIVR_6_N001,BIGRIVR_6_N001,BIGRIVR_6_N001,RTPD,MGHG,LMP_GHG_PRC,BIGRIVR_6_N001,ALL,1,0,2,5
2022-09-01T11:15:00-00:00,2022-09-01T11:30:00-00:00,2022-09-01,05,BIGRIVR_6_N001,BIGRIVR_6_N001,BIGRIVR_6_N001,RTPD,MGHG,LMP_GHG_PRC,BIGRIVR_6_N001,ALL,1,0,2,5
2022-09-01T12:15:00-00:00,2022-09-01T12:30:00-00:00,2022-09-01,06,BIGRIVR_6_N001,BIGRIVR_6_N001,BIGRIVR_6_N001,RTPD,MGHG,LMP_GHG_PRC,BIGRIVR_6_N001,ALL,1,0,2,5
2022-09-01T13:15:00-00:00,2022-09-01T13:30:00-00:00,2022-09-01,07,BIGRIVR_6_N001,BIGRIVR_6_N001,BIGRIVR_6_N001,RTPD,MGHG,LMP_GHG_PRC,BIGRIVR_6_N001,ALL,1,0,2,5
2022-09-01T14:15:00-00:00,2022-09-01T14:30:00-00:00,2022-09-01,08,BIGRIVR_6_N001,BIGRIVR_6_N001,BIGRIVR_6_N001,RTPD,MGHG,LMP_GHG_PRC,BIGRIVR_6_N001,ALL,1,0,2,5
2022-09-01T15:15:00-00:00,2022-09-01T15:30:00-00:00,2022-09-01,09,BIGRIVR_6_N001,BIGRIVR_6_N001,BIGRIVR_6_N001,RTPD,MGHG,LMP_GHG_PRC,BIGRIVR_6_N001,ALL,1,0,2,5
2022-09-01T16:15:00-00:00,2022-09-01T16:30:00-00:00,2022-09-01,10,BIGRIVR_6_N001,BIGRIVR_6_N001,BIGRIVR_6_N001,RTPD,MGHG,LMP_GHG_PRC,BIGRIVR_6_N001,ALL,1,0,2,5
2022-09-01T17:15:00-00:00,2022-09-01T17:30:00-00:00,2022-09-01,11,BIGRIVR_6_N001,BIGRIVR_6_N001,BIGRIVR_6_N001,RTPD,MGHG,LMP_GHG_PRC,BIGRIVR_6_N001,ALL,1,0,2,5
2022-09-01T18:15:00-00:00,2022-09-01T18:30:00-00:00,2022-09-01,12,BIGRIVR_6_N001,BIGRIVR_6_N001,BIGRIVR_6_N001,RTPD,MGHG,LMP_GHG_PRC,BIGRIVR_6_N001,ALL,1,0,2,5
2022-09-01T19:15:00-00:00,2022-09-01T19:30:00-00:00,2022-09-01,13,BIGRIVR_6_N001,BIGRIVR_6_N001,BIGRIVR_6_N001,RTPD,MGHG,LMP_GHG_PRC,BIGRIVR_6_N001,ALL,1,0,2,5
2022-09-01T20:15:00-00:00,2022-09-01T20:30:00-00:00,2022-09-01,14,BIGRIVR_6_N001,BIGRIVR_6_N001,BIGRIVR_6_N001,RTPD,MGHG,LMP_GHG_PRC,BIGRIVR_6_N001,ALL,1,0,2,5
2022-09-01T21:15:00-00:00,2022-09-01T21:30:00-00:00,2022-09-01,15,BIGRIVR_6_N001,BIGRIVR_6_N001,BIGRIVR_6_N001,RTPD,MGHG,LMP_GHG_PRC,BIGRIVR_6_N001,ALL,1,0,2,5
2022-09-01T22:15:00-00:00,2022-09-01T22:30:00-00:00,2022-09-01,16,BIGRIVR_6_N001,BIGRIVR_6_N001,BIGRIVR_6_N001,RTPD,MGHG,LMP_GHG_PRC,BIGRIVR_6_N001,ALL,1,0,2,5
2022-09-01T23:15:00-00:00,2022-09-01T23:30:00-00:00,2022-09-01,17,BIGRIVR_6_N001,BIGRIVR_6_N001,BIGRIVR_6_N001,RTPD,MGHG,LMP_GHG_PRC,BIGRIVR_6_N001,ALL,1,0,2,5
2022-09-02T00:15:00-00:00,2022-09-02T00:30:00-00:00,2022-09-01,18,BIGRIVR_6_N001,BIGRIVR_6_N001,BIGRIVR_6_N001,RTPD,MGHG,LMP_GHG_PRC,BIGRIVR_6_N001,ALL,1,0,2,5
2022-09-02T01:15:00-00:00,2022-09-02T01:30:00-00:00,2022-09-01,19,BIGRIVR_6_N001,BIGRIVR_6_N001,BIGRIVR_6_N001,RTPD,MGHG,LMP_GHG_PRC,BIGRIVR_6_N001,ALL,1,0,2,5
2022-09-02T02:15:00-00:00,2022-09-02T02:30:00-00:00,2022-09-01,20,BIGRIVR_6_N001,BIGRIVR_6_N001,BIGRIVR_6_N001,RTPD,MGHG,LMP_GHG_PRC,BIGRIVR_6_N001,ALL,1,0,2,5
2022-09-02T03:15:00-00:00,2022-09-02T03:30:00-00:00,2022-09-01,21,BIGRIVR_6_N001,BIGRIVR_6_N001,BIGRIVR_6_N001,RTPD,MGHG,LMP_GHG_PRC,BIGRIVR_6_N001,ALL,1,0,2,5
2022-09-02T04:15:00-00:00,2022-09-02T04:30:00-00:00,2022-09-01,22,BIGRIVR_6_N001,BIGRIVR_6_N001,BIGRIVR_6_N001,RTPD,MGHG,LMP_GHG_PRC,BIGRIVR_6_N001,ALL,1,0,2,5
2022-09-02T05:15:00-00:00,2022-09-02T05:30:00-00:00,2022-09-01,23,BIGRIVR_6_N001,BIGRIVR_6_N001,BIGRIVR_6_N001,RTPD,MGHG,LMP_GHG_PRC,BIGRIVR_6_N001,ALL,1,0,2,5
2022-09-02T06:15:00-00:00,2022-09-02T06:30:00-00:00,2022-09-01,24,BIGRIVR_6_N001,BIGRIVR_6_N001,BIGRIVR_6_N001,RTPD,MGHG,LMP_GHG_PRC,BIGRIVR_6_N001,ALL,1,0,2,5
2022-09-01T07:30:00-00:00,2022-09-01T07:45:00-00:00,2022-09-01,01,BIGRIVR_6_N001,BIGRIVR_6_N001,BIGRIVR_6_N001,RTPD,MGHG,LMP_GHG_PRC,BIGRIVR_6_N001,ALL,1,0,3,5
2022-09-01T08:30:00-00:00,2022-09-01T08:45:00-00:00,2022-09-01,02,BIGRIVR_6_N001,BIGRIVR_6_N001,BIGRIVR_6_N001,RTPD,MGHG,LMP_GHG_PRC,BIGRIVR_6_N001,ALL,1,0,3,5
2022-09-01T09:30:00-00:00,2022-09-01T09:45:00-00:00,2022-09-01,03,BIGRIVR_6_N001,BIGRIVR_6_N001,BIGRIVR_6_N001,RTPD,MGHG,LMP_GHG_PRC,BIGRIVR_6_N001,ALL,1,0,3,5
2022-09-01T10:30:00-00:00,2022-09-01T10:45:00-00:00,2022-09-01,04,BIGRIVR_6_N001,BIGRIVR_6_N001,BIGRIVR_6_N001,RTPD,MGHG,LMP_GHG_PRC,BIGRIVR_6_N001,ALL,1,0,3,5
2022-09-01T11:30:00-00:00,2022-09-01T11:45:00-00:00,2022-09-01,05,BIGRIVR_6_N001,BIGRIVR_6_N001,BIGRIVR_6_N001,RTPD,MGHG,LMP_GHG_PRC,BIGRIVR_6_N001,ALL,1,0,3,5
2022-09-01T12:30:00-00:00,2022-09-01T12:45:00-00:00,2022-09-01,06,BIGRIVR_6_N001,BIGRIVR_6_N001,BIGRIVR_6_N001,RTPD,MGHG,LMP_GHG_PRC,BIGRIVR_6_N001,ALL,1,0,3,5
2022-09-01T13:30:00-00:00,2022-09-01T13:45:00-00:00,2022-09-01,07,BIGRIVR_6_N001,BIGRIVR_6_N001,BIGRIVR_6_N001,RTPD,MGHG,LMP_GHG_PRC,BIGRIVR_6_N001,ALL,1,0,3,5
2022-09-01T14:30:00-00:00,2022-09-01T14:45:00-00:00,2022-09-01,08,BIGRIVR_6_N001,BIGRIVR_6_N001,BIGRIVR_6_N001,RTPD,MGHG,LMP_GHG_PRC,BIGRIVR_6_N001,ALL,1,0,3,5
2022-09-01T15:30:00-00:00,2022-09-01T15:45:00-00:00,2022-09-01,09,BIGRIVR_6_N001,BIGRIVR_6_N001,BIGRIVR_6_N001,RTPD,MGHG,LMP_GHG_PRC,BIGRIVR_6_N001,ALL,1,0,3,5
2022-09-01T16:30:00-00:00,2022-09-01T16:45:00-00:00,2022-09-01,10,BIGRIVR_6_N001,BIGRIVR_6_N001,BIGRIVR_6_N001,RTPD,MGHG,LMP_GHG_PRC,BIGRIVR_6_N001,ALL,1,0,3,5
2022-09-01T17:30:00-00:00,2022-09-01T17:45:00-00:00,2022-09-01,11,BIGRIVR_6_N001,BIGRIVR_6_N001,BIGRIVR_6_N001,RTPD,MGHG,LMP_GHG_PRC,BIGRIVR_6_N001,ALL,1,0,3,5
2022-09-01T18:30:00-00:00,2022-09-01T18:45:00-00:00,2022-09-01,12,BIGRIVR_6_N001,BIGRIVR_6_N001,BIGRIVR_6_N001,RTPD,MGHG,LMP_GHG_PRC,BIGRIVR_6_N001,ALL,1,0,3,5
2022-09-01T19:30:00-00:00,2022-09-01T19:45:00-00:00,2022-09-01,13,BIGRIVR_6_N001,BIGRIVR_6_N001,BIGRIVR_6_N001,RTPD,MGHG,LMP_GHG_PRC,BIGRIVR_6_N001,ALL,1,0,3,5
2022-09-01T20:30:00-00:00,2022-09-01T20:45:00-00:00,2022-09-01,14,BIGRIVR_6_N001,BIGRIVR_6_N001,BIGRIVR_6_N001,RTPD,MGHG,LMP_GHG_PRC,BIGRIVR_6_N001,ALL,1,0,3,5
2022-09-01T21:30:00-00:00,2022-09-01T21:45:00-00:00,2022-09-01,15,BIGRIVR_6_N001,BIGRIVR_6_N001,BIGRIVR_6_N001,RTPD,MGHG,LMP_GHG_PRC,BIGRIVR_6_N001,ALL,1,0,3,5
2022-09-01T22:30:00-00:00,2022-09-01T22:45:00-00:00,2022-09-01,16,BIGRIVR_6_N001,BIGRIVR_6_N001,BIGRIVR_6_N001,RTPD,MGHG,LMP_GHG_PRC,BIGRIVR_6_N001,ALL,1,0,3,5
2022-09-01T23:30:00-00:00,2022-09-01T23:45:00-00:00,2022-09-01,17,BIGRIVR_6_N001,BIGRIVR_6_N001,BIGRIVR_6_N001,RTPD,MGHG,LMP_GHG_PRC,BIGRIVR_6_N001,ALL,1,0,3,5
2022-09-02T00:30:00-00:00,2022-09-02T00:45:00-00:00,2022-09-01,18,BIGRIVR_6_N001,BIGRIVR_6_N001,BIGRIVR_6_N001,RTPD,MGHG,LMP_GHG_PRC,BIGRIVR_6_N001,ALL,1,0,3,5
2022-09-02T01:30:00-00:00,2022-09-02T01:45:00-00:00,2022-09-01,19,BIGRIVR_6_N001,BIGRIVR_6_N001,BIGRIVR_6_N001,RTPD,MGHG,LMP_GHG_PRC,BIGRIVR_6_N001,ALL,1,0,3,5
2022-09-02T02:30:00-00:00,2022-09-02T02:45:00-00:00,2022-09-01,20,BIGRIVR_6_N001,BIGRIVR_6_N001,BIGRIVR_6_N001,RTPD,MGHG,LMP_GHG_PRC,BIGRIVR_6_N001,ALL,1,0,3,5
2022-09-02T03:30:00-00:00,2022-09-02T03:45:00-00:00,2022-09-01,21,BIGRIVR_6_N001,BIGRIVR_6_N001,BIGRIVR_6_N001,RTPD,MGHG,LMP_GHG_PRC,BIGRIVR_6_N001,ALL,1,0,3,5
2022-09-02T04:30:00-00:00,2022-09-02T04:45:00-00:00,2022-09-01,22,BIGRIVR_6_N001,BIGRIVR_6_N001,BIGRIVR_6_N001,RTPD,MGHG,LMP_GHG_PRC,BIGRIVR_6_N001,ALL,1,0,3,5
2022-09-02T05:30:00-00:00,2022-09-02T05:45:00-00:00,2022-09-01,23,BIGRIVR_6_N001,BIGRIVR_6_N001,BIGRIVR_6_N001,RTPD,MGHG,LMP_GHG_PRC,BIGRIVR_6_N001,ALL,1,0,3,5
2022-09-02T06:30:00-00:00,2022-09-02T06:45:00-00:00,2022-09-01,24,BIGRIVR_6_N001,BIGRIVR_6_N001,BIGRIVR_6_N001,RTPD,MGHG,LMP_GHG_PRC,BIGRIVR_6_N001,ALL,1,0,3,5
2022-09-01T07:45:00-00:00,2022-09-01T08:00:00-00:00,2022-09-01,01,BIGRIVR_6_N001,BIGRIVR_6_N001,BIGRIVR_6_N001,RTPD,MGHG,LMP_GHG_PRC,BIGRIVR_6_N001,ALL,1,0,4,5
2022-09-01T08:45:00-00:00,2022-09-01T09:00:00-00:00,2022-09-01,02,BIGRIVR_6_N001,BIGRIVR_6_N001,BIGRIVR_6_N001,RTPD,MGHG,LMP_GHG_PRC,BIGRIVR_6_N001,ALL,1,0,4,5
2022-09-01T09:45:00-00:00,2022-09-01T10:00:00-00:00,2022-09-01,03,BIGRIVR_6_N001,BIGRIVR_6_N001,BIGRIVR_6_N001,RTPD,MGHG,LMP_GHG_PRC,BIGRIVR_6_N001,ALL,1,0,4,5
2022-09-01T10:45:00-00:00,2022-09-01T11:00:00-00:00,2022-09-01,04,BIGRIVR_6_N001,BIGRIVR_6_N001,BIGRIVR_6_N001,RTPD,MGHG,LMP_GHG_PRC,BIGRIVR_6_N001,ALL,1,0,4,5
2022-09-01T11:45:00-00:00,2022-09-01T12:00:00-00:00,2022-09-01,05,BIGRIVR_6_N001,BIGRIVR_6_N001,BIGRIVR_6_N001,RTPD,MGHG,LMP_GHG_PRC,BIGRIVR_6_N001,ALL,1,0,4,5
2022-09-01T12:45:00-00:00,2022-09-01T13:00:00-00:00,2022-09-01,06,BIGRIVR_6_N001,BIGRIVR_6_N001,BIGRIVR_6_N001,RTPD,MGHG,LMP_GHG_PRC,BIGRIVR_6_N001,ALL,1,0,4,5
2022-09-01T13:45:00-00:00,2022-09-01T14:00:00-00:00,2022-09-01,07,BIGRIVR_6_N001,BIGRIVR_6_N001,BIGRIVR_6_N001,RTPD,MGHG,LMP_GHG_PRC,BIGRIVR_6_N001,ALL,1,0,4,5
2022-09-01T14:45:00-00:00,2022-09-01T15:00:00-00:00,2022-09-01,08,BIGRIVR_6_N001,BIGRIVR_6_N001,BIGRIVR_6_N001,RTPD,MGHG,LMP_GHG_PRC,BIGRIVR_6_N001,ALL,1,0,4,5
2022-09-01T15:45:00-00:00,2022-09-01T16:00:00-00:00,2022-09-01,09,BIGRIVR_6_N001,BIGRIVR_6_N001,BIGRIVR_6_N001,RTPD,MGHG,LMP_GHG_PRC,BIGRIVR_6_N001,ALL,1,0,4,5
2022-09-01T16:45:00-00:00,2022-09-01T17:00:00-00:00,2022-09-01,10,BIGRIVR_6_N001,BIGRIVR_6_N001,BIGRIVR_6_N001,RTPD,MGHG,LMP_GHG_PRC,BIGRIVR_6_N001,ALL,1,0,4,5
2022-09-01T17:45:00-00:00,2022-09-01T18:00:00-00:00,2022-09-01,11,BIGRIVR_6_N001,BIGRIVR_6_N001,BIGRIVR_6_N001,RTPD,MGHG,LMP_GHG_PRC,BIGRIVR_6_N001,ALL,1,0,4,5
2022-09-01T18:45:00-00:00,2022-09-01T19:00:00-00:00,2022-09-01,12,BIGRIVR_6_N001,BIGRIVR_6_N001,BIGRIVR_6_N001,RTPD,MGHG,LMP_GHG_PRC,BIGRIVR_6_N001,ALL,1,0,4,5
2022-09-01T19:45:00-00:00,2022-09-01T20:00:00-00:00,2022-09-01,13,BIGRIVR_6_N001,BIGRIVR_6_N001,BIGRIVR_6_N001,RTPD,MGHG,LMP_GHG_PRC,BIGRIVR_6_N001,ALL,1,0,4,5
2022-09-01T20:45:00-00:00,2022-09-01T21:00:00-00:00,2022-09-01,14,BIGRIVR_6_N001,BIGRIVR_6_N001,BIGRIVR_6_N001,RTPD,MGHG,LMP_GHG_PRC,BIGRIVR_6_N001,ALL,1,0,4,5
2022-09-01T21:45:00-00:00,2022-09-01T22:00:00-00:00,2022-09-01,15,BIGRIVR_6_N001,BIGRIVR_6_N001,BIGRIVR_6_N001,RTPD,MGHG,LMP_GHG_PRC,BIGRIVR_6_N001,ALL,1,0,4,5
2022-09-01T22:45:00-00:00,2022-09-01T23:00:00-00:00,2022-09-01,16,BIGRIVR_6_N001,BIGRIVR_6_N001,BIGRIVR_6_N001,RTPD,MGHG,LMP_GHG_PRC,BIGRIVR_6_N001,ALL,1,0,4,5
2022-09-01T23:45:00-00:00,2022-09-02T00:00:00-00:00,2022-09-01,17,BIGRIVR_6_N001,BIGRIVR_6_N001,BIGRIVR_6_N001,RTPD,MGHG,LMP_GHG_PRC,BIGRIVR_6_N001,ALL,1,0,4,5
2022-09-02T00:45:00-00:00,2022-09-02T01:00:00-00:00,2022-09-01,18,BIGRIVR_6_N001,BIGRIVR_6_N001,BIGRIVR_6_N001,RTPD,MGHG,LMP_GHG_PRC,BIGRIVR_6_N001,ALL,1,0,4,5
2022-09-02T01:45:00-00:00,2022-09-02T02:00:00-00:00,2022-09-01,19,BIGRIVR_6_N001,BIGRIVR_6_N001,BIGRIVR_6_N001,RTPD,MGHG,LMP_GHG_PRC,BIGRIVR_6_N001,ALL,1,0,4,5
2022-09-02T02:45:00-00:00,2022-09-02T03:00:00-00:00,2022-09-01,20,BIGRIVR_6_N001,BIGRIVR_6_N001,BIGRIVR_6_N001,RTPD,MGHG,LMP_GHG_PRC,BIGRIVR_6_N001,ALL,1,0,4,5
2022-09-02T03:45:00-00:00,2022-09-02T04:00:00-00:00,2022-09-01,21,BIGRIVR_6_N001,BIGRIVR_6_N001,BIGRIVR_6_N001,RTPD,MGHG,LMP_GHG_PRC,BIGRIVR_6_N001,ALL,1,0,4,5
2022-09-02T04:45:00-00:00,2022-09-02T05:00:00-00:00,2022-09-01,22,BIGRIVR_6_N001,BIGRIVR_6_N001,BIGRIVR_6_N001,RTPD,MGHG,LMP_GHG_PRC,BIGRIVR_6_N001,ALL,1,0,4,5
2022-09-02T05:45:00-00:00,2022-09-02T06:00:00-00:00,2022-09-01,23,BIGRIVR_6_N001,BIGRIVR_6_N001,BIGRIVR_6_N001,RTPD,MGHG,LMP_GHG_PRC,BIGRIVR_6_N001,ALL,1,0,4,5
2022-09-02T06:45:00-00:00,2022-09-02T07:00:00-00:00,2022-09-01,24,BIGRIVR_6_N001,BIGRIVR_6_N001,BIGRIVR_6_N001,RTPD,MGHG,LMP_GHG_PRC,BIGRIVR_6_N001,ALL,1,0,4,5
