INTERVALSTARTTIME_GMT,INTERVALENDTIME_GMT,OPR_DT,OPR_HR,NODE_ID_XML,NODE_ID,NODE,MARKET_RUN_ID,LMP_TYPE,XML_DATA_ITEM,PNODE_RESMRID,GRP_TYPE,POS,PRC,OPR_INTERVAL,GROUP
2022-09-01T07:00:00-00:00,2022-09-01T07:15:00-00:00,2022-09-01,01,ALAMT6G_7_B1,ALAMT6G_7_B1,ALAMT6G_7_B1,RTPD,LMP,LMP_PRC,ALAMT6G_7_B1,ALL,1,159.82677,1,1
2022-09-01T08:00:00-00:00,2022-09-01T08:15:00-00:00,2022-09-01,02,ALAMT6G_7_B1,ALAMT6G_7_B1,ALAMT6G_7_B1,RTPD,LMP,LMP_PRC,ALAMT6G_7_B1,ALL,1,118.72851,1,1
2022-09-01T09:00:00-00:00,2022-09-01T09:15:00-00:00,2022-09-01,03,ALAMT6G_7_B1,ALAMT6G_7_B1,ALAMT6G_7_B1,RTPD,LMP,LMP_PRC,ALAMT6G_7_B1,ALL,1,113.04676,1,1
2022-09-01T10:00:00-00:00,2022-09-01T10:15:00-00:00,2022-09-01,04,ALAMT6G_7_B1,ALAMT6G_7_B1,ALAMT6G_7_B1,RTPD,LMP,LMP_PRC,ALAMT6G_7_B1,ALL,1,111.2554,1,1
2022-09-01T11:00:00-00:00,2022-09-01T11:15:00-00:00,2022-09-01,05,ALAMT6G_7_B1,ALAMT6G_7_B1,ALAMT6G_7_B1,RTPD,LMP,LMP_PRC,ALAMT6G_7_B1,ALL,1,111.32795,1,1
2022-09-01T12:00:00-00:00,2022-09-01T12:15:00-00:00,2022-09-01,06,ALAMT6G_7_B1,ALAMT6G_7_B1,ALAMT6G_7_B1,RTPD,LMP,LMP_PRC,ALAMT6G_7_B1,ALL,1,114.63382,1,1
2022-09-01T13:00:00-00:00,2022-09-01T13:15:00-00:00,2022-09-01,07,ALAMT6G_7_B1,ALAMT6G_7_B1,ALAMT6G_7_B1,RTPD,LMP,LMP_PRC,ALAMT6G_7_B1,ALL,1,115.28328,1,1
2022-09-01T14:00:00-00:00,2022-09-01T14:15:00-00:00,2022-09-01,08,ALAMT6G_7_B1,ALAMT6G_7_B1,ALAMT6G_7_B1,RTPD,LMP,LMP_PRC,ALAMT6G_7_B1,ALL,1,129.49323,1,1
2022-09-01T15:00:00-00:00,2022-09-01T15:15:00-00:00,2022-09-01,09,ALAMT6G_7_B1,ALAMT6G_7_B1,ALAMT6G_7_B1,RTPD,LMP,LMP_PRC,ALAMT6G_7_B1,ALL,1,128.62827,1,1
2022-09-01T16:00:00-00:00,2022-09-01T16:15:00-00:00,2022-09-01,10,ALAMT6G_7_B1,ALAMT6G_7_B1,ALAMT6G_7_B1,RTPD,LMP,LMP_PRC,ALAMT6G_7_B1,ALL,1,106.98449,1,1
2022-09-01T17:00:00-00:00,2022-09-01T17:15:00-00:00,2022-09-01,11,ALAMT6G_7_B1,ALAMT6G_7_B1,ALAMT6G_7_B1,RTPD,LMP,LMP_PRC,ALAMT6G_7_B1,ALL,1,133.55144,1,1
2022-09-01T18:00:00-00:00,2022-09-01T18:15:00-00:00,2022-09-01,12,ALAMT6G_7_B1,ALAMT6G_7_B1,ALAMT6G_7_B1,RTPD,LMP,LMP_PRC,ALAMT6G_7_B1,ALL,1,142.86534,1,1
2022-09-01T19:00:00-00:00,2022-09-01T19:15:00-00:00,2022-09-01,13,ALAMT6G_7_B1,ALAMT6G_7_B1,ALAMT6G_7_B1,RTPD,LMP,LMP_PRC,ALAMT6G_7_B1,ALL,1,178.50496,1,1
2022-09-01T20:00:00-00:00,2022-09-01T20:15:00-00:00,2022-09-01,14,ALAMT6G_7_B1,ALAMT6G_7_B1,ALAMT6G_7_B1,RTPD,LMP,LMP_PRC,ALAMT6G_7_B1,ALL,1,121.20255,1,1
2022-09-01T21:00:00-00:00,2022-09-01T21:15:00-00:00,2022-09-01,15,ALAMT6G_7_B1,ALAMT6G_7_B1,ALAMT6G_7_B1,RTPD,LMP,LMP_PRC,ALAMT6G_7_B1,ALL,1,450.2211,1,1
2022-09-01T22:00:00-00:00,2022-09-01T22:15:00-00:00,2022-09-01,16,ALAMT6G_7_B1,ALAMT6G_7_B1,ALAMT6G_7_B1,RTPD,LMP,LMP_PRC,ALAMT6G_7_B1,ALL,1,424.16513,1,1
2022-09-01T23:00:00-00:00,2022-09-01T23:15:00-00:00,2022-09-01,17,ALAMT6G_7_B1,ALAMT6G_7_B1,ALAMT6G_7_B1,RTPD,LMP,LMP_PRC,ALAMT6G_7_B1,ALL,1,774.4571,1,1
2022-09-02T00:00:00-00:00,2022-09-02T00:15:00-00:00,2022-09-01,18,ALAMT6G_7_B1,ALAMT6G_7_B1,ALAMT6G_7_B1,RTPD,LMP,LMP_PRC,ALAMT6G_7_B1,ALL,1,1185.5768,1,1
2022-09-02T01:00:00-00:00,2022-09-02T01:15:00-00:00,2022-09-01,19,ALAMT6G_7_B1,ALAMT6G_7_B1,ALAMT6G_7_B1,RTPD,LMP,LMP_PRC,ALAMT6G_7_B1,ALL,1,1117.1116,1,1
2022-09-02T02:00:00-00:00,2022-09-02T02:15:00-00:00,2022-09-01,20,ALAMT6G_7_B1,ALAMT6G_7_B1,ALAMT6G_7_B1,RTPD,LMP,LMP_PRC,ALAMT6G_7_B1,ALL,1,2049.805,1,1
2022-09-02T03:00:00-00:00,2022-09-02T03:15:00-00:00,2022-09-01,21,ALAMT6G_7_B1,ALAMT6G_7_B1,ALAMT6G_7_B1,RTPD,LMP,LMP_PRC,ALAMT6G_7_B1,ALL,1,1314.9462,1,1
2022-09-02T04:00:00-00:00,2022-09-02T04:15:00-00:00,2022-09-01,22,ALAMT6G_7_B1,ALAMT6G_7_B1,ALAMT6G_7_B1,RTPD,LMP,LMP_PRC,ALAMT6G_7_B1,ALL,1,228.49481,1,1
2022-09-02T05:00:00-00:00,2022-09-02T05:15:00-00:00,2022-09-01,23,ALAMT6G_7_B1,ALAMT6G_7_B1,ALAMT6G_7_B1,RTPD,LMP,LMP_PRC,ALAMT6G_7_B1,ALL,1,215.28676,1,1
2022-09-02T06:00:00-00:00,2022-09-02T06:15:00-00:00,2022-09-01,24,ALAMT6G_7_B1,ALAMT6G_7_B1,ALAMT6G_7_B1,RTPD,LMP,LMP_PRC,ALAMT6G_7_B1,ALL,1,170.40463,1,1
2022-09-01T07:15:00-00:00,2022-09-01T07:30:00-00:00,2022-09-01,01,ALAMT6G_7_B1,ALAMT6G_7_B1,ALAMT6G_7_B1,RTPD,LMP,LMP_PRC,ALAMT6G_7_B1,ALL,1,134.94951,2,1
2022-09-01T08:15:00-00:00,2022-09-01T08:30:00-00:00,2022-09-01,02,ALAMT6G_7_B1,ALAMT6G_7_B1,ALAMT6G_7_B1,RTPD,LMP,LMP_PRC,ALAMT6G_7_B1,ALL,1,116.39957,2,1
2022-09-01T09:15:00-00:00,2022-09-01T09:30:00-00:00,2022-09-01,03,ALAMT6G_7_B1,ALAMT6G_7_B1,ALAMT6G_7_B1,RTPD,LMP,LMP_PRC,ALAMT6G_7_B1,ALL,1,112.78938,2,1
2022-09-01T10:15:00-00:00,2022-09-01T10:30:00-00:00,2022-09-01,04,ALAMT6G_7_B1,ALAMT6G_7_B1,ALAMT6G_7_B1,RTPD,LMP,LMP_PRC,ALAMT6G_7_B1,ALL,1,111.23485,2,1
2022-09-01T11:15:00-00:00,2022-09-01T11:30:00-00:00,2022-09-01,05,ALAMT6G_7_B1,ALAMT6G_7_B1,ALAMT6G_7_B1,RTPD,LMP,LMP_PRC,ALAMT6G_7_B1,ALL,1,111.95638,2,1
2022-09-01T12:15:00-00:00,2022-09-01T12:30:00-00:00,2022-09-01,06,ALAMT6G_7_B1,ALAMT6G_7_B1,ALAMT6G_7_B1,RTPD,LMP,LMP_PRC,ALAMT6G_7_B1,ALL,1,124.31263,2,1
2022-09-01T13:15:00-00:00,2022-09-01T13:30:00-00:00,2022-09-01,07,ALAMT6G_7_B1,ALAMT6G_7_B1,ALAMT6G_7_B1,RTPD,LMP,LMP_PRC,ALAMT6G_7_B1,ALL,1,120.51246,2,1
2022-09-01T14:15:00-00:00,2022-09-01T14:30:00-00:00,2022-09-01,08,ALAMT6G_7_B1,ALAMT6G_7_B1,ALAMT6G_7_B1,RTPD,LMP,LMP_PRC,ALAMT6G_7_B1,ALL,1,126.11949,2,1
2022-09-01T15:15:00-00:00,2022-09-01T15:30:00-00:00,2022-09-01,09,ALAMT6G_7_B1,ALAMT6G_7_B1,ALAMT6G_7_B1,RTPD,LMP,LMP_PRC,ALAMT6G_7_B1,ALL,1,119.94317,2,1
2022-09-01T16:15:00-00:00,2022-09-01T16:30:00-00:00,2022-09-01,10,ALAMT6G_7_B1,ALAMT6G_7_B1,ALAMT6G_7_B1,RTPD,LMP,LMP_PRC,ALAMT6G_7_B1,ALL,1,113.26144,2,1
2022-09-01T17:15:00-00:00,2022-09-01T17:30:00-00:00,2022-09-01,11,ALAMT6G_7_B1,ALAMT6G_7_B1,ALAMT6G_7_B1,RTPD,LMP,LMP_PRC,ALAMT6G_7_B1,ALL,1,140.167,2,1
2022-09-01T18:15:00-00:00,2022-09-01T18:30:00-00:00,2022-09-01,12,ALAMT6G_7_B1,ALAMT6G_7_B1,ALAMT6G_7_B1,RTPD,LMP,LMP_PRC,ALAMT6G_7_B1,ALL,1,150.988,2,1
2022-09-01T19:15:00-00:00,2022-09-01T19:30:00-00:00,2022-09-01,13,ALAMT6G_7_B1,ALAMT6G_7_B1,ALAMT6G_7_B1,RTPD,LMP,LMP_PRC,ALAMT6G_7_B1,ALL,1,152.3675,2,1
2022-09-01T20:15:00-00:00,2022-09-01T20:30:00-00:00,2022-09-01,14,ALAMT6G_7_B1,ALAMT6G_7_B1,ALAMT6G_7_B1,RTPD,LMP,LMP_PRC,ALAMT6G_7_B1,ALL,1,120.21757,2,1
2022-09-01T21:15:00-00:00,2022-09-01T21:30:00-00:00,2022-09-01,15,ALAMT6G_7_B1,ALAMT6G_7_B1,ALAMT6G_7_B1,RTPD,LMP,LMP_PRC,ALAMT6G_7_B1,ALL,1,202.42545,2,1
2022-09-01T22:15:00-00:00,2022-09-01T22:30:00-00:00,2022-09-01,16,ALAMT6G_7_B1,ALAMT6G_7_B1,ALAMT6G_7_B1,RTPD,LMP,LMP_PRC,ALAMT6G_7_B1,ALL,1,467.76074,2,1
2022-09-01T23:15:00-00:00,2022-09-01T23:30:00-00:00,2022-09-01,17,ALAMT6G_7_B1,ALAMT6G_7_B1,ALAMT6G_7_B1,RTPD,LMP,LMP_PRC,ALAMT6G_7_B1,ALL,1,662.70013,2,1
2022-09-02T00:15:00-00:00,2022-09-02T00:30:00-00:00,2022-09-01,18,ALAMT6G_7_B1,ALAMT6G_7_B1,ALAMT6G_7_B1,RTPD,LMP,LMP_PRC,ALAMT6G_7_B1,ALL,1,1070.8336,2,1
2022-09-02T01:15:00-00:00,2022-09-02T01:30:00-00:00,2022-09-01,19,ALAMT6G_7_B1,ALAMT6G_7_B1,ALAMT6G_7_B1,RTPD,LMP,LMP_PRC,ALAMT6G_7_B1,ALL,1,2075.9934,2,1
2022-09-02T02:15:00-00:00,2022-09-02T02:30:00-00:00,2022-09-01,20,ALAMT6G_7_B1,ALAMT6G_7_B1,ALAMT6G_7_B1,RTPD,LMP,LMP_PRC,ALAMT6G_7_B1,ALL,1,1991.6721,2,1
2022-09-02T03:15:00-00:00,2022-09-02T03:30:00-00:00,2022-09-01,21,ALAMT6G_7_B1,ALAMT6G_7_B1,ALAMT6G_7_B1,RTPD,LMP,LMP_PRC,ALAMT6G_7_B1,ALL,1,545.5597,2,1
2022-09-02T04:15:00-00:00,2022-09-02T04:30:00-00:00,2022-09-01,22,ALAMT6G_7_B1,ALAMT6G_7_B1,ALAMT6G_7_B1,RTPD,LMP,LMP_PRC,ALAMT6G_7_B1,ALL,1,189.56555,2,1
2022-09-02T05:15:00-00:00,2022-09-02T05:30:00-00:00,2022-09-01,23,ALAMT6G_7_B1,ALAMT6G_7_B1,ALAMT6G_7_B1,RTPD,LMP,LMP_PRC,ALAMT6G_7_B1,ALL,1,188.07506,2,1
2022-09-02T06:15:00-00:00,2022-09-02T06:30:00-00:00,2022-09-01,24,ALAMT6G_7_B1,ALAMT6G_7_B1,ALAMT6G_7_B1,RTPD,LMP,LMP_PRC,ALAMT6G_7_B1,ALL,1,160.95686,2,1
2022-09-01T07:30:00-00:00,2022-09-01T07:45:00-00:00,2022-09-01,01,ALAMT6G_7_B1,ALAMT6G_7_B1,ALAMT6G_7_B1,RTPD,LMP,LMP_PRC,ALAMT6G_7_B1,ALL,1,134.32758,3,1
2022-09-01T08:30:00-00:00,2022-09-01T08:45:00-00:00,2022-09-01,02,ALAMT6G_7_B1,ALAMT6G_7_B1,ALAMT6G_7_B1,RTPD,LMP,LMP_PRC,ALAMT6G_7_B1,ALL,1,120.70223,3,1
2022-09-01T09:30:00-00:00,2022-09-01T09:45:00-00:00,2022-09-01,03,ALAMT6G_7_B1,ALAMT6G_7_B1,ALAMT6G_7_B1,RTPD,LMP,LMP_PRC,ALAMT6G_7_B1,ALL,1,112.29816,3,1
2022-09-01T10:30:00-00:00,2022-09-01T10:45:00-00:00,2022-09-01,04,ALAMT6G_7_B1,ALAMT6G_7_B1,ALAMT6G_7_B1,RTPD,LMP,LMP_PRC,ALAMT6G_7_B1,ALL,1,108.24138,3,1
2022-09-01T11:30:00-00:00,2022-09-01T11:45:00-00:00,2022-09-01,05,ALAMT6G_7_B1,ALAMT6G_7_B1,ALAMT6G_7_B1,RTPD,LMP,LMP_PRC,ALAMT6G_7_B1,ALL,1,111.92531,3,1
2022-09-01T12:30:00-00:00,2022-09-01T12:45:00-00:00,2022-09-01,06,ALAMT6G_7_B1,ALAMT6G_7_B1,ALAMT6G_7_B1,RTPD,LMP,LMP_PRC,ALAMT6G_7_B1,ALL,1,132.65874,3,1
2022-09-01T13:30:00-00:00,2022-09-01T13:45:00-00:00,2022-09-01,07,ALAMT6G_7_B1,ALAMT6G_7_B1,ALAMT6G_7_B1,RTPD,LMP,LMP_PRC,ALAMT6G_7_B1,ALL,1,121.54656,3,1
2022-09-01T14:30:00-00:00,2022-09-01T14:45:00-00:00,2022-09-01,08,ALAMT6G_7_B1,ALAMT6G_7_B1,ALAMT6G_7_B1,RTPD,LMP,LMP_PRC,ALAMT6G_7_B1,ALL,1,118.65585,3,1
2022-09-01T15:30:00-00:00,2022-09-01T15:45:00-00:00,2022-09-01,09,ALAMT6G_7_B1,ALAMT6G_7_B1,ALAMT6G_7_B1,RTPD,LMP,LMP_PRC,ALAMT6G_7_B1,ALL,1,128.27676,3,1
2022-09-01T16:30:00-00:00,2022-09-01T16:45:00-00:00,2022-09-01,10,ALAMT6G_7_B1,ALAMT6G_7_B1,ALAMT6G_7_B1,RTPD,LMP,LMP_PRC,ALAMT6G_7_B1,ALL,1,120.05823,3,1
2022-09-01T17:30:00-00:00,2022-09-01T17:45:00-00:00,2022-09-01,11,ALAMT6G_7_B1,ALAMT6G_7_B1,ALAMT6G_7_B1,RTPD,LMP,LMP_PRC,ALAMT6G_7_B1,ALL,1,137.3767,3,1
2022-09-01T18:30:00-00:00,2022-09-01T18:45:00-00:00,2022-09-01,12,ALAMT6G_7_B1,ALAMT6G_7_B1,ALAMT6G_7_B1,RTPD,LMP,LMP_PRC,ALAMT6G_7_B1,ALL,1,157.0684,3,1
2022-09-01T19:30:00-00:00,2022-09-01T19:45:00-00:00,2022-09-01,13,ALAMT6G_7_B1,ALAMT6G_7_B1,ALAMT6G_7_B1,RTPD,LMP,LMP_PRC,ALAMT6G_7_B1,ALL,1,146.32086,3,1
2022-09-01T20:30:00-00:00,2022-09-01T20:45:00-00:00,2022-09-01,14,ALAMT6G_7_B1,ALAMT6G_7_B1,ALAMT6G_7_B1,RTPD,LMP,LMP_PRC,ALAMT6G_7_B1,ALL,1,140.9846,3,1
2022-09-01T21:30:00-00:00,2022-09-01T21:45:00-00:00,2022-09-01,15,ALAMT6G_7_B1,ALAMT6G_7_B1,ALAMT6G_7_B1,RTPD,LMP,LMP_PRC,ALAMT6G_7_B1,ALL,1,210.73364,3,1
2022-09-01T22:30:00-00:00,2022-09-01T22:45:00-00:00,2022-09-01,16,ALAMT6G_7_B1,ALAMT6G_7_B1,ALAMT6G_7_B1,RTPD,LMP,LMP_PRC,ALAMT6G_7_B1,ALL,1,525.8266,3,1
2022-09-01T23:30:00-00:00,2022-09-01T23:45:00-00:00,2022-09-01,17,ALAMT6G_7_B1,ALAMT6G_7_B1,ALAMT6G_7_B1,RTPD,LMP,LMP_PRC,ALAMT6G_7_B1,ALL,1,776.9567,3,1
2022-09-02T00:30:00-00:00,2022-09-02T00:45:00-00:00,2022-09-01,18,ALAMT6G_7_B1,ALAMT6G_7_B1,ALAMT6G_7_B1,RTPD,LMP,LMP_PRC,ALAMT6G_7_B1,ALL,1,1675.3601,3,1
2022-09-02T01:30:00-00:00,2022-09-02T01:45:00-00:00,2022-09-01,19,ALAMT6G_7_B1,ALAMT6G_7_B1,ALAMT6G_7_B1,RTPD,LMP,LMP_PRC,ALAMT6G_7_B1,ALL,1,2015.1433,3,1
2022-09-02T02:30:00-00:00,2022-09-02T02:45:00-00:00,2022-09-01,20,ALAMT6G_7_B1,ALAMT6G_7_B1,ALAMT6G_7_B1,RTPD,LMP,LMP_PRC,ALAMT6G_7_B1,ALL,1,1991.671,3,1
2022-09-02T03:30:00-00:00,2022-09-02T03:45:00-00:00,2022-09-01,21,ALAMT6G_7_B1,ALAMT6G_7_B1,ALAMT6G_7_B1,RTPD,LMP,LMP_PRC,ALAMT6G_7_B1,ALL,1,228.40556,3,1
2022-09-02T04:30:00-00:00,2022-09-02T04:45:00-00:00,2022-09-01,22,ALAMT6G_7_B1,ALAMT6G_7_B1,ALAMT6G_7_B1,RTPD,LMP,LMP_PRC,ALAMT6G_7_B1,ALL,1,174.6903,3,1
2022-09-02T05:30:00-00:00,2022-09-02T05:45:00-00:00,2022-09-01,23,ALAMT6G_7_B1,ALAMT6G_7_B1,ALAMT6G_7_B1,RTPD,LMP,LMP_PRC,ALAMT6G_7_B1,ALL,1,158.49356,3,1
2022-09-02T06:30:00-00:00,2022-09-02T06:45:00-00:00,2022-09-01,24,ALAMT6G_7_B1,ALAMT6G_7_B1,ALAMT6G_7_B1,RTPD,LMP,LMP_PRC,ALAMT6G_7_B1,ALL,1,154.06644,3,1
2022-09-01T07:45:00-00:00,2022-09-01T08:00:00-00:00,2022-09-01,01,ALAMT6G_7_B1,ALAMT6G_7_B1,ALAMT6G_7_B1,RTPD,LMP,LMP_PRC,ALAMT6G_7_B1,ALL,1,126.64246,4,1
2022-09-01T08:45:00-00:00,2022-09-01T09:00:00-00:00,2022-09-01,02,ALAMT6G_7_B1,ALAMT6G_7_B1,ALAMT6G_7_B1,RTPD,LMP,LMP_PRC,ALAMT6G_7_B1,ALL,1,112.19533,4,1
2022-09-01T09:45:00-00:00,2022-09-01T10:00:00-00:00,2022-09-01,03,ALAMT6G_7_B1,ALAMT6G_7_B1,ALAMT6G_7_B1,RTPD,LMP,LMP_PRC,ALAMT6G_7_B1,ALL,1,111.27604,4,1
2022-09-01T10:45:00-00:00,2022-09-01T11:00:00-00:00,2022-09-01,04,ALAMT6G_7_B1,ALAMT6G_7_B1,ALAMT6G_7_B1,RTPD,LMP,LMP_PRC,ALAMT6G_7_B1,ALL,1,104.78745,4,1
2022-09-01T11:45:00-00:00,2022-09-01T12:00:00-00:00,2022-09-01,05,ALAMT6G_7_B1,ALAMT6G_7_B1,ALAMT6G_7_B1,RTPD,LMP,LMP_PRC,ALAMT6G_7_B1,ALL,1,107.01,4,1
2022-09-01T12:45:00-00:00,2022-09-01T13:00:00-00:00,2022-09-01,06,ALAMT6G_7_B1,ALAMT6G_7_B1,ALAMT6G_7_B1,RTPD,LMP,LMP_PRC,ALAMT6G_7_B1,ALL,1,118.83999,4,1
2022-09-01T13:45:00-00:00,2022-09-01T14:00:00-00:00,2022-09-01,07,ALAMT6G_7_B1,ALAMT6G_7_B1,ALAMT6G_7_B1,RTPD,LMP,LMP_PRC,ALAMT6G_7_B1,ALL,1,116.7725,4,1
2022-09-01T14:45:00-00:00,2022-09-01T15:00:00-00:00,2022-09-01,08,ALAMT6G_7_B1,ALAMT6G_7_B1,ALAMT6G_7_B1,RTPD,LMP,LMP_PRC,ALAMT6G_7_B1,ALL,1,100.13042,4,1
2022-09-01T15:45:00-00:00,2022-09-01T16:00:00-00:00,2022-09-01,09,ALAMT6G_7_B1,ALAMT6G_7_B1,ALAMT6G_7_B1,RTPD,LMP,LMP_PRC,ALAMT6G_7_B1,ALL,1,100.36382,4,1
2022-09-01T16:45:00-00:00,2022-09-01T17:00:00-00:00,2022-09-01,10,ALAMT6G_7_B1,ALAMT6G_7_B1,ALAMT6G_7_B1,RTPD,LMP,LMP_PRC,ALAMT6G_7_B1,ALL,1,121.06052,4,1
2022-09-01T17:45:00-00:00,2022-09-01T18:00:00-00:00,2022-09-01,11,ALAMT6G_7_B1,ALAMT6G_7_B1,ALAMT6G_7_B1,RTPD,LMP,LMP_PRC,ALAMT6G_7_B1,ALL,1,137.99352,4,1
2022-09-01T18:45:00-00:00,2022-09-01T19:00:00-00:00,2022-09-01,12,ALAMT6G_7_B1,ALAMT6G_7_B1,ALAMT6G_7_B1,RTPD,LMP,LMP_PRC,ALAMT6G_7_B1,ALL,1,160.92975,4,1
2022-09-01T19:45:00-00:00,2022-09-01T20:00:00-00:00,2022-09-01,13,ALAMT6G_7_B1,ALAMT6G_7_B1,ALAMT6G_7_B1,RTPD,LMP,LMP_PRC,ALAMT6G_7_B1,ALL,1,154.8012,4,1
2022-09-01T20:45:00-00:00,2022-09-01T21:00:00-00:00,2022-09-01,14,ALAMT6G_7_B1,ALAMT6G_7_B1,ALAMT6G_7_B1,RTPD,LMP,LMP_PRC,ALAMT6G_7_B1,ALL,1,208.46597,4,1
2022-09-01T21:45:00-00:00,2022-09-01T22:00:00-00:00,2022-09-01,15,ALAMT6G_7_B1,ALAMT6G_7_B1,ALAMT6G_7_B1,RTPD,LMP,LMP_PRC,ALAMT6G_7_B1,ALL,1,510.39896,4,1
2022-09-01T22:45:00-00:00,2022-09-01T23:00:00-00:00,2022-09-01,16,ALAMT6G_7_B1,ALAMT6G_7_B1,ALAMT6G_7_B1,RTPD,LMP,LMP_PRC,ALAMT6G_7_B1,ALL,1,876.037,4,1
2022-09-01T23:45:00-00:00,2022-09-02T00:00:00-00:00,2022-09-01,17,ALAMT6G_7_B1,ALAMT6G_7_B1,ALAMT6G_7_B1,RTPD,LMP,LMP_PRC,ALAMT6G_7_B1,ALL,1,1790.5304,4,1
2022-09-02T00:45:00-00:00,2022-09-02T01:00:00-00:00,2022-09-01,18,ALAMT6G_7_B1,ALAMT6G_7_B1,ALAMT6G_7_B1,RTPD,LMP,LMP_PRC,ALAMT6G_7_B1,ALL,1,1908.0754,4,1
2022-09-02T01:45:00-00:00,2022-09-02T02:00:00-00:00,2022-09-01,19,ALAMT6G_7_B1,ALAMT6G_7_B1,ALAMT6G_7_B1,RTPD,LMP,LMP_PRC,ALAMT6G_7_B1,ALL,1,1991.9337,4,1
2022-09-02T02:45:00-00:00,2022-09-02T03:00:00-00:00,2022-09-01,20,ALAMT6G_7_B1,ALAMT6G_7_B1,ALAMT6G_7_B1,RTPD,LMP,LMP_PRC,ALAMT6G_7_B1,ALL,1,2079.9895,4,1
2022-09-02T03:45:00-00:00,2022-09-02T04:00:00-00:00,2022-09-01,21,ALAMT6G_7_B1,ALAMT6G_7_B1,ALAMT6G_7_B1,RTPD,LMP,LMP_PRC,ALAMT6G_7_B1,ALL,1,171.41199,4,1
2022-09-02T04:45:00-00:00,2022-09-02T05:00:00-00:00,2022-09-01,22,ALAMT6G_7_B1,ALAMT6G_7_B1,ALAMT6G_7_B1,RTPD,LMP,LMP_PRC,ALAMT6G_7_B1,ALL,1,152.34148,4,1
2022-09-02T05:45:00-00:00,2022-09-02T06:00:00-00:00,2022-09-01,23,ALAMT6G_7_B1,ALAMT6G_7_B1,ALAMT6G_7_B1,RTPD,LMP,LMP_PRC,ALAMT6G_7_B1,ALL,1,138.42001,4,1
2022-09-02T06:45:00-00:00,2022-09-02T07:00:00-00:00,2022-09-01,24,ALAMT6G_7_B1,ALAMT6G_7_B1,ALAMT6G_7_B1,RTPD,LMP,LMP_PRC,ALAMT6G_7_B1,ALL,1,127.18041,4,1
2022-09-01T07:00:00-00:00,2022-09-01T07:15:00-00:00,2022-09-01,01,ALAMT6G_7_B1,ALAMT6G_7_B1,ALAMT6G_7_B1,RTPD,MCC,LMP_CONG_PRC,ALAMT6G_7_B1,ALL,1,54.44547,1,2
2022-09-01T08:00:00-00:00,2022-09-01T08:15:00-00:00,2022-09-01,02,ALAMT6G_7_B1,ALAMT6G_7_B1,ALAMT6G_7_B1,RTPD,MCC,LMP_CONG_PRC,ALAMT6G_7_B1,ALL,1,3.17971,1,2
2022-09-01T09:00:00-00:00,2022-09-01T09:15:00-00:00,2022-09-01,03,ALAMT6G_7_B1,ALAMT6G_7_B1,ALAMT6G_7_B1,RTPD,MCC,LMP_CONG_PRC,ALAMT6G_7_B1,ALL,1,4.27059,1,2
2022-09-01T10:00:00-00:00,2022-09-01T10:15:00-00:00,2022-09-01,04,ALAMT6G_7_B1,ALAMT6G_7_B1,ALAMT6G_7_B1,RTPD,MCC,LMP_CONG_PRC,ALAMT6G_7_B1,ALL,1,3.74524,1,2
2022-09-01T11:00:00-00:00,2022-09-01T11:15:00-00:00,2022-09-01,05,ALAMT6G_7_B1,ALAMT6G_7_B1,ALAMT6G_7_B1,RTPD,MCC,LMP_CONG_PRC,ALAMT6G_7_B1,ALL,1,0,1,2
2022-09-01T12:00:00-00:00,2022-09-01T12:15:00-00:00,2022-09-01,06,ALAMT6G_7_B1,ALAMT6G_7_B1,ALAMT6G_7_B1,RTPD,MCC,LMP_CONG_PRC,ALAMT6G_7_B1,ALL,1,9.87578,1,2
2022-09-01T13:00:00-00:00,2022-09-01T13:15:00-00:00,2022-09-01,07,ALAMT6G_7_B1,ALAMT6G_7_B1,ALAMT6G_7_B1,RTPD,MCC,LMP_CONG_PRC,ALAMT6G_7_B1,ALL,1,13.47451,1,2
2022-09-01T14:00:00-00:00,2022-09-01T14:15:00-00:00,2022-09-01,08,ALAMT6G_7_B1,ALAMT6G_7_B1,ALAMT6G_7_B1,RTPD,MCC,LMP_CONG_PRC,ALAMT6G_7_B1,ALL,1,11.54764,1,2
2022-09-01T15:00:00-00:00,2022-09-01T15:15:00-00:00,2022-09-01,09,ALAMT6G_7_B1,ALAMT6G_7_B1,ALAMT6G_7_B1,RTPD,MCC,LMP_CONG_PRC,ALAMT6G_7_B1,ALL,1,31.21706,1,2
2022-09-01T16:00:00-00:00,2022-09-01T16:15:00-00:00,2022-09-01,10,ALAMT6G_7_B1,ALAMT6G_7_B1,ALAMT6G_7_B1,RTPD,MCC,LMP_CONG_PRC,ALAMT6G_7_B1,ALL,1,23.54924,1,2
2022-09-01T17:00:00-00:00,2022-09-01T17:15:00-00:00,2022-09-01,11,ALAMT6G_7_B1,ALAMT6G_7_B1,ALAMT6G_7_B1,RTPD,MCC,LMP_CONG_PRC,ALAMT6G_7_B1,ALL,1,36.60246,1,2
2022-09-01T18:00:00-00:00,2022-09-01T18:15:00-00:00,2022-09-01,12,ALAMT6G_7_B1,ALAMT6G_7_B1,ALAMT6G_7_B1,RTPD,MCC,LMP_CONG_PRC,ALAMT6G_7_B1,ALL,1,51.27243,1,2
2022-09-01T19:00:00-00:00,2022-09-01T19:15:00-00:00,2022-09-01,13,ALAMT6G_7_B1,ALAMT6G_7_B1,ALAMT6G_7_B1,RTPD,MCC,LMP_CONG_PRC,ALAMT6G_7_B1,ALL,1,69.30859,1,2
2022-09-01T20:00:00-00:00,2022-09-01T20:15:00-00:00,2022-09-01,14,ALAMT6G_7_B1,ALAMT6G_7_B1,ALAMT6G_7_B1,RTPD,MCC,LMP_CONG_PRC,ALAMT6G_7_B1,ALL,1,3.25896,1,2
2022-09-01T21:00:00-00:00,2022-09-01T21:15:00-00:00,2022-09-01,15,ALAMT6G_7_B1,ALAMT6G_7_B1,ALAMT6G_7_B1,RTPD,MCC,LMP_CONG_PRC,ALAMT6G_7_B1,ALL,1,223.6061,1,2
2022-09-01T22:00:00-00:00,2022-09-01T22:15:00-00:00,2022-09-01,16,ALAMT6G_7_B1,ALAMT6G_7_B1,ALAMT6G_7_B1,RTPD,MCC,LMP_CONG_PRC,ALAMT6G_7_B1,ALL,1,194.97963,1,2
2022-09-01T23:00:00-00:00,2022-09-01T23:15:00-00:00,2022-09-01,17,ALAMT6G_7_B1,ALAMT6G_7_B1,ALAMT6G_7_B1,RTPD,MCC,LMP_CONG_PRC,ALAMT6G_7_B1,ALL,1,387.7034,1,2
2022-09-02T00:00:00-00:00,2022-09-02T00:15:00-00:00,2022-09-01,18,ALAMT6G_7_B1,ALAMT6G_7_B1,ALAMT6G_7_B1,RTPD,MCC,LMP_CONG_PRC,ALAMT6G_7_B1,ALL,1,338.16843,1,2
2022-09-02T01:00:00-00:00,2022-09-02T01:15:00-00:00,2022-09-01,19,ALAMT6G_7_B1,ALAMT6G_7_B1,ALAMT6G_7_B1,RTPD,MCC,LMP_CONG_PRC,ALAMT6G_7_B1,ALL,1,200.8403,1,2
2022-09-02T02:00:00-00:00,2022-09-02T02:15:00-00:00,2022-09-01,20,ALAMT6G_7_B1,ALAMT6G_7_B1,ALAMT6G_7_B1,RTPD,MCC,LMP_CONG_PRC,ALAMT6G_7_B1,ALL,1,58.13272,1,2
2022-09-02T03:00:00-00:00,2022-09-02T03:15:00-00:00,2022-09-01,21,ALAMT6G_7_B1,ALAMT6G_7_B1,ALAMT6G_7_B1,RTPD,MCC,LMP_CONG_PRC,ALAMT6G_7_B1,ALL,1,332.06573,1,2
2022-09-02T04:00:00-00:00,2022-09-02T04:15:00-00:00,2022-09-01,22,ALAMT6G_7_B1,ALAMT6G_7_B1,ALAMT6G_7_B1,RTPD,MCC,LMP_CONG_PRC,ALAMT6G_7_B1,ALL,1,-50.55464,1,2
2022-09-02T05:00:00-00:00,2022-09-02T05:15:00-00:00,2022-09-01,23,ALAMT6G_7_B1,ALAMT6G_7_B1,ALAMT6G_7_B1,RTPD,MCC,LMP_CONG_PRC,ALAMT6G_7_B1,ALL,1,20.69722,1,2
2022-09-02T06:00:00-00:00,2022-09-02T06:15:00-00:00,2022-09-01,24,ALAMT6G_7_B1,ALAMT6G_7_B1,ALAMT6G_7_B1,RTPD,MCC,LMP_CONG_PRC,ALAMT6G_7_B1,ALL,1,0.28984,1,2
2022-09-01T07:15:00-00:00,2022-09-01T07:30:00-00:00,2022-09-01,01,ALAMT6G_7_B1,ALAMT6G_7_B1,ALAMT6G_7_B1,RTPD,MCC,LMP_CONG_PRC,ALAMT6G_7_B1,ALL,1,9.39807,2,2
2022-09-01T08:15:00-00:00,2022-09-01T08:30:00-00:00,2022-09-01,02,ALAMT6G_7_B1,ALAMT6G_7_B1,ALAMT6G_7_B1,RTPD,MCC,LMP_CONG_PRC,ALAMT6G_7_B1,ALL,1,0.86792,2,2
2022-09-01T09:15:00-00:00,2022-09-01T09:30:00-00:00,2022-09-01,03,ALAMT6G_7_B1,ALAMT6G_7_B1,ALAMT6G_7_B1,RTPD,MCC,LMP_CONG_PRC,ALAMT6G_7_B1,ALL,1,5.62663,2,2
2022-09-01T10:15:00-00:00,2022-09-01T10:30:00-00:00,2022-09-01,04,ALAMT6G_7_B1,ALAMT6G_7_B1,ALAMT6G_7_B1,RTPD,MCC,LMP_CONG_PRC,ALAMT6G_7_B1,ALL,1,5.31308,2,2
2022-09-01T11:15:00-00:00,2022-09-01T11:30:00-00:00,2022-09-01,05,ALAMT6G_7_B1,ALAMT6G_7_B1,ALAMT6G_7_B1,RTPD,MCC,LMP_CONG_PRC,ALAMT6G_7_B1,ALL,1,0,2,2
2022-09-01T12:15:00-00:00,2022-09-01T12:30:00-00:00,2022-09-01,06,ALAMT6G_7_B1,ALAMT6G_7_B1,ALAMT6G_7_B1,RTPD,MCC,LMP_CONG_PRC,ALAMT6G_7_B1,ALL,1,6.03712,2,2
2022-09-01T13:15:00-00:00,2022-09-01T13:30:00-00:00,2022-09-01,07,ALAMT6G_7_B1,ALAMT6G_7_B1,ALAMT6G_7_B1,RTPD,MCC,LMP_CONG_PRC,ALAMT6G_7_B1,ALL,1,0.57824,2,2
2022-09-01T14:15:00-00:00,2022-09-01T14:30:00-00:00,2022-09-01,08,ALAMT6G_7_B1,ALAMT6G_7_B1,ALAMT6G_7_B1,RTPD,MCC,LMP_CONG_PRC,ALAMT6G_7_B1,ALL,1,15.0972,2,2
2022-09-01T15:15:00-00:00,2022-09-01T15:30:00-00:00,2022-09-01,09,ALAMT6G_7_B1,ALAMT6G_7_B1,ALAMT6G_7_B1,RTPD,MCC,LMP_CONG_PRC,ALAMT6G_7_B1,ALL,1,33.00437,2,2
2022-09-01T16:15:00-00:00,2022-09-01T16:30:00-00:00,2022-09-01,10,ALAMT6G_7_B1,ALAMT6G_7_B1,ALAMT6G_7_B1,RTPD,MCC,LMP_CONG_PRC,ALAMT6G_7_B1,ALL,1,23.81286,2,2
2022-09-01T17:15:00-00:00,2022-09-01T17:30:00-00:00,2022-09-01,11,ALAMT6G_7_B1,ALAMT6G_7_B1,ALAMT6G_7_B1,RTPD,MCC,LMP_CONG_PRC,ALAMT6G_7_B1,ALL,1,40.82028,2,2
2022-09-01T18:15:00-00:00,2022-09-01T18:30:00-00:00,2022-09-01,12,ALAMT6G_7_B1,ALAMT6G_7_B1,ALAMT6G_7_B1,RTPD,MCC,LMP_CONG_PRC,ALAMT6G_7_B1,ALL,1,49.82899,2,2
2022-09-01T19:15:00-00:00,2022-09-01T19:30:00-00:00,2022-09-01,13,ALAMT6G_7_B1,ALAMT6G_7_B1,ALAMT6G_7_B1,RTPD,MCC,LMP_CONG_PRC,ALAMT6G_7_B1,ALL,1,47.06162,2,2
2022-09-01T20:15:00-00:00,2022-09-01T20:30:00-00:00,2022-09-01,14,ALAMT6G_7_B1,ALAMT6G_7_B1,ALAMT6G_7_B1,RTPD,MCC,LMP_CONG_PRC,ALAMT6G_7_B1,ALL,1,2.72336,2,2
2022-09-01T21:15:00-00:00,2022-09-01T21:30:00-00:00,2022-09-01,15,ALAMT6G_7_B1,ALAMT6G_7_B1,ALAMT6G_7_B1,RTPD,MCC,LMP_CONG_PRC,ALAMT6G_7_B1,ALL,1,55.21359,2,2
2022-09-01T22:15:00-00:00,2022-09-01T22:30:00-00:00,2022-09-01,16,ALAMT6G_7_B1,ALAMT6G_7_B1,ALAMT6G_7_B1,RTPD,MCC,LMP_CONG_PRC,ALAMT6G_7_B1,ALL,1,211.1734,2,2
2022-09-01T23:15:00-00:00,2022-09-01T23:30:00-00:00,2022-09-01,17,ALAMT6G_7_B1,ALAMT6G_7_B1,ALAMT6G_7_B1,RTPD,MCC,LMP_CONG_PRC,ALAMT6G_7_B1,ALL,1,300.57605,2,2
2022-09-02T00:15:00-00:00,2022-09-02T00:30:00-00:00,2022-09-01,18,ALAMT6G_7_B1,ALAMT6G_7_B1,ALAMT6G_7_B1,RTPD,MCC,LMP_CONG_PRC,ALAMT6G_7_B1,ALL,1,319.3412,2,2
2022-09-02T01:15:00-00:00,2022-09-02T01:30:00-00:00,2022-09-01,19,ALAMT6G_7_B1,ALAMT6G_7_B1,ALAMT6G_7_B1,RTPD,MCC,LMP_CONG_PRC,ALAMT6G_7_B1,ALL,1,76,2,2
2022-09-02T02:15:00-00:00,2022-09-02T02:30:00-00:00,2022-09-01,20,ALAMT6G_7_B1,ALAMT6G_7_B1,ALAMT6G_7_B1,RTPD,MCC,LMP_CONG_PRC,ALAMT6G_7_B1,ALL,1,0,2,2
2022-09-02T03:15:00-00:00,2022-09-02T03:30:00-00:00,2022-09-01,21,ALAMT6G_7_B1,ALAMT6G_7_B1,ALAMT6G_7_B1,RTPD,MCC,LMP_CONG_PRC,ALAMT6G_7_B1,ALL,1,116.99385,2,2
2022-09-02T04:15:00-00:00,2022-09-02T04:30:00-00:00,2022-09-01,22,ALAMT6G_7_B1,ALAMT6G_7_B1,ALAMT6G_7_B1,RTPD,MCC,LMP_CONG_PRC,ALAMT6G_7_B1,ALL,1,-53.99646,2,2
2022-09-02T05:15:00-00:00,2022-09-02T05:30:00-00:00,2022-09-01,23,ALAMT6G_7_B1,ALAMT6G_7_B1,ALAMT6G_7_B1,RTPD,MCC,LMP_CONG_PRC,ALAMT6G_7_B1,ALL,1,19.7997,2,2
2022-09-02T06:15:00-00:00,2022-09-02T06:30:00-00:00,2022-09-01,24,ALAMT6G_7_B1,ALAMT6G_7_B1,ALAMT6G_7_B1,RTPD,MCC,LMP_CONG_PRC,ALAMT6G_7_B1,ALL,1,6.59435,2,2
2022-09-01T07:30:00-00:00,2022-09-01T07:45:00-00:00,2022-09-01,01,ALAMT6G_7_B1,ALAMT6G_7_B1,ALAMT6G_7_B1,RTPD,MCC,LMP_CONG_PRC,ALAMT6G_7_B1,ALL,1,15.2956,3,2
2022-09-01T08:30:00-00:00,2022-09-01T08:45:00-00:00,2022-09-01,02,ALAMT6G_7_B1,ALAMT6G_7_B1,ALAMT6G_7_B1,RTPD,MCC,LMP_CONG_PRC,ALAMT6G_7_B1,ALL,1,0.00082,3,2
2022-09-01T09:30:00-00:00,2022-09-01T09:45:00-00:00,2022-09-01,03,ALAMT6G_7_B1,ALAMT6G_7_B1,ALAMT6G_7_B1,RTPD,MCC,LMP_CONG_PRC,ALAMT6G_7_B1,ALL,1,5.57613,3,2
2022-09-01T10:30:00-00:00,2022-09-01T10:45:00-00:00,2022-09-01,04,ALAMT6G_7_B1,ALAMT6G_7_B1,ALAMT6G_7_B1,RTPD,MCC,LMP_CONG_PRC,ALAMT6G_7_B1,ALL,1,3.00416,3,2
2022-09-01T11:30:00-00:00,2022-09-01T11:45:00-00:00,2022-09-01,05,ALAMT6G_7_B1,ALAMT6G_7_B1,ALAMT6G_7_B1,RTPD,MCC,LMP_CONG_PRC,ALAMT6G_7_B1,ALL,1,0,3,2
2022-09-01T12:30:00-00:00,2022-09-01T12:45:00-00:00,2022-09-01,06,ALAMT6G_7_B1,ALAMT6G_7_B1,ALAMT6G_7_B1,RTPD,MCC,LMP_CONG_PRC,ALAMT6G_7_B1,ALL,1,10.45308,3,2
2022-09-01T13:30:00-00:00,2022-09-01T13:45:00-00:00,2022-09-01,07,ALAMT6G_7_B1,ALAMT6G_7_B1,ALAMT6G_7_B1,RTPD,MCC,LMP_CONG_PRC,ALAMT6G_7_B1,ALL,1,1.127,3,2
2022-09-01T14:30:00-00:00,2022-09-01T14:45:00-00:00,2022-09-01,08,ALAMT6G_7_B1,ALAMT6G_7_B1,ALAMT6G_7_B1,RTPD,MCC,LMP_CONG_PRC,ALAMT6G_7_B1,ALL,1,11.05775,3,2
2022-09-01T15:30:00-00:00,2022-09-01T15:45:00-00:00,2022-09-01,09,ALAMT6G_7_B1,ALAMT6G_7_B1,ALAMT6G_7_B1,RTPD,MCC,LMP_CONG_PRC,ALAMT6G_7_B1,ALL,1,42.13796,3,2
2022-09-01T16:30:00-00:00,2022-09-01T16:45:00-00:00,2022-09-01,10,ALAMT6G_7_B1,ALAMT6G_7_B1,ALAMT6G_7_B1,RTPD,MCC,LMP_CONG_PRC,ALAMT6G_7_B1,ALL,1,31.26179,3,2
2022-09-01T17:30:00-00:00,2022-09-01T17:45:00-00:00,2022-09-01,11,ALAMT6G_7_B1,ALAMT6G_7_B1,ALAMT6G_7_B1,RTPD,MCC,LMP_CONG_PRC,ALAMT6G_7_B1,ALL,1,38.24657,3,2
2022-09-01T18:30:00-00:00,2022-09-01T18:45:00-00:00,2022-09-01,12,ALAMT6G_7_B1,ALAMT6G_7_B1,ALAMT6G_7_B1,RTPD,MCC,LMP_CONG_PRC,ALAMT6G_7_B1,ALL,1,50.01123,3,2
2022-09-01T19:30:00-00:00,2022-09-01T19:45:00-00:00,2022-09-01,13,ALAMT6G_7_B1,ALAMT6G_7_B1,ALAMT6G_7_B1,RTPD,MCC,LMP_CONG_PRC,ALAMT6G_7_B1,ALL,1,32.26181,3,2
2022-09-01T20:30:00-00:00,2022-09-01T20:45:00-00:00,2022-09-01,14,ALAMT6G_7_B1,ALAMT6G_7_B1,ALAMT6G_7_B1,RTPD,MCC,LMP_CONG_PRC,ALAMT6G_7_B1,ALL,1,11.16856,3,2
2022-09-01T21:30:00-00:00,2022-09-01T21:45:00-00:00,2022-09-01,15,ALAMT6G_7_B1,ALAMT6G_7_B1,ALAMT6G_7_B1,RTPD,MCC,LMP_CONG_PRC,ALAMT6G_7_B1,ALL,1,57.80307,3,2
2022-09-01T22:30:00-00:00,2022-09-01T22:45:00-00:00,2022-09-01,16,ALAMT6G_7_B1,ALAMT6G_7_B1,ALAMT6G_7_B1,RTPD,MCC,LMP_CONG_PRC,ALAMT6G_7_B1,ALL,1,242.64479,3,2
2022-09-01T23:30:00-00:00,2022-09-01T23:45:00-00:00,2022-09-01,17,ALAMT6G_7_B1,ALAMT6G_7_B1,ALAMT6G_7_B1,RTPD,MCC,LMP_CONG_PRC,ALAMT6G_7_B1,ALL,1,210.47514,3,2
2022-09-02T00:30:00-00:00,2022-09-02T00:45:00-00:00,2022-09-01,18,ALAMT6G_7_B1,ALAMT6G_7_B1,ALAMT6G_7_B1,RTPD,MCC,LMP_CONG_PRC,ALAMT6G_7_B1,ALL,1,346.2475,3,2
2022-09-02T01:30:00-00:00,2022-09-02T01:45:00-00:00,2022-09-01,19,ALAMT6G_7_B1,ALAMT6G_7_B1,ALAMT6G_7_B1,RTPD,MCC,LMP_CONG_PRC,ALAMT6G_7_B1,ALL,1,15.14778,3,2
2022-09-02T02:30:00-00:00,2022-09-02T02:45:00-00:00,2022-09-01,20,ALAMT6G_7_B1,ALAMT6G_7_B1,ALAMT6G_7_B1,RTPD,MCC,LMP_CONG_PRC,ALAMT6G_7_B1,ALL,1,0,3,2
2022-09-02T03:30:00-00:00,2022-09-02T03:45:00-00:00,2022-09-01,21,ALAMT6G_7_B1,ALAMT6G_7_B1,ALAMT6G_7_B1,RTPD,MCC,LMP_CONG_PRC,ALAMT6G_7_B1,ALL,1,28.16422,3,2
2022-09-02T04:30:00-00:00,2022-09-02T04:45:00-00:00,2022-09-01,22,ALAMT6G_7_B1,ALAMT6G_7_B1,ALAMT6G_7_B1,RTPD,MCC,LMP_CONG_PRC,ALAMT6G_7_B1,ALL,1,-22.71874,3,2
2022-09-02T05:30:00-00:00,2022-09-02T05:45:00-00:00,2022-09-01,23,ALAMT6G_7_B1,ALAMT6G_7_B1,ALAMT6G_7_B1,RTPD,MCC,LMP_CONG_PRC,ALAMT6G_7_B1,ALL,1,16.12676,3,2
2022-09-02T06:30:00-00:00,2022-09-02T06:45:00-00:00,2022-09-01,24,ALAMT6G_7_B1,ALAMT6G_7_B1,ALAMT6G_7_B1,RTPD,MCC,LMP_CONG_PRC,ALAMT6G_7_B1,ALL,1,14.50237,3,2
2022-09-01T07:45:00-00:00,2022-09-01T08:00:00-00:00,2022-09-01,01,ALAMT6G_7_B1,ALAMT6G_7_B1,ALAMT6G_7_B1,RTPD,MCC,LMP_CONG_PRC,ALAMT6G_7_B1,ALL,1,17.52148,4,2
2022-09-01T08:45:00-00:00,2022-09-01T09:00:00-00:00,2022-09-01,02,ALAMT6G_7_B1,ALAMT6G_7_B1,ALAMT6G_7_B1,RTPD,MCC,LMP_CONG_PRC,ALAMT6G_7_B1,ALL,1,4.27722,4,2
2022-09-01T09:45:00-00:00,2022-09-01T10:00:00-00:00,2022-09-01,03,ALAMT6G_7_B1,ALAMT6G_7_B1,ALAMT6G_7_B1,RTPD,MCC,LMP_CONG_PRC,ALAMT6G_7_B1,ALL,1,5.03486,4,2
2022-09-01T10:45:00-00:00,2022-09-01T11:00:00-00:00,2022-09-01,04,ALAMT6G_7_B1,ALAMT6G_7_B1,ALAMT6G_7_B1,RTPD,MCC,LMP_CONG_PRC,ALAMT6G_7_B1,ALL,1,1.18309,4,2
2022-09-01T11:45:00-00:00,2022-09-01T12:00:00-00:00,2022-09-01,05,ALAMT6G_7_B1,ALAMT6G_7_B1,ALAMT6G_7_B1,RTPD,MCC,LMP_CONG_PRC,ALAMT6G_7_B1,ALL,1,0,4,2
2022-09-01T12:45:00-00:00,2022-09-01T13:00:00-00:00,2022-09-01,06,ALAMT6G_7_B1,ALAMT6G_7_B1,ALAMT6G_7_B1,RTPD,MCC,LMP_CONG_PRC,ALAMT6G_7_B1,ALL,1,2.35518,4,2
2022-09-01T13:45:00-00:00,2022-09-01T14:00:00-00:00,2022-09-01,07,ALAMT6G_7_B1,ALAMT6G_7_B1,ALAMT6G_7_B1,RTPD,MCC,LMP_CONG_PRC,ALAMT6G_7_B1,ALL,1,5.3625,4,2
2022-09-01T14:45:00-00:00,2022-09-01T15:00:00-00:00,2022-09-01,08,ALAMT6G_7_B1,ALAMT6G_7_B1,ALAMT6G_7_B1,RTPD,MCC,LMP_CONG_PRC,ALAMT6G_7_B1,ALL,1,13.99162,4,2
2022-09-01T15:45:00-00:00,2022-09-01T16:00:00-00:00,2022-09-01,09,ALAMT6G_7_B1,ALAMT6G_7_B1,ALAMT6G_7_B1,RTPD,MCC,LMP_CONG_PRC,ALAMT6G_7_B1,ALL,1,21.66307,4,2
2022-09-01T16:45:00-00:00,2022-09-01T17:00:00-00:00,2022-09-01,10,ALAMT6G_7_B1,ALAMT6G_7_B1,ALAMT6G_7_B1,RTPD,MCC,LMP_CONG_PRC,ALAMT6G_7_B1,ALL,1,29.81118,4,2
2022-09-01T17:45:00-00:00,2022-09-01T18:00:00-00:00,2022-09-01,11,ALAMT6G_7_B1,ALAMT6G_7_B1,ALAMT6G_7_B1,RTPD,MCC,LMP_CONG_PRC,ALAMT6G_7_B1,ALL,1,38.78807,4,2
2022-09-01T18:45:00-00:00,2022-09-01T19:00:00-00:00,2022-09-01,12,ALAMT6G_7_B1,ALAMT6G_7_B1,ALAMT6G_7_B1,RTPD,MCC,LMP_CONG_PRC,ALAMT6G_7_B1,ALL,1,51.88911,4,2
2022-09-01T19:45:00-00:00,2022-09-01T20:00:00-00:00,2022-09-01,13,ALAMT6G_7_B1,ALAMT6G_7_B1,ALAMT6G_7_B1,RTPD,MCC,LMP_CONG_PRC,ALAMT6G_7_B1,ALL,1,34.57628,4,2
2022-09-01T20:45:00-00:00,2022-09-01T21:00:00-00:00,2022-09-01,14,ALAMT6G_7_B1,ALAMT6G_7_B1,ALAMT6G_7_B1,RTPD,MCC,LMP_CONG_PRC,ALAMT6G_7_B1,ALL,1,54.44088,4,2
2022-09-01T21:45:00-00:00,2022-09-01T22:00:00-00:00,2022-09-01,15,ALAMT6G_7_B1,ALAMT6G_7_B1,ALAMT6G_7_B1,RTPD,MCC,LMP_CONG_PRC,ALAMT6G_7_B1,ALL,1,210.1052,4,2
2022-09-01T22:45:00-00:00,2022-09-01T23:00:00-00:00,2022-09-01,16,ALAMT6G_7_B1,ALAMT6G_7_B1,ALAMT6G_7_B1,RTPD,MCC,LMP_CONG_PRC,ALAMT6G_7_B1,ALL,1,446.1233,4,2
2022-09-01T23:45:00-00:00,2022-09-02T00:00:00-00:00,2022-09-01,17,ALAMT6G_7_B1,ALAMT6G_7_B1,ALAMT6G_7_B1,RTPD,MCC,LMP_CONG_PRC,ALAMT6G_7_B1,ALL,1,529.3179,4,2
2022-09-02T00:45:00-00:00,2022-09-02T01:00:00-00:00,2022-09-01,18,ALAMT6G_7_B1,ALAMT6G_7_B1,ALAMT6G_7_B1,RTPD,MCC,LMP_CONG_PRC,ALAMT6G_7_B1,ALL,1,388.92645,4,2
2022-09-02T01:45:00-00:00,2022-09-02T02:00:00-00:00,2022-09-01,19,ALAMT6G_7_B1,ALAMT6G_7_B1,ALAMT6G_7_B1,RTPD,MCC,LMP_CONG_PRC,ALAMT6G_7_B1,ALL,1,0,4,2
2022-09-02T02:45:00-00:00,2022-09-02T03:00:00-00:00,2022-09-01,20,ALAMT6G_7_B1,ALAMT6G_7_B1,ALAMT6G_7_B1,RTPD,MCC,LMP_CONG_PRC,ALAMT6G_7_B1,ALL,1,270.94687,4,2
2022-09-02T03:45:00-00:00,2022-09-02T04:00:00-00:00,2022-09-01,21,ALAMT6G_7_B1,ALAMT6G_7_B1,ALAMT6G_7_B1,RTPD,MCC,LMP_CONG_PRC,ALAMT6G_7_B1,ALL,1,18.96989,4,2
2022-09-02T04:45:00-00:00,2022-09-02T05:00:00-00:00,2022-09-01,22,ALAMT6G_7_B1,ALAMT6G_7_B1,ALAMT6G_7_B1,RTPD,MCC,LMP_CONG_PRC,ALAMT6G_7_B1,ALL,1,14.94227,4,2
2022-09-02T05:45:00-00:00,2022-09-02T06:00:00-00:00,2022-09-01,23,ALAMT6G_7_B1,ALAMT6G_7_B1,ALAMT6G_7_B1,RTPD,MCC,LMP_CONG_PRC,ALAMT6G_7_B1,ALL,1,9.84207,4,2
2022-09-02T06:45:00-00:00,2022-09-02T07:00:00-00:00,2022-09-01,24,ALAMT6G_7_B1,ALAMT6G_7_B1,ALAMT6G_7_B1,RTPD,MCC,LMP_CONG_PRC,ALAMT6G_7_B1,ALL,1,9.36104,4,2
2022-09-01T07:00:00-00:00,2022-09-01T07:15:00-00:00,2022-09-01,01,ALAMT6G_7_B1,ALAMT6G_7_B1,ALAMT6G_7_B1,RTPD,MCE,LMP_ENE_PRC,ALAMT6G_7_B1,ALL,1,104.23471,1,3
2022-09-01T08:00:00-00:00,2022-09-01T08:15:00-00:00,2022-09-01,02,ALAMT6G_7_B1,ALAMT6G_7_B1,ALAMT6G_7_B1,RTPD,MCE,LMP_ENE_PRC,ALAMT6G_7_B1,ALL,1,115.5488,1,3
2022-09-01T09:00:00-00:00,2022-09-01T09:15:00-00:00,2022-09-01,03,ALAMT6G_7_B1,ALAMT6G_7_B1,ALAMT6G_7_B1,RTPD,MCE,LMP_ENE_PRC,ALAMT6G_7_B1,ALL,1,99.73061,1,3
2022-09-01T10:00:00-00:00,2022-09-01T10:15:00-00:00,2022-09-01,04,ALAMT6G_7_B1,ALAMT6G_7_B1,ALAMT6G_7_B1,RTPD,MCE,LMP_ENE_PRC,ALAMT6G_7_B1,ALL,1,98.64222,1,3
2022-09-01T11:00:00-00:00,2022-09-01T11:15:00-00:00,2022-09-01,05,ALAMT6G_7_B1,ALAMT6G_7_B1,ALAMT6G_7_B1,RTPD,MCE,LMP_ENE_PRC,ALAMT6G_7_B1,ALL,1,102.56859,1,3
2022-09-01T12:00:00-00:00,2022-09-01T12:15:00-00:00,2022-09-01,06,ALAMT6G_7_B1,ALAMT6G_7_B1,ALAMT6G_7_B1,RTPD,MCE,LMP_ENE_PRC,ALAMT6G_7_B1,ALL,1,96.90845,1,3
2022-09-01T13:00:00-00:00,2022-09-01T13:15:00-00:00,2022-09-01,07,ALAMT6G_7_B1,ALAMT6G_7_B1,ALAMT6G_7_B1,RTPD,MCE,LMP_ENE_PRC,ALAMT6G_7_B1,ALL,1,101.80878,1,3
2022-09-01T14:00:00-00:00,2022-09-01T14:15:00-00:00,2022-09-01,08,ALAMT6G_7_B1,ALAMT6G_7_B1,ALAMT6G_7_B1,RTPD,MCE,LMP_ENE_PRC,ALAMT6G_7_B1,ALL,1,111.11219,1,3
2022-09-01T15:00:00-00:00,2022-09-01T15:15:00-00:00,2022-09-01,09,ALAMT6G_7_B1,ALAMT6G_7_B1,ALAMT6G_7_B1,RTPD,MCE,LMP_ENE_PRC,ALAMT6G_7_B1,ALL,1,97.4112,1,3
2022-09-01T16:00:00-00:00,2022-09-01T16:15:00-00:00,2022-09-01,10,ALAMT6G_7_B1,ALAMT6G_7_B1,ALAMT6G_7_B1,RTPD,MCE,LMP_ENE_PRC,ALAMT6G_7_B1,ALL,1,83.43525,1,3
2022-09-01T17:00:00-00:00,2022-09-01T17:15:00-00:00,2022-09-01,11,ALAMT6G_7_B1,ALAMT6G_7_B1,ALAMT6G_7_B1,RTPD,MCE,LMP_ENE_PRC,ALAMT6G_7_B1,ALL,1,96.94897,1,3
2022-09-01T18:00:00-00:00,2022-09-01T18:15:00-00:00,2022-09-01,12,ALAMT6G_7_B1,ALAMT6G_7_B1,ALAMT6G_7_B1,RTPD,MCE,LMP_ENE_PRC,ALAMT6G_7_B1,ALL,1,91.59291,1,3
2022-09-01T19:00:00-00:00,2022-09-01T19:15:00-00:00,2022-09-01,13,ALAMT6G_7_B1,ALAMT6G_7_B1,ALAMT6G_7_B1,RTPD,MCE,LMP_ENE_PRC,ALAMT6G_7_B1,ALL,1,109.19637,1,3
2022-09-01T20:00:00-00:00,2022-09-01T20:15:00-00:00,2022-09-01,14,ALAMT6G_7_B1,ALAMT6G_7_B1,ALAMT6G_7_B1,RTPD,MCE,LMP_ENE_PRC,ALAMT6G_7_B1,ALL,1,117.94359,1,3
2022-09-01T21:00:00-00:00,2022-09-01T21:15:00-00:00,2022-09-01,15,ALAMT6G_7_B1,ALAMT6G_7_B1,ALAMT6G_7_B1,RTPD,MCE,LMP_ENE_PRC,ALAMT6G_7_B1,ALL,1,226.61499,1,3
2022-09-01T22:00:00-00:00,2022-09-01T22:15:00-00:00,2022-09-01,16,ALAMT6G_7_B1,ALAMT6G_7_B1,ALAMT6G_7_B1,RTPD,MCE,LMP_ENE_PRC,ALAMT6G_7_B1,ALL,1,229.18552,1,3
2022-09-01T23:00:00-00:00,2022-09-01T23:15:00-00:00,2022-09-01,17,ALAMT6G_7_B1,ALAMT6G_7_B1,ALAMT6G_7_B1,RTPD,MCE,LMP_ENE_PRC,ALAMT6G_7_B1,ALL,1,386.7537,1,3
2022-09-02T00:00:00-00:00,2022-09-02T00:15:00-00:00,2022-09-01,18,ALAMT6G_7_B1,ALAMT6G_7_B1,ALAMT6G_7_B1,RTPD,MCE,LMP_ENE_PRC,ALAMT6G_7_B1,ALL,1,770.58136,1,3
2022-09-02T01:00:00-00:00,2022-09-02T01:15:00-00:00,2022-09-01,19,ALAMT6G_7_B1,ALAMT6G_7_B1,ALAMT6G_7_B1,RTPD,MCE,LMP_ENE_PRC,ALAMT6G_7_B1,ALL,1,916.27124,1,3
2022-09-02T02:00:00-00:00,2022-09-02T02:15:00-00:00,2022-09-01,20,ALAMT6G_7_B1,ALAMT6G_7_B1,ALAMT6G_7_B1,RTPD,MCE,LMP_ENE_PRC,ALAMT6G_7_B1,ALL,1,1991.6721,1,3
2022-09-02T03:00:00-00:00,2022-09-02T03:15:00-00:00,2022-09-01,21,ALAMT6G_7_B1,ALAMT6G_7_B1,ALAMT6G_7_B1,RTPD,MCE,LMP_ENE_PRC,ALAMT6G_7_B1,ALL,1,917.5508,1,3
2022-09-02T04:00:00-00:00,2022-09-02T04:15:00-00:00,2022-09-01,22,ALAMT6G_7_B1,ALAMT6G_7_B1,ALAMT6G_7_B1,RTPD,MCE,LMP_ENE_PRC,ALAMT6G_7_B1,ALL,1,257.83005,1,3
2022-09-02T05:00:00-00:00,2022-09-02T05:15:00-00:00,2022-09-01,23,ALAMT6G_7_B1,ALAMT6G_7_B1,ALAMT6G_7_B1,RTPD,MCE,LMP_ENE_PRC,ALAMT6G_7_B1,ALL,1,183.24657,1,3
2022-09-02T06:00:00-00:00,2022-09-02T06:15:00-00:00,2022-09-01,24,ALAMT6G_7_B1,ALAMT6G_7_B1,ALAMT6G_7_B1,RTPD,MCE,LMP_ENE_PRC,ALAMT6G_7_B1,ALL,1,158.867,1,3
2022-09-01T07:15:00-00:00,2022-09-01T07:30:00-00:00,2022-09-01,01,ALAMT6G_7_B1,ALAMT6G_7_B1,ALAMT6G_7_B1,RTPD,MCE,LMP_ENE_PRC,ALAMT6G_7_B1,ALL,1,125.55144,2,3
2022-09-01T08:15:00-00:00,2022-09-01T08:30:00-00:00,2022-09-01,02,ALAMT6G_7_B1,ALAMT6G_7_B1,ALAMT6G_7_B1,RTPD,MCE,LMP_ENE_PRC,ALAMT6G_7_B1,ALL,1,115.53165,2,3
2022-09-01T09:15:00-00:00,2022-09-01T09:30:00-00:00,2022-09-01,03,ALAMT6G_7_B1,ALAMT6G_7_B1,ALAMT6G_7_B1,RTPD,MCE,LMP_ENE_PRC,ALAMT6G_7_B1,ALL,1,98.30543,2,3
2022-09-01T10:15:00-00:00,2022-09-01T10:30:00-00:00,2022-09-01,04,ALAMT6G_7_B1,ALAMT6G_7_B1,ALAMT6G_7_B1,RTPD,MCE,LMP_ENE_PRC,ALAMT6G_7_B1,ALL,1,97.00684,2,3
2022-09-01T11:15:00-00:00,2022-09-01T11:30:00-00:00,2022-09-01,05,ALAMT6G_7_B1,ALAMT6G_7_B1,ALAMT6G_7_B1,RTPD,MCE,LMP_ENE_PRC,ALAMT6G_7_B1,ALL,1,103.09059,2,3
2022-09-01T12:15:00-00:00,2022-09-01T12:30:00-00:00,2022-09-01,06,ALAMT6G_7_B1,ALAMT6G_7_B1,ALAMT6G_7_B1,RTPD,MCE,LMP_ENE_PRC,ALAMT6G_7_B1,ALL,1,109.32203,2,3
2022-09-01T13:15:00-00:00,2022-09-01T13:30:00-00:00,2022-09-01,07,ALAMT6G_7_B1,ALAMT6G_7_B1,ALAMT6G_7_B1,RTPD,MCE,LMP_ENE_PRC,ALAMT6G_7_B1,ALL,1,110.97827,2,3
2022-09-01T14:15:00-00:00,2022-09-01T14:30:00-00:00,2022-09-01,08,ALAMT6G_7_B1,ALAMT6G_7_B1,ALAMT6G_7_B1,RTPD,MCE,LMP_ENE_PRC,ALAMT6G_7_B1,ALL,1,104.78743,2,3
2022-09-01T15:15:00-00:00,2022-09-01T15:30:00-00:00,2022-09-01,09,ALAMT6G_7_B1,ALAMT6G_7_B1,ALAMT6G_7_B1,RTPD,MCE,LMP_ENE_PRC,ALAMT6G_7_B1,ALL,1,86.9388,2,3
2022-09-01T16:15:00-00:00,2022-09-01T16:30:00-00:00,2022-09-01,10,ALAMT6G_7_B1,ALAMT6G_7_B1,ALAMT6G_7_B1,RTPD,MCE,LMP_ENE_PRC,ALAMT6G_7_B1,ALL,1,89.44858,2,3
2022-09-01T17:15:00-00:00,2022-09-01T17:30:00-00:00,2022-09-01,11,ALAMT6G_7_B1,ALAMT6G_7_B1,ALAMT6G_7_B1,RTPD,MCE,LMP_ENE_PRC,ALAMT6G_7_B1,ALL,1,99.34673,2,3
2022-09-01T18:15:00-00:00,2022-09-01T18:30:00-00:00,2022-09-01,12,ALAMT6G_7_B1,ALAMT6G_7_B1,ALAMT6G_7_B1,RTPD,MCE,LMP_ENE_PRC,ALAMT6G_7_B1,ALL,1,101.15901,2,3
2022-09-01T19:15:00-00:00,2022-09-01T19:30:00-00:00,2022-09-01,13,ALAMT6G_7_B1,ALAMT6G_7_B1,ALAMT6G_7_B1,RTPD,MCE,LMP_ENE_PRC,ALAMT6G_7_B1,ALL,1,105.30588,2,3
2022-09-01T20:15:00-00:00,2022-09-01T20:30:00-00:00,2022-09-01,14,ALAMT6G_7_B1,ALAMT6G_7_B1,ALAMT6G_7_B1,RTPD,MCE,LMP_ENE_PRC,ALAMT6G_7_B1,ALL,1,117.49421,2,3
2022-09-01T21:15:00-00:00,2022-09-01T21:30:00-00:00,2022-09-01,15,ALAMT6G_7_B1,ALAMT6G_7_B1,ALAMT6G_7_B1,RTPD,MCE,LMP_ENE_PRC,ALAMT6G_7_B1,ALL,1,147.21185,2,3
2022-09-01T22:15:00-00:00,2022-09-01T22:30:00-00:00,2022-09-01,16,ALAMT6G_7_B1,ALAMT6G_7_B1,ALAMT6G_7_B1,RTPD,MCE,LMP_ENE_PRC,ALAMT6G_7_B1,ALL,1,256.58734,2,3
2022-09-01T23:15:00-00:00,2022-09-01T23:30:00-00:00,2022-09-01,17,ALAMT6G_7_B1,ALAMT6G_7_B1,ALAMT6G_7_B1,RTPD,MCE,LMP_ENE_PRC,ALAMT6G_7_B1,ALL,1,362.12408,2,3
2022-09-02T00:15:00-00:00,2022-09-02T00:30:00-00:00,2022-09-01,18,ALAMT6G_7_B1,ALAMT6G_7_B1,ALAMT6G_7_B1,RTPD,MCE,LMP_ENE_PRC,ALAMT6G_7_B1,ALL,1,691.2182,2,3
2022-09-02T01:15:00-00:00,2022-09-02T01:30:00-00:00,2022-09-01,19,ALAMT6G_7_B1,ALAMT6G_7_B1,ALAMT6G_7_B1,RTPD,MCE,LMP_ENE_PRC,ALAMT6G_7_B1,ALL,1,1999.9933,2,3
2022-09-02T02:15:00-00:00,2022-09-02T02:30:00-00:00,2022-09-01,20,ALAMT6G_7_B1,ALAMT6G_7_B1,ALAMT6G_7_B1,RTPD,MCE,LMP_ENE_PRC,ALAMT6G_7_B1,ALL,1,1991.6721,2,3
2022-09-02T03:15:00-00:00,2022-09-02T03:30:00-00:00,2022-09-01,21,ALAMT6G_7_B1,ALAMT6G_7_B1,ALAMT6G_7_B1,RTPD,MCE,LMP_ENE_PRC,ALAMT6G_7_B1,ALL,1,400.52884,2,3
2022-09-02T04:15:00-00:00,2022-09-02T04:30:00-00:00,2022-09-01,22,ALAMT6G_7_B1,ALAMT6G_7_B1,ALAMT6G_7_B1,RTPD,MCE,LMP_ENE_PRC,ALAMT6G_7_B1,ALL,1,224.75041,2,3
2022-09-02T05:15:00-00:00,2022-09-02T05:30:00-00:00,2022-09-01,23,ALAMT6G_7_B1,ALAMT6G_7_B1,ALAMT6G_7_B1,RTPD,MCE,LMP_ENE_PRC,ALAMT6G_7_B1,ALL,1,157.11986,2,3
2022-09-02T06:15:00-00:00,2022-09-02T06:30:00-00:00,2022-09-01,24,ALAMT6G_7_B1,ALAMT6G_7_B1,ALAMT6G_7_B1,RTPD,MCE,LMP_ENE_PRC,ALAMT6G_7_B1,ALL,1,143.1005,2,3
2022-09-01T07:30:00-00:00,2022-09-01T07:45:00-00:00,2022-09-01,01,ALAMT6G_7_B1,ALAMT6G_7_B1,ALAMT6G_7_B1,RTPD,MCE,LMP_ENE_PRC,ALAMT6G_7_B1,ALL,1,119.03196,3,3
2022-09-01T08:30:00-00:00,2022-09-01T08:45:00-00:00,2022-09-01,02,ALAMT6G_7_B1,ALAMT6G_7_B1,ALAMT6G_7_B1,RTPD,MCE,LMP_ENE_PRC,ALAMT6G_7_B1,ALL,1,111.11241,3,3
2022-09-01T09:30:00-00:00,2022-09-01T09:45:00-00:00,2022-09-01,03,ALAMT6G_7_B1,ALAMT6G_7_B1,ALAMT6G_7_B1,RTPD,MCE,LMP_ENE_PRC,ALAMT6G_7_B1,ALL,1,98.16228,3,3
2022-09-01T10:30:00-00:00,2022-09-01T10:45:00-00:00,2022-09-01,04,ALAMT6G_7_B1,ALAMT6G_7_B1,ALAMT6G_7_B1,RTPD,MCE,LMP_ENE_PRC,ALAMT6G_7_B1,ALL,1,96.36226,3,3
2022-09-01T11:30:00-00:00,2022-09-01T11:45:00-00:00,2022-09-01,05,ALAMT6G_7_B1,ALAMT6G_7_B1,ALAMT6G_7_B1,RTPD,MCE,LMP_ENE_PRC,ALAMT6G_7_B1,ALL,1,103.06198,3,3
2022-09-01T12:30:00-00:00,2022-09-01T12:45:00-00:00,2022-09-01,06,ALAMT6G_7_B1,ALAMT6G_7_B1,ALAMT6G_7_B1,RTPD,MCE,LMP_ENE_PRC,ALAMT6G_7_B1,ALL,1,113.57403,3,3
2022-09-01T13:30:00-00:00,2022-09-01T13:45:00-00:00,2022-09-01,07,ALAMT6G_7_B1,ALAMT6G_7_B1,ALAMT6G_7_B1,RTPD,MCE,LMP_ENE_PRC,ALAMT6G_7_B1,ALL,1,111.52025,3,3
2022-09-01T14:30:00-00:00,2022-09-01T14:45:00-00:00,2022-09-01,08,ALAMT6G_7_B1,ALAMT6G_7_B1,ALAMT6G_7_B1,RTPD,MCE,LMP_ENE_PRC,ALAMT6G_7_B1,ALL,1,101.83428,3,3
2022-09-01T15:30:00-00:00,2022-09-01T15:45:00-00:00,2022-09-01,09,ALAMT6G_7_B1,ALAMT6G_7_B1,ALAMT6G_7_B1,RTPD,MCE,LMP_ENE_PRC,ALAMT6G_7_B1,ALL,1,86.1388,3,3
2022-09-01T16:30:00-00:00,2022-09-01T16:45:00-00:00,2022-09-01,10,ALAMT6G_7_B1,ALAMT6G_7_B1,ALAMT6G_7_B1,RTPD,MCE,LMP_ENE_PRC,ALAMT6G_7_B1,ALL,1,88.79644,3,3
2022-09-01T17:30:00-00:00,2022-09-01T17:45:00-00:00,2022-09-01,11,ALAMT6G_7_B1,ALAMT6G_7_B1,ALAMT6G_7_B1,RTPD,MCE,LMP_ENE_PRC,ALAMT6G_7_B1,ALL,1,99.13013,3,3
2022-09-01T18:30:00-00:00,2022-09-01T18:45:00-00:00,2022-09-01,12,ALAMT6G_7_B1,ALAMT6G_7_B1,ALAMT6G_7_B1,RTPD,MCE,LMP_ENE_PRC,ALAMT6G_7_B1,ALL,1,107.05718,3,3
2022-09-01T19:30:00-00:00,2022-09-01T19:45:00-00:00,2022-09-01,13,ALAMT6G_7_B1,ALAMT6G_7_B1,ALAMT6G_7_B1,RTPD,MCE,LMP_ENE_PRC,ALAMT6G_7_B1,ALL,1,114.05905,3,3
2022-09-01T20:30:00-00:00,2022-09-01T20:45:00-00:00,2022-09-01,14,ALAMT6G_7_B1,ALAMT6G_7_B1,ALAMT6G_7_B1,RTPD,MCE,LMP_ENE_PRC,ALAMT6G_7_B1,ALL,1,129.81606,3,3
2022-09-01T21:30:00-00:00,2022-09-01T21:45:00-00:00,2022-09-01,15,ALAMT6G_7_B1,ALAMT6G_7_B1,ALAMT6G_7_B1,RTPD,MCE,LMP_ENE_PRC,ALAMT6G_7_B1,ALL,1,152.93057,3,3
2022-09-01T22:30:00-00:00,2022-09-01T22:45:00-00:00,2022-09-01,16,ALAMT6G_7_B1,ALAMT6G_7_B1,ALAMT6G_7_B1,RTPD,MCE,LMP_ENE_PRC,ALAMT6G_7_B1,ALL,1,283.18182,3,3
2022-09-01T23:30:00-00:00,2022-09-01T23:45:00-00:00,2022-09-01,17,ALAMT6G_7_B1,ALAMT6G_7_B1,ALAMT6G_7_B1,RTPD,MCE,LMP_ENE_PRC,ALAMT6G_7_B1,ALL,1,566.48157,3,3
2022-09-02T00:30:00-00:00,2022-09-02T00:45:00-00:00,2022-09-01,18,ALAMT6G_7_B1,ALAMT6G_7_B1,ALAMT6G_7_B1,RTPD,MCE,LMP_ENE_PRC,ALAMT6G_7_B1,ALL,1,1329.1127,3,3
2022-09-02T01:30:00-00:00,2022-09-02T01:45:00-00:00,2022-09-01,19,ALAMT6G_7_B1,ALAMT6G_7_B1,ALAMT6G_7_B1,RTPD,MCE,LMP_ENE_PRC,ALAMT6G_7_B1,ALL,1,1999.9956,3,3
2022-09-02T02:30:00-00:00,2022-09-02T02:45:00-00:00,2022-09-01,20,ALAMT6G_7_B1,ALAMT6G_7_B1,ALAMT6G_7_B1,RTPD,MCE,LMP_ENE_PRC,ALAMT6G_7_B1,ALL,1,1991.671,3,3
2022-09-02T03:30:00-00:00,2022-09-02T03:45:00-00:00,2022-09-01,21,ALAMT6G_7_B1,ALAMT6G_7_B1,ALAMT6G_7_B1,RTPD,MCE,LMP_ENE_PRC,ALAMT6G_7_B1,ALL,1,186.61823,3,3
2022-09-02T04:30:00-00:00,2022-09-02T04:45:00-00:00,2022-09-01,22,ALAMT6G_7_B1,ALAMT6G_7_B1,ALAMT6G_7_B1,RTPD,MCE,LMP_ENE_PRC,ALAMT6G_7_B1,ALL,1,180.67824,3,3
2022-09-02T05:30:00-00:00,2022-09-02T05:45:00-00:00,2022-09-01,23,ALAMT6G_7_B1,ALAMT6G_7_B1,ALAMT6G_7_B1,RTPD,MCE,LMP_ENE_PRC,ALAMT6G_7_B1,ALL,1,131.69917,3,3
2022-09-02T06:30:00-00:00,2022-09-02T06:45:00-00:00,2022-09-01,24,ALAMT6G_7_B1,ALAMT6G_7_B1,ALAMT6G_7_B1,RTPD,MCE,LMP_ENE_PRC,ALAMT6G_7_B1,ALL,1,128.9871,3,3
2022-09-01T07:45:00-00:00,2022-09-01T08:00:00-00:00,2022-09-01,01,ALAMT6G_7_B1,ALAMT6G_7_B1,ALAMT6G_7_B1,RTPD,MCE,LMP_ENE_PRC,ALAMT6G_7_B1,ALL,1,109.12099,4,3
2022-09-01T08:45:00-00:00,2022-09-01T09:00:00-00:00,2022-09-01,02,ALAMT6G_7_B1,ALAMT6G_7_B1,ALAMT6G_7_B1,RTPD,MCE,LMP_ENE_PRC,ALAMT6G_7_B1,ALL,1,98.7357,4,3
2022-09-01T09:45:00-00:00,2022-09-01T10:00:00-00:00,2022-09-01,03,ALAMT6G_7_B1,ALAMT6G_7_B1,ALAMT6G_7_B1,RTPD,MCE,LMP_ENE_PRC,ALAMT6G_7_B1,ALL,1,97.50475,4,3
2022-09-01T10:45:00-00:00,2022-09-01T11:00:00-00:00,2022-09-01,04,ALAMT6G_7_B1,ALAMT6G_7_B1,ALAMT6G_7_B1,RTPD,MCE,LMP_ENE_PRC,ALAMT6G_7_B1,ALL,1,94.71966,4,3
2022-09-01T11:45:00-00:00,2022-09-01T12:00:00-00:00,2022-09-01,05,ALAMT6G_7_B1,ALAMT6G_7_B1,ALAMT6G_7_B1,RTPD,MCE,LMP_ENE_PRC,ALAMT6G_7_B1,ALL,1,107.01,4,3
2022-09-01T12:45:00-00:00,2022-09-01T13:00:00-00:00,2022-09-01,06,ALAMT6G_7_B1,ALAMT6G_7_B1,ALAMT6G_7_B1,RTPD,MCE,LMP_ENE_PRC,ALAMT6G_7_B1,ALL,1,116.4848,4,3
2022-09-01T13:45:00-00:00,2022-09-01T14:00:00-00:00,2022-09-01,07,ALAMT6G_7_B1,ALAMT6G_7_B1,ALAMT6G_7_B1,RTPD,MCE,LMP_ENE_PRC,ALAMT6G_7_B1,ALL,1,111.41,4,3
2022-09-01T14:45:00-00:00,2022-09-01T15:00:00-00:00,2022-09-01,08,ALAMT6G_7_B1,ALAMT6G_7_B1,ALAMT6G_7_B1,RTPD,MCE,LMP_ENE_PRC,ALAMT6G_7_B1,ALL,1,86.1388,4,3
2022-09-01T15:45:00-00:00,2022-09-01T16:00:00-00:00,2022-09-01,09,ALAMT6G_7_B1,ALAMT6G_7_B1,ALAMT6G_7_B1,RTPD,MCE,LMP_ENE_PRC,ALAMT6G_7_B1,ALL,1,78.70076,4,3
2022-09-01T16:45:00-00:00,2022-09-01T17:00:00-00:00,2022-09-01,10,ALAMT6G_7_B1,ALAMT6G_7_B1,ALAMT6G_7_B1,RTPD,MCE,LMP_ENE_PRC,ALAMT6G_7_B1,ALL,1,91.24933,4,3
2022-09-01T17:45:00-00:00,2022-09-01T18:00:00-00:00,2022-09-01,11,ALAMT6G_7_B1,ALAMT6G_7_B1,ALAMT6G_7_B1,RTPD,MCE,LMP_ENE_PRC,ALAMT6G_7_B1,ALL,1,99.20544,4,3
2022-09-01T18:45:00-00:00,2022-09-01T19:00:00-00:00,2022-09-01,12,ALAMT6G_7_B1,ALAMT6G_7_B1,ALAMT6G_7_B1,RTPD,MCE,LMP_ENE_PRC,ALAMT6G_7_B1,ALL,1,109.04064,4,3
2022-09-01T19:45:00-00:00,2022-09-01T20:00:00-00:00,2022-09-01,13,ALAMT6G_7_B1,ALAMT6G_7_B1,ALAMT6G_7_B1,RTPD,MCE,LMP_ENE_PRC,ALAMT6G_7_B1,ALL,1,120.22491,4,3
2022-09-01T20:45:00-00:00,2022-09-01T21:00:00-00:00,2022-09-01,14,ALAMT6G_7_B1,ALAMT6G_7_B1,ALAMT6G_7_B1,RTPD,MCE,LMP_ENE_PRC,ALAMT6G_7_B1,ALL,1,154.02509,4,3
2022-09-01T21:45:00-00:00,2022-09-01T22:00:00-00:00,2022-09-01,15,ALAMT6G_7_B1,ALAMT6G_7_B1,ALAMT6G_7_B1,RTPD,MCE,LMP_ENE_PRC,ALAMT6G_7_B1,ALL,1,300.29376,4,3
2022-09-01T22:45:00-00:00,2022-09-01T23:00:00-00:00,2022-09-01,16,ALAMT6G_7_B1,ALAMT6G_7_B1,ALAMT6G_7_B1,RTPD,MCE,LMP_ENE_PRC,ALAMT6G_7_B1,ALL,1,429.9137,4,3
2022-09-01T23:45:00-00:00,2022-09-02T00:00:00-00:00,2022-09-01,17,ALAMT6G_7_B1,ALAMT6G_7_B1,ALAMT6G_7_B1,RTPD,MCE,LMP_ENE_PRC,ALAMT6G_7_B1,ALL,1,1261.2124,4,3
2022-09-02T00:45:00-00:00,2022-09-02T01:00:00-00:00,2022-09-01,18,ALAMT6G_7_B1,ALAMT6G_7_B1,ALAMT6G_7_B1,RTPD,MCE,LMP_ENE_PRC,ALAMT6G_7_B1,ALL,1,1519.149,4,3
2022-09-02T01:45:00-00:00,2022-09-02T02:00:00-00:00,2022-09-01,19,ALAMT6G_7_B1,ALAMT6G_7_B1,ALAMT6G_7_B1,RTPD,MCE,LMP_ENE_PRC,ALAMT6G_7_B1,ALL,1,1991.9337,4,3
2022-09-02T02:45:00-00:00,2022-09-02T03:00:00-00:00,2022-09-01,20,ALAMT6G_7_B1,ALAMT6G_7_B1,ALAMT6G_7_B1,RTPD,MCE,LMP_ENE_PRC,ALAMT6G_7_B1,ALL,1,1629.6213,4,3
2022-09-02T03:45:00-00:00,2022-09-02T04:00:00-00:00,2022-09-01,21,ALAMT6G_7_B1,ALAMT6G_7_B1,ALAMT6G_7_B1,RTPD,MCE,LMP_ENE_PRC,ALAMT6G_7_B1,ALL,1,141.13702,4,3
2022-09-02T04:45:00-00:00,2022-09-02T05:00:00-00:00,2022-09-01,22,ALAMT6G_7_B1,ALAMT6G_7_B1,ALAMT6G_7_B1,RTPD,MCE,LMP_ENE_PRC,ALAMT6G_7_B1,ALL,1,126.76372,4,3
2022-09-02T05:45:00-00:00,2022-09-02T06:00:00-00:00,2022-09-01,23,ALAMT6G_7_B1,ALAMT6G_7_B1,ALAMT6G_7_B1,RTPD,MCE,LMP_ENE_PRC,ALAMT6G_7_B1,ALL,1,119.00958,4,3
2022-09-02T06:45:00-00:00,2022-09-02T07:00:00-00:00,2022-09-01,24,ALAMT6G_7_B1,ALAMT6G_7_B1,ALAMT6G_7_B1,RTPD,MCE,LMP_ENE_PRC,ALAMT6G_7_B1,ALL,1,109.20324,4,3
2022-09-01T07:00:00-00:00,2022-09-01T07:15:00-00:00,2022-09-01,01,ALAMT6G_7_B1,ALAMT6G_7_B1,ALAMT6G_7_B1,RTPD,MCL,LMP_LOSS_PRC,ALAMT6G_7_B1,ALL,1,1.14658,1,4
2022-09-01T08:00:00-00:00,2022-09-01T08:15:00-00:00,2022-09-01,02,ALAMT6G_7_B1,ALAMT6G_7_B1,ALAMT6G_7_B1,RTPD,MCL,LMP_LOSS_PRC,ALAMT6G_7_B1,ALL,1,0,1,4
2022-09-01T09:00:00-00:00,2022-09-01T09:15:00-00:00,2022-09-01,03,ALAMT6G_7_B1,ALAMT6G_7_B1,ALAMT6G_7_B1,RTPD,MCL,LMP_LOSS_PRC,ALAMT6G_7_B1,ALL,1,9.04557,1,4
2022-09-01T10:00:00-00:00,2022-09-01T10:15:00-00:00,2022-09-01,04,ALAMT6G_7_B1,ALAMT6G_7_B1,ALAMT6G_7_B1,RTPD,MCL,LMP_LOSS_PRC,ALAMT6G_7_B1,ALL,1,8.86794,1,4
2022-09-01T11:00:00-00:00,2022-09-01T11:15:00-00:00,2022-09-01,05,ALAMT6G_7_B1,ALAMT6G_7_B1,ALAMT6G_7_B1,RTPD,MCL,LMP_LOSS_PRC,ALAMT6G_7_B1,ALL,1,8.75936,1,4
2022-09-01T12:00:00-00:00,2022-09-01T12:15:00-00:00,2022-09-01,06,ALAMT6G_7_B1,ALAMT6G_7_B1,ALAMT6G_7_B1,RTPD,MCL,LMP_LOSS_PRC,ALAMT6G_7_B1,ALL,1,7.84958,1,4
2022-09-01T13:00:00-00:00,2022-09-01T13:15:00-00:00,2022-09-01,07,ALAMT6G_7_B1,ALAMT6G_7_B1,ALAMT6G_7_B1,RTPD,MCL,LMP_LOSS_PRC,ALAMT6G_7_B1,ALL,1,0,1,4
2022-09-01T14:00:00-00:00,2022-09-01T14:15:00-00:00,2022-09-01,08,ALAMT6G_7_B1,ALAMT6G_7_B1,ALAMT6G_7_B1,RTPD,MCL,LMP_LOSS_PRC,ALAMT6G_7_B1,ALL,1,6.8334,1,4
2022-09-01T15:00:00-00:00,2022-09-01T15:15:00-00:00,2022-09-01,09,ALAMT6G_7_B1,ALAMT6G_7_B1,ALAMT6G_7_B1,RTPD,MCL,LMP_LOSS_PRC,ALAMT6G_7_B1,ALL,1,0,1,4
2022-09-01T16:00:00-00:00,2022-09-01T16:15:00-00:00,2022-09-01,10,ALAMT6G_7_B1,ALAMT6G_7_B1,ALAMT6G_7_B1,RTPD,MCL,LMP_LOSS_PRC,ALAMT6G_7_B1,ALL,1,0,1,4
2022-09-01T17:00:00-00:00,2022-09-01T17:15:00-00:00,2022-09-01,11,ALAMT6G_7_B1,ALAMT6G_7_B1,ALAMT6G_7_B1,RTPD,MCL,LMP_LOSS_PRC,ALAMT6G_7_B1,ALL,1,0,1,4
2022-09-01T18:00:00-00:00,2022-09-01T18:15:00-00:00,2022-09-01,12,ALAMT6G_7_B1,ALAMT6G_7_B1,ALAMT6G_7_B1,RTPD,MCL,LMP_LOSS_PRC,ALAMT6G_7_B1,ALL,1,0,1,4
2022-09-01T19:00:00-00:00,2022-09-01T19:15:00-00:00,2022-09-01,13,ALAMT6G_7_B1,ALAMT6G_7_B1,ALAMT6G_7_B1,RTPD,MCL,LMP_LOSS_PRC,ALAMT6G_7_B1,ALL,1,0,1,4
2022-09-01T20:00:00-00:00,2022-09-01T20:15:00-00:00,2022-09-01,14,ALAMT6G_7_B1,ALAMT6G_7_B1,ALAMT6G_7_B1,RTPD,MCL,LMP_LOSS_PRC,ALAMT6G_7_B1,ALL,1,0,1,4
2022-09-01T21:00:00-00:00,2022-09-01T21:15:00-00:00,2022-09-01,15,ALAMT6G_7_B1,ALAMT6G_7_B1,ALAMT6G_7_B1,RTPD,MCL,LMP_LOSS_PRC,ALAMT6G_7_B1,ALL,1,0,1,4
2022-09-01T22:00:00-00:00,2022-09-01T22:15:00-00:00,2022-09-01,16,ALAMT6G_7_B1,ALAMT6G_7_B1,ALAMT6G_7_B1,RTPD,MCL,LMP_LOSS_PRC,ALAMT6G_7_B1,ALL,1,0,1,4
2022-09-01T23:00:00-00:00,2022-09-01T23:15:00-00:00,2022-09-01,17,ALAMT6G_7_B1,ALAMT6G_7_B1,ALAMT6G_7_B1,RTPD,MCL,LMP_LOSS_PRC,ALAMT6G_7_B1,ALL,1,0,1,4
2022-09-02T00:00:00-00:00,2022-09-02T00:15:00-00:00,2022-09-01,18,ALAMT6G_7_B1,ALAMT6G_7_B1,ALAMT6G_7_B1,RTPD,MCL,LMP_LOSS_PRC,ALAMT6G_7_B1,ALL,1,76.82696,1,4
2022-09-02T01:00:00-00:00,2022-09-02T01:15:00-00:00,2022-09-01,19,ALAMT6G_7_B1,ALAMT6G_7_B1,ALAMT6G_7_B1,RTPD,MCL,LMP_LOSS_PRC,ALAMT6G_7_B1,ALL,1,0,1,4
2022-09-02T02:00:00-00:00,2022-09-02T02:15:00-00:00,2022-09-01,20,ALAMT6G_7_B1,ALAMT6G_7_B1,ALAMT6G_7_B1,RTPD,MCL,LMP_LOSS_PRC,ALAMT6G_7_B1,ALL,1,0,1,4
2022-09-02T03:00:00-00:00,2022-09-02T03:15:00-00:00,2022-09-01,21,ALAMT6G_7_B1,ALAMT6G_7_B1,ALAMT6G_7_B1,RTPD,MCL,LMP_LOSS_PRC,ALAMT6G_7_B1,ALL,1,65.32962,1,4
2022-09-02T04:00:00-00:00,2022-09-02T04:15:00-00:00,2022-09-01,22,ALAMT6G_7_B1,ALAMT6G_7_B1,ALAMT6G_7_B1,RTPD,MCL,LMP_LOSS_PRC,ALAMT6G_7_B1,ALL,1,21.21941,1,4
2022-09-02T05:00:00-00:00,2022-09-02T05:15:00-00:00,2022-09-01,23,ALAMT6G_7_B1,ALAMT6G_7_B1,ALAMT6G_7_B1,RTPD,MCL,LMP_LOSS_PRC,ALAMT6G_7_B1,ALL,1,11.34296,1,4
2022-09-02T06:00:00-00:00,2022-09-02T06:15:00-00:00,2022-09-01,24,ALAMT6G_7_B1,ALAMT6G_7_B1,ALAMT6G_7_B1,RTPD,MCL,LMP_LOSS_PRC,ALAMT6G_7_B1,ALL,1,11.24778,1,4
2022-09-01T07:15:00-00:00,2022-09-01T07:30:00-00:00,2022-09-01,01,ALAMT6G_7_B1,ALAMT6G_7_B1,ALAMT6G_7_B1,RTPD,MCL,LMP_LOSS_PRC,ALAMT6G_7_B1,ALL,1,0,2,4
2022-09-01T08:15:00-00:00,2022-09-01T08:30:00-00:00,2022-09-01,02,ALAMT6G_7_B1,ALAMT6G_7_B1,ALAMT6G_7_B1,RTPD,MCL,LMP_LOSS_PRC,ALAMT6G_7_B1,ALL,1,0,2,4
2022-09-01T09:15:00-00:00,2022-09-01T09:30:00-00:00,2022-09-01,03,ALAMT6G_7_B1,ALAMT6G_7_B1,ALAMT6G_7_B1,RTPD,MCL,LMP_LOSS_PRC,ALAMT6G_7_B1,ALL,1,8.85732,2,4
2022-09-01T10:15:00-00:00,2022-09-01T10:30:00-00:00,2022-09-01,04,ALAMT6G_7_B1,ALAMT6G_7_B1,ALAMT6G_7_B1,RTPD,MCL,LMP_LOSS_PRC,ALAMT6G_7_B1,ALL,1,8.91493,2,4
2022-09-01T11:15:00-00:00,2022-09-01T11:30:00-00:00,2022-09-01,05,ALAMT6G_7_B1,ALAMT6G_7_B1,ALAMT6G_7_B1,RTPD,MCL,LMP_LOSS_PRC,ALAMT6G_7_B1,ALL,1,8.86579,2,4
2022-09-01T12:15:00-00:00,2022-09-01T12:30:00-00:00,2022-09-01,06,ALAMT6G_7_B1,ALAMT6G_7_B1,ALAMT6G_7_B1,RTPD,MCL,LMP_LOSS_PRC,ALAMT6G_7_B1,ALL,1,8.95347,2,4
2022-09-01T13:15:00-00:00,2022-09-01T13:30:00-00:00,2022-09-01,07,ALAMT6G_7_B1,ALAMT6G_7_B1,ALAMT6G_7_B1,RTPD,MCL,LMP_LOSS_PRC,ALAMT6G_7_B1,ALL,1,8.95595,2,4
2022-09-01T14:15:00-00:00,2022-09-01T14:30:00-00:00,2022-09-01,08,ALAMT6G_7_B1,ALAMT6G_7_B1,ALAMT6G_7_B1,RTPD,MCL,LMP_LOSS_PRC,ALAMT6G_7_B1,ALL,1,6.23485,2,4
2022-09-01T15:15:00-00:00,2022-09-01T15:30:00-00:00,2022-09-01,09,ALAMT6G_7_B1,ALAMT6G_7_B1,ALAMT6G_7_B1,RTPD,MCL,LMP_LOSS_PRC,ALAMT6G_7_B1,ALL,1,0,2,4
2022-09-01T16:15:00-00:00,2022-09-01T16:30:00-00:00,2022-09-01,10,ALAMT6G_7_B1,ALAMT6G_7_B1,ALAMT6G_7_B1,RTPD,MCL,LMP_LOSS_PRC,ALAMT6G_7_B1,ALL,1,0,2,4
2022-09-01T17:15:00-00:00,2022-09-01T17:30:00-00:00,2022-09-01,11,ALAMT6G_7_B1,ALAMT6G_7_B1,ALAMT6G_7_B1,RTPD,MCL,LMP_LOSS_PRC,ALAMT6G_7_B1,ALL,1,0,2,4
2022-09-01T18:15:00-00:00,2022-09-01T18:30:00-00:00,2022-09-01,12,ALAMT6G_7_B1,ALAMT6G_7_B1,ALAMT6G_7_B1,RTPD,MCL,LMP_LOSS_PRC,ALAMT6G_7_B1,ALL,1,0,2,4
2022-09-01T19:15:00-00:00,2022-09-01T19:30:00-00:00,2022-09-01,13,ALAMT6G_7_B1,ALAMT6G_7_B1,ALAMT6G_7_B1,RTPD,MCL,LMP_LOSS_PRC,ALAMT6G_7_B1,ALL,1,0,2,4
2022-09-01T20:15:00-00:00,2022-09-01T20:30:00-00:00,2022-09-01,14,ALAMT6G_7_B1,ALAMT6G_7_B1,ALAMT6G_7_B1,RTPD,MCL,LMP_LOSS_PRC,ALAMT6G_7_B1,ALL,1,0,2,4
2022-09-01T21:15:00-00:00,2022-09-01T21:30:00-00:00,2022-09-01,15,ALAMT6G_7_B1,ALAMT6G_7_B1,ALAMT6G_7_B1,RTPD,MCL,LMP_LOSS_PRC,ALAMT6G_7_B1,ALL,1,0,2,4
2022-09-01T22:15:00-00:00,2022-09-01T22:30:00-00:00,2022-09-01,16,ALAMT6G_7_B1,ALAMT6G_7_B1,ALAMT6G_7_B1,RTPD,MCL,LMP_LOSS_PRC,ALAMT6G_7_B1,ALL,1,0,2,4
2022-09-01T23:15:00-00:00,2022-09-01T23:30:00-00:00,2022-09-01,17,ALAMT6G_7_B1,ALAMT6G_7_B1,ALAMT6G_7_B1,RTPD,MCL,LMP_LOSS_PRC,ALAMT6G_7_B1,ALL,1,0,2,4
2022-09-02T00:15:00-00:00,2022-09-02T00:30:00-00:00,2022-09-01,18,ALAMT6G_7_B1,ALAMT6G_7_B1,ALAMT6G_7_B1,RTPD,MCL,LMP_LOSS_PRC,ALAMT6G_7_B1,ALL,1,60.27423,2,4
2022-09-02T01:15:00-00:00,2022-09-02T01:30:00-00:00,2022-09-01,19,ALAMT6G_7_B1,ALAMT6G_7_B1,ALAMT6G_7_B1,RTPD,MCL,LMP_LOSS_PRC,ALAMT6G_7_B1,ALL,1,0,2,4
2022-09-02T02:15:00-00:00,2022-09-02T02:30:00-00:00,2022-09-01,20,ALAMT6G_7_B1,ALAMT6G_7_B1,ALAMT6G_7_B1,RTPD,MCL,LMP_LOSS_PRC,ALAMT6G_7_B1,ALL,1,0,2,4
2022-09-02T03:15:00-00:00,2022-09-02T03:30:00-00:00,2022-09-01,21,ALAMT6G_7_B1,ALAMT6G_7_B1,ALAMT6G_7_B1,RTPD,MCL,LMP_LOSS_PRC,ALAMT6G_7_B1,ALL,1,28.03702,2,4
2022-09-02T04:15:00-00:00,2022-09-02T04:30:00-00:00,2022-09-01,22,ALAMT6G_7_B1,ALAMT6G_7_B1,ALAMT6G_7_B1,RTPD,MCL,LMP_LOSS_PRC,ALAMT6G_7_B1,ALL,1,18.81161,2,4
2022-09-02T05:15:00-00:00,2022-09-02T05:30:00-00:00,2022-09-01,23,ALAMT6G_7_B1,ALAMT6G_7_B1,ALAMT6G_7_B1,RTPD,MCL,LMP_LOSS_PRC,ALAMT6G_7_B1,ALL,1,11.15551,2,4
2022-09-02T06:15:00-00:00,2022-09-02T06:30:00-00:00,2022-09-01,24,ALAMT6G_7_B1,ALAMT6G_7_B1,ALAMT6G_7_B1,RTPD,MCL,LMP_LOSS_PRC,ALAMT6G_7_B1,ALL,1,11.26201,2,4
2022-09-01T07:30:00-00:00,2022-09-01T07:45:00-00:00,2022-09-01,01,ALAMT6G_7_B1,ALAMT6G_7_B1,ALAMT6G_7_B1,RTPD,MCL,LMP_LOSS_PRC,ALAMT6G_7_B1,ALL,1,0,3,4
2022-09-01T08:30:00-00:00,2022-09-01T08:45:00-00:00,2022-09-01,02,ALAMT6G_7_B1,ALAMT6G_7_B1,ALAMT6G_7_B1,RTPD,MCL,LMP_LOSS_PRC,ALAMT6G_7_B1,ALL,1,9.589,3,4
2022-09-01T09:30:00-00:00,2022-09-01T09:45:00-00:00,2022-09-01,03,ALAMT6G_7_B1,ALAMT6G_7_B1,ALAMT6G_7_B1,RTPD,MCL,LMP_LOSS_PRC,ALAMT6G_7_B1,ALL,1,8.55975,3,4
2022-09-01T10:30:00-00:00,2022-09-01T10:45:00-00:00,2022-09-01,04,ALAMT6G_7_B1,ALAMT6G_7_B1,ALAMT6G_7_B1,RTPD,MCL,LMP_LOSS_PRC,ALAMT6G_7_B1,ALL,1,8.87496,3,4
2022-09-01T11:30:00-00:00,2022-09-01T11:45:00-00:00,2022-09-01,05,ALAMT6G_7_B1,ALAMT6G_7_B1,ALAMT6G_7_B1,RTPD,MCL,LMP_LOSS_PRC,ALAMT6G_7_B1,ALL,1,8.86333,3,4
2022-09-01T12:30:00-00:00,2022-09-01T12:45:00-00:00,2022-09-01,06,ALAMT6G_7_B1,ALAMT6G_7_B1,ALAMT6G_7_B1,RTPD,MCL,LMP_LOSS_PRC,ALAMT6G_7_B1,ALL,1,8.63163,3,4
2022-09-01T13:30:00-00:00,2022-09-01T13:45:00-00:00,2022-09-01,07,ALAMT6G_7_B1,ALAMT6G_7_B1,ALAMT6G_7_B1,RTPD,MCL,LMP_LOSS_PRC,ALAMT6G_7_B1,ALL,1,8.89932,3,4
2022-09-01T14:30:00-00:00,2022-09-01T14:45:00-00:00,2022-09-01,08,ALAMT6G_7_B1,ALAMT6G_7_B1,ALAMT6G_7_B1,RTPD,MCL,LMP_LOSS_PRC,ALAMT6G_7_B1,ALL,1,5.76382,3,4
2022-09-01T15:30:00-00:00,2022-09-01T15:45:00-00:00,2022-09-01,09,ALAMT6G_7_B1,ALAMT6G_7_B1,ALAMT6G_7_B1,RTPD,MCL,LMP_LOSS_PRC,ALAMT6G_7_B1,ALL,1,0,3,4
2022-09-01T16:30:00-00:00,2022-09-01T16:45:00-00:00,2022-09-01,10,ALAMT6G_7_B1,ALAMT6G_7_B1,ALAMT6G_7_B1,RTPD,MCL,LMP_LOSS_PRC,ALAMT6G_7_B1,ALL,1,0,3,4
2022-09-01T17:30:00-00:00,2022-09-01T17:45:00-00:00,2022-09-01,11,ALAMT6G_7_B1,ALAMT6G_7_B1,ALAMT6G_7_B1,RTPD,MCL,LMP_LOSS_PRC,ALAMT6G_7_B1,ALL,1,0,3,4
2022-09-01T18:30:00-00:00,2022-09-01T18:45:00-00:00,2022-09-01,12,ALAMT6G_7_B1,ALAMT6G_7_B1,ALAMT6G_7_B1,RTPD,MCL,LMP_LOSS_PRC,ALAMT6G_7_B1,ALL,1,0,3,4
2022-09-01T19:30:00-00:00,2022-09-01T19:45:00-00:00,2022-09-01,13,ALAMT6G_7_B1,ALAMT6G_7_B1,ALAMT6G_7_B1,RTPD,MCL,LMP_LOSS_PRC,ALAMT6G_7_B1,ALL,1,0,3,4
2022-09-01T20:30:00-00:00,2022-09-01T20:45:00-00:00,2022-09-01,14,ALAMT6G_7_B1,ALAMT6G_7_B1,ALAMT6G_7_B1,RTPD,MCL,LMP_LOSS_PRC,ALAMT6G_7_B1,ALL,1,0,3,4
2022-09-01T21:30:00-00:00,2022-09-01T21:45:00-00:00,2022-09-01,15,ALAMT6G_7_B1,ALAMT6G_7_B1,ALAMT6G_7_B1,RTPD,MCL,LMP_LOSS_PRC,ALAMT6G_7_B1,ALL,1,0,3,4
2022-09-01T22:30:00-00:00,2022-09-01T22:45:00-00:00,2022-09-01,16,ALAMT6G_7_B1,ALAMT6G_7_B1,ALAMT6G_7_B1,RTPD,MCL,LMP_LOSS_PRC,ALAMT6G_7_B1,ALL,1,0,3,4
2022-09-01T23:30:00-00:00,2022-09-01T23:45:00-00:00,2022-09-01,17,ALAMT6G_7_B1,ALAMT6G_7_B1,ALAMT6G_7_B1,RTPD,MCL,LMP_LOSS_PRC,ALAMT6G_7_B1,ALL,1,0,3,4
2022-09-02T00:30:00-00:00,2022-09-02T00:45:00-00:00,2022-09-01,18,ALAMT6G_7_B1,ALAMT6G_7_B1,ALAMT6G_7_B1,RTPD,MCL,LMP_LOSS_PRC,ALAMT6G_7_B1,ALL,1,0,3,4
2022-09-02T01:30:00-00:00,2022-09-02T01:45:00-00:00,2022-09-01,19,ALAMT6G_7_B1,ALAMT6G_7_B1,ALAMT6G_7_B1,RTPD,MCL,LMP_LOSS_PRC,ALAMT6G_7_B1,ALL,1,0,3,4
2022-09-02T02:30:00-00:00,2022-09-02T02:45:00-00:00,2022-09-01,20,ALAMT6G_7_B1,ALAMT6G_7_B1,ALAMT6G_7_B1,RTPD,MCL,LMP_LOSS_PRC,ALAMT6G_7_B1,ALL,1,0,3,4
2022-09-02T03:30:00-00:00,2022-09-02T03:45:00-00:00,2022-09-01,21,ALAMT6G_7_B1,ALAMT6G_7_B1,ALAMT6G_7_B1,RTPD,MCL,LMP_LOSS_PRC,ALAMT6G_7_B1,ALL,1,13.62313,3,4
2022-09-02T04:30:00-00:00,2022-09-02T04:45:00-00:00,2022-09-01,22,ALAMT6G_7_B1,ALAMT6G_7_B1,ALAMT6G_7_B1,RTPD,MCL,LMP_LOSS_PRC,ALAMT6G_7_B1,ALL,1,16.73081,3,4
2022-09-02T05:30:00-00:00,2022-09-02T05:45:00-00:00,2022-09-01,23,ALAMT6G_7_B1,ALAMT6G_7_B1,ALAMT6G_7_B1,RTPD,MCL,LMP_LOSS_PRC,ALAMT6G_7_B1,ALL,1,10.66763,3,4
2022-09-02T06:30:00-00:00,2022-09-02T06:45:00-00:00,2022-09-01,24,ALAMT6G_7_B1,ALAMT6G_7_B1,ALAMT6G_7_B1,RTPD,MCL,LMP_LOSS_PRC,ALAMT6G_7_B1,ALL,1,10.57694,3,4
2022-09-01T07:45:00-00:00,2022-09-01T08:00:00-00:00,2022-09-01,01,ALAMT6G_7_B1,ALAMT6G_7_B1,ALAMT6G_7_B1,RTPD,MCL,LMP_LOSS_PRC,ALAMT6G_7_B1,ALL,1,0,4,4
2022-09-01T08:45:00-00:00,2022-09-01T09:00:00-00:00,2022-09-01,02,ALAMT6G_7_B1,ALAMT6G_7_B1,ALAMT6G_7_B1,RTPD,MCL,LMP_LOSS_PRC,ALAMT6G_7_B1,ALL,1,9.18242,4,4
2022-09-01T09:45:00-00:00,2022-09-01T10:00:00-00:00,2022-09-01,03,ALAMT6G_7_B1,ALAMT6G_7_B1,ALAMT6G_7_B1,RTPD,MCL,LMP_LOSS_PRC,ALAMT6G_7_B1,ALL,1,8.73643,4,4
2022-09-01T10:45:00-00:00,2022-09-01T11:00:00-00:00,2022-09-01,04,ALAMT6G_7_B1,ALAMT6G_7_B1,ALAMT6G_7_B1,RTPD,MCL,LMP_LOSS_PRC,ALAMT6G_7_B1,ALL,1,8.8847,4,4
2022-09-01T11:45:00-00:00,2022-09-01T12:00:00-00:00,2022-09-01,05,ALAMT6G_7_B1,ALAMT6G_7_B1,ALAMT6G_7_B1,RTPD,MCL,LMP_LOSS_PRC,ALAMT6G_7_B1,ALL,1,0,4,4
2022-09-01T12:45:00-00:00,2022-09-01T13:00:00-00:00,2022-09-01,06,ALAMT6G_7_B1,ALAMT6G_7_B1,ALAMT6G_7_B1,RTPD,MCL,LMP_LOSS_PRC,ALAMT6G_7_B1,ALL,1,0,4,4
2022-09-01T13:45:00-00:00,2022-09-01T14:00:00-00:00,2022-09-01,07,ALAMT6G_7_B1,ALAMT6G_7_B1,ALAMT6G_7_B1,RTPD,MCL,LMP_LOSS_PRC,ALAMT6G_7_B1,ALL,1,0,4,4
2022-09-01T14:45:00-00:00,2022-09-01T15:00:00-00:00,2022-09-01,08,ALAMT6G_7_B1,ALAMT6G_7_B1,ALAMT6G_7_B1,RTPD,MCL,LMP_LOSS_PRC,ALAMT6G_7_B1,ALL,1,0,4,4
2022-09-01T15:45:00-00:00,2022-09-01T16:00:00-00:00,2022-09-01,09,ALAMT6G_7_B1,ALAMT6G_7_B1,ALAMT6G_7_B1,RTPD,MCL,LMP_LOSS_PRC,ALAMT6G_7_B1,ALL,1,0,4,4
2022-09-01T16:45:00-00:00,2022-09-01T17:00:00-00:00,2022-09-01,10,ALAMT6G_7_B1,ALAMT6G_7_B1,ALAMT6G_7_B1,RTPD,MCL,LMP_LOSS_PRC,ALAMT6G_7_B1,ALL,1,0,4,4
2022-09-01T17:45:00-00:00,2022-09-01T18:00:00-00:00,2022-09-01,11,ALAMT6G_7_B1,ALAMT6G_7_B1,ALAMT6G_7_B1,RTPD,MCL,LMP_LOSS_PRC,ALAMT6G_7_B1,ALL,1,0,4,4
2022-09-01T18:45:00-00:00,2022-09-01T19:00:00-00:00,2022-09-01,12,ALAMT6G_7_B1,ALAMT6G_7_B1,ALAMT6G_7_B1,RTPD,MCL,LMP_LOSS_PRC,ALAMT6G_7_B1,ALL,1,0,4,4
2022-09-01T19:45:00-00:00,2022-09-01T20:00:00-00:00,2022-09-01,13,ALAMT6G_7_B1,ALAMT6G_7_B1,ALAMT6G_7_B1,RTPD,MCL,LMP_LOSS_PRC,ALAMT6G_7_B1,ALL,1,0,4,4
2022-09-01T20:45:00-00:00,2022-09-01T21:00:00-00:00,2022-09-01,14,ALAMT6G_7_B1,ALAMT6G_7_B1,ALAMT6G_7_B1,RTPD,MCL,LMP_LOSS_PRC,ALAMT6G_7_B1,ALL,1,0,4,4
2022-09-01T21:45:00-00:00,2022-09-01T22:00:00-00:00,2022-09-01,15,ALAMT6G_7_B1,ALAMT6G_7_B1,ALAMT6G_7_B1,RTPD,MCL,LMP_LOSS_PRC,ALAMT6G_7_B1,ALL,1,0,4,4
2022-09-01T22:45:00-00:00,2022-09-01T23:00:00-00:00,2022-09-01,16,ALAMT6G_7_B1,ALAMT6G_7_B1,ALAMT6G_7_B1,RTPD,MCL,LMP_LOSS_PRC,ALAMT6G_7_B1,ALL,1,0,4,4
2022-09-01T23:45:00-00:00,2022-09-02T00:00:00-00:00,2022-09-01,17,ALAMT6G_7_B1,ALAMT6G_7_B1,ALAMT6G_7_B1,RTPD,MCL,LMP_LOSS_PRC,ALAMT6G_7_B1,ALL,1,0,4,4
2022-09-02T00:45:00-00:00,2022-09-02T01:00:00-00:00,2022-09-01,18,ALAMT6G_7_B1,ALAMT6G_7_B1,ALAMT6G_7_B1,RTPD,MCL,LMP_LOSS_PRC,ALAMT6G_7_B1,ALL,1,0,4,4
2022-09-02T01:45:00-00:00,2022-09-02T02:00:00-00:00,2022-09-01,19,ALAMT6G_7_B1,ALAMT6G_7_B1,ALAMT6G_7_B1,RTPD,MCL,LMP_LOSS_PRC,ALAMT6G_7_B1,ALL,1,0,4,4
2022-09-02T02:45:00-00:00,2022-09-02T03:00:00-00:00,2022-09-01,20,ALAMT6G_7_B1,ALAMT6G_7_B1,ALAMT6G_7_B1,RTPD,MCL,LMP_LOSS_PRC,ALAMT6G_7_B1,ALL,1,179.42131,4,4
2022-09-02T03:45:00-00:00,2022-09-02T04:00:00-00:00,2022-09-01,21,ALAMT6G_7_B1,ALAMT6G_7_B1,ALAMT6G_7_B1,RTPD,MCL,LMP_LOSS_PRC,ALAMT6G_7_B1,ALL,1,11.30508,4,4
2022-09-02T04:45:00-00:00,2022-09-02T05:00:00-00:00,2022-09-01,22,ALAMT6G_7_B1,ALAMT6G_7_B1,ALAMT6G_7_B1,RTPD,MCL,LMP_LOSS_PRC,ALAMT6G_7_B1,ALL,1,10.63548,4,4
2022-09-02T05:45:00-00:00,2022-09-02T06:00:00-00:00,2022-09-01,23,ALAMT6G_7_B1,ALAMT6G_7_B1,ALAMT6G_7_B1,RTPD,MCL,LMP_LOSS_PRC,ALAMT6G_7_B1,ALL,1,9.56837,4,4
2022-09-02T06:45:00-00:00,2022-09-02T07:00:00-00:00,2022-09-01,24,ALAMT6G_7_B1,ALAMT6G_7_B1,ALAMT6G_7_B1,RTPD,MCL,LMP_LOSS_PRC,ALAMT6G_7_B1,ALL,1,8.61614,4,4
2022-09-01T07:00:00-00:00,2022-09-01T07:15:00-00:00,2022-09-01,01,ALAMT6G_7_B1,ALAMT6G_7_B1,ALAMT6G_7_B1,RTPD,MGHG,LMP_GHG_PRC,ALAMT6G_7_B1,ALL,1,0,1,5
2022-09-01T08:00:00-00:00,2022-09-01T08:15:00-00:00,2022-09-01,02,ALAMT6G_7_B1,ALAMT6G_7_B1,ALAMT6G_7_B1,RTPD,MGHG,LMP_GHG_PRC,ALAMT6G_7_B1,ALL,1,0,1,5
2022-09-01T09:00:00-00:00,2022-09-01T09:15:00-00:00,2022-09-01,03,ALAMT6G_7_B1,ALAMT6G_7_B1,ALAMT6G_7_B1,RTPD,MGHG,LMP_GHG_PRC,ALAMT6G_7_B1,ALL,1,0,1,5
2022-09-01T10:00:00-00:00,2022-09-01T10:15:00-00:00,2022-09-01,04,ALAMT6G_7_B1,ALAMT6G_7_B1,ALAMT6G_7_B1,RTPD,MGHG,LMP_GHG_PRC,ALAMT6G_7_B1,ALL,1,0,1,5
2022-09-01T11:00:00-00:00,2022-09-01T11:15:00-00:00,2022-09-01,05,ALAMT6G_7_B1,ALAMT6G_7_B1,ALAMT6G_7_B1,RTPD,MGHG,LMP_GHG_PRC,ALAMT6G_7_B1,ALL,1,0,1,5
2022-09-01T12:00:00-00:00,2022-09-01T12:15:00-00:00,2022-09-01,06,ALAMT6G_7_B1,ALAMT6G_7_B1,ALAMT6G_7_B1,RTPD,MGHG,LMP_GHG_PRC,ALAMT6G_7_B1,ALL,1,0,1,5
2022-09-01T13:00:00-00:00,2022-09-01T13:15:00-00:00,2022-09-01,07,ALAMT6G_7_B1,ALAMT6G_7_B1,ALAMT6G_7_B1,RTPD,MGHG,LMP_GHG_PRC,ALAMT6G_7_B1,ALL,1,0,1,5
2022-09-01T14:00:00-00:00,2022-09-01T14:15:00-00:00,2022-09-01,08,ALAMT6G_7_B1,ALAMT6G_7_B1,ALAMT6G_7_B1,RTPD,MGHG,LMP_GHG_PRC,ALAMT6G_7_B1,ALL,1,0,1,5
2022-09-01T15:00:00-00:00,2022-09-01T15:15:00-00:00,2022-09-01,09,ALAMT6G_7_B1,ALAMT6G_7_B1,ALAMT6G_7_B1,RTPD,MGHG,LMP_GHG_PRC,ALAMT6G_7_B1,ALL,1,0,1,5
2022-09-01T16:00:00-00:00,2022-09-01T16:15:00-00:00,2022-09-01,10,ALAMT6G_7_B1,ALAMT6G_7_B1,ALAMT6G_7_B1,RTPD,MGHG,LMP_GHG_PRC,ALAMT6G_7_B1,ALL,1,0,1,5
2022-09-01T17:00:00-00:00,2022-09-01T17:15:00-00:00,2022-09-01,11,ALAMT6G_7_B1,ALAMT6G_7_B1,ALAMT6G_7_B1,RTPD,MGHG,LMP_GHG_PRC,ALAMT6G_7_B1,ALL,1,0,1,5
2022-09-01T18:00:00-00:00,2022-09-01T18:15:00-00:00,2022-09-01,12,ALAMT6G_7_B1,ALAMT6G_7_B1,ALAMT6G_7_B1,RTPD,MGHG,LMP_GHG_PRC,ALAMT6G_7_B1,ALL,1,0,1,5
2022-09-01T19:00:00-00:00,2022-09-01T19:15:00-00:00,2022-09-01,13,ALAMT6G_7_B1,ALAMT6G_7_B1,ALAMT6G_7_B1,RTPD,MGHG,LMP_GHG_PRC,ALAMT6G_7_B1,ALL,1,0,1,5
2022-09-01T20:00:00-00:00,2022-09-01T20:15:00-00:00,2022-09-01,14,ALAMT6G_7_B1,ALAMT6G_7_B1,ALAMT6G_7_B1,RTPD,MGHG,LMP_GHG_PRC,ALAMT6G_7_B1,ALL,1,0,1,5
2022-09-01T21:00:00-00:00,2022-09-01T21:15:00-00:00,2022-09-01,15,ALAMT6G_7_B1,ALAMT6G_7_B1,ALAMT6G_7_B1,RTPD,MGHG,LMP_GHG_PRC,ALAMT6G_7_B1,ALL,1,0,1,5
2022-09-01T22:00:00-00:00,2022-09-01T22:15:00-00:00,2022-09-01,16,ALAMT6G_7_B1,ALAMT6G_7_B1,ALAMT6G_7_B1,RTPD,MGHG,LMP_GHG_PRC,ALAMT6G_7_B1,ALL,1,0,1,5
2022-09-01T23:00:00-00:00,2022-09-01T23:15:00-00:00,2022-09-01,17,ALAMT6G_7_B1,ALAMT6G_7_B1,ALAMT6G_7_B1,RTPD,MGHG,LMP_GHG_PRC,ALAMT6G_7_B1,ALL,1,0,1,5
2022-09-02T00:00:00-00:00,2022-09-02T00:15:00-00:00,2022-09-01,18,ALAMT6G_7_B1,ALAMT6G_7_B1,ALAMT6G_7_B1,RTPD,MGHG,LMP_GHG_PRC,ALAMT6G_7_B1,ALL,1,0,1,5
2022-09-02T01:00:00-00:00,2022-09-02T01:15:00-00:00,2022-09-01,19,ALAMT6G_7_B1,ALAMT6G_7_B1,ALAMT6G_7_B1,RTPD,MGHG,LMP_GHG_PRC,ALAMT6G_7_B1,ALL,1,0,1,5
2022-09-02T02:00:00-00:00,2022-09-02T02:15:00-00:00,2022-09-01,20,ALAMT6G_7_B1,ALAMT6G_7_B1,ALAMT6G_7_B1,RTPD,MGHG,LMP_GHG_PRC,ALAMT6G_7_B1,ALL,1,0,1,5
2022-09-02T03:00:00-00:00,2022-09-02T03:15:00-00:00,2022-09-01,21,ALAMT6G_7_B1,ALAMT6G_7_B1,ALAMT6G_7_B1,RTPD,MGHG,LMP_GHG_PRC,ALAMT6G_7_B1,ALL,1,0,1,5
2022-09-02T04:00:00-00:00,2022-09-02T04:15:00-00:00,2022-09-01,22,ALAMT6G_7_B1,ALAMT6G_7_B1,ALAMT6G_7_B1,RTPD,MGHG,LMP_GHG_PRC,ALAMT6G_7_B1,ALL,1,0,1,5
2022-09-02T05:00:00-00:00,2022-09-02T05:15:00-00:00,2022-09-01,23,ALAMT6G_7_B1,ALAMT6G_7_B1,ALAMT6G_7_B1,RTPD,MGHG,LMP_GHG_PRC,ALAMT6G_7_B1,ALL,1,0,1,5
2022-09-02T06:00:00-00:00,2022-09-02T06:15:00-00:00,2022-09-01,24,ALAMT6G_7_B1,ALAMT6G_7_B1,ALAMT6G_7_B1,RTPD,MGHG,LMP_GHG_PRC,ALAMT6G_7_B1,ALL,1,0,1,5
2022-09-01T07:15:00-00:00,2022-09-01T07:30:00-00:00,2022-09-01,01,ALAMT6G_7_B1,ALAMT6G_7_B1,ALAMT6G_7_B1,RTPD,MGHG,LMP_GHG_PRC,ALAMT6G_7_B1,ALL,1,0,2,5
2022-09-01T08:15:00-00:00,2022-09-01T08:30:00-00:00,2022-09-01,02,ALAMT6G_7_B1,ALAMT6G_7_B1,ALAMT6G_7_B1,RTPD,MGHG,LMP_GHG_PRC,ALAMT6G_7_B1,ALL,1,0,2,5
2022-09-01T09:15:00-00:00,2022-09-01T09:30:00-00:00,2022-09-01,03,ALAMT6G_7_B1,ALAMT6G_7_B1,ALAMT6G_7_B1,RTPD,MGHG,LMP_GHG_PRC,ALAMT6G_7_B1,ALL,1,0,2,5
2022-09-01T10:15:00-00:00,2022-09-01T10:30:00-00:00,2022-09-01,04,ALAMT6G_7_B1,ALAMT6G_7_B1,ALAMT6G_7_B1,RTPD,MGHG,LMP_GHG_PRC,ALAMT6G_7_B1,ALL,1,0,2,5
2022-09-01T11:15:00-00:00,2022-09-01T11:30:00-00:00,2022-09-01,05,ALAMT6G_7_B1,ALAMT6G_7_B1,ALAMT6G_7_B1,RTPD,MGHG,LMP_GHG_PRC,ALAMT6G_7_B1,ALL,1,0,2,5
2022-09-01T12:15:00-00:00,2022-09-01T12:30:00-00:00,2022-09-01,06,ALAMT6G_7_B1,ALAMT6G_7_B1,ALAMT6G_7_B1,RTPD,MGHG,LMP_GHG_PRC,ALAMT6G_7_B1,ALL,1,0,2,5
2022-09-01T13:15:00-00:00,2022-09-01T13:30:00-00:00,2022-09-01,07,ALAMT6G_7_B1,ALAMT6G_7_B1,ALAMT6G_7_B1,RTPD,MGHG,LMP_GHG_PRC,ALAMT6G_7_B1,ALL,1,0,2,5
2022-09-01T14:15:00-00:00,2022-09-01T14:30:00-00:00,2022-09-01,08,ALAMT6G_7_B1,ALAMT6G_7_B1,ALAMT6G_7_B1,RTPD,MGHG,LMP_GHG_PRC,ALAMT6G_7_B1,ALL,1,0,2,5
2022-09-01T15:15:00-00:00,2022-09-01T15:30:00-00:00,2022-09-01,09,ALAMT6G_7_B1,ALAMT6G_7_B1,ALAMT6G_7_B1,RTPD,MGHG,LMP_GHG_PRC,ALAMT6G_7_B1,ALL,1,0,2,5
2022-09-01T16:15:00-00:00,2022-09-01T16:30:00-00:00,2022-09-01,10,ALAMT6G_7_B1,ALAMT6G_7_B1,ALAMT6G_7_B1,RTPD,MGHG,LMP_GHG_PRC,ALAMT6G_7_B1,ALL,1,0,2,5
2022-09-01T17:15:00-00:00,2022-09-01T17:30:00-00:00,2022-09-01,11,ALAMT6G_7_B1,ALAMT6G_7_B1,ALAMT6G_7_B1,RTPD,MGHG,LMP_GHG_PRC,ALAMT6G_7_B1,ALL,1,0,2,5
2022-09-01T18:15:00-00:00,2022-09-01T18:30:00-00:00,2022-09-01,12,ALAMT6G_7_B1,ALAMT6G_7_B1,ALAMT6G_7_B1,RTPD,MGHG,LMP_GHG_PRC,ALAMT6G_7_B1,ALL,1,0,2,5
2022-09-01T19:15:00-00:00,2022-09-01T19:30:00-00:00,2022-09-01,13,ALAMT6G_7_B1,ALAMT6G_7_B1,ALAMT6G_7_B1,RTPD,MGHG,LMP_GHG_PRC,ALAMT6G_7_B1,ALL,1,0,2,5
2022-09-01T20:15:00-00:00,2022-09-01T20:30:00-00:00,2022-09-01,14,ALAMT6G_7_B1,ALAMT6G_7_B1,ALAMT6G_7_B1,RTPD,MGHG,LMP_GHG_PRC,ALAMT6G_7_B1,ALL,1,0,2,5
2022-09-01T21:15:00-00:00,2022-09-01T21:30:00-00:00,2022-09-01,15,ALAMT6G_7_B1,ALAMT6G_7_B1,ALAMT6G_7_B1,RTPD,MGHG,LMP_GHG_PRC,ALAMT6G_7_B1,ALL,1,0,2,5
2022-09-01T22:15:00-00:00,2022-09-01T22:30:00-00:00,2022-09-01,16,ALAMT6G_7_B1,ALAMT6G_7_B1,ALAMT6G_7_B1,RTPD,MGHG,LMP_GHG_PRC,ALAMT6G_7_B1,ALL,1,0,2,5
2022-09-01T23:15:00-00:00,2022-09-01T23:30:00-00:00,2022-09-01,17,ALAMT6G_7_B1,ALAMT6G_7_B1,ALAMT6G_7_B1,RTPD,MGHG,LMP_GHG_PRC,ALAMT6G_7_B1,ALL,1,0,2,5
2022-09-02T00:15:00-00:00,2022-09-02T00:30:00-00:00,2022-09-01,18,ALAMT6G_7_B1,ALAMT6G_7_B1,ALAMT6G_7_B1,RTPD,MGHG,LMP_GHG_PRC,ALAMT6G_7_B1,ALL,1,0,2,5
2022-09-02T01:15:00-00:00,2022-09-02T01:30:00-00:00,2022-09-01,19,ALAMT6G_7_B1,ALAMT6G_7_B1,ALAMT6G_7_B1,RTPD,MGHG,LMP_GHG_PRC,ALAMT6G_7_B1,ALL,1,0,2,5
2022-09-02T02:15:00-00:00,2022-09-02T02:30:00-00:00,2022-09-01,20,ALAMT6G_7_B1,ALAMT6G_7_B1,ALAMT6G_7_B1,RTPD,MGHG,LMP_GHG_PRC,ALAMT6G_7_B1,ALL,1,0,2,5
2022-09-02T03:15:00-00:00,2022-09-02T03:30:00-00:00,2022-09-01,21,ALAMT6G_7_B1,ALAMT6G_7_B1,ALAMT6G_7_B1,RTPD,MGHG,LMP_GHG_PRC,ALAMT6G_7_B1,ALL,1,0,2,5
2022-09-02T04:15:00-00:00,2022-09-02T04:30:00-00:00,2022-09-01,22,ALAMT6G_7_B1,ALAMT6G_7_B1,ALAMT6G_7_B1,RTPD,MGHG,LMP_GHG_PRC,ALAMT6G_7_B1,ALL,1,0,2,5
2022-09-02T05:15:00-00:00,2022-09-02T05:30:00-00:00,2022-09-01,23,ALAMT6G_7_B1,ALAMT6G_7_B1,ALAMT6G_7_B1,RTPD,MGHG,LMP_GHG_PRC,ALAMT6G_7_B1,ALL,1,0,2,5
2022-09-02T06:15:00-00:00,2022-09-02T06:30:00-00:00,2022-09-01,24,ALAMT6G_7_B1,ALAMT6G_7_B1,ALAMT6G_7_B1,RTPD,MGHG,LMP_GHG_PRC,ALAMT6G_7_B1,ALL,1,0,2,5
2022-09-01T07:30:00-00:00,2022-09-01T07:45:00-00:00,2022-09-01,01,ALAMT6G_7_B1,ALAMT6G_7_B1,ALAMT6G_7_B1,RTPD,MGHG,LMP_GHG_PRC,ALAMT6G_7_B1,ALL,1,0,3,5
2022-09-01T08:30:00-00:00,2022-09-01T08:45:00-00:00,2022-09-01,02,ALAMT6G_7_B1,ALAMT6G_7_B1,ALAMT6G_7_B1,RTPD,MGHG,LMP_GHG_PRC,ALAMT6G_7_B1,ALL,1,0,3,5
2022-09-01T09:30:00-00:00,2022-09-01T09:45:00-00:00,2022-09-01,03,ALAMT6G_7_B1,ALAMT6G_7_B1,ALAMT6G_7_B1,RTPD,MGHG,LMP_GHG_PRC,ALAMT6G_7_B1,ALL,1,0,3,5
2022-09-01T10:30:00-00:00,2022-09-01T10:45:00-00:00,2022-09-01,04,ALAMT6G_7_B1,ALAMT6G_7_B1,ALAMT6G_7_B1,RTPD,MGHG,LMP_GHG_PRC,ALAMT6G_7_B1,ALL,1,0,3,5
2022-09-01T11:30:00-00:00,2022-09-01T11:45:00-00:00,2022-09-01,05,ALAMT6G_7_B1,ALAMT6G_7_B1,ALAMT6G_7_B1,RTPD,MGHG,LMP_GHG_PRC,ALAMT6G_7_B1,ALL,1,0,3,5
2022-09-01T12:30:00-00:00,2022-09-01T12:45:00-00:00,2022-09-01,06,ALAMT6G_7_B1,ALAMT6G_7_B1,ALAMT6G_7_B1,RTPD,MGHG,LMP_GHG_PRC,ALAMT6G_7_B1,ALL,1,0,3,5
2022-09-01T13:30:00-00:00,2022-09-01T13:45:00-00:00,2022-09-01,07,ALAMT6G_7_B1,ALAMT6G_7_B1,ALAMT6G_7_B1,RTPD,MGHG,LMP_GHG_PRC,ALAMT6G_7_B1,ALL,1,0,3,5
2022-09-01T14:30:00-00:00,2022-09-01T14:45:00-00:00,2022-09-01,08,ALAMT6G_7_B1,ALAMT6G_7_B1,ALAMT6G_7_B1,RTPD,MGHG,LMP_GHG_PRC,ALAMT6G_7_B1,ALL,1,0,3,5
2022-09-01T15:30:00-00:00,2022-09-01T15:45:00-00:00,2022-09-01,09,ALAMT6G_7_B1,ALAMT6G_7_B1,ALAMT6G_7_B1,RTPD,MGHG,LMP_GHG_PRC,ALAMT6G_7_B1,ALL,1,0,3,5
2022-09-01T16:30:00-00:00,2022-09-01T16:45:00-00:00,2022-09-01,10,ALAMT6G_7_B1,ALAMT6G_7_B1,ALAMT6G_7_B1,RTPD,MGHG,LMP_GHG_PRC,ALAMT6G_7_B1,ALL,1,0,3,5
2022-09-01T17:30:00-00:00,2022-09-01T17:45:00-00:00,2022-09-01,11,ALAMT6G_7_B1,ALAMT6G_7_B1,ALAMT6G_7_B1,RTPD,MGHG,LMP_GHG_PRC,ALAMT6G_7_B1,ALL,1,0,3,5
2022-09-01T18:30:00-00:00,2022-09-01T18:45:00-00:00,2022-09-01,12,ALAMT6G_7_B1,ALAMT6G_7_B1,ALAMT6G_7_B1,RTPD,MGHG,LMP_GHG_PRC,ALAMT6G_7_B1,ALL,1,0,3,5
2022-09-01T19:30:00-00:00,2022-09-01T19:45:00-00:00,2022-09-01,13,ALAMT6G_7_B1,ALAMT6G_7_B1,ALAMT6G_7_B1,RTPD,MGHG,LMP_GHG_PRC,ALAMT6G_7_B1,ALL,1,0,3,5
2022-09-01T20:30:00-00:00,2022-09-01T20:45:00-00:00,2022-09-01,14,ALAMT6G_7_B1,ALAMT6G_7_B1,ALAMT6G_7_B1,RTPD,MGHG,LMP_GHG_PRC,ALAMT6G_7_B1,ALL,1,0,3,5
2022-09-01T21:30:00-00:00,2022-09-01T21:45:00-00:00,2022-09-01,15,ALAMT6G_7_B1,ALAMT6G_7_B1,ALAMT6G_7_B1,RTPD,MGHG,LMP_GHG_PRC,ALAMT6G_7_B1,ALL,1,0,3,5
2022-09-01T22:30:00-00:00,2022-09-01T22:45:00-00:00,2022-09-01,16,ALAMT6G_7_B1,ALAMT6G_7_B1,ALAMT6G_7_B1,RTPD,MGHG,LMP_GHG_PRC,ALAMT6G_7_B1,ALL,1,0,3,5
2022-09-01T23:30:00-00:00,2022-09-01T23:45:00-00:00,2022-09-01,17,ALAMT6G_7_B1,ALAMT6G_7_B1,ALAMT6G_7_B1,RTPD,MGHG,LMP_GHG_PRC,ALAMT6G_7_B1,ALL,1,0,3,5
2022-09-02T00:30:00-00:00,2022-09-02T00:45:00-00:00,2022-09-01,18,ALAMT6G_7_B1,ALAMT6G_7_B1,ALAMT6G_7_B1,RTPD,MGHG,LMP_GHG_PRC,ALAMT6G_7_B1,ALL,1,0,3,5
2022-09-02T01:30:00-00:00,2022-09-02T01:45:00-00:00,2022-09-01,19,ALAMT6G_7_B1,ALAMT6G_7_B1,ALAMT6G_7_B1,RTPD,MGHG,LMP_GHG_PRC,ALAMT6G_7_B1,ALL,1,0,3,5
2022-09-02T02:30:00-00:00,2022-09-02T02:45:00-00:00,2022-09-01,20,ALAMT6G_7_B1,ALAMT6G_7_B1,ALAMT6G_7_B1,RTPD,MGHG,LMP_GHG_PRC,ALAMT6G_7_B1,ALL,1,0,3,5
2022-09-02T03:30:00-00:00,2022-09-02T03:45:00-00:00,2022-09-01,21,ALAMT6G_7_B1,ALAMT6G_7_B1,ALAMT6G_7_B1,RTPD,MGHG,LMP_GHG_PRC,ALAMT6G_7_B1,ALL,1,0,3,5
2022-09-02T04:30:00-00:00,2022-09-02T04:45:00-00:00,2022-09-01,22,ALAMT6G_7_B1,ALAMT6G_7_B1,ALAMT6G_7_B1,RTPD,MGHG,LMP_GHG_PRC,ALAMT6G_7_B1,ALL,1,0,3,5
2022-09-02T05:30:00-00:00,2022-09-02T05:45:00-00:00,2022-09-01,23,ALAMT6G_7_B1,ALAMT6G_7_B1,ALAMT6G_7_B1,RTPD,MGHG,LMP_GHG_PRC,ALAMT6G_7_B1,ALL,1,0,3,5
2022-09-02T06:30:00-00:00,2022-09-02T06:45:00-00:00,2022-09-01,24,ALAMT6G_7_B1,ALAMT6G_7_B1,ALAMT6G_7_B1,RTPD,MGHG,LMP_GHG_PRC,ALAMT6G_7_B1,ALL,1,0,3,5
2022-09-01T07:45:00-00:00,2022-09-01T08:00:00-00:00,2022-09-01,01,ALAMT6G_7_B1,ALAMT6G_7_B1,ALAMT6G_7_B1,RTPD,MGHG,LMP_GHG_PRC,ALAMT6G_7_B1,ALL,1,0,4,5
2022-09-01T08:45:00-00:00,2022-09-01T09:00:00-00:00,2022-09-01,02,ALAMT6G_7_B1,ALAMT6G_7_B1,ALAMT6G_7_B1,RTPD,MGHG,LMP_GHG_PRC,ALAMT6G_7_B1,ALL,1,0,4,5
2022-09-01T09:45:00-00:00,2022-09-01T10:00:00-00:00,2022-09-01,03,ALAMT6G_7_B1,ALAMT6G_7_B1,ALAMT6G_7_B1,RTPD,MGHG,LMP_GHG_PRC,ALAMT6G_7_B1,ALL,1,0,4,5
2022-09-01T10:45:00-00:00,2022-09-01T11:00:00-00:00,2022-09-01,04,ALAMT6G_7_B1,ALAMT6G_7_B1,ALAMT6G_7_B1,RTPD,MGHG,LMP_GHG_PRC,ALAMT6G_7_B1,ALL,1,0,4,5
2022-09-01T11:45:00-00:00,2022-09-01T12:00:00-00:00,2022-09-01,05,ALAMT6G_7_B1,ALAMT6G_7_B1,ALAMT6G_7_B1,RTPD,MGHG,LMP_GHG_PRC,ALAMT6G_7_B1,ALL,1,0,4,5
2022-09-01T12:45:00-00:00,2022-09-01T13:00:00-00:00,2022-09-01,06,ALAMT6G_7_B1,ALAMT6G_7_B1,ALAMT6G_7_B1,RTPD,MGHG,LMP_GHG_PRC,ALAMT6G_7_B1,ALL,1,0,4,5
2022-09-01T13:45:00-00:00,2022-09-01T14:00:00-00:00,2022-09-01,07,ALAMT6G_7_B1,ALAMT6G_7_B1,ALAMT6G_7_B1,RTPD,MGHG,LMP_GHG_PRC,ALAMT6G_7_B1,ALL,1,0,4,5
2022-09-01T14:45:00-00:00,2022-09-01T15:00:00-00:00,2022-09-01,08,ALAMT6G_7_B1,ALAMT6G_7_B1,ALAMT6G_7_B1,RTPD,MGHG,LMP_GHG_PRC,ALAMT6G_7_B1,ALL,1,0,4,5
2022-09-01T15:45:00-00:00,2022-09-01T16:00:00-00:00,2022-09-01,09,ALAMT6G_7_B1,ALAMT6G_7_B1,ALAMT6G_7_B1,RTPD,MGHG,LMP_GHG_PRC,ALAMT6G_7_B1,ALL,1,0,4,5
2022-09-01T16:45:00-00:00,2022-09-01T17:00:00-00:00,2022-09-01,10,ALAMT6G_7_B1,ALAMT6G_7_B1,ALAMT6G_7_B1,RTPD,MGHG,LMP_GHG_PRC,ALAMT6G_7_B1,ALL,1,0,4,5
2022-09-01T17:45:00-00:00,2022-09-01T18:00:00-00:00,2022-09-01,11,ALAMT6G_7_B1,ALAMT6G_7_B1,ALAMT6G_7_B1,RTPD,MGHG,LMP_GHG_PRC,ALAMT6G_7_B1,ALL,1,0,4,5
2022-09-01T18:45:00-00:00,2022-09-01T19:00:00-00:00,2022-09-01,12,ALAMT6G_7_B1,ALAMT6G_7_B1,ALAMT6G_7_B1,RTPD,MGHG,LMP_GHG_PRC,ALAMT6G_7_B1,ALL,1,0,4,5
2022-09-01T19:45:00-00:00,2022-09-01T20:00:00-00:00,2022-09-01,13,ALAMT6G_7_B1,ALAMT6G_7_B1,ALAMT6G_7_B1,RTPD,MGHG,LMP_GHG_PRC,ALAMT6G_7_B1,ALL,1,0,4,5
2022-09-01T20:45:00-00:00,2022-09-01T21:00:00-00:00,2022-09-01,14,ALAMT6G_7_B1,ALAMT6G_7_B1,ALAMT6G_7_B1,RTPD,MGHG,LMP_GHG_PRC,ALAMT6G_7_B1,ALL,1,0,4,5
2022-09-01T21:45:00-00:00,2022-09-01T22:00:00-00:00,2022-09-01,15,ALAMT6G_7_B1,ALAMT6G_7_B1,ALAMT6G_7_B1,RTPD,MGHG,LMP_GHG_PRC,ALAMT6G_7_B1,ALL,1,0,4,5
2022-09-01T22:45:00-00:00,2022-09-01T23:00:00-00:00,2022-09-01,16,ALAMT6G_7_B1,ALAMT6G_7_B1,ALAMT6G_7_B1,RTPD,MGHG,LMP_GHG_PRC,ALAMT6G_7_B1,ALL,1,0,4,5
2022-09-01T23:45:00-00:00,2022-09-02T00:00:00-00:00,2022-09-01,17,ALAMT6G_7_B1,ALAMT6G_7_B1,ALAMT6G_7_B1,RTPD,MGHG,LMP_GHG_PRC,ALAMT6G_7_B1,ALL,1,0,4,5
2022-09-02T00:45:00-00:00,2022-09-02T01:00:00-00:00,2022-09-01,18,ALAMT6G_7_B1,ALAMT6G_7_B1,ALAMT6G_7_B1,RTPD,MGHG,LMP_GHG_PRC,ALAMT6G_7_B1,ALL,1,0,4,5
2022-09-02T01:45:00-00:00,2022-09-02T02:00:00-00:00,2022-09-01,19,ALAMT6G_7_B1,ALAMT6G_7_B1,ALAMT6G_7_B1,RTPD,MGHG,LMP_GHG_PRC,ALAMT6G_7_B1,ALL,1,0,4,5
2022-09-02T02:45:00-00:00,2022-09-02T03:00:00-00:00,2022-09-01,20,ALAMT6G_7_B1,ALAMT6G_7_B1,ALAMT6G_7_B1,RTPD,MGHG,LMP_GHG_PRC,ALAMT6G_7_B1,ALL,1,0,4,5
2022-09-02T03:45:00-00:00,2022-09-02T04:00:00-00:00,2022-09-01,21,ALAMT6G_7_B1,ALAMT6G_7_B1,ALAMT6G_7_B1,RTPD,MGHG,LMP_GHG_PRC,ALAMT6G_7_B1,ALL,1,0,4,5
2022-09-02T04:45:00-00:00,2022-09-02T05:00:00-00:00,2022-09-01,22,ALAMT6G_7_B1,ALAMT6G_7_B1,ALAMT6G_7_B1,RTPD,MGHG,LMP_GHG_PRC,ALAMT6G_7_B1,ALL,1,0,4,5
2022-09-02T05:45:00-00:00,2022-09-02T06:00:00-00:00,2022-09-01,23,ALAMT6G_7_B1,ALAMT6G_7_B1,ALAMT6G_7_B1,RTPD,MGHG,LMP_GHG_PRC,ALAMT6G_7_B1,ALL,1,0,4,5
2022-09-02T06:45:00-00:00,2022-09-02T07:00:00-00:00,2022-09-01,24,ALAMT6G_7_B1,ALAMT6G_7_B1,ALAMT6G_7_B1,RTPD,MGHG,LMP_GHG_PRC,ALAMT6G_7_B1,ALL,1,0,4,5
