,TOME_1_VEFGTGNODE,SPILLS_6_ELVADOHYDROGNODE,PERSON_1_RIOBRAVOGNODE,REEVES_1_REEVES3GNODE,ARRIBA_1_SANMIGUEL2PVGNODE,ARROYO_1_ARROYOSOLARGNODE,ELBUTTE_1_ELBUTTEHYDROGNODE,TAIBANM_3_LONEMESAWFGNODE,JARALES_1_RIOCOMMPVGNODE,HONDALE_1_DEMINGPVGNODE,S_COORS_1_SOUTHVALLEPVGNODE,SANJUAN_3_SANJUAN1GNODE,LUNA_3_LEFGNODE,FC_3_PNM_FCST4GNODE,LIGHTDOC_1_LIGHTNINGDGEOGNODE,LOSTHORZ_1_FACEBOOK3PVGNODE,LORDBURG_1_GEN1GTGNODE,ALAMOGCP_1_ALAMOPVGNODE,ARRIBAT_1_LASVEGASPVGNODE,TA3_7_CGTGGNODE,LOSMORRO_1_LOSLUNASPVGNODE,ALAMOGCP_1_OTEROPVGNODE,COYTEJCT_6_ABIQUIUHYDROGNODE,AFTON_3_AFTONCTGNODE,PYGS_1_PYRAMID A3GNODE,BRITTON_1_BRITTONPVGNODE,CLINESCO_3_ELCABOWF2GNODE,REEVES_1_REEVES2GNODE,PYGS_1_PYRAMID A2GNODE,LOSTHORZ_1_SANTOLINAPVGNODE,BELEN_1_LALUZGNODE,LAJOYA_3_LJOYA2GNODE,FC_5_PNM_FCST5GNODE,COLLEGE_1_VISTAPVGNODE,WILLARD_1_HIGHLONEWFGNODE,LONEMESA_7_CASAMESAWFGNODE,STATEPEN_1_SANTAFEPVGNODE,GUADALUP_3_ARAGONNEWFGNODE,HURLEY_LNODERLEY,LONEMESA_7_CASAMEBATTGNODE,AFTON_3_AFTONSTGNODE,LOSTHORZ_1_FACEBOOK2PVGNODE,TOME_1_RIODELOROPVGNODE,LORDBURG_1_GEN2GTGNODE,PYGS_1_PYRAMID A4GNODE,SANJUAN_3_SANJUAN4GNODE,PYGS_1_PYRAMID A1GNODE,REEVES_1_REEVESPVGNODE,MARQUEZ_1_CIBOLAPVGNODE,CIBOLA_1_ROUTE66GNODE,REEVES_1_REEVES1GNODE,ELCERRO_1_MEADOWLAKEPVGNODE,LAJOYA_3_LJOYA1GNODE,COLLEGE_1_MANZANOPVGNODE,PDTYRONE_LNODERONE,ARRIBA_1_SANMIGUEL1PVGNODE,SPRV_3_COAL_SPV3GNODE,CLINESCO_3_ELCABOWF1GNODE,MD1_LNODEMINE,REDMESA_1_REDMESAWFGNODE,CMFS_1_SOLA_CIMGNODE,RIOPUERC_3_ENCINOPVGNODE,PROGRESS_1_SANDOVALPVGNODE,ARROYO_1_ARROYOBATTERYGNODE,SCENIC_1_RIORANCHOPVGNODE,ALLN_1_ALLN SOLARGNODE,LOSMORRO_1_FACEBOOK1PVGNODE,IVANHOE_LNODENHOE,STUDIO_1_PROSPERITYGNODE
2022-09-01T07:00:00-00:00,1.067,17.34101,-3.18243,-0.68659,-1.5773,-8.77721,2.27317,0.0,1.20617,0.35257,-0.78865,-3.62779,0.31546,-3.47006,0.53814,-0.64948,-0.11134,2.37523,-1.59586,-1.067,1.68864,2.37523,4.96385,-0.09278,0.81648,1.39173,-4.40716,-0.47319,0.81648,-0.64948,1.24328,-3.74841,-3.18243,0.79793,0.95566,0.0,-1.40101,-3.89686,4.1752,0.0,0.2969,-0.64948,1.067,-0.11134,0.81648,-3.62779,0.81648,-0.68659,-1.42885,-0.38041,-0.47319,0.44536,-3.74841,0.79793,4.24943,-1.5773,-2.22678,-4.41644,5.8824,-1.45668,-5.27004,-2.0041,-1.37318,-8.77721,-1.1505,1.16906,1.68864,5.40921,-0.77937
2022-09-01T07:15:00-00:00,0.0,0.0,0.0,0.0,0.0,0.0,0.0,0.0,0.0,0.0,0.0,0.0,0.0,0.0,0.0,0.0,0.0,0.0,0.0,0.0,0.0,0.0,0.0,0.0,0.0,0.0,0.0,0.0,0.0,0.0,0.0,0.0,0.0,0.0,0.0,0.0,0.0,0.0,0.0,0.0,0.0,0.0,0.0,0.0,0.0,0.0,0.0,0.0,0.0,0.0,0.0,0.0,0.0,0.0,0.0,0.0,0.0,0.0,0.0,0.0,0.0,0.0,0.0,0.0,0.0,0.0,0.0,0.0,0.0
2022-09-01T07:30:00-00:00,0.0,0.0,0.0,0.0,0.0,0.0,0.0,0.0,0.0,0.0,0.0,0.0,0.0,0.0,0.0,0.0,0.0,0.0,0.0,0.0,0.0,0.0,0.0,0.0,0.0,0.0,0.0,0.0,0.0,0.0,0.0,0.0,0.0,0.0,0.0,0.0,0.0,0.0,0.0,0.0,0.0,0.0,0.0,0.0,0.0,0.0,0.0,0.0,0.0,0.0,0.0,0.0,0.0,0.0,0.0,0.0,0.0,0.0,0.0,0.0,0.0,0.0,0.0,0.0,0.0,0.0,0.0,0.0,0.0
2022-09-01T07:45:00-00:00,0.0,0.0,0.0,0.0,0.0,0.0,0.0,0.0,0.0,0.0,0.0,0.0,0.0,0.0,0.0,0.0,0.0,0.0,0.0,0.0,0.0,0.0,0.0,0.0,0.0,0.0,0.0,0.0,0.0,0.0,0.0,0.0,0.0,0.0,0.0,0.0,0.0,0.0,0.0,0.0,0.0,0.0,0.0,0.0,0.0,0.0,0.0,0.0,0.0,0.0,0.0,0.0,0.0,0.0,0.0,0.0,0.0,0.0,0.0,0.0,0.0,0.0,0.0,0.0,0.0,0.0,0.0,0.0,0.0
2022-09-01T08:00:00-00:00,0.0,0.0,0.0,0.0,0.0,0.0,0.0,0.0,0.0,0.0,0.0,0.0,0.0,0.0,0.0,0.0,0.0,0.0,0.0,0.0,0.0,0.0,0.0,0.0,0.0,0.0,0.0,0.0,0.0,0.0,0.0,0.0,0.0,0.0,0.0,0.0,0.0,0.0,0.0,0.0,0.0,0.0,0.0,0.0,0.0,0.0,0.0,0.0,0.0,0.0,0.0,0.0,0.0,0.0,0.0,0.0,0.0,0.0,0.0,0.0,0.0,0.0,0.0,0.0,0.0,0.0,0.0,0.0,0.0
2022-09-01T08:15:00-00:00,0.0,0.0,0.0,0.0,0.0,0.0,0.0,0.0,0.0,0.0,0.0,0.0,0.0,0.0,0.0,0.0,0.0,0.0,0.0,0.0,0.0,0.0,0.0,0.0,0.0,0.0,0.0,0.0,0.0,0.0,0.0,0.0,0.0,0.0,0.0,0.0,0.0,0.0,0.0,0.0,0.0,0.0,0.0,0.0,0.0,0.0,0.0,0.0,0.0,0.0,0.0,0.0,0.0,0.0,0.0,0.0,0.0,0.0,0.0,0.0,0.0,0.0,0.0,0.0,0.0,0.0,0.0,0.0,0.0
2022-09-01T08:30:00-00:00,0.30822,12.5505,-1.82045,-2.85107,-2.92813,-5.21091,0.97283,-8.97702,0.46234,-1.27142,-2.54285,-5.35539,-1.4159,-5.22054,-0.87651,-2.87034,-1.46406,0.59718,-2.94739,-3.16893,0.70314,0.59718,0.9632,-2.01309,-0.53939,0.28896,-6.83872,-2.6777,-0.53939,-2.87034,0.50086,-6.19338,-4.88342,-0.0289,0.58755,-8.97702,-3.93949,-6.9832,2.87997,-8.97702,-1.61818,-2.87034,0.30822,-1.46406,-0.53939,-5.35539,-0.53939,-2.85107,-3.57347,-2.87034,-2.6777,-0.47197,-6.19338,-0.0289,3.00518,-2.92813,-3.29414,-6.84835,4.73894,-3.60237,-6.42454,-4.28624,-3.72758,-5.21091,-3.35194,-0.34675,0.70314,4.19955,-1.97456
2022-09-01T08:45:00-00:00,0.7471,10.62722,-1.11645,-2.01464,-2.661,-4.1384,1.40185,-7.42059,0.87301,-0.35256,-1.76281,-4.27271,-0.45329,-4.15519,0.13431,-2.05661,0.48687,1.30112,-2.6694,-2.33362,0.99893,1.30112,1.0325,-0.98214,0.48687,0.61279,-5.52347,-1.87194,0.48687,-2.05661,0.8898,-4.96105,-3.853,0.45329,0.92338,-7.42059,-3.03035,-5.65778,3.41649,-7.42059,-0.63797,-2.05661,0.7471,0.48687,0.48687,-4.27271,0.48687,-2.01464,-2.77013,-2.04822,-1.87194,0.05876,-4.96105,0.45329,3.56759,-2.661,-2.35041,-5.53186,4.94426,-2.83728,-5.85924,-3.28218,-2.78692,-4.1384,-2.45954,0.36935,0.99893,4.60009,-1.25076
2022-09-01T09:00:00-00:00,0.18387,11.88146,-1.27833,-2.20643,-2.81933,-4.59673,1.47971,-7.8626,0.29769,-0.02627,-1.95252,-4.73682,-0.17511,-4.61424,0.39401,-2.24145,0.73548,1.82118,-2.83684,-2.48661,0.5341,1.82118,1.0857,-0.70045,0.75299,0.41152,-5.95386,-2.06634,0.75299,-2.24145,0.32396,-5.34972,-4.29028,-0.02627,0.54285,-7.8626,-3.16956,-6.06769,3.87001,-7.8626,-0.33272,-2.24145,0.18387,0.73548,0.75299,-4.74558,0.75299,-2.20643,-3.01195,-2.30274,-2.06634,-0.32396,-5.34972,-0.02627,4.0101,-2.81933,-2.56542,-5.97138,5.48981,-3.09076,-6.26907,-3.56356,-3.05573,-4.59673,-2.67048,0.56912,0.5341,5.10456,-1.41842
2022-09-01T09:15:00-00:00,0.23251,11.5653,-1.17117,-2.07538,-2.65236,-4.43494,1.53285,-7.56093,0.34446,0.09473,-1.82565,-4.57273,-0.05167,-4.45217,0.49086,-2.10983,0.82671,1.92899,-2.66097,-2.34234,0.57697,1.92899,1.10228,-0.55114,0.84393,0.43919,-5.70945,-1.9376,0.84393,-2.10983,0.3703,-5.12387,-4.14215,0.03445,0.53392,-7.56093,-3.00543,-5.79557,3.90964,-7.56093,-0.18945,-2.10983,0.23251,0.82671,0.84393,-4.57273,0.84393,-2.07538,-2.8332,-2.17011,-1.9376,-0.25835,-5.12387,0.03445,4.04743,-2.65236,-2.45429,-5.72668,5.49416,-2.89348,-5.98502,-3.39295,-2.89348,-4.43494,-2.53179,0.6717,0.57697,5.12387,-1.30895
2022-09-01T09:30:00-00:00,0.50263,11.57763,-0.886,-1.78904,-2.42798,-4.10627,1.8146,-7.19875,0.61338,0.40892,-1.54198,-4.24258,0.2641,-4.12331,0.80933,-1.82311,1.1501,2.23204,-2.4365,-2.07017,0.85192,2.23204,1.32048,-0.23854,1.16713,0.6645,-5.40119,-1.65273,1.16713,-1.82311,0.63042,-4.81336,-3.80809,0.30669,0.74969,-7.19875,-2.73467,-5.47786,4.21702,-7.19875,0.12779,-1.82311,0.50263,1.1501,1.16713,-4.24258,1.16713,-1.78904,-2.49613,-1.88275,-1.65273,0.01704,-4.81336,0.30669,4.35333,-2.42798,-2.15536,-5.40971,5.79308,-2.54725,-5.7164,-3.09248,-2.60688,-4.10627,-2.24056,0.97119,0.85192,5.42675,-1.02231
2022-09-01T09:45:00-00:00,0.58329,11.0656,-0.727,-1.60616,-2.39233,-3.88014,1.80904,-7.02484,0.68473,0.55793,-1.37792,-4.0154,0.42267,-3.89705,0.91298,-1.66533,1.29338,2.32471,-2.40924,-1.91049,0.91298,2.32471,1.31874,-0.06763,1.31029,0.68473,-5.28342,-1.47936,1.31029,-1.66533,0.69318,-4.69168,-3.59273,0.39731,0.76927,-7.02484,-2.58676,-5.3426,4.33663,-7.02484,0.28742,-1.66533,0.58329,1.29338,1.31029,-4.0154,1.31029,-1.60616,-2.24017,-1.66533,-1.47936,0.1268,-4.69168,0.39731,4.47189,-2.39233,-1.93585,-5.30033,5.88362,-2.25708,-5.69764,-2.93336,-2.4346,-3.88014,-2.06265,1.06514,0.91298,5.52857,-0.86225
2022-09-01T10:00:00-00:00,0.91049,11.1641,-0.87645,-1.83799,-2.65488,-4.05039,1.97414,-7.51364,1.03813,0.38291,-1.55719,-4.18654,0.24677,-4.0589,0.61266,-1.80396,1.12322,2.08476,-2.66339,-2.01669,1.21682,2.08476,1.31042,-0.24677,1.14024,1.48911,-5.58205,-1.69334,1.14024,-1.80396,1.07216,-4.9864,-3.75257,0.68925,1.64228,-7.51364,-2.79953,-5.7182,4.06741,-7.51364,0.11062,-1.80396,0.91049,1.12322,1.14024,-4.18654,1.14024,-1.83799,-2.4932,-1.86352,-1.69334,0.42546,-4.9864,0.68925,4.22057,-2.65488,-2.05923,-5.59907,5.51398,-2.52724,-5.93093,-3.15692,-2.65488,-4.05039,-2.28047,1.02111,1.21682,5.24168,-1.0126
2022-09-01T10:15:00-00:00,0.95481,10.92633,-0.79706,-1.73526,-2.54892,-3.89396,1.97604,-7.21503,1.07935,0.41513,-1.46127,-4.0268,0.28229,-3.91056,0.59779,-1.70205,1.13747,2.06737,-2.55723,-1.93453,1.25371,2.06737,1.32843,-0.20757,1.15407,1.50279,-5.42996,-1.59412,1.15407,-1.70205,1.11256,-4.83216,-3.61167,0.73894,1.66054,-7.21503,-2.69007,-5.50468,4.0102,-7.21503,0.14945,-1.70205,0.95481,1.13747,1.15407,-4.0268,1.15407,-1.73526,-2.37457,-1.76017,-1.59412,0.47325,-4.83216,0.73894,4.15964,-2.54892,-1.95113,-5.43826,5.42165,-2.41608,-5.73715,-3.03048,-2.54062,-3.89396,-2.1753,1.03784,1.25371,5.15597,-0.9299
2022-09-01T10:30:00-00:00,0.98035,10.83327,-0.77439,-1.71355,-2.54561,-3.8802,1.96894,-7.07664,1.10392,0.39543,-1.43345,-4.01202,0.26362,-3.89668,0.57668,-1.67236,1.11216,2.04308,-2.55385,-1.90303,1.26869,2.04308,1.30988,-0.21419,1.12864,1.54055,-5.37956,-1.56526,1.12864,-1.67236,1.13688,-4.78641,-3.6001,0.75792,1.70531,-7.07664,-2.66095,-5.41251,3.95435,-7.07664,0.13181,-1.67236,0.98035,1.11216,1.12864,-4.01202,1.12864,-1.71355,-2.33966,-1.73827,-1.56526,0.50253,-4.78641,0.75792,4.11087,-2.54561,-1.9607,-5.39604,5.36309,-2.37261,-5.68438,-2.99048,-2.50442,-3.8802,-2.14194,1.02154,1.26869,5.09946,-0.9062
2022-09-01T10:45:00-00:00,1.36365,10.9092,-0.3815,-1.31495,-2.23217,-3.52276,2.1997,-6.56663,1.4854,0.60877,-1.04709,-3.64452,0.50325,-3.539,0.80358,-1.2906,1.32307,2.28898,-2.24028,-1.55846,1.63963,2.28898,1.55846,0.04058,1.3393,1.93995,-4.99193,-1.17696,1.3393,-1.2906,1.51787,-4.40751,-3.24679,1.14449,2.13476,-6.56663,-2.32957,-4.98382,4.14777,-6.56663,0.38961,-1.2906,1.36365,1.32307,1.3393,-3.64452,1.3393,-1.31495,-1.92372,-1.32307,-1.17696,0.89287,-4.40751,1.14449,4.29388,-2.23217,-1.69645,-5.00005,5.552,-1.94807,-5.3085,-2.62178,-2.12665,-3.52276,-1.75326,1.25813,1.63963,5.27603,-0.51949
2022-09-01T11:00:00-00:00,0.54299,16.7972,-1.1661,-2.12747,-2.40342,-4.36175,1.36194,-7.77104,0.66762,-0.11572,-1.85152,-4.50418,-0.21364,-4.37956,0.12462,-2.11857,0.67652,1.7358,-2.42122,-2.27879,0.93466,1.7358,3.72084,-0.70322,0.68542,0.72993,-6.03524,-1.95834,0.68542,-2.11857,0.68542,-5.39433,-4.068,0.31155,0.92576,-7.77104,-2.9019,-6.02634,3.75645,-7.77104,-0.32936,-2.11857,0.54299,0.67652,0.68542,-4.49528,0.68542,-2.12747,-2.74167,-2.08296,-1.95834,-0.0089,-5.39433,0.31155,3.91668,-2.40342,-2.45682,-6.04414,5.31422,-2.78618,-5.60797,-3.4627,-2.9197,-4.36175,-2.57254,0.47178,0.93466,4.99376,-1.30853
2022-09-01T11:15:00-00:00,0.69503,16.49363,-1.04255,-2.0049,-2.22766,-4.26821,1.35442,-7.69881,0.81978,-0.32078,-1.72867,-4.40187,-0.39207,-4.27712,-0.01782,-2.0049,0.53464,1.5861,-2.24549,-2.14747,1.09601,1.5861,3.70683,-0.86433,0.54355,0.86433,-5.92559,-1.84451,0.54355,-2.0049,0.8376,-5.29293,-3.97415,0.46335,1.04255,-7.69881,-2.78013,-5.92559,3.57317,-7.69881,-0.49009,-2.0049,0.69503,0.53464,0.54355,-4.40187,0.54355,-2.0049,-2.63756,-1.96926,-1.84451,0.13366,-5.29293,0.46335,3.75139,-2.22766,-2.38806,-5.94341,5.13254,-2.68211,-5.48897,-3.35932,-2.80686,-4.26821,-2.45934,0.35643,1.09601,4.82067,-1.18512
2022-09-01T11:30:00-00:00,0.36295,16.28842,-1.32786,-2.28392,-2.40785,-4.47046,0.9295,-7.91405,0.48688,-0.85868,-2.00949,-4.6121,-0.89409,-4.48817,-0.52229,-2.27507,0.02656,1.07999,-2.42556,-2.41671,0.77901,1.07999,3.47014,-1.35442,0.03541,0.49573,-6.15242,-2.11572,0.03541,-2.27507,0.50459,-5.5416,-4.18719,0.14164,0.62852,-7.91405,-3.04523,-6.17898,3.03637,-7.91405,-0.98262,-2.27507,0.36295,0.02656,0.03541,-4.60325,0.03541,-2.28392,-2.89473,-2.2308,-2.11572,-0.1859,-5.5416,0.14164,3.22227,-2.40785,-2.67342,-6.17012,4.58554,-2.93014,-5.58586,-3.62063,-3.07178,-4.47046,-2.73539,-0.12393,0.77901,4.27571,-1.4695
2022-09-01T11:45:00-00:00,0.0,0.0,0.0,0.0,0.0,0.0,0.0,0.0,0.0,0.0,0.0,0.0,0.0,0.0,0.0,0.0,0.0,0.0,0.0,0.0,0.0,0.0,0.0,0.0,0.0,0.0,0.0,0.0,0.0,0.0,0.0,0.0,0.0,0.0,0.0,0.0,0.0,0.0,0.0,0.0,0.0,0.0,0.0,0.0,0.0,0.0,0.0,0.0,0.0,0.0,0.0,0.0,0.0,0.0,0.0,0.0,0.0,0.0,0.0,0.0,0.0,0.0,0.0,0.0,0.0,0.0,0.0,0.0,0.0
2022-09-01T12:00:00-00:00,0.48252,17.04612,-0.87352,-1.88847,-1.80528,-4.1929,1.16469,-6.78018,0.58235,-0.88184,-1.50578,-4.30105,-0.91512,-4.20122,-0.53243,-1.81359,-0.04992,1.08982,-1.81359,-1.9467,0.79033,1.08982,4.00987,-1.31444,-0.0416,0.78201,-5.46574,-1.72208,-0.0416,-1.81359,0.61562,-4.87507,-3.92668,0.29949,0.87352,-6.78018,-2.67048,-5.45742,2.84518,-6.78018,-0.96503,-1.81359,0.48252,-0.04992,-0.0416,-4.29273,-0.0416,-1.88847,-2.47081,-1.58066,-1.72208,0.0416,-4.87507,0.29949,3.00325,-1.80528,-3.05316,-5.48238,4.39256,-2.48745,-4.40088,-3.17795,-2.68711,-4.1929,-2.32107,-0.02496,0.79033,4.03483,-1.01495
2022-09-01T12:15:00-00:00,0.27414,19.42584,-1.31396,-2.48613,-2.45777,-5.16132,0.87913,-8.08228,0.39702,-1.79606,-2.04184,-5.29366,-1.85278,-5.18022,-1.57864,-2.38215,-2.03239,0.47265,-2.46722,-2.56175,0.6239,0.47265,4.29165,-2.25926,-1.09654,0.60499,-6.56981,-2.29707,-1.09654,-2.38215,0.43484,-5.9081,-4.85882,0.05672,0.72788,-8.08228,-3.40307,-6.58872,2.30652,-8.08228,-1.87169,-2.38215,0.27414,-2.03239,-1.09654,-5.28421,-1.09654,-2.48613,-3.16674,-2.11746,-2.29707,-0.25523,-5.9081,0.05672,2.41996,-2.45777,-3.97024,-6.58872,4.19712,-3.1951,-5.51108,-3.9797,-3.40307,-5.16132,-2.97768,-0.67116,0.6239,3.63939,-1.48412
2022-09-01T12:30:00-00:00,0.93843,21.70232,-0.76062,-1.99539,-1.88673,-4.86006,1.48172,-7.95192,1.07672,-1.61014,-1.52124,-4.98847,-1.65953,-4.87981,-1.4027,-1.97563,-1.89661,0.82977,-1.89661,-2.07441,1.32367,0.82977,5.33421,-2.05466,-0.93843,1.25453,-6.31215,-1.79783,-0.93843,-1.97563,1.12611,-5.62067,-4.57359,0.70135,1.38294,-7.95192,-2.96345,-6.34178,2.64735,-7.95192,-1.63978,-1.97563,0.93843,-1.89661,-0.93843,-4.97859,-0.93843,-1.99539,-2.70662,-1.63978,-1.79783,0.37537,-5.62067,0.70135,2.74613,-1.88673,-3.45736,-6.32202,4.62298,-2.73625,-5.0675,-3.5759,-2.97333,-4.86006,-2.51893,-0.29634,1.32367,4.03029,-0.92855
2022-09-01T12:45:00-00:00,0.0,0.0,0.0,0.0,0.0,0.0,0.0,0.0,0.0,0.0,0.0,0.0,0.0,0.0,0.0,0.0,0.0,0.0,0.0,0.0,0.0,0.0,0.0,0.0,0.0,0.0,0.0,0.0,0.0,0.0,0.0,0.0,0.0,0.0,0.0,0.0,0.0,0.0,0.0,0.0,0.0,0.0,0.0,0.0,0.0,0.0,0.0,0.0,0.0,0.0,0.0,0.0,0.0,0.0,0.0,0.0,0.0,0.0,0.0,0.0,0.0,0.0,0.0,0.0,0.0,0.0,0.0,0.0,0.0
2022-09-01T13:00:00-00:00,0.0,0.0,0.0,0.0,0.0,0.0,0.0,0.0,0.0,0.0,0.0,0.0,0.0,0.0,0.0,0.0,0.0,0.0,0.0,0.0,0.0,0.0,0.0,0.0,0.0,0.0,0.0,0.0,0.0,0.0,0.0,0.0,0.0,0.0,0.0,0.0,0.0,0.0,0.0,0.0,0.0,0.0,0.0,0.0,0.0,0.0,0.0,0.0,0.0,0.0,0.0,0.0,0.0,0.0,0.0,0.0,0.0,0.0,0.0,0.0,0.0,0.0,0.0,0.0,0.0,0.0,0.0,0.0,0.0
2022-09-01T13:15:00-00:00,1.36285,21.83433,-0.08638,-1.23808,-0.7774,-4.2229,1.57399,-6.68946,1.49721,-1.46842,-0.86378,-4.32848,-1.45882,-4.2421,-1.40124,-2.20743,-1.76594,1.08452,-0.787,-1.39164,1.82353,1.08452,5.94086,-1.78514,-0.87337,0.98854,-5.29782,-1.08452,-0.87337,-2.20743,1.5452,-4.6164,-3.96377,1.1613,1.61238,-6.68946,-2.11145,-5.27863,2.05387,-6.68946,-1.38204,-2.20743,1.36285,-1.76594,-0.87337,-4.31888,-0.87337,-1.23808,-2.12105,-3.02321,-1.08452,0.88297,-4.6164,1.1613,2.12105,-0.7774,-2.99442,-5.30742,3.87739,-2.14024,-3.97337,-2.90804,-2.25541,-4.2229,-1.85232,-0.31672,1.82353,3.15758,-0.26873
2022-09-01T13:30:00-00:00,0.34443,20.97176,-0.72712,-1.76997,-1.76997,-4.47755,0.89934,-7.19469,0.4688,-1.81781,-1.46381,-4.58279,-1.79867,-4.49668,-1.7317,-3.10941,-2.09526,0.69842,-1.7604,-1.91348,0.87063,0.69842,5.36732,-2.12396,-1.20549,-0.43053,-5.76915,-1.62646,-1.20549,-3.10941,0.51664,-5.109,-4.20966,0.15308,0.40183,-7.19469,-2.66931,-5.76915,1.69343,-7.19469,-1.7317,-3.10941,0.34443,-2.09526,-1.20549,-4.64019,-1.20549,-1.76997,-2.71714,-4.7263,-1.62646,-0.04784,-5.109,0.15308,1.7604,-1.76997,-3.21465,-5.78828,3.4921,-2.70758,-4.43928,-3.4634,-2.79368,-4.47755,-2.40142,-0.87063,0.87063,2.79368,-0.88977
2022-09-01T13:45:00-00:00,0.0,0.0,0.0,0.0,0.0,0.0,0.0,0.0,0.0,0.0,0.0,0.0,0.0,0.0,0.0,0.0,0.0,0.0,0.0,0.0,0.0,0.0,0.0,0.0,0.0,0.0,0.0,0.0,0.0,0.0,0.0,0.0,0.0,0.0,0.0,0.0,0.0,0.0,0.0,0.0,0.0,0.0,0.0,0.0,0.0,0.0,0.0,0.0,0.0,0.0,0.0,0.0,0.0,0.0,0.0,0.0,0.0,0.0,0.0,0.0,0.0,0.0,0.0,0.0,0.0,0.0,0.0,0.0,0.0
2022-09-01T14:00:00-00:00,-3.47613,64.17478,-3.74353,-4.45977,-5.62484,-6.33153,-1.69987,-9.78856,-3.43793,-3.60983,-4.40247,-6.43658,-3.55253,-6.34108,-3.51433,-6.48433,-3.84858,-1.17463,-5.57709,-4.50751,-3.02729,-1.17463,12.02322,-3.93453,-2.99864,-5.73944,-8.26059,-4.30697,-2.99864,-6.48433,-3.42838,-7.60166,-6.05459,-3.58118,-4.42157,-9.78856,-5.39565,-8.27014,-0.21965,-9.78856,-3.54298,-6.48433,-3.47613,-3.84858,-2.99864,-6.48433,-2.99864,-4.45977,-5.5198,-9.63577,-4.30697,-3.60983,-7.60166,-3.58118,-0.14325,-5.62484,-5.16645,-8.27014,1.44202,-5.43385,-7.28651,-6.11188,-5.4434,-6.33153,-5.1187,-2.95089,-3.02729,0.84038,-3.84858
2022-09-01T14:15:00-00:00,-3.85776,60.42925,-3.76721,-4.383,-5.78665,-6.16699,-1.75682,-9.44518,-3.81249,-3.06086,-4.37394,-6.2666,-2.99746,-6.17604,-2.87974,-6.51111,-2.64429,-0.74257,-5.73231,-4.42828,-3.27819,-0.74257,11.17484,-3.33253,-2.39073,-6.1851,-7.96909,-4.22905,-2.39073,-6.51111,-3.80343,-7.3533,-5.89532,-3.93927,-4.76334,-9.44518,-5.30669,-7.97815,0.19923,-9.44518,-2.99746,-6.51111,-3.85776,-2.64429,-2.39073,-6.31188,-2.39073,-4.383,-5.38819,-9.68063,-4.22905,-3.92115,-7.3533,-3.93927,0.28073,-5.78665,-4.96257,-7.97815,1.70249,-5.30669,-7.2084,-5.94965,-5.3248,-6.16699,-5.0169,-2.89785,-3.27819,1.20442,-3.85776
2022-09-01T14:30:00-00:00,-4.86651,58.05946,-4.62586,-5.1963,-6.42629,-6.7739,-2.8076,-10.23216,-4.83086,-3.79695,-5.21412,-6.87194,-3.70782,-6.78281,-3.58304,-7.54042,-3.08391,-1.60435,-6.37282,-5.21412,-4.25151,-1.60435,10.06281,-4.11782,-3.08391,-7.33542,-8.75259,-5.04477,-3.08391,-7.54042,-4.82195,-8.15542,-6.51542,-4.93782,-5.85586,-10.23216,-6.09651,-8.76151,-0.57043,-10.23216,-3.7613,-7.54042,-4.86651,-3.08391,-3.08391,-6.91651,-3.08391,-5.1963,-6.22129,-10.7402,-5.04477,-4.87543,-8.15542,-4.93782,-0.47239,-6.42629,-5.66869,-8.76151,0.90022,-6.12325,-7.76325,-6.76499,-6.14108,-6.7739,-5.83803,-3.95738,-4.25151,0.42783,-4.71499
2022-09-01T14:45:00-00:00,0.0,0.0,0.0,0.0,0.0,0.0,0.0,0.0,0.0,0.0,0.0,0.0,0.0,0.0,0.0,0.0,0.0,0.0,0.0,0.0,0.0,0.0,0.0,0.0,0.0,0.0,0.0,0.0,0.0,0.0,0.0,0.0,0.0,0.0,0.0,0.0,0.0,0.0,0.0,0.0,0.0,0.0,0.0,0.0,0.0,0.0,0.0,0.0,0.0,0.0,0.0,0.0,0.0,0.0,0.0,0.0,0.0,0.0,0.0,0.0,0.0,0.0,0.0,0.0,0.0,0.0,0.0,0.0,0.0
2022-09-01T15:00:00-00:00,0.0,0.0,0.0,0.0,0.0,0.0,0.0,0.0,0.0,0.0,0.0,0.0,0.0,0.0,0.0,0.0,0.0,0.0,0.0,0.0,0.0,0.0,0.0,0.0,0.0,0.0,0.0,0.0,0.0,0.0,0.0,0.0,0.0,0.0,0.0,0.0,0.0,0.0,0.0,0.0,0.0,0.0,0.0,0.0,0.0,0.0,0.0,0.0,0.0,0.0,0.0,0.0,0.0,0.0,0.0,0.0,0.0,0.0,0.0,0.0,0.0,0.0,0.0,0.0,0.0,0.0,0.0,0.0,0.0
2022-09-01T15:15:00-00:00,0.0,0.0,0.0,0.0,0.0,0.0,0.0,0.0,0.0,0.0,0.0,0.0,0.0,0.0,0.0,0.0,0.0,0.0,0.0,0.0,0.0,0.0,0.0,0.0,0.0,0.0,0.0,0.0,0.0,0.0,0.0,0.0,0.0,0.0,0.0,0.0,0.0,0.0,0.0,0.0,0.0,0.0,0.0,0.0,0.0,0.0,0.0,0.0,0.0,0.0,0.0,0.0,0.0,0.0,0.0,0.0,0.0,0.0,0.0,0.0,0.0,0.0,0.0,0.0,0.0,0.0,0.0,0.0,0.0
2022-09-01T15:30:00-00:00,0.0,0.0,0.0,0.0,0.0,0.0,0.0,0.0,0.0,0.0,0.0,0.0,0.0,0.0,0.0,0.0,0.0,0.0,0.0,0.0,0.0,0.0,0.0,0.0,0.0,0.0,0.0,0.0,0.0,0.0,0.0,0.0,0.0,0.0,0.0,0.0,0.0,0.0,0.0,0.0,0.0,0.0,0.0,0.0,0.0,0.0,0.0,0.0,0.0,0.0,0.0,0.0,0.0,0.0,0.0,0.0,0.0,0.0,0.0,0.0,0.0,0.0,0.0,0.0,0.0,0.0,0.0,0.0,0.0
2022-09-01T15:45:00-00:00,0.0,0.0,0.0,0.0,0.0,0.0,0.0,0.0,0.0,0.0,0.0,0.0,0.0,0.0,0.0,0.0,0.0,0.0,0.0,0.0,0.0,0.0,0.0,0.0,0.0,0.0,0.0,0.0,0.0,0.0,0.0,0.0,0.0,0.0,0.0,0.0,0.0,0.0,0.0,0.0,0.0,0.0,0.0,0.0,0.0,0.0,0.0,0.0,0.0,0.0,0.0,0.0,0.0,0.0,0.0,0.0,0.0,0.0,0.0,0.0,0.0,0.0,0.0,0.0,0.0,0.0,0.0,0.0,0.0
2022-09-01T16:00:00-00:00,0.0,0.0,0.0,0.0,0.0,0.0,0.0,0.0,0.0,0.0,0.0,0.0,0.0,0.0,0.0,0.0,0.0,0.0,0.0,0.0,0.0,0.0,0.0,0.0,0.0,0.0,0.0,0.0,0.0,0.0,0.0,0.0,0.0,0.0,0.0,0.0,0.0,0.0,0.0,0.0,0.0,0.0,0.0,0.0,0.0,0.0,0.0,0.0,0.0,0.0,0.0,0.0,0.0,0.0,0.0,0.0,0.0,0.0,0.0,0.0,0.0,0.0,0.0,0.0,0.0,0.0,0.0,0.0,0.0
2022-09-01T16:15:00-00:00,0.0,0.0,0.0,0.0,0.0,0.0,0.0,0.0,0.0,0.0,0.0,0.0,0.0,0.0,0.0,0.0,0.0,0.0,0.0,0.0,0.0,0.0,0.0,0.0,0.0,0.0,0.0,0.0,0.0,0.0,0.0,0.0,0.0,0.0,0.0,0.0,0.0,0.0,0.0,0.0,0.0,0.0,0.0,0.0,0.0,0.0,0.0,0.0,0.0,0.0,0.0,0.0,0.0,0.0,0.0,0.0,0.0,0.0,0.0,0.0,0.0,0.0,0.0,0.0,0.0,0.0,0.0,0.0,0.0
2022-09-01T16:30:00-00:00,0.0,0.0,0.0,0.0,0.0,0.0,0.0,0.0,0.0,0.0,0.0,0.0,0.0,0.0,0.0,0.0,0.0,0.0,0.0,0.0,0.0,0.0,0.0,0.0,0.0,0.0,0.0,0.0,0.0,0.0,0.0,0.0,0.0,0.0,0.0,0.0,0.0,0.0,0.0,0.0,0.0,0.0,0.0,0.0,0.0,0.0,0.0,0.0,0.0,0.0,0.0,0.0,0.0,0.0,0.0,0.0,0.0,0.0,0.0,0.0,0.0,0.0,0.0,0.0,0.0,0.0,0.0,0.0,0.0
2022-09-01T16:45:00-00:00,0.0,0.0,0.0,0.0,0.0,0.0,0.0,0.0,0.0,0.0,0.0,0.0,0.0,0.0,0.0,0.0,0.0,0.0,0.0,0.0,0.0,0.0,0.0,0.0,0.0,0.0,0.0,0.0,0.0,0.0,0.0,0.0,0.0,0.0,0.0,0.0,0.0,0.0,0.0,0.0,0.0,0.0,0.0,0.0,0.0,0.0,0.0,0.0,0.0,0.0,0.0,0.0,0.0,0.0,0.0,0.0,0.0,0.0,0.0,0.0,0.0,0.0,0.0,0.0,0.0,0.0,0.0,0.0,0.0
2022-09-01T17:00:00-00:00,0.0,0.0,0.0,0.0,0.0,0.0,0.0,0.0,0.0,0.0,0.0,0.0,0.0,0.0,0.0,0.0,0.0,0.0,0.0,0.0,0.0,0.0,0.0,0.0,0.0,0.0,0.0,0.0,0.0,0.0,0.0,0.0,0.0,0.0,0.0,0.0,0.0,0.0,0.0,0.0,0.0,0.0,0.0,0.0,0.0,0.0,0.0,0.0,0.0,0.0,0.0,0.0,0.0,0.0,0.0,0.0,0.0,0.0,0.0,0.0,0.0,0.0,0.0,0.0,0.0,0.0,0.0,0.0,0.0
2022-09-01T17:15:00-00:00,0.0,0.0,0.0,0.0,0.0,0.0,0.0,0.0,0.0,0.0,0.0,0.0,0.0,0.0,0.0,0.0,0.0,0.0,0.0,0.0,0.0,0.0,0.0,0.0,0.0,0.0,0.0,0.0,0.0,0.0,0.0,0.0,0.0,0.0,0.0,0.0,0.0,0.0,0.0,0.0,0.0,0.0,0.0,0.0,0.0,0.0,0.0,0.0,0.0,0.0,0.0,0.0,0.0,0.0,0.0,0.0,0.0,0.0,0.0,0.0,0.0,0.0,0.0,0.0,0.0,0.0,0.0,0.0,0.0
2022-09-01T17:30:00-00:00,0.0,0.0,0.0,0.0,0.0,0.0,0.0,0.0,0.0,0.0,0.0,0.0,0.0,0.0,0.0,0.0,0.0,0.0,0.0,0.0,0.0,0.0,0.0,0.0,0.0,0.0,0.0,0.0,0.0,0.0,0.0,0.0,0.0,0.0,0.0,0.0,0.0,0.0,0.0,0.0,0.0,0.0,0.0,0.0,0.0,0.0,0.0,0.0,0.0,0.0,0.0,0.0,0.0,0.0,0.0,0.0,0.0,0.0,0.0,0.0,0.0,0.0,0.0,0.0,0.0,0.0,0.0,0.0,0.0
2022-09-01T17:45:00-00:00,0.0,0.0,0.0,0.0,0.0,0.0,0.0,0.0,0.0,0.0,0.0,0.0,0.0,0.0,0.0,0.0,0.0,0.0,0.0,0.0,0.0,0.0,0.0,0.0,0.0,0.0,0.0,0.0,0.0,0.0,0.0,0.0,0.0,0.0,0.0,0.0,0.0,0.0,0.0,0.0,0.0,0.0,0.0,0.0,0.0,0.0,0.0,0.0,0.0,0.0,0.0,0.0,0.0,0.0,0.0,0.0,0.0,0.0,0.0,0.0,0.0,0.0,0.0,0.0,0.0,0.0,0.0,0.0,0.0
2022-09-01T18:00:00-00:00,0.0,0.0,0.0,0.0,0.0,0.0,0.0,0.0,0.0,0.0,0.0,0.0,0.0,0.0,0.0,0.0,0.0,0.0,0.0,0.0,0.0,0.0,0.0,0.0,0.0,0.0,0.0,0.0,0.0,0.0,0.0,0.0,0.0,0.0,0.0,0.0,0.0,0.0,0.0,0.0,0.0,0.0,0.0,0.0,0.0,0.0,0.0,0.0,0.0,0.0,0.0,0.0,0.0,0.0,0.0,0.0,0.0,0.0,0.0,0.0,0.0,0.0,0.0,0.0,0.0,0.0,0.0,0.0,0.0
2022-09-01T18:15:00-00:00,0.0,0.0,0.0,0.0,0.0,0.0,0.0,0.0,0.0,0.0,0.0,0.0,0.0,0.0,0.0,0.0,0.0,0.0,0.0,0.0,0.0,0.0,0.0,0.0,0.0,0.0,0.0,0.0,0.0,0.0,0.0,0.0,0.0,0.0,0.0,0.0,0.0,0.0,0.0,0.0,0.0,0.0,0.0,0.0,0.0,0.0,0.0,0.0,0.0,0.0,0.0,0.0,0.0,0.0,0.0,0.0,0.0,0.0,0.0,0.0,0.0,0.0,0.0,0.0,0.0,0.0,0.0,0.0,0.0
2022-09-01T18:30:00-00:00,0.0,0.0,0.0,0.0,0.0,0.0,0.0,0.0,0.0,0.0,0.0,0.0,0.0,0.0,0.0,0.0,0.0,0.0,0.0,0.0,0.0,0.0,0.0,0.0,0.0,0.0,0.0,0.0,0.0,0.0,0.0,0.0,0.0,0.0,0.0,0.0,0.0,0.0,0.0,0.0,0.0,0.0,0.0,0.0,0.0,0.0,0.0,0.0,0.0,0.0,0.0,0.0,0.0,0.0,0.0,0.0,0.0,0.0,0.0,0.0,0.0,0.0,0.0,0.0,0.0,0.0,0.0,0.0,0.0
2022-09-01T18:45:00-00:00,0.0,0.0,0.0,0.0,0.0,0.0,0.0,0.0,0.0,0.0,0.0,0.0,0.0,0.0,0.0,0.0,0.0,0.0,0.0,0.0,0.0,0.0,0.0,0.0,0.0,0.0,0.0,0.0,0.0,0.0,0.0,0.0,0.0,0.0,0.0,0.0,0.0,0.0,0.0,0.0,0.0,0.0,0.0,0.0,0.0,0.0,0.0,0.0,0.0,0.0,0.0,0.0,0.0,0.0,0.0,0.0,0.0,0.0,0.0,0.0,0.0,0.0,0.0,0.0,0.0,0.0,0.0,0.0,0.0
2022-09-01T19:00:00-00:00,0.0,0.0,0.0,0.0,0.0,0.0,0.0,0.0,0.0,0.0,0.0,0.0,0.0,0.0,0.0,0.0,0.0,0.0,0.0,0.0,0.0,0.0,0.0,0.0,0.0,0.0,0.0,0.0,0.0,0.0,0.0,0.0,0.0,0.0,0.0,0.0,0.0,0.0,0.0,0.0,0.0,0.0,0.0,0.0,0.0,0.0,0.0,0.0,0.0,0.0,0.0,0.0,0.0,0.0,0.0,0.0,0.0,0.0,0.0,0.0,0.0,0.0,0.0,0.0,0.0,0.0,0.0,0.0,0.0
2022-09-01T19:15:00-00:00,0.0,0.0,0.0,0.0,0.0,0.0,0.0,0.0,0.0,0.0,0.0,0.0,0.0,0.0,0.0,0.0,0.0,0.0,0.0,0.0,0.0,0.0,0.0,0.0,0.0,0.0,0.0,0.0,0.0,0.0,0.0,0.0,0.0,0.0,0.0,0.0,0.0,0.0,0.0,0.0,0.0,0.0,0.0,0.0,0.0,0.0,0.0,0.0,0.0,0.0,0.0,0.0,0.0,0.0,0.0,0.0,0.0,0.0,0.0,0.0,0.0,0.0,0.0,0.0,0.0,0.0,0.0,0.0,0.0
2022-09-01T19:30:00-00:00,0.0,0.0,0.0,0.0,0.0,0.0,0.0,0.0,0.0,0.0,0.0,0.0,0.0,0.0,0.0,0.0,0.0,0.0,0.0,0.0,0.0,0.0,0.0,0.0,0.0,0.0,0.0,0.0,0.0,0.0,0.0,0.0,0.0,0.0,0.0,0.0,0.0,0.0,0.0,0.0,0.0,0.0,0.0,0.0,0.0,0.0,0.0,0.0,0.0,0.0,0.0,0.0,0.0,0.0,0.0,0.0,0.0,0.0,0.0,0.0,0.0,0.0,0.0,0.0,0.0,0.0,0.0,0.0,0.0
2022-09-01T19:45:00-00:00,0.0,0.0,0.0,0.0,0.0,0.0,0.0,0.0,0.0,0.0,0.0,0.0,0.0,0.0,0.0,0.0,0.0,0.0,0.0,0.0,0.0,0.0,0.0,0.0,0.0,0.0,0.0,0.0,0.0,0.0,0.0,0.0,0.0,0.0,0.0,0.0,0.0,0.0,0.0,0.0,0.0,0.0,0.0,0.0,0.0,0.0,0.0,0.0,0.0,0.0,0.0,0.0,0.0,0.0,0.0,0.0,0.0,0.0,0.0,0.0,0.0,0.0,0.0,0.0,0.0,0.0,0.0,0.0,0.0
2022-09-01T20:00:00-00:00,0.0,0.0,0.0,0.0,0.0,0.0,0.0,0.0,0.0,0.0,0.0,0.0,0.0,0.0,0.0,0.0,0.0,0.0,0.0,0.0,0.0,0.0,0.0,0.0,0.0,0.0,0.0,0.0,0.0,0.0,0.0,0.0,0.0,0.0,0.0,0.0,0.0,0.0,0.0,0.0,0.0,0.0,0.0,0.0,0.0,0.0,0.0,0.0,0.0,0.0,0.0,0.0,0.0,0.0,0.0,0.0,0.0,0.0,0.0,0.0,0.0,0.0,0.0,0.0,0.0,0.0,0.0,0.0,0.0
2022-09-01T20:15:00-00:00,0.0,0.0,0.0,0.0,0.0,0.0,0.0,0.0,0.0,0.0,0.0,0.0,0.0,0.0,0.0,0.0,0.0,0.0,0.0,0.0,0.0,0.0,0.0,0.0,0.0,0.0,0.0,0.0,0.0,0.0,0.0,0.0,0.0,0.0,0.0,0.0,0.0,0.0,0.0,0.0,0.0,0.0,0.0,0.0,0.0,0.0,0.0,0.0,0.0,0.0,0.0,0.0,0.0,0.0,0.0,0.0,0.0,0.0,0.0,0.0,0.0,0.0,0.0,0.0,0.0,0.0,0.0,0.0,0.0
2022-09-01T20:30:00-00:00,0.0,0.0,0.0,0.0,0.0,0.0,0.0,0.0,0.0,0.0,0.0,0.0,0.0,0.0,0.0,0.0,0.0,0.0,0.0,0.0,0.0,0.0,0.0,0.0,0.0,0.0,0.0,0.0,0.0,0.0,0.0,0.0,0.0,0.0,0.0,0.0,0.0,0.0,0.0,0.0,0.0,0.0,0.0,0.0,0.0,0.0,0.0,0.0,0.0,0.0,0.0,0.0,0.0,0.0,0.0,0.0,0.0,0.0,0.0,0.0,0.0,0.0,0.0,0.0,0.0,0.0,0.0,0.0,0.0
2022-09-01T20:45:00-00:00,0.0,0.0,0.0,0.0,0.0,0.0,0.0,0.0,0.0,0.0,0.0,0.0,0.0,0.0,0.0,0.0,0.0,0.0,0.0,0.0,0.0,0.0,0.0,0.0,0.0,0.0,0.0,0.0,0.0,0.0,0.0,0.0,0.0,0.0,0.0,0.0,0.0,0.0,0.0,0.0,0.0,0.0,0.0,0.0,0.0,0.0,0.0,0.0,0.0,0.0,0.0,0.0,0.0,0.0,0.0,0.0,0.0,0.0,0.0,0.0,0.0,0.0,0.0,0.0,0.0,0.0,0.0,0.0,0.0
2022-09-01T21:00:00-00:00,0.0,0.0,0.0,0.0,0.0,0.0,0.0,0.0,0.0,0.0,0.0,0.0,0.0,0.0,0.0,0.0,0.0,0.0,0.0,0.0,0.0,0.0,0.0,0.0,0.0,0.0,0.0,0.0,0.0,0.0,0.0,0.0,0.0,0.0,0.0,0.0,0.0,0.0,0.0,0.0,0.0,0.0,0.0,0.0,0.0,0.0,0.0,0.0,0.0,0.0,0.0,0.0,0.0,0.0,0.0,0.0,0.0,0.0,0.0,0.0,0.0,0.0,0.0,0.0,0.0,0.0,0.0,0.0,0.0
2022-09-01T21:15:00-00:00,0.0,0.0,0.0,0.0,0.0,0.0,0.0,0.0,0.0,0.0,0.0,0.0,0.0,0.0,0.0,0.0,0.0,0.0,0.0,0.0,0.0,0.0,0.0,0.0,0.0,0.0,0.0,0.0,0.0,0.0,0.0,0.0,0.0,0.0,0.0,0.0,0.0,0.0,0.0,0.0,0.0,0.0,0.0,0.0,0.0,0.0,0.0,0.0,0.0,0.0,0.0,0.0,0.0,0.0,0.0,0.0,0.0,0.0,0.0,0.0,0.0,0.0,0.0,0.0,0.0,0.0,0.0,0.0,0.0
2022-09-01T21:30:00-00:00,0.0,0.0,0.0,0.0,0.0,0.0,0.0,0.0,0.0,0.0,0.0,0.0,0.0,0.0,0.0,0.0,0.0,0.0,0.0,0.0,0.0,0.0,0.0,0.0,0.0,0.0,0.0,0.0,0.0,0.0,0.0,0.0,0.0,0.0,0.0,0.0,0.0,0.0,0.0,0.0,0.0,0.0,0.0,0.0,0.0,0.0,0.0,0.0,0.0,0.0,0.0,0.0,0.0,0.0,0.0,0.0,0.0,0.0,0.0,0.0,0.0,0.0,0.0,0.0,0.0,0.0,0.0,0.0,0.0
2022-09-01T21:45:00-00:00,0.0,0.0,0.0,0.0,0.0,0.0,0.0,0.0,0.0,0.0,0.0,0.0,0.0,0.0,0.0,0.0,0.0,0.0,0.0,0.0,0.0,0.0,0.0,0.0,0.0,0.0,0.0,0.0,0.0,0.0,0.0,0.0,0.0,0.0,0.0,0.0,0.0,0.0,0.0,0.0,0.0,0.0,0.0,0.0,0.0,0.0,0.0,0.0,0.0,0.0,0.0,0.0,0.0,0.0,0.0,0.0,0.0,0.0,0.0,0.0,0.0,0.0,0.0,0.0,0.0,0.0,0.0,0.0,0.0
2022-09-01T22:00:00-00:00,0.0,0.0,0.0,0.0,0.0,0.0,0.0,0.0,0.0,0.0,0.0,0.0,0.0,0.0,0.0,0.0,0.0,0.0,0.0,0.0,0.0,0.0,0.0,0.0,0.0,0.0,0.0,0.0,0.0,0.0,0.0,0.0,0.0,0.0,0.0,0.0,0.0,0.0,0.0,0.0,0.0,0.0,0.0,0.0,0.0,0.0,0.0,0.0,0.0,0.0,0.0,0.0,0.0,0.0,0.0,0.0,0.0,0.0,0.0,0.0,0.0,0.0,0.0,0.0,0.0,0.0,0.0,0.0,0.0
2022-09-01T22:15:00-00:00,0.0,0.0,0.0,0.0,0.0,0.0,0.0,0.0,0.0,0.0,0.0,0.0,0.0,0.0,0.0,0.0,0.0,0.0,0.0,0.0,0.0,0.0,0.0,0.0,0.0,0.0,0.0,0.0,0.0,0.0,0.0,0.0,0.0,0.0,0.0,0.0,0.0,0.0,0.0,0.0,0.0,0.0,0.0,0.0,0.0,0.0,0.0,0.0,0.0,0.0,0.0,0.0,0.0,0.0,0.0,0.0,0.0,0.0,0.0,0.0,0.0,0.0,0.0,0.0,0.0,0.0,0.0,0.0,0.0
2022-09-01T22:30:00-00:00,0.0,0.0,0.0,0.0,0.0,0.0,0.0,0.0,0.0,0.0,0.0,0.0,0.0,0.0,0.0,0.0,0.0,0.0,0.0,0.0,0.0,0.0,0.0,0.0,0.0,0.0,0.0,0.0,0.0,0.0,0.0,0.0,0.0,0.0,0.0,0.0,0.0,0.0,0.0,0.0,0.0,0.0,0.0,0.0,0.0,0.0,0.0,0.0,0.0,0.0,0.0,0.0,0.0,0.0,0.0,0.0,0.0,0.0,0.0,0.0,0.0,0.0,0.0,0.0,0.0,0.0,0.0,0.0,0.0
2022-09-01T22:45:00-00:00,0.0,0.0,0.0,0.0,0.0,0.0,0.0,0.0,0.0,0.0,0.0,0.0,0.0,0.0,0.0,0.0,0.0,0.0,0.0,0.0,0.0,0.0,0.0,0.0,0.0,0.0,0.0,0.0,0.0,0.0,0.0,0.0,0.0,0.0,0.0,0.0,0.0,0.0,0.0,0.0,0.0,0.0,0.0,0.0,0.0,0.0,0.0,0.0,0.0,0.0,0.0,0.0,0.0,0.0,0.0,0.0,0.0,0.0,0.0,0.0,0.0,0.0,0.0,0.0,0.0,0.0,0.0,0.0,0.0
2022-09-01T23:00:00-00:00,0.0,0.0,0.0,0.0,0.0,0.0,0.0,0.0,0.0,0.0,0.0,0.0,0.0,0.0,0.0,0.0,0.0,0.0,0.0,0.0,0.0,0.0,0.0,0.0,0.0,0.0,0.0,0.0,0.0,0.0,0.0,0.0,0.0,0.0,0.0,0.0,0.0,0.0,0.0,0.0,0.0,0.0,0.0,0.0,0.0,0.0,0.0,0.0,0.0,0.0,0.0,0.0,0.0,0.0,0.0,0.0,0.0,0.0,0.0,0.0,0.0,0.0,0.0,0.0,0.0,0.0,0.0,0.0,0.0
2022-09-01T23:15:00-00:00,0.0,0.0,0.0,0.0,0.0,0.0,0.0,0.0,0.0,0.0,0.0,0.0,0.0,0.0,0.0,0.0,0.0,0.0,0.0,0.0,0.0,0.0,0.0,0.0,0.0,0.0,0.0,0.0,0.0,0.0,0.0,0.0,0.0,0.0,0.0,0.0,0.0,0.0,0.0,0.0,0.0,0.0,0.0,0.0,0.0,0.0,0.0,0.0,0.0,0.0,0.0,0.0,0.0,0.0,0.0,0.0,0.0,0.0,0.0,0.0,0.0,0.0,0.0,0.0,0.0,0.0,0.0,0.0,0.0
2022-09-01T23:30:00-00:00,0.0,0.0,0.0,0.0,0.0,0.0,0.0,0.0,0.0,0.0,0.0,0.0,0.0,0.0,0.0,0.0,0.0,0.0,0.0,0.0,0.0,0.0,0.0,0.0,0.0,0.0,0.0,0.0,0.0,0.0,0.0,0.0,0.0,0.0,0.0,0.0,0.0,0.0,0.0,0.0,0.0,0.0,0.0,0.0,0.0,0.0,0.0,0.0,0.0,0.0,0.0,0.0,0.0,0.0,0.0,0.0,0.0,0.0,0.0,0.0,0.0,0.0,0.0,0.0,0.0,0.0,0.0,0.0,0.0
2022-09-01T23:45:00-00:00,0.0,0.0,0.0,0.0,0.0,0.0,0.0,0.0,0.0,0.0,0.0,0.0,0.0,0.0,0.0,0.0,0.0,0.0,0.0,0.0,0.0,0.0,0.0,0.0,0.0,0.0,0.0,0.0,0.0,0.0,0.0,0.0,0.0,0.0,0.0,0.0,0.0,0.0,0.0,0.0,0.0,0.0,0.0,0.0,0.0,0.0,0.0,0.0,0.0,0.0,0.0,0.0,0.0,0.0,0.0,0.0,0.0,0.0,0.0,0.0,0.0,0.0,0.0,0.0,0.0,0.0,0.0,0.0,0.0
2022-09-02T00:00:00-00:00,-113.50822,47.36314,-102.0015,-66.81321,-69.4115,-78.4684,-57.83054,-123.82715,-87.82225,-79.13653,-73.34606,-79.80467,-78.4684,-78.54264,-86.85717,-79.21077,-82.6999,-51.81735,-69.26303,-74.45961,-68.89184,-51.81735,-33.10966,-79.80467,-85.07549,-64.36339,-102.0015,-65.77389,-84.18464,-79.21077,-85.44667,-96.95339,-76.46401,-90.79173,-77.28061,-123.82715,-74.60808,-105.26792,-63.47255,-123.82715,-77.20637,-79.21077,-93.09307,-82.6999,-85.07549,-79.73043,-84.18464,-66.81321,-73.643,-97.84423,-65.77389,-87.00564,-96.95339,-90.79173,-64.06644,-69.4115,-77.6518,-102.07574,-50.7038,-73.49453,-89.23275,-78.98806,-72.08403,-78.4684,-70.15387,-77.94874,-68.89184,-59.16681,-74.45961
2022-09-02T00:15:00-00:00,-99.67935,44.37597,-89.41824,-58.10187,-54.50382,-67.43015,-47.90739,-110.54014,-76.82506,-67.29689,-63.49895,-68.76276,-66.76384,-67.56341,-74.42636,-66.2308,-70.42853,-42.9101,-54.50382,-65.16471,-59.63437,-42.9101,-27.4518,-68.16309,-72.5607,-57.23567,-89.61813,-57.43556,-71.76114,-66.2308,-74.82614,-85.08725,-65.49786,-79.15713,-71.22809,-110.54014,-65.09808,-92.61651,-53.10457,-110.54014,-65.76439,-66.2308,-81.42257,-70.42853,-72.5607,-68.69613,-71.76114,-58.10187,-62.9659,-78.35757,-57.43556,-75.69234,-85.08725,-79.15713,-53.57099,-54.50382,-66.03091,-89.68476,-41.57748,-62.56612,-74.09321,-68.49624,-62.56612,-67.43015,-60.76709,-64.36514,-59.63437,-49.17337,-64.63167
2022-09-02T00:30:00-00:00,0.0,0.0,0.0,0.0,0.0,0.0,0.0,0.0,0.0,0.0,0.0,0.0,0.0,0.0,0.0,0.0,0.0,0.0,0.0,0.0,0.0,0.0,0.0,0.0,0.0,0.0,0.0,0.0,0.0,0.0,0.0,0.0,0.0,0.0,0.0,0.0,0.0,0.0,0.0,0.0,0.0,0.0,0.0,0.0,0.0,0.0,0.0,0.0,0.0,0.0,0.0,0.0,0.0,0.0,0.0,0.0,0.0,0.0,0.0,0.0,0.0,0.0,0.0,0.0,0.0,0.0,0.0,0.0,0.0
2022-09-02T00:45:00-00:00,0.0,0.0,0.0,0.0,0.0,0.0,0.0,0.0,0.0,0.0,0.0,0.0,0.0,0.0,0.0,0.0,0.0,0.0,0.0,0.0,0.0,0.0,0.0,0.0,0.0,0.0,0.0,0.0,0.0,0.0,0.0,0.0,0.0,0.0,0.0,0.0,0.0,0.0,0.0,0.0,0.0,0.0,0.0,0.0,0.0,0.0,0.0,0.0,0.0,0.0,0.0,0.0,0.0,0.0,0.0,0.0,0.0,0.0,0.0,0.0,0.0,0.0,0.0,0.0,0.0,0.0,0.0,0.0,0.0
2022-09-02T01:00:00-00:00,0.0,0.0,0.0,0.0,0.0,0.0,0.0,0.0,0.0,0.0,0.0,0.0,0.0,0.0,0.0,0.0,0.0,0.0,0.0,0.0,0.0,0.0,0.0,0.0,0.0,0.0,0.0,0.0,0.0,0.0,0.0,0.0,0.0,0.0,0.0,0.0,0.0,0.0,0.0,0.0,0.0,0.0,0.0,0.0,0.0,0.0,0.0,0.0,0.0,0.0,0.0,0.0,0.0,0.0,0.0,0.0,0.0,0.0,0.0,0.0,0.0,0.0,0.0,0.0,0.0,0.0,0.0,0.0,0.0
2022-09-02T01:15:00-00:00,0.0,0.0,0.0,0.0,0.0,0.0,0.0,0.0,0.0,0.0,0.0,0.0,0.0,0.0,0.0,0.0,0.0,0.0,0.0,0.0,0.0,0.0,0.0,0.0,0.0,0.0,0.0,0.0,0.0,0.0,0.0,0.0,0.0,0.0,0.0,0.0,0.0,0.0,0.0,0.0,0.0,0.0,0.0,0.0,0.0,0.0,0.0,0.0,0.0,0.0,0.0,0.0,0.0,0.0,0.0,0.0,0.0,0.0,0.0,0.0,0.0,0.0,0.0,0.0,0.0,0.0,0.0,0.0,0.0
2022-09-02T01:30:00-00:00,0.0,0.0,0.0,0.0,0.0,0.0,0.0,0.0,0.0,0.0,0.0,0.0,0.0,0.0,0.0,0.0,0.0,0.0,0.0,0.0,0.0,0.0,0.0,0.0,0.0,0.0,0.0,0.0,0.0,0.0,0.0,0.0,0.0,0.0,0.0,0.0,0.0,0.0,0.0,0.0,0.0,0.0,0.0,0.0,0.0,0.0,0.0,0.0,0.0,0.0,0.0,0.0,0.0,0.0,0.0,0.0,0.0,0.0,0.0,0.0,0.0,0.0,0.0,0.0,0.0,0.0,0.0,0.0,0.0
2022-09-02T01:45:00-00:00,0.0,0.0,0.0,0.0,0.0,0.0,0.0,0.0,0.0,0.0,0.0,0.0,0.0,0.0,0.0,0.0,0.0,0.0,0.0,0.0,0.0,0.0,0.0,0.0,0.0,0.0,0.0,0.0,0.0,0.0,0.0,0.0,0.0,0.0,0.0,0.0,0.0,0.0,0.0,0.0,0.0,0.0,0.0,0.0,0.0,0.0,0.0,0.0,0.0,0.0,0.0,0.0,0.0,0.0,0.0,0.0,0.0,0.0,0.0,0.0,0.0,0.0,0.0,0.0,0.0,0.0,0.0,0.0,0.0
2022-09-02T02:00:00-00:00,0.0,0.0,0.0,0.0,0.0,0.0,0.0,0.0,0.0,0.0,0.0,0.0,0.0,0.0,0.0,0.0,0.0,0.0,0.0,0.0,0.0,0.0,0.0,0.0,0.0,0.0,0.0,0.0,0.0,0.0,0.0,0.0,0.0,0.0,0.0,0.0,0.0,0.0,0.0,0.0,0.0,0.0,0.0,0.0,0.0,0.0,0.0,0.0,0.0,0.0,0.0,0.0,0.0,0.0,0.0,0.0,0.0,0.0,0.0,0.0,0.0,0.0,0.0,0.0,0.0,0.0,0.0,0.0,0.0
2022-09-02T02:15:00-00:00,0.0,0.0,0.0,0.0,0.0,0.0,0.0,0.0,0.0,0.0,0.0,0.0,0.0,0.0,0.0,0.0,0.0,0.0,0.0,0.0,0.0,0.0,0.0,0.0,0.0,0.0,0.0,0.0,0.0,0.0,0.0,0.0,0.0,0.0,0.0,0.0,0.0,0.0,0.0,0.0,0.0,0.0,0.0,0.0,0.0,0.0,0.0,0.0,0.0,0.0,0.0,0.0,0.0,0.0,0.0,0.0,0.0,0.0,0.0,0.0,0.0,0.0,0.0,0.0,0.0,0.0,0.0,0.0,0.0
2022-09-02T02:30:00-00:00,0.0,0.0,0.0,0.0,0.0,0.0,0.0,0.0,0.0,0.0,0.0,0.0,0.0,0.0,0.0,0.0,0.0,0.0,0.0,0.0,0.0,0.0,0.0,0.0,0.0,0.0,0.0,0.0,0.0,0.0,0.0,0.0,0.0,0.0,0.0,0.0,0.0,0.0,0.0,0.0,0.0,0.0,0.0,0.0,0.0,0.0,0.0,0.0,0.0,0.0,0.0,0.0,0.0,0.0,0.0,0.0,0.0,0.0,0.0,0.0,0.0,0.0,0.0,0.0,0.0,0.0,0.0,0.0,0.0
2022-09-02T02:45:00-00:00,-227.3831,128.2428,-203.39755,-136.07808,-102.8181,-122.80607,-93.06397,-305.09634,-175.25449,-119.7679,-141.3549,-126.00414,-120.88722,-122.96597,-133.35971,-134.79884,-124.88482,-70.83735,-103.13791,-136.8776,-135.75827,-70.83735,-45.89237,-129.04231,-130.16164,-116.40992,-220.82706,-134.31914,-128.08289,-134.79884,-170.77719,-212.19226,-118.00896,-178.45258,-151.58875,-305.09634,-138.63654,-240.65512,-80.27167,-305.09634,-122.64616,-134.79884,-185.00862,-124.88482,-130.16164,-126.16405,-128.08289,-136.23798,-135.59837,-114.97079,-134.31914,-169.65787,-212.19226,-178.45258,-80.27167,-102.8181,-113.21184,-221.14687,-51.3291,-133.67952,-149.6699,-154.1472,-144.07326,-122.80607,-140.87518,-107.77512,-135.75827,-68.91851,-148.39067
2022-09-02T03:00:00-00:00,-102.3394,68.55834,-99.07903,-72.99607,-61.67534,-74.80738,-51.71309,-167.36568,-81.32812,-69.55456,-73.81116,-76.52813,-70.46022,-74.89795,-77.16209,-73.81116,-74.08286,-46.27914,-61.7659,-77.61492,-66.56589,-46.27914,-24.63391,-74.71682,-76.52813,-55.60742,-122.08275,-72.27154,-75.35078,-73.81116,-79.69794,-117.10163,-72.27154,-83.5017,-73.44889,-167.36568,-79.42624,-131.95444,-38.85274,-167.36568,-71.18475,-73.81116,-85.31302,-74.08286,-76.52813,-76.43757,-75.35078,-73.08663,-75.53191,-64.57344,-72.27154,-81.05642,-117.10163,-83.5017,-38.94331,-61.67534,-70.82248,-122.26388,-19.74335,-74.80738,-86.58094,-85.58472,-78.97341,-74.80738,-76.98096,-61.7659,-66.56589,-29.25277,-76.25644
2022-09-02T03:15:00-00:00,-20.52118,25.22716,-39.19082,-29.70171,-27.58016,-32.55616,-17.51243,-74.09997,-19.98115,-30.12602,-29.62456,-33.32763,-30.47318,-32.6333,-33.5205,-30.55033,-32.01612,-20.75262,-27.58016,-33.09619,-19.20967,-20.75262,-11.91926,-32.24757,-33.05761,-17.74388,-51.99727,-29.43169,-32.55616,-30.55033,-19.86543,-49.79857,-31.47609,-21.83268,-21.87126,-74.09997,-33.86766,-57.05042,-16.31665,-74.09997,-30.74319,-30.55033,-20.52118,-32.01612,-33.05761,-33.28906,-32.55616,-29.70171,-31.70754,-27.15585,-29.43169,-23.5685,-49.79857,-21.83268,-16.31665,-27.58016,-30.78177,-52.03585,-8.06189,-31.51467,-38.45792,-36.1435,-33.17333,-32.55616,-31.97755,-24.76428,-19.20967,-11.95783,-29.74028
2022-09-02T03:30:00-00:00,-9.8628,10.22364,-18.11044,-13.53987,-12.07935,-14.60519,-8.04145,-33.69504,-9.65661,-13.28214,-13.59142,-14.94885,-13.40241,-14.62238,-14.22718,-13.86634,-13.90071,-9.20986,-12.09654,-15.20658,-9.19268,-9.20986,-5.84208,-14.24436,-13.78043,-9.02086,-23.33395,-13.38523,-13.78043,-13.86634,-9.63943,-22.30299,-14.1069,-10.41264,-11.22023,-33.69504,-15.56742,-25.77387,-6.97613,-33.69504,-13.57424,-13.86634,-9.8628,-13.90071,-13.78043,-14.93166,-13.78043,-13.53987,-14.399,-12.35428,-13.38523,-11.13431,-22.30299,-10.41264,-6.92458,-12.07935,-13.76325,-23.35113,-3.3506,-14.31309,-16.51246,-16.375,-15.08631,-14.60519,-14.57083,-11.0484,-9.19268,-5.00013,-13.69452
2022-09-02T03:45:00-00:00,-5.76,8.44053,-10.33559,-8.91429,-8.39066,-9.41299,-3.50338,-23.91275,-5.67273,-6.23377,-8.47793,-9.64988,-6.44572,-9.42546,-6.59533,-8.97663,-5.32364,-3.19169,-8.40312,-9.86183,-5.47325,-3.19169,-3.09195,-7.08156,-6.09663,-6.29611,-16.00832,-8.75221,-6.09663,-8.97663,-5.7226,-15.27274,-9.03897,-6.12156,-7.72988,-23.91275,-10.19845,-17.92833,-1.4213,-23.91275,-6.65767,-8.97663,-5.76,-5.32364,-6.09663,-9.64988,-6.09663,-8.92676,-9.31325,-7.86702,-8.75221,-6.59533,-15.27274,-6.12156,-1.32156,-8.39066,-8.19118,-16.02079,1.14701,-9.26338,-11.63222,-10.77196,-9.93663,-9.41299,-9.43793,-5.11169,-5.47325,0.09974,-8.35325
2022-09-02T04:00:00-00:00,-13.27208,44.26458,-25.11,-17.28288,-16.35918,-18.06073,-7.14651,-36.19438,-13.05331,-10.40376,-16.79672,-18.42535,-10.8413,-18.08504,-10.81699,-16.82103,-8.79944,-5.00742,-16.35918,-17.50165,-11.44899,-5.00742,15.72717,-11.765,-10.5253,-13.029,-28.58602,-17.11272,-10.69545,-16.82103,-13.05331,-27.00601,-17.25857,-13.83116,-16.79672,-36.19438,-18.08504,-30.50634,-1.60432,-36.19438,-11.13299,-16.82103,-13.27208,-8.79944,-10.5253,-18.49827,-10.69545,-17.28288,-17.23426,-14.5604,-17.11272,-14.63332,-27.00601,-13.83116,-1.33693,-16.35918,-14.2687,-28.61033,2.62525,-17.0398,-23.50568,-19.73797,-18.25519,-18.06073,-17.64749,-9.09113,-11.44899,1.2397,-17.18565
2022-09-02T04:15:00-00:00,-12.87047,34.11831,-22.9275,-15.95687,-15.05405,-15.7889,-6.46673,-33.74038,-12.7235,-7.93644,-15.57894,-16.12484,-8.54532,-15.83089,-9.78408,-15.55795,-7.18059,-3.80025,-15.05405,-16.16683,-11.31678,-3.80025,11.35877,-9.44815,-9.80508,-12.91247,-25.74095,-15.83089,-9.51113,-15.55795,-12.7445,-24.37622,-15.09604,-13.33238,-16.3348,-33.74038,-16.64973,-27.86153,-0.73486,-33.74038,-8.90225,-15.55795,-12.87047,-7.18059,-9.80508,-16.16683,-9.51113,-15.99886,-15.68392,-13.47936,-15.83089,-13.96226,-24.37622,-13.33238,-0.67187,-15.05405,-12.17761,-25.76195,2.89743,-15.49496,-20.68094,-17.93048,-16.73372,-15.7889,-16.20882,-7.39055,-11.31678,1.61668,-15.97787
2022-09-02T04:30:00-00:00,-9.24369,26.29499,-17.19986,-11.58762,-10.38264,-11.14194,-4.81992,-25.12302,-9.11163,-6.60263,-11.2905,-11.40605,-6.91626,-11.17496,-7.74159,-11.20797,-5.64525,-3.23529,-10.38264,-11.85173,-7.98919,-3.23529,9.22718,-7.57652,-7.74159,-9.34273,-19.08161,-11.47208,-7.5105,-11.20797,-9.12814,-17.99218,-10.56421,-9.59033,-12.06631,-25.12302,-12.24789,-20.64974,-0.7428,-25.12302,-7.14735,-11.20797,-9.24369,-5.64525,-7.74159,-11.43906,-7.5105,-11.58762,-11.2905,-9.54081,-11.47208,-10.08552,-17.99218,-9.59033,-0.59424,-10.38264,-8.43486,-19.09812,2.09634,-11.12544,-14.41025,-13.07321,-12.16535,-11.14194,-11.75269,-5.87634,-7.98919,1.15546,-11.63714
2022-09-02T04:45:00-00:00,-7.72507,18.10668,-12.92699,-9.11447,-7.76953,-7.99184,-4.44608,-19.62946,-7.6695,-5.24638,-8.90329,-8.1808,-5.44645,-8.01407,-5.96887,-8.90329,-4.54612,-3.09003,-7.76953,-9.27009,-6.83586,-3.09003,6.06891,-5.96887,-5.95775,-8.13634,-14.20524,-9.04778,-5.80214,-8.90329,-7.69173,-13.47164,-7.61392,-7.93626,-9.87031,-19.62946,-9.49239,-15.82806,-1.30048,-19.62946,-5.67987,-8.90329,-7.72507,-4.54612,-5.95775,-8.19191,-5.80214,-9.1367,-8.75879,-7.71396,-9.04778,-8.22526,-13.47164,-7.93626,-1.18933,-7.76953,-6.08002,-14.21636,0.57799,-8.6254,-9.98146,-10.01481,-9.49239,-7.99184,-9.2034,-4.93515,-6.83586,-0.04446,-9.15893
2022-09-02T05:00:00-00:00,-14.34968,6.96637,-22.06307,-16.05219,-13.46369,-14.67976,-9.0337,-32.26073,-14.33231,-8.28668,-15.94795,-14.99247,-8.70362,-14.69713,-7.78288,-15.75686,-6.7579,-5.73292,-13.48106,-16.46913,-12.90777,-5.73292,-8.07821,-9.78072,-6.7579,-14.64502,-24.09565,-15.7916,-6.7579,-15.75686,-14.4018,-22.96644,-14.14121,-14.5929,-17.59834,-32.26073,-16.78183,-26.57992,-1.96309,-32.26073,-9.3464,-15.75686,-14.34968,-6.7579,-6.7579,-14.97509,-6.7579,-16.05219,-15.61788,-13.7069,-15.7916,-14.9056,-22.96644,-14.5929,-1.68513,-13.46369,-12.05651,-24.11303,0.83388,-15.40941,-16.86869,-17.59834,-16.74709,-14.67976,-16.33015,-8.68625,-12.90777,0.05212,-16.34752
2022-09-02T05:15:00-00:00,-10.60166,6.81121,-16.97718,-11.66183,-10.06432,-11.34233,-7.13071,-22.82988,-10.58714,-7.40664,-11.73444,-11.58922,-7.59544,-11.35685,-6.62241,-11.53112,-5.73652,-5.09751,-10.07884,-12.05395,-9.32365,-5.09751,-5.51867,-8.42324,-5.76556,-10.96473,-18.02283,-11.3278,-5.76556,-11.53112,-10.64523,-17.03527,-10.8776,-10.76141,-13.6805,-22.82988,-12.32988,-19.32988,-1.87344,-22.82988,-8.06017,-11.53112,-10.60166,-5.73652,-5.76556,-11.57469,-5.76556,-11.66183,-11.60374,-10.00623,-11.3278,-11.0083,-17.03527,-10.76141,-1.55394,-10.06432,-9.19295,-18.03735,0.45021,-11.45851,-13.23029,-13.07054,-12.32988,-11.34233,-12.01038,-7.33403,-9.32365,-0.14523,-12.08299
2022-09-02T05:30:00-00:00,-8.39408,5.28429,-13.52639,-9.24752,-8.1135,-8.48761,-4.32564,-20.01485,-8.40577,-3.23838,-9.2709,-8.69804,-3.62418,-8.4993,-2.92273,-9.1423,-2.1862,-1.8004,-8.1135,-9.58655,-7.41204,-1.8004,-4.23211,-4.44255,-2.19789,-8.72142,-14.62534,-8.97862,-2.19789,-9.1423,-8.46422,-13.81866,-8.10181,-8.53437,-10.86086,-20.01485,-9.80868,-16.18023,1.08726,-20.01485,-4.13858,-9.1423,-8.39408,-2.1862,-2.19789,-8.68635,-2.19789,-9.24752,-9.00201,-7.80953,-8.97862,-8.72142,-13.81866,-8.53437,1.286,-8.1135,-6.07928,-14.63703,2.94611,-8.86172,-10.58028,-10.31139,-9.75022,-8.48761,-9.46964,-3.77617,-7.41204,2.46678,-9.57486
2022-09-02T05:45:00-00:00,-6.12811,5.9822,-10.64082,-6.90976,-6.62837,-6.92018,-2.86604,-15.1431,-6.13853,-2.31367,-6.9306,-7.09735,-2.60549,-6.94102,-2.00102,-6.89934,-1.3757,-0.82333,-6.63879,-7.10778,-5.13803,-0.82333,-2.68887,-3.26207,-1.3757,-6.79512,-11.45373,-6.68047,-1.3757,-6.89934,-6.20106,-10.72419,-6.60752,-6.25317,-8.57727,-15.1431,-7.32664,-12.40213,1.59456,-15.1431,-2.9911,-6.89934,-6.12811,-1.3757,-1.3757,-7.09735,-1.3757,-6.90976,-6.89934,-5.97178,-6.68047,-6.41993,-10.72419,-6.25317,1.76131,-6.62837,-4.59608,-11.46415,3.30376,-6.80554,-9.24428,-7.91027,-7.41001,-6.92018,-7.14946,-2.60549,-5.13803,2.83477,-7.18073
2022-09-02T06:00:00-00:00,-12.29416,11.01321,-16.00449,-14.00209,-11.70521,-12.50029,-7.74458,-30.69858,-12.29416,-8.24518,-13.66345,-12.76531,-8.49548,-12.52973,-7.43539,-13.81068,-6.77283,-6.62559,-11.71994,-14.51741,-11.21934,-6.62559,-3.88701,-9.40834,-6.78755,-13.91375,-21.08411,-13.73706,-6.78755,-13.81068,-12.33833,-20.12708,-12.04386,-12.47084,-16.22534,-30.69858,-14.94439,-23.55766,-3.09194,-30.69858,-8.99608,-13.81068,-12.29416,-6.77283,-6.78755,-12.76531,-6.78755,-14.00209,-13.56038,-12.19109,-13.73706,-12.69169,-20.12708,-12.47084,-2.76803,-11.70521,-9.58502,-21.11356,-1.16316,-13.3837,-14.16405,-15.34193,-14.70882,-12.50029,-14.28183,-8.11267,-11.21934,-1.45763,-13.64872
2022-09-02T06:15:00-00:00,-9.43572,11.46803,-13.46075,-10.53105,-8.74949,-9.76564,-6.05734,-23.39794,-9.42252,-7.25825,-10.51786,-10.01638,-7.36382,-9.79203,-6.22889,-10.47827,-5.71422,-5.62184,-8.76268,-11.05893,-8.32719,-5.62184,-1.82116,-8.31399,-5.72742,-10.92696,-16.64118,-10.3595,-5.72742,-10.47827,-9.46211,-15.75699,-9.36974,-9.59408,-13.26279,-23.39794,-11.44163,-18.1852,-2.45461,-23.39794,-7.79931,-10.47827,-9.43572,-5.71422,-5.72742,-10.00318,-5.72742,-10.53105,-10.39909,-9.119,-10.3595,-9.79203,-15.75699,-9.59408,-2.11149,-8.74949,-7.70694,-16.65437,-0.69943,-10.25392,-11.12491,-11.86393,-11.27008,-9.76564,-10.94016,-6.79636,-8.32719,-0.93697,-10.61024
2022-09-02T06:30:00-00:00,-7.84523,9.98069,-10.6316,-8.79305,-8.05078,-8.30201,-4.35085,-20.58945,-7.85665,-4.71627,-8.72454,-8.49615,-4.91041,-8.31343,-4.00826,-8.85015,-3.54006,-3.35735,-8.0622,-9.27268,-6.96593,-3.35735,-1.39319,-5.57274,-3.54006,-9.23842,-14.3087,-8.67886,-3.54006,-8.85015,-7.91375,-13.54359,-7.95943,-7.94801,-11.23684,-20.58945,-9.61526,-16.07873,-0.66233,-20.58945,-5.27583,-8.85015,-7.84523,-3.54006,-3.54006,-8.49615,-3.54006,-8.80447,-8.67886,-7.68536,-8.67886,-8.08504,-13.54359,-7.94801,-0.39968,-8.05078,-6.08662,-14.32012,0.85647,-8.54182,-10.23192,-10.02637,-9.51249,-8.30201,-9.18132,-4.62492,-6.96593,0.62808,-8.72454
2022-09-02T06:45:00-00:00,-6.84846,7.70569,-9.21292,-7.8941,-6.73542,-7.0086,-2.85431,-19.28307,-6.85788,-2.26084,-7.65859,-7.16874,-2.5717,-7.01802,-1.94055,-7.79048,-1.56375,-1.27172,-6.74484,-8.26148,-6.12311,-1.27172,-1.69563,-3.19344,-1.56375,-8.09192,-12.43462,-7.73395,-1.56375,-7.79048,-6.90498,-11.80347,-6.71658,-6.95208,-9.60857,-19.28307,-8.56293,-14.29039,0.99854,-19.28307,-2.94851,-7.79048,-6.84846,-1.56375,-1.56375,-7.16874,-1.56375,-7.8941,-7.63033,-6.90498,-7.73395,-7.07454,-11.80347,-6.95208,1.13984,-6.73542,-4.68182,-12.45346,2.2891,-7.52671,-8.44047,-8.74191,-8.37453,-7.0086,-8.05424,-2.58112,-6.12311,2.04418,-7.63975
