INTERVALSTARTTIME_GMT,INTERVALENDTIME_GMT,OPR_DT,OPR_HR,NODE_ID_XML,NODE_ID,NODE,MARKET_RUN_ID,LMP_TYPE,XML_DATA_ITEM,PNODE_RESMRID,GRP_TYPE,POS,PRC,OPR_INTERVAL,GROUP
2022-09-01T07:00:00-00:00,2022-09-01T07:15:00-00:00,2022-09-01,01,APPLEHL_1_N002,APPLEHL_1_N002,APPLEHL_1_N002,RTPD,LMP,LMP_PRC,APPLEHL_1_N002,ALL,1,83.44741,1,1
2022-09-01T08:00:00-00:00,2022-09-01T08:15:00-00:00,2022-09-01,02,APPLEHL_1_N002,APPLEHL_1_N002,APPLEHL_1_N002,RTPD,LMP,LMP_PRC,APPLEHL_1_N002,ALL,1,112.36711,1,1
2022-09-01T09:00:00-00:00,2022-09-01T09:15:00-00:00,2022-09-01,03,APPLEHL_1_N002,APPLEHL_1_N002,APPLEHL_1_N002,RTPD,LMP,LMP_PRC,APPLEHL_1_N002,ALL,1,97.1729,1,1
2022-09-01T10:00:00-00:00,2022-09-01T10:15:00-00:00,2022-09-01,04,APPLEHL_1_N002,APPLEHL_1_N002,APPLEHL_1_N002,RTPD,LMP,LMP_PRC,APPLEHL_1_N002,ALL,1,96.48629,1,1
2022-09-01T11:00:00-00:00,2022-09-01T11:15:00-00:00,2022-09-01,05,APPLEHL_1_N002,APPLEHL_1_N002,APPLEHL_1_N002,RTPD,LMP,LMP_PRC,APPLEHL_1_N002,ALL,1,103.94301,1,1
2022-09-01T12:00:00-00:00,2022-09-01T12:15:00-00:00,2022-09-01,06,APPLEHL_1_N002,APPLEHL_1_N002,APPLEHL_1_N002,RTPD,LMP,LMP_PRC,APPLEHL_1_N002,ALL,1,86.89234,1,1
2022-09-01T13:00:00-00:00,2022-09-01T13:15:00-00:00,2022-09-01,07,APPLEHL_1_N002,APPLEHL_1_N002,APPLEHL_1_N002,RTPD,LMP,LMP_PRC,APPLEHL_1_N002,ALL,1,89.27504,1,1
2022-09-01T14:00:00-00:00,2022-09-01T14:15:00-00:00,2022-09-01,08,APPLEHL_1_N002,APPLEHL_1_N002,APPLEHL_1_N002,RTPD,LMP,LMP_PRC,APPLEHL_1_N002,ALL,1,113.81221,1,1
2022-09-01T15:00:00-00:00,2022-09-01T15:15:00-00:00,2022-09-01,09,APPLEHL_1_N002,APPLEHL_1_N002,APPLEHL_1_N002,RTPD,LMP,LMP_PRC,APPLEHL_1_N002,ALL,1,97.4112,1,1
2022-09-01T16:00:00-00:00,2022-09-01T16:15:00-00:00,2022-09-01,10,APPLEHL_1_N002,APPLEHL_1_N002,APPLEHL_1_N002,RTPD,LMP,LMP_PRC,APPLEHL_1_N002,ALL,1,83.43525,1,1
2022-09-01T17:00:00-00:00,2022-09-01T17:15:00-00:00,2022-09-01,11,APPLEHL_1_N002,APPLEHL_1_N002,APPLEHL_1_N002,RTPD,LMP,LMP_PRC,APPLEHL_1_N002,ALL,1,81.03702,1,1
2022-09-01T18:00:00-00:00,2022-09-01T18:15:00-00:00,2022-09-01,12,APPLEHL_1_N002,APPLEHL_1_N002,APPLEHL_1_N002,RTPD,LMP,LMP_PRC,APPLEHL_1_N002,ALL,1,60.66716,1,1
2022-09-01T19:00:00-00:00,2022-09-01T19:15:00-00:00,2022-09-01,13,APPLEHL_1_N002,APPLEHL_1_N002,APPLEHL_1_N002,RTPD,LMP,LMP_PRC,APPLEHL_1_N002,ALL,1,75.0402,1,1
2022-09-01T20:00:00-00:00,2022-09-01T20:15:00-00:00,2022-09-01,14,APPLEHL_1_N002,APPLEHL_1_N002,APPLEHL_1_N002,RTPD,LMP,LMP_PRC,APPLEHL_1_N002,ALL,1,114.56686,1,1
2022-09-01T21:00:00-00:00,2022-09-01T21:15:00-00:00,2022-09-01,15,APPLEHL_1_N002,APPLEHL_1_N002,APPLEHL_1_N002,RTPD,LMP,LMP_PRC,APPLEHL_1_N002,ALL,1,131.5606,1,1
2022-09-01T22:00:00-00:00,2022-09-01T22:15:00-00:00,2022-09-01,16,APPLEHL_1_N002,APPLEHL_1_N002,APPLEHL_1_N002,RTPD,LMP,LMP_PRC,APPLEHL_1_N002,ALL,1,125.84146,1,1
2022-09-01T23:00:00-00:00,2022-09-01T23:15:00-00:00,2022-09-01,17,APPLEHL_1_N002,APPLEHL_1_N002,APPLEHL_1_N002,RTPD,LMP,LMP_PRC,APPLEHL_1_N002,ALL,1,226.81372,1,1
2022-09-02T00:00:00-00:00,2022-09-02T00:15:00-00:00,2022-09-01,18,APPLEHL_1_N002,APPLEHL_1_N002,APPLEHL_1_N002,RTPD,LMP,LMP_PRC,APPLEHL_1_N002,ALL,1,1151.9567,1,1
2022-09-02T01:00:00-00:00,2022-09-02T01:15:00-00:00,2022-09-01,19,APPLEHL_1_N002,APPLEHL_1_N002,APPLEHL_1_N002,RTPD,LMP,LMP_PRC,APPLEHL_1_N002,ALL,1,1273.5521,1,1
2022-09-02T02:00:00-00:00,2022-09-02T02:15:00-00:00,2022-09-01,20,APPLEHL_1_N002,APPLEHL_1_N002,APPLEHL_1_N002,RTPD,LMP,LMP_PRC,APPLEHL_1_N002,ALL,1,1991.6721,1,1
2022-09-02T03:00:00-00:00,2022-09-02T03:15:00-00:00,2022-09-01,21,APPLEHL_1_N002,APPLEHL_1_N002,APPLEHL_1_N002,RTPD,LMP,LMP_PRC,APPLEHL_1_N002,ALL,1,1402.7091,1,1
2022-09-02T04:00:00-00:00,2022-09-02T04:15:00-00:00,2022-09-01,22,APPLEHL_1_N002,APPLEHL_1_N002,APPLEHL_1_N002,RTPD,LMP,LMP_PRC,APPLEHL_1_N002,ALL,1,262.75458,1,1
2022-09-02T05:00:00-00:00,2022-09-02T05:15:00-00:00,2022-09-01,23,APPLEHL_1_N002,APPLEHL_1_N002,APPLEHL_1_N002,RTPD,LMP,LMP_PRC,APPLEHL_1_N002,ALL,1,185.97694,1,1
2022-09-02T06:00:00-00:00,2022-09-02T06:15:00-00:00,2022-09-01,24,APPLEHL_1_N002,APPLEHL_1_N002,APPLEHL_1_N002,RTPD,LMP,LMP_PRC,APPLEHL_1_N002,ALL,1,160.408,1,1
2022-09-01T07:15:00-00:00,2022-09-01T07:30:00-00:00,2022-09-01,01,APPLEHL_1_N002,APPLEHL_1_N002,APPLEHL_1_N002,RTPD,LMP,LMP_PRC,APPLEHL_1_N002,ALL,1,116.00851,2,1
2022-09-01T08:15:00-00:00,2022-09-01T08:30:00-00:00,2022-09-01,02,APPLEHL_1_N002,APPLEHL_1_N002,APPLEHL_1_N002,RTPD,LMP,LMP_PRC,APPLEHL_1_N002,ALL,1,114.66319,2,1
2022-09-01T09:15:00-00:00,2022-09-01T09:30:00-00:00,2022-09-01,03,APPLEHL_1_N002,APPLEHL_1_N002,APPLEHL_1_N002,RTPD,LMP,LMP_PRC,APPLEHL_1_N002,ALL,1,94.56981,2,1
2022-09-01T10:15:00-00:00,2022-09-01T10:30:00-00:00,2022-09-01,04,APPLEHL_1_N002,APPLEHL_1_N002,APPLEHL_1_N002,RTPD,LMP,LMP_PRC,APPLEHL_1_N002,ALL,1,93.09266,2,1
2022-09-01T11:15:00-00:00,2022-09-01T11:30:00-00:00,2022-09-01,05,APPLEHL_1_N002,APPLEHL_1_N002,APPLEHL_1_N002,RTPD,LMP,LMP_PRC,APPLEHL_1_N002,ALL,1,104.41015,2,1
2022-09-01T12:15:00-00:00,2022-09-01T12:30:00-00:00,2022-09-01,06,APPLEHL_1_N002,APPLEHL_1_N002,APPLEHL_1_N002,RTPD,LMP,LMP_PRC,APPLEHL_1_N002,ALL,1,103.2001,2,1
2022-09-01T13:15:00-00:00,2022-09-01T13:30:00-00:00,2022-09-01,07,APPLEHL_1_N002,APPLEHL_1_N002,APPLEHL_1_N002,RTPD,LMP,LMP_PRC,APPLEHL_1_N002,ALL,1,110.24197,2,1
2022-09-01T14:15:00-00:00,2022-09-01T14:30:00-00:00,2022-09-01,08,APPLEHL_1_N002,APPLEHL_1_N002,APPLEHL_1_N002,RTPD,LMP,LMP_PRC,APPLEHL_1_N002,ALL,1,107.46999,2,1
2022-09-01T15:15:00-00:00,2022-09-01T15:30:00-00:00,2022-09-01,09,APPLEHL_1_N002,APPLEHL_1_N002,APPLEHL_1_N002,RTPD,LMP,LMP_PRC,APPLEHL_1_N002,ALL,1,86.9388,2,1
2022-09-01T16:15:00-00:00,2022-09-01T16:30:00-00:00,2022-09-01,10,APPLEHL_1_N002,APPLEHL_1_N002,APPLEHL_1_N002,RTPD,LMP,LMP_PRC,APPLEHL_1_N002,ALL,1,87.89199,2,1
2022-09-01T17:15:00-00:00,2022-09-01T17:30:00-00:00,2022-09-01,11,APPLEHL_1_N002,APPLEHL_1_N002,APPLEHL_1_N002,RTPD,LMP,LMP_PRC,APPLEHL_1_N002,ALL,1,79.96197,2,1
2022-09-01T18:15:00-00:00,2022-09-01T18:30:00-00:00,2022-09-01,12,APPLEHL_1_N002,APPLEHL_1_N002,APPLEHL_1_N002,RTPD,LMP,LMP_PRC,APPLEHL_1_N002,ALL,1,75.83537,2,1
2022-09-01T19:15:00-00:00,2022-09-01T19:30:00-00:00,2022-09-01,13,APPLEHL_1_N002,APPLEHL_1_N002,APPLEHL_1_N002,RTPD,LMP,LMP_PRC,APPLEHL_1_N002,ALL,1,77.0238,2,1
2022-09-01T20:15:00-00:00,2022-09-01T20:30:00-00:00,2022-09-01,14,APPLEHL_1_N002,APPLEHL_1_N002,APPLEHL_1_N002,RTPD,LMP,LMP_PRC,APPLEHL_1_N002,ALL,1,114.4534,2,1
2022-09-01T21:15:00-00:00,2022-09-01T21:30:00-00:00,2022-09-01,15,APPLEHL_1_N002,APPLEHL_1_N002,APPLEHL_1_N002,RTPD,LMP,LMP_PRC,APPLEHL_1_N002,ALL,1,121.52286,2,1
2022-09-01T22:15:00-00:00,2022-09-01T22:30:00-00:00,2022-09-01,16,APPLEHL_1_N002,APPLEHL_1_N002,APPLEHL_1_N002,RTPD,LMP,LMP_PRC,APPLEHL_1_N002,ALL,1,143.68584,2,1
2022-09-01T23:15:00-00:00,2022-09-01T23:30:00-00:00,2022-09-01,17,APPLEHL_1_N002,APPLEHL_1_N002,APPLEHL_1_N002,RTPD,LMP,LMP_PRC,APPLEHL_1_N002,ALL,1,271.53934,2,1
2022-09-02T00:15:00-00:00,2022-09-02T00:30:00-00:00,2022-09-01,18,APPLEHL_1_N002,APPLEHL_1_N002,APPLEHL_1_N002,RTPD,LMP,LMP_PRC,APPLEHL_1_N002,ALL,1,1061.4423,2,1
2022-09-02T01:15:00-00:00,2022-09-02T01:30:00-00:00,2022-09-01,19,APPLEHL_1_N002,APPLEHL_1_N002,APPLEHL_1_N002,RTPD,LMP,LMP_PRC,APPLEHL_1_N002,ALL,1,1999.9933,2,1
2022-09-02T02:15:00-00:00,2022-09-02T02:30:00-00:00,2022-09-01,20,APPLEHL_1_N002,APPLEHL_1_N002,APPLEHL_1_N002,RTPD,LMP,LMP_PRC,APPLEHL_1_N002,ALL,1,1991.6721,2,1
2022-09-02T03:15:00-00:00,2022-09-02T03:30:00-00:00,2022-09-01,21,APPLEHL_1_N002,APPLEHL_1_N002,APPLEHL_1_N002,RTPD,LMP,LMP_PRC,APPLEHL_1_N002,ALL,1,573.7856,2,1
2022-09-02T04:15:00-00:00,2022-09-02T04:30:00-00:00,2022-09-01,22,APPLEHL_1_N002,APPLEHL_1_N002,APPLEHL_1_N002,RTPD,LMP,LMP_PRC,APPLEHL_1_N002,ALL,1,228.23404,2,1
2022-09-02T05:15:00-00:00,2022-09-02T05:30:00-00:00,2022-09-01,23,APPLEHL_1_N002,APPLEHL_1_N002,APPLEHL_1_N002,RTPD,LMP,LMP_PRC,APPLEHL_1_N002,ALL,1,158.7539,2,1
2022-09-02T06:15:00-00:00,2022-09-02T06:30:00-00:00,2022-09-01,24,APPLEHL_1_N002,APPLEHL_1_N002,APPLEHL_1_N002,RTPD,LMP,LMP_PRC,APPLEHL_1_N002,ALL,1,143.07188,2,1
2022-09-01T07:30:00-00:00,2022-09-01T07:45:00-00:00,2022-09-01,01,APPLEHL_1_N002,APPLEHL_1_N002,APPLEHL_1_N002,RTPD,LMP,LMP_PRC,APPLEHL_1_N002,ALL,1,103.65054,3,1
2022-09-01T08:30:00-00:00,2022-09-01T08:45:00-00:00,2022-09-01,02,APPLEHL_1_N002,APPLEHL_1_N002,APPLEHL_1_N002,RTPD,LMP,LMP_PRC,APPLEHL_1_N002,ALL,1,112.95605,3,1
2022-09-01T09:30:00-00:00,2022-09-01T09:45:00-00:00,2022-09-01,03,APPLEHL_1_N002,APPLEHL_1_N002,APPLEHL_1_N002,RTPD,LMP,LMP_PRC,APPLEHL_1_N002,ALL,1,94.29755,3,1
2022-09-01T10:30:00-00:00,2022-09-01T10:45:00-00:00,2022-09-01,04,APPLEHL_1_N002,APPLEHL_1_N002,APPLEHL_1_N002,RTPD,LMP,LMP_PRC,APPLEHL_1_N002,ALL,1,94.93661,3,1
2022-09-01T11:30:00-00:00,2022-09-01T11:45:00-00:00,2022-09-01,05,APPLEHL_1_N002,APPLEHL_1_N002,APPLEHL_1_N002,RTPD,LMP,LMP_PRC,APPLEHL_1_N002,ALL,1,103.91739,3,1
2022-09-01T12:30:00-00:00,2022-09-01T12:45:00-00:00,2022-09-01,06,APPLEHL_1_N002,APPLEHL_1_N002,APPLEHL_1_N002,RTPD,LMP,LMP_PRC,APPLEHL_1_N002,ALL,1,103.32239,3,1
2022-09-01T13:30:00-00:00,2022-09-01T13:45:00-00:00,2022-09-01,07,APPLEHL_1_N002,APPLEHL_1_N002,APPLEHL_1_N002,RTPD,LMP,LMP_PRC,APPLEHL_1_N002,ALL,1,111.58716,3,1
2022-09-01T14:30:00-00:00,2022-09-01T14:45:00-00:00,2022-09-01,08,APPLEHL_1_N002,APPLEHL_1_N002,APPLEHL_1_N002,RTPD,LMP,LMP_PRC,APPLEHL_1_N002,ALL,1,104.66527,3,1
2022-09-01T15:30:00-00:00,2022-09-01T15:45:00-00:00,2022-09-01,09,APPLEHL_1_N002,APPLEHL_1_N002,APPLEHL_1_N002,RTPD,LMP,LMP_PRC,APPLEHL_1_N002,ALL,1,86.1388,3,1
2022-09-01T16:30:00-00:00,2022-09-01T16:45:00-00:00,2022-09-01,10,APPLEHL_1_N002,APPLEHL_1_N002,APPLEHL_1_N002,RTPD,LMP,LMP_PRC,APPLEHL_1_N002,ALL,1,75.75908,3,1
2022-09-01T17:30:00-00:00,2022-09-01T17:45:00-00:00,2022-09-01,11,APPLEHL_1_N002,APPLEHL_1_N002,APPLEHL_1_N002,RTPD,LMP,LMP_PRC,APPLEHL_1_N002,ALL,1,79.66895,3,1
2022-09-01T18:30:00-00:00,2022-09-01T18:45:00-00:00,2022-09-01,12,APPLEHL_1_N002,APPLEHL_1_N002,APPLEHL_1_N002,RTPD,LMP,LMP_PRC,APPLEHL_1_N002,ALL,1,80.64308,3,1
2022-09-01T19:30:00-00:00,2022-09-01T19:45:00-00:00,2022-09-01,13,APPLEHL_1_N002,APPLEHL_1_N002,APPLEHL_1_N002,RTPD,LMP,LMP_PRC,APPLEHL_1_N002,ALL,1,101.93957,3,1
2022-09-01T20:30:00-00:00,2022-09-01T20:45:00-00:00,2022-09-01,14,APPLEHL_1_N002,APPLEHL_1_N002,APPLEHL_1_N002,RTPD,LMP,LMP_PRC,APPLEHL_1_N002,ALL,1,117.54698,3,1
2022-09-01T21:30:00-00:00,2022-09-01T21:45:00-00:00,2022-09-01,15,APPLEHL_1_N002,APPLEHL_1_N002,APPLEHL_1_N002,RTPD,LMP,LMP_PRC,APPLEHL_1_N002,ALL,1,129.33144,3,1
2022-09-01T22:30:00-00:00,2022-09-01T22:45:00-00:00,2022-09-01,16,APPLEHL_1_N002,APPLEHL_1_N002,APPLEHL_1_N002,RTPD,LMP,LMP_PRC,APPLEHL_1_N002,ALL,1,161.78485,3,1
2022-09-01T23:30:00-00:00,2022-09-01T23:45:00-00:00,2022-09-01,17,APPLEHL_1_N002,APPLEHL_1_N002,APPLEHL_1_N002,RTPD,LMP,LMP_PRC,APPLEHL_1_N002,ALL,1,566.48157,3,1
2022-09-02T00:30:00-00:00,2022-09-02T00:45:00-00:00,2022-09-01,18,APPLEHL_1_N002,APPLEHL_1_N002,APPLEHL_1_N002,RTPD,LMP,LMP_PRC,APPLEHL_1_N002,ALL,1,1827.2554,3,1
2022-09-02T01:30:00-00:00,2022-09-02T01:45:00-00:00,2022-09-01,19,APPLEHL_1_N002,APPLEHL_1_N002,APPLEHL_1_N002,RTPD,LMP,LMP_PRC,APPLEHL_1_N002,ALL,1,1999.9956,3,1
2022-09-02T02:30:00-00:00,2022-09-02T02:45:00-00:00,2022-09-01,20,APPLEHL_1_N002,APPLEHL_1_N002,APPLEHL_1_N002,RTPD,LMP,LMP_PRC,APPLEHL_1_N002,ALL,1,1991.671,3,1
2022-09-02T03:30:00-00:00,2022-09-02T03:45:00-00:00,2022-09-01,21,APPLEHL_1_N002,APPLEHL_1_N002,APPLEHL_1_N002,RTPD,LMP,LMP_PRC,APPLEHL_1_N002,ALL,1,228.96333,3,1
2022-09-02T04:30:00-00:00,2022-09-02T04:45:00-00:00,2022-09-01,22,APPLEHL_1_N002,APPLEHL_1_N002,APPLEHL_1_N002,RTPD,LMP,LMP_PRC,APPLEHL_1_N002,ALL,1,181.41902,3,1
2022-09-02T05:30:00-00:00,2022-09-02T05:45:00-00:00,2022-09-01,23,APPLEHL_1_N002,APPLEHL_1_N002,APPLEHL_1_N002,RTPD,LMP,LMP_PRC,APPLEHL_1_N002,ALL,1,132.67375,3,1
2022-09-02T06:30:00-00:00,2022-09-02T06:45:00-00:00,2022-09-01,24,APPLEHL_1_N002,APPLEHL_1_N002,APPLEHL_1_N002,RTPD,LMP,LMP_PRC,APPLEHL_1_N002,ALL,1,129.55466,3,1
2022-09-01T07:45:00-00:00,2022-09-01T08:00:00-00:00,2022-09-01,01,APPLEHL_1_N002,APPLEHL_1_N002,APPLEHL_1_N002,RTPD,LMP,LMP_PRC,APPLEHL_1_N002,ALL,1,91.58864,4,1
2022-09-01T08:45:00-00:00,2022-09-01T09:00:00-00:00,2022-09-01,02,APPLEHL_1_N002,APPLEHL_1_N002,APPLEHL_1_N002,RTPD,LMP,LMP_PRC,APPLEHL_1_N002,ALL,1,96.05535,4,1
2022-09-01T09:45:00-00:00,2022-09-01T10:00:00-00:00,2022-09-01,03,APPLEHL_1_N002,APPLEHL_1_N002,APPLEHL_1_N002,RTPD,LMP,LMP_PRC,APPLEHL_1_N002,ALL,1,94.28954,4,1
2022-09-01T10:45:00-00:00,2022-09-01T11:00:00-00:00,2022-09-01,04,APPLEHL_1_N002,APPLEHL_1_N002,APPLEHL_1_N002,RTPD,LMP,LMP_PRC,APPLEHL_1_N002,ALL,1,95.02677,4,1
2022-09-01T11:45:00-00:00,2022-09-01T12:00:00-00:00,2022-09-01,05,APPLEHL_1_N002,APPLEHL_1_N002,APPLEHL_1_N002,RTPD,LMP,LMP_PRC,APPLEHL_1_N002,ALL,1,107.01,4,1
2022-09-01T12:45:00-00:00,2022-09-01T13:00:00-00:00,2022-09-01,06,APPLEHL_1_N002,APPLEHL_1_N002,APPLEHL_1_N002,RTPD,LMP,LMP_PRC,APPLEHL_1_N002,ALL,1,114.25648,4,1
2022-09-01T13:45:00-00:00,2022-09-01T14:00:00-00:00,2022-09-01,07,APPLEHL_1_N002,APPLEHL_1_N002,APPLEHL_1_N002,RTPD,LMP,LMP_PRC,APPLEHL_1_N002,ALL,1,111.41,4,1
2022-09-01T14:45:00-00:00,2022-09-01T15:00:00-00:00,2022-09-01,08,APPLEHL_1_N002,APPLEHL_1_N002,APPLEHL_1_N002,RTPD,LMP,LMP_PRC,APPLEHL_1_N002,ALL,1,86.1388,4,1
2022-09-01T15:45:00-00:00,2022-09-01T16:00:00-00:00,2022-09-01,09,APPLEHL_1_N002,APPLEHL_1_N002,APPLEHL_1_N002,RTPD,LMP,LMP_PRC,APPLEHL_1_N002,ALL,1,78.70076,4,1
2022-09-01T16:45:00-00:00,2022-09-01T17:00:00-00:00,2022-09-01,10,APPLEHL_1_N002,APPLEHL_1_N002,APPLEHL_1_N002,RTPD,LMP,LMP_PRC,APPLEHL_1_N002,ALL,1,79.43987,4,1
2022-09-01T17:45:00-00:00,2022-09-01T18:00:00-00:00,2022-09-01,11,APPLEHL_1_N002,APPLEHL_1_N002,APPLEHL_1_N002,RTPD,LMP,LMP_PRC,APPLEHL_1_N002,ALL,1,79.9356,4,1
2022-09-01T18:45:00-00:00,2022-09-01T19:00:00-00:00,2022-09-01,12,APPLEHL_1_N002,APPLEHL_1_N002,APPLEHL_1_N002,RTPD,LMP,LMP_PRC,APPLEHL_1_N002,ALL,1,82.72765,4,1
2022-09-01T19:45:00-00:00,2022-09-01T20:00:00-00:00,2022-09-01,13,APPLEHL_1_N002,APPLEHL_1_N002,APPLEHL_1_N002,RTPD,LMP,LMP_PRC,APPLEHL_1_N002,ALL,1,107.09434,4,1
2022-09-01T20:45:00-00:00,2022-09-01T21:00:00-00:00,2022-09-01,14,APPLEHL_1_N002,APPLEHL_1_N002,APPLEHL_1_N002,RTPD,LMP,LMP_PRC,APPLEHL_1_N002,ALL,1,126.74426,4,1
2022-09-01T21:45:00-00:00,2022-09-01T22:00:00-00:00,2022-09-01,15,APPLEHL_1_N002,APPLEHL_1_N002,APPLEHL_1_N002,RTPD,LMP,LMP_PRC,APPLEHL_1_N002,ALL,1,214.20245,4,1
2022-09-01T22:45:00-00:00,2022-09-01T23:00:00-00:00,2022-09-01,16,APPLEHL_1_N002,APPLEHL_1_N002,APPLEHL_1_N002,RTPD,LMP,LMP_PRC,APPLEHL_1_N002,ALL,1,183.34753,4,1
2022-09-01T23:45:00-00:00,2022-09-02T00:00:00-00:00,2022-09-01,17,APPLEHL_1_N002,APPLEHL_1_N002,APPLEHL_1_N002,RTPD,LMP,LMP_PRC,APPLEHL_1_N002,ALL,1,1695.1205,4,1
2022-09-02T00:45:00-00:00,2022-09-02T01:00:00-00:00,2022-09-01,18,APPLEHL_1_N002,APPLEHL_1_N002,APPLEHL_1_N002,RTPD,LMP,LMP_PRC,APPLEHL_1_N002,ALL,1,1831.5153,4,1
2022-09-02T01:45:00-00:00,2022-09-02T02:00:00-00:00,2022-09-01,19,APPLEHL_1_N002,APPLEHL_1_N002,APPLEHL_1_N002,RTPD,LMP,LMP_PRC,APPLEHL_1_N002,ALL,1,1991.9337,4,1
2022-09-02T02:45:00-00:00,2022-09-02T03:00:00-00:00,2022-09-01,20,APPLEHL_1_N002,APPLEHL_1_N002,APPLEHL_1_N002,RTPD,LMP,LMP_PRC,APPLEHL_1_N002,ALL,1,1831.1012,4,1
2022-09-02T03:45:00-00:00,2022-09-02T04:00:00-00:00,2022-09-01,21,APPLEHL_1_N002,APPLEHL_1_N002,APPLEHL_1_N002,RTPD,LMP,LMP_PRC,APPLEHL_1_N002,ALL,1,165.66936,4,1
2022-09-02T04:45:00-00:00,2022-09-02T05:00:00-00:00,2022-09-01,22,APPLEHL_1_N002,APPLEHL_1_N002,APPLEHL_1_N002,RTPD,LMP,LMP_PRC,APPLEHL_1_N002,ALL,1,128.22151,4,1
2022-09-02T05:45:00-00:00,2022-09-02T06:00:00-00:00,2022-09-01,23,APPLEHL_1_N002,APPLEHL_1_N002,APPLEHL_1_N002,RTPD,LMP,LMP_PRC,APPLEHL_1_N002,ALL,1,116.06803,4,1
2022-09-02T06:45:00-00:00,2022-09-02T07:00:00-00:00,2022-09-01,24,APPLEHL_1_N002,APPLEHL_1_N002,APPLEHL_1_N002,RTPD,LMP,LMP_PRC,APPLEHL_1_N002,ALL,1,110.48091,4,1
2022-09-01T07:00:00-00:00,2022-09-01T07:15:00-00:00,2022-09-01,01,APPLEHL_1_N002,APPLEHL_1_N002,APPLEHL_1_N002,RTPD,MCC,LMP_CONG_PRC,APPLEHL_1_N002,ALL,1,-13.54299,1,2
2022-09-01T08:00:00-00:00,2022-09-01T08:15:00-00:00,2022-09-01,02,APPLEHL_1_N002,APPLEHL_1_N002,APPLEHL_1_N002,RTPD,MCC,LMP_CONG_PRC,APPLEHL_1_N002,ALL,1,-3.18168,1,2
2022-09-01T09:00:00-00:00,2022-09-01T09:15:00-00:00,2022-09-01,03,APPLEHL_1_N002,APPLEHL_1_N002,APPLEHL_1_N002,RTPD,MCC,LMP_CONG_PRC,APPLEHL_1_N002,ALL,1,-4.2631,1,2
2022-09-01T10:00:00-00:00,2022-09-01T10:15:00-00:00,2022-09-01,04,APPLEHL_1_N002,APPLEHL_1_N002,APPLEHL_1_N002,RTPD,MCC,LMP_CONG_PRC,APPLEHL_1_N002,ALL,1,-3.68489,1,2
2022-09-01T11:00:00-00:00,2022-09-01T11:15:00-00:00,2022-09-01,05,APPLEHL_1_N002,APPLEHL_1_N002,APPLEHL_1_N002,RTPD,MCC,LMP_CONG_PRC,APPLEHL_1_N002,ALL,1,0,1,2
2022-09-01T12:00:00-00:00,2022-09-01T12:15:00-00:00,2022-09-01,06,APPLEHL_1_N002,APPLEHL_1_N002,APPLEHL_1_N002,RTPD,MCC,LMP_CONG_PRC,APPLEHL_1_N002,ALL,1,-9.48311,1,2
2022-09-01T13:00:00-00:00,2022-09-01T13:15:00-00:00,2022-09-01,07,APPLEHL_1_N002,APPLEHL_1_N002,APPLEHL_1_N002,RTPD,MCC,LMP_CONG_PRC,APPLEHL_1_N002,ALL,1,-12.53374,1,2
2022-09-01T14:00:00-00:00,2022-09-01T14:15:00-00:00,2022-09-01,08,APPLEHL_1_N002,APPLEHL_1_N002,APPLEHL_1_N002,RTPD,MCC,LMP_CONG_PRC,APPLEHL_1_N002,ALL,1,0,1,2
2022-09-01T15:00:00-00:00,2022-09-01T15:15:00-00:00,2022-09-01,09,APPLEHL_1_N002,APPLEHL_1_N002,APPLEHL_1_N002,RTPD,MCC,LMP_CONG_PRC,APPLEHL_1_N002,ALL,1,0,1,2
2022-09-01T16:00:00-00:00,2022-09-01T16:15:00-00:00,2022-09-01,10,APPLEHL_1_N002,APPLEHL_1_N002,APPLEHL_1_N002,RTPD,MCC,LMP_CONG_PRC,APPLEHL_1_N002,ALL,1,0,1,2
2022-09-01T17:00:00-00:00,2022-09-01T17:15:00-00:00,2022-09-01,11,APPLEHL_1_N002,APPLEHL_1_N002,APPLEHL_1_N002,RTPD,MCC,LMP_CONG_PRC,APPLEHL_1_N002,ALL,1,-15.91195,1,2
2022-09-01T18:00:00-00:00,2022-09-01T18:15:00-00:00,2022-09-01,12,APPLEHL_1_N002,APPLEHL_1_N002,APPLEHL_1_N002,RTPD,MCC,LMP_CONG_PRC,APPLEHL_1_N002,ALL,1,-30.92575,1,2
2022-09-01T19:00:00-00:00,2022-09-01T19:15:00-00:00,2022-09-01,13,APPLEHL_1_N002,APPLEHL_1_N002,APPLEHL_1_N002,RTPD,MCC,LMP_CONG_PRC,APPLEHL_1_N002,ALL,1,-34.15617,1,2
2022-09-01T20:00:00-00:00,2022-09-01T20:15:00-00:00,2022-09-01,14,APPLEHL_1_N002,APPLEHL_1_N002,APPLEHL_1_N002,RTPD,MCC,LMP_CONG_PRC,APPLEHL_1_N002,ALL,1,-3.37673,1,2
2022-09-01T21:00:00-00:00,2022-09-01T21:15:00-00:00,2022-09-01,15,APPLEHL_1_N002,APPLEHL_1_N002,APPLEHL_1_N002,RTPD,MCC,LMP_CONG_PRC,APPLEHL_1_N002,ALL,1,-95.0544,1,2
2022-09-01T22:00:00-00:00,2022-09-01T22:15:00-00:00,2022-09-01,16,APPLEHL_1_N002,APPLEHL_1_N002,APPLEHL_1_N002,RTPD,MCC,LMP_CONG_PRC,APPLEHL_1_N002,ALL,1,-103.34404,1,2
2022-09-01T23:00:00-00:00,2022-09-01T23:15:00-00:00,2022-09-01,17,APPLEHL_1_N002,APPLEHL_1_N002,APPLEHL_1_N002,RTPD,MCC,LMP_CONG_PRC,APPLEHL_1_N002,ALL,1,-159.93999,1,2
2022-09-02T00:00:00-00:00,2022-09-02T00:15:00-00:00,2022-09-01,18,APPLEHL_1_N002,APPLEHL_1_N002,APPLEHL_1_N002,RTPD,MCC,LMP_CONG_PRC,APPLEHL_1_N002,ALL,1,361.4172,1,2
2022-09-02T01:00:00-00:00,2022-09-02T01:15:00-00:00,2022-09-01,19,APPLEHL_1_N002,APPLEHL_1_N002,APPLEHL_1_N002,RTPD,MCC,LMP_CONG_PRC,APPLEHL_1_N002,ALL,1,357.28085,1,2
2022-09-02T02:00:00-00:00,2022-09-02T02:15:00-00:00,2022-09-01,20,APPLEHL_1_N002,APPLEHL_1_N002,APPLEHL_1_N002,RTPD,MCC,LMP_CONG_PRC,APPLEHL_1_N002,ALL,1,0,1,2
2022-09-02T03:00:00-00:00,2022-09-02T03:15:00-00:00,2022-09-01,21,APPLEHL_1_N002,APPLEHL_1_N002,APPLEHL_1_N002,RTPD,MCC,LMP_CONG_PRC,APPLEHL_1_N002,ALL,1,443.77682,1,2
2022-09-02T04:00:00-00:00,2022-09-02T04:15:00-00:00,2022-09-01,22,APPLEHL_1_N002,APPLEHL_1_N002,APPLEHL_1_N002,RTPD,MCC,LMP_CONG_PRC,APPLEHL_1_N002,ALL,1,0,1,2
2022-09-02T05:00:00-00:00,2022-09-02T05:15:00-00:00,2022-09-01,23,APPLEHL_1_N002,APPLEHL_1_N002,APPLEHL_1_N002,RTPD,MCC,LMP_CONG_PRC,APPLEHL_1_N002,ALL,1,0,1,2
2022-09-02T06:00:00-00:00,2022-09-02T06:15:00-00:00,2022-09-01,24,APPLEHL_1_N002,APPLEHL_1_N002,APPLEHL_1_N002,RTPD,MCC,LMP_CONG_PRC,APPLEHL_1_N002,ALL,1,0,1,2
2022-09-01T07:15:00-00:00,2022-09-01T07:30:00-00:00,2022-09-01,01,APPLEHL_1_N002,APPLEHL_1_N002,APPLEHL_1_N002,RTPD,MCC,LMP_CONG_PRC,APPLEHL_1_N002,ALL,1,-9.54293,2,2
2022-09-01T08:15:00-00:00,2022-09-01T08:30:00-00:00,2022-09-01,02,APPLEHL_1_N002,APPLEHL_1_N002,APPLEHL_1_N002,RTPD,MCC,LMP_CONG_PRC,APPLEHL_1_N002,ALL,1,-0.86846,2,2
2022-09-01T09:15:00-00:00,2022-09-01T09:30:00-00:00,2022-09-01,03,APPLEHL_1_N002,APPLEHL_1_N002,APPLEHL_1_N002,RTPD,MCC,LMP_CONG_PRC,APPLEHL_1_N002,ALL,1,-5.60342,2,2
2022-09-01T10:15:00-00:00,2022-09-01T10:30:00-00:00,2022-09-01,04,APPLEHL_1_N002,APPLEHL_1_N002,APPLEHL_1_N002,RTPD,MCC,LMP_CONG_PRC,APPLEHL_1_N002,ALL,1,-5.21407,2,2
2022-09-01T11:15:00-00:00,2022-09-01T11:30:00-00:00,2022-09-01,05,APPLEHL_1_N002,APPLEHL_1_N002,APPLEHL_1_N002,RTPD,MCC,LMP_CONG_PRC,APPLEHL_1_N002,ALL,1,0,2,2
2022-09-01T12:15:00-00:00,2022-09-01T12:30:00-00:00,2022-09-01,06,APPLEHL_1_N002,APPLEHL_1_N002,APPLEHL_1_N002,RTPD,MCC,LMP_CONG_PRC,APPLEHL_1_N002,ALL,1,-5.78303,2,2
2022-09-01T13:15:00-00:00,2022-09-01T13:30:00-00:00,2022-09-01,07,APPLEHL_1_N002,APPLEHL_1_N002,APPLEHL_1_N002,RTPD,MCC,LMP_CONG_PRC,APPLEHL_1_N002,ALL,1,-0.53654,2,2
2022-09-01T14:15:00-00:00,2022-09-01T14:30:00-00:00,2022-09-01,08,APPLEHL_1_N002,APPLEHL_1_N002,APPLEHL_1_N002,RTPD,MCC,LMP_CONG_PRC,APPLEHL_1_N002,ALL,1,0,2,2
2022-09-01T15:15:00-00:00,2022-09-01T15:30:00-00:00,2022-09-01,09,APPLEHL_1_N002,APPLEHL_1_N002,APPLEHL_1_N002,RTPD,MCC,LMP_CONG_PRC,APPLEHL_1_N002,ALL,1,0,2,2
2022-09-01T16:15:00-00:00,2022-09-01T16:30:00-00:00,2022-09-01,10,APPLEHL_1_N002,APPLEHL_1_N002,APPLEHL_1_N002,RTPD,MCC,LMP_CONG_PRC,APPLEHL_1_N002,ALL,1,-1.55659,2,2
2022-09-01T17:15:00-00:00,2022-09-01T17:30:00-00:00,2022-09-01,11,APPLEHL_1_N002,APPLEHL_1_N002,APPLEHL_1_N002,RTPD,MCC,LMP_CONG_PRC,APPLEHL_1_N002,ALL,1,-19.38476,2,2
2022-09-01T18:15:00-00:00,2022-09-01T18:30:00-00:00,2022-09-01,12,APPLEHL_1_N002,APPLEHL_1_N002,APPLEHL_1_N002,RTPD,MCC,LMP_CONG_PRC,APPLEHL_1_N002,ALL,1,-25.32364,2,2
2022-09-01T19:15:00-00:00,2022-09-01T19:30:00-00:00,2022-09-01,13,APPLEHL_1_N002,APPLEHL_1_N002,APPLEHL_1_N002,RTPD,MCC,LMP_CONG_PRC,APPLEHL_1_N002,ALL,1,-28.28208,2,2
2022-09-01T20:15:00-00:00,2022-09-01T20:30:00-00:00,2022-09-01,14,APPLEHL_1_N002,APPLEHL_1_N002,APPLEHL_1_N002,RTPD,MCC,LMP_CONG_PRC,APPLEHL_1_N002,ALL,1,-3.04081,2,2
2022-09-01T21:15:00-00:00,2022-09-01T21:30:00-00:00,2022-09-01,15,APPLEHL_1_N002,APPLEHL_1_N002,APPLEHL_1_N002,RTPD,MCC,LMP_CONG_PRC,APPLEHL_1_N002,ALL,1,-25.68899,2,2
2022-09-01T22:15:00-00:00,2022-09-01T22:30:00-00:00,2022-09-01,16,APPLEHL_1_N002,APPLEHL_1_N002,APPLEHL_1_N002,RTPD,MCC,LMP_CONG_PRC,APPLEHL_1_N002,ALL,1,-112.90149,2,2
2022-09-01T23:15:00-00:00,2022-09-01T23:30:00-00:00,2022-09-01,17,APPLEHL_1_N002,APPLEHL_1_N002,APPLEHL_1_N002,RTPD,MCC,LMP_CONG_PRC,APPLEHL_1_N002,ALL,1,-90.58476,2,2
2022-09-02T00:15:00-00:00,2022-09-02T00:30:00-00:00,2022-09-01,18,APPLEHL_1_N002,APPLEHL_1_N002,APPLEHL_1_N002,RTPD,MCC,LMP_CONG_PRC,APPLEHL_1_N002,ALL,1,351.76846,2,2
2022-09-02T01:15:00-00:00,2022-09-02T01:30:00-00:00,2022-09-01,19,APPLEHL_1_N002,APPLEHL_1_N002,APPLEHL_1_N002,RTPD,MCC,LMP_CONG_PRC,APPLEHL_1_N002,ALL,1,0,2,2
2022-09-02T02:15:00-00:00,2022-09-02T02:30:00-00:00,2022-09-01,20,APPLEHL_1_N002,APPLEHL_1_N002,APPLEHL_1_N002,RTPD,MCC,LMP_CONG_PRC,APPLEHL_1_N002,ALL,1,0,2,2
2022-09-02T03:15:00-00:00,2022-09-02T03:30:00-00:00,2022-09-01,21,APPLEHL_1_N002,APPLEHL_1_N002,APPLEHL_1_N002,RTPD,MCC,LMP_CONG_PRC,APPLEHL_1_N002,ALL,1,155.51332,2,2
2022-09-02T04:15:00-00:00,2022-09-02T04:30:00-00:00,2022-09-01,22,APPLEHL_1_N002,APPLEHL_1_N002,APPLEHL_1_N002,RTPD,MCC,LMP_CONG_PRC,APPLEHL_1_N002,ALL,1,0,2,2
2022-09-02T05:15:00-00:00,2022-09-02T05:30:00-00:00,2022-09-01,23,APPLEHL_1_N002,APPLEHL_1_N002,APPLEHL_1_N002,RTPD,MCC,LMP_CONG_PRC,APPLEHL_1_N002,ALL,1,0,2,2
2022-09-02T06:15:00-00:00,2022-09-02T06:30:00-00:00,2022-09-01,24,APPLEHL_1_N002,APPLEHL_1_N002,APPLEHL_1_N002,RTPD,MCC,LMP_CONG_PRC,APPLEHL_1_N002,ALL,1,0,2,2
2022-09-01T07:30:00-00:00,2022-09-01T07:45:00-00:00,2022-09-01,01,APPLEHL_1_N002,APPLEHL_1_N002,APPLEHL_1_N002,RTPD,MCC,LMP_CONG_PRC,APPLEHL_1_N002,ALL,1,-15.38142,3,2
2022-09-01T08:30:00-00:00,2022-09-01T08:45:00-00:00,2022-09-01,02,APPLEHL_1_N002,APPLEHL_1_N002,APPLEHL_1_N002,RTPD,MCC,LMP_CONG_PRC,APPLEHL_1_N002,ALL,1,-0.00082,3,2
2022-09-01T09:30:00-00:00,2022-09-01T09:45:00-00:00,2022-09-01,03,APPLEHL_1_N002,APPLEHL_1_N002,APPLEHL_1_N002,RTPD,MCC,LMP_CONG_PRC,APPLEHL_1_N002,ALL,1,-5.55313,3,2
2022-09-01T10:30:00-00:00,2022-09-01T10:45:00-00:00,2022-09-01,04,APPLEHL_1_N002,APPLEHL_1_N002,APPLEHL_1_N002,RTPD,MCC,LMP_CONG_PRC,APPLEHL_1_N002,ALL,1,-2.94818,3,2
2022-09-01T11:30:00-00:00,2022-09-01T11:45:00-00:00,2022-09-01,05,APPLEHL_1_N002,APPLEHL_1_N002,APPLEHL_1_N002,RTPD,MCC,LMP_CONG_PRC,APPLEHL_1_N002,ALL,1,0,3,2
2022-09-01T12:30:00-00:00,2022-09-01T12:45:00-00:00,2022-09-01,06,APPLEHL_1_N002,APPLEHL_1_N002,APPLEHL_1_N002,RTPD,MCC,LMP_CONG_PRC,APPLEHL_1_N002,ALL,1,-10.01313,3,2
2022-09-01T13:30:00-00:00,2022-09-01T13:45:00-00:00,2022-09-01,07,APPLEHL_1_N002,APPLEHL_1_N002,APPLEHL_1_N002,RTPD,MCC,LMP_CONG_PRC,APPLEHL_1_N002,ALL,1,0,3,2
2022-09-01T14:30:00-00:00,2022-09-01T14:45:00-00:00,2022-09-01,08,APPLEHL_1_N002,APPLEHL_1_N002,APPLEHL_1_N002,RTPD,MCC,LMP_CONG_PRC,APPLEHL_1_N002,ALL,1,0,3,2
2022-09-01T15:30:00-00:00,2022-09-01T15:45:00-00:00,2022-09-01,09,APPLEHL_1_N002,APPLEHL_1_N002,APPLEHL_1_N002,RTPD,MCC,LMP_CONG_PRC,APPLEHL_1_N002,ALL,1,0,3,2
2022-09-01T16:30:00-00:00,2022-09-01T16:45:00-00:00,2022-09-01,10,APPLEHL_1_N002,APPLEHL_1_N002,APPLEHL_1_N002,RTPD,MCC,LMP_CONG_PRC,APPLEHL_1_N002,ALL,1,-13.03736,3,2
2022-09-01T17:30:00-00:00,2022-09-01T17:45:00-00:00,2022-09-01,11,APPLEHL_1_N002,APPLEHL_1_N002,APPLEHL_1_N002,RTPD,MCC,LMP_CONG_PRC,APPLEHL_1_N002,ALL,1,-19.46118,3,2
2022-09-01T18:30:00-00:00,2022-09-01T18:45:00-00:00,2022-09-01,12,APPLEHL_1_N002,APPLEHL_1_N002,APPLEHL_1_N002,RTPD,MCC,LMP_CONG_PRC,APPLEHL_1_N002,ALL,1,-26.4141,3,2
2022-09-01T19:30:00-00:00,2022-09-01T19:45:00-00:00,2022-09-01,13,APPLEHL_1_N002,APPLEHL_1_N002,APPLEHL_1_N002,RTPD,MCC,LMP_CONG_PRC,APPLEHL_1_N002,ALL,1,-12.11948,3,2
2022-09-01T20:30:00-00:00,2022-09-01T20:45:00-00:00,2022-09-01,14,APPLEHL_1_N002,APPLEHL_1_N002,APPLEHL_1_N002,RTPD,MCC,LMP_CONG_PRC,APPLEHL_1_N002,ALL,1,-12.26907,3,2
2022-09-01T21:30:00-00:00,2022-09-01T21:45:00-00:00,2022-09-01,15,APPLEHL_1_N002,APPLEHL_1_N002,APPLEHL_1_N002,RTPD,MCC,LMP_CONG_PRC,APPLEHL_1_N002,ALL,1,-23.59913,3,2
2022-09-01T22:30:00-00:00,2022-09-01T22:45:00-00:00,2022-09-01,16,APPLEHL_1_N002,APPLEHL_1_N002,APPLEHL_1_N002,RTPD,MCC,LMP_CONG_PRC,APPLEHL_1_N002,ALL,1,-121.39696,3,2
2022-09-01T23:30:00-00:00,2022-09-01T23:45:00-00:00,2022-09-01,17,APPLEHL_1_N002,APPLEHL_1_N002,APPLEHL_1_N002,RTPD,MCC,LMP_CONG_PRC,APPLEHL_1_N002,ALL,1,0,3,2
2022-09-02T00:30:00-00:00,2022-09-02T00:45:00-00:00,2022-09-01,18,APPLEHL_1_N002,APPLEHL_1_N002,APPLEHL_1_N002,RTPD,MCC,LMP_CONG_PRC,APPLEHL_1_N002,ALL,1,498.14276,3,2
2022-09-02T01:30:00-00:00,2022-09-02T01:45:00-00:00,2022-09-01,19,APPLEHL_1_N002,APPLEHL_1_N002,APPLEHL_1_N002,RTPD,MCC,LMP_CONG_PRC,APPLEHL_1_N002,ALL,1,0,3,2
2022-09-02T02:30:00-00:00,2022-09-02T02:45:00-00:00,2022-09-01,20,APPLEHL_1_N002,APPLEHL_1_N002,APPLEHL_1_N002,RTPD,MCC,LMP_CONG_PRC,APPLEHL_1_N002,ALL,1,0,3,2
2022-09-02T03:30:00-00:00,2022-09-02T03:45:00-00:00,2022-09-01,21,APPLEHL_1_N002,APPLEHL_1_N002,APPLEHL_1_N002,RTPD,MCC,LMP_CONG_PRC,APPLEHL_1_N002,ALL,1,34.97369,3,2
2022-09-02T04:30:00-00:00,2022-09-02T04:45:00-00:00,2022-09-01,22,APPLEHL_1_N002,APPLEHL_1_N002,APPLEHL_1_N002,RTPD,MCC,LMP_CONG_PRC,APPLEHL_1_N002,ALL,1,0,3,2
2022-09-02T05:30:00-00:00,2022-09-02T05:45:00-00:00,2022-09-01,23,APPLEHL_1_N002,APPLEHL_1_N002,APPLEHL_1_N002,RTPD,MCC,LMP_CONG_PRC,APPLEHL_1_N002,ALL,1,0,3,2
2022-09-02T06:30:00-00:00,2022-09-02T06:45:00-00:00,2022-09-01,24,APPLEHL_1_N002,APPLEHL_1_N002,APPLEHL_1_N002,RTPD,MCC,LMP_CONG_PRC,APPLEHL_1_N002,ALL,1,0,3,2
2022-09-01T07:45:00-00:00,2022-09-01T08:00:00-00:00,2022-09-01,01,APPLEHL_1_N002,APPLEHL_1_N002,APPLEHL_1_N002,RTPD,MCC,LMP_CONG_PRC,APPLEHL_1_N002,ALL,1,-17.53234,4,2
2022-09-01T08:45:00-00:00,2022-09-01T09:00:00-00:00,2022-09-01,02,APPLEHL_1_N002,APPLEHL_1_N002,APPLEHL_1_N002,RTPD,MCC,LMP_CONG_PRC,APPLEHL_1_N002,ALL,1,-4.27987,4,2
2022-09-01T09:45:00-00:00,2022-09-01T10:00:00-00:00,2022-09-01,03,APPLEHL_1_N002,APPLEHL_1_N002,APPLEHL_1_N002,RTPD,MCC,LMP_CONG_PRC,APPLEHL_1_N002,ALL,1,-4.94104,4,2
2022-09-01T10:45:00-00:00,2022-09-01T11:00:00-00:00,2022-09-01,04,APPLEHL_1_N002,APPLEHL_1_N002,APPLEHL_1_N002,RTPD,MCC,LMP_CONG_PRC,APPLEHL_1_N002,ALL,1,-1.16104,4,2
2022-09-01T11:45:00-00:00,2022-09-01T12:00:00-00:00,2022-09-01,05,APPLEHL_1_N002,APPLEHL_1_N002,APPLEHL_1_N002,RTPD,MCC,LMP_CONG_PRC,APPLEHL_1_N002,ALL,1,0,4,2
2022-09-01T12:45:00-00:00,2022-09-01T13:00:00-00:00,2022-09-01,06,APPLEHL_1_N002,APPLEHL_1_N002,APPLEHL_1_N002,RTPD,MCC,LMP_CONG_PRC,APPLEHL_1_N002,ALL,1,-2.22832,4,2
2022-09-01T13:45:00-00:00,2022-09-01T14:00:00-00:00,2022-09-01,07,APPLEHL_1_N002,APPLEHL_1_N002,APPLEHL_1_N002,RTPD,MCC,LMP_CONG_PRC,APPLEHL_1_N002,ALL,1,0,4,2
2022-09-01T14:45:00-00:00,2022-09-01T15:00:00-00:00,2022-09-01,08,APPLEHL_1_N002,APPLEHL_1_N002,APPLEHL_1_N002,RTPD,MCC,LMP_CONG_PRC,APPLEHL_1_N002,ALL,1,0,4,2
2022-09-01T15:45:00-00:00,2022-09-01T16:00:00-00:00,2022-09-01,09,APPLEHL_1_N002,APPLEHL_1_N002,APPLEHL_1_N002,RTPD,MCC,LMP_CONG_PRC,APPLEHL_1_N002,ALL,1,0,4,2
2022-09-01T16:45:00-00:00,2022-09-01T17:00:00-00:00,2022-09-01,10,APPLEHL_1_N002,APPLEHL_1_N002,APPLEHL_1_N002,RTPD,MCC,LMP_CONG_PRC,APPLEHL_1_N002,ALL,1,-11.80946,4,2
2022-09-01T17:45:00-00:00,2022-09-01T18:00:00-00:00,2022-09-01,11,APPLEHL_1_N002,APPLEHL_1_N002,APPLEHL_1_N002,RTPD,MCC,LMP_CONG_PRC,APPLEHL_1_N002,ALL,1,-19.26983,4,2
2022-09-01T18:45:00-00:00,2022-09-01T19:00:00-00:00,2022-09-01,12,APPLEHL_1_N002,APPLEHL_1_N002,APPLEHL_1_N002,RTPD,MCC,LMP_CONG_PRC,APPLEHL_1_N002,ALL,1,-26.31299,4,2
2022-09-01T19:45:00-00:00,2022-09-01T20:00:00-00:00,2022-09-01,13,APPLEHL_1_N002,APPLEHL_1_N002,APPLEHL_1_N002,RTPD,MCC,LMP_CONG_PRC,APPLEHL_1_N002,ALL,1,-13.13057,4,2
2022-09-01T20:45:00-00:00,2022-09-01T21:00:00-00:00,2022-09-01,14,APPLEHL_1_N002,APPLEHL_1_N002,APPLEHL_1_N002,RTPD,MCC,LMP_CONG_PRC,APPLEHL_1_N002,ALL,1,-27.28083,4,2
2022-09-01T21:45:00-00:00,2022-09-01T22:00:00-00:00,2022-09-01,15,APPLEHL_1_N002,APPLEHL_1_N002,APPLEHL_1_N002,RTPD,MCC,LMP_CONG_PRC,APPLEHL_1_N002,ALL,1,-86.09131,4,2
2022-09-01T22:45:00-00:00,2022-09-01T23:00:00-00:00,2022-09-01,16,APPLEHL_1_N002,APPLEHL_1_N002,APPLEHL_1_N002,RTPD,MCC,LMP_CONG_PRC,APPLEHL_1_N002,ALL,1,-246.56616,4,2
2022-09-01T23:45:00-00:00,2022-09-02T00:00:00-00:00,2022-09-01,17,APPLEHL_1_N002,APPLEHL_1_N002,APPLEHL_1_N002,RTPD,MCC,LMP_CONG_PRC,APPLEHL_1_N002,ALL,1,433.90802,4,2
2022-09-02T00:45:00-00:00,2022-09-02T01:00:00-00:00,2022-09-01,18,APPLEHL_1_N002,APPLEHL_1_N002,APPLEHL_1_N002,RTPD,MCC,LMP_CONG_PRC,APPLEHL_1_N002,ALL,1,312.36624,4,2
2022-09-02T01:45:00-00:00,2022-09-02T02:00:00-00:00,2022-09-01,19,APPLEHL_1_N002,APPLEHL_1_N002,APPLEHL_1_N002,RTPD,MCC,LMP_CONG_PRC,APPLEHL_1_N002,ALL,1,0,4,2
2022-09-02T02:45:00-00:00,2022-09-02T03:00:00-00:00,2022-09-01,20,APPLEHL_1_N002,APPLEHL_1_N002,APPLEHL_1_N002,RTPD,MCC,LMP_CONG_PRC,APPLEHL_1_N002,ALL,1,141.67276,4,2
2022-09-02T03:45:00-00:00,2022-09-02T04:00:00-00:00,2022-09-01,21,APPLEHL_1_N002,APPLEHL_1_N002,APPLEHL_1_N002,RTPD,MCC,LMP_CONG_PRC,APPLEHL_1_N002,ALL,1,20.36879,4,2
2022-09-02T04:45:00-00:00,2022-09-02T05:00:00-00:00,2022-09-01,22,APPLEHL_1_N002,APPLEHL_1_N002,APPLEHL_1_N002,RTPD,MCC,LMP_CONG_PRC,APPLEHL_1_N002,ALL,1,0,4,2
2022-09-02T05:45:00-00:00,2022-09-02T06:00:00-00:00,2022-09-01,23,APPLEHL_1_N002,APPLEHL_1_N002,APPLEHL_1_N002,RTPD,MCC,LMP_CONG_PRC,APPLEHL_1_N002,ALL,1,-3.92933,4,2
2022-09-02T06:45:00-00:00,2022-09-02T07:00:00-00:00,2022-09-01,24,APPLEHL_1_N002,APPLEHL_1_N002,APPLEHL_1_N002,RTPD,MCC,LMP_CONG_PRC,APPLEHL_1_N002,ALL,1,0,4,2
2022-09-01T07:00:00-00:00,2022-09-01T07:15:00-00:00,2022-09-01,01,APPLEHL_1_N002,APPLEHL_1_N002,APPLEHL_1_N002,RTPD,MCE,LMP_ENE_PRC,APPLEHL_1_N002,ALL,1,104.23471,1,3
2022-09-01T08:00:00-00:00,2022-09-01T08:15:00-00:00,2022-09-01,02,APPLEHL_1_N002,APPLEHL_1_N002,APPLEHL_1_N002,RTPD,MCE,LMP_ENE_PRC,APPLEHL_1_N002,ALL,1,115.5488,1,3
2022-09-01T09:00:00-00:00,2022-09-01T09:15:00-00:00,2022-09-01,03,APPLEHL_1_N002,APPLEHL_1_N002,APPLEHL_1_N002,RTPD,MCE,LMP_ENE_PRC,APPLEHL_1_N002,ALL,1,99.73061,1,3
2022-09-01T10:00:00-00:00,2022-09-01T10:15:00-00:00,2022-09-01,04,APPLEHL_1_N002,APPLEHL_1_N002,APPLEHL_1_N002,RTPD,MCE,LMP_ENE_PRC,APPLEHL_1_N002,ALL,1,98.64222,1,3
2022-09-01T11:00:00-00:00,2022-09-01T11:15:00-00:00,2022-09-01,05,APPLEHL_1_N002,APPLEHL_1_N002,APPLEHL_1_N002,RTPD,MCE,LMP_ENE_PRC,APPLEHL_1_N002,ALL,1,102.56859,1,3
2022-09-01T12:00:00-00:00,2022-09-01T12:15:00-00:00,2022-09-01,06,APPLEHL_1_N002,APPLEHL_1_N002,APPLEHL_1_N002,RTPD,MCE,LMP_ENE_PRC,APPLEHL_1_N002,ALL,1,96.90845,1,3
2022-09-01T13:00:00-00:00,2022-09-01T13:15:00-00:00,2022-09-01,07,APPLEHL_1_N002,APPLEHL_1_N002,APPLEHL_1_N002,RTPD,MCE,LMP_ENE_PRC,APPLEHL_1_N002,ALL,1,101.80878,1,3
2022-09-01T14:00:00-00:00,2022-09-01T14:15:00-00:00,2022-09-01,08,APPLEHL_1_N002,APPLEHL_1_N002,APPLEHL_1_N002,RTPD,MCE,LMP_ENE_PRC,APPLEHL_1_N002,ALL,1,111.11219,1,3
2022-09-01T15:00:00-00:00,2022-09-01T15:15:00-00:00,2022-09-01,09,APPLEHL_1_N002,APPLEHL_1_N002,APPLEHL_1_N002,RTPD,MCE,LMP_ENE_PRC,APPLEHL_1_N002,ALL,1,97.4112,1,3
2022-09-01T16:00:00-00:00,2022-09-01T16:15:00-00:00,2022-09-01,10,APPLEHL_1_N002,APPLEHL_1_N002,APPLEHL_1_N002,RTPD,MCE,LMP_ENE_PRC,APPLEHL_1_N002,ALL,1,83.43525,1,3
2022-09-01T17:00:00-00:00,2022-09-01T17:15:00-00:00,2022-09-01,11,APPLEHL_1_N002,APPLEHL_1_N002,APPLEHL_1_N002,RTPD,MCE,LMP_ENE_PRC,APPLEHL_1_N002,ALL,1,96.94897,1,3
2022-09-01T18:00:00-00:00,2022-09-01T18:15:00-00:00,2022-09-01,12,APPLEHL_1_N002,APPLEHL_1_N002,APPLEHL_1_N002,RTPD,MCE,LMP_ENE_PRC,APPLEHL_1_N002,ALL,1,91.59291,1,3
2022-09-01T19:00:00-00:00,2022-09-01T19:15:00-00:00,2022-09-01,13,APPLEHL_1_N002,APPLEHL_1_N002,APPLEHL_1_N002,RTPD,MCE,LMP_ENE_PRC,APPLEHL_1_N002,ALL,1,109.19637,1,3
2022-09-01T20:00:00-00:00,2022-09-01T20:15:00-00:00,2022-09-01,14,APPLEHL_1_N002,APPLEHL_1_N002,APPLEHL_1_N002,RTPD,MCE,LMP_ENE_PRC,APPLEHL_1_N002,ALL,1,117.94359,1,3
2022-09-01T21:00:00-00:00,2022-09-01T21:15:00-00:00,2022-09-01,15,APPLEHL_1_N002,APPLEHL_1_N002,APPLEHL_1_N002,RTPD,MCE,LMP_ENE_PRC,APPLEHL_1_N002,ALL,1,226.61499,1,3
2022-09-01T22:00:00-00:00,2022-09-01T22:15:00-00:00,2022-09-01,16,APPLEHL_1_N002,APPLEHL_1_N002,APPLEHL_1_N002,RTPD,MCE,LMP_ENE_PRC,APPLEHL_1_N002,ALL,1,229.18552,1,3
2022-09-01T23:00:00-00:00,2022-09-01T23:15:00-00:00,2022-09-01,17,APPLEHL_1_N002,APPLEHL_1_N002,APPLEHL_1_N002,RTPD,MCE,LMP_ENE_PRC,APPLEHL_1_N002,ALL,1,386.7537,1,3
2022-09-02T00:00:00-00:00,2022-09-02T00:15:00-00:00,2022-09-01,18,APPLEHL_1_N002,APPLEHL_1_N002,APPLEHL_1_N002,RTPD,MCE,LMP_ENE_PRC,APPLEHL_1_N002,ALL,1,770.58136,1,3
2022-09-02T01:00:00-00:00,2022-09-02T01:15:00-00:00,2022-09-01,19,APPLEHL_1_N002,APPLEHL_1_N002,APPLEHL_1_N002,RTPD,MCE,LMP_ENE_PRC,APPLEHL_1_N002,ALL,1,916.27124,1,3
2022-09-02T02:00:00-00:00,2022-09-02T02:15:00-00:00,2022-09-01,20,APPLEHL_1_N002,APPLEHL_1_N002,APPLEHL_1_N002,RTPD,MCE,LMP_ENE_PRC,APPLEHL_1_N002,ALL,1,1991.6721,1,3
2022-09-02T03:00:00-00:00,2022-09-02T03:15:00-00:00,2022-09-01,21,APPLEHL_1_N002,APPLEHL_1_N002,APPLEHL_1_N002,RTPD,MCE,LMP_ENE_PRC,APPLEHL_1_N002,ALL,1,917.5508,1,3
2022-09-02T04:00:00-00:00,2022-09-02T04:15:00-00:00,2022-09-01,22,APPLEHL_1_N002,APPLEHL_1_N002,APPLEHL_1_N002,RTPD,MCE,LMP_ENE_PRC,APPLEHL_1_N002,ALL,1,257.83005,1,3
2022-09-02T05:00:00-00:00,2022-09-02T05:15:00-00:00,2022-09-01,23,APPLEHL_1_N002,APPLEHL_1_N002,APPLEHL_1_N002,RTPD,MCE,LMP_ENE_PRC,APPLEHL_1_N002,ALL,1,183.24657,1,3
2022-09-02T06:00:00-00:00,2022-09-02T06:15:00-00:00,2022-09-01,24,APPLEHL_1_N002,APPLEHL_1_N002,APPLEHL_1_N002,RTPD,MCE,LMP_ENE_PRC,APPLEHL_1_N002,ALL,1,158.867,1,3
2022-09-01T07:15:00-00:00,2022-09-01T07:30:00-00:00,2022-09-01,01,APPLEHL_1_N002,APPLEHL_1_N002,APPLEHL_1_N002,RTPD,MCE,LMP_ENE_PRC,APPLEHL_1_N002,ALL,1,125.55144,2,3
2022-09-01T08:15:00-00:00,2022-09-01T08:30:00-00:00,2022-09-01,02,APPLEHL_1_N002,APPLEHL_1_N002,APPLEHL_1_N002,RTPD,MCE,LMP_ENE_PRC,APPLEHL_1_N002,ALL,1,115.53165,2,3
2022-09-01T09:15:00-00:00,2022-09-01T09:30:00-00:00,2022-09-01,03,APPLEHL_1_N002,APPLEHL_1_N002,APPLEHL_1_N002,RTPD,MCE,LMP_ENE_PRC,APPLEHL_1_N002,ALL,1,98.30543,2,3
2022-09-01T10:15:00-00:00,2022-09-01T10:30:00-00:00,2022-09-01,04,APPLEHL_1_N002,APPLEHL_1_N002,APPLEHL_1_N002,RTPD,MCE,LMP_ENE_PRC,APPLEHL_1_N002,ALL,1,97.00684,2,3
2022-09-01T11:15:00-00:00,2022-09-01T11:30:00-00:00,2022-09-01,05,APPLEHL_1_N002,APPLEHL_1_N002,APPLEHL_1_N002,RTPD,MCE,LMP_ENE_PRC,APPLEHL_1_N002,ALL,1,103.09059,2,3
2022-09-01T12:15:00-00:00,2022-09-01T12:30:00-00:00,2022-09-01,06,APPLEHL_1_N002,APPLEHL_1_N002,APPLEHL_1_N002,RTPD,MCE,LMP_ENE_PRC,APPLEHL_1_N002,ALL,1,109.32203,2,3
2022-09-01T13:15:00-00:00,2022-09-01T13:30:00-00:00,2022-09-01,07,APPLEHL_1_N002,APPLEHL_1_N002,APPLEHL_1_N002,RTPD,MCE,LMP_ENE_PRC,APPLEHL_1_N002,ALL,1,110.97827,2,3
2022-09-01T14:15:00-00:00,2022-09-01T14:30:00-00:00,2022-09-01,08,APPLEHL_1_N002,APPLEHL_1_N002,APPLEHL_1_N002,RTPD,MCE,LMP_ENE_PRC,APPLEHL_1_N002,ALL,1,104.78743,2,3
2022-09-01T15:15:00-00:00,2022-09-01T15:30:00-00:00,2022-09-01,09,APPLEHL_1_N002,APPLEHL_1_N002,APPLEHL_1_N002,RTPD,MCE,LMP_ENE_PRC,APPLEHL_1_N002,ALL,1,86.9388,2,3
2022-09-01T16:15:00-00:00,2022-09-01T16:30:00-00:00,2022-09-01,10,APPLEHL_1_N002,APPLEHL_1_N002,APPLEHL_1_N002,RTPD,MCE,LMP_ENE_PRC,APPLEHL_1_N002,ALL,1,89.44858,2,3
2022-09-01T17:15:00-00:00,2022-09-01T17:30:00-00:00,2022-09-01,11,APPLEHL_1_N002,APPLEHL_1_N002,APPLEHL_1_N002,RTPD,MCE,LMP_ENE_PRC,APPLEHL_1_N002,ALL,1,99.34673,2,3
2022-09-01T18:15:00-00:00,2022-09-01T18:30:00-00:00,2022-09-01,12,APPLEHL_1_N002,APPLEHL_1_N002,APPLEHL_1_N002,RTPD,MCE,LMP_ENE_PRC,APPLEHL_1_N002,ALL,1,101.15901,2,3
2022-09-01T19:15:00-00:00,2022-09-01T19:30:00-00:00,2022-09-01,13,APPLEHL_1_N002,APPLEHL_1_N002,APPLEHL_1_N002,RTPD,MCE,LMP_ENE_PRC,APPLEHL_1_N002,ALL,1,105.30588,2,3
2022-09-01T20:15:00-00:00,2022-09-01T20:30:00-00:00,2022-09-01,14,APPLEHL_1_N002,APPLEHL_1_N002,APPLEHL_1_N002,RTPD,MCE,LMP_ENE_PRC,APPLEHL_1_N002,ALL,1,117.49421,2,3
2022-09-01T21:15:00-00:00,2022-09-01T21:30:00-00:00,2022-09-01,15,APPLEHL_1_N002,APPLEHL_1_N002,APPLEHL_1_N002,RTPD,MCE,LMP_ENE_PRC,APPLEHL_1_N002,ALL,1,147.21185,2,3
2022-09-01T22:15:00-00:00,2022-09-01T22:30:00-00:00,2022-09-01,16,APPLEHL_1_N002,APPLEHL_1_N002,APPLEHL_1_N002,RTPD,MCE,LMP_ENE_PRC,APPLEHL_1_N002,ALL,1,256.58734,2,3
2022-09-01T23:15:00-00:00,2022-09-01T23:30:00-00:00,2022-09-01,17,APPLEHL_1_N002,APPLEHL_1_N002,APPLEHL_1_N002,RTPD,MCE,LMP_ENE_PRC,APPLEHL_1_N002,ALL,1,362.12408,2,3
2022-09-02T00:15:00-00:00,2022-09-02T00:30:00-00:00,2022-09-01,18,APPLEHL_1_N002,APPLEHL_1_N002,APPLEHL_1_N002,RTPD,MCE,LMP_ENE_PRC,APPLEHL_1_N002,ALL,1,691.2182,2,3
2022-09-02T01:15:00-00:00,2022-09-02T01:30:00-00:00,2022-09-01,19,APPLEHL_1_N002,APPLEHL_1_N002,APPLEHL_1_N002,RTPD,MCE,LMP_ENE_PRC,APPLEHL_1_N002,ALL,1,1999.9933,2,3
2022-09-02T02:15:00-00:00,2022-09-02T02:30:00-00:00,2022-09-01,20,APPLEHL_1_N002,APPLEHL_1_N002,APPLEHL_1_N002,RTPD,MCE,LMP_ENE_PRC,APPLEHL_1_N002,ALL,1,1991.6721,2,3
2022-09-02T03:15:00-00:00,2022-09-02T03:30:00-00:00,2022-09-01,21,APPLEHL_1_N002,APPLEHL_1_N002,APPLEHL_1_N002,RTPD,MCE,LMP_ENE_PRC,APPLEHL_1_N002,ALL,1,400.52884,2,3
2022-09-02T04:15:00-00:00,2022-09-02T04:30:00-00:00,2022-09-01,22,APPLEHL_1_N002,APPLEHL_1_N002,APPLEHL_1_N002,RTPD,MCE,LMP_ENE_PRC,APPLEHL_1_N002,ALL,1,224.75041,2,3
2022-09-02T05:15:00-00:00,2022-09-02T05:30:00-00:00,2022-09-01,23,APPLEHL_1_N002,APPLEHL_1_N002,APPLEHL_1_N002,RTPD,MCE,LMP_ENE_PRC,APPLEHL_1_N002,ALL,1,157.11986,2,3
2022-09-02T06:15:00-00:00,2022-09-02T06:30:00-00:00,2022-09-01,24,APPLEHL_1_N002,APPLEHL_1_N002,APPLEHL_1_N002,RTPD,MCE,LMP_ENE_PRC,APPLEHL_1_N002,ALL,1,143.1005,2,3
2022-09-01T07:30:00-00:00,2022-09-01T07:45:00-00:00,2022-09-01,01,APPLEHL_1_N002,APPLEHL_1_N002,APPLEHL_1_N002,RTPD,MCE,LMP_ENE_PRC,APPLEHL_1_N002,ALL,1,119.03196,3,3
2022-09-01T08:30:00-00:00,2022-09-01T08:45:00-00:00,2022-09-01,02,APPLEHL_1_N002,APPLEHL_1_N002,APPLEHL_1_N002,RTPD,MCE,LMP_ENE_PRC,APPLEHL_1_N002,ALL,1,111.11241,3,3
2022-09-01T09:30:00-00:00,2022-09-01T09:45:00-00:00,2022-09-01,03,APPLEHL_1_N002,APPLEHL_1_N002,APPLEHL_1_N002,RTPD,MCE,LMP_ENE_PRC,APPLEHL_1_N002,ALL,1,98.16228,3,3
2022-09-01T10:30:00-00:00,2022-09-01T10:45:00-00:00,2022-09-01,04,APPLEHL_1_N002,APPLEHL_1_N002,APPLEHL_1_N002,RTPD,MCE,LMP_ENE_PRC,APPLEHL_1_N002,ALL,1,96.36226,3,3
2022-09-01T11:30:00-00:00,2022-09-01T11:45:00-00:00,2022-09-01,05,APPLEHL_1_N002,APPLEHL_1_N002,APPLEHL_1_N002,RTPD,MCE,LMP_ENE_PRC,APPLEHL_1_N002,ALL,1,103.06198,3,3
2022-09-01T12:30:00-00:00,2022-09-01T12:45:00-00:00,2022-09-01,06,APPLEHL_1_N002,APPLEHL_1_N002,APPLEHL_1_N002,RTPD,MCE,LMP_ENE_PRC,APPLEHL_1_N002,ALL,1,113.57403,3,3
2022-09-01T13:30:00-00:00,2022-09-01T13:45:00-00:00,2022-09-01,07,APPLEHL_1_N002,APPLEHL_1_N002,APPLEHL_1_N002,RTPD,MCE,LMP_ENE_PRC,APPLEHL_1_N002,ALL,1,111.52025,3,3
2022-09-01T14:30:00-00:00,2022-09-01T14:45:00-00:00,2022-09-01,08,APPLEHL_1_N002,APPLEHL_1_N002,APPLEHL_1_N002,RTPD,MCE,LMP_ENE_PRC,APPLEHL_1_N002,ALL,1,101.83428,3,3
2022-09-01T15:30:00-00:00,2022-09-01T15:45:00-00:00,2022-09-01,09,APPLEHL_1_N002,APPLEHL_1_N002,APPLEHL_1_N002,RTPD,MCE,LMP_ENE_PRC,APPLEHL_1_N002,ALL,1,86.1388,3,3
2022-09-01T16:30:00-00:00,2022-09-01T16:45:00-00:00,2022-09-01,10,APPLEHL_1_N002,APPLEHL_1_N002,APPLEHL_1_N002,RTPD,MCE,LMP_ENE_PRC,APPLEHL_1_N002,ALL,1,88.79644,3,3
2022-09-01T17:30:00-00:00,2022-09-01T17:45:00-00:00,2022-09-01,11,APPLEHL_1_N002,APPLEHL_1_N002,APPLEHL_1_N002,RTPD,MCE,LMP_ENE_PRC,APPLEHL_1_N002,ALL,1,99.13013,3,3
2022-09-01T18:30:00-00:00,2022-09-01T18:45:00-00:00,2022-09-01,12,APPLEHL_1_N002,APPLEHL_1_N002,APPLEHL_1_N002,RTPD,MCE,LMP_ENE_PRC,APPLEHL_1_N002,ALL,1,107.05718,3,3
2022-09-01T19:30:00-00:00,2022-09-01T19:45:00-00:00,2022-09-01,13,APPLEHL_1_N002,APPLEHL_1_N002,APPLEHL_1_N002,RTPD,MCE,LMP_ENE_PRC,APPLEHL_1_N002,ALL,1,114.05905,3,3
2022-09-01T20:30:00-00:00,2022-09-01T20:45:00-00:00,2022-09-01,14,APPLEHL_1_N002,APPLEHL_1_N002,APPLEHL_1_N002,RTPD,MCE,LMP_ENE_PRC,APPLEHL_1_N002,ALL,1,129.81606,3,3
2022-09-01T21:30:00-00:00,2022-09-01T21:45:00-00:00,2022-09-01,15,APPLEHL_1_N002,APPLEHL_1_N002,APPLEHL_1_N002,RTPD,MCE,LMP_ENE_PRC,APPLEHL_1_N002,ALL,1,152.93057,3,3
2022-09-01T22:30:00-00:00,2022-09-01T22:45:00-00:00,2022-09-01,16,APPLEHL_1_N002,APPLEHL_1_N002,APPLEHL_1_N002,RTPD,MCE,LMP_ENE_PRC,APPLEHL_1_N002,ALL,1,283.18182,3,3
2022-09-01T23:30:00-00:00,2022-09-01T23:45:00-00:00,2022-09-01,17,APPLEHL_1_N002,APPLEHL_1_N002,APPLEHL_1_N002,RTPD,MCE,LMP_ENE_PRC,APPLEHL_1_N002,ALL,1,566.48157,3,3
2022-09-02T00:30:00-00:00,2022-09-02T00:45:00-00:00,2022-09-01,18,APPLEHL_1_N002,APPLEHL_1_N002,APPLEHL_1_N002,RTPD,MCE,LMP_ENE_PRC,APPLEHL_1_N002,ALL,1,1329.1127,3,3
2022-09-02T01:30:00-00:00,2022-09-02T01:45:00-00:00,2022-09-01,19,APPLEHL_1_N002,APPLEHL_1_N002,APPLEHL_1_N002,RTPD,MCE,LMP_ENE_PRC,APPLEHL_1_N002,ALL,1,1999.9956,3,3
2022-09-02T02:30:00-00:00,2022-09-02T02:45:00-00:00,2022-09-01,20,APPLEHL_1_N002,APPLEHL_1_N002,APPLEHL_1_N002,RTPD,MCE,LMP_ENE_PRC,APPLEHL_1_N002,ALL,1,1991.671,3,3
2022-09-02T03:30:00-00:00,2022-09-02T03:45:00-00:00,2022-09-01,21,APPLEHL_1_N002,APPLEHL_1_N002,APPLEHL_1_N002,RTPD,MCE,LMP_ENE_PRC,APPLEHL_1_N002,ALL,1,186.61823,3,3
2022-09-02T04:30:00-00:00,2022-09-02T04:45:00-00:00,2022-09-01,22,APPLEHL_1_N002,APPLEHL_1_N002,APPLEHL_1_N002,RTPD,MCE,LMP_ENE_PRC,APPLEHL_1_N002,ALL,1,180.67824,3,3
2022-09-02T05:30:00-00:00,2022-09-02T05:45:00-00:00,2022-09-01,23,APPLEHL_1_N002,APPLEHL_1_N002,APPLEHL_1_N002,RTPD,MCE,LMP_ENE_PRC,APPLEHL_1_N002,ALL,1,131.69917,3,3
2022-09-02T06:30:00-00:00,2022-09-02T06:45:00-00:00,2022-09-01,24,APPLEHL_1_N002,APPLEHL_1_N002,APPLEHL_1_N002,RTPD,MCE,LMP_ENE_PRC,APPLEHL_1_N002,ALL,1,128.9871,3,3
2022-09-01T07:45:00-00:00,2022-09-01T08:00:00-00:00,2022-09-01,01,APPLEHL_1_N002,APPLEHL_1_N002,APPLEHL_1_N002,RTPD,MCE,LMP_ENE_PRC,APPLEHL_1_N002,ALL,1,109.12099,4,3
2022-09-01T08:45:00-00:00,2022-09-01T09:00:00-00:00,2022-09-01,02,APPLEHL_1_N002,APPLEHL_1_N002,APPLEHL_1_N002,RTPD,MCE,LMP_ENE_PRC,APPLEHL_1_N002,ALL,1,98.7357,4,3
2022-09-01T09:45:00-00:00,2022-09-01T10:00:00-00:00,2022-09-01,03,APPLEHL_1_N002,APPLEHL_1_N002,APPLEHL_1_N002,RTPD,MCE,LMP_ENE_PRC,APPLEHL_1_N002,ALL,1,97.50475,4,3
2022-09-01T10:45:00-00:00,2022-09-01T11:00:00-00:00,2022-09-01,04,APPLEHL_1_N002,APPLEHL_1_N002,APPLEHL_1_N002,RTPD,MCE,LMP_ENE_PRC,APPLEHL_1_N002,ALL,1,94.71966,4,3
2022-09-01T11:45:00-00:00,2022-09-01T12:00:00-00:00,2022-09-01,05,APPLEHL_1_N002,APPLEHL_1_N002,APPLEHL_1_N002,RTPD,MCE,LMP_ENE_PRC,APPLEHL_1_N002,ALL,1,107.01,4,3
2022-09-01T12:45:00-00:00,2022-09-01T13:00:00-00:00,2022-09-01,06,APPLEHL_1_N002,APPLEHL_1_N002,APPLEHL_1_N002,RTPD,MCE,LMP_ENE_PRC,APPLEHL_1_N002,ALL,1,116.4848,4,3
2022-09-01T13:45:00-00:00,2022-09-01T14:00:00-00:00,2022-09-01,07,APPLEHL_1_N002,APPLEHL_1_N002,APPLEHL_1_N002,RTPD,MCE,LMP_ENE_PRC,APPLEHL_1_N002,ALL,1,111.41,4,3
2022-09-01T14:45:00-00:00,2022-09-01T15:00:00-00:00,2022-09-01,08,APPLEHL_1_N002,APPLEHL_1_N002,APPLEHL_1_N002,RTPD,MCE,LMP_ENE_PRC,APPLEHL_1_N002,ALL,1,86.1388,4,3
2022-09-01T15:45:00-00:00,2022-09-01T16:00:00-00:00,2022-09-01,09,APPLEHL_1_N002,APPLEHL_1_N002,APPLEHL_1_N002,RTPD,MCE,LMP_ENE_PRC,APPLEHL_1_N002,ALL,1,78.70076,4,3
2022-09-01T16:45:00-00:00,2022-09-01T17:00:00-00:00,2022-09-01,10,APPLEHL_1_N002,APPLEHL_1_N002,APPLEHL_1_N002,RTPD,MCE,LMP_ENE_PRC,APPLEHL_1_N002,ALL,1,91.24933,4,3
2022-09-01T17:45:00-00:00,2022-09-01T18:00:00-00:00,2022-09-01,11,APPLEHL_1_N002,APPLEHL_1_N002,APPLEHL_1_N002,RTPD,MCE,LMP_ENE_PRC,APPLEHL_1_N002,ALL,1,99.20544,4,3
2022-09-01T18:45:00-00:00,2022-09-01T19:00:00-00:00,2022-09-01,12,APPLEHL_1_N002,APPLEHL_1_N002,APPLEHL_1_N002,RTPD,MCE,LMP_ENE_PRC,APPLEHL_1_N002,ALL,1,109.04064,4,3
2022-09-01T19:45:00-00:00,2022-09-01T20:00:00-00:00,2022-09-01,13,APPLEHL_1_N002,APPLEHL_1_N002,APPLEHL_1_N002,RTPD,MCE,LMP_ENE_PRC,APPLEHL_1_N002,ALL,1,120.22491,4,3
2022-09-01T20:45:00-00:00,2022-09-01T21:00:00-00:00,2022-09-01,14,APPLEHL_1_N002,APPLEHL_1_N002,APPLEHL_1_N002,RTPD,MCE,LMP_ENE_PRC,APPLEHL_1_N002,ALL,1,154.02509,4,3
2022-09-01T21:45:00-00:00,2022-09-01T22:00:00-00:00,2022-09-01,15,APPLEHL_1_N002,APPLEHL_1_N002,APPLEHL_1_N002,RTPD,MCE,LMP_ENE_PRC,APPLEHL_1_N002,ALL,1,300.29376,4,3
2022-09-01T22:45:00-00:00,2022-09-01T23:00:00-00:00,2022-09-01,16,APPLEHL_1_N002,APPLEHL_1_N002,APPLEHL_1_N002,RTPD,MCE,LMP_ENE_PRC,APPLEHL_1_N002,ALL,1,429.9137,4,3
2022-09-01T23:45:00-00:00,2022-09-02T00:00:00-00:00,2022-09-01,17,APPLEHL_1_N002,APPLEHL_1_N002,APPLEHL_1_N002,RTPD,MCE,LMP_ENE_PRC,APPLEHL_1_N002,ALL,1,1261.2124,4,3
2022-09-02T00:45:00-00:00,2022-09-02T01:00:00-00:00,2022-09-01,18,APPLEHL_1_N002,APPLEHL_1_N002,APPLEHL_1_N002,RTPD,MCE,LMP_ENE_PRC,APPLEHL_1_N002,ALL,1,1519.149,4,3
2022-09-02T01:45:00-00:00,2022-09-02T02:00:00-00:00,2022-09-01,19,APPLEHL_1_N002,APPLEHL_1_N002,APPLEHL_1_N002,RTPD,MCE,LMP_ENE_PRC,APPLEHL_1_N002,ALL,1,1991.9337,4,3
2022-09-02T02:45:00-00:00,2022-09-02T03:00:00-00:00,2022-09-01,20,APPLEHL_1_N002,APPLEHL_1_N002,APPLEHL_1_N002,RTPD,MCE,LMP_ENE_PRC,APPLEHL_1_N002,ALL,1,1629.6213,4,3
2022-09-02T03:45:00-00:00,2022-09-02T04:00:00-00:00,2022-09-01,21,APPLEHL_1_N002,APPLEHL_1_N002,APPLEHL_1_N002,RTPD,MCE,LMP_ENE_PRC,APPLEHL_1_N002,ALL,1,141.13702,4,3
2022-09-02T04:45:00-00:00,2022-09-02T05:00:00-00:00,2022-09-01,22,APPLEHL_1_N002,APPLEHL_1_N002,APPLEHL_1_N002,RTPD,MCE,LMP_ENE_PRC,APPLEHL_1_N002,ALL,1,126.76372,4,3
2022-09-02T05:45:00-00:00,2022-09-02T06:00:00-00:00,2022-09-01,23,APPLEHL_1_N002,APPLEHL_1_N002,APPLEHL_1_N002,RTPD,MCE,LMP_ENE_PRC,APPLEHL_1_N002,ALL,1,119.00958,4,3
2022-09-02T06:45:00-00:00,2022-09-02T07:00:00-00:00,2022-09-01,24,APPLEHL_1_N002,APPLEHL_1_N002,APPLEHL_1_N002,RTPD,MCE,LMP_ENE_PRC,APPLEHL_1_N002,ALL,1,109.20324,4,3
2022-09-01T07:00:00-00:00,2022-09-01T07:15:00-00:00,2022-09-01,01,APPLEHL_1_N002,APPLEHL_1_N002,APPLEHL_1_N002,RTPD,MCL,LMP_LOSS_PRC,APPLEHL_1_N002,ALL,1,-7.24431,1,4
2022-09-01T08:00:00-00:00,2022-09-01T08:15:00-00:00,2022-09-01,02,APPLEHL_1_N002,APPLEHL_1_N002,APPLEHL_1_N002,RTPD,MCL,LMP_LOSS_PRC,APPLEHL_1_N002,ALL,1,0,1,4
2022-09-01T09:00:00-00:00,2022-09-01T09:15:00-00:00,2022-09-01,03,APPLEHL_1_N002,APPLEHL_1_N002,APPLEHL_1_N002,RTPD,MCL,LMP_LOSS_PRC,APPLEHL_1_N002,ALL,1,1.70539,1,4
2022-09-01T10:00:00-00:00,2022-09-01T10:15:00-00:00,2022-09-01,04,APPLEHL_1_N002,APPLEHL_1_N002,APPLEHL_1_N002,RTPD,MCL,LMP_LOSS_PRC,APPLEHL_1_N002,ALL,1,1.52895,1,4
2022-09-01T11:00:00-00:00,2022-09-01T11:15:00-00:00,2022-09-01,05,APPLEHL_1_N002,APPLEHL_1_N002,APPLEHL_1_N002,RTPD,MCL,LMP_LOSS_PRC,APPLEHL_1_N002,ALL,1,1.37442,1,4
2022-09-01T12:00:00-00:00,2022-09-01T12:15:00-00:00,2022-09-01,06,APPLEHL_1_N002,APPLEHL_1_N002,APPLEHL_1_N002,RTPD,MCL,LMP_LOSS_PRC,APPLEHL_1_N002,ALL,1,-0.533,1,4
2022-09-01T13:00:00-00:00,2022-09-01T13:15:00-00:00,2022-09-01,07,APPLEHL_1_N002,APPLEHL_1_N002,APPLEHL_1_N002,RTPD,MCL,LMP_LOSS_PRC,APPLEHL_1_N002,ALL,1,0,1,4
2022-09-01T14:00:00-00:00,2022-09-01T14:15:00-00:00,2022-09-01,08,APPLEHL_1_N002,APPLEHL_1_N002,APPLEHL_1_N002,RTPD,MCL,LMP_LOSS_PRC,APPLEHL_1_N002,ALL,1,2.70003,1,4
2022-09-01T15:00:00-00:00,2022-09-01T15:15:00-00:00,2022-09-01,09,APPLEHL_1_N002,APPLEHL_1_N002,APPLEHL_1_N002,RTPD,MCL,LMP_LOSS_PRC,APPLEHL_1_N002,ALL,1,0,1,4
2022-09-01T16:00:00-00:00,2022-09-01T16:15:00-00:00,2022-09-01,10,APPLEHL_1_N002,APPLEHL_1_N002,APPLEHL_1_N002,RTPD,MCL,LMP_LOSS_PRC,APPLEHL_1_N002,ALL,1,0,1,4
2022-09-01T17:00:00-00:00,2022-09-01T17:15:00-00:00,2022-09-01,11,APPLEHL_1_N002,APPLEHL_1_N002,APPLEHL_1_N002,RTPD,MCL,LMP_LOSS_PRC,APPLEHL_1_N002,ALL,1,0,1,4
2022-09-01T18:00:00-00:00,2022-09-01T18:15:00-00:00,2022-09-01,12,APPLEHL_1_N002,APPLEHL_1_N002,APPLEHL_1_N002,RTPD,MCL,LMP_LOSS_PRC,APPLEHL_1_N002,ALL,1,0,1,4
2022-09-01T19:00:00-00:00,2022-09-01T19:15:00-00:00,2022-09-01,13,APPLEHL_1_N002,APPLEHL_1_N002,APPLEHL_1_N002,RTPD,MCL,LMP_LOSS_PRC,APPLEHL_1_N002,ALL,1,0,1,4
2022-09-01T20:00:00-00:00,2022-09-01T20:15:00-00:00,2022-09-01,14,APPLEHL_1_N002,APPLEHL_1_N002,APPLEHL_1_N002,RTPD,MCL,LMP_LOSS_PRC,APPLEHL_1_N002,ALL,1,0,1,4
2022-09-01T21:00:00-00:00,2022-09-01T21:15:00-00:00,2022-09-01,15,APPLEHL_1_N002,APPLEHL_1_N002,APPLEHL_1_N002,RTPD,MCL,LMP_LOSS_PRC,APPLEHL_1_N002,ALL,1,0,1,4
2022-09-01T22:00:00-00:00,2022-09-01T22:15:00-00:00,2022-09-01,16,APPLEHL_1_N002,APPLEHL_1_N002,APPLEHL_1_N002,RTPD,MCL,LMP_LOSS_PRC,APPLEHL_1_N002,ALL,1,0,1,4
2022-09-01T23:00:00-00:00,2022-09-01T23:15:00-00:00,2022-09-01,17,APPLEHL_1_N002,APPLEHL_1_N002,APPLEHL_1_N002,RTPD,MCL,LMP_LOSS_PRC,APPLEHL_1_N002,ALL,1,0,1,4
2022-09-02T00:00:00-00:00,2022-09-02T00:15:00-00:00,2022-09-01,18,APPLEHL_1_N002,APPLEHL_1_N002,APPLEHL_1_N002,RTPD,MCL,LMP_LOSS_PRC,APPLEHL_1_N002,ALL,1,19.95806,1,4
2022-09-02T01:00:00-00:00,2022-09-02T01:15:00-00:00,2022-09-01,19,APPLEHL_1_N002,APPLEHL_1_N002,APPLEHL_1_N002,RTPD,MCL,LMP_LOSS_PRC,APPLEHL_1_N002,ALL,1,0,1,4
2022-09-02T02:00:00-00:00,2022-09-02T02:15:00-00:00,2022-09-01,20,APPLEHL_1_N002,APPLEHL_1_N002,APPLEHL_1_N002,RTPD,MCL,LMP_LOSS_PRC,APPLEHL_1_N002,ALL,1,0,1,4
2022-09-02T03:00:00-00:00,2022-09-02T03:15:00-00:00,2022-09-01,21,APPLEHL_1_N002,APPLEHL_1_N002,APPLEHL_1_N002,RTPD,MCL,LMP_LOSS_PRC,APPLEHL_1_N002,ALL,1,41.38154,1,4
2022-09-02T04:00:00-00:00,2022-09-02T04:15:00-00:00,2022-09-01,22,APPLEHL_1_N002,APPLEHL_1_N002,APPLEHL_1_N002,RTPD,MCL,LMP_LOSS_PRC,APPLEHL_1_N002,ALL,1,4.92455,1,4
2022-09-02T05:00:00-00:00,2022-09-02T05:15:00-00:00,2022-09-01,23,APPLEHL_1_N002,APPLEHL_1_N002,APPLEHL_1_N002,RTPD,MCL,LMP_LOSS_PRC,APPLEHL_1_N002,ALL,1,2.73037,1,4
2022-09-02T06:00:00-00:00,2022-09-02T06:15:00-00:00,2022-09-01,24,APPLEHL_1_N002,APPLEHL_1_N002,APPLEHL_1_N002,RTPD,MCL,LMP_LOSS_PRC,APPLEHL_1_N002,ALL,1,1.54101,1,4
2022-09-01T07:15:00-00:00,2022-09-01T07:30:00-00:00,2022-09-01,01,APPLEHL_1_N002,APPLEHL_1_N002,APPLEHL_1_N002,RTPD,MCL,LMP_LOSS_PRC,APPLEHL_1_N002,ALL,1,0,2,4
2022-09-01T08:15:00-00:00,2022-09-01T08:30:00-00:00,2022-09-01,02,APPLEHL_1_N002,APPLEHL_1_N002,APPLEHL_1_N002,RTPD,MCL,LMP_LOSS_PRC,APPLEHL_1_N002,ALL,1,0,2,4
2022-09-01T09:15:00-00:00,2022-09-01T09:30:00-00:00,2022-09-01,03,APPLEHL_1_N002,APPLEHL_1_N002,APPLEHL_1_N002,RTPD,MCL,LMP_LOSS_PRC,APPLEHL_1_N002,ALL,1,1.8678,2,4
2022-09-01T10:15:00-00:00,2022-09-01T10:30:00-00:00,2022-09-01,04,APPLEHL_1_N002,APPLEHL_1_N002,APPLEHL_1_N002,RTPD,MCL,LMP_LOSS_PRC,APPLEHL_1_N002,ALL,1,1.29989,2,4
2022-09-01T11:15:00-00:00,2022-09-01T11:30:00-00:00,2022-09-01,05,APPLEHL_1_N002,APPLEHL_1_N002,APPLEHL_1_N002,RTPD,MCL,LMP_LOSS_PRC,APPLEHL_1_N002,ALL,1,1.31956,2,4
2022-09-01T12:15:00-00:00,2022-09-01T12:30:00-00:00,2022-09-01,06,APPLEHL_1_N002,APPLEHL_1_N002,APPLEHL_1_N002,RTPD,MCL,LMP_LOSS_PRC,APPLEHL_1_N002,ALL,1,-0.3389,2,4
2022-09-01T13:15:00-00:00,2022-09-01T13:30:00-00:00,2022-09-01,07,APPLEHL_1_N002,APPLEHL_1_N002,APPLEHL_1_N002,RTPD,MCL,LMP_LOSS_PRC,APPLEHL_1_N002,ALL,1,-0.19976,2,4
2022-09-01T14:15:00-00:00,2022-09-01T14:30:00-00:00,2022-09-01,08,APPLEHL_1_N002,APPLEHL_1_N002,APPLEHL_1_N002,RTPD,MCL,LMP_LOSS_PRC,APPLEHL_1_N002,ALL,1,2.68256,2,4
2022-09-01T15:15:00-00:00,2022-09-01T15:30:00-00:00,2022-09-01,09,APPLEHL_1_N002,APPLEHL_1_N002,APPLEHL_1_N002,RTPD,MCL,LMP_LOSS_PRC,APPLEHL_1_N002,ALL,1,0,2,4
2022-09-01T16:15:00-00:00,2022-09-01T16:30:00-00:00,2022-09-01,10,APPLEHL_1_N002,APPLEHL_1_N002,APPLEHL_1_N002,RTPD,MCL,LMP_LOSS_PRC,APPLEHL_1_N002,ALL,1,0,2,4
2022-09-01T17:15:00-00:00,2022-09-01T17:30:00-00:00,2022-09-01,11,APPLEHL_1_N002,APPLEHL_1_N002,APPLEHL_1_N002,RTPD,MCL,LMP_LOSS_PRC,APPLEHL_1_N002,ALL,1,0,2,4
2022-09-01T18:15:00-00:00,2022-09-01T18:30:00-00:00,2022-09-01,12,APPLEHL_1_N002,APPLEHL_1_N002,APPLEHL_1_N002,RTPD,MCL,LMP_LOSS_PRC,APPLEHL_1_N002,ALL,1,0,2,4
2022-09-01T19:15:00-00:00,2022-09-01T19:30:00-00:00,2022-09-01,13,APPLEHL_1_N002,APPLEHL_1_N002,APPLEHL_1_N002,RTPD,MCL,LMP_LOSS_PRC,APPLEHL_1_N002,ALL,1,0,2,4
2022-09-01T20:15:00-00:00,2022-09-01T20:30:00-00:00,2022-09-01,14,APPLEHL_1_N002,APPLEHL_1_N002,APPLEHL_1_N002,RTPD,MCL,LMP_LOSS_PRC,APPLEHL_1_N002,ALL,1,0,2,4
2022-09-01T21:15:00-00:00,2022-09-01T21:30:00-00:00,2022-09-01,15,APPLEHL_1_N002,APPLEHL_1_N002,APPLEHL_1_N002,RTPD,MCL,LMP_LOSS_PRC,APPLEHL_1_N002,ALL,1,0,2,4
2022-09-01T22:15:00-00:00,2022-09-01T22:30:00-00:00,2022-09-01,16,APPLEHL_1_N002,APPLEHL_1_N002,APPLEHL_1_N002,RTPD,MCL,LMP_LOSS_PRC,APPLEHL_1_N002,ALL,1,0,2,4
2022-09-01T23:15:00-00:00,2022-09-01T23:30:00-00:00,2022-09-01,17,APPLEHL_1_N002,APPLEHL_1_N002,APPLEHL_1_N002,RTPD,MCL,LMP_LOSS_PRC,APPLEHL_1_N002,ALL,1,0,2,4
2022-09-02T00:15:00-00:00,2022-09-02T00:30:00-00:00,2022-09-01,18,APPLEHL_1_N002,APPLEHL_1_N002,APPLEHL_1_N002,RTPD,MCL,LMP_LOSS_PRC,APPLEHL_1_N002,ALL,1,18.45553,2,4
2022-09-02T01:15:00-00:00,2022-09-02T01:30:00-00:00,2022-09-01,19,APPLEHL_1_N002,APPLEHL_1_N002,APPLEHL_1_N002,RTPD,MCL,LMP_LOSS_PRC,APPLEHL_1_N002,ALL,1,0,2,4
2022-09-02T02:15:00-00:00,2022-09-02T02:30:00-00:00,2022-09-01,20,APPLEHL_1_N002,APPLEHL_1_N002,APPLEHL_1_N002,RTPD,MCL,LMP_LOSS_PRC,APPLEHL_1_N002,ALL,1,0,2,4
2022-09-02T03:15:00-00:00,2022-09-02T03:30:00-00:00,2022-09-01,21,APPLEHL_1_N002,APPLEHL_1_N002,APPLEHL_1_N002,RTPD,MCL,LMP_LOSS_PRC,APPLEHL_1_N002,ALL,1,17.74343,2,4
2022-09-02T04:15:00-00:00,2022-09-02T04:30:00-00:00,2022-09-01,22,APPLEHL_1_N002,APPLEHL_1_N002,APPLEHL_1_N002,RTPD,MCL,LMP_LOSS_PRC,APPLEHL_1_N002,ALL,1,3.48363,2,4
2022-09-02T05:15:00-00:00,2022-09-02T05:30:00-00:00,2022-09-01,23,APPLEHL_1_N002,APPLEHL_1_N002,APPLEHL_1_N002,RTPD,MCL,LMP_LOSS_PRC,APPLEHL_1_N002,ALL,1,1.63405,2,4
2022-09-02T06:15:00-00:00,2022-09-02T06:30:00-00:00,2022-09-01,24,APPLEHL_1_N002,APPLEHL_1_N002,APPLEHL_1_N002,RTPD,MCL,LMP_LOSS_PRC,APPLEHL_1_N002,ALL,1,-0.02862,2,4
2022-09-01T07:30:00-00:00,2022-09-01T07:45:00-00:00,2022-09-01,01,APPLEHL_1_N002,APPLEHL_1_N002,APPLEHL_1_N002,RTPD,MCL,LMP_LOSS_PRC,APPLEHL_1_N002,ALL,1,0,3,4
2022-09-01T08:30:00-00:00,2022-09-01T08:45:00-00:00,2022-09-01,02,APPLEHL_1_N002,APPLEHL_1_N002,APPLEHL_1_N002,RTPD,MCL,LMP_LOSS_PRC,APPLEHL_1_N002,ALL,1,1.84447,3,4
2022-09-01T09:30:00-00:00,2022-09-01T09:45:00-00:00,2022-09-01,03,APPLEHL_1_N002,APPLEHL_1_N002,APPLEHL_1_N002,RTPD,MCL,LMP_LOSS_PRC,APPLEHL_1_N002,ALL,1,1.68839,3,4
2022-09-01T10:30:00-00:00,2022-09-01T10:45:00-00:00,2022-09-01,04,APPLEHL_1_N002,APPLEHL_1_N002,APPLEHL_1_N002,RTPD,MCL,LMP_LOSS_PRC,APPLEHL_1_N002,ALL,1,1.52252,3,4
2022-09-01T11:30:00-00:00,2022-09-01T11:45:00-00:00,2022-09-01,05,APPLEHL_1_N002,APPLEHL_1_N002,APPLEHL_1_N002,RTPD,MCL,LMP_LOSS_PRC,APPLEHL_1_N002,ALL,1,0.85541,3,4
2022-09-01T12:30:00-00:00,2022-09-01T12:45:00-00:00,2022-09-01,06,APPLEHL_1_N002,APPLEHL_1_N002,APPLEHL_1_N002,RTPD,MCL,LMP_LOSS_PRC,APPLEHL_1_N002,ALL,1,-0.23851,3,4
2022-09-01T13:30:00-00:00,2022-09-01T13:45:00-00:00,2022-09-01,07,APPLEHL_1_N002,APPLEHL_1_N002,APPLEHL_1_N002,RTPD,MCL,LMP_LOSS_PRC,APPLEHL_1_N002,ALL,1,0.06691,3,4
2022-09-01T14:30:00-00:00,2022-09-01T14:45:00-00:00,2022-09-01,08,APPLEHL_1_N002,APPLEHL_1_N002,APPLEHL_1_N002,RTPD,MCL,LMP_LOSS_PRC,APPLEHL_1_N002,ALL,1,2.83099,3,4
2022-09-01T15:30:00-00:00,2022-09-01T15:45:00-00:00,2022-09-01,09,APPLEHL_1_N002,APPLEHL_1_N002,APPLEHL_1_N002,RTPD,MCL,LMP_LOSS_PRC,APPLEHL_1_N002,ALL,1,0,3,4
2022-09-01T16:30:00-00:00,2022-09-01T16:45:00-00:00,2022-09-01,10,APPLEHL_1_N002,APPLEHL_1_N002,APPLEHL_1_N002,RTPD,MCL,LMP_LOSS_PRC,APPLEHL_1_N002,ALL,1,0,3,4
2022-09-01T17:30:00-00:00,2022-09-01T17:45:00-00:00,2022-09-01,11,APPLEHL_1_N002,APPLEHL_1_N002,APPLEHL_1_N002,RTPD,MCL,LMP_LOSS_PRC,APPLEHL_1_N002,ALL,1,0,3,4
2022-09-01T18:30:00-00:00,2022-09-01T18:45:00-00:00,2022-09-01,12,APPLEHL_1_N002,APPLEHL_1_N002,APPLEHL_1_N002,RTPD,MCL,LMP_LOSS_PRC,APPLEHL_1_N002,ALL,1,0,3,4
2022-09-01T19:30:00-00:00,2022-09-01T19:45:00-00:00,2022-09-01,13,APPLEHL_1_N002,APPLEHL_1_N002,APPLEHL_1_N002,RTPD,MCL,LMP_LOSS_PRC,APPLEHL_1_N002,ALL,1,0,3,4
2022-09-01T20:30:00-00:00,2022-09-01T20:45:00-00:00,2022-09-01,14,APPLEHL_1_N002,APPLEHL_1_N002,APPLEHL_1_N002,RTPD,MCL,LMP_LOSS_PRC,APPLEHL_1_N002,ALL,1,0,3,4
2022-09-01T21:30:00-00:00,2022-09-01T21:45:00-00:00,2022-09-01,15,APPLEHL_1_N002,APPLEHL_1_N002,APPLEHL_1_N002,RTPD,MCL,LMP_LOSS_PRC,APPLEHL_1_N002,ALL,1,0,3,4
2022-09-01T22:30:00-00:00,2022-09-01T22:45:00-00:00,2022-09-01,16,APPLEHL_1_N002,APPLEHL_1_N002,APPLEHL_1_N002,RTPD,MCL,LMP_LOSS_PRC,APPLEHL_1_N002,ALL,1,0,3,4
2022-09-01T23:30:00-00:00,2022-09-01T23:45:00-00:00,2022-09-01,17,APPLEHL_1_N002,APPLEHL_1_N002,APPLEHL_1_N002,RTPD,MCL,LMP_LOSS_PRC,APPLEHL_1_N002,ALL,1,0,3,4
2022-09-02T00:30:00-00:00,2022-09-02T00:45:00-00:00,2022-09-01,18,APPLEHL_1_N002,APPLEHL_1_N002,APPLEHL_1_N002,RTPD,MCL,LMP_LOSS_PRC,APPLEHL_1_N002,ALL,1,0,3,4
2022-09-02T01:30:00-00:00,2022-09-02T01:45:00-00:00,2022-09-01,19,APPLEHL_1_N002,APPLEHL_1_N002,APPLEHL_1_N002,RTPD,MCL,LMP_LOSS_PRC,APPLEHL_1_N002,ALL,1,0,3,4
2022-09-02T02:30:00-00:00,2022-09-02T02:45:00-00:00,2022-09-01,20,APPLEHL_1_N002,APPLEHL_1_N002,APPLEHL_1_N002,RTPD,MCL,LMP_LOSS_PRC,APPLEHL_1_N002,ALL,1,0,3,4
2022-09-02T03:30:00-00:00,2022-09-02T03:45:00-00:00,2022-09-01,21,APPLEHL_1_N002,APPLEHL_1_N002,APPLEHL_1_N002,RTPD,MCL,LMP_LOSS_PRC,APPLEHL_1_N002,ALL,1,7.37142,3,4
2022-09-02T04:30:00-00:00,2022-09-02T04:45:00-00:00,2022-09-01,22,APPLEHL_1_N002,APPLEHL_1_N002,APPLEHL_1_N002,RTPD,MCL,LMP_LOSS_PRC,APPLEHL_1_N002,ALL,1,0.74078,3,4
2022-09-02T05:30:00-00:00,2022-09-02T05:45:00-00:00,2022-09-01,23,APPLEHL_1_N002,APPLEHL_1_N002,APPLEHL_1_N002,RTPD,MCL,LMP_LOSS_PRC,APPLEHL_1_N002,ALL,1,0.97457,3,4
2022-09-02T06:30:00-00:00,2022-09-02T06:45:00-00:00,2022-09-01,24,APPLEHL_1_N002,APPLEHL_1_N002,APPLEHL_1_N002,RTPD,MCL,LMP_LOSS_PRC,APPLEHL_1_N002,ALL,1,0.56754,3,4
2022-09-01T07:45:00-00:00,2022-09-01T08:00:00-00:00,2022-09-01,01,APPLEHL_1_N002,APPLEHL_1_N002,APPLEHL_1_N002,RTPD,MCL,LMP_LOSS_PRC,APPLEHL_1_N002,ALL,1,0,4,4
2022-09-01T08:45:00-00:00,2022-09-01T09:00:00-00:00,2022-09-01,02,APPLEHL_1_N002,APPLEHL_1_N002,APPLEHL_1_N002,RTPD,MCL,LMP_LOSS_PRC,APPLEHL_1_N002,ALL,1,1.59952,4,4
2022-09-01T09:45:00-00:00,2022-09-01T10:00:00-00:00,2022-09-01,03,APPLEHL_1_N002,APPLEHL_1_N002,APPLEHL_1_N002,RTPD,MCL,LMP_LOSS_PRC,APPLEHL_1_N002,ALL,1,1.72583,4,4
2022-09-01T10:45:00-00:00,2022-09-01T11:00:00-00:00,2022-09-01,04,APPLEHL_1_N002,APPLEHL_1_N002,APPLEHL_1_N002,RTPD,MCL,LMP_LOSS_PRC,APPLEHL_1_N002,ALL,1,1.46815,4,4
2022-09-01T11:45:00-00:00,2022-09-01T12:00:00-00:00,2022-09-01,05,APPLEHL_1_N002,APPLEHL_1_N002,APPLEHL_1_N002,RTPD,MCL,LMP_LOSS_PRC,APPLEHL_1_N002,ALL,1,0,4,4
2022-09-01T12:45:00-00:00,2022-09-01T13:00:00-00:00,2022-09-01,06,APPLEHL_1_N002,APPLEHL_1_N002,APPLEHL_1_N002,RTPD,MCL,LMP_LOSS_PRC,APPLEHL_1_N002,ALL,1,0,4,4
2022-09-01T13:45:00-00:00,2022-09-01T14:00:00-00:00,2022-09-01,07,APPLEHL_1_N002,APPLEHL_1_N002,APPLEHL_1_N002,RTPD,MCL,LMP_LOSS_PRC,APPLEHL_1_N002,ALL,1,0,4,4
2022-09-01T14:45:00-00:00,2022-09-01T15:00:00-00:00,2022-09-01,08,APPLEHL_1_N002,APPLEHL_1_N002,APPLEHL_1_N002,RTPD,MCL,LMP_LOSS_PRC,APPLEHL_1_N002,ALL,1,0,4,4
2022-09-01T15:45:00-00:00,2022-09-01T16:00:00-00:00,2022-09-01,09,APPLEHL_1_N002,APPLEHL_1_N002,APPLEHL_1_N002,RTPD,MCL,LMP_LOSS_PRC,APPLEHL_1_N002,ALL,1,0,4,4
2022-09-01T16:45:00-00:00,2022-09-01T17:00:00-00:00,2022-09-01,10,APPLEHL_1_N002,APPLEHL_1_N002,APPLEHL_1_N002,RTPD,MCL,LMP_LOSS_PRC,APPLEHL_1_N002,ALL,1,0,4,4
2022-09-01T17:45:00-00:00,2022-09-01T18:00:00-00:00,2022-09-01,11,APPLEHL_1_N002,APPLEHL_1_N002,APPLEHL_1_N002,RTPD,MCL,LMP_LOSS_PRC,APPLEHL_1_N002,ALL,1,0,4,4
2022-09-01T18:45:00-00:00,2022-09-01T19:00:00-00:00,2022-09-01,12,APPLEHL_1_N002,APPLEHL_1_N002,APPLEHL_1_N002,RTPD,MCL,LMP_LOSS_PRC,APPLEHL_1_N002,ALL,1,0,4,4
2022-09-01T19:45:00-00:00,2022-09-01T20:00:00-00:00,2022-09-01,13,APPLEHL_1_N002,APPLEHL_1_N002,APPLEHL_1_N002,RTPD,MCL,LMP_LOSS_PRC,APPLEHL_1_N002,ALL,1,0,4,4
2022-09-01T20:45:00-00:00,2022-09-01T21:00:00-00:00,2022-09-01,14,APPLEHL_1_N002,APPLEHL_1_N002,APPLEHL_1_N002,RTPD,MCL,LMP_LOSS_PRC,APPLEHL_1_N002,ALL,1,0,4,4
2022-09-01T21:45:00-00:00,2022-09-01T22:00:00-00:00,2022-09-01,15,APPLEHL_1_N002,APPLEHL_1_N002,APPLEHL_1_N002,RTPD,MCL,LMP_LOSS_PRC,APPLEHL_1_N002,ALL,1,0,4,4
2022-09-01T22:45:00-00:00,2022-09-01T23:00:00-00:00,2022-09-01,16,APPLEHL_1_N002,APPLEHL_1_N002,APPLEHL_1_N002,RTPD,MCL,LMP_LOSS_PRC,APPLEHL_1_N002,ALL,1,0,4,4
2022-09-01T23:45:00-00:00,2022-09-02T00:00:00-00:00,2022-09-01,17,APPLEHL_1_N002,APPLEHL_1_N002,APPLEHL_1_N002,RTPD,MCL,LMP_LOSS_PRC,APPLEHL_1_N002,ALL,1,0,4,4
2022-09-02T00:45:00-00:00,2022-09-02T01:00:00-00:00,2022-09-01,18,APPLEHL_1_N002,APPLEHL_1_N002,APPLEHL_1_N002,RTPD,MCL,LMP_LOSS_PRC,APPLEHL_1_N002,ALL,1,0,4,4
2022-09-02T01:45:00-00:00,2022-09-02T02:00:00-00:00,2022-09-01,19,APPLEHL_1_N002,APPLEHL_1_N002,APPLEHL_1_N002,RTPD,MCL,LMP_LOSS_PRC,APPLEHL_1_N002,ALL,1,0,4,4
2022-09-02T02:45:00-00:00,2022-09-02T03:00:00-00:00,2022-09-01,20,APPLEHL_1_N002,APPLEHL_1_N002,APPLEHL_1_N002,RTPD,MCL,LMP_LOSS_PRC,APPLEHL_1_N002,ALL,1,59.8071,4,4
2022-09-02T03:45:00-00:00,2022-09-02T04:00:00-00:00,2022-09-01,21,APPLEHL_1_N002,APPLEHL_1_N002,APPLEHL_1_N002,RTPD,MCL,LMP_LOSS_PRC,APPLEHL_1_N002,ALL,1,4.16354,4,4
2022-09-02T04:45:00-00:00,2022-09-02T05:00:00-00:00,2022-09-01,22,APPLEHL_1_N002,APPLEHL_1_N002,APPLEHL_1_N002,RTPD,MCL,LMP_LOSS_PRC,APPLEHL_1_N002,ALL,1,1.45778,4,4
2022-09-02T05:45:00-00:00,2022-09-02T06:00:00-00:00,2022-09-01,23,APPLEHL_1_N002,APPLEHL_1_N002,APPLEHL_1_N002,RTPD,MCL,LMP_LOSS_PRC,APPLEHL_1_N002,ALL,1,0.98778,4,4
2022-09-02T06:45:00-00:00,2022-09-02T07:00:00-00:00,2022-09-01,24,APPLEHL_1_N002,APPLEHL_1_N002,APPLEHL_1_N002,RTPD,MCL,LMP_LOSS_PRC,APPLEHL_1_N002,ALL,1,1.27768,4,4
2022-09-01T07:00:00-00:00,2022-09-01T07:15:00-00:00,2022-09-01,01,APPLEHL_1_N002,APPLEHL_1_N002,APPLEHL_1_N002,RTPD,MGHG,LMP_GHG_PRC,APPLEHL_1_N002,ALL,1,0,1,5
2022-09-01T08:00:00-00:00,2022-09-01T08:15:00-00:00,2022-09-01,02,APPLEHL_1_N002,APPLEHL_1_N002,APPLEHL_1_N002,RTPD,MGHG,LMP_GHG_PRC,APPLEHL_1_N002,ALL,1,0,1,5
2022-09-01T09:00:00-00:00,2022-09-01T09:15:00-00:00,2022-09-01,03,APPLEHL_1_N002,APPLEHL_1_N002,APPLEHL_1_N002,RTPD,MGHG,LMP_GHG_PRC,APPLEHL_1_N002,ALL,1,0,1,5
2022-09-01T10:00:00-00:00,2022-09-01T10:15:00-00:00,2022-09-01,04,APPLEHL_1_N002,APPLEHL_1_N002,APPLEHL_1_N002,RTPD,MGHG,LMP_GHG_PRC,APPLEHL_1_N002,ALL,1,0,1,5
2022-09-01T11:00:00-00:00,2022-09-01T11:15:00-00:00,2022-09-01,05,APPLEHL_1_N002,APPLEHL_1_N002,APPLEHL_1_N002,RTPD,MGHG,LMP_GHG_PRC,APPLEHL_1_N002,ALL,1,0,1,5
2022-09-01T12:00:00-00:00,2022-09-01T12:15:00-00:00,2022-09-01,06,APPLEHL_1_N002,APPLEHL_1_N002,APPLEHL_1_N002,RTPD,MGHG,LMP_GHG_PRC,APPLEHL_1_N002,ALL,1,0,1,5
2022-09-01T13:00:00-00:00,2022-09-01T13:15:00-00:00,2022-09-01,07,APPLEHL_1_N002,APPLEHL_1_N002,APPLEHL_1_N002,RTPD,MGHG,LMP_GHG_PRC,APPLEHL_1_N002,ALL,1,0,1,5
2022-09-01T14:00:00-00:00,2022-09-01T14:15:00-00:00,2022-09-01,08,APPLEHL_1_N002,APPLEHL_1_N002,APPLEHL_1_N002,RTPD,MGHG,LMP_GHG_PRC,APPLEHL_1_N002,ALL,1,0,1,5
2022-09-01T15:00:00-00:00,2022-09-01T15:15:00-00:00,2022-09-01,09,APPLEHL_1_N002,APPLEHL_1_N002,APPLEHL_1_N002,RTPD,MGHG,LMP_GHG_PRC,APPLEHL_1_N002,ALL,1,0,1,5
2022-09-01T16:00:00-00:00,2022-09-01T16:15:00-00:00,2022-09-01,10,APPLEHL_1_N002,APPLEHL_1_N002,APPLEHL_1_N002,RTPD,MGHG,LMP_GHG_PRC,APPLEHL_1_N002,ALL,1,0,1,5
2022-09-01T17:00:00-00:00,2022-09-01T17:15:00-00:00,2022-09-01,11,APPLEHL_1_N002,APPLEHL_1_N002,APPLEHL_1_N002,RTPD,MGHG,LMP_GHG_PRC,APPLEHL_1_N002,ALL,1,0,1,5
2022-09-01T18:00:00-00:00,2022-09-01T18:15:00-00:00,2022-09-01,12,APPLEHL_1_N002,APPLEHL_1_N002,APPLEHL_1_N002,RTPD,MGHG,LMP_GHG_PRC,APPLEHL_1_N002,ALL,1,0,1,5
2022-09-01T19:00:00-00:00,2022-09-01T19:15:00-00:00,2022-09-01,13,APPLEHL_1_N002,APPLEHL_1_N002,APPLEHL_1_N002,RTPD,MGHG,LMP_GHG_PRC,APPLEHL_1_N002,ALL,1,0,1,5
2022-09-01T20:00:00-00:00,2022-09-01T20:15:00-00:00,2022-09-01,14,APPLEHL_1_N002,APPLEHL_1_N002,APPLEHL_1_N002,RTPD,MGHG,LMP_GHG_PRC,APPLEHL_1_N002,ALL,1,0,1,5
2022-09-01T21:00:00-00:00,2022-09-01T21:15:00-00:00,2022-09-01,15,APPLEHL_1_N002,APPLEHL_1_N002,APPLEHL_1_N002,RTPD,MGHG,LMP_GHG_PRC,APPLEHL_1_N002,ALL,1,0,1,5
2022-09-01T22:00:00-00:00,2022-09-01T22:15:00-00:00,2022-09-01,16,APPLEHL_1_N002,APPLEHL_1_N002,APPLEHL_1_N002,RTPD,MGHG,LMP_GHG_PRC,APPLEHL_1_N002,ALL,1,0,1,5
2022-09-01T23:00:00-00:00,2022-09-01T23:15:00-00:00,2022-09-01,17,APPLEHL_1_N002,APPLEHL_1_N002,APPLEHL_1_N002,RTPD,MGHG,LMP_GHG_PRC,APPLEHL_1_N002,ALL,1,0,1,5
2022-09-02T00:00:00-00:00,2022-09-02T00:15:00-00:00,2022-09-01,18,APPLEHL_1_N002,APPLEHL_1_N002,APPLEHL_1_N002,RTPD,MGHG,LMP_GHG_PRC,APPLEHL_1_N002,ALL,1,0,1,5
2022-09-02T01:00:00-00:00,2022-09-02T01:15:00-00:00,2022-09-01,19,APPLEHL_1_N002,APPLEHL_1_N002,APPLEHL_1_N002,RTPD,MGHG,LMP_GHG_PRC,APPLEHL_1_N002,ALL,1,0,1,5
2022-09-02T02:00:00-00:00,2022-09-02T02:15:00-00:00,2022-09-01,20,APPLEHL_1_N002,APPLEHL_1_N002,APPLEHL_1_N002,RTPD,MGHG,LMP_GHG_PRC,APPLEHL_1_N002,ALL,1,0,1,5
2022-09-02T03:00:00-00:00,2022-09-02T03:15:00-00:00,2022-09-01,21,APPLEHL_1_N002,APPLEHL_1_N002,APPLEHL_1_N002,RTPD,MGHG,LMP_GHG_PRC,APPLEHL_1_N002,ALL,1,0,1,5
2022-09-02T04:00:00-00:00,2022-09-02T04:15:00-00:00,2022-09-01,22,APPLEHL_1_N002,APPLEHL_1_N002,APPLEHL_1_N002,RTPD,MGHG,LMP_GHG_PRC,APPLEHL_1_N002,ALL,1,0,1,5
2022-09-02T05:00:00-00:00,2022-09-02T05:15:00-00:00,2022-09-01,23,APPLEHL_1_N002,APPLEHL_1_N002,APPLEHL_1_N002,RTPD,MGHG,LMP_GHG_PRC,APPLEHL_1_N002,ALL,1,0,1,5
2022-09-02T06:00:00-00:00,2022-09-02T06:15:00-00:00,2022-09-01,24,APPLEHL_1_N002,APPLEHL_1_N002,APPLEHL_1_N002,RTPD,MGHG,LMP_GHG_PRC,APPLEHL_1_N002,ALL,1,0,1,5
2022-09-01T07:15:00-00:00,2022-09-01T07:30:00-00:00,2022-09-01,01,APPLEHL_1_N002,APPLEHL_1_N002,APPLEHL_1_N002,RTPD,MGHG,LMP_GHG_PRC,APPLEHL_1_N002,ALL,1,0,2,5
2022-09-01T08:15:00-00:00,2022-09-01T08:30:00-00:00,2022-09-01,02,APPLEHL_1_N002,APPLEHL_1_N002,APPLEHL_1_N002,RTPD,MGHG,LMP_GHG_PRC,APPLEHL_1_N002,ALL,1,0,2,5
2022-09-01T09:15:00-00:00,2022-09-01T09:30:00-00:00,2022-09-01,03,APPLEHL_1_N002,APPLEHL_1_N002,APPLEHL_1_N002,RTPD,MGHG,LMP_GHG_PRC,APPLEHL_1_N002,ALL,1,0,2,5
2022-09-01T10:15:00-00:00,2022-09-01T10:30:00-00:00,2022-09-01,04,APPLEHL_1_N002,APPLEHL_1_N002,APPLEHL_1_N002,RTPD,MGHG,LMP_GHG_PRC,APPLEHL_1_N002,ALL,1,0,2,5
2022-09-01T11:15:00-00:00,2022-09-01T11:30:00-00:00,2022-09-01,05,APPLEHL_1_N002,APPLEHL_1_N002,APPLEHL_1_N002,RTPD,MGHG,LMP_GHG_PRC,APPLEHL_1_N002,ALL,1,0,2,5
2022-09-01T12:15:00-00:00,2022-09-01T12:30:00-00:00,2022-09-01,06,APPLEHL_1_N002,APPLEHL_1_N002,APPLEHL_1_N002,RTPD,MGHG,LMP_GHG_PRC,APPLEHL_1_N002,ALL,1,0,2,5
2022-09-01T13:15:00-00:00,2022-09-01T13:30:00-00:00,2022-09-01,07,APPLEHL_1_N002,APPLEHL_1_N002,APPLEHL_1_N002,RTPD,MGHG,LMP_GHG_PRC,APPLEHL_1_N002,ALL,1,0,2,5
2022-09-01T14:15:00-00:00,2022-09-01T14:30:00-00:00,2022-09-01,08,APPLEHL_1_N002,APPLEHL_1_N002,APPLEHL_1_N002,RTPD,MGHG,LMP_GHG_PRC,APPLEHL_1_N002,ALL,1,0,2,5
2022-09-01T15:15:00-00:00,2022-09-01T15:30:00-00:00,2022-09-01,09,APPLEHL_1_N002,APPLEHL_1_N002,APPLEHL_1_N002,RTPD,MGHG,LMP_GHG_PRC,APPLEHL_1_N002,ALL,1,0,2,5
2022-09-01T16:15:00-00:00,2022-09-01T16:30:00-00:00,2022-09-01,10,APPLEHL_1_N002,APPLEHL_1_N002,APPLEHL_1_N002,RTPD,MGHG,LMP_GHG_PRC,APPLEHL_1_N002,ALL,1,0,2,5
2022-09-01T17:15:00-00:00,2022-09-01T17:30:00-00:00,2022-09-01,11,APPLEHL_1_N002,APPLEHL_1_N002,APPLEHL_1_N002,RTPD,MGHG,LMP_GHG_PRC,APPLEHL_1_N002,ALL,1,0,2,5
2022-09-01T18:15:00-00:00,2022-09-01T18:30:00-00:00,2022-09-01,12,APPLEHL_1_N002,APPLEHL_1_N002,APPLEHL_1_N002,RTPD,MGHG,LMP_GHG_PRC,APPLEHL_1_N002,ALL,1,0,2,5
2022-09-01T19:15:00-00:00,2022-09-01T19:30:00-00:00,2022-09-01,13,APPLEHL_1_N002,APPLEHL_1_N002,APPLEHL_1_N002,RTPD,MGHG,LMP_GHG_PRC,APPLEHL_1_N002,ALL,1,0,2,5
2022-09-01T20:15:00-00:00,2022-09-01T20:30:00-00:00,2022-09-01,14,APPLEHL_1_N002,APPLEHL_1_N002,APPLEHL_1_N002,RTPD,MGHG,LMP_GHG_PRC,APPLEHL_1_N002,ALL,1,0,2,5
2022-09-01T21:15:00-00:00,2022-09-01T21:30:00-00:00,2022-09-01,15,APPLEHL_1_N002,APPLEHL_1_N002,APPLEHL_1_N002,RTPD,MGHG,LMP_GHG_PRC,APPLEHL_1_N002,ALL,1,0,2,5
2022-09-01T22:15:00-00:00,2022-09-01T22:30:00-00:00,2022-09-01,16,APPLEHL_1_N002,APPLEHL_1_N002,APPLEHL_1_N002,RTPD,MGHG,LMP_GHG_PRC,APPLEHL_1_N002,ALL,1,0,2,5
2022-09-01T23:15:00-00:00,2022-09-01T23:30:00-00:00,2022-09-01,17,APPLEHL_1_N002,APPLEHL_1_N002,APPLEHL_1_N002,RTPD,MGHG,LMP_GHG_PRC,APPLEHL_1_N002,ALL,1,0,2,5
2022-09-02T00:15:00-00:00,2022-09-02T00:30:00-00:00,2022-09-01,18,APPLEHL_1_N002,APPLEHL_1_N002,APPLEHL_1_N002,RTPD,MGHG,LMP_GHG_PRC,APPLEHL_1_N002,ALL,1,0,2,5
2022-09-02T01:15:00-00:00,2022-09-02T01:30:00-00:00,2022-09-01,19,APPLEHL_1_N002,APPLEHL_1_N002,APPLEHL_1_N002,RTPD,MGHG,LMP_GHG_PRC,APPLEHL_1_N002,ALL,1,0,2,5
2022-09-02T02:15:00-00:00,2022-09-02T02:30:00-00:00,2022-09-01,20,APPLEHL_1_N002,APPLEHL_1_N002,APPLEHL_1_N002,RTPD,MGHG,LMP_GHG_PRC,APPLEHL_1_N002,ALL,1,0,2,5
2022-09-02T03:15:00-00:00,2022-09-02T03:30:00-00:00,2022-09-01,21,APPLEHL_1_N002,APPLEHL_1_N002,APPLEHL_1_N002,RTPD,MGHG,LMP_GHG_PRC,APPLEHL_1_N002,ALL,1,0,2,5
2022-09-02T04:15:00-00:00,2022-09-02T04:30:00-00:00,2022-09-01,22,APPLEHL_1_N002,APPLEHL_1_N002,APPLEHL_1_N002,RTPD,MGHG,LMP_GHG_PRC,APPLEHL_1_N002,ALL,1,0,2,5
2022-09-02T05:15:00-00:00,2022-09-02T05:30:00-00:00,2022-09-01,23,APPLEHL_1_N002,APPLEHL_1_N002,APPLEHL_1_N002,RTPD,MGHG,LMP_GHG_PRC,APPLEHL_1_N002,ALL,1,0,2,5
2022-09-02T06:15:00-00:00,2022-09-02T06:30:00-00:00,2022-09-01,24,APPLEHL_1_N002,APPLEHL_1_N002,APPLEHL_1_N002,RTPD,MGHG,LMP_GHG_PRC,APPLEHL_1_N002,ALL,1,0,2,5
2022-09-01T07:30:00-00:00,2022-09-01T07:45:00-00:00,2022-09-01,01,APPLEHL_1_N002,APPLEHL_1_N002,APPLEHL_1_N002,RTPD,MGHG,LMP_GHG_PRC,APPLEHL_1_N002,ALL,1,0,3,5
2022-09-01T08:30:00-00:00,2022-09-01T08:45:00-00:00,2022-09-01,02,APPLEHL_1_N002,APPLEHL_1_N002,APPLEHL_1_N002,RTPD,MGHG,LMP_GHG_PRC,APPLEHL_1_N002,ALL,1,0,3,5
2022-09-01T09:30:00-00:00,2022-09-01T09:45:00-00:00,2022-09-01,03,APPLEHL_1_N002,APPLEHL_1_N002,APPLEHL_1_N002,RTPD,MGHG,LMP_GHG_PRC,APPLEHL_1_N002,ALL,1,0,3,5
2022-09-01T10:30:00-00:00,2022-09-01T10:45:00-00:00,2022-09-01,04,APPLEHL_1_N002,APPLEHL_1_N002,APPLEHL_1_N002,RTPD,MGHG,LMP_GHG_PRC,APPLEHL_1_N002,ALL,1,0,3,5
2022-09-01T11:30:00-00:00,2022-09-01T11:45:00-00:00,2022-09-01,05,APPLEHL_1_N002,APPLEHL_1_N002,APPLEHL_1_N002,RTPD,MGHG,LMP_GHG_PRC,APPLEHL_1_N002,ALL,1,0,3,5
2022-09-01T12:30:00-00:00,2022-09-01T12:45:00-00:00,2022-09-01,06,APPLEHL_1_N002,APPLEHL_1_N002,APPLEHL_1_N002,RTPD,MGHG,LMP_GHG_PRC,APPLEHL_1_N002,ALL,1,0,3,5
2022-09-01T13:30:00-00:00,2022-09-01T13:45:00-00:00,2022-09-01,07,APPLEHL_1_N002,APPLEHL_1_N002,APPLEHL_1_N002,RTPD,MGHG,LMP_GHG_PRC,APPLEHL_1_N002,ALL,1,0,3,5
2022-09-01T14:30:00-00:00,2022-09-01T14:45:00-00:00,2022-09-01,08,APPLEHL_1_N002,APPLEHL_1_N002,APPLEHL_1_N002,RTPD,MGHG,LMP_GHG_PRC,APPLEHL_1_N002,ALL,1,0,3,5
2022-09-01T15:30:00-00:00,2022-09-01T15:45:00-00:00,2022-09-01,09,APPLEHL_1_N002,APPLEHL_1_N002,APPLEHL_1_N002,RTPD,MGHG,LMP_GHG_PRC,APPLEHL_1_N002,ALL,1,0,3,5
2022-09-01T16:30:00-00:00,2022-09-01T16:45:00-00:00,2022-09-01,10,APPLEHL_1_N002,APPLEHL_1_N002,APPLEHL_1_N002,RTPD,MGHG,LMP_GHG_PRC,APPLEHL_1_N002,ALL,1,0,3,5
2022-09-01T17:30:00-00:00,2022-09-01T17:45:00-00:00,2022-09-01,11,APPLEHL_1_N002,APPLEHL_1_N002,APPLEHL_1_N002,RTPD,MGHG,LMP_GHG_PRC,APPLEHL_1_N002,ALL,1,0,3,5
2022-09-01T18:30:00-00:00,2022-09-01T18:45:00-00:00,2022-09-01,12,APPLEHL_1_N002,APPLEHL_1_N002,APPLEHL_1_N002,RTPD,MGHG,LMP_GHG_PRC,APPLEHL_1_N002,ALL,1,0,3,5
2022-09-01T19:30:00-00:00,2022-09-01T19:45:00-00:00,2022-09-01,13,APPLEHL_1_N002,APPLEHL_1_N002,APPLEHL_1_N002,RTPD,MGHG,LMP_GHG_PRC,APPLEHL_1_N002,ALL,1,0,3,5
2022-09-01T20:30:00-00:00,2022-09-01T20:45:00-00:00,2022-09-01,14,APPLEHL_1_N002,APPLEHL_1_N002,APPLEHL_1_N002,RTPD,MGHG,LMP_GHG_PRC,APPLEHL_1_N002,ALL,1,0,3,5
2022-09-01T21:30:00-00:00,2022-09-01T21:45:00-00:00,2022-09-01,15,APPLEHL_1_N002,APPLEHL_1_N002,APPLEHL_1_N002,RTPD,MGHG,LMP_GHG_PRC,APPLEHL_1_N002,ALL,1,0,3,5
2022-09-01T22:30:00-00:00,2022-09-01T22:45:00-00:00,2022-09-01,16,APPLEHL_1_N002,APPLEHL_1_N002,APPLEHL_1_N002,RTPD,MGHG,LMP_GHG_PRC,APPLEHL_1_N002,ALL,1,0,3,5
2022-09-01T23:30:00-00:00,2022-09-01T23:45:00-00:00,2022-09-01,17,APPLEHL_1_N002,APPLEHL_1_N002,APPLEHL_1_N002,RTPD,MGHG,LMP_GHG_PRC,APPLEHL_1_N002,ALL,1,0,3,5
2022-09-02T00:30:00-00:00,2022-09-02T00:45:00-00:00,2022-09-01,18,APPLEHL_1_N002,APPLEHL_1_N002,APPLEHL_1_N002,RTPD,MGHG,LMP_GHG_PRC,APPLEHL_1_N002,ALL,1,0,3,5
2022-09-02T01:30:00-00:00,2022-09-02T01:45:00-00:00,2022-09-01,19,APPLEHL_1_N002,APPLEHL_1_N002,APPLEHL_1_N002,RTPD,MGHG,LMP_GHG_PRC,APPLEHL_1_N002,ALL,1,0,3,5
2022-09-02T02:30:00-00:00,2022-09-02T02:45:00-00:00,2022-09-01,20,APPLEHL_1_N002,APPLEHL_1_N002,APPLEHL_1_N002,RTPD,MGHG,LMP_GHG_PRC,APPLEHL_1_N002,ALL,1,0,3,5
2022-09-02T03:30:00-00:00,2022-09-02T03:45:00-00:00,2022-09-01,21,APPLEHL_1_N002,APPLEHL_1_N002,APPLEHL_1_N002,RTPD,MGHG,LMP_GHG_PRC,APPLEHL_1_N002,ALL,1,0,3,5
2022-09-02T04:30:00-00:00,2022-09-02T04:45:00-00:00,2022-09-01,22,APPLEHL_1_N002,APPLEHL_1_N002,APPLEHL_1_N002,RTPD,MGHG,LMP_GHG_PRC,APPLEHL_1_N002,ALL,1,0,3,5
2022-09-02T05:30:00-00:00,2022-09-02T05:45:00-00:00,2022-09-01,23,APPLEHL_1_N002,APPLEHL_1_N002,APPLEHL_1_N002,RTPD,MGHG,LMP_GHG_PRC,APPLEHL_1_N002,ALL,1,0,3,5
2022-09-02T06:30:00-00:00,2022-09-02T06:45:00-00:00,2022-09-01,24,APPLEHL_1_N002,APPLEHL_1_N002,APPLEHL_1_N002,RTPD,MGHG,LMP_GHG_PRC,APPLEHL_1_N002,ALL,1,0,3,5
2022-09-01T07:45:00-00:00,2022-09-01T08:00:00-00:00,2022-09-01,01,APPLEHL_1_N002,APPLEHL_1_N002,APPLEHL_1_N002,RTPD,MGHG,LMP_GHG_PRC,APPLEHL_1_N002,ALL,1,0,4,5
2022-09-01T08:45:00-00:00,2022-09-01T09:00:00-00:00,2022-09-01,02,APPLEHL_1_N002,APPLEHL_1_N002,APPLEHL_1_N002,RTPD,MGHG,LMP_GHG_PRC,APPLEHL_1_N002,ALL,1,0,4,5
2022-09-01T09:45:00-00:00,2022-09-01T10:00:00-00:00,2022-09-01,03,APPLEHL_1_N002,APPLEHL_1_N002,APPLEHL_1_N002,RTPD,MGHG,LMP_GHG_PRC,APPLEHL_1_N002,ALL,1,0,4,5
2022-09-01T10:45:00-00:00,2022-09-01T11:00:00-00:00,2022-09-01,04,APPLEHL_1_N002,APPLEHL_1_N002,APPLEHL_1_N002,RTPD,MGHG,LMP_GHG_PRC,APPLEHL_1_N002,ALL,1,0,4,5
2022-09-01T11:45:00-00:00,2022-09-01T12:00:00-00:00,2022-09-01,05,APPLEHL_1_N002,APPLEHL_1_N002,APPLEHL_1_N002,RTPD,MGHG,LMP_GHG_PRC,APPLEHL_1_N002,ALL,1,0,4,5
2022-09-01T12:45:00-00:00,2022-09-01T13:00:00-00:00,2022-09-01,06,APPLEHL_1_N002,APPLEHL_1_N002,APPLEHL_1_N002,RTPD,MGHG,LMP_GHG_PRC,APPLEHL_1_N002,ALL,1,0,4,5
2022-09-01T13:45:00-00:00,2022-09-01T14:00:00-00:00,2022-09-01,07,APPLEHL_1_N002,APPLEHL_1_N002,APPLEHL_1_N002,RTPD,MGHG,LMP_GHG_PRC,APPLEHL_1_N002,ALL,1,0,4,5
2022-09-01T14:45:00-00:00,2022-09-01T15:00:00-00:00,2022-09-01,08,APPLEHL_1_N002,APPLEHL_1_N002,APPLEHL_1_N002,RTPD,MGHG,LMP_GHG_PRC,APPLEHL_1_N002,ALL,1,0,4,5
2022-09-01T15:45:00-00:00,2022-09-01T16:00:00-00:00,2022-09-01,09,APPLEHL_1_N002,APPLEHL_1_N002,APPLEHL_1_N002,RTPD,MGHG,LMP_GHG_PRC,APPLEHL_1_N002,ALL,1,0,4,5
2022-09-01T16:45:00-00:00,2022-09-01T17:00:00-00:00,2022-09-01,10,APPLEHL_1_N002,APPLEHL_1_N002,APPLEHL_1_N002,RTPD,MGHG,LMP_GHG_PRC,APPLEHL_1_N002,ALL,1,0,4,5
2022-09-01T17:45:00-00:00,2022-09-01T18:00:00-00:00,2022-09-01,11,APPLEHL_1_N002,APPLEHL_1_N002,APPLEHL_1_N002,RTPD,MGHG,LMP_GHG_PRC,APPLEHL_1_N002,ALL,1,0,4,5
2022-09-01T18:45:00-00:00,2022-09-01T19:00:00-00:00,2022-09-01,12,APPLEHL_1_N002,APPLEHL_1_N002,APPLEHL_1_N002,RTPD,MGHG,LMP_GHG_PRC,APPLEHL_1_N002,ALL,1,0,4,5
2022-09-01T19:45:00-00:00,2022-09-01T20:00:00-00:00,2022-09-01,13,APPLEHL_1_N002,APPLEHL_1_N002,APPLEHL_1_N002,RTPD,MGHG,LMP_GHG_PRC,APPLEHL_1_N002,ALL,1,0,4,5
2022-09-01T20:45:00-00:00,2022-09-01T21:00:00-00:00,2022-09-01,14,APPLEHL_1_N002,APPLEHL_1_N002,APPLEHL_1_N002,RTPD,MGHG,LMP_GHG_PRC,APPLEHL_1_N002,ALL,1,0,4,5
2022-09-01T21:45:00-00:00,2022-09-01T22:00:00-00:00,2022-09-01,15,APPLEHL_1_N002,APPLEHL_1_N002,APPLEHL_1_N002,RTPD,MGHG,LMP_GHG_PRC,APPLEHL_1_N002,ALL,1,0,4,5
2022-09-01T22:45:00-00:00,2022-09-01T23:00:00-00:00,2022-09-01,16,APPLEHL_1_N002,APPLEHL_1_N002,APPLEHL_1_N002,RTPD,MGHG,LMP_GHG_PRC,APPLEHL_1_N002,ALL,1,0,4,5
2022-09-01T23:45:00-00:00,2022-09-02T00:00:00-00:00,2022-09-01,17,APPLEHL_1_N002,APPLEHL_1_N002,APPLEHL_1_N002,RTPD,MGHG,LMP_GHG_PRC,APPLEHL_1_N002,ALL,1,0,4,5
2022-09-02T00:45:00-00:00,2022-09-02T01:00:00-00:00,2022-09-01,18,APPLEHL_1_N002,APPLEHL_1_N002,APPLEHL_1_N002,RTPD,MGHG,LMP_GHG_PRC,APPLEHL_1_N002,ALL,1,0,4,5
2022-09-02T01:45:00-00:00,2022-09-02T02:00:00-00:00,2022-09-01,19,APPLEHL_1_N002,APPLEHL_1_N002,APPLEHL_1_N002,RTPD,MGHG,LMP_GHG_PRC,APPLEHL_1_N002,ALL,1,0,4,5
2022-09-02T02:45:00-00:00,2022-09-02T03:00:00-00:00,2022-09-01,20,APPLEHL_1_N002,APPLEHL_1_N002,APPLEHL_1_N002,RTPD,MGHG,LMP_GHG_PRC,APPLEHL_1_N002,ALL,1,0,4,5
2022-09-02T03:45:00-00:00,2022-09-02T04:00:00-00:00,2022-09-01,21,APPLEHL_1_N002,APPLEHL_1_N002,APPLEHL_1_N002,RTPD,MGHG,LMP_GHG_PRC,APPLEHL_1_N002,ALL,1,0,4,5
2022-09-02T04:45:00-00:00,2022-09-02T05:00:00-00:00,2022-09-01,22,APPLEHL_1_N002,APPLEHL_1_N002,APPLEHL_1_N002,RTPD,MGHG,LMP_GHG_PRC,APPLEHL_1_N002,ALL,1,0,4,5
2022-09-02T05:45:00-00:00,2022-09-02T06:00:00-00:00,2022-09-01,23,APPLEHL_1_N002,APPLEHL_1_N002,APPLEHL_1_N002,RTPD,MGHG,LMP_GHG_PRC,APPLEHL_1_N002,ALL,1,0,4,5
2022-09-02T06:45:00-00:00,2022-09-02T07:00:00-00:00,2022-09-01,24,APPLEHL_1_N002,APPLEHL_1_N002,APPLEHL_1_N002,RTPD,MGHG,LMP_GHG_PRC,APPLEHL_1_N002,ALL,1,0,4,5
