INTERVALSTARTTIME_GMT,INTERVALENDTIME_GMT,OPR_DT,OPR_HR,NODE_ID_XML,NODE_ID,NODE,MARKET_RUN_ID,LMP_TYPE,XML_DATA_ITEM,PNODE_RESMRID,GRP_TYPE,POS,PRC,OPR_INTERVAL,GROUP
2022-09-01T07:00:00-00:00,2022-09-01T07:15:00-00:00,2022-09-01,01,CMFS_1_SOLA_CIMGNODE,CMFS_1_SOLA_CIMGNODE,CMFS_1_SOLA_CIMGNODE,RTPD,LMP,LMP_PRC,CMFS_1_SOLA_CIMGNODE,ALL,1,92.39513,1,1
2022-09-01T08:00:00-00:00,2022-09-01T08:15:00-00:00,2022-09-01,02,CMFS_1_SOLA_CIMGNODE,CMFS_1_SOLA_CIMGNODE,CMFS_1_SOLA_CIMGNODE,RTPD,LMP,LMP_PRC,CMFS_1_SOLA_CIMGNODE,ALL,1,102.98669,1,1
2022-09-01T09:00:00-00:00,2022-09-01T09:15:00-00:00,2022-09-01,03,CMFS_1_SOLA_CIMGNODE,CMFS_1_SOLA_CIMGNODE,CMFS_1_SOLA_CIMGNODE,RTPD,LMP,LMP_PRC,CMFS_1_SOLA_CIMGNODE,ALL,1,83.39178,1,1
2022-09-01T10:00:00-00:00,2022-09-01T10:15:00-00:00,2022-09-01,04,CMFS_1_SOLA_CIMGNODE,CMFS_1_SOLA_CIMGNODE,CMFS_1_SOLA_CIMGNODE,RTPD,LMP,LMP_PRC,CMFS_1_SOLA_CIMGNODE,ALL,1,81.01546,1,1
2022-09-01T11:00:00-00:00,2022-09-01T11:15:00-00:00,2022-09-01,05,CMFS_1_SOLA_CIMGNODE,CMFS_1_SOLA_CIMGNODE,CMFS_1_SOLA_CIMGNODE,RTPD,LMP,LMP_PRC,CMFS_1_SOLA_CIMGNODE,ALL,1,83.40742,1,1
2022-09-01T12:00:00-00:00,2022-09-01T12:15:00-00:00,2022-09-01,06,CMFS_1_SOLA_CIMGNODE,CMFS_1_SOLA_CIMGNODE,CMFS_1_SOLA_CIMGNODE,RTPD,LMP,LMP_PRC,CMFS_1_SOLA_CIMGNODE,ALL,1,83.70643,1,1
2022-09-01T13:00:00-00:00,2022-09-01T13:15:00-00:00,2022-09-01,07,CMFS_1_SOLA_CIMGNODE,CMFS_1_SOLA_CIMGNODE,CMFS_1_SOLA_CIMGNODE,RTPD,LMP,LMP_PRC,CMFS_1_SOLA_CIMGNODE,ALL,1,93.63556,1,1
2022-09-01T14:00:00-00:00,2022-09-01T14:15:00-00:00,2022-09-01,08,CMFS_1_SOLA_CIMGNODE,CMFS_1_SOLA_CIMGNODE,CMFS_1_SOLA_CIMGNODE,RTPD,LMP,LMP_PRC,CMFS_1_SOLA_CIMGNODE,ALL,1,74.29528,1,1
2022-09-01T15:00:00-00:00,2022-09-01T15:15:00-00:00,2022-09-01,09,CMFS_1_SOLA_CIMGNODE,CMFS_1_SOLA_CIMGNODE,CMFS_1_SOLA_CIMGNODE,RTPD,LMP,LMP_PRC,CMFS_1_SOLA_CIMGNODE,ALL,1,46.91422,1,1
2022-09-01T16:00:00-00:00,2022-09-01T16:15:00-00:00,2022-09-01,10,CMFS_1_SOLA_CIMGNODE,CMFS_1_SOLA_CIMGNODE,CMFS_1_SOLA_CIMGNODE,RTPD,LMP,LMP_PRC,CMFS_1_SOLA_CIMGNODE,ALL,1,41.48672,1,1
2022-09-01T17:00:00-00:00,2022-09-01T17:15:00-00:00,2022-09-01,11,CMFS_1_SOLA_CIMGNODE,CMFS_1_SOLA_CIMGNODE,CMFS_1_SOLA_CIMGNODE,RTPD,LMP,LMP_PRC,CMFS_1_SOLA_CIMGNODE,ALL,1,68.54689,1,1
2022-09-01T18:00:00-00:00,2022-09-01T18:15:00-00:00,2022-09-01,12,CMFS_1_SOLA_CIMGNODE,CMFS_1_SOLA_CIMGNODE,CMFS_1_SOLA_CIMGNODE,RTPD,LMP,LMP_PRC,CMFS_1_SOLA_CIMGNODE,ALL,1,65.10415,1,1
2022-09-01T19:00:00-00:00,2022-09-01T19:15:00-00:00,2022-09-01,13,CMFS_1_SOLA_CIMGNODE,CMFS_1_SOLA_CIMGNODE,CMFS_1_SOLA_CIMGNODE,RTPD,LMP,LMP_PRC,CMFS_1_SOLA_CIMGNODE,ALL,1,65.27166,1,1
2022-09-01T20:00:00-00:00,2022-09-01T20:15:00-00:00,2022-09-01,14,CMFS_1_SOLA_CIMGNODE,CMFS_1_SOLA_CIMGNODE,CMFS_1_SOLA_CIMGNODE,RTPD,LMP,LMP_PRC,CMFS_1_SOLA_CIMGNODE,ALL,1,92.91179,1,1
2022-09-01T21:00:00-00:00,2022-09-01T21:15:00-00:00,2022-09-01,15,CMFS_1_SOLA_CIMGNODE,CMFS_1_SOLA_CIMGNODE,CMFS_1_SOLA_CIMGNODE,RTPD,LMP,LMP_PRC,CMFS_1_SOLA_CIMGNODE,ALL,1,90.90288,1,1
2022-09-01T22:00:00-00:00,2022-09-01T22:15:00-00:00,2022-09-01,16,CMFS_1_SOLA_CIMGNODE,CMFS_1_SOLA_CIMGNODE,CMFS_1_SOLA_CIMGNODE,RTPD,LMP,LMP_PRC,CMFS_1_SOLA_CIMGNODE,ALL,1,136.04515,1,1
2022-09-01T23:00:00-00:00,2022-09-01T23:15:00-00:00,2022-09-01,17,CMFS_1_SOLA_CIMGNODE,CMFS_1_SOLA_CIMGNODE,CMFS_1_SOLA_CIMGNODE,RTPD,LMP,LMP_PRC,CMFS_1_SOLA_CIMGNODE,ALL,1,188.86157,1,1
2022-09-02T00:00:00-00:00,2022-09-02T00:15:00-00:00,2022-09-01,18,CMFS_1_SOLA_CIMGNODE,CMFS_1_SOLA_CIMGNODE,CMFS_1_SOLA_CIMGNODE,RTPD,LMP,LMP_PRC,CMFS_1_SOLA_CIMGNODE,ALL,1,478.19473,1,1
2022-09-02T01:00:00-00:00,2022-09-02T01:15:00-00:00,2022-09-01,19,CMFS_1_SOLA_CIMGNODE,CMFS_1_SOLA_CIMGNODE,CMFS_1_SOLA_CIMGNODE,RTPD,LMP,LMP_PRC,CMFS_1_SOLA_CIMGNODE,ALL,1,880.80566,1,1
2022-09-02T02:00:00-00:00,2022-09-02T02:15:00-00:00,2022-09-01,20,CMFS_1_SOLA_CIMGNODE,CMFS_1_SOLA_CIMGNODE,CMFS_1_SOLA_CIMGNODE,RTPD,LMP,LMP_PRC,CMFS_1_SOLA_CIMGNODE,ALL,1,1906.0023,1,1
2022-09-02T03:00:00-00:00,2022-09-02T03:15:00-00:00,2022-09-01,21,CMFS_1_SOLA_CIMGNODE,CMFS_1_SOLA_CIMGNODE,CMFS_1_SOLA_CIMGNODE,RTPD,LMP,LMP_PRC,CMFS_1_SOLA_CIMGNODE,ALL,1,121.87537,1,1
2022-09-02T04:00:00-00:00,2022-09-02T04:15:00-00:00,2022-09-01,22,CMFS_1_SOLA_CIMGNODE,CMFS_1_SOLA_CIMGNODE,CMFS_1_SOLA_CIMGNODE,RTPD,LMP,LMP_PRC,CMFS_1_SOLA_CIMGNODE,ALL,1,-7.06466,1,1
2022-09-02T05:00:00-00:00,2022-09-02T05:15:00-00:00,2022-09-01,23,CMFS_1_SOLA_CIMGNODE,CMFS_1_SOLA_CIMGNODE,CMFS_1_SOLA_CIMGNODE,RTPD,LMP,LMP_PRC,CMFS_1_SOLA_CIMGNODE,ALL,1,-3.38025,1,1
2022-09-02T06:00:00-00:00,2022-09-02T06:15:00-00:00,2022-09-01,24,CMFS_1_SOLA_CIMGNODE,CMFS_1_SOLA_CIMGNODE,CMFS_1_SOLA_CIMGNODE,RTPD,LMP,LMP_PRC,CMFS_1_SOLA_CIMGNODE,ALL,1,34.3442,1,1
2022-09-01T07:15:00-00:00,2022-09-01T07:30:00-00:00,2022-09-01,01,CMFS_1_SOLA_CIMGNODE,CMFS_1_SOLA_CIMGNODE,CMFS_1_SOLA_CIMGNODE,RTPD,LMP,LMP_PRC,CMFS_1_SOLA_CIMGNODE,ALL,1,116.39509,2,1
2022-09-01T08:15:00-00:00,2022-09-01T08:30:00-00:00,2022-09-01,02,CMFS_1_SOLA_CIMGNODE,CMFS_1_SOLA_CIMGNODE,CMFS_1_SOLA_CIMGNODE,RTPD,LMP,LMP_PRC,CMFS_1_SOLA_CIMGNODE,ALL,1,101.20787,2,1
2022-09-01T09:15:00-00:00,2022-09-01T09:30:00-00:00,2022-09-01,03,CMFS_1_SOLA_CIMGNODE,CMFS_1_SOLA_CIMGNODE,CMFS_1_SOLA_CIMGNODE,RTPD,LMP,LMP_PRC,CMFS_1_SOLA_CIMGNODE,ALL,1,82.90252,2,1
2022-09-01T10:15:00-00:00,2022-09-01T10:30:00-00:00,2022-09-01,04,CMFS_1_SOLA_CIMGNODE,CMFS_1_SOLA_CIMGNODE,CMFS_1_SOLA_CIMGNODE,RTPD,LMP,LMP_PRC,CMFS_1_SOLA_CIMGNODE,ALL,1,79.91331,2,1
2022-09-01T11:15:00-00:00,2022-09-01T11:30:00-00:00,2022-09-01,05,CMFS_1_SOLA_CIMGNODE,CMFS_1_SOLA_CIMGNODE,CMFS_1_SOLA_CIMGNODE,RTPD,LMP,LMP_PRC,CMFS_1_SOLA_CIMGNODE,ALL,1,83.61762,2,1
2022-09-01T12:15:00-00:00,2022-09-01T12:30:00-00:00,2022-09-01,06,CMFS_1_SOLA_CIMGNODE,CMFS_1_SOLA_CIMGNODE,CMFS_1_SOLA_CIMGNODE,RTPD,LMP,LMP_PRC,CMFS_1_SOLA_CIMGNODE,ALL,1,92.03712,2,1
2022-09-01T13:15:00-00:00,2022-09-01T13:30:00-00:00,2022-09-01,07,CMFS_1_SOLA_CIMGNODE,CMFS_1_SOLA_CIMGNODE,CMFS_1_SOLA_CIMGNODE,RTPD,LMP,LMP_PRC,CMFS_1_SOLA_CIMGNODE,ALL,1,92.2948,2,1
2022-09-01T14:15:00-00:00,2022-09-01T14:30:00-00:00,2022-09-01,08,CMFS_1_SOLA_CIMGNODE,CMFS_1_SOLA_CIMGNODE,CMFS_1_SOLA_CIMGNODE,RTPD,LMP,LMP_PRC,CMFS_1_SOLA_CIMGNODE,ALL,1,65.61023,2,1
2022-09-01T15:15:00-00:00,2022-09-01T15:30:00-00:00,2022-09-01,09,CMFS_1_SOLA_CIMGNODE,CMFS_1_SOLA_CIMGNODE,CMFS_1_SOLA_CIMGNODE,RTPD,LMP,LMP_PRC,CMFS_1_SOLA_CIMGNODE,ALL,1,34.2505,2,1
2022-09-01T16:15:00-00:00,2022-09-01T16:30:00-00:00,2022-09-01,10,CMFS_1_SOLA_CIMGNODE,CMFS_1_SOLA_CIMGNODE,CMFS_1_SOLA_CIMGNODE,RTPD,LMP,LMP_PRC,CMFS_1_SOLA_CIMGNODE,ALL,1,51.15184,2,1
2022-09-01T17:15:00-00:00,2022-09-01T17:30:00-00:00,2022-09-01,11,CMFS_1_SOLA_CIMGNODE,CMFS_1_SOLA_CIMGNODE,CMFS_1_SOLA_CIMGNODE,RTPD,LMP,LMP_PRC,CMFS_1_SOLA_CIMGNODE,ALL,1,70.80232,2,1
2022-09-01T18:15:00-00:00,2022-09-01T18:30:00-00:00,2022-09-01,12,CMFS_1_SOLA_CIMGNODE,CMFS_1_SOLA_CIMGNODE,CMFS_1_SOLA_CIMGNODE,RTPD,LMP,LMP_PRC,CMFS_1_SOLA_CIMGNODE,ALL,1,66.57364,2,1
2022-09-01T19:15:00-00:00,2022-09-01T19:30:00-00:00,2022-09-01,13,CMFS_1_SOLA_CIMGNODE,CMFS_1_SOLA_CIMGNODE,CMFS_1_SOLA_CIMGNODE,RTPD,LMP,LMP_PRC,CMFS_1_SOLA_CIMGNODE,ALL,1,77.3317,2,1
2022-09-01T20:15:00-00:00,2022-09-01T20:30:00-00:00,2022-09-01,14,CMFS_1_SOLA_CIMGNODE,CMFS_1_SOLA_CIMGNODE,CMFS_1_SOLA_CIMGNODE,RTPD,LMP,LMP_PRC,CMFS_1_SOLA_CIMGNODE,ALL,1,100.1708,2,1
2022-09-01T21:15:00-00:00,2022-09-01T21:30:00-00:00,2022-09-01,15,CMFS_1_SOLA_CIMGNODE,CMFS_1_SOLA_CIMGNODE,CMFS_1_SOLA_CIMGNODE,RTPD,LMP,LMP_PRC,CMFS_1_SOLA_CIMGNODE,ALL,1,105.69138,2,1
2022-09-01T22:15:00-00:00,2022-09-01T22:30:00-00:00,2022-09-01,16,CMFS_1_SOLA_CIMGNODE,CMFS_1_SOLA_CIMGNODE,CMFS_1_SOLA_CIMGNODE,RTPD,LMP,LMP_PRC,CMFS_1_SOLA_CIMGNODE,ALL,1,157.07814,2,1
2022-09-01T23:15:00-00:00,2022-09-01T23:30:00-00:00,2022-09-01,17,CMFS_1_SOLA_CIMGNODE,CMFS_1_SOLA_CIMGNODE,CMFS_1_SOLA_CIMGNODE,RTPD,LMP,LMP_PRC,CMFS_1_SOLA_CIMGNODE,ALL,1,178.02756,2,1
2022-09-02T00:15:00-00:00,2022-09-02T00:30:00-00:00,2022-09-01,18,CMFS_1_SOLA_CIMGNODE,CMFS_1_SOLA_CIMGNODE,CMFS_1_SOLA_CIMGNODE,RTPD,LMP,LMP_PRC,CMFS_1_SOLA_CIMGNODE,ALL,1,432.16907,2,1
2022-09-02T01:15:00-00:00,2022-09-02T01:30:00-00:00,2022-09-01,19,CMFS_1_SOLA_CIMGNODE,CMFS_1_SOLA_CIMGNODE,CMFS_1_SOLA_CIMGNODE,RTPD,LMP,LMP_PRC,CMFS_1_SOLA_CIMGNODE,ALL,1,1885.3993,2,1
2022-09-02T02:15:00-00:00,2022-09-02T02:30:00-00:00,2022-09-01,20,CMFS_1_SOLA_CIMGNODE,CMFS_1_SOLA_CIMGNODE,CMFS_1_SOLA_CIMGNODE,RTPD,LMP,LMP_PRC,CMFS_1_SOLA_CIMGNODE,ALL,1,1974.5098,2,1
2022-09-02T03:15:00-00:00,2022-09-02T03:30:00-00:00,2022-09-01,21,CMFS_1_SOLA_CIMGNODE,CMFS_1_SOLA_CIMGNODE,CMFS_1_SOLA_CIMGNODE,RTPD,LMP,LMP_PRC,CMFS_1_SOLA_CIMGNODE,ALL,1,100.27255,2,1
2022-09-02T04:15:00-00:00,2022-09-02T04:30:00-00:00,2022-09-01,22,CMFS_1_SOLA_CIMGNODE,CMFS_1_SOLA_CIMGNODE,CMFS_1_SOLA_CIMGNODE,RTPD,LMP,LMP_PRC,CMFS_1_SOLA_CIMGNODE,ALL,1,-4.47616,2,1
2022-09-02T05:15:00-00:00,2022-09-02T05:30:00-00:00,2022-09-01,23,CMFS_1_SOLA_CIMGNODE,CMFS_1_SOLA_CIMGNODE,CMFS_1_SOLA_CIMGNODE,RTPD,LMP,LMP_PRC,CMFS_1_SOLA_CIMGNODE,ALL,1,-21.9287,2,1
2022-09-02T06:15:00-00:00,2022-09-02T06:30:00-00:00,2022-09-01,24,CMFS_1_SOLA_CIMGNODE,CMFS_1_SOLA_CIMGNODE,CMFS_1_SOLA_CIMGNODE,RTPD,LMP,LMP_PRC,CMFS_1_SOLA_CIMGNODE,ALL,1,69.79012,2,1
2022-09-01T07:30:00-00:00,2022-09-01T07:45:00-00:00,2022-09-01,01,CMFS_1_SOLA_CIMGNODE,CMFS_1_SOLA_CIMGNODE,CMFS_1_SOLA_CIMGNODE,RTPD,LMP,LMP_PRC,CMFS_1_SOLA_CIMGNODE,ALL,1,112.08467,3,1
2022-09-01T08:30:00-00:00,2022-09-01T08:45:00-00:00,2022-09-01,02,CMFS_1_SOLA_CIMGNODE,CMFS_1_SOLA_CIMGNODE,CMFS_1_SOLA_CIMGNODE,RTPD,LMP,LMP_PRC,CMFS_1_SOLA_CIMGNODE,ALL,1,89.89587,3,1
2022-09-01T09:30:00-00:00,2022-09-01T09:45:00-00:00,2022-09-01,03,CMFS_1_SOLA_CIMGNODE,CMFS_1_SOLA_CIMGNODE,CMFS_1_SOLA_CIMGNODE,RTPD,LMP,LMP_PRC,CMFS_1_SOLA_CIMGNODE,ALL,1,82.22311,3,1
2022-09-01T10:30:00-00:00,2022-09-01T10:45:00-00:00,2022-09-01,04,CMFS_1_SOLA_CIMGNODE,CMFS_1_SOLA_CIMGNODE,CMFS_1_SOLA_CIMGNODE,RTPD,LMP,LMP_PRC,CMFS_1_SOLA_CIMGNODE,ALL,1,78.18904,3,1
2022-09-01T11:30:00-00:00,2022-09-01T11:45:00-00:00,2022-09-01,05,CMFS_1_SOLA_CIMGNODE,CMFS_1_SOLA_CIMGNODE,CMFS_1_SOLA_CIMGNODE,RTPD,LMP,LMP_PRC,CMFS_1_SOLA_CIMGNODE,ALL,1,82.93814,3,1
2022-09-01T12:30:00-00:00,2022-09-01T12:45:00-00:00,2022-09-01,06,CMFS_1_SOLA_CIMGNODE,CMFS_1_SOLA_CIMGNODE,CMFS_1_SOLA_CIMGNODE,RTPD,LMP,LMP_PRC,CMFS_1_SOLA_CIMGNODE,ALL,1,98.965,3,1
2022-09-01T13:30:00-00:00,2022-09-01T13:45:00-00:00,2022-09-01,07,CMFS_1_SOLA_CIMGNODE,CMFS_1_SOLA_CIMGNODE,CMFS_1_SOLA_CIMGNODE,RTPD,LMP,LMP_PRC,CMFS_1_SOLA_CIMGNODE,ALL,1,89.87662,3,1
2022-09-01T14:30:00-00:00,2022-09-01T14:45:00-00:00,2022-09-01,08,CMFS_1_SOLA_CIMGNODE,CMFS_1_SOLA_CIMGNODE,CMFS_1_SOLA_CIMGNODE,RTPD,LMP,LMP_PRC,CMFS_1_SOLA_CIMGNODE,ALL,1,68.37418,3,1
2022-09-01T15:30:00-00:00,2022-09-01T15:45:00-00:00,2022-09-01,09,CMFS_1_SOLA_CIMGNODE,CMFS_1_SOLA_CIMGNODE,CMFS_1_SOLA_CIMGNODE,RTPD,LMP,LMP_PRC,CMFS_1_SOLA_CIMGNODE,ALL,1,24.00981,3,1
2022-09-01T16:30:00-00:00,2022-09-01T16:45:00-00:00,2022-09-01,10,CMFS_1_SOLA_CIMGNODE,CMFS_1_SOLA_CIMGNODE,CMFS_1_SOLA_CIMGNODE,RTPD,LMP,LMP_PRC,CMFS_1_SOLA_CIMGNODE,ALL,1,63.21749,3,1
2022-09-01T17:30:00-00:00,2022-09-01T17:45:00-00:00,2022-09-01,11,CMFS_1_SOLA_CIMGNODE,CMFS_1_SOLA_CIMGNODE,CMFS_1_SOLA_CIMGNODE,RTPD,LMP,LMP_PRC,CMFS_1_SOLA_CIMGNODE,ALL,1,73.55257,3,1
2022-09-01T18:30:00-00:00,2022-09-01T18:45:00-00:00,2022-09-01,12,CMFS_1_SOLA_CIMGNODE,CMFS_1_SOLA_CIMGNODE,CMFS_1_SOLA_CIMGNODE,RTPD,LMP,LMP_PRC,CMFS_1_SOLA_CIMGNODE,ALL,1,73.80692,3,1
2022-09-01T19:30:00-00:00,2022-09-01T19:45:00-00:00,2022-09-01,13,CMFS_1_SOLA_CIMGNODE,CMFS_1_SOLA_CIMGNODE,CMFS_1_SOLA_CIMGNODE,RTPD,LMP,LMP_PRC,CMFS_1_SOLA_CIMGNODE,ALL,1,80.19727,3,1
2022-09-01T20:30:00-00:00,2022-09-01T20:45:00-00:00,2022-09-01,14,CMFS_1_SOLA_CIMGNODE,CMFS_1_SOLA_CIMGNODE,CMFS_1_SOLA_CIMGNODE,RTPD,LMP,LMP_PRC,CMFS_1_SOLA_CIMGNODE,ALL,1,115.35231,3,1
2022-09-01T21:30:00-00:00,2022-09-01T21:45:00-00:00,2022-09-01,15,CMFS_1_SOLA_CIMGNODE,CMFS_1_SOLA_CIMGNODE,CMFS_1_SOLA_CIMGNODE,RTPD,LMP,LMP_PRC,CMFS_1_SOLA_CIMGNODE,ALL,1,104.72388,3,1
2022-09-01T22:30:00-00:00,2022-09-01T22:45:00-00:00,2022-09-01,16,CMFS_1_SOLA_CIMGNODE,CMFS_1_SOLA_CIMGNODE,CMFS_1_SOLA_CIMGNODE,RTPD,LMP,LMP_PRC,CMFS_1_SOLA_CIMGNODE,ALL,1,161.32172,3,1
2022-09-01T23:30:00-00:00,2022-09-01T23:45:00-00:00,2022-09-01,17,CMFS_1_SOLA_CIMGNODE,CMFS_1_SOLA_CIMGNODE,CMFS_1_SOLA_CIMGNODE,RTPD,LMP,LMP_PRC,CMFS_1_SOLA_CIMGNODE,ALL,1,279.68448,3,1
2022-09-02T00:30:00-00:00,2022-09-02T00:45:00-00:00,2022-09-01,18,CMFS_1_SOLA_CIMGNODE,CMFS_1_SOLA_CIMGNODE,CMFS_1_SOLA_CIMGNODE,RTPD,LMP,LMP_PRC,CMFS_1_SOLA_CIMGNODE,ALL,1,1203.5994,3,1
2022-09-02T01:30:00-00:00,2022-09-02T01:45:00-00:00,2022-09-01,19,CMFS_1_SOLA_CIMGNODE,CMFS_1_SOLA_CIMGNODE,CMFS_1_SOLA_CIMGNODE,RTPD,LMP,LMP_PRC,CMFS_1_SOLA_CIMGNODE,ALL,1,1963.1482,3,1
2022-09-02T02:30:00-00:00,2022-09-02T02:45:00-00:00,2022-09-01,20,CMFS_1_SOLA_CIMGNODE,CMFS_1_SOLA_CIMGNODE,CMFS_1_SOLA_CIMGNODE,RTPD,LMP,LMP_PRC,CMFS_1_SOLA_CIMGNODE,ALL,1,1965.7886,3,1
2022-09-02T03:30:00-00:00,2022-09-02T03:45:00-00:00,2022-09-01,21,CMFS_1_SOLA_CIMGNODE,CMFS_1_SOLA_CIMGNODE,CMFS_1_SOLA_CIMGNODE,RTPD,LMP,LMP_PRC,CMFS_1_SOLA_CIMGNODE,ALL,1,85.84582,3,1
2022-09-02T04:30:00-00:00,2022-09-02T04:45:00-00:00,2022-09-01,22,CMFS_1_SOLA_CIMGNODE,CMFS_1_SOLA_CIMGNODE,CMFS_1_SOLA_CIMGNODE,RTPD,LMP,LMP_PRC,CMFS_1_SOLA_CIMGNODE,ALL,1,-1.77489,3,1
2022-09-02T05:30:00-00:00,2022-09-02T05:45:00-00:00,2022-09-01,23,CMFS_1_SOLA_CIMGNODE,CMFS_1_SOLA_CIMGNODE,CMFS_1_SOLA_CIMGNODE,RTPD,LMP,LMP_PRC,CMFS_1_SOLA_CIMGNODE,ALL,1,-14.39921,3,1
2022-09-02T06:30:00-00:00,2022-09-02T06:45:00-00:00,2022-09-01,24,CMFS_1_SOLA_CIMGNODE,CMFS_1_SOLA_CIMGNODE,CMFS_1_SOLA_CIMGNODE,RTPD,LMP,LMP_PRC,CMFS_1_SOLA_CIMGNODE,ALL,1,-8.31282,3,1
2022-09-01T07:45:00-00:00,2022-09-01T08:00:00-00:00,2022-09-01,01,CMFS_1_SOLA_CIMGNODE,CMFS_1_SOLA_CIMGNODE,CMFS_1_SOLA_CIMGNODE,RTPD,LMP,LMP_PRC,CMFS_1_SOLA_CIMGNODE,ALL,1,103.77155,4,1
2022-09-01T08:45:00-00:00,2022-09-01T09:00:00-00:00,2022-09-01,02,CMFS_1_SOLA_CIMGNODE,CMFS_1_SOLA_CIMGNODE,CMFS_1_SOLA_CIMGNODE,RTPD,LMP,LMP_PRC,CMFS_1_SOLA_CIMGNODE,ALL,1,80.19635,4,1
2022-09-01T09:45:00-00:00,2022-09-01T10:00:00-00:00,2022-09-01,03,CMFS_1_SOLA_CIMGNODE,CMFS_1_SOLA_CIMGNODE,CMFS_1_SOLA_CIMGNODE,RTPD,LMP,LMP_PRC,CMFS_1_SOLA_CIMGNODE,ALL,1,81.33624,4,1
2022-09-01T10:45:00-00:00,2022-09-01T11:00:00-00:00,2022-09-01,04,CMFS_1_SOLA_CIMGNODE,CMFS_1_SOLA_CIMGNODE,CMFS_1_SOLA_CIMGNODE,RTPD,LMP,LMP_PRC,CMFS_1_SOLA_CIMGNODE,ALL,1,76.45119,4,1
2022-09-01T11:45:00-00:00,2022-09-01T12:00:00-00:00,2022-09-01,05,CMFS_1_SOLA_CIMGNODE,CMFS_1_SOLA_CIMGNODE,CMFS_1_SOLA_CIMGNODE,RTPD,LMP,LMP_PRC,CMFS_1_SOLA_CIMGNODE,ALL,1,92.2168,4,1
2022-09-01T12:45:00-00:00,2022-09-01T13:00:00-00:00,2022-09-01,06,CMFS_1_SOLA_CIMGNODE,CMFS_1_SOLA_CIMGNODE,CMFS_1_SOLA_CIMGNODE,RTPD,LMP,LMP_PRC,CMFS_1_SOLA_CIMGNODE,ALL,1,102.87881,4,1
2022-09-01T13:45:00-00:00,2022-09-01T14:00:00-00:00,2022-09-01,07,CMFS_1_SOLA_CIMGNODE,CMFS_1_SOLA_CIMGNODE,CMFS_1_SOLA_CIMGNODE,RTPD,LMP,LMP_PRC,CMFS_1_SOLA_CIMGNODE,ALL,1,90.1535,4,1
2022-09-01T14:45:00-00:00,2022-09-01T15:00:00-00:00,2022-09-01,08,CMFS_1_SOLA_CIMGNODE,CMFS_1_SOLA_CIMGNODE,CMFS_1_SOLA_CIMGNODE,RTPD,LMP,LMP_PRC,CMFS_1_SOLA_CIMGNODE,ALL,1,60.85664,4,1
2022-09-01T15:45:00-00:00,2022-09-01T16:00:00-00:00,2022-09-01,09,CMFS_1_SOLA_CIMGNODE,CMFS_1_SOLA_CIMGNODE,CMFS_1_SOLA_CIMGNODE,RTPD,LMP,LMP_PRC,CMFS_1_SOLA_CIMGNODE,ALL,1,41.61116,4,1
2022-09-01T16:45:00-00:00,2022-09-01T17:00:00-00:00,2022-09-01,10,CMFS_1_SOLA_CIMGNODE,CMFS_1_SOLA_CIMGNODE,CMFS_1_SOLA_CIMGNODE,RTPD,LMP,LMP_PRC,CMFS_1_SOLA_CIMGNODE,ALL,1,65.25656,4,1
2022-09-01T17:45:00-00:00,2022-09-01T18:00:00-00:00,2022-09-01,11,CMFS_1_SOLA_CIMGNODE,CMFS_1_SOLA_CIMGNODE,CMFS_1_SOLA_CIMGNODE,RTPD,LMP,LMP_PRC,CMFS_1_SOLA_CIMGNODE,ALL,1,71.7126,4,1
2022-09-01T18:45:00-00:00,2022-09-01T19:00:00-00:00,2022-09-01,12,CMFS_1_SOLA_CIMGNODE,CMFS_1_SOLA_CIMGNODE,CMFS_1_SOLA_CIMGNODE,RTPD,LMP,LMP_PRC,CMFS_1_SOLA_CIMGNODE,ALL,1,73.86633,4,1
2022-09-01T19:45:00-00:00,2022-09-01T20:00:00-00:00,2022-09-01,13,CMFS_1_SOLA_CIMGNODE,CMFS_1_SOLA_CIMGNODE,CMFS_1_SOLA_CIMGNODE,RTPD,LMP,LMP_PRC,CMFS_1_SOLA_CIMGNODE,ALL,1,84.95377,4,1
2022-09-01T20:45:00-00:00,2022-09-01T21:00:00-00:00,2022-09-01,14,CMFS_1_SOLA_CIMGNODE,CMFS_1_SOLA_CIMGNODE,CMFS_1_SOLA_CIMGNODE,RTPD,LMP,LMP_PRC,CMFS_1_SOLA_CIMGNODE,ALL,1,115.53711,4,1
2022-09-01T21:45:00-00:00,2022-09-01T22:00:00-00:00,2022-09-01,15,CMFS_1_SOLA_CIMGNODE,CMFS_1_SOLA_CIMGNODE,CMFS_1_SOLA_CIMGNODE,RTPD,LMP,LMP_PRC,CMFS_1_SOLA_CIMGNODE,ALL,1,162.61432,4,1
2022-09-01T22:45:00-00:00,2022-09-01T23:00:00-00:00,2022-09-01,16,CMFS_1_SOLA_CIMGNODE,CMFS_1_SOLA_CIMGNODE,CMFS_1_SOLA_CIMGNODE,RTPD,LMP,LMP_PRC,CMFS_1_SOLA_CIMGNODE,ALL,1,253.54456,4,1
2022-09-01T23:45:00-00:00,2022-09-02T00:00:00-00:00,2022-09-01,17,CMFS_1_SOLA_CIMGNODE,CMFS_1_SOLA_CIMGNODE,CMFS_1_SOLA_CIMGNODE,RTPD,LMP,LMP_PRC,CMFS_1_SOLA_CIMGNODE,ALL,1,864.70795,4,1
2022-09-02T00:45:00-00:00,2022-09-02T01:00:00-00:00,2022-09-01,18,CMFS_1_SOLA_CIMGNODE,CMFS_1_SOLA_CIMGNODE,CMFS_1_SOLA_CIMGNODE,RTPD,LMP,LMP_PRC,CMFS_1_SOLA_CIMGNODE,ALL,1,807.4666,4,1
2022-09-02T01:45:00-00:00,2022-09-02T02:00:00-00:00,2022-09-01,19,CMFS_1_SOLA_CIMGNODE,CMFS_1_SOLA_CIMGNODE,CMFS_1_SOLA_CIMGNODE,RTPD,LMP,LMP_PRC,CMFS_1_SOLA_CIMGNODE,ALL,1,1976.3213,4,1
2022-09-02T02:45:00-00:00,2022-09-02T03:00:00-00:00,2022-09-01,20,CMFS_1_SOLA_CIMGNODE,CMFS_1_SOLA_CIMGNODE,CMFS_1_SOLA_CIMGNODE,RTPD,LMP,LMP_PRC,CMFS_1_SOLA_CIMGNODE,ALL,1,796.4514,4,1
2022-09-02T03:45:00-00:00,2022-09-02T04:00:00-00:00,2022-09-01,21,CMFS_1_SOLA_CIMGNODE,CMFS_1_SOLA_CIMGNODE,CMFS_1_SOLA_CIMGNODE,RTPD,LMP,LMP_PRC,CMFS_1_SOLA_CIMGNODE,ALL,1,52.62907,4,1
2022-09-02T04:45:00-00:00,2022-09-02T05:00:00-00:00,2022-09-01,22,CMFS_1_SOLA_CIMGNODE,CMFS_1_SOLA_CIMGNODE,CMFS_1_SOLA_CIMGNODE,RTPD,LMP,LMP_PRC,CMFS_1_SOLA_CIMGNODE,ALL,1,-18.66916,4,1
2022-09-02T05:45:00-00:00,2022-09-02T06:00:00-00:00,2022-09-01,23,CMFS_1_SOLA_CIMGNODE,CMFS_1_SOLA_CIMGNODE,CMFS_1_SOLA_CIMGNODE,RTPD,LMP,LMP_PRC,CMFS_1_SOLA_CIMGNODE,ALL,1,-48.49327,4,1
2022-09-02T06:45:00-00:00,2022-09-02T07:00:00-00:00,2022-09-01,24,CMFS_1_SOLA_CIMGNODE,CMFS_1_SOLA_CIMGNODE,CMFS_1_SOLA_CIMGNODE,RTPD,LMP,LMP_PRC,CMFS_1_SOLA_CIMGNODE,ALL,1,15.55336,4,1
2022-09-01T07:00:00-00:00,2022-09-01T07:15:00-00:00,2022-09-01,01,CMFS_1_SOLA_CIMGNODE,CMFS_1_SOLA_CIMGNODE,CMFS_1_SOLA_CIMGNODE,RTPD,MCC,LMP_CONG_PRC,CMFS_1_SOLA_CIMGNODE,ALL,1,4.88046,1,2
2022-09-01T08:00:00-00:00,2022-09-01T08:15:00-00:00,2022-09-01,02,CMFS_1_SOLA_CIMGNODE,CMFS_1_SOLA_CIMGNODE,CMFS_1_SOLA_CIMGNODE,RTPD,MCC,LMP_CONG_PRC,CMFS_1_SOLA_CIMGNODE,ALL,1,1.5679,1,2
2022-09-01T09:00:00-00:00,2022-09-01T09:15:00-00:00,2022-09-01,03,CMFS_1_SOLA_CIMGNODE,CMFS_1_SOLA_CIMGNODE,CMFS_1_SOLA_CIMGNODE,RTPD,MCC,LMP_CONG_PRC,CMFS_1_SOLA_CIMGNODE,ALL,1,2.10202,1,2
2022-09-01T10:00:00-00:00,2022-09-01T10:15:00-00:00,2022-09-01,04,CMFS_1_SOLA_CIMGNODE,CMFS_1_SOLA_CIMGNODE,CMFS_1_SOLA_CIMGNODE,RTPD,MCC,LMP_CONG_PRC,CMFS_1_SOLA_CIMGNODE,ALL,1,1.85417,1,2
2022-09-01T11:00:00-00:00,2022-09-01T11:15:00-00:00,2022-09-01,05,CMFS_1_SOLA_CIMGNODE,CMFS_1_SOLA_CIMGNODE,CMFS_1_SOLA_CIMGNODE,RTPD,MCC,LMP_CONG_PRC,CMFS_1_SOLA_CIMGNODE,ALL,1,-0.0032,1,2
2022-09-01T12:00:00-00:00,2022-09-01T12:15:00-00:00,2022-09-01,06,CMFS_1_SOLA_CIMGNODE,CMFS_1_SOLA_CIMGNODE,CMFS_1_SOLA_CIMGNODE,RTPD,MCC,LMP_CONG_PRC,CMFS_1_SOLA_CIMGNODE,ALL,1,4.91611,1,2
2022-09-01T13:00:00-00:00,2022-09-01T13:15:00-00:00,2022-09-01,07,CMFS_1_SOLA_CIMGNODE,CMFS_1_SOLA_CIMGNODE,CMFS_1_SOLA_CIMGNODE,RTPD,MCC,LMP_CONG_PRC,CMFS_1_SOLA_CIMGNODE,ALL,1,6.82679,1,2
2022-09-01T14:00:00-00:00,2022-09-01T14:15:00-00:00,2022-09-01,08,CMFS_1_SOLA_CIMGNODE,CMFS_1_SOLA_CIMGNODE,CMFS_1_SOLA_CIMGNODE,RTPD,MCC,LMP_CONG_PRC,CMFS_1_SOLA_CIMGNODE,ALL,1,-13.92039,1,2
2022-09-01T15:00:00-00:00,2022-09-01T15:15:00-00:00,2022-09-01,09,CMFS_1_SOLA_CIMGNODE,CMFS_1_SOLA_CIMGNODE,CMFS_1_SOLA_CIMGNODE,RTPD,MCC,LMP_CONG_PRC,CMFS_1_SOLA_CIMGNODE,ALL,1,-37.79698,1,2
2022-09-01T16:00:00-00:00,2022-09-01T16:15:00-00:00,2022-09-01,10,CMFS_1_SOLA_CIMGNODE,CMFS_1_SOLA_CIMGNODE,CMFS_1_SOLA_CIMGNODE,RTPD,MCC,LMP_CONG_PRC,CMFS_1_SOLA_CIMGNODE,ALL,1,-27.84852,1,2
2022-09-01T17:00:00-00:00,2022-09-01T17:15:00-00:00,2022-09-01,11,CMFS_1_SOLA_CIMGNODE,CMFS_1_SOLA_CIMGNODE,CMFS_1_SOLA_CIMGNODE,RTPD,MCC,LMP_CONG_PRC,CMFS_1_SOLA_CIMGNODE,ALL,1,-16.77209,1,2
2022-09-01T18:00:00-00:00,2022-09-01T18:15:00-00:00,2022-09-01,12,CMFS_1_SOLA_CIMGNODE,CMFS_1_SOLA_CIMGNODE,CMFS_1_SOLA_CIMGNODE,RTPD,MCC,LMP_CONG_PRC,CMFS_1_SOLA_CIMGNODE,ALL,1,-12.50876,1,2
2022-09-01T19:00:00-00:00,2022-09-01T19:15:00-00:00,2022-09-01,13,CMFS_1_SOLA_CIMGNODE,CMFS_1_SOLA_CIMGNODE,CMFS_1_SOLA_CIMGNODE,RTPD,MCC,LMP_CONG_PRC,CMFS_1_SOLA_CIMGNODE,ALL,1,-29.77471,1,2
2022-09-01T20:00:00-00:00,2022-09-01T20:15:00-00:00,2022-09-01,14,CMFS_1_SOLA_CIMGNODE,CMFS_1_SOLA_CIMGNODE,CMFS_1_SOLA_CIMGNODE,RTPD,MCC,LMP_CONG_PRC,CMFS_1_SOLA_CIMGNODE,ALL,1,1.1282,1,2
2022-09-01T21:00:00-00:00,2022-09-01T21:15:00-00:00,2022-09-01,15,CMFS_1_SOLA_CIMGNODE,CMFS_1_SOLA_CIMGNODE,CMFS_1_SOLA_CIMGNODE,RTPD,MCC,LMP_CONG_PRC,CMFS_1_SOLA_CIMGNODE,ALL,1,-120.71212,1,2
2022-09-01T22:00:00-00:00,2022-09-01T22:15:00-00:00,2022-09-01,16,CMFS_1_SOLA_CIMGNODE,CMFS_1_SOLA_CIMGNODE,CMFS_1_SOLA_CIMGNODE,RTPD,MCC,LMP_CONG_PRC,CMFS_1_SOLA_CIMGNODE,ALL,1,-75.78036,1,2
2022-09-01T23:00:00-00:00,2022-09-01T23:15:00-00:00,2022-09-01,17,CMFS_1_SOLA_CIMGNODE,CMFS_1_SOLA_CIMGNODE,CMFS_1_SOLA_CIMGNODE,RTPD,MCC,LMP_CONG_PRC,CMFS_1_SOLA_CIMGNODE,ALL,1,-171.73212,1,2
2022-09-02T00:00:00-00:00,2022-09-02T00:15:00-00:00,2022-09-01,18,CMFS_1_SOLA_CIMGNODE,CMFS_1_SOLA_CIMGNODE,CMFS_1_SOLA_CIMGNODE,RTPD,MCC,LMP_CONG_PRC,CMFS_1_SOLA_CIMGNODE,ALL,1,-174.9439,1,2
2022-09-02T01:00:00-00:00,2022-09-02T01:15:00-00:00,2022-09-01,19,CMFS_1_SOLA_CIMGNODE,CMFS_1_SOLA_CIMGNODE,CMFS_1_SOLA_CIMGNODE,RTPD,MCC,LMP_CONG_PRC,CMFS_1_SOLA_CIMGNODE,ALL,1,-10.55556,1,2
2022-09-02T02:00:00-00:00,2022-09-02T02:15:00-00:00,2022-09-01,20,CMFS_1_SOLA_CIMGNODE,CMFS_1_SOLA_CIMGNODE,CMFS_1_SOLA_CIMGNODE,RTPD,MCC,LMP_CONG_PRC,CMFS_1_SOLA_CIMGNODE,ALL,1,-70.05978,1,2
2022-09-02T03:00:00-00:00,2022-09-02T03:15:00-00:00,2022-09-01,21,CMFS_1_SOLA_CIMGNODE,CMFS_1_SOLA_CIMGNODE,CMFS_1_SOLA_CIMGNODE,RTPD,MCC,LMP_CONG_PRC,CMFS_1_SOLA_CIMGNODE,ALL,1,-697.20447,1,2
2022-09-02T04:00:00-00:00,2022-09-02T04:15:00-00:00,2022-09-01,22,CMFS_1_SOLA_CIMGNODE,CMFS_1_SOLA_CIMGNODE,CMFS_1_SOLA_CIMGNODE,RTPD,MCC,LMP_CONG_PRC,CMFS_1_SOLA_CIMGNODE,ALL,1,-226.639,1,2
2022-09-02T05:00:00-00:00,2022-09-02T05:15:00-00:00,2022-09-01,23,CMFS_1_SOLA_CIMGNODE,CMFS_1_SOLA_CIMGNODE,CMFS_1_SOLA_CIMGNODE,RTPD,MCC,LMP_CONG_PRC,CMFS_1_SOLA_CIMGNODE,ALL,1,-160.23813,1,2
2022-09-02T06:00:00-00:00,2022-09-02T06:15:00-00:00,2022-09-01,24,CMFS_1_SOLA_CIMGNODE,CMFS_1_SOLA_CIMGNODE,CMFS_1_SOLA_CIMGNODE,RTPD,MCC,LMP_CONG_PRC,CMFS_1_SOLA_CIMGNODE,ALL,1,-98.72876,1,2
2022-09-01T07:15:00-00:00,2022-09-01T07:30:00-00:00,2022-09-01,01,CMFS_1_SOLA_CIMGNODE,CMFS_1_SOLA_CIMGNODE,CMFS_1_SOLA_CIMGNODE,RTPD,MCC,LMP_CONG_PRC,CMFS_1_SOLA_CIMGNODE,ALL,1,4.60365,2,2
2022-09-01T08:15:00-00:00,2022-09-01T08:30:00-00:00,2022-09-01,02,CMFS_1_SOLA_CIMGNODE,CMFS_1_SOLA_CIMGNODE,CMFS_1_SOLA_CIMGNODE,RTPD,MCC,LMP_CONG_PRC,CMFS_1_SOLA_CIMGNODE,ALL,1,0.42622,2,2
2022-09-01T09:15:00-00:00,2022-09-01T09:30:00-00:00,2022-09-01,03,CMFS_1_SOLA_CIMGNODE,CMFS_1_SOLA_CIMGNODE,CMFS_1_SOLA_CIMGNODE,RTPD,MCC,LMP_CONG_PRC,CMFS_1_SOLA_CIMGNODE,ALL,1,2.77211,2,2
2022-09-01T10:15:00-00:00,2022-09-01T10:30:00-00:00,2022-09-01,04,CMFS_1_SOLA_CIMGNODE,CMFS_1_SOLA_CIMGNODE,CMFS_1_SOLA_CIMGNODE,RTPD,MCC,LMP_CONG_PRC,CMFS_1_SOLA_CIMGNODE,ALL,1,2.62363,2,2
2022-09-01T11:15:00-00:00,2022-09-01T11:30:00-00:00,2022-09-01,05,CMFS_1_SOLA_CIMGNODE,CMFS_1_SOLA_CIMGNODE,CMFS_1_SOLA_CIMGNODE,RTPD,MCC,LMP_CONG_PRC,CMFS_1_SOLA_CIMGNODE,ALL,1,-0.004,2,2
2022-09-01T12:15:00-00:00,2022-09-01T12:30:00-00:00,2022-09-01,06,CMFS_1_SOLA_CIMGNODE,CMFS_1_SOLA_CIMGNODE,CMFS_1_SOLA_CIMGNODE,RTPD,MCC,LMP_CONG_PRC,CMFS_1_SOLA_CIMGNODE,ALL,1,3.01616,2,2
2022-09-01T13:15:00-00:00,2022-09-01T13:30:00-00:00,2022-09-01,07,CMFS_1_SOLA_CIMGNODE,CMFS_1_SOLA_CIMGNODE,CMFS_1_SOLA_CIMGNODE,RTPD,MCC,LMP_CONG_PRC,CMFS_1_SOLA_CIMGNODE,ALL,1,0.2899,2,2
2022-09-01T14:15:00-00:00,2022-09-01T14:30:00-00:00,2022-09-01,08,CMFS_1_SOLA_CIMGNODE,CMFS_1_SOLA_CIMGNODE,CMFS_1_SOLA_CIMGNODE,RTPD,MCC,LMP_CONG_PRC,CMFS_1_SOLA_CIMGNODE,ALL,1,-17.74321,2,2
2022-09-01T15:15:00-00:00,2022-09-01T15:30:00-00:00,2022-09-01,09,CMFS_1_SOLA_CIMGNODE,CMFS_1_SOLA_CIMGNODE,CMFS_1_SOLA_CIMGNODE,RTPD,MCC,LMP_CONG_PRC,CMFS_1_SOLA_CIMGNODE,ALL,1,-39.9883,2,2
2022-09-01T16:15:00-00:00,2022-09-01T16:30:00-00:00,2022-09-01,10,CMFS_1_SOLA_CIMGNODE,CMFS_1_SOLA_CIMGNODE,CMFS_1_SOLA_CIMGNODE,RTPD,MCC,LMP_CONG_PRC,CMFS_1_SOLA_CIMGNODE,ALL,1,-24.95513,2,2
2022-09-01T17:15:00-00:00,2022-09-01T17:30:00-00:00,2022-09-01,11,CMFS_1_SOLA_CIMGNODE,CMFS_1_SOLA_CIMGNODE,CMFS_1_SOLA_CIMGNODE,RTPD,MCC,LMP_CONG_PRC,CMFS_1_SOLA_CIMGNODE,ALL,1,-16.65441,2,2
2022-09-01T18:15:00-00:00,2022-09-01T18:30:00-00:00,2022-09-01,12,CMFS_1_SOLA_CIMGNODE,CMFS_1_SOLA_CIMGNODE,CMFS_1_SOLA_CIMGNODE,RTPD,MCC,LMP_CONG_PRC,CMFS_1_SOLA_CIMGNODE,ALL,1,-19.79537,2,2
2022-09-01T19:15:00-00:00,2022-09-01T19:30:00-00:00,2022-09-01,13,CMFS_1_SOLA_CIMGNODE,CMFS_1_SOLA_CIMGNODE,CMFS_1_SOLA_CIMGNODE,RTPD,MCC,LMP_CONG_PRC,CMFS_1_SOLA_CIMGNODE,ALL,1,-13.18418,2,2
2022-09-01T20:15:00-00:00,2022-09-01T20:30:00-00:00,2022-09-01,14,CMFS_1_SOLA_CIMGNODE,CMFS_1_SOLA_CIMGNODE,CMFS_1_SOLA_CIMGNODE,RTPD,MCC,LMP_CONG_PRC,CMFS_1_SOLA_CIMGNODE,ALL,1,1.26659,2,2
2022-09-01T21:15:00-00:00,2022-09-01T21:30:00-00:00,2022-09-01,15,CMFS_1_SOLA_CIMGNODE,CMFS_1_SOLA_CIMGNODE,CMFS_1_SOLA_CIMGNODE,RTPD,MCC,LMP_CONG_PRC,CMFS_1_SOLA_CIMGNODE,ALL,1,-26.11047,2,2
2022-09-01T22:15:00-00:00,2022-09-01T22:30:00-00:00,2022-09-01,16,CMFS_1_SOLA_CIMGNODE,CMFS_1_SOLA_CIMGNODE,CMFS_1_SOLA_CIMGNODE,RTPD,MCC,LMP_CONG_PRC,CMFS_1_SOLA_CIMGNODE,ALL,1,-80.06105,2,2
2022-09-01T23:15:00-00:00,2022-09-01T23:30:00-00:00,2022-09-01,17,CMFS_1_SOLA_CIMGNODE,CMFS_1_SOLA_CIMGNODE,CMFS_1_SOLA_CIMGNODE,RTPD,MCC,LMP_CONG_PRC,CMFS_1_SOLA_CIMGNODE,ALL,1,-157.93654,2,2
2022-09-02T00:15:00-00:00,2022-09-02T00:30:00-00:00,2022-09-01,18,CMFS_1_SOLA_CIMGNODE,CMFS_1_SOLA_CIMGNODE,CMFS_1_SOLA_CIMGNODE,RTPD,MCC,LMP_CONG_PRC,CMFS_1_SOLA_CIMGNODE,ALL,1,-160.04594,2,2
2022-09-02T01:15:00-00:00,2022-09-02T01:30:00-00:00,2022-09-01,19,CMFS_1_SOLA_CIMGNODE,CMFS_1_SOLA_CIMGNODE,CMFS_1_SOLA_CIMGNODE,RTPD,MCC,LMP_CONG_PRC,CMFS_1_SOLA_CIMGNODE,ALL,1,-96.004,2,2
2022-09-02T02:15:00-00:00,2022-09-02T02:30:00-00:00,2022-09-01,20,CMFS_1_SOLA_CIMGNODE,CMFS_1_SOLA_CIMGNODE,CMFS_1_SOLA_CIMGNODE,RTPD,MCC,LMP_CONG_PRC,CMFS_1_SOLA_CIMGNODE,ALL,1,-0.0024,2,2
2022-09-02T03:15:00-00:00,2022-09-02T03:30:00-00:00,2022-09-01,21,CMFS_1_SOLA_CIMGNODE,CMFS_1_SOLA_CIMGNODE,CMFS_1_SOLA_CIMGNODE,RTPD,MCC,LMP_CONG_PRC,CMFS_1_SOLA_CIMGNODE,ALL,1,-247.00838,2,2
2022-09-02T04:15:00-00:00,2022-09-02T04:30:00-00:00,2022-09-01,22,CMFS_1_SOLA_CIMGNODE,CMFS_1_SOLA_CIMGNODE,CMFS_1_SOLA_CIMGNODE,RTPD,MCC,LMP_CONG_PRC,CMFS_1_SOLA_CIMGNODE,ALL,1,-193.75562,2,2
2022-09-02T05:15:00-00:00,2022-09-02T05:30:00-00:00,2022-09-01,23,CMFS_1_SOLA_CIMGNODE,CMFS_1_SOLA_CIMGNODE,CMFS_1_SOLA_CIMGNODE,RTPD,MCC,LMP_CONG_PRC,CMFS_1_SOLA_CIMGNODE,ALL,1,-153.92825,2,2
2022-09-02T06:15:00-00:00,2022-09-02T06:30:00-00:00,2022-09-01,24,CMFS_1_SOLA_CIMGNODE,CMFS_1_SOLA_CIMGNODE,CMFS_1_SOLA_CIMGNODE,RTPD,MCC,LMP_CONG_PRC,CMFS_1_SOLA_CIMGNODE,ALL,1,-51.05547,2,2
2022-09-01T07:30:00-00:00,2022-09-01T07:45:00-00:00,2022-09-01,01,CMFS_1_SOLA_CIMGNODE,CMFS_1_SOLA_CIMGNODE,CMFS_1_SOLA_CIMGNODE,RTPD,MCC,LMP_CONG_PRC,CMFS_1_SOLA_CIMGNODE,ALL,1,7.51271,3,2
2022-09-01T08:30:00-00:00,2022-09-01T08:45:00-00:00,2022-09-01,02,CMFS_1_SOLA_CIMGNODE,CMFS_1_SOLA_CIMGNODE,CMFS_1_SOLA_CIMGNODE,RTPD,MCC,LMP_CONG_PRC,CMFS_1_SOLA_CIMGNODE,ALL,1,-0.00199,3,2
2022-09-01T09:30:00-00:00,2022-09-01T09:45:00-00:00,2022-09-01,03,CMFS_1_SOLA_CIMGNODE,CMFS_1_SOLA_CIMGNODE,CMFS_1_SOLA_CIMGNODE,RTPD,MCC,LMP_CONG_PRC,CMFS_1_SOLA_CIMGNODE,ALL,1,2.74723,3,2
2022-09-01T10:30:00-00:00,2022-09-01T10:45:00-00:00,2022-09-01,04,CMFS_1_SOLA_CIMGNODE,CMFS_1_SOLA_CIMGNODE,CMFS_1_SOLA_CIMGNODE,RTPD,MCC,LMP_CONG_PRC,CMFS_1_SOLA_CIMGNODE,ALL,1,1.49116,3,2
2022-09-01T11:30:00-00:00,2022-09-01T11:45:00-00:00,2022-09-01,05,CMFS_1_SOLA_CIMGNODE,CMFS_1_SOLA_CIMGNODE,CMFS_1_SOLA_CIMGNODE,RTPD,MCC,LMP_CONG_PRC,CMFS_1_SOLA_CIMGNODE,ALL,1,-0.004,3,2
2022-09-01T12:30:00-00:00,2022-09-01T12:45:00-00:00,2022-09-01,06,CMFS_1_SOLA_CIMGNODE,CMFS_1_SOLA_CIMGNODE,CMFS_1_SOLA_CIMGNODE,RTPD,MCC,LMP_CONG_PRC,CMFS_1_SOLA_CIMGNODE,ALL,1,5.24847,3,2
2022-09-01T13:30:00-00:00,2022-09-01T13:45:00-00:00,2022-09-01,07,CMFS_1_SOLA_CIMGNODE,CMFS_1_SOLA_CIMGNODE,CMFS_1_SOLA_CIMGNODE,RTPD,MCC,LMP_CONG_PRC,CMFS_1_SOLA_CIMGNODE,ALL,1,-1.36218,3,2
2022-09-01T14:30:00-00:00,2022-09-01T14:45:00-00:00,2022-09-01,08,CMFS_1_SOLA_CIMGNODE,CMFS_1_SOLA_CIMGNODE,CMFS_1_SOLA_CIMGNODE,RTPD,MCC,LMP_CONG_PRC,CMFS_1_SOLA_CIMGNODE,ALL,1,-12.99685,3,2
2022-09-01T15:30:00-00:00,2022-09-01T15:45:00-00:00,2022-09-01,09,CMFS_1_SOLA_CIMGNODE,CMFS_1_SOLA_CIMGNODE,CMFS_1_SOLA_CIMGNODE,RTPD,MCC,LMP_CONG_PRC,CMFS_1_SOLA_CIMGNODE,ALL,1,-50.07899,3,2
2022-09-01T16:30:00-00:00,2022-09-01T16:45:00-00:00,2022-09-01,10,CMFS_1_SOLA_CIMGNODE,CMFS_1_SOLA_CIMGNODE,CMFS_1_SOLA_CIMGNODE,RTPD,MCC,LMP_CONG_PRC,CMFS_1_SOLA_CIMGNODE,ALL,1,-14.44895,3,2
2022-09-01T17:30:00-00:00,2022-09-01T17:45:00-00:00,2022-09-01,11,CMFS_1_SOLA_CIMGNODE,CMFS_1_SOLA_CIMGNODE,CMFS_1_SOLA_CIMGNODE,RTPD,MCC,LMP_CONG_PRC,CMFS_1_SOLA_CIMGNODE,ALL,1,-13.94756,3,2
2022-09-01T18:30:00-00:00,2022-09-01T18:45:00-00:00,2022-09-01,12,CMFS_1_SOLA_CIMGNODE,CMFS_1_SOLA_CIMGNODE,CMFS_1_SOLA_CIMGNODE,RTPD,MCC,LMP_CONG_PRC,CMFS_1_SOLA_CIMGNODE,ALL,1,-18.87044,3,2
2022-09-01T19:30:00-00:00,2022-09-01T19:45:00-00:00,2022-09-01,13,CMFS_1_SOLA_CIMGNODE,CMFS_1_SOLA_CIMGNODE,CMFS_1_SOLA_CIMGNODE,RTPD,MCC,LMP_CONG_PRC,CMFS_1_SOLA_CIMGNODE,ALL,1,-19.07178,3,2
2022-09-01T20:30:00-00:00,2022-09-01T20:45:00-00:00,2022-09-01,14,CMFS_1_SOLA_CIMGNODE,CMFS_1_SOLA_CIMGNODE,CMFS_1_SOLA_CIMGNODE,RTPD,MCC,LMP_CONG_PRC,CMFS_1_SOLA_CIMGNODE,ALL,1,4.90627,3,2
2022-09-01T21:30:00-00:00,2022-09-01T21:45:00-00:00,2022-09-01,15,CMFS_1_SOLA_CIMGNODE,CMFS_1_SOLA_CIMGNODE,CMFS_1_SOLA_CIMGNODE,RTPD,MCC,LMP_CONG_PRC,CMFS_1_SOLA_CIMGNODE,ALL,1,-33.41669,3,2
2022-09-01T22:30:00-00:00,2022-09-01T22:45:00-00:00,2022-09-01,16,CMFS_1_SOLA_CIMGNODE,CMFS_1_SOLA_CIMGNODE,CMFS_1_SOLA_CIMGNODE,RTPD,MCC,LMP_CONG_PRC,CMFS_1_SOLA_CIMGNODE,ALL,1,-104.09009,3,2
2022-09-01T23:30:00-00:00,2022-09-01T23:45:00-00:00,2022-09-01,17,CMFS_1_SOLA_CIMGNODE,CMFS_1_SOLA_CIMGNODE,CMFS_1_SOLA_CIMGNODE,RTPD,MCC,LMP_CONG_PRC,CMFS_1_SOLA_CIMGNODE,ALL,1,-260.6371,3,2
2022-09-02T00:30:00-00:00,2022-09-02T00:45:00-00:00,2022-09-01,18,CMFS_1_SOLA_CIMGNODE,CMFS_1_SOLA_CIMGNODE,CMFS_1_SOLA_CIMGNODE,RTPD,MCC,LMP_CONG_PRC,CMFS_1_SOLA_CIMGNODE,ALL,1,-96.0032,3,2
2022-09-02T01:30:00-00:00,2022-09-02T01:45:00-00:00,2022-09-01,19,CMFS_1_SOLA_CIMGNODE,CMFS_1_SOLA_CIMGNODE,CMFS_1_SOLA_CIMGNODE,RTPD,MCC,LMP_CONG_PRC,CMFS_1_SOLA_CIMGNODE,ALL,1,-18.25742,3,2
2022-09-02T02:30:00-00:00,2022-09-02T02:45:00-00:00,2022-09-01,20,CMFS_1_SOLA_CIMGNODE,CMFS_1_SOLA_CIMGNODE,CMFS_1_SOLA_CIMGNODE,RTPD,MCC,LMP_CONG_PRC,CMFS_1_SOLA_CIMGNODE,ALL,1,-0.0024,3,2
2022-09-02T03:30:00-00:00,2022-09-02T03:45:00-00:00,2022-09-01,21,CMFS_1_SOLA_CIMGNODE,CMFS_1_SOLA_CIMGNODE,CMFS_1_SOLA_CIMGNODE,RTPD,MCC,LMP_CONG_PRC,CMFS_1_SOLA_CIMGNODE,ALL,1,-69.46993,3,2
2022-09-02T04:30:00-00:00,2022-09-02T04:45:00-00:00,2022-09-01,22,CMFS_1_SOLA_CIMGNODE,CMFS_1_SOLA_CIMGNODE,CMFS_1_SOLA_CIMGNODE,RTPD,MCC,LMP_CONG_PRC,CMFS_1_SOLA_CIMGNODE,ALL,1,-152.43288,3,2
2022-09-02T05:30:00-00:00,2022-09-02T05:45:00-00:00,2022-09-01,23,CMFS_1_SOLA_CIMGNODE,CMFS_1_SOLA_CIMGNODE,CMFS_1_SOLA_CIMGNODE,RTPD,MCC,LMP_CONG_PRC,CMFS_1_SOLA_CIMGNODE,ALL,1,-120.7281,3,2
2022-09-02T06:30:00-00:00,2022-09-02T06:45:00-00:00,2022-09-01,24,CMFS_1_SOLA_CIMGNODE,CMFS_1_SOLA_CIMGNODE,CMFS_1_SOLA_CIMGNODE,RTPD,MCC,LMP_CONG_PRC,CMFS_1_SOLA_CIMGNODE,ALL,1,-112.27802,3,2
2022-09-01T07:45:00-00:00,2022-09-01T08:00:00-00:00,2022-09-01,01,CMFS_1_SOLA_CIMGNODE,CMFS_1_SOLA_CIMGNODE,CMFS_1_SOLA_CIMGNODE,RTPD,MCC,LMP_CONG_PRC,CMFS_1_SOLA_CIMGNODE,ALL,1,8.65056,4,2
2022-09-01T08:45:00-00:00,2022-09-01T09:00:00-00:00,2022-09-01,02,CMFS_1_SOLA_CIMGNODE,CMFS_1_SOLA_CIMGNODE,CMFS_1_SOLA_CIMGNODE,RTPD,MCC,LMP_CONG_PRC,CMFS_1_SOLA_CIMGNODE,ALL,1,2.1099,4,2
2022-09-01T09:45:00-00:00,2022-09-01T10:00:00-00:00,2022-09-01,03,CMFS_1_SOLA_CIMGNODE,CMFS_1_SOLA_CIMGNODE,CMFS_1_SOLA_CIMGNODE,RTPD,MCC,LMP_CONG_PRC,CMFS_1_SOLA_CIMGNODE,ALL,1,2.49913,4,2
2022-09-01T10:45:00-00:00,2022-09-01T11:00:00-00:00,2022-09-01,04,CMFS_1_SOLA_CIMGNODE,CMFS_1_SOLA_CIMGNODE,CMFS_1_SOLA_CIMGNODE,RTPD,MCC,LMP_CONG_PRC,CMFS_1_SOLA_CIMGNODE,ALL,1,0.59003,4,2
2022-09-01T11:45:00-00:00,2022-09-01T12:00:00-00:00,2022-09-01,05,CMFS_1_SOLA_CIMGNODE,CMFS_1_SOLA_CIMGNODE,CMFS_1_SOLA_CIMGNODE,RTPD,MCC,LMP_CONG_PRC,CMFS_1_SOLA_CIMGNODE,ALL,1,-0.0032,4,2
2022-09-01T12:45:00-00:00,2022-09-01T13:00:00-00:00,2022-09-01,06,CMFS_1_SOLA_CIMGNODE,CMFS_1_SOLA_CIMGNODE,CMFS_1_SOLA_CIMGNODE,RTPD,MCC,LMP_CONG_PRC,CMFS_1_SOLA_CIMGNODE,ALL,1,1.18401,4,2
2022-09-01T13:45:00-00:00,2022-09-01T14:00:00-00:00,2022-09-01,07,CMFS_1_SOLA_CIMGNODE,CMFS_1_SOLA_CIMGNODE,CMFS_1_SOLA_CIMGNODE,RTPD,MCC,LMP_CONG_PRC,CMFS_1_SOLA_CIMGNODE,ALL,1,-6.4665,4,2
2022-09-01T14:45:00-00:00,2022-09-01T15:00:00-00:00,2022-09-01,08,CMFS_1_SOLA_CIMGNODE,CMFS_1_SOLA_CIMGNODE,CMFS_1_SOLA_CIMGNODE,RTPD,MCC,LMP_CONG_PRC,CMFS_1_SOLA_CIMGNODE,ALL,1,-16.44216,4,2
2022-09-01T15:45:00-00:00,2022-09-01T16:00:00-00:00,2022-09-01,09,CMFS_1_SOLA_CIMGNODE,CMFS_1_SOLA_CIMGNODE,CMFS_1_SOLA_CIMGNODE,RTPD,MCC,LMP_CONG_PRC,CMFS_1_SOLA_CIMGNODE,ALL,1,-25.03959,4,2
2022-09-01T16:45:00-00:00,2022-09-01T17:00:00-00:00,2022-09-01,10,CMFS_1_SOLA_CIMGNODE,CMFS_1_SOLA_CIMGNODE,CMFS_1_SOLA_CIMGNODE,RTPD,MCC,LMP_CONG_PRC,CMFS_1_SOLA_CIMGNODE,ALL,1,-15.05277,4,2
2022-09-01T17:45:00-00:00,2022-09-01T18:00:00-00:00,2022-09-01,11,CMFS_1_SOLA_CIMGNODE,CMFS_1_SOLA_CIMGNODE,CMFS_1_SOLA_CIMGNODE,RTPD,MCC,LMP_CONG_PRC,CMFS_1_SOLA_CIMGNODE,ALL,1,-15.17105,4,2
2022-09-01T18:45:00-00:00,2022-09-01T19:00:00-00:00,2022-09-01,12,CMFS_1_SOLA_CIMGNODE,CMFS_1_SOLA_CIMGNODE,CMFS_1_SOLA_CIMGNODE,RTPD,MCC,LMP_CONG_PRC,CMFS_1_SOLA_CIMGNODE,ALL,1,-21.19431,4,2
2022-09-01T19:45:00-00:00,2022-09-01T20:00:00-00:00,2022-09-01,13,CMFS_1_SOLA_CIMGNODE,CMFS_1_SOLA_CIMGNODE,CMFS_1_SOLA_CIMGNODE,RTPD,MCC,LMP_CONG_PRC,CMFS_1_SOLA_CIMGNODE,ALL,1,-19.90114,4,2
2022-09-01T20:45:00-00:00,2022-09-01T21:00:00-00:00,2022-09-01,14,CMFS_1_SOLA_CIMGNODE,CMFS_1_SOLA_CIMGNODE,CMFS_1_SOLA_CIMGNODE,RTPD,MCC,LMP_CONG_PRC,CMFS_1_SOLA_CIMGNODE,ALL,1,-22.87798,4,2
2022-09-01T21:45:00-00:00,2022-09-01T22:00:00-00:00,2022-09-01,15,CMFS_1_SOLA_CIMGNODE,CMFS_1_SOLA_CIMGNODE,CMFS_1_SOLA_CIMGNODE,RTPD,MCC,LMP_CONG_PRC,CMFS_1_SOLA_CIMGNODE,ALL,1,-122.88944,4,2
2022-09-01T22:45:00-00:00,2022-09-01T23:00:00-00:00,2022-09-01,16,CMFS_1_SOLA_CIMGNODE,CMFS_1_SOLA_CIMGNODE,CMFS_1_SOLA_CIMGNODE,RTPD,MCC,LMP_CONG_PRC,CMFS_1_SOLA_CIMGNODE,ALL,1,-159.20914,4,2
2022-09-01T23:45:00-00:00,2022-09-02T00:00:00-00:00,2022-09-01,17,CMFS_1_SOLA_CIMGNODE,CMFS_1_SOLA_CIMGNODE,CMFS_1_SOLA_CIMGNODE,RTPD,MCC,LMP_CONG_PRC,CMFS_1_SOLA_CIMGNODE,ALL,1,-368.17453,4,2
2022-09-02T00:45:00-00:00,2022-09-02T01:00:00-00:00,2022-09-01,18,CMFS_1_SOLA_CIMGNODE,CMFS_1_SOLA_CIMGNODE,CMFS_1_SOLA_CIMGNODE,RTPD,MCC,LMP_CONG_PRC,CMFS_1_SOLA_CIMGNODE,ALL,1,-682.17236,4,2
2022-09-02T01:45:00-00:00,2022-09-02T02:00:00-00:00,2022-09-01,19,CMFS_1_SOLA_CIMGNODE,CMFS_1_SOLA_CIMGNODE,CMFS_1_SOLA_CIMGNODE,RTPD,MCC,LMP_CONG_PRC,CMFS_1_SOLA_CIMGNODE,ALL,1,-0.0024,4,2
2022-09-02T02:45:00-00:00,2022-09-02T03:00:00-00:00,2022-09-01,20,CMFS_1_SOLA_CIMGNODE,CMFS_1_SOLA_CIMGNODE,CMFS_1_SOLA_CIMGNODE,RTPD,MCC,LMP_CONG_PRC,CMFS_1_SOLA_CIMGNODE,ALL,1,-652.92004,4,2
2022-09-02T03:45:00-00:00,2022-09-02T04:00:00-00:00,2022-09-01,21,CMFS_1_SOLA_CIMGNODE,CMFS_1_SOLA_CIMGNODE,CMFS_1_SOLA_CIMGNODE,RTPD,MCC,LMP_CONG_PRC,CMFS_1_SOLA_CIMGNODE,ALL,1,-60.41574,4,2
2022-09-02T04:45:00-00:00,2022-09-02T05:00:00-00:00,2022-09-01,22,CMFS_1_SOLA_CIMGNODE,CMFS_1_SOLA_CIMGNODE,CMFS_1_SOLA_CIMGNODE,RTPD,MCC,LMP_CONG_PRC,CMFS_1_SOLA_CIMGNODE,ALL,1,-119.84142,4,2
2022-09-02T05:45:00-00:00,2022-09-02T06:00:00-00:00,2022-09-01,23,CMFS_1_SOLA_CIMGNODE,CMFS_1_SOLA_CIMGNODE,CMFS_1_SOLA_CIMGNODE,RTPD,MCC,LMP_CONG_PRC,CMFS_1_SOLA_CIMGNODE,ALL,1,-143.46857,4,2
2022-09-02T06:45:00-00:00,2022-09-02T07:00:00-00:00,2022-09-01,24,CMFS_1_SOLA_CIMGNODE,CMFS_1_SOLA_CIMGNODE,CMFS_1_SOLA_CIMGNODE,RTPD,MCC,LMP_CONG_PRC,CMFS_1_SOLA_CIMGNODE,ALL,1,-70.20941,4,2
2022-09-01T07:00:00-00:00,2022-09-01T07:15:00-00:00,2022-09-01,01,CMFS_1_SOLA_CIMGNODE,CMFS_1_SOLA_CIMGNODE,CMFS_1_SOLA_CIMGNODE,RTPD,MCE,LMP_ENE_PRC,CMFS_1_SOLA_CIMGNODE,ALL,1,104.23471,1,3
2022-09-01T08:00:00-00:00,2022-09-01T08:15:00-00:00,2022-09-01,02,CMFS_1_SOLA_CIMGNODE,CMFS_1_SOLA_CIMGNODE,CMFS_1_SOLA_CIMGNODE,RTPD,MCE,LMP_ENE_PRC,CMFS_1_SOLA_CIMGNODE,ALL,1,115.5488,1,3
2022-09-01T09:00:00-00:00,2022-09-01T09:15:00-00:00,2022-09-01,03,CMFS_1_SOLA_CIMGNODE,CMFS_1_SOLA_CIMGNODE,CMFS_1_SOLA_CIMGNODE,RTPD,MCE,LMP_ENE_PRC,CMFS_1_SOLA_CIMGNODE,ALL,1,99.73061,1,3
2022-09-01T10:00:00-00:00,2022-09-01T10:15:00-00:00,2022-09-01,04,CMFS_1_SOLA_CIMGNODE,CMFS_1_SOLA_CIMGNODE,CMFS_1_SOLA_CIMGNODE,RTPD,MCE,LMP_ENE_PRC,CMFS_1_SOLA_CIMGNODE,ALL,1,98.64222,1,3
2022-09-01T11:00:00-00:00,2022-09-01T11:15:00-00:00,2022-09-01,05,CMFS_1_SOLA_CIMGNODE,CMFS_1_SOLA_CIMGNODE,CMFS_1_SOLA_CIMGNODE,RTPD,MCE,LMP_ENE_PRC,CMFS_1_SOLA_CIMGNODE,ALL,1,102.56859,1,3
2022-09-01T12:00:00-00:00,2022-09-01T12:15:00-00:00,2022-09-01,06,CMFS_1_SOLA_CIMGNODE,CMFS_1_SOLA_CIMGNODE,CMFS_1_SOLA_CIMGNODE,RTPD,MCE,LMP_ENE_PRC,CMFS_1_SOLA_CIMGNODE,ALL,1,96.90845,1,3
2022-09-01T13:00:00-00:00,2022-09-01T13:15:00-00:00,2022-09-01,07,CMFS_1_SOLA_CIMGNODE,CMFS_1_SOLA_CIMGNODE,CMFS_1_SOLA_CIMGNODE,RTPD,MCE,LMP_ENE_PRC,CMFS_1_SOLA_CIMGNODE,ALL,1,101.80878,1,3
2022-09-01T14:00:00-00:00,2022-09-01T14:15:00-00:00,2022-09-01,08,CMFS_1_SOLA_CIMGNODE,CMFS_1_SOLA_CIMGNODE,CMFS_1_SOLA_CIMGNODE,RTPD,MCE,LMP_ENE_PRC,CMFS_1_SOLA_CIMGNODE,ALL,1,111.11219,1,3
2022-09-01T15:00:00-00:00,2022-09-01T15:15:00-00:00,2022-09-01,09,CMFS_1_SOLA_CIMGNODE,CMFS_1_SOLA_CIMGNODE,CMFS_1_SOLA_CIMGNODE,RTPD,MCE,LMP_ENE_PRC,CMFS_1_SOLA_CIMGNODE,ALL,1,97.4112,1,3
2022-09-01T16:00:00-00:00,2022-09-01T16:15:00-00:00,2022-09-01,10,CMFS_1_SOLA_CIMGNODE,CMFS_1_SOLA_CIMGNODE,CMFS_1_SOLA_CIMGNODE,RTPD,MCE,LMP_ENE_PRC,CMFS_1_SOLA_CIMGNODE,ALL,1,83.43525,1,3
2022-09-01T17:00:00-00:00,2022-09-01T17:15:00-00:00,2022-09-01,11,CMFS_1_SOLA_CIMGNODE,CMFS_1_SOLA_CIMGNODE,CMFS_1_SOLA_CIMGNODE,RTPD,MCE,LMP_ENE_PRC,CMFS_1_SOLA_CIMGNODE,ALL,1,96.94897,1,3
2022-09-01T18:00:00-00:00,2022-09-01T18:15:00-00:00,2022-09-01,12,CMFS_1_SOLA_CIMGNODE,CMFS_1_SOLA_CIMGNODE,CMFS_1_SOLA_CIMGNODE,RTPD,MCE,LMP_ENE_PRC,CMFS_1_SOLA_CIMGNODE,ALL,1,91.59291,1,3
2022-09-01T19:00:00-00:00,2022-09-01T19:15:00-00:00,2022-09-01,13,CMFS_1_SOLA_CIMGNODE,CMFS_1_SOLA_CIMGNODE,CMFS_1_SOLA_CIMGNODE,RTPD,MCE,LMP_ENE_PRC,CMFS_1_SOLA_CIMGNODE,ALL,1,109.19637,1,3
2022-09-01T20:00:00-00:00,2022-09-01T20:15:00-00:00,2022-09-01,14,CMFS_1_SOLA_CIMGNODE,CMFS_1_SOLA_CIMGNODE,CMFS_1_SOLA_CIMGNODE,RTPD,MCE,LMP_ENE_PRC,CMFS_1_SOLA_CIMGNODE,ALL,1,117.94359,1,3
2022-09-01T21:00:00-00:00,2022-09-01T21:15:00-00:00,2022-09-01,15,CMFS_1_SOLA_CIMGNODE,CMFS_1_SOLA_CIMGNODE,CMFS_1_SOLA_CIMGNODE,RTPD,MCE,LMP_ENE_PRC,CMFS_1_SOLA_CIMGNODE,ALL,1,226.61499,1,3
2022-09-01T22:00:00-00:00,2022-09-01T22:15:00-00:00,2022-09-01,16,CMFS_1_SOLA_CIMGNODE,CMFS_1_SOLA_CIMGNODE,CMFS_1_SOLA_CIMGNODE,RTPD,MCE,LMP_ENE_PRC,CMFS_1_SOLA_CIMGNODE,ALL,1,229.18552,1,3
2022-09-01T23:00:00-00:00,2022-09-01T23:15:00-00:00,2022-09-01,17,CMFS_1_SOLA_CIMGNODE,CMFS_1_SOLA_CIMGNODE,CMFS_1_SOLA_CIMGNODE,RTPD,MCE,LMP_ENE_PRC,CMFS_1_SOLA_CIMGNODE,ALL,1,386.7537,1,3
2022-09-02T00:00:00-00:00,2022-09-02T00:15:00-00:00,2022-09-01,18,CMFS_1_SOLA_CIMGNODE,CMFS_1_SOLA_CIMGNODE,CMFS_1_SOLA_CIMGNODE,RTPD,MCE,LMP_ENE_PRC,CMFS_1_SOLA_CIMGNODE,ALL,1,770.58136,1,3
2022-09-02T01:00:00-00:00,2022-09-02T01:15:00-00:00,2022-09-01,19,CMFS_1_SOLA_CIMGNODE,CMFS_1_SOLA_CIMGNODE,CMFS_1_SOLA_CIMGNODE,RTPD,MCE,LMP_ENE_PRC,CMFS_1_SOLA_CIMGNODE,ALL,1,916.27124,1,3
2022-09-02T02:00:00-00:00,2022-09-02T02:15:00-00:00,2022-09-01,20,CMFS_1_SOLA_CIMGNODE,CMFS_1_SOLA_CIMGNODE,CMFS_1_SOLA_CIMGNODE,RTPD,MCE,LMP_ENE_PRC,CMFS_1_SOLA_CIMGNODE,ALL,1,1991.6721,1,3
2022-09-02T03:00:00-00:00,2022-09-02T03:15:00-00:00,2022-09-01,21,CMFS_1_SOLA_CIMGNODE,CMFS_1_SOLA_CIMGNODE,CMFS_1_SOLA_CIMGNODE,RTPD,MCE,LMP_ENE_PRC,CMFS_1_SOLA_CIMGNODE,ALL,1,917.5508,1,3
2022-09-02T04:00:00-00:00,2022-09-02T04:15:00-00:00,2022-09-01,22,CMFS_1_SOLA_CIMGNODE,CMFS_1_SOLA_CIMGNODE,CMFS_1_SOLA_CIMGNODE,RTPD,MCE,LMP_ENE_PRC,CMFS_1_SOLA_CIMGNODE,ALL,1,257.83005,1,3
2022-09-02T05:00:00-00:00,2022-09-02T05:15:00-00:00,2022-09-01,23,CMFS_1_SOLA_CIMGNODE,CMFS_1_SOLA_CIMGNODE,CMFS_1_SOLA_CIMGNODE,RTPD,MCE,LMP_ENE_PRC,CMFS_1_SOLA_CIMGNODE,ALL,1,183.24657,1,3
2022-09-02T06:00:00-00:00,2022-09-02T06:15:00-00:00,2022-09-01,24,CMFS_1_SOLA_CIMGNODE,CMFS_1_SOLA_CIMGNODE,CMFS_1_SOLA_CIMGNODE,RTPD,MCE,LMP_ENE_PRC,CMFS_1_SOLA_CIMGNODE,ALL,1,158.867,1,3
2022-09-01T07:15:00-00:00,2022-09-01T07:30:00-00:00,2022-09-01,01,CMFS_1_SOLA_CIMGNODE,CMFS_1_SOLA_CIMGNODE,CMFS_1_SOLA_CIMGNODE,RTPD,MCE,LMP_ENE_PRC,CMFS_1_SOLA_CIMGNODE,ALL,1,125.55144,2,3
2022-09-01T08:15:00-00:00,2022-09-01T08:30:00-00:00,2022-09-01,02,CMFS_1_SOLA_CIMGNODE,CMFS_1_SOLA_CIMGNODE,CMFS_1_SOLA_CIMGNODE,RTPD,MCE,LMP_ENE_PRC,CMFS_1_SOLA_CIMGNODE,ALL,1,115.53165,2,3
2022-09-01T09:15:00-00:00,2022-09-01T09:30:00-00:00,2022-09-01,03,CMFS_1_SOLA_CIMGNODE,CMFS_1_SOLA_CIMGNODE,CMFS_1_SOLA_CIMGNODE,RTPD,MCE,LMP_ENE_PRC,CMFS_1_SOLA_CIMGNODE,ALL,1,98.30543,2,3
2022-09-01T10:15:00-00:00,2022-09-01T10:30:00-00:00,2022-09-01,04,CMFS_1_SOLA_CIMGNODE,CMFS_1_SOLA_CIMGNODE,CMFS_1_SOLA_CIMGNODE,RTPD,MCE,LMP_ENE_PRC,CMFS_1_SOLA_CIMGNODE,ALL,1,97.00684,2,3
2022-09-01T11:15:00-00:00,2022-09-01T11:30:00-00:00,2022-09-01,05,CMFS_1_SOLA_CIMGNODE,CMFS_1_SOLA_CIMGNODE,CMFS_1_SOLA_CIMGNODE,RTPD,MCE,LMP_ENE_PRC,CMFS_1_SOLA_CIMGNODE,ALL,1,103.09059,2,3
2022-09-01T12:15:00-00:00,2022-09-01T12:30:00-00:00,2022-09-01,06,CMFS_1_SOLA_CIMGNODE,CMFS_1_SOLA_CIMGNODE,CMFS_1_SOLA_CIMGNODE,RTPD,MCE,LMP_ENE_PRC,CMFS_1_SOLA_CIMGNODE,ALL,1,109.32203,2,3
2022-09-01T13:15:00-00:00,2022-09-01T13:30:00-00:00,2022-09-01,07,CMFS_1_SOLA_CIMGNODE,CMFS_1_SOLA_CIMGNODE,CMFS_1_SOLA_CIMGNODE,RTPD,MCE,LMP_ENE_PRC,CMFS_1_SOLA_CIMGNODE,ALL,1,110.97827,2,3
2022-09-01T14:15:00-00:00,2022-09-01T14:30:00-00:00,2022-09-01,08,CMFS_1_SOLA_CIMGNODE,CMFS_1_SOLA_CIMGNODE,CMFS_1_SOLA_CIMGNODE,RTPD,MCE,LMP_ENE_PRC,CMFS_1_SOLA_CIMGNODE,ALL,1,104.78743,2,3
2022-09-01T15:15:00-00:00,2022-09-01T15:30:00-00:00,2022-09-01,09,CMFS_1_SOLA_CIMGNODE,CMFS_1_SOLA_CIMGNODE,CMFS_1_SOLA_CIMGNODE,RTPD,MCE,LMP_ENE_PRC,CMFS_1_SOLA_CIMGNODE,ALL,1,86.9388,2,3
2022-09-01T16:15:00-00:00,2022-09-01T16:30:00-00:00,2022-09-01,10,CMFS_1_SOLA_CIMGNODE,CMFS_1_SOLA_CIMGNODE,CMFS_1_SOLA_CIMGNODE,RTPD,MCE,LMP_ENE_PRC,CMFS_1_SOLA_CIMGNODE,ALL,1,89.44858,2,3
2022-09-01T17:15:00-00:00,2022-09-01T17:30:00-00:00,2022-09-01,11,CMFS_1_SOLA_CIMGNODE,CMFS_1_SOLA_CIMGNODE,CMFS_1_SOLA_CIMGNODE,RTPD,MCE,LMP_ENE_PRC,CMFS_1_SOLA_CIMGNODE,ALL,1,99.34673,2,3
2022-09-01T18:15:00-00:00,2022-09-01T18:30:00-00:00,2022-09-01,12,CMFS_1_SOLA_CIMGNODE,CMFS_1_SOLA_CIMGNODE,CMFS_1_SOLA_CIMGNODE,RTPD,MCE,LMP_ENE_PRC,CMFS_1_SOLA_CIMGNODE,ALL,1,101.15901,2,3
2022-09-01T19:15:00-00:00,2022-09-01T19:30:00-00:00,2022-09-01,13,CMFS_1_SOLA_CIMGNODE,CMFS_1_SOLA_CIMGNODE,CMFS_1_SOLA_CIMGNODE,RTPD,MCE,LMP_ENE_PRC,CMFS_1_SOLA_CIMGNODE,ALL,1,105.30588,2,3
2022-09-01T20:15:00-00:00,2022-09-01T20:30:00-00:00,2022-09-01,14,CMFS_1_SOLA_CIMGNODE,CMFS_1_SOLA_CIMGNODE,CMFS_1_SOLA_CIMGNODE,RTPD,MCE,LMP_ENE_PRC,CMFS_1_SOLA_CIMGNODE,ALL,1,117.49421,2,3
2022-09-01T21:15:00-00:00,2022-09-01T21:30:00-00:00,2022-09-01,15,CMFS_1_SOLA_CIMGNODE,CMFS_1_SOLA_CIMGNODE,CMFS_1_SOLA_CIMGNODE,RTPD,MCE,LMP_ENE_PRC,CMFS_1_SOLA_CIMGNODE,ALL,1,147.21185,2,3
2022-09-01T22:15:00-00:00,2022-09-01T22:30:00-00:00,2022-09-01,16,CMFS_1_SOLA_CIMGNODE,CMFS_1_SOLA_CIMGNODE,CMFS_1_SOLA_CIMGNODE,RTPD,MCE,LMP_ENE_PRC,CMFS_1_SOLA_CIMGNODE,ALL,1,256.58734,2,3
2022-09-01T23:15:00-00:00,2022-09-01T23:30:00-00:00,2022-09-01,17,CMFS_1_SOLA_CIMGNODE,CMFS_1_SOLA_CIMGNODE,CMFS_1_SOLA_CIMGNODE,RTPD,MCE,LMP_ENE_PRC,CMFS_1_SOLA_CIMGNODE,ALL,1,362.12408,2,3
2022-09-02T00:15:00-00:00,2022-09-02T00:30:00-00:00,2022-09-01,18,CMFS_1_SOLA_CIMGNODE,CMFS_1_SOLA_CIMGNODE,CMFS_1_SOLA_CIMGNODE,RTPD,MCE,LMP_ENE_PRC,CMFS_1_SOLA_CIMGNODE,ALL,1,691.2182,2,3
2022-09-02T01:15:00-00:00,2022-09-02T01:30:00-00:00,2022-09-01,19,CMFS_1_SOLA_CIMGNODE,CMFS_1_SOLA_CIMGNODE,CMFS_1_SOLA_CIMGNODE,RTPD,MCE,LMP_ENE_PRC,CMFS_1_SOLA_CIMGNODE,ALL,1,1999.9933,2,3
2022-09-02T02:15:00-00:00,2022-09-02T02:30:00-00:00,2022-09-01,20,CMFS_1_SOLA_CIMGNODE,CMFS_1_SOLA_CIMGNODE,CMFS_1_SOLA_CIMGNODE,RTPD,MCE,LMP_ENE_PRC,CMFS_1_SOLA_CIMGNODE,ALL,1,1991.6721,2,3
2022-09-02T03:15:00-00:00,2022-09-02T03:30:00-00:00,2022-09-01,21,CMFS_1_SOLA_CIMGNODE,CMFS_1_SOLA_CIMGNODE,CMFS_1_SOLA_CIMGNODE,RTPD,MCE,LMP_ENE_PRC,CMFS_1_SOLA_CIMGNODE,ALL,1,400.52884,2,3
2022-09-02T04:15:00-00:00,2022-09-02T04:30:00-00:00,2022-09-01,22,CMFS_1_SOLA_CIMGNODE,CMFS_1_SOLA_CIMGNODE,CMFS_1_SOLA_CIMGNODE,RTPD,MCE,LMP_ENE_PRC,CMFS_1_SOLA_CIMGNODE,ALL,1,224.75041,2,3
2022-09-02T05:15:00-00:00,2022-09-02T05:30:00-00:00,2022-09-01,23,CMFS_1_SOLA_CIMGNODE,CMFS_1_SOLA_CIMGNODE,CMFS_1_SOLA_CIMGNODE,RTPD,MCE,LMP_ENE_PRC,CMFS_1_SOLA_CIMGNODE,ALL,1,157.11986,2,3
2022-09-02T06:15:00-00:00,2022-09-02T06:30:00-00:00,2022-09-01,24,CMFS_1_SOLA_CIMGNODE,CMFS_1_SOLA_CIMGNODE,CMFS_1_SOLA_CIMGNODE,RTPD,MCE,LMP_ENE_PRC,CMFS_1_SOLA_CIMGNODE,ALL,1,143.1005,2,3
2022-09-01T07:30:00-00:00,2022-09-01T07:45:00-00:00,2022-09-01,01,CMFS_1_SOLA_CIMGNODE,CMFS_1_SOLA_CIMGNODE,CMFS_1_SOLA_CIMGNODE,RTPD,MCE,LMP_ENE_PRC,CMFS_1_SOLA_CIMGNODE,ALL,1,119.03196,3,3
2022-09-01T08:30:00-00:00,2022-09-01T08:45:00-00:00,2022-09-01,02,CMFS_1_SOLA_CIMGNODE,CMFS_1_SOLA_CIMGNODE,CMFS_1_SOLA_CIMGNODE,RTPD,MCE,LMP_ENE_PRC,CMFS_1_SOLA_CIMGNODE,ALL,1,111.11241,3,3
2022-09-01T09:30:00-00:00,2022-09-01T09:45:00-00:00,2022-09-01,03,CMFS_1_SOLA_CIMGNODE,CMFS_1_SOLA_CIMGNODE,CMFS_1_SOLA_CIMGNODE,RTPD,MCE,LMP_ENE_PRC,CMFS_1_SOLA_CIMGNODE,ALL,1,98.16228,3,3
2022-09-01T10:30:00-00:00,2022-09-01T10:45:00-00:00,2022-09-01,04,CMFS_1_SOLA_CIMGNODE,CMFS_1_SOLA_CIMGNODE,CMFS_1_SOLA_CIMGNODE,RTPD,MCE,LMP_ENE_PRC,CMFS_1_SOLA_CIMGNODE,ALL,1,96.36226,3,3
2022-09-01T11:30:00-00:00,2022-09-01T11:45:00-00:00,2022-09-01,05,CMFS_1_SOLA_CIMGNODE,CMFS_1_SOLA_CIMGNODE,CMFS_1_SOLA_CIMGNODE,RTPD,MCE,LMP_ENE_PRC,CMFS_1_SOLA_CIMGNODE,ALL,1,103.06198,3,3
2022-09-01T12:30:00-00:00,2022-09-01T12:45:00-00:00,2022-09-01,06,CMFS_1_SOLA_CIMGNODE,CMFS_1_SOLA_CIMGNODE,CMFS_1_SOLA_CIMGNODE,RTPD,MCE,LMP_ENE_PRC,CMFS_1_SOLA_CIMGNODE,ALL,1,113.57403,3,3
2022-09-01T13:30:00-00:00,2022-09-01T13:45:00-00:00,2022-09-01,07,CMFS_1_SOLA_CIMGNODE,CMFS_1_SOLA_CIMGNODE,CMFS_1_SOLA_CIMGNODE,RTPD,MCE,LMP_ENE_PRC,CMFS_1_SOLA_CIMGNODE,ALL,1,111.52025,3,3
2022-09-01T14:30:00-00:00,2022-09-01T14:45:00-00:00,2022-09-01,08,CMFS_1_SOLA_CIMGNODE,CMFS_1_SOLA_CIMGNODE,CMFS_1_SOLA_CIMGNODE,RTPD,MCE,LMP_ENE_PRC,CMFS_1_SOLA_CIMGNODE,ALL,1,101.83428,3,3
2022-09-01T15:30:00-00:00,2022-09-01T15:45:00-00:00,2022-09-01,09,CMFS_1_SOLA_CIMGNODE,CMFS_1_SOLA_CIMGNODE,CMFS_1_SOLA_CIMGNODE,RTPD,MCE,LMP_ENE_PRC,CMFS_1_SOLA_CIMGNODE,ALL,1,86.1388,3,3
2022-09-01T16:30:00-00:00,2022-09-01T16:45:00-00:00,2022-09-01,10,CMFS_1_SOLA_CIMGNODE,CMFS_1_SOLA_CIMGNODE,CMFS_1_SOLA_CIMGNODE,RTPD,MCE,LMP_ENE_PRC,CMFS_1_SOLA_CIMGNODE,ALL,1,88.79644,3,3
2022-09-01T17:30:00-00:00,2022-09-01T17:45:00-00:00,2022-09-01,11,CMFS_1_SOLA_CIMGNODE,CMFS_1_SOLA_CIMGNODE,CMFS_1_SOLA_CIMGNODE,RTPD,MCE,LMP_ENE_PRC,CMFS_1_SOLA_CIMGNODE,ALL,1,99.13013,3,3
2022-09-01T18:30:00-00:00,2022-09-01T18:45:00-00:00,2022-09-01,12,CMFS_1_SOLA_CIMGNODE,CMFS_1_SOLA_CIMGNODE,CMFS_1_SOLA_CIMGNODE,RTPD,MCE,LMP_ENE_PRC,CMFS_1_SOLA_CIMGNODE,ALL,1,107.05718,3,3
2022-09-01T19:30:00-00:00,2022-09-01T19:45:00-00:00,2022-09-01,13,CMFS_1_SOLA_CIMGNODE,CMFS_1_SOLA_CIMGNODE,CMFS_1_SOLA_CIMGNODE,RTPD,MCE,LMP_ENE_PRC,CMFS_1_SOLA_CIMGNODE,ALL,1,114.05905,3,3
2022-09-01T20:30:00-00:00,2022-09-01T20:45:00-00:00,2022-09-01,14,CMFS_1_SOLA_CIMGNODE,CMFS_1_SOLA_CIMGNODE,CMFS_1_SOLA_CIMGNODE,RTPD,MCE,LMP_ENE_PRC,CMFS_1_SOLA_CIMGNODE,ALL,1,129.81606,3,3
2022-09-01T21:30:00-00:00,2022-09-01T21:45:00-00:00,2022-09-01,15,CMFS_1_SOLA_CIMGNODE,CMFS_1_SOLA_CIMGNODE,CMFS_1_SOLA_CIMGNODE,RTPD,MCE,LMP_ENE_PRC,CMFS_1_SOLA_CIMGNODE,ALL,1,152.93057,3,3
2022-09-01T22:30:00-00:00,2022-09-01T22:45:00-00:00,2022-09-01,16,CMFS_1_SOLA_CIMGNODE,CMFS_1_SOLA_CIMGNODE,CMFS_1_SOLA_CIMGNODE,RTPD,MCE,LMP_ENE_PRC,CMFS_1_SOLA_CIMGNODE,ALL,1,283.18182,3,3
2022-09-01T23:30:00-00:00,2022-09-01T23:45:00-00:00,2022-09-01,17,CMFS_1_SOLA_CIMGNODE,CMFS_1_SOLA_CIMGNODE,CMFS_1_SOLA_CIMGNODE,RTPD,MCE,LMP_ENE_PRC,CMFS_1_SOLA_CIMGNODE,ALL,1,566.48157,3,3
2022-09-02T00:30:00-00:00,2022-09-02T00:45:00-00:00,2022-09-01,18,CMFS_1_SOLA_CIMGNODE,CMFS_1_SOLA_CIMGNODE,CMFS_1_SOLA_CIMGNODE,RTPD,MCE,LMP_ENE_PRC,CMFS_1_SOLA_CIMGNODE,ALL,1,1329.1127,3,3
2022-09-02T01:30:00-00:00,2022-09-02T01:45:00-00:00,2022-09-01,19,CMFS_1_SOLA_CIMGNODE,CMFS_1_SOLA_CIMGNODE,CMFS_1_SOLA_CIMGNODE,RTPD,MCE,LMP_ENE_PRC,CMFS_1_SOLA_CIMGNODE,ALL,1,1999.9956,3,3
2022-09-02T02:30:00-00:00,2022-09-02T02:45:00-00:00,2022-09-01,20,CMFS_1_SOLA_CIMGNODE,CMFS_1_SOLA_CIMGNODE,CMFS_1_SOLA_CIMGNODE,RTPD,MCE,LMP_ENE_PRC,CMFS_1_SOLA_CIMGNODE,ALL,1,1991.671,3,3
2022-09-02T03:30:00-00:00,2022-09-02T03:45:00-00:00,2022-09-01,21,CMFS_1_SOLA_CIMGNODE,CMFS_1_SOLA_CIMGNODE,CMFS_1_SOLA_CIMGNODE,RTPD,MCE,LMP_ENE_PRC,CMFS_1_SOLA_CIMGNODE,ALL,1,186.61823,3,3
2022-09-02T04:30:00-00:00,2022-09-02T04:45:00-00:00,2022-09-01,22,CMFS_1_SOLA_CIMGNODE,CMFS_1_SOLA_CIMGNODE,CMFS_1_SOLA_CIMGNODE,RTPD,MCE,LMP_ENE_PRC,CMFS_1_SOLA_CIMGNODE,ALL,1,180.67824,3,3
2022-09-02T05:30:00-00:00,2022-09-02T05:45:00-00:00,2022-09-01,23,CMFS_1_SOLA_CIMGNODE,CMFS_1_SOLA_CIMGNODE,CMFS_1_SOLA_CIMGNODE,RTPD,MCE,LMP_ENE_PRC,CMFS_1_SOLA_CIMGNODE,ALL,1,131.69917,3,3
2022-09-02T06:30:00-00:00,2022-09-02T06:45:00-00:00,2022-09-01,24,CMFS_1_SOLA_CIMGNODE,CMFS_1_SOLA_CIMGNODE,CMFS_1_SOLA_CIMGNODE,RTPD,MCE,LMP_ENE_PRC,CMFS_1_SOLA_CIMGNODE,ALL,1,128.9871,3,3
2022-09-01T07:45:00-00:00,2022-09-01T08:00:00-00:00,2022-09-01,01,CMFS_1_SOLA_CIMGNODE,CMFS_1_SOLA_CIMGNODE,CMFS_1_SOLA_CIMGNODE,RTPD,MCE,LMP_ENE_PRC,CMFS_1_SOLA_CIMGNODE,ALL,1,109.12099,4,3
2022-09-01T08:45:00-00:00,2022-09-01T09:00:00-00:00,2022-09-01,02,CMFS_1_SOLA_CIMGNODE,CMFS_1_SOLA_CIMGNODE,CMFS_1_SOLA_CIMGNODE,RTPD,MCE,LMP_ENE_PRC,CMFS_1_SOLA_CIMGNODE,ALL,1,98.7357,4,3
2022-09-01T09:45:00-00:00,2022-09-01T10:00:00-00:00,2022-09-01,03,CMFS_1_SOLA_CIMGNODE,CMFS_1_SOLA_CIMGNODE,CMFS_1_SOLA_CIMGNODE,RTPD,MCE,LMP_ENE_PRC,CMFS_1_SOLA_CIMGNODE,ALL,1,97.50475,4,3
2022-09-01T10:45:00-00:00,2022-09-01T11:00:00-00:00,2022-09-01,04,CMFS_1_SOLA_CIMGNODE,CMFS_1_SOLA_CIMGNODE,CMFS_1_SOLA_CIMGNODE,RTPD,MCE,LMP_ENE_PRC,CMFS_1_SOLA_CIMGNODE,ALL,1,94.71966,4,3
2022-09-01T11:45:00-00:00,2022-09-01T12:00:00-00:00,2022-09-01,05,CMFS_1_SOLA_CIMGNODE,CMFS_1_SOLA_CIMGNODE,CMFS_1_SOLA_CIMGNODE,RTPD,MCE,LMP_ENE_PRC,CMFS_1_SOLA_CIMGNODE,ALL,1,107.01,4,3
2022-09-01T12:45:00-00:00,2022-09-01T13:00:00-00:00,2022-09-01,06,CMFS_1_SOLA_CIMGNODE,CMFS_1_SOLA_CIMGNODE,CMFS_1_SOLA_CIMGNODE,RTPD,MCE,LMP_ENE_PRC,CMFS_1_SOLA_CIMGNODE,ALL,1,116.4848,4,3
2022-09-01T13:45:00-00:00,2022-09-01T14:00:00-00:00,2022-09-01,07,CMFS_1_SOLA_CIMGNODE,CMFS_1_SOLA_CIMGNODE,CMFS_1_SOLA_CIMGNODE,RTPD,MCE,LMP_ENE_PRC,CMFS_1_SOLA_CIMGNODE,ALL,1,111.41,4,3
2022-09-01T14:45:00-00:00,2022-09-01T15:00:00-00:00,2022-09-01,08,CMFS_1_SOLA_CIMGNODE,CMFS_1_SOLA_CIMGNODE,CMFS_1_SOLA_CIMGNODE,RTPD,MCE,LMP_ENE_PRC,CMFS_1_SOLA_CIMGNODE,ALL,1,86.1388,4,3
2022-09-01T15:45:00-00:00,2022-09-01T16:00:00-00:00,2022-09-01,09,CMFS_1_SOLA_CIMGNODE,CMFS_1_SOLA_CIMGNODE,CMFS_1_SOLA_CIMGNODE,RTPD,MCE,LMP_ENE_PRC,CMFS_1_SOLA_CIMGNODE,ALL,1,78.70076,4,3
2022-09-01T16:45:00-00:00,2022-09-01T17:00:00-00:00,2022-09-01,10,CMFS_1_SOLA_CIMGNODE,CMFS_1_SOLA_CIMGNODE,CMFS_1_SOLA_CIMGNODE,RTPD,MCE,LMP_ENE_PRC,CMFS_1_SOLA_CIMGNODE,ALL,1,91.24933,4,3
2022-09-01T17:45:00-00:00,2022-09-01T18:00:00-00:00,2022-09-01,11,CMFS_1_SOLA_CIMGNODE,CMFS_1_SOLA_CIMGNODE,CMFS_1_SOLA_CIMGNODE,RTPD,MCE,LMP_ENE_PRC,CMFS_1_SOLA_CIMGNODE,ALL,1,99.20544,4,3
2022-09-01T18:45:00-00:00,2022-09-01T19:00:00-00:00,2022-09-01,12,CMFS_1_SOLA_CIMGNODE,CMFS_1_SOLA_CIMGNODE,CMFS_1_SOLA_CIMGNODE,RTPD,MCE,LMP_ENE_PRC,CMFS_1_SOLA_CIMGNODE,ALL,1,109.04064,4,3
2022-09-01T19:45:00-00:00,2022-09-01T20:00:00-00:00,2022-09-01,13,CMFS_1_SOLA_CIMGNODE,CMFS_1_SOLA_CIMGNODE,CMFS_1_SOLA_CIMGNODE,RTPD,MCE,LMP_ENE_PRC,CMFS_1_SOLA_CIMGNODE,ALL,1,120.22491,4,3
2022-09-01T20:45:00-00:00,2022-09-01T21:00:00-00:00,2022-09-01,14,CMFS_1_SOLA_CIMGNODE,CMFS_1_SOLA_CIMGNODE,CMFS_1_SOLA_CIMGNODE,RTPD,MCE,LMP_ENE_PRC,CMFS_1_SOLA_CIMGNODE,ALL,1,154.02509,4,3
2022-09-01T21:45:00-00:00,2022-09-01T22:00:00-00:00,2022-09-01,15,CMFS_1_SOLA_CIMGNODE,CMFS_1_SOLA_CIMGNODE,CMFS_1_SOLA_CIMGNODE,RTPD,MCE,LMP_ENE_PRC,CMFS_1_SOLA_CIMGNODE,ALL,1,300.29376,4,3
2022-09-01T22:45:00-00:00,2022-09-01T23:00:00-00:00,2022-09-01,16,CMFS_1_SOLA_CIMGNODE,CMFS_1_SOLA_CIMGNODE,CMFS_1_SOLA_CIMGNODE,RTPD,MCE,LMP_ENE_PRC,CMFS_1_SOLA_CIMGNODE,ALL,1,429.9137,4,3
2022-09-01T23:45:00-00:00,2022-09-02T00:00:00-00:00,2022-09-01,17,CMFS_1_SOLA_CIMGNODE,CMFS_1_SOLA_CIMGNODE,CMFS_1_SOLA_CIMGNODE,RTPD,MCE,LMP_ENE_PRC,CMFS_1_SOLA_CIMGNODE,ALL,1,1261.2124,4,3
2022-09-02T00:45:00-00:00,2022-09-02T01:00:00-00:00,2022-09-01,18,CMFS_1_SOLA_CIMGNODE,CMFS_1_SOLA_CIMGNODE,CMFS_1_SOLA_CIMGNODE,RTPD,MCE,LMP_ENE_PRC,CMFS_1_SOLA_CIMGNODE,ALL,1,1519.149,4,3
2022-09-02T01:45:00-00:00,2022-09-02T02:00:00-00:00,2022-09-01,19,CMFS_1_SOLA_CIMGNODE,CMFS_1_SOLA_CIMGNODE,CMFS_1_SOLA_CIMGNODE,RTPD,MCE,LMP_ENE_PRC,CMFS_1_SOLA_CIMGNODE,ALL,1,1991.9337,4,3
2022-09-02T02:45:00-00:00,2022-09-02T03:00:00-00:00,2022-09-01,20,CMFS_1_SOLA_CIMGNODE,CMFS_1_SOLA_CIMGNODE,CMFS_1_SOLA_CIMGNODE,RTPD,MCE,LMP_ENE_PRC,CMFS_1_SOLA_CIMGNODE,ALL,1,1629.6213,4,3
2022-09-02T03:45:00-00:00,2022-09-02T04:00:00-00:00,2022-09-01,21,CMFS_1_SOLA_CIMGNODE,CMFS_1_SOLA_CIMGNODE,CMFS_1_SOLA_CIMGNODE,RTPD,MCE,LMP_ENE_PRC,CMFS_1_SOLA_CIMGNODE,ALL,1,141.13702,4,3
2022-09-02T04:45:00-00:00,2022-09-02T05:00:00-00:00,2022-09-01,22,CMFS_1_SOLA_CIMGNODE,CMFS_1_SOLA_CIMGNODE,CMFS_1_SOLA_CIMGNODE,RTPD,MCE,LMP_ENE_PRC,CMFS_1_SOLA_CIMGNODE,ALL,1,126.76372,4,3
2022-09-02T05:45:00-00:00,2022-09-02T06:00:00-00:00,2022-09-01,23,CMFS_1_SOLA_CIMGNODE,CMFS_1_SOLA_CIMGNODE,CMFS_1_SOLA_CIMGNODE,RTPD,MCE,LMP_ENE_PRC,CMFS_1_SOLA_CIMGNODE,ALL,1,119.00958,4,3
2022-09-02T06:45:00-00:00,2022-09-02T07:00:00-00:00,2022-09-01,24,CMFS_1_SOLA_CIMGNODE,CMFS_1_SOLA_CIMGNODE,CMFS_1_SOLA_CIMGNODE,RTPD,MCE,LMP_ENE_PRC,CMFS_1_SOLA_CIMGNODE,ALL,1,109.20324,4,3
2022-09-01T07:00:00-00:00,2022-09-01T07:15:00-00:00,2022-09-01,01,CMFS_1_SOLA_CIMGNODE,CMFS_1_SOLA_CIMGNODE,CMFS_1_SOLA_CIMGNODE,RTPD,MCL,LMP_LOSS_PRC,CMFS_1_SOLA_CIMGNODE,ALL,1,-5.27004,1,4
2022-09-01T08:00:00-00:00,2022-09-01T08:15:00-00:00,2022-09-01,02,CMFS_1_SOLA_CIMGNODE,CMFS_1_SOLA_CIMGNODE,CMFS_1_SOLA_CIMGNODE,RTPD,MCL,LMP_LOSS_PRC,CMFS_1_SOLA_CIMGNODE,ALL,1,0,1,4
2022-09-01T09:00:00-00:00,2022-09-01T09:15:00-00:00,2022-09-01,03,CMFS_1_SOLA_CIMGNODE,CMFS_1_SOLA_CIMGNODE,CMFS_1_SOLA_CIMGNODE,RTPD,MCL,LMP_LOSS_PRC,CMFS_1_SOLA_CIMGNODE,ALL,1,-6.26907,1,4
2022-09-01T10:00:00-00:00,2022-09-01T10:15:00-00:00,2022-09-01,04,CMFS_1_SOLA_CIMGNODE,CMFS_1_SOLA_CIMGNODE,CMFS_1_SOLA_CIMGNODE,RTPD,MCL,LMP_LOSS_PRC,CMFS_1_SOLA_CIMGNODE,ALL,1,-5.93093,1,4
2022-09-01T11:00:00-00:00,2022-09-01T11:15:00-00:00,2022-09-01,05,CMFS_1_SOLA_CIMGNODE,CMFS_1_SOLA_CIMGNODE,CMFS_1_SOLA_CIMGNODE,RTPD,MCL,LMP_LOSS_PRC,CMFS_1_SOLA_CIMGNODE,ALL,1,-5.60797,1,4
2022-09-01T12:00:00-00:00,2022-09-01T12:15:00-00:00,2022-09-01,06,CMFS_1_SOLA_CIMGNODE,CMFS_1_SOLA_CIMGNODE,CMFS_1_SOLA_CIMGNODE,RTPD,MCL,LMP_LOSS_PRC,CMFS_1_SOLA_CIMGNODE,ALL,1,-4.40088,1,4
2022-09-01T13:00:00-00:00,2022-09-01T13:15:00-00:00,2022-09-01,07,CMFS_1_SOLA_CIMGNODE,CMFS_1_SOLA_CIMGNODE,CMFS_1_SOLA_CIMGNODE,RTPD,MCL,LMP_LOSS_PRC,CMFS_1_SOLA_CIMGNODE,ALL,1,0,1,4
2022-09-01T14:00:00-00:00,2022-09-01T14:15:00-00:00,2022-09-01,08,CMFS_1_SOLA_CIMGNODE,CMFS_1_SOLA_CIMGNODE,CMFS_1_SOLA_CIMGNODE,RTPD,MCL,LMP_LOSS_PRC,CMFS_1_SOLA_CIMGNODE,ALL,1,-7.28651,1,4
2022-09-01T15:00:00-00:00,2022-09-01T15:15:00-00:00,2022-09-01,09,CMFS_1_SOLA_CIMGNODE,CMFS_1_SOLA_CIMGNODE,CMFS_1_SOLA_CIMGNODE,RTPD,MCL,LMP_LOSS_PRC,CMFS_1_SOLA_CIMGNODE,ALL,1,0,1,4
2022-09-01T16:00:00-00:00,2022-09-01T16:15:00-00:00,2022-09-01,10,CMFS_1_SOLA_CIMGNODE,CMFS_1_SOLA_CIMGNODE,CMFS_1_SOLA_CIMGNODE,RTPD,MCL,LMP_LOSS_PRC,CMFS_1_SOLA_CIMGNODE,ALL,1,0,1,4
2022-09-01T17:00:00-00:00,2022-09-01T17:15:00-00:00,2022-09-01,11,CMFS_1_SOLA_CIMGNODE,CMFS_1_SOLA_CIMGNODE,CMFS_1_SOLA_CIMGNODE,RTPD,MCL,LMP_LOSS_PRC,CMFS_1_SOLA_CIMGNODE,ALL,1,0,1,4
2022-09-01T18:00:00-00:00,2022-09-01T18:15:00-00:00,2022-09-01,12,CMFS_1_SOLA_CIMGNODE,CMFS_1_SOLA_CIMGNODE,CMFS_1_SOLA_CIMGNODE,RTPD,MCL,LMP_LOSS_PRC,CMFS_1_SOLA_CIMGNODE,ALL,1,0,1,4
2022-09-01T19:00:00-00:00,2022-09-01T19:15:00-00:00,2022-09-01,13,CMFS_1_SOLA_CIMGNODE,CMFS_1_SOLA_CIMGNODE,CMFS_1_SOLA_CIMGNODE,RTPD,MCL,LMP_LOSS_PRC,CMFS_1_SOLA_CIMGNODE,ALL,1,0,1,4
2022-09-01T20:00:00-00:00,2022-09-01T20:15:00-00:00,2022-09-01,14,CMFS_1_SOLA_CIMGNODE,CMFS_1_SOLA_CIMGNODE,CMFS_1_SOLA_CIMGNODE,RTPD,MCL,LMP_LOSS_PRC,CMFS_1_SOLA_CIMGNODE,ALL,1,0,1,4
2022-09-01T21:00:00-00:00,2022-09-01T21:15:00-00:00,2022-09-01,15,CMFS_1_SOLA_CIMGNODE,CMFS_1_SOLA_CIMGNODE,CMFS_1_SOLA_CIMGNODE,RTPD,MCL,LMP_LOSS_PRC,CMFS_1_SOLA_CIMGNODE,ALL,1,0,1,4
2022-09-01T22:00:00-00:00,2022-09-01T22:15:00-00:00,2022-09-01,16,CMFS_1_SOLA_CIMGNODE,CMFS_1_SOLA_CIMGNODE,CMFS_1_SOLA_CIMGNODE,RTPD,MCL,LMP_LOSS_PRC,CMFS_1_SOLA_CIMGNODE,ALL,1,0,1,4
2022-09-01T23:00:00-00:00,2022-09-01T23:15:00-00:00,2022-09-01,17,CMFS_1_SOLA_CIMGNODE,CMFS_1_SOLA_CIMGNODE,CMFS_1_SOLA_CIMGNODE,RTPD,MCL,LMP_LOSS_PRC,CMFS_1_SOLA_CIMGNODE,ALL,1,0,1,4
2022-09-02T00:00:00-00:00,2022-09-02T00:15:00-00:00,2022-09-01,18,CMFS_1_SOLA_CIMGNODE,CMFS_1_SOLA_CIMGNODE,CMFS_1_SOLA_CIMGNODE,RTPD,MCL,LMP_LOSS_PRC,CMFS_1_SOLA_CIMGNODE,ALL,1,-89.23275,1,4
2022-09-02T01:00:00-00:00,2022-09-02T01:15:00-00:00,2022-09-01,19,CMFS_1_SOLA_CIMGNODE,CMFS_1_SOLA_CIMGNODE,CMFS_1_SOLA_CIMGNODE,RTPD,MCL,LMP_LOSS_PRC,CMFS_1_SOLA_CIMGNODE,ALL,1,0,1,4
2022-09-02T02:00:00-00:00,2022-09-02T02:15:00-00:00,2022-09-01,20,CMFS_1_SOLA_CIMGNODE,CMFS_1_SOLA_CIMGNODE,CMFS_1_SOLA_CIMGNODE,RTPD,MCL,LMP_LOSS_PRC,CMFS_1_SOLA_CIMGNODE,ALL,1,0,1,4
2022-09-02T03:00:00-00:00,2022-09-02T03:15:00-00:00,2022-09-01,21,CMFS_1_SOLA_CIMGNODE,CMFS_1_SOLA_CIMGNODE,CMFS_1_SOLA_CIMGNODE,RTPD,MCL,LMP_LOSS_PRC,CMFS_1_SOLA_CIMGNODE,ALL,1,-86.58094,1,4
2022-09-02T04:00:00-00:00,2022-09-02T04:15:00-00:00,2022-09-01,22,CMFS_1_SOLA_CIMGNODE,CMFS_1_SOLA_CIMGNODE,CMFS_1_SOLA_CIMGNODE,RTPD,MCL,LMP_LOSS_PRC,CMFS_1_SOLA_CIMGNODE,ALL,1,-23.50568,1,4
2022-09-02T05:00:00-00:00,2022-09-02T05:15:00-00:00,2022-09-01,23,CMFS_1_SOLA_CIMGNODE,CMFS_1_SOLA_CIMGNODE,CMFS_1_SOLA_CIMGNODE,RTPD,MCL,LMP_LOSS_PRC,CMFS_1_SOLA_CIMGNODE,ALL,1,-16.86869,1,4
2022-09-02T06:00:00-00:00,2022-09-02T06:15:00-00:00,2022-09-01,24,CMFS_1_SOLA_CIMGNODE,CMFS_1_SOLA_CIMGNODE,CMFS_1_SOLA_CIMGNODE,RTPD,MCL,LMP_LOSS_PRC,CMFS_1_SOLA_CIMGNODE,ALL,1,-14.16405,1,4
2022-09-01T07:15:00-00:00,2022-09-01T07:30:00-00:00,2022-09-01,01,CMFS_1_SOLA_CIMGNODE,CMFS_1_SOLA_CIMGNODE,CMFS_1_SOLA_CIMGNODE,RTPD,MCL,LMP_LOSS_PRC,CMFS_1_SOLA_CIMGNODE,ALL,1,0,2,4
2022-09-01T08:15:00-00:00,2022-09-01T08:30:00-00:00,2022-09-01,02,CMFS_1_SOLA_CIMGNODE,CMFS_1_SOLA_CIMGNODE,CMFS_1_SOLA_CIMGNODE,RTPD,MCL,LMP_LOSS_PRC,CMFS_1_SOLA_CIMGNODE,ALL,1,0,2,4
2022-09-01T09:15:00-00:00,2022-09-01T09:30:00-00:00,2022-09-01,03,CMFS_1_SOLA_CIMGNODE,CMFS_1_SOLA_CIMGNODE,CMFS_1_SOLA_CIMGNODE,RTPD,MCL,LMP_LOSS_PRC,CMFS_1_SOLA_CIMGNODE,ALL,1,-5.98502,2,4
2022-09-01T10:15:00-00:00,2022-09-01T10:30:00-00:00,2022-09-01,04,CMFS_1_SOLA_CIMGNODE,CMFS_1_SOLA_CIMGNODE,CMFS_1_SOLA_CIMGNODE,RTPD,MCL,LMP_LOSS_PRC,CMFS_1_SOLA_CIMGNODE,ALL,1,-5.73715,2,4
2022-09-01T11:15:00-00:00,2022-09-01T11:30:00-00:00,2022-09-01,05,CMFS_1_SOLA_CIMGNODE,CMFS_1_SOLA_CIMGNODE,CMFS_1_SOLA_CIMGNODE,RTPD,MCL,LMP_LOSS_PRC,CMFS_1_SOLA_CIMGNODE,ALL,1,-5.48897,2,4
2022-09-01T12:15:00-00:00,2022-09-01T12:30:00-00:00,2022-09-01,06,CMFS_1_SOLA_CIMGNODE,CMFS_1_SOLA_CIMGNODE,CMFS_1_SOLA_CIMGNODE,RTPD,MCL,LMP_LOSS_PRC,CMFS_1_SOLA_CIMGNODE,ALL,1,-5.51108,2,4
2022-09-01T13:15:00-00:00,2022-09-01T13:30:00-00:00,2022-09-01,07,CMFS_1_SOLA_CIMGNODE,CMFS_1_SOLA_CIMGNODE,CMFS_1_SOLA_CIMGNODE,RTPD,MCL,LMP_LOSS_PRC,CMFS_1_SOLA_CIMGNODE,ALL,1,-3.97337,2,4
2022-09-01T14:15:00-00:00,2022-09-01T14:30:00-00:00,2022-09-01,08,CMFS_1_SOLA_CIMGNODE,CMFS_1_SOLA_CIMGNODE,CMFS_1_SOLA_CIMGNODE,RTPD,MCL,LMP_LOSS_PRC,CMFS_1_SOLA_CIMGNODE,ALL,1,-7.2084,2,4
2022-09-01T15:15:00-00:00,2022-09-01T15:30:00-00:00,2022-09-01,09,CMFS_1_SOLA_CIMGNODE,CMFS_1_SOLA_CIMGNODE,CMFS_1_SOLA_CIMGNODE,RTPD,MCL,LMP_LOSS_PRC,CMFS_1_SOLA_CIMGNODE,ALL,1,0,2,4
2022-09-01T16:15:00-00:00,2022-09-01T16:30:00-00:00,2022-09-01,10,CMFS_1_SOLA_CIMGNODE,CMFS_1_SOLA_CIMGNODE,CMFS_1_SOLA_CIMGNODE,RTPD,MCL,LMP_LOSS_PRC,CMFS_1_SOLA_CIMGNODE,ALL,1,0,2,4
2022-09-01T17:15:00-00:00,2022-09-01T17:30:00-00:00,2022-09-01,11,CMFS_1_SOLA_CIMGNODE,CMFS_1_SOLA_CIMGNODE,CMFS_1_SOLA_CIMGNODE,RTPD,MCL,LMP_LOSS_PRC,CMFS_1_SOLA_CIMGNODE,ALL,1,0,2,4
2022-09-01T18:15:00-00:00,2022-09-01T18:30:00-00:00,2022-09-01,12,CMFS_1_SOLA_CIMGNODE,CMFS_1_SOLA_CIMGNODE,CMFS_1_SOLA_CIMGNODE,RTPD,MCL,LMP_LOSS_PRC,CMFS_1_SOLA_CIMGNODE,ALL,1,0,2,4
2022-09-01T19:15:00-00:00,2022-09-01T19:30:00-00:00,2022-09-01,13,CMFS_1_SOLA_CIMGNODE,CMFS_1_SOLA_CIMGNODE,CMFS_1_SOLA_CIMGNODE,RTPD,MCL,LMP_LOSS_PRC,CMFS_1_SOLA_CIMGNODE,ALL,1,0,2,4
2022-09-01T20:15:00-00:00,2022-09-01T20:30:00-00:00,2022-09-01,14,CMFS_1_SOLA_CIMGNODE,CMFS_1_SOLA_CIMGNODE,CMFS_1_SOLA_CIMGNODE,RTPD,MCL,LMP_LOSS_PRC,CMFS_1_SOLA_CIMGNODE,ALL,1,0,2,4
2022-09-01T21:15:00-00:00,2022-09-01T21:30:00-00:00,2022-09-01,15,CMFS_1_SOLA_CIMGNODE,CMFS_1_SOLA_CIMGNODE,CMFS_1_SOLA_CIMGNODE,RTPD,MCL,LMP_LOSS_PRC,CMFS_1_SOLA_CIMGNODE,ALL,1,0,2,4
2022-09-01T22:15:00-00:00,2022-09-01T22:30:00-00:00,2022-09-01,16,CMFS_1_SOLA_CIMGNODE,CMFS_1_SOLA_CIMGNODE,CMFS_1_SOLA_CIMGNODE,RTPD,MCL,LMP_LOSS_PRC,CMFS_1_SOLA_CIMGNODE,ALL,1,0,2,4
2022-09-01T23:15:00-00:00,2022-09-01T23:30:00-00:00,2022-09-01,17,CMFS_1_SOLA_CIMGNODE,CMFS_1_SOLA_CIMGNODE,CMFS_1_SOLA_CIMGNODE,RTPD,MCL,LMP_LOSS_PRC,CMFS_1_SOLA_CIMGNODE,ALL,1,0,2,4
2022-09-02T00:15:00-00:00,2022-09-02T00:30:00-00:00,2022-09-01,18,CMFS_1_SOLA_CIMGNODE,CMFS_1_SOLA_CIMGNODE,CMFS_1_SOLA_CIMGNODE,RTPD,MCL,LMP_LOSS_PRC,CMFS_1_SOLA_CIMGNODE,ALL,1,-74.09321,2,4
2022-09-02T01:15:00-00:00,2022-09-02T01:30:00-00:00,2022-09-01,19,CMFS_1_SOLA_CIMGNODE,CMFS_1_SOLA_CIMGNODE,CMFS_1_SOLA_CIMGNODE,RTPD,MCL,LMP_LOSS_PRC,CMFS_1_SOLA_CIMGNODE,ALL,1,0,2,4
2022-09-02T02:15:00-00:00,2022-09-02T02:30:00-00:00,2022-09-01,20,CMFS_1_SOLA_CIMGNODE,CMFS_1_SOLA_CIMGNODE,CMFS_1_SOLA_CIMGNODE,RTPD,MCL,LMP_LOSS_PRC,CMFS_1_SOLA_CIMGNODE,ALL,1,0,2,4
2022-09-02T03:15:00-00:00,2022-09-02T03:30:00-00:00,2022-09-01,21,CMFS_1_SOLA_CIMGNODE,CMFS_1_SOLA_CIMGNODE,CMFS_1_SOLA_CIMGNODE,RTPD,MCL,LMP_LOSS_PRC,CMFS_1_SOLA_CIMGNODE,ALL,1,-38.45792,2,4
2022-09-02T04:15:00-00:00,2022-09-02T04:30:00-00:00,2022-09-01,22,CMFS_1_SOLA_CIMGNODE,CMFS_1_SOLA_CIMGNODE,CMFS_1_SOLA_CIMGNODE,RTPD,MCL,LMP_LOSS_PRC,CMFS_1_SOLA_CIMGNODE,ALL,1,-20.68094,2,4
2022-09-02T05:15:00-00:00,2022-09-02T05:30:00-00:00,2022-09-01,23,CMFS_1_SOLA_CIMGNODE,CMFS_1_SOLA_CIMGNODE,CMFS_1_SOLA_CIMGNODE,RTPD,MCL,LMP_LOSS_PRC,CMFS_1_SOLA_CIMGNODE,ALL,1,-13.23029,2,4
2022-09-02T06:15:00-00:00,2022-09-02T06:30:00-00:00,2022-09-01,24,CMFS_1_SOLA_CIMGNODE,CMFS_1_SOLA_CIMGNODE,CMFS_1_SOLA_CIMGNODE,RTPD,MCL,LMP_LOSS_PRC,CMFS_1_SOLA_CIMGNODE,ALL,1,-11.12491,2,4
2022-09-01T07:30:00-00:00,2022-09-01T07:45:00-00:00,2022-09-01,01,CMFS_1_SOLA_CIMGNODE,CMFS_1_SOLA_CIMGNODE,CMFS_1_SOLA_CIMGNODE,RTPD,MCL,LMP_LOSS_PRC,CMFS_1_SOLA_CIMGNODE,ALL,1,0,3,4
2022-09-01T08:30:00-00:00,2022-09-01T08:45:00-00:00,2022-09-01,02,CMFS_1_SOLA_CIMGNODE,CMFS_1_SOLA_CIMGNODE,CMFS_1_SOLA_CIMGNODE,RTPD,MCL,LMP_LOSS_PRC,CMFS_1_SOLA_CIMGNODE,ALL,1,-6.42454,3,4
2022-09-01T09:30:00-00:00,2022-09-01T09:45:00-00:00,2022-09-01,03,CMFS_1_SOLA_CIMGNODE,CMFS_1_SOLA_CIMGNODE,CMFS_1_SOLA_CIMGNODE,RTPD,MCL,LMP_LOSS_PRC,CMFS_1_SOLA_CIMGNODE,ALL,1,-5.7164,3,4
2022-09-01T10:30:00-00:00,2022-09-01T10:45:00-00:00,2022-09-01,04,CMFS_1_SOLA_CIMGNODE,CMFS_1_SOLA_CIMGNODE,CMFS_1_SOLA_CIMGNODE,RTPD,MCL,LMP_LOSS_PRC,CMFS_1_SOLA_CIMGNODE,ALL,1,-5.68438,3,4
2022-09-01T11:30:00-00:00,2022-09-01T11:45:00-00:00,2022-09-01,05,CMFS_1_SOLA_CIMGNODE,CMFS_1_SOLA_CIMGNODE,CMFS_1_SOLA_CIMGNODE,RTPD,MCL,LMP_LOSS_PRC,CMFS_1_SOLA_CIMGNODE,ALL,1,-5.58586,3,4
2022-09-01T12:30:00-00:00,2022-09-01T12:45:00-00:00,2022-09-01,06,CMFS_1_SOLA_CIMGNODE,CMFS_1_SOLA_CIMGNODE,CMFS_1_SOLA_CIMGNODE,RTPD,MCL,LMP_LOSS_PRC,CMFS_1_SOLA_CIMGNODE,ALL,1,-5.0675,3,4
2022-09-01T13:30:00-00:00,2022-09-01T13:45:00-00:00,2022-09-01,07,CMFS_1_SOLA_CIMGNODE,CMFS_1_SOLA_CIMGNODE,CMFS_1_SOLA_CIMGNODE,RTPD,MCL,LMP_LOSS_PRC,CMFS_1_SOLA_CIMGNODE,ALL,1,-4.43928,3,4
2022-09-01T14:30:00-00:00,2022-09-01T14:45:00-00:00,2022-09-01,08,CMFS_1_SOLA_CIMGNODE,CMFS_1_SOLA_CIMGNODE,CMFS_1_SOLA_CIMGNODE,RTPD,MCL,LMP_LOSS_PRC,CMFS_1_SOLA_CIMGNODE,ALL,1,-7.76325,3,4
2022-09-01T15:30:00-00:00,2022-09-01T15:45:00-00:00,2022-09-01,09,CMFS_1_SOLA_CIMGNODE,CMFS_1_SOLA_CIMGNODE,CMFS_1_SOLA_CIMGNODE,RTPD,MCL,LMP_LOSS_PRC,CMFS_1_SOLA_CIMGNODE,ALL,1,0,3,4
2022-09-01T16:30:00-00:00,2022-09-01T16:45:00-00:00,2022-09-01,10,CMFS_1_SOLA_CIMGNODE,CMFS_1_SOLA_CIMGNODE,CMFS_1_SOLA_CIMGNODE,RTPD,MCL,LMP_LOSS_PRC,CMFS_1_SOLA_CIMGNODE,ALL,1,0,3,4
2022-09-01T17:30:00-00:00,2022-09-01T17:45:00-00:00,2022-09-01,11,CMFS_1_SOLA_CIMGNODE,CMFS_1_SOLA_CIMGNODE,CMFS_1_SOLA_CIMGNODE,RTPD,MCL,LMP_LOSS_PRC,CMFS_1_SOLA_CIMGNODE,ALL,1,0,3,4
2022-09-01T18:30:00-00:00,2022-09-01T18:45:00-00:00,2022-09-01,12,CMFS_1_SOLA_CIMGNODE,CMFS_1_SOLA_CIMGNODE,CMFS_1_SOLA_CIMGNODE,RTPD,MCL,LMP_LOSS_PRC,CMFS_1_SOLA_CIMGNODE,ALL,1,0,3,4
2022-09-01T19:30:00-00:00,2022-09-01T19:45:00-00:00,2022-09-01,13,CMFS_1_SOLA_CIMGNODE,CMFS_1_SOLA_CIMGNODE,CMFS_1_SOLA_CIMGNODE,RTPD,MCL,LMP_LOSS_PRC,CMFS_1_SOLA_CIMGNODE,ALL,1,0,3,4
2022-09-01T20:30:00-00:00,2022-09-01T20:45:00-00:00,2022-09-01,14,CMFS_1_SOLA_CIMGNODE,CMFS_1_SOLA_CIMGNODE,CMFS_1_SOLA_CIMGNODE,RTPD,MCL,LMP_LOSS_PRC,CMFS_1_SOLA_CIMGNODE,ALL,1,0,3,4
2022-09-01T21:30:00-00:00,2022-09-01T21:45:00-00:00,2022-09-01,15,CMFS_1_SOLA_CIMGNODE,CMFS_1_SOLA_CIMGNODE,CMFS_1_SOLA_CIMGNODE,RTPD,MCL,LMP_LOSS_PRC,CMFS_1_SOLA_CIMGNODE,ALL,1,0,3,4
2022-09-01T22:30:00-00:00,2022-09-01T22:45:00-00:00,2022-09-01,16,CMFS_1_SOLA_CIMGNODE,CMFS_1_SOLA_CIMGNODE,CMFS_1_SOLA_CIMGNODE,RTPD,MCL,LMP_LOSS_PRC,CMFS_1_SOLA_CIMGNODE,ALL,1,0,3,4
2022-09-01T23:30:00-00:00,2022-09-01T23:45:00-00:00,2022-09-01,17,CMFS_1_SOLA_CIMGNODE,CMFS_1_SOLA_CIMGNODE,CMFS_1_SOLA_CIMGNODE,RTPD,MCL,LMP_LOSS_PRC,CMFS_1_SOLA_CIMGNODE,ALL,1,0,3,4
2022-09-02T00:30:00-00:00,2022-09-02T00:45:00-00:00,2022-09-01,18,CMFS_1_SOLA_CIMGNODE,CMFS_1_SOLA_CIMGNODE,CMFS_1_SOLA_CIMGNODE,RTPD,MCL,LMP_LOSS_PRC,CMFS_1_SOLA_CIMGNODE,ALL,1,0,3,4
2022-09-02T01:30:00-00:00,2022-09-02T01:45:00-00:00,2022-09-01,19,CMFS_1_SOLA_CIMGNODE,CMFS_1_SOLA_CIMGNODE,CMFS_1_SOLA_CIMGNODE,RTPD,MCL,LMP_LOSS_PRC,CMFS_1_SOLA_CIMGNODE,ALL,1,0,3,4
2022-09-02T02:30:00-00:00,2022-09-02T02:45:00-00:00,2022-09-01,20,CMFS_1_SOLA_CIMGNODE,CMFS_1_SOLA_CIMGNODE,CMFS_1_SOLA_CIMGNODE,RTPD,MCL,LMP_LOSS_PRC,CMFS_1_SOLA_CIMGNODE,ALL,1,0,3,4
2022-09-02T03:30:00-00:00,2022-09-02T03:45:00-00:00,2022-09-01,21,CMFS_1_SOLA_CIMGNODE,CMFS_1_SOLA_CIMGNODE,CMFS_1_SOLA_CIMGNODE,RTPD,MCL,LMP_LOSS_PRC,CMFS_1_SOLA_CIMGNODE,ALL,1,-16.51246,3,4
2022-09-02T04:30:00-00:00,2022-09-02T04:45:00-00:00,2022-09-01,22,CMFS_1_SOLA_CIMGNODE,CMFS_1_SOLA_CIMGNODE,CMFS_1_SOLA_CIMGNODE,RTPD,MCL,LMP_LOSS_PRC,CMFS_1_SOLA_CIMGNODE,ALL,1,-14.41025,3,4
2022-09-02T05:30:00-00:00,2022-09-02T05:45:00-00:00,2022-09-01,23,CMFS_1_SOLA_CIMGNODE,CMFS_1_SOLA_CIMGNODE,CMFS_1_SOLA_CIMGNODE,RTPD,MCL,LMP_LOSS_PRC,CMFS_1_SOLA_CIMGNODE,ALL,1,-10.58028,3,4
2022-09-02T06:30:00-00:00,2022-09-02T06:45:00-00:00,2022-09-01,24,CMFS_1_SOLA_CIMGNODE,CMFS_1_SOLA_CIMGNODE,CMFS_1_SOLA_CIMGNODE,RTPD,MCL,LMP_LOSS_PRC,CMFS_1_SOLA_CIMGNODE,ALL,1,-10.23192,3,4
2022-09-01T07:45:00-00:00,2022-09-01T08:00:00-00:00,2022-09-01,01,CMFS_1_SOLA_CIMGNODE,CMFS_1_SOLA_CIMGNODE,CMFS_1_SOLA_CIMGNODE,RTPD,MCL,LMP_LOSS_PRC,CMFS_1_SOLA_CIMGNODE,ALL,1,0,4,4
2022-09-01T08:45:00-00:00,2022-09-01T09:00:00-00:00,2022-09-01,02,CMFS_1_SOLA_CIMGNODE,CMFS_1_SOLA_CIMGNODE,CMFS_1_SOLA_CIMGNODE,RTPD,MCL,LMP_LOSS_PRC,CMFS_1_SOLA_CIMGNODE,ALL,1,-5.85924,4,4
2022-09-01T09:45:00-00:00,2022-09-01T10:00:00-00:00,2022-09-01,03,CMFS_1_SOLA_CIMGNODE,CMFS_1_SOLA_CIMGNODE,CMFS_1_SOLA_CIMGNODE,RTPD,MCL,LMP_LOSS_PRC,CMFS_1_SOLA_CIMGNODE,ALL,1,-5.69764,4,4
2022-09-01T10:45:00-00:00,2022-09-01T11:00:00-00:00,2022-09-01,04,CMFS_1_SOLA_CIMGNODE,CMFS_1_SOLA_CIMGNODE,CMFS_1_SOLA_CIMGNODE,RTPD,MCL,LMP_LOSS_PRC,CMFS_1_SOLA_CIMGNODE,ALL,1,-5.3085,4,4
2022-09-01T11:45:00-00:00,2022-09-01T12:00:00-00:00,2022-09-01,05,CMFS_1_SOLA_CIMGNODE,CMFS_1_SOLA_CIMGNODE,CMFS_1_SOLA_CIMGNODE,RTPD,MCL,LMP_LOSS_PRC,CMFS_1_SOLA_CIMGNODE,ALL,1,0,4,4
2022-09-01T12:45:00-00:00,2022-09-01T13:00:00-00:00,2022-09-01,06,CMFS_1_SOLA_CIMGNODE,CMFS_1_SOLA_CIMGNODE,CMFS_1_SOLA_CIMGNODE,RTPD,MCL,LMP_LOSS_PRC,CMFS_1_SOLA_CIMGNODE,ALL,1,0,4,4
2022-09-01T13:45:00-00:00,2022-09-01T14:00:00-00:00,2022-09-01,07,CMFS_1_SOLA_CIMGNODE,CMFS_1_SOLA_CIMGNODE,CMFS_1_SOLA_CIMGNODE,RTPD,MCL,LMP_LOSS_PRC,CMFS_1_SOLA_CIMGNODE,ALL,1,0,4,4
2022-09-01T14:45:00-00:00,2022-09-01T15:00:00-00:00,2022-09-01,08,CMFS_1_SOLA_CIMGNODE,CMFS_1_SOLA_CIMGNODE,CMFS_1_SOLA_CIMGNODE,RTPD,MCL,LMP_LOSS_PRC,CMFS_1_SOLA_CIMGNODE,ALL,1,0,4,4
2022-09-01T15:45:00-00:00,2022-09-01T16:00:00-00:00,2022-09-01,09,CMFS_1_SOLA_CIMGNODE,CMFS_1_SOLA_CIMGNODE,CMFS_1_SOLA_CIMGNODE,RTPD,MCL,LMP_LOSS_PRC,CMFS_1_SOLA_CIMGNODE,ALL,1,0,4,4
2022-09-01T16:45:00-00:00,2022-09-01T17:00:00-00:00,2022-09-01,10,CMFS_1_SOLA_CIMGNODE,CMFS_1_SOLA_CIMGNODE,CMFS_1_SOLA_CIMGNODE,RTPD,MCL,LMP_LOSS_PRC,CMFS_1_SOLA_CIMGNODE,ALL,1,0,4,4
2022-09-01T17:45:00-00:00,2022-09-01T18:00:00-00:00,2022-09-01,11,CMFS_1_SOLA_CIMGNODE,CMFS_1_SOLA_CIMGNODE,CMFS_1_SOLA_CIMGNODE,RTPD,MCL,LMP_LOSS_PRC,CMFS_1_SOLA_CIMGNODE,ALL,1,0,4,4
2022-09-01T18:45:00-00:00,2022-09-01T19:00:00-00:00,2022-09-01,12,CMFS_1_SOLA_CIMGNODE,CMFS_1_SOLA_CIMGNODE,CMFS_1_SOLA_CIMGNODE,RTPD,MCL,LMP_LOSS_PRC,CMFS_1_SOLA_CIMGNODE,ALL,1,0,4,4
2022-09-01T19:45:00-00:00,2022-09-01T20:00:00-00:00,2022-09-01,13,CMFS_1_SOLA_CIMGNODE,CMFS_1_SOLA_CIMGNODE,CMFS_1_SOLA_CIMGNODE,RTPD,MCL,LMP_LOSS_PRC,CMFS_1_SOLA_CIMGNODE,ALL,1,0,4,4
2022-09-01T20:45:00-00:00,2022-09-01T21:00:00-00:00,2022-09-01,14,CMFS_1_SOLA_CIMGNODE,CMFS_1_SOLA_CIMGNODE,CMFS_1_SOLA_CIMGNODE,RTPD,MCL,LMP_LOSS_PRC,CMFS_1_SOLA_CIMGNODE,ALL,1,0,4,4
2022-09-01T21:45:00-00:00,2022-09-01T22:00:00-00:00,2022-09-01,15,CMFS_1_SOLA_CIMGNODE,CMFS_1_SOLA_CIMGNODE,CMFS_1_SOLA_CIMGNODE,RTPD,MCL,LMP_LOSS_PRC,CMFS_1_SOLA_CIMGNODE,ALL,1,0,4,4
2022-09-01T22:45:00-00:00,2022-09-01T23:00:00-00:00,2022-09-01,16,CMFS_1_SOLA_CIMGNODE,CMFS_1_SOLA_CIMGNODE,CMFS_1_SOLA_CIMGNODE,RTPD,MCL,LMP_LOSS_PRC,CMFS_1_SOLA_CIMGNODE,ALL,1,0,4,4
2022-09-01T23:45:00-00:00,2022-09-02T00:00:00-00:00,2022-09-01,17,CMFS_1_SOLA_CIMGNODE,CMFS_1_SOLA_CIMGNODE,CMFS_1_SOLA_CIMGNODE,RTPD,MCL,LMP_LOSS_PRC,CMFS_1_SOLA_CIMGNODE,ALL,1,0,4,4
2022-09-02T00:45:00-00:00,2022-09-02T01:00:00-00:00,2022-09-01,18,CMFS_1_SOLA_CIMGNODE,CMFS_1_SOLA_CIMGNODE,CMFS_1_SOLA_CIMGNODE,RTPD,MCL,LMP_LOSS_PRC,CMFS_1_SOLA_CIMGNODE,ALL,1,0,4,4
2022-09-02T01:45:00-00:00,2022-09-02T02:00:00-00:00,2022-09-01,19,CMFS_1_SOLA_CIMGNODE,CMFS_1_SOLA_CIMGNODE,CMFS_1_SOLA_CIMGNODE,RTPD,MCL,LMP_LOSS_PRC,CMFS_1_SOLA_CIMGNODE,ALL,1,0,4,4
2022-09-02T02:45:00-00:00,2022-09-02T03:00:00-00:00,2022-09-01,20,CMFS_1_SOLA_CIMGNODE,CMFS_1_SOLA_CIMGNODE,CMFS_1_SOLA_CIMGNODE,RTPD,MCL,LMP_LOSS_PRC,CMFS_1_SOLA_CIMGNODE,ALL,1,-149.6699,4,4
2022-09-02T03:45:00-00:00,2022-09-02T04:00:00-00:00,2022-09-01,21,CMFS_1_SOLA_CIMGNODE,CMFS_1_SOLA_CIMGNODE,CMFS_1_SOLA_CIMGNODE,RTPD,MCL,LMP_LOSS_PRC,CMFS_1_SOLA_CIMGNODE,ALL,1,-11.63222,4,4
2022-09-02T04:45:00-00:00,2022-09-02T05:00:00-00:00,2022-09-01,22,CMFS_1_SOLA_CIMGNODE,CMFS_1_SOLA_CIMGNODE,CMFS_1_SOLA_CIMGNODE,RTPD,MCL,LMP_LOSS_PRC,CMFS_1_SOLA_CIMGNODE,ALL,1,-9.98146,4,4
2022-09-02T05:45:00-00:00,2022-09-02T06:00:00-00:00,2022-09-01,23,CMFS_1_SOLA_CIMGNODE,CMFS_1_SOLA_CIMGNODE,CMFS_1_SOLA_CIMGNODE,RTPD,MCL,LMP_LOSS_PRC,CMFS_1_SOLA_CIMGNODE,ALL,1,-9.24428,4,4
2022-09-02T06:45:00-00:00,2022-09-02T07:00:00-00:00,2022-09-01,24,CMFS_1_SOLA_CIMGNODE,CMFS_1_SOLA_CIMGNODE,CMFS_1_SOLA_CIMGNODE,RTPD,MCL,LMP_LOSS_PRC,CMFS_1_SOLA_CIMGNODE,ALL,1,-8.44047,4,4
2022-09-01T07:00:00-00:00,2022-09-01T07:15:00-00:00,2022-09-01,01,CMFS_1_SOLA_CIMGNODE,CMFS_1_SOLA_CIMGNODE,CMFS_1_SOLA_CIMGNODE,RTPD,MGHG,LMP_GHG_PRC,CMFS_1_SOLA_CIMGNODE,ALL,1,-11.45,1,5
2022-09-01T08:00:00-00:00,2022-09-01T08:15:00-00:00,2022-09-01,02,CMFS_1_SOLA_CIMGNODE,CMFS_1_SOLA_CIMGNODE,CMFS_1_SOLA_CIMGNODE,RTPD,MGHG,LMP_GHG_PRC,CMFS_1_SOLA_CIMGNODE,ALL,1,-14.13,1,5
2022-09-01T09:00:00-00:00,2022-09-01T09:15:00-00:00,2022-09-01,03,CMFS_1_SOLA_CIMGNODE,CMFS_1_SOLA_CIMGNODE,CMFS_1_SOLA_CIMGNODE,RTPD,MGHG,LMP_GHG_PRC,CMFS_1_SOLA_CIMGNODE,ALL,1,-12.17178,1,5
2022-09-01T10:00:00-00:00,2022-09-01T10:15:00-00:00,2022-09-01,04,CMFS_1_SOLA_CIMGNODE,CMFS_1_SOLA_CIMGNODE,CMFS_1_SOLA_CIMGNODE,RTPD,MGHG,LMP_GHG_PRC,CMFS_1_SOLA_CIMGNODE,ALL,1,-13.55,1,5
2022-09-01T11:00:00-00:00,2022-09-01T11:15:00-00:00,2022-09-01,05,CMFS_1_SOLA_CIMGNODE,CMFS_1_SOLA_CIMGNODE,CMFS_1_SOLA_CIMGNODE,RTPD,MGHG,LMP_GHG_PRC,CMFS_1_SOLA_CIMGNODE,ALL,1,-13.55,1,5
2022-09-01T12:00:00-00:00,2022-09-01T12:15:00-00:00,2022-09-01,06,CMFS_1_SOLA_CIMGNODE,CMFS_1_SOLA_CIMGNODE,CMFS_1_SOLA_CIMGNODE,RTPD,MGHG,LMP_GHG_PRC,CMFS_1_SOLA_CIMGNODE,ALL,1,-13.71725,1,5
2022-09-01T13:00:00-00:00,2022-09-01T13:15:00-00:00,2022-09-01,07,CMFS_1_SOLA_CIMGNODE,CMFS_1_SOLA_CIMGNODE,CMFS_1_SOLA_CIMGNODE,RTPD,MGHG,LMP_GHG_PRC,CMFS_1_SOLA_CIMGNODE,ALL,1,-15,1,5
2022-09-01T14:00:00-00:00,2022-09-01T14:15:00-00:00,2022-09-01,08,CMFS_1_SOLA_CIMGNODE,CMFS_1_SOLA_CIMGNODE,CMFS_1_SOLA_CIMGNODE,RTPD,MGHG,LMP_GHG_PRC,CMFS_1_SOLA_CIMGNODE,ALL,1,-15.61,1,5
2022-09-01T15:00:00-00:00,2022-09-01T15:15:00-00:00,2022-09-01,09,CMFS_1_SOLA_CIMGNODE,CMFS_1_SOLA_CIMGNODE,CMFS_1_SOLA_CIMGNODE,RTPD,MGHG,LMP_GHG_PRC,CMFS_1_SOLA_CIMGNODE,ALL,1,-12.7,1,5
2022-09-01T16:00:00-00:00,2022-09-01T16:15:00-00:00,2022-09-01,10,CMFS_1_SOLA_CIMGNODE,CMFS_1_SOLA_CIMGNODE,CMFS_1_SOLA_CIMGNODE,RTPD,MGHG,LMP_GHG_PRC,CMFS_1_SOLA_CIMGNODE,ALL,1,-14.1,1,5
2022-09-01T17:00:00-00:00,2022-09-01T17:15:00-00:00,2022-09-01,11,CMFS_1_SOLA_CIMGNODE,CMFS_1_SOLA_CIMGNODE,CMFS_1_SOLA_CIMGNODE,RTPD,MGHG,LMP_GHG_PRC,CMFS_1_SOLA_CIMGNODE,ALL,1,-11.63,1,5
2022-09-01T18:00:00-00:00,2022-09-01T18:15:00-00:00,2022-09-01,12,CMFS_1_SOLA_CIMGNODE,CMFS_1_SOLA_CIMGNODE,CMFS_1_SOLA_CIMGNODE,RTPD,MGHG,LMP_GHG_PRC,CMFS_1_SOLA_CIMGNODE,ALL,1,-13.98,1,5
2022-09-01T19:00:00-00:00,2022-09-01T19:15:00-00:00,2022-09-01,13,CMFS_1_SOLA_CIMGNODE,CMFS_1_SOLA_CIMGNODE,CMFS_1_SOLA_CIMGNODE,RTPD,MGHG,LMP_GHG_PRC,CMFS_1_SOLA_CIMGNODE,ALL,1,-14.15,1,5
2022-09-01T20:00:00-00:00,2022-09-01T20:15:00-00:00,2022-09-01,14,CMFS_1_SOLA_CIMGNODE,CMFS_1_SOLA_CIMGNODE,CMFS_1_SOLA_CIMGNODE,RTPD,MGHG,LMP_GHG_PRC,CMFS_1_SOLA_CIMGNODE,ALL,1,-26.16,1,5
2022-09-01T21:00:00-00:00,2022-09-01T21:15:00-00:00,2022-09-01,15,CMFS_1_SOLA_CIMGNODE,CMFS_1_SOLA_CIMGNODE,CMFS_1_SOLA_CIMGNODE,RTPD,MGHG,LMP_GHG_PRC,CMFS_1_SOLA_CIMGNODE,ALL,1,-15,1,5
2022-09-01T22:00:00-00:00,2022-09-01T22:15:00-00:00,2022-09-01,16,CMFS_1_SOLA_CIMGNODE,CMFS_1_SOLA_CIMGNODE,CMFS_1_SOLA_CIMGNODE,RTPD,MGHG,LMP_GHG_PRC,CMFS_1_SOLA_CIMGNODE,ALL,1,-17.36,1,5
2022-09-01T23:00:00-00:00,2022-09-01T23:15:00-00:00,2022-09-01,17,CMFS_1_SOLA_CIMGNODE,CMFS_1_SOLA_CIMGNODE,CMFS_1_SOLA_CIMGNODE,RTPD,MGHG,LMP_GHG_PRC,CMFS_1_SOLA_CIMGNODE,ALL,1,-26.16,1,5
2022-09-02T00:00:00-00:00,2022-09-02T00:15:00-00:00,2022-09-01,18,CMFS_1_SOLA_CIMGNODE,CMFS_1_SOLA_CIMGNODE,CMFS_1_SOLA_CIMGNODE,RTPD,MGHG,LMP_GHG_PRC,CMFS_1_SOLA_CIMGNODE,ALL,1,-28.21,1,5
2022-09-02T01:00:00-00:00,2022-09-02T01:15:00-00:00,2022-09-01,19,CMFS_1_SOLA_CIMGNODE,CMFS_1_SOLA_CIMGNODE,CMFS_1_SOLA_CIMGNODE,RTPD,MGHG,LMP_GHG_PRC,CMFS_1_SOLA_CIMGNODE,ALL,1,-24.91,1,5
2022-09-02T02:00:00-00:00,2022-09-02T02:15:00-00:00,2022-09-01,20,CMFS_1_SOLA_CIMGNODE,CMFS_1_SOLA_CIMGNODE,CMFS_1_SOLA_CIMGNODE,RTPD,MGHG,LMP_GHG_PRC,CMFS_1_SOLA_CIMGNODE,ALL,1,-15.61,1,5
2022-09-02T03:00:00-00:00,2022-09-02T03:15:00-00:00,2022-09-01,21,CMFS_1_SOLA_CIMGNODE,CMFS_1_SOLA_CIMGNODE,CMFS_1_SOLA_CIMGNODE,RTPD,MGHG,LMP_GHG_PRC,CMFS_1_SOLA_CIMGNODE,ALL,1,-11.89,1,5
2022-09-02T04:00:00-00:00,2022-09-02T04:15:00-00:00,2022-09-01,22,CMFS_1_SOLA_CIMGNODE,CMFS_1_SOLA_CIMGNODE,CMFS_1_SOLA_CIMGNODE,RTPD,MGHG,LMP_GHG_PRC,CMFS_1_SOLA_CIMGNODE,ALL,1,-14.75,1,5
2022-09-02T05:00:00-00:00,2022-09-02T05:15:00-00:00,2022-09-01,23,CMFS_1_SOLA_CIMGNODE,CMFS_1_SOLA_CIMGNODE,CMFS_1_SOLA_CIMGNODE,RTPD,MGHG,LMP_GHG_PRC,CMFS_1_SOLA_CIMGNODE,ALL,1,-9.52,1,5
2022-09-02T06:00:00-00:00,2022-09-02T06:15:00-00:00,2022-09-01,24,CMFS_1_SOLA_CIMGNODE,CMFS_1_SOLA_CIMGNODE,CMFS_1_SOLA_CIMGNODE,RTPD,MGHG,LMP_GHG_PRC,CMFS_1_SOLA_CIMGNODE,ALL,1,-11.63,1,5
2022-09-01T07:15:00-00:00,2022-09-01T07:30:00-00:00,2022-09-01,01,CMFS_1_SOLA_CIMGNODE,CMFS_1_SOLA_CIMGNODE,CMFS_1_SOLA_CIMGNODE,RTPD,MGHG,LMP_GHG_PRC,CMFS_1_SOLA_CIMGNODE,ALL,1,-13.76,2,5
2022-09-01T08:15:00-00:00,2022-09-01T08:30:00-00:00,2022-09-01,02,CMFS_1_SOLA_CIMGNODE,CMFS_1_SOLA_CIMGNODE,CMFS_1_SOLA_CIMGNODE,RTPD,MGHG,LMP_GHG_PRC,CMFS_1_SOLA_CIMGNODE,ALL,1,-14.75,2,5
2022-09-01T09:15:00-00:00,2022-09-01T09:30:00-00:00,2022-09-01,03,CMFS_1_SOLA_CIMGNODE,CMFS_1_SOLA_CIMGNODE,CMFS_1_SOLA_CIMGNODE,RTPD,MGHG,LMP_GHG_PRC,CMFS_1_SOLA_CIMGNODE,ALL,1,-12.19,2,5
2022-09-01T10:15:00-00:00,2022-09-01T10:30:00-00:00,2022-09-01,04,CMFS_1_SOLA_CIMGNODE,CMFS_1_SOLA_CIMGNODE,CMFS_1_SOLA_CIMGNODE,RTPD,MGHG,LMP_GHG_PRC,CMFS_1_SOLA_CIMGNODE,ALL,1,-13.98,2,5
2022-09-01T11:15:00-00:00,2022-09-01T11:30:00-00:00,2022-09-01,05,CMFS_1_SOLA_CIMGNODE,CMFS_1_SOLA_CIMGNODE,CMFS_1_SOLA_CIMGNODE,RTPD,MGHG,LMP_GHG_PRC,CMFS_1_SOLA_CIMGNODE,ALL,1,-13.98,2,5
2022-09-01T12:15:00-00:00,2022-09-01T12:30:00-00:00,2022-09-01,06,CMFS_1_SOLA_CIMGNODE,CMFS_1_SOLA_CIMGNODE,CMFS_1_SOLA_CIMGNODE,RTPD,MGHG,LMP_GHG_PRC,CMFS_1_SOLA_CIMGNODE,ALL,1,-14.79,2,5
2022-09-01T13:15:00-00:00,2022-09-01T13:30:00-00:00,2022-09-01,07,CMFS_1_SOLA_CIMGNODE,CMFS_1_SOLA_CIMGNODE,CMFS_1_SOLA_CIMGNODE,RTPD,MGHG,LMP_GHG_PRC,CMFS_1_SOLA_CIMGNODE,ALL,1,-15,2,5
2022-09-01T14:15:00-00:00,2022-09-01T14:30:00-00:00,2022-09-01,08,CMFS_1_SOLA_CIMGNODE,CMFS_1_SOLA_CIMGNODE,CMFS_1_SOLA_CIMGNODE,RTPD,MGHG,LMP_GHG_PRC,CMFS_1_SOLA_CIMGNODE,ALL,1,-14.22559,2,5
2022-09-01T15:15:00-00:00,2022-09-01T15:30:00-00:00,2022-09-01,09,CMFS_1_SOLA_CIMGNODE,CMFS_1_SOLA_CIMGNODE,CMFS_1_SOLA_CIMGNODE,RTPD,MGHG,LMP_GHG_PRC,CMFS_1_SOLA_CIMGNODE,ALL,1,-12.7,2,5
2022-09-01T16:15:00-00:00,2022-09-01T16:30:00-00:00,2022-09-01,10,CMFS_1_SOLA_CIMGNODE,CMFS_1_SOLA_CIMGNODE,CMFS_1_SOLA_CIMGNODE,RTPD,MGHG,LMP_GHG_PRC,CMFS_1_SOLA_CIMGNODE,ALL,1,-13.34161,2,5
2022-09-01T17:15:00-00:00,2022-09-01T17:30:00-00:00,2022-09-01,11,CMFS_1_SOLA_CIMGNODE,CMFS_1_SOLA_CIMGNODE,CMFS_1_SOLA_CIMGNODE,RTPD,MGHG,LMP_GHG_PRC,CMFS_1_SOLA_CIMGNODE,ALL,1,-11.89,2,5
2022-09-01T18:15:00-00:00,2022-09-01T18:30:00-00:00,2022-09-01,12,CMFS_1_SOLA_CIMGNODE,CMFS_1_SOLA_CIMGNODE,CMFS_1_SOLA_CIMGNODE,RTPD,MGHG,LMP_GHG_PRC,CMFS_1_SOLA_CIMGNODE,ALL,1,-14.79,2,5
2022-09-01T19:15:00-00:00,2022-09-01T19:30:00-00:00,2022-09-01,13,CMFS_1_SOLA_CIMGNODE,CMFS_1_SOLA_CIMGNODE,CMFS_1_SOLA_CIMGNODE,RTPD,MGHG,LMP_GHG_PRC,CMFS_1_SOLA_CIMGNODE,ALL,1,-14.79,2,5
2022-09-01T20:15:00-00:00,2022-09-01T20:30:00-00:00,2022-09-01,14,CMFS_1_SOLA_CIMGNODE,CMFS_1_SOLA_CIMGNODE,CMFS_1_SOLA_CIMGNODE,RTPD,MGHG,LMP_GHG_PRC,CMFS_1_SOLA_CIMGNODE,ALL,1,-18.59,2,5
2022-09-01T21:15:00-00:00,2022-09-01T21:30:00-00:00,2022-09-01,15,CMFS_1_SOLA_CIMGNODE,CMFS_1_SOLA_CIMGNODE,CMFS_1_SOLA_CIMGNODE,RTPD,MGHG,LMP_GHG_PRC,CMFS_1_SOLA_CIMGNODE,ALL,1,-15.41,2,5
2022-09-01T22:15:00-00:00,2022-09-01T22:30:00-00:00,2022-09-01,16,CMFS_1_SOLA_CIMGNODE,CMFS_1_SOLA_CIMGNODE,CMFS_1_SOLA_CIMGNODE,RTPD,MGHG,LMP_GHG_PRC,CMFS_1_SOLA_CIMGNODE,ALL,1,-19.44814,2,5
2022-09-01T23:15:00-00:00,2022-09-01T23:30:00-00:00,2022-09-01,17,CMFS_1_SOLA_CIMGNODE,CMFS_1_SOLA_CIMGNODE,CMFS_1_SOLA_CIMGNODE,RTPD,MGHG,LMP_GHG_PRC,CMFS_1_SOLA_CIMGNODE,ALL,1,-26.16,2,5
2022-09-02T00:15:00-00:00,2022-09-02T00:30:00-00:00,2022-09-01,18,CMFS_1_SOLA_CIMGNODE,CMFS_1_SOLA_CIMGNODE,CMFS_1_SOLA_CIMGNODE,RTPD,MGHG,LMP_GHG_PRC,CMFS_1_SOLA_CIMGNODE,ALL,1,-24.91,2,5
2022-09-02T01:15:00-00:00,2022-09-02T01:30:00-00:00,2022-09-01,19,CMFS_1_SOLA_CIMGNODE,CMFS_1_SOLA_CIMGNODE,CMFS_1_SOLA_CIMGNODE,RTPD,MGHG,LMP_GHG_PRC,CMFS_1_SOLA_CIMGNODE,ALL,1,-18.59,2,5
2022-09-02T02:15:00-00:00,2022-09-02T02:30:00-00:00,2022-09-01,20,CMFS_1_SOLA_CIMGNODE,CMFS_1_SOLA_CIMGNODE,CMFS_1_SOLA_CIMGNODE,RTPD,MGHG,LMP_GHG_PRC,CMFS_1_SOLA_CIMGNODE,ALL,1,-17.16,2,5
2022-09-02T03:15:00-00:00,2022-09-02T03:30:00-00:00,2022-09-01,21,CMFS_1_SOLA_CIMGNODE,CMFS_1_SOLA_CIMGNODE,CMFS_1_SOLA_CIMGNODE,RTPD,MGHG,LMP_GHG_PRC,CMFS_1_SOLA_CIMGNODE,ALL,1,-14.79,2,5
2022-09-02T04:15:00-00:00,2022-09-02T04:30:00-00:00,2022-09-01,22,CMFS_1_SOLA_CIMGNODE,CMFS_1_SOLA_CIMGNODE,CMFS_1_SOLA_CIMGNODE,RTPD,MGHG,LMP_GHG_PRC,CMFS_1_SOLA_CIMGNODE,ALL,1,-14.79,2,5
2022-09-02T05:15:00-00:00,2022-09-02T05:30:00-00:00,2022-09-01,23,CMFS_1_SOLA_CIMGNODE,CMFS_1_SOLA_CIMGNODE,CMFS_1_SOLA_CIMGNODE,RTPD,MGHG,LMP_GHG_PRC,CMFS_1_SOLA_CIMGNODE,ALL,1,-11.89,2,5
2022-09-02T06:15:00-00:00,2022-09-02T06:30:00-00:00,2022-09-01,24,CMFS_1_SOLA_CIMGNODE,CMFS_1_SOLA_CIMGNODE,CMFS_1_SOLA_CIMGNODE,RTPD,MGHG,LMP_GHG_PRC,CMFS_1_SOLA_CIMGNODE,ALL,1,-11.13,2,5
2022-09-01T07:30:00-00:00,2022-09-01T07:45:00-00:00,2022-09-01,01,CMFS_1_SOLA_CIMGNODE,CMFS_1_SOLA_CIMGNODE,CMFS_1_SOLA_CIMGNODE,RTPD,MGHG,LMP_GHG_PRC,CMFS_1_SOLA_CIMGNODE,ALL,1,-14.46,3,5
2022-09-01T08:30:00-00:00,2022-09-01T08:45:00-00:00,2022-09-01,02,CMFS_1_SOLA_CIMGNODE,CMFS_1_SOLA_CIMGNODE,CMFS_1_SOLA_CIMGNODE,RTPD,MGHG,LMP_GHG_PRC,CMFS_1_SOLA_CIMGNODE,ALL,1,-14.79,3,5
2022-09-01T09:30:00-00:00,2022-09-01T09:45:00-00:00,2022-09-01,03,CMFS_1_SOLA_CIMGNODE,CMFS_1_SOLA_CIMGNODE,CMFS_1_SOLA_CIMGNODE,RTPD,MGHG,LMP_GHG_PRC,CMFS_1_SOLA_CIMGNODE,ALL,1,-12.97,3,5
2022-09-01T10:30:00-00:00,2022-09-01T10:45:00-00:00,2022-09-01,04,CMFS_1_SOLA_CIMGNODE,CMFS_1_SOLA_CIMGNODE,CMFS_1_SOLA_CIMGNODE,RTPD,MGHG,LMP_GHG_PRC,CMFS_1_SOLA_CIMGNODE,ALL,1,-13.98,3,5
2022-09-01T11:30:00-00:00,2022-09-01T11:45:00-00:00,2022-09-01,05,CMFS_1_SOLA_CIMGNODE,CMFS_1_SOLA_CIMGNODE,CMFS_1_SOLA_CIMGNODE,RTPD,MGHG,LMP_GHG_PRC,CMFS_1_SOLA_CIMGNODE,ALL,1,-14.53398,3,5
2022-09-01T12:30:00-00:00,2022-09-01T12:45:00-00:00,2022-09-01,06,CMFS_1_SOLA_CIMGNODE,CMFS_1_SOLA_CIMGNODE,CMFS_1_SOLA_CIMGNODE,RTPD,MGHG,LMP_GHG_PRC,CMFS_1_SOLA_CIMGNODE,ALL,1,-14.79,3,5
2022-09-01T13:30:00-00:00,2022-09-01T13:45:00-00:00,2022-09-01,07,CMFS_1_SOLA_CIMGNODE,CMFS_1_SOLA_CIMGNODE,CMFS_1_SOLA_CIMGNODE,RTPD,MGHG,LMP_GHG_PRC,CMFS_1_SOLA_CIMGNODE,ALL,1,-15.84217,3,5
2022-09-01T14:30:00-00:00,2022-09-01T14:45:00-00:00,2022-09-01,08,CMFS_1_SOLA_CIMGNODE,CMFS_1_SOLA_CIMGNODE,CMFS_1_SOLA_CIMGNODE,RTPD,MGHG,LMP_GHG_PRC,CMFS_1_SOLA_CIMGNODE,ALL,1,-12.7,3,5
2022-09-01T15:30:00-00:00,2022-09-01T15:45:00-00:00,2022-09-01,09,CMFS_1_SOLA_CIMGNODE,CMFS_1_SOLA_CIMGNODE,CMFS_1_SOLA_CIMGNODE,RTPD,MGHG,LMP_GHG_PRC,CMFS_1_SOLA_CIMGNODE,ALL,1,-12.05,3,5
2022-09-01T16:30:00-00:00,2022-09-01T16:45:00-00:00,2022-09-01,10,CMFS_1_SOLA_CIMGNODE,CMFS_1_SOLA_CIMGNODE,CMFS_1_SOLA_CIMGNODE,RTPD,MGHG,LMP_GHG_PRC,CMFS_1_SOLA_CIMGNODE,ALL,1,-11.13,3,5
2022-09-01T17:30:00-00:00,2022-09-01T17:45:00-00:00,2022-09-01,11,CMFS_1_SOLA_CIMGNODE,CMFS_1_SOLA_CIMGNODE,CMFS_1_SOLA_CIMGNODE,RTPD,MGHG,LMP_GHG_PRC,CMFS_1_SOLA_CIMGNODE,ALL,1,-11.63,3,5
2022-09-01T18:30:00-00:00,2022-09-01T18:45:00-00:00,2022-09-01,12,CMFS_1_SOLA_CIMGNODE,CMFS_1_SOLA_CIMGNODE,CMFS_1_SOLA_CIMGNODE,RTPD,MGHG,LMP_GHG_PRC,CMFS_1_SOLA_CIMGNODE,ALL,1,-14.37982,3,5
2022-09-01T19:30:00-00:00,2022-09-01T19:45:00-00:00,2022-09-01,13,CMFS_1_SOLA_CIMGNODE,CMFS_1_SOLA_CIMGNODE,CMFS_1_SOLA_CIMGNODE,RTPD,MGHG,LMP_GHG_PRC,CMFS_1_SOLA_CIMGNODE,ALL,1,-14.79,3,5
2022-09-01T20:30:00-00:00,2022-09-01T20:45:00-00:00,2022-09-01,14,CMFS_1_SOLA_CIMGNODE,CMFS_1_SOLA_CIMGNODE,CMFS_1_SOLA_CIMGNODE,RTPD,MGHG,LMP_GHG_PRC,CMFS_1_SOLA_CIMGNODE,ALL,1,-19.37,3,5
2022-09-01T21:30:00-00:00,2022-09-01T21:45:00-00:00,2022-09-01,15,CMFS_1_SOLA_CIMGNODE,CMFS_1_SOLA_CIMGNODE,CMFS_1_SOLA_CIMGNODE,RTPD,MGHG,LMP_GHG_PRC,CMFS_1_SOLA_CIMGNODE,ALL,1,-14.79,3,5
2022-09-01T22:30:00-00:00,2022-09-01T22:45:00-00:00,2022-09-01,16,CMFS_1_SOLA_CIMGNODE,CMFS_1_SOLA_CIMGNODE,CMFS_1_SOLA_CIMGNODE,RTPD,MGHG,LMP_GHG_PRC,CMFS_1_SOLA_CIMGNODE,ALL,1,-17.77,3,5
2022-09-01T23:30:00-00:00,2022-09-01T23:45:00-00:00,2022-09-01,17,CMFS_1_SOLA_CIMGNODE,CMFS_1_SOLA_CIMGNODE,CMFS_1_SOLA_CIMGNODE,RTPD,MGHG,LMP_GHG_PRC,CMFS_1_SOLA_CIMGNODE,ALL,1,-26.16,3,5
2022-09-02T00:30:00-00:00,2022-09-02T00:45:00-00:00,2022-09-01,18,CMFS_1_SOLA_CIMGNODE,CMFS_1_SOLA_CIMGNODE,CMFS_1_SOLA_CIMGNODE,RTPD,MGHG,LMP_GHG_PRC,CMFS_1_SOLA_CIMGNODE,ALL,1,-29.51,3,5
2022-09-02T01:30:00-00:00,2022-09-02T01:45:00-00:00,2022-09-01,19,CMFS_1_SOLA_CIMGNODE,CMFS_1_SOLA_CIMGNODE,CMFS_1_SOLA_CIMGNODE,RTPD,MGHG,LMP_GHG_PRC,CMFS_1_SOLA_CIMGNODE,ALL,1,-18.59,3,5
2022-09-02T02:30:00-00:00,2022-09-02T02:45:00-00:00,2022-09-01,20,CMFS_1_SOLA_CIMGNODE,CMFS_1_SOLA_CIMGNODE,CMFS_1_SOLA_CIMGNODE,RTPD,MGHG,LMP_GHG_PRC,CMFS_1_SOLA_CIMGNODE,ALL,1,-25.88,3,5
2022-09-02T03:30:00-00:00,2022-09-02T03:45:00-00:00,2022-09-01,21,CMFS_1_SOLA_CIMGNODE,CMFS_1_SOLA_CIMGNODE,CMFS_1_SOLA_CIMGNODE,RTPD,MGHG,LMP_GHG_PRC,CMFS_1_SOLA_CIMGNODE,ALL,1,-14.79,3,5
2022-09-02T04:30:00-00:00,2022-09-02T04:45:00-00:00,2022-09-01,22,CMFS_1_SOLA_CIMGNODE,CMFS_1_SOLA_CIMGNODE,CMFS_1_SOLA_CIMGNODE,RTPD,MGHG,LMP_GHG_PRC,CMFS_1_SOLA_CIMGNODE,ALL,1,-15.61,3,5
2022-09-02T05:30:00-00:00,2022-09-02T05:45:00-00:00,2022-09-01,23,CMFS_1_SOLA_CIMGNODE,CMFS_1_SOLA_CIMGNODE,CMFS_1_SOLA_CIMGNODE,RTPD,MGHG,LMP_GHG_PRC,CMFS_1_SOLA_CIMGNODE,ALL,1,-14.79,3,5
2022-09-02T06:30:00-00:00,2022-09-02T06:45:00-00:00,2022-09-01,24,CMFS_1_SOLA_CIMGNODE,CMFS_1_SOLA_CIMGNODE,CMFS_1_SOLA_CIMGNODE,RTPD,MGHG,LMP_GHG_PRC,CMFS_1_SOLA_CIMGNODE,ALL,1,-14.79,3,5
2022-09-01T07:45:00-00:00,2022-09-01T08:00:00-00:00,2022-09-01,01,CMFS_1_SOLA_CIMGNODE,CMFS_1_SOLA_CIMGNODE,CMFS_1_SOLA_CIMGNODE,RTPD,MGHG,LMP_GHG_PRC,CMFS_1_SOLA_CIMGNODE,ALL,1,-14,4,5
2022-09-01T08:45:00-00:00,2022-09-01T09:00:00-00:00,2022-09-01,02,CMFS_1_SOLA_CIMGNODE,CMFS_1_SOLA_CIMGNODE,CMFS_1_SOLA_CIMGNODE,RTPD,MGHG,LMP_GHG_PRC,CMFS_1_SOLA_CIMGNODE,ALL,1,-14.79,4,5
2022-09-01T09:45:00-00:00,2022-09-01T10:00:00-00:00,2022-09-01,03,CMFS_1_SOLA_CIMGNODE,CMFS_1_SOLA_CIMGNODE,CMFS_1_SOLA_CIMGNODE,RTPD,MGHG,LMP_GHG_PRC,CMFS_1_SOLA_CIMGNODE,ALL,1,-12.97,4,5
2022-09-01T10:45:00-00:00,2022-09-01T11:00:00-00:00,2022-09-01,04,CMFS_1_SOLA_CIMGNODE,CMFS_1_SOLA_CIMGNODE,CMFS_1_SOLA_CIMGNODE,RTPD,MGHG,LMP_GHG_PRC,CMFS_1_SOLA_CIMGNODE,ALL,1,-13.55,4,5
2022-09-01T11:45:00-00:00,2022-09-01T12:00:00-00:00,2022-09-01,05,CMFS_1_SOLA_CIMGNODE,CMFS_1_SOLA_CIMGNODE,CMFS_1_SOLA_CIMGNODE,RTPD,MGHG,LMP_GHG_PRC,CMFS_1_SOLA_CIMGNODE,ALL,1,-14.79,4,5
2022-09-01T12:45:00-00:00,2022-09-01T13:00:00-00:00,2022-09-01,06,CMFS_1_SOLA_CIMGNODE,CMFS_1_SOLA_CIMGNODE,CMFS_1_SOLA_CIMGNODE,RTPD,MGHG,LMP_GHG_PRC,CMFS_1_SOLA_CIMGNODE,ALL,1,-14.79,4,5
2022-09-01T13:45:00-00:00,2022-09-01T14:00:00-00:00,2022-09-01,07,CMFS_1_SOLA_CIMGNODE,CMFS_1_SOLA_CIMGNODE,CMFS_1_SOLA_CIMGNODE,RTPD,MGHG,LMP_GHG_PRC,CMFS_1_SOLA_CIMGNODE,ALL,1,-14.79,4,5
2022-09-01T14:45:00-00:00,2022-09-01T15:00:00-00:00,2022-09-01,08,CMFS_1_SOLA_CIMGNODE,CMFS_1_SOLA_CIMGNODE,CMFS_1_SOLA_CIMGNODE,RTPD,MGHG,LMP_GHG_PRC,CMFS_1_SOLA_CIMGNODE,ALL,1,-8.84,4,5
2022-09-01T15:45:00-00:00,2022-09-01T16:00:00-00:00,2022-09-01,09,CMFS_1_SOLA_CIMGNODE,CMFS_1_SOLA_CIMGNODE,CMFS_1_SOLA_CIMGNODE,RTPD,MGHG,LMP_GHG_PRC,CMFS_1_SOLA_CIMGNODE,ALL,1,-12.05,4,5
2022-09-01T16:45:00-00:00,2022-09-01T17:00:00-00:00,2022-09-01,10,CMFS_1_SOLA_CIMGNODE,CMFS_1_SOLA_CIMGNODE,CMFS_1_SOLA_CIMGNODE,RTPD,MGHG,LMP_GHG_PRC,CMFS_1_SOLA_CIMGNODE,ALL,1,-10.94,4,5
2022-09-01T17:45:00-00:00,2022-09-01T18:00:00-00:00,2022-09-01,11,CMFS_1_SOLA_CIMGNODE,CMFS_1_SOLA_CIMGNODE,CMFS_1_SOLA_CIMGNODE,RTPD,MGHG,LMP_GHG_PRC,CMFS_1_SOLA_CIMGNODE,ALL,1,-12.32178,4,5
2022-09-01T18:45:00-00:00,2022-09-01T19:00:00-00:00,2022-09-01,12,CMFS_1_SOLA_CIMGNODE,CMFS_1_SOLA_CIMGNODE,CMFS_1_SOLA_CIMGNODE,RTPD,MGHG,LMP_GHG_PRC,CMFS_1_SOLA_CIMGNODE,ALL,1,-13.98,4,5
2022-09-01T19:45:00-00:00,2022-09-01T20:00:00-00:00,2022-09-01,13,CMFS_1_SOLA_CIMGNODE,CMFS_1_SOLA_CIMGNODE,CMFS_1_SOLA_CIMGNODE,RTPD,MGHG,LMP_GHG_PRC,CMFS_1_SOLA_CIMGNODE,ALL,1,-15.37,4,5
2022-09-01T20:45:00-00:00,2022-09-01T21:00:00-00:00,2022-09-01,14,CMFS_1_SOLA_CIMGNODE,CMFS_1_SOLA_CIMGNODE,CMFS_1_SOLA_CIMGNODE,RTPD,MGHG,LMP_GHG_PRC,CMFS_1_SOLA_CIMGNODE,ALL,1,-15.61,4,5
2022-09-01T21:45:00-00:00,2022-09-01T22:00:00-00:00,2022-09-01,15,CMFS_1_SOLA_CIMGNODE,CMFS_1_SOLA_CIMGNODE,CMFS_1_SOLA_CIMGNODE,RTPD,MGHG,LMP_GHG_PRC,CMFS_1_SOLA_CIMGNODE,ALL,1,-14.79,4,5
2022-09-01T22:45:00-00:00,2022-09-01T23:00:00-00:00,2022-09-01,16,CMFS_1_SOLA_CIMGNODE,CMFS_1_SOLA_CIMGNODE,CMFS_1_SOLA_CIMGNODE,RTPD,MGHG,LMP_GHG_PRC,CMFS_1_SOLA_CIMGNODE,ALL,1,-17.16,4,5
2022-09-01T23:45:00-00:00,2022-09-02T00:00:00-00:00,2022-09-01,17,CMFS_1_SOLA_CIMGNODE,CMFS_1_SOLA_CIMGNODE,CMFS_1_SOLA_CIMGNODE,RTPD,MGHG,LMP_GHG_PRC,CMFS_1_SOLA_CIMGNODE,ALL,1,-28.33,4,5
2022-09-02T00:45:00-00:00,2022-09-02T01:00:00-00:00,2022-09-01,18,CMFS_1_SOLA_CIMGNODE,CMFS_1_SOLA_CIMGNODE,CMFS_1_SOLA_CIMGNODE,RTPD,MGHG,LMP_GHG_PRC,CMFS_1_SOLA_CIMGNODE,ALL,1,-29.51,4,5
2022-09-02T01:45:00-00:00,2022-09-02T02:00:00-00:00,2022-09-01,19,CMFS_1_SOLA_CIMGNODE,CMFS_1_SOLA_CIMGNODE,CMFS_1_SOLA_CIMGNODE,RTPD,MGHG,LMP_GHG_PRC,CMFS_1_SOLA_CIMGNODE,ALL,1,-15.61,4,5
2022-09-02T02:45:00-00:00,2022-09-02T03:00:00-00:00,2022-09-01,20,CMFS_1_SOLA_CIMGNODE,CMFS_1_SOLA_CIMGNODE,CMFS_1_SOLA_CIMGNODE,RTPD,MGHG,LMP_GHG_PRC,CMFS_1_SOLA_CIMGNODE,ALL,1,-30.58,4,5
2022-09-02T03:45:00-00:00,2022-09-02T04:00:00-00:00,2022-09-01,21,CMFS_1_SOLA_CIMGNODE,CMFS_1_SOLA_CIMGNODE,CMFS_1_SOLA_CIMGNODE,RTPD,MGHG,LMP_GHG_PRC,CMFS_1_SOLA_CIMGNODE,ALL,1,-16.46,4,5
2022-09-02T04:45:00-00:00,2022-09-02T05:00:00-00:00,2022-09-01,22,CMFS_1_SOLA_CIMGNODE,CMFS_1_SOLA_CIMGNODE,CMFS_1_SOLA_CIMGNODE,RTPD,MGHG,LMP_GHG_PRC,CMFS_1_SOLA_CIMGNODE,ALL,1,-15.61,4,5
2022-09-02T05:45:00-00:00,2022-09-02T06:00:00-00:00,2022-09-01,23,CMFS_1_SOLA_CIMGNODE,CMFS_1_SOLA_CIMGNODE,CMFS_1_SOLA_CIMGNODE,RTPD,MGHG,LMP_GHG_PRC,CMFS_1_SOLA_CIMGNODE,ALL,1,-14.79,4,5
2022-09-02T06:45:00-00:00,2022-09-02T07:00:00-00:00,2022-09-01,24,CMFS_1_SOLA_CIMGNODE,CMFS_1_SOLA_CIMGNODE,CMFS_1_SOLA_CIMGNODE,RTPD,MGHG,LMP_GHG_PRC,CMFS_1_SOLA_CIMGNODE,ALL,1,-15,4,5
