INTERVALSTARTTIME_GMT,INTERVALENDTIME_GMT,OPR_DT,OPR_HR,NODE_ID_XML,NODE_ID,NODE,MARKET_RUN_ID,LMP_TYPE,XML_DATA_ITEM,PNODE_RESMRID,GRP_TYPE,POS,PRC,OPR_INTERVAL,GROUP
2022-09-01T07:00:00-00:00,2022-09-01T07:15:00-00:00,2022-09-01,01,LLL_LNODELNL,LLL_LNODELNL,LLL_LNODELNL,RTPD,LMP,LMP_PRC,LLL_LNODELNL,ALL,1,86.48705,1,1
2022-09-01T08:00:00-00:00,2022-09-01T08:15:00-00:00,2022-09-01,02,LLL_LNODELNL,LLL_LNODELNL,LLL_LNODELNL,RTPD,LMP,LMP_PRC,LLL_LNODELNL,ALL,1,112.19047,1,1
2022-09-01T09:00:00-00:00,2022-09-01T09:15:00-00:00,2022-09-01,03,LLL_LNODELNL,LLL_LNODELNL,LLL_LNODELNL,RTPD,LMP,LMP_PRC,LLL_LNODELNL,ALL,1,95.44895,1,1
2022-09-01T10:00:00-00:00,2022-09-01T10:15:00-00:00,2022-09-01,04,LLL_LNODELNL,LLL_LNODELNL,LLL_LNODELNL,RTPD,LMP,LMP_PRC,LLL_LNODELNL,ALL,1,95.1947,1,1
2022-09-01T11:00:00-00:00,2022-09-01T11:15:00-00:00,2022-09-01,05,LLL_LNODELNL,LLL_LNODELNL,LLL_LNODELNL,RTPD,LMP,LMP_PRC,LLL_LNODELNL,ALL,1,103.19546,1,1
2022-09-01T12:00:00-00:00,2022-09-01T12:15:00-00:00,2022-09-01,06,LLL_LNODELNL,LLL_LNODELNL,LLL_LNODELNL,RTPD,LMP,LMP_PRC,LLL_LNODELNL,ALL,1,87.03136,1,1
2022-09-01T13:00:00-00:00,2022-09-01T13:15:00-00:00,2022-09-01,07,LLL_LNODELNL,LLL_LNODELNL,LLL_LNODELNL,RTPD,LMP,LMP_PRC,LLL_LNODELNL,ALL,1,88.54916,1,1
2022-09-01T14:00:00-00:00,2022-09-01T14:15:00-00:00,2022-09-01,08,LLL_LNODELNL,LLL_LNODELNL,LLL_LNODELNL,RTPD,LMP,LMP_PRC,LLL_LNODELNL,ALL,1,112.96654,1,1
2022-09-01T15:00:00-00:00,2022-09-01T15:15:00-00:00,2022-09-01,09,LLL_LNODELNL,LLL_LNODELNL,LLL_LNODELNL,RTPD,LMP,LMP_PRC,LLL_LNODELNL,ALL,1,97.4124,1,1
2022-09-01T16:00:00-00:00,2022-09-01T16:15:00-00:00,2022-09-01,10,LLL_LNODELNL,LLL_LNODELNL,LLL_LNODELNL,RTPD,LMP,LMP_PRC,LLL_LNODELNL,ALL,1,83.43645,1,1
2022-09-01T17:00:00-00:00,2022-09-01T17:15:00-00:00,2022-09-01,11,LLL_LNODELNL,LLL_LNODELNL,LLL_LNODELNL,RTPD,LMP,LMP_PRC,LLL_LNODELNL,ALL,1,80.21989,1,1
2022-09-01T18:00:00-00:00,2022-09-01T18:15:00-00:00,2022-09-01,12,LLL_LNODELNL,LLL_LNODELNL,LLL_LNODELNL,RTPD,LMP,LMP_PRC,LLL_LNODELNL,ALL,1,58.94066,1,1
2022-09-01T19:00:00-00:00,2022-09-01T19:15:00-00:00,2022-09-01,13,LLL_LNODELNL,LLL_LNODELNL,LLL_LNODELNL,RTPD,LMP,LMP_PRC,LLL_LNODELNL,ALL,1,73.15432,1,1
2022-09-01T20:00:00-00:00,2022-09-01T20:15:00-00:00,2022-09-01,14,LLL_LNODELNL,LLL_LNODELNL,LLL_LNODELNL,RTPD,LMP,LMP_PRC,LLL_LNODELNL,ALL,1,114.40108,1,1
2022-09-01T21:00:00-00:00,2022-09-01T21:15:00-00:00,2022-09-01,15,LLL_LNODELNL,LLL_LNODELNL,LLL_LNODELNL,RTPD,LMP,LMP_PRC,LLL_LNODELNL,ALL,1,126.84835,1,1
2022-09-01T22:00:00-00:00,2022-09-01T22:15:00-00:00,2022-09-01,16,LLL_LNODELNL,LLL_LNODELNL,LLL_LNODELNL,RTPD,LMP,LMP_PRC,LLL_LNODELNL,ALL,1,120.71817,1,1
2022-09-01T23:00:00-00:00,2022-09-01T23:15:00-00:00,2022-09-01,17,LLL_LNODELNL,LLL_LNODELNL,LLL_LNODELNL,RTPD,LMP,LMP_PRC,LLL_LNODELNL,ALL,1,216.06389,1,1
2022-09-02T00:00:00-00:00,2022-09-02T00:15:00-00:00,2022-09-01,18,LLL_LNODELNL,LLL_LNODELNL,LLL_LNODELNL,RTPD,LMP,LMP_PRC,LLL_LNODELNL,ALL,1,1117.265,1,1
2022-09-02T01:00:00-00:00,2022-09-02T01:15:00-00:00,2022-09-01,19,LLL_LNODELNL,LLL_LNODELNL,LLL_LNODELNL,RTPD,LMP,LMP_PRC,LLL_LNODELNL,ALL,1,1245.8458,1,1
2022-09-02T02:00:00-00:00,2022-09-02T02:15:00-00:00,2022-09-01,20,LLL_LNODELNL,LLL_LNODELNL,LLL_LNODELNL,RTPD,LMP,LMP_PRC,LLL_LNODELNL,ALL,1,1991.671,1,1
2022-09-02T03:00:00-00:00,2022-09-02T03:15:00-00:00,2022-09-01,21,LLL_LNODELNL,LLL_LNODELNL,LLL_LNODELNL,RTPD,LMP,LMP_PRC,LLL_LNODELNL,ALL,1,1344.9891,1,1
2022-09-02T04:00:00-00:00,2022-09-02T04:15:00-00:00,2022-09-01,22,LLL_LNODELNL,LLL_LNODELNL,LLL_LNODELNL,RTPD,LMP,LMP_PRC,LLL_LNODELNL,ALL,1,259.40158,1,1
2022-09-02T05:00:00-00:00,2022-09-02T05:15:00-00:00,2022-09-01,23,LLL_LNODELNL,LLL_LNODELNL,LLL_LNODELNL,RTPD,LMP,LMP_PRC,LLL_LNODELNL,ALL,1,184.67711,1,1
2022-09-02T06:00:00-00:00,2022-09-02T06:15:00-00:00,2022-09-01,24,LLL_LNODELNL,LLL_LNODELNL,LLL_LNODELNL,RTPD,LMP,LMP_PRC,LLL_LNODELNL,ALL,1,159.17004,1,1
2022-09-01T07:15:00-00:00,2022-09-01T07:30:00-00:00,2022-09-01,01,LLL_LNODELNL,LLL_LNODELNL,LLL_LNODELNL,RTPD,LMP,LMP_PRC,LLL_LNODELNL,ALL,1,115.4802,2,1
2022-09-01T08:15:00-00:00,2022-09-01T08:30:00-00:00,2022-09-01,02,LLL_LNODELNL,LLL_LNODELNL,LLL_LNODELNL,RTPD,LMP,LMP_PRC,LLL_LNODELNL,ALL,1,114.61361,2,1
2022-09-01T09:15:00-00:00,2022-09-01T09:30:00-00:00,2022-09-01,03,LLL_LNODELNL,LLL_LNODELNL,LLL_LNODELNL,RTPD,LMP,LMP_PRC,LLL_LNODELNL,ALL,1,92.64486,2,1
2022-09-01T10:15:00-00:00,2022-09-01T10:30:00-00:00,2022-09-01,04,LLL_LNODELNL,LLL_LNODELNL,LLL_LNODELNL,RTPD,LMP,LMP_PRC,LLL_LNODELNL,ALL,1,91.97112,2,1
2022-09-01T11:15:00-00:00,2022-09-01T11:30:00-00:00,2022-09-01,05,LLL_LNODELNL,LLL_LNODELNL,LLL_LNODELNL,RTPD,LMP,LMP_PRC,LLL_LNODELNL,ALL,1,103.70003,2,1
2022-09-01T12:15:00-00:00,2022-09-01T12:30:00-00:00,2022-09-01,06,LLL_LNODELNL,LLL_LNODELNL,LLL_LNODELNL,RTPD,LMP,LMP_PRC,LLL_LNODELNL,ALL,1,103.55959,2,1
2022-09-01T13:15:00-00:00,2022-09-01T13:30:00-00:00,2022-09-01,07,LLL_LNODELNL,LLL_LNODELNL,LLL_LNODELNL,RTPD,LMP,LMP_PRC,LLL_LNODELNL,ALL,1,110.70764,2,1
2022-09-01T14:15:00-00:00,2022-09-01T14:30:00-00:00,2022-09-01,08,LLL_LNODELNL,LLL_LNODELNL,LLL_LNODELNL,RTPD,LMP,LMP_PRC,LLL_LNODELNL,ALL,1,106.32659,2,1
2022-09-01T15:15:00-00:00,2022-09-01T15:30:00-00:00,2022-09-01,09,LLL_LNODELNL,LLL_LNODELNL,LLL_LNODELNL,RTPD,LMP,LMP_PRC,LLL_LNODELNL,ALL,1,86.94,2,1
2022-09-01T16:15:00-00:00,2022-09-01T16:30:00-00:00,2022-09-01,10,LLL_LNODELNL,LLL_LNODELNL,LLL_LNODELNL,RTPD,LMP,LMP_PRC,LLL_LNODELNL,ALL,1,87.80216,2,1
2022-09-01T17:15:00-00:00,2022-09-01T17:30:00-00:00,2022-09-01,11,LLL_LNODELNL,LLL_LNODELNL,LLL_LNODELNL,RTPD,LMP,LMP_PRC,LLL_LNODELNL,ALL,1,78.86176,2,1
2022-09-01T18:15:00-00:00,2022-09-01T18:30:00-00:00,2022-09-01,12,LLL_LNODELNL,LLL_LNODELNL,LLL_LNODELNL,RTPD,LMP,LMP_PRC,LLL_LNODELNL,ALL,1,74.57039,2,1
2022-09-01T19:15:00-00:00,2022-09-01T19:30:00-00:00,2022-09-01,13,LLL_LNODELNL,LLL_LNODELNL,LLL_LNODELNL,RTPD,LMP,LMP_PRC,LLL_LNODELNL,ALL,1,75.62643,2,1
2022-09-01T20:15:00-00:00,2022-09-01T20:30:00-00:00,2022-09-01,14,LLL_LNODELNL,LLL_LNODELNL,LLL_LNODELNL,RTPD,LMP,LMP_PRC,LLL_LNODELNL,ALL,1,114.30423,2,1
2022-09-01T21:15:00-00:00,2022-09-01T21:30:00-00:00,2022-09-01,15,LLL_LNODELNL,LLL_LNODELNL,LLL_LNODELNL,RTPD,LMP,LMP_PRC,LLL_LNODELNL,ALL,1,120.25022,2,1
2022-09-01T22:15:00-00:00,2022-09-01T22:30:00-00:00,2022-09-01,16,LLL_LNODELNL,LLL_LNODELNL,LLL_LNODELNL,RTPD,LMP,LMP_PRC,LLL_LNODELNL,ALL,1,138.06538,2,1
2022-09-01T23:15:00-00:00,2022-09-01T23:30:00-00:00,2022-09-01,17,LLL_LNODELNL,LLL_LNODELNL,LLL_LNODELNL,RTPD,LMP,LMP_PRC,LLL_LNODELNL,ALL,1,263.19492,2,1
2022-09-02T00:15:00-00:00,2022-09-02T00:30:00-00:00,2022-09-01,18,LLL_LNODELNL,LLL_LNODELNL,LLL_LNODELNL,RTPD,LMP,LMP_PRC,LLL_LNODELNL,ALL,1,1026.7161,2,1
2022-09-02T01:15:00-00:00,2022-09-02T01:30:00-00:00,2022-09-01,19,LLL_LNODELNL,LLL_LNODELNL,LLL_LNODELNL,RTPD,LMP,LMP_PRC,LLL_LNODELNL,ALL,1,1999.9945,2,1
2022-09-02T02:15:00-00:00,2022-09-02T02:30:00-00:00,2022-09-01,20,LLL_LNODELNL,LLL_LNODELNL,LLL_LNODELNL,RTPD,LMP,LMP_PRC,LLL_LNODELNL,ALL,1,1991.671,2,1
2022-09-02T03:15:00-00:00,2022-09-02T03:30:00-00:00,2022-09-01,21,LLL_LNODELNL,LLL_LNODELNL,LLL_LNODELNL,RTPD,LMP,LMP_PRC,LLL_LNODELNL,ALL,1,552.11237,2,1
2022-09-02T04:15:00-00:00,2022-09-02T04:30:00-00:00,2022-09-01,22,LLL_LNODELNL,LLL_LNODELNL,LLL_LNODELNL,RTPD,LMP,LMP_PRC,LLL_LNODELNL,ALL,1,225.76057,2,1
2022-09-02T05:15:00-00:00,2022-09-02T05:30:00-00:00,2022-09-01,23,LLL_LNODELNL,LLL_LNODELNL,LLL_LNODELNL,RTPD,LMP,LMP_PRC,LLL_LNODELNL,ALL,1,157.96951,2,1
2022-09-02T06:15:00-00:00,2022-09-02T06:30:00-00:00,2022-09-01,24,LLL_LNODELNL,LLL_LNODELNL,LLL_LNODELNL,RTPD,LMP,LMP_PRC,LLL_LNODELNL,ALL,1,142.42912,2,1
2022-09-01T07:30:00-00:00,2022-09-01T07:45:00-00:00,2022-09-01,01,LLL_LNODELNL,LLL_LNODELNL,LLL_LNODELNL,RTPD,LMP,LMP_PRC,LLL_LNODELNL,ALL,1,102.71573,3,1
2022-09-01T08:30:00-00:00,2022-09-01T08:45:00-00:00,2022-09-01,02,LLL_LNODELNL,LLL_LNODELNL,LLL_LNODELNL,RTPD,LMP,LMP_PRC,LLL_LNODELNL,ALL,1,111.3683,3,1
2022-09-01T09:30:00-00:00,2022-09-01T09:45:00-00:00,2022-09-01,03,LLL_LNODELNL,LLL_LNODELNL,LLL_LNODELNL,RTPD,LMP,LMP_PRC,LLL_LNODELNL,ALL,1,92.42684,3,1
2022-09-01T10:30:00-00:00,2022-09-01T10:45:00-00:00,2022-09-01,04,LLL_LNODELNL,LLL_LNODELNL,LLL_LNODELNL,RTPD,LMP,LMP_PRC,LLL_LNODELNL,ALL,1,93.79046,3,1
2022-09-01T11:30:00-00:00,2022-09-01T11:45:00-00:00,2022-09-01,05,LLL_LNODELNL,LLL_LNODELNL,LLL_LNODELNL,RTPD,LMP,LMP_PRC,LLL_LNODELNL,ALL,1,103.77432,3,1
2022-09-01T12:30:00-00:00,2022-09-01T12:45:00-00:00,2022-09-01,06,LLL_LNODELNL,LLL_LNODELNL,LLL_LNODELNL,RTPD,LMP,LMP_PRC,LLL_LNODELNL,ALL,1,103.33068,3,1
2022-09-01T13:30:00-00:00,2022-09-01T13:45:00-00:00,2022-09-01,07,LLL_LNODELNL,LLL_LNODELNL,LLL_LNODELNL,RTPD,LMP,LMP_PRC,LLL_LNODELNL,ALL,1,112.02088,3,1
2022-09-01T14:30:00-00:00,2022-09-01T14:45:00-00:00,2022-09-01,08,LLL_LNODELNL,LLL_LNODELNL,LLL_LNODELNL,RTPD,LMP,LMP_PRC,LLL_LNODELNL,ALL,1,103.50314,3,1
2022-09-01T15:30:00-00:00,2022-09-01T15:45:00-00:00,2022-09-01,09,LLL_LNODELNL,LLL_LNODELNL,LLL_LNODELNL,RTPD,LMP,LMP_PRC,LLL_LNODELNL,ALL,1,86.14,3,1
2022-09-01T16:30:00-00:00,2022-09-01T16:45:00-00:00,2022-09-01,10,LLL_LNODELNL,LLL_LNODELNL,LLL_LNODELNL,RTPD,LMP,LMP_PRC,LLL_LNODELNL,ALL,1,75.00229,3,1
2022-09-01T17:30:00-00:00,2022-09-01T17:45:00-00:00,2022-09-01,11,LLL_LNODELNL,LLL_LNODELNL,LLL_LNODELNL,RTPD,LMP,LMP_PRC,LLL_LNODELNL,ALL,1,78.57065,3,1
2022-09-01T18:30:00-00:00,2022-09-01T18:45:00-00:00,2022-09-01,12,LLL_LNODELNL,LLL_LNODELNL,LLL_LNODELNL,RTPD,LMP,LMP_PRC,LLL_LNODELNL,ALL,1,79.33087,3,1
2022-09-01T19:30:00-00:00,2022-09-01T19:45:00-00:00,2022-09-01,13,LLL_LNODELNL,LLL_LNODELNL,LLL_LNODELNL,RTPD,LMP,LMP_PRC,LLL_LNODELNL,ALL,1,101.33987,3,1
2022-09-01T20:30:00-00:00,2022-09-01T20:45:00-00:00,2022-09-01,14,LLL_LNODELNL,LLL_LNODELNL,LLL_LNODELNL,RTPD,LMP,LMP_PRC,LLL_LNODELNL,ALL,1,116.94146,3,1
2022-09-01T21:30:00-00:00,2022-09-01T21:45:00-00:00,2022-09-01,15,LLL_LNODELNL,LLL_LNODELNL,LLL_LNODELNL,RTPD,LMP,LMP_PRC,LLL_LNODELNL,ALL,1,128.16245,3,1
2022-09-01T22:30:00-00:00,2022-09-01T22:45:00-00:00,2022-09-01,16,LLL_LNODELNL,LLL_LNODELNL,LLL_LNODELNL,RTPD,LMP,LMP_PRC,LLL_LNODELNL,ALL,1,155.7414,3,1
2022-09-01T23:30:00-00:00,2022-09-01T23:45:00-00:00,2022-09-01,17,LLL_LNODELNL,LLL_LNODELNL,LLL_LNODELNL,RTPD,LMP,LMP_PRC,LLL_LNODELNL,ALL,1,566.4828,3,1
2022-09-02T00:30:00-00:00,2022-09-02T00:45:00-00:00,2022-09-01,18,LLL_LNODELNL,LLL_LNODELNL,LLL_LNODELNL,RTPD,LMP,LMP_PRC,LLL_LNODELNL,ALL,1,1788.9355,3,1
2022-09-02T01:30:00-00:00,2022-09-02T01:45:00-00:00,2022-09-01,19,LLL_LNODELNL,LLL_LNODELNL,LLL_LNODELNL,RTPD,LMP,LMP_PRC,LLL_LNODELNL,ALL,1,1999.9944,3,1
2022-09-02T02:30:00-00:00,2022-09-02T02:45:00-00:00,2022-09-01,20,LLL_LNODELNL,LLL_LNODELNL,LLL_LNODELNL,RTPD,LMP,LMP_PRC,LLL_LNODELNL,ALL,1,1991.6698,3,1
2022-09-02T03:30:00-00:00,2022-09-02T03:45:00-00:00,2022-09-01,21,LLL_LNODELNL,LLL_LNODELNL,LLL_LNODELNL,RTPD,LMP,LMP_PRC,LLL_LNODELNL,ALL,1,222.78761,3,1
2022-09-02T04:30:00-00:00,2022-09-02T04:45:00-00:00,2022-09-01,22,LLL_LNODELNL,LLL_LNODELNL,LLL_LNODELNL,RTPD,LMP,LMP_PRC,LLL_LNODELNL,ALL,1,180.31569,3,1
2022-09-02T05:30:00-00:00,2022-09-02T05:45:00-00:00,2022-09-01,23,LLL_LNODELNL,LLL_LNODELNL,LLL_LNODELNL,RTPD,LMP,LMP_PRC,LLL_LNODELNL,ALL,1,132.10864,3,1
2022-09-02T06:30:00-00:00,2022-09-02T06:45:00-00:00,2022-09-01,24,LLL_LNODELNL,LLL_LNODELNL,LLL_LNODELNL,RTPD,LMP,LMP_PRC,LLL_LNODELNL,ALL,1,129.36238,3,1
2022-09-01T07:45:00-00:00,2022-09-01T08:00:00-00:00,2022-09-01,01,LLL_LNODELNL,LLL_LNODELNL,LLL_LNODELNL,RTPD,LMP,LMP_PRC,LLL_LNODELNL,ALL,1,90.60989,4,1
2022-09-01T08:45:00-00:00,2022-09-01T09:00:00-00:00,2022-09-01,02,LLL_LNODELNL,LLL_LNODELNL,LLL_LNODELNL,RTPD,LMP,LMP_PRC,LLL_LNODELNL,ALL,1,94.4138,4,1
2022-09-01T09:45:00-00:00,2022-09-01T10:00:00-00:00,2022-09-01,03,LLL_LNODELNL,LLL_LNODELNL,LLL_LNODELNL,RTPD,LMP,LMP_PRC,LLL_LNODELNL,ALL,1,92.44864,4,1
2022-09-01T10:45:00-00:00,2022-09-01T11:00:00-00:00,2022-09-01,04,LLL_LNODELNL,LLL_LNODELNL,LLL_LNODELNL,RTPD,LMP,LMP_PRC,LLL_LNODELNL,ALL,1,94.05314,4,1
2022-09-01T11:45:00-00:00,2022-09-01T12:00:00-00:00,2022-09-01,05,LLL_LNODELNL,LLL_LNODELNL,LLL_LNODELNL,RTPD,LMP,LMP_PRC,LLL_LNODELNL,ALL,1,107.0112,4,1
2022-09-01T12:45:00-00:00,2022-09-01T13:00:00-00:00,2022-09-01,06,LLL_LNODELNL,LLL_LNODELNL,LLL_LNODELNL,RTPD,LMP,LMP_PRC,LLL_LNODELNL,ALL,1,114.1294,4,1
2022-09-01T13:45:00-00:00,2022-09-01T14:00:00-00:00,2022-09-01,07,LLL_LNODELNL,LLL_LNODELNL,LLL_LNODELNL,RTPD,LMP,LMP_PRC,LLL_LNODELNL,ALL,1,111.4088,4,1
2022-09-01T14:45:00-00:00,2022-09-01T15:00:00-00:00,2022-09-01,08,LLL_LNODELNL,LLL_LNODELNL,LLL_LNODELNL,RTPD,LMP,LMP_PRC,LLL_LNODELNL,ALL,1,86.14,4,1
2022-09-01T15:45:00-00:00,2022-09-01T16:00:00-00:00,2022-09-01,09,LLL_LNODELNL,LLL_LNODELNL,LLL_LNODELNL,RTPD,LMP,LMP_PRC,LLL_LNODELNL,ALL,1,78.70196,4,1
2022-09-01T16:45:00-00:00,2022-09-01T17:00:00-00:00,2022-09-01,10,LLL_LNODELNL,LLL_LNODELNL,LLL_LNODELNL,RTPD,LMP,LMP_PRC,LLL_LNODELNL,ALL,1,78.8267,4,1
2022-09-01T17:45:00-00:00,2022-09-01T18:00:00-00:00,2022-09-01,11,LLL_LNODELNL,LLL_LNODELNL,LLL_LNODELNL,RTPD,LMP,LMP_PRC,LLL_LNODELNL,ALL,1,78.96249,4,1
2022-09-01T18:45:00-00:00,2022-09-01T19:00:00-00:00,2022-09-01,12,LLL_LNODELNL,LLL_LNODELNL,LLL_LNODELNL,RTPD,LMP,LMP_PRC,LLL_LNODELNL,ALL,1,81.42047,4,1
2022-09-01T19:45:00-00:00,2022-09-01T20:00:00-00:00,2022-09-01,13,LLL_LNODELNL,LLL_LNODELNL,LLL_LNODELNL,RTPD,LMP,LMP_PRC,LLL_LNODELNL,ALL,1,106.44444,4,1
2022-09-01T20:45:00-00:00,2022-09-01T21:00:00-00:00,2022-09-01,14,LLL_LNODELNL,LLL_LNODELNL,LLL_LNODELNL,RTPD,LMP,LMP_PRC,LLL_LNODELNL,ALL,1,125.39826,4,1
2022-09-01T21:45:00-00:00,2022-09-01T22:00:00-00:00,2022-09-01,15,LLL_LNODELNL,LLL_LNODELNL,LLL_LNODELNL,RTPD,LMP,LMP_PRC,LLL_LNODELNL,ALL,1,209.95222,4,1
2022-09-01T22:45:00-00:00,2022-09-01T23:00:00-00:00,2022-09-01,16,LLL_LNODELNL,LLL_LNODELNL,LLL_LNODELNL,RTPD,LMP,LMP_PRC,LLL_LNODELNL,ALL,1,171.07158,4,1
2022-09-01T23:45:00-00:00,2022-09-02T00:00:00-00:00,2022-09-01,17,LLL_LNODELNL,LLL_LNODELNL,LLL_LNODELNL,RTPD,LMP,LMP_PRC,LLL_LNODELNL,ALL,1,1661.7417,4,1
2022-09-02T00:45:00-00:00,2022-09-02T01:00:00-00:00,2022-09-01,18,LLL_LNODELNL,LLL_LNODELNL,LLL_LNODELNL,RTPD,LMP,LMP_PRC,LLL_LNODELNL,ALL,1,1808.658,4,1
2022-09-02T01:45:00-00:00,2022-09-02T02:00:00-00:00,2022-09-01,19,LLL_LNODELNL,LLL_LNODELNL,LLL_LNODELNL,RTPD,LMP,LMP_PRC,LLL_LNODELNL,ALL,1,1991.9325,4,1
2022-09-02T02:45:00-00:00,2022-09-02T03:00:00-00:00,2022-09-01,20,LLL_LNODELNL,LLL_LNODELNL,LLL_LNODELNL,RTPD,LMP,LMP_PRC,LLL_LNODELNL,ALL,1,1800.321,4,1
2022-09-02T03:45:00-00:00,2022-09-02T04:00:00-00:00,2022-09-01,21,LLL_LNODELNL,LLL_LNODELNL,LLL_LNODELNL,RTPD,LMP,LMP_PRC,LLL_LNODELNL,ALL,1,161.98099,4,1
2022-09-02T04:45:00-00:00,2022-09-02T05:00:00-00:00,2022-09-01,22,LLL_LNODELNL,LLL_LNODELNL,LLL_LNODELNL,RTPD,LMP,LMP_PRC,LLL_LNODELNL,ALL,1,127.14522,4,1
2022-09-02T05:45:00-00:00,2022-09-02T06:00:00-00:00,2022-09-01,23,LLL_LNODELNL,LLL_LNODELNL,LLL_LNODELNL,RTPD,LMP,LMP_PRC,LLL_LNODELNL,ALL,1,115.24068,4,1
2022-09-02T06:45:00-00:00,2022-09-02T07:00:00-00:00,2022-09-01,24,LLL_LNODELNL,LLL_LNODELNL,LLL_LNODELNL,RTPD,LMP,LMP_PRC,LLL_LNODELNL,ALL,1,110.04531,4,1
2022-09-01T07:00:00-00:00,2022-09-01T07:15:00-00:00,2022-09-01,01,LLL_LNODELNL,LLL_LNODELNL,LLL_LNODELNL,RTPD,MCC,LMP_CONG_PRC,LLL_LNODELNL,ALL,1,-17.21606,1,2
2022-09-01T08:00:00-00:00,2022-09-01T08:15:00-00:00,2022-09-01,02,LLL_LNODELNL,LLL_LNODELNL,LLL_LNODELNL,RTPD,MCC,LMP_CONG_PRC,LLL_LNODELNL,ALL,1,-3.35832,1,2
2022-09-01T09:00:00-00:00,2022-09-01T09:15:00-00:00,2022-09-01,03,LLL_LNODELNL,LLL_LNODELNL,LLL_LNODELNL,RTPD,MCC,LMP_CONG_PRC,LLL_LNODELNL,ALL,1,-4.50107,1,2
2022-09-01T10:00:00-00:00,2022-09-01T10:15:00-00:00,2022-09-01,04,LLL_LNODELNL,LLL_LNODELNL,LLL_LNODELNL,RTPD,MCC,LMP_CONG_PRC,LLL_LNODELNL,ALL,1,-3.90128,1,2
2022-09-01T11:00:00-00:00,2022-09-01T11:15:00-00:00,2022-09-01,05,LLL_LNODELNL,LLL_LNODELNL,LLL_LNODELNL,RTPD,MCC,LMP_CONG_PRC,LLL_LNODELNL,ALL,1,0.0012,1,2
2022-09-01T12:00:00-00:00,2022-09-01T12:15:00-00:00,2022-09-01,06,LLL_LNODELNL,LLL_LNODELNL,LLL_LNODELNL,RTPD,MCC,LMP_CONG_PRC,LLL_LNODELNL,ALL,1,-10.02246,1,2
2022-09-01T13:00:00-00:00,2022-09-01T13:15:00-00:00,2022-09-01,07,LLL_LNODELNL,LLL_LNODELNL,LLL_LNODELNL,RTPD,MCC,LMP_CONG_PRC,LLL_LNODELNL,ALL,1,-13.25962,1,2
2022-09-01T14:00:00-00:00,2022-09-01T14:15:00-00:00,2022-09-01,08,LLL_LNODELNL,LLL_LNODELNL,LLL_LNODELNL,RTPD,MCC,LMP_CONG_PRC,LLL_LNODELNL,ALL,1,-0.0012,1,2
2022-09-01T15:00:00-00:00,2022-09-01T15:15:00-00:00,2022-09-01,09,LLL_LNODELNL,LLL_LNODELNL,LLL_LNODELNL,RTPD,MCC,LMP_CONG_PRC,LLL_LNODELNL,ALL,1,0.0012,1,2
2022-09-01T16:00:00-00:00,2022-09-01T16:15:00-00:00,2022-09-01,10,LLL_LNODELNL,LLL_LNODELNL,LLL_LNODELNL,RTPD,MCC,LMP_CONG_PRC,LLL_LNODELNL,ALL,1,0.0012,1,2
2022-09-01T17:00:00-00:00,2022-09-01T17:15:00-00:00,2022-09-01,11,LLL_LNODELNL,LLL_LNODELNL,LLL_LNODELNL,RTPD,MCC,LMP_CONG_PRC,LLL_LNODELNL,ALL,1,-16.72908,1,2
2022-09-01T18:00:00-00:00,2022-09-01T18:15:00-00:00,2022-09-01,12,LLL_LNODELNL,LLL_LNODELNL,LLL_LNODELNL,RTPD,MCC,LMP_CONG_PRC,LLL_LNODELNL,ALL,1,-32.65225,1,2
2022-09-01T19:00:00-00:00,2022-09-01T19:15:00-00:00,2022-09-01,13,LLL_LNODELNL,LLL_LNODELNL,LLL_LNODELNL,RTPD,MCC,LMP_CONG_PRC,LLL_LNODELNL,ALL,1,-36.04205,1,2
2022-09-01T20:00:00-00:00,2022-09-01T20:15:00-00:00,2022-09-01,14,LLL_LNODELNL,LLL_LNODELNL,LLL_LNODELNL,RTPD,MCC,LMP_CONG_PRC,LLL_LNODELNL,ALL,1,-3.54251,1,2
2022-09-01T21:00:00-00:00,2022-09-01T21:15:00-00:00,2022-09-01,15,LLL_LNODELNL,LLL_LNODELNL,LLL_LNODELNL,RTPD,MCC,LMP_CONG_PRC,LLL_LNODELNL,ALL,1,-99.76664,1,2
2022-09-01T22:00:00-00:00,2022-09-01T22:15:00-00:00,2022-09-01,16,LLL_LNODELNL,LLL_LNODELNL,LLL_LNODELNL,RTPD,MCC,LMP_CONG_PRC,LLL_LNODELNL,ALL,1,-108.46734,1,2
2022-09-01T23:00:00-00:00,2022-09-01T23:15:00-00:00,2022-09-01,17,LLL_LNODELNL,LLL_LNODELNL,LLL_LNODELNL,RTPD,MCC,LMP_CONG_PRC,LLL_LNODELNL,ALL,1,-170.6898,1,2
2022-09-02T00:00:00-00:00,2022-09-02T00:15:00-00:00,2022-09-01,18,LLL_LNODELNL,LLL_LNODELNL,LLL_LNODELNL,RTPD,MCC,LMP_CONG_PRC,LLL_LNODELNL,ALL,1,334.97083,1,2
2022-09-02T01:00:00-00:00,2022-09-02T01:15:00-00:00,2022-09-01,19,LLL_LNODELNL,LLL_LNODELNL,LLL_LNODELNL,RTPD,MCC,LMP_CONG_PRC,LLL_LNODELNL,ALL,1,329.5746,1,2
2022-09-02T02:00:00-00:00,2022-09-02T02:15:00-00:00,2022-09-01,20,LLL_LNODELNL,LLL_LNODELNL,LLL_LNODELNL,RTPD,MCC,LMP_CONG_PRC,LLL_LNODELNL,ALL,1,-0.0012,1,2
2022-09-02T03:00:00-00:00,2022-09-02T03:15:00-00:00,2022-09-01,21,LLL_LNODELNL,LLL_LNODELNL,LLL_LNODELNL,RTPD,MCC,LMP_CONG_PRC,LLL_LNODELNL,ALL,1,409.91315,1,2
2022-09-02T04:00:00-00:00,2022-09-02T04:15:00-00:00,2022-09-01,22,LLL_LNODELNL,LLL_LNODELNL,LLL_LNODELNL,RTPD,MCC,LMP_CONG_PRC,LLL_LNODELNL,ALL,1,-0.0012,1,2
2022-09-02T05:00:00-00:00,2022-09-02T05:15:00-00:00,2022-09-01,23,LLL_LNODELNL,LLL_LNODELNL,LLL_LNODELNL,RTPD,MCC,LMP_CONG_PRC,LLL_LNODELNL,ALL,1,0.0012,1,2
2022-09-02T06:00:00-00:00,2022-09-02T06:15:00-00:00,2022-09-01,24,LLL_LNODELNL,LLL_LNODELNL,LLL_LNODELNL,RTPD,MCC,LMP_CONG_PRC,LLL_LNODELNL,ALL,1,0.0012,1,2
2022-09-01T07:15:00-00:00,2022-09-01T07:30:00-00:00,2022-09-01,01,LLL_LNODELNL,LLL_LNODELNL,LLL_LNODELNL,RTPD,MCC,LMP_CONG_PRC,LLL_LNODELNL,ALL,1,-10.07124,2,2
2022-09-01T08:15:00-00:00,2022-09-01T08:30:00-00:00,2022-09-01,02,LLL_LNODELNL,LLL_LNODELNL,LLL_LNODELNL,RTPD,MCC,LMP_CONG_PRC,LLL_LNODELNL,ALL,1,-0.91804,2,2
2022-09-01T09:15:00-00:00,2022-09-01T09:30:00-00:00,2022-09-01,03,LLL_LNODELNL,LLL_LNODELNL,LLL_LNODELNL,RTPD,MCC,LMP_CONG_PRC,LLL_LNODELNL,ALL,1,-5.91616,2,2
2022-09-01T10:15:00-00:00,2022-09-01T10:30:00-00:00,2022-09-01,04,LLL_LNODELNL,LLL_LNODELNL,LLL_LNODELNL,RTPD,MCC,LMP_CONG_PRC,LLL_LNODELNL,ALL,1,-5.52077,2,2
2022-09-01T11:15:00-00:00,2022-09-01T11:30:00-00:00,2022-09-01,05,LLL_LNODELNL,LLL_LNODELNL,LLL_LNODELNL,RTPD,MCC,LMP_CONG_PRC,LLL_LNODELNL,ALL,1,0.0012,2,2
2022-09-01T12:15:00-00:00,2022-09-01T12:30:00-00:00,2022-09-01,06,LLL_LNODELNL,LLL_LNODELNL,LLL_LNODELNL,RTPD,MCC,LMP_CONG_PRC,LLL_LNODELNL,ALL,1,-6.11227,2,2
2022-09-01T13:15:00-00:00,2022-09-01T13:30:00-00:00,2022-09-01,07,LLL_LNODELNL,LLL_LNODELNL,LLL_LNODELNL,RTPD,MCC,LMP_CONG_PRC,LLL_LNODELNL,ALL,1,-0.57027,2,2
2022-09-01T14:15:00-00:00,2022-09-01T14:30:00-00:00,2022-09-01,08,LLL_LNODELNL,LLL_LNODELNL,LLL_LNODELNL,RTPD,MCC,LMP_CONG_PRC,LLL_LNODELNL,ALL,1,-0.0012,2,2
2022-09-01T15:15:00-00:00,2022-09-01T15:30:00-00:00,2022-09-01,09,LLL_LNODELNL,LLL_LNODELNL,LLL_LNODELNL,RTPD,MCC,LMP_CONG_PRC,LLL_LNODELNL,ALL,1,0.0012,2,2
2022-09-01T16:15:00-00:00,2022-09-01T16:30:00-00:00,2022-09-01,10,LLL_LNODELNL,LLL_LNODELNL,LLL_LNODELNL,RTPD,MCC,LMP_CONG_PRC,LLL_LNODELNL,ALL,1,-1.64642,2,2
2022-09-01T17:15:00-00:00,2022-09-01T17:30:00-00:00,2022-09-01,11,LLL_LNODELNL,LLL_LNODELNL,LLL_LNODELNL,RTPD,MCC,LMP_CONG_PRC,LLL_LNODELNL,ALL,1,-20.48496,2,2
2022-09-01T18:15:00-00:00,2022-09-01T18:30:00-00:00,2022-09-01,12,LLL_LNODELNL,LLL_LNODELNL,LLL_LNODELNL,RTPD,MCC,LMP_CONG_PRC,LLL_LNODELNL,ALL,1,-26.58862,2,2
2022-09-01T19:15:00-00:00,2022-09-01T19:30:00-00:00,2022-09-01,13,LLL_LNODELNL,LLL_LNODELNL,LLL_LNODELNL,RTPD,MCC,LMP_CONG_PRC,LLL_LNODELNL,ALL,1,-29.67944,2,2
2022-09-01T20:15:00-00:00,2022-09-01T20:30:00-00:00,2022-09-01,14,LLL_LNODELNL,LLL_LNODELNL,LLL_LNODELNL,RTPD,MCC,LMP_CONG_PRC,LLL_LNODELNL,ALL,1,-3.18998,2,2
2022-09-01T21:15:00-00:00,2022-09-01T21:30:00-00:00,2022-09-01,15,LLL_LNODELNL,LLL_LNODELNL,LLL_LNODELNL,RTPD,MCC,LMP_CONG_PRC,LLL_LNODELNL,ALL,1,-26.96163,2,2
2022-09-01T22:15:00-00:00,2022-09-01T22:30:00-00:00,2022-09-01,16,LLL_LNODELNL,LLL_LNODELNL,LLL_LNODELNL,RTPD,MCC,LMP_CONG_PRC,LLL_LNODELNL,ALL,1,-118.52194,2,2
2022-09-01T23:15:00-00:00,2022-09-01T23:30:00-00:00,2022-09-01,17,LLL_LNODELNL,LLL_LNODELNL,LLL_LNODELNL,RTPD,MCC,LMP_CONG_PRC,LLL_LNODELNL,ALL,1,-98.92917,2,2
2022-09-02T00:15:00-00:00,2022-09-02T00:30:00-00:00,2022-09-01,18,LLL_LNODELNL,LLL_LNODELNL,LLL_LNODELNL,RTPD,MCC,LMP_CONG_PRC,LLL_LNODELNL,ALL,1,326.0281,2,2
2022-09-02T01:15:00-00:00,2022-09-02T01:30:00-00:00,2022-09-01,19,LLL_LNODELNL,LLL_LNODELNL,LLL_LNODELNL,RTPD,MCC,LMP_CONG_PRC,LLL_LNODELNL,ALL,1,0.0012,2,2
2022-09-02T02:15:00-00:00,2022-09-02T02:30:00-00:00,2022-09-01,20,LLL_LNODELNL,LLL_LNODELNL,LLL_LNODELNL,RTPD,MCC,LMP_CONG_PRC,LLL_LNODELNL,ALL,1,-0.0012,2,2
2022-09-02T03:15:00-00:00,2022-09-02T03:30:00-00:00,2022-09-01,21,LLL_LNODELNL,LLL_LNODELNL,LLL_LNODELNL,RTPD,MCC,LMP_CONG_PRC,LLL_LNODELNL,ALL,1,143.69312,2,2
2022-09-02T04:15:00-00:00,2022-09-02T04:30:00-00:00,2022-09-01,22,LLL_LNODELNL,LLL_LNODELNL,LLL_LNODELNL,RTPD,MCC,LMP_CONG_PRC,LLL_LNODELNL,ALL,1,-0.0012,2,2
2022-09-02T05:15:00-00:00,2022-09-02T05:30:00-00:00,2022-09-01,23,LLL_LNODELNL,LLL_LNODELNL,LLL_LNODELNL,RTPD,MCC,LMP_CONG_PRC,LLL_LNODELNL,ALL,1,0.0012,2,2
2022-09-02T06:15:00-00:00,2022-09-02T06:30:00-00:00,2022-09-01,24,LLL_LNODELNL,LLL_LNODELNL,LLL_LNODELNL,RTPD,MCC,LMP_CONG_PRC,LLL_LNODELNL,ALL,1,0.0012,2,2
2022-09-01T07:30:00-00:00,2022-09-01T07:45:00-00:00,2022-09-01,01,LLL_LNODELNL,LLL_LNODELNL,LLL_LNODELNL,RTPD,MCC,LMP_CONG_PRC,LLL_LNODELNL,ALL,1,-16.31623,3,2
2022-09-01T08:30:00-00:00,2022-09-01T08:45:00-00:00,2022-09-01,02,LLL_LNODELNL,LLL_LNODELNL,LLL_LNODELNL,RTPD,MCC,LMP_CONG_PRC,LLL_LNODELNL,ALL,1,0.00033,3,2
2022-09-01T09:30:00-00:00,2022-09-01T09:45:00-00:00,2022-09-01,03,LLL_LNODELNL,LLL_LNODELNL,LLL_LNODELNL,RTPD,MCC,LMP_CONG_PRC,LLL_LNODELNL,ALL,1,-5.86305,3,2
2022-09-01T10:30:00-00:00,2022-09-01T10:45:00-00:00,2022-09-01,04,LLL_LNODELNL,LLL_LNODELNL,LLL_LNODELNL,RTPD,MCC,LMP_CONG_PRC,LLL_LNODELNL,ALL,1,-3.12107,3,2
2022-09-01T11:30:00-00:00,2022-09-01T11:45:00-00:00,2022-09-01,05,LLL_LNODELNL,LLL_LNODELNL,LLL_LNODELNL,RTPD,MCC,LMP_CONG_PRC,LLL_LNODELNL,ALL,1,0.0012,3,2
2022-09-01T12:30:00-00:00,2022-09-01T12:45:00-00:00,2022-09-01,06,LLL_LNODELNL,LLL_LNODELNL,LLL_LNODELNL,RTPD,MCC,LMP_CONG_PRC,LLL_LNODELNL,ALL,1,-10.58408,3,2
2022-09-01T13:30:00-00:00,2022-09-01T13:45:00-00:00,2022-09-01,07,LLL_LNODELNL,LLL_LNODELNL,LLL_LNODELNL,RTPD,MCC,LMP_CONG_PRC,LLL_LNODELNL,ALL,1,-0.0012,3,2
2022-09-01T14:30:00-00:00,2022-09-01T14:45:00-00:00,2022-09-01,08,LLL_LNODELNL,LLL_LNODELNL,LLL_LNODELNL,RTPD,MCC,LMP_CONG_PRC,LLL_LNODELNL,ALL,1,-0.0012,3,2
2022-09-01T15:30:00-00:00,2022-09-01T15:45:00-00:00,2022-09-01,09,LLL_LNODELNL,LLL_LNODELNL,LLL_LNODELNL,RTPD,MCC,LMP_CONG_PRC,LLL_LNODELNL,ALL,1,0.0012,3,2
2022-09-01T16:30:00-00:00,2022-09-01T16:45:00-00:00,2022-09-01,10,LLL_LNODELNL,LLL_LNODELNL,LLL_LNODELNL,RTPD,MCC,LMP_CONG_PRC,LLL_LNODELNL,ALL,1,-13.79415,3,2
2022-09-01T17:30:00-00:00,2022-09-01T17:45:00-00:00,2022-09-01,11,LLL_LNODELNL,LLL_LNODELNL,LLL_LNODELNL,RTPD,MCC,LMP_CONG_PRC,LLL_LNODELNL,ALL,1,-20.55949,3,2
2022-09-01T18:30:00-00:00,2022-09-01T18:45:00-00:00,2022-09-01,12,LLL_LNODELNL,LLL_LNODELNL,LLL_LNODELNL,RTPD,MCC,LMP_CONG_PRC,LLL_LNODELNL,ALL,1,-27.7263,3,2
2022-09-01T19:30:00-00:00,2022-09-01T19:45:00-00:00,2022-09-01,13,LLL_LNODELNL,LLL_LNODELNL,LLL_LNODELNL,RTPD,MCC,LMP_CONG_PRC,LLL_LNODELNL,ALL,1,-12.71918,3,2
2022-09-01T20:30:00-00:00,2022-09-01T20:45:00-00:00,2022-09-01,14,LLL_LNODELNL,LLL_LNODELNL,LLL_LNODELNL,RTPD,MCC,LMP_CONG_PRC,LLL_LNODELNL,ALL,1,-12.87458,3,2
2022-09-01T21:30:00-00:00,2022-09-01T21:45:00-00:00,2022-09-01,15,LLL_LNODELNL,LLL_LNODELNL,LLL_LNODELNL,RTPD,MCC,LMP_CONG_PRC,LLL_LNODELNL,ALL,1,-24.76813,3,2
2022-09-01T22:30:00-00:00,2022-09-01T22:45:00-00:00,2022-09-01,16,LLL_LNODELNL,LLL_LNODELNL,LLL_LNODELNL,RTPD,MCC,LMP_CONG_PRC,LLL_LNODELNL,ALL,1,-127.44042,3,2
2022-09-01T23:30:00-00:00,2022-09-01T23:45:00-00:00,2022-09-01,17,LLL_LNODELNL,LLL_LNODELNL,LLL_LNODELNL,RTPD,MCC,LMP_CONG_PRC,LLL_LNODELNL,ALL,1,0.0012,3,2
2022-09-02T00:30:00-00:00,2022-09-02T00:45:00-00:00,2022-09-01,18,LLL_LNODELNL,LLL_LNODELNL,LLL_LNODELNL,RTPD,MCC,LMP_CONG_PRC,LLL_LNODELNL,ALL,1,459.82288,3,2
2022-09-02T01:30:00-00:00,2022-09-02T01:45:00-00:00,2022-09-01,19,LLL_LNODELNL,LLL_LNODELNL,LLL_LNODELNL,RTPD,MCC,LMP_CONG_PRC,LLL_LNODELNL,ALL,1,-0.0012,3,2
2022-09-02T02:30:00-00:00,2022-09-02T02:45:00-00:00,2022-09-01,20,LLL_LNODELNL,LLL_LNODELNL,LLL_LNODELNL,RTPD,MCC,LMP_CONG_PRC,LLL_LNODELNL,ALL,1,-0.0012,3,2
2022-09-02T03:30:00-00:00,2022-09-02T03:45:00-00:00,2022-09-01,21,LLL_LNODELNL,LLL_LNODELNL,LLL_LNODELNL,RTPD,MCC,LMP_CONG_PRC,LLL_LNODELNL,ALL,1,32.32508,3,2
2022-09-02T04:30:00-00:00,2022-09-02T04:45:00-00:00,2022-09-01,22,LLL_LNODELNL,LLL_LNODELNL,LLL_LNODELNL,RTPD,MCC,LMP_CONG_PRC,LLL_LNODELNL,ALL,1,-0.0012,3,2
2022-09-02T05:30:00-00:00,2022-09-02T05:45:00-00:00,2022-09-01,23,LLL_LNODELNL,LLL_LNODELNL,LLL_LNODELNL,RTPD,MCC,LMP_CONG_PRC,LLL_LNODELNL,ALL,1,0.0012,3,2
2022-09-02T06:30:00-00:00,2022-09-02T06:45:00-00:00,2022-09-01,24,LLL_LNODELNL,LLL_LNODELNL,LLL_LNODELNL,RTPD,MCC,LMP_CONG_PRC,LLL_LNODELNL,ALL,1,0.0012,3,2
2022-09-01T07:45:00-00:00,2022-09-01T08:00:00-00:00,2022-09-01,01,LLL_LNODELNL,LLL_LNODELNL,LLL_LNODELNL,RTPD,MCC,LMP_CONG_PRC,LLL_LNODELNL,ALL,1,-18.5111,4,2
2022-09-01T08:45:00-00:00,2022-09-01T09:00:00-00:00,2022-09-01,02,LLL_LNODELNL,LLL_LNODELNL,LLL_LNODELNL,RTPD,MCC,LMP_CONG_PRC,LLL_LNODELNL,ALL,1,-4.53911,4,2
2022-09-01T09:45:00-00:00,2022-09-01T10:00:00-00:00,2022-09-01,03,LLL_LNODELNL,LLL_LNODELNL,LLL_LNODELNL,RTPD,MCC,LMP_CONG_PRC,LLL_LNODELNL,ALL,1,-5.23162,4,2
2022-09-01T10:45:00-00:00,2022-09-01T11:00:00-00:00,2022-09-01,04,LLL_LNODELNL,LLL_LNODELNL,LLL_LNODELNL,RTPD,MCC,LMP_CONG_PRC,LLL_LNODELNL,ALL,1,-1.22537,4,2
2022-09-01T11:45:00-00:00,2022-09-01T12:00:00-00:00,2022-09-01,05,LLL_LNODELNL,LLL_LNODELNL,LLL_LNODELNL,RTPD,MCC,LMP_CONG_PRC,LLL_LNODELNL,ALL,1,0.0012,4,2
2022-09-01T12:45:00-00:00,2022-09-01T13:00:00-00:00,2022-09-01,06,LLL_LNODELNL,LLL_LNODELNL,LLL_LNODELNL,RTPD,MCC,LMP_CONG_PRC,LLL_LNODELNL,ALL,1,-2.35541,4,2
2022-09-01T13:45:00-00:00,2022-09-01T14:00:00-00:00,2022-09-01,07,LLL_LNODELNL,LLL_LNODELNL,LLL_LNODELNL,RTPD,MCC,LMP_CONG_PRC,LLL_LNODELNL,ALL,1,-0.0012,4,2
2022-09-01T14:45:00-00:00,2022-09-01T15:00:00-00:00,2022-09-01,08,LLL_LNODELNL,LLL_LNODELNL,LLL_LNODELNL,RTPD,MCC,LMP_CONG_PRC,LLL_LNODELNL,ALL,1,0.0012,4,2
2022-09-01T15:45:00-00:00,2022-09-01T16:00:00-00:00,2022-09-01,09,LLL_LNODELNL,LLL_LNODELNL,LLL_LNODELNL,RTPD,MCC,LMP_CONG_PRC,LLL_LNODELNL,ALL,1,0.0012,4,2
2022-09-01T16:45:00-00:00,2022-09-01T17:00:00-00:00,2022-09-01,10,LLL_LNODELNL,LLL_LNODELNL,LLL_LNODELNL,RTPD,MCC,LMP_CONG_PRC,LLL_LNODELNL,ALL,1,-12.42263,4,2
2022-09-01T17:45:00-00:00,2022-09-01T18:00:00-00:00,2022-09-01,11,LLL_LNODELNL,LLL_LNODELNL,LLL_LNODELNL,RTPD,MCC,LMP_CONG_PRC,LLL_LNODELNL,ALL,1,-20.24295,4,2
2022-09-01T18:45:00-00:00,2022-09-01T19:00:00-00:00,2022-09-01,12,LLL_LNODELNL,LLL_LNODELNL,LLL_LNODELNL,RTPD,MCC,LMP_CONG_PRC,LLL_LNODELNL,ALL,1,-27.62017,4,2
2022-09-01T19:45:00-00:00,2022-09-01T20:00:00-00:00,2022-09-01,13,LLL_LNODELNL,LLL_LNODELNL,LLL_LNODELNL,RTPD,MCC,LMP_CONG_PRC,LLL_LNODELNL,ALL,1,-13.78047,4,2
2022-09-01T20:45:00-00:00,2022-09-01T21:00:00-00:00,2022-09-01,14,LLL_LNODELNL,LLL_LNODELNL,LLL_LNODELNL,RTPD,MCC,LMP_CONG_PRC,LLL_LNODELNL,ALL,1,-28.62683,4,2
2022-09-01T21:45:00-00:00,2022-09-01T22:00:00-00:00,2022-09-01,15,LLL_LNODELNL,LLL_LNODELNL,LLL_LNODELNL,RTPD,MCC,LMP_CONG_PRC,LLL_LNODELNL,ALL,1,-90.34153,4,2
2022-09-01T22:45:00-00:00,2022-09-01T23:00:00-00:00,2022-09-01,16,LLL_LNODELNL,LLL_LNODELNL,LLL_LNODELNL,RTPD,MCC,LMP_CONG_PRC,LLL_LNODELNL,ALL,1,-258.84213,4,2
2022-09-01T23:45:00-00:00,2022-09-02T00:00:00-00:00,2022-09-01,17,LLL_LNODELNL,LLL_LNODELNL,LLL_LNODELNL,RTPD,MCC,LMP_CONG_PRC,LLL_LNODELNL,ALL,1,400.52927,4,2
2022-09-02T00:45:00-00:00,2022-09-02T01:00:00-00:00,2022-09-01,18,LLL_LNODELNL,LLL_LNODELNL,LLL_LNODELNL,RTPD,MCC,LMP_CONG_PRC,LLL_LNODELNL,ALL,1,289.50897,4,2
2022-09-02T01:45:00-00:00,2022-09-02T02:00:00-00:00,2022-09-01,19,LLL_LNODELNL,LLL_LNODELNL,LLL_LNODELNL,RTPD,MCC,LMP_CONG_PRC,LLL_LNODELNL,ALL,1,-0.0012,4,2
2022-09-02T02:45:00-00:00,2022-09-02T03:00:00-00:00,2022-09-01,20,LLL_LNODELNL,LLL_LNODELNL,LLL_LNODELNL,RTPD,MCC,LMP_CONG_PRC,LLL_LNODELNL,ALL,1,131.26295,4,2
2022-09-02T03:45:00-00:00,2022-09-02T04:00:00-00:00,2022-09-01,21,LLL_LNODELNL,LLL_LNODELNL,LLL_LNODELNL,RTPD,MCC,LMP_CONG_PRC,LLL_LNODELNL,ALL,1,18.82573,4,2
2022-09-02T04:45:00-00:00,2022-09-02T05:00:00-00:00,2022-09-01,22,LLL_LNODELNL,LLL_LNODELNL,LLL_LNODELNL,RTPD,MCC,LMP_CONG_PRC,LLL_LNODELNL,ALL,1,0.0012,4,2
2022-09-02T05:45:00-00:00,2022-09-02T06:00:00-00:00,2022-09-01,23,LLL_LNODELNL,LLL_LNODELNL,LLL_LNODELNL,RTPD,MCC,LMP_CONG_PRC,LLL_LNODELNL,ALL,1,-4.39965,4,2
2022-09-02T06:45:00-00:00,2022-09-02T07:00:00-00:00,2022-09-01,24,LLL_LNODELNL,LLL_LNODELNL,LLL_LNODELNL,RTPD,MCC,LMP_CONG_PRC,LLL_LNODELNL,ALL,1,0.0012,4,2
2022-09-01T07:00:00-00:00,2022-09-01T07:15:00-00:00,2022-09-01,01,LLL_LNODELNL,LLL_LNODELNL,LLL_LNODELNL,RTPD,MCE,LMP_ENE_PRC,LLL_LNODELNL,ALL,1,104.23471,1,3
2022-09-01T08:00:00-00:00,2022-09-01T08:15:00-00:00,2022-09-01,02,LLL_LNODELNL,LLL_LNODELNL,LLL_LNODELNL,RTPD,MCE,LMP_ENE_PRC,LLL_LNODELNL,ALL,1,115.5488,1,3
2022-09-01T09:00:00-00:00,2022-09-01T09:15:00-00:00,2022-09-01,03,LLL_LNODELNL,LLL_LNODELNL,LLL_LNODELNL,RTPD,MCE,LMP_ENE_PRC,LLL_LNODELNL,ALL,1,99.73061,1,3
2022-09-01T10:00:00-00:00,2022-09-01T10:15:00-00:00,2022-09-01,04,LLL_LNODELNL,LLL_LNODELNL,LLL_LNODELNL,RTPD,MCE,LMP_ENE_PRC,LLL_LNODELNL,ALL,1,98.64222,1,3
2022-09-01T11:00:00-00:00,2022-09-01T11:15:00-00:00,2022-09-01,05,LLL_LNODELNL,LLL_LNODELNL,LLL_LNODELNL,RTPD,MCE,LMP_ENE_PRC,LLL_LNODELNL,ALL,1,102.56859,1,3
2022-09-01T12:00:00-00:00,2022-09-01T12:15:00-00:00,2022-09-01,06,LLL_LNODELNL,LLL_LNODELNL,LLL_LNODELNL,RTPD,MCE,LMP_ENE_PRC,LLL_LNODELNL,ALL,1,96.90845,1,3
2022-09-01T13:00:00-00:00,2022-09-01T13:15:00-00:00,2022-09-01,07,LLL_LNODELNL,LLL_LNODELNL,LLL_LNODELNL,RTPD,MCE,LMP_ENE_PRC,LLL_LNODELNL,ALL,1,101.80878,1,3
2022-09-01T14:00:00-00:00,2022-09-01T14:15:00-00:00,2022-09-01,08,LLL_LNODELNL,LLL_LNODELNL,LLL_LNODELNL,RTPD,MCE,LMP_ENE_PRC,LLL_LNODELNL,ALL,1,111.11219,1,3
2022-09-01T15:00:00-00:00,2022-09-01T15:15:00-00:00,2022-09-01,09,LLL_LNODELNL,LLL_LNODELNL,LLL_LNODELNL,RTPD,MCE,LMP_ENE_PRC,LLL_LNODELNL,ALL,1,97.4112,1,3
2022-09-01T16:00:00-00:00,2022-09-01T16:15:00-00:00,2022-09-01,10,LLL_LNODELNL,LLL_LNODELNL,LLL_LNODELNL,RTPD,MCE,LMP_ENE_PRC,LLL_LNODELNL,ALL,1,83.43525,1,3
2022-09-01T17:00:00-00:00,2022-09-01T17:15:00-00:00,2022-09-01,11,LLL_LNODELNL,LLL_LNODELNL,LLL_LNODELNL,RTPD,MCE,LMP_ENE_PRC,LLL_LNODELNL,ALL,1,96.94897,1,3
2022-09-01T18:00:00-00:00,2022-09-01T18:15:00-00:00,2022-09-01,12,LLL_LNODELNL,LLL_LNODELNL,LLL_LNODELNL,RTPD,MCE,LMP_ENE_PRC,LLL_LNODELNL,ALL,1,91.59291,1,3
2022-09-01T19:00:00-00:00,2022-09-01T19:15:00-00:00,2022-09-01,13,LLL_LNODELNL,LLL_LNODELNL,LLL_LNODELNL,RTPD,MCE,LMP_ENE_PRC,LLL_LNODELNL,ALL,1,109.19637,1,3
2022-09-01T20:00:00-00:00,2022-09-01T20:15:00-00:00,2022-09-01,14,LLL_LNODELNL,LLL_LNODELNL,LLL_LNODELNL,RTPD,MCE,LMP_ENE_PRC,LLL_LNODELNL,ALL,1,117.94359,1,3
2022-09-01T21:00:00-00:00,2022-09-01T21:15:00-00:00,2022-09-01,15,LLL_LNODELNL,LLL_LNODELNL,LLL_LNODELNL,RTPD,MCE,LMP_ENE_PRC,LLL_LNODELNL,ALL,1,226.61499,1,3
2022-09-01T22:00:00-00:00,2022-09-01T22:15:00-00:00,2022-09-01,16,LLL_LNODELNL,LLL_LNODELNL,LLL_LNODELNL,RTPD,MCE,LMP_ENE_PRC,LLL_LNODELNL,ALL,1,229.18552,1,3
2022-09-01T23:00:00-00:00,2022-09-01T23:15:00-00:00,2022-09-01,17,LLL_LNODELNL,LLL_LNODELNL,LLL_LNODELNL,RTPD,MCE,LMP_ENE_PRC,LLL_LNODELNL,ALL,1,386.7537,1,3
2022-09-02T00:00:00-00:00,2022-09-02T00:15:00-00:00,2022-09-01,18,LLL_LNODELNL,LLL_LNODELNL,LLL_LNODELNL,RTPD,MCE,LMP_ENE_PRC,LLL_LNODELNL,ALL,1,770.58136,1,3
2022-09-02T01:00:00-00:00,2022-09-02T01:15:00-00:00,2022-09-01,19,LLL_LNODELNL,LLL_LNODELNL,LLL_LNODELNL,RTPD,MCE,LMP_ENE_PRC,LLL_LNODELNL,ALL,1,916.27124,1,3
2022-09-02T02:00:00-00:00,2022-09-02T02:15:00-00:00,2022-09-01,20,LLL_LNODELNL,LLL_LNODELNL,LLL_LNODELNL,RTPD,MCE,LMP_ENE_PRC,LLL_LNODELNL,ALL,1,1991.6721,1,3
2022-09-02T03:00:00-00:00,2022-09-02T03:15:00-00:00,2022-09-01,21,LLL_LNODELNL,LLL_LNODELNL,LLL_LNODELNL,RTPD,MCE,LMP_ENE_PRC,LLL_LNODELNL,ALL,1,917.5508,1,3
2022-09-02T04:00:00-00:00,2022-09-02T04:15:00-00:00,2022-09-01,22,LLL_LNODELNL,LLL_LNODELNL,LLL_LNODELNL,RTPD,MCE,LMP_ENE_PRC,LLL_LNODELNL,ALL,1,257.83005,1,3
2022-09-02T05:00:00-00:00,2022-09-02T05:15:00-00:00,2022-09-01,23,LLL_LNODELNL,LLL_LNODELNL,LLL_LNODELNL,RTPD,MCE,LMP_ENE_PRC,LLL_LNODELNL,ALL,1,183.24657,1,3
2022-09-02T06:00:00-00:00,2022-09-02T06:15:00-00:00,2022-09-01,24,LLL_LNODELNL,LLL_LNODELNL,LLL_LNODELNL,RTPD,MCE,LMP_ENE_PRC,LLL_LNODELNL,ALL,1,158.867,1,3
2022-09-01T07:15:00-00:00,2022-09-01T07:30:00-00:00,2022-09-01,01,LLL_LNODELNL,LLL_LNODELNL,LLL_LNODELNL,RTPD,MCE,LMP_ENE_PRC,LLL_LNODELNL,ALL,1,125.55144,2,3
2022-09-01T08:15:00-00:00,2022-09-01T08:30:00-00:00,2022-09-01,02,LLL_LNODELNL,LLL_LNODELNL,LLL_LNODELNL,RTPD,MCE,LMP_ENE_PRC,LLL_LNODELNL,ALL,1,115.53165,2,3
2022-09-01T09:15:00-00:00,2022-09-01T09:30:00-00:00,2022-09-01,03,LLL_LNODELNL,LLL_LNODELNL,LLL_LNODELNL,RTPD,MCE,LMP_ENE_PRC,LLL_LNODELNL,ALL,1,98.30543,2,3
2022-09-01T10:15:00-00:00,2022-09-01T10:30:00-00:00,2022-09-01,04,LLL_LNODELNL,LLL_LNODELNL,LLL_LNODELNL,RTPD,MCE,LMP_ENE_PRC,LLL_LNODELNL,ALL,1,97.00684,2,3
2022-09-01T11:15:00-00:00,2022-09-01T11:30:00-00:00,2022-09-01,05,LLL_LNODELNL,LLL_LNODELNL,LLL_LNODELNL,RTPD,MCE,LMP_ENE_PRC,LLL_LNODELNL,ALL,1,103.09059,2,3
2022-09-01T12:15:00-00:00,2022-09-01T12:30:00-00:00,2022-09-01,06,LLL_LNODELNL,LLL_LNODELNL,LLL_LNODELNL,RTPD,MCE,LMP_ENE_PRC,LLL_LNODELNL,ALL,1,109.32203,2,3
2022-09-01T13:15:00-00:00,2022-09-01T13:30:00-00:00,2022-09-01,07,LLL_LNODELNL,LLL_LNODELNL,LLL_LNODELNL,RTPD,MCE,LMP_ENE_PRC,LLL_LNODELNL,ALL,1,110.97827,2,3
2022-09-01T14:15:00-00:00,2022-09-01T14:30:00-00:00,2022-09-01,08,LLL_LNODELNL,LLL_LNODELNL,LLL_LNODELNL,RTPD,MCE,LMP_ENE_PRC,LLL_LNODELNL,ALL,1,104.78743,2,3
2022-09-01T15:15:00-00:00,2022-09-01T15:30:00-00:00,2022-09-01,09,LLL_LNODELNL,LLL_LNODELNL,LLL_LNODELNL,RTPD,MCE,LMP_ENE_PRC,LLL_LNODELNL,ALL,1,86.9388,2,3
2022-09-01T16:15:00-00:00,2022-09-01T16:30:00-00:00,2022-09-01,10,LLL_LNODELNL,LLL_LNODELNL,LLL_LNODELNL,RTPD,MCE,LMP_ENE_PRC,LLL_LNODELNL,ALL,1,89.44858,2,3
2022-09-01T17:15:00-00:00,2022-09-01T17:30:00-00:00,2022-09-01,11,LLL_LNODELNL,LLL_LNODELNL,LLL_LNODELNL,RTPD,MCE,LMP_ENE_PRC,LLL_LNODELNL,ALL,1,99.34673,2,3
2022-09-01T18:15:00-00:00,2022-09-01T18:30:00-00:00,2022-09-01,12,LLL_LNODELNL,LLL_LNODELNL,LLL_LNODELNL,RTPD,MCE,LMP_ENE_PRC,LLL_LNODELNL,ALL,1,101.15901,2,3
2022-09-01T19:15:00-00:00,2022-09-01T19:30:00-00:00,2022-09-01,13,LLL_LNODELNL,LLL_LNODELNL,LLL_LNODELNL,RTPD,MCE,LMP_ENE_PRC,LLL_LNODELNL,ALL,1,105.30588,2,3
2022-09-01T20:15:00-00:00,2022-09-01T20:30:00-00:00,2022-09-01,14,LLL_LNODELNL,LLL_LNODELNL,LLL_LNODELNL,RTPD,MCE,LMP_ENE_PRC,LLL_LNODELNL,ALL,1,117.49421,2,3
2022-09-01T21:15:00-00:00,2022-09-01T21:30:00-00:00,2022-09-01,15,LLL_LNODELNL,LLL_LNODELNL,LLL_LNODELNL,RTPD,MCE,LMP_ENE_PRC,LLL_LNODELNL,ALL,1,147.21185,2,3
2022-09-01T22:15:00-00:00,2022-09-01T22:30:00-00:00,2022-09-01,16,LLL_LNODELNL,LLL_LNODELNL,LLL_LNODELNL,RTPD,MCE,LMP_ENE_PRC,LLL_LNODELNL,ALL,1,256.58734,2,3
2022-09-01T23:15:00-00:00,2022-09-01T23:30:00-00:00,2022-09-01,17,LLL_LNODELNL,LLL_LNODELNL,LLL_LNODELNL,RTPD,MCE,LMP_ENE_PRC,LLL_LNODELNL,ALL,1,362.12408,2,3
2022-09-02T00:15:00-00:00,2022-09-02T00:30:00-00:00,2022-09-01,18,LLL_LNODELNL,LLL_LNODELNL,LLL_LNODELNL,RTPD,MCE,LMP_ENE_PRC,LLL_LNODELNL,ALL,1,691.2182,2,3
2022-09-02T01:15:00-00:00,2022-09-02T01:30:00-00:00,2022-09-01,19,LLL_LNODELNL,LLL_LNODELNL,LLL_LNODELNL,RTPD,MCE,LMP_ENE_PRC,LLL_LNODELNL,ALL,1,1999.9933,2,3
2022-09-02T02:15:00-00:00,2022-09-02T02:30:00-00:00,2022-09-01,20,LLL_LNODELNL,LLL_LNODELNL,LLL_LNODELNL,RTPD,MCE,LMP_ENE_PRC,LLL_LNODELNL,ALL,1,1991.6721,2,3
2022-09-02T03:15:00-00:00,2022-09-02T03:30:00-00:00,2022-09-01,21,LLL_LNODELNL,LLL_LNODELNL,LLL_LNODELNL,RTPD,MCE,LMP_ENE_PRC,LLL_LNODELNL,ALL,1,400.52884,2,3
2022-09-02T04:15:00-00:00,2022-09-02T04:30:00-00:00,2022-09-01,22,LLL_LNODELNL,LLL_LNODELNL,LLL_LNODELNL,RTPD,MCE,LMP_ENE_PRC,LLL_LNODELNL,ALL,1,224.75041,2,3
2022-09-02T05:15:00-00:00,2022-09-02T05:30:00-00:00,2022-09-01,23,LLL_LNODELNL,LLL_LNODELNL,LLL_LNODELNL,RTPD,MCE,LMP_ENE_PRC,LLL_LNODELNL,ALL,1,157.11986,2,3
2022-09-02T06:15:00-00:00,2022-09-02T06:30:00-00:00,2022-09-01,24,LLL_LNODELNL,LLL_LNODELNL,LLL_LNODELNL,RTPD,MCE,LMP_ENE_PRC,LLL_LNODELNL,ALL,1,143.1005,2,3
2022-09-01T07:30:00-00:00,2022-09-01T07:45:00-00:00,2022-09-01,01,LLL_LNODELNL,LLL_LNODELNL,LLL_LNODELNL,RTPD,MCE,LMP_ENE_PRC,LLL_LNODELNL,ALL,1,119.03196,3,3
2022-09-01T08:30:00-00:00,2022-09-01T08:45:00-00:00,2022-09-01,02,LLL_LNODELNL,LLL_LNODELNL,LLL_LNODELNL,RTPD,MCE,LMP_ENE_PRC,LLL_LNODELNL,ALL,1,111.11241,3,3
2022-09-01T09:30:00-00:00,2022-09-01T09:45:00-00:00,2022-09-01,03,LLL_LNODELNL,LLL_LNODELNL,LLL_LNODELNL,RTPD,MCE,LMP_ENE_PRC,LLL_LNODELNL,ALL,1,98.16228,3,3
2022-09-01T10:30:00-00:00,2022-09-01T10:45:00-00:00,2022-09-01,04,LLL_LNODELNL,LLL_LNODELNL,LLL_LNODELNL,RTPD,MCE,LMP_ENE_PRC,LLL_LNODELNL,ALL,1,96.36226,3,3
2022-09-01T11:30:00-00:00,2022-09-01T11:45:00-00:00,2022-09-01,05,LLL_LNODELNL,LLL_LNODELNL,LLL_LNODELNL,RTPD,MCE,LMP_ENE_PRC,LLL_LNODELNL,ALL,1,103.06198,3,3
2022-09-01T12:30:00-00:00,2022-09-01T12:45:00-00:00,2022-09-01,06,LLL_LNODELNL,LLL_LNODELNL,LLL_LNODELNL,RTPD,MCE,LMP_ENE_PRC,LLL_LNODELNL,ALL,1,113.57403,3,3
2022-09-01T13:30:00-00:00,2022-09-01T13:45:00-00:00,2022-09-01,07,LLL_LNODELNL,LLL_LNODELNL,LLL_LNODELNL,RTPD,MCE,LMP_ENE_PRC,LLL_LNODELNL,ALL,1,111.52025,3,3
2022-09-01T14:30:00-00:00,2022-09-01T14:45:00-00:00,2022-09-01,08,LLL_LNODELNL,LLL_LNODELNL,LLL_LNODELNL,RTPD,MCE,LMP_ENE_PRC,LLL_LNODELNL,ALL,1,101.83428,3,3
2022-09-01T15:30:00-00:00,2022-09-01T15:45:00-00:00,2022-09-01,09,LLL_LNODELNL,LLL_LNODELNL,LLL_LNODELNL,RTPD,MCE,LMP_ENE_PRC,LLL_LNODELNL,ALL,1,86.1388,3,3
2022-09-01T16:30:00-00:00,2022-09-01T16:45:00-00:00,2022-09-01,10,LLL_LNODELNL,LLL_LNODELNL,LLL_LNODELNL,RTPD,MCE,LMP_ENE_PRC,LLL_LNODELNL,ALL,1,88.79644,3,3
2022-09-01T17:30:00-00:00,2022-09-01T17:45:00-00:00,2022-09-01,11,LLL_LNODELNL,LLL_LNODELNL,LLL_LNODELNL,RTPD,MCE,LMP_ENE_PRC,LLL_LNODELNL,ALL,1,99.13013,3,3
2022-09-01T18:30:00-00:00,2022-09-01T18:45:00-00:00,2022-09-01,12,LLL_LNODELNL,LLL_LNODELNL,LLL_LNODELNL,RTPD,MCE,LMP_ENE_PRC,LLL_LNODELNL,ALL,1,107.05718,3,3
2022-09-01T19:30:00-00:00,2022-09-01T19:45:00-00:00,2022-09-01,13,LLL_LNODELNL,LLL_LNODELNL,LLL_LNODELNL,RTPD,MCE,LMP_ENE_PRC,LLL_LNODELNL,ALL,1,114.05905,3,3
2022-09-01T20:30:00-00:00,2022-09-01T20:45:00-00:00,2022-09-01,14,LLL_LNODELNL,LLL_LNODELNL,LLL_LNODELNL,RTPD,MCE,LMP_ENE_PRC,LLL_LNODELNL,ALL,1,129.81606,3,3
2022-09-01T21:30:00-00:00,2022-09-01T21:45:00-00:00,2022-09-01,15,LLL_LNODELNL,LLL_LNODELNL,LLL_LNODELNL,RTPD,MCE,LMP_ENE_PRC,LLL_LNODELNL,ALL,1,152.93057,3,3
2022-09-01T22:30:00-00:00,2022-09-01T22:45:00-00:00,2022-09-01,16,LLL_LNODELNL,LLL_LNODELNL,LLL_LNODELNL,RTPD,MCE,LMP_ENE_PRC,LLL_LNODELNL,ALL,1,283.18182,3,3
2022-09-01T23:30:00-00:00,2022-09-01T23:45:00-00:00,2022-09-01,17,LLL_LNODELNL,LLL_LNODELNL,LLL_LNODELNL,RTPD,MCE,LMP_ENE_PRC,LLL_LNODELNL,ALL,1,566.48157,3,3
2022-09-02T00:30:00-00:00,2022-09-02T00:45:00-00:00,2022-09-01,18,LLL_LNODELNL,LLL_LNODELNL,LLL_LNODELNL,RTPD,MCE,LMP_ENE_PRC,LLL_LNODELNL,ALL,1,1329.1127,3,3
2022-09-02T01:30:00-00:00,2022-09-02T01:45:00-00:00,2022-09-01,19,LLL_LNODELNL,LLL_LNODELNL,LLL_LNODELNL,RTPD,MCE,LMP_ENE_PRC,LLL_LNODELNL,ALL,1,1999.9956,3,3
2022-09-02T02:30:00-00:00,2022-09-02T02:45:00-00:00,2022-09-01,20,LLL_LNODELNL,LLL_LNODELNL,LLL_LNODELNL,RTPD,MCE,LMP_ENE_PRC,LLL_LNODELNL,ALL,1,1991.671,3,3
2022-09-02T03:30:00-00:00,2022-09-02T03:45:00-00:00,2022-09-01,21,LLL_LNODELNL,LLL_LNODELNL,LLL_LNODELNL,RTPD,MCE,LMP_ENE_PRC,LLL_LNODELNL,ALL,1,186.61823,3,3
2022-09-02T04:30:00-00:00,2022-09-02T04:45:00-00:00,2022-09-01,22,LLL_LNODELNL,LLL_LNODELNL,LLL_LNODELNL,RTPD,MCE,LMP_ENE_PRC,LLL_LNODELNL,ALL,1,180.67824,3,3
2022-09-02T05:30:00-00:00,2022-09-02T05:45:00-00:00,2022-09-01,23,LLL_LNODELNL,LLL_LNODELNL,LLL_LNODELNL,RTPD,MCE,LMP_ENE_PRC,LLL_LNODELNL,ALL,1,131.69917,3,3
2022-09-02T06:30:00-00:00,2022-09-02T06:45:00-00:00,2022-09-01,24,LLL_LNODELNL,LLL_LNODELNL,LLL_LNODELNL,RTPD,MCE,LMP_ENE_PRC,LLL_LNODELNL,ALL,1,128.9871,3,3
2022-09-01T07:45:00-00:00,2022-09-01T08:00:00-00:00,2022-09-01,01,LLL_LNODELNL,LLL_LNODELNL,LLL_LNODELNL,RTPD,MCE,LMP_ENE_PRC,LLL_LNODELNL,ALL,1,109.12099,4,3
2022-09-01T08:45:00-00:00,2022-09-01T09:00:00-00:00,2022-09-01,02,LLL_LNODELNL,LLL_LNODELNL,LLL_LNODELNL,RTPD,MCE,LMP_ENE_PRC,LLL_LNODELNL,ALL,1,98.7357,4,3
2022-09-01T09:45:00-00:00,2022-09-01T10:00:00-00:00,2022-09-01,03,LLL_LNODELNL,LLL_LNODELNL,LLL_LNODELNL,RTPD,MCE,LMP_ENE_PRC,LLL_LNODELNL,ALL,1,97.50475,4,3
2022-09-01T10:45:00-00:00,2022-09-01T11:00:00-00:00,2022-09-01,04,LLL_LNODELNL,LLL_LNODELNL,LLL_LNODELNL,RTPD,MCE,LMP_ENE_PRC,LLL_LNODELNL,ALL,1,94.71966,4,3
2022-09-01T11:45:00-00:00,2022-09-01T12:00:00-00:00,2022-09-01,05,LLL_LNODELNL,LLL_LNODELNL,LLL_LNODELNL,RTPD,MCE,LMP_ENE_PRC,LLL_LNODELNL,ALL,1,107.01,4,3
2022-09-01T12:45:00-00:00,2022-09-01T13:00:00-00:00,2022-09-01,06,LLL_LNODELNL,LLL_LNODELNL,LLL_LNODELNL,RTPD,MCE,LMP_ENE_PRC,LLL_LNODELNL,ALL,1,116.4848,4,3
2022-09-01T13:45:00-00:00,2022-09-01T14:00:00-00:00,2022-09-01,07,LLL_LNODELNL,LLL_LNODELNL,LLL_LNODELNL,RTPD,MCE,LMP_ENE_PRC,LLL_LNODELNL,ALL,1,111.41,4,3
2022-09-01T14:45:00-00:00,2022-09-01T15:00:00-00:00,2022-09-01,08,LLL_LNODELNL,LLL_LNODELNL,LLL_LNODELNL,RTPD,MCE,LMP_ENE_PRC,LLL_LNODELNL,ALL,1,86.1388,4,3
2022-09-01T15:45:00-00:00,2022-09-01T16:00:00-00:00,2022-09-01,09,LLL_LNODELNL,LLL_LNODELNL,LLL_LNODELNL,RTPD,MCE,LMP_ENE_PRC,LLL_LNODELNL,ALL,1,78.70076,4,3
2022-09-01T16:45:00-00:00,2022-09-01T17:00:00-00:00,2022-09-01,10,LLL_LNODELNL,LLL_LNODELNL,LLL_LNODELNL,RTPD,MCE,LMP_ENE_PRC,LLL_LNODELNL,ALL,1,91.24933,4,3
2022-09-01T17:45:00-00:00,2022-09-01T18:00:00-00:00,2022-09-01,11,LLL_LNODELNL,LLL_LNODELNL,LLL_LNODELNL,RTPD,MCE,LMP_ENE_PRC,LLL_LNODELNL,ALL,1,99.20544,4,3
2022-09-01T18:45:00-00:00,2022-09-01T19:00:00-00:00,2022-09-01,12,LLL_LNODELNL,LLL_LNODELNL,LLL_LNODELNL,RTPD,MCE,LMP_ENE_PRC,LLL_LNODELNL,ALL,1,109.04064,4,3
2022-09-01T19:45:00-00:00,2022-09-01T20:00:00-00:00,2022-09-01,13,LLL_LNODELNL,LLL_LNODELNL,LLL_LNODELNL,RTPD,MCE,LMP_ENE_PRC,LLL_LNODELNL,ALL,1,120.22491,4,3
2022-09-01T20:45:00-00:00,2022-09-01T21:00:00-00:00,2022-09-01,14,LLL_LNODELNL,LLL_LNODELNL,LLL_LNODELNL,RTPD,MCE,LMP_ENE_PRC,LLL_LNODELNL,ALL,1,154.02509,4,3
2022-09-01T21:45:00-00:00,2022-09-01T22:00:00-00:00,2022-09-01,15,LLL_LNODELNL,LLL_LNODELNL,LLL_LNODELNL,RTPD,MCE,LMP_ENE_PRC,LLL_LNODELNL,ALL,1,300.29376,4,3
2022-09-01T22:45:00-00:00,2022-09-01T23:00:00-00:00,2022-09-01,16,LLL_LNODELNL,LLL_LNODELNL,LLL_LNODELNL,RTPD,MCE,LMP_ENE_PRC,LLL_LNODELNL,ALL,1,429.9137,4,3
2022-09-01T23:45:00-00:00,2022-09-02T00:00:00-00:00,2022-09-01,17,LLL_LNODELNL,LLL_LNODELNL,LLL_LNODELNL,RTPD,MCE,LMP_ENE_PRC,LLL_LNODELNL,ALL,1,1261.2124,4,3
2022-09-02T00:45:00-00:00,2022-09-02T01:00:00-00:00,2022-09-01,18,LLL_LNODELNL,LLL_LNODELNL,LLL_LNODELNL,RTPD,MCE,LMP_ENE_PRC,LLL_LNODELNL,ALL,1,1519.149,4,3
2022-09-02T01:45:00-00:00,2022-09-02T02:00:00-00:00,2022-09-01,19,LLL_LNODELNL,LLL_LNODELNL,LLL_LNODELNL,RTPD,MCE,LMP_ENE_PRC,LLL_LNODELNL,ALL,1,1991.9337,4,3
2022-09-02T02:45:00-00:00,2022-09-02T03:00:00-00:00,2022-09-01,20,LLL_LNODELNL,LLL_LNODELNL,LLL_LNODELNL,RTPD,MCE,LMP_ENE_PRC,LLL_LNODELNL,ALL,1,1629.6213,4,3
2022-09-02T03:45:00-00:00,2022-09-02T04:00:00-00:00,2022-09-01,21,LLL_LNODELNL,LLL_LNODELNL,LLL_LNODELNL,RTPD,MCE,LMP_ENE_PRC,LLL_LNODELNL,ALL,1,141.13702,4,3
2022-09-02T04:45:00-00:00,2022-09-02T05:00:00-00:00,2022-09-01,22,LLL_LNODELNL,LLL_LNODELNL,LLL_LNODELNL,RTPD,MCE,LMP_ENE_PRC,LLL_LNODELNL,ALL,1,126.76372,4,3
2022-09-02T05:45:00-00:00,2022-09-02T06:00:00-00:00,2022-09-01,23,LLL_LNODELNL,LLL_LNODELNL,LLL_LNODELNL,RTPD,MCE,LMP_ENE_PRC,LLL_LNODELNL,ALL,1,119.00958,4,3
2022-09-02T06:45:00-00:00,2022-09-02T07:00:00-00:00,2022-09-01,24,LLL_LNODELNL,LLL_LNODELNL,LLL_LNODELNL,RTPD,MCE,LMP_ENE_PRC,LLL_LNODELNL,ALL,1,109.20324,4,3
2022-09-01T07:00:00-00:00,2022-09-01T07:15:00-00:00,2022-09-01,01,LLL_LNODELNL,LLL_LNODELNL,LLL_LNODELNL,RTPD,MCL,LMP_LOSS_PRC,LLL_LNODELNL,ALL,1,-0.5316,1,4
2022-09-01T08:00:00-00:00,2022-09-01T08:15:00-00:00,2022-09-01,02,LLL_LNODELNL,LLL_LNODELNL,LLL_LNODELNL,RTPD,MCL,LMP_LOSS_PRC,LLL_LNODELNL,ALL,1,0,1,4
2022-09-01T09:00:00-00:00,2022-09-01T09:15:00-00:00,2022-09-01,03,LLL_LNODELNL,LLL_LNODELNL,LLL_LNODELNL,RTPD,MCL,LMP_LOSS_PRC,LLL_LNODELNL,ALL,1,0.21941,1,4
2022-09-01T10:00:00-00:00,2022-09-01T10:15:00-00:00,2022-09-01,04,LLL_LNODELNL,LLL_LNODELNL,LLL_LNODELNL,RTPD,MCL,LMP_LOSS_PRC,LLL_LNODELNL,ALL,1,0.45376,1,4
2022-09-01T11:00:00-00:00,2022-09-01T11:15:00-00:00,2022-09-01,05,LLL_LNODELNL,LLL_LNODELNL,LLL_LNODELNL,RTPD,MCL,LMP_LOSS_PRC,LLL_LNODELNL,ALL,1,0.62568,1,4
2022-09-01T12:00:00-00:00,2022-09-01T12:15:00-00:00,2022-09-01,06,LLL_LNODELNL,LLL_LNODELNL,LLL_LNODELNL,RTPD,MCL,LMP_LOSS_PRC,LLL_LNODELNL,ALL,1,0.14536,1,4
2022-09-01T13:00:00-00:00,2022-09-01T13:15:00-00:00,2022-09-01,07,LLL_LNODELNL,LLL_LNODELNL,LLL_LNODELNL,RTPD,MCL,LMP_LOSS_PRC,LLL_LNODELNL,ALL,1,0,1,4
2022-09-01T14:00:00-00:00,2022-09-01T14:15:00-00:00,2022-09-01,08,LLL_LNODELNL,LLL_LNODELNL,LLL_LNODELNL,RTPD,MCL,LMP_LOSS_PRC,LLL_LNODELNL,ALL,1,1.85555,1,4
2022-09-01T15:00:00-00:00,2022-09-01T15:15:00-00:00,2022-09-01,09,LLL_LNODELNL,LLL_LNODELNL,LLL_LNODELNL,RTPD,MCL,LMP_LOSS_PRC,LLL_LNODELNL,ALL,1,0,1,4
2022-09-01T16:00:00-00:00,2022-09-01T16:15:00-00:00,2022-09-01,10,LLL_LNODELNL,LLL_LNODELNL,LLL_LNODELNL,RTPD,MCL,LMP_LOSS_PRC,LLL_LNODELNL,ALL,1,0,1,4
2022-09-01T17:00:00-00:00,2022-09-01T17:15:00-00:00,2022-09-01,11,LLL_LNODELNL,LLL_LNODELNL,LLL_LNODELNL,RTPD,MCL,LMP_LOSS_PRC,LLL_LNODELNL,ALL,1,0,1,4
2022-09-01T18:00:00-00:00,2022-09-01T18:15:00-00:00,2022-09-01,12,LLL_LNODELNL,LLL_LNODELNL,LLL_LNODELNL,RTPD,MCL,LMP_LOSS_PRC,LLL_LNODELNL,ALL,1,0,1,4
2022-09-01T19:00:00-00:00,2022-09-01T19:15:00-00:00,2022-09-01,13,LLL_LNODELNL,LLL_LNODELNL,LLL_LNODELNL,RTPD,MCL,LMP_LOSS_PRC,LLL_LNODELNL,ALL,1,0,1,4
2022-09-01T20:00:00-00:00,2022-09-01T20:15:00-00:00,2022-09-01,14,LLL_LNODELNL,LLL_LNODELNL,LLL_LNODELNL,RTPD,MCL,LMP_LOSS_PRC,LLL_LNODELNL,ALL,1,0,1,4
2022-09-01T21:00:00-00:00,2022-09-01T21:15:00-00:00,2022-09-01,15,LLL_LNODELNL,LLL_LNODELNL,LLL_LNODELNL,RTPD,MCL,LMP_LOSS_PRC,LLL_LNODELNL,ALL,1,0,1,4
2022-09-01T22:00:00-00:00,2022-09-01T22:15:00-00:00,2022-09-01,16,LLL_LNODELNL,LLL_LNODELNL,LLL_LNODELNL,RTPD,MCL,LMP_LOSS_PRC,LLL_LNODELNL,ALL,1,0,1,4
2022-09-01T23:00:00-00:00,2022-09-01T23:15:00-00:00,2022-09-01,17,LLL_LNODELNL,LLL_LNODELNL,LLL_LNODELNL,RTPD,MCL,LMP_LOSS_PRC,LLL_LNODELNL,ALL,1,0,1,4
2022-09-02T00:00:00-00:00,2022-09-02T00:15:00-00:00,2022-09-01,18,LLL_LNODELNL,LLL_LNODELNL,LLL_LNODELNL,RTPD,MCL,LMP_LOSS_PRC,LLL_LNODELNL,ALL,1,11.71282,1,4
2022-09-02T01:00:00-00:00,2022-09-02T01:15:00-00:00,2022-09-01,19,LLL_LNODELNL,LLL_LNODELNL,LLL_LNODELNL,RTPD,MCL,LMP_LOSS_PRC,LLL_LNODELNL,ALL,1,0,1,4
2022-09-02T02:00:00-00:00,2022-09-02T02:15:00-00:00,2022-09-01,20,LLL_LNODELNL,LLL_LNODELNL,LLL_LNODELNL,RTPD,MCL,LMP_LOSS_PRC,LLL_LNODELNL,ALL,1,0,1,4
2022-09-02T03:00:00-00:00,2022-09-02T03:15:00-00:00,2022-09-01,21,LLL_LNODELNL,LLL_LNODELNL,LLL_LNODELNL,RTPD,MCL,LMP_LOSS_PRC,LLL_LNODELNL,ALL,1,17.5252,1,4
2022-09-02T04:00:00-00:00,2022-09-02T04:15:00-00:00,2022-09-01,22,LLL_LNODELNL,LLL_LNODELNL,LLL_LNODELNL,RTPD,MCL,LMP_LOSS_PRC,LLL_LNODELNL,ALL,1,1.57276,1,4
2022-09-02T05:00:00-00:00,2022-09-02T05:15:00-00:00,2022-09-01,23,LLL_LNODELNL,LLL_LNODELNL,LLL_LNODELNL,RTPD,MCL,LMP_LOSS_PRC,LLL_LNODELNL,ALL,1,1.42933,1,4
2022-09-02T06:00:00-00:00,2022-09-02T06:15:00-00:00,2022-09-01,24,LLL_LNODELNL,LLL_LNODELNL,LLL_LNODELNL,RTPD,MCL,LMP_LOSS_PRC,LLL_LNODELNL,ALL,1,0.30185,1,4
2022-09-01T07:15:00-00:00,2022-09-01T07:30:00-00:00,2022-09-01,01,LLL_LNODELNL,LLL_LNODELNL,LLL_LNODELNL,RTPD,MCL,LMP_LOSS_PRC,LLL_LNODELNL,ALL,1,0,2,4
2022-09-01T08:15:00-00:00,2022-09-01T08:30:00-00:00,2022-09-01,02,LLL_LNODELNL,LLL_LNODELNL,LLL_LNODELNL,RTPD,MCL,LMP_LOSS_PRC,LLL_LNODELNL,ALL,1,0,2,4
2022-09-01T09:15:00-00:00,2022-09-01T09:30:00-00:00,2022-09-01,03,LLL_LNODELNL,LLL_LNODELNL,LLL_LNODELNL,RTPD,MCL,LMP_LOSS_PRC,LLL_LNODELNL,ALL,1,0.2556,2,4
2022-09-01T10:15:00-00:00,2022-09-01T10:30:00-00:00,2022-09-01,04,LLL_LNODELNL,LLL_LNODELNL,LLL_LNODELNL,RTPD,MCL,LMP_LOSS_PRC,LLL_LNODELNL,ALL,1,0.48504,2,4
2022-09-01T11:15:00-00:00,2022-09-01T11:30:00-00:00,2022-09-01,05,LLL_LNODELNL,LLL_LNODELNL,LLL_LNODELNL,RTPD,MCL,LMP_LOSS_PRC,LLL_LNODELNL,ALL,1,0.60824,2,4
2022-09-01T12:15:00-00:00,2022-09-01T12:30:00-00:00,2022-09-01,06,LLL_LNODELNL,LLL_LNODELNL,LLL_LNODELNL,RTPD,MCL,LMP_LOSS_PRC,LLL_LNODELNL,ALL,1,0.34983,2,4
2022-09-01T13:15:00-00:00,2022-09-01T13:30:00-00:00,2022-09-01,07,LLL_LNODELNL,LLL_LNODELNL,LLL_LNODELNL,RTPD,MCL,LMP_LOSS_PRC,LLL_LNODELNL,ALL,1,0.29964,2,4
2022-09-01T14:15:00-00:00,2022-09-01T14:30:00-00:00,2022-09-01,08,LLL_LNODELNL,LLL_LNODELNL,LLL_LNODELNL,RTPD,MCL,LMP_LOSS_PRC,LLL_LNODELNL,ALL,1,1.54036,2,4
2022-09-01T15:15:00-00:00,2022-09-01T15:30:00-00:00,2022-09-01,09,LLL_LNODELNL,LLL_LNODELNL,LLL_LNODELNL,RTPD,MCL,LMP_LOSS_PRC,LLL_LNODELNL,ALL,1,0,2,4
2022-09-01T16:15:00-00:00,2022-09-01T16:30:00-00:00,2022-09-01,10,LLL_LNODELNL,LLL_LNODELNL,LLL_LNODELNL,RTPD,MCL,LMP_LOSS_PRC,LLL_LNODELNL,ALL,1,0,2,4
2022-09-01T17:15:00-00:00,2022-09-01T17:30:00-00:00,2022-09-01,11,LLL_LNODELNL,LLL_LNODELNL,LLL_LNODELNL,RTPD,MCL,LMP_LOSS_PRC,LLL_LNODELNL,ALL,1,0,2,4
2022-09-01T18:15:00-00:00,2022-09-01T18:30:00-00:00,2022-09-01,12,LLL_LNODELNL,LLL_LNODELNL,LLL_LNODELNL,RTPD,MCL,LMP_LOSS_PRC,LLL_LNODELNL,ALL,1,0,2,4
2022-09-01T19:15:00-00:00,2022-09-01T19:30:00-00:00,2022-09-01,13,LLL_LNODELNL,LLL_LNODELNL,LLL_LNODELNL,RTPD,MCL,LMP_LOSS_PRC,LLL_LNODELNL,ALL,1,0,2,4
2022-09-01T20:15:00-00:00,2022-09-01T20:30:00-00:00,2022-09-01,14,LLL_LNODELNL,LLL_LNODELNL,LLL_LNODELNL,RTPD,MCL,LMP_LOSS_PRC,LLL_LNODELNL,ALL,1,0,2,4
2022-09-01T21:15:00-00:00,2022-09-01T21:30:00-00:00,2022-09-01,15,LLL_LNODELNL,LLL_LNODELNL,LLL_LNODELNL,RTPD,MCL,LMP_LOSS_PRC,LLL_LNODELNL,ALL,1,0,2,4
2022-09-01T22:15:00-00:00,2022-09-01T22:30:00-00:00,2022-09-01,16,LLL_LNODELNL,LLL_LNODELNL,LLL_LNODELNL,RTPD,MCL,LMP_LOSS_PRC,LLL_LNODELNL,ALL,1,0,2,4
2022-09-01T23:15:00-00:00,2022-09-01T23:30:00-00:00,2022-09-01,17,LLL_LNODELNL,LLL_LNODELNL,LLL_LNODELNL,RTPD,MCL,LMP_LOSS_PRC,LLL_LNODELNL,ALL,1,0,2,4
2022-09-02T00:15:00-00:00,2022-09-02T00:30:00-00:00,2022-09-01,18,LLL_LNODELNL,LLL_LNODELNL,LLL_LNODELNL,RTPD,MCL,LMP_LOSS_PRC,LLL_LNODELNL,ALL,1,9.46967,2,4
2022-09-02T01:15:00-00:00,2022-09-02T01:30:00-00:00,2022-09-01,19,LLL_LNODELNL,LLL_LNODELNL,LLL_LNODELNL,RTPD,MCL,LMP_LOSS_PRC,LLL_LNODELNL,ALL,1,0,2,4
2022-09-02T02:15:00-00:00,2022-09-02T02:30:00-00:00,2022-09-01,20,LLL_LNODELNL,LLL_LNODELNL,LLL_LNODELNL,RTPD,MCL,LMP_LOSS_PRC,LLL_LNODELNL,ALL,1,0,2,4
2022-09-02T03:15:00-00:00,2022-09-02T03:30:00-00:00,2022-09-01,21,LLL_LNODELNL,LLL_LNODELNL,LLL_LNODELNL,RTPD,MCL,LMP_LOSS_PRC,LLL_LNODELNL,ALL,1,7.89039,2,4
2022-09-02T04:15:00-00:00,2022-09-02T04:30:00-00:00,2022-09-01,22,LLL_LNODELNL,LLL_LNODELNL,LLL_LNODELNL,RTPD,MCL,LMP_LOSS_PRC,LLL_LNODELNL,ALL,1,1.01137,2,4
2022-09-02T05:15:00-00:00,2022-09-02T05:30:00-00:00,2022-09-01,23,LLL_LNODELNL,LLL_LNODELNL,LLL_LNODELNL,RTPD,MCL,LMP_LOSS_PRC,LLL_LNODELNL,ALL,1,0.84845,2,4
2022-09-02T06:15:00-00:00,2022-09-02T06:30:00-00:00,2022-09-01,24,LLL_LNODELNL,LLL_LNODELNL,LLL_LNODELNL,RTPD,MCL,LMP_LOSS_PRC,LLL_LNODELNL,ALL,1,-0.67258,2,4
2022-09-01T07:30:00-00:00,2022-09-01T07:45:00-00:00,2022-09-01,01,LLL_LNODELNL,LLL_LNODELNL,LLL_LNODELNL,RTPD,MCL,LMP_LOSS_PRC,LLL_LNODELNL,ALL,1,0,3,4
2022-09-01T08:30:00-00:00,2022-09-01T08:45:00-00:00,2022-09-01,02,LLL_LNODELNL,LLL_LNODELNL,LLL_LNODELNL,RTPD,MCL,LMP_LOSS_PRC,LLL_LNODELNL,ALL,1,0.25556,3,4
2022-09-01T09:30:00-00:00,2022-09-01T09:45:00-00:00,2022-09-01,03,LLL_LNODELNL,LLL_LNODELNL,LLL_LNODELNL,RTPD,MCL,LMP_LOSS_PRC,LLL_LNODELNL,ALL,1,0.12761,3,4
2022-09-01T10:30:00-00:00,2022-09-01T10:45:00-00:00,2022-09-01,04,LLL_LNODELNL,LLL_LNODELNL,LLL_LNODELNL,RTPD,MCL,LMP_LOSS_PRC,LLL_LNODELNL,ALL,1,0.54927,3,4
2022-09-01T11:30:00-00:00,2022-09-01T11:45:00-00:00,2022-09-01,05,LLL_LNODELNL,LLL_LNODELNL,LLL_LNODELNL,RTPD,MCL,LMP_LOSS_PRC,LLL_LNODELNL,ALL,1,0.71114,3,4
2022-09-01T12:30:00-00:00,2022-09-01T12:45:00-00:00,2022-09-01,06,LLL_LNODELNL,LLL_LNODELNL,LLL_LNODELNL,RTPD,MCL,LMP_LOSS_PRC,LLL_LNODELNL,ALL,1,0.34073,3,4
2022-09-01T13:30:00-00:00,2022-09-01T13:45:00-00:00,2022-09-01,07,LLL_LNODELNL,LLL_LNODELNL,LLL_LNODELNL,RTPD,MCL,LMP_LOSS_PRC,LLL_LNODELNL,ALL,1,0.50184,3,4
2022-09-01T14:30:00-00:00,2022-09-01T14:45:00-00:00,2022-09-01,08,LLL_LNODELNL,LLL_LNODELNL,LLL_LNODELNL,RTPD,MCL,LMP_LOSS_PRC,LLL_LNODELNL,ALL,1,1.67006,3,4
2022-09-01T15:30:00-00:00,2022-09-01T15:45:00-00:00,2022-09-01,09,LLL_LNODELNL,LLL_LNODELNL,LLL_LNODELNL,RTPD,MCL,LMP_LOSS_PRC,LLL_LNODELNL,ALL,1,0,3,4
2022-09-01T16:30:00-00:00,2022-09-01T16:45:00-00:00,2022-09-01,10,LLL_LNODELNL,LLL_LNODELNL,LLL_LNODELNL,RTPD,MCL,LMP_LOSS_PRC,LLL_LNODELNL,ALL,1,0,3,4
2022-09-01T17:30:00-00:00,2022-09-01T17:45:00-00:00,2022-09-01,11,LLL_LNODELNL,LLL_LNODELNL,LLL_LNODELNL,RTPD,MCL,LMP_LOSS_PRC,LLL_LNODELNL,ALL,1,0,3,4
2022-09-01T18:30:00-00:00,2022-09-01T18:45:00-00:00,2022-09-01,12,LLL_LNODELNL,LLL_LNODELNL,LLL_LNODELNL,RTPD,MCL,LMP_LOSS_PRC,LLL_LNODELNL,ALL,1,0,3,4
2022-09-01T19:30:00-00:00,2022-09-01T19:45:00-00:00,2022-09-01,13,LLL_LNODELNL,LLL_LNODELNL,LLL_LNODELNL,RTPD,MCL,LMP_LOSS_PRC,LLL_LNODELNL,ALL,1,0,3,4
2022-09-01T20:30:00-00:00,2022-09-01T20:45:00-00:00,2022-09-01,14,LLL_LNODELNL,LLL_LNODELNL,LLL_LNODELNL,RTPD,MCL,LMP_LOSS_PRC,LLL_LNODELNL,ALL,1,0,3,4
2022-09-01T21:30:00-00:00,2022-09-01T21:45:00-00:00,2022-09-01,15,LLL_LNODELNL,LLL_LNODELNL,LLL_LNODELNL,RTPD,MCL,LMP_LOSS_PRC,LLL_LNODELNL,ALL,1,0,3,4
2022-09-01T22:30:00-00:00,2022-09-01T22:45:00-00:00,2022-09-01,16,LLL_LNODELNL,LLL_LNODELNL,LLL_LNODELNL,RTPD,MCL,LMP_LOSS_PRC,LLL_LNODELNL,ALL,1,0,3,4
2022-09-01T23:30:00-00:00,2022-09-01T23:45:00-00:00,2022-09-01,17,LLL_LNODELNL,LLL_LNODELNL,LLL_LNODELNL,RTPD,MCL,LMP_LOSS_PRC,LLL_LNODELNL,ALL,1,0,3,4
2022-09-02T00:30:00-00:00,2022-09-02T00:45:00-00:00,2022-09-01,18,LLL_LNODELNL,LLL_LNODELNL,LLL_LNODELNL,RTPD,MCL,LMP_LOSS_PRC,LLL_LNODELNL,ALL,1,0,3,4
2022-09-02T01:30:00-00:00,2022-09-02T01:45:00-00:00,2022-09-01,19,LLL_LNODELNL,LLL_LNODELNL,LLL_LNODELNL,RTPD,MCL,LMP_LOSS_PRC,LLL_LNODELNL,ALL,1,0,3,4
2022-09-02T02:30:00-00:00,2022-09-02T02:45:00-00:00,2022-09-01,20,LLL_LNODELNL,LLL_LNODELNL,LLL_LNODELNL,RTPD,MCL,LMP_LOSS_PRC,LLL_LNODELNL,ALL,1,0,3,4
2022-09-02T03:30:00-00:00,2022-09-02T03:45:00-00:00,2022-09-01,21,LLL_LNODELNL,LLL_LNODELNL,LLL_LNODELNL,RTPD,MCL,LMP_LOSS_PRC,LLL_LNODELNL,ALL,1,3.84431,3,4
2022-09-02T04:30:00-00:00,2022-09-02T04:45:00-00:00,2022-09-01,22,LLL_LNODELNL,LLL_LNODELNL,LLL_LNODELNL,RTPD,MCL,LMP_LOSS_PRC,LLL_LNODELNL,ALL,1,-0.36135,3,4
2022-09-02T05:30:00-00:00,2022-09-02T05:45:00-00:00,2022-09-01,23,LLL_LNODELNL,LLL_LNODELNL,LLL_LNODELNL,RTPD,MCL,LMP_LOSS_PRC,LLL_LNODELNL,ALL,1,0.40827,3,4
2022-09-02T06:30:00-00:00,2022-09-02T06:45:00-00:00,2022-09-01,24,LLL_LNODELNL,LLL_LNODELNL,LLL_LNODELNL,RTPD,MCL,LMP_LOSS_PRC,LLL_LNODELNL,ALL,1,0.37407,3,4
2022-09-01T07:45:00-00:00,2022-09-01T08:00:00-00:00,2022-09-01,01,LLL_LNODELNL,LLL_LNODELNL,LLL_LNODELNL,RTPD,MCL,LMP_LOSS_PRC,LLL_LNODELNL,ALL,1,0,4,4
2022-09-01T08:45:00-00:00,2022-09-01T09:00:00-00:00,2022-09-01,02,LLL_LNODELNL,LLL_LNODELNL,LLL_LNODELNL,RTPD,MCL,LMP_LOSS_PRC,LLL_LNODELNL,ALL,1,0.21722,4,4
2022-09-01T09:45:00-00:00,2022-09-01T10:00:00-00:00,2022-09-01,03,LLL_LNODELNL,LLL_LNODELNL,LLL_LNODELNL,RTPD,MCL,LMP_LOSS_PRC,LLL_LNODELNL,ALL,1,0.17551,4,4
2022-09-01T10:45:00-00:00,2022-09-01T11:00:00-00:00,2022-09-01,04,LLL_LNODELNL,LLL_LNODELNL,LLL_LNODELNL,RTPD,MCL,LMP_LOSS_PRC,LLL_LNODELNL,ALL,1,0.55885,4,4
2022-09-01T11:45:00-00:00,2022-09-01T12:00:00-00:00,2022-09-01,05,LLL_LNODELNL,LLL_LNODELNL,LLL_LNODELNL,RTPD,MCL,LMP_LOSS_PRC,LLL_LNODELNL,ALL,1,0,4,4
2022-09-01T12:45:00-00:00,2022-09-01T13:00:00-00:00,2022-09-01,06,LLL_LNODELNL,LLL_LNODELNL,LLL_LNODELNL,RTPD,MCL,LMP_LOSS_PRC,LLL_LNODELNL,ALL,1,0,4,4
2022-09-01T13:45:00-00:00,2022-09-01T14:00:00-00:00,2022-09-01,07,LLL_LNODELNL,LLL_LNODELNL,LLL_LNODELNL,RTPD,MCL,LMP_LOSS_PRC,LLL_LNODELNL,ALL,1,0,4,4
2022-09-01T14:45:00-00:00,2022-09-01T15:00:00-00:00,2022-09-01,08,LLL_LNODELNL,LLL_LNODELNL,LLL_LNODELNL,RTPD,MCL,LMP_LOSS_PRC,LLL_LNODELNL,ALL,1,0,4,4
2022-09-01T15:45:00-00:00,2022-09-01T16:00:00-00:00,2022-09-01,09,LLL_LNODELNL,LLL_LNODELNL,LLL_LNODELNL,RTPD,MCL,LMP_LOSS_PRC,LLL_LNODELNL,ALL,1,0,4,4
2022-09-01T16:45:00-00:00,2022-09-01T17:00:00-00:00,2022-09-01,10,LLL_LNODELNL,LLL_LNODELNL,LLL_LNODELNL,RTPD,MCL,LMP_LOSS_PRC,LLL_LNODELNL,ALL,1,0,4,4
2022-09-01T17:45:00-00:00,2022-09-01T18:00:00-00:00,2022-09-01,11,LLL_LNODELNL,LLL_LNODELNL,LLL_LNODELNL,RTPD,MCL,LMP_LOSS_PRC,LLL_LNODELNL,ALL,1,0,4,4
2022-09-01T18:45:00-00:00,2022-09-01T19:00:00-00:00,2022-09-01,12,LLL_LNODELNL,LLL_LNODELNL,LLL_LNODELNL,RTPD,MCL,LMP_LOSS_PRC,LLL_LNODELNL,ALL,1,0,4,4
2022-09-01T19:45:00-00:00,2022-09-01T20:00:00-00:00,2022-09-01,13,LLL_LNODELNL,LLL_LNODELNL,LLL_LNODELNL,RTPD,MCL,LMP_LOSS_PRC,LLL_LNODELNL,ALL,1,0,4,4
2022-09-01T20:45:00-00:00,2022-09-01T21:00:00-00:00,2022-09-01,14,LLL_LNODELNL,LLL_LNODELNL,LLL_LNODELNL,RTPD,MCL,LMP_LOSS_PRC,LLL_LNODELNL,ALL,1,0,4,4
2022-09-01T21:45:00-00:00,2022-09-01T22:00:00-00:00,2022-09-01,15,LLL_LNODELNL,LLL_LNODELNL,LLL_LNODELNL,RTPD,MCL,LMP_LOSS_PRC,LLL_LNODELNL,ALL,1,0,4,4
2022-09-01T22:45:00-00:00,2022-09-01T23:00:00-00:00,2022-09-01,16,LLL_LNODELNL,LLL_LNODELNL,LLL_LNODELNL,RTPD,MCL,LMP_LOSS_PRC,LLL_LNODELNL,ALL,1,0,4,4
2022-09-01T23:45:00-00:00,2022-09-02T00:00:00-00:00,2022-09-01,17,LLL_LNODELNL,LLL_LNODELNL,LLL_LNODELNL,RTPD,MCL,LMP_LOSS_PRC,LLL_LNODELNL,ALL,1,0,4,4
2022-09-02T00:45:00-00:00,2022-09-02T01:00:00-00:00,2022-09-01,18,LLL_LNODELNL,LLL_LNODELNL,LLL_LNODELNL,RTPD,MCL,LMP_LOSS_PRC,LLL_LNODELNL,ALL,1,0,4,4
2022-09-02T01:45:00-00:00,2022-09-02T02:00:00-00:00,2022-09-01,19,LLL_LNODELNL,LLL_LNODELNL,LLL_LNODELNL,RTPD,MCL,LMP_LOSS_PRC,LLL_LNODELNL,ALL,1,0,4,4
2022-09-02T02:45:00-00:00,2022-09-02T03:00:00-00:00,2022-09-01,20,LLL_LNODELNL,LLL_LNODELNL,LLL_LNODELNL,RTPD,MCL,LMP_LOSS_PRC,LLL_LNODELNL,ALL,1,39.43681,4,4
2022-09-02T03:45:00-00:00,2022-09-02T04:00:00-00:00,2022-09-01,21,LLL_LNODELNL,LLL_LNODELNL,LLL_LNODELNL,RTPD,MCL,LMP_LOSS_PRC,LLL_LNODELNL,ALL,1,2.01824,4,4
2022-09-02T04:45:00-00:00,2022-09-02T05:00:00-00:00,2022-09-01,22,LLL_LNODELNL,LLL_LNODELNL,LLL_LNODELNL,RTPD,MCL,LMP_LOSS_PRC,LLL_LNODELNL,ALL,1,0.38029,4,4
2022-09-02T05:45:00-00:00,2022-09-02T06:00:00-00:00,2022-09-01,23,LLL_LNODELNL,LLL_LNODELNL,LLL_LNODELNL,RTPD,MCL,LMP_LOSS_PRC,LLL_LNODELNL,ALL,1,0.63076,4,4
2022-09-02T06:45:00-00:00,2022-09-02T07:00:00-00:00,2022-09-01,24,LLL_LNODELNL,LLL_LNODELNL,LLL_LNODELNL,RTPD,MCL,LMP_LOSS_PRC,LLL_LNODELNL,ALL,1,0.84087,4,4
2022-09-01T07:00:00-00:00,2022-09-01T07:15:00-00:00,2022-09-01,01,LLL_LNODELNL,LLL_LNODELNL,LLL_LNODELNL,RTPD,MGHG,LMP_GHG_PRC,LLL_LNODELNL,ALL,1,0,1,5
2022-09-01T08:00:00-00:00,2022-09-01T08:15:00-00:00,2022-09-01,02,LLL_LNODELNL,LLL_LNODELNL,LLL_LNODELNL,RTPD,MGHG,LMP_GHG_PRC,LLL_LNODELNL,ALL,1,0,1,5
2022-09-01T09:00:00-00:00,2022-09-01T09:15:00-00:00,2022-09-01,03,LLL_LNODELNL,LLL_LNODELNL,LLL_LNODELNL,RTPD,MGHG,LMP_GHG_PRC,LLL_LNODELNL,ALL,1,0,1,5
2022-09-01T10:00:00-00:00,2022-09-01T10:15:00-00:00,2022-09-01,04,LLL_LNODELNL,LLL_LNODELNL,LLL_LNODELNL,RTPD,MGHG,LMP_GHG_PRC,LLL_LNODELNL,ALL,1,0,1,5
2022-09-01T11:00:00-00:00,2022-09-01T11:15:00-00:00,2022-09-01,05,LLL_LNODELNL,LLL_LNODELNL,LLL_LNODELNL,RTPD,MGHG,LMP_GHG_PRC,LLL_LNODELNL,ALL,1,0,1,5
2022-09-01T12:00:00-00:00,2022-09-01T12:15:00-00:00,2022-09-01,06,LLL_LNODELNL,LLL_LNODELNL,LLL_LNODELNL,RTPD,MGHG,LMP_GHG_PRC,LLL_LNODELNL,ALL,1,0,1,5
2022-09-01T13:00:00-00:00,2022-09-01T13:15:00-00:00,2022-09-01,07,LLL_LNODELNL,LLL_LNODELNL,LLL_LNODELNL,RTPD,MGHG,LMP_GHG_PRC,LLL_LNODELNL,ALL,1,0,1,5
2022-09-01T14:00:00-00:00,2022-09-01T14:15:00-00:00,2022-09-01,08,LLL_LNODELNL,LLL_LNODELNL,LLL_LNODELNL,RTPD,MGHG,LMP_GHG_PRC,LLL_LNODELNL,ALL,1,0,1,5
2022-09-01T15:00:00-00:00,2022-09-01T15:15:00-00:00,2022-09-01,09,LLL_LNODELNL,LLL_LNODELNL,LLL_LNODELNL,RTPD,MGHG,LMP_GHG_PRC,LLL_LNODELNL,ALL,1,0,1,5
2022-09-01T16:00:00-00:00,2022-09-01T16:15:00-00:00,2022-09-01,10,LLL_LNODELNL,LLL_LNODELNL,LLL_LNODELNL,RTPD,MGHG,LMP_GHG_PRC,LLL_LNODELNL,ALL,1,0,1,5
2022-09-01T17:00:00-00:00,2022-09-01T17:15:00-00:00,2022-09-01,11,LLL_LNODELNL,LLL_LNODELNL,LLL_LNODELNL,RTPD,MGHG,LMP_GHG_PRC,LLL_LNODELNL,ALL,1,0,1,5
2022-09-01T18:00:00-00:00,2022-09-01T18:15:00-00:00,2022-09-01,12,LLL_LNODELNL,LLL_LNODELNL,LLL_LNODELNL,RTPD,MGHG,LMP_GHG_PRC,LLL_LNODELNL,ALL,1,0,1,5
2022-09-01T19:00:00-00:00,2022-09-01T19:15:00-00:00,2022-09-01,13,LLL_LNODELNL,LLL_LNODELNL,LLL_LNODELNL,RTPD,MGHG,LMP_GHG_PRC,LLL_LNODELNL,ALL,1,0,1,5
2022-09-01T20:00:00-00:00,2022-09-01T20:15:00-00:00,2022-09-01,14,LLL_LNODELNL,LLL_LNODELNL,LLL_LNODELNL,RTPD,MGHG,LMP_GHG_PRC,LLL_LNODELNL,ALL,1,0,1,5
2022-09-01T21:00:00-00:00,2022-09-01T21:15:00-00:00,2022-09-01,15,LLL_LNODELNL,LLL_LNODELNL,LLL_LNODELNL,RTPD,MGHG,LMP_GHG_PRC,LLL_LNODELNL,ALL,1,0,1,5
2022-09-01T22:00:00-00:00,2022-09-01T22:15:00-00:00,2022-09-01,16,LLL_LNODELNL,LLL_LNODELNL,LLL_LNODELNL,RTPD,MGHG,LMP_GHG_PRC,LLL_LNODELNL,ALL,1,0,1,5
2022-09-01T23:00:00-00:00,2022-09-01T23:15:00-00:00,2022-09-01,17,LLL_LNODELNL,LLL_LNODELNL,LLL_LNODELNL,RTPD,MGHG,LMP_GHG_PRC,LLL_LNODELNL,ALL,1,0,1,5
2022-09-02T00:00:00-00:00,2022-09-02T00:15:00-00:00,2022-09-01,18,LLL_LNODELNL,LLL_LNODELNL,LLL_LNODELNL,RTPD,MGHG,LMP_GHG_PRC,LLL_LNODELNL,ALL,1,0,1,5
2022-09-02T01:00:00-00:00,2022-09-02T01:15:00-00:00,2022-09-01,19,LLL_LNODELNL,LLL_LNODELNL,LLL_LNODELNL,RTPD,MGHG,LMP_GHG_PRC,LLL_LNODELNL,ALL,1,0,1,5
2022-09-02T02:00:00-00:00,2022-09-02T02:15:00-00:00,2022-09-01,20,LLL_LNODELNL,LLL_LNODELNL,LLL_LNODELNL,RTPD,MGHG,LMP_GHG_PRC,LLL_LNODELNL,ALL,1,0,1,5
2022-09-02T03:00:00-00:00,2022-09-02T03:15:00-00:00,2022-09-01,21,LLL_LNODELNL,LLL_LNODELNL,LLL_LNODELNL,RTPD,MGHG,LMP_GHG_PRC,LLL_LNODELNL,ALL,1,0,1,5
2022-09-02T04:00:00-00:00,2022-09-02T04:15:00-00:00,2022-09-01,22,LLL_LNODELNL,LLL_LNODELNL,LLL_LNODELNL,RTPD,MGHG,LMP_GHG_PRC,LLL_LNODELNL,ALL,1,0,1,5
2022-09-02T05:00:00-00:00,2022-09-02T05:15:00-00:00,2022-09-01,23,LLL_LNODELNL,LLL_LNODELNL,LLL_LNODELNL,RTPD,MGHG,LMP_GHG_PRC,LLL_LNODELNL,ALL,1,0,1,5
2022-09-02T06:00:00-00:00,2022-09-02T06:15:00-00:00,2022-09-01,24,LLL_LNODELNL,LLL_LNODELNL,LLL_LNODELNL,RTPD,MGHG,LMP_GHG_PRC,LLL_LNODELNL,ALL,1,0,1,5
2022-09-01T07:15:00-00:00,2022-09-01T07:30:00-00:00,2022-09-01,01,LLL_LNODELNL,LLL_LNODELNL,LLL_LNODELNL,RTPD,MGHG,LMP_GHG_PRC,LLL_LNODELNL,ALL,1,0,2,5
2022-09-01T08:15:00-00:00,2022-09-01T08:30:00-00:00,2022-09-01,02,LLL_LNODELNL,LLL_LNODELNL,LLL_LNODELNL,RTPD,MGHG,LMP_GHG_PRC,LLL_LNODELNL,ALL,1,0,2,5
2022-09-01T09:15:00-00:00,2022-09-01T09:30:00-00:00,2022-09-01,03,LLL_LNODELNL,LLL_LNODELNL,LLL_LNODELNL,RTPD,MGHG,LMP_GHG_PRC,LLL_LNODELNL,ALL,1,0,2,5
2022-09-01T10:15:00-00:00,2022-09-01T10:30:00-00:00,2022-09-01,04,LLL_LNODELNL,LLL_LNODELNL,LLL_LNODELNL,RTPD,MGHG,LMP_GHG_PRC,LLL_LNODELNL,ALL,1,0,2,5
2022-09-01T11:15:00-00:00,2022-09-01T11:30:00-00:00,2022-09-01,05,LLL_LNODELNL,LLL_LNODELNL,LLL_LNODELNL,RTPD,MGHG,LMP_GHG_PRC,LLL_LNODELNL,ALL,1,0,2,5
2022-09-01T12:15:00-00:00,2022-09-01T12:30:00-00:00,2022-09-01,06,LLL_LNODELNL,LLL_LNODELNL,LLL_LNODELNL,RTPD,MGHG,LMP_GHG_PRC,LLL_LNODELNL,ALL,1,0,2,5
2022-09-01T13:15:00-00:00,2022-09-01T13:30:00-00:00,2022-09-01,07,LLL_LNODELNL,LLL_LNODELNL,LLL_LNODELNL,RTPD,MGHG,LMP_GHG_PRC,LLL_LNODELNL,ALL,1,0,2,5
2022-09-01T14:15:00-00:00,2022-09-01T14:30:00-00:00,2022-09-01,08,LLL_LNODELNL,LLL_LNODELNL,LLL_LNODELNL,RTPD,MGHG,LMP_GHG_PRC,LLL_LNODELNL,ALL,1,0,2,5
2022-09-01T15:15:00-00:00,2022-09-01T15:30:00-00:00,2022-09-01,09,LLL_LNODELNL,LLL_LNODELNL,LLL_LNODELNL,RTPD,MGHG,LMP_GHG_PRC,LLL_LNODELNL,ALL,1,0,2,5
2022-09-01T16:15:00-00:00,2022-09-01T16:30:00-00:00,2022-09-01,10,LLL_LNODELNL,LLL_LNODELNL,LLL_LNODELNL,RTPD,MGHG,LMP_GHG_PRC,LLL_LNODELNL,ALL,1,0,2,5
2022-09-01T17:15:00-00:00,2022-09-01T17:30:00-00:00,2022-09-01,11,LLL_LNODELNL,LLL_LNODELNL,LLL_LNODELNL,RTPD,MGHG,LMP_GHG_PRC,LLL_LNODELNL,ALL,1,0,2,5
2022-09-01T18:15:00-00:00,2022-09-01T18:30:00-00:00,2022-09-01,12,LLL_LNODELNL,LLL_LNODELNL,LLL_LNODELNL,RTPD,MGHG,LMP_GHG_PRC,LLL_LNODELNL,ALL,1,0,2,5
2022-09-01T19:15:00-00:00,2022-09-01T19:30:00-00:00,2022-09-01,13,LLL_LNODELNL,LLL_LNODELNL,LLL_LNODELNL,RTPD,MGHG,LMP_GHG_PRC,LLL_LNODELNL,ALL,1,0,2,5
2022-09-01T20:15:00-00:00,2022-09-01T20:30:00-00:00,2022-09-01,14,LLL_LNODELNL,LLL_LNODELNL,LLL_LNODELNL,RTPD,MGHG,LMP_GHG_PRC,LLL_LNODELNL,ALL,1,0,2,5
2022-09-01T21:15:00-00:00,2022-09-01T21:30:00-00:00,2022-09-01,15,LLL_LNODELNL,LLL_LNODELNL,LLL_LNODELNL,RTPD,MGHG,LMP_GHG_PRC,LLL_LNODELNL,ALL,1,0,2,5
2022-09-01T22:15:00-00:00,2022-09-01T22:30:00-00:00,2022-09-01,16,LLL_LNODELNL,LLL_LNODELNL,LLL_LNODELNL,RTPD,MGHG,LMP_GHG_PRC,LLL_LNODELNL,ALL,1,0,2,5
2022-09-01T23:15:00-00:00,2022-09-01T23:30:00-00:00,2022-09-01,17,LLL_LNODELNL,LLL_LNODELNL,LLL_LNODELNL,RTPD,MGHG,LMP_GHG_PRC,LLL_LNODELNL,ALL,1,0,2,5
2022-09-02T00:15:00-00:00,2022-09-02T00:30:00-00:00,2022-09-01,18,LLL_LNODELNL,LLL_LNODELNL,LLL_LNODELNL,RTPD,MGHG,LMP_GHG_PRC,LLL_LNODELNL,ALL,1,0,2,5
2022-09-02T01:15:00-00:00,2022-09-02T01:30:00-00:00,2022-09-01,19,LLL_LNODELNL,LLL_LNODELNL,LLL_LNODELNL,RTPD,MGHG,LMP_GHG_PRC,LLL_LNODELNL,ALL,1,0,2,5
2022-09-02T02:15:00-00:00,2022-09-02T02:30:00-00:00,2022-09-01,20,LLL_LNODELNL,LLL_LNODELNL,LLL_LNODELNL,RTPD,MGHG,LMP_GHG_PRC,LLL_LNODELNL,ALL,1,0,2,5
2022-09-02T03:15:00-00:00,2022-09-02T03:30:00-00:00,2022-09-01,21,LLL_LNODELNL,LLL_LNODELNL,LLL_LNODELNL,RTPD,MGHG,LMP_GHG_PRC,LLL_LNODELNL,ALL,1,0,2,5
2022-09-02T04:15:00-00:00,2022-09-02T04:30:00-00:00,2022-09-01,22,LLL_LNODELNL,LLL_LNODELNL,LLL_LNODELNL,RTPD,MGHG,LMP_GHG_PRC,LLL_LNODELNL,ALL,1,0,2,5
2022-09-02T05:15:00-00:00,2022-09-02T05:30:00-00:00,2022-09-01,23,LLL_LNODELNL,LLL_LNODELNL,LLL_LNODELNL,RTPD,MGHG,LMP_GHG_PRC,LLL_LNODELNL,ALL,1,0,2,5
2022-09-02T06:15:00-00:00,2022-09-02T06:30:00-00:00,2022-09-01,24,LLL_LNODELNL,LLL_LNODELNL,LLL_LNODELNL,RTPD,MGHG,LMP_GHG_PRC,LLL_LNODELNL,ALL,1,0,2,5
2022-09-01T07:30:00-00:00,2022-09-01T07:45:00-00:00,2022-09-01,01,LLL_LNODELNL,LLL_LNODELNL,LLL_LNODELNL,RTPD,MGHG,LMP_GHG_PRC,LLL_LNODELNL,ALL,1,0,3,5
2022-09-01T08:30:00-00:00,2022-09-01T08:45:00-00:00,2022-09-01,02,LLL_LNODELNL,LLL_LNODELNL,LLL_LNODELNL,RTPD,MGHG,LMP_GHG_PRC,LLL_LNODELNL,ALL,1,0,3,5
2022-09-01T09:30:00-00:00,2022-09-01T09:45:00-00:00,2022-09-01,03,LLL_LNODELNL,LLL_LNODELNL,LLL_LNODELNL,RTPD,MGHG,LMP_GHG_PRC,LLL_LNODELNL,ALL,1,0,3,5
2022-09-01T10:30:00-00:00,2022-09-01T10:45:00-00:00,2022-09-01,04,LLL_LNODELNL,LLL_LNODELNL,LLL_LNODELNL,RTPD,MGHG,LMP_GHG_PRC,LLL_LNODELNL,ALL,1,0,3,5
2022-09-01T11:30:00-00:00,2022-09-01T11:45:00-00:00,2022-09-01,05,LLL_LNODELNL,LLL_LNODELNL,LLL_LNODELNL,RTPD,MGHG,LMP_GHG_PRC,LLL_LNODELNL,ALL,1,0,3,5
2022-09-01T12:30:00-00:00,2022-09-01T12:45:00-00:00,2022-09-01,06,LLL_LNODELNL,LLL_LNODELNL,LLL_LNODELNL,RTPD,MGHG,LMP_GHG_PRC,LLL_LNODELNL,ALL,1,0,3,5
2022-09-01T13:30:00-00:00,2022-09-01T13:45:00-00:00,2022-09-01,07,LLL_LNODELNL,LLL_LNODELNL,LLL_LNODELNL,RTPD,MGHG,LMP_GHG_PRC,LLL_LNODELNL,ALL,1,0,3,5
2022-09-01T14:30:00-00:00,2022-09-01T14:45:00-00:00,2022-09-01,08,LLL_LNODELNL,LLL_LNODELNL,LLL_LNODELNL,RTPD,MGHG,LMP_GHG_PRC,LLL_LNODELNL,ALL,1,0,3,5
2022-09-01T15:30:00-00:00,2022-09-01T15:45:00-00:00,2022-09-01,09,LLL_LNODELNL,LLL_LNODELNL,LLL_LNODELNL,RTPD,MGHG,LMP_GHG_PRC,LLL_LNODELNL,ALL,1,0,3,5
2022-09-01T16:30:00-00:00,2022-09-01T16:45:00-00:00,2022-09-01,10,LLL_LNODELNL,LLL_LNODELNL,LLL_LNODELNL,RTPD,MGHG,LMP_GHG_PRC,LLL_LNODELNL,ALL,1,0,3,5
2022-09-01T17:30:00-00:00,2022-09-01T17:45:00-00:00,2022-09-01,11,LLL_LNODELNL,LLL_LNODELNL,LLL_LNODELNL,RTPD,MGHG,LMP_GHG_PRC,LLL_LNODELNL,ALL,1,0,3,5
2022-09-01T18:30:00-00:00,2022-09-01T18:45:00-00:00,2022-09-01,12,LLL_LNODELNL,LLL_LNODELNL,LLL_LNODELNL,RTPD,MGHG,LMP_GHG_PRC,LLL_LNODELNL,ALL,1,0,3,5
2022-09-01T19:30:00-00:00,2022-09-01T19:45:00-00:00,2022-09-01,13,LLL_LNODELNL,LLL_LNODELNL,LLL_LNODELNL,RTPD,MGHG,LMP_GHG_PRC,LLL_LNODELNL,ALL,1,0,3,5
2022-09-01T20:30:00-00:00,2022-09-01T20:45:00-00:00,2022-09-01,14,LLL_LNODELNL,LLL_LNODELNL,LLL_LNODELNL,RTPD,MGHG,LMP_GHG_PRC,LLL_LNODELNL,ALL,1,0,3,5
2022-09-01T21:30:00-00:00,2022-09-01T21:45:00-00:00,2022-09-01,15,LLL_LNODELNL,LLL_LNODELNL,LLL_LNODELNL,RTPD,MGHG,LMP_GHG_PRC,LLL_LNODELNL,ALL,1,0,3,5
2022-09-01T22:30:00-00:00,2022-09-01T22:45:00-00:00,2022-09-01,16,LLL_LNODELNL,LLL_LNODELNL,LLL_LNODELNL,RTPD,MGHG,LMP_GHG_PRC,LLL_LNODELNL,ALL,1,0,3,5
2022-09-01T23:30:00-00:00,2022-09-01T23:45:00-00:00,2022-09-01,17,LLL_LNODELNL,LLL_LNODELNL,LLL_LNODELNL,RTPD,MGHG,LMP_GHG_PRC,LLL_LNODELNL,ALL,1,0,3,5
2022-09-02T00:30:00-00:00,2022-09-02T00:45:00-00:00,2022-09-01,18,LLL_LNODELNL,LLL_LNODELNL,LLL_LNODELNL,RTPD,MGHG,LMP_GHG_PRC,LLL_LNODELNL,ALL,1,0,3,5
2022-09-02T01:30:00-00:00,2022-09-02T01:45:00-00:00,2022-09-01,19,LLL_LNODELNL,LLL_LNODELNL,LLL_LNODELNL,RTPD,MGHG,LMP_GHG_PRC,LLL_LNODELNL,ALL,1,0,3,5
2022-09-02T02:30:00-00:00,2022-09-02T02:45:00-00:00,2022-09-01,20,LLL_LNODELNL,LLL_LNODELNL,LLL_LNODELNL,RTPD,MGHG,LMP_GHG_PRC,LLL_LNODELNL,ALL,1,0,3,5
2022-09-02T03:30:00-00:00,2022-09-02T03:45:00-00:00,2022-09-01,21,LLL_LNODELNL,LLL_LNODELNL,LLL_LNODELNL,RTPD,MGHG,LMP_GHG_PRC,LLL_LNODELNL,ALL,1,0,3,5
2022-09-02T04:30:00-00:00,2022-09-02T04:45:00-00:00,2022-09-01,22,LLL_LNODELNL,LLL_LNODELNL,LLL_LNODELNL,RTPD,MGHG,LMP_GHG_PRC,LLL_LNODELNL,ALL,1,0,3,5
2022-09-02T05:30:00-00:00,2022-09-02T05:45:00-00:00,2022-09-01,23,LLL_LNODELNL,LLL_LNODELNL,LLL_LNODELNL,RTPD,MGHG,LMP_GHG_PRC,LLL_LNODELNL,ALL,1,0,3,5
2022-09-02T06:30:00-00:00,2022-09-02T06:45:00-00:00,2022-09-01,24,LLL_LNODELNL,LLL_LNODELNL,LLL_LNODELNL,RTPD,MGHG,LMP_GHG_PRC,LLL_LNODELNL,ALL,1,0,3,5
2022-09-01T07:45:00-00:00,2022-09-01T08:00:00-00:00,2022-09-01,01,LLL_LNODELNL,LLL_LNODELNL,LLL_LNODELNL,RTPD,MGHG,LMP_GHG_PRC,LLL_LNODELNL,ALL,1,0,4,5
2022-09-01T08:45:00-00:00,2022-09-01T09:00:00-00:00,2022-09-01,02,LLL_LNODELNL,LLL_LNODELNL,LLL_LNODELNL,RTPD,MGHG,LMP_GHG_PRC,LLL_LNODELNL,ALL,1,0,4,5
2022-09-01T09:45:00-00:00,2022-09-01T10:00:00-00:00,2022-09-01,03,LLL_LNODELNL,LLL_LNODELNL,LLL_LNODELNL,RTPD,MGHG,LMP_GHG_PRC,LLL_LNODELNL,ALL,1,0,4,5
2022-09-01T10:45:00-00:00,2022-09-01T11:00:00-00:00,2022-09-01,04,LLL_LNODELNL,LLL_LNODELNL,LLL_LNODELNL,RTPD,MGHG,LMP_GHG_PRC,LLL_LNODELNL,ALL,1,0,4,5
2022-09-01T11:45:00-00:00,2022-09-01T12:00:00-00:00,2022-09-01,05,LLL_LNODELNL,LLL_LNODELNL,LLL_LNODELNL,RTPD,MGHG,LMP_GHG_PRC,LLL_LNODELNL,ALL,1,0,4,5
2022-09-01T12:45:00-00:00,2022-09-01T13:00:00-00:00,2022-09-01,06,LLL_LNODELNL,LLL_LNODELNL,LLL_LNODELNL,RTPD,MGHG,LMP_GHG_PRC,LLL_LNODELNL,ALL,1,0,4,5
2022-09-01T13:45:00-00:00,2022-09-01T14:00:00-00:00,2022-09-01,07,LLL_LNODELNL,LLL_LNODELNL,LLL_LNODELNL,RTPD,MGHG,LMP_GHG_PRC,LLL_LNODELNL,ALL,1,0,4,5
2022-09-01T14:45:00-00:00,2022-09-01T15:00:00-00:00,2022-09-01,08,LLL_LNODELNL,LLL_LNODELNL,LLL_LNODELNL,RTPD,MGHG,LMP_GHG_PRC,LLL_LNODELNL,ALL,1,0,4,5
2022-09-01T15:45:00-00:00,2022-09-01T16:00:00-00:00,2022-09-01,09,LLL_LNODELNL,LLL_LNODELNL,LLL_LNODELNL,RTPD,MGHG,LMP_GHG_PRC,LLL_LNODELNL,ALL,1,0,4,5
2022-09-01T16:45:00-00:00,2022-09-01T17:00:00-00:00,2022-09-01,10,LLL_LNODELNL,LLL_LNODELNL,LLL_LNODELNL,RTPD,MGHG,LMP_GHG_PRC,LLL_LNODELNL,ALL,1,0,4,5
2022-09-01T17:45:00-00:00,2022-09-01T18:00:00-00:00,2022-09-01,11,LLL_LNODELNL,LLL_LNODELNL,LLL_LNODELNL,RTPD,MGHG,LMP_GHG_PRC,LLL_LNODELNL,ALL,1,0,4,5
2022-09-01T18:45:00-00:00,2022-09-01T19:00:00-00:00,2022-09-01,12,LLL_LNODELNL,LLL_LNODELNL,LLL_LNODELNL,RTPD,MGHG,LMP_GHG_PRC,LLL_LNODELNL,ALL,1,0,4,5
2022-09-01T19:45:00-00:00,2022-09-01T20:00:00-00:00,2022-09-01,13,LLL_LNODELNL,LLL_LNODELNL,LLL_LNODELNL,RTPD,MGHG,LMP_GHG_PRC,LLL_LNODELNL,ALL,1,0,4,5
2022-09-01T20:45:00-00:00,2022-09-01T21:00:00-00:00,2022-09-01,14,LLL_LNODELNL,LLL_LNODELNL,LLL_LNODELNL,RTPD,MGHG,LMP_GHG_PRC,LLL_LNODELNL,ALL,1,0,4,5
2022-09-01T21:45:00-00:00,2022-09-01T22:00:00-00:00,2022-09-01,15,LLL_LNODELNL,LLL_LNODELNL,LLL_LNODELNL,RTPD,MGHG,LMP_GHG_PRC,LLL_LNODELNL,ALL,1,0,4,5
2022-09-01T22:45:00-00:00,2022-09-01T23:00:00-00:00,2022-09-01,16,LLL_LNODELNL,LLL_LNODELNL,LLL_LNODELNL,RTPD,MGHG,LMP_GHG_PRC,LLL_LNODELNL,ALL,1,0,4,5
2022-09-01T23:45:00-00:00,2022-09-02T00:00:00-00:00,2022-09-01,17,LLL_LNODELNL,LLL_LNODELNL,LLL_LNODELNL,RTPD,MGHG,LMP_GHG_PRC,LLL_LNODELNL,ALL,1,0,4,5
2022-09-02T00:45:00-00:00,2022-09-02T01:00:00-00:00,2022-09-01,18,LLL_LNODELNL,LLL_LNODELNL,LLL_LNODELNL,RTPD,MGHG,LMP_GHG_PRC,LLL_LNODELNL,ALL,1,0,4,5
2022-09-02T01:45:00-00:00,2022-09-02T02:00:00-00:00,2022-09-01,19,LLL_LNODELNL,LLL_LNODELNL,LLL_LNODELNL,RTPD,MGHG,LMP_GHG_PRC,LLL_LNODELNL,ALL,1,0,4,5
2022-09-02T02:45:00-00:00,2022-09-02T03:00:00-00:00,2022-09-01,20,LLL_LNODELNL,LLL_LNODELNL,LLL_LNODELNL,RTPD,MGHG,LMP_GHG_PRC,LLL_LNODELNL,ALL,1,0,4,5
2022-09-02T03:45:00-00:00,2022-09-02T04:00:00-00:00,2022-09-01,21,LLL_LNODELNL,LLL_LNODELNL,LLL_LNODELNL,RTPD,MGHG,LMP_GHG_PRC,LLL_LNODELNL,ALL,1,0,4,5
2022-09-02T04:45:00-00:00,2022-09-02T05:00:00-00:00,2022-09-01,22,LLL_LNODELNL,LLL_LNODELNL,LLL_LNODELNL,RTPD,MGHG,LMP_GHG_PRC,LLL_LNODELNL,ALL,1,0,4,5
2022-09-02T05:45:00-00:00,2022-09-02T06:00:00-00:00,2022-09-01,23,LLL_LNODELNL,LLL_LNODELNL,LLL_LNODELNL,RTPD,MGHG,LMP_GHG_PRC,LLL_LNODELNL,ALL,1,0,4,5
2022-09-02T06:45:00-00:00,2022-09-02T07:00:00-00:00,2022-09-01,24,LLL_LNODELNL,LLL_LNODELNL,LLL_LNODELNL,RTPD,MGHG,LMP_GHG_PRC,LLL_LNODELNL,ALL,1,0,4,5
