INTERVALSTARTTIME_GMT,INTERVALENDTIME_GMT,OPR_DT,OPR_HR,NODE_ID_XML,NODE_ID,NODE,MARKET_RUN_ID,LMP_TYPE,XML_DATA_ITEM,PNODE_RESMRID,GRP_TYPE,POS,PRC,OPR_INTERVAL,GROUP
2022-09-01T07:00:00-00:00,2022-09-01T07:15:00-00:00,2022-09-01,01,MELONP_7_UNIT1GNODE,MELONP_7_UNIT1GNODE,MELONP_7_UNIT1GNODE,RTPD,LMP,LMP_PRC,MELONP_7_UNIT1GNODE,ALL,1,89.19154,1,1
2022-09-01T08:00:00-00:00,2022-09-01T08:15:00-00:00,2022-09-01,02,MELONP_7_UNIT1GNODE,MELONP_7_UNIT1GNODE,MELONP_7_UNIT1GNODE,RTPD,LMP,LMP_PRC,MELONP_7_UNIT1GNODE,ALL,1,111.79568,1,1
2022-09-01T09:00:00-00:00,2022-09-01T09:15:00-00:00,2022-09-01,03,MELONP_7_UNIT1GNODE,MELONP_7_UNIT1GNODE,MELONP_7_UNIT1GNODE,RTPD,LMP,LMP_PRC,MELONP_7_UNIT1GNODE,ALL,1,105.01387,1,1
2022-09-01T10:00:00-00:00,2022-09-01T10:15:00-00:00,2022-09-01,04,MELONP_7_UNIT1GNODE,MELONP_7_UNIT1GNODE,MELONP_7_UNIT1GNODE,RTPD,LMP,LMP_PRC,MELONP_7_UNIT1GNODE,ALL,1,103.9263,1,1
2022-09-01T11:00:00-00:00,2022-09-01T11:15:00-00:00,2022-09-01,05,MELONP_7_UNIT1GNODE,MELONP_7_UNIT1GNODE,MELONP_7_UNIT1GNODE,RTPD,LMP,LMP_PRC,MELONP_7_UNIT1GNODE,ALL,1,113.49347,1,1
2022-09-01T12:00:00-00:00,2022-09-01T12:15:00-00:00,2022-09-01,06,MELONP_7_UNIT1GNODE,MELONP_7_UNIT1GNODE,MELONP_7_UNIT1GNODE,RTPD,LMP,LMP_PRC,MELONP_7_UNIT1GNODE,ALL,1,95.71974,1,1
2022-09-01T13:00:00-00:00,2022-09-01T13:15:00-00:00,2022-09-01,07,MELONP_7_UNIT1GNODE,MELONP_7_UNIT1GNODE,MELONP_7_UNIT1GNODE,RTPD,LMP,LMP_PRC,MELONP_7_UNIT1GNODE,ALL,1,86.96598,1,1
2022-09-01T14:00:00-00:00,2022-09-01T14:15:00-00:00,2022-09-01,08,MELONP_7_UNIT1GNODE,MELONP_7_UNIT1GNODE,MELONP_7_UNIT1GNODE,RTPD,LMP,LMP_PRC,MELONP_7_UNIT1GNODE,ALL,1,120.19987,1,1
2022-09-01T15:00:00-00:00,2022-09-01T15:15:00-00:00,2022-09-01,09,MELONP_7_UNIT1GNODE,MELONP_7_UNIT1GNODE,MELONP_7_UNIT1GNODE,RTPD,LMP,LMP_PRC,MELONP_7_UNIT1GNODE,ALL,1,97.4124,1,1
2022-09-01T16:00:00-00:00,2022-09-01T16:15:00-00:00,2022-09-01,10,MELONP_7_UNIT1GNODE,MELONP_7_UNIT1GNODE,MELONP_7_UNIT1GNODE,RTPD,LMP,LMP_PRC,MELONP_7_UNIT1GNODE,ALL,1,83.43645,1,1
2022-09-01T17:00:00-00:00,2022-09-01T17:15:00-00:00,2022-09-01,11,MELONP_7_UNIT1GNODE,MELONP_7_UNIT1GNODE,MELONP_7_UNIT1GNODE,RTPD,LMP,LMP_PRC,MELONP_7_UNIT1GNODE,ALL,1,79.76526,1,1
2022-09-01T18:00:00-00:00,2022-09-01T18:15:00-00:00,2022-09-01,12,MELONP_7_UNIT1GNODE,MELONP_7_UNIT1GNODE,MELONP_7_UNIT1GNODE,RTPD,LMP,LMP_PRC,MELONP_7_UNIT1GNODE,ALL,1,58.07681,1,1
2022-09-01T19:00:00-00:00,2022-09-01T19:15:00-00:00,2022-09-01,13,MELONP_7_UNIT1GNODE,MELONP_7_UNIT1GNODE,MELONP_7_UNIT1GNODE,RTPD,LMP,LMP_PRC,MELONP_7_UNIT1GNODE,ALL,1,72.21078,1,1
2022-09-01T20:00:00-00:00,2022-09-01T20:15:00-00:00,2022-09-01,14,MELONP_7_UNIT1GNODE,MELONP_7_UNIT1GNODE,MELONP_7_UNIT1GNODE,RTPD,LMP,LMP_PRC,MELONP_7_UNIT1GNODE,ALL,1,114.30831,1,1
2022-09-01T21:00:00-00:00,2022-09-01T21:15:00-00:00,2022-09-01,15,MELONP_7_UNIT1GNODE,MELONP_7_UNIT1GNODE,MELONP_7_UNIT1GNODE,RTPD,LMP,LMP_PRC,MELONP_7_UNIT1GNODE,ALL,1,124.09885,1,1
2022-09-01T22:00:00-00:00,2022-09-01T22:15:00-00:00,2022-09-01,16,MELONP_7_UNIT1GNODE,MELONP_7_UNIT1GNODE,MELONP_7_UNIT1GNODE,RTPD,LMP,LMP_PRC,MELONP_7_UNIT1GNODE,ALL,1,117.72888,1,1
2022-09-01T23:00:00-00:00,2022-09-01T23:15:00-00:00,2022-09-01,17,MELONP_7_UNIT1GNODE,MELONP_7_UNIT1GNODE,MELONP_7_UNIT1GNODE,RTPD,LMP,LMP_PRC,MELONP_7_UNIT1GNODE,ALL,1,210.19879,1,1
2022-09-02T00:00:00-00:00,2022-09-02T00:15:00-00:00,2022-09-01,18,MELONP_7_UNIT1GNODE,MELONP_7_UNIT1GNODE,MELONP_7_UNIT1GNODE,RTPD,LMP,LMP_PRC,MELONP_7_UNIT1GNODE,ALL,1,1136.0367,1,1
2022-09-02T01:00:00-00:00,2022-09-02T01:15:00-00:00,2022-09-01,19,MELONP_7_UNIT1GNODE,MELONP_7_UNIT1GNODE,MELONP_7_UNIT1GNODE,RTPD,LMP,LMP_PRC,MELONP_7_UNIT1GNODE,ALL,1,1237.0961,1,1
2022-09-02T02:00:00-00:00,2022-09-02T02:15:00-00:00,2022-09-01,20,MELONP_7_UNIT1GNODE,MELONP_7_UNIT1GNODE,MELONP_7_UNIT1GNODE,RTPD,LMP,LMP_PRC,MELONP_7_UNIT1GNODE,ALL,1,1991.671,1,1
2022-09-02T03:00:00-00:00,2022-09-02T03:15:00-00:00,2022-09-01,21,MELONP_7_UNIT1GNODE,MELONP_7_UNIT1GNODE,MELONP_7_UNIT1GNODE,RTPD,LMP,LMP_PRC,MELONP_7_UNIT1GNODE,ALL,1,1405.2612,1,1
2022-09-02T04:00:00-00:00,2022-09-02T04:15:00-00:00,2022-09-01,22,MELONP_7_UNIT1GNODE,MELONP_7_UNIT1GNODE,MELONP_7_UNIT1GNODE,RTPD,LMP,LMP_PRC,MELONP_7_UNIT1GNODE,ALL,1,1218.6978,1,1
2022-09-02T05:00:00-00:00,2022-09-02T05:15:00-00:00,2022-09-01,23,MELONP_7_UNIT1GNODE,MELONP_7_UNIT1GNODE,MELONP_7_UNIT1GNODE,RTPD,LMP,LMP_PRC,MELONP_7_UNIT1GNODE,ALL,1,207.65639,1,1
2022-09-02T06:00:00-00:00,2022-09-02T06:15:00-00:00,2022-09-01,24,MELONP_7_UNIT1GNODE,MELONP_7_UNIT1GNODE,MELONP_7_UNIT1GNODE,RTPD,LMP,LMP_PRC,MELONP_7_UNIT1GNODE,ALL,1,306.76016,1,1
2022-09-01T07:15:00-00:00,2022-09-01T07:30:00-00:00,2022-09-01,01,MELONP_7_UNIT1GNODE,MELONP_7_UNIT1GNODE,MELONP_7_UNIT1GNODE,RTPD,LMP,LMP_PRC,MELONP_7_UNIT1GNODE,ALL,1,114.30471,2,1
2022-09-01T08:15:00-00:00,2022-09-01T08:30:00-00:00,2022-09-01,02,MELONP_7_UNIT1GNODE,MELONP_7_UNIT1GNODE,MELONP_7_UNIT1GNODE,RTPD,LMP,LMP_PRC,MELONP_7_UNIT1GNODE,ALL,1,114.50809,2,1
2022-09-01T09:15:00-00:00,2022-09-01T09:30:00-00:00,2022-09-01,03,MELONP_7_UNIT1GNODE,MELONP_7_UNIT1GNODE,MELONP_7_UNIT1GNODE,RTPD,LMP,LMP_PRC,MELONP_7_UNIT1GNODE,ALL,1,101.56582,2,1
2022-09-01T10:15:00-00:00,2022-09-01T10:30:00-00:00,2022-09-01,04,MELONP_7_UNIT1GNODE,MELONP_7_UNIT1GNODE,MELONP_7_UNIT1GNODE,RTPD,LMP,LMP_PRC,MELONP_7_UNIT1GNODE,ALL,1,100.51116,2,1
2022-09-01T11:15:00-00:00,2022-09-01T11:30:00-00:00,2022-09-01,05,MELONP_7_UNIT1GNODE,MELONP_7_UNIT1GNODE,MELONP_7_UNIT1GNODE,RTPD,LMP,LMP_PRC,MELONP_7_UNIT1GNODE,ALL,1,114.00921,2,1
2022-09-01T12:15:00-00:00,2022-09-01T12:30:00-00:00,2022-09-01,06,MELONP_7_UNIT1GNODE,MELONP_7_UNIT1GNODE,MELONP_7_UNIT1GNODE,RTPD,LMP,LMP_PRC,MELONP_7_UNIT1GNODE,ALL,1,114.52673,2,1
2022-09-01T13:15:00-00:00,2022-09-01T13:30:00-00:00,2022-09-01,07,MELONP_7_UNIT1GNODE,MELONP_7_UNIT1GNODE,MELONP_7_UNIT1GNODE,RTPD,LMP,LMP_PRC,MELONP_7_UNIT1GNODE,ALL,1,119.09615,2,1
2022-09-01T14:15:00-00:00,2022-09-01T14:30:00-00:00,2022-09-01,08,MELONP_7_UNIT1GNODE,MELONP_7_UNIT1GNODE,MELONP_7_UNIT1GNODE,RTPD,LMP,LMP_PRC,MELONP_7_UNIT1GNODE,ALL,1,112.33084,2,1
2022-09-01T15:15:00-00:00,2022-09-01T15:30:00-00:00,2022-09-01,09,MELONP_7_UNIT1GNODE,MELONP_7_UNIT1GNODE,MELONP_7_UNIT1GNODE,RTPD,LMP,LMP_PRC,MELONP_7_UNIT1GNODE,ALL,1,86.94,2,1
2022-09-01T16:15:00-00:00,2022-09-01T16:30:00-00:00,2022-09-01,10,MELONP_7_UNIT1GNODE,MELONP_7_UNIT1GNODE,MELONP_7_UNIT1GNODE,RTPD,LMP,LMP_PRC,MELONP_7_UNIT1GNODE,ALL,1,87.75664,2,1
2022-09-01T17:15:00-00:00,2022-09-01T17:30:00-00:00,2022-09-01,11,MELONP_7_UNIT1GNODE,MELONP_7_UNIT1GNODE,MELONP_7_UNIT1GNODE,RTPD,LMP,LMP_PRC,MELONP_7_UNIT1GNODE,ALL,1,78.31106,2,1
2022-09-01T18:15:00-00:00,2022-09-01T18:30:00-00:00,2022-09-01,12,MELONP_7_UNIT1GNODE,MELONP_7_UNIT1GNODE,MELONP_7_UNIT1GNODE,RTPD,LMP,LMP_PRC,MELONP_7_UNIT1GNODE,ALL,1,73.86695,2,1
2022-09-01T19:15:00-00:00,2022-09-01T19:30:00-00:00,2022-09-01,13,MELONP_7_UNIT1GNODE,MELONP_7_UNIT1GNODE,MELONP_7_UNIT1GNODE,RTPD,LMP,LMP_PRC,MELONP_7_UNIT1GNODE,ALL,1,74.84945,2,1
2022-09-01T20:15:00-00:00,2022-09-01T20:30:00-00:00,2022-09-01,14,MELONP_7_UNIT1GNODE,MELONP_7_UNIT1GNODE,MELONP_7_UNIT1GNODE,RTPD,LMP,LMP_PRC,MELONP_7_UNIT1GNODE,ALL,1,114.22069,2,1
2022-09-01T21:15:00-00:00,2022-09-01T21:30:00-00:00,2022-09-01,15,MELONP_7_UNIT1GNODE,MELONP_7_UNIT1GNODE,MELONP_7_UNIT1GNODE,RTPD,LMP,LMP_PRC,MELONP_7_UNIT1GNODE,ALL,1,119.401,2,1
2022-09-01T22:15:00-00:00,2022-09-01T22:30:00-00:00,2022-09-01,16,MELONP_7_UNIT1GNODE,MELONP_7_UNIT1GNODE,MELONP_7_UNIT1GNODE,RTPD,LMP,LMP_PRC,MELONP_7_UNIT1GNODE,ALL,1,134.31763,2,1
2022-09-01T23:15:00-00:00,2022-09-01T23:30:00-00:00,2022-09-01,17,MELONP_7_UNIT1GNODE,MELONP_7_UNIT1GNODE,MELONP_7_UNIT1GNODE,RTPD,LMP,LMP_PRC,MELONP_7_UNIT1GNODE,ALL,1,258.93747,2,1
2022-09-02T00:15:00-00:00,2022-09-02T00:30:00-00:00,2022-09-01,18,MELONP_7_UNIT1GNODE,MELONP_7_UNIT1GNODE,MELONP_7_UNIT1GNODE,RTPD,LMP,LMP_PRC,MELONP_7_UNIT1GNODE,ALL,1,1044.8864,2,1
2022-09-02T01:15:00-00:00,2022-09-02T01:30:00-00:00,2022-09-01,19,MELONP_7_UNIT1GNODE,MELONP_7_UNIT1GNODE,MELONP_7_UNIT1GNODE,RTPD,LMP,LMP_PRC,MELONP_7_UNIT1GNODE,ALL,1,1999.9945,2,1
2022-09-02T02:15:00-00:00,2022-09-02T02:30:00-00:00,2022-09-01,20,MELONP_7_UNIT1GNODE,MELONP_7_UNIT1GNODE,MELONP_7_UNIT1GNODE,RTPD,LMP,LMP_PRC,MELONP_7_UNIT1GNODE,ALL,1,1991.671,2,1
2022-09-02T03:15:00-00:00,2022-09-02T03:30:00-00:00,2022-09-01,21,MELONP_7_UNIT1GNODE,MELONP_7_UNIT1GNODE,MELONP_7_UNIT1GNODE,RTPD,LMP,LMP_PRC,MELONP_7_UNIT1GNODE,ALL,1,581.32465,2,1
2022-09-02T04:15:00-00:00,2022-09-02T04:30:00-00:00,2022-09-01,22,MELONP_7_UNIT1GNODE,MELONP_7_UNIT1GNODE,MELONP_7_UNIT1GNODE,RTPD,LMP,LMP_PRC,MELONP_7_UNIT1GNODE,ALL,1,1146.0187,2,1
2022-09-02T05:15:00-00:00,2022-09-02T05:30:00-00:00,2022-09-01,23,MELONP_7_UNIT1GNODE,MELONP_7_UNIT1GNODE,MELONP_7_UNIT1GNODE,RTPD,LMP,LMP_PRC,MELONP_7_UNIT1GNODE,ALL,1,179.98216,2,1
2022-09-02T06:15:00-00:00,2022-09-02T06:30:00-00:00,2022-09-01,24,MELONP_7_UNIT1GNODE,MELONP_7_UNIT1GNODE,MELONP_7_UNIT1GNODE,RTPD,LMP,LMP_PRC,MELONP_7_UNIT1GNODE,ALL,1,158.12738,2,1
2022-09-01T07:30:00-00:00,2022-09-01T07:45:00-00:00,2022-09-01,01,MELONP_7_UNIT1GNODE,MELONP_7_UNIT1GNODE,MELONP_7_UNIT1GNODE,RTPD,LMP,LMP_PRC,MELONP_7_UNIT1GNODE,ALL,1,100.88344,3,1
2022-09-01T08:30:00-00:00,2022-09-01T08:45:00-00:00,2022-09-01,02,MELONP_7_UNIT1GNODE,MELONP_7_UNIT1GNODE,MELONP_7_UNIT1GNODE,RTPD,LMP,LMP_PRC,MELONP_7_UNIT1GNODE,ALL,1,122.16844,3,1
2022-09-01T09:30:00-00:00,2022-09-01T09:45:00-00:00,2022-09-01,03,MELONP_7_UNIT1GNODE,MELONP_7_UNIT1GNODE,MELONP_7_UNIT1GNODE,RTPD,LMP,LMP_PRC,MELONP_7_UNIT1GNODE,ALL,1,101.28105,3,1
2022-09-01T10:30:00-00:00,2022-09-01T10:45:00-00:00,2022-09-01,04,MELONP_7_UNIT1GNODE,MELONP_7_UNIT1GNODE,MELONP_7_UNIT1GNODE,RTPD,LMP,LMP_PRC,MELONP_7_UNIT1GNODE,ALL,1,102.3109,3,1
2022-09-01T11:30:00-00:00,2022-09-01T11:45:00-00:00,2022-09-01,05,MELONP_7_UNIT1GNODE,MELONP_7_UNIT1GNODE,MELONP_7_UNIT1GNODE,RTPD,LMP,LMP_PRC,MELONP_7_UNIT1GNODE,ALL,1,114.14247,3,1
2022-09-01T12:30:00-00:00,2022-09-01T12:45:00-00:00,2022-09-01,06,MELONP_7_UNIT1GNODE,MELONP_7_UNIT1GNODE,MELONP_7_UNIT1GNODE,RTPD,LMP,LMP_PRC,MELONP_7_UNIT1GNODE,ALL,1,113.35152,3,1
2022-09-01T13:30:00-00:00,2022-09-01T13:45:00-00:00,2022-09-01,07,MELONP_7_UNIT1GNODE,MELONP_7_UNIT1GNODE,MELONP_7_UNIT1GNODE,RTPD,LMP,LMP_PRC,MELONP_7_UNIT1GNODE,ALL,1,120.67476,3,1
2022-09-01T14:30:00-00:00,2022-09-01T14:45:00-00:00,2022-09-01,08,MELONP_7_UNIT1GNODE,MELONP_7_UNIT1GNODE,MELONP_7_UNIT1GNODE,RTPD,LMP,LMP_PRC,MELONP_7_UNIT1GNODE,ALL,1,108.6559,3,1
2022-09-01T15:30:00-00:00,2022-09-01T15:45:00-00:00,2022-09-01,09,MELONP_7_UNIT1GNODE,MELONP_7_UNIT1GNODE,MELONP_7_UNIT1GNODE,RTPD,LMP,LMP_PRC,MELONP_7_UNIT1GNODE,ALL,1,86.14,3,1
2022-09-01T16:30:00-00:00,2022-09-01T16:45:00-00:00,2022-09-01,10,MELONP_7_UNIT1GNODE,MELONP_7_UNIT1GNODE,MELONP_7_UNIT1GNODE,RTPD,LMP,LMP_PRC,MELONP_7_UNIT1GNODE,ALL,1,74.6233,3,1
2022-09-01T17:30:00-00:00,2022-09-01T17:45:00-00:00,2022-09-01,11,MELONP_7_UNIT1GNODE,MELONP_7_UNIT1GNODE,MELONP_7_UNIT1GNODE,RTPD,LMP,LMP_PRC,MELONP_7_UNIT1GNODE,ALL,1,78.0209,3,1
2022-09-01T18:30:00-00:00,2022-09-01T18:45:00-00:00,2022-09-01,12,MELONP_7_UNIT1GNODE,MELONP_7_UNIT1GNODE,MELONP_7_UNIT1GNODE,RTPD,LMP,LMP_PRC,MELONP_7_UNIT1GNODE,ALL,1,78.6012,3,1
2022-09-01T19:30:00-00:00,2022-09-01T19:45:00-00:00,2022-09-01,13,MELONP_7_UNIT1GNODE,MELONP_7_UNIT1GNODE,MELONP_7_UNIT1GNODE,RTPD,LMP,LMP_PRC,MELONP_7_UNIT1GNODE,ALL,1,100.98747,3,1
2022-09-01T20:30:00-00:00,2022-09-01T20:45:00-00:00,2022-09-01,14,MELONP_7_UNIT1GNODE,MELONP_7_UNIT1GNODE,MELONP_7_UNIT1GNODE,RTPD,LMP,LMP_PRC,MELONP_7_UNIT1GNODE,ALL,1,116.6044,3,1
2022-09-01T21:30:00-00:00,2022-09-01T21:45:00-00:00,2022-09-01,15,MELONP_7_UNIT1GNODE,MELONP_7_UNIT1GNODE,MELONP_7_UNIT1GNODE,RTPD,LMP,LMP_PRC,MELONP_7_UNIT1GNODE,ALL,1,127.3823,3,1
2022-09-01T22:30:00-00:00,2022-09-01T22:45:00-00:00,2022-09-01,16,MELONP_7_UNIT1GNODE,MELONP_7_UNIT1GNODE,MELONP_7_UNIT1GNODE,RTPD,LMP,LMP_PRC,MELONP_7_UNIT1GNODE,ALL,1,152.21535,3,1
2022-09-01T23:30:00-00:00,2022-09-01T23:45:00-00:00,2022-09-01,17,MELONP_7_UNIT1GNODE,MELONP_7_UNIT1GNODE,MELONP_7_UNIT1GNODE,RTPD,LMP,LMP_PRC,MELONP_7_UNIT1GNODE,ALL,1,566.4828,3,1
2022-09-02T00:30:00-00:00,2022-09-02T00:45:00-00:00,2022-09-01,18,MELONP_7_UNIT1GNODE,MELONP_7_UNIT1GNODE,MELONP_7_UNIT1GNODE,RTPD,LMP,LMP_PRC,MELONP_7_UNIT1GNODE,ALL,1,1776.8348,3,1
2022-09-02T01:30:00-00:00,2022-09-02T01:45:00-00:00,2022-09-01,19,MELONP_7_UNIT1GNODE,MELONP_7_UNIT1GNODE,MELONP_7_UNIT1GNODE,RTPD,LMP,LMP_PRC,MELONP_7_UNIT1GNODE,ALL,1,1999.9944,3,1
2022-09-02T02:30:00-00:00,2022-09-02T02:45:00-00:00,2022-09-01,20,MELONP_7_UNIT1GNODE,MELONP_7_UNIT1GNODE,MELONP_7_UNIT1GNODE,RTPD,LMP,LMP_PRC,MELONP_7_UNIT1GNODE,ALL,1,1991.6698,3,1
2022-09-02T03:30:00-00:00,2022-09-02T03:45:00-00:00,2022-09-01,21,MELONP_7_UNIT1GNODE,MELONP_7_UNIT1GNODE,MELONP_7_UNIT1GNODE,RTPD,LMP,LMP_PRC,MELONP_7_UNIT1GNODE,ALL,1,236.19046,3,1
2022-09-02T04:30:00-00:00,2022-09-02T04:45:00-00:00,2022-09-01,22,MELONP_7_UNIT1GNODE,MELONP_7_UNIT1GNODE,MELONP_7_UNIT1GNODE,RTPD,LMP,LMP_PRC,MELONP_7_UNIT1GNODE,ALL,1,682.05664,3,1
2022-09-02T05:30:00-00:00,2022-09-02T05:45:00-00:00,2022-09-01,23,MELONP_7_UNIT1GNODE,MELONP_7_UNIT1GNODE,MELONP_7_UNIT1GNODE,RTPD,LMP,LMP_PRC,MELONP_7_UNIT1GNODE,ALL,1,150.84961,3,1
2022-09-02T06:30:00-00:00,2022-09-02T06:45:00-00:00,2022-09-01,24,MELONP_7_UNIT1GNODE,MELONP_7_UNIT1GNODE,MELONP_7_UNIT1GNODE,RTPD,LMP,LMP_PRC,MELONP_7_UNIT1GNODE,ALL,1,143.04803,3,1
2022-09-01T07:45:00-00:00,2022-09-01T08:00:00-00:00,2022-09-01,01,MELONP_7_UNIT1GNODE,MELONP_7_UNIT1GNODE,MELONP_7_UNIT1GNODE,RTPD,LMP,LMP_PRC,MELONP_7_UNIT1GNODE,ALL,1,88.43442,4,1
2022-09-01T08:45:00-00:00,2022-09-01T09:00:00-00:00,2022-09-01,02,MELONP_7_UNIT1GNODE,MELONP_7_UNIT1GNODE,MELONP_7_UNIT1GNODE,RTPD,LMP,LMP_PRC,MELONP_7_UNIT1GNODE,ALL,1,102.80016,4,1
2022-09-01T09:45:00-00:00,2022-09-01T10:00:00-00:00,2022-09-01,03,MELONP_7_UNIT1GNODE,MELONP_7_UNIT1GNODE,MELONP_7_UNIT1GNODE,RTPD,LMP,LMP_PRC,MELONP_7_UNIT1GNODE,ALL,1,100.87358,4,1
2022-09-01T10:45:00-00:00,2022-09-01T11:00:00-00:00,2022-09-01,04,MELONP_7_UNIT1GNODE,MELONP_7_UNIT1GNODE,MELONP_7_UNIT1GNODE,RTPD,LMP,LMP_PRC,MELONP_7_UNIT1GNODE,ALL,1,102.24588,4,1
2022-09-01T11:45:00-00:00,2022-09-01T12:00:00-00:00,2022-09-01,05,MELONP_7_UNIT1GNODE,MELONP_7_UNIT1GNODE,MELONP_7_UNIT1GNODE,RTPD,LMP,LMP_PRC,MELONP_7_UNIT1GNODE,ALL,1,107.0112,4,1
2022-09-01T12:45:00-00:00,2022-09-01T13:00:00-00:00,2022-09-01,06,MELONP_7_UNIT1GNODE,MELONP_7_UNIT1GNODE,MELONP_7_UNIT1GNODE,RTPD,LMP,LMP_PRC,MELONP_7_UNIT1GNODE,ALL,1,113.83915,4,1
2022-09-01T13:45:00-00:00,2022-09-01T14:00:00-00:00,2022-09-01,07,MELONP_7_UNIT1GNODE,MELONP_7_UNIT1GNODE,MELONP_7_UNIT1GNODE,RTPD,LMP,LMP_PRC,MELONP_7_UNIT1GNODE,ALL,1,111.4088,4,1
2022-09-01T14:45:00-00:00,2022-09-01T15:00:00-00:00,2022-09-01,08,MELONP_7_UNIT1GNODE,MELONP_7_UNIT1GNODE,MELONP_7_UNIT1GNODE,RTPD,LMP,LMP_PRC,MELONP_7_UNIT1GNODE,ALL,1,86.14,4,1
2022-09-01T15:45:00-00:00,2022-09-01T16:00:00-00:00,2022-09-01,09,MELONP_7_UNIT1GNODE,MELONP_7_UNIT1GNODE,MELONP_7_UNIT1GNODE,RTPD,LMP,LMP_PRC,MELONP_7_UNIT1GNODE,ALL,1,78.70196,4,1
2022-09-01T16:45:00-00:00,2022-09-01T17:00:00-00:00,2022-09-01,10,MELONP_7_UNIT1GNODE,MELONP_7_UNIT1GNODE,MELONP_7_UNIT1GNODE,RTPD,LMP,LMP_PRC,MELONP_7_UNIT1GNODE,ALL,1,78.41713,4,1
2022-09-01T17:45:00-00:00,2022-09-01T18:00:00-00:00,2022-09-01,11,MELONP_7_UNIT1GNODE,MELONP_7_UNIT1GNODE,MELONP_7_UNIT1GNODE,RTPD,LMP,LMP_PRC,MELONP_7_UNIT1GNODE,ALL,1,78.4212,4,1
2022-09-01T18:45:00-00:00,2022-09-01T19:00:00-00:00,2022-09-01,12,MELONP_7_UNIT1GNODE,MELONP_7_UNIT1GNODE,MELONP_7_UNIT1GNODE,RTPD,LMP,LMP_PRC,MELONP_7_UNIT1GNODE,ALL,1,80.69359,4,1
2022-09-01T19:45:00-00:00,2022-09-01T20:00:00-00:00,2022-09-01,13,MELONP_7_UNIT1GNODE,MELONP_7_UNIT1GNODE,MELONP_7_UNIT1GNODE,RTPD,LMP,LMP_PRC,MELONP_7_UNIT1GNODE,ALL,1,106.06463,4,1
2022-09-01T20:45:00-00:00,2022-09-01T21:00:00-00:00,2022-09-01,14,MELONP_7_UNIT1GNODE,MELONP_7_UNIT1GNODE,MELONP_7_UNIT1GNODE,RTPD,LMP,LMP_PRC,MELONP_7_UNIT1GNODE,ALL,1,124.61239,4,1
2022-09-01T21:45:00-00:00,2022-09-01T22:00:00-00:00,2022-09-01,15,MELONP_7_UNIT1GNODE,MELONP_7_UNIT1GNODE,MELONP_7_UNIT1GNODE,RTPD,LMP,LMP_PRC,MELONP_7_UNIT1GNODE,ALL,1,207.47224,4,1
2022-09-01T22:45:00-00:00,2022-09-01T23:00:00-00:00,2022-09-01,16,MELONP_7_UNIT1GNODE,MELONP_7_UNIT1GNODE,MELONP_7_UNIT1GNODE,RTPD,LMP,LMP_PRC,MELONP_7_UNIT1GNODE,ALL,1,163.90991,4,1
2022-09-01T23:45:00-00:00,2022-09-02T00:00:00-00:00,2022-09-01,17,MELONP_7_UNIT1GNODE,MELONP_7_UNIT1GNODE,MELONP_7_UNIT1GNODE,RTPD,LMP,LMP_PRC,MELONP_7_UNIT1GNODE,ALL,1,1651.2014,4,1
2022-09-02T00:45:00-00:00,2022-09-02T01:00:00-00:00,2022-09-01,18,MELONP_7_UNIT1GNODE,MELONP_7_UNIT1GNODE,MELONP_7_UNIT1GNODE,RTPD,LMP,LMP_PRC,MELONP_7_UNIT1GNODE,ALL,1,1801.0393,4,1
2022-09-02T01:45:00-00:00,2022-09-02T02:00:00-00:00,2022-09-01,19,MELONP_7_UNIT1GNODE,MELONP_7_UNIT1GNODE,MELONP_7_UNIT1GNODE,RTPD,LMP,LMP_PRC,MELONP_7_UNIT1GNODE,ALL,1,1991.9325,4,1
2022-09-02T02:45:00-00:00,2022-09-02T03:00:00-00:00,2022-09-01,20,MELONP_7_UNIT1GNODE,MELONP_7_UNIT1GNODE,MELONP_7_UNIT1GNODE,RTPD,LMP,LMP_PRC,MELONP_7_UNIT1GNODE,ALL,1,1868.7178,4,1
2022-09-02T03:45:00-00:00,2022-09-02T04:00:00-00:00,2022-09-01,21,MELONP_7_UNIT1GNODE,MELONP_7_UNIT1GNODE,MELONP_7_UNIT1GNODE,RTPD,LMP,LMP_PRC,MELONP_7_UNIT1GNODE,ALL,1,171.45827,4,1
2022-09-02T04:45:00-00:00,2022-09-02T05:00:00-00:00,2022-09-01,22,MELONP_7_UNIT1GNODE,MELONP_7_UNIT1GNODE,MELONP_7_UNIT1GNODE,RTPD,LMP,LMP_PRC,MELONP_7_UNIT1GNODE,ALL,1,157.01816,4,1
2022-09-02T05:45:00-00:00,2022-09-02T06:00:00-00:00,2022-09-01,23,MELONP_7_UNIT1GNODE,MELONP_7_UNIT1GNODE,MELONP_7_UNIT1GNODE,RTPD,LMP,LMP_PRC,MELONP_7_UNIT1GNODE,ALL,1,289.46133,4,1
2022-09-02T06:45:00-00:00,2022-09-02T07:00:00-00:00,2022-09-01,24,MELONP_7_UNIT1GNODE,MELONP_7_UNIT1GNODE,MELONP_7_UNIT1GNODE,RTPD,LMP,LMP_PRC,MELONP_7_UNIT1GNODE,ALL,1,120.95483,4,1
2022-09-01T07:00:00-00:00,2022-09-01T07:15:00-00:00,2022-09-01,01,MELONP_7_UNIT1GNODE,MELONP_7_UNIT1GNODE,MELONP_7_UNIT1GNODE,RTPD,MCC,LMP_CONG_PRC,MELONP_7_UNIT1GNODE,ALL,1,-23.4967,1,2
2022-09-01T08:00:00-00:00,2022-09-01T08:15:00-00:00,2022-09-01,02,MELONP_7_UNIT1GNODE,MELONP_7_UNIT1GNODE,MELONP_7_UNIT1GNODE,RTPD,MCC,LMP_CONG_PRC,MELONP_7_UNIT1GNODE,ALL,1,-3.75311,1,2
2022-09-01T09:00:00-00:00,2022-09-01T09:15:00-00:00,2022-09-01,03,MELONP_7_UNIT1GNODE,MELONP_7_UNIT1GNODE,MELONP_7_UNIT1GNODE,RTPD,MCC,LMP_CONG_PRC,MELONP_7_UNIT1GNODE,ALL,1,-5.01903,1,2
2022-09-01T10:00:00-00:00,2022-09-01T10:15:00-00:00,2022-09-01,04,MELONP_7_UNIT1GNODE,MELONP_7_UNIT1GNODE,MELONP_7_UNIT1GNODE,RTPD,MCC,LMP_CONG_PRC,MELONP_7_UNIT1GNODE,ALL,1,-4.35339,1,2
2022-09-01T11:00:00-00:00,2022-09-01T11:15:00-00:00,2022-09-01,05,MELONP_7_UNIT1GNODE,MELONP_7_UNIT1GNODE,MELONP_7_UNIT1GNODE,RTPD,MCC,LMP_CONG_PRC,MELONP_7_UNIT1GNODE,ALL,1,0.0012,1,2
2022-09-01T12:00:00-00:00,2022-09-01T12:15:00-00:00,2022-09-01,06,MELONP_7_UNIT1GNODE,MELONP_7_UNIT1GNODE,MELONP_7_UNIT1GNODE,RTPD,MCC,LMP_CONG_PRC,MELONP_7_UNIT1GNODE,ALL,1,-11.19948,1,2
2022-09-01T13:00:00-00:00,2022-09-01T13:15:00-00:00,2022-09-01,07,MELONP_7_UNIT1GNODE,MELONP_7_UNIT1GNODE,MELONP_7_UNIT1GNODE,RTPD,MCC,LMP_CONG_PRC,MELONP_7_UNIT1GNODE,ALL,1,-14.8428,1,2
2022-09-01T14:00:00-00:00,2022-09-01T14:15:00-00:00,2022-09-01,08,MELONP_7_UNIT1GNODE,MELONP_7_UNIT1GNODE,MELONP_7_UNIT1GNODE,RTPD,MCC,LMP_CONG_PRC,MELONP_7_UNIT1GNODE,ALL,1,-0.0012,1,2
2022-09-01T15:00:00-00:00,2022-09-01T15:15:00-00:00,2022-09-01,09,MELONP_7_UNIT1GNODE,MELONP_7_UNIT1GNODE,MELONP_7_UNIT1GNODE,RTPD,MCC,LMP_CONG_PRC,MELONP_7_UNIT1GNODE,ALL,1,0.0012,1,2
2022-09-01T16:00:00-00:00,2022-09-01T16:15:00-00:00,2022-09-01,10,MELONP_7_UNIT1GNODE,MELONP_7_UNIT1GNODE,MELONP_7_UNIT1GNODE,RTPD,MCC,LMP_CONG_PRC,MELONP_7_UNIT1GNODE,ALL,1,0.0012,1,2
2022-09-01T17:00:00-00:00,2022-09-01T17:15:00-00:00,2022-09-01,11,MELONP_7_UNIT1GNODE,MELONP_7_UNIT1GNODE,MELONP_7_UNIT1GNODE,RTPD,MCC,LMP_CONG_PRC,MELONP_7_UNIT1GNODE,ALL,1,-17.18371,1,2
2022-09-01T18:00:00-00:00,2022-09-01T18:15:00-00:00,2022-09-01,12,MELONP_7_UNIT1GNODE,MELONP_7_UNIT1GNODE,MELONP_7_UNIT1GNODE,RTPD,MCC,LMP_CONG_PRC,MELONP_7_UNIT1GNODE,ALL,1,-33.51609,1,2
2022-09-01T19:00:00-00:00,2022-09-01T19:15:00-00:00,2022-09-01,13,MELONP_7_UNIT1GNODE,MELONP_7_UNIT1GNODE,MELONP_7_UNIT1GNODE,RTPD,MCC,LMP_CONG_PRC,MELONP_7_UNIT1GNODE,ALL,1,-36.98559,1,2
2022-09-01T20:00:00-00:00,2022-09-01T20:15:00-00:00,2022-09-01,14,MELONP_7_UNIT1GNODE,MELONP_7_UNIT1GNODE,MELONP_7_UNIT1GNODE,RTPD,MCC,LMP_CONG_PRC,MELONP_7_UNIT1GNODE,ALL,1,-3.63528,1,2
2022-09-01T21:00:00-00:00,2022-09-01T21:15:00-00:00,2022-09-01,15,MELONP_7_UNIT1GNODE,MELONP_7_UNIT1GNODE,MELONP_7_UNIT1GNODE,RTPD,MCC,LMP_CONG_PRC,MELONP_7_UNIT1GNODE,ALL,1,-102.51615,1,2
2022-09-01T22:00:00-00:00,2022-09-01T22:15:00-00:00,2022-09-01,16,MELONP_7_UNIT1GNODE,MELONP_7_UNIT1GNODE,MELONP_7_UNIT1GNODE,RTPD,MCC,LMP_CONG_PRC,MELONP_7_UNIT1GNODE,ALL,1,-111.45663,1,2
2022-09-01T23:00:00-00:00,2022-09-01T23:15:00-00:00,2022-09-01,17,MELONP_7_UNIT1GNODE,MELONP_7_UNIT1GNODE,MELONP_7_UNIT1GNODE,RTPD,MCC,LMP_CONG_PRC,MELONP_7_UNIT1GNODE,ALL,1,-176.5549,1,2
2022-09-02T00:00:00-00:00,2022-09-02T00:15:00-00:00,2022-09-01,18,MELONP_7_UNIT1GNODE,MELONP_7_UNIT1GNODE,MELONP_7_UNIT1GNODE,RTPD,MCC,LMP_CONG_PRC,MELONP_7_UNIT1GNODE,ALL,1,326.1558,1,2
2022-09-02T01:00:00-00:00,2022-09-02T01:15:00-00:00,2022-09-01,19,MELONP_7_UNIT1GNODE,MELONP_7_UNIT1GNODE,MELONP_7_UNIT1GNODE,RTPD,MCC,LMP_CONG_PRC,MELONP_7_UNIT1GNODE,ALL,1,320.82483,1,2
2022-09-02T02:00:00-00:00,2022-09-02T02:15:00-00:00,2022-09-01,20,MELONP_7_UNIT1GNODE,MELONP_7_UNIT1GNODE,MELONP_7_UNIT1GNODE,RTPD,MCC,LMP_CONG_PRC,MELONP_7_UNIT1GNODE,ALL,1,-0.0012,1,2
2022-09-02T03:00:00-00:00,2022-09-02T03:15:00-00:00,2022-09-01,21,MELONP_7_UNIT1GNODE,MELONP_7_UNIT1GNODE,MELONP_7_UNIT1GNODE,RTPD,MCC,LMP_CONG_PRC,MELONP_7_UNIT1GNODE,ALL,1,401.00198,1,2
2022-09-02T04:00:00-00:00,2022-09-02T04:15:00-00:00,2022-09-01,22,MELONP_7_UNIT1GNODE,MELONP_7_UNIT1GNODE,MELONP_7_UNIT1GNODE,RTPD,MCC,LMP_CONG_PRC,MELONP_7_UNIT1GNODE,ALL,1,908.8379,1,2
2022-09-02T05:00:00-00:00,2022-09-02T05:15:00-00:00,2022-09-01,23,MELONP_7_UNIT1GNODE,MELONP_7_UNIT1GNODE,MELONP_7_UNIT1GNODE,RTPD,MCC,LMP_CONG_PRC,MELONP_7_UNIT1GNODE,ALL,1,0.0012,1,2
2022-09-02T06:00:00-00:00,2022-09-02T06:15:00-00:00,2022-09-01,24,MELONP_7_UNIT1GNODE,MELONP_7_UNIT1GNODE,MELONP_7_UNIT1GNODE,RTPD,MCC,LMP_CONG_PRC,MELONP_7_UNIT1GNODE,ALL,1,130.67183,1,2
2022-09-01T07:15:00-00:00,2022-09-01T07:30:00-00:00,2022-09-01,01,MELONP_7_UNIT1GNODE,MELONP_7_UNIT1GNODE,MELONP_7_UNIT1GNODE,RTPD,MCC,LMP_CONG_PRC,MELONP_7_UNIT1GNODE,ALL,1,-11.24673,2,2
2022-09-01T08:15:00-00:00,2022-09-01T08:30:00-00:00,2022-09-01,02,MELONP_7_UNIT1GNODE,MELONP_7_UNIT1GNODE,MELONP_7_UNIT1GNODE,RTPD,MCC,LMP_CONG_PRC,MELONP_7_UNIT1GNODE,ALL,1,-1.02356,2,2
2022-09-01T09:15:00-00:00,2022-09-01T09:30:00-00:00,2022-09-01,03,MELONP_7_UNIT1GNODE,MELONP_7_UNIT1GNODE,MELONP_7_UNIT1GNODE,RTPD,MCC,LMP_CONG_PRC,MELONP_7_UNIT1GNODE,ALL,1,-6.59976,2,2
2022-09-01T10:15:00-00:00,2022-09-01T10:30:00-00:00,2022-09-01,04,MELONP_7_UNIT1GNODE,MELONP_7_UNIT1GNODE,MELONP_7_UNIT1GNODE,RTPD,MCC,LMP_CONG_PRC,MELONP_7_UNIT1GNODE,ALL,1,-6.14798,2,2
2022-09-01T11:15:00-00:00,2022-09-01T11:30:00-00:00,2022-09-01,05,MELONP_7_UNIT1GNODE,MELONP_7_UNIT1GNODE,MELONP_7_UNIT1GNODE,RTPD,MCC,LMP_CONG_PRC,MELONP_7_UNIT1GNODE,ALL,1,0.0012,2,2
2022-09-01T12:15:00-00:00,2022-09-01T12:30:00-00:00,2022-09-01,06,MELONP_7_UNIT1GNODE,MELONP_7_UNIT1GNODE,MELONP_7_UNIT1GNODE,RTPD,MCC,LMP_CONG_PRC,MELONP_7_UNIT1GNODE,ALL,1,-6.83179,2,2
2022-09-01T13:15:00-00:00,2022-09-01T13:30:00-00:00,2022-09-01,07,MELONP_7_UNIT1GNODE,MELONP_7_UNIT1GNODE,MELONP_7_UNIT1GNODE,RTPD,MCC,LMP_CONG_PRC,MELONP_7_UNIT1GNODE,ALL,1,-0.63821,2,2
2022-09-01T14:15:00-00:00,2022-09-01T14:30:00-00:00,2022-09-01,08,MELONP_7_UNIT1GNODE,MELONP_7_UNIT1GNODE,MELONP_7_UNIT1GNODE,RTPD,MCC,LMP_CONG_PRC,MELONP_7_UNIT1GNODE,ALL,1,-0.0012,2,2
2022-09-01T15:15:00-00:00,2022-09-01T15:30:00-00:00,2022-09-01,09,MELONP_7_UNIT1GNODE,MELONP_7_UNIT1GNODE,MELONP_7_UNIT1GNODE,RTPD,MCC,LMP_CONG_PRC,MELONP_7_UNIT1GNODE,ALL,1,0.0012,2,2
2022-09-01T16:15:00-00:00,2022-09-01T16:30:00-00:00,2022-09-01,10,MELONP_7_UNIT1GNODE,MELONP_7_UNIT1GNODE,MELONP_7_UNIT1GNODE,RTPD,MCC,LMP_CONG_PRC,MELONP_7_UNIT1GNODE,ALL,1,-1.69193,2,2
2022-09-01T17:15:00-00:00,2022-09-01T17:30:00-00:00,2022-09-01,11,MELONP_7_UNIT1GNODE,MELONP_7_UNIT1GNODE,MELONP_7_UNIT1GNODE,RTPD,MCC,LMP_CONG_PRC,MELONP_7_UNIT1GNODE,ALL,1,-21.03567,2,2
2022-09-01T18:15:00-00:00,2022-09-01T18:30:00-00:00,2022-09-01,12,MELONP_7_UNIT1GNODE,MELONP_7_UNIT1GNODE,MELONP_7_UNIT1GNODE,RTPD,MCC,LMP_CONG_PRC,MELONP_7_UNIT1GNODE,ALL,1,-27.29206,2,2
2022-09-01T19:15:00-00:00,2022-09-01T19:30:00-00:00,2022-09-01,13,MELONP_7_UNIT1GNODE,MELONP_7_UNIT1GNODE,MELONP_7_UNIT1GNODE,RTPD,MCC,LMP_CONG_PRC,MELONP_7_UNIT1GNODE,ALL,1,-30.45642,2,2
2022-09-01T20:15:00-00:00,2022-09-01T20:30:00-00:00,2022-09-01,14,MELONP_7_UNIT1GNODE,MELONP_7_UNIT1GNODE,MELONP_7_UNIT1GNODE,RTPD,MCC,LMP_CONG_PRC,MELONP_7_UNIT1GNODE,ALL,1,-3.27352,2,2
2022-09-01T21:15:00-00:00,2022-09-01T21:30:00-00:00,2022-09-01,15,MELONP_7_UNIT1GNODE,MELONP_7_UNIT1GNODE,MELONP_7_UNIT1GNODE,RTPD,MCC,LMP_CONG_PRC,MELONP_7_UNIT1GNODE,ALL,1,-27.81085,2,2
2022-09-01T22:15:00-00:00,2022-09-01T22:30:00-00:00,2022-09-01,16,MELONP_7_UNIT1GNODE,MELONP_7_UNIT1GNODE,MELONP_7_UNIT1GNODE,RTPD,MCC,LMP_CONG_PRC,MELONP_7_UNIT1GNODE,ALL,1,-122.2697,2,2
2022-09-01T23:15:00-00:00,2022-09-01T23:30:00-00:00,2022-09-01,17,MELONP_7_UNIT1GNODE,MELONP_7_UNIT1GNODE,MELONP_7_UNIT1GNODE,RTPD,MCC,LMP_CONG_PRC,MELONP_7_UNIT1GNODE,ALL,1,-103.18662,2,2
2022-09-02T00:15:00-00:00,2022-09-02T00:30:00-00:00,2022-09-01,18,MELONP_7_UNIT1GNODE,MELONP_7_UNIT1GNODE,MELONP_7_UNIT1GNODE,RTPD,MCC,LMP_CONG_PRC,MELONP_7_UNIT1GNODE,ALL,1,317.4484,2,2
2022-09-02T01:15:00-00:00,2022-09-02T01:30:00-00:00,2022-09-01,19,MELONP_7_UNIT1GNODE,MELONP_7_UNIT1GNODE,MELONP_7_UNIT1GNODE,RTPD,MCC,LMP_CONG_PRC,MELONP_7_UNIT1GNODE,ALL,1,0.0012,2,2
2022-09-02T02:15:00-00:00,2022-09-02T02:30:00-00:00,2022-09-01,20,MELONP_7_UNIT1GNODE,MELONP_7_UNIT1GNODE,MELONP_7_UNIT1GNODE,RTPD,MCC,LMP_CONG_PRC,MELONP_7_UNIT1GNODE,ALL,1,-0.0012,2,2
2022-09-02T03:15:00-00:00,2022-09-02T03:30:00-00:00,2022-09-01,21,MELONP_7_UNIT1GNODE,MELONP_7_UNIT1GNODE,MELONP_7_UNIT1GNODE,RTPD,MCC,LMP_CONG_PRC,MELONP_7_UNIT1GNODE,ALL,1,140.58284,2,2
2022-09-02T04:15:00-00:00,2022-09-02T04:30:00-00:00,2022-09-01,22,MELONP_7_UNIT1GNODE,MELONP_7_UNIT1GNODE,MELONP_7_UNIT1GNODE,RTPD,MCC,LMP_CONG_PRC,MELONP_7_UNIT1GNODE,ALL,1,877.14996,2,2
2022-09-02T05:15:00-00:00,2022-09-02T05:30:00-00:00,2022-09-01,23,MELONP_7_UNIT1GNODE,MELONP_7_UNIT1GNODE,MELONP_7_UNIT1GNODE,RTPD,MCC,LMP_CONG_PRC,MELONP_7_UNIT1GNODE,ALL,1,0.0012,2,2
2022-09-02T06:15:00-00:00,2022-09-02T06:30:00-00:00,2022-09-01,24,MELONP_7_UNIT1GNODE,MELONP_7_UNIT1GNODE,MELONP_7_UNIT1GNODE,RTPD,MCC,LMP_CONG_PRC,MELONP_7_UNIT1GNODE,ALL,1,0.0012,2,2
2022-09-01T07:30:00-00:00,2022-09-01T07:45:00-00:00,2022-09-01,01,MELONP_7_UNIT1GNODE,MELONP_7_UNIT1GNODE,MELONP_7_UNIT1GNODE,RTPD,MCC,LMP_CONG_PRC,MELONP_7_UNIT1GNODE,ALL,1,-18.14852,3,2
2022-09-01T08:30:00-00:00,2022-09-01T08:45:00-00:00,2022-09-01,02,MELONP_7_UNIT1GNODE,MELONP_7_UNIT1GNODE,MELONP_7_UNIT1GNODE,RTPD,MCC,LMP_CONG_PRC,MELONP_7_UNIT1GNODE,ALL,1,0.00023,3,2
2022-09-01T09:30:00-00:00,2022-09-01T09:45:00-00:00,2022-09-01,03,MELONP_7_UNIT1GNODE,MELONP_7_UNIT1GNODE,MELONP_7_UNIT1GNODE,RTPD,MCC,LMP_CONG_PRC,MELONP_7_UNIT1GNODE,ALL,1,-6.54052,3,2
2022-09-01T10:30:00-00:00,2022-09-01T10:45:00-00:00,2022-09-01,04,MELONP_7_UNIT1GNODE,MELONP_7_UNIT1GNODE,MELONP_7_UNIT1GNODE,RTPD,MCC,LMP_CONG_PRC,MELONP_7_UNIT1GNODE,ALL,1,-3.47571,3,2
2022-09-01T11:30:00-00:00,2022-09-01T11:45:00-00:00,2022-09-01,05,MELONP_7_UNIT1GNODE,MELONP_7_UNIT1GNODE,MELONP_7_UNIT1GNODE,RTPD,MCC,LMP_CONG_PRC,MELONP_7_UNIT1GNODE,ALL,1,0.0012,3,2
2022-09-01T12:30:00-00:00,2022-09-01T12:45:00-00:00,2022-09-01,06,MELONP_7_UNIT1GNODE,MELONP_7_UNIT1GNODE,MELONP_7_UNIT1GNODE,RTPD,MCC,LMP_CONG_PRC,MELONP_7_UNIT1GNODE,ALL,1,-11.82991,3,2
2022-09-01T13:30:00-00:00,2022-09-01T13:45:00-00:00,2022-09-01,07,MELONP_7_UNIT1GNODE,MELONP_7_UNIT1GNODE,MELONP_7_UNIT1GNODE,RTPD,MCC,LMP_CONG_PRC,MELONP_7_UNIT1GNODE,ALL,1,-0.0012,3,2
2022-09-01T14:30:00-00:00,2022-09-01T14:45:00-00:00,2022-09-01,08,MELONP_7_UNIT1GNODE,MELONP_7_UNIT1GNODE,MELONP_7_UNIT1GNODE,RTPD,MCC,LMP_CONG_PRC,MELONP_7_UNIT1GNODE,ALL,1,-0.0012,3,2
2022-09-01T15:30:00-00:00,2022-09-01T15:45:00-00:00,2022-09-01,09,MELONP_7_UNIT1GNODE,MELONP_7_UNIT1GNODE,MELONP_7_UNIT1GNODE,RTPD,MCC,LMP_CONG_PRC,MELONP_7_UNIT1GNODE,ALL,1,0.0012,3,2
2022-09-01T16:30:00-00:00,2022-09-01T16:45:00-00:00,2022-09-01,10,MELONP_7_UNIT1GNODE,MELONP_7_UNIT1GNODE,MELONP_7_UNIT1GNODE,RTPD,MCC,LMP_CONG_PRC,MELONP_7_UNIT1GNODE,ALL,1,-14.17314,3,2
2022-09-01T17:30:00-00:00,2022-09-01T17:45:00-00:00,2022-09-01,11,MELONP_7_UNIT1GNODE,MELONP_7_UNIT1GNODE,MELONP_7_UNIT1GNODE,RTPD,MCC,LMP_CONG_PRC,MELONP_7_UNIT1GNODE,ALL,1,-21.10924,3,2
2022-09-01T18:30:00-00:00,2022-09-01T18:45:00-00:00,2022-09-01,12,MELONP_7_UNIT1GNODE,MELONP_7_UNIT1GNODE,MELONP_7_UNIT1GNODE,RTPD,MCC,LMP_CONG_PRC,MELONP_7_UNIT1GNODE,ALL,1,-28.45598,3,2
2022-09-01T19:30:00-00:00,2022-09-01T19:45:00-00:00,2022-09-01,13,MELONP_7_UNIT1GNODE,MELONP_7_UNIT1GNODE,MELONP_7_UNIT1GNODE,RTPD,MCC,LMP_CONG_PRC,MELONP_7_UNIT1GNODE,ALL,1,-13.07158,3,2
2022-09-01T20:30:00-00:00,2022-09-01T20:45:00-00:00,2022-09-01,14,MELONP_7_UNIT1GNODE,MELONP_7_UNIT1GNODE,MELONP_7_UNIT1GNODE,RTPD,MCC,LMP_CONG_PRC,MELONP_7_UNIT1GNODE,ALL,1,-13.21164,3,2
2022-09-01T21:30:00-00:00,2022-09-01T21:45:00-00:00,2022-09-01,15,MELONP_7_UNIT1GNODE,MELONP_7_UNIT1GNODE,MELONP_7_UNIT1GNODE,RTPD,MCC,LMP_CONG_PRC,MELONP_7_UNIT1GNODE,ALL,1,-25.54827,3,2
2022-09-01T22:30:00-00:00,2022-09-01T22:45:00-00:00,2022-09-01,16,MELONP_7_UNIT1GNODE,MELONP_7_UNIT1GNODE,MELONP_7_UNIT1GNODE,RTPD,MCC,LMP_CONG_PRC,MELONP_7_UNIT1GNODE,ALL,1,-130.96648,3,2
2022-09-01T23:30:00-00:00,2022-09-01T23:45:00-00:00,2022-09-01,17,MELONP_7_UNIT1GNODE,MELONP_7_UNIT1GNODE,MELONP_7_UNIT1GNODE,RTPD,MCC,LMP_CONG_PRC,MELONP_7_UNIT1GNODE,ALL,1,0.0012,3,2
2022-09-02T00:30:00-00:00,2022-09-02T00:45:00-00:00,2022-09-01,18,MELONP_7_UNIT1GNODE,MELONP_7_UNIT1GNODE,MELONP_7_UNIT1GNODE,RTPD,MCC,LMP_CONG_PRC,MELONP_7_UNIT1GNODE,ALL,1,447.72223,3,2
2022-09-02T01:30:00-00:00,2022-09-02T01:45:00-00:00,2022-09-01,19,MELONP_7_UNIT1GNODE,MELONP_7_UNIT1GNODE,MELONP_7_UNIT1GNODE,RTPD,MCC,LMP_CONG_PRC,MELONP_7_UNIT1GNODE,ALL,1,-0.0012,3,2
2022-09-02T02:30:00-00:00,2022-09-02T02:45:00-00:00,2022-09-01,20,MELONP_7_UNIT1GNODE,MELONP_7_UNIT1GNODE,MELONP_7_UNIT1GNODE,RTPD,MCC,LMP_CONG_PRC,MELONP_7_UNIT1GNODE,ALL,1,-0.0012,3,2
2022-09-02T03:30:00-00:00,2022-09-02T03:45:00-00:00,2022-09-01,21,MELONP_7_UNIT1GNODE,MELONP_7_UNIT1GNODE,MELONP_7_UNIT1GNODE,RTPD,MCC,LMP_CONG_PRC,MELONP_7_UNIT1GNODE,ALL,1,31.48905,3,2
2022-09-02T04:30:00-00:00,2022-09-02T04:45:00-00:00,2022-09-01,22,MELONP_7_UNIT1GNODE,MELONP_7_UNIT1GNODE,MELONP_7_UNIT1GNODE,RTPD,MCC,LMP_CONG_PRC,MELONP_7_UNIT1GNODE,ALL,1,469.83218,3,2
2022-09-02T05:30:00-00:00,2022-09-02T05:45:00-00:00,2022-09-01,23,MELONP_7_UNIT1GNODE,MELONP_7_UNIT1GNODE,MELONP_7_UNIT1GNODE,RTPD,MCC,LMP_CONG_PRC,MELONP_7_UNIT1GNODE,ALL,1,0.0012,3,2
2022-09-02T06:30:00-00:00,2022-09-02T06:45:00-00:00,2022-09-01,24,MELONP_7_UNIT1GNODE,MELONP_7_UNIT1GNODE,MELONP_7_UNIT1GNODE,RTPD,MCC,LMP_CONG_PRC,MELONP_7_UNIT1GNODE,ALL,1,0.0012,3,2
2022-09-01T07:45:00-00:00,2022-09-01T08:00:00-00:00,2022-09-01,01,MELONP_7_UNIT1GNODE,MELONP_7_UNIT1GNODE,MELONP_7_UNIT1GNODE,RTPD,MCC,LMP_CONG_PRC,MELONP_7_UNIT1GNODE,ALL,1,-20.68657,4,2
2022-09-01T08:45:00-00:00,2022-09-01T09:00:00-00:00,2022-09-01,02,MELONP_7_UNIT1GNODE,MELONP_7_UNIT1GNODE,MELONP_7_UNIT1GNODE,RTPD,MCC,LMP_CONG_PRC,MELONP_7_UNIT1GNODE,ALL,1,-5.04895,4,2
2022-09-01T09:45:00-00:00,2022-09-01T10:00:00-00:00,2022-09-01,03,MELONP_7_UNIT1GNODE,MELONP_7_UNIT1GNODE,MELONP_7_UNIT1GNODE,RTPD,MCC,LMP_CONG_PRC,MELONP_7_UNIT1GNODE,ALL,1,-5.82598,4,2
2022-09-01T10:45:00-00:00,2022-09-01T11:00:00-00:00,2022-09-01,04,MELONP_7_UNIT1GNODE,MELONP_7_UNIT1GNODE,MELONP_7_UNIT1GNODE,RTPD,MCC,LMP_CONG_PRC,MELONP_7_UNIT1GNODE,ALL,1,-1.36806,4,2
2022-09-01T11:45:00-00:00,2022-09-01T12:00:00-00:00,2022-09-01,05,MELONP_7_UNIT1GNODE,MELONP_7_UNIT1GNODE,MELONP_7_UNIT1GNODE,RTPD,MCC,LMP_CONG_PRC,MELONP_7_UNIT1GNODE,ALL,1,0.0012,4,2
2022-09-01T12:45:00-00:00,2022-09-01T13:00:00-00:00,2022-09-01,06,MELONP_7_UNIT1GNODE,MELONP_7_UNIT1GNODE,MELONP_7_UNIT1GNODE,RTPD,MCC,LMP_CONG_PRC,MELONP_7_UNIT1GNODE,ALL,1,-2.64566,4,2
2022-09-01T13:45:00-00:00,2022-09-01T14:00:00-00:00,2022-09-01,07,MELONP_7_UNIT1GNODE,MELONP_7_UNIT1GNODE,MELONP_7_UNIT1GNODE,RTPD,MCC,LMP_CONG_PRC,MELONP_7_UNIT1GNODE,ALL,1,-0.0012,4,2
2022-09-01T14:45:00-00:00,2022-09-01T15:00:00-00:00,2022-09-01,08,MELONP_7_UNIT1GNODE,MELONP_7_UNIT1GNODE,MELONP_7_UNIT1GNODE,RTPD,MCC,LMP_CONG_PRC,MELONP_7_UNIT1GNODE,ALL,1,0.0012,4,2
2022-09-01T15:45:00-00:00,2022-09-01T16:00:00-00:00,2022-09-01,09,MELONP_7_UNIT1GNODE,MELONP_7_UNIT1GNODE,MELONP_7_UNIT1GNODE,RTPD,MCC,LMP_CONG_PRC,MELONP_7_UNIT1GNODE,ALL,1,0.0012,4,2
2022-09-01T16:45:00-00:00,2022-09-01T17:00:00-00:00,2022-09-01,10,MELONP_7_UNIT1GNODE,MELONP_7_UNIT1GNODE,MELONP_7_UNIT1GNODE,RTPD,MCC,LMP_CONG_PRC,MELONP_7_UNIT1GNODE,ALL,1,-12.8322,4,2
2022-09-01T17:45:00-00:00,2022-09-01T18:00:00-00:00,2022-09-01,11,MELONP_7_UNIT1GNODE,MELONP_7_UNIT1GNODE,MELONP_7_UNIT1GNODE,RTPD,MCC,LMP_CONG_PRC,MELONP_7_UNIT1GNODE,ALL,1,-20.78424,4,2
2022-09-01T18:45:00-00:00,2022-09-01T19:00:00-00:00,2022-09-01,12,MELONP_7_UNIT1GNODE,MELONP_7_UNIT1GNODE,MELONP_7_UNIT1GNODE,RTPD,MCC,LMP_CONG_PRC,MELONP_7_UNIT1GNODE,ALL,1,-28.34705,4,2
2022-09-01T19:45:00-00:00,2022-09-01T20:00:00-00:00,2022-09-01,13,MELONP_7_UNIT1GNODE,MELONP_7_UNIT1GNODE,MELONP_7_UNIT1GNODE,RTPD,MCC,LMP_CONG_PRC,MELONP_7_UNIT1GNODE,ALL,1,-14.16028,4,2
2022-09-01T20:45:00-00:00,2022-09-01T21:00:00-00:00,2022-09-01,14,MELONP_7_UNIT1GNODE,MELONP_7_UNIT1GNODE,MELONP_7_UNIT1GNODE,RTPD,MCC,LMP_CONG_PRC,MELONP_7_UNIT1GNODE,ALL,1,-29.4127,4,2
2022-09-01T21:45:00-00:00,2022-09-01T22:00:00-00:00,2022-09-01,15,MELONP_7_UNIT1GNODE,MELONP_7_UNIT1GNODE,MELONP_7_UNIT1GNODE,RTPD,MCC,LMP_CONG_PRC,MELONP_7_UNIT1GNODE,ALL,1,-92.82153,4,2
2022-09-01T22:45:00-00:00,2022-09-01T23:00:00-00:00,2022-09-01,16,MELONP_7_UNIT1GNODE,MELONP_7_UNIT1GNODE,MELONP_7_UNIT1GNODE,RTPD,MCC,LMP_CONG_PRC,MELONP_7_UNIT1GNODE,ALL,1,-266.00378,4,2
2022-09-01T23:45:00-00:00,2022-09-02T00:00:00-00:00,2022-09-01,17,MELONP_7_UNIT1GNODE,MELONP_7_UNIT1GNODE,MELONP_7_UNIT1GNODE,RTPD,MCC,LMP_CONG_PRC,MELONP_7_UNIT1GNODE,ALL,1,389.98898,4,2
2022-09-02T00:45:00-00:00,2022-09-02T01:00:00-00:00,2022-09-01,18,MELONP_7_UNIT1GNODE,MELONP_7_UNIT1GNODE,MELONP_7_UNIT1GNODE,RTPD,MCC,LMP_CONG_PRC,MELONP_7_UNIT1GNODE,ALL,1,281.8903,4,2
2022-09-02T01:45:00-00:00,2022-09-02T02:00:00-00:00,2022-09-01,19,MELONP_7_UNIT1GNODE,MELONP_7_UNIT1GNODE,MELONP_7_UNIT1GNODE,RTPD,MCC,LMP_CONG_PRC,MELONP_7_UNIT1GNODE,ALL,1,-0.0012,4,2
2022-09-02T02:45:00-00:00,2022-09-02T03:00:00-00:00,2022-09-01,20,MELONP_7_UNIT1GNODE,MELONP_7_UNIT1GNODE,MELONP_7_UNIT1GNODE,RTPD,MCC,LMP_CONG_PRC,MELONP_7_UNIT1GNODE,ALL,1,127.79341,4,2
2022-09-02T03:45:00-00:00,2022-09-02T04:00:00-00:00,2022-09-01,21,MELONP_7_UNIT1GNODE,MELONP_7_UNIT1GNODE,MELONP_7_UNIT1GNODE,RTPD,MCC,LMP_CONG_PRC,MELONP_7_UNIT1GNODE,ALL,1,18.33882,4,2
2022-09-02T04:45:00-00:00,2022-09-02T05:00:00-00:00,2022-09-01,22,MELONP_7_UNIT1GNODE,MELONP_7_UNIT1GNODE,MELONP_7_UNIT1GNODE,RTPD,MCC,LMP_CONG_PRC,MELONP_7_UNIT1GNODE,ALL,1,5.64937,4,2
2022-09-02T05:45:00-00:00,2022-09-02T06:00:00-00:00,2022-09-01,23,MELONP_7_UNIT1GNODE,MELONP_7_UNIT1GNODE,MELONP_7_UNIT1GNODE,RTPD,MCC,LMP_CONG_PRC,MELONP_7_UNIT1GNODE,ALL,1,155.86104,4,2
2022-09-02T06:45:00-00:00,2022-09-02T07:00:00-00:00,2022-09-01,24,MELONP_7_UNIT1GNODE,MELONP_7_UNIT1GNODE,MELONP_7_UNIT1GNODE,RTPD,MCC,LMP_CONG_PRC,MELONP_7_UNIT1GNODE,ALL,1,0.0012,4,2
2022-09-01T07:00:00-00:00,2022-09-01T07:15:00-00:00,2022-09-01,01,MELONP_7_UNIT1GNODE,MELONP_7_UNIT1GNODE,MELONP_7_UNIT1GNODE,RTPD,MCE,LMP_ENE_PRC,MELONP_7_UNIT1GNODE,ALL,1,104.23471,1,3
2022-09-01T08:00:00-00:00,2022-09-01T08:15:00-00:00,2022-09-01,02,MELONP_7_UNIT1GNODE,MELONP_7_UNIT1GNODE,MELONP_7_UNIT1GNODE,RTPD,MCE,LMP_ENE_PRC,MELONP_7_UNIT1GNODE,ALL,1,115.5488,1,3
2022-09-01T09:00:00-00:00,2022-09-01T09:15:00-00:00,2022-09-01,03,MELONP_7_UNIT1GNODE,MELONP_7_UNIT1GNODE,MELONP_7_UNIT1GNODE,RTPD,MCE,LMP_ENE_PRC,MELONP_7_UNIT1GNODE,ALL,1,99.73061,1,3
2022-09-01T10:00:00-00:00,2022-09-01T10:15:00-00:00,2022-09-01,04,MELONP_7_UNIT1GNODE,MELONP_7_UNIT1GNODE,MELONP_7_UNIT1GNODE,RTPD,MCE,LMP_ENE_PRC,MELONP_7_UNIT1GNODE,ALL,1,98.64222,1,3
2022-09-01T11:00:00-00:00,2022-09-01T11:15:00-00:00,2022-09-01,05,MELONP_7_UNIT1GNODE,MELONP_7_UNIT1GNODE,MELONP_7_UNIT1GNODE,RTPD,MCE,LMP_ENE_PRC,MELONP_7_UNIT1GNODE,ALL,1,102.56859,1,3
2022-09-01T12:00:00-00:00,2022-09-01T12:15:00-00:00,2022-09-01,06,MELONP_7_UNIT1GNODE,MELONP_7_UNIT1GNODE,MELONP_7_UNIT1GNODE,RTPD,MCE,LMP_ENE_PRC,MELONP_7_UNIT1GNODE,ALL,1,96.90845,1,3
2022-09-01T13:00:00-00:00,2022-09-01T13:15:00-00:00,2022-09-01,07,MELONP_7_UNIT1GNODE,MELONP_7_UNIT1GNODE,MELONP_7_UNIT1GNODE,RTPD,MCE,LMP_ENE_PRC,MELONP_7_UNIT1GNODE,ALL,1,101.80878,1,3
2022-09-01T14:00:00-00:00,2022-09-01T14:15:00-00:00,2022-09-01,08,MELONP_7_UNIT1GNODE,MELONP_7_UNIT1GNODE,MELONP_7_UNIT1GNODE,RTPD,MCE,LMP_ENE_PRC,MELONP_7_UNIT1GNODE,ALL,1,111.11219,1,3
2022-09-01T15:00:00-00:00,2022-09-01T15:15:00-00:00,2022-09-01,09,MELONP_7_UNIT1GNODE,MELONP_7_UNIT1GNODE,MELONP_7_UNIT1GNODE,RTPD,MCE,LMP_ENE_PRC,MELONP_7_UNIT1GNODE,ALL,1,97.4112,1,3
2022-09-01T16:00:00-00:00,2022-09-01T16:15:00-00:00,2022-09-01,10,MELONP_7_UNIT1GNODE,MELONP_7_UNIT1GNODE,MELONP_7_UNIT1GNODE,RTPD,MCE,LMP_ENE_PRC,MELONP_7_UNIT1GNODE,ALL,1,83.43525,1,3
2022-09-01T17:00:00-00:00,2022-09-01T17:15:00-00:00,2022-09-01,11,MELONP_7_UNIT1GNODE,MELONP_7_UNIT1GNODE,MELONP_7_UNIT1GNODE,RTPD,MCE,LMP_ENE_PRC,MELONP_7_UNIT1GNODE,ALL,1,96.94897,1,3
2022-09-01T18:00:00-00:00,2022-09-01T18:15:00-00:00,2022-09-01,12,MELONP_7_UNIT1GNODE,MELONP_7_UNIT1GNODE,MELONP_7_UNIT1GNODE,RTPD,MCE,LMP_ENE_PRC,MELONP_7_UNIT1GNODE,ALL,1,91.59291,1,3
2022-09-01T19:00:00-00:00,2022-09-01T19:15:00-00:00,2022-09-01,13,MELONP_7_UNIT1GNODE,MELONP_7_UNIT1GNODE,MELONP_7_UNIT1GNODE,RTPD,MCE,LMP_ENE_PRC,MELONP_7_UNIT1GNODE,ALL,1,109.19637,1,3
2022-09-01T20:00:00-00:00,2022-09-01T20:15:00-00:00,2022-09-01,14,MELONP_7_UNIT1GNODE,MELONP_7_UNIT1GNODE,MELONP_7_UNIT1GNODE,RTPD,MCE,LMP_ENE_PRC,MELONP_7_UNIT1GNODE,ALL,1,117.94359,1,3
2022-09-01T21:00:00-00:00,2022-09-01T21:15:00-00:00,2022-09-01,15,MELONP_7_UNIT1GNODE,MELONP_7_UNIT1GNODE,MELONP_7_UNIT1GNODE,RTPD,MCE,LMP_ENE_PRC,MELONP_7_UNIT1GNODE,ALL,1,226.61499,1,3
2022-09-01T22:00:00-00:00,2022-09-01T22:15:00-00:00,2022-09-01,16,MELONP_7_UNIT1GNODE,MELONP_7_UNIT1GNODE,MELONP_7_UNIT1GNODE,RTPD,MCE,LMP_ENE_PRC,MELONP_7_UNIT1GNODE,ALL,1,229.18552,1,3
2022-09-01T23:00:00-00:00,2022-09-01T23:15:00-00:00,2022-09-01,17,MELONP_7_UNIT1GNODE,MELONP_7_UNIT1GNODE,MELONP_7_UNIT1GNODE,RTPD,MCE,LMP_ENE_PRC,MELONP_7_UNIT1GNODE,ALL,1,386.7537,1,3
2022-09-02T00:00:00-00:00,2022-09-02T00:15:00-00:00,2022-09-01,18,MELONP_7_UNIT1GNODE,MELONP_7_UNIT1GNODE,MELONP_7_UNIT1GNODE,RTPD,MCE,LMP_ENE_PRC,MELONP_7_UNIT1GNODE,ALL,1,770.58136,1,3
2022-09-02T01:00:00-00:00,2022-09-02T01:15:00-00:00,2022-09-01,19,MELONP_7_UNIT1GNODE,MELONP_7_UNIT1GNODE,MELONP_7_UNIT1GNODE,RTPD,MCE,LMP_ENE_PRC,MELONP_7_UNIT1GNODE,ALL,1,916.27124,1,3
2022-09-02T02:00:00-00:00,2022-09-02T02:15:00-00:00,2022-09-01,20,MELONP_7_UNIT1GNODE,MELONP_7_UNIT1GNODE,MELONP_7_UNIT1GNODE,RTPD,MCE,LMP_ENE_PRC,MELONP_7_UNIT1GNODE,ALL,1,1991.6721,1,3
2022-09-02T03:00:00-00:00,2022-09-02T03:15:00-00:00,2022-09-01,21,MELONP_7_UNIT1GNODE,MELONP_7_UNIT1GNODE,MELONP_7_UNIT1GNODE,RTPD,MCE,LMP_ENE_PRC,MELONP_7_UNIT1GNODE,ALL,1,917.5508,1,3
2022-09-02T04:00:00-00:00,2022-09-02T04:15:00-00:00,2022-09-01,22,MELONP_7_UNIT1GNODE,MELONP_7_UNIT1GNODE,MELONP_7_UNIT1GNODE,RTPD,MCE,LMP_ENE_PRC,MELONP_7_UNIT1GNODE,ALL,1,257.83005,1,3
2022-09-02T05:00:00-00:00,2022-09-02T05:15:00-00:00,2022-09-01,23,MELONP_7_UNIT1GNODE,MELONP_7_UNIT1GNODE,MELONP_7_UNIT1GNODE,RTPD,MCE,LMP_ENE_PRC,MELONP_7_UNIT1GNODE,ALL,1,183.24657,1,3
2022-09-02T06:00:00-00:00,2022-09-02T06:15:00-00:00,2022-09-01,24,MELONP_7_UNIT1GNODE,MELONP_7_UNIT1GNODE,MELONP_7_UNIT1GNODE,RTPD,MCE,LMP_ENE_PRC,MELONP_7_UNIT1GNODE,ALL,1,158.867,1,3
2022-09-01T07:15:00-00:00,2022-09-01T07:30:00-00:00,2022-09-01,01,MELONP_7_UNIT1GNODE,MELONP_7_UNIT1GNODE,MELONP_7_UNIT1GNODE,RTPD,MCE,LMP_ENE_PRC,MELONP_7_UNIT1GNODE,ALL,1,125.55144,2,3
2022-09-01T08:15:00-00:00,2022-09-01T08:30:00-00:00,2022-09-01,02,MELONP_7_UNIT1GNODE,MELONP_7_UNIT1GNODE,MELONP_7_UNIT1GNODE,RTPD,MCE,LMP_ENE_PRC,MELONP_7_UNIT1GNODE,ALL,1,115.53165,2,3
2022-09-01T09:15:00-00:00,2022-09-01T09:30:00-00:00,2022-09-01,03,MELONP_7_UNIT1GNODE,MELONP_7_UNIT1GNODE,MELONP_7_UNIT1GNODE,RTPD,MCE,LMP_ENE_PRC,MELONP_7_UNIT1GNODE,ALL,1,98.30543,2,3
2022-09-01T10:15:00-00:00,2022-09-01T10:30:00-00:00,2022-09-01,04,MELONP_7_UNIT1GNODE,MELONP_7_UNIT1GNODE,MELONP_7_UNIT1GNODE,RTPD,MCE,LMP_ENE_PRC,MELONP_7_UNIT1GNODE,ALL,1,97.00684,2,3
2022-09-01T11:15:00-00:00,2022-09-01T11:30:00-00:00,2022-09-01,05,MELONP_7_UNIT1GNODE,MELONP_7_UNIT1GNODE,MELONP_7_UNIT1GNODE,RTPD,MCE,LMP_ENE_PRC,MELONP_7_UNIT1GNODE,ALL,1,103.09059,2,3
2022-09-01T12:15:00-00:00,2022-09-01T12:30:00-00:00,2022-09-01,06,MELONP_7_UNIT1GNODE,MELONP_7_UNIT1GNODE,MELONP_7_UNIT1GNODE,RTPD,MCE,LMP_ENE_PRC,MELONP_7_UNIT1GNODE,ALL,1,109.32203,2,3
2022-09-01T13:15:00-00:00,2022-09-01T13:30:00-00:00,2022-09-01,07,MELONP_7_UNIT1GNODE,MELONP_7_UNIT1GNODE,MELONP_7_UNIT1GNODE,RTPD,MCE,LMP_ENE_PRC,MELONP_7_UNIT1GNODE,ALL,1,110.97827,2,3
2022-09-01T14:15:00-00:00,2022-09-01T14:30:00-00:00,2022-09-01,08,MELONP_7_UNIT1GNODE,MELONP_7_UNIT1GNODE,MELONP_7_UNIT1GNODE,RTPD,MCE,LMP_ENE_PRC,MELONP_7_UNIT1GNODE,ALL,1,104.78743,2,3
2022-09-01T15:15:00-00:00,2022-09-01T15:30:00-00:00,2022-09-01,09,MELONP_7_UNIT1GNODE,MELONP_7_UNIT1GNODE,MELONP_7_UNIT1GNODE,RTPD,MCE,LMP_ENE_PRC,MELONP_7_UNIT1GNODE,ALL,1,86.9388,2,3
2022-09-01T16:15:00-00:00,2022-09-01T16:30:00-00:00,2022-09-01,10,MELONP_7_UNIT1GNODE,MELONP_7_UNIT1GNODE,MELONP_7_UNIT1GNODE,RTPD,MCE,LMP_ENE_PRC,MELONP_7_UNIT1GNODE,ALL,1,89.44858,2,3
2022-09-01T17:15:00-00:00,2022-09-01T17:30:00-00:00,2022-09-01,11,MELONP_7_UNIT1GNODE,MELONP_7_UNIT1GNODE,MELONP_7_UNIT1GNODE,RTPD,MCE,LMP_ENE_PRC,MELONP_7_UNIT1GNODE,ALL,1,99.34673,2,3
2022-09-01T18:15:00-00:00,2022-09-01T18:30:00-00:00,2022-09-01,12,MELONP_7_UNIT1GNODE,MELONP_7_UNIT1GNODE,MELONP_7_UNIT1GNODE,RTPD,MCE,LMP_ENE_PRC,MELONP_7_UNIT1GNODE,ALL,1,101.15901,2,3
2022-09-01T19:15:00-00:00,2022-09-01T19:30:00-00:00,2022-09-01,13,MELONP_7_UNIT1GNODE,MELONP_7_UNIT1GNODE,MELONP_7_UNIT1GNODE,RTPD,MCE,LMP_ENE_PRC,MELONP_7_UNIT1GNODE,ALL,1,105.30588,2,3
2022-09-01T20:15:00-00:00,2022-09-01T20:30:00-00:00,2022-09-01,14,MELONP_7_UNIT1GNODE,MELONP_7_UNIT1GNODE,MELONP_7_UNIT1GNODE,RTPD,MCE,LMP_ENE_PRC,MELONP_7_UNIT1GNODE,ALL,1,117.49421,2,3
2022-09-01T21:15:00-00:00,2022-09-01T21:30:00-00:00,2022-09-01,15,MELONP_7_UNIT1GNODE,MELONP_7_UNIT1GNODE,MELONP_7_UNIT1GNODE,RTPD,MCE,LMP_ENE_PRC,MELONP_7_UNIT1GNODE,ALL,1,147.21185,2,3
2022-09-01T22:15:00-00:00,2022-09-01T22:30:00-00:00,2022-09-01,16,MELONP_7_UNIT1GNODE,MELONP_7_UNIT1GNODE,MELONP_7_UNIT1GNODE,RTPD,MCE,LMP_ENE_PRC,MELONP_7_UNIT1GNODE,ALL,1,256.58734,2,3
2022-09-01T23:15:00-00:00,2022-09-01T23:30:00-00:00,2022-09-01,17,MELONP_7_UNIT1GNODE,MELONP_7_UNIT1GNODE,MELONP_7_UNIT1GNODE,RTPD,MCE,LMP_ENE_PRC,MELONP_7_UNIT1GNODE,ALL,1,362.12408,2,3
2022-09-02T00:15:00-00:00,2022-09-02T00:30:00-00:00,2022-09-01,18,MELONP_7_UNIT1GNODE,MELONP_7_UNIT1GNODE,MELONP_7_UNIT1GNODE,RTPD,MCE,LMP_ENE_PRC,MELONP_7_UNIT1GNODE,ALL,1,691.2182,2,3
2022-09-02T01:15:00-00:00,2022-09-02T01:30:00-00:00,2022-09-01,19,MELONP_7_UNIT1GNODE,MELONP_7_UNIT1GNODE,MELONP_7_UNIT1GNODE,RTPD,MCE,LMP_ENE_PRC,MELONP_7_UNIT1GNODE,ALL,1,1999.9933,2,3
2022-09-02T02:15:00-00:00,2022-09-02T02:30:00-00:00,2022-09-01,20,MELONP_7_UNIT1GNODE,MELONP_7_UNIT1GNODE,MELONP_7_UNIT1GNODE,RTPD,MCE,LMP_ENE_PRC,MELONP_7_UNIT1GNODE,ALL,1,1991.6721,2,3
2022-09-02T03:15:00-00:00,2022-09-02T03:30:00-00:00,2022-09-01,21,MELONP_7_UNIT1GNODE,MELONP_7_UNIT1GNODE,MELONP_7_UNIT1GNODE,RTPD,MCE,LMP_ENE_PRC,MELONP_7_UNIT1GNODE,ALL,1,400.52884,2,3
2022-09-02T04:15:00-00:00,2022-09-02T04:30:00-00:00,2022-09-01,22,MELONP_7_UNIT1GNODE,MELONP_7_UNIT1GNODE,MELONP_7_UNIT1GNODE,RTPD,MCE,LMP_ENE_PRC,MELONP_7_UNIT1GNODE,ALL,1,224.75041,2,3
2022-09-02T05:15:00-00:00,2022-09-02T05:30:00-00:00,2022-09-01,23,MELONP_7_UNIT1GNODE,MELONP_7_UNIT1GNODE,MELONP_7_UNIT1GNODE,RTPD,MCE,LMP_ENE_PRC,MELONP_7_UNIT1GNODE,ALL,1,157.11986,2,3
2022-09-02T06:15:00-00:00,2022-09-02T06:30:00-00:00,2022-09-01,24,MELONP_7_UNIT1GNODE,MELONP_7_UNIT1GNODE,MELONP_7_UNIT1GNODE,RTPD,MCE,LMP_ENE_PRC,MELONP_7_UNIT1GNODE,ALL,1,143.1005,2,3
2022-09-01T07:30:00-00:00,2022-09-01T07:45:00-00:00,2022-09-01,01,MELONP_7_UNIT1GNODE,MELONP_7_UNIT1GNODE,MELONP_7_UNIT1GNODE,RTPD,MCE,LMP_ENE_PRC,MELONP_7_UNIT1GNODE,ALL,1,119.03196,3,3
2022-09-01T08:30:00-00:00,2022-09-01T08:45:00-00:00,2022-09-01,02,MELONP_7_UNIT1GNODE,MELONP_7_UNIT1GNODE,MELONP_7_UNIT1GNODE,RTPD,MCE,LMP_ENE_PRC,MELONP_7_UNIT1GNODE,ALL,1,111.11241,3,3
2022-09-01T09:30:00-00:00,2022-09-01T09:45:00-00:00,2022-09-01,03,MELONP_7_UNIT1GNODE,MELONP_7_UNIT1GNODE,MELONP_7_UNIT1GNODE,RTPD,MCE,LMP_ENE_PRC,MELONP_7_UNIT1GNODE,ALL,1,98.16228,3,3
2022-09-01T10:30:00-00:00,2022-09-01T10:45:00-00:00,2022-09-01,04,MELONP_7_UNIT1GNODE,MELONP_7_UNIT1GNODE,MELONP_7_UNIT1GNODE,RTPD,MCE,LMP_ENE_PRC,MELONP_7_UNIT1GNODE,ALL,1,96.36226,3,3
2022-09-01T11:30:00-00:00,2022-09-01T11:45:00-00:00,2022-09-01,05,MELONP_7_UNIT1GNODE,MELONP_7_UNIT1GNODE,MELONP_7_UNIT1GNODE,RTPD,MCE,LMP_ENE_PRC,MELONP_7_UNIT1GNODE,ALL,1,103.06198,3,3
2022-09-01T12:30:00-00:00,2022-09-01T12:45:00-00:00,2022-09-01,06,MELONP_7_UNIT1GNODE,MELONP_7_UNIT1GNODE,MELONP_7_UNIT1GNODE,RTPD,MCE,LMP_ENE_PRC,MELONP_7_UNIT1GNODE,ALL,1,113.57403,3,3
2022-09-01T13:30:00-00:00,2022-09-01T13:45:00-00:00,2022-09-01,07,MELONP_7_UNIT1GNODE,MELONP_7_UNIT1GNODE,MELONP_7_UNIT1GNODE,RTPD,MCE,LMP_ENE_PRC,MELONP_7_UNIT1GNODE,ALL,1,111.52025,3,3
2022-09-01T14:30:00-00:00,2022-09-01T14:45:00-00:00,2022-09-01,08,MELONP_7_UNIT1GNODE,MELONP_7_UNIT1GNODE,MELONP_7_UNIT1GNODE,RTPD,MCE,LMP_ENE_PRC,MELONP_7_UNIT1GNODE,ALL,1,101.83428,3,3
2022-09-01T15:30:00-00:00,2022-09-01T15:45:00-00:00,2022-09-01,09,MELONP_7_UNIT1GNODE,MELONP_7_UNIT1GNODE,MELONP_7_UNIT1GNODE,RTPD,MCE,LMP_ENE_PRC,MELONP_7_UNIT1GNODE,ALL,1,86.1388,3,3
2022-09-01T16:30:00-00:00,2022-09-01T16:45:00-00:00,2022-09-01,10,MELONP_7_UNIT1GNODE,MELONP_7_UNIT1GNODE,MELONP_7_UNIT1GNODE,RTPD,MCE,LMP_ENE_PRC,MELONP_7_UNIT1GNODE,ALL,1,88.79644,3,3
2022-09-01T17:30:00-00:00,2022-09-01T17:45:00-00:00,2022-09-01,11,MELONP_7_UNIT1GNODE,MELONP_7_UNIT1GNODE,MELONP_7_UNIT1GNODE,RTPD,MCE,LMP_ENE_PRC,MELONP_7_UNIT1GNODE,ALL,1,99.13013,3,3
2022-09-01T18:30:00-00:00,2022-09-01T18:45:00-00:00,2022-09-01,12,MELONP_7_UNIT1GNODE,MELONP_7_UNIT1GNODE,MELONP_7_UNIT1GNODE,RTPD,MCE,LMP_ENE_PRC,MELONP_7_UNIT1GNODE,ALL,1,107.05718,3,3
2022-09-01T19:30:00-00:00,2022-09-01T19:45:00-00:00,2022-09-01,13,MELONP_7_UNIT1GNODE,MELONP_7_UNIT1GNODE,MELONP_7_UNIT1GNODE,RTPD,MCE,LMP_ENE_PRC,MELONP_7_UNIT1GNODE,ALL,1,114.05905,3,3
2022-09-01T20:30:00-00:00,2022-09-01T20:45:00-00:00,2022-09-01,14,MELONP_7_UNIT1GNODE,MELONP_7_UNIT1GNODE,MELONP_7_UNIT1GNODE,RTPD,MCE,LMP_ENE_PRC,MELONP_7_UNIT1GNODE,ALL,1,129.81606,3,3
2022-09-01T21:30:00-00:00,2022-09-01T21:45:00-00:00,2022-09-01,15,MELONP_7_UNIT1GNODE,MELONP_7_UNIT1GNODE,MELONP_7_UNIT1GNODE,RTPD,MCE,LMP_ENE_PRC,MELONP_7_UNIT1GNODE,ALL,1,152.93057,3,3
2022-09-01T22:30:00-00:00,2022-09-01T22:45:00-00:00,2022-09-01,16,MELONP_7_UNIT1GNODE,MELONP_7_UNIT1GNODE,MELONP_7_UNIT1GNODE,RTPD,MCE,LMP_ENE_PRC,MELONP_7_UNIT1GNODE,ALL,1,283.18182,3,3
2022-09-01T23:30:00-00:00,2022-09-01T23:45:00-00:00,2022-09-01,17,MELONP_7_UNIT1GNODE,MELONP_7_UNIT1GNODE,MELONP_7_UNIT1GNODE,RTPD,MCE,LMP_ENE_PRC,MELONP_7_UNIT1GNODE,ALL,1,566.48157,3,3
2022-09-02T00:30:00-00:00,2022-09-02T00:45:00-00:00,2022-09-01,18,MELONP_7_UNIT1GNODE,MELONP_7_UNIT1GNODE,MELONP_7_UNIT1GNODE,RTPD,MCE,LMP_ENE_PRC,MELONP_7_UNIT1GNODE,ALL,1,1329.1127,3,3
2022-09-02T01:30:00-00:00,2022-09-02T01:45:00-00:00,2022-09-01,19,MELONP_7_UNIT1GNODE,MELONP_7_UNIT1GNODE,MELONP_7_UNIT1GNODE,RTPD,MCE,LMP_ENE_PRC,MELONP_7_UNIT1GNODE,ALL,1,1999.9956,3,3
2022-09-02T02:30:00-00:00,2022-09-02T02:45:00-00:00,2022-09-01,20,MELONP_7_UNIT1GNODE,MELONP_7_UNIT1GNODE,MELONP_7_UNIT1GNODE,RTPD,MCE,LMP_ENE_PRC,MELONP_7_UNIT1GNODE,ALL,1,1991.671,3,3
2022-09-02T03:30:00-00:00,2022-09-02T03:45:00-00:00,2022-09-01,21,MELONP_7_UNIT1GNODE,MELONP_7_UNIT1GNODE,MELONP_7_UNIT1GNODE,RTPD,MCE,LMP_ENE_PRC,MELONP_7_UNIT1GNODE,ALL,1,186.61823,3,3
2022-09-02T04:30:00-00:00,2022-09-02T04:45:00-00:00,2022-09-01,22,MELONP_7_UNIT1GNODE,MELONP_7_UNIT1GNODE,MELONP_7_UNIT1GNODE,RTPD,MCE,LMP_ENE_PRC,MELONP_7_UNIT1GNODE,ALL,1,180.67824,3,3
2022-09-02T05:30:00-00:00,2022-09-02T05:45:00-00:00,2022-09-01,23,MELONP_7_UNIT1GNODE,MELONP_7_UNIT1GNODE,MELONP_7_UNIT1GNODE,RTPD,MCE,LMP_ENE_PRC,MELONP_7_UNIT1GNODE,ALL,1,131.69917,3,3
2022-09-02T06:30:00-00:00,2022-09-02T06:45:00-00:00,2022-09-01,24,MELONP_7_UNIT1GNODE,MELONP_7_UNIT1GNODE,MELONP_7_UNIT1GNODE,RTPD,MCE,LMP_ENE_PRC,MELONP_7_UNIT1GNODE,ALL,1,128.9871,3,3
2022-09-01T07:45:00-00:00,2022-09-01T08:00:00-00:00,2022-09-01,01,MELONP_7_UNIT1GNODE,MELONP_7_UNIT1GNODE,MELONP_7_UNIT1GNODE,RTPD,MCE,LMP_ENE_PRC,MELONP_7_UNIT1GNODE,ALL,1,109.12099,4,3
2022-09-01T08:45:00-00:00,2022-09-01T09:00:00-00:00,2022-09-01,02,MELONP_7_UNIT1GNODE,MELONP_7_UNIT1GNODE,MELONP_7_UNIT1GNODE,RTPD,MCE,LMP_ENE_PRC,MELONP_7_UNIT1GNODE,ALL,1,98.7357,4,3
2022-09-01T09:45:00-00:00,2022-09-01T10:00:00-00:00,2022-09-01,03,MELONP_7_UNIT1GNODE,MELONP_7_UNIT1GNODE,MELONP_7_UNIT1GNODE,RTPD,MCE,LMP_ENE_PRC,MELONP_7_UNIT1GNODE,ALL,1,97.50475,4,3
2022-09-01T10:45:00-00:00,2022-09-01T11:00:00-00:00,2022-09-01,04,MELONP_7_UNIT1GNODE,MELONP_7_UNIT1GNODE,MELONP_7_UNIT1GNODE,RTPD,MCE,LMP_ENE_PRC,MELONP_7_UNIT1GNODE,ALL,1,94.71966,4,3
2022-09-01T11:45:00-00:00,2022-09-01T12:00:00-00:00,2022-09-01,05,MELONP_7_UNIT1GNODE,MELONP_7_UNIT1GNODE,MELONP_7_UNIT1GNODE,RTPD,MCE,LMP_ENE_PRC,MELONP_7_UNIT1GNODE,ALL,1,107.01,4,3
2022-09-01T12:45:00-00:00,2022-09-01T13:00:00-00:00,2022-09-01,06,MELONP_7_UNIT1GNODE,MELONP_7_UNIT1GNODE,MELONP_7_UNIT1GNODE,RTPD,MCE,LMP_ENE_PRC,MELONP_7_UNIT1GNODE,ALL,1,116.4848,4,3
2022-09-01T13:45:00-00:00,2022-09-01T14:00:00-00:00,2022-09-01,07,MELONP_7_UNIT1GNODE,MELONP_7_UNIT1GNODE,MELONP_7_UNIT1GNODE,RTPD,MCE,LMP_ENE_PRC,MELONP_7_UNIT1GNODE,ALL,1,111.41,4,3
2022-09-01T14:45:00-00:00,2022-09-01T15:00:00-00:00,2022-09-01,08,MELONP_7_UNIT1GNODE,MELONP_7_UNIT1GNODE,MELONP_7_UNIT1GNODE,RTPD,MCE,LMP_ENE_PRC,MELONP_7_UNIT1GNODE,ALL,1,86.1388,4,3
2022-09-01T15:45:00-00:00,2022-09-01T16:00:00-00:00,2022-09-01,09,MELONP_7_UNIT1GNODE,MELONP_7_UNIT1GNODE,MELONP_7_UNIT1GNODE,RTPD,MCE,LMP_ENE_PRC,MELONP_7_UNIT1GNODE,ALL,1,78.70076,4,3
2022-09-01T16:45:00-00:00,2022-09-01T17:00:00-00:00,2022-09-01,10,MELONP_7_UNIT1GNODE,MELONP_7_UNIT1GNODE,MELONP_7_UNIT1GNODE,RTPD,MCE,LMP_ENE_PRC,MELONP_7_UNIT1GNODE,ALL,1,91.24933,4,3
2022-09-01T17:45:00-00:00,2022-09-01T18:00:00-00:00,2022-09-01,11,MELONP_7_UNIT1GNODE,MELONP_7_UNIT1GNODE,MELONP_7_UNIT1GNODE,RTPD,MCE,LMP_ENE_PRC,MELONP_7_UNIT1GNODE,ALL,1,99.20544,4,3
2022-09-01T18:45:00-00:00,2022-09-01T19:00:00-00:00,2022-09-01,12,MELONP_7_UNIT1GNODE,MELONP_7_UNIT1GNODE,MELONP_7_UNIT1GNODE,RTPD,MCE,LMP_ENE_PRC,MELONP_7_UNIT1GNODE,ALL,1,109.04064,4,3
2022-09-01T19:45:00-00:00,2022-09-01T20:00:00-00:00,2022-09-01,13,MELONP_7_UNIT1GNODE,MELONP_7_UNIT1GNODE,MELONP_7_UNIT1GNODE,RTPD,MCE,LMP_ENE_PRC,MELONP_7_UNIT1GNODE,ALL,1,120.22491,4,3
2022-09-01T20:45:00-00:00,2022-09-01T21:00:00-00:00,2022-09-01,14,MELONP_7_UNIT1GNODE,MELONP_7_UNIT1GNODE,MELONP_7_UNIT1GNODE,RTPD,MCE,LMP_ENE_PRC,MELONP_7_UNIT1GNODE,ALL,1,154.02509,4,3
2022-09-01T21:45:00-00:00,2022-09-01T22:00:00-00:00,2022-09-01,15,MELONP_7_UNIT1GNODE,MELONP_7_UNIT1GNODE,MELONP_7_UNIT1GNODE,RTPD,MCE,LMP_ENE_PRC,MELONP_7_UNIT1GNODE,ALL,1,300.29376,4,3
2022-09-01T22:45:00-00:00,2022-09-01T23:00:00-00:00,2022-09-01,16,MELONP_7_UNIT1GNODE,MELONP_7_UNIT1GNODE,MELONP_7_UNIT1GNODE,RTPD,MCE,LMP_ENE_PRC,MELONP_7_UNIT1GNODE,ALL,1,429.9137,4,3
2022-09-01T23:45:00-00:00,2022-09-02T00:00:00-00:00,2022-09-01,17,MELONP_7_UNIT1GNODE,MELONP_7_UNIT1GNODE,MELONP_7_UNIT1GNODE,RTPD,MCE,LMP_ENE_PRC,MELONP_7_UNIT1GNODE,ALL,1,1261.2124,4,3
2022-09-02T00:45:00-00:00,2022-09-02T01:00:00-00:00,2022-09-01,18,MELONP_7_UNIT1GNODE,MELONP_7_UNIT1GNODE,MELONP_7_UNIT1GNODE,RTPD,MCE,LMP_ENE_PRC,MELONP_7_UNIT1GNODE,ALL,1,1519.149,4,3
2022-09-02T01:45:00-00:00,2022-09-02T02:00:00-00:00,2022-09-01,19,MELONP_7_UNIT1GNODE,MELONP_7_UNIT1GNODE,MELONP_7_UNIT1GNODE,RTPD,MCE,LMP_ENE_PRC,MELONP_7_UNIT1GNODE,ALL,1,1991.9337,4,3
2022-09-02T02:45:00-00:00,2022-09-02T03:00:00-00:00,2022-09-01,20,MELONP_7_UNIT1GNODE,MELONP_7_UNIT1GNODE,MELONP_7_UNIT1GNODE,RTPD,MCE,LMP_ENE_PRC,MELONP_7_UNIT1GNODE,ALL,1,1629.6213,4,3
2022-09-02T03:45:00-00:00,2022-09-02T04:00:00-00:00,2022-09-01,21,MELONP_7_UNIT1GNODE,MELONP_7_UNIT1GNODE,MELONP_7_UNIT1GNODE,RTPD,MCE,LMP_ENE_PRC,MELONP_7_UNIT1GNODE,ALL,1,141.13702,4,3
2022-09-02T04:45:00-00:00,2022-09-02T05:00:00-00:00,2022-09-01,22,MELONP_7_UNIT1GNODE,MELONP_7_UNIT1GNODE,MELONP_7_UNIT1GNODE,RTPD,MCE,LMP_ENE_PRC,MELONP_7_UNIT1GNODE,ALL,1,126.76372,4,3
2022-09-02T05:45:00-00:00,2022-09-02T06:00:00-00:00,2022-09-01,23,MELONP_7_UNIT1GNODE,MELONP_7_UNIT1GNODE,MELONP_7_UNIT1GNODE,RTPD,MCE,LMP_ENE_PRC,MELONP_7_UNIT1GNODE,ALL,1,119.00958,4,3
2022-09-02T06:45:00-00:00,2022-09-02T07:00:00-00:00,2022-09-01,24,MELONP_7_UNIT1GNODE,MELONP_7_UNIT1GNODE,MELONP_7_UNIT1GNODE,RTPD,MCE,LMP_ENE_PRC,MELONP_7_UNIT1GNODE,ALL,1,109.20324,4,3
2022-09-01T07:00:00-00:00,2022-09-01T07:15:00-00:00,2022-09-01,01,MELONP_7_UNIT1GNODE,MELONP_7_UNIT1GNODE,MELONP_7_UNIT1GNODE,RTPD,MCL,LMP_LOSS_PRC,MELONP_7_UNIT1GNODE,ALL,1,8.45353,1,4
2022-09-01T08:00:00-00:00,2022-09-01T08:15:00-00:00,2022-09-01,02,MELONP_7_UNIT1GNODE,MELONP_7_UNIT1GNODE,MELONP_7_UNIT1GNODE,RTPD,MCL,LMP_LOSS_PRC,MELONP_7_UNIT1GNODE,ALL,1,0,1,4
2022-09-01T09:00:00-00:00,2022-09-01T09:15:00-00:00,2022-09-01,03,MELONP_7_UNIT1GNODE,MELONP_7_UNIT1GNODE,MELONP_7_UNIT1GNODE,RTPD,MCL,LMP_LOSS_PRC,MELONP_7_UNIT1GNODE,ALL,1,10.3023,1,4
2022-09-01T10:00:00-00:00,2022-09-01T10:15:00-00:00,2022-09-01,04,MELONP_7_UNIT1GNODE,MELONP_7_UNIT1GNODE,MELONP_7_UNIT1GNODE,RTPD,MCL,LMP_LOSS_PRC,MELONP_7_UNIT1GNODE,ALL,1,9.63746,1,4
2022-09-01T11:00:00-00:00,2022-09-01T11:15:00-00:00,2022-09-01,05,MELONP_7_UNIT1GNODE,MELONP_7_UNIT1GNODE,MELONP_7_UNIT1GNODE,RTPD,MCL,LMP_LOSS_PRC,MELONP_7_UNIT1GNODE,ALL,1,10.92368,1,4
2022-09-01T12:00:00-00:00,2022-09-01T12:15:00-00:00,2022-09-01,06,MELONP_7_UNIT1GNODE,MELONP_7_UNIT1GNODE,MELONP_7_UNIT1GNODE,RTPD,MCL,LMP_LOSS_PRC,MELONP_7_UNIT1GNODE,ALL,1,10.01077,1,4
2022-09-01T13:00:00-00:00,2022-09-01T13:15:00-00:00,2022-09-01,07,MELONP_7_UNIT1GNODE,MELONP_7_UNIT1GNODE,MELONP_7_UNIT1GNODE,RTPD,MCL,LMP_LOSS_PRC,MELONP_7_UNIT1GNODE,ALL,1,0,1,4
2022-09-01T14:00:00-00:00,2022-09-01T14:15:00-00:00,2022-09-01,08,MELONP_7_UNIT1GNODE,MELONP_7_UNIT1GNODE,MELONP_7_UNIT1GNODE,RTPD,MCL,LMP_LOSS_PRC,MELONP_7_UNIT1GNODE,ALL,1,9.08888,1,4
2022-09-01T15:00:00-00:00,2022-09-01T15:15:00-00:00,2022-09-01,09,MELONP_7_UNIT1GNODE,MELONP_7_UNIT1GNODE,MELONP_7_UNIT1GNODE,RTPD,MCL,LMP_LOSS_PRC,MELONP_7_UNIT1GNODE,ALL,1,0,1,4
2022-09-01T16:00:00-00:00,2022-09-01T16:15:00-00:00,2022-09-01,10,MELONP_7_UNIT1GNODE,MELONP_7_UNIT1GNODE,MELONP_7_UNIT1GNODE,RTPD,MCL,LMP_LOSS_PRC,MELONP_7_UNIT1GNODE,ALL,1,0,1,4
2022-09-01T17:00:00-00:00,2022-09-01T17:15:00-00:00,2022-09-01,11,MELONP_7_UNIT1GNODE,MELONP_7_UNIT1GNODE,MELONP_7_UNIT1GNODE,RTPD,MCL,LMP_LOSS_PRC,MELONP_7_UNIT1GNODE,ALL,1,0,1,4
2022-09-01T18:00:00-00:00,2022-09-01T18:15:00-00:00,2022-09-01,12,MELONP_7_UNIT1GNODE,MELONP_7_UNIT1GNODE,MELONP_7_UNIT1GNODE,RTPD,MCL,LMP_LOSS_PRC,MELONP_7_UNIT1GNODE,ALL,1,0,1,4
2022-09-01T19:00:00-00:00,2022-09-01T19:15:00-00:00,2022-09-01,13,MELONP_7_UNIT1GNODE,MELONP_7_UNIT1GNODE,MELONP_7_UNIT1GNODE,RTPD,MCL,LMP_LOSS_PRC,MELONP_7_UNIT1GNODE,ALL,1,0,1,4
2022-09-01T20:00:00-00:00,2022-09-01T20:15:00-00:00,2022-09-01,14,MELONP_7_UNIT1GNODE,MELONP_7_UNIT1GNODE,MELONP_7_UNIT1GNODE,RTPD,MCL,LMP_LOSS_PRC,MELONP_7_UNIT1GNODE,ALL,1,0,1,4
2022-09-01T21:00:00-00:00,2022-09-01T21:15:00-00:00,2022-09-01,15,MELONP_7_UNIT1GNODE,MELONP_7_UNIT1GNODE,MELONP_7_UNIT1GNODE,RTPD,MCL,LMP_LOSS_PRC,MELONP_7_UNIT1GNODE,ALL,1,0,1,4
2022-09-01T22:00:00-00:00,2022-09-01T22:15:00-00:00,2022-09-01,16,MELONP_7_UNIT1GNODE,MELONP_7_UNIT1GNODE,MELONP_7_UNIT1GNODE,RTPD,MCL,LMP_LOSS_PRC,MELONP_7_UNIT1GNODE,ALL,1,0,1,4
2022-09-01T23:00:00-00:00,2022-09-01T23:15:00-00:00,2022-09-01,17,MELONP_7_UNIT1GNODE,MELONP_7_UNIT1GNODE,MELONP_7_UNIT1GNODE,RTPD,MCL,LMP_LOSS_PRC,MELONP_7_UNIT1GNODE,ALL,1,0,1,4
2022-09-02T00:00:00-00:00,2022-09-02T00:15:00-00:00,2022-09-01,18,MELONP_7_UNIT1GNODE,MELONP_7_UNIT1GNODE,MELONP_7_UNIT1GNODE,RTPD,MCL,LMP_LOSS_PRC,MELONP_7_UNIT1GNODE,ALL,1,39.29959,1,4
2022-09-02T01:00:00-00:00,2022-09-02T01:15:00-00:00,2022-09-01,19,MELONP_7_UNIT1GNODE,MELONP_7_UNIT1GNODE,MELONP_7_UNIT1GNODE,RTPD,MCL,LMP_LOSS_PRC,MELONP_7_UNIT1GNODE,ALL,1,0,1,4
2022-09-02T02:00:00-00:00,2022-09-02T02:15:00-00:00,2022-09-01,20,MELONP_7_UNIT1GNODE,MELONP_7_UNIT1GNODE,MELONP_7_UNIT1GNODE,RTPD,MCL,LMP_LOSS_PRC,MELONP_7_UNIT1GNODE,ALL,1,0,1,4
2022-09-02T03:00:00-00:00,2022-09-02T03:15:00-00:00,2022-09-01,21,MELONP_7_UNIT1GNODE,MELONP_7_UNIT1GNODE,MELONP_7_UNIT1GNODE,RTPD,MCL,LMP_LOSS_PRC,MELONP_7_UNIT1GNODE,ALL,1,86.70843,1,4
2022-09-02T04:00:00-00:00,2022-09-02T04:15:00-00:00,2022-09-01,22,MELONP_7_UNIT1GNODE,MELONP_7_UNIT1GNODE,MELONP_7_UNIT1GNODE,RTPD,MCL,LMP_LOSS_PRC,MELONP_7_UNIT1GNODE,ALL,1,52.02986,1,4
2022-09-02T05:00:00-00:00,2022-09-02T05:15:00-00:00,2022-09-01,23,MELONP_7_UNIT1GNODE,MELONP_7_UNIT1GNODE,MELONP_7_UNIT1GNODE,RTPD,MCL,LMP_LOSS_PRC,MELONP_7_UNIT1GNODE,ALL,1,24.4086,1,4
2022-09-02T06:00:00-00:00,2022-09-02T06:15:00-00:00,2022-09-01,24,MELONP_7_UNIT1GNODE,MELONP_7_UNIT1GNODE,MELONP_7_UNIT1GNODE,RTPD,MCL,LMP_LOSS_PRC,MELONP_7_UNIT1GNODE,ALL,1,17.22131,1,4
2022-09-01T07:15:00-00:00,2022-09-01T07:30:00-00:00,2022-09-01,01,MELONP_7_UNIT1GNODE,MELONP_7_UNIT1GNODE,MELONP_7_UNIT1GNODE,RTPD,MCL,LMP_LOSS_PRC,MELONP_7_UNIT1GNODE,ALL,1,0,2,4
2022-09-01T08:15:00-00:00,2022-09-01T08:30:00-00:00,2022-09-01,02,MELONP_7_UNIT1GNODE,MELONP_7_UNIT1GNODE,MELONP_7_UNIT1GNODE,RTPD,MCL,LMP_LOSS_PRC,MELONP_7_UNIT1GNODE,ALL,1,0,2,4
2022-09-01T09:15:00-00:00,2022-09-01T09:30:00-00:00,2022-09-01,03,MELONP_7_UNIT1GNODE,MELONP_7_UNIT1GNODE,MELONP_7_UNIT1GNODE,RTPD,MCL,LMP_LOSS_PRC,MELONP_7_UNIT1GNODE,ALL,1,9.86015,2,4
2022-09-01T10:15:00-00:00,2022-09-01T10:30:00-00:00,2022-09-01,04,MELONP_7_UNIT1GNODE,MELONP_7_UNIT1GNODE,MELONP_7_UNIT1GNODE,RTPD,MCL,LMP_LOSS_PRC,MELONP_7_UNIT1GNODE,ALL,1,9.6523,2,4
2022-09-01T11:15:00-00:00,2022-09-01T11:30:00-00:00,2022-09-01,05,MELONP_7_UNIT1GNODE,MELONP_7_UNIT1GNODE,MELONP_7_UNIT1GNODE,RTPD,MCL,LMP_LOSS_PRC,MELONP_7_UNIT1GNODE,ALL,1,10.91742,2,4
2022-09-01T12:15:00-00:00,2022-09-01T12:30:00-00:00,2022-09-01,06,MELONP_7_UNIT1GNODE,MELONP_7_UNIT1GNODE,MELONP_7_UNIT1GNODE,RTPD,MCL,LMP_LOSS_PRC,MELONP_7_UNIT1GNODE,ALL,1,12.03649,2,4
2022-09-01T13:15:00-00:00,2022-09-01T13:30:00-00:00,2022-09-01,07,MELONP_7_UNIT1GNODE,MELONP_7_UNIT1GNODE,MELONP_7_UNIT1GNODE,RTPD,MCL,LMP_LOSS_PRC,MELONP_7_UNIT1GNODE,ALL,1,8.75609,2,4
2022-09-01T14:15:00-00:00,2022-09-01T14:30:00-00:00,2022-09-01,08,MELONP_7_UNIT1GNODE,MELONP_7_UNIT1GNODE,MELONP_7_UNIT1GNODE,RTPD,MCL,LMP_LOSS_PRC,MELONP_7_UNIT1GNODE,ALL,1,7.54461,2,4
2022-09-01T15:15:00-00:00,2022-09-01T15:30:00-00:00,2022-09-01,09,MELONP_7_UNIT1GNODE,MELONP_7_UNIT1GNODE,MELONP_7_UNIT1GNODE,RTPD,MCL,LMP_LOSS_PRC,MELONP_7_UNIT1GNODE,ALL,1,0,2,4
2022-09-01T16:15:00-00:00,2022-09-01T16:30:00-00:00,2022-09-01,10,MELONP_7_UNIT1GNODE,MELONP_7_UNIT1GNODE,MELONP_7_UNIT1GNODE,RTPD,MCL,LMP_LOSS_PRC,MELONP_7_UNIT1GNODE,ALL,1,0,2,4
2022-09-01T17:15:00-00:00,2022-09-01T17:30:00-00:00,2022-09-01,11,MELONP_7_UNIT1GNODE,MELONP_7_UNIT1GNODE,MELONP_7_UNIT1GNODE,RTPD,MCL,LMP_LOSS_PRC,MELONP_7_UNIT1GNODE,ALL,1,0,2,4
2022-09-01T18:15:00-00:00,2022-09-01T18:30:00-00:00,2022-09-01,12,MELONP_7_UNIT1GNODE,MELONP_7_UNIT1GNODE,MELONP_7_UNIT1GNODE,RTPD,MCL,LMP_LOSS_PRC,MELONP_7_UNIT1GNODE,ALL,1,0,2,4
2022-09-01T19:15:00-00:00,2022-09-01T19:30:00-00:00,2022-09-01,13,MELONP_7_UNIT1GNODE,MELONP_7_UNIT1GNODE,MELONP_7_UNIT1GNODE,RTPD,MCL,LMP_LOSS_PRC,MELONP_7_UNIT1GNODE,ALL,1,0,2,4
2022-09-01T20:15:00-00:00,2022-09-01T20:30:00-00:00,2022-09-01,14,MELONP_7_UNIT1GNODE,MELONP_7_UNIT1GNODE,MELONP_7_UNIT1GNODE,RTPD,MCL,LMP_LOSS_PRC,MELONP_7_UNIT1GNODE,ALL,1,0,2,4
2022-09-01T21:15:00-00:00,2022-09-01T21:30:00-00:00,2022-09-01,15,MELONP_7_UNIT1GNODE,MELONP_7_UNIT1GNODE,MELONP_7_UNIT1GNODE,RTPD,MCL,LMP_LOSS_PRC,MELONP_7_UNIT1GNODE,ALL,1,0,2,4
2022-09-01T22:15:00-00:00,2022-09-01T22:30:00-00:00,2022-09-01,16,MELONP_7_UNIT1GNODE,MELONP_7_UNIT1GNODE,MELONP_7_UNIT1GNODE,RTPD,MCL,LMP_LOSS_PRC,MELONP_7_UNIT1GNODE,ALL,1,0,2,4
2022-09-01T23:15:00-00:00,2022-09-01T23:30:00-00:00,2022-09-01,17,MELONP_7_UNIT1GNODE,MELONP_7_UNIT1GNODE,MELONP_7_UNIT1GNODE,RTPD,MCL,LMP_LOSS_PRC,MELONP_7_UNIT1GNODE,ALL,1,0,2,4
2022-09-02T00:15:00-00:00,2022-09-02T00:30:00-00:00,2022-09-01,18,MELONP_7_UNIT1GNODE,MELONP_7_UNIT1GNODE,MELONP_7_UNIT1GNODE,RTPD,MCL,LMP_LOSS_PRC,MELONP_7_UNIT1GNODE,ALL,1,36.21977,2,4
2022-09-02T01:15:00-00:00,2022-09-02T01:30:00-00:00,2022-09-01,19,MELONP_7_UNIT1GNODE,MELONP_7_UNIT1GNODE,MELONP_7_UNIT1GNODE,RTPD,MCL,LMP_LOSS_PRC,MELONP_7_UNIT1GNODE,ALL,1,0,2,4
2022-09-02T02:15:00-00:00,2022-09-02T02:30:00-00:00,2022-09-01,20,MELONP_7_UNIT1GNODE,MELONP_7_UNIT1GNODE,MELONP_7_UNIT1GNODE,RTPD,MCL,LMP_LOSS_PRC,MELONP_7_UNIT1GNODE,ALL,1,0,2,4
2022-09-02T03:15:00-00:00,2022-09-02T03:30:00-00:00,2022-09-01,21,MELONP_7_UNIT1GNODE,MELONP_7_UNIT1GNODE,MELONP_7_UNIT1GNODE,RTPD,MCL,LMP_LOSS_PRC,MELONP_7_UNIT1GNODE,ALL,1,40.21298,2,4
2022-09-02T04:15:00-00:00,2022-09-02T04:30:00-00:00,2022-09-01,22,MELONP_7_UNIT1GNODE,MELONP_7_UNIT1GNODE,MELONP_7_UNIT1GNODE,RTPD,MCL,LMP_LOSS_PRC,MELONP_7_UNIT1GNODE,ALL,1,44.11827,2,4
2022-09-02T05:15:00-00:00,2022-09-02T05:30:00-00:00,2022-09-01,23,MELONP_7_UNIT1GNODE,MELONP_7_UNIT1GNODE,MELONP_7_UNIT1GNODE,RTPD,MCL,LMP_LOSS_PRC,MELONP_7_UNIT1GNODE,ALL,1,22.86111,2,4
2022-09-02T06:15:00-00:00,2022-09-02T06:30:00-00:00,2022-09-01,24,MELONP_7_UNIT1GNODE,MELONP_7_UNIT1GNODE,MELONP_7_UNIT1GNODE,RTPD,MCL,LMP_LOSS_PRC,MELONP_7_UNIT1GNODE,ALL,1,15.02568,2,4
2022-09-01T07:30:00-00:00,2022-09-01T07:45:00-00:00,2022-09-01,01,MELONP_7_UNIT1GNODE,MELONP_7_UNIT1GNODE,MELONP_7_UNIT1GNODE,RTPD,MCL,LMP_LOSS_PRC,MELONP_7_UNIT1GNODE,ALL,1,0,3,4
2022-09-01T08:30:00-00:00,2022-09-01T08:45:00-00:00,2022-09-01,02,MELONP_7_UNIT1GNODE,MELONP_7_UNIT1GNODE,MELONP_7_UNIT1GNODE,RTPD,MCL,LMP_LOSS_PRC,MELONP_7_UNIT1GNODE,ALL,1,11.0558,3,4
2022-09-01T09:30:00-00:00,2022-09-01T09:45:00-00:00,2022-09-01,03,MELONP_7_UNIT1GNODE,MELONP_7_UNIT1GNODE,MELONP_7_UNIT1GNODE,RTPD,MCL,LMP_LOSS_PRC,MELONP_7_UNIT1GNODE,ALL,1,9.65929,3,4
2022-09-01T10:30:00-00:00,2022-09-01T10:45:00-00:00,2022-09-01,04,MELONP_7_UNIT1GNODE,MELONP_7_UNIT1GNODE,MELONP_7_UNIT1GNODE,RTPD,MCL,LMP_LOSS_PRC,MELONP_7_UNIT1GNODE,ALL,1,9.42435,3,4
2022-09-01T11:30:00-00:00,2022-09-01T11:45:00-00:00,2022-09-01,05,MELONP_7_UNIT1GNODE,MELONP_7_UNIT1GNODE,MELONP_7_UNIT1GNODE,RTPD,MCL,LMP_LOSS_PRC,MELONP_7_UNIT1GNODE,ALL,1,11.07929,3,4
2022-09-01T12:30:00-00:00,2022-09-01T12:45:00-00:00,2022-09-01,06,MELONP_7_UNIT1GNODE,MELONP_7_UNIT1GNODE,MELONP_7_UNIT1GNODE,RTPD,MCL,LMP_LOSS_PRC,MELONP_7_UNIT1GNODE,ALL,1,11.60739,3,4
2022-09-01T13:30:00-00:00,2022-09-01T13:45:00-00:00,2022-09-01,07,MELONP_7_UNIT1GNODE,MELONP_7_UNIT1GNODE,MELONP_7_UNIT1GNODE,RTPD,MCL,LMP_LOSS_PRC,MELONP_7_UNIT1GNODE,ALL,1,9.15571,3,4
2022-09-01T14:30:00-00:00,2022-09-01T14:45:00-00:00,2022-09-01,08,MELONP_7_UNIT1GNODE,MELONP_7_UNIT1GNODE,MELONP_7_UNIT1GNODE,RTPD,MCL,LMP_LOSS_PRC,MELONP_7_UNIT1GNODE,ALL,1,6.82282,3,4
2022-09-01T15:30:00-00:00,2022-09-01T15:45:00-00:00,2022-09-01,09,MELONP_7_UNIT1GNODE,MELONP_7_UNIT1GNODE,MELONP_7_UNIT1GNODE,RTPD,MCL,LMP_LOSS_PRC,MELONP_7_UNIT1GNODE,ALL,1,0,3,4
2022-09-01T16:30:00-00:00,2022-09-01T16:45:00-00:00,2022-09-01,10,MELONP_7_UNIT1GNODE,MELONP_7_UNIT1GNODE,MELONP_7_UNIT1GNODE,RTPD,MCL,LMP_LOSS_PRC,MELONP_7_UNIT1GNODE,ALL,1,0,3,4
2022-09-01T17:30:00-00:00,2022-09-01T17:45:00-00:00,2022-09-01,11,MELONP_7_UNIT1GNODE,MELONP_7_UNIT1GNODE,MELONP_7_UNIT1GNODE,RTPD,MCL,LMP_LOSS_PRC,MELONP_7_UNIT1GNODE,ALL,1,0,3,4
2022-09-01T18:30:00-00:00,2022-09-01T18:45:00-00:00,2022-09-01,12,MELONP_7_UNIT1GNODE,MELONP_7_UNIT1GNODE,MELONP_7_UNIT1GNODE,RTPD,MCL,LMP_LOSS_PRC,MELONP_7_UNIT1GNODE,ALL,1,0,3,4
2022-09-01T19:30:00-00:00,2022-09-01T19:45:00-00:00,2022-09-01,13,MELONP_7_UNIT1GNODE,MELONP_7_UNIT1GNODE,MELONP_7_UNIT1GNODE,RTPD,MCL,LMP_LOSS_PRC,MELONP_7_UNIT1GNODE,ALL,1,0,3,4
2022-09-01T20:30:00-00:00,2022-09-01T20:45:00-00:00,2022-09-01,14,MELONP_7_UNIT1GNODE,MELONP_7_UNIT1GNODE,MELONP_7_UNIT1GNODE,RTPD,MCL,LMP_LOSS_PRC,MELONP_7_UNIT1GNODE,ALL,1,0,3,4
2022-09-01T21:30:00-00:00,2022-09-01T21:45:00-00:00,2022-09-01,15,MELONP_7_UNIT1GNODE,MELONP_7_UNIT1GNODE,MELONP_7_UNIT1GNODE,RTPD,MCL,LMP_LOSS_PRC,MELONP_7_UNIT1GNODE,ALL,1,0,3,4
2022-09-01T22:30:00-00:00,2022-09-01T22:45:00-00:00,2022-09-01,16,MELONP_7_UNIT1GNODE,MELONP_7_UNIT1GNODE,MELONP_7_UNIT1GNODE,RTPD,MCL,LMP_LOSS_PRC,MELONP_7_UNIT1GNODE,ALL,1,0,3,4
2022-09-01T23:30:00-00:00,2022-09-01T23:45:00-00:00,2022-09-01,17,MELONP_7_UNIT1GNODE,MELONP_7_UNIT1GNODE,MELONP_7_UNIT1GNODE,RTPD,MCL,LMP_LOSS_PRC,MELONP_7_UNIT1GNODE,ALL,1,0,3,4
2022-09-02T00:30:00-00:00,2022-09-02T00:45:00-00:00,2022-09-01,18,MELONP_7_UNIT1GNODE,MELONP_7_UNIT1GNODE,MELONP_7_UNIT1GNODE,RTPD,MCL,LMP_LOSS_PRC,MELONP_7_UNIT1GNODE,ALL,1,0,3,4
2022-09-02T01:30:00-00:00,2022-09-02T01:45:00-00:00,2022-09-01,19,MELONP_7_UNIT1GNODE,MELONP_7_UNIT1GNODE,MELONP_7_UNIT1GNODE,RTPD,MCL,LMP_LOSS_PRC,MELONP_7_UNIT1GNODE,ALL,1,0,3,4
2022-09-02T02:30:00-00:00,2022-09-02T02:45:00-00:00,2022-09-01,20,MELONP_7_UNIT1GNODE,MELONP_7_UNIT1GNODE,MELONP_7_UNIT1GNODE,RTPD,MCL,LMP_LOSS_PRC,MELONP_7_UNIT1GNODE,ALL,1,0,3,4
2022-09-02T03:30:00-00:00,2022-09-02T03:45:00-00:00,2022-09-01,21,MELONP_7_UNIT1GNODE,MELONP_7_UNIT1GNODE,MELONP_7_UNIT1GNODE,RTPD,MCL,LMP_LOSS_PRC,MELONP_7_UNIT1GNODE,ALL,1,18.08319,3,4
2022-09-02T04:30:00-00:00,2022-09-02T04:45:00-00:00,2022-09-01,22,MELONP_7_UNIT1GNODE,MELONP_7_UNIT1GNODE,MELONP_7_UNIT1GNODE,RTPD,MCL,LMP_LOSS_PRC,MELONP_7_UNIT1GNODE,ALL,1,31.54621,3,4
2022-09-02T05:30:00-00:00,2022-09-02T05:45:00-00:00,2022-09-01,23,MELONP_7_UNIT1GNODE,MELONP_7_UNIT1GNODE,MELONP_7_UNIT1GNODE,RTPD,MCL,LMP_LOSS_PRC,MELONP_7_UNIT1GNODE,ALL,1,19.14923,3,4
2022-09-02T06:30:00-00:00,2022-09-02T06:45:00-00:00,2022-09-01,24,MELONP_7_UNIT1GNODE,MELONP_7_UNIT1GNODE,MELONP_7_UNIT1GNODE,RTPD,MCL,LMP_LOSS_PRC,MELONP_7_UNIT1GNODE,ALL,1,14.05973,3,4
2022-09-01T07:45:00-00:00,2022-09-01T08:00:00-00:00,2022-09-01,01,MELONP_7_UNIT1GNODE,MELONP_7_UNIT1GNODE,MELONP_7_UNIT1GNODE,RTPD,MCL,LMP_LOSS_PRC,MELONP_7_UNIT1GNODE,ALL,1,0,4,4
2022-09-01T08:45:00-00:00,2022-09-01T09:00:00-00:00,2022-09-01,02,MELONP_7_UNIT1GNODE,MELONP_7_UNIT1GNODE,MELONP_7_UNIT1GNODE,RTPD,MCL,LMP_LOSS_PRC,MELONP_7_UNIT1GNODE,ALL,1,9.11342,4,4
2022-09-01T09:45:00-00:00,2022-09-01T10:00:00-00:00,2022-09-01,03,MELONP_7_UNIT1GNODE,MELONP_7_UNIT1GNODE,MELONP_7_UNIT1GNODE,RTPD,MCL,LMP_LOSS_PRC,MELONP_7_UNIT1GNODE,ALL,1,9.19481,4,4
2022-09-01T10:45:00-00:00,2022-09-01T11:00:00-00:00,2022-09-01,04,MELONP_7_UNIT1GNODE,MELONP_7_UNIT1GNODE,MELONP_7_UNIT1GNODE,RTPD,MCL,LMP_LOSS_PRC,MELONP_7_UNIT1GNODE,ALL,1,8.89429,4,4
2022-09-01T11:45:00-00:00,2022-09-01T12:00:00-00:00,2022-09-01,05,MELONP_7_UNIT1GNODE,MELONP_7_UNIT1GNODE,MELONP_7_UNIT1GNODE,RTPD,MCL,LMP_LOSS_PRC,MELONP_7_UNIT1GNODE,ALL,1,0,4,4
2022-09-01T12:45:00-00:00,2022-09-01T13:00:00-00:00,2022-09-01,06,MELONP_7_UNIT1GNODE,MELONP_7_UNIT1GNODE,MELONP_7_UNIT1GNODE,RTPD,MCL,LMP_LOSS_PRC,MELONP_7_UNIT1GNODE,ALL,1,0,4,4
2022-09-01T13:45:00-00:00,2022-09-01T14:00:00-00:00,2022-09-01,07,MELONP_7_UNIT1GNODE,MELONP_7_UNIT1GNODE,MELONP_7_UNIT1GNODE,RTPD,MCL,LMP_LOSS_PRC,MELONP_7_UNIT1GNODE,ALL,1,0,4,4
2022-09-01T14:45:00-00:00,2022-09-01T15:00:00-00:00,2022-09-01,08,MELONP_7_UNIT1GNODE,MELONP_7_UNIT1GNODE,MELONP_7_UNIT1GNODE,RTPD,MCL,LMP_LOSS_PRC,MELONP_7_UNIT1GNODE,ALL,1,0,4,4
2022-09-01T15:45:00-00:00,2022-09-01T16:00:00-00:00,2022-09-01,09,MELONP_7_UNIT1GNODE,MELONP_7_UNIT1GNODE,MELONP_7_UNIT1GNODE,RTPD,MCL,LMP_LOSS_PRC,MELONP_7_UNIT1GNODE,ALL,1,0,4,4
2022-09-01T16:45:00-00:00,2022-09-01T17:00:00-00:00,2022-09-01,10,MELONP_7_UNIT1GNODE,MELONP_7_UNIT1GNODE,MELONP_7_UNIT1GNODE,RTPD,MCL,LMP_LOSS_PRC,MELONP_7_UNIT1GNODE,ALL,1,0,4,4
2022-09-01T17:45:00-00:00,2022-09-01T18:00:00-00:00,2022-09-01,11,MELONP_7_UNIT1GNODE,MELONP_7_UNIT1GNODE,MELONP_7_UNIT1GNODE,RTPD,MCL,LMP_LOSS_PRC,MELONP_7_UNIT1GNODE,ALL,1,0,4,4
2022-09-01T18:45:00-00:00,2022-09-01T19:00:00-00:00,2022-09-01,12,MELONP_7_UNIT1GNODE,MELONP_7_UNIT1GNODE,MELONP_7_UNIT1GNODE,RTPD,MCL,LMP_LOSS_PRC,MELONP_7_UNIT1GNODE,ALL,1,0,4,4
2022-09-01T19:45:00-00:00,2022-09-01T20:00:00-00:00,2022-09-01,13,MELONP_7_UNIT1GNODE,MELONP_7_UNIT1GNODE,MELONP_7_UNIT1GNODE,RTPD,MCL,LMP_LOSS_PRC,MELONP_7_UNIT1GNODE,ALL,1,0,4,4
2022-09-01T20:45:00-00:00,2022-09-01T21:00:00-00:00,2022-09-01,14,MELONP_7_UNIT1GNODE,MELONP_7_UNIT1GNODE,MELONP_7_UNIT1GNODE,RTPD,MCL,LMP_LOSS_PRC,MELONP_7_UNIT1GNODE,ALL,1,0,4,4
2022-09-01T21:45:00-00:00,2022-09-01T22:00:00-00:00,2022-09-01,15,MELONP_7_UNIT1GNODE,MELONP_7_UNIT1GNODE,MELONP_7_UNIT1GNODE,RTPD,MCL,LMP_LOSS_PRC,MELONP_7_UNIT1GNODE,ALL,1,0,4,4
2022-09-01T22:45:00-00:00,2022-09-01T23:00:00-00:00,2022-09-01,16,MELONP_7_UNIT1GNODE,MELONP_7_UNIT1GNODE,MELONP_7_UNIT1GNODE,RTPD,MCL,LMP_LOSS_PRC,MELONP_7_UNIT1GNODE,ALL,1,0,4,4
2022-09-01T23:45:00-00:00,2022-09-02T00:00:00-00:00,2022-09-01,17,MELONP_7_UNIT1GNODE,MELONP_7_UNIT1GNODE,MELONP_7_UNIT1GNODE,RTPD,MCL,LMP_LOSS_PRC,MELONP_7_UNIT1GNODE,ALL,1,0,4,4
2022-09-02T00:45:00-00:00,2022-09-02T01:00:00-00:00,2022-09-01,18,MELONP_7_UNIT1GNODE,MELONP_7_UNIT1GNODE,MELONP_7_UNIT1GNODE,RTPD,MCL,LMP_LOSS_PRC,MELONP_7_UNIT1GNODE,ALL,1,0,4,4
2022-09-02T01:45:00-00:00,2022-09-02T02:00:00-00:00,2022-09-01,19,MELONP_7_UNIT1GNODE,MELONP_7_UNIT1GNODE,MELONP_7_UNIT1GNODE,RTPD,MCL,LMP_LOSS_PRC,MELONP_7_UNIT1GNODE,ALL,1,0,4,4
2022-09-02T02:45:00-00:00,2022-09-02T03:00:00-00:00,2022-09-01,20,MELONP_7_UNIT1GNODE,MELONP_7_UNIT1GNODE,MELONP_7_UNIT1GNODE,RTPD,MCL,LMP_LOSS_PRC,MELONP_7_UNIT1GNODE,ALL,1,111.30306,4,4
2022-09-02T03:45:00-00:00,2022-09-02T04:00:00-00:00,2022-09-01,21,MELONP_7_UNIT1GNODE,MELONP_7_UNIT1GNODE,MELONP_7_UNIT1GNODE,RTPD,MCL,LMP_LOSS_PRC,MELONP_7_UNIT1GNODE,ALL,1,11.98243,4,4
2022-09-02T04:45:00-00:00,2022-09-02T05:00:00-00:00,2022-09-01,22,MELONP_7_UNIT1GNODE,MELONP_7_UNIT1GNODE,MELONP_7_UNIT1GNODE,RTPD,MCL,LMP_LOSS_PRC,MELONP_7_UNIT1GNODE,ALL,1,24.60507,4,4
2022-09-02T05:45:00-00:00,2022-09-02T06:00:00-00:00,2022-09-01,23,MELONP_7_UNIT1GNODE,MELONP_7_UNIT1GNODE,MELONP_7_UNIT1GNODE,RTPD,MCL,LMP_LOSS_PRC,MELONP_7_UNIT1GNODE,ALL,1,14.59072,4,4
2022-09-02T06:45:00-00:00,2022-09-02T07:00:00-00:00,2022-09-01,24,MELONP_7_UNIT1GNODE,MELONP_7_UNIT1GNODE,MELONP_7_UNIT1GNODE,RTPD,MCL,LMP_LOSS_PRC,MELONP_7_UNIT1GNODE,ALL,1,11.7504,4,4
2022-09-01T07:00:00-00:00,2022-09-01T07:15:00-00:00,2022-09-01,01,MELONP_7_UNIT1GNODE,MELONP_7_UNIT1GNODE,MELONP_7_UNIT1GNODE,RTPD,MGHG,LMP_GHG_PRC,MELONP_7_UNIT1GNODE,ALL,1,0,1,5
2022-09-01T08:00:00-00:00,2022-09-01T08:15:00-00:00,2022-09-01,02,MELONP_7_UNIT1GNODE,MELONP_7_UNIT1GNODE,MELONP_7_UNIT1GNODE,RTPD,MGHG,LMP_GHG_PRC,MELONP_7_UNIT1GNODE,ALL,1,0,1,5
2022-09-01T09:00:00-00:00,2022-09-01T09:15:00-00:00,2022-09-01,03,MELONP_7_UNIT1GNODE,MELONP_7_UNIT1GNODE,MELONP_7_UNIT1GNODE,RTPD,MGHG,LMP_GHG_PRC,MELONP_7_UNIT1GNODE,ALL,1,0,1,5
2022-09-01T10:00:00-00:00,2022-09-01T10:15:00-00:00,2022-09-01,04,MELONP_7_UNIT1GNODE,MELONP_7_UNIT1GNODE,MELONP_7_UNIT1GNODE,RTPD,MGHG,LMP_GHG_PRC,MELONP_7_UNIT1GNODE,ALL,1,0,1,5
2022-09-01T11:00:00-00:00,2022-09-01T11:15:00-00:00,2022-09-01,05,MELONP_7_UNIT1GNODE,MELONP_7_UNIT1GNODE,MELONP_7_UNIT1GNODE,RTPD,MGHG,LMP_GHG_PRC,MELONP_7_UNIT1GNODE,ALL,1,0,1,5
2022-09-01T12:00:00-00:00,2022-09-01T12:15:00-00:00,2022-09-01,06,MELONP_7_UNIT1GNODE,MELONP_7_UNIT1GNODE,MELONP_7_UNIT1GNODE,RTPD,MGHG,LMP_GHG_PRC,MELONP_7_UNIT1GNODE,ALL,1,0,1,5
2022-09-01T13:00:00-00:00,2022-09-01T13:15:00-00:00,2022-09-01,07,MELONP_7_UNIT1GNODE,MELONP_7_UNIT1GNODE,MELONP_7_UNIT1GNODE,RTPD,MGHG,LMP_GHG_PRC,MELONP_7_UNIT1GNODE,ALL,1,0,1,5
2022-09-01T14:00:00-00:00,2022-09-01T14:15:00-00:00,2022-09-01,08,MELONP_7_UNIT1GNODE,MELONP_7_UNIT1GNODE,MELONP_7_UNIT1GNODE,RTPD,MGHG,LMP_GHG_PRC,MELONP_7_UNIT1GNODE,ALL,1,0,1,5
2022-09-01T15:00:00-00:00,2022-09-01T15:15:00-00:00,2022-09-01,09,MELONP_7_UNIT1GNODE,MELONP_7_UNIT1GNODE,MELONP_7_UNIT1GNODE,RTPD,MGHG,LMP_GHG_PRC,MELONP_7_UNIT1GNODE,ALL,1,0,1,5
2022-09-01T16:00:00-00:00,2022-09-01T16:15:00-00:00,2022-09-01,10,MELONP_7_UNIT1GNODE,MELONP_7_UNIT1GNODE,MELONP_7_UNIT1GNODE,RTPD,MGHG,LMP_GHG_PRC,MELONP_7_UNIT1GNODE,ALL,1,0,1,5
2022-09-01T17:00:00-00:00,2022-09-01T17:15:00-00:00,2022-09-01,11,MELONP_7_UNIT1GNODE,MELONP_7_UNIT1GNODE,MELONP_7_UNIT1GNODE,RTPD,MGHG,LMP_GHG_PRC,MELONP_7_UNIT1GNODE,ALL,1,0,1,5
2022-09-01T18:00:00-00:00,2022-09-01T18:15:00-00:00,2022-09-01,12,MELONP_7_UNIT1GNODE,MELONP_7_UNIT1GNODE,MELONP_7_UNIT1GNODE,RTPD,MGHG,LMP_GHG_PRC,MELONP_7_UNIT1GNODE,ALL,1,0,1,5
2022-09-01T19:00:00-00:00,2022-09-01T19:15:00-00:00,2022-09-01,13,MELONP_7_UNIT1GNODE,MELONP_7_UNIT1GNODE,MELONP_7_UNIT1GNODE,RTPD,MGHG,LMP_GHG_PRC,MELONP_7_UNIT1GNODE,ALL,1,0,1,5
2022-09-01T20:00:00-00:00,2022-09-01T20:15:00-00:00,2022-09-01,14,MELONP_7_UNIT1GNODE,MELONP_7_UNIT1GNODE,MELONP_7_UNIT1GNODE,RTPD,MGHG,LMP_GHG_PRC,MELONP_7_UNIT1GNODE,ALL,1,0,1,5
2022-09-01T21:00:00-00:00,2022-09-01T21:15:00-00:00,2022-09-01,15,MELONP_7_UNIT1GNODE,MELONP_7_UNIT1GNODE,MELONP_7_UNIT1GNODE,RTPD,MGHG,LMP_GHG_PRC,MELONP_7_UNIT1GNODE,ALL,1,0,1,5
2022-09-01T22:00:00-00:00,2022-09-01T22:15:00-00:00,2022-09-01,16,MELONP_7_UNIT1GNODE,MELONP_7_UNIT1GNODE,MELONP_7_UNIT1GNODE,RTPD,MGHG,LMP_GHG_PRC,MELONP_7_UNIT1GNODE,ALL,1,0,1,5
2022-09-01T23:00:00-00:00,2022-09-01T23:15:00-00:00,2022-09-01,17,MELONP_7_UNIT1GNODE,MELONP_7_UNIT1GNODE,MELONP_7_UNIT1GNODE,RTPD,MGHG,LMP_GHG_PRC,MELONP_7_UNIT1GNODE,ALL,1,0,1,5
2022-09-02T00:00:00-00:00,2022-09-02T00:15:00-00:00,2022-09-01,18,MELONP_7_UNIT1GNODE,MELONP_7_UNIT1GNODE,MELONP_7_UNIT1GNODE,RTPD,MGHG,LMP_GHG_PRC,MELONP_7_UNIT1GNODE,ALL,1,0,1,5
2022-09-02T01:00:00-00:00,2022-09-02T01:15:00-00:00,2022-09-01,19,MELONP_7_UNIT1GNODE,MELONP_7_UNIT1GNODE,MELONP_7_UNIT1GNODE,RTPD,MGHG,LMP_GHG_PRC,MELONP_7_UNIT1GNODE,ALL,1,0,1,5
2022-09-02T02:00:00-00:00,2022-09-02T02:15:00-00:00,2022-09-01,20,MELONP_7_UNIT1GNODE,MELONP_7_UNIT1GNODE,MELONP_7_UNIT1GNODE,RTPD,MGHG,LMP_GHG_PRC,MELONP_7_UNIT1GNODE,ALL,1,0,1,5
2022-09-02T03:00:00-00:00,2022-09-02T03:15:00-00:00,2022-09-01,21,MELONP_7_UNIT1GNODE,MELONP_7_UNIT1GNODE,MELONP_7_UNIT1GNODE,RTPD,MGHG,LMP_GHG_PRC,MELONP_7_UNIT1GNODE,ALL,1,0,1,5
2022-09-02T04:00:00-00:00,2022-09-02T04:15:00-00:00,2022-09-01,22,MELONP_7_UNIT1GNODE,MELONP_7_UNIT1GNODE,MELONP_7_UNIT1GNODE,RTPD,MGHG,LMP_GHG_PRC,MELONP_7_UNIT1GNODE,ALL,1,0,1,5
2022-09-02T05:00:00-00:00,2022-09-02T05:15:00-00:00,2022-09-01,23,MELONP_7_UNIT1GNODE,MELONP_7_UNIT1GNODE,MELONP_7_UNIT1GNODE,RTPD,MGHG,LMP_GHG_PRC,MELONP_7_UNIT1GNODE,ALL,1,0,1,5
2022-09-02T06:00:00-00:00,2022-09-02T06:15:00-00:00,2022-09-01,24,MELONP_7_UNIT1GNODE,MELONP_7_UNIT1GNODE,MELONP_7_UNIT1GNODE,RTPD,MGHG,LMP_GHG_PRC,MELONP_7_UNIT1GNODE,ALL,1,0,1,5
2022-09-01T07:15:00-00:00,2022-09-01T07:30:00-00:00,2022-09-01,01,MELONP_7_UNIT1GNODE,MELONP_7_UNIT1GNODE,MELONP_7_UNIT1GNODE,RTPD,MGHG,LMP_GHG_PRC,MELONP_7_UNIT1GNODE,ALL,1,0,2,5
2022-09-01T08:15:00-00:00,2022-09-01T08:30:00-00:00,2022-09-01,02,MELONP_7_UNIT1GNODE,MELONP_7_UNIT1GNODE,MELONP_7_UNIT1GNODE,RTPD,MGHG,LMP_GHG_PRC,MELONP_7_UNIT1GNODE,ALL,1,0,2,5
2022-09-01T09:15:00-00:00,2022-09-01T09:30:00-00:00,2022-09-01,03,MELONP_7_UNIT1GNODE,MELONP_7_UNIT1GNODE,MELONP_7_UNIT1GNODE,RTPD,MGHG,LMP_GHG_PRC,MELONP_7_UNIT1GNODE,ALL,1,0,2,5
2022-09-01T10:15:00-00:00,2022-09-01T10:30:00-00:00,2022-09-01,04,MELONP_7_UNIT1GNODE,MELONP_7_UNIT1GNODE,MELONP_7_UNIT1GNODE,RTPD,MGHG,LMP_GHG_PRC,MELONP_7_UNIT1GNODE,ALL,1,0,2,5
2022-09-01T11:15:00-00:00,2022-09-01T11:30:00-00:00,2022-09-01,05,MELONP_7_UNIT1GNODE,MELONP_7_UNIT1GNODE,MELONP_7_UNIT1GNODE,RTPD,MGHG,LMP_GHG_PRC,MELONP_7_UNIT1GNODE,ALL,1,0,2,5
2022-09-01T12:15:00-00:00,2022-09-01T12:30:00-00:00,2022-09-01,06,MELONP_7_UNIT1GNODE,MELONP_7_UNIT1GNODE,MELONP_7_UNIT1GNODE,RTPD,MGHG,LMP_GHG_PRC,MELONP_7_UNIT1GNODE,ALL,1,0,2,5
2022-09-01T13:15:00-00:00,2022-09-01T13:30:00-00:00,2022-09-01,07,MELONP_7_UNIT1GNODE,MELONP_7_UNIT1GNODE,MELONP_7_UNIT1GNODE,RTPD,MGHG,LMP_GHG_PRC,MELONP_7_UNIT1GNODE,ALL,1,0,2,5
2022-09-01T14:15:00-00:00,2022-09-01T14:30:00-00:00,2022-09-01,08,MELONP_7_UNIT1GNODE,MELONP_7_UNIT1GNODE,MELONP_7_UNIT1GNODE,RTPD,MGHG,LMP_GHG_PRC,MELONP_7_UNIT1GNODE,ALL,1,0,2,5
2022-09-01T15:15:00-00:00,2022-09-01T15:30:00-00:00,2022-09-01,09,MELONP_7_UNIT1GNODE,MELONP_7_UNIT1GNODE,MELONP_7_UNIT1GNODE,RTPD,MGHG,LMP_GHG_PRC,MELONP_7_UNIT1GNODE,ALL,1,0,2,5
2022-09-01T16:15:00-00:00,2022-09-01T16:30:00-00:00,2022-09-01,10,MELONP_7_UNIT1GNODE,MELONP_7_UNIT1GNODE,MELONP_7_UNIT1GNODE,RTPD,MGHG,LMP_GHG_PRC,MELONP_7_UNIT1GNODE,ALL,1,0,2,5
2022-09-01T17:15:00-00:00,2022-09-01T17:30:00-00:00,2022-09-01,11,MELONP_7_UNIT1GNODE,MELONP_7_UNIT1GNODE,MELONP_7_UNIT1GNODE,RTPD,MGHG,LMP_GHG_PRC,MELONP_7_UNIT1GNODE,ALL,1,0,2,5
2022-09-01T18:15:00-00:00,2022-09-01T18:30:00-00:00,2022-09-01,12,MELONP_7_UNIT1GNODE,MELONP_7_UNIT1GNODE,MELONP_7_UNIT1GNODE,RTPD,MGHG,LMP_GHG_PRC,MELONP_7_UNIT1GNODE,ALL,1,0,2,5
2022-09-01T19:15:00-00:00,2022-09-01T19:30:00-00:00,2022-09-01,13,MELONP_7_UNIT1GNODE,MELONP_7_UNIT1GNODE,MELONP_7_UNIT1GNODE,RTPD,MGHG,LMP_GHG_PRC,MELONP_7_UNIT1GNODE,ALL,1,0,2,5
2022-09-01T20:15:00-00:00,2022-09-01T20:30:00-00:00,2022-09-01,14,MELONP_7_UNIT1GNODE,MELONP_7_UNIT1GNODE,MELONP_7_UNIT1GNODE,RTPD,MGHG,LMP_GHG_PRC,MELONP_7_UNIT1GNODE,ALL,1,0,2,5
2022-09-01T21:15:00-00:00,2022-09-01T21:30:00-00:00,2022-09-01,15,MELONP_7_UNIT1GNODE,MELONP_7_UNIT1GNODE,MELONP_7_UNIT1GNODE,RTPD,MGHG,LMP_GHG_PRC,MELONP_7_UNIT1GNODE,ALL,1,0,2,5
2022-09-01T22:15:00-00:00,2022-09-01T22:30:00-00:00,2022-09-01,16,MELONP_7_UNIT1GNODE,MELONP_7_UNIT1GNODE,MELONP_7_UNIT1GNODE,RTPD,MGHG,LMP_GHG_PRC,MELONP_7_UNIT1GNODE,ALL,1,0,2,5
2022-09-01T23:15:00-00:00,2022-09-01T23:30:00-00:00,2022-09-01,17,MELONP_7_UNIT1GNODE,MELONP_7_UNIT1GNODE,MELONP_7_UNIT1GNODE,RTPD,MGHG,LMP_GHG_PRC,MELONP_7_UNIT1GNODE,ALL,1,0,2,5
2022-09-02T00:15:00-00:00,2022-09-02T00:30:00-00:00,2022-09-01,18,MELONP_7_UNIT1GNODE,MELONP_7_UNIT1GNODE,MELONP_7_UNIT1GNODE,RTPD,MGHG,LMP_GHG_PRC,MELONP_7_UNIT1GNODE,ALL,1,0,2,5
2022-09-02T01:15:00-00:00,2022-09-02T01:30:00-00:00,2022-09-01,19,MELONP_7_UNIT1GNODE,MELONP_7_UNIT1GNODE,MELONP_7_UNIT1GNODE,RTPD,MGHG,LMP_GHG_PRC,MELONP_7_UNIT1GNODE,ALL,1,0,2,5
2022-09-02T02:15:00-00:00,2022-09-02T02:30:00-00:00,2022-09-01,20,MELONP_7_UNIT1GNODE,MELONP_7_UNIT1GNODE,MELONP_7_UNIT1GNODE,RTPD,MGHG,LMP_GHG_PRC,MELONP_7_UNIT1GNODE,ALL,1,0,2,5
2022-09-02T03:15:00-00:00,2022-09-02T03:30:00-00:00,2022-09-01,21,MELONP_7_UNIT1GNODE,MELONP_7_UNIT1GNODE,MELONP_7_UNIT1GNODE,RTPD,MGHG,LMP_GHG_PRC,MELONP_7_UNIT1GNODE,ALL,1,0,2,5
2022-09-02T04:15:00-00:00,2022-09-02T04:30:00-00:00,2022-09-01,22,MELONP_7_UNIT1GNODE,MELONP_7_UNIT1GNODE,MELONP_7_UNIT1GNODE,RTPD,MGHG,LMP_GHG_PRC,MELONP_7_UNIT1GNODE,ALL,1,0,2,5
2022-09-02T05:15:00-00:00,2022-09-02T05:30:00-00:00,2022-09-01,23,MELONP_7_UNIT1GNODE,MELONP_7_UNIT1GNODE,MELONP_7_UNIT1GNODE,RTPD,MGHG,LMP_GHG_PRC,MELONP_7_UNIT1GNODE,ALL,1,0,2,5
2022-09-02T06:15:00-00:00,2022-09-02T06:30:00-00:00,2022-09-01,24,MELONP_7_UNIT1GNODE,MELONP_7_UNIT1GNODE,MELONP_7_UNIT1GNODE,RTPD,MGHG,LMP_GHG_PRC,MELONP_7_UNIT1GNODE,ALL,1,0,2,5
2022-09-01T07:30:00-00:00,2022-09-01T07:45:00-00:00,2022-09-01,01,MELONP_7_UNIT1GNODE,MELONP_7_UNIT1GNODE,MELONP_7_UNIT1GNODE,RTPD,MGHG,LMP_GHG_PRC,MELONP_7_UNIT1GNODE,ALL,1,0,3,5
2022-09-01T08:30:00-00:00,2022-09-01T08:45:00-00:00,2022-09-01,02,MELONP_7_UNIT1GNODE,MELONP_7_UNIT1GNODE,MELONP_7_UNIT1GNODE,RTPD,MGHG,LMP_GHG_PRC,MELONP_7_UNIT1GNODE,ALL,1,0,3,5
2022-09-01T09:30:00-00:00,2022-09-01T09:45:00-00:00,2022-09-01,03,MELONP_7_UNIT1GNODE,MELONP_7_UNIT1GNODE,MELONP_7_UNIT1GNODE,RTPD,MGHG,LMP_GHG_PRC,MELONP_7_UNIT1GNODE,ALL,1,0,3,5
2022-09-01T10:30:00-00:00,2022-09-01T10:45:00-00:00,2022-09-01,04,MELONP_7_UNIT1GNODE,MELONP_7_UNIT1GNODE,MELONP_7_UNIT1GNODE,RTPD,MGHG,LMP_GHG_PRC,MELONP_7_UNIT1GNODE,ALL,1,0,3,5
2022-09-01T11:30:00-00:00,2022-09-01T11:45:00-00:00,2022-09-01,05,MELONP_7_UNIT1GNODE,MELONP_7_UNIT1GNODE,MELONP_7_UNIT1GNODE,RTPD,MGHG,LMP_GHG_PRC,MELONP_7_UNIT1GNODE,ALL,1,0,3,5
2022-09-01T12:30:00-00:00,2022-09-01T12:45:00-00:00,2022-09-01,06,MELONP_7_UNIT1GNODE,MELONP_7_UNIT1GNODE,MELONP_7_UNIT1GNODE,RTPD,MGHG,LMP_GHG_PRC,MELONP_7_UNIT1GNODE,ALL,1,0,3,5
2022-09-01T13:30:00-00:00,2022-09-01T13:45:00-00:00,2022-09-01,07,MELONP_7_UNIT1GNODE,MELONP_7_UNIT1GNODE,MELONP_7_UNIT1GNODE,RTPD,MGHG,LMP_GHG_PRC,MELONP_7_UNIT1GNODE,ALL,1,0,3,5
2022-09-01T14:30:00-00:00,2022-09-01T14:45:00-00:00,2022-09-01,08,MELONP_7_UNIT1GNODE,MELONP_7_UNIT1GNODE,MELONP_7_UNIT1GNODE,RTPD,MGHG,LMP_GHG_PRC,MELONP_7_UNIT1GNODE,ALL,1,0,3,5
2022-09-01T15:30:00-00:00,2022-09-01T15:45:00-00:00,2022-09-01,09,MELONP_7_UNIT1GNODE,MELONP_7_UNIT1GNODE,MELONP_7_UNIT1GNODE,RTPD,MGHG,LMP_GHG_PRC,MELONP_7_UNIT1GNODE,ALL,1,0,3,5
2022-09-01T16:30:00-00:00,2022-09-01T16:45:00-00:00,2022-09-01,10,MELONP_7_UNIT1GNODE,MELONP_7_UNIT1GNODE,MELONP_7_UNIT1GNODE,RTPD,MGHG,LMP_GHG_PRC,MELONP_7_UNIT1GNODE,ALL,1,0,3,5
2022-09-01T17:30:00-00:00,2022-09-01T17:45:00-00:00,2022-09-01,11,MELONP_7_UNIT1GNODE,MELONP_7_UNIT1GNODE,MELONP_7_UNIT1GNODE,RTPD,MGHG,LMP_GHG_PRC,MELONP_7_UNIT1GNODE,ALL,1,0,3,5
2022-09-01T18:30:00-00:00,2022-09-01T18:45:00-00:00,2022-09-01,12,MELONP_7_UNIT1GNODE,MELONP_7_UNIT1GNODE,MELONP_7_UNIT1GNODE,RTPD,MGHG,LMP_GHG_PRC,MELONP_7_UNIT1GNODE,ALL,1,0,3,5
2022-09-01T19:30:00-00:00,2022-09-01T19:45:00-00:00,2022-09-01,13,MELONP_7_UNIT1GNODE,MELONP_7_UNIT1GNODE,MELONP_7_UNIT1GNODE,RTPD,MGHG,LMP_GHG_PRC,MELONP_7_UNIT1GNODE,ALL,1,0,3,5
2022-09-01T20:30:00-00:00,2022-09-01T20:45:00-00:00,2022-09-01,14,MELONP_7_UNIT1GNODE,MELONP_7_UNIT1GNODE,MELONP_7_UNIT1GNODE,RTPD,MGHG,LMP_GHG_PRC,MELONP_7_UNIT1GNODE,ALL,1,0,3,5
2022-09-01T21:30:00-00:00,2022-09-01T21:45:00-00:00,2022-09-01,15,MELONP_7_UNIT1GNODE,MELONP_7_UNIT1GNODE,MELONP_7_UNIT1GNODE,RTPD,MGHG,LMP_GHG_PRC,MELONP_7_UNIT1GNODE,ALL,1,0,3,5
2022-09-01T22:30:00-00:00,2022-09-01T22:45:00-00:00,2022-09-01,16,MELONP_7_UNIT1GNODE,MELONP_7_UNIT1GNODE,MELONP_7_UNIT1GNODE,RTPD,MGHG,LMP_GHG_PRC,MELONP_7_UNIT1GNODE,ALL,1,0,3,5
2022-09-01T23:30:00-00:00,2022-09-01T23:45:00-00:00,2022-09-01,17,MELONP_7_UNIT1GNODE,MELONP_7_UNIT1GNODE,MELONP_7_UNIT1GNODE,RTPD,MGHG,LMP_GHG_PRC,MELONP_7_UNIT1GNODE,ALL,1,0,3,5
2022-09-02T00:30:00-00:00,2022-09-02T00:45:00-00:00,2022-09-01,18,MELONP_7_UNIT1GNODE,MELONP_7_UNIT1GNODE,MELONP_7_UNIT1GNODE,RTPD,MGHG,LMP_GHG_PRC,MELONP_7_UNIT1GNODE,ALL,1,0,3,5
2022-09-02T01:30:00-00:00,2022-09-02T01:45:00-00:00,2022-09-01,19,MELONP_7_UNIT1GNODE,MELONP_7_UNIT1GNODE,MELONP_7_UNIT1GNODE,RTPD,MGHG,LMP_GHG_PRC,MELONP_7_UNIT1GNODE,ALL,1,0,3,5
2022-09-02T02:30:00-00:00,2022-09-02T02:45:00-00:00,2022-09-01,20,MELONP_7_UNIT1GNODE,MELONP_7_UNIT1GNODE,MELONP_7_UNIT1GNODE,RTPD,MGHG,LMP_GHG_PRC,MELONP_7_UNIT1GNODE,ALL,1,0,3,5
2022-09-02T03:30:00-00:00,2022-09-02T03:45:00-00:00,2022-09-01,21,MELONP_7_UNIT1GNODE,MELONP_7_UNIT1GNODE,MELONP_7_UNIT1GNODE,RTPD,MGHG,LMP_GHG_PRC,MELONP_7_UNIT1GNODE,ALL,1,0,3,5
2022-09-02T04:30:00-00:00,2022-09-02T04:45:00-00:00,2022-09-01,22,MELONP_7_UNIT1GNODE,MELONP_7_UNIT1GNODE,MELONP_7_UNIT1GNODE,RTPD,MGHG,LMP_GHG_PRC,MELONP_7_UNIT1GNODE,ALL,1,0,3,5
2022-09-02T05:30:00-00:00,2022-09-02T05:45:00-00:00,2022-09-01,23,MELONP_7_UNIT1GNODE,MELONP_7_UNIT1GNODE,MELONP_7_UNIT1GNODE,RTPD,MGHG,LMP_GHG_PRC,MELONP_7_UNIT1GNODE,ALL,1,0,3,5
2022-09-02T06:30:00-00:00,2022-09-02T06:45:00-00:00,2022-09-01,24,MELONP_7_UNIT1GNODE,MELONP_7_UNIT1GNODE,MELONP_7_UNIT1GNODE,RTPD,MGHG,LMP_GHG_PRC,MELONP_7_UNIT1GNODE,ALL,1,0,3,5
2022-09-01T07:45:00-00:00,2022-09-01T08:00:00-00:00,2022-09-01,01,MELONP_7_UNIT1GNODE,MELONP_7_UNIT1GNODE,MELONP_7_UNIT1GNODE,RTPD,MGHG,LMP_GHG_PRC,MELONP_7_UNIT1GNODE,ALL,1,0,4,5
2022-09-01T08:45:00-00:00,2022-09-01T09:00:00-00:00,2022-09-01,02,MELONP_7_UNIT1GNODE,MELONP_7_UNIT1GNODE,MELONP_7_UNIT1GNODE,RTPD,MGHG,LMP_GHG_PRC,MELONP_7_UNIT1GNODE,ALL,1,0,4,5
2022-09-01T09:45:00-00:00,2022-09-01T10:00:00-00:00,2022-09-01,03,MELONP_7_UNIT1GNODE,MELONP_7_UNIT1GNODE,MELONP_7_UNIT1GNODE,RTPD,MGHG,LMP_GHG_PRC,MELONP_7_UNIT1GNODE,ALL,1,0,4,5
2022-09-01T10:45:00-00:00,2022-09-01T11:00:00-00:00,2022-09-01,04,MELONP_7_UNIT1GNODE,MELONP_7_UNIT1GNODE,MELONP_7_UNIT1GNODE,RTPD,MGHG,LMP_GHG_PRC,MELONP_7_UNIT1GNODE,ALL,1,0,4,5
2022-09-01T11:45:00-00:00,2022-09-01T12:00:00-00:00,2022-09-01,05,MELONP_7_UNIT1GNODE,MELONP_7_UNIT1GNODE,MELONP_7_UNIT1GNODE,RTPD,MGHG,LMP_GHG_PRC,MELONP_7_UNIT1GNODE,ALL,1,0,4,5
2022-09-01T12:45:00-00:00,2022-09-01T13:00:00-00:00,2022-09-01,06,MELONP_7_UNIT1GNODE,MELONP_7_UNIT1GNODE,MELONP_7_UNIT1GNODE,RTPD,MGHG,LMP_GHG_PRC,MELONP_7_UNIT1GNODE,ALL,1,0,4,5
2022-09-01T13:45:00-00:00,2022-09-01T14:00:00-00:00,2022-09-01,07,MELONP_7_UNIT1GNODE,MELONP_7_UNIT1GNODE,MELONP_7_UNIT1GNODE,RTPD,MGHG,LMP_GHG_PRC,MELONP_7_UNIT1GNODE,ALL,1,0,4,5
2022-09-01T14:45:00-00:00,2022-09-01T15:00:00-00:00,2022-09-01,08,MELONP_7_UNIT1GNODE,MELONP_7_UNIT1GNODE,MELONP_7_UNIT1GNODE,RTPD,MGHG,LMP_GHG_PRC,MELONP_7_UNIT1GNODE,ALL,1,0,4,5
2022-09-01T15:45:00-00:00,2022-09-01T16:00:00-00:00,2022-09-01,09,MELONP_7_UNIT1GNODE,MELONP_7_UNIT1GNODE,MELONP_7_UNIT1GNODE,RTPD,MGHG,LMP_GHG_PRC,MELONP_7_UNIT1GNODE,ALL,1,0,4,5
2022-09-01T16:45:00-00:00,2022-09-01T17:00:00-00:00,2022-09-01,10,MELONP_7_UNIT1GNODE,MELONP_7_UNIT1GNODE,MELONP_7_UNIT1GNODE,RTPD,MGHG,LMP_GHG_PRC,MELONP_7_UNIT1GNODE,ALL,1,0,4,5
2022-09-01T17:45:00-00:00,2022-09-01T18:00:00-00:00,2022-09-01,11,MELONP_7_UNIT1GNODE,MELONP_7_UNIT1GNODE,MELONP_7_UNIT1GNODE,RTPD,MGHG,LMP_GHG_PRC,MELONP_7_UNIT1GNODE,ALL,1,0,4,5
2022-09-01T18:45:00-00:00,2022-09-01T19:00:00-00:00,2022-09-01,12,MELONP_7_UNIT1GNODE,MELONP_7_UNIT1GNODE,MELONP_7_UNIT1GNODE,RTPD,MGHG,LMP_GHG_PRC,MELONP_7_UNIT1GNODE,ALL,1,0,4,5
2022-09-01T19:45:00-00:00,2022-09-01T20:00:00-00:00,2022-09-01,13,MELONP_7_UNIT1GNODE,MELONP_7_UNIT1GNODE,MELONP_7_UNIT1GNODE,RTPD,MGHG,LMP_GHG_PRC,MELONP_7_UNIT1GNODE,ALL,1,0,4,5
2022-09-01T20:45:00-00:00,2022-09-01T21:00:00-00:00,2022-09-01,14,MELONP_7_UNIT1GNODE,MELONP_7_UNIT1GNODE,MELONP_7_UNIT1GNODE,RTPD,MGHG,LMP_GHG_PRC,MELONP_7_UNIT1GNODE,ALL,1,0,4,5
2022-09-01T21:45:00-00:00,2022-09-01T22:00:00-00:00,2022-09-01,15,MELONP_7_UNIT1GNODE,MELONP_7_UNIT1GNODE,MELONP_7_UNIT1GNODE,RTPD,MGHG,LMP_GHG_PRC,MELONP_7_UNIT1GNODE,ALL,1,0,4,5
2022-09-01T22:45:00-00:00,2022-09-01T23:00:00-00:00,2022-09-01,16,MELONP_7_UNIT1GNODE,MELONP_7_UNIT1GNODE,MELONP_7_UNIT1GNODE,RTPD,MGHG,LMP_GHG_PRC,MELONP_7_UNIT1GNODE,ALL,1,0,4,5
2022-09-01T23:45:00-00:00,2022-09-02T00:00:00-00:00,2022-09-01,17,MELONP_7_UNIT1GNODE,MELONP_7_UNIT1GNODE,MELONP_7_UNIT1GNODE,RTPD,MGHG,LMP_GHG_PRC,MELONP_7_UNIT1GNODE,ALL,1,0,4,5
2022-09-02T00:45:00-00:00,2022-09-02T01:00:00-00:00,2022-09-01,18,MELONP_7_UNIT1GNODE,MELONP_7_UNIT1GNODE,MELONP_7_UNIT1GNODE,RTPD,MGHG,LMP_GHG_PRC,MELONP_7_UNIT1GNODE,ALL,1,0,4,5
2022-09-02T01:45:00-00:00,2022-09-02T02:00:00-00:00,2022-09-01,19,MELONP_7_UNIT1GNODE,MELONP_7_UNIT1GNODE,MELONP_7_UNIT1GNODE,RTPD,MGHG,LMP_GHG_PRC,MELONP_7_UNIT1GNODE,ALL,1,0,4,5
2022-09-02T02:45:00-00:00,2022-09-02T03:00:00-00:00,2022-09-01,20,MELONP_7_UNIT1GNODE,MELONP_7_UNIT1GNODE,MELONP_7_UNIT1GNODE,RTPD,MGHG,LMP_GHG_PRC,MELONP_7_UNIT1GNODE,ALL,1,0,4,5
2022-09-02T03:45:00-00:00,2022-09-02T04:00:00-00:00,2022-09-01,21,MELONP_7_UNIT1GNODE,MELONP_7_UNIT1GNODE,MELONP_7_UNIT1GNODE,RTPD,MGHG,LMP_GHG_PRC,MELONP_7_UNIT1GNODE,ALL,1,0,4,5
2022-09-02T04:45:00-00:00,2022-09-02T05:00:00-00:00,2022-09-01,22,MELONP_7_UNIT1GNODE,MELONP_7_UNIT1GNODE,MELONP_7_UNIT1GNODE,RTPD,MGHG,LMP_GHG_PRC,MELONP_7_UNIT1GNODE,ALL,1,0,4,5
2022-09-02T05:45:00-00:00,2022-09-02T06:00:00-00:00,2022-09-01,23,MELONP_7_UNIT1GNODE,MELONP_7_UNIT1GNODE,MELONP_7_UNIT1GNODE,RTPD,MGHG,LMP_GHG_PRC,MELONP_7_UNIT1GNODE,ALL,1,0,4,5
2022-09-02T06:45:00-00:00,2022-09-02T07:00:00-00:00,2022-09-01,24,MELONP_7_UNIT1GNODE,MELONP_7_UNIT1GNODE,MELONP_7_UNIT1GNODE,RTPD,MGHG,LMP_GHG_PRC,MELONP_7_UNIT1GNODE,ALL,1,0,4,5
