INTERVALSTARTTIME_GMT,INTERVALENDTIME_GMT,OPR_DT,OPR_HR,NODE_ID_XML,NODE_ID,NODE,MARKET_RUN_ID,LMP_TYPE,XML_DATA_ITEM,PNODE_RESMRID,GRP_TYPE,POS,PRC,OPR_INTERVAL,GROUP
2022-09-01T07:00:00-00:00,2022-09-01T07:15:00-00:00,2022-09-01,01,HURLEY_LNODERLEY,HURLEY_LNODERLEY,HURLEY_LNODERLEY,RTPD,LMP,LMP_PRC,HURLEY_LNODERLEY,ALL,1,112.83647,1,1
2022-09-01T08:00:00-00:00,2022-09-01T08:15:00-00:00,2022-09-01,02,HURLEY_LNODERLEY,HURLEY_LNODERLEY,HURLEY_LNODERLEY,RTPD,LMP,LMP_PRC,HURLEY_LNODERLEY,ALL,1,103.7914,1,1
2022-09-01T09:00:00-00:00,2022-09-01T09:15:00-00:00,2022-09-01,03,HURLEY_LNODERLEY,HURLEY_LNODERLEY,HURLEY_LNODERLEY,RTPD,LMP,LMP_PRC,HURLEY_LNODERLEY,ALL,1,94.60908,1,1
2022-09-01T10:00:00-00:00,2022-09-01T10:15:00-00:00,2022-09-01,04,HURLEY_LNODERLEY,HURLEY_LNODERLEY,HURLEY_LNODERLEY,RTPD,LMP,LMP_PRC,HURLEY_LNODERLEY,ALL,1,91.96452,1,1
2022-09-01T11:00:00-00:00,2022-09-01T11:15:00-00:00,2022-09-01,05,HURLEY_LNODERLEY,HURLEY_LNODERLEY,HURLEY_LNODERLEY,RTPD,LMP,LMP_PRC,HURLEY_LNODERLEY,ALL,1,92.77184,1,1
2022-09-01T12:00:00-00:00,2022-09-01T12:15:00-00:00,2022-09-01,06,HURLEY_LNODERLEY,HURLEY_LNODERLEY,HURLEY_LNODERLEY,RTPD,LMP,LMP_PRC,HURLEY_LNODERLEY,ALL,1,93.42144,1,1
2022-09-01T13:00:00-00:00,2022-09-01T13:15:00-00:00,2022-09-01,07,HURLEY_LNODERLEY,HURLEY_LNODERLEY,HURLEY_LNODERLEY,RTPD,LMP,LMP_PRC,HURLEY_LNODERLEY,ALL,1,96.95917,1,1
2022-09-01T14:00:00-00:00,2022-09-01T14:15:00-00:00,2022-09-01,08,HURLEY_LNODERLEY,HURLEY_LNODERLEY,HURLEY_LNODERLEY,RTPD,LMP,LMP_PRC,HURLEY_LNODERLEY,ALL,1,76.32856,1,1
2022-09-01T15:00:00-00:00,2022-09-01T15:15:00-00:00,2022-09-01,09,HURLEY_LNODERLEY,HURLEY_LNODERLEY,HURLEY_LNODERLEY,RTPD,LMP,LMP_PRC,HURLEY_LNODERLEY,ALL,1,33.15092,1,1
2022-09-01T16:00:00-00:00,2022-09-01T16:15:00-00:00,2022-09-01,10,HURLEY_LNODERLEY,HURLEY_LNODERLEY,HURLEY_LNODERLEY,RTPD,LMP,LMP_PRC,HURLEY_LNODERLEY,ALL,1,31.35912,1,1
2022-09-01T17:00:00-00:00,2022-09-01T17:15:00-00:00,2022-09-01,11,HURLEY_LNODERLEY,HURLEY_LNODERLEY,HURLEY_LNODERLEY,RTPD,LMP,LMP_PRC,HURLEY_LNODERLEY,ALL,1,63.56093,1,1
2022-09-01T18:00:00-00:00,2022-09-01T18:15:00-00:00,2022-09-01,12,HURLEY_LNODERLEY,HURLEY_LNODERLEY,HURLEY_LNODERLEY,RTPD,LMP,LMP_PRC,HURLEY_LNODERLEY,ALL,1,63.10411,1,1
2022-09-01T19:00:00-00:00,2022-09-01T19:15:00-00:00,2022-09-01,13,HURLEY_LNODERLEY,HURLEY_LNODERLEY,HURLEY_LNODERLEY,RTPD,LMP,LMP_PRC,HURLEY_LNODERLEY,ALL,1,57.27162,1,1
2022-09-01T20:00:00-00:00,2022-09-01T20:15:00-00:00,2022-09-01,14,HURLEY_LNODERLEY,HURLEY_LNODERLEY,HURLEY_LNODERLEY,RTPD,LMP,LMP_PRC,HURLEY_LNODERLEY,ALL,1,93.61636,1,1
2022-09-01T21:00:00-00:00,2022-09-01T21:15:00-00:00,2022-09-01,15,HURLEY_LNODERLEY,HURLEY_LNODERLEY,HURLEY_LNODERLEY,RTPD,LMP,LMP_PRC,HURLEY_LNODERLEY,ALL,1,58.28681,1,1
2022-09-01T22:00:00-00:00,2022-09-01T22:15:00-00:00,2022-09-01,16,HURLEY_LNODERLEY,HURLEY_LNODERLEY,HURLEY_LNODERLEY,RTPD,LMP,LMP_PRC,HURLEY_LNODERLEY,ALL,1,117.02508,1,1
2022-09-01T23:00:00-00:00,2022-09-01T23:15:00-00:00,2022-09-01,17,HURLEY_LNODERLEY,HURLEY_LNODERLEY,HURLEY_LNODERLEY,RTPD,LMP,LMP_PRC,HURLEY_LNODERLEY,ALL,1,150.81168,1,1
2022-09-02T00:00:00-00:00,2022-09-02T00:15:00-00:00,2022-09-01,18,HURLEY_LNODERLEY,HURLEY_LNODERLEY,HURLEY_LNODERLEY,RTPD,LMP,LMP_PRC,HURLEY_LNODERLEY,ALL,1,543.3022,1,1
2022-09-02T01:00:00-00:00,2022-09-02T01:15:00-00:00,2022-09-01,19,HURLEY_LNODERLEY,HURLEY_LNODERLEY,HURLEY_LNODERLEY,RTPD,LMP,LMP_PRC,HURLEY_LNODERLEY,ALL,1,974.74384,1,1
2022-09-02T02:00:00-00:00,2022-09-02T02:15:00-00:00,2022-09-01,20,HURLEY_LNODERLEY,HURLEY_LNODERLEY,HURLEY_LNODERLEY,RTPD,LMP,LMP_PRC,HURLEY_LNODERLEY,ALL,1,1880.6625,1,1
2022-09-02T03:00:00-00:00,2022-09-02T03:15:00-00:00,2022-09-01,21,HURLEY_LNODERLEY,HURLEY_LNODERLEY,HURLEY_LNODERLEY,RTPD,LMP,LMP_PRC,HURLEY_LNODERLEY,ALL,1,517.7891,1,1
2022-09-02T04:00:00-00:00,2022-09-02T04:15:00-00:00,2022-09-01,22,HURLEY_LNODERLEY,HURLEY_LNODERLEY,HURLEY_LNODERLEY,RTPD,LMP,LMP_PRC,HURLEY_LNODERLEY,ALL,1,48.05621,1,1
2022-09-02T05:00:00-00:00,2022-09-02T05:15:00-00:00,2022-09-01,23,HURLEY_LNODERLEY,HURLEY_LNODERLEY,HURLEY_LNODERLEY,RTPD,LMP,LMP_PRC,HURLEY_LNODERLEY,ALL,1,61.59927,1,1
2022-09-02T06:00:00-00:00,2022-09-02T06:15:00-00:00,2022-09-01,24,HURLEY_LNODERLEY,HURLEY_LNODERLEY,HURLEY_LNODERLEY,RTPD,LMP,LMP_PRC,HURLEY_LNODERLEY,ALL,1,72.06961,1,1
2022-09-01T07:15:00-00:00,2022-09-01T07:30:00-00:00,2022-09-01,01,HURLEY_LNODERLEY,HURLEY_LNODERLEY,HURLEY_LNODERLEY,RTPD,LMP,LMP_PRC,HURLEY_LNODERLEY,ALL,1,118.7911,2,1
2022-09-01T08:15:00-00:00,2022-09-01T08:30:00-00:00,2022-09-01,02,HURLEY_LNODERLEY,HURLEY_LNODERLEY,HURLEY_LNODERLEY,RTPD,LMP,LMP_PRC,HURLEY_LNODERLEY,ALL,1,101.42752,2,1
2022-09-01T09:15:00-00:00,2022-09-01T09:30:00-00:00,2022-09-01,03,HURLEY_LNODERLEY,HURLEY_LNODERLEY,HURLEY_LNODERLEY,RTPD,LMP,LMP_PRC,HURLEY_LNODERLEY,ALL,1,94.23112,2,1
2022-09-01T10:15:00-00:00,2022-09-01T10:30:00-00:00,2022-09-01,04,HURLEY_LNODERLEY,HURLEY_LNODERLEY,HURLEY_LNODERLEY,RTPD,LMP,LMP_PRC,HURLEY_LNODERLEY,ALL,1,91.00593,2,1
2022-09-01T11:15:00-00:00,2022-09-01T11:30:00-00:00,2022-09-01,05,HURLEY_LNODERLEY,HURLEY_LNODERLEY,HURLEY_LNODERLEY,RTPD,LMP,LMP_PRC,HURLEY_LNODERLEY,ALL,1,92.67976,2,1
2022-09-01T12:15:00-00:00,2022-09-01T12:30:00-00:00,2022-09-01,06,HURLEY_LNODERLEY,HURLEY_LNODERLEY,HURLEY_LNODERLEY,RTPD,LMP,LMP_PRC,HURLEY_LNODERLEY,ALL,1,101.364,2,1
2022-09-01T13:15:00-00:00,2022-09-01T13:30:00-00:00,2022-09-01,07,HURLEY_LNODERLEY,HURLEY_LNODERLEY,HURLEY_LNODERLEY,RTPD,LMP,LMP_PRC,HURLEY_LNODERLEY,ALL,1,98.46466,2,1
2022-09-01T14:15:00-00:00,2022-09-01T14:30:00-00:00,2022-09-01,08,HURLEY_LNODERLEY,HURLEY_LNODERLEY,HURLEY_LNODERLEY,RTPD,LMP,LMP_PRC,HURLEY_LNODERLEY,ALL,1,66.60155,2,1
2022-09-01T15:15:00-00:00,2022-09-01T15:30:00-00:00,2022-09-01,09,HURLEY_LNODERLEY,HURLEY_LNODERLEY,HURLEY_LNODERLEY,RTPD,LMP,LMP_PRC,HURLEY_LNODERLEY,ALL,1,19.67229,2,1
2022-09-01T16:15:00-00:00,2022-09-01T16:30:00-00:00,2022-09-01,10,HURLEY_LNODERLEY,HURLEY_LNODERLEY,HURLEY_LNODERLEY,RTPD,LMP,LMP_PRC,HURLEY_LNODERLEY,ALL,1,42.01945,2,1
2022-09-01T17:15:00-00:00,2022-09-01T17:30:00-00:00,2022-09-01,11,HURLEY_LNODERLEY,HURLEY_LNODERLEY,HURLEY_LNODERLEY,RTPD,LMP,LMP_PRC,HURLEY_LNODERLEY,ALL,1,66.18535,2,1
2022-09-01T18:15:00-00:00,2022-09-01T18:30:00-00:00,2022-09-01,12,HURLEY_LNODERLEY,HURLEY_LNODERLEY,HURLEY_LNODERLEY,RTPD,LMP,LMP_PRC,HURLEY_LNODERLEY,ALL,1,61.3749,2,1
2022-09-01T19:15:00-00:00,2022-09-01T19:30:00-00:00,2022-09-01,13,HURLEY_LNODERLEY,HURLEY_LNODERLEY,HURLEY_LNODERLEY,RTPD,LMP,LMP_PRC,HURLEY_LNODERLEY,ALL,1,74.933,2,1
2022-09-01T20:15:00-00:00,2022-09-01T20:30:00-00:00,2022-09-01,14,HURLEY_LNODERLEY,HURLEY_LNODERLEY,HURLEY_LNODERLEY,RTPD,LMP,LMP_PRC,HURLEY_LNODERLEY,ALL,1,100.90594,2,1
2022-09-01T21:15:00-00:00,2022-09-01T21:30:00-00:00,2022-09-01,15,HURLEY_LNODERLEY,HURLEY_LNODERLEY,HURLEY_LNODERLEY,RTPD,LMP,LMP_PRC,HURLEY_LNODERLEY,ALL,1,98.59781,2,1
2022-09-01T22:15:00-00:00,2022-09-01T22:30:00-00:00,2022-09-01,16,HURLEY_LNODERLEY,HURLEY_LNODERLEY,HURLEY_LNODERLEY,RTPD,LMP,LMP_PRC,HURLEY_LNODERLEY,ALL,1,138.2214,2,1
2022-09-01T23:15:00-00:00,2022-09-01T23:30:00-00:00,2022-09-01,17,HURLEY_LNODERLEY,HURLEY_LNODERLEY,HURLEY_LNODERLEY,RTPD,LMP,LMP_PRC,HURLEY_LNODERLEY,ALL,1,141.86151,2,1
2022-09-02T00:15:00-00:00,2022-09-02T00:30:00-00:00,2022-09-01,18,HURLEY_LNODERLEY,HURLEY_LNODERLEY,HURLEY_LNODERLEY,RTPD,LMP,LMP_PRC,HURLEY_LNODERLEY,ALL,1,494.2256,2,1
2022-09-02T01:15:00-00:00,2022-09-02T01:30:00-00:00,2022-09-01,19,HURLEY_LNODERLEY,HURLEY_LNODERLEY,HURLEY_LNODERLEY,RTPD,LMP,LMP_PRC,HURLEY_LNODERLEY,ALL,1,1851.3993,2,1
2022-09-02T02:15:00-00:00,2022-09-02T02:30:00-00:00,2022-09-01,20,HURLEY_LNODERLEY,HURLEY_LNODERLEY,HURLEY_LNODERLEY,RTPD,LMP,LMP_PRC,HURLEY_LNODERLEY,ALL,1,1974.5098,2,1
2022-09-02T03:15:00-00:00,2022-09-02T03:30:00-00:00,2022-09-01,21,HURLEY_LNODERLEY,HURLEY_LNODERLEY,HURLEY_LNODERLEY,RTPD,LMP,LMP_PRC,HURLEY_LNODERLEY,ALL,1,245.71771,2,1
2022-09-02T04:15:00-00:00,2022-09-02T04:30:00-00:00,2022-09-01,22,HURLEY_LNODERLEY,HURLEY_LNODERLEY,HURLEY_LNODERLEY,RTPD,LMP,LMP_PRC,HURLEY_LNODERLEY,ALL,1,48.82211,2,1
2022-09-02T05:15:00-00:00,2022-09-02T05:30:00-00:00,2022-09-01,23,HURLEY_LNODERLEY,HURLEY_LNODERLEY,HURLEY_LNODERLEY,RTPD,LMP,LMP_PRC,HURLEY_LNODERLEY,ALL,1,37.96934,2,1
2022-09-02T06:15:00-00:00,2022-09-02T06:30:00-00:00,2022-09-01,24,HURLEY_LNODERLEY,HURLEY_LNODERLEY,HURLEY_LNODERLEY,RTPD,LMP,LMP_PRC,HURLEY_LNODERLEY,ALL,1,94.62723,2,1
2022-09-01T07:30:00-00:00,2022-09-01T07:45:00-00:00,2022-09-01,01,HURLEY_LNODERLEY,HURLEY_LNODERLEY,HURLEY_LNODERLEY,RTPD,LMP,LMP_PRC,HURLEY_LNODERLEY,ALL,1,116.01465,3,1
2022-09-01T08:30:00-00:00,2022-09-01T08:45:00-00:00,2022-09-01,02,HURLEY_LNODERLEY,HURLEY_LNODERLEY,HURLEY_LNODERLEY,RTPD,LMP,LMP_PRC,HURLEY_LNODERLEY,ALL,1,99.20059,3,1
2022-09-01T09:30:00-00:00,2022-09-01T09:45:00-00:00,2022-09-01,03,HURLEY_LNODERLEY,HURLEY_LNODERLEY,HURLEY_LNODERLEY,RTPD,LMP,LMP_PRC,HURLEY_LNODERLEY,ALL,1,93.57759,3,1
2022-09-01T10:30:00-00:00,2022-09-01T10:45:00-00:00,2022-09-01,04,HURLEY_LNODERLEY,HURLEY_LNODERLEY,HURLEY_LNODERLEY,RTPD,LMP,LMP_PRC,HURLEY_LNODERLEY,ALL,1,88.58073,3,1
2022-09-01T11:30:00-00:00,2022-09-01T11:45:00-00:00,2022-09-01,05,HURLEY_LNODERLEY,HURLEY_LNODERLEY,HURLEY_LNODERLEY,RTPD,LMP,LMP_PRC,HURLEY_LNODERLEY,ALL,1,91.56038,3,1
2022-09-01T12:30:00-00:00,2022-09-01T12:45:00-00:00,2022-09-01,06,HURLEY_LNODERLEY,HURLEY_LNODERLEY,HURLEY_LNODERLEY,RTPD,LMP,LMP_PRC,HURLEY_LNODERLEY,ALL,1,109.29523,3,1
2022-09-01T13:30:00-00:00,2022-09-01T13:45:00-00:00,2022-09-01,07,HURLEY_LNODERLEY,HURLEY_LNODERLEY,HURLEY_LNODERLEY,RTPD,LMP,LMP_PRC,HURLEY_LNODERLEY,ALL,1,95.51808,3,1
2022-09-01T14:30:00-00:00,2022-09-01T14:45:00-00:00,2022-09-01,08,HURLEY_LNODERLEY,HURLEY_LNODERLEY,HURLEY_LNODERLEY,RTPD,LMP,LMP_PRC,HURLEY_LNODERLEY,ALL,1,70.86745,3,1
2022-09-01T15:30:00-00:00,2022-09-01T15:45:00-00:00,2022-09-01,09,HURLEY_LNODERLEY,HURLEY_LNODERLEY,HURLEY_LNODERLEY,RTPD,LMP,LMP_PRC,HURLEY_LNODERLEY,ALL,1,5.35285,3,1
2022-09-01T16:30:00-00:00,2022-09-01T16:45:00-00:00,2022-09-01,10,HURLEY_LNODERLEY,HURLEY_LNODERLEY,HURLEY_LNODERLEY,RTPD,LMP,LMP_PRC,HURLEY_LNODERLEY,ALL,1,58.82921,3,1
2022-09-01T17:30:00-00:00,2022-09-01T17:45:00-00:00,2022-09-01,11,HURLEY_LNODERLEY,HURLEY_LNODERLEY,HURLEY_LNODERLEY,RTPD,LMP,LMP_PRC,HURLEY_LNODERLEY,ALL,1,69.98603,3,1
2022-09-01T18:30:00-00:00,2022-09-01T18:45:00-00:00,2022-09-01,12,HURLEY_LNODERLEY,HURLEY_LNODERLEY,HURLEY_LNODERLEY,RTPD,LMP,LMP_PRC,HURLEY_LNODERLEY,ALL,1,69.08877,3,1
2022-09-01T19:30:00-00:00,2022-09-01T19:45:00-00:00,2022-09-01,13,HURLEY_LNODERLEY,HURLEY_LNODERLEY,HURLEY_LNODERLEY,RTPD,LMP,LMP_PRC,HURLEY_LNODERLEY,ALL,1,74.18121,3,1
2022-09-01T20:30:00-00:00,2022-09-01T20:45:00-00:00,2022-09-01,14,HURLEY_LNODERLEY,HURLEY_LNODERLEY,HURLEY_LNODERLEY,RTPD,LMP,LMP_PRC,HURLEY_LNODERLEY,ALL,1,118.23259,3,1
2022-09-01T21:30:00-00:00,2022-09-01T21:45:00-00:00,2022-09-01,15,HURLEY_LNODERLEY,HURLEY_LNODERLEY,HURLEY_LNODERLEY,RTPD,LMP,LMP_PRC,HURLEY_LNODERLEY,ALL,1,94.76599,3,1
2022-09-01T22:30:00-00:00,2022-09-01T22:45:00-00:00,2022-09-01,16,HURLEY_LNODERLEY,HURLEY_LNODERLEY,HURLEY_LNODERLEY,RTPD,LMP,LMP_PRC,HURLEY_LNODERLEY,ALL,1,133.78796,3,1
2022-09-01T23:30:00-00:00,2022-09-01T23:45:00-00:00,2022-09-01,17,HURLEY_LNODERLEY,HURLEY_LNODERLEY,HURLEY_LNODERLEY,RTPD,LMP,LMP_PRC,HURLEY_LNODERLEY,ALL,1,186.77637,3,1
2022-09-02T00:30:00-00:00,2022-09-02T00:45:00-00:00,2022-09-01,18,HURLEY_LNODERLEY,HURLEY_LNODERLEY,HURLEY_LNODERLEY,RTPD,LMP,LMP_PRC,HURLEY_LNODERLEY,ALL,1,1308.7567,3,1
2022-09-02T01:30:00-00:00,2022-09-02T01:45:00-00:00,2022-09-01,19,HURLEY_LNODERLEY,HURLEY_LNODERLEY,HURLEY_LNODERLEY,RTPD,LMP,LMP_PRC,HURLEY_LNODERLEY,ALL,1,1956.5453,3,1
2022-09-02T02:30:00-00:00,2022-09-02T02:45:00-00:00,2022-09-01,20,HURLEY_LNODERLEY,HURLEY_LNODERLEY,HURLEY_LNODERLEY,RTPD,LMP,LMP_PRC,HURLEY_LNODERLEY,ALL,1,1965.7886,3,1
2022-09-02T03:30:00-00:00,2022-09-02T03:45:00-00:00,2022-09-01,21,HURLEY_LNODERLEY,HURLEY_LNODERLEY,HURLEY_LNODERLEY,RTPD,LMP,LMP_PRC,HURLEY_LNODERLEY,ALL,1,127.5999,3,1
2022-09-02T04:30:00-00:00,2022-09-02T04:45:00-00:00,2022-09-01,22,HURLEY_LNODERLEY,HURLEY_LNODERLEY,HURLEY_LNODERLEY,RTPD,LMP,LMP_PRC,HURLEY_LNODERLEY,ALL,1,45.30899,3,1
2022-09-02T05:30:00-00:00,2022-09-02T05:45:00-00:00,2022-09-01,23,HURLEY_LNODERLEY,HURLEY_LNODERLEY,HURLEY_LNODERLEY,RTPD,LMP,LMP_PRC,HURLEY_LNODERLEY,ALL,1,34.69742,3,1
2022-09-02T06:30:00-00:00,2022-09-02T06:45:00-00:00,2022-09-01,24,HURLEY_LNODERLEY,HURLEY_LNODERLEY,HURLEY_LNODERLEY,RTPD,LMP,LMP_PRC,HURLEY_LNODERLEY,ALL,1,36.34314,3,1
2022-09-01T07:45:00-00:00,2022-09-01T08:00:00-00:00,2022-09-01,01,HURLEY_LNODERLEY,HURLEY_LNODERLEY,HURLEY_LNODERLEY,RTPD,LMP,LMP_PRC,HURLEY_LNODERLEY,ALL,1,108.2058,4,1
2022-09-01T08:45:00-00:00,2022-09-01T09:00:00-00:00,2022-09-01,02,HURLEY_LNODERLEY,HURLEY_LNODERLEY,HURLEY_LNODERLEY,RTPD,LMP,LMP_PRC,HURLEY_LNODERLEY,ALL,1,90.55455,4,1
2022-09-01T09:45:00-00:00,2022-09-01T10:00:00-00:00,2022-09-01,03,HURLEY_LNODERLEY,HURLEY_LNODERLEY,HURLEY_LNODERLEY,RTPD,LMP,LMP_PRC,HURLEY_LNODERLEY,ALL,1,92.63245,4,1
2022-09-01T10:45:00-00:00,2022-09-01T11:00:00-00:00,2022-09-01,04,HURLEY_LNODERLEY,HURLEY_LNODERLEY,HURLEY_LNODERLEY,RTPD,LMP,LMP_PRC,HURLEY_LNODERLEY,ALL,1,86.20399,4,1
2022-09-01T11:45:00-00:00,2022-09-01T12:00:00-00:00,2022-09-01,05,HURLEY_LNODERLEY,HURLEY_LNODERLEY,HURLEY_LNODERLEY,RTPD,LMP,LMP_PRC,HURLEY_LNODERLEY,ALL,1,92.2168,4,1
2022-09-01T12:45:00-00:00,2022-09-01T13:00:00-00:00,2022-09-01,06,HURLEY_LNODERLEY,HURLEY_LNODERLEY,HURLEY_LNODERLEY,RTPD,LMP,LMP_PRC,HURLEY_LNODERLEY,ALL,1,103.46524,4,1
2022-09-01T13:45:00-00:00,2022-09-01T14:00:00-00:00,2022-09-01,07,HURLEY_LNODERLEY,HURLEY_LNODERLEY,HURLEY_LNODERLEY,RTPD,LMP,LMP_PRC,HURLEY_LNODERLEY,ALL,1,87.816,4,1
2022-09-01T14:45:00-00:00,2022-09-01T15:00:00-00:00,2022-09-01,08,HURLEY_LNODERLEY,HURLEY_LNODERLEY,HURLEY_LNODERLEY,RTPD,LMP,LMP_PRC,HURLEY_LNODERLEY,ALL,1,54.9102,4,1
2022-09-01T15:45:00-00:00,2022-09-01T16:00:00-00:00,2022-09-01,09,HURLEY_LNODERLEY,HURLEY_LNODERLEY,HURLEY_LNODERLEY,RTPD,LMP,LMP_PRC,HURLEY_LNODERLEY,ALL,1,32.25685,4,1
2022-09-01T16:45:00-00:00,2022-09-01T17:00:00-00:00,2022-09-01,10,HURLEY_LNODERLEY,HURLEY_LNODERLEY,HURLEY_LNODERLEY,RTPD,LMP,LMP_PRC,HURLEY_LNODERLEY,ALL,1,60.64414,4,1
2022-09-01T17:45:00-00:00,2022-09-01T18:00:00-00:00,2022-09-01,11,HURLEY_LNODERLEY,HURLEY_LNODERLEY,HURLEY_LNODERLEY,RTPD,LMP,LMP_PRC,HURLEY_LNODERLEY,ALL,1,67.66481,4,1
2022-09-01T18:45:00-00:00,2022-09-01T19:00:00-00:00,2022-09-01,12,HURLEY_LNODERLEY,HURLEY_LNODERLEY,HURLEY_LNODERLEY,RTPD,LMP,LMP_PRC,HURLEY_LNODERLEY,ALL,1,68.26298,4,1
2022-09-01T19:45:00-00:00,2022-09-01T20:00:00-00:00,2022-09-01,13,HURLEY_LNODERLEY,HURLEY_LNODERLEY,HURLEY_LNODERLEY,RTPD,LMP,LMP_PRC,HURLEY_LNODERLEY,ALL,1,78.96004,4,1
2022-09-01T20:45:00-00:00,2022-09-01T21:00:00-00:00,2022-09-01,14,HURLEY_LNODERLEY,HURLEY_LNODERLEY,HURLEY_LNODERLEY,RTPD,LMP,LMP_PRC,HURLEY_LNODERLEY,ALL,1,110.51097,4,1
2022-09-01T21:45:00-00:00,2022-09-01T22:00:00-00:00,2022-09-01,15,HURLEY_LNODERLEY,HURLEY_LNODERLEY,HURLEY_LNODERLEY,RTPD,LMP,LMP_PRC,HURLEY_LNODERLEY,ALL,1,125.43377,4,1
2022-09-01T22:45:00-00:00,2022-09-01T23:00:00-00:00,2022-09-01,16,HURLEY_LNODERLEY,HURLEY_LNODERLEY,HURLEY_LNODERLEY,RTPD,LMP,LMP_PRC,HURLEY_LNODERLEY,ALL,1,219.07812,4,1
2022-09-01T23:45:00-00:00,2022-09-02T00:00:00-00:00,2022-09-01,17,HURLEY_LNODERLEY,HURLEY_LNODERLEY,HURLEY_LNODERLEY,RTPD,LMP,LMP_PRC,HURLEY_LNODERLEY,ALL,1,857.1833,4,1
2022-09-02T00:45:00-00:00,2022-09-02T01:00:00-00:00,2022-09-01,18,HURLEY_LNODERLEY,HURLEY_LNODERLEY,HURLEY_LNODERLEY,RTPD,LMP,LMP_PRC,HURLEY_LNODERLEY,ALL,1,977.0077,4,1
2022-09-02T01:45:00-00:00,2022-09-02T02:00:00-00:00,2022-09-01,19,HURLEY_LNODERLEY,HURLEY_LNODERLEY,HURLEY_LNODERLEY,RTPD,LMP,LMP_PRC,HURLEY_LNODERLEY,ALL,1,1976.3213,4,1
2022-09-02T02:45:00-00:00,2022-09-02T03:00:00-00:00,2022-09-01,20,HURLEY_LNODERLEY,HURLEY_LNODERLEY,HURLEY_LNODERLEY,RTPD,LMP,LMP_PRC,HURLEY_LNODERLEY,ALL,1,997.12714,4,1
2022-09-02T03:45:00-00:00,2022-09-02T04:00:00-00:00,2022-09-01,21,HURLEY_LNODERLEY,HURLEY_LNODERLEY,HURLEY_LNODERLEY,RTPD,LMP,LMP_PRC,HURLEY_LNODERLEY,ALL,1,87.89688,4,1
2022-09-02T04:45:00-00:00,2022-09-02T05:00:00-00:00,2022-09-01,22,HURLEY_LNODERLEY,HURLEY_LNODERLEY,HURLEY_LNODERLEY,RTPD,LMP,LMP_PRC,HURLEY_LNODERLEY,ALL,1,27.29137,4,1
2022-09-02T05:45:00-00:00,2022-09-02T06:00:00-00:00,2022-09-01,23,HURLEY_LNODERLEY,HURLEY_LNODERLEY,HURLEY_LNODERLEY,RTPD,LMP,LMP_PRC,HURLEY_LNODERLEY,ALL,1,1.52694,4,1
2022-09-02T06:45:00-00:00,2022-09-02T07:00:00-00:00,2022-09-01,24,HURLEY_LNODERLEY,HURLEY_LNODERLEY,HURLEY_LNODERLEY,RTPD,LMP,LMP_PRC,HURLEY_LNODERLEY,ALL,1,47.22484,4,1
2022-09-01T07:00:00-00:00,2022-09-01T07:15:00-00:00,2022-09-01,01,HURLEY_LNODERLEY,HURLEY_LNODERLEY,HURLEY_LNODERLEY,RTPD,MCC,LMP_CONG_PRC,HURLEY_LNODERLEY,ALL,1,15.87656,1,2
2022-09-01T08:00:00-00:00,2022-09-01T08:15:00-00:00,2022-09-01,02,HURLEY_LNODERLEY,HURLEY_LNODERLEY,HURLEY_LNODERLEY,RTPD,MCC,LMP_CONG_PRC,HURLEY_LNODERLEY,ALL,1,2.3726,1,2
2022-09-01T09:00:00-00:00,2022-09-01T09:15:00-00:00,2022-09-01,03,HURLEY_LNODERLEY,HURLEY_LNODERLEY,HURLEY_LNODERLEY,RTPD,MCC,LMP_CONG_PRC,HURLEY_LNODERLEY,ALL,1,3.18024,1,2
2022-09-01T10:00:00-00:00,2022-09-01T10:15:00-00:00,2022-09-01,04,HURLEY_LNODERLEY,HURLEY_LNODERLEY,HURLEY_LNODERLEY,RTPD,MCC,LMP_CONG_PRC,HURLEY_LNODERLEY,ALL,1,2.8049,1,2
2022-09-01T11:00:00-00:00,2022-09-01T11:15:00-00:00,2022-09-01,05,HURLEY_LNODERLEY,HURLEY_LNODERLEY,HURLEY_LNODERLEY,RTPD,MCC,LMP_CONG_PRC,HURLEY_LNODERLEY,ALL,1,-0.0032,1,2
2022-09-01T12:00:00-00:00,2022-09-01T12:15:00-00:00,2022-09-01,06,HURLEY_LNODERLEY,HURLEY_LNODERLEY,HURLEY_LNODERLEY,RTPD,MCC,LMP_CONG_PRC,HURLEY_LNODERLEY,ALL,1,7.38506,1,2
2022-09-01T13:00:00-00:00,2022-09-01T13:15:00-00:00,2022-09-01,07,HURLEY_LNODERLEY,HURLEY_LNODERLEY,HURLEY_LNODERLEY,RTPD,MCC,LMP_CONG_PRC,HURLEY_LNODERLEY,ALL,1,10.15039,1,2
2022-09-01T14:00:00-00:00,2022-09-01T14:15:00-00:00,2022-09-01,08,HURLEY_LNODERLEY,HURLEY_LNODERLEY,HURLEY_LNODERLEY,RTPD,MCC,LMP_CONG_PRC,HURLEY_LNODERLEY,ALL,1,-18.95398,1,2
2022-09-01T15:00:00-00:00,2022-09-01T15:15:00-00:00,2022-09-01,09,HURLEY_LNODERLEY,HURLEY_LNODERLEY,HURLEY_LNODERLEY,RTPD,MCC,LMP_CONG_PRC,HURLEY_LNODERLEY,ALL,1,-51.56028,1,2
2022-09-01T16:00:00-00:00,2022-09-01T16:15:00-00:00,2022-09-01,10,HURLEY_LNODERLEY,HURLEY_LNODERLEY,HURLEY_LNODERLEY,RTPD,MCC,LMP_CONG_PRC,HURLEY_LNODERLEY,ALL,1,-37.97613,1,2
2022-09-01T17:00:00-00:00,2022-09-01T17:15:00-00:00,2022-09-01,11,HURLEY_LNODERLEY,HURLEY_LNODERLEY,HURLEY_LNODERLEY,RTPD,MCC,LMP_CONG_PRC,HURLEY_LNODERLEY,ALL,1,-21.75805,1,2
2022-09-01T18:00:00-00:00,2022-09-01T18:15:00-00:00,2022-09-01,12,HURLEY_LNODERLEY,HURLEY_LNODERLEY,HURLEY_LNODERLEY,RTPD,MCC,LMP_CONG_PRC,HURLEY_LNODERLEY,ALL,1,-14.50879,1,2
2022-09-01T19:00:00-00:00,2022-09-01T19:15:00-00:00,2022-09-01,13,HURLEY_LNODERLEY,HURLEY_LNODERLEY,HURLEY_LNODERLEY,RTPD,MCC,LMP_CONG_PRC,HURLEY_LNODERLEY,ALL,1,-37.77475,1,2
2022-09-01T20:00:00-00:00,2022-09-01T20:15:00-00:00,2022-09-01,14,HURLEY_LNODERLEY,HURLEY_LNODERLEY,HURLEY_LNODERLEY,RTPD,MCC,LMP_CONG_PRC,HURLEY_LNODERLEY,ALL,1,1.83277,1,2
2022-09-01T21:00:00-00:00,2022-09-01T21:15:00-00:00,2022-09-01,15,HURLEY_LNODERLEY,HURLEY_LNODERLEY,HURLEY_LNODERLEY,RTPD,MCC,LMP_CONG_PRC,HURLEY_LNODERLEY,ALL,1,-153.32819,1,2
2022-09-01T22:00:00-00:00,2022-09-01T22:15:00-00:00,2022-09-01,16,HURLEY_LNODERLEY,HURLEY_LNODERLEY,HURLEY_LNODERLEY,RTPD,MCC,LMP_CONG_PRC,HURLEY_LNODERLEY,ALL,1,-94.80043,1,2
2022-09-01T23:00:00-00:00,2022-09-01T23:15:00-00:00,2022-09-01,17,HURLEY_LNODERLEY,HURLEY_LNODERLEY,HURLEY_LNODERLEY,RTPD,MCC,LMP_CONG_PRC,HURLEY_LNODERLEY,ALL,1,-209.78201,1,2
2022-09-02T00:00:00-00:00,2022-09-02T00:15:00-00:00,2022-09-01,18,HURLEY_LNODERLEY,HURLEY_LNODERLEY,HURLEY_LNODERLEY,RTPD,MCC,LMP_CONG_PRC,HURLEY_LNODERLEY,ALL,1,-135.59662,1,2
2022-09-02T01:00:00-00:00,2022-09-02T01:15:00-00:00,2022-09-01,19,HURLEY_LNODERLEY,HURLEY_LNODERLEY,HURLEY_LNODERLEY,RTPD,MCC,LMP_CONG_PRC,HURLEY_LNODERLEY,ALL,1,83.38259,1,2
2022-09-02T02:00:00-00:00,2022-09-02T02:15:00-00:00,2022-09-01,20,HURLEY_LNODERLEY,HURLEY_LNODERLEY,HURLEY_LNODERLEY,RTPD,MCC,LMP_CONG_PRC,HURLEY_LNODERLEY,ALL,1,-95.39968,1,2
2022-09-02T03:00:00-00:00,2022-09-02T03:15:00-00:00,2022-09-01,21,HURLEY_LNODERLEY,HURLEY_LNODERLEY,HURLEY_LNODERLEY,RTPD,MCC,LMP_CONG_PRC,HURLEY_LNODERLEY,ALL,1,-349.0189,1,2
2022-09-02T04:00:00-00:00,2022-09-02T04:15:00-00:00,2022-09-01,22,HURLEY_LNODERLEY,HURLEY_LNODERLEY,HURLEY_LNODERLEY,RTPD,MCC,LMP_CONG_PRC,HURLEY_LNODERLEY,ALL,1,-193.41951,1,2
2022-09-02T05:00:00-00:00,2022-09-02T05:15:00-00:00,2022-09-01,23,HURLEY_LNODERLEY,HURLEY_LNODERLEY,HURLEY_LNODERLEY,RTPD,MCC,LMP_CONG_PRC,HURLEY_LNODERLEY,ALL,1,-110.16421,1,2
2022-09-02T06:00:00-00:00,2022-09-02T06:15:00-00:00,2022-09-01,24,HURLEY_LNODERLEY,HURLEY_LNODERLEY,HURLEY_LNODERLEY,RTPD,MCC,LMP_CONG_PRC,HURLEY_LNODERLEY,ALL,1,-72.07545,1,2
2022-09-01T07:15:00-00:00,2022-09-01T07:30:00-00:00,2022-09-01,01,HURLEY_LNODERLEY,HURLEY_LNODERLEY,HURLEY_LNODERLEY,RTPD,MCC,LMP_CONG_PRC,HURLEY_LNODERLEY,ALL,1,6.99966,2,2
2022-09-01T08:15:00-00:00,2022-09-01T08:30:00-00:00,2022-09-01,02,HURLEY_LNODERLEY,HURLEY_LNODERLEY,HURLEY_LNODERLEY,RTPD,MCC,LMP_CONG_PRC,HURLEY_LNODERLEY,ALL,1,0.64587,2,2
2022-09-01T09:15:00-00:00,2022-09-01T09:30:00-00:00,2022-09-01,03,HURLEY_LNODERLEY,HURLEY_LNODERLEY,HURLEY_LNODERLEY,RTPD,MCC,LMP_CONG_PRC,HURLEY_LNODERLEY,ALL,1,4.20605,2,2
2022-09-01T10:15:00-00:00,2022-09-01T10:30:00-00:00,2022-09-01,04,HURLEY_LNODERLEY,HURLEY_LNODERLEY,HURLEY_LNODERLEY,RTPD,MCC,LMP_CONG_PRC,HURLEY_LNODERLEY,ALL,1,3.9689,2,2
2022-09-01T11:15:00-00:00,2022-09-01T11:30:00-00:00,2022-09-01,05,HURLEY_LNODERLEY,HURLEY_LNODERLEY,HURLEY_LNODERLEY,RTPD,MCC,LMP_CONG_PRC,HURLEY_LNODERLEY,ALL,1,-0.004,2,2
2022-09-01T12:15:00-00:00,2022-09-01T12:30:00-00:00,2022-09-01,06,HURLEY_LNODERLEY,HURLEY_LNODERLEY,HURLEY_LNODERLEY,RTPD,MCC,LMP_CONG_PRC,HURLEY_LNODERLEY,ALL,1,4.52544,2,2
2022-09-01T13:15:00-00:00,2022-09-01T13:30:00-00:00,2022-09-01,07,HURLEY_LNODERLEY,HURLEY_LNODERLEY,HURLEY_LNODERLEY,RTPD,MCC,LMP_CONG_PRC,HURLEY_LNODERLEY,ALL,1,0.43253,2,2
2022-09-01T14:15:00-00:00,2022-09-01T14:30:00-00:00,2022-09-01,08,HURLEY_LNODERLEY,HURLEY_LNODERLEY,HURLEY_LNODERLEY,RTPD,MCC,LMP_CONG_PRC,HURLEY_LNODERLEY,ALL,1,-24.15952,2,2
2022-09-01T15:15:00-00:00,2022-09-01T15:30:00-00:00,2022-09-01,09,HURLEY_LNODERLEY,HURLEY_LNODERLEY,HURLEY_LNODERLEY,RTPD,MCC,LMP_CONG_PRC,HURLEY_LNODERLEY,ALL,1,-54.56651,2,2
2022-09-01T16:15:00-00:00,2022-09-01T16:30:00-00:00,2022-09-01,10,HURLEY_LNODERLEY,HURLEY_LNODERLEY,HURLEY_LNODERLEY,RTPD,MCC,LMP_CONG_PRC,HURLEY_LNODERLEY,ALL,1,-34.08751,2,2
2022-09-01T17:15:00-00:00,2022-09-01T17:30:00-00:00,2022-09-01,11,HURLEY_LNODERLEY,HURLEY_LNODERLEY,HURLEY_LNODERLEY,RTPD,MCC,LMP_CONG_PRC,HURLEY_LNODERLEY,ALL,1,-21.27137,2,2
2022-09-01T18:15:00-00:00,2022-09-01T18:30:00-00:00,2022-09-01,12,HURLEY_LNODERLEY,HURLEY_LNODERLEY,HURLEY_LNODERLEY,RTPD,MCC,LMP_CONG_PRC,HURLEY_LNODERLEY,ALL,1,-24.99412,2,2
2022-09-01T19:15:00-00:00,2022-09-01T19:30:00-00:00,2022-09-01,13,HURLEY_LNODERLEY,HURLEY_LNODERLEY,HURLEY_LNODERLEY,RTPD,MCC,LMP_CONG_PRC,HURLEY_LNODERLEY,ALL,1,-15.58288,2,2
2022-09-01T20:15:00-00:00,2022-09-01T20:30:00-00:00,2022-09-01,14,HURLEY_LNODERLEY,HURLEY_LNODERLEY,HURLEY_LNODERLEY,RTPD,MCC,LMP_CONG_PRC,HURLEY_LNODERLEY,ALL,1,2.00173,2,2
2022-09-01T21:15:00-00:00,2022-09-01T21:30:00-00:00,2022-09-01,15,HURLEY_LNODERLEY,HURLEY_LNODERLEY,HURLEY_LNODERLEY,RTPD,MCC,LMP_CONG_PRC,HURLEY_LNODERLEY,ALL,1,-33.20404,2,2
2022-09-01T22:15:00-00:00,2022-09-01T22:30:00-00:00,2022-09-01,16,HURLEY_LNODERLEY,HURLEY_LNODERLEY,HURLEY_LNODERLEY,RTPD,MCC,LMP_CONG_PRC,HURLEY_LNODERLEY,ALL,1,-98.91779,2,2
2022-09-01T23:15:00-00:00,2022-09-01T23:30:00-00:00,2022-09-01,17,HURLEY_LNODERLEY,HURLEY_LNODERLEY,HURLEY_LNODERLEY,RTPD,MCC,LMP_CONG_PRC,HURLEY_LNODERLEY,ALL,1,-194.10257,2,2
2022-09-02T00:15:00-00:00,2022-09-02T00:30:00-00:00,2022-09-01,18,HURLEY_LNODERLEY,HURLEY_LNODERLEY,HURLEY_LNODERLEY,RTPD,MCC,LMP_CONG_PRC,HURLEY_LNODERLEY,ALL,1,-118.97806,2,2
2022-09-02T01:15:00-00:00,2022-09-02T01:30:00-00:00,2022-09-01,19,HURLEY_LNODERLEY,HURLEY_LNODERLEY,HURLEY_LNODERLEY,RTPD,MCC,LMP_CONG_PRC,HURLEY_LNODERLEY,ALL,1,-130.004,2,2
2022-09-02T02:15:00-00:00,2022-09-02T02:30:00-00:00,2022-09-01,20,HURLEY_LNODERLEY,HURLEY_LNODERLEY,HURLEY_LNODERLEY,RTPD,MCC,LMP_CONG_PRC,HURLEY_LNODERLEY,ALL,1,-0.0024,2,2
2022-09-02T03:15:00-00:00,2022-09-02T03:30:00-00:00,2022-09-01,21,HURLEY_LNODERLEY,HURLEY_LNODERLEY,HURLEY_LNODERLEY,RTPD,MCC,LMP_CONG_PRC,HURLEY_LNODERLEY,ALL,1,-123.70448,2,2
2022-09-02T04:15:00-00:00,2022-09-02T04:30:00-00:00,2022-09-01,22,HURLEY_LNODERLEY,HURLEY_LNODERLEY,HURLEY_LNODERLEY,RTPD,MCC,LMP_CONG_PRC,HURLEY_LNODERLEY,ALL,1,-160.40344,2,2
2022-09-02T05:15:00-00:00,2022-09-02T05:30:00-00:00,2022-09-01,23,HURLEY_LNODERLEY,HURLEY_LNODERLEY,HURLEY_LNODERLEY,RTPD,MCC,LMP_CONG_PRC,HURLEY_LNODERLEY,ALL,1,-105.38707,2,2
2022-09-02T06:15:00-00:00,2022-09-02T06:30:00-00:00,2022-09-01,24,HURLEY_LNODERLEY,HURLEY_LNODERLEY,HURLEY_LNODERLEY,RTPD,MCC,LMP_CONG_PRC,HURLEY_LNODERLEY,ALL,1,-34.88866,2,2
2022-09-01T07:30:00-00:00,2022-09-01T07:45:00-00:00,2022-09-01,01,HURLEY_LNODERLEY,HURLEY_LNODERLEY,HURLEY_LNODERLEY,RTPD,MCC,LMP_CONG_PRC,HURLEY_LNODERLEY,ALL,1,11.44268,3,2
2022-09-01T08:30:00-00:00,2022-09-01T08:45:00-00:00,2022-09-01,02,HURLEY_LNODERLEY,HURLEY_LNODERLEY,HURLEY_LNODERLEY,RTPD,MCC,LMP_CONG_PRC,HURLEY_LNODERLEY,ALL,1,-0.00179,3,2
2022-09-01T09:30:00-00:00,2022-09-01T09:45:00-00:00,2022-09-01,03,HURLEY_LNODERLEY,HURLEY_LNODERLEY,HURLEY_LNODERLEY,RTPD,MCC,LMP_CONG_PRC,HURLEY_LNODERLEY,ALL,1,4.1683,3,2
2022-09-01T10:30:00-00:00,2022-09-01T10:45:00-00:00,2022-09-01,04,HURLEY_LNODERLEY,HURLEY_LNODERLEY,HURLEY_LNODERLEY,RTPD,MCC,LMP_CONG_PRC,HURLEY_LNODERLEY,ALL,1,2.24412,3,2
2022-09-01T11:30:00-00:00,2022-09-01T11:45:00-00:00,2022-09-01,05,HURLEY_LNODERLEY,HURLEY_LNODERLEY,HURLEY_LNODERLEY,RTPD,MCC,LMP_CONG_PRC,HURLEY_LNODERLEY,ALL,1,-0.004,3,2
2022-09-01T12:30:00-00:00,2022-09-01T12:45:00-00:00,2022-09-01,06,HURLEY_LNODERLEY,HURLEY_LNODERLEY,HURLEY_LNODERLEY,RTPD,MCC,LMP_CONG_PRC,HURLEY_LNODERLEY,ALL,1,7.86385,3,2
2022-09-01T13:30:00-00:00,2022-09-01T13:45:00-00:00,2022-09-01,07,HURLEY_LNODERLEY,HURLEY_LNODERLEY,HURLEY_LNODERLEY,RTPD,MCC,LMP_CONG_PRC,HURLEY_LNODERLEY,ALL,1,-1.85344,3,2
2022-09-01T14:30:00-00:00,2022-09-01T14:45:00-00:00,2022-09-01,08,HURLEY_LNODERLEY,HURLEY_LNODERLEY,HURLEY_LNODERLEY,RTPD,MCC,LMP_CONG_PRC,HURLEY_LNODERLEY,ALL,1,-17.69639,3,2
2022-09-01T15:30:00-00:00,2022-09-01T15:45:00-00:00,2022-09-01,09,HURLEY_LNODERLEY,HURLEY_LNODERLEY,HURLEY_LNODERLEY,RTPD,MCC,LMP_CONG_PRC,HURLEY_LNODERLEY,ALL,1,-68.73595,3,2
2022-09-01T16:30:00-00:00,2022-09-01T16:45:00-00:00,2022-09-01,10,HURLEY_LNODERLEY,HURLEY_LNODERLEY,HURLEY_LNODERLEY,RTPD,MCC,LMP_CONG_PRC,HURLEY_LNODERLEY,ALL,1,-18.83723,3,2
2022-09-01T17:30:00-00:00,2022-09-01T17:45:00-00:00,2022-09-01,11,HURLEY_LNODERLEY,HURLEY_LNODERLEY,HURLEY_LNODERLEY,RTPD,MCC,LMP_CONG_PRC,HURLEY_LNODERLEY,ALL,1,-17.5141,3,2
2022-09-01T18:30:00-00:00,2022-09-01T18:45:00-00:00,2022-09-01,12,HURLEY_LNODERLEY,HURLEY_LNODERLEY,HURLEY_LNODERLEY,RTPD,MCC,LMP_CONG_PRC,HURLEY_LNODERLEY,ALL,1,-23.58859,3,2
2022-09-01T19:30:00-00:00,2022-09-01T19:45:00-00:00,2022-09-01,13,HURLEY_LNODERLEY,HURLEY_LNODERLEY,HURLEY_LNODERLEY,RTPD,MCC,LMP_CONG_PRC,HURLEY_LNODERLEY,ALL,1,-25.08784,3,2
2022-09-01T20:30:00-00:00,2022-09-01T20:45:00-00:00,2022-09-01,14,HURLEY_LNODERLEY,HURLEY_LNODERLEY,HURLEY_LNODERLEY,RTPD,MCC,LMP_CONG_PRC,HURLEY_LNODERLEY,ALL,1,7.78654,3,2
2022-09-01T21:30:00-00:00,2022-09-01T21:45:00-00:00,2022-09-01,15,HURLEY_LNODERLEY,HURLEY_LNODERLEY,HURLEY_LNODERLEY,RTPD,MCC,LMP_CONG_PRC,HURLEY_LNODERLEY,ALL,1,-43.37458,3,2
2022-09-01T22:30:00-00:00,2022-09-01T22:45:00-00:00,2022-09-01,16,HURLEY_LNODERLEY,HURLEY_LNODERLEY,HURLEY_LNODERLEY,RTPD,MCC,LMP_CONG_PRC,HURLEY_LNODERLEY,ALL,1,-131.62384,3,2
2022-09-01T23:30:00-00:00,2022-09-01T23:45:00-00:00,2022-09-01,17,HURLEY_LNODERLEY,HURLEY_LNODERLEY,HURLEY_LNODERLEY,RTPD,MCC,LMP_CONG_PRC,HURLEY_LNODERLEY,ALL,1,-353.54523,3,2
2022-09-02T00:30:00-00:00,2022-09-02T00:45:00-00:00,2022-09-01,18,HURLEY_LNODERLEY,HURLEY_LNODERLEY,HURLEY_LNODERLEY,RTPD,MCC,LMP_CONG_PRC,HURLEY_LNODERLEY,ALL,1,9.15409,3,2
2022-09-02T01:30:00-00:00,2022-09-02T01:45:00-00:00,2022-09-01,19,HURLEY_LNODERLEY,HURLEY_LNODERLEY,HURLEY_LNODERLEY,RTPD,MCC,LMP_CONG_PRC,HURLEY_LNODERLEY,ALL,1,-24.8603,3,2
2022-09-02T02:30:00-00:00,2022-09-02T02:45:00-00:00,2022-09-01,20,HURLEY_LNODERLEY,HURLEY_LNODERLEY,HURLEY_LNODERLEY,RTPD,MCC,LMP_CONG_PRC,HURLEY_LNODERLEY,ALL,1,-0.0024,3,2
2022-09-02T03:30:00-00:00,2022-09-02T03:45:00-00:00,2022-09-01,21,HURLEY_LNODERLEY,HURLEY_LNODERLEY,HURLEY_LNODERLEY,RTPD,MCC,LMP_CONG_PRC,HURLEY_LNODERLEY,ALL,1,-37.25219,3,2
2022-09-02T04:30:00-00:00,2022-09-02T04:45:00-00:00,2022-09-01,22,HURLEY_LNODERLEY,HURLEY_LNODERLEY,HURLEY_LNODERLEY,RTPD,MCC,LMP_CONG_PRC,HURLEY_LNODERLEY,ALL,1,-119.01645,3,2
2022-09-02T05:30:00-00:00,2022-09-02T05:45:00-00:00,2022-09-01,23,HURLEY_LNODERLEY,HURLEY_LNODERLEY,HURLEY_LNODERLEY,RTPD,MCC,LMP_CONG_PRC,HURLEY_LNODERLEY,ALL,1,-83.29901,3,2
2022-09-02T06:30:00-00:00,2022-09-02T06:45:00-00:00,2022-09-01,24,HURLEY_LNODERLEY,HURLEY_LNODERLEY,HURLEY_LNODERLEY,RTPD,MCC,LMP_CONG_PRC,HURLEY_LNODERLEY,ALL,1,-77.19164,3,2
2022-09-01T07:45:00-00:00,2022-09-01T08:00:00-00:00,2022-09-01,01,HURLEY_LNODERLEY,HURLEY_LNODERLEY,HURLEY_LNODERLEY,RTPD,MCC,LMP_CONG_PRC,HURLEY_LNODERLEY,ALL,1,13.08482,4,2
2022-09-01T08:45:00-00:00,2022-09-01T09:00:00-00:00,2022-09-01,02,HURLEY_LNODERLEY,HURLEY_LNODERLEY,HURLEY_LNODERLEY,RTPD,MCC,LMP_CONG_PRC,HURLEY_LNODERLEY,ALL,1,3.19236,4,2
2022-09-01T09:45:00-00:00,2022-09-01T10:00:00-00:00,2022-09-01,03,HURLEY_LNODERLEY,HURLEY_LNODERLEY,HURLEY_LNODERLEY,RTPD,MCC,LMP_CONG_PRC,HURLEY_LNODERLEY,ALL,1,3.76107,4,2
2022-09-01T10:45:00-00:00,2022-09-01T11:00:00-00:00,2022-09-01,04,HURLEY_LNODERLEY,HURLEY_LNODERLEY,HURLEY_LNODERLEY,RTPD,MCC,LMP_CONG_PRC,HURLEY_LNODERLEY,ALL,1,0.88656,4,2
2022-09-01T11:45:00-00:00,2022-09-01T12:00:00-00:00,2022-09-01,05,HURLEY_LNODERLEY,HURLEY_LNODERLEY,HURLEY_LNODERLEY,RTPD,MCC,LMP_CONG_PRC,HURLEY_LNODERLEY,ALL,1,-0.0032,4,2
2022-09-01T12:45:00-00:00,2022-09-01T13:00:00-00:00,2022-09-01,06,HURLEY_LNODERLEY,HURLEY_LNODERLEY,HURLEY_LNODERLEY,RTPD,MCC,LMP_CONG_PRC,HURLEY_LNODERLEY,ALL,1,1.77043,4,2
2022-09-01T13:45:00-00:00,2022-09-01T14:00:00-00:00,2022-09-01,07,HURLEY_LNODERLEY,HURLEY_LNODERLEY,HURLEY_LNODERLEY,RTPD,MCC,LMP_CONG_PRC,HURLEY_LNODERLEY,ALL,1,-8.804,4,2
2022-09-01T14:45:00-00:00,2022-09-01T15:00:00-00:00,2022-09-01,08,HURLEY_LNODERLEY,HURLEY_LNODERLEY,HURLEY_LNODERLEY,RTPD,MCC,LMP_CONG_PRC,HURLEY_LNODERLEY,ALL,1,-22.3886,4,2
2022-09-01T15:45:00-00:00,2022-09-01T16:00:00-00:00,2022-09-01,09,HURLEY_LNODERLEY,HURLEY_LNODERLEY,HURLEY_LNODERLEY,RTPD,MCC,LMP_CONG_PRC,HURLEY_LNODERLEY,ALL,1,-34.3939,4,2
2022-09-01T16:45:00-00:00,2022-09-01T17:00:00-00:00,2022-09-01,10,HURLEY_LNODERLEY,HURLEY_LNODERLEY,HURLEY_LNODERLEY,RTPD,MCC,LMP_CONG_PRC,HURLEY_LNODERLEY,ALL,1,-19.66519,4,2
2022-09-01T17:45:00-00:00,2022-09-01T18:00:00-00:00,2022-09-01,11,HURLEY_LNODERLEY,HURLEY_LNODERLEY,HURLEY_LNODERLEY,RTPD,MCC,LMP_CONG_PRC,HURLEY_LNODERLEY,ALL,1,-19.21885,4,2
2022-09-01T18:45:00-00:00,2022-09-01T19:00:00-00:00,2022-09-01,12,HURLEY_LNODERLEY,HURLEY_LNODERLEY,HURLEY_LNODERLEY,RTPD,MCC,LMP_CONG_PRC,HURLEY_LNODERLEY,ALL,1,-26.79766,4,2
2022-09-01T19:45:00-00:00,2022-09-01T20:00:00-00:00,2022-09-01,13,HURLEY_LNODERLEY,HURLEY_LNODERLEY,HURLEY_LNODERLEY,RTPD,MCC,LMP_CONG_PRC,HURLEY_LNODERLEY,ALL,1,-25.89487,4,2
2022-09-01T20:45:00-00:00,2022-09-01T21:00:00-00:00,2022-09-01,14,HURLEY_LNODERLEY,HURLEY_LNODERLEY,HURLEY_LNODERLEY,RTPD,MCC,LMP_CONG_PRC,HURLEY_LNODERLEY,ALL,1,-27.90413,4,2
2022-09-01T21:45:00-00:00,2022-09-01T22:00:00-00:00,2022-09-01,15,HURLEY_LNODERLEY,HURLEY_LNODERLEY,HURLEY_LNODERLEY,RTPD,MCC,LMP_CONG_PRC,HURLEY_LNODERLEY,ALL,1,-160.07,4,2
2022-09-01T22:45:00-00:00,2022-09-01T23:00:00-00:00,2022-09-01,16,HURLEY_LNODERLEY,HURLEY_LNODERLEY,HURLEY_LNODERLEY,RTPD,MCC,LMP_CONG_PRC,HURLEY_LNODERLEY,ALL,1,-193.67557,4,2
2022-09-01T23:45:00-00:00,2022-09-02T00:00:00-00:00,2022-09-01,17,HURLEY_LNODERLEY,HURLEY_LNODERLEY,HURLEY_LNODERLEY,RTPD,MCC,LMP_CONG_PRC,HURLEY_LNODERLEY,ALL,1,-375.6992,4,2
2022-09-02T00:45:00-00:00,2022-09-02T01:00:00-00:00,2022-09-01,18,HURLEY_LNODERLEY,HURLEY_LNODERLEY,HURLEY_LNODERLEY,RTPD,MCC,LMP_CONG_PRC,HURLEY_LNODERLEY,ALL,1,-512.63135,4,2
2022-09-02T01:45:00-00:00,2022-09-02T02:00:00-00:00,2022-09-01,19,HURLEY_LNODERLEY,HURLEY_LNODERLEY,HURLEY_LNODERLEY,RTPD,MCC,LMP_CONG_PRC,HURLEY_LNODERLEY,ALL,1,-0.0024,4,2
2022-09-02T02:45:00-00:00,2022-09-02T03:00:00-00:00,2022-09-01,20,HURLEY_LNODERLEY,HURLEY_LNODERLEY,HURLEY_LNODERLEY,RTPD,MCC,LMP_CONG_PRC,HURLEY_LNODERLEY,ALL,1,-521.6426,4,2
2022-09-02T03:45:00-00:00,2022-09-02T04:00:00-00:00,2022-09-01,21,HURLEY_LNODERLEY,HURLEY_LNODERLEY,HURLEY_LNODERLEY,RTPD,MCC,LMP_CONG_PRC,HURLEY_LNODERLEY,ALL,1,-35.35884,4,2
2022-09-02T04:45:00-00:00,2022-09-02T05:00:00-00:00,2022-09-01,22,HURLEY_LNODERLEY,HURLEY_LNODERLEY,HURLEY_LNODERLEY,RTPD,MCC,LMP_CONG_PRC,HURLEY_LNODERLEY,ALL,1,-82.56188,4,2
2022-09-02T05:45:00-00:00,2022-09-02T06:00:00-00:00,2022-09-01,23,HURLEY_LNODERLEY,HURLEY_LNODERLEY,HURLEY_LNODERLEY,RTPD,MCC,LMP_CONG_PRC,HURLEY_LNODERLEY,ALL,1,-104.2872,4,2
2022-09-02T06:45:00-00:00,2022-09-02T07:00:00-00:00,2022-09-01,24,HURLEY_LNODERLEY,HURLEY_LNODERLEY,HURLEY_LNODERLEY,RTPD,MCC,LMP_CONG_PRC,HURLEY_LNODERLEY,ALL,1,-47.97694,4,2
2022-09-01T07:00:00-00:00,2022-09-01T07:15:00-00:00,2022-09-01,01,HURLEY_LNODERLEY,HURLEY_LNODERLEY,HURLEY_LNODERLEY,RTPD,MCE,LMP_ENE_PRC,HURLEY_LNODERLEY,ALL,1,104.23471,1,3
2022-09-01T08:00:00-00:00,2022-09-01T08:15:00-00:00,2022-09-01,02,HURLEY_LNODERLEY,HURLEY_LNODERLEY,HURLEY_LNODERLEY,RTPD,MCE,LMP_ENE_PRC,HURLEY_LNODERLEY,ALL,1,115.5488,1,3
2022-09-01T09:00:00-00:00,2022-09-01T09:15:00-00:00,2022-09-01,03,HURLEY_LNODERLEY,HURLEY_LNODERLEY,HURLEY_LNODERLEY,RTPD,MCE,LMP_ENE_PRC,HURLEY_LNODERLEY,ALL,1,99.73061,1,3
2022-09-01T10:00:00-00:00,2022-09-01T10:15:00-00:00,2022-09-01,04,HURLEY_LNODERLEY,HURLEY_LNODERLEY,HURLEY_LNODERLEY,RTPD,MCE,LMP_ENE_PRC,HURLEY_LNODERLEY,ALL,1,98.64222,1,3
2022-09-01T11:00:00-00:00,2022-09-01T11:15:00-00:00,2022-09-01,05,HURLEY_LNODERLEY,HURLEY_LNODERLEY,HURLEY_LNODERLEY,RTPD,MCE,LMP_ENE_PRC,HURLEY_LNODERLEY,ALL,1,102.56859,1,3
2022-09-01T12:00:00-00:00,2022-09-01T12:15:00-00:00,2022-09-01,06,HURLEY_LNODERLEY,HURLEY_LNODERLEY,HURLEY_LNODERLEY,RTPD,MCE,LMP_ENE_PRC,HURLEY_LNODERLEY,ALL,1,96.90845,1,3
2022-09-01T13:00:00-00:00,2022-09-01T13:15:00-00:00,2022-09-01,07,HURLEY_LNODERLEY,HURLEY_LNODERLEY,HURLEY_LNODERLEY,RTPD,MCE,LMP_ENE_PRC,HURLEY_LNODERLEY,ALL,1,101.80878,1,3
2022-09-01T14:00:00-00:00,2022-09-01T14:15:00-00:00,2022-09-01,08,HURLEY_LNODERLEY,HURLEY_LNODERLEY,HURLEY_LNODERLEY,RTPD,MCE,LMP_ENE_PRC,HURLEY_LNODERLEY,ALL,1,111.11219,1,3
2022-09-01T15:00:00-00:00,2022-09-01T15:15:00-00:00,2022-09-01,09,HURLEY_LNODERLEY,HURLEY_LNODERLEY,HURLEY_LNODERLEY,RTPD,MCE,LMP_ENE_PRC,HURLEY_LNODERLEY,ALL,1,97.4112,1,3
2022-09-01T16:00:00-00:00,2022-09-01T16:15:00-00:00,2022-09-01,10,HURLEY_LNODERLEY,HURLEY_LNODERLEY,HURLEY_LNODERLEY,RTPD,MCE,LMP_ENE_PRC,HURLEY_LNODERLEY,ALL,1,83.43525,1,3
2022-09-01T17:00:00-00:00,2022-09-01T17:15:00-00:00,2022-09-01,11,HURLEY_LNODERLEY,HURLEY_LNODERLEY,HURLEY_LNODERLEY,RTPD,MCE,LMP_ENE_PRC,HURLEY_LNODERLEY,ALL,1,96.94897,1,3
2022-09-01T18:00:00-00:00,2022-09-01T18:15:00-00:00,2022-09-01,12,HURLEY_LNODERLEY,HURLEY_LNODERLEY,HURLEY_LNODERLEY,RTPD,MCE,LMP_ENE_PRC,HURLEY_LNODERLEY,ALL,1,91.59291,1,3
2022-09-01T19:00:00-00:00,2022-09-01T19:15:00-00:00,2022-09-01,13,HURLEY_LNODERLEY,HURLEY_LNODERLEY,HURLEY_LNODERLEY,RTPD,MCE,LMP_ENE_PRC,HURLEY_LNODERLEY,ALL,1,109.19637,1,3
2022-09-01T20:00:00-00:00,2022-09-01T20:15:00-00:00,2022-09-01,14,HURLEY_LNODERLEY,HURLEY_LNODERLEY,HURLEY_LNODERLEY,RTPD,MCE,LMP_ENE_PRC,HURLEY_LNODERLEY,ALL,1,117.94359,1,3
2022-09-01T21:00:00-00:00,2022-09-01T21:15:00-00:00,2022-09-01,15,HURLEY_LNODERLEY,HURLEY_LNODERLEY,HURLEY_LNODERLEY,RTPD,MCE,LMP_ENE_PRC,HURLEY_LNODERLEY,ALL,1,226.61499,1,3
2022-09-01T22:00:00-00:00,2022-09-01T22:15:00-00:00,2022-09-01,16,HURLEY_LNODERLEY,HURLEY_LNODERLEY,HURLEY_LNODERLEY,RTPD,MCE,LMP_ENE_PRC,HURLEY_LNODERLEY,ALL,1,229.18552,1,3
2022-09-01T23:00:00-00:00,2022-09-01T23:15:00-00:00,2022-09-01,17,HURLEY_LNODERLEY,HURLEY_LNODERLEY,HURLEY_LNODERLEY,RTPD,MCE,LMP_ENE_PRC,HURLEY_LNODERLEY,ALL,1,386.7537,1,3
2022-09-02T00:00:00-00:00,2022-09-02T00:15:00-00:00,2022-09-01,18,HURLEY_LNODERLEY,HURLEY_LNODERLEY,HURLEY_LNODERLEY,RTPD,MCE,LMP_ENE_PRC,HURLEY_LNODERLEY,ALL,1,770.58136,1,3
2022-09-02T01:00:00-00:00,2022-09-02T01:15:00-00:00,2022-09-01,19,HURLEY_LNODERLEY,HURLEY_LNODERLEY,HURLEY_LNODERLEY,RTPD,MCE,LMP_ENE_PRC,HURLEY_LNODERLEY,ALL,1,916.27124,1,3
2022-09-02T02:00:00-00:00,2022-09-02T02:15:00-00:00,2022-09-01,20,HURLEY_LNODERLEY,HURLEY_LNODERLEY,HURLEY_LNODERLEY,RTPD,MCE,LMP_ENE_PRC,HURLEY_LNODERLEY,ALL,1,1991.6721,1,3
2022-09-02T03:00:00-00:00,2022-09-02T03:15:00-00:00,2022-09-01,21,HURLEY_LNODERLEY,HURLEY_LNODERLEY,HURLEY_LNODERLEY,RTPD,MCE,LMP_ENE_PRC,HURLEY_LNODERLEY,ALL,1,917.5508,1,3
2022-09-02T04:00:00-00:00,2022-09-02T04:15:00-00:00,2022-09-01,22,HURLEY_LNODERLEY,HURLEY_LNODERLEY,HURLEY_LNODERLEY,RTPD,MCE,LMP_ENE_PRC,HURLEY_LNODERLEY,ALL,1,257.83005,1,3
2022-09-02T05:00:00-00:00,2022-09-02T05:15:00-00:00,2022-09-01,23,HURLEY_LNODERLEY,HURLEY_LNODERLEY,HURLEY_LNODERLEY,RTPD,MCE,LMP_ENE_PRC,HURLEY_LNODERLEY,ALL,1,183.24657,1,3
2022-09-02T06:00:00-00:00,2022-09-02T06:15:00-00:00,2022-09-01,24,HURLEY_LNODERLEY,HURLEY_LNODERLEY,HURLEY_LNODERLEY,RTPD,MCE,LMP_ENE_PRC,HURLEY_LNODERLEY,ALL,1,158.867,1,3
2022-09-01T07:15:00-00:00,2022-09-01T07:30:00-00:00,2022-09-01,01,HURLEY_LNODERLEY,HURLEY_LNODERLEY,HURLEY_LNODERLEY,RTPD,MCE,LMP_ENE_PRC,HURLEY_LNODERLEY,ALL,1,125.55144,2,3
2022-09-01T08:15:00-00:00,2022-09-01T08:30:00-00:00,2022-09-01,02,HURLEY_LNODERLEY,HURLEY_LNODERLEY,HURLEY_LNODERLEY,RTPD,MCE,LMP_ENE_PRC,HURLEY_LNODERLEY,ALL,1,115.53165,2,3
2022-09-01T09:15:00-00:00,2022-09-01T09:30:00-00:00,2022-09-01,03,HURLEY_LNODERLEY,HURLEY_LNODERLEY,HURLEY_LNODERLEY,RTPD,MCE,LMP_ENE_PRC,HURLEY_LNODERLEY,ALL,1,98.30543,2,3
2022-09-01T10:15:00-00:00,2022-09-01T10:30:00-00:00,2022-09-01,04,HURLEY_LNODERLEY,HURLEY_LNODERLEY,HURLEY_LNODERLEY,RTPD,MCE,LMP_ENE_PRC,HURLEY_LNODERLEY,ALL,1,97.00684,2,3
2022-09-01T11:15:00-00:00,2022-09-01T11:30:00-00:00,2022-09-01,05,HURLEY_LNODERLEY,HURLEY_LNODERLEY,HURLEY_LNODERLEY,RTPD,MCE,LMP_ENE_PRC,HURLEY_LNODERLEY,ALL,1,103.09059,2,3
2022-09-01T12:15:00-00:00,2022-09-01T12:30:00-00:00,2022-09-01,06,HURLEY_LNODERLEY,HURLEY_LNODERLEY,HURLEY_LNODERLEY,RTPD,MCE,LMP_ENE_PRC,HURLEY_LNODERLEY,ALL,1,109.32203,2,3
2022-09-01T13:15:00-00:00,2022-09-01T13:30:00-00:00,2022-09-01,07,HURLEY_LNODERLEY,HURLEY_LNODERLEY,HURLEY_LNODERLEY,RTPD,MCE,LMP_ENE_PRC,HURLEY_LNODERLEY,ALL,1,110.97827,2,3
2022-09-01T14:15:00-00:00,2022-09-01T14:30:00-00:00,2022-09-01,08,HURLEY_LNODERLEY,HURLEY_LNODERLEY,HURLEY_LNODERLEY,RTPD,MCE,LMP_ENE_PRC,HURLEY_LNODERLEY,ALL,1,104.78743,2,3
2022-09-01T15:15:00-00:00,2022-09-01T15:30:00-00:00,2022-09-01,09,HURLEY_LNODERLEY,HURLEY_LNODERLEY,HURLEY_LNODERLEY,RTPD,MCE,LMP_ENE_PRC,HURLEY_LNODERLEY,ALL,1,86.9388,2,3
2022-09-01T16:15:00-00:00,2022-09-01T16:30:00-00:00,2022-09-01,10,HURLEY_LNODERLEY,HURLEY_LNODERLEY,HURLEY_LNODERLEY,RTPD,MCE,LMP_ENE_PRC,HURLEY_LNODERLEY,ALL,1,89.44858,2,3
2022-09-01T17:15:00-00:00,2022-09-01T17:30:00-00:00,2022-09-01,11,HURLEY_LNODERLEY,HURLEY_LNODERLEY,HURLEY_LNODERLEY,RTPD,MCE,LMP_ENE_PRC,HURLEY_LNODERLEY,ALL,1,99.34673,2,3
2022-09-01T18:15:00-00:00,2022-09-01T18:30:00-00:00,2022-09-01,12,HURLEY_LNODERLEY,HURLEY_LNODERLEY,HURLEY_LNODERLEY,RTPD,MCE,LMP_ENE_PRC,HURLEY_LNODERLEY,ALL,1,101.15901,2,3
2022-09-01T19:15:00-00:00,2022-09-01T19:30:00-00:00,2022-09-01,13,HURLEY_LNODERLEY,HURLEY_LNODERLEY,HURLEY_LNODERLEY,RTPD,MCE,LMP_ENE_PRC,HURLEY_LNODERLEY,ALL,1,105.30588,2,3
2022-09-01T20:15:00-00:00,2022-09-01T20:30:00-00:00,2022-09-01,14,HURLEY_LNODERLEY,HURLEY_LNODERLEY,HURLEY_LNODERLEY,RTPD,MCE,LMP_ENE_PRC,HURLEY_LNODERLEY,ALL,1,117.49421,2,3
2022-09-01T21:15:00-00:00,2022-09-01T21:30:00-00:00,2022-09-01,15,HURLEY_LNODERLEY,HURLEY_LNODERLEY,HURLEY_LNODERLEY,RTPD,MCE,LMP_ENE_PRC,HURLEY_LNODERLEY,ALL,1,147.21185,2,3
2022-09-01T22:15:00-00:00,2022-09-01T22:30:00-00:00,2022-09-01,16,HURLEY_LNODERLEY,HURLEY_LNODERLEY,HURLEY_LNODERLEY,RTPD,MCE,LMP_ENE_PRC,HURLEY_LNODERLEY,ALL,1,256.58734,2,3
2022-09-01T23:15:00-00:00,2022-09-01T23:30:00-00:00,2022-09-01,17,HURLEY_LNODERLEY,HURLEY_LNODERLEY,HURLEY_LNODERLEY,RTPD,MCE,LMP_ENE_PRC,HURLEY_LNODERLEY,ALL,1,362.12408,2,3
2022-09-02T00:15:00-00:00,2022-09-02T00:30:00-00:00,2022-09-01,18,HURLEY_LNODERLEY,HURLEY_LNODERLEY,HURLEY_LNODERLEY,RTPD,MCE,LMP_ENE_PRC,HURLEY_LNODERLEY,ALL,1,691.2182,2,3
2022-09-02T01:15:00-00:00,2022-09-02T01:30:00-00:00,2022-09-01,19,HURLEY_LNODERLEY,HURLEY_LNODERLEY,HURLEY_LNODERLEY,RTPD,MCE,LMP_ENE_PRC,HURLEY_LNODERLEY,ALL,1,1999.9933,2,3
2022-09-02T02:15:00-00:00,2022-09-02T02:30:00-00:00,2022-09-01,20,HURLEY_LNODERLEY,HURLEY_LNODERLEY,HURLEY_LNODERLEY,RTPD,MCE,LMP_ENE_PRC,HURLEY_LNODERLEY,ALL,1,1991.6721,2,3
2022-09-02T03:15:00-00:00,2022-09-02T03:30:00-00:00,2022-09-01,21,HURLEY_LNODERLEY,HURLEY_LNODERLEY,HURLEY_LNODERLEY,RTPD,MCE,LMP_ENE_PRC,HURLEY_LNODERLEY,ALL,1,400.52884,2,3
2022-09-02T04:15:00-00:00,2022-09-02T04:30:00-00:00,2022-09-01,22,HURLEY_LNODERLEY,HURLEY_LNODERLEY,HURLEY_LNODERLEY,RTPD,MCE,LMP_ENE_PRC,HURLEY_LNODERLEY,ALL,1,224.75041,2,3
2022-09-02T05:15:00-00:00,2022-09-02T05:30:00-00:00,2022-09-01,23,HURLEY_LNODERLEY,HURLEY_LNODERLEY,HURLEY_LNODERLEY,RTPD,MCE,LMP_ENE_PRC,HURLEY_LNODERLEY,ALL,1,157.11986,2,3
2022-09-02T06:15:00-00:00,2022-09-02T06:30:00-00:00,2022-09-01,24,HURLEY_LNODERLEY,HURLEY_LNODERLEY,HURLEY_LNODERLEY,RTPD,MCE,LMP_ENE_PRC,HURLEY_LNODERLEY,ALL,1,143.1005,2,3
2022-09-01T07:30:00-00:00,2022-09-01T07:45:00-00:00,2022-09-01,01,HURLEY_LNODERLEY,HURLEY_LNODERLEY,HURLEY_LNODERLEY,RTPD,MCE,LMP_ENE_PRC,HURLEY_LNODERLEY,ALL,1,119.03196,3,3
2022-09-01T08:30:00-00:00,2022-09-01T08:45:00-00:00,2022-09-01,02,HURLEY_LNODERLEY,HURLEY_LNODERLEY,HURLEY_LNODERLEY,RTPD,MCE,LMP_ENE_PRC,HURLEY_LNODERLEY,ALL,1,111.11241,3,3
2022-09-01T09:30:00-00:00,2022-09-01T09:45:00-00:00,2022-09-01,03,HURLEY_LNODERLEY,HURLEY_LNODERLEY,HURLEY_LNODERLEY,RTPD,MCE,LMP_ENE_PRC,HURLEY_LNODERLEY,ALL,1,98.16228,3,3
2022-09-01T10:30:00-00:00,2022-09-01T10:45:00-00:00,2022-09-01,04,HURLEY_LNODERLEY,HURLEY_LNODERLEY,HURLEY_LNODERLEY,RTPD,MCE,LMP_ENE_PRC,HURLEY_LNODERLEY,ALL,1,96.36226,3,3
2022-09-01T11:30:00-00:00,2022-09-01T11:45:00-00:00,2022-09-01,05,HURLEY_LNODERLEY,HURLEY_LNODERLEY,HURLEY_LNODERLEY,RTPD,MCE,LMP_ENE_PRC,HURLEY_LNODERLEY,ALL,1,103.06198,3,3
2022-09-01T12:30:00-00:00,2022-09-01T12:45:00-00:00,2022-09-01,06,HURLEY_LNODERLEY,HURLEY_LNODERLEY,HURLEY_LNODERLEY,RTPD,MCE,LMP_ENE_PRC,HURLEY_LNODERLEY,ALL,1,113.57403,3,3
2022-09-01T13:30:00-00:00,2022-09-01T13:45:00-00:00,2022-09-01,07,HURLEY_LNODERLEY,HURLEY_LNODERLEY,HURLEY_LNODERLEY,RTPD,MCE,LMP_ENE_PRC,HURLEY_LNODERLEY,ALL,1,111.52025,3,3
2022-09-01T14:30:00-00:00,2022-09-01T14:45:00-00:00,2022-09-01,08,HURLEY_LNODERLEY,HURLEY_LNODERLEY,HURLEY_LNODERLEY,RTPD,MCE,LMP_ENE_PRC,HURLEY_LNODERLEY,ALL,1,101.83428,3,3
2022-09-01T15:30:00-00:00,2022-09-01T15:45:00-00:00,2022-09-01,09,HURLEY_LNODERLEY,HURLEY_LNODERLEY,HURLEY_LNODERLEY,RTPD,MCE,LMP_ENE_PRC,HURLEY_LNODERLEY,ALL,1,86.1388,3,3
2022-09-01T16:30:00-00:00,2022-09-01T16:45:00-00:00,2022-09-01,10,HURLEY_LNODERLEY,HURLEY_LNODERLEY,HURLEY_LNODERLEY,RTPD,MCE,LMP_ENE_PRC,HURLEY_LNODERLEY,ALL,1,88.79644,3,3
2022-09-01T17:30:00-00:00,2022-09-01T17:45:00-00:00,2022-09-01,11,HURLEY_LNODERLEY,HURLEY_LNODERLEY,HURLEY_LNODERLEY,RTPD,MCE,LMP_ENE_PRC,HURLEY_LNODERLEY,ALL,1,99.13013,3,3
2022-09-01T18:30:00-00:00,2022-09-01T18:45:00-00:00,2022-09-01,12,HURLEY_LNODERLEY,HURLEY_LNODERLEY,HURLEY_LNODERLEY,RTPD,MCE,LMP_ENE_PRC,HURLEY_LNODERLEY,ALL,1,107.05718,3,3
2022-09-01T19:30:00-00:00,2022-09-01T19:45:00-00:00,2022-09-01,13,HURLEY_LNODERLEY,HURLEY_LNODERLEY,HURLEY_LNODERLEY,RTPD,MCE,LMP_ENE_PRC,HURLEY_LNODERLEY,ALL,1,114.05905,3,3
2022-09-01T20:30:00-00:00,2022-09-01T20:45:00-00:00,2022-09-01,14,HURLEY_LNODERLEY,HURLEY_LNODERLEY,HURLEY_LNODERLEY,RTPD,MCE,LMP_ENE_PRC,HURLEY_LNODERLEY,ALL,1,129.81606,3,3
2022-09-01T21:30:00-00:00,2022-09-01T21:45:00-00:00,2022-09-01,15,HURLEY_LNODERLEY,HURLEY_LNODERLEY,HURLEY_LNODERLEY,RTPD,MCE,LMP_ENE_PRC,HURLEY_LNODERLEY,ALL,1,152.93057,3,3
2022-09-01T22:30:00-00:00,2022-09-01T22:45:00-00:00,2022-09-01,16,HURLEY_LNODERLEY,HURLEY_LNODERLEY,HURLEY_LNODERLEY,RTPD,MCE,LMP_ENE_PRC,HURLEY_LNODERLEY,ALL,1,283.18182,3,3
2022-09-01T23:30:00-00:00,2022-09-01T23:45:00-00:00,2022-09-01,17,HURLEY_LNODERLEY,HURLEY_LNODERLEY,HURLEY_LNODERLEY,RTPD,MCE,LMP_ENE_PRC,HURLEY_LNODERLEY,ALL,1,566.48157,3,3
2022-09-02T00:30:00-00:00,2022-09-02T00:45:00-00:00,2022-09-01,18,HURLEY_LNODERLEY,HURLEY_LNODERLEY,HURLEY_LNODERLEY,RTPD,MCE,LMP_ENE_PRC,HURLEY_LNODERLEY,ALL,1,1329.1127,3,3
2022-09-02T01:30:00-00:00,2022-09-02T01:45:00-00:00,2022-09-01,19,HURLEY_LNODERLEY,HURLEY_LNODERLEY,HURLEY_LNODERLEY,RTPD,MCE,LMP_ENE_PRC,HURLEY_LNODERLEY,ALL,1,1999.9956,3,3
2022-09-02T02:30:00-00:00,2022-09-02T02:45:00-00:00,2022-09-01,20,HURLEY_LNODERLEY,HURLEY_LNODERLEY,HURLEY_LNODERLEY,RTPD,MCE,LMP_ENE_PRC,HURLEY_LNODERLEY,ALL,1,1991.671,3,3
2022-09-02T03:30:00-00:00,2022-09-02T03:45:00-00:00,2022-09-01,21,HURLEY_LNODERLEY,HURLEY_LNODERLEY,HURLEY_LNODERLEY,RTPD,MCE,LMP_ENE_PRC,HURLEY_LNODERLEY,ALL,1,186.61823,3,3
2022-09-02T04:30:00-00:00,2022-09-02T04:45:00-00:00,2022-09-01,22,HURLEY_LNODERLEY,HURLEY_LNODERLEY,HURLEY_LNODERLEY,RTPD,MCE,LMP_ENE_PRC,HURLEY_LNODERLEY,ALL,1,180.67824,3,3
2022-09-02T05:30:00-00:00,2022-09-02T05:45:00-00:00,2022-09-01,23,HURLEY_LNODERLEY,HURLEY_LNODERLEY,HURLEY_LNODERLEY,RTPD,MCE,LMP_ENE_PRC,HURLEY_LNODERLEY,ALL,1,131.69917,3,3
2022-09-02T06:30:00-00:00,2022-09-02T06:45:00-00:00,2022-09-01,24,HURLEY_LNODERLEY,HURLEY_LNODERLEY,HURLEY_LNODERLEY,RTPD,MCE,LMP_ENE_PRC,HURLEY_LNODERLEY,ALL,1,128.9871,3,3
2022-09-01T07:45:00-00:00,2022-09-01T08:00:00-00:00,2022-09-01,01,HURLEY_LNODERLEY,HURLEY_LNODERLEY,HURLEY_LNODERLEY,RTPD,MCE,LMP_ENE_PRC,HURLEY_LNODERLEY,ALL,1,109.12099,4,3
2022-09-01T08:45:00-00:00,2022-09-01T09:00:00-00:00,2022-09-01,02,HURLEY_LNODERLEY,HURLEY_LNODERLEY,HURLEY_LNODERLEY,RTPD,MCE,LMP_ENE_PRC,HURLEY_LNODERLEY,ALL,1,98.7357,4,3
2022-09-01T09:45:00-00:00,2022-09-01T10:00:00-00:00,2022-09-01,03,HURLEY_LNODERLEY,HURLEY_LNODERLEY,HURLEY_LNODERLEY,RTPD,MCE,LMP_ENE_PRC,HURLEY_LNODERLEY,ALL,1,97.50475,4,3
2022-09-01T10:45:00-00:00,2022-09-01T11:00:00-00:00,2022-09-01,04,HURLEY_LNODERLEY,HURLEY_LNODERLEY,HURLEY_LNODERLEY,RTPD,MCE,LMP_ENE_PRC,HURLEY_LNODERLEY,ALL,1,94.71966,4,3
2022-09-01T11:45:00-00:00,2022-09-01T12:00:00-00:00,2022-09-01,05,HURLEY_LNODERLEY,HURLEY_LNODERLEY,HURLEY_LNODERLEY,RTPD,MCE,LMP_ENE_PRC,HURLEY_LNODERLEY,ALL,1,107.01,4,3
2022-09-01T12:45:00-00:00,2022-09-01T13:00:00-00:00,2022-09-01,06,HURLEY_LNODERLEY,HURLEY_LNODERLEY,HURLEY_LNODERLEY,RTPD,MCE,LMP_ENE_PRC,HURLEY_LNODERLEY,ALL,1,116.4848,4,3
2022-09-01T13:45:00-00:00,2022-09-01T14:00:00-00:00,2022-09-01,07,HURLEY_LNODERLEY,HURLEY_LNODERLEY,HURLEY_LNODERLEY,RTPD,MCE,LMP_ENE_PRC,HURLEY_LNODERLEY,ALL,1,111.41,4,3
2022-09-01T14:45:00-00:00,2022-09-01T15:00:00-00:00,2022-09-01,08,HURLEY_LNODERLEY,HURLEY_LNODERLEY,HURLEY_LNODERLEY,RTPD,MCE,LMP_ENE_PRC,HURLEY_LNODERLEY,ALL,1,86.1388,4,3
2022-09-01T15:45:00-00:00,2022-09-01T16:00:00-00:00,2022-09-01,09,HURLEY_LNODERLEY,HURLEY_LNODERLEY,HURLEY_LNODERLEY,RTPD,MCE,LMP_ENE_PRC,HURLEY_LNODERLEY,ALL,1,78.70076,4,3
2022-09-01T16:45:00-00:00,2022-09-01T17:00:00-00:00,2022-09-01,10,HURLEY_LNODERLEY,HURLEY_LNODERLEY,HURLEY_LNODERLEY,RTPD,MCE,LMP_ENE_PRC,HURLEY_LNODERLEY,ALL,1,91.24933,4,3
2022-09-01T17:45:00-00:00,2022-09-01T18:00:00-00:00,2022-09-01,11,HURLEY_LNODERLEY,HURLEY_LNODERLEY,HURLEY_LNODERLEY,RTPD,MCE,LMP_ENE_PRC,HURLEY_LNODERLEY,ALL,1,99.20544,4,3
2022-09-01T18:45:00-00:00,2022-09-01T19:00:00-00:00,2022-09-01,12,HURLEY_LNODERLEY,HURLEY_LNODERLEY,HURLEY_LNODERLEY,RTPD,MCE,LMP_ENE_PRC,HURLEY_LNODERLEY,ALL,1,109.04064,4,3
2022-09-01T19:45:00-00:00,2022-09-01T20:00:00-00:00,2022-09-01,13,HURLEY_LNODERLEY,HURLEY_LNODERLEY,HURLEY_LNODERLEY,RTPD,MCE,LMP_ENE_PRC,HURLEY_LNODERLEY,ALL,1,120.22491,4,3
2022-09-01T20:45:00-00:00,2022-09-01T21:00:00-00:00,2022-09-01,14,HURLEY_LNODERLEY,HURLEY_LNODERLEY,HURLEY_LNODERLEY,RTPD,MCE,LMP_ENE_PRC,HURLEY_LNODERLEY,ALL,1,154.02509,4,3
2022-09-01T21:45:00-00:00,2022-09-01T22:00:00-00:00,2022-09-01,15,HURLEY_LNODERLEY,HURLEY_LNODERLEY,HURLEY_LNODERLEY,RTPD,MCE,LMP_ENE_PRC,HURLEY_LNODERLEY,ALL,1,300.29376,4,3
2022-09-01T22:45:00-00:00,2022-09-01T23:00:00-00:00,2022-09-01,16,HURLEY_LNODERLEY,HURLEY_LNODERLEY,HURLEY_LNODERLEY,RTPD,MCE,LMP_ENE_PRC,HURLEY_LNODERLEY,ALL,1,429.9137,4,3
2022-09-01T23:45:00-00:00,2022-09-02T00:00:00-00:00,2022-09-01,17,HURLEY_LNODERLEY,HURLEY_LNODERLEY,HURLEY_LNODERLEY,RTPD,MCE,LMP_ENE_PRC,HURLEY_LNODERLEY,ALL,1,1261.2124,4,3
2022-09-02T00:45:00-00:00,2022-09-02T01:00:00-00:00,2022-09-01,18,HURLEY_LNODERLEY,HURLEY_LNODERLEY,HURLEY_LNODERLEY,RTPD,MCE,LMP_ENE_PRC,HURLEY_LNODERLEY,ALL,1,1519.149,4,3
2022-09-02T01:45:00-00:00,2022-09-02T02:00:00-00:00,2022-09-01,19,HURLEY_LNODERLEY,HURLEY_LNODERLEY,HURLEY_LNODERLEY,RTPD,MCE,LMP_ENE_PRC,HURLEY_LNODERLEY,ALL,1,1991.9337,4,3
2022-09-02T02:45:00-00:00,2022-09-02T03:00:00-00:00,2022-09-01,20,HURLEY_LNODERLEY,HURLEY_LNODERLEY,HURLEY_LNODERLEY,RTPD,MCE,LMP_ENE_PRC,HURLEY_LNODERLEY,ALL,1,1629.6213,4,3
2022-09-02T03:45:00-00:00,2022-09-02T04:00:00-00:00,2022-09-01,21,HURLEY_LNODERLEY,HURLEY_LNODERLEY,HURLEY_LNODERLEY,RTPD,MCE,LMP_ENE_PRC,HURLEY_LNODERLEY,ALL,1,141.13702,4,3
2022-09-02T04:45:00-00:00,2022-09-02T05:00:00-00:00,2022-09-01,22,HURLEY_LNODERLEY,HURLEY_LNODERLEY,HURLEY_LNODERLEY,RTPD,MCE,LMP_ENE_PRC,HURLEY_LNODERLEY,ALL,1,126.76372,4,3
2022-09-02T05:45:00-00:00,2022-09-02T06:00:00-00:00,2022-09-01,23,HURLEY_LNODERLEY,HURLEY_LNODERLEY,HURLEY_LNODERLEY,RTPD,MCE,LMP_ENE_PRC,HURLEY_LNODERLEY,ALL,1,119.00958,4,3
2022-09-02T06:45:00-00:00,2022-09-02T07:00:00-00:00,2022-09-01,24,HURLEY_LNODERLEY,HURLEY_LNODERLEY,HURLEY_LNODERLEY,RTPD,MCE,LMP_ENE_PRC,HURLEY_LNODERLEY,ALL,1,109.20324,4,3
2022-09-01T07:00:00-00:00,2022-09-01T07:15:00-00:00,2022-09-01,01,HURLEY_LNODERLEY,HURLEY_LNODERLEY,HURLEY_LNODERLEY,RTPD,MCL,LMP_LOSS_PRC,HURLEY_LNODERLEY,ALL,1,4.1752,1,4
2022-09-01T08:00:00-00:00,2022-09-01T08:15:00-00:00,2022-09-01,02,HURLEY_LNODERLEY,HURLEY_LNODERLEY,HURLEY_LNODERLEY,RTPD,MCL,LMP_LOSS_PRC,HURLEY_LNODERLEY,ALL,1,0,1,4
2022-09-01T09:00:00-00:00,2022-09-01T09:15:00-00:00,2022-09-01,03,HURLEY_LNODERLEY,HURLEY_LNODERLEY,HURLEY_LNODERLEY,RTPD,MCL,LMP_LOSS_PRC,HURLEY_LNODERLEY,ALL,1,3.87001,1,4
2022-09-01T10:00:00-00:00,2022-09-01T10:15:00-00:00,2022-09-01,04,HURLEY_LNODERLEY,HURLEY_LNODERLEY,HURLEY_LNODERLEY,RTPD,MCL,LMP_LOSS_PRC,HURLEY_LNODERLEY,ALL,1,4.06741,1,4
2022-09-01T11:00:00-00:00,2022-09-01T11:15:00-00:00,2022-09-01,05,HURLEY_LNODERLEY,HURLEY_LNODERLEY,HURLEY_LNODERLEY,RTPD,MCL,LMP_LOSS_PRC,HURLEY_LNODERLEY,ALL,1,3.75645,1,4
2022-09-01T12:00:00-00:00,2022-09-01T12:15:00-00:00,2022-09-01,06,HURLEY_LNODERLEY,HURLEY_LNODERLEY,HURLEY_LNODERLEY,RTPD,MCL,LMP_LOSS_PRC,HURLEY_LNODERLEY,ALL,1,2.84518,1,4
2022-09-01T13:00:00-00:00,2022-09-01T13:15:00-00:00,2022-09-01,07,HURLEY_LNODERLEY,HURLEY_LNODERLEY,HURLEY_LNODERLEY,RTPD,MCL,LMP_LOSS_PRC,HURLEY_LNODERLEY,ALL,1,0,1,4
2022-09-01T14:00:00-00:00,2022-09-01T14:15:00-00:00,2022-09-01,08,HURLEY_LNODERLEY,HURLEY_LNODERLEY,HURLEY_LNODERLEY,RTPD,MCL,LMP_LOSS_PRC,HURLEY_LNODERLEY,ALL,1,-0.21965,1,4
2022-09-01T15:00:00-00:00,2022-09-01T15:15:00-00:00,2022-09-01,09,HURLEY_LNODERLEY,HURLEY_LNODERLEY,HURLEY_LNODERLEY,RTPD,MCL,LMP_LOSS_PRC,HURLEY_LNODERLEY,ALL,1,0,1,4
2022-09-01T16:00:00-00:00,2022-09-01T16:15:00-00:00,2022-09-01,10,HURLEY_LNODERLEY,HURLEY_LNODERLEY,HURLEY_LNODERLEY,RTPD,MCL,LMP_LOSS_PRC,HURLEY_LNODERLEY,ALL,1,0,1,4
2022-09-01T17:00:00-00:00,2022-09-01T17:15:00-00:00,2022-09-01,11,HURLEY_LNODERLEY,HURLEY_LNODERLEY,HURLEY_LNODERLEY,RTPD,MCL,LMP_LOSS_PRC,HURLEY_LNODERLEY,ALL,1,0,1,4
2022-09-01T18:00:00-00:00,2022-09-01T18:15:00-00:00,2022-09-01,12,HURLEY_LNODERLEY,HURLEY_LNODERLEY,HURLEY_LNODERLEY,RTPD,MCL,LMP_LOSS_PRC,HURLEY_LNODERLEY,ALL,1,0,1,4
2022-09-01T19:00:00-00:00,2022-09-01T19:15:00-00:00,2022-09-01,13,HURLEY_LNODERLEY,HURLEY_LNODERLEY,HURLEY_LNODERLEY,RTPD,MCL,LMP_LOSS_PRC,HURLEY_LNODERLEY,ALL,1,0,1,4
2022-09-01T20:00:00-00:00,2022-09-01T20:15:00-00:00,2022-09-01,14,HURLEY_LNODERLEY,HURLEY_LNODERLEY,HURLEY_LNODERLEY,RTPD,MCL,LMP_LOSS_PRC,HURLEY_LNODERLEY,ALL,1,0,1,4
2022-09-01T21:00:00-00:00,2022-09-01T21:15:00-00:00,2022-09-01,15,HURLEY_LNODERLEY,HURLEY_LNODERLEY,HURLEY_LNODERLEY,RTPD,MCL,LMP_LOSS_PRC,HURLEY_LNODERLEY,ALL,1,0,1,4
2022-09-01T22:00:00-00:00,2022-09-01T22:15:00-00:00,2022-09-01,16,HURLEY_LNODERLEY,HURLEY_LNODERLEY,HURLEY_LNODERLEY,RTPD,MCL,LMP_LOSS_PRC,HURLEY_LNODERLEY,ALL,1,0,1,4
2022-09-01T23:00:00-00:00,2022-09-01T23:15:00-00:00,2022-09-01,17,HURLEY_LNODERLEY,HURLEY_LNODERLEY,HURLEY_LNODERLEY,RTPD,MCL,LMP_LOSS_PRC,HURLEY_LNODERLEY,ALL,1,0,1,4
2022-09-02T00:00:00-00:00,2022-09-02T00:15:00-00:00,2022-09-01,18,HURLEY_LNODERLEY,HURLEY_LNODERLEY,HURLEY_LNODERLEY,RTPD,MCL,LMP_LOSS_PRC,HURLEY_LNODERLEY,ALL,1,-63.47255,1,4
2022-09-02T01:00:00-00:00,2022-09-02T01:15:00-00:00,2022-09-01,19,HURLEY_LNODERLEY,HURLEY_LNODERLEY,HURLEY_LNODERLEY,RTPD,MCL,LMP_LOSS_PRC,HURLEY_LNODERLEY,ALL,1,0,1,4
2022-09-02T02:00:00-00:00,2022-09-02T02:15:00-00:00,2022-09-01,20,HURLEY_LNODERLEY,HURLEY_LNODERLEY,HURLEY_LNODERLEY,RTPD,MCL,LMP_LOSS_PRC,HURLEY_LNODERLEY,ALL,1,0,1,4
2022-09-02T03:00:00-00:00,2022-09-02T03:15:00-00:00,2022-09-01,21,HURLEY_LNODERLEY,HURLEY_LNODERLEY,HURLEY_LNODERLEY,RTPD,MCL,LMP_LOSS_PRC,HURLEY_LNODERLEY,ALL,1,-38.85274,1,4
2022-09-02T04:00:00-00:00,2022-09-02T04:15:00-00:00,2022-09-01,22,HURLEY_LNODERLEY,HURLEY_LNODERLEY,HURLEY_LNODERLEY,RTPD,MCL,LMP_LOSS_PRC,HURLEY_LNODERLEY,ALL,1,-1.60432,1,4
2022-09-02T05:00:00-00:00,2022-09-02T05:15:00-00:00,2022-09-01,23,HURLEY_LNODERLEY,HURLEY_LNODERLEY,HURLEY_LNODERLEY,RTPD,MCL,LMP_LOSS_PRC,HURLEY_LNODERLEY,ALL,1,-1.96309,1,4
2022-09-02T06:00:00-00:00,2022-09-02T06:15:00-00:00,2022-09-01,24,HURLEY_LNODERLEY,HURLEY_LNODERLEY,HURLEY_LNODERLEY,RTPD,MCL,LMP_LOSS_PRC,HURLEY_LNODERLEY,ALL,1,-3.09194,1,4
2022-09-01T07:15:00-00:00,2022-09-01T07:30:00-00:00,2022-09-01,01,HURLEY_LNODERLEY,HURLEY_LNODERLEY,HURLEY_LNODERLEY,RTPD,MCL,LMP_LOSS_PRC,HURLEY_LNODERLEY,ALL,1,0,2,4
2022-09-01T08:15:00-00:00,2022-09-01T08:30:00-00:00,2022-09-01,02,HURLEY_LNODERLEY,HURLEY_LNODERLEY,HURLEY_LNODERLEY,RTPD,MCL,LMP_LOSS_PRC,HURLEY_LNODERLEY,ALL,1,0,2,4
2022-09-01T09:15:00-00:00,2022-09-01T09:30:00-00:00,2022-09-01,03,HURLEY_LNODERLEY,HURLEY_LNODERLEY,HURLEY_LNODERLEY,RTPD,MCL,LMP_LOSS_PRC,HURLEY_LNODERLEY,ALL,1,3.90964,2,4
2022-09-01T10:15:00-00:00,2022-09-01T10:30:00-00:00,2022-09-01,04,HURLEY_LNODERLEY,HURLEY_LNODERLEY,HURLEY_LNODERLEY,RTPD,MCL,LMP_LOSS_PRC,HURLEY_LNODERLEY,ALL,1,4.0102,2,4
2022-09-01T11:15:00-00:00,2022-09-01T11:30:00-00:00,2022-09-01,05,HURLEY_LNODERLEY,HURLEY_LNODERLEY,HURLEY_LNODERLEY,RTPD,MCL,LMP_LOSS_PRC,HURLEY_LNODERLEY,ALL,1,3.57317,2,4
2022-09-01T12:15:00-00:00,2022-09-01T12:30:00-00:00,2022-09-01,06,HURLEY_LNODERLEY,HURLEY_LNODERLEY,HURLEY_LNODERLEY,RTPD,MCL,LMP_LOSS_PRC,HURLEY_LNODERLEY,ALL,1,2.30652,2,4
2022-09-01T13:15:00-00:00,2022-09-01T13:30:00-00:00,2022-09-01,07,HURLEY_LNODERLEY,HURLEY_LNODERLEY,HURLEY_LNODERLEY,RTPD,MCL,LMP_LOSS_PRC,HURLEY_LNODERLEY,ALL,1,2.05387,2,4
2022-09-01T14:15:00-00:00,2022-09-01T14:30:00-00:00,2022-09-01,08,HURLEY_LNODERLEY,HURLEY_LNODERLEY,HURLEY_LNODERLEY,RTPD,MCL,LMP_LOSS_PRC,HURLEY_LNODERLEY,ALL,1,0.19923,2,4
2022-09-01T15:15:00-00:00,2022-09-01T15:30:00-00:00,2022-09-01,09,HURLEY_LNODERLEY,HURLEY_LNODERLEY,HURLEY_LNODERLEY,RTPD,MCL,LMP_LOSS_PRC,HURLEY_LNODERLEY,ALL,1,0,2,4
2022-09-01T16:15:00-00:00,2022-09-01T16:30:00-00:00,2022-09-01,10,HURLEY_LNODERLEY,HURLEY_LNODERLEY,HURLEY_LNODERLEY,RTPD,MCL,LMP_LOSS_PRC,HURLEY_LNODERLEY,ALL,1,0,2,4
2022-09-01T17:15:00-00:00,2022-09-01T17:30:00-00:00,2022-09-01,11,HURLEY_LNODERLEY,HURLEY_LNODERLEY,HURLEY_LNODERLEY,RTPD,MCL,LMP_LOSS_PRC,HURLEY_LNODERLEY,ALL,1,0,2,4
2022-09-01T18:15:00-00:00,2022-09-01T18:30:00-00:00,2022-09-01,12,HURLEY_LNODERLEY,HURLEY_LNODERLEY,HURLEY_LNODERLEY,RTPD,MCL,LMP_LOSS_PRC,HURLEY_LNODERLEY,ALL,1,0,2,4
2022-09-01T19:15:00-00:00,2022-09-01T19:30:00-00:00,2022-09-01,13,HURLEY_LNODERLEY,HURLEY_LNODERLEY,HURLEY_LNODERLEY,RTPD,MCL,LMP_LOSS_PRC,HURLEY_LNODERLEY,ALL,1,0,2,4
2022-09-01T20:15:00-00:00,2022-09-01T20:30:00-00:00,2022-09-01,14,HURLEY_LNODERLEY,HURLEY_LNODERLEY,HURLEY_LNODERLEY,RTPD,MCL,LMP_LOSS_PRC,HURLEY_LNODERLEY,ALL,1,0,2,4
2022-09-01T21:15:00-00:00,2022-09-01T21:30:00-00:00,2022-09-01,15,HURLEY_LNODERLEY,HURLEY_LNODERLEY,HURLEY_LNODERLEY,RTPD,MCL,LMP_LOSS_PRC,HURLEY_LNODERLEY,ALL,1,0,2,4
2022-09-01T22:15:00-00:00,2022-09-01T22:30:00-00:00,2022-09-01,16,HURLEY_LNODERLEY,HURLEY_LNODERLEY,HURLEY_LNODERLEY,RTPD,MCL,LMP_LOSS_PRC,HURLEY_LNODERLEY,ALL,1,0,2,4
2022-09-01T23:15:00-00:00,2022-09-01T23:30:00-00:00,2022-09-01,17,HURLEY_LNODERLEY,HURLEY_LNODERLEY,HURLEY_LNODERLEY,RTPD,MCL,LMP_LOSS_PRC,HURLEY_LNODERLEY,ALL,1,0,2,4
2022-09-02T00:15:00-00:00,2022-09-02T00:30:00-00:00,2022-09-01,18,HURLEY_LNODERLEY,HURLEY_LNODERLEY,HURLEY_LNODERLEY,RTPD,MCL,LMP_LOSS_PRC,HURLEY_LNODERLEY,ALL,1,-53.10457,2,4
2022-09-02T01:15:00-00:00,2022-09-02T01:30:00-00:00,2022-09-01,19,HURLEY_LNODERLEY,HURLEY_LNODERLEY,HURLEY_LNODERLEY,RTPD,MCL,LMP_LOSS_PRC,HURLEY_LNODERLEY,ALL,1,0,2,4
2022-09-02T02:15:00-00:00,2022-09-02T02:30:00-00:00,2022-09-01,20,HURLEY_LNODERLEY,HURLEY_LNODERLEY,HURLEY_LNODERLEY,RTPD,MCL,LMP_LOSS_PRC,HURLEY_LNODERLEY,ALL,1,0,2,4
2022-09-02T03:15:00-00:00,2022-09-02T03:30:00-00:00,2022-09-01,21,HURLEY_LNODERLEY,HURLEY_LNODERLEY,HURLEY_LNODERLEY,RTPD,MCL,LMP_LOSS_PRC,HURLEY_LNODERLEY,ALL,1,-16.31665,2,4
2022-09-02T04:15:00-00:00,2022-09-02T04:30:00-00:00,2022-09-01,22,HURLEY_LNODERLEY,HURLEY_LNODERLEY,HURLEY_LNODERLEY,RTPD,MCL,LMP_LOSS_PRC,HURLEY_LNODERLEY,ALL,1,-0.73486,2,4
2022-09-02T05:15:00-00:00,2022-09-02T05:30:00-00:00,2022-09-01,23,HURLEY_LNODERLEY,HURLEY_LNODERLEY,HURLEY_LNODERLEY,RTPD,MCL,LMP_LOSS_PRC,HURLEY_LNODERLEY,ALL,1,-1.87344,2,4
2022-09-02T06:15:00-00:00,2022-09-02T06:30:00-00:00,2022-09-01,24,HURLEY_LNODERLEY,HURLEY_LNODERLEY,HURLEY_LNODERLEY,RTPD,MCL,LMP_LOSS_PRC,HURLEY_LNODERLEY,ALL,1,-2.45461,2,4
2022-09-01T07:30:00-00:00,2022-09-01T07:45:00-00:00,2022-09-01,01,HURLEY_LNODERLEY,HURLEY_LNODERLEY,HURLEY_LNODERLEY,RTPD,MCL,LMP_LOSS_PRC,HURLEY_LNODERLEY,ALL,1,0,3,4
2022-09-01T08:30:00-00:00,2022-09-01T08:45:00-00:00,2022-09-01,02,HURLEY_LNODERLEY,HURLEY_LNODERLEY,HURLEY_LNODERLEY,RTPD,MCL,LMP_LOSS_PRC,HURLEY_LNODERLEY,ALL,1,2.87997,3,4
2022-09-01T09:30:00-00:00,2022-09-01T09:45:00-00:00,2022-09-01,03,HURLEY_LNODERLEY,HURLEY_LNODERLEY,HURLEY_LNODERLEY,RTPD,MCL,LMP_LOSS_PRC,HURLEY_LNODERLEY,ALL,1,4.21702,3,4
2022-09-01T10:30:00-00:00,2022-09-01T10:45:00-00:00,2022-09-01,04,HURLEY_LNODERLEY,HURLEY_LNODERLEY,HURLEY_LNODERLEY,RTPD,MCL,LMP_LOSS_PRC,HURLEY_LNODERLEY,ALL,1,3.95435,3,4
2022-09-01T11:30:00-00:00,2022-09-01T11:45:00-00:00,2022-09-01,05,HURLEY_LNODERLEY,HURLEY_LNODERLEY,HURLEY_LNODERLEY,RTPD,MCL,LMP_LOSS_PRC,HURLEY_LNODERLEY,ALL,1,3.03637,3,4
2022-09-01T12:30:00-00:00,2022-09-01T12:45:00-00:00,2022-09-01,06,HURLEY_LNODERLEY,HURLEY_LNODERLEY,HURLEY_LNODERLEY,RTPD,MCL,LMP_LOSS_PRC,HURLEY_LNODERLEY,ALL,1,2.64735,3,4
2022-09-01T13:30:00-00:00,2022-09-01T13:45:00-00:00,2022-09-01,07,HURLEY_LNODERLEY,HURLEY_LNODERLEY,HURLEY_LNODERLEY,RTPD,MCL,LMP_LOSS_PRC,HURLEY_LNODERLEY,ALL,1,1.69343,3,4
2022-09-01T14:30:00-00:00,2022-09-01T14:45:00-00:00,2022-09-01,08,HURLEY_LNODERLEY,HURLEY_LNODERLEY,HURLEY_LNODERLEY,RTPD,MCL,LMP_LOSS_PRC,HURLEY_LNODERLEY,ALL,1,-0.57043,3,4
2022-09-01T15:30:00-00:00,2022-09-01T15:45:00-00:00,2022-09-01,09,HURLEY_LNODERLEY,HURLEY_LNODERLEY,HURLEY_LNODERLEY,RTPD,MCL,LMP_LOSS_PRC,HURLEY_LNODERLEY,ALL,1,0,3,4
2022-09-01T16:30:00-00:00,2022-09-01T16:45:00-00:00,2022-09-01,10,HURLEY_LNODERLEY,HURLEY_LNODERLEY,HURLEY_LNODERLEY,RTPD,MCL,LMP_LOSS_PRC,HURLEY_LNODERLEY,ALL,1,0,3,4
2022-09-01T17:30:00-00:00,2022-09-01T17:45:00-00:00,2022-09-01,11,HURLEY_LNODERLEY,HURLEY_LNODERLEY,HURLEY_LNODERLEY,RTPD,MCL,LMP_LOSS_PRC,HURLEY_LNODERLEY,ALL,1,0,3,4
2022-09-01T18:30:00-00:00,2022-09-01T18:45:00-00:00,2022-09-01,12,HURLEY_LNODERLEY,HURLEY_LNODERLEY,HURLEY_LNODERLEY,RTPD,MCL,LMP_LOSS_PRC,HURLEY_LNODERLEY,ALL,1,0,3,4
2022-09-01T19:30:00-00:00,2022-09-01T19:45:00-00:00,2022-09-01,13,HURLEY_LNODERLEY,HURLEY_LNODERLEY,HURLEY_LNODERLEY,RTPD,MCL,LMP_LOSS_PRC,HURLEY_LNODERLEY,ALL,1,0,3,4
2022-09-01T20:30:00-00:00,2022-09-01T20:45:00-00:00,2022-09-01,14,HURLEY_LNODERLEY,HURLEY_LNODERLEY,HURLEY_LNODERLEY,RTPD,MCL,LMP_LOSS_PRC,HURLEY_LNODERLEY,ALL,1,0,3,4
2022-09-01T21:30:00-00:00,2022-09-01T21:45:00-00:00,2022-09-01,15,HURLEY_LNODERLEY,HURLEY_LNODERLEY,HURLEY_LNODERLEY,RTPD,MCL,LMP_LOSS_PRC,HURLEY_LNODERLEY,ALL,1,0,3,4
2022-09-01T22:30:00-00:00,2022-09-01T22:45:00-00:00,2022-09-01,16,HURLEY_LNODERLEY,HURLEY_LNODERLEY,HURLEY_LNODERLEY,RTPD,MCL,LMP_LOSS_PRC,HURLEY_LNODERLEY,ALL,1,0,3,4
2022-09-01T23:30:00-00:00,2022-09-01T23:45:00-00:00,2022-09-01,17,HURLEY_LNODERLEY,HURLEY_LNODERLEY,HURLEY_LNODERLEY,RTPD,MCL,LMP_LOSS_PRC,HURLEY_LNODERLEY,ALL,1,0,3,4
2022-09-02T00:30:00-00:00,2022-09-02T00:45:00-00:00,2022-09-01,18,HURLEY_LNODERLEY,HURLEY_LNODERLEY,HURLEY_LNODERLEY,RTPD,MCL,LMP_LOSS_PRC,HURLEY_LNODERLEY,ALL,1,0,3,4
2022-09-02T01:30:00-00:00,2022-09-02T01:45:00-00:00,2022-09-01,19,HURLEY_LNODERLEY,HURLEY_LNODERLEY,HURLEY_LNODERLEY,RTPD,MCL,LMP_LOSS_PRC,HURLEY_LNODERLEY,ALL,1,0,3,4
2022-09-02T02:30:00-00:00,2022-09-02T02:45:00-00:00,2022-09-01,20,HURLEY_LNODERLEY,HURLEY_LNODERLEY,HURLEY_LNODERLEY,RTPD,MCL,LMP_LOSS_PRC,HURLEY_LNODERLEY,ALL,1,0,3,4
2022-09-02T03:30:00-00:00,2022-09-02T03:45:00-00:00,2022-09-01,21,HURLEY_LNODERLEY,HURLEY_LNODERLEY,HURLEY_LNODERLEY,RTPD,MCL,LMP_LOSS_PRC,HURLEY_LNODERLEY,ALL,1,-6.97613,3,4
2022-09-02T04:30:00-00:00,2022-09-02T04:45:00-00:00,2022-09-01,22,HURLEY_LNODERLEY,HURLEY_LNODERLEY,HURLEY_LNODERLEY,RTPD,MCL,LMP_LOSS_PRC,HURLEY_LNODERLEY,ALL,1,-0.7428,3,4
2022-09-02T05:30:00-00:00,2022-09-02T05:45:00-00:00,2022-09-01,23,HURLEY_LNODERLEY,HURLEY_LNODERLEY,HURLEY_LNODERLEY,RTPD,MCL,LMP_LOSS_PRC,HURLEY_LNODERLEY,ALL,1,1.08726,3,4
2022-09-02T06:30:00-00:00,2022-09-02T06:45:00-00:00,2022-09-01,24,HURLEY_LNODERLEY,HURLEY_LNODERLEY,HURLEY_LNODERLEY,RTPD,MCL,LMP_LOSS_PRC,HURLEY_LNODERLEY,ALL,1,-0.66233,3,4
2022-09-01T07:45:00-00:00,2022-09-01T08:00:00-00:00,2022-09-01,01,HURLEY_LNODERLEY,HURLEY_LNODERLEY,HURLEY_LNODERLEY,RTPD,MCL,LMP_LOSS_PRC,HURLEY_LNODERLEY,ALL,1,0,4,4
2022-09-01T08:45:00-00:00,2022-09-01T09:00:00-00:00,2022-09-01,02,HURLEY_LNODERLEY,HURLEY_LNODERLEY,HURLEY_LNODERLEY,RTPD,MCL,LMP_LOSS_PRC,HURLEY_LNODERLEY,ALL,1,3.41649,4,4
2022-09-01T09:45:00-00:00,2022-09-01T10:00:00-00:00,2022-09-01,03,HURLEY_LNODERLEY,HURLEY_LNODERLEY,HURLEY_LNODERLEY,RTPD,MCL,LMP_LOSS_PRC,HURLEY_LNODERLEY,ALL,1,4.33663,4,4
2022-09-01T10:45:00-00:00,2022-09-01T11:00:00-00:00,2022-09-01,04,HURLEY_LNODERLEY,HURLEY_LNODERLEY,HURLEY_LNODERLEY,RTPD,MCL,LMP_LOSS_PRC,HURLEY_LNODERLEY,ALL,1,4.14777,4,4
2022-09-01T11:45:00-00:00,2022-09-01T12:00:00-00:00,2022-09-01,05,HURLEY_LNODERLEY,HURLEY_LNODERLEY,HURLEY_LNODERLEY,RTPD,MCL,LMP_LOSS_PRC,HURLEY_LNODERLEY,ALL,1,0,4,4
2022-09-01T12:45:00-00:00,2022-09-01T13:00:00-00:00,2022-09-01,06,HURLEY_LNODERLEY,HURLEY_LNODERLEY,HURLEY_LNODERLEY,RTPD,MCL,LMP_LOSS_PRC,HURLEY_LNODERLEY,ALL,1,0,4,4
2022-09-01T13:45:00-00:00,2022-09-01T14:00:00-00:00,2022-09-01,07,HURLEY_LNODERLEY,HURLEY_LNODERLEY,HURLEY_LNODERLEY,RTPD,MCL,LMP_LOSS_PRC,HURLEY_LNODERLEY,ALL,1,0,4,4
2022-09-01T14:45:00-00:00,2022-09-01T15:00:00-00:00,2022-09-01,08,HURLEY_LNODERLEY,HURLEY_LNODERLEY,HURLEY_LNODERLEY,RTPD,MCL,LMP_LOSS_PRC,HURLEY_LNODERLEY,ALL,1,0,4,4
2022-09-01T15:45:00-00:00,2022-09-01T16:00:00-00:00,2022-09-01,09,HURLEY_LNODERLEY,HURLEY_LNODERLEY,HURLEY_LNODERLEY,RTPD,MCL,LMP_LOSS_PRC,HURLEY_LNODERLEY,ALL,1,0,4,4
2022-09-01T16:45:00-00:00,2022-09-01T17:00:00-00:00,2022-09-01,10,HURLEY_LNODERLEY,HURLEY_LNODERLEY,HURLEY_LNODERLEY,RTPD,MCL,LMP_LOSS_PRC,HURLEY_LNODERLEY,ALL,1,0,4,4
2022-09-01T17:45:00-00:00,2022-09-01T18:00:00-00:00,2022-09-01,11,HURLEY_LNODERLEY,HURLEY_LNODERLEY,HURLEY_LNODERLEY,RTPD,MCL,LMP_LOSS_PRC,HURLEY_LNODERLEY,ALL,1,0,4,4
2022-09-01T18:45:00-00:00,2022-09-01T19:00:00-00:00,2022-09-01,12,HURLEY_LNODERLEY,HURLEY_LNODERLEY,HURLEY_LNODERLEY,RTPD,MCL,LMP_LOSS_PRC,HURLEY_LNODERLEY,ALL,1,0,4,4
2022-09-01T19:45:00-00:00,2022-09-01T20:00:00-00:00,2022-09-01,13,HURLEY_LNODERLEY,HURLEY_LNODERLEY,HURLEY_LNODERLEY,RTPD,MCL,LMP_LOSS_PRC,HURLEY_LNODERLEY,ALL,1,0,4,4
2022-09-01T20:45:00-00:00,2022-09-01T21:00:00-00:00,2022-09-01,14,HURLEY_LNODERLEY,HURLEY_LNODERLEY,HURLEY_LNODERLEY,RTPD,MCL,LMP_LOSS_PRC,HURLEY_LNODERLEY,ALL,1,0,4,4
2022-09-01T21:45:00-00:00,2022-09-01T22:00:00-00:00,2022-09-01,15,HURLEY_LNODERLEY,HURLEY_LNODERLEY,HURLEY_LNODERLEY,RTPD,MCL,LMP_LOSS_PRC,HURLEY_LNODERLEY,ALL,1,0,4,4
2022-09-01T22:45:00-00:00,2022-09-01T23:00:00-00:00,2022-09-01,16,HURLEY_LNODERLEY,HURLEY_LNODERLEY,HURLEY_LNODERLEY,RTPD,MCL,LMP_LOSS_PRC,HURLEY_LNODERLEY,ALL,1,0,4,4
2022-09-01T23:45:00-00:00,2022-09-02T00:00:00-00:00,2022-09-01,17,HURLEY_LNODERLEY,HURLEY_LNODERLEY,HURLEY_LNODERLEY,RTPD,MCL,LMP_LOSS_PRC,HURLEY_LNODERLEY,ALL,1,0,4,4
2022-09-02T00:45:00-00:00,2022-09-02T01:00:00-00:00,2022-09-01,18,HURLEY_LNODERLEY,HURLEY_LNODERLEY,HURLEY_LNODERLEY,RTPD,MCL,LMP_LOSS_PRC,HURLEY_LNODERLEY,ALL,1,0,4,4
2022-09-02T01:45:00-00:00,2022-09-02T02:00:00-00:00,2022-09-01,19,HURLEY_LNODERLEY,HURLEY_LNODERLEY,HURLEY_LNODERLEY,RTPD,MCL,LMP_LOSS_PRC,HURLEY_LNODERLEY,ALL,1,0,4,4
2022-09-02T02:45:00-00:00,2022-09-02T03:00:00-00:00,2022-09-01,20,HURLEY_LNODERLEY,HURLEY_LNODERLEY,HURLEY_LNODERLEY,RTPD,MCL,LMP_LOSS_PRC,HURLEY_LNODERLEY,ALL,1,-80.27167,4,4
2022-09-02T03:45:00-00:00,2022-09-02T04:00:00-00:00,2022-09-01,21,HURLEY_LNODERLEY,HURLEY_LNODERLEY,HURLEY_LNODERLEY,RTPD,MCL,LMP_LOSS_PRC,HURLEY_LNODERLEY,ALL,1,-1.4213,4,4
2022-09-02T04:45:00-00:00,2022-09-02T05:00:00-00:00,2022-09-01,22,HURLEY_LNODERLEY,HURLEY_LNODERLEY,HURLEY_LNODERLEY,RTPD,MCL,LMP_LOSS_PRC,HURLEY_LNODERLEY,ALL,1,-1.30048,4,4
2022-09-02T05:45:00-00:00,2022-09-02T06:00:00-00:00,2022-09-01,23,HURLEY_LNODERLEY,HURLEY_LNODERLEY,HURLEY_LNODERLEY,RTPD,MCL,LMP_LOSS_PRC,HURLEY_LNODERLEY,ALL,1,1.59456,4,4
2022-09-02T06:45:00-00:00,2022-09-02T07:00:00-00:00,2022-09-01,24,HURLEY_LNODERLEY,HURLEY_LNODERLEY,HURLEY_LNODERLEY,RTPD,MCL,LMP_LOSS_PRC,HURLEY_LNODERLEY,ALL,1,0.99854,4,4
2022-09-01T07:00:00-00:00,2022-09-01T07:15:00-00:00,2022-09-01,01,HURLEY_LNODERLEY,HURLEY_LNODERLEY,HURLEY_LNODERLEY,RTPD,MGHG,LMP_GHG_PRC,HURLEY_LNODERLEY,ALL,1,-11.45,1,5
2022-09-01T08:00:00-00:00,2022-09-01T08:15:00-00:00,2022-09-01,02,HURLEY_LNODERLEY,HURLEY_LNODERLEY,HURLEY_LNODERLEY,RTPD,MGHG,LMP_GHG_PRC,HURLEY_LNODERLEY,ALL,1,-14.13,1,5
2022-09-01T09:00:00-00:00,2022-09-01T09:15:00-00:00,2022-09-01,03,HURLEY_LNODERLEY,HURLEY_LNODERLEY,HURLEY_LNODERLEY,RTPD,MGHG,LMP_GHG_PRC,HURLEY_LNODERLEY,ALL,1,-12.17178,1,5
2022-09-01T10:00:00-00:00,2022-09-01T10:15:00-00:00,2022-09-01,04,HURLEY_LNODERLEY,HURLEY_LNODERLEY,HURLEY_LNODERLEY,RTPD,MGHG,LMP_GHG_PRC,HURLEY_LNODERLEY,ALL,1,-13.55,1,5
2022-09-01T11:00:00-00:00,2022-09-01T11:15:00-00:00,2022-09-01,05,HURLEY_LNODERLEY,HURLEY_LNODERLEY,HURLEY_LNODERLEY,RTPD,MGHG,LMP_GHG_PRC,HURLEY_LNODERLEY,ALL,1,-13.55,1,5
2022-09-01T12:00:00-00:00,2022-09-01T12:15:00-00:00,2022-09-01,06,HURLEY_LNODERLEY,HURLEY_LNODERLEY,HURLEY_LNODERLEY,RTPD,MGHG,LMP_GHG_PRC,HURLEY_LNODERLEY,ALL,1,-13.71725,1,5
2022-09-01T13:00:00-00:00,2022-09-01T13:15:00-00:00,2022-09-01,07,HURLEY_LNODERLEY,HURLEY_LNODERLEY,HURLEY_LNODERLEY,RTPD,MGHG,LMP_GHG_PRC,HURLEY_LNODERLEY,ALL,1,-15,1,5
2022-09-01T14:00:00-00:00,2022-09-01T14:15:00-00:00,2022-09-01,08,HURLEY_LNODERLEY,HURLEY_LNODERLEY,HURLEY_LNODERLEY,RTPD,MGHG,LMP_GHG_PRC,HURLEY_LNODERLEY,ALL,1,-15.61,1,5
2022-09-01T15:00:00-00:00,2022-09-01T15:15:00-00:00,2022-09-01,09,HURLEY_LNODERLEY,HURLEY_LNODERLEY,HURLEY_LNODERLEY,RTPD,MGHG,LMP_GHG_PRC,HURLEY_LNODERLEY,ALL,1,-12.7,1,5
2022-09-01T16:00:00-00:00,2022-09-01T16:15:00-00:00,2022-09-01,10,HURLEY_LNODERLEY,HURLEY_LNODERLEY,HURLEY_LNODERLEY,RTPD,MGHG,LMP_GHG_PRC,HURLEY_LNODERLEY,ALL,1,-14.1,1,5
2022-09-01T17:00:00-00:00,2022-09-01T17:15:00-00:00,2022-09-01,11,HURLEY_LNODERLEY,HURLEY_LNODERLEY,HURLEY_LNODERLEY,RTPD,MGHG,LMP_GHG_PRC,HURLEY_LNODERLEY,ALL,1,-11.63,1,5
2022-09-01T18:00:00-00:00,2022-09-01T18:15:00-00:00,2022-09-01,12,HURLEY_LNODERLEY,HURLEY_LNODERLEY,HURLEY_LNODERLEY,RTPD,MGHG,LMP_GHG_PRC,HURLEY_LNODERLEY,ALL,1,-13.98,1,5
2022-09-01T19:00:00-00:00,2022-09-01T19:15:00-00:00,2022-09-01,13,HURLEY_LNODERLEY,HURLEY_LNODERLEY,HURLEY_LNODERLEY,RTPD,MGHG,LMP_GHG_PRC,HURLEY_LNODERLEY,ALL,1,-14.15,1,5
2022-09-01T20:00:00-00:00,2022-09-01T20:15:00-00:00,2022-09-01,14,HURLEY_LNODERLEY,HURLEY_LNODERLEY,HURLEY_LNODERLEY,RTPD,MGHG,LMP_GHG_PRC,HURLEY_LNODERLEY,ALL,1,-26.16,1,5
2022-09-01T21:00:00-00:00,2022-09-01T21:15:00-00:00,2022-09-01,15,HURLEY_LNODERLEY,HURLEY_LNODERLEY,HURLEY_LNODERLEY,RTPD,MGHG,LMP_GHG_PRC,HURLEY_LNODERLEY,ALL,1,-15,1,5
2022-09-01T22:00:00-00:00,2022-09-01T22:15:00-00:00,2022-09-01,16,HURLEY_LNODERLEY,HURLEY_LNODERLEY,HURLEY_LNODERLEY,RTPD,MGHG,LMP_GHG_PRC,HURLEY_LNODERLEY,ALL,1,-17.36,1,5
2022-09-01T23:00:00-00:00,2022-09-01T23:15:00-00:00,2022-09-01,17,HURLEY_LNODERLEY,HURLEY_LNODERLEY,HURLEY_LNODERLEY,RTPD,MGHG,LMP_GHG_PRC,HURLEY_LNODERLEY,ALL,1,-26.16,1,5
2022-09-02T00:00:00-00:00,2022-09-02T00:15:00-00:00,2022-09-01,18,HURLEY_LNODERLEY,HURLEY_LNODERLEY,HURLEY_LNODERLEY,RTPD,MGHG,LMP_GHG_PRC,HURLEY_LNODERLEY,ALL,1,-28.21,1,5
2022-09-02T01:00:00-00:00,2022-09-02T01:15:00-00:00,2022-09-01,19,HURLEY_LNODERLEY,HURLEY_LNODERLEY,HURLEY_LNODERLEY,RTPD,MGHG,LMP_GHG_PRC,HURLEY_LNODERLEY,ALL,1,-24.91,1,5
2022-09-02T02:00:00-00:00,2022-09-02T02:15:00-00:00,2022-09-01,20,HURLEY_LNODERLEY,HURLEY_LNODERLEY,HURLEY_LNODERLEY,RTPD,MGHG,LMP_GHG_PRC,HURLEY_LNODERLEY,ALL,1,-15.61,1,5
2022-09-02T03:00:00-00:00,2022-09-02T03:15:00-00:00,2022-09-01,21,HURLEY_LNODERLEY,HURLEY_LNODERLEY,HURLEY_LNODERLEY,RTPD,MGHG,LMP_GHG_PRC,HURLEY_LNODERLEY,ALL,1,-11.89,1,5
2022-09-02T04:00:00-00:00,2022-09-02T04:15:00-00:00,2022-09-01,22,HURLEY_LNODERLEY,HURLEY_LNODERLEY,HURLEY_LNODERLEY,RTPD,MGHG,LMP_GHG_PRC,HURLEY_LNODERLEY,ALL,1,-14.75,1,5
2022-09-02T05:00:00-00:00,2022-09-02T05:15:00-00:00,2022-09-01,23,HURLEY_LNODERLEY,HURLEY_LNODERLEY,HURLEY_LNODERLEY,RTPD,MGHG,LMP_GHG_PRC,HURLEY_LNODERLEY,ALL,1,-9.52,1,5
2022-09-02T06:00:00-00:00,2022-09-02T06:15:00-00:00,2022-09-01,24,HURLEY_LNODERLEY,HURLEY_LNODERLEY,HURLEY_LNODERLEY,RTPD,MGHG,LMP_GHG_PRC,HURLEY_LNODERLEY,ALL,1,-11.63,1,5
2022-09-01T07:15:00-00:00,2022-09-01T07:30:00-00:00,2022-09-01,01,HURLEY_LNODERLEY,HURLEY_LNODERLEY,HURLEY_LNODERLEY,RTPD,MGHG,LMP_GHG_PRC,HURLEY_LNODERLEY,ALL,1,-13.76,2,5
2022-09-01T08:15:00-00:00,2022-09-01T08:30:00-00:00,2022-09-01,02,HURLEY_LNODERLEY,HURLEY_LNODERLEY,HURLEY_LNODERLEY,RTPD,MGHG,LMP_GHG_PRC,HURLEY_LNODERLEY,ALL,1,-14.75,2,5
2022-09-01T09:15:00-00:00,2022-09-01T09:30:00-00:00,2022-09-01,03,HURLEY_LNODERLEY,HURLEY_LNODERLEY,HURLEY_LNODERLEY,RTPD,MGHG,LMP_GHG_PRC,HURLEY_LNODERLEY,ALL,1,-12.19,2,5
2022-09-01T10:15:00-00:00,2022-09-01T10:30:00-00:00,2022-09-01,04,HURLEY_LNODERLEY,HURLEY_LNODERLEY,HURLEY_LNODERLEY,RTPD,MGHG,LMP_GHG_PRC,HURLEY_LNODERLEY,ALL,1,-13.98,2,5
2022-09-01T11:15:00-00:00,2022-09-01T11:30:00-00:00,2022-09-01,05,HURLEY_LNODERLEY,HURLEY_LNODERLEY,HURLEY_LNODERLEY,RTPD,MGHG,LMP_GHG_PRC,HURLEY_LNODERLEY,ALL,1,-13.98,2,5
2022-09-01T12:15:00-00:00,2022-09-01T12:30:00-00:00,2022-09-01,06,HURLEY_LNODERLEY,HURLEY_LNODERLEY,HURLEY_LNODERLEY,RTPD,MGHG,LMP_GHG_PRC,HURLEY_LNODERLEY,ALL,1,-14.79,2,5
2022-09-01T13:15:00-00:00,2022-09-01T13:30:00-00:00,2022-09-01,07,HURLEY_LNODERLEY,HURLEY_LNODERLEY,HURLEY_LNODERLEY,RTPD,MGHG,LMP_GHG_PRC,HURLEY_LNODERLEY,ALL,1,-15,2,5
2022-09-01T14:15:00-00:00,2022-09-01T14:30:00-00:00,2022-09-01,08,HURLEY_LNODERLEY,HURLEY_LNODERLEY,HURLEY_LNODERLEY,RTPD,MGHG,LMP_GHG_PRC,HURLEY_LNODERLEY,ALL,1,-14.22559,2,5
2022-09-01T15:15:00-00:00,2022-09-01T15:30:00-00:00,2022-09-01,09,HURLEY_LNODERLEY,HURLEY_LNODERLEY,HURLEY_LNODERLEY,RTPD,MGHG,LMP_GHG_PRC,HURLEY_LNODERLEY,ALL,1,-12.7,2,5
2022-09-01T16:15:00-00:00,2022-09-01T16:30:00-00:00,2022-09-01,10,HURLEY_LNODERLEY,HURLEY_LNODERLEY,HURLEY_LNODERLEY,RTPD,MGHG,LMP_GHG_PRC,HURLEY_LNODERLEY,ALL,1,-13.34161,2,5
2022-09-01T17:15:00-00:00,2022-09-01T17:30:00-00:00,2022-09-01,11,HURLEY_LNODERLEY,HURLEY_LNODERLEY,HURLEY_LNODERLEY,RTPD,MGHG,LMP_GHG_PRC,HURLEY_LNODERLEY,ALL,1,-11.89,2,5
2022-09-01T18:15:00-00:00,2022-09-01T18:30:00-00:00,2022-09-01,12,HURLEY_LNODERLEY,HURLEY_LNODERLEY,HURLEY_LNODERLEY,RTPD,MGHG,LMP_GHG_PRC,HURLEY_LNODERLEY,ALL,1,-14.79,2,5
2022-09-01T19:15:00-00:00,2022-09-01T19:30:00-00:00,2022-09-01,13,HURLEY_LNODERLEY,HURLEY_LNODERLEY,HURLEY_LNODERLEY,RTPD,MGHG,LMP_GHG_PRC,HURLEY_LNODERLEY,ALL,1,-14.79,2,5
2022-09-01T20:15:00-00:00,2022-09-01T20:30:00-00:00,2022-09-01,14,HURLEY_LNODERLEY,HURLEY_LNODERLEY,HURLEY_LNODERLEY,RTPD,MGHG,LMP_GHG_PRC,HURLEY_LNODERLEY,ALL,1,-18.59,2,5
2022-09-01T21:15:00-00:00,2022-09-01T21:30:00-00:00,2022-09-01,15,HURLEY_LNODERLEY,HURLEY_LNODERLEY,HURLEY_LNODERLEY,RTPD,MGHG,LMP_GHG_PRC,HURLEY_LNODERLEY,ALL,1,-15.41,2,5
2022-09-01T22:15:00-00:00,2022-09-01T22:30:00-00:00,2022-09-01,16,HURLEY_LNODERLEY,HURLEY_LNODERLEY,HURLEY_LNODERLEY,RTPD,MGHG,LMP_GHG_PRC,HURLEY_LNODERLEY,ALL,1,-19.44814,2,5
2022-09-01T23:15:00-00:00,2022-09-01T23:30:00-00:00,2022-09-01,17,HURLEY_LNODERLEY,HURLEY_LNODERLEY,HURLEY_LNODERLEY,RTPD,MGHG,LMP_GHG_PRC,HURLEY_LNODERLEY,ALL,1,-26.16,2,5
2022-09-02T00:15:00-00:00,2022-09-02T00:30:00-00:00,2022-09-01,18,HURLEY_LNODERLEY,HURLEY_LNODERLEY,HURLEY_LNODERLEY,RTPD,MGHG,LMP_GHG_PRC,HURLEY_LNODERLEY,ALL,1,-24.91,2,5
2022-09-02T01:15:00-00:00,2022-09-02T01:30:00-00:00,2022-09-01,19,HURLEY_LNODERLEY,HURLEY_LNODERLEY,HURLEY_LNODERLEY,RTPD,MGHG,LMP_GHG_PRC,HURLEY_LNODERLEY,ALL,1,-18.59,2,5
2022-09-02T02:15:00-00:00,2022-09-02T02:30:00-00:00,2022-09-01,20,HURLEY_LNODERLEY,HURLEY_LNODERLEY,HURLEY_LNODERLEY,RTPD,MGHG,LMP_GHG_PRC,HURLEY_LNODERLEY,ALL,1,-17.16,2,5
2022-09-02T03:15:00-00:00,2022-09-02T03:30:00-00:00,2022-09-01,21,HURLEY_LNODERLEY,HURLEY_LNODERLEY,HURLEY_LNODERLEY,RTPD,MGHG,LMP_GHG_PRC,HURLEY_LNODERLEY,ALL,1,-14.79,2,5
2022-09-02T04:15:00-00:00,2022-09-02T04:30:00-00:00,2022-09-01,22,HURLEY_LNODERLEY,HURLEY_LNODERLEY,HURLEY_LNODERLEY,RTPD,MGHG,LMP_GHG_PRC,HURLEY_LNODERLEY,ALL,1,-14.79,2,5
2022-09-02T05:15:00-00:00,2022-09-02T05:30:00-00:00,2022-09-01,23,HURLEY_LNODERLEY,HURLEY_LNODERLEY,HURLEY_LNODERLEY,RTPD,MGHG,LMP_GHG_PRC,HURLEY_LNODERLEY,ALL,1,-11.89,2,5
2022-09-02T06:15:00-00:00,2022-09-02T06:30:00-00:00,2022-09-01,24,HURLEY_LNODERLEY,HURLEY_LNODERLEY,HURLEY_LNODERLEY,RTPD,MGHG,LMP_GHG_PRC,HURLEY_LNODERLEY,ALL,1,-11.13,2,5
2022-09-01T07:30:00-00:00,2022-09-01T07:45:00-00:00,2022-09-01,01,HURLEY_LNODERLEY,HURLEY_LNODERLEY,HURLEY_LNODERLEY,RTPD,MGHG,LMP_GHG_PRC,HURLEY_LNODERLEY,ALL,1,-14.46,3,5
2022-09-01T08:30:00-00:00,2022-09-01T08:45:00-00:00,2022-09-01,02,HURLEY_LNODERLEY,HURLEY_LNODERLEY,HURLEY_LNODERLEY,RTPD,MGHG,LMP_GHG_PRC,HURLEY_LNODERLEY,ALL,1,-14.79,3,5
2022-09-01T09:30:00-00:00,2022-09-01T09:45:00-00:00,2022-09-01,03,HURLEY_LNODERLEY,HURLEY_LNODERLEY,HURLEY_LNODERLEY,RTPD,MGHG,LMP_GHG_PRC,HURLEY_LNODERLEY,ALL,1,-12.97,3,5
2022-09-01T10:30:00-00:00,2022-09-01T10:45:00-00:00,2022-09-01,04,HURLEY_LNODERLEY,HURLEY_LNODERLEY,HURLEY_LNODERLEY,RTPD,MGHG,LMP_GHG_PRC,HURLEY_LNODERLEY,ALL,1,-13.98,3,5
2022-09-01T11:30:00-00:00,2022-09-01T11:45:00-00:00,2022-09-01,05,HURLEY_LNODERLEY,HURLEY_LNODERLEY,HURLEY_LNODERLEY,RTPD,MGHG,LMP_GHG_PRC,HURLEY_LNODERLEY,ALL,1,-14.53398,3,5
2022-09-01T12:30:00-00:00,2022-09-01T12:45:00-00:00,2022-09-01,06,HURLEY_LNODERLEY,HURLEY_LNODERLEY,HURLEY_LNODERLEY,RTPD,MGHG,LMP_GHG_PRC,HURLEY_LNODERLEY,ALL,1,-14.79,3,5
2022-09-01T13:30:00-00:00,2022-09-01T13:45:00-00:00,2022-09-01,07,HURLEY_LNODERLEY,HURLEY_LNODERLEY,HURLEY_LNODERLEY,RTPD,MGHG,LMP_GHG_PRC,HURLEY_LNODERLEY,ALL,1,-15.84217,3,5
2022-09-01T14:30:00-00:00,2022-09-01T14:45:00-00:00,2022-09-01,08,HURLEY_LNODERLEY,HURLEY_LNODERLEY,HURLEY_LNODERLEY,RTPD,MGHG,LMP_GHG_PRC,HURLEY_LNODERLEY,ALL,1,-12.7,3,5
2022-09-01T15:30:00-00:00,2022-09-01T15:45:00-00:00,2022-09-01,09,HURLEY_LNODERLEY,HURLEY_LNODERLEY,HURLEY_LNODERLEY,RTPD,MGHG,LMP_GHG_PRC,HURLEY_LNODERLEY,ALL,1,-12.05,3,5
2022-09-01T16:30:00-00:00,2022-09-01T16:45:00-00:00,2022-09-01,10,HURLEY_LNODERLEY,HURLEY_LNODERLEY,HURLEY_LNODERLEY,RTPD,MGHG,LMP_GHG_PRC,HURLEY_LNODERLEY,ALL,1,-11.13,3,5
2022-09-01T17:30:00-00:00,2022-09-01T17:45:00-00:00,2022-09-01,11,HURLEY_LNODERLEY,HURLEY_LNODERLEY,HURLEY_LNODERLEY,RTPD,MGHG,LMP_GHG_PRC,HURLEY_LNODERLEY,ALL,1,-11.63,3,5
2022-09-01T18:30:00-00:00,2022-09-01T18:45:00-00:00,2022-09-01,12,HURLEY_LNODERLEY,HURLEY_LNODERLEY,HURLEY_LNODERLEY,RTPD,MGHG,LMP_GHG_PRC,HURLEY_LNODERLEY,ALL,1,-14.37982,3,5
2022-09-01T19:30:00-00:00,2022-09-01T19:45:00-00:00,2022-09-01,13,HURLEY_LNODERLEY,HURLEY_LNODERLEY,HURLEY_LNODERLEY,RTPD,MGHG,LMP_GHG_PRC,HURLEY_LNODERLEY,ALL,1,-14.79,3,5
2022-09-01T20:30:00-00:00,2022-09-01T20:45:00-00:00,2022-09-01,14,HURLEY_LNODERLEY,HURLEY_LNODERLEY,HURLEY_LNODERLEY,RTPD,MGHG,LMP_GHG_PRC,HURLEY_LNODERLEY,ALL,1,-19.37,3,5
2022-09-01T21:30:00-00:00,2022-09-01T21:45:00-00:00,2022-09-01,15,HURLEY_LNODERLEY,HURLEY_LNODERLEY,HURLEY_LNODERLEY,RTPD,MGHG,LMP_GHG_PRC,HURLEY_LNODERLEY,ALL,1,-14.79,3,5
2022-09-01T22:30:00-00:00,2022-09-01T22:45:00-00:00,2022-09-01,16,HURLEY_LNODERLEY,HURLEY_LNODERLEY,HURLEY_LNODERLEY,RTPD,MGHG,LMP_GHG_PRC,HURLEY_LNODERLEY,ALL,1,-17.77,3,5
2022-09-01T23:30:00-00:00,2022-09-01T23:45:00-00:00,2022-09-01,17,HURLEY_LNODERLEY,HURLEY_LNODERLEY,HURLEY_LNODERLEY,RTPD,MGHG,LMP_GHG_PRC,HURLEY_LNODERLEY,ALL,1,-26.16,3,5
2022-09-02T00:30:00-00:00,2022-09-02T00:45:00-00:00,2022-09-01,18,HURLEY_LNODERLEY,HURLEY_LNODERLEY,HURLEY_LNODERLEY,RTPD,MGHG,LMP_GHG_PRC,HURLEY_LNODERLEY,ALL,1,-29.51,3,5
2022-09-02T01:30:00-00:00,2022-09-02T01:45:00-00:00,2022-09-01,19,HURLEY_LNODERLEY,HURLEY_LNODERLEY,HURLEY_LNODERLEY,RTPD,MGHG,LMP_GHG_PRC,HURLEY_LNODERLEY,ALL,1,-18.59,3,5
2022-09-02T02:30:00-00:00,2022-09-02T02:45:00-00:00,2022-09-01,20,HURLEY_LNODERLEY,HURLEY_LNODERLEY,HURLEY_LNODERLEY,RTPD,MGHG,LMP_GHG_PRC,HURLEY_LNODERLEY,ALL,1,-25.88,3,5
2022-09-02T03:30:00-00:00,2022-09-02T03:45:00-00:00,2022-09-01,21,HURLEY_LNODERLEY,HURLEY_LNODERLEY,HURLEY_LNODERLEY,RTPD,MGHG,LMP_GHG_PRC,HURLEY_LNODERLEY,ALL,1,-14.79,3,5
2022-09-02T04:30:00-00:00,2022-09-02T04:45:00-00:00,2022-09-01,22,HURLEY_LNODERLEY,HURLEY_LNODERLEY,HURLEY_LNODERLEY,RTPD,MGHG,LMP_GHG_PRC,HURLEY_LNODERLEY,ALL,1,-15.61,3,5
2022-09-02T05:30:00-00:00,2022-09-02T05:45:00-00:00,2022-09-01,23,HURLEY_LNODERLEY,HURLEY_LNODERLEY,HURLEY_LNODERLEY,RTPD,MGHG,LMP_GHG_PRC,HURLEY_LNODERLEY,ALL,1,-14.79,3,5
2022-09-02T06:30:00-00:00,2022-09-02T06:45:00-00:00,2022-09-01,24,HURLEY_LNODERLEY,HURLEY_LNODERLEY,HURLEY_LNODERLEY,RTPD,MGHG,LMP_GHG_PRC,HURLEY_LNODERLEY,ALL,1,-14.79,3,5
2022-09-01T07:45:00-00:00,2022-09-01T08:00:00-00:00,2022-09-01,01,HURLEY_LNODERLEY,HURLEY_LNODERLEY,HURLEY_LNODERLEY,RTPD,MGHG,LMP_GHG_PRC,HURLEY_LNODERLEY,ALL,1,-14,4,5
2022-09-01T08:45:00-00:00,2022-09-01T09:00:00-00:00,2022-09-01,02,HURLEY_LNODERLEY,HURLEY_LNODERLEY,HURLEY_LNODERLEY,RTPD,MGHG,LMP_GHG_PRC,HURLEY_LNODERLEY,ALL,1,-14.79,4,5
2022-09-01T09:45:00-00:00,2022-09-01T10:00:00-00:00,2022-09-01,03,HURLEY_LNODERLEY,HURLEY_LNODERLEY,HURLEY_LNODERLEY,RTPD,MGHG,LMP_GHG_PRC,HURLEY_LNODERLEY,ALL,1,-12.97,4,5
2022-09-01T10:45:00-00:00,2022-09-01T11:00:00-00:00,2022-09-01,04,HURLEY_LNODERLEY,HURLEY_LNODERLEY,HURLEY_LNODERLEY,RTPD,MGHG,LMP_GHG_PRC,HURLEY_LNODERLEY,ALL,1,-13.55,4,5
2022-09-01T11:45:00-00:00,2022-09-01T12:00:00-00:00,2022-09-01,05,HURLEY_LNODERLEY,HURLEY_LNODERLEY,HURLEY_LNODERLEY,RTPD,MGHG,LMP_GHG_PRC,HURLEY_LNODERLEY,ALL,1,-14.79,4,5
2022-09-01T12:45:00-00:00,2022-09-01T13:00:00-00:00,2022-09-01,06,HURLEY_LNODERLEY,HURLEY_LNODERLEY,HURLEY_LNODERLEY,RTPD,MGHG,LMP_GHG_PRC,HURLEY_LNODERLEY,ALL,1,-14.79,4,5
2022-09-01T13:45:00-00:00,2022-09-01T14:00:00-00:00,2022-09-01,07,HURLEY_LNODERLEY,HURLEY_LNODERLEY,HURLEY_LNODERLEY,RTPD,MGHG,LMP_GHG_PRC,HURLEY_LNODERLEY,ALL,1,-14.79,4,5
2022-09-01T14:45:00-00:00,2022-09-01T15:00:00-00:00,2022-09-01,08,HURLEY_LNODERLEY,HURLEY_LNODERLEY,HURLEY_LNODERLEY,RTPD,MGHG,LMP_GHG_PRC,HURLEY_LNODERLEY,ALL,1,-8.84,4,5
2022-09-01T15:45:00-00:00,2022-09-01T16:00:00-00:00,2022-09-01,09,HURLEY_LNODERLEY,HURLEY_LNODERLEY,HURLEY_LNODERLEY,RTPD,MGHG,LMP_GHG_PRC,HURLEY_LNODERLEY,ALL,1,-12.05,4,5
2022-09-01T16:45:00-00:00,2022-09-01T17:00:00-00:00,2022-09-01,10,HURLEY_LNODERLEY,HURLEY_LNODERLEY,HURLEY_LNODERLEY,RTPD,MGHG,LMP_GHG_PRC,HURLEY_LNODERLEY,ALL,1,-10.94,4,5
2022-09-01T17:45:00-00:00,2022-09-01T18:00:00-00:00,2022-09-01,11,HURLEY_LNODERLEY,HURLEY_LNODERLEY,HURLEY_LNODERLEY,RTPD,MGHG,LMP_GHG_PRC,HURLEY_LNODERLEY,ALL,1,-12.32178,4,5
2022-09-01T18:45:00-00:00,2022-09-01T19:00:00-00:00,2022-09-01,12,HURLEY_LNODERLEY,HURLEY_LNODERLEY,HURLEY_LNODERLEY,RTPD,MGHG,LMP_GHG_PRC,HURLEY_LNODERLEY,ALL,1,-13.98,4,5
2022-09-01T19:45:00-00:00,2022-09-01T20:00:00-00:00,2022-09-01,13,HURLEY_LNODERLEY,HURLEY_LNODERLEY,HURLEY_LNODERLEY,RTPD,MGHG,LMP_GHG_PRC,HURLEY_LNODERLEY,ALL,1,-15.37,4,5
2022-09-01T20:45:00-00:00,2022-09-01T21:00:00-00:00,2022-09-01,14,HURLEY_LNODERLEY,HURLEY_LNODERLEY,HURLEY_LNODERLEY,RTPD,MGHG,LMP_GHG_PRC,HURLEY_LNODERLEY,ALL,1,-15.61,4,5
2022-09-01T21:45:00-00:00,2022-09-01T22:00:00-00:00,2022-09-01,15,HURLEY_LNODERLEY,HURLEY_LNODERLEY,HURLEY_LNODERLEY,RTPD,MGHG,LMP_GHG_PRC,HURLEY_LNODERLEY,ALL,1,-14.79,4,5
2022-09-01T22:45:00-00:00,2022-09-01T23:00:00-00:00,2022-09-01,16,HURLEY_LNODERLEY,HURLEY_LNODERLEY,HURLEY_LNODERLEY,RTPD,MGHG,LMP_GHG_PRC,HURLEY_LNODERLEY,ALL,1,-17.16,4,5
2022-09-01T23:45:00-00:00,2022-09-02T00:00:00-00:00,2022-09-01,17,HURLEY_LNODERLEY,HURLEY_LNODERLEY,HURLEY_LNODERLEY,RTPD,MGHG,LMP_GHG_PRC,HURLEY_LNODERLEY,ALL,1,-28.33,4,5
2022-09-02T00:45:00-00:00,2022-09-02T01:00:00-00:00,2022-09-01,18,HURLEY_LNODERLEY,HURLEY_LNODERLEY,HURLEY_LNODERLEY,RTPD,MGHG,LMP_GHG_PRC,HURLEY_LNODERLEY,ALL,1,-29.51,4,5
2022-09-02T01:45:00-00:00,2022-09-02T02:00:00-00:00,2022-09-01,19,HURLEY_LNODERLEY,HURLEY_LNODERLEY,HURLEY_LNODERLEY,RTPD,MGHG,LMP_GHG_PRC,HURLEY_LNODERLEY,ALL,1,-15.61,4,5
2022-09-02T02:45:00-00:00,2022-09-02T03:00:00-00:00,2022-09-01,20,HURLEY_LNODERLEY,HURLEY_LNODERLEY,HURLEY_LNODERLEY,RTPD,MGHG,LMP_GHG_PRC,HURLEY_LNODERLEY,ALL,1,-30.58,4,5
2022-09-02T03:45:00-00:00,2022-09-02T04:00:00-00:00,2022-09-01,21,HURLEY_LNODERLEY,HURLEY_LNODERLEY,HURLEY_LNODERLEY,RTPD,MGHG,LMP_GHG_PRC,HURLEY_LNODERLEY,ALL,1,-16.46,4,5
2022-09-02T04:45:00-00:00,2022-09-02T05:00:00-00:00,2022-09-01,22,HURLEY_LNODERLEY,HURLEY_LNODERLEY,HURLEY_LNODERLEY,RTPD,MGHG,LMP_GHG_PRC,HURLEY_LNODERLEY,ALL,1,-15.61,4,5
2022-09-02T05:45:00-00:00,2022-09-02T06:00:00-00:00,2022-09-01,23,HURLEY_LNODERLEY,HURLEY_LNODERLEY,HURLEY_LNODERLEY,RTPD,MGHG,LMP_GHG_PRC,HURLEY_LNODERLEY,ALL,1,-14.79,4,5
2022-09-02T06:45:00-00:00,2022-09-02T07:00:00-00:00,2022-09-01,24,HURLEY_LNODERLEY,HURLEY_LNODERLEY,HURLEY_LNODERLEY,RTPD,MGHG,LMP_GHG_PRC,HURLEY_LNODERLEY,ALL,1,-15,4,5
