INTERVALSTARTTIME_GMT,INTERVALENDTIME_GMT,OPR_DT,OPR_HR,NODE_ID_XML,NODE_ID,NODE,MARKET_RUN_ID,LMP_TYPE,XML_DATA_ITEM,PNODE_RESMRID,GRP_TYPE,POS,PRC,OPR_INTERVAL,GROUP
2022-09-01T07:00:00-00:00,2022-09-01T07:15:00-00:00,2022-09-01,01,BLUSTNPP_6_N003,BLUSTNPP_6_N003,BLUSTNPP_6_N003,RTPD,LMP,LMP_PRC,BLUSTNPP_6_N003,ALL,1,73.0067,1,1
2022-09-01T08:00:00-00:00,2022-09-01T08:15:00-00:00,2022-09-01,02,BLUSTNPP_6_N003,BLUSTNPP_6_N003,BLUSTNPP_6_N003,RTPD,LMP,LMP_PRC,BLUSTNPP_6_N003,ALL,1,111.55419,1,1
2022-09-01T09:00:00-00:00,2022-09-01T09:15:00-00:00,2022-09-01,03,BLUSTNPP_6_N003,BLUSTNPP_6_N003,BLUSTNPP_6_N003,RTPD,LMP,LMP_PRC,BLUSTNPP_6_N003,ALL,1,98.83623,1,1
2022-09-01T10:00:00-00:00,2022-09-01T10:15:00-00:00,2022-09-01,04,BLUSTNPP_6_N003,BLUSTNPP_6_N003,BLUSTNPP_6_N003,RTPD,LMP,LMP_PRC,BLUSTNPP_6_N003,ALL,1,99.53159,1,1
2022-09-01T11:00:00-00:00,2022-09-01T11:15:00-00:00,2022-09-01,05,BLUSTNPP_6_N003,BLUSTNPP_6_N003,BLUSTNPP_6_N003,RTPD,LMP,LMP_PRC,BLUSTNPP_6_N003,ALL,1,107.9637,1,1
2022-09-01T12:00:00-00:00,2022-09-01T12:15:00-00:00,2022-09-01,06,BLUSTNPP_6_N003,BLUSTNPP_6_N003,BLUSTNPP_6_N003,RTPD,LMP,LMP_PRC,BLUSTNPP_6_N003,ALL,1,89.03984,1,1
2022-09-01T13:00:00-00:00,2022-09-01T13:15:00-00:00,2022-09-01,07,BLUSTNPP_6_N003,BLUSTNPP_6_N003,BLUSTNPP_6_N003,RTPD,LMP,LMP_PRC,BLUSTNPP_6_N003,ALL,1,85.92053,1,1
2022-09-01T14:00:00-00:00,2022-09-01T14:15:00-00:00,2022-09-01,08,BLUSTNPP_6_N003,BLUSTNPP_6_N003,BLUSTNPP_6_N003,RTPD,LMP,LMP_PRC,BLUSTNPP_6_N003,ALL,1,114.57889,1,1
2022-09-01T15:00:00-00:00,2022-09-01T15:15:00-00:00,2022-09-01,09,BLUSTNPP_6_N003,BLUSTNPP_6_N003,BLUSTNPP_6_N003,RTPD,LMP,LMP_PRC,BLUSTNPP_6_N003,ALL,1,97.4112,1,1
2022-09-01T16:00:00-00:00,2022-09-01T16:15:00-00:00,2022-09-01,10,BLUSTNPP_6_N003,BLUSTNPP_6_N003,BLUSTNPP_6_N003,RTPD,LMP,LMP_PRC,BLUSTNPP_6_N003,ALL,1,83.43525,1,1
2022-09-01T17:00:00-00:00,2022-09-01T17:15:00-00:00,2022-09-01,11,BLUSTNPP_6_N003,BLUSTNPP_6_N003,BLUSTNPP_6_N003,RTPD,LMP,LMP_PRC,BLUSTNPP_6_N003,ALL,1,77.12722,1,1
2022-09-01T18:00:00-00:00,2022-09-01T18:15:00-00:00,2022-09-01,12,BLUSTNPP_6_N003,BLUSTNPP_6_N003,BLUSTNPP_6_N003,RTPD,LMP,LMP_PRC,BLUSTNPP_6_N003,ALL,1,53.23807,1,1
2022-09-01T19:00:00-00:00,2022-09-01T19:15:00-00:00,2022-09-01,13,BLUSTNPP_6_N003,BLUSTNPP_6_N003,BLUSTNPP_6_N003,RTPD,LMP,LMP_PRC,BLUSTNPP_6_N003,ALL,1,66.73704,1,1
2022-09-01T20:00:00-00:00,2022-09-01T20:15:00-00:00,2022-09-01,14,BLUSTNPP_6_N003,BLUSTNPP_6_N003,BLUSTNPP_6_N003,RTPD,LMP,LMP_PRC,BLUSTNPP_6_N003,ALL,1,113.76906,1,1
2022-09-01T21:00:00-00:00,2022-09-01T21:15:00-00:00,2022-09-01,15,BLUSTNPP_6_N003,BLUSTNPP_6_N003,BLUSTNPP_6_N003,RTPD,LMP,LMP_PRC,BLUSTNPP_6_N003,ALL,1,109.17175,1,1
2022-09-01T22:00:00-00:00,2022-09-01T22:15:00-00:00,2022-09-01,16,BLUSTNPP_6_N003,BLUSTNPP_6_N003,BLUSTNPP_6_N003,RTPD,LMP,LMP_PRC,BLUSTNPP_6_N003,ALL,1,101.5001,1,1
2022-09-01T23:00:00-00:00,2022-09-01T23:15:00-00:00,2022-09-01,17,BLUSTNPP_6_N003,BLUSTNPP_6_N003,BLUSTNPP_6_N003,RTPD,LMP,LMP_PRC,BLUSTNPP_6_N003,ALL,1,177.41682,1,1
2022-09-02T00:00:00-00:00,2022-09-02T00:15:00-00:00,2022-09-01,18,BLUSTNPP_6_N003,BLUSTNPP_6_N003,BLUSTNPP_6_N003,RTPD,LMP,LMP_PRC,BLUSTNPP_6_N003,ALL,1,1028.7863,1,1
2022-09-02T01:00:00-00:00,2022-09-02T01:15:00-00:00,2022-09-01,19,BLUSTNPP_6_N003,BLUSTNPP_6_N003,BLUSTNPP_6_N003,RTPD,LMP,LMP_PRC,BLUSTNPP_6_N003,ALL,1,1174.3884,1,1
2022-09-02T02:00:00-00:00,2022-09-02T02:15:00-00:00,2022-09-01,20,BLUSTNPP_6_N003,BLUSTNPP_6_N003,BLUSTNPP_6_N003,RTPD,LMP,LMP_PRC,BLUSTNPP_6_N003,ALL,1,1991.6721,1,1
2022-09-02T03:00:00-00:00,2022-09-02T03:15:00-00:00,2022-09-01,21,BLUSTNPP_6_N003,BLUSTNPP_6_N003,BLUSTNPP_6_N003,RTPD,LMP,LMP_PRC,BLUSTNPP_6_N003,ALL,1,1339.1548,1,1
2022-09-02T04:00:00-00:00,2022-09-02T04:15:00-00:00,2022-09-01,22,BLUSTNPP_6_N003,BLUSTNPP_6_N003,BLUSTNPP_6_N003,RTPD,LMP,LMP_PRC,BLUSTNPP_6_N003,ALL,1,1108.0244,1,1
2022-09-02T05:00:00-00:00,2022-09-02T05:15:00-00:00,2022-09-01,23,BLUSTNPP_6_N003,BLUSTNPP_6_N003,BLUSTNPP_6_N003,RTPD,LMP,LMP_PRC,BLUSTNPP_6_N003,ALL,1,203.81474,1,1
2022-09-02T06:00:00-00:00,2022-09-02T06:15:00-00:00,2022-09-01,24,BLUSTNPP_6_N003,BLUSTNPP_6_N003,BLUSTNPP_6_N003,RTPD,LMP,LMP_PRC,BLUSTNPP_6_N003,ALL,1,291.216,1,1
2022-09-01T07:15:00-00:00,2022-09-01T07:30:00-00:00,2022-09-01,01,BLUSTNPP_6_N003,BLUSTNPP_6_N003,BLUSTNPP_6_N003,RTPD,LMP,LMP_PRC,BLUSTNPP_6_N003,ALL,1,113.58803,2,1
2022-09-01T08:15:00-00:00,2022-09-01T08:30:00-00:00,2022-09-01,02,BLUSTNPP_6_N003,BLUSTNPP_6_N003,BLUSTNPP_6_N003,RTPD,LMP,LMP_PRC,BLUSTNPP_6_N003,ALL,1,114.4413,2,1
2022-09-01T09:15:00-00:00,2022-09-01T09:30:00-00:00,2022-09-01,03,BLUSTNPP_6_N003,BLUSTNPP_6_N003,BLUSTNPP_6_N003,RTPD,LMP,LMP_PRC,BLUSTNPP_6_N003,ALL,1,95.56918,2,1
2022-09-01T10:15:00-00:00,2022-09-01T10:30:00-00:00,2022-09-01,04,BLUSTNPP_6_N003,BLUSTNPP_6_N003,BLUSTNPP_6_N003,RTPD,LMP,LMP_PRC,BLUSTNPP_6_N003,ALL,1,96.06139,2,1
2022-09-01T11:15:00-00:00,2022-09-01T11:30:00-00:00,2022-09-01,05,BLUSTNPP_6_N003,BLUSTNPP_6_N003,BLUSTNPP_6_N003,RTPD,LMP,LMP_PRC,BLUSTNPP_6_N003,ALL,1,108.54408,2,1
2022-09-01T12:15:00-00:00,2022-09-01T12:30:00-00:00,2022-09-01,06,BLUSTNPP_6_N003,BLUSTNPP_6_N003,BLUSTNPP_6_N003,RTPD,LMP,LMP_PRC,BLUSTNPP_6_N003,ALL,1,106.88362,2,1
2022-09-01T13:15:00-00:00,2022-09-01T13:30:00-00:00,2022-09-01,07,BLUSTNPP_6_N003,BLUSTNPP_6_N003,BLUSTNPP_6_N003,RTPD,LMP,LMP_PRC,BLUSTNPP_6_N003,ALL,1,114.6024,2,1
2022-09-01T14:15:00-00:00,2022-09-01T14:30:00-00:00,2022-09-01,08,BLUSTNPP_6_N003,BLUSTNPP_6_N003,BLUSTNPP_6_N003,RTPD,LMP,LMP_PRC,BLUSTNPP_6_N003,ALL,1,107.28138,2,1
2022-09-01T15:15:00-00:00,2022-09-01T15:30:00-00:00,2022-09-01,09,BLUSTNPP_6_N003,BLUSTNPP_6_N003,BLUSTNPP_6_N003,RTPD,LMP,LMP_PRC,BLUSTNPP_6_N003,ALL,1,86.9388,2,1
2022-09-01T16:15:00-00:00,2022-09-01T16:30:00-00:00,2022-09-01,10,BLUSTNPP_6_N003,BLUSTNPP_6_N003,BLUSTNPP_6_N003,RTPD,LMP,LMP_PRC,BLUSTNPP_6_N003,ALL,1,87.50056,2,1
2022-09-01T17:15:00-00:00,2022-09-01T17:30:00-00:00,2022-09-01,11,BLUSTNPP_6_N003,BLUSTNPP_6_N003,BLUSTNPP_6_N003,RTPD,LMP,LMP_PRC,BLUSTNPP_6_N003,ALL,1,75.22592,2,1
2022-09-01T18:15:00-00:00,2022-09-01T18:30:00-00:00,2022-09-01,12,BLUSTNPP_6_N003,BLUSTNPP_6_N003,BLUSTNPP_6_N003,RTPD,LMP,LMP_PRC,BLUSTNPP_6_N003,ALL,1,69.78583,2,1
2022-09-01T19:15:00-00:00,2022-09-01T19:30:00-00:00,2022-09-01,13,BLUSTNPP_6_N003,BLUSTNPP_6_N003,BLUSTNPP_6_N003,RTPD,LMP,LMP_PRC,BLUSTNPP_6_N003,ALL,1,70.34177,2,1
2022-09-01T20:15:00-00:00,2022-09-01T20:30:00-00:00,2022-09-01,14,BLUSTNPP_6_N003,BLUSTNPP_6_N003,BLUSTNPP_6_N003,RTPD,LMP,LMP_PRC,BLUSTNPP_6_N003,ALL,1,113.73496,2,1
2022-09-01T21:15:00-00:00,2022-09-01T21:30:00-00:00,2022-09-01,15,BLUSTNPP_6_N003,BLUSTNPP_6_N003,BLUSTNPP_6_N003,RTPD,LMP,LMP_PRC,BLUSTNPP_6_N003,ALL,1,115.47214,2,1
2022-09-01T22:15:00-00:00,2022-09-01T22:30:00-00:00,2022-09-01,16,BLUSTNPP_6_N003,BLUSTNPP_6_N003,BLUSTNPP_6_N003,RTPD,LMP,LMP_PRC,BLUSTNPP_6_N003,ALL,1,116.983,2,1
2022-09-01T23:15:00-00:00,2022-09-01T23:30:00-00:00,2022-09-01,17,BLUSTNPP_6_N003,BLUSTNPP_6_N003,BLUSTNPP_6_N003,RTPD,LMP,LMP_PRC,BLUSTNPP_6_N003,ALL,1,234.57127,2,1
2022-09-02T00:15:00-00:00,2022-09-02T00:30:00-00:00,2022-09-01,18,BLUSTNPP_6_N003,BLUSTNPP_6_N003,BLUSTNPP_6_N003,RTPD,LMP,LMP_PRC,BLUSTNPP_6_N003,ALL,1,942.0648,2,1
2022-09-02T01:15:00-00:00,2022-09-02T01:30:00-00:00,2022-09-01,19,BLUSTNPP_6_N003,BLUSTNPP_6_N003,BLUSTNPP_6_N003,RTPD,LMP,LMP_PRC,BLUSTNPP_6_N003,ALL,1,1999.9933,2,1
2022-09-02T02:15:00-00:00,2022-09-02T02:30:00-00:00,2022-09-01,20,BLUSTNPP_6_N003,BLUSTNPP_6_N003,BLUSTNPP_6_N003,RTPD,LMP,LMP_PRC,BLUSTNPP_6_N003,ALL,1,1991.6721,2,1
2022-09-02T03:15:00-00:00,2022-09-02T03:30:00-00:00,2022-09-01,21,BLUSTNPP_6_N003,BLUSTNPP_6_N003,BLUSTNPP_6_N003,RTPD,LMP,LMP_PRC,BLUSTNPP_6_N003,ALL,1,551.0539,2,1
2022-09-02T04:15:00-00:00,2022-09-02T04:30:00-00:00,2022-09-01,22,BLUSTNPP_6_N003,BLUSTNPP_6_N003,BLUSTNPP_6_N003,RTPD,LMP,LMP_PRC,BLUSTNPP_6_N003,ALL,1,996.37164,2,1
2022-09-02T05:15:00-00:00,2022-09-02T05:30:00-00:00,2022-09-01,23,BLUSTNPP_6_N003,BLUSTNPP_6_N003,BLUSTNPP_6_N003,RTPD,LMP,LMP_PRC,BLUSTNPP_6_N003,ALL,1,177.27223,2,1
2022-09-02T06:15:00-00:00,2022-09-02T06:30:00-00:00,2022-09-01,24,BLUSTNPP_6_N003,BLUSTNPP_6_N003,BLUSTNPP_6_N003,RTPD,LMP,LMP_PRC,BLUSTNPP_6_N003,ALL,1,152.184,2,1
2022-09-01T07:30:00-00:00,2022-09-01T07:45:00-00:00,2022-09-01,01,BLUSTNPP_6_N003,BLUSTNPP_6_N003,BLUSTNPP_6_N003,RTPD,LMP,LMP_PRC,BLUSTNPP_6_N003,ALL,1,99.64747,3,1
2022-09-01T08:30:00-00:00,2022-09-01T08:45:00-00:00,2022-09-01,02,BLUSTNPP_6_N003,BLUSTNPP_6_N003,BLUSTNPP_6_N003,RTPD,LMP,LMP_PRC,BLUSTNPP_6_N003,ALL,1,115.23365,3,1
2022-09-01T09:30:00-00:00,2022-09-01T09:45:00-00:00,2022-09-01,03,BLUSTNPP_6_N003,BLUSTNPP_6_N003,BLUSTNPP_6_N003,RTPD,LMP,LMP_PRC,BLUSTNPP_6_N003,ALL,1,95.37506,3,1
2022-09-01T10:30:00-00:00,2022-09-01T10:45:00-00:00,2022-09-01,04,BLUSTNPP_6_N003,BLUSTNPP_6_N003,BLUSTNPP_6_N003,RTPD,LMP,LMP_PRC,BLUSTNPP_6_N003,ALL,1,98.22573,3,1
2022-09-01T11:30:00-00:00,2022-09-01T11:45:00-00:00,2022-09-01,05,BLUSTNPP_6_N003,BLUSTNPP_6_N003,BLUSTNPP_6_N003,RTPD,LMP,LMP_PRC,BLUSTNPP_6_N003,ALL,1,108.66855,3,1
2022-09-01T12:30:00-00:00,2022-09-01T12:45:00-00:00,2022-09-01,06,BLUSTNPP_6_N003,BLUSTNPP_6_N003,BLUSTNPP_6_N003,RTPD,LMP,LMP_PRC,BLUSTNPP_6_N003,ALL,1,105.54738,3,1
2022-09-01T13:30:00-00:00,2022-09-01T13:45:00-00:00,2022-09-01,07,BLUSTNPP_6_N003,BLUSTNPP_6_N003,BLUSTNPP_6_N003,RTPD,LMP,LMP_PRC,BLUSTNPP_6_N003,ALL,1,115.86954,3,1
2022-09-01T14:30:00-00:00,2022-09-01T14:45:00-00:00,2022-09-01,08,BLUSTNPP_6_N003,BLUSTNPP_6_N003,BLUSTNPP_6_N003,RTPD,LMP,LMP_PRC,BLUSTNPP_6_N003,ALL,1,103.65711,3,1
2022-09-01T15:30:00-00:00,2022-09-01T15:45:00-00:00,2022-09-01,09,BLUSTNPP_6_N003,BLUSTNPP_6_N003,BLUSTNPP_6_N003,RTPD,LMP,LMP_PRC,BLUSTNPP_6_N003,ALL,1,86.1388,3,1
2022-09-01T16:30:00-00:00,2022-09-01T16:45:00-00:00,2022-09-01,10,BLUSTNPP_6_N003,BLUSTNPP_6_N003,BLUSTNPP_6_N003,RTPD,LMP,LMP_PRC,BLUSTNPP_6_N003,ALL,1,72.49974,3,1
2022-09-01T17:30:00-00:00,2022-09-01T17:45:00-00:00,2022-09-01,11,BLUSTNPP_6_N003,BLUSTNPP_6_N003,BLUSTNPP_6_N003,RTPD,LMP,LMP_PRC,BLUSTNPP_6_N003,ALL,1,74.94109,3,1
2022-09-01T18:30:00-00:00,2022-09-01T18:45:00-00:00,2022-09-01,12,BLUSTNPP_6_N003,BLUSTNPP_6_N003,BLUSTNPP_6_N003,RTPD,LMP,LMP_PRC,BLUSTNPP_6_N003,ALL,1,74.36791,3,1
2022-09-01T19:30:00-00:00,2022-09-01T19:45:00-00:00,2022-09-01,13,BLUSTNPP_6_N003,BLUSTNPP_6_N003,BLUSTNPP_6_N003,RTPD,LMP,LMP_PRC,BLUSTNPP_6_N003,ALL,1,99.03645,3,1
2022-09-01T20:30:00-00:00,2022-09-01T20:45:00-00:00,2022-09-01,14,BLUSTNPP_6_N003,BLUSTNPP_6_N003,BLUSTNPP_6_N003,RTPD,LMP,LMP_PRC,BLUSTNPP_6_N003,ALL,1,114.64824,3,1
2022-09-01T21:30:00-00:00,2022-09-01T21:45:00-00:00,2022-09-01,15,BLUSTNPP_6_N003,BLUSTNPP_6_N003,BLUSTNPP_6_N003,RTPD,LMP,LMP_PRC,BLUSTNPP_6_N003,ALL,1,123.77297,3,1
2022-09-01T22:30:00-00:00,2022-09-01T22:45:00-00:00,2022-09-01,16,BLUSTNPP_6_N003,BLUSTNPP_6_N003,BLUSTNPP_6_N003,RTPD,LMP,LMP_PRC,BLUSTNPP_6_N003,ALL,1,133.07271,3,1
2022-09-01T23:30:00-00:00,2022-09-01T23:45:00-00:00,2022-09-01,17,BLUSTNPP_6_N003,BLUSTNPP_6_N003,BLUSTNPP_6_N003,RTPD,LMP,LMP_PRC,BLUSTNPP_6_N003,ALL,1,566.48157,3,1
2022-09-02T00:30:00-00:00,2022-09-02T00:45:00-00:00,2022-09-01,18,BLUSTNPP_6_N003,BLUSTNPP_6_N003,BLUSTNPP_6_N003,RTPD,LMP,LMP_PRC,BLUSTNPP_6_N003,ALL,1,1690.1149,3,1
2022-09-02T01:30:00-00:00,2022-09-02T01:45:00-00:00,2022-09-01,19,BLUSTNPP_6_N003,BLUSTNPP_6_N003,BLUSTNPP_6_N003,RTPD,LMP,LMP_PRC,BLUSTNPP_6_N003,ALL,1,1999.9956,3,1
2022-09-02T02:30:00-00:00,2022-09-02T02:45:00-00:00,2022-09-01,20,BLUSTNPP_6_N003,BLUSTNPP_6_N003,BLUSTNPP_6_N003,RTPD,LMP,LMP_PRC,BLUSTNPP_6_N003,ALL,1,1991.671,3,1
2022-09-02T03:30:00-00:00,2022-09-02T03:45:00-00:00,2022-09-01,21,BLUSTNPP_6_N003,BLUSTNPP_6_N003,BLUSTNPP_6_N003,RTPD,LMP,LMP_PRC,BLUSTNPP_6_N003,ALL,1,225.83813,3,1
2022-09-02T04:30:00-00:00,2022-09-02T04:45:00-00:00,2022-09-01,22,BLUSTNPP_6_N003,BLUSTNPP_6_N003,BLUSTNPP_6_N003,RTPD,LMP,LMP_PRC,BLUSTNPP_6_N003,ALL,1,600.73145,3,1
2022-09-02T05:30:00-00:00,2022-09-02T05:45:00-00:00,2022-09-01,23,BLUSTNPP_6_N003,BLUSTNPP_6_N003,BLUSTNPP_6_N003,RTPD,LMP,LMP_PRC,BLUSTNPP_6_N003,ALL,1,147.91025,3,1
2022-09-02T06:30:00-00:00,2022-09-02T06:45:00-00:00,2022-09-01,24,BLUSTNPP_6_N003,BLUSTNPP_6_N003,BLUSTNPP_6_N003,RTPD,LMP,LMP_PRC,BLUSTNPP_6_N003,ALL,1,144.39394,3,1
2022-09-01T07:45:00-00:00,2022-09-01T08:00:00-00:00,2022-09-01,01,BLUSTNPP_6_N003,BLUSTNPP_6_N003,BLUSTNPP_6_N003,RTPD,LMP,LMP_PRC,BLUSTNPP_6_N003,ALL,1,87.1091,4,1
2022-09-01T08:45:00-00:00,2022-09-01T09:00:00-00:00,2022-09-01,02,BLUSTNPP_6_N003,BLUSTNPP_6_N003,BLUSTNPP_6_N003,RTPD,LMP,LMP_PRC,BLUSTNPP_6_N003,ALL,1,97.06461,4,1
2022-09-01T09:45:00-00:00,2022-09-01T10:00:00-00:00,2022-09-01,03,BLUSTNPP_6_N003,BLUSTNPP_6_N003,BLUSTNPP_6_N003,RTPD,LMP,LMP_PRC,BLUSTNPP_6_N003,ALL,1,95.49898,4,1
2022-09-01T10:45:00-00:00,2022-09-01T11:00:00-00:00,2022-09-01,04,BLUSTNPP_6_N003,BLUSTNPP_6_N003,BLUSTNPP_6_N003,RTPD,LMP,LMP_PRC,BLUSTNPP_6_N003,ALL,1,98.52269,4,1
2022-09-01T11:45:00-00:00,2022-09-01T12:00:00-00:00,2022-09-01,05,BLUSTNPP_6_N003,BLUSTNPP_6_N003,BLUSTNPP_6_N003,RTPD,LMP,LMP_PRC,BLUSTNPP_6_N003,ALL,1,107.01,4,1
2022-09-01T12:45:00-00:00,2022-09-01T13:00:00-00:00,2022-09-01,06,BLUSTNPP_6_N003,BLUSTNPP_6_N003,BLUSTNPP_6_N003,RTPD,LMP,LMP_PRC,BLUSTNPP_6_N003,ALL,1,113.66461,4,1
2022-09-01T13:45:00-00:00,2022-09-01T14:00:00-00:00,2022-09-01,07,BLUSTNPP_6_N003,BLUSTNPP_6_N003,BLUSTNPP_6_N003,RTPD,LMP,LMP_PRC,BLUSTNPP_6_N003,ALL,1,111.41,4,1
2022-09-01T14:45:00-00:00,2022-09-01T15:00:00-00:00,2022-09-01,08,BLUSTNPP_6_N003,BLUSTNPP_6_N003,BLUSTNPP_6_N003,RTPD,LMP,LMP_PRC,BLUSTNPP_6_N003,ALL,1,86.1388,4,1
2022-09-01T15:45:00-00:00,2022-09-01T16:00:00-00:00,2022-09-01,09,BLUSTNPP_6_N003,BLUSTNPP_6_N003,BLUSTNPP_6_N003,RTPD,LMP,LMP_PRC,BLUSTNPP_6_N003,ALL,1,78.70076,4,1
2022-09-01T16:45:00-00:00,2022-09-01T17:00:00-00:00,2022-09-01,10,BLUSTNPP_6_N003,BLUSTNPP_6_N003,BLUSTNPP_6_N003,RTPD,LMP,LMP_PRC,BLUSTNPP_6_N003,ALL,1,76.50457,4,1
2022-09-01T17:45:00-00:00,2022-09-01T18:00:00-00:00,2022-09-01,11,BLUSTNPP_6_N003,BLUSTNPP_6_N003,BLUSTNPP_6_N003,RTPD,LMP,LMP_PRC,BLUSTNPP_6_N003,ALL,1,75.28053,4,1
2022-09-01T18:45:00-00:00,2022-09-01T19:00:00-00:00,2022-09-01,12,BLUSTNPP_6_N003,BLUSTNPP_6_N003,BLUSTNPP_6_N003,RTPD,LMP,LMP_PRC,BLUSTNPP_6_N003,ALL,1,76.47649,4,1
2022-09-01T19:45:00-00:00,2022-09-01T20:00:00-00:00,2022-09-01,13,BLUSTNPP_6_N003,BLUSTNPP_6_N003,BLUSTNPP_6_N003,RTPD,LMP,LMP_PRC,BLUSTNPP_6_N003,ALL,1,103.94734,4,1
2022-09-01T20:45:00-00:00,2022-09-01T21:00:00-00:00,2022-09-01,14,BLUSTNPP_6_N003,BLUSTNPP_6_N003,BLUSTNPP_6_N003,RTPD,LMP,LMP_PRC,BLUSTNPP_6_N003,ALL,1,120.45732,4,1
2022-09-01T21:45:00-00:00,2022-09-01T22:00:00-00:00,2022-09-01,15,BLUSTNPP_6_N003,BLUSTNPP_6_N003,BLUSTNPP_6_N003,RTPD,LMP,LMP_PRC,BLUSTNPP_6_N003,ALL,1,194.36247,4,1
2022-09-01T22:45:00-00:00,2022-09-01T23:00:00-00:00,2022-09-01,16,BLUSTNPP_6_N003,BLUSTNPP_6_N003,BLUSTNPP_6_N003,RTPD,LMP,LMP_PRC,BLUSTNPP_6_N003,ALL,1,125.03105,4,1
2022-09-01T23:45:00-00:00,2022-09-02T00:00:00-00:00,2022-09-01,17,BLUSTNPP_6_N003,BLUSTNPP_6_N003,BLUSTNPP_6_N003,RTPD,LMP,LMP_PRC,BLUSTNPP_6_N003,ALL,1,1575.664,4,1
2022-09-02T00:45:00-00:00,2022-09-02T01:00:00-00:00,2022-09-01,18,BLUSTNPP_6_N003,BLUSTNPP_6_N003,BLUSTNPP_6_N003,RTPD,LMP,LMP_PRC,BLUSTNPP_6_N003,ALL,1,1792.44,4,1
2022-09-02T01:45:00-00:00,2022-09-02T02:00:00-00:00,2022-09-01,19,BLUSTNPP_6_N003,BLUSTNPP_6_N003,BLUSTNPP_6_N003,RTPD,LMP,LMP_PRC,BLUSTNPP_6_N003,ALL,1,1991.9337,4,1
2022-09-02T02:45:00-00:00,2022-09-02T03:00:00-00:00,2022-09-01,20,BLUSTNPP_6_N003,BLUSTNPP_6_N003,BLUSTNPP_6_N003,RTPD,LMP,LMP_PRC,BLUSTNPP_6_N003,ALL,1,1858.2394,4,1
2022-09-02T03:45:00-00:00,2022-09-02T04:00:00-00:00,2022-09-01,21,BLUSTNPP_6_N003,BLUSTNPP_6_N003,BLUSTNPP_6_N003,RTPD,LMP,LMP_PRC,BLUSTNPP_6_N003,ALL,1,166.80594,4,1
2022-09-02T04:45:00-00:00,2022-09-02T05:00:00-00:00,2022-09-01,22,BLUSTNPP_6_N003,BLUSTNPP_6_N003,BLUSTNPP_6_N003,RTPD,LMP,LMP_PRC,BLUSTNPP_6_N003,ALL,1,147.97432,4,1
2022-09-02T05:45:00-00:00,2022-09-02T06:00:00-00:00,2022-09-01,23,BLUSTNPP_6_N003,BLUSTNPP_6_N003,BLUSTNPP_6_N003,RTPD,LMP,LMP_PRC,BLUSTNPP_6_N003,ALL,1,287.41376,4,1
2022-09-02T06:45:00-00:00,2022-09-02T07:00:00-00:00,2022-09-01,24,BLUSTNPP_6_N003,BLUSTNPP_6_N003,BLUSTNPP_6_N003,RTPD,LMP,LMP_PRC,BLUSTNPP_6_N003,ALL,1,119.87141,4,1
2022-09-01T07:00:00-00:00,2022-09-01T07:15:00-00:00,2022-09-01,01,BLUSTNPP_6_N003,BLUSTNPP_6_N003,BLUSTNPP_6_N003,RTPD,MCC,LMP_CONG_PRC,BLUSTNPP_6_N003,ALL,1,-27.43387,1,2
2022-09-01T08:00:00-00:00,2022-09-01T08:15:00-00:00,2022-09-01,02,BLUSTNPP_6_N003,BLUSTNPP_6_N003,BLUSTNPP_6_N003,RTPD,MCC,LMP_CONG_PRC,BLUSTNPP_6_N003,ALL,1,-3.99461,1,2
2022-09-01T09:00:00-00:00,2022-09-01T09:15:00-00:00,2022-09-01,03,BLUSTNPP_6_N003,BLUSTNPP_6_N003,BLUSTNPP_6_N003,RTPD,MCC,LMP_CONG_PRC,BLUSTNPP_6_N003,ALL,1,-5.35233,1,2
2022-09-01T10:00:00-00:00,2022-09-01T10:15:00-00:00,2022-09-01,04,BLUSTNPP_6_N003,BLUSTNPP_6_N003,BLUSTNPP_6_N003,RTPD,MCC,LMP_CONG_PRC,BLUSTNPP_6_N003,ALL,1,-4.64446,1,2
2022-09-01T11:00:00-00:00,2022-09-01T11:15:00-00:00,2022-09-01,05,BLUSTNPP_6_N003,BLUSTNPP_6_N003,BLUSTNPP_6_N003,RTPD,MCC,LMP_CONG_PRC,BLUSTNPP_6_N003,ALL,1,0,1,2
2022-09-01T12:00:00-00:00,2022-09-01T12:15:00-00:00,2022-09-01,06,BLUSTNPP_6_N003,BLUSTNPP_6_N003,BLUSTNPP_6_N003,RTPD,MCC,LMP_CONG_PRC,BLUSTNPP_6_N003,ALL,1,-11.92907,1,2
2022-09-01T13:00:00-00:00,2022-09-01T13:15:00-00:00,2022-09-01,07,BLUSTNPP_6_N003,BLUSTNPP_6_N003,BLUSTNPP_6_N003,RTPD,MCC,LMP_CONG_PRC,BLUSTNPP_6_N003,ALL,1,-15.88825,1,2
2022-09-01T14:00:00-00:00,2022-09-01T14:15:00-00:00,2022-09-01,08,BLUSTNPP_6_N003,BLUSTNPP_6_N003,BLUSTNPP_6_N003,RTPD,MCC,LMP_CONG_PRC,BLUSTNPP_6_N003,ALL,1,0,1,2
2022-09-01T15:00:00-00:00,2022-09-01T15:15:00-00:00,2022-09-01,09,BLUSTNPP_6_N003,BLUSTNPP_6_N003,BLUSTNPP_6_N003,RTPD,MCC,LMP_CONG_PRC,BLUSTNPP_6_N003,ALL,1,0,1,2
2022-09-01T16:00:00-00:00,2022-09-01T16:15:00-00:00,2022-09-01,10,BLUSTNPP_6_N003,BLUSTNPP_6_N003,BLUSTNPP_6_N003,RTPD,MCC,LMP_CONG_PRC,BLUSTNPP_6_N003,ALL,1,0,1,2
2022-09-01T17:00:00-00:00,2022-09-01T17:15:00-00:00,2022-09-01,11,BLUSTNPP_6_N003,BLUSTNPP_6_N003,BLUSTNPP_6_N003,RTPD,MCC,LMP_CONG_PRC,BLUSTNPP_6_N003,ALL,1,-19.82175,1,2
2022-09-01T18:00:00-00:00,2022-09-01T18:15:00-00:00,2022-09-01,12,BLUSTNPP_6_N003,BLUSTNPP_6_N003,BLUSTNPP_6_N003,RTPD,MCC,LMP_CONG_PRC,BLUSTNPP_6_N003,ALL,1,-38.35484,1,2
2022-09-01T19:00:00-00:00,2022-09-01T19:15:00-00:00,2022-09-01,13,BLUSTNPP_6_N003,BLUSTNPP_6_N003,BLUSTNPP_6_N003,RTPD,MCC,LMP_CONG_PRC,BLUSTNPP_6_N003,ALL,1,-42.45932,1,2
2022-09-01T20:00:00-00:00,2022-09-01T20:15:00-00:00,2022-09-01,14,BLUSTNPP_6_N003,BLUSTNPP_6_N003,BLUSTNPP_6_N003,RTPD,MCC,LMP_CONG_PRC,BLUSTNPP_6_N003,ALL,1,-4.17453,1,2
2022-09-01T21:00:00-00:00,2022-09-01T21:15:00-00:00,2022-09-01,15,BLUSTNPP_6_N003,BLUSTNPP_6_N003,BLUSTNPP_6_N003,RTPD,MCC,LMP_CONG_PRC,BLUSTNPP_6_N003,ALL,1,-117.44325,1,2
2022-09-01T22:00:00-00:00,2022-09-01T22:15:00-00:00,2022-09-01,16,BLUSTNPP_6_N003,BLUSTNPP_6_N003,BLUSTNPP_6_N003,RTPD,MCC,LMP_CONG_PRC,BLUSTNPP_6_N003,ALL,1,-127.68541,1,2
2022-09-01T23:00:00-00:00,2022-09-01T23:15:00-00:00,2022-09-01,17,BLUSTNPP_6_N003,BLUSTNPP_6_N003,BLUSTNPP_6_N003,RTPD,MCC,LMP_CONG_PRC,BLUSTNPP_6_N003,ALL,1,-209.33687,1,2
2022-09-02T00:00:00-00:00,2022-09-02T00:15:00-00:00,2022-09-01,18,BLUSTNPP_6_N003,BLUSTNPP_6_N003,BLUSTNPP_6_N003,RTPD,MCC,LMP_CONG_PRC,BLUSTNPP_6_N003,ALL,1,262.98245,1,2
2022-09-02T01:00:00-00:00,2022-09-02T01:15:00-00:00,2022-09-01,19,BLUSTNPP_6_N003,BLUSTNPP_6_N003,BLUSTNPP_6_N003,RTPD,MCC,LMP_CONG_PRC,BLUSTNPP_6_N003,ALL,1,258.1172,1,2
2022-09-02T02:00:00-00:00,2022-09-02T02:15:00-00:00,2022-09-01,20,BLUSTNPP_6_N003,BLUSTNPP_6_N003,BLUSTNPP_6_N003,RTPD,MCC,LMP_CONG_PRC,BLUSTNPP_6_N003,ALL,1,0,1,2
2022-09-02T03:00:00-00:00,2022-09-02T03:15:00-00:00,2022-09-01,21,BLUSTNPP_6_N003,BLUSTNPP_6_N003,BLUSTNPP_6_N003,RTPD,MCC,LMP_CONG_PRC,BLUSTNPP_6_N003,ALL,1,389.12274,1,2
2022-09-02T04:00:00-00:00,2022-09-02T04:15:00-00:00,2022-09-01,22,BLUSTNPP_6_N003,BLUSTNPP_6_N003,BLUSTNPP_6_N003,RTPD,MCC,LMP_CONG_PRC,BLUSTNPP_6_N003,ALL,1,840.44836,1,2
2022-09-02T05:00:00-00:00,2022-09-02T05:15:00-00:00,2022-09-01,23,BLUSTNPP_6_N003,BLUSTNPP_6_N003,BLUSTNPP_6_N003,RTPD,MCC,LMP_CONG_PRC,BLUSTNPP_6_N003,ALL,1,16.02365,1,2
2022-09-02T06:00:00-00:00,2022-09-02T06:15:00-00:00,2022-09-01,24,BLUSTNPP_6_N003,BLUSTNPP_6_N003,BLUSTNPP_6_N003,RTPD,MCC,LMP_CONG_PRC,BLUSTNPP_6_N003,ALL,1,127.98016,1,2
2022-09-01T07:15:00-00:00,2022-09-01T07:30:00-00:00,2022-09-01,01,BLUSTNPP_6_N003,BLUSTNPP_6_N003,BLUSTNPP_6_N003,RTPD,MCC,LMP_CONG_PRC,BLUSTNPP_6_N003,ALL,1,-11.96341,2,2
2022-09-01T08:15:00-00:00,2022-09-01T08:30:00-00:00,2022-09-01,02,BLUSTNPP_6_N003,BLUSTNPP_6_N003,BLUSTNPP_6_N003,RTPD,MCC,LMP_CONG_PRC,BLUSTNPP_6_N003,ALL,1,-1.09035,2,2
2022-09-01T09:15:00-00:00,2022-09-01T09:30:00-00:00,2022-09-01,03,BLUSTNPP_6_N003,BLUSTNPP_6_N003,BLUSTNPP_6_N003,RTPD,MCC,LMP_CONG_PRC,BLUSTNPP_6_N003,ALL,1,-7.05186,2,2
2022-09-01T10:15:00-00:00,2022-09-01T10:30:00-00:00,2022-09-01,04,BLUSTNPP_6_N003,BLUSTNPP_6_N003,BLUSTNPP_6_N003,RTPD,MCC,LMP_CONG_PRC,BLUSTNPP_6_N003,ALL,1,-6.57185,2,2
2022-09-01T11:15:00-00:00,2022-09-01T11:30:00-00:00,2022-09-01,05,BLUSTNPP_6_N003,BLUSTNPP_6_N003,BLUSTNPP_6_N003,RTPD,MCC,LMP_CONG_PRC,BLUSTNPP_6_N003,ALL,1,0,2,2
2022-09-01T12:15:00-00:00,2022-09-01T12:30:00-00:00,2022-09-01,06,BLUSTNPP_6_N003,BLUSTNPP_6_N003,BLUSTNPP_6_N003,RTPD,MCC,LMP_CONG_PRC,BLUSTNPP_6_N003,ALL,1,-7.29231,2,2
2022-09-01T13:15:00-00:00,2022-09-01T13:30:00-00:00,2022-09-01,07,BLUSTNPP_6_N003,BLUSTNPP_6_N003,BLUSTNPP_6_N003,RTPD,MCC,LMP_CONG_PRC,BLUSTNPP_6_N003,ALL,1,-0.68182,2,2
2022-09-01T14:15:00-00:00,2022-09-01T14:30:00-00:00,2022-09-01,08,BLUSTNPP_6_N003,BLUSTNPP_6_N003,BLUSTNPP_6_N003,RTPD,MCC,LMP_CONG_PRC,BLUSTNPP_6_N003,ALL,1,0,2,2
2022-09-01T15:15:00-00:00,2022-09-01T15:30:00-00:00,2022-09-01,09,BLUSTNPP_6_N003,BLUSTNPP_6_N003,BLUSTNPP_6_N003,RTPD,MCC,LMP_CONG_PRC,BLUSTNPP_6_N003,ALL,1,0,2,2
2022-09-01T16:15:00-00:00,2022-09-01T16:30:00-00:00,2022-09-01,10,BLUSTNPP_6_N003,BLUSTNPP_6_N003,BLUSTNPP_6_N003,RTPD,MCC,LMP_CONG_PRC,BLUSTNPP_6_N003,ALL,1,-1.94801,2,2
2022-09-01T17:15:00-00:00,2022-09-01T17:30:00-00:00,2022-09-01,11,BLUSTNPP_6_N003,BLUSTNPP_6_N003,BLUSTNPP_6_N003,RTPD,MCC,LMP_CONG_PRC,BLUSTNPP_6_N003,ALL,1,-24.1208,2,2
2022-09-01T18:15:00-00:00,2022-09-01T18:30:00-00:00,2022-09-01,12,BLUSTNPP_6_N003,BLUSTNPP_6_N003,BLUSTNPP_6_N003,RTPD,MCC,LMP_CONG_PRC,BLUSTNPP_6_N003,ALL,1,-31.37318,2,2
2022-09-01T19:15:00-00:00,2022-09-01T19:30:00-00:00,2022-09-01,13,BLUSTNPP_6_N003,BLUSTNPP_6_N003,BLUSTNPP_6_N003,RTPD,MCC,LMP_CONG_PRC,BLUSTNPP_6_N003,ALL,1,-34.96411,2,2
2022-09-01T20:15:00-00:00,2022-09-01T20:30:00-00:00,2022-09-01,14,BLUSTNPP_6_N003,BLUSTNPP_6_N003,BLUSTNPP_6_N003,RTPD,MCC,LMP_CONG_PRC,BLUSTNPP_6_N003,ALL,1,-3.75924,2,2
2022-09-01T21:15:00-00:00,2022-09-01T21:30:00-00:00,2022-09-01,15,BLUSTNPP_6_N003,BLUSTNPP_6_N003,BLUSTNPP_6_N003,RTPD,MCC,LMP_CONG_PRC,BLUSTNPP_6_N003,ALL,1,-31.73971,2,2
2022-09-01T22:15:00-00:00,2022-09-01T22:30:00-00:00,2022-09-01,16,BLUSTNPP_6_N003,BLUSTNPP_6_N003,BLUSTNPP_6_N003,RTPD,MCC,LMP_CONG_PRC,BLUSTNPP_6_N003,ALL,1,-139.60432,2,2
2022-09-01T23:15:00-00:00,2022-09-01T23:30:00-00:00,2022-09-01,17,BLUSTNPP_6_N003,BLUSTNPP_6_N003,BLUSTNPP_6_N003,RTPD,MCC,LMP_CONG_PRC,BLUSTNPP_6_N003,ALL,1,-127.55282,2,2
2022-09-02T00:15:00-00:00,2022-09-02T00:30:00-00:00,2022-09-01,18,BLUSTNPP_6_N003,BLUSTNPP_6_N003,BLUSTNPP_6_N003,RTPD,MCC,LMP_CONG_PRC,BLUSTNPP_6_N003,ALL,1,255.96161,2,2
2022-09-02T01:15:00-00:00,2022-09-02T01:30:00-00:00,2022-09-01,19,BLUSTNPP_6_N003,BLUSTNPP_6_N003,BLUSTNPP_6_N003,RTPD,MCC,LMP_CONG_PRC,BLUSTNPP_6_N003,ALL,1,0,2,2
2022-09-02T02:15:00-00:00,2022-09-02T02:30:00-00:00,2022-09-01,20,BLUSTNPP_6_N003,BLUSTNPP_6_N003,BLUSTNPP_6_N003,RTPD,MCC,LMP_CONG_PRC,BLUSTNPP_6_N003,ALL,1,0,2,2
2022-09-02T03:15:00-00:00,2022-09-02T03:30:00-00:00,2022-09-01,21,BLUSTNPP_6_N003,BLUSTNPP_6_N003,BLUSTNPP_6_N003,RTPD,MCC,LMP_CONG_PRC,BLUSTNPP_6_N003,ALL,1,136.78688,2,2
2022-09-02T04:15:00-00:00,2022-09-02T04:30:00-00:00,2022-09-01,22,BLUSTNPP_6_N003,BLUSTNPP_6_N003,BLUSTNPP_6_N003,RTPD,MCC,LMP_CONG_PRC,BLUSTNPP_6_N003,ALL,1,763.3504,2,2
2022-09-02T05:15:00-00:00,2022-09-02T05:30:00-00:00,2022-09-01,23,BLUSTNPP_6_N003,BLUSTNPP_6_N003,BLUSTNPP_6_N003,RTPD,MCC,LMP_CONG_PRC,BLUSTNPP_6_N003,ALL,1,15.3288,2,2
2022-09-02T06:15:00-00:00,2022-09-02T06:30:00-00:00,2022-09-01,24,BLUSTNPP_6_N003,BLUSTNPP_6_N003,BLUSTNPP_6_N003,RTPD,MCC,LMP_CONG_PRC,BLUSTNPP_6_N003,ALL,1,5.10531,2,2
2022-09-01T07:30:00-00:00,2022-09-01T07:45:00-00:00,2022-09-01,01,BLUSTNPP_6_N003,BLUSTNPP_6_N003,BLUSTNPP_6_N003,RTPD,MCC,LMP_CONG_PRC,BLUSTNPP_6_N003,ALL,1,-19.3845,3,2
2022-09-01T08:30:00-00:00,2022-09-01T08:45:00-00:00,2022-09-01,02,BLUSTNPP_6_N003,BLUSTNPP_6_N003,BLUSTNPP_6_N003,RTPD,MCC,LMP_CONG_PRC,BLUSTNPP_6_N003,ALL,1,-0.00103,3,2
2022-09-01T09:30:00-00:00,2022-09-01T09:45:00-00:00,2022-09-01,03,BLUSTNPP_6_N003,BLUSTNPP_6_N003,BLUSTNPP_6_N003,RTPD,MCC,LMP_CONG_PRC,BLUSTNPP_6_N003,ALL,1,-6.98857,3,2
2022-09-01T10:30:00-00:00,2022-09-01T10:45:00-00:00,2022-09-01,04,BLUSTNPP_6_N003,BLUSTNPP_6_N003,BLUSTNPP_6_N003,RTPD,MCC,LMP_CONG_PRC,BLUSTNPP_6_N003,ALL,1,-3.7159,3,2
2022-09-01T11:30:00-00:00,2022-09-01T11:45:00-00:00,2022-09-01,05,BLUSTNPP_6_N003,BLUSTNPP_6_N003,BLUSTNPP_6_N003,RTPD,MCC,LMP_CONG_PRC,BLUSTNPP_6_N003,ALL,1,0,3,2
2022-09-01T12:30:00-00:00,2022-09-01T12:45:00-00:00,2022-09-01,06,BLUSTNPP_6_N003,BLUSTNPP_6_N003,BLUSTNPP_6_N003,RTPD,MCC,LMP_CONG_PRC,BLUSTNPP_6_N003,ALL,1,-12.6264,3,2
2022-09-01T13:30:00-00:00,2022-09-01T13:45:00-00:00,2022-09-01,07,BLUSTNPP_6_N003,BLUSTNPP_6_N003,BLUSTNPP_6_N003,RTPD,MCC,LMP_CONG_PRC,BLUSTNPP_6_N003,ALL,1,0,3,2
2022-09-01T14:30:00-00:00,2022-09-01T14:45:00-00:00,2022-09-01,08,BLUSTNPP_6_N003,BLUSTNPP_6_N003,BLUSTNPP_6_N003,RTPD,MCC,LMP_CONG_PRC,BLUSTNPP_6_N003,ALL,1,0,3,2
2022-09-01T15:30:00-00:00,2022-09-01T15:45:00-00:00,2022-09-01,09,BLUSTNPP_6_N003,BLUSTNPP_6_N003,BLUSTNPP_6_N003,RTPD,MCC,LMP_CONG_PRC,BLUSTNPP_6_N003,ALL,1,0,3,2
2022-09-01T16:30:00-00:00,2022-09-01T16:45:00-00:00,2022-09-01,10,BLUSTNPP_6_N003,BLUSTNPP_6_N003,BLUSTNPP_6_N003,RTPD,MCC,LMP_CONG_PRC,BLUSTNPP_6_N003,ALL,1,-16.2967,3,2
2022-09-01T17:30:00-00:00,2022-09-01T17:45:00-00:00,2022-09-01,11,BLUSTNPP_6_N003,BLUSTNPP_6_N003,BLUSTNPP_6_N003,RTPD,MCC,LMP_CONG_PRC,BLUSTNPP_6_N003,ALL,1,-24.18904,3,2
2022-09-01T18:30:00-00:00,2022-09-01T18:45:00-00:00,2022-09-01,12,BLUSTNPP_6_N003,BLUSTNPP_6_N003,BLUSTNPP_6_N003,RTPD,MCC,LMP_CONG_PRC,BLUSTNPP_6_N003,ALL,1,-32.68927,3,2
2022-09-01T19:30:00-00:00,2022-09-01T19:45:00-00:00,2022-09-01,13,BLUSTNPP_6_N003,BLUSTNPP_6_N003,BLUSTNPP_6_N003,RTPD,MCC,LMP_CONG_PRC,BLUSTNPP_6_N003,ALL,1,-15.0226,3,2
2022-09-01T20:30:00-00:00,2022-09-01T20:45:00-00:00,2022-09-01,14,BLUSTNPP_6_N003,BLUSTNPP_6_N003,BLUSTNPP_6_N003,RTPD,MCC,LMP_CONG_PRC,BLUSTNPP_6_N003,ALL,1,-15.16781,3,2
2022-09-01T21:30:00-00:00,2022-09-01T21:45:00-00:00,2022-09-01,15,BLUSTNPP_6_N003,BLUSTNPP_6_N003,BLUSTNPP_6_N003,RTPD,MCC,LMP_CONG_PRC,BLUSTNPP_6_N003,ALL,1,-29.1576,3,2
2022-09-01T22:30:00-00:00,2022-09-01T22:45:00-00:00,2022-09-01,16,BLUSTNPP_6_N003,BLUSTNPP_6_N003,BLUSTNPP_6_N003,RTPD,MCC,LMP_CONG_PRC,BLUSTNPP_6_N003,ALL,1,-150.1091,3,2
2022-09-01T23:30:00-00:00,2022-09-01T23:45:00-00:00,2022-09-01,17,BLUSTNPP_6_N003,BLUSTNPP_6_N003,BLUSTNPP_6_N003,RTPD,MCC,LMP_CONG_PRC,BLUSTNPP_6_N003,ALL,1,0,3,2
2022-09-02T00:30:00-00:00,2022-09-02T00:45:00-00:00,2022-09-01,18,BLUSTNPP_6_N003,BLUSTNPP_6_N003,BLUSTNPP_6_N003,RTPD,MCC,LMP_CONG_PRC,BLUSTNPP_6_N003,ALL,1,361.00223,3,2
2022-09-02T01:30:00-00:00,2022-09-02T01:45:00-00:00,2022-09-01,19,BLUSTNPP_6_N003,BLUSTNPP_6_N003,BLUSTNPP_6_N003,RTPD,MCC,LMP_CONG_PRC,BLUSTNPP_6_N003,ALL,1,0,3,2
2022-09-02T02:30:00-00:00,2022-09-02T02:45:00-00:00,2022-09-01,20,BLUSTNPP_6_N003,BLUSTNPP_6_N003,BLUSTNPP_6_N003,RTPD,MCC,LMP_CONG_PRC,BLUSTNPP_6_N003,ALL,1,0,3,2
2022-09-02T03:30:00-00:00,2022-09-02T03:45:00-00:00,2022-09-01,21,BLUSTNPP_6_N003,BLUSTNPP_6_N003,BLUSTNPP_6_N003,RTPD,MCC,LMP_CONG_PRC,BLUSTNPP_6_N003,ALL,1,32.12843,3,2
2022-09-02T04:30:00-00:00,2022-09-02T04:45:00-00:00,2022-09-01,22,BLUSTNPP_6_N003,BLUSTNPP_6_N003,BLUSTNPP_6_N003,RTPD,MCC,LMP_CONG_PRC,BLUSTNPP_6_N003,ALL,1,413.81982,3,2
2022-09-02T05:30:00-00:00,2022-09-02T05:45:00-00:00,2022-09-01,23,BLUSTNPP_6_N003,BLUSTNPP_6_N003,BLUSTNPP_6_N003,RTPD,MCC,LMP_CONG_PRC,BLUSTNPP_6_N003,ALL,1,11.93086,3,2
2022-09-02T06:30:00-00:00,2022-09-02T06:45:00-00:00,2022-09-01,24,BLUSTNPP_6_N003,BLUSTNPP_6_N003,BLUSTNPP_6_N003,RTPD,MCC,LMP_CONG_PRC,BLUSTNPP_6_N003,ALL,1,11.22764,3,2
2022-09-01T07:45:00-00:00,2022-09-01T08:00:00-00:00,2022-09-01,01,BLUSTNPP_6_N003,BLUSTNPP_6_N003,BLUSTNPP_6_N003,RTPD,MCC,LMP_CONG_PRC,BLUSTNPP_6_N003,ALL,1,-22.01189,4,2
2022-09-01T08:45:00-00:00,2022-09-01T09:00:00-00:00,2022-09-01,02,BLUSTNPP_6_N003,BLUSTNPP_6_N003,BLUSTNPP_6_N003,RTPD,MCC,LMP_CONG_PRC,BLUSTNPP_6_N003,ALL,1,-5.38355,4,2
2022-09-01T09:45:00-00:00,2022-09-01T10:00:00-00:00,2022-09-01,03,BLUSTNPP_6_N003,BLUSTNPP_6_N003,BLUSTNPP_6_N003,RTPD,MCC,LMP_CONG_PRC,BLUSTNPP_6_N003,ALL,1,-6.22773,4,2
2022-09-01T10:45:00-00:00,2022-09-01T11:00:00-00:00,2022-09-01,04,BLUSTNPP_6_N003,BLUSTNPP_6_N003,BLUSTNPP_6_N003,RTPD,MCC,LMP_CONG_PRC,BLUSTNPP_6_N003,ALL,1,-1.46338,4,2
2022-09-01T11:45:00-00:00,2022-09-01T12:00:00-00:00,2022-09-01,05,BLUSTNPP_6_N003,BLUSTNPP_6_N003,BLUSTNPP_6_N003,RTPD,MCC,LMP_CONG_PRC,BLUSTNPP_6_N003,ALL,1,0,4,2
2022-09-01T12:45:00-00:00,2022-09-01T13:00:00-00:00,2022-09-01,06,BLUSTNPP_6_N003,BLUSTNPP_6_N003,BLUSTNPP_6_N003,RTPD,MCC,LMP_CONG_PRC,BLUSTNPP_6_N003,ALL,1,-2.8202,4,2
2022-09-01T13:45:00-00:00,2022-09-01T14:00:00-00:00,2022-09-01,07,BLUSTNPP_6_N003,BLUSTNPP_6_N003,BLUSTNPP_6_N003,RTPD,MCC,LMP_CONG_PRC,BLUSTNPP_6_N003,ALL,1,0,4,2
2022-09-01T14:45:00-00:00,2022-09-01T15:00:00-00:00,2022-09-01,08,BLUSTNPP_6_N003,BLUSTNPP_6_N003,BLUSTNPP_6_N003,RTPD,MCC,LMP_CONG_PRC,BLUSTNPP_6_N003,ALL,1,0,4,2
2022-09-01T15:45:00-00:00,2022-09-01T16:00:00-00:00,2022-09-01,09,BLUSTNPP_6_N003,BLUSTNPP_6_N003,BLUSTNPP_6_N003,RTPD,MCC,LMP_CONG_PRC,BLUSTNPP_6_N003,ALL,1,0,4,2
2022-09-01T16:45:00-00:00,2022-09-01T17:00:00-00:00,2022-09-01,10,BLUSTNPP_6_N003,BLUSTNPP_6_N003,BLUSTNPP_6_N003,RTPD,MCC,LMP_CONG_PRC,BLUSTNPP_6_N003,ALL,1,-14.74476,4,2
2022-09-01T17:45:00-00:00,2022-09-01T18:00:00-00:00,2022-09-01,11,BLUSTNPP_6_N003,BLUSTNPP_6_N003,BLUSTNPP_6_N003,RTPD,MCC,LMP_CONG_PRC,BLUSTNPP_6_N003,ALL,1,-23.92491,4,2
2022-09-01T18:45:00-00:00,2022-09-01T19:00:00-00:00,2022-09-01,12,BLUSTNPP_6_N003,BLUSTNPP_6_N003,BLUSTNPP_6_N003,RTPD,MCC,LMP_CONG_PRC,BLUSTNPP_6_N003,ALL,1,-32.56415,4,2
2022-09-01T19:45:00-00:00,2022-09-01T20:00:00-00:00,2022-09-01,13,BLUSTNPP_6_N003,BLUSTNPP_6_N003,BLUSTNPP_6_N003,RTPD,MCC,LMP_CONG_PRC,BLUSTNPP_6_N003,ALL,1,-16.27756,4,2
2022-09-01T20:45:00-00:00,2022-09-01T21:00:00-00:00,2022-09-01,14,BLUSTNPP_6_N003,BLUSTNPP_6_N003,BLUSTNPP_6_N003,RTPD,MCC,LMP_CONG_PRC,BLUSTNPP_6_N003,ALL,1,-33.56777,4,2
2022-09-01T21:45:00-00:00,2022-09-01T22:00:00-00:00,2022-09-01,15,BLUSTNPP_6_N003,BLUSTNPP_6_N003,BLUSTNPP_6_N003,RTPD,MCC,LMP_CONG_PRC,BLUSTNPP_6_N003,ALL,1,-105.93128,4,2
2022-09-01T22:45:00-00:00,2022-09-01T23:00:00-00:00,2022-09-01,16,BLUSTNPP_6_N003,BLUSTNPP_6_N003,BLUSTNPP_6_N003,RTPD,MCC,LMP_CONG_PRC,BLUSTNPP_6_N003,ALL,1,-304.88263,4,2
2022-09-01T23:45:00-00:00,2022-09-02T00:00:00-00:00,2022-09-01,17,BLUSTNPP_6_N003,BLUSTNPP_6_N003,BLUSTNPP_6_N003,RTPD,MCC,LMP_CONG_PRC,BLUSTNPP_6_N003,ALL,1,314.45154,4,2
2022-09-02T00:45:00-00:00,2022-09-02T01:00:00-00:00,2022-09-01,18,BLUSTNPP_6_N003,BLUSTNPP_6_N003,BLUSTNPP_6_N003,RTPD,MCC,LMP_CONG_PRC,BLUSTNPP_6_N003,ALL,1,273.2909,4,2
2022-09-02T01:45:00-00:00,2022-09-02T02:00:00-00:00,2022-09-01,19,BLUSTNPP_6_N003,BLUSTNPP_6_N003,BLUSTNPP_6_N003,RTPD,MCC,LMP_CONG_PRC,BLUSTNPP_6_N003,ALL,1,0,4,2
2022-09-02T02:45:00-00:00,2022-09-02T03:00:00-00:00,2022-09-01,20,BLUSTNPP_6_N003,BLUSTNPP_6_N003,BLUSTNPP_6_N003,RTPD,MCC,LMP_CONG_PRC,BLUSTNPP_6_N003,ALL,1,148.9296,4,2
2022-09-02T03:45:00-00:00,2022-09-02T04:00:00-00:00,2022-09-01,21,BLUSTNPP_6_N003,BLUSTNPP_6_N003,BLUSTNPP_6_N003,RTPD,MCC,LMP_CONG_PRC,BLUSTNPP_6_N003,ALL,1,20.61621,4,2
2022-09-02T04:45:00-00:00,2022-09-02T05:00:00-00:00,2022-09-01,22,BLUSTNPP_6_N003,BLUSTNPP_6_N003,BLUSTNPP_6_N003,RTPD,MCC,LMP_CONG_PRC,BLUSTNPP_6_N003,ALL,1,17.04007,4,2
2022-09-02T05:45:00-00:00,2022-09-02T06:00:00-00:00,2022-09-01,23,BLUSTNPP_6_N003,BLUSTNPP_6_N003,BLUSTNPP_6_N003,RTPD,MCC,LMP_CONG_PRC,BLUSTNPP_6_N003,ALL,1,164.8577,4,2
2022-09-02T06:45:00-00:00,2022-09-02T07:00:00-00:00,2022-09-01,24,BLUSTNPP_6_N003,BLUSTNPP_6_N003,BLUSTNPP_6_N003,RTPD,MCC,LMP_CONG_PRC,BLUSTNPP_6_N003,ALL,1,7.02078,4,2
2022-09-01T07:00:00-00:00,2022-09-01T07:15:00-00:00,2022-09-01,01,BLUSTNPP_6_N003,BLUSTNPP_6_N003,BLUSTNPP_6_N003,RTPD,MCE,LMP_ENE_PRC,BLUSTNPP_6_N003,ALL,1,104.23471,1,3
2022-09-01T08:00:00-00:00,2022-09-01T08:15:00-00:00,2022-09-01,02,BLUSTNPP_6_N003,BLUSTNPP_6_N003,BLUSTNPP_6_N003,RTPD,MCE,LMP_ENE_PRC,BLUSTNPP_6_N003,ALL,1,115.5488,1,3
2022-09-01T09:00:00-00:00,2022-09-01T09:15:00-00:00,2022-09-01,03,BLUSTNPP_6_N003,BLUSTNPP_6_N003,BLUSTNPP_6_N003,RTPD,MCE,LMP_ENE_PRC,BLUSTNPP_6_N003,ALL,1,99.73061,1,3
2022-09-01T10:00:00-00:00,2022-09-01T10:15:00-00:00,2022-09-01,04,BLUSTNPP_6_N003,BLUSTNPP_6_N003,BLUSTNPP_6_N003,RTPD,MCE,LMP_ENE_PRC,BLUSTNPP_6_N003,ALL,1,98.64222,1,3
2022-09-01T11:00:00-00:00,2022-09-01T11:15:00-00:00,2022-09-01,05,BLUSTNPP_6_N003,BLUSTNPP_6_N003,BLUSTNPP_6_N003,RTPD,MCE,LMP_ENE_PRC,BLUSTNPP_6_N003,ALL,1,102.56859,1,3
2022-09-01T12:00:00-00:00,2022-09-01T12:15:00-00:00,2022-09-01,06,BLUSTNPP_6_N003,BLUSTNPP_6_N003,BLUSTNPP_6_N003,RTPD,MCE,LMP_ENE_PRC,BLUSTNPP_6_N003,ALL,1,96.90845,1,3
2022-09-01T13:00:00-00:00,2022-09-01T13:15:00-00:00,2022-09-01,07,BLUSTNPP_6_N003,BLUSTNPP_6_N003,BLUSTNPP_6_N003,RTPD,MCE,LMP_ENE_PRC,BLUSTNPP_6_N003,ALL,1,101.80878,1,3
2022-09-01T14:00:00-00:00,2022-09-01T14:15:00-00:00,2022-09-01,08,BLUSTNPP_6_N003,BLUSTNPP_6_N003,BLUSTNPP_6_N003,RTPD,MCE,LMP_ENE_PRC,BLUSTNPP_6_N003,ALL,1,111.11219,1,3
2022-09-01T15:00:00-00:00,2022-09-01T15:15:00-00:00,2022-09-01,09,BLUSTNPP_6_N003,BLUSTNPP_6_N003,BLUSTNPP_6_N003,RTPD,MCE,LMP_ENE_PRC,BLUSTNPP_6_N003,ALL,1,97.4112,1,3
2022-09-01T16:00:00-00:00,2022-09-01T16:15:00-00:00,2022-09-01,10,BLUSTNPP_6_N003,BLUSTNPP_6_N003,BLUSTNPP_6_N003,RTPD,MCE,LMP_ENE_PRC,BLUSTNPP_6_N003,ALL,1,83.43525,1,3
2022-09-01T17:00:00-00:00,2022-09-01T17:15:00-00:00,2022-09-01,11,BLUSTNPP_6_N003,BLUSTNPP_6_N003,BLUSTNPP_6_N003,RTPD,MCE,LMP_ENE_PRC,BLUSTNPP_6_N003,ALL,1,96.94897,1,3
2022-09-01T18:00:00-00:00,2022-09-01T18:15:00-00:00,2022-09-01,12,BLUSTNPP_6_N003,BLUSTNPP_6_N003,BLUSTNPP_6_N003,RTPD,MCE,LMP_ENE_PRC,BLUSTNPP_6_N003,ALL,1,91.59291,1,3
2022-09-01T19:00:00-00:00,2022-09-01T19:15:00-00:00,2022-09-01,13,BLUSTNPP_6_N003,BLUSTNPP_6_N003,BLUSTNPP_6_N003,RTPD,MCE,LMP_ENE_PRC,BLUSTNPP_6_N003,ALL,1,109.19637,1,3
2022-09-01T20:00:00-00:00,2022-09-01T20:15:00-00:00,2022-09-01,14,BLUSTNPP_6_N003,BLUSTNPP_6_N003,BLUSTNPP_6_N003,RTPD,MCE,LMP_ENE_PRC,BLUSTNPP_6_N003,ALL,1,117.94359,1,3
2022-09-01T21:00:00-00:00,2022-09-01T21:15:00-00:00,2022-09-01,15,BLUSTNPP_6_N003,BLUSTNPP_6_N003,BLUSTNPP_6_N003,RTPD,MCE,LMP_ENE_PRC,BLUSTNPP_6_N003,ALL,1,226.61499,1,3
2022-09-01T22:00:00-00:00,2022-09-01T22:15:00-00:00,2022-09-01,16,BLUSTNPP_6_N003,BLUSTNPP_6_N003,BLUSTNPP_6_N003,RTPD,MCE,LMP_ENE_PRC,BLUSTNPP_6_N003,ALL,1,229.18552,1,3
2022-09-01T23:00:00-00:00,2022-09-01T23:15:00-00:00,2022-09-01,17,BLUSTNPP_6_N003,BLUSTNPP_6_N003,BLUSTNPP_6_N003,RTPD,MCE,LMP_ENE_PRC,BLUSTNPP_6_N003,ALL,1,386.7537,1,3
2022-09-02T00:00:00-00:00,2022-09-02T00:15:00-00:00,2022-09-01,18,BLUSTNPP_6_N003,BLUSTNPP_6_N003,BLUSTNPP_6_N003,RTPD,MCE,LMP_ENE_PRC,BLUSTNPP_6_N003,ALL,1,770.58136,1,3
2022-09-02T01:00:00-00:00,2022-09-02T01:15:00-00:00,2022-09-01,19,BLUSTNPP_6_N003,BLUSTNPP_6_N003,BLUSTNPP_6_N003,RTPD,MCE,LMP_ENE_PRC,BLUSTNPP_6_N003,ALL,1,916.27124,1,3
2022-09-02T02:00:00-00:00,2022-09-02T02:15:00-00:00,2022-09-01,20,BLUSTNPP_6_N003,BLUSTNPP_6_N003,BLUSTNPP_6_N003,RTPD,MCE,LMP_ENE_PRC,BLUSTNPP_6_N003,ALL,1,1991.6721,1,3
2022-09-02T03:00:00-00:00,2022-09-02T03:15:00-00:00,2022-09-01,21,BLUSTNPP_6_N003,BLUSTNPP_6_N003,BLUSTNPP_6_N003,RTPD,MCE,LMP_ENE_PRC,BLUSTNPP_6_N003,ALL,1,917.5508,1,3
2022-09-02T04:00:00-00:00,2022-09-02T04:15:00-00:00,2022-09-01,22,BLUSTNPP_6_N003,BLUSTNPP_6_N003,BLUSTNPP_6_N003,RTPD,MCE,LMP_ENE_PRC,BLUSTNPP_6_N003,ALL,1,257.83005,1,3
2022-09-02T05:00:00-00:00,2022-09-02T05:15:00-00:00,2022-09-01,23,BLUSTNPP_6_N003,BLUSTNPP_6_N003,BLUSTNPP_6_N003,RTPD,MCE,LMP_ENE_PRC,BLUSTNPP_6_N003,ALL,1,183.24657,1,3
2022-09-02T06:00:00-00:00,2022-09-02T06:15:00-00:00,2022-09-01,24,BLUSTNPP_6_N003,BLUSTNPP_6_N003,BLUSTNPP_6_N003,RTPD,MCE,LMP_ENE_PRC,BLUSTNPP_6_N003,ALL,1,158.867,1,3
2022-09-01T07:15:00-00:00,2022-09-01T07:30:00-00:00,2022-09-01,01,BLUSTNPP_6_N003,BLUSTNPP_6_N003,BLUSTNPP_6_N003,RTPD,MCE,LMP_ENE_PRC,BLUSTNPP_6_N003,ALL,1,125.55144,2,3
2022-09-01T08:15:00-00:00,2022-09-01T08:30:00-00:00,2022-09-01,02,BLUSTNPP_6_N003,BLUSTNPP_6_N003,BLUSTNPP_6_N003,RTPD,MCE,LMP_ENE_PRC,BLUSTNPP_6_N003,ALL,1,115.53165,2,3
2022-09-01T09:15:00-00:00,2022-09-01T09:30:00-00:00,2022-09-01,03,BLUSTNPP_6_N003,BLUSTNPP_6_N003,BLUSTNPP_6_N003,RTPD,MCE,LMP_ENE_PRC,BLUSTNPP_6_N003,ALL,1,98.30543,2,3
2022-09-01T10:15:00-00:00,2022-09-01T10:30:00-00:00,2022-09-01,04,BLUSTNPP_6_N003,BLUSTNPP_6_N003,BLUSTNPP_6_N003,RTPD,MCE,LMP_ENE_PRC,BLUSTNPP_6_N003,ALL,1,97.00684,2,3
2022-09-01T11:15:00-00:00,2022-09-01T11:30:00-00:00,2022-09-01,05,BLUSTNPP_6_N003,BLUSTNPP_6_N003,BLUSTNPP_6_N003,RTPD,MCE,LMP_ENE_PRC,BLUSTNPP_6_N003,ALL,1,103.09059,2,3
2022-09-01T12:15:00-00:00,2022-09-01T12:30:00-00:00,2022-09-01,06,BLUSTNPP_6_N003,BLUSTNPP_6_N003,BLUSTNPP_6_N003,RTPD,MCE,LMP_ENE_PRC,BLUSTNPP_6_N003,ALL,1,109.32203,2,3
2022-09-01T13:15:00-00:00,2022-09-01T13:30:00-00:00,2022-09-01,07,BLUSTNPP_6_N003,BLUSTNPP_6_N003,BLUSTNPP_6_N003,RTPD,MCE,LMP_ENE_PRC,BLUSTNPP_6_N003,ALL,1,110.97827,2,3
2022-09-01T14:15:00-00:00,2022-09-01T14:30:00-00:00,2022-09-01,08,BLUSTNPP_6_N003,BLUSTNPP_6_N003,BLUSTNPP_6_N003,RTPD,MCE,LMP_ENE_PRC,BLUSTNPP_6_N003,ALL,1,104.78743,2,3
2022-09-01T15:15:00-00:00,2022-09-01T15:30:00-00:00,2022-09-01,09,BLUSTNPP_6_N003,BLUSTNPP_6_N003,BLUSTNPP_6_N003,RTPD,MCE,LMP_ENE_PRC,BLUSTNPP_6_N003,ALL,1,86.9388,2,3
2022-09-01T16:15:00-00:00,2022-09-01T16:30:00-00:00,2022-09-01,10,BLUSTNPP_6_N003,BLUSTNPP_6_N003,BLUSTNPP_6_N003,RTPD,MCE,LMP_ENE_PRC,BLUSTNPP_6_N003,ALL,1,89.44858,2,3
2022-09-01T17:15:00-00:00,2022-09-01T17:30:00-00:00,2022-09-01,11,BLUSTNPP_6_N003,BLUSTNPP_6_N003,BLUSTNPP_6_N003,RTPD,MCE,LMP_ENE_PRC,BLUSTNPP_6_N003,ALL,1,99.34673,2,3
2022-09-01T18:15:00-00:00,2022-09-01T18:30:00-00:00,2022-09-01,12,BLUSTNPP_6_N003,BLUSTNPP_6_N003,BLUSTNPP_6_N003,RTPD,MCE,LMP_ENE_PRC,BLUSTNPP_6_N003,ALL,1,101.15901,2,3
2022-09-01T19:15:00-00:00,2022-09-01T19:30:00-00:00,2022-09-01,13,BLUSTNPP_6_N003,BLUSTNPP_6_N003,BLUSTNPP_6_N003,RTPD,MCE,LMP_ENE_PRC,BLUSTNPP_6_N003,ALL,1,105.30588,2,3
2022-09-01T20:15:00-00:00,2022-09-01T20:30:00-00:00,2022-09-01,14,BLUSTNPP_6_N003,BLUSTNPP_6_N003,BLUSTNPP_6_N003,RTPD,MCE,LMP_ENE_PRC,BLUSTNPP_6_N003,ALL,1,117.49421,2,3
2022-09-01T21:15:00-00:00,2022-09-01T21:30:00-00:00,2022-09-01,15,BLUSTNPP_6_N003,BLUSTNPP_6_N003,BLUSTNPP_6_N003,RTPD,MCE,LMP_ENE_PRC,BLUSTNPP_6_N003,ALL,1,147.21185,2,3
2022-09-01T22:15:00-00:00,2022-09-01T22:30:00-00:00,2022-09-01,16,BLUSTNPP_6_N003,BLUSTNPP_6_N003,BLUSTNPP_6_N003,RTPD,MCE,LMP_ENE_PRC,BLUSTNPP_6_N003,ALL,1,256.58734,2,3
2022-09-01T23:15:00-00:00,2022-09-01T23:30:00-00:00,2022-09-01,17,BLUSTNPP_6_N003,BLUSTNPP_6_N003,BLUSTNPP_6_N003,RTPD,MCE,LMP_ENE_PRC,BLUSTNPP_6_N003,ALL,1,362.12408,2,3
2022-09-02T00:15:00-00:00,2022-09-02T00:30:00-00:00,2022-09-01,18,BLUSTNPP_6_N003,BLUSTNPP_6_N003,BLUSTNPP_6_N003,RTPD,MCE,LMP_ENE_PRC,BLUSTNPP_6_N003,ALL,1,691.2182,2,3
2022-09-02T01:15:00-00:00,2022-09-02T01:30:00-00:00,2022-09-01,19,BLUSTNPP_6_N003,BLUSTNPP_6_N003,BLUSTNPP_6_N003,RTPD,MCE,LMP_ENE_PRC,BLUSTNPP_6_N003,ALL,1,1999.9933,2,3
2022-09-02T02:15:00-00:00,2022-09-02T02:30:00-00:00,2022-09-01,20,BLUSTNPP_6_N003,BLUSTNPP_6_N003,BLUSTNPP_6_N003,RTPD,MCE,LMP_ENE_PRC,BLUSTNPP_6_N003,ALL,1,1991.6721,2,3
2022-09-02T03:15:00-00:00,2022-09-02T03:30:00-00:00,2022-09-01,21,BLUSTNPP_6_N003,BLUSTNPP_6_N003,BLUSTNPP_6_N003,RTPD,MCE,LMP_ENE_PRC,BLUSTNPP_6_N003,ALL,1,400.52884,2,3
2022-09-02T04:15:00-00:00,2022-09-02T04:30:00-00:00,2022-09-01,22,BLUSTNPP_6_N003,BLUSTNPP_6_N003,BLUSTNPP_6_N003,RTPD,MCE,LMP_ENE_PRC,BLUSTNPP_6_N003,ALL,1,224.75041,2,3
2022-09-02T05:15:00-00:00,2022-09-02T05:30:00-00:00,2022-09-01,23,BLUSTNPP_6_N003,BLUSTNPP_6_N003,BLUSTNPP_6_N003,RTPD,MCE,LMP_ENE_PRC,BLUSTNPP_6_N003,ALL,1,157.11986,2,3
2022-09-02T06:15:00-00:00,2022-09-02T06:30:00-00:00,2022-09-01,24,BLUSTNPP_6_N003,BLUSTNPP_6_N003,BLUSTNPP_6_N003,RTPD,MCE,LMP_ENE_PRC,BLUSTNPP_6_N003,ALL,1,143.1005,2,3
2022-09-01T07:30:00-00:00,2022-09-01T07:45:00-00:00,2022-09-01,01,BLUSTNPP_6_N003,BLUSTNPP_6_N003,BLUSTNPP_6_N003,RTPD,MCE,LMP_ENE_PRC,BLUSTNPP_6_N003,ALL,1,119.03196,3,3
2022-09-01T08:30:00-00:00,2022-09-01T08:45:00-00:00,2022-09-01,02,BLUSTNPP_6_N003,BLUSTNPP_6_N003,BLUSTNPP_6_N003,RTPD,MCE,LMP_ENE_PRC,BLUSTNPP_6_N003,ALL,1,111.11241,3,3
2022-09-01T09:30:00-00:00,2022-09-01T09:45:00-00:00,2022-09-01,03,BLUSTNPP_6_N003,BLUSTNPP_6_N003,BLUSTNPP_6_N003,RTPD,MCE,LMP_ENE_PRC,BLUSTNPP_6_N003,ALL,1,98.16228,3,3
2022-09-01T10:30:00-00:00,2022-09-01T10:45:00-00:00,2022-09-01,04,BLUSTNPP_6_N003,BLUSTNPP_6_N003,BLUSTNPP_6_N003,RTPD,MCE,LMP_ENE_PRC,BLUSTNPP_6_N003,ALL,1,96.36226,3,3
2022-09-01T11:30:00-00:00,2022-09-01T11:45:00-00:00,2022-09-01,05,BLUSTNPP_6_N003,BLUSTNPP_6_N003,BLUSTNPP_6_N003,RTPD,MCE,LMP_ENE_PRC,BLUSTNPP_6_N003,ALL,1,103.06198,3,3
2022-09-01T12:30:00-00:00,2022-09-01T12:45:00-00:00,2022-09-01,06,BLUSTNPP_6_N003,BLUSTNPP_6_N003,BLUSTNPP_6_N003,RTPD,MCE,LMP_ENE_PRC,BLUSTNPP_6_N003,ALL,1,113.57403,3,3
2022-09-01T13:30:00-00:00,2022-09-01T13:45:00-00:00,2022-09-01,07,BLUSTNPP_6_N003,BLUSTNPP_6_N003,BLUSTNPP_6_N003,RTPD,MCE,LMP_ENE_PRC,BLUSTNPP_6_N003,ALL,1,111.52025,3,3
2022-09-01T14:30:00-00:00,2022-09-01T14:45:00-00:00,2022-09-01,08,BLUSTNPP_6_N003,BLUSTNPP_6_N003,BLUSTNPP_6_N003,RTPD,MCE,LMP_ENE_PRC,BLUSTNPP_6_N003,ALL,1,101.83428,3,3
2022-09-01T15:30:00-00:00,2022-09-01T15:45:00-00:00,2022-09-01,09,BLUSTNPP_6_N003,BLUSTNPP_6_N003,BLUSTNPP_6_N003,RTPD,MCE,LMP_ENE_PRC,BLUSTNPP_6_N003,ALL,1,86.1388,3,3
2022-09-01T16:30:00-00:00,2022-09-01T16:45:00-00:00,2022-09-01,10,BLUSTNPP_6_N003,BLUSTNPP_6_N003,BLUSTNPP_6_N003,RTPD,MCE,LMP_ENE_PRC,BLUSTNPP_6_N003,ALL,1,88.79644,3,3
2022-09-01T17:30:00-00:00,2022-09-01T17:45:00-00:00,2022-09-01,11,BLUSTNPP_6_N003,BLUSTNPP_6_N003,BLUSTNPP_6_N003,RTPD,MCE,LMP_ENE_PRC,BLUSTNPP_6_N003,ALL,1,99.13013,3,3
2022-09-01T18:30:00-00:00,2022-09-01T18:45:00-00:00,2022-09-01,12,BLUSTNPP_6_N003,BLUSTNPP_6_N003,BLUSTNPP_6_N003,RTPD,MCE,LMP_ENE_PRC,BLUSTNPP_6_N003,ALL,1,107.05718,3,3
2022-09-01T19:30:00-00:00,2022-09-01T19:45:00-00:00,2022-09-01,13,BLUSTNPP_6_N003,BLUSTNPP_6_N003,BLUSTNPP_6_N003,RTPD,MCE,LMP_ENE_PRC,BLUSTNPP_6_N003,ALL,1,114.05905,3,3
2022-09-01T20:30:00-00:00,2022-09-01T20:45:00-00:00,2022-09-01,14,BLUSTNPP_6_N003,BLUSTNPP_6_N003,BLUSTNPP_6_N003,RTPD,MCE,LMP_ENE_PRC,BLUSTNPP_6_N003,ALL,1,129.81606,3,3
2022-09-01T21:30:00-00:00,2022-09-01T21:45:00-00:00,2022-09-01,15,BLUSTNPP_6_N003,BLUSTNPP_6_N003,BLUSTNPP_6_N003,RTPD,MCE,LMP_ENE_PRC,BLUSTNPP_6_N003,ALL,1,152.93057,3,3
2022-09-01T22:30:00-00:00,2022-09-01T22:45:00-00:00,2022-09-01,16,BLUSTNPP_6_N003,BLUSTNPP_6_N003,BLUSTNPP_6_N003,RTPD,MCE,LMP_ENE_PRC,BLUSTNPP_6_N003,ALL,1,283.18182,3,3
2022-09-01T23:30:00-00:00,2022-09-01T23:45:00-00:00,2022-09-01,17,BLUSTNPP_6_N003,BLUSTNPP_6_N003,BLUSTNPP_6_N003,RTPD,MCE,LMP_ENE_PRC,BLUSTNPP_6_N003,ALL,1,566.48157,3,3
2022-09-02T00:30:00-00:00,2022-09-02T00:45:00-00:00,2022-09-01,18,BLUSTNPP_6_N003,BLUSTNPP_6_N003,BLUSTNPP_6_N003,RTPD,MCE,LMP_ENE_PRC,BLUSTNPP_6_N003,ALL,1,1329.1127,3,3
2022-09-02T01:30:00-00:00,2022-09-02T01:45:00-00:00,2022-09-01,19,BLUSTNPP_6_N003,BLUSTNPP_6_N003,BLUSTNPP_6_N003,RTPD,MCE,LMP_ENE_PRC,BLUSTNPP_6_N003,ALL,1,1999.9956,3,3
2022-09-02T02:30:00-00:00,2022-09-02T02:45:00-00:00,2022-09-01,20,BLUSTNPP_6_N003,BLUSTNPP_6_N003,BLUSTNPP_6_N003,RTPD,MCE,LMP_ENE_PRC,BLUSTNPP_6_N003,ALL,1,1991.671,3,3
2022-09-02T03:30:00-00:00,2022-09-02T03:45:00-00:00,2022-09-01,21,BLUSTNPP_6_N003,BLUSTNPP_6_N003,BLUSTNPP_6_N003,RTPD,MCE,LMP_ENE_PRC,BLUSTNPP_6_N003,ALL,1,186.61823,3,3
2022-09-02T04:30:00-00:00,2022-09-02T04:45:00-00:00,2022-09-01,22,BLUSTNPP_6_N003,BLUSTNPP_6_N003,BLUSTNPP_6_N003,RTPD,MCE,LMP_ENE_PRC,BLUSTNPP_6_N003,ALL,1,180.67824,3,3
2022-09-02T05:30:00-00:00,2022-09-02T05:45:00-00:00,2022-09-01,23,BLUSTNPP_6_N003,BLUSTNPP_6_N003,BLUSTNPP_6_N003,RTPD,MCE,LMP_ENE_PRC,BLUSTNPP_6_N003,ALL,1,131.69917,3,3
2022-09-02T06:30:00-00:00,2022-09-02T06:45:00-00:00,2022-09-01,24,BLUSTNPP_6_N003,BLUSTNPP_6_N003,BLUSTNPP_6_N003,RTPD,MCE,LMP_ENE_PRC,BLUSTNPP_6_N003,ALL,1,128.9871,3,3
2022-09-01T07:45:00-00:00,2022-09-01T08:00:00-00:00,2022-09-01,01,BLUSTNPP_6_N003,BLUSTNPP_6_N003,BLUSTNPP_6_N003,RTPD,MCE,LMP_ENE_PRC,BLUSTNPP_6_N003,ALL,1,109.12099,4,3
2022-09-01T08:45:00-00:00,2022-09-01T09:00:00-00:00,2022-09-01,02,BLUSTNPP_6_N003,BLUSTNPP_6_N003,BLUSTNPP_6_N003,RTPD,MCE,LMP_ENE_PRC,BLUSTNPP_6_N003,ALL,1,98.7357,4,3
2022-09-01T09:45:00-00:00,2022-09-01T10:00:00-00:00,2022-09-01,03,BLUSTNPP_6_N003,BLUSTNPP_6_N003,BLUSTNPP_6_N003,RTPD,MCE,LMP_ENE_PRC,BLUSTNPP_6_N003,ALL,1,97.50475,4,3
2022-09-01T10:45:00-00:00,2022-09-01T11:00:00-00:00,2022-09-01,04,BLUSTNPP_6_N003,BLUSTNPP_6_N003,BLUSTNPP_6_N003,RTPD,MCE,LMP_ENE_PRC,BLUSTNPP_6_N003,ALL,1,94.71966,4,3
2022-09-01T11:45:00-00:00,2022-09-01T12:00:00-00:00,2022-09-01,05,BLUSTNPP_6_N003,BLUSTNPP_6_N003,BLUSTNPP_6_N003,RTPD,MCE,LMP_ENE_PRC,BLUSTNPP_6_N003,ALL,1,107.01,4,3
2022-09-01T12:45:00-00:00,2022-09-01T13:00:00-00:00,2022-09-01,06,BLUSTNPP_6_N003,BLUSTNPP_6_N003,BLUSTNPP_6_N003,RTPD,MCE,LMP_ENE_PRC,BLUSTNPP_6_N003,ALL,1,116.4848,4,3
2022-09-01T13:45:00-00:00,2022-09-01T14:00:00-00:00,2022-09-01,07,BLUSTNPP_6_N003,BLUSTNPP_6_N003,BLUSTNPP_6_N003,RTPD,MCE,LMP_ENE_PRC,BLUSTNPP_6_N003,ALL,1,111.41,4,3
2022-09-01T14:45:00-00:00,2022-09-01T15:00:00-00:00,2022-09-01,08,BLUSTNPP_6_N003,BLUSTNPP_6_N003,BLUSTNPP_6_N003,RTPD,MCE,LMP_ENE_PRC,BLUSTNPP_6_N003,ALL,1,86.1388,4,3
2022-09-01T15:45:00-00:00,2022-09-01T16:00:00-00:00,2022-09-01,09,BLUSTNPP_6_N003,BLUSTNPP_6_N003,BLUSTNPP_6_N003,RTPD,MCE,LMP_ENE_PRC,BLUSTNPP_6_N003,ALL,1,78.70076,4,3
2022-09-01T16:45:00-00:00,2022-09-01T17:00:00-00:00,2022-09-01,10,BLUSTNPP_6_N003,BLUSTNPP_6_N003,BLUSTNPP_6_N003,RTPD,MCE,LMP_ENE_PRC,BLUSTNPP_6_N003,ALL,1,91.24933,4,3
2022-09-01T17:45:00-00:00,2022-09-01T18:00:00-00:00,2022-09-01,11,BLUSTNPP_6_N003,BLUSTNPP_6_N003,BLUSTNPP_6_N003,RTPD,MCE,LMP_ENE_PRC,BLUSTNPP_6_N003,ALL,1,99.20544,4,3
2022-09-01T18:45:00-00:00,2022-09-01T19:00:00-00:00,2022-09-01,12,BLUSTNPP_6_N003,BLUSTNPP_6_N003,BLUSTNPP_6_N003,RTPD,MCE,LMP_ENE_PRC,BLUSTNPP_6_N003,ALL,1,109.04064,4,3
2022-09-01T19:45:00-00:00,2022-09-01T20:00:00-00:00,2022-09-01,13,BLUSTNPP_6_N003,BLUSTNPP_6_N003,BLUSTNPP_6_N003,RTPD,MCE,LMP_ENE_PRC,BLUSTNPP_6_N003,ALL,1,120.22491,4,3
2022-09-01T20:45:00-00:00,2022-09-01T21:00:00-00:00,2022-09-01,14,BLUSTNPP_6_N003,BLUSTNPP_6_N003,BLUSTNPP_6_N003,RTPD,MCE,LMP_ENE_PRC,BLUSTNPP_6_N003,ALL,1,154.02509,4,3
2022-09-01T21:45:00-00:00,2022-09-01T22:00:00-00:00,2022-09-01,15,BLUSTNPP_6_N003,BLUSTNPP_6_N003,BLUSTNPP_6_N003,RTPD,MCE,LMP_ENE_PRC,BLUSTNPP_6_N003,ALL,1,300.29376,4,3
2022-09-01T22:45:00-00:00,2022-09-01T23:00:00-00:00,2022-09-01,16,BLUSTNPP_6_N003,BLUSTNPP_6_N003,BLUSTNPP_6_N003,RTPD,MCE,LMP_ENE_PRC,BLUSTNPP_6_N003,ALL,1,429.9137,4,3
2022-09-01T23:45:00-00:00,2022-09-02T00:00:00-00:00,2022-09-01,17,BLUSTNPP_6_N003,BLUSTNPP_6_N003,BLUSTNPP_6_N003,RTPD,MCE,LMP_ENE_PRC,BLUSTNPP_6_N003,ALL,1,1261.2124,4,3
2022-09-02T00:45:00-00:00,2022-09-02T01:00:00-00:00,2022-09-01,18,BLUSTNPP_6_N003,BLUSTNPP_6_N003,BLUSTNPP_6_N003,RTPD,MCE,LMP_ENE_PRC,BLUSTNPP_6_N003,ALL,1,1519.149,4,3
2022-09-02T01:45:00-00:00,2022-09-02T02:00:00-00:00,2022-09-01,19,BLUSTNPP_6_N003,BLUSTNPP_6_N003,BLUSTNPP_6_N003,RTPD,MCE,LMP_ENE_PRC,BLUSTNPP_6_N003,ALL,1,1991.9337,4,3
2022-09-02T02:45:00-00:00,2022-09-02T03:00:00-00:00,2022-09-01,20,BLUSTNPP_6_N003,BLUSTNPP_6_N003,BLUSTNPP_6_N003,RTPD,MCE,LMP_ENE_PRC,BLUSTNPP_6_N003,ALL,1,1629.6213,4,3
2022-09-02T03:45:00-00:00,2022-09-02T04:00:00-00:00,2022-09-01,21,BLUSTNPP_6_N003,BLUSTNPP_6_N003,BLUSTNPP_6_N003,RTPD,MCE,LMP_ENE_PRC,BLUSTNPP_6_N003,ALL,1,141.13702,4,3
2022-09-02T04:45:00-00:00,2022-09-02T05:00:00-00:00,2022-09-01,22,BLUSTNPP_6_N003,BLUSTNPP_6_N003,BLUSTNPP_6_N003,RTPD,MCE,LMP_ENE_PRC,BLUSTNPP_6_N003,ALL,1,126.76372,4,3
2022-09-02T05:45:00-00:00,2022-09-02T06:00:00-00:00,2022-09-01,23,BLUSTNPP_6_N003,BLUSTNPP_6_N003,BLUSTNPP_6_N003,RTPD,MCE,LMP_ENE_PRC,BLUSTNPP_6_N003,ALL,1,119.00958,4,3
2022-09-02T06:45:00-00:00,2022-09-02T07:00:00-00:00,2022-09-01,24,BLUSTNPP_6_N003,BLUSTNPP_6_N003,BLUSTNPP_6_N003,RTPD,MCE,LMP_ENE_PRC,BLUSTNPP_6_N003,ALL,1,109.20324,4,3
2022-09-01T07:00:00-00:00,2022-09-01T07:15:00-00:00,2022-09-01,01,BLUSTNPP_6_N003,BLUSTNPP_6_N003,BLUSTNPP_6_N003,RTPD,MCL,LMP_LOSS_PRC,BLUSTNPP_6_N003,ALL,1,-3.79414,1,4
2022-09-01T08:00:00-00:00,2022-09-01T08:15:00-00:00,2022-09-01,02,BLUSTNPP_6_N003,BLUSTNPP_6_N003,BLUSTNPP_6_N003,RTPD,MCL,LMP_LOSS_PRC,BLUSTNPP_6_N003,ALL,1,0,1,4
2022-09-01T09:00:00-00:00,2022-09-01T09:15:00-00:00,2022-09-01,03,BLUSTNPP_6_N003,BLUSTNPP_6_N003,BLUSTNPP_6_N003,RTPD,MCL,LMP_LOSS_PRC,BLUSTNPP_6_N003,ALL,1,4.45796,1,4
2022-09-01T10:00:00-00:00,2022-09-01T10:15:00-00:00,2022-09-01,04,BLUSTNPP_6_N003,BLUSTNPP_6_N003,BLUSTNPP_6_N003,RTPD,MCL,LMP_LOSS_PRC,BLUSTNPP_6_N003,ALL,1,5.53383,1,4
2022-09-01T11:00:00-00:00,2022-09-01T11:15:00-00:00,2022-09-01,05,BLUSTNPP_6_N003,BLUSTNPP_6_N003,BLUSTNPP_6_N003,RTPD,MCL,LMP_LOSS_PRC,BLUSTNPP_6_N003,ALL,1,5.39511,1,4
2022-09-01T12:00:00-00:00,2022-09-01T12:15:00-00:00,2022-09-01,06,BLUSTNPP_6_N003,BLUSTNPP_6_N003,BLUSTNPP_6_N003,RTPD,MCL,LMP_LOSS_PRC,BLUSTNPP_6_N003,ALL,1,4.06046,1,4
2022-09-01T13:00:00-00:00,2022-09-01T13:15:00-00:00,2022-09-01,07,BLUSTNPP_6_N003,BLUSTNPP_6_N003,BLUSTNPP_6_N003,RTPD,MCL,LMP_LOSS_PRC,BLUSTNPP_6_N003,ALL,1,0,1,4
2022-09-01T14:00:00-00:00,2022-09-01T14:15:00-00:00,2022-09-01,08,BLUSTNPP_6_N003,BLUSTNPP_6_N003,BLUSTNPP_6_N003,RTPD,MCL,LMP_LOSS_PRC,BLUSTNPP_6_N003,ALL,1,3.4667,1,4
2022-09-01T15:00:00-00:00,2022-09-01T15:15:00-00:00,2022-09-01,09,BLUSTNPP_6_N003,BLUSTNPP_6_N003,BLUSTNPP_6_N003,RTPD,MCL,LMP_LOSS_PRC,BLUSTNPP_6_N003,ALL,1,0,1,4
2022-09-01T16:00:00-00:00,2022-09-01T16:15:00-00:00,2022-09-01,10,BLUSTNPP_6_N003,BLUSTNPP_6_N003,BLUSTNPP_6_N003,RTPD,MCL,LMP_LOSS_PRC,BLUSTNPP_6_N003,ALL,1,0,1,4
2022-09-01T17:00:00-00:00,2022-09-01T17:15:00-00:00,2022-09-01,11,BLUSTNPP_6_N003,BLUSTNPP_6_N003,BLUSTNPP_6_N003,RTPD,MCL,LMP_LOSS_PRC,BLUSTNPP_6_N003,ALL,1,0,1,4
2022-09-01T18:00:00-00:00,2022-09-01T18:15:00-00:00,2022-09-01,12,BLUSTNPP_6_N003,BLUSTNPP_6_N003,BLUSTNPP_6_N003,RTPD,MCL,LMP_LOSS_PRC,BLUSTNPP_6_N003,ALL,1,0,1,4
2022-09-01T19:00:00-00:00,2022-09-01T19:15:00-00:00,2022-09-01,13,BLUSTNPP_6_N003,BLUSTNPP_6_N003,BLUSTNPP_6_N003,RTPD,MCL,LMP_LOSS_PRC,BLUSTNPP_6_N003,ALL,1,0,1,4
2022-09-01T20:00:00-00:00,2022-09-01T20:15:00-00:00,2022-09-01,14,BLUSTNPP_6_N003,BLUSTNPP_6_N003,BLUSTNPP_6_N003,RTPD,MCL,LMP_LOSS_PRC,BLUSTNPP_6_N003,ALL,1,0,1,4
2022-09-01T21:00:00-00:00,2022-09-01T21:15:00-00:00,2022-09-01,15,BLUSTNPP_6_N003,BLUSTNPP_6_N003,BLUSTNPP_6_N003,RTPD,MCL,LMP_LOSS_PRC,BLUSTNPP_6_N003,ALL,1,0,1,4
2022-09-01T22:00:00-00:00,2022-09-01T22:15:00-00:00,2022-09-01,16,BLUSTNPP_6_N003,BLUSTNPP_6_N003,BLUSTNPP_6_N003,RTPD,MCL,LMP_LOSS_PRC,BLUSTNPP_6_N003,ALL,1,0,1,4
2022-09-01T23:00:00-00:00,2022-09-01T23:15:00-00:00,2022-09-01,17,BLUSTNPP_6_N003,BLUSTNPP_6_N003,BLUSTNPP_6_N003,RTPD,MCL,LMP_LOSS_PRC,BLUSTNPP_6_N003,ALL,1,0,1,4
2022-09-02T00:00:00-00:00,2022-09-02T00:15:00-00:00,2022-09-01,18,BLUSTNPP_6_N003,BLUSTNPP_6_N003,BLUSTNPP_6_N003,RTPD,MCL,LMP_LOSS_PRC,BLUSTNPP_6_N003,ALL,1,-4.7776,1,4
2022-09-02T01:00:00-00:00,2022-09-02T01:15:00-00:00,2022-09-01,19,BLUSTNPP_6_N003,BLUSTNPP_6_N003,BLUSTNPP_6_N003,RTPD,MCL,LMP_LOSS_PRC,BLUSTNPP_6_N003,ALL,1,0,1,4
2022-09-02T02:00:00-00:00,2022-09-02T02:15:00-00:00,2022-09-01,20,BLUSTNPP_6_N003,BLUSTNPP_6_N003,BLUSTNPP_6_N003,RTPD,MCL,LMP_LOSS_PRC,BLUSTNPP_6_N003,ALL,1,0,1,4
2022-09-02T03:00:00-00:00,2022-09-02T03:15:00-00:00,2022-09-01,21,BLUSTNPP_6_N003,BLUSTNPP_6_N003,BLUSTNPP_6_N003,RTPD,MCL,LMP_LOSS_PRC,BLUSTNPP_6_N003,ALL,1,32.4813,1,4
2022-09-02T04:00:00-00:00,2022-09-02T04:15:00-00:00,2022-09-01,22,BLUSTNPP_6_N003,BLUSTNPP_6_N003,BLUSTNPP_6_N003,RTPD,MCL,LMP_LOSS_PRC,BLUSTNPP_6_N003,ALL,1,9.74598,1,4
2022-09-02T05:00:00-00:00,2022-09-02T05:15:00-00:00,2022-09-01,23,BLUSTNPP_6_N003,BLUSTNPP_6_N003,BLUSTNPP_6_N003,RTPD,MCL,LMP_LOSS_PRC,BLUSTNPP_6_N003,ALL,1,4.54452,1,4
2022-09-02T06:00:00-00:00,2022-09-02T06:15:00-00:00,2022-09-01,24,BLUSTNPP_6_N003,BLUSTNPP_6_N003,BLUSTNPP_6_N003,RTPD,MCL,LMP_LOSS_PRC,BLUSTNPP_6_N003,ALL,1,4.36884,1,4
2022-09-01T07:15:00-00:00,2022-09-01T07:30:00-00:00,2022-09-01,01,BLUSTNPP_6_N003,BLUSTNPP_6_N003,BLUSTNPP_6_N003,RTPD,MCL,LMP_LOSS_PRC,BLUSTNPP_6_N003,ALL,1,0,2,4
2022-09-01T08:15:00-00:00,2022-09-01T08:30:00-00:00,2022-09-01,02,BLUSTNPP_6_N003,BLUSTNPP_6_N003,BLUSTNPP_6_N003,RTPD,MCL,LMP_LOSS_PRC,BLUSTNPP_6_N003,ALL,1,0,2,4
2022-09-01T09:15:00-00:00,2022-09-01T09:30:00-00:00,2022-09-01,03,BLUSTNPP_6_N003,BLUSTNPP_6_N003,BLUSTNPP_6_N003,RTPD,MCL,LMP_LOSS_PRC,BLUSTNPP_6_N003,ALL,1,4.31561,2,4
2022-09-01T10:15:00-00:00,2022-09-01T10:30:00-00:00,2022-09-01,04,BLUSTNPP_6_N003,BLUSTNPP_6_N003,BLUSTNPP_6_N003,RTPD,MCL,LMP_LOSS_PRC,BLUSTNPP_6_N003,ALL,1,5.6264,2,4
2022-09-01T11:15:00-00:00,2022-09-01T11:30:00-00:00,2022-09-01,05,BLUSTNPP_6_N003,BLUSTNPP_6_N003,BLUSTNPP_6_N003,RTPD,MCL,LMP_LOSS_PRC,BLUSTNPP_6_N003,ALL,1,5.45349,2,4
2022-09-01T12:15:00-00:00,2022-09-01T12:30:00-00:00,2022-09-01,06,BLUSTNPP_6_N003,BLUSTNPP_6_N003,BLUSTNPP_6_N003,RTPD,MCL,LMP_LOSS_PRC,BLUSTNPP_6_N003,ALL,1,4.8539,2,4
2022-09-01T13:15:00-00:00,2022-09-01T13:30:00-00:00,2022-09-01,07,BLUSTNPP_6_N003,BLUSTNPP_6_N003,BLUSTNPP_6_N003,RTPD,MCL,LMP_LOSS_PRC,BLUSTNPP_6_N003,ALL,1,4.30596,2,4
2022-09-01T14:15:00-00:00,2022-09-01T14:30:00-00:00,2022-09-01,08,BLUSTNPP_6_N003,BLUSTNPP_6_N003,BLUSTNPP_6_N003,RTPD,MCL,LMP_LOSS_PRC,BLUSTNPP_6_N003,ALL,1,2.49394,2,4
2022-09-01T15:15:00-00:00,2022-09-01T15:30:00-00:00,2022-09-01,09,BLUSTNPP_6_N003,BLUSTNPP_6_N003,BLUSTNPP_6_N003,RTPD,MCL,LMP_LOSS_PRC,BLUSTNPP_6_N003,ALL,1,0,2,4
2022-09-01T16:15:00-00:00,2022-09-01T16:30:00-00:00,2022-09-01,10,BLUSTNPP_6_N003,BLUSTNPP_6_N003,BLUSTNPP_6_N003,RTPD,MCL,LMP_LOSS_PRC,BLUSTNPP_6_N003,ALL,1,0,2,4
2022-09-01T17:15:00-00:00,2022-09-01T17:30:00-00:00,2022-09-01,11,BLUSTNPP_6_N003,BLUSTNPP_6_N003,BLUSTNPP_6_N003,RTPD,MCL,LMP_LOSS_PRC,BLUSTNPP_6_N003,ALL,1,0,2,4
2022-09-01T18:15:00-00:00,2022-09-01T18:30:00-00:00,2022-09-01,12,BLUSTNPP_6_N003,BLUSTNPP_6_N003,BLUSTNPP_6_N003,RTPD,MCL,LMP_LOSS_PRC,BLUSTNPP_6_N003,ALL,1,0,2,4
2022-09-01T19:15:00-00:00,2022-09-01T19:30:00-00:00,2022-09-01,13,BLUSTNPP_6_N003,BLUSTNPP_6_N003,BLUSTNPP_6_N003,RTPD,MCL,LMP_LOSS_PRC,BLUSTNPP_6_N003,ALL,1,0,2,4
2022-09-01T20:15:00-00:00,2022-09-01T20:30:00-00:00,2022-09-01,14,BLUSTNPP_6_N003,BLUSTNPP_6_N003,BLUSTNPP_6_N003,RTPD,MCL,LMP_LOSS_PRC,BLUSTNPP_6_N003,ALL,1,0,2,4
2022-09-01T21:15:00-00:00,2022-09-01T21:30:00-00:00,2022-09-01,15,BLUSTNPP_6_N003,BLUSTNPP_6_N003,BLUSTNPP_6_N003,RTPD,MCL,LMP_LOSS_PRC,BLUSTNPP_6_N003,ALL,1,0,2,4
2022-09-01T22:15:00-00:00,2022-09-01T22:30:00-00:00,2022-09-01,16,BLUSTNPP_6_N003,BLUSTNPP_6_N003,BLUSTNPP_6_N003,RTPD,MCL,LMP_LOSS_PRC,BLUSTNPP_6_N003,ALL,1,0,2,4
2022-09-01T23:15:00-00:00,2022-09-01T23:30:00-00:00,2022-09-01,17,BLUSTNPP_6_N003,BLUSTNPP_6_N003,BLUSTNPP_6_N003,RTPD,MCL,LMP_LOSS_PRC,BLUSTNPP_6_N003,ALL,1,0,2,4
2022-09-02T00:15:00-00:00,2022-09-02T00:30:00-00:00,2022-09-01,18,BLUSTNPP_6_N003,BLUSTNPP_6_N003,BLUSTNPP_6_N003,RTPD,MCL,LMP_LOSS_PRC,BLUSTNPP_6_N003,ALL,1,-5.11501,2,4
2022-09-02T01:15:00-00:00,2022-09-02T01:30:00-00:00,2022-09-01,19,BLUSTNPP_6_N003,BLUSTNPP_6_N003,BLUSTNPP_6_N003,RTPD,MCL,LMP_LOSS_PRC,BLUSTNPP_6_N003,ALL,1,0,2,4
2022-09-02T02:15:00-00:00,2022-09-02T02:30:00-00:00,2022-09-01,20,BLUSTNPP_6_N003,BLUSTNPP_6_N003,BLUSTNPP_6_N003,RTPD,MCL,LMP_LOSS_PRC,BLUSTNPP_6_N003,ALL,1,0,2,4
2022-09-02T03:15:00-00:00,2022-09-02T03:30:00-00:00,2022-09-01,21,BLUSTNPP_6_N003,BLUSTNPP_6_N003,BLUSTNPP_6_N003,RTPD,MCL,LMP_LOSS_PRC,BLUSTNPP_6_N003,ALL,1,13.73814,2,4
2022-09-02T04:15:00-00:00,2022-09-02T04:30:00-00:00,2022-09-01,22,BLUSTNPP_6_N003,BLUSTNPP_6_N003,BLUSTNPP_6_N003,RTPD,MCL,LMP_LOSS_PRC,BLUSTNPP_6_N003,ALL,1,8.27082,2,4
2022-09-02T05:15:00-00:00,2022-09-02T05:30:00-00:00,2022-09-01,23,BLUSTNPP_6_N003,BLUSTNPP_6_N003,BLUSTNPP_6_N003,RTPD,MCL,LMP_LOSS_PRC,BLUSTNPP_6_N003,ALL,1,4.82358,2,4
2022-09-02T06:15:00-00:00,2022-09-02T06:30:00-00:00,2022-09-01,24,BLUSTNPP_6_N003,BLUSTNPP_6_N003,BLUSTNPP_6_N003,RTPD,MCL,LMP_LOSS_PRC,BLUSTNPP_6_N003,ALL,1,3.97819,2,4
2022-09-01T07:30:00-00:00,2022-09-01T07:45:00-00:00,2022-09-01,01,BLUSTNPP_6_N003,BLUSTNPP_6_N003,BLUSTNPP_6_N003,RTPD,MCL,LMP_LOSS_PRC,BLUSTNPP_6_N003,ALL,1,0,3,4
2022-09-01T08:30:00-00:00,2022-09-01T08:45:00-00:00,2022-09-01,02,BLUSTNPP_6_N003,BLUSTNPP_6_N003,BLUSTNPP_6_N003,RTPD,MCL,LMP_LOSS_PRC,BLUSTNPP_6_N003,ALL,1,4.12227,3,4
2022-09-01T09:30:00-00:00,2022-09-01T09:45:00-00:00,2022-09-01,03,BLUSTNPP_6_N003,BLUSTNPP_6_N003,BLUSTNPP_6_N003,RTPD,MCL,LMP_LOSS_PRC,BLUSTNPP_6_N003,ALL,1,4.20135,3,4
2022-09-01T10:30:00-00:00,2022-09-01T10:45:00-00:00,2022-09-01,04,BLUSTNPP_6_N003,BLUSTNPP_6_N003,BLUSTNPP_6_N003,RTPD,MCL,LMP_LOSS_PRC,BLUSTNPP_6_N003,ALL,1,5.57937,3,4
2022-09-01T11:30:00-00:00,2022-09-01T11:45:00-00:00,2022-09-01,05,BLUSTNPP_6_N003,BLUSTNPP_6_N003,BLUSTNPP_6_N003,RTPD,MCL,LMP_LOSS_PRC,BLUSTNPP_6_N003,ALL,1,5.60657,3,4
2022-09-01T12:30:00-00:00,2022-09-01T12:45:00-00:00,2022-09-01,06,BLUSTNPP_6_N003,BLUSTNPP_6_N003,BLUSTNPP_6_N003,RTPD,MCL,LMP_LOSS_PRC,BLUSTNPP_6_N003,ALL,1,4.59975,3,4
2022-09-01T13:30:00-00:00,2022-09-01T13:45:00-00:00,2022-09-01,07,BLUSTNPP_6_N003,BLUSTNPP_6_N003,BLUSTNPP_6_N003,RTPD,MCL,LMP_LOSS_PRC,BLUSTNPP_6_N003,ALL,1,4.34929,3,4
2022-09-01T14:30:00-00:00,2022-09-01T14:45:00-00:00,2022-09-01,08,BLUSTNPP_6_N003,BLUSTNPP_6_N003,BLUSTNPP_6_N003,RTPD,MCL,LMP_LOSS_PRC,BLUSTNPP_6_N003,ALL,1,1.82283,3,4
2022-09-01T15:30:00-00:00,2022-09-01T15:45:00-00:00,2022-09-01,09,BLUSTNPP_6_N003,BLUSTNPP_6_N003,BLUSTNPP_6_N003,RTPD,MCL,LMP_LOSS_PRC,BLUSTNPP_6_N003,ALL,1,0,3,4
2022-09-01T16:30:00-00:00,2022-09-01T16:45:00-00:00,2022-09-01,10,BLUSTNPP_6_N003,BLUSTNPP_6_N003,BLUSTNPP_6_N003,RTPD,MCL,LMP_LOSS_PRC,BLUSTNPP_6_N003,ALL,1,0,3,4
2022-09-01T17:30:00-00:00,2022-09-01T17:45:00-00:00,2022-09-01,11,BLUSTNPP_6_N003,BLUSTNPP_6_N003,BLUSTNPP_6_N003,RTPD,MCL,LMP_LOSS_PRC,BLUSTNPP_6_N003,ALL,1,0,3,4
2022-09-01T18:30:00-00:00,2022-09-01T18:45:00-00:00,2022-09-01,12,BLUSTNPP_6_N003,BLUSTNPP_6_N003,BLUSTNPP_6_N003,RTPD,MCL,LMP_LOSS_PRC,BLUSTNPP_6_N003,ALL,1,0,3,4
2022-09-01T19:30:00-00:00,2022-09-01T19:45:00-00:00,2022-09-01,13,BLUSTNPP_6_N003,BLUSTNPP_6_N003,BLUSTNPP_6_N003,RTPD,MCL,LMP_LOSS_PRC,BLUSTNPP_6_N003,ALL,1,0,3,4
2022-09-01T20:30:00-00:00,2022-09-01T20:45:00-00:00,2022-09-01,14,BLUSTNPP_6_N003,BLUSTNPP_6_N003,BLUSTNPP_6_N003,RTPD,MCL,LMP_LOSS_PRC,BLUSTNPP_6_N003,ALL,1,0,3,4
2022-09-01T21:30:00-00:00,2022-09-01T21:45:00-00:00,2022-09-01,15,BLUSTNPP_6_N003,BLUSTNPP_6_N003,BLUSTNPP_6_N003,RTPD,MCL,LMP_LOSS_PRC,BLUSTNPP_6_N003,ALL,1,0,3,4
2022-09-01T22:30:00-00:00,2022-09-01T22:45:00-00:00,2022-09-01,16,BLUSTNPP_6_N003,BLUSTNPP_6_N003,BLUSTNPP_6_N003,RTPD,MCL,LMP_LOSS_PRC,BLUSTNPP_6_N003,ALL,1,0,3,4
2022-09-01T23:30:00-00:00,2022-09-01T23:45:00-00:00,2022-09-01,17,BLUSTNPP_6_N003,BLUSTNPP_6_N003,BLUSTNPP_6_N003,RTPD,MCL,LMP_LOSS_PRC,BLUSTNPP_6_N003,ALL,1,0,3,4
2022-09-02T00:30:00-00:00,2022-09-02T00:45:00-00:00,2022-09-01,18,BLUSTNPP_6_N003,BLUSTNPP_6_N003,BLUSTNPP_6_N003,RTPD,MCL,LMP_LOSS_PRC,BLUSTNPP_6_N003,ALL,1,0,3,4
2022-09-02T01:30:00-00:00,2022-09-02T01:45:00-00:00,2022-09-01,19,BLUSTNPP_6_N003,BLUSTNPP_6_N003,BLUSTNPP_6_N003,RTPD,MCL,LMP_LOSS_PRC,BLUSTNPP_6_N003,ALL,1,0,3,4
2022-09-02T02:30:00-00:00,2022-09-02T02:45:00-00:00,2022-09-01,20,BLUSTNPP_6_N003,BLUSTNPP_6_N003,BLUSTNPP_6_N003,RTPD,MCL,LMP_LOSS_PRC,BLUSTNPP_6_N003,ALL,1,0,3,4
2022-09-02T03:30:00-00:00,2022-09-02T03:45:00-00:00,2022-09-01,21,BLUSTNPP_6_N003,BLUSTNPP_6_N003,BLUSTNPP_6_N003,RTPD,MCL,LMP_LOSS_PRC,BLUSTNPP_6_N003,ALL,1,7.09149,3,4
2022-09-02T04:30:00-00:00,2022-09-02T04:45:00-00:00,2022-09-01,22,BLUSTNPP_6_N003,BLUSTNPP_6_N003,BLUSTNPP_6_N003,RTPD,MCL,LMP_LOSS_PRC,BLUSTNPP_6_N003,ALL,1,6.2334,3,4
2022-09-02T05:30:00-00:00,2022-09-02T05:45:00-00:00,2022-09-01,23,BLUSTNPP_6_N003,BLUSTNPP_6_N003,BLUSTNPP_6_N003,RTPD,MCL,LMP_LOSS_PRC,BLUSTNPP_6_N003,ALL,1,4.28022,3,4
2022-09-02T06:30:00-00:00,2022-09-02T06:45:00-00:00,2022-09-01,24,BLUSTNPP_6_N003,BLUSTNPP_6_N003,BLUSTNPP_6_N003,RTPD,MCL,LMP_LOSS_PRC,BLUSTNPP_6_N003,ALL,1,4.17918,3,4
2022-09-01T07:45:00-00:00,2022-09-01T08:00:00-00:00,2022-09-01,01,BLUSTNPP_6_N003,BLUSTNPP_6_N003,BLUSTNPP_6_N003,RTPD,MCL,LMP_LOSS_PRC,BLUSTNPP_6_N003,ALL,1,0,4,4
2022-09-01T08:45:00-00:00,2022-09-01T09:00:00-00:00,2022-09-01,02,BLUSTNPP_6_N003,BLUSTNPP_6_N003,BLUSTNPP_6_N003,RTPD,MCL,LMP_LOSS_PRC,BLUSTNPP_6_N003,ALL,1,3.71246,4,4
2022-09-01T09:45:00-00:00,2022-09-01T10:00:00-00:00,2022-09-01,03,BLUSTNPP_6_N003,BLUSTNPP_6_N003,BLUSTNPP_6_N003,RTPD,MCL,LMP_LOSS_PRC,BLUSTNPP_6_N003,ALL,1,4.22196,4,4
2022-09-01T10:45:00-00:00,2022-09-01T11:00:00-00:00,2022-09-01,04,BLUSTNPP_6_N003,BLUSTNPP_6_N003,BLUSTNPP_6_N003,RTPD,MCL,LMP_LOSS_PRC,BLUSTNPP_6_N003,ALL,1,5.26641,4,4
2022-09-01T11:45:00-00:00,2022-09-01T12:00:00-00:00,2022-09-01,05,BLUSTNPP_6_N003,BLUSTNPP_6_N003,BLUSTNPP_6_N003,RTPD,MCL,LMP_LOSS_PRC,BLUSTNPP_6_N003,ALL,1,0,4,4
2022-09-01T12:45:00-00:00,2022-09-01T13:00:00-00:00,2022-09-01,06,BLUSTNPP_6_N003,BLUSTNPP_6_N003,BLUSTNPP_6_N003,RTPD,MCL,LMP_LOSS_PRC,BLUSTNPP_6_N003,ALL,1,0,4,4
2022-09-01T13:45:00-00:00,2022-09-01T14:00:00-00:00,2022-09-01,07,BLUSTNPP_6_N003,BLUSTNPP_6_N003,BLUSTNPP_6_N003,RTPD,MCL,LMP_LOSS_PRC,BLUSTNPP_6_N003,ALL,1,0,4,4
2022-09-01T14:45:00-00:00,2022-09-01T15:00:00-00:00,2022-09-01,08,BLUSTNPP_6_N003,BLUSTNPP_6_N003,BLUSTNPP_6_N003,RTPD,MCL,LMP_LOSS_PRC,BLUSTNPP_6_N003,ALL,1,0,4,4
2022-09-01T15:45:00-00:00,2022-09-01T16:00:00-00:00,2022-09-01,09,BLUSTNPP_6_N003,BLUSTNPP_6_N003,BLUSTNPP_6_N003,RTPD,MCL,LMP_LOSS_PRC,BLUSTNPP_6_N003,ALL,1,0,4,4
2022-09-01T16:45:00-00:00,2022-09-01T17:00:00-00:00,2022-09-01,10,BLUSTNPP_6_N003,BLUSTNPP_6_N003,BLUSTNPP_6_N003,RTPD,MCL,LMP_LOSS_PRC,BLUSTNPP_6_N003,ALL,1,0,4,4
2022-09-01T17:45:00-00:00,2022-09-01T18:00:00-00:00,2022-09-01,11,BLUSTNPP_6_N003,BLUSTNPP_6_N003,BLUSTNPP_6_N003,RTPD,MCL,LMP_LOSS_PRC,BLUSTNPP_6_N003,ALL,1,0,4,4
2022-09-01T18:45:00-00:00,2022-09-01T19:00:00-00:00,2022-09-01,12,BLUSTNPP_6_N003,BLUSTNPP_6_N003,BLUSTNPP_6_N003,RTPD,MCL,LMP_LOSS_PRC,BLUSTNPP_6_N003,ALL,1,0,4,4
2022-09-01T19:45:00-00:00,2022-09-01T20:00:00-00:00,2022-09-01,13,BLUSTNPP_6_N003,BLUSTNPP_6_N003,BLUSTNPP_6_N003,RTPD,MCL,LMP_LOSS_PRC,BLUSTNPP_6_N003,ALL,1,0,4,4
2022-09-01T20:45:00-00:00,2022-09-01T21:00:00-00:00,2022-09-01,14,BLUSTNPP_6_N003,BLUSTNPP_6_N003,BLUSTNPP_6_N003,RTPD,MCL,LMP_LOSS_PRC,BLUSTNPP_6_N003,ALL,1,0,4,4
2022-09-01T21:45:00-00:00,2022-09-01T22:00:00-00:00,2022-09-01,15,BLUSTNPP_6_N003,BLUSTNPP_6_N003,BLUSTNPP_6_N003,RTPD,MCL,LMP_LOSS_PRC,BLUSTNPP_6_N003,ALL,1,0,4,4
2022-09-01T22:45:00-00:00,2022-09-01T23:00:00-00:00,2022-09-01,16,BLUSTNPP_6_N003,BLUSTNPP_6_N003,BLUSTNPP_6_N003,RTPD,MCL,LMP_LOSS_PRC,BLUSTNPP_6_N003,ALL,1,0,4,4
2022-09-01T23:45:00-00:00,2022-09-02T00:00:00-00:00,2022-09-01,17,BLUSTNPP_6_N003,BLUSTNPP_6_N003,BLUSTNPP_6_N003,RTPD,MCL,LMP_LOSS_PRC,BLUSTNPP_6_N003,ALL,1,0,4,4
2022-09-02T00:45:00-00:00,2022-09-02T01:00:00-00:00,2022-09-01,18,BLUSTNPP_6_N003,BLUSTNPP_6_N003,BLUSTNPP_6_N003,RTPD,MCL,LMP_LOSS_PRC,BLUSTNPP_6_N003,ALL,1,0,4,4
2022-09-02T01:45:00-00:00,2022-09-02T02:00:00-00:00,2022-09-01,19,BLUSTNPP_6_N003,BLUSTNPP_6_N003,BLUSTNPP_6_N003,RTPD,MCL,LMP_LOSS_PRC,BLUSTNPP_6_N003,ALL,1,0,4,4
2022-09-02T02:45:00-00:00,2022-09-02T03:00:00-00:00,2022-09-01,20,BLUSTNPP_6_N003,BLUSTNPP_6_N003,BLUSTNPP_6_N003,RTPD,MCL,LMP_LOSS_PRC,BLUSTNPP_6_N003,ALL,1,79.68848,4,4
2022-09-02T03:45:00-00:00,2022-09-02T04:00:00-00:00,2022-09-01,21,BLUSTNPP_6_N003,BLUSTNPP_6_N003,BLUSTNPP_6_N003,RTPD,MCL,LMP_LOSS_PRC,BLUSTNPP_6_N003,ALL,1,5.05271,4,4
2022-09-02T04:45:00-00:00,2022-09-02T05:00:00-00:00,2022-09-01,22,BLUSTNPP_6_N003,BLUSTNPP_6_N003,BLUSTNPP_6_N003,RTPD,MCL,LMP_LOSS_PRC,BLUSTNPP_6_N003,ALL,1,4.17053,4,4
2022-09-02T05:45:00-00:00,2022-09-02T06:00:00-00:00,2022-09-01,23,BLUSTNPP_6_N003,BLUSTNPP_6_N003,BLUSTNPP_6_N003,RTPD,MCL,LMP_LOSS_PRC,BLUSTNPP_6_N003,ALL,1,3.54649,4,4
2022-09-02T06:45:00-00:00,2022-09-02T07:00:00-00:00,2022-09-01,24,BLUSTNPP_6_N003,BLUSTNPP_6_N003,BLUSTNPP_6_N003,RTPD,MCL,LMP_LOSS_PRC,BLUSTNPP_6_N003,ALL,1,3.64739,4,4
2022-09-01T07:00:00-00:00,2022-09-01T07:15:00-00:00,2022-09-01,01,BLUSTNPP_6_N003,BLUSTNPP_6_N003,BLUSTNPP_6_N003,RTPD,MGHG,LMP_GHG_PRC,BLUSTNPP_6_N003,ALL,1,0,1,5
2022-09-01T08:00:00-00:00,2022-09-01T08:15:00-00:00,2022-09-01,02,BLUSTNPP_6_N003,BLUSTNPP_6_N003,BLUSTNPP_6_N003,RTPD,MGHG,LMP_GHG_PRC,BLUSTNPP_6_N003,ALL,1,0,1,5
2022-09-01T09:00:00-00:00,2022-09-01T09:15:00-00:00,2022-09-01,03,BLUSTNPP_6_N003,BLUSTNPP_6_N003,BLUSTNPP_6_N003,RTPD,MGHG,LMP_GHG_PRC,BLUSTNPP_6_N003,ALL,1,0,1,5
2022-09-01T10:00:00-00:00,2022-09-01T10:15:00-00:00,2022-09-01,04,BLUSTNPP_6_N003,BLUSTNPP_6_N003,BLUSTNPP_6_N003,RTPD,MGHG,LMP_GHG_PRC,BLUSTNPP_6_N003,ALL,1,0,1,5
2022-09-01T11:00:00-00:00,2022-09-01T11:15:00-00:00,2022-09-01,05,BLUSTNPP_6_N003,BLUSTNPP_6_N003,BLUSTNPP_6_N003,RTPD,MGHG,LMP_GHG_PRC,BLUSTNPP_6_N003,ALL,1,0,1,5
2022-09-01T12:00:00-00:00,2022-09-01T12:15:00-00:00,2022-09-01,06,BLUSTNPP_6_N003,BLUSTNPP_6_N003,BLUSTNPP_6_N003,RTPD,MGHG,LMP_GHG_PRC,BLUSTNPP_6_N003,ALL,1,0,1,5
2022-09-01T13:00:00-00:00,2022-09-01T13:15:00-00:00,2022-09-01,07,BLUSTNPP_6_N003,BLUSTNPP_6_N003,BLUSTNPP_6_N003,RTPD,MGHG,LMP_GHG_PRC,BLUSTNPP_6_N003,ALL,1,0,1,5
2022-09-01T14:00:00-00:00,2022-09-01T14:15:00-00:00,2022-09-01,08,BLUSTNPP_6_N003,BLUSTNPP_6_N003,BLUSTNPP_6_N003,RTPD,MGHG,LMP_GHG_PRC,BLUSTNPP_6_N003,ALL,1,0,1,5
2022-09-01T15:00:00-00:00,2022-09-01T15:15:00-00:00,2022-09-01,09,BLUSTNPP_6_N003,BLUSTNPP_6_N003,BLUSTNPP_6_N003,RTPD,MGHG,LMP_GHG_PRC,BLUSTNPP_6_N003,ALL,1,0,1,5
2022-09-01T16:00:00-00:00,2022-09-01T16:15:00-00:00,2022-09-01,10,BLUSTNPP_6_N003,BLUSTNPP_6_N003,BLUSTNPP_6_N003,RTPD,MGHG,LMP_GHG_PRC,BLUSTNPP_6_N003,ALL,1,0,1,5
2022-09-01T17:00:00-00:00,2022-09-01T17:15:00-00:00,2022-09-01,11,BLUSTNPP_6_N003,BLUSTNPP_6_N003,BLUSTNPP_6_N003,RTPD,MGHG,LMP_GHG_PRC,BLUSTNPP_6_N003,ALL,1,0,1,5
2022-09-01T18:00:00-00:00,2022-09-01T18:15:00-00:00,2022-09-01,12,BLUSTNPP_6_N003,BLUSTNPP_6_N003,BLUSTNPP_6_N003,RTPD,MGHG,LMP_GHG_PRC,BLUSTNPP_6_N003,ALL,1,0,1,5
2022-09-01T19:00:00-00:00,2022-09-01T19:15:00-00:00,2022-09-01,13,BLUSTNPP_6_N003,BLUSTNPP_6_N003,BLUSTNPP_6_N003,RTPD,MGHG,LMP_GHG_PRC,BLUSTNPP_6_N003,ALL,1,0,1,5
2022-09-01T20:00:00-00:00,2022-09-01T20:15:00-00:00,2022-09-01,14,BLUSTNPP_6_N003,BLUSTNPP_6_N003,BLUSTNPP_6_N003,RTPD,MGHG,LMP_GHG_PRC,BLUSTNPP_6_N003,ALL,1,0,1,5
2022-09-01T21:00:00-00:00,2022-09-01T21:15:00-00:00,2022-09-01,15,BLUSTNPP_6_N003,BLUSTNPP_6_N003,BLUSTNPP_6_N003,RTPD,MGHG,LMP_GHG_PRC,BLUSTNPP_6_N003,ALL,1,0,1,5
2022-09-01T22:00:00-00:00,2022-09-01T22:15:00-00:00,2022-09-01,16,BLUSTNPP_6_N003,BLUSTNPP_6_N003,BLUSTNPP_6_N003,RTPD,MGHG,LMP_GHG_PRC,BLUSTNPP_6_N003,ALL,1,0,1,5
2022-09-01T23:00:00-00:00,2022-09-01T23:15:00-00:00,2022-09-01,17,BLUSTNPP_6_N003,BLUSTNPP_6_N003,BLUSTNPP_6_N003,RTPD,MGHG,LMP_GHG_PRC,BLUSTNPP_6_N003,ALL,1,0,1,5
2022-09-02T00:00:00-00:00,2022-09-02T00:15:00-00:00,2022-09-01,18,BLUSTNPP_6_N003,BLUSTNPP_6_N003,BLUSTNPP_6_N003,RTPD,MGHG,LMP_GHG_PRC,BLUSTNPP_6_N003,ALL,1,0,1,5
2022-09-02T01:00:00-00:00,2022-09-02T01:15:00-00:00,2022-09-01,19,BLUSTNPP_6_N003,BLUSTNPP_6_N003,BLUSTNPP_6_N003,RTPD,MGHG,LMP_GHG_PRC,BLUSTNPP_6_N003,ALL,1,0,1,5
2022-09-02T02:00:00-00:00,2022-09-02T02:15:00-00:00,2022-09-01,20,BLUSTNPP_6_N003,BLUSTNPP_6_N003,BLUSTNPP_6_N003,RTPD,MGHG,LMP_GHG_PRC,BLUSTNPP_6_N003,ALL,1,0,1,5
2022-09-02T03:00:00-00:00,2022-09-02T03:15:00-00:00,2022-09-01,21,BLUSTNPP_6_N003,BLUSTNPP_6_N003,BLUSTNPP_6_N003,RTPD,MGHG,LMP_GHG_PRC,BLUSTNPP_6_N003,ALL,1,0,1,5
2022-09-02T04:00:00-00:00,2022-09-02T04:15:00-00:00,2022-09-01,22,BLUSTNPP_6_N003,BLUSTNPP_6_N003,BLUSTNPP_6_N003,RTPD,MGHG,LMP_GHG_PRC,BLUSTNPP_6_N003,ALL,1,0,1,5
2022-09-02T05:00:00-00:00,2022-09-02T05:15:00-00:00,2022-09-01,23,BLUSTNPP_6_N003,BLUSTNPP_6_N003,BLUSTNPP_6_N003,RTPD,MGHG,LMP_GHG_PRC,BLUSTNPP_6_N003,ALL,1,0,1,5
2022-09-02T06:00:00-00:00,2022-09-02T06:15:00-00:00,2022-09-01,24,BLUSTNPP_6_N003,BLUSTNPP_6_N003,BLUSTNPP_6_N003,RTPD,MGHG,LMP_GHG_PRC,BLUSTNPP_6_N003,ALL,1,0,1,5
2022-09-01T07:15:00-00:00,2022-09-01T07:30:00-00:00,2022-09-01,01,BLUSTNPP_6_N003,BLUSTNPP_6_N003,BLUSTNPP_6_N003,RTPD,MGHG,LMP_GHG_PRC,BLUSTNPP_6_N003,ALL,1,0,2,5
2022-09-01T08:15:00-00:00,2022-09-01T08:30:00-00:00,2022-09-01,02,BLUSTNPP_6_N003,BLUSTNPP_6_N003,BLUSTNPP_6_N003,RTPD,MGHG,LMP_GHG_PRC,BLUSTNPP_6_N003,ALL,1,0,2,5
2022-09-01T09:15:00-00:00,2022-09-01T09:30:00-00:00,2022-09-01,03,BLUSTNPP_6_N003,BLUSTNPP_6_N003,BLUSTNPP_6_N003,RTPD,MGHG,LMP_GHG_PRC,BLUSTNPP_6_N003,ALL,1,0,2,5
2022-09-01T10:15:00-00:00,2022-09-01T10:30:00-00:00,2022-09-01,04,BLUSTNPP_6_N003,BLUSTNPP_6_N003,BLUSTNPP_6_N003,RTPD,MGHG,LMP_GHG_PRC,BLUSTNPP_6_N003,ALL,1,0,2,5
2022-09-01T11:15:00-00:00,2022-09-01T11:30:00-00:00,2022-09-01,05,BLUSTNPP_6_N003,BLUSTNPP_6_N003,BLUSTNPP_6_N003,RTPD,MGHG,LMP_GHG_PRC,BLUSTNPP_6_N003,ALL,1,0,2,5
2022-09-01T12:15:00-00:00,2022-09-01T12:30:00-00:00,2022-09-01,06,BLUSTNPP_6_N003,BLUSTNPP_6_N003,BLUSTNPP_6_N003,RTPD,MGHG,LMP_GHG_PRC,BLUSTNPP_6_N003,ALL,1,0,2,5
2022-09-01T13:15:00-00:00,2022-09-01T13:30:00-00:00,2022-09-01,07,BLUSTNPP_6_N003,BLUSTNPP_6_N003,BLUSTNPP_6_N003,RTPD,MGHG,LMP_GHG_PRC,BLUSTNPP_6_N003,ALL,1,0,2,5
2022-09-01T14:15:00-00:00,2022-09-01T14:30:00-00:00,2022-09-01,08,BLUSTNPP_6_N003,BLUSTNPP_6_N003,BLUSTNPP_6_N003,RTPD,MGHG,LMP_GHG_PRC,BLUSTNPP_6_N003,ALL,1,0,2,5
2022-09-01T15:15:00-00:00,2022-09-01T15:30:00-00:00,2022-09-01,09,BLUSTNPP_6_N003,BLUSTNPP_6_N003,BLUSTNPP_6_N003,RTPD,MGHG,LMP_GHG_PRC,BLUSTNPP_6_N003,ALL,1,0,2,5
2022-09-01T16:15:00-00:00,2022-09-01T16:30:00-00:00,2022-09-01,10,BLUSTNPP_6_N003,BLUSTNPP_6_N003,BLUSTNPP_6_N003,RTPD,MGHG,LMP_GHG_PRC,BLUSTNPP_6_N003,ALL,1,0,2,5
2022-09-01T17:15:00-00:00,2022-09-01T17:30:00-00:00,2022-09-01,11,BLUSTNPP_6_N003,BLUSTNPP_6_N003,BLUSTNPP_6_N003,RTPD,MGHG,LMP_GHG_PRC,BLUSTNPP_6_N003,ALL,1,0,2,5
2022-09-01T18:15:00-00:00,2022-09-01T18:30:00-00:00,2022-09-01,12,BLUSTNPP_6_N003,BLUSTNPP_6_N003,BLUSTNPP_6_N003,RTPD,MGHG,LMP_GHG_PRC,BLUSTNPP_6_N003,ALL,1,0,2,5
2022-09-01T19:15:00-00:00,2022-09-01T19:30:00-00:00,2022-09-01,13,BLUSTNPP_6_N003,BLUSTNPP_6_N003,BLUSTNPP_6_N003,RTPD,MGHG,LMP_GHG_PRC,BLUSTNPP_6_N003,ALL,1,0,2,5
2022-09-01T20:15:00-00:00,2022-09-01T20:30:00-00:00,2022-09-01,14,BLUSTNPP_6_N003,BLUSTNPP_6_N003,BLUSTNPP_6_N003,RTPD,MGHG,LMP_GHG_PRC,BLUSTNPP_6_N003,ALL,1,0,2,5
2022-09-01T21:15:00-00:00,2022-09-01T21:30:00-00:00,2022-09-01,15,BLUSTNPP_6_N003,BLUSTNPP_6_N003,BLUSTNPP_6_N003,RTPD,MGHG,LMP_GHG_PRC,BLUSTNPP_6_N003,ALL,1,0,2,5
2022-09-01T22:15:00-00:00,2022-09-01T22:30:00-00:00,2022-09-01,16,BLUSTNPP_6_N003,BLUSTNPP_6_N003,BLUSTNPP_6_N003,RTPD,MGHG,LMP_GHG_PRC,BLUSTNPP_6_N003,ALL,1,0,2,5
2022-09-01T23:15:00-00:00,2022-09-01T23:30:00-00:00,2022-09-01,17,BLUSTNPP_6_N003,BLUSTNPP_6_N003,BLUSTNPP_6_N003,RTPD,MGHG,LMP_GHG_PRC,BLUSTNPP_6_N003,ALL,1,0,2,5
2022-09-02T00:15:00-00:00,2022-09-02T00:30:00-00:00,2022-09-01,18,BLUSTNPP_6_N003,BLUSTNPP_6_N003,BLUSTNPP_6_N003,RTPD,MGHG,LMP_GHG_PRC,BLUSTNPP_6_N003,ALL,1,0,2,5
2022-09-02T01:15:00-00:00,2022-09-02T01:30:00-00:00,2022-09-01,19,BLUSTNPP_6_N003,BLUSTNPP_6_N003,BLUSTNPP_6_N003,RTPD,MGHG,LMP_GHG_PRC,BLUSTNPP_6_N003,ALL,1,0,2,5
2022-09-02T02:15:00-00:00,2022-09-02T02:30:00-00:00,2022-09-01,20,BLUSTNPP_6_N003,BLUSTNPP_6_N003,BLUSTNPP_6_N003,RTPD,MGHG,LMP_GHG_PRC,BLUSTNPP_6_N003,ALL,1,0,2,5
2022-09-02T03:15:00-00:00,2022-09-02T03:30:00-00:00,2022-09-01,21,BLUSTNPP_6_N003,BLUSTNPP_6_N003,BLUSTNPP_6_N003,RTPD,MGHG,LMP_GHG_PRC,BLUSTNPP_6_N003,ALL,1,0,2,5
2022-09-02T04:15:00-00:00,2022-09-02T04:30:00-00:00,2022-09-01,22,BLUSTNPP_6_N003,BLUSTNPP_6_N003,BLUSTNPP_6_N003,RTPD,MGHG,LMP_GHG_PRC,BLUSTNPP_6_N003,ALL,1,0,2,5
2022-09-02T05:15:00-00:00,2022-09-02T05:30:00-00:00,2022-09-01,23,BLUSTNPP_6_N003,BLUSTNPP_6_N003,BLUSTNPP_6_N003,RTPD,MGHG,LMP_GHG_PRC,BLUSTNPP_6_N003,ALL,1,0,2,5
2022-09-02T06:15:00-00:00,2022-09-02T06:30:00-00:00,2022-09-01,24,BLUSTNPP_6_N003,BLUSTNPP_6_N003,BLUSTNPP_6_N003,RTPD,MGHG,LMP_GHG_PRC,BLUSTNPP_6_N003,ALL,1,0,2,5
2022-09-01T07:30:00-00:00,2022-09-01T07:45:00-00:00,2022-09-01,01,BLUSTNPP_6_N003,BLUSTNPP_6_N003,BLUSTNPP_6_N003,RTPD,MGHG,LMP_GHG_PRC,BLUSTNPP_6_N003,ALL,1,0,3,5
2022-09-01T08:30:00-00:00,2022-09-01T08:45:00-00:00,2022-09-01,02,BLUSTNPP_6_N003,BLUSTNPP_6_N003,BLUSTNPP_6_N003,RTPD,MGHG,LMP_GHG_PRC,BLUSTNPP_6_N003,ALL,1,0,3,5
2022-09-01T09:30:00-00:00,2022-09-01T09:45:00-00:00,2022-09-01,03,BLUSTNPP_6_N003,BLUSTNPP_6_N003,BLUSTNPP_6_N003,RTPD,MGHG,LMP_GHG_PRC,BLUSTNPP_6_N003,ALL,1,0,3,5
2022-09-01T10:30:00-00:00,2022-09-01T10:45:00-00:00,2022-09-01,04,BLUSTNPP_6_N003,BLUSTNPP_6_N003,BLUSTNPP_6_N003,RTPD,MGHG,LMP_GHG_PRC,BLUSTNPP_6_N003,ALL,1,0,3,5
2022-09-01T11:30:00-00:00,2022-09-01T11:45:00-00:00,2022-09-01,05,BLUSTNPP_6_N003,BLUSTNPP_6_N003,BLUSTNPP_6_N003,RTPD,MGHG,LMP_GHG_PRC,BLUSTNPP_6_N003,ALL,1,0,3,5
2022-09-01T12:30:00-00:00,2022-09-01T12:45:00-00:00,2022-09-01,06,BLUSTNPP_6_N003,BLUSTNPP_6_N003,BLUSTNPP_6_N003,RTPD,MGHG,LMP_GHG_PRC,BLUSTNPP_6_N003,ALL,1,0,3,5
2022-09-01T13:30:00-00:00,2022-09-01T13:45:00-00:00,2022-09-01,07,BLUSTNPP_6_N003,BLUSTNPP_6_N003,BLUSTNPP_6_N003,RTPD,MGHG,LMP_GHG_PRC,BLUSTNPP_6_N003,ALL,1,0,3,5
2022-09-01T14:30:00-00:00,2022-09-01T14:45:00-00:00,2022-09-01,08,BLUSTNPP_6_N003,BLUSTNPP_6_N003,BLUSTNPP_6_N003,RTPD,MGHG,LMP_GHG_PRC,BLUSTNPP_6_N003,ALL,1,0,3,5
2022-09-01T15:30:00-00:00,2022-09-01T15:45:00-00:00,2022-09-01,09,BLUSTNPP_6_N003,BLUSTNPP_6_N003,BLUSTNPP_6_N003,RTPD,MGHG,LMP_GHG_PRC,BLUSTNPP_6_N003,ALL,1,0,3,5
2022-09-01T16:30:00-00:00,2022-09-01T16:45:00-00:00,2022-09-01,10,BLUSTNPP_6_N003,BLUSTNPP_6_N003,BLUSTNPP_6_N003,RTPD,MGHG,LMP_GHG_PRC,BLUSTNPP_6_N003,ALL,1,0,3,5
2022-09-01T17:30:00-00:00,2022-09-01T17:45:00-00:00,2022-09-01,11,BLUSTNPP_6_N003,BLUSTNPP_6_N003,BLUSTNPP_6_N003,RTPD,MGHG,LMP_GHG_PRC,BLUSTNPP_6_N003,ALL,1,0,3,5
2022-09-01T18:30:00-00:00,2022-09-01T18:45:00-00:00,2022-09-01,12,BLUSTNPP_6_N003,BLUSTNPP_6_N003,BLUSTNPP_6_N003,RTPD,MGHG,LMP_GHG_PRC,BLUSTNPP_6_N003,ALL,1,0,3,5
2022-09-01T19:30:00-00:00,2022-09-01T19:45:00-00:00,2022-09-01,13,BLUSTNPP_6_N003,BLUSTNPP_6_N003,BLUSTNPP_6_N003,RTPD,MGHG,LMP_GHG_PRC,BLUSTNPP_6_N003,ALL,1,0,3,5
2022-09-01T20:30:00-00:00,2022-09-01T20:45:00-00:00,2022-09-01,14,BLUSTNPP_6_N003,BLUSTNPP_6_N003,BLUSTNPP_6_N003,RTPD,MGHG,LMP_GHG_PRC,BLUSTNPP_6_N003,ALL,1,0,3,5
2022-09-01T21:30:00-00:00,2022-09-01T21:45:00-00:00,2022-09-01,15,BLUSTNPP_6_N003,BLUSTNPP_6_N003,BLUSTNPP_6_N003,RTPD,MGHG,LMP_GHG_PRC,BLUSTNPP_6_N003,ALL,1,0,3,5
2022-09-01T22:30:00-00:00,2022-09-01T22:45:00-00:00,2022-09-01,16,BLUSTNPP_6_N003,BLUSTNPP_6_N003,BLUSTNPP_6_N003,RTPD,MGHG,LMP_GHG_PRC,BLUSTNPP_6_N003,ALL,1,0,3,5
2022-09-01T23:30:00-00:00,2022-09-01T23:45:00-00:00,2022-09-01,17,BLUSTNPP_6_N003,BLUSTNPP_6_N003,BLUSTNPP_6_N003,RTPD,MGHG,LMP_GHG_PRC,BLUSTNPP_6_N003,ALL,1,0,3,5
2022-09-02T00:30:00-00:00,2022-09-02T00:45:00-00:00,2022-09-01,18,BLUSTNPP_6_N003,BLUSTNPP_6_N003,BLUSTNPP_6_N003,RTPD,MGHG,LMP_GHG_PRC,BLUSTNPP_6_N003,ALL,1,0,3,5
2022-09-02T01:30:00-00:00,2022-09-02T01:45:00-00:00,2022-09-01,19,BLUSTNPP_6_N003,BLUSTNPP_6_N003,BLUSTNPP_6_N003,RTPD,MGHG,LMP_GHG_PRC,BLUSTNPP_6_N003,ALL,1,0,3,5
2022-09-02T02:30:00-00:00,2022-09-02T02:45:00-00:00,2022-09-01,20,BLUSTNPP_6_N003,BLUSTNPP_6_N003,BLUSTNPP_6_N003,RTPD,MGHG,LMP_GHG_PRC,BLUSTNPP_6_N003,ALL,1,0,3,5
2022-09-02T03:30:00-00:00,2022-09-02T03:45:00-00:00,2022-09-01,21,BLUSTNPP_6_N003,BLUSTNPP_6_N003,BLUSTNPP_6_N003,RTPD,MGHG,LMP_GHG_PRC,BLUSTNPP_6_N003,ALL,1,0,3,5
2022-09-02T04:30:00-00:00,2022-09-02T04:45:00-00:00,2022-09-01,22,BLUSTNPP_6_N003,BLUSTNPP_6_N003,BLUSTNPP_6_N003,RTPD,MGHG,LMP_GHG_PRC,BLUSTNPP_6_N003,ALL,1,0,3,5
2022-09-02T05:30:00-00:00,2022-09-02T05:45:00-00:00,2022-09-01,23,BLUSTNPP_6_N003,BLUSTNPP_6_N003,BLUSTNPP_6_N003,RTPD,MGHG,LMP_GHG_PRC,BLUSTNPP_6_N003,ALL,1,0,3,5
2022-09-02T06:30:00-00:00,2022-09-02T06:45:00-00:00,2022-09-01,24,BLUSTNPP_6_N003,BLUSTNPP_6_N003,BLUSTNPP_6_N003,RTPD,MGHG,LMP_GHG_PRC,BLUSTNPP_6_N003,ALL,1,0,3,5
2022-09-01T07:45:00-00:00,2022-09-01T08:00:00-00:00,2022-09-01,01,BLUSTNPP_6_N003,BLUSTNPP_6_N003,BLUSTNPP_6_N003,RTPD,MGHG,LMP_GHG_PRC,BLUSTNPP_6_N003,ALL,1,0,4,5
2022-09-01T08:45:00-00:00,2022-09-01T09:00:00-00:00,2022-09-01,02,BLUSTNPP_6_N003,BLUSTNPP_6_N003,BLUSTNPP_6_N003,RTPD,MGHG,LMP_GHG_PRC,BLUSTNPP_6_N003,ALL,1,0,4,5
2022-09-01T09:45:00-00:00,2022-09-01T10:00:00-00:00,2022-09-01,03,BLUSTNPP_6_N003,BLUSTNPP_6_N003,BLUSTNPP_6_N003,RTPD,MGHG,LMP_GHG_PRC,BLUSTNPP_6_N003,ALL,1,0,4,5
2022-09-01T10:45:00-00:00,2022-09-01T11:00:00-00:00,2022-09-01,04,BLUSTNPP_6_N003,BLUSTNPP_6_N003,BLUSTNPP_6_N003,RTPD,MGHG,LMP_GHG_PRC,BLUSTNPP_6_N003,ALL,1,0,4,5
2022-09-01T11:45:00-00:00,2022-09-01T12:00:00-00:00,2022-09-01,05,BLUSTNPP_6_N003,BLUSTNPP_6_N003,BLUSTNPP_6_N003,RTPD,MGHG,LMP_GHG_PRC,BLUSTNPP_6_N003,ALL,1,0,4,5
2022-09-01T12:45:00-00:00,2022-09-01T13:00:00-00:00,2022-09-01,06,BLUSTNPP_6_N003,BLUSTNPP_6_N003,BLUSTNPP_6_N003,RTPD,MGHG,LMP_GHG_PRC,BLUSTNPP_6_N003,ALL,1,0,4,5
2022-09-01T13:45:00-00:00,2022-09-01T14:00:00-00:00,2022-09-01,07,BLUSTNPP_6_N003,BLUSTNPP_6_N003,BLUSTNPP_6_N003,RTPD,MGHG,LMP_GHG_PRC,BLUSTNPP_6_N003,ALL,1,0,4,5
2022-09-01T14:45:00-00:00,2022-09-01T15:00:00-00:00,2022-09-01,08,BLUSTNPP_6_N003,BLUSTNPP_6_N003,BLUSTNPP_6_N003,RTPD,MGHG,LMP_GHG_PRC,BLUSTNPP_6_N003,ALL,1,0,4,5
2022-09-01T15:45:00-00:00,2022-09-01T16:00:00-00:00,2022-09-01,09,BLUSTNPP_6_N003,BLUSTNPP_6_N003,BLUSTNPP_6_N003,RTPD,MGHG,LMP_GHG_PRC,BLUSTNPP_6_N003,ALL,1,0,4,5
2022-09-01T16:45:00-00:00,2022-09-01T17:00:00-00:00,2022-09-01,10,BLUSTNPP_6_N003,BLUSTNPP_6_N003,BLUSTNPP_6_N003,RTPD,MGHG,LMP_GHG_PRC,BLUSTNPP_6_N003,ALL,1,0,4,5
2022-09-01T17:45:00-00:00,2022-09-01T18:00:00-00:00,2022-09-01,11,BLUSTNPP_6_N003,BLUSTNPP_6_N003,BLUSTNPP_6_N003,RTPD,MGHG,LMP_GHG_PRC,BLUSTNPP_6_N003,ALL,1,0,4,5
2022-09-01T18:45:00-00:00,2022-09-01T19:00:00-00:00,2022-09-01,12,BLUSTNPP_6_N003,BLUSTNPP_6_N003,BLUSTNPP_6_N003,RTPD,MGHG,LMP_GHG_PRC,BLUSTNPP_6_N003,ALL,1,0,4,5
2022-09-01T19:45:00-00:00,2022-09-01T20:00:00-00:00,2022-09-01,13,BLUSTNPP_6_N003,BLUSTNPP_6_N003,BLUSTNPP_6_N003,RTPD,MGHG,LMP_GHG_PRC,BLUSTNPP_6_N003,ALL,1,0,4,5
2022-09-01T20:45:00-00:00,2022-09-01T21:00:00-00:00,2022-09-01,14,BLUSTNPP_6_N003,BLUSTNPP_6_N003,BLUSTNPP_6_N003,RTPD,MGHG,LMP_GHG_PRC,BLUSTNPP_6_N003,ALL,1,0,4,5
2022-09-01T21:45:00-00:00,2022-09-01T22:00:00-00:00,2022-09-01,15,BLUSTNPP_6_N003,BLUSTNPP_6_N003,BLUSTNPP_6_N003,RTPD,MGHG,LMP_GHG_PRC,BLUSTNPP_6_N003,ALL,1,0,4,5
2022-09-01T22:45:00-00:00,2022-09-01T23:00:00-00:00,2022-09-01,16,BLUSTNPP_6_N003,BLUSTNPP_6_N003,BLUSTNPP_6_N003,RTPD,MGHG,LMP_GHG_PRC,BLUSTNPP_6_N003,ALL,1,0,4,5
2022-09-01T23:45:00-00:00,2022-09-02T00:00:00-00:00,2022-09-01,17,BLUSTNPP_6_N003,BLUSTNPP_6_N003,BLUSTNPP_6_N003,RTPD,MGHG,LMP_GHG_PRC,BLUSTNPP_6_N003,ALL,1,0,4,5
2022-09-02T00:45:00-00:00,2022-09-02T01:00:00-00:00,2022-09-01,18,BLUSTNPP_6_N003,BLUSTNPP_6_N003,BLUSTNPP_6_N003,RTPD,MGHG,LMP_GHG_PRC,BLUSTNPP_6_N003,ALL,1,0,4,5
2022-09-02T01:45:00-00:00,2022-09-02T02:00:00-00:00,2022-09-01,19,BLUSTNPP_6_N003,BLUSTNPP_6_N003,BLUSTNPP_6_N003,RTPD,MGHG,LMP_GHG_PRC,BLUSTNPP_6_N003,ALL,1,0,4,5
2022-09-02T02:45:00-00:00,2022-09-02T03:00:00-00:00,2022-09-01,20,BLUSTNPP_6_N003,BLUSTNPP_6_N003,BLUSTNPP_6_N003,RTPD,MGHG,LMP_GHG_PRC,BLUSTNPP_6_N003,ALL,1,0,4,5
2022-09-02T03:45:00-00:00,2022-09-02T04:00:00-00:00,2022-09-01,21,BLUSTNPP_6_N003,BLUSTNPP_6_N003,BLUSTNPP_6_N003,RTPD,MGHG,LMP_GHG_PRC,BLUSTNPP_6_N003,ALL,1,0,4,5
2022-09-02T04:45:00-00:00,2022-09-02T05:00:00-00:00,2022-09-01,22,BLUSTNPP_6_N003,BLUSTNPP_6_N003,BLUSTNPP_6_N003,RTPD,MGHG,LMP_GHG_PRC,BLUSTNPP_6_N003,ALL,1,0,4,5
2022-09-02T05:45:00-00:00,2022-09-02T06:00:00-00:00,2022-09-01,23,BLUSTNPP_6_N003,BLUSTNPP_6_N003,BLUSTNPP_6_N003,RTPD,MGHG,LMP_GHG_PRC,BLUSTNPP_6_N003,ALL,1,0,4,5
2022-09-02T06:45:00-00:00,2022-09-02T07:00:00-00:00,2022-09-01,24,BLUSTNPP_6_N003,BLUSTNPP_6_N003,BLUSTNPP_6_N003,RTPD,MGHG,LMP_GHG_PRC,BLUSTNPP_6_N003,ALL,1,0,4,5
