INTERVALSTARTTIME_GMT,INTERVALENDTIME_GMT,OPR_DT,OPR_HR,NODE_ID_XML,NODE_ID,NODE,MARKET_RUN_ID,LMP_TYPE,XML_DATA_ITEM,PNODE_RESMRID,GRP_TYPE,POS,PRC,OPR_INTERVAL,GROUP
2022-09-01T07:00:00-00:00,2022-09-01T07:15:00-00:00,2022-09-01,01,BIGBASN_6_N001,BIGBASN_6_N001,BIGBASN_6_N001,RTPD,LMP,LMP_PRC,BIGBASN_6_N001,ALL,1,84.01359,1,1
2022-09-01T08:00:00-00:00,2022-09-01T08:15:00-00:00,2022-09-01,02,BIGBASN_6_N001,BIGBASN_6_N001,BIGBASN_6_N001,RTPD,LMP,LMP_PRC,BIGBASN_6_N001,ALL,1,112.12682,1,1
2022-09-01T09:00:00-00:00,2022-09-01T09:15:00-00:00,2022-09-01,03,BIGBASN_6_N001,BIGBASN_6_N001,BIGBASN_6_N001,RTPD,LMP,LMP_PRC,BIGBASN_6_N001,ALL,1,98.46657,1,1
2022-09-01T10:00:00-00:00,2022-09-01T10:15:00-00:00,2022-09-01,04,BIGBASN_6_N001,BIGBASN_6_N001,BIGBASN_6_N001,RTPD,LMP,LMP_PRC,BIGBASN_6_N001,ALL,1,98.32709,1,1
2022-09-01T11:00:00-00:00,2022-09-01T11:15:00-00:00,2022-09-01,05,BIGBASN_6_N001,BIGBASN_6_N001,BIGBASN_6_N001,RTPD,LMP,LMP_PRC,BIGBASN_6_N001,ALL,1,106.36363,1,1
2022-09-01T12:00:00-00:00,2022-09-01T12:15:00-00:00,2022-09-01,06,BIGBASN_6_N001,BIGBASN_6_N001,BIGBASN_6_N001,RTPD,LMP,LMP_PRC,BIGBASN_6_N001,ALL,1,89.7144,1,1
2022-09-01T13:00:00-00:00,2022-09-01T13:15:00-00:00,2022-09-01,07,BIGBASN_6_N001,BIGBASN_6_N001,BIGBASN_6_N001,RTPD,LMP,LMP_PRC,BIGBASN_6_N001,ALL,1,88.2617,1,1
2022-09-01T14:00:00-00:00,2022-09-01T14:15:00-00:00,2022-09-01,08,BIGBASN_6_N001,BIGBASN_6_N001,BIGBASN_6_N001,RTPD,LMP,LMP_PRC,BIGBASN_6_N001,ALL,1,117.63447,1,1
2022-09-01T15:00:00-00:00,2022-09-01T15:15:00-00:00,2022-09-01,09,BIGBASN_6_N001,BIGBASN_6_N001,BIGBASN_6_N001,RTPD,LMP,LMP_PRC,BIGBASN_6_N001,ALL,1,97.4112,1,1
2022-09-01T16:00:00-00:00,2022-09-01T16:15:00-00:00,2022-09-01,10,BIGBASN_6_N001,BIGBASN_6_N001,BIGBASN_6_N001,RTPD,LMP,LMP_PRC,BIGBASN_6_N001,ALL,1,83.43525,1,1
2022-09-01T17:00:00-00:00,2022-09-01T17:15:00-00:00,2022-09-01,11,BIGBASN_6_N001,BIGBASN_6_N001,BIGBASN_6_N001,RTPD,LMP,LMP_PRC,BIGBASN_6_N001,ALL,1,79.94591,1,1
2022-09-01T18:00:00-00:00,2022-09-01T18:15:00-00:00,2022-09-01,12,BIGBASN_6_N001,BIGBASN_6_N001,BIGBASN_6_N001,RTPD,LMP,LMP_PRC,BIGBASN_6_N001,ALL,1,58.42115,1,1
2022-09-01T19:00:00-00:00,2022-09-01T19:15:00-00:00,2022-09-01,13,BIGBASN_6_N001,BIGBASN_6_N001,BIGBASN_6_N001,RTPD,LMP,LMP_PRC,BIGBASN_6_N001,ALL,1,72.58699,1,1
2022-09-01T20:00:00-00:00,2022-09-01T20:15:00-00:00,2022-09-01,14,BIGBASN_6_N001,BIGBASN_6_N001,BIGBASN_6_N001,RTPD,LMP,LMP_PRC,BIGBASN_6_N001,ALL,1,114.34422,1,1
2022-09-01T21:00:00-00:00,2022-09-01T21:15:00-00:00,2022-09-01,15,BIGBASN_6_N001,BIGBASN_6_N001,BIGBASN_6_N001,RTPD,LMP,LMP_PRC,BIGBASN_6_N001,ALL,1,125.27601,1,1
2022-09-01T22:00:00-00:00,2022-09-01T22:15:00-00:00,2022-09-01,16,BIGBASN_6_N001,BIGBASN_6_N001,BIGBASN_6_N001,RTPD,LMP,LMP_PRC,BIGBASN_6_N001,ALL,1,119.0088,1,1
2022-09-01T23:00:00-00:00,2022-09-01T23:15:00-00:00,2022-09-01,17,BIGBASN_6_N001,BIGBASN_6_N001,BIGBASN_6_N001,RTPD,LMP,LMP_PRC,BIGBASN_6_N001,ALL,1,213.38197,1,1
2022-09-02T00:00:00-00:00,2022-09-02T00:15:00-00:00,2022-09-01,18,BIGBASN_6_N001,BIGBASN_6_N001,BIGBASN_6_N001,RTPD,LMP,LMP_PRC,BIGBASN_6_N001,ALL,1,1173.539,1,1
2022-09-02T01:00:00-00:00,2022-09-02T01:15:00-00:00,2022-09-01,19,BIGBASN_6_N001,BIGBASN_6_N001,BIGBASN_6_N001,RTPD,LMP,LMP_PRC,BIGBASN_6_N001,ALL,1,1251.6777,1,1
2022-09-02T02:00:00-00:00,2022-09-02T02:15:00-00:00,2022-09-01,20,BIGBASN_6_N001,BIGBASN_6_N001,BIGBASN_6_N001,RTPD,LMP,LMP_PRC,BIGBASN_6_N001,ALL,1,1991.6721,1,1
2022-09-02T03:00:00-00:00,2022-09-02T03:15:00-00:00,2022-09-01,21,BIGBASN_6_N001,BIGBASN_6_N001,BIGBASN_6_N001,RTPD,LMP,LMP_PRC,BIGBASN_6_N001,ALL,1,1398.3639,1,1
2022-09-02T04:00:00-00:00,2022-09-02T04:15:00-00:00,2022-09-01,22,BIGBASN_6_N001,BIGBASN_6_N001,BIGBASN_6_N001,RTPD,LMP,LMP_PRC,BIGBASN_6_N001,ALL,1,271.88177,1,1
2022-09-02T05:00:00-00:00,2022-09-02T05:15:00-00:00,2022-09-01,23,BIGBASN_6_N001,BIGBASN_6_N001,BIGBASN_6_N001,RTPD,LMP,LMP_PRC,BIGBASN_6_N001,ALL,1,192.46388,1,1
2022-09-02T06:00:00-00:00,2022-09-02T06:15:00-00:00,2022-09-01,24,BIGBASN_6_N001,BIGBASN_6_N001,BIGBASN_6_N001,RTPD,LMP,LMP_PRC,BIGBASN_6_N001,ALL,1,165.53941,1,1
2022-09-01T07:15:00-00:00,2022-09-01T07:30:00-00:00,2022-09-01,01,BIGBASN_6_N001,BIGBASN_6_N001,BIGBASN_6_N001,RTPD,LMP,LMP_PRC,BIGBASN_6_N001,ALL,1,115.32398,2,1
2022-09-01T08:15:00-00:00,2022-09-01T08:30:00-00:00,2022-09-01,02,BIGBASN_6_N001,BIGBASN_6_N001,BIGBASN_6_N001,RTPD,LMP,LMP_PRC,BIGBASN_6_N001,ALL,1,114.5976,2,1
2022-09-01T09:15:00-00:00,2022-09-01T09:30:00-00:00,2022-09-01,03,BIGBASN_6_N001,BIGBASN_6_N001,BIGBASN_6_N001,RTPD,LMP,LMP_PRC,BIGBASN_6_N001,ALL,1,95.58203,2,1
2022-09-01T10:15:00-00:00,2022-09-01T10:30:00-00:00,2022-09-01,04,BIGBASN_6_N001,BIGBASN_6_N001,BIGBASN_6_N001,RTPD,LMP,LMP_PRC,BIGBASN_6_N001,ALL,1,95.01066,2,1
2022-09-01T11:15:00-00:00,2022-09-01T11:30:00-00:00,2022-09-01,05,BIGBASN_6_N001,BIGBASN_6_N001,BIGBASN_6_N001,RTPD,LMP,LMP_PRC,BIGBASN_6_N001,ALL,1,106.87401,2,1
2022-09-01T12:15:00-00:00,2022-09-01T12:30:00-00:00,2022-09-01,06,BIGBASN_6_N001,BIGBASN_6_N001,BIGBASN_6_N001,RTPD,LMP,LMP_PRC,BIGBASN_6_N001,ALL,1,106.82161,2,1
2022-09-01T13:15:00-00:00,2022-09-01T13:30:00-00:00,2022-09-01,07,BIGBASN_6_N001,BIGBASN_6_N001,BIGBASN_6_N001,RTPD,LMP,LMP_PRC,BIGBASN_6_N001,ALL,1,114.3838,2,1
2022-09-01T14:15:00-00:00,2022-09-01T14:30:00-00:00,2022-09-01,08,BIGBASN_6_N001,BIGBASN_6_N001,BIGBASN_6_N001,RTPD,LMP,LMP_PRC,BIGBASN_6_N001,ALL,1,110.69745,2,1
2022-09-01T15:15:00-00:00,2022-09-01T15:30:00-00:00,2022-09-01,09,BIGBASN_6_N001,BIGBASN_6_N001,BIGBASN_6_N001,RTPD,LMP,LMP_PRC,BIGBASN_6_N001,ALL,1,86.9388,2,1
2022-09-01T16:15:00-00:00,2022-09-01T16:30:00-00:00,2022-09-01,10,BIGBASN_6_N001,BIGBASN_6_N001,BIGBASN_6_N001,RTPD,LMP,LMP_PRC,BIGBASN_6_N001,ALL,1,87.77365,2,1
2022-09-01T17:15:00-00:00,2022-09-01T17:30:00-00:00,2022-09-01,11,BIGBASN_6_N001,BIGBASN_6_N001,BIGBASN_6_N001,RTPD,LMP,LMP_PRC,BIGBASN_6_N001,ALL,1,78.53014,2,1
2022-09-01T18:15:00-00:00,2022-09-01T18:30:00-00:00,2022-09-01,12,BIGBASN_6_N001,BIGBASN_6_N001,BIGBASN_6_N001,RTPD,LMP,LMP_PRC,BIGBASN_6_N001,ALL,1,74.14713,2,1
2022-09-01T19:15:00-00:00,2022-09-01T19:30:00-00:00,2022-09-01,13,BIGBASN_6_N001,BIGBASN_6_N001,BIGBASN_6_N001,RTPD,LMP,LMP_PRC,BIGBASN_6_N001,ALL,1,75.15905,2,1
2022-09-01T20:15:00-00:00,2022-09-01T20:30:00-00:00,2022-09-01,14,BIGBASN_6_N001,BIGBASN_6_N001,BIGBASN_6_N001,RTPD,LMP,LMP_PRC,BIGBASN_6_N001,ALL,1,114.25291,2,1
2022-09-01T21:15:00-00:00,2022-09-01T21:30:00-00:00,2022-09-01,15,BIGBASN_6_N001,BIGBASN_6_N001,BIGBASN_6_N001,RTPD,LMP,LMP_PRC,BIGBASN_6_N001,ALL,1,119.82441,2,1
2022-09-01T22:15:00-00:00,2022-09-01T22:30:00-00:00,2022-09-01,16,BIGBASN_6_N001,BIGBASN_6_N001,BIGBASN_6_N001,RTPD,LMP,LMP_PRC,BIGBASN_6_N001,ALL,1,136.1903,2,1
2022-09-01T23:15:00-00:00,2022-09-01T23:30:00-00:00,2022-09-01,17,BIGBASN_6_N001,BIGBASN_6_N001,BIGBASN_6_N001,RTPD,LMP,LMP_PRC,BIGBASN_6_N001,ALL,1,261.65353,2,1
2022-09-02T00:15:00-00:00,2022-09-02T00:30:00-00:00,2022-09-01,18,BIGBASN_6_N001,BIGBASN_6_N001,BIGBASN_6_N001,RTPD,LMP,LMP_PRC,BIGBASN_6_N001,ALL,1,1076.9515,2,1
2022-09-02T01:15:00-00:00,2022-09-02T01:30:00-00:00,2022-09-01,19,BIGBASN_6_N001,BIGBASN_6_N001,BIGBASN_6_N001,RTPD,LMP,LMP_PRC,BIGBASN_6_N001,ALL,1,1999.9933,2,1
2022-09-02T02:15:00-00:00,2022-09-02T02:30:00-00:00,2022-09-01,20,BIGBASN_6_N001,BIGBASN_6_N001,BIGBASN_6_N001,RTPD,LMP,LMP_PRC,BIGBASN_6_N001,ALL,1,1991.6721,2,1
2022-09-02T03:15:00-00:00,2022-09-02T03:30:00-00:00,2022-09-01,21,BIGBASN_6_N001,BIGBASN_6_N001,BIGBASN_6_N001,RTPD,LMP,LMP_PRC,BIGBASN_6_N001,ALL,1,574.0274,2,1
2022-09-02T04:15:00-00:00,2022-09-02T04:30:00-00:00,2022-09-01,22,BIGBASN_6_N001,BIGBASN_6_N001,BIGBASN_6_N001,RTPD,LMP,LMP_PRC,BIGBASN_6_N001,ALL,1,236.37,2,1
2022-09-02T05:15:00-00:00,2022-09-02T05:30:00-00:00,2022-09-01,23,BIGBASN_6_N001,BIGBASN_6_N001,BIGBASN_6_N001,RTPD,LMP,LMP_PRC,BIGBASN_6_N001,ALL,1,164.44164,2,1
2022-09-02T06:15:00-00:00,2022-09-02T06:30:00-00:00,2022-09-01,24,BIGBASN_6_N001,BIGBASN_6_N001,BIGBASN_6_N001,RTPD,LMP,LMP_PRC,BIGBASN_6_N001,ALL,1,147.98022,2,1
2022-09-01T07:30:00-00:00,2022-09-01T07:45:00-00:00,2022-09-01,01,BIGBASN_6_N001,BIGBASN_6_N001,BIGBASN_6_N001,RTPD,LMP,LMP_PRC,BIGBASN_6_N001,ALL,1,102.46076,3,1
2022-09-01T08:30:00-00:00,2022-09-01T08:45:00-00:00,2022-09-01,02,BIGBASN_6_N001,BIGBASN_6_N001,BIGBASN_6_N001,RTPD,LMP,LMP_PRC,BIGBASN_6_N001,ALL,1,115.22268,3,1
2022-09-01T09:30:00-00:00,2022-09-01T09:45:00-00:00,2022-09-01,03,BIGBASN_6_N001,BIGBASN_6_N001,BIGBASN_6_N001,RTPD,LMP,LMP_PRC,BIGBASN_6_N001,ALL,1,95.34092,3,1
2022-09-01T10:30:00-00:00,2022-09-01T10:45:00-00:00,2022-09-01,04,BIGBASN_6_N001,BIGBASN_6_N001,BIGBASN_6_N001,RTPD,LMP,LMP_PRC,BIGBASN_6_N001,ALL,1,96.84393,3,1
2022-09-01T11:30:00-00:00,2022-09-01T11:45:00-00:00,2022-09-01,05,BIGBASN_6_N001,BIGBASN_6_N001,BIGBASN_6_N001,RTPD,LMP,LMP_PRC,BIGBASN_6_N001,ALL,1,106.98864,3,1
2022-09-01T12:30:00-00:00,2022-09-01T12:45:00-00:00,2022-09-01,06,BIGBASN_6_N001,BIGBASN_6_N001,BIGBASN_6_N001,RTPD,LMP,LMP_PRC,BIGBASN_6_N001,ALL,1,106.70823,3,1
2022-09-01T13:30:00-00:00,2022-09-01T13:45:00-00:00,2022-09-01,07,BIGBASN_6_N001,BIGBASN_6_N001,BIGBASN_6_N001,RTPD,LMP,LMP_PRC,BIGBASN_6_N001,ALL,1,115.76917,3,1
2022-09-01T14:30:00-00:00,2022-09-01T14:45:00-00:00,2022-09-01,08,BIGBASN_6_N001,BIGBASN_6_N001,BIGBASN_6_N001,RTPD,LMP,LMP_PRC,BIGBASN_6_N001,ALL,1,107.79159,3,1
2022-09-01T15:30:00-00:00,2022-09-01T15:45:00-00:00,2022-09-01,09,BIGBASN_6_N001,BIGBASN_6_N001,BIGBASN_6_N001,RTPD,LMP,LMP_PRC,BIGBASN_6_N001,ALL,1,86.1388,3,1
2022-09-01T16:30:00-00:00,2022-09-01T16:45:00-00:00,2022-09-01,10,BIGBASN_6_N001,BIGBASN_6_N001,BIGBASN_6_N001,RTPD,LMP,LMP_PRC,BIGBASN_6_N001,ALL,1,74.77369,3,1
2022-09-01T17:30:00-00:00,2022-09-01T17:45:00-00:00,2022-09-01,11,BIGBASN_6_N001,BIGBASN_6_N001,BIGBASN_6_N001,RTPD,LMP,LMP_PRC,BIGBASN_6_N001,ALL,1,78.2396,3,1
2022-09-01T18:30:00-00:00,2022-09-01T18:45:00-00:00,2022-09-01,12,BIGBASN_6_N001,BIGBASN_6_N001,BIGBASN_6_N001,RTPD,LMP,LMP_PRC,BIGBASN_6_N001,ALL,1,78.89187,3,1
2022-09-01T19:30:00-00:00,2022-09-01T19:45:00-00:00,2022-09-01,13,BIGBASN_6_N001,BIGBASN_6_N001,BIGBASN_6_N001,RTPD,LMP,LMP_PRC,BIGBASN_6_N001,ALL,1,101.09016,3,1
2022-09-01T20:30:00-00:00,2022-09-01T20:45:00-00:00,2022-09-01,14,BIGBASN_6_N001,BIGBASN_6_N001,BIGBASN_6_N001,RTPD,LMP,LMP_PRC,BIGBASN_6_N001,ALL,1,116.73803,3,1
2022-09-01T21:30:00-00:00,2022-09-01T21:45:00-00:00,2022-09-01,15,BIGBASN_6_N001,BIGBASN_6_N001,BIGBASN_6_N001,RTPD,LMP,LMP_PRC,BIGBASN_6_N001,ALL,1,127.77117,3,1
2022-09-01T22:30:00-00:00,2022-09-01T22:45:00-00:00,2022-09-01,16,BIGBASN_6_N001,BIGBASN_6_N001,BIGBASN_6_N001,RTPD,LMP,LMP_PRC,BIGBASN_6_N001,ALL,1,153.7253,3,1
2022-09-01T23:30:00-00:00,2022-09-01T23:45:00-00:00,2022-09-01,17,BIGBASN_6_N001,BIGBASN_6_N001,BIGBASN_6_N001,RTPD,LMP,LMP_PRC,BIGBASN_6_N001,ALL,1,566.48157,3,1
2022-09-02T00:30:00-00:00,2022-09-02T00:45:00-00:00,2022-09-01,18,BIGBASN_6_N001,BIGBASN_6_N001,BIGBASN_6_N001,RTPD,LMP,LMP_PRC,BIGBASN_6_N001,ALL,1,1797.0038,3,1
2022-09-02T01:30:00-00:00,2022-09-02T01:45:00-00:00,2022-09-01,19,BIGBASN_6_N001,BIGBASN_6_N001,BIGBASN_6_N001,RTPD,LMP,LMP_PRC,BIGBASN_6_N001,ALL,1,1999.9956,3,1
2022-09-02T02:30:00-00:00,2022-09-02T02:45:00-00:00,2022-09-01,20,BIGBASN_6_N001,BIGBASN_6_N001,BIGBASN_6_N001,RTPD,LMP,LMP_PRC,BIGBASN_6_N001,ALL,1,1991.671,3,1
2022-09-02T03:30:00-00:00,2022-09-02T03:45:00-00:00,2022-09-01,21,BIGBASN_6_N001,BIGBASN_6_N001,BIGBASN_6_N001,RTPD,LMP,LMP_PRC,BIGBASN_6_N001,ALL,1,232.1919,3,1
2022-09-02T04:30:00-00:00,2022-09-02T04:45:00-00:00,2022-09-01,22,BIGBASN_6_N001,BIGBASN_6_N001,BIGBASN_6_N001,RTPD,LMP,LMP_PRC,BIGBASN_6_N001,ALL,1,188.28479,3,1
2022-09-02T05:30:00-00:00,2022-09-02T05:45:00-00:00,2022-09-01,23,BIGBASN_6_N001,BIGBASN_6_N001,BIGBASN_6_N001,RTPD,LMP,LMP_PRC,BIGBASN_6_N001,ALL,1,137.48077,3,1
2022-09-02T06:30:00-00:00,2022-09-02T06:45:00-00:00,2022-09-01,24,BIGBASN_6_N001,BIGBASN_6_N001,BIGBASN_6_N001,RTPD,LMP,LMP_PRC,BIGBASN_6_N001,ALL,1,134.1466,3,1
2022-09-01T07:45:00-00:00,2022-09-01T08:00:00-00:00,2022-09-01,01,BIGBASN_6_N001,BIGBASN_6_N001,BIGBASN_6_N001,RTPD,LMP,LMP_PRC,BIGBASN_6_N001,ALL,1,90.26452,4,1
2022-09-01T08:45:00-00:00,2022-09-01T09:00:00-00:00,2022-09-01,02,BIGBASN_6_N001,BIGBASN_6_N001,BIGBASN_6_N001,RTPD,LMP,LMP_PRC,BIGBASN_6_N001,ALL,1,97.48931,4,1
2022-09-01T09:45:00-00:00,2022-09-01T10:00:00-00:00,2022-09-01,03,BIGBASN_6_N001,BIGBASN_6_N001,BIGBASN_6_N001,RTPD,LMP,LMP_PRC,BIGBASN_6_N001,ALL,1,95.26592,4,1
2022-09-01T10:45:00-00:00,2022-09-01T11:00:00-00:00,2022-09-01,04,BIGBASN_6_N001,BIGBASN_6_N001,BIGBASN_6_N001,RTPD,LMP,LMP_PRC,BIGBASN_6_N001,ALL,1,96.94653,4,1
2022-09-01T11:45:00-00:00,2022-09-01T12:00:00-00:00,2022-09-01,05,BIGBASN_6_N001,BIGBASN_6_N001,BIGBASN_6_N001,RTPD,LMP,LMP_PRC,BIGBASN_6_N001,ALL,1,107.01,4,1
2022-09-01T12:45:00-00:00,2022-09-01T13:00:00-00:00,2022-09-01,06,BIGBASN_6_N001,BIGBASN_6_N001,BIGBASN_6_N001,RTPD,LMP,LMP_PRC,BIGBASN_6_N001,ALL,1,114.08362,4,1
2022-09-01T13:45:00-00:00,2022-09-01T14:00:00-00:00,2022-09-01,07,BIGBASN_6_N001,BIGBASN_6_N001,BIGBASN_6_N001,RTPD,LMP,LMP_PRC,BIGBASN_6_N001,ALL,1,111.41,4,1
2022-09-01T14:45:00-00:00,2022-09-01T15:00:00-00:00,2022-09-01,08,BIGBASN_6_N001,BIGBASN_6_N001,BIGBASN_6_N001,RTPD,LMP,LMP_PRC,BIGBASN_6_N001,ALL,1,86.1388,4,1
2022-09-01T15:45:00-00:00,2022-09-01T16:00:00-00:00,2022-09-01,09,BIGBASN_6_N001,BIGBASN_6_N001,BIGBASN_6_N001,RTPD,LMP,LMP_PRC,BIGBASN_6_N001,ALL,1,78.70076,4,1
2022-09-01T16:45:00-00:00,2022-09-01T17:00:00-00:00,2022-09-01,10,BIGBASN_6_N001,BIGBASN_6_N001,BIGBASN_6_N001,RTPD,LMP,LMP_PRC,BIGBASN_6_N001,ALL,1,78.62072,4,1
2022-09-01T17:45:00-00:00,2022-09-01T18:00:00-00:00,2022-09-01,11,BIGBASN_6_N001,BIGBASN_6_N001,BIGBASN_6_N001,RTPD,LMP,LMP_PRC,BIGBASN_6_N001,ALL,1,78.63651,4,1
2022-09-01T18:45:00-00:00,2022-09-01T19:00:00-00:00,2022-09-01,12,BIGBASN_6_N001,BIGBASN_6_N001,BIGBASN_6_N001,RTPD,LMP,LMP_PRC,BIGBASN_6_N001,ALL,1,80.98314,4,1
2022-09-01T19:45:00-00:00,2022-09-01T20:00:00-00:00,2022-09-01,13,BIGBASN_6_N001,BIGBASN_6_N001,BIGBASN_6_N001,RTPD,LMP,LMP_PRC,BIGBASN_6_N001,ALL,1,106.2262,4,1
2022-09-01T20:45:00-00:00,2022-09-01T21:00:00-00:00,2022-09-01,14,BIGBASN_6_N001,BIGBASN_6_N001,BIGBASN_6_N001,RTPD,LMP,LMP_PRC,BIGBASN_6_N001,ALL,1,125.06026,4,1
2022-09-01T21:45:00-00:00,2022-09-01T22:00:00-00:00,2022-09-01,15,BIGBASN_6_N001,BIGBASN_6_N001,BIGBASN_6_N001,RTPD,LMP,LMP_PRC,BIGBASN_6_N001,ALL,1,208.53389,4,1
2022-09-01T22:45:00-00:00,2022-09-01T23:00:00-00:00,2022-09-01,16,BIGBASN_6_N001,BIGBASN_6_N001,BIGBASN_6_N001,RTPD,LMP,LMP_PRC,BIGBASN_6_N001,ALL,1,166.978,4,1
2022-09-01T23:45:00-00:00,2022-09-02T00:00:00-00:00,2022-09-01,17,BIGBASN_6_N001,BIGBASN_6_N001,BIGBASN_6_N001,RTPD,LMP,LMP_PRC,BIGBASN_6_N001,ALL,1,1668.7698,4,1
2022-09-02T00:45:00-00:00,2022-09-02T01:00:00-00:00,2022-09-01,18,BIGBASN_6_N001,BIGBASN_6_N001,BIGBASN_6_N001,RTPD,LMP,LMP_PRC,BIGBASN_6_N001,ALL,1,1820.9308,4,1
2022-09-02T01:45:00-00:00,2022-09-02T02:00:00-00:00,2022-09-01,19,BIGBASN_6_N001,BIGBASN_6_N001,BIGBASN_6_N001,RTPD,LMP,LMP_PRC,BIGBASN_6_N001,ALL,1,1991.9337,4,1
2022-09-02T02:45:00-00:00,2022-09-02T03:00:00-00:00,2022-09-01,20,BIGBASN_6_N001,BIGBASN_6_N001,BIGBASN_6_N001,RTPD,LMP,LMP_PRC,BIGBASN_6_N001,ALL,1,1886.072,4,1
2022-09-02T03:45:00-00:00,2022-09-02T04:00:00-00:00,2022-09-01,21,BIGBASN_6_N001,BIGBASN_6_N001,BIGBASN_6_N001,RTPD,LMP,LMP_PRC,BIGBASN_6_N001,ALL,1,168.57329,4,1
2022-09-02T04:45:00-00:00,2022-09-02T05:00:00-00:00,2022-09-01,22,BIGBASN_6_N001,BIGBASN_6_N001,BIGBASN_6_N001,RTPD,LMP,LMP_PRC,BIGBASN_6_N001,ALL,1,132.12582,4,1
2022-09-02T05:45:00-00:00,2022-09-02T06:00:00-00:00,2022-09-01,23,BIGBASN_6_N001,BIGBASN_6_N001,BIGBASN_6_N001,RTPD,LMP,LMP_PRC,BIGBASN_6_N001,ALL,1,119.8,4,1
2022-09-02T06:45:00-00:00,2022-09-02T07:00:00-00:00,2022-09-01,24,BIGBASN_6_N001,BIGBASN_6_N001,BIGBASN_6_N001,RTPD,LMP,LMP_PRC,BIGBASN_6_N001,ALL,1,113.86621,4,1
2022-09-01T07:00:00-00:00,2022-09-01T07:15:00-00:00,2022-09-01,01,BIGBASN_6_N001,BIGBASN_6_N001,BIGBASN_6_N001,RTPD,MCC,LMP_CONG_PRC,BIGBASN_6_N001,ALL,1,-17.16704,1,2
2022-09-01T08:00:00-00:00,2022-09-01T08:15:00-00:00,2022-09-01,02,BIGBASN_6_N001,BIGBASN_6_N001,BIGBASN_6_N001,RTPD,MCC,LMP_CONG_PRC,BIGBASN_6_N001,ALL,1,-3.42198,1,2
2022-09-01T09:00:00-00:00,2022-09-01T09:15:00-00:00,2022-09-01,03,BIGBASN_6_N001,BIGBASN_6_N001,BIGBASN_6_N001,RTPD,MCC,LMP_CONG_PRC,BIGBASN_6_N001,ALL,1,-4.58507,1,2
2022-09-01T10:00:00-00:00,2022-09-01T10:15:00-00:00,2022-09-01,04,BIGBASN_6_N001,BIGBASN_6_N001,BIGBASN_6_N001,RTPD,MCC,LMP_CONG_PRC,BIGBASN_6_N001,ALL,1,-3.97476,1,2
2022-09-01T11:00:00-00:00,2022-09-01T11:15:00-00:00,2022-09-01,05,BIGBASN_6_N001,BIGBASN_6_N001,BIGBASN_6_N001,RTPD,MCC,LMP_CONG_PRC,BIGBASN_6_N001,ALL,1,0,1,2
2022-09-01T12:00:00-00:00,2022-09-01T12:15:00-00:00,2022-09-01,06,BIGBASN_6_N001,BIGBASN_6_N001,BIGBASN_6_N001,RTPD,MCC,LMP_CONG_PRC,BIGBASN_6_N001,ALL,1,-10.18852,1,2
2022-09-01T13:00:00-00:00,2022-09-01T13:15:00-00:00,2022-09-01,07,BIGBASN_6_N001,BIGBASN_6_N001,BIGBASN_6_N001,RTPD,MCC,LMP_CONG_PRC,BIGBASN_6_N001,ALL,1,-13.54708,1,2
2022-09-01T14:00:00-00:00,2022-09-01T14:15:00-00:00,2022-09-01,08,BIGBASN_6_N001,BIGBASN_6_N001,BIGBASN_6_N001,RTPD,MCC,LMP_CONG_PRC,BIGBASN_6_N001,ALL,1,0,1,2
2022-09-01T15:00:00-00:00,2022-09-01T15:15:00-00:00,2022-09-01,09,BIGBASN_6_N001,BIGBASN_6_N001,BIGBASN_6_N001,RTPD,MCC,LMP_CONG_PRC,BIGBASN_6_N001,ALL,1,0,1,2
2022-09-01T16:00:00-00:00,2022-09-01T16:15:00-00:00,2022-09-01,10,BIGBASN_6_N001,BIGBASN_6_N001,BIGBASN_6_N001,RTPD,MCC,LMP_CONG_PRC,BIGBASN_6_N001,ALL,1,0,1,2
2022-09-01T17:00:00-00:00,2022-09-01T17:15:00-00:00,2022-09-01,11,BIGBASN_6_N001,BIGBASN_6_N001,BIGBASN_6_N001,RTPD,MCC,LMP_CONG_PRC,BIGBASN_6_N001,ALL,1,-17.00306,1,2
2022-09-01T18:00:00-00:00,2022-09-01T18:15:00-00:00,2022-09-01,12,BIGBASN_6_N001,BIGBASN_6_N001,BIGBASN_6_N001,RTPD,MCC,LMP_CONG_PRC,BIGBASN_6_N001,ALL,1,-33.17175,1,2
2022-09-01T19:00:00-00:00,2022-09-01T19:15:00-00:00,2022-09-01,13,BIGBASN_6_N001,BIGBASN_6_N001,BIGBASN_6_N001,RTPD,MCC,LMP_CONG_PRC,BIGBASN_6_N001,ALL,1,-36.60937,1,2
2022-09-01T20:00:00-00:00,2022-09-01T20:15:00-00:00,2022-09-01,14,BIGBASN_6_N001,BIGBASN_6_N001,BIGBASN_6_N001,RTPD,MCC,LMP_CONG_PRC,BIGBASN_6_N001,ALL,1,-3.59937,1,2
2022-09-01T21:00:00-00:00,2022-09-01T21:15:00-00:00,2022-09-01,15,BIGBASN_6_N001,BIGBASN_6_N001,BIGBASN_6_N001,RTPD,MCC,LMP_CONG_PRC,BIGBASN_6_N001,ALL,1,-101.33899,1,2
2022-09-01T22:00:00-00:00,2022-09-01T22:15:00-00:00,2022-09-01,16,BIGBASN_6_N001,BIGBASN_6_N001,BIGBASN_6_N001,RTPD,MCC,LMP_CONG_PRC,BIGBASN_6_N001,ALL,1,-110.17671,1,2
2022-09-01T23:00:00-00:00,2022-09-01T23:15:00-00:00,2022-09-01,17,BIGBASN_6_N001,BIGBASN_6_N001,BIGBASN_6_N001,RTPD,MCC,LMP_CONG_PRC,BIGBASN_6_N001,ALL,1,-173.37172,1,2
2022-09-02T00:00:00-00:00,2022-09-02T00:15:00-00:00,2022-09-01,18,BIGBASN_6_N001,BIGBASN_6_N001,BIGBASN_6_N001,RTPD,MCC,LMP_CONG_PRC,BIGBASN_6_N001,ALL,1,340.84875,1,2
2022-09-02T01:00:00-00:00,2022-09-02T01:15:00-00:00,2022-09-01,19,BIGBASN_6_N001,BIGBASN_6_N001,BIGBASN_6_N001,RTPD,MCC,LMP_CONG_PRC,BIGBASN_6_N001,ALL,1,335.40652,1,2
2022-09-02T02:00:00-00:00,2022-09-02T02:15:00-00:00,2022-09-01,20,BIGBASN_6_N001,BIGBASN_6_N001,BIGBASN_6_N001,RTPD,MCC,LMP_CONG_PRC,BIGBASN_6_N001,ALL,1,0,1,2
2022-09-02T03:00:00-00:00,2022-09-02T03:15:00-00:00,2022-09-01,21,BIGBASN_6_N001,BIGBASN_6_N001,BIGBASN_6_N001,RTPD,MCC,LMP_CONG_PRC,BIGBASN_6_N001,ALL,1,417.0433,1,2
2022-09-02T04:00:00-00:00,2022-09-02T04:15:00-00:00,2022-09-01,22,BIGBASN_6_N001,BIGBASN_6_N001,BIGBASN_6_N001,RTPD,MCC,LMP_CONG_PRC,BIGBASN_6_N001,ALL,1,0,1,2
2022-09-02T05:00:00-00:00,2022-09-02T05:15:00-00:00,2022-09-01,23,BIGBASN_6_N001,BIGBASN_6_N001,BIGBASN_6_N001,RTPD,MCC,LMP_CONG_PRC,BIGBASN_6_N001,ALL,1,0,1,2
2022-09-02T06:00:00-00:00,2022-09-02T06:15:00-00:00,2022-09-01,24,BIGBASN_6_N001,BIGBASN_6_N001,BIGBASN_6_N001,RTPD,MCC,LMP_CONG_PRC,BIGBASN_6_N001,ALL,1,0,1,2
2022-09-01T07:15:00-00:00,2022-09-01T07:30:00-00:00,2022-09-01,01,BIGBASN_6_N001,BIGBASN_6_N001,BIGBASN_6_N001,RTPD,MCC,LMP_CONG_PRC,BIGBASN_6_N001,ALL,1,-10.22746,2,2
2022-09-01T08:15:00-00:00,2022-09-01T08:30:00-00:00,2022-09-01,02,BIGBASN_6_N001,BIGBASN_6_N001,BIGBASN_6_N001,RTPD,MCC,LMP_CONG_PRC,BIGBASN_6_N001,ALL,1,-0.93404,2,2
2022-09-01T09:15:00-00:00,2022-09-01T09:30:00-00:00,2022-09-01,03,BIGBASN_6_N001,BIGBASN_6_N001,BIGBASN_6_N001,RTPD,MCC,LMP_CONG_PRC,BIGBASN_6_N001,ALL,1,-6.02646,2,2
2022-09-01T10:15:00-00:00,2022-09-01T10:30:00-00:00,2022-09-01,04,BIGBASN_6_N001,BIGBASN_6_N001,BIGBASN_6_N001,RTPD,MCC,LMP_CONG_PRC,BIGBASN_6_N001,ALL,1,-5.62424,2,2
2022-09-01T11:15:00-00:00,2022-09-01T11:30:00-00:00,2022-09-01,05,BIGBASN_6_N001,BIGBASN_6_N001,BIGBASN_6_N001,RTPD,MCC,LMP_CONG_PRC,BIGBASN_6_N001,ALL,1,0,2,2
2022-09-01T12:15:00-00:00,2022-09-01T12:30:00-00:00,2022-09-01,06,BIGBASN_6_N001,BIGBASN_6_N001,BIGBASN_6_N001,RTPD,MCC,LMP_CONG_PRC,BIGBASN_6_N001,ALL,1,-6.2283,2,2
2022-09-01T13:15:00-00:00,2022-09-01T13:30:00-00:00,2022-09-01,07,BIGBASN_6_N001,BIGBASN_6_N001,BIGBASN_6_N001,RTPD,MCC,LMP_CONG_PRC,BIGBASN_6_N001,ALL,1,-0.57859,2,2
2022-09-01T14:15:00-00:00,2022-09-01T14:30:00-00:00,2022-09-01,08,BIGBASN_6_N001,BIGBASN_6_N001,BIGBASN_6_N001,RTPD,MCC,LMP_CONG_PRC,BIGBASN_6_N001,ALL,1,0,2,2
2022-09-01T15:15:00-00:00,2022-09-01T15:30:00-00:00,2022-09-01,09,BIGBASN_6_N001,BIGBASN_6_N001,BIGBASN_6_N001,RTPD,MCC,LMP_CONG_PRC,BIGBASN_6_N001,ALL,1,0,2,2
2022-09-01T16:15:00-00:00,2022-09-01T16:30:00-00:00,2022-09-01,10,BIGBASN_6_N001,BIGBASN_6_N001,BIGBASN_6_N001,RTPD,MCC,LMP_CONG_PRC,BIGBASN_6_N001,ALL,1,-1.67493,2,2
2022-09-01T17:15:00-00:00,2022-09-01T17:30:00-00:00,2022-09-01,11,BIGBASN_6_N001,BIGBASN_6_N001,BIGBASN_6_N001,RTPD,MCC,LMP_CONG_PRC,BIGBASN_6_N001,ALL,1,-20.81658,2,2
2022-09-01T18:15:00-00:00,2022-09-01T18:30:00-00:00,2022-09-01,12,BIGBASN_6_N001,BIGBASN_6_N001,BIGBASN_6_N001,RTPD,MCC,LMP_CONG_PRC,BIGBASN_6_N001,ALL,1,-27.01188,2,2
2022-09-01T19:15:00-00:00,2022-09-01T19:30:00-00:00,2022-09-01,13,BIGBASN_6_N001,BIGBASN_6_N001,BIGBASN_6_N001,RTPD,MCC,LMP_CONG_PRC,BIGBASN_6_N001,ALL,1,-30.14683,2,2
2022-09-01T20:15:00-00:00,2022-09-01T20:30:00-00:00,2022-09-01,14,BIGBASN_6_N001,BIGBASN_6_N001,BIGBASN_6_N001,RTPD,MCC,LMP_CONG_PRC,BIGBASN_6_N001,ALL,1,-3.2413,2,2
2022-09-01T21:15:00-00:00,2022-09-01T21:30:00-00:00,2022-09-01,15,BIGBASN_6_N001,BIGBASN_6_N001,BIGBASN_6_N001,RTPD,MCC,LMP_CONG_PRC,BIGBASN_6_N001,ALL,1,-27.38744,2,2
2022-09-01T22:15:00-00:00,2022-09-01T22:30:00-00:00,2022-09-01,16,BIGBASN_6_N001,BIGBASN_6_N001,BIGBASN_6_N001,RTPD,MCC,LMP_CONG_PRC,BIGBASN_6_N001,ALL,1,-120.39702,2,2
2022-09-01T23:15:00-00:00,2022-09-01T23:30:00-00:00,2022-09-01,17,BIGBASN_6_N001,BIGBASN_6_N001,BIGBASN_6_N001,RTPD,MCC,LMP_CONG_PRC,BIGBASN_6_N001,ALL,1,-100.47057,2,2
2022-09-02T00:15:00-00:00,2022-09-02T00:30:00-00:00,2022-09-01,18,BIGBASN_6_N001,BIGBASN_6_N001,BIGBASN_6_N001,RTPD,MCC,LMP_CONG_PRC,BIGBASN_6_N001,ALL,1,331.7491,2,2
2022-09-02T01:15:00-00:00,2022-09-02T01:30:00-00:00,2022-09-01,19,BIGBASN_6_N001,BIGBASN_6_N001,BIGBASN_6_N001,RTPD,MCC,LMP_CONG_PRC,BIGBASN_6_N001,ALL,1,0,2,2
2022-09-02T02:15:00-00:00,2022-09-02T02:30:00-00:00,2022-09-01,20,BIGBASN_6_N001,BIGBASN_6_N001,BIGBASN_6_N001,RTPD,MCC,LMP_CONG_PRC,BIGBASN_6_N001,ALL,1,0,2,2
2022-09-02T03:15:00-00:00,2022-09-02T03:30:00-00:00,2022-09-01,21,BIGBASN_6_N001,BIGBASN_6_N001,BIGBASN_6_N001,RTPD,MCC,LMP_CONG_PRC,BIGBASN_6_N001,ALL,1,146.18253,2,2
2022-09-02T04:15:00-00:00,2022-09-02T04:30:00-00:00,2022-09-01,22,BIGBASN_6_N001,BIGBASN_6_N001,BIGBASN_6_N001,RTPD,MCC,LMP_CONG_PRC,BIGBASN_6_N001,ALL,1,0,2,2
2022-09-02T05:15:00-00:00,2022-09-02T05:30:00-00:00,2022-09-01,23,BIGBASN_6_N001,BIGBASN_6_N001,BIGBASN_6_N001,RTPD,MCC,LMP_CONG_PRC,BIGBASN_6_N001,ALL,1,0,2,2
2022-09-02T06:15:00-00:00,2022-09-02T06:30:00-00:00,2022-09-01,24,BIGBASN_6_N001,BIGBASN_6_N001,BIGBASN_6_N001,RTPD,MCC,LMP_CONG_PRC,BIGBASN_6_N001,ALL,1,0,2,2
2022-09-01T07:30:00-00:00,2022-09-01T07:45:00-00:00,2022-09-01,01,BIGBASN_6_N001,BIGBASN_6_N001,BIGBASN_6_N001,RTPD,MCC,LMP_CONG_PRC,BIGBASN_6_N001,ALL,1,-16.5712,3,2
2022-09-01T08:30:00-00:00,2022-09-01T08:45:00-00:00,2022-09-01,02,BIGBASN_6_N001,BIGBASN_6_N001,BIGBASN_6_N001,RTPD,MCC,LMP_CONG_PRC,BIGBASN_6_N001,ALL,1,-0.00088,3,2
2022-09-01T09:30:00-00:00,2022-09-01T09:45:00-00:00,2022-09-01,03,BIGBASN_6_N001,BIGBASN_6_N001,BIGBASN_6_N001,RTPD,MCC,LMP_CONG_PRC,BIGBASN_6_N001,ALL,1,-5.97237,3,2
2022-09-01T10:30:00-00:00,2022-09-01T10:45:00-00:00,2022-09-01,04,BIGBASN_6_N001,BIGBASN_6_N001,BIGBASN_6_N001,RTPD,MCC,LMP_CONG_PRC,BIGBASN_6_N001,ALL,1,-3.18009,3,2
2022-09-01T11:30:00-00:00,2022-09-01T11:45:00-00:00,2022-09-01,05,BIGBASN_6_N001,BIGBASN_6_N001,BIGBASN_6_N001,RTPD,MCC,LMP_CONG_PRC,BIGBASN_6_N001,ALL,1,0,3,2
2022-09-01T12:30:00-00:00,2022-09-01T12:45:00-00:00,2022-09-01,06,BIGBASN_6_N001,BIGBASN_6_N001,BIGBASN_6_N001,RTPD,MCC,LMP_CONG_PRC,BIGBASN_6_N001,ALL,1,-10.78411,3,2
2022-09-01T13:30:00-00:00,2022-09-01T13:45:00-00:00,2022-09-01,07,BIGBASN_6_N001,BIGBASN_6_N001,BIGBASN_6_N001,RTPD,MCC,LMP_CONG_PRC,BIGBASN_6_N001,ALL,1,0,3,2
2022-09-01T14:30:00-00:00,2022-09-01T14:45:00-00:00,2022-09-01,08,BIGBASN_6_N001,BIGBASN_6_N001,BIGBASN_6_N001,RTPD,MCC,LMP_CONG_PRC,BIGBASN_6_N001,ALL,1,0,3,2
2022-09-01T15:30:00-00:00,2022-09-01T15:45:00-00:00,2022-09-01,09,BIGBASN_6_N001,BIGBASN_6_N001,BIGBASN_6_N001,RTPD,MCC,LMP_CONG_PRC,BIGBASN_6_N001,ALL,1,0,3,2
2022-09-01T16:30:00-00:00,2022-09-01T16:45:00-00:00,2022-09-01,10,BIGBASN_6_N001,BIGBASN_6_N001,BIGBASN_6_N001,RTPD,MCC,LMP_CONG_PRC,BIGBASN_6_N001,ALL,1,-14.02275,3,2
2022-09-01T17:30:00-00:00,2022-09-01T17:45:00-00:00,2022-09-01,11,BIGBASN_6_N001,BIGBASN_6_N001,BIGBASN_6_N001,RTPD,MCC,LMP_CONG_PRC,BIGBASN_6_N001,ALL,1,-20.89054,3,2
2022-09-01T18:30:00-00:00,2022-09-01T18:45:00-00:00,2022-09-01,12,BIGBASN_6_N001,BIGBASN_6_N001,BIGBASN_6_N001,RTPD,MCC,LMP_CONG_PRC,BIGBASN_6_N001,ALL,1,-28.16531,3,2
2022-09-01T19:30:00-00:00,2022-09-01T19:45:00-00:00,2022-09-01,13,BIGBASN_6_N001,BIGBASN_6_N001,BIGBASN_6_N001,RTPD,MCC,LMP_CONG_PRC,BIGBASN_6_N001,ALL,1,-12.96889,3,2
2022-09-01T20:30:00-00:00,2022-09-01T20:45:00-00:00,2022-09-01,14,BIGBASN_6_N001,BIGBASN_6_N001,BIGBASN_6_N001,RTPD,MCC,LMP_CONG_PRC,BIGBASN_6_N001,ALL,1,-13.07802,3,2
2022-09-01T21:30:00-00:00,2022-09-01T21:45:00-00:00,2022-09-01,15,BIGBASN_6_N001,BIGBASN_6_N001,BIGBASN_6_N001,RTPD,MCC,LMP_CONG_PRC,BIGBASN_6_N001,ALL,1,-25.1594,3,2
2022-09-01T22:30:00-00:00,2022-09-01T22:45:00-00:00,2022-09-01,16,BIGBASN_6_N001,BIGBASN_6_N001,BIGBASN_6_N001,RTPD,MCC,LMP_CONG_PRC,BIGBASN_6_N001,ALL,1,-129.4565,3,2
2022-09-01T23:30:00-00:00,2022-09-01T23:45:00-00:00,2022-09-01,17,BIGBASN_6_N001,BIGBASN_6_N001,BIGBASN_6_N001,RTPD,MCC,LMP_CONG_PRC,BIGBASN_6_N001,ALL,1,0,3,2
2022-09-02T00:30:00-00:00,2022-09-02T00:45:00-00:00,2022-09-01,18,BIGBASN_6_N001,BIGBASN_6_N001,BIGBASN_6_N001,RTPD,MCC,LMP_CONG_PRC,BIGBASN_6_N001,ALL,1,467.89117,3,2
2022-09-02T01:30:00-00:00,2022-09-02T01:45:00-00:00,2022-09-01,19,BIGBASN_6_N001,BIGBASN_6_N001,BIGBASN_6_N001,RTPD,MCC,LMP_CONG_PRC,BIGBASN_6_N001,ALL,1,0,3,2
2022-09-02T02:30:00-00:00,2022-09-02T02:45:00-00:00,2022-09-01,20,BIGBASN_6_N001,BIGBASN_6_N001,BIGBASN_6_N001,RTPD,MCC,LMP_CONG_PRC,BIGBASN_6_N001,ALL,1,0,3,2
2022-09-02T03:30:00-00:00,2022-09-02T03:45:00-00:00,2022-09-01,21,BIGBASN_6_N001,BIGBASN_6_N001,BIGBASN_6_N001,RTPD,MCC,LMP_CONG_PRC,BIGBASN_6_N001,ALL,1,32.88363,3,2
2022-09-02T04:30:00-00:00,2022-09-02T04:45:00-00:00,2022-09-01,22,BIGBASN_6_N001,BIGBASN_6_N001,BIGBASN_6_N001,RTPD,MCC,LMP_CONG_PRC,BIGBASN_6_N001,ALL,1,0,3,2
2022-09-02T05:30:00-00:00,2022-09-02T05:45:00-00:00,2022-09-01,23,BIGBASN_6_N001,BIGBASN_6_N001,BIGBASN_6_N001,RTPD,MCC,LMP_CONG_PRC,BIGBASN_6_N001,ALL,1,0,3,2
2022-09-02T06:30:00-00:00,2022-09-02T06:45:00-00:00,2022-09-01,24,BIGBASN_6_N001,BIGBASN_6_N001,BIGBASN_6_N001,RTPD,MCC,LMP_CONG_PRC,BIGBASN_6_N001,ALL,1,0,3,2
2022-09-01T07:45:00-00:00,2022-09-01T08:00:00-00:00,2022-09-01,01,BIGBASN_6_N001,BIGBASN_6_N001,BIGBASN_6_N001,RTPD,MCC,LMP_CONG_PRC,BIGBASN_6_N001,ALL,1,-18.85646,4,2
2022-09-01T08:45:00-00:00,2022-09-01T09:00:00-00:00,2022-09-01,02,BIGBASN_6_N001,BIGBASN_6_N001,BIGBASN_6_N001,RTPD,MCC,LMP_CONG_PRC,BIGBASN_6_N001,ALL,1,-4.61327,4,2
2022-09-01T09:45:00-00:00,2022-09-01T10:00:00-00:00,2022-09-01,03,BIGBASN_6_N001,BIGBASN_6_N001,BIGBASN_6_N001,RTPD,MCC,LMP_CONG_PRC,BIGBASN_6_N001,ALL,1,-5.32973,4,2
2022-09-01T10:45:00-00:00,2022-09-01T11:00:00-00:00,2022-09-01,04,BIGBASN_6_N001,BIGBASN_6_N001,BIGBASN_6_N001,RTPD,MCC,LMP_CONG_PRC,BIGBASN_6_N001,ALL,1,-1.24934,4,2
2022-09-01T11:45:00-00:00,2022-09-01T12:00:00-00:00,2022-09-01,05,BIGBASN_6_N001,BIGBASN_6_N001,BIGBASN_6_N001,RTPD,MCC,LMP_CONG_PRC,BIGBASN_6_N001,ALL,1,0,4,2
2022-09-01T12:45:00-00:00,2022-09-01T13:00:00-00:00,2022-09-01,06,BIGBASN_6_N001,BIGBASN_6_N001,BIGBASN_6_N001,RTPD,MCC,LMP_CONG_PRC,BIGBASN_6_N001,ALL,1,-2.40119,4,2
2022-09-01T13:45:00-00:00,2022-09-01T14:00:00-00:00,2022-09-01,07,BIGBASN_6_N001,BIGBASN_6_N001,BIGBASN_6_N001,RTPD,MCC,LMP_CONG_PRC,BIGBASN_6_N001,ALL,1,0,4,2
2022-09-01T14:45:00-00:00,2022-09-01T15:00:00-00:00,2022-09-01,08,BIGBASN_6_N001,BIGBASN_6_N001,BIGBASN_6_N001,RTPD,MCC,LMP_CONG_PRC,BIGBASN_6_N001,ALL,1,0,4,2
2022-09-01T15:45:00-00:00,2022-09-01T16:00:00-00:00,2022-09-01,09,BIGBASN_6_N001,BIGBASN_6_N001,BIGBASN_6_N001,RTPD,MCC,LMP_CONG_PRC,BIGBASN_6_N001,ALL,1,0,4,2
2022-09-01T16:45:00-00:00,2022-09-01T17:00:00-00:00,2022-09-01,10,BIGBASN_6_N001,BIGBASN_6_N001,BIGBASN_6_N001,RTPD,MCC,LMP_CONG_PRC,BIGBASN_6_N001,ALL,1,-12.62862,4,2
2022-09-01T17:45:00-00:00,2022-09-01T18:00:00-00:00,2022-09-01,11,BIGBASN_6_N001,BIGBASN_6_N001,BIGBASN_6_N001,RTPD,MCC,LMP_CONG_PRC,BIGBASN_6_N001,ALL,1,-20.56892,4,2
2022-09-01T18:45:00-00:00,2022-09-01T19:00:00-00:00,2022-09-01,12,BIGBASN_6_N001,BIGBASN_6_N001,BIGBASN_6_N001,RTPD,MCC,LMP_CONG_PRC,BIGBASN_6_N001,ALL,1,-28.0575,4,2
2022-09-01T19:45:00-00:00,2022-09-01T20:00:00-00:00,2022-09-01,13,BIGBASN_6_N001,BIGBASN_6_N001,BIGBASN_6_N001,RTPD,MCC,LMP_CONG_PRC,BIGBASN_6_N001,ALL,1,-13.9987,4,2
2022-09-01T20:45:00-00:00,2022-09-01T21:00:00-00:00,2022-09-01,14,BIGBASN_6_N001,BIGBASN_6_N001,BIGBASN_6_N001,RTPD,MCC,LMP_CONG_PRC,BIGBASN_6_N001,ALL,1,-28.96483,4,2
2022-09-01T21:45:00-00:00,2022-09-01T22:00:00-00:00,2022-09-01,15,BIGBASN_6_N001,BIGBASN_6_N001,BIGBASN_6_N001,RTPD,MCC,LMP_CONG_PRC,BIGBASN_6_N001,ALL,1,-91.75987,4,2
2022-09-01T22:45:00-00:00,2022-09-01T23:00:00-00:00,2022-09-01,16,BIGBASN_6_N001,BIGBASN_6_N001,BIGBASN_6_N001,RTPD,MCC,LMP_CONG_PRC,BIGBASN_6_N001,ALL,1,-262.9357,4,2
2022-09-01T23:45:00-00:00,2022-09-02T00:00:00-00:00,2022-09-01,17,BIGBASN_6_N001,BIGBASN_6_N001,BIGBASN_6_N001,RTPD,MCC,LMP_CONG_PRC,BIGBASN_6_N001,ALL,1,407.5573,4,2
2022-09-02T00:45:00-00:00,2022-09-02T01:00:00-00:00,2022-09-01,18,BIGBASN_6_N001,BIGBASN_6_N001,BIGBASN_6_N001,RTPD,MCC,LMP_CONG_PRC,BIGBASN_6_N001,ALL,1,301.78174,4,2
2022-09-02T01:45:00-00:00,2022-09-02T02:00:00-00:00,2022-09-01,19,BIGBASN_6_N001,BIGBASN_6_N001,BIGBASN_6_N001,RTPD,MCC,LMP_CONG_PRC,BIGBASN_6_N001,ALL,1,0,4,2
2022-09-02T02:45:00-00:00,2022-09-02T03:00:00-00:00,2022-09-01,20,BIGBASN_6_N001,BIGBASN_6_N001,BIGBASN_6_N001,RTPD,MCC,LMP_CONG_PRC,BIGBASN_6_N001,ALL,1,133.57716,4,2
2022-09-02T03:45:00-00:00,2022-09-02T04:00:00-00:00,2022-09-01,21,BIGBASN_6_N001,BIGBASN_6_N001,BIGBASN_6_N001,RTPD,MCC,LMP_CONG_PRC,BIGBASN_6_N001,ALL,1,19.15153,4,2
2022-09-02T04:45:00-00:00,2022-09-02T05:00:00-00:00,2022-09-01,22,BIGBASN_6_N001,BIGBASN_6_N001,BIGBASN_6_N001,RTPD,MCC,LMP_CONG_PRC,BIGBASN_6_N001,ALL,1,0,4,2
2022-09-02T05:45:00-00:00,2022-09-02T06:00:00-00:00,2022-09-01,23,BIGBASN_6_N001,BIGBASN_6_N001,BIGBASN_6_N001,RTPD,MCC,LMP_CONG_PRC,BIGBASN_6_N001,ALL,1,-4.24368,4,2
2022-09-02T06:45:00-00:00,2022-09-02T07:00:00-00:00,2022-09-01,24,BIGBASN_6_N001,BIGBASN_6_N001,BIGBASN_6_N001,RTPD,MCC,LMP_CONG_PRC,BIGBASN_6_N001,ALL,1,0,4,2
2022-09-01T07:00:00-00:00,2022-09-01T07:15:00-00:00,2022-09-01,01,BIGBASN_6_N001,BIGBASN_6_N001,BIGBASN_6_N001,RTPD,MCE,LMP_ENE_PRC,BIGBASN_6_N001,ALL,1,104.23471,1,3
2022-09-01T08:00:00-00:00,2022-09-01T08:15:00-00:00,2022-09-01,02,BIGBASN_6_N001,BIGBASN_6_N001,BIGBASN_6_N001,RTPD,MCE,LMP_ENE_PRC,BIGBASN_6_N001,ALL,1,115.5488,1,3
2022-09-01T09:00:00-00:00,2022-09-01T09:15:00-00:00,2022-09-01,03,BIGBASN_6_N001,BIGBASN_6_N001,BIGBASN_6_N001,RTPD,MCE,LMP_ENE_PRC,BIGBASN_6_N001,ALL,1,99.73061,1,3
2022-09-01T10:00:00-00:00,2022-09-01T10:15:00-00:00,2022-09-01,04,BIGBASN_6_N001,BIGBASN_6_N001,BIGBASN_6_N001,RTPD,MCE,LMP_ENE_PRC,BIGBASN_6_N001,ALL,1,98.64222,1,3
2022-09-01T11:00:00-00:00,2022-09-01T11:15:00-00:00,2022-09-01,05,BIGBASN_6_N001,BIGBASN_6_N001,BIGBASN_6_N001,RTPD,MCE,LMP_ENE_PRC,BIGBASN_6_N001,ALL,1,102.56859,1,3
2022-09-01T12:00:00-00:00,2022-09-01T12:15:00-00:00,2022-09-01,06,BIGBASN_6_N001,BIGBASN_6_N001,BIGBASN_6_N001,RTPD,MCE,LMP_ENE_PRC,BIGBASN_6_N001,ALL,1,96.90845,1,3
2022-09-01T13:00:00-00:00,2022-09-01T13:15:00-00:00,2022-09-01,07,BIGBASN_6_N001,BIGBASN_6_N001,BIGBASN_6_N001,RTPD,MCE,LMP_ENE_PRC,BIGBASN_6_N001,ALL,1,101.80878,1,3
2022-09-01T14:00:00-00:00,2022-09-01T14:15:00-00:00,2022-09-01,08,BIGBASN_6_N001,BIGBASN_6_N001,BIGBASN_6_N001,RTPD,MCE,LMP_ENE_PRC,BIGBASN_6_N001,ALL,1,111.11219,1,3
2022-09-01T15:00:00-00:00,2022-09-01T15:15:00-00:00,2022-09-01,09,BIGBASN_6_N001,BIGBASN_6_N001,BIGBASN_6_N001,RTPD,MCE,LMP_ENE_PRC,BIGBASN_6_N001,ALL,1,97.4112,1,3
2022-09-01T16:00:00-00:00,2022-09-01T16:15:00-00:00,2022-09-01,10,BIGBASN_6_N001,BIGBASN_6_N001,BIGBASN_6_N001,RTPD,MCE,LMP_ENE_PRC,BIGBASN_6_N001,ALL,1,83.43525,1,3
2022-09-01T17:00:00-00:00,2022-09-01T17:15:00-00:00,2022-09-01,11,BIGBASN_6_N001,BIGBASN_6_N001,BIGBASN_6_N001,RTPD,MCE,LMP_ENE_PRC,BIGBASN_6_N001,ALL,1,96.94897,1,3
2022-09-01T18:00:00-00:00,2022-09-01T18:15:00-00:00,2022-09-01,12,BIGBASN_6_N001,BIGBASN_6_N001,BIGBASN_6_N001,RTPD,MCE,LMP_ENE_PRC,BIGBASN_6_N001,ALL,1,91.59291,1,3
2022-09-01T19:00:00-00:00,2022-09-01T19:15:00-00:00,2022-09-01,13,BIGBASN_6_N001,BIGBASN_6_N001,BIGBASN_6_N001,RTPD,MCE,LMP_ENE_PRC,BIGBASN_6_N001,ALL,1,109.19637,1,3
2022-09-01T20:00:00-00:00,2022-09-01T20:15:00-00:00,2022-09-01,14,BIGBASN_6_N001,BIGBASN_6_N001,BIGBASN_6_N001,RTPD,MCE,LMP_ENE_PRC,BIGBASN_6_N001,ALL,1,117.94359,1,3
2022-09-01T21:00:00-00:00,2022-09-01T21:15:00-00:00,2022-09-01,15,BIGBASN_6_N001,BIGBASN_6_N001,BIGBASN_6_N001,RTPD,MCE,LMP_ENE_PRC,BIGBASN_6_N001,ALL,1,226.61499,1,3
2022-09-01T22:00:00-00:00,2022-09-01T22:15:00-00:00,2022-09-01,16,BIGBASN_6_N001,BIGBASN_6_N001,BIGBASN_6_N001,RTPD,MCE,LMP_ENE_PRC,BIGBASN_6_N001,ALL,1,229.18552,1,3
2022-09-01T23:00:00-00:00,2022-09-01T23:15:00-00:00,2022-09-01,17,BIGBASN_6_N001,BIGBASN_6_N001,BIGBASN_6_N001,RTPD,MCE,LMP_ENE_PRC,BIGBASN_6_N001,ALL,1,386.7537,1,3
2022-09-02T00:00:00-00:00,2022-09-02T00:15:00-00:00,2022-09-01,18,BIGBASN_6_N001,BIGBASN_6_N001,BIGBASN_6_N001,RTPD,MCE,LMP_ENE_PRC,BIGBASN_6_N001,ALL,1,770.58136,1,3
2022-09-02T01:00:00-00:00,2022-09-02T01:15:00-00:00,2022-09-01,19,BIGBASN_6_N001,BIGBASN_6_N001,BIGBASN_6_N001,RTPD,MCE,LMP_ENE_PRC,BIGBASN_6_N001,ALL,1,916.27124,1,3
2022-09-02T02:00:00-00:00,2022-09-02T02:15:00-00:00,2022-09-01,20,BIGBASN_6_N001,BIGBASN_6_N001,BIGBASN_6_N001,RTPD,MCE,LMP_ENE_PRC,BIGBASN_6_N001,ALL,1,1991.6721,1,3
2022-09-02T03:00:00-00:00,2022-09-02T03:15:00-00:00,2022-09-01,21,BIGBASN_6_N001,BIGBASN_6_N001,BIGBASN_6_N001,RTPD,MCE,LMP_ENE_PRC,BIGBASN_6_N001,ALL,1,917.5508,1,3
2022-09-02T04:00:00-00:00,2022-09-02T04:15:00-00:00,2022-09-01,22,BIGBASN_6_N001,BIGBASN_6_N001,BIGBASN_6_N001,RTPD,MCE,LMP_ENE_PRC,BIGBASN_6_N001,ALL,1,257.83005,1,3
2022-09-02T05:00:00-00:00,2022-09-02T05:15:00-00:00,2022-09-01,23,BIGBASN_6_N001,BIGBASN_6_N001,BIGBASN_6_N001,RTPD,MCE,LMP_ENE_PRC,BIGBASN_6_N001,ALL,1,183.24657,1,3
2022-09-02T06:00:00-00:00,2022-09-02T06:15:00-00:00,2022-09-01,24,BIGBASN_6_N001,BIGBASN_6_N001,BIGBASN_6_N001,RTPD,MCE,LMP_ENE_PRC,BIGBASN_6_N001,ALL,1,158.867,1,3
2022-09-01T07:15:00-00:00,2022-09-01T07:30:00-00:00,2022-09-01,01,BIGBASN_6_N001,BIGBASN_6_N001,BIGBASN_6_N001,RTPD,MCE,LMP_ENE_PRC,BIGBASN_6_N001,ALL,1,125.55144,2,3
2022-09-01T08:15:00-00:00,2022-09-01T08:30:00-00:00,2022-09-01,02,BIGBASN_6_N001,BIGBASN_6_N001,BIGBASN_6_N001,RTPD,MCE,LMP_ENE_PRC,BIGBASN_6_N001,ALL,1,115.53165,2,3
2022-09-01T09:15:00-00:00,2022-09-01T09:30:00-00:00,2022-09-01,03,BIGBASN_6_N001,BIGBASN_6_N001,BIGBASN_6_N001,RTPD,MCE,LMP_ENE_PRC,BIGBASN_6_N001,ALL,1,98.30543,2,3
2022-09-01T10:15:00-00:00,2022-09-01T10:30:00-00:00,2022-09-01,04,BIGBASN_6_N001,BIGBASN_6_N001,BIGBASN_6_N001,RTPD,MCE,LMP_ENE_PRC,BIGBASN_6_N001,ALL,1,97.00684,2,3
2022-09-01T11:15:00-00:00,2022-09-01T11:30:00-00:00,2022-09-01,05,BIGBASN_6_N001,BIGBASN_6_N001,BIGBASN_6_N001,RTPD,MCE,LMP_ENE_PRC,BIGBASN_6_N001,ALL,1,103.09059,2,3
2022-09-01T12:15:00-00:00,2022-09-01T12:30:00-00:00,2022-09-01,06,BIGBASN_6_N001,BIGBASN_6_N001,BIGBASN_6_N001,RTPD,MCE,LMP_ENE_PRC,BIGBASN_6_N001,ALL,1,109.32203,2,3
2022-09-01T13:15:00-00:00,2022-09-01T13:30:00-00:00,2022-09-01,07,BIGBASN_6_N001,BIGBASN_6_N001,BIGBASN_6_N001,RTPD,MCE,LMP_ENE_PRC,BIGBASN_6_N001,ALL,1,110.97827,2,3
2022-09-01T14:15:00-00:00,2022-09-01T14:30:00-00:00,2022-09-01,08,BIGBASN_6_N001,BIGBASN_6_N001,BIGBASN_6_N001,RTPD,MCE,LMP_ENE_PRC,BIGBASN_6_N001,ALL,1,104.78743,2,3
2022-09-01T15:15:00-00:00,2022-09-01T15:30:00-00:00,2022-09-01,09,BIGBASN_6_N001,BIGBASN_6_N001,BIGBASN_6_N001,RTPD,MCE,LMP_ENE_PRC,BIGBASN_6_N001,ALL,1,86.9388,2,3
2022-09-01T16:15:00-00:00,2022-09-01T16:30:00-00:00,2022-09-01,10,BIGBASN_6_N001,BIGBASN_6_N001,BIGBASN_6_N001,RTPD,MCE,LMP_ENE_PRC,BIGBASN_6_N001,ALL,1,89.44858,2,3
2022-09-01T17:15:00-00:00,2022-09-01T17:30:00-00:00,2022-09-01,11,BIGBASN_6_N001,BIGBASN_6_N001,BIGBASN_6_N001,RTPD,MCE,LMP_ENE_PRC,BIGBASN_6_N001,ALL,1,99.34673,2,3
2022-09-01T18:15:00-00:00,2022-09-01T18:30:00-00:00,2022-09-01,12,BIGBASN_6_N001,BIGBASN_6_N001,BIGBASN_6_N001,RTPD,MCE,LMP_ENE_PRC,BIGBASN_6_N001,ALL,1,101.15901,2,3
2022-09-01T19:15:00-00:00,2022-09-01T19:30:00-00:00,2022-09-01,13,BIGBASN_6_N001,BIGBASN_6_N001,BIGBASN_6_N001,RTPD,MCE,LMP_ENE_PRC,BIGBASN_6_N001,ALL,1,105.30588,2,3
2022-09-01T20:15:00-00:00,2022-09-01T20:30:00-00:00,2022-09-01,14,BIGBASN_6_N001,BIGBASN_6_N001,BIGBASN_6_N001,RTPD,MCE,LMP_ENE_PRC,BIGBASN_6_N001,ALL,1,117.49421,2,3
2022-09-01T21:15:00-00:00,2022-09-01T21:30:00-00:00,2022-09-01,15,BIGBASN_6_N001,BIGBASN_6_N001,BIGBASN_6_N001,RTPD,MCE,LMP_ENE_PRC,BIGBASN_6_N001,ALL,1,147.21185,2,3
2022-09-01T22:15:00-00:00,2022-09-01T22:30:00-00:00,2022-09-01,16,BIGBASN_6_N001,BIGBASN_6_N001,BIGBASN_6_N001,RTPD,MCE,LMP_ENE_PRC,BIGBASN_6_N001,ALL,1,256.58734,2,3
2022-09-01T23:15:00-00:00,2022-09-01T23:30:00-00:00,2022-09-01,17,BIGBASN_6_N001,BIGBASN_6_N001,BIGBASN_6_N001,RTPD,MCE,LMP_ENE_PRC,BIGBASN_6_N001,ALL,1,362.12408,2,3
2022-09-02T00:15:00-00:00,2022-09-02T00:30:00-00:00,2022-09-01,18,BIGBASN_6_N001,BIGBASN_6_N001,BIGBASN_6_N001,RTPD,MCE,LMP_ENE_PRC,BIGBASN_6_N001,ALL,1,691.2182,2,3
2022-09-02T01:15:00-00:00,2022-09-02T01:30:00-00:00,2022-09-01,19,BIGBASN_6_N001,BIGBASN_6_N001,BIGBASN_6_N001,RTPD,MCE,LMP_ENE_PRC,BIGBASN_6_N001,ALL,1,1999.9933,2,3
2022-09-02T02:15:00-00:00,2022-09-02T02:30:00-00:00,2022-09-01,20,BIGBASN_6_N001,BIGBASN_6_N001,BIGBASN_6_N001,RTPD,MCE,LMP_ENE_PRC,BIGBASN_6_N001,ALL,1,1991.6721,2,3
2022-09-02T03:15:00-00:00,2022-09-02T03:30:00-00:00,2022-09-01,21,BIGBASN_6_N001,BIGBASN_6_N001,BIGBASN_6_N001,RTPD,MCE,LMP_ENE_PRC,BIGBASN_6_N001,ALL,1,400.52884,2,3
2022-09-02T04:15:00-00:00,2022-09-02T04:30:00-00:00,2022-09-01,22,BIGBASN_6_N001,BIGBASN_6_N001,BIGBASN_6_N001,RTPD,MCE,LMP_ENE_PRC,BIGBASN_6_N001,ALL,1,224.75041,2,3
2022-09-02T05:15:00-00:00,2022-09-02T05:30:00-00:00,2022-09-01,23,BIGBASN_6_N001,BIGBASN_6_N001,BIGBASN_6_N001,RTPD,MCE,LMP_ENE_PRC,BIGBASN_6_N001,ALL,1,157.11986,2,3
2022-09-02T06:15:00-00:00,2022-09-02T06:30:00-00:00,2022-09-01,24,BIGBASN_6_N001,BIGBASN_6_N001,BIGBASN_6_N001,RTPD,MCE,LMP_ENE_PRC,BIGBASN_6_N001,ALL,1,143.1005,2,3
2022-09-01T07:30:00-00:00,2022-09-01T07:45:00-00:00,2022-09-01,01,BIGBASN_6_N001,BIGBASN_6_N001,BIGBASN_6_N001,RTPD,MCE,LMP_ENE_PRC,BIGBASN_6_N001,ALL,1,119.03196,3,3
2022-09-01T08:30:00-00:00,2022-09-01T08:45:00-00:00,2022-09-01,02,BIGBASN_6_N001,BIGBASN_6_N001,BIGBASN_6_N001,RTPD,MCE,LMP_ENE_PRC,BIGBASN_6_N001,ALL,1,111.11241,3,3
2022-09-01T09:30:00-00:00,2022-09-01T09:45:00-00:00,2022-09-01,03,BIGBASN_6_N001,BIGBASN_6_N001,BIGBASN_6_N001,RTPD,MCE,LMP_ENE_PRC,BIGBASN_6_N001,ALL,1,98.16228,3,3
2022-09-01T10:30:00-00:00,2022-09-01T10:45:00-00:00,2022-09-01,04,BIGBASN_6_N001,BIGBASN_6_N001,BIGBASN_6_N001,RTPD,MCE,LMP_ENE_PRC,BIGBASN_6_N001,ALL,1,96.36226,3,3
2022-09-01T11:30:00-00:00,2022-09-01T11:45:00-00:00,2022-09-01,05,BIGBASN_6_N001,BIGBASN_6_N001,BIGBASN_6_N001,RTPD,MCE,LMP_ENE_PRC,BIGBASN_6_N001,ALL,1,103.06198,3,3
2022-09-01T12:30:00-00:00,2022-09-01T12:45:00-00:00,2022-09-01,06,BIGBASN_6_N001,BIGBASN_6_N001,BIGBASN_6_N001,RTPD,MCE,LMP_ENE_PRC,BIGBASN_6_N001,ALL,1,113.57403,3,3
2022-09-01T13:30:00-00:00,2022-09-01T13:45:00-00:00,2022-09-01,07,BIGBASN_6_N001,BIGBASN_6_N001,BIGBASN_6_N001,RTPD,MCE,LMP_ENE_PRC,BIGBASN_6_N001,ALL,1,111.52025,3,3
2022-09-01T14:30:00-00:00,2022-09-01T14:45:00-00:00,2022-09-01,08,BIGBASN_6_N001,BIGBASN_6_N001,BIGBASN_6_N001,RTPD,MCE,LMP_ENE_PRC,BIGBASN_6_N001,ALL,1,101.83428,3,3
2022-09-01T15:30:00-00:00,2022-09-01T15:45:00-00:00,2022-09-01,09,BIGBASN_6_N001,BIGBASN_6_N001,BIGBASN_6_N001,RTPD,MCE,LMP_ENE_PRC,BIGBASN_6_N001,ALL,1,86.1388,3,3
2022-09-01T16:30:00-00:00,2022-09-01T16:45:00-00:00,2022-09-01,10,BIGBASN_6_N001,BIGBASN_6_N001,BIGBASN_6_N001,RTPD,MCE,LMP_ENE_PRC,BIGBASN_6_N001,ALL,1,88.79644,3,3
2022-09-01T17:30:00-00:00,2022-09-01T17:45:00-00:00,2022-09-01,11,BIGBASN_6_N001,BIGBASN_6_N001,BIGBASN_6_N001,RTPD,MCE,LMP_ENE_PRC,BIGBASN_6_N001,ALL,1,99.13013,3,3
2022-09-01T18:30:00-00:00,2022-09-01T18:45:00-00:00,2022-09-01,12,BIGBASN_6_N001,BIGBASN_6_N001,BIGBASN_6_N001,RTPD,MCE,LMP_ENE_PRC,BIGBASN_6_N001,ALL,1,107.05718,3,3
2022-09-01T19:30:00-00:00,2022-09-01T19:45:00-00:00,2022-09-01,13,BIGBASN_6_N001,BIGBASN_6_N001,BIGBASN_6_N001,RTPD,MCE,LMP_ENE_PRC,BIGBASN_6_N001,ALL,1,114.05905,3,3
2022-09-01T20:30:00-00:00,2022-09-01T20:45:00-00:00,2022-09-01,14,BIGBASN_6_N001,BIGBASN_6_N001,BIGBASN_6_N001,RTPD,MCE,LMP_ENE_PRC,BIGBASN_6_N001,ALL,1,129.81606,3,3
2022-09-01T21:30:00-00:00,2022-09-01T21:45:00-00:00,2022-09-01,15,BIGBASN_6_N001,BIGBASN_6_N001,BIGBASN_6_N001,RTPD,MCE,LMP_ENE_PRC,BIGBASN_6_N001,ALL,1,152.93057,3,3
2022-09-01T22:30:00-00:00,2022-09-01T22:45:00-00:00,2022-09-01,16,BIGBASN_6_N001,BIGBASN_6_N001,BIGBASN_6_N001,RTPD,MCE,LMP_ENE_PRC,BIGBASN_6_N001,ALL,1,283.18182,3,3
2022-09-01T23:30:00-00:00,2022-09-01T23:45:00-00:00,2022-09-01,17,BIGBASN_6_N001,BIGBASN_6_N001,BIGBASN_6_N001,RTPD,MCE,LMP_ENE_PRC,BIGBASN_6_N001,ALL,1,566.48157,3,3
2022-09-02T00:30:00-00:00,2022-09-02T00:45:00-00:00,2022-09-01,18,BIGBASN_6_N001,BIGBASN_6_N001,BIGBASN_6_N001,RTPD,MCE,LMP_ENE_PRC,BIGBASN_6_N001,ALL,1,1329.1127,3,3
2022-09-02T01:30:00-00:00,2022-09-02T01:45:00-00:00,2022-09-01,19,BIGBASN_6_N001,BIGBASN_6_N001,BIGBASN_6_N001,RTPD,MCE,LMP_ENE_PRC,BIGBASN_6_N001,ALL,1,1999.9956,3,3
2022-09-02T02:30:00-00:00,2022-09-02T02:45:00-00:00,2022-09-01,20,BIGBASN_6_N001,BIGBASN_6_N001,BIGBASN_6_N001,RTPD,MCE,LMP_ENE_PRC,BIGBASN_6_N001,ALL,1,1991.671,3,3
2022-09-02T03:30:00-00:00,2022-09-02T03:45:00-00:00,2022-09-01,21,BIGBASN_6_N001,BIGBASN_6_N001,BIGBASN_6_N001,RTPD,MCE,LMP_ENE_PRC,BIGBASN_6_N001,ALL,1,186.61823,3,3
2022-09-02T04:30:00-00:00,2022-09-02T04:45:00-00:00,2022-09-01,22,BIGBASN_6_N001,BIGBASN_6_N001,BIGBASN_6_N001,RTPD,MCE,LMP_ENE_PRC,BIGBASN_6_N001,ALL,1,180.67824,3,3
2022-09-02T05:30:00-00:00,2022-09-02T05:45:00-00:00,2022-09-01,23,BIGBASN_6_N001,BIGBASN_6_N001,BIGBASN_6_N001,RTPD,MCE,LMP_ENE_PRC,BIGBASN_6_N001,ALL,1,131.69917,3,3
2022-09-02T06:30:00-00:00,2022-09-02T06:45:00-00:00,2022-09-01,24,BIGBASN_6_N001,BIGBASN_6_N001,BIGBASN_6_N001,RTPD,MCE,LMP_ENE_PRC,BIGBASN_6_N001,ALL,1,128.9871,3,3
2022-09-01T07:45:00-00:00,2022-09-01T08:00:00-00:00,2022-09-01,01,BIGBASN_6_N001,BIGBASN_6_N001,BIGBASN_6_N001,RTPD,MCE,LMP_ENE_PRC,BIGBASN_6_N001,ALL,1,109.12099,4,3
2022-09-01T08:45:00-00:00,2022-09-01T09:00:00-00:00,2022-09-01,02,BIGBASN_6_N001,BIGBASN_6_N001,BIGBASN_6_N001,RTPD,MCE,LMP_ENE_PRC,BIGBASN_6_N001,ALL,1,98.7357,4,3
2022-09-01T09:45:00-00:00,2022-09-01T10:00:00-00:00,2022-09-01,03,BIGBASN_6_N001,BIGBASN_6_N001,BIGBASN_6_N001,RTPD,MCE,LMP_ENE_PRC,BIGBASN_6_N001,ALL,1,97.50475,4,3
2022-09-01T10:45:00-00:00,2022-09-01T11:00:00-00:00,2022-09-01,04,BIGBASN_6_N001,BIGBASN_6_N001,BIGBASN_6_N001,RTPD,MCE,LMP_ENE_PRC,BIGBASN_6_N001,ALL,1,94.71966,4,3
2022-09-01T11:45:00-00:00,2022-09-01T12:00:00-00:00,2022-09-01,05,BIGBASN_6_N001,BIGBASN_6_N001,BIGBASN_6_N001,RTPD,MCE,LMP_ENE_PRC,BIGBASN_6_N001,ALL,1,107.01,4,3
2022-09-01T12:45:00-00:00,2022-09-01T13:00:00-00:00,2022-09-01,06,BIGBASN_6_N001,BIGBASN_6_N001,BIGBASN_6_N001,RTPD,MCE,LMP_ENE_PRC,BIGBASN_6_N001,ALL,1,116.4848,4,3
2022-09-01T13:45:00-00:00,2022-09-01T14:00:00-00:00,2022-09-01,07,BIGBASN_6_N001,BIGBASN_6_N001,BIGBASN_6_N001,RTPD,MCE,LMP_ENE_PRC,BIGBASN_6_N001,ALL,1,111.41,4,3
2022-09-01T14:45:00-00:00,2022-09-01T15:00:00-00:00,2022-09-01,08,BIGBASN_6_N001,BIGBASN_6_N001,BIGBASN_6_N001,RTPD,MCE,LMP_ENE_PRC,BIGBASN_6_N001,ALL,1,86.1388,4,3
2022-09-01T15:45:00-00:00,2022-09-01T16:00:00-00:00,2022-09-01,09,BIGBASN_6_N001,BIGBASN_6_N001,BIGBASN_6_N001,RTPD,MCE,LMP_ENE_PRC,BIGBASN_6_N001,ALL,1,78.70076,4,3
2022-09-01T16:45:00-00:00,2022-09-01T17:00:00-00:00,2022-09-01,10,BIGBASN_6_N001,BIGBASN_6_N001,BIGBASN_6_N001,RTPD,MCE,LMP_ENE_PRC,BIGBASN_6_N001,ALL,1,91.24933,4,3
2022-09-01T17:45:00-00:00,2022-09-01T18:00:00-00:00,2022-09-01,11,BIGBASN_6_N001,BIGBASN_6_N001,BIGBASN_6_N001,RTPD,MCE,LMP_ENE_PRC,BIGBASN_6_N001,ALL,1,99.20544,4,3
2022-09-01T18:45:00-00:00,2022-09-01T19:00:00-00:00,2022-09-01,12,BIGBASN_6_N001,BIGBASN_6_N001,BIGBASN_6_N001,RTPD,MCE,LMP_ENE_PRC,BIGBASN_6_N001,ALL,1,109.04064,4,3
2022-09-01T19:45:00-00:00,2022-09-01T20:00:00-00:00,2022-09-01,13,BIGBASN_6_N001,BIGBASN_6_N001,BIGBASN_6_N001,RTPD,MCE,LMP_ENE_PRC,BIGBASN_6_N001,ALL,1,120.22491,4,3
2022-09-01T20:45:00-00:00,2022-09-01T21:00:00-00:00,2022-09-01,14,BIGBASN_6_N001,BIGBASN_6_N001,BIGBASN_6_N001,RTPD,MCE,LMP_ENE_PRC,BIGBASN_6_N001,ALL,1,154.02509,4,3
2022-09-01T21:45:00-00:00,2022-09-01T22:00:00-00:00,2022-09-01,15,BIGBASN_6_N001,BIGBASN_6_N001,BIGBASN_6_N001,RTPD,MCE,LMP_ENE_PRC,BIGBASN_6_N001,ALL,1,300.29376,4,3
2022-09-01T22:45:00-00:00,2022-09-01T23:00:00-00:00,2022-09-01,16,BIGBASN_6_N001,BIGBASN_6_N001,BIGBASN_6_N001,RTPD,MCE,LMP_ENE_PRC,BIGBASN_6_N001,ALL,1,429.9137,4,3
2022-09-01T23:45:00-00:00,2022-09-02T00:00:00-00:00,2022-09-01,17,BIGBASN_6_N001,BIGBASN_6_N001,BIGBASN_6_N001,RTPD,MCE,LMP_ENE_PRC,BIGBASN_6_N001,ALL,1,1261.2124,4,3
2022-09-02T00:45:00-00:00,2022-09-02T01:00:00-00:00,2022-09-01,18,BIGBASN_6_N001,BIGBASN_6_N001,BIGBASN_6_N001,RTPD,MCE,LMP_ENE_PRC,BIGBASN_6_N001,ALL,1,1519.149,4,3
2022-09-02T01:45:00-00:00,2022-09-02T02:00:00-00:00,2022-09-01,19,BIGBASN_6_N001,BIGBASN_6_N001,BIGBASN_6_N001,RTPD,MCE,LMP_ENE_PRC,BIGBASN_6_N001,ALL,1,1991.9337,4,3
2022-09-02T02:45:00-00:00,2022-09-02T03:00:00-00:00,2022-09-01,20,BIGBASN_6_N001,BIGBASN_6_N001,BIGBASN_6_N001,RTPD,MCE,LMP_ENE_PRC,BIGBASN_6_N001,ALL,1,1629.6213,4,3
2022-09-02T03:45:00-00:00,2022-09-02T04:00:00-00:00,2022-09-01,21,BIGBASN_6_N001,BIGBASN_6_N001,BIGBASN_6_N001,RTPD,MCE,LMP_ENE_PRC,BIGBASN_6_N001,ALL,1,141.13702,4,3
2022-09-02T04:45:00-00:00,2022-09-02T05:00:00-00:00,2022-09-01,22,BIGBASN_6_N001,BIGBASN_6_N001,BIGBASN_6_N001,RTPD,MCE,LMP_ENE_PRC,BIGBASN_6_N001,ALL,1,126.76372,4,3
2022-09-02T05:45:00-00:00,2022-09-02T06:00:00-00:00,2022-09-01,23,BIGBASN_6_N001,BIGBASN_6_N001,BIGBASN_6_N001,RTPD,MCE,LMP_ENE_PRC,BIGBASN_6_N001,ALL,1,119.00958,4,3
2022-09-02T06:45:00-00:00,2022-09-02T07:00:00-00:00,2022-09-01,24,BIGBASN_6_N001,BIGBASN_6_N001,BIGBASN_6_N001,RTPD,MCE,LMP_ENE_PRC,BIGBASN_6_N001,ALL,1,109.20324,4,3
2022-09-01T07:00:00-00:00,2022-09-01T07:15:00-00:00,2022-09-01,01,BIGBASN_6_N001,BIGBASN_6_N001,BIGBASN_6_N001,RTPD,MCL,LMP_LOSS_PRC,BIGBASN_6_N001,ALL,1,-3.05408,1,4
2022-09-01T08:00:00-00:00,2022-09-01T08:15:00-00:00,2022-09-01,02,BIGBASN_6_N001,BIGBASN_6_N001,BIGBASN_6_N001,RTPD,MCL,LMP_LOSS_PRC,BIGBASN_6_N001,ALL,1,0,1,4
2022-09-01T09:00:00-00:00,2022-09-01T09:15:00-00:00,2022-09-01,03,BIGBASN_6_N001,BIGBASN_6_N001,BIGBASN_6_N001,RTPD,MCL,LMP_LOSS_PRC,BIGBASN_6_N001,ALL,1,3.32103,1,4
2022-09-01T10:00:00-00:00,2022-09-01T10:15:00-00:00,2022-09-01,04,BIGBASN_6_N001,BIGBASN_6_N001,BIGBASN_6_N001,RTPD,MCL,LMP_LOSS_PRC,BIGBASN_6_N001,ALL,1,3.65963,1,4
2022-09-01T11:00:00-00:00,2022-09-01T11:15:00-00:00,2022-09-01,05,BIGBASN_6_N001,BIGBASN_6_N001,BIGBASN_6_N001,RTPD,MCL,LMP_LOSS_PRC,BIGBASN_6_N001,ALL,1,3.79504,1,4
2022-09-01T12:00:00-00:00,2022-09-01T12:15:00-00:00,2022-09-01,06,BIGBASN_6_N001,BIGBASN_6_N001,BIGBASN_6_N001,RTPD,MCL,LMP_LOSS_PRC,BIGBASN_6_N001,ALL,1,2.99447,1,4
2022-09-01T13:00:00-00:00,2022-09-01T13:15:00-00:00,2022-09-01,07,BIGBASN_6_N001,BIGBASN_6_N001,BIGBASN_6_N001,RTPD,MCL,LMP_LOSS_PRC,BIGBASN_6_N001,ALL,1,0,1,4
2022-09-01T14:00:00-00:00,2022-09-01T14:15:00-00:00,2022-09-01,08,BIGBASN_6_N001,BIGBASN_6_N001,BIGBASN_6_N001,RTPD,MCL,LMP_LOSS_PRC,BIGBASN_6_N001,ALL,1,6.52229,1,4
2022-09-01T15:00:00-00:00,2022-09-01T15:15:00-00:00,2022-09-01,09,BIGBASN_6_N001,BIGBASN_6_N001,BIGBASN_6_N001,RTPD,MCL,LMP_LOSS_PRC,BIGBASN_6_N001,ALL,1,0,1,4
2022-09-01T16:00:00-00:00,2022-09-01T16:15:00-00:00,2022-09-01,10,BIGBASN_6_N001,BIGBASN_6_N001,BIGBASN_6_N001,RTPD,MCL,LMP_LOSS_PRC,BIGBASN_6_N001,ALL,1,0,1,4
2022-09-01T17:00:00-00:00,2022-09-01T17:15:00-00:00,2022-09-01,11,BIGBASN_6_N001,BIGBASN_6_N001,BIGBASN_6_N001,RTPD,MCL,LMP_LOSS_PRC,BIGBASN_6_N001,ALL,1,0,1,4
2022-09-01T18:00:00-00:00,2022-09-01T18:15:00-00:00,2022-09-01,12,BIGBASN_6_N001,BIGBASN_6_N001,BIGBASN_6_N001,RTPD,MCL,LMP_LOSS_PRC,BIGBASN_6_N001,ALL,1,0,1,4
2022-09-01T19:00:00-00:00,2022-09-01T19:15:00-00:00,2022-09-01,13,BIGBASN_6_N001,BIGBASN_6_N001,BIGBASN_6_N001,RTPD,MCL,LMP_LOSS_PRC,BIGBASN_6_N001,ALL,1,0,1,4
2022-09-01T20:00:00-00:00,2022-09-01T20:15:00-00:00,2022-09-01,14,BIGBASN_6_N001,BIGBASN_6_N001,BIGBASN_6_N001,RTPD,MCL,LMP_LOSS_PRC,BIGBASN_6_N001,ALL,1,0,1,4
2022-09-01T21:00:00-00:00,2022-09-01T21:15:00-00:00,2022-09-01,15,BIGBASN_6_N001,BIGBASN_6_N001,BIGBASN_6_N001,RTPD,MCL,LMP_LOSS_PRC,BIGBASN_6_N001,ALL,1,0,1,4
2022-09-01T22:00:00-00:00,2022-09-01T22:15:00-00:00,2022-09-01,16,BIGBASN_6_N001,BIGBASN_6_N001,BIGBASN_6_N001,RTPD,MCL,LMP_LOSS_PRC,BIGBASN_6_N001,ALL,1,0,1,4
2022-09-01T23:00:00-00:00,2022-09-01T23:15:00-00:00,2022-09-01,17,BIGBASN_6_N001,BIGBASN_6_N001,BIGBASN_6_N001,RTPD,MCL,LMP_LOSS_PRC,BIGBASN_6_N001,ALL,1,0,1,4
2022-09-02T00:00:00-00:00,2022-09-02T00:15:00-00:00,2022-09-01,18,BIGBASN_6_N001,BIGBASN_6_N001,BIGBASN_6_N001,RTPD,MCL,LMP_LOSS_PRC,BIGBASN_6_N001,ALL,1,62.10886,1,4
2022-09-02T01:00:00-00:00,2022-09-02T01:15:00-00:00,2022-09-01,19,BIGBASN_6_N001,BIGBASN_6_N001,BIGBASN_6_N001,RTPD,MCL,LMP_LOSS_PRC,BIGBASN_6_N001,ALL,1,0,1,4
2022-09-02T02:00:00-00:00,2022-09-02T02:15:00-00:00,2022-09-01,20,BIGBASN_6_N001,BIGBASN_6_N001,BIGBASN_6_N001,RTPD,MCL,LMP_LOSS_PRC,BIGBASN_6_N001,ALL,1,0,1,4
2022-09-02T03:00:00-00:00,2022-09-02T03:15:00-00:00,2022-09-01,21,BIGBASN_6_N001,BIGBASN_6_N001,BIGBASN_6_N001,RTPD,MCL,LMP_LOSS_PRC,BIGBASN_6_N001,ALL,1,63.76978,1,4
2022-09-02T04:00:00-00:00,2022-09-02T04:15:00-00:00,2022-09-01,22,BIGBASN_6_N001,BIGBASN_6_N001,BIGBASN_6_N001,RTPD,MCL,LMP_LOSS_PRC,BIGBASN_6_N001,ALL,1,14.05174,1,4
2022-09-02T05:00:00-00:00,2022-09-02T05:15:00-00:00,2022-09-01,23,BIGBASN_6_N001,BIGBASN_6_N001,BIGBASN_6_N001,RTPD,MCL,LMP_LOSS_PRC,BIGBASN_6_N001,ALL,1,9.2173,1,4
2022-09-02T06:00:00-00:00,2022-09-02T06:15:00-00:00,2022-09-01,24,BIGBASN_6_N001,BIGBASN_6_N001,BIGBASN_6_N001,RTPD,MCL,LMP_LOSS_PRC,BIGBASN_6_N001,ALL,1,6.67241,1,4
2022-09-01T07:15:00-00:00,2022-09-01T07:30:00-00:00,2022-09-01,01,BIGBASN_6_N001,BIGBASN_6_N001,BIGBASN_6_N001,RTPD,MCL,LMP_LOSS_PRC,BIGBASN_6_N001,ALL,1,0,2,4
2022-09-01T08:15:00-00:00,2022-09-01T08:30:00-00:00,2022-09-01,02,BIGBASN_6_N001,BIGBASN_6_N001,BIGBASN_6_N001,RTPD,MCL,LMP_LOSS_PRC,BIGBASN_6_N001,ALL,1,0,2,4
2022-09-01T09:15:00-00:00,2022-09-01T09:30:00-00:00,2022-09-01,03,BIGBASN_6_N001,BIGBASN_6_N001,BIGBASN_6_N001,RTPD,MCL,LMP_LOSS_PRC,BIGBASN_6_N001,ALL,1,3.30306,2,4
2022-09-01T10:15:00-00:00,2022-09-01T10:30:00-00:00,2022-09-01,04,BIGBASN_6_N001,BIGBASN_6_N001,BIGBASN_6_N001,RTPD,MCL,LMP_LOSS_PRC,BIGBASN_6_N001,ALL,1,3.62806,2,4
2022-09-01T11:15:00-00:00,2022-09-01T11:30:00-00:00,2022-09-01,05,BIGBASN_6_N001,BIGBASN_6_N001,BIGBASN_6_N001,RTPD,MCL,LMP_LOSS_PRC,BIGBASN_6_N001,ALL,1,3.78342,2,4
2022-09-01T12:15:00-00:00,2022-09-01T12:30:00-00:00,2022-09-01,06,BIGBASN_6_N001,BIGBASN_6_N001,BIGBASN_6_N001,RTPD,MCL,LMP_LOSS_PRC,BIGBASN_6_N001,ALL,1,3.72788,2,4
2022-09-01T13:15:00-00:00,2022-09-01T13:30:00-00:00,2022-09-01,07,BIGBASN_6_N001,BIGBASN_6_N001,BIGBASN_6_N001,RTPD,MCL,LMP_LOSS_PRC,BIGBASN_6_N001,ALL,1,3.98412,2,4
2022-09-01T14:15:00-00:00,2022-09-01T14:30:00-00:00,2022-09-01,08,BIGBASN_6_N001,BIGBASN_6_N001,BIGBASN_6_N001,RTPD,MCL,LMP_LOSS_PRC,BIGBASN_6_N001,ALL,1,5.91001,2,4
2022-09-01T15:15:00-00:00,2022-09-01T15:30:00-00:00,2022-09-01,09,BIGBASN_6_N001,BIGBASN_6_N001,BIGBASN_6_N001,RTPD,MCL,LMP_LOSS_PRC,BIGBASN_6_N001,ALL,1,0,2,4
2022-09-01T16:15:00-00:00,2022-09-01T16:30:00-00:00,2022-09-01,10,BIGBASN_6_N001,BIGBASN_6_N001,BIGBASN_6_N001,RTPD,MCL,LMP_LOSS_PRC,BIGBASN_6_N001,ALL,1,0,2,4
2022-09-01T17:15:00-00:00,2022-09-01T17:30:00-00:00,2022-09-01,11,BIGBASN_6_N001,BIGBASN_6_N001,BIGBASN_6_N001,RTPD,MCL,LMP_LOSS_PRC,BIGBASN_6_N001,ALL,1,0,2,4
2022-09-01T18:15:00-00:00,2022-09-01T18:30:00-00:00,2022-09-01,12,BIGBASN_6_N001,BIGBASN_6_N001,BIGBASN_6_N001,RTPD,MCL,LMP_LOSS_PRC,BIGBASN_6_N001,ALL,1,0,2,4
2022-09-01T19:15:00-00:00,2022-09-01T19:30:00-00:00,2022-09-01,13,BIGBASN_6_N001,BIGBASN_6_N001,BIGBASN_6_N001,RTPD,MCL,LMP_LOSS_PRC,BIGBASN_6_N001,ALL,1,0,2,4
2022-09-01T20:15:00-00:00,2022-09-01T20:30:00-00:00,2022-09-01,14,BIGBASN_6_N001,BIGBASN_6_N001,BIGBASN_6_N001,RTPD,MCL,LMP_LOSS_PRC,BIGBASN_6_N001,ALL,1,0,2,4
2022-09-01T21:15:00-00:00,2022-09-01T21:30:00-00:00,2022-09-01,15,BIGBASN_6_N001,BIGBASN_6_N001,BIGBASN_6_N001,RTPD,MCL,LMP_LOSS_PRC,BIGBASN_6_N001,ALL,1,0,2,4
2022-09-01T22:15:00-00:00,2022-09-01T22:30:00-00:00,2022-09-01,16,BIGBASN_6_N001,BIGBASN_6_N001,BIGBASN_6_N001,RTPD,MCL,LMP_LOSS_PRC,BIGBASN_6_N001,ALL,1,0,2,4
2022-09-01T23:15:00-00:00,2022-09-01T23:30:00-00:00,2022-09-01,17,BIGBASN_6_N001,BIGBASN_6_N001,BIGBASN_6_N001,RTPD,MCL,LMP_LOSS_PRC,BIGBASN_6_N001,ALL,1,0,2,4
2022-09-02T00:15:00-00:00,2022-09-02T00:30:00-00:00,2022-09-01,18,BIGBASN_6_N001,BIGBASN_6_N001,BIGBASN_6_N001,RTPD,MCL,LMP_LOSS_PRC,BIGBASN_6_N001,ALL,1,53.98414,2,4
2022-09-02T01:15:00-00:00,2022-09-02T01:30:00-00:00,2022-09-01,19,BIGBASN_6_N001,BIGBASN_6_N001,BIGBASN_6_N001,RTPD,MCL,LMP_LOSS_PRC,BIGBASN_6_N001,ALL,1,0,2,4
2022-09-02T02:15:00-00:00,2022-09-02T02:30:00-00:00,2022-09-01,20,BIGBASN_6_N001,BIGBASN_6_N001,BIGBASN_6_N001,RTPD,MCL,LMP_LOSS_PRC,BIGBASN_6_N001,ALL,1,0,2,4
2022-09-02T03:15:00-00:00,2022-09-02T03:30:00-00:00,2022-09-01,21,BIGBASN_6_N001,BIGBASN_6_N001,BIGBASN_6_N001,RTPD,MCL,LMP_LOSS_PRC,BIGBASN_6_N001,ALL,1,27.31607,2,4
2022-09-02T04:15:00-00:00,2022-09-02T04:30:00-00:00,2022-09-01,22,BIGBASN_6_N001,BIGBASN_6_N001,BIGBASN_6_N001,RTPD,MCL,LMP_LOSS_PRC,BIGBASN_6_N001,ALL,1,11.6196,2,4
2022-09-02T05:15:00-00:00,2022-09-02T05:30:00-00:00,2022-09-01,23,BIGBASN_6_N001,BIGBASN_6_N001,BIGBASN_6_N001,RTPD,MCL,LMP_LOSS_PRC,BIGBASN_6_N001,ALL,1,7.32179,2,4
2022-09-02T06:15:00-00:00,2022-09-02T06:30:00-00:00,2022-09-01,24,BIGBASN_6_N001,BIGBASN_6_N001,BIGBASN_6_N001,RTPD,MCL,LMP_LOSS_PRC,BIGBASN_6_N001,ALL,1,4.87973,2,4
2022-09-01T07:30:00-00:00,2022-09-01T07:45:00-00:00,2022-09-01,01,BIGBASN_6_N001,BIGBASN_6_N001,BIGBASN_6_N001,RTPD,MCL,LMP_LOSS_PRC,BIGBASN_6_N001,ALL,1,0,3,4
2022-09-01T08:30:00-00:00,2022-09-01T08:45:00-00:00,2022-09-01,02,BIGBASN_6_N001,BIGBASN_6_N001,BIGBASN_6_N001,RTPD,MCL,LMP_LOSS_PRC,BIGBASN_6_N001,ALL,1,4.11116,3,4
2022-09-01T09:30:00-00:00,2022-09-01T09:45:00-00:00,2022-09-01,03,BIGBASN_6_N001,BIGBASN_6_N001,BIGBASN_6_N001,RTPD,MCL,LMP_LOSS_PRC,BIGBASN_6_N001,ALL,1,3.15101,3,4
2022-09-01T10:30:00-00:00,2022-09-01T10:45:00-00:00,2022-09-01,04,BIGBASN_6_N001,BIGBASN_6_N001,BIGBASN_6_N001,RTPD,MCL,LMP_LOSS_PRC,BIGBASN_6_N001,ALL,1,3.66177,3,4
2022-09-01T11:30:00-00:00,2022-09-01T11:45:00-00:00,2022-09-01,05,BIGBASN_6_N001,BIGBASN_6_N001,BIGBASN_6_N001,RTPD,MCL,LMP_LOSS_PRC,BIGBASN_6_N001,ALL,1,3.92666,3,4
2022-09-01T12:30:00-00:00,2022-09-01T12:45:00-00:00,2022-09-01,06,BIGBASN_6_N001,BIGBASN_6_N001,BIGBASN_6_N001,RTPD,MCL,LMP_LOSS_PRC,BIGBASN_6_N001,ALL,1,3.9183,3,4
2022-09-01T13:30:00-00:00,2022-09-01T13:45:00-00:00,2022-09-01,07,BIGBASN_6_N001,BIGBASN_6_N001,BIGBASN_6_N001,RTPD,MCL,LMP_LOSS_PRC,BIGBASN_6_N001,ALL,1,4.24892,3,4
2022-09-01T14:30:00-00:00,2022-09-01T14:45:00-00:00,2022-09-01,08,BIGBASN_6_N001,BIGBASN_6_N001,BIGBASN_6_N001,RTPD,MCL,LMP_LOSS_PRC,BIGBASN_6_N001,ALL,1,5.95731,3,4
2022-09-01T15:30:00-00:00,2022-09-01T15:45:00-00:00,2022-09-01,09,BIGBASN_6_N001,BIGBASN_6_N001,BIGBASN_6_N001,RTPD,MCL,LMP_LOSS_PRC,BIGBASN_6_N001,ALL,1,0,3,4
2022-09-01T16:30:00-00:00,2022-09-01T16:45:00-00:00,2022-09-01,10,BIGBASN_6_N001,BIGBASN_6_N001,BIGBASN_6_N001,RTPD,MCL,LMP_LOSS_PRC,BIGBASN_6_N001,ALL,1,0,3,4
2022-09-01T17:30:00-00:00,2022-09-01T17:45:00-00:00,2022-09-01,11,BIGBASN_6_N001,BIGBASN_6_N001,BIGBASN_6_N001,RTPD,MCL,LMP_LOSS_PRC,BIGBASN_6_N001,ALL,1,0,3,4
2022-09-01T18:30:00-00:00,2022-09-01T18:45:00-00:00,2022-09-01,12,BIGBASN_6_N001,BIGBASN_6_N001,BIGBASN_6_N001,RTPD,MCL,LMP_LOSS_PRC,BIGBASN_6_N001,ALL,1,0,3,4
2022-09-01T19:30:00-00:00,2022-09-01T19:45:00-00:00,2022-09-01,13,BIGBASN_6_N001,BIGBASN_6_N001,BIGBASN_6_N001,RTPD,MCL,LMP_LOSS_PRC,BIGBASN_6_N001,ALL,1,0,3,4
2022-09-01T20:30:00-00:00,2022-09-01T20:45:00-00:00,2022-09-01,14,BIGBASN_6_N001,BIGBASN_6_N001,BIGBASN_6_N001,RTPD,MCL,LMP_LOSS_PRC,BIGBASN_6_N001,ALL,1,0,3,4
2022-09-01T21:30:00-00:00,2022-09-01T21:45:00-00:00,2022-09-01,15,BIGBASN_6_N001,BIGBASN_6_N001,BIGBASN_6_N001,RTPD,MCL,LMP_LOSS_PRC,BIGBASN_6_N001,ALL,1,0,3,4
2022-09-01T22:30:00-00:00,2022-09-01T22:45:00-00:00,2022-09-01,16,BIGBASN_6_N001,BIGBASN_6_N001,BIGBASN_6_N001,RTPD,MCL,LMP_LOSS_PRC,BIGBASN_6_N001,ALL,1,0,3,4
2022-09-01T23:30:00-00:00,2022-09-01T23:45:00-00:00,2022-09-01,17,BIGBASN_6_N001,BIGBASN_6_N001,BIGBASN_6_N001,RTPD,MCL,LMP_LOSS_PRC,BIGBASN_6_N001,ALL,1,0,3,4
2022-09-02T00:30:00-00:00,2022-09-02T00:45:00-00:00,2022-09-01,18,BIGBASN_6_N001,BIGBASN_6_N001,BIGBASN_6_N001,RTPD,MCL,LMP_LOSS_PRC,BIGBASN_6_N001,ALL,1,0,3,4
2022-09-02T01:30:00-00:00,2022-09-02T01:45:00-00:00,2022-09-01,19,BIGBASN_6_N001,BIGBASN_6_N001,BIGBASN_6_N001,RTPD,MCL,LMP_LOSS_PRC,BIGBASN_6_N001,ALL,1,0,3,4
2022-09-02T02:30:00-00:00,2022-09-02T02:45:00-00:00,2022-09-01,20,BIGBASN_6_N001,BIGBASN_6_N001,BIGBASN_6_N001,RTPD,MCL,LMP_LOSS_PRC,BIGBASN_6_N001,ALL,1,0,3,4
2022-09-02T03:30:00-00:00,2022-09-02T03:45:00-00:00,2022-09-01,21,BIGBASN_6_N001,BIGBASN_6_N001,BIGBASN_6_N001,RTPD,MCL,LMP_LOSS_PRC,BIGBASN_6_N001,ALL,1,12.69004,3,4
2022-09-02T04:30:00-00:00,2022-09-02T04:45:00-00:00,2022-09-01,22,BIGBASN_6_N001,BIGBASN_6_N001,BIGBASN_6_N001,RTPD,MCL,LMP_LOSS_PRC,BIGBASN_6_N001,ALL,1,7.60655,3,4
2022-09-02T05:30:00-00:00,2022-09-02T05:45:00-00:00,2022-09-01,23,BIGBASN_6_N001,BIGBASN_6_N001,BIGBASN_6_N001,RTPD,MCL,LMP_LOSS_PRC,BIGBASN_6_N001,ALL,1,5.78159,3,4
2022-09-02T06:30:00-00:00,2022-09-02T06:45:00-00:00,2022-09-01,24,BIGBASN_6_N001,BIGBASN_6_N001,BIGBASN_6_N001,RTPD,MCL,LMP_LOSS_PRC,BIGBASN_6_N001,ALL,1,5.15948,3,4
2022-09-01T07:45:00-00:00,2022-09-01T08:00:00-00:00,2022-09-01,01,BIGBASN_6_N001,BIGBASN_6_N001,BIGBASN_6_N001,RTPD,MCL,LMP_LOSS_PRC,BIGBASN_6_N001,ALL,1,0,4,4
2022-09-01T08:45:00-00:00,2022-09-01T09:00:00-00:00,2022-09-01,02,BIGBASN_6_N001,BIGBASN_6_N001,BIGBASN_6_N001,RTPD,MCL,LMP_LOSS_PRC,BIGBASN_6_N001,ALL,1,3.36689,4,4
2022-09-01T09:45:00-00:00,2022-09-01T10:00:00-00:00,2022-09-01,03,BIGBASN_6_N001,BIGBASN_6_N001,BIGBASN_6_N001,RTPD,MCL,LMP_LOSS_PRC,BIGBASN_6_N001,ALL,1,3.0909,4,4
2022-09-01T10:45:00-00:00,2022-09-01T11:00:00-00:00,2022-09-01,04,BIGBASN_6_N001,BIGBASN_6_N001,BIGBASN_6_N001,RTPD,MCL,LMP_LOSS_PRC,BIGBASN_6_N001,ALL,1,3.47621,4,4
2022-09-01T11:45:00-00:00,2022-09-01T12:00:00-00:00,2022-09-01,05,BIGBASN_6_N001,BIGBASN_6_N001,BIGBASN_6_N001,RTPD,MCL,LMP_LOSS_PRC,BIGBASN_6_N001,ALL,1,0,4,4
2022-09-01T12:45:00-00:00,2022-09-01T13:00:00-00:00,2022-09-01,06,BIGBASN_6_N001,BIGBASN_6_N001,BIGBASN_6_N001,RTPD,MCL,LMP_LOSS_PRC,BIGBASN_6_N001,ALL,1,0,4,4
2022-09-01T13:45:00-00:00,2022-09-01T14:00:00-00:00,2022-09-01,07,BIGBASN_6_N001,BIGBASN_6_N001,BIGBASN_6_N001,RTPD,MCL,LMP_LOSS_PRC,BIGBASN_6_N001,ALL,1,0,4,4
2022-09-01T14:45:00-00:00,2022-09-01T15:00:00-00:00,2022-09-01,08,BIGBASN_6_N001,BIGBASN_6_N001,BIGBASN_6_N001,RTPD,MCL,LMP_LOSS_PRC,BIGBASN_6_N001,ALL,1,0,4,4
2022-09-01T15:45:00-00:00,2022-09-01T16:00:00-00:00,2022-09-01,09,BIGBASN_6_N001,BIGBASN_6_N001,BIGBASN_6_N001,RTPD,MCL,LMP_LOSS_PRC,BIGBASN_6_N001,ALL,1,0,4,4
2022-09-01T16:45:00-00:00,2022-09-01T17:00:00-00:00,2022-09-01,10,BIGBASN_6_N001,BIGBASN_6_N001,BIGBASN_6_N001,RTPD,MCL,LMP_LOSS_PRC,BIGBASN_6_N001,ALL,1,0,4,4
2022-09-01T17:45:00-00:00,2022-09-01T18:00:00-00:00,2022-09-01,11,BIGBASN_6_N001,BIGBASN_6_N001,BIGBASN_6_N001,RTPD,MCL,LMP_LOSS_PRC,BIGBASN_6_N001,ALL,1,0,4,4
2022-09-01T18:45:00-00:00,2022-09-01T19:00:00-00:00,2022-09-01,12,BIGBASN_6_N001,BIGBASN_6_N001,BIGBASN_6_N001,RTPD,MCL,LMP_LOSS_PRC,BIGBASN_6_N001,ALL,1,0,4,4
2022-09-01T19:45:00-00:00,2022-09-01T20:00:00-00:00,2022-09-01,13,BIGBASN_6_N001,BIGBASN_6_N001,BIGBASN_6_N001,RTPD,MCL,LMP_LOSS_PRC,BIGBASN_6_N001,ALL,1,0,4,4
2022-09-01T20:45:00-00:00,2022-09-01T21:00:00-00:00,2022-09-01,14,BIGBASN_6_N001,BIGBASN_6_N001,BIGBASN_6_N001,RTPD,MCL,LMP_LOSS_PRC,BIGBASN_6_N001,ALL,1,0,4,4
2022-09-01T21:45:00-00:00,2022-09-01T22:00:00-00:00,2022-09-01,15,BIGBASN_6_N001,BIGBASN_6_N001,BIGBASN_6_N001,RTPD,MCL,LMP_LOSS_PRC,BIGBASN_6_N001,ALL,1,0,4,4
2022-09-01T22:45:00-00:00,2022-09-01T23:00:00-00:00,2022-09-01,16,BIGBASN_6_N001,BIGBASN_6_N001,BIGBASN_6_N001,RTPD,MCL,LMP_LOSS_PRC,BIGBASN_6_N001,ALL,1,0,4,4
2022-09-01T23:45:00-00:00,2022-09-02T00:00:00-00:00,2022-09-01,17,BIGBASN_6_N001,BIGBASN_6_N001,BIGBASN_6_N001,RTPD,MCL,LMP_LOSS_PRC,BIGBASN_6_N001,ALL,1,0,4,4
2022-09-02T00:45:00-00:00,2022-09-02T01:00:00-00:00,2022-09-01,18,BIGBASN_6_N001,BIGBASN_6_N001,BIGBASN_6_N001,RTPD,MCL,LMP_LOSS_PRC,BIGBASN_6_N001,ALL,1,0,4,4
2022-09-02T01:45:00-00:00,2022-09-02T02:00:00-00:00,2022-09-01,19,BIGBASN_6_N001,BIGBASN_6_N001,BIGBASN_6_N001,RTPD,MCL,LMP_LOSS_PRC,BIGBASN_6_N001,ALL,1,0,4,4
2022-09-02T02:45:00-00:00,2022-09-02T03:00:00-00:00,2022-09-01,20,BIGBASN_6_N001,BIGBASN_6_N001,BIGBASN_6_N001,RTPD,MCL,LMP_LOSS_PRC,BIGBASN_6_N001,ALL,1,122.87345,4,4
2022-09-02T03:45:00-00:00,2022-09-02T04:00:00-00:00,2022-09-01,21,BIGBASN_6_N001,BIGBASN_6_N001,BIGBASN_6_N001,RTPD,MCL,LMP_LOSS_PRC,BIGBASN_6_N001,ALL,1,8.28474,4,4
2022-09-02T04:45:00-00:00,2022-09-02T05:00:00-00:00,2022-09-01,22,BIGBASN_6_N001,BIGBASN_6_N001,BIGBASN_6_N001,RTPD,MCL,LMP_LOSS_PRC,BIGBASN_6_N001,ALL,1,5.36211,4,4
2022-09-02T05:45:00-00:00,2022-09-02T06:00:00-00:00,2022-09-01,23,BIGBASN_6_N001,BIGBASN_6_N001,BIGBASN_6_N001,RTPD,MCL,LMP_LOSS_PRC,BIGBASN_6_N001,ALL,1,5.03411,4,4
2022-09-02T06:45:00-00:00,2022-09-02T07:00:00-00:00,2022-09-01,24,BIGBASN_6_N001,BIGBASN_6_N001,BIGBASN_6_N001,RTPD,MCL,LMP_LOSS_PRC,BIGBASN_6_N001,ALL,1,4.66298,4,4
2022-09-01T07:00:00-00:00,2022-09-01T07:15:00-00:00,2022-09-01,01,BIGBASN_6_N001,BIGBASN_6_N001,BIGBASN_6_N001,RTPD,MGHG,LMP_GHG_PRC,BIGBASN_6_N001,ALL,1,0,1,5
2022-09-01T08:00:00-00:00,2022-09-01T08:15:00-00:00,2022-09-01,02,BIGBASN_6_N001,BIGBASN_6_N001,BIGBASN_6_N001,RTPD,MGHG,LMP_GHG_PRC,BIGBASN_6_N001,ALL,1,0,1,5
2022-09-01T09:00:00-00:00,2022-09-01T09:15:00-00:00,2022-09-01,03,BIGBASN_6_N001,BIGBASN_6_N001,BIGBASN_6_N001,RTPD,MGHG,LMP_GHG_PRC,BIGBASN_6_N001,ALL,1,0,1,5
2022-09-01T10:00:00-00:00,2022-09-01T10:15:00-00:00,2022-09-01,04,BIGBASN_6_N001,BIGBASN_6_N001,BIGBASN_6_N001,RTPD,MGHG,LMP_GHG_PRC,BIGBASN_6_N001,ALL,1,0,1,5
2022-09-01T11:00:00-00:00,2022-09-01T11:15:00-00:00,2022-09-01,05,BIGBASN_6_N001,BIGBASN_6_N001,BIGBASN_6_N001,RTPD,MGHG,LMP_GHG_PRC,BIGBASN_6_N001,ALL,1,0,1,5
2022-09-01T12:00:00-00:00,2022-09-01T12:15:00-00:00,2022-09-01,06,BIGBASN_6_N001,BIGBASN_6_N001,BIGBASN_6_N001,RTPD,MGHG,LMP_GHG_PRC,BIGBASN_6_N001,ALL,1,0,1,5
2022-09-01T13:00:00-00:00,2022-09-01T13:15:00-00:00,2022-09-01,07,BIGBASN_6_N001,BIGBASN_6_N001,BIGBASN_6_N001,RTPD,MGHG,LMP_GHG_PRC,BIGBASN_6_N001,ALL,1,0,1,5
2022-09-01T14:00:00-00:00,2022-09-01T14:15:00-00:00,2022-09-01,08,BIGBASN_6_N001,BIGBASN_6_N001,BIGBASN_6_N001,RTPD,MGHG,LMP_GHG_PRC,BIGBASN_6_N001,ALL,1,0,1,5
2022-09-01T15:00:00-00:00,2022-09-01T15:15:00-00:00,2022-09-01,09,BIGBASN_6_N001,BIGBASN_6_N001,BIGBASN_6_N001,RTPD,MGHG,LMP_GHG_PRC,BIGBASN_6_N001,ALL,1,0,1,5
2022-09-01T16:00:00-00:00,2022-09-01T16:15:00-00:00,2022-09-01,10,BIGBASN_6_N001,BIGBASN_6_N001,BIGBASN_6_N001,RTPD,MGHG,LMP_GHG_PRC,BIGBASN_6_N001,ALL,1,0,1,5
2022-09-01T17:00:00-00:00,2022-09-01T17:15:00-00:00,2022-09-01,11,BIGBASN_6_N001,BIGBASN_6_N001,BIGBASN_6_N001,RTPD,MGHG,LMP_GHG_PRC,BIGBASN_6_N001,ALL,1,0,1,5
2022-09-01T18:00:00-00:00,2022-09-01T18:15:00-00:00,2022-09-01,12,BIGBASN_6_N001,BIGBASN_6_N001,BIGBASN_6_N001,RTPD,MGHG,LMP_GHG_PRC,BIGBASN_6_N001,ALL,1,0,1,5
2022-09-01T19:00:00-00:00,2022-09-01T19:15:00-00:00,2022-09-01,13,BIGBASN_6_N001,BIGBASN_6_N001,BIGBASN_6_N001,RTPD,MGHG,LMP_GHG_PRC,BIGBASN_6_N001,ALL,1,0,1,5
2022-09-01T20:00:00-00:00,2022-09-01T20:15:00-00:00,2022-09-01,14,BIGBASN_6_N001,BIGBASN_6_N001,BIGBASN_6_N001,RTPD,MGHG,LMP_GHG_PRC,BIGBASN_6_N001,ALL,1,0,1,5
2022-09-01T21:00:00-00:00,2022-09-01T21:15:00-00:00,2022-09-01,15,BIGBASN_6_N001,BIGBASN_6_N001,BIGBASN_6_N001,RTPD,MGHG,LMP_GHG_PRC,BIGBASN_6_N001,ALL,1,0,1,5
2022-09-01T22:00:00-00:00,2022-09-01T22:15:00-00:00,2022-09-01,16,BIGBASN_6_N001,BIGBASN_6_N001,BIGBASN_6_N001,RTPD,MGHG,LMP_GHG_PRC,BIGBASN_6_N001,ALL,1,0,1,5
2022-09-01T23:00:00-00:00,2022-09-01T23:15:00-00:00,2022-09-01,17,BIGBASN_6_N001,BIGBASN_6_N001,BIGBASN_6_N001,RTPD,MGHG,LMP_GHG_PRC,BIGBASN_6_N001,ALL,1,0,1,5
2022-09-02T00:00:00-00:00,2022-09-02T00:15:00-00:00,2022-09-01,18,BIGBASN_6_N001,BIGBASN_6_N001,BIGBASN_6_N001,RTPD,MGHG,LMP_GHG_PRC,BIGBASN_6_N001,ALL,1,0,1,5
2022-09-02T01:00:00-00:00,2022-09-02T01:15:00-00:00,2022-09-01,19,BIGBASN_6_N001,BIGBASN_6_N001,BIGBASN_6_N001,RTPD,MGHG,LMP_GHG_PRC,BIGBASN_6_N001,ALL,1,0,1,5
2022-09-02T02:00:00-00:00,2022-09-02T02:15:00-00:00,2022-09-01,20,BIGBASN_6_N001,BIGBASN_6_N001,BIGBASN_6_N001,RTPD,MGHG,LMP_GHG_PRC,BIGBASN_6_N001,ALL,1,0,1,5
2022-09-02T03:00:00-00:00,2022-09-02T03:15:00-00:00,2022-09-01,21,BIGBASN_6_N001,BIGBASN_6_N001,BIGBASN_6_N001,RTPD,MGHG,LMP_GHG_PRC,BIGBASN_6_N001,ALL,1,0,1,5
2022-09-02T04:00:00-00:00,2022-09-02T04:15:00-00:00,2022-09-01,22,BIGBASN_6_N001,BIGBASN_6_N001,BIGBASN_6_N001,RTPD,MGHG,LMP_GHG_PRC,BIGBASN_6_N001,ALL,1,0,1,5
2022-09-02T05:00:00-00:00,2022-09-02T05:15:00-00:00,2022-09-01,23,BIGBASN_6_N001,BIGBASN_6_N001,BIGBASN_6_N001,RTPD,MGHG,LMP_GHG_PRC,BIGBASN_6_N001,ALL,1,0,1,5
2022-09-02T06:00:00-00:00,2022-09-02T06:15:00-00:00,2022-09-01,24,BIGBASN_6_N001,BIGBASN_6_N001,BIGBASN_6_N001,RTPD,MGHG,LMP_GHG_PRC,BIGBASN_6_N001,ALL,1,0,1,5
2022-09-01T07:15:00-00:00,2022-09-01T07:30:00-00:00,2022-09-01,01,BIGBASN_6_N001,BIGBASN_6_N001,BIGBASN_6_N001,RTPD,MGHG,LMP_GHG_PRC,BIGBASN_6_N001,ALL,1,0,2,5
2022-09-01T08:15:00-00:00,2022-09-01T08:30:00-00:00,2022-09-01,02,BIGBASN_6_N001,BIGBASN_6_N001,BIGBASN_6_N001,RTPD,MGHG,LMP_GHG_PRC,BIGBASN_6_N001,ALL,1,0,2,5
2022-09-01T09:15:00-00:00,2022-09-01T09:30:00-00:00,2022-09-01,03,BIGBASN_6_N001,BIGBASN_6_N001,BIGBASN_6_N001,RTPD,MGHG,LMP_GHG_PRC,BIGBASN_6_N001,ALL,1,0,2,5
2022-09-01T10:15:00-00:00,2022-09-01T10:30:00-00:00,2022-09-01,04,BIGBASN_6_N001,BIGBASN_6_N001,BIGBASN_6_N001,RTPD,MGHG,LMP_GHG_PRC,BIGBASN_6_N001,ALL,1,0,2,5
2022-09-01T11:15:00-00:00,2022-09-01T11:30:00-00:00,2022-09-01,05,BIGBASN_6_N001,BIGBASN_6_N001,BIGBASN_6_N001,RTPD,MGHG,LMP_GHG_PRC,BIGBASN_6_N001,ALL,1,0,2,5
2022-09-01T12:15:00-00:00,2022-09-01T12:30:00-00:00,2022-09-01,06,BIGBASN_6_N001,BIGBASN_6_N001,BIGBASN_6_N001,RTPD,MGHG,LMP_GHG_PRC,BIGBASN_6_N001,ALL,1,0,2,5
2022-09-01T13:15:00-00:00,2022-09-01T13:30:00-00:00,2022-09-01,07,BIGBASN_6_N001,BIGBASN_6_N001,BIGBASN_6_N001,RTPD,MGHG,LMP_GHG_PRC,BIGBASN_6_N001,ALL,1,0,2,5
2022-09-01T14:15:00-00:00,2022-09-01T14:30:00-00:00,2022-09-01,08,BIGBASN_6_N001,BIGBASN_6_N001,BIGBASN_6_N001,RTPD,MGHG,LMP_GHG_PRC,BIGBASN_6_N001,ALL,1,0,2,5
2022-09-01T15:15:00-00:00,2022-09-01T15:30:00-00:00,2022-09-01,09,BIGBASN_6_N001,BIGBASN_6_N001,BIGBASN_6_N001,RTPD,MGHG,LMP_GHG_PRC,BIGBASN_6_N001,ALL,1,0,2,5
2022-09-01T16:15:00-00:00,2022-09-01T16:30:00-00:00,2022-09-01,10,BIGBASN_6_N001,BIGBASN_6_N001,BIGBASN_6_N001,RTPD,MGHG,LMP_GHG_PRC,BIGBASN_6_N001,ALL,1,0,2,5
2022-09-01T17:15:00-00:00,2022-09-01T17:30:00-00:00,2022-09-01,11,BIGBASN_6_N001,BIGBASN_6_N001,BIGBASN_6_N001,RTPD,MGHG,LMP_GHG_PRC,BIGBASN_6_N001,ALL,1,0,2,5
2022-09-01T18:15:00-00:00,2022-09-01T18:30:00-00:00,2022-09-01,12,BIGBASN_6_N001,BIGBASN_6_N001,BIGBASN_6_N001,RTPD,MGHG,LMP_GHG_PRC,BIGBASN_6_N001,ALL,1,0,2,5
2022-09-01T19:15:00-00:00,2022-09-01T19:30:00-00:00,2022-09-01,13,BIGBASN_6_N001,BIGBASN_6_N001,BIGBASN_6_N001,RTPD,MGHG,LMP_GHG_PRC,BIGBASN_6_N001,ALL,1,0,2,5
2022-09-01T20:15:00-00:00,2022-09-01T20:30:00-00:00,2022-09-01,14,BIGBASN_6_N001,BIGBASN_6_N001,BIGBASN_6_N001,RTPD,MGHG,LMP_GHG_PRC,BIGBASN_6_N001,ALL,1,0,2,5
2022-09-01T21:15:00-00:00,2022-09-01T21:30:00-00:00,2022-09-01,15,BIGBASN_6_N001,BIGBASN_6_N001,BIGBASN_6_N001,RTPD,MGHG,LMP_GHG_PRC,BIGBASN_6_N001,ALL,1,0,2,5
2022-09-01T22:15:00-00:00,2022-09-01T22:30:00-00:00,2022-09-01,16,BIGBASN_6_N001,BIGBASN_6_N001,BIGBASN_6_N001,RTPD,MGHG,LMP_GHG_PRC,BIGBASN_6_N001,ALL,1,0,2,5
2022-09-01T23:15:00-00:00,2022-09-01T23:30:00-00:00,2022-09-01,17,BIGBASN_6_N001,BIGBASN_6_N001,BIGBASN_6_N001,RTPD,MGHG,LMP_GHG_PRC,BIGBASN_6_N001,ALL,1,0,2,5
2022-09-02T00:15:00-00:00,2022-09-02T00:30:00-00:00,2022-09-01,18,BIGBASN_6_N001,BIGBASN_6_N001,BIGBASN_6_N001,RTPD,MGHG,LMP_GHG_PRC,BIGBASN_6_N001,ALL,1,0,2,5
2022-09-02T01:15:00-00:00,2022-09-02T01:30:00-00:00,2022-09-01,19,BIGBASN_6_N001,BIGBASN_6_N001,BIGBASN_6_N001,RTPD,MGHG,LMP_GHG_PRC,BIGBASN_6_N001,ALL,1,0,2,5
2022-09-02T02:15:00-00:00,2022-09-02T02:30:00-00:00,2022-09-01,20,BIGBASN_6_N001,BIGBASN_6_N001,BIGBASN_6_N001,RTPD,MGHG,LMP_GHG_PRC,BIGBASN_6_N001,ALL,1,0,2,5
2022-09-02T03:15:00-00:00,2022-09-02T03:30:00-00:00,2022-09-01,21,BIGBASN_6_N001,BIGBASN_6_N001,BIGBASN_6_N001,RTPD,MGHG,LMP_GHG_PRC,BIGBASN_6_N001,ALL,1,0,2,5
2022-09-02T04:15:00-00:00,2022-09-02T04:30:00-00:00,2022-09-01,22,BIGBASN_6_N001,BIGBASN_6_N001,BIGBASN_6_N001,RTPD,MGHG,LMP_GHG_PRC,BIGBASN_6_N001,ALL,1,0,2,5
2022-09-02T05:15:00-00:00,2022-09-02T05:30:00-00:00,2022-09-01,23,BIGBASN_6_N001,BIGBASN_6_N001,BIGBASN_6_N001,RTPD,MGHG,LMP_GHG_PRC,BIGBASN_6_N001,ALL,1,0,2,5
2022-09-02T06:15:00-00:00,2022-09-02T06:30:00-00:00,2022-09-01,24,BIGBASN_6_N001,BIGBASN_6_N001,BIGBASN_6_N001,RTPD,MGHG,LMP_GHG_PRC,BIGBASN_6_N001,ALL,1,0,2,5
2022-09-01T07:30:00-00:00,2022-09-01T07:45:00-00:00,2022-09-01,01,BIGBASN_6_N001,BIGBASN_6_N001,BIGBASN_6_N001,RTPD,MGHG,LMP_GHG_PRC,BIGBASN_6_N001,ALL,1,0,3,5
2022-09-01T08:30:00-00:00,2022-09-01T08:45:00-00:00,2022-09-01,02,BIGBASN_6_N001,BIGBASN_6_N001,BIGBASN_6_N001,RTPD,MGHG,LMP_GHG_PRC,BIGBASN_6_N001,ALL,1,0,3,5
2022-09-01T09:30:00-00:00,2022-09-01T09:45:00-00:00,2022-09-01,03,BIGBASN_6_N001,BIGBASN_6_N001,BIGBASN_6_N001,RTPD,MGHG,LMP_GHG_PRC,BIGBASN_6_N001,ALL,1,0,3,5
2022-09-01T10:30:00-00:00,2022-09-01T10:45:00-00:00,2022-09-01,04,BIGBASN_6_N001,BIGBASN_6_N001,BIGBASN_6_N001,RTPD,MGHG,LMP_GHG_PRC,BIGBASN_6_N001,ALL,1,0,3,5
2022-09-01T11:30:00-00:00,2022-09-01T11:45:00-00:00,2022-09-01,05,BIGBASN_6_N001,BIGBASN_6_N001,BIGBASN_6_N001,RTPD,MGHG,LMP_GHG_PRC,BIGBASN_6_N001,ALL,1,0,3,5
2022-09-01T12:30:00-00:00,2022-09-01T12:45:00-00:00,2022-09-01,06,BIGBASN_6_N001,BIGBASN_6_N001,BIGBASN_6_N001,RTPD,MGHG,LMP_GHG_PRC,BIGBASN_6_N001,ALL,1,0,3,5
2022-09-01T13:30:00-00:00,2022-09-01T13:45:00-00:00,2022-09-01,07,BIGBASN_6_N001,BIGBASN_6_N001,BIGBASN_6_N001,RTPD,MGHG,LMP_GHG_PRC,BIGBASN_6_N001,ALL,1,0,3,5
2022-09-01T14:30:00-00:00,2022-09-01T14:45:00-00:00,2022-09-01,08,BIGBASN_6_N001,BIGBASN_6_N001,BIGBASN_6_N001,RTPD,MGHG,LMP_GHG_PRC,BIGBASN_6_N001,ALL,1,0,3,5
2022-09-01T15:30:00-00:00,2022-09-01T15:45:00-00:00,2022-09-01,09,BIGBASN_6_N001,BIGBASN_6_N001,BIGBASN_6_N001,RTPD,MGHG,LMP_GHG_PRC,BIGBASN_6_N001,ALL,1,0,3,5
2022-09-01T16:30:00-00:00,2022-09-01T16:45:00-00:00,2022-09-01,10,BIGBASN_6_N001,BIGBASN_6_N001,BIGBASN_6_N001,RTPD,MGHG,LMP_GHG_PRC,BIGBASN_6_N001,ALL,1,0,3,5
2022-09-01T17:30:00-00:00,2022-09-01T17:45:00-00:00,2022-09-01,11,BIGBASN_6_N001,BIGBASN_6_N001,BIGBASN_6_N001,RTPD,MGHG,LMP_GHG_PRC,BIGBASN_6_N001,ALL,1,0,3,5
2022-09-01T18:30:00-00:00,2022-09-01T18:45:00-00:00,2022-09-01,12,BIGBASN_6_N001,BIGBASN_6_N001,BIGBASN_6_N001,RTPD,MGHG,LMP_GHG_PRC,BIGBASN_6_N001,ALL,1,0,3,5
2022-09-01T19:30:00-00:00,2022-09-01T19:45:00-00:00,2022-09-01,13,BIGBASN_6_N001,BIGBASN_6_N001,BIGBASN_6_N001,RTPD,MGHG,LMP_GHG_PRC,BIGBASN_6_N001,ALL,1,0,3,5
2022-09-01T20:30:00-00:00,2022-09-01T20:45:00-00:00,2022-09-01,14,BIGBASN_6_N001,BIGBASN_6_N001,BIGBASN_6_N001,RTPD,MGHG,LMP_GHG_PRC,BIGBASN_6_N001,ALL,1,0,3,5
2022-09-01T21:30:00-00:00,2022-09-01T21:45:00-00:00,2022-09-01,15,BIGBASN_6_N001,BIGBASN_6_N001,BIGBASN_6_N001,RTPD,MGHG,LMP_GHG_PRC,BIGBASN_6_N001,ALL,1,0,3,5
2022-09-01T22:30:00-00:00,2022-09-01T22:45:00-00:00,2022-09-01,16,BIGBASN_6_N001,BIGBASN_6_N001,BIGBASN_6_N001,RTPD,MGHG,LMP_GHG_PRC,BIGBASN_6_N001,ALL,1,0,3,5
2022-09-01T23:30:00-00:00,2022-09-01T23:45:00-00:00,2022-09-01,17,BIGBASN_6_N001,BIGBASN_6_N001,BIGBASN_6_N001,RTPD,MGHG,LMP_GHG_PRC,BIGBASN_6_N001,ALL,1,0,3,5
2022-09-02T00:30:00-00:00,2022-09-02T00:45:00-00:00,2022-09-01,18,BIGBASN_6_N001,BIGBASN_6_N001,BIGBASN_6_N001,RTPD,MGHG,LMP_GHG_PRC,BIGBASN_6_N001,ALL,1,0,3,5
2022-09-02T01:30:00-00:00,2022-09-02T01:45:00-00:00,2022-09-01,19,BIGBASN_6_N001,BIGBASN_6_N001,BIGBASN_6_N001,RTPD,MGHG,LMP_GHG_PRC,BIGBASN_6_N001,ALL,1,0,3,5
2022-09-02T02:30:00-00:00,2022-09-02T02:45:00-00:00,2022-09-01,20,BIGBASN_6_N001,BIGBASN_6_N001,BIGBASN_6_N001,RTPD,MGHG,LMP_GHG_PRC,BIGBASN_6_N001,ALL,1,0,3,5
2022-09-02T03:30:00-00:00,2022-09-02T03:45:00-00:00,2022-09-01,21,BIGBASN_6_N001,BIGBASN_6_N001,BIGBASN_6_N001,RTPD,MGHG,LMP_GHG_PRC,BIGBASN_6_N001,ALL,1,0,3,5
2022-09-02T04:30:00-00:00,2022-09-02T04:45:00-00:00,2022-09-01,22,BIGBASN_6_N001,BIGBASN_6_N001,BIGBASN_6_N001,RTPD,MGHG,LMP_GHG_PRC,BIGBASN_6_N001,ALL,1,0,3,5
2022-09-02T05:30:00-00:00,2022-09-02T05:45:00-00:00,2022-09-01,23,BIGBASN_6_N001,BIGBASN_6_N001,BIGBASN_6_N001,RTPD,MGHG,LMP_GHG_PRC,BIGBASN_6_N001,ALL,1,0,3,5
2022-09-02T06:30:00-00:00,2022-09-02T06:45:00-00:00,2022-09-01,24,BIGBASN_6_N001,BIGBASN_6_N001,BIGBASN_6_N001,RTPD,MGHG,LMP_GHG_PRC,BIGBASN_6_N001,ALL,1,0,3,5
2022-09-01T07:45:00-00:00,2022-09-01T08:00:00-00:00,2022-09-01,01,BIGBASN_6_N001,BIGBASN_6_N001,BIGBASN_6_N001,RTPD,MGHG,LMP_GHG_PRC,BIGBASN_6_N001,ALL,1,0,4,5
2022-09-01T08:45:00-00:00,2022-09-01T09:00:00-00:00,2022-09-01,02,BIGBASN_6_N001,BIGBASN_6_N001,BIGBASN_6_N001,RTPD,MGHG,LMP_GHG_PRC,BIGBASN_6_N001,ALL,1,0,4,5
2022-09-01T09:45:00-00:00,2022-09-01T10:00:00-00:00,2022-09-01,03,BIGBASN_6_N001,BIGBASN_6_N001,BIGBASN_6_N001,RTPD,MGHG,LMP_GHG_PRC,BIGBASN_6_N001,ALL,1,0,4,5
2022-09-01T10:45:00-00:00,2022-09-01T11:00:00-00:00,2022-09-01,04,BIGBASN_6_N001,BIGBASN_6_N001,BIGBASN_6_N001,RTPD,MGHG,LMP_GHG_PRC,BIGBASN_6_N001,ALL,1,0,4,5
2022-09-01T11:45:00-00:00,2022-09-01T12:00:00-00:00,2022-09-01,05,BIGBASN_6_N001,BIGBASN_6_N001,BIGBASN_6_N001,RTPD,MGHG,LMP_GHG_PRC,BIGBASN_6_N001,ALL,1,0,4,5
2022-09-01T12:45:00-00:00,2022-09-01T13:00:00-00:00,2022-09-01,06,BIGBASN_6_N001,BIGBASN_6_N001,BIGBASN_6_N001,RTPD,MGHG,LMP_GHG_PRC,BIGBASN_6_N001,ALL,1,0,4,5
2022-09-01T13:45:00-00:00,2022-09-01T14:00:00-00:00,2022-09-01,07,BIGBASN_6_N001,BIGBASN_6_N001,BIGBASN_6_N001,RTPD,MGHG,LMP_GHG_PRC,BIGBASN_6_N001,ALL,1,0,4,5
2022-09-01T14:45:00-00:00,2022-09-01T15:00:00-00:00,2022-09-01,08,BIGBASN_6_N001,BIGBASN_6_N001,BIGBASN_6_N001,RTPD,MGHG,LMP_GHG_PRC,BIGBASN_6_N001,ALL,1,0,4,5
2022-09-01T15:45:00-00:00,2022-09-01T16:00:00-00:00,2022-09-01,09,BIGBASN_6_N001,BIGBASN_6_N001,BIGBASN_6_N001,RTPD,MGHG,LMP_GHG_PRC,BIGBASN_6_N001,ALL,1,0,4,5
2022-09-01T16:45:00-00:00,2022-09-01T17:00:00-00:00,2022-09-01,10,BIGBASN_6_N001,BIGBASN_6_N001,BIGBASN_6_N001,RTPD,MGHG,LMP_GHG_PRC,BIGBASN_6_N001,ALL,1,0,4,5
2022-09-01T17:45:00-00:00,2022-09-01T18:00:00-00:00,2022-09-01,11,BIGBASN_6_N001,BIGBASN_6_N001,BIGBASN_6_N001,RTPD,MGHG,LMP_GHG_PRC,BIGBASN_6_N001,ALL,1,0,4,5
2022-09-01T18:45:00-00:00,2022-09-01T19:00:00-00:00,2022-09-01,12,BIGBASN_6_N001,BIGBASN_6_N001,BIGBASN_6_N001,RTPD,MGHG,LMP_GHG_PRC,BIGBASN_6_N001,ALL,1,0,4,5
2022-09-01T19:45:00-00:00,2022-09-01T20:00:00-00:00,2022-09-01,13,BIGBASN_6_N001,BIGBASN_6_N001,BIGBASN_6_N001,RTPD,MGHG,LMP_GHG_PRC,BIGBASN_6_N001,ALL,1,0,4,5
2022-09-01T20:45:00-00:00,2022-09-01T21:00:00-00:00,2022-09-01,14,BIGBASN_6_N001,BIGBASN_6_N001,BIGBASN_6_N001,RTPD,MGHG,LMP_GHG_PRC,BIGBASN_6_N001,ALL,1,0,4,5
2022-09-01T21:45:00-00:00,2022-09-01T22:00:00-00:00,2022-09-01,15,BIGBASN_6_N001,BIGBASN_6_N001,BIGBASN_6_N001,RTPD,MGHG,LMP_GHG_PRC,BIGBASN_6_N001,ALL,1,0,4,5
2022-09-01T22:45:00-00:00,2022-09-01T23:00:00-00:00,2022-09-01,16,BIGBASN_6_N001,BIGBASN_6_N001,BIGBASN_6_N001,RTPD,MGHG,LMP_GHG_PRC,BIGBASN_6_N001,ALL,1,0,4,5
2022-09-01T23:45:00-00:00,2022-09-02T00:00:00-00:00,2022-09-01,17,BIGBASN_6_N001,BIGBASN_6_N001,BIGBASN_6_N001,RTPD,MGHG,LMP_GHG_PRC,BIGBASN_6_N001,ALL,1,0,4,5
2022-09-02T00:45:00-00:00,2022-09-02T01:00:00-00:00,2022-09-01,18,BIGBASN_6_N001,BIGBASN_6_N001,BIGBASN_6_N001,RTPD,MGHG,LMP_GHG_PRC,BIGBASN_6_N001,ALL,1,0,4,5
2022-09-02T01:45:00-00:00,2022-09-02T02:00:00-00:00,2022-09-01,19,BIGBASN_6_N001,BIGBASN_6_N001,BIGBASN_6_N001,RTPD,MGHG,LMP_GHG_PRC,BIGBASN_6_N001,ALL,1,0,4,5
2022-09-02T02:45:00-00:00,2022-09-02T03:00:00-00:00,2022-09-01,20,BIGBASN_6_N001,BIGBASN_6_N001,BIGBASN_6_N001,RTPD,MGHG,LMP_GHG_PRC,BIGBASN_6_N001,ALL,1,0,4,5
2022-09-02T03:45:00-00:00,2022-09-02T04:00:00-00:00,2022-09-01,21,BIGBASN_6_N001,BIGBASN_6_N001,BIGBASN_6_N001,RTPD,MGHG,LMP_GHG_PRC,BIGBASN_6_N001,ALL,1,0,4,5
2022-09-02T04:45:00-00:00,2022-09-02T05:00:00-00:00,2022-09-01,22,BIGBASN_6_N001,BIGBASN_6_N001,BIGBASN_6_N001,RTPD,MGHG,LMP_GHG_PRC,BIGBASN_6_N001,ALL,1,0,4,5
2022-09-02T05:45:00-00:00,2022-09-02T06:00:00-00:00,2022-09-01,23,BIGBASN_6_N001,BIGBASN_6_N001,BIGBASN_6_N001,RTPD,MGHG,LMP_GHG_PRC,BIGBASN_6_N001,ALL,1,0,4,5
2022-09-02T06:45:00-00:00,2022-09-02T07:00:00-00:00,2022-09-01,24,BIGBASN_6_N001,BIGBASN_6_N001,BIGBASN_6_N001,RTPD,MGHG,LMP_GHG_PRC,BIGBASN_6_N001,ALL,1,0,4,5
