INTERVALSTARTTIME_GMT,INTERVALENDTIME_GMT,OPR_DT,OPR_HR,NODE_ID_XML,NODE_ID,NODE,MARKET_RUN_ID,LMP_TYPE,XML_DATA_ITEM,PNODE_RESMRID,GRP_TYPE,POS,PRC,OPR_INTERVAL,GROUP
2022-09-01T07:00:00-00:00,2022-09-01T07:15:00-00:00,2022-09-01,01,BELRIDGE_1_N001,BELRIDGE_1_N001,BELRIDGE_1_N001,RTPD,LMP,LMP_PRC,BELRIDGE_1_N001,ALL,1,70.84456,1,1
2022-09-01T08:00:00-00:00,2022-09-01T08:15:00-00:00,2022-09-01,02,BELRIDGE_1_N001,BELRIDGE_1_N001,BELRIDGE_1_N001,RTPD,LMP,LMP_PRC,BELRIDGE_1_N001,ALL,1,111.45393,1,1
2022-09-01T09:00:00-00:00,2022-09-01T09:15:00-00:00,2022-09-01,03,BELRIDGE_1_N001,BELRIDGE_1_N001,BELRIDGE_1_N001,RTPD,LMP,LMP_PRC,BELRIDGE_1_N001,ALL,1,98.53267,1,1
2022-09-01T10:00:00-00:00,2022-09-01T10:15:00-00:00,2022-09-01,04,BELRIDGE_1_N001,BELRIDGE_1_N001,BELRIDGE_1_N001,RTPD,LMP,LMP_PRC,BELRIDGE_1_N001,ALL,1,98.14967,1,1
2022-09-01T11:00:00-00:00,2022-09-01T11:15:00-00:00,2022-09-01,05,BELRIDGE_1_N001,BELRIDGE_1_N001,BELRIDGE_1_N001,RTPD,LMP,LMP_PRC,BELRIDGE_1_N001,ALL,1,106.93801,1,1
2022-09-01T12:00:00-00:00,2022-09-01T12:15:00-00:00,2022-09-01,06,BELRIDGE_1_N001,BELRIDGE_1_N001,BELRIDGE_1_N001,RTPD,LMP,LMP_PRC,BELRIDGE_1_N001,ALL,1,88.60711,1,1
2022-09-01T13:00:00-00:00,2022-09-01T13:15:00-00:00,2022-09-01,07,BELRIDGE_1_N001,BELRIDGE_1_N001,BELRIDGE_1_N001,RTPD,LMP,LMP_PRC,BELRIDGE_1_N001,ALL,1,85.57244,1,1
2022-09-01T14:00:00-00:00,2022-09-01T14:15:00-00:00,2022-09-01,08,BELRIDGE_1_N001,BELRIDGE_1_N001,BELRIDGE_1_N001,RTPD,LMP,LMP_PRC,BELRIDGE_1_N001,ALL,1,114.61222,1,1
2022-09-01T15:00:00-00:00,2022-09-01T15:15:00-00:00,2022-09-01,09,BELRIDGE_1_N001,BELRIDGE_1_N001,BELRIDGE_1_N001,RTPD,LMP,LMP_PRC,BELRIDGE_1_N001,ALL,1,97.4112,1,1
2022-09-01T16:00:00-00:00,2022-09-01T16:15:00-00:00,2022-09-01,10,BELRIDGE_1_N001,BELRIDGE_1_N001,BELRIDGE_1_N001,RTPD,LMP,LMP_PRC,BELRIDGE_1_N001,ALL,1,83.43525,1,1
2022-09-01T17:00:00-00:00,2022-09-01T17:15:00-00:00,2022-09-01,11,BELRIDGE_1_N001,BELRIDGE_1_N001,BELRIDGE_1_N001,RTPD,LMP,LMP_PRC,BELRIDGE_1_N001,ALL,1,76.6726,1,1
2022-09-01T18:00:00-00:00,2022-09-01T18:15:00-00:00,2022-09-01,12,BELRIDGE_1_N001,BELRIDGE_1_N001,BELRIDGE_1_N001,RTPD,LMP,LMP_PRC,BELRIDGE_1_N001,ALL,1,52.20145,1,1
2022-09-01T19:00:00-00:00,2022-09-01T19:15:00-00:00,2022-09-01,13,BELRIDGE_1_N001,BELRIDGE_1_N001,BELRIDGE_1_N001,RTPD,LMP,LMP_PRC,BELRIDGE_1_N001,ALL,1,65.7935,1,1
2022-09-01T20:00:00-00:00,2022-09-01T20:15:00-00:00,2022-09-01,14,BELRIDGE_1_N001,BELRIDGE_1_N001,BELRIDGE_1_N001,RTPD,LMP,LMP_PRC,BELRIDGE_1_N001,ALL,1,113.67629,1,1
2022-09-01T21:00:00-00:00,2022-09-01T21:15:00-00:00,2022-09-01,15,BELRIDGE_1_N001,BELRIDGE_1_N001,BELRIDGE_1_N001,RTPD,LMP,LMP_PRC,BELRIDGE_1_N001,ALL,1,-0.01,1,1
2022-09-01T22:00:00-00:00,2022-09-01T22:15:00-00:00,2022-09-01,16,BELRIDGE_1_N001,BELRIDGE_1_N001,BELRIDGE_1_N001,RTPD,LMP,LMP_PRC,BELRIDGE_1_N001,ALL,1,98.51081,1,1
2022-09-01T23:00:00-00:00,2022-09-01T23:15:00-00:00,2022-09-01,17,BELRIDGE_1_N001,BELRIDGE_1_N001,BELRIDGE_1_N001,RTPD,LMP,LMP_PRC,BELRIDGE_1_N001,ALL,1,171.37112,1,1
2022-09-02T00:00:00-00:00,2022-09-02T00:15:00-00:00,2022-09-01,18,BELRIDGE_1_N001,BELRIDGE_1_N001,BELRIDGE_1_N001,RTPD,LMP,LMP_PRC,BELRIDGE_1_N001,ALL,1,994.4548,1,1
2022-09-02T01:00:00-00:00,2022-09-02T01:15:00-00:00,2022-09-01,19,BELRIDGE_1_N001,BELRIDGE_1_N001,BELRIDGE_1_N001,RTPD,LMP,LMP_PRC,BELRIDGE_1_N001,ALL,1,1164.1804,1,1
2022-09-02T02:00:00-00:00,2022-09-02T02:15:00-00:00,2022-09-01,20,BELRIDGE_1_N001,BELRIDGE_1_N001,BELRIDGE_1_N001,RTPD,LMP,LMP_PRC,BELRIDGE_1_N001,ALL,1,1991.6721,1,1
2022-09-02T03:00:00-00:00,2022-09-02T03:15:00-00:00,2022-09-01,21,BELRIDGE_1_N001,BELRIDGE_1_N001,BELRIDGE_1_N001,RTPD,LMP,LMP_PRC,BELRIDGE_1_N001,ALL,1,1313.013,1,1
2022-09-02T04:00:00-00:00,2022-09-02T04:15:00-00:00,2022-09-01,22,BELRIDGE_1_N001,BELRIDGE_1_N001,BELRIDGE_1_N001,RTPD,LMP,LMP_PRC,BELRIDGE_1_N001,ALL,1,514.47955,1,1
2022-09-02T05:00:00-00:00,2022-09-02T05:15:00-00:00,2022-09-01,23,BELRIDGE_1_N001,BELRIDGE_1_N001,BELRIDGE_1_N001,RTPD,LMP,LMP_PRC,BELRIDGE_1_N001,ALL,1,201.074,1,1
2022-09-02T06:00:00-00:00,2022-09-02T06:15:00-00:00,2022-09-01,24,BELRIDGE_1_N001,BELRIDGE_1_N001,BELRIDGE_1_N001,RTPD,LMP,LMP_PRC,BELRIDGE_1_N001,ALL,1,206.082,1,1
2022-09-01T07:15:00-00:00,2022-09-01T07:30:00-00:00,2022-09-01,01,BELRIDGE_1_N001,BELRIDGE_1_N001,BELRIDGE_1_N001,RTPD,LMP,LMP_PRC,BELRIDGE_1_N001,ALL,1,113.28951,2,1
2022-09-01T08:15:00-00:00,2022-09-01T08:30:00-00:00,2022-09-01,02,BELRIDGE_1_N001,BELRIDGE_1_N001,BELRIDGE_1_N001,RTPD,LMP,LMP_PRC,BELRIDGE_1_N001,ALL,1,114.41394,2,1
2022-09-01T09:15:00-00:00,2022-09-01T09:30:00-00:00,2022-09-01,03,BELRIDGE_1_N001,BELRIDGE_1_N001,BELRIDGE_1_N001,RTPD,LMP,LMP_PRC,BELRIDGE_1_N001,ALL,1,95.26159,2,1
2022-09-01T10:15:00-00:00,2022-09-01T10:30:00-00:00,2022-09-01,04,BELRIDGE_1_N001,BELRIDGE_1_N001,BELRIDGE_1_N001,RTPD,LMP,LMP_PRC,BELRIDGE_1_N001,ALL,1,94.6206,2,1
2022-09-01T11:15:00-00:00,2022-09-01T11:30:00-00:00,2022-09-01,05,BELRIDGE_1_N001,BELRIDGE_1_N001,BELRIDGE_1_N001,RTPD,LMP,LMP_PRC,BELRIDGE_1_N001,ALL,1,107.55441,2,1
2022-09-01T12:15:00-00:00,2022-09-01T12:30:00-00:00,2022-09-01,06,BELRIDGE_1_N001,BELRIDGE_1_N001,BELRIDGE_1_N001,RTPD,LMP,LMP_PRC,BELRIDGE_1_N001,ALL,1,106.50244,2,1
2022-09-01T13:15:00-00:00,2022-09-01T13:30:00-00:00,2022-09-01,07,BELRIDGE_1_N001,BELRIDGE_1_N001,BELRIDGE_1_N001,RTPD,LMP,LMP_PRC,BELRIDGE_1_N001,ALL,1,114.56527,2,1
2022-09-01T14:15:00-00:00,2022-09-01T14:30:00-00:00,2022-09-01,08,BELRIDGE_1_N001,BELRIDGE_1_N001,BELRIDGE_1_N001,RTPD,LMP,LMP_PRC,BELRIDGE_1_N001,ALL,1,107.10324,2,1
2022-09-01T15:15:00-00:00,2022-09-01T15:30:00-00:00,2022-09-01,09,BELRIDGE_1_N001,BELRIDGE_1_N001,BELRIDGE_1_N001,RTPD,LMP,LMP_PRC,BELRIDGE_1_N001,ALL,1,86.9388,2,1
2022-09-01T16:15:00-00:00,2022-09-01T16:30:00-00:00,2022-09-01,10,BELRIDGE_1_N001,BELRIDGE_1_N001,BELRIDGE_1_N001,RTPD,LMP,LMP_PRC,BELRIDGE_1_N001,ALL,1,87.44595,2,1
2022-09-01T17:15:00-00:00,2022-09-01T17:30:00-00:00,2022-09-01,11,BELRIDGE_1_N001,BELRIDGE_1_N001,BELRIDGE_1_N001,RTPD,LMP,LMP_PRC,BELRIDGE_1_N001,ALL,1,74.56508,2,1
2022-09-01T18:15:00-00:00,2022-09-01T18:30:00-00:00,2022-09-01,12,BELRIDGE_1_N001,BELRIDGE_1_N001,BELRIDGE_1_N001,RTPD,LMP,LMP_PRC,BELRIDGE_1_N001,ALL,1,69.0824,2,1
2022-09-01T19:15:00-00:00,2022-09-01T19:30:00-00:00,2022-09-01,13,BELRIDGE_1_N001,BELRIDGE_1_N001,BELRIDGE_1_N001,RTPD,LMP,LMP_PRC,BELRIDGE_1_N001,ALL,1,69.56479,2,1
2022-09-01T20:15:00-00:00,2022-09-01T20:30:00-00:00,2022-09-01,14,BELRIDGE_1_N001,BELRIDGE_1_N001,BELRIDGE_1_N001,RTPD,LMP,LMP_PRC,BELRIDGE_1_N001,ALL,1,113.65143,2,1
2022-09-01T21:15:00-00:00,2022-09-01T21:30:00-00:00,2022-09-01,15,BELRIDGE_1_N001,BELRIDGE_1_N001,BELRIDGE_1_N001,RTPD,LMP,LMP_PRC,BELRIDGE_1_N001,ALL,1,-0.01,2,1
2022-09-01T22:15:00-00:00,2022-09-01T22:30:00-00:00,2022-09-01,16,BELRIDGE_1_N001,BELRIDGE_1_N001,BELRIDGE_1_N001,RTPD,LMP,LMP_PRC,BELRIDGE_1_N001,ALL,1,113.23523,2,1
2022-09-01T23:15:00-00:00,2022-09-01T23:30:00-00:00,2022-09-01,17,BELRIDGE_1_N001,BELRIDGE_1_N001,BELRIDGE_1_N001,RTPD,LMP,LMP_PRC,BELRIDGE_1_N001,ALL,1,230.07349,2,1
2022-09-02T00:15:00-00:00,2022-09-02T00:30:00-00:00,2022-09-01,18,BELRIDGE_1_N001,BELRIDGE_1_N001,BELRIDGE_1_N001,RTPD,LMP,LMP_PRC,BELRIDGE_1_N001,ALL,1,910.16516,2,1
2022-09-02T01:15:00-00:00,2022-09-02T01:30:00-00:00,2022-09-01,19,BELRIDGE_1_N001,BELRIDGE_1_N001,BELRIDGE_1_N001,RTPD,LMP,LMP_PRC,BELRIDGE_1_N001,ALL,1,1999.9933,2,1
2022-09-02T02:15:00-00:00,2022-09-02T02:30:00-00:00,2022-09-01,20,BELRIDGE_1_N001,BELRIDGE_1_N001,BELRIDGE_1_N001,RTPD,LMP,LMP_PRC,BELRIDGE_1_N001,ALL,1,1991.6721,2,1
2022-09-02T03:15:00-00:00,2022-09-02T03:30:00-00:00,2022-09-01,21,BELRIDGE_1_N001,BELRIDGE_1_N001,BELRIDGE_1_N001,RTPD,LMP,LMP_PRC,BELRIDGE_1_N001,ALL,1,540.41833,2,1
2022-09-02T04:15:00-00:00,2022-09-02T04:30:00-00:00,2022-09-01,22,BELRIDGE_1_N001,BELRIDGE_1_N001,BELRIDGE_1_N001,RTPD,LMP,LMP_PRC,BELRIDGE_1_N001,ALL,1,457.40765,2,1
2022-09-02T05:15:00-00:00,2022-09-02T05:30:00-00:00,2022-09-01,23,BELRIDGE_1_N001,BELRIDGE_1_N001,BELRIDGE_1_N001,RTPD,LMP,LMP_PRC,BELRIDGE_1_N001,ALL,1,175.30275,2,1
2022-09-02T06:15:00-00:00,2022-09-02T06:30:00-00:00,2022-09-01,24,BELRIDGE_1_N001,BELRIDGE_1_N001,BELRIDGE_1_N001,RTPD,LMP,LMP_PRC,BELRIDGE_1_N001,ALL,1,151.70792,2,1
2022-09-01T07:30:00-00:00,2022-09-01T07:45:00-00:00,2022-09-01,01,BELRIDGE_1_N001,BELRIDGE_1_N001,BELRIDGE_1_N001,RTPD,LMP,LMP_PRC,BELRIDGE_1_N001,ALL,1,99.23587,3,1
2022-09-01T08:30:00-00:00,2022-09-01T08:45:00-00:00,2022-09-01,02,BELRIDGE_1_N001,BELRIDGE_1_N001,BELRIDGE_1_N001,RTPD,LMP,LMP_PRC,BELRIDGE_1_N001,ALL,1,115.08918,3,1
2022-09-01T09:30:00-00:00,2022-09-01T09:45:00-00:00,2022-09-01,03,BELRIDGE_1_N001,BELRIDGE_1_N001,BELRIDGE_1_N001,RTPD,LMP,LMP_PRC,BELRIDGE_1_N001,ALL,1,95.04942,3,1
2022-09-01T10:30:00-00:00,2022-09-01T10:45:00-00:00,2022-09-01,04,BELRIDGE_1_N001,BELRIDGE_1_N001,BELRIDGE_1_N001,RTPD,LMP,LMP_PRC,BELRIDGE_1_N001,ALL,1,96.92227,3,1
2022-09-01T11:30:00-00:00,2022-09-01T11:45:00-00:00,2022-09-01,05,BELRIDGE_1_N001,BELRIDGE_1_N001,BELRIDGE_1_N001,RTPD,LMP,LMP_PRC,BELRIDGE_1_N001,ALL,1,107.66885,3,1
2022-09-01T12:30:00-00:00,2022-09-01T12:45:00-00:00,2022-09-01,06,BELRIDGE_1_N001,BELRIDGE_1_N001,BELRIDGE_1_N001,RTPD,LMP,LMP_PRC,BELRIDGE_1_N001,ALL,1,105.14481,3,1
2022-09-01T13:30:00-00:00,2022-09-01T13:45:00-00:00,2022-09-01,07,BELRIDGE_1_N001,BELRIDGE_1_N001,BELRIDGE_1_N001,RTPD,LMP,LMP_PRC,BELRIDGE_1_N001,ALL,1,115.79147,3,1
2022-09-01T14:30:00-00:00,2022-09-01T14:45:00-00:00,2022-09-01,08,BELRIDGE_1_N001,BELRIDGE_1_N001,BELRIDGE_1_N001,RTPD,LMP,LMP_PRC,BELRIDGE_1_N001,ALL,1,102.95446,3,1
2022-09-01T15:30:00-00:00,2022-09-01T15:45:00-00:00,2022-09-01,09,BELRIDGE_1_N001,BELRIDGE_1_N001,BELRIDGE_1_N001,RTPD,LMP,LMP_PRC,BELRIDGE_1_N001,ALL,1,86.1388,3,1
2022-09-01T16:30:00-00:00,2022-09-01T16:45:00-00:00,2022-09-01,10,BELRIDGE_1_N001,BELRIDGE_1_N001,BELRIDGE_1_N001,RTPD,LMP,LMP_PRC,BELRIDGE_1_N001,ALL,1,72.04494,3,1
2022-09-01T17:30:00-00:00,2022-09-01T17:45:00-00:00,2022-09-01,11,BELRIDGE_1_N001,BELRIDGE_1_N001,BELRIDGE_1_N001,RTPD,LMP,LMP_PRC,BELRIDGE_1_N001,ALL,1,74.28139,3,1
2022-09-01T18:30:00-00:00,2022-09-01T18:45:00-00:00,2022-09-01,12,BELRIDGE_1_N001,BELRIDGE_1_N001,BELRIDGE_1_N001,RTPD,LMP,LMP_PRC,BELRIDGE_1_N001,ALL,1,73.63824,3,1
2022-09-01T19:30:00-00:00,2022-09-01T19:45:00-00:00,2022-09-01,13,BELRIDGE_1_N001,BELRIDGE_1_N001,BELRIDGE_1_N001,RTPD,LMP,LMP_PRC,BELRIDGE_1_N001,ALL,1,98.68654,3,1
2022-09-01T20:30:00-00:00,2022-09-01T20:45:00-00:00,2022-09-01,14,BELRIDGE_1_N001,BELRIDGE_1_N001,BELRIDGE_1_N001,RTPD,LMP,LMP_PRC,BELRIDGE_1_N001,ALL,1,114.31118,3,1
2022-09-01T21:30:00-00:00,2022-09-01T21:45:00-00:00,2022-09-01,15,BELRIDGE_1_N001,BELRIDGE_1_N001,BELRIDGE_1_N001,RTPD,LMP,LMP_PRC,BELRIDGE_1_N001,ALL,1,-0.01,3,1
2022-09-01T22:30:00-00:00,2022-09-01T22:45:00-00:00,2022-09-01,16,BELRIDGE_1_N001,BELRIDGE_1_N001,BELRIDGE_1_N001,RTPD,LMP,LMP_PRC,BELRIDGE_1_N001,ALL,1,129.54666,3,1
2022-09-01T23:30:00-00:00,2022-09-01T23:45:00-00:00,2022-09-01,17,BELRIDGE_1_N001,BELRIDGE_1_N001,BELRIDGE_1_N001,RTPD,LMP,LMP_PRC,BELRIDGE_1_N001,ALL,1,566.48157,3,1
2022-09-02T00:30:00-00:00,2022-09-02T00:45:00-00:00,2022-09-01,18,BELRIDGE_1_N001,BELRIDGE_1_N001,BELRIDGE_1_N001,RTPD,LMP,LMP_PRC,BELRIDGE_1_N001,ALL,1,1673.9807,3,1
2022-09-02T01:30:00-00:00,2022-09-02T01:45:00-00:00,2022-09-01,19,BELRIDGE_1_N001,BELRIDGE_1_N001,BELRIDGE_1_N001,RTPD,LMP,LMP_PRC,BELRIDGE_1_N001,ALL,1,1999.9956,3,1
2022-09-02T02:30:00-00:00,2022-09-02T02:45:00-00:00,2022-09-01,20,BELRIDGE_1_N001,BELRIDGE_1_N001,BELRIDGE_1_N001,RTPD,LMP,LMP_PRC,BELRIDGE_1_N001,ALL,1,1991.671,3,1
2022-09-02T03:30:00-00:00,2022-09-02T03:45:00-00:00,2022-09-01,21,BELRIDGE_1_N001,BELRIDGE_1_N001,BELRIDGE_1_N001,RTPD,LMP,LMP_PRC,BELRIDGE_1_N001,ALL,1,221.39961,3,1
2022-09-02T04:30:00-00:00,2022-09-02T04:45:00-00:00,2022-09-01,22,BELRIDGE_1_N001,BELRIDGE_1_N001,BELRIDGE_1_N001,RTPD,LMP,LMP_PRC,BELRIDGE_1_N001,ALL,1,311.19214,3,1
2022-09-02T05:30:00-00:00,2022-09-02T05:45:00-00:00,2022-09-01,23,BELRIDGE_1_N001,BELRIDGE_1_N001,BELRIDGE_1_N001,RTPD,LMP,LMP_PRC,BELRIDGE_1_N001,ALL,1,146.26068,3,1
2022-09-02T06:30:00-00:00,2022-09-02T06:45:00-00:00,2022-09-01,24,BELRIDGE_1_N001,BELRIDGE_1_N001,BELRIDGE_1_N001,RTPD,LMP,LMP_PRC,BELRIDGE_1_N001,ALL,1,144.52985,3,1
2022-09-01T07:45:00-00:00,2022-09-01T08:00:00-00:00,2022-09-01,01,BELRIDGE_1_N001,BELRIDGE_1_N001,BELRIDGE_1_N001,RTPD,LMP,LMP_PRC,BELRIDGE_1_N001,ALL,1,86.55663,4,1
2022-09-01T08:45:00-00:00,2022-09-01T09:00:00-00:00,2022-09-01,02,BELRIDGE_1_N001,BELRIDGE_1_N001,BELRIDGE_1_N001,RTPD,LMP,LMP_PRC,BELRIDGE_1_N001,ALL,1,96.95966,4,1
2022-09-01T09:45:00-00:00,2022-09-01T10:00:00-00:00,2022-09-01,03,BELRIDGE_1_N001,BELRIDGE_1_N001,BELRIDGE_1_N001,RTPD,LMP,LMP_PRC,BELRIDGE_1_N001,ALL,1,95.40447,4,1
2022-09-01T10:45:00-00:00,2022-09-01T11:00:00-00:00,2022-09-01,04,BELRIDGE_1_N001,BELRIDGE_1_N001,BELRIDGE_1_N001,RTPD,LMP,LMP_PRC,BELRIDGE_1_N001,ALL,1,97.52518,4,1
2022-09-01T11:45:00-00:00,2022-09-01T12:00:00-00:00,2022-09-01,05,BELRIDGE_1_N001,BELRIDGE_1_N001,BELRIDGE_1_N001,RTPD,LMP,LMP_PRC,BELRIDGE_1_N001,ALL,1,107.01,4,1
2022-09-01T12:45:00-00:00,2022-09-01T13:00:00-00:00,2022-09-01,06,BELRIDGE_1_N001,BELRIDGE_1_N001,BELRIDGE_1_N001,RTPD,LMP,LMP_PRC,BELRIDGE_1_N001,ALL,1,113.59228,4,1
2022-09-01T13:45:00-00:00,2022-09-01T14:00:00-00:00,2022-09-01,07,BELRIDGE_1_N001,BELRIDGE_1_N001,BELRIDGE_1_N001,RTPD,LMP,LMP_PRC,BELRIDGE_1_N001,ALL,1,111.41,4,1
2022-09-01T14:45:00-00:00,2022-09-01T15:00:00-00:00,2022-09-01,08,BELRIDGE_1_N001,BELRIDGE_1_N001,BELRIDGE_1_N001,RTPD,LMP,LMP_PRC,BELRIDGE_1_N001,ALL,1,86.1388,4,1
2022-09-01T15:45:00-00:00,2022-09-01T16:00:00-00:00,2022-09-01,09,BELRIDGE_1_N001,BELRIDGE_1_N001,BELRIDGE_1_N001,RTPD,LMP,LMP_PRC,BELRIDGE_1_N001,ALL,1,78.70076,4,1
2022-09-01T16:45:00-00:00,2022-09-01T17:00:00-00:00,2022-09-01,10,BELRIDGE_1_N001,BELRIDGE_1_N001,BELRIDGE_1_N001,RTPD,LMP,LMP_PRC,BELRIDGE_1_N001,ALL,1,76.16325,4,1
2022-09-01T17:45:00-00:00,2022-09-01T18:00:00-00:00,2022-09-01,11,BELRIDGE_1_N001,BELRIDGE_1_N001,BELRIDGE_1_N001,RTPD,LMP,LMP_PRC,BELRIDGE_1_N001,ALL,1,74.73925,4,1
2022-09-01T18:45:00-00:00,2022-09-01T19:00:00-00:00,2022-09-01,12,BELRIDGE_1_N001,BELRIDGE_1_N001,BELRIDGE_1_N001,RTPD,LMP,LMP_PRC,BELRIDGE_1_N001,ALL,1,75.74962,4,1
2022-09-01T19:45:00-00:00,2022-09-01T20:00:00-00:00,2022-09-01,13,BELRIDGE_1_N001,BELRIDGE_1_N001,BELRIDGE_1_N001,RTPD,LMP,LMP_PRC,BELRIDGE_1_N001,ALL,1,103.56753,4,1
2022-09-01T20:45:00-00:00,2022-09-01T21:00:00-00:00,2022-09-01,14,BELRIDGE_1_N001,BELRIDGE_1_N001,BELRIDGE_1_N001,RTPD,LMP,LMP_PRC,BELRIDGE_1_N001,ALL,1,119.55919,4,1
2022-09-01T21:45:00-00:00,2022-09-01T22:00:00-00:00,2022-09-01,15,BELRIDGE_1_N001,BELRIDGE_1_N001,BELRIDGE_1_N001,RTPD,LMP,LMP_PRC,BELRIDGE_1_N001,ALL,1,-0.01,4,1
2022-09-01T22:45:00-00:00,2022-09-01T23:00:00-00:00,2022-09-01,16,BELRIDGE_1_N001,BELRIDGE_1_N001,BELRIDGE_1_N001,RTPD,LMP,LMP_PRC,BELRIDGE_1_N001,ALL,1,117.86938,4,1
2022-09-01T23:45:00-00:00,2022-09-02T00:00:00-00:00,2022-09-01,17,BELRIDGE_1_N001,BELRIDGE_1_N001,BELRIDGE_1_N001,RTPD,LMP,LMP_PRC,BELRIDGE_1_N001,ALL,1,1561.6104,4,1
2022-09-02T00:45:00-00:00,2022-09-02T01:00:00-00:00,2022-09-01,18,BELRIDGE_1_N001,BELRIDGE_1_N001,BELRIDGE_1_N001,RTPD,LMP,LMP_PRC,BELRIDGE_1_N001,ALL,1,1786.2816,4,1
2022-09-02T01:45:00-00:00,2022-09-02T02:00:00-00:00,2022-09-01,19,BELRIDGE_1_N001,BELRIDGE_1_N001,BELRIDGE_1_N001,RTPD,LMP,LMP_PRC,BELRIDGE_1_N001,ALL,1,1991.9337,4,1
2022-09-02T02:45:00-00:00,2022-09-02T03:00:00-00:00,2022-09-01,20,BELRIDGE_1_N001,BELRIDGE_1_N001,BELRIDGE_1_N001,RTPD,LMP,LMP_PRC,BELRIDGE_1_N001,ALL,1,1829.5394,4,1
2022-09-02T03:45:00-00:00,2022-09-02T04:00:00-00:00,2022-09-01,21,BELRIDGE_1_N001,BELRIDGE_1_N001,BELRIDGE_1_N001,RTPD,LMP,LMP_PRC,BELRIDGE_1_N001,ALL,1,163.92004,4,1
2022-09-02T04:45:00-00:00,2022-09-02T05:00:00-00:00,2022-09-01,22,BELRIDGE_1_N001,BELRIDGE_1_N001,BELRIDGE_1_N001,RTPD,LMP,LMP_PRC,BELRIDGE_1_N001,ALL,1,143.10374,4,1
2022-09-02T05:45:00-00:00,2022-09-02T06:00:00-00:00,2022-09-01,23,BELRIDGE_1_N001,BELRIDGE_1_N001,BELRIDGE_1_N001,RTPD,LMP,LMP_PRC,BELRIDGE_1_N001,ALL,1,182.75868,4,1
2022-09-02T06:45:00-00:00,2022-09-02T07:00:00-00:00,2022-09-01,24,BELRIDGE_1_N001,BELRIDGE_1_N001,BELRIDGE_1_N001,RTPD,LMP,LMP_PRC,BELRIDGE_1_N001,ALL,1,119.75757,4,1
2022-09-01T07:00:00-00:00,2022-09-01T07:15:00-00:00,2022-09-01,01,BELRIDGE_1_N001,BELRIDGE_1_N001,BELRIDGE_1_N001,RTPD,MCC,LMP_CONG_PRC,BELRIDGE_1_N001,ALL,1,-29.12695,1,2
2022-09-01T08:00:00-00:00,2022-09-01T08:15:00-00:00,2022-09-01,02,BELRIDGE_1_N001,BELRIDGE_1_N001,BELRIDGE_1_N001,RTPD,MCC,LMP_CONG_PRC,BELRIDGE_1_N001,ALL,1,-4.09487,1,2
2022-09-01T09:00:00-00:00,2022-09-01T09:15:00-00:00,2022-09-01,03,BELRIDGE_1_N001,BELRIDGE_1_N001,BELRIDGE_1_N001,RTPD,MCC,LMP_CONG_PRC,BELRIDGE_1_N001,ALL,1,-5.46641,1,2
2022-09-01T10:00:00-00:00,2022-09-01T10:15:00-00:00,2022-09-01,04,BELRIDGE_1_N001,BELRIDGE_1_N001,BELRIDGE_1_N001,RTPD,MCC,LMP_CONG_PRC,BELRIDGE_1_N001,ALL,1,-4.74403,1,2
2022-09-01T11:00:00-00:00,2022-09-01T11:15:00-00:00,2022-09-01,05,BELRIDGE_1_N001,BELRIDGE_1_N001,BELRIDGE_1_N001,RTPD,MCC,LMP_CONG_PRC,BELRIDGE_1_N001,ALL,1,0,1,2
2022-09-01T12:00:00-00:00,2022-09-01T12:15:00-00:00,2022-09-01,06,BELRIDGE_1_N001,BELRIDGE_1_N001,BELRIDGE_1_N001,RTPD,MCC,LMP_CONG_PRC,BELRIDGE_1_N001,ALL,1,-12.23582,1,2
2022-09-01T13:00:00-00:00,2022-09-01T13:15:00-00:00,2022-09-01,07,BELRIDGE_1_N001,BELRIDGE_1_N001,BELRIDGE_1_N001,RTPD,MCC,LMP_CONG_PRC,BELRIDGE_1_N001,ALL,1,-16.23634,1,2
2022-09-01T14:00:00-00:00,2022-09-01T14:15:00-00:00,2022-09-01,08,BELRIDGE_1_N001,BELRIDGE_1_N001,BELRIDGE_1_N001,RTPD,MCC,LMP_CONG_PRC,BELRIDGE_1_N001,ALL,1,0,1,2
2022-09-01T15:00:00-00:00,2022-09-01T15:15:00-00:00,2022-09-01,09,BELRIDGE_1_N001,BELRIDGE_1_N001,BELRIDGE_1_N001,RTPD,MCC,LMP_CONG_PRC,BELRIDGE_1_N001,ALL,1,0,1,2
2022-09-01T16:00:00-00:00,2022-09-01T16:15:00-00:00,2022-09-01,10,BELRIDGE_1_N001,BELRIDGE_1_N001,BELRIDGE_1_N001,RTPD,MCC,LMP_CONG_PRC,BELRIDGE_1_N001,ALL,1,0,1,2
2022-09-01T17:00:00-00:00,2022-09-01T17:15:00-00:00,2022-09-01,11,BELRIDGE_1_N001,BELRIDGE_1_N001,BELRIDGE_1_N001,RTPD,MCC,LMP_CONG_PRC,BELRIDGE_1_N001,ALL,1,-20.27638,1,2
2022-09-01T18:00:00-00:00,2022-09-01T18:15:00-00:00,2022-09-01,12,BELRIDGE_1_N001,BELRIDGE_1_N001,BELRIDGE_1_N001,RTPD,MCC,LMP_CONG_PRC,BELRIDGE_1_N001,ALL,1,-39.39146,1,2
2022-09-01T19:00:00-00:00,2022-09-01T19:15:00-00:00,2022-09-01,13,BELRIDGE_1_N001,BELRIDGE_1_N001,BELRIDGE_1_N001,RTPD,MCC,LMP_CONG_PRC,BELRIDGE_1_N001,ALL,1,-43.40286,1,2
2022-09-01T20:00:00-00:00,2022-09-01T20:15:00-00:00,2022-09-01,14,BELRIDGE_1_N001,BELRIDGE_1_N001,BELRIDGE_1_N001,RTPD,MCC,LMP_CONG_PRC,BELRIDGE_1_N001,ALL,1,-4.2673,1,2
2022-09-01T21:00:00-00:00,2022-09-01T21:15:00-00:00,2022-09-01,15,BELRIDGE_1_N001,BELRIDGE_1_N001,BELRIDGE_1_N001,RTPD,MCC,LMP_CONG_PRC,BELRIDGE_1_N001,ALL,1,-226.62498,1,2
2022-09-01T22:00:00-00:00,2022-09-01T22:15:00-00:00,2022-09-01,16,BELRIDGE_1_N001,BELRIDGE_1_N001,BELRIDGE_1_N001,RTPD,MCC,LMP_CONG_PRC,BELRIDGE_1_N001,ALL,1,-130.6747,1,2
2022-09-01T23:00:00-00:00,2022-09-01T23:15:00-00:00,2022-09-01,17,BELRIDGE_1_N001,BELRIDGE_1_N001,BELRIDGE_1_N001,RTPD,MCC,LMP_CONG_PRC,BELRIDGE_1_N001,ALL,1,-215.38255,1,2
2022-09-02T00:00:00-00:00,2022-09-02T00:15:00-00:00,2022-09-01,18,BELRIDGE_1_N001,BELRIDGE_1_N001,BELRIDGE_1_N001,RTPD,MCC,LMP_CONG_PRC,BELRIDGE_1_N001,ALL,1,251.22903,1,2
2022-09-02T01:00:00-00:00,2022-09-02T01:15:00-00:00,2022-09-01,19,BELRIDGE_1_N001,BELRIDGE_1_N001,BELRIDGE_1_N001,RTPD,MCC,LMP_CONG_PRC,BELRIDGE_1_N001,ALL,1,247.90916,1,2
2022-09-02T02:00:00-00:00,2022-09-02T02:15:00-00:00,2022-09-01,20,BELRIDGE_1_N001,BELRIDGE_1_N001,BELRIDGE_1_N001,RTPD,MCC,LMP_CONG_PRC,BELRIDGE_1_N001,ALL,1,0,1,2
2022-09-02T03:00:00-00:00,2022-09-02T03:15:00-00:00,2022-09-01,21,BELRIDGE_1_N001,BELRIDGE_1_N001,BELRIDGE_1_N001,RTPD,MCC,LMP_CONG_PRC,BELRIDGE_1_N001,ALL,1,382.43298,1,2
2022-09-02T04:00:00-00:00,2022-09-02T04:15:00-00:00,2022-09-01,22,BELRIDGE_1_N001,BELRIDGE_1_N001,BELRIDGE_1_N001,RTPD,MCC,LMP_CONG_PRC,BELRIDGE_1_N001,ALL,1,252.34375,1,2
2022-09-02T05:00:00-00:00,2022-09-02T05:15:00-00:00,2022-09-01,23,BELRIDGE_1_N001,BELRIDGE_1_N001,BELRIDGE_1_N001,RTPD,MCC,LMP_CONG_PRC,BELRIDGE_1_N001,ALL,1,16.69131,1,2
2022-09-02T06:00:00-00:00,2022-09-02T06:15:00-00:00,2022-09-01,24,BELRIDGE_1_N001,BELRIDGE_1_N001,BELRIDGE_1_N001,RTPD,MCC,LMP_CONG_PRC,BELRIDGE_1_N001,ALL,1,44.08532,1,2
2022-09-01T07:15:00-00:00,2022-09-01T07:30:00-00:00,2022-09-01,01,BELRIDGE_1_N001,BELRIDGE_1_N001,BELRIDGE_1_N001,RTPD,MCC,LMP_CONG_PRC,BELRIDGE_1_N001,ALL,1,-12.26193,2,2
2022-09-01T08:15:00-00:00,2022-09-01T08:30:00-00:00,2022-09-01,02,BELRIDGE_1_N001,BELRIDGE_1_N001,BELRIDGE_1_N001,RTPD,MCC,LMP_CONG_PRC,BELRIDGE_1_N001,ALL,1,-1.11771,2,2
2022-09-01T09:15:00-00:00,2022-09-01T09:30:00-00:00,2022-09-01,03,BELRIDGE_1_N001,BELRIDGE_1_N001,BELRIDGE_1_N001,RTPD,MCC,LMP_CONG_PRC,BELRIDGE_1_N001,ALL,1,-7.20216,2,2
2022-09-01T10:15:00-00:00,2022-09-01T10:30:00-00:00,2022-09-01,04,BELRIDGE_1_N001,BELRIDGE_1_N001,BELRIDGE_1_N001,RTPD,MCC,LMP_CONG_PRC,BELRIDGE_1_N001,ALL,1,-6.71274,2,2
2022-09-01T11:15:00-00:00,2022-09-01T11:30:00-00:00,2022-09-01,05,BELRIDGE_1_N001,BELRIDGE_1_N001,BELRIDGE_1_N001,RTPD,MCC,LMP_CONG_PRC,BELRIDGE_1_N001,ALL,1,0,2,2
2022-09-01T12:15:00-00:00,2022-09-01T12:30:00-00:00,2022-09-01,06,BELRIDGE_1_N001,BELRIDGE_1_N001,BELRIDGE_1_N001,RTPD,MCC,LMP_CONG_PRC,BELRIDGE_1_N001,ALL,1,-7.46578,2,2
2022-09-01T13:15:00-00:00,2022-09-01T13:30:00-00:00,2022-09-01,07,BELRIDGE_1_N001,BELRIDGE_1_N001,BELRIDGE_1_N001,RTPD,MCC,LMP_CONG_PRC,BELRIDGE_1_N001,ALL,1,-0.69676,2,2
2022-09-01T14:15:00-00:00,2022-09-01T14:30:00-00:00,2022-09-01,08,BELRIDGE_1_N001,BELRIDGE_1_N001,BELRIDGE_1_N001,RTPD,MCC,LMP_CONG_PRC,BELRIDGE_1_N001,ALL,1,0,2,2
2022-09-01T15:15:00-00:00,2022-09-01T15:30:00-00:00,2022-09-01,09,BELRIDGE_1_N001,BELRIDGE_1_N001,BELRIDGE_1_N001,RTPD,MCC,LMP_CONG_PRC,BELRIDGE_1_N001,ALL,1,0,2,2
2022-09-01T16:15:00-00:00,2022-09-01T16:30:00-00:00,2022-09-01,10,BELRIDGE_1_N001,BELRIDGE_1_N001,BELRIDGE_1_N001,RTPD,MCC,LMP_CONG_PRC,BELRIDGE_1_N001,ALL,1,-2.00263,2,2
2022-09-01T17:15:00-00:00,2022-09-01T17:30:00-00:00,2022-09-01,11,BELRIDGE_1_N001,BELRIDGE_1_N001,BELRIDGE_1_N001,RTPD,MCC,LMP_CONG_PRC,BELRIDGE_1_N001,ALL,1,-24.78165,2,2
2022-09-01T18:15:00-00:00,2022-09-01T18:30:00-00:00,2022-09-01,12,BELRIDGE_1_N001,BELRIDGE_1_N001,BELRIDGE_1_N001,RTPD,MCC,LMP_CONG_PRC,BELRIDGE_1_N001,ALL,1,-32.07661,2,2
2022-09-01T19:15:00-00:00,2022-09-01T19:30:00-00:00,2022-09-01,13,BELRIDGE_1_N001,BELRIDGE_1_N001,BELRIDGE_1_N001,RTPD,MCC,LMP_CONG_PRC,BELRIDGE_1_N001,ALL,1,-35.74109,2,2
2022-09-01T20:15:00-00:00,2022-09-01T20:30:00-00:00,2022-09-01,14,BELRIDGE_1_N001,BELRIDGE_1_N001,BELRIDGE_1_N001,RTPD,MCC,LMP_CONG_PRC,BELRIDGE_1_N001,ALL,1,-3.84278,2,2
2022-09-01T21:15:00-00:00,2022-09-01T21:30:00-00:00,2022-09-01,15,BELRIDGE_1_N001,BELRIDGE_1_N001,BELRIDGE_1_N001,RTPD,MCC,LMP_CONG_PRC,BELRIDGE_1_N001,ALL,1,-147.22185,2,2
2022-09-01T22:15:00-00:00,2022-09-01T22:30:00-00:00,2022-09-01,16,BELRIDGE_1_N001,BELRIDGE_1_N001,BELRIDGE_1_N001,RTPD,MCC,LMP_CONG_PRC,BELRIDGE_1_N001,ALL,1,-143.3521,2,2
2022-09-01T23:15:00-00:00,2022-09-01T23:30:00-00:00,2022-09-01,17,BELRIDGE_1_N001,BELRIDGE_1_N001,BELRIDGE_1_N001,RTPD,MCC,LMP_CONG_PRC,BELRIDGE_1_N001,ALL,1,-132.05058,2,2
2022-09-02T00:15:00-00:00,2022-09-02T00:30:00-00:00,2022-09-01,18,BELRIDGE_1_N001,BELRIDGE_1_N001,BELRIDGE_1_N001,RTPD,MCC,LMP_CONG_PRC,BELRIDGE_1_N001,ALL,1,244.52197,2,2
2022-09-02T01:15:00-00:00,2022-09-02T01:30:00-00:00,2022-09-01,19,BELRIDGE_1_N001,BELRIDGE_1_N001,BELRIDGE_1_N001,RTPD,MCC,LMP_CONG_PRC,BELRIDGE_1_N001,ALL,1,0,2,2
2022-09-02T02:15:00-00:00,2022-09-02T02:30:00-00:00,2022-09-01,20,BELRIDGE_1_N001,BELRIDGE_1_N001,BELRIDGE_1_N001,RTPD,MCC,LMP_CONG_PRC,BELRIDGE_1_N001,ALL,1,0,2,2
2022-09-02T03:15:00-00:00,2022-09-02T03:30:00-00:00,2022-09-01,21,BELRIDGE_1_N001,BELRIDGE_1_N001,BELRIDGE_1_N001,RTPD,MCC,LMP_CONG_PRC,BELRIDGE_1_N001,ALL,1,134.48235,2,2
2022-09-02T04:15:00-00:00,2022-09-02T04:30:00-00:00,2022-09-01,22,BELRIDGE_1_N001,BELRIDGE_1_N001,BELRIDGE_1_N001,RTPD,MCC,LMP_CONG_PRC,BELRIDGE_1_N001,ALL,1,229.03876,2,2
2022-09-02T05:15:00-00:00,2022-09-02T05:30:00-00:00,2022-09-01,23,BELRIDGE_1_N001,BELRIDGE_1_N001,BELRIDGE_1_N001,RTPD,MCC,LMP_CONG_PRC,BELRIDGE_1_N001,ALL,1,15.9675,2,2
2022-09-02T06:15:00-00:00,2022-09-02T06:30:00-00:00,2022-09-01,24,BELRIDGE_1_N001,BELRIDGE_1_N001,BELRIDGE_1_N001,RTPD,MCC,LMP_CONG_PRC,BELRIDGE_1_N001,ALL,1,5.53075,2,2
2022-09-01T07:30:00-00:00,2022-09-01T07:45:00-00:00,2022-09-01,01,BELRIDGE_1_N001,BELRIDGE_1_N001,BELRIDGE_1_N001,RTPD,MCC,LMP_CONG_PRC,BELRIDGE_1_N001,ALL,1,-19.79609,3,2
2022-09-01T08:30:00-00:00,2022-09-01T08:45:00-00:00,2022-09-01,02,BELRIDGE_1_N001,BELRIDGE_1_N001,BELRIDGE_1_N001,RTPD,MCC,LMP_CONG_PRC,BELRIDGE_1_N001,ALL,1,-0.00106,3,2
2022-09-01T09:30:00-00:00,2022-09-01T09:45:00-00:00,2022-09-01,03,BELRIDGE_1_N001,BELRIDGE_1_N001,BELRIDGE_1_N001,RTPD,MCC,LMP_CONG_PRC,BELRIDGE_1_N001,ALL,1,-7.13752,3,2
2022-09-01T10:30:00-00:00,2022-09-01T10:45:00-00:00,2022-09-01,04,BELRIDGE_1_N001,BELRIDGE_1_N001,BELRIDGE_1_N001,RTPD,MCC,LMP_CONG_PRC,BELRIDGE_1_N001,ALL,1,-3.79557,3,2
2022-09-01T11:30:00-00:00,2022-09-01T11:45:00-00:00,2022-09-01,05,BELRIDGE_1_N001,BELRIDGE_1_N001,BELRIDGE_1_N001,RTPD,MCC,LMP_CONG_PRC,BELRIDGE_1_N001,ALL,1,0,3,2
2022-09-01T12:30:00-00:00,2022-09-01T12:45:00-00:00,2022-09-01,06,BELRIDGE_1_N001,BELRIDGE_1_N001,BELRIDGE_1_N001,RTPD,MCC,LMP_CONG_PRC,BELRIDGE_1_N001,ALL,1,-12.92676,3,2
2022-09-01T13:30:00-00:00,2022-09-01T13:45:00-00:00,2022-09-01,07,BELRIDGE_1_N001,BELRIDGE_1_N001,BELRIDGE_1_N001,RTPD,MCC,LMP_CONG_PRC,BELRIDGE_1_N001,ALL,1,0,3,2
2022-09-01T14:30:00-00:00,2022-09-01T14:45:00-00:00,2022-09-01,08,BELRIDGE_1_N001,BELRIDGE_1_N001,BELRIDGE_1_N001,RTPD,MCC,LMP_CONG_PRC,BELRIDGE_1_N001,ALL,1,0,3,2
2022-09-01T15:30:00-00:00,2022-09-01T15:45:00-00:00,2022-09-01,09,BELRIDGE_1_N001,BELRIDGE_1_N001,BELRIDGE_1_N001,RTPD,MCC,LMP_CONG_PRC,BELRIDGE_1_N001,ALL,1,0,3,2
2022-09-01T16:30:00-00:00,2022-09-01T16:45:00-00:00,2022-09-01,10,BELRIDGE_1_N001,BELRIDGE_1_N001,BELRIDGE_1_N001,RTPD,MCC,LMP_CONG_PRC,BELRIDGE_1_N001,ALL,1,-16.7515,3,2
2022-09-01T17:30:00-00:00,2022-09-01T17:45:00-00:00,2022-09-01,11,BELRIDGE_1_N001,BELRIDGE_1_N001,BELRIDGE_1_N001,RTPD,MCC,LMP_CONG_PRC,BELRIDGE_1_N001,ALL,1,-24.84874,3,2
2022-09-01T18:30:00-00:00,2022-09-01T18:45:00-00:00,2022-09-01,12,BELRIDGE_1_N001,BELRIDGE_1_N001,BELRIDGE_1_N001,RTPD,MCC,LMP_CONG_PRC,BELRIDGE_1_N001,ALL,1,-33.41894,3,2
2022-09-01T19:30:00-00:00,2022-09-01T19:45:00-00:00,2022-09-01,13,BELRIDGE_1_N001,BELRIDGE_1_N001,BELRIDGE_1_N001,RTPD,MCC,LMP_CONG_PRC,BELRIDGE_1_N001,ALL,1,-15.37251,3,2
2022-09-01T20:30:00-00:00,2022-09-01T20:45:00-00:00,2022-09-01,14,BELRIDGE_1_N001,BELRIDGE_1_N001,BELRIDGE_1_N001,RTPD,MCC,LMP_CONG_PRC,BELRIDGE_1_N001,ALL,1,-15.50487,3,2
2022-09-01T21:30:00-00:00,2022-09-01T21:45:00-00:00,2022-09-01,15,BELRIDGE_1_N001,BELRIDGE_1_N001,BELRIDGE_1_N001,RTPD,MCC,LMP_CONG_PRC,BELRIDGE_1_N001,ALL,1,-152.94057,3,2
2022-09-01T22:30:00-00:00,2022-09-01T22:45:00-00:00,2022-09-01,16,BELRIDGE_1_N001,BELRIDGE_1_N001,BELRIDGE_1_N001,RTPD,MCC,LMP_CONG_PRC,BELRIDGE_1_N001,ALL,1,-153.63515,3,2
2022-09-01T23:30:00-00:00,2022-09-01T23:45:00-00:00,2022-09-01,17,BELRIDGE_1_N001,BELRIDGE_1_N001,BELRIDGE_1_N001,RTPD,MCC,LMP_CONG_PRC,BELRIDGE_1_N001,ALL,1,0,3,2
2022-09-02T00:30:00-00:00,2022-09-02T00:45:00-00:00,2022-09-01,18,BELRIDGE_1_N001,BELRIDGE_1_N001,BELRIDGE_1_N001,RTPD,MCC,LMP_CONG_PRC,BELRIDGE_1_N001,ALL,1,344.86807,3,2
2022-09-02T01:30:00-00:00,2022-09-02T01:45:00-00:00,2022-09-01,19,BELRIDGE_1_N001,BELRIDGE_1_N001,BELRIDGE_1_N001,RTPD,MCC,LMP_CONG_PRC,BELRIDGE_1_N001,ALL,1,0,3,2
2022-09-02T02:30:00-00:00,2022-09-02T02:45:00-00:00,2022-09-01,20,BELRIDGE_1_N001,BELRIDGE_1_N001,BELRIDGE_1_N001,RTPD,MCC,LMP_CONG_PRC,BELRIDGE_1_N001,ALL,1,0,3,2
2022-09-02T03:30:00-00:00,2022-09-02T03:45:00-00:00,2022-09-01,21,BELRIDGE_1_N001,BELRIDGE_1_N001,BELRIDGE_1_N001,RTPD,MCC,LMP_CONG_PRC,BELRIDGE_1_N001,ALL,1,31.59022,3,2
2022-09-02T04:30:00-00:00,2022-09-02T04:45:00-00:00,2022-09-01,22,BELRIDGE_1_N001,BELRIDGE_1_N001,BELRIDGE_1_N001,RTPD,MCC,LMP_CONG_PRC,BELRIDGE_1_N001,ALL,1,127.73145,3,2
2022-09-02T05:30:00-00:00,2022-09-02T05:45:00-00:00,2022-09-01,23,BELRIDGE_1_N001,BELRIDGE_1_N001,BELRIDGE_1_N001,RTPD,MCC,LMP_CONG_PRC,BELRIDGE_1_N001,ALL,1,12.42798,3,2
2022-09-02T06:30:00-00:00,2022-09-02T06:45:00-00:00,2022-09-01,24,BELRIDGE_1_N001,BELRIDGE_1_N001,BELRIDGE_1_N001,RTPD,MCC,LMP_CONG_PRC,BELRIDGE_1_N001,ALL,1,12.16328,3,2
2022-09-01T07:45:00-00:00,2022-09-01T08:00:00-00:00,2022-09-01,01,BELRIDGE_1_N001,BELRIDGE_1_N001,BELRIDGE_1_N001,RTPD,MCC,LMP_CONG_PRC,BELRIDGE_1_N001,ALL,1,-22.56436,4,2
2022-09-01T08:45:00-00:00,2022-09-01T09:00:00-00:00,2022-09-01,02,BELRIDGE_1_N001,BELRIDGE_1_N001,BELRIDGE_1_N001,RTPD,MCC,LMP_CONG_PRC,BELRIDGE_1_N001,ALL,1,-5.50825,4,2
2022-09-01T09:45:00-00:00,2022-09-01T10:00:00-00:00,2022-09-01,03,BELRIDGE_1_N001,BELRIDGE_1_N001,BELRIDGE_1_N001,RTPD,MCC,LMP_CONG_PRC,BELRIDGE_1_N001,ALL,1,-6.36124,4,2
2022-09-01T10:45:00-00:00,2022-09-01T11:00:00-00:00,2022-09-01,04,BELRIDGE_1_N001,BELRIDGE_1_N001,BELRIDGE_1_N001,RTPD,MCC,LMP_CONG_PRC,BELRIDGE_1_N001,ALL,1,-1.49476,4,2
2022-09-01T11:45:00-00:00,2022-09-01T12:00:00-00:00,2022-09-01,05,BELRIDGE_1_N001,BELRIDGE_1_N001,BELRIDGE_1_N001,RTPD,MCC,LMP_CONG_PRC,BELRIDGE_1_N001,ALL,1,0,4,2
2022-09-01T12:45:00-00:00,2022-09-01T13:00:00-00:00,2022-09-01,06,BELRIDGE_1_N001,BELRIDGE_1_N001,BELRIDGE_1_N001,RTPD,MCC,LMP_CONG_PRC,BELRIDGE_1_N001,ALL,1,-2.89252,4,2
2022-09-01T13:45:00-00:00,2022-09-01T14:00:00-00:00,2022-09-01,07,BELRIDGE_1_N001,BELRIDGE_1_N001,BELRIDGE_1_N001,RTPD,MCC,LMP_CONG_PRC,BELRIDGE_1_N001,ALL,1,0,4,2
2022-09-01T14:45:00-00:00,2022-09-01T15:00:00-00:00,2022-09-01,08,BELRIDGE_1_N001,BELRIDGE_1_N001,BELRIDGE_1_N001,RTPD,MCC,LMP_CONG_PRC,BELRIDGE_1_N001,ALL,1,0,4,2
2022-09-01T15:45:00-00:00,2022-09-01T16:00:00-00:00,2022-09-01,09,BELRIDGE_1_N001,BELRIDGE_1_N001,BELRIDGE_1_N001,RTPD,MCC,LMP_CONG_PRC,BELRIDGE_1_N001,ALL,1,0,4,2
2022-09-01T16:45:00-00:00,2022-09-01T17:00:00-00:00,2022-09-01,10,BELRIDGE_1_N001,BELRIDGE_1_N001,BELRIDGE_1_N001,RTPD,MCC,LMP_CONG_PRC,BELRIDGE_1_N001,ALL,1,-15.08608,4,2
2022-09-01T17:45:00-00:00,2022-09-01T18:00:00-00:00,2022-09-01,11,BELRIDGE_1_N001,BELRIDGE_1_N001,BELRIDGE_1_N001,RTPD,MCC,LMP_CONG_PRC,BELRIDGE_1_N001,ALL,1,-24.46619,4,2
2022-09-01T18:45:00-00:00,2022-09-01T19:00:00-00:00,2022-09-01,12,BELRIDGE_1_N001,BELRIDGE_1_N001,BELRIDGE_1_N001,RTPD,MCC,LMP_CONG_PRC,BELRIDGE_1_N001,ALL,1,-33.29102,4,2
2022-09-01T19:45:00-00:00,2022-09-01T20:00:00-00:00,2022-09-01,13,BELRIDGE_1_N001,BELRIDGE_1_N001,BELRIDGE_1_N001,RTPD,MCC,LMP_CONG_PRC,BELRIDGE_1_N001,ALL,1,-16.65737,4,2
2022-09-01T20:45:00-00:00,2022-09-01T21:00:00-00:00,2022-09-01,14,BELRIDGE_1_N001,BELRIDGE_1_N001,BELRIDGE_1_N001,RTPD,MCC,LMP_CONG_PRC,BELRIDGE_1_N001,ALL,1,-34.4659,4,2
2022-09-01T21:45:00-00:00,2022-09-01T22:00:00-00:00,2022-09-01,15,BELRIDGE_1_N001,BELRIDGE_1_N001,BELRIDGE_1_N001,RTPD,MCC,LMP_CONG_PRC,BELRIDGE_1_N001,ALL,1,-300.30377,4,2
2022-09-01T22:45:00-00:00,2022-09-01T23:00:00-00:00,2022-09-01,16,BELRIDGE_1_N001,BELRIDGE_1_N001,BELRIDGE_1_N001,RTPD,MCC,LMP_CONG_PRC,BELRIDGE_1_N001,ALL,1,-312.0443,4,2
2022-09-01T23:45:00-00:00,2022-09-02T00:00:00-00:00,2022-09-01,17,BELRIDGE_1_N001,BELRIDGE_1_N001,BELRIDGE_1_N001,RTPD,MCC,LMP_CONG_PRC,BELRIDGE_1_N001,ALL,1,300.39786,4,2
2022-09-02T00:45:00-00:00,2022-09-02T01:00:00-00:00,2022-09-01,18,BELRIDGE_1_N001,BELRIDGE_1_N001,BELRIDGE_1_N001,RTPD,MCC,LMP_CONG_PRC,BELRIDGE_1_N001,ALL,1,267.13263,4,2
2022-09-02T01:45:00-00:00,2022-09-02T02:00:00-00:00,2022-09-01,19,BELRIDGE_1_N001,BELRIDGE_1_N001,BELRIDGE_1_N001,RTPD,MCC,LMP_CONG_PRC,BELRIDGE_1_N001,ALL,1,0,4,2
2022-09-02T02:45:00-00:00,2022-09-02T03:00:00-00:00,2022-09-01,20,BELRIDGE_1_N001,BELRIDGE_1_N001,BELRIDGE_1_N001,RTPD,MCC,LMP_CONG_PRC,BELRIDGE_1_N001,ALL,1,146.30354,4,2
2022-09-02T03:45:00-00:00,2022-09-02T04:00:00-00:00,2022-09-01,21,BELRIDGE_1_N001,BELRIDGE_1_N001,BELRIDGE_1_N001,RTPD,MCC,LMP_CONG_PRC,BELRIDGE_1_N001,ALL,1,20.46837,4,2
2022-09-02T04:45:00-00:00,2022-09-02T05:00:00-00:00,2022-09-01,22,BELRIDGE_1_N001,BELRIDGE_1_N001,BELRIDGE_1_N001,RTPD,MCC,LMP_CONG_PRC,BELRIDGE_1_N001,ALL,1,14.40054,4,2
2022-09-02T05:45:00-00:00,2022-09-02T06:00:00-00:00,2022-09-01,23,BELRIDGE_1_N001,BELRIDGE_1_N001,BELRIDGE_1_N001,RTPD,MCC,LMP_CONG_PRC,BELRIDGE_1_N001,ALL,1,62.22578,4,2
2022-09-02T06:45:00-00:00,2022-09-02T07:00:00-00:00,2022-09-01,24,BELRIDGE_1_N001,BELRIDGE_1_N001,BELRIDGE_1_N001,RTPD,MCC,LMP_CONG_PRC,BELRIDGE_1_N001,ALL,1,7.60585,4,2
2022-09-01T07:00:00-00:00,2022-09-01T07:15:00-00:00,2022-09-01,01,BELRIDGE_1_N001,BELRIDGE_1_N001,BELRIDGE_1_N001,RTPD,MCE,LMP_ENE_PRC,BELRIDGE_1_N001,ALL,1,104.23471,1,3
2022-09-01T08:00:00-00:00,2022-09-01T08:15:00-00:00,2022-09-01,02,BELRIDGE_1_N001,BELRIDGE_1_N001,BELRIDGE_1_N001,RTPD,MCE,LMP_ENE_PRC,BELRIDGE_1_N001,ALL,1,115.5488,1,3
2022-09-01T09:00:00-00:00,2022-09-01T09:15:00-00:00,2022-09-01,03,BELRIDGE_1_N001,BELRIDGE_1_N001,BELRIDGE_1_N001,RTPD,MCE,LMP_ENE_PRC,BELRIDGE_1_N001,ALL,1,99.73061,1,3
2022-09-01T10:00:00-00:00,2022-09-01T10:15:00-00:00,2022-09-01,04,BELRIDGE_1_N001,BELRIDGE_1_N001,BELRIDGE_1_N001,RTPD,MCE,LMP_ENE_PRC,BELRIDGE_1_N001,ALL,1,98.64222,1,3
2022-09-01T11:00:00-00:00,2022-09-01T11:15:00-00:00,2022-09-01,05,BELRIDGE_1_N001,BELRIDGE_1_N001,BELRIDGE_1_N001,RTPD,MCE,LMP_ENE_PRC,BELRIDGE_1_N001,ALL,1,102.56859,1,3
2022-09-01T12:00:00-00:00,2022-09-01T12:15:00-00:00,2022-09-01,06,BELRIDGE_1_N001,BELRIDGE_1_N001,BELRIDGE_1_N001,RTPD,MCE,LMP_ENE_PRC,BELRIDGE_1_N001,ALL,1,96.90845,1,3
2022-09-01T13:00:00-00:00,2022-09-01T13:15:00-00:00,2022-09-01,07,BELRIDGE_1_N001,BELRIDGE_1_N001,BELRIDGE_1_N001,RTPD,MCE,LMP_ENE_PRC,BELRIDGE_1_N001,ALL,1,101.80878,1,3
2022-09-01T14:00:00-00:00,2022-09-01T14:15:00-00:00,2022-09-01,08,BELRIDGE_1_N001,BELRIDGE_1_N001,BELRIDGE_1_N001,RTPD,MCE,LMP_ENE_PRC,BELRIDGE_1_N001,ALL,1,111.11219,1,3
2022-09-01T15:00:00-00:00,2022-09-01T15:15:00-00:00,2022-09-01,09,BELRIDGE_1_N001,BELRIDGE_1_N001,BELRIDGE_1_N001,RTPD,MCE,LMP_ENE_PRC,BELRIDGE_1_N001,ALL,1,97.4112,1,3
2022-09-01T16:00:00-00:00,2022-09-01T16:15:00-00:00,2022-09-01,10,BELRIDGE_1_N001,BELRIDGE_1_N001,BELRIDGE_1_N001,RTPD,MCE,LMP_ENE_PRC,BELRIDGE_1_N001,ALL,1,83.43525,1,3
2022-09-01T17:00:00-00:00,2022-09-01T17:15:00-00:00,2022-09-01,11,BELRIDGE_1_N001,BELRIDGE_1_N001,BELRIDGE_1_N001,RTPD,MCE,LMP_ENE_PRC,BELRIDGE_1_N001,ALL,1,96.94897,1,3
2022-09-01T18:00:00-00:00,2022-09-01T18:15:00-00:00,2022-09-01,12,BELRIDGE_1_N001,BELRIDGE_1_N001,BELRIDGE_1_N001,RTPD,MCE,LMP_ENE_PRC,BELRIDGE_1_N001,ALL,1,91.59291,1,3
2022-09-01T19:00:00-00:00,2022-09-01T19:15:00-00:00,2022-09-01,13,BELRIDGE_1_N001,BELRIDGE_1_N001,BELRIDGE_1_N001,RTPD,MCE,LMP_ENE_PRC,BELRIDGE_1_N001,ALL,1,109.19637,1,3
2022-09-01T20:00:00-00:00,2022-09-01T20:15:00-00:00,2022-09-01,14,BELRIDGE_1_N001,BELRIDGE_1_N001,BELRIDGE_1_N001,RTPD,MCE,LMP_ENE_PRC,BELRIDGE_1_N001,ALL,1,117.94359,1,3
2022-09-01T21:00:00-00:00,2022-09-01T21:15:00-00:00,2022-09-01,15,BELRIDGE_1_N001,BELRIDGE_1_N001,BELRIDGE_1_N001,RTPD,MCE,LMP_ENE_PRC,BELRIDGE_1_N001,ALL,1,226.61499,1,3
2022-09-01T22:00:00-00:00,2022-09-01T22:15:00-00:00,2022-09-01,16,BELRIDGE_1_N001,BELRIDGE_1_N001,BELRIDGE_1_N001,RTPD,MCE,LMP_ENE_PRC,BELRIDGE_1_N001,ALL,1,229.18552,1,3
2022-09-01T23:00:00-00:00,2022-09-01T23:15:00-00:00,2022-09-01,17,BELRIDGE_1_N001,BELRIDGE_1_N001,BELRIDGE_1_N001,RTPD,MCE,LMP_ENE_PRC,BELRIDGE_1_N001,ALL,1,386.7537,1,3
2022-09-02T00:00:00-00:00,2022-09-02T00:15:00-00:00,2022-09-01,18,BELRIDGE_1_N001,BELRIDGE_1_N001,BELRIDGE_1_N001,RTPD,MCE,LMP_ENE_PRC,BELRIDGE_1_N001,ALL,1,770.58136,1,3
2022-09-02T01:00:00-00:00,2022-09-02T01:15:00-00:00,2022-09-01,19,BELRIDGE_1_N001,BELRIDGE_1_N001,BELRIDGE_1_N001,RTPD,MCE,LMP_ENE_PRC,BELRIDGE_1_N001,ALL,1,916.27124,1,3
2022-09-02T02:00:00-00:00,2022-09-02T02:15:00-00:00,2022-09-01,20,BELRIDGE_1_N001,BELRIDGE_1_N001,BELRIDGE_1_N001,RTPD,MCE,LMP_ENE_PRC,BELRIDGE_1_N001,ALL,1,1991.6721,1,3
2022-09-02T03:00:00-00:00,2022-09-02T03:15:00-00:00,2022-09-01,21,BELRIDGE_1_N001,BELRIDGE_1_N001,BELRIDGE_1_N001,RTPD,MCE,LMP_ENE_PRC,BELRIDGE_1_N001,ALL,1,917.5508,1,3
2022-09-02T04:00:00-00:00,2022-09-02T04:15:00-00:00,2022-09-01,22,BELRIDGE_1_N001,BELRIDGE_1_N001,BELRIDGE_1_N001,RTPD,MCE,LMP_ENE_PRC,BELRIDGE_1_N001,ALL,1,257.83005,1,3
2022-09-02T05:00:00-00:00,2022-09-02T05:15:00-00:00,2022-09-01,23,BELRIDGE_1_N001,BELRIDGE_1_N001,BELRIDGE_1_N001,RTPD,MCE,LMP_ENE_PRC,BELRIDGE_1_N001,ALL,1,183.24657,1,3
2022-09-02T06:00:00-00:00,2022-09-02T06:15:00-00:00,2022-09-01,24,BELRIDGE_1_N001,BELRIDGE_1_N001,BELRIDGE_1_N001,RTPD,MCE,LMP_ENE_PRC,BELRIDGE_1_N001,ALL,1,158.867,1,3
2022-09-01T07:15:00-00:00,2022-09-01T07:30:00-00:00,2022-09-01,01,BELRIDGE_1_N001,BELRIDGE_1_N001,BELRIDGE_1_N001,RTPD,MCE,LMP_ENE_PRC,BELRIDGE_1_N001,ALL,1,125.55144,2,3
2022-09-01T08:15:00-00:00,2022-09-01T08:30:00-00:00,2022-09-01,02,BELRIDGE_1_N001,BELRIDGE_1_N001,BELRIDGE_1_N001,RTPD,MCE,LMP_ENE_PRC,BELRIDGE_1_N001,ALL,1,115.53165,2,3
2022-09-01T09:15:00-00:00,2022-09-01T09:30:00-00:00,2022-09-01,03,BELRIDGE_1_N001,BELRIDGE_1_N001,BELRIDGE_1_N001,RTPD,MCE,LMP_ENE_PRC,BELRIDGE_1_N001,ALL,1,98.30543,2,3
2022-09-01T10:15:00-00:00,2022-09-01T10:30:00-00:00,2022-09-01,04,BELRIDGE_1_N001,BELRIDGE_1_N001,BELRIDGE_1_N001,RTPD,MCE,LMP_ENE_PRC,BELRIDGE_1_N001,ALL,1,97.00684,2,3
2022-09-01T11:15:00-00:00,2022-09-01T11:30:00-00:00,2022-09-01,05,BELRIDGE_1_N001,BELRIDGE_1_N001,BELRIDGE_1_N001,RTPD,MCE,LMP_ENE_PRC,BELRIDGE_1_N001,ALL,1,103.09059,2,3
2022-09-01T12:15:00-00:00,2022-09-01T12:30:00-00:00,2022-09-01,06,BELRIDGE_1_N001,BELRIDGE_1_N001,BELRIDGE_1_N001,RTPD,MCE,LMP_ENE_PRC,BELRIDGE_1_N001,ALL,1,109.32203,2,3
2022-09-01T13:15:00-00:00,2022-09-01T13:30:00-00:00,2022-09-01,07,BELRIDGE_1_N001,BELRIDGE_1_N001,BELRIDGE_1_N001,RTPD,MCE,LMP_ENE_PRC,BELRIDGE_1_N001,ALL,1,110.97827,2,3
2022-09-01T14:15:00-00:00,2022-09-01T14:30:00-00:00,2022-09-01,08,BELRIDGE_1_N001,BELRIDGE_1_N001,BELRIDGE_1_N001,RTPD,MCE,LMP_ENE_PRC,BELRIDGE_1_N001,ALL,1,104.78743,2,3
2022-09-01T15:15:00-00:00,2022-09-01T15:30:00-00:00,2022-09-01,09,BELRIDGE_1_N001,BELRIDGE_1_N001,BELRIDGE_1_N001,RTPD,MCE,LMP_ENE_PRC,BELRIDGE_1_N001,ALL,1,86.9388,2,3
2022-09-01T16:15:00-00:00,2022-09-01T16:30:00-00:00,2022-09-01,10,BELRIDGE_1_N001,BELRIDGE_1_N001,BELRIDGE_1_N001,RTPD,MCE,LMP_ENE_PRC,BELRIDGE_1_N001,ALL,1,89.44858,2,3
2022-09-01T17:15:00-00:00,2022-09-01T17:30:00-00:00,2022-09-01,11,BELRIDGE_1_N001,BELRIDGE_1_N001,BELRIDGE_1_N001,RTPD,MCE,LMP_ENE_PRC,BELRIDGE_1_N001,ALL,1,99.34673,2,3
2022-09-01T18:15:00-00:00,2022-09-01T18:30:00-00:00,2022-09-01,12,BELRIDGE_1_N001,BELRIDGE_1_N001,BELRIDGE_1_N001,RTPD,MCE,LMP_ENE_PRC,BELRIDGE_1_N001,ALL,1,101.15901,2,3
2022-09-01T19:15:00-00:00,2022-09-01T19:30:00-00:00,2022-09-01,13,BELRIDGE_1_N001,BELRIDGE_1_N001,BELRIDGE_1_N001,RTPD,MCE,LMP_ENE_PRC,BELRIDGE_1_N001,ALL,1,105.30588,2,3
2022-09-01T20:15:00-00:00,2022-09-01T20:30:00-00:00,2022-09-01,14,BELRIDGE_1_N001,BELRIDGE_1_N001,BELRIDGE_1_N001,RTPD,MCE,LMP_ENE_PRC,BELRIDGE_1_N001,ALL,1,117.49421,2,3
2022-09-01T21:15:00-00:00,2022-09-01T21:30:00-00:00,2022-09-01,15,BELRIDGE_1_N001,BELRIDGE_1_N001,BELRIDGE_1_N001,RTPD,MCE,LMP_ENE_PRC,BELRIDGE_1_N001,ALL,1,147.21185,2,3
2022-09-01T22:15:00-00:00,2022-09-01T22:30:00-00:00,2022-09-01,16,BELRIDGE_1_N001,BELRIDGE_1_N001,BELRIDGE_1_N001,RTPD,MCE,LMP_ENE_PRC,BELRIDGE_1_N001,ALL,1,256.58734,2,3
2022-09-01T23:15:00-00:00,2022-09-01T23:30:00-00:00,2022-09-01,17,BELRIDGE_1_N001,BELRIDGE_1_N001,BELRIDGE_1_N001,RTPD,MCE,LMP_ENE_PRC,BELRIDGE_1_N001,ALL,1,362.12408,2,3
2022-09-02T00:15:00-00:00,2022-09-02T00:30:00-00:00,2022-09-01,18,BELRIDGE_1_N001,BELRIDGE_1_N001,BELRIDGE_1_N001,RTPD,MCE,LMP_ENE_PRC,BELRIDGE_1_N001,ALL,1,691.2182,2,3
2022-09-02T01:15:00-00:00,2022-09-02T01:30:00-00:00,2022-09-01,19,BELRIDGE_1_N001,BELRIDGE_1_N001,BELRIDGE_1_N001,RTPD,MCE,LMP_ENE_PRC,BELRIDGE_1_N001,ALL,1,1999.9933,2,3
2022-09-02T02:15:00-00:00,2022-09-02T02:30:00-00:00,2022-09-01,20,BELRIDGE_1_N001,BELRIDGE_1_N001,BELRIDGE_1_N001,RTPD,MCE,LMP_ENE_PRC,BELRIDGE_1_N001,ALL,1,1991.6721,2,3
2022-09-02T03:15:00-00:00,2022-09-02T03:30:00-00:00,2022-09-01,21,BELRIDGE_1_N001,BELRIDGE_1_N001,BELRIDGE_1_N001,RTPD,MCE,LMP_ENE_PRC,BELRIDGE_1_N001,ALL,1,400.52884,2,3
2022-09-02T04:15:00-00:00,2022-09-02T04:30:00-00:00,2022-09-01,22,BELRIDGE_1_N001,BELRIDGE_1_N001,BELRIDGE_1_N001,RTPD,MCE,LMP_ENE_PRC,BELRIDGE_1_N001,ALL,1,224.75041,2,3
2022-09-02T05:15:00-00:00,2022-09-02T05:30:00-00:00,2022-09-01,23,BELRIDGE_1_N001,BELRIDGE_1_N001,BELRIDGE_1_N001,RTPD,MCE,LMP_ENE_PRC,BELRIDGE_1_N001,ALL,1,157.11986,2,3
2022-09-02T06:15:00-00:00,2022-09-02T06:30:00-00:00,2022-09-01,24,BELRIDGE_1_N001,BELRIDGE_1_N001,BELRIDGE_1_N001,RTPD,MCE,LMP_ENE_PRC,BELRIDGE_1_N001,ALL,1,143.1005,2,3
2022-09-01T07:30:00-00:00,2022-09-01T07:45:00-00:00,2022-09-01,01,BELRIDGE_1_N001,BELRIDGE_1_N001,BELRIDGE_1_N001,RTPD,MCE,LMP_ENE_PRC,BELRIDGE_1_N001,ALL,1,119.03196,3,3
2022-09-01T08:30:00-00:00,2022-09-01T08:45:00-00:00,2022-09-01,02,BELRIDGE_1_N001,BELRIDGE_1_N001,BELRIDGE_1_N001,RTPD,MCE,LMP_ENE_PRC,BELRIDGE_1_N001,ALL,1,111.11241,3,3
2022-09-01T09:30:00-00:00,2022-09-01T09:45:00-00:00,2022-09-01,03,BELRIDGE_1_N001,BELRIDGE_1_N001,BELRIDGE_1_N001,RTPD,MCE,LMP_ENE_PRC,BELRIDGE_1_N001,ALL,1,98.16228,3,3
2022-09-01T10:30:00-00:00,2022-09-01T10:45:00-00:00,2022-09-01,04,BELRIDGE_1_N001,BELRIDGE_1_N001,BELRIDGE_1_N001,RTPD,MCE,LMP_ENE_PRC,BELRIDGE_1_N001,ALL,1,96.36226,3,3
2022-09-01T11:30:00-00:00,2022-09-01T11:45:00-00:00,2022-09-01,05,BELRIDGE_1_N001,BELRIDGE_1_N001,BELRIDGE_1_N001,RTPD,MCE,LMP_ENE_PRC,BELRIDGE_1_N001,ALL,1,103.06198,3,3
2022-09-01T12:30:00-00:00,2022-09-01T12:45:00-00:00,2022-09-01,06,BELRIDGE_1_N001,BELRIDGE_1_N001,BELRIDGE_1_N001,RTPD,MCE,LMP_ENE_PRC,BELRIDGE_1_N001,ALL,1,113.57403,3,3
2022-09-01T13:30:00-00:00,2022-09-01T13:45:00-00:00,2022-09-01,07,BELRIDGE_1_N001,BELRIDGE_1_N001,BELRIDGE_1_N001,RTPD,MCE,LMP_ENE_PRC,BELRIDGE_1_N001,ALL,1,111.52025,3,3
2022-09-01T14:30:00-00:00,2022-09-01T14:45:00-00:00,2022-09-01,08,BELRIDGE_1_N001,BELRIDGE_1_N001,BELRIDGE_1_N001,RTPD,MCE,LMP_ENE_PRC,BELRIDGE_1_N001,ALL,1,101.83428,3,3
2022-09-01T15:30:00-00:00,2022-09-01T15:45:00-00:00,2022-09-01,09,BELRIDGE_1_N001,BELRIDGE_1_N001,BELRIDGE_1_N001,RTPD,MCE,LMP_ENE_PRC,BELRIDGE_1_N001,ALL,1,86.1388,3,3
2022-09-01T16:30:00-00:00,2022-09-01T16:45:00-00:00,2022-09-01,10,BELRIDGE_1_N001,BELRIDGE_1_N001,BELRIDGE_1_N001,RTPD,MCE,LMP_ENE_PRC,BELRIDGE_1_N001,ALL,1,88.79644,3,3
2022-09-01T17:30:00-00:00,2022-09-01T17:45:00-00:00,2022-09-01,11,BELRIDGE_1_N001,BELRIDGE_1_N001,BELRIDGE_1_N001,RTPD,MCE,LMP_ENE_PRC,BELRIDGE_1_N001,ALL,1,99.13013,3,3
2022-09-01T18:30:00-00:00,2022-09-01T18:45:00-00:00,2022-09-01,12,BELRIDGE_1_N001,BELRIDGE_1_N001,BELRIDGE_1_N001,RTPD,MCE,LMP_ENE_PRC,BELRIDGE_1_N001,ALL,1,107.05718,3,3
2022-09-01T19:30:00-00:00,2022-09-01T19:45:00-00:00,2022-09-01,13,BELRIDGE_1_N001,BELRIDGE_1_N001,BELRIDGE_1_N001,RTPD,MCE,LMP_ENE_PRC,BELRIDGE_1_N001,ALL,1,114.05905,3,3
2022-09-01T20:30:00-00:00,2022-09-01T20:45:00-00:00,2022-09-01,14,BELRIDGE_1_N001,BELRIDGE_1_N001,BELRIDGE_1_N001,RTPD,MCE,LMP_ENE_PRC,BELRIDGE_1_N001,ALL,1,129.81606,3,3
2022-09-01T21:30:00-00:00,2022-09-01T21:45:00-00:00,2022-09-01,15,BELRIDGE_1_N001,BELRIDGE_1_N001,BELRIDGE_1_N001,RTPD,MCE,LMP_ENE_PRC,BELRIDGE_1_N001,ALL,1,152.93057,3,3
2022-09-01T22:30:00-00:00,2022-09-01T22:45:00-00:00,2022-09-01,16,BELRIDGE_1_N001,BELRIDGE_1_N001,BELRIDGE_1_N001,RTPD,MCE,LMP_ENE_PRC,BELRIDGE_1_N001,ALL,1,283.18182,3,3
2022-09-01T23:30:00-00:00,2022-09-01T23:45:00-00:00,2022-09-01,17,BELRIDGE_1_N001,BELRIDGE_1_N001,BELRIDGE_1_N001,RTPD,MCE,LMP_ENE_PRC,BELRIDGE_1_N001,ALL,1,566.48157,3,3
2022-09-02T00:30:00-00:00,2022-09-02T00:45:00-00:00,2022-09-01,18,BELRIDGE_1_N001,BELRIDGE_1_N001,BELRIDGE_1_N001,RTPD,MCE,LMP_ENE_PRC,BELRIDGE_1_N001,ALL,1,1329.1127,3,3
2022-09-02T01:30:00-00:00,2022-09-02T01:45:00-00:00,2022-09-01,19,BELRIDGE_1_N001,BELRIDGE_1_N001,BELRIDGE_1_N001,RTPD,MCE,LMP_ENE_PRC,BELRIDGE_1_N001,ALL,1,1999.9956,3,3
2022-09-02T02:30:00-00:00,2022-09-02T02:45:00-00:00,2022-09-01,20,BELRIDGE_1_N001,BELRIDGE_1_N001,BELRIDGE_1_N001,RTPD,MCE,LMP_ENE_PRC,BELRIDGE_1_N001,ALL,1,1991.671,3,3
2022-09-02T03:30:00-00:00,2022-09-02T03:45:00-00:00,2022-09-01,21,BELRIDGE_1_N001,BELRIDGE_1_N001,BELRIDGE_1_N001,RTPD,MCE,LMP_ENE_PRC,BELRIDGE_1_N001,ALL,1,186.61823,3,3
2022-09-02T04:30:00-00:00,2022-09-02T04:45:00-00:00,2022-09-01,22,BELRIDGE_1_N001,BELRIDGE_1_N001,BELRIDGE_1_N001,RTPD,MCE,LMP_ENE_PRC,BELRIDGE_1_N001,ALL,1,180.67824,3,3
2022-09-02T05:30:00-00:00,2022-09-02T05:45:00-00:00,2022-09-01,23,BELRIDGE_1_N001,BELRIDGE_1_N001,BELRIDGE_1_N001,RTPD,MCE,LMP_ENE_PRC,BELRIDGE_1_N001,ALL,1,131.69917,3,3
2022-09-02T06:30:00-00:00,2022-09-02T06:45:00-00:00,2022-09-01,24,BELRIDGE_1_N001,BELRIDGE_1_N001,BELRIDGE_1_N001,RTPD,MCE,LMP_ENE_PRC,BELRIDGE_1_N001,ALL,1,128.9871,3,3
2022-09-01T07:45:00-00:00,2022-09-01T08:00:00-00:00,2022-09-01,01,BELRIDGE_1_N001,BELRIDGE_1_N001,BELRIDGE_1_N001,RTPD,MCE,LMP_ENE_PRC,BELRIDGE_1_N001,ALL,1,109.12099,4,3
2022-09-01T08:45:00-00:00,2022-09-01T09:00:00-00:00,2022-09-01,02,BELRIDGE_1_N001,BELRIDGE_1_N001,BELRIDGE_1_N001,RTPD,MCE,LMP_ENE_PRC,BELRIDGE_1_N001,ALL,1,98.7357,4,3
2022-09-01T09:45:00-00:00,2022-09-01T10:00:00-00:00,2022-09-01,03,BELRIDGE_1_N001,BELRIDGE_1_N001,BELRIDGE_1_N001,RTPD,MCE,LMP_ENE_PRC,BELRIDGE_1_N001,ALL,1,97.50475,4,3
2022-09-01T10:45:00-00:00,2022-09-01T11:00:00-00:00,2022-09-01,04,BELRIDGE_1_N001,BELRIDGE_1_N001,BELRIDGE_1_N001,RTPD,MCE,LMP_ENE_PRC,BELRIDGE_1_N001,ALL,1,94.71966,4,3
2022-09-01T11:45:00-00:00,2022-09-01T12:00:00-00:00,2022-09-01,05,BELRIDGE_1_N001,BELRIDGE_1_N001,BELRIDGE_1_N001,RTPD,MCE,LMP_ENE_PRC,BELRIDGE_1_N001,ALL,1,107.01,4,3
2022-09-01T12:45:00-00:00,2022-09-01T13:00:00-00:00,2022-09-01,06,BELRIDGE_1_N001,BELRIDGE_1_N001,BELRIDGE_1_N001,RTPD,MCE,LMP_ENE_PRC,BELRIDGE_1_N001,ALL,1,116.4848,4,3
2022-09-01T13:45:00-00:00,2022-09-01T14:00:00-00:00,2022-09-01,07,BELRIDGE_1_N001,BELRIDGE_1_N001,BELRIDGE_1_N001,RTPD,MCE,LMP_ENE_PRC,BELRIDGE_1_N001,ALL,1,111.41,4,3
2022-09-01T14:45:00-00:00,2022-09-01T15:00:00-00:00,2022-09-01,08,BELRIDGE_1_N001,BELRIDGE_1_N001,BELRIDGE_1_N001,RTPD,MCE,LMP_ENE_PRC,BELRIDGE_1_N001,ALL,1,86.1388,4,3
2022-09-01T15:45:00-00:00,2022-09-01T16:00:00-00:00,2022-09-01,09,BELRIDGE_1_N001,BELRIDGE_1_N001,BELRIDGE_1_N001,RTPD,MCE,LMP_ENE_PRC,BELRIDGE_1_N001,ALL,1,78.70076,4,3
2022-09-01T16:45:00-00:00,2022-09-01T17:00:00-00:00,2022-09-01,10,BELRIDGE_1_N001,BELRIDGE_1_N001,BELRIDGE_1_N001,RTPD,MCE,LMP_ENE_PRC,BELRIDGE_1_N001,ALL,1,91.24933,4,3
2022-09-01T17:45:00-00:00,2022-09-01T18:00:00-00:00,2022-09-01,11,BELRIDGE_1_N001,BELRIDGE_1_N001,BELRIDGE_1_N001,RTPD,MCE,LMP_ENE_PRC,BELRIDGE_1_N001,ALL,1,99.20544,4,3
2022-09-01T18:45:00-00:00,2022-09-01T19:00:00-00:00,2022-09-01,12,BELRIDGE_1_N001,BELRIDGE_1_N001,BELRIDGE_1_N001,RTPD,MCE,LMP_ENE_PRC,BELRIDGE_1_N001,ALL,1,109.04064,4,3
2022-09-01T19:45:00-00:00,2022-09-01T20:00:00-00:00,2022-09-01,13,BELRIDGE_1_N001,BELRIDGE_1_N001,BELRIDGE_1_N001,RTPD,MCE,LMP_ENE_PRC,BELRIDGE_1_N001,ALL,1,120.22491,4,3
2022-09-01T20:45:00-00:00,2022-09-01T21:00:00-00:00,2022-09-01,14,BELRIDGE_1_N001,BELRIDGE_1_N001,BELRIDGE_1_N001,RTPD,MCE,LMP_ENE_PRC,BELRIDGE_1_N001,ALL,1,154.02509,4,3
2022-09-01T21:45:00-00:00,2022-09-01T22:00:00-00:00,2022-09-01,15,BELRIDGE_1_N001,BELRIDGE_1_N001,BELRIDGE_1_N001,RTPD,MCE,LMP_ENE_PRC,BELRIDGE_1_N001,ALL,1,300.29376,4,3
2022-09-01T22:45:00-00:00,2022-09-01T23:00:00-00:00,2022-09-01,16,BELRIDGE_1_N001,BELRIDGE_1_N001,BELRIDGE_1_N001,RTPD,MCE,LMP_ENE_PRC,BELRIDGE_1_N001,ALL,1,429.9137,4,3
2022-09-01T23:45:00-00:00,2022-09-02T00:00:00-00:00,2022-09-01,17,BELRIDGE_1_N001,BELRIDGE_1_N001,BELRIDGE_1_N001,RTPD,MCE,LMP_ENE_PRC,BELRIDGE_1_N001,ALL,1,1261.2124,4,3
2022-09-02T00:45:00-00:00,2022-09-02T01:00:00-00:00,2022-09-01,18,BELRIDGE_1_N001,BELRIDGE_1_N001,BELRIDGE_1_N001,RTPD,MCE,LMP_ENE_PRC,BELRIDGE_1_N001,ALL,1,1519.149,4,3
2022-09-02T01:45:00-00:00,2022-09-02T02:00:00-00:00,2022-09-01,19,BELRIDGE_1_N001,BELRIDGE_1_N001,BELRIDGE_1_N001,RTPD,MCE,LMP_ENE_PRC,BELRIDGE_1_N001,ALL,1,1991.9337,4,3
2022-09-02T02:45:00-00:00,2022-09-02T03:00:00-00:00,2022-09-01,20,BELRIDGE_1_N001,BELRIDGE_1_N001,BELRIDGE_1_N001,RTPD,MCE,LMP_ENE_PRC,BELRIDGE_1_N001,ALL,1,1629.6213,4,3
2022-09-02T03:45:00-00:00,2022-09-02T04:00:00-00:00,2022-09-01,21,BELRIDGE_1_N001,BELRIDGE_1_N001,BELRIDGE_1_N001,RTPD,MCE,LMP_ENE_PRC,BELRIDGE_1_N001,ALL,1,141.13702,4,3
2022-09-02T04:45:00-00:00,2022-09-02T05:00:00-00:00,2022-09-01,22,BELRIDGE_1_N001,BELRIDGE_1_N001,BELRIDGE_1_N001,RTPD,MCE,LMP_ENE_PRC,BELRIDGE_1_N001,ALL,1,126.76372,4,3
2022-09-02T05:45:00-00:00,2022-09-02T06:00:00-00:00,2022-09-01,23,BELRIDGE_1_N001,BELRIDGE_1_N001,BELRIDGE_1_N001,RTPD,MCE,LMP_ENE_PRC,BELRIDGE_1_N001,ALL,1,119.00958,4,3
2022-09-02T06:45:00-00:00,2022-09-02T07:00:00-00:00,2022-09-01,24,BELRIDGE_1_N001,BELRIDGE_1_N001,BELRIDGE_1_N001,RTPD,MCE,LMP_ENE_PRC,BELRIDGE_1_N001,ALL,1,109.20324,4,3
2022-09-01T07:00:00-00:00,2022-09-01T07:15:00-00:00,2022-09-01,01,BELRIDGE_1_N001,BELRIDGE_1_N001,BELRIDGE_1_N001,RTPD,MCL,LMP_LOSS_PRC,BELRIDGE_1_N001,ALL,1,-4.2632,1,4
2022-09-01T08:00:00-00:00,2022-09-01T08:15:00-00:00,2022-09-01,02,BELRIDGE_1_N001,BELRIDGE_1_N001,BELRIDGE_1_N001,RTPD,MCL,LMP_LOSS_PRC,BELRIDGE_1_N001,ALL,1,0,1,4
2022-09-01T09:00:00-00:00,2022-09-01T09:15:00-00:00,2022-09-01,03,BELRIDGE_1_N001,BELRIDGE_1_N001,BELRIDGE_1_N001,RTPD,MCL,LMP_LOSS_PRC,BELRIDGE_1_N001,ALL,1,4.26847,1,4
2022-09-01T10:00:00-00:00,2022-09-01T10:15:00-00:00,2022-09-01,04,BELRIDGE_1_N001,BELRIDGE_1_N001,BELRIDGE_1_N001,RTPD,MCL,LMP_LOSS_PRC,BELRIDGE_1_N001,ALL,1,4.25148,1,4
2022-09-01T11:00:00-00:00,2022-09-01T11:15:00-00:00,2022-09-01,05,BELRIDGE_1_N001,BELRIDGE_1_N001,BELRIDGE_1_N001,RTPD,MCL,LMP_LOSS_PRC,BELRIDGE_1_N001,ALL,1,4.36942,1,4
2022-09-01T12:00:00-00:00,2022-09-01T12:15:00-00:00,2022-09-01,06,BELRIDGE_1_N001,BELRIDGE_1_N001,BELRIDGE_1_N001,RTPD,MCL,LMP_LOSS_PRC,BELRIDGE_1_N001,ALL,1,3.93448,1,4
2022-09-01T13:00:00-00:00,2022-09-01T13:15:00-00:00,2022-09-01,07,BELRIDGE_1_N001,BELRIDGE_1_N001,BELRIDGE_1_N001,RTPD,MCL,LMP_LOSS_PRC,BELRIDGE_1_N001,ALL,1,0,1,4
2022-09-01T14:00:00-00:00,2022-09-01T14:15:00-00:00,2022-09-01,08,BELRIDGE_1_N001,BELRIDGE_1_N001,BELRIDGE_1_N001,RTPD,MCL,LMP_LOSS_PRC,BELRIDGE_1_N001,ALL,1,3.50003,1,4
2022-09-01T15:00:00-00:00,2022-09-01T15:15:00-00:00,2022-09-01,09,BELRIDGE_1_N001,BELRIDGE_1_N001,BELRIDGE_1_N001,RTPD,MCL,LMP_LOSS_PRC,BELRIDGE_1_N001,ALL,1,0,1,4
2022-09-01T16:00:00-00:00,2022-09-01T16:15:00-00:00,2022-09-01,10,BELRIDGE_1_N001,BELRIDGE_1_N001,BELRIDGE_1_N001,RTPD,MCL,LMP_LOSS_PRC,BELRIDGE_1_N001,ALL,1,0,1,4
2022-09-01T17:00:00-00:00,2022-09-01T17:15:00-00:00,2022-09-01,11,BELRIDGE_1_N001,BELRIDGE_1_N001,BELRIDGE_1_N001,RTPD,MCL,LMP_LOSS_PRC,BELRIDGE_1_N001,ALL,1,0,1,4
2022-09-01T18:00:00-00:00,2022-09-01T18:15:00-00:00,2022-09-01,12,BELRIDGE_1_N001,BELRIDGE_1_N001,BELRIDGE_1_N001,RTPD,MCL,LMP_LOSS_PRC,BELRIDGE_1_N001,ALL,1,0,1,4
2022-09-01T19:00:00-00:00,2022-09-01T19:15:00-00:00,2022-09-01,13,BELRIDGE_1_N001,BELRIDGE_1_N001,BELRIDGE_1_N001,RTPD,MCL,LMP_LOSS_PRC,BELRIDGE_1_N001,ALL,1,0,1,4
2022-09-01T20:00:00-00:00,2022-09-01T20:15:00-00:00,2022-09-01,14,BELRIDGE_1_N001,BELRIDGE_1_N001,BELRIDGE_1_N001,RTPD,MCL,LMP_LOSS_PRC,BELRIDGE_1_N001,ALL,1,0,1,4
2022-09-01T21:00:00-00:00,2022-09-01T21:15:00-00:00,2022-09-01,15,BELRIDGE_1_N001,BELRIDGE_1_N001,BELRIDGE_1_N001,RTPD,MCL,LMP_LOSS_PRC,BELRIDGE_1_N001,ALL,1,0,1,4
2022-09-01T22:00:00-00:00,2022-09-01T22:15:00-00:00,2022-09-01,16,BELRIDGE_1_N001,BELRIDGE_1_N001,BELRIDGE_1_N001,RTPD,MCL,LMP_LOSS_PRC,BELRIDGE_1_N001,ALL,1,0,1,4
2022-09-01T23:00:00-00:00,2022-09-01T23:15:00-00:00,2022-09-01,17,BELRIDGE_1_N001,BELRIDGE_1_N001,BELRIDGE_1_N001,RTPD,MCL,LMP_LOSS_PRC,BELRIDGE_1_N001,ALL,1,0,1,4
2022-09-02T00:00:00-00:00,2022-09-02T00:15:00-00:00,2022-09-01,18,BELRIDGE_1_N001,BELRIDGE_1_N001,BELRIDGE_1_N001,RTPD,MCL,LMP_LOSS_PRC,BELRIDGE_1_N001,ALL,1,-27.35564,1,4
2022-09-02T01:00:00-00:00,2022-09-02T01:15:00-00:00,2022-09-01,19,BELRIDGE_1_N001,BELRIDGE_1_N001,BELRIDGE_1_N001,RTPD,MCL,LMP_LOSS_PRC,BELRIDGE_1_N001,ALL,1,0,1,4
2022-09-02T02:00:00-00:00,2022-09-02T02:15:00-00:00,2022-09-01,20,BELRIDGE_1_N001,BELRIDGE_1_N001,BELRIDGE_1_N001,RTPD,MCL,LMP_LOSS_PRC,BELRIDGE_1_N001,ALL,1,0,1,4
2022-09-02T03:00:00-00:00,2022-09-02T03:15:00-00:00,2022-09-01,21,BELRIDGE_1_N001,BELRIDGE_1_N001,BELRIDGE_1_N001,RTPD,MCL,LMP_LOSS_PRC,BELRIDGE_1_N001,ALL,1,13.02922,1,4
2022-09-02T04:00:00-00:00,2022-09-02T04:15:00-00:00,2022-09-01,22,BELRIDGE_1_N001,BELRIDGE_1_N001,BELRIDGE_1_N001,RTPD,MCL,LMP_LOSS_PRC,BELRIDGE_1_N001,ALL,1,4.30576,1,4
2022-09-02T05:00:00-00:00,2022-09-02T05:15:00-00:00,2022-09-01,23,BELRIDGE_1_N001,BELRIDGE_1_N001,BELRIDGE_1_N001,RTPD,MCL,LMP_LOSS_PRC,BELRIDGE_1_N001,ALL,1,1.13613,1,4
2022-09-02T06:00:00-00:00,2022-09-02T06:15:00-00:00,2022-09-01,24,BELRIDGE_1_N001,BELRIDGE_1_N001,BELRIDGE_1_N001,RTPD,MCL,LMP_LOSS_PRC,BELRIDGE_1_N001,ALL,1,3.12968,1,4
2022-09-01T07:15:00-00:00,2022-09-01T07:30:00-00:00,2022-09-01,01,BELRIDGE_1_N001,BELRIDGE_1_N001,BELRIDGE_1_N001,RTPD,MCL,LMP_LOSS_PRC,BELRIDGE_1_N001,ALL,1,0,2,4
2022-09-01T08:15:00-00:00,2022-09-01T08:30:00-00:00,2022-09-01,02,BELRIDGE_1_N001,BELRIDGE_1_N001,BELRIDGE_1_N001,RTPD,MCL,LMP_LOSS_PRC,BELRIDGE_1_N001,ALL,1,0,2,4
2022-09-01T09:15:00-00:00,2022-09-01T09:30:00-00:00,2022-09-01,03,BELRIDGE_1_N001,BELRIDGE_1_N001,BELRIDGE_1_N001,RTPD,MCL,LMP_LOSS_PRC,BELRIDGE_1_N001,ALL,1,4.15832,2,4
2022-09-01T10:15:00-00:00,2022-09-01T10:30:00-00:00,2022-09-01,04,BELRIDGE_1_N001,BELRIDGE_1_N001,BELRIDGE_1_N001,RTPD,MCL,LMP_LOSS_PRC,BELRIDGE_1_N001,ALL,1,4.32651,2,4
2022-09-01T11:15:00-00:00,2022-09-01T11:30:00-00:00,2022-09-01,05,BELRIDGE_1_N001,BELRIDGE_1_N001,BELRIDGE_1_N001,RTPD,MCL,LMP_LOSS_PRC,BELRIDGE_1_N001,ALL,1,4.46382,2,4
2022-09-01T12:15:00-00:00,2022-09-01T12:30:00-00:00,2022-09-01,06,BELRIDGE_1_N001,BELRIDGE_1_N001,BELRIDGE_1_N001,RTPD,MCL,LMP_LOSS_PRC,BELRIDGE_1_N001,ALL,1,4.64619,2,4
2022-09-01T13:15:00-00:00,2022-09-01T13:30:00-00:00,2022-09-01,07,BELRIDGE_1_N001,BELRIDGE_1_N001,BELRIDGE_1_N001,RTPD,MCL,LMP_LOSS_PRC,BELRIDGE_1_N001,ALL,1,4.28376,2,4
2022-09-01T14:15:00-00:00,2022-09-01T14:30:00-00:00,2022-09-01,08,BELRIDGE_1_N001,BELRIDGE_1_N001,BELRIDGE_1_N001,RTPD,MCL,LMP_LOSS_PRC,BELRIDGE_1_N001,ALL,1,2.3158,2,4
2022-09-01T15:15:00-00:00,2022-09-01T15:30:00-00:00,2022-09-01,09,BELRIDGE_1_N001,BELRIDGE_1_N001,BELRIDGE_1_N001,RTPD,MCL,LMP_LOSS_PRC,BELRIDGE_1_N001,ALL,1,0,2,4
2022-09-01T16:15:00-00:00,2022-09-01T16:30:00-00:00,2022-09-01,10,BELRIDGE_1_N001,BELRIDGE_1_N001,BELRIDGE_1_N001,RTPD,MCL,LMP_LOSS_PRC,BELRIDGE_1_N001,ALL,1,0,2,4
2022-09-01T17:15:00-00:00,2022-09-01T17:30:00-00:00,2022-09-01,11,BELRIDGE_1_N001,BELRIDGE_1_N001,BELRIDGE_1_N001,RTPD,MCL,LMP_LOSS_PRC,BELRIDGE_1_N001,ALL,1,0,2,4
2022-09-01T18:15:00-00:00,2022-09-01T18:30:00-00:00,2022-09-01,12,BELRIDGE_1_N001,BELRIDGE_1_N001,BELRIDGE_1_N001,RTPD,MCL,LMP_LOSS_PRC,BELRIDGE_1_N001,ALL,1,0,2,4
2022-09-01T19:15:00-00:00,2022-09-01T19:30:00-00:00,2022-09-01,13,BELRIDGE_1_N001,BELRIDGE_1_N001,BELRIDGE_1_N001,RTPD,MCL,LMP_LOSS_PRC,BELRIDGE_1_N001,ALL,1,0,2,4
2022-09-01T20:15:00-00:00,2022-09-01T20:30:00-00:00,2022-09-01,14,BELRIDGE_1_N001,BELRIDGE_1_N001,BELRIDGE_1_N001,RTPD,MCL,LMP_LOSS_PRC,BELRIDGE_1_N001,ALL,1,0,2,4
2022-09-01T21:15:00-00:00,2022-09-01T21:30:00-00:00,2022-09-01,15,BELRIDGE_1_N001,BELRIDGE_1_N001,BELRIDGE_1_N001,RTPD,MCL,LMP_LOSS_PRC,BELRIDGE_1_N001,ALL,1,0,2,4
2022-09-01T22:15:00-00:00,2022-09-01T22:30:00-00:00,2022-09-01,16,BELRIDGE_1_N001,BELRIDGE_1_N001,BELRIDGE_1_N001,RTPD,MCL,LMP_LOSS_PRC,BELRIDGE_1_N001,ALL,1,0,2,4
2022-09-01T23:15:00-00:00,2022-09-01T23:30:00-00:00,2022-09-01,17,BELRIDGE_1_N001,BELRIDGE_1_N001,BELRIDGE_1_N001,RTPD,MCL,LMP_LOSS_PRC,BELRIDGE_1_N001,ALL,1,0,2,4
2022-09-02T00:15:00-00:00,2022-09-02T00:30:00-00:00,2022-09-01,18,BELRIDGE_1_N001,BELRIDGE_1_N001,BELRIDGE_1_N001,RTPD,MCL,LMP_LOSS_PRC,BELRIDGE_1_N001,ALL,1,-25.57507,2,4
2022-09-02T01:15:00-00:00,2022-09-02T01:30:00-00:00,2022-09-01,19,BELRIDGE_1_N001,BELRIDGE_1_N001,BELRIDGE_1_N001,RTPD,MCL,LMP_LOSS_PRC,BELRIDGE_1_N001,ALL,1,0,2,4
2022-09-02T02:15:00-00:00,2022-09-02T02:30:00-00:00,2022-09-01,20,BELRIDGE_1_N001,BELRIDGE_1_N001,BELRIDGE_1_N001,RTPD,MCL,LMP_LOSS_PRC,BELRIDGE_1_N001,ALL,1,0,2,4
2022-09-02T03:15:00-00:00,2022-09-02T03:30:00-00:00,2022-09-01,21,BELRIDGE_1_N001,BELRIDGE_1_N001,BELRIDGE_1_N001,RTPD,MCL,LMP_LOSS_PRC,BELRIDGE_1_N001,ALL,1,5.40714,2,4
2022-09-02T04:15:00-00:00,2022-09-02T04:30:00-00:00,2022-09-01,22,BELRIDGE_1_N001,BELRIDGE_1_N001,BELRIDGE_1_N001,RTPD,MCL,LMP_LOSS_PRC,BELRIDGE_1_N001,ALL,1,3.61848,2,4
2022-09-02T05:15:00-00:00,2022-09-02T05:30:00-00:00,2022-09-01,23,BELRIDGE_1_N001,BELRIDGE_1_N001,BELRIDGE_1_N001,RTPD,MCL,LMP_LOSS_PRC,BELRIDGE_1_N001,ALL,1,2.21539,2,4
2022-09-02T06:15:00-00:00,2022-09-02T06:30:00-00:00,2022-09-01,24,BELRIDGE_1_N001,BELRIDGE_1_N001,BELRIDGE_1_N001,RTPD,MCL,LMP_LOSS_PRC,BELRIDGE_1_N001,ALL,1,3.07666,2,4
2022-09-01T07:30:00-00:00,2022-09-01T07:45:00-00:00,2022-09-01,01,BELRIDGE_1_N001,BELRIDGE_1_N001,BELRIDGE_1_N001,RTPD,MCL,LMP_LOSS_PRC,BELRIDGE_1_N001,ALL,1,0,3,4
2022-09-01T08:30:00-00:00,2022-09-01T08:45:00-00:00,2022-09-01,02,BELRIDGE_1_N001,BELRIDGE_1_N001,BELRIDGE_1_N001,RTPD,MCL,LMP_LOSS_PRC,BELRIDGE_1_N001,ALL,1,3.97782,3,4
2022-09-01T09:30:00-00:00,2022-09-01T09:45:00-00:00,2022-09-01,03,BELRIDGE_1_N001,BELRIDGE_1_N001,BELRIDGE_1_N001,RTPD,MCL,LMP_LOSS_PRC,BELRIDGE_1_N001,ALL,1,4.02465,3,4
2022-09-01T10:30:00-00:00,2022-09-01T10:45:00-00:00,2022-09-01,04,BELRIDGE_1_N001,BELRIDGE_1_N001,BELRIDGE_1_N001,RTPD,MCL,LMP_LOSS_PRC,BELRIDGE_1_N001,ALL,1,4.35557,3,4
2022-09-01T11:30:00-00:00,2022-09-01T11:45:00-00:00,2022-09-01,05,BELRIDGE_1_N001,BELRIDGE_1_N001,BELRIDGE_1_N001,RTPD,MCL,LMP_LOSS_PRC,BELRIDGE_1_N001,ALL,1,4.60687,3,4
2022-09-01T12:30:00-00:00,2022-09-01T12:45:00-00:00,2022-09-01,06,BELRIDGE_1_N001,BELRIDGE_1_N001,BELRIDGE_1_N001,RTPD,MCL,LMP_LOSS_PRC,BELRIDGE_1_N001,ALL,1,4.49753,3,4
2022-09-01T13:30:00-00:00,2022-09-01T13:45:00-00:00,2022-09-01,07,BELRIDGE_1_N001,BELRIDGE_1_N001,BELRIDGE_1_N001,RTPD,MCL,LMP_LOSS_PRC,BELRIDGE_1_N001,ALL,1,4.27123,3,4
2022-09-01T14:30:00-00:00,2022-09-01T14:45:00-00:00,2022-09-01,08,BELRIDGE_1_N001,BELRIDGE_1_N001,BELRIDGE_1_N001,RTPD,MCL,LMP_LOSS_PRC,BELRIDGE_1_N001,ALL,1,1.12018,3,4
2022-09-01T15:30:00-00:00,2022-09-01T15:45:00-00:00,2022-09-01,09,BELRIDGE_1_N001,BELRIDGE_1_N001,BELRIDGE_1_N001,RTPD,MCL,LMP_LOSS_PRC,BELRIDGE_1_N001,ALL,1,0,3,4
2022-09-01T16:30:00-00:00,2022-09-01T16:45:00-00:00,2022-09-01,10,BELRIDGE_1_N001,BELRIDGE_1_N001,BELRIDGE_1_N001,RTPD,MCL,LMP_LOSS_PRC,BELRIDGE_1_N001,ALL,1,0,3,4
2022-09-01T17:30:00-00:00,2022-09-01T17:45:00-00:00,2022-09-01,11,BELRIDGE_1_N001,BELRIDGE_1_N001,BELRIDGE_1_N001,RTPD,MCL,LMP_LOSS_PRC,BELRIDGE_1_N001,ALL,1,0,3,4
2022-09-01T18:30:00-00:00,2022-09-01T18:45:00-00:00,2022-09-01,12,BELRIDGE_1_N001,BELRIDGE_1_N001,BELRIDGE_1_N001,RTPD,MCL,LMP_LOSS_PRC,BELRIDGE_1_N001,ALL,1,0,3,4
2022-09-01T19:30:00-00:00,2022-09-01T19:45:00-00:00,2022-09-01,13,BELRIDGE_1_N001,BELRIDGE_1_N001,BELRIDGE_1_N001,RTPD,MCL,LMP_LOSS_PRC,BELRIDGE_1_N001,ALL,1,0,3,4
2022-09-01T20:30:00-00:00,2022-09-01T20:45:00-00:00,2022-09-01,14,BELRIDGE_1_N001,BELRIDGE_1_N001,BELRIDGE_1_N001,RTPD,MCL,LMP_LOSS_PRC,BELRIDGE_1_N001,ALL,1,0,3,4
2022-09-01T21:30:00-00:00,2022-09-01T21:45:00-00:00,2022-09-01,15,BELRIDGE_1_N001,BELRIDGE_1_N001,BELRIDGE_1_N001,RTPD,MCL,LMP_LOSS_PRC,BELRIDGE_1_N001,ALL,1,0,3,4
2022-09-01T22:30:00-00:00,2022-09-01T22:45:00-00:00,2022-09-01,16,BELRIDGE_1_N001,BELRIDGE_1_N001,BELRIDGE_1_N001,RTPD,MCL,LMP_LOSS_PRC,BELRIDGE_1_N001,ALL,1,0,3,4
2022-09-01T23:30:00-00:00,2022-09-01T23:45:00-00:00,2022-09-01,17,BELRIDGE_1_N001,BELRIDGE_1_N001,BELRIDGE_1_N001,RTPD,MCL,LMP_LOSS_PRC,BELRIDGE_1_N001,ALL,1,0,3,4
2022-09-02T00:30:00-00:00,2022-09-02T00:45:00-00:00,2022-09-01,18,BELRIDGE_1_N001,BELRIDGE_1_N001,BELRIDGE_1_N001,RTPD,MCL,LMP_LOSS_PRC,BELRIDGE_1_N001,ALL,1,0,3,4
2022-09-02T01:30:00-00:00,2022-09-02T01:45:00-00:00,2022-09-01,19,BELRIDGE_1_N001,BELRIDGE_1_N001,BELRIDGE_1_N001,RTPD,MCL,LMP_LOSS_PRC,BELRIDGE_1_N001,ALL,1,0,3,4
2022-09-02T02:30:00-00:00,2022-09-02T02:45:00-00:00,2022-09-01,20,BELRIDGE_1_N001,BELRIDGE_1_N001,BELRIDGE_1_N001,RTPD,MCL,LMP_LOSS_PRC,BELRIDGE_1_N001,ALL,1,0,3,4
2022-09-02T03:30:00-00:00,2022-09-02T03:45:00-00:00,2022-09-01,21,BELRIDGE_1_N001,BELRIDGE_1_N001,BELRIDGE_1_N001,RTPD,MCL,LMP_LOSS_PRC,BELRIDGE_1_N001,ALL,1,3.19117,3,4
2022-09-02T04:30:00-00:00,2022-09-02T04:45:00-00:00,2022-09-01,22,BELRIDGE_1_N001,BELRIDGE_1_N001,BELRIDGE_1_N001,RTPD,MCL,LMP_LOSS_PRC,BELRIDGE_1_N001,ALL,1,2.78244,3,4
2022-09-02T05:30:00-00:00,2022-09-02T05:45:00-00:00,2022-09-01,23,BELRIDGE_1_N001,BELRIDGE_1_N001,BELRIDGE_1_N001,RTPD,MCL,LMP_LOSS_PRC,BELRIDGE_1_N001,ALL,1,2.13353,3,4
2022-09-02T06:30:00-00:00,2022-09-02T06:45:00-00:00,2022-09-01,24,BELRIDGE_1_N001,BELRIDGE_1_N001,BELRIDGE_1_N001,RTPD,MCL,LMP_LOSS_PRC,BELRIDGE_1_N001,ALL,1,3.37946,3,4
2022-09-01T07:45:00-00:00,2022-09-01T08:00:00-00:00,2022-09-01,01,BELRIDGE_1_N001,BELRIDGE_1_N001,BELRIDGE_1_N001,RTPD,MCL,LMP_LOSS_PRC,BELRIDGE_1_N001,ALL,1,0,4,4
2022-09-01T08:45:00-00:00,2022-09-01T09:00:00-00:00,2022-09-01,02,BELRIDGE_1_N001,BELRIDGE_1_N001,BELRIDGE_1_N001,RTPD,MCL,LMP_LOSS_PRC,BELRIDGE_1_N001,ALL,1,3.73221,4,4
2022-09-01T09:45:00-00:00,2022-09-01T10:00:00-00:00,2022-09-01,03,BELRIDGE_1_N001,BELRIDGE_1_N001,BELRIDGE_1_N001,RTPD,MCL,LMP_LOSS_PRC,BELRIDGE_1_N001,ALL,1,4.26096,4,4
2022-09-01T10:45:00-00:00,2022-09-01T11:00:00-00:00,2022-09-01,04,BELRIDGE_1_N001,BELRIDGE_1_N001,BELRIDGE_1_N001,RTPD,MCL,LMP_LOSS_PRC,BELRIDGE_1_N001,ALL,1,4.30027,4,4
2022-09-01T11:45:00-00:00,2022-09-01T12:00:00-00:00,2022-09-01,05,BELRIDGE_1_N001,BELRIDGE_1_N001,BELRIDGE_1_N001,RTPD,MCL,LMP_LOSS_PRC,BELRIDGE_1_N001,ALL,1,0,4,4
2022-09-01T12:45:00-00:00,2022-09-01T13:00:00-00:00,2022-09-01,06,BELRIDGE_1_N001,BELRIDGE_1_N001,BELRIDGE_1_N001,RTPD,MCL,LMP_LOSS_PRC,BELRIDGE_1_N001,ALL,1,0,4,4
2022-09-01T13:45:00-00:00,2022-09-01T14:00:00-00:00,2022-09-01,07,BELRIDGE_1_N001,BELRIDGE_1_N001,BELRIDGE_1_N001,RTPD,MCL,LMP_LOSS_PRC,BELRIDGE_1_N001,ALL,1,0,4,4
2022-09-01T14:45:00-00:00,2022-09-01T15:00:00-00:00,2022-09-01,08,BELRIDGE_1_N001,BELRIDGE_1_N001,BELRIDGE_1_N001,RTPD,MCL,LMP_LOSS_PRC,BELRIDGE_1_N001,ALL,1,0,4,4
2022-09-01T15:45:00-00:00,2022-09-01T16:00:00-00:00,2022-09-01,09,BELRIDGE_1_N001,BELRIDGE_1_N001,BELRIDGE_1_N001,RTPD,MCL,LMP_LOSS_PRC,BELRIDGE_1_N001,ALL,1,0,4,4
2022-09-01T16:45:00-00:00,2022-09-01T17:00:00-00:00,2022-09-01,10,BELRIDGE_1_N001,BELRIDGE_1_N001,BELRIDGE_1_N001,RTPD,MCL,LMP_LOSS_PRC,BELRIDGE_1_N001,ALL,1,0,4,4
2022-09-01T17:45:00-00:00,2022-09-01T18:00:00-00:00,2022-09-01,11,BELRIDGE_1_N001,BELRIDGE_1_N001,BELRIDGE_1_N001,RTPD,MCL,LMP_LOSS_PRC,BELRIDGE_1_N001,ALL,1,0,4,4
2022-09-01T18:45:00-00:00,2022-09-01T19:00:00-00:00,2022-09-01,12,BELRIDGE_1_N001,BELRIDGE_1_N001,BELRIDGE_1_N001,RTPD,MCL,LMP_LOSS_PRC,BELRIDGE_1_N001,ALL,1,0,4,4
2022-09-01T19:45:00-00:00,2022-09-01T20:00:00-00:00,2022-09-01,13,BELRIDGE_1_N001,BELRIDGE_1_N001,BELRIDGE_1_N001,RTPD,MCL,LMP_LOSS_PRC,BELRIDGE_1_N001,ALL,1,0,4,4
2022-09-01T20:45:00-00:00,2022-09-01T21:00:00-00:00,2022-09-01,14,BELRIDGE_1_N001,BELRIDGE_1_N001,BELRIDGE_1_N001,RTPD,MCL,LMP_LOSS_PRC,BELRIDGE_1_N001,ALL,1,0,4,4
2022-09-01T21:45:00-00:00,2022-09-01T22:00:00-00:00,2022-09-01,15,BELRIDGE_1_N001,BELRIDGE_1_N001,BELRIDGE_1_N001,RTPD,MCL,LMP_LOSS_PRC,BELRIDGE_1_N001,ALL,1,0,4,4
2022-09-01T22:45:00-00:00,2022-09-01T23:00:00-00:00,2022-09-01,16,BELRIDGE_1_N001,BELRIDGE_1_N001,BELRIDGE_1_N001,RTPD,MCL,LMP_LOSS_PRC,BELRIDGE_1_N001,ALL,1,0,4,4
2022-09-01T23:45:00-00:00,2022-09-02T00:00:00-00:00,2022-09-01,17,BELRIDGE_1_N001,BELRIDGE_1_N001,BELRIDGE_1_N001,RTPD,MCL,LMP_LOSS_PRC,BELRIDGE_1_N001,ALL,1,0,4,4
2022-09-02T00:45:00-00:00,2022-09-02T01:00:00-00:00,2022-09-01,18,BELRIDGE_1_N001,BELRIDGE_1_N001,BELRIDGE_1_N001,RTPD,MCL,LMP_LOSS_PRC,BELRIDGE_1_N001,ALL,1,0,4,4
2022-09-02T01:45:00-00:00,2022-09-02T02:00:00-00:00,2022-09-01,19,BELRIDGE_1_N001,BELRIDGE_1_N001,BELRIDGE_1_N001,RTPD,MCL,LMP_LOSS_PRC,BELRIDGE_1_N001,ALL,1,0,4,4
2022-09-02T02:45:00-00:00,2022-09-02T03:00:00-00:00,2022-09-01,20,BELRIDGE_1_N001,BELRIDGE_1_N001,BELRIDGE_1_N001,RTPD,MCL,LMP_LOSS_PRC,BELRIDGE_1_N001,ALL,1,53.61454,4,4
2022-09-02T03:45:00-00:00,2022-09-02T04:00:00-00:00,2022-09-01,21,BELRIDGE_1_N001,BELRIDGE_1_N001,BELRIDGE_1_N001,RTPD,MCL,LMP_LOSS_PRC,BELRIDGE_1_N001,ALL,1,2.31465,4,4
2022-09-02T04:45:00-00:00,2022-09-02T05:00:00-00:00,2022-09-01,22,BELRIDGE_1_N001,BELRIDGE_1_N001,BELRIDGE_1_N001,RTPD,MCL,LMP_LOSS_PRC,BELRIDGE_1_N001,ALL,1,1.93948,4,4
2022-09-02T05:45:00-00:00,2022-09-02T06:00:00-00:00,2022-09-01,23,BELRIDGE_1_N001,BELRIDGE_1_N001,BELRIDGE_1_N001,RTPD,MCL,LMP_LOSS_PRC,BELRIDGE_1_N001,ALL,1,1.52332,4,4
2022-09-02T06:45:00-00:00,2022-09-02T07:00:00-00:00,2022-09-01,24,BELRIDGE_1_N001,BELRIDGE_1_N001,BELRIDGE_1_N001,RTPD,MCL,LMP_LOSS_PRC,BELRIDGE_1_N001,ALL,1,2.94849,4,4
2022-09-01T07:00:00-00:00,2022-09-01T07:15:00-00:00,2022-09-01,01,BELRIDGE_1_N001,BELRIDGE_1_N001,BELRIDGE_1_N001,RTPD,MGHG,LMP_GHG_PRC,BELRIDGE_1_N001,ALL,1,0,1,5
2022-09-01T08:00:00-00:00,2022-09-01T08:15:00-00:00,2022-09-01,02,BELRIDGE_1_N001,BELRIDGE_1_N001,BELRIDGE_1_N001,RTPD,MGHG,LMP_GHG_PRC,BELRIDGE_1_N001,ALL,1,0,1,5
2022-09-01T09:00:00-00:00,2022-09-01T09:15:00-00:00,2022-09-01,03,BELRIDGE_1_N001,BELRIDGE_1_N001,BELRIDGE_1_N001,RTPD,MGHG,LMP_GHG_PRC,BELRIDGE_1_N001,ALL,1,0,1,5
2022-09-01T10:00:00-00:00,2022-09-01T10:15:00-00:00,2022-09-01,04,BELRIDGE_1_N001,BELRIDGE_1_N001,BELRIDGE_1_N001,RTPD,MGHG,LMP_GHG_PRC,BELRIDGE_1_N001,ALL,1,0,1,5
2022-09-01T11:00:00-00:00,2022-09-01T11:15:00-00:00,2022-09-01,05,BELRIDGE_1_N001,BELRIDGE_1_N001,BELRIDGE_1_N001,RTPD,MGHG,LMP_GHG_PRC,BELRIDGE_1_N001,ALL,1,0,1,5
2022-09-01T12:00:00-00:00,2022-09-01T12:15:00-00:00,2022-09-01,06,BELRIDGE_1_N001,BELRIDGE_1_N001,BELRIDGE_1_N001,RTPD,MGHG,LMP_GHG_PRC,BELRIDGE_1_N001,ALL,1,0,1,5
2022-09-01T13:00:00-00:00,2022-09-01T13:15:00-00:00,2022-09-01,07,BELRIDGE_1_N001,BELRIDGE_1_N001,BELRIDGE_1_N001,RTPD,MGHG,LMP_GHG_PRC,BELRIDGE_1_N001,ALL,1,0,1,5
2022-09-01T14:00:00-00:00,2022-09-01T14:15:00-00:00,2022-09-01,08,BELRIDGE_1_N001,BELRIDGE_1_N001,BELRIDGE_1_N001,RTPD,MGHG,LMP_GHG_PRC,BELRIDGE_1_N001,ALL,1,0,1,5
2022-09-01T15:00:00-00:00,2022-09-01T15:15:00-00:00,2022-09-01,09,BELRIDGE_1_N001,BELRIDGE_1_N001,BELRIDGE_1_N001,RTPD,MGHG,LMP_GHG_PRC,BELRIDGE_1_N001,ALL,1,0,1,5
2022-09-01T16:00:00-00:00,2022-09-01T16:15:00-00:00,2022-09-01,10,BELRIDGE_1_N001,BELRIDGE_1_N001,BELRIDGE_1_N001,RTPD,MGHG,LMP_GHG_PRC,BELRIDGE_1_N001,ALL,1,0,1,5
2022-09-01T17:00:00-00:00,2022-09-01T17:15:00-00:00,2022-09-01,11,BELRIDGE_1_N001,BELRIDGE_1_N001,BELRIDGE_1_N001,RTPD,MGHG,LMP_GHG_PRC,BELRIDGE_1_N001,ALL,1,0,1,5
2022-09-01T18:00:00-00:00,2022-09-01T18:15:00-00:00,2022-09-01,12,BELRIDGE_1_N001,BELRIDGE_1_N001,BELRIDGE_1_N001,RTPD,MGHG,LMP_GHG_PRC,BELRIDGE_1_N001,ALL,1,0,1,5
2022-09-01T19:00:00-00:00,2022-09-01T19:15:00-00:00,2022-09-01,13,BELRIDGE_1_N001,BELRIDGE_1_N001,BELRIDGE_1_N001,RTPD,MGHG,LMP_GHG_PRC,BELRIDGE_1_N001,ALL,1,0,1,5
2022-09-01T20:00:00-00:00,2022-09-01T20:15:00-00:00,2022-09-01,14,BELRIDGE_1_N001,BELRIDGE_1_N001,BELRIDGE_1_N001,RTPD,MGHG,LMP_GHG_PRC,BELRIDGE_1_N001,ALL,1,0,1,5
2022-09-01T21:00:00-00:00,2022-09-01T21:15:00-00:00,2022-09-01,15,BELRIDGE_1_N001,BELRIDGE_1_N001,BELRIDGE_1_N001,RTPD,MGHG,LMP_GHG_PRC,BELRIDGE_1_N001,ALL,1,0,1,5
2022-09-01T22:00:00-00:00,2022-09-01T22:15:00-00:00,2022-09-01,16,BELRIDGE_1_N001,BELRIDGE_1_N001,BELRIDGE_1_N001,RTPD,MGHG,LMP_GHG_PRC,BELRIDGE_1_N001,ALL,1,0,1,5
2022-09-01T23:00:00-00:00,2022-09-01T23:15:00-00:00,2022-09-01,17,BELRIDGE_1_N001,BELRIDGE_1_N001,BELRIDGE_1_N001,RTPD,MGHG,LMP_GHG_PRC,BELRIDGE_1_N001,ALL,1,0,1,5
2022-09-02T00:00:00-00:00,2022-09-02T00:15:00-00:00,2022-09-01,18,BELRIDGE_1_N001,BELRIDGE_1_N001,BELRIDGE_1_N001,RTPD,MGHG,LMP_GHG_PRC,BELRIDGE_1_N001,ALL,1,0,1,5
2022-09-02T01:00:00-00:00,2022-09-02T01:15:00-00:00,2022-09-01,19,BELRIDGE_1_N001,BELRIDGE_1_N001,BELRIDGE_1_N001,RTPD,MGHG,LMP_GHG_PRC,BELRIDGE_1_N001,ALL,1,0,1,5
2022-09-02T02:00:00-00:00,2022-09-02T02:15:00-00:00,2022-09-01,20,BELRIDGE_1_N001,BELRIDGE_1_N001,BELRIDGE_1_N001,RTPD,MGHG,LMP_GHG_PRC,BELRIDGE_1_N001,ALL,1,0,1,5
2022-09-02T03:00:00-00:00,2022-09-02T03:15:00-00:00,2022-09-01,21,BELRIDGE_1_N001,BELRIDGE_1_N001,BELRIDGE_1_N001,RTPD,MGHG,LMP_GHG_PRC,BELRIDGE_1_N001,ALL,1,0,1,5
2022-09-02T04:00:00-00:00,2022-09-02T04:15:00-00:00,2022-09-01,22,BELRIDGE_1_N001,BELRIDGE_1_N001,BELRIDGE_1_N001,RTPD,MGHG,LMP_GHG_PRC,BELRIDGE_1_N001,ALL,1,0,1,5
2022-09-02T05:00:00-00:00,2022-09-02T05:15:00-00:00,2022-09-01,23,BELRIDGE_1_N001,BELRIDGE_1_N001,BELRIDGE_1_N001,RTPD,MGHG,LMP_GHG_PRC,BELRIDGE_1_N001,ALL,1,0,1,5
2022-09-02T06:00:00-00:00,2022-09-02T06:15:00-00:00,2022-09-01,24,BELRIDGE_1_N001,BELRIDGE_1_N001,BELRIDGE_1_N001,RTPD,MGHG,LMP_GHG_PRC,BELRIDGE_1_N001,ALL,1,0,1,5
2022-09-01T07:15:00-00:00,2022-09-01T07:30:00-00:00,2022-09-01,01,BELRIDGE_1_N001,BELRIDGE_1_N001,BELRIDGE_1_N001,RTPD,MGHG,LMP_GHG_PRC,BELRIDGE_1_N001,ALL,1,0,2,5
2022-09-01T08:15:00-00:00,2022-09-01T08:30:00-00:00,2022-09-01,02,BELRIDGE_1_N001,BELRIDGE_1_N001,BELRIDGE_1_N001,RTPD,MGHG,LMP_GHG_PRC,BELRIDGE_1_N001,ALL,1,0,2,5
2022-09-01T09:15:00-00:00,2022-09-01T09:30:00-00:00,2022-09-01,03,BELRIDGE_1_N001,BELRIDGE_1_N001,BELRIDGE_1_N001,RTPD,MGHG,LMP_GHG_PRC,BELRIDGE_1_N001,ALL,1,0,2,5
2022-09-01T10:15:00-00:00,2022-09-01T10:30:00-00:00,2022-09-01,04,BELRIDGE_1_N001,BELRIDGE_1_N001,BELRIDGE_1_N001,RTPD,MGHG,LMP_GHG_PRC,BELRIDGE_1_N001,ALL,1,0,2,5
2022-09-01T11:15:00-00:00,2022-09-01T11:30:00-00:00,2022-09-01,05,BELRIDGE_1_N001,BELRIDGE_1_N001,BELRIDGE_1_N001,RTPD,MGHG,LMP_GHG_PRC,BELRIDGE_1_N001,ALL,1,0,2,5
2022-09-01T12:15:00-00:00,2022-09-01T12:30:00-00:00,2022-09-01,06,BELRIDGE_1_N001,BELRIDGE_1_N001,BELRIDGE_1_N001,RTPD,MGHG,LMP_GHG_PRC,BELRIDGE_1_N001,ALL,1,0,2,5
2022-09-01T13:15:00-00:00,2022-09-01T13:30:00-00:00,2022-09-01,07,BELRIDGE_1_N001,BELRIDGE_1_N001,BELRIDGE_1_N001,RTPD,MGHG,LMP_GHG_PRC,BELRIDGE_1_N001,ALL,1,0,2,5
2022-09-01T14:15:00-00:00,2022-09-01T14:30:00-00:00,2022-09-01,08,BELRIDGE_1_N001,BELRIDGE_1_N001,BELRIDGE_1_N001,RTPD,MGHG,LMP_GHG_PRC,BELRIDGE_1_N001,ALL,1,0,2,5
2022-09-01T15:15:00-00:00,2022-09-01T15:30:00-00:00,2022-09-01,09,BELRIDGE_1_N001,BELRIDGE_1_N001,BELRIDGE_1_N001,RTPD,MGHG,LMP_GHG_PRC,BELRIDGE_1_N001,ALL,1,0,2,5
2022-09-01T16:15:00-00:00,2022-09-01T16:30:00-00:00,2022-09-01,10,BELRIDGE_1_N001,BELRIDGE_1_N001,BELRIDGE_1_N001,RTPD,MGHG,LMP_GHG_PRC,BELRIDGE_1_N001,ALL,1,0,2,5
2022-09-01T17:15:00-00:00,2022-09-01T17:30:00-00:00,2022-09-01,11,BELRIDGE_1_N001,BELRIDGE_1_N001,BELRIDGE_1_N001,RTPD,MGHG,LMP_GHG_PRC,BELRIDGE_1_N001,ALL,1,0,2,5
2022-09-01T18:15:00-00:00,2022-09-01T18:30:00-00:00,2022-09-01,12,BELRIDGE_1_N001,BELRIDGE_1_N001,BELRIDGE_1_N001,RTPD,MGHG,LMP_GHG_PRC,BELRIDGE_1_N001,ALL,1,0,2,5
2022-09-01T19:15:00-00:00,2022-09-01T19:30:00-00:00,2022-09-01,13,BELRIDGE_1_N001,BELRIDGE_1_N001,BELRIDGE_1_N001,RTPD,MGHG,LMP_GHG_PRC,BELRIDGE_1_N001,ALL,1,0,2,5
2022-09-01T20:15:00-00:00,2022-09-01T20:30:00-00:00,2022-09-01,14,BELRIDGE_1_N001,BELRIDGE_1_N001,BELRIDGE_1_N001,RTPD,MGHG,LMP_GHG_PRC,BELRIDGE_1_N001,ALL,1,0,2,5
2022-09-01T21:15:00-00:00,2022-09-01T21:30:00-00:00,2022-09-01,15,BELRIDGE_1_N001,BELRIDGE_1_N001,BELRIDGE_1_N001,RTPD,MGHG,LMP_GHG_PRC,BELRIDGE_1_N001,ALL,1,0,2,5
2022-09-01T22:15:00-00:00,2022-09-01T22:30:00-00:00,2022-09-01,16,BELRIDGE_1_N001,BELRIDGE_1_N001,BELRIDGE_1_N001,RTPD,MGHG,LMP_GHG_PRC,BELRIDGE_1_N001,ALL,1,0,2,5
2022-09-01T23:15:00-00:00,2022-09-01T23:30:00-00:00,2022-09-01,17,BELRIDGE_1_N001,BELRIDGE_1_N001,BELRIDGE_1_N001,RTPD,MGHG,LMP_GHG_PRC,BELRIDGE_1_N001,ALL,1,0,2,5
2022-09-02T00:15:00-00:00,2022-09-02T00:30:00-00:00,2022-09-01,18,BELRIDGE_1_N001,BELRIDGE_1_N001,BELRIDGE_1_N001,RTPD,MGHG,LMP_GHG_PRC,BELRIDGE_1_N001,ALL,1,0,2,5
2022-09-02T01:15:00-00:00,2022-09-02T01:30:00-00:00,2022-09-01,19,BELRIDGE_1_N001,BELRIDGE_1_N001,BELRIDGE_1_N001,RTPD,MGHG,LMP_GHG_PRC,BELRIDGE_1_N001,ALL,1,0,2,5
2022-09-02T02:15:00-00:00,2022-09-02T02:30:00-00:00,2022-09-01,20,BELRIDGE_1_N001,BELRIDGE_1_N001,BELRIDGE_1_N001,RTPD,MGHG,LMP_GHG_PRC,BELRIDGE_1_N001,ALL,1,0,2,5
2022-09-02T03:15:00-00:00,2022-09-02T03:30:00-00:00,2022-09-01,21,BELRIDGE_1_N001,BELRIDGE_1_N001,BELRIDGE_1_N001,RTPD,MGHG,LMP_GHG_PRC,BELRIDGE_1_N001,ALL,1,0,2,5
2022-09-02T04:15:00-00:00,2022-09-02T04:30:00-00:00,2022-09-01,22,BELRIDGE_1_N001,BELRIDGE_1_N001,BELRIDGE_1_N001,RTPD,MGHG,LMP_GHG_PRC,BELRIDGE_1_N001,ALL,1,0,2,5
2022-09-02T05:15:00-00:00,2022-09-02T05:30:00-00:00,2022-09-01,23,BELRIDGE_1_N001,BELRIDGE_1_N001,BELRIDGE_1_N001,RTPD,MGHG,LMP_GHG_PRC,BELRIDGE_1_N001,ALL,1,0,2,5
2022-09-02T06:15:00-00:00,2022-09-02T06:30:00-00:00,2022-09-01,24,BELRIDGE_1_N001,BELRIDGE_1_N001,BELRIDGE_1_N001,RTPD,MGHG,LMP_GHG_PRC,BELRIDGE_1_N001,ALL,1,0,2,5
2022-09-01T07:30:00-00:00,2022-09-01T07:45:00-00:00,2022-09-01,01,BELRIDGE_1_N001,BELRIDGE_1_N001,BELRIDGE_1_N001,RTPD,MGHG,LMP_GHG_PRC,BELRIDGE_1_N001,ALL,1,0,3,5
2022-09-01T08:30:00-00:00,2022-09-01T08:45:00-00:00,2022-09-01,02,BELRIDGE_1_N001,BELRIDGE_1_N001,BELRIDGE_1_N001,RTPD,MGHG,LMP_GHG_PRC,BELRIDGE_1_N001,ALL,1,0,3,5
2022-09-01T09:30:00-00:00,2022-09-01T09:45:00-00:00,2022-09-01,03,BELRIDGE_1_N001,BELRIDGE_1_N001,BELRIDGE_1_N001,RTPD,MGHG,LMP_GHG_PRC,BELRIDGE_1_N001,ALL,1,0,3,5
2022-09-01T10:30:00-00:00,2022-09-01T10:45:00-00:00,2022-09-01,04,BELRIDGE_1_N001,BELRIDGE_1_N001,BELRIDGE_1_N001,RTPD,MGHG,LMP_GHG_PRC,BELRIDGE_1_N001,ALL,1,0,3,5
2022-09-01T11:30:00-00:00,2022-09-01T11:45:00-00:00,2022-09-01,05,BELRIDGE_1_N001,BELRIDGE_1_N001,BELRIDGE_1_N001,RTPD,MGHG,LMP_GHG_PRC,BELRIDGE_1_N001,ALL,1,0,3,5
2022-09-01T12:30:00-00:00,2022-09-01T12:45:00-00:00,2022-09-01,06,BELRIDGE_1_N001,BELRIDGE_1_N001,BELRIDGE_1_N001,RTPD,MGHG,LMP_GHG_PRC,BELRIDGE_1_N001,ALL,1,0,3,5
2022-09-01T13:30:00-00:00,2022-09-01T13:45:00-00:00,2022-09-01,07,BELRIDGE_1_N001,BELRIDGE_1_N001,BELRIDGE_1_N001,RTPD,MGHG,LMP_GHG_PRC,BELRIDGE_1_N001,ALL,1,0,3,5
2022-09-01T14:30:00-00:00,2022-09-01T14:45:00-00:00,2022-09-01,08,BELRIDGE_1_N001,BELRIDGE_1_N001,BELRIDGE_1_N001,RTPD,MGHG,LMP_GHG_PRC,BELRIDGE_1_N001,ALL,1,0,3,5
2022-09-01T15:30:00-00:00,2022-09-01T15:45:00-00:00,2022-09-01,09,BELRIDGE_1_N001,BELRIDGE_1_N001,BELRIDGE_1_N001,RTPD,MGHG,LMP_GHG_PRC,BELRIDGE_1_N001,ALL,1,0,3,5
2022-09-01T16:30:00-00:00,2022-09-01T16:45:00-00:00,2022-09-01,10,BELRIDGE_1_N001,BELRIDGE_1_N001,BELRIDGE_1_N001,RTPD,MGHG,LMP_GHG_PRC,BELRIDGE_1_N001,ALL,1,0,3,5
2022-09-01T17:30:00-00:00,2022-09-01T17:45:00-00:00,2022-09-01,11,BELRIDGE_1_N001,BELRIDGE_1_N001,BELRIDGE_1_N001,RTPD,MGHG,LMP_GHG_PRC,BELRIDGE_1_N001,ALL,1,0,3,5
2022-09-01T18:30:00-00:00,2022-09-01T18:45:00-00:00,2022-09-01,12,BELRIDGE_1_N001,BELRIDGE_1_N001,BELRIDGE_1_N001,RTPD,MGHG,LMP_GHG_PRC,BELRIDGE_1_N001,ALL,1,0,3,5
2022-09-01T19:30:00-00:00,2022-09-01T19:45:00-00:00,2022-09-01,13,BELRIDGE_1_N001,BELRIDGE_1_N001,BELRIDGE_1_N001,RTPD,MGHG,LMP_GHG_PRC,BELRIDGE_1_N001,ALL,1,0,3,5
2022-09-01T20:30:00-00:00,2022-09-01T20:45:00-00:00,2022-09-01,14,BELRIDGE_1_N001,BELRIDGE_1_N001,BELRIDGE_1_N001,RTPD,MGHG,LMP_GHG_PRC,BELRIDGE_1_N001,ALL,1,0,3,5
2022-09-01T21:30:00-00:00,2022-09-01T21:45:00-00:00,2022-09-01,15,BELRIDGE_1_N001,BELRIDGE_1_N001,BELRIDGE_1_N001,RTPD,MGHG,LMP_GHG_PRC,BELRIDGE_1_N001,ALL,1,0,3,5
2022-09-01T22:30:00-00:00,2022-09-01T22:45:00-00:00,2022-09-01,16,BELRIDGE_1_N001,BELRIDGE_1_N001,BELRIDGE_1_N001,RTPD,MGHG,LMP_GHG_PRC,BELRIDGE_1_N001,ALL,1,0,3,5
2022-09-01T23:30:00-00:00,2022-09-01T23:45:00-00:00,2022-09-01,17,BELRIDGE_1_N001,BELRIDGE_1_N001,BELRIDGE_1_N001,RTPD,MGHG,LMP_GHG_PRC,BELRIDGE_1_N001,ALL,1,0,3,5
2022-09-02T00:30:00-00:00,2022-09-02T00:45:00-00:00,2022-09-01,18,BELRIDGE_1_N001,BELRIDGE_1_N001,BELRIDGE_1_N001,RTPD,MGHG,LMP_GHG_PRC,BELRIDGE_1_N001,ALL,1,0,3,5
2022-09-02T01:30:00-00:00,2022-09-02T01:45:00-00:00,2022-09-01,19,BELRIDGE_1_N001,BELRIDGE_1_N001,BELRIDGE_1_N001,RTPD,MGHG,LMP_GHG_PRC,BELRIDGE_1_N001,ALL,1,0,3,5
2022-09-02T02:30:00-00:00,2022-09-02T02:45:00-00:00,2022-09-01,20,BELRIDGE_1_N001,BELRIDGE_1_N001,BELRIDGE_1_N001,RTPD,MGHG,LMP_GHG_PRC,BELRIDGE_1_N001,ALL,1,0,3,5
2022-09-02T03:30:00-00:00,2022-09-02T03:45:00-00:00,2022-09-01,21,BELRIDGE_1_N001,BELRIDGE_1_N001,BELRIDGE_1_N001,RTPD,MGHG,LMP_GHG_PRC,BELRIDGE_1_N001,ALL,1,0,3,5
2022-09-02T04:30:00-00:00,2022-09-02T04:45:00-00:00,2022-09-01,22,BELRIDGE_1_N001,BELRIDGE_1_N001,BELRIDGE_1_N001,RTPD,MGHG,LMP_GHG_PRC,BELRIDGE_1_N001,ALL,1,0,3,5
2022-09-02T05:30:00-00:00,2022-09-02T05:45:00-00:00,2022-09-01,23,BELRIDGE_1_N001,BELRIDGE_1_N001,BELRIDGE_1_N001,RTPD,MGHG,LMP_GHG_PRC,BELRIDGE_1_N001,ALL,1,0,3,5
2022-09-02T06:30:00-00:00,2022-09-02T06:45:00-00:00,2022-09-01,24,BELRIDGE_1_N001,BELRIDGE_1_N001,BELRIDGE_1_N001,RTPD,MGHG,LMP_GHG_PRC,BELRIDGE_1_N001,ALL,1,0,3,5
2022-09-01T07:45:00-00:00,2022-09-01T08:00:00-00:00,2022-09-01,01,BELRIDGE_1_N001,BELRIDGE_1_N001,BELRIDGE_1_N001,RTPD,MGHG,LMP_GHG_PRC,BELRIDGE_1_N001,ALL,1,0,4,5
2022-09-01T08:45:00-00:00,2022-09-01T09:00:00-00:00,2022-09-01,02,BELRIDGE_1_N001,BELRIDGE_1_N001,BELRIDGE_1_N001,RTPD,MGHG,LMP_GHG_PRC,BELRIDGE_1_N001,ALL,1,0,4,5
2022-09-01T09:45:00-00:00,2022-09-01T10:00:00-00:00,2022-09-01,03,BELRIDGE_1_N001,BELRIDGE_1_N001,BELRIDGE_1_N001,RTPD,MGHG,LMP_GHG_PRC,BELRIDGE_1_N001,ALL,1,0,4,5
2022-09-01T10:45:00-00:00,2022-09-01T11:00:00-00:00,2022-09-01,04,BELRIDGE_1_N001,BELRIDGE_1_N001,BELRIDGE_1_N001,RTPD,MGHG,LMP_GHG_PRC,BELRIDGE_1_N001,ALL,1,0,4,5
2022-09-01T11:45:00-00:00,2022-09-01T12:00:00-00:00,2022-09-01,05,BELRIDGE_1_N001,BELRIDGE_1_N001,BELRIDGE_1_N001,RTPD,MGHG,LMP_GHG_PRC,BELRIDGE_1_N001,ALL,1,0,4,5
2022-09-01T12:45:00-00:00,2022-09-01T13:00:00-00:00,2022-09-01,06,BELRIDGE_1_N001,BELRIDGE_1_N001,BELRIDGE_1_N001,RTPD,MGHG,LMP_GHG_PRC,BELRIDGE_1_N001,ALL,1,0,4,5
2022-09-01T13:45:00-00:00,2022-09-01T14:00:00-00:00,2022-09-01,07,BELRIDGE_1_N001,BELRIDGE_1_N001,BELRIDGE_1_N001,RTPD,MGHG,LMP_GHG_PRC,BELRIDGE_1_N001,ALL,1,0,4,5
2022-09-01T14:45:00-00:00,2022-09-01T15:00:00-00:00,2022-09-01,08,BELRIDGE_1_N001,BELRIDGE_1_N001,BELRIDGE_1_N001,RTPD,MGHG,LMP_GHG_PRC,BELRIDGE_1_N001,ALL,1,0,4,5
2022-09-01T15:45:00-00:00,2022-09-01T16:00:00-00:00,2022-09-01,09,BELRIDGE_1_N001,BELRIDGE_1_N001,BELRIDGE_1_N001,RTPD,MGHG,LMP_GHG_PRC,BELRIDGE_1_N001,ALL,1,0,4,5
2022-09-01T16:45:00-00:00,2022-09-01T17:00:00-00:00,2022-09-01,10,BELRIDGE_1_N001,BELRIDGE_1_N001,BELRIDGE_1_N001,RTPD,MGHG,LMP_GHG_PRC,BELRIDGE_1_N001,ALL,1,0,4,5
2022-09-01T17:45:00-00:00,2022-09-01T18:00:00-00:00,2022-09-01,11,BELRIDGE_1_N001,BELRIDGE_1_N001,BELRIDGE_1_N001,RTPD,MGHG,LMP_GHG_PRC,BELRIDGE_1_N001,ALL,1,0,4,5
2022-09-01T18:45:00-00:00,2022-09-01T19:00:00-00:00,2022-09-01,12,BELRIDGE_1_N001,BELRIDGE_1_N001,BELRIDGE_1_N001,RTPD,MGHG,LMP_GHG_PRC,BELRIDGE_1_N001,ALL,1,0,4,5
2022-09-01T19:45:00-00:00,2022-09-01T20:00:00-00:00,2022-09-01,13,BELRIDGE_1_N001,BELRIDGE_1_N001,BELRIDGE_1_N001,RTPD,MGHG,LMP_GHG_PRC,BELRIDGE_1_N001,ALL,1,0,4,5
2022-09-01T20:45:00-00:00,2022-09-01T21:00:00-00:00,2022-09-01,14,BELRIDGE_1_N001,BELRIDGE_1_N001,BELRIDGE_1_N001,RTPD,MGHG,LMP_GHG_PRC,BELRIDGE_1_N001,ALL,1,0,4,5
2022-09-01T21:45:00-00:00,2022-09-01T22:00:00-00:00,2022-09-01,15,BELRIDGE_1_N001,BELRIDGE_1_N001,BELRIDGE_1_N001,RTPD,MGHG,LMP_GHG_PRC,BELRIDGE_1_N001,ALL,1,0,4,5
2022-09-01T22:45:00-00:00,2022-09-01T23:00:00-00:00,2022-09-01,16,BELRIDGE_1_N001,BELRIDGE_1_N001,BELRIDGE_1_N001,RTPD,MGHG,LMP_GHG_PRC,BELRIDGE_1_N001,ALL,1,0,4,5
2022-09-01T23:45:00-00:00,2022-09-02T00:00:00-00:00,2022-09-01,17,BELRIDGE_1_N001,BELRIDGE_1_N001,BELRIDGE_1_N001,RTPD,MGHG,LMP_GHG_PRC,BELRIDGE_1_N001,ALL,1,0,4,5
2022-09-02T00:45:00-00:00,2022-09-02T01:00:00-00:00,2022-09-01,18,BELRIDGE_1_N001,BELRIDGE_1_N001,BELRIDGE_1_N001,RTPD,MGHG,LMP_GHG_PRC,BELRIDGE_1_N001,ALL,1,0,4,5
2022-09-02T01:45:00-00:00,2022-09-02T02:00:00-00:00,2022-09-01,19,BELRIDGE_1_N001,BELRIDGE_1_N001,BELRIDGE_1_N001,RTPD,MGHG,LMP_GHG_PRC,BELRIDGE_1_N001,ALL,1,0,4,5
2022-09-02T02:45:00-00:00,2022-09-02T03:00:00-00:00,2022-09-01,20,BELRIDGE_1_N001,BELRIDGE_1_N001,BELRIDGE_1_N001,RTPD,MGHG,LMP_GHG_PRC,BELRIDGE_1_N001,ALL,1,0,4,5
2022-09-02T03:45:00-00:00,2022-09-02T04:00:00-00:00,2022-09-01,21,BELRIDGE_1_N001,BELRIDGE_1_N001,BELRIDGE_1_N001,RTPD,MGHG,LMP_GHG_PRC,BELRIDGE_1_N001,ALL,1,0,4,5
2022-09-02T04:45:00-00:00,2022-09-02T05:00:00-00:00,2022-09-01,22,BELRIDGE_1_N001,BELRIDGE_1_N001,BELRIDGE_1_N001,RTPD,MGHG,LMP_GHG_PRC,BELRIDGE_1_N001,ALL,1,0,4,5
2022-09-02T05:45:00-00:00,2022-09-02T06:00:00-00:00,2022-09-01,23,BELRIDGE_1_N001,BELRIDGE_1_N001,BELRIDGE_1_N001,RTPD,MGHG,LMP_GHG_PRC,BELRIDGE_1_N001,ALL,1,0,4,5
2022-09-02T06:45:00-00:00,2022-09-02T07:00:00-00:00,2022-09-01,24,BELRIDGE_1_N001,BELRIDGE_1_N001,BELRIDGE_1_N001,RTPD,MGHG,LMP_GHG_PRC,BELRIDGE_1_N001,ALL,1,0,4,5
