INTERVALSTARTTIME_GMT,INTERVALENDTIME_GMT,OPR_DT,OPR_HR,NODE_ID_XML,NODE_ID,NODE,MARKET_RUN_ID,LMP_TYPE,XML_DATA_ITEM,PNODE_RESMRID,GRP_TYPE,POS,PRC,OPR_INTERVAL,GROUP
2022-09-01T07:00:00-00:00,2022-09-01T07:15:00-00:00,2022-09-01,01,BELLPGE_1_N001,BELLPGE_1_N001,BELLPGE_1_N001,RTPD,LMP,LMP_PRC,BELLPGE_1_N001,ALL,1,82.9045,1,1
2022-09-01T08:00:00-00:00,2022-09-01T08:15:00-00:00,2022-09-01,02,BELLPGE_1_N001,BELLPGE_1_N001,BELLPGE_1_N001,RTPD,LMP,LMP_PRC,BELLPGE_1_N001,ALL,1,112.52983,1,1
2022-09-01T09:00:00-00:00,2022-09-01T09:15:00-00:00,2022-09-01,03,BELLPGE_1_N001,BELLPGE_1_N001,BELLPGE_1_N001,RTPD,LMP,LMP_PRC,BELLPGE_1_N001,ALL,1,96.0148,1,1
2022-09-01T10:00:00-00:00,2022-09-01T10:15:00-00:00,2022-09-01,04,BELLPGE_1_N001,BELLPGE_1_N001,BELLPGE_1_N001,RTPD,LMP,LMP_PRC,BELLPGE_1_N001,ALL,1,94.91115,1,1
2022-09-01T11:00:00-00:00,2022-09-01T11:15:00-00:00,2022-09-01,05,BELLPGE_1_N001,BELLPGE_1_N001,BELLPGE_1_N001,RTPD,LMP,LMP_PRC,BELLPGE_1_N001,ALL,1,101.53265,1,1
2022-09-01T12:00:00-00:00,2022-09-01T12:15:00-00:00,2022-09-01,06,BELLPGE_1_N001,BELLPGE_1_N001,BELLPGE_1_N001,RTPD,LMP,LMP_PRC,BELLPGE_1_N001,ALL,1,85.70073,1,1
2022-09-01T13:00:00-00:00,2022-09-01T13:15:00-00:00,2022-09-01,07,BELLPGE_1_N001,BELLPGE_1_N001,BELLPGE_1_N001,RTPD,LMP,LMP_PRC,BELLPGE_1_N001,ALL,1,89.9403,1,1
2022-09-01T14:00:00-00:00,2022-09-01T14:15:00-00:00,2022-09-01,08,BELLPGE_1_N001,BELLPGE_1_N001,BELLPGE_1_N001,RTPD,LMP,LMP_PRC,BELLPGE_1_N001,ALL,1,112.38998,1,1
2022-09-01T15:00:00-00:00,2022-09-01T15:15:00-00:00,2022-09-01,09,BELLPGE_1_N001,BELLPGE_1_N001,BELLPGE_1_N001,RTPD,LMP,LMP_PRC,BELLPGE_1_N001,ALL,1,97.4112,1,1
2022-09-01T16:00:00-00:00,2022-09-01T16:15:00-00:00,2022-09-01,10,BELLPGE_1_N001,BELLPGE_1_N001,BELLPGE_1_N001,RTPD,LMP,LMP_PRC,BELLPGE_1_N001,ALL,1,124.54715,1,1
2022-09-01T17:00:00-00:00,2022-09-01T17:15:00-00:00,2022-09-01,11,BELLPGE_1_N001,BELLPGE_1_N001,BELLPGE_1_N001,RTPD,LMP,LMP_PRC,BELLPGE_1_N001,ALL,1,86.31827,1,1
2022-09-01T18:00:00-00:00,2022-09-01T18:15:00-00:00,2022-09-01,12,BELLPGE_1_N001,BELLPGE_1_N001,BELLPGE_1_N001,RTPD,LMP,LMP_PRC,BELLPGE_1_N001,ALL,1,67.65662,1,1
2022-09-01T19:00:00-00:00,2022-09-01T19:15:00-00:00,2022-09-01,13,BELLPGE_1_N001,BELLPGE_1_N001,BELLPGE_1_N001,RTPD,LMP,LMP_PRC,BELLPGE_1_N001,ALL,1,76.54986,1,1
2022-09-01T20:00:00-00:00,2022-09-01T20:15:00-00:00,2022-09-01,14,BELLPGE_1_N001,BELLPGE_1_N001,BELLPGE_1_N001,RTPD,LMP,LMP_PRC,BELLPGE_1_N001,ALL,1,114.73384,1,1
2022-09-01T21:00:00-00:00,2022-09-01T21:15:00-00:00,2022-09-01,15,BELLPGE_1_N001,BELLPGE_1_N001,BELLPGE_1_N001,RTPD,LMP,LMP_PRC,BELLPGE_1_N001,ALL,1,135.88126,1,1
2022-09-01T22:00:00-00:00,2022-09-01T22:15:00-00:00,2022-09-01,16,BELLPGE_1_N001,BELLPGE_1_N001,BELLPGE_1_N001,RTPD,LMP,LMP_PRC,BELLPGE_1_N001,ALL,1,130.96596,1,1
2022-09-01T23:00:00-00:00,2022-09-01T23:15:00-00:00,2022-09-01,17,BELLPGE_1_N001,BELLPGE_1_N001,BELLPGE_1_N001,RTPD,LMP,LMP_PRC,BELLPGE_1_N001,ALL,1,234.31409,1,1
2022-09-02T00:00:00-00:00,2022-09-02T00:15:00-00:00,2022-09-01,18,BELLPGE_1_N001,BELLPGE_1_N001,BELLPGE_1_N001,RTPD,LMP,LMP_PRC,BELLPGE_1_N001,ALL,1,1112.3396,1,1
2022-09-02T01:00:00-00:00,2022-09-02T01:15:00-00:00,2022-09-01,19,BELLPGE_1_N001,BELLPGE_1_N001,BELLPGE_1_N001,RTPD,LMP,LMP_PRC,BELLPGE_1_N001,ALL,1,1248.7612,1,1
2022-09-02T02:00:00-00:00,2022-09-02T02:15:00-00:00,2022-09-01,20,BELLPGE_1_N001,BELLPGE_1_N001,BELLPGE_1_N001,RTPD,LMP,LMP_PRC,BELLPGE_1_N001,ALL,1,1991.6721,1,1
2022-09-02T03:00:00-00:00,2022-09-02T03:15:00-00:00,2022-09-01,21,BELLPGE_1_N001,BELLPGE_1_N001,BELLPGE_1_N001,RTPD,LMP,LMP_PRC,BELLPGE_1_N001,ALL,1,1373.9321,1,1
2022-09-02T04:00:00-00:00,2022-09-02T04:15:00-00:00,2022-09-01,22,BELLPGE_1_N001,BELLPGE_1_N001,BELLPGE_1_N001,RTPD,LMP,LMP_PRC,BELLPGE_1_N001,ALL,1,262.36783,1,1
2022-09-02T05:00:00-00:00,2022-09-02T05:15:00-00:00,2022-09-01,23,BELLPGE_1_N001,BELLPGE_1_N001,BELLPGE_1_N001,RTPD,LMP,LMP_PRC,BELLPGE_1_N001,ALL,1,185.29893,1,1
2022-09-02T06:00:00-00:00,2022-09-02T06:15:00-00:00,2022-09-01,24,BELLPGE_1_N001,BELLPGE_1_N001,BELLPGE_1_N001,RTPD,LMP,LMP_PRC,BELLPGE_1_N001,ALL,1,159.50247,1,1
2022-09-01T07:15:00-00:00,2022-09-01T07:30:00-00:00,2022-09-01,01,BELLPGE_1_N001,BELLPGE_1_N001,BELLPGE_1_N001,RTPD,LMP,LMP_PRC,BELLPGE_1_N001,ALL,1,116.493,2,1
2022-09-01T08:15:00-00:00,2022-09-01T08:30:00-00:00,2022-09-01,02,BELLPGE_1_N001,BELLPGE_1_N001,BELLPGE_1_N001,RTPD,LMP,LMP_PRC,BELLPGE_1_N001,ALL,1,114.70537,2,1
2022-09-01T09:15:00-00:00,2022-09-01T09:30:00-00:00,2022-09-01,03,BELLPGE_1_N001,BELLPGE_1_N001,BELLPGE_1_N001,RTPD,LMP,LMP_PRC,BELLPGE_1_N001,ALL,1,93.43164,2,1
2022-09-01T10:15:00-00:00,2022-09-01T10:30:00-00:00,2022-09-01,04,BELLPGE_1_N001,BELLPGE_1_N001,BELLPGE_1_N001,RTPD,LMP,LMP_PRC,BELLPGE_1_N001,ALL,1,91.64101,2,1
2022-09-01T11:15:00-00:00,2022-09-01T11:30:00-00:00,2022-09-01,05,BELLPGE_1_N001,BELLPGE_1_N001,BELLPGE_1_N001,RTPD,LMP,LMP_PRC,BELLPGE_1_N001,ALL,1,102.00814,2,1
2022-09-01T12:15:00-00:00,2022-09-01T12:30:00-00:00,2022-09-01,06,BELLPGE_1_N001,BELLPGE_1_N001,BELLPGE_1_N001,RTPD,LMP,LMP_PRC,BELLPGE_1_N001,ALL,1,101.51279,2,1
2022-09-01T13:15:00-00:00,2022-09-01T13:30:00-00:00,2022-09-01,07,BELLPGE_1_N001,BELLPGE_1_N001,BELLPGE_1_N001,RTPD,LMP,LMP_PRC,BELLPGE_1_N001,ALL,1,108.25071,2,1
2022-09-01T14:15:00-00:00,2022-09-01T14:30:00-00:00,2022-09-01,08,BELLPGE_1_N001,BELLPGE_1_N001,BELLPGE_1_N001,RTPD,LMP,LMP_PRC,BELLPGE_1_N001,ALL,1,106.12871,2,1
2022-09-01T15:15:00-00:00,2022-09-01T15:30:00-00:00,2022-09-01,09,BELLPGE_1_N001,BELLPGE_1_N001,BELLPGE_1_N001,RTPD,LMP,LMP_PRC,BELLPGE_1_N001,ALL,1,86.9388,2,1
2022-09-01T16:15:00-00:00,2022-09-01T16:30:00-00:00,2022-09-01,10,BELLPGE_1_N001,BELLPGE_1_N001,BELLPGE_1_N001,RTPD,LMP,LMP_PRC,BELLPGE_1_N001,ALL,1,105.17328,2,1
2022-09-01T17:15:00-00:00,2022-09-01T17:30:00-00:00,2022-09-01,11,BELLPGE_1_N001,BELLPGE_1_N001,BELLPGE_1_N001,RTPD,LMP,LMP_PRC,BELLPGE_1_N001,ALL,1,85.3856,2,1
2022-09-01T18:15:00-00:00,2022-09-01T18:30:00-00:00,2022-09-01,12,BELLPGE_1_N001,BELLPGE_1_N001,BELLPGE_1_N001,RTPD,LMP,LMP_PRC,BELLPGE_1_N001,ALL,1,82.16085,2,1
2022-09-01T19:15:00-00:00,2022-09-01T19:30:00-00:00,2022-09-01,13,BELLPGE_1_N001,BELLPGE_1_N001,BELLPGE_1_N001,RTPD,LMP,LMP_PRC,BELLPGE_1_N001,ALL,1,78.42236,2,1
2022-09-01T20:15:00-00:00,2022-09-01T20:30:00-00:00,2022-09-01,14,BELLPGE_1_N001,BELLPGE_1_N001,BELLPGE_1_N001,RTPD,LMP,LMP_PRC,BELLPGE_1_N001,ALL,1,114.58706,2,1
2022-09-01T21:15:00-00:00,2022-09-01T21:30:00-00:00,2022-09-01,15,BELLPGE_1_N001,BELLPGE_1_N001,BELLPGE_1_N001,RTPD,LMP,LMP_PRC,BELLPGE_1_N001,ALL,1,122.69054,2,1
2022-09-01T22:15:00-00:00,2022-09-01T22:30:00-00:00,2022-09-01,16,BELLPGE_1_N001,BELLPGE_1_N001,BELLPGE_1_N001,RTPD,LMP,LMP_PRC,BELLPGE_1_N001,ALL,1,198.1354,2,1
2022-09-01T23:15:00-00:00,2022-09-01T23:30:00-00:00,2022-09-01,17,BELLPGE_1_N001,BELLPGE_1_N001,BELLPGE_1_N001,RTPD,LMP,LMP_PRC,BELLPGE_1_N001,ALL,1,275.43896,2,1
2022-09-02T00:15:00-00:00,2022-09-02T00:30:00-00:00,2022-09-01,18,BELLPGE_1_N001,BELLPGE_1_N001,BELLPGE_1_N001,RTPD,LMP,LMP_PRC,BELLPGE_1_N001,ALL,1,1024.622,2,1
2022-09-02T01:15:00-00:00,2022-09-02T01:30:00-00:00,2022-09-01,19,BELLPGE_1_N001,BELLPGE_1_N001,BELLPGE_1_N001,RTPD,LMP,LMP_PRC,BELLPGE_1_N001,ALL,1,1999.9933,2,1
2022-09-02T02:15:00-00:00,2022-09-02T02:30:00-00:00,2022-09-01,20,BELLPGE_1_N001,BELLPGE_1_N001,BELLPGE_1_N001,RTPD,LMP,LMP_PRC,BELLPGE_1_N001,ALL,1,1991.6721,2,1
2022-09-02T03:15:00-00:00,2022-09-02T03:30:00-00:00,2022-09-01,21,BELLPGE_1_N001,BELLPGE_1_N001,BELLPGE_1_N001,RTPD,LMP,LMP_PRC,BELLPGE_1_N001,ALL,1,563.8703,2,1
2022-09-02T04:15:00-00:00,2022-09-02T04:30:00-00:00,2022-09-01,22,BELLPGE_1_N001,BELLPGE_1_N001,BELLPGE_1_N001,RTPD,LMP,LMP_PRC,BELLPGE_1_N001,ALL,1,227.82948,2,1
2022-09-02T05:15:00-00:00,2022-09-02T05:30:00-00:00,2022-09-01,23,BELLPGE_1_N001,BELLPGE_1_N001,BELLPGE_1_N001,RTPD,LMP,LMP_PRC,BELLPGE_1_N001,ALL,1,158.094,2,1
2022-09-02T06:15:00-00:00,2022-09-02T06:30:00-00:00,2022-09-01,24,BELLPGE_1_N001,BELLPGE_1_N001,BELLPGE_1_N001,RTPD,LMP,LMP_PRC,BELLPGE_1_N001,ALL,1,142.41362,2,1
2022-09-01T07:30:00-00:00,2022-09-01T07:45:00-00:00,2022-09-01,01,BELLPGE_1_N001,BELLPGE_1_N001,BELLPGE_1_N001,RTPD,LMP,LMP_PRC,BELLPGE_1_N001,ALL,1,104.39745,3,1
2022-09-01T08:30:00-00:00,2022-09-01T08:45:00-00:00,2022-09-01,02,BELLPGE_1_N001,BELLPGE_1_N001,BELLPGE_1_N001,RTPD,LMP,LMP_PRC,BELLPGE_1_N001,ALL,1,112.41165,3,1
2022-09-01T09:30:00-00:00,2022-09-01T09:45:00-00:00,2022-09-01,03,BELLPGE_1_N001,BELLPGE_1_N001,BELLPGE_1_N001,RTPD,LMP,LMP_PRC,BELLPGE_1_N001,ALL,1,93.1785,3,1
2022-09-01T10:30:00-00:00,2022-09-01T10:45:00-00:00,2022-09-01,04,BELLPGE_1_N001,BELLPGE_1_N001,BELLPGE_1_N001,RTPD,LMP,LMP_PRC,BELLPGE_1_N001,ALL,1,93.4141,3,1
2022-09-01T11:30:00-00:00,2022-09-01T11:45:00-00:00,2022-09-01,05,BELLPGE_1_N001,BELLPGE_1_N001,BELLPGE_1_N001,RTPD,LMP,LMP_PRC,BELLPGE_1_N001,ALL,1,101.74279,3,1
2022-09-01T12:30:00-00:00,2022-09-01T12:45:00-00:00,2022-09-01,06,BELLPGE_1_N001,BELLPGE_1_N001,BELLPGE_1_N001,RTPD,LMP,LMP_PRC,BELLPGE_1_N001,ALL,1,101.80156,3,1
2022-09-01T13:30:00-00:00,2022-09-01T13:45:00-00:00,2022-09-01,07,BELLPGE_1_N001,BELLPGE_1_N001,BELLPGE_1_N001,RTPD,LMP,LMP_PRC,BELLPGE_1_N001,ALL,1,109.50173,3,1
2022-09-01T14:30:00-00:00,2022-09-01T14:45:00-00:00,2022-09-01,08,BELLPGE_1_N001,BELLPGE_1_N001,BELLPGE_1_N001,RTPD,LMP,LMP_PRC,BELLPGE_1_N001,ALL,1,103.47381,3,1
2022-09-01T15:30:00-00:00,2022-09-01T15:45:00-00:00,2022-09-01,09,BELLPGE_1_N001,BELLPGE_1_N001,BELLPGE_1_N001,RTPD,LMP,LMP_PRC,BELLPGE_1_N001,ALL,1,86.1388,3,1
2022-09-01T16:30:00-00:00,2022-09-01T16:45:00-00:00,2022-09-01,10,BELLPGE_1_N001,BELLPGE_1_N001,BELLPGE_1_N001,RTPD,LMP,LMP_PRC,BELLPGE_1_N001,ALL,1,81.66825,3,1
2022-09-01T17:30:00-00:00,2022-09-01T17:45:00-00:00,2022-09-01,11,BELLPGE_1_N001,BELLPGE_1_N001,BELLPGE_1_N001,RTPD,LMP,LMP_PRC,BELLPGE_1_N001,ALL,1,90.47372,3,1
2022-09-01T18:30:00-00:00,2022-09-01T18:45:00-00:00,2022-09-01,12,BELLPGE_1_N001,BELLPGE_1_N001,BELLPGE_1_N001,RTPD,LMP,LMP_PRC,BELLPGE_1_N001,ALL,1,81.95649,3,1
2022-09-01T19:30:00-00:00,2022-09-01T19:45:00-00:00,2022-09-01,13,BELLPGE_1_N001,BELLPGE_1_N001,BELLPGE_1_N001,RTPD,LMP,LMP_PRC,BELLPGE_1_N001,ALL,1,153.38515,3,1
2022-09-01T20:30:00-00:00,2022-09-01T20:45:00-00:00,2022-09-01,14,BELLPGE_1_N001,BELLPGE_1_N001,BELLPGE_1_N001,RTPD,LMP,LMP_PRC,BELLPGE_1_N001,ALL,1,118.08628,3,1
2022-09-01T21:30:00-00:00,2022-09-01T21:45:00-00:00,2022-09-01,15,BELLPGE_1_N001,BELLPGE_1_N001,BELLPGE_1_N001,RTPD,LMP,LMP_PRC,BELLPGE_1_N001,ALL,1,130.40413,3,1
2022-09-01T22:30:00-00:00,2022-09-01T22:45:00-00:00,2022-09-01,16,BELLPGE_1_N001,BELLPGE_1_N001,BELLPGE_1_N001,RTPD,LMP,LMP_PRC,BELLPGE_1_N001,ALL,1,214.26228,3,1
2022-09-01T23:30:00-00:00,2022-09-01T23:45:00-00:00,2022-09-01,17,BELLPGE_1_N001,BELLPGE_1_N001,BELLPGE_1_N001,RTPD,LMP,LMP_PRC,BELLPGE_1_N001,ALL,1,566.48157,3,1
2022-09-02T00:30:00-00:00,2022-09-02T00:45:00-00:00,2022-09-01,18,BELLPGE_1_N001,BELLPGE_1_N001,BELLPGE_1_N001,RTPD,LMP,LMP_PRC,BELLPGE_1_N001,ALL,1,1790.9535,3,1
2022-09-02T01:30:00-00:00,2022-09-02T01:45:00-00:00,2022-09-01,19,BELLPGE_1_N001,BELLPGE_1_N001,BELLPGE_1_N001,RTPD,LMP,LMP_PRC,BELLPGE_1_N001,ALL,1,1999.9956,3,1
2022-09-02T02:30:00-00:00,2022-09-02T02:45:00-00:00,2022-09-01,20,BELLPGE_1_N001,BELLPGE_1_N001,BELLPGE_1_N001,RTPD,LMP,LMP_PRC,BELLPGE_1_N001,ALL,1,1991.671,3,1
2022-09-02T03:30:00-00:00,2022-09-02T03:45:00-00:00,2022-09-01,21,BELLPGE_1_N001,BELLPGE_1_N001,BELLPGE_1_N001,RTPD,LMP,LMP_PRC,BELLPGE_1_N001,ALL,1,226.94046,3,1
2022-09-02T04:30:00-00:00,2022-09-02T04:45:00-00:00,2022-09-01,22,BELLPGE_1_N001,BELLPGE_1_N001,BELLPGE_1_N001,RTPD,LMP,LMP_PRC,BELLPGE_1_N001,ALL,1,181.12994,3,1
2022-09-02T05:30:00-00:00,2022-09-02T05:45:00-00:00,2022-09-01,23,BELLPGE_1_N001,BELLPGE_1_N001,BELLPGE_1_N001,RTPD,LMP,LMP_PRC,BELLPGE_1_N001,ALL,1,132.02843,3,1
2022-09-02T06:30:00-00:00,2022-09-02T06:45:00-00:00,2022-09-01,24,BELLPGE_1_N001,BELLPGE_1_N001,BELLPGE_1_N001,RTPD,LMP,LMP_PRC,BELLPGE_1_N001,ALL,1,128.80653,3,1
2022-09-01T07:45:00-00:00,2022-09-01T08:00:00-00:00,2022-09-01,01,BELLPGE_1_N001,BELLPGE_1_N001,BELLPGE_1_N001,RTPD,LMP,LMP_PRC,BELLPGE_1_N001,ALL,1,92.48527,4,1
2022-09-01T08:45:00-00:00,2022-09-01T09:00:00-00:00,2022-09-01,02,BELLPGE_1_N001,BELLPGE_1_N001,BELLPGE_1_N001,RTPD,LMP,LMP_PRC,BELLPGE_1_N001,ALL,1,95.56333,4,1
2022-09-01T09:45:00-00:00,2022-09-01T10:00:00-00:00,2022-09-01,03,BELLPGE_1_N001,BELLPGE_1_N001,BELLPGE_1_N001,RTPD,LMP,LMP_PRC,BELLPGE_1_N001,ALL,1,93.06264,4,1
2022-09-01T10:45:00-00:00,2022-09-01T11:00:00-00:00,2022-09-01,04,BELLPGE_1_N001,BELLPGE_1_N001,BELLPGE_1_N001,RTPD,LMP,LMP_PRC,BELLPGE_1_N001,ALL,1,93.32495,4,1
2022-09-01T11:45:00-00:00,2022-09-01T12:00:00-00:00,2022-09-01,05,BELLPGE_1_N001,BELLPGE_1_N001,BELLPGE_1_N001,RTPD,LMP,LMP_PRC,BELLPGE_1_N001,ALL,1,107.01,4,1
2022-09-01T12:45:00-00:00,2022-09-01T13:00:00-00:00,2022-09-01,06,BELLPGE_1_N001,BELLPGE_1_N001,BELLPGE_1_N001,RTPD,LMP,LMP_PRC,BELLPGE_1_N001,ALL,1,114.37386,4,1
2022-09-01T13:45:00-00:00,2022-09-01T14:00:00-00:00,2022-09-01,07,BELLPGE_1_N001,BELLPGE_1_N001,BELLPGE_1_N001,RTPD,LMP,LMP_PRC,BELLPGE_1_N001,ALL,1,111.41,4,1
2022-09-01T14:45:00-00:00,2022-09-01T15:00:00-00:00,2022-09-01,08,BELLPGE_1_N001,BELLPGE_1_N001,BELLPGE_1_N001,RTPD,LMP,LMP_PRC,BELLPGE_1_N001,ALL,1,86.1388,4,1
2022-09-01T15:45:00-00:00,2022-09-01T16:00:00-00:00,2022-09-01,09,BELLPGE_1_N001,BELLPGE_1_N001,BELLPGE_1_N001,RTPD,LMP,LMP_PRC,BELLPGE_1_N001,ALL,1,78.70076,4,1
2022-09-01T16:45:00-00:00,2022-09-01T17:00:00-00:00,2022-09-01,10,BELLPGE_1_N001,BELLPGE_1_N001,BELLPGE_1_N001,RTPD,LMP,LMP_PRC,BELLPGE_1_N001,ALL,1,84.77618,4,1
2022-09-01T17:45:00-00:00,2022-09-01T18:00:00-00:00,2022-09-01,11,BELLPGE_1_N001,BELLPGE_1_N001,BELLPGE_1_N001,RTPD,LMP,LMP_PRC,BELLPGE_1_N001,ALL,1,97.90473,4,1
2022-09-01T18:45:00-00:00,2022-09-01T19:00:00-00:00,2022-09-01,12,BELLPGE_1_N001,BELLPGE_1_N001,BELLPGE_1_N001,RTPD,LMP,LMP_PRC,BELLPGE_1_N001,ALL,1,86.25133,4,1
2022-09-01T19:45:00-00:00,2022-09-01T20:00:00-00:00,2022-09-01,13,BELLPGE_1_N001,BELLPGE_1_N001,BELLPGE_1_N001,RTPD,LMP,LMP_PRC,BELLPGE_1_N001,ALL,1,107.74544,4,1
2022-09-01T20:45:00-00:00,2022-09-01T21:00:00-00:00,2022-09-01,14,BELLPGE_1_N001,BELLPGE_1_N001,BELLPGE_1_N001,RTPD,LMP,LMP_PRC,BELLPGE_1_N001,ALL,1,128.09146,4,1
2022-09-01T21:45:00-00:00,2022-09-01T22:00:00-00:00,2022-09-01,15,BELLPGE_1_N001,BELLPGE_1_N001,BELLPGE_1_N001,RTPD,LMP,LMP_PRC,BELLPGE_1_N001,ALL,1,256.99255,4,1
2022-09-01T22:45:00-00:00,2022-09-01T23:00:00-00:00,2022-09-01,16,BELLPGE_1_N001,BELLPGE_1_N001,BELLPGE_1_N001,RTPD,LMP,LMP_PRC,BELLPGE_1_N001,ALL,1,238.36641,4,1
2022-09-01T23:45:00-00:00,2022-09-02T00:00:00-00:00,2022-09-01,17,BELLPGE_1_N001,BELLPGE_1_N001,BELLPGE_1_N001,RTPD,LMP,LMP_PRC,BELLPGE_1_N001,ALL,1,1663.4996,4,1
2022-09-02T00:45:00-00:00,2022-09-02T01:00:00-00:00,2022-09-01,18,BELLPGE_1_N001,BELLPGE_1_N001,BELLPGE_1_N001,RTPD,LMP,LMP_PRC,BELLPGE_1_N001,ALL,1,1809.929,4,1
2022-09-02T01:45:00-00:00,2022-09-02T02:00:00-00:00,2022-09-01,19,BELLPGE_1_N001,BELLPGE_1_N001,BELLPGE_1_N001,RTPD,LMP,LMP_PRC,BELLPGE_1_N001,ALL,1,1991.9337,4,1
2022-09-02T02:45:00-00:00,2022-09-02T03:00:00-00:00,2022-09-01,20,BELLPGE_1_N001,BELLPGE_1_N001,BELLPGE_1_N001,RTPD,LMP,LMP_PRC,BELLPGE_1_N001,ALL,1,1815.2412,4,1
2022-09-02T03:45:00-00:00,2022-09-02T04:00:00-00:00,2022-09-01,21,BELLPGE_1_N001,BELLPGE_1_N001,BELLPGE_1_N001,RTPD,LMP,LMP_PRC,BELLPGE_1_N001,ALL,1,164.12396,4,1
2022-09-02T04:45:00-00:00,2022-09-02T05:00:00-00:00,2022-09-01,22,BELLPGE_1_N001,BELLPGE_1_N001,BELLPGE_1_N001,RTPD,LMP,LMP_PRC,BELLPGE_1_N001,ALL,1,127.87924,4,1
2022-09-02T05:45:00-00:00,2022-09-02T06:00:00-00:00,2022-09-01,23,BELLPGE_1_N001,BELLPGE_1_N001,BELLPGE_1_N001,RTPD,LMP,LMP_PRC,BELLPGE_1_N001,ALL,1,115.36587,4,1
2022-09-02T06:45:00-00:00,2022-09-02T07:00:00-00:00,2022-09-01,24,BELLPGE_1_N001,BELLPGE_1_N001,BELLPGE_1_N001,RTPD,LMP,LMP_PRC,BELLPGE_1_N001,ALL,1,109.77109,4,1
2022-09-01T07:00:00-00:00,2022-09-01T07:15:00-00:00,2022-09-01,01,BELLPGE_1_N001,BELLPGE_1_N001,BELLPGE_1_N001,RTPD,MCC,LMP_CONG_PRC,BELLPGE_1_N001,ALL,1,-13.14778,1,2
2022-09-01T08:00:00-00:00,2022-09-01T08:15:00-00:00,2022-09-01,02,BELLPGE_1_N001,BELLPGE_1_N001,BELLPGE_1_N001,RTPD,MCC,LMP_CONG_PRC,BELLPGE_1_N001,ALL,1,-3.01897,1,2
2022-09-01T09:00:00-00:00,2022-09-01T09:15:00-00:00,2022-09-01,03,BELLPGE_1_N001,BELLPGE_1_N001,BELLPGE_1_N001,RTPD,MCC,LMP_CONG_PRC,BELLPGE_1_N001,ALL,1,-4.03495,1,2
2022-09-01T10:00:00-00:00,2022-09-01T10:15:00-00:00,2022-09-01,04,BELLPGE_1_N001,BELLPGE_1_N001,BELLPGE_1_N001,RTPD,MCC,LMP_CONG_PRC,BELLPGE_1_N001,ALL,1,-3.5042,1,2
2022-09-01T11:00:00-00:00,2022-09-01T11:15:00-00:00,2022-09-01,05,BELLPGE_1_N001,BELLPGE_1_N001,BELLPGE_1_N001,RTPD,MCC,LMP_CONG_PRC,BELLPGE_1_N001,ALL,1,0,1,2
2022-09-01T12:00:00-00:00,2022-09-01T12:15:00-00:00,2022-09-01,06,BELLPGE_1_N001,BELLPGE_1_N001,BELLPGE_1_N001,RTPD,MCC,LMP_CONG_PRC,BELLPGE_1_N001,ALL,1,-8.98852,1,2
2022-09-01T13:00:00-00:00,2022-09-01T13:15:00-00:00,2022-09-01,07,BELLPGE_1_N001,BELLPGE_1_N001,BELLPGE_1_N001,RTPD,MCC,LMP_CONG_PRC,BELLPGE_1_N001,ALL,1,-11.86848,1,2
2022-09-01T14:00:00-00:00,2022-09-01T14:15:00-00:00,2022-09-01,08,BELLPGE_1_N001,BELLPGE_1_N001,BELLPGE_1_N001,RTPD,MCC,LMP_CONG_PRC,BELLPGE_1_N001,ALL,1,0,1,2
2022-09-01T15:00:00-00:00,2022-09-01T15:15:00-00:00,2022-09-01,09,BELLPGE_1_N001,BELLPGE_1_N001,BELLPGE_1_N001,RTPD,MCC,LMP_CONG_PRC,BELLPGE_1_N001,ALL,1,0,1,2
2022-09-01T16:00:00-00:00,2022-09-01T16:15:00-00:00,2022-09-01,10,BELLPGE_1_N001,BELLPGE_1_N001,BELLPGE_1_N001,RTPD,MCC,LMP_CONG_PRC,BELLPGE_1_N001,ALL,1,41.1119,1,2
2022-09-01T17:00:00-00:00,2022-09-01T17:15:00-00:00,2022-09-01,11,BELLPGE_1_N001,BELLPGE_1_N001,BELLPGE_1_N001,RTPD,MCC,LMP_CONG_PRC,BELLPGE_1_N001,ALL,1,-10.6307,1,2
2022-09-01T18:00:00-00:00,2022-09-01T18:15:00-00:00,2022-09-01,12,BELLPGE_1_N001,BELLPGE_1_N001,BELLPGE_1_N001,RTPD,MCC,LMP_CONG_PRC,BELLPGE_1_N001,ALL,1,-23.93629,1,2
2022-09-01T19:00:00-00:00,2022-09-01T19:15:00-00:00,2022-09-01,13,BELLPGE_1_N001,BELLPGE_1_N001,BELLPGE_1_N001,RTPD,MCC,LMP_CONG_PRC,BELLPGE_1_N001,ALL,1,-32.6465,1,2
2022-09-01T20:00:00-00:00,2022-09-01T20:15:00-00:00,2022-09-01,14,BELLPGE_1_N001,BELLPGE_1_N001,BELLPGE_1_N001,RTPD,MCC,LMP_CONG_PRC,BELLPGE_1_N001,ALL,1,-3.20975,1,2
2022-09-01T21:00:00-00:00,2022-09-01T21:15:00-00:00,2022-09-01,15,BELLPGE_1_N001,BELLPGE_1_N001,BELLPGE_1_N001,RTPD,MCC,LMP_CONG_PRC,BELLPGE_1_N001,ALL,1,-90.73375,1,2
2022-09-01T22:00:00-00:00,2022-09-01T22:15:00-00:00,2022-09-01,16,BELLPGE_1_N001,BELLPGE_1_N001,BELLPGE_1_N001,RTPD,MCC,LMP_CONG_PRC,BELLPGE_1_N001,ALL,1,-98.21955,1,2
2022-09-01T23:00:00-00:00,2022-09-01T23:15:00-00:00,2022-09-01,17,BELLPGE_1_N001,BELLPGE_1_N001,BELLPGE_1_N001,RTPD,MCC,LMP_CONG_PRC,BELLPGE_1_N001,ALL,1,-152.4396,1,2
2022-09-02T00:00:00-00:00,2022-09-02T00:15:00-00:00,2022-09-01,18,BELLPGE_1_N001,BELLPGE_1_N001,BELLPGE_1_N001,RTPD,MCC,LMP_CONG_PRC,BELLPGE_1_N001,ALL,1,336.44122,1,2
2022-09-02T01:00:00-00:00,2022-09-02T01:15:00-00:00,2022-09-01,19,BELLPGE_1_N001,BELLPGE_1_N001,BELLPGE_1_N001,RTPD,MCC,LMP_CONG_PRC,BELLPGE_1_N001,ALL,1,332.48996,1,2
2022-09-02T02:00:00-00:00,2022-09-02T02:15:00-00:00,2022-09-01,20,BELLPGE_1_N001,BELLPGE_1_N001,BELLPGE_1_N001,RTPD,MCC,LMP_CONG_PRC,BELLPGE_1_N001,ALL,1,0,1,2
2022-09-02T03:00:00-00:00,2022-09-02T03:15:00-00:00,2022-09-01,21,BELLPGE_1_N001,BELLPGE_1_N001,BELLPGE_1_N001,RTPD,MCC,LMP_CONG_PRC,BELLPGE_1_N001,ALL,1,411.6966,1,2
2022-09-02T04:00:00-00:00,2022-09-02T04:15:00-00:00,2022-09-01,22,BELLPGE_1_N001,BELLPGE_1_N001,BELLPGE_1_N001,RTPD,MCC,LMP_CONG_PRC,BELLPGE_1_N001,ALL,1,0,1,2
2022-09-02T05:00:00-00:00,2022-09-02T05:15:00-00:00,2022-09-01,23,BELLPGE_1_N001,BELLPGE_1_N001,BELLPGE_1_N001,RTPD,MCC,LMP_CONG_PRC,BELLPGE_1_N001,ALL,1,0,1,2
2022-09-02T06:00:00-00:00,2022-09-02T06:15:00-00:00,2022-09-01,24,BELLPGE_1_N001,BELLPGE_1_N001,BELLPGE_1_N001,RTPD,MCC,LMP_CONG_PRC,BELLPGE_1_N001,ALL,1,0,1,2
2022-09-01T07:15:00-00:00,2022-09-01T07:30:00-00:00,2022-09-01,01,BELLPGE_1_N001,BELLPGE_1_N001,BELLPGE_1_N001,RTPD,MCC,LMP_CONG_PRC,BELLPGE_1_N001,ALL,1,-9.05844,2,2
2022-09-01T08:15:00-00:00,2022-09-01T08:30:00-00:00,2022-09-01,02,BELLPGE_1_N001,BELLPGE_1_N001,BELLPGE_1_N001,RTPD,MCC,LMP_CONG_PRC,BELLPGE_1_N001,ALL,1,-0.82628,2,2
2022-09-01T09:15:00-00:00,2022-09-01T09:30:00-00:00,2022-09-01,03,BELLPGE_1_N001,BELLPGE_1_N001,BELLPGE_1_N001,RTPD,MCC,LMP_CONG_PRC,BELLPGE_1_N001,ALL,1,-5.31617,2,2
2022-09-01T10:15:00-00:00,2022-09-01T10:30:00-00:00,2022-09-01,04,BELLPGE_1_N001,BELLPGE_1_N001,BELLPGE_1_N001,RTPD,MCC,LMP_CONG_PRC,BELLPGE_1_N001,ALL,1,-4.9584,2,2
2022-09-01T11:15:00-00:00,2022-09-01T11:30:00-00:00,2022-09-01,05,BELLPGE_1_N001,BELLPGE_1_N001,BELLPGE_1_N001,RTPD,MCC,LMP_CONG_PRC,BELLPGE_1_N001,ALL,1,0,2,2
2022-09-01T12:15:00-00:00,2022-09-01T12:30:00-00:00,2022-09-01,06,BELLPGE_1_N001,BELLPGE_1_N001,BELLPGE_1_N001,RTPD,MCC,LMP_CONG_PRC,BELLPGE_1_N001,ALL,1,-5.48069,2,2
2022-09-01T13:15:00-00:00,2022-09-01T13:30:00-00:00,2022-09-01,07,BELLPGE_1_N001,BELLPGE_1_N001,BELLPGE_1_N001,RTPD,MCC,LMP_CONG_PRC,BELLPGE_1_N001,ALL,1,-0.50799,2,2
2022-09-01T14:15:00-00:00,2022-09-01T14:30:00-00:00,2022-09-01,08,BELLPGE_1_N001,BELLPGE_1_N001,BELLPGE_1_N001,RTPD,MCC,LMP_CONG_PRC,BELLPGE_1_N001,ALL,1,0,2,2
2022-09-01T15:15:00-00:00,2022-09-01T15:30:00-00:00,2022-09-01,09,BELLPGE_1_N001,BELLPGE_1_N001,BELLPGE_1_N001,RTPD,MCC,LMP_CONG_PRC,BELLPGE_1_N001,ALL,1,0,2,2
2022-09-01T16:15:00-00:00,2022-09-01T16:30:00-00:00,2022-09-01,10,BELLPGE_1_N001,BELLPGE_1_N001,BELLPGE_1_N001,RTPD,MCC,LMP_CONG_PRC,BELLPGE_1_N001,ALL,1,15.7247,2,2
2022-09-01T17:15:00-00:00,2022-09-01T17:30:00-00:00,2022-09-01,11,BELLPGE_1_N001,BELLPGE_1_N001,BELLPGE_1_N001,RTPD,MCC,LMP_CONG_PRC,BELLPGE_1_N001,ALL,1,-13.96113,2,2
2022-09-01T18:15:00-00:00,2022-09-01T18:30:00-00:00,2022-09-01,12,BELLPGE_1_N001,BELLPGE_1_N001,BELLPGE_1_N001,RTPD,MCC,LMP_CONG_PRC,BELLPGE_1_N001,ALL,1,-18.99817,2,2
2022-09-01T19:15:00-00:00,2022-09-01T19:30:00-00:00,2022-09-01,13,BELLPGE_1_N001,BELLPGE_1_N001,BELLPGE_1_N001,RTPD,MCC,LMP_CONG_PRC,BELLPGE_1_N001,ALL,1,-26.88352,2,2
2022-09-01T20:15:00-00:00,2022-09-01T20:30:00-00:00,2022-09-01,14,BELLPGE_1_N001,BELLPGE_1_N001,BELLPGE_1_N001,RTPD,MCC,LMP_CONG_PRC,BELLPGE_1_N001,ALL,1,-2.90715,2,2
2022-09-01T21:15:00-00:00,2022-09-01T21:30:00-00:00,2022-09-01,15,BELLPGE_1_N001,BELLPGE_1_N001,BELLPGE_1_N001,RTPD,MCC,LMP_CONG_PRC,BELLPGE_1_N001,ALL,1,-24.52131,2,2
2022-09-01T22:15:00-00:00,2022-09-01T22:30:00-00:00,2022-09-01,16,BELLPGE_1_N001,BELLPGE_1_N001,BELLPGE_1_N001,RTPD,MCC,LMP_CONG_PRC,BELLPGE_1_N001,ALL,1,-58.45192,2,2
2022-09-01T23:15:00-00:00,2022-09-01T23:30:00-00:00,2022-09-01,17,BELLPGE_1_N001,BELLPGE_1_N001,BELLPGE_1_N001,RTPD,MCC,LMP_CONG_PRC,BELLPGE_1_N001,ALL,1,-86.68514,2,2
2022-09-02T00:15:00-00:00,2022-09-02T00:30:00-00:00,2022-09-01,18,BELLPGE_1_N001,BELLPGE_1_N001,BELLPGE_1_N001,RTPD,MCC,LMP_CONG_PRC,BELLPGE_1_N001,ALL,1,327.45926,2,2
2022-09-02T01:15:00-00:00,2022-09-02T01:30:00-00:00,2022-09-01,19,BELLPGE_1_N001,BELLPGE_1_N001,BELLPGE_1_N001,RTPD,MCC,LMP_CONG_PRC,BELLPGE_1_N001,ALL,1,0,2,2
2022-09-02T02:15:00-00:00,2022-09-02T02:30:00-00:00,2022-09-01,20,BELLPGE_1_N001,BELLPGE_1_N001,BELLPGE_1_N001,RTPD,MCC,LMP_CONG_PRC,BELLPGE_1_N001,ALL,1,0,2,2
2022-09-02T03:15:00-00:00,2022-09-02T03:30:00-00:00,2022-09-01,21,BELLPGE_1_N001,BELLPGE_1_N001,BELLPGE_1_N001,RTPD,MCC,LMP_CONG_PRC,BELLPGE_1_N001,ALL,1,144.31636,2,2
2022-09-02T04:15:00-00:00,2022-09-02T04:30:00-00:00,2022-09-01,22,BELLPGE_1_N001,BELLPGE_1_N001,BELLPGE_1_N001,RTPD,MCC,LMP_CONG_PRC,BELLPGE_1_N001,ALL,1,0,2,2
2022-09-02T05:15:00-00:00,2022-09-02T05:30:00-00:00,2022-09-01,23,BELLPGE_1_N001,BELLPGE_1_N001,BELLPGE_1_N001,RTPD,MCC,LMP_CONG_PRC,BELLPGE_1_N001,ALL,1,0,2,2
2022-09-02T06:15:00-00:00,2022-09-02T06:30:00-00:00,2022-09-01,24,BELLPGE_1_N001,BELLPGE_1_N001,BELLPGE_1_N001,RTPD,MCC,LMP_CONG_PRC,BELLPGE_1_N001,ALL,1,0,2,2
2022-09-01T07:30:00-00:00,2022-09-01T07:45:00-00:00,2022-09-01,01,BELLPGE_1_N001,BELLPGE_1_N001,BELLPGE_1_N001,RTPD,MCC,LMP_CONG_PRC,BELLPGE_1_N001,ALL,1,-14.63452,3,2
2022-09-01T08:30:00-00:00,2022-09-01T08:45:00-00:00,2022-09-01,02,BELLPGE_1_N001,BELLPGE_1_N001,BELLPGE_1_N001,RTPD,MCC,LMP_CONG_PRC,BELLPGE_1_N001,ALL,1,-0.00078,3,2
2022-09-01T09:30:00-00:00,2022-09-01T09:45:00-00:00,2022-09-01,03,BELLPGE_1_N001,BELLPGE_1_N001,BELLPGE_1_N001,RTPD,MCC,LMP_CONG_PRC,BELLPGE_1_N001,ALL,1,-5.26845,3,2
2022-09-01T10:30:00-00:00,2022-09-01T10:45:00-00:00,2022-09-01,04,BELLPGE_1_N001,BELLPGE_1_N001,BELLPGE_1_N001,RTPD,MCC,LMP_CONG_PRC,BELLPGE_1_N001,ALL,1,-2.80361,3,2
2022-09-01T11:30:00-00:00,2022-09-01T11:45:00-00:00,2022-09-01,05,BELLPGE_1_N001,BELLPGE_1_N001,BELLPGE_1_N001,RTPD,MCC,LMP_CONG_PRC,BELLPGE_1_N001,ALL,1,0,3,2
2022-09-01T12:30:00-00:00,2022-09-01T12:45:00-00:00,2022-09-01,06,BELLPGE_1_N001,BELLPGE_1_N001,BELLPGE_1_N001,RTPD,MCC,LMP_CONG_PRC,BELLPGE_1_N001,ALL,1,-9.48963,3,2
2022-09-01T13:30:00-00:00,2022-09-01T13:45:00-00:00,2022-09-01,07,BELLPGE_1_N001,BELLPGE_1_N001,BELLPGE_1_N001,RTPD,MCC,LMP_CONG_PRC,BELLPGE_1_N001,ALL,1,0,3,2
2022-09-01T14:30:00-00:00,2022-09-01T14:45:00-00:00,2022-09-01,08,BELLPGE_1_N001,BELLPGE_1_N001,BELLPGE_1_N001,RTPD,MCC,LMP_CONG_PRC,BELLPGE_1_N001,ALL,1,0,3,2
2022-09-01T15:30:00-00:00,2022-09-01T15:45:00-00:00,2022-09-01,09,BELLPGE_1_N001,BELLPGE_1_N001,BELLPGE_1_N001,RTPD,MCC,LMP_CONG_PRC,BELLPGE_1_N001,ALL,1,0,3,2
2022-09-01T16:30:00-00:00,2022-09-01T16:45:00-00:00,2022-09-01,10,BELLPGE_1_N001,BELLPGE_1_N001,BELLPGE_1_N001,RTPD,MCC,LMP_CONG_PRC,BELLPGE_1_N001,ALL,1,-7.12819,3,2
2022-09-01T17:30:00-00:00,2022-09-01T17:45:00-00:00,2022-09-01,11,BELLPGE_1_N001,BELLPGE_1_N001,BELLPGE_1_N001,RTPD,MCC,LMP_CONG_PRC,BELLPGE_1_N001,ALL,1,-8.65641,3,2
2022-09-01T18:30:00-00:00,2022-09-01T18:45:00-00:00,2022-09-01,12,BELLPGE_1_N001,BELLPGE_1_N001,BELLPGE_1_N001,RTPD,MCC,LMP_CONG_PRC,BELLPGE_1_N001,ALL,1,-25.10069,3,2
2022-09-01T19:30:00-00:00,2022-09-01T19:45:00-00:00,2022-09-01,13,BELLPGE_1_N001,BELLPGE_1_N001,BELLPGE_1_N001,RTPD,MCC,LMP_CONG_PRC,BELLPGE_1_N001,ALL,1,39.3261,3,2
2022-09-01T20:30:00-00:00,2022-09-01T20:45:00-00:00,2022-09-01,14,BELLPGE_1_N001,BELLPGE_1_N001,BELLPGE_1_N001,RTPD,MCC,LMP_CONG_PRC,BELLPGE_1_N001,ALL,1,-11.72977,3,2
2022-09-01T21:30:00-00:00,2022-09-01T21:45:00-00:00,2022-09-01,15,BELLPGE_1_N001,BELLPGE_1_N001,BELLPGE_1_N001,RTPD,MCC,LMP_CONG_PRC,BELLPGE_1_N001,ALL,1,-22.52644,3,2
2022-09-01T22:30:00-00:00,2022-09-01T22:45:00-00:00,2022-09-01,16,BELLPGE_1_N001,BELLPGE_1_N001,BELLPGE_1_N001,RTPD,MCC,LMP_CONG_PRC,BELLPGE_1_N001,ALL,1,-68.91953,3,2
2022-09-01T23:30:00-00:00,2022-09-01T23:45:00-00:00,2022-09-01,17,BELLPGE_1_N001,BELLPGE_1_N001,BELLPGE_1_N001,RTPD,MCC,LMP_CONG_PRC,BELLPGE_1_N001,ALL,1,0,3,2
2022-09-02T00:30:00-00:00,2022-09-02T00:45:00-00:00,2022-09-01,18,BELLPGE_1_N001,BELLPGE_1_N001,BELLPGE_1_N001,RTPD,MCC,LMP_CONG_PRC,BELLPGE_1_N001,ALL,1,461.84085,3,2
2022-09-02T01:30:00-00:00,2022-09-02T01:45:00-00:00,2022-09-01,19,BELLPGE_1_N001,BELLPGE_1_N001,BELLPGE_1_N001,RTPD,MCC,LMP_CONG_PRC,BELLPGE_1_N001,ALL,1,0,3,2
2022-09-02T02:30:00-00:00,2022-09-02T02:45:00-00:00,2022-09-01,20,BELLPGE_1_N001,BELLPGE_1_N001,BELLPGE_1_N001,RTPD,MCC,LMP_CONG_PRC,BELLPGE_1_N001,ALL,1,0,3,2
2022-09-02T03:30:00-00:00,2022-09-02T03:45:00-00:00,2022-09-01,21,BELLPGE_1_N001,BELLPGE_1_N001,BELLPGE_1_N001,RTPD,MCC,LMP_CONG_PRC,BELLPGE_1_N001,ALL,1,32.46562,3,2
2022-09-02T04:30:00-00:00,2022-09-02T04:45:00-00:00,2022-09-01,22,BELLPGE_1_N001,BELLPGE_1_N001,BELLPGE_1_N001,RTPD,MCC,LMP_CONG_PRC,BELLPGE_1_N001,ALL,1,0,3,2
2022-09-02T05:30:00-00:00,2022-09-02T05:45:00-00:00,2022-09-01,23,BELLPGE_1_N001,BELLPGE_1_N001,BELLPGE_1_N001,RTPD,MCC,LMP_CONG_PRC,BELLPGE_1_N001,ALL,1,0,3,2
2022-09-02T06:30:00-00:00,2022-09-02T06:45:00-00:00,2022-09-01,24,BELLPGE_1_N001,BELLPGE_1_N001,BELLPGE_1_N001,RTPD,MCC,LMP_CONG_PRC,BELLPGE_1_N001,ALL,1,0,3,2
2022-09-01T07:45:00-00:00,2022-09-01T08:00:00-00:00,2022-09-01,01,BELLPGE_1_N001,BELLPGE_1_N001,BELLPGE_1_N001,RTPD,MCC,LMP_CONG_PRC,BELLPGE_1_N001,ALL,1,-16.63571,4,2
2022-09-01T08:45:00-00:00,2022-09-01T09:00:00-00:00,2022-09-01,02,BELLPGE_1_N001,BELLPGE_1_N001,BELLPGE_1_N001,RTPD,MCC,LMP_CONG_PRC,BELLPGE_1_N001,ALL,1,-4.06099,4,2
2022-09-01T09:45:00-00:00,2022-09-01T10:00:00-00:00,2022-09-01,03,BELLPGE_1_N001,BELLPGE_1_N001,BELLPGE_1_N001,RTPD,MCC,LMP_CONG_PRC,BELLPGE_1_N001,ALL,1,-4.68587,4,2
2022-09-01T10:45:00-00:00,2022-09-01T11:00:00-00:00,2022-09-01,04,BELLPGE_1_N001,BELLPGE_1_N001,BELLPGE_1_N001,RTPD,MCC,LMP_CONG_PRC,BELLPGE_1_N001,ALL,1,-1.10108,4,2
2022-09-01T11:45:00-00:00,2022-09-01T12:00:00-00:00,2022-09-01,05,BELLPGE_1_N001,BELLPGE_1_N001,BELLPGE_1_N001,RTPD,MCC,LMP_CONG_PRC,BELLPGE_1_N001,ALL,1,0,4,2
2022-09-01T12:45:00-00:00,2022-09-01T13:00:00-00:00,2022-09-01,06,BELLPGE_1_N001,BELLPGE_1_N001,BELLPGE_1_N001,RTPD,MCC,LMP_CONG_PRC,BELLPGE_1_N001,ALL,1,-2.11094,4,2
2022-09-01T13:45:00-00:00,2022-09-01T14:00:00-00:00,2022-09-01,07,BELLPGE_1_N001,BELLPGE_1_N001,BELLPGE_1_N001,RTPD,MCC,LMP_CONG_PRC,BELLPGE_1_N001,ALL,1,0,4,2
2022-09-01T14:45:00-00:00,2022-09-01T15:00:00-00:00,2022-09-01,08,BELLPGE_1_N001,BELLPGE_1_N001,BELLPGE_1_N001,RTPD,MCC,LMP_CONG_PRC,BELLPGE_1_N001,ALL,1,0,4,2
2022-09-01T15:45:00-00:00,2022-09-01T16:00:00-00:00,2022-09-01,09,BELLPGE_1_N001,BELLPGE_1_N001,BELLPGE_1_N001,RTPD,MCC,LMP_CONG_PRC,BELLPGE_1_N001,ALL,1,0,4,2
2022-09-01T16:45:00-00:00,2022-09-01T17:00:00-00:00,2022-09-01,10,BELLPGE_1_N001,BELLPGE_1_N001,BELLPGE_1_N001,RTPD,MCC,LMP_CONG_PRC,BELLPGE_1_N001,ALL,1,-6.47315,4,2
2022-09-01T17:45:00-00:00,2022-09-01T18:00:00-00:00,2022-09-01,11,BELLPGE_1_N001,BELLPGE_1_N001,BELLPGE_1_N001,RTPD,MCC,LMP_CONG_PRC,BELLPGE_1_N001,ALL,1,-1.3007,4,2
2022-09-01T18:45:00-00:00,2022-09-01T19:00:00-00:00,2022-09-01,12,BELLPGE_1_N001,BELLPGE_1_N001,BELLPGE_1_N001,RTPD,MCC,LMP_CONG_PRC,BELLPGE_1_N001,ALL,1,-22.78931,4,2
2022-09-01T19:45:00-00:00,2022-09-01T20:00:00-00:00,2022-09-01,13,BELLPGE_1_N001,BELLPGE_1_N001,BELLPGE_1_N001,RTPD,MCC,LMP_CONG_PRC,BELLPGE_1_N001,ALL,1,-12.47947,4,2
2022-09-01T20:45:00-00:00,2022-09-01T21:00:00-00:00,2022-09-01,14,BELLPGE_1_N001,BELLPGE_1_N001,BELLPGE_1_N001,RTPD,MCC,LMP_CONG_PRC,BELLPGE_1_N001,ALL,1,-25.93363,4,2
2022-09-01T21:45:00-00:00,2022-09-01T22:00:00-00:00,2022-09-01,15,BELLPGE_1_N001,BELLPGE_1_N001,BELLPGE_1_N001,RTPD,MCC,LMP_CONG_PRC,BELLPGE_1_N001,ALL,1,-43.30122,4,2
2022-09-01T22:45:00-00:00,2022-09-01T23:00:00-00:00,2022-09-01,16,BELLPGE_1_N001,BELLPGE_1_N001,BELLPGE_1_N001,RTPD,MCC,LMP_CONG_PRC,BELLPGE_1_N001,ALL,1,-191.54729,4,2
2022-09-01T23:45:00-00:00,2022-09-02T00:00:00-00:00,2022-09-01,17,BELLPGE_1_N001,BELLPGE_1_N001,BELLPGE_1_N001,RTPD,MCC,LMP_CONG_PRC,BELLPGE_1_N001,ALL,1,402.28717,4,2
2022-09-02T00:45:00-00:00,2022-09-02T01:00:00-00:00,2022-09-01,18,BELLPGE_1_N001,BELLPGE_1_N001,BELLPGE_1_N001,RTPD,MCC,LMP_CONG_PRC,BELLPGE_1_N001,ALL,1,290.77997,4,2
2022-09-02T01:45:00-00:00,2022-09-02T02:00:00-00:00,2022-09-01,19,BELLPGE_1_N001,BELLPGE_1_N001,BELLPGE_1_N001,RTPD,MCC,LMP_CONG_PRC,BELLPGE_1_N001,ALL,1,0,4,2
2022-09-02T02:45:00-00:00,2022-09-02T03:00:00-00:00,2022-09-01,20,BELLPGE_1_N001,BELLPGE_1_N001,BELLPGE_1_N001,RTPD,MCC,LMP_CONG_PRC,BELLPGE_1_N001,ALL,1,131.8424,4,2
2022-09-02T03:45:00-00:00,2022-09-02T04:00:00-00:00,2022-09-01,21,BELLPGE_1_N001,BELLPGE_1_N001,BELLPGE_1_N001,RTPD,MCC,LMP_CONG_PRC,BELLPGE_1_N001,ALL,1,18.90808,4,2
2022-09-02T04:45:00-00:00,2022-09-02T05:00:00-00:00,2022-09-01,22,BELLPGE_1_N001,BELLPGE_1_N001,BELLPGE_1_N001,RTPD,MCC,LMP_CONG_PRC,BELLPGE_1_N001,ALL,1,0,4,2
2022-09-02T05:45:00-00:00,2022-09-02T06:00:00-00:00,2022-09-01,23,BELLPGE_1_N001,BELLPGE_1_N001,BELLPGE_1_N001,RTPD,MCC,LMP_CONG_PRC,BELLPGE_1_N001,ALL,1,-3.92933,4,2
2022-09-02T06:45:00-00:00,2022-09-02T07:00:00-00:00,2022-09-01,24,BELLPGE_1_N001,BELLPGE_1_N001,BELLPGE_1_N001,RTPD,MCC,LMP_CONG_PRC,BELLPGE_1_N001,ALL,1,0,4,2
2022-09-01T07:00:00-00:00,2022-09-01T07:15:00-00:00,2022-09-01,01,BELLPGE_1_N001,BELLPGE_1_N001,BELLPGE_1_N001,RTPD,MCE,LMP_ENE_PRC,BELLPGE_1_N001,ALL,1,104.23471,1,3
2022-09-01T08:00:00-00:00,2022-09-01T08:15:00-00:00,2022-09-01,02,BELLPGE_1_N001,BELLPGE_1_N001,BELLPGE_1_N001,RTPD,MCE,LMP_ENE_PRC,BELLPGE_1_N001,ALL,1,115.5488,1,3
2022-09-01T09:00:00-00:00,2022-09-01T09:15:00-00:00,2022-09-01,03,BELLPGE_1_N001,BELLPGE_1_N001,BELLPGE_1_N001,RTPD,MCE,LMP_ENE_PRC,BELLPGE_1_N001,ALL,1,99.73061,1,3
2022-09-01T10:00:00-00:00,2022-09-01T10:15:00-00:00,2022-09-01,04,BELLPGE_1_N001,BELLPGE_1_N001,BELLPGE_1_N001,RTPD,MCE,LMP_ENE_PRC,BELLPGE_1_N001,ALL,1,98.64222,1,3
2022-09-01T11:00:00-00:00,2022-09-01T11:15:00-00:00,2022-09-01,05,BELLPGE_1_N001,BELLPGE_1_N001,BELLPGE_1_N001,RTPD,MCE,LMP_ENE_PRC,BELLPGE_1_N001,ALL,1,102.56859,1,3
2022-09-01T12:00:00-00:00,2022-09-01T12:15:00-00:00,2022-09-01,06,BELLPGE_1_N001,BELLPGE_1_N001,BELLPGE_1_N001,RTPD,MCE,LMP_ENE_PRC,BELLPGE_1_N001,ALL,1,96.90845,1,3
2022-09-01T13:00:00-00:00,2022-09-01T13:15:00-00:00,2022-09-01,07,BELLPGE_1_N001,BELLPGE_1_N001,BELLPGE_1_N001,RTPD,MCE,LMP_ENE_PRC,BELLPGE_1_N001,ALL,1,101.80878,1,3
2022-09-01T14:00:00-00:00,2022-09-01T14:15:00-00:00,2022-09-01,08,BELLPGE_1_N001,BELLPGE_1_N001,BELLPGE_1_N001,RTPD,MCE,LMP_ENE_PRC,BELLPGE_1_N001,ALL,1,111.11219,1,3
2022-09-01T15:00:00-00:00,2022-09-01T15:15:00-00:00,2022-09-01,09,BELLPGE_1_N001,BELLPGE_1_N001,BELLPGE_1_N001,RTPD,MCE,LMP_ENE_PRC,BELLPGE_1_N001,ALL,1,97.4112,1,3
2022-09-01T16:00:00-00:00,2022-09-01T16:15:00-00:00,2022-09-01,10,BELLPGE_1_N001,BELLPGE_1_N001,BELLPGE_1_N001,RTPD,MCE,LMP_ENE_PRC,BELLPGE_1_N001,ALL,1,83.43525,1,3
2022-09-01T17:00:00-00:00,2022-09-01T17:15:00-00:00,2022-09-01,11,BELLPGE_1_N001,BELLPGE_1_N001,BELLPGE_1_N001,RTPD,MCE,LMP_ENE_PRC,BELLPGE_1_N001,ALL,1,96.94897,1,3
2022-09-01T18:00:00-00:00,2022-09-01T18:15:00-00:00,2022-09-01,12,BELLPGE_1_N001,BELLPGE_1_N001,BELLPGE_1_N001,RTPD,MCE,LMP_ENE_PRC,BELLPGE_1_N001,ALL,1,91.59291,1,3
2022-09-01T19:00:00-00:00,2022-09-01T19:15:00-00:00,2022-09-01,13,BELLPGE_1_N001,BELLPGE_1_N001,BELLPGE_1_N001,RTPD,MCE,LMP_ENE_PRC,BELLPGE_1_N001,ALL,1,109.19637,1,3
2022-09-01T20:00:00-00:00,2022-09-01T20:15:00-00:00,2022-09-01,14,BELLPGE_1_N001,BELLPGE_1_N001,BELLPGE_1_N001,RTPD,MCE,LMP_ENE_PRC,BELLPGE_1_N001,ALL,1,117.94359,1,3
2022-09-01T21:00:00-00:00,2022-09-01T21:15:00-00:00,2022-09-01,15,BELLPGE_1_N001,BELLPGE_1_N001,BELLPGE_1_N001,RTPD,MCE,LMP_ENE_PRC,BELLPGE_1_N001,ALL,1,226.61499,1,3
2022-09-01T22:00:00-00:00,2022-09-01T22:15:00-00:00,2022-09-01,16,BELLPGE_1_N001,BELLPGE_1_N001,BELLPGE_1_N001,RTPD,MCE,LMP_ENE_PRC,BELLPGE_1_N001,ALL,1,229.18552,1,3
2022-09-01T23:00:00-00:00,2022-09-01T23:15:00-00:00,2022-09-01,17,BELLPGE_1_N001,BELLPGE_1_N001,BELLPGE_1_N001,RTPD,MCE,LMP_ENE_PRC,BELLPGE_1_N001,ALL,1,386.7537,1,3
2022-09-02T00:00:00-00:00,2022-09-02T00:15:00-00:00,2022-09-01,18,BELLPGE_1_N001,BELLPGE_1_N001,BELLPGE_1_N001,RTPD,MCE,LMP_ENE_PRC,BELLPGE_1_N001,ALL,1,770.58136,1,3
2022-09-02T01:00:00-00:00,2022-09-02T01:15:00-00:00,2022-09-01,19,BELLPGE_1_N001,BELLPGE_1_N001,BELLPGE_1_N001,RTPD,MCE,LMP_ENE_PRC,BELLPGE_1_N001,ALL,1,916.27124,1,3
2022-09-02T02:00:00-00:00,2022-09-02T02:15:00-00:00,2022-09-01,20,BELLPGE_1_N001,BELLPGE_1_N001,BELLPGE_1_N001,RTPD,MCE,LMP_ENE_PRC,BELLPGE_1_N001,ALL,1,1991.6721,1,3
2022-09-02T03:00:00-00:00,2022-09-02T03:15:00-00:00,2022-09-01,21,BELLPGE_1_N001,BELLPGE_1_N001,BELLPGE_1_N001,RTPD,MCE,LMP_ENE_PRC,BELLPGE_1_N001,ALL,1,917.5508,1,3
2022-09-02T04:00:00-00:00,2022-09-02T04:15:00-00:00,2022-09-01,22,BELLPGE_1_N001,BELLPGE_1_N001,BELLPGE_1_N001,RTPD,MCE,LMP_ENE_PRC,BELLPGE_1_N001,ALL,1,257.83005,1,3
2022-09-02T05:00:00-00:00,2022-09-02T05:15:00-00:00,2022-09-01,23,BELLPGE_1_N001,BELLPGE_1_N001,BELLPGE_1_N001,RTPD,MCE,LMP_ENE_PRC,BELLPGE_1_N001,ALL,1,183.24657,1,3
2022-09-02T06:00:00-00:00,2022-09-02T06:15:00-00:00,2022-09-01,24,BELLPGE_1_N001,BELLPGE_1_N001,BELLPGE_1_N001,RTPD,MCE,LMP_ENE_PRC,BELLPGE_1_N001,ALL,1,158.867,1,3
2022-09-01T07:15:00-00:00,2022-09-01T07:30:00-00:00,2022-09-01,01,BELLPGE_1_N001,BELLPGE_1_N001,BELLPGE_1_N001,RTPD,MCE,LMP_ENE_PRC,BELLPGE_1_N001,ALL,1,125.55144,2,3
2022-09-01T08:15:00-00:00,2022-09-01T08:30:00-00:00,2022-09-01,02,BELLPGE_1_N001,BELLPGE_1_N001,BELLPGE_1_N001,RTPD,MCE,LMP_ENE_PRC,BELLPGE_1_N001,ALL,1,115.53165,2,3
2022-09-01T09:15:00-00:00,2022-09-01T09:30:00-00:00,2022-09-01,03,BELLPGE_1_N001,BELLPGE_1_N001,BELLPGE_1_N001,RTPD,MCE,LMP_ENE_PRC,BELLPGE_1_N001,ALL,1,98.30543,2,3
2022-09-01T10:15:00-00:00,2022-09-01T10:30:00-00:00,2022-09-01,04,BELLPGE_1_N001,BELLPGE_1_N001,BELLPGE_1_N001,RTPD,MCE,LMP_ENE_PRC,BELLPGE_1_N001,ALL,1,97.00684,2,3
2022-09-01T11:15:00-00:00,2022-09-01T11:30:00-00:00,2022-09-01,05,BELLPGE_1_N001,BELLPGE_1_N001,BELLPGE_1_N001,RTPD,MCE,LMP_ENE_PRC,BELLPGE_1_N001,ALL,1,103.09059,2,3
2022-09-01T12:15:00-00:00,2022-09-01T12:30:00-00:00,2022-09-01,06,BELLPGE_1_N001,BELLPGE_1_N001,BELLPGE_1_N001,RTPD,MCE,LMP_ENE_PRC,BELLPGE_1_N001,ALL,1,109.32203,2,3
2022-09-01T13:15:00-00:00,2022-09-01T13:30:00-00:00,2022-09-01,07,BELLPGE_1_N001,BELLPGE_1_N001,BELLPGE_1_N001,RTPD,MCE,LMP_ENE_PRC,BELLPGE_1_N001,ALL,1,110.97827,2,3
2022-09-01T14:15:00-00:00,2022-09-01T14:30:00-00:00,2022-09-01,08,BELLPGE_1_N001,BELLPGE_1_N001,BELLPGE_1_N001,RTPD,MCE,LMP_ENE_PRC,BELLPGE_1_N001,ALL,1,104.78743,2,3
2022-09-01T15:15:00-00:00,2022-09-01T15:30:00-00:00,2022-09-01,09,BELLPGE_1_N001,BELLPGE_1_N001,BELLPGE_1_N001,RTPD,MCE,LMP_ENE_PRC,BELLPGE_1_N001,ALL,1,86.9388,2,3
2022-09-01T16:15:00-00:00,2022-09-01T16:30:00-00:00,2022-09-01,10,BELLPGE_1_N001,BELLPGE_1_N001,BELLPGE_1_N001,RTPD,MCE,LMP_ENE_PRC,BELLPGE_1_N001,ALL,1,89.44858,2,3
2022-09-01T17:15:00-00:00,2022-09-01T17:30:00-00:00,2022-09-01,11,BELLPGE_1_N001,BELLPGE_1_N001,BELLPGE_1_N001,RTPD,MCE,LMP_ENE_PRC,BELLPGE_1_N001,ALL,1,99.34673,2,3
2022-09-01T18:15:00-00:00,2022-09-01T18:30:00-00:00,2022-09-01,12,BELLPGE_1_N001,BELLPGE_1_N001,BELLPGE_1_N001,RTPD,MCE,LMP_ENE_PRC,BELLPGE_1_N001,ALL,1,101.15901,2,3
2022-09-01T19:15:00-00:00,2022-09-01T19:30:00-00:00,2022-09-01,13,BELLPGE_1_N001,BELLPGE_1_N001,BELLPGE_1_N001,RTPD,MCE,LMP_ENE_PRC,BELLPGE_1_N001,ALL,1,105.30588,2,3
2022-09-01T20:15:00-00:00,2022-09-01T20:30:00-00:00,2022-09-01,14,BELLPGE_1_N001,BELLPGE_1_N001,BELLPGE_1_N001,RTPD,MCE,LMP_ENE_PRC,BELLPGE_1_N001,ALL,1,117.49421,2,3
2022-09-01T21:15:00-00:00,2022-09-01T21:30:00-00:00,2022-09-01,15,BELLPGE_1_N001,BELLPGE_1_N001,BELLPGE_1_N001,RTPD,MCE,LMP_ENE_PRC,BELLPGE_1_N001,ALL,1,147.21185,2,3
2022-09-01T22:15:00-00:00,2022-09-01T22:30:00-00:00,2022-09-01,16,BELLPGE_1_N001,BELLPGE_1_N001,BELLPGE_1_N001,RTPD,MCE,LMP_ENE_PRC,BELLPGE_1_N001,ALL,1,256.58734,2,3
2022-09-01T23:15:00-00:00,2022-09-01T23:30:00-00:00,2022-09-01,17,BELLPGE_1_N001,BELLPGE_1_N001,BELLPGE_1_N001,RTPD,MCE,LMP_ENE_PRC,BELLPGE_1_N001,ALL,1,362.12408,2,3
2022-09-02T00:15:00-00:00,2022-09-02T00:30:00-00:00,2022-09-01,18,BELLPGE_1_N001,BELLPGE_1_N001,BELLPGE_1_N001,RTPD,MCE,LMP_ENE_PRC,BELLPGE_1_N001,ALL,1,691.2182,2,3
2022-09-02T01:15:00-00:00,2022-09-02T01:30:00-00:00,2022-09-01,19,BELLPGE_1_N001,BELLPGE_1_N001,BELLPGE_1_N001,RTPD,MCE,LMP_ENE_PRC,BELLPGE_1_N001,ALL,1,1999.9933,2,3
2022-09-02T02:15:00-00:00,2022-09-02T02:30:00-00:00,2022-09-01,20,BELLPGE_1_N001,BELLPGE_1_N001,BELLPGE_1_N001,RTPD,MCE,LMP_ENE_PRC,BELLPGE_1_N001,ALL,1,1991.6721,2,3
2022-09-02T03:15:00-00:00,2022-09-02T03:30:00-00:00,2022-09-01,21,BELLPGE_1_N001,BELLPGE_1_N001,BELLPGE_1_N001,RTPD,MCE,LMP_ENE_PRC,BELLPGE_1_N001,ALL,1,400.52884,2,3
2022-09-02T04:15:00-00:00,2022-09-02T04:30:00-00:00,2022-09-01,22,BELLPGE_1_N001,BELLPGE_1_N001,BELLPGE_1_N001,RTPD,MCE,LMP_ENE_PRC,BELLPGE_1_N001,ALL,1,224.75041,2,3
2022-09-02T05:15:00-00:00,2022-09-02T05:30:00-00:00,2022-09-01,23,BELLPGE_1_N001,BELLPGE_1_N001,BELLPGE_1_N001,RTPD,MCE,LMP_ENE_PRC,BELLPGE_1_N001,ALL,1,157.11986,2,3
2022-09-02T06:15:00-00:00,2022-09-02T06:30:00-00:00,2022-09-01,24,BELLPGE_1_N001,BELLPGE_1_N001,BELLPGE_1_N001,RTPD,MCE,LMP_ENE_PRC,BELLPGE_1_N001,ALL,1,143.1005,2,3
2022-09-01T07:30:00-00:00,2022-09-01T07:45:00-00:00,2022-09-01,01,BELLPGE_1_N001,BELLPGE_1_N001,BELLPGE_1_N001,RTPD,MCE,LMP_ENE_PRC,BELLPGE_1_N001,ALL,1,119.03196,3,3
2022-09-01T08:30:00-00:00,2022-09-01T08:45:00-00:00,2022-09-01,02,BELLPGE_1_N001,BELLPGE_1_N001,BELLPGE_1_N001,RTPD,MCE,LMP_ENE_PRC,BELLPGE_1_N001,ALL,1,111.11241,3,3
2022-09-01T09:30:00-00:00,2022-09-01T09:45:00-00:00,2022-09-01,03,BELLPGE_1_N001,BELLPGE_1_N001,BELLPGE_1_N001,RTPD,MCE,LMP_ENE_PRC,BELLPGE_1_N001,ALL,1,98.16228,3,3
2022-09-01T10:30:00-00:00,2022-09-01T10:45:00-00:00,2022-09-01,04,BELLPGE_1_N001,BELLPGE_1_N001,BELLPGE_1_N001,RTPD,MCE,LMP_ENE_PRC,BELLPGE_1_N001,ALL,1,96.36226,3,3
2022-09-01T11:30:00-00:00,2022-09-01T11:45:00-00:00,2022-09-01,05,BELLPGE_1_N001,BELLPGE_1_N001,BELLPGE_1_N001,RTPD,MCE,LMP_ENE_PRC,BELLPGE_1_N001,ALL,1,103.06198,3,3
2022-09-01T12:30:00-00:00,2022-09-01T12:45:00-00:00,2022-09-01,06,BELLPGE_1_N001,BELLPGE_1_N001,BELLPGE_1_N001,RTPD,MCE,LMP_ENE_PRC,BELLPGE_1_N001,ALL,1,113.57403,3,3
2022-09-01T13:30:00-00:00,2022-09-01T13:45:00-00:00,2022-09-01,07,BELLPGE_1_N001,BELLPGE_1_N001,BELLPGE_1_N001,RTPD,MCE,LMP_ENE_PRC,BELLPGE_1_N001,ALL,1,111.52025,3,3
2022-09-01T14:30:00-00:00,2022-09-01T14:45:00-00:00,2022-09-01,08,BELLPGE_1_N001,BELLPGE_1_N001,BELLPGE_1_N001,RTPD,MCE,LMP_ENE_PRC,BELLPGE_1_N001,ALL,1,101.83428,3,3
2022-09-01T15:30:00-00:00,2022-09-01T15:45:00-00:00,2022-09-01,09,BELLPGE_1_N001,BELLPGE_1_N001,BELLPGE_1_N001,RTPD,MCE,LMP_ENE_PRC,BELLPGE_1_N001,ALL,1,86.1388,3,3
2022-09-01T16:30:00-00:00,2022-09-01T16:45:00-00:00,2022-09-01,10,BELLPGE_1_N001,BELLPGE_1_N001,BELLPGE_1_N001,RTPD,MCE,LMP_ENE_PRC,BELLPGE_1_N001,ALL,1,88.79644,3,3
2022-09-01T17:30:00-00:00,2022-09-01T17:45:00-00:00,2022-09-01,11,BELLPGE_1_N001,BELLPGE_1_N001,BELLPGE_1_N001,RTPD,MCE,LMP_ENE_PRC,BELLPGE_1_N001,ALL,1,99.13013,3,3
2022-09-01T18:30:00-00:00,2022-09-01T18:45:00-00:00,2022-09-01,12,BELLPGE_1_N001,BELLPGE_1_N001,BELLPGE_1_N001,RTPD,MCE,LMP_ENE_PRC,BELLPGE_1_N001,ALL,1,107.05718,3,3
2022-09-01T19:30:00-00:00,2022-09-01T19:45:00-00:00,2022-09-01,13,BELLPGE_1_N001,BELLPGE_1_N001,BELLPGE_1_N001,RTPD,MCE,LMP_ENE_PRC,BELLPGE_1_N001,ALL,1,114.05905,3,3
2022-09-01T20:30:00-00:00,2022-09-01T20:45:00-00:00,2022-09-01,14,BELLPGE_1_N001,BELLPGE_1_N001,BELLPGE_1_N001,RTPD,MCE,LMP_ENE_PRC,BELLPGE_1_N001,ALL,1,129.81606,3,3
2022-09-01T21:30:00-00:00,2022-09-01T21:45:00-00:00,2022-09-01,15,BELLPGE_1_N001,BELLPGE_1_N001,BELLPGE_1_N001,RTPD,MCE,LMP_ENE_PRC,BELLPGE_1_N001,ALL,1,152.93057,3,3
2022-09-01T22:30:00-00:00,2022-09-01T22:45:00-00:00,2022-09-01,16,BELLPGE_1_N001,BELLPGE_1_N001,BELLPGE_1_N001,RTPD,MCE,LMP_ENE_PRC,BELLPGE_1_N001,ALL,1,283.18182,3,3
2022-09-01T23:30:00-00:00,2022-09-01T23:45:00-00:00,2022-09-01,17,BELLPGE_1_N001,BELLPGE_1_N001,BELLPGE_1_N001,RTPD,MCE,LMP_ENE_PRC,BELLPGE_1_N001,ALL,1,566.48157,3,3
2022-09-02T00:30:00-00:00,2022-09-02T00:45:00-00:00,2022-09-01,18,BELLPGE_1_N001,BELLPGE_1_N001,BELLPGE_1_N001,RTPD,MCE,LMP_ENE_PRC,BELLPGE_1_N001,ALL,1,1329.1127,3,3
2022-09-02T01:30:00-00:00,2022-09-02T01:45:00-00:00,2022-09-01,19,BELLPGE_1_N001,BELLPGE_1_N001,BELLPGE_1_N001,RTPD,MCE,LMP_ENE_PRC,BELLPGE_1_N001,ALL,1,1999.9956,3,3
2022-09-02T02:30:00-00:00,2022-09-02T02:45:00-00:00,2022-09-01,20,BELLPGE_1_N001,BELLPGE_1_N001,BELLPGE_1_N001,RTPD,MCE,LMP_ENE_PRC,BELLPGE_1_N001,ALL,1,1991.671,3,3
2022-09-02T03:30:00-00:00,2022-09-02T03:45:00-00:00,2022-09-01,21,BELLPGE_1_N001,BELLPGE_1_N001,BELLPGE_1_N001,RTPD,MCE,LMP_ENE_PRC,BELLPGE_1_N001,ALL,1,186.61823,3,3
2022-09-02T04:30:00-00:00,2022-09-02T04:45:00-00:00,2022-09-01,22,BELLPGE_1_N001,BELLPGE_1_N001,BELLPGE_1_N001,RTPD,MCE,LMP_ENE_PRC,BELLPGE_1_N001,ALL,1,180.67824,3,3
2022-09-02T05:30:00-00:00,2022-09-02T05:45:00-00:00,2022-09-01,23,BELLPGE_1_N001,BELLPGE_1_N001,BELLPGE_1_N001,RTPD,MCE,LMP_ENE_PRC,BELLPGE_1_N001,ALL,1,131.69917,3,3
2022-09-02T06:30:00-00:00,2022-09-02T06:45:00-00:00,2022-09-01,24,BELLPGE_1_N001,BELLPGE_1_N001,BELLPGE_1_N001,RTPD,MCE,LMP_ENE_PRC,BELLPGE_1_N001,ALL,1,128.9871,3,3
2022-09-01T07:45:00-00:00,2022-09-01T08:00:00-00:00,2022-09-01,01,BELLPGE_1_N001,BELLPGE_1_N001,BELLPGE_1_N001,RTPD,MCE,LMP_ENE_PRC,BELLPGE_1_N001,ALL,1,109.12099,4,3
2022-09-01T08:45:00-00:00,2022-09-01T09:00:00-00:00,2022-09-01,02,BELLPGE_1_N001,BELLPGE_1_N001,BELLPGE_1_N001,RTPD,MCE,LMP_ENE_PRC,BELLPGE_1_N001,ALL,1,98.7357,4,3
2022-09-01T09:45:00-00:00,2022-09-01T10:00:00-00:00,2022-09-01,03,BELLPGE_1_N001,BELLPGE_1_N001,BELLPGE_1_N001,RTPD,MCE,LMP_ENE_PRC,BELLPGE_1_N001,ALL,1,97.50475,4,3
2022-09-01T10:45:00-00:00,2022-09-01T11:00:00-00:00,2022-09-01,04,BELLPGE_1_N001,BELLPGE_1_N001,BELLPGE_1_N001,RTPD,MCE,LMP_ENE_PRC,BELLPGE_1_N001,ALL,1,94.71966,4,3
2022-09-01T11:45:00-00:00,2022-09-01T12:00:00-00:00,2022-09-01,05,BELLPGE_1_N001,BELLPGE_1_N001,BELLPGE_1_N001,RTPD,MCE,LMP_ENE_PRC,BELLPGE_1_N001,ALL,1,107.01,4,3
2022-09-01T12:45:00-00:00,2022-09-01T13:00:00-00:00,2022-09-01,06,BELLPGE_1_N001,BELLPGE_1_N001,BELLPGE_1_N001,RTPD,MCE,LMP_ENE_PRC,BELLPGE_1_N001,ALL,1,116.4848,4,3
2022-09-01T13:45:00-00:00,2022-09-01T14:00:00-00:00,2022-09-01,07,BELLPGE_1_N001,BELLPGE_1_N001,BELLPGE_1_N001,RTPD,MCE,LMP_ENE_PRC,BELLPGE_1_N001,ALL,1,111.41,4,3
2022-09-01T14:45:00-00:00,2022-09-01T15:00:00-00:00,2022-09-01,08,BELLPGE_1_N001,BELLPGE_1_N001,BELLPGE_1_N001,RTPD,MCE,LMP_ENE_PRC,BELLPGE_1_N001,ALL,1,86.1388,4,3
2022-09-01T15:45:00-00:00,2022-09-01T16:00:00-00:00,2022-09-01,09,BELLPGE_1_N001,BELLPGE_1_N001,BELLPGE_1_N001,RTPD,MCE,LMP_ENE_PRC,BELLPGE_1_N001,ALL,1,78.70076,4,3
2022-09-01T16:45:00-00:00,2022-09-01T17:00:00-00:00,2022-09-01,10,BELLPGE_1_N001,BELLPGE_1_N001,BELLPGE_1_N001,RTPD,MCE,LMP_ENE_PRC,BELLPGE_1_N001,ALL,1,91.24933,4,3
2022-09-01T17:45:00-00:00,2022-09-01T18:00:00-00:00,2022-09-01,11,BELLPGE_1_N001,BELLPGE_1_N001,BELLPGE_1_N001,RTPD,MCE,LMP_ENE_PRC,BELLPGE_1_N001,ALL,1,99.20544,4,3
2022-09-01T18:45:00-00:00,2022-09-01T19:00:00-00:00,2022-09-01,12,BELLPGE_1_N001,BELLPGE_1_N001,BELLPGE_1_N001,RTPD,MCE,LMP_ENE_PRC,BELLPGE_1_N001,ALL,1,109.04064,4,3
2022-09-01T19:45:00-00:00,2022-09-01T20:00:00-00:00,2022-09-01,13,BELLPGE_1_N001,BELLPGE_1_N001,BELLPGE_1_N001,RTPD,MCE,LMP_ENE_PRC,BELLPGE_1_N001,ALL,1,120.22491,4,3
2022-09-01T20:45:00-00:00,2022-09-01T21:00:00-00:00,2022-09-01,14,BELLPGE_1_N001,BELLPGE_1_N001,BELLPGE_1_N001,RTPD,MCE,LMP_ENE_PRC,BELLPGE_1_N001,ALL,1,154.02509,4,3
2022-09-01T21:45:00-00:00,2022-09-01T22:00:00-00:00,2022-09-01,15,BELLPGE_1_N001,BELLPGE_1_N001,BELLPGE_1_N001,RTPD,MCE,LMP_ENE_PRC,BELLPGE_1_N001,ALL,1,300.29376,4,3
2022-09-01T22:45:00-00:00,2022-09-01T23:00:00-00:00,2022-09-01,16,BELLPGE_1_N001,BELLPGE_1_N001,BELLPGE_1_N001,RTPD,MCE,LMP_ENE_PRC,BELLPGE_1_N001,ALL,1,429.9137,4,3
2022-09-01T23:45:00-00:00,2022-09-02T00:00:00-00:00,2022-09-01,17,BELLPGE_1_N001,BELLPGE_1_N001,BELLPGE_1_N001,RTPD,MCE,LMP_ENE_PRC,BELLPGE_1_N001,ALL,1,1261.2124,4,3
2022-09-02T00:45:00-00:00,2022-09-02T01:00:00-00:00,2022-09-01,18,BELLPGE_1_N001,BELLPGE_1_N001,BELLPGE_1_N001,RTPD,MCE,LMP_ENE_PRC,BELLPGE_1_N001,ALL,1,1519.149,4,3
2022-09-02T01:45:00-00:00,2022-09-02T02:00:00-00:00,2022-09-01,19,BELLPGE_1_N001,BELLPGE_1_N001,BELLPGE_1_N001,RTPD,MCE,LMP_ENE_PRC,BELLPGE_1_N001,ALL,1,1991.9337,4,3
2022-09-02T02:45:00-00:00,2022-09-02T03:00:00-00:00,2022-09-01,20,BELLPGE_1_N001,BELLPGE_1_N001,BELLPGE_1_N001,RTPD,MCE,LMP_ENE_PRC,BELLPGE_1_N001,ALL,1,1629.6213,4,3
2022-09-02T03:45:00-00:00,2022-09-02T04:00:00-00:00,2022-09-01,21,BELLPGE_1_N001,BELLPGE_1_N001,BELLPGE_1_N001,RTPD,MCE,LMP_ENE_PRC,BELLPGE_1_N001,ALL,1,141.13702,4,3
2022-09-02T04:45:00-00:00,2022-09-02T05:00:00-00:00,2022-09-01,22,BELLPGE_1_N001,BELLPGE_1_N001,BELLPGE_1_N001,RTPD,MCE,LMP_ENE_PRC,BELLPGE_1_N001,ALL,1,126.76372,4,3
2022-09-02T05:45:00-00:00,2022-09-02T06:00:00-00:00,2022-09-01,23,BELLPGE_1_N001,BELLPGE_1_N001,BELLPGE_1_N001,RTPD,MCE,LMP_ENE_PRC,BELLPGE_1_N001,ALL,1,119.00958,4,3
2022-09-02T06:45:00-00:00,2022-09-02T07:00:00-00:00,2022-09-01,24,BELLPGE_1_N001,BELLPGE_1_N001,BELLPGE_1_N001,RTPD,MCE,LMP_ENE_PRC,BELLPGE_1_N001,ALL,1,109.20324,4,3
2022-09-01T07:00:00-00:00,2022-09-01T07:15:00-00:00,2022-09-01,01,BELLPGE_1_N001,BELLPGE_1_N001,BELLPGE_1_N001,RTPD,MCL,LMP_LOSS_PRC,BELLPGE_1_N001,ALL,1,-8.18242,1,4
2022-09-01T08:00:00-00:00,2022-09-01T08:15:00-00:00,2022-09-01,02,BELLPGE_1_N001,BELLPGE_1_N001,BELLPGE_1_N001,RTPD,MCL,LMP_LOSS_PRC,BELLPGE_1_N001,ALL,1,0,1,4
2022-09-01T09:00:00-00:00,2022-09-01T09:15:00-00:00,2022-09-01,03,BELLPGE_1_N001,BELLPGE_1_N001,BELLPGE_1_N001,RTPD,MCL,LMP_LOSS_PRC,BELLPGE_1_N001,ALL,1,0.31914,1,4
2022-09-01T10:00:00-00:00,2022-09-01T10:15:00-00:00,2022-09-01,04,BELLPGE_1_N001,BELLPGE_1_N001,BELLPGE_1_N001,RTPD,MCL,LMP_LOSS_PRC,BELLPGE_1_N001,ALL,1,-0.22688,1,4
2022-09-01T11:00:00-00:00,2022-09-01T11:15:00-00:00,2022-09-01,05,BELLPGE_1_N001,BELLPGE_1_N001,BELLPGE_1_N001,RTPD,MCL,LMP_LOSS_PRC,BELLPGE_1_N001,ALL,1,-1.03594,1,4
2022-09-01T12:00:00-00:00,2022-09-01T12:15:00-00:00,2022-09-01,06,BELLPGE_1_N001,BELLPGE_1_N001,BELLPGE_1_N001,RTPD,MCL,LMP_LOSS_PRC,BELLPGE_1_N001,ALL,1,-2.2192,1,4
2022-09-01T13:00:00-00:00,2022-09-01T13:15:00-00:00,2022-09-01,07,BELLPGE_1_N001,BELLPGE_1_N001,BELLPGE_1_N001,RTPD,MCL,LMP_LOSS_PRC,BELLPGE_1_N001,ALL,1,0,1,4
2022-09-01T14:00:00-00:00,2022-09-01T14:15:00-00:00,2022-09-01,08,BELLPGE_1_N001,BELLPGE_1_N001,BELLPGE_1_N001,RTPD,MCL,LMP_LOSS_PRC,BELLPGE_1_N001,ALL,1,1.27779,1,4
2022-09-01T15:00:00-00:00,2022-09-01T15:15:00-00:00,2022-09-01,09,BELLPGE_1_N001,BELLPGE_1_N001,BELLPGE_1_N001,RTPD,MCL,LMP_LOSS_PRC,BELLPGE_1_N001,ALL,1,0,1,4
2022-09-01T16:00:00-00:00,2022-09-01T16:15:00-00:00,2022-09-01,10,BELLPGE_1_N001,BELLPGE_1_N001,BELLPGE_1_N001,RTPD,MCL,LMP_LOSS_PRC,BELLPGE_1_N001,ALL,1,0,1,4
2022-09-01T17:00:00-00:00,2022-09-01T17:15:00-00:00,2022-09-01,11,BELLPGE_1_N001,BELLPGE_1_N001,BELLPGE_1_N001,RTPD,MCL,LMP_LOSS_PRC,BELLPGE_1_N001,ALL,1,0,1,4
2022-09-01T18:00:00-00:00,2022-09-01T18:15:00-00:00,2022-09-01,12,BELLPGE_1_N001,BELLPGE_1_N001,BELLPGE_1_N001,RTPD,MCL,LMP_LOSS_PRC,BELLPGE_1_N001,ALL,1,0,1,4
2022-09-01T19:00:00-00:00,2022-09-01T19:15:00-00:00,2022-09-01,13,BELLPGE_1_N001,BELLPGE_1_N001,BELLPGE_1_N001,RTPD,MCL,LMP_LOSS_PRC,BELLPGE_1_N001,ALL,1,0,1,4
2022-09-01T20:00:00-00:00,2022-09-01T20:15:00-00:00,2022-09-01,14,BELLPGE_1_N001,BELLPGE_1_N001,BELLPGE_1_N001,RTPD,MCL,LMP_LOSS_PRC,BELLPGE_1_N001,ALL,1,0,1,4
2022-09-01T21:00:00-00:00,2022-09-01T21:15:00-00:00,2022-09-01,15,BELLPGE_1_N001,BELLPGE_1_N001,BELLPGE_1_N001,RTPD,MCL,LMP_LOSS_PRC,BELLPGE_1_N001,ALL,1,0,1,4
2022-09-01T22:00:00-00:00,2022-09-01T22:15:00-00:00,2022-09-01,16,BELLPGE_1_N001,BELLPGE_1_N001,BELLPGE_1_N001,RTPD,MCL,LMP_LOSS_PRC,BELLPGE_1_N001,ALL,1,0,1,4
2022-09-01T23:00:00-00:00,2022-09-01T23:15:00-00:00,2022-09-01,17,BELLPGE_1_N001,BELLPGE_1_N001,BELLPGE_1_N001,RTPD,MCL,LMP_LOSS_PRC,BELLPGE_1_N001,ALL,1,0,1,4
2022-09-02T00:00:00-00:00,2022-09-02T00:15:00-00:00,2022-09-01,18,BELLPGE_1_N001,BELLPGE_1_N001,BELLPGE_1_N001,RTPD,MCL,LMP_LOSS_PRC,BELLPGE_1_N001,ALL,1,5.31701,1,4
2022-09-02T01:00:00-00:00,2022-09-02T01:15:00-00:00,2022-09-01,19,BELLPGE_1_N001,BELLPGE_1_N001,BELLPGE_1_N001,RTPD,MCL,LMP_LOSS_PRC,BELLPGE_1_N001,ALL,1,0,1,4
2022-09-02T02:00:00-00:00,2022-09-02T02:15:00-00:00,2022-09-01,20,BELLPGE_1_N001,BELLPGE_1_N001,BELLPGE_1_N001,RTPD,MCL,LMP_LOSS_PRC,BELLPGE_1_N001,ALL,1,0,1,4
2022-09-02T03:00:00-00:00,2022-09-02T03:15:00-00:00,2022-09-01,21,BELLPGE_1_N001,BELLPGE_1_N001,BELLPGE_1_N001,RTPD,MCL,LMP_LOSS_PRC,BELLPGE_1_N001,ALL,1,44.68472,1,4
2022-09-02T04:00:00-00:00,2022-09-02T04:15:00-00:00,2022-09-01,22,BELLPGE_1_N001,BELLPGE_1_N001,BELLPGE_1_N001,RTPD,MCL,LMP_LOSS_PRC,BELLPGE_1_N001,ALL,1,4.53781,1,4
2022-09-02T05:00:00-00:00,2022-09-02T05:15:00-00:00,2022-09-01,23,BELLPGE_1_N001,BELLPGE_1_N001,BELLPGE_1_N001,RTPD,MCL,LMP_LOSS_PRC,BELLPGE_1_N001,ALL,1,2.05236,1,4
2022-09-02T06:00:00-00:00,2022-09-02T06:15:00-00:00,2022-09-01,24,BELLPGE_1_N001,BELLPGE_1_N001,BELLPGE_1_N001,RTPD,MCL,LMP_LOSS_PRC,BELLPGE_1_N001,ALL,1,0.63547,1,4
2022-09-01T07:15:00-00:00,2022-09-01T07:30:00-00:00,2022-09-01,01,BELLPGE_1_N001,BELLPGE_1_N001,BELLPGE_1_N001,RTPD,MCL,LMP_LOSS_PRC,BELLPGE_1_N001,ALL,1,0,2,4
2022-09-01T08:15:00-00:00,2022-09-01T08:30:00-00:00,2022-09-01,02,BELLPGE_1_N001,BELLPGE_1_N001,BELLPGE_1_N001,RTPD,MCL,LMP_LOSS_PRC,BELLPGE_1_N001,ALL,1,0,2,4
2022-09-01T09:15:00-00:00,2022-09-01T09:30:00-00:00,2022-09-01,03,BELLPGE_1_N001,BELLPGE_1_N001,BELLPGE_1_N001,RTPD,MCL,LMP_LOSS_PRC,BELLPGE_1_N001,ALL,1,0.44237,2,4
2022-09-01T10:15:00-00:00,2022-09-01T10:30:00-00:00,2022-09-01,04,BELLPGE_1_N001,BELLPGE_1_N001,BELLPGE_1_N001,RTPD,MCL,LMP_LOSS_PRC,BELLPGE_1_N001,ALL,1,-0.40743,2,4
2022-09-01T11:15:00-00:00,2022-09-01T11:30:00-00:00,2022-09-01,05,BELLPGE_1_N001,BELLPGE_1_N001,BELLPGE_1_N001,RTPD,MCL,LMP_LOSS_PRC,BELLPGE_1_N001,ALL,1,-1.08245,2,4
2022-09-01T12:15:00-00:00,2022-09-01T12:30:00-00:00,2022-09-01,06,BELLPGE_1_N001,BELLPGE_1_N001,BELLPGE_1_N001,RTPD,MCL,LMP_LOSS_PRC,BELLPGE_1_N001,ALL,1,-2.32856,2,4
2022-09-01T13:15:00-00:00,2022-09-01T13:30:00-00:00,2022-09-01,07,BELLPGE_1_N001,BELLPGE_1_N001,BELLPGE_1_N001,RTPD,MCL,LMP_LOSS_PRC,BELLPGE_1_N001,ALL,1,-2.21957,2,4
2022-09-01T14:15:00-00:00,2022-09-01T14:30:00-00:00,2022-09-01,08,BELLPGE_1_N001,BELLPGE_1_N001,BELLPGE_1_N001,RTPD,MCL,LMP_LOSS_PRC,BELLPGE_1_N001,ALL,1,1.34128,2,4
2022-09-01T15:15:00-00:00,2022-09-01T15:30:00-00:00,2022-09-01,09,BELLPGE_1_N001,BELLPGE_1_N001,BELLPGE_1_N001,RTPD,MCL,LMP_LOSS_PRC,BELLPGE_1_N001,ALL,1,0,2,4
2022-09-01T16:15:00-00:00,2022-09-01T16:30:00-00:00,2022-09-01,10,BELLPGE_1_N001,BELLPGE_1_N001,BELLPGE_1_N001,RTPD,MCL,LMP_LOSS_PRC,BELLPGE_1_N001,ALL,1,0,2,4
2022-09-01T17:15:00-00:00,2022-09-01T17:30:00-00:00,2022-09-01,11,BELLPGE_1_N001,BELLPGE_1_N001,BELLPGE_1_N001,RTPD,MCL,LMP_LOSS_PRC,BELLPGE_1_N001,ALL,1,0,2,4
2022-09-01T18:15:00-00:00,2022-09-01T18:30:00-00:00,2022-09-01,12,BELLPGE_1_N001,BELLPGE_1_N001,BELLPGE_1_N001,RTPD,MCL,LMP_LOSS_PRC,BELLPGE_1_N001,ALL,1,0,2,4
2022-09-01T19:15:00-00:00,2022-09-01T19:30:00-00:00,2022-09-01,13,BELLPGE_1_N001,BELLPGE_1_N001,BELLPGE_1_N001,RTPD,MCL,LMP_LOSS_PRC,BELLPGE_1_N001,ALL,1,0,2,4
2022-09-01T20:15:00-00:00,2022-09-01T20:30:00-00:00,2022-09-01,14,BELLPGE_1_N001,BELLPGE_1_N001,BELLPGE_1_N001,RTPD,MCL,LMP_LOSS_PRC,BELLPGE_1_N001,ALL,1,0,2,4
2022-09-01T21:15:00-00:00,2022-09-01T21:30:00-00:00,2022-09-01,15,BELLPGE_1_N001,BELLPGE_1_N001,BELLPGE_1_N001,RTPD,MCL,LMP_LOSS_PRC,BELLPGE_1_N001,ALL,1,0,2,4
2022-09-01T22:15:00-00:00,2022-09-01T22:30:00-00:00,2022-09-01,16,BELLPGE_1_N001,BELLPGE_1_N001,BELLPGE_1_N001,RTPD,MCL,LMP_LOSS_PRC,BELLPGE_1_N001,ALL,1,0,2,4
2022-09-01T23:15:00-00:00,2022-09-01T23:30:00-00:00,2022-09-01,17,BELLPGE_1_N001,BELLPGE_1_N001,BELLPGE_1_N001,RTPD,MCL,LMP_LOSS_PRC,BELLPGE_1_N001,ALL,1,0,2,4
2022-09-02T00:15:00-00:00,2022-09-02T00:30:00-00:00,2022-09-01,18,BELLPGE_1_N001,BELLPGE_1_N001,BELLPGE_1_N001,RTPD,MCL,LMP_LOSS_PRC,BELLPGE_1_N001,ALL,1,5.94448,2,4
2022-09-02T01:15:00-00:00,2022-09-02T01:30:00-00:00,2022-09-01,19,BELLPGE_1_N001,BELLPGE_1_N001,BELLPGE_1_N001,RTPD,MCL,LMP_LOSS_PRC,BELLPGE_1_N001,ALL,1,0,2,4
2022-09-02T02:15:00-00:00,2022-09-02T02:30:00-00:00,2022-09-01,20,BELLPGE_1_N001,BELLPGE_1_N001,BELLPGE_1_N001,RTPD,MCL,LMP_LOSS_PRC,BELLPGE_1_N001,ALL,1,0,2,4
2022-09-02T03:15:00-00:00,2022-09-02T03:30:00-00:00,2022-09-01,21,BELLPGE_1_N001,BELLPGE_1_N001,BELLPGE_1_N001,RTPD,MCL,LMP_LOSS_PRC,BELLPGE_1_N001,ALL,1,19.02512,2,4
2022-09-02T04:15:00-00:00,2022-09-02T04:30:00-00:00,2022-09-01,22,BELLPGE_1_N001,BELLPGE_1_N001,BELLPGE_1_N001,RTPD,MCL,LMP_LOSS_PRC,BELLPGE_1_N001,ALL,1,3.07908,2,4
2022-09-02T05:15:00-00:00,2022-09-02T05:30:00-00:00,2022-09-01,23,BELLPGE_1_N001,BELLPGE_1_N001,BELLPGE_1_N001,RTPD,MCL,LMP_LOSS_PRC,BELLPGE_1_N001,ALL,1,0.97414,2,4
2022-09-02T06:15:00-00:00,2022-09-02T06:30:00-00:00,2022-09-01,24,BELLPGE_1_N001,BELLPGE_1_N001,BELLPGE_1_N001,RTPD,MCL,LMP_LOSS_PRC,BELLPGE_1_N001,ALL,1,-0.68688,2,4
2022-09-01T07:30:00-00:00,2022-09-01T07:45:00-00:00,2022-09-01,01,BELLPGE_1_N001,BELLPGE_1_N001,BELLPGE_1_N001,RTPD,MCL,LMP_LOSS_PRC,BELLPGE_1_N001,ALL,1,0,3,4
2022-09-01T08:30:00-00:00,2022-09-01T08:45:00-00:00,2022-09-01,02,BELLPGE_1_N001,BELLPGE_1_N001,BELLPGE_1_N001,RTPD,MCL,LMP_LOSS_PRC,BELLPGE_1_N001,ALL,1,1.30002,3,4
2022-09-01T09:30:00-00:00,2022-09-01T09:45:00-00:00,2022-09-01,03,BELLPGE_1_N001,BELLPGE_1_N001,BELLPGE_1_N001,RTPD,MCL,LMP_LOSS_PRC,BELLPGE_1_N001,ALL,1,0.28467,3,4
2022-09-01T10:30:00-00:00,2022-09-01T10:45:00-00:00,2022-09-01,04,BELLPGE_1_N001,BELLPGE_1_N001,BELLPGE_1_N001,RTPD,MCL,LMP_LOSS_PRC,BELLPGE_1_N001,ALL,1,-0.14454,3,4
2022-09-01T11:30:00-00:00,2022-09-01T11:45:00-00:00,2022-09-01,05,BELLPGE_1_N001,BELLPGE_1_N001,BELLPGE_1_N001,RTPD,MCL,LMP_LOSS_PRC,BELLPGE_1_N001,ALL,1,-1.31919,3,4
2022-09-01T12:30:00-00:00,2022-09-01T12:45:00-00:00,2022-09-01,06,BELLPGE_1_N001,BELLPGE_1_N001,BELLPGE_1_N001,RTPD,MCL,LMP_LOSS_PRC,BELLPGE_1_N001,ALL,1,-2.28284,3,4
2022-09-01T13:30:00-00:00,2022-09-01T13:45:00-00:00,2022-09-01,07,BELLPGE_1_N001,BELLPGE_1_N001,BELLPGE_1_N001,RTPD,MCL,LMP_LOSS_PRC,BELLPGE_1_N001,ALL,1,-2.01852,3,4
2022-09-01T14:30:00-00:00,2022-09-01T14:45:00-00:00,2022-09-01,08,BELLPGE_1_N001,BELLPGE_1_N001,BELLPGE_1_N001,RTPD,MCL,LMP_LOSS_PRC,BELLPGE_1_N001,ALL,1,1.63953,3,4
2022-09-01T15:30:00-00:00,2022-09-01T15:45:00-00:00,2022-09-01,09,BELLPGE_1_N001,BELLPGE_1_N001,BELLPGE_1_N001,RTPD,MCL,LMP_LOSS_PRC,BELLPGE_1_N001,ALL,1,0,3,4
2022-09-01T16:30:00-00:00,2022-09-01T16:45:00-00:00,2022-09-01,10,BELLPGE_1_N001,BELLPGE_1_N001,BELLPGE_1_N001,RTPD,MCL,LMP_LOSS_PRC,BELLPGE_1_N001,ALL,1,0,3,4
2022-09-01T17:30:00-00:00,2022-09-01T17:45:00-00:00,2022-09-01,11,BELLPGE_1_N001,BELLPGE_1_N001,BELLPGE_1_N001,RTPD,MCL,LMP_LOSS_PRC,BELLPGE_1_N001,ALL,1,0,3,4
2022-09-01T18:30:00-00:00,2022-09-01T18:45:00-00:00,2022-09-01,12,BELLPGE_1_N001,BELLPGE_1_N001,BELLPGE_1_N001,RTPD,MCL,LMP_LOSS_PRC,BELLPGE_1_N001,ALL,1,0,3,4
2022-09-01T19:30:00-00:00,2022-09-01T19:45:00-00:00,2022-09-01,13,BELLPGE_1_N001,BELLPGE_1_N001,BELLPGE_1_N001,RTPD,MCL,LMP_LOSS_PRC,BELLPGE_1_N001,ALL,1,0,3,4
2022-09-01T20:30:00-00:00,2022-09-01T20:45:00-00:00,2022-09-01,14,BELLPGE_1_N001,BELLPGE_1_N001,BELLPGE_1_N001,RTPD,MCL,LMP_LOSS_PRC,BELLPGE_1_N001,ALL,1,0,3,4
2022-09-01T21:30:00-00:00,2022-09-01T21:45:00-00:00,2022-09-01,15,BELLPGE_1_N001,BELLPGE_1_N001,BELLPGE_1_N001,RTPD,MCL,LMP_LOSS_PRC,BELLPGE_1_N001,ALL,1,0,3,4
2022-09-01T22:30:00-00:00,2022-09-01T22:45:00-00:00,2022-09-01,16,BELLPGE_1_N001,BELLPGE_1_N001,BELLPGE_1_N001,RTPD,MCL,LMP_LOSS_PRC,BELLPGE_1_N001,ALL,1,0,3,4
2022-09-01T23:30:00-00:00,2022-09-01T23:45:00-00:00,2022-09-01,17,BELLPGE_1_N001,BELLPGE_1_N001,BELLPGE_1_N001,RTPD,MCL,LMP_LOSS_PRC,BELLPGE_1_N001,ALL,1,0,3,4
2022-09-02T00:30:00-00:00,2022-09-02T00:45:00-00:00,2022-09-01,18,BELLPGE_1_N001,BELLPGE_1_N001,BELLPGE_1_N001,RTPD,MCL,LMP_LOSS_PRC,BELLPGE_1_N001,ALL,1,0,3,4
2022-09-02T01:30:00-00:00,2022-09-02T01:45:00-00:00,2022-09-01,19,BELLPGE_1_N001,BELLPGE_1_N001,BELLPGE_1_N001,RTPD,MCL,LMP_LOSS_PRC,BELLPGE_1_N001,ALL,1,0,3,4
2022-09-02T02:30:00-00:00,2022-09-02T02:45:00-00:00,2022-09-01,20,BELLPGE_1_N001,BELLPGE_1_N001,BELLPGE_1_N001,RTPD,MCL,LMP_LOSS_PRC,BELLPGE_1_N001,ALL,1,0,3,4
2022-09-02T03:30:00-00:00,2022-09-02T03:45:00-00:00,2022-09-01,21,BELLPGE_1_N001,BELLPGE_1_N001,BELLPGE_1_N001,RTPD,MCL,LMP_LOSS_PRC,BELLPGE_1_N001,ALL,1,7.85663,3,4
2022-09-02T04:30:00-00:00,2022-09-02T04:45:00-00:00,2022-09-01,22,BELLPGE_1_N001,BELLPGE_1_N001,BELLPGE_1_N001,RTPD,MCL,LMP_LOSS_PRC,BELLPGE_1_N001,ALL,1,0.4517,3,4
2022-09-02T05:30:00-00:00,2022-09-02T05:45:00-00:00,2022-09-01,23,BELLPGE_1_N001,BELLPGE_1_N001,BELLPGE_1_N001,RTPD,MCL,LMP_LOSS_PRC,BELLPGE_1_N001,ALL,1,0.32925,3,4
2022-09-02T06:30:00-00:00,2022-09-02T06:45:00-00:00,2022-09-01,24,BELLPGE_1_N001,BELLPGE_1_N001,BELLPGE_1_N001,RTPD,MCL,LMP_LOSS_PRC,BELLPGE_1_N001,ALL,1,-0.18058,3,4
2022-09-01T07:45:00-00:00,2022-09-01T08:00:00-00:00,2022-09-01,01,BELLPGE_1_N001,BELLPGE_1_N001,BELLPGE_1_N001,RTPD,MCL,LMP_LOSS_PRC,BELLPGE_1_N001,ALL,1,0,4,4
2022-09-01T08:45:00-00:00,2022-09-01T09:00:00-00:00,2022-09-01,02,BELLPGE_1_N001,BELLPGE_1_N001,BELLPGE_1_N001,RTPD,MCL,LMP_LOSS_PRC,BELLPGE_1_N001,ALL,1,0.88862,4,4
2022-09-01T09:45:00-00:00,2022-09-01T10:00:00-00:00,2022-09-01,03,BELLPGE_1_N001,BELLPGE_1_N001,BELLPGE_1_N001,RTPD,MCL,LMP_LOSS_PRC,BELLPGE_1_N001,ALL,1,0.24376,4,4
2022-09-01T10:45:00-00:00,2022-09-01T11:00:00-00:00,2022-09-01,04,BELLPGE_1_N001,BELLPGE_1_N001,BELLPGE_1_N001,RTPD,MCL,LMP_LOSS_PRC,BELLPGE_1_N001,ALL,1,-0.29363,4,4
2022-09-01T11:45:00-00:00,2022-09-01T12:00:00-00:00,2022-09-01,05,BELLPGE_1_N001,BELLPGE_1_N001,BELLPGE_1_N001,RTPD,MCL,LMP_LOSS_PRC,BELLPGE_1_N001,ALL,1,0,4,4
2022-09-01T12:45:00-00:00,2022-09-01T13:00:00-00:00,2022-09-01,06,BELLPGE_1_N001,BELLPGE_1_N001,BELLPGE_1_N001,RTPD,MCL,LMP_LOSS_PRC,BELLPGE_1_N001,ALL,1,0,4,4
2022-09-01T13:45:00-00:00,2022-09-01T14:00:00-00:00,2022-09-01,07,BELLPGE_1_N001,BELLPGE_1_N001,BELLPGE_1_N001,RTPD,MCL,LMP_LOSS_PRC,BELLPGE_1_N001,ALL,1,0,4,4
2022-09-01T14:45:00-00:00,2022-09-01T15:00:00-00:00,2022-09-01,08,BELLPGE_1_N001,BELLPGE_1_N001,BELLPGE_1_N001,RTPD,MCL,LMP_LOSS_PRC,BELLPGE_1_N001,ALL,1,0,4,4
2022-09-01T15:45:00-00:00,2022-09-01T16:00:00-00:00,2022-09-01,09,BELLPGE_1_N001,BELLPGE_1_N001,BELLPGE_1_N001,RTPD,MCL,LMP_LOSS_PRC,BELLPGE_1_N001,ALL,1,0,4,4
2022-09-01T16:45:00-00:00,2022-09-01T17:00:00-00:00,2022-09-01,10,BELLPGE_1_N001,BELLPGE_1_N001,BELLPGE_1_N001,RTPD,MCL,LMP_LOSS_PRC,BELLPGE_1_N001,ALL,1,0,4,4
2022-09-01T17:45:00-00:00,2022-09-01T18:00:00-00:00,2022-09-01,11,BELLPGE_1_N001,BELLPGE_1_N001,BELLPGE_1_N001,RTPD,MCL,LMP_LOSS_PRC,BELLPGE_1_N001,ALL,1,0,4,4
2022-09-01T18:45:00-00:00,2022-09-01T19:00:00-00:00,2022-09-01,12,BELLPGE_1_N001,BELLPGE_1_N001,BELLPGE_1_N001,RTPD,MCL,LMP_LOSS_PRC,BELLPGE_1_N001,ALL,1,0,4,4
2022-09-01T19:45:00-00:00,2022-09-01T20:00:00-00:00,2022-09-01,13,BELLPGE_1_N001,BELLPGE_1_N001,BELLPGE_1_N001,RTPD,MCL,LMP_LOSS_PRC,BELLPGE_1_N001,ALL,1,0,4,4
2022-09-01T20:45:00-00:00,2022-09-01T21:00:00-00:00,2022-09-01,14,BELLPGE_1_N001,BELLPGE_1_N001,BELLPGE_1_N001,RTPD,MCL,LMP_LOSS_PRC,BELLPGE_1_N001,ALL,1,0,4,4
2022-09-01T21:45:00-00:00,2022-09-01T22:00:00-00:00,2022-09-01,15,BELLPGE_1_N001,BELLPGE_1_N001,BELLPGE_1_N001,RTPD,MCL,LMP_LOSS_PRC,BELLPGE_1_N001,ALL,1,0,4,4
2022-09-01T22:45:00-00:00,2022-09-01T23:00:00-00:00,2022-09-01,16,BELLPGE_1_N001,BELLPGE_1_N001,BELLPGE_1_N001,RTPD,MCL,LMP_LOSS_PRC,BELLPGE_1_N001,ALL,1,0,4,4
2022-09-01T23:45:00-00:00,2022-09-02T00:00:00-00:00,2022-09-01,17,BELLPGE_1_N001,BELLPGE_1_N001,BELLPGE_1_N001,RTPD,MCL,LMP_LOSS_PRC,BELLPGE_1_N001,ALL,1,0,4,4
2022-09-02T00:45:00-00:00,2022-09-02T01:00:00-00:00,2022-09-01,18,BELLPGE_1_N001,BELLPGE_1_N001,BELLPGE_1_N001,RTPD,MCL,LMP_LOSS_PRC,BELLPGE_1_N001,ALL,1,0,4,4
2022-09-02T01:45:00-00:00,2022-09-02T02:00:00-00:00,2022-09-01,19,BELLPGE_1_N001,BELLPGE_1_N001,BELLPGE_1_N001,RTPD,MCL,LMP_LOSS_PRC,BELLPGE_1_N001,ALL,1,0,4,4
2022-09-02T02:45:00-00:00,2022-09-02T03:00:00-00:00,2022-09-01,20,BELLPGE_1_N001,BELLPGE_1_N001,BELLPGE_1_N001,RTPD,MCL,LMP_LOSS_PRC,BELLPGE_1_N001,ALL,1,53.7775,4,4
2022-09-02T03:45:00-00:00,2022-09-02T04:00:00-00:00,2022-09-01,21,BELLPGE_1_N001,BELLPGE_1_N001,BELLPGE_1_N001,RTPD,MCL,LMP_LOSS_PRC,BELLPGE_1_N001,ALL,1,4.07886,4,4
2022-09-02T04:45:00-00:00,2022-09-02T05:00:00-00:00,2022-09-01,22,BELLPGE_1_N001,BELLPGE_1_N001,BELLPGE_1_N001,RTPD,MCL,LMP_LOSS_PRC,BELLPGE_1_N001,ALL,1,1.11552,4,4
2022-09-02T05:45:00-00:00,2022-09-02T06:00:00-00:00,2022-09-01,23,BELLPGE_1_N001,BELLPGE_1_N001,BELLPGE_1_N001,RTPD,MCL,LMP_LOSS_PRC,BELLPGE_1_N001,ALL,1,0.28562,4,4
2022-09-02T06:45:00-00:00,2022-09-02T07:00:00-00:00,2022-09-01,24,BELLPGE_1_N001,BELLPGE_1_N001,BELLPGE_1_N001,RTPD,MCL,LMP_LOSS_PRC,BELLPGE_1_N001,ALL,1,0.56786,4,4
2022-09-01T07:00:00-00:00,2022-09-01T07:15:00-00:00,2022-09-01,01,BELLPGE_1_N001,BELLPGE_1_N001,BELLPGE_1_N001,RTPD,MGHG,LMP_GHG_PRC,BELLPGE_1_N001,ALL,1,0,1,5
2022-09-01T08:00:00-00:00,2022-09-01T08:15:00-00:00,2022-09-01,02,BELLPGE_1_N001,BELLPGE_1_N001,BELLPGE_1_N001,RTPD,MGHG,LMP_GHG_PRC,BELLPGE_1_N001,ALL,1,0,1,5
2022-09-01T09:00:00-00:00,2022-09-01T09:15:00-00:00,2022-09-01,03,BELLPGE_1_N001,BELLPGE_1_N001,BELLPGE_1_N001,RTPD,MGHG,LMP_GHG_PRC,BELLPGE_1_N001,ALL,1,0,1,5
2022-09-01T10:00:00-00:00,2022-09-01T10:15:00-00:00,2022-09-01,04,BELLPGE_1_N001,BELLPGE_1_N001,BELLPGE_1_N001,RTPD,MGHG,LMP_GHG_PRC,BELLPGE_1_N001,ALL,1,0,1,5
2022-09-01T11:00:00-00:00,2022-09-01T11:15:00-00:00,2022-09-01,05,BELLPGE_1_N001,BELLPGE_1_N001,BELLPGE_1_N001,RTPD,MGHG,LMP_GHG_PRC,BELLPGE_1_N001,ALL,1,0,1,5
2022-09-01T12:00:00-00:00,2022-09-01T12:15:00-00:00,2022-09-01,06,BELLPGE_1_N001,BELLPGE_1_N001,BELLPGE_1_N001,RTPD,MGHG,LMP_GHG_PRC,BELLPGE_1_N001,ALL,1,0,1,5
2022-09-01T13:00:00-00:00,2022-09-01T13:15:00-00:00,2022-09-01,07,BELLPGE_1_N001,BELLPGE_1_N001,BELLPGE_1_N001,RTPD,MGHG,LMP_GHG_PRC,BELLPGE_1_N001,ALL,1,0,1,5
2022-09-01T14:00:00-00:00,2022-09-01T14:15:00-00:00,2022-09-01,08,BELLPGE_1_N001,BELLPGE_1_N001,BELLPGE_1_N001,RTPD,MGHG,LMP_GHG_PRC,BELLPGE_1_N001,ALL,1,0,1,5
2022-09-01T15:00:00-00:00,2022-09-01T15:15:00-00:00,2022-09-01,09,BELLPGE_1_N001,BELLPGE_1_N001,BELLPGE_1_N001,RTPD,MGHG,LMP_GHG_PRC,BELLPGE_1_N001,ALL,1,0,1,5
2022-09-01T16:00:00-00:00,2022-09-01T16:15:00-00:00,2022-09-01,10,BELLPGE_1_N001,BELLPGE_1_N001,BELLPGE_1_N001,RTPD,MGHG,LMP_GHG_PRC,BELLPGE_1_N001,ALL,1,0,1,5
2022-09-01T17:00:00-00:00,2022-09-01T17:15:00-00:00,2022-09-01,11,BELLPGE_1_N001,BELLPGE_1_N001,BELLPGE_1_N001,RTPD,MGHG,LMP_GHG_PRC,BELLPGE_1_N001,ALL,1,0,1,5
2022-09-01T18:00:00-00:00,2022-09-01T18:15:00-00:00,2022-09-01,12,BELLPGE_1_N001,BELLPGE_1_N001,BELLPGE_1_N001,RTPD,MGHG,LMP_GHG_PRC,BELLPGE_1_N001,ALL,1,0,1,5
2022-09-01T19:00:00-00:00,2022-09-01T19:15:00-00:00,2022-09-01,13,BELLPGE_1_N001,BELLPGE_1_N001,BELLPGE_1_N001,RTPD,MGHG,LMP_GHG_PRC,BELLPGE_1_N001,ALL,1,0,1,5
2022-09-01T20:00:00-00:00,2022-09-01T20:15:00-00:00,2022-09-01,14,BELLPGE_1_N001,BELLPGE_1_N001,BELLPGE_1_N001,RTPD,MGHG,LMP_GHG_PRC,BELLPGE_1_N001,ALL,1,0,1,5
2022-09-01T21:00:00-00:00,2022-09-01T21:15:00-00:00,2022-09-01,15,BELLPGE_1_N001,BELLPGE_1_N001,BELLPGE_1_N001,RTPD,MGHG,LMP_GHG_PRC,BELLPGE_1_N001,ALL,1,0,1,5
2022-09-01T22:00:00-00:00,2022-09-01T22:15:00-00:00,2022-09-01,16,BELLPGE_1_N001,BELLPGE_1_N001,BELLPGE_1_N001,RTPD,MGHG,LMP_GHG_PRC,BELLPGE_1_N001,ALL,1,0,1,5
2022-09-01T23:00:00-00:00,2022-09-01T23:15:00-00:00,2022-09-01,17,BELLPGE_1_N001,BELLPGE_1_N001,BELLPGE_1_N001,RTPD,MGHG,LMP_GHG_PRC,BELLPGE_1_N001,ALL,1,0,1,5
2022-09-02T00:00:00-00:00,2022-09-02T00:15:00-00:00,2022-09-01,18,BELLPGE_1_N001,BELLPGE_1_N001,BELLPGE_1_N001,RTPD,MGHG,LMP_GHG_PRC,BELLPGE_1_N001,ALL,1,0,1,5
2022-09-02T01:00:00-00:00,2022-09-02T01:15:00-00:00,2022-09-01,19,BELLPGE_1_N001,BELLPGE_1_N001,BELLPGE_1_N001,RTPD,MGHG,LMP_GHG_PRC,BELLPGE_1_N001,ALL,1,0,1,5
2022-09-02T02:00:00-00:00,2022-09-02T02:15:00-00:00,2022-09-01,20,BELLPGE_1_N001,BELLPGE_1_N001,BELLPGE_1_N001,RTPD,MGHG,LMP_GHG_PRC,BELLPGE_1_N001,ALL,1,0,1,5
2022-09-02T03:00:00-00:00,2022-09-02T03:15:00-00:00,2022-09-01,21,BELLPGE_1_N001,BELLPGE_1_N001,BELLPGE_1_N001,RTPD,MGHG,LMP_GHG_PRC,BELLPGE_1_N001,ALL,1,0,1,5
2022-09-02T04:00:00-00:00,2022-09-02T04:15:00-00:00,2022-09-01,22,BELLPGE_1_N001,BELLPGE_1_N001,BELLPGE_1_N001,RTPD,MGHG,LMP_GHG_PRC,BELLPGE_1_N001,ALL,1,0,1,5
2022-09-02T05:00:00-00:00,2022-09-02T05:15:00-00:00,2022-09-01,23,BELLPGE_1_N001,BELLPGE_1_N001,BELLPGE_1_N001,RTPD,MGHG,LMP_GHG_PRC,BELLPGE_1_N001,ALL,1,0,1,5
2022-09-02T06:00:00-00:00,2022-09-02T06:15:00-00:00,2022-09-01,24,BELLPGE_1_N001,BELLPGE_1_N001,BELLPGE_1_N001,RTPD,MGHG,LMP_GHG_PRC,BELLPGE_1_N001,ALL,1,0,1,5
2022-09-01T07:15:00-00:00,2022-09-01T07:30:00-00:00,2022-09-01,01,BELLPGE_1_N001,BELLPGE_1_N001,BELLPGE_1_N001,RTPD,MGHG,LMP_GHG_PRC,BELLPGE_1_N001,ALL,1,0,2,5
2022-09-01T08:15:00-00:00,2022-09-01T08:30:00-00:00,2022-09-01,02,BELLPGE_1_N001,BELLPGE_1_N001,BELLPGE_1_N001,RTPD,MGHG,LMP_GHG_PRC,BELLPGE_1_N001,ALL,1,0,2,5
2022-09-01T09:15:00-00:00,2022-09-01T09:30:00-00:00,2022-09-01,03,BELLPGE_1_N001,BELLPGE_1_N001,BELLPGE_1_N001,RTPD,MGHG,LMP_GHG_PRC,BELLPGE_1_N001,ALL,1,0,2,5
2022-09-01T10:15:00-00:00,2022-09-01T10:30:00-00:00,2022-09-01,04,BELLPGE_1_N001,BELLPGE_1_N001,BELLPGE_1_N001,RTPD,MGHG,LMP_GHG_PRC,BELLPGE_1_N001,ALL,1,0,2,5
2022-09-01T11:15:00-00:00,2022-09-01T11:30:00-00:00,2022-09-01,05,BELLPGE_1_N001,BELLPGE_1_N001,BELLPGE_1_N001,RTPD,MGHG,LMP_GHG_PRC,BELLPGE_1_N001,ALL,1,0,2,5
2022-09-01T12:15:00-00:00,2022-09-01T12:30:00-00:00,2022-09-01,06,BELLPGE_1_N001,BELLPGE_1_N001,BELLPGE_1_N001,RTPD,MGHG,LMP_GHG_PRC,BELLPGE_1_N001,ALL,1,0,2,5
2022-09-01T13:15:00-00:00,2022-09-01T13:30:00-00:00,2022-09-01,07,BELLPGE_1_N001,BELLPGE_1_N001,BELLPGE_1_N001,RTPD,MGHG,LMP_GHG_PRC,BELLPGE_1_N001,ALL,1,0,2,5
2022-09-01T14:15:00-00:00,2022-09-01T14:30:00-00:00,2022-09-01,08,BELLPGE_1_N001,BELLPGE_1_N001,BELLPGE_1_N001,RTPD,MGHG,LMP_GHG_PRC,BELLPGE_1_N001,ALL,1,0,2,5
2022-09-01T15:15:00-00:00,2022-09-01T15:30:00-00:00,2022-09-01,09,BELLPGE_1_N001,BELLPGE_1_N001,BELLPGE_1_N001,RTPD,MGHG,LMP_GHG_PRC,BELLPGE_1_N001,ALL,1,0,2,5
2022-09-01T16:15:00-00:00,2022-09-01T16:30:00-00:00,2022-09-01,10,BELLPGE_1_N001,BELLPGE_1_N001,BELLPGE_1_N001,RTPD,MGHG,LMP_GHG_PRC,BELLPGE_1_N001,ALL,1,0,2,5
2022-09-01T17:15:00-00:00,2022-09-01T17:30:00-00:00,2022-09-01,11,BELLPGE_1_N001,BELLPGE_1_N001,BELLPGE_1_N001,RTPD,MGHG,LMP_GHG_PRC,BELLPGE_1_N001,ALL,1,0,2,5
2022-09-01T18:15:00-00:00,2022-09-01T18:30:00-00:00,2022-09-01,12,BELLPGE_1_N001,BELLPGE_1_N001,BELLPGE_1_N001,RTPD,MGHG,LMP_GHG_PRC,BELLPGE_1_N001,ALL,1,0,2,5
2022-09-01T19:15:00-00:00,2022-09-01T19:30:00-00:00,2022-09-01,13,BELLPGE_1_N001,BELLPGE_1_N001,BELLPGE_1_N001,RTPD,MGHG,LMP_GHG_PRC,BELLPGE_1_N001,ALL,1,0,2,5
2022-09-01T20:15:00-00:00,2022-09-01T20:30:00-00:00,2022-09-01,14,BELLPGE_1_N001,BELLPGE_1_N001,BELLPGE_1_N001,RTPD,MGHG,LMP_GHG_PRC,BELLPGE_1_N001,ALL,1,0,2,5
2022-09-01T21:15:00-00:00,2022-09-01T21:30:00-00:00,2022-09-01,15,BELLPGE_1_N001,BELLPGE_1_N001,BELLPGE_1_N001,RTPD,MGHG,LMP_GHG_PRC,BELLPGE_1_N001,ALL,1,0,2,5
2022-09-01T22:15:00-00:00,2022-09-01T22:30:00-00:00,2022-09-01,16,BELLPGE_1_N001,BELLPGE_1_N001,BELLPGE_1_N001,RTPD,MGHG,LMP_GHG_PRC,BELLPGE_1_N001,ALL,1,0,2,5
2022-09-01T23:15:00-00:00,2022-09-01T23:30:00-00:00,2022-09-01,17,BELLPGE_1_N001,BELLPGE_1_N001,BELLPGE_1_N001,RTPD,MGHG,LMP_GHG_PRC,BELLPGE_1_N001,ALL,1,0,2,5
2022-09-02T00:15:00-00:00,2022-09-02T00:30:00-00:00,2022-09-01,18,BELLPGE_1_N001,BELLPGE_1_N001,BELLPGE_1_N001,RTPD,MGHG,LMP_GHG_PRC,BELLPGE_1_N001,ALL,1,0,2,5
2022-09-02T01:15:00-00:00,2022-09-02T01:30:00-00:00,2022-09-01,19,BELLPGE_1_N001,BELLPGE_1_N001,BELLPGE_1_N001,RTPD,MGHG,LMP_GHG_PRC,BELLPGE_1_N001,ALL,1,0,2,5
2022-09-02T02:15:00-00:00,2022-09-02T02:30:00-00:00,2022-09-01,20,BELLPGE_1_N001,BELLPGE_1_N001,BELLPGE_1_N001,RTPD,MGHG,LMP_GHG_PRC,BELLPGE_1_N001,ALL,1,0,2,5
2022-09-02T03:15:00-00:00,2022-09-02T03:30:00-00:00,2022-09-01,21,BELLPGE_1_N001,BELLPGE_1_N001,BELLPGE_1_N001,RTPD,MGHG,LMP_GHG_PRC,BELLPGE_1_N001,ALL,1,0,2,5
2022-09-02T04:15:00-00:00,2022-09-02T04:30:00-00:00,2022-09-01,22,BELLPGE_1_N001,BELLPGE_1_N001,BELLPGE_1_N001,RTPD,MGHG,LMP_GHG_PRC,BELLPGE_1_N001,ALL,1,0,2,5
2022-09-02T05:15:00-00:00,2022-09-02T05:30:00-00:00,2022-09-01,23,BELLPGE_1_N001,BELLPGE_1_N001,BELLPGE_1_N001,RTPD,MGHG,LMP_GHG_PRC,BELLPGE_1_N001,ALL,1,0,2,5
2022-09-02T06:15:00-00:00,2022-09-02T06:30:00-00:00,2022-09-01,24,BELLPGE_1_N001,BELLPGE_1_N001,BELLPGE_1_N001,RTPD,MGHG,LMP_GHG_PRC,BELLPGE_1_N001,ALL,1,0,2,5
2022-09-01T07:30:00-00:00,2022-09-01T07:45:00-00:00,2022-09-01,01,BELLPGE_1_N001,BELLPGE_1_N001,BELLPGE_1_N001,RTPD,MGHG,LMP_GHG_PRC,BELLPGE_1_N001,ALL,1,0,3,5
2022-09-01T08:30:00-00:00,2022-09-01T08:45:00-00:00,2022-09-01,02,BELLPGE_1_N001,BELLPGE_1_N001,BELLPGE_1_N001,RTPD,MGHG,LMP_GHG_PRC,BELLPGE_1_N001,ALL,1,0,3,5
2022-09-01T09:30:00-00:00,2022-09-01T09:45:00-00:00,2022-09-01,03,BELLPGE_1_N001,BELLPGE_1_N001,BELLPGE_1_N001,RTPD,MGHG,LMP_GHG_PRC,BELLPGE_1_N001,ALL,1,0,3,5
2022-09-01T10:30:00-00:00,2022-09-01T10:45:00-00:00,2022-09-01,04,BELLPGE_1_N001,BELLPGE_1_N001,BELLPGE_1_N001,RTPD,MGHG,LMP_GHG_PRC,BELLPGE_1_N001,ALL,1,0,3,5
2022-09-01T11:30:00-00:00,2022-09-01T11:45:00-00:00,2022-09-01,05,BELLPGE_1_N001,BELLPGE_1_N001,BELLPGE_1_N001,RTPD,MGHG,LMP_GHG_PRC,BELLPGE_1_N001,ALL,1,0,3,5
2022-09-01T12:30:00-00:00,2022-09-01T12:45:00-00:00,2022-09-01,06,BELLPGE_1_N001,BELLPGE_1_N001,BELLPGE_1_N001,RTPD,MGHG,LMP_GHG_PRC,BELLPGE_1_N001,ALL,1,0,3,5
2022-09-01T13:30:00-00:00,2022-09-01T13:45:00-00:00,2022-09-01,07,BELLPGE_1_N001,BELLPGE_1_N001,BELLPGE_1_N001,RTPD,MGHG,LMP_GHG_PRC,BELLPGE_1_N001,ALL,1,0,3,5
2022-09-01T14:30:00-00:00,2022-09-01T14:45:00-00:00,2022-09-01,08,BELLPGE_1_N001,BELLPGE_1_N001,BELLPGE_1_N001,RTPD,MGHG,LMP_GHG_PRC,BELLPGE_1_N001,ALL,1,0,3,5
2022-09-01T15:30:00-00:00,2022-09-01T15:45:00-00:00,2022-09-01,09,BELLPGE_1_N001,BELLPGE_1_N001,BELLPGE_1_N001,RTPD,MGHG,LMP_GHG_PRC,BELLPGE_1_N001,ALL,1,0,3,5
2022-09-01T16:30:00-00:00,2022-09-01T16:45:00-00:00,2022-09-01,10,BELLPGE_1_N001,BELLPGE_1_N001,BELLPGE_1_N001,RTPD,MGHG,LMP_GHG_PRC,BELLPGE_1_N001,ALL,1,0,3,5
2022-09-01T17:30:00-00:00,2022-09-01T17:45:00-00:00,2022-09-01,11,BELLPGE_1_N001,BELLPGE_1_N001,BELLPGE_1_N001,RTPD,MGHG,LMP_GHG_PRC,BELLPGE_1_N001,ALL,1,0,3,5
2022-09-01T18:30:00-00:00,2022-09-01T18:45:00-00:00,2022-09-01,12,BELLPGE_1_N001,BELLPGE_1_N001,BELLPGE_1_N001,RTPD,MGHG,LMP_GHG_PRC,BELLPGE_1_N001,ALL,1,0,3,5
2022-09-01T19:30:00-00:00,2022-09-01T19:45:00-00:00,2022-09-01,13,BELLPGE_1_N001,BELLPGE_1_N001,BELLPGE_1_N001,RTPD,MGHG,LMP_GHG_PRC,BELLPGE_1_N001,ALL,1,0,3,5
2022-09-01T20:30:00-00:00,2022-09-01T20:45:00-00:00,2022-09-01,14,BELLPGE_1_N001,BELLPGE_1_N001,BELLPGE_1_N001,RTPD,MGHG,LMP_GHG_PRC,BELLPGE_1_N001,ALL,1,0,3,5
2022-09-01T21:30:00-00:00,2022-09-01T21:45:00-00:00,2022-09-01,15,BELLPGE_1_N001,BELLPGE_1_N001,BELLPGE_1_N001,RTPD,MGHG,LMP_GHG_PRC,BELLPGE_1_N001,ALL,1,0,3,5
2022-09-01T22:30:00-00:00,2022-09-01T22:45:00-00:00,2022-09-01,16,BELLPGE_1_N001,BELLPGE_1_N001,BELLPGE_1_N001,RTPD,MGHG,LMP_GHG_PRC,BELLPGE_1_N001,ALL,1,0,3,5
2022-09-01T23:30:00-00:00,2022-09-01T23:45:00-00:00,2022-09-01,17,BELLPGE_1_N001,BELLPGE_1_N001,BELLPGE_1_N001,RTPD,MGHG,LMP_GHG_PRC,BELLPGE_1_N001,ALL,1,0,3,5
2022-09-02T00:30:00-00:00,2022-09-02T00:45:00-00:00,2022-09-01,18,BELLPGE_1_N001,BELLPGE_1_N001,BELLPGE_1_N001,RTPD,MGHG,LMP_GHG_PRC,BELLPGE_1_N001,ALL,1,0,3,5
2022-09-02T01:30:00-00:00,2022-09-02T01:45:00-00:00,2022-09-01,19,BELLPGE_1_N001,BELLPGE_1_N001,BELLPGE_1_N001,RTPD,MGHG,LMP_GHG_PRC,BELLPGE_1_N001,ALL,1,0,3,5
2022-09-02T02:30:00-00:00,2022-09-02T02:45:00-00:00,2022-09-01,20,BELLPGE_1_N001,BELLPGE_1_N001,BELLPGE_1_N001,RTPD,MGHG,LMP_GHG_PRC,BELLPGE_1_N001,ALL,1,0,3,5
2022-09-02T03:30:00-00:00,2022-09-02T03:45:00-00:00,2022-09-01,21,BELLPGE_1_N001,BELLPGE_1_N001,BELLPGE_1_N001,RTPD,MGHG,LMP_GHG_PRC,BELLPGE_1_N001,ALL,1,0,3,5
2022-09-02T04:30:00-00:00,2022-09-02T04:45:00-00:00,2022-09-01,22,BELLPGE_1_N001,BELLPGE_1_N001,BELLPGE_1_N001,RTPD,MGHG,LMP_GHG_PRC,BELLPGE_1_N001,ALL,1,0,3,5
2022-09-02T05:30:00-00:00,2022-09-02T05:45:00-00:00,2022-09-01,23,BELLPGE_1_N001,BELLPGE_1_N001,BELLPGE_1_N001,RTPD,MGHG,LMP_GHG_PRC,BELLPGE_1_N001,ALL,1,0,3,5
2022-09-02T06:30:00-00:00,2022-09-02T06:45:00-00:00,2022-09-01,24,BELLPGE_1_N001,BELLPGE_1_N001,BELLPGE_1_N001,RTPD,MGHG,LMP_GHG_PRC,BELLPGE_1_N001,ALL,1,0,3,5
2022-09-01T07:45:00-00:00,2022-09-01T08:00:00-00:00,2022-09-01,01,BELLPGE_1_N001,BELLPGE_1_N001,BELLPGE_1_N001,RTPD,MGHG,LMP_GHG_PRC,BELLPGE_1_N001,ALL,1,0,4,5
2022-09-01T08:45:00-00:00,2022-09-01T09:00:00-00:00,2022-09-01,02,BELLPGE_1_N001,BELLPGE_1_N001,BELLPGE_1_N001,RTPD,MGHG,LMP_GHG_PRC,BELLPGE_1_N001,ALL,1,0,4,5
2022-09-01T09:45:00-00:00,2022-09-01T10:00:00-00:00,2022-09-01,03,BELLPGE_1_N001,BELLPGE_1_N001,BELLPGE_1_N001,RTPD,MGHG,LMP_GHG_PRC,BELLPGE_1_N001,ALL,1,0,4,5
2022-09-01T10:45:00-00:00,2022-09-01T11:00:00-00:00,2022-09-01,04,BELLPGE_1_N001,BELLPGE_1_N001,BELLPGE_1_N001,RTPD,MGHG,LMP_GHG_PRC,BELLPGE_1_N001,ALL,1,0,4,5
2022-09-01T11:45:00-00:00,2022-09-01T12:00:00-00:00,2022-09-01,05,BELLPGE_1_N001,BELLPGE_1_N001,BELLPGE_1_N001,RTPD,MGHG,LMP_GHG_PRC,BELLPGE_1_N001,ALL,1,0,4,5
2022-09-01T12:45:00-00:00,2022-09-01T13:00:00-00:00,2022-09-01,06,BELLPGE_1_N001,BELLPGE_1_N001,BELLPGE_1_N001,RTPD,MGHG,LMP_GHG_PRC,BELLPGE_1_N001,ALL,1,0,4,5
2022-09-01T13:45:00-00:00,2022-09-01T14:00:00-00:00,2022-09-01,07,BELLPGE_1_N001,BELLPGE_1_N001,BELLPGE_1_N001,RTPD,MGHG,LMP_GHG_PRC,BELLPGE_1_N001,ALL,1,0,4,5
2022-09-01T14:45:00-00:00,2022-09-01T15:00:00-00:00,2022-09-01,08,BELLPGE_1_N001,BELLPGE_1_N001,BELLPGE_1_N001,RTPD,MGHG,LMP_GHG_PRC,BELLPGE_1_N001,ALL,1,0,4,5
2022-09-01T15:45:00-00:00,2022-09-01T16:00:00-00:00,2022-09-01,09,BELLPGE_1_N001,BELLPGE_1_N001,BELLPGE_1_N001,RTPD,MGHG,LMP_GHG_PRC,BELLPGE_1_N001,ALL,1,0,4,5
2022-09-01T16:45:00-00:00,2022-09-01T17:00:00-00:00,2022-09-01,10,BELLPGE_1_N001,BELLPGE_1_N001,BELLPGE_1_N001,RTPD,MGHG,LMP_GHG_PRC,BELLPGE_1_N001,ALL,1,0,4,5
2022-09-01T17:45:00-00:00,2022-09-01T18:00:00-00:00,2022-09-01,11,BELLPGE_1_N001,BELLPGE_1_N001,BELLPGE_1_N001,RTPD,MGHG,LMP_GHG_PRC,BELLPGE_1_N001,ALL,1,0,4,5
2022-09-01T18:45:00-00:00,2022-09-01T19:00:00-00:00,2022-09-01,12,BELLPGE_1_N001,BELLPGE_1_N001,BELLPGE_1_N001,RTPD,MGHG,LMP_GHG_PRC,BELLPGE_1_N001,ALL,1,0,4,5
2022-09-01T19:45:00-00:00,2022-09-01T20:00:00-00:00,2022-09-01,13,BELLPGE_1_N001,BELLPGE_1_N001,BELLPGE_1_N001,RTPD,MGHG,LMP_GHG_PRC,BELLPGE_1_N001,ALL,1,0,4,5
2022-09-01T20:45:00-00:00,2022-09-01T21:00:00-00:00,2022-09-01,14,BELLPGE_1_N001,BELLPGE_1_N001,BELLPGE_1_N001,RTPD,MGHG,LMP_GHG_PRC,BELLPGE_1_N001,ALL,1,0,4,5
2022-09-01T21:45:00-00:00,2022-09-01T22:00:00-00:00,2022-09-01,15,BELLPGE_1_N001,BELLPGE_1_N001,BELLPGE_1_N001,RTPD,MGHG,LMP_GHG_PRC,BELLPGE_1_N001,ALL,1,0,4,5
2022-09-01T22:45:00-00:00,2022-09-01T23:00:00-00:00,2022-09-01,16,BELLPGE_1_N001,BELLPGE_1_N001,BELLPGE_1_N001,RTPD,MGHG,LMP_GHG_PRC,BELLPGE_1_N001,ALL,1,0,4,5
2022-09-01T23:45:00-00:00,2022-09-02T00:00:00-00:00,2022-09-01,17,BELLPGE_1_N001,BELLPGE_1_N001,BELLPGE_1_N001,RTPD,MGHG,LMP_GHG_PRC,BELLPGE_1_N001,ALL,1,0,4,5
2022-09-02T00:45:00-00:00,2022-09-02T01:00:00-00:00,2022-09-01,18,BELLPGE_1_N001,BELLPGE_1_N001,BELLPGE_1_N001,RTPD,MGHG,LMP_GHG_PRC,BELLPGE_1_N001,ALL,1,0,4,5
2022-09-02T01:45:00-00:00,2022-09-02T02:00:00-00:00,2022-09-01,19,BELLPGE_1_N001,BELLPGE_1_N001,BELLPGE_1_N001,RTPD,MGHG,LMP_GHG_PRC,BELLPGE_1_N001,ALL,1,0,4,5
2022-09-02T02:45:00-00:00,2022-09-02T03:00:00-00:00,2022-09-01,20,BELLPGE_1_N001,BELLPGE_1_N001,BELLPGE_1_N001,RTPD,MGHG,LMP_GHG_PRC,BELLPGE_1_N001,ALL,1,0,4,5
2022-09-02T03:45:00-00:00,2022-09-02T04:00:00-00:00,2022-09-01,21,BELLPGE_1_N001,BELLPGE_1_N001,BELLPGE_1_N001,RTPD,MGHG,LMP_GHG_PRC,BELLPGE_1_N001,ALL,1,0,4,5
2022-09-02T04:45:00-00:00,2022-09-02T05:00:00-00:00,2022-09-01,22,BELLPGE_1_N001,BELLPGE_1_N001,BELLPGE_1_N001,RTPD,MGHG,LMP_GHG_PRC,BELLPGE_1_N001,ALL,1,0,4,5
2022-09-02T05:45:00-00:00,2022-09-02T06:00:00-00:00,2022-09-01,23,BELLPGE_1_N001,BELLPGE_1_N001,BELLPGE_1_N001,RTPD,MGHG,LMP_GHG_PRC,BELLPGE_1_N001,ALL,1,0,4,5
2022-09-02T06:45:00-00:00,2022-09-02T07:00:00-00:00,2022-09-01,24,BELLPGE_1_N001,BELLPGE_1_N001,BELLPGE_1_N001,RTPD,MGHG,LMP_GHG_PRC,BELLPGE_1_N001,ALL,1,0,4,5
