INTERVALSTARTTIME_GMT,INTERVALENDTIME_GMT,OPR_DT,OPR_HR,NODE_ID_XML,NODE_ID,NODE,MARKET_RUN_ID,LMP_TYPE,XML_DATA_ITEM,PNODE_RESMRID,GRP_TYPE,POS,PRC,OPR_INTERVAL,GROUP
2022-09-01T07:00:00-00:00,2022-09-01T07:15:00-00:00,2022-09-01,01,BELMONT_1_N008,BELMONT_1_N008,BELMONT_1_N008,RTPD,LMP,LMP_PRC,BELMONT_1_N008,ALL,1,83.19683,1,1
2022-09-01T08:00:00-00:00,2022-09-01T08:15:00-00:00,2022-09-01,02,BELMONT_1_N008,BELMONT_1_N008,BELMONT_1_N008,RTPD,LMP,LMP_PRC,BELMONT_1_N008,ALL,1,112.15837,1,1
2022-09-01T09:00:00-00:00,2022-09-01T09:15:00-00:00,2022-09-01,03,BELMONT_1_N008,BELMONT_1_N008,BELMONT_1_N008,RTPD,LMP,LMP_PRC,BELMONT_1_N008,ALL,1,97.43192,1,1
2022-09-01T10:00:00-00:00,2022-09-01T10:15:00-00:00,2022-09-01,04,BELMONT_1_N008,BELMONT_1_N008,BELMONT_1_N008,RTPD,LMP,LMP_PRC,BELMONT_1_N008,ALL,1,97.4064,1,1
2022-09-01T11:00:00-00:00,2022-09-01T11:15:00-00:00,2022-09-01,05,BELMONT_1_N008,BELMONT_1_N008,BELMONT_1_N008,RTPD,LMP,LMP_PRC,BELMONT_1_N008,ALL,1,105.19434,1,1
2022-09-01T12:00:00-00:00,2022-09-01T12:15:00-00:00,2022-09-01,06,BELMONT_1_N008,BELMONT_1_N008,BELMONT_1_N008,RTPD,LMP,LMP_PRC,BELMONT_1_N008,ALL,1,88.79078,1,1
2022-09-01T13:00:00-00:00,2022-09-01T13:15:00-00:00,2022-09-01,07,BELMONT_1_N008,BELMONT_1_N008,BELMONT_1_N008,RTPD,LMP,LMP_PRC,BELMONT_1_N008,ALL,1,88.45254,1,1
2022-09-01T14:00:00-00:00,2022-09-01T14:15:00-00:00,2022-09-01,08,BELMONT_1_N008,BELMONT_1_N008,BELMONT_1_N008,RTPD,LMP,LMP_PRC,BELMONT_1_N008,ALL,1,116.12335,1,1
2022-09-01T15:00:00-00:00,2022-09-01T15:15:00-00:00,2022-09-01,09,BELMONT_1_N008,BELMONT_1_N008,BELMONT_1_N008,RTPD,LMP,LMP_PRC,BELMONT_1_N008,ALL,1,97.4112,1,1
2022-09-01T16:00:00-00:00,2022-09-01T16:15:00-00:00,2022-09-01,10,BELMONT_1_N008,BELMONT_1_N008,BELMONT_1_N008,RTPD,LMP,LMP_PRC,BELMONT_1_N008,ALL,1,83.43525,1,1
2022-09-01T17:00:00-00:00,2022-09-01T17:15:00-00:00,2022-09-01,11,BELMONT_1_N008,BELMONT_1_N008,BELMONT_1_N008,RTPD,LMP,LMP_PRC,BELMONT_1_N008,ALL,1,80.03684,1,1
2022-09-01T18:00:00-00:00,2022-09-01T18:15:00-00:00,2022-09-01,12,BELMONT_1_N008,BELMONT_1_N008,BELMONT_1_N008,RTPD,LMP,LMP_PRC,BELMONT_1_N008,ALL,1,58.76669,1,1
2022-09-01T19:00:00-00:00,2022-09-01T19:15:00-00:00,2022-09-01,13,BELMONT_1_N008,BELMONT_1_N008,BELMONT_1_N008,RTPD,LMP,LMP_PRC,BELMONT_1_N008,ALL,1,72.96441,1,1
2022-09-01T20:00:00-00:00,2022-09-01T20:15:00-00:00,2022-09-01,14,BELMONT_1_N008,BELMONT_1_N008,BELMONT_1_N008,RTPD,LMP,LMP_PRC,BELMONT_1_N008,ALL,1,114.38133,1,1
2022-09-01T21:00:00-00:00,2022-09-01T21:15:00-00:00,2022-09-01,15,BELMONT_1_N008,BELMONT_1_N008,BELMONT_1_N008,RTPD,LMP,LMP_PRC,BELMONT_1_N008,ALL,1,126.06158,1,1
2022-09-01T22:00:00-00:00,2022-09-01T22:15:00-00:00,2022-09-01,16,BELMONT_1_N008,BELMONT_1_N008,BELMONT_1_N008,RTPD,LMP,LMP_PRC,BELMONT_1_N008,ALL,1,119.86288,1,1
2022-09-01T23:00:00-00:00,2022-09-01T23:15:00-00:00,2022-09-01,17,BELMONT_1_N008,BELMONT_1_N008,BELMONT_1_N008,RTPD,LMP,LMP_PRC,BELMONT_1_N008,ALL,1,215.17381,1,1
2022-09-02T00:00:00-00:00,2022-09-02T00:15:00-00:00,2022-09-01,18,BELMONT_1_N008,BELMONT_1_N008,BELMONT_1_N008,RTPD,LMP,LMP_PRC,BELMONT_1_N008,ALL,1,1175.4756,1,1
2022-09-02T01:00:00-00:00,2022-09-02T01:15:00-00:00,2022-09-01,19,BELMONT_1_N008,BELMONT_1_N008,BELMONT_1_N008,RTPD,LMP,LMP_PRC,BELMONT_1_N008,ALL,1,1256.0526,1,1
2022-09-02T02:00:00-00:00,2022-09-02T02:15:00-00:00,2022-09-01,20,BELMONT_1_N008,BELMONT_1_N008,BELMONT_1_N008,RTPD,LMP,LMP_PRC,BELMONT_1_N008,ALL,1,1991.6721,1,1
2022-09-02T03:00:00-00:00,2022-09-02T03:15:00-00:00,2022-09-01,21,BELMONT_1_N008,BELMONT_1_N008,BELMONT_1_N008,RTPD,LMP,LMP_PRC,BELMONT_1_N008,ALL,1,1400.1321,1,1
2022-09-02T04:00:00-00:00,2022-09-02T04:15:00-00:00,2022-09-01,22,BELMONT_1_N008,BELMONT_1_N008,BELMONT_1_N008,RTPD,LMP,LMP_PRC,BELMONT_1_N008,ALL,1,269.76758,1,1
2022-09-02T05:00:00-00:00,2022-09-02T05:15:00-00:00,2022-09-01,23,BELMONT_1_N008,BELMONT_1_N008,BELMONT_1_N008,RTPD,LMP,LMP_PRC,BELMONT_1_N008,ALL,1,190.64973,1,1
2022-09-02T06:00:00-00:00,2022-09-02T06:15:00-00:00,2022-09-01,24,BELMONT_1_N008,BELMONT_1_N008,BELMONT_1_N008,RTPD,LMP,LMP_PRC,BELMONT_1_N008,ALL,1,163.83954,1,1
2022-09-01T07:15:00-00:00,2022-09-01T07:30:00-00:00,2022-09-01,01,BELMONT_1_N008,BELMONT_1_N008,BELMONT_1_N008,RTPD,LMP,LMP_PRC,BELMONT_1_N008,ALL,1,115.3738,2,1
2022-09-01T08:15:00-00:00,2022-09-01T08:30:00-00:00,2022-09-01,02,BELMONT_1_N008,BELMONT_1_N008,BELMONT_1_N008,RTPD,LMP,LMP_PRC,BELMONT_1_N008,ALL,1,114.60398,2,1
2022-09-01T09:15:00-00:00,2022-09-01T09:30:00-00:00,2022-09-01,03,BELMONT_1_N008,BELMONT_1_N008,BELMONT_1_N008,RTPD,LMP,LMP_PRC,BELMONT_1_N008,ALL,1,94.55874,2,1
2022-09-01T10:15:00-00:00,2022-09-01T10:30:00-00:00,2022-09-01,04,BELMONT_1_N008,BELMONT_1_N008,BELMONT_1_N008,RTPD,LMP,LMP_PRC,BELMONT_1_N008,ALL,1,94.11113,2,1
2022-09-01T11:15:00-00:00,2022-09-01T11:30:00-00:00,2022-09-01,05,BELMONT_1_N008,BELMONT_1_N008,BELMONT_1_N008,RTPD,LMP,LMP_PRC,BELMONT_1_N008,ALL,1,105.69878,2,1
2022-09-01T12:15:00-00:00,2022-09-01T12:30:00-00:00,2022-09-01,06,BELMONT_1_N008,BELMONT_1_N008,BELMONT_1_N008,RTPD,LMP,LMP_PRC,BELMONT_1_N008,ALL,1,105.66555,2,1
2022-09-01T13:15:00-00:00,2022-09-01T13:30:00-00:00,2022-09-01,07,BELMONT_1_N008,BELMONT_1_N008,BELMONT_1_N008,RTPD,LMP,LMP_PRC,BELMONT_1_N008,ALL,1,113.26834,2,1
2022-09-01T14:15:00-00:00,2022-09-01T14:30:00-00:00,2022-09-01,08,BELMONT_1_N008,BELMONT_1_N008,BELMONT_1_N008,RTPD,LMP,LMP_PRC,BELMONT_1_N008,ALL,1,109.34569,2,1
2022-09-01T15:15:00-00:00,2022-09-01T15:30:00-00:00,2022-09-01,09,BELMONT_1_N008,BELMONT_1_N008,BELMONT_1_N008,RTPD,LMP,LMP_PRC,BELMONT_1_N008,ALL,1,86.9388,2,1
2022-09-01T16:15:00-00:00,2022-09-01T16:30:00-00:00,2022-09-01,10,BELMONT_1_N008,BELMONT_1_N008,BELMONT_1_N008,RTPD,LMP,LMP_PRC,BELMONT_1_N008,ALL,1,87.79185,2,1
2022-09-01T17:15:00-00:00,2022-09-01T17:30:00-00:00,2022-09-01,11,BELMONT_1_N008,BELMONT_1_N008,BELMONT_1_N008,RTPD,LMP,LMP_PRC,BELMONT_1_N008,ALL,1,78.75042,2,1
2022-09-01T18:15:00-00:00,2022-09-01T18:30:00-00:00,2022-09-01,12,BELMONT_1_N008,BELMONT_1_N008,BELMONT_1_N008,RTPD,LMP,LMP_PRC,BELMONT_1_N008,ALL,1,74.28781,2,1
2022-09-01T19:15:00-00:00,2022-09-01T19:30:00-00:00,2022-09-01,13,BELMONT_1_N008,BELMONT_1_N008,BELMONT_1_N008,RTPD,LMP,LMP_PRC,BELMONT_1_N008,ALL,1,75.46984,2,1
2022-09-01T20:15:00-00:00,2022-09-01T20:30:00-00:00,2022-09-01,14,BELMONT_1_N008,BELMONT_1_N008,BELMONT_1_N008,RTPD,LMP,LMP_PRC,BELMONT_1_N008,ALL,1,114.26961,2,1
2022-09-01T21:15:00-00:00,2022-09-01T21:30:00-00:00,2022-09-01,15,BELMONT_1_N008,BELMONT_1_N008,BELMONT_1_N008,RTPD,LMP,LMP_PRC,BELMONT_1_N008,ALL,1,120.03672,2,1
2022-09-01T22:15:00-00:00,2022-09-01T22:30:00-00:00,2022-09-01,16,BELMONT_1_N008,BELMONT_1_N008,BELMONT_1_N008,RTPD,LMP,LMP_PRC,BELMONT_1_N008,ALL,1,137.12724,2,1
2022-09-01T23:15:00-00:00,2022-09-01T23:30:00-00:00,2022-09-01,17,BELMONT_1_N008,BELMONT_1_N008,BELMONT_1_N008,RTPD,LMP,LMP_PRC,BELMONT_1_N008,ALL,1,263.02444,2,1
2022-09-02T00:15:00-00:00,2022-09-02T00:30:00-00:00,2022-09-01,18,BELMONT_1_N008,BELMONT_1_N008,BELMONT_1_N008,RTPD,LMP,LMP_PRC,BELMONT_1_N008,ALL,1,1079.604,2,1
2022-09-02T01:15:00-00:00,2022-09-02T01:30:00-00:00,2022-09-01,19,BELMONT_1_N008,BELMONT_1_N008,BELMONT_1_N008,RTPD,LMP,LMP_PRC,BELMONT_1_N008,ALL,1,1999.9933,2,1
2022-09-02T02:15:00-00:00,2022-09-02T02:30:00-00:00,2022-09-01,20,BELMONT_1_N008,BELMONT_1_N008,BELMONT_1_N008,RTPD,LMP,LMP_PRC,BELMONT_1_N008,ALL,1,1991.6721,2,1
2022-09-02T03:15:00-00:00,2022-09-02T03:30:00-00:00,2022-09-01,21,BELMONT_1_N008,BELMONT_1_N008,BELMONT_1_N008,RTPD,LMP,LMP_PRC,BELMONT_1_N008,ALL,1,574.3716,2,1
2022-09-02T04:15:00-00:00,2022-09-02T04:30:00-00:00,2022-09-01,22,BELMONT_1_N008,BELMONT_1_N008,BELMONT_1_N008,RTPD,LMP,LMP_PRC,BELMONT_1_N008,ALL,1,234.59448,2,1
2022-09-02T05:15:00-00:00,2022-09-02T05:30:00-00:00,2022-09-01,23,BELMONT_1_N008,BELMONT_1_N008,BELMONT_1_N008,RTPD,LMP,LMP_PRC,BELMONT_1_N008,ALL,1,162.79189,2,1
2022-09-02T06:15:00-00:00,2022-09-02T06:30:00-00:00,2022-09-01,24,BELMONT_1_N008,BELMONT_1_N008,BELMONT_1_N008,RTPD,LMP,LMP_PRC,BELMONT_1_N008,ALL,1,146.34888,2,1
2022-09-01T07:30:00-00:00,2022-09-01T07:45:00-00:00,2022-09-01,01,BELMONT_1_N008,BELMONT_1_N008,BELMONT_1_N008,RTPD,LMP,LMP_PRC,BELMONT_1_N008,ALL,1,102.58449,3,1
2022-09-01T08:30:00-00:00,2022-09-01T08:45:00-00:00,2022-09-01,02,BELMONT_1_N008,BELMONT_1_N008,BELMONT_1_N008,RTPD,LMP,LMP_PRC,BELMONT_1_N008,ALL,1,113.81157,3,1
2022-09-01T09:30:00-00:00,2022-09-01T09:45:00-00:00,2022-09-01,03,BELMONT_1_N008,BELMONT_1_N008,BELMONT_1_N008,RTPD,LMP,LMP_PRC,BELMONT_1_N008,ALL,1,94.27934,3,1
2022-09-01T10:30:00-00:00,2022-09-01T10:45:00-00:00,2022-09-01,04,BELMONT_1_N008,BELMONT_1_N008,BELMONT_1_N008,RTPD,LMP,LMP_PRC,BELMONT_1_N008,ALL,1,95.95484,3,1
2022-09-01T11:30:00-00:00,2022-09-01T11:45:00-00:00,2022-09-01,05,BELMONT_1_N008,BELMONT_1_N008,BELMONT_1_N008,RTPD,LMP,LMP_PRC,BELMONT_1_N008,ALL,1,105.81373,3,1
2022-09-01T12:30:00-00:00,2022-09-01T12:45:00-00:00,2022-09-01,06,BELMONT_1_N008,BELMONT_1_N008,BELMONT_1_N008,RTPD,LMP,LMP_PRC,BELMONT_1_N008,ALL,1,105.61512,3,1
2022-09-01T13:30:00-00:00,2022-09-01T13:45:00-00:00,2022-09-01,07,BELMONT_1_N008,BELMONT_1_N008,BELMONT_1_N008,RTPD,LMP,LMP_PRC,BELMONT_1_N008,ALL,1,114.66512,3,1
2022-09-01T14:30:00-00:00,2022-09-01T14:45:00-00:00,2022-09-01,08,BELMONT_1_N008,BELMONT_1_N008,BELMONT_1_N008,RTPD,LMP,LMP_PRC,BELMONT_1_N008,ALL,1,106.54921,3,1
2022-09-01T15:30:00-00:00,2022-09-01T15:45:00-00:00,2022-09-01,09,BELMONT_1_N008,BELMONT_1_N008,BELMONT_1_N008,RTPD,LMP,LMP_PRC,BELMONT_1_N008,ALL,1,86.1388,3,1
2022-09-01T16:30:00-00:00,2022-09-01T16:45:00-00:00,2022-09-01,10,BELMONT_1_N008,BELMONT_1_N008,BELMONT_1_N008,RTPD,LMP,LMP_PRC,BELMONT_1_N008,ALL,1,74.92529,3,1
2022-09-01T17:30:00-00:00,2022-09-01T17:45:00-00:00,2022-09-01,11,BELMONT_1_N008,BELMONT_1_N008,BELMONT_1_N008,RTPD,LMP,LMP_PRC,BELMONT_1_N008,ALL,1,78.4595,3,1
2022-09-01T18:30:00-00:00,2022-09-01T18:45:00-00:00,2022-09-01,12,BELMONT_1_N008,BELMONT_1_N008,BELMONT_1_N008,RTPD,LMP,LMP_PRC,BELMONT_1_N008,ALL,1,79.18374,3,1
2022-09-01T19:30:00-00:00,2022-09-01T19:45:00-00:00,2022-09-01,13,BELMONT_1_N008,BELMONT_1_N008,BELMONT_1_N008,RTPD,LMP,LMP_PRC,BELMONT_1_N008,ALL,1,101.23727,3,1
2022-09-01T20:30:00-00:00,2022-09-01T20:45:00-00:00,2022-09-01,14,BELMONT_1_N008,BELMONT_1_N008,BELMONT_1_N008,RTPD,LMP,LMP_PRC,BELMONT_1_N008,ALL,1,116.80544,3,1
2022-09-01T21:30:00-00:00,2022-09-01T21:45:00-00:00,2022-09-01,15,BELMONT_1_N008,BELMONT_1_N008,BELMONT_1_N008,RTPD,LMP,LMP_PRC,BELMONT_1_N008,ALL,1,127.96621,3,1
2022-09-01T22:30:00-00:00,2022-09-01T22:45:00-00:00,2022-09-01,16,BELMONT_1_N008,BELMONT_1_N008,BELMONT_1_N008,RTPD,LMP,LMP_PRC,BELMONT_1_N008,ALL,1,154.73276,3,1
2022-09-01T23:30:00-00:00,2022-09-01T23:45:00-00:00,2022-09-01,17,BELMONT_1_N008,BELMONT_1_N008,BELMONT_1_N008,RTPD,LMP,LMP_PRC,BELMONT_1_N008,ALL,1,566.48157,3,1
2022-09-02T00:30:00-00:00,2022-09-02T00:45:00-00:00,2022-09-01,18,BELMONT_1_N008,BELMONT_1_N008,BELMONT_1_N008,RTPD,LMP,LMP_PRC,BELMONT_1_N008,ALL,1,1803.0541,3,1
2022-09-02T01:30:00-00:00,2022-09-02T01:45:00-00:00,2022-09-01,19,BELMONT_1_N008,BELMONT_1_N008,BELMONT_1_N008,RTPD,LMP,LMP_PRC,BELMONT_1_N008,ALL,1,1999.9956,3,1
2022-09-02T02:30:00-00:00,2022-09-02T02:45:00-00:00,2022-09-01,20,BELMONT_1_N008,BELMONT_1_N008,BELMONT_1_N008,RTPD,LMP,LMP_PRC,BELMONT_1_N008,ALL,1,1991.671,3,1
2022-09-02T03:30:00-00:00,2022-09-02T03:45:00-00:00,2022-09-01,21,BELMONT_1_N008,BELMONT_1_N008,BELMONT_1_N008,RTPD,LMP,LMP_PRC,BELMONT_1_N008,ALL,1,231.80743,3,1
2022-09-02T04:30:00-00:00,2022-09-02T04:45:00-00:00,2022-09-01,22,BELMONT_1_N008,BELMONT_1_N008,BELMONT_1_N008,RTPD,LMP,LMP_PRC,BELMONT_1_N008,ALL,1,186.62254,3,1
2022-09-02T05:30:00-00:00,2022-09-02T05:45:00-00:00,2022-09-01,23,BELMONT_1_N008,BELMONT_1_N008,BELMONT_1_N008,RTPD,LMP,LMP_PRC,BELMONT_1_N008,ALL,1,136.00574,3,1
2022-09-02T06:30:00-00:00,2022-09-02T06:45:00-00:00,2022-09-01,24,BELMONT_1_N008,BELMONT_1_N008,BELMONT_1_N008,RTPD,LMP,LMP_PRC,BELMONT_1_N008,ALL,1,132.77933,3,1
2022-09-01T07:45:00-00:00,2022-09-01T08:00:00-00:00,2022-09-01,01,BELMONT_1_N008,BELMONT_1_N008,BELMONT_1_N008,RTPD,LMP,LMP_PRC,BELMONT_1_N008,ALL,1,90.43842,4,1
2022-09-01T08:45:00-00:00,2022-09-01T09:00:00-00:00,2022-09-01,02,BELMONT_1_N008,BELMONT_1_N008,BELMONT_1_N008,RTPD,LMP,LMP_PRC,BELMONT_1_N008,ALL,1,96.42622,4,1
2022-09-01T09:45:00-00:00,2022-09-01T10:00:00-00:00,2022-09-01,03,BELMONT_1_N008,BELMONT_1_N008,BELMONT_1_N008,RTPD,LMP,LMP_PRC,BELMONT_1_N008,ALL,1,94.22546,4,1
2022-09-01T10:45:00-00:00,2022-09-01T11:00:00-00:00,2022-09-01,04,BELMONT_1_N008,BELMONT_1_N008,BELMONT_1_N008,RTPD,LMP,LMP_PRC,BELMONT_1_N008,ALL,1,96.07033,4,1
2022-09-01T11:45:00-00:00,2022-09-01T12:00:00-00:00,2022-09-01,05,BELMONT_1_N008,BELMONT_1_N008,BELMONT_1_N008,RTPD,LMP,LMP_PRC,BELMONT_1_N008,ALL,1,107.01,4,1
2022-09-01T12:45:00-00:00,2022-09-01T13:00:00-00:00,2022-09-01,06,BELMONT_1_N008,BELMONT_1_N008,BELMONT_1_N008,RTPD,LMP,LMP_PRC,BELMONT_1_N008,ALL,1,114.10591,4,1
2022-09-01T13:45:00-00:00,2022-09-01T14:00:00-00:00,2022-09-01,07,BELMONT_1_N008,BELMONT_1_N008,BELMONT_1_N008,RTPD,LMP,LMP_PRC,BELMONT_1_N008,ALL,1,111.41,4,1
2022-09-01T14:45:00-00:00,2022-09-01T15:00:00-00:00,2022-09-01,08,BELMONT_1_N008,BELMONT_1_N008,BELMONT_1_N008,RTPD,LMP,LMP_PRC,BELMONT_1_N008,ALL,1,86.1388,4,1
2022-09-01T15:45:00-00:00,2022-09-01T16:00:00-00:00,2022-09-01,09,BELMONT_1_N008,BELMONT_1_N008,BELMONT_1_N008,RTPD,LMP,LMP_PRC,BELMONT_1_N008,ALL,1,78.70076,4,1
2022-09-01T16:45:00-00:00,2022-09-01T17:00:00-00:00,2022-09-01,10,BELMONT_1_N008,BELMONT_1_N008,BELMONT_1_N008,RTPD,LMP,LMP_PRC,BELMONT_1_N008,ALL,1,78.68898,4,1
2022-09-01T17:45:00-00:00,2022-09-01T18:00:00-00:00,2022-09-01,11,BELMONT_1_N008,BELMONT_1_N008,BELMONT_1_N008,RTPD,LMP,LMP_PRC,BELMONT_1_N008,ALL,1,78.85303,4,1
2022-09-01T18:45:00-00:00,2022-09-01T19:00:00-00:00,2022-09-01,12,BELMONT_1_N008,BELMONT_1_N008,BELMONT_1_N008,RTPD,LMP,LMP_PRC,BELMONT_1_N008,ALL,1,81.12851,4,1
2022-09-01T19:45:00-00:00,2022-09-01T20:00:00-00:00,2022-09-01,13,BELMONT_1_N008,BELMONT_1_N008,BELMONT_1_N008,RTPD,LMP,LMP_PRC,BELMONT_1_N008,ALL,1,106.33472,4,1
2022-09-01T20:45:00-00:00,2022-09-01T21:00:00-00:00,2022-09-01,14,BELMONT_1_N008,BELMONT_1_N008,BELMONT_1_N008,RTPD,LMP,LMP_PRC,BELMONT_1_N008,ALL,1,125.2848,4,1
2022-09-01T21:45:00-00:00,2022-09-01T22:00:00-00:00,2022-09-01,15,BELMONT_1_N008,BELMONT_1_N008,BELMONT_1_N008,RTPD,LMP,LMP_PRC,BELMONT_1_N008,ALL,1,209.59676,4,1
2022-09-01T22:45:00-00:00,2022-09-01T23:00:00-00:00,2022-09-01,16,BELMONT_1_N008,BELMONT_1_N008,BELMONT_1_N008,RTPD,LMP,LMP_PRC,BELMONT_1_N008,ALL,1,169.02419,4,1
2022-09-01T23:45:00-00:00,2022-09-02T00:00:00-00:00,2022-09-01,17,BELMONT_1_N008,BELMONT_1_N008,BELMONT_1_N008,RTPD,LMP,LMP_PRC,BELMONT_1_N008,ALL,1,1674.0399,4,1
2022-09-02T00:45:00-00:00,2022-09-02T01:00:00-00:00,2022-09-01,18,BELMONT_1_N008,BELMONT_1_N008,BELMONT_1_N008,RTPD,LMP,LMP_PRC,BELMONT_1_N008,ALL,1,1825.9001,4,1
2022-09-02T01:45:00-00:00,2022-09-02T02:00:00-00:00,2022-09-01,19,BELMONT_1_N008,BELMONT_1_N008,BELMONT_1_N008,RTPD,LMP,LMP_PRC,BELMONT_1_N008,ALL,1,1991.9337,4,1
2022-09-02T02:45:00-00:00,2022-09-02T03:00:00-00:00,2022-09-01,20,BELMONT_1_N008,BELMONT_1_N008,BELMONT_1_N008,RTPD,LMP,LMP_PRC,BELMONT_1_N008,ALL,1,1887.4808,4,1
2022-09-02T03:45:00-00:00,2022-09-02T04:00:00-00:00,2022-09-01,21,BELMONT_1_N008,BELMONT_1_N008,BELMONT_1_N008,RTPD,LMP,LMP_PRC,BELMONT_1_N008,ALL,1,168.26631,4,1
2022-09-02T04:45:00-00:00,2022-09-02T05:00:00-00:00,2022-09-01,22,BELMONT_1_N008,BELMONT_1_N008,BELMONT_1_N008,RTPD,LMP,LMP_PRC,BELMONT_1_N008,ALL,1,131.18777,4,1
2022-09-02T05:45:00-00:00,2022-09-02T06:00:00-00:00,2022-09-01,23,BELMONT_1_N008,BELMONT_1_N008,BELMONT_1_N008,RTPD,LMP,LMP_PRC,BELMONT_1_N008,ALL,1,118.58611,4,1
2022-09-02T06:45:00-00:00,2022-09-02T07:00:00-00:00,2022-09-01,24,BELMONT_1_N008,BELMONT_1_N008,BELMONT_1_N008,RTPD,LMP,LMP_PRC,BELMONT_1_N008,ALL,1,112.71958,4,1
2022-09-01T07:00:00-00:00,2022-09-01T07:15:00-00:00,2022-09-01,01,BELMONT_1_N008,BELMONT_1_N008,BELMONT_1_N008,RTPD,MCC,LMP_CONG_PRC,BELMONT_1_N008,ALL,1,-16.76426,1,2
2022-09-01T08:00:00-00:00,2022-09-01T08:15:00-00:00,2022-09-01,02,BELMONT_1_N008,BELMONT_1_N008,BELMONT_1_N008,RTPD,MCC,LMP_CONG_PRC,BELMONT_1_N008,ALL,1,-3.39042,1,2
2022-09-01T09:00:00-00:00,2022-09-01T09:15:00-00:00,2022-09-01,03,BELMONT_1_N008,BELMONT_1_N008,BELMONT_1_N008,RTPD,MCC,LMP_CONG_PRC,BELMONT_1_N008,ALL,1,-4.53266,1,2
2022-09-01T10:00:00-00:00,2022-09-01T10:15:00-00:00,2022-09-01,04,BELMONT_1_N008,BELMONT_1_N008,BELMONT_1_N008,RTPD,MCC,LMP_CONG_PRC,BELMONT_1_N008,ALL,1,-3.93862,1,2
2022-09-01T11:00:00-00:00,2022-09-01T11:15:00-00:00,2022-09-01,05,BELMONT_1_N008,BELMONT_1_N008,BELMONT_1_N008,RTPD,MCC,LMP_CONG_PRC,BELMONT_1_N008,ALL,1,0,1,2
2022-09-01T12:00:00-00:00,2022-09-01T12:15:00-00:00,2022-09-01,06,BELMONT_1_N008,BELMONT_1_N008,BELMONT_1_N008,RTPD,MCC,LMP_CONG_PRC,BELMONT_1_N008,ALL,1,-10.0946,1,2
2022-09-01T13:00:00-00:00,2022-09-01T13:15:00-00:00,2022-09-01,07,BELMONT_1_N008,BELMONT_1_N008,BELMONT_1_N008,RTPD,MCC,LMP_CONG_PRC,BELMONT_1_N008,ALL,1,-13.35624,1,2
2022-09-01T14:00:00-00:00,2022-09-01T14:15:00-00:00,2022-09-01,08,BELMONT_1_N008,BELMONT_1_N008,BELMONT_1_N008,RTPD,MCC,LMP_CONG_PRC,BELMONT_1_N008,ALL,1,0,1,2
2022-09-01T15:00:00-00:00,2022-09-01T15:15:00-00:00,2022-09-01,09,BELMONT_1_N008,BELMONT_1_N008,BELMONT_1_N008,RTPD,MCC,LMP_CONG_PRC,BELMONT_1_N008,ALL,1,0,1,2
2022-09-01T16:00:00-00:00,2022-09-01T16:15:00-00:00,2022-09-01,10,BELMONT_1_N008,BELMONT_1_N008,BELMONT_1_N008,RTPD,MCC,LMP_CONG_PRC,BELMONT_1_N008,ALL,1,0,1,2
2022-09-01T17:00:00-00:00,2022-09-01T17:15:00-00:00,2022-09-01,11,BELMONT_1_N008,BELMONT_1_N008,BELMONT_1_N008,RTPD,MCC,LMP_CONG_PRC,BELMONT_1_N008,ALL,1,-16.91213,1,2
2022-09-01T18:00:00-00:00,2022-09-01T18:15:00-00:00,2022-09-01,12,BELMONT_1_N008,BELMONT_1_N008,BELMONT_1_N008,RTPD,MCC,LMP_CONG_PRC,BELMONT_1_N008,ALL,1,-32.82622,1,2
2022-09-01T19:00:00-00:00,2022-09-01T19:15:00-00:00,2022-09-01,13,BELMONT_1_N008,BELMONT_1_N008,BELMONT_1_N008,RTPD,MCC,LMP_CONG_PRC,BELMONT_1_N008,ALL,1,-36.23196,1,2
2022-09-01T20:00:00-00:00,2022-09-01T20:15:00-00:00,2022-09-01,14,BELMONT_1_N008,BELMONT_1_N008,BELMONT_1_N008,RTPD,MCC,LMP_CONG_PRC,BELMONT_1_N008,ALL,1,-3.56226,1,2
2022-09-01T21:00:00-00:00,2022-09-01T21:15:00-00:00,2022-09-01,15,BELMONT_1_N008,BELMONT_1_N008,BELMONT_1_N008,RTPD,MCC,LMP_CONG_PRC,BELMONT_1_N008,ALL,1,-100.55342,1,2
2022-09-01T22:00:00-00:00,2022-09-01T22:15:00-00:00,2022-09-01,16,BELMONT_1_N008,BELMONT_1_N008,BELMONT_1_N008,RTPD,MCC,LMP_CONG_PRC,BELMONT_1_N008,ALL,1,-109.32262,1,2
2022-09-01T23:00:00-00:00,2022-09-01T23:15:00-00:00,2022-09-01,17,BELMONT_1_N008,BELMONT_1_N008,BELMONT_1_N008,RTPD,MCC,LMP_CONG_PRC,BELMONT_1_N008,ALL,1,-171.57988,1,2
2022-09-02T00:00:00-00:00,2022-09-02T00:15:00-00:00,2022-09-01,18,BELMONT_1_N008,BELMONT_1_N008,BELMONT_1_N008,RTPD,MCC,LMP_CONG_PRC,BELMONT_1_N008,ALL,1,343.7871,1,2
2022-09-02T01:00:00-00:00,2022-09-02T01:15:00-00:00,2022-09-01,19,BELMONT_1_N008,BELMONT_1_N008,BELMONT_1_N008,RTPD,MCC,LMP_CONG_PRC,BELMONT_1_N008,ALL,1,339.7814,1,2
2022-09-02T02:00:00-00:00,2022-09-02T02:15:00-00:00,2022-09-01,20,BELMONT_1_N008,BELMONT_1_N008,BELMONT_1_N008,RTPD,MCC,LMP_CONG_PRC,BELMONT_1_N008,ALL,1,0,1,2
2022-09-02T03:00:00-00:00,2022-09-02T03:15:00-00:00,2022-09-01,21,BELMONT_1_N008,BELMONT_1_N008,BELMONT_1_N008,RTPD,MCC,LMP_CONG_PRC,BELMONT_1_N008,ALL,1,422.39,1,2
2022-09-02T04:00:00-00:00,2022-09-02T04:15:00-00:00,2022-09-01,22,BELMONT_1_N008,BELMONT_1_N008,BELMONT_1_N008,RTPD,MCC,LMP_CONG_PRC,BELMONT_1_N008,ALL,1,0,1,2
2022-09-02T05:00:00-00:00,2022-09-02T05:15:00-00:00,2022-09-01,23,BELMONT_1_N008,BELMONT_1_N008,BELMONT_1_N008,RTPD,MCC,LMP_CONG_PRC,BELMONT_1_N008,ALL,1,0,1,2
2022-09-02T06:00:00-00:00,2022-09-02T06:15:00-00:00,2022-09-01,24,BELMONT_1_N008,BELMONT_1_N008,BELMONT_1_N008,RTPD,MCC,LMP_CONG_PRC,BELMONT_1_N008,ALL,1,0,1,2
2022-09-01T07:15:00-00:00,2022-09-01T07:30:00-00:00,2022-09-01,01,BELMONT_1_N008,BELMONT_1_N008,BELMONT_1_N008,RTPD,MCC,LMP_CONG_PRC,BELMONT_1_N008,ALL,1,-10.17764,2,2
2022-09-01T08:15:00-00:00,2022-09-01T08:30:00-00:00,2022-09-01,02,BELMONT_1_N008,BELMONT_1_N008,BELMONT_1_N008,RTPD,MCC,LMP_CONG_PRC,BELMONT_1_N008,ALL,1,-0.92767,2,2
2022-09-01T09:15:00-00:00,2022-09-01T09:30:00-00:00,2022-09-01,03,BELMONT_1_N008,BELMONT_1_N008,BELMONT_1_N008,RTPD,MCC,LMP_CONG_PRC,BELMONT_1_N008,ALL,1,-5.95856,2,2
2022-09-01T10:15:00-00:00,2022-09-01T10:30:00-00:00,2022-09-01,04,BELMONT_1_N008,BELMONT_1_N008,BELMONT_1_N008,RTPD,MCC,LMP_CONG_PRC,BELMONT_1_N008,ALL,1,-5.5731,2,2
2022-09-01T11:15:00-00:00,2022-09-01T11:30:00-00:00,2022-09-01,05,BELMONT_1_N008,BELMONT_1_N008,BELMONT_1_N008,RTPD,MCC,LMP_CONG_PRC,BELMONT_1_N008,ALL,1,0,2,2
2022-09-01T12:15:00-00:00,2022-09-01T12:30:00-00:00,2022-09-01,06,BELMONT_1_N008,BELMONT_1_N008,BELMONT_1_N008,RTPD,MCC,LMP_CONG_PRC,BELMONT_1_N008,ALL,1,-6.17089,2,2
2022-09-01T13:15:00-00:00,2022-09-01T13:30:00-00:00,2022-09-01,07,BELMONT_1_N008,BELMONT_1_N008,BELMONT_1_N008,RTPD,MCC,LMP_CONG_PRC,BELMONT_1_N008,ALL,1,-0.57317,2,2
2022-09-01T14:15:00-00:00,2022-09-01T14:30:00-00:00,2022-09-01,08,BELMONT_1_N008,BELMONT_1_N008,BELMONT_1_N008,RTPD,MCC,LMP_CONG_PRC,BELMONT_1_N008,ALL,1,0,2,2
2022-09-01T15:15:00-00:00,2022-09-01T15:30:00-00:00,2022-09-01,09,BELMONT_1_N008,BELMONT_1_N008,BELMONT_1_N008,RTPD,MCC,LMP_CONG_PRC,BELMONT_1_N008,ALL,1,0,2,2
2022-09-01T16:15:00-00:00,2022-09-01T16:30:00-00:00,2022-09-01,10,BELMONT_1_N008,BELMONT_1_N008,BELMONT_1_N008,RTPD,MCC,LMP_CONG_PRC,BELMONT_1_N008,ALL,1,-1.65672,2,2
2022-09-01T17:15:00-00:00,2022-09-01T17:30:00-00:00,2022-09-01,11,BELMONT_1_N008,BELMONT_1_N008,BELMONT_1_N008,RTPD,MCC,LMP_CONG_PRC,BELMONT_1_N008,ALL,1,-20.5963,2,2
2022-09-01T18:15:00-00:00,2022-09-01T18:30:00-00:00,2022-09-01,12,BELMONT_1_N008,BELMONT_1_N008,BELMONT_1_N008,RTPD,MCC,LMP_CONG_PRC,BELMONT_1_N008,ALL,1,-26.8712,2,2
2022-09-01T19:15:00-00:00,2022-09-01T19:30:00-00:00,2022-09-01,13,BELMONT_1_N008,BELMONT_1_N008,BELMONT_1_N008,RTPD,MCC,LMP_CONG_PRC,BELMONT_1_N008,ALL,1,-29.83604,2,2
2022-09-01T20:15:00-00:00,2022-09-01T20:30:00-00:00,2022-09-01,14,BELMONT_1_N008,BELMONT_1_N008,BELMONT_1_N008,RTPD,MCC,LMP_CONG_PRC,BELMONT_1_N008,ALL,1,-3.2246,2,2
2022-09-01T21:15:00-00:00,2022-09-01T21:30:00-00:00,2022-09-01,15,BELMONT_1_N008,BELMONT_1_N008,BELMONT_1_N008,RTPD,MCC,LMP_CONG_PRC,BELMONT_1_N008,ALL,1,-27.17513,2,2
2022-09-01T22:15:00-00:00,2022-09-01T22:30:00-00:00,2022-09-01,16,BELMONT_1_N008,BELMONT_1_N008,BELMONT_1_N008,RTPD,MCC,LMP_CONG_PRC,BELMONT_1_N008,ALL,1,-119.46008,2,2
2022-09-01T23:15:00-00:00,2022-09-01T23:30:00-00:00,2022-09-01,17,BELMONT_1_N008,BELMONT_1_N008,BELMONT_1_N008,RTPD,MCC,LMP_CONG_PRC,BELMONT_1_N008,ALL,1,-99.09966,2,2
2022-09-02T00:15:00-00:00,2022-09-02T00:30:00-00:00,2022-09-01,18,BELMONT_1_N008,BELMONT_1_N008,BELMONT_1_N008,RTPD,MCC,LMP_CONG_PRC,BELMONT_1_N008,ALL,1,334.60904,2,2
2022-09-02T01:15:00-00:00,2022-09-02T01:30:00-00:00,2022-09-01,19,BELMONT_1_N008,BELMONT_1_N008,BELMONT_1_N008,RTPD,MCC,LMP_CONG_PRC,BELMONT_1_N008,ALL,1,0,2,2
2022-09-02T02:15:00-00:00,2022-09-02T02:30:00-00:00,2022-09-01,20,BELMONT_1_N008,BELMONT_1_N008,BELMONT_1_N008,RTPD,MCC,LMP_CONG_PRC,BELMONT_1_N008,ALL,1,0,2,2
2022-09-02T03:15:00-00:00,2022-09-02T03:30:00-00:00,2022-09-01,21,BELMONT_1_N008,BELMONT_1_N008,BELMONT_1_N008,RTPD,MCC,LMP_CONG_PRC,BELMONT_1_N008,ALL,1,148.04868,2,2
2022-09-02T04:15:00-00:00,2022-09-02T04:30:00-00:00,2022-09-01,22,BELMONT_1_N008,BELMONT_1_N008,BELMONT_1_N008,RTPD,MCC,LMP_CONG_PRC,BELMONT_1_N008,ALL,1,0,2,2
2022-09-02T05:15:00-00:00,2022-09-02T05:30:00-00:00,2022-09-01,23,BELMONT_1_N008,BELMONT_1_N008,BELMONT_1_N008,RTPD,MCC,LMP_CONG_PRC,BELMONT_1_N008,ALL,1,0,2,2
2022-09-02T06:15:00-00:00,2022-09-02T06:30:00-00:00,2022-09-01,24,BELMONT_1_N008,BELMONT_1_N008,BELMONT_1_N008,RTPD,MCC,LMP_CONG_PRC,BELMONT_1_N008,ALL,1,0,2,2
2022-09-01T07:30:00-00:00,2022-09-01T07:45:00-00:00,2022-09-01,01,BELMONT_1_N008,BELMONT_1_N008,BELMONT_1_N008,RTPD,MCC,LMP_CONG_PRC,BELMONT_1_N008,ALL,1,-16.44747,3,2
2022-09-01T08:30:00-00:00,2022-09-01T08:45:00-00:00,2022-09-01,02,BELMONT_1_N008,BELMONT_1_N008,BELMONT_1_N008,RTPD,MCC,LMP_CONG_PRC,BELMONT_1_N008,ALL,1,-0.00088,3,2
2022-09-01T09:30:00-00:00,2022-09-01T09:45:00-00:00,2022-09-01,03,BELMONT_1_N008,BELMONT_1_N008,BELMONT_1_N008,RTPD,MCC,LMP_CONG_PRC,BELMONT_1_N008,ALL,1,-5.90508,3,2
2022-09-01T10:30:00-00:00,2022-09-01T10:45:00-00:00,2022-09-01,04,BELMONT_1_N008,BELMONT_1_N008,BELMONT_1_N008,RTPD,MCC,LMP_CONG_PRC,BELMONT_1_N008,ALL,1,-3.14411,3,2
2022-09-01T11:30:00-00:00,2022-09-01T11:45:00-00:00,2022-09-01,05,BELMONT_1_N008,BELMONT_1_N008,BELMONT_1_N008,RTPD,MCC,LMP_CONG_PRC,BELMONT_1_N008,ALL,1,0,3,2
2022-09-01T12:30:00-00:00,2022-09-01T12:45:00-00:00,2022-09-01,06,BELMONT_1_N008,BELMONT_1_N008,BELMONT_1_N008,RTPD,MCC,LMP_CONG_PRC,BELMONT_1_N008,ALL,1,-10.68469,3,2
2022-09-01T13:30:00-00:00,2022-09-01T13:45:00-00:00,2022-09-01,07,BELMONT_1_N008,BELMONT_1_N008,BELMONT_1_N008,RTPD,MCC,LMP_CONG_PRC,BELMONT_1_N008,ALL,1,0,3,2
2022-09-01T14:30:00-00:00,2022-09-01T14:45:00-00:00,2022-09-01,08,BELMONT_1_N008,BELMONT_1_N008,BELMONT_1_N008,RTPD,MCC,LMP_CONG_PRC,BELMONT_1_N008,ALL,1,0,3,2
2022-09-01T15:30:00-00:00,2022-09-01T15:45:00-00:00,2022-09-01,09,BELMONT_1_N008,BELMONT_1_N008,BELMONT_1_N008,RTPD,MCC,LMP_CONG_PRC,BELMONT_1_N008,ALL,1,0,3,2
2022-09-01T16:30:00-00:00,2022-09-01T16:45:00-00:00,2022-09-01,10,BELMONT_1_N008,BELMONT_1_N008,BELMONT_1_N008,RTPD,MCC,LMP_CONG_PRC,BELMONT_1_N008,ALL,1,-13.87115,3,2
2022-09-01T17:30:00-00:00,2022-09-01T17:45:00-00:00,2022-09-01,11,BELMONT_1_N008,BELMONT_1_N008,BELMONT_1_N008,RTPD,MCC,LMP_CONG_PRC,BELMONT_1_N008,ALL,1,-20.67064,3,2
2022-09-01T18:30:00-00:00,2022-09-01T18:45:00-00:00,2022-09-01,12,BELMONT_1_N008,BELMONT_1_N008,BELMONT_1_N008,RTPD,MCC,LMP_CONG_PRC,BELMONT_1_N008,ALL,1,-27.87344,3,2
2022-09-01T19:30:00-00:00,2022-09-01T19:45:00-00:00,2022-09-01,13,BELMONT_1_N008,BELMONT_1_N008,BELMONT_1_N008,RTPD,MCC,LMP_CONG_PRC,BELMONT_1_N008,ALL,1,-12.82178,3,2
2022-09-01T20:30:00-00:00,2022-09-01T20:45:00-00:00,2022-09-01,14,BELMONT_1_N008,BELMONT_1_N008,BELMONT_1_N008,RTPD,MCC,LMP_CONG_PRC,BELMONT_1_N008,ALL,1,-13.01061,3,2
2022-09-01T21:30:00-00:00,2022-09-01T21:45:00-00:00,2022-09-01,15,BELMONT_1_N008,BELMONT_1_N008,BELMONT_1_N008,RTPD,MCC,LMP_CONG_PRC,BELMONT_1_N008,ALL,1,-24.96437,3,2
2022-09-01T22:30:00-00:00,2022-09-01T22:45:00-00:00,2022-09-01,16,BELMONT_1_N008,BELMONT_1_N008,BELMONT_1_N008,RTPD,MCC,LMP_CONG_PRC,BELMONT_1_N008,ALL,1,-128.44907,3,2
2022-09-01T23:30:00-00:00,2022-09-01T23:45:00-00:00,2022-09-01,17,BELMONT_1_N008,BELMONT_1_N008,BELMONT_1_N008,RTPD,MCC,LMP_CONG_PRC,BELMONT_1_N008,ALL,1,0,3,2
2022-09-02T00:30:00-00:00,2022-09-02T00:45:00-00:00,2022-09-01,18,BELMONT_1_N008,BELMONT_1_N008,BELMONT_1_N008,RTPD,MCC,LMP_CONG_PRC,BELMONT_1_N008,ALL,1,473.94147,3,2
2022-09-02T01:30:00-00:00,2022-09-02T01:45:00-00:00,2022-09-01,19,BELMONT_1_N008,BELMONT_1_N008,BELMONT_1_N008,RTPD,MCC,LMP_CONG_PRC,BELMONT_1_N008,ALL,1,0,3,2
2022-09-02T02:30:00-00:00,2022-09-02T02:45:00-00:00,2022-09-01,20,BELMONT_1_N008,BELMONT_1_N008,BELMONT_1_N008,RTPD,MCC,LMP_CONG_PRC,BELMONT_1_N008,ALL,1,0,3,2
2022-09-02T03:30:00-00:00,2022-09-02T03:45:00-00:00,2022-09-01,21,BELMONT_1_N008,BELMONT_1_N008,BELMONT_1_N008,RTPD,MCC,LMP_CONG_PRC,BELMONT_1_N008,ALL,1,33.30164,3,2
2022-09-02T04:30:00-00:00,2022-09-02T04:45:00-00:00,2022-09-01,22,BELMONT_1_N008,BELMONT_1_N008,BELMONT_1_N008,RTPD,MCC,LMP_CONG_PRC,BELMONT_1_N008,ALL,1,0,3,2
2022-09-02T05:30:00-00:00,2022-09-02T05:45:00-00:00,2022-09-01,23,BELMONT_1_N008,BELMONT_1_N008,BELMONT_1_N008,RTPD,MCC,LMP_CONG_PRC,BELMONT_1_N008,ALL,1,0,3,2
2022-09-02T06:30:00-00:00,2022-09-02T06:45:00-00:00,2022-09-01,24,BELMONT_1_N008,BELMONT_1_N008,BELMONT_1_N008,RTPD,MCC,LMP_CONG_PRC,BELMONT_1_N008,ALL,1,0,3,2
2022-09-01T07:45:00-00:00,2022-09-01T08:00:00-00:00,2022-09-01,01,BELMONT_1_N008,BELMONT_1_N008,BELMONT_1_N008,RTPD,MCC,LMP_CONG_PRC,BELMONT_1_N008,ALL,1,-18.68257,4,2
2022-09-01T08:45:00-00:00,2022-09-01T09:00:00-00:00,2022-09-01,02,BELMONT_1_N008,BELMONT_1_N008,BELMONT_1_N008,RTPD,MCC,LMP_CONG_PRC,BELMONT_1_N008,ALL,1,-4.56065,4,2
2022-09-01T09:45:00-00:00,2022-09-01T10:00:00-00:00,2022-09-01,03,BELMONT_1_N008,BELMONT_1_N008,BELMONT_1_N008,RTPD,MCC,LMP_CONG_PRC,BELMONT_1_N008,ALL,1,-5.26838,4,2
2022-09-01T10:45:00-00:00,2022-09-01T11:00:00-00:00,2022-09-01,04,BELMONT_1_N008,BELMONT_1_N008,BELMONT_1_N008,RTPD,MCC,LMP_CONG_PRC,BELMONT_1_N008,ALL,1,-1.23517,4,2
2022-09-01T11:45:00-00:00,2022-09-01T12:00:00-00:00,2022-09-01,05,BELMONT_1_N008,BELMONT_1_N008,BELMONT_1_N008,RTPD,MCC,LMP_CONG_PRC,BELMONT_1_N008,ALL,1,0,4,2
2022-09-01T12:45:00-00:00,2022-09-01T13:00:00-00:00,2022-09-01,06,BELMONT_1_N008,BELMONT_1_N008,BELMONT_1_N008,RTPD,MCC,LMP_CONG_PRC,BELMONT_1_N008,ALL,1,-2.3789,4,2
2022-09-01T13:45:00-00:00,2022-09-01T14:00:00-00:00,2022-09-01,07,BELMONT_1_N008,BELMONT_1_N008,BELMONT_1_N008,RTPD,MCC,LMP_CONG_PRC,BELMONT_1_N008,ALL,1,0,4,2
2022-09-01T14:45:00-00:00,2022-09-01T15:00:00-00:00,2022-09-01,08,BELMONT_1_N008,BELMONT_1_N008,BELMONT_1_N008,RTPD,MCC,LMP_CONG_PRC,BELMONT_1_N008,ALL,1,0,4,2
2022-09-01T15:45:00-00:00,2022-09-01T16:00:00-00:00,2022-09-01,09,BELMONT_1_N008,BELMONT_1_N008,BELMONT_1_N008,RTPD,MCC,LMP_CONG_PRC,BELMONT_1_N008,ALL,1,0,4,2
2022-09-01T16:45:00-00:00,2022-09-01T17:00:00-00:00,2022-09-01,10,BELMONT_1_N008,BELMONT_1_N008,BELMONT_1_N008,RTPD,MCC,LMP_CONG_PRC,BELMONT_1_N008,ALL,1,-12.56035,4,2
2022-09-01T17:45:00-00:00,2022-09-01T18:00:00-00:00,2022-09-01,11,BELMONT_1_N008,BELMONT_1_N008,BELMONT_1_N008,RTPD,MCC,LMP_CONG_PRC,BELMONT_1_N008,ALL,1,-20.35241,4,2
2022-09-01T18:45:00-00:00,2022-09-01T19:00:00-00:00,2022-09-01,12,BELMONT_1_N008,BELMONT_1_N008,BELMONT_1_N008,RTPD,MCC,LMP_CONG_PRC,BELMONT_1_N008,ALL,1,-27.91213,4,2
2022-09-01T19:45:00-00:00,2022-09-01T20:00:00-00:00,2022-09-01,13,BELMONT_1_N008,BELMONT_1_N008,BELMONT_1_N008,RTPD,MCC,LMP_CONG_PRC,BELMONT_1_N008,ALL,1,-13.89019,4,2
2022-09-01T20:45:00-00:00,2022-09-01T21:00:00-00:00,2022-09-01,14,BELMONT_1_N008,BELMONT_1_N008,BELMONT_1_N008,RTPD,MCC,LMP_CONG_PRC,BELMONT_1_N008,ALL,1,-28.7403,4,2
2022-09-01T21:45:00-00:00,2022-09-01T22:00:00-00:00,2022-09-01,15,BELMONT_1_N008,BELMONT_1_N008,BELMONT_1_N008,RTPD,MCC,LMP_CONG_PRC,BELMONT_1_N008,ALL,1,-90.69702,4,2
2022-09-01T22:45:00-00:00,2022-09-01T23:00:00-00:00,2022-09-01,16,BELMONT_1_N008,BELMONT_1_N008,BELMONT_1_N008,RTPD,MCC,LMP_CONG_PRC,BELMONT_1_N008,ALL,1,-260.8895,4,2
2022-09-01T23:45:00-00:00,2022-09-02T00:00:00-00:00,2022-09-01,17,BELMONT_1_N008,BELMONT_1_N008,BELMONT_1_N008,RTPD,MCC,LMP_CONG_PRC,BELMONT_1_N008,ALL,1,412.82745,4,2
2022-09-02T00:45:00-00:00,2022-09-02T01:00:00-00:00,2022-09-01,18,BELMONT_1_N008,BELMONT_1_N008,BELMONT_1_N008,RTPD,MCC,LMP_CONG_PRC,BELMONT_1_N008,ALL,1,306.75116,4,2
2022-09-02T01:45:00-00:00,2022-09-02T02:00:00-00:00,2022-09-01,19,BELMONT_1_N008,BELMONT_1_N008,BELMONT_1_N008,RTPD,MCC,LMP_CONG_PRC,BELMONT_1_N008,ALL,1,0,4,2
2022-09-02T02:45:00-00:00,2022-09-02T03:00:00-00:00,2022-09-01,20,BELMONT_1_N008,BELMONT_1_N008,BELMONT_1_N008,RTPD,MCC,LMP_CONG_PRC,BELMONT_1_N008,ALL,1,135.31194,4,2
2022-09-02T03:45:00-00:00,2022-09-02T04:00:00-00:00,2022-09-01,21,BELMONT_1_N008,BELMONT_1_N008,BELMONT_1_N008,RTPD,MCC,LMP_CONG_PRC,BELMONT_1_N008,ALL,1,19.39498,4,2
2022-09-02T04:45:00-00:00,2022-09-02T05:00:00-00:00,2022-09-01,22,BELMONT_1_N008,BELMONT_1_N008,BELMONT_1_N008,RTPD,MCC,LMP_CONG_PRC,BELMONT_1_N008,ALL,1,0,4,2
2022-09-02T05:45:00-00:00,2022-09-02T06:00:00-00:00,2022-09-01,23,BELMONT_1_N008,BELMONT_1_N008,BELMONT_1_N008,RTPD,MCC,LMP_CONG_PRC,BELMONT_1_N008,ALL,1,-4.24368,4,2
2022-09-02T06:45:00-00:00,2022-09-02T07:00:00-00:00,2022-09-01,24,BELMONT_1_N008,BELMONT_1_N008,BELMONT_1_N008,RTPD,MCC,LMP_CONG_PRC,BELMONT_1_N008,ALL,1,0,4,2
2022-09-01T07:00:00-00:00,2022-09-01T07:15:00-00:00,2022-09-01,01,BELMONT_1_N008,BELMONT_1_N008,BELMONT_1_N008,RTPD,MCE,LMP_ENE_PRC,BELMONT_1_N008,ALL,1,104.23471,1,3
2022-09-01T08:00:00-00:00,2022-09-01T08:15:00-00:00,2022-09-01,02,BELMONT_1_N008,BELMONT_1_N008,BELMONT_1_N008,RTPD,MCE,LMP_ENE_PRC,BELMONT_1_N008,ALL,1,115.5488,1,3
2022-09-01T09:00:00-00:00,2022-09-01T09:15:00-00:00,2022-09-01,03,BELMONT_1_N008,BELMONT_1_N008,BELMONT_1_N008,RTPD,MCE,LMP_ENE_PRC,BELMONT_1_N008,ALL,1,99.73061,1,3
2022-09-01T10:00:00-00:00,2022-09-01T10:15:00-00:00,2022-09-01,04,BELMONT_1_N008,BELMONT_1_N008,BELMONT_1_N008,RTPD,MCE,LMP_ENE_PRC,BELMONT_1_N008,ALL,1,98.64222,1,3
2022-09-01T11:00:00-00:00,2022-09-01T11:15:00-00:00,2022-09-01,05,BELMONT_1_N008,BELMONT_1_N008,BELMONT_1_N008,RTPD,MCE,LMP_ENE_PRC,BELMONT_1_N008,ALL,1,102.56859,1,3
2022-09-01T12:00:00-00:00,2022-09-01T12:15:00-00:00,2022-09-01,06,BELMONT_1_N008,BELMONT_1_N008,BELMONT_1_N008,RTPD,MCE,LMP_ENE_PRC,BELMONT_1_N008,ALL,1,96.90845,1,3
2022-09-01T13:00:00-00:00,2022-09-01T13:15:00-00:00,2022-09-01,07,BELMONT_1_N008,BELMONT_1_N008,BELMONT_1_N008,RTPD,MCE,LMP_ENE_PRC,BELMONT_1_N008,ALL,1,101.80878,1,3
2022-09-01T14:00:00-00:00,2022-09-01T14:15:00-00:00,2022-09-01,08,BELMONT_1_N008,BELMONT_1_N008,BELMONT_1_N008,RTPD,MCE,LMP_ENE_PRC,BELMONT_1_N008,ALL,1,111.11219,1,3
2022-09-01T15:00:00-00:00,2022-09-01T15:15:00-00:00,2022-09-01,09,BELMONT_1_N008,BELMONT_1_N008,BELMONT_1_N008,RTPD,MCE,LMP_ENE_PRC,BELMONT_1_N008,ALL,1,97.4112,1,3
2022-09-01T16:00:00-00:00,2022-09-01T16:15:00-00:00,2022-09-01,10,BELMONT_1_N008,BELMONT_1_N008,BELMONT_1_N008,RTPD,MCE,LMP_ENE_PRC,BELMONT_1_N008,ALL,1,83.43525,1,3
2022-09-01T17:00:00-00:00,2022-09-01T17:15:00-00:00,2022-09-01,11,BELMONT_1_N008,BELMONT_1_N008,BELMONT_1_N008,RTPD,MCE,LMP_ENE_PRC,BELMONT_1_N008,ALL,1,96.94897,1,3
2022-09-01T18:00:00-00:00,2022-09-01T18:15:00-00:00,2022-09-01,12,BELMONT_1_N008,BELMONT_1_N008,BELMONT_1_N008,RTPD,MCE,LMP_ENE_PRC,BELMONT_1_N008,ALL,1,91.59291,1,3
2022-09-01T19:00:00-00:00,2022-09-01T19:15:00-00:00,2022-09-01,13,BELMONT_1_N008,BELMONT_1_N008,BELMONT_1_N008,RTPD,MCE,LMP_ENE_PRC,BELMONT_1_N008,ALL,1,109.19637,1,3
2022-09-01T20:00:00-00:00,2022-09-01T20:15:00-00:00,2022-09-01,14,BELMONT_1_N008,BELMONT_1_N008,BELMONT_1_N008,RTPD,MCE,LMP_ENE_PRC,BELMONT_1_N008,ALL,1,117.94359,1,3
2022-09-01T21:00:00-00:00,2022-09-01T21:15:00-00:00,2022-09-01,15,BELMONT_1_N008,BELMONT_1_N008,BELMONT_1_N008,RTPD,MCE,LMP_ENE_PRC,BELMONT_1_N008,ALL,1,226.61499,1,3
2022-09-01T22:00:00-00:00,2022-09-01T22:15:00-00:00,2022-09-01,16,BELMONT_1_N008,BELMONT_1_N008,BELMONT_1_N008,RTPD,MCE,LMP_ENE_PRC,BELMONT_1_N008,ALL,1,229.18552,1,3
2022-09-01T23:00:00-00:00,2022-09-01T23:15:00-00:00,2022-09-01,17,BELMONT_1_N008,BELMONT_1_N008,BELMONT_1_N008,RTPD,MCE,LMP_ENE_PRC,BELMONT_1_N008,ALL,1,386.7537,1,3
2022-09-02T00:00:00-00:00,2022-09-02T00:15:00-00:00,2022-09-01,18,BELMONT_1_N008,BELMONT_1_N008,BELMONT_1_N008,RTPD,MCE,LMP_ENE_PRC,BELMONT_1_N008,ALL,1,770.58136,1,3
2022-09-02T01:00:00-00:00,2022-09-02T01:15:00-00:00,2022-09-01,19,BELMONT_1_N008,BELMONT_1_N008,BELMONT_1_N008,RTPD,MCE,LMP_ENE_PRC,BELMONT_1_N008,ALL,1,916.27124,1,3
2022-09-02T02:00:00-00:00,2022-09-02T02:15:00-00:00,2022-09-01,20,BELMONT_1_N008,BELMONT_1_N008,BELMONT_1_N008,RTPD,MCE,LMP_ENE_PRC,BELMONT_1_N008,ALL,1,1991.6721,1,3
2022-09-02T03:00:00-00:00,2022-09-02T03:15:00-00:00,2022-09-01,21,BELMONT_1_N008,BELMONT_1_N008,BELMONT_1_N008,RTPD,MCE,LMP_ENE_PRC,BELMONT_1_N008,ALL,1,917.5508,1,3
2022-09-02T04:00:00-00:00,2022-09-02T04:15:00-00:00,2022-09-01,22,BELMONT_1_N008,BELMONT_1_N008,BELMONT_1_N008,RTPD,MCE,LMP_ENE_PRC,BELMONT_1_N008,ALL,1,257.83005,1,3
2022-09-02T05:00:00-00:00,2022-09-02T05:15:00-00:00,2022-09-01,23,BELMONT_1_N008,BELMONT_1_N008,BELMONT_1_N008,RTPD,MCE,LMP_ENE_PRC,BELMONT_1_N008,ALL,1,183.24657,1,3
2022-09-02T06:00:00-00:00,2022-09-02T06:15:00-00:00,2022-09-01,24,BELMONT_1_N008,BELMONT_1_N008,BELMONT_1_N008,RTPD,MCE,LMP_ENE_PRC,BELMONT_1_N008,ALL,1,158.867,1,3
2022-09-01T07:15:00-00:00,2022-09-01T07:30:00-00:00,2022-09-01,01,BELMONT_1_N008,BELMONT_1_N008,BELMONT_1_N008,RTPD,MCE,LMP_ENE_PRC,BELMONT_1_N008,ALL,1,125.55144,2,3
2022-09-01T08:15:00-00:00,2022-09-01T08:30:00-00:00,2022-09-01,02,BELMONT_1_N008,BELMONT_1_N008,BELMONT_1_N008,RTPD,MCE,LMP_ENE_PRC,BELMONT_1_N008,ALL,1,115.53165,2,3
2022-09-01T09:15:00-00:00,2022-09-01T09:30:00-00:00,2022-09-01,03,BELMONT_1_N008,BELMONT_1_N008,BELMONT_1_N008,RTPD,MCE,LMP_ENE_PRC,BELMONT_1_N008,ALL,1,98.30543,2,3
2022-09-01T10:15:00-00:00,2022-09-01T10:30:00-00:00,2022-09-01,04,BELMONT_1_N008,BELMONT_1_N008,BELMONT_1_N008,RTPD,MCE,LMP_ENE_PRC,BELMONT_1_N008,ALL,1,97.00684,2,3
2022-09-01T11:15:00-00:00,2022-09-01T11:30:00-00:00,2022-09-01,05,BELMONT_1_N008,BELMONT_1_N008,BELMONT_1_N008,RTPD,MCE,LMP_ENE_PRC,BELMONT_1_N008,ALL,1,103.09059,2,3
2022-09-01T12:15:00-00:00,2022-09-01T12:30:00-00:00,2022-09-01,06,BELMONT_1_N008,BELMONT_1_N008,BELMONT_1_N008,RTPD,MCE,LMP_ENE_PRC,BELMONT_1_N008,ALL,1,109.32203,2,3
2022-09-01T13:15:00-00:00,2022-09-01T13:30:00-00:00,2022-09-01,07,BELMONT_1_N008,BELMONT_1_N008,BELMONT_1_N008,RTPD,MCE,LMP_ENE_PRC,BELMONT_1_N008,ALL,1,110.97827,2,3
2022-09-01T14:15:00-00:00,2022-09-01T14:30:00-00:00,2022-09-01,08,BELMONT_1_N008,BELMONT_1_N008,BELMONT_1_N008,RTPD,MCE,LMP_ENE_PRC,BELMONT_1_N008,ALL,1,104.78743,2,3
2022-09-01T15:15:00-00:00,2022-09-01T15:30:00-00:00,2022-09-01,09,BELMONT_1_N008,BELMONT_1_N008,BELMONT_1_N008,RTPD,MCE,LMP_ENE_PRC,BELMONT_1_N008,ALL,1,86.9388,2,3
2022-09-01T16:15:00-00:00,2022-09-01T16:30:00-00:00,2022-09-01,10,BELMONT_1_N008,BELMONT_1_N008,BELMONT_1_N008,RTPD,MCE,LMP_ENE_PRC,BELMONT_1_N008,ALL,1,89.44858,2,3
2022-09-01T17:15:00-00:00,2022-09-01T17:30:00-00:00,2022-09-01,11,BELMONT_1_N008,BELMONT_1_N008,BELMONT_1_N008,RTPD,MCE,LMP_ENE_PRC,BELMONT_1_N008,ALL,1,99.34673,2,3
2022-09-01T18:15:00-00:00,2022-09-01T18:30:00-00:00,2022-09-01,12,BELMONT_1_N008,BELMONT_1_N008,BELMONT_1_N008,RTPD,MCE,LMP_ENE_PRC,BELMONT_1_N008,ALL,1,101.15901,2,3
2022-09-01T19:15:00-00:00,2022-09-01T19:30:00-00:00,2022-09-01,13,BELMONT_1_N008,BELMONT_1_N008,BELMONT_1_N008,RTPD,MCE,LMP_ENE_PRC,BELMONT_1_N008,ALL,1,105.30588,2,3
2022-09-01T20:15:00-00:00,2022-09-01T20:30:00-00:00,2022-09-01,14,BELMONT_1_N008,BELMONT_1_N008,BELMONT_1_N008,RTPD,MCE,LMP_ENE_PRC,BELMONT_1_N008,ALL,1,117.49421,2,3
2022-09-01T21:15:00-00:00,2022-09-01T21:30:00-00:00,2022-09-01,15,BELMONT_1_N008,BELMONT_1_N008,BELMONT_1_N008,RTPD,MCE,LMP_ENE_PRC,BELMONT_1_N008,ALL,1,147.21185,2,3
2022-09-01T22:15:00-00:00,2022-09-01T22:30:00-00:00,2022-09-01,16,BELMONT_1_N008,BELMONT_1_N008,BELMONT_1_N008,RTPD,MCE,LMP_ENE_PRC,BELMONT_1_N008,ALL,1,256.58734,2,3
2022-09-01T23:15:00-00:00,2022-09-01T23:30:00-00:00,2022-09-01,17,BELMONT_1_N008,BELMONT_1_N008,BELMONT_1_N008,RTPD,MCE,LMP_ENE_PRC,BELMONT_1_N008,ALL,1,362.12408,2,3
2022-09-02T00:15:00-00:00,2022-09-02T00:30:00-00:00,2022-09-01,18,BELMONT_1_N008,BELMONT_1_N008,BELMONT_1_N008,RTPD,MCE,LMP_ENE_PRC,BELMONT_1_N008,ALL,1,691.2182,2,3
2022-09-02T01:15:00-00:00,2022-09-02T01:30:00-00:00,2022-09-01,19,BELMONT_1_N008,BELMONT_1_N008,BELMONT_1_N008,RTPD,MCE,LMP_ENE_PRC,BELMONT_1_N008,ALL,1,1999.9933,2,3
2022-09-02T02:15:00-00:00,2022-09-02T02:30:00-00:00,2022-09-01,20,BELMONT_1_N008,BELMONT_1_N008,BELMONT_1_N008,RTPD,MCE,LMP_ENE_PRC,BELMONT_1_N008,ALL,1,1991.6721,2,3
2022-09-02T03:15:00-00:00,2022-09-02T03:30:00-00:00,2022-09-01,21,BELMONT_1_N008,BELMONT_1_N008,BELMONT_1_N008,RTPD,MCE,LMP_ENE_PRC,BELMONT_1_N008,ALL,1,400.52884,2,3
2022-09-02T04:15:00-00:00,2022-09-02T04:30:00-00:00,2022-09-01,22,BELMONT_1_N008,BELMONT_1_N008,BELMONT_1_N008,RTPD,MCE,LMP_ENE_PRC,BELMONT_1_N008,ALL,1,224.75041,2,3
2022-09-02T05:15:00-00:00,2022-09-02T05:30:00-00:00,2022-09-01,23,BELMONT_1_N008,BELMONT_1_N008,BELMONT_1_N008,RTPD,MCE,LMP_ENE_PRC,BELMONT_1_N008,ALL,1,157.11986,2,3
2022-09-02T06:15:00-00:00,2022-09-02T06:30:00-00:00,2022-09-01,24,BELMONT_1_N008,BELMONT_1_N008,BELMONT_1_N008,RTPD,MCE,LMP_ENE_PRC,BELMONT_1_N008,ALL,1,143.1005,2,3
2022-09-01T07:30:00-00:00,2022-09-01T07:45:00-00:00,2022-09-01,01,BELMONT_1_N008,BELMONT_1_N008,BELMONT_1_N008,RTPD,MCE,LMP_ENE_PRC,BELMONT_1_N008,ALL,1,119.03196,3,3
2022-09-01T08:30:00-00:00,2022-09-01T08:45:00-00:00,2022-09-01,02,BELMONT_1_N008,BELMONT_1_N008,BELMONT_1_N008,RTPD,MCE,LMP_ENE_PRC,BELMONT_1_N008,ALL,1,111.11241,3,3
2022-09-01T09:30:00-00:00,2022-09-01T09:45:00-00:00,2022-09-01,03,BELMONT_1_N008,BELMONT_1_N008,BELMONT_1_N008,RTPD,MCE,LMP_ENE_PRC,BELMONT_1_N008,ALL,1,98.16228,3,3
2022-09-01T10:30:00-00:00,2022-09-01T10:45:00-00:00,2022-09-01,04,BELMONT_1_N008,BELMONT_1_N008,BELMONT_1_N008,RTPD,MCE,LMP_ENE_PRC,BELMONT_1_N008,ALL,1,96.36226,3,3
2022-09-01T11:30:00-00:00,2022-09-01T11:45:00-00:00,2022-09-01,05,BELMONT_1_N008,BELMONT_1_N008,BELMONT_1_N008,RTPD,MCE,LMP_ENE_PRC,BELMONT_1_N008,ALL,1,103.06198,3,3
2022-09-01T12:30:00-00:00,2022-09-01T12:45:00-00:00,2022-09-01,06,BELMONT_1_N008,BELMONT_1_N008,BELMONT_1_N008,RTPD,MCE,LMP_ENE_PRC,BELMONT_1_N008,ALL,1,113.57403,3,3
2022-09-01T13:30:00-00:00,2022-09-01T13:45:00-00:00,2022-09-01,07,BELMONT_1_N008,BELMONT_1_N008,BELMONT_1_N008,RTPD,MCE,LMP_ENE_PRC,BELMONT_1_N008,ALL,1,111.52025,3,3
2022-09-01T14:30:00-00:00,2022-09-01T14:45:00-00:00,2022-09-01,08,BELMONT_1_N008,BELMONT_1_N008,BELMONT_1_N008,RTPD,MCE,LMP_ENE_PRC,BELMONT_1_N008,ALL,1,101.83428,3,3
2022-09-01T15:30:00-00:00,2022-09-01T15:45:00-00:00,2022-09-01,09,BELMONT_1_N008,BELMONT_1_N008,BELMONT_1_N008,RTPD,MCE,LMP_ENE_PRC,BELMONT_1_N008,ALL,1,86.1388,3,3
2022-09-01T16:30:00-00:00,2022-09-01T16:45:00-00:00,2022-09-01,10,BELMONT_1_N008,BELMONT_1_N008,BELMONT_1_N008,RTPD,MCE,LMP_ENE_PRC,BELMONT_1_N008,ALL,1,88.79644,3,3
2022-09-01T17:30:00-00:00,2022-09-01T17:45:00-00:00,2022-09-01,11,BELMONT_1_N008,BELMONT_1_N008,BELMONT_1_N008,RTPD,MCE,LMP_ENE_PRC,BELMONT_1_N008,ALL,1,99.13013,3,3
2022-09-01T18:30:00-00:00,2022-09-01T18:45:00-00:00,2022-09-01,12,BELMONT_1_N008,BELMONT_1_N008,BELMONT_1_N008,RTPD,MCE,LMP_ENE_PRC,BELMONT_1_N008,ALL,1,107.05718,3,3
2022-09-01T19:30:00-00:00,2022-09-01T19:45:00-00:00,2022-09-01,13,BELMONT_1_N008,BELMONT_1_N008,BELMONT_1_N008,RTPD,MCE,LMP_ENE_PRC,BELMONT_1_N008,ALL,1,114.05905,3,3
2022-09-01T20:30:00-00:00,2022-09-01T20:45:00-00:00,2022-09-01,14,BELMONT_1_N008,BELMONT_1_N008,BELMONT_1_N008,RTPD,MCE,LMP_ENE_PRC,BELMONT_1_N008,ALL,1,129.81606,3,3
2022-09-01T21:30:00-00:00,2022-09-01T21:45:00-00:00,2022-09-01,15,BELMONT_1_N008,BELMONT_1_N008,BELMONT_1_N008,RTPD,MCE,LMP_ENE_PRC,BELMONT_1_N008,ALL,1,152.93057,3,3
2022-09-01T22:30:00-00:00,2022-09-01T22:45:00-00:00,2022-09-01,16,BELMONT_1_N008,BELMONT_1_N008,BELMONT_1_N008,RTPD,MCE,LMP_ENE_PRC,BELMONT_1_N008,ALL,1,283.18182,3,3
2022-09-01T23:30:00-00:00,2022-09-01T23:45:00-00:00,2022-09-01,17,BELMONT_1_N008,BELMONT_1_N008,BELMONT_1_N008,RTPD,MCE,LMP_ENE_PRC,BELMONT_1_N008,ALL,1,566.48157,3,3
2022-09-02T00:30:00-00:00,2022-09-02T00:45:00-00:00,2022-09-01,18,BELMONT_1_N008,BELMONT_1_N008,BELMONT_1_N008,RTPD,MCE,LMP_ENE_PRC,BELMONT_1_N008,ALL,1,1329.1127,3,3
2022-09-02T01:30:00-00:00,2022-09-02T01:45:00-00:00,2022-09-01,19,BELMONT_1_N008,BELMONT_1_N008,BELMONT_1_N008,RTPD,MCE,LMP_ENE_PRC,BELMONT_1_N008,ALL,1,1999.9956,3,3
2022-09-02T02:30:00-00:00,2022-09-02T02:45:00-00:00,2022-09-01,20,BELMONT_1_N008,BELMONT_1_N008,BELMONT_1_N008,RTPD,MCE,LMP_ENE_PRC,BELMONT_1_N008,ALL,1,1991.671,3,3
2022-09-02T03:30:00-00:00,2022-09-02T03:45:00-00:00,2022-09-01,21,BELMONT_1_N008,BELMONT_1_N008,BELMONT_1_N008,RTPD,MCE,LMP_ENE_PRC,BELMONT_1_N008,ALL,1,186.61823,3,3
2022-09-02T04:30:00-00:00,2022-09-02T04:45:00-00:00,2022-09-01,22,BELMONT_1_N008,BELMONT_1_N008,BELMONT_1_N008,RTPD,MCE,LMP_ENE_PRC,BELMONT_1_N008,ALL,1,180.67824,3,3
2022-09-02T05:30:00-00:00,2022-09-02T05:45:00-00:00,2022-09-01,23,BELMONT_1_N008,BELMONT_1_N008,BELMONT_1_N008,RTPD,MCE,LMP_ENE_PRC,BELMONT_1_N008,ALL,1,131.69917,3,3
2022-09-02T06:30:00-00:00,2022-09-02T06:45:00-00:00,2022-09-01,24,BELMONT_1_N008,BELMONT_1_N008,BELMONT_1_N008,RTPD,MCE,LMP_ENE_PRC,BELMONT_1_N008,ALL,1,128.9871,3,3
2022-09-01T07:45:00-00:00,2022-09-01T08:00:00-00:00,2022-09-01,01,BELMONT_1_N008,BELMONT_1_N008,BELMONT_1_N008,RTPD,MCE,LMP_ENE_PRC,BELMONT_1_N008,ALL,1,109.12099,4,3
2022-09-01T08:45:00-00:00,2022-09-01T09:00:00-00:00,2022-09-01,02,BELMONT_1_N008,BELMONT_1_N008,BELMONT_1_N008,RTPD,MCE,LMP_ENE_PRC,BELMONT_1_N008,ALL,1,98.7357,4,3
2022-09-01T09:45:00-00:00,2022-09-01T10:00:00-00:00,2022-09-01,03,BELMONT_1_N008,BELMONT_1_N008,BELMONT_1_N008,RTPD,MCE,LMP_ENE_PRC,BELMONT_1_N008,ALL,1,97.50475,4,3
2022-09-01T10:45:00-00:00,2022-09-01T11:00:00-00:00,2022-09-01,04,BELMONT_1_N008,BELMONT_1_N008,BELMONT_1_N008,RTPD,MCE,LMP_ENE_PRC,BELMONT_1_N008,ALL,1,94.71966,4,3
2022-09-01T11:45:00-00:00,2022-09-01T12:00:00-00:00,2022-09-01,05,BELMONT_1_N008,BELMONT_1_N008,BELMONT_1_N008,RTPD,MCE,LMP_ENE_PRC,BELMONT_1_N008,ALL,1,107.01,4,3
2022-09-01T12:45:00-00:00,2022-09-01T13:00:00-00:00,2022-09-01,06,BELMONT_1_N008,BELMONT_1_N008,BELMONT_1_N008,RTPD,MCE,LMP_ENE_PRC,BELMONT_1_N008,ALL,1,116.4848,4,3
2022-09-01T13:45:00-00:00,2022-09-01T14:00:00-00:00,2022-09-01,07,BELMONT_1_N008,BELMONT_1_N008,BELMONT_1_N008,RTPD,MCE,LMP_ENE_PRC,BELMONT_1_N008,ALL,1,111.41,4,3
2022-09-01T14:45:00-00:00,2022-09-01T15:00:00-00:00,2022-09-01,08,BELMONT_1_N008,BELMONT_1_N008,BELMONT_1_N008,RTPD,MCE,LMP_ENE_PRC,BELMONT_1_N008,ALL,1,86.1388,4,3
2022-09-01T15:45:00-00:00,2022-09-01T16:00:00-00:00,2022-09-01,09,BELMONT_1_N008,BELMONT_1_N008,BELMONT_1_N008,RTPD,MCE,LMP_ENE_PRC,BELMONT_1_N008,ALL,1,78.70076,4,3
2022-09-01T16:45:00-00:00,2022-09-01T17:00:00-00:00,2022-09-01,10,BELMONT_1_N008,BELMONT_1_N008,BELMONT_1_N008,RTPD,MCE,LMP_ENE_PRC,BELMONT_1_N008,ALL,1,91.24933,4,3
2022-09-01T17:45:00-00:00,2022-09-01T18:00:00-00:00,2022-09-01,11,BELMONT_1_N008,BELMONT_1_N008,BELMONT_1_N008,RTPD,MCE,LMP_ENE_PRC,BELMONT_1_N008,ALL,1,99.20544,4,3
2022-09-01T18:45:00-00:00,2022-09-01T19:00:00-00:00,2022-09-01,12,BELMONT_1_N008,BELMONT_1_N008,BELMONT_1_N008,RTPD,MCE,LMP_ENE_PRC,BELMONT_1_N008,ALL,1,109.04064,4,3
2022-09-01T19:45:00-00:00,2022-09-01T20:00:00-00:00,2022-09-01,13,BELMONT_1_N008,BELMONT_1_N008,BELMONT_1_N008,RTPD,MCE,LMP_ENE_PRC,BELMONT_1_N008,ALL,1,120.22491,4,3
2022-09-01T20:45:00-00:00,2022-09-01T21:00:00-00:00,2022-09-01,14,BELMONT_1_N008,BELMONT_1_N008,BELMONT_1_N008,RTPD,MCE,LMP_ENE_PRC,BELMONT_1_N008,ALL,1,154.02509,4,3
2022-09-01T21:45:00-00:00,2022-09-01T22:00:00-00:00,2022-09-01,15,BELMONT_1_N008,BELMONT_1_N008,BELMONT_1_N008,RTPD,MCE,LMP_ENE_PRC,BELMONT_1_N008,ALL,1,300.29376,4,3
2022-09-01T22:45:00-00:00,2022-09-01T23:00:00-00:00,2022-09-01,16,BELMONT_1_N008,BELMONT_1_N008,BELMONT_1_N008,RTPD,MCE,LMP_ENE_PRC,BELMONT_1_N008,ALL,1,429.9137,4,3
2022-09-01T23:45:00-00:00,2022-09-02T00:00:00-00:00,2022-09-01,17,BELMONT_1_N008,BELMONT_1_N008,BELMONT_1_N008,RTPD,MCE,LMP_ENE_PRC,BELMONT_1_N008,ALL,1,1261.2124,4,3
2022-09-02T00:45:00-00:00,2022-09-02T01:00:00-00:00,2022-09-01,18,BELMONT_1_N008,BELMONT_1_N008,BELMONT_1_N008,RTPD,MCE,LMP_ENE_PRC,BELMONT_1_N008,ALL,1,1519.149,4,3
2022-09-02T01:45:00-00:00,2022-09-02T02:00:00-00:00,2022-09-01,19,BELMONT_1_N008,BELMONT_1_N008,BELMONT_1_N008,RTPD,MCE,LMP_ENE_PRC,BELMONT_1_N008,ALL,1,1991.9337,4,3
2022-09-02T02:45:00-00:00,2022-09-02T03:00:00-00:00,2022-09-01,20,BELMONT_1_N008,BELMONT_1_N008,BELMONT_1_N008,RTPD,MCE,LMP_ENE_PRC,BELMONT_1_N008,ALL,1,1629.6213,4,3
2022-09-02T03:45:00-00:00,2022-09-02T04:00:00-00:00,2022-09-01,21,BELMONT_1_N008,BELMONT_1_N008,BELMONT_1_N008,RTPD,MCE,LMP_ENE_PRC,BELMONT_1_N008,ALL,1,141.13702,4,3
2022-09-02T04:45:00-00:00,2022-09-02T05:00:00-00:00,2022-09-01,22,BELMONT_1_N008,BELMONT_1_N008,BELMONT_1_N008,RTPD,MCE,LMP_ENE_PRC,BELMONT_1_N008,ALL,1,126.76372,4,3
2022-09-02T05:45:00-00:00,2022-09-02T06:00:00-00:00,2022-09-01,23,BELMONT_1_N008,BELMONT_1_N008,BELMONT_1_N008,RTPD,MCE,LMP_ENE_PRC,BELMONT_1_N008,ALL,1,119.00958,4,3
2022-09-02T06:45:00-00:00,2022-09-02T07:00:00-00:00,2022-09-01,24,BELMONT_1_N008,BELMONT_1_N008,BELMONT_1_N008,RTPD,MCE,LMP_ENE_PRC,BELMONT_1_N008,ALL,1,109.20324,4,3
2022-09-01T07:00:00-00:00,2022-09-01T07:15:00-00:00,2022-09-01,01,BELMONT_1_N008,BELMONT_1_N008,BELMONT_1_N008,RTPD,MCL,LMP_LOSS_PRC,BELMONT_1_N008,ALL,1,-4.27362,1,4
2022-09-01T08:00:00-00:00,2022-09-01T08:15:00-00:00,2022-09-01,02,BELMONT_1_N008,BELMONT_1_N008,BELMONT_1_N008,RTPD,MCL,LMP_LOSS_PRC,BELMONT_1_N008,ALL,1,0,1,4
2022-09-01T09:00:00-00:00,2022-09-01T09:15:00-00:00,2022-09-01,03,BELMONT_1_N008,BELMONT_1_N008,BELMONT_1_N008,RTPD,MCL,LMP_LOSS_PRC,BELMONT_1_N008,ALL,1,2.23397,1,4
2022-09-01T10:00:00-00:00,2022-09-01T10:15:00-00:00,2022-09-01,04,BELMONT_1_N008,BELMONT_1_N008,BELMONT_1_N008,RTPD,MCL,LMP_LOSS_PRC,BELMONT_1_N008,ALL,1,2.7028,1,4
2022-09-01T11:00:00-00:00,2022-09-01T11:15:00-00:00,2022-09-01,05,BELMONT_1_N008,BELMONT_1_N008,BELMONT_1_N008,RTPD,MCL,LMP_LOSS_PRC,BELMONT_1_N008,ALL,1,2.62576,1,4
2022-09-01T12:00:00-00:00,2022-09-01T12:15:00-00:00,2022-09-01,06,BELMONT_1_N008,BELMONT_1_N008,BELMONT_1_N008,RTPD,MCL,LMP_LOSS_PRC,BELMONT_1_N008,ALL,1,1.97693,1,4
2022-09-01T13:00:00-00:00,2022-09-01T13:15:00-00:00,2022-09-01,07,BELMONT_1_N008,BELMONT_1_N008,BELMONT_1_N008,RTPD,MCL,LMP_LOSS_PRC,BELMONT_1_N008,ALL,1,0,1,4
2022-09-01T14:00:00-00:00,2022-09-01T14:15:00-00:00,2022-09-01,08,BELMONT_1_N008,BELMONT_1_N008,BELMONT_1_N008,RTPD,MCL,LMP_LOSS_PRC,BELMONT_1_N008,ALL,1,5.01116,1,4
2022-09-01T15:00:00-00:00,2022-09-01T15:15:00-00:00,2022-09-01,09,BELMONT_1_N008,BELMONT_1_N008,BELMONT_1_N008,RTPD,MCL,LMP_LOSS_PRC,BELMONT_1_N008,ALL,1,0,1,4
2022-09-01T16:00:00-00:00,2022-09-01T16:15:00-00:00,2022-09-01,10,BELMONT_1_N008,BELMONT_1_N008,BELMONT_1_N008,RTPD,MCL,LMP_LOSS_PRC,BELMONT_1_N008,ALL,1,0,1,4
2022-09-01T17:00:00-00:00,2022-09-01T17:15:00-00:00,2022-09-01,11,BELMONT_1_N008,BELMONT_1_N008,BELMONT_1_N008,RTPD,MCL,LMP_LOSS_PRC,BELMONT_1_N008,ALL,1,0,1,4
2022-09-01T18:00:00-00:00,2022-09-01T18:15:00-00:00,2022-09-01,12,BELMONT_1_N008,BELMONT_1_N008,BELMONT_1_N008,RTPD,MCL,LMP_LOSS_PRC,BELMONT_1_N008,ALL,1,0,1,4
2022-09-01T19:00:00-00:00,2022-09-01T19:15:00-00:00,2022-09-01,13,BELMONT_1_N008,BELMONT_1_N008,BELMONT_1_N008,RTPD,MCL,LMP_LOSS_PRC,BELMONT_1_N008,ALL,1,0,1,4
2022-09-01T20:00:00-00:00,2022-09-01T20:15:00-00:00,2022-09-01,14,BELMONT_1_N008,BELMONT_1_N008,BELMONT_1_N008,RTPD,MCL,LMP_LOSS_PRC,BELMONT_1_N008,ALL,1,0,1,4
2022-09-01T21:00:00-00:00,2022-09-01T21:15:00-00:00,2022-09-01,15,BELMONT_1_N008,BELMONT_1_N008,BELMONT_1_N008,RTPD,MCL,LMP_LOSS_PRC,BELMONT_1_N008,ALL,1,0,1,4
2022-09-01T22:00:00-00:00,2022-09-01T22:15:00-00:00,2022-09-01,16,BELMONT_1_N008,BELMONT_1_N008,BELMONT_1_N008,RTPD,MCL,LMP_LOSS_PRC,BELMONT_1_N008,ALL,1,0,1,4
2022-09-01T23:00:00-00:00,2022-09-01T23:15:00-00:00,2022-09-01,17,BELMONT_1_N008,BELMONT_1_N008,BELMONT_1_N008,RTPD,MCL,LMP_LOSS_PRC,BELMONT_1_N008,ALL,1,0,1,4
2022-09-02T00:00:00-00:00,2022-09-02T00:15:00-00:00,2022-09-01,18,BELMONT_1_N008,BELMONT_1_N008,BELMONT_1_N008,RTPD,MCL,LMP_LOSS_PRC,BELMONT_1_N008,ALL,1,61.1071,1,4
2022-09-02T01:00:00-00:00,2022-09-02T01:15:00-00:00,2022-09-01,19,BELMONT_1_N008,BELMONT_1_N008,BELMONT_1_N008,RTPD,MCL,LMP_LOSS_PRC,BELMONT_1_N008,ALL,1,0,1,4
2022-09-02T02:00:00-00:00,2022-09-02T02:15:00-00:00,2022-09-01,20,BELMONT_1_N008,BELMONT_1_N008,BELMONT_1_N008,RTPD,MCL,LMP_LOSS_PRC,BELMONT_1_N008,ALL,1,0,1,4
2022-09-02T03:00:00-00:00,2022-09-02T03:15:00-00:00,2022-09-01,21,BELMONT_1_N008,BELMONT_1_N008,BELMONT_1_N008,RTPD,MCL,LMP_LOSS_PRC,BELMONT_1_N008,ALL,1,60.19133,1,4
2022-09-02T04:00:00-00:00,2022-09-02T04:15:00-00:00,2022-09-01,22,BELMONT_1_N008,BELMONT_1_N008,BELMONT_1_N008,RTPD,MCL,LMP_LOSS_PRC,BELMONT_1_N008,ALL,1,11.93753,1,4
2022-09-02T05:00:00-00:00,2022-09-02T05:15:00-00:00,2022-09-01,23,BELMONT_1_N008,BELMONT_1_N008,BELMONT_1_N008,RTPD,MCL,LMP_LOSS_PRC,BELMONT_1_N008,ALL,1,7.40316,1,4
2022-09-02T06:00:00-00:00,2022-09-02T06:15:00-00:00,2022-09-01,24,BELMONT_1_N008,BELMONT_1_N008,BELMONT_1_N008,RTPD,MCL,LMP_LOSS_PRC,BELMONT_1_N008,ALL,1,4.97254,1,4
2022-09-01T07:15:00-00:00,2022-09-01T07:30:00-00:00,2022-09-01,01,BELMONT_1_N008,BELMONT_1_N008,BELMONT_1_N008,RTPD,MCL,LMP_LOSS_PRC,BELMONT_1_N008,ALL,1,0,2,4
2022-09-01T08:15:00-00:00,2022-09-01T08:30:00-00:00,2022-09-01,02,BELMONT_1_N008,BELMONT_1_N008,BELMONT_1_N008,RTPD,MCL,LMP_LOSS_PRC,BELMONT_1_N008,ALL,1,0,2,4
2022-09-01T09:15:00-00:00,2022-09-01T09:30:00-00:00,2022-09-01,03,BELMONT_1_N008,BELMONT_1_N008,BELMONT_1_N008,RTPD,MCL,LMP_LOSS_PRC,BELMONT_1_N008,ALL,1,2.21187,2,4
2022-09-01T10:15:00-00:00,2022-09-01T10:30:00-00:00,2022-09-01,04,BELMONT_1_N008,BELMONT_1_N008,BELMONT_1_N008,RTPD,MCL,LMP_LOSS_PRC,BELMONT_1_N008,ALL,1,2.67739,2,4
2022-09-01T11:15:00-00:00,2022-09-01T11:30:00-00:00,2022-09-01,05,BELMONT_1_N008,BELMONT_1_N008,BELMONT_1_N008,RTPD,MCL,LMP_LOSS_PRC,BELMONT_1_N008,ALL,1,2.60819,2,4
2022-09-01T12:15:00-00:00,2022-09-01T12:30:00-00:00,2022-09-01,06,BELMONT_1_N008,BELMONT_1_N008,BELMONT_1_N008,RTPD,MCL,LMP_LOSS_PRC,BELMONT_1_N008,ALL,1,2.51441,2,4
2022-09-01T13:15:00-00:00,2022-09-01T13:30:00-00:00,2022-09-01,07,BELMONT_1_N008,BELMONT_1_N008,BELMONT_1_N008,RTPD,MCL,LMP_LOSS_PRC,BELMONT_1_N008,ALL,1,2.86324,2,4
2022-09-01T14:15:00-00:00,2022-09-01T14:30:00-00:00,2022-09-01,08,BELMONT_1_N008,BELMONT_1_N008,BELMONT_1_N008,RTPD,MCL,LMP_LOSS_PRC,BELMONT_1_N008,ALL,1,4.55825,2,4
2022-09-01T15:15:00-00:00,2022-09-01T15:30:00-00:00,2022-09-01,09,BELMONT_1_N008,BELMONT_1_N008,BELMONT_1_N008,RTPD,MCL,LMP_LOSS_PRC,BELMONT_1_N008,ALL,1,0,2,4
2022-09-01T16:15:00-00:00,2022-09-01T16:30:00-00:00,2022-09-01,10,BELMONT_1_N008,BELMONT_1_N008,BELMONT_1_N008,RTPD,MCL,LMP_LOSS_PRC,BELMONT_1_N008,ALL,1,0,2,4
2022-09-01T17:15:00-00:00,2022-09-01T17:30:00-00:00,2022-09-01,11,BELMONT_1_N008,BELMONT_1_N008,BELMONT_1_N008,RTPD,MCL,LMP_LOSS_PRC,BELMONT_1_N008,ALL,1,0,2,4
2022-09-01T18:15:00-00:00,2022-09-01T18:30:00-00:00,2022-09-01,12,BELMONT_1_N008,BELMONT_1_N008,BELMONT_1_N008,RTPD,MCL,LMP_LOSS_PRC,BELMONT_1_N008,ALL,1,0,2,4
2022-09-01T19:15:00-00:00,2022-09-01T19:30:00-00:00,2022-09-01,13,BELMONT_1_N008,BELMONT_1_N008,BELMONT_1_N008,RTPD,MCL,LMP_LOSS_PRC,BELMONT_1_N008,ALL,1,0,2,4
2022-09-01T20:15:00-00:00,2022-09-01T20:30:00-00:00,2022-09-01,14,BELMONT_1_N008,BELMONT_1_N008,BELMONT_1_N008,RTPD,MCL,LMP_LOSS_PRC,BELMONT_1_N008,ALL,1,0,2,4
2022-09-01T21:15:00-00:00,2022-09-01T21:30:00-00:00,2022-09-01,15,BELMONT_1_N008,BELMONT_1_N008,BELMONT_1_N008,RTPD,MCL,LMP_LOSS_PRC,BELMONT_1_N008,ALL,1,0,2,4
2022-09-01T22:15:00-00:00,2022-09-01T22:30:00-00:00,2022-09-01,16,BELMONT_1_N008,BELMONT_1_N008,BELMONT_1_N008,RTPD,MCL,LMP_LOSS_PRC,BELMONT_1_N008,ALL,1,0,2,4
2022-09-01T23:15:00-00:00,2022-09-01T23:30:00-00:00,2022-09-01,17,BELMONT_1_N008,BELMONT_1_N008,BELMONT_1_N008,RTPD,MCL,LMP_LOSS_PRC,BELMONT_1_N008,ALL,1,0,2,4
2022-09-02T00:15:00-00:00,2022-09-02T00:30:00-00:00,2022-09-01,18,BELMONT_1_N008,BELMONT_1_N008,BELMONT_1_N008,RTPD,MCL,LMP_LOSS_PRC,BELMONT_1_N008,ALL,1,53.77678,2,4
2022-09-02T01:15:00-00:00,2022-09-02T01:30:00-00:00,2022-09-01,19,BELMONT_1_N008,BELMONT_1_N008,BELMONT_1_N008,RTPD,MCL,LMP_LOSS_PRC,BELMONT_1_N008,ALL,1,0,2,4
2022-09-02T02:15:00-00:00,2022-09-02T02:30:00-00:00,2022-09-01,20,BELMONT_1_N008,BELMONT_1_N008,BELMONT_1_N008,RTPD,MCL,LMP_LOSS_PRC,BELMONT_1_N008,ALL,1,0,2,4
2022-09-02T03:15:00-00:00,2022-09-02T03:30:00-00:00,2022-09-01,21,BELMONT_1_N008,BELMONT_1_N008,BELMONT_1_N008,RTPD,MCL,LMP_LOSS_PRC,BELMONT_1_N008,ALL,1,25.79406,2,4
2022-09-02T04:15:00-00:00,2022-09-02T04:30:00-00:00,2022-09-01,22,BELMONT_1_N008,BELMONT_1_N008,BELMONT_1_N008,RTPD,MCL,LMP_LOSS_PRC,BELMONT_1_N008,ALL,1,9.84407,2,4
2022-09-02T05:15:00-00:00,2022-09-02T05:30:00-00:00,2022-09-01,23,BELMONT_1_N008,BELMONT_1_N008,BELMONT_1_N008,RTPD,MCL,LMP_LOSS_PRC,BELMONT_1_N008,ALL,1,5.67203,2,4
2022-09-02T06:15:00-00:00,2022-09-02T06:30:00-00:00,2022-09-01,24,BELMONT_1_N008,BELMONT_1_N008,BELMONT_1_N008,RTPD,MCL,LMP_LOSS_PRC,BELMONT_1_N008,ALL,1,3.24838,2,4
2022-09-01T07:30:00-00:00,2022-09-01T07:45:00-00:00,2022-09-01,01,BELMONT_1_N008,BELMONT_1_N008,BELMONT_1_N008,RTPD,MCL,LMP_LOSS_PRC,BELMONT_1_N008,ALL,1,0,3,4
2022-09-01T08:30:00-00:00,2022-09-01T08:45:00-00:00,2022-09-01,02,BELMONT_1_N008,BELMONT_1_N008,BELMONT_1_N008,RTPD,MCL,LMP_LOSS_PRC,BELMONT_1_N008,ALL,1,2.70003,3,4
2022-09-01T09:30:00-00:00,2022-09-01T09:45:00-00:00,2022-09-01,03,BELMONT_1_N008,BELMONT_1_N008,BELMONT_1_N008,RTPD,MCL,LMP_LOSS_PRC,BELMONT_1_N008,ALL,1,2.02214,3,4
2022-09-01T10:30:00-00:00,2022-09-01T10:45:00-00:00,2022-09-01,04,BELMONT_1_N008,BELMONT_1_N008,BELMONT_1_N008,RTPD,MCL,LMP_LOSS_PRC,BELMONT_1_N008,ALL,1,2.73669,3,4
2022-09-01T11:30:00-00:00,2022-09-01T11:45:00-00:00,2022-09-01,05,BELMONT_1_N008,BELMONT_1_N008,BELMONT_1_N008,RTPD,MCL,LMP_LOSS_PRC,BELMONT_1_N008,ALL,1,2.75175,3,4
2022-09-01T12:30:00-00:00,2022-09-01T12:45:00-00:00,2022-09-01,06,BELMONT_1_N008,BELMONT_1_N008,BELMONT_1_N008,RTPD,MCL,LMP_LOSS_PRC,BELMONT_1_N008,ALL,1,2.72578,3,4
2022-09-01T13:30:00-00:00,2022-09-01T13:45:00-00:00,2022-09-01,07,BELMONT_1_N008,BELMONT_1_N008,BELMONT_1_N008,RTPD,MCL,LMP_LOSS_PRC,BELMONT_1_N008,ALL,1,3.14487,3,4
2022-09-01T14:30:00-00:00,2022-09-01T14:45:00-00:00,2022-09-01,08,BELMONT_1_N008,BELMONT_1_N008,BELMONT_1_N008,RTPD,MCL,LMP_LOSS_PRC,BELMONT_1_N008,ALL,1,4.71493,3,4
2022-09-01T15:30:00-00:00,2022-09-01T15:45:00-00:00,2022-09-01,09,BELMONT_1_N008,BELMONT_1_N008,BELMONT_1_N008,RTPD,MCL,LMP_LOSS_PRC,BELMONT_1_N008,ALL,1,0,3,4
2022-09-01T16:30:00-00:00,2022-09-01T16:45:00-00:00,2022-09-01,10,BELMONT_1_N008,BELMONT_1_N008,BELMONT_1_N008,RTPD,MCL,LMP_LOSS_PRC,BELMONT_1_N008,ALL,1,0,3,4
2022-09-01T17:30:00-00:00,2022-09-01T17:45:00-00:00,2022-09-01,11,BELMONT_1_N008,BELMONT_1_N008,BELMONT_1_N008,RTPD,MCL,LMP_LOSS_PRC,BELMONT_1_N008,ALL,1,0,3,4
2022-09-01T18:30:00-00:00,2022-09-01T18:45:00-00:00,2022-09-01,12,BELMONT_1_N008,BELMONT_1_N008,BELMONT_1_N008,RTPD,MCL,LMP_LOSS_PRC,BELMONT_1_N008,ALL,1,0,3,4
2022-09-01T19:30:00-00:00,2022-09-01T19:45:00-00:00,2022-09-01,13,BELMONT_1_N008,BELMONT_1_N008,BELMONT_1_N008,RTPD,MCL,LMP_LOSS_PRC,BELMONT_1_N008,ALL,1,0,3,4
2022-09-01T20:30:00-00:00,2022-09-01T20:45:00-00:00,2022-09-01,14,BELMONT_1_N008,BELMONT_1_N008,BELMONT_1_N008,RTPD,MCL,LMP_LOSS_PRC,BELMONT_1_N008,ALL,1,0,3,4
2022-09-01T21:30:00-00:00,2022-09-01T21:45:00-00:00,2022-09-01,15,BELMONT_1_N008,BELMONT_1_N008,BELMONT_1_N008,RTPD,MCL,LMP_LOSS_PRC,BELMONT_1_N008,ALL,1,0,3,4
2022-09-01T22:30:00-00:00,2022-09-01T22:45:00-00:00,2022-09-01,16,BELMONT_1_N008,BELMONT_1_N008,BELMONT_1_N008,RTPD,MCL,LMP_LOSS_PRC,BELMONT_1_N008,ALL,1,0,3,4
2022-09-01T23:30:00-00:00,2022-09-01T23:45:00-00:00,2022-09-01,17,BELMONT_1_N008,BELMONT_1_N008,BELMONT_1_N008,RTPD,MCL,LMP_LOSS_PRC,BELMONT_1_N008,ALL,1,0,3,4
2022-09-02T00:30:00-00:00,2022-09-02T00:45:00-00:00,2022-09-01,18,BELMONT_1_N008,BELMONT_1_N008,BELMONT_1_N008,RTPD,MCL,LMP_LOSS_PRC,BELMONT_1_N008,ALL,1,0,3,4
2022-09-02T01:30:00-00:00,2022-09-02T01:45:00-00:00,2022-09-01,19,BELMONT_1_N008,BELMONT_1_N008,BELMONT_1_N008,RTPD,MCL,LMP_LOSS_PRC,BELMONT_1_N008,ALL,1,0,3,4
2022-09-02T02:30:00-00:00,2022-09-02T02:45:00-00:00,2022-09-01,20,BELMONT_1_N008,BELMONT_1_N008,BELMONT_1_N008,RTPD,MCL,LMP_LOSS_PRC,BELMONT_1_N008,ALL,1,0,3,4
2022-09-02T03:30:00-00:00,2022-09-02T03:45:00-00:00,2022-09-01,21,BELMONT_1_N008,BELMONT_1_N008,BELMONT_1_N008,RTPD,MCL,LMP_LOSS_PRC,BELMONT_1_N008,ALL,1,11.88758,3,4
2022-09-02T04:30:00-00:00,2022-09-02T04:45:00-00:00,2022-09-01,22,BELMONT_1_N008,BELMONT_1_N008,BELMONT_1_N008,RTPD,MCL,LMP_LOSS_PRC,BELMONT_1_N008,ALL,1,5.94431,3,4
2022-09-02T05:30:00-00:00,2022-09-02T05:45:00-00:00,2022-09-01,23,BELMONT_1_N008,BELMONT_1_N008,BELMONT_1_N008,RTPD,MCL,LMP_LOSS_PRC,BELMONT_1_N008,ALL,1,4.30656,3,4
2022-09-02T06:30:00-00:00,2022-09-02T06:45:00-00:00,2022-09-01,24,BELMONT_1_N008,BELMONT_1_N008,BELMONT_1_N008,RTPD,MCL,LMP_LOSS_PRC,BELMONT_1_N008,ALL,1,3.79222,3,4
2022-09-01T07:45:00-00:00,2022-09-01T08:00:00-00:00,2022-09-01,01,BELMONT_1_N008,BELMONT_1_N008,BELMONT_1_N008,RTPD,MCL,LMP_LOSS_PRC,BELMONT_1_N008,ALL,1,0,4,4
2022-09-01T08:45:00-00:00,2022-09-01T09:00:00-00:00,2022-09-01,02,BELMONT_1_N008,BELMONT_1_N008,BELMONT_1_N008,RTPD,MCL,LMP_LOSS_PRC,BELMONT_1_N008,ALL,1,2.25117,4,4
2022-09-01T09:45:00-00:00,2022-09-01T10:00:00-00:00,2022-09-01,03,BELMONT_1_N008,BELMONT_1_N008,BELMONT_1_N008,RTPD,MCL,LMP_LOSS_PRC,BELMONT_1_N008,ALL,1,1.9891,4,4
2022-09-01T10:45:00-00:00,2022-09-01T11:00:00-00:00,2022-09-01,04,BELMONT_1_N008,BELMONT_1_N008,BELMONT_1_N008,RTPD,MCL,LMP_LOSS_PRC,BELMONT_1_N008,ALL,1,2.58585,4,4
2022-09-01T11:45:00-00:00,2022-09-01T12:00:00-00:00,2022-09-01,05,BELMONT_1_N008,BELMONT_1_N008,BELMONT_1_N008,RTPD,MCL,LMP_LOSS_PRC,BELMONT_1_N008,ALL,1,0,4,4
2022-09-01T12:45:00-00:00,2022-09-01T13:00:00-00:00,2022-09-01,06,BELMONT_1_N008,BELMONT_1_N008,BELMONT_1_N008,RTPD,MCL,LMP_LOSS_PRC,BELMONT_1_N008,ALL,1,0,4,4
2022-09-01T13:45:00-00:00,2022-09-01T14:00:00-00:00,2022-09-01,07,BELMONT_1_N008,BELMONT_1_N008,BELMONT_1_N008,RTPD,MCL,LMP_LOSS_PRC,BELMONT_1_N008,ALL,1,0,4,4
2022-09-01T14:45:00-00:00,2022-09-01T15:00:00-00:00,2022-09-01,08,BELMONT_1_N008,BELMONT_1_N008,BELMONT_1_N008,RTPD,MCL,LMP_LOSS_PRC,BELMONT_1_N008,ALL,1,0,4,4
2022-09-01T15:45:00-00:00,2022-09-01T16:00:00-00:00,2022-09-01,09,BELMONT_1_N008,BELMONT_1_N008,BELMONT_1_N008,RTPD,MCL,LMP_LOSS_PRC,BELMONT_1_N008,ALL,1,0,4,4
2022-09-01T16:45:00-00:00,2022-09-01T17:00:00-00:00,2022-09-01,10,BELMONT_1_N008,BELMONT_1_N008,BELMONT_1_N008,RTPD,MCL,LMP_LOSS_PRC,BELMONT_1_N008,ALL,1,0,4,4
2022-09-01T17:45:00-00:00,2022-09-01T18:00:00-00:00,2022-09-01,11,BELMONT_1_N008,BELMONT_1_N008,BELMONT_1_N008,RTPD,MCL,LMP_LOSS_PRC,BELMONT_1_N008,ALL,1,0,4,4
2022-09-01T18:45:00-00:00,2022-09-01T19:00:00-00:00,2022-09-01,12,BELMONT_1_N008,BELMONT_1_N008,BELMONT_1_N008,RTPD,MCL,LMP_LOSS_PRC,BELMONT_1_N008,ALL,1,0,4,4
2022-09-01T19:45:00-00:00,2022-09-01T20:00:00-00:00,2022-09-01,13,BELMONT_1_N008,BELMONT_1_N008,BELMONT_1_N008,RTPD,MCL,LMP_LOSS_PRC,BELMONT_1_N008,ALL,1,0,4,4
2022-09-01T20:45:00-00:00,2022-09-01T21:00:00-00:00,2022-09-01,14,BELMONT_1_N008,BELMONT_1_N008,BELMONT_1_N008,RTPD,MCL,LMP_LOSS_PRC,BELMONT_1_N008,ALL,1,0,4,4
2022-09-01T21:45:00-00:00,2022-09-01T22:00:00-00:00,2022-09-01,15,BELMONT_1_N008,BELMONT_1_N008,BELMONT_1_N008,RTPD,MCL,LMP_LOSS_PRC,BELMONT_1_N008,ALL,1,0,4,4
2022-09-01T22:45:00-00:00,2022-09-01T23:00:00-00:00,2022-09-01,16,BELMONT_1_N008,BELMONT_1_N008,BELMONT_1_N008,RTPD,MCL,LMP_LOSS_PRC,BELMONT_1_N008,ALL,1,0,4,4
2022-09-01T23:45:00-00:00,2022-09-02T00:00:00-00:00,2022-09-01,17,BELMONT_1_N008,BELMONT_1_N008,BELMONT_1_N008,RTPD,MCL,LMP_LOSS_PRC,BELMONT_1_N008,ALL,1,0,4,4
2022-09-02T00:45:00-00:00,2022-09-02T01:00:00-00:00,2022-09-01,18,BELMONT_1_N008,BELMONT_1_N008,BELMONT_1_N008,RTPD,MCL,LMP_LOSS_PRC,BELMONT_1_N008,ALL,1,0,4,4
2022-09-02T01:45:00-00:00,2022-09-02T02:00:00-00:00,2022-09-01,19,BELMONT_1_N008,BELMONT_1_N008,BELMONT_1_N008,RTPD,MCL,LMP_LOSS_PRC,BELMONT_1_N008,ALL,1,0,4,4
2022-09-02T02:45:00-00:00,2022-09-02T03:00:00-00:00,2022-09-01,20,BELMONT_1_N008,BELMONT_1_N008,BELMONT_1_N008,RTPD,MCL,LMP_LOSS_PRC,BELMONT_1_N008,ALL,1,122.54753,4,4
2022-09-02T03:45:00-00:00,2022-09-02T04:00:00-00:00,2022-09-01,21,BELMONT_1_N008,BELMONT_1_N008,BELMONT_1_N008,RTPD,MCL,LMP_LOSS_PRC,BELMONT_1_N008,ALL,1,7.73431,4,4
2022-09-02T04:45:00-00:00,2022-09-02T05:00:00-00:00,2022-09-01,22,BELMONT_1_N008,BELMONT_1_N008,BELMONT_1_N008,RTPD,MCL,LMP_LOSS_PRC,BELMONT_1_N008,ALL,1,4.42405,4,4
2022-09-02T05:45:00-00:00,2022-09-02T06:00:00-00:00,2022-09-01,23,BELMONT_1_N008,BELMONT_1_N008,BELMONT_1_N008,RTPD,MCL,LMP_LOSS_PRC,BELMONT_1_N008,ALL,1,3.82021,4,4
2022-09-02T06:45:00-00:00,2022-09-02T07:00:00-00:00,2022-09-01,24,BELMONT_1_N008,BELMONT_1_N008,BELMONT_1_N008,RTPD,MCL,LMP_LOSS_PRC,BELMONT_1_N008,ALL,1,3.51634,4,4
2022-09-01T07:00:00-00:00,2022-09-01T07:15:00-00:00,2022-09-01,01,BELMONT_1_N008,BELMONT_1_N008,BELMONT_1_N008,RTPD,MGHG,LMP_GHG_PRC,BELMONT_1_N008,ALL,1,0,1,5
2022-09-01T08:00:00-00:00,2022-09-01T08:15:00-00:00,2022-09-01,02,BELMONT_1_N008,BELMONT_1_N008,BELMONT_1_N008,RTPD,MGHG,LMP_GHG_PRC,BELMONT_1_N008,ALL,1,0,1,5
2022-09-01T09:00:00-00:00,2022-09-01T09:15:00-00:00,2022-09-01,03,BELMONT_1_N008,BELMONT_1_N008,BELMONT_1_N008,RTPD,MGHG,LMP_GHG_PRC,BELMONT_1_N008,ALL,1,0,1,5
2022-09-01T10:00:00-00:00,2022-09-01T10:15:00-00:00,2022-09-01,04,BELMONT_1_N008,BELMONT_1_N008,BELMONT_1_N008,RTPD,MGHG,LMP_GHG_PRC,BELMONT_1_N008,ALL,1,0,1,5
2022-09-01T11:00:00-00:00,2022-09-01T11:15:00-00:00,2022-09-01,05,BELMONT_1_N008,BELMONT_1_N008,BELMONT_1_N008,RTPD,MGHG,LMP_GHG_PRC,BELMONT_1_N008,ALL,1,0,1,5
2022-09-01T12:00:00-00:00,2022-09-01T12:15:00-00:00,2022-09-01,06,BELMONT_1_N008,BELMONT_1_N008,BELMONT_1_N008,RTPD,MGHG,LMP_GHG_PRC,BELMONT_1_N008,ALL,1,0,1,5
2022-09-01T13:00:00-00:00,2022-09-01T13:15:00-00:00,2022-09-01,07,BELMONT_1_N008,BELMONT_1_N008,BELMONT_1_N008,RTPD,MGHG,LMP_GHG_PRC,BELMONT_1_N008,ALL,1,0,1,5
2022-09-01T14:00:00-00:00,2022-09-01T14:15:00-00:00,2022-09-01,08,BELMONT_1_N008,BELMONT_1_N008,BELMONT_1_N008,RTPD,MGHG,LMP_GHG_PRC,BELMONT_1_N008,ALL,1,0,1,5
2022-09-01T15:00:00-00:00,2022-09-01T15:15:00-00:00,2022-09-01,09,BELMONT_1_N008,BELMONT_1_N008,BELMONT_1_N008,RTPD,MGHG,LMP_GHG_PRC,BELMONT_1_N008,ALL,1,0,1,5
2022-09-01T16:00:00-00:00,2022-09-01T16:15:00-00:00,2022-09-01,10,BELMONT_1_N008,BELMONT_1_N008,BELMONT_1_N008,RTPD,MGHG,LMP_GHG_PRC,BELMONT_1_N008,ALL,1,0,1,5
2022-09-01T17:00:00-00:00,2022-09-01T17:15:00-00:00,2022-09-01,11,BELMONT_1_N008,BELMONT_1_N008,BELMONT_1_N008,RTPD,MGHG,LMP_GHG_PRC,BELMONT_1_N008,ALL,1,0,1,5
2022-09-01T18:00:00-00:00,2022-09-01T18:15:00-00:00,2022-09-01,12,BELMONT_1_N008,BELMONT_1_N008,BELMONT_1_N008,RTPD,MGHG,LMP_GHG_PRC,BELMONT_1_N008,ALL,1,0,1,5
2022-09-01T19:00:00-00:00,2022-09-01T19:15:00-00:00,2022-09-01,13,BELMONT_1_N008,BELMONT_1_N008,BELMONT_1_N008,RTPD,MGHG,LMP_GHG_PRC,BELMONT_1_N008,ALL,1,0,1,5
2022-09-01T20:00:00-00:00,2022-09-01T20:15:00-00:00,2022-09-01,14,BELMONT_1_N008,BELMONT_1_N008,BELMONT_1_N008,RTPD,MGHG,LMP_GHG_PRC,BELMONT_1_N008,ALL,1,0,1,5
2022-09-01T21:00:00-00:00,2022-09-01T21:15:00-00:00,2022-09-01,15,BELMONT_1_N008,BELMONT_1_N008,BELMONT_1_N008,RTPD,MGHG,LMP_GHG_PRC,BELMONT_1_N008,ALL,1,0,1,5
2022-09-01T22:00:00-00:00,2022-09-01T22:15:00-00:00,2022-09-01,16,BELMONT_1_N008,BELMONT_1_N008,BELMONT_1_N008,RTPD,MGHG,LMP_GHG_PRC,BELMONT_1_N008,ALL,1,0,1,5
2022-09-01T23:00:00-00:00,2022-09-01T23:15:00-00:00,2022-09-01,17,BELMONT_1_N008,BELMONT_1_N008,BELMONT_1_N008,RTPD,MGHG,LMP_GHG_PRC,BELMONT_1_N008,ALL,1,0,1,5
2022-09-02T00:00:00-00:00,2022-09-02T00:15:00-00:00,2022-09-01,18,BELMONT_1_N008,BELMONT_1_N008,BELMONT_1_N008,RTPD,MGHG,LMP_GHG_PRC,BELMONT_1_N008,ALL,1,0,1,5
2022-09-02T01:00:00-00:00,2022-09-02T01:15:00-00:00,2022-09-01,19,BELMONT_1_N008,BELMONT_1_N008,BELMONT_1_N008,RTPD,MGHG,LMP_GHG_PRC,BELMONT_1_N008,ALL,1,0,1,5
2022-09-02T02:00:00-00:00,2022-09-02T02:15:00-00:00,2022-09-01,20,BELMONT_1_N008,BELMONT_1_N008,BELMONT_1_N008,RTPD,MGHG,LMP_GHG_PRC,BELMONT_1_N008,ALL,1,0,1,5
2022-09-02T03:00:00-00:00,2022-09-02T03:15:00-00:00,2022-09-01,21,BELMONT_1_N008,BELMONT_1_N008,BELMONT_1_N008,RTPD,MGHG,LMP_GHG_PRC,BELMONT_1_N008,ALL,1,0,1,5
2022-09-02T04:00:00-00:00,2022-09-02T04:15:00-00:00,2022-09-01,22,BELMONT_1_N008,BELMONT_1_N008,BELMONT_1_N008,RTPD,MGHG,LMP_GHG_PRC,BELMONT_1_N008,ALL,1,0,1,5
2022-09-02T05:00:00-00:00,2022-09-02T05:15:00-00:00,2022-09-01,23,BELMONT_1_N008,BELMONT_1_N008,BELMONT_1_N008,RTPD,MGHG,LMP_GHG_PRC,BELMONT_1_N008,ALL,1,0,1,5
2022-09-02T06:00:00-00:00,2022-09-02T06:15:00-00:00,2022-09-01,24,BELMONT_1_N008,BELMONT_1_N008,BELMONT_1_N008,RTPD,MGHG,LMP_GHG_PRC,BELMONT_1_N008,ALL,1,0,1,5
2022-09-01T07:15:00-00:00,2022-09-01T07:30:00-00:00,2022-09-01,01,BELMONT_1_N008,BELMONT_1_N008,BELMONT_1_N008,RTPD,MGHG,LMP_GHG_PRC,BELMONT_1_N008,ALL,1,0,2,5
2022-09-01T08:15:00-00:00,2022-09-01T08:30:00-00:00,2022-09-01,02,BELMONT_1_N008,BELMONT_1_N008,BELMONT_1_N008,RTPD,MGHG,LMP_GHG_PRC,BELMONT_1_N008,ALL,1,0,2,5
2022-09-01T09:15:00-00:00,2022-09-01T09:30:00-00:00,2022-09-01,03,BELMONT_1_N008,BELMONT_1_N008,BELMONT_1_N008,RTPD,MGHG,LMP_GHG_PRC,BELMONT_1_N008,ALL,1,0,2,5
2022-09-01T10:15:00-00:00,2022-09-01T10:30:00-00:00,2022-09-01,04,BELMONT_1_N008,BELMONT_1_N008,BELMONT_1_N008,RTPD,MGHG,LMP_GHG_PRC,BELMONT_1_N008,ALL,1,0,2,5
2022-09-01T11:15:00-00:00,2022-09-01T11:30:00-00:00,2022-09-01,05,BELMONT_1_N008,BELMONT_1_N008,BELMONT_1_N008,RTPD,MGHG,LMP_GHG_PRC,BELMONT_1_N008,ALL,1,0,2,5
2022-09-01T12:15:00-00:00,2022-09-01T12:30:00-00:00,2022-09-01,06,BELMONT_1_N008,BELMONT_1_N008,BELMONT_1_N008,RTPD,MGHG,LMP_GHG_PRC,BELMONT_1_N008,ALL,1,0,2,5
2022-09-01T13:15:00-00:00,2022-09-01T13:30:00-00:00,2022-09-01,07,BELMONT_1_N008,BELMONT_1_N008,BELMONT_1_N008,RTPD,MGHG,LMP_GHG_PRC,BELMONT_1_N008,ALL,1,0,2,5
2022-09-01T14:15:00-00:00,2022-09-01T14:30:00-00:00,2022-09-01,08,BELMONT_1_N008,BELMONT_1_N008,BELMONT_1_N008,RTPD,MGHG,LMP_GHG_PRC,BELMONT_1_N008,ALL,1,0,2,5
2022-09-01T15:15:00-00:00,2022-09-01T15:30:00-00:00,2022-09-01,09,BELMONT_1_N008,BELMONT_1_N008,BELMONT_1_N008,RTPD,MGHG,LMP_GHG_PRC,BELMONT_1_N008,ALL,1,0,2,5
2022-09-01T16:15:00-00:00,2022-09-01T16:30:00-00:00,2022-09-01,10,BELMONT_1_N008,BELMONT_1_N008,BELMONT_1_N008,RTPD,MGHG,LMP_GHG_PRC,BELMONT_1_N008,ALL,1,0,2,5
2022-09-01T17:15:00-00:00,2022-09-01T17:30:00-00:00,2022-09-01,11,BELMONT_1_N008,BELMONT_1_N008,BELMONT_1_N008,RTPD,MGHG,LMP_GHG_PRC,BELMONT_1_N008,ALL,1,0,2,5
2022-09-01T18:15:00-00:00,2022-09-01T18:30:00-00:00,2022-09-01,12,BELMONT_1_N008,BELMONT_1_N008,BELMONT_1_N008,RTPD,MGHG,LMP_GHG_PRC,BELMONT_1_N008,ALL,1,0,2,5
2022-09-01T19:15:00-00:00,2022-09-01T19:30:00-00:00,2022-09-01,13,BELMONT_1_N008,BELMONT_1_N008,BELMONT_1_N008,RTPD,MGHG,LMP_GHG_PRC,BELMONT_1_N008,ALL,1,0,2,5
2022-09-01T20:15:00-00:00,2022-09-01T20:30:00-00:00,2022-09-01,14,BELMONT_1_N008,BELMONT_1_N008,BELMONT_1_N008,RTPD,MGHG,LMP_GHG_PRC,BELMONT_1_N008,ALL,1,0,2,5
2022-09-01T21:15:00-00:00,2022-09-01T21:30:00-00:00,2022-09-01,15,BELMONT_1_N008,BELMONT_1_N008,BELMONT_1_N008,RTPD,MGHG,LMP_GHG_PRC,BELMONT_1_N008,ALL,1,0,2,5
2022-09-01T22:15:00-00:00,2022-09-01T22:30:00-00:00,2022-09-01,16,BELMONT_1_N008,BELMONT_1_N008,BELMONT_1_N008,RTPD,MGHG,LMP_GHG_PRC,BELMONT_1_N008,ALL,1,0,2,5
2022-09-01T23:15:00-00:00,2022-09-01T23:30:00-00:00,2022-09-01,17,BELMONT_1_N008,BELMONT_1_N008,BELMONT_1_N008,RTPD,MGHG,LMP_GHG_PRC,BELMONT_1_N008,ALL,1,0,2,5
2022-09-02T00:15:00-00:00,2022-09-02T00:30:00-00:00,2022-09-01,18,BELMONT_1_N008,BELMONT_1_N008,BELMONT_1_N008,RTPD,MGHG,LMP_GHG_PRC,BELMONT_1_N008,ALL,1,0,2,5
2022-09-02T01:15:00-00:00,2022-09-02T01:30:00-00:00,2022-09-01,19,BELMONT_1_N008,BELMONT_1_N008,BELMONT_1_N008,RTPD,MGHG,LMP_GHG_PRC,BELMONT_1_N008,ALL,1,0,2,5
2022-09-02T02:15:00-00:00,2022-09-02T02:30:00-00:00,2022-09-01,20,BELMONT_1_N008,BELMONT_1_N008,BELMONT_1_N008,RTPD,MGHG,LMP_GHG_PRC,BELMONT_1_N008,ALL,1,0,2,5
2022-09-02T03:15:00-00:00,2022-09-02T03:30:00-00:00,2022-09-01,21,BELMONT_1_N008,BELMONT_1_N008,BELMONT_1_N008,RTPD,MGHG,LMP_GHG_PRC,BELMONT_1_N008,ALL,1,0,2,5
2022-09-02T04:15:00-00:00,2022-09-02T04:30:00-00:00,2022-09-01,22,BELMONT_1_N008,BELMONT_1_N008,BELMONT_1_N008,RTPD,MGHG,LMP_GHG_PRC,BELMONT_1_N008,ALL,1,0,2,5
2022-09-02T05:15:00-00:00,2022-09-02T05:30:00-00:00,2022-09-01,23,BELMONT_1_N008,BELMONT_1_N008,BELMONT_1_N008,RTPD,MGHG,LMP_GHG_PRC,BELMONT_1_N008,ALL,1,0,2,5
2022-09-02T06:15:00-00:00,2022-09-02T06:30:00-00:00,2022-09-01,24,BELMONT_1_N008,BELMONT_1_N008,BELMONT_1_N008,RTPD,MGHG,LMP_GHG_PRC,BELMONT_1_N008,ALL,1,0,2,5
2022-09-01T07:30:00-00:00,2022-09-01T07:45:00-00:00,2022-09-01,01,BELMONT_1_N008,BELMONT_1_N008,BELMONT_1_N008,RTPD,MGHG,LMP_GHG_PRC,BELMONT_1_N008,ALL,1,0,3,5
2022-09-01T08:30:00-00:00,2022-09-01T08:45:00-00:00,2022-09-01,02,BELMONT_1_N008,BELMONT_1_N008,BELMONT_1_N008,RTPD,MGHG,LMP_GHG_PRC,BELMONT_1_N008,ALL,1,0,3,5
2022-09-01T09:30:00-00:00,2022-09-01T09:45:00-00:00,2022-09-01,03,BELMONT_1_N008,BELMONT_1_N008,BELMONT_1_N008,RTPD,MGHG,LMP_GHG_PRC,BELMONT_1_N008,ALL,1,0,3,5
2022-09-01T10:30:00-00:00,2022-09-01T10:45:00-00:00,2022-09-01,04,BELMONT_1_N008,BELMONT_1_N008,BELMONT_1_N008,RTPD,MGHG,LMP_GHG_PRC,BELMONT_1_N008,ALL,1,0,3,5
2022-09-01T11:30:00-00:00,2022-09-01T11:45:00-00:00,2022-09-01,05,BELMONT_1_N008,BELMONT_1_N008,BELMONT_1_N008,RTPD,MGHG,LMP_GHG_PRC,BELMONT_1_N008,ALL,1,0,3,5
2022-09-01T12:30:00-00:00,2022-09-01T12:45:00-00:00,2022-09-01,06,BELMONT_1_N008,BELMONT_1_N008,BELMONT_1_N008,RTPD,MGHG,LMP_GHG_PRC,BELMONT_1_N008,ALL,1,0,3,5
2022-09-01T13:30:00-00:00,2022-09-01T13:45:00-00:00,2022-09-01,07,BELMONT_1_N008,BELMONT_1_N008,BELMONT_1_N008,RTPD,MGHG,LMP_GHG_PRC,BELMONT_1_N008,ALL,1,0,3,5
2022-09-01T14:30:00-00:00,2022-09-01T14:45:00-00:00,2022-09-01,08,BELMONT_1_N008,BELMONT_1_N008,BELMONT_1_N008,RTPD,MGHG,LMP_GHG_PRC,BELMONT_1_N008,ALL,1,0,3,5
2022-09-01T15:30:00-00:00,2022-09-01T15:45:00-00:00,2022-09-01,09,BELMONT_1_N008,BELMONT_1_N008,BELMONT_1_N008,RTPD,MGHG,LMP_GHG_PRC,BELMONT_1_N008,ALL,1,0,3,5
2022-09-01T16:30:00-00:00,2022-09-01T16:45:00-00:00,2022-09-01,10,BELMONT_1_N008,BELMONT_1_N008,BELMONT_1_N008,RTPD,MGHG,LMP_GHG_PRC,BELMONT_1_N008,ALL,1,0,3,5
2022-09-01T17:30:00-00:00,2022-09-01T17:45:00-00:00,2022-09-01,11,BELMONT_1_N008,BELMONT_1_N008,BELMONT_1_N008,RTPD,MGHG,LMP_GHG_PRC,BELMONT_1_N008,ALL,1,0,3,5
2022-09-01T18:30:00-00:00,2022-09-01T18:45:00-00:00,2022-09-01,12,BELMONT_1_N008,BELMONT_1_N008,BELMONT_1_N008,RTPD,MGHG,LMP_GHG_PRC,BELMONT_1_N008,ALL,1,0,3,5
2022-09-01T19:30:00-00:00,2022-09-01T19:45:00-00:00,2022-09-01,13,BELMONT_1_N008,BELMONT_1_N008,BELMONT_1_N008,RTPD,MGHG,LMP_GHG_PRC,BELMONT_1_N008,ALL,1,0,3,5
2022-09-01T20:30:00-00:00,2022-09-01T20:45:00-00:00,2022-09-01,14,BELMONT_1_N008,BELMONT_1_N008,BELMONT_1_N008,RTPD,MGHG,LMP_GHG_PRC,BELMONT_1_N008,ALL,1,0,3,5
2022-09-01T21:30:00-00:00,2022-09-01T21:45:00-00:00,2022-09-01,15,BELMONT_1_N008,BELMONT_1_N008,BELMONT_1_N008,RTPD,MGHG,LMP_GHG_PRC,BELMONT_1_N008,ALL,1,0,3,5
2022-09-01T22:30:00-00:00,2022-09-01T22:45:00-00:00,2022-09-01,16,BELMONT_1_N008,BELMONT_1_N008,BELMONT_1_N008,RTPD,MGHG,LMP_GHG_PRC,BELMONT_1_N008,ALL,1,0,3,5
2022-09-01T23:30:00-00:00,2022-09-01T23:45:00-00:00,2022-09-01,17,BELMONT_1_N008,BELMONT_1_N008,BELMONT_1_N008,RTPD,MGHG,LMP_GHG_PRC,BELMONT_1_N008,ALL,1,0,3,5
2022-09-02T00:30:00-00:00,2022-09-02T00:45:00-00:00,2022-09-01,18,BELMONT_1_N008,BELMONT_1_N008,BELMONT_1_N008,RTPD,MGHG,LMP_GHG_PRC,BELMONT_1_N008,ALL,1,0,3,5
2022-09-02T01:30:00-00:00,2022-09-02T01:45:00-00:00,2022-09-01,19,BELMONT_1_N008,BELMONT_1_N008,BELMONT_1_N008,RTPD,MGHG,LMP_GHG_PRC,BELMONT_1_N008,ALL,1,0,3,5
2022-09-02T02:30:00-00:00,2022-09-02T02:45:00-00:00,2022-09-01,20,BELMONT_1_N008,BELMONT_1_N008,BELMONT_1_N008,RTPD,MGHG,LMP_GHG_PRC,BELMONT_1_N008,ALL,1,0,3,5
2022-09-02T03:30:00-00:00,2022-09-02T03:45:00-00:00,2022-09-01,21,BELMONT_1_N008,BELMONT_1_N008,BELMONT_1_N008,RTPD,MGHG,LMP_GHG_PRC,BELMONT_1_N008,ALL,1,0,3,5
2022-09-02T04:30:00-00:00,2022-09-02T04:45:00-00:00,2022-09-01,22,BELMONT_1_N008,BELMONT_1_N008,BELMONT_1_N008,RTPD,MGHG,LMP_GHG_PRC,BELMONT_1_N008,ALL,1,0,3,5
2022-09-02T05:30:00-00:00,2022-09-02T05:45:00-00:00,2022-09-01,23,BELMONT_1_N008,BELMONT_1_N008,BELMONT_1_N008,RTPD,MGHG,LMP_GHG_PRC,BELMONT_1_N008,ALL,1,0,3,5
2022-09-02T06:30:00-00:00,2022-09-02T06:45:00-00:00,2022-09-01,24,BELMONT_1_N008,BELMONT_1_N008,BELMONT_1_N008,RTPD,MGHG,LMP_GHG_PRC,BELMONT_1_N008,ALL,1,0,3,5
2022-09-01T07:45:00-00:00,2022-09-01T08:00:00-00:00,2022-09-01,01,BELMONT_1_N008,BELMONT_1_N008,BELMONT_1_N008,RTPD,MGHG,LMP_GHG_PRC,BELMONT_1_N008,ALL,1,0,4,5
2022-09-01T08:45:00-00:00,2022-09-01T09:00:00-00:00,2022-09-01,02,BELMONT_1_N008,BELMONT_1_N008,BELMONT_1_N008,RTPD,MGHG,LMP_GHG_PRC,BELMONT_1_N008,ALL,1,0,4,5
2022-09-01T09:45:00-00:00,2022-09-01T10:00:00-00:00,2022-09-01,03,BELMONT_1_N008,BELMONT_1_N008,BELMONT_1_N008,RTPD,MGHG,LMP_GHG_PRC,BELMONT_1_N008,ALL,1,0,4,5
2022-09-01T10:45:00-00:00,2022-09-01T11:00:00-00:00,2022-09-01,04,BELMONT_1_N008,BELMONT_1_N008,BELMONT_1_N008,RTPD,MGHG,LMP_GHG_PRC,BELMONT_1_N008,ALL,1,0,4,5
2022-09-01T11:45:00-00:00,2022-09-01T12:00:00-00:00,2022-09-01,05,BELMONT_1_N008,BELMONT_1_N008,BELMONT_1_N008,RTPD,MGHG,LMP_GHG_PRC,BELMONT_1_N008,ALL,1,0,4,5
2022-09-01T12:45:00-00:00,2022-09-01T13:00:00-00:00,2022-09-01,06,BELMONT_1_N008,BELMONT_1_N008,BELMONT_1_N008,RTPD,MGHG,LMP_GHG_PRC,BELMONT_1_N008,ALL,1,0,4,5
2022-09-01T13:45:00-00:00,2022-09-01T14:00:00-00:00,2022-09-01,07,BELMONT_1_N008,BELMONT_1_N008,BELMONT_1_N008,RTPD,MGHG,LMP_GHG_PRC,BELMONT_1_N008,ALL,1,0,4,5
2022-09-01T14:45:00-00:00,2022-09-01T15:00:00-00:00,2022-09-01,08,BELMONT_1_N008,BELMONT_1_N008,BELMONT_1_N008,RTPD,MGHG,LMP_GHG_PRC,BELMONT_1_N008,ALL,1,0,4,5
2022-09-01T15:45:00-00:00,2022-09-01T16:00:00-00:00,2022-09-01,09,BELMONT_1_N008,BELMONT_1_N008,BELMONT_1_N008,RTPD,MGHG,LMP_GHG_PRC,BELMONT_1_N008,ALL,1,0,4,5
2022-09-01T16:45:00-00:00,2022-09-01T17:00:00-00:00,2022-09-01,10,BELMONT_1_N008,BELMONT_1_N008,BELMONT_1_N008,RTPD,MGHG,LMP_GHG_PRC,BELMONT_1_N008,ALL,1,0,4,5
2022-09-01T17:45:00-00:00,2022-09-01T18:00:00-00:00,2022-09-01,11,BELMONT_1_N008,BELMONT_1_N008,BELMONT_1_N008,RTPD,MGHG,LMP_GHG_PRC,BELMONT_1_N008,ALL,1,0,4,5
2022-09-01T18:45:00-00:00,2022-09-01T19:00:00-00:00,2022-09-01,12,BELMONT_1_N008,BELMONT_1_N008,BELMONT_1_N008,RTPD,MGHG,LMP_GHG_PRC,BELMONT_1_N008,ALL,1,0,4,5
2022-09-01T19:45:00-00:00,2022-09-01T20:00:00-00:00,2022-09-01,13,BELMONT_1_N008,BELMONT_1_N008,BELMONT_1_N008,RTPD,MGHG,LMP_GHG_PRC,BELMONT_1_N008,ALL,1,0,4,5
2022-09-01T20:45:00-00:00,2022-09-01T21:00:00-00:00,2022-09-01,14,BELMONT_1_N008,BELMONT_1_N008,BELMONT_1_N008,RTPD,MGHG,LMP_GHG_PRC,BELMONT_1_N008,ALL,1,0,4,5
2022-09-01T21:45:00-00:00,2022-09-01T22:00:00-00:00,2022-09-01,15,BELMONT_1_N008,BELMONT_1_N008,BELMONT_1_N008,RTPD,MGHG,LMP_GHG_PRC,BELMONT_1_N008,ALL,1,0,4,5
2022-09-01T22:45:00-00:00,2022-09-01T23:00:00-00:00,2022-09-01,16,BELMONT_1_N008,BELMONT_1_N008,BELMONT_1_N008,RTPD,MGHG,LMP_GHG_PRC,BELMONT_1_N008,ALL,1,0,4,5
2022-09-01T23:45:00-00:00,2022-09-02T00:00:00-00:00,2022-09-01,17,BELMONT_1_N008,BELMONT_1_N008,BELMONT_1_N008,RTPD,MGHG,LMP_GHG_PRC,BELMONT_1_N008,ALL,1,0,4,5
2022-09-02T00:45:00-00:00,2022-09-02T01:00:00-00:00,2022-09-01,18,BELMONT_1_N008,BELMONT_1_N008,BELMONT_1_N008,RTPD,MGHG,LMP_GHG_PRC,BELMONT_1_N008,ALL,1,0,4,5
2022-09-02T01:45:00-00:00,2022-09-02T02:00:00-00:00,2022-09-01,19,BELMONT_1_N008,BELMONT_1_N008,BELMONT_1_N008,RTPD,MGHG,LMP_GHG_PRC,BELMONT_1_N008,ALL,1,0,4,5
2022-09-02T02:45:00-00:00,2022-09-02T03:00:00-00:00,2022-09-01,20,BELMONT_1_N008,BELMONT_1_N008,BELMONT_1_N008,RTPD,MGHG,LMP_GHG_PRC,BELMONT_1_N008,ALL,1,0,4,5
2022-09-02T03:45:00-00:00,2022-09-02T04:00:00-00:00,2022-09-01,21,BELMONT_1_N008,BELMONT_1_N008,BELMONT_1_N008,RTPD,MGHG,LMP_GHG_PRC,BELMONT_1_N008,ALL,1,0,4,5
2022-09-02T04:45:00-00:00,2022-09-02T05:00:00-00:00,2022-09-01,22,BELMONT_1_N008,BELMONT_1_N008,BELMONT_1_N008,RTPD,MGHG,LMP_GHG_PRC,BELMONT_1_N008,ALL,1,0,4,5
2022-09-02T05:45:00-00:00,2022-09-02T06:00:00-00:00,2022-09-01,23,BELMONT_1_N008,BELMONT_1_N008,BELMONT_1_N008,RTPD,MGHG,LMP_GHG_PRC,BELMONT_1_N008,ALL,1,0,4,5
2022-09-02T06:45:00-00:00,2022-09-02T07:00:00-00:00,2022-09-01,24,BELMONT_1_N008,BELMONT_1_N008,BELMONT_1_N008,RTPD,MGHG,LMP_GHG_PRC,BELMONT_1_N008,ALL,1,0,4,5
