INTERVALSTARTTIME_GMT,INTERVALENDTIME_GMT,OPR_DT,OPR_HR,NODE_ID_XML,NODE_ID,NODE,MARKET_RUN_ID,LMP_TYPE,XML_DATA_ITEM,PNODE_RESMRID,GRP_TYPE,POS,PRC,OPR_INTERVAL,GROUP
2022-09-01T07:00:00-00:00,2022-09-01T07:15:00-00:00,2022-09-01,01,SPRV_3_COAL_SPV3GNODE,SPRV_3_COAL_SPV3GNODE,SPRV_3_COAL_SPV3GNODE,RTPD,LMP,LMP_PRC,SPRV_3_COAL_SPV3GNODE,ALL,1,106.75036,1,1
2022-09-01T08:00:00-00:00,2022-09-01T08:15:00-00:00,2022-09-01,02,SPRV_3_COAL_SPV3GNODE,SPRV_3_COAL_SPV3GNODE,SPRV_3_COAL_SPV3GNODE,RTPD,LMP,LMP_PRC,SPRV_3_COAL_SPV3GNODE,ALL,1,103.81474,1,1
2022-09-01T09:00:00-00:00,2022-09-01T09:15:00-00:00,2022-09-01,03,SPRV_3_COAL_SPV3GNODE,SPRV_3_COAL_SPV3GNODE,SPRV_3_COAL_SPV3GNODE,RTPD,LMP,LMP_PRC,SPRV_3_COAL_SPV3GNODE,ALL,1,88.20493,1,1
2022-09-01T10:00:00-00:00,2022-09-01T10:15:00-00:00,2022-09-01,04,SPRV_3_COAL_SPV3GNODE,SPRV_3_COAL_SPV3GNODE,SPRV_3_COAL_SPV3GNODE,RTPD,LMP,LMP_PRC,SPRV_3_COAL_SPV3GNODE,ALL,1,85.86518,1,1
2022-09-01T11:00:00-00:00,2022-09-01T11:15:00-00:00,2022-09-01,05,SPRV_3_COAL_SPV3GNODE,SPRV_3_COAL_SPV3GNODE,SPRV_3_COAL_SPV3GNODE,RTPD,LMP,LMP_PRC,SPRV_3_COAL_SPV3GNODE,ALL,1,86.55856,1,1
2022-09-01T12:00:00-00:00,2022-09-01T12:15:00-00:00,2022-09-01,06,SPRV_3_COAL_SPV3GNODE,SPRV_3_COAL_SPV3GNODE,SPRV_3_COAL_SPV3GNODE,RTPD,LMP,LMP_PRC,SPRV_3_COAL_SPV3GNODE,ALL,1,87.57106,1,1
2022-09-01T13:00:00-00:00,2022-09-01T13:15:00-00:00,2022-09-01,07,SPRV_3_COAL_SPV3GNODE,SPRV_3_COAL_SPV3GNODE,SPRV_3_COAL_SPV3GNODE,RTPD,LMP,LMP_PRC,SPRV_3_COAL_SPV3GNODE,ALL,1,97.02099,1,1
2022-09-01T14:00:00-00:00,2022-09-01T14:15:00-00:00,2022-09-01,08,SPRV_3_COAL_SPV3GNODE,SPRV_3_COAL_SPV3GNODE,SPRV_3_COAL_SPV3GNODE,RTPD,LMP,LMP_PRC,SPRV_3_COAL_SPV3GNODE,ALL,1,71.08566,1,1
2022-09-01T15:00:00-00:00,2022-09-01T15:15:00-00:00,2022-09-01,09,SPRV_3_COAL_SPV3GNODE,SPRV_3_COAL_SPV3GNODE,SPRV_3_COAL_SPV3GNODE,RTPD,LMP,LMP_PRC,SPRV_3_COAL_SPV3GNODE,ALL,1,32.29782,1,1
2022-09-01T16:00:00-00:00,2022-09-01T16:15:00-00:00,2022-09-01,10,SPRV_3_COAL_SPV3GNODE,SPRV_3_COAL_SPV3GNODE,SPRV_3_COAL_SPV3GNODE,RTPD,LMP,LMP_PRC,SPRV_3_COAL_SPV3GNODE,ALL,1,31.31097,1,1
2022-09-01T17:00:00-00:00,2022-09-01T17:15:00-00:00,2022-09-01,11,SPRV_3_COAL_SPV3GNODE,SPRV_3_COAL_SPV3GNODE,SPRV_3_COAL_SPV3GNODE,RTPD,LMP,LMP_PRC,SPRV_3_COAL_SPV3GNODE,ALL,1,63.12322,1,1
2022-09-01T18:00:00-00:00,2022-09-01T18:15:00-00:00,2022-09-01,12,SPRV_3_COAL_SPV3GNODE,SPRV_3_COAL_SPV3GNODE,SPRV_3_COAL_SPV3GNODE,RTPD,LMP,LMP_PRC,SPRV_3_COAL_SPV3GNODE,ALL,1,62.71207,1,1
2022-09-01T19:00:00-00:00,2022-09-01T19:15:00-00:00,2022-09-01,13,SPRV_3_COAL_SPV3GNODE,SPRV_3_COAL_SPV3GNODE,SPRV_3_COAL_SPV3GNODE,RTPD,LMP,LMP_PRC,SPRV_3_COAL_SPV3GNODE,ALL,1,56.50131,1,1
2022-09-01T20:00:00-00:00,2022-09-01T20:15:00-00:00,2022-09-01,14,SPRV_3_COAL_SPV3GNODE,SPRV_3_COAL_SPV3GNODE,SPRV_3_COAL_SPV3GNODE,RTPD,LMP,LMP_PRC,SPRV_3_COAL_SPV3GNODE,ALL,1,93.63491,1,1
2022-09-01T21:00:00-00:00,2022-09-01T21:15:00-00:00,2022-09-01,15,SPRV_3_COAL_SPV3GNODE,SPRV_3_COAL_SPV3GNODE,SPRV_3_COAL_SPV3GNODE,RTPD,LMP,LMP_PRC,SPRV_3_COAL_SPV3GNODE,ALL,1,55.43125,1,1
2022-09-01T22:00:00-00:00,2022-09-01T22:15:00-00:00,2022-09-01,16,SPRV_3_COAL_SPV3GNODE,SPRV_3_COAL_SPV3GNODE,SPRV_3_COAL_SPV3GNODE,RTPD,LMP,LMP_PRC,SPRV_3_COAL_SPV3GNODE,ALL,1,115.42455,1,1
2022-09-01T23:00:00-00:00,2022-09-01T23:15:00-00:00,2022-09-01,17,SPRV_3_COAL_SPV3GNODE,SPRV_3_COAL_SPV3GNODE,SPRV_3_COAL_SPV3GNODE,RTPD,LMP,LMP_PRC,SPRV_3_COAL_SPV3GNODE,ALL,1,150.13837,1,1
2022-09-02T00:00:00-00:00,2022-09-02T00:15:00-00:00,2022-09-01,18,SPRV_3_COAL_SPV3GNODE,SPRV_3_COAL_SPV3GNODE,SPRV_3_COAL_SPV3GNODE,RTPD,LMP,LMP_PRC,SPRV_3_COAL_SPV3GNODE,ALL,1,525.3328,1,1
2022-09-02T01:00:00-00:00,2022-09-02T01:15:00-00:00,2022-09-01,19,SPRV_3_COAL_SPV3GNODE,SPRV_3_COAL_SPV3GNODE,SPRV_3_COAL_SPV3GNODE,RTPD,LMP,LMP_PRC,SPRV_3_COAL_SPV3GNODE,ALL,1,977.4448,1,1
2022-09-02T02:00:00-00:00,2022-09-02T02:15:00-00:00,2022-09-01,20,SPRV_3_COAL_SPV3GNODE,SPRV_3_COAL_SPV3GNODE,SPRV_3_COAL_SPV3GNODE,RTPD,LMP,LMP_PRC,SPRV_3_COAL_SPV3GNODE,ALL,1,1879.1719,1,1
2022-09-02T03:00:00-00:00,2022-09-02T03:15:00-00:00,2022-09-01,21,SPRV_3_COAL_SPV3GNODE,SPRV_3_COAL_SPV3GNODE,SPRV_3_COAL_SPV3GNODE,RTPD,LMP,LMP_PRC,SPRV_3_COAL_SPV3GNODE,ALL,1,526.99225,1,1
2022-09-02T04:00:00-00:00,2022-09-02T04:15:00-00:00,2022-09-01,22,SPRV_3_COAL_SPV3GNODE,SPRV_3_COAL_SPV3GNODE,SPRV_3_COAL_SPV3GNODE,RTPD,LMP,LMP_PRC,SPRV_3_COAL_SPV3GNODE,ALL,1,43.76021,1,1
2022-09-02T05:00:00-00:00,2022-09-02T05:15:00-00:00,2022-09-01,23,SPRV_3_COAL_SPV3GNODE,SPRV_3_COAL_SPV3GNODE,SPRV_3_COAL_SPV3GNODE,RTPD,LMP,LMP_PRC,SPRV_3_COAL_SPV3GNODE,ALL,1,60.18532,1,1
2022-09-02T06:00:00-00:00,2022-09-02T06:15:00-00:00,2022-09-01,24,SPRV_3_COAL_SPV3GNODE,SPRV_3_COAL_SPV3GNODE,SPRV_3_COAL_SPV3GNODE,RTPD,LMP,LMP_PRC,SPRV_3_COAL_SPV3GNODE,ALL,1,70.48756,1,1
2022-09-01T07:15:00-00:00,2022-09-01T07:30:00-00:00,2022-09-01,01,SPRV_3_COAL_SPV3GNODE,SPRV_3_COAL_SPV3GNODE,SPRV_3_COAL_SPV3GNODE,RTPD,LMP,LMP_PRC,SPRV_3_COAL_SPV3GNODE,ALL,1,118.86059,2,1
2022-09-01T08:15:00-00:00,2022-09-01T08:30:00-00:00,2022-09-01,02,SPRV_3_COAL_SPV3GNODE,SPRV_3_COAL_SPV3GNODE,SPRV_3_COAL_SPV3GNODE,RTPD,LMP,LMP_PRC,SPRV_3_COAL_SPV3GNODE,ALL,1,101.43389,2,1
2022-09-01T09:15:00-00:00,2022-09-01T09:30:00-00:00,2022-09-01,03,SPRV_3_COAL_SPV3GNODE,SPRV_3_COAL_SPV3GNODE,SPRV_3_COAL_SPV3GNODE,RTPD,LMP,LMP_PRC,SPRV_3_COAL_SPV3GNODE,ALL,1,87.90839,2,1
2022-09-01T10:15:00-00:00,2022-09-01T10:30:00-00:00,2022-09-01,04,SPRV_3_COAL_SPV3GNODE,SPRV_3_COAL_SPV3GNODE,SPRV_3_COAL_SPV3GNODE,RTPD,LMP,LMP_PRC,SPRV_3_COAL_SPV3GNODE,ALL,1,85.08323,2,1
2022-09-01T11:15:00-00:00,2022-09-01T11:30:00-00:00,2022-09-01,05,SPRV_3_COAL_SPV3GNODE,SPRV_3_COAL_SPV3GNODE,SPRV_3_COAL_SPV3GNODE,RTPD,LMP,LMP_PRC,SPRV_3_COAL_SPV3GNODE,ALL,1,86.71853,2,1
2022-09-01T12:15:00-00:00,2022-09-01T12:30:00-00:00,2022-09-01,06,SPRV_3_COAL_SPV3GNODE,SPRV_3_COAL_SPV3GNODE,SPRV_3_COAL_SPV3GNODE,RTPD,LMP,LMP_PRC,SPRV_3_COAL_SPV3GNODE,ALL,1,95.11655,2,1
2022-09-01T13:15:00-00:00,2022-09-01T13:30:00-00:00,2022-09-01,07,SPRV_3_COAL_SPV3GNODE,SPRV_3_COAL_SPV3GNODE,SPRV_3_COAL_SPV3GNODE,RTPD,LMP,LMP_PRC,SPRV_3_COAL_SPV3GNODE,ALL,1,93.42047,2,1
2022-09-01T14:15:00-00:00,2022-09-01T14:30:00-00:00,2022-09-01,08,SPRV_3_COAL_SPV3GNODE,SPRV_3_COAL_SPV3GNODE,SPRV_3_COAL_SPV3GNODE,RTPD,LMP,LMP_PRC,SPRV_3_COAL_SPV3GNODE,ALL,1,61.06232,2,1
2022-09-01T15:15:00-00:00,2022-09-01T15:30:00-00:00,2022-09-01,09,SPRV_3_COAL_SPV3GNODE,SPRV_3_COAL_SPV3GNODE,SPRV_3_COAL_SPV3GNODE,RTPD,LMP,LMP_PRC,SPRV_3_COAL_SPV3GNODE,ALL,1,18.76126,2,1
2022-09-01T16:15:00-00:00,2022-09-01T16:30:00-00:00,2022-09-01,10,SPRV_3_COAL_SPV3GNODE,SPRV_3_COAL_SPV3GNODE,SPRV_3_COAL_SPV3GNODE,RTPD,LMP,LMP_PRC,SPRV_3_COAL_SPV3GNODE,ALL,1,41.48407,2,1
2022-09-01T17:15:00-00:00,2022-09-01T17:30:00-00:00,2022-09-01,11,SPRV_3_COAL_SPV3GNODE,SPRV_3_COAL_SPV3GNODE,SPRV_3_COAL_SPV3GNODE,RTPD,LMP,LMP_PRC,SPRV_3_COAL_SPV3GNODE,ALL,1,65.73228,2,1
2022-09-01T18:15:00-00:00,2022-09-01T18:30:00-00:00,2022-09-01,12,SPRV_3_COAL_SPV3GNODE,SPRV_3_COAL_SPV3GNODE,SPRV_3_COAL_SPV3GNODE,RTPD,LMP,LMP_PRC,SPRV_3_COAL_SPV3GNODE,ALL,1,60.86034,2,1
2022-09-01T19:15:00-00:00,2022-09-01T19:30:00-00:00,2022-09-01,13,SPRV_3_COAL_SPV3GNODE,SPRV_3_COAL_SPV3GNODE,SPRV_3_COAL_SPV3GNODE,RTPD,LMP,LMP_PRC,SPRV_3_COAL_SPV3GNODE,ALL,1,74.54509,2,1
2022-09-01T20:15:00-00:00,2022-09-01T20:30:00-00:00,2022-09-01,14,SPRV_3_COAL_SPV3GNODE,SPRV_3_COAL_SPV3GNODE,SPRV_3_COAL_SPV3GNODE,RTPD,LMP,LMP_PRC,SPRV_3_COAL_SPV3GNODE,ALL,1,100.92265,2,1
2022-09-01T21:15:00-00:00,2022-09-01T21:30:00-00:00,2022-09-01,15,SPRV_3_COAL_SPV3GNODE,SPRV_3_COAL_SPV3GNODE,SPRV_3_COAL_SPV3GNODE,RTPD,LMP,LMP_PRC,SPRV_3_COAL_SPV3GNODE,ALL,1,98.68069,2,1
2022-09-01T22:15:00-00:00,2022-09-01T22:30:00-00:00,2022-09-01,16,SPRV_3_COAL_SPV3GNODE,SPRV_3_COAL_SPV3GNODE,SPRV_3_COAL_SPV3GNODE,RTPD,LMP,LMP_PRC,SPRV_3_COAL_SPV3GNODE,ALL,1,136.05972,2,1
2022-09-01T23:15:00-00:00,2022-09-01T23:30:00-00:00,2022-09-01,17,SPRV_3_COAL_SPV3GNODE,SPRV_3_COAL_SPV3GNODE,SPRV_3_COAL_SPV3GNODE,RTPD,LMP,LMP_PRC,SPRV_3_COAL_SPV3GNODE,ALL,1,140.38841,2,1
2022-09-02T00:15:00-00:00,2022-09-02T00:30:00-00:00,2022-09-01,18,SPRV_3_COAL_SPV3GNODE,SPRV_3_COAL_SPV3GNODE,SPRV_3_COAL_SPV3GNODE,RTPD,LMP,LMP_PRC,SPRV_3_COAL_SPV3GNODE,ALL,1,479.69595,2,1
2022-09-02T01:15:00-00:00,2022-09-02T01:30:00-00:00,2022-09-01,19,SPRV_3_COAL_SPV3GNODE,SPRV_3_COAL_SPV3GNODE,SPRV_3_COAL_SPV3GNODE,RTPD,LMP,LMP_PRC,SPRV_3_COAL_SPV3GNODE,ALL,1,1849.3993,2,1
2022-09-02T02:15:00-00:00,2022-09-02T02:30:00-00:00,2022-09-01,20,SPRV_3_COAL_SPV3GNODE,SPRV_3_COAL_SPV3GNODE,SPRV_3_COAL_SPV3GNODE,RTPD,LMP,LMP_PRC,SPRV_3_COAL_SPV3GNODE,ALL,1,1974.5098,2,1
2022-09-02T03:15:00-00:00,2022-09-02T03:30:00-00:00,2022-09-01,21,SPRV_3_COAL_SPV3GNODE,SPRV_3_COAL_SPV3GNODE,SPRV_3_COAL_SPV3GNODE,RTPD,LMP,LMP_PRC,SPRV_3_COAL_SPV3GNODE,ALL,1,245.82066,2,1
2022-09-02T04:15:00-00:00,2022-09-02T04:30:00-00:00,2022-09-01,22,SPRV_3_COAL_SPV3GNODE,SPRV_3_COAL_SPV3GNODE,SPRV_3_COAL_SPV3GNODE,RTPD,LMP,LMP_PRC,SPRV_3_COAL_SPV3GNODE,ALL,1,45,2,1
2022-09-02T05:15:00-00:00,2022-09-02T05:30:00-00:00,2022-09-01,23,SPRV_3_COAL_SPV3GNODE,SPRV_3_COAL_SPV3GNODE,SPRV_3_COAL_SPV3GNODE,RTPD,LMP,LMP_PRC,SPRV_3_COAL_SPV3GNODE,ALL,1,38.95293,2,1
2022-09-02T06:15:00-00:00,2022-09-02T06:30:00-00:00,2022-09-01,24,SPRV_3_COAL_SPV3GNODE,SPRV_3_COAL_SPV3GNODE,SPRV_3_COAL_SPV3GNODE,RTPD,LMP,LMP_PRC,SPRV_3_COAL_SPV3GNODE,ALL,1,91.92755,2,1
2022-09-01T07:30:00-00:00,2022-09-01T07:45:00-00:00,2022-09-01,01,SPRV_3_COAL_SPV3GNODE,SPRV_3_COAL_SPV3GNODE,SPRV_3_COAL_SPV3GNODE,RTPD,LMP,LMP_PRC,SPRV_3_COAL_SPV3GNODE,ALL,1,116.12748,3,1
2022-09-01T08:30:00-00:00,2022-09-01T08:45:00-00:00,2022-09-01,02,SPRV_3_COAL_SPV3GNODE,SPRV_3_COAL_SPV3GNODE,SPRV_3_COAL_SPV3GNODE,RTPD,LMP,LMP_PRC,SPRV_3_COAL_SPV3GNODE,ALL,1,93.02649,3,1
2022-09-01T09:30:00-00:00,2022-09-01T09:45:00-00:00,2022-09-01,03,SPRV_3_COAL_SPV3GNODE,SPRV_3_COAL_SPV3GNODE,SPRV_3_COAL_SPV3GNODE,RTPD,LMP,LMP_PRC,SPRV_3_COAL_SPV3GNODE,ALL,1,87.24604,3,1
2022-09-01T10:30:00-00:00,2022-09-01T10:45:00-00:00,2022-09-01,04,SPRV_3_COAL_SPV3GNODE,SPRV_3_COAL_SPV3GNODE,SPRV_3_COAL_SPV3GNODE,RTPD,LMP,LMP_PRC,SPRV_3_COAL_SPV3GNODE,ALL,1,82.68752,3,1
2022-09-01T11:30:00-00:00,2022-09-01T11:45:00-00:00,2022-09-01,05,SPRV_3_COAL_SPV3GNODE,SPRV_3_COAL_SPV3GNODE,SPRV_3_COAL_SPV3GNODE,RTPD,LMP,LMP_PRC,SPRV_3_COAL_SPV3GNODE,ALL,1,85.85058,3,1
2022-09-01T12:30:00-00:00,2022-09-01T12:45:00-00:00,2022-09-01,06,SPRV_3_COAL_SPV3GNODE,SPRV_3_COAL_SPV3GNODE,SPRV_3_COAL_SPV3GNODE,RTPD,LMP,LMP_PRC,SPRV_3_COAL_SPV3GNODE,ALL,1,103.23918,3,1
2022-09-01T13:30:00-00:00,2022-09-01T13:45:00-00:00,2022-09-01,07,SPRV_3_COAL_SPV3GNODE,SPRV_3_COAL_SPV3GNODE,SPRV_3_COAL_SPV3GNODE,RTPD,LMP,LMP_PRC,SPRV_3_COAL_SPV3GNODE,ALL,1,90.5811,3,1
2022-09-01T14:30:00-00:00,2022-09-01T14:45:00-00:00,2022-09-01,08,SPRV_3_COAL_SPV3GNODE,SPRV_3_COAL_SPV3GNODE,SPRV_3_COAL_SPV3GNODE,RTPD,LMP,LMP_PRC,SPRV_3_COAL_SPV3GNODE,ALL,1,65.49276,3,1
2022-09-01T15:30:00-00:00,2022-09-01T15:45:00-00:00,2022-09-01,09,SPRV_3_COAL_SPV3GNODE,SPRV_3_COAL_SPV3GNODE,SPRV_3_COAL_SPV3GNODE,RTPD,LMP,LMP_PRC,SPRV_3_COAL_SPV3GNODE,ALL,1,5.20046,3,1
2022-09-01T16:30:00-00:00,2022-09-01T16:45:00-00:00,2022-09-01,10,SPRV_3_COAL_SPV3GNODE,SPRV_3_COAL_SPV3GNODE,SPRV_3_COAL_SPV3GNODE,RTPD,LMP,LMP_PRC,SPRV_3_COAL_SPV3GNODE,ALL,1,58.45264,3,1
2022-09-01T17:30:00-00:00,2022-09-01T17:45:00-00:00,2022-09-01,11,SPRV_3_COAL_SPV3GNODE,SPRV_3_COAL_SPV3GNODE,SPRV_3_COAL_SPV3GNODE,RTPD,LMP,LMP_PRC,SPRV_3_COAL_SPV3GNODE,ALL,1,69.60161,3,1
2022-09-01T18:30:00-00:00,2022-09-01T18:45:00-00:00,2022-09-01,12,SPRV_3_COAL_SPV3GNODE,SPRV_3_COAL_SPV3GNODE,SPRV_3_COAL_SPV3GNODE,RTPD,LMP,LMP_PRC,SPRV_3_COAL_SPV3GNODE,ALL,1,68.59012,3,1
2022-09-01T19:30:00-00:00,2022-09-01T19:45:00-00:00,2022-09-01,13,SPRV_3_COAL_SPV3GNODE,SPRV_3_COAL_SPV3GNODE,SPRV_3_COAL_SPV3GNODE,RTPD,LMP,LMP_PRC,SPRV_3_COAL_SPV3GNODE,ALL,1,73.75248,3,1
2022-09-01T20:30:00-00:00,2022-09-01T20:45:00-00:00,2022-09-01,14,SPRV_3_COAL_SPV3GNODE,SPRV_3_COAL_SPV3GNODE,SPRV_3_COAL_SPV3GNODE,RTPD,LMP,LMP_PRC,SPRV_3_COAL_SPV3GNODE,ALL,1,118.3,3,1
2022-09-01T21:30:00-00:00,2022-09-01T21:45:00-00:00,2022-09-01,15,SPRV_3_COAL_SPV3GNODE,SPRV_3_COAL_SPV3GNODE,SPRV_3_COAL_SPV3GNODE,RTPD,LMP,LMP_PRC,SPRV_3_COAL_SPV3GNODE,ALL,1,93.95636,3,1
2022-09-01T22:30:00-00:00,2022-09-01T22:45:00-00:00,2022-09-01,16,SPRV_3_COAL_SPV3GNODE,SPRV_3_COAL_SPV3GNODE,SPRV_3_COAL_SPV3GNODE,RTPD,LMP,LMP_PRC,SPRV_3_COAL_SPV3GNODE,ALL,1,131.10306,3,1
2022-09-01T23:30:00-00:00,2022-09-01T23:45:00-00:00,2022-09-01,17,SPRV_3_COAL_SPV3GNODE,SPRV_3_COAL_SPV3GNODE,SPRV_3_COAL_SPV3GNODE,RTPD,LMP,LMP_PRC,SPRV_3_COAL_SPV3GNODE,ALL,1,183.41896,3,1
2022-09-02T00:30:00-00:00,2022-09-02T00:45:00-00:00,2022-09-01,18,SPRV_3_COAL_SPV3GNODE,SPRV_3_COAL_SPV3GNODE,SPRV_3_COAL_SPV3GNODE,RTPD,LMP,LMP_PRC,SPRV_3_COAL_SPV3GNODE,ALL,1,1308.7734,3,1
2022-09-02T01:30:00-00:00,2022-09-02T01:45:00-00:00,2022-09-01,19,SPRV_3_COAL_SPV3GNODE,SPRV_3_COAL_SPV3GNODE,SPRV_3_COAL_SPV3GNODE,RTPD,LMP,LMP_PRC,SPRV_3_COAL_SPV3GNODE,ALL,1,1956.1569,3,1
2022-09-02T02:30:00-00:00,2022-09-02T02:45:00-00:00,2022-09-01,20,SPRV_3_COAL_SPV3GNODE,SPRV_3_COAL_SPV3GNODE,SPRV_3_COAL_SPV3GNODE,RTPD,LMP,LMP_PRC,SPRV_3_COAL_SPV3GNODE,ALL,1,1965.7886,3,1
2022-09-02T03:30:00-00:00,2022-09-02T03:45:00-00:00,2022-09-01,21,SPRV_3_COAL_SPV3GNODE,SPRV_3_COAL_SPV3GNODE,SPRV_3_COAL_SPV3GNODE,RTPD,LMP,LMP_PRC,SPRV_3_COAL_SPV3GNODE,ALL,1,124.69933,3,1
2022-09-02T04:30:00-00:00,2022-09-02T04:45:00-00:00,2022-09-01,22,SPRV_3_COAL_SPV3GNODE,SPRV_3_COAL_SPV3GNODE,SPRV_3_COAL_SPV3GNODE,RTPD,LMP,LMP_PRC,SPRV_3_COAL_SPV3GNODE,ALL,1,44.3056,3,1
2022-09-02T05:30:00-00:00,2022-09-02T05:45:00-00:00,2022-09-01,23,SPRV_3_COAL_SPV3GNODE,SPRV_3_COAL_SPV3GNODE,SPRV_3_COAL_SPV3GNODE,RTPD,LMP,LMP_PRC,SPRV_3_COAL_SPV3GNODE,ALL,1,33.9813,3,1
2022-09-02T06:30:00-00:00,2022-09-02T06:45:00-00:00,2022-09-01,24,SPRV_3_COAL_SPV3GNODE,SPRV_3_COAL_SPV3GNODE,SPRV_3_COAL_SPV3GNODE,RTPD,LMP,LMP_PRC,SPRV_3_COAL_SPV3GNODE,ALL,1,37.0005,3,1
2022-09-01T07:45:00-00:00,2022-09-01T08:00:00-00:00,2022-09-01,01,SPRV_3_COAL_SPV3GNODE,SPRV_3_COAL_SPV3GNODE,SPRV_3_COAL_SPV3GNODE,RTPD,LMP,LMP_PRC,SPRV_3_COAL_SPV3GNODE,ALL,1,108.33441,4,1
2022-09-01T08:45:00-00:00,2022-09-01T09:00:00-00:00,2022-09-01,02,SPRV_3_COAL_SPV3GNODE,SPRV_3_COAL_SPV3GNODE,SPRV_3_COAL_SPV3GNODE,RTPD,LMP,LMP_PRC,SPRV_3_COAL_SPV3GNODE,ALL,1,84.81904,4,1
2022-09-01T09:45:00-00:00,2022-09-01T10:00:00-00:00,2022-09-01,03,SPRV_3_COAL_SPV3GNODE,SPRV_3_COAL_SPV3GNODE,SPRV_3_COAL_SPV3GNODE,RTPD,LMP,LMP_PRC,SPRV_3_COAL_SPV3GNODE,ALL,1,86.39657,4,1
2022-09-01T10:45:00-00:00,2022-09-01T11:00:00-00:00,2022-09-01,04,SPRV_3_COAL_SPV3GNODE,SPRV_3_COAL_SPV3GNODE,SPRV_3_COAL_SPV3GNODE,RTPD,LMP,LMP_PRC,SPRV_3_COAL_SPV3GNODE,ALL,1,80.36837,4,1
2022-09-01T11:45:00-00:00,2022-09-01T12:00:00-00:00,2022-09-01,05,SPRV_3_COAL_SPV3GNODE,SPRV_3_COAL_SPV3GNODE,SPRV_3_COAL_SPV3GNODE,RTPD,LMP,LMP_PRC,SPRV_3_COAL_SPV3GNODE,ALL,1,92.2168,4,1
2022-09-01T12:45:00-00:00,2022-09-01T13:00:00-00:00,2022-09-01,06,SPRV_3_COAL_SPV3GNODE,SPRV_3_COAL_SPV3GNODE,SPRV_3_COAL_SPV3GNODE,RTPD,LMP,LMP_PRC,SPRV_3_COAL_SPV3GNODE,ALL,1,103.48207,4,1
2022-09-01T13:45:00-00:00,2022-09-01T14:00:00-00:00,2022-09-01,07,SPRV_3_COAL_SPV3GNODE,SPRV_3_COAL_SPV3GNODE,SPRV_3_COAL_SPV3GNODE,RTPD,LMP,LMP_PRC,SPRV_3_COAL_SPV3GNODE,ALL,1,87.6785,4,1
2022-09-01T14:45:00-00:00,2022-09-01T15:00:00-00:00,2022-09-01,08,SPRV_3_COAL_SPV3GNODE,SPRV_3_COAL_SPV3GNODE,SPRV_3_COAL_SPV3GNODE,RTPD,LMP,LMP_PRC,SPRV_3_COAL_SPV3GNODE,ALL,1,54.9102,4,1
2022-09-01T15:45:00-00:00,2022-09-01T16:00:00-00:00,2022-09-01,09,SPRV_3_COAL_SPV3GNODE,SPRV_3_COAL_SPV3GNODE,SPRV_3_COAL_SPV3GNODE,RTPD,LMP,LMP_PRC,SPRV_3_COAL_SPV3GNODE,ALL,1,32.25685,4,1
2022-09-01T16:45:00-00:00,2022-09-01T17:00:00-00:00,2022-09-01,10,SPRV_3_COAL_SPV3GNODE,SPRV_3_COAL_SPV3GNODE,SPRV_3_COAL_SPV3GNODE,RTPD,LMP,LMP_PRC,SPRV_3_COAL_SPV3GNODE,ALL,1,60.25923,4,1
2022-09-01T17:45:00-00:00,2022-09-01T18:00:00-00:00,2022-09-01,11,SPRV_3_COAL_SPV3GNODE,SPRV_3_COAL_SPV3GNODE,SPRV_3_COAL_SPV3GNODE,RTPD,LMP,LMP_PRC,SPRV_3_COAL_SPV3GNODE,ALL,1,67.257,4,1
2022-09-01T18:45:00-00:00,2022-09-01T19:00:00-00:00,2022-09-01,12,SPRV_3_COAL_SPV3GNODE,SPRV_3_COAL_SPV3GNODE,SPRV_3_COAL_SPV3GNODE,RTPD,LMP,LMP_PRC,SPRV_3_COAL_SPV3GNODE,ALL,1,67.68543,4,1
2022-09-01T19:45:00-00:00,2022-09-01T20:00:00-00:00,2022-09-01,13,SPRV_3_COAL_SPV3GNODE,SPRV_3_COAL_SPV3GNODE,SPRV_3_COAL_SPV3GNODE,RTPD,LMP,LMP_PRC,SPRV_3_COAL_SPV3GNODE,ALL,1,78.04689,4,1
2022-09-01T20:45:00-00:00,2022-09-01T21:00:00-00:00,2022-09-01,14,SPRV_3_COAL_SPV3GNODE,SPRV_3_COAL_SPV3GNODE,SPRV_3_COAL_SPV3GNODE,RTPD,LMP,LMP_PRC,SPRV_3_COAL_SPV3GNODE,ALL,1,109.8881,4,1
2022-09-01T21:45:00-00:00,2022-09-01T22:00:00-00:00,2022-09-01,15,SPRV_3_COAL_SPV3GNODE,SPRV_3_COAL_SPV3GNODE,SPRV_3_COAL_SPV3GNODE,RTPD,LMP,LMP_PRC,SPRV_3_COAL_SPV3GNODE,ALL,1,122.91473,4,1
2022-09-01T22:45:00-00:00,2022-09-01T23:00:00-00:00,2022-09-01,16,SPRV_3_COAL_SPV3GNODE,SPRV_3_COAL_SPV3GNODE,SPRV_3_COAL_SPV3GNODE,RTPD,LMP,LMP_PRC,SPRV_3_COAL_SPV3GNODE,ALL,1,219.46925,4,1
2022-09-01T23:45:00-00:00,2022-09-02T00:00:00-00:00,2022-09-01,17,SPRV_3_COAL_SPV3GNODE,SPRV_3_COAL_SPV3GNODE,SPRV_3_COAL_SPV3GNODE,RTPD,LMP,LMP_PRC,SPRV_3_COAL_SPV3GNODE,ALL,1,849.0286,4,1
2022-09-02T00:45:00-00:00,2022-09-02T01:00:00-00:00,2022-09-01,18,SPRV_3_COAL_SPV3GNODE,SPRV_3_COAL_SPV3GNODE,SPRV_3_COAL_SPV3GNODE,RTPD,LMP,LMP_PRC,SPRV_3_COAL_SPV3GNODE,ALL,1,999.9549,4,1
2022-09-02T01:45:00-00:00,2022-09-02T02:00:00-00:00,2022-09-01,19,SPRV_3_COAL_SPV3GNODE,SPRV_3_COAL_SPV3GNODE,SPRV_3_COAL_SPV3GNODE,RTPD,LMP,LMP_PRC,SPRV_3_COAL_SPV3GNODE,ALL,1,1976.3213,4,1
2022-09-02T02:45:00-00:00,2022-09-02T03:00:00-00:00,2022-09-01,20,SPRV_3_COAL_SPV3GNODE,SPRV_3_COAL_SPV3GNODE,SPRV_3_COAL_SPV3GNODE,RTPD,LMP,LMP_PRC,SPRV_3_COAL_SPV3GNODE,ALL,1,987.27747,4,1
2022-09-02T03:45:00-00:00,2022-09-02T04:00:00-00:00,2022-09-01,21,SPRV_3_COAL_SPV3GNODE,SPRV_3_COAL_SPV3GNODE,SPRV_3_COAL_SPV3GNODE,RTPD,LMP,LMP_PRC,SPRV_3_COAL_SPV3GNODE,ALL,1,84.46701,4,1
2022-09-02T04:45:00-00:00,2022-09-02T05:00:00-00:00,2022-09-01,22,SPRV_3_COAL_SPV3GNODE,SPRV_3_COAL_SPV3GNODE,SPRV_3_COAL_SPV3GNODE,RTPD,LMP,LMP_PRC,SPRV_3_COAL_SPV3GNODE,ALL,1,28.98362,4,1
2022-09-02T05:45:00-00:00,2022-09-02T06:00:00-00:00,2022-09-01,23,SPRV_3_COAL_SPV3GNODE,SPRV_3_COAL_SPV3GNODE,SPRV_3_COAL_SPV3GNODE,RTPD,LMP,LMP_PRC,SPRV_3_COAL_SPV3GNODE,ALL,1,2.53416,4,1
2022-09-02T06:45:00-00:00,2022-09-02T07:00:00-00:00,2022-09-01,24,SPRV_3_COAL_SPV3GNODE,SPRV_3_COAL_SPV3GNODE,SPRV_3_COAL_SPV3GNODE,RTPD,LMP,LMP_PRC,SPRV_3_COAL_SPV3GNODE,ALL,1,45.05487,4,1
2022-09-01T07:00:00-00:00,2022-09-01T07:15:00-00:00,2022-09-01,01,SPRV_3_COAL_SPV3GNODE,SPRV_3_COAL_SPV3GNODE,SPRV_3_COAL_SPV3GNODE,RTPD,MCC,LMP_CONG_PRC,SPRV_3_COAL_SPV3GNODE,ALL,1,16.19243,1,2
2022-09-01T08:00:00-00:00,2022-09-01T08:15:00-00:00,2022-09-01,02,SPRV_3_COAL_SPV3GNODE,SPRV_3_COAL_SPV3GNODE,SPRV_3_COAL_SPV3GNODE,RTPD,MCC,LMP_CONG_PRC,SPRV_3_COAL_SPV3GNODE,ALL,1,2.39594,1,2
2022-09-01T09:00:00-00:00,2022-09-01T09:15:00-00:00,2022-09-01,03,SPRV_3_COAL_SPV3GNODE,SPRV_3_COAL_SPV3GNODE,SPRV_3_COAL_SPV3GNODE,RTPD,MCC,LMP_CONG_PRC,SPRV_3_COAL_SPV3GNODE,ALL,1,3.21151,1,2
2022-09-01T10:00:00-00:00,2022-09-01T10:15:00-00:00,2022-09-01,04,SPRV_3_COAL_SPV3GNODE,SPRV_3_COAL_SPV3GNODE,SPRV_3_COAL_SPV3GNODE,RTPD,MCC,LMP_CONG_PRC,SPRV_3_COAL_SPV3GNODE,ALL,1,2.83219,1,2
2022-09-01T11:00:00-00:00,2022-09-01T11:15:00-00:00,2022-09-01,05,SPRV_3_COAL_SPV3GNODE,SPRV_3_COAL_SPV3GNODE,SPRV_3_COAL_SPV3GNODE,RTPD,MCC,LMP_CONG_PRC,SPRV_3_COAL_SPV3GNODE,ALL,1,-0.0032,1,2
2022-09-01T12:00:00-00:00,2022-09-01T12:15:00-00:00,2022-09-01,06,SPRV_3_COAL_SPV3GNODE,SPRV_3_COAL_SPV3GNODE,SPRV_3_COAL_SPV3GNODE,RTPD,MCC,LMP_CONG_PRC,SPRV_3_COAL_SPV3GNODE,ALL,1,7.43302,1,2
2022-09-01T13:00:00-00:00,2022-09-01T13:15:00-00:00,2022-09-01,07,SPRV_3_COAL_SPV3GNODE,SPRV_3_COAL_SPV3GNODE,SPRV_3_COAL_SPV3GNODE,RTPD,MCC,LMP_CONG_PRC,SPRV_3_COAL_SPV3GNODE,ALL,1,10.21221,1,2
2022-09-01T14:00:00-00:00,2022-09-01T14:15:00-00:00,2022-09-01,08,SPRV_3_COAL_SPV3GNODE,SPRV_3_COAL_SPV3GNODE,SPRV_3_COAL_SPV3GNODE,RTPD,MCC,LMP_CONG_PRC,SPRV_3_COAL_SPV3GNODE,ALL,1,-19.25007,1,2
2022-09-01T15:00:00-00:00,2022-09-01T15:15:00-00:00,2022-09-01,09,SPRV_3_COAL_SPV3GNODE,SPRV_3_COAL_SPV3GNODE,SPRV_3_COAL_SPV3GNODE,RTPD,MCC,LMP_CONG_PRC,SPRV_3_COAL_SPV3GNODE,ALL,1,-52.41338,1,2
2022-09-01T16:00:00-00:00,2022-09-01T16:15:00-00:00,2022-09-01,10,SPRV_3_COAL_SPV3GNODE,SPRV_3_COAL_SPV3GNODE,SPRV_3_COAL_SPV3GNODE,RTPD,MCC,LMP_CONG_PRC,SPRV_3_COAL_SPV3GNODE,ALL,1,-38.02428,1,2
2022-09-01T17:00:00-00:00,2022-09-01T17:15:00-00:00,2022-09-01,11,SPRV_3_COAL_SPV3GNODE,SPRV_3_COAL_SPV3GNODE,SPRV_3_COAL_SPV3GNODE,RTPD,MCC,LMP_CONG_PRC,SPRV_3_COAL_SPV3GNODE,ALL,1,-22.19575,1,2
2022-09-01T18:00:00-00:00,2022-09-01T18:15:00-00:00,2022-09-01,12,SPRV_3_COAL_SPV3GNODE,SPRV_3_COAL_SPV3GNODE,SPRV_3_COAL_SPV3GNODE,RTPD,MCC,LMP_CONG_PRC,SPRV_3_COAL_SPV3GNODE,ALL,1,-14.90084,1,2
2022-09-01T19:00:00-00:00,2022-09-01T19:15:00-00:00,2022-09-01,13,SPRV_3_COAL_SPV3GNODE,SPRV_3_COAL_SPV3GNODE,SPRV_3_COAL_SPV3GNODE,RTPD,MCC,LMP_CONG_PRC,SPRV_3_COAL_SPV3GNODE,ALL,1,-38.54505,1,2
2022-09-01T20:00:00-00:00,2022-09-01T20:15:00-00:00,2022-09-01,14,SPRV_3_COAL_SPV3GNODE,SPRV_3_COAL_SPV3GNODE,SPRV_3_COAL_SPV3GNODE,RTPD,MCC,LMP_CONG_PRC,SPRV_3_COAL_SPV3GNODE,ALL,1,1.85132,1,2
2022-09-01T21:00:00-00:00,2022-09-01T21:15:00-00:00,2022-09-01,15,SPRV_3_COAL_SPV3GNODE,SPRV_3_COAL_SPV3GNODE,SPRV_3_COAL_SPV3GNODE,RTPD,MCC,LMP_CONG_PRC,SPRV_3_COAL_SPV3GNODE,ALL,1,-156.18375,1,2
2022-09-01T22:00:00-00:00,2022-09-01T22:15:00-00:00,2022-09-01,16,SPRV_3_COAL_SPV3GNODE,SPRV_3_COAL_SPV3GNODE,SPRV_3_COAL_SPV3GNODE,RTPD,MCC,LMP_CONG_PRC,SPRV_3_COAL_SPV3GNODE,ALL,1,-96.40095,1,2
2022-09-01T23:00:00-00:00,2022-09-01T23:15:00-00:00,2022-09-01,17,SPRV_3_COAL_SPV3GNODE,SPRV_3_COAL_SPV3GNODE,SPRV_3_COAL_SPV3GNODE,RTPD,MCC,LMP_CONG_PRC,SPRV_3_COAL_SPV3GNODE,ALL,1,-210.45534,1,2
2022-09-02T00:00:00-00:00,2022-09-02T00:15:00-00:00,2022-09-01,18,SPRV_3_COAL_SPV3GNODE,SPRV_3_COAL_SPV3GNODE,SPRV_3_COAL_SPV3GNODE,RTPD,MCC,LMP_CONG_PRC,SPRV_3_COAL_SPV3GNODE,ALL,1,-139.3868,1,2
2022-09-02T01:00:00-00:00,2022-09-02T01:15:00-00:00,2022-09-01,19,SPRV_3_COAL_SPV3GNODE,SPRV_3_COAL_SPV3GNODE,SPRV_3_COAL_SPV3GNODE,RTPD,MCC,LMP_CONG_PRC,SPRV_3_COAL_SPV3GNODE,ALL,1,86.08355,1,2
2022-09-02T02:00:00-00:00,2022-09-02T02:15:00-00:00,2022-09-01,20,SPRV_3_COAL_SPV3GNODE,SPRV_3_COAL_SPV3GNODE,SPRV_3_COAL_SPV3GNODE,RTPD,MCC,LMP_CONG_PRC,SPRV_3_COAL_SPV3GNODE,ALL,1,-96.89026,1,2
2022-09-02T03:00:00-00:00,2022-09-02T03:15:00-00:00,2022-09-01,21,SPRV_3_COAL_SPV3GNODE,SPRV_3_COAL_SPV3GNODE,SPRV_3_COAL_SPV3GNODE,RTPD,MCC,LMP_CONG_PRC,SPRV_3_COAL_SPV3GNODE,ALL,1,-307.846,1,2
2022-09-02T04:00:00-00:00,2022-09-02T04:15:00-00:00,2022-09-01,22,SPRV_3_COAL_SPV3GNODE,SPRV_3_COAL_SPV3GNODE,SPRV_3_COAL_SPV3GNODE,RTPD,MCC,LMP_CONG_PRC,SPRV_3_COAL_SPV3GNODE,ALL,1,-185.05112,1,2
2022-09-02T05:00:00-00:00,2022-09-02T05:15:00-00:00,2022-09-01,23,SPRV_3_COAL_SPV3GNODE,SPRV_3_COAL_SPV3GNODE,SPRV_3_COAL_SPV3GNODE,RTPD,MCC,LMP_CONG_PRC,SPRV_3_COAL_SPV3GNODE,ALL,1,-101.48474,1,2
2022-09-02T06:00:00-00:00,2022-09-02T06:15:00-00:00,2022-09-01,24,SPRV_3_COAL_SPV3GNODE,SPRV_3_COAL_SPV3GNODE,SPRV_3_COAL_SPV3GNODE,RTPD,MCC,LMP_CONG_PRC,SPRV_3_COAL_SPV3GNODE,ALL,1,-67.16442,1,2
2022-09-01T07:15:00-00:00,2022-09-01T07:30:00-00:00,2022-09-01,01,SPRV_3_COAL_SPV3GNODE,SPRV_3_COAL_SPV3GNODE,SPRV_3_COAL_SPV3GNODE,RTPD,MCC,LMP_CONG_PRC,SPRV_3_COAL_SPV3GNODE,ALL,1,7.06915,2,2
2022-09-01T08:15:00-00:00,2022-09-01T08:30:00-00:00,2022-09-01,02,SPRV_3_COAL_SPV3GNODE,SPRV_3_COAL_SPV3GNODE,SPRV_3_COAL_SPV3GNODE,RTPD,MCC,LMP_CONG_PRC,SPRV_3_COAL_SPV3GNODE,ALL,1,0.65224,2,2
2022-09-01T09:15:00-00:00,2022-09-01T09:30:00-00:00,2022-09-01,03,SPRV_3_COAL_SPV3GNODE,SPRV_3_COAL_SPV3GNODE,SPRV_3_COAL_SPV3GNODE,RTPD,MCC,LMP_CONG_PRC,SPRV_3_COAL_SPV3GNODE,ALL,1,4.24725,2,2
2022-09-01T10:15:00-00:00,2022-09-01T10:30:00-00:00,2022-09-01,04,SPRV_3_COAL_SPV3GNODE,SPRV_3_COAL_SPV3GNODE,SPRV_3_COAL_SPV3GNODE,RTPD,MCC,LMP_CONG_PRC,SPRV_3_COAL_SPV3GNODE,ALL,1,4.00752,2,2
2022-09-01T11:15:00-00:00,2022-09-01T11:30:00-00:00,2022-09-01,05,SPRV_3_COAL_SPV3GNODE,SPRV_3_COAL_SPV3GNODE,SPRV_3_COAL_SPV3GNODE,RTPD,MCC,LMP_CONG_PRC,SPRV_3_COAL_SPV3GNODE,ALL,1,-0.004,2,2
2022-09-01T12:15:00-00:00,2022-09-01T12:30:00-00:00,2022-09-01,06,SPRV_3_COAL_SPV3GNODE,SPRV_3_COAL_SPV3GNODE,SPRV_3_COAL_SPV3GNODE,RTPD,MCC,LMP_CONG_PRC,SPRV_3_COAL_SPV3GNODE,ALL,1,4.55476,2,2
2022-09-01T13:15:00-00:00,2022-09-01T13:30:00-00:00,2022-09-01,07,SPRV_3_COAL_SPV3GNODE,SPRV_3_COAL_SPV3GNODE,SPRV_3_COAL_SPV3GNODE,RTPD,MCC,LMP_CONG_PRC,SPRV_3_COAL_SPV3GNODE,ALL,1,0.43662,2,2
2022-09-01T14:15:00-00:00,2022-09-01T14:30:00-00:00,2022-09-01,08,SPRV_3_COAL_SPV3GNODE,SPRV_3_COAL_SPV3GNODE,SPRV_3_COAL_SPV3GNODE,RTPD,MCC,LMP_CONG_PRC,SPRV_3_COAL_SPV3GNODE,ALL,1,-24.53695,2,2
2022-09-01T15:15:00-00:00,2022-09-01T15:30:00-00:00,2022-09-01,09,SPRV_3_COAL_SPV3GNODE,SPRV_3_COAL_SPV3GNODE,SPRV_3_COAL_SPV3GNODE,RTPD,MCC,LMP_CONG_PRC,SPRV_3_COAL_SPV3GNODE,ALL,1,-55.47754,2,2
2022-09-01T16:15:00-00:00,2022-09-01T16:30:00-00:00,2022-09-01,10,SPRV_3_COAL_SPV3GNODE,SPRV_3_COAL_SPV3GNODE,SPRV_3_COAL_SPV3GNODE,RTPD,MCC,LMP_CONG_PRC,SPRV_3_COAL_SPV3GNODE,ALL,1,-34.62289,2,2
2022-09-01T17:15:00-00:00,2022-09-01T17:30:00-00:00,2022-09-01,11,SPRV_3_COAL_SPV3GNODE,SPRV_3_COAL_SPV3GNODE,SPRV_3_COAL_SPV3GNODE,RTPD,MCC,LMP_CONG_PRC,SPRV_3_COAL_SPV3GNODE,ALL,1,-21.72444,2,2
2022-09-01T18:15:00-00:00,2022-09-01T18:30:00-00:00,2022-09-01,12,SPRV_3_COAL_SPV3GNODE,SPRV_3_COAL_SPV3GNODE,SPRV_3_COAL_SPV3GNODE,RTPD,MCC,LMP_CONG_PRC,SPRV_3_COAL_SPV3GNODE,ALL,1,-25.50867,2,2
2022-09-01T19:15:00-00:00,2022-09-01T19:30:00-00:00,2022-09-01,13,SPRV_3_COAL_SPV3GNODE,SPRV_3_COAL_SPV3GNODE,SPRV_3_COAL_SPV3GNODE,RTPD,MCC,LMP_CONG_PRC,SPRV_3_COAL_SPV3GNODE,ALL,1,-15.97078,2,2
2022-09-01T20:15:00-00:00,2022-09-01T20:30:00-00:00,2022-09-01,14,SPRV_3_COAL_SPV3GNODE,SPRV_3_COAL_SPV3GNODE,SPRV_3_COAL_SPV3GNODE,RTPD,MCC,LMP_CONG_PRC,SPRV_3_COAL_SPV3GNODE,ALL,1,2.01844,2,2
2022-09-01T21:15:00-00:00,2022-09-01T21:30:00-00:00,2022-09-01,15,SPRV_3_COAL_SPV3GNODE,SPRV_3_COAL_SPV3GNODE,SPRV_3_COAL_SPV3GNODE,RTPD,MCC,LMP_CONG_PRC,SPRV_3_COAL_SPV3GNODE,ALL,1,-33.12116,2,2
2022-09-01T22:15:00-00:00,2022-09-01T22:30:00-00:00,2022-09-01,16,SPRV_3_COAL_SPV3GNODE,SPRV_3_COAL_SPV3GNODE,SPRV_3_COAL_SPV3GNODE,RTPD,MCC,LMP_CONG_PRC,SPRV_3_COAL_SPV3GNODE,ALL,1,-101.07945,2,2
2022-09-01T23:15:00-00:00,2022-09-01T23:30:00-00:00,2022-09-01,17,SPRV_3_COAL_SPV3GNODE,SPRV_3_COAL_SPV3GNODE,SPRV_3_COAL_SPV3GNODE,RTPD,MCC,LMP_CONG_PRC,SPRV_3_COAL_SPV3GNODE,ALL,1,-195.57568,2,2
2022-09-02T00:15:00-00:00,2022-09-02T00:30:00-00:00,2022-09-01,18,SPRV_3_COAL_SPV3GNODE,SPRV_3_COAL_SPV3GNODE,SPRV_3_COAL_SPV3GNODE,RTPD,MCC,LMP_CONG_PRC,SPRV_3_COAL_SPV3GNODE,ALL,1,-120.58137,2,2
2022-09-02T01:15:00-00:00,2022-09-02T01:30:00-00:00,2022-09-01,19,SPRV_3_COAL_SPV3GNODE,SPRV_3_COAL_SPV3GNODE,SPRV_3_COAL_SPV3GNODE,RTPD,MCC,LMP_CONG_PRC,SPRV_3_COAL_SPV3GNODE,ALL,1,-132.004,2,2
2022-09-02T02:15:00-00:00,2022-09-02T02:30:00-00:00,2022-09-01,20,SPRV_3_COAL_SPV3GNODE,SPRV_3_COAL_SPV3GNODE,SPRV_3_COAL_SPV3GNODE,RTPD,MCC,LMP_CONG_PRC,SPRV_3_COAL_SPV3GNODE,ALL,1,-0.0024,2,2
2022-09-02T03:15:00-00:00,2022-09-02T03:30:00-00:00,2022-09-01,21,SPRV_3_COAL_SPV3GNODE,SPRV_3_COAL_SPV3GNODE,SPRV_3_COAL_SPV3GNODE,RTPD,MCC,LMP_CONG_PRC,SPRV_3_COAL_SPV3GNODE,ALL,1,-109.1364,2,2
2022-09-02T04:15:00-00:00,2022-09-02T04:30:00-00:00,2022-09-01,22,SPRV_3_COAL_SPV3GNODE,SPRV_3_COAL_SPV3GNODE,SPRV_3_COAL_SPV3GNODE,RTPD,MCC,LMP_CONG_PRC,SPRV_3_COAL_SPV3GNODE,ALL,1,-152.7828,2,2
2022-09-02T05:15:00-00:00,2022-09-02T05:30:00-00:00,2022-09-01,23,SPRV_3_COAL_SPV3GNODE,SPRV_3_COAL_SPV3GNODE,SPRV_3_COAL_SPV3GNODE,RTPD,MCC,LMP_CONG_PRC,SPRV_3_COAL_SPV3GNODE,ALL,1,-97.08398,2,2
2022-09-02T06:15:00-00:00,2022-09-02T06:30:00-00:00,2022-09-01,24,SPRV_3_COAL_SPV3GNODE,SPRV_3_COAL_SPV3GNODE,SPRV_3_COAL_SPV3GNODE,RTPD,MCC,LMP_CONG_PRC,SPRV_3_COAL_SPV3GNODE,ALL,1,-32.33601,2,2
2022-09-01T07:30:00-00:00,2022-09-01T07:45:00-00:00,2022-09-01,01,SPRV_3_COAL_SPV3GNODE,SPRV_3_COAL_SPV3GNODE,SPRV_3_COAL_SPV3GNODE,RTPD,MCC,LMP_CONG_PRC,SPRV_3_COAL_SPV3GNODE,ALL,1,11.55551,3,2
2022-09-01T08:30:00-00:00,2022-09-01T08:45:00-00:00,2022-09-01,02,SPRV_3_COAL_SPV3GNODE,SPRV_3_COAL_SPV3GNODE,SPRV_3_COAL_SPV3GNODE,RTPD,MCC,LMP_CONG_PRC,SPRV_3_COAL_SPV3GNODE,ALL,1,-0.00178,3,2
2022-09-01T09:30:00-00:00,2022-09-01T09:45:00-00:00,2022-09-01,03,SPRV_3_COAL_SPV3GNODE,SPRV_3_COAL_SPV3GNODE,SPRV_3_COAL_SPV3GNODE,RTPD,MCC,LMP_CONG_PRC,SPRV_3_COAL_SPV3GNODE,ALL,1,4.20913,3,2
2022-09-01T10:30:00-00:00,2022-09-01T10:45:00-00:00,2022-09-01,04,SPRV_3_COAL_SPV3GNODE,SPRV_3_COAL_SPV3GNODE,SPRV_3_COAL_SPV3GNODE,RTPD,MCC,LMP_CONG_PRC,SPRV_3_COAL_SPV3GNODE,ALL,1,2.26596,3,2
2022-09-01T11:30:00-00:00,2022-09-01T11:45:00-00:00,2022-09-01,05,SPRV_3_COAL_SPV3GNODE,SPRV_3_COAL_SPV3GNODE,SPRV_3_COAL_SPV3GNODE,RTPD,MCC,LMP_CONG_PRC,SPRV_3_COAL_SPV3GNODE,ALL,1,-0.004,3,2
2022-09-01T12:30:00-00:00,2022-09-01T12:45:00-00:00,2022-09-01,06,SPRV_3_COAL_SPV3GNODE,SPRV_3_COAL_SPV3GNODE,SPRV_3_COAL_SPV3GNODE,RTPD,MCC,LMP_CONG_PRC,SPRV_3_COAL_SPV3GNODE,ALL,1,7.9125,3,2
2022-09-01T13:30:00-00:00,2022-09-01T13:45:00-00:00,2022-09-01,07,SPRV_3_COAL_SPV3GNODE,SPRV_3_COAL_SPV3GNODE,SPRV_3_COAL_SPV3GNODE,RTPD,MCC,LMP_CONG_PRC,SPRV_3_COAL_SPV3GNODE,ALL,1,-1.88234,3,2
2022-09-01T14:30:00-00:00,2022-09-01T14:45:00-00:00,2022-09-01,08,SPRV_3_COAL_SPV3GNODE,SPRV_3_COAL_SPV3GNODE,SPRV_3_COAL_SPV3GNODE,RTPD,MCC,LMP_CONG_PRC,SPRV_3_COAL_SPV3GNODE,ALL,1,-17.97284,3,2
2022-09-01T15:30:00-00:00,2022-09-01T15:45:00-00:00,2022-09-01,09,SPRV_3_COAL_SPV3GNODE,SPRV_3_COAL_SPV3GNODE,SPRV_3_COAL_SPV3GNODE,RTPD,MCC,LMP_CONG_PRC,SPRV_3_COAL_SPV3GNODE,ALL,1,-68.88834,3,2
2022-09-01T16:30:00-00:00,2022-09-01T16:45:00-00:00,2022-09-01,10,SPRV_3_COAL_SPV3GNODE,SPRV_3_COAL_SPV3GNODE,SPRV_3_COAL_SPV3GNODE,RTPD,MCC,LMP_CONG_PRC,SPRV_3_COAL_SPV3GNODE,ALL,1,-19.2138,3,2
2022-09-01T17:30:00-00:00,2022-09-01T17:45:00-00:00,2022-09-01,11,SPRV_3_COAL_SPV3GNODE,SPRV_3_COAL_SPV3GNODE,SPRV_3_COAL_SPV3GNODE,RTPD,MCC,LMP_CONG_PRC,SPRV_3_COAL_SPV3GNODE,ALL,1,-17.89853,3,2
2022-09-01T18:30:00-00:00,2022-09-01T18:45:00-00:00,2022-09-01,12,SPRV_3_COAL_SPV3GNODE,SPRV_3_COAL_SPV3GNODE,SPRV_3_COAL_SPV3GNODE,RTPD,MCC,LMP_CONG_PRC,SPRV_3_COAL_SPV3GNODE,ALL,1,-24.08724,3,2
2022-09-01T19:30:00-00:00,2022-09-01T19:45:00-00:00,2022-09-01,13,SPRV_3_COAL_SPV3GNODE,SPRV_3_COAL_SPV3GNODE,SPRV_3_COAL_SPV3GNODE,RTPD,MCC,LMP_CONG_PRC,SPRV_3_COAL_SPV3GNODE,ALL,1,-25.51657,3,2
2022-09-01T20:30:00-00:00,2022-09-01T20:45:00-00:00,2022-09-01,14,SPRV_3_COAL_SPV3GNODE,SPRV_3_COAL_SPV3GNODE,SPRV_3_COAL_SPV3GNODE,RTPD,MCC,LMP_CONG_PRC,SPRV_3_COAL_SPV3GNODE,ALL,1,7.85395,3,2
2022-09-01T21:30:00-00:00,2022-09-01T21:45:00-00:00,2022-09-01,15,SPRV_3_COAL_SPV3GNODE,SPRV_3_COAL_SPV3GNODE,SPRV_3_COAL_SPV3GNODE,RTPD,MCC,LMP_CONG_PRC,SPRV_3_COAL_SPV3GNODE,ALL,1,-44.18422,3,2
2022-09-01T22:30:00-00:00,2022-09-01T22:45:00-00:00,2022-09-01,16,SPRV_3_COAL_SPV3GNODE,SPRV_3_COAL_SPV3GNODE,SPRV_3_COAL_SPV3GNODE,RTPD,MCC,LMP_CONG_PRC,SPRV_3_COAL_SPV3GNODE,ALL,1,-134.30875,3,2
2022-09-01T23:30:00-00:00,2022-09-01T23:45:00-00:00,2022-09-01,17,SPRV_3_COAL_SPV3GNODE,SPRV_3_COAL_SPV3GNODE,SPRV_3_COAL_SPV3GNODE,RTPD,MCC,LMP_CONG_PRC,SPRV_3_COAL_SPV3GNODE,ALL,1,-356.90265,3,2
2022-09-02T00:30:00-00:00,2022-09-02T00:45:00-00:00,2022-09-01,18,SPRV_3_COAL_SPV3GNODE,SPRV_3_COAL_SPV3GNODE,SPRV_3_COAL_SPV3GNODE,RTPD,MCC,LMP_CONG_PRC,SPRV_3_COAL_SPV3GNODE,ALL,1,9.17086,3,2
2022-09-02T01:30:00-00:00,2022-09-02T01:45:00-00:00,2022-09-01,19,SPRV_3_COAL_SPV3GNODE,SPRV_3_COAL_SPV3GNODE,SPRV_3_COAL_SPV3GNODE,RTPD,MCC,LMP_CONG_PRC,SPRV_3_COAL_SPV3GNODE,ALL,1,-25.24871,3,2
2022-09-02T02:30:00-00:00,2022-09-02T02:45:00-00:00,2022-09-01,20,SPRV_3_COAL_SPV3GNODE,SPRV_3_COAL_SPV3GNODE,SPRV_3_COAL_SPV3GNODE,RTPD,MCC,LMP_CONG_PRC,SPRV_3_COAL_SPV3GNODE,ALL,1,-0.0024,3,2
2022-09-02T03:30:00-00:00,2022-09-02T03:45:00-00:00,2022-09-01,21,SPRV_3_COAL_SPV3GNODE,SPRV_3_COAL_SPV3GNODE,SPRV_3_COAL_SPV3GNODE,RTPD,MCC,LMP_CONG_PRC,SPRV_3_COAL_SPV3GNODE,ALL,1,-33.36564,3,2
2022-09-02T04:30:00-00:00,2022-09-02T04:45:00-00:00,2022-09-01,22,SPRV_3_COAL_SPV3GNODE,SPRV_3_COAL_SPV3GNODE,SPRV_3_COAL_SPV3GNODE,RTPD,MCC,LMP_CONG_PRC,SPRV_3_COAL_SPV3GNODE,ALL,1,-112.32778,3,2
2022-09-02T05:30:00-00:00,2022-09-02T05:45:00-00:00,2022-09-01,23,SPRV_3_COAL_SPV3GNODE,SPRV_3_COAL_SPV3GNODE,SPRV_3_COAL_SPV3GNODE,RTPD,MCC,LMP_CONG_PRC,SPRV_3_COAL_SPV3GNODE,ALL,1,-76.8486,3,2
2022-09-02T06:30:00-00:00,2022-09-02T06:45:00-00:00,2022-09-01,24,SPRV_3_COAL_SPV3GNODE,SPRV_3_COAL_SPV3GNODE,SPRV_3_COAL_SPV3GNODE,RTPD,MCC,LMP_CONG_PRC,SPRV_3_COAL_SPV3GNODE,ALL,1,-71.11,3,2
2022-09-01T07:45:00-00:00,2022-09-01T08:00:00-00:00,2022-09-01,01,SPRV_3_COAL_SPV3GNODE,SPRV_3_COAL_SPV3GNODE,SPRV_3_COAL_SPV3GNODE,RTPD,MCC,LMP_CONG_PRC,SPRV_3_COAL_SPV3GNODE,ALL,1,13.21343,4,2
2022-09-01T08:45:00-00:00,2022-09-01T09:00:00-00:00,2022-09-01,02,SPRV_3_COAL_SPV3GNODE,SPRV_3_COAL_SPV3GNODE,SPRV_3_COAL_SPV3GNODE,RTPD,MCC,LMP_CONG_PRC,SPRV_3_COAL_SPV3GNODE,ALL,1,3.22375,4,2
2022-09-01T09:45:00-00:00,2022-09-01T10:00:00-00:00,2022-09-01,03,SPRV_3_COAL_SPV3GNODE,SPRV_3_COAL_SPV3GNODE,SPRV_3_COAL_SPV3GNODE,RTPD,MCC,LMP_CONG_PRC,SPRV_3_COAL_SPV3GNODE,ALL,1,3.79767,4,2
2022-09-01T10:45:00-00:00,2022-09-01T11:00:00-00:00,2022-09-01,04,SPRV_3_COAL_SPV3GNODE,SPRV_3_COAL_SPV3GNODE,SPRV_3_COAL_SPV3GNODE,RTPD,MCC,LMP_CONG_PRC,SPRV_3_COAL_SPV3GNODE,ALL,1,0.89516,4,2
2022-09-01T11:45:00-00:00,2022-09-01T12:00:00-00:00,2022-09-01,05,SPRV_3_COAL_SPV3GNODE,SPRV_3_COAL_SPV3GNODE,SPRV_3_COAL_SPV3GNODE,RTPD,MCC,LMP_CONG_PRC,SPRV_3_COAL_SPV3GNODE,ALL,1,-0.0032,4,2
2022-09-01T12:45:00-00:00,2022-09-01T13:00:00-00:00,2022-09-01,06,SPRV_3_COAL_SPV3GNODE,SPRV_3_COAL_SPV3GNODE,SPRV_3_COAL_SPV3GNODE,RTPD,MCC,LMP_CONG_PRC,SPRV_3_COAL_SPV3GNODE,ALL,1,1.78727,4,2
2022-09-01T13:45:00-00:00,2022-09-01T14:00:00-00:00,2022-09-01,07,SPRV_3_COAL_SPV3GNODE,SPRV_3_COAL_SPV3GNODE,SPRV_3_COAL_SPV3GNODE,RTPD,MCC,LMP_CONG_PRC,SPRV_3_COAL_SPV3GNODE,ALL,1,-8.9415,4,2
2022-09-01T14:45:00-00:00,2022-09-01T15:00:00-00:00,2022-09-01,08,SPRV_3_COAL_SPV3GNODE,SPRV_3_COAL_SPV3GNODE,SPRV_3_COAL_SPV3GNODE,RTPD,MCC,LMP_CONG_PRC,SPRV_3_COAL_SPV3GNODE,ALL,1,-22.3886,4,2
2022-09-01T15:45:00-00:00,2022-09-01T16:00:00-00:00,2022-09-01,09,SPRV_3_COAL_SPV3GNODE,SPRV_3_COAL_SPV3GNODE,SPRV_3_COAL_SPV3GNODE,RTPD,MCC,LMP_CONG_PRC,SPRV_3_COAL_SPV3GNODE,ALL,1,-34.3939,4,2
2022-09-01T16:45:00-00:00,2022-09-01T17:00:00-00:00,2022-09-01,10,SPRV_3_COAL_SPV3GNODE,SPRV_3_COAL_SPV3GNODE,SPRV_3_COAL_SPV3GNODE,RTPD,MCC,LMP_CONG_PRC,SPRV_3_COAL_SPV3GNODE,ALL,1,-20.0501,4,2
2022-09-01T17:45:00-00:00,2022-09-01T18:00:00-00:00,2022-09-01,11,SPRV_3_COAL_SPV3GNODE,SPRV_3_COAL_SPV3GNODE,SPRV_3_COAL_SPV3GNODE,RTPD,MCC,LMP_CONG_PRC,SPRV_3_COAL_SPV3GNODE,ALL,1,-19.62665,4,2
2022-09-01T18:45:00-00:00,2022-09-01T19:00:00-00:00,2022-09-01,12,SPRV_3_COAL_SPV3GNODE,SPRV_3_COAL_SPV3GNODE,SPRV_3_COAL_SPV3GNODE,RTPD,MCC,LMP_CONG_PRC,SPRV_3_COAL_SPV3GNODE,ALL,1,-27.37521,4,2
2022-09-01T19:45:00-00:00,2022-09-01T20:00:00-00:00,2022-09-01,13,SPRV_3_COAL_SPV3GNODE,SPRV_3_COAL_SPV3GNODE,SPRV_3_COAL_SPV3GNODE,RTPD,MCC,LMP_CONG_PRC,SPRV_3_COAL_SPV3GNODE,ALL,1,-26.80801,4,2
2022-09-01T20:45:00-00:00,2022-09-01T21:00:00-00:00,2022-09-01,14,SPRV_3_COAL_SPV3GNODE,SPRV_3_COAL_SPV3GNODE,SPRV_3_COAL_SPV3GNODE,RTPD,MCC,LMP_CONG_PRC,SPRV_3_COAL_SPV3GNODE,ALL,1,-28.52699,4,2
2022-09-01T21:45:00-00:00,2022-09-01T22:00:00-00:00,2022-09-01,15,SPRV_3_COAL_SPV3GNODE,SPRV_3_COAL_SPV3GNODE,SPRV_3_COAL_SPV3GNODE,RTPD,MCC,LMP_CONG_PRC,SPRV_3_COAL_SPV3GNODE,ALL,1,-162.58904,4,2
2022-09-01T22:45:00-00:00,2022-09-01T23:00:00-00:00,2022-09-01,16,SPRV_3_COAL_SPV3GNODE,SPRV_3_COAL_SPV3GNODE,SPRV_3_COAL_SPV3GNODE,RTPD,MCC,LMP_CONG_PRC,SPRV_3_COAL_SPV3GNODE,ALL,1,-193.28445,4,2
2022-09-01T23:45:00-00:00,2022-09-02T00:00:00-00:00,2022-09-01,17,SPRV_3_COAL_SPV3GNODE,SPRV_3_COAL_SPV3GNODE,SPRV_3_COAL_SPV3GNODE,RTPD,MCC,LMP_CONG_PRC,SPRV_3_COAL_SPV3GNODE,ALL,1,-383.85382,4,2
2022-09-02T00:45:00-00:00,2022-09-02T01:00:00-00:00,2022-09-01,18,SPRV_3_COAL_SPV3GNODE,SPRV_3_COAL_SPV3GNODE,SPRV_3_COAL_SPV3GNODE,RTPD,MCC,LMP_CONG_PRC,SPRV_3_COAL_SPV3GNODE,ALL,1,-489.68414,4,2
2022-09-02T01:45:00-00:00,2022-09-02T02:00:00-00:00,2022-09-01,19,SPRV_3_COAL_SPV3GNODE,SPRV_3_COAL_SPV3GNODE,SPRV_3_COAL_SPV3GNODE,RTPD,MCC,LMP_CONG_PRC,SPRV_3_COAL_SPV3GNODE,ALL,1,-0.0024,4,2
2022-09-02T02:45:00-00:00,2022-09-02T03:00:00-00:00,2022-09-01,20,SPRV_3_COAL_SPV3GNODE,SPRV_3_COAL_SPV3GNODE,SPRV_3_COAL_SPV3GNODE,RTPD,MCC,LMP_CONG_PRC,SPRV_3_COAL_SPV3GNODE,ALL,1,-498.55203,4,2
2022-09-02T03:45:00-00:00,2022-09-02T04:00:00-00:00,2022-09-01,21,SPRV_3_COAL_SPV3GNODE,SPRV_3_COAL_SPV3GNODE,SPRV_3_COAL_SPV3GNODE,RTPD,MCC,LMP_CONG_PRC,SPRV_3_COAL_SPV3GNODE,ALL,1,-32.01883,4,2
2022-09-02T04:45:00-00:00,2022-09-02T05:00:00-00:00,2022-09-01,22,SPRV_3_COAL_SPV3GNODE,SPRV_3_COAL_SPV3GNODE,SPRV_3_COAL_SPV3GNODE,RTPD,MCC,LMP_CONG_PRC,SPRV_3_COAL_SPV3GNODE,ALL,1,-76.09009,4,2
2022-09-02T05:45:00-00:00,2022-09-02T06:00:00-00:00,2022-09-01,23,SPRV_3_COAL_SPV3GNODE,SPRV_3_COAL_SPV3GNODE,SPRV_3_COAL_SPV3GNODE,RTPD,MCC,LMP_CONG_PRC,SPRV_3_COAL_SPV3GNODE,ALL,1,-97.08933,4,2
2022-09-02T06:45:00-00:00,2022-09-02T07:00:00-00:00,2022-09-01,24,SPRV_3_COAL_SPV3GNODE,SPRV_3_COAL_SPV3GNODE,SPRV_3_COAL_SPV3GNODE,RTPD,MCC,LMP_CONG_PRC,SPRV_3_COAL_SPV3GNODE,ALL,1,-44.46655,4,2
2022-09-01T07:00:00-00:00,2022-09-01T07:15:00-00:00,2022-09-01,01,SPRV_3_COAL_SPV3GNODE,SPRV_3_COAL_SPV3GNODE,SPRV_3_COAL_SPV3GNODE,RTPD,MCE,LMP_ENE_PRC,SPRV_3_COAL_SPV3GNODE,ALL,1,104.23471,1,3
2022-09-01T08:00:00-00:00,2022-09-01T08:15:00-00:00,2022-09-01,02,SPRV_3_COAL_SPV3GNODE,SPRV_3_COAL_SPV3GNODE,SPRV_3_COAL_SPV3GNODE,RTPD,MCE,LMP_ENE_PRC,SPRV_3_COAL_SPV3GNODE,ALL,1,115.5488,1,3
2022-09-01T09:00:00-00:00,2022-09-01T09:15:00-00:00,2022-09-01,03,SPRV_3_COAL_SPV3GNODE,SPRV_3_COAL_SPV3GNODE,SPRV_3_COAL_SPV3GNODE,RTPD,MCE,LMP_ENE_PRC,SPRV_3_COAL_SPV3GNODE,ALL,1,99.73061,1,3
2022-09-01T10:00:00-00:00,2022-09-01T10:15:00-00:00,2022-09-01,04,SPRV_3_COAL_SPV3GNODE,SPRV_3_COAL_SPV3GNODE,SPRV_3_COAL_SPV3GNODE,RTPD,MCE,LMP_ENE_PRC,SPRV_3_COAL_SPV3GNODE,ALL,1,98.64222,1,3
2022-09-01T11:00:00-00:00,2022-09-01T11:15:00-00:00,2022-09-01,05,SPRV_3_COAL_SPV3GNODE,SPRV_3_COAL_SPV3GNODE,SPRV_3_COAL_SPV3GNODE,RTPD,MCE,LMP_ENE_PRC,SPRV_3_COAL_SPV3GNODE,ALL,1,102.56859,1,3
2022-09-01T12:00:00-00:00,2022-09-01T12:15:00-00:00,2022-09-01,06,SPRV_3_COAL_SPV3GNODE,SPRV_3_COAL_SPV3GNODE,SPRV_3_COAL_SPV3GNODE,RTPD,MCE,LMP_ENE_PRC,SPRV_3_COAL_SPV3GNODE,ALL,1,96.90845,1,3
2022-09-01T13:00:00-00:00,2022-09-01T13:15:00-00:00,2022-09-01,07,SPRV_3_COAL_SPV3GNODE,SPRV_3_COAL_SPV3GNODE,SPRV_3_COAL_SPV3GNODE,RTPD,MCE,LMP_ENE_PRC,SPRV_3_COAL_SPV3GNODE,ALL,1,101.80878,1,3
2022-09-01T14:00:00-00:00,2022-09-01T14:15:00-00:00,2022-09-01,08,SPRV_3_COAL_SPV3GNODE,SPRV_3_COAL_SPV3GNODE,SPRV_3_COAL_SPV3GNODE,RTPD,MCE,LMP_ENE_PRC,SPRV_3_COAL_SPV3GNODE,ALL,1,111.11219,1,3
2022-09-01T15:00:00-00:00,2022-09-01T15:15:00-00:00,2022-09-01,09,SPRV_3_COAL_SPV3GNODE,SPRV_3_COAL_SPV3GNODE,SPRV_3_COAL_SPV3GNODE,RTPD,MCE,LMP_ENE_PRC,SPRV_3_COAL_SPV3GNODE,ALL,1,97.4112,1,3
2022-09-01T16:00:00-00:00,2022-09-01T16:15:00-00:00,2022-09-01,10,SPRV_3_COAL_SPV3GNODE,SPRV_3_COAL_SPV3GNODE,SPRV_3_COAL_SPV3GNODE,RTPD,MCE,LMP_ENE_PRC,SPRV_3_COAL_SPV3GNODE,ALL,1,83.43525,1,3
2022-09-01T17:00:00-00:00,2022-09-01T17:15:00-00:00,2022-09-01,11,SPRV_3_COAL_SPV3GNODE,SPRV_3_COAL_SPV3GNODE,SPRV_3_COAL_SPV3GNODE,RTPD,MCE,LMP_ENE_PRC,SPRV_3_COAL_SPV3GNODE,ALL,1,96.94897,1,3
2022-09-01T18:00:00-00:00,2022-09-01T18:15:00-00:00,2022-09-01,12,SPRV_3_COAL_SPV3GNODE,SPRV_3_COAL_SPV3GNODE,SPRV_3_COAL_SPV3GNODE,RTPD,MCE,LMP_ENE_PRC,SPRV_3_COAL_SPV3GNODE,ALL,1,91.59291,1,3
2022-09-01T19:00:00-00:00,2022-09-01T19:15:00-00:00,2022-09-01,13,SPRV_3_COAL_SPV3GNODE,SPRV_3_COAL_SPV3GNODE,SPRV_3_COAL_SPV3GNODE,RTPD,MCE,LMP_ENE_PRC,SPRV_3_COAL_SPV3GNODE,ALL,1,109.19637,1,3
2022-09-01T20:00:00-00:00,2022-09-01T20:15:00-00:00,2022-09-01,14,SPRV_3_COAL_SPV3GNODE,SPRV_3_COAL_SPV3GNODE,SPRV_3_COAL_SPV3GNODE,RTPD,MCE,LMP_ENE_PRC,SPRV_3_COAL_SPV3GNODE,ALL,1,117.94359,1,3
2022-09-01T21:00:00-00:00,2022-09-01T21:15:00-00:00,2022-09-01,15,SPRV_3_COAL_SPV3GNODE,SPRV_3_COAL_SPV3GNODE,SPRV_3_COAL_SPV3GNODE,RTPD,MCE,LMP_ENE_PRC,SPRV_3_COAL_SPV3GNODE,ALL,1,226.61499,1,3
2022-09-01T22:00:00-00:00,2022-09-01T22:15:00-00:00,2022-09-01,16,SPRV_3_COAL_SPV3GNODE,SPRV_3_COAL_SPV3GNODE,SPRV_3_COAL_SPV3GNODE,RTPD,MCE,LMP_ENE_PRC,SPRV_3_COAL_SPV3GNODE,ALL,1,229.18552,1,3
2022-09-01T23:00:00-00:00,2022-09-01T23:15:00-00:00,2022-09-01,17,SPRV_3_COAL_SPV3GNODE,SPRV_3_COAL_SPV3GNODE,SPRV_3_COAL_SPV3GNODE,RTPD,MCE,LMP_ENE_PRC,SPRV_3_COAL_SPV3GNODE,ALL,1,386.7537,1,3
2022-09-02T00:00:00-00:00,2022-09-02T00:15:00-00:00,2022-09-01,18,SPRV_3_COAL_SPV3GNODE,SPRV_3_COAL_SPV3GNODE,SPRV_3_COAL_SPV3GNODE,RTPD,MCE,LMP_ENE_PRC,SPRV_3_COAL_SPV3GNODE,ALL,1,770.58136,1,3
2022-09-02T01:00:00-00:00,2022-09-02T01:15:00-00:00,2022-09-01,19,SPRV_3_COAL_SPV3GNODE,SPRV_3_COAL_SPV3GNODE,SPRV_3_COAL_SPV3GNODE,RTPD,MCE,LMP_ENE_PRC,SPRV_3_COAL_SPV3GNODE,ALL,1,916.27124,1,3
2022-09-02T02:00:00-00:00,2022-09-02T02:15:00-00:00,2022-09-01,20,SPRV_3_COAL_SPV3GNODE,SPRV_3_COAL_SPV3GNODE,SPRV_3_COAL_SPV3GNODE,RTPD,MCE,LMP_ENE_PRC,SPRV_3_COAL_SPV3GNODE,ALL,1,1991.6721,1,3
2022-09-02T03:00:00-00:00,2022-09-02T03:15:00-00:00,2022-09-01,21,SPRV_3_COAL_SPV3GNODE,SPRV_3_COAL_SPV3GNODE,SPRV_3_COAL_SPV3GNODE,RTPD,MCE,LMP_ENE_PRC,SPRV_3_COAL_SPV3GNODE,ALL,1,917.5508,1,3
2022-09-02T04:00:00-00:00,2022-09-02T04:15:00-00:00,2022-09-01,22,SPRV_3_COAL_SPV3GNODE,SPRV_3_COAL_SPV3GNODE,SPRV_3_COAL_SPV3GNODE,RTPD,MCE,LMP_ENE_PRC,SPRV_3_COAL_SPV3GNODE,ALL,1,257.83005,1,3
2022-09-02T05:00:00-00:00,2022-09-02T05:15:00-00:00,2022-09-01,23,SPRV_3_COAL_SPV3GNODE,SPRV_3_COAL_SPV3GNODE,SPRV_3_COAL_SPV3GNODE,RTPD,MCE,LMP_ENE_PRC,SPRV_3_COAL_SPV3GNODE,ALL,1,183.24657,1,3
2022-09-02T06:00:00-00:00,2022-09-02T06:15:00-00:00,2022-09-01,24,SPRV_3_COAL_SPV3GNODE,SPRV_3_COAL_SPV3GNODE,SPRV_3_COAL_SPV3GNODE,RTPD,MCE,LMP_ENE_PRC,SPRV_3_COAL_SPV3GNODE,ALL,1,158.867,1,3
2022-09-01T07:15:00-00:00,2022-09-01T07:30:00-00:00,2022-09-01,01,SPRV_3_COAL_SPV3GNODE,SPRV_3_COAL_SPV3GNODE,SPRV_3_COAL_SPV3GNODE,RTPD,MCE,LMP_ENE_PRC,SPRV_3_COAL_SPV3GNODE,ALL,1,125.55144,2,3
2022-09-01T08:15:00-00:00,2022-09-01T08:30:00-00:00,2022-09-01,02,SPRV_3_COAL_SPV3GNODE,SPRV_3_COAL_SPV3GNODE,SPRV_3_COAL_SPV3GNODE,RTPD,MCE,LMP_ENE_PRC,SPRV_3_COAL_SPV3GNODE,ALL,1,115.53165,2,3
2022-09-01T09:15:00-00:00,2022-09-01T09:30:00-00:00,2022-09-01,03,SPRV_3_COAL_SPV3GNODE,SPRV_3_COAL_SPV3GNODE,SPRV_3_COAL_SPV3GNODE,RTPD,MCE,LMP_ENE_PRC,SPRV_3_COAL_SPV3GNODE,ALL,1,98.30543,2,3
2022-09-01T10:15:00-00:00,2022-09-01T10:30:00-00:00,2022-09-01,04,SPRV_3_COAL_SPV3GNODE,SPRV_3_COAL_SPV3GNODE,SPRV_3_COAL_SPV3GNODE,RTPD,MCE,LMP_ENE_PRC,SPRV_3_COAL_SPV3GNODE,ALL,1,97.00684,2,3
2022-09-01T11:15:00-00:00,2022-09-01T11:30:00-00:00,2022-09-01,05,SPRV_3_COAL_SPV3GNODE,SPRV_3_COAL_SPV3GNODE,SPRV_3_COAL_SPV3GNODE,RTPD,MCE,LMP_ENE_PRC,SPRV_3_COAL_SPV3GNODE,ALL,1,103.09059,2,3
2022-09-01T12:15:00-00:00,2022-09-01T12:30:00-00:00,2022-09-01,06,SPRV_3_COAL_SPV3GNODE,SPRV_3_COAL_SPV3GNODE,SPRV_3_COAL_SPV3GNODE,RTPD,MCE,LMP_ENE_PRC,SPRV_3_COAL_SPV3GNODE,ALL,1,109.32203,2,3
2022-09-01T13:15:00-00:00,2022-09-01T13:30:00-00:00,2022-09-01,07,SPRV_3_COAL_SPV3GNODE,SPRV_3_COAL_SPV3GNODE,SPRV_3_COAL_SPV3GNODE,RTPD,MCE,LMP_ENE_PRC,SPRV_3_COAL_SPV3GNODE,ALL,1,110.97827,2,3
2022-09-01T14:15:00-00:00,2022-09-01T14:30:00-00:00,2022-09-01,08,SPRV_3_COAL_SPV3GNODE,SPRV_3_COAL_SPV3GNODE,SPRV_3_COAL_SPV3GNODE,RTPD,MCE,LMP_ENE_PRC,SPRV_3_COAL_SPV3GNODE,ALL,1,104.78743,2,3
2022-09-01T15:15:00-00:00,2022-09-01T15:30:00-00:00,2022-09-01,09,SPRV_3_COAL_SPV3GNODE,SPRV_3_COAL_SPV3GNODE,SPRV_3_COAL_SPV3GNODE,RTPD,MCE,LMP_ENE_PRC,SPRV_3_COAL_SPV3GNODE,ALL,1,86.9388,2,3
2022-09-01T16:15:00-00:00,2022-09-01T16:30:00-00:00,2022-09-01,10,SPRV_3_COAL_SPV3GNODE,SPRV_3_COAL_SPV3GNODE,SPRV_3_COAL_SPV3GNODE,RTPD,MCE,LMP_ENE_PRC,SPRV_3_COAL_SPV3GNODE,ALL,1,89.44858,2,3
2022-09-01T17:15:00-00:00,2022-09-01T17:30:00-00:00,2022-09-01,11,SPRV_3_COAL_SPV3GNODE,SPRV_3_COAL_SPV3GNODE,SPRV_3_COAL_SPV3GNODE,RTPD,MCE,LMP_ENE_PRC,SPRV_3_COAL_SPV3GNODE,ALL,1,99.34673,2,3
2022-09-01T18:15:00-00:00,2022-09-01T18:30:00-00:00,2022-09-01,12,SPRV_3_COAL_SPV3GNODE,SPRV_3_COAL_SPV3GNODE,SPRV_3_COAL_SPV3GNODE,RTPD,MCE,LMP_ENE_PRC,SPRV_3_COAL_SPV3GNODE,ALL,1,101.15901,2,3
2022-09-01T19:15:00-00:00,2022-09-01T19:30:00-00:00,2022-09-01,13,SPRV_3_COAL_SPV3GNODE,SPRV_3_COAL_SPV3GNODE,SPRV_3_COAL_SPV3GNODE,RTPD,MCE,LMP_ENE_PRC,SPRV_3_COAL_SPV3GNODE,ALL,1,105.30588,2,3
2022-09-01T20:15:00-00:00,2022-09-01T20:30:00-00:00,2022-09-01,14,SPRV_3_COAL_SPV3GNODE,SPRV_3_COAL_SPV3GNODE,SPRV_3_COAL_SPV3GNODE,RTPD,MCE,LMP_ENE_PRC,SPRV_3_COAL_SPV3GNODE,ALL,1,117.49421,2,3
2022-09-01T21:15:00-00:00,2022-09-01T21:30:00-00:00,2022-09-01,15,SPRV_3_COAL_SPV3GNODE,SPRV_3_COAL_SPV3GNODE,SPRV_3_COAL_SPV3GNODE,RTPD,MCE,LMP_ENE_PRC,SPRV_3_COAL_SPV3GNODE,ALL,1,147.21185,2,3
2022-09-01T22:15:00-00:00,2022-09-01T22:30:00-00:00,2022-09-01,16,SPRV_3_COAL_SPV3GNODE,SPRV_3_COAL_SPV3GNODE,SPRV_3_COAL_SPV3GNODE,RTPD,MCE,LMP_ENE_PRC,SPRV_3_COAL_SPV3GNODE,ALL,1,256.58734,2,3
2022-09-01T23:15:00-00:00,2022-09-01T23:30:00-00:00,2022-09-01,17,SPRV_3_COAL_SPV3GNODE,SPRV_3_COAL_SPV3GNODE,SPRV_3_COAL_SPV3GNODE,RTPD,MCE,LMP_ENE_PRC,SPRV_3_COAL_SPV3GNODE,ALL,1,362.12408,2,3
2022-09-02T00:15:00-00:00,2022-09-02T00:30:00-00:00,2022-09-01,18,SPRV_3_COAL_SPV3GNODE,SPRV_3_COAL_SPV3GNODE,SPRV_3_COAL_SPV3GNODE,RTPD,MCE,LMP_ENE_PRC,SPRV_3_COAL_SPV3GNODE,ALL,1,691.2182,2,3
2022-09-02T01:15:00-00:00,2022-09-02T01:30:00-00:00,2022-09-01,19,SPRV_3_COAL_SPV3GNODE,SPRV_3_COAL_SPV3GNODE,SPRV_3_COAL_SPV3GNODE,RTPD,MCE,LMP_ENE_PRC,SPRV_3_COAL_SPV3GNODE,ALL,1,1999.9933,2,3
2022-09-02T02:15:00-00:00,2022-09-02T02:30:00-00:00,2022-09-01,20,SPRV_3_COAL_SPV3GNODE,SPRV_3_COAL_SPV3GNODE,SPRV_3_COAL_SPV3GNODE,RTPD,MCE,LMP_ENE_PRC,SPRV_3_COAL_SPV3GNODE,ALL,1,1991.6721,2,3
2022-09-02T03:15:00-00:00,2022-09-02T03:30:00-00:00,2022-09-01,21,SPRV_3_COAL_SPV3GNODE,SPRV_3_COAL_SPV3GNODE,SPRV_3_COAL_SPV3GNODE,RTPD,MCE,LMP_ENE_PRC,SPRV_3_COAL_SPV3GNODE,ALL,1,400.52884,2,3
2022-09-02T04:15:00-00:00,2022-09-02T04:30:00-00:00,2022-09-01,22,SPRV_3_COAL_SPV3GNODE,SPRV_3_COAL_SPV3GNODE,SPRV_3_COAL_SPV3GNODE,RTPD,MCE,LMP_ENE_PRC,SPRV_3_COAL_SPV3GNODE,ALL,1,224.75041,2,3
2022-09-02T05:15:00-00:00,2022-09-02T05:30:00-00:00,2022-09-01,23,SPRV_3_COAL_SPV3GNODE,SPRV_3_COAL_SPV3GNODE,SPRV_3_COAL_SPV3GNODE,RTPD,MCE,LMP_ENE_PRC,SPRV_3_COAL_SPV3GNODE,ALL,1,157.11986,2,3
2022-09-02T06:15:00-00:00,2022-09-02T06:30:00-00:00,2022-09-01,24,SPRV_3_COAL_SPV3GNODE,SPRV_3_COAL_SPV3GNODE,SPRV_3_COAL_SPV3GNODE,RTPD,MCE,LMP_ENE_PRC,SPRV_3_COAL_SPV3GNODE,ALL,1,143.1005,2,3
2022-09-01T07:30:00-00:00,2022-09-01T07:45:00-00:00,2022-09-01,01,SPRV_3_COAL_SPV3GNODE,SPRV_3_COAL_SPV3GNODE,SPRV_3_COAL_SPV3GNODE,RTPD,MCE,LMP_ENE_PRC,SPRV_3_COAL_SPV3GNODE,ALL,1,119.03196,3,3
2022-09-01T08:30:00-00:00,2022-09-01T08:45:00-00:00,2022-09-01,02,SPRV_3_COAL_SPV3GNODE,SPRV_3_COAL_SPV3GNODE,SPRV_3_COAL_SPV3GNODE,RTPD,MCE,LMP_ENE_PRC,SPRV_3_COAL_SPV3GNODE,ALL,1,111.11241,3,3
2022-09-01T09:30:00-00:00,2022-09-01T09:45:00-00:00,2022-09-01,03,SPRV_3_COAL_SPV3GNODE,SPRV_3_COAL_SPV3GNODE,SPRV_3_COAL_SPV3GNODE,RTPD,MCE,LMP_ENE_PRC,SPRV_3_COAL_SPV3GNODE,ALL,1,98.16228,3,3
2022-09-01T10:30:00-00:00,2022-09-01T10:45:00-00:00,2022-09-01,04,SPRV_3_COAL_SPV3GNODE,SPRV_3_COAL_SPV3GNODE,SPRV_3_COAL_SPV3GNODE,RTPD,MCE,LMP_ENE_PRC,SPRV_3_COAL_SPV3GNODE,ALL,1,96.36226,3,3
2022-09-01T11:30:00-00:00,2022-09-01T11:45:00-00:00,2022-09-01,05,SPRV_3_COAL_SPV3GNODE,SPRV_3_COAL_SPV3GNODE,SPRV_3_COAL_SPV3GNODE,RTPD,MCE,LMP_ENE_PRC,SPRV_3_COAL_SPV3GNODE,ALL,1,103.06198,3,3
2022-09-01T12:30:00-00:00,2022-09-01T12:45:00-00:00,2022-09-01,06,SPRV_3_COAL_SPV3GNODE,SPRV_3_COAL_SPV3GNODE,SPRV_3_COAL_SPV3GNODE,RTPD,MCE,LMP_ENE_PRC,SPRV_3_COAL_SPV3GNODE,ALL,1,113.57403,3,3
2022-09-01T13:30:00-00:00,2022-09-01T13:45:00-00:00,2022-09-01,07,SPRV_3_COAL_SPV3GNODE,SPRV_3_COAL_SPV3GNODE,SPRV_3_COAL_SPV3GNODE,RTPD,MCE,LMP_ENE_PRC,SPRV_3_COAL_SPV3GNODE,ALL,1,111.52025,3,3
2022-09-01T14:30:00-00:00,2022-09-01T14:45:00-00:00,2022-09-01,08,SPRV_3_COAL_SPV3GNODE,SPRV_3_COAL_SPV3GNODE,SPRV_3_COAL_SPV3GNODE,RTPD,MCE,LMP_ENE_PRC,SPRV_3_COAL_SPV3GNODE,ALL,1,101.83428,3,3
2022-09-01T15:30:00-00:00,2022-09-01T15:45:00-00:00,2022-09-01,09,SPRV_3_COAL_SPV3GNODE,SPRV_3_COAL_SPV3GNODE,SPRV_3_COAL_SPV3GNODE,RTPD,MCE,LMP_ENE_PRC,SPRV_3_COAL_SPV3GNODE,ALL,1,86.1388,3,3
2022-09-01T16:30:00-00:00,2022-09-01T16:45:00-00:00,2022-09-01,10,SPRV_3_COAL_SPV3GNODE,SPRV_3_COAL_SPV3GNODE,SPRV_3_COAL_SPV3GNODE,RTPD,MCE,LMP_ENE_PRC,SPRV_3_COAL_SPV3GNODE,ALL,1,88.79644,3,3
2022-09-01T17:30:00-00:00,2022-09-01T17:45:00-00:00,2022-09-01,11,SPRV_3_COAL_SPV3GNODE,SPRV_3_COAL_SPV3GNODE,SPRV_3_COAL_SPV3GNODE,RTPD,MCE,LMP_ENE_PRC,SPRV_3_COAL_SPV3GNODE,ALL,1,99.13013,3,3
2022-09-01T18:30:00-00:00,2022-09-01T18:45:00-00:00,2022-09-01,12,SPRV_3_COAL_SPV3GNODE,SPRV_3_COAL_SPV3GNODE,SPRV_3_COAL_SPV3GNODE,RTPD,MCE,LMP_ENE_PRC,SPRV_3_COAL_SPV3GNODE,ALL,1,107.05718,3,3
2022-09-01T19:30:00-00:00,2022-09-01T19:45:00-00:00,2022-09-01,13,SPRV_3_COAL_SPV3GNODE,SPRV_3_COAL_SPV3GNODE,SPRV_3_COAL_SPV3GNODE,RTPD,MCE,LMP_ENE_PRC,SPRV_3_COAL_SPV3GNODE,ALL,1,114.05905,3,3
2022-09-01T20:30:00-00:00,2022-09-01T20:45:00-00:00,2022-09-01,14,SPRV_3_COAL_SPV3GNODE,SPRV_3_COAL_SPV3GNODE,SPRV_3_COAL_SPV3GNODE,RTPD,MCE,LMP_ENE_PRC,SPRV_3_COAL_SPV3GNODE,ALL,1,129.81606,3,3
2022-09-01T21:30:00-00:00,2022-09-01T21:45:00-00:00,2022-09-01,15,SPRV_3_COAL_SPV3GNODE,SPRV_3_COAL_SPV3GNODE,SPRV_3_COAL_SPV3GNODE,RTPD,MCE,LMP_ENE_PRC,SPRV_3_COAL_SPV3GNODE,ALL,1,152.93057,3,3
2022-09-01T22:30:00-00:00,2022-09-01T22:45:00-00:00,2022-09-01,16,SPRV_3_COAL_SPV3GNODE,SPRV_3_COAL_SPV3GNODE,SPRV_3_COAL_SPV3GNODE,RTPD,MCE,LMP_ENE_PRC,SPRV_3_COAL_SPV3GNODE,ALL,1,283.18182,3,3
2022-09-01T23:30:00-00:00,2022-09-01T23:45:00-00:00,2022-09-01,17,SPRV_3_COAL_SPV3GNODE,SPRV_3_COAL_SPV3GNODE,SPRV_3_COAL_SPV3GNODE,RTPD,MCE,LMP_ENE_PRC,SPRV_3_COAL_SPV3GNODE,ALL,1,566.48157,3,3
2022-09-02T00:30:00-00:00,2022-09-02T00:45:00-00:00,2022-09-01,18,SPRV_3_COAL_SPV3GNODE,SPRV_3_COAL_SPV3GNODE,SPRV_3_COAL_SPV3GNODE,RTPD,MCE,LMP_ENE_PRC,SPRV_3_COAL_SPV3GNODE,ALL,1,1329.1127,3,3
2022-09-02T01:30:00-00:00,2022-09-02T01:45:00-00:00,2022-09-01,19,SPRV_3_COAL_SPV3GNODE,SPRV_3_COAL_SPV3GNODE,SPRV_3_COAL_SPV3GNODE,RTPD,MCE,LMP_ENE_PRC,SPRV_3_COAL_SPV3GNODE,ALL,1,1999.9956,3,3
2022-09-02T02:30:00-00:00,2022-09-02T02:45:00-00:00,2022-09-01,20,SPRV_3_COAL_SPV3GNODE,SPRV_3_COAL_SPV3GNODE,SPRV_3_COAL_SPV3GNODE,RTPD,MCE,LMP_ENE_PRC,SPRV_3_COAL_SPV3GNODE,ALL,1,1991.671,3,3
2022-09-02T03:30:00-00:00,2022-09-02T03:45:00-00:00,2022-09-01,21,SPRV_3_COAL_SPV3GNODE,SPRV_3_COAL_SPV3GNODE,SPRV_3_COAL_SPV3GNODE,RTPD,MCE,LMP_ENE_PRC,SPRV_3_COAL_SPV3GNODE,ALL,1,186.61823,3,3
2022-09-02T04:30:00-00:00,2022-09-02T04:45:00-00:00,2022-09-01,22,SPRV_3_COAL_SPV3GNODE,SPRV_3_COAL_SPV3GNODE,SPRV_3_COAL_SPV3GNODE,RTPD,MCE,LMP_ENE_PRC,SPRV_3_COAL_SPV3GNODE,ALL,1,180.67824,3,3
2022-09-02T05:30:00-00:00,2022-09-02T05:45:00-00:00,2022-09-01,23,SPRV_3_COAL_SPV3GNODE,SPRV_3_COAL_SPV3GNODE,SPRV_3_COAL_SPV3GNODE,RTPD,MCE,LMP_ENE_PRC,SPRV_3_COAL_SPV3GNODE,ALL,1,131.69917,3,3
2022-09-02T06:30:00-00:00,2022-09-02T06:45:00-00:00,2022-09-01,24,SPRV_3_COAL_SPV3GNODE,SPRV_3_COAL_SPV3GNODE,SPRV_3_COAL_SPV3GNODE,RTPD,MCE,LMP_ENE_PRC,SPRV_3_COAL_SPV3GNODE,ALL,1,128.9871,3,3
2022-09-01T07:45:00-00:00,2022-09-01T08:00:00-00:00,2022-09-01,01,SPRV_3_COAL_SPV3GNODE,SPRV_3_COAL_SPV3GNODE,SPRV_3_COAL_SPV3GNODE,RTPD,MCE,LMP_ENE_PRC,SPRV_3_COAL_SPV3GNODE,ALL,1,109.12099,4,3
2022-09-01T08:45:00-00:00,2022-09-01T09:00:00-00:00,2022-09-01,02,SPRV_3_COAL_SPV3GNODE,SPRV_3_COAL_SPV3GNODE,SPRV_3_COAL_SPV3GNODE,RTPD,MCE,LMP_ENE_PRC,SPRV_3_COAL_SPV3GNODE,ALL,1,98.7357,4,3
2022-09-01T09:45:00-00:00,2022-09-01T10:00:00-00:00,2022-09-01,03,SPRV_3_COAL_SPV3GNODE,SPRV_3_COAL_SPV3GNODE,SPRV_3_COAL_SPV3GNODE,RTPD,MCE,LMP_ENE_PRC,SPRV_3_COAL_SPV3GNODE,ALL,1,97.50475,4,3
2022-09-01T10:45:00-00:00,2022-09-01T11:00:00-00:00,2022-09-01,04,SPRV_3_COAL_SPV3GNODE,SPRV_3_COAL_SPV3GNODE,SPRV_3_COAL_SPV3GNODE,RTPD,MCE,LMP_ENE_PRC,SPRV_3_COAL_SPV3GNODE,ALL,1,94.71966,4,3
2022-09-01T11:45:00-00:00,2022-09-01T12:00:00-00:00,2022-09-01,05,SPRV_3_COAL_SPV3GNODE,SPRV_3_COAL_SPV3GNODE,SPRV_3_COAL_SPV3GNODE,RTPD,MCE,LMP_ENE_PRC,SPRV_3_COAL_SPV3GNODE,ALL,1,107.01,4,3
2022-09-01T12:45:00-00:00,2022-09-01T13:00:00-00:00,2022-09-01,06,SPRV_3_COAL_SPV3GNODE,SPRV_3_COAL_SPV3GNODE,SPRV_3_COAL_SPV3GNODE,RTPD,MCE,LMP_ENE_PRC,SPRV_3_COAL_SPV3GNODE,ALL,1,116.4848,4,3
2022-09-01T13:45:00-00:00,2022-09-01T14:00:00-00:00,2022-09-01,07,SPRV_3_COAL_SPV3GNODE,SPRV_3_COAL_SPV3GNODE,SPRV_3_COAL_SPV3GNODE,RTPD,MCE,LMP_ENE_PRC,SPRV_3_COAL_SPV3GNODE,ALL,1,111.41,4,3
2022-09-01T14:45:00-00:00,2022-09-01T15:00:00-00:00,2022-09-01,08,SPRV_3_COAL_SPV3GNODE,SPRV_3_COAL_SPV3GNODE,SPRV_3_COAL_SPV3GNODE,RTPD,MCE,LMP_ENE_PRC,SPRV_3_COAL_SPV3GNODE,ALL,1,86.1388,4,3
2022-09-01T15:45:00-00:00,2022-09-01T16:00:00-00:00,2022-09-01,09,SPRV_3_COAL_SPV3GNODE,SPRV_3_COAL_SPV3GNODE,SPRV_3_COAL_SPV3GNODE,RTPD,MCE,LMP_ENE_PRC,SPRV_3_COAL_SPV3GNODE,ALL,1,78.70076,4,3
2022-09-01T16:45:00-00:00,2022-09-01T17:00:00-00:00,2022-09-01,10,SPRV_3_COAL_SPV3GNODE,SPRV_3_COAL_SPV3GNODE,SPRV_3_COAL_SPV3GNODE,RTPD,MCE,LMP_ENE_PRC,SPRV_3_COAL_SPV3GNODE,ALL,1,91.24933,4,3
2022-09-01T17:45:00-00:00,2022-09-01T18:00:00-00:00,2022-09-01,11,SPRV_3_COAL_SPV3GNODE,SPRV_3_COAL_SPV3GNODE,SPRV_3_COAL_SPV3GNODE,RTPD,MCE,LMP_ENE_PRC,SPRV_3_COAL_SPV3GNODE,ALL,1,99.20544,4,3
2022-09-01T18:45:00-00:00,2022-09-01T19:00:00-00:00,2022-09-01,12,SPRV_3_COAL_SPV3GNODE,SPRV_3_COAL_SPV3GNODE,SPRV_3_COAL_SPV3GNODE,RTPD,MCE,LMP_ENE_PRC,SPRV_3_COAL_SPV3GNODE,ALL,1,109.04064,4,3
2022-09-01T19:45:00-00:00,2022-09-01T20:00:00-00:00,2022-09-01,13,SPRV_3_COAL_SPV3GNODE,SPRV_3_COAL_SPV3GNODE,SPRV_3_COAL_SPV3GNODE,RTPD,MCE,LMP_ENE_PRC,SPRV_3_COAL_SPV3GNODE,ALL,1,120.22491,4,3
2022-09-01T20:45:00-00:00,2022-09-01T21:00:00-00:00,2022-09-01,14,SPRV_3_COAL_SPV3GNODE,SPRV_3_COAL_SPV3GNODE,SPRV_3_COAL_SPV3GNODE,RTPD,MCE,LMP_ENE_PRC,SPRV_3_COAL_SPV3GNODE,ALL,1,154.02509,4,3
2022-09-01T21:45:00-00:00,2022-09-01T22:00:00-00:00,2022-09-01,15,SPRV_3_COAL_SPV3GNODE,SPRV_3_COAL_SPV3GNODE,SPRV_3_COAL_SPV3GNODE,RTPD,MCE,LMP_ENE_PRC,SPRV_3_COAL_SPV3GNODE,ALL,1,300.29376,4,3
2022-09-01T22:45:00-00:00,2022-09-01T23:00:00-00:00,2022-09-01,16,SPRV_3_COAL_SPV3GNODE,SPRV_3_COAL_SPV3GNODE,SPRV_3_COAL_SPV3GNODE,RTPD,MCE,LMP_ENE_PRC,SPRV_3_COAL_SPV3GNODE,ALL,1,429.9137,4,3
2022-09-01T23:45:00-00:00,2022-09-02T00:00:00-00:00,2022-09-01,17,SPRV_3_COAL_SPV3GNODE,SPRV_3_COAL_SPV3GNODE,SPRV_3_COAL_SPV3GNODE,RTPD,MCE,LMP_ENE_PRC,SPRV_3_COAL_SPV3GNODE,ALL,1,1261.2124,4,3
2022-09-02T00:45:00-00:00,2022-09-02T01:00:00-00:00,2022-09-01,18,SPRV_3_COAL_SPV3GNODE,SPRV_3_COAL_SPV3GNODE,SPRV_3_COAL_SPV3GNODE,RTPD,MCE,LMP_ENE_PRC,SPRV_3_COAL_SPV3GNODE,ALL,1,1519.149,4,3
2022-09-02T01:45:00-00:00,2022-09-02T02:00:00-00:00,2022-09-01,19,SPRV_3_COAL_SPV3GNODE,SPRV_3_COAL_SPV3GNODE,SPRV_3_COAL_SPV3GNODE,RTPD,MCE,LMP_ENE_PRC,SPRV_3_COAL_SPV3GNODE,ALL,1,1991.9337,4,3
2022-09-02T02:45:00-00:00,2022-09-02T03:00:00-00:00,2022-09-01,20,SPRV_3_COAL_SPV3GNODE,SPRV_3_COAL_SPV3GNODE,SPRV_3_COAL_SPV3GNODE,RTPD,MCE,LMP_ENE_PRC,SPRV_3_COAL_SPV3GNODE,ALL,1,1629.6213,4,3
2022-09-02T03:45:00-00:00,2022-09-02T04:00:00-00:00,2022-09-01,21,SPRV_3_COAL_SPV3GNODE,SPRV_3_COAL_SPV3GNODE,SPRV_3_COAL_SPV3GNODE,RTPD,MCE,LMP_ENE_PRC,SPRV_3_COAL_SPV3GNODE,ALL,1,141.13702,4,3
2022-09-02T04:45:00-00:00,2022-09-02T05:00:00-00:00,2022-09-01,22,SPRV_3_COAL_SPV3GNODE,SPRV_3_COAL_SPV3GNODE,SPRV_3_COAL_SPV3GNODE,RTPD,MCE,LMP_ENE_PRC,SPRV_3_COAL_SPV3GNODE,ALL,1,126.76372,4,3
2022-09-02T05:45:00-00:00,2022-09-02T06:00:00-00:00,2022-09-01,23,SPRV_3_COAL_SPV3GNODE,SPRV_3_COAL_SPV3GNODE,SPRV_3_COAL_SPV3GNODE,RTPD,MCE,LMP_ENE_PRC,SPRV_3_COAL_SPV3GNODE,ALL,1,119.00958,4,3
2022-09-02T06:45:00-00:00,2022-09-02T07:00:00-00:00,2022-09-01,24,SPRV_3_COAL_SPV3GNODE,SPRV_3_COAL_SPV3GNODE,SPRV_3_COAL_SPV3GNODE,RTPD,MCE,LMP_ENE_PRC,SPRV_3_COAL_SPV3GNODE,ALL,1,109.20324,4,3
2022-09-01T07:00:00-00:00,2022-09-01T07:15:00-00:00,2022-09-01,01,SPRV_3_COAL_SPV3GNODE,SPRV_3_COAL_SPV3GNODE,SPRV_3_COAL_SPV3GNODE,RTPD,MCL,LMP_LOSS_PRC,SPRV_3_COAL_SPV3GNODE,ALL,1,-2.22678,1,4
2022-09-01T08:00:00-00:00,2022-09-01T08:15:00-00:00,2022-09-01,02,SPRV_3_COAL_SPV3GNODE,SPRV_3_COAL_SPV3GNODE,SPRV_3_COAL_SPV3GNODE,RTPD,MCL,LMP_LOSS_PRC,SPRV_3_COAL_SPV3GNODE,ALL,1,0,1,4
2022-09-01T09:00:00-00:00,2022-09-01T09:15:00-00:00,2022-09-01,03,SPRV_3_COAL_SPV3GNODE,SPRV_3_COAL_SPV3GNODE,SPRV_3_COAL_SPV3GNODE,RTPD,MCL,LMP_LOSS_PRC,SPRV_3_COAL_SPV3GNODE,ALL,1,-2.56542,1,4
2022-09-01T10:00:00-00:00,2022-09-01T10:15:00-00:00,2022-09-01,04,SPRV_3_COAL_SPV3GNODE,SPRV_3_COAL_SPV3GNODE,SPRV_3_COAL_SPV3GNODE,RTPD,MCL,LMP_LOSS_PRC,SPRV_3_COAL_SPV3GNODE,ALL,1,-2.05923,1,4
2022-09-01T11:00:00-00:00,2022-09-01T11:15:00-00:00,2022-09-01,05,SPRV_3_COAL_SPV3GNODE,SPRV_3_COAL_SPV3GNODE,SPRV_3_COAL_SPV3GNODE,RTPD,MCL,LMP_LOSS_PRC,SPRV_3_COAL_SPV3GNODE,ALL,1,-2.45682,1,4
2022-09-01T12:00:00-00:00,2022-09-01T12:15:00-00:00,2022-09-01,06,SPRV_3_COAL_SPV3GNODE,SPRV_3_COAL_SPV3GNODE,SPRV_3_COAL_SPV3GNODE,RTPD,MCL,LMP_LOSS_PRC,SPRV_3_COAL_SPV3GNODE,ALL,1,-3.05316,1,4
2022-09-01T13:00:00-00:00,2022-09-01T13:15:00-00:00,2022-09-01,07,SPRV_3_COAL_SPV3GNODE,SPRV_3_COAL_SPV3GNODE,SPRV_3_COAL_SPV3GNODE,RTPD,MCL,LMP_LOSS_PRC,SPRV_3_COAL_SPV3GNODE,ALL,1,0,1,4
2022-09-01T14:00:00-00:00,2022-09-01T14:15:00-00:00,2022-09-01,08,SPRV_3_COAL_SPV3GNODE,SPRV_3_COAL_SPV3GNODE,SPRV_3_COAL_SPV3GNODE,RTPD,MCL,LMP_LOSS_PRC,SPRV_3_COAL_SPV3GNODE,ALL,1,-5.16645,1,4
2022-09-01T15:00:00-00:00,2022-09-01T15:15:00-00:00,2022-09-01,09,SPRV_3_COAL_SPV3GNODE,SPRV_3_COAL_SPV3GNODE,SPRV_3_COAL_SPV3GNODE,RTPD,MCL,LMP_LOSS_PRC,SPRV_3_COAL_SPV3GNODE,ALL,1,0,1,4
2022-09-01T16:00:00-00:00,2022-09-01T16:15:00-00:00,2022-09-01,10,SPRV_3_COAL_SPV3GNODE,SPRV_3_COAL_SPV3GNODE,SPRV_3_COAL_SPV3GNODE,RTPD,MCL,LMP_LOSS_PRC,SPRV_3_COAL_SPV3GNODE,ALL,1,0,1,4
2022-09-01T17:00:00-00:00,2022-09-01T17:15:00-00:00,2022-09-01,11,SPRV_3_COAL_SPV3GNODE,SPRV_3_COAL_SPV3GNODE,SPRV_3_COAL_SPV3GNODE,RTPD,MCL,LMP_LOSS_PRC,SPRV_3_COAL_SPV3GNODE,ALL,1,0,1,4
2022-09-01T18:00:00-00:00,2022-09-01T18:15:00-00:00,2022-09-01,12,SPRV_3_COAL_SPV3GNODE,SPRV_3_COAL_SPV3GNODE,SPRV_3_COAL_SPV3GNODE,RTPD,MCL,LMP_LOSS_PRC,SPRV_3_COAL_SPV3GNODE,ALL,1,0,1,4
2022-09-01T19:00:00-00:00,2022-09-01T19:15:00-00:00,2022-09-01,13,SPRV_3_COAL_SPV3GNODE,SPRV_3_COAL_SPV3GNODE,SPRV_3_COAL_SPV3GNODE,RTPD,MCL,LMP_LOSS_PRC,SPRV_3_COAL_SPV3GNODE,ALL,1,0,1,4
2022-09-01T20:00:00-00:00,2022-09-01T20:15:00-00:00,2022-09-01,14,SPRV_3_COAL_SPV3GNODE,SPRV_3_COAL_SPV3GNODE,SPRV_3_COAL_SPV3GNODE,RTPD,MCL,LMP_LOSS_PRC,SPRV_3_COAL_SPV3GNODE,ALL,1,0,1,4
2022-09-01T21:00:00-00:00,2022-09-01T21:15:00-00:00,2022-09-01,15,SPRV_3_COAL_SPV3GNODE,SPRV_3_COAL_SPV3GNODE,SPRV_3_COAL_SPV3GNODE,RTPD,MCL,LMP_LOSS_PRC,SPRV_3_COAL_SPV3GNODE,ALL,1,0,1,4
2022-09-01T22:00:00-00:00,2022-09-01T22:15:00-00:00,2022-09-01,16,SPRV_3_COAL_SPV3GNODE,SPRV_3_COAL_SPV3GNODE,SPRV_3_COAL_SPV3GNODE,RTPD,MCL,LMP_LOSS_PRC,SPRV_3_COAL_SPV3GNODE,ALL,1,0,1,4
2022-09-01T23:00:00-00:00,2022-09-01T23:15:00-00:00,2022-09-01,17,SPRV_3_COAL_SPV3GNODE,SPRV_3_COAL_SPV3GNODE,SPRV_3_COAL_SPV3GNODE,RTPD,MCL,LMP_LOSS_PRC,SPRV_3_COAL_SPV3GNODE,ALL,1,0,1,4
2022-09-02T00:00:00-00:00,2022-09-02T00:15:00-00:00,2022-09-01,18,SPRV_3_COAL_SPV3GNODE,SPRV_3_COAL_SPV3GNODE,SPRV_3_COAL_SPV3GNODE,RTPD,MCL,LMP_LOSS_PRC,SPRV_3_COAL_SPV3GNODE,ALL,1,-77.6518,1,4
2022-09-02T01:00:00-00:00,2022-09-02T01:15:00-00:00,2022-09-01,19,SPRV_3_COAL_SPV3GNODE,SPRV_3_COAL_SPV3GNODE,SPRV_3_COAL_SPV3GNODE,RTPD,MCL,LMP_LOSS_PRC,SPRV_3_COAL_SPV3GNODE,ALL,1,0,1,4
2022-09-02T02:00:00-00:00,2022-09-02T02:15:00-00:00,2022-09-01,20,SPRV_3_COAL_SPV3GNODE,SPRV_3_COAL_SPV3GNODE,SPRV_3_COAL_SPV3GNODE,RTPD,MCL,LMP_LOSS_PRC,SPRV_3_COAL_SPV3GNODE,ALL,1,0,1,4
2022-09-02T03:00:00-00:00,2022-09-02T03:15:00-00:00,2022-09-01,21,SPRV_3_COAL_SPV3GNODE,SPRV_3_COAL_SPV3GNODE,SPRV_3_COAL_SPV3GNODE,RTPD,MCL,LMP_LOSS_PRC,SPRV_3_COAL_SPV3GNODE,ALL,1,-70.82248,1,4
2022-09-02T04:00:00-00:00,2022-09-02T04:15:00-00:00,2022-09-01,22,SPRV_3_COAL_SPV3GNODE,SPRV_3_COAL_SPV3GNODE,SPRV_3_COAL_SPV3GNODE,RTPD,MCL,LMP_LOSS_PRC,SPRV_3_COAL_SPV3GNODE,ALL,1,-14.2687,1,4
2022-09-02T05:00:00-00:00,2022-09-02T05:15:00-00:00,2022-09-01,23,SPRV_3_COAL_SPV3GNODE,SPRV_3_COAL_SPV3GNODE,SPRV_3_COAL_SPV3GNODE,RTPD,MCL,LMP_LOSS_PRC,SPRV_3_COAL_SPV3GNODE,ALL,1,-12.05651,1,4
2022-09-02T06:00:00-00:00,2022-09-02T06:15:00-00:00,2022-09-01,24,SPRV_3_COAL_SPV3GNODE,SPRV_3_COAL_SPV3GNODE,SPRV_3_COAL_SPV3GNODE,RTPD,MCL,LMP_LOSS_PRC,SPRV_3_COAL_SPV3GNODE,ALL,1,-9.58502,1,4
2022-09-01T07:15:00-00:00,2022-09-01T07:30:00-00:00,2022-09-01,01,SPRV_3_COAL_SPV3GNODE,SPRV_3_COAL_SPV3GNODE,SPRV_3_COAL_SPV3GNODE,RTPD,MCL,LMP_LOSS_PRC,SPRV_3_COAL_SPV3GNODE,ALL,1,0,2,4
2022-09-01T08:15:00-00:00,2022-09-01T08:30:00-00:00,2022-09-01,02,SPRV_3_COAL_SPV3GNODE,SPRV_3_COAL_SPV3GNODE,SPRV_3_COAL_SPV3GNODE,RTPD,MCL,LMP_LOSS_PRC,SPRV_3_COAL_SPV3GNODE,ALL,1,0,2,4
2022-09-01T09:15:00-00:00,2022-09-01T09:30:00-00:00,2022-09-01,03,SPRV_3_COAL_SPV3GNODE,SPRV_3_COAL_SPV3GNODE,SPRV_3_COAL_SPV3GNODE,RTPD,MCL,LMP_LOSS_PRC,SPRV_3_COAL_SPV3GNODE,ALL,1,-2.45429,2,4
2022-09-01T10:15:00-00:00,2022-09-01T10:30:00-00:00,2022-09-01,04,SPRV_3_COAL_SPV3GNODE,SPRV_3_COAL_SPV3GNODE,SPRV_3_COAL_SPV3GNODE,RTPD,MCL,LMP_LOSS_PRC,SPRV_3_COAL_SPV3GNODE,ALL,1,-1.95113,2,4
2022-09-01T11:15:00-00:00,2022-09-01T11:30:00-00:00,2022-09-01,05,SPRV_3_COAL_SPV3GNODE,SPRV_3_COAL_SPV3GNODE,SPRV_3_COAL_SPV3GNODE,RTPD,MCL,LMP_LOSS_PRC,SPRV_3_COAL_SPV3GNODE,ALL,1,-2.38806,2,4
2022-09-01T12:15:00-00:00,2022-09-01T12:30:00-00:00,2022-09-01,06,SPRV_3_COAL_SPV3GNODE,SPRV_3_COAL_SPV3GNODE,SPRV_3_COAL_SPV3GNODE,RTPD,MCL,LMP_LOSS_PRC,SPRV_3_COAL_SPV3GNODE,ALL,1,-3.97024,2,4
2022-09-01T13:15:00-00:00,2022-09-01T13:30:00-00:00,2022-09-01,07,SPRV_3_COAL_SPV3GNODE,SPRV_3_COAL_SPV3GNODE,SPRV_3_COAL_SPV3GNODE,RTPD,MCL,LMP_LOSS_PRC,SPRV_3_COAL_SPV3GNODE,ALL,1,-2.99442,2,4
2022-09-01T14:15:00-00:00,2022-09-01T14:30:00-00:00,2022-09-01,08,SPRV_3_COAL_SPV3GNODE,SPRV_3_COAL_SPV3GNODE,SPRV_3_COAL_SPV3GNODE,RTPD,MCL,LMP_LOSS_PRC,SPRV_3_COAL_SPV3GNODE,ALL,1,-4.96257,2,4
2022-09-01T15:15:00-00:00,2022-09-01T15:30:00-00:00,2022-09-01,09,SPRV_3_COAL_SPV3GNODE,SPRV_3_COAL_SPV3GNODE,SPRV_3_COAL_SPV3GNODE,RTPD,MCL,LMP_LOSS_PRC,SPRV_3_COAL_SPV3GNODE,ALL,1,0,2,4
2022-09-01T16:15:00-00:00,2022-09-01T16:30:00-00:00,2022-09-01,10,SPRV_3_COAL_SPV3GNODE,SPRV_3_COAL_SPV3GNODE,SPRV_3_COAL_SPV3GNODE,RTPD,MCL,LMP_LOSS_PRC,SPRV_3_COAL_SPV3GNODE,ALL,1,0,2,4
2022-09-01T17:15:00-00:00,2022-09-01T17:30:00-00:00,2022-09-01,11,SPRV_3_COAL_SPV3GNODE,SPRV_3_COAL_SPV3GNODE,SPRV_3_COAL_SPV3GNODE,RTPD,MCL,LMP_LOSS_PRC,SPRV_3_COAL_SPV3GNODE,ALL,1,0,2,4
2022-09-01T18:15:00-00:00,2022-09-01T18:30:00-00:00,2022-09-01,12,SPRV_3_COAL_SPV3GNODE,SPRV_3_COAL_SPV3GNODE,SPRV_3_COAL_SPV3GNODE,RTPD,MCL,LMP_LOSS_PRC,SPRV_3_COAL_SPV3GNODE,ALL,1,0,2,4
2022-09-01T19:15:00-00:00,2022-09-01T19:30:00-00:00,2022-09-01,13,SPRV_3_COAL_SPV3GNODE,SPRV_3_COAL_SPV3GNODE,SPRV_3_COAL_SPV3GNODE,RTPD,MCL,LMP_LOSS_PRC,SPRV_3_COAL_SPV3GNODE,ALL,1,0,2,4
2022-09-01T20:15:00-00:00,2022-09-01T20:30:00-00:00,2022-09-01,14,SPRV_3_COAL_SPV3GNODE,SPRV_3_COAL_SPV3GNODE,SPRV_3_COAL_SPV3GNODE,RTPD,MCL,LMP_LOSS_PRC,SPRV_3_COAL_SPV3GNODE,ALL,1,0,2,4
2022-09-01T21:15:00-00:00,2022-09-01T21:30:00-00:00,2022-09-01,15,SPRV_3_COAL_SPV3GNODE,SPRV_3_COAL_SPV3GNODE,SPRV_3_COAL_SPV3GNODE,RTPD,MCL,LMP_LOSS_PRC,SPRV_3_COAL_SPV3GNODE,ALL,1,0,2,4
2022-09-01T22:15:00-00:00,2022-09-01T22:30:00-00:00,2022-09-01,16,SPRV_3_COAL_SPV3GNODE,SPRV_3_COAL_SPV3GNODE,SPRV_3_COAL_SPV3GNODE,RTPD,MCL,LMP_LOSS_PRC,SPRV_3_COAL_SPV3GNODE,ALL,1,0,2,4
2022-09-01T23:15:00-00:00,2022-09-01T23:30:00-00:00,2022-09-01,17,SPRV_3_COAL_SPV3GNODE,SPRV_3_COAL_SPV3GNODE,SPRV_3_COAL_SPV3GNODE,RTPD,MCL,LMP_LOSS_PRC,SPRV_3_COAL_SPV3GNODE,ALL,1,0,2,4
2022-09-02T00:15:00-00:00,2022-09-02T00:30:00-00:00,2022-09-01,18,SPRV_3_COAL_SPV3GNODE,SPRV_3_COAL_SPV3GNODE,SPRV_3_COAL_SPV3GNODE,RTPD,MCL,LMP_LOSS_PRC,SPRV_3_COAL_SPV3GNODE,ALL,1,-66.03091,2,4
2022-09-02T01:15:00-00:00,2022-09-02T01:30:00-00:00,2022-09-01,19,SPRV_3_COAL_SPV3GNODE,SPRV_3_COAL_SPV3GNODE,SPRV_3_COAL_SPV3GNODE,RTPD,MCL,LMP_LOSS_PRC,SPRV_3_COAL_SPV3GNODE,ALL,1,0,2,4
2022-09-02T02:15:00-00:00,2022-09-02T02:30:00-00:00,2022-09-01,20,SPRV_3_COAL_SPV3GNODE,SPRV_3_COAL_SPV3GNODE,SPRV_3_COAL_SPV3GNODE,RTPD,MCL,LMP_LOSS_PRC,SPRV_3_COAL_SPV3GNODE,ALL,1,0,2,4
2022-09-02T03:15:00-00:00,2022-09-02T03:30:00-00:00,2022-09-01,21,SPRV_3_COAL_SPV3GNODE,SPRV_3_COAL_SPV3GNODE,SPRV_3_COAL_SPV3GNODE,RTPD,MCL,LMP_LOSS_PRC,SPRV_3_COAL_SPV3GNODE,ALL,1,-30.78177,2,4
2022-09-02T04:15:00-00:00,2022-09-02T04:30:00-00:00,2022-09-01,22,SPRV_3_COAL_SPV3GNODE,SPRV_3_COAL_SPV3GNODE,SPRV_3_COAL_SPV3GNODE,RTPD,MCL,LMP_LOSS_PRC,SPRV_3_COAL_SPV3GNODE,ALL,1,-12.17761,2,4
2022-09-02T05:15:00-00:00,2022-09-02T05:30:00-00:00,2022-09-01,23,SPRV_3_COAL_SPV3GNODE,SPRV_3_COAL_SPV3GNODE,SPRV_3_COAL_SPV3GNODE,RTPD,MCL,LMP_LOSS_PRC,SPRV_3_COAL_SPV3GNODE,ALL,1,-9.19295,2,4
2022-09-02T06:15:00-00:00,2022-09-02T06:30:00-00:00,2022-09-01,24,SPRV_3_COAL_SPV3GNODE,SPRV_3_COAL_SPV3GNODE,SPRV_3_COAL_SPV3GNODE,RTPD,MCL,LMP_LOSS_PRC,SPRV_3_COAL_SPV3GNODE,ALL,1,-7.70694,2,4
2022-09-01T07:30:00-00:00,2022-09-01T07:45:00-00:00,2022-09-01,01,SPRV_3_COAL_SPV3GNODE,SPRV_3_COAL_SPV3GNODE,SPRV_3_COAL_SPV3GNODE,RTPD,MCL,LMP_LOSS_PRC,SPRV_3_COAL_SPV3GNODE,ALL,1,0,3,4
2022-09-01T08:30:00-00:00,2022-09-01T08:45:00-00:00,2022-09-01,02,SPRV_3_COAL_SPV3GNODE,SPRV_3_COAL_SPV3GNODE,SPRV_3_COAL_SPV3GNODE,RTPD,MCL,LMP_LOSS_PRC,SPRV_3_COAL_SPV3GNODE,ALL,1,-3.29414,3,4
2022-09-01T09:30:00-00:00,2022-09-01T09:45:00-00:00,2022-09-01,03,SPRV_3_COAL_SPV3GNODE,SPRV_3_COAL_SPV3GNODE,SPRV_3_COAL_SPV3GNODE,RTPD,MCL,LMP_LOSS_PRC,SPRV_3_COAL_SPV3GNODE,ALL,1,-2.15536,3,4
2022-09-01T10:30:00-00:00,2022-09-01T10:45:00-00:00,2022-09-01,04,SPRV_3_COAL_SPV3GNODE,SPRV_3_COAL_SPV3GNODE,SPRV_3_COAL_SPV3GNODE,RTPD,MCL,LMP_LOSS_PRC,SPRV_3_COAL_SPV3GNODE,ALL,1,-1.9607,3,4
2022-09-01T11:30:00-00:00,2022-09-01T11:45:00-00:00,2022-09-01,05,SPRV_3_COAL_SPV3GNODE,SPRV_3_COAL_SPV3GNODE,SPRV_3_COAL_SPV3GNODE,RTPD,MCL,LMP_LOSS_PRC,SPRV_3_COAL_SPV3GNODE,ALL,1,-2.67342,3,4
2022-09-01T12:30:00-00:00,2022-09-01T12:45:00-00:00,2022-09-01,06,SPRV_3_COAL_SPV3GNODE,SPRV_3_COAL_SPV3GNODE,SPRV_3_COAL_SPV3GNODE,RTPD,MCL,LMP_LOSS_PRC,SPRV_3_COAL_SPV3GNODE,ALL,1,-3.45736,3,4
2022-09-01T13:30:00-00:00,2022-09-01T13:45:00-00:00,2022-09-01,07,SPRV_3_COAL_SPV3GNODE,SPRV_3_COAL_SPV3GNODE,SPRV_3_COAL_SPV3GNODE,RTPD,MCL,LMP_LOSS_PRC,SPRV_3_COAL_SPV3GNODE,ALL,1,-3.21465,3,4
2022-09-01T14:30:00-00:00,2022-09-01T14:45:00-00:00,2022-09-01,08,SPRV_3_COAL_SPV3GNODE,SPRV_3_COAL_SPV3GNODE,SPRV_3_COAL_SPV3GNODE,RTPD,MCL,LMP_LOSS_PRC,SPRV_3_COAL_SPV3GNODE,ALL,1,-5.66869,3,4
2022-09-01T15:30:00-00:00,2022-09-01T15:45:00-00:00,2022-09-01,09,SPRV_3_COAL_SPV3GNODE,SPRV_3_COAL_SPV3GNODE,SPRV_3_COAL_SPV3GNODE,RTPD,MCL,LMP_LOSS_PRC,SPRV_3_COAL_SPV3GNODE,ALL,1,0,3,4
2022-09-01T16:30:00-00:00,2022-09-01T16:45:00-00:00,2022-09-01,10,SPRV_3_COAL_SPV3GNODE,SPRV_3_COAL_SPV3GNODE,SPRV_3_COAL_SPV3GNODE,RTPD,MCL,LMP_LOSS_PRC,SPRV_3_COAL_SPV3GNODE,ALL,1,0,3,4
2022-09-01T17:30:00-00:00,2022-09-01T17:45:00-00:00,2022-09-01,11,SPRV_3_COAL_SPV3GNODE,SPRV_3_COAL_SPV3GNODE,SPRV_3_COAL_SPV3GNODE,RTPD,MCL,LMP_LOSS_PRC,SPRV_3_COAL_SPV3GNODE,ALL,1,0,3,4
2022-09-01T18:30:00-00:00,2022-09-01T18:45:00-00:00,2022-09-01,12,SPRV_3_COAL_SPV3GNODE,SPRV_3_COAL_SPV3GNODE,SPRV_3_COAL_SPV3GNODE,RTPD,MCL,LMP_LOSS_PRC,SPRV_3_COAL_SPV3GNODE,ALL,1,0,3,4
2022-09-01T19:30:00-00:00,2022-09-01T19:45:00-00:00,2022-09-01,13,SPRV_3_COAL_SPV3GNODE,SPRV_3_COAL_SPV3GNODE,SPRV_3_COAL_SPV3GNODE,RTPD,MCL,LMP_LOSS_PRC,SPRV_3_COAL_SPV3GNODE,ALL,1,0,3,4
2022-09-01T20:30:00-00:00,2022-09-01T20:45:00-00:00,2022-09-01,14,SPRV_3_COAL_SPV3GNODE,SPRV_3_COAL_SPV3GNODE,SPRV_3_COAL_SPV3GNODE,RTPD,MCL,LMP_LOSS_PRC,SPRV_3_COAL_SPV3GNODE,ALL,1,0,3,4
2022-09-01T21:30:00-00:00,2022-09-01T21:45:00-00:00,2022-09-01,15,SPRV_3_COAL_SPV3GNODE,SPRV_3_COAL_SPV3GNODE,SPRV_3_COAL_SPV3GNODE,RTPD,MCL,LMP_LOSS_PRC,SPRV_3_COAL_SPV3GNODE,ALL,1,0,3,4
2022-09-01T22:30:00-00:00,2022-09-01T22:45:00-00:00,2022-09-01,16,SPRV_3_COAL_SPV3GNODE,SPRV_3_COAL_SPV3GNODE,SPRV_3_COAL_SPV3GNODE,RTPD,MCL,LMP_LOSS_PRC,SPRV_3_COAL_SPV3GNODE,ALL,1,0,3,4
2022-09-01T23:30:00-00:00,2022-09-01T23:45:00-00:00,2022-09-01,17,SPRV_3_COAL_SPV3GNODE,SPRV_3_COAL_SPV3GNODE,SPRV_3_COAL_SPV3GNODE,RTPD,MCL,LMP_LOSS_PRC,SPRV_3_COAL_SPV3GNODE,ALL,1,0,3,4
2022-09-02T00:30:00-00:00,2022-09-02T00:45:00-00:00,2022-09-01,18,SPRV_3_COAL_SPV3GNODE,SPRV_3_COAL_SPV3GNODE,SPRV_3_COAL_SPV3GNODE,RTPD,MCL,LMP_LOSS_PRC,SPRV_3_COAL_SPV3GNODE,ALL,1,0,3,4
2022-09-02T01:30:00-00:00,2022-09-02T01:45:00-00:00,2022-09-01,19,SPRV_3_COAL_SPV3GNODE,SPRV_3_COAL_SPV3GNODE,SPRV_3_COAL_SPV3GNODE,RTPD,MCL,LMP_LOSS_PRC,SPRV_3_COAL_SPV3GNODE,ALL,1,0,3,4
2022-09-02T02:30:00-00:00,2022-09-02T02:45:00-00:00,2022-09-01,20,SPRV_3_COAL_SPV3GNODE,SPRV_3_COAL_SPV3GNODE,SPRV_3_COAL_SPV3GNODE,RTPD,MCL,LMP_LOSS_PRC,SPRV_3_COAL_SPV3GNODE,ALL,1,0,3,4
2022-09-02T03:30:00-00:00,2022-09-02T03:45:00-00:00,2022-09-01,21,SPRV_3_COAL_SPV3GNODE,SPRV_3_COAL_SPV3GNODE,SPRV_3_COAL_SPV3GNODE,RTPD,MCL,LMP_LOSS_PRC,SPRV_3_COAL_SPV3GNODE,ALL,1,-13.76325,3,4
2022-09-02T04:30:00-00:00,2022-09-02T04:45:00-00:00,2022-09-01,22,SPRV_3_COAL_SPV3GNODE,SPRV_3_COAL_SPV3GNODE,SPRV_3_COAL_SPV3GNODE,RTPD,MCL,LMP_LOSS_PRC,SPRV_3_COAL_SPV3GNODE,ALL,1,-8.43486,3,4
2022-09-02T05:30:00-00:00,2022-09-02T05:45:00-00:00,2022-09-01,23,SPRV_3_COAL_SPV3GNODE,SPRV_3_COAL_SPV3GNODE,SPRV_3_COAL_SPV3GNODE,RTPD,MCL,LMP_LOSS_PRC,SPRV_3_COAL_SPV3GNODE,ALL,1,-6.07928,3,4
2022-09-02T06:30:00-00:00,2022-09-02T06:45:00-00:00,2022-09-01,24,SPRV_3_COAL_SPV3GNODE,SPRV_3_COAL_SPV3GNODE,SPRV_3_COAL_SPV3GNODE,RTPD,MCL,LMP_LOSS_PRC,SPRV_3_COAL_SPV3GNODE,ALL,1,-6.08662,3,4
2022-09-01T07:45:00-00:00,2022-09-01T08:00:00-00:00,2022-09-01,01,SPRV_3_COAL_SPV3GNODE,SPRV_3_COAL_SPV3GNODE,SPRV_3_COAL_SPV3GNODE,RTPD,MCL,LMP_LOSS_PRC,SPRV_3_COAL_SPV3GNODE,ALL,1,0,4,4
2022-09-01T08:45:00-00:00,2022-09-01T09:00:00-00:00,2022-09-01,02,SPRV_3_COAL_SPV3GNODE,SPRV_3_COAL_SPV3GNODE,SPRV_3_COAL_SPV3GNODE,RTPD,MCL,LMP_LOSS_PRC,SPRV_3_COAL_SPV3GNODE,ALL,1,-2.35041,4,4
2022-09-01T09:45:00-00:00,2022-09-01T10:00:00-00:00,2022-09-01,03,SPRV_3_COAL_SPV3GNODE,SPRV_3_COAL_SPV3GNODE,SPRV_3_COAL_SPV3GNODE,RTPD,MCL,LMP_LOSS_PRC,SPRV_3_COAL_SPV3GNODE,ALL,1,-1.93585,4,4
2022-09-01T10:45:00-00:00,2022-09-01T11:00:00-00:00,2022-09-01,04,SPRV_3_COAL_SPV3GNODE,SPRV_3_COAL_SPV3GNODE,SPRV_3_COAL_SPV3GNODE,RTPD,MCL,LMP_LOSS_PRC,SPRV_3_COAL_SPV3GNODE,ALL,1,-1.69645,4,4
2022-09-01T11:45:00-00:00,2022-09-01T12:00:00-00:00,2022-09-01,05,SPRV_3_COAL_SPV3GNODE,SPRV_3_COAL_SPV3GNODE,SPRV_3_COAL_SPV3GNODE,RTPD,MCL,LMP_LOSS_PRC,SPRV_3_COAL_SPV3GNODE,ALL,1,0,4,4
2022-09-01T12:45:00-00:00,2022-09-01T13:00:00-00:00,2022-09-01,06,SPRV_3_COAL_SPV3GNODE,SPRV_3_COAL_SPV3GNODE,SPRV_3_COAL_SPV3GNODE,RTPD,MCL,LMP_LOSS_PRC,SPRV_3_COAL_SPV3GNODE,ALL,1,0,4,4
2022-09-01T13:45:00-00:00,2022-09-01T14:00:00-00:00,2022-09-01,07,SPRV_3_COAL_SPV3GNODE,SPRV_3_COAL_SPV3GNODE,SPRV_3_COAL_SPV3GNODE,RTPD,MCL,LMP_LOSS_PRC,SPRV_3_COAL_SPV3GNODE,ALL,1,0,4,4
2022-09-01T14:45:00-00:00,2022-09-01T15:00:00-00:00,2022-09-01,08,SPRV_3_COAL_SPV3GNODE,SPRV_3_COAL_SPV3GNODE,SPRV_3_COAL_SPV3GNODE,RTPD,MCL,LMP_LOSS_PRC,SPRV_3_COAL_SPV3GNODE,ALL,1,0,4,4
2022-09-01T15:45:00-00:00,2022-09-01T16:00:00-00:00,2022-09-01,09,SPRV_3_COAL_SPV3GNODE,SPRV_3_COAL_SPV3GNODE,SPRV_3_COAL_SPV3GNODE,RTPD,MCL,LMP_LOSS_PRC,SPRV_3_COAL_SPV3GNODE,ALL,1,0,4,4
2022-09-01T16:45:00-00:00,2022-09-01T17:00:00-00:00,2022-09-01,10,SPRV_3_COAL_SPV3GNODE,SPRV_3_COAL_SPV3GNODE,SPRV_3_COAL_SPV3GNODE,RTPD,MCL,LMP_LOSS_PRC,SPRV_3_COAL_SPV3GNODE,ALL,1,0,4,4
2022-09-01T17:45:00-00:00,2022-09-01T18:00:00-00:00,2022-09-01,11,SPRV_3_COAL_SPV3GNODE,SPRV_3_COAL_SPV3GNODE,SPRV_3_COAL_SPV3GNODE,RTPD,MCL,LMP_LOSS_PRC,SPRV_3_COAL_SPV3GNODE,ALL,1,0,4,4
2022-09-01T18:45:00-00:00,2022-09-01T19:00:00-00:00,2022-09-01,12,SPRV_3_COAL_SPV3GNODE,SPRV_3_COAL_SPV3GNODE,SPRV_3_COAL_SPV3GNODE,RTPD,MCL,LMP_LOSS_PRC,SPRV_3_COAL_SPV3GNODE,ALL,1,0,4,4
2022-09-01T19:45:00-00:00,2022-09-01T20:00:00-00:00,2022-09-01,13,SPRV_3_COAL_SPV3GNODE,SPRV_3_COAL_SPV3GNODE,SPRV_3_COAL_SPV3GNODE,RTPD,MCL,LMP_LOSS_PRC,SPRV_3_COAL_SPV3GNODE,ALL,1,0,4,4
2022-09-01T20:45:00-00:00,2022-09-01T21:00:00-00:00,2022-09-01,14,SPRV_3_COAL_SPV3GNODE,SPRV_3_COAL_SPV3GNODE,SPRV_3_COAL_SPV3GNODE,RTPD,MCL,LMP_LOSS_PRC,SPRV_3_COAL_SPV3GNODE,ALL,1,0,4,4
2022-09-01T21:45:00-00:00,2022-09-01T22:00:00-00:00,2022-09-01,15,SPRV_3_COAL_SPV3GNODE,SPRV_3_COAL_SPV3GNODE,SPRV_3_COAL_SPV3GNODE,RTPD,MCL,LMP_LOSS_PRC,SPRV_3_COAL_SPV3GNODE,ALL,1,0,4,4
2022-09-01T22:45:00-00:00,2022-09-01T23:00:00-00:00,2022-09-01,16,SPRV_3_COAL_SPV3GNODE,SPRV_3_COAL_SPV3GNODE,SPRV_3_COAL_SPV3GNODE,RTPD,MCL,LMP_LOSS_PRC,SPRV_3_COAL_SPV3GNODE,ALL,1,0,4,4
2022-09-01T23:45:00-00:00,2022-09-02T00:00:00-00:00,2022-09-01,17,SPRV_3_COAL_SPV3GNODE,SPRV_3_COAL_SPV3GNODE,SPRV_3_COAL_SPV3GNODE,RTPD,MCL,LMP_LOSS_PRC,SPRV_3_COAL_SPV3GNODE,ALL,1,0,4,4
2022-09-02T00:45:00-00:00,2022-09-02T01:00:00-00:00,2022-09-01,18,SPRV_3_COAL_SPV3GNODE,SPRV_3_COAL_SPV3GNODE,SPRV_3_COAL_SPV3GNODE,RTPD,MCL,LMP_LOSS_PRC,SPRV_3_COAL_SPV3GNODE,ALL,1,0,4,4
2022-09-02T01:45:00-00:00,2022-09-02T02:00:00-00:00,2022-09-01,19,SPRV_3_COAL_SPV3GNODE,SPRV_3_COAL_SPV3GNODE,SPRV_3_COAL_SPV3GNODE,RTPD,MCL,LMP_LOSS_PRC,SPRV_3_COAL_SPV3GNODE,ALL,1,0,4,4
2022-09-02T02:45:00-00:00,2022-09-02T03:00:00-00:00,2022-09-01,20,SPRV_3_COAL_SPV3GNODE,SPRV_3_COAL_SPV3GNODE,SPRV_3_COAL_SPV3GNODE,RTPD,MCL,LMP_LOSS_PRC,SPRV_3_COAL_SPV3GNODE,ALL,1,-113.21184,4,4
2022-09-02T03:45:00-00:00,2022-09-02T04:00:00-00:00,2022-09-01,21,SPRV_3_COAL_SPV3GNODE,SPRV_3_COAL_SPV3GNODE,SPRV_3_COAL_SPV3GNODE,RTPD,MCL,LMP_LOSS_PRC,SPRV_3_COAL_SPV3GNODE,ALL,1,-8.19118,4,4
2022-09-02T04:45:00-00:00,2022-09-02T05:00:00-00:00,2022-09-01,22,SPRV_3_COAL_SPV3GNODE,SPRV_3_COAL_SPV3GNODE,SPRV_3_COAL_SPV3GNODE,RTPD,MCL,LMP_LOSS_PRC,SPRV_3_COAL_SPV3GNODE,ALL,1,-6.08002,4,4
2022-09-02T05:45:00-00:00,2022-09-02T06:00:00-00:00,2022-09-01,23,SPRV_3_COAL_SPV3GNODE,SPRV_3_COAL_SPV3GNODE,SPRV_3_COAL_SPV3GNODE,RTPD,MCL,LMP_LOSS_PRC,SPRV_3_COAL_SPV3GNODE,ALL,1,-4.59608,4,4
2022-09-02T06:45:00-00:00,2022-09-02T07:00:00-00:00,2022-09-01,24,SPRV_3_COAL_SPV3GNODE,SPRV_3_COAL_SPV3GNODE,SPRV_3_COAL_SPV3GNODE,RTPD,MCL,LMP_LOSS_PRC,SPRV_3_COAL_SPV3GNODE,ALL,1,-4.68182,4,4
2022-09-01T07:00:00-00:00,2022-09-01T07:15:00-00:00,2022-09-01,01,SPRV_3_COAL_SPV3GNODE,SPRV_3_COAL_SPV3GNODE,SPRV_3_COAL_SPV3GNODE,RTPD,MGHG,LMP_GHG_PRC,SPRV_3_COAL_SPV3GNODE,ALL,1,-11.45,1,5
2022-09-01T08:00:00-00:00,2022-09-01T08:15:00-00:00,2022-09-01,02,SPRV_3_COAL_SPV3GNODE,SPRV_3_COAL_SPV3GNODE,SPRV_3_COAL_SPV3GNODE,RTPD,MGHG,LMP_GHG_PRC,SPRV_3_COAL_SPV3GNODE,ALL,1,-14.13,1,5
2022-09-01T09:00:00-00:00,2022-09-01T09:15:00-00:00,2022-09-01,03,SPRV_3_COAL_SPV3GNODE,SPRV_3_COAL_SPV3GNODE,SPRV_3_COAL_SPV3GNODE,RTPD,MGHG,LMP_GHG_PRC,SPRV_3_COAL_SPV3GNODE,ALL,1,-12.17178,1,5
2022-09-01T10:00:00-00:00,2022-09-01T10:15:00-00:00,2022-09-01,04,SPRV_3_COAL_SPV3GNODE,SPRV_3_COAL_SPV3GNODE,SPRV_3_COAL_SPV3GNODE,RTPD,MGHG,LMP_GHG_PRC,SPRV_3_COAL_SPV3GNODE,ALL,1,-13.55,1,5
2022-09-01T11:00:00-00:00,2022-09-01T11:15:00-00:00,2022-09-01,05,SPRV_3_COAL_SPV3GNODE,SPRV_3_COAL_SPV3GNODE,SPRV_3_COAL_SPV3GNODE,RTPD,MGHG,LMP_GHG_PRC,SPRV_3_COAL_SPV3GNODE,ALL,1,-13.55,1,5
2022-09-01T12:00:00-00:00,2022-09-01T12:15:00-00:00,2022-09-01,06,SPRV_3_COAL_SPV3GNODE,SPRV_3_COAL_SPV3GNODE,SPRV_3_COAL_SPV3GNODE,RTPD,MGHG,LMP_GHG_PRC,SPRV_3_COAL_SPV3GNODE,ALL,1,-13.71725,1,5
2022-09-01T13:00:00-00:00,2022-09-01T13:15:00-00:00,2022-09-01,07,SPRV_3_COAL_SPV3GNODE,SPRV_3_COAL_SPV3GNODE,SPRV_3_COAL_SPV3GNODE,RTPD,MGHG,LMP_GHG_PRC,SPRV_3_COAL_SPV3GNODE,ALL,1,-15,1,5
2022-09-01T14:00:00-00:00,2022-09-01T14:15:00-00:00,2022-09-01,08,SPRV_3_COAL_SPV3GNODE,SPRV_3_COAL_SPV3GNODE,SPRV_3_COAL_SPV3GNODE,RTPD,MGHG,LMP_GHG_PRC,SPRV_3_COAL_SPV3GNODE,ALL,1,-15.61,1,5
2022-09-01T15:00:00-00:00,2022-09-01T15:15:00-00:00,2022-09-01,09,SPRV_3_COAL_SPV3GNODE,SPRV_3_COAL_SPV3GNODE,SPRV_3_COAL_SPV3GNODE,RTPD,MGHG,LMP_GHG_PRC,SPRV_3_COAL_SPV3GNODE,ALL,1,-12.7,1,5
2022-09-01T16:00:00-00:00,2022-09-01T16:15:00-00:00,2022-09-01,10,SPRV_3_COAL_SPV3GNODE,SPRV_3_COAL_SPV3GNODE,SPRV_3_COAL_SPV3GNODE,RTPD,MGHG,LMP_GHG_PRC,SPRV_3_COAL_SPV3GNODE,ALL,1,-14.1,1,5
2022-09-01T17:00:00-00:00,2022-09-01T17:15:00-00:00,2022-09-01,11,SPRV_3_COAL_SPV3GNODE,SPRV_3_COAL_SPV3GNODE,SPRV_3_COAL_SPV3GNODE,RTPD,MGHG,LMP_GHG_PRC,SPRV_3_COAL_SPV3GNODE,ALL,1,-11.63,1,5
2022-09-01T18:00:00-00:00,2022-09-01T18:15:00-00:00,2022-09-01,12,SPRV_3_COAL_SPV3GNODE,SPRV_3_COAL_SPV3GNODE,SPRV_3_COAL_SPV3GNODE,RTPD,MGHG,LMP_GHG_PRC,SPRV_3_COAL_SPV3GNODE,ALL,1,-13.98,1,5
2022-09-01T19:00:00-00:00,2022-09-01T19:15:00-00:00,2022-09-01,13,SPRV_3_COAL_SPV3GNODE,SPRV_3_COAL_SPV3GNODE,SPRV_3_COAL_SPV3GNODE,RTPD,MGHG,LMP_GHG_PRC,SPRV_3_COAL_SPV3GNODE,ALL,1,-14.15,1,5
2022-09-01T20:00:00-00:00,2022-09-01T20:15:00-00:00,2022-09-01,14,SPRV_3_COAL_SPV3GNODE,SPRV_3_COAL_SPV3GNODE,SPRV_3_COAL_SPV3GNODE,RTPD,MGHG,LMP_GHG_PRC,SPRV_3_COAL_SPV3GNODE,ALL,1,-26.16,1,5
2022-09-01T21:00:00-00:00,2022-09-01T21:15:00-00:00,2022-09-01,15,SPRV_3_COAL_SPV3GNODE,SPRV_3_COAL_SPV3GNODE,SPRV_3_COAL_SPV3GNODE,RTPD,MGHG,LMP_GHG_PRC,SPRV_3_COAL_SPV3GNODE,ALL,1,-15,1,5
2022-09-01T22:00:00-00:00,2022-09-01T22:15:00-00:00,2022-09-01,16,SPRV_3_COAL_SPV3GNODE,SPRV_3_COAL_SPV3GNODE,SPRV_3_COAL_SPV3GNODE,RTPD,MGHG,LMP_GHG_PRC,SPRV_3_COAL_SPV3GNODE,ALL,1,-17.36,1,5
2022-09-01T23:00:00-00:00,2022-09-01T23:15:00-00:00,2022-09-01,17,SPRV_3_COAL_SPV3GNODE,SPRV_3_COAL_SPV3GNODE,SPRV_3_COAL_SPV3GNODE,RTPD,MGHG,LMP_GHG_PRC,SPRV_3_COAL_SPV3GNODE,ALL,1,-26.16,1,5
2022-09-02T00:00:00-00:00,2022-09-02T00:15:00-00:00,2022-09-01,18,SPRV_3_COAL_SPV3GNODE,SPRV_3_COAL_SPV3GNODE,SPRV_3_COAL_SPV3GNODE,RTPD,MGHG,LMP_GHG_PRC,SPRV_3_COAL_SPV3GNODE,ALL,1,-28.21,1,5
2022-09-02T01:00:00-00:00,2022-09-02T01:15:00-00:00,2022-09-01,19,SPRV_3_COAL_SPV3GNODE,SPRV_3_COAL_SPV3GNODE,SPRV_3_COAL_SPV3GNODE,RTPD,MGHG,LMP_GHG_PRC,SPRV_3_COAL_SPV3GNODE,ALL,1,-24.91,1,5
2022-09-02T02:00:00-00:00,2022-09-02T02:15:00-00:00,2022-09-01,20,SPRV_3_COAL_SPV3GNODE,SPRV_3_COAL_SPV3GNODE,SPRV_3_COAL_SPV3GNODE,RTPD,MGHG,LMP_GHG_PRC,SPRV_3_COAL_SPV3GNODE,ALL,1,-15.61,1,5
2022-09-02T03:00:00-00:00,2022-09-02T03:15:00-00:00,2022-09-01,21,SPRV_3_COAL_SPV3GNODE,SPRV_3_COAL_SPV3GNODE,SPRV_3_COAL_SPV3GNODE,RTPD,MGHG,LMP_GHG_PRC,SPRV_3_COAL_SPV3GNODE,ALL,1,-11.89,1,5
2022-09-02T04:00:00-00:00,2022-09-02T04:15:00-00:00,2022-09-01,22,SPRV_3_COAL_SPV3GNODE,SPRV_3_COAL_SPV3GNODE,SPRV_3_COAL_SPV3GNODE,RTPD,MGHG,LMP_GHG_PRC,SPRV_3_COAL_SPV3GNODE,ALL,1,-14.75,1,5
2022-09-02T05:00:00-00:00,2022-09-02T05:15:00-00:00,2022-09-01,23,SPRV_3_COAL_SPV3GNODE,SPRV_3_COAL_SPV3GNODE,SPRV_3_COAL_SPV3GNODE,RTPD,MGHG,LMP_GHG_PRC,SPRV_3_COAL_SPV3GNODE,ALL,1,-9.52,1,5
2022-09-02T06:00:00-00:00,2022-09-02T06:15:00-00:00,2022-09-01,24,SPRV_3_COAL_SPV3GNODE,SPRV_3_COAL_SPV3GNODE,SPRV_3_COAL_SPV3GNODE,RTPD,MGHG,LMP_GHG_PRC,SPRV_3_COAL_SPV3GNODE,ALL,1,-11.63,1,5
2022-09-01T07:15:00-00:00,2022-09-01T07:30:00-00:00,2022-09-01,01,SPRV_3_COAL_SPV3GNODE,SPRV_3_COAL_SPV3GNODE,SPRV_3_COAL_SPV3GNODE,RTPD,MGHG,LMP_GHG_PRC,SPRV_3_COAL_SPV3GNODE,ALL,1,-13.76,2,5
2022-09-01T08:15:00-00:00,2022-09-01T08:30:00-00:00,2022-09-01,02,SPRV_3_COAL_SPV3GNODE,SPRV_3_COAL_SPV3GNODE,SPRV_3_COAL_SPV3GNODE,RTPD,MGHG,LMP_GHG_PRC,SPRV_3_COAL_SPV3GNODE,ALL,1,-14.75,2,5
2022-09-01T09:15:00-00:00,2022-09-01T09:30:00-00:00,2022-09-01,03,SPRV_3_COAL_SPV3GNODE,SPRV_3_COAL_SPV3GNODE,SPRV_3_COAL_SPV3GNODE,RTPD,MGHG,LMP_GHG_PRC,SPRV_3_COAL_SPV3GNODE,ALL,1,-12.19,2,5
2022-09-01T10:15:00-00:00,2022-09-01T10:30:00-00:00,2022-09-01,04,SPRV_3_COAL_SPV3GNODE,SPRV_3_COAL_SPV3GNODE,SPRV_3_COAL_SPV3GNODE,RTPD,MGHG,LMP_GHG_PRC,SPRV_3_COAL_SPV3GNODE,ALL,1,-13.98,2,5
2022-09-01T11:15:00-00:00,2022-09-01T11:30:00-00:00,2022-09-01,05,SPRV_3_COAL_SPV3GNODE,SPRV_3_COAL_SPV3GNODE,SPRV_3_COAL_SPV3GNODE,RTPD,MGHG,LMP_GHG_PRC,SPRV_3_COAL_SPV3GNODE,ALL,1,-13.98,2,5
2022-09-01T12:15:00-00:00,2022-09-01T12:30:00-00:00,2022-09-01,06,SPRV_3_COAL_SPV3GNODE,SPRV_3_COAL_SPV3GNODE,SPRV_3_COAL_SPV3GNODE,RTPD,MGHG,LMP_GHG_PRC,SPRV_3_COAL_SPV3GNODE,ALL,1,-14.79,2,5
2022-09-01T13:15:00-00:00,2022-09-01T13:30:00-00:00,2022-09-01,07,SPRV_3_COAL_SPV3GNODE,SPRV_3_COAL_SPV3GNODE,SPRV_3_COAL_SPV3GNODE,RTPD,MGHG,LMP_GHG_PRC,SPRV_3_COAL_SPV3GNODE,ALL,1,-15,2,5
2022-09-01T14:15:00-00:00,2022-09-01T14:30:00-00:00,2022-09-01,08,SPRV_3_COAL_SPV3GNODE,SPRV_3_COAL_SPV3GNODE,SPRV_3_COAL_SPV3GNODE,RTPD,MGHG,LMP_GHG_PRC,SPRV_3_COAL_SPV3GNODE,ALL,1,-14.22559,2,5
2022-09-01T15:15:00-00:00,2022-09-01T15:30:00-00:00,2022-09-01,09,SPRV_3_COAL_SPV3GNODE,SPRV_3_COAL_SPV3GNODE,SPRV_3_COAL_SPV3GNODE,RTPD,MGHG,LMP_GHG_PRC,SPRV_3_COAL_SPV3GNODE,ALL,1,-12.7,2,5
2022-09-01T16:15:00-00:00,2022-09-01T16:30:00-00:00,2022-09-01,10,SPRV_3_COAL_SPV3GNODE,SPRV_3_COAL_SPV3GNODE,SPRV_3_COAL_SPV3GNODE,RTPD,MGHG,LMP_GHG_PRC,SPRV_3_COAL_SPV3GNODE,ALL,1,-13.34161,2,5
2022-09-01T17:15:00-00:00,2022-09-01T17:30:00-00:00,2022-09-01,11,SPRV_3_COAL_SPV3GNODE,SPRV_3_COAL_SPV3GNODE,SPRV_3_COAL_SPV3GNODE,RTPD,MGHG,LMP_GHG_PRC,SPRV_3_COAL_SPV3GNODE,ALL,1,-11.89,2,5
2022-09-01T18:15:00-00:00,2022-09-01T18:30:00-00:00,2022-09-01,12,SPRV_3_COAL_SPV3GNODE,SPRV_3_COAL_SPV3GNODE,SPRV_3_COAL_SPV3GNODE,RTPD,MGHG,LMP_GHG_PRC,SPRV_3_COAL_SPV3GNODE,ALL,1,-14.79,2,5
2022-09-01T19:15:00-00:00,2022-09-01T19:30:00-00:00,2022-09-01,13,SPRV_3_COAL_SPV3GNODE,SPRV_3_COAL_SPV3GNODE,SPRV_3_COAL_SPV3GNODE,RTPD,MGHG,LMP_GHG_PRC,SPRV_3_COAL_SPV3GNODE,ALL,1,-14.79,2,5
2022-09-01T20:15:00-00:00,2022-09-01T20:30:00-00:00,2022-09-01,14,SPRV_3_COAL_SPV3GNODE,SPRV_3_COAL_SPV3GNODE,SPRV_3_COAL_SPV3GNODE,RTPD,MGHG,LMP_GHG_PRC,SPRV_3_COAL_SPV3GNODE,ALL,1,-18.59,2,5
2022-09-01T21:15:00-00:00,2022-09-01T21:30:00-00:00,2022-09-01,15,SPRV_3_COAL_SPV3GNODE,SPRV_3_COAL_SPV3GNODE,SPRV_3_COAL_SPV3GNODE,RTPD,MGHG,LMP_GHG_PRC,SPRV_3_COAL_SPV3GNODE,ALL,1,-15.41,2,5
2022-09-01T22:15:00-00:00,2022-09-01T22:30:00-00:00,2022-09-01,16,SPRV_3_COAL_SPV3GNODE,SPRV_3_COAL_SPV3GNODE,SPRV_3_COAL_SPV3GNODE,RTPD,MGHG,LMP_GHG_PRC,SPRV_3_COAL_SPV3GNODE,ALL,1,-19.44814,2,5
2022-09-01T23:15:00-00:00,2022-09-01T23:30:00-00:00,2022-09-01,17,SPRV_3_COAL_SPV3GNODE,SPRV_3_COAL_SPV3GNODE,SPRV_3_COAL_SPV3GNODE,RTPD,MGHG,LMP_GHG_PRC,SPRV_3_COAL_SPV3GNODE,ALL,1,-26.16,2,5
2022-09-02T00:15:00-00:00,2022-09-02T00:30:00-00:00,2022-09-01,18,SPRV_3_COAL_SPV3GNODE,SPRV_3_COAL_SPV3GNODE,SPRV_3_COAL_SPV3GNODE,RTPD,MGHG,LMP_GHG_PRC,SPRV_3_COAL_SPV3GNODE,ALL,1,-24.91,2,5
2022-09-02T01:15:00-00:00,2022-09-02T01:30:00-00:00,2022-09-01,19,SPRV_3_COAL_SPV3GNODE,SPRV_3_COAL_SPV3GNODE,SPRV_3_COAL_SPV3GNODE,RTPD,MGHG,LMP_GHG_PRC,SPRV_3_COAL_SPV3GNODE,ALL,1,-18.59,2,5
2022-09-02T02:15:00-00:00,2022-09-02T02:30:00-00:00,2022-09-01,20,SPRV_3_COAL_SPV3GNODE,SPRV_3_COAL_SPV3GNODE,SPRV_3_COAL_SPV3GNODE,RTPD,MGHG,LMP_GHG_PRC,SPRV_3_COAL_SPV3GNODE,ALL,1,-17.16,2,5
2022-09-02T03:15:00-00:00,2022-09-02T03:30:00-00:00,2022-09-01,21,SPRV_3_COAL_SPV3GNODE,SPRV_3_COAL_SPV3GNODE,SPRV_3_COAL_SPV3GNODE,RTPD,MGHG,LMP_GHG_PRC,SPRV_3_COAL_SPV3GNODE,ALL,1,-14.79,2,5
2022-09-02T04:15:00-00:00,2022-09-02T04:30:00-00:00,2022-09-01,22,SPRV_3_COAL_SPV3GNODE,SPRV_3_COAL_SPV3GNODE,SPRV_3_COAL_SPV3GNODE,RTPD,MGHG,LMP_GHG_PRC,SPRV_3_COAL_SPV3GNODE,ALL,1,-14.79,2,5
2022-09-02T05:15:00-00:00,2022-09-02T05:30:00-00:00,2022-09-01,23,SPRV_3_COAL_SPV3GNODE,SPRV_3_COAL_SPV3GNODE,SPRV_3_COAL_SPV3GNODE,RTPD,MGHG,LMP_GHG_PRC,SPRV_3_COAL_SPV3GNODE,ALL,1,-11.89,2,5
2022-09-02T06:15:00-00:00,2022-09-02T06:30:00-00:00,2022-09-01,24,SPRV_3_COAL_SPV3GNODE,SPRV_3_COAL_SPV3GNODE,SPRV_3_COAL_SPV3GNODE,RTPD,MGHG,LMP_GHG_PRC,SPRV_3_COAL_SPV3GNODE,ALL,1,-11.13,2,5
2022-09-01T07:30:00-00:00,2022-09-01T07:45:00-00:00,2022-09-01,01,SPRV_3_COAL_SPV3GNODE,SPRV_3_COAL_SPV3GNODE,SPRV_3_COAL_SPV3GNODE,RTPD,MGHG,LMP_GHG_PRC,SPRV_3_COAL_SPV3GNODE,ALL,1,-14.46,3,5
2022-09-01T08:30:00-00:00,2022-09-01T08:45:00-00:00,2022-09-01,02,SPRV_3_COAL_SPV3GNODE,SPRV_3_COAL_SPV3GNODE,SPRV_3_COAL_SPV3GNODE,RTPD,MGHG,LMP_GHG_PRC,SPRV_3_COAL_SPV3GNODE,ALL,1,-14.79,3,5
2022-09-01T09:30:00-00:00,2022-09-01T09:45:00-00:00,2022-09-01,03,SPRV_3_COAL_SPV3GNODE,SPRV_3_COAL_SPV3GNODE,SPRV_3_COAL_SPV3GNODE,RTPD,MGHG,LMP_GHG_PRC,SPRV_3_COAL_SPV3GNODE,ALL,1,-12.97,3,5
2022-09-01T10:30:00-00:00,2022-09-01T10:45:00-00:00,2022-09-01,04,SPRV_3_COAL_SPV3GNODE,SPRV_3_COAL_SPV3GNODE,SPRV_3_COAL_SPV3GNODE,RTPD,MGHG,LMP_GHG_PRC,SPRV_3_COAL_SPV3GNODE,ALL,1,-13.98,3,5
2022-09-01T11:30:00-00:00,2022-09-01T11:45:00-00:00,2022-09-01,05,SPRV_3_COAL_SPV3GNODE,SPRV_3_COAL_SPV3GNODE,SPRV_3_COAL_SPV3GNODE,RTPD,MGHG,LMP_GHG_PRC,SPRV_3_COAL_SPV3GNODE,ALL,1,-14.53398,3,5
2022-09-01T12:30:00-00:00,2022-09-01T12:45:00-00:00,2022-09-01,06,SPRV_3_COAL_SPV3GNODE,SPRV_3_COAL_SPV3GNODE,SPRV_3_COAL_SPV3GNODE,RTPD,MGHG,LMP_GHG_PRC,SPRV_3_COAL_SPV3GNODE,ALL,1,-14.79,3,5
2022-09-01T13:30:00-00:00,2022-09-01T13:45:00-00:00,2022-09-01,07,SPRV_3_COAL_SPV3GNODE,SPRV_3_COAL_SPV3GNODE,SPRV_3_COAL_SPV3GNODE,RTPD,MGHG,LMP_GHG_PRC,SPRV_3_COAL_SPV3GNODE,ALL,1,-15.84217,3,5
2022-09-01T14:30:00-00:00,2022-09-01T14:45:00-00:00,2022-09-01,08,SPRV_3_COAL_SPV3GNODE,SPRV_3_COAL_SPV3GNODE,SPRV_3_COAL_SPV3GNODE,RTPD,MGHG,LMP_GHG_PRC,SPRV_3_COAL_SPV3GNODE,ALL,1,-12.7,3,5
2022-09-01T15:30:00-00:00,2022-09-01T15:45:00-00:00,2022-09-01,09,SPRV_3_COAL_SPV3GNODE,SPRV_3_COAL_SPV3GNODE,SPRV_3_COAL_SPV3GNODE,RTPD,MGHG,LMP_GHG_PRC,SPRV_3_COAL_SPV3GNODE,ALL,1,-12.05,3,5
2022-09-01T16:30:00-00:00,2022-09-01T16:45:00-00:00,2022-09-01,10,SPRV_3_COAL_SPV3GNODE,SPRV_3_COAL_SPV3GNODE,SPRV_3_COAL_SPV3GNODE,RTPD,MGHG,LMP_GHG_PRC,SPRV_3_COAL_SPV3GNODE,ALL,1,-11.13,3,5
2022-09-01T17:30:00-00:00,2022-09-01T17:45:00-00:00,2022-09-01,11,SPRV_3_COAL_SPV3GNODE,SPRV_3_COAL_SPV3GNODE,SPRV_3_COAL_SPV3GNODE,RTPD,MGHG,LMP_GHG_PRC,SPRV_3_COAL_SPV3GNODE,ALL,1,-11.63,3,5
2022-09-01T18:30:00-00:00,2022-09-01T18:45:00-00:00,2022-09-01,12,SPRV_3_COAL_SPV3GNODE,SPRV_3_COAL_SPV3GNODE,SPRV_3_COAL_SPV3GNODE,RTPD,MGHG,LMP_GHG_PRC,SPRV_3_COAL_SPV3GNODE,ALL,1,-14.37982,3,5
2022-09-01T19:30:00-00:00,2022-09-01T19:45:00-00:00,2022-09-01,13,SPRV_3_COAL_SPV3GNODE,SPRV_3_COAL_SPV3GNODE,SPRV_3_COAL_SPV3GNODE,RTPD,MGHG,LMP_GHG_PRC,SPRV_3_COAL_SPV3GNODE,ALL,1,-14.79,3,5
2022-09-01T20:30:00-00:00,2022-09-01T20:45:00-00:00,2022-09-01,14,SPRV_3_COAL_SPV3GNODE,SPRV_3_COAL_SPV3GNODE,SPRV_3_COAL_SPV3GNODE,RTPD,MGHG,LMP_GHG_PRC,SPRV_3_COAL_SPV3GNODE,ALL,1,-19.37,3,5
2022-09-01T21:30:00-00:00,2022-09-01T21:45:00-00:00,2022-09-01,15,SPRV_3_COAL_SPV3GNODE,SPRV_3_COAL_SPV3GNODE,SPRV_3_COAL_SPV3GNODE,RTPD,MGHG,LMP_GHG_PRC,SPRV_3_COAL_SPV3GNODE,ALL,1,-14.79,3,5
2022-09-01T22:30:00-00:00,2022-09-01T22:45:00-00:00,2022-09-01,16,SPRV_3_COAL_SPV3GNODE,SPRV_3_COAL_SPV3GNODE,SPRV_3_COAL_SPV3GNODE,RTPD,MGHG,LMP_GHG_PRC,SPRV_3_COAL_SPV3GNODE,ALL,1,-17.77,3,5
2022-09-01T23:30:00-00:00,2022-09-01T23:45:00-00:00,2022-09-01,17,SPRV_3_COAL_SPV3GNODE,SPRV_3_COAL_SPV3GNODE,SPRV_3_COAL_SPV3GNODE,RTPD,MGHG,LMP_GHG_PRC,SPRV_3_COAL_SPV3GNODE,ALL,1,-26.16,3,5
2022-09-02T00:30:00-00:00,2022-09-02T00:45:00-00:00,2022-09-01,18,SPRV_3_COAL_SPV3GNODE,SPRV_3_COAL_SPV3GNODE,SPRV_3_COAL_SPV3GNODE,RTPD,MGHG,LMP_GHG_PRC,SPRV_3_COAL_SPV3GNODE,ALL,1,-29.51,3,5
2022-09-02T01:30:00-00:00,2022-09-02T01:45:00-00:00,2022-09-01,19,SPRV_3_COAL_SPV3GNODE,SPRV_3_COAL_SPV3GNODE,SPRV_3_COAL_SPV3GNODE,RTPD,MGHG,LMP_GHG_PRC,SPRV_3_COAL_SPV3GNODE,ALL,1,-18.59,3,5
2022-09-02T02:30:00-00:00,2022-09-02T02:45:00-00:00,2022-09-01,20,SPRV_3_COAL_SPV3GNODE,SPRV_3_COAL_SPV3GNODE,SPRV_3_COAL_SPV3GNODE,RTPD,MGHG,LMP_GHG_PRC,SPRV_3_COAL_SPV3GNODE,ALL,1,-25.88,3,5
2022-09-02T03:30:00-00:00,2022-09-02T03:45:00-00:00,2022-09-01,21,SPRV_3_COAL_SPV3GNODE,SPRV_3_COAL_SPV3GNODE,SPRV_3_COAL_SPV3GNODE,RTPD,MGHG,LMP_GHG_PRC,SPRV_3_COAL_SPV3GNODE,ALL,1,-14.79,3,5
2022-09-02T04:30:00-00:00,2022-09-02T04:45:00-00:00,2022-09-01,22,SPRV_3_COAL_SPV3GNODE,SPRV_3_COAL_SPV3GNODE,SPRV_3_COAL_SPV3GNODE,RTPD,MGHG,LMP_GHG_PRC,SPRV_3_COAL_SPV3GNODE,ALL,1,-15.61,3,5
2022-09-02T05:30:00-00:00,2022-09-02T05:45:00-00:00,2022-09-01,23,SPRV_3_COAL_SPV3GNODE,SPRV_3_COAL_SPV3GNODE,SPRV_3_COAL_SPV3GNODE,RTPD,MGHG,LMP_GHG_PRC,SPRV_3_COAL_SPV3GNODE,ALL,1,-14.79,3,5
2022-09-02T06:30:00-00:00,2022-09-02T06:45:00-00:00,2022-09-01,24,SPRV_3_COAL_SPV3GNODE,SPRV_3_COAL_SPV3GNODE,SPRV_3_COAL_SPV3GNODE,RTPD,MGHG,LMP_GHG_PRC,SPRV_3_COAL_SPV3GNODE,ALL,1,-14.79,3,5
2022-09-01T07:45:00-00:00,2022-09-01T08:00:00-00:00,2022-09-01,01,SPRV_3_COAL_SPV3GNODE,SPRV_3_COAL_SPV3GNODE,SPRV_3_COAL_SPV3GNODE,RTPD,MGHG,LMP_GHG_PRC,SPRV_3_COAL_SPV3GNODE,ALL,1,-14,4,5
2022-09-01T08:45:00-00:00,2022-09-01T09:00:00-00:00,2022-09-01,02,SPRV_3_COAL_SPV3GNODE,SPRV_3_COAL_SPV3GNODE,SPRV_3_COAL_SPV3GNODE,RTPD,MGHG,LMP_GHG_PRC,SPRV_3_COAL_SPV3GNODE,ALL,1,-14.79,4,5
2022-09-01T09:45:00-00:00,2022-09-01T10:00:00-00:00,2022-09-01,03,SPRV_3_COAL_SPV3GNODE,SPRV_3_COAL_SPV3GNODE,SPRV_3_COAL_SPV3GNODE,RTPD,MGHG,LMP_GHG_PRC,SPRV_3_COAL_SPV3GNODE,ALL,1,-12.97,4,5
2022-09-01T10:45:00-00:00,2022-09-01T11:00:00-00:00,2022-09-01,04,SPRV_3_COAL_SPV3GNODE,SPRV_3_COAL_SPV3GNODE,SPRV_3_COAL_SPV3GNODE,RTPD,MGHG,LMP_GHG_PRC,SPRV_3_COAL_SPV3GNODE,ALL,1,-13.55,4,5
2022-09-01T11:45:00-00:00,2022-09-01T12:00:00-00:00,2022-09-01,05,SPRV_3_COAL_SPV3GNODE,SPRV_3_COAL_SPV3GNODE,SPRV_3_COAL_SPV3GNODE,RTPD,MGHG,LMP_GHG_PRC,SPRV_3_COAL_SPV3GNODE,ALL,1,-14.79,4,5
2022-09-01T12:45:00-00:00,2022-09-01T13:00:00-00:00,2022-09-01,06,SPRV_3_COAL_SPV3GNODE,SPRV_3_COAL_SPV3GNODE,SPRV_3_COAL_SPV3GNODE,RTPD,MGHG,LMP_GHG_PRC,SPRV_3_COAL_SPV3GNODE,ALL,1,-14.79,4,5
2022-09-01T13:45:00-00:00,2022-09-01T14:00:00-00:00,2022-09-01,07,SPRV_3_COAL_SPV3GNODE,SPRV_3_COAL_SPV3GNODE,SPRV_3_COAL_SPV3GNODE,RTPD,MGHG,LMP_GHG_PRC,SPRV_3_COAL_SPV3GNODE,ALL,1,-14.79,4,5
2022-09-01T14:45:00-00:00,2022-09-01T15:00:00-00:00,2022-09-01,08,SPRV_3_COAL_SPV3GNODE,SPRV_3_COAL_SPV3GNODE,SPRV_3_COAL_SPV3GNODE,RTPD,MGHG,LMP_GHG_PRC,SPRV_3_COAL_SPV3GNODE,ALL,1,-8.84,4,5
2022-09-01T15:45:00-00:00,2022-09-01T16:00:00-00:00,2022-09-01,09,SPRV_3_COAL_SPV3GNODE,SPRV_3_COAL_SPV3GNODE,SPRV_3_COAL_SPV3GNODE,RTPD,MGHG,LMP_GHG_PRC,SPRV_3_COAL_SPV3GNODE,ALL,1,-12.05,4,5
2022-09-01T16:45:00-00:00,2022-09-01T17:00:00-00:00,2022-09-01,10,SPRV_3_COAL_SPV3GNODE,SPRV_3_COAL_SPV3GNODE,SPRV_3_COAL_SPV3GNODE,RTPD,MGHG,LMP_GHG_PRC,SPRV_3_COAL_SPV3GNODE,ALL,1,-10.94,4,5
2022-09-01T17:45:00-00:00,2022-09-01T18:00:00-00:00,2022-09-01,11,SPRV_3_COAL_SPV3GNODE,SPRV_3_COAL_SPV3GNODE,SPRV_3_COAL_SPV3GNODE,RTPD,MGHG,LMP_GHG_PRC,SPRV_3_COAL_SPV3GNODE,ALL,1,-12.32178,4,5
2022-09-01T18:45:00-00:00,2022-09-01T19:00:00-00:00,2022-09-01,12,SPRV_3_COAL_SPV3GNODE,SPRV_3_COAL_SPV3GNODE,SPRV_3_COAL_SPV3GNODE,RTPD,MGHG,LMP_GHG_PRC,SPRV_3_COAL_SPV3GNODE,ALL,1,-13.98,4,5
2022-09-01T19:45:00-00:00,2022-09-01T20:00:00-00:00,2022-09-01,13,SPRV_3_COAL_SPV3GNODE,SPRV_3_COAL_SPV3GNODE,SPRV_3_COAL_SPV3GNODE,RTPD,MGHG,LMP_GHG_PRC,SPRV_3_COAL_SPV3GNODE,ALL,1,-15.37,4,5
2022-09-01T20:45:00-00:00,2022-09-01T21:00:00-00:00,2022-09-01,14,SPRV_3_COAL_SPV3GNODE,SPRV_3_COAL_SPV3GNODE,SPRV_3_COAL_SPV3GNODE,RTPD,MGHG,LMP_GHG_PRC,SPRV_3_COAL_SPV3GNODE,ALL,1,-15.61,4,5
2022-09-01T21:45:00-00:00,2022-09-01T22:00:00-00:00,2022-09-01,15,SPRV_3_COAL_SPV3GNODE,SPRV_3_COAL_SPV3GNODE,SPRV_3_COAL_SPV3GNODE,RTPD,MGHG,LMP_GHG_PRC,SPRV_3_COAL_SPV3GNODE,ALL,1,-14.79,4,5
2022-09-01T22:45:00-00:00,2022-09-01T23:00:00-00:00,2022-09-01,16,SPRV_3_COAL_SPV3GNODE,SPRV_3_COAL_SPV3GNODE,SPRV_3_COAL_SPV3GNODE,RTPD,MGHG,LMP_GHG_PRC,SPRV_3_COAL_SPV3GNODE,ALL,1,-17.16,4,5
2022-09-01T23:45:00-00:00,2022-09-02T00:00:00-00:00,2022-09-01,17,SPRV_3_COAL_SPV3GNODE,SPRV_3_COAL_SPV3GNODE,SPRV_3_COAL_SPV3GNODE,RTPD,MGHG,LMP_GHG_PRC,SPRV_3_COAL_SPV3GNODE,ALL,1,-28.33,4,5
2022-09-02T00:45:00-00:00,2022-09-02T01:00:00-00:00,2022-09-01,18,SPRV_3_COAL_SPV3GNODE,SPRV_3_COAL_SPV3GNODE,SPRV_3_COAL_SPV3GNODE,RTPD,MGHG,LMP_GHG_PRC,SPRV_3_COAL_SPV3GNODE,ALL,1,-29.51,4,5
2022-09-02T01:45:00-00:00,2022-09-02T02:00:00-00:00,2022-09-01,19,SPRV_3_COAL_SPV3GNODE,SPRV_3_COAL_SPV3GNODE,SPRV_3_COAL_SPV3GNODE,RTPD,MGHG,LMP_GHG_PRC,SPRV_3_COAL_SPV3GNODE,ALL,1,-15.61,4,5
2022-09-02T02:45:00-00:00,2022-09-02T03:00:00-00:00,2022-09-01,20,SPRV_3_COAL_SPV3GNODE,SPRV_3_COAL_SPV3GNODE,SPRV_3_COAL_SPV3GNODE,RTPD,MGHG,LMP_GHG_PRC,SPRV_3_COAL_SPV3GNODE,ALL,1,-30.58,4,5
2022-09-02T03:45:00-00:00,2022-09-02T04:00:00-00:00,2022-09-01,21,SPRV_3_COAL_SPV3GNODE,SPRV_3_COAL_SPV3GNODE,SPRV_3_COAL_SPV3GNODE,RTPD,MGHG,LMP_GHG_PRC,SPRV_3_COAL_SPV3GNODE,ALL,1,-16.46,4,5
2022-09-02T04:45:00-00:00,2022-09-02T05:00:00-00:00,2022-09-01,22,SPRV_3_COAL_SPV3GNODE,SPRV_3_COAL_SPV3GNODE,SPRV_3_COAL_SPV3GNODE,RTPD,MGHG,LMP_GHG_PRC,SPRV_3_COAL_SPV3GNODE,ALL,1,-15.61,4,5
2022-09-02T05:45:00-00:00,2022-09-02T06:00:00-00:00,2022-09-01,23,SPRV_3_COAL_SPV3GNODE,SPRV_3_COAL_SPV3GNODE,SPRV_3_COAL_SPV3GNODE,RTPD,MGHG,LMP_GHG_PRC,SPRV_3_COAL_SPV3GNODE,ALL,1,-14.79,4,5
2022-09-02T06:45:00-00:00,2022-09-02T07:00:00-00:00,2022-09-01,24,SPRV_3_COAL_SPV3GNODE,SPRV_3_COAL_SPV3GNODE,SPRV_3_COAL_SPV3GNODE,RTPD,MGHG,LMP_GHG_PRC,SPRV_3_COAL_SPV3GNODE,ALL,1,-15,4,5
