INTERVALSTARTTIME_GMT,INTERVALENDTIME_GMT,OPR_DT,OPR_HR,NODE_ID_XML,NODE_ID,NODE,MARKET_RUN_ID,LMP_TYPE,XML_DATA_ITEM,PNODE_RESMRID,GRP_TYPE,POS,PRC,OPR_INTERVAL,GROUP
2022-09-01T07:00:00-00:00,2022-09-01T07:15:00-00:00,2022-09-01,01,BARRETT_6_N001,BARRETT_6_N001,BARRETT_6_N001,RTPD,LMP,LMP_PRC,BARRETT_6_N001,ALL,1,211.86317,1,1
2022-09-01T08:00:00-00:00,2022-09-01T08:15:00-00:00,2022-09-01,02,BARRETT_6_N001,BARRETT_6_N001,BARRETT_6_N001,RTPD,LMP,LMP_PRC,BARRETT_6_N001,ALL,1,118.54245,1,1
2022-09-01T09:00:00-00:00,2022-09-01T09:15:00-00:00,2022-09-01,03,BARRETT_6_N001,BARRETT_6_N001,BARRETT_6_N001,RTPD,LMP,LMP_PRC,BARRETT_6_N001,ALL,1,119.1701,1,1
2022-09-01T10:00:00-00:00,2022-09-01T10:15:00-00:00,2022-09-01,04,BARRETT_6_N001,BARRETT_6_N001,BARRETT_6_N001,RTPD,LMP,LMP_PRC,BARRETT_6_N001,ALL,1,117.2629,1,1
2022-09-01T11:00:00-00:00,2022-09-01T11:15:00-00:00,2022-09-01,05,BARRETT_6_N001,BARRETT_6_N001,BARRETT_6_N001,RTPD,LMP,LMP_PRC,BARRETT_6_N001,ALL,1,117.51283,1,1
2022-09-01T12:00:00-00:00,2022-09-01T12:15:00-00:00,2022-09-01,06,BARRETT_6_N001,BARRETT_6_N001,BARRETT_6_N001,RTPD,LMP,LMP_PRC,BARRETT_6_N001,ALL,1,120.22397,1,1
2022-09-01T13:00:00-00:00,2022-09-01T13:15:00-00:00,2022-09-01,07,BARRETT_6_N001,BARRETT_6_N001,BARRETT_6_N001,RTPD,LMP,LMP_PRC,BARRETT_6_N001,ALL,1,114.49169,1,1
2022-09-01T14:00:00-00:00,2022-09-01T14:15:00-00:00,2022-09-01,08,BARRETT_6_N001,BARRETT_6_N001,BARRETT_6_N001,RTPD,LMP,LMP_PRC,BARRETT_6_N001,ALL,1,195.74863,1,1
2022-09-01T15:00:00-00:00,2022-09-01T15:15:00-00:00,2022-09-01,09,BARRETT_6_N001,BARRETT_6_N001,BARRETT_6_N001,RTPD,LMP,LMP_PRC,BARRETT_6_N001,ALL,1,298.8018,1,1
2022-09-01T16:00:00-00:00,2022-09-01T16:15:00-00:00,2022-09-01,10,BARRETT_6_N001,BARRETT_6_N001,BARRETT_6_N001,RTPD,LMP,LMP_PRC,BARRETT_6_N001,ALL,1,230.68744,1,1
2022-09-01T17:00:00-00:00,2022-09-01T17:15:00-00:00,2022-09-01,11,BARRETT_6_N001,BARRETT_6_N001,BARRETT_6_N001,RTPD,LMP,LMP_PRC,BARRETT_6_N001,ALL,1,239.42508,1,1
2022-09-01T18:00:00-00:00,2022-09-01T18:15:00-00:00,2022-09-01,12,BARRETT_6_N001,BARRETT_6_N001,BARRETT_6_N001,RTPD,LMP,LMP_PRC,BARRETT_6_N001,ALL,1,255.2307,1,1
2022-09-01T19:00:00-00:00,2022-09-01T19:15:00-00:00,2022-09-01,13,BARRETT_6_N001,BARRETT_6_N001,BARRETT_6_N001,RTPD,LMP,LMP_PRC,BARRETT_6_N001,ALL,1,370.3382,1,1
2022-09-01T20:00:00-00:00,2022-09-01T20:15:00-00:00,2022-09-01,14,BARRETT_6_N001,BARRETT_6_N001,BARRETT_6_N001,RTPD,LMP,LMP_PRC,BARRETT_6_N001,ALL,1,178.61372,1,1
2022-09-01T21:00:00-00:00,2022-09-01T21:15:00-00:00,2022-09-01,15,BARRETT_6_N001,BARRETT_6_N001,BARRETT_6_N001,RTPD,LMP,LMP_PRC,BARRETT_6_N001,ALL,1,1180.7328,1,1
2022-09-01T22:00:00-00:00,2022-09-01T22:15:00-00:00,2022-09-01,16,BARRETT_6_N001,BARRETT_6_N001,BARRETT_6_N001,RTPD,LMP,LMP_PRC,BARRETT_6_N001,ALL,1,961.3152,1,1
2022-09-01T23:00:00-00:00,2022-09-01T23:15:00-00:00,2022-09-01,17,BARRETT_6_N001,BARRETT_6_N001,BARRETT_6_N001,RTPD,LMP,LMP_PRC,BARRETT_6_N001,ALL,1,1893.4078,1,1
2022-09-02T00:00:00-00:00,2022-09-02T00:15:00-00:00,2022-09-01,18,BARRETT_6_N001,BARRETT_6_N001,BARRETT_6_N001,RTPD,LMP,LMP_PRC,BARRETT_6_N001,ALL,1,1954.5872,1,1
2022-09-02T01:00:00-00:00,2022-09-02T01:15:00-00:00,2022-09-01,19,BARRETT_6_N001,BARRETT_6_N001,BARRETT_6_N001,RTPD,LMP,LMP_PRC,BARRETT_6_N001,ALL,1,1152.2227,1,1
2022-09-02T02:00:00-00:00,2022-09-02T02:15:00-00:00,2022-09-01,20,BARRETT_6_N001,BARRETT_6_N001,BARRETT_6_N001,RTPD,LMP,LMP_PRC,BARRETT_6_N001,ALL,1,2349.4119,1,1
2022-09-02T03:00:00-00:00,2022-09-02T03:15:00-00:00,2022-09-01,21,BARRETT_6_N001,BARRETT_6_N001,BARRETT_6_N001,RTPD,LMP,LMP_PRC,BARRETT_6_N001,ALL,1,1299.2104,1,1
2022-09-02T04:00:00-00:00,2022-09-02T04:15:00-00:00,2022-09-01,22,BARRETT_6_N001,BARRETT_6_N001,BARRETT_6_N001,RTPD,LMP,LMP_PRC,BARRETT_6_N001,ALL,1,314.14496,1,1
2022-09-02T05:00:00-00:00,2022-09-02T05:15:00-00:00,2022-09-01,23,BARRETT_6_N001,BARRETT_6_N001,BARRETT_6_N001,RTPD,LMP,LMP_PRC,BARRETT_6_N001,ALL,1,219.38513,1,1
2022-09-02T06:00:00-00:00,2022-09-02T06:15:00-00:00,2022-09-01,24,BARRETT_6_N001,BARRETT_6_N001,BARRETT_6_N001,RTPD,LMP,LMP_PRC,BARRETT_6_N001,ALL,1,175.36919,1,1
2022-09-01T07:15:00-00:00,2022-09-01T07:30:00-00:00,2022-09-01,01,BARRETT_6_N001,BARRETT_6_N001,BARRETT_6_N001,RTPD,LMP,LMP_PRC,BARRETT_6_N001,ALL,1,134.42,2,1
2022-09-01T08:15:00-00:00,2022-09-01T08:30:00-00:00,2022-09-01,02,BARRETT_6_N001,BARRETT_6_N001,BARRETT_6_N001,RTPD,LMP,LMP_PRC,BARRETT_6_N001,ALL,1,116.34878,2,1
2022-09-01T09:15:00-00:00,2022-09-01T09:30:00-00:00,2022-09-01,03,BARRETT_6_N001,BARRETT_6_N001,BARRETT_6_N001,RTPD,LMP,LMP_PRC,BARRETT_6_N001,ALL,1,118.68834,2,1
2022-09-01T10:15:00-00:00,2022-09-01T10:30:00-00:00,2022-09-01,04,BARRETT_6_N001,BARRETT_6_N001,BARRETT_6_N001,RTPD,LMP,LMP_PRC,BARRETT_6_N001,ALL,1,116.90946,2,1
2022-09-01T11:15:00-00:00,2022-09-01T11:30:00-00:00,2022-09-01,05,BARRETT_6_N001,BARRETT_6_N001,BARRETT_6_N001,RTPD,LMP,LMP_PRC,BARRETT_6_N001,ALL,1,118.26552,2,1
2022-09-01T12:15:00-00:00,2022-09-01T12:30:00-00:00,2022-09-01,06,BARRETT_6_N001,BARRETT_6_N001,BARRETT_6_N001,RTPD,LMP,LMP_PRC,BARRETT_6_N001,ALL,1,130.95694,2,1
2022-09-01T13:15:00-00:00,2022-09-01T13:30:00-00:00,2022-09-01,07,BARRETT_6_N001,BARRETT_6_N001,BARRETT_6_N001,RTPD,LMP,LMP_PRC,BARRETT_6_N001,ALL,1,127.70317,2,1
2022-09-01T14:15:00-00:00,2022-09-01T14:30:00-00:00,2022-09-01,08,BARRETT_6_N001,BARRETT_6_N001,BARRETT_6_N001,RTPD,LMP,LMP_PRC,BARRETT_6_N001,ALL,1,207.79863,2,1
2022-09-01T15:15:00-00:00,2022-09-01T15:30:00-00:00,2022-09-01,09,BARRETT_6_N001,BARRETT_6_N001,BARRETT_6_N001,RTPD,LMP,LMP_PRC,BARRETT_6_N001,ALL,1,301.32425,2,1
2022-09-01T16:15:00-00:00,2022-09-01T16:30:00-00:00,2022-09-01,10,BARRETT_6_N001,BARRETT_6_N001,BARRETT_6_N001,RTPD,LMP,LMP_PRC,BARRETT_6_N001,ALL,1,229.23672,2,1
2022-09-01T17:15:00-00:00,2022-09-01T17:30:00-00:00,2022-09-01,11,BARRETT_6_N001,BARRETT_6_N001,BARRETT_6_N001,RTPD,LMP,LMP_PRC,BARRETT_6_N001,ALL,1,252.51018,2,1
2022-09-01T18:15:00-00:00,2022-09-01T18:30:00-00:00,2022-09-01,12,BARRETT_6_N001,BARRETT_6_N001,BARRETT_6_N001,RTPD,LMP,LMP_PRC,BARRETT_6_N001,ALL,1,287.43115,2,1
2022-09-01T19:15:00-00:00,2022-09-01T19:30:00-00:00,2022-09-01,13,BARRETT_6_N001,BARRETT_6_N001,BARRETT_6_N001,RTPD,LMP,LMP_PRC,BARRETT_6_N001,ALL,1,260.56046,2,1
2022-09-01T20:15:00-00:00,2022-09-01T20:30:00-00:00,2022-09-01,14,BARRETT_6_N001,BARRETT_6_N001,BARRETT_6_N001,RTPD,LMP,LMP_PRC,BARRETT_6_N001,ALL,1,211.75073,2,1
2022-09-01T21:15:00-00:00,2022-09-01T21:30:00-00:00,2022-09-01,15,BARRETT_6_N001,BARRETT_6_N001,BARRETT_6_N001,RTPD,LMP,LMP_PRC,BARRETT_6_N001,ALL,1,362.10516,2,1
2022-09-01T22:15:00-00:00,2022-09-01T22:30:00-00:00,2022-09-01,16,BARRETT_6_N001,BARRETT_6_N001,BARRETT_6_N001,RTPD,LMP,LMP_PRC,BARRETT_6_N001,ALL,1,1040.5536,2,1
2022-09-01T23:15:00-00:00,2022-09-01T23:30:00-00:00,2022-09-01,17,BARRETT_6_N001,BARRETT_6_N001,BARRETT_6_N001,RTPD,LMP,LMP_PRC,BARRETT_6_N001,ALL,1,1817.6781,2,1
2022-09-02T00:15:00-00:00,2022-09-02T00:30:00-00:00,2022-09-01,18,BARRETT_6_N001,BARRETT_6_N001,BARRETT_6_N001,RTPD,LMP,LMP_PRC,BARRETT_6_N001,ALL,1,1774.8265,2,1
2022-09-02T01:15:00-00:00,2022-09-02T01:30:00-00:00,2022-09-01,19,BARRETT_6_N001,BARRETT_6_N001,BARRETT_6_N001,RTPD,LMP,LMP_PRC,BARRETT_6_N001,ALL,1,2477.9934,2,1
2022-09-02T02:15:00-00:00,2022-09-02T02:30:00-00:00,2022-09-01,20,BARRETT_6_N001,BARRETT_6_N001,BARRETT_6_N001,RTPD,LMP,LMP_PRC,BARRETT_6_N001,ALL,1,1991.6721,2,1
2022-09-02T03:15:00-00:00,2022-09-02T03:30:00-00:00,2022-09-01,21,BARRETT_6_N001,BARRETT_6_N001,BARRETT_6_N001,RTPD,LMP,LMP_PRC,BARRETT_6_N001,ALL,1,546.6045,2,1
2022-09-02T04:15:00-00:00,2022-09-02T04:30:00-00:00,2022-09-01,22,BARRETT_6_N001,BARRETT_6_N001,BARRETT_6_N001,RTPD,LMP,LMP_PRC,BARRETT_6_N001,ALL,1,201.2665,2,1
2022-09-02T05:15:00-00:00,2022-09-02T05:30:00-00:00,2022-09-01,23,BARRETT_6_N001,BARRETT_6_N001,BARRETT_6_N001,RTPD,LMP,LMP_PRC,BARRETT_6_N001,ALL,1,191.86943,2,1
2022-09-02T06:15:00-00:00,2022-09-02T06:30:00-00:00,2022-09-01,24,BARRETT_6_N001,BARRETT_6_N001,BARRETT_6_N001,RTPD,LMP,LMP_PRC,BARRETT_6_N001,ALL,1,166.18501,2,1
2022-09-01T07:30:00-00:00,2022-09-01T07:45:00-00:00,2022-09-01,01,BARRETT_6_N001,BARRETT_6_N001,BARRETT_6_N001,RTPD,LMP,LMP_PRC,BARRETT_6_N001,ALL,1,133.46783,3,1
2022-09-01T08:30:00-00:00,2022-09-01T08:45:00-00:00,2022-09-01,02,BARRETT_6_N001,BARRETT_6_N001,BARRETT_6_N001,RTPD,LMP,LMP_PRC,BARRETT_6_N001,ALL,1,129.34673,3,1
2022-09-01T09:30:00-00:00,2022-09-01T09:45:00-00:00,2022-09-01,03,BARRETT_6_N001,BARRETT_6_N001,BARRETT_6_N001,RTPD,LMP,LMP_PRC,BARRETT_6_N001,ALL,1,118.30869,3,1
2022-09-01T10:30:00-00:00,2022-09-01T10:45:00-00:00,2022-09-01,04,BARRETT_6_N001,BARRETT_6_N001,BARRETT_6_N001,RTPD,LMP,LMP_PRC,BARRETT_6_N001,ALL,1,113.93575,3,1
2022-09-01T11:30:00-00:00,2022-09-01T11:45:00-00:00,2022-09-01,05,BARRETT_6_N001,BARRETT_6_N001,BARRETT_6_N001,RTPD,LMP,LMP_PRC,BARRETT_6_N001,ALL,1,118.12964,3,1
2022-09-01T12:30:00-00:00,2022-09-01T12:45:00-00:00,2022-09-01,06,BARRETT_6_N001,BARRETT_6_N001,BARRETT_6_N001,RTPD,LMP,LMP_PRC,BARRETT_6_N001,ALL,1,139.66037,3,1
2022-09-01T13:30:00-00:00,2022-09-01T13:45:00-00:00,2022-09-01,07,BARRETT_6_N001,BARRETT_6_N001,BARRETT_6_N001,RTPD,LMP,LMP_PRC,BARRETT_6_N001,ALL,1,135.01184,3,1
2022-09-01T14:30:00-00:00,2022-09-01T14:45:00-00:00,2022-09-01,08,BARRETT_6_N001,BARRETT_6_N001,BARRETT_6_N001,RTPD,LMP,LMP_PRC,BARRETT_6_N001,ALL,1,179.0785,3,1
2022-09-01T15:30:00-00:00,2022-09-01T15:45:00-00:00,2022-09-01,09,BARRETT_6_N001,BARRETT_6_N001,BARRETT_6_N001,RTPD,LMP,LMP_PRC,BARRETT_6_N001,ALL,1,362.11758,3,1
2022-09-01T16:30:00-00:00,2022-09-01T16:45:00-00:00,2022-09-01,10,BARRETT_6_N001,BARRETT_6_N001,BARRETT_6_N001,RTPD,LMP,LMP_PRC,BARRETT_6_N001,ALL,1,211.40698,3,1
2022-09-01T17:30:00-00:00,2022-09-01T17:45:00-00:00,2022-09-01,11,BARRETT_6_N001,BARRETT_6_N001,BARRETT_6_N001,RTPD,LMP,LMP_PRC,BARRETT_6_N001,ALL,1,236.14062,3,1
2022-09-01T18:30:00-00:00,2022-09-01T18:45:00-00:00,2022-09-01,12,BARRETT_6_N001,BARRETT_6_N001,BARRETT_6_N001,RTPD,LMP,LMP_PRC,BARRETT_6_N001,ALL,1,289.79974,3,1
2022-09-01T19:30:00-00:00,2022-09-01T19:45:00-00:00,2022-09-01,13,BARRETT_6_N001,BARRETT_6_N001,BARRETT_6_N001,RTPD,LMP,LMP_PRC,BARRETT_6_N001,ALL,1,252.20432,3,1
2022-09-01T20:30:00-00:00,2022-09-01T20:45:00-00:00,2022-09-01,14,BARRETT_6_N001,BARRETT_6_N001,BARRETT_6_N001,RTPD,LMP,LMP_PRC,BARRETT_6_N001,ALL,1,276.4514,3,1
2022-09-01T21:30:00-00:00,2022-09-01T21:45:00-00:00,2022-09-01,15,BARRETT_6_N001,BARRETT_6_N001,BARRETT_6_N001,RTPD,LMP,LMP_PRC,BARRETT_6_N001,ALL,1,401.28122,3,1
2022-09-01T22:30:00-00:00,2022-09-01T22:45:00-00:00,2022-09-01,16,BARRETT_6_N001,BARRETT_6_N001,BARRETT_6_N001,RTPD,LMP,LMP_PRC,BARRETT_6_N001,ALL,1,1228.2498,3,1
2022-09-01T23:30:00-00:00,2022-09-01T23:45:00-00:00,2022-09-01,17,BARRETT_6_N001,BARRETT_6_N001,BARRETT_6_N001,RTPD,LMP,LMP_PRC,BARRETT_6_N001,ALL,1,1945.5112,3,1
2022-09-02T00:30:00-00:00,2022-09-02T00:45:00-00:00,2022-09-01,18,BARRETT_6_N001,BARRETT_6_N001,BARRETT_6_N001,RTPD,LMP,LMP_PRC,BARRETT_6_N001,ALL,1,2047.1085,3,1
2022-09-02T01:30:00-00:00,2022-09-02T01:45:00-00:00,2022-09-01,19,BARRETT_6_N001,BARRETT_6_N001,BARRETT_6_N001,RTPD,LMP,LMP_PRC,BARRETT_6_N001,ALL,1,2093.2126,3,1
2022-09-02T02:30:00-00:00,2022-09-02T02:45:00-00:00,2022-09-01,20,BARRETT_6_N001,BARRETT_6_N001,BARRETT_6_N001,RTPD,LMP,LMP_PRC,BARRETT_6_N001,ALL,1,1991.671,3,1
2022-09-02T03:30:00-00:00,2022-09-02T03:45:00-00:00,2022-09-01,21,BARRETT_6_N001,BARRETT_6_N001,BARRETT_6_N001,RTPD,LMP,LMP_PRC,BARRETT_6_N001,ALL,1,231.3382,3,1
2022-09-02T04:30:00-00:00,2022-09-02T04:45:00-00:00,2022-09-01,22,BARRETT_6_N001,BARRETT_6_N001,BARRETT_6_N001,RTPD,LMP,LMP_PRC,BARRETT_6_N001,ALL,1,183.11314,3,1
2022-09-02T05:30:00-00:00,2022-09-02T05:45:00-00:00,2022-09-01,23,BARRETT_6_N001,BARRETT_6_N001,BARRETT_6_N001,RTPD,LMP,LMP_PRC,BARRETT_6_N001,ALL,1,168.0267,3,1
2022-09-02T06:30:00-00:00,2022-09-02T06:45:00-00:00,2022-09-01,24,BARRETT_6_N001,BARRETT_6_N001,BARRETT_6_N001,RTPD,LMP,LMP_PRC,BARRETT_6_N001,ALL,1,156.01817,3,1
2022-09-01T07:45:00-00:00,2022-09-01T08:00:00-00:00,2022-09-01,01,BARRETT_6_N001,BARRETT_6_N001,BARRETT_6_N001,RTPD,LMP,LMP_PRC,BARRETT_6_N001,ALL,1,125.61722,4,1
2022-09-01T08:45:00-00:00,2022-09-01T09:00:00-00:00,2022-09-01,02,BARRETT_6_N001,BARRETT_6_N001,BARRETT_6_N001,RTPD,LMP,LMP_PRC,BARRETT_6_N001,ALL,1,118.41195,4,1
2022-09-01T09:45:00-00:00,2022-09-01T10:00:00-00:00,2022-09-01,03,BARRETT_6_N001,BARRETT_6_N001,BARRETT_6_N001,RTPD,LMP,LMP_PRC,BARRETT_6_N001,ALL,1,116.52043,4,1
2022-09-01T10:45:00-00:00,2022-09-01T11:00:00-00:00,2022-09-01,04,BARRETT_6_N001,BARRETT_6_N001,BARRETT_6_N001,RTPD,LMP,LMP_PRC,BARRETT_6_N001,ALL,1,109.76745,4,1
2022-09-01T11:45:00-00:00,2022-09-01T12:00:00-00:00,2022-09-01,05,BARRETT_6_N001,BARRETT_6_N001,BARRETT_6_N001,RTPD,LMP,LMP_PRC,BARRETT_6_N001,ALL,1,107.01,4,1
2022-09-01T12:45:00-00:00,2022-09-01T13:00:00-00:00,2022-09-01,06,BARRETT_6_N001,BARRETT_6_N001,BARRETT_6_N001,RTPD,LMP,LMP_PRC,BARRETT_6_N001,ALL,1,118.70032,4,1
2022-09-01T13:45:00-00:00,2022-09-01T14:00:00-00:00,2022-09-01,07,BARRETT_6_N001,BARRETT_6_N001,BARRETT_6_N001,RTPD,LMP,LMP_PRC,BARRETT_6_N001,ALL,1,144.5475,4,1
2022-09-01T14:45:00-00:00,2022-09-01T15:00:00-00:00,2022-09-01,08,BARRETT_6_N001,BARRETT_6_N001,BARRETT_6_N001,RTPD,LMP,LMP_PRC,BARRETT_6_N001,ALL,1,170.43832,4,1
2022-09-01T15:45:00-00:00,2022-09-01T16:00:00-00:00,2022-09-01,09,BARRETT_6_N001,BARRETT_6_N001,BARRETT_6_N001,RTPD,LMP,LMP_PRC,BARRETT_6_N001,ALL,1,213.95291,4,1
2022-09-01T16:45:00-00:00,2022-09-01T17:00:00-00:00,2022-09-01,10,BARRETT_6_N001,BARRETT_6_N001,BARRETT_6_N001,RTPD,LMP,LMP_PRC,BARRETT_6_N001,ALL,1,211.8619,4,1
2022-09-01T17:45:00-00:00,2022-09-01T18:00:00-00:00,2022-09-01,11,BARRETT_6_N001,BARRETT_6_N001,BARRETT_6_N001,RTPD,LMP,LMP_PRC,BARRETT_6_N001,ALL,1,241.9928,4,1
2022-09-01T18:45:00-00:00,2022-09-01T19:00:00-00:00,2022-09-01,12,BARRETT_6_N001,BARRETT_6_N001,BARRETT_6_N001,RTPD,LMP,LMP_PRC,BARRETT_6_N001,ALL,1,304.66278,4,1
2022-09-01T19:45:00-00:00,2022-09-01T20:00:00-00:00,2022-09-01,13,BARRETT_6_N001,BARRETT_6_N001,BARRETT_6_N001,RTPD,LMP,LMP_PRC,BARRETT_6_N001,ALL,1,265.40305,4,1
2022-09-01T20:45:00-00:00,2022-09-01T21:00:00-00:00,2022-09-01,14,BARRETT_6_N001,BARRETT_6_N001,BARRETT_6_N001,RTPD,LMP,LMP_PRC,BARRETT_6_N001,ALL,1,354.76855,4,1
2022-09-01T21:45:00-00:00,2022-09-01T22:00:00-00:00,2022-09-01,15,BARRETT_6_N001,BARRETT_6_N001,BARRETT_6_N001,RTPD,LMP,LMP_PRC,BARRETT_6_N001,ALL,1,1226.5165,4,1
2022-09-01T22:45:00-00:00,2022-09-01T23:00:00-00:00,2022-09-01,16,BARRETT_6_N001,BARRETT_6_N001,BARRETT_6_N001,RTPD,LMP,LMP_PRC,BARRETT_6_N001,ALL,1,2185.3462,4,1
2022-09-01T23:45:00-00:00,2022-09-02T00:00:00-00:00,2022-09-01,17,BARRETT_6_N001,BARRETT_6_N001,BARRETT_6_N001,RTPD,LMP,LMP_PRC,BARRETT_6_N001,ALL,1,3582.1829,4,1
2022-09-02T00:45:00-00:00,2022-09-02T01:00:00-00:00,2022-09-01,18,BARRETT_6_N001,BARRETT_6_N001,BARRETT_6_N001,RTPD,LMP,LMP_PRC,BARRETT_6_N001,ALL,1,2855.7063,4,1
2022-09-02T01:45:00-00:00,2022-09-02T02:00:00-00:00,2022-09-01,19,BARRETT_6_N001,BARRETT_6_N001,BARRETT_6_N001,RTPD,LMP,LMP_PRC,BARRETT_6_N001,ALL,1,1991.9337,4,1
2022-09-02T02:45:00-00:00,2022-09-02T03:00:00-00:00,2022-09-01,20,BARRETT_6_N001,BARRETT_6_N001,BARRETT_6_N001,RTPD,LMP,LMP_PRC,BARRETT_6_N001,ALL,1,2987.4397,4,1
2022-09-02T03:45:00-00:00,2022-09-02T04:00:00-00:00,2022-09-01,21,BARRETT_6_N001,BARRETT_6_N001,BARRETT_6_N001,RTPD,LMP,LMP_PRC,BARRETT_6_N001,ALL,1,175.44693,4,1
2022-09-02T04:45:00-00:00,2022-09-02T05:00:00-00:00,2022-09-01,22,BARRETT_6_N001,BARRETT_6_N001,BARRETT_6_N001,RTPD,LMP,LMP_PRC,BARRETT_6_N001,ALL,1,156.41583,4,1
2022-09-02T05:45:00-00:00,2022-09-02T06:00:00-00:00,2022-09-01,23,BARRETT_6_N001,BARRETT_6_N001,BARRETT_6_N001,RTPD,LMP,LMP_PRC,BARRETT_6_N001,ALL,1,160.3498,4,1
2022-09-02T06:45:00-00:00,2022-09-02T07:00:00-00:00,2022-09-01,24,BARRETT_6_N001,BARRETT_6_N001,BARRETT_6_N001,RTPD,LMP,LMP_PRC,BARRETT_6_N001,ALL,1,129.78078,4,1
2022-09-01T07:00:00-00:00,2022-09-01T07:15:00-00:00,2022-09-01,01,BARRETT_6_N001,BARRETT_6_N001,BARRETT_6_N001,RTPD,MCC,LMP_CONG_PRC,BARRETT_6_N001,ALL,1,100.80109,1,2
2022-09-01T08:00:00-00:00,2022-09-01T08:15:00-00:00,2022-09-01,02,BARRETT_6_N001,BARRETT_6_N001,BARRETT_6_N001,RTPD,MCC,LMP_CONG_PRC,BARRETT_6_N001,ALL,1,2.99366,1,2
2022-09-01T09:00:00-00:00,2022-09-01T09:15:00-00:00,2022-09-01,03,BARRETT_6_N001,BARRETT_6_N001,BARRETT_6_N001,RTPD,MCC,LMP_CONG_PRC,BARRETT_6_N001,ALL,1,4.01117,1,2
2022-09-01T10:00:00-00:00,2022-09-01T10:15:00-00:00,2022-09-01,04,BARRETT_6_N001,BARRETT_6_N001,BARRETT_6_N001,RTPD,MCC,LMP_CONG_PRC,BARRETT_6_N001,ALL,1,3.52842,1,2
2022-09-01T11:00:00-00:00,2022-09-01T11:15:00-00:00,2022-09-01,05,BARRETT_6_N001,BARRETT_6_N001,BARRETT_6_N001,RTPD,MCC,LMP_CONG_PRC,BARRETT_6_N001,ALL,1,0,1,2
2022-09-01T12:00:00-00:00,2022-09-01T12:15:00-00:00,2022-09-01,06,BARRETT_6_N001,BARRETT_6_N001,BARRETT_6_N001,RTPD,MCC,LMP_CONG_PRC,BARRETT_6_N001,ALL,1,9.31225,1,2
2022-09-01T13:00:00-00:00,2022-09-01T13:15:00-00:00,2022-09-01,07,BARRETT_6_N001,BARRETT_6_N001,BARRETT_6_N001,RTPD,MCC,LMP_CONG_PRC,BARRETT_6_N001,ALL,1,12.68292,1,2
2022-09-01T14:00:00-00:00,2022-09-01T14:15:00-00:00,2022-09-01,08,BARRETT_6_N001,BARRETT_6_N001,BARRETT_6_N001,RTPD,MCC,LMP_CONG_PRC,BARRETT_6_N001,ALL,1,71.35852,1,2
2022-09-01T15:00:00-00:00,2022-09-01T15:15:00-00:00,2022-09-01,09,BARRETT_6_N001,BARRETT_6_N001,BARRETT_6_N001,RTPD,MCC,LMP_CONG_PRC,BARRETT_6_N001,ALL,1,201.3906,1,2
2022-09-01T16:00:00-00:00,2022-09-01T16:15:00-00:00,2022-09-01,10,BARRETT_6_N001,BARRETT_6_N001,BARRETT_6_N001,RTPD,MCC,LMP_CONG_PRC,BARRETT_6_N001,ALL,1,147.2522,1,2
2022-09-01T17:00:00-00:00,2022-09-01T17:15:00-00:00,2022-09-01,11,BARRETT_6_N001,BARRETT_6_N001,BARRETT_6_N001,RTPD,MCC,LMP_CONG_PRC,BARRETT_6_N001,ALL,1,142.4761,1,2
2022-09-01T18:00:00-00:00,2022-09-01T18:15:00-00:00,2022-09-01,12,BARRETT_6_N001,BARRETT_6_N001,BARRETT_6_N001,RTPD,MCC,LMP_CONG_PRC,BARRETT_6_N001,ALL,1,163.63779,1,2
2022-09-01T19:00:00-00:00,2022-09-01T19:15:00-00:00,2022-09-01,13,BARRETT_6_N001,BARRETT_6_N001,BARRETT_6_N001,RTPD,MCC,LMP_CONG_PRC,BARRETT_6_N001,ALL,1,261.1418,1,2
2022-09-01T20:00:00-00:00,2022-09-01T20:15:00-00:00,2022-09-01,14,BARRETT_6_N001,BARRETT_6_N001,BARRETT_6_N001,RTPD,MCC,LMP_CONG_PRC,BARRETT_6_N001,ALL,1,60.67013,1,2
2022-09-01T21:00:00-00:00,2022-09-01T21:15:00-00:00,2022-09-01,15,BARRETT_6_N001,BARRETT_6_N001,BARRETT_6_N001,RTPD,MCC,LMP_CONG_PRC,BARRETT_6_N001,ALL,1,954.11774,1,2
2022-09-01T22:00:00-00:00,2022-09-01T22:15:00-00:00,2022-09-01,16,BARRETT_6_N001,BARRETT_6_N001,BARRETT_6_N001,RTPD,MCC,LMP_CONG_PRC,BARRETT_6_N001,ALL,1,732.12964,1,2
2022-09-01T23:00:00-00:00,2022-09-01T23:15:00-00:00,2022-09-01,17,BARRETT_6_N001,BARRETT_6_N001,BARRETT_6_N001,RTPD,MCC,LMP_CONG_PRC,BARRETT_6_N001,ALL,1,1506.654,1,2
2022-09-02T00:00:00-00:00,2022-09-02T00:15:00-00:00,2022-09-01,18,BARRETT_6_N001,BARRETT_6_N001,BARRETT_6_N001,RTPD,MCC,LMP_CONG_PRC,BARRETT_6_N001,ALL,1,1049.5394,1,2
2022-09-02T01:00:00-00:00,2022-09-02T01:15:00-00:00,2022-09-01,19,BARRETT_6_N001,BARRETT_6_N001,BARRETT_6_N001,RTPD,MCC,LMP_CONG_PRC,BARRETT_6_N001,ALL,1,235.95145,1,2
2022-09-02T02:00:00-00:00,2022-09-02T02:15:00-00:00,2022-09-01,20,BARRETT_6_N001,BARRETT_6_N001,BARRETT_6_N001,RTPD,MCC,LMP_CONG_PRC,BARRETT_6_N001,ALL,1,357.7398,1,2
2022-09-02T03:00:00-00:00,2022-09-02T03:15:00-00:00,2022-09-01,21,BARRETT_6_N001,BARRETT_6_N001,BARRETT_6_N001,RTPD,MCC,LMP_CONG_PRC,BARRETT_6_N001,ALL,1,272.83817,1,2
2022-09-02T04:00:00-00:00,2022-09-02T04:15:00-00:00,2022-09-01,22,BARRETT_6_N001,BARRETT_6_N001,BARRETT_6_N001,RTPD,MCC,LMP_CONG_PRC,BARRETT_6_N001,ALL,1,16.91851,1,2
2022-09-02T05:00:00-00:00,2022-09-02T05:15:00-00:00,2022-09-01,23,BARRETT_6_N001,BARRETT_6_N001,BARRETT_6_N001,RTPD,MCC,LMP_CONG_PRC,BARRETT_6_N001,ALL,1,14.0207,1,2
2022-09-02T06:00:00-00:00,2022-09-02T06:15:00-00:00,2022-09-01,24,BARRETT_6_N001,BARRETT_6_N001,BARRETT_6_N001,RTPD,MCC,LMP_CONG_PRC,BARRETT_6_N001,ALL,1,-2.81605,1,2
2022-09-01T07:15:00-00:00,2022-09-01T07:30:00-00:00,2022-09-01,01,BARRETT_6_N001,BARRETT_6_N001,BARRETT_6_N001,RTPD,MCC,LMP_CONG_PRC,BARRETT_6_N001,ALL,1,8.86856,2,2
2022-09-01T08:15:00-00:00,2022-09-01T08:30:00-00:00,2022-09-01,02,BARRETT_6_N001,BARRETT_6_N001,BARRETT_6_N001,RTPD,MCC,LMP_CONG_PRC,BARRETT_6_N001,ALL,1,0.81713,2,2
2022-09-01T09:15:00-00:00,2022-09-01T09:30:00-00:00,2022-09-01,03,BARRETT_6_N001,BARRETT_6_N001,BARRETT_6_N001,RTPD,MCC,LMP_CONG_PRC,BARRETT_6_N001,ALL,1,5.31269,2,2
2022-09-01T10:15:00-00:00,2022-09-01T10:30:00-00:00,2022-09-01,04,BARRETT_6_N001,BARRETT_6_N001,BARRETT_6_N001,RTPD,MCC,LMP_CONG_PRC,BARRETT_6_N001,ALL,1,4.99267,2,2
2022-09-01T11:15:00-00:00,2022-09-01T11:30:00-00:00,2022-09-01,05,BARRETT_6_N001,BARRETT_6_N001,BARRETT_6_N001,RTPD,MCC,LMP_CONG_PRC,BARRETT_6_N001,ALL,1,0,2,2
2022-09-01T12:15:00-00:00,2022-09-01T12:30:00-00:00,2022-09-01,06,BARRETT_6_N001,BARRETT_6_N001,BARRETT_6_N001,RTPD,MCC,LMP_CONG_PRC,BARRETT_6_N001,ALL,1,5.70668,2,2
2022-09-01T13:15:00-00:00,2022-09-01T13:30:00-00:00,2022-09-01,07,BARRETT_6_N001,BARRETT_6_N001,BARRETT_6_N001,RTPD,MCC,LMP_CONG_PRC,BARRETT_6_N001,ALL,1,0.54427,2,2
2022-09-01T14:15:00-00:00,2022-09-01T14:30:00-00:00,2022-09-01,08,BARRETT_6_N001,BARRETT_6_N001,BARRETT_6_N001,RTPD,MCC,LMP_CONG_PRC,BARRETT_6_N001,ALL,1,90.96064,2,2
2022-09-01T15:15:00-00:00,2022-09-01T15:30:00-00:00,2022-09-01,09,BARRETT_6_N001,BARRETT_6_N001,BARRETT_6_N001,RTPD,MCC,LMP_CONG_PRC,BARRETT_6_N001,ALL,1,214.38547,2,2
2022-09-01T16:15:00-00:00,2022-09-01T16:30:00-00:00,2022-09-01,10,BARRETT_6_N001,BARRETT_6_N001,BARRETT_6_N001,RTPD,MCC,LMP_CONG_PRC,BARRETT_6_N001,ALL,1,139.78815,2,2
2022-09-01T17:15:00-00:00,2022-09-01T17:30:00-00:00,2022-09-01,11,BARRETT_6_N001,BARRETT_6_N001,BARRETT_6_N001,RTPD,MCC,LMP_CONG_PRC,BARRETT_6_N001,ALL,1,153.16344,2,2
2022-09-01T18:15:00-00:00,2022-09-01T18:30:00-00:00,2022-09-01,12,BARRETT_6_N001,BARRETT_6_N001,BARRETT_6_N001,RTPD,MCC,LMP_CONG_PRC,BARRETT_6_N001,ALL,1,186.27214,2,2
2022-09-01T19:15:00-00:00,2022-09-01T19:30:00-00:00,2022-09-01,13,BARRETT_6_N001,BARRETT_6_N001,BARRETT_6_N001,RTPD,MCC,LMP_CONG_PRC,BARRETT_6_N001,ALL,1,155.2546,2,2
2022-09-01T20:15:00-00:00,2022-09-01T20:30:00-00:00,2022-09-01,14,BARRETT_6_N001,BARRETT_6_N001,BARRETT_6_N001,RTPD,MCC,LMP_CONG_PRC,BARRETT_6_N001,ALL,1,94.25654,2,2
2022-09-01T21:15:00-00:00,2022-09-01T21:30:00-00:00,2022-09-01,15,BARRETT_6_N001,BARRETT_6_N001,BARRETT_6_N001,RTPD,MCC,LMP_CONG_PRC,BARRETT_6_N001,ALL,1,214.89331,2,2
2022-09-01T22:15:00-00:00,2022-09-01T22:30:00-00:00,2022-09-01,16,BARRETT_6_N001,BARRETT_6_N001,BARRETT_6_N001,RTPD,MCC,LMP_CONG_PRC,BARRETT_6_N001,ALL,1,783.96625,2,2
2022-09-01T23:15:00-00:00,2022-09-01T23:30:00-00:00,2022-09-01,17,BARRETT_6_N001,BARRETT_6_N001,BARRETT_6_N001,RTPD,MCC,LMP_CONG_PRC,BARRETT_6_N001,ALL,1,1455.5541,2,2
2022-09-02T00:15:00-00:00,2022-09-02T00:30:00-00:00,2022-09-01,18,BARRETT_6_N001,BARRETT_6_N001,BARRETT_6_N001,RTPD,MCC,LMP_CONG_PRC,BARRETT_6_N001,ALL,1,968.38214,2,2
2022-09-02T01:15:00-00:00,2022-09-02T01:30:00-00:00,2022-09-01,19,BARRETT_6_N001,BARRETT_6_N001,BARRETT_6_N001,RTPD,MCC,LMP_CONG_PRC,BARRETT_6_N001,ALL,1,478,2,2
2022-09-02T02:15:00-00:00,2022-09-02T02:30:00-00:00,2022-09-01,20,BARRETT_6_N001,BARRETT_6_N001,BARRETT_6_N001,RTPD,MCC,LMP_CONG_PRC,BARRETT_6_N001,ALL,1,0,2,2
2022-09-02T03:15:00-00:00,2022-09-02T03:30:00-00:00,2022-09-01,21,BARRETT_6_N001,BARRETT_6_N001,BARRETT_6_N001,RTPD,MCC,LMP_CONG_PRC,BARRETT_6_N001,ALL,1,96.16974,2,2
2022-09-02T04:15:00-00:00,2022-09-02T04:30:00-00:00,2022-09-01,22,BARRETT_6_N001,BARRETT_6_N001,BARRETT_6_N001,RTPD,MCC,LMP_CONG_PRC,BARRETT_6_N001,ALL,1,-57.73588,2,2
2022-09-02T05:15:00-00:00,2022-09-02T05:30:00-00:00,2022-09-01,23,BARRETT_6_N001,BARRETT_6_N001,BARRETT_6_N001,RTPD,MCC,LMP_CONG_PRC,BARRETT_6_N001,ALL,1,13.4127,2,2
2022-09-02T06:15:00-00:00,2022-09-02T06:30:00-00:00,2022-09-01,24,BARRETT_6_N001,BARRETT_6_N001,BARRETT_6_N001,RTPD,MCC,LMP_CONG_PRC,BARRETT_6_N001,ALL,1,4.46714,2,2
2022-09-01T07:30:00-00:00,2022-09-01T07:45:00-00:00,2022-09-01,01,BARRETT_6_N001,BARRETT_6_N001,BARRETT_6_N001,RTPD,MCC,LMP_CONG_PRC,BARRETT_6_N001,ALL,1,14.43587,3,2
2022-09-01T08:30:00-00:00,2022-09-01T08:45:00-00:00,2022-09-01,02,BARRETT_6_N001,BARRETT_6_N001,BARRETT_6_N001,RTPD,MCC,LMP_CONG_PRC,BARRETT_6_N001,ALL,1,0.00077,3,2
2022-09-01T09:30:00-00:00,2022-09-01T09:45:00-00:00,2022-09-01,03,BARRETT_6_N001,BARRETT_6_N001,BARRETT_6_N001,RTPD,MCC,LMP_CONG_PRC,BARRETT_6_N001,ALL,1,5.265,3,2
2022-09-01T10:30:00-00:00,2022-09-01T10:45:00-00:00,2022-09-01,04,BARRETT_6_N001,BARRETT_6_N001,BARRETT_6_N001,RTPD,MCC,LMP_CONG_PRC,BARRETT_6_N001,ALL,1,2.83006,3,2
2022-09-01T11:30:00-00:00,2022-09-01T11:45:00-00:00,2022-09-01,05,BARRETT_6_N001,BARRETT_6_N001,BARRETT_6_N001,RTPD,MCC,LMP_CONG_PRC,BARRETT_6_N001,ALL,1,0,3,2
2022-09-01T12:30:00-00:00,2022-09-01T12:45:00-00:00,2022-09-01,06,BARRETT_6_N001,BARRETT_6_N001,BARRETT_6_N001,RTPD,MCC,LMP_CONG_PRC,BARRETT_6_N001,ALL,1,9.85661,3,2
2022-09-01T13:30:00-00:00,2022-09-01T13:45:00-00:00,2022-09-01,07,BARRETT_6_N001,BARRETT_6_N001,BARRETT_6_N001,RTPD,MCC,LMP_CONG_PRC,BARRETT_6_N001,ALL,1,6.96429,3,2
2022-09-01T14:30:00-00:00,2022-09-01T14:45:00-00:00,2022-09-01,08,BARRETT_6_N001,BARRETT_6_N001,BARRETT_6_N001,RTPD,MCC,LMP_CONG_PRC,BARRETT_6_N001,ALL,1,66.62292,3,2
2022-09-01T15:30:00-00:00,2022-09-01T15:45:00-00:00,2022-09-01,09,BARRETT_6_N001,BARRETT_6_N001,BARRETT_6_N001,RTPD,MCC,LMP_CONG_PRC,BARRETT_6_N001,ALL,1,275.9788,3,2
2022-09-01T16:30:00-00:00,2022-09-01T16:45:00-00:00,2022-09-01,10,BARRETT_6_N001,BARRETT_6_N001,BARRETT_6_N001,RTPD,MCC,LMP_CONG_PRC,BARRETT_6_N001,ALL,1,122.61055,3,2
2022-09-01T17:30:00-00:00,2022-09-01T17:45:00-00:00,2022-09-01,11,BARRETT_6_N001,BARRETT_6_N001,BARRETT_6_N001,RTPD,MCC,LMP_CONG_PRC,BARRETT_6_N001,ALL,1,137.0105,3,2
2022-09-01T18:30:00-00:00,2022-09-01T18:45:00-00:00,2022-09-01,12,BARRETT_6_N001,BARRETT_6_N001,BARRETT_6_N001,RTPD,MCC,LMP_CONG_PRC,BARRETT_6_N001,ALL,1,182.74257,3,2
2022-09-01T19:30:00-00:00,2022-09-01T19:45:00-00:00,2022-09-01,13,BARRETT_6_N001,BARRETT_6_N001,BARRETT_6_N001,RTPD,MCC,LMP_CONG_PRC,BARRETT_6_N001,ALL,1,138.14526,3,2
2022-09-01T20:30:00-00:00,2022-09-01T20:45:00-00:00,2022-09-01,14,BARRETT_6_N001,BARRETT_6_N001,BARRETT_6_N001,RTPD,MCC,LMP_CONG_PRC,BARRETT_6_N001,ALL,1,146.63535,3,2
2022-09-01T21:30:00-00:00,2022-09-01T21:45:00-00:00,2022-09-01,15,BARRETT_6_N001,BARRETT_6_N001,BARRETT_6_N001,RTPD,MCC,LMP_CONG_PRC,BARRETT_6_N001,ALL,1,248.35065,3,2
2022-09-01T22:30:00-00:00,2022-09-01T22:45:00-00:00,2022-09-01,16,BARRETT_6_N001,BARRETT_6_N001,BARRETT_6_N001,RTPD,MCC,LMP_CONG_PRC,BARRETT_6_N001,ALL,1,945.068,3,2
2022-09-01T23:30:00-00:00,2022-09-01T23:45:00-00:00,2022-09-01,17,BARRETT_6_N001,BARRETT_6_N001,BARRETT_6_N001,RTPD,MCC,LMP_CONG_PRC,BARRETT_6_N001,ALL,1,1379.0297,3,2
2022-09-02T00:30:00-00:00,2022-09-02T00:45:00-00:00,2022-09-01,18,BARRETT_6_N001,BARRETT_6_N001,BARRETT_6_N001,RTPD,MCC,LMP_CONG_PRC,BARRETT_6_N001,ALL,1,717.9959,3,2
2022-09-02T01:30:00-00:00,2022-09-02T01:45:00-00:00,2022-09-01,19,BARRETT_6_N001,BARRETT_6_N001,BARRETT_6_N001,RTPD,MCC,LMP_CONG_PRC,BARRETT_6_N001,ALL,1,93.21713,3,2
2022-09-02T02:30:00-00:00,2022-09-02T02:45:00-00:00,2022-09-01,20,BARRETT_6_N001,BARRETT_6_N001,BARRETT_6_N001,RTPD,MCC,LMP_CONG_PRC,BARRETT_6_N001,ALL,1,0,3,2
2022-09-02T03:30:00-00:00,2022-09-02T03:45:00-00:00,2022-09-01,21,BARRETT_6_N001,BARRETT_6_N001,BARRETT_6_N001,RTPD,MCC,LMP_CONG_PRC,BARRETT_6_N001,ALL,1,22.77368,3,2
2022-09-02T04:30:00-00:00,2022-09-02T04:45:00-00:00,2022-09-01,22,BARRETT_6_N001,BARRETT_6_N001,BARRETT_6_N001,RTPD,MCC,LMP_CONG_PRC,BARRETT_6_N001,ALL,1,-26.72656,3,2
2022-09-02T05:30:00-00:00,2022-09-02T05:45:00-00:00,2022-09-01,23,BARRETT_6_N001,BARRETT_6_N001,BARRETT_6_N001,RTPD,MCC,LMP_CONG_PRC,BARRETT_6_N001,ALL,1,17.13896,3,2
2022-09-02T06:30:00-00:00,2022-09-02T06:45:00-00:00,2022-09-01,24,BARRETT_6_N001,BARRETT_6_N001,BARRETT_6_N001,RTPD,MCC,LMP_CONG_PRC,BARRETT_6_N001,ALL,1,9.82419,3,2
2022-09-01T07:45:00-00:00,2022-09-01T08:00:00-00:00,2022-09-01,01,BARRETT_6_N001,BARRETT_6_N001,BARRETT_6_N001,RTPD,MCC,LMP_CONG_PRC,BARRETT_6_N001,ALL,1,16.49623,4,2
2022-09-01T08:45:00-00:00,2022-09-01T09:00:00-00:00,2022-09-01,02,BARRETT_6_N001,BARRETT_6_N001,BARRETT_6_N001,RTPD,MCC,LMP_CONG_PRC,BARRETT_6_N001,ALL,1,4.01677,4,2
2022-09-01T09:45:00-00:00,2022-09-01T10:00:00-00:00,2022-09-01,03,BARRETT_6_N001,BARRETT_6_N001,BARRETT_6_N001,RTPD,MCC,LMP_CONG_PRC,BARRETT_6_N001,ALL,1,4.73124,4,2
2022-09-01T10:45:00-00:00,2022-09-01T11:00:00-00:00,2022-09-01,04,BARRETT_6_N001,BARRETT_6_N001,BARRETT_6_N001,RTPD,MCC,LMP_CONG_PRC,BARRETT_6_N001,ALL,1,1.11453,4,2
2022-09-01T11:45:00-00:00,2022-09-01T12:00:00-00:00,2022-09-01,05,BARRETT_6_N001,BARRETT_6_N001,BARRETT_6_N001,RTPD,MCC,LMP_CONG_PRC,BARRETT_6_N001,ALL,1,0,4,2
2022-09-01T12:45:00-00:00,2022-09-01T13:00:00-00:00,2022-09-01,06,BARRETT_6_N001,BARRETT_6_N001,BARRETT_6_N001,RTPD,MCC,LMP_CONG_PRC,BARRETT_6_N001,ALL,1,2.21551,4,2
2022-09-01T13:45:00-00:00,2022-09-01T14:00:00-00:00,2022-09-01,07,BARRETT_6_N001,BARRETT_6_N001,BARRETT_6_N001,RTPD,MCC,LMP_CONG_PRC,BARRETT_6_N001,ALL,1,33.1375,4,2
2022-09-01T14:45:00-00:00,2022-09-01T15:00:00-00:00,2022-09-01,08,BARRETT_6_N001,BARRETT_6_N001,BARRETT_6_N001,RTPD,MCC,LMP_CONG_PRC,BARRETT_6_N001,ALL,1,84.29952,4,2
2022-09-01T15:45:00-00:00,2022-09-01T16:00:00-00:00,2022-09-01,09,BARRETT_6_N001,BARRETT_6_N001,BARRETT_6_N001,RTPD,MCC,LMP_CONG_PRC,BARRETT_6_N001,ALL,1,135.25217,4,2
2022-09-01T16:45:00-00:00,2022-09-01T17:00:00-00:00,2022-09-01,10,BARRETT_6_N001,BARRETT_6_N001,BARRETT_6_N001,RTPD,MCC,LMP_CONG_PRC,BARRETT_6_N001,ALL,1,120.61256,4,2
2022-09-01T17:45:00-00:00,2022-09-01T18:00:00-00:00,2022-09-01,11,BARRETT_6_N001,BARRETT_6_N001,BARRETT_6_N001,RTPD,MCC,LMP_CONG_PRC,BARRETT_6_N001,ALL,1,142.78735,4,2
2022-09-01T18:45:00-00:00,2022-09-01T19:00:00-00:00,2022-09-01,12,BARRETT_6_N001,BARRETT_6_N001,BARRETT_6_N001,RTPD,MCC,LMP_CONG_PRC,BARRETT_6_N001,ALL,1,195.62215,4,2
2022-09-01T19:45:00-00:00,2022-09-01T20:00:00-00:00,2022-09-01,13,BARRETT_6_N001,BARRETT_6_N001,BARRETT_6_N001,RTPD,MCC,LMP_CONG_PRC,BARRETT_6_N001,ALL,1,145.17815,4,2
2022-09-01T20:45:00-00:00,2022-09-01T21:00:00-00:00,2022-09-01,14,BARRETT_6_N001,BARRETT_6_N001,BARRETT_6_N001,RTPD,MCC,LMP_CONG_PRC,BARRETT_6_N001,ALL,1,200.74345,4,2
2022-09-01T21:45:00-00:00,2022-09-01T22:00:00-00:00,2022-09-01,15,BARRETT_6_N001,BARRETT_6_N001,BARRETT_6_N001,RTPD,MCC,LMP_CONG_PRC,BARRETT_6_N001,ALL,1,926.22266,4,2
2022-09-01T22:45:00-00:00,2022-09-01T23:00:00-00:00,2022-09-01,16,BARRETT_6_N001,BARRETT_6_N001,BARRETT_6_N001,RTPD,MCC,LMP_CONG_PRC,BARRETT_6_N001,ALL,1,1755.4325,4,2
2022-09-01T23:45:00-00:00,2022-09-02T00:00:00-00:00,2022-09-01,17,BARRETT_6_N001,BARRETT_6_N001,BARRETT_6_N001,RTPD,MCC,LMP_CONG_PRC,BARRETT_6_N001,ALL,1,2320.9705,4,2
2022-09-02T00:45:00-00:00,2022-09-02T01:00:00-00:00,2022-09-01,18,BARRETT_6_N001,BARRETT_6_N001,BARRETT_6_N001,RTPD,MCC,LMP_CONG_PRC,BARRETT_6_N001,ALL,1,1336.5573,4,2
2022-09-02T01:45:00-00:00,2022-09-02T02:00:00-00:00,2022-09-01,19,BARRETT_6_N001,BARRETT_6_N001,BARRETT_6_N001,RTPD,MCC,LMP_CONG_PRC,BARRETT_6_N001,ALL,1,0,4,2
2022-09-02T02:45:00-00:00,2022-09-02T03:00:00-00:00,2022-09-01,20,BARRETT_6_N001,BARRETT_6_N001,BARRETT_6_N001,RTPD,MCC,LMP_CONG_PRC,BARRETT_6_N001,ALL,1,1048.3533,4,2
2022-09-02T03:45:00-00:00,2022-09-02T04:00:00-00:00,2022-09-01,21,BARRETT_6_N001,BARRETT_6_N001,BARRETT_6_N001,RTPD,MCC,LMP_CONG_PRC,BARRETT_6_N001,ALL,1,15.00237,4,2
2022-09-02T04:45:00-00:00,2022-09-02T05:00:00-00:00,2022-09-01,22,BARRETT_6_N001,BARRETT_6_N001,BARRETT_6_N001,RTPD,MCC,LMP_CONG_PRC,BARRETT_6_N001,ALL,1,9.97839,4,2
2022-09-02T05:45:00-00:00,2022-09-02T06:00:00-00:00,2022-09-01,23,BARRETT_6_N001,BARRETT_6_N001,BARRETT_6_N001,RTPD,MCC,LMP_CONG_PRC,BARRETT_6_N001,ALL,1,24.22665,4,2
2022-09-02T06:45:00-00:00,2022-09-02T07:00:00-00:00,2022-09-01,24,BARRETT_6_N001,BARRETT_6_N001,BARRETT_6_N001,RTPD,MCC,LMP_CONG_PRC,BARRETT_6_N001,ALL,1,6.43572,4,2
2022-09-01T07:00:00-00:00,2022-09-01T07:15:00-00:00,2022-09-01,01,BARRETT_6_N001,BARRETT_6_N001,BARRETT_6_N001,RTPD,MCE,LMP_ENE_PRC,BARRETT_6_N001,ALL,1,104.23471,1,3
2022-09-01T08:00:00-00:00,2022-09-01T08:15:00-00:00,2022-09-01,02,BARRETT_6_N001,BARRETT_6_N001,BARRETT_6_N001,RTPD,MCE,LMP_ENE_PRC,BARRETT_6_N001,ALL,1,115.5488,1,3
2022-09-01T09:00:00-00:00,2022-09-01T09:15:00-00:00,2022-09-01,03,BARRETT_6_N001,BARRETT_6_N001,BARRETT_6_N001,RTPD,MCE,LMP_ENE_PRC,BARRETT_6_N001,ALL,1,99.73061,1,3
2022-09-01T10:00:00-00:00,2022-09-01T10:15:00-00:00,2022-09-01,04,BARRETT_6_N001,BARRETT_6_N001,BARRETT_6_N001,RTPD,MCE,LMP_ENE_PRC,BARRETT_6_N001,ALL,1,98.64222,1,3
2022-09-01T11:00:00-00:00,2022-09-01T11:15:00-00:00,2022-09-01,05,BARRETT_6_N001,BARRETT_6_N001,BARRETT_6_N001,RTPD,MCE,LMP_ENE_PRC,BARRETT_6_N001,ALL,1,102.56859,1,3
2022-09-01T12:00:00-00:00,2022-09-01T12:15:00-00:00,2022-09-01,06,BARRETT_6_N001,BARRETT_6_N001,BARRETT_6_N001,RTPD,MCE,LMP_ENE_PRC,BARRETT_6_N001,ALL,1,96.90845,1,3
2022-09-01T13:00:00-00:00,2022-09-01T13:15:00-00:00,2022-09-01,07,BARRETT_6_N001,BARRETT_6_N001,BARRETT_6_N001,RTPD,MCE,LMP_ENE_PRC,BARRETT_6_N001,ALL,1,101.80878,1,3
2022-09-01T14:00:00-00:00,2022-09-01T14:15:00-00:00,2022-09-01,08,BARRETT_6_N001,BARRETT_6_N001,BARRETT_6_N001,RTPD,MCE,LMP_ENE_PRC,BARRETT_6_N001,ALL,1,111.11219,1,3
2022-09-01T15:00:00-00:00,2022-09-01T15:15:00-00:00,2022-09-01,09,BARRETT_6_N001,BARRETT_6_N001,BARRETT_6_N001,RTPD,MCE,LMP_ENE_PRC,BARRETT_6_N001,ALL,1,97.4112,1,3
2022-09-01T16:00:00-00:00,2022-09-01T16:15:00-00:00,2022-09-01,10,BARRETT_6_N001,BARRETT_6_N001,BARRETT_6_N001,RTPD,MCE,LMP_ENE_PRC,BARRETT_6_N001,ALL,1,83.43525,1,3
2022-09-01T17:00:00-00:00,2022-09-01T17:15:00-00:00,2022-09-01,11,BARRETT_6_N001,BARRETT_6_N001,BARRETT_6_N001,RTPD,MCE,LMP_ENE_PRC,BARRETT_6_N001,ALL,1,96.94897,1,3
2022-09-01T18:00:00-00:00,2022-09-01T18:15:00-00:00,2022-09-01,12,BARRETT_6_N001,BARRETT_6_N001,BARRETT_6_N001,RTPD,MCE,LMP_ENE_PRC,BARRETT_6_N001,ALL,1,91.59291,1,3
2022-09-01T19:00:00-00:00,2022-09-01T19:15:00-00:00,2022-09-01,13,BARRETT_6_N001,BARRETT_6_N001,BARRETT_6_N001,RTPD,MCE,LMP_ENE_PRC,BARRETT_6_N001,ALL,1,109.19637,1,3
2022-09-01T20:00:00-00:00,2022-09-01T20:15:00-00:00,2022-09-01,14,BARRETT_6_N001,BARRETT_6_N001,BARRETT_6_N001,RTPD,MCE,LMP_ENE_PRC,BARRETT_6_N001,ALL,1,117.94359,1,3
2022-09-01T21:00:00-00:00,2022-09-01T21:15:00-00:00,2022-09-01,15,BARRETT_6_N001,BARRETT_6_N001,BARRETT_6_N001,RTPD,MCE,LMP_ENE_PRC,BARRETT_6_N001,ALL,1,226.61499,1,3
2022-09-01T22:00:00-00:00,2022-09-01T22:15:00-00:00,2022-09-01,16,BARRETT_6_N001,BARRETT_6_N001,BARRETT_6_N001,RTPD,MCE,LMP_ENE_PRC,BARRETT_6_N001,ALL,1,229.18552,1,3
2022-09-01T23:00:00-00:00,2022-09-01T23:15:00-00:00,2022-09-01,17,BARRETT_6_N001,BARRETT_6_N001,BARRETT_6_N001,RTPD,MCE,LMP_ENE_PRC,BARRETT_6_N001,ALL,1,386.7537,1,3
2022-09-02T00:00:00-00:00,2022-09-02T00:15:00-00:00,2022-09-01,18,BARRETT_6_N001,BARRETT_6_N001,BARRETT_6_N001,RTPD,MCE,LMP_ENE_PRC,BARRETT_6_N001,ALL,1,770.58136,1,3
2022-09-02T01:00:00-00:00,2022-09-02T01:15:00-00:00,2022-09-01,19,BARRETT_6_N001,BARRETT_6_N001,BARRETT_6_N001,RTPD,MCE,LMP_ENE_PRC,BARRETT_6_N001,ALL,1,916.27124,1,3
2022-09-02T02:00:00-00:00,2022-09-02T02:15:00-00:00,2022-09-01,20,BARRETT_6_N001,BARRETT_6_N001,BARRETT_6_N001,RTPD,MCE,LMP_ENE_PRC,BARRETT_6_N001,ALL,1,1991.6721,1,3
2022-09-02T03:00:00-00:00,2022-09-02T03:15:00-00:00,2022-09-01,21,BARRETT_6_N001,BARRETT_6_N001,BARRETT_6_N001,RTPD,MCE,LMP_ENE_PRC,BARRETT_6_N001,ALL,1,917.5508,1,3
2022-09-02T04:00:00-00:00,2022-09-02T04:15:00-00:00,2022-09-01,22,BARRETT_6_N001,BARRETT_6_N001,BARRETT_6_N001,RTPD,MCE,LMP_ENE_PRC,BARRETT_6_N001,ALL,1,257.83005,1,3
2022-09-02T05:00:00-00:00,2022-09-02T05:15:00-00:00,2022-09-01,23,BARRETT_6_N001,BARRETT_6_N001,BARRETT_6_N001,RTPD,MCE,LMP_ENE_PRC,BARRETT_6_N001,ALL,1,183.24657,1,3
2022-09-02T06:00:00-00:00,2022-09-02T06:15:00-00:00,2022-09-01,24,BARRETT_6_N001,BARRETT_6_N001,BARRETT_6_N001,RTPD,MCE,LMP_ENE_PRC,BARRETT_6_N001,ALL,1,158.867,1,3
2022-09-01T07:15:00-00:00,2022-09-01T07:30:00-00:00,2022-09-01,01,BARRETT_6_N001,BARRETT_6_N001,BARRETT_6_N001,RTPD,MCE,LMP_ENE_PRC,BARRETT_6_N001,ALL,1,125.55144,2,3
2022-09-01T08:15:00-00:00,2022-09-01T08:30:00-00:00,2022-09-01,02,BARRETT_6_N001,BARRETT_6_N001,BARRETT_6_N001,RTPD,MCE,LMP_ENE_PRC,BARRETT_6_N001,ALL,1,115.53165,2,3
2022-09-01T09:15:00-00:00,2022-09-01T09:30:00-00:00,2022-09-01,03,BARRETT_6_N001,BARRETT_6_N001,BARRETT_6_N001,RTPD,MCE,LMP_ENE_PRC,BARRETT_6_N001,ALL,1,98.30543,2,3
2022-09-01T10:15:00-00:00,2022-09-01T10:30:00-00:00,2022-09-01,04,BARRETT_6_N001,BARRETT_6_N001,BARRETT_6_N001,RTPD,MCE,LMP_ENE_PRC,BARRETT_6_N001,ALL,1,97.00684,2,3
2022-09-01T11:15:00-00:00,2022-09-01T11:30:00-00:00,2022-09-01,05,BARRETT_6_N001,BARRETT_6_N001,BARRETT_6_N001,RTPD,MCE,LMP_ENE_PRC,BARRETT_6_N001,ALL,1,103.09059,2,3
2022-09-01T12:15:00-00:00,2022-09-01T12:30:00-00:00,2022-09-01,06,BARRETT_6_N001,BARRETT_6_N001,BARRETT_6_N001,RTPD,MCE,LMP_ENE_PRC,BARRETT_6_N001,ALL,1,109.32203,2,3
2022-09-01T13:15:00-00:00,2022-09-01T13:30:00-00:00,2022-09-01,07,BARRETT_6_N001,BARRETT_6_N001,BARRETT_6_N001,RTPD,MCE,LMP_ENE_PRC,BARRETT_6_N001,ALL,1,110.97827,2,3
2022-09-01T14:15:00-00:00,2022-09-01T14:30:00-00:00,2022-09-01,08,BARRETT_6_N001,BARRETT_6_N001,BARRETT_6_N001,RTPD,MCE,LMP_ENE_PRC,BARRETT_6_N001,ALL,1,104.78743,2,3
2022-09-01T15:15:00-00:00,2022-09-01T15:30:00-00:00,2022-09-01,09,BARRETT_6_N001,BARRETT_6_N001,BARRETT_6_N001,RTPD,MCE,LMP_ENE_PRC,BARRETT_6_N001,ALL,1,86.9388,2,3
2022-09-01T16:15:00-00:00,2022-09-01T16:30:00-00:00,2022-09-01,10,BARRETT_6_N001,BARRETT_6_N001,BARRETT_6_N001,RTPD,MCE,LMP_ENE_PRC,BARRETT_6_N001,ALL,1,89.44858,2,3
2022-09-01T17:15:00-00:00,2022-09-01T17:30:00-00:00,2022-09-01,11,BARRETT_6_N001,BARRETT_6_N001,BARRETT_6_N001,RTPD,MCE,LMP_ENE_PRC,BARRETT_6_N001,ALL,1,99.34673,2,3
2022-09-01T18:15:00-00:00,2022-09-01T18:30:00-00:00,2022-09-01,12,BARRETT_6_N001,BARRETT_6_N001,BARRETT_6_N001,RTPD,MCE,LMP_ENE_PRC,BARRETT_6_N001,ALL,1,101.15901,2,3
2022-09-01T19:15:00-00:00,2022-09-01T19:30:00-00:00,2022-09-01,13,BARRETT_6_N001,BARRETT_6_N001,BARRETT_6_N001,RTPD,MCE,LMP_ENE_PRC,BARRETT_6_N001,ALL,1,105.30588,2,3
2022-09-01T20:15:00-00:00,2022-09-01T20:30:00-00:00,2022-09-01,14,BARRETT_6_N001,BARRETT_6_N001,BARRETT_6_N001,RTPD,MCE,LMP_ENE_PRC,BARRETT_6_N001,ALL,1,117.49421,2,3
2022-09-01T21:15:00-00:00,2022-09-01T21:30:00-00:00,2022-09-01,15,BARRETT_6_N001,BARRETT_6_N001,BARRETT_6_N001,RTPD,MCE,LMP_ENE_PRC,BARRETT_6_N001,ALL,1,147.21185,2,3
2022-09-01T22:15:00-00:00,2022-09-01T22:30:00-00:00,2022-09-01,16,BARRETT_6_N001,BARRETT_6_N001,BARRETT_6_N001,RTPD,MCE,LMP_ENE_PRC,BARRETT_6_N001,ALL,1,256.58734,2,3
2022-09-01T23:15:00-00:00,2022-09-01T23:30:00-00:00,2022-09-01,17,BARRETT_6_N001,BARRETT_6_N001,BARRETT_6_N001,RTPD,MCE,LMP_ENE_PRC,BARRETT_6_N001,ALL,1,362.12408,2,3
2022-09-02T00:15:00-00:00,2022-09-02T00:30:00-00:00,2022-09-01,18,BARRETT_6_N001,BARRETT_6_N001,BARRETT_6_N001,RTPD,MCE,LMP_ENE_PRC,BARRETT_6_N001,ALL,1,691.2182,2,3
2022-09-02T01:15:00-00:00,2022-09-02T01:30:00-00:00,2022-09-01,19,BARRETT_6_N001,BARRETT_6_N001,BARRETT_6_N001,RTPD,MCE,LMP_ENE_PRC,BARRETT_6_N001,ALL,1,1999.9933,2,3
2022-09-02T02:15:00-00:00,2022-09-02T02:30:00-00:00,2022-09-01,20,BARRETT_6_N001,BARRETT_6_N001,BARRETT_6_N001,RTPD,MCE,LMP_ENE_PRC,BARRETT_6_N001,ALL,1,1991.6721,2,3
2022-09-02T03:15:00-00:00,2022-09-02T03:30:00-00:00,2022-09-01,21,BARRETT_6_N001,BARRETT_6_N001,BARRETT_6_N001,RTPD,MCE,LMP_ENE_PRC,BARRETT_6_N001,ALL,1,400.52884,2,3
2022-09-02T04:15:00-00:00,2022-09-02T04:30:00-00:00,2022-09-01,22,BARRETT_6_N001,BARRETT_6_N001,BARRETT_6_N001,RTPD,MCE,LMP_ENE_PRC,BARRETT_6_N001,ALL,1,224.75041,2,3
2022-09-02T05:15:00-00:00,2022-09-02T05:30:00-00:00,2022-09-01,23,BARRETT_6_N001,BARRETT_6_N001,BARRETT_6_N001,RTPD,MCE,LMP_ENE_PRC,BARRETT_6_N001,ALL,1,157.11986,2,3
2022-09-02T06:15:00-00:00,2022-09-02T06:30:00-00:00,2022-09-01,24,BARRETT_6_N001,BARRETT_6_N001,BARRETT_6_N001,RTPD,MCE,LMP_ENE_PRC,BARRETT_6_N001,ALL,1,143.1005,2,3
2022-09-01T07:30:00-00:00,2022-09-01T07:45:00-00:00,2022-09-01,01,BARRETT_6_N001,BARRETT_6_N001,BARRETT_6_N001,RTPD,MCE,LMP_ENE_PRC,BARRETT_6_N001,ALL,1,119.03196,3,3
2022-09-01T08:30:00-00:00,2022-09-01T08:45:00-00:00,2022-09-01,02,BARRETT_6_N001,BARRETT_6_N001,BARRETT_6_N001,RTPD,MCE,LMP_ENE_PRC,BARRETT_6_N001,ALL,1,111.11241,3,3
2022-09-01T09:30:00-00:00,2022-09-01T09:45:00-00:00,2022-09-01,03,BARRETT_6_N001,BARRETT_6_N001,BARRETT_6_N001,RTPD,MCE,LMP_ENE_PRC,BARRETT_6_N001,ALL,1,98.16228,3,3
2022-09-01T10:30:00-00:00,2022-09-01T10:45:00-00:00,2022-09-01,04,BARRETT_6_N001,BARRETT_6_N001,BARRETT_6_N001,RTPD,MCE,LMP_ENE_PRC,BARRETT_6_N001,ALL,1,96.36226,3,3
2022-09-01T11:30:00-00:00,2022-09-01T11:45:00-00:00,2022-09-01,05,BARRETT_6_N001,BARRETT_6_N001,BARRETT_6_N001,RTPD,MCE,LMP_ENE_PRC,BARRETT_6_N001,ALL,1,103.06198,3,3
2022-09-01T12:30:00-00:00,2022-09-01T12:45:00-00:00,2022-09-01,06,BARRETT_6_N001,BARRETT_6_N001,BARRETT_6_N001,RTPD,MCE,LMP_ENE_PRC,BARRETT_6_N001,ALL,1,113.57403,3,3
2022-09-01T13:30:00-00:00,2022-09-01T13:45:00-00:00,2022-09-01,07,BARRETT_6_N001,BARRETT_6_N001,BARRETT_6_N001,RTPD,MCE,LMP_ENE_PRC,BARRETT_6_N001,ALL,1,111.52025,3,3
2022-09-01T14:30:00-00:00,2022-09-01T14:45:00-00:00,2022-09-01,08,BARRETT_6_N001,BARRETT_6_N001,BARRETT_6_N001,RTPD,MCE,LMP_ENE_PRC,BARRETT_6_N001,ALL,1,101.83428,3,3
2022-09-01T15:30:00-00:00,2022-09-01T15:45:00-00:00,2022-09-01,09,BARRETT_6_N001,BARRETT_6_N001,BARRETT_6_N001,RTPD,MCE,LMP_ENE_PRC,BARRETT_6_N001,ALL,1,86.1388,3,3
2022-09-01T16:30:00-00:00,2022-09-01T16:45:00-00:00,2022-09-01,10,BARRETT_6_N001,BARRETT_6_N001,BARRETT_6_N001,RTPD,MCE,LMP_ENE_PRC,BARRETT_6_N001,ALL,1,88.79644,3,3
2022-09-01T17:30:00-00:00,2022-09-01T17:45:00-00:00,2022-09-01,11,BARRETT_6_N001,BARRETT_6_N001,BARRETT_6_N001,RTPD,MCE,LMP_ENE_PRC,BARRETT_6_N001,ALL,1,99.13013,3,3
2022-09-01T18:30:00-00:00,2022-09-01T18:45:00-00:00,2022-09-01,12,BARRETT_6_N001,BARRETT_6_N001,BARRETT_6_N001,RTPD,MCE,LMP_ENE_PRC,BARRETT_6_N001,ALL,1,107.05718,3,3
2022-09-01T19:30:00-00:00,2022-09-01T19:45:00-00:00,2022-09-01,13,BARRETT_6_N001,BARRETT_6_N001,BARRETT_6_N001,RTPD,MCE,LMP_ENE_PRC,BARRETT_6_N001,ALL,1,114.05905,3,3
2022-09-01T20:30:00-00:00,2022-09-01T20:45:00-00:00,2022-09-01,14,BARRETT_6_N001,BARRETT_6_N001,BARRETT_6_N001,RTPD,MCE,LMP_ENE_PRC,BARRETT_6_N001,ALL,1,129.81606,3,3
2022-09-01T21:30:00-00:00,2022-09-01T21:45:00-00:00,2022-09-01,15,BARRETT_6_N001,BARRETT_6_N001,BARRETT_6_N001,RTPD,MCE,LMP_ENE_PRC,BARRETT_6_N001,ALL,1,152.93057,3,3
2022-09-01T22:30:00-00:00,2022-09-01T22:45:00-00:00,2022-09-01,16,BARRETT_6_N001,BARRETT_6_N001,BARRETT_6_N001,RTPD,MCE,LMP_ENE_PRC,BARRETT_6_N001,ALL,1,283.18182,3,3
2022-09-01T23:30:00-00:00,2022-09-01T23:45:00-00:00,2022-09-01,17,BARRETT_6_N001,BARRETT_6_N001,BARRETT_6_N001,RTPD,MCE,LMP_ENE_PRC,BARRETT_6_N001,ALL,1,566.48157,3,3
2022-09-02T00:30:00-00:00,2022-09-02T00:45:00-00:00,2022-09-01,18,BARRETT_6_N001,BARRETT_6_N001,BARRETT_6_N001,RTPD,MCE,LMP_ENE_PRC,BARRETT_6_N001,ALL,1,1329.1127,3,3
2022-09-02T01:30:00-00:00,2022-09-02T01:45:00-00:00,2022-09-01,19,BARRETT_6_N001,BARRETT_6_N001,BARRETT_6_N001,RTPD,MCE,LMP_ENE_PRC,BARRETT_6_N001,ALL,1,1999.9956,3,3
2022-09-02T02:30:00-00:00,2022-09-02T02:45:00-00:00,2022-09-01,20,BARRETT_6_N001,BARRETT_6_N001,BARRETT_6_N001,RTPD,MCE,LMP_ENE_PRC,BARRETT_6_N001,ALL,1,1991.671,3,3
2022-09-02T03:30:00-00:00,2022-09-02T03:45:00-00:00,2022-09-01,21,BARRETT_6_N001,BARRETT_6_N001,BARRETT_6_N001,RTPD,MCE,LMP_ENE_PRC,BARRETT_6_N001,ALL,1,186.61823,3,3
2022-09-02T04:30:00-00:00,2022-09-02T04:45:00-00:00,2022-09-01,22,BARRETT_6_N001,BARRETT_6_N001,BARRETT_6_N001,RTPD,MCE,LMP_ENE_PRC,BARRETT_6_N001,ALL,1,180.67824,3,3
2022-09-02T05:30:00-00:00,2022-09-02T05:45:00-00:00,2022-09-01,23,BARRETT_6_N001,BARRETT_6_N001,BARRETT_6_N001,RTPD,MCE,LMP_ENE_PRC,BARRETT_6_N001,ALL,1,131.69917,3,3
2022-09-02T06:30:00-00:00,2022-09-02T06:45:00-00:00,2022-09-01,24,BARRETT_6_N001,BARRETT_6_N001,BARRETT_6_N001,RTPD,MCE,LMP_ENE_PRC,BARRETT_6_N001,ALL,1,128.9871,3,3
2022-09-01T07:45:00-00:00,2022-09-01T08:00:00-00:00,2022-09-01,01,BARRETT_6_N001,BARRETT_6_N001,BARRETT_6_N001,RTPD,MCE,LMP_ENE_PRC,BARRETT_6_N001,ALL,1,109.12099,4,3
2022-09-01T08:45:00-00:00,2022-09-01T09:00:00-00:00,2022-09-01,02,BARRETT_6_N001,BARRETT_6_N001,BARRETT_6_N001,RTPD,MCE,LMP_ENE_PRC,BARRETT_6_N001,ALL,1,98.7357,4,3
2022-09-01T09:45:00-00:00,2022-09-01T10:00:00-00:00,2022-09-01,03,BARRETT_6_N001,BARRETT_6_N001,BARRETT_6_N001,RTPD,MCE,LMP_ENE_PRC,BARRETT_6_N001,ALL,1,97.50475,4,3
2022-09-01T10:45:00-00:00,2022-09-01T11:00:00-00:00,2022-09-01,04,BARRETT_6_N001,BARRETT_6_N001,BARRETT_6_N001,RTPD,MCE,LMP_ENE_PRC,BARRETT_6_N001,ALL,1,94.71966,4,3
2022-09-01T11:45:00-00:00,2022-09-01T12:00:00-00:00,2022-09-01,05,BARRETT_6_N001,BARRETT_6_N001,BARRETT_6_N001,RTPD,MCE,LMP_ENE_PRC,BARRETT_6_N001,ALL,1,107.01,4,3
2022-09-01T12:45:00-00:00,2022-09-01T13:00:00-00:00,2022-09-01,06,BARRETT_6_N001,BARRETT_6_N001,BARRETT_6_N001,RTPD,MCE,LMP_ENE_PRC,BARRETT_6_N001,ALL,1,116.4848,4,3
2022-09-01T13:45:00-00:00,2022-09-01T14:00:00-00:00,2022-09-01,07,BARRETT_6_N001,BARRETT_6_N001,BARRETT_6_N001,RTPD,MCE,LMP_ENE_PRC,BARRETT_6_N001,ALL,1,111.41,4,3
2022-09-01T14:45:00-00:00,2022-09-01T15:00:00-00:00,2022-09-01,08,BARRETT_6_N001,BARRETT_6_N001,BARRETT_6_N001,RTPD,MCE,LMP_ENE_PRC,BARRETT_6_N001,ALL,1,86.1388,4,3
2022-09-01T15:45:00-00:00,2022-09-01T16:00:00-00:00,2022-09-01,09,BARRETT_6_N001,BARRETT_6_N001,BARRETT_6_N001,RTPD,MCE,LMP_ENE_PRC,BARRETT_6_N001,ALL,1,78.70076,4,3
2022-09-01T16:45:00-00:00,2022-09-01T17:00:00-00:00,2022-09-01,10,BARRETT_6_N001,BARRETT_6_N001,BARRETT_6_N001,RTPD,MCE,LMP_ENE_PRC,BARRETT_6_N001,ALL,1,91.24933,4,3
2022-09-01T17:45:00-00:00,2022-09-01T18:00:00-00:00,2022-09-01,11,BARRETT_6_N001,BARRETT_6_N001,BARRETT_6_N001,RTPD,MCE,LMP_ENE_PRC,BARRETT_6_N001,ALL,1,99.20544,4,3
2022-09-01T18:45:00-00:00,2022-09-01T19:00:00-00:00,2022-09-01,12,BARRETT_6_N001,BARRETT_6_N001,BARRETT_6_N001,RTPD,MCE,LMP_ENE_PRC,BARRETT_6_N001,ALL,1,109.04064,4,3
2022-09-01T19:45:00-00:00,2022-09-01T20:00:00-00:00,2022-09-01,13,BARRETT_6_N001,BARRETT_6_N001,BARRETT_6_N001,RTPD,MCE,LMP_ENE_PRC,BARRETT_6_N001,ALL,1,120.22491,4,3
2022-09-01T20:45:00-00:00,2022-09-01T21:00:00-00:00,2022-09-01,14,BARRETT_6_N001,BARRETT_6_N001,BARRETT_6_N001,RTPD,MCE,LMP_ENE_PRC,BARRETT_6_N001,ALL,1,154.02509,4,3
2022-09-01T21:45:00-00:00,2022-09-01T22:00:00-00:00,2022-09-01,15,BARRETT_6_N001,BARRETT_6_N001,BARRETT_6_N001,RTPD,MCE,LMP_ENE_PRC,BARRETT_6_N001,ALL,1,300.29376,4,3
2022-09-01T22:45:00-00:00,2022-09-01T23:00:00-00:00,2022-09-01,16,BARRETT_6_N001,BARRETT_6_N001,BARRETT_6_N001,RTPD,MCE,LMP_ENE_PRC,BARRETT_6_N001,ALL,1,429.9137,4,3
2022-09-01T23:45:00-00:00,2022-09-02T00:00:00-00:00,2022-09-01,17,BARRETT_6_N001,BARRETT_6_N001,BARRETT_6_N001,RTPD,MCE,LMP_ENE_PRC,BARRETT_6_N001,ALL,1,1261.2124,4,3
2022-09-02T00:45:00-00:00,2022-09-02T01:00:00-00:00,2022-09-01,18,BARRETT_6_N001,BARRETT_6_N001,BARRETT_6_N001,RTPD,MCE,LMP_ENE_PRC,BARRETT_6_N001,ALL,1,1519.149,4,3
2022-09-02T01:45:00-00:00,2022-09-02T02:00:00-00:00,2022-09-01,19,BARRETT_6_N001,BARRETT_6_N001,BARRETT_6_N001,RTPD,MCE,LMP_ENE_PRC,BARRETT_6_N001,ALL,1,1991.9337,4,3
2022-09-02T02:45:00-00:00,2022-09-02T03:00:00-00:00,2022-09-01,20,BARRETT_6_N001,BARRETT_6_N001,BARRETT_6_N001,RTPD,MCE,LMP_ENE_PRC,BARRETT_6_N001,ALL,1,1629.6213,4,3
2022-09-02T03:45:00-00:00,2022-09-02T04:00:00-00:00,2022-09-01,21,BARRETT_6_N001,BARRETT_6_N001,BARRETT_6_N001,RTPD,MCE,LMP_ENE_PRC,BARRETT_6_N001,ALL,1,141.13702,4,3
2022-09-02T04:45:00-00:00,2022-09-02T05:00:00-00:00,2022-09-01,22,BARRETT_6_N001,BARRETT_6_N001,BARRETT_6_N001,RTPD,MCE,LMP_ENE_PRC,BARRETT_6_N001,ALL,1,126.76372,4,3
2022-09-02T05:45:00-00:00,2022-09-02T06:00:00-00:00,2022-09-01,23,BARRETT_6_N001,BARRETT_6_N001,BARRETT_6_N001,RTPD,MCE,LMP_ENE_PRC,BARRETT_6_N001,ALL,1,119.00958,4,3
2022-09-02T06:45:00-00:00,2022-09-02T07:00:00-00:00,2022-09-01,24,BARRETT_6_N001,BARRETT_6_N001,BARRETT_6_N001,RTPD,MCE,LMP_ENE_PRC,BARRETT_6_N001,ALL,1,109.20324,4,3
2022-09-01T07:00:00-00:00,2022-09-01T07:15:00-00:00,2022-09-01,01,BARRETT_6_N001,BARRETT_6_N001,BARRETT_6_N001,RTPD,MCL,LMP_LOSS_PRC,BARRETT_6_N001,ALL,1,6.82737,1,4
2022-09-01T08:00:00-00:00,2022-09-01T08:15:00-00:00,2022-09-01,02,BARRETT_6_N001,BARRETT_6_N001,BARRETT_6_N001,RTPD,MCL,LMP_LOSS_PRC,BARRETT_6_N001,ALL,1,0,1,4
2022-09-01T09:00:00-00:00,2022-09-01T09:15:00-00:00,2022-09-01,03,BARRETT_6_N001,BARRETT_6_N001,BARRETT_6_N001,RTPD,MCL,LMP_LOSS_PRC,BARRETT_6_N001,ALL,1,15.42833,1,4
2022-09-01T10:00:00-00:00,2022-09-01T10:15:00-00:00,2022-09-01,04,BARRETT_6_N001,BARRETT_6_N001,BARRETT_6_N001,RTPD,MCL,LMP_LOSS_PRC,BARRETT_6_N001,ALL,1,15.09226,1,4
2022-09-01T11:00:00-00:00,2022-09-01T11:15:00-00:00,2022-09-01,05,BARRETT_6_N001,BARRETT_6_N001,BARRETT_6_N001,RTPD,MCL,LMP_LOSS_PRC,BARRETT_6_N001,ALL,1,14.94424,1,4
2022-09-01T12:00:00-00:00,2022-09-01T12:15:00-00:00,2022-09-01,06,BARRETT_6_N001,BARRETT_6_N001,BARRETT_6_N001,RTPD,MCL,LMP_LOSS_PRC,BARRETT_6_N001,ALL,1,14.00327,1,4
2022-09-01T13:00:00-00:00,2022-09-01T13:15:00-00:00,2022-09-01,07,BARRETT_6_N001,BARRETT_6_N001,BARRETT_6_N001,RTPD,MCL,LMP_LOSS_PRC,BARRETT_6_N001,ALL,1,0,1,4
2022-09-01T14:00:00-00:00,2022-09-01T14:15:00-00:00,2022-09-01,08,BARRETT_6_N001,BARRETT_6_N001,BARRETT_6_N001,RTPD,MCL,LMP_LOSS_PRC,BARRETT_6_N001,ALL,1,13.27791,1,4
2022-09-01T15:00:00-00:00,2022-09-01T15:15:00-00:00,2022-09-01,09,BARRETT_6_N001,BARRETT_6_N001,BARRETT_6_N001,RTPD,MCL,LMP_LOSS_PRC,BARRETT_6_N001,ALL,1,0,1,4
2022-09-01T16:00:00-00:00,2022-09-01T16:15:00-00:00,2022-09-01,10,BARRETT_6_N001,BARRETT_6_N001,BARRETT_6_N001,RTPD,MCL,LMP_LOSS_PRC,BARRETT_6_N001,ALL,1,0,1,4
2022-09-01T17:00:00-00:00,2022-09-01T17:15:00-00:00,2022-09-01,11,BARRETT_6_N001,BARRETT_6_N001,BARRETT_6_N001,RTPD,MCL,LMP_LOSS_PRC,BARRETT_6_N001,ALL,1,0,1,4
2022-09-01T18:00:00-00:00,2022-09-01T18:15:00-00:00,2022-09-01,12,BARRETT_6_N001,BARRETT_6_N001,BARRETT_6_N001,RTPD,MCL,LMP_LOSS_PRC,BARRETT_6_N001,ALL,1,0,1,4
2022-09-01T19:00:00-00:00,2022-09-01T19:15:00-00:00,2022-09-01,13,BARRETT_6_N001,BARRETT_6_N001,BARRETT_6_N001,RTPD,MCL,LMP_LOSS_PRC,BARRETT_6_N001,ALL,1,0,1,4
2022-09-01T20:00:00-00:00,2022-09-01T20:15:00-00:00,2022-09-01,14,BARRETT_6_N001,BARRETT_6_N001,BARRETT_6_N001,RTPD,MCL,LMP_LOSS_PRC,BARRETT_6_N001,ALL,1,0,1,4
2022-09-01T21:00:00-00:00,2022-09-01T21:15:00-00:00,2022-09-01,15,BARRETT_6_N001,BARRETT_6_N001,BARRETT_6_N001,RTPD,MCL,LMP_LOSS_PRC,BARRETT_6_N001,ALL,1,0,1,4
2022-09-01T22:00:00-00:00,2022-09-01T22:15:00-00:00,2022-09-01,16,BARRETT_6_N001,BARRETT_6_N001,BARRETT_6_N001,RTPD,MCL,LMP_LOSS_PRC,BARRETT_6_N001,ALL,1,0,1,4
2022-09-01T23:00:00-00:00,2022-09-01T23:15:00-00:00,2022-09-01,17,BARRETT_6_N001,BARRETT_6_N001,BARRETT_6_N001,RTPD,MCL,LMP_LOSS_PRC,BARRETT_6_N001,ALL,1,0,1,4
2022-09-02T00:00:00-00:00,2022-09-02T00:15:00-00:00,2022-09-01,18,BARRETT_6_N001,BARRETT_6_N001,BARRETT_6_N001,RTPD,MCL,LMP_LOSS_PRC,BARRETT_6_N001,ALL,1,134.46645,1,4
2022-09-02T01:00:00-00:00,2022-09-02T01:15:00-00:00,2022-09-01,19,BARRETT_6_N001,BARRETT_6_N001,BARRETT_6_N001,RTPD,MCL,LMP_LOSS_PRC,BARRETT_6_N001,ALL,1,0,1,4
2022-09-02T02:00:00-00:00,2022-09-02T02:15:00-00:00,2022-09-01,20,BARRETT_6_N001,BARRETT_6_N001,BARRETT_6_N001,RTPD,MCL,LMP_LOSS_PRC,BARRETT_6_N001,ALL,1,0,1,4
2022-09-02T03:00:00-00:00,2022-09-02T03:15:00-00:00,2022-09-01,21,BARRETT_6_N001,BARRETT_6_N001,BARRETT_6_N001,RTPD,MCL,LMP_LOSS_PRC,BARRETT_6_N001,ALL,1,108.82152,1,4
2022-09-02T04:00:00-00:00,2022-09-02T04:15:00-00:00,2022-09-01,22,BARRETT_6_N001,BARRETT_6_N001,BARRETT_6_N001,RTPD,MCL,LMP_LOSS_PRC,BARRETT_6_N001,ALL,1,39.39643,1,4
2022-09-02T05:00:00-00:00,2022-09-02T05:15:00-00:00,2022-09-01,23,BARRETT_6_N001,BARRETT_6_N001,BARRETT_6_N001,RTPD,MCL,LMP_LOSS_PRC,BARRETT_6_N001,ALL,1,22.11786,1,4
2022-09-02T06:00:00-00:00,2022-09-02T06:15:00-00:00,2022-09-01,24,BARRETT_6_N001,BARRETT_6_N001,BARRETT_6_N001,RTPD,MCL,LMP_LOSS_PRC,BARRETT_6_N001,ALL,1,19.31823,1,4
2022-09-01T07:15:00-00:00,2022-09-01T07:30:00-00:00,2022-09-01,01,BARRETT_6_N001,BARRETT_6_N001,BARRETT_6_N001,RTPD,MCL,LMP_LOSS_PRC,BARRETT_6_N001,ALL,1,0,2,4
2022-09-01T08:15:00-00:00,2022-09-01T08:30:00-00:00,2022-09-01,02,BARRETT_6_N001,BARRETT_6_N001,BARRETT_6_N001,RTPD,MCL,LMP_LOSS_PRC,BARRETT_6_N001,ALL,1,0,2,4
2022-09-01T09:15:00-00:00,2022-09-01T09:30:00-00:00,2022-09-01,03,BARRETT_6_N001,BARRETT_6_N001,BARRETT_6_N001,RTPD,MCL,LMP_LOSS_PRC,BARRETT_6_N001,ALL,1,15.07022,2,4
2022-09-01T10:15:00-00:00,2022-09-01T10:30:00-00:00,2022-09-01,04,BARRETT_6_N001,BARRETT_6_N001,BARRETT_6_N001,RTPD,MCL,LMP_LOSS_PRC,BARRETT_6_N001,ALL,1,14.90995,2,4
2022-09-01T11:15:00-00:00,2022-09-01T11:30:00-00:00,2022-09-01,05,BARRETT_6_N001,BARRETT_6_N001,BARRETT_6_N001,RTPD,MCL,LMP_LOSS_PRC,BARRETT_6_N001,ALL,1,15.17493,2,4
2022-09-01T12:15:00-00:00,2022-09-01T12:30:00-00:00,2022-09-01,06,BARRETT_6_N001,BARRETT_6_N001,BARRETT_6_N001,RTPD,MCL,LMP_LOSS_PRC,BARRETT_6_N001,ALL,1,15.92822,2,4
2022-09-01T13:15:00-00:00,2022-09-01T13:30:00-00:00,2022-09-01,07,BARRETT_6_N001,BARRETT_6_N001,BARRETT_6_N001,RTPD,MCL,LMP_LOSS_PRC,BARRETT_6_N001,ALL,1,16.18063,2,4
2022-09-01T14:15:00-00:00,2022-09-01T14:30:00-00:00,2022-09-01,08,BARRETT_6_N001,BARRETT_6_N001,BARRETT_6_N001,RTPD,MCL,LMP_LOSS_PRC,BARRETT_6_N001,ALL,1,12.05055,2,4
2022-09-01T15:15:00-00:00,2022-09-01T15:30:00-00:00,2022-09-01,09,BARRETT_6_N001,BARRETT_6_N001,BARRETT_6_N001,RTPD,MCL,LMP_LOSS_PRC,BARRETT_6_N001,ALL,1,0,2,4
2022-09-01T16:15:00-00:00,2022-09-01T16:30:00-00:00,2022-09-01,10,BARRETT_6_N001,BARRETT_6_N001,BARRETT_6_N001,RTPD,MCL,LMP_LOSS_PRC,BARRETT_6_N001,ALL,1,0,2,4
2022-09-01T17:15:00-00:00,2022-09-01T17:30:00-00:00,2022-09-01,11,BARRETT_6_N001,BARRETT_6_N001,BARRETT_6_N001,RTPD,MCL,LMP_LOSS_PRC,BARRETT_6_N001,ALL,1,0,2,4
2022-09-01T18:15:00-00:00,2022-09-01T18:30:00-00:00,2022-09-01,12,BARRETT_6_N001,BARRETT_6_N001,BARRETT_6_N001,RTPD,MCL,LMP_LOSS_PRC,BARRETT_6_N001,ALL,1,0,2,4
2022-09-01T19:15:00-00:00,2022-09-01T19:30:00-00:00,2022-09-01,13,BARRETT_6_N001,BARRETT_6_N001,BARRETT_6_N001,RTPD,MCL,LMP_LOSS_PRC,BARRETT_6_N001,ALL,1,0,2,4
2022-09-01T20:15:00-00:00,2022-09-01T20:30:00-00:00,2022-09-01,14,BARRETT_6_N001,BARRETT_6_N001,BARRETT_6_N001,RTPD,MCL,LMP_LOSS_PRC,BARRETT_6_N001,ALL,1,0,2,4
2022-09-01T21:15:00-00:00,2022-09-01T21:30:00-00:00,2022-09-01,15,BARRETT_6_N001,BARRETT_6_N001,BARRETT_6_N001,RTPD,MCL,LMP_LOSS_PRC,BARRETT_6_N001,ALL,1,0,2,4
2022-09-01T22:15:00-00:00,2022-09-01T22:30:00-00:00,2022-09-01,16,BARRETT_6_N001,BARRETT_6_N001,BARRETT_6_N001,RTPD,MCL,LMP_LOSS_PRC,BARRETT_6_N001,ALL,1,0,2,4
2022-09-01T23:15:00-00:00,2022-09-01T23:30:00-00:00,2022-09-01,17,BARRETT_6_N001,BARRETT_6_N001,BARRETT_6_N001,RTPD,MCL,LMP_LOSS_PRC,BARRETT_6_N001,ALL,1,0,2,4
2022-09-02T00:15:00-00:00,2022-09-02T00:30:00-00:00,2022-09-01,18,BARRETT_6_N001,BARRETT_6_N001,BARRETT_6_N001,RTPD,MCL,LMP_LOSS_PRC,BARRETT_6_N001,ALL,1,115.22608,2,4
2022-09-02T01:15:00-00:00,2022-09-02T01:30:00-00:00,2022-09-01,19,BARRETT_6_N001,BARRETT_6_N001,BARRETT_6_N001,RTPD,MCL,LMP_LOSS_PRC,BARRETT_6_N001,ALL,1,0,2,4
2022-09-02T02:15:00-00:00,2022-09-02T02:30:00-00:00,2022-09-01,20,BARRETT_6_N001,BARRETT_6_N001,BARRETT_6_N001,RTPD,MCL,LMP_LOSS_PRC,BARRETT_6_N001,ALL,1,0,2,4
2022-09-02T03:15:00-00:00,2022-09-02T03:30:00-00:00,2022-09-01,21,BARRETT_6_N001,BARRETT_6_N001,BARRETT_6_N001,RTPD,MCL,LMP_LOSS_PRC,BARRETT_6_N001,ALL,1,49.90589,2,4
2022-09-02T04:15:00-00:00,2022-09-02T04:30:00-00:00,2022-09-01,22,BARRETT_6_N001,BARRETT_6_N001,BARRETT_6_N001,RTPD,MCL,LMP_LOSS_PRC,BARRETT_6_N001,ALL,1,34.25196,2,4
2022-09-02T05:15:00-00:00,2022-09-02T05:30:00-00:00,2022-09-01,23,BARRETT_6_N001,BARRETT_6_N001,BARRETT_6_N001,RTPD,MCL,LMP_LOSS_PRC,BARRETT_6_N001,ALL,1,21.33688,2,4
2022-09-02T06:15:00-00:00,2022-09-02T06:30:00-00:00,2022-09-01,24,BARRETT_6_N001,BARRETT_6_N001,BARRETT_6_N001,RTPD,MCL,LMP_LOSS_PRC,BARRETT_6_N001,ALL,1,18.61738,2,4
2022-09-01T07:30:00-00:00,2022-09-01T07:45:00-00:00,2022-09-01,01,BARRETT_6_N001,BARRETT_6_N001,BARRETT_6_N001,RTPD,MCL,LMP_LOSS_PRC,BARRETT_6_N001,ALL,1,0,3,4
2022-09-01T08:30:00-00:00,2022-09-01T08:45:00-00:00,2022-09-01,02,BARRETT_6_N001,BARRETT_6_N001,BARRETT_6_N001,RTPD,MCL,LMP_LOSS_PRC,BARRETT_6_N001,ALL,1,18.23355,3,4
2022-09-01T09:30:00-00:00,2022-09-01T09:45:00-00:00,2022-09-01,03,BARRETT_6_N001,BARRETT_6_N001,BARRETT_6_N001,RTPD,MCL,LMP_LOSS_PRC,BARRETT_6_N001,ALL,1,14.8814,3,4
2022-09-01T10:30:00-00:00,2022-09-01T10:45:00-00:00,2022-09-01,04,BARRETT_6_N001,BARRETT_6_N001,BARRETT_6_N001,RTPD,MCL,LMP_LOSS_PRC,BARRETT_6_N001,ALL,1,14.74343,3,4
2022-09-01T11:30:00-00:00,2022-09-01T11:45:00-00:00,2022-09-01,05,BARRETT_6_N001,BARRETT_6_N001,BARRETT_6_N001,RTPD,MCL,LMP_LOSS_PRC,BARRETT_6_N001,ALL,1,15.06766,3,4
2022-09-01T12:30:00-00:00,2022-09-01T12:45:00-00:00,2022-09-01,06,BARRETT_6_N001,BARRETT_6_N001,BARRETT_6_N001,RTPD,MCL,LMP_LOSS_PRC,BARRETT_6_N001,ALL,1,16.22973,3,4
2022-09-01T13:30:00-00:00,2022-09-01T13:45:00-00:00,2022-09-01,07,BARRETT_6_N001,BARRETT_6_N001,BARRETT_6_N001,RTPD,MCL,LMP_LOSS_PRC,BARRETT_6_N001,ALL,1,16.5273,3,4
2022-09-01T14:30:00-00:00,2022-09-01T14:45:00-00:00,2022-09-01,08,BARRETT_6_N001,BARRETT_6_N001,BARRETT_6_N001,RTPD,MCL,LMP_LOSS_PRC,BARRETT_6_N001,ALL,1,10.62132,3,4
2022-09-01T15:30:00-00:00,2022-09-01T15:45:00-00:00,2022-09-01,09,BARRETT_6_N001,BARRETT_6_N001,BARRETT_6_N001,RTPD,MCL,LMP_LOSS_PRC,BARRETT_6_N001,ALL,1,0,3,4
2022-09-01T16:30:00-00:00,2022-09-01T16:45:00-00:00,2022-09-01,10,BARRETT_6_N001,BARRETT_6_N001,BARRETT_6_N001,RTPD,MCL,LMP_LOSS_PRC,BARRETT_6_N001,ALL,1,0,3,4
2022-09-01T17:30:00-00:00,2022-09-01T17:45:00-00:00,2022-09-01,11,BARRETT_6_N001,BARRETT_6_N001,BARRETT_6_N001,RTPD,MCL,LMP_LOSS_PRC,BARRETT_6_N001,ALL,1,0,3,4
2022-09-01T18:30:00-00:00,2022-09-01T18:45:00-00:00,2022-09-01,12,BARRETT_6_N001,BARRETT_6_N001,BARRETT_6_N001,RTPD,MCL,LMP_LOSS_PRC,BARRETT_6_N001,ALL,1,0,3,4
2022-09-01T19:30:00-00:00,2022-09-01T19:45:00-00:00,2022-09-01,13,BARRETT_6_N001,BARRETT_6_N001,BARRETT_6_N001,RTPD,MCL,LMP_LOSS_PRC,BARRETT_6_N001,ALL,1,0,3,4
2022-09-01T20:30:00-00:00,2022-09-01T20:45:00-00:00,2022-09-01,14,BARRETT_6_N001,BARRETT_6_N001,BARRETT_6_N001,RTPD,MCL,LMP_LOSS_PRC,BARRETT_6_N001,ALL,1,0,3,4
2022-09-01T21:30:00-00:00,2022-09-01T21:45:00-00:00,2022-09-01,15,BARRETT_6_N001,BARRETT_6_N001,BARRETT_6_N001,RTPD,MCL,LMP_LOSS_PRC,BARRETT_6_N001,ALL,1,0,3,4
2022-09-01T22:30:00-00:00,2022-09-01T22:45:00-00:00,2022-09-01,16,BARRETT_6_N001,BARRETT_6_N001,BARRETT_6_N001,RTPD,MCL,LMP_LOSS_PRC,BARRETT_6_N001,ALL,1,0,3,4
2022-09-01T23:30:00-00:00,2022-09-01T23:45:00-00:00,2022-09-01,17,BARRETT_6_N001,BARRETT_6_N001,BARRETT_6_N001,RTPD,MCL,LMP_LOSS_PRC,BARRETT_6_N001,ALL,1,0,3,4
2022-09-02T00:30:00-00:00,2022-09-02T00:45:00-00:00,2022-09-01,18,BARRETT_6_N001,BARRETT_6_N001,BARRETT_6_N001,RTPD,MCL,LMP_LOSS_PRC,BARRETT_6_N001,ALL,1,0,3,4
2022-09-02T01:30:00-00:00,2022-09-02T01:45:00-00:00,2022-09-01,19,BARRETT_6_N001,BARRETT_6_N001,BARRETT_6_N001,RTPD,MCL,LMP_LOSS_PRC,BARRETT_6_N001,ALL,1,0,3,4
2022-09-02T02:30:00-00:00,2022-09-02T02:45:00-00:00,2022-09-01,20,BARRETT_6_N001,BARRETT_6_N001,BARRETT_6_N001,RTPD,MCL,LMP_LOSS_PRC,BARRETT_6_N001,ALL,1,0,3,4
2022-09-02T03:30:00-00:00,2022-09-02T03:45:00-00:00,2022-09-01,21,BARRETT_6_N001,BARRETT_6_N001,BARRETT_6_N001,RTPD,MCL,LMP_LOSS_PRC,BARRETT_6_N001,ALL,1,21.9463,3,4
2022-09-02T04:30:00-00:00,2022-09-02T04:45:00-00:00,2022-09-01,22,BARRETT_6_N001,BARRETT_6_N001,BARRETT_6_N001,RTPD,MCL,LMP_LOSS_PRC,BARRETT_6_N001,ALL,1,29.16147,3,4
2022-09-02T05:30:00-00:00,2022-09-02T05:45:00-00:00,2022-09-01,23,BARRETT_6_N001,BARRETT_6_N001,BARRETT_6_N001,RTPD,MCL,LMP_LOSS_PRC,BARRETT_6_N001,ALL,1,19.18857,3,4
2022-09-02T06:30:00-00:00,2022-09-02T06:45:00-00:00,2022-09-01,24,BARRETT_6_N001,BARRETT_6_N001,BARRETT_6_N001,RTPD,MCL,LMP_LOSS_PRC,BARRETT_6_N001,ALL,1,17.20688,3,4
2022-09-01T07:45:00-00:00,2022-09-01T08:00:00-00:00,2022-09-01,01,BARRETT_6_N001,BARRETT_6_N001,BARRETT_6_N001,RTPD,MCL,LMP_LOSS_PRC,BARRETT_6_N001,ALL,1,0,4,4
2022-09-01T08:45:00-00:00,2022-09-01T09:00:00-00:00,2022-09-01,02,BARRETT_6_N001,BARRETT_6_N001,BARRETT_6_N001,RTPD,MCL,LMP_LOSS_PRC,BARRETT_6_N001,ALL,1,15.65948,4,4
2022-09-01T09:45:00-00:00,2022-09-01T10:00:00-00:00,2022-09-01,03,BARRETT_6_N001,BARRETT_6_N001,BARRETT_6_N001,RTPD,MCL,LMP_LOSS_PRC,BARRETT_6_N001,ALL,1,14.28445,4,4
2022-09-01T10:45:00-00:00,2022-09-01T11:00:00-00:00,2022-09-01,04,BARRETT_6_N001,BARRETT_6_N001,BARRETT_6_N001,RTPD,MCL,LMP_LOSS_PRC,BARRETT_6_N001,ALL,1,13.93326,4,4
2022-09-01T11:45:00-00:00,2022-09-01T12:00:00-00:00,2022-09-01,05,BARRETT_6_N001,BARRETT_6_N001,BARRETT_6_N001,RTPD,MCL,LMP_LOSS_PRC,BARRETT_6_N001,ALL,1,0,4,4
2022-09-01T12:45:00-00:00,2022-09-01T13:00:00-00:00,2022-09-01,06,BARRETT_6_N001,BARRETT_6_N001,BARRETT_6_N001,RTPD,MCL,LMP_LOSS_PRC,BARRETT_6_N001,ALL,1,0,4,4
2022-09-01T13:45:00-00:00,2022-09-01T14:00:00-00:00,2022-09-01,07,BARRETT_6_N001,BARRETT_6_N001,BARRETT_6_N001,RTPD,MCL,LMP_LOSS_PRC,BARRETT_6_N001,ALL,1,0,4,4
2022-09-01T14:45:00-00:00,2022-09-01T15:00:00-00:00,2022-09-01,08,BARRETT_6_N001,BARRETT_6_N001,BARRETT_6_N001,RTPD,MCL,LMP_LOSS_PRC,BARRETT_6_N001,ALL,1,0,4,4
2022-09-01T15:45:00-00:00,2022-09-01T16:00:00-00:00,2022-09-01,09,BARRETT_6_N001,BARRETT_6_N001,BARRETT_6_N001,RTPD,MCL,LMP_LOSS_PRC,BARRETT_6_N001,ALL,1,0,4,4
2022-09-01T16:45:00-00:00,2022-09-01T17:00:00-00:00,2022-09-01,10,BARRETT_6_N001,BARRETT_6_N001,BARRETT_6_N001,RTPD,MCL,LMP_LOSS_PRC,BARRETT_6_N001,ALL,1,0,4,4
2022-09-01T17:45:00-00:00,2022-09-01T18:00:00-00:00,2022-09-01,11,BARRETT_6_N001,BARRETT_6_N001,BARRETT_6_N001,RTPD,MCL,LMP_LOSS_PRC,BARRETT_6_N001,ALL,1,0,4,4
2022-09-01T18:45:00-00:00,2022-09-01T19:00:00-00:00,2022-09-01,12,BARRETT_6_N001,BARRETT_6_N001,BARRETT_6_N001,RTPD,MCL,LMP_LOSS_PRC,BARRETT_6_N001,ALL,1,0,4,4
2022-09-01T19:45:00-00:00,2022-09-01T20:00:00-00:00,2022-09-01,13,BARRETT_6_N001,BARRETT_6_N001,BARRETT_6_N001,RTPD,MCL,LMP_LOSS_PRC,BARRETT_6_N001,ALL,1,0,4,4
2022-09-01T20:45:00-00:00,2022-09-01T21:00:00-00:00,2022-09-01,14,BARRETT_6_N001,BARRETT_6_N001,BARRETT_6_N001,RTPD,MCL,LMP_LOSS_PRC,BARRETT_6_N001,ALL,1,0,4,4
2022-09-01T21:45:00-00:00,2022-09-01T22:00:00-00:00,2022-09-01,15,BARRETT_6_N001,BARRETT_6_N001,BARRETT_6_N001,RTPD,MCL,LMP_LOSS_PRC,BARRETT_6_N001,ALL,1,0,4,4
2022-09-01T22:45:00-00:00,2022-09-01T23:00:00-00:00,2022-09-01,16,BARRETT_6_N001,BARRETT_6_N001,BARRETT_6_N001,RTPD,MCL,LMP_LOSS_PRC,BARRETT_6_N001,ALL,1,0,4,4
2022-09-01T23:45:00-00:00,2022-09-02T00:00:00-00:00,2022-09-01,17,BARRETT_6_N001,BARRETT_6_N001,BARRETT_6_N001,RTPD,MCL,LMP_LOSS_PRC,BARRETT_6_N001,ALL,1,0,4,4
2022-09-02T00:45:00-00:00,2022-09-02T01:00:00-00:00,2022-09-01,18,BARRETT_6_N001,BARRETT_6_N001,BARRETT_6_N001,RTPD,MCL,LMP_LOSS_PRC,BARRETT_6_N001,ALL,1,0,4,4
2022-09-02T01:45:00-00:00,2022-09-02T02:00:00-00:00,2022-09-01,19,BARRETT_6_N001,BARRETT_6_N001,BARRETT_6_N001,RTPD,MCL,LMP_LOSS_PRC,BARRETT_6_N001,ALL,1,0,4,4
2022-09-02T02:45:00-00:00,2022-09-02T03:00:00-00:00,2022-09-01,20,BARRETT_6_N001,BARRETT_6_N001,BARRETT_6_N001,RTPD,MCL,LMP_LOSS_PRC,BARRETT_6_N001,ALL,1,309.4651,4,4
2022-09-02T03:45:00-00:00,2022-09-02T04:00:00-00:00,2022-09-01,21,BARRETT_6_N001,BARRETT_6_N001,BARRETT_6_N001,RTPD,MCL,LMP_LOSS_PRC,BARRETT_6_N001,ALL,1,19.30754,4,4
2022-09-02T04:45:00-00:00,2022-09-02T05:00:00-00:00,2022-09-01,22,BARRETT_6_N001,BARRETT_6_N001,BARRETT_6_N001,RTPD,MCL,LMP_LOSS_PRC,BARRETT_6_N001,ALL,1,19.67373,4,4
2022-09-02T05:45:00-00:00,2022-09-02T06:00:00-00:00,2022-09-01,23,BARRETT_6_N001,BARRETT_6_N001,BARRETT_6_N001,RTPD,MCL,LMP_LOSS_PRC,BARRETT_6_N001,ALL,1,17.11358,4,4
2022-09-02T06:45:00-00:00,2022-09-02T07:00:00-00:00,2022-09-01,24,BARRETT_6_N001,BARRETT_6_N001,BARRETT_6_N001,RTPD,MCL,LMP_LOSS_PRC,BARRETT_6_N001,ALL,1,14.14182,4,4
2022-09-01T07:00:00-00:00,2022-09-01T07:15:00-00:00,2022-09-01,01,BARRETT_6_N001,BARRETT_6_N001,BARRETT_6_N001,RTPD,MGHG,LMP_GHG_PRC,BARRETT_6_N001,ALL,1,0,1,5
2022-09-01T08:00:00-00:00,2022-09-01T08:15:00-00:00,2022-09-01,02,BARRETT_6_N001,BARRETT_6_N001,BARRETT_6_N001,RTPD,MGHG,LMP_GHG_PRC,BARRETT_6_N001,ALL,1,0,1,5
2022-09-01T09:00:00-00:00,2022-09-01T09:15:00-00:00,2022-09-01,03,BARRETT_6_N001,BARRETT_6_N001,BARRETT_6_N001,RTPD,MGHG,LMP_GHG_PRC,BARRETT_6_N001,ALL,1,0,1,5
2022-09-01T10:00:00-00:00,2022-09-01T10:15:00-00:00,2022-09-01,04,BARRETT_6_N001,BARRETT_6_N001,BARRETT_6_N001,RTPD,MGHG,LMP_GHG_PRC,BARRETT_6_N001,ALL,1,0,1,5
2022-09-01T11:00:00-00:00,2022-09-01T11:15:00-00:00,2022-09-01,05,BARRETT_6_N001,BARRETT_6_N001,BARRETT_6_N001,RTPD,MGHG,LMP_GHG_PRC,BARRETT_6_N001,ALL,1,0,1,5
2022-09-01T12:00:00-00:00,2022-09-01T12:15:00-00:00,2022-09-01,06,BARRETT_6_N001,BARRETT_6_N001,BARRETT_6_N001,RTPD,MGHG,LMP_GHG_PRC,BARRETT_6_N001,ALL,1,0,1,5
2022-09-01T13:00:00-00:00,2022-09-01T13:15:00-00:00,2022-09-01,07,BARRETT_6_N001,BARRETT_6_N001,BARRETT_6_N001,RTPD,MGHG,LMP_GHG_PRC,BARRETT_6_N001,ALL,1,0,1,5
2022-09-01T14:00:00-00:00,2022-09-01T14:15:00-00:00,2022-09-01,08,BARRETT_6_N001,BARRETT_6_N001,BARRETT_6_N001,RTPD,MGHG,LMP_GHG_PRC,BARRETT_6_N001,ALL,1,0,1,5
2022-09-01T15:00:00-00:00,2022-09-01T15:15:00-00:00,2022-09-01,09,BARRETT_6_N001,BARRETT_6_N001,BARRETT_6_N001,RTPD,MGHG,LMP_GHG_PRC,BARRETT_6_N001,ALL,1,0,1,5
2022-09-01T16:00:00-00:00,2022-09-01T16:15:00-00:00,2022-09-01,10,BARRETT_6_N001,BARRETT_6_N001,BARRETT_6_N001,RTPD,MGHG,LMP_GHG_PRC,BARRETT_6_N001,ALL,1,0,1,5
2022-09-01T17:00:00-00:00,2022-09-01T17:15:00-00:00,2022-09-01,11,BARRETT_6_N001,BARRETT_6_N001,BARRETT_6_N001,RTPD,MGHG,LMP_GHG_PRC,BARRETT_6_N001,ALL,1,0,1,5
2022-09-01T18:00:00-00:00,2022-09-01T18:15:00-00:00,2022-09-01,12,BARRETT_6_N001,BARRETT_6_N001,BARRETT_6_N001,RTPD,MGHG,LMP_GHG_PRC,BARRETT_6_N001,ALL,1,0,1,5
2022-09-01T19:00:00-00:00,2022-09-01T19:15:00-00:00,2022-09-01,13,BARRETT_6_N001,BARRETT_6_N001,BARRETT_6_N001,RTPD,MGHG,LMP_GHG_PRC,BARRETT_6_N001,ALL,1,0,1,5
2022-09-01T20:00:00-00:00,2022-09-01T20:15:00-00:00,2022-09-01,14,BARRETT_6_N001,BARRETT_6_N001,BARRETT_6_N001,RTPD,MGHG,LMP_GHG_PRC,BARRETT_6_N001,ALL,1,0,1,5
2022-09-01T21:00:00-00:00,2022-09-01T21:15:00-00:00,2022-09-01,15,BARRETT_6_N001,BARRETT_6_N001,BARRETT_6_N001,RTPD,MGHG,LMP_GHG_PRC,BARRETT_6_N001,ALL,1,0,1,5
2022-09-01T22:00:00-00:00,2022-09-01T22:15:00-00:00,2022-09-01,16,BARRETT_6_N001,BARRETT_6_N001,BARRETT_6_N001,RTPD,MGHG,LMP_GHG_PRC,BARRETT_6_N001,ALL,1,0,1,5
2022-09-01T23:00:00-00:00,2022-09-01T23:15:00-00:00,2022-09-01,17,BARRETT_6_N001,BARRETT_6_N001,BARRETT_6_N001,RTPD,MGHG,LMP_GHG_PRC,BARRETT_6_N001,ALL,1,0,1,5
2022-09-02T00:00:00-00:00,2022-09-02T00:15:00-00:00,2022-09-01,18,BARRETT_6_N001,BARRETT_6_N001,BARRETT_6_N001,RTPD,MGHG,LMP_GHG_PRC,BARRETT_6_N001,ALL,1,0,1,5
2022-09-02T01:00:00-00:00,2022-09-02T01:15:00-00:00,2022-09-01,19,BARRETT_6_N001,BARRETT_6_N001,BARRETT_6_N001,RTPD,MGHG,LMP_GHG_PRC,BARRETT_6_N001,ALL,1,0,1,5
2022-09-02T02:00:00-00:00,2022-09-02T02:15:00-00:00,2022-09-01,20,BARRETT_6_N001,BARRETT_6_N001,BARRETT_6_N001,RTPD,MGHG,LMP_GHG_PRC,BARRETT_6_N001,ALL,1,0,1,5
2022-09-02T03:00:00-00:00,2022-09-02T03:15:00-00:00,2022-09-01,21,BARRETT_6_N001,BARRETT_6_N001,BARRETT_6_N001,RTPD,MGHG,LMP_GHG_PRC,BARRETT_6_N001,ALL,1,0,1,5
2022-09-02T04:00:00-00:00,2022-09-02T04:15:00-00:00,2022-09-01,22,BARRETT_6_N001,BARRETT_6_N001,BARRETT_6_N001,RTPD,MGHG,LMP_GHG_PRC,BARRETT_6_N001,ALL,1,0,1,5
2022-09-02T05:00:00-00:00,2022-09-02T05:15:00-00:00,2022-09-01,23,BARRETT_6_N001,BARRETT_6_N001,BARRETT_6_N001,RTPD,MGHG,LMP_GHG_PRC,BARRETT_6_N001,ALL,1,0,1,5
2022-09-02T06:00:00-00:00,2022-09-02T06:15:00-00:00,2022-09-01,24,BARRETT_6_N001,BARRETT_6_N001,BARRETT_6_N001,RTPD,MGHG,LMP_GHG_PRC,BARRETT_6_N001,ALL,1,0,1,5
2022-09-01T07:15:00-00:00,2022-09-01T07:30:00-00:00,2022-09-01,01,BARRETT_6_N001,BARRETT_6_N001,BARRETT_6_N001,RTPD,MGHG,LMP_GHG_PRC,BARRETT_6_N001,ALL,1,0,2,5
2022-09-01T08:15:00-00:00,2022-09-01T08:30:00-00:00,2022-09-01,02,BARRETT_6_N001,BARRETT_6_N001,BARRETT_6_N001,RTPD,MGHG,LMP_GHG_PRC,BARRETT_6_N001,ALL,1,0,2,5
2022-09-01T09:15:00-00:00,2022-09-01T09:30:00-00:00,2022-09-01,03,BARRETT_6_N001,BARRETT_6_N001,BARRETT_6_N001,RTPD,MGHG,LMP_GHG_PRC,BARRETT_6_N001,ALL,1,0,2,5
2022-09-01T10:15:00-00:00,2022-09-01T10:30:00-00:00,2022-09-01,04,BARRETT_6_N001,BARRETT_6_N001,BARRETT_6_N001,RTPD,MGHG,LMP_GHG_PRC,BARRETT_6_N001,ALL,1,0,2,5
2022-09-01T11:15:00-00:00,2022-09-01T11:30:00-00:00,2022-09-01,05,BARRETT_6_N001,BARRETT_6_N001,BARRETT_6_N001,RTPD,MGHG,LMP_GHG_PRC,BARRETT_6_N001,ALL,1,0,2,5
2022-09-01T12:15:00-00:00,2022-09-01T12:30:00-00:00,2022-09-01,06,BARRETT_6_N001,BARRETT_6_N001,BARRETT_6_N001,RTPD,MGHG,LMP_GHG_PRC,BARRETT_6_N001,ALL,1,0,2,5
2022-09-01T13:15:00-00:00,2022-09-01T13:30:00-00:00,2022-09-01,07,BARRETT_6_N001,BARRETT_6_N001,BARRETT_6_N001,RTPD,MGHG,LMP_GHG_PRC,BARRETT_6_N001,ALL,1,0,2,5
2022-09-01T14:15:00-00:00,2022-09-01T14:30:00-00:00,2022-09-01,08,BARRETT_6_N001,BARRETT_6_N001,BARRETT_6_N001,RTPD,MGHG,LMP_GHG_PRC,BARRETT_6_N001,ALL,1,0,2,5
2022-09-01T15:15:00-00:00,2022-09-01T15:30:00-00:00,2022-09-01,09,BARRETT_6_N001,BARRETT_6_N001,BARRETT_6_N001,RTPD,MGHG,LMP_GHG_PRC,BARRETT_6_N001,ALL,1,0,2,5
2022-09-01T16:15:00-00:00,2022-09-01T16:30:00-00:00,2022-09-01,10,BARRETT_6_N001,BARRETT_6_N001,BARRETT_6_N001,RTPD,MGHG,LMP_GHG_PRC,BARRETT_6_N001,ALL,1,0,2,5
2022-09-01T17:15:00-00:00,2022-09-01T17:30:00-00:00,2022-09-01,11,BARRETT_6_N001,BARRETT_6_N001,BARRETT_6_N001,RTPD,MGHG,LMP_GHG_PRC,BARRETT_6_N001,ALL,1,0,2,5
2022-09-01T18:15:00-00:00,2022-09-01T18:30:00-00:00,2022-09-01,12,BARRETT_6_N001,BARRETT_6_N001,BARRETT_6_N001,RTPD,MGHG,LMP_GHG_PRC,BARRETT_6_N001,ALL,1,0,2,5
2022-09-01T19:15:00-00:00,2022-09-01T19:30:00-00:00,2022-09-01,13,BARRETT_6_N001,BARRETT_6_N001,BARRETT_6_N001,RTPD,MGHG,LMP_GHG_PRC,BARRETT_6_N001,ALL,1,0,2,5
2022-09-01T20:15:00-00:00,2022-09-01T20:30:00-00:00,2022-09-01,14,BARRETT_6_N001,BARRETT_6_N001,BARRETT_6_N001,RTPD,MGHG,LMP_GHG_PRC,BARRETT_6_N001,ALL,1,0,2,5
2022-09-01T21:15:00-00:00,2022-09-01T21:30:00-00:00,2022-09-01,15,BARRETT_6_N001,BARRETT_6_N001,BARRETT_6_N001,RTPD,MGHG,LMP_GHG_PRC,BARRETT_6_N001,ALL,1,0,2,5
2022-09-01T22:15:00-00:00,2022-09-01T22:30:00-00:00,2022-09-01,16,BARRETT_6_N001,BARRETT_6_N001,BARRETT_6_N001,RTPD,MGHG,LMP_GHG_PRC,BARRETT_6_N001,ALL,1,0,2,5
2022-09-01T23:15:00-00:00,2022-09-01T23:30:00-00:00,2022-09-01,17,BARRETT_6_N001,BARRETT_6_N001,BARRETT_6_N001,RTPD,MGHG,LMP_GHG_PRC,BARRETT_6_N001,ALL,1,0,2,5
2022-09-02T00:15:00-00:00,2022-09-02T00:30:00-00:00,2022-09-01,18,BARRETT_6_N001,BARRETT_6_N001,BARRETT_6_N001,RTPD,MGHG,LMP_GHG_PRC,BARRETT_6_N001,ALL,1,0,2,5
2022-09-02T01:15:00-00:00,2022-09-02T01:30:00-00:00,2022-09-01,19,BARRETT_6_N001,BARRETT_6_N001,BARRETT_6_N001,RTPD,MGHG,LMP_GHG_PRC,BARRETT_6_N001,ALL,1,0,2,5
2022-09-02T02:15:00-00:00,2022-09-02T02:30:00-00:00,2022-09-01,20,BARRETT_6_N001,BARRETT_6_N001,BARRETT_6_N001,RTPD,MGHG,LMP_GHG_PRC,BARRETT_6_N001,ALL,1,0,2,5
2022-09-02T03:15:00-00:00,2022-09-02T03:30:00-00:00,2022-09-01,21,BARRETT_6_N001,BARRETT_6_N001,BARRETT_6_N001,RTPD,MGHG,LMP_GHG_PRC,BARRETT_6_N001,ALL,1,0,2,5
2022-09-02T04:15:00-00:00,2022-09-02T04:30:00-00:00,2022-09-01,22,BARRETT_6_N001,BARRETT_6_N001,BARRETT_6_N001,RTPD,MGHG,LMP_GHG_PRC,BARRETT_6_N001,ALL,1,0,2,5
2022-09-02T05:15:00-00:00,2022-09-02T05:30:00-00:00,2022-09-01,23,BARRETT_6_N001,BARRETT_6_N001,BARRETT_6_N001,RTPD,MGHG,LMP_GHG_PRC,BARRETT_6_N001,ALL,1,0,2,5
2022-09-02T06:15:00-00:00,2022-09-02T06:30:00-00:00,2022-09-01,24,BARRETT_6_N001,BARRETT_6_N001,BARRETT_6_N001,RTPD,MGHG,LMP_GHG_PRC,BARRETT_6_N001,ALL,1,0,2,5
2022-09-01T07:30:00-00:00,2022-09-01T07:45:00-00:00,2022-09-01,01,BARRETT_6_N001,BARRETT_6_N001,BARRETT_6_N001,RTPD,MGHG,LMP_GHG_PRC,BARRETT_6_N001,ALL,1,0,3,5
2022-09-01T08:30:00-00:00,2022-09-01T08:45:00-00:00,2022-09-01,02,BARRETT_6_N001,BARRETT_6_N001,BARRETT_6_N001,RTPD,MGHG,LMP_GHG_PRC,BARRETT_6_N001,ALL,1,0,3,5
2022-09-01T09:30:00-00:00,2022-09-01T09:45:00-00:00,2022-09-01,03,BARRETT_6_N001,BARRETT_6_N001,BARRETT_6_N001,RTPD,MGHG,LMP_GHG_PRC,BARRETT_6_N001,ALL,1,0,3,5
2022-09-01T10:30:00-00:00,2022-09-01T10:45:00-00:00,2022-09-01,04,BARRETT_6_N001,BARRETT_6_N001,BARRETT_6_N001,RTPD,MGHG,LMP_GHG_PRC,BARRETT_6_N001,ALL,1,0,3,5
2022-09-01T11:30:00-00:00,2022-09-01T11:45:00-00:00,2022-09-01,05,BARRETT_6_N001,BARRETT_6_N001,BARRETT_6_N001,RTPD,MGHG,LMP_GHG_PRC,BARRETT_6_N001,ALL,1,0,3,5
2022-09-01T12:30:00-00:00,2022-09-01T12:45:00-00:00,2022-09-01,06,BARRETT_6_N001,BARRETT_6_N001,BARRETT_6_N001,RTPD,MGHG,LMP_GHG_PRC,BARRETT_6_N001,ALL,1,0,3,5
2022-09-01T13:30:00-00:00,2022-09-01T13:45:00-00:00,2022-09-01,07,BARRETT_6_N001,BARRETT_6_N001,BARRETT_6_N001,RTPD,MGHG,LMP_GHG_PRC,BARRETT_6_N001,ALL,1,0,3,5
2022-09-01T14:30:00-00:00,2022-09-01T14:45:00-00:00,2022-09-01,08,BARRETT_6_N001,BARRETT_6_N001,BARRETT_6_N001,RTPD,MGHG,LMP_GHG_PRC,BARRETT_6_N001,ALL,1,0,3,5
2022-09-01T15:30:00-00:00,2022-09-01T15:45:00-00:00,2022-09-01,09,BARRETT_6_N001,BARRETT_6_N001,BARRETT_6_N001,RTPD,MGHG,LMP_GHG_PRC,BARRETT_6_N001,ALL,1,0,3,5
2022-09-01T16:30:00-00:00,2022-09-01T16:45:00-00:00,2022-09-01,10,BARRETT_6_N001,BARRETT_6_N001,BARRETT_6_N001,RTPD,MGHG,LMP_GHG_PRC,BARRETT_6_N001,ALL,1,0,3,5
2022-09-01T17:30:00-00:00,2022-09-01T17:45:00-00:00,2022-09-01,11,BARRETT_6_N001,BARRETT_6_N001,BARRETT_6_N001,RTPD,MGHG,LMP_GHG_PRC,BARRETT_6_N001,ALL,1,0,3,5
2022-09-01T18:30:00-00:00,2022-09-01T18:45:00-00:00,2022-09-01,12,BARRETT_6_N001,BARRETT_6_N001,BARRETT_6_N001,RTPD,MGHG,LMP_GHG_PRC,BARRETT_6_N001,ALL,1,0,3,5
2022-09-01T19:30:00-00:00,2022-09-01T19:45:00-00:00,2022-09-01,13,BARRETT_6_N001,BARRETT_6_N001,BARRETT_6_N001,RTPD,MGHG,LMP_GHG_PRC,BARRETT_6_N001,ALL,1,0,3,5
2022-09-01T20:30:00-00:00,2022-09-01T20:45:00-00:00,2022-09-01,14,BARRETT_6_N001,BARRETT_6_N001,BARRETT_6_N001,RTPD,MGHG,LMP_GHG_PRC,BARRETT_6_N001,ALL,1,0,3,5
2022-09-01T21:30:00-00:00,2022-09-01T21:45:00-00:00,2022-09-01,15,BARRETT_6_N001,BARRETT_6_N001,BARRETT_6_N001,RTPD,MGHG,LMP_GHG_PRC,BARRETT_6_N001,ALL,1,0,3,5
2022-09-01T22:30:00-00:00,2022-09-01T22:45:00-00:00,2022-09-01,16,BARRETT_6_N001,BARRETT_6_N001,BARRETT_6_N001,RTPD,MGHG,LMP_GHG_PRC,BARRETT_6_N001,ALL,1,0,3,5
2022-09-01T23:30:00-00:00,2022-09-01T23:45:00-00:00,2022-09-01,17,BARRETT_6_N001,BARRETT_6_N001,BARRETT_6_N001,RTPD,MGHG,LMP_GHG_PRC,BARRETT_6_N001,ALL,1,0,3,5
2022-09-02T00:30:00-00:00,2022-09-02T00:45:00-00:00,2022-09-01,18,BARRETT_6_N001,BARRETT_6_N001,BARRETT_6_N001,RTPD,MGHG,LMP_GHG_PRC,BARRETT_6_N001,ALL,1,0,3,5
2022-09-02T01:30:00-00:00,2022-09-02T01:45:00-00:00,2022-09-01,19,BARRETT_6_N001,BARRETT_6_N001,BARRETT_6_N001,RTPD,MGHG,LMP_GHG_PRC,BARRETT_6_N001,ALL,1,0,3,5
2022-09-02T02:30:00-00:00,2022-09-02T02:45:00-00:00,2022-09-01,20,BARRETT_6_N001,BARRETT_6_N001,BARRETT_6_N001,RTPD,MGHG,LMP_GHG_PRC,BARRETT_6_N001,ALL,1,0,3,5
2022-09-02T03:30:00-00:00,2022-09-02T03:45:00-00:00,2022-09-01,21,BARRETT_6_N001,BARRETT_6_N001,BARRETT_6_N001,RTPD,MGHG,LMP_GHG_PRC,BARRETT_6_N001,ALL,1,0,3,5
2022-09-02T04:30:00-00:00,2022-09-02T04:45:00-00:00,2022-09-01,22,BARRETT_6_N001,BARRETT_6_N001,BARRETT_6_N001,RTPD,MGHG,LMP_GHG_PRC,BARRETT_6_N001,ALL,1,0,3,5
2022-09-02T05:30:00-00:00,2022-09-02T05:45:00-00:00,2022-09-01,23,BARRETT_6_N001,BARRETT_6_N001,BARRETT_6_N001,RTPD,MGHG,LMP_GHG_PRC,BARRETT_6_N001,ALL,1,0,3,5
2022-09-02T06:30:00-00:00,2022-09-02T06:45:00-00:00,2022-09-01,24,BARRETT_6_N001,BARRETT_6_N001,BARRETT_6_N001,RTPD,MGHG,LMP_GHG_PRC,BARRETT_6_N001,ALL,1,0,3,5
2022-09-01T07:45:00-00:00,2022-09-01T08:00:00-00:00,2022-09-01,01,BARRETT_6_N001,BARRETT_6_N001,BARRETT_6_N001,RTPD,MGHG,LMP_GHG_PRC,BARRETT_6_N001,ALL,1,0,4,5
2022-09-01T08:45:00-00:00,2022-09-01T09:00:00-00:00,2022-09-01,02,BARRETT_6_N001,BARRETT_6_N001,BARRETT_6_N001,RTPD,MGHG,LMP_GHG_PRC,BARRETT_6_N001,ALL,1,0,4,5
2022-09-01T09:45:00-00:00,2022-09-01T10:00:00-00:00,2022-09-01,03,BARRETT_6_N001,BARRETT_6_N001,BARRETT_6_N001,RTPD,MGHG,LMP_GHG_PRC,BARRETT_6_N001,ALL,1,0,4,5
2022-09-01T10:45:00-00:00,2022-09-01T11:00:00-00:00,2022-09-01,04,BARRETT_6_N001,BARRETT_6_N001,BARRETT_6_N001,RTPD,MGHG,LMP_GHG_PRC,BARRETT_6_N001,ALL,1,0,4,5
2022-09-01T11:45:00-00:00,2022-09-01T12:00:00-00:00,2022-09-01,05,BARRETT_6_N001,BARRETT_6_N001,BARRETT_6_N001,RTPD,MGHG,LMP_GHG_PRC,BARRETT_6_N001,ALL,1,0,4,5
2022-09-01T12:45:00-00:00,2022-09-01T13:00:00-00:00,2022-09-01,06,BARRETT_6_N001,BARRETT_6_N001,BARRETT_6_N001,RTPD,MGHG,LMP_GHG_PRC,BARRETT_6_N001,ALL,1,0,4,5
2022-09-01T13:45:00-00:00,2022-09-01T14:00:00-00:00,2022-09-01,07,BARRETT_6_N001,BARRETT_6_N001,BARRETT_6_N001,RTPD,MGHG,LMP_GHG_PRC,BARRETT_6_N001,ALL,1,0,4,5
2022-09-01T14:45:00-00:00,2022-09-01T15:00:00-00:00,2022-09-01,08,BARRETT_6_N001,BARRETT_6_N001,BARRETT_6_N001,RTPD,MGHG,LMP_GHG_PRC,BARRETT_6_N001,ALL,1,0,4,5
2022-09-01T15:45:00-00:00,2022-09-01T16:00:00-00:00,2022-09-01,09,BARRETT_6_N001,BARRETT_6_N001,BARRETT_6_N001,RTPD,MGHG,LMP_GHG_PRC,BARRETT_6_N001,ALL,1,0,4,5
2022-09-01T16:45:00-00:00,2022-09-01T17:00:00-00:00,2022-09-01,10,BARRETT_6_N001,BARRETT_6_N001,BARRETT_6_N001,RTPD,MGHG,LMP_GHG_PRC,BARRETT_6_N001,ALL,1,0,4,5
2022-09-01T17:45:00-00:00,2022-09-01T18:00:00-00:00,2022-09-01,11,BARRETT_6_N001,BARRETT_6_N001,BARRETT_6_N001,RTPD,MGHG,LMP_GHG_PRC,BARRETT_6_N001,ALL,1,0,4,5
2022-09-01T18:45:00-00:00,2022-09-01T19:00:00-00:00,2022-09-01,12,BARRETT_6_N001,BARRETT_6_N001,BARRETT_6_N001,RTPD,MGHG,LMP_GHG_PRC,BARRETT_6_N001,ALL,1,0,4,5
2022-09-01T19:45:00-00:00,2022-09-01T20:00:00-00:00,2022-09-01,13,BARRETT_6_N001,BARRETT_6_N001,BARRETT_6_N001,RTPD,MGHG,LMP_GHG_PRC,BARRETT_6_N001,ALL,1,0,4,5
2022-09-01T20:45:00-00:00,2022-09-01T21:00:00-00:00,2022-09-01,14,BARRETT_6_N001,BARRETT_6_N001,BARRETT_6_N001,RTPD,MGHG,LMP_GHG_PRC,BARRETT_6_N001,ALL,1,0,4,5
2022-09-01T21:45:00-00:00,2022-09-01T22:00:00-00:00,2022-09-01,15,BARRETT_6_N001,BARRETT_6_N001,BARRETT_6_N001,RTPD,MGHG,LMP_GHG_PRC,BARRETT_6_N001,ALL,1,0,4,5
2022-09-01T22:45:00-00:00,2022-09-01T23:00:00-00:00,2022-09-01,16,BARRETT_6_N001,BARRETT_6_N001,BARRETT_6_N001,RTPD,MGHG,LMP_GHG_PRC,BARRETT_6_N001,ALL,1,0,4,5
2022-09-01T23:45:00-00:00,2022-09-02T00:00:00-00:00,2022-09-01,17,BARRETT_6_N001,BARRETT_6_N001,BARRETT_6_N001,RTPD,MGHG,LMP_GHG_PRC,BARRETT_6_N001,ALL,1,0,4,5
2022-09-02T00:45:00-00:00,2022-09-02T01:00:00-00:00,2022-09-01,18,BARRETT_6_N001,BARRETT_6_N001,BARRETT_6_N001,RTPD,MGHG,LMP_GHG_PRC,BARRETT_6_N001,ALL,1,0,4,5
2022-09-02T01:45:00-00:00,2022-09-02T02:00:00-00:00,2022-09-01,19,BARRETT_6_N001,BARRETT_6_N001,BARRETT_6_N001,RTPD,MGHG,LMP_GHG_PRC,BARRETT_6_N001,ALL,1,0,4,5
2022-09-02T02:45:00-00:00,2022-09-02T03:00:00-00:00,2022-09-01,20,BARRETT_6_N001,BARRETT_6_N001,BARRETT_6_N001,RTPD,MGHG,LMP_GHG_PRC,BARRETT_6_N001,ALL,1,0,4,5
2022-09-02T03:45:00-00:00,2022-09-02T04:00:00-00:00,2022-09-01,21,BARRETT_6_N001,BARRETT_6_N001,BARRETT_6_N001,RTPD,MGHG,LMP_GHG_PRC,BARRETT_6_N001,ALL,1,0,4,5
2022-09-02T04:45:00-00:00,2022-09-02T05:00:00-00:00,2022-09-01,22,BARRETT_6_N001,BARRETT_6_N001,BARRETT_6_N001,RTPD,MGHG,LMP_GHG_PRC,BARRETT_6_N001,ALL,1,0,4,5
2022-09-02T05:45:00-00:00,2022-09-02T06:00:00-00:00,2022-09-01,23,BARRETT_6_N001,BARRETT_6_N001,BARRETT_6_N001,RTPD,MGHG,LMP_GHG_PRC,BARRETT_6_N001,ALL,1,0,4,5
2022-09-02T06:45:00-00:00,2022-09-02T07:00:00-00:00,2022-09-01,24,BARRETT_6_N001,BARRETT_6_N001,BARRETT_6_N001,RTPD,MGHG,LMP_GHG_PRC,BARRETT_6_N001,ALL,1,0,4,5
