INTERVALSTARTTIME_GMT,INTERVALENDTIME_GMT,OPR_DT,OPR_HR,NODE_ID_XML,NODE_ID,NODE,MARKET_RUN_ID,LMP_TYPE,XML_DATA_ITEM,PNODE_RESMRID,GRP_TYPE,POS,PRC,OPR_INTERVAL,GROUP
2022-09-01T07:00:00-00:00,2022-09-01T07:15:00-00:00,2022-09-01,01,REDMESA_1_REDMESAWFGNODE,REDMESA_1_REDMESAWFGNODE,REDMESA_1_REDMESAWFGNODE,RTPD,LMP,LMP_PRC,REDMESA_1_REDMESAWFGNODE,ALL,1,106.10078,1,1
2022-09-01T08:00:00-00:00,2022-09-01T08:15:00-00:00,2022-09-01,02,REDMESA_1_REDMESAWFGNODE,REDMESA_1_REDMESAWFGNODE,REDMESA_1_REDMESAWFGNODE,RTPD,LMP,LMP_PRC,REDMESA_1_REDMESAWFGNODE,ALL,1,103.62112,1,1
2022-09-01T09:00:00-00:00,2022-09-01T09:15:00-00:00,2022-09-01,03,REDMESA_1_REDMESAWFGNODE,REDMESA_1_REDMESAWFGNODE,REDMESA_1_REDMESAWFGNODE,RTPD,LMP,LMP_PRC,REDMESA_1_REDMESAWFGNODE,ALL,1,87.42016,1,1
2022-09-01T10:00:00-00:00,2022-09-01T10:15:00-00:00,2022-09-01,04,REDMESA_1_REDMESAWFGNODE,REDMESA_1_REDMESAWFGNODE,REDMESA_1_REDMESAWFGNODE,RTPD,LMP,LMP_PRC,REDMESA_1_REDMESAWFGNODE,ALL,1,85.17073,1,1
2022-09-01T11:00:00-00:00,2022-09-01T11:15:00-00:00,2022-09-01,05,REDMESA_1_REDMESAWFGNODE,REDMESA_1_REDMESAWFGNODE,REDMESA_1_REDMESAWFGNODE,RTPD,LMP,LMP_PRC,REDMESA_1_REDMESAWFGNODE,ALL,1,86.22921,1,1
2022-09-01T12:00:00-00:00,2022-09-01T12:15:00-00:00,2022-09-01,06,REDMESA_1_REDMESAWFGNODE,REDMESA_1_REDMESAWFGNODE,REDMESA_1_REDMESAWFGNODE,RTPD,LMP,LMP_PRC,REDMESA_1_REDMESAWFGNODE,ALL,1,87.54826,1,1
2022-09-01T13:00:00-00:00,2022-09-01T13:15:00-00:00,2022-09-01,07,REDMESA_1_REDMESAWFGNODE,REDMESA_1_REDMESAWFGNODE,REDMESA_1_REDMESAWFGNODE,RTPD,LMP,LMP_PRC,REDMESA_1_REDMESAWFGNODE,ALL,1,96.23209,1,1
2022-09-01T14:00:00-00:00,2022-09-01T14:15:00-00:00,2022-09-01,08,REDMESA_1_REDMESAWFGNODE,REDMESA_1_REDMESAWFGNODE,REDMESA_1_REDMESAWFGNODE,RTPD,LMP,LMP_PRC,REDMESA_1_REDMESAWFGNODE,ALL,1,73.18701,1,1
2022-09-01T15:00:00-00:00,2022-09-01T15:15:00-00:00,2022-09-01,09,REDMESA_1_REDMESAWFGNODE,REDMESA_1_REDMESAWFGNODE,REDMESA_1_REDMESAWFGNODE,RTPD,LMP,LMP_PRC,REDMESA_1_REDMESAWFGNODE,ALL,1,39.56495,1,1
2022-09-01T16:00:00-00:00,2022-09-01T16:15:00-00:00,2022-09-01,10,REDMESA_1_REDMESAWFGNODE,REDMESA_1_REDMESAWFGNODE,REDMESA_1_REDMESAWFGNODE,RTPD,LMP,LMP_PRC,REDMESA_1_REDMESAWFGNODE,ALL,1,36.13638,1,1
2022-09-01T17:00:00-00:00,2022-09-01T17:15:00-00:00,2022-09-01,11,REDMESA_1_REDMESAWFGNODE,REDMESA_1_REDMESAWFGNODE,REDMESA_1_REDMESAWFGNODE,RTPD,LMP,LMP_PRC,REDMESA_1_REDMESAWFGNODE,ALL,1,66.8807,1,1
2022-09-01T18:00:00-00:00,2022-09-01T18:15:00-00:00,2022-09-01,12,REDMESA_1_REDMESAWFGNODE,REDMESA_1_REDMESAWFGNODE,REDMESA_1_REDMESAWFGNODE,RTPD,LMP,LMP_PRC,REDMESA_1_REDMESAWFGNODE,ALL,1,66.06773,1,1
2022-09-01T19:00:00-00:00,2022-09-01T19:15:00-00:00,2022-09-01,13,REDMESA_1_REDMESAWFGNODE,REDMESA_1_REDMESAWFGNODE,REDMESA_1_REDMESAWFGNODE,RTPD,LMP,LMP_PRC,REDMESA_1_REDMESAWFGNODE,ALL,1,63.24534,1,1
2022-09-01T20:00:00-00:00,2022-09-01T20:15:00-00:00,2022-09-01,14,REDMESA_1_REDMESAWFGNODE,REDMESA_1_REDMESAWFGNODE,REDMESA_1_REDMESAWFGNODE,RTPD,LMP,LMP_PRC,REDMESA_1_REDMESAWFGNODE,ALL,1,93.48671,1,1
2022-09-01T21:00:00-00:00,2022-09-01T21:15:00-00:00,2022-09-01,15,REDMESA_1_REDMESAWFGNODE,REDMESA_1_REDMESAWFGNODE,REDMESA_1_REDMESAWFGNODE,RTPD,LMP,LMP_PRC,REDMESA_1_REDMESAWFGNODE,ALL,1,78.25774,1,1
2022-09-01T22:00:00-00:00,2022-09-01T22:15:00-00:00,2022-09-01,16,REDMESA_1_REDMESAWFGNODE,REDMESA_1_REDMESAWFGNODE,REDMESA_1_REDMESAWFGNODE,RTPD,LMP,LMP_PRC,REDMESA_1_REDMESAWFGNODE,ALL,1,132.21582,1,1
2022-09-01T23:00:00-00:00,2022-09-01T23:15:00-00:00,2022-09-01,17,REDMESA_1_REDMESAWFGNODE,REDMESA_1_REDMESAWFGNODE,REDMESA_1_REDMESAWFGNODE,RTPD,LMP,LMP_PRC,REDMESA_1_REDMESAWFGNODE,ALL,1,179.7089,1,1
2022-09-02T00:00:00-00:00,2022-09-02T00:15:00-00:00,2022-09-01,18,REDMESA_1_REDMESAWFGNODE,REDMESA_1_REDMESAWFGNODE,REDMESA_1_REDMESAWFGNODE,RTPD,LMP,LMP_PRC,REDMESA_1_REDMESAWFGNODE,ALL,1,539.62585,1,1
2022-09-02T01:00:00-00:00,2022-09-02T01:15:00-00:00,2022-09-01,19,REDMESA_1_REDMESAWFGNODE,REDMESA_1_REDMESAWFGNODE,REDMESA_1_REDMESAWFGNODE,RTPD,LMP,LMP_PRC,REDMESA_1_REDMESAWFGNODE,ALL,1,956.1036,1,1
2022-09-02T02:00:00-00:00,2022-09-02T02:15:00-00:00,2022-09-01,20,REDMESA_1_REDMESAWFGNODE,REDMESA_1_REDMESAWFGNODE,REDMESA_1_REDMESAWFGNODE,RTPD,LMP,LMP_PRC,REDMESA_1_REDMESAWFGNODE,ALL,1,1891.0966,1,1
2022-09-02T03:00:00-00:00,2022-09-02T03:15:00-00:00,2022-09-01,21,REDMESA_1_REDMESAWFGNODE,REDMESA_1_REDMESAWFGNODE,REDMESA_1_REDMESAWFGNODE,RTPD,LMP,LMP_PRC,REDMESA_1_REDMESAWFGNODE,ALL,1,116.62526,1,1
2022-09-02T04:00:00-00:00,2022-09-02T04:15:00-00:00,2022-09-01,22,REDMESA_1_REDMESAWFGNODE,REDMESA_1_REDMESAWFGNODE,REDMESA_1_REDMESAWFGNODE,RTPD,LMP,LMP_PRC,REDMESA_1_REDMESAWFGNODE,ALL,1,-38.97647,1,1
2022-09-02T05:00:00-00:00,2022-09-02T05:15:00-00:00,2022-09-01,23,REDMESA_1_REDMESAWFGNODE,REDMESA_1_REDMESAWFGNODE,REDMESA_1_REDMESAWFGNODE,RTPD,LMP,LMP_PRC,REDMESA_1_REDMESAWFGNODE,ALL,1,-29.2947,1,1
2022-09-02T06:00:00-00:00,2022-09-02T06:15:00-00:00,2022-09-01,24,REDMESA_1_REDMESAWFGNODE,REDMESA_1_REDMESAWFGNODE,REDMESA_1_REDMESAWFGNODE,RTPD,LMP,LMP_PRC,REDMESA_1_REDMESAWFGNODE,ALL,1,18.29224,1,1
2022-09-01T07:15:00-00:00,2022-09-01T07:30:00-00:00,2022-09-01,01,REDMESA_1_REDMESAWFGNODE,REDMESA_1_REDMESAWFGNODE,REDMESA_1_REDMESAWFGNODE,RTPD,LMP,LMP_PRC,REDMESA_1_REDMESAWFGNODE,ALL,1,118.2841,2,1
2022-09-01T08:15:00-00:00,2022-09-01T08:30:00-00:00,2022-09-01,02,REDMESA_1_REDMESAWFGNODE,REDMESA_1_REDMESAWFGNODE,REDMESA_1_REDMESAWFGNODE,RTPD,LMP,LMP_PRC,REDMESA_1_REDMESAWFGNODE,ALL,1,101.38104,2,1
2022-09-01T09:15:00-00:00,2022-09-01T09:30:00-00:00,2022-09-01,03,REDMESA_1_REDMESAWFGNODE,REDMESA_1_REDMESAWFGNODE,REDMESA_1_REDMESAWFGNODE,RTPD,LMP,LMP_PRC,REDMESA_1_REDMESAWFGNODE,ALL,1,87.11405,2,1
2022-09-01T10:15:00-00:00,2022-09-01T10:30:00-00:00,2022-09-01,04,REDMESA_1_REDMESAWFGNODE,REDMESA_1_REDMESAWFGNODE,REDMESA_1_REDMESAWFGNODE,RTPD,LMP,LMP_PRC,REDMESA_1_REDMESAWFGNODE,ALL,1,84.29787,2,1
2022-09-01T11:15:00-00:00,2022-09-01T11:30:00-00:00,2022-09-01,05,REDMESA_1_REDMESAWFGNODE,REDMESA_1_REDMESAWFGNODE,REDMESA_1_REDMESAWFGNODE,RTPD,LMP,LMP_PRC,REDMESA_1_REDMESAWFGNODE,ALL,1,86.42448,2,1
2022-09-01T12:15:00-00:00,2022-09-01T12:30:00-00:00,2022-09-01,06,REDMESA_1_REDMESAWFGNODE,REDMESA_1_REDMESAWFGNODE,REDMESA_1_REDMESAWFGNODE,RTPD,LMP,LMP_PRC,REDMESA_1_REDMESAWFGNODE,ALL,1,95.51788,2,1
2022-09-01T13:15:00-00:00,2022-09-01T13:30:00-00:00,2022-09-01,07,REDMESA_1_REDMESAWFGNODE,REDMESA_1_REDMESAWFGNODE,REDMESA_1_REDMESAWFGNODE,RTPD,LMP,LMP_PRC,REDMESA_1_REDMESAWFGNODE,ALL,1,94.24068,2,1
2022-09-01T14:15:00-00:00,2022-09-01T14:30:00-00:00,2022-09-01,08,REDMESA_1_REDMESAWFGNODE,REDMESA_1_REDMESAWFGNODE,REDMESA_1_REDMESAWFGNODE,RTPD,LMP,LMP_PRC,REDMESA_1_REDMESAWFGNODE,ALL,1,64.11507,2,1
2022-09-01T15:15:00-00:00,2022-09-01T15:30:00-00:00,2022-09-01,09,REDMESA_1_REDMESAWFGNODE,REDMESA_1_REDMESAWFGNODE,REDMESA_1_REDMESAWFGNODE,RTPD,LMP,LMP_PRC,REDMESA_1_REDMESAWFGNODE,ALL,1,26.45537,2,1
2022-09-01T16:15:00-00:00,2022-09-01T16:30:00-00:00,2022-09-01,10,REDMESA_1_REDMESAWFGNODE,REDMESA_1_REDMESAWFGNODE,REDMESA_1_REDMESAWFGNODE,RTPD,LMP,LMP_PRC,REDMESA_1_REDMESAWFGNODE,ALL,1,45.92185,2,1
2022-09-01T17:15:00-00:00,2022-09-01T17:30:00-00:00,2022-09-01,11,REDMESA_1_REDMESAWFGNODE,REDMESA_1_REDMESAWFGNODE,REDMESA_1_REDMESAWFGNODE,RTPD,LMP,LMP_PRC,REDMESA_1_REDMESAWFGNODE,ALL,1,69.63787,2,1
2022-09-01T18:15:00-00:00,2022-09-01T18:30:00-00:00,2022-09-01,12,REDMESA_1_REDMESAWFGNODE,REDMESA_1_REDMESAWFGNODE,REDMESA_1_REDMESAWFGNODE,RTPD,LMP,LMP_PRC,REDMESA_1_REDMESAWFGNODE,ALL,1,64.71089,2,1
2022-09-01T19:15:00-00:00,2022-09-01T19:30:00-00:00,2022-09-01,13,REDMESA_1_REDMESAWFGNODE,REDMESA_1_REDMESAWFGNODE,REDMESA_1_REDMESAWFGNODE,RTPD,LMP,LMP_PRC,REDMESA_1_REDMESAWFGNODE,ALL,1,77.72545,2,1
2022-09-01T20:15:00-00:00,2022-09-01T20:30:00-00:00,2022-09-01,14,REDMESA_1_REDMESAWFGNODE,REDMESA_1_REDMESAWFGNODE,REDMESA_1_REDMESAWFGNODE,RTPD,LMP,LMP_PRC,REDMESA_1_REDMESAWFGNODE,ALL,1,100.73886,2,1
2022-09-01T21:15:00-00:00,2022-09-01T21:30:00-00:00,2022-09-01,15,REDMESA_1_REDMESAWFGNODE,REDMESA_1_REDMESAWFGNODE,REDMESA_1_REDMESAWFGNODE,RTPD,LMP,LMP_PRC,REDMESA_1_REDMESAWFGNODE,ALL,1,103.55871,2,1
2022-09-01T22:15:00-00:00,2022-09-01T22:30:00-00:00,2022-09-01,16,REDMESA_1_REDMESAWFGNODE,REDMESA_1_REDMESAWFGNODE,REDMESA_1_REDMESAWFGNODE,RTPD,LMP,LMP_PRC,REDMESA_1_REDMESAWFGNODE,ALL,1,154.2987,2,1
2022-09-01T23:15:00-00:00,2022-09-01T23:30:00-00:00,2022-09-01,17,REDMESA_1_REDMESAWFGNODE,REDMESA_1_REDMESAWFGNODE,REDMESA_1_REDMESAWFGNODE,RTPD,LMP,LMP_PRC,REDMESA_1_REDMESAWFGNODE,ALL,1,167.20715,2,1
2022-09-02T00:15:00-00:00,2022-09-02T00:30:00-00:00,2022-09-01,18,REDMESA_1_REDMESAWFGNODE,REDMESA_1_REDMESAWFGNODE,REDMESA_1_REDMESAWFGNODE,RTPD,LMP,LMP_PRC,REDMESA_1_REDMESAWFGNODE,ALL,1,490.59756,2,1
2022-09-02T01:15:00-00:00,2022-09-02T01:30:00-00:00,2022-09-01,19,REDMESA_1_REDMESAWFGNODE,REDMESA_1_REDMESAWFGNODE,REDMESA_1_REDMESAWFGNODE,RTPD,LMP,LMP_PRC,REDMESA_1_REDMESAWFGNODE,ALL,1,1867.3993,2,1
2022-09-02T02:15:00-00:00,2022-09-02T02:30:00-00:00,2022-09-01,20,REDMESA_1_REDMESAWFGNODE,REDMESA_1_REDMESAWFGNODE,REDMESA_1_REDMESAWFGNODE,RTPD,LMP,LMP_PRC,REDMESA_1_REDMESAWFGNODE,ALL,1,1974.5098,2,1
2022-09-02T03:15:00-00:00,2022-09-02T03:30:00-00:00,2022-09-01,21,REDMESA_1_REDMESAWFGNODE,REDMESA_1_REDMESAWFGNODE,REDMESA_1_REDMESAWFGNODE,RTPD,LMP,LMP_PRC,REDMESA_1_REDMESAWFGNODE,ALL,1,102.29805,2,1
2022-09-02T04:15:00-00:00,2022-09-02T04:30:00-00:00,2022-09-01,22,REDMESA_1_REDMESAWFGNODE,REDMESA_1_REDMESAWFGNODE,REDMESA_1_REDMESAWFGNODE,RTPD,LMP,LMP_PRC,REDMESA_1_REDMESAWFGNODE,ALL,1,-31.81495,2,1
2022-09-02T05:15:00-00:00,2022-09-02T05:30:00-00:00,2022-09-01,23,REDMESA_1_REDMESAWFGNODE,REDMESA_1_REDMESAWFGNODE,REDMESA_1_REDMESAWFGNODE,RTPD,LMP,LMP_PRC,REDMESA_1_REDMESAWFGNODE,ALL,1,-45.70491,2,1
2022-09-02T06:15:00-00:00,2022-09-02T06:30:00-00:00,2022-09-01,24,REDMESA_1_REDMESAWFGNODE,REDMESA_1_REDMESAWFGNODE,REDMESA_1_REDMESAWFGNODE,RTPD,LMP,LMP_PRC,REDMESA_1_REDMESAWFGNODE,ALL,1,61.93955,2,1
2022-09-01T07:30:00-00:00,2022-09-01T07:45:00-00:00,2022-09-01,01,REDMESA_1_REDMESAWFGNODE,REDMESA_1_REDMESAWFGNODE,REDMESA_1_REDMESAWFGNODE,RTPD,LMP,LMP_PRC,REDMESA_1_REDMESAWFGNODE,ALL,1,115.15491,3,1
2022-09-01T08:30:00-00:00,2022-09-01T08:45:00-00:00,2022-09-01,02,REDMESA_1_REDMESAWFGNODE,REDMESA_1_REDMESAWFGNODE,REDMESA_1_REDMESAWFGNODE,RTPD,LMP,LMP_PRC,REDMESA_1_REDMESAWFGNODE,ALL,1,92.71821,3,1
2022-09-01T09:30:00-00:00,2022-09-01T09:45:00-00:00,2022-09-01,03,REDMESA_1_REDMESAWFGNODE,REDMESA_1_REDMESAWFGNODE,REDMESA_1_REDMESAWFGNODE,RTPD,LMP,LMP_PRC,REDMESA_1_REDMESAWFGNODE,ALL,1,86.5022,3,1
2022-09-01T10:30:00-00:00,2022-09-01T10:45:00-00:00,2022-09-01,04,REDMESA_1_REDMESAWFGNODE,REDMESA_1_REDMESAWFGNODE,REDMESA_1_REDMESAWFGNODE,RTPD,LMP,LMP_PRC,REDMESA_1_REDMESAWFGNODE,ALL,1,82.09444,3,1
2022-09-01T11:30:00-00:00,2022-09-01T11:45:00-00:00,2022-09-01,05,REDMESA_1_REDMESAWFGNODE,REDMESA_1_REDMESAWFGNODE,REDMESA_1_REDMESAWFGNODE,RTPD,LMP,LMP_PRC,REDMESA_1_REDMESAWFGNODE,ALL,1,85.59386,3,1
2022-09-01T12:30:00-00:00,2022-09-01T12:45:00-00:00,2022-09-01,06,REDMESA_1_REDMESAWFGNODE,REDMESA_1_REDMESAWFGNODE,REDMESA_1_REDMESAWFGNODE,RTPD,LMP,LMP_PRC,REDMESA_1_REDMESAWFGNODE,ALL,1,103.33737,3,1
2022-09-01T13:30:00-00:00,2022-09-01T13:45:00-00:00,2022-09-01,07,REDMESA_1_REDMESAWFGNODE,REDMESA_1_REDMESAWFGNODE,REDMESA_1_REDMESAWFGNODE,RTPD,LMP,LMP_PRC,REDMESA_1_REDMESAWFGNODE,ALL,1,91.34825,3,1
2022-09-01T14:30:00-00:00,2022-09-01T14:45:00-00:00,2022-09-01,08,REDMESA_1_REDMESAWFGNODE,REDMESA_1_REDMESAWFGNODE,REDMESA_1_REDMESAWFGNODE,RTPD,LMP,LMP_PRC,REDMESA_1_REDMESAWFGNODE,ALL,1,67.52619,3,1
2022-09-01T15:30:00-00:00,2022-09-01T15:45:00-00:00,2022-09-01,09,REDMESA_1_REDMESAWFGNODE,REDMESA_1_REDMESAWFGNODE,REDMESA_1_REDMESAWFGNODE,RTPD,LMP,LMP_PRC,REDMESA_1_REDMESAWFGNODE,ALL,1,14.16845,3,1
2022-09-01T16:30:00-00:00,2022-09-01T16:45:00-00:00,2022-09-01,10,REDMESA_1_REDMESAWFGNODE,REDMESA_1_REDMESAWFGNODE,REDMESA_1_REDMESAWFGNODE,RTPD,LMP,LMP_PRC,REDMESA_1_REDMESAWFGNODE,ALL,1,61.78255,3,1
2022-09-01T17:30:00-00:00,2022-09-01T17:45:00-00:00,2022-09-01,11,REDMESA_1_REDMESAWFGNODE,REDMESA_1_REDMESAWFGNODE,REDMESA_1_REDMESAWFGNODE,RTPD,LMP,LMP_PRC,REDMESA_1_REDMESAWFGNODE,ALL,1,72.95147,3,1
2022-09-01T18:30:00-00:00,2022-09-01T18:45:00-00:00,2022-09-01,12,REDMESA_1_REDMESAWFGNODE,REDMESA_1_REDMESAWFGNODE,REDMESA_1_REDMESAWFGNODE,RTPD,LMP,LMP_PRC,REDMESA_1_REDMESAWFGNODE,ALL,1,72.87676,3,1
2022-09-01T19:30:00-00:00,2022-09-01T19:45:00-00:00,2022-09-01,13,REDMESA_1_REDMESAWFGNODE,REDMESA_1_REDMESAWFGNODE,REDMESA_1_REDMESAWFGNODE,RTPD,LMP,LMP_PRC,REDMESA_1_REDMESAWFGNODE,ALL,1,77.75073,3,1
2022-09-01T20:30:00-00:00,2022-09-01T20:45:00-00:00,2022-09-01,14,REDMESA_1_REDMESAWFGNODE,REDMESA_1_REDMESAWFGNODE,REDMESA_1_REDMESAWFGNODE,RTPD,LMP,LMP_PRC,REDMESA_1_REDMESAWFGNODE,ALL,1,117.6014,3,1
2022-09-01T21:30:00-00:00,2022-09-01T21:45:00-00:00,2022-09-01,15,REDMESA_1_REDMESAWFGNODE,REDMESA_1_REDMESAWFGNODE,REDMESA_1_REDMESAWFGNODE,RTPD,LMP,LMP_PRC,REDMESA_1_REDMESAWFGNODE,ALL,1,100.94915,3,1
2022-09-01T22:30:00-00:00,2022-09-01T22:45:00-00:00,2022-09-01,16,REDMESA_1_REDMESAWFGNODE,REDMESA_1_REDMESAWFGNODE,REDMESA_1_REDMESAWFGNODE,RTPD,LMP,LMP_PRC,REDMESA_1_REDMESAWFGNODE,ALL,1,154.27194,3,1
2022-09-01T23:30:00-00:00,2022-09-01T23:45:00-00:00,2022-09-01,17,REDMESA_1_REDMESAWFGNODE,REDMESA_1_REDMESAWFGNODE,REDMESA_1_REDMESAWFGNODE,RTPD,LMP,LMP_PRC,REDMESA_1_REDMESAWFGNODE,ALL,1,226.88234,3,1
2022-09-02T00:30:00-00:00,2022-09-02T00:45:00-00:00,2022-09-01,18,REDMESA_1_REDMESAWFGNODE,REDMESA_1_REDMESAWFGNODE,REDMESA_1_REDMESAWFGNODE,RTPD,LMP,LMP_PRC,REDMESA_1_REDMESAWFGNODE,ALL,1,1294.5051,3,1
2022-09-02T01:30:00-00:00,2022-09-02T01:45:00-00:00,2022-09-01,19,REDMESA_1_REDMESAWFGNODE,REDMESA_1_REDMESAWFGNODE,REDMESA_1_REDMESAWFGNODE,RTPD,LMP,LMP_PRC,REDMESA_1_REDMESAWFGNODE,ALL,1,1959.2642,3,1
2022-09-02T02:30:00-00:00,2022-09-02T02:45:00-00:00,2022-09-01,20,REDMESA_1_REDMESAWFGNODE,REDMESA_1_REDMESAWFGNODE,REDMESA_1_REDMESAWFGNODE,RTPD,LMP,LMP_PRC,REDMESA_1_REDMESAWFGNODE,ALL,1,1965.7886,3,1
2022-09-02T03:30:00-00:00,2022-09-02T03:45:00-00:00,2022-09-01,21,REDMESA_1_REDMESAWFGNODE,REDMESA_1_REDMESAWFGNODE,REDMESA_1_REDMESAWFGNODE,RTPD,LMP,LMP_PRC,REDMESA_1_REDMESAWFGNODE,ALL,1,84.73622,3,1
2022-09-02T04:30:00-00:00,2022-09-02T04:45:00-00:00,2022-09-01,22,REDMESA_1_REDMESAWFGNODE,REDMESA_1_REDMESAWFGNODE,REDMESA_1_REDMESAWFGNODE,RTPD,LMP,LMP_PRC,REDMESA_1_REDMESAWFGNODE,ALL,1,-23.61985,3,1
2022-09-02T05:30:00-00:00,2022-09-02T05:45:00-00:00,2022-09-01,23,REDMESA_1_REDMESAWFGNODE,REDMESA_1_REDMESAWFGNODE,REDMESA_1_REDMESAWFGNODE,RTPD,LMP,LMP_PRC,REDMESA_1_REDMESAWFGNODE,ALL,1,-32.75959,3,1
2022-09-02T06:30:00-00:00,2022-09-02T06:45:00-00:00,2022-09-01,24,REDMESA_1_REDMESAWFGNODE,REDMESA_1_REDMESAWFGNODE,REDMESA_1_REDMESAWFGNODE,RTPD,LMP,LMP_PRC,REDMESA_1_REDMESAWFGNODE,ALL,1,-25.80328,3,1
2022-09-01T07:45:00-00:00,2022-09-01T08:00:00-00:00,2022-09-01,01,REDMESA_1_REDMESAWFGNODE,REDMESA_1_REDMESAWFGNODE,REDMESA_1_REDMESAWFGNODE,RTPD,LMP,LMP_PRC,REDMESA_1_REDMESAWFGNODE,ALL,1,107.22585,4,1
2022-09-01T08:45:00-00:00,2022-09-01T09:00:00-00:00,2022-09-01,02,REDMESA_1_REDMESAWFGNODE,REDMESA_1_REDMESAWFGNODE,REDMESA_1_REDMESAWFGNODE,RTPD,LMP,LMP_PRC,REDMESA_1_REDMESAWFGNODE,ALL,1,84.06155,4,1
2022-09-01T09:45:00-00:00,2022-09-01T10:00:00-00:00,2022-09-01,03,REDMESA_1_REDMESAWFGNODE,REDMESA_1_REDMESAWFGNODE,REDMESA_1_REDMESAWFGNODE,RTPD,LMP,LMP_PRC,REDMESA_1_REDMESAWFGNODE,ALL,1,85.77171,4,1
2022-09-01T10:45:00-00:00,2022-09-01T11:00:00-00:00,2022-09-01,04,REDMESA_1_REDMESAWFGNODE,REDMESA_1_REDMESAWFGNODE,REDMESA_1_REDMESAWFGNODE,RTPD,LMP,LMP_PRC,REDMESA_1_REDMESAWFGNODE,ALL,1,80.04261,4,1
2022-09-01T11:45:00-00:00,2022-09-01T12:00:00-00:00,2022-09-01,05,REDMESA_1_REDMESAWFGNODE,REDMESA_1_REDMESAWFGNODE,REDMESA_1_REDMESAWFGNODE,RTPD,LMP,LMP_PRC,REDMESA_1_REDMESAWFGNODE,ALL,1,92.2168,4,1
2022-09-01T12:45:00-00:00,2022-09-01T13:00:00-00:00,2022-09-01,06,REDMESA_1_REDMESAWFGNODE,REDMESA_1_REDMESAWFGNODE,REDMESA_1_REDMESAWFGNODE,RTPD,LMP,LMP_PRC,REDMESA_1_REDMESAWFGNODE,ALL,1,103.33695,4,1
2022-09-01T13:45:00-00:00,2022-09-01T14:00:00-00:00,2022-09-01,07,REDMESA_1_REDMESAWFGNODE,REDMESA_1_REDMESAWFGNODE,REDMESA_1_REDMESAWFGNODE,RTPD,LMP,LMP_PRC,REDMESA_1_REDMESAWFGNODE,ALL,1,88.916,4,1
2022-09-01T14:45:00-00:00,2022-09-01T15:00:00-00:00,2022-09-01,08,REDMESA_1_REDMESAWFGNODE,REDMESA_1_REDMESAWFGNODE,REDMESA_1_REDMESAWFGNODE,RTPD,LMP,LMP_PRC,REDMESA_1_REDMESAWFGNODE,ALL,1,57.70853,4,1
2022-09-01T15:45:00-00:00,2022-09-01T16:00:00-00:00,2022-09-01,09,REDMESA_1_REDMESAWFGNODE,REDMESA_1_REDMESAWFGNODE,REDMESA_1_REDMESAWFGNODE,RTPD,LMP,LMP_PRC,REDMESA_1_REDMESAWFGNODE,ALL,1,36.69134,4,1
2022-09-01T16:45:00-00:00,2022-09-01T17:00:00-00:00,2022-09-01,10,REDMESA_1_REDMESAWFGNODE,REDMESA_1_REDMESAWFGNODE,REDMESA_1_REDMESAWFGNODE,RTPD,LMP,LMP_PRC,REDMESA_1_REDMESAWFGNODE,ALL,1,63.57595,4,1
2022-09-01T17:45:00-00:00,2022-09-01T18:00:00-00:00,2022-09-01,11,REDMESA_1_REDMESAWFGNODE,REDMESA_1_REDMESAWFGNODE,REDMESA_1_REDMESAWFGNODE,RTPD,LMP,LMP_PRC,REDMESA_1_REDMESAWFGNODE,ALL,1,70.72976,4,1
2022-09-01T18:45:00-00:00,2022-09-01T19:00:00-00:00,2022-09-01,12,REDMESA_1_REDMESAWFGNODE,REDMESA_1_REDMESAWFGNODE,REDMESA_1_REDMESAWFGNODE,RTPD,LMP,LMP_PRC,REDMESA_1_REDMESAWFGNODE,ALL,1,72.4316,4,1
2022-09-01T19:45:00-00:00,2022-09-01T20:00:00-00:00,2022-09-01,13,REDMESA_1_REDMESAWFGNODE,REDMESA_1_REDMESAWFGNODE,REDMESA_1_REDMESAWFGNODE,RTPD,LMP,LMP_PRC,REDMESA_1_REDMESAWFGNODE,ALL,1,82.3956,4,1
2022-09-01T20:45:00-00:00,2022-09-01T21:00:00-00:00,2022-09-01,14,REDMESA_1_REDMESAWFGNODE,REDMESA_1_REDMESAWFGNODE,REDMESA_1_REDMESAWFGNODE,RTPD,LMP,LMP_PRC,REDMESA_1_REDMESAWFGNODE,ALL,1,114.19744,4,1
2022-09-01T21:45:00-00:00,2022-09-01T22:00:00-00:00,2022-09-01,15,REDMESA_1_REDMESAWFGNODE,REDMESA_1_REDMESAWFGNODE,REDMESA_1_REDMESAWFGNODE,RTPD,LMP,LMP_PRC,REDMESA_1_REDMESAWFGNODE,ALL,1,148.25594,4,1
2022-09-01T22:45:00-00:00,2022-09-01T23:00:00-00:00,2022-09-01,16,REDMESA_1_REDMESAWFGNODE,REDMESA_1_REDMESAWFGNODE,REDMESA_1_REDMESAWFGNODE,RTPD,LMP,LMP_PRC,REDMESA_1_REDMESAWFGNODE,ALL,1,248.4628,4,1
2022-09-01T23:45:00-00:00,2022-09-02T00:00:00-00:00,2022-09-01,17,REDMESA_1_REDMESAWFGNODE,REDMESA_1_REDMESAWFGNODE,REDMESA_1_REDMESAWFGNODE,RTPD,LMP,LMP_PRC,REDMESA_1_REDMESAWFGNODE,ALL,1,889.16956,4,1
2022-09-02T00:45:00-00:00,2022-09-02T01:00:00-00:00,2022-09-01,18,REDMESA_1_REDMESAWFGNODE,REDMESA_1_REDMESAWFGNODE,REDMESA_1_REDMESAWFGNODE,RTPD,LMP,LMP_PRC,REDMESA_1_REDMESAWFGNODE,ALL,1,756.77155,4,1
2022-09-02T01:45:00-00:00,2022-09-02T02:00:00-00:00,2022-09-01,19,REDMESA_1_REDMESAWFGNODE,REDMESA_1_REDMESAWFGNODE,REDMESA_1_REDMESAWFGNODE,RTPD,LMP,LMP_PRC,REDMESA_1_REDMESAWFGNODE,ALL,1,1976.3213,4,1
2022-09-02T02:45:00-00:00,2022-09-02T03:00:00-00:00,2022-09-01,20,REDMESA_1_REDMESAWFGNODE,REDMESA_1_REDMESAWFGNODE,REDMESA_1_REDMESAWFGNODE,RTPD,LMP,LMP_PRC,REDMESA_1_REDMESAWFGNODE,ALL,1,729.32355,4,1
2022-09-02T03:45:00-00:00,2022-09-02T04:00:00-00:00,2022-09-01,21,REDMESA_1_REDMESAWFGNODE,REDMESA_1_REDMESAWFGNODE,REDMESA_1_REDMESAWFGNODE,RTPD,LMP,LMP_PRC,REDMESA_1_REDMESAWFGNODE,ALL,1,49.75854,4,1
2022-09-02T04:45:00-00:00,2022-09-02T05:00:00-00:00,2022-09-01,22,REDMESA_1_REDMESAWFGNODE,REDMESA_1_REDMESAWFGNODE,REDMESA_1_REDMESAWFGNODE,RTPD,LMP,LMP_PRC,REDMESA_1_REDMESAWFGNODE,ALL,1,-37.76741,4,1
2022-09-02T05:45:00-00:00,2022-09-02T06:00:00-00:00,2022-09-01,23,REDMESA_1_REDMESAWFGNODE,REDMESA_1_REDMESAWFGNODE,REDMESA_1_REDMESAWFGNODE,RTPD,LMP,LMP_PRC,REDMESA_1_REDMESAWFGNODE,ALL,1,-70.61439,4,1
2022-09-02T06:45:00-00:00,2022-09-02T07:00:00-00:00,2022-09-01,24,REDMESA_1_REDMESAWFGNODE,REDMESA_1_REDMESAWFGNODE,REDMESA_1_REDMESAWFGNODE,RTPD,LMP,LMP_PRC,REDMESA_1_REDMESAWFGNODE,ALL,1,4.47328,4,1
2022-09-01T07:00:00-00:00,2022-09-01T07:15:00-00:00,2022-09-01,01,REDMESA_1_REDMESAWFGNODE,REDMESA_1_REDMESAWFGNODE,REDMESA_1_REDMESAWFGNODE,RTPD,MCC,LMP_CONG_PRC,REDMESA_1_REDMESAWFGNODE,ALL,1,14.77275,1,2
2022-09-01T08:00:00-00:00,2022-09-01T08:15:00-00:00,2022-09-01,02,REDMESA_1_REDMESAWFGNODE,REDMESA_1_REDMESAWFGNODE,REDMESA_1_REDMESAWFGNODE,RTPD,MCC,LMP_CONG_PRC,REDMESA_1_REDMESAWFGNODE,ALL,1,2.20233,1,2
2022-09-01T09:00:00-00:00,2022-09-01T09:15:00-00:00,2022-09-01,03,REDMESA_1_REDMESAWFGNODE,REDMESA_1_REDMESAWFGNODE,REDMESA_1_REDMESAWFGNODE,RTPD,MCC,LMP_CONG_PRC,REDMESA_1_REDMESAWFGNODE,ALL,1,2.95209,1,2
2022-09-01T10:00:00-00:00,2022-09-01T10:15:00-00:00,2022-09-01,04,REDMESA_1_REDMESAWFGNODE,REDMESA_1_REDMESAWFGNODE,REDMESA_1_REDMESAWFGNODE,RTPD,MCC,LMP_CONG_PRC,REDMESA_1_REDMESAWFGNODE,ALL,1,2.60575,1,2
2022-09-01T11:00:00-00:00,2022-09-01T11:15:00-00:00,2022-09-01,05,REDMESA_1_REDMESAWFGNODE,REDMESA_1_REDMESAWFGNODE,REDMESA_1_REDMESAWFGNODE,RTPD,MCC,LMP_CONG_PRC,REDMESA_1_REDMESAWFGNODE,ALL,1,-0.0032,1,2
2022-09-01T12:00:00-00:00,2022-09-01T12:15:00-00:00,2022-09-01,06,REDMESA_1_REDMESAWFGNODE,REDMESA_1_REDMESAWFGNODE,REDMESA_1_REDMESAWFGNODE,RTPD,MCC,LMP_CONG_PRC,REDMESA_1_REDMESAWFGNODE,ALL,1,6.84451,1,2
2022-09-01T13:00:00-00:00,2022-09-01T13:15:00-00:00,2022-09-01,07,REDMESA_1_REDMESAWFGNODE,REDMESA_1_REDMESAWFGNODE,REDMESA_1_REDMESAWFGNODE,RTPD,MCC,LMP_CONG_PRC,REDMESA_1_REDMESAWFGNODE,ALL,1,9.42331,1,2
2022-09-01T14:00:00-00:00,2022-09-01T14:15:00-00:00,2022-09-01,08,REDMESA_1_REDMESAWFGNODE,REDMESA_1_REDMESAWFGNODE,REDMESA_1_REDMESAWFGNODE,RTPD,MCC,LMP_CONG_PRC,REDMESA_1_REDMESAWFGNODE,ALL,1,-16.88133,1,2
2022-09-01T15:00:00-00:00,2022-09-01T15:15:00-00:00,2022-09-01,09,REDMESA_1_REDMESAWFGNODE,REDMESA_1_REDMESAWFGNODE,REDMESA_1_REDMESAWFGNODE,RTPD,MCC,LMP_CONG_PRC,REDMESA_1_REDMESAWFGNODE,ALL,1,-45.14625,1,2
2022-09-01T16:00:00-00:00,2022-09-01T16:15:00-00:00,2022-09-01,10,REDMESA_1_REDMESAWFGNODE,REDMESA_1_REDMESAWFGNODE,REDMESA_1_REDMESAWFGNODE,RTPD,MCC,LMP_CONG_PRC,REDMESA_1_REDMESAWFGNODE,ALL,1,-33.19887,1,2
2022-09-01T17:00:00-00:00,2022-09-01T17:15:00-00:00,2022-09-01,11,REDMESA_1_REDMESAWFGNODE,REDMESA_1_REDMESAWFGNODE,REDMESA_1_REDMESAWFGNODE,RTPD,MCC,LMP_CONG_PRC,REDMESA_1_REDMESAWFGNODE,ALL,1,-18.43827,1,2
2022-09-01T18:00:00-00:00,2022-09-01T18:15:00-00:00,2022-09-01,12,REDMESA_1_REDMESAWFGNODE,REDMESA_1_REDMESAWFGNODE,REDMESA_1_REDMESAWFGNODE,RTPD,MCC,LMP_CONG_PRC,REDMESA_1_REDMESAWFGNODE,ALL,1,-11.54518,1,2
2022-09-01T19:00:00-00:00,2022-09-01T19:15:00-00:00,2022-09-01,13,REDMESA_1_REDMESAWFGNODE,REDMESA_1_REDMESAWFGNODE,REDMESA_1_REDMESAWFGNODE,RTPD,MCC,LMP_CONG_PRC,REDMESA_1_REDMESAWFGNODE,ALL,1,-31.80103,1,2
2022-09-01T20:00:00-00:00,2022-09-01T20:15:00-00:00,2022-09-01,14,REDMESA_1_REDMESAWFGNODE,REDMESA_1_REDMESAWFGNODE,REDMESA_1_REDMESAWFGNODE,RTPD,MCC,LMP_CONG_PRC,REDMESA_1_REDMESAWFGNODE,ALL,1,1.70312,1,2
2022-09-01T21:00:00-00:00,2022-09-01T21:15:00-00:00,2022-09-01,15,REDMESA_1_REDMESAWFGNODE,REDMESA_1_REDMESAWFGNODE,REDMESA_1_REDMESAWFGNODE,RTPD,MCC,LMP_CONG_PRC,REDMESA_1_REDMESAWFGNODE,ALL,1,-133.35725,1,2
2022-09-01T22:00:00-00:00,2022-09-01T22:15:00-00:00,2022-09-01,16,REDMESA_1_REDMESAWFGNODE,REDMESA_1_REDMESAWFGNODE,REDMESA_1_REDMESAWFGNODE,RTPD,MCC,LMP_CONG_PRC,REDMESA_1_REDMESAWFGNODE,ALL,1,-79.60969,1,2
2022-09-01T23:00:00-00:00,2022-09-01T23:15:00-00:00,2022-09-01,17,REDMESA_1_REDMESAWFGNODE,REDMESA_1_REDMESAWFGNODE,REDMESA_1_REDMESAWFGNODE,RTPD,MCC,LMP_CONG_PRC,REDMESA_1_REDMESAWFGNODE,ALL,1,-180.8848,1,2
2022-09-02T00:00:00-00:00,2022-09-02T00:15:00-00:00,2022-09-01,18,REDMESA_1_REDMESAWFGNODE,REDMESA_1_REDMESAWFGNODE,REDMESA_1_REDMESAWFGNODE,RTPD,MCC,LMP_CONG_PRC,REDMESA_1_REDMESAWFGNODE,ALL,1,-129.251,1,2
2022-09-02T01:00:00-00:00,2022-09-02T01:15:00-00:00,2022-09-01,19,REDMESA_1_REDMESAWFGNODE,REDMESA_1_REDMESAWFGNODE,REDMESA_1_REDMESAWFGNODE,RTPD,MCC,LMP_CONG_PRC,REDMESA_1_REDMESAWFGNODE,ALL,1,64.74234,1,2
2022-09-02T02:00:00-00:00,2022-09-02T02:15:00-00:00,2022-09-01,20,REDMESA_1_REDMESAWFGNODE,REDMESA_1_REDMESAWFGNODE,REDMESA_1_REDMESAWFGNODE,RTPD,MCC,LMP_CONG_PRC,REDMESA_1_REDMESAWFGNODE,ALL,1,-84.9656,1,2
2022-09-02T03:00:00-00:00,2022-09-02T03:15:00-00:00,2022-09-01,21,REDMESA_1_REDMESAWFGNODE,REDMESA_1_REDMESAWFGNODE,REDMESA_1_REDMESAWFGNODE,RTPD,MCC,LMP_CONG_PRC,REDMESA_1_REDMESAWFGNODE,ALL,1,-714.22815,1,2
2022-09-02T04:00:00-00:00,2022-09-02T04:15:00-00:00,2022-09-01,22,REDMESA_1_REDMESAWFGNODE,REDMESA_1_REDMESAWFGNODE,REDMESA_1_REDMESAWFGNODE,RTPD,MCC,LMP_CONG_PRC,REDMESA_1_REDMESAWFGNODE,ALL,1,-265.01672,1,2
2022-09-02T05:00:00-00:00,2022-09-02T05:15:00-00:00,2022-09-01,23,REDMESA_1_REDMESAWFGNODE,REDMESA_1_REDMESAWFGNODE,REDMESA_1_REDMESAWFGNODE,RTPD,MCC,LMP_CONG_PRC,REDMESA_1_REDMESAWFGNODE,ALL,1,-187.61188,1,2
2022-09-02T06:00:00-00:00,2022-09-02T06:15:00-00:00,2022-09-01,24,REDMESA_1_REDMESAWFGNODE,REDMESA_1_REDMESAWFGNODE,REDMESA_1_REDMESAWFGNODE,RTPD,MCC,LMP_CONG_PRC,REDMESA_1_REDMESAWFGNODE,ALL,1,-115.56106,1,2
2022-09-01T07:15:00-00:00,2022-09-01T07:30:00-00:00,2022-09-01,01,REDMESA_1_REDMESAWFGNODE,REDMESA_1_REDMESAWFGNODE,REDMESA_1_REDMESAWFGNODE,RTPD,MCC,LMP_CONG_PRC,REDMESA_1_REDMESAWFGNODE,ALL,1,6.49266,2,2
2022-09-01T08:15:00-00:00,2022-09-01T08:30:00-00:00,2022-09-01,02,REDMESA_1_REDMESAWFGNODE,REDMESA_1_REDMESAWFGNODE,REDMESA_1_REDMESAWFGNODE,RTPD,MCC,LMP_CONG_PRC,REDMESA_1_REDMESAWFGNODE,ALL,1,0.59939,2,2
2022-09-01T09:15:00-00:00,2022-09-01T09:30:00-00:00,2022-09-01,03,REDMESA_1_REDMESAWFGNODE,REDMESA_1_REDMESAWFGNODE,REDMESA_1_REDMESAWFGNODE,RTPD,MCC,LMP_CONG_PRC,REDMESA_1_REDMESAWFGNODE,ALL,1,3.8921,2,2
2022-09-01T10:15:00-00:00,2022-09-01T10:30:00-00:00,2022-09-01,04,REDMESA_1_REDMESAWFGNODE,REDMESA_1_REDMESAWFGNODE,REDMESA_1_REDMESAWFGNODE,RTPD,MCC,LMP_CONG_PRC,REDMESA_1_REDMESAWFGNODE,ALL,1,3.68711,2,2
2022-09-01T11:15:00-00:00,2022-09-01T11:30:00-00:00,2022-09-01,05,REDMESA_1_REDMESAWFGNODE,REDMESA_1_REDMESAWFGNODE,REDMESA_1_REDMESAWFGNODE,RTPD,MCC,LMP_CONG_PRC,REDMESA_1_REDMESAWFGNODE,ALL,1,-0.004,2,2
2022-09-01T12:15:00-00:00,2022-09-01T12:30:00-00:00,2022-09-01,06,REDMESA_1_REDMESAWFGNODE,REDMESA_1_REDMESAWFGNODE,REDMESA_1_REDMESAWFGNODE,RTPD,MCC,LMP_CONG_PRC,REDMESA_1_REDMESAWFGNODE,ALL,1,4.18095,2,2
2022-09-01T13:15:00-00:00,2022-09-01T13:30:00-00:00,2022-09-01,07,REDMESA_1_REDMESAWFGNODE,REDMESA_1_REDMESAWFGNODE,REDMESA_1_REDMESAWFGNODE,RTPD,MCC,LMP_CONG_PRC,REDMESA_1_REDMESAWFGNODE,ALL,1,0.40265,2,2
2022-09-01T14:15:00-00:00,2022-09-01T14:30:00-00:00,2022-09-01,08,REDMESA_1_REDMESAWFGNODE,REDMESA_1_REDMESAWFGNODE,REDMESA_1_REDMESAWFGNODE,RTPD,MCC,LMP_CONG_PRC,REDMESA_1_REDMESAWFGNODE,ALL,1,-21.14008,2,2
2022-09-01T15:15:00-00:00,2022-09-01T15:30:00-00:00,2022-09-01,09,REDMESA_1_REDMESAWFGNODE,REDMESA_1_REDMESAWFGNODE,REDMESA_1_REDMESAWFGNODE,RTPD,MCC,LMP_CONG_PRC,REDMESA_1_REDMESAWFGNODE,ALL,1,-47.78343,2,2
2022-09-01T16:15:00-00:00,2022-09-01T16:30:00-00:00,2022-09-01,10,REDMESA_1_REDMESAWFGNODE,REDMESA_1_REDMESAWFGNODE,REDMESA_1_REDMESAWFGNODE,RTPD,MCC,LMP_CONG_PRC,REDMESA_1_REDMESAWFGNODE,ALL,1,-30.18512,2,2
2022-09-01T17:15:00-00:00,2022-09-01T17:30:00-00:00,2022-09-01,11,REDMESA_1_REDMESAWFGNODE,REDMESA_1_REDMESAWFGNODE,REDMESA_1_REDMESAWFGNODE,RTPD,MCC,LMP_CONG_PRC,REDMESA_1_REDMESAWFGNODE,ALL,1,-17.81886,2,2
2022-09-01T18:15:00-00:00,2022-09-01T18:30:00-00:00,2022-09-01,12,REDMESA_1_REDMESAWFGNODE,REDMESA_1_REDMESAWFGNODE,REDMESA_1_REDMESAWFGNODE,RTPD,MCC,LMP_CONG_PRC,REDMESA_1_REDMESAWFGNODE,ALL,1,-21.65812,2,2
2022-09-01T19:15:00-00:00,2022-09-01T19:30:00-00:00,2022-09-01,13,REDMESA_1_REDMESAWFGNODE,REDMESA_1_REDMESAWFGNODE,REDMESA_1_REDMESAWFGNODE,RTPD,MCC,LMP_CONG_PRC,REDMESA_1_REDMESAWFGNODE,ALL,1,-12.79043,2,2
2022-09-01T20:15:00-00:00,2022-09-01T20:30:00-00:00,2022-09-01,14,REDMESA_1_REDMESAWFGNODE,REDMESA_1_REDMESAWFGNODE,REDMESA_1_REDMESAWFGNODE,RTPD,MCC,LMP_CONG_PRC,REDMESA_1_REDMESAWFGNODE,ALL,1,1.83465,2,2
2022-09-01T21:15:00-00:00,2022-09-01T21:30:00-00:00,2022-09-01,15,REDMESA_1_REDMESAWFGNODE,REDMESA_1_REDMESAWFGNODE,REDMESA_1_REDMESAWFGNODE,RTPD,MCC,LMP_CONG_PRC,REDMESA_1_REDMESAWFGNODE,ALL,1,-28.24314,2,2
2022-09-01T22:15:00-00:00,2022-09-01T22:30:00-00:00,2022-09-01,16,REDMESA_1_REDMESAWFGNODE,REDMESA_1_REDMESAWFGNODE,REDMESA_1_REDMESAWFGNODE,RTPD,MCC,LMP_CONG_PRC,REDMESA_1_REDMESAWFGNODE,ALL,1,-82.84048,2,2
2022-09-01T23:15:00-00:00,2022-09-01T23:30:00-00:00,2022-09-01,17,REDMESA_1_REDMESAWFGNODE,REDMESA_1_REDMESAWFGNODE,REDMESA_1_REDMESAWFGNODE,RTPD,MCC,LMP_CONG_PRC,REDMESA_1_REDMESAWFGNODE,ALL,1,-168.75693,2,2
2022-09-02T00:15:00-00:00,2022-09-02T00:30:00-00:00,2022-09-01,18,REDMESA_1_REDMESAWFGNODE,REDMESA_1_REDMESAWFGNODE,REDMESA_1_REDMESAWFGNODE,RTPD,MCC,LMP_CONG_PRC,REDMESA_1_REDMESAWFGNODE,ALL,1,-113.14455,2,2
2022-09-02T01:15:00-00:00,2022-09-02T01:30:00-00:00,2022-09-01,19,REDMESA_1_REDMESAWFGNODE,REDMESA_1_REDMESAWFGNODE,REDMESA_1_REDMESAWFGNODE,RTPD,MCC,LMP_CONG_PRC,REDMESA_1_REDMESAWFGNODE,ALL,1,-114.004,2,2
2022-09-02T02:15:00-00:00,2022-09-02T02:30:00-00:00,2022-09-01,20,REDMESA_1_REDMESAWFGNODE,REDMESA_1_REDMESAWFGNODE,REDMESA_1_REDMESAWFGNODE,RTPD,MCC,LMP_CONG_PRC,REDMESA_1_REDMESAWFGNODE,ALL,1,-0.0024,2,2
2022-09-02T03:15:00-00:00,2022-09-02T03:30:00-00:00,2022-09-01,21,REDMESA_1_REDMESAWFGNODE,REDMESA_1_REDMESAWFGNODE,REDMESA_1_REDMESAWFGNODE,RTPD,MCC,LMP_CONG_PRC,REDMESA_1_REDMESAWFGNODE,ALL,1,-251.92613,2,2
2022-09-02T04:15:00-00:00,2022-09-02T04:30:00-00:00,2022-09-01,22,REDMESA_1_REDMESAWFGNODE,REDMESA_1_REDMESAWFGNODE,REDMESA_1_REDMESAWFGNODE,RTPD,MCC,LMP_CONG_PRC,REDMESA_1_REDMESAWFGNODE,ALL,1,-226.2804,2,2
2022-09-02T05:15:00-00:00,2022-09-02T05:30:00-00:00,2022-09-01,23,REDMESA_1_REDMESAWFGNODE,REDMESA_1_REDMESAWFGNODE,REDMESA_1_REDMESAWFGNODE,RTPD,MCC,LMP_CONG_PRC,REDMESA_1_REDMESAWFGNODE,ALL,1,-179.47626,2,2
2022-09-02T06:15:00-00:00,2022-09-02T06:30:00-00:00,2022-09-01,24,REDMESA_1_REDMESAWFGNODE,REDMESA_1_REDMESAWFGNODE,REDMESA_1_REDMESAWFGNODE,RTPD,MCC,LMP_CONG_PRC,REDMESA_1_REDMESAWFGNODE,ALL,1,-59.77703,2,2
2022-09-01T07:30:00-00:00,2022-09-01T07:45:00-00:00,2022-09-01,01,REDMESA_1_REDMESAWFGNODE,REDMESA_1_REDMESAWFGNODE,REDMESA_1_REDMESAWFGNODE,RTPD,MCC,LMP_CONG_PRC,REDMESA_1_REDMESAWFGNODE,ALL,1,10.58295,3,2
2022-09-01T08:30:00-00:00,2022-09-01T08:45:00-00:00,2022-09-01,02,REDMESA_1_REDMESAWFGNODE,REDMESA_1_REDMESAWFGNODE,REDMESA_1_REDMESAWFGNODE,RTPD,MCC,LMP_CONG_PRC,REDMESA_1_REDMESAWFGNODE,ALL,1,-0.00183,3,2
2022-09-01T09:30:00-00:00,2022-09-01T09:45:00-00:00,2022-09-01,03,REDMESA_1_REDMESAWFGNODE,REDMESA_1_REDMESAWFGNODE,REDMESA_1_REDMESAWFGNODE,RTPD,MCC,LMP_CONG_PRC,REDMESA_1_REDMESAWFGNODE,ALL,1,3.85717,3,2
2022-09-01T10:30:00-00:00,2022-09-01T10:45:00-00:00,2022-09-01,04,REDMESA_1_REDMESAWFGNODE,REDMESA_1_REDMESAWFGNODE,REDMESA_1_REDMESAWFGNODE,RTPD,MCC,LMP_CONG_PRC,REDMESA_1_REDMESAWFGNODE,ALL,1,2.08479,3,2
2022-09-01T11:30:00-00:00,2022-09-01T11:45:00-00:00,2022-09-01,05,REDMESA_1_REDMESAWFGNODE,REDMESA_1_REDMESAWFGNODE,REDMESA_1_REDMESAWFGNODE,RTPD,MCC,LMP_CONG_PRC,REDMESA_1_REDMESAWFGNODE,ALL,1,-0.004,3,2
2022-09-01T12:30:00-00:00,2022-09-01T12:45:00-00:00,2022-09-01,06,REDMESA_1_REDMESAWFGNODE,REDMESA_1_REDMESAWFGNODE,REDMESA_1_REDMESAWFGNODE,RTPD,MCC,LMP_CONG_PRC,REDMESA_1_REDMESAWFGNODE,ALL,1,7.28959,3,2
2022-09-01T13:30:00-00:00,2022-09-01T13:45:00-00:00,2022-09-01,07,REDMESA_1_REDMESAWFGNODE,REDMESA_1_REDMESAWFGNODE,REDMESA_1_REDMESAWFGNODE,RTPD,MCC,LMP_CONG_PRC,REDMESA_1_REDMESAWFGNODE,ALL,1,-1.62226,3,2
2022-09-01T14:30:00-00:00,2022-09-01T14:45:00-00:00,2022-09-01,08,REDMESA_1_REDMESAWFGNODE,REDMESA_1_REDMESAWFGNODE,REDMESA_1_REDMESAWFGNODE,RTPD,MCC,LMP_CONG_PRC,REDMESA_1_REDMESAWFGNODE,ALL,1,-15.48484,3,2
2022-09-01T15:30:00-00:00,2022-09-01T15:45:00-00:00,2022-09-01,09,REDMESA_1_REDMESAWFGNODE,REDMESA_1_REDMESAWFGNODE,REDMESA_1_REDMESAWFGNODE,RTPD,MCC,LMP_CONG_PRC,REDMESA_1_REDMESAWFGNODE,ALL,1,-59.92035,3,2
2022-09-01T16:30:00-00:00,2022-09-01T16:45:00-00:00,2022-09-01,10,REDMESA_1_REDMESAWFGNODE,REDMESA_1_REDMESAWFGNODE,REDMESA_1_REDMESAWFGNODE,RTPD,MCC,LMP_CONG_PRC,REDMESA_1_REDMESAWFGNODE,ALL,1,-15.88389,3,2
2022-09-01T17:30:00-00:00,2022-09-01T17:45:00-00:00,2022-09-01,11,REDMESA_1_REDMESAWFGNODE,REDMESA_1_REDMESAWFGNODE,REDMESA_1_REDMESAWFGNODE,RTPD,MCC,LMP_CONG_PRC,REDMESA_1_REDMESAWFGNODE,ALL,1,-14.54867,3,2
2022-09-01T18:30:00-00:00,2022-09-01T18:45:00-00:00,2022-09-01,12,REDMESA_1_REDMESAWFGNODE,REDMESA_1_REDMESAWFGNODE,REDMESA_1_REDMESAWFGNODE,RTPD,MCC,LMP_CONG_PRC,REDMESA_1_REDMESAWFGNODE,ALL,1,-19.8006,3,2
2022-09-01T19:30:00-00:00,2022-09-01T19:45:00-00:00,2022-09-01,13,REDMESA_1_REDMESAWFGNODE,REDMESA_1_REDMESAWFGNODE,REDMESA_1_REDMESAWFGNODE,RTPD,MCC,LMP_CONG_PRC,REDMESA_1_REDMESAWFGNODE,ALL,1,-21.51832,3,2
2022-09-01T20:30:00-00:00,2022-09-01T20:45:00-00:00,2022-09-01,14,REDMESA_1_REDMESAWFGNODE,REDMESA_1_REDMESAWFGNODE,REDMESA_1_REDMESAWFGNODE,RTPD,MCC,LMP_CONG_PRC,REDMESA_1_REDMESAWFGNODE,ALL,1,7.15535,3,2
2022-09-01T21:30:00-00:00,2022-09-01T21:45:00-00:00,2022-09-01,15,REDMESA_1_REDMESAWFGNODE,REDMESA_1_REDMESAWFGNODE,REDMESA_1_REDMESAWFGNODE,RTPD,MCC,LMP_CONG_PRC,REDMESA_1_REDMESAWFGNODE,ALL,1,-37.19142,3,2
2022-09-01T22:30:00-00:00,2022-09-01T22:45:00-00:00,2022-09-01,16,REDMESA_1_REDMESAWFGNODE,REDMESA_1_REDMESAWFGNODE,REDMESA_1_REDMESAWFGNODE,RTPD,MCC,LMP_CONG_PRC,REDMESA_1_REDMESAWFGNODE,ALL,1,-111.13987,3,2
2022-09-01T23:30:00-00:00,2022-09-01T23:45:00-00:00,2022-09-01,17,REDMESA_1_REDMESAWFGNODE,REDMESA_1_REDMESAWFGNODE,REDMESA_1_REDMESAWFGNODE,RTPD,MCC,LMP_CONG_PRC,REDMESA_1_REDMESAWFGNODE,ALL,1,-313.43924,3,2
2022-09-02T00:30:00-00:00,2022-09-02T00:45:00-00:00,2022-09-01,18,REDMESA_1_REDMESAWFGNODE,REDMESA_1_REDMESAWFGNODE,REDMESA_1_REDMESAWFGNODE,RTPD,MCC,LMP_CONG_PRC,REDMESA_1_REDMESAWFGNODE,ALL,1,-5.0975,3,2
2022-09-02T01:30:00-00:00,2022-09-02T01:45:00-00:00,2022-09-01,19,REDMESA_1_REDMESAWFGNODE,REDMESA_1_REDMESAWFGNODE,REDMESA_1_REDMESAWFGNODE,RTPD,MCC,LMP_CONG_PRC,REDMESA_1_REDMESAWFGNODE,ALL,1,-22.14147,3,2
2022-09-02T02:30:00-00:00,2022-09-02T02:45:00-00:00,2022-09-01,20,REDMESA_1_REDMESAWFGNODE,REDMESA_1_REDMESAWFGNODE,REDMESA_1_REDMESAWFGNODE,RTPD,MCC,LMP_CONG_PRC,REDMESA_1_REDMESAWFGNODE,ALL,1,-0.0024,3,2
2022-09-02T03:30:00-00:00,2022-09-02T03:45:00-00:00,2022-09-01,21,REDMESA_1_REDMESAWFGNODE,REDMESA_1_REDMESAWFGNODE,REDMESA_1_REDMESAWFGNODE,RTPD,MCC,LMP_CONG_PRC,REDMESA_1_REDMESAWFGNODE,ALL,1,-72.77891,3,2
2022-09-02T04:30:00-00:00,2022-09-02T04:45:00-00:00,2022-09-01,22,REDMESA_1_REDMESAWFGNODE,REDMESA_1_REDMESAWFGNODE,REDMESA_1_REDMESAWFGNODE,RTPD,MCC,LMP_CONG_PRC,REDMESA_1_REDMESAWFGNODE,ALL,1,-177.56265,3,2
2022-09-02T05:30:00-00:00,2022-09-02T05:45:00-00:00,2022-09-01,23,REDMESA_1_REDMESAWFGNODE,REDMESA_1_REDMESAWFGNODE,REDMESA_1_REDMESAWFGNODE,RTPD,MCC,LMP_CONG_PRC,REDMESA_1_REDMESAWFGNODE,ALL,1,-140.80705,3,2
2022-09-02T06:30:00-00:00,2022-09-02T06:45:00-00:00,2022-09-01,24,REDMESA_1_REDMESAWFGNODE,REDMESA_1_REDMESAWFGNODE,REDMESA_1_REDMESAWFGNODE,RTPD,MCC,LMP_CONG_PRC,REDMESA_1_REDMESAWFGNODE,ALL,1,-131.45857,3,2
2022-09-01T07:45:00-00:00,2022-09-01T08:00:00-00:00,2022-09-01,01,REDMESA_1_REDMESAWFGNODE,REDMESA_1_REDMESAWFGNODE,REDMESA_1_REDMESAWFGNODE,RTPD,MCC,LMP_CONG_PRC,REDMESA_1_REDMESAWFGNODE,ALL,1,12.10486,4,2
2022-09-01T08:45:00-00:00,2022-09-01T09:00:00-00:00,2022-09-01,02,REDMESA_1_REDMESAWFGNODE,REDMESA_1_REDMESAWFGNODE,REDMESA_1_REDMESAWFGNODE,RTPD,MCC,LMP_CONG_PRC,REDMESA_1_REDMESAWFGNODE,ALL,1,2.95314,4,2
2022-09-01T09:45:00-00:00,2022-09-01T10:00:00-00:00,2022-09-01,03,REDMESA_1_REDMESAWFGNODE,REDMESA_1_REDMESAWFGNODE,REDMESA_1_REDMESAWFGNODE,RTPD,MCC,LMP_CONG_PRC,REDMESA_1_REDMESAWFGNODE,ALL,1,3.49404,4,2
2022-09-01T10:45:00-00:00,2022-09-01T11:00:00-00:00,2022-09-01,04,REDMESA_1_REDMESAWFGNODE,REDMESA_1_REDMESAWFGNODE,REDMESA_1_REDMESAWFGNODE,RTPD,MCC,LMP_CONG_PRC,REDMESA_1_REDMESAWFGNODE,ALL,1,0.82103,4,2
2022-09-01T11:45:00-00:00,2022-09-01T12:00:00-00:00,2022-09-01,05,REDMESA_1_REDMESAWFGNODE,REDMESA_1_REDMESAWFGNODE,REDMESA_1_REDMESAWFGNODE,RTPD,MCC,LMP_CONG_PRC,REDMESA_1_REDMESAWFGNODE,ALL,1,-0.0032,4,2
2022-09-01T12:45:00-00:00,2022-09-01T13:00:00-00:00,2022-09-01,06,REDMESA_1_REDMESAWFGNODE,REDMESA_1_REDMESAWFGNODE,REDMESA_1_REDMESAWFGNODE,RTPD,MCC,LMP_CONG_PRC,REDMESA_1_REDMESAWFGNODE,ALL,1,1.64215,4,2
2022-09-01T13:45:00-00:00,2022-09-01T14:00:00-00:00,2022-09-01,07,REDMESA_1_REDMESAWFGNODE,REDMESA_1_REDMESAWFGNODE,REDMESA_1_REDMESAWFGNODE,RTPD,MCC,LMP_CONG_PRC,REDMESA_1_REDMESAWFGNODE,ALL,1,-7.704,4,2
2022-09-01T14:45:00-00:00,2022-09-01T15:00:00-00:00,2022-09-01,08,REDMESA_1_REDMESAWFGNODE,REDMESA_1_REDMESAWFGNODE,REDMESA_1_REDMESAWFGNODE,RTPD,MCC,LMP_CONG_PRC,REDMESA_1_REDMESAWFGNODE,ALL,1,-19.59027,4,2
2022-09-01T15:45:00-00:00,2022-09-01T16:00:00-00:00,2022-09-01,09,REDMESA_1_REDMESAWFGNODE,REDMESA_1_REDMESAWFGNODE,REDMESA_1_REDMESAWFGNODE,RTPD,MCC,LMP_CONG_PRC,REDMESA_1_REDMESAWFGNODE,ALL,1,-29.95942,4,2
2022-09-01T16:45:00-00:00,2022-09-01T17:00:00-00:00,2022-09-01,10,REDMESA_1_REDMESAWFGNODE,REDMESA_1_REDMESAWFGNODE,REDMESA_1_REDMESAWFGNODE,RTPD,MCC,LMP_CONG_PRC,REDMESA_1_REDMESAWFGNODE,ALL,1,-16.73338,4,2
2022-09-01T17:45:00-00:00,2022-09-01T18:00:00-00:00,2022-09-01,11,REDMESA_1_REDMESAWFGNODE,REDMESA_1_REDMESAWFGNODE,REDMESA_1_REDMESAWFGNODE,RTPD,MCC,LMP_CONG_PRC,REDMESA_1_REDMESAWFGNODE,ALL,1,-16.15389,4,2
2022-09-01T18:45:00-00:00,2022-09-01T19:00:00-00:00,2022-09-01,12,REDMESA_1_REDMESAWFGNODE,REDMESA_1_REDMESAWFGNODE,REDMESA_1_REDMESAWFGNODE,RTPD,MCC,LMP_CONG_PRC,REDMESA_1_REDMESAWFGNODE,ALL,1,-22.62904,4,2
2022-09-01T19:45:00-00:00,2022-09-01T20:00:00-00:00,2022-09-01,13,REDMESA_1_REDMESAWFGNODE,REDMESA_1_REDMESAWFGNODE,REDMESA_1_REDMESAWFGNODE,RTPD,MCC,LMP_CONG_PRC,REDMESA_1_REDMESAWFGNODE,ALL,1,-22.45931,4,2
2022-09-01T20:45:00-00:00,2022-09-01T21:00:00-00:00,2022-09-01,14,REDMESA_1_REDMESAWFGNODE,REDMESA_1_REDMESAWFGNODE,REDMESA_1_REDMESAWFGNODE,RTPD,MCC,LMP_CONG_PRC,REDMESA_1_REDMESAWFGNODE,ALL,1,-24.21765,4,2
2022-09-01T21:45:00-00:00,2022-09-01T22:00:00-00:00,2022-09-01,15,REDMESA_1_REDMESAWFGNODE,REDMESA_1_REDMESAWFGNODE,REDMESA_1_REDMESAWFGNODE,RTPD,MCC,LMP_CONG_PRC,REDMESA_1_REDMESAWFGNODE,ALL,1,-137.24782,4,2
2022-09-01T22:45:00-00:00,2022-09-01T23:00:00-00:00,2022-09-01,16,REDMESA_1_REDMESAWFGNODE,REDMESA_1_REDMESAWFGNODE,REDMESA_1_REDMESAWFGNODE,RTPD,MCC,LMP_CONG_PRC,REDMESA_1_REDMESAWFGNODE,ALL,1,-164.2909,4,2
2022-09-01T23:45:00-00:00,2022-09-02T00:00:00-00:00,2022-09-01,17,REDMESA_1_REDMESAWFGNODE,REDMESA_1_REDMESAWFGNODE,REDMESA_1_REDMESAWFGNODE,RTPD,MCC,LMP_CONG_PRC,REDMESA_1_REDMESAWFGNODE,ALL,1,-343.71286,4,2
2022-09-02T00:45:00-00:00,2022-09-02T01:00:00-00:00,2022-09-01,18,REDMESA_1_REDMESAWFGNODE,REDMESA_1_REDMESAWFGNODE,REDMESA_1_REDMESAWFGNODE,RTPD,MCC,LMP_CONG_PRC,REDMESA_1_REDMESAWFGNODE,ALL,1,-732.8675,4,2
2022-09-02T01:45:00-00:00,2022-09-02T02:00:00-00:00,2022-09-01,19,REDMESA_1_REDMESAWFGNODE,REDMESA_1_REDMESAWFGNODE,REDMESA_1_REDMESAWFGNODE,RTPD,MCC,LMP_CONG_PRC,REDMESA_1_REDMESAWFGNODE,ALL,1,-0.0024,4,2
2022-09-02T02:45:00-00:00,2022-09-02T03:00:00-00:00,2022-09-01,20,REDMESA_1_REDMESAWFGNODE,REDMESA_1_REDMESAWFGNODE,REDMESA_1_REDMESAWFGNODE,RTPD,MCC,LMP_CONG_PRC,REDMESA_1_REDMESAWFGNODE,ALL,1,-736.03827,4,2
2022-09-02T03:45:00-00:00,2022-09-02T04:00:00-00:00,2022-09-01,21,REDMESA_1_REDMESAWFGNODE,REDMESA_1_REDMESAWFGNODE,REDMESA_1_REDMESAWFGNODE,RTPD,MCC,LMP_CONG_PRC,REDMESA_1_REDMESAWFGNODE,ALL,1,-65.6551,4,2
2022-09-02T04:45:00-00:00,2022-09-02T05:00:00-00:00,2022-09-01,22,REDMESA_1_REDMESAWFGNODE,REDMESA_1_REDMESAWFGNODE,REDMESA_1_REDMESAWFGNODE,RTPD,MCC,LMP_CONG_PRC,REDMESA_1_REDMESAWFGNODE,ALL,1,-140.29572,4,2
2022-09-02T05:45:00-00:00,2022-09-02T06:00:00-00:00,2022-09-01,23,REDMESA_1_REDMESAWFGNODE,REDMESA_1_REDMESAWFGNODE,REDMESA_1_REDMESAWFGNODE,RTPD,MCC,LMP_CONG_PRC,REDMESA_1_REDMESAWFGNODE,ALL,1,-168.02843,4,2
2022-09-02T06:45:00-00:00,2022-09-02T07:00:00-00:00,2022-09-01,24,REDMESA_1_REDMESAWFGNODE,REDMESA_1_REDMESAWFGNODE,REDMESA_1_REDMESAWFGNODE,RTPD,MCC,LMP_CONG_PRC,REDMESA_1_REDMESAWFGNODE,ALL,1,-82.20325,4,2
2022-09-01T07:00:00-00:00,2022-09-01T07:15:00-00:00,2022-09-01,01,REDMESA_1_REDMESAWFGNODE,REDMESA_1_REDMESAWFGNODE,REDMESA_1_REDMESAWFGNODE,RTPD,MCE,LMP_ENE_PRC,REDMESA_1_REDMESAWFGNODE,ALL,1,104.23471,1,3
2022-09-01T08:00:00-00:00,2022-09-01T08:15:00-00:00,2022-09-01,02,REDMESA_1_REDMESAWFGNODE,REDMESA_1_REDMESAWFGNODE,REDMESA_1_REDMESAWFGNODE,RTPD,MCE,LMP_ENE_PRC,REDMESA_1_REDMESAWFGNODE,ALL,1,115.5488,1,3
2022-09-01T09:00:00-00:00,2022-09-01T09:15:00-00:00,2022-09-01,03,REDMESA_1_REDMESAWFGNODE,REDMESA_1_REDMESAWFGNODE,REDMESA_1_REDMESAWFGNODE,RTPD,MCE,LMP_ENE_PRC,REDMESA_1_REDMESAWFGNODE,ALL,1,99.73061,1,3
2022-09-01T10:00:00-00:00,2022-09-01T10:15:00-00:00,2022-09-01,04,REDMESA_1_REDMESAWFGNODE,REDMESA_1_REDMESAWFGNODE,REDMESA_1_REDMESAWFGNODE,RTPD,MCE,LMP_ENE_PRC,REDMESA_1_REDMESAWFGNODE,ALL,1,98.64222,1,3
2022-09-01T11:00:00-00:00,2022-09-01T11:15:00-00:00,2022-09-01,05,REDMESA_1_REDMESAWFGNODE,REDMESA_1_REDMESAWFGNODE,REDMESA_1_REDMESAWFGNODE,RTPD,MCE,LMP_ENE_PRC,REDMESA_1_REDMESAWFGNODE,ALL,1,102.56859,1,3
2022-09-01T12:00:00-00:00,2022-09-01T12:15:00-00:00,2022-09-01,06,REDMESA_1_REDMESAWFGNODE,REDMESA_1_REDMESAWFGNODE,REDMESA_1_REDMESAWFGNODE,RTPD,MCE,LMP_ENE_PRC,REDMESA_1_REDMESAWFGNODE,ALL,1,96.90845,1,3
2022-09-01T13:00:00-00:00,2022-09-01T13:15:00-00:00,2022-09-01,07,REDMESA_1_REDMESAWFGNODE,REDMESA_1_REDMESAWFGNODE,REDMESA_1_REDMESAWFGNODE,RTPD,MCE,LMP_ENE_PRC,REDMESA_1_REDMESAWFGNODE,ALL,1,101.80878,1,3
2022-09-01T14:00:00-00:00,2022-09-01T14:15:00-00:00,2022-09-01,08,REDMESA_1_REDMESAWFGNODE,REDMESA_1_REDMESAWFGNODE,REDMESA_1_REDMESAWFGNODE,RTPD,MCE,LMP_ENE_PRC,REDMESA_1_REDMESAWFGNODE,ALL,1,111.11219,1,3
2022-09-01T15:00:00-00:00,2022-09-01T15:15:00-00:00,2022-09-01,09,REDMESA_1_REDMESAWFGNODE,REDMESA_1_REDMESAWFGNODE,REDMESA_1_REDMESAWFGNODE,RTPD,MCE,LMP_ENE_PRC,REDMESA_1_REDMESAWFGNODE,ALL,1,97.4112,1,3
2022-09-01T16:00:00-00:00,2022-09-01T16:15:00-00:00,2022-09-01,10,REDMESA_1_REDMESAWFGNODE,REDMESA_1_REDMESAWFGNODE,REDMESA_1_REDMESAWFGNODE,RTPD,MCE,LMP_ENE_PRC,REDMESA_1_REDMESAWFGNODE,ALL,1,83.43525,1,3
2022-09-01T17:00:00-00:00,2022-09-01T17:15:00-00:00,2022-09-01,11,REDMESA_1_REDMESAWFGNODE,REDMESA_1_REDMESAWFGNODE,REDMESA_1_REDMESAWFGNODE,RTPD,MCE,LMP_ENE_PRC,REDMESA_1_REDMESAWFGNODE,ALL,1,96.94897,1,3
2022-09-01T18:00:00-00:00,2022-09-01T18:15:00-00:00,2022-09-01,12,REDMESA_1_REDMESAWFGNODE,REDMESA_1_REDMESAWFGNODE,REDMESA_1_REDMESAWFGNODE,RTPD,MCE,LMP_ENE_PRC,REDMESA_1_REDMESAWFGNODE,ALL,1,91.59291,1,3
2022-09-01T19:00:00-00:00,2022-09-01T19:15:00-00:00,2022-09-01,13,REDMESA_1_REDMESAWFGNODE,REDMESA_1_REDMESAWFGNODE,REDMESA_1_REDMESAWFGNODE,RTPD,MCE,LMP_ENE_PRC,REDMESA_1_REDMESAWFGNODE,ALL,1,109.19637,1,3
2022-09-01T20:00:00-00:00,2022-09-01T20:15:00-00:00,2022-09-01,14,REDMESA_1_REDMESAWFGNODE,REDMESA_1_REDMESAWFGNODE,REDMESA_1_REDMESAWFGNODE,RTPD,MCE,LMP_ENE_PRC,REDMESA_1_REDMESAWFGNODE,ALL,1,117.94359,1,3
2022-09-01T21:00:00-00:00,2022-09-01T21:15:00-00:00,2022-09-01,15,REDMESA_1_REDMESAWFGNODE,REDMESA_1_REDMESAWFGNODE,REDMESA_1_REDMESAWFGNODE,RTPD,MCE,LMP_ENE_PRC,REDMESA_1_REDMESAWFGNODE,ALL,1,226.61499,1,3
2022-09-01T22:00:00-00:00,2022-09-01T22:15:00-00:00,2022-09-01,16,REDMESA_1_REDMESAWFGNODE,REDMESA_1_REDMESAWFGNODE,REDMESA_1_REDMESAWFGNODE,RTPD,MCE,LMP_ENE_PRC,REDMESA_1_REDMESAWFGNODE,ALL,1,229.18552,1,3
2022-09-01T23:00:00-00:00,2022-09-01T23:15:00-00:00,2022-09-01,17,REDMESA_1_REDMESAWFGNODE,REDMESA_1_REDMESAWFGNODE,REDMESA_1_REDMESAWFGNODE,RTPD,MCE,LMP_ENE_PRC,REDMESA_1_REDMESAWFGNODE,ALL,1,386.7537,1,3
2022-09-02T00:00:00-00:00,2022-09-02T00:15:00-00:00,2022-09-01,18,REDMESA_1_REDMESAWFGNODE,REDMESA_1_REDMESAWFGNODE,REDMESA_1_REDMESAWFGNODE,RTPD,MCE,LMP_ENE_PRC,REDMESA_1_REDMESAWFGNODE,ALL,1,770.58136,1,3
2022-09-02T01:00:00-00:00,2022-09-02T01:15:00-00:00,2022-09-01,19,REDMESA_1_REDMESAWFGNODE,REDMESA_1_REDMESAWFGNODE,REDMESA_1_REDMESAWFGNODE,RTPD,MCE,LMP_ENE_PRC,REDMESA_1_REDMESAWFGNODE,ALL,1,916.27124,1,3
2022-09-02T02:00:00-00:00,2022-09-02T02:15:00-00:00,2022-09-01,20,REDMESA_1_REDMESAWFGNODE,REDMESA_1_REDMESAWFGNODE,REDMESA_1_REDMESAWFGNODE,RTPD,MCE,LMP_ENE_PRC,REDMESA_1_REDMESAWFGNODE,ALL,1,1991.6721,1,3
2022-09-02T03:00:00-00:00,2022-09-02T03:15:00-00:00,2022-09-01,21,REDMESA_1_REDMESAWFGNODE,REDMESA_1_REDMESAWFGNODE,REDMESA_1_REDMESAWFGNODE,RTPD,MCE,LMP_ENE_PRC,REDMESA_1_REDMESAWFGNODE,ALL,1,917.5508,1,3
2022-09-02T04:00:00-00:00,2022-09-02T04:15:00-00:00,2022-09-01,22,REDMESA_1_REDMESAWFGNODE,REDMESA_1_REDMESAWFGNODE,REDMESA_1_REDMESAWFGNODE,RTPD,MCE,LMP_ENE_PRC,REDMESA_1_REDMESAWFGNODE,ALL,1,257.83005,1,3
2022-09-02T05:00:00-00:00,2022-09-02T05:15:00-00:00,2022-09-01,23,REDMESA_1_REDMESAWFGNODE,REDMESA_1_REDMESAWFGNODE,REDMESA_1_REDMESAWFGNODE,RTPD,MCE,LMP_ENE_PRC,REDMESA_1_REDMESAWFGNODE,ALL,1,183.24657,1,3
2022-09-02T06:00:00-00:00,2022-09-02T06:15:00-00:00,2022-09-01,24,REDMESA_1_REDMESAWFGNODE,REDMESA_1_REDMESAWFGNODE,REDMESA_1_REDMESAWFGNODE,RTPD,MCE,LMP_ENE_PRC,REDMESA_1_REDMESAWFGNODE,ALL,1,158.867,1,3
2022-09-01T07:15:00-00:00,2022-09-01T07:30:00-00:00,2022-09-01,01,REDMESA_1_REDMESAWFGNODE,REDMESA_1_REDMESAWFGNODE,REDMESA_1_REDMESAWFGNODE,RTPD,MCE,LMP_ENE_PRC,REDMESA_1_REDMESAWFGNODE,ALL,1,125.55144,2,3
2022-09-01T08:15:00-00:00,2022-09-01T08:30:00-00:00,2022-09-01,02,REDMESA_1_REDMESAWFGNODE,REDMESA_1_REDMESAWFGNODE,REDMESA_1_REDMESAWFGNODE,RTPD,MCE,LMP_ENE_PRC,REDMESA_1_REDMESAWFGNODE,ALL,1,115.53165,2,3
2022-09-01T09:15:00-00:00,2022-09-01T09:30:00-00:00,2022-09-01,03,REDMESA_1_REDMESAWFGNODE,REDMESA_1_REDMESAWFGNODE,REDMESA_1_REDMESAWFGNODE,RTPD,MCE,LMP_ENE_PRC,REDMESA_1_REDMESAWFGNODE,ALL,1,98.30543,2,3
2022-09-01T10:15:00-00:00,2022-09-01T10:30:00-00:00,2022-09-01,04,REDMESA_1_REDMESAWFGNODE,REDMESA_1_REDMESAWFGNODE,REDMESA_1_REDMESAWFGNODE,RTPD,MCE,LMP_ENE_PRC,REDMESA_1_REDMESAWFGNODE,ALL,1,97.00684,2,3
2022-09-01T11:15:00-00:00,2022-09-01T11:30:00-00:00,2022-09-01,05,REDMESA_1_REDMESAWFGNODE,REDMESA_1_REDMESAWFGNODE,REDMESA_1_REDMESAWFGNODE,RTPD,MCE,LMP_ENE_PRC,REDMESA_1_REDMESAWFGNODE,ALL,1,103.09059,2,3
2022-09-01T12:15:00-00:00,2022-09-01T12:30:00-00:00,2022-09-01,06,REDMESA_1_REDMESAWFGNODE,REDMESA_1_REDMESAWFGNODE,REDMESA_1_REDMESAWFGNODE,RTPD,MCE,LMP_ENE_PRC,REDMESA_1_REDMESAWFGNODE,ALL,1,109.32203,2,3
2022-09-01T13:15:00-00:00,2022-09-01T13:30:00-00:00,2022-09-01,07,REDMESA_1_REDMESAWFGNODE,REDMESA_1_REDMESAWFGNODE,REDMESA_1_REDMESAWFGNODE,RTPD,MCE,LMP_ENE_PRC,REDMESA_1_REDMESAWFGNODE,ALL,1,110.97827,2,3
2022-09-01T14:15:00-00:00,2022-09-01T14:30:00-00:00,2022-09-01,08,REDMESA_1_REDMESAWFGNODE,REDMESA_1_REDMESAWFGNODE,REDMESA_1_REDMESAWFGNODE,RTPD,MCE,LMP_ENE_PRC,REDMESA_1_REDMESAWFGNODE,ALL,1,104.78743,2,3
2022-09-01T15:15:00-00:00,2022-09-01T15:30:00-00:00,2022-09-01,09,REDMESA_1_REDMESAWFGNODE,REDMESA_1_REDMESAWFGNODE,REDMESA_1_REDMESAWFGNODE,RTPD,MCE,LMP_ENE_PRC,REDMESA_1_REDMESAWFGNODE,ALL,1,86.9388,2,3
2022-09-01T16:15:00-00:00,2022-09-01T16:30:00-00:00,2022-09-01,10,REDMESA_1_REDMESAWFGNODE,REDMESA_1_REDMESAWFGNODE,REDMESA_1_REDMESAWFGNODE,RTPD,MCE,LMP_ENE_PRC,REDMESA_1_REDMESAWFGNODE,ALL,1,89.44858,2,3
2022-09-01T17:15:00-00:00,2022-09-01T17:30:00-00:00,2022-09-01,11,REDMESA_1_REDMESAWFGNODE,REDMESA_1_REDMESAWFGNODE,REDMESA_1_REDMESAWFGNODE,RTPD,MCE,LMP_ENE_PRC,REDMESA_1_REDMESAWFGNODE,ALL,1,99.34673,2,3
2022-09-01T18:15:00-00:00,2022-09-01T18:30:00-00:00,2022-09-01,12,REDMESA_1_REDMESAWFGNODE,REDMESA_1_REDMESAWFGNODE,REDMESA_1_REDMESAWFGNODE,RTPD,MCE,LMP_ENE_PRC,REDMESA_1_REDMESAWFGNODE,ALL,1,101.15901,2,3
2022-09-01T19:15:00-00:00,2022-09-01T19:30:00-00:00,2022-09-01,13,REDMESA_1_REDMESAWFGNODE,REDMESA_1_REDMESAWFGNODE,REDMESA_1_REDMESAWFGNODE,RTPD,MCE,LMP_ENE_PRC,REDMESA_1_REDMESAWFGNODE,ALL,1,105.30588,2,3
2022-09-01T20:15:00-00:00,2022-09-01T20:30:00-00:00,2022-09-01,14,REDMESA_1_REDMESAWFGNODE,REDMESA_1_REDMESAWFGNODE,REDMESA_1_REDMESAWFGNODE,RTPD,MCE,LMP_ENE_PRC,REDMESA_1_REDMESAWFGNODE,ALL,1,117.49421,2,3
2022-09-01T21:15:00-00:00,2022-09-01T21:30:00-00:00,2022-09-01,15,REDMESA_1_REDMESAWFGNODE,REDMESA_1_REDMESAWFGNODE,REDMESA_1_REDMESAWFGNODE,RTPD,MCE,LMP_ENE_PRC,REDMESA_1_REDMESAWFGNODE,ALL,1,147.21185,2,3
2022-09-01T22:15:00-00:00,2022-09-01T22:30:00-00:00,2022-09-01,16,REDMESA_1_REDMESAWFGNODE,REDMESA_1_REDMESAWFGNODE,REDMESA_1_REDMESAWFGNODE,RTPD,MCE,LMP_ENE_PRC,REDMESA_1_REDMESAWFGNODE,ALL,1,256.58734,2,3
2022-09-01T23:15:00-00:00,2022-09-01T23:30:00-00:00,2022-09-01,17,REDMESA_1_REDMESAWFGNODE,REDMESA_1_REDMESAWFGNODE,REDMESA_1_REDMESAWFGNODE,RTPD,MCE,LMP_ENE_PRC,REDMESA_1_REDMESAWFGNODE,ALL,1,362.12408,2,3
2022-09-02T00:15:00-00:00,2022-09-02T00:30:00-00:00,2022-09-01,18,REDMESA_1_REDMESAWFGNODE,REDMESA_1_REDMESAWFGNODE,REDMESA_1_REDMESAWFGNODE,RTPD,MCE,LMP_ENE_PRC,REDMESA_1_REDMESAWFGNODE,ALL,1,691.2182,2,3
2022-09-02T01:15:00-00:00,2022-09-02T01:30:00-00:00,2022-09-01,19,REDMESA_1_REDMESAWFGNODE,REDMESA_1_REDMESAWFGNODE,REDMESA_1_REDMESAWFGNODE,RTPD,MCE,LMP_ENE_PRC,REDMESA_1_REDMESAWFGNODE,ALL,1,1999.9933,2,3
2022-09-02T02:15:00-00:00,2022-09-02T02:30:00-00:00,2022-09-01,20,REDMESA_1_REDMESAWFGNODE,REDMESA_1_REDMESAWFGNODE,REDMESA_1_REDMESAWFGNODE,RTPD,MCE,LMP_ENE_PRC,REDMESA_1_REDMESAWFGNODE,ALL,1,1991.6721,2,3
2022-09-02T03:15:00-00:00,2022-09-02T03:30:00-00:00,2022-09-01,21,REDMESA_1_REDMESAWFGNODE,REDMESA_1_REDMESAWFGNODE,REDMESA_1_REDMESAWFGNODE,RTPD,MCE,LMP_ENE_PRC,REDMESA_1_REDMESAWFGNODE,ALL,1,400.52884,2,3
2022-09-02T04:15:00-00:00,2022-09-02T04:30:00-00:00,2022-09-01,22,REDMESA_1_REDMESAWFGNODE,REDMESA_1_REDMESAWFGNODE,REDMESA_1_REDMESAWFGNODE,RTPD,MCE,LMP_ENE_PRC,REDMESA_1_REDMESAWFGNODE,ALL,1,224.75041,2,3
2022-09-02T05:15:00-00:00,2022-09-02T05:30:00-00:00,2022-09-01,23,REDMESA_1_REDMESAWFGNODE,REDMESA_1_REDMESAWFGNODE,REDMESA_1_REDMESAWFGNODE,RTPD,MCE,LMP_ENE_PRC,REDMESA_1_REDMESAWFGNODE,ALL,1,157.11986,2,3
2022-09-02T06:15:00-00:00,2022-09-02T06:30:00-00:00,2022-09-01,24,REDMESA_1_REDMESAWFGNODE,REDMESA_1_REDMESAWFGNODE,REDMESA_1_REDMESAWFGNODE,RTPD,MCE,LMP_ENE_PRC,REDMESA_1_REDMESAWFGNODE,ALL,1,143.1005,2,3
2022-09-01T07:30:00-00:00,2022-09-01T07:45:00-00:00,2022-09-01,01,REDMESA_1_REDMESAWFGNODE,REDMESA_1_REDMESAWFGNODE,REDMESA_1_REDMESAWFGNODE,RTPD,MCE,LMP_ENE_PRC,REDMESA_1_REDMESAWFGNODE,ALL,1,119.03196,3,3
2022-09-01T08:30:00-00:00,2022-09-01T08:45:00-00:00,2022-09-01,02,REDMESA_1_REDMESAWFGNODE,REDMESA_1_REDMESAWFGNODE,REDMESA_1_REDMESAWFGNODE,RTPD,MCE,LMP_ENE_PRC,REDMESA_1_REDMESAWFGNODE,ALL,1,111.11241,3,3
2022-09-01T09:30:00-00:00,2022-09-01T09:45:00-00:00,2022-09-01,03,REDMESA_1_REDMESAWFGNODE,REDMESA_1_REDMESAWFGNODE,REDMESA_1_REDMESAWFGNODE,RTPD,MCE,LMP_ENE_PRC,REDMESA_1_REDMESAWFGNODE,ALL,1,98.16228,3,3
2022-09-01T10:30:00-00:00,2022-09-01T10:45:00-00:00,2022-09-01,04,REDMESA_1_REDMESAWFGNODE,REDMESA_1_REDMESAWFGNODE,REDMESA_1_REDMESAWFGNODE,RTPD,MCE,LMP_ENE_PRC,REDMESA_1_REDMESAWFGNODE,ALL,1,96.36226,3,3
2022-09-01T11:30:00-00:00,2022-09-01T11:45:00-00:00,2022-09-01,05,REDMESA_1_REDMESAWFGNODE,REDMESA_1_REDMESAWFGNODE,REDMESA_1_REDMESAWFGNODE,RTPD,MCE,LMP_ENE_PRC,REDMESA_1_REDMESAWFGNODE,ALL,1,103.06198,3,3
2022-09-01T12:30:00-00:00,2022-09-01T12:45:00-00:00,2022-09-01,06,REDMESA_1_REDMESAWFGNODE,REDMESA_1_REDMESAWFGNODE,REDMESA_1_REDMESAWFGNODE,RTPD,MCE,LMP_ENE_PRC,REDMESA_1_REDMESAWFGNODE,ALL,1,113.57403,3,3
2022-09-01T13:30:00-00:00,2022-09-01T13:45:00-00:00,2022-09-01,07,REDMESA_1_REDMESAWFGNODE,REDMESA_1_REDMESAWFGNODE,REDMESA_1_REDMESAWFGNODE,RTPD,MCE,LMP_ENE_PRC,REDMESA_1_REDMESAWFGNODE,ALL,1,111.52025,3,3
2022-09-01T14:30:00-00:00,2022-09-01T14:45:00-00:00,2022-09-01,08,REDMESA_1_REDMESAWFGNODE,REDMESA_1_REDMESAWFGNODE,REDMESA_1_REDMESAWFGNODE,RTPD,MCE,LMP_ENE_PRC,REDMESA_1_REDMESAWFGNODE,ALL,1,101.83428,3,3
2022-09-01T15:30:00-00:00,2022-09-01T15:45:00-00:00,2022-09-01,09,REDMESA_1_REDMESAWFGNODE,REDMESA_1_REDMESAWFGNODE,REDMESA_1_REDMESAWFGNODE,RTPD,MCE,LMP_ENE_PRC,REDMESA_1_REDMESAWFGNODE,ALL,1,86.1388,3,3
2022-09-01T16:30:00-00:00,2022-09-01T16:45:00-00:00,2022-09-01,10,REDMESA_1_REDMESAWFGNODE,REDMESA_1_REDMESAWFGNODE,REDMESA_1_REDMESAWFGNODE,RTPD,MCE,LMP_ENE_PRC,REDMESA_1_REDMESAWFGNODE,ALL,1,88.79644,3,3
2022-09-01T17:30:00-00:00,2022-09-01T17:45:00-00:00,2022-09-01,11,REDMESA_1_REDMESAWFGNODE,REDMESA_1_REDMESAWFGNODE,REDMESA_1_REDMESAWFGNODE,RTPD,MCE,LMP_ENE_PRC,REDMESA_1_REDMESAWFGNODE,ALL,1,99.13013,3,3
2022-09-01T18:30:00-00:00,2022-09-01T18:45:00-00:00,2022-09-01,12,REDMESA_1_REDMESAWFGNODE,REDMESA_1_REDMESAWFGNODE,REDMESA_1_REDMESAWFGNODE,RTPD,MCE,LMP_ENE_PRC,REDMESA_1_REDMESAWFGNODE,ALL,1,107.05718,3,3
2022-09-01T19:30:00-00:00,2022-09-01T19:45:00-00:00,2022-09-01,13,REDMESA_1_REDMESAWFGNODE,REDMESA_1_REDMESAWFGNODE,REDMESA_1_REDMESAWFGNODE,RTPD,MCE,LMP_ENE_PRC,REDMESA_1_REDMESAWFGNODE,ALL,1,114.05905,3,3
2022-09-01T20:30:00-00:00,2022-09-01T20:45:00-00:00,2022-09-01,14,REDMESA_1_REDMESAWFGNODE,REDMESA_1_REDMESAWFGNODE,REDMESA_1_REDMESAWFGNODE,RTPD,MCE,LMP_ENE_PRC,REDMESA_1_REDMESAWFGNODE,ALL,1,129.81606,3,3
2022-09-01T21:30:00-00:00,2022-09-01T21:45:00-00:00,2022-09-01,15,REDMESA_1_REDMESAWFGNODE,REDMESA_1_REDMESAWFGNODE,REDMESA_1_REDMESAWFGNODE,RTPD,MCE,LMP_ENE_PRC,REDMESA_1_REDMESAWFGNODE,ALL,1,152.93057,3,3
2022-09-01T22:30:00-00:00,2022-09-01T22:45:00-00:00,2022-09-01,16,REDMESA_1_REDMESAWFGNODE,REDMESA_1_REDMESAWFGNODE,REDMESA_1_REDMESAWFGNODE,RTPD,MCE,LMP_ENE_PRC,REDMESA_1_REDMESAWFGNODE,ALL,1,283.18182,3,3
2022-09-01T23:30:00-00:00,2022-09-01T23:45:00-00:00,2022-09-01,17,REDMESA_1_REDMESAWFGNODE,REDMESA_1_REDMESAWFGNODE,REDMESA_1_REDMESAWFGNODE,RTPD,MCE,LMP_ENE_PRC,REDMESA_1_REDMESAWFGNODE,ALL,1,566.48157,3,3
2022-09-02T00:30:00-00:00,2022-09-02T00:45:00-00:00,2022-09-01,18,REDMESA_1_REDMESAWFGNODE,REDMESA_1_REDMESAWFGNODE,REDMESA_1_REDMESAWFGNODE,RTPD,MCE,LMP_ENE_PRC,REDMESA_1_REDMESAWFGNODE,ALL,1,1329.1127,3,3
2022-09-02T01:30:00-00:00,2022-09-02T01:45:00-00:00,2022-09-01,19,REDMESA_1_REDMESAWFGNODE,REDMESA_1_REDMESAWFGNODE,REDMESA_1_REDMESAWFGNODE,RTPD,MCE,LMP_ENE_PRC,REDMESA_1_REDMESAWFGNODE,ALL,1,1999.9956,3,3
2022-09-02T02:30:00-00:00,2022-09-02T02:45:00-00:00,2022-09-01,20,REDMESA_1_REDMESAWFGNODE,REDMESA_1_REDMESAWFGNODE,REDMESA_1_REDMESAWFGNODE,RTPD,MCE,LMP_ENE_PRC,REDMESA_1_REDMESAWFGNODE,ALL,1,1991.671,3,3
2022-09-02T03:30:00-00:00,2022-09-02T03:45:00-00:00,2022-09-01,21,REDMESA_1_REDMESAWFGNODE,REDMESA_1_REDMESAWFGNODE,REDMESA_1_REDMESAWFGNODE,RTPD,MCE,LMP_ENE_PRC,REDMESA_1_REDMESAWFGNODE,ALL,1,186.61823,3,3
2022-09-02T04:30:00-00:00,2022-09-02T04:45:00-00:00,2022-09-01,22,REDMESA_1_REDMESAWFGNODE,REDMESA_1_REDMESAWFGNODE,REDMESA_1_REDMESAWFGNODE,RTPD,MCE,LMP_ENE_PRC,REDMESA_1_REDMESAWFGNODE,ALL,1,180.67824,3,3
2022-09-02T05:30:00-00:00,2022-09-02T05:45:00-00:00,2022-09-01,23,REDMESA_1_REDMESAWFGNODE,REDMESA_1_REDMESAWFGNODE,REDMESA_1_REDMESAWFGNODE,RTPD,MCE,LMP_ENE_PRC,REDMESA_1_REDMESAWFGNODE,ALL,1,131.69917,3,3
2022-09-02T06:30:00-00:00,2022-09-02T06:45:00-00:00,2022-09-01,24,REDMESA_1_REDMESAWFGNODE,REDMESA_1_REDMESAWFGNODE,REDMESA_1_REDMESAWFGNODE,RTPD,MCE,LMP_ENE_PRC,REDMESA_1_REDMESAWFGNODE,ALL,1,128.9871,3,3
2022-09-01T07:45:00-00:00,2022-09-01T08:00:00-00:00,2022-09-01,01,REDMESA_1_REDMESAWFGNODE,REDMESA_1_REDMESAWFGNODE,REDMESA_1_REDMESAWFGNODE,RTPD,MCE,LMP_ENE_PRC,REDMESA_1_REDMESAWFGNODE,ALL,1,109.12099,4,3
2022-09-01T08:45:00-00:00,2022-09-01T09:00:00-00:00,2022-09-01,02,REDMESA_1_REDMESAWFGNODE,REDMESA_1_REDMESAWFGNODE,REDMESA_1_REDMESAWFGNODE,RTPD,MCE,LMP_ENE_PRC,REDMESA_1_REDMESAWFGNODE,ALL,1,98.7357,4,3
2022-09-01T09:45:00-00:00,2022-09-01T10:00:00-00:00,2022-09-01,03,REDMESA_1_REDMESAWFGNODE,REDMESA_1_REDMESAWFGNODE,REDMESA_1_REDMESAWFGNODE,RTPD,MCE,LMP_ENE_PRC,REDMESA_1_REDMESAWFGNODE,ALL,1,97.50475,4,3
2022-09-01T10:45:00-00:00,2022-09-01T11:00:00-00:00,2022-09-01,04,REDMESA_1_REDMESAWFGNODE,REDMESA_1_REDMESAWFGNODE,REDMESA_1_REDMESAWFGNODE,RTPD,MCE,LMP_ENE_PRC,REDMESA_1_REDMESAWFGNODE,ALL,1,94.71966,4,3
2022-09-01T11:45:00-00:00,2022-09-01T12:00:00-00:00,2022-09-01,05,REDMESA_1_REDMESAWFGNODE,REDMESA_1_REDMESAWFGNODE,REDMESA_1_REDMESAWFGNODE,RTPD,MCE,LMP_ENE_PRC,REDMESA_1_REDMESAWFGNODE,ALL,1,107.01,4,3
2022-09-01T12:45:00-00:00,2022-09-01T13:00:00-00:00,2022-09-01,06,REDMESA_1_REDMESAWFGNODE,REDMESA_1_REDMESAWFGNODE,REDMESA_1_REDMESAWFGNODE,RTPD,MCE,LMP_ENE_PRC,REDMESA_1_REDMESAWFGNODE,ALL,1,116.4848,4,3
2022-09-01T13:45:00-00:00,2022-09-01T14:00:00-00:00,2022-09-01,07,REDMESA_1_REDMESAWFGNODE,REDMESA_1_REDMESAWFGNODE,REDMESA_1_REDMESAWFGNODE,RTPD,MCE,LMP_ENE_PRC,REDMESA_1_REDMESAWFGNODE,ALL,1,111.41,4,3
2022-09-01T14:45:00-00:00,2022-09-01T15:00:00-00:00,2022-09-01,08,REDMESA_1_REDMESAWFGNODE,REDMESA_1_REDMESAWFGNODE,REDMESA_1_REDMESAWFGNODE,RTPD,MCE,LMP_ENE_PRC,REDMESA_1_REDMESAWFGNODE,ALL,1,86.1388,4,3
2022-09-01T15:45:00-00:00,2022-09-01T16:00:00-00:00,2022-09-01,09,REDMESA_1_REDMESAWFGNODE,REDMESA_1_REDMESAWFGNODE,REDMESA_1_REDMESAWFGNODE,RTPD,MCE,LMP_ENE_PRC,REDMESA_1_REDMESAWFGNODE,ALL,1,78.70076,4,3
2022-09-01T16:45:00-00:00,2022-09-01T17:00:00-00:00,2022-09-01,10,REDMESA_1_REDMESAWFGNODE,REDMESA_1_REDMESAWFGNODE,REDMESA_1_REDMESAWFGNODE,RTPD,MCE,LMP_ENE_PRC,REDMESA_1_REDMESAWFGNODE,ALL,1,91.24933,4,3
2022-09-01T17:45:00-00:00,2022-09-01T18:00:00-00:00,2022-09-01,11,REDMESA_1_REDMESAWFGNODE,REDMESA_1_REDMESAWFGNODE,REDMESA_1_REDMESAWFGNODE,RTPD,MCE,LMP_ENE_PRC,REDMESA_1_REDMESAWFGNODE,ALL,1,99.20544,4,3
2022-09-01T18:45:00-00:00,2022-09-01T19:00:00-00:00,2022-09-01,12,REDMESA_1_REDMESAWFGNODE,REDMESA_1_REDMESAWFGNODE,REDMESA_1_REDMESAWFGNODE,RTPD,MCE,LMP_ENE_PRC,REDMESA_1_REDMESAWFGNODE,ALL,1,109.04064,4,3
2022-09-01T19:45:00-00:00,2022-09-01T20:00:00-00:00,2022-09-01,13,REDMESA_1_REDMESAWFGNODE,REDMESA_1_REDMESAWFGNODE,REDMESA_1_REDMESAWFGNODE,RTPD,MCE,LMP_ENE_PRC,REDMESA_1_REDMESAWFGNODE,ALL,1,120.22491,4,3
2022-09-01T20:45:00-00:00,2022-09-01T21:00:00-00:00,2022-09-01,14,REDMESA_1_REDMESAWFGNODE,REDMESA_1_REDMESAWFGNODE,REDMESA_1_REDMESAWFGNODE,RTPD,MCE,LMP_ENE_PRC,REDMESA_1_REDMESAWFGNODE,ALL,1,154.02509,4,3
2022-09-01T21:45:00-00:00,2022-09-01T22:00:00-00:00,2022-09-01,15,REDMESA_1_REDMESAWFGNODE,REDMESA_1_REDMESAWFGNODE,REDMESA_1_REDMESAWFGNODE,RTPD,MCE,LMP_ENE_PRC,REDMESA_1_REDMESAWFGNODE,ALL,1,300.29376,4,3
2022-09-01T22:45:00-00:00,2022-09-01T23:00:00-00:00,2022-09-01,16,REDMESA_1_REDMESAWFGNODE,REDMESA_1_REDMESAWFGNODE,REDMESA_1_REDMESAWFGNODE,RTPD,MCE,LMP_ENE_PRC,REDMESA_1_REDMESAWFGNODE,ALL,1,429.9137,4,3
2022-09-01T23:45:00-00:00,2022-09-02T00:00:00-00:00,2022-09-01,17,REDMESA_1_REDMESAWFGNODE,REDMESA_1_REDMESAWFGNODE,REDMESA_1_REDMESAWFGNODE,RTPD,MCE,LMP_ENE_PRC,REDMESA_1_REDMESAWFGNODE,ALL,1,1261.2124,4,3
2022-09-02T00:45:00-00:00,2022-09-02T01:00:00-00:00,2022-09-01,18,REDMESA_1_REDMESAWFGNODE,REDMESA_1_REDMESAWFGNODE,REDMESA_1_REDMESAWFGNODE,RTPD,MCE,LMP_ENE_PRC,REDMESA_1_REDMESAWFGNODE,ALL,1,1519.149,4,3
2022-09-02T01:45:00-00:00,2022-09-02T02:00:00-00:00,2022-09-01,19,REDMESA_1_REDMESAWFGNODE,REDMESA_1_REDMESAWFGNODE,REDMESA_1_REDMESAWFGNODE,RTPD,MCE,LMP_ENE_PRC,REDMESA_1_REDMESAWFGNODE,ALL,1,1991.9337,4,3
2022-09-02T02:45:00-00:00,2022-09-02T03:00:00-00:00,2022-09-01,20,REDMESA_1_REDMESAWFGNODE,REDMESA_1_REDMESAWFGNODE,REDMESA_1_REDMESAWFGNODE,RTPD,MCE,LMP_ENE_PRC,REDMESA_1_REDMESAWFGNODE,ALL,1,1629.6213,4,3
2022-09-02T03:45:00-00:00,2022-09-02T04:00:00-00:00,2022-09-01,21,REDMESA_1_REDMESAWFGNODE,REDMESA_1_REDMESAWFGNODE,REDMESA_1_REDMESAWFGNODE,RTPD,MCE,LMP_ENE_PRC,REDMESA_1_REDMESAWFGNODE,ALL,1,141.13702,4,3
2022-09-02T04:45:00-00:00,2022-09-02T05:00:00-00:00,2022-09-01,22,REDMESA_1_REDMESAWFGNODE,REDMESA_1_REDMESAWFGNODE,REDMESA_1_REDMESAWFGNODE,RTPD,MCE,LMP_ENE_PRC,REDMESA_1_REDMESAWFGNODE,ALL,1,126.76372,4,3
2022-09-02T05:45:00-00:00,2022-09-02T06:00:00-00:00,2022-09-01,23,REDMESA_1_REDMESAWFGNODE,REDMESA_1_REDMESAWFGNODE,REDMESA_1_REDMESAWFGNODE,RTPD,MCE,LMP_ENE_PRC,REDMESA_1_REDMESAWFGNODE,ALL,1,119.00958,4,3
2022-09-02T06:45:00-00:00,2022-09-02T07:00:00-00:00,2022-09-01,24,REDMESA_1_REDMESAWFGNODE,REDMESA_1_REDMESAWFGNODE,REDMESA_1_REDMESAWFGNODE,RTPD,MCE,LMP_ENE_PRC,REDMESA_1_REDMESAWFGNODE,ALL,1,109.20324,4,3
2022-09-01T07:00:00-00:00,2022-09-01T07:15:00-00:00,2022-09-01,01,REDMESA_1_REDMESAWFGNODE,REDMESA_1_REDMESAWFGNODE,REDMESA_1_REDMESAWFGNODE,RTPD,MCL,LMP_LOSS_PRC,REDMESA_1_REDMESAWFGNODE,ALL,1,-1.45668,1,4
2022-09-01T08:00:00-00:00,2022-09-01T08:15:00-00:00,2022-09-01,02,REDMESA_1_REDMESAWFGNODE,REDMESA_1_REDMESAWFGNODE,REDMESA_1_REDMESAWFGNODE,RTPD,MCL,LMP_LOSS_PRC,REDMESA_1_REDMESAWFGNODE,ALL,1,0,1,4
2022-09-01T09:00:00-00:00,2022-09-01T09:15:00-00:00,2022-09-01,03,REDMESA_1_REDMESAWFGNODE,REDMESA_1_REDMESAWFGNODE,REDMESA_1_REDMESAWFGNODE,RTPD,MCL,LMP_LOSS_PRC,REDMESA_1_REDMESAWFGNODE,ALL,1,-3.09076,1,4
2022-09-01T10:00:00-00:00,2022-09-01T10:15:00-00:00,2022-09-01,04,REDMESA_1_REDMESAWFGNODE,REDMESA_1_REDMESAWFGNODE,REDMESA_1_REDMESAWFGNODE,RTPD,MCL,LMP_LOSS_PRC,REDMESA_1_REDMESAWFGNODE,ALL,1,-2.52724,1,4
2022-09-01T11:00:00-00:00,2022-09-01T11:15:00-00:00,2022-09-01,05,REDMESA_1_REDMESAWFGNODE,REDMESA_1_REDMESAWFGNODE,REDMESA_1_REDMESAWFGNODE,RTPD,MCL,LMP_LOSS_PRC,REDMESA_1_REDMESAWFGNODE,ALL,1,-2.78618,1,4
2022-09-01T12:00:00-00:00,2022-09-01T12:15:00-00:00,2022-09-01,06,REDMESA_1_REDMESAWFGNODE,REDMESA_1_REDMESAWFGNODE,REDMESA_1_REDMESAWFGNODE,RTPD,MCL,LMP_LOSS_PRC,REDMESA_1_REDMESAWFGNODE,ALL,1,-2.48745,1,4
2022-09-01T13:00:00-00:00,2022-09-01T13:15:00-00:00,2022-09-01,07,REDMESA_1_REDMESAWFGNODE,REDMESA_1_REDMESAWFGNODE,REDMESA_1_REDMESAWFGNODE,RTPD,MCL,LMP_LOSS_PRC,REDMESA_1_REDMESAWFGNODE,ALL,1,0,1,4
2022-09-01T14:00:00-00:00,2022-09-01T14:15:00-00:00,2022-09-01,08,REDMESA_1_REDMESAWFGNODE,REDMESA_1_REDMESAWFGNODE,REDMESA_1_REDMESAWFGNODE,RTPD,MCL,LMP_LOSS_PRC,REDMESA_1_REDMESAWFGNODE,ALL,1,-5.43385,1,4
2022-09-01T15:00:00-00:00,2022-09-01T15:15:00-00:00,2022-09-01,09,REDMESA_1_REDMESAWFGNODE,REDMESA_1_REDMESAWFGNODE,REDMESA_1_REDMESAWFGNODE,RTPD,MCL,LMP_LOSS_PRC,REDMESA_1_REDMESAWFGNODE,ALL,1,0,1,4
2022-09-01T16:00:00-00:00,2022-09-01T16:15:00-00:00,2022-09-01,10,REDMESA_1_REDMESAWFGNODE,REDMESA_1_REDMESAWFGNODE,REDMESA_1_REDMESAWFGNODE,RTPD,MCL,LMP_LOSS_PRC,REDMESA_1_REDMESAWFGNODE,ALL,1,0,1,4
2022-09-01T17:00:00-00:00,2022-09-01T17:15:00-00:00,2022-09-01,11,REDMESA_1_REDMESAWFGNODE,REDMESA_1_REDMESAWFGNODE,REDMESA_1_REDMESAWFGNODE,RTPD,MCL,LMP_LOSS_PRC,REDMESA_1_REDMESAWFGNODE,ALL,1,0,1,4
2022-09-01T18:00:00-00:00,2022-09-01T18:15:00-00:00,2022-09-01,12,REDMESA_1_REDMESAWFGNODE,REDMESA_1_REDMESAWFGNODE,REDMESA_1_REDMESAWFGNODE,RTPD,MCL,LMP_LOSS_PRC,REDMESA_1_REDMESAWFGNODE,ALL,1,0,1,4
2022-09-01T19:00:00-00:00,2022-09-01T19:15:00-00:00,2022-09-01,13,REDMESA_1_REDMESAWFGNODE,REDMESA_1_REDMESAWFGNODE,REDMESA_1_REDMESAWFGNODE,RTPD,MCL,LMP_LOSS_PRC,REDMESA_1_REDMESAWFGNODE,ALL,1,0,1,4
2022-09-01T20:00:00-00:00,2022-09-01T20:15:00-00:00,2022-09-01,14,REDMESA_1_REDMESAWFGNODE,REDMESA_1_REDMESAWFGNODE,REDMESA_1_REDMESAWFGNODE,RTPD,MCL,LMP_LOSS_PRC,REDMESA_1_REDMESAWFGNODE,ALL,1,0,1,4
2022-09-01T21:00:00-00:00,2022-09-01T21:15:00-00:00,2022-09-01,15,REDMESA_1_REDMESAWFGNODE,REDMESA_1_REDMESAWFGNODE,REDMESA_1_REDMESAWFGNODE,RTPD,MCL,LMP_LOSS_PRC,REDMESA_1_REDMESAWFGNODE,ALL,1,0,1,4
2022-09-01T22:00:00-00:00,2022-09-01T22:15:00-00:00,2022-09-01,16,REDMESA_1_REDMESAWFGNODE,REDMESA_1_REDMESAWFGNODE,REDMESA_1_REDMESAWFGNODE,RTPD,MCL,LMP_LOSS_PRC,REDMESA_1_REDMESAWFGNODE,ALL,1,0,1,4
2022-09-01T23:00:00-00:00,2022-09-01T23:15:00-00:00,2022-09-01,17,REDMESA_1_REDMESAWFGNODE,REDMESA_1_REDMESAWFGNODE,REDMESA_1_REDMESAWFGNODE,RTPD,MCL,LMP_LOSS_PRC,REDMESA_1_REDMESAWFGNODE,ALL,1,0,1,4
2022-09-02T00:00:00-00:00,2022-09-02T00:15:00-00:00,2022-09-01,18,REDMESA_1_REDMESAWFGNODE,REDMESA_1_REDMESAWFGNODE,REDMESA_1_REDMESAWFGNODE,RTPD,MCL,LMP_LOSS_PRC,REDMESA_1_REDMESAWFGNODE,ALL,1,-73.49453,1,4
2022-09-02T01:00:00-00:00,2022-09-02T01:15:00-00:00,2022-09-01,19,REDMESA_1_REDMESAWFGNODE,REDMESA_1_REDMESAWFGNODE,REDMESA_1_REDMESAWFGNODE,RTPD,MCL,LMP_LOSS_PRC,REDMESA_1_REDMESAWFGNODE,ALL,1,0,1,4
2022-09-02T02:00:00-00:00,2022-09-02T02:15:00-00:00,2022-09-01,20,REDMESA_1_REDMESAWFGNODE,REDMESA_1_REDMESAWFGNODE,REDMESA_1_REDMESAWFGNODE,RTPD,MCL,LMP_LOSS_PRC,REDMESA_1_REDMESAWFGNODE,ALL,1,0,1,4
2022-09-02T03:00:00-00:00,2022-09-02T03:15:00-00:00,2022-09-01,21,REDMESA_1_REDMESAWFGNODE,REDMESA_1_REDMESAWFGNODE,REDMESA_1_REDMESAWFGNODE,RTPD,MCL,LMP_LOSS_PRC,REDMESA_1_REDMESAWFGNODE,ALL,1,-74.80738,1,4
2022-09-02T04:00:00-00:00,2022-09-02T04:15:00-00:00,2022-09-01,22,REDMESA_1_REDMESAWFGNODE,REDMESA_1_REDMESAWFGNODE,REDMESA_1_REDMESAWFGNODE,RTPD,MCL,LMP_LOSS_PRC,REDMESA_1_REDMESAWFGNODE,ALL,1,-17.0398,1,4
2022-09-02T05:00:00-00:00,2022-09-02T05:15:00-00:00,2022-09-01,23,REDMESA_1_REDMESAWFGNODE,REDMESA_1_REDMESAWFGNODE,REDMESA_1_REDMESAWFGNODE,RTPD,MCL,LMP_LOSS_PRC,REDMESA_1_REDMESAWFGNODE,ALL,1,-15.40941,1,4
2022-09-02T06:00:00-00:00,2022-09-02T06:15:00-00:00,2022-09-01,24,REDMESA_1_REDMESAWFGNODE,REDMESA_1_REDMESAWFGNODE,REDMESA_1_REDMESAWFGNODE,RTPD,MCL,LMP_LOSS_PRC,REDMESA_1_REDMESAWFGNODE,ALL,1,-13.3837,1,4
2022-09-01T07:15:00-00:00,2022-09-01T07:30:00-00:00,2022-09-01,01,REDMESA_1_REDMESAWFGNODE,REDMESA_1_REDMESAWFGNODE,REDMESA_1_REDMESAWFGNODE,RTPD,MCL,LMP_LOSS_PRC,REDMESA_1_REDMESAWFGNODE,ALL,1,0,2,4
2022-09-01T08:15:00-00:00,2022-09-01T08:30:00-00:00,2022-09-01,02,REDMESA_1_REDMESAWFGNODE,REDMESA_1_REDMESAWFGNODE,REDMESA_1_REDMESAWFGNODE,RTPD,MCL,LMP_LOSS_PRC,REDMESA_1_REDMESAWFGNODE,ALL,1,0,2,4
2022-09-01T09:15:00-00:00,2022-09-01T09:30:00-00:00,2022-09-01,03,REDMESA_1_REDMESAWFGNODE,REDMESA_1_REDMESAWFGNODE,REDMESA_1_REDMESAWFGNODE,RTPD,MCL,LMP_LOSS_PRC,REDMESA_1_REDMESAWFGNODE,ALL,1,-2.89348,2,4
2022-09-01T10:15:00-00:00,2022-09-01T10:30:00-00:00,2022-09-01,04,REDMESA_1_REDMESAWFGNODE,REDMESA_1_REDMESAWFGNODE,REDMESA_1_REDMESAWFGNODE,RTPD,MCL,LMP_LOSS_PRC,REDMESA_1_REDMESAWFGNODE,ALL,1,-2.41608,2,4
2022-09-01T11:15:00-00:00,2022-09-01T11:30:00-00:00,2022-09-01,05,REDMESA_1_REDMESAWFGNODE,REDMESA_1_REDMESAWFGNODE,REDMESA_1_REDMESAWFGNODE,RTPD,MCL,LMP_LOSS_PRC,REDMESA_1_REDMESAWFGNODE,ALL,1,-2.68211,2,4
2022-09-01T12:15:00-00:00,2022-09-01T12:30:00-00:00,2022-09-01,06,REDMESA_1_REDMESAWFGNODE,REDMESA_1_REDMESAWFGNODE,REDMESA_1_REDMESAWFGNODE,RTPD,MCL,LMP_LOSS_PRC,REDMESA_1_REDMESAWFGNODE,ALL,1,-3.1951,2,4
2022-09-01T13:15:00-00:00,2022-09-01T13:30:00-00:00,2022-09-01,07,REDMESA_1_REDMESAWFGNODE,REDMESA_1_REDMESAWFGNODE,REDMESA_1_REDMESAWFGNODE,RTPD,MCL,LMP_LOSS_PRC,REDMESA_1_REDMESAWFGNODE,ALL,1,-2.14024,2,4
2022-09-01T14:15:00-00:00,2022-09-01T14:30:00-00:00,2022-09-01,08,REDMESA_1_REDMESAWFGNODE,REDMESA_1_REDMESAWFGNODE,REDMESA_1_REDMESAWFGNODE,RTPD,MCL,LMP_LOSS_PRC,REDMESA_1_REDMESAWFGNODE,ALL,1,-5.30669,2,4
2022-09-01T15:15:00-00:00,2022-09-01T15:30:00-00:00,2022-09-01,09,REDMESA_1_REDMESAWFGNODE,REDMESA_1_REDMESAWFGNODE,REDMESA_1_REDMESAWFGNODE,RTPD,MCL,LMP_LOSS_PRC,REDMESA_1_REDMESAWFGNODE,ALL,1,0,2,4
2022-09-01T16:15:00-00:00,2022-09-01T16:30:00-00:00,2022-09-01,10,REDMESA_1_REDMESAWFGNODE,REDMESA_1_REDMESAWFGNODE,REDMESA_1_REDMESAWFGNODE,RTPD,MCL,LMP_LOSS_PRC,REDMESA_1_REDMESAWFGNODE,ALL,1,0,2,4
2022-09-01T17:15:00-00:00,2022-09-01T17:30:00-00:00,2022-09-01,11,REDMESA_1_REDMESAWFGNODE,REDMESA_1_REDMESAWFGNODE,REDMESA_1_REDMESAWFGNODE,RTPD,MCL,LMP_LOSS_PRC,REDMESA_1_REDMESAWFGNODE,ALL,1,0,2,4
2022-09-01T18:15:00-00:00,2022-09-01T18:30:00-00:00,2022-09-01,12,REDMESA_1_REDMESAWFGNODE,REDMESA_1_REDMESAWFGNODE,REDMESA_1_REDMESAWFGNODE,RTPD,MCL,LMP_LOSS_PRC,REDMESA_1_REDMESAWFGNODE,ALL,1,0,2,4
2022-09-01T19:15:00-00:00,2022-09-01T19:30:00-00:00,2022-09-01,13,REDMESA_1_REDMESAWFGNODE,REDMESA_1_REDMESAWFGNODE,REDMESA_1_REDMESAWFGNODE,RTPD,MCL,LMP_LOSS_PRC,REDMESA_1_REDMESAWFGNODE,ALL,1,0,2,4
2022-09-01T20:15:00-00:00,2022-09-01T20:30:00-00:00,2022-09-01,14,REDMESA_1_REDMESAWFGNODE,REDMESA_1_REDMESAWFGNODE,REDMESA_1_REDMESAWFGNODE,RTPD,MCL,LMP_LOSS_PRC,REDMESA_1_REDMESAWFGNODE,ALL,1,0,2,4
2022-09-01T21:15:00-00:00,2022-09-01T21:30:00-00:00,2022-09-01,15,REDMESA_1_REDMESAWFGNODE,REDMESA_1_REDMESAWFGNODE,REDMESA_1_REDMESAWFGNODE,RTPD,MCL,LMP_LOSS_PRC,REDMESA_1_REDMESAWFGNODE,ALL,1,0,2,4
2022-09-01T22:15:00-00:00,2022-09-01T22:30:00-00:00,2022-09-01,16,REDMESA_1_REDMESAWFGNODE,REDMESA_1_REDMESAWFGNODE,REDMESA_1_REDMESAWFGNODE,RTPD,MCL,LMP_LOSS_PRC,REDMESA_1_REDMESAWFGNODE,ALL,1,0,2,4
2022-09-01T23:15:00-00:00,2022-09-01T23:30:00-00:00,2022-09-01,17,REDMESA_1_REDMESAWFGNODE,REDMESA_1_REDMESAWFGNODE,REDMESA_1_REDMESAWFGNODE,RTPD,MCL,LMP_LOSS_PRC,REDMESA_1_REDMESAWFGNODE,ALL,1,0,2,4
2022-09-02T00:15:00-00:00,2022-09-02T00:30:00-00:00,2022-09-01,18,REDMESA_1_REDMESAWFGNODE,REDMESA_1_REDMESAWFGNODE,REDMESA_1_REDMESAWFGNODE,RTPD,MCL,LMP_LOSS_PRC,REDMESA_1_REDMESAWFGNODE,ALL,1,-62.56612,2,4
2022-09-02T01:15:00-00:00,2022-09-02T01:30:00-00:00,2022-09-01,19,REDMESA_1_REDMESAWFGNODE,REDMESA_1_REDMESAWFGNODE,REDMESA_1_REDMESAWFGNODE,RTPD,MCL,LMP_LOSS_PRC,REDMESA_1_REDMESAWFGNODE,ALL,1,0,2,4
2022-09-02T02:15:00-00:00,2022-09-02T02:30:00-00:00,2022-09-01,20,REDMESA_1_REDMESAWFGNODE,REDMESA_1_REDMESAWFGNODE,REDMESA_1_REDMESAWFGNODE,RTPD,MCL,LMP_LOSS_PRC,REDMESA_1_REDMESAWFGNODE,ALL,1,0,2,4
2022-09-02T03:15:00-00:00,2022-09-02T03:30:00-00:00,2022-09-01,21,REDMESA_1_REDMESAWFGNODE,REDMESA_1_REDMESAWFGNODE,REDMESA_1_REDMESAWFGNODE,RTPD,MCL,LMP_LOSS_PRC,REDMESA_1_REDMESAWFGNODE,ALL,1,-31.51467,2,4
2022-09-02T04:15:00-00:00,2022-09-02T04:30:00-00:00,2022-09-01,22,REDMESA_1_REDMESAWFGNODE,REDMESA_1_REDMESAWFGNODE,REDMESA_1_REDMESAWFGNODE,RTPD,MCL,LMP_LOSS_PRC,REDMESA_1_REDMESAWFGNODE,ALL,1,-15.49496,2,4
2022-09-02T05:15:00-00:00,2022-09-02T05:30:00-00:00,2022-09-01,23,REDMESA_1_REDMESAWFGNODE,REDMESA_1_REDMESAWFGNODE,REDMESA_1_REDMESAWFGNODE,RTPD,MCL,LMP_LOSS_PRC,REDMESA_1_REDMESAWFGNODE,ALL,1,-11.45851,2,4
2022-09-02T06:15:00-00:00,2022-09-02T06:30:00-00:00,2022-09-01,24,REDMESA_1_REDMESAWFGNODE,REDMESA_1_REDMESAWFGNODE,REDMESA_1_REDMESAWFGNODE,RTPD,MCL,LMP_LOSS_PRC,REDMESA_1_REDMESAWFGNODE,ALL,1,-10.25392,2,4
2022-09-01T07:30:00-00:00,2022-09-01T07:45:00-00:00,2022-09-01,01,REDMESA_1_REDMESAWFGNODE,REDMESA_1_REDMESAWFGNODE,REDMESA_1_REDMESAWFGNODE,RTPD,MCL,LMP_LOSS_PRC,REDMESA_1_REDMESAWFGNODE,ALL,1,0,3,4
2022-09-01T08:30:00-00:00,2022-09-01T08:45:00-00:00,2022-09-01,02,REDMESA_1_REDMESAWFGNODE,REDMESA_1_REDMESAWFGNODE,REDMESA_1_REDMESAWFGNODE,RTPD,MCL,LMP_LOSS_PRC,REDMESA_1_REDMESAWFGNODE,ALL,1,-3.60237,3,4
2022-09-01T09:30:00-00:00,2022-09-01T09:45:00-00:00,2022-09-01,03,REDMESA_1_REDMESAWFGNODE,REDMESA_1_REDMESAWFGNODE,REDMESA_1_REDMESAWFGNODE,RTPD,MCL,LMP_LOSS_PRC,REDMESA_1_REDMESAWFGNODE,ALL,1,-2.54725,3,4
2022-09-01T10:30:00-00:00,2022-09-01T10:45:00-00:00,2022-09-01,04,REDMESA_1_REDMESAWFGNODE,REDMESA_1_REDMESAWFGNODE,REDMESA_1_REDMESAWFGNODE,RTPD,MCL,LMP_LOSS_PRC,REDMESA_1_REDMESAWFGNODE,ALL,1,-2.37261,3,4
2022-09-01T11:30:00-00:00,2022-09-01T11:45:00-00:00,2022-09-01,05,REDMESA_1_REDMESAWFGNODE,REDMESA_1_REDMESAWFGNODE,REDMESA_1_REDMESAWFGNODE,RTPD,MCL,LMP_LOSS_PRC,REDMESA_1_REDMESAWFGNODE,ALL,1,-2.93014,3,4
2022-09-01T12:30:00-00:00,2022-09-01T12:45:00-00:00,2022-09-01,06,REDMESA_1_REDMESAWFGNODE,REDMESA_1_REDMESAWFGNODE,REDMESA_1_REDMESAWFGNODE,RTPD,MCL,LMP_LOSS_PRC,REDMESA_1_REDMESAWFGNODE,ALL,1,-2.73625,3,4
2022-09-01T13:30:00-00:00,2022-09-01T13:45:00-00:00,2022-09-01,07,REDMESA_1_REDMESAWFGNODE,REDMESA_1_REDMESAWFGNODE,REDMESA_1_REDMESAWFGNODE,RTPD,MCL,LMP_LOSS_PRC,REDMESA_1_REDMESAWFGNODE,ALL,1,-2.70758,3,4
2022-09-01T14:30:00-00:00,2022-09-01T14:45:00-00:00,2022-09-01,08,REDMESA_1_REDMESAWFGNODE,REDMESA_1_REDMESAWFGNODE,REDMESA_1_REDMESAWFGNODE,RTPD,MCL,LMP_LOSS_PRC,REDMESA_1_REDMESAWFGNODE,ALL,1,-6.12325,3,4
2022-09-01T15:30:00-00:00,2022-09-01T15:45:00-00:00,2022-09-01,09,REDMESA_1_REDMESAWFGNODE,REDMESA_1_REDMESAWFGNODE,REDMESA_1_REDMESAWFGNODE,RTPD,MCL,LMP_LOSS_PRC,REDMESA_1_REDMESAWFGNODE,ALL,1,0,3,4
2022-09-01T16:30:00-00:00,2022-09-01T16:45:00-00:00,2022-09-01,10,REDMESA_1_REDMESAWFGNODE,REDMESA_1_REDMESAWFGNODE,REDMESA_1_REDMESAWFGNODE,RTPD,MCL,LMP_LOSS_PRC,REDMESA_1_REDMESAWFGNODE,ALL,1,0,3,4
2022-09-01T17:30:00-00:00,2022-09-01T17:45:00-00:00,2022-09-01,11,REDMESA_1_REDMESAWFGNODE,REDMESA_1_REDMESAWFGNODE,REDMESA_1_REDMESAWFGNODE,RTPD,MCL,LMP_LOSS_PRC,REDMESA_1_REDMESAWFGNODE,ALL,1,0,3,4
2022-09-01T18:30:00-00:00,2022-09-01T18:45:00-00:00,2022-09-01,12,REDMESA_1_REDMESAWFGNODE,REDMESA_1_REDMESAWFGNODE,REDMESA_1_REDMESAWFGNODE,RTPD,MCL,LMP_LOSS_PRC,REDMESA_1_REDMESAWFGNODE,ALL,1,0,3,4
2022-09-01T19:30:00-00:00,2022-09-01T19:45:00-00:00,2022-09-01,13,REDMESA_1_REDMESAWFGNODE,REDMESA_1_REDMESAWFGNODE,REDMESA_1_REDMESAWFGNODE,RTPD,MCL,LMP_LOSS_PRC,REDMESA_1_REDMESAWFGNODE,ALL,1,0,3,4
2022-09-01T20:30:00-00:00,2022-09-01T20:45:00-00:00,2022-09-01,14,REDMESA_1_REDMESAWFGNODE,REDMESA_1_REDMESAWFGNODE,REDMESA_1_REDMESAWFGNODE,RTPD,MCL,LMP_LOSS_PRC,REDMESA_1_REDMESAWFGNODE,ALL,1,0,3,4
2022-09-01T21:30:00-00:00,2022-09-01T21:45:00-00:00,2022-09-01,15,REDMESA_1_REDMESAWFGNODE,REDMESA_1_REDMESAWFGNODE,REDMESA_1_REDMESAWFGNODE,RTPD,MCL,LMP_LOSS_PRC,REDMESA_1_REDMESAWFGNODE,ALL,1,0,3,4
2022-09-01T22:30:00-00:00,2022-09-01T22:45:00-00:00,2022-09-01,16,REDMESA_1_REDMESAWFGNODE,REDMESA_1_REDMESAWFGNODE,REDMESA_1_REDMESAWFGNODE,RTPD,MCL,LMP_LOSS_PRC,REDMESA_1_REDMESAWFGNODE,ALL,1,0,3,4
2022-09-01T23:30:00-00:00,2022-09-01T23:45:00-00:00,2022-09-01,17,REDMESA_1_REDMESAWFGNODE,REDMESA_1_REDMESAWFGNODE,REDMESA_1_REDMESAWFGNODE,RTPD,MCL,LMP_LOSS_PRC,REDMESA_1_REDMESAWFGNODE,ALL,1,0,3,4
2022-09-02T00:30:00-00:00,2022-09-02T00:45:00-00:00,2022-09-01,18,REDMESA_1_REDMESAWFGNODE,REDMESA_1_REDMESAWFGNODE,REDMESA_1_REDMESAWFGNODE,RTPD,MCL,LMP_LOSS_PRC,REDMESA_1_REDMESAWFGNODE,ALL,1,0,3,4
2022-09-02T01:30:00-00:00,2022-09-02T01:45:00-00:00,2022-09-01,19,REDMESA_1_REDMESAWFGNODE,REDMESA_1_REDMESAWFGNODE,REDMESA_1_REDMESAWFGNODE,RTPD,MCL,LMP_LOSS_PRC,REDMESA_1_REDMESAWFGNODE,ALL,1,0,3,4
2022-09-02T02:30:00-00:00,2022-09-02T02:45:00-00:00,2022-09-01,20,REDMESA_1_REDMESAWFGNODE,REDMESA_1_REDMESAWFGNODE,REDMESA_1_REDMESAWFGNODE,RTPD,MCL,LMP_LOSS_PRC,REDMESA_1_REDMESAWFGNODE,ALL,1,0,3,4
2022-09-02T03:30:00-00:00,2022-09-02T03:45:00-00:00,2022-09-01,21,REDMESA_1_REDMESAWFGNODE,REDMESA_1_REDMESAWFGNODE,REDMESA_1_REDMESAWFGNODE,RTPD,MCL,LMP_LOSS_PRC,REDMESA_1_REDMESAWFGNODE,ALL,1,-14.31309,3,4
2022-09-02T04:30:00-00:00,2022-09-02T04:45:00-00:00,2022-09-01,22,REDMESA_1_REDMESAWFGNODE,REDMESA_1_REDMESAWFGNODE,REDMESA_1_REDMESAWFGNODE,RTPD,MCL,LMP_LOSS_PRC,REDMESA_1_REDMESAWFGNODE,ALL,1,-11.12544,3,4
2022-09-02T05:30:00-00:00,2022-09-02T05:45:00-00:00,2022-09-01,23,REDMESA_1_REDMESAWFGNODE,REDMESA_1_REDMESAWFGNODE,REDMESA_1_REDMESAWFGNODE,RTPD,MCL,LMP_LOSS_PRC,REDMESA_1_REDMESAWFGNODE,ALL,1,-8.86172,3,4
2022-09-02T06:30:00-00:00,2022-09-02T06:45:00-00:00,2022-09-01,24,REDMESA_1_REDMESAWFGNODE,REDMESA_1_REDMESAWFGNODE,REDMESA_1_REDMESAWFGNODE,RTPD,MCL,LMP_LOSS_PRC,REDMESA_1_REDMESAWFGNODE,ALL,1,-8.54182,3,4
2022-09-01T07:45:00-00:00,2022-09-01T08:00:00-00:00,2022-09-01,01,REDMESA_1_REDMESAWFGNODE,REDMESA_1_REDMESAWFGNODE,REDMESA_1_REDMESAWFGNODE,RTPD,MCL,LMP_LOSS_PRC,REDMESA_1_REDMESAWFGNODE,ALL,1,0,4,4
2022-09-01T08:45:00-00:00,2022-09-01T09:00:00-00:00,2022-09-01,02,REDMESA_1_REDMESAWFGNODE,REDMESA_1_REDMESAWFGNODE,REDMESA_1_REDMESAWFGNODE,RTPD,MCL,LMP_LOSS_PRC,REDMESA_1_REDMESAWFGNODE,ALL,1,-2.83728,4,4
2022-09-01T09:45:00-00:00,2022-09-01T10:00:00-00:00,2022-09-01,03,REDMESA_1_REDMESAWFGNODE,REDMESA_1_REDMESAWFGNODE,REDMESA_1_REDMESAWFGNODE,RTPD,MCL,LMP_LOSS_PRC,REDMESA_1_REDMESAWFGNODE,ALL,1,-2.25708,4,4
2022-09-01T10:45:00-00:00,2022-09-01T11:00:00-00:00,2022-09-01,04,REDMESA_1_REDMESAWFGNODE,REDMESA_1_REDMESAWFGNODE,REDMESA_1_REDMESAWFGNODE,RTPD,MCL,LMP_LOSS_PRC,REDMESA_1_REDMESAWFGNODE,ALL,1,-1.94807,4,4
2022-09-01T11:45:00-00:00,2022-09-01T12:00:00-00:00,2022-09-01,05,REDMESA_1_REDMESAWFGNODE,REDMESA_1_REDMESAWFGNODE,REDMESA_1_REDMESAWFGNODE,RTPD,MCL,LMP_LOSS_PRC,REDMESA_1_REDMESAWFGNODE,ALL,1,0,4,4
2022-09-01T12:45:00-00:00,2022-09-01T13:00:00-00:00,2022-09-01,06,REDMESA_1_REDMESAWFGNODE,REDMESA_1_REDMESAWFGNODE,REDMESA_1_REDMESAWFGNODE,RTPD,MCL,LMP_LOSS_PRC,REDMESA_1_REDMESAWFGNODE,ALL,1,0,4,4
2022-09-01T13:45:00-00:00,2022-09-01T14:00:00-00:00,2022-09-01,07,REDMESA_1_REDMESAWFGNODE,REDMESA_1_REDMESAWFGNODE,REDMESA_1_REDMESAWFGNODE,RTPD,MCL,LMP_LOSS_PRC,REDMESA_1_REDMESAWFGNODE,ALL,1,0,4,4
2022-09-01T14:45:00-00:00,2022-09-01T15:00:00-00:00,2022-09-01,08,REDMESA_1_REDMESAWFGNODE,REDMESA_1_REDMESAWFGNODE,REDMESA_1_REDMESAWFGNODE,RTPD,MCL,LMP_LOSS_PRC,REDMESA_1_REDMESAWFGNODE,ALL,1,0,4,4
2022-09-01T15:45:00-00:00,2022-09-01T16:00:00-00:00,2022-09-01,09,REDMESA_1_REDMESAWFGNODE,REDMESA_1_REDMESAWFGNODE,REDMESA_1_REDMESAWFGNODE,RTPD,MCL,LMP_LOSS_PRC,REDMESA_1_REDMESAWFGNODE,ALL,1,0,4,4
2022-09-01T16:45:00-00:00,2022-09-01T17:00:00-00:00,2022-09-01,10,REDMESA_1_REDMESAWFGNODE,REDMESA_1_REDMESAWFGNODE,REDMESA_1_REDMESAWFGNODE,RTPD,MCL,LMP_LOSS_PRC,REDMESA_1_REDMESAWFGNODE,ALL,1,0,4,4
2022-09-01T17:45:00-00:00,2022-09-01T18:00:00-00:00,2022-09-01,11,REDMESA_1_REDMESAWFGNODE,REDMESA_1_REDMESAWFGNODE,REDMESA_1_REDMESAWFGNODE,RTPD,MCL,LMP_LOSS_PRC,REDMESA_1_REDMESAWFGNODE,ALL,1,0,4,4
2022-09-01T18:45:00-00:00,2022-09-01T19:00:00-00:00,2022-09-01,12,REDMESA_1_REDMESAWFGNODE,REDMESA_1_REDMESAWFGNODE,REDMESA_1_REDMESAWFGNODE,RTPD,MCL,LMP_LOSS_PRC,REDMESA_1_REDMESAWFGNODE,ALL,1,0,4,4
2022-09-01T19:45:00-00:00,2022-09-01T20:00:00-00:00,2022-09-01,13,REDMESA_1_REDMESAWFGNODE,REDMESA_1_REDMESAWFGNODE,REDMESA_1_REDMESAWFGNODE,RTPD,MCL,LMP_LOSS_PRC,REDMESA_1_REDMESAWFGNODE,ALL,1,0,4,4
2022-09-01T20:45:00-00:00,2022-09-01T21:00:00-00:00,2022-09-01,14,REDMESA_1_REDMESAWFGNODE,REDMESA_1_REDMESAWFGNODE,REDMESA_1_REDMESAWFGNODE,RTPD,MCL,LMP_LOSS_PRC,REDMESA_1_REDMESAWFGNODE,ALL,1,0,4,4
2022-09-01T21:45:00-00:00,2022-09-01T22:00:00-00:00,2022-09-01,15,REDMESA_1_REDMESAWFGNODE,REDMESA_1_REDMESAWFGNODE,REDMESA_1_REDMESAWFGNODE,RTPD,MCL,LMP_LOSS_PRC,REDMESA_1_REDMESAWFGNODE,ALL,1,0,4,4
2022-09-01T22:45:00-00:00,2022-09-01T23:00:00-00:00,2022-09-01,16,REDMESA_1_REDMESAWFGNODE,REDMESA_1_REDMESAWFGNODE,REDMESA_1_REDMESAWFGNODE,RTPD,MCL,LMP_LOSS_PRC,REDMESA_1_REDMESAWFGNODE,ALL,1,0,4,4
2022-09-01T23:45:00-00:00,2022-09-02T00:00:00-00:00,2022-09-01,17,REDMESA_1_REDMESAWFGNODE,REDMESA_1_REDMESAWFGNODE,REDMESA_1_REDMESAWFGNODE,RTPD,MCL,LMP_LOSS_PRC,REDMESA_1_REDMESAWFGNODE,ALL,1,0,4,4
2022-09-02T00:45:00-00:00,2022-09-02T01:00:00-00:00,2022-09-01,18,REDMESA_1_REDMESAWFGNODE,REDMESA_1_REDMESAWFGNODE,REDMESA_1_REDMESAWFGNODE,RTPD,MCL,LMP_LOSS_PRC,REDMESA_1_REDMESAWFGNODE,ALL,1,0,4,4
2022-09-02T01:45:00-00:00,2022-09-02T02:00:00-00:00,2022-09-01,19,REDMESA_1_REDMESAWFGNODE,REDMESA_1_REDMESAWFGNODE,REDMESA_1_REDMESAWFGNODE,RTPD,MCL,LMP_LOSS_PRC,REDMESA_1_REDMESAWFGNODE,ALL,1,0,4,4
2022-09-02T02:45:00-00:00,2022-09-02T03:00:00-00:00,2022-09-01,20,REDMESA_1_REDMESAWFGNODE,REDMESA_1_REDMESAWFGNODE,REDMESA_1_REDMESAWFGNODE,RTPD,MCL,LMP_LOSS_PRC,REDMESA_1_REDMESAWFGNODE,ALL,1,-133.67952,4,4
2022-09-02T03:45:00-00:00,2022-09-02T04:00:00-00:00,2022-09-01,21,REDMESA_1_REDMESAWFGNODE,REDMESA_1_REDMESAWFGNODE,REDMESA_1_REDMESAWFGNODE,RTPD,MCL,LMP_LOSS_PRC,REDMESA_1_REDMESAWFGNODE,ALL,1,-9.26338,4,4
2022-09-02T04:45:00-00:00,2022-09-02T05:00:00-00:00,2022-09-01,22,REDMESA_1_REDMESAWFGNODE,REDMESA_1_REDMESAWFGNODE,REDMESA_1_REDMESAWFGNODE,RTPD,MCL,LMP_LOSS_PRC,REDMESA_1_REDMESAWFGNODE,ALL,1,-8.6254,4,4
2022-09-02T05:45:00-00:00,2022-09-02T06:00:00-00:00,2022-09-01,23,REDMESA_1_REDMESAWFGNODE,REDMESA_1_REDMESAWFGNODE,REDMESA_1_REDMESAWFGNODE,RTPD,MCL,LMP_LOSS_PRC,REDMESA_1_REDMESAWFGNODE,ALL,1,-6.80554,4,4
2022-09-02T06:45:00-00:00,2022-09-02T07:00:00-00:00,2022-09-01,24,REDMESA_1_REDMESAWFGNODE,REDMESA_1_REDMESAWFGNODE,REDMESA_1_REDMESAWFGNODE,RTPD,MCL,LMP_LOSS_PRC,REDMESA_1_REDMESAWFGNODE,ALL,1,-7.52671,4,4
2022-09-01T07:00:00-00:00,2022-09-01T07:15:00-00:00,2022-09-01,01,REDMESA_1_REDMESAWFGNODE,REDMESA_1_REDMESAWFGNODE,REDMESA_1_REDMESAWFGNODE,RTPD,MGHG,LMP_GHG_PRC,REDMESA_1_REDMESAWFGNODE,ALL,1,-11.45,1,5
2022-09-01T08:00:00-00:00,2022-09-01T08:15:00-00:00,2022-09-01,02,REDMESA_1_REDMESAWFGNODE,REDMESA_1_REDMESAWFGNODE,REDMESA_1_REDMESAWFGNODE,RTPD,MGHG,LMP_GHG_PRC,REDMESA_1_REDMESAWFGNODE,ALL,1,-14.13,1,5
2022-09-01T09:00:00-00:00,2022-09-01T09:15:00-00:00,2022-09-01,03,REDMESA_1_REDMESAWFGNODE,REDMESA_1_REDMESAWFGNODE,REDMESA_1_REDMESAWFGNODE,RTPD,MGHG,LMP_GHG_PRC,REDMESA_1_REDMESAWFGNODE,ALL,1,-12.17178,1,5
2022-09-01T10:00:00-00:00,2022-09-01T10:15:00-00:00,2022-09-01,04,REDMESA_1_REDMESAWFGNODE,REDMESA_1_REDMESAWFGNODE,REDMESA_1_REDMESAWFGNODE,RTPD,MGHG,LMP_GHG_PRC,REDMESA_1_REDMESAWFGNODE,ALL,1,-13.55,1,5
2022-09-01T11:00:00-00:00,2022-09-01T11:15:00-00:00,2022-09-01,05,REDMESA_1_REDMESAWFGNODE,REDMESA_1_REDMESAWFGNODE,REDMESA_1_REDMESAWFGNODE,RTPD,MGHG,LMP_GHG_PRC,REDMESA_1_REDMESAWFGNODE,ALL,1,-13.55,1,5
2022-09-01T12:00:00-00:00,2022-09-01T12:15:00-00:00,2022-09-01,06,REDMESA_1_REDMESAWFGNODE,REDMESA_1_REDMESAWFGNODE,REDMESA_1_REDMESAWFGNODE,RTPD,MGHG,LMP_GHG_PRC,REDMESA_1_REDMESAWFGNODE,ALL,1,-13.71725,1,5
2022-09-01T13:00:00-00:00,2022-09-01T13:15:00-00:00,2022-09-01,07,REDMESA_1_REDMESAWFGNODE,REDMESA_1_REDMESAWFGNODE,REDMESA_1_REDMESAWFGNODE,RTPD,MGHG,LMP_GHG_PRC,REDMESA_1_REDMESAWFGNODE,ALL,1,-15,1,5
2022-09-01T14:00:00-00:00,2022-09-01T14:15:00-00:00,2022-09-01,08,REDMESA_1_REDMESAWFGNODE,REDMESA_1_REDMESAWFGNODE,REDMESA_1_REDMESAWFGNODE,RTPD,MGHG,LMP_GHG_PRC,REDMESA_1_REDMESAWFGNODE,ALL,1,-15.61,1,5
2022-09-01T15:00:00-00:00,2022-09-01T15:15:00-00:00,2022-09-01,09,REDMESA_1_REDMESAWFGNODE,REDMESA_1_REDMESAWFGNODE,REDMESA_1_REDMESAWFGNODE,RTPD,MGHG,LMP_GHG_PRC,REDMESA_1_REDMESAWFGNODE,ALL,1,-12.7,1,5
2022-09-01T16:00:00-00:00,2022-09-01T16:15:00-00:00,2022-09-01,10,REDMESA_1_REDMESAWFGNODE,REDMESA_1_REDMESAWFGNODE,REDMESA_1_REDMESAWFGNODE,RTPD,MGHG,LMP_GHG_PRC,REDMESA_1_REDMESAWFGNODE,ALL,1,-14.1,1,5
2022-09-01T17:00:00-00:00,2022-09-01T17:15:00-00:00,2022-09-01,11,REDMESA_1_REDMESAWFGNODE,REDMESA_1_REDMESAWFGNODE,REDMESA_1_REDMESAWFGNODE,RTPD,MGHG,LMP_GHG_PRC,REDMESA_1_REDMESAWFGNODE,ALL,1,-11.63,1,5
2022-09-01T18:00:00-00:00,2022-09-01T18:15:00-00:00,2022-09-01,12,REDMESA_1_REDMESAWFGNODE,REDMESA_1_REDMESAWFGNODE,REDMESA_1_REDMESAWFGNODE,RTPD,MGHG,LMP_GHG_PRC,REDMESA_1_REDMESAWFGNODE,ALL,1,-13.98,1,5
2022-09-01T19:00:00-00:00,2022-09-01T19:15:00-00:00,2022-09-01,13,REDMESA_1_REDMESAWFGNODE,REDMESA_1_REDMESAWFGNODE,REDMESA_1_REDMESAWFGNODE,RTPD,MGHG,LMP_GHG_PRC,REDMESA_1_REDMESAWFGNODE,ALL,1,-14.15,1,5
2022-09-01T20:00:00-00:00,2022-09-01T20:15:00-00:00,2022-09-01,14,REDMESA_1_REDMESAWFGNODE,REDMESA_1_REDMESAWFGNODE,REDMESA_1_REDMESAWFGNODE,RTPD,MGHG,LMP_GHG_PRC,REDMESA_1_REDMESAWFGNODE,ALL,1,-26.16,1,5
2022-09-01T21:00:00-00:00,2022-09-01T21:15:00-00:00,2022-09-01,15,REDMESA_1_REDMESAWFGNODE,REDMESA_1_REDMESAWFGNODE,REDMESA_1_REDMESAWFGNODE,RTPD,MGHG,LMP_GHG_PRC,REDMESA_1_REDMESAWFGNODE,ALL,1,-15,1,5
2022-09-01T22:00:00-00:00,2022-09-01T22:15:00-00:00,2022-09-01,16,REDMESA_1_REDMESAWFGNODE,REDMESA_1_REDMESAWFGNODE,REDMESA_1_REDMESAWFGNODE,RTPD,MGHG,LMP_GHG_PRC,REDMESA_1_REDMESAWFGNODE,ALL,1,-17.36,1,5
2022-09-01T23:00:00-00:00,2022-09-01T23:15:00-00:00,2022-09-01,17,REDMESA_1_REDMESAWFGNODE,REDMESA_1_REDMESAWFGNODE,REDMESA_1_REDMESAWFGNODE,RTPD,MGHG,LMP_GHG_PRC,REDMESA_1_REDMESAWFGNODE,ALL,1,-26.16,1,5
2022-09-02T00:00:00-00:00,2022-09-02T00:15:00-00:00,2022-09-01,18,REDMESA_1_REDMESAWFGNODE,REDMESA_1_REDMESAWFGNODE,REDMESA_1_REDMESAWFGNODE,RTPD,MGHG,LMP_GHG_PRC,REDMESA_1_REDMESAWFGNODE,ALL,1,-28.21,1,5
2022-09-02T01:00:00-00:00,2022-09-02T01:15:00-00:00,2022-09-01,19,REDMESA_1_REDMESAWFGNODE,REDMESA_1_REDMESAWFGNODE,REDMESA_1_REDMESAWFGNODE,RTPD,MGHG,LMP_GHG_PRC,REDMESA_1_REDMESAWFGNODE,ALL,1,-24.91,1,5
2022-09-02T02:00:00-00:00,2022-09-02T02:15:00-00:00,2022-09-01,20,REDMESA_1_REDMESAWFGNODE,REDMESA_1_REDMESAWFGNODE,REDMESA_1_REDMESAWFGNODE,RTPD,MGHG,LMP_GHG_PRC,REDMESA_1_REDMESAWFGNODE,ALL,1,-15.61,1,5
2022-09-02T03:00:00-00:00,2022-09-02T03:15:00-00:00,2022-09-01,21,REDMESA_1_REDMESAWFGNODE,REDMESA_1_REDMESAWFGNODE,REDMESA_1_REDMESAWFGNODE,RTPD,MGHG,LMP_GHG_PRC,REDMESA_1_REDMESAWFGNODE,ALL,1,-11.89,1,5
2022-09-02T04:00:00-00:00,2022-09-02T04:15:00-00:00,2022-09-01,22,REDMESA_1_REDMESAWFGNODE,REDMESA_1_REDMESAWFGNODE,REDMESA_1_REDMESAWFGNODE,RTPD,MGHG,LMP_GHG_PRC,REDMESA_1_REDMESAWFGNODE,ALL,1,-14.75,1,5
2022-09-02T05:00:00-00:00,2022-09-02T05:15:00-00:00,2022-09-01,23,REDMESA_1_REDMESAWFGNODE,REDMESA_1_REDMESAWFGNODE,REDMESA_1_REDMESAWFGNODE,RTPD,MGHG,LMP_GHG_PRC,REDMESA_1_REDMESAWFGNODE,ALL,1,-9.52,1,5
2022-09-02T06:00:00-00:00,2022-09-02T06:15:00-00:00,2022-09-01,24,REDMESA_1_REDMESAWFGNODE,REDMESA_1_REDMESAWFGNODE,REDMESA_1_REDMESAWFGNODE,RTPD,MGHG,LMP_GHG_PRC,REDMESA_1_REDMESAWFGNODE,ALL,1,-11.63,1,5
2022-09-01T07:15:00-00:00,2022-09-01T07:30:00-00:00,2022-09-01,01,REDMESA_1_REDMESAWFGNODE,REDMESA_1_REDMESAWFGNODE,REDMESA_1_REDMESAWFGNODE,RTPD,MGHG,LMP_GHG_PRC,REDMESA_1_REDMESAWFGNODE,ALL,1,-13.76,2,5
2022-09-01T08:15:00-00:00,2022-09-01T08:30:00-00:00,2022-09-01,02,REDMESA_1_REDMESAWFGNODE,REDMESA_1_REDMESAWFGNODE,REDMESA_1_REDMESAWFGNODE,RTPD,MGHG,LMP_GHG_PRC,REDMESA_1_REDMESAWFGNODE,ALL,1,-14.75,2,5
2022-09-01T09:15:00-00:00,2022-09-01T09:30:00-00:00,2022-09-01,03,REDMESA_1_REDMESAWFGNODE,REDMESA_1_REDMESAWFGNODE,REDMESA_1_REDMESAWFGNODE,RTPD,MGHG,LMP_GHG_PRC,REDMESA_1_REDMESAWFGNODE,ALL,1,-12.19,2,5
2022-09-01T10:15:00-00:00,2022-09-01T10:30:00-00:00,2022-09-01,04,REDMESA_1_REDMESAWFGNODE,REDMESA_1_REDMESAWFGNODE,REDMESA_1_REDMESAWFGNODE,RTPD,MGHG,LMP_GHG_PRC,REDMESA_1_REDMESAWFGNODE,ALL,1,-13.98,2,5
2022-09-01T11:15:00-00:00,2022-09-01T11:30:00-00:00,2022-09-01,05,REDMESA_1_REDMESAWFGNODE,REDMESA_1_REDMESAWFGNODE,REDMESA_1_REDMESAWFGNODE,RTPD,MGHG,LMP_GHG_PRC,REDMESA_1_REDMESAWFGNODE,ALL,1,-13.98,2,5
2022-09-01T12:15:00-00:00,2022-09-01T12:30:00-00:00,2022-09-01,06,REDMESA_1_REDMESAWFGNODE,REDMESA_1_REDMESAWFGNODE,REDMESA_1_REDMESAWFGNODE,RTPD,MGHG,LMP_GHG_PRC,REDMESA_1_REDMESAWFGNODE,ALL,1,-14.79,2,5
2022-09-01T13:15:00-00:00,2022-09-01T13:30:00-00:00,2022-09-01,07,REDMESA_1_REDMESAWFGNODE,REDMESA_1_REDMESAWFGNODE,REDMESA_1_REDMESAWFGNODE,RTPD,MGHG,LMP_GHG_PRC,REDMESA_1_REDMESAWFGNODE,ALL,1,-15,2,5
2022-09-01T14:15:00-00:00,2022-09-01T14:30:00-00:00,2022-09-01,08,REDMESA_1_REDMESAWFGNODE,REDMESA_1_REDMESAWFGNODE,REDMESA_1_REDMESAWFGNODE,RTPD,MGHG,LMP_GHG_PRC,REDMESA_1_REDMESAWFGNODE,ALL,1,-14.22559,2,5
2022-09-01T15:15:00-00:00,2022-09-01T15:30:00-00:00,2022-09-01,09,REDMESA_1_REDMESAWFGNODE,REDMESA_1_REDMESAWFGNODE,REDMESA_1_REDMESAWFGNODE,RTPD,MGHG,LMP_GHG_PRC,REDMESA_1_REDMESAWFGNODE,ALL,1,-12.7,2,5
2022-09-01T16:15:00-00:00,2022-09-01T16:30:00-00:00,2022-09-01,10,REDMESA_1_REDMESAWFGNODE,REDMESA_1_REDMESAWFGNODE,REDMESA_1_REDMESAWFGNODE,RTPD,MGHG,LMP_GHG_PRC,REDMESA_1_REDMESAWFGNODE,ALL,1,-13.34161,2,5
2022-09-01T17:15:00-00:00,2022-09-01T17:30:00-00:00,2022-09-01,11,REDMESA_1_REDMESAWFGNODE,REDMESA_1_REDMESAWFGNODE,REDMESA_1_REDMESAWFGNODE,RTPD,MGHG,LMP_GHG_PRC,REDMESA_1_REDMESAWFGNODE,ALL,1,-11.89,2,5
2022-09-01T18:15:00-00:00,2022-09-01T18:30:00-00:00,2022-09-01,12,REDMESA_1_REDMESAWFGNODE,REDMESA_1_REDMESAWFGNODE,REDMESA_1_REDMESAWFGNODE,RTPD,MGHG,LMP_GHG_PRC,REDMESA_1_REDMESAWFGNODE,ALL,1,-14.79,2,5
2022-09-01T19:15:00-00:00,2022-09-01T19:30:00-00:00,2022-09-01,13,REDMESA_1_REDMESAWFGNODE,REDMESA_1_REDMESAWFGNODE,REDMESA_1_REDMESAWFGNODE,RTPD,MGHG,LMP_GHG_PRC,REDMESA_1_REDMESAWFGNODE,ALL,1,-14.79,2,5
2022-09-01T20:15:00-00:00,2022-09-01T20:30:00-00:00,2022-09-01,14,REDMESA_1_REDMESAWFGNODE,REDMESA_1_REDMESAWFGNODE,REDMESA_1_REDMESAWFGNODE,RTPD,MGHG,LMP_GHG_PRC,REDMESA_1_REDMESAWFGNODE,ALL,1,-18.59,2,5
2022-09-01T21:15:00-00:00,2022-09-01T21:30:00-00:00,2022-09-01,15,REDMESA_1_REDMESAWFGNODE,REDMESA_1_REDMESAWFGNODE,REDMESA_1_REDMESAWFGNODE,RTPD,MGHG,LMP_GHG_PRC,REDMESA_1_REDMESAWFGNODE,ALL,1,-15.41,2,5
2022-09-01T22:15:00-00:00,2022-09-01T22:30:00-00:00,2022-09-01,16,REDMESA_1_REDMESAWFGNODE,REDMESA_1_REDMESAWFGNODE,REDMESA_1_REDMESAWFGNODE,RTPD,MGHG,LMP_GHG_PRC,REDMESA_1_REDMESAWFGNODE,ALL,1,-19.44814,2,5
2022-09-01T23:15:00-00:00,2022-09-01T23:30:00-00:00,2022-09-01,17,REDMESA_1_REDMESAWFGNODE,REDMESA_1_REDMESAWFGNODE,REDMESA_1_REDMESAWFGNODE,RTPD,MGHG,LMP_GHG_PRC,REDMESA_1_REDMESAWFGNODE,ALL,1,-26.16,2,5
2022-09-02T00:15:00-00:00,2022-09-02T00:30:00-00:00,2022-09-01,18,REDMESA_1_REDMESAWFGNODE,REDMESA_1_REDMESAWFGNODE,REDMESA_1_REDMESAWFGNODE,RTPD,MGHG,LMP_GHG_PRC,REDMESA_1_REDMESAWFGNODE,ALL,1,-24.91,2,5
2022-09-02T01:15:00-00:00,2022-09-02T01:30:00-00:00,2022-09-01,19,REDMESA_1_REDMESAWFGNODE,REDMESA_1_REDMESAWFGNODE,REDMESA_1_REDMESAWFGNODE,RTPD,MGHG,LMP_GHG_PRC,REDMESA_1_REDMESAWFGNODE,ALL,1,-18.59,2,5
2022-09-02T02:15:00-00:00,2022-09-02T02:30:00-00:00,2022-09-01,20,REDMESA_1_REDMESAWFGNODE,REDMESA_1_REDMESAWFGNODE,REDMESA_1_REDMESAWFGNODE,RTPD,MGHG,LMP_GHG_PRC,REDMESA_1_REDMESAWFGNODE,ALL,1,-17.16,2,5
2022-09-02T03:15:00-00:00,2022-09-02T03:30:00-00:00,2022-09-01,21,REDMESA_1_REDMESAWFGNODE,REDMESA_1_REDMESAWFGNODE,REDMESA_1_REDMESAWFGNODE,RTPD,MGHG,LMP_GHG_PRC,REDMESA_1_REDMESAWFGNODE,ALL,1,-14.79,2,5
2022-09-02T04:15:00-00:00,2022-09-02T04:30:00-00:00,2022-09-01,22,REDMESA_1_REDMESAWFGNODE,REDMESA_1_REDMESAWFGNODE,REDMESA_1_REDMESAWFGNODE,RTPD,MGHG,LMP_GHG_PRC,REDMESA_1_REDMESAWFGNODE,ALL,1,-14.79,2,5
2022-09-02T05:15:00-00:00,2022-09-02T05:30:00-00:00,2022-09-01,23,REDMESA_1_REDMESAWFGNODE,REDMESA_1_REDMESAWFGNODE,REDMESA_1_REDMESAWFGNODE,RTPD,MGHG,LMP_GHG_PRC,REDMESA_1_REDMESAWFGNODE,ALL,1,-11.89,2,5
2022-09-02T06:15:00-00:00,2022-09-02T06:30:00-00:00,2022-09-01,24,REDMESA_1_REDMESAWFGNODE,REDMESA_1_REDMESAWFGNODE,REDMESA_1_REDMESAWFGNODE,RTPD,MGHG,LMP_GHG_PRC,REDMESA_1_REDMESAWFGNODE,ALL,1,-11.13,2,5
2022-09-01T07:30:00-00:00,2022-09-01T07:45:00-00:00,2022-09-01,01,REDMESA_1_REDMESAWFGNODE,REDMESA_1_REDMESAWFGNODE,REDMESA_1_REDMESAWFGNODE,RTPD,MGHG,LMP_GHG_PRC,REDMESA_1_REDMESAWFGNODE,ALL,1,-14.46,3,5
2022-09-01T08:30:00-00:00,2022-09-01T08:45:00-00:00,2022-09-01,02,REDMESA_1_REDMESAWFGNODE,REDMESA_1_REDMESAWFGNODE,REDMESA_1_REDMESAWFGNODE,RTPD,MGHG,LMP_GHG_PRC,REDMESA_1_REDMESAWFGNODE,ALL,1,-14.79,3,5
2022-09-01T09:30:00-00:00,2022-09-01T09:45:00-00:00,2022-09-01,03,REDMESA_1_REDMESAWFGNODE,REDMESA_1_REDMESAWFGNODE,REDMESA_1_REDMESAWFGNODE,RTPD,MGHG,LMP_GHG_PRC,REDMESA_1_REDMESAWFGNODE,ALL,1,-12.97,3,5
2022-09-01T10:30:00-00:00,2022-09-01T10:45:00-00:00,2022-09-01,04,REDMESA_1_REDMESAWFGNODE,REDMESA_1_REDMESAWFGNODE,REDMESA_1_REDMESAWFGNODE,RTPD,MGHG,LMP_GHG_PRC,REDMESA_1_REDMESAWFGNODE,ALL,1,-13.98,3,5
2022-09-01T11:30:00-00:00,2022-09-01T11:45:00-00:00,2022-09-01,05,REDMESA_1_REDMESAWFGNODE,REDMESA_1_REDMESAWFGNODE,REDMESA_1_REDMESAWFGNODE,RTPD,MGHG,LMP_GHG_PRC,REDMESA_1_REDMESAWFGNODE,ALL,1,-14.53398,3,5
2022-09-01T12:30:00-00:00,2022-09-01T12:45:00-00:00,2022-09-01,06,REDMESA_1_REDMESAWFGNODE,REDMESA_1_REDMESAWFGNODE,REDMESA_1_REDMESAWFGNODE,RTPD,MGHG,LMP_GHG_PRC,REDMESA_1_REDMESAWFGNODE,ALL,1,-14.79,3,5
2022-09-01T13:30:00-00:00,2022-09-01T13:45:00-00:00,2022-09-01,07,REDMESA_1_REDMESAWFGNODE,REDMESA_1_REDMESAWFGNODE,REDMESA_1_REDMESAWFGNODE,RTPD,MGHG,LMP_GHG_PRC,REDMESA_1_REDMESAWFGNODE,ALL,1,-15.84217,3,5
2022-09-01T14:30:00-00:00,2022-09-01T14:45:00-00:00,2022-09-01,08,REDMESA_1_REDMESAWFGNODE,REDMESA_1_REDMESAWFGNODE,REDMESA_1_REDMESAWFGNODE,RTPD,MGHG,LMP_GHG_PRC,REDMESA_1_REDMESAWFGNODE,ALL,1,-12.7,3,5
2022-09-01T15:30:00-00:00,2022-09-01T15:45:00-00:00,2022-09-01,09,REDMESA_1_REDMESAWFGNODE,REDMESA_1_REDMESAWFGNODE,REDMESA_1_REDMESAWFGNODE,RTPD,MGHG,LMP_GHG_PRC,REDMESA_1_REDMESAWFGNODE,ALL,1,-12.05,3,5
2022-09-01T16:30:00-00:00,2022-09-01T16:45:00-00:00,2022-09-01,10,REDMESA_1_REDMESAWFGNODE,REDMESA_1_REDMESAWFGNODE,REDMESA_1_REDMESAWFGNODE,RTPD,MGHG,LMP_GHG_PRC,REDMESA_1_REDMESAWFGNODE,ALL,1,-11.13,3,5
2022-09-01T17:30:00-00:00,2022-09-01T17:45:00-00:00,2022-09-01,11,REDMESA_1_REDMESAWFGNODE,REDMESA_1_REDMESAWFGNODE,REDMESA_1_REDMESAWFGNODE,RTPD,MGHG,LMP_GHG_PRC,REDMESA_1_REDMESAWFGNODE,ALL,1,-11.63,3,5
2022-09-01T18:30:00-00:00,2022-09-01T18:45:00-00:00,2022-09-01,12,REDMESA_1_REDMESAWFGNODE,REDMESA_1_REDMESAWFGNODE,REDMESA_1_REDMESAWFGNODE,RTPD,MGHG,LMP_GHG_PRC,REDMESA_1_REDMESAWFGNODE,ALL,1,-14.37982,3,5
2022-09-01T19:30:00-00:00,2022-09-01T19:45:00-00:00,2022-09-01,13,REDMESA_1_REDMESAWFGNODE,REDMESA_1_REDMESAWFGNODE,REDMESA_1_REDMESAWFGNODE,RTPD,MGHG,LMP_GHG_PRC,REDMESA_1_REDMESAWFGNODE,ALL,1,-14.79,3,5
2022-09-01T20:30:00-00:00,2022-09-01T20:45:00-00:00,2022-09-01,14,REDMESA_1_REDMESAWFGNODE,REDMESA_1_REDMESAWFGNODE,REDMESA_1_REDMESAWFGNODE,RTPD,MGHG,LMP_GHG_PRC,REDMESA_1_REDMESAWFGNODE,ALL,1,-19.37,3,5
2022-09-01T21:30:00-00:00,2022-09-01T21:45:00-00:00,2022-09-01,15,REDMESA_1_REDMESAWFGNODE,REDMESA_1_REDMESAWFGNODE,REDMESA_1_REDMESAWFGNODE,RTPD,MGHG,LMP_GHG_PRC,REDMESA_1_REDMESAWFGNODE,ALL,1,-14.79,3,5
2022-09-01T22:30:00-00:00,2022-09-01T22:45:00-00:00,2022-09-01,16,REDMESA_1_REDMESAWFGNODE,REDMESA_1_REDMESAWFGNODE,REDMESA_1_REDMESAWFGNODE,RTPD,MGHG,LMP_GHG_PRC,REDMESA_1_REDMESAWFGNODE,ALL,1,-17.77,3,5
2022-09-01T23:30:00-00:00,2022-09-01T23:45:00-00:00,2022-09-01,17,REDMESA_1_REDMESAWFGNODE,REDMESA_1_REDMESAWFGNODE,REDMESA_1_REDMESAWFGNODE,RTPD,MGHG,LMP_GHG_PRC,REDMESA_1_REDMESAWFGNODE,ALL,1,-26.16,3,5
2022-09-02T00:30:00-00:00,2022-09-02T00:45:00-00:00,2022-09-01,18,REDMESA_1_REDMESAWFGNODE,REDMESA_1_REDMESAWFGNODE,REDMESA_1_REDMESAWFGNODE,RTPD,MGHG,LMP_GHG_PRC,REDMESA_1_REDMESAWFGNODE,ALL,1,-29.51,3,5
2022-09-02T01:30:00-00:00,2022-09-02T01:45:00-00:00,2022-09-01,19,REDMESA_1_REDMESAWFGNODE,REDMESA_1_REDMESAWFGNODE,REDMESA_1_REDMESAWFGNODE,RTPD,MGHG,LMP_GHG_PRC,REDMESA_1_REDMESAWFGNODE,ALL,1,-18.59,3,5
2022-09-02T02:30:00-00:00,2022-09-02T02:45:00-00:00,2022-09-01,20,REDMESA_1_REDMESAWFGNODE,REDMESA_1_REDMESAWFGNODE,REDMESA_1_REDMESAWFGNODE,RTPD,MGHG,LMP_GHG_PRC,REDMESA_1_REDMESAWFGNODE,ALL,1,-25.88,3,5
2022-09-02T03:30:00-00:00,2022-09-02T03:45:00-00:00,2022-09-01,21,REDMESA_1_REDMESAWFGNODE,REDMESA_1_REDMESAWFGNODE,REDMESA_1_REDMESAWFGNODE,RTPD,MGHG,LMP_GHG_PRC,REDMESA_1_REDMESAWFGNODE,ALL,1,-14.79,3,5
2022-09-02T04:30:00-00:00,2022-09-02T04:45:00-00:00,2022-09-01,22,REDMESA_1_REDMESAWFGNODE,REDMESA_1_REDMESAWFGNODE,REDMESA_1_REDMESAWFGNODE,RTPD,MGHG,LMP_GHG_PRC,REDMESA_1_REDMESAWFGNODE,ALL,1,-15.61,3,5
2022-09-02T05:30:00-00:00,2022-09-02T05:45:00-00:00,2022-09-01,23,REDMESA_1_REDMESAWFGNODE,REDMESA_1_REDMESAWFGNODE,REDMESA_1_REDMESAWFGNODE,RTPD,MGHG,LMP_GHG_PRC,REDMESA_1_REDMESAWFGNODE,ALL,1,-14.79,3,5
2022-09-02T06:30:00-00:00,2022-09-02T06:45:00-00:00,2022-09-01,24,REDMESA_1_REDMESAWFGNODE,REDMESA_1_REDMESAWFGNODE,REDMESA_1_REDMESAWFGNODE,RTPD,MGHG,LMP_GHG_PRC,REDMESA_1_REDMESAWFGNODE,ALL,1,-14.79,3,5
2022-09-01T07:45:00-00:00,2022-09-01T08:00:00-00:00,2022-09-01,01,REDMESA_1_REDMESAWFGNODE,REDMESA_1_REDMESAWFGNODE,REDMESA_1_REDMESAWFGNODE,RTPD,MGHG,LMP_GHG_PRC,REDMESA_1_REDMESAWFGNODE,ALL,1,-14,4,5
2022-09-01T08:45:00-00:00,2022-09-01T09:00:00-00:00,2022-09-01,02,REDMESA_1_REDMESAWFGNODE,REDMESA_1_REDMESAWFGNODE,REDMESA_1_REDMESAWFGNODE,RTPD,MGHG,LMP_GHG_PRC,REDMESA_1_REDMESAWFGNODE,ALL,1,-14.79,4,5
2022-09-01T09:45:00-00:00,2022-09-01T10:00:00-00:00,2022-09-01,03,REDMESA_1_REDMESAWFGNODE,REDMESA_1_REDMESAWFGNODE,REDMESA_1_REDMESAWFGNODE,RTPD,MGHG,LMP_GHG_PRC,REDMESA_1_REDMESAWFGNODE,ALL,1,-12.97,4,5
2022-09-01T10:45:00-00:00,2022-09-01T11:00:00-00:00,2022-09-01,04,REDMESA_1_REDMESAWFGNODE,REDMESA_1_REDMESAWFGNODE,REDMESA_1_REDMESAWFGNODE,RTPD,MGHG,LMP_GHG_PRC,REDMESA_1_REDMESAWFGNODE,ALL,1,-13.55,4,5
2022-09-01T11:45:00-00:00,2022-09-01T12:00:00-00:00,2022-09-01,05,REDMESA_1_REDMESAWFGNODE,REDMESA_1_REDMESAWFGNODE,REDMESA_1_REDMESAWFGNODE,RTPD,MGHG,LMP_GHG_PRC,REDMESA_1_REDMESAWFGNODE,ALL,1,-14.79,4,5
2022-09-01T12:45:00-00:00,2022-09-01T13:00:00-00:00,2022-09-01,06,REDMESA_1_REDMESAWFGNODE,REDMESA_1_REDMESAWFGNODE,REDMESA_1_REDMESAWFGNODE,RTPD,MGHG,LMP_GHG_PRC,REDMESA_1_REDMESAWFGNODE,ALL,1,-14.79,4,5
2022-09-01T13:45:00-00:00,2022-09-01T14:00:00-00:00,2022-09-01,07,REDMESA_1_REDMESAWFGNODE,REDMESA_1_REDMESAWFGNODE,REDMESA_1_REDMESAWFGNODE,RTPD,MGHG,LMP_GHG_PRC,REDMESA_1_REDMESAWFGNODE,ALL,1,-14.79,4,5
2022-09-01T14:45:00-00:00,2022-09-01T15:00:00-00:00,2022-09-01,08,REDMESA_1_REDMESAWFGNODE,REDMESA_1_REDMESAWFGNODE,REDMESA_1_REDMESAWFGNODE,RTPD,MGHG,LMP_GHG_PRC,REDMESA_1_REDMESAWFGNODE,ALL,1,-8.84,4,5
2022-09-01T15:45:00-00:00,2022-09-01T16:00:00-00:00,2022-09-01,09,REDMESA_1_REDMESAWFGNODE,REDMESA_1_REDMESAWFGNODE,REDMESA_1_REDMESAWFGNODE,RTPD,MGHG,LMP_GHG_PRC,REDMESA_1_REDMESAWFGNODE,ALL,1,-12.05,4,5
2022-09-01T16:45:00-00:00,2022-09-01T17:00:00-00:00,2022-09-01,10,REDMESA_1_REDMESAWFGNODE,REDMESA_1_REDMESAWFGNODE,REDMESA_1_REDMESAWFGNODE,RTPD,MGHG,LMP_GHG_PRC,REDMESA_1_REDMESAWFGNODE,ALL,1,-10.94,4,5
2022-09-01T17:45:00-00:00,2022-09-01T18:00:00-00:00,2022-09-01,11,REDMESA_1_REDMESAWFGNODE,REDMESA_1_REDMESAWFGNODE,REDMESA_1_REDMESAWFGNODE,RTPD,MGHG,LMP_GHG_PRC,REDMESA_1_REDMESAWFGNODE,ALL,1,-12.32178,4,5
2022-09-01T18:45:00-00:00,2022-09-01T19:00:00-00:00,2022-09-01,12,REDMESA_1_REDMESAWFGNODE,REDMESA_1_REDMESAWFGNODE,REDMESA_1_REDMESAWFGNODE,RTPD,MGHG,LMP_GHG_PRC,REDMESA_1_REDMESAWFGNODE,ALL,1,-13.98,4,5
2022-09-01T19:45:00-00:00,2022-09-01T20:00:00-00:00,2022-09-01,13,REDMESA_1_REDMESAWFGNODE,REDMESA_1_REDMESAWFGNODE,REDMESA_1_REDMESAWFGNODE,RTPD,MGHG,LMP_GHG_PRC,REDMESA_1_REDMESAWFGNODE,ALL,1,-15.37,4,5
2022-09-01T20:45:00-00:00,2022-09-01T21:00:00-00:00,2022-09-01,14,REDMESA_1_REDMESAWFGNODE,REDMESA_1_REDMESAWFGNODE,REDMESA_1_REDMESAWFGNODE,RTPD,MGHG,LMP_GHG_PRC,REDMESA_1_REDMESAWFGNODE,ALL,1,-15.61,4,5
2022-09-01T21:45:00-00:00,2022-09-01T22:00:00-00:00,2022-09-01,15,REDMESA_1_REDMESAWFGNODE,REDMESA_1_REDMESAWFGNODE,REDMESA_1_REDMESAWFGNODE,RTPD,MGHG,LMP_GHG_PRC,REDMESA_1_REDMESAWFGNODE,ALL,1,-14.79,4,5
2022-09-01T22:45:00-00:00,2022-09-01T23:00:00-00:00,2022-09-01,16,REDMESA_1_REDMESAWFGNODE,REDMESA_1_REDMESAWFGNODE,REDMESA_1_REDMESAWFGNODE,RTPD,MGHG,LMP_GHG_PRC,REDMESA_1_REDMESAWFGNODE,ALL,1,-17.16,4,5
2022-09-01T23:45:00-00:00,2022-09-02T00:00:00-00:00,2022-09-01,17,REDMESA_1_REDMESAWFGNODE,REDMESA_1_REDMESAWFGNODE,REDMESA_1_REDMESAWFGNODE,RTPD,MGHG,LMP_GHG_PRC,REDMESA_1_REDMESAWFGNODE,ALL,1,-28.33,4,5
2022-09-02T00:45:00-00:00,2022-09-02T01:00:00-00:00,2022-09-01,18,REDMESA_1_REDMESAWFGNODE,REDMESA_1_REDMESAWFGNODE,REDMESA_1_REDMESAWFGNODE,RTPD,MGHG,LMP_GHG_PRC,REDMESA_1_REDMESAWFGNODE,ALL,1,-29.51,4,5
2022-09-02T01:45:00-00:00,2022-09-02T02:00:00-00:00,2022-09-01,19,REDMESA_1_REDMESAWFGNODE,REDMESA_1_REDMESAWFGNODE,REDMESA_1_REDMESAWFGNODE,RTPD,MGHG,LMP_GHG_PRC,REDMESA_1_REDMESAWFGNODE,ALL,1,-15.61,4,5
2022-09-02T02:45:00-00:00,2022-09-02T03:00:00-00:00,2022-09-01,20,REDMESA_1_REDMESAWFGNODE,REDMESA_1_REDMESAWFGNODE,REDMESA_1_REDMESAWFGNODE,RTPD,MGHG,LMP_GHG_PRC,REDMESA_1_REDMESAWFGNODE,ALL,1,-30.58,4,5
2022-09-02T03:45:00-00:00,2022-09-02T04:00:00-00:00,2022-09-01,21,REDMESA_1_REDMESAWFGNODE,REDMESA_1_REDMESAWFGNODE,REDMESA_1_REDMESAWFGNODE,RTPD,MGHG,LMP_GHG_PRC,REDMESA_1_REDMESAWFGNODE,ALL,1,-16.46,4,5
2022-09-02T04:45:00-00:00,2022-09-02T05:00:00-00:00,2022-09-01,22,REDMESA_1_REDMESAWFGNODE,REDMESA_1_REDMESAWFGNODE,REDMESA_1_REDMESAWFGNODE,RTPD,MGHG,LMP_GHG_PRC,REDMESA_1_REDMESAWFGNODE,ALL,1,-15.61,4,5
2022-09-02T05:45:00-00:00,2022-09-02T06:00:00-00:00,2022-09-01,23,REDMESA_1_REDMESAWFGNODE,REDMESA_1_REDMESAWFGNODE,REDMESA_1_REDMESAWFGNODE,RTPD,MGHG,LMP_GHG_PRC,REDMESA_1_REDMESAWFGNODE,ALL,1,-14.79,4,5
2022-09-02T06:45:00-00:00,2022-09-02T07:00:00-00:00,2022-09-01,24,REDMESA_1_REDMESAWFGNODE,REDMESA_1_REDMESAWFGNODE,REDMESA_1_REDMESAWFGNODE,RTPD,MGHG,LMP_GHG_PRC,REDMESA_1_REDMESAWFGNODE,ALL,1,-15,4,5
