INTERVALSTARTTIME_GMT,INTERVALENDTIME_GMT,OPR_DT,OPR_HR,NODE_ID_XML,NODE_ID,NODE,MARKET_RUN_ID,LMP_TYPE,XML_DATA_ITEM,PNODE_RESMRID,GRP_TYPE,POS,PRC,OPR_INTERVAL,GROUP
2022-09-01T07:00:00-00:00,2022-09-01T07:15:00-00:00,2022-09-01,01,ANTLER_6_N001,ANTLER_6_N001,ANTLER_6_N001,RTPD,LMP,LMP_PRC,ANTLER_6_N001,ALL,1,77.15246,1,1
2022-09-01T08:00:00-00:00,2022-09-01T08:15:00-00:00,2022-09-01,02,ANTLER_6_N001,ANTLER_6_N001,ANTLER_6_N001,RTPD,LMP,LMP_PRC,ANTLER_6_N001,ALL,1,112.42135,1,1
2022-09-01T09:00:00-00:00,2022-09-01T09:15:00-00:00,2022-09-01,03,ANTLER_6_N001,ANTLER_6_N001,ANTLER_6_N001,RTPD,LMP,LMP_PRC,ANTLER_6_N001,ALL,1,92.40864,1,1
2022-09-01T10:00:00-00:00,2022-09-01T10:15:00-00:00,2022-09-01,04,ANTLER_6_N001,ANTLER_6_N001,ANTLER_6_N001,RTPD,LMP,LMP_PRC,ANTLER_6_N001,ALL,1,91.81617,1,1
2022-09-01T11:00:00-00:00,2022-09-01T11:15:00-00:00,2022-09-01,05,ANTLER_6_N001,ANTLER_6_N001,ANTLER_6_N001,RTPD,LMP,LMP_PRC,ANTLER_6_N001,ALL,1,99.71718,1,1
2022-09-01T12:00:00-00:00,2022-09-01T12:15:00-00:00,2022-09-01,06,ANTLER_6_N001,ANTLER_6_N001,ANTLER_6_N001,RTPD,LMP,LMP_PRC,ANTLER_6_N001,ALL,1,84.1015,1,1
2022-09-01T13:00:00-00:00,2022-09-01T13:15:00-00:00,2022-09-01,07,ANTLER_6_N001,ANTLER_6_N001,ANTLER_6_N001,RTPD,LMP,LMP_PRC,ANTLER_6_N001,ALL,1,89.49679,1,1
2022-09-01T14:00:00-00:00,2022-09-01T14:15:00-00:00,2022-09-01,08,ANTLER_6_N001,ANTLER_6_N001,ANTLER_6_N001,RTPD,LMP,LMP_PRC,ANTLER_6_N001,ALL,1,108.77883,1,1
2022-09-01T15:00:00-00:00,2022-09-01T15:15:00-00:00,2022-09-01,09,ANTLER_6_N001,ANTLER_6_N001,ANTLER_6_N001,RTPD,LMP,LMP_PRC,ANTLER_6_N001,ALL,1,97.4112,1,1
2022-09-01T16:00:00-00:00,2022-09-01T16:15:00-00:00,2022-09-01,10,ANTLER_6_N001,ANTLER_6_N001,ANTLER_6_N001,RTPD,LMP,LMP_PRC,ANTLER_6_N001,ALL,1,83.43525,1,1
2022-09-01T17:00:00-00:00,2022-09-01T17:15:00-00:00,2022-09-01,11,ANTLER_6_N001,ANTLER_6_N001,ANTLER_6_N001,RTPD,LMP,LMP_PRC,ANTLER_6_N001,ALL,1,81.30979,1,1
2022-09-01T18:00:00-00:00,2022-09-01T18:15:00-00:00,2022-09-01,12,ANTLER_6_N001,ANTLER_6_N001,ANTLER_6_N001,RTPD,LMP,LMP_PRC,ANTLER_6_N001,ALL,1,61.18547,1,1
2022-09-01T19:00:00-00:00,2022-09-01T19:15:00-00:00,2022-09-01,13,ANTLER_6_N001,ANTLER_6_N001,ANTLER_6_N001,RTPD,LMP,LMP_PRC,ANTLER_6_N001,ALL,1,75.60632,1,1
2022-09-01T20:00:00-00:00,2022-09-01T20:15:00-00:00,2022-09-01,14,ANTLER_6_N001,ANTLER_6_N001,ANTLER_6_N001,RTPD,LMP,LMP_PRC,ANTLER_6_N001,ALL,1,114.64107,1,1
2022-09-01T21:00:00-00:00,2022-09-01T21:15:00-00:00,2022-09-01,15,ANTLER_6_N001,ANTLER_6_N001,ANTLER_6_N001,RTPD,LMP,LMP_PRC,ANTLER_6_N001,ALL,1,133.13174,1,1
2022-09-01T22:00:00-00:00,2022-09-01T22:15:00-00:00,2022-09-01,16,ANTLER_6_N001,ANTLER_6_N001,ANTLER_6_N001,RTPD,LMP,LMP_PRC,ANTLER_6_N001,ALL,1,127.97667,1,1
2022-09-01T23:00:00-00:00,2022-09-01T23:15:00-00:00,2022-09-01,17,ANTLER_6_N001,ANTLER_6_N001,ANTLER_6_N001,RTPD,LMP,LMP_PRC,ANTLER_6_N001,ALL,1,227.09454,1,1
2022-09-02T00:00:00-00:00,2022-09-02T00:15:00-00:00,2022-09-01,18,ANTLER_6_N001,ANTLER_6_N001,ANTLER_6_N001,RTPD,LMP,LMP_PRC,ANTLER_6_N001,ALL,1,1049.0454,1,1
2022-09-02T01:00:00-00:00,2022-09-02T01:15:00-00:00,2022-09-01,19,ANTLER_6_N001,ANTLER_6_N001,ANTLER_6_N001,RTPD,LMP,LMP_PRC,ANTLER_6_N001,ALL,1,1215.2206,1,1
2022-09-02T02:00:00-00:00,2022-09-02T02:15:00-00:00,2022-09-01,20,ANTLER_6_N001,ANTLER_6_N001,ANTLER_6_N001,RTPD,LMP,LMP_PRC,ANTLER_6_N001,ALL,1,1991.6721,1,1
2022-09-02T03:00:00-00:00,2022-09-02T03:15:00-00:00,2022-09-01,21,ANTLER_6_N001,ANTLER_6_N001,ANTLER_6_N001,RTPD,LMP,LMP_PRC,ANTLER_6_N001,ALL,1,1271.1755,1,1
2022-09-02T04:00:00-00:00,2022-09-02T04:15:00-00:00,2022-09-01,22,ANTLER_6_N001,ANTLER_6_N001,ANTLER_6_N001,RTPD,LMP,LMP_PRC,ANTLER_6_N001,ALL,1,251.5132,1,1
2022-09-02T05:00:00-00:00,2022-09-02T05:15:00-00:00,2022-09-01,23,ANTLER_6_N001,ANTLER_6_N001,ANTLER_6_N001,RTPD,LMP,LMP_PRC,ANTLER_6_N001,ALL,1,179.87485,1,1
2022-09-02T06:00:00-00:00,2022-09-02T06:15:00-00:00,2022-09-01,24,ANTLER_6_N001,ANTLER_6_N001,ANTLER_6_N001,RTPD,LMP,LMP_PRC,ANTLER_6_N001,ALL,1,153.7356,1,1
2022-09-01T07:15:00-00:00,2022-09-01T07:30:00-00:00,2022-09-01,01,ANTLER_6_N001,ANTLER_6_N001,ANTLER_6_N001,RTPD,LMP,LMP_PRC,ANTLER_6_N001,ALL,1,116.1475,2,1
2022-09-01T08:15:00-00:00,2022-09-01T08:30:00-00:00,2022-09-01,02,ANTLER_6_N001,ANTLER_6_N001,ANTLER_6_N001,RTPD,LMP,LMP_PRC,ANTLER_6_N001,ALL,1,114.67369,2,1
2022-09-01T09:15:00-00:00,2022-09-01T09:30:00-00:00,2022-09-01,03,ANTLER_6_N001,ANTLER_6_N001,ANTLER_6_N001,RTPD,LMP,LMP_PRC,ANTLER_6_N001,ALL,1,89.75029,2,1
2022-09-01T10:15:00-00:00,2022-09-01T10:30:00-00:00,2022-09-01,04,ANTLER_6_N001,ANTLER_6_N001,ANTLER_6_N001,RTPD,LMP,LMP_PRC,ANTLER_6_N001,ALL,1,88.7328,2,1
2022-09-01T11:15:00-00:00,2022-09-01T11:30:00-00:00,2022-09-01,05,ANTLER_6_N001,ANTLER_6_N001,ANTLER_6_N001,RTPD,LMP,LMP_PRC,ANTLER_6_N001,ALL,1,100.1422,2,1
2022-09-01T12:15:00-00:00,2022-09-01T12:30:00-00:00,2022-09-01,06,ANTLER_6_N001,ANTLER_6_N001,ANTLER_6_N001,RTPD,LMP,LMP_PRC,ANTLER_6_N001,ALL,1,99.84319,2,1
2022-09-01T13:15:00-00:00,2022-09-01T13:30:00-00:00,2022-09-01,07,ANTLER_6_N001,ANTLER_6_N001,ANTLER_6_N001,RTPD,LMP,LMP_PRC,ANTLER_6_N001,ALL,1,106.53238,2,1
2022-09-01T14:15:00-00:00,2022-09-01T14:30:00-00:00,2022-09-01,08,ANTLER_6_N001,ANTLER_6_N001,ANTLER_6_N001,RTPD,LMP,LMP_PRC,ANTLER_6_N001,ALL,1,102.67073,2,1
2022-09-01T15:15:00-00:00,2022-09-01T15:30:00-00:00,2022-09-01,09,ANTLER_6_N001,ANTLER_6_N001,ANTLER_6_N001,RTPD,LMP,LMP_PRC,ANTLER_6_N001,ALL,1,86.9388,2,1
2022-09-01T16:15:00-00:00,2022-09-01T16:30:00-00:00,2022-09-01,10,ANTLER_6_N001,ANTLER_6_N001,ANTLER_6_N001,RTPD,LMP,LMP_PRC,ANTLER_6_N001,ALL,1,87.9193,2,1
2022-09-01T17:15:00-00:00,2022-09-01T17:30:00-00:00,2022-09-01,11,ANTLER_6_N001,ANTLER_6_N001,ANTLER_6_N001,RTPD,LMP,LMP_PRC,ANTLER_6_N001,ALL,1,80.29239,2,1
2022-09-01T18:15:00-00:00,2022-09-01T18:30:00-00:00,2022-09-01,12,ANTLER_6_N001,ANTLER_6_N001,ANTLER_6_N001,RTPD,LMP,LMP_PRC,ANTLER_6_N001,ALL,1,76.25743,2,1
2022-09-01T19:15:00-00:00,2022-09-01T19:30:00-00:00,2022-09-01,13,ANTLER_6_N001,ANTLER_6_N001,ANTLER_6_N001,RTPD,LMP,LMP_PRC,ANTLER_6_N001,ALL,1,77.64538,2,1
2022-09-01T20:15:00-00:00,2022-09-01T20:30:00-00:00,2022-09-01,14,ANTLER_6_N001,ANTLER_6_N001,ANTLER_6_N001,RTPD,LMP,LMP_PRC,ANTLER_6_N001,ALL,1,114.50352,2,1
2022-09-01T21:15:00-00:00,2022-09-01T21:30:00-00:00,2022-09-01,15,ANTLER_6_N001,ANTLER_6_N001,ANTLER_6_N001,RTPD,LMP,LMP_PRC,ANTLER_6_N001,ALL,1,121.94747,2,1
2022-09-01T22:15:00-00:00,2022-09-01T22:30:00-00:00,2022-09-01,16,ANTLER_6_N001,ANTLER_6_N001,ANTLER_6_N001,RTPD,LMP,LMP_PRC,ANTLER_6_N001,ALL,1,145.55972,2,1
2022-09-01T23:15:00-00:00,2022-09-01T23:30:00-00:00,2022-09-01,17,ANTLER_6_N001,ANTLER_6_N001,ANTLER_6_N001,RTPD,LMP,LMP_PRC,ANTLER_6_N001,ALL,1,269.2589,2,1
2022-09-02T00:15:00-00:00,2022-09-02T00:30:00-00:00,2022-09-01,18,ANTLER_6_N001,ANTLER_6_N001,ANTLER_6_N001,RTPD,LMP,LMP_PRC,ANTLER_6_N001,ALL,1,965.6309,2,1
2022-09-02T01:15:00-00:00,2022-09-02T01:30:00-00:00,2022-09-01,19,ANTLER_6_N001,ANTLER_6_N001,ANTLER_6_N001,RTPD,LMP,LMP_PRC,ANTLER_6_N001,ALL,1,1999.9933,2,1
2022-09-02T02:15:00-00:00,2022-09-02T02:30:00-00:00,2022-09-01,20,ANTLER_6_N001,ANTLER_6_N001,ANTLER_6_N001,RTPD,LMP,LMP_PRC,ANTLER_6_N001,ALL,1,1991.6721,2,1
2022-09-02T03:15:00-00:00,2022-09-02T03:30:00-00:00,2022-09-01,21,ANTLER_6_N001,ANTLER_6_N001,ANTLER_6_N001,RTPD,LMP,LMP_PRC,ANTLER_6_N001,ALL,1,527.0158,2,1
2022-09-02T04:15:00-00:00,2022-09-02T04:30:00-00:00,2022-09-01,22,ANTLER_6_N001,ANTLER_6_N001,ANTLER_6_N001,RTPD,LMP,LMP_PRC,ANTLER_6_N001,ALL,1,218.86195,2,1
2022-09-02T05:15:00-00:00,2022-09-02T05:30:00-00:00,2022-09-01,23,ANTLER_6_N001,ANTLER_6_N001,ANTLER_6_N001,RTPD,LMP,LMP_PRC,ANTLER_6_N001,ALL,1,153.33327,2,1
2022-09-02T06:15:00-00:00,2022-09-02T06:30:00-00:00,2022-09-01,24,ANTLER_6_N001,ANTLER_6_N001,ANTLER_6_N001,RTPD,LMP,LMP_PRC,ANTLER_6_N001,ALL,1,137.14752,2,1
2022-09-01T07:30:00-00:00,2022-09-01T07:45:00-00:00,2022-09-01,01,ANTLER_6_N001,ANTLER_6_N001,ANTLER_6_N001,RTPD,LMP,LMP_PRC,ANTLER_6_N001,ALL,1,103.83647,3,1
2022-09-01T08:30:00-00:00,2022-09-01T08:45:00-00:00,2022-09-01,02,ANTLER_6_N001,ANTLER_6_N001,ANTLER_6_N001,RTPD,LMP,LMP_PRC,ANTLER_6_N001,ALL,1,107.52267,3,1
2022-09-01T09:30:00-00:00,2022-09-01T09:45:00-00:00,2022-09-01,03,ANTLER_6_N001,ANTLER_6_N001,ANTLER_6_N001,RTPD,LMP,LMP_PRC,ANTLER_6_N001,ALL,1,89.54322,3,1
2022-09-01T10:30:00-00:00,2022-09-01T10:45:00-00:00,2022-09-01,04,ANTLER_6_N001,ANTLER_6_N001,ANTLER_6_N001,RTPD,LMP,LMP_PRC,ANTLER_6_N001,ALL,1,90.41466,3,1
2022-09-01T11:30:00-00:00,2022-09-01T11:45:00-00:00,2022-09-01,05,ANTLER_6_N001,ANTLER_6_N001,ANTLER_6_N001,RTPD,LMP,LMP_PRC,ANTLER_6_N001,ALL,1,100.18655,3,1
2022-09-01T12:30:00-00:00,2022-09-01T12:45:00-00:00,2022-09-01,06,ANTLER_6_N001,ANTLER_6_N001,ANTLER_6_N001,RTPD,LMP,LMP_PRC,ANTLER_6_N001,ALL,1,99.9177,3,1
2022-09-01T13:30:00-00:00,2022-09-01T13:45:00-00:00,2022-09-01,07,ANTLER_6_N001,ANTLER_6_N001,ANTLER_6_N001,RTPD,LMP,LMP_PRC,ANTLER_6_N001,ALL,1,107.79547,3,1
2022-09-01T14:30:00-00:00,2022-09-01T14:45:00-00:00,2022-09-01,08,ANTLER_6_N001,ANTLER_6_N001,ANTLER_6_N001,RTPD,LMP,LMP_PRC,ANTLER_6_N001,ALL,1,100.15401,3,1
2022-09-01T15:30:00-00:00,2022-09-01T15:45:00-00:00,2022-09-01,09,ANTLER_6_N001,ANTLER_6_N001,ANTLER_6_N001,RTPD,LMP,LMP_PRC,ANTLER_6_N001,ALL,1,86.1388,3,1
2022-09-01T16:30:00-00:00,2022-09-01T16:45:00-00:00,2022-09-01,10,ANTLER_6_N001,ANTLER_6_N001,ANTLER_6_N001,RTPD,LMP,LMP_PRC,ANTLER_6_N001,ALL,1,75.98647,3,1
2022-09-01T17:30:00-00:00,2022-09-01T17:45:00-00:00,2022-09-01,11,ANTLER_6_N001,ANTLER_6_N001,ANTLER_6_N001,RTPD,LMP,LMP_PRC,ANTLER_6_N001,ALL,1,79.9988,3,1
2022-09-01T18:30:00-00:00,2022-09-01T18:45:00-00:00,2022-09-01,12,ANTLER_6_N001,ANTLER_6_N001,ANTLER_6_N001,RTPD,LMP,LMP_PRC,ANTLER_6_N001,ALL,1,81.22682,3,1
2022-09-01T19:30:00-00:00,2022-09-01T19:45:00-00:00,2022-09-01,13,ANTLER_6_N001,ANTLER_6_N001,ANTLER_6_N001,RTPD,LMP,LMP_PRC,ANTLER_6_N001,ALL,1,102.13987,3,1
2022-09-01T20:30:00-00:00,2022-09-01T20:45:00-00:00,2022-09-01,14,ANTLER_6_N001,ANTLER_6_N001,ANTLER_6_N001,RTPD,LMP,LMP_PRC,ANTLER_6_N001,ALL,1,117.74921,3,1
2022-09-01T21:30:00-00:00,2022-09-01T21:45:00-00:00,2022-09-01,15,ANTLER_6_N001,ANTLER_6_N001,ANTLER_6_N001,RTPD,LMP,LMP_PRC,ANTLER_6_N001,ALL,1,129.72151,3,1
2022-09-01T22:30:00-00:00,2022-09-01T22:45:00-00:00,2022-09-01,16,ANTLER_6_N001,ANTLER_6_N001,ANTLER_6_N001,RTPD,LMP,LMP_PRC,ANTLER_6_N001,ALL,1,164.30347,3,1
2022-09-01T23:30:00-00:00,2022-09-01T23:45:00-00:00,2022-09-01,17,ANTLER_6_N001,ANTLER_6_N001,ANTLER_6_N001,RTPD,LMP,LMP_PRC,ANTLER_6_N001,ALL,1,566.48157,3,1
2022-09-02T00:30:00-00:00,2022-09-02T00:45:00-00:00,2022-09-01,18,ANTLER_6_N001,ANTLER_6_N001,ANTLER_6_N001,RTPD,LMP,LMP_PRC,ANTLER_6_N001,ALL,1,1746.5845,3,1
2022-09-02T01:30:00-00:00,2022-09-02T01:45:00-00:00,2022-09-01,19,ANTLER_6_N001,ANTLER_6_N001,ANTLER_6_N001,RTPD,LMP,LMP_PRC,ANTLER_6_N001,ALL,1,1999.9956,3,1
2022-09-02T02:30:00-00:00,2022-09-02T02:45:00-00:00,2022-09-01,20,ANTLER_6_N001,ANTLER_6_N001,ANTLER_6_N001,RTPD,LMP,LMP_PRC,ANTLER_6_N001,ALL,1,1991.671,3,1
2022-09-02T03:30:00-00:00,2022-09-02T03:45:00-00:00,2022-09-01,21,ANTLER_6_N001,ANTLER_6_N001,ANTLER_6_N001,RTPD,LMP,LMP_PRC,ANTLER_6_N001,ALL,1,213.75037,3,1
2022-09-02T04:30:00-00:00,2022-09-02T04:45:00-00:00,2022-09-01,22,ANTLER_6_N001,ANTLER_6_N001,ANTLER_6_N001,RTPD,LMP,LMP_PRC,ANTLER_6_N001,ALL,1,174.10155,3,1
2022-09-02T05:30:00-00:00,2022-09-02T05:45:00-00:00,2022-09-01,23,ANTLER_6_N001,ANTLER_6_N001,ANTLER_6_N001,RTPD,LMP,LMP_PRC,ANTLER_6_N001,ALL,1,127.85356,3,1
2022-09-02T06:30:00-00:00,2022-09-02T06:45:00-00:00,2022-09-01,24,ANTLER_6_N001,ANTLER_6_N001,ANTLER_6_N001,RTPD,LMP,LMP_PRC,ANTLER_6_N001,ALL,1,124.17589,3,1
2022-09-01T07:45:00-00:00,2022-09-01T08:00:00-00:00,2022-09-01,01,ANTLER_6_N001,ANTLER_6_N001,ANTLER_6_N001,RTPD,LMP,LMP_PRC,ANTLER_6_N001,ALL,1,91.84586,4,1
2022-09-01T08:45:00-00:00,2022-09-01T09:00:00-00:00,2022-09-01,02,ANTLER_6_N001,ANTLER_6_N001,ANTLER_6_N001,RTPD,LMP,LMP_PRC,ANTLER_6_N001,ALL,1,91.08143,4,1
2022-09-01T09:45:00-00:00,2022-09-01T10:00:00-00:00,2022-09-01,03,ANTLER_6_N001,ANTLER_6_N001,ANTLER_6_N001,RTPD,LMP,LMP_PRC,ANTLER_6_N001,ALL,1,89.32836,4,1
2022-09-01T10:45:00-00:00,2022-09-01T11:00:00-00:00,2022-09-01,04,ANTLER_6_N001,ANTLER_6_N001,ANTLER_6_N001,RTPD,LMP,LMP_PRC,ANTLER_6_N001,ALL,1,90.52863,4,1
2022-09-01T11:45:00-00:00,2022-09-01T12:00:00-00:00,2022-09-01,05,ANTLER_6_N001,ANTLER_6_N001,ANTLER_6_N001,RTPD,LMP,LMP_PRC,ANTLER_6_N001,ALL,1,107.01,4,1
2022-09-01T12:45:00-00:00,2022-09-01T13:00:00-00:00,2022-09-01,06,ANTLER_6_N001,ANTLER_6_N001,ANTLER_6_N001,RTPD,LMP,LMP_PRC,ANTLER_6_N001,ALL,1,114.29016,4,1
2022-09-01T13:45:00-00:00,2022-09-01T14:00:00-00:00,2022-09-01,07,ANTLER_6_N001,ANTLER_6_N001,ANTLER_6_N001,RTPD,LMP,LMP_PRC,ANTLER_6_N001,ALL,1,111.41,4,1
2022-09-01T14:45:00-00:00,2022-09-01T15:00:00-00:00,2022-09-01,08,ANTLER_6_N001,ANTLER_6_N001,ANTLER_6_N001,RTPD,LMP,LMP_PRC,ANTLER_6_N001,ALL,1,86.1388,4,1
2022-09-01T15:45:00-00:00,2022-09-01T16:00:00-00:00,2022-09-01,09,ANTLER_6_N001,ANTLER_6_N001,ANTLER_6_N001,RTPD,LMP,LMP_PRC,ANTLER_6_N001,ALL,1,78.70076,4,1
2022-09-01T16:45:00-00:00,2022-09-01T17:00:00-00:00,2022-09-01,10,ANTLER_6_N001,ANTLER_6_N001,ANTLER_6_N001,RTPD,LMP,LMP_PRC,ANTLER_6_N001,ALL,1,79.64466,4,1
2022-09-01T17:45:00-00:00,2022-09-01T18:00:00-00:00,2022-09-01,11,ANTLER_6_N001,ANTLER_6_N001,ANTLER_6_N001,RTPD,LMP,LMP_PRC,ANTLER_6_N001,ALL,1,80.26038,4,1
2022-09-01T18:45:00-00:00,2022-09-01T19:00:00-00:00,2022-09-01,12,ANTLER_6_N001,ANTLER_6_N001,ANTLER_6_N001,RTPD,LMP,LMP_PRC,ANTLER_6_N001,ALL,1,83.16377,4,1
2022-09-01T19:45:00-00:00,2022-09-01T20:00:00-00:00,2022-09-01,13,ANTLER_6_N001,ANTLER_6_N001,ANTLER_6_N001,RTPD,LMP,LMP_PRC,ANTLER_6_N001,ALL,1,107.31137,4,1
2022-09-01T20:45:00-00:00,2022-09-01T21:00:00-00:00,2022-09-01,14,ANTLER_6_N001,ANTLER_6_N001,ANTLER_6_N001,RTPD,LMP,LMP_PRC,ANTLER_6_N001,ALL,1,127.3056,4,1
2022-09-01T21:45:00-00:00,2022-09-01T22:00:00-00:00,2022-09-01,15,ANTLER_6_N001,ANTLER_6_N001,ANTLER_6_N001,RTPD,LMP,LMP_PRC,ANTLER_6_N001,ALL,1,215.97388,4,1
2022-09-01T22:45:00-00:00,2022-09-01T23:00:00-00:00,2022-09-01,16,ANTLER_6_N001,ANTLER_6_N001,ANTLER_6_N001,RTPD,LMP,LMP_PRC,ANTLER_6_N001,ALL,1,188.46301,4,1
2022-09-01T23:45:00-00:00,2022-09-02T00:00:00-00:00,2022-09-01,17,ANTLER_6_N001,ANTLER_6_N001,ANTLER_6_N001,RTPD,LMP,LMP_PRC,ANTLER_6_N001,ALL,1,1624.8519,4,1
2022-09-02T00:45:00-00:00,2022-09-02T01:00:00-00:00,2022-09-01,18,ANTLER_6_N001,ANTLER_6_N001,ANTLER_6_N001,RTPD,LMP,LMP_PRC,ANTLER_6_N001,ALL,1,1780.724,4,1
2022-09-02T01:45:00-00:00,2022-09-02T02:00:00-00:00,2022-09-01,19,ANTLER_6_N001,ANTLER_6_N001,ANTLER_6_N001,RTPD,LMP,LMP_PRC,ANTLER_6_N001,ALL,1,1991.9337,4,1
2022-09-02T02:45:00-00:00,2022-09-02T03:00:00-00:00,2022-09-01,20,ANTLER_6_N001,ANTLER_6_N001,ANTLER_6_N001,RTPD,LMP,LMP_PRC,ANTLER_6_N001,ALL,1,1692.9354,4,1
2022-09-02T03:45:00-00:00,2022-09-02T04:00:00-00:00,2022-09-01,21,ANTLER_6_N001,ANTLER_6_N001,ANTLER_6_N001,RTPD,LMP,LMP_PRC,ANTLER_6_N001,ALL,1,155.06656,4,1
2022-09-02T04:45:00-00:00,2022-09-02T05:00:00-00:00,2022-09-01,22,ANTLER_6_N001,ANTLER_6_N001,ANTLER_6_N001,RTPD,LMP,LMP_PRC,ANTLER_6_N001,ALL,1,122.92278,4,1
2022-09-02T05:45:00-00:00,2022-09-02T06:00:00-00:00,2022-09-01,23,ANTLER_6_N001,ANTLER_6_N001,ANTLER_6_N001,RTPD,LMP,LMP_PRC,ANTLER_6_N001,ALL,1,110.16927,4,1
2022-09-02T06:45:00-00:00,2022-09-02T07:00:00-00:00,2022-09-01,24,ANTLER_6_N001,ANTLER_6_N001,ANTLER_6_N001,RTPD,LMP,LMP_PRC,ANTLER_6_N001,ALL,1,105.53401,4,1
2022-09-01T07:00:00-00:00,2022-09-01T07:15:00-00:00,2022-09-01,01,ANTLER_6_N001,ANTLER_6_N001,ANTLER_6_N001,RTPD,MCC,LMP_CONG_PRC,ANTLER_6_N001,ALL,1,-16.01252,1,2
2022-09-01T08:00:00-00:00,2022-09-01T08:15:00-00:00,2022-09-01,02,ANTLER_6_N001,ANTLER_6_N001,ANTLER_6_N001,RTPD,MCC,LMP_CONG_PRC,ANTLER_6_N001,ALL,1,-3.12744,1,2
2022-09-01T09:00:00-00:00,2022-09-01T09:15:00-00:00,2022-09-01,03,ANTLER_6_N001,ANTLER_6_N001,ANTLER_6_N001,RTPD,MCC,LMP_CONG_PRC,ANTLER_6_N001,ALL,1,-4.19043,1,2
2022-09-01T10:00:00-00:00,2022-09-01T10:15:00-00:00,2022-09-01,04,ANTLER_6_N001,ANTLER_6_N001,ANTLER_6_N001,RTPD,MCC,LMP_CONG_PRC,ANTLER_6_N001,ALL,1,-3.63991,1,2
2022-09-01T11:00:00-00:00,2022-09-01T11:15:00-00:00,2022-09-01,05,ANTLER_6_N001,ANTLER_6_N001,ANTLER_6_N001,RTPD,MCC,LMP_CONG_PRC,ANTLER_6_N001,ALL,1,0,1,2
2022-09-01T12:00:00-00:00,2022-09-01T12:15:00-00:00,2022-09-01,06,ANTLER_6_N001,ANTLER_6_N001,ANTLER_6_N001,RTPD,MCC,LMP_CONG_PRC,ANTLER_6_N001,ALL,1,-9.31825,1,2
2022-09-01T13:00:00-00:00,2022-09-01T13:15:00-00:00,2022-09-01,07,ANTLER_6_N001,ANTLER_6_N001,ANTLER_6_N001,RTPD,MCC,LMP_CONG_PRC,ANTLER_6_N001,ALL,1,-12.31198,1,2
2022-09-01T14:00:00-00:00,2022-09-01T14:15:00-00:00,2022-09-01,08,ANTLER_6_N001,ANTLER_6_N001,ANTLER_6_N001,RTPD,MCC,LMP_CONG_PRC,ANTLER_6_N001,ALL,1,0,1,2
2022-09-01T15:00:00-00:00,2022-09-01T15:15:00-00:00,2022-09-01,09,ANTLER_6_N001,ANTLER_6_N001,ANTLER_6_N001,RTPD,MCC,LMP_CONG_PRC,ANTLER_6_N001,ALL,1,0,1,2
2022-09-01T16:00:00-00:00,2022-09-01T16:15:00-00:00,2022-09-01,10,ANTLER_6_N001,ANTLER_6_N001,ANTLER_6_N001,RTPD,MCC,LMP_CONG_PRC,ANTLER_6_N001,ALL,1,0,1,2
2022-09-01T17:00:00-00:00,2022-09-01T17:15:00-00:00,2022-09-01,11,ANTLER_6_N001,ANTLER_6_N001,ANTLER_6_N001,RTPD,MCC,LMP_CONG_PRC,ANTLER_6_N001,ALL,1,-15.63918,1,2
2022-09-01T18:00:00-00:00,2022-09-01T18:15:00-00:00,2022-09-01,12,ANTLER_6_N001,ANTLER_6_N001,ANTLER_6_N001,RTPD,MCC,LMP_CONG_PRC,ANTLER_6_N001,ALL,1,-30.40744,1,2
2022-09-01T19:00:00-00:00,2022-09-01T19:15:00-00:00,2022-09-01,13,ANTLER_6_N001,ANTLER_6_N001,ANTLER_6_N001,RTPD,MCC,LMP_CONG_PRC,ANTLER_6_N001,ALL,1,-33.59004,1,2
2022-09-01T20:00:00-00:00,2022-09-01T20:15:00-00:00,2022-09-01,14,ANTLER_6_N001,ANTLER_6_N001,ANTLER_6_N001,RTPD,MCC,LMP_CONG_PRC,ANTLER_6_N001,ALL,1,-3.30252,1,2
2022-09-01T21:00:00-00:00,2022-09-01T21:15:00-00:00,2022-09-01,15,ANTLER_6_N001,ANTLER_6_N001,ANTLER_6_N001,RTPD,MCC,LMP_CONG_PRC,ANTLER_6_N001,ALL,1,-93.48325,1,2
2022-09-01T22:00:00-00:00,2022-09-01T22:15:00-00:00,2022-09-01,16,ANTLER_6_N001,ANTLER_6_N001,ANTLER_6_N001,RTPD,MCC,LMP_CONG_PRC,ANTLER_6_N001,ALL,1,-101.20884,1,2
2022-09-01T23:00:00-00:00,2022-09-01T23:15:00-00:00,2022-09-01,17,ANTLER_6_N001,ANTLER_6_N001,ANTLER_6_N001,RTPD,MCC,LMP_CONG_PRC,ANTLER_6_N001,ALL,1,-159.65913,1,2
2022-09-02T00:00:00-00:00,2022-09-02T00:15:00-00:00,2022-09-01,18,ANTLER_6_N001,ANTLER_6_N001,ANTLER_6_N001,RTPD,MCC,LMP_CONG_PRC,ANTLER_6_N001,ALL,1,305.58853,1,2
2022-09-02T01:00:00-00:00,2022-09-02T01:15:00-00:00,2022-09-01,19,ANTLER_6_N001,ANTLER_6_N001,ANTLER_6_N001,RTPD,MCC,LMP_CONG_PRC,ANTLER_6_N001,ALL,1,298.9493,1,2
2022-09-02T02:00:00-00:00,2022-09-02T02:15:00-00:00,2022-09-01,20,ANTLER_6_N001,ANTLER_6_N001,ANTLER_6_N001,RTPD,MCC,LMP_CONG_PRC,ANTLER_6_N001,ALL,1,0,1,2
2022-09-02T03:00:00-00:00,2022-09-02T03:15:00-00:00,2022-09-01,21,ANTLER_6_N001,ANTLER_6_N001,ANTLER_6_N001,RTPD,MCC,LMP_CONG_PRC,ANTLER_6_N001,ALL,1,374.26962,1,2
2022-09-02T04:00:00-00:00,2022-09-02T04:15:00-00:00,2022-09-01,22,ANTLER_6_N001,ANTLER_6_N001,ANTLER_6_N001,RTPD,MCC,LMP_CONG_PRC,ANTLER_6_N001,ALL,1,0,1,2
2022-09-02T05:00:00-00:00,2022-09-02T05:15:00-00:00,2022-09-01,23,ANTLER_6_N001,ANTLER_6_N001,ANTLER_6_N001,RTPD,MCC,LMP_CONG_PRC,ANTLER_6_N001,ALL,1,0,1,2
2022-09-02T06:00:00-00:00,2022-09-02T06:15:00-00:00,2022-09-01,24,ANTLER_6_N001,ANTLER_6_N001,ANTLER_6_N001,RTPD,MCC,LMP_CONG_PRC,ANTLER_6_N001,ALL,1,0,1,2
2022-09-01T07:15:00-00:00,2022-09-01T07:30:00-00:00,2022-09-01,01,ANTLER_6_N001,ANTLER_6_N001,ANTLER_6_N001,RTPD,MCC,LMP_CONG_PRC,ANTLER_6_N001,ALL,1,-9.40394,2,2
2022-09-01T08:15:00-00:00,2022-09-01T08:30:00-00:00,2022-09-01,02,ANTLER_6_N001,ANTLER_6_N001,ANTLER_6_N001,RTPD,MCC,LMP_CONG_PRC,ANTLER_6_N001,ALL,1,-0.85796,2,2
2022-09-01T09:15:00-00:00,2022-09-01T09:30:00-00:00,2022-09-01,03,ANTLER_6_N001,ANTLER_6_N001,ANTLER_6_N001,RTPD,MCC,LMP_CONG_PRC,ANTLER_6_N001,ALL,1,-5.50767,2,2
2022-09-01T10:15:00-00:00,2022-09-01T10:30:00-00:00,2022-09-01,04,ANTLER_6_N001,ANTLER_6_N001,ANTLER_6_N001,RTPD,MCC,LMP_CONG_PRC,ANTLER_6_N001,ALL,1,-5.15043,2,2
2022-09-01T11:15:00-00:00,2022-09-01T11:30:00-00:00,2022-09-01,05,ANTLER_6_N001,ANTLER_6_N001,ANTLER_6_N001,RTPD,MCC,LMP_CONG_PRC,ANTLER_6_N001,ALL,1,0,2,2
2022-09-01T12:15:00-00:00,2022-09-01T12:30:00-00:00,2022-09-01,06,ANTLER_6_N001,ANTLER_6_N001,ANTLER_6_N001,RTPD,MCC,LMP_CONG_PRC,ANTLER_6_N001,ALL,1,-5.6963,2,2
2022-09-01T13:15:00-00:00,2022-09-01T13:30:00-00:00,2022-09-01,07,ANTLER_6_N001,ANTLER_6_N001,ANTLER_6_N001,RTPD,MCC,LMP_CONG_PRC,ANTLER_6_N001,ALL,1,-0.52835,2,2
2022-09-01T14:15:00-00:00,2022-09-01T14:30:00-00:00,2022-09-01,08,ANTLER_6_N001,ANTLER_6_N001,ANTLER_6_N001,RTPD,MCC,LMP_CONG_PRC,ANTLER_6_N001,ALL,1,0,2,2
2022-09-01T15:15:00-00:00,2022-09-01T15:30:00-00:00,2022-09-01,09,ANTLER_6_N001,ANTLER_6_N001,ANTLER_6_N001,RTPD,MCC,LMP_CONG_PRC,ANTLER_6_N001,ALL,1,0,2,2
2022-09-01T16:15:00-00:00,2022-09-01T16:30:00-00:00,2022-09-01,10,ANTLER_6_N001,ANTLER_6_N001,ANTLER_6_N001,RTPD,MCC,LMP_CONG_PRC,ANTLER_6_N001,ALL,1,-1.52928,2,2
2022-09-01T17:15:00-00:00,2022-09-01T17:30:00-00:00,2022-09-01,11,ANTLER_6_N001,ANTLER_6_N001,ANTLER_6_N001,RTPD,MCC,LMP_CONG_PRC,ANTLER_6_N001,ALL,1,-19.05433,2,2
2022-09-01T18:15:00-00:00,2022-09-01T18:30:00-00:00,2022-09-01,12,ANTLER_6_N001,ANTLER_6_N001,ANTLER_6_N001,RTPD,MCC,LMP_CONG_PRC,ANTLER_6_N001,ALL,1,-24.90158,2,2
2022-09-01T19:15:00-00:00,2022-09-01T19:30:00-00:00,2022-09-01,13,ANTLER_6_N001,ANTLER_6_N001,ANTLER_6_N001,RTPD,MCC,LMP_CONG_PRC,ANTLER_6_N001,ALL,1,-27.6605,2,2
2022-09-01T20:15:00-00:00,2022-09-01T20:30:00-00:00,2022-09-01,14,ANTLER_6_N001,ANTLER_6_N001,ANTLER_6_N001,RTPD,MCC,LMP_CONG_PRC,ANTLER_6_N001,ALL,1,-2.99069,2,2
2022-09-01T21:15:00-00:00,2022-09-01T21:30:00-00:00,2022-09-01,15,ANTLER_6_N001,ANTLER_6_N001,ANTLER_6_N001,RTPD,MCC,LMP_CONG_PRC,ANTLER_6_N001,ALL,1,-25.26438,2,2
2022-09-01T22:15:00-00:00,2022-09-01T22:30:00-00:00,2022-09-01,16,ANTLER_6_N001,ANTLER_6_N001,ANTLER_6_N001,RTPD,MCC,LMP_CONG_PRC,ANTLER_6_N001,ALL,1,-111.0276,2,2
2022-09-01T23:15:00-00:00,2022-09-01T23:30:00-00:00,2022-09-01,17,ANTLER_6_N001,ANTLER_6_N001,ANTLER_6_N001,RTPD,MCC,LMP_CONG_PRC,ANTLER_6_N001,ALL,1,-92.86519,2,2
2022-09-02T00:15:00-00:00,2022-09-02T00:30:00-00:00,2022-09-01,18,ANTLER_6_N001,ANTLER_6_N001,ANTLER_6_N001,RTPD,MCC,LMP_CONG_PRC,ANTLER_6_N001,ALL,1,297.43024,2,2
2022-09-02T01:15:00-00:00,2022-09-02T01:30:00-00:00,2022-09-01,19,ANTLER_6_N001,ANTLER_6_N001,ANTLER_6_N001,RTPD,MCC,LMP_CONG_PRC,ANTLER_6_N001,ALL,1,0,2,2
2022-09-02T02:15:00-00:00,2022-09-02T02:30:00-00:00,2022-09-01,20,ANTLER_6_N001,ANTLER_6_N001,ANTLER_6_N001,RTPD,MCC,LMP_CONG_PRC,ANTLER_6_N001,ALL,1,0,2,2
2022-09-02T03:15:00-00:00,2022-09-02T03:30:00-00:00,2022-09-01,21,ANTLER_6_N001,ANTLER_6_N001,ANTLER_6_N001,RTPD,MCC,LMP_CONG_PRC,ANTLER_6_N001,ALL,1,131.25323,2,2
2022-09-02T04:15:00-00:00,2022-09-02T04:30:00-00:00,2022-09-01,22,ANTLER_6_N001,ANTLER_6_N001,ANTLER_6_N001,RTPD,MCC,LMP_CONG_PRC,ANTLER_6_N001,ALL,1,0,2,2
2022-09-02T05:15:00-00:00,2022-09-02T05:30:00-00:00,2022-09-01,23,ANTLER_6_N001,ANTLER_6_N001,ANTLER_6_N001,RTPD,MCC,LMP_CONG_PRC,ANTLER_6_N001,ALL,1,0,2,2
2022-09-02T06:15:00-00:00,2022-09-02T06:30:00-00:00,2022-09-01,24,ANTLER_6_N001,ANTLER_6_N001,ANTLER_6_N001,RTPD,MCC,LMP_CONG_PRC,ANTLER_6_N001,ALL,1,0,2,2
2022-09-01T07:30:00-00:00,2022-09-01T07:45:00-00:00,2022-09-01,01,ANTLER_6_N001,ANTLER_6_N001,ANTLER_6_N001,RTPD,MCC,LMP_CONG_PRC,ANTLER_6_N001,ALL,1,-15.19549,3,2
2022-09-01T08:30:00-00:00,2022-09-01T08:45:00-00:00,2022-09-01,02,ANTLER_6_N001,ANTLER_6_N001,ANTLER_6_N001,RTPD,MCC,LMP_CONG_PRC,ANTLER_6_N001,ALL,1,-0.00081,3,2
2022-09-01T09:30:00-00:00,2022-09-01T09:45:00-00:00,2022-09-01,03,ANTLER_6_N001,ANTLER_6_N001,ANTLER_6_N001,RTPD,MCC,LMP_CONG_PRC,ANTLER_6_N001,ALL,1,-5.45824,3,2
2022-09-01T10:30:00-00:00,2022-09-01T10:45:00-00:00,2022-09-01,04,ANTLER_6_N001,ANTLER_6_N001,ANTLER_6_N001,RTPD,MCC,LMP_CONG_PRC,ANTLER_6_N001,ALL,1,-2.91219,3,2
2022-09-01T11:30:00-00:00,2022-09-01T11:45:00-00:00,2022-09-01,05,ANTLER_6_N001,ANTLER_6_N001,ANTLER_6_N001,RTPD,MCC,LMP_CONG_PRC,ANTLER_6_N001,ALL,1,0,3,2
2022-09-01T12:30:00-00:00,2022-09-01T12:45:00-00:00,2022-09-01,06,ANTLER_6_N001,ANTLER_6_N001,ANTLER_6_N001,RTPD,MCC,LMP_CONG_PRC,ANTLER_6_N001,ALL,1,-9.86296,3,2
2022-09-01T13:30:00-00:00,2022-09-01T13:45:00-00:00,2022-09-01,07,ANTLER_6_N001,ANTLER_6_N001,ANTLER_6_N001,RTPD,MCC,LMP_CONG_PRC,ANTLER_6_N001,ALL,1,0,3,2
2022-09-01T14:30:00-00:00,2022-09-01T14:45:00-00:00,2022-09-01,08,ANTLER_6_N001,ANTLER_6_N001,ANTLER_6_N001,RTPD,MCC,LMP_CONG_PRC,ANTLER_6_N001,ALL,1,0,3,2
2022-09-01T15:30:00-00:00,2022-09-01T15:45:00-00:00,2022-09-01,09,ANTLER_6_N001,ANTLER_6_N001,ANTLER_6_N001,RTPD,MCC,LMP_CONG_PRC,ANTLER_6_N001,ALL,1,0,3,2
2022-09-01T16:30:00-00:00,2022-09-01T16:45:00-00:00,2022-09-01,10,ANTLER_6_N001,ANTLER_6_N001,ANTLER_6_N001,RTPD,MCC,LMP_CONG_PRC,ANTLER_6_N001,ALL,1,-12.80997,3,2
2022-09-01T17:30:00-00:00,2022-09-01T17:45:00-00:00,2022-09-01,11,ANTLER_6_N001,ANTLER_6_N001,ANTLER_6_N001,RTPD,MCC,LMP_CONG_PRC,ANTLER_6_N001,ALL,1,-19.13133,3,2
2022-09-01T18:30:00-00:00,2022-09-01T18:45:00-00:00,2022-09-01,12,ANTLER_6_N001,ANTLER_6_N001,ANTLER_6_N001,RTPD,MCC,LMP_CONG_PRC,ANTLER_6_N001,ALL,1,-25.83036,3,2
2022-09-01T19:30:00-00:00,2022-09-01T19:45:00-00:00,2022-09-01,13,ANTLER_6_N001,ANTLER_6_N001,ANTLER_6_N001,RTPD,MCC,LMP_CONG_PRC,ANTLER_6_N001,ALL,1,-11.91917,3,2
2022-09-01T20:30:00-00:00,2022-09-01T20:45:00-00:00,2022-09-01,14,ANTLER_6_N001,ANTLER_6_N001,ANTLER_6_N001,RTPD,MCC,LMP_CONG_PRC,ANTLER_6_N001,ALL,1,-12.06683,3,2
2022-09-01T21:30:00-00:00,2022-09-01T21:45:00-00:00,2022-09-01,15,ANTLER_6_N001,ANTLER_6_N001,ANTLER_6_N001,RTPD,MCC,LMP_CONG_PRC,ANTLER_6_N001,ALL,1,-23.20906,3,2
2022-09-01T22:30:00-00:00,2022-09-01T22:45:00-00:00,2022-09-01,16,ANTLER_6_N001,ANTLER_6_N001,ANTLER_6_N001,RTPD,MCC,LMP_CONG_PRC,ANTLER_6_N001,ALL,1,-118.87835,3,2
2022-09-01T23:30:00-00:00,2022-09-01T23:45:00-00:00,2022-09-01,17,ANTLER_6_N001,ANTLER_6_N001,ANTLER_6_N001,RTPD,MCC,LMP_CONG_PRC,ANTLER_6_N001,ALL,1,0,3,2
2022-09-02T00:30:00-00:00,2022-09-02T00:45:00-00:00,2022-09-01,18,ANTLER_6_N001,ANTLER_6_N001,ANTLER_6_N001,RTPD,MCC,LMP_CONG_PRC,ANTLER_6_N001,ALL,1,417.47186,3,2
2022-09-02T01:30:00-00:00,2022-09-02T01:45:00-00:00,2022-09-01,19,ANTLER_6_N001,ANTLER_6_N001,ANTLER_6_N001,RTPD,MCC,LMP_CONG_PRC,ANTLER_6_N001,ALL,1,0,3,2
2022-09-02T02:30:00-00:00,2022-09-02T02:45:00-00:00,2022-09-01,20,ANTLER_6_N001,ANTLER_6_N001,ANTLER_6_N001,RTPD,MCC,LMP_CONG_PRC,ANTLER_6_N001,ALL,1,0,3,2
2022-09-02T03:30:00-00:00,2022-09-02T03:45:00-00:00,2022-09-01,21,ANTLER_6_N001,ANTLER_6_N001,ANTLER_6_N001,RTPD,MCC,LMP_CONG_PRC,ANTLER_6_N001,ALL,1,29.53953,3,2
2022-09-02T04:30:00-00:00,2022-09-02T04:45:00-00:00,2022-09-01,22,ANTLER_6_N001,ANTLER_6_N001,ANTLER_6_N001,RTPD,MCC,LMP_CONG_PRC,ANTLER_6_N001,ALL,1,0,3,2
2022-09-02T05:30:00-00:00,2022-09-02T05:45:00-00:00,2022-09-01,23,ANTLER_6_N001,ANTLER_6_N001,ANTLER_6_N001,RTPD,MCC,LMP_CONG_PRC,ANTLER_6_N001,ALL,1,0,3,2
2022-09-02T06:30:00-00:00,2022-09-02T06:45:00-00:00,2022-09-01,24,ANTLER_6_N001,ANTLER_6_N001,ANTLER_6_N001,RTPD,MCC,LMP_CONG_PRC,ANTLER_6_N001,ALL,1,0,3,2
2022-09-01T07:45:00-00:00,2022-09-01T08:00:00-00:00,2022-09-01,01,ANTLER_6_N001,ANTLER_6_N001,ANTLER_6_N001,RTPD,MCC,LMP_CONG_PRC,ANTLER_6_N001,ALL,1,-17.27513,4,2
2022-09-01T08:45:00-00:00,2022-09-01T09:00:00-00:00,2022-09-01,02,ANTLER_6_N001,ANTLER_6_N001,ANTLER_6_N001,RTPD,MCC,LMP_CONG_PRC,ANTLER_6_N001,ALL,1,-4.22813,4,2
2022-09-01T09:45:00-00:00,2022-09-01T10:00:00-00:00,2022-09-01,03,ANTLER_6_N001,ANTLER_6_N001,ANTLER_6_N001,RTPD,MCC,LMP_CONG_PRC,ANTLER_6_N001,ALL,1,-4.88073,4,2
2022-09-01T10:45:00-00:00,2022-09-01T11:00:00-00:00,2022-09-01,04,ANTLER_6_N001,ANTLER_6_N001,ANTLER_6_N001,RTPD,MCC,LMP_CONG_PRC,ANTLER_6_N001,ALL,1,-1.14105,4,2
2022-09-01T11:45:00-00:00,2022-09-01T12:00:00-00:00,2022-09-01,05,ANTLER_6_N001,ANTLER_6_N001,ANTLER_6_N001,RTPD,MCC,LMP_CONG_PRC,ANTLER_6_N001,ALL,1,0,4,2
2022-09-01T12:45:00-00:00,2022-09-01T13:00:00-00:00,2022-09-01,06,ANTLER_6_N001,ANTLER_6_N001,ANTLER_6_N001,RTPD,MCC,LMP_CONG_PRC,ANTLER_6_N001,ALL,1,-2.19465,4,2
2022-09-01T13:45:00-00:00,2022-09-01T14:00:00-00:00,2022-09-01,07,ANTLER_6_N001,ANTLER_6_N001,ANTLER_6_N001,RTPD,MCC,LMP_CONG_PRC,ANTLER_6_N001,ALL,1,0,4,2
2022-09-01T14:45:00-00:00,2022-09-01T15:00:00-00:00,2022-09-01,08,ANTLER_6_N001,ANTLER_6_N001,ANTLER_6_N001,RTPD,MCC,LMP_CONG_PRC,ANTLER_6_N001,ALL,1,0,4,2
2022-09-01T15:45:00-00:00,2022-09-01T16:00:00-00:00,2022-09-01,09,ANTLER_6_N001,ANTLER_6_N001,ANTLER_6_N001,RTPD,MCC,LMP_CONG_PRC,ANTLER_6_N001,ALL,1,0,4,2
2022-09-01T16:45:00-00:00,2022-09-01T17:00:00-00:00,2022-09-01,10,ANTLER_6_N001,ANTLER_6_N001,ANTLER_6_N001,RTPD,MCC,LMP_CONG_PRC,ANTLER_6_N001,ALL,1,-11.60467,4,2
2022-09-01T17:45:00-00:00,2022-09-01T18:00:00-00:00,2022-09-01,11,ANTLER_6_N001,ANTLER_6_N001,ANTLER_6_N001,RTPD,MCC,LMP_CONG_PRC,ANTLER_6_N001,ALL,1,-18.94506,4,2
2022-09-01T18:45:00-00:00,2022-09-01T19:00:00-00:00,2022-09-01,12,ANTLER_6_N001,ANTLER_6_N001,ANTLER_6_N001,RTPD,MCC,LMP_CONG_PRC,ANTLER_6_N001,ALL,1,-25.87687,4,2
2022-09-01T19:45:00-00:00,2022-09-01T20:00:00-00:00,2022-09-01,13,ANTLER_6_N001,ANTLER_6_N001,ANTLER_6_N001,RTPD,MCC,LMP_CONG_PRC,ANTLER_6_N001,ALL,1,-12.91353,4,2
2022-09-01T20:45:00-00:00,2022-09-01T21:00:00-00:00,2022-09-01,14,ANTLER_6_N001,ANTLER_6_N001,ANTLER_6_N001,RTPD,MCC,LMP_CONG_PRC,ANTLER_6_N001,ALL,1,-26.71949,4,2
2022-09-01T21:45:00-00:00,2022-09-01T22:00:00-00:00,2022-09-01,15,ANTLER_6_N001,ANTLER_6_N001,ANTLER_6_N001,RTPD,MCC,LMP_CONG_PRC,ANTLER_6_N001,ALL,1,-84.31988,4,2
2022-09-01T22:45:00-00:00,2022-09-01T23:00:00-00:00,2022-09-01,16,ANTLER_6_N001,ANTLER_6_N001,ANTLER_6_N001,RTPD,MCC,LMP_CONG_PRC,ANTLER_6_N001,ALL,1,-241.45068,4,2
2022-09-01T23:45:00-00:00,2022-09-02T00:00:00-00:00,2022-09-01,17,ANTLER_6_N001,ANTLER_6_N001,ANTLER_6_N001,RTPD,MCC,LMP_CONG_PRC,ANTLER_6_N001,ALL,1,363.6395,4,2
2022-09-02T00:45:00-00:00,2022-09-02T01:00:00-00:00,2022-09-01,18,ANTLER_6_N001,ANTLER_6_N001,ANTLER_6_N001,RTPD,MCC,LMP_CONG_PRC,ANTLER_6_N001,ALL,1,261.57498,4,2
2022-09-02T01:45:00-00:00,2022-09-02T02:00:00-00:00,2022-09-01,19,ANTLER_6_N001,ANTLER_6_N001,ANTLER_6_N001,RTPD,MCC,LMP_CONG_PRC,ANTLER_6_N001,ALL,1,0,4,2
2022-09-02T02:45:00-00:00,2022-09-02T03:00:00-00:00,2022-09-01,20,ANTLER_6_N001,ANTLER_6_N001,ANTLER_6_N001,RTPD,MCC,LMP_CONG_PRC,ANTLER_6_N001,ALL,1,119.69902,4,2
2022-09-02T03:45:00-00:00,2022-09-02T04:00:00-00:00,2022-09-01,21,ANTLER_6_N001,ANTLER_6_N001,ANTLER_6_N001,RTPD,MCC,LMP_CONG_PRC,ANTLER_6_N001,ALL,1,17.20392,4,2
2022-09-02T04:45:00-00:00,2022-09-02T05:00:00-00:00,2022-09-01,22,ANTLER_6_N001,ANTLER_6_N001,ANTLER_6_N001,RTPD,MCC,LMP_CONG_PRC,ANTLER_6_N001,ALL,1,0,4,2
2022-09-02T05:45:00-00:00,2022-09-02T06:00:00-00:00,2022-09-01,23,ANTLER_6_N001,ANTLER_6_N001,ANTLER_6_N001,RTPD,MCC,LMP_CONG_PRC,ANTLER_6_N001,ALL,1,-5.18672,4,2
2022-09-02T06:45:00-00:00,2022-09-02T07:00:00-00:00,2022-09-01,24,ANTLER_6_N001,ANTLER_6_N001,ANTLER_6_N001,RTPD,MCC,LMP_CONG_PRC,ANTLER_6_N001,ALL,1,0,4,2
2022-09-01T07:00:00-00:00,2022-09-01T07:15:00-00:00,2022-09-01,01,ANTLER_6_N001,ANTLER_6_N001,ANTLER_6_N001,RTPD,MCE,LMP_ENE_PRC,ANTLER_6_N001,ALL,1,104.23471,1,3
2022-09-01T08:00:00-00:00,2022-09-01T08:15:00-00:00,2022-09-01,02,ANTLER_6_N001,ANTLER_6_N001,ANTLER_6_N001,RTPD,MCE,LMP_ENE_PRC,ANTLER_6_N001,ALL,1,115.5488,1,3
2022-09-01T09:00:00-00:00,2022-09-01T09:15:00-00:00,2022-09-01,03,ANTLER_6_N001,ANTLER_6_N001,ANTLER_6_N001,RTPD,MCE,LMP_ENE_PRC,ANTLER_6_N001,ALL,1,99.73061,1,3
2022-09-01T10:00:00-00:00,2022-09-01T10:15:00-00:00,2022-09-01,04,ANTLER_6_N001,ANTLER_6_N001,ANTLER_6_N001,RTPD,MCE,LMP_ENE_PRC,ANTLER_6_N001,ALL,1,98.64222,1,3
2022-09-01T11:00:00-00:00,2022-09-01T11:15:00-00:00,2022-09-01,05,ANTLER_6_N001,ANTLER_6_N001,ANTLER_6_N001,RTPD,MCE,LMP_ENE_PRC,ANTLER_6_N001,ALL,1,102.56859,1,3
2022-09-01T12:00:00-00:00,2022-09-01T12:15:00-00:00,2022-09-01,06,ANTLER_6_N001,ANTLER_6_N001,ANTLER_6_N001,RTPD,MCE,LMP_ENE_PRC,ANTLER_6_N001,ALL,1,96.90845,1,3
2022-09-01T13:00:00-00:00,2022-09-01T13:15:00-00:00,2022-09-01,07,ANTLER_6_N001,ANTLER_6_N001,ANTLER_6_N001,RTPD,MCE,LMP_ENE_PRC,ANTLER_6_N001,ALL,1,101.80878,1,3
2022-09-01T14:00:00-00:00,2022-09-01T14:15:00-00:00,2022-09-01,08,ANTLER_6_N001,ANTLER_6_N001,ANTLER_6_N001,RTPD,MCE,LMP_ENE_PRC,ANTLER_6_N001,ALL,1,111.11219,1,3
2022-09-01T15:00:00-00:00,2022-09-01T15:15:00-00:00,2022-09-01,09,ANTLER_6_N001,ANTLER_6_N001,ANTLER_6_N001,RTPD,MCE,LMP_ENE_PRC,ANTLER_6_N001,ALL,1,97.4112,1,3
2022-09-01T16:00:00-00:00,2022-09-01T16:15:00-00:00,2022-09-01,10,ANTLER_6_N001,ANTLER_6_N001,ANTLER_6_N001,RTPD,MCE,LMP_ENE_PRC,ANTLER_6_N001,ALL,1,83.43525,1,3
2022-09-01T17:00:00-00:00,2022-09-01T17:15:00-00:00,2022-09-01,11,ANTLER_6_N001,ANTLER_6_N001,ANTLER_6_N001,RTPD,MCE,LMP_ENE_PRC,ANTLER_6_N001,ALL,1,96.94897,1,3
2022-09-01T18:00:00-00:00,2022-09-01T18:15:00-00:00,2022-09-01,12,ANTLER_6_N001,ANTLER_6_N001,ANTLER_6_N001,RTPD,MCE,LMP_ENE_PRC,ANTLER_6_N001,ALL,1,91.59291,1,3
2022-09-01T19:00:00-00:00,2022-09-01T19:15:00-00:00,2022-09-01,13,ANTLER_6_N001,ANTLER_6_N001,ANTLER_6_N001,RTPD,MCE,LMP_ENE_PRC,ANTLER_6_N001,ALL,1,109.19637,1,3
2022-09-01T20:00:00-00:00,2022-09-01T20:15:00-00:00,2022-09-01,14,ANTLER_6_N001,ANTLER_6_N001,ANTLER_6_N001,RTPD,MCE,LMP_ENE_PRC,ANTLER_6_N001,ALL,1,117.94359,1,3
2022-09-01T21:00:00-00:00,2022-09-01T21:15:00-00:00,2022-09-01,15,ANTLER_6_N001,ANTLER_6_N001,ANTLER_6_N001,RTPD,MCE,LMP_ENE_PRC,ANTLER_6_N001,ALL,1,226.61499,1,3
2022-09-01T22:00:00-00:00,2022-09-01T22:15:00-00:00,2022-09-01,16,ANTLER_6_N001,ANTLER_6_N001,ANTLER_6_N001,RTPD,MCE,LMP_ENE_PRC,ANTLER_6_N001,ALL,1,229.18552,1,3
2022-09-01T23:00:00-00:00,2022-09-01T23:15:00-00:00,2022-09-01,17,ANTLER_6_N001,ANTLER_6_N001,ANTLER_6_N001,RTPD,MCE,LMP_ENE_PRC,ANTLER_6_N001,ALL,1,386.7537,1,3
2022-09-02T00:00:00-00:00,2022-09-02T00:15:00-00:00,2022-09-01,18,ANTLER_6_N001,ANTLER_6_N001,ANTLER_6_N001,RTPD,MCE,LMP_ENE_PRC,ANTLER_6_N001,ALL,1,770.58136,1,3
2022-09-02T01:00:00-00:00,2022-09-02T01:15:00-00:00,2022-09-01,19,ANTLER_6_N001,ANTLER_6_N001,ANTLER_6_N001,RTPD,MCE,LMP_ENE_PRC,ANTLER_6_N001,ALL,1,916.27124,1,3
2022-09-02T02:00:00-00:00,2022-09-02T02:15:00-00:00,2022-09-01,20,ANTLER_6_N001,ANTLER_6_N001,ANTLER_6_N001,RTPD,MCE,LMP_ENE_PRC,ANTLER_6_N001,ALL,1,1991.6721,1,3
2022-09-02T03:00:00-00:00,2022-09-02T03:15:00-00:00,2022-09-01,21,ANTLER_6_N001,ANTLER_6_N001,ANTLER_6_N001,RTPD,MCE,LMP_ENE_PRC,ANTLER_6_N001,ALL,1,917.5508,1,3
2022-09-02T04:00:00-00:00,2022-09-02T04:15:00-00:00,2022-09-01,22,ANTLER_6_N001,ANTLER_6_N001,ANTLER_6_N001,RTPD,MCE,LMP_ENE_PRC,ANTLER_6_N001,ALL,1,257.83005,1,3
2022-09-02T05:00:00-00:00,2022-09-02T05:15:00-00:00,2022-09-01,23,ANTLER_6_N001,ANTLER_6_N001,ANTLER_6_N001,RTPD,MCE,LMP_ENE_PRC,ANTLER_6_N001,ALL,1,183.24657,1,3
2022-09-02T06:00:00-00:00,2022-09-02T06:15:00-00:00,2022-09-01,24,ANTLER_6_N001,ANTLER_6_N001,ANTLER_6_N001,RTPD,MCE,LMP_ENE_PRC,ANTLER_6_N001,ALL,1,158.867,1,3
2022-09-01T07:15:00-00:00,2022-09-01T07:30:00-00:00,2022-09-01,01,ANTLER_6_N001,ANTLER_6_N001,ANTLER_6_N001,RTPD,MCE,LMP_ENE_PRC,ANTLER_6_N001,ALL,1,125.55144,2,3
2022-09-01T08:15:00-00:00,2022-09-01T08:30:00-00:00,2022-09-01,02,ANTLER_6_N001,ANTLER_6_N001,ANTLER_6_N001,RTPD,MCE,LMP_ENE_PRC,ANTLER_6_N001,ALL,1,115.53165,2,3
2022-09-01T09:15:00-00:00,2022-09-01T09:30:00-00:00,2022-09-01,03,ANTLER_6_N001,ANTLER_6_N001,ANTLER_6_N001,RTPD,MCE,LMP_ENE_PRC,ANTLER_6_N001,ALL,1,98.30543,2,3
2022-09-01T10:15:00-00:00,2022-09-01T10:30:00-00:00,2022-09-01,04,ANTLER_6_N001,ANTLER_6_N001,ANTLER_6_N001,RTPD,MCE,LMP_ENE_PRC,ANTLER_6_N001,ALL,1,97.00684,2,3
2022-09-01T11:15:00-00:00,2022-09-01T11:30:00-00:00,2022-09-01,05,ANTLER_6_N001,ANTLER_6_N001,ANTLER_6_N001,RTPD,MCE,LMP_ENE_PRC,ANTLER_6_N001,ALL,1,103.09059,2,3
2022-09-01T12:15:00-00:00,2022-09-01T12:30:00-00:00,2022-09-01,06,ANTLER_6_N001,ANTLER_6_N001,ANTLER_6_N001,RTPD,MCE,LMP_ENE_PRC,ANTLER_6_N001,ALL,1,109.32203,2,3
2022-09-01T13:15:00-00:00,2022-09-01T13:30:00-00:00,2022-09-01,07,ANTLER_6_N001,ANTLER_6_N001,ANTLER_6_N001,RTPD,MCE,LMP_ENE_PRC,ANTLER_6_N001,ALL,1,110.97827,2,3
2022-09-01T14:15:00-00:00,2022-09-01T14:30:00-00:00,2022-09-01,08,ANTLER_6_N001,ANTLER_6_N001,ANTLER_6_N001,RTPD,MCE,LMP_ENE_PRC,ANTLER_6_N001,ALL,1,104.78743,2,3
2022-09-01T15:15:00-00:00,2022-09-01T15:30:00-00:00,2022-09-01,09,ANTLER_6_N001,ANTLER_6_N001,ANTLER_6_N001,RTPD,MCE,LMP_ENE_PRC,ANTLER_6_N001,ALL,1,86.9388,2,3
2022-09-01T16:15:00-00:00,2022-09-01T16:30:00-00:00,2022-09-01,10,ANTLER_6_N001,ANTLER_6_N001,ANTLER_6_N001,RTPD,MCE,LMP_ENE_PRC,ANTLER_6_N001,ALL,1,89.44858,2,3
2022-09-01T17:15:00-00:00,2022-09-01T17:30:00-00:00,2022-09-01,11,ANTLER_6_N001,ANTLER_6_N001,ANTLER_6_N001,RTPD,MCE,LMP_ENE_PRC,ANTLER_6_N001,ALL,1,99.34673,2,3
2022-09-01T18:15:00-00:00,2022-09-01T18:30:00-00:00,2022-09-01,12,ANTLER_6_N001,ANTLER_6_N001,ANTLER_6_N001,RTPD,MCE,LMP_ENE_PRC,ANTLER_6_N001,ALL,1,101.15901,2,3
2022-09-01T19:15:00-00:00,2022-09-01T19:30:00-00:00,2022-09-01,13,ANTLER_6_N001,ANTLER_6_N001,ANTLER_6_N001,RTPD,MCE,LMP_ENE_PRC,ANTLER_6_N001,ALL,1,105.30588,2,3
2022-09-01T20:15:00-00:00,2022-09-01T20:30:00-00:00,2022-09-01,14,ANTLER_6_N001,ANTLER_6_N001,ANTLER_6_N001,RTPD,MCE,LMP_ENE_PRC,ANTLER_6_N001,ALL,1,117.49421,2,3
2022-09-01T21:15:00-00:00,2022-09-01T21:30:00-00:00,2022-09-01,15,ANTLER_6_N001,ANTLER_6_N001,ANTLER_6_N001,RTPD,MCE,LMP_ENE_PRC,ANTLER_6_N001,ALL,1,147.21185,2,3
2022-09-01T22:15:00-00:00,2022-09-01T22:30:00-00:00,2022-09-01,16,ANTLER_6_N001,ANTLER_6_N001,ANTLER_6_N001,RTPD,MCE,LMP_ENE_PRC,ANTLER_6_N001,ALL,1,256.58734,2,3
2022-09-01T23:15:00-00:00,2022-09-01T23:30:00-00:00,2022-09-01,17,ANTLER_6_N001,ANTLER_6_N001,ANTLER_6_N001,RTPD,MCE,LMP_ENE_PRC,ANTLER_6_N001,ALL,1,362.12408,2,3
2022-09-02T00:15:00-00:00,2022-09-02T00:30:00-00:00,2022-09-01,18,ANTLER_6_N001,ANTLER_6_N001,ANTLER_6_N001,RTPD,MCE,LMP_ENE_PRC,ANTLER_6_N001,ALL,1,691.2182,2,3
2022-09-02T01:15:00-00:00,2022-09-02T01:30:00-00:00,2022-09-01,19,ANTLER_6_N001,ANTLER_6_N001,ANTLER_6_N001,RTPD,MCE,LMP_ENE_PRC,ANTLER_6_N001,ALL,1,1999.9933,2,3
2022-09-02T02:15:00-00:00,2022-09-02T02:30:00-00:00,2022-09-01,20,ANTLER_6_N001,ANTLER_6_N001,ANTLER_6_N001,RTPD,MCE,LMP_ENE_PRC,ANTLER_6_N001,ALL,1,1991.6721,2,3
2022-09-02T03:15:00-00:00,2022-09-02T03:30:00-00:00,2022-09-01,21,ANTLER_6_N001,ANTLER_6_N001,ANTLER_6_N001,RTPD,MCE,LMP_ENE_PRC,ANTLER_6_N001,ALL,1,400.52884,2,3
2022-09-02T04:15:00-00:00,2022-09-02T04:30:00-00:00,2022-09-01,22,ANTLER_6_N001,ANTLER_6_N001,ANTLER_6_N001,RTPD,MCE,LMP_ENE_PRC,ANTLER_6_N001,ALL,1,224.75041,2,3
2022-09-02T05:15:00-00:00,2022-09-02T05:30:00-00:00,2022-09-01,23,ANTLER_6_N001,ANTLER_6_N001,ANTLER_6_N001,RTPD,MCE,LMP_ENE_PRC,ANTLER_6_N001,ALL,1,157.11986,2,3
2022-09-02T06:15:00-00:00,2022-09-02T06:30:00-00:00,2022-09-01,24,ANTLER_6_N001,ANTLER_6_N001,ANTLER_6_N001,RTPD,MCE,LMP_ENE_PRC,ANTLER_6_N001,ALL,1,143.1005,2,3
2022-09-01T07:30:00-00:00,2022-09-01T07:45:00-00:00,2022-09-01,01,ANTLER_6_N001,ANTLER_6_N001,ANTLER_6_N001,RTPD,MCE,LMP_ENE_PRC,ANTLER_6_N001,ALL,1,119.03196,3,3
2022-09-01T08:30:00-00:00,2022-09-01T08:45:00-00:00,2022-09-01,02,ANTLER_6_N001,ANTLER_6_N001,ANTLER_6_N001,RTPD,MCE,LMP_ENE_PRC,ANTLER_6_N001,ALL,1,111.11241,3,3
2022-09-01T09:30:00-00:00,2022-09-01T09:45:00-00:00,2022-09-01,03,ANTLER_6_N001,ANTLER_6_N001,ANTLER_6_N001,RTPD,MCE,LMP_ENE_PRC,ANTLER_6_N001,ALL,1,98.16228,3,3
2022-09-01T10:30:00-00:00,2022-09-01T10:45:00-00:00,2022-09-01,04,ANTLER_6_N001,ANTLER_6_N001,ANTLER_6_N001,RTPD,MCE,LMP_ENE_PRC,ANTLER_6_N001,ALL,1,96.36226,3,3
2022-09-01T11:30:00-00:00,2022-09-01T11:45:00-00:00,2022-09-01,05,ANTLER_6_N001,ANTLER_6_N001,ANTLER_6_N001,RTPD,MCE,LMP_ENE_PRC,ANTLER_6_N001,ALL,1,103.06198,3,3
2022-09-01T12:30:00-00:00,2022-09-01T12:45:00-00:00,2022-09-01,06,ANTLER_6_N001,ANTLER_6_N001,ANTLER_6_N001,RTPD,MCE,LMP_ENE_PRC,ANTLER_6_N001,ALL,1,113.57403,3,3
2022-09-01T13:30:00-00:00,2022-09-01T13:45:00-00:00,2022-09-01,07,ANTLER_6_N001,ANTLER_6_N001,ANTLER_6_N001,RTPD,MCE,LMP_ENE_PRC,ANTLER_6_N001,ALL,1,111.52025,3,3
2022-09-01T14:30:00-00:00,2022-09-01T14:45:00-00:00,2022-09-01,08,ANTLER_6_N001,ANTLER_6_N001,ANTLER_6_N001,RTPD,MCE,LMP_ENE_PRC,ANTLER_6_N001,ALL,1,101.83428,3,3
2022-09-01T15:30:00-00:00,2022-09-01T15:45:00-00:00,2022-09-01,09,ANTLER_6_N001,ANTLER_6_N001,ANTLER_6_N001,RTPD,MCE,LMP_ENE_PRC,ANTLER_6_N001,ALL,1,86.1388,3,3
2022-09-01T16:30:00-00:00,2022-09-01T16:45:00-00:00,2022-09-01,10,ANTLER_6_N001,ANTLER_6_N001,ANTLER_6_N001,RTPD,MCE,LMP_ENE_PRC,ANTLER_6_N001,ALL,1,88.79644,3,3
2022-09-01T17:30:00-00:00,2022-09-01T17:45:00-00:00,2022-09-01,11,ANTLER_6_N001,ANTLER_6_N001,ANTLER_6_N001,RTPD,MCE,LMP_ENE_PRC,ANTLER_6_N001,ALL,1,99.13013,3,3
2022-09-01T18:30:00-00:00,2022-09-01T18:45:00-00:00,2022-09-01,12,ANTLER_6_N001,ANTLER_6_N001,ANTLER_6_N001,RTPD,MCE,LMP_ENE_PRC,ANTLER_6_N001,ALL,1,107.05718,3,3
2022-09-01T19:30:00-00:00,2022-09-01T19:45:00-00:00,2022-09-01,13,ANTLER_6_N001,ANTLER_6_N001,ANTLER_6_N001,RTPD,MCE,LMP_ENE_PRC,ANTLER_6_N001,ALL,1,114.05905,3,3
2022-09-01T20:30:00-00:00,2022-09-01T20:45:00-00:00,2022-09-01,14,ANTLER_6_N001,ANTLER_6_N001,ANTLER_6_N001,RTPD,MCE,LMP_ENE_PRC,ANTLER_6_N001,ALL,1,129.81606,3,3
2022-09-01T21:30:00-00:00,2022-09-01T21:45:00-00:00,2022-09-01,15,ANTLER_6_N001,ANTLER_6_N001,ANTLER_6_N001,RTPD,MCE,LMP_ENE_PRC,ANTLER_6_N001,ALL,1,152.93057,3,3
2022-09-01T22:30:00-00:00,2022-09-01T22:45:00-00:00,2022-09-01,16,ANTLER_6_N001,ANTLER_6_N001,ANTLER_6_N001,RTPD,MCE,LMP_ENE_PRC,ANTLER_6_N001,ALL,1,283.18182,3,3
2022-09-01T23:30:00-00:00,2022-09-01T23:45:00-00:00,2022-09-01,17,ANTLER_6_N001,ANTLER_6_N001,ANTLER_6_N001,RTPD,MCE,LMP_ENE_PRC,ANTLER_6_N001,ALL,1,566.48157,3,3
2022-09-02T00:30:00-00:00,2022-09-02T00:45:00-00:00,2022-09-01,18,ANTLER_6_N001,ANTLER_6_N001,ANTLER_6_N001,RTPD,MCE,LMP_ENE_PRC,ANTLER_6_N001,ALL,1,1329.1127,3,3
2022-09-02T01:30:00-00:00,2022-09-02T01:45:00-00:00,2022-09-01,19,ANTLER_6_N001,ANTLER_6_N001,ANTLER_6_N001,RTPD,MCE,LMP_ENE_PRC,ANTLER_6_N001,ALL,1,1999.9956,3,3
2022-09-02T02:30:00-00:00,2022-09-02T02:45:00-00:00,2022-09-01,20,ANTLER_6_N001,ANTLER_6_N001,ANTLER_6_N001,RTPD,MCE,LMP_ENE_PRC,ANTLER_6_N001,ALL,1,1991.671,3,3
2022-09-02T03:30:00-00:00,2022-09-02T03:45:00-00:00,2022-09-01,21,ANTLER_6_N001,ANTLER_6_N001,ANTLER_6_N001,RTPD,MCE,LMP_ENE_PRC,ANTLER_6_N001,ALL,1,186.61823,3,3
2022-09-02T04:30:00-00:00,2022-09-02T04:45:00-00:00,2022-09-01,22,ANTLER_6_N001,ANTLER_6_N001,ANTLER_6_N001,RTPD,MCE,LMP_ENE_PRC,ANTLER_6_N001,ALL,1,180.67824,3,3
2022-09-02T05:30:00-00:00,2022-09-02T05:45:00-00:00,2022-09-01,23,ANTLER_6_N001,ANTLER_6_N001,ANTLER_6_N001,RTPD,MCE,LMP_ENE_PRC,ANTLER_6_N001,ALL,1,131.69917,3,3
2022-09-02T06:30:00-00:00,2022-09-02T06:45:00-00:00,2022-09-01,24,ANTLER_6_N001,ANTLER_6_N001,ANTLER_6_N001,RTPD,MCE,LMP_ENE_PRC,ANTLER_6_N001,ALL,1,128.9871,3,3
2022-09-01T07:45:00-00:00,2022-09-01T08:00:00-00:00,2022-09-01,01,ANTLER_6_N001,ANTLER_6_N001,ANTLER_6_N001,RTPD,MCE,LMP_ENE_PRC,ANTLER_6_N001,ALL,1,109.12099,4,3
2022-09-01T08:45:00-00:00,2022-09-01T09:00:00-00:00,2022-09-01,02,ANTLER_6_N001,ANTLER_6_N001,ANTLER_6_N001,RTPD,MCE,LMP_ENE_PRC,ANTLER_6_N001,ALL,1,98.7357,4,3
2022-09-01T09:45:00-00:00,2022-09-01T10:00:00-00:00,2022-09-01,03,ANTLER_6_N001,ANTLER_6_N001,ANTLER_6_N001,RTPD,MCE,LMP_ENE_PRC,ANTLER_6_N001,ALL,1,97.50475,4,3
2022-09-01T10:45:00-00:00,2022-09-01T11:00:00-00:00,2022-09-01,04,ANTLER_6_N001,ANTLER_6_N001,ANTLER_6_N001,RTPD,MCE,LMP_ENE_PRC,ANTLER_6_N001,ALL,1,94.71966,4,3
2022-09-01T11:45:00-00:00,2022-09-01T12:00:00-00:00,2022-09-01,05,ANTLER_6_N001,ANTLER_6_N001,ANTLER_6_N001,RTPD,MCE,LMP_ENE_PRC,ANTLER_6_N001,ALL,1,107.01,4,3
2022-09-01T12:45:00-00:00,2022-09-01T13:00:00-00:00,2022-09-01,06,ANTLER_6_N001,ANTLER_6_N001,ANTLER_6_N001,RTPD,MCE,LMP_ENE_PRC,ANTLER_6_N001,ALL,1,116.4848,4,3
2022-09-01T13:45:00-00:00,2022-09-01T14:00:00-00:00,2022-09-01,07,ANTLER_6_N001,ANTLER_6_N001,ANTLER_6_N001,RTPD,MCE,LMP_ENE_PRC,ANTLER_6_N001,ALL,1,111.41,4,3
2022-09-01T14:45:00-00:00,2022-09-01T15:00:00-00:00,2022-09-01,08,ANTLER_6_N001,ANTLER_6_N001,ANTLER_6_N001,RTPD,MCE,LMP_ENE_PRC,ANTLER_6_N001,ALL,1,86.1388,4,3
2022-09-01T15:45:00-00:00,2022-09-01T16:00:00-00:00,2022-09-01,09,ANTLER_6_N001,ANTLER_6_N001,ANTLER_6_N001,RTPD,MCE,LMP_ENE_PRC,ANTLER_6_N001,ALL,1,78.70076,4,3
2022-09-01T16:45:00-00:00,2022-09-01T17:00:00-00:00,2022-09-01,10,ANTLER_6_N001,ANTLER_6_N001,ANTLER_6_N001,RTPD,MCE,LMP_ENE_PRC,ANTLER_6_N001,ALL,1,91.24933,4,3
2022-09-01T17:45:00-00:00,2022-09-01T18:00:00-00:00,2022-09-01,11,ANTLER_6_N001,ANTLER_6_N001,ANTLER_6_N001,RTPD,MCE,LMP_ENE_PRC,ANTLER_6_N001,ALL,1,99.20544,4,3
2022-09-01T18:45:00-00:00,2022-09-01T19:00:00-00:00,2022-09-01,12,ANTLER_6_N001,ANTLER_6_N001,ANTLER_6_N001,RTPD,MCE,LMP_ENE_PRC,ANTLER_6_N001,ALL,1,109.04064,4,3
2022-09-01T19:45:00-00:00,2022-09-01T20:00:00-00:00,2022-09-01,13,ANTLER_6_N001,ANTLER_6_N001,ANTLER_6_N001,RTPD,MCE,LMP_ENE_PRC,ANTLER_6_N001,ALL,1,120.22491,4,3
2022-09-01T20:45:00-00:00,2022-09-01T21:00:00-00:00,2022-09-01,14,ANTLER_6_N001,ANTLER_6_N001,ANTLER_6_N001,RTPD,MCE,LMP_ENE_PRC,ANTLER_6_N001,ALL,1,154.02509,4,3
2022-09-01T21:45:00-00:00,2022-09-01T22:00:00-00:00,2022-09-01,15,ANTLER_6_N001,ANTLER_6_N001,ANTLER_6_N001,RTPD,MCE,LMP_ENE_PRC,ANTLER_6_N001,ALL,1,300.29376,4,3
2022-09-01T22:45:00-00:00,2022-09-01T23:00:00-00:00,2022-09-01,16,ANTLER_6_N001,ANTLER_6_N001,ANTLER_6_N001,RTPD,MCE,LMP_ENE_PRC,ANTLER_6_N001,ALL,1,429.9137,4,3
2022-09-01T23:45:00-00:00,2022-09-02T00:00:00-00:00,2022-09-01,17,ANTLER_6_N001,ANTLER_6_N001,ANTLER_6_N001,RTPD,MCE,LMP_ENE_PRC,ANTLER_6_N001,ALL,1,1261.2124,4,3
2022-09-02T00:45:00-00:00,2022-09-02T01:00:00-00:00,2022-09-01,18,ANTLER_6_N001,ANTLER_6_N001,ANTLER_6_N001,RTPD,MCE,LMP_ENE_PRC,ANTLER_6_N001,ALL,1,1519.149,4,3
2022-09-02T01:45:00-00:00,2022-09-02T02:00:00-00:00,2022-09-01,19,ANTLER_6_N001,ANTLER_6_N001,ANTLER_6_N001,RTPD,MCE,LMP_ENE_PRC,ANTLER_6_N001,ALL,1,1991.9337,4,3
2022-09-02T02:45:00-00:00,2022-09-02T03:00:00-00:00,2022-09-01,20,ANTLER_6_N001,ANTLER_6_N001,ANTLER_6_N001,RTPD,MCE,LMP_ENE_PRC,ANTLER_6_N001,ALL,1,1629.6213,4,3
2022-09-02T03:45:00-00:00,2022-09-02T04:00:00-00:00,2022-09-01,21,ANTLER_6_N001,ANTLER_6_N001,ANTLER_6_N001,RTPD,MCE,LMP_ENE_PRC,ANTLER_6_N001,ALL,1,141.13702,4,3
2022-09-02T04:45:00-00:00,2022-09-02T05:00:00-00:00,2022-09-01,22,ANTLER_6_N001,ANTLER_6_N001,ANTLER_6_N001,RTPD,MCE,LMP_ENE_PRC,ANTLER_6_N001,ALL,1,126.76372,4,3
2022-09-02T05:45:00-00:00,2022-09-02T06:00:00-00:00,2022-09-01,23,ANTLER_6_N001,ANTLER_6_N001,ANTLER_6_N001,RTPD,MCE,LMP_ENE_PRC,ANTLER_6_N001,ALL,1,119.00958,4,3
2022-09-02T06:45:00-00:00,2022-09-02T07:00:00-00:00,2022-09-01,24,ANTLER_6_N001,ANTLER_6_N001,ANTLER_6_N001,RTPD,MCE,LMP_ENE_PRC,ANTLER_6_N001,ALL,1,109.20324,4,3
2022-09-01T07:00:00-00:00,2022-09-01T07:15:00-00:00,2022-09-01,01,ANTLER_6_N001,ANTLER_6_N001,ANTLER_6_N001,RTPD,MCL,LMP_LOSS_PRC,ANTLER_6_N001,ALL,1,-11.06973,1,4
2022-09-01T08:00:00-00:00,2022-09-01T08:15:00-00:00,2022-09-01,02,ANTLER_6_N001,ANTLER_6_N001,ANTLER_6_N001,RTPD,MCL,LMP_LOSS_PRC,ANTLER_6_N001,ALL,1,0,1,4
2022-09-01T09:00:00-00:00,2022-09-01T09:15:00-00:00,2022-09-01,03,ANTLER_6_N001,ANTLER_6_N001,ANTLER_6_N001,RTPD,MCL,LMP_LOSS_PRC,ANTLER_6_N001,ALL,1,-3.13154,1,4
2022-09-01T10:00:00-00:00,2022-09-01T10:15:00-00:00,2022-09-01,04,ANTLER_6_N001,ANTLER_6_N001,ANTLER_6_N001,RTPD,MCL,LMP_LOSS_PRC,ANTLER_6_N001,ALL,1,-3.18614,1,4
2022-09-01T11:00:00-00:00,2022-09-01T11:15:00-00:00,2022-09-01,05,ANTLER_6_N001,ANTLER_6_N001,ANTLER_6_N001,RTPD,MCL,LMP_LOSS_PRC,ANTLER_6_N001,ALL,1,-2.85141,1,4
2022-09-01T12:00:00-00:00,2022-09-01T12:15:00-00:00,2022-09-01,06,ANTLER_6_N001,ANTLER_6_N001,ANTLER_6_N001,RTPD,MCL,LMP_LOSS_PRC,ANTLER_6_N001,ALL,1,-3.4887,1,4
2022-09-01T13:00:00-00:00,2022-09-01T13:15:00-00:00,2022-09-01,07,ANTLER_6_N001,ANTLER_6_N001,ANTLER_6_N001,RTPD,MCL,LMP_LOSS_PRC,ANTLER_6_N001,ALL,1,0,1,4
2022-09-01T14:00:00-00:00,2022-09-01T14:15:00-00:00,2022-09-01,08,ANTLER_6_N001,ANTLER_6_N001,ANTLER_6_N001,RTPD,MCL,LMP_LOSS_PRC,ANTLER_6_N001,ALL,1,-2.33336,1,4
2022-09-01T15:00:00-00:00,2022-09-01T15:15:00-00:00,2022-09-01,09,ANTLER_6_N001,ANTLER_6_N001,ANTLER_6_N001,RTPD,MCL,LMP_LOSS_PRC,ANTLER_6_N001,ALL,1,0,1,4
2022-09-01T16:00:00-00:00,2022-09-01T16:15:00-00:00,2022-09-01,10,ANTLER_6_N001,ANTLER_6_N001,ANTLER_6_N001,RTPD,MCL,LMP_LOSS_PRC,ANTLER_6_N001,ALL,1,0,1,4
2022-09-01T17:00:00-00:00,2022-09-01T17:15:00-00:00,2022-09-01,11,ANTLER_6_N001,ANTLER_6_N001,ANTLER_6_N001,RTPD,MCL,LMP_LOSS_PRC,ANTLER_6_N001,ALL,1,0,1,4
2022-09-01T18:00:00-00:00,2022-09-01T18:15:00-00:00,2022-09-01,12,ANTLER_6_N001,ANTLER_6_N001,ANTLER_6_N001,RTPD,MCL,LMP_LOSS_PRC,ANTLER_6_N001,ALL,1,0,1,4
2022-09-01T19:00:00-00:00,2022-09-01T19:15:00-00:00,2022-09-01,13,ANTLER_6_N001,ANTLER_6_N001,ANTLER_6_N001,RTPD,MCL,LMP_LOSS_PRC,ANTLER_6_N001,ALL,1,0,1,4
2022-09-01T20:00:00-00:00,2022-09-01T20:15:00-00:00,2022-09-01,14,ANTLER_6_N001,ANTLER_6_N001,ANTLER_6_N001,RTPD,MCL,LMP_LOSS_PRC,ANTLER_6_N001,ALL,1,0,1,4
2022-09-01T21:00:00-00:00,2022-09-01T21:15:00-00:00,2022-09-01,15,ANTLER_6_N001,ANTLER_6_N001,ANTLER_6_N001,RTPD,MCL,LMP_LOSS_PRC,ANTLER_6_N001,ALL,1,0,1,4
2022-09-01T22:00:00-00:00,2022-09-01T22:15:00-00:00,2022-09-01,16,ANTLER_6_N001,ANTLER_6_N001,ANTLER_6_N001,RTPD,MCL,LMP_LOSS_PRC,ANTLER_6_N001,ALL,1,0,1,4
2022-09-01T23:00:00-00:00,2022-09-01T23:15:00-00:00,2022-09-01,17,ANTLER_6_N001,ANTLER_6_N001,ANTLER_6_N001,RTPD,MCL,LMP_LOSS_PRC,ANTLER_6_N001,ALL,1,0,1,4
2022-09-02T00:00:00-00:00,2022-09-02T00:15:00-00:00,2022-09-01,18,ANTLER_6_N001,ANTLER_6_N001,ANTLER_6_N001,RTPD,MCL,LMP_LOSS_PRC,ANTLER_6_N001,ALL,1,-27.12446,1,4
2022-09-02T01:00:00-00:00,2022-09-02T01:15:00-00:00,2022-09-01,19,ANTLER_6_N001,ANTLER_6_N001,ANTLER_6_N001,RTPD,MCL,LMP_LOSS_PRC,ANTLER_6_N001,ALL,1,0,1,4
2022-09-02T02:00:00-00:00,2022-09-02T02:15:00-00:00,2022-09-01,20,ANTLER_6_N001,ANTLER_6_N001,ANTLER_6_N001,RTPD,MCL,LMP_LOSS_PRC,ANTLER_6_N001,ALL,1,0,1,4
2022-09-02T03:00:00-00:00,2022-09-02T03:15:00-00:00,2022-09-01,21,ANTLER_6_N001,ANTLER_6_N001,ANTLER_6_N001,RTPD,MCL,LMP_LOSS_PRC,ANTLER_6_N001,ALL,1,-20.64489,1,4
2022-09-02T04:00:00-00:00,2022-09-02T04:15:00-00:00,2022-09-01,22,ANTLER_6_N001,ANTLER_6_N001,ANTLER_6_N001,RTPD,MCL,LMP_LOSS_PRC,ANTLER_6_N001,ALL,1,-6.31684,1,4
2022-09-02T05:00:00-00:00,2022-09-02T05:15:00-00:00,2022-09-01,23,ANTLER_6_N001,ANTLER_6_N001,ANTLER_6_N001,RTPD,MCL,LMP_LOSS_PRC,ANTLER_6_N001,ALL,1,-3.37174,1,4
2022-09-02T06:00:00-00:00,2022-09-02T06:15:00-00:00,2022-09-01,24,ANTLER_6_N001,ANTLER_6_N001,ANTLER_6_N001,RTPD,MCL,LMP_LOSS_PRC,ANTLER_6_N001,ALL,1,-5.1314,1,4
2022-09-01T07:15:00-00:00,2022-09-01T07:30:00-00:00,2022-09-01,01,ANTLER_6_N001,ANTLER_6_N001,ANTLER_6_N001,RTPD,MCL,LMP_LOSS_PRC,ANTLER_6_N001,ALL,1,0,2,4
2022-09-01T08:15:00-00:00,2022-09-01T08:30:00-00:00,2022-09-01,02,ANTLER_6_N001,ANTLER_6_N001,ANTLER_6_N001,RTPD,MCL,LMP_LOSS_PRC,ANTLER_6_N001,ALL,1,0,2,4
2022-09-01T09:15:00-00:00,2022-09-01T09:30:00-00:00,2022-09-01,03,ANTLER_6_N001,ANTLER_6_N001,ANTLER_6_N001,RTPD,MCL,LMP_LOSS_PRC,ANTLER_6_N001,ALL,1,-3.04747,2,4
2022-09-01T10:15:00-00:00,2022-09-01T10:30:00-00:00,2022-09-01,04,ANTLER_6_N001,ANTLER_6_N001,ANTLER_6_N001,RTPD,MCL,LMP_LOSS_PRC,ANTLER_6_N001,ALL,1,-3.12362,2,4
2022-09-01T11:15:00-00:00,2022-09-01T11:30:00-00:00,2022-09-01,05,ANTLER_6_N001,ANTLER_6_N001,ANTLER_6_N001,RTPD,MCL,LMP_LOSS_PRC,ANTLER_6_N001,ALL,1,-2.94839,2,4
2022-09-01T12:15:00-00:00,2022-09-01T12:30:00-00:00,2022-09-01,06,ANTLER_6_N001,ANTLER_6_N001,ANTLER_6_N001,RTPD,MCL,LMP_LOSS_PRC,ANTLER_6_N001,ALL,1,-3.78254,2,4
2022-09-01T13:15:00-00:00,2022-09-01T13:30:00-00:00,2022-09-01,07,ANTLER_6_N001,ANTLER_6_N001,ANTLER_6_N001,RTPD,MCL,LMP_LOSS_PRC,ANTLER_6_N001,ALL,1,-3.91753,2,4
2022-09-01T14:15:00-00:00,2022-09-01T14:30:00-00:00,2022-09-01,08,ANTLER_6_N001,ANTLER_6_N001,ANTLER_6_N001,RTPD,MCL,LMP_LOSS_PRC,ANTLER_6_N001,ALL,1,-2.11671,2,4
2022-09-01T15:15:00-00:00,2022-09-01T15:30:00-00:00,2022-09-01,09,ANTLER_6_N001,ANTLER_6_N001,ANTLER_6_N001,RTPD,MCL,LMP_LOSS_PRC,ANTLER_6_N001,ALL,1,0,2,4
2022-09-01T16:15:00-00:00,2022-09-01T16:30:00-00:00,2022-09-01,10,ANTLER_6_N001,ANTLER_6_N001,ANTLER_6_N001,RTPD,MCL,LMP_LOSS_PRC,ANTLER_6_N001,ALL,1,0,2,4
2022-09-01T17:15:00-00:00,2022-09-01T17:30:00-00:00,2022-09-01,11,ANTLER_6_N001,ANTLER_6_N001,ANTLER_6_N001,RTPD,MCL,LMP_LOSS_PRC,ANTLER_6_N001,ALL,1,0,2,4
2022-09-01T18:15:00-00:00,2022-09-01T18:30:00-00:00,2022-09-01,12,ANTLER_6_N001,ANTLER_6_N001,ANTLER_6_N001,RTPD,MCL,LMP_LOSS_PRC,ANTLER_6_N001,ALL,1,0,2,4
2022-09-01T19:15:00-00:00,2022-09-01T19:30:00-00:00,2022-09-01,13,ANTLER_6_N001,ANTLER_6_N001,ANTLER_6_N001,RTPD,MCL,LMP_LOSS_PRC,ANTLER_6_N001,ALL,1,0,2,4
2022-09-01T20:15:00-00:00,2022-09-01T20:30:00-00:00,2022-09-01,14,ANTLER_6_N001,ANTLER_6_N001,ANTLER_6_N001,RTPD,MCL,LMP_LOSS_PRC,ANTLER_6_N001,ALL,1,0,2,4
2022-09-01T21:15:00-00:00,2022-09-01T21:30:00-00:00,2022-09-01,15,ANTLER_6_N001,ANTLER_6_N001,ANTLER_6_N001,RTPD,MCL,LMP_LOSS_PRC,ANTLER_6_N001,ALL,1,0,2,4
2022-09-01T22:15:00-00:00,2022-09-01T22:30:00-00:00,2022-09-01,16,ANTLER_6_N001,ANTLER_6_N001,ANTLER_6_N001,RTPD,MCL,LMP_LOSS_PRC,ANTLER_6_N001,ALL,1,0,2,4
2022-09-01T23:15:00-00:00,2022-09-01T23:30:00-00:00,2022-09-01,17,ANTLER_6_N001,ANTLER_6_N001,ANTLER_6_N001,RTPD,MCL,LMP_LOSS_PRC,ANTLER_6_N001,ALL,1,0,2,4
2022-09-02T00:15:00-00:00,2022-09-02T00:30:00-00:00,2022-09-01,18,ANTLER_6_N001,ANTLER_6_N001,ANTLER_6_N001,RTPD,MCL,LMP_LOSS_PRC,ANTLER_6_N001,ALL,1,-23.01757,2,4
2022-09-02T01:15:00-00:00,2022-09-02T01:30:00-00:00,2022-09-01,19,ANTLER_6_N001,ANTLER_6_N001,ANTLER_6_N001,RTPD,MCL,LMP_LOSS_PRC,ANTLER_6_N001,ALL,1,0,2,4
2022-09-02T02:15:00-00:00,2022-09-02T02:30:00-00:00,2022-09-01,20,ANTLER_6_N001,ANTLER_6_N001,ANTLER_6_N001,RTPD,MCL,LMP_LOSS_PRC,ANTLER_6_N001,ALL,1,0,2,4
2022-09-02T03:15:00-00:00,2022-09-02T03:30:00-00:00,2022-09-01,21,ANTLER_6_N001,ANTLER_6_N001,ANTLER_6_N001,RTPD,MCL,LMP_LOSS_PRC,ANTLER_6_N001,ALL,1,-4.76629,2,4
2022-09-02T04:15:00-00:00,2022-09-02T04:30:00-00:00,2022-09-01,22,ANTLER_6_N001,ANTLER_6_N001,ANTLER_6_N001,RTPD,MCL,LMP_LOSS_PRC,ANTLER_6_N001,ALL,1,-5.88846,2,4
2022-09-02T05:15:00-00:00,2022-09-02T05:30:00-00:00,2022-09-01,23,ANTLER_6_N001,ANTLER_6_N001,ANTLER_6_N001,RTPD,MCL,LMP_LOSS_PRC,ANTLER_6_N001,ALL,1,-3.78659,2,4
2022-09-02T06:15:00-00:00,2022-09-02T06:30:00-00:00,2022-09-01,24,ANTLER_6_N001,ANTLER_6_N001,ANTLER_6_N001,RTPD,MCL,LMP_LOSS_PRC,ANTLER_6_N001,ALL,1,-5.95298,2,4
2022-09-01T07:30:00-00:00,2022-09-01T07:45:00-00:00,2022-09-01,01,ANTLER_6_N001,ANTLER_6_N001,ANTLER_6_N001,RTPD,MCL,LMP_LOSS_PRC,ANTLER_6_N001,ALL,1,0,3,4
2022-09-01T08:30:00-00:00,2022-09-01T08:45:00-00:00,2022-09-01,02,ANTLER_6_N001,ANTLER_6_N001,ANTLER_6_N001,RTPD,MCL,LMP_LOSS_PRC,ANTLER_6_N001,ALL,1,-3.58893,3,4
2022-09-01T09:30:00-00:00,2022-09-01T09:45:00-00:00,2022-09-01,03,ANTLER_6_N001,ANTLER_6_N001,ANTLER_6_N001,RTPD,MCL,LMP_LOSS_PRC,ANTLER_6_N001,ALL,1,-3.16083,3,4
2022-09-01T10:30:00-00:00,2022-09-01T10:45:00-00:00,2022-09-01,04,ANTLER_6_N001,ANTLER_6_N001,ANTLER_6_N001,RTPD,MCL,LMP_LOSS_PRC,ANTLER_6_N001,ALL,1,-3.03541,3,4
2022-09-01T11:30:00-00:00,2022-09-01T11:45:00-00:00,2022-09-01,05,ANTLER_6_N001,ANTLER_6_N001,ANTLER_6_N001,RTPD,MCL,LMP_LOSS_PRC,ANTLER_6_N001,ALL,1,-2.87543,3,4
2022-09-01T12:30:00-00:00,2022-09-01T12:45:00-00:00,2022-09-01,06,ANTLER_6_N001,ANTLER_6_N001,ANTLER_6_N001,RTPD,MCL,LMP_LOSS_PRC,ANTLER_6_N001,ALL,1,-3.79337,3,4
2022-09-01T13:30:00-00:00,2022-09-01T13:45:00-00:00,2022-09-01,07,ANTLER_6_N001,ANTLER_6_N001,ANTLER_6_N001,RTPD,MCL,LMP_LOSS_PRC,ANTLER_6_N001,ALL,1,-3.72478,3,4
2022-09-01T14:30:00-00:00,2022-09-01T14:45:00-00:00,2022-09-01,08,ANTLER_6_N001,ANTLER_6_N001,ANTLER_6_N001,RTPD,MCL,LMP_LOSS_PRC,ANTLER_6_N001,ALL,1,-1.68027,3,4
2022-09-01T15:30:00-00:00,2022-09-01T15:45:00-00:00,2022-09-01,09,ANTLER_6_N001,ANTLER_6_N001,ANTLER_6_N001,RTPD,MCL,LMP_LOSS_PRC,ANTLER_6_N001,ALL,1,0,3,4
2022-09-01T16:30:00-00:00,2022-09-01T16:45:00-00:00,2022-09-01,10,ANTLER_6_N001,ANTLER_6_N001,ANTLER_6_N001,RTPD,MCL,LMP_LOSS_PRC,ANTLER_6_N001,ALL,1,0,3,4
2022-09-01T17:30:00-00:00,2022-09-01T17:45:00-00:00,2022-09-01,11,ANTLER_6_N001,ANTLER_6_N001,ANTLER_6_N001,RTPD,MCL,LMP_LOSS_PRC,ANTLER_6_N001,ALL,1,0,3,4
2022-09-01T18:30:00-00:00,2022-09-01T18:45:00-00:00,2022-09-01,12,ANTLER_6_N001,ANTLER_6_N001,ANTLER_6_N001,RTPD,MCL,LMP_LOSS_PRC,ANTLER_6_N001,ALL,1,0,3,4
2022-09-01T19:30:00-00:00,2022-09-01T19:45:00-00:00,2022-09-01,13,ANTLER_6_N001,ANTLER_6_N001,ANTLER_6_N001,RTPD,MCL,LMP_LOSS_PRC,ANTLER_6_N001,ALL,1,0,3,4
2022-09-01T20:30:00-00:00,2022-09-01T20:45:00-00:00,2022-09-01,14,ANTLER_6_N001,ANTLER_6_N001,ANTLER_6_N001,RTPD,MCL,LMP_LOSS_PRC,ANTLER_6_N001,ALL,1,0,3,4
2022-09-01T21:30:00-00:00,2022-09-01T21:45:00-00:00,2022-09-01,15,ANTLER_6_N001,ANTLER_6_N001,ANTLER_6_N001,RTPD,MCL,LMP_LOSS_PRC,ANTLER_6_N001,ALL,1,0,3,4
2022-09-01T22:30:00-00:00,2022-09-01T22:45:00-00:00,2022-09-01,16,ANTLER_6_N001,ANTLER_6_N001,ANTLER_6_N001,RTPD,MCL,LMP_LOSS_PRC,ANTLER_6_N001,ALL,1,0,3,4
2022-09-01T23:30:00-00:00,2022-09-01T23:45:00-00:00,2022-09-01,17,ANTLER_6_N001,ANTLER_6_N001,ANTLER_6_N001,RTPD,MCL,LMP_LOSS_PRC,ANTLER_6_N001,ALL,1,0,3,4
2022-09-02T00:30:00-00:00,2022-09-02T00:45:00-00:00,2022-09-01,18,ANTLER_6_N001,ANTLER_6_N001,ANTLER_6_N001,RTPD,MCL,LMP_LOSS_PRC,ANTLER_6_N001,ALL,1,0,3,4
2022-09-02T01:30:00-00:00,2022-09-02T01:45:00-00:00,2022-09-01,19,ANTLER_6_N001,ANTLER_6_N001,ANTLER_6_N001,RTPD,MCL,LMP_LOSS_PRC,ANTLER_6_N001,ALL,1,0,3,4
2022-09-02T02:30:00-00:00,2022-09-02T02:45:00-00:00,2022-09-01,20,ANTLER_6_N001,ANTLER_6_N001,ANTLER_6_N001,RTPD,MCL,LMP_LOSS_PRC,ANTLER_6_N001,ALL,1,0,3,4
2022-09-02T03:30:00-00:00,2022-09-02T03:45:00-00:00,2022-09-01,21,ANTLER_6_N001,ANTLER_6_N001,ANTLER_6_N001,RTPD,MCL,LMP_LOSS_PRC,ANTLER_6_N001,ALL,1,-2.40738,3,4
2022-09-02T04:30:00-00:00,2022-09-02T04:45:00-00:00,2022-09-01,22,ANTLER_6_N001,ANTLER_6_N001,ANTLER_6_N001,RTPD,MCL,LMP_LOSS_PRC,ANTLER_6_N001,ALL,1,-6.57669,3,4
2022-09-02T05:30:00-00:00,2022-09-02T05:45:00-00:00,2022-09-01,23,ANTLER_6_N001,ANTLER_6_N001,ANTLER_6_N001,RTPD,MCL,LMP_LOSS_PRC,ANTLER_6_N001,ALL,1,-3.84562,3,4
2022-09-02T06:30:00-00:00,2022-09-02T06:45:00-00:00,2022-09-01,24,ANTLER_6_N001,ANTLER_6_N001,ANTLER_6_N001,RTPD,MCL,LMP_LOSS_PRC,ANTLER_6_N001,ALL,1,-4.81122,3,4
2022-09-01T07:45:00-00:00,2022-09-01T08:00:00-00:00,2022-09-01,01,ANTLER_6_N001,ANTLER_6_N001,ANTLER_6_N001,RTPD,MCL,LMP_LOSS_PRC,ANTLER_6_N001,ALL,1,0,4,4
2022-09-01T08:45:00-00:00,2022-09-01T09:00:00-00:00,2022-09-01,02,ANTLER_6_N001,ANTLER_6_N001,ANTLER_6_N001,RTPD,MCL,LMP_LOSS_PRC,ANTLER_6_N001,ALL,1,-3.42613,4,4
2022-09-01T09:45:00-00:00,2022-09-01T10:00:00-00:00,2022-09-01,03,ANTLER_6_N001,ANTLER_6_N001,ANTLER_6_N001,RTPD,MCL,LMP_LOSS_PRC,ANTLER_6_N001,ALL,1,-3.29566,4,4
2022-09-01T10:45:00-00:00,2022-09-01T11:00:00-00:00,2022-09-01,04,ANTLER_6_N001,ANTLER_6_N001,ANTLER_6_N001,RTPD,MCL,LMP_LOSS_PRC,ANTLER_6_N001,ALL,1,-3.04997,4,4
2022-09-01T11:45:00-00:00,2022-09-01T12:00:00-00:00,2022-09-01,05,ANTLER_6_N001,ANTLER_6_N001,ANTLER_6_N001,RTPD,MCL,LMP_LOSS_PRC,ANTLER_6_N001,ALL,1,0,4,4
2022-09-01T12:45:00-00:00,2022-09-01T13:00:00-00:00,2022-09-01,06,ANTLER_6_N001,ANTLER_6_N001,ANTLER_6_N001,RTPD,MCL,LMP_LOSS_PRC,ANTLER_6_N001,ALL,1,0,4,4
2022-09-01T13:45:00-00:00,2022-09-01T14:00:00-00:00,2022-09-01,07,ANTLER_6_N001,ANTLER_6_N001,ANTLER_6_N001,RTPD,MCL,LMP_LOSS_PRC,ANTLER_6_N001,ALL,1,0,4,4
2022-09-01T14:45:00-00:00,2022-09-01T15:00:00-00:00,2022-09-01,08,ANTLER_6_N001,ANTLER_6_N001,ANTLER_6_N001,RTPD,MCL,LMP_LOSS_PRC,ANTLER_6_N001,ALL,1,0,4,4
2022-09-01T15:45:00-00:00,2022-09-01T16:00:00-00:00,2022-09-01,09,ANTLER_6_N001,ANTLER_6_N001,ANTLER_6_N001,RTPD,MCL,LMP_LOSS_PRC,ANTLER_6_N001,ALL,1,0,4,4
2022-09-01T16:45:00-00:00,2022-09-01T17:00:00-00:00,2022-09-01,10,ANTLER_6_N001,ANTLER_6_N001,ANTLER_6_N001,RTPD,MCL,LMP_LOSS_PRC,ANTLER_6_N001,ALL,1,0,4,4
2022-09-01T17:45:00-00:00,2022-09-01T18:00:00-00:00,2022-09-01,11,ANTLER_6_N001,ANTLER_6_N001,ANTLER_6_N001,RTPD,MCL,LMP_LOSS_PRC,ANTLER_6_N001,ALL,1,0,4,4
2022-09-01T18:45:00-00:00,2022-09-01T19:00:00-00:00,2022-09-01,12,ANTLER_6_N001,ANTLER_6_N001,ANTLER_6_N001,RTPD,MCL,LMP_LOSS_PRC,ANTLER_6_N001,ALL,1,0,4,4
2022-09-01T19:45:00-00:00,2022-09-01T20:00:00-00:00,2022-09-01,13,ANTLER_6_N001,ANTLER_6_N001,ANTLER_6_N001,RTPD,MCL,LMP_LOSS_PRC,ANTLER_6_N001,ALL,1,0,4,4
2022-09-01T20:45:00-00:00,2022-09-01T21:00:00-00:00,2022-09-01,14,ANTLER_6_N001,ANTLER_6_N001,ANTLER_6_N001,RTPD,MCL,LMP_LOSS_PRC,ANTLER_6_N001,ALL,1,0,4,4
2022-09-01T21:45:00-00:00,2022-09-01T22:00:00-00:00,2022-09-01,15,ANTLER_6_N001,ANTLER_6_N001,ANTLER_6_N001,RTPD,MCL,LMP_LOSS_PRC,ANTLER_6_N001,ALL,1,0,4,4
2022-09-01T22:45:00-00:00,2022-09-01T23:00:00-00:00,2022-09-01,16,ANTLER_6_N001,ANTLER_6_N001,ANTLER_6_N001,RTPD,MCL,LMP_LOSS_PRC,ANTLER_6_N001,ALL,1,0,4,4
2022-09-01T23:45:00-00:00,2022-09-02T00:00:00-00:00,2022-09-01,17,ANTLER_6_N001,ANTLER_6_N001,ANTLER_6_N001,RTPD,MCL,LMP_LOSS_PRC,ANTLER_6_N001,ALL,1,0,4,4
2022-09-02T00:45:00-00:00,2022-09-02T01:00:00-00:00,2022-09-01,18,ANTLER_6_N001,ANTLER_6_N001,ANTLER_6_N001,RTPD,MCL,LMP_LOSS_PRC,ANTLER_6_N001,ALL,1,0,4,4
2022-09-02T01:45:00-00:00,2022-09-02T02:00:00-00:00,2022-09-01,19,ANTLER_6_N001,ANTLER_6_N001,ANTLER_6_N001,RTPD,MCL,LMP_LOSS_PRC,ANTLER_6_N001,ALL,1,0,4,4
2022-09-02T02:45:00-00:00,2022-09-02T03:00:00-00:00,2022-09-01,20,ANTLER_6_N001,ANTLER_6_N001,ANTLER_6_N001,RTPD,MCL,LMP_LOSS_PRC,ANTLER_6_N001,ALL,1,-56.3849,4,4
2022-09-02T03:45:00-00:00,2022-09-02T04:00:00-00:00,2022-09-01,21,ANTLER_6_N001,ANTLER_6_N001,ANTLER_6_N001,RTPD,MCL,LMP_LOSS_PRC,ANTLER_6_N001,ALL,1,-3.27438,4,4
2022-09-02T04:45:00-00:00,2022-09-02T05:00:00-00:00,2022-09-01,22,ANTLER_6_N001,ANTLER_6_N001,ANTLER_6_N001,RTPD,MCL,LMP_LOSS_PRC,ANTLER_6_N001,ALL,1,-3.84094,4,4
2022-09-02T05:45:00-00:00,2022-09-02T06:00:00-00:00,2022-09-01,23,ANTLER_6_N001,ANTLER_6_N001,ANTLER_6_N001,RTPD,MCL,LMP_LOSS_PRC,ANTLER_6_N001,ALL,1,-3.65359,4,4
2022-09-02T06:45:00-00:00,2022-09-02T07:00:00-00:00,2022-09-01,24,ANTLER_6_N001,ANTLER_6_N001,ANTLER_6_N001,RTPD,MCL,LMP_LOSS_PRC,ANTLER_6_N001,ALL,1,-3.66923,4,4
2022-09-01T07:00:00-00:00,2022-09-01T07:15:00-00:00,2022-09-01,01,ANTLER_6_N001,ANTLER_6_N001,ANTLER_6_N001,RTPD,MGHG,LMP_GHG_PRC,ANTLER_6_N001,ALL,1,0,1,5
2022-09-01T08:00:00-00:00,2022-09-01T08:15:00-00:00,2022-09-01,02,ANTLER_6_N001,ANTLER_6_N001,ANTLER_6_N001,RTPD,MGHG,LMP_GHG_PRC,ANTLER_6_N001,ALL,1,0,1,5
2022-09-01T09:00:00-00:00,2022-09-01T09:15:00-00:00,2022-09-01,03,ANTLER_6_N001,ANTLER_6_N001,ANTLER_6_N001,RTPD,MGHG,LMP_GHG_PRC,ANTLER_6_N001,ALL,1,0,1,5
2022-09-01T10:00:00-00:00,2022-09-01T10:15:00-00:00,2022-09-01,04,ANTLER_6_N001,ANTLER_6_N001,ANTLER_6_N001,RTPD,MGHG,LMP_GHG_PRC,ANTLER_6_N001,ALL,1,0,1,5
2022-09-01T11:00:00-00:00,2022-09-01T11:15:00-00:00,2022-09-01,05,ANTLER_6_N001,ANTLER_6_N001,ANTLER_6_N001,RTPD,MGHG,LMP_GHG_PRC,ANTLER_6_N001,ALL,1,0,1,5
2022-09-01T12:00:00-00:00,2022-09-01T12:15:00-00:00,2022-09-01,06,ANTLER_6_N001,ANTLER_6_N001,ANTLER_6_N001,RTPD,MGHG,LMP_GHG_PRC,ANTLER_6_N001,ALL,1,0,1,5
2022-09-01T13:00:00-00:00,2022-09-01T13:15:00-00:00,2022-09-01,07,ANTLER_6_N001,ANTLER_6_N001,ANTLER_6_N001,RTPD,MGHG,LMP_GHG_PRC,ANTLER_6_N001,ALL,1,0,1,5
2022-09-01T14:00:00-00:00,2022-09-01T14:15:00-00:00,2022-09-01,08,ANTLER_6_N001,ANTLER_6_N001,ANTLER_6_N001,RTPD,MGHG,LMP_GHG_PRC,ANTLER_6_N001,ALL,1,0,1,5
2022-09-01T15:00:00-00:00,2022-09-01T15:15:00-00:00,2022-09-01,09,ANTLER_6_N001,ANTLER_6_N001,ANTLER_6_N001,RTPD,MGHG,LMP_GHG_PRC,ANTLER_6_N001,ALL,1,0,1,5
2022-09-01T16:00:00-00:00,2022-09-01T16:15:00-00:00,2022-09-01,10,ANTLER_6_N001,ANTLER_6_N001,ANTLER_6_N001,RTPD,MGHG,LMP_GHG_PRC,ANTLER_6_N001,ALL,1,0,1,5
2022-09-01T17:00:00-00:00,2022-09-01T17:15:00-00:00,2022-09-01,11,ANTLER_6_N001,ANTLER_6_N001,ANTLER_6_N001,RTPD,MGHG,LMP_GHG_PRC,ANTLER_6_N001,ALL,1,0,1,5
2022-09-01T18:00:00-00:00,2022-09-01T18:15:00-00:00,2022-09-01,12,ANTLER_6_N001,ANTLER_6_N001,ANTLER_6_N001,RTPD,MGHG,LMP_GHG_PRC,ANTLER_6_N001,ALL,1,0,1,5
2022-09-01T19:00:00-00:00,2022-09-01T19:15:00-00:00,2022-09-01,13,ANTLER_6_N001,ANTLER_6_N001,ANTLER_6_N001,RTPD,MGHG,LMP_GHG_PRC,ANTLER_6_N001,ALL,1,0,1,5
2022-09-01T20:00:00-00:00,2022-09-01T20:15:00-00:00,2022-09-01,14,ANTLER_6_N001,ANTLER_6_N001,ANTLER_6_N001,RTPD,MGHG,LMP_GHG_PRC,ANTLER_6_N001,ALL,1,0,1,5
2022-09-01T21:00:00-00:00,2022-09-01T21:15:00-00:00,2022-09-01,15,ANTLER_6_N001,ANTLER_6_N001,ANTLER_6_N001,RTPD,MGHG,LMP_GHG_PRC,ANTLER_6_N001,ALL,1,0,1,5
2022-09-01T22:00:00-00:00,2022-09-01T22:15:00-00:00,2022-09-01,16,ANTLER_6_N001,ANTLER_6_N001,ANTLER_6_N001,RTPD,MGHG,LMP_GHG_PRC,ANTLER_6_N001,ALL,1,0,1,5
2022-09-01T23:00:00-00:00,2022-09-01T23:15:00-00:00,2022-09-01,17,ANTLER_6_N001,ANTLER_6_N001,ANTLER_6_N001,RTPD,MGHG,LMP_GHG_PRC,ANTLER_6_N001,ALL,1,0,1,5
2022-09-02T00:00:00-00:00,2022-09-02T00:15:00-00:00,2022-09-01,18,ANTLER_6_N001,ANTLER_6_N001,ANTLER_6_N001,RTPD,MGHG,LMP_GHG_PRC,ANTLER_6_N001,ALL,1,0,1,5
2022-09-02T01:00:00-00:00,2022-09-02T01:15:00-00:00,2022-09-01,19,ANTLER_6_N001,ANTLER_6_N001,ANTLER_6_N001,RTPD,MGHG,LMP_GHG_PRC,ANTLER_6_N001,ALL,1,0,1,5
2022-09-02T02:00:00-00:00,2022-09-02T02:15:00-00:00,2022-09-01,20,ANTLER_6_N001,ANTLER_6_N001,ANTLER_6_N001,RTPD,MGHG,LMP_GHG_PRC,ANTLER_6_N001,ALL,1,0,1,5
2022-09-02T03:00:00-00:00,2022-09-02T03:15:00-00:00,2022-09-01,21,ANTLER_6_N001,ANTLER_6_N001,ANTLER_6_N001,RTPD,MGHG,LMP_GHG_PRC,ANTLER_6_N001,ALL,1,0,1,5
2022-09-02T04:00:00-00:00,2022-09-02T04:15:00-00:00,2022-09-01,22,ANTLER_6_N001,ANTLER_6_N001,ANTLER_6_N001,RTPD,MGHG,LMP_GHG_PRC,ANTLER_6_N001,ALL,1,0,1,5
2022-09-02T05:00:00-00:00,2022-09-02T05:15:00-00:00,2022-09-01,23,ANTLER_6_N001,ANTLER_6_N001,ANTLER_6_N001,RTPD,MGHG,LMP_GHG_PRC,ANTLER_6_N001,ALL,1,0,1,5
2022-09-02T06:00:00-00:00,2022-09-02T06:15:00-00:00,2022-09-01,24,ANTLER_6_N001,ANTLER_6_N001,ANTLER_6_N001,RTPD,MGHG,LMP_GHG_PRC,ANTLER_6_N001,ALL,1,0,1,5
2022-09-01T07:15:00-00:00,2022-09-01T07:30:00-00:00,2022-09-01,01,ANTLER_6_N001,ANTLER_6_N001,ANTLER_6_N001,RTPD,MGHG,LMP_GHG_PRC,ANTLER_6_N001,ALL,1,0,2,5
2022-09-01T08:15:00-00:00,2022-09-01T08:30:00-00:00,2022-09-01,02,ANTLER_6_N001,ANTLER_6_N001,ANTLER_6_N001,RTPD,MGHG,LMP_GHG_PRC,ANTLER_6_N001,ALL,1,0,2,5
2022-09-01T09:15:00-00:00,2022-09-01T09:30:00-00:00,2022-09-01,03,ANTLER_6_N001,ANTLER_6_N001,ANTLER_6_N001,RTPD,MGHG,LMP_GHG_PRC,ANTLER_6_N001,ALL,1,0,2,5
2022-09-01T10:15:00-00:00,2022-09-01T10:30:00-00:00,2022-09-01,04,ANTLER_6_N001,ANTLER_6_N001,ANTLER_6_N001,RTPD,MGHG,LMP_GHG_PRC,ANTLER_6_N001,ALL,1,0,2,5
2022-09-01T11:15:00-00:00,2022-09-01T11:30:00-00:00,2022-09-01,05,ANTLER_6_N001,ANTLER_6_N001,ANTLER_6_N001,RTPD,MGHG,LMP_GHG_PRC,ANTLER_6_N001,ALL,1,0,2,5
2022-09-01T12:15:00-00:00,2022-09-01T12:30:00-00:00,2022-09-01,06,ANTLER_6_N001,ANTLER_6_N001,ANTLER_6_N001,RTPD,MGHG,LMP_GHG_PRC,ANTLER_6_N001,ALL,1,0,2,5
2022-09-01T13:15:00-00:00,2022-09-01T13:30:00-00:00,2022-09-01,07,ANTLER_6_N001,ANTLER_6_N001,ANTLER_6_N001,RTPD,MGHG,LMP_GHG_PRC,ANTLER_6_N001,ALL,1,0,2,5
2022-09-01T14:15:00-00:00,2022-09-01T14:30:00-00:00,2022-09-01,08,ANTLER_6_N001,ANTLER_6_N001,ANTLER_6_N001,RTPD,MGHG,LMP_GHG_PRC,ANTLER_6_N001,ALL,1,0,2,5
2022-09-01T15:15:00-00:00,2022-09-01T15:30:00-00:00,2022-09-01,09,ANTLER_6_N001,ANTLER_6_N001,ANTLER_6_N001,RTPD,MGHG,LMP_GHG_PRC,ANTLER_6_N001,ALL,1,0,2,5
2022-09-01T16:15:00-00:00,2022-09-01T16:30:00-00:00,2022-09-01,10,ANTLER_6_N001,ANTLER_6_N001,ANTLER_6_N001,RTPD,MGHG,LMP_GHG_PRC,ANTLER_6_N001,ALL,1,0,2,5
2022-09-01T17:15:00-00:00,2022-09-01T17:30:00-00:00,2022-09-01,11,ANTLER_6_N001,ANTLER_6_N001,ANTLER_6_N001,RTPD,MGHG,LMP_GHG_PRC,ANTLER_6_N001,ALL,1,0,2,5
2022-09-01T18:15:00-00:00,2022-09-01T18:30:00-00:00,2022-09-01,12,ANTLER_6_N001,ANTLER_6_N001,ANTLER_6_N001,RTPD,MGHG,LMP_GHG_PRC,ANTLER_6_N001,ALL,1,0,2,5
2022-09-01T19:15:00-00:00,2022-09-01T19:30:00-00:00,2022-09-01,13,ANTLER_6_N001,ANTLER_6_N001,ANTLER_6_N001,RTPD,MGHG,LMP_GHG_PRC,ANTLER_6_N001,ALL,1,0,2,5
2022-09-01T20:15:00-00:00,2022-09-01T20:30:00-00:00,2022-09-01,14,ANTLER_6_N001,ANTLER_6_N001,ANTLER_6_N001,RTPD,MGHG,LMP_GHG_PRC,ANTLER_6_N001,ALL,1,0,2,5
2022-09-01T21:15:00-00:00,2022-09-01T21:30:00-00:00,2022-09-01,15,ANTLER_6_N001,ANTLER_6_N001,ANTLER_6_N001,RTPD,MGHG,LMP_GHG_PRC,ANTLER_6_N001,ALL,1,0,2,5
2022-09-01T22:15:00-00:00,2022-09-01T22:30:00-00:00,2022-09-01,16,ANTLER_6_N001,ANTLER_6_N001,ANTLER_6_N001,RTPD,MGHG,LMP_GHG_PRC,ANTLER_6_N001,ALL,1,0,2,5
2022-09-01T23:15:00-00:00,2022-09-01T23:30:00-00:00,2022-09-01,17,ANTLER_6_N001,ANTLER_6_N001,ANTLER_6_N001,RTPD,MGHG,LMP_GHG_PRC,ANTLER_6_N001,ALL,1,0,2,5
2022-09-02T00:15:00-00:00,2022-09-02T00:30:00-00:00,2022-09-01,18,ANTLER_6_N001,ANTLER_6_N001,ANTLER_6_N001,RTPD,MGHG,LMP_GHG_PRC,ANTLER_6_N001,ALL,1,0,2,5
2022-09-02T01:15:00-00:00,2022-09-02T01:30:00-00:00,2022-09-01,19,ANTLER_6_N001,ANTLER_6_N001,ANTLER_6_N001,RTPD,MGHG,LMP_GHG_PRC,ANTLER_6_N001,ALL,1,0,2,5
2022-09-02T02:15:00-00:00,2022-09-02T02:30:00-00:00,2022-09-01,20,ANTLER_6_N001,ANTLER_6_N001,ANTLER_6_N001,RTPD,MGHG,LMP_GHG_PRC,ANTLER_6_N001,ALL,1,0,2,5
2022-09-02T03:15:00-00:00,2022-09-02T03:30:00-00:00,2022-09-01,21,ANTLER_6_N001,ANTLER_6_N001,ANTLER_6_N001,RTPD,MGHG,LMP_GHG_PRC,ANTLER_6_N001,ALL,1,0,2,5
2022-09-02T04:15:00-00:00,2022-09-02T04:30:00-00:00,2022-09-01,22,ANTLER_6_N001,ANTLER_6_N001,ANTLER_6_N001,RTPD,MGHG,LMP_GHG_PRC,ANTLER_6_N001,ALL,1,0,2,5
2022-09-02T05:15:00-00:00,2022-09-02T05:30:00-00:00,2022-09-01,23,ANTLER_6_N001,ANTLER_6_N001,ANTLER_6_N001,RTPD,MGHG,LMP_GHG_PRC,ANTLER_6_N001,ALL,1,0,2,5
2022-09-02T06:15:00-00:00,2022-09-02T06:30:00-00:00,2022-09-01,24,ANTLER_6_N001,ANTLER_6_N001,ANTLER_6_N001,RTPD,MGHG,LMP_GHG_PRC,ANTLER_6_N001,ALL,1,0,2,5
2022-09-01T07:30:00-00:00,2022-09-01T07:45:00-00:00,2022-09-01,01,ANTLER_6_N001,ANTLER_6_N001,ANTLER_6_N001,RTPD,MGHG,LMP_GHG_PRC,ANTLER_6_N001,ALL,1,0,3,5
2022-09-01T08:30:00-00:00,2022-09-01T08:45:00-00:00,2022-09-01,02,ANTLER_6_N001,ANTLER_6_N001,ANTLER_6_N001,RTPD,MGHG,LMP_GHG_PRC,ANTLER_6_N001,ALL,1,0,3,5
2022-09-01T09:30:00-00:00,2022-09-01T09:45:00-00:00,2022-09-01,03,ANTLER_6_N001,ANTLER_6_N001,ANTLER_6_N001,RTPD,MGHG,LMP_GHG_PRC,ANTLER_6_N001,ALL,1,0,3,5
2022-09-01T10:30:00-00:00,2022-09-01T10:45:00-00:00,2022-09-01,04,ANTLER_6_N001,ANTLER_6_N001,ANTLER_6_N001,RTPD,MGHG,LMP_GHG_PRC,ANTLER_6_N001,ALL,1,0,3,5
2022-09-01T11:30:00-00:00,2022-09-01T11:45:00-00:00,2022-09-01,05,ANTLER_6_N001,ANTLER_6_N001,ANTLER_6_N001,RTPD,MGHG,LMP_GHG_PRC,ANTLER_6_N001,ALL,1,0,3,5
2022-09-01T12:30:00-00:00,2022-09-01T12:45:00-00:00,2022-09-01,06,ANTLER_6_N001,ANTLER_6_N001,ANTLER_6_N001,RTPD,MGHG,LMP_GHG_PRC,ANTLER_6_N001,ALL,1,0,3,5
2022-09-01T13:30:00-00:00,2022-09-01T13:45:00-00:00,2022-09-01,07,ANTLER_6_N001,ANTLER_6_N001,ANTLER_6_N001,RTPD,MGHG,LMP_GHG_PRC,ANTLER_6_N001,ALL,1,0,3,5
2022-09-01T14:30:00-00:00,2022-09-01T14:45:00-00:00,2022-09-01,08,ANTLER_6_N001,ANTLER_6_N001,ANTLER_6_N001,RTPD,MGHG,LMP_GHG_PRC,ANTLER_6_N001,ALL,1,0,3,5
2022-09-01T15:30:00-00:00,2022-09-01T15:45:00-00:00,2022-09-01,09,ANTLER_6_N001,ANTLER_6_N001,ANTLER_6_N001,RTPD,MGHG,LMP_GHG_PRC,ANTLER_6_N001,ALL,1,0,3,5
2022-09-01T16:30:00-00:00,2022-09-01T16:45:00-00:00,2022-09-01,10,ANTLER_6_N001,ANTLER_6_N001,ANTLER_6_N001,RTPD,MGHG,LMP_GHG_PRC,ANTLER_6_N001,ALL,1,0,3,5
2022-09-01T17:30:00-00:00,2022-09-01T17:45:00-00:00,2022-09-01,11,ANTLER_6_N001,ANTLER_6_N001,ANTLER_6_N001,RTPD,MGHG,LMP_GHG_PRC,ANTLER_6_N001,ALL,1,0,3,5
2022-09-01T18:30:00-00:00,2022-09-01T18:45:00-00:00,2022-09-01,12,ANTLER_6_N001,ANTLER_6_N001,ANTLER_6_N001,RTPD,MGHG,LMP_GHG_PRC,ANTLER_6_N001,ALL,1,0,3,5
2022-09-01T19:30:00-00:00,2022-09-01T19:45:00-00:00,2022-09-01,13,ANTLER_6_N001,ANTLER_6_N001,ANTLER_6_N001,RTPD,MGHG,LMP_GHG_PRC,ANTLER_6_N001,ALL,1,0,3,5
2022-09-01T20:30:00-00:00,2022-09-01T20:45:00-00:00,2022-09-01,14,ANTLER_6_N001,ANTLER_6_N001,ANTLER_6_N001,RTPD,MGHG,LMP_GHG_PRC,ANTLER_6_N001,ALL,1,0,3,5
2022-09-01T21:30:00-00:00,2022-09-01T21:45:00-00:00,2022-09-01,15,ANTLER_6_N001,ANTLER_6_N001,ANTLER_6_N001,RTPD,MGHG,LMP_GHG_PRC,ANTLER_6_N001,ALL,1,0,3,5
2022-09-01T22:30:00-00:00,2022-09-01T22:45:00-00:00,2022-09-01,16,ANTLER_6_N001,ANTLER_6_N001,ANTLER_6_N001,RTPD,MGHG,LMP_GHG_PRC,ANTLER_6_N001,ALL,1,0,3,5
2022-09-01T23:30:00-00:00,2022-09-01T23:45:00-00:00,2022-09-01,17,ANTLER_6_N001,ANTLER_6_N001,ANTLER_6_N001,RTPD,MGHG,LMP_GHG_PRC,ANTLER_6_N001,ALL,1,0,3,5
2022-09-02T00:30:00-00:00,2022-09-02T00:45:00-00:00,2022-09-01,18,ANTLER_6_N001,ANTLER_6_N001,ANTLER_6_N001,RTPD,MGHG,LMP_GHG_PRC,ANTLER_6_N001,ALL,1,0,3,5
2022-09-02T01:30:00-00:00,2022-09-02T01:45:00-00:00,2022-09-01,19,ANTLER_6_N001,ANTLER_6_N001,ANTLER_6_N001,RTPD,MGHG,LMP_GHG_PRC,ANTLER_6_N001,ALL,1,0,3,5
2022-09-02T02:30:00-00:00,2022-09-02T02:45:00-00:00,2022-09-01,20,ANTLER_6_N001,ANTLER_6_N001,ANTLER_6_N001,RTPD,MGHG,LMP_GHG_PRC,ANTLER_6_N001,ALL,1,0,3,5
2022-09-02T03:30:00-00:00,2022-09-02T03:45:00-00:00,2022-09-01,21,ANTLER_6_N001,ANTLER_6_N001,ANTLER_6_N001,RTPD,MGHG,LMP_GHG_PRC,ANTLER_6_N001,ALL,1,0,3,5
2022-09-02T04:30:00-00:00,2022-09-02T04:45:00-00:00,2022-09-01,22,ANTLER_6_N001,ANTLER_6_N001,ANTLER_6_N001,RTPD,MGHG,LMP_GHG_PRC,ANTLER_6_N001,ALL,1,0,3,5
2022-09-02T05:30:00-00:00,2022-09-02T05:45:00-00:00,2022-09-01,23,ANTLER_6_N001,ANTLER_6_N001,ANTLER_6_N001,RTPD,MGHG,LMP_GHG_PRC,ANTLER_6_N001,ALL,1,0,3,5
2022-09-02T06:30:00-00:00,2022-09-02T06:45:00-00:00,2022-09-01,24,ANTLER_6_N001,ANTLER_6_N001,ANTLER_6_N001,RTPD,MGHG,LMP_GHG_PRC,ANTLER_6_N001,ALL,1,0,3,5
2022-09-01T07:45:00-00:00,2022-09-01T08:00:00-00:00,2022-09-01,01,ANTLER_6_N001,ANTLER_6_N001,ANTLER_6_N001,RTPD,MGHG,LMP_GHG_PRC,ANTLER_6_N001,ALL,1,0,4,5
2022-09-01T08:45:00-00:00,2022-09-01T09:00:00-00:00,2022-09-01,02,ANTLER_6_N001,ANTLER_6_N001,ANTLER_6_N001,RTPD,MGHG,LMP_GHG_PRC,ANTLER_6_N001,ALL,1,0,4,5
2022-09-01T09:45:00-00:00,2022-09-01T10:00:00-00:00,2022-09-01,03,ANTLER_6_N001,ANTLER_6_N001,ANTLER_6_N001,RTPD,MGHG,LMP_GHG_PRC,ANTLER_6_N001,ALL,1,0,4,5
2022-09-01T10:45:00-00:00,2022-09-01T11:00:00-00:00,2022-09-01,04,ANTLER_6_N001,ANTLER_6_N001,ANTLER_6_N001,RTPD,MGHG,LMP_GHG_PRC,ANTLER_6_N001,ALL,1,0,4,5
2022-09-01T11:45:00-00:00,2022-09-01T12:00:00-00:00,2022-09-01,05,ANTLER_6_N001,ANTLER_6_N001,ANTLER_6_N001,RTPD,MGHG,LMP_GHG_PRC,ANTLER_6_N001,ALL,1,0,4,5
2022-09-01T12:45:00-00:00,2022-09-01T13:00:00-00:00,2022-09-01,06,ANTLER_6_N001,ANTLER_6_N001,ANTLER_6_N001,RTPD,MGHG,LMP_GHG_PRC,ANTLER_6_N001,ALL,1,0,4,5
2022-09-01T13:45:00-00:00,2022-09-01T14:00:00-00:00,2022-09-01,07,ANTLER_6_N001,ANTLER_6_N001,ANTLER_6_N001,RTPD,MGHG,LMP_GHG_PRC,ANTLER_6_N001,ALL,1,0,4,5
2022-09-01T14:45:00-00:00,2022-09-01T15:00:00-00:00,2022-09-01,08,ANTLER_6_N001,ANTLER_6_N001,ANTLER_6_N001,RTPD,MGHG,LMP_GHG_PRC,ANTLER_6_N001,ALL,1,0,4,5
2022-09-01T15:45:00-00:00,2022-09-01T16:00:00-00:00,2022-09-01,09,ANTLER_6_N001,ANTLER_6_N001,ANTLER_6_N001,RTPD,MGHG,LMP_GHG_PRC,ANTLER_6_N001,ALL,1,0,4,5
2022-09-01T16:45:00-00:00,2022-09-01T17:00:00-00:00,2022-09-01,10,ANTLER_6_N001,ANTLER_6_N001,ANTLER_6_N001,RTPD,MGHG,LMP_GHG_PRC,ANTLER_6_N001,ALL,1,0,4,5
2022-09-01T17:45:00-00:00,2022-09-01T18:00:00-00:00,2022-09-01,11,ANTLER_6_N001,ANTLER_6_N001,ANTLER_6_N001,RTPD,MGHG,LMP_GHG_PRC,ANTLER_6_N001,ALL,1,0,4,5
2022-09-01T18:45:00-00:00,2022-09-01T19:00:00-00:00,2022-09-01,12,ANTLER_6_N001,ANTLER_6_N001,ANTLER_6_N001,RTPD,MGHG,LMP_GHG_PRC,ANTLER_6_N001,ALL,1,0,4,5
2022-09-01T19:45:00-00:00,2022-09-01T20:00:00-00:00,2022-09-01,13,ANTLER_6_N001,ANTLER_6_N001,ANTLER_6_N001,RTPD,MGHG,LMP_GHG_PRC,ANTLER_6_N001,ALL,1,0,4,5
2022-09-01T20:45:00-00:00,2022-09-01T21:00:00-00:00,2022-09-01,14,ANTLER_6_N001,ANTLER_6_N001,ANTLER_6_N001,RTPD,MGHG,LMP_GHG_PRC,ANTLER_6_N001,ALL,1,0,4,5
2022-09-01T21:45:00-00:00,2022-09-01T22:00:00-00:00,2022-09-01,15,ANTLER_6_N001,ANTLER_6_N001,ANTLER_6_N001,RTPD,MGHG,LMP_GHG_PRC,ANTLER_6_N001,ALL,1,0,4,5
2022-09-01T22:45:00-00:00,2022-09-01T23:00:00-00:00,2022-09-01,16,ANTLER_6_N001,ANTLER_6_N001,ANTLER_6_N001,RTPD,MGHG,LMP_GHG_PRC,ANTLER_6_N001,ALL,1,0,4,5
2022-09-01T23:45:00-00:00,2022-09-02T00:00:00-00:00,2022-09-01,17,ANTLER_6_N001,ANTLER_6_N001,ANTLER_6_N001,RTPD,MGHG,LMP_GHG_PRC,ANTLER_6_N001,ALL,1,0,4,5
2022-09-02T00:45:00-00:00,2022-09-02T01:00:00-00:00,2022-09-01,18,ANTLER_6_N001,ANTLER_6_N001,ANTLER_6_N001,RTPD,MGHG,LMP_GHG_PRC,ANTLER_6_N001,ALL,1,0,4,5
2022-09-02T01:45:00-00:00,2022-09-02T02:00:00-00:00,2022-09-01,19,ANTLER_6_N001,ANTLER_6_N001,ANTLER_6_N001,RTPD,MGHG,LMP_GHG_PRC,ANTLER_6_N001,ALL,1,0,4,5
2022-09-02T02:45:00-00:00,2022-09-02T03:00:00-00:00,2022-09-01,20,ANTLER_6_N001,ANTLER_6_N001,ANTLER_6_N001,RTPD,MGHG,LMP_GHG_PRC,ANTLER_6_N001,ALL,1,0,4,5
2022-09-02T03:45:00-00:00,2022-09-02T04:00:00-00:00,2022-09-01,21,ANTLER_6_N001,ANTLER_6_N001,ANTLER_6_N001,RTPD,MGHG,LMP_GHG_PRC,ANTLER_6_N001,ALL,1,0,4,5
2022-09-02T04:45:00-00:00,2022-09-02T05:00:00-00:00,2022-09-01,22,ANTLER_6_N001,ANTLER_6_N001,ANTLER_6_N001,RTPD,MGHG,LMP_GHG_PRC,ANTLER_6_N001,ALL,1,0,4,5
2022-09-02T05:45:00-00:00,2022-09-02T06:00:00-00:00,2022-09-01,23,ANTLER_6_N001,ANTLER_6_N001,ANTLER_6_N001,RTPD,MGHG,LMP_GHG_PRC,ANTLER_6_N001,ALL,1,0,4,5
2022-09-02T06:45:00-00:00,2022-09-02T07:00:00-00:00,2022-09-01,24,ANTLER_6_N001,ANTLER_6_N001,ANTLER_6_N001,RTPD,MGHG,LMP_GHG_PRC,ANTLER_6_N001,ALL,1,0,4,5
