INTERVALSTARTTIME_GMT,INTERVALENDTIME_GMT,OPR_DT,OPR_HR,NODE_ID_XML,NODE_ID,NODE,MARKET_RUN_ID,LMP_TYPE,XML_DATA_ITEM,PNODE_RESMRID,GRP_TYPE,POS,PRC,OPR_INTERVAL,GROUP
2022-09-01T07:00:00-00:00,2022-09-01T07:15:00-00:00,2022-09-01,01,ANGIOLA_6_N001,ANGIOLA_6_N001,ANGIOLA_6_N001,RTPD,LMP,LMP_PRC,ANGIOLA_6_N001,ALL,1,90.80476,1,1
2022-09-01T08:00:00-00:00,2022-09-01T08:15:00-00:00,2022-09-01,02,ANGIOLA_6_N001,ANGIOLA_6_N001,ANGIOLA_6_N001,RTPD,LMP,LMP_PRC,ANGIOLA_6_N001,ALL,1,111.72446,1,1
2022-09-01T09:00:00-00:00,2022-09-01T09:15:00-00:00,2022-09-01,03,ANGIOLA_6_N001,ANGIOLA_6_N001,ANGIOLA_6_N001,RTPD,LMP,LMP_PRC,ANGIOLA_6_N001,ALL,1,116.35767,1,1
2022-09-01T10:00:00-00:00,2022-09-01T10:15:00-00:00,2022-09-01,04,ANGIOLA_6_N001,ANGIOLA_6_N001,ANGIOLA_6_N001,RTPD,LMP,LMP_PRC,ANGIOLA_6_N001,ALL,1,114.30019,1,1
2022-09-01T11:00:00-00:00,2022-09-01T11:15:00-00:00,2022-09-01,05,ANGIOLA_6_N001,ANGIOLA_6_N001,ANGIOLA_6_N001,RTPD,LMP,LMP_PRC,ANGIOLA_6_N001,ALL,1,124.09773,1,1
2022-09-01T12:00:00-00:00,2022-09-01T12:15:00-00:00,2022-09-01,06,ANGIOLA_6_N001,ANGIOLA_6_N001,ANGIOLA_6_N001,RTPD,LMP,LMP_PRC,ANGIOLA_6_N001,ALL,1,107.78589,1,1
2022-09-01T13:00:00-00:00,2022-09-01T13:15:00-00:00,2022-09-01,07,ANGIOLA_6_N001,ANGIOLA_6_N001,ANGIOLA_6_N001,RTPD,LMP,LMP_PRC,ANGIOLA_6_N001,ALL,1,86.6167,1,1
2022-09-01T14:00:00-00:00,2022-09-01T14:15:00-00:00,2022-09-01,08,ANGIOLA_6_N001,ANGIOLA_6_N001,ANGIOLA_6_N001,RTPD,LMP,LMP_PRC,ANGIOLA_6_N001,ALL,1,130.31236,1,1
2022-09-01T15:00:00-00:00,2022-09-01T15:15:00-00:00,2022-09-01,09,ANGIOLA_6_N001,ANGIOLA_6_N001,ANGIOLA_6_N001,RTPD,LMP,LMP_PRC,ANGIOLA_6_N001,ALL,1,97.4112,1,1
2022-09-01T16:00:00-00:00,2022-09-01T16:15:00-00:00,2022-09-01,10,ANGIOLA_6_N001,ANGIOLA_6_N001,ANGIOLA_6_N001,RTPD,LMP,LMP_PRC,ANGIOLA_6_N001,ALL,1,83.43525,1,1
2022-09-01T17:00:00-00:00,2022-09-01T17:15:00-00:00,2022-09-01,11,ANGIOLA_6_N001,ANGIOLA_6_N001,ANGIOLA_6_N001,RTPD,LMP,LMP_PRC,ANGIOLA_6_N001,ALL,1,78.1274,1,1
2022-09-01T18:00:00-00:00,2022-09-01T18:15:00-00:00,2022-09-01,12,ANGIOLA_6_N001,ANGIOLA_6_N001,ANGIOLA_6_N001,RTPD,LMP,LMP_PRC,ANGIOLA_6_N001,ALL,1,54.96576,1,1
2022-09-01T19:00:00-00:00,2022-09-01T19:15:00-00:00,2022-09-01,13,ANGIOLA_6_N001,ANGIOLA_6_N001,ANGIOLA_6_N001,RTPD,LMP,LMP_PRC,ANGIOLA_6_N001,ALL,1,68.81283,1,1
2022-09-01T20:00:00-00:00,2022-09-01T20:15:00-00:00,2022-09-01,14,ANGIOLA_6_N001,ANGIOLA_6_N001,ANGIOLA_6_N001,RTPD,LMP,LMP_PRC,ANGIOLA_6_N001,ALL,1,113.97315,1,1
2022-09-01T21:00:00-00:00,2022-09-01T21:15:00-00:00,2022-09-01,15,ANGIOLA_6_N001,ANGIOLA_6_N001,ANGIOLA_6_N001,RTPD,LMP,LMP_PRC,ANGIOLA_6_N001,ALL,1,114.67076,1,1
2022-09-01T22:00:00-00:00,2022-09-01T22:15:00-00:00,2022-09-01,16,ANGIOLA_6_N001,ANGIOLA_6_N001,ANGIOLA_6_N001,RTPD,LMP,LMP_PRC,ANGIOLA_6_N001,ALL,1,107.90572,1,1
2022-09-01T23:00:00-00:00,2022-09-01T23:15:00-00:00,2022-09-01,17,ANGIOLA_6_N001,ANGIOLA_6_N001,ANGIOLA_6_N001,RTPD,LMP,LMP_PRC,ANGIOLA_6_N001,ALL,1,190.26868,1,1
2022-09-02T00:00:00-00:00,2022-09-02T00:15:00-00:00,2022-09-01,18,ANGIOLA_6_N001,ANGIOLA_6_N001,ANGIOLA_6_N001,RTPD,LMP,LMP_PRC,ANGIOLA_6_N001,ALL,1,1101.6873,1,1
2022-09-02T01:00:00-00:00,2022-09-02T01:15:00-00:00,2022-09-01,19,ANGIOLA_6_N001,ANGIOLA_6_N001,ANGIOLA_6_N001,RTPD,LMP,LMP_PRC,ANGIOLA_6_N001,ALL,1,1484.1139,1,1
2022-09-02T02:00:00-00:00,2022-09-02T02:15:00-00:00,2022-09-01,20,ANGIOLA_6_N001,ANGIOLA_6_N001,ANGIOLA_6_N001,RTPD,LMP,LMP_PRC,ANGIOLA_6_N001,ALL,1,1991.6721,1,1
2022-09-02T03:00:00-00:00,2022-09-02T03:15:00-00:00,2022-09-01,21,ANGIOLA_6_N001,ANGIOLA_6_N001,ANGIOLA_6_N001,RTPD,LMP,LMP_PRC,ANGIOLA_6_N001,ALL,1,1902.1941,1,1
2022-09-02T04:00:00-00:00,2022-09-02T04:15:00-00:00,2022-09-01,22,ANGIOLA_6_N001,ANGIOLA_6_N001,ANGIOLA_6_N001,RTPD,LMP,LMP_PRC,ANGIOLA_6_N001,ALL,1,1936.5187,1,1
2022-09-02T05:00:00-00:00,2022-09-02T05:15:00-00:00,2022-09-01,23,ANGIOLA_6_N001,ANGIOLA_6_N001,ANGIOLA_6_N001,RTPD,LMP,LMP_PRC,ANGIOLA_6_N001,ALL,1,236.24382,1,1
2022-09-02T06:00:00-00:00,2022-09-02T06:15:00-00:00,2022-09-01,24,ANGIOLA_6_N001,ANGIOLA_6_N001,ANGIOLA_6_N001,RTPD,LMP,LMP_PRC,ANGIOLA_6_N001,ALL,1,358.0102,1,1
2022-09-01T07:15:00-00:00,2022-09-01T07:30:00-00:00,2022-09-01,01,ANGIOLA_6_N001,ANGIOLA_6_N001,ANGIOLA_6_N001,RTPD,LMP,LMP_PRC,ANGIOLA_6_N001,ALL,1,114.09503,2,1
2022-09-01T08:15:00-00:00,2022-09-01T08:30:00-00:00,2022-09-01,02,ANGIOLA_6_N001,ANGIOLA_6_N001,ANGIOLA_6_N001,RTPD,LMP,LMP_PRC,ANGIOLA_6_N001,ALL,1,114.48778,2,1
2022-09-01T09:15:00-00:00,2022-09-01T09:30:00-00:00,2022-09-01,03,ANGIOLA_6_N001,ANGIOLA_6_N001,ANGIOLA_6_N001,RTPD,LMP,LMP_PRC,ANGIOLA_6_N001,ALL,1,112.39492,2,1
2022-09-01T10:15:00-00:00,2022-09-01T10:30:00-00:00,2022-09-01,04,ANGIOLA_6_N001,ANGIOLA_6_N001,ANGIOLA_6_N001,RTPD,LMP,LMP_PRC,ANGIOLA_6_N001,ALL,1,110.81659,2,1
2022-09-01T11:15:00-00:00,2022-09-01T11:30:00-00:00,2022-09-01,05,ANGIOLA_6_N001,ANGIOLA_6_N001,ANGIOLA_6_N001,RTPD,LMP,LMP_PRC,ANGIOLA_6_N001,ALL,1,124.56436,2,1
2022-09-01T12:15:00-00:00,2022-09-01T12:30:00-00:00,2022-09-01,06,ANGIOLA_6_N001,ANGIOLA_6_N001,ANGIOLA_6_N001,RTPD,LMP,LMP_PRC,ANGIOLA_6_N001,ALL,1,129.10815,2,1
2022-09-01T13:15:00-00:00,2022-09-01T13:30:00-00:00,2022-09-01,07,ANGIOLA_6_N001,ANGIOLA_6_N001,ANGIOLA_6_N001,RTPD,LMP,LMP_PRC,ANGIOLA_6_N001,ALL,1,134.23103,2,1
2022-09-01T14:15:00-00:00,2022-09-01T14:30:00-00:00,2022-09-01,08,ANGIOLA_6_N001,ANGIOLA_6_N001,ANGIOLA_6_N001,RTPD,LMP,LMP_PRC,ANGIOLA_6_N001,ALL,1,121.0714,2,1
2022-09-01T15:15:00-00:00,2022-09-01T15:30:00-00:00,2022-09-01,09,ANGIOLA_6_N001,ANGIOLA_6_N001,ANGIOLA_6_N001,RTPD,LMP,LMP_PRC,ANGIOLA_6_N001,ALL,1,86.9388,2,1
2022-09-01T16:15:00-00:00,2022-09-01T16:30:00-00:00,2022-09-01,10,ANGIOLA_6_N001,ANGIOLA_6_N001,ANGIOLA_6_N001,RTPD,LMP,LMP_PRC,ANGIOLA_6_N001,ALL,1,87.59159,2,1
2022-09-01T17:15:00-00:00,2022-09-01T17:30:00-00:00,2022-09-01,11,ANGIOLA_6_N001,ANGIOLA_6_N001,ANGIOLA_6_N001,RTPD,LMP,LMP_PRC,ANGIOLA_6_N001,ALL,1,76.32733,2,1
2022-09-01T18:15:00-00:00,2022-09-01T18:30:00-00:00,2022-09-01,12,ANGIOLA_6_N001,ANGIOLA_6_N001,ANGIOLA_6_N001,RTPD,LMP,LMP_PRC,ANGIOLA_6_N001,ALL,1,71.33339,2,1
2022-09-01T19:15:00-00:00,2022-09-01T19:30:00-00:00,2022-09-01,13,ANGIOLA_6_N001,ANGIOLA_6_N001,ANGIOLA_6_N001,RTPD,LMP,LMP_PRC,ANGIOLA_6_N001,ALL,1,72.05112,2,1
2022-09-01T20:15:00-00:00,2022-09-01T20:30:00-00:00,2022-09-01,14,ANGIOLA_6_N001,ANGIOLA_6_N001,ANGIOLA_6_N001,RTPD,LMP,LMP_PRC,ANGIOLA_6_N001,ALL,1,113.91875,2,1
2022-09-01T21:15:00-00:00,2022-09-01T21:30:00-00:00,2022-09-01,15,ANGIOLA_6_N001,ANGIOLA_6_N001,ANGIOLA_6_N001,RTPD,LMP,LMP_PRC,ANGIOLA_6_N001,ALL,1,116.95828,2,1
2022-09-01T22:15:00-00:00,2022-09-01T22:30:00-00:00,2022-09-01,16,ANGIOLA_6_N001,ANGIOLA_6_N001,ANGIOLA_6_N001,RTPD,LMP,LMP_PRC,ANGIOLA_6_N001,ALL,1,123.54159,2,1
2022-09-01T23:15:00-00:00,2022-09-01T23:30:00-00:00,2022-09-01,17,ANGIOLA_6_N001,ANGIOLA_6_N001,ANGIOLA_6_N001,RTPD,LMP,LMP_PRC,ANGIOLA_6_N001,ALL,1,273.94455,2,1
2022-09-02T00:15:00-00:00,2022-09-02T00:30:00-00:00,2022-09-01,18,ANGIOLA_6_N001,ANGIOLA_6_N001,ANGIOLA_6_N001,RTPD,LMP,LMP_PRC,ANGIOLA_6_N001,ALL,1,1317.3429,2,1
2022-09-02T01:15:00-00:00,2022-09-02T01:30:00-00:00,2022-09-01,19,ANGIOLA_6_N001,ANGIOLA_6_N001,ANGIOLA_6_N001,RTPD,LMP,LMP_PRC,ANGIOLA_6_N001,ALL,1,1999.9933,2,1
2022-09-02T02:15:00-00:00,2022-09-02T02:30:00-00:00,2022-09-01,20,ANGIOLA_6_N001,ANGIOLA_6_N001,ANGIOLA_6_N001,RTPD,LMP,LMP_PRC,ANGIOLA_6_N001,ALL,1,1991.6721,2,1
2022-09-02T03:15:00-00:00,2022-09-02T03:30:00-00:00,2022-09-01,21,ANGIOLA_6_N001,ANGIOLA_6_N001,ANGIOLA_6_N001,RTPD,LMP,LMP_PRC,ANGIOLA_6_N001,ALL,1,787.63684,2,1
2022-09-02T04:15:00-00:00,2022-09-02T04:30:00-00:00,2022-09-01,22,ANGIOLA_6_N001,ANGIOLA_6_N001,ANGIOLA_6_N001,RTPD,LMP,LMP_PRC,ANGIOLA_6_N001,ALL,1,1740.9824,2,1
2022-09-02T05:15:00-00:00,2022-09-02T05:30:00-00:00,2022-09-01,23,ANGIOLA_6_N001,ANGIOLA_6_N001,ANGIOLA_6_N001,RTPD,LMP,LMP_PRC,ANGIOLA_6_N001,ALL,1,208.52963,2,1
2022-09-02T06:15:00-00:00,2022-09-02T06:30:00-00:00,2022-09-01,24,ANGIOLA_6_N001,ANGIOLA_6_N001,ANGIOLA_6_N001,RTPD,LMP,LMP_PRC,ANGIOLA_6_N001,ALL,1,176.18774,2,1
2022-09-01T07:30:00-00:00,2022-09-01T07:45:00-00:00,2022-09-01,01,ANGIOLA_6_N001,ANGIOLA_6_N001,ANGIOLA_6_N001,RTPD,LMP,LMP_PRC,ANGIOLA_6_N001,ALL,1,100.47065,3,1
2022-09-01T08:30:00-00:00,2022-09-01T08:45:00-00:00,2022-09-01,02,ANGIOLA_6_N001,ANGIOLA_6_N001,ANGIOLA_6_N001,RTPD,LMP,LMP_PRC,ANGIOLA_6_N001,ALL,1,133.71169,3,1
2022-09-01T09:30:00-00:00,2022-09-01T09:45:00-00:00,2022-09-01,03,ANGIOLA_6_N001,ANGIOLA_6_N001,ANGIOLA_6_N001,RTPD,LMP,LMP_PRC,ANGIOLA_6_N001,ALL,1,111.94301,3,1
2022-09-01T10:30:00-00:00,2022-09-01T10:45:00-00:00,2022-09-01,04,ANGIOLA_6_N001,ANGIOLA_6_N001,ANGIOLA_6_N001,RTPD,LMP,LMP_PRC,ANGIOLA_6_N001,ALL,1,112.32868,3,1
2022-09-01T11:30:00-00:00,2022-09-01T11:45:00-00:00,2022-09-01,05,ANGIOLA_6_N001,ANGIOLA_6_N001,ANGIOLA_6_N001,RTPD,LMP,LMP_PRC,ANGIOLA_6_N001,ALL,1,124.72561,3,1
2022-09-01T12:30:00-00:00,2022-09-01T12:45:00-00:00,2022-09-01,06,ANGIOLA_6_N001,ANGIOLA_6_N001,ANGIOLA_6_N001,RTPD,LMP,LMP_PRC,ANGIOLA_6_N001,ALL,1,127.93549,3,1
2022-09-01T13:30:00-00:00,2022-09-01T13:45:00-00:00,2022-09-01,07,ANGIOLA_6_N001,ANGIOLA_6_N001,ANGIOLA_6_N001,RTPD,LMP,LMP_PRC,ANGIOLA_6_N001,ALL,1,134.49342,3,1
2022-09-01T14:30:00-00:00,2022-09-01T14:45:00-00:00,2022-09-01,08,ANGIOLA_6_N001,ANGIOLA_6_N001,ANGIOLA_6_N001,RTPD,LMP,LMP_PRC,ANGIOLA_6_N001,ALL,1,115.74484,3,1
2022-09-01T15:30:00-00:00,2022-09-01T15:45:00-00:00,2022-09-01,09,ANGIOLA_6_N001,ANGIOLA_6_N001,ANGIOLA_6_N001,RTPD,LMP,LMP_PRC,ANGIOLA_6_N001,ALL,1,86.1388,3,1
2022-09-01T16:30:00-00:00,2022-09-01T16:45:00-00:00,2022-09-01,10,ANGIOLA_6_N001,ANGIOLA_6_N001,ANGIOLA_6_N001,RTPD,LMP,LMP_PRC,ANGIOLA_6_N001,ALL,1,73.25772,3,1
2022-09-01T17:30:00-00:00,2022-09-01T17:45:00-00:00,2022-09-01,11,ANGIOLA_6_N001,ANGIOLA_6_N001,ANGIOLA_6_N001,RTPD,LMP,LMP_PRC,ANGIOLA_6_N001,ALL,1,76.04059,3,1
2022-09-01T18:30:00-00:00,2022-09-01T18:45:00-00:00,2022-09-01,12,ANGIOLA_6_N001,ANGIOLA_6_N001,ANGIOLA_6_N001,RTPD,LMP,LMP_PRC,ANGIOLA_6_N001,ALL,1,75.97318,3,1
2022-09-01T19:30:00-00:00,2022-09-01T19:45:00-00:00,2022-09-01,13,ANGIOLA_6_N001,ANGIOLA_6_N001,ANGIOLA_6_N001,RTPD,LMP,LMP_PRC,ANGIOLA_6_N001,ALL,1,99.73875,3,1
2022-09-01T20:30:00-00:00,2022-09-01T20:45:00-00:00,2022-09-01,14,ANGIOLA_6_N001,ANGIOLA_6_N001,ANGIOLA_6_N001,RTPD,LMP,LMP_PRC,ANGIOLA_6_N001,ALL,1,115.38978,3,1
2022-09-01T21:30:00-00:00,2022-09-01T21:45:00-00:00,2022-09-01,15,ANGIOLA_6_N001,ANGIOLA_6_N001,ANGIOLA_6_N001,RTPD,LMP,LMP_PRC,ANGIOLA_6_N001,ALL,1,125.13821,3,1
2022-09-01T22:30:00-00:00,2022-09-01T22:45:00-00:00,2022-09-01,16,ANGIOLA_6_N001,ANGIOLA_6_N001,ANGIOLA_6_N001,RTPD,LMP,LMP_PRC,ANGIOLA_6_N001,ALL,1,140.62854,3,1
2022-09-01T23:30:00-00:00,2022-09-01T23:45:00-00:00,2022-09-01,17,ANGIOLA_6_N001,ANGIOLA_6_N001,ANGIOLA_6_N001,RTPD,LMP,LMP_PRC,ANGIOLA_6_N001,ALL,1,713.79535,3,1
2022-09-02T00:30:00-00:00,2022-09-02T00:45:00-00:00,2022-09-01,18,ANGIOLA_6_N001,ANGIOLA_6_N001,ANGIOLA_6_N001,RTPD,LMP,LMP_PRC,ANGIOLA_6_N001,ALL,1,1722.3832,3,1
2022-09-02T01:30:00-00:00,2022-09-02T01:45:00-00:00,2022-09-01,19,ANGIOLA_6_N001,ANGIOLA_6_N001,ANGIOLA_6_N001,RTPD,LMP,LMP_PRC,ANGIOLA_6_N001,ALL,1,1999.9956,3,1
2022-09-02T02:30:00-00:00,2022-09-02T02:45:00-00:00,2022-09-01,20,ANGIOLA_6_N001,ANGIOLA_6_N001,ANGIOLA_6_N001,RTPD,LMP,LMP_PRC,ANGIOLA_6_N001,ALL,1,1991.671,3,1
2022-09-02T03:30:00-00:00,2022-09-02T03:45:00-00:00,2022-09-01,21,ANGIOLA_6_N001,ANGIOLA_6_N001,ANGIOLA_6_N001,RTPD,LMP,LMP_PRC,ANGIOLA_6_N001,ALL,1,263.15573,3,1
2022-09-02T04:30:00-00:00,2022-09-02T04:45:00-00:00,2022-09-01,22,ANGIOLA_6_N001,ANGIOLA_6_N001,ANGIOLA_6_N001,RTPD,LMP,LMP_PRC,ANGIOLA_6_N001,ALL,1,1009.6768,3,1
2022-09-02T05:30:00-00:00,2022-09-02T05:45:00-00:00,2022-09-01,23,ANGIOLA_6_N001,ANGIOLA_6_N001,ANGIOLA_6_N001,RTPD,LMP,LMP_PRC,ANGIOLA_6_N001,ALL,1,173.98354,3,1
2022-09-02T06:30:00-00:00,2022-09-02T06:45:00-00:00,2022-09-01,24,ANGIOLA_6_N001,ANGIOLA_6_N001,ANGIOLA_6_N001,RTPD,LMP,LMP_PRC,ANGIOLA_6_N001,ALL,1,164.8409,3,1
2022-09-01T07:45:00-00:00,2022-09-01T08:00:00-00:00,2022-09-01,01,ANGIOLA_6_N001,ANGIOLA_6_N001,ANGIOLA_6_N001,RTPD,LMP,LMP_PRC,ANGIOLA_6_N001,ALL,1,88.04739,4,1
2022-09-01T08:45:00-00:00,2022-09-01T09:00:00-00:00,2022-09-01,02,ANGIOLA_6_N001,ANGIOLA_6_N001,ANGIOLA_6_N001,RTPD,LMP,LMP_PRC,ANGIOLA_6_N001,ALL,1,111.97595,4,1
2022-09-01T09:45:00-00:00,2022-09-01T10:00:00-00:00,2022-09-01,03,ANGIOLA_6_N001,ANGIOLA_6_N001,ANGIOLA_6_N001,RTPD,LMP,LMP_PRC,ANGIOLA_6_N001,ALL,1,110.32347,4,1
2022-09-01T10:45:00-00:00,2022-09-01T11:00:00-00:00,2022-09-01,04,ANGIOLA_6_N001,ANGIOLA_6_N001,ANGIOLA_6_N001,RTPD,LMP,LMP_PRC,ANGIOLA_6_N001,ALL,1,111.49573,4,1
2022-09-01T11:45:00-00:00,2022-09-01T12:00:00-00:00,2022-09-01,05,ANGIOLA_6_N001,ANGIOLA_6_N001,ANGIOLA_6_N001,RTPD,LMP,LMP_PRC,ANGIOLA_6_N001,ALL,1,107.01,4,1
2022-09-01T12:45:00-00:00,2022-09-01T13:00:00-00:00,2022-09-01,06,ANGIOLA_6_N001,ANGIOLA_6_N001,ANGIOLA_6_N001,RTPD,LMP,LMP_PRC,ANGIOLA_6_N001,ALL,1,113.78744,4,1
2022-09-01T13:45:00-00:00,2022-09-01T14:00:00-00:00,2022-09-01,07,ANGIOLA_6_N001,ANGIOLA_6_N001,ANGIOLA_6_N001,RTPD,LMP,LMP_PRC,ANGIOLA_6_N001,ALL,1,111.41,4,1
2022-09-01T14:45:00-00:00,2022-09-01T15:00:00-00:00,2022-09-01,08,ANGIOLA_6_N001,ANGIOLA_6_N001,ANGIOLA_6_N001,RTPD,LMP,LMP_PRC,ANGIOLA_6_N001,ALL,1,86.1388,4,1
2022-09-01T15:45:00-00:00,2022-09-01T16:00:00-00:00,2022-09-01,09,ANGIOLA_6_N001,ANGIOLA_6_N001,ANGIOLA_6_N001,RTPD,LMP,LMP_PRC,ANGIOLA_6_N001,ALL,1,78.70076,4,1
2022-09-01T16:45:00-00:00,2022-09-01T17:00:00-00:00,2022-09-01,10,ANGIOLA_6_N001,ANGIOLA_6_N001,ANGIOLA_6_N001,RTPD,LMP,LMP_PRC,ANGIOLA_6_N001,ALL,1,77.25546,4,1
2022-09-01T17:45:00-00:00,2022-09-01T18:00:00-00:00,2022-09-01,11,ANGIOLA_6_N001,ANGIOLA_6_N001,ANGIOLA_6_N001,RTPD,LMP,LMP_PRC,ANGIOLA_6_N001,ALL,1,76.47137,4,1
2022-09-01T18:45:00-00:00,2022-09-01T19:00:00-00:00,2022-09-01,12,ANGIOLA_6_N001,ANGIOLA_6_N001,ANGIOLA_6_N001,RTPD,LMP,LMP_PRC,ANGIOLA_6_N001,ALL,1,78.07563,4,1
2022-09-01T19:45:00-00:00,2022-09-01T20:00:00-00:00,2022-09-01,13,ANGIOLA_6_N001,ANGIOLA_6_N001,ANGIOLA_6_N001,RTPD,LMP,LMP_PRC,ANGIOLA_6_N001,ALL,1,104.76122,4,1
2022-09-01T20:45:00-00:00,2022-09-01T21:00:00-00:00,2022-09-01,14,ANGIOLA_6_N001,ANGIOLA_6_N001,ANGIOLA_6_N001,RTPD,LMP,LMP_PRC,ANGIOLA_6_N001,ALL,1,122.02906,4,1
2022-09-01T21:45:00-00:00,2022-09-01T22:00:00-00:00,2022-09-01,15,ANGIOLA_6_N001,ANGIOLA_6_N001,ANGIOLA_6_N001,RTPD,LMP,LMP_PRC,ANGIOLA_6_N001,ALL,1,199.32248,4,1
2022-09-01T22:45:00-00:00,2022-09-01T23:00:00-00:00,2022-09-01,16,ANGIOLA_6_N001,ANGIOLA_6_N001,ANGIOLA_6_N001,RTPD,LMP,LMP_PRC,ANGIOLA_6_N001,ALL,1,140.3775,4,1
2022-09-01T23:45:00-00:00,2022-09-02T00:00:00-00:00,2022-09-01,17,ANGIOLA_6_N001,ANGIOLA_6_N001,ANGIOLA_6_N001,RTPD,LMP,LMP_PRC,ANGIOLA_6_N001,ALL,1,1605.5281,4,1
2022-09-02T00:45:00-00:00,2022-09-02T01:00:00-00:00,2022-09-01,18,ANGIOLA_6_N001,ANGIOLA_6_N001,ANGIOLA_6_N001,RTPD,LMP,LMP_PRC,ANGIOLA_6_N001,ALL,1,1766.7565,4,1
2022-09-02T01:45:00-00:00,2022-09-02T02:00:00-00:00,2022-09-01,19,ANGIOLA_6_N001,ANGIOLA_6_N001,ANGIOLA_6_N001,RTPD,LMP,LMP_PRC,ANGIOLA_6_N001,ALL,1,1991.9337,4,1
2022-09-02T02:45:00-00:00,2022-09-02T03:00:00-00:00,2022-09-01,20,ANGIOLA_6_N001,ANGIOLA_6_N001,ANGIOLA_6_N001,RTPD,LMP,LMP_PRC,ANGIOLA_6_N001,ALL,1,2076.8533,4,1
2022-09-02T03:45:00-00:00,2022-09-02T04:00:00-00:00,2022-09-01,21,ANGIOLA_6_N001,ANGIOLA_6_N001,ANGIOLA_6_N001,RTPD,LMP,LMP_PRC,ANGIOLA_6_N001,ALL,1,187.75394,4,1
2022-09-02T04:45:00-00:00,2022-09-02T05:00:00-00:00,2022-09-01,22,ANGIOLA_6_N001,ANGIOLA_6_N001,ANGIOLA_6_N001,RTPD,LMP,LMP_PRC,ANGIOLA_6_N001,ALL,1,173.96347,4,1
2022-09-02T05:45:00-00:00,2022-09-02T06:00:00-00:00,2022-09-01,23,ANGIOLA_6_N001,ANGIOLA_6_N001,ANGIOLA_6_N001,RTPD,LMP,LMP_PRC,ANGIOLA_6_N001,ALL,1,345.96158,4,1
2022-09-02T06:45:00-00:00,2022-09-02T07:00:00-00:00,2022-09-01,24,ANGIOLA_6_N001,ANGIOLA_6_N001,ANGIOLA_6_N001,RTPD,LMP,LMP_PRC,ANGIOLA_6_N001,ALL,1,135.19957,4,1
2022-09-01T07:00:00-00:00,2022-09-01T07:15:00-00:00,2022-09-01,01,ANGIOLA_6_N001,ANGIOLA_6_N001,ANGIOLA_6_N001,RTPD,MCC,LMP_CONG_PRC,ANGIOLA_6_N001,ALL,1,-24.54136,1,2
2022-09-01T08:00:00-00:00,2022-09-01T08:15:00-00:00,2022-09-01,02,ANGIOLA_6_N001,ANGIOLA_6_N001,ANGIOLA_6_N001,RTPD,MCC,LMP_CONG_PRC,ANGIOLA_6_N001,ALL,1,-3.82433,1,2
2022-09-01T09:00:00-00:00,2022-09-01T09:15:00-00:00,2022-09-01,03,ANGIOLA_6_N001,ANGIOLA_6_N001,ANGIOLA_6_N001,RTPD,MCC,LMP_CONG_PRC,ANGIOLA_6_N001,ALL,1,-5.12418,1,2
2022-09-01T10:00:00-00:00,2022-09-01T10:15:00-00:00,2022-09-01,04,ANGIOLA_6_N001,ANGIOLA_6_N001,ANGIOLA_6_N001,RTPD,MCC,LMP_CONG_PRC,ANGIOLA_6_N001,ALL,1,-4.44531,1,2
2022-09-01T11:00:00-00:00,2022-09-01T11:15:00-00:00,2022-09-01,05,ANGIOLA_6_N001,ANGIOLA_6_N001,ANGIOLA_6_N001,RTPD,MCC,LMP_CONG_PRC,ANGIOLA_6_N001,ALL,1,0,1,2
2022-09-01T12:00:00-00:00,2022-09-01T12:15:00-00:00,2022-09-01,06,ANGIOLA_6_N001,ANGIOLA_6_N001,ANGIOLA_6_N001,RTPD,MCC,LMP_CONG_PRC,ANGIOLA_6_N001,ALL,1,-11.41151,1,2
2022-09-01T13:00:00-00:00,2022-09-01T13:15:00-00:00,2022-09-01,07,ANGIOLA_6_N001,ANGIOLA_6_N001,ANGIOLA_6_N001,RTPD,MCC,LMP_CONG_PRC,ANGIOLA_6_N001,ALL,1,-15.19208,1,2
2022-09-01T14:00:00-00:00,2022-09-01T14:15:00-00:00,2022-09-01,08,ANGIOLA_6_N001,ANGIOLA_6_N001,ANGIOLA_6_N001,RTPD,MCC,LMP_CONG_PRC,ANGIOLA_6_N001,ALL,1,0,1,2
2022-09-01T15:00:00-00:00,2022-09-01T15:15:00-00:00,2022-09-01,09,ANGIOLA_6_N001,ANGIOLA_6_N001,ANGIOLA_6_N001,RTPD,MCC,LMP_CONG_PRC,ANGIOLA_6_N001,ALL,1,0,1,2
2022-09-01T16:00:00-00:00,2022-09-01T16:15:00-00:00,2022-09-01,10,ANGIOLA_6_N001,ANGIOLA_6_N001,ANGIOLA_6_N001,RTPD,MCC,LMP_CONG_PRC,ANGIOLA_6_N001,ALL,1,0,1,2
2022-09-01T17:00:00-00:00,2022-09-01T17:15:00-00:00,2022-09-01,11,ANGIOLA_6_N001,ANGIOLA_6_N001,ANGIOLA_6_N001,RTPD,MCC,LMP_CONG_PRC,ANGIOLA_6_N001,ALL,1,-18.82157,1,2
2022-09-01T18:00:00-00:00,2022-09-01T18:15:00-00:00,2022-09-01,12,ANGIOLA_6_N001,ANGIOLA_6_N001,ANGIOLA_6_N001,RTPD,MCC,LMP_CONG_PRC,ANGIOLA_6_N001,ALL,1,-36.62715,1,2
2022-09-01T19:00:00-00:00,2022-09-01T19:15:00-00:00,2022-09-01,13,ANGIOLA_6_N001,ANGIOLA_6_N001,ANGIOLA_6_N001,RTPD,MCC,LMP_CONG_PRC,ANGIOLA_6_N001,ALL,1,-40.38354,1,2
2022-09-01T20:00:00-00:00,2022-09-01T20:15:00-00:00,2022-09-01,14,ANGIOLA_6_N001,ANGIOLA_6_N001,ANGIOLA_6_N001,RTPD,MCC,LMP_CONG_PRC,ANGIOLA_6_N001,ALL,1,-3.97044,1,2
2022-09-01T21:00:00-00:00,2022-09-01T21:15:00-00:00,2022-09-01,15,ANGIOLA_6_N001,ANGIOLA_6_N001,ANGIOLA_6_N001,RTPD,MCC,LMP_CONG_PRC,ANGIOLA_6_N001,ALL,1,-111.94423,1,2
2022-09-01T22:00:00-00:00,2022-09-01T22:15:00-00:00,2022-09-01,16,ANGIOLA_6_N001,ANGIOLA_6_N001,ANGIOLA_6_N001,RTPD,MCC,LMP_CONG_PRC,ANGIOLA_6_N001,ALL,1,-121.27979,1,2
2022-09-01T23:00:00-00:00,2022-09-01T23:15:00-00:00,2022-09-01,17,ANGIOLA_6_N001,ANGIOLA_6_N001,ANGIOLA_6_N001,RTPD,MCC,LMP_CONG_PRC,ANGIOLA_6_N001,ALL,1,-196.48502,1,2
2022-09-02T00:00:00-00:00,2022-09-02T00:15:00-00:00,2022-09-01,18,ANGIOLA_6_N001,ANGIOLA_6_N001,ANGIOLA_6_N001,RTPD,MCC,LMP_CONG_PRC,ANGIOLA_6_N001,ALL,1,286.48926,1,2
2022-09-02T01:00:00-00:00,2022-09-02T01:15:00-00:00,2022-09-01,19,ANGIOLA_6_N001,ANGIOLA_6_N001,ANGIOLA_6_N001,RTPD,MCC,LMP_CONG_PRC,ANGIOLA_6_N001,ALL,1,567.84265,1,2
2022-09-02T02:00:00-00:00,2022-09-02T02:15:00-00:00,2022-09-01,20,ANGIOLA_6_N001,ANGIOLA_6_N001,ANGIOLA_6_N001,RTPD,MCC,LMP_CONG_PRC,ANGIOLA_6_N001,ALL,1,0,1,2
2022-09-02T03:00:00-00:00,2022-09-02T03:15:00-00:00,2022-09-01,21,ANGIOLA_6_N001,ANGIOLA_6_N001,ANGIOLA_6_N001,RTPD,MCC,LMP_CONG_PRC,ANGIOLA_6_N001,ALL,1,726.90326,1,2
2022-09-02T04:00:00-00:00,2022-09-02T04:15:00-00:00,2022-09-01,22,ANGIOLA_6_N001,ANGIOLA_6_N001,ANGIOLA_6_N001,RTPD,MCC,LMP_CONG_PRC,ANGIOLA_6_N001,ALL,1,1599.87,1,2
2022-09-02T05:00:00-00:00,2022-09-02T05:15:00-00:00,2022-09-01,23,ANGIOLA_6_N001,ANGIOLA_6_N001,ANGIOLA_6_N001,RTPD,MCC,LMP_CONG_PRC,ANGIOLA_6_N001,ALL,1,14.0207,1,2
2022-09-02T06:00:00-00:00,2022-09-02T06:15:00-00:00,2022-09-01,24,ANGIOLA_6_N001,ANGIOLA_6_N001,ANGIOLA_6_N001,RTPD,MCC,LMP_CONG_PRC,ANGIOLA_6_N001,ALL,1,165.8129,1,2
2022-09-01T07:15:00-00:00,2022-09-01T07:30:00-00:00,2022-09-01,01,ANGIOLA_6_N001,ANGIOLA_6_N001,ANGIOLA_6_N001,RTPD,MCC,LMP_CONG_PRC,ANGIOLA_6_N001,ALL,1,-11.45641,2,2
2022-09-01T08:15:00-00:00,2022-09-01T08:30:00-00:00,2022-09-01,02,ANGIOLA_6_N001,ANGIOLA_6_N001,ANGIOLA_6_N001,RTPD,MCC,LMP_CONG_PRC,ANGIOLA_6_N001,ALL,1,-1.04387,2,2
2022-09-01T09:15:00-00:00,2022-09-01T09:30:00-00:00,2022-09-01,03,ANGIOLA_6_N001,ANGIOLA_6_N001,ANGIOLA_6_N001,RTPD,MCC,LMP_CONG_PRC,ANGIOLA_6_N001,ALL,1,-6.75126,2,2
2022-09-01T10:15:00-00:00,2022-09-01T10:30:00-00:00,2022-09-01,04,ANGIOLA_6_N001,ANGIOLA_6_N001,ANGIOLA_6_N001,RTPD,MCC,LMP_CONG_PRC,ANGIOLA_6_N001,ALL,1,-6.29007,2,2
2022-09-01T11:15:00-00:00,2022-09-01T11:30:00-00:00,2022-09-01,05,ANGIOLA_6_N001,ANGIOLA_6_N001,ANGIOLA_6_N001,RTPD,MCC,LMP_CONG_PRC,ANGIOLA_6_N001,ALL,1,0,2,2
2022-09-01T12:15:00-00:00,2022-09-01T12:30:00-00:00,2022-09-01,06,ANGIOLA_6_N001,ANGIOLA_6_N001,ANGIOLA_6_N001,RTPD,MCC,LMP_CONG_PRC,ANGIOLA_6_N001,ALL,1,-6.97592,2,2
2022-09-01T13:15:00-00:00,2022-09-01T13:30:00-00:00,2022-09-01,07,ANGIOLA_6_N001,ANGIOLA_6_N001,ANGIOLA_6_N001,RTPD,MCC,LMP_CONG_PRC,ANGIOLA_6_N001,ALL,1,-0.65195,2,2
2022-09-01T14:15:00-00:00,2022-09-01T14:30:00-00:00,2022-09-01,08,ANGIOLA_6_N001,ANGIOLA_6_N001,ANGIOLA_6_N001,RTPD,MCC,LMP_CONG_PRC,ANGIOLA_6_N001,ALL,1,0,2,2
2022-09-01T15:15:00-00:00,2022-09-01T15:30:00-00:00,2022-09-01,09,ANGIOLA_6_N001,ANGIOLA_6_N001,ANGIOLA_6_N001,RTPD,MCC,LMP_CONG_PRC,ANGIOLA_6_N001,ALL,1,0,2,2
2022-09-01T16:15:00-00:00,2022-09-01T16:30:00-00:00,2022-09-01,10,ANGIOLA_6_N001,ANGIOLA_6_N001,ANGIOLA_6_N001,RTPD,MCC,LMP_CONG_PRC,ANGIOLA_6_N001,ALL,1,-1.85699,2,2
2022-09-01T17:15:00-00:00,2022-09-01T17:30:00-00:00,2022-09-01,11,ANGIOLA_6_N001,ANGIOLA_6_N001,ANGIOLA_6_N001,RTPD,MCC,LMP_CONG_PRC,ANGIOLA_6_N001,ALL,1,-23.0194,2,2
2022-09-01T18:15:00-00:00,2022-09-01T18:30:00-00:00,2022-09-01,12,ANGIOLA_6_N001,ANGIOLA_6_N001,ANGIOLA_6_N001,RTPD,MCC,LMP_CONG_PRC,ANGIOLA_6_N001,ALL,1,-29.82562,2,2
2022-09-01T19:15:00-00:00,2022-09-01T19:30:00-00:00,2022-09-01,13,ANGIOLA_6_N001,ANGIOLA_6_N001,ANGIOLA_6_N001,RTPD,MCC,LMP_CONG_PRC,ANGIOLA_6_N001,ALL,1,-33.25475,2,2
2022-09-01T20:15:00-00:00,2022-09-01T20:30:00-00:00,2022-09-01,14,ANGIOLA_6_N001,ANGIOLA_6_N001,ANGIOLA_6_N001,RTPD,MCC,LMP_CONG_PRC,ANGIOLA_6_N001,ALL,1,-3.57546,2,2
2022-09-01T21:15:00-00:00,2022-09-01T21:30:00-00:00,2022-09-01,15,ANGIOLA_6_N001,ANGIOLA_6_N001,ANGIOLA_6_N001,RTPD,MCC,LMP_CONG_PRC,ANGIOLA_6_N001,ALL,1,-30.25357,2,2
2022-09-01T22:15:00-00:00,2022-09-01T22:30:00-00:00,2022-09-01,16,ANGIOLA_6_N001,ANGIOLA_6_N001,ANGIOLA_6_N001,RTPD,MCC,LMP_CONG_PRC,ANGIOLA_6_N001,ALL,1,-133.04573,2,2
2022-09-01T23:15:00-00:00,2022-09-01T23:30:00-00:00,2022-09-01,17,ANGIOLA_6_N001,ANGIOLA_6_N001,ANGIOLA_6_N001,RTPD,MCC,LMP_CONG_PRC,ANGIOLA_6_N001,ALL,1,-88.17953,2,2
2022-09-02T00:15:00-00:00,2022-09-02T00:30:00-00:00,2022-09-01,18,ANGIOLA_6_N001,ANGIOLA_6_N001,ANGIOLA_6_N001,RTPD,MCC,LMP_CONG_PRC,ANGIOLA_6_N001,ALL,1,579.191,2,2
2022-09-02T01:15:00-00:00,2022-09-02T01:30:00-00:00,2022-09-01,19,ANGIOLA_6_N001,ANGIOLA_6_N001,ANGIOLA_6_N001,RTPD,MCC,LMP_CONG_PRC,ANGIOLA_6_N001,ALL,1,0,2,2
2022-09-02T02:15:00-00:00,2022-09-02T02:30:00-00:00,2022-09-01,20,ANGIOLA_6_N001,ANGIOLA_6_N001,ANGIOLA_6_N001,RTPD,MCC,LMP_CONG_PRC,ANGIOLA_6_N001,ALL,1,0,2,2
2022-09-02T03:15:00-00:00,2022-09-02T03:30:00-00:00,2022-09-01,21,ANGIOLA_6_N001,ANGIOLA_6_N001,ANGIOLA_6_N001,RTPD,MCC,LMP_CONG_PRC,ANGIOLA_6_N001,ALL,1,280.4071,2,2
2022-09-02T04:15:00-00:00,2022-09-02T04:30:00-00:00,2022-09-01,22,ANGIOLA_6_N001,ANGIOLA_6_N001,ANGIOLA_6_N001,RTPD,MCC,LMP_CONG_PRC,ANGIOLA_6_N001,ALL,1,1449.2789,2,2
2022-09-02T05:15:00-00:00,2022-09-02T05:30:00-00:00,2022-09-01,23,ANGIOLA_6_N001,ANGIOLA_6_N001,ANGIOLA_6_N001,RTPD,MCC,LMP_CONG_PRC,ANGIOLA_6_N001,ALL,1,12.774,2,2
2022-09-02T06:15:00-00:00,2022-09-02T06:30:00-00:00,2022-09-01,24,ANGIOLA_6_N001,ANGIOLA_6_N001,ANGIOLA_6_N001,RTPD,MCC,LMP_CONG_PRC,ANGIOLA_6_N001,ALL,1,4.46714,2,2
2022-09-01T07:30:00-00:00,2022-09-01T07:45:00-00:00,2022-09-01,01,ANGIOLA_6_N001,ANGIOLA_6_N001,ANGIOLA_6_N001,RTPD,MCC,LMP_CONG_PRC,ANGIOLA_6_N001,ALL,1,-18.56132,3,2
2022-09-01T08:30:00-00:00,2022-09-01T08:45:00-00:00,2022-09-01,02,ANGIOLA_6_N001,ANGIOLA_6_N001,ANGIOLA_6_N001,RTPD,MCC,LMP_CONG_PRC,ANGIOLA_6_N001,ALL,1,-0.00099,3,2
2022-09-01T09:30:00-00:00,2022-09-01T09:45:00-00:00,2022-09-01,03,ANGIOLA_6_N001,ANGIOLA_6_N001,ANGIOLA_6_N001,RTPD,MCC,LMP_CONG_PRC,ANGIOLA_6_N001,ALL,1,-6.67629,3,2
2022-09-01T10:30:00-00:00,2022-09-01T10:45:00-00:00,2022-09-01,04,ANGIOLA_6_N001,ANGIOLA_6_N001,ANGIOLA_6_N001,RTPD,MCC,LMP_CONG_PRC,ANGIOLA_6_N001,ALL,1,-3.55657,3,2
2022-09-01T11:30:00-00:00,2022-09-01T11:45:00-00:00,2022-09-01,05,ANGIOLA_6_N001,ANGIOLA_6_N001,ANGIOLA_6_N001,RTPD,MCC,LMP_CONG_PRC,ANGIOLA_6_N001,ALL,1,0,3,2
2022-09-01T12:30:00-00:00,2022-09-01T12:45:00-00:00,2022-09-01,06,ANGIOLA_6_N001,ANGIOLA_6_N001,ANGIOLA_6_N001,RTPD,MCC,LMP_CONG_PRC,ANGIOLA_6_N001,ALL,1,-12.07858,3,2
2022-09-01T13:30:00-00:00,2022-09-01T13:45:00-00:00,2022-09-01,07,ANGIOLA_6_N001,ANGIOLA_6_N001,ANGIOLA_6_N001,RTPD,MCC,LMP_CONG_PRC,ANGIOLA_6_N001,ALL,1,0,3,2
2022-09-01T14:30:00-00:00,2022-09-01T14:45:00-00:00,2022-09-01,08,ANGIOLA_6_N001,ANGIOLA_6_N001,ANGIOLA_6_N001,RTPD,MCC,LMP_CONG_PRC,ANGIOLA_6_N001,ALL,1,0,3,2
2022-09-01T15:30:00-00:00,2022-09-01T15:45:00-00:00,2022-09-01,09,ANGIOLA_6_N001,ANGIOLA_6_N001,ANGIOLA_6_N001,RTPD,MCC,LMP_CONG_PRC,ANGIOLA_6_N001,ALL,1,0,3,2
2022-09-01T16:30:00-00:00,2022-09-01T16:45:00-00:00,2022-09-01,10,ANGIOLA_6_N001,ANGIOLA_6_N001,ANGIOLA_6_N001,RTPD,MCC,LMP_CONG_PRC,ANGIOLA_6_N001,ALL,1,-15.53872,3,2
2022-09-01T17:30:00-00:00,2022-09-01T17:45:00-00:00,2022-09-01,11,ANGIOLA_6_N001,ANGIOLA_6_N001,ANGIOLA_6_N001,RTPD,MCC,LMP_CONG_PRC,ANGIOLA_6_N001,ALL,1,-23.08954,3,2
2022-09-01T18:30:00-00:00,2022-09-01T18:45:00-00:00,2022-09-01,12,ANGIOLA_6_N001,ANGIOLA_6_N001,ANGIOLA_6_N001,RTPD,MCC,LMP_CONG_PRC,ANGIOLA_6_N001,ALL,1,-31.08399,3,2
2022-09-01T19:30:00-00:00,2022-09-01T19:45:00-00:00,2022-09-01,13,ANGIOLA_6_N001,ANGIOLA_6_N001,ANGIOLA_6_N001,RTPD,MCC,LMP_CONG_PRC,ANGIOLA_6_N001,ALL,1,-14.3203,3,2
2022-09-01T20:30:00-00:00,2022-09-01T20:45:00-00:00,2022-09-01,14,ANGIOLA_6_N001,ANGIOLA_6_N001,ANGIOLA_6_N001,RTPD,MCC,LMP_CONG_PRC,ANGIOLA_6_N001,ALL,1,-14.42627,3,2
2022-09-01T21:30:00-00:00,2022-09-01T21:45:00-00:00,2022-09-01,15,ANGIOLA_6_N001,ANGIOLA_6_N001,ANGIOLA_6_N001,RTPD,MCC,LMP_CONG_PRC,ANGIOLA_6_N001,ALL,1,-27.79236,3,2
2022-09-01T22:30:00-00:00,2022-09-01T22:45:00-00:00,2022-09-01,16,ANGIOLA_6_N001,ANGIOLA_6_N001,ANGIOLA_6_N001,RTPD,MCC,LMP_CONG_PRC,ANGIOLA_6_N001,ALL,1,-142.55327,3,2
2022-09-01T23:30:00-00:00,2022-09-01T23:45:00-00:00,2022-09-01,17,ANGIOLA_6_N001,ANGIOLA_6_N001,ANGIOLA_6_N001,RTPD,MCC,LMP_CONG_PRC,ANGIOLA_6_N001,ALL,1,147.31378,3,2
2022-09-02T00:30:00-00:00,2022-09-02T00:45:00-00:00,2022-09-01,18,ANGIOLA_6_N001,ANGIOLA_6_N001,ANGIOLA_6_N001,RTPD,MCC,LMP_CONG_PRC,ANGIOLA_6_N001,ALL,1,393.2706,3,2
2022-09-02T01:30:00-00:00,2022-09-02T01:45:00-00:00,2022-09-01,19,ANGIOLA_6_N001,ANGIOLA_6_N001,ANGIOLA_6_N001,RTPD,MCC,LMP_CONG_PRC,ANGIOLA_6_N001,ALL,1,0,3,2
2022-09-02T02:30:00-00:00,2022-09-02T02:45:00-00:00,2022-09-01,20,ANGIOLA_6_N001,ANGIOLA_6_N001,ANGIOLA_6_N001,RTPD,MCC,LMP_CONG_PRC,ANGIOLA_6_N001,ALL,1,0,3,2
2022-09-02T03:30:00-00:00,2022-09-02T03:45:00-00:00,2022-09-01,21,ANGIOLA_6_N001,ANGIOLA_6_N001,ANGIOLA_6_N001,RTPD,MCC,LMP_CONG_PRC,ANGIOLA_6_N001,ALL,1,27.86748,3,2
2022-09-02T04:30:00-00:00,2022-09-02T04:45:00-00:00,2022-09-01,22,ANGIOLA_6_N001,ANGIOLA_6_N001,ANGIOLA_6_N001,RTPD,MCC,LMP_CONG_PRC,ANGIOLA_6_N001,ALL,1,780.37805,3,2
2022-09-02T05:30:00-00:00,2022-09-02T05:45:00-00:00,2022-09-01,23,ANGIOLA_6_N001,ANGIOLA_6_N001,ANGIOLA_6_N001,RTPD,MCC,LMP_CONG_PRC,ANGIOLA_6_N001,ALL,1,10.4395,3,2
2022-09-02T06:30:00-00:00,2022-09-02T06:45:00-00:00,2022-09-01,24,ANGIOLA_6_N001,ANGIOLA_6_N001,ANGIOLA_6_N001,RTPD,MCC,LMP_CONG_PRC,ANGIOLA_6_N001,ALL,1,9.82419,3,2
2022-09-01T07:45:00-00:00,2022-09-01T08:00:00-00:00,2022-09-01,01,ANGIOLA_6_N001,ANGIOLA_6_N001,ANGIOLA_6_N001,RTPD,MCC,LMP_CONG_PRC,ANGIOLA_6_N001,ALL,1,-21.07359,4,2
2022-09-01T08:45:00-00:00,2022-09-01T09:00:00-00:00,2022-09-01,02,ANGIOLA_6_N001,ANGIOLA_6_N001,ANGIOLA_6_N001,RTPD,MCC,LMP_CONG_PRC,ANGIOLA_6_N001,ALL,1,-5.14433,4,2
2022-09-01T09:45:00-00:00,2022-09-01T10:00:00-00:00,2022-09-01,03,ANGIOLA_6_N001,ANGIOLA_6_N001,ANGIOLA_6_N001,RTPD,MCC,LMP_CONG_PRC,ANGIOLA_6_N001,ALL,1,-5.9607,4,2
2022-09-01T10:45:00-00:00,2022-09-01T11:00:00-00:00,2022-09-01,04,ANGIOLA_6_N001,ANGIOLA_6_N001,ANGIOLA_6_N001,RTPD,MCC,LMP_CONG_PRC,ANGIOLA_6_N001,ALL,1,-1.40064,4,2
2022-09-01T11:45:00-00:00,2022-09-01T12:00:00-00:00,2022-09-01,05,ANGIOLA_6_N001,ANGIOLA_6_N001,ANGIOLA_6_N001,RTPD,MCC,LMP_CONG_PRC,ANGIOLA_6_N001,ALL,1,0,4,2
2022-09-01T12:45:00-00:00,2022-09-01T13:00:00-00:00,2022-09-01,06,ANGIOLA_6_N001,ANGIOLA_6_N001,ANGIOLA_6_N001,RTPD,MCC,LMP_CONG_PRC,ANGIOLA_6_N001,ALL,1,-2.69736,4,2
2022-09-01T13:45:00-00:00,2022-09-01T14:00:00-00:00,2022-09-01,07,ANGIOLA_6_N001,ANGIOLA_6_N001,ANGIOLA_6_N001,RTPD,MCC,LMP_CONG_PRC,ANGIOLA_6_N001,ALL,1,0,4,2
2022-09-01T14:45:00-00:00,2022-09-01T15:00:00-00:00,2022-09-01,08,ANGIOLA_6_N001,ANGIOLA_6_N001,ANGIOLA_6_N001,RTPD,MCC,LMP_CONG_PRC,ANGIOLA_6_N001,ALL,1,0,4,2
2022-09-01T15:45:00-00:00,2022-09-01T16:00:00-00:00,2022-09-01,09,ANGIOLA_6_N001,ANGIOLA_6_N001,ANGIOLA_6_N001,RTPD,MCC,LMP_CONG_PRC,ANGIOLA_6_N001,ALL,1,0,4,2
2022-09-01T16:45:00-00:00,2022-09-01T17:00:00-00:00,2022-09-01,10,ANGIOLA_6_N001,ANGIOLA_6_N001,ANGIOLA_6_N001,RTPD,MCC,LMP_CONG_PRC,ANGIOLA_6_N001,ALL,1,-13.99387,4,2
2022-09-01T17:45:00-00:00,2022-09-01T18:00:00-00:00,2022-09-01,11,ANGIOLA_6_N001,ANGIOLA_6_N001,ANGIOLA_6_N001,RTPD,MCC,LMP_CONG_PRC,ANGIOLA_6_N001,ALL,1,-22.73407,4,2
2022-09-01T18:45:00-00:00,2022-09-01T19:00:00-00:00,2022-09-01,12,ANGIOLA_6_N001,ANGIOLA_6_N001,ANGIOLA_6_N001,RTPD,MCC,LMP_CONG_PRC,ANGIOLA_6_N001,ALL,1,-30.96501,4,2
2022-09-01T19:45:00-00:00,2022-09-01T20:00:00-00:00,2022-09-01,13,ANGIOLA_6_N001,ANGIOLA_6_N001,ANGIOLA_6_N001,RTPD,MCC,LMP_CONG_PRC,ANGIOLA_6_N001,ALL,1,-15.46369,4,2
2022-09-01T20:45:00-00:00,2022-09-01T21:00:00-00:00,2022-09-01,14,ANGIOLA_6_N001,ANGIOLA_6_N001,ANGIOLA_6_N001,RTPD,MCC,LMP_CONG_PRC,ANGIOLA_6_N001,ALL,1,-31.99603,4,2
2022-09-01T21:45:00-00:00,2022-09-01T22:00:00-00:00,2022-09-01,15,ANGIOLA_6_N001,ANGIOLA_6_N001,ANGIOLA_6_N001,RTPD,MCC,LMP_CONG_PRC,ANGIOLA_6_N001,ALL,1,-100.97129,4,2
2022-09-01T22:45:00-00:00,2022-09-01T23:00:00-00:00,2022-09-01,16,ANGIOLA_6_N001,ANGIOLA_6_N001,ANGIOLA_6_N001,RTPD,MCC,LMP_CONG_PRC,ANGIOLA_6_N001,ALL,1,-289.5362,4,2
2022-09-01T23:45:00-00:00,2022-09-02T00:00:00-00:00,2022-09-01,17,ANGIOLA_6_N001,ANGIOLA_6_N001,ANGIOLA_6_N001,RTPD,MCC,LMP_CONG_PRC,ANGIOLA_6_N001,ALL,1,344.31567,4,2
2022-09-02T00:45:00-00:00,2022-09-02T01:00:00-00:00,2022-09-01,18,ANGIOLA_6_N001,ANGIOLA_6_N001,ANGIOLA_6_N001,RTPD,MCC,LMP_CONG_PRC,ANGIOLA_6_N001,ALL,1,247.60739,4,2
2022-09-02T01:45:00-00:00,2022-09-02T02:00:00-00:00,2022-09-01,19,ANGIOLA_6_N001,ANGIOLA_6_N001,ANGIOLA_6_N001,RTPD,MCC,LMP_CONG_PRC,ANGIOLA_6_N001,ALL,1,0,4,2
2022-09-02T02:45:00-00:00,2022-09-02T03:00:00-00:00,2022-09-01,20,ANGIOLA_6_N001,ANGIOLA_6_N001,ANGIOLA_6_N001,RTPD,MCC,LMP_CONG_PRC,ANGIOLA_6_N001,ALL,1,112.18169,4,2
2022-09-02T03:45:00-00:00,2022-09-02T04:00:00-00:00,2022-09-01,21,ANGIOLA_6_N001,ANGIOLA_6_N001,ANGIOLA_6_N001,RTPD,MCC,LMP_CONG_PRC,ANGIOLA_6_N001,ALL,1,16.23011,4,2
2022-09-02T04:45:00-00:00,2022-09-02T05:00:00-00:00,2022-09-01,22,ANGIOLA_6_N001,ANGIOLA_6_N001,ANGIOLA_6_N001,RTPD,MCC,LMP_CONG_PRC,ANGIOLA_6_N001,ALL,1,17.54971,4,2
2022-09-02T05:45:00-00:00,2022-09-02T06:00:00-00:00,2022-09-01,23,ANGIOLA_6_N001,ANGIOLA_6_N001,ANGIOLA_6_N001,RTPD,MCC,LMP_CONG_PRC,ANGIOLA_6_N001,ALL,1,203.31673,4,2
2022-09-02T06:45:00-00:00,2022-09-02T07:00:00-00:00,2022-09-01,24,ANGIOLA_6_N001,ANGIOLA_6_N001,ANGIOLA_6_N001,RTPD,MCC,LMP_CONG_PRC,ANGIOLA_6_N001,ALL,1,6.14318,4,2
2022-09-01T07:00:00-00:00,2022-09-01T07:15:00-00:00,2022-09-01,01,ANGIOLA_6_N001,ANGIOLA_6_N001,ANGIOLA_6_N001,RTPD,MCE,LMP_ENE_PRC,ANGIOLA_6_N001,ALL,1,104.23471,1,3
2022-09-01T08:00:00-00:00,2022-09-01T08:15:00-00:00,2022-09-01,02,ANGIOLA_6_N001,ANGIOLA_6_N001,ANGIOLA_6_N001,RTPD,MCE,LMP_ENE_PRC,ANGIOLA_6_N001,ALL,1,115.5488,1,3
2022-09-01T09:00:00-00:00,2022-09-01T09:15:00-00:00,2022-09-01,03,ANGIOLA_6_N001,ANGIOLA_6_N001,ANGIOLA_6_N001,RTPD,MCE,LMP_ENE_PRC,ANGIOLA_6_N001,ALL,1,99.73061,1,3
2022-09-01T10:00:00-00:00,2022-09-01T10:15:00-00:00,2022-09-01,04,ANGIOLA_6_N001,ANGIOLA_6_N001,ANGIOLA_6_N001,RTPD,MCE,LMP_ENE_PRC,ANGIOLA_6_N001,ALL,1,98.64222,1,3
2022-09-01T11:00:00-00:00,2022-09-01T11:15:00-00:00,2022-09-01,05,ANGIOLA_6_N001,ANGIOLA_6_N001,ANGIOLA_6_N001,RTPD,MCE,LMP_ENE_PRC,ANGIOLA_6_N001,ALL,1,102.56859,1,3
2022-09-01T12:00:00-00:00,2022-09-01T12:15:00-00:00,2022-09-01,06,ANGIOLA_6_N001,ANGIOLA_6_N001,ANGIOLA_6_N001,RTPD,MCE,LMP_ENE_PRC,ANGIOLA_6_N001,ALL,1,96.90845,1,3
2022-09-01T13:00:00-00:00,2022-09-01T13:15:00-00:00,2022-09-01,07,ANGIOLA_6_N001,ANGIOLA_6_N001,ANGIOLA_6_N001,RTPD,MCE,LMP_ENE_PRC,ANGIOLA_6_N001,ALL,1,101.80878,1,3
2022-09-01T14:00:00-00:00,2022-09-01T14:15:00-00:00,2022-09-01,08,ANGIOLA_6_N001,ANGIOLA_6_N001,ANGIOLA_6_N001,RTPD,MCE,LMP_ENE_PRC,ANGIOLA_6_N001,ALL,1,111.11219,1,3
2022-09-01T15:00:00-00:00,2022-09-01T15:15:00-00:00,2022-09-01,09,ANGIOLA_6_N001,ANGIOLA_6_N001,ANGIOLA_6_N001,RTPD,MCE,LMP_ENE_PRC,ANGIOLA_6_N001,ALL,1,97.4112,1,3
2022-09-01T16:00:00-00:00,2022-09-01T16:15:00-00:00,2022-09-01,10,ANGIOLA_6_N001,ANGIOLA_6_N001,ANGIOLA_6_N001,RTPD,MCE,LMP_ENE_PRC,ANGIOLA_6_N001,ALL,1,83.43525,1,3
2022-09-01T17:00:00-00:00,2022-09-01T17:15:00-00:00,2022-09-01,11,ANGIOLA_6_N001,ANGIOLA_6_N001,ANGIOLA_6_N001,RTPD,MCE,LMP_ENE_PRC,ANGIOLA_6_N001,ALL,1,96.94897,1,3
2022-09-01T18:00:00-00:00,2022-09-01T18:15:00-00:00,2022-09-01,12,ANGIOLA_6_N001,ANGIOLA_6_N001,ANGIOLA_6_N001,RTPD,MCE,LMP_ENE_PRC,ANGIOLA_6_N001,ALL,1,91.59291,1,3
2022-09-01T19:00:00-00:00,2022-09-01T19:15:00-00:00,2022-09-01,13,ANGIOLA_6_N001,ANGIOLA_6_N001,ANGIOLA_6_N001,RTPD,MCE,LMP_ENE_PRC,ANGIOLA_6_N001,ALL,1,109.19637,1,3
2022-09-01T20:00:00-00:00,2022-09-01T20:15:00-00:00,2022-09-01,14,ANGIOLA_6_N001,ANGIOLA_6_N001,ANGIOLA_6_N001,RTPD,MCE,LMP_ENE_PRC,ANGIOLA_6_N001,ALL,1,117.94359,1,3
2022-09-01T21:00:00-00:00,2022-09-01T21:15:00-00:00,2022-09-01,15,ANGIOLA_6_N001,ANGIOLA_6_N001,ANGIOLA_6_N001,RTPD,MCE,LMP_ENE_PRC,ANGIOLA_6_N001,ALL,1,226.61499,1,3
2022-09-01T22:00:00-00:00,2022-09-01T22:15:00-00:00,2022-09-01,16,ANGIOLA_6_N001,ANGIOLA_6_N001,ANGIOLA_6_N001,RTPD,MCE,LMP_ENE_PRC,ANGIOLA_6_N001,ALL,1,229.18552,1,3
2022-09-01T23:00:00-00:00,2022-09-01T23:15:00-00:00,2022-09-01,17,ANGIOLA_6_N001,ANGIOLA_6_N001,ANGIOLA_6_N001,RTPD,MCE,LMP_ENE_PRC,ANGIOLA_6_N001,ALL,1,386.7537,1,3
2022-09-02T00:00:00-00:00,2022-09-02T00:15:00-00:00,2022-09-01,18,ANGIOLA_6_N001,ANGIOLA_6_N001,ANGIOLA_6_N001,RTPD,MCE,LMP_ENE_PRC,ANGIOLA_6_N001,ALL,1,770.58136,1,3
2022-09-02T01:00:00-00:00,2022-09-02T01:15:00-00:00,2022-09-01,19,ANGIOLA_6_N001,ANGIOLA_6_N001,ANGIOLA_6_N001,RTPD,MCE,LMP_ENE_PRC,ANGIOLA_6_N001,ALL,1,916.27124,1,3
2022-09-02T02:00:00-00:00,2022-09-02T02:15:00-00:00,2022-09-01,20,ANGIOLA_6_N001,ANGIOLA_6_N001,ANGIOLA_6_N001,RTPD,MCE,LMP_ENE_PRC,ANGIOLA_6_N001,ALL,1,1991.6721,1,3
2022-09-02T03:00:00-00:00,2022-09-02T03:15:00-00:00,2022-09-01,21,ANGIOLA_6_N001,ANGIOLA_6_N001,ANGIOLA_6_N001,RTPD,MCE,LMP_ENE_PRC,ANGIOLA_6_N001,ALL,1,917.5508,1,3
2022-09-02T04:00:00-00:00,2022-09-02T04:15:00-00:00,2022-09-01,22,ANGIOLA_6_N001,ANGIOLA_6_N001,ANGIOLA_6_N001,RTPD,MCE,LMP_ENE_PRC,ANGIOLA_6_N001,ALL,1,257.83005,1,3
2022-09-02T05:00:00-00:00,2022-09-02T05:15:00-00:00,2022-09-01,23,ANGIOLA_6_N001,ANGIOLA_6_N001,ANGIOLA_6_N001,RTPD,MCE,LMP_ENE_PRC,ANGIOLA_6_N001,ALL,1,183.24657,1,3
2022-09-02T06:00:00-00:00,2022-09-02T06:15:00-00:00,2022-09-01,24,ANGIOLA_6_N001,ANGIOLA_6_N001,ANGIOLA_6_N001,RTPD,MCE,LMP_ENE_PRC,ANGIOLA_6_N001,ALL,1,158.867,1,3
2022-09-01T07:15:00-00:00,2022-09-01T07:30:00-00:00,2022-09-01,01,ANGIOLA_6_N001,ANGIOLA_6_N001,ANGIOLA_6_N001,RTPD,MCE,LMP_ENE_PRC,ANGIOLA_6_N001,ALL,1,125.55144,2,3
2022-09-01T08:15:00-00:00,2022-09-01T08:30:00-00:00,2022-09-01,02,ANGIOLA_6_N001,ANGIOLA_6_N001,ANGIOLA_6_N001,RTPD,MCE,LMP_ENE_PRC,ANGIOLA_6_N001,ALL,1,115.53165,2,3
2022-09-01T09:15:00-00:00,2022-09-01T09:30:00-00:00,2022-09-01,03,ANGIOLA_6_N001,ANGIOLA_6_N001,ANGIOLA_6_N001,RTPD,MCE,LMP_ENE_PRC,ANGIOLA_6_N001,ALL,1,98.30543,2,3
2022-09-01T10:15:00-00:00,2022-09-01T10:30:00-00:00,2022-09-01,04,ANGIOLA_6_N001,ANGIOLA_6_N001,ANGIOLA_6_N001,RTPD,MCE,LMP_ENE_PRC,ANGIOLA_6_N001,ALL,1,97.00684,2,3
2022-09-01T11:15:00-00:00,2022-09-01T11:30:00-00:00,2022-09-01,05,ANGIOLA_6_N001,ANGIOLA_6_N001,ANGIOLA_6_N001,RTPD,MCE,LMP_ENE_PRC,ANGIOLA_6_N001,ALL,1,103.09059,2,3
2022-09-01T12:15:00-00:00,2022-09-01T12:30:00-00:00,2022-09-01,06,ANGIOLA_6_N001,ANGIOLA_6_N001,ANGIOLA_6_N001,RTPD,MCE,LMP_ENE_PRC,ANGIOLA_6_N001,ALL,1,109.32203,2,3
2022-09-01T13:15:00-00:00,2022-09-01T13:30:00-00:00,2022-09-01,07,ANGIOLA_6_N001,ANGIOLA_6_N001,ANGIOLA_6_N001,RTPD,MCE,LMP_ENE_PRC,ANGIOLA_6_N001,ALL,1,110.97827,2,3
2022-09-01T14:15:00-00:00,2022-09-01T14:30:00-00:00,2022-09-01,08,ANGIOLA_6_N001,ANGIOLA_6_N001,ANGIOLA_6_N001,RTPD,MCE,LMP_ENE_PRC,ANGIOLA_6_N001,ALL,1,104.78743,2,3
2022-09-01T15:15:00-00:00,2022-09-01T15:30:00-00:00,2022-09-01,09,ANGIOLA_6_N001,ANGIOLA_6_N001,ANGIOLA_6_N001,RTPD,MCE,LMP_ENE_PRC,ANGIOLA_6_N001,ALL,1,86.9388,2,3
2022-09-01T16:15:00-00:00,2022-09-01T16:30:00-00:00,2022-09-01,10,ANGIOLA_6_N001,ANGIOLA_6_N001,ANGIOLA_6_N001,RTPD,MCE,LMP_ENE_PRC,ANGIOLA_6_N001,ALL,1,89.44858,2,3
2022-09-01T17:15:00-00:00,2022-09-01T17:30:00-00:00,2022-09-01,11,ANGIOLA_6_N001,ANGIOLA_6_N001,ANGIOLA_6_N001,RTPD,MCE,LMP_ENE_PRC,ANGIOLA_6_N001,ALL,1,99.34673,2,3
2022-09-01T18:15:00-00:00,2022-09-01T18:30:00-00:00,2022-09-01,12,ANGIOLA_6_N001,ANGIOLA_6_N001,ANGIOLA_6_N001,RTPD,MCE,LMP_ENE_PRC,ANGIOLA_6_N001,ALL,1,101.15901,2,3
2022-09-01T19:15:00-00:00,2022-09-01T19:30:00-00:00,2022-09-01,13,ANGIOLA_6_N001,ANGIOLA_6_N001,ANGIOLA_6_N001,RTPD,MCE,LMP_ENE_PRC,ANGIOLA_6_N001,ALL,1,105.30588,2,3
2022-09-01T20:15:00-00:00,2022-09-01T20:30:00-00:00,2022-09-01,14,ANGIOLA_6_N001,ANGIOLA_6_N001,ANGIOLA_6_N001,RTPD,MCE,LMP_ENE_PRC,ANGIOLA_6_N001,ALL,1,117.49421,2,3
2022-09-01T21:15:00-00:00,2022-09-01T21:30:00-00:00,2022-09-01,15,ANGIOLA_6_N001,ANGIOLA_6_N001,ANGIOLA_6_N001,RTPD,MCE,LMP_ENE_PRC,ANGIOLA_6_N001,ALL,1,147.21185,2,3
2022-09-01T22:15:00-00:00,2022-09-01T22:30:00-00:00,2022-09-01,16,ANGIOLA_6_N001,ANGIOLA_6_N001,ANGIOLA_6_N001,RTPD,MCE,LMP_ENE_PRC,ANGIOLA_6_N001,ALL,1,256.58734,2,3
2022-09-01T23:15:00-00:00,2022-09-01T23:30:00-00:00,2022-09-01,17,ANGIOLA_6_N001,ANGIOLA_6_N001,ANGIOLA_6_N001,RTPD,MCE,LMP_ENE_PRC,ANGIOLA_6_N001,ALL,1,362.12408,2,3
2022-09-02T00:15:00-00:00,2022-09-02T00:30:00-00:00,2022-09-01,18,ANGIOLA_6_N001,ANGIOLA_6_N001,ANGIOLA_6_N001,RTPD,MCE,LMP_ENE_PRC,ANGIOLA_6_N001,ALL,1,691.2182,2,3
2022-09-02T01:15:00-00:00,2022-09-02T01:30:00-00:00,2022-09-01,19,ANGIOLA_6_N001,ANGIOLA_6_N001,ANGIOLA_6_N001,RTPD,MCE,LMP_ENE_PRC,ANGIOLA_6_N001,ALL,1,1999.9933,2,3
2022-09-02T02:15:00-00:00,2022-09-02T02:30:00-00:00,2022-09-01,20,ANGIOLA_6_N001,ANGIOLA_6_N001,ANGIOLA_6_N001,RTPD,MCE,LMP_ENE_PRC,ANGIOLA_6_N001,ALL,1,1991.6721,2,3
2022-09-02T03:15:00-00:00,2022-09-02T03:30:00-00:00,2022-09-01,21,ANGIOLA_6_N001,ANGIOLA_6_N001,ANGIOLA_6_N001,RTPD,MCE,LMP_ENE_PRC,ANGIOLA_6_N001,ALL,1,400.52884,2,3
2022-09-02T04:15:00-00:00,2022-09-02T04:30:00-00:00,2022-09-01,22,ANGIOLA_6_N001,ANGIOLA_6_N001,ANGIOLA_6_N001,RTPD,MCE,LMP_ENE_PRC,ANGIOLA_6_N001,ALL,1,224.75041,2,3
2022-09-02T05:15:00-00:00,2022-09-02T05:30:00-00:00,2022-09-01,23,ANGIOLA_6_N001,ANGIOLA_6_N001,ANGIOLA_6_N001,RTPD,MCE,LMP_ENE_PRC,ANGIOLA_6_N001,ALL,1,157.11986,2,3
2022-09-02T06:15:00-00:00,2022-09-02T06:30:00-00:00,2022-09-01,24,ANGIOLA_6_N001,ANGIOLA_6_N001,ANGIOLA_6_N001,RTPD,MCE,LMP_ENE_PRC,ANGIOLA_6_N001,ALL,1,143.1005,2,3
2022-09-01T07:30:00-00:00,2022-09-01T07:45:00-00:00,2022-09-01,01,ANGIOLA_6_N001,ANGIOLA_6_N001,ANGIOLA_6_N001,RTPD,MCE,LMP_ENE_PRC,ANGIOLA_6_N001,ALL,1,119.03196,3,3
2022-09-01T08:30:00-00:00,2022-09-01T08:45:00-00:00,2022-09-01,02,ANGIOLA_6_N001,ANGIOLA_6_N001,ANGIOLA_6_N001,RTPD,MCE,LMP_ENE_PRC,ANGIOLA_6_N001,ALL,1,111.11241,3,3
2022-09-01T09:30:00-00:00,2022-09-01T09:45:00-00:00,2022-09-01,03,ANGIOLA_6_N001,ANGIOLA_6_N001,ANGIOLA_6_N001,RTPD,MCE,LMP_ENE_PRC,ANGIOLA_6_N001,ALL,1,98.16228,3,3
2022-09-01T10:30:00-00:00,2022-09-01T10:45:00-00:00,2022-09-01,04,ANGIOLA_6_N001,ANGIOLA_6_N001,ANGIOLA_6_N001,RTPD,MCE,LMP_ENE_PRC,ANGIOLA_6_N001,ALL,1,96.36226,3,3
2022-09-01T11:30:00-00:00,2022-09-01T11:45:00-00:00,2022-09-01,05,ANGIOLA_6_N001,ANGIOLA_6_N001,ANGIOLA_6_N001,RTPD,MCE,LMP_ENE_PRC,ANGIOLA_6_N001,ALL,1,103.06198,3,3
2022-09-01T12:30:00-00:00,2022-09-01T12:45:00-00:00,2022-09-01,06,ANGIOLA_6_N001,ANGIOLA_6_N001,ANGIOLA_6_N001,RTPD,MCE,LMP_ENE_PRC,ANGIOLA_6_N001,ALL,1,113.57403,3,3
2022-09-01T13:30:00-00:00,2022-09-01T13:45:00-00:00,2022-09-01,07,ANGIOLA_6_N001,ANGIOLA_6_N001,ANGIOLA_6_N001,RTPD,MCE,LMP_ENE_PRC,ANGIOLA_6_N001,ALL,1,111.52025,3,3
2022-09-01T14:30:00-00:00,2022-09-01T14:45:00-00:00,2022-09-01,08,ANGIOLA_6_N001,ANGIOLA_6_N001,ANGIOLA_6_N001,RTPD,MCE,LMP_ENE_PRC,ANGIOLA_6_N001,ALL,1,101.83428,3,3
2022-09-01T15:30:00-00:00,2022-09-01T15:45:00-00:00,2022-09-01,09,ANGIOLA_6_N001,ANGIOLA_6_N001,ANGIOLA_6_N001,RTPD,MCE,LMP_ENE_PRC,ANGIOLA_6_N001,ALL,1,86.1388,3,3
2022-09-01T16:30:00-00:00,2022-09-01T16:45:00-00:00,2022-09-01,10,ANGIOLA_6_N001,ANGIOLA_6_N001,ANGIOLA_6_N001,RTPD,MCE,LMP_ENE_PRC,ANGIOLA_6_N001,ALL,1,88.79644,3,3
2022-09-01T17:30:00-00:00,2022-09-01T17:45:00-00:00,2022-09-01,11,ANGIOLA_6_N001,ANGIOLA_6_N001,ANGIOLA_6_N001,RTPD,MCE,LMP_ENE_PRC,ANGIOLA_6_N001,ALL,1,99.13013,3,3
2022-09-01T18:30:00-00:00,2022-09-01T18:45:00-00:00,2022-09-01,12,ANGIOLA_6_N001,ANGIOLA_6_N001,ANGIOLA_6_N001,RTPD,MCE,LMP_ENE_PRC,ANGIOLA_6_N001,ALL,1,107.05718,3,3
2022-09-01T19:30:00-00:00,2022-09-01T19:45:00-00:00,2022-09-01,13,ANGIOLA_6_N001,ANGIOLA_6_N001,ANGIOLA_6_N001,RTPD,MCE,LMP_ENE_PRC,ANGIOLA_6_N001,ALL,1,114.05905,3,3
2022-09-01T20:30:00-00:00,2022-09-01T20:45:00-00:00,2022-09-01,14,ANGIOLA_6_N001,ANGIOLA_6_N001,ANGIOLA_6_N001,RTPD,MCE,LMP_ENE_PRC,ANGIOLA_6_N001,ALL,1,129.81606,3,3
2022-09-01T21:30:00-00:00,2022-09-01T21:45:00-00:00,2022-09-01,15,ANGIOLA_6_N001,ANGIOLA_6_N001,ANGIOLA_6_N001,RTPD,MCE,LMP_ENE_PRC,ANGIOLA_6_N001,ALL,1,152.93057,3,3
2022-09-01T22:30:00-00:00,2022-09-01T22:45:00-00:00,2022-09-01,16,ANGIOLA_6_N001,ANGIOLA_6_N001,ANGIOLA_6_N001,RTPD,MCE,LMP_ENE_PRC,ANGIOLA_6_N001,ALL,1,283.18182,3,3
2022-09-01T23:30:00-00:00,2022-09-01T23:45:00-00:00,2022-09-01,17,ANGIOLA_6_N001,ANGIOLA_6_N001,ANGIOLA_6_N001,RTPD,MCE,LMP_ENE_PRC,ANGIOLA_6_N001,ALL,1,566.48157,3,3
2022-09-02T00:30:00-00:00,2022-09-02T00:45:00-00:00,2022-09-01,18,ANGIOLA_6_N001,ANGIOLA_6_N001,ANGIOLA_6_N001,RTPD,MCE,LMP_ENE_PRC,ANGIOLA_6_N001,ALL,1,1329.1127,3,3
2022-09-02T01:30:00-00:00,2022-09-02T01:45:00-00:00,2022-09-01,19,ANGIOLA_6_N001,ANGIOLA_6_N001,ANGIOLA_6_N001,RTPD,MCE,LMP_ENE_PRC,ANGIOLA_6_N001,ALL,1,1999.9956,3,3
2022-09-02T02:30:00-00:00,2022-09-02T02:45:00-00:00,2022-09-01,20,ANGIOLA_6_N001,ANGIOLA_6_N001,ANGIOLA_6_N001,RTPD,MCE,LMP_ENE_PRC,ANGIOLA_6_N001,ALL,1,1991.671,3,3
2022-09-02T03:30:00-00:00,2022-09-02T03:45:00-00:00,2022-09-01,21,ANGIOLA_6_N001,ANGIOLA_6_N001,ANGIOLA_6_N001,RTPD,MCE,LMP_ENE_PRC,ANGIOLA_6_N001,ALL,1,186.61823,3,3
2022-09-02T04:30:00-00:00,2022-09-02T04:45:00-00:00,2022-09-01,22,ANGIOLA_6_N001,ANGIOLA_6_N001,ANGIOLA_6_N001,RTPD,MCE,LMP_ENE_PRC,ANGIOLA_6_N001,ALL,1,180.67824,3,3
2022-09-02T05:30:00-00:00,2022-09-02T05:45:00-00:00,2022-09-01,23,ANGIOLA_6_N001,ANGIOLA_6_N001,ANGIOLA_6_N001,RTPD,MCE,LMP_ENE_PRC,ANGIOLA_6_N001,ALL,1,131.69917,3,3
2022-09-02T06:30:00-00:00,2022-09-02T06:45:00-00:00,2022-09-01,24,ANGIOLA_6_N001,ANGIOLA_6_N001,ANGIOLA_6_N001,RTPD,MCE,LMP_ENE_PRC,ANGIOLA_6_N001,ALL,1,128.9871,3,3
2022-09-01T07:45:00-00:00,2022-09-01T08:00:00-00:00,2022-09-01,01,ANGIOLA_6_N001,ANGIOLA_6_N001,ANGIOLA_6_N001,RTPD,MCE,LMP_ENE_PRC,ANGIOLA_6_N001,ALL,1,109.12099,4,3
2022-09-01T08:45:00-00:00,2022-09-01T09:00:00-00:00,2022-09-01,02,ANGIOLA_6_N001,ANGIOLA_6_N001,ANGIOLA_6_N001,RTPD,MCE,LMP_ENE_PRC,ANGIOLA_6_N001,ALL,1,98.7357,4,3
2022-09-01T09:45:00-00:00,2022-09-01T10:00:00-00:00,2022-09-01,03,ANGIOLA_6_N001,ANGIOLA_6_N001,ANGIOLA_6_N001,RTPD,MCE,LMP_ENE_PRC,ANGIOLA_6_N001,ALL,1,97.50475,4,3
2022-09-01T10:45:00-00:00,2022-09-01T11:00:00-00:00,2022-09-01,04,ANGIOLA_6_N001,ANGIOLA_6_N001,ANGIOLA_6_N001,RTPD,MCE,LMP_ENE_PRC,ANGIOLA_6_N001,ALL,1,94.71966,4,3
2022-09-01T11:45:00-00:00,2022-09-01T12:00:00-00:00,2022-09-01,05,ANGIOLA_6_N001,ANGIOLA_6_N001,ANGIOLA_6_N001,RTPD,MCE,LMP_ENE_PRC,ANGIOLA_6_N001,ALL,1,107.01,4,3
2022-09-01T12:45:00-00:00,2022-09-01T13:00:00-00:00,2022-09-01,06,ANGIOLA_6_N001,ANGIOLA_6_N001,ANGIOLA_6_N001,RTPD,MCE,LMP_ENE_PRC,ANGIOLA_6_N001,ALL,1,116.4848,4,3
2022-09-01T13:45:00-00:00,2022-09-01T14:00:00-00:00,2022-09-01,07,ANGIOLA_6_N001,ANGIOLA_6_N001,ANGIOLA_6_N001,RTPD,MCE,LMP_ENE_PRC,ANGIOLA_6_N001,ALL,1,111.41,4,3
2022-09-01T14:45:00-00:00,2022-09-01T15:00:00-00:00,2022-09-01,08,ANGIOLA_6_N001,ANGIOLA_6_N001,ANGIOLA_6_N001,RTPD,MCE,LMP_ENE_PRC,ANGIOLA_6_N001,ALL,1,86.1388,4,3
2022-09-01T15:45:00-00:00,2022-09-01T16:00:00-00:00,2022-09-01,09,ANGIOLA_6_N001,ANGIOLA_6_N001,ANGIOLA_6_N001,RTPD,MCE,LMP_ENE_PRC,ANGIOLA_6_N001,ALL,1,78.70076,4,3
2022-09-01T16:45:00-00:00,2022-09-01T17:00:00-00:00,2022-09-01,10,ANGIOLA_6_N001,ANGIOLA_6_N001,ANGIOLA_6_N001,RTPD,MCE,LMP_ENE_PRC,ANGIOLA_6_N001,ALL,1,91.24933,4,3
2022-09-01T17:45:00-00:00,2022-09-01T18:00:00-00:00,2022-09-01,11,ANGIOLA_6_N001,ANGIOLA_6_N001,ANGIOLA_6_N001,RTPD,MCE,LMP_ENE_PRC,ANGIOLA_6_N001,ALL,1,99.20544,4,3
2022-09-01T18:45:00-00:00,2022-09-01T19:00:00-00:00,2022-09-01,12,ANGIOLA_6_N001,ANGIOLA_6_N001,ANGIOLA_6_N001,RTPD,MCE,LMP_ENE_PRC,ANGIOLA_6_N001,ALL,1,109.04064,4,3
2022-09-01T19:45:00-00:00,2022-09-01T20:00:00-00:00,2022-09-01,13,ANGIOLA_6_N001,ANGIOLA_6_N001,ANGIOLA_6_N001,RTPD,MCE,LMP_ENE_PRC,ANGIOLA_6_N001,ALL,1,120.22491,4,3
2022-09-01T20:45:00-00:00,2022-09-01T21:00:00-00:00,2022-09-01,14,ANGIOLA_6_N001,ANGIOLA_6_N001,ANGIOLA_6_N001,RTPD,MCE,LMP_ENE_PRC,ANGIOLA_6_N001,ALL,1,154.02509,4,3
2022-09-01T21:45:00-00:00,2022-09-01T22:00:00-00:00,2022-09-01,15,ANGIOLA_6_N001,ANGIOLA_6_N001,ANGIOLA_6_N001,RTPD,MCE,LMP_ENE_PRC,ANGIOLA_6_N001,ALL,1,300.29376,4,3
2022-09-01T22:45:00-00:00,2022-09-01T23:00:00-00:00,2022-09-01,16,ANGIOLA_6_N001,ANGIOLA_6_N001,ANGIOLA_6_N001,RTPD,MCE,LMP_ENE_PRC,ANGIOLA_6_N001,ALL,1,429.9137,4,3
2022-09-01T23:45:00-00:00,2022-09-02T00:00:00-00:00,2022-09-01,17,ANGIOLA_6_N001,ANGIOLA_6_N001,ANGIOLA_6_N001,RTPD,MCE,LMP_ENE_PRC,ANGIOLA_6_N001,ALL,1,1261.2124,4,3
2022-09-02T00:45:00-00:00,2022-09-02T01:00:00-00:00,2022-09-01,18,ANGIOLA_6_N001,ANGIOLA_6_N001,ANGIOLA_6_N001,RTPD,MCE,LMP_ENE_PRC,ANGIOLA_6_N001,ALL,1,1519.149,4,3
2022-09-02T01:45:00-00:00,2022-09-02T02:00:00-00:00,2022-09-01,19,ANGIOLA_6_N001,ANGIOLA_6_N001,ANGIOLA_6_N001,RTPD,MCE,LMP_ENE_PRC,ANGIOLA_6_N001,ALL,1,1991.9337,4,3
2022-09-02T02:45:00-00:00,2022-09-02T03:00:00-00:00,2022-09-01,20,ANGIOLA_6_N001,ANGIOLA_6_N001,ANGIOLA_6_N001,RTPD,MCE,LMP_ENE_PRC,ANGIOLA_6_N001,ALL,1,1629.6213,4,3
2022-09-02T03:45:00-00:00,2022-09-02T04:00:00-00:00,2022-09-01,21,ANGIOLA_6_N001,ANGIOLA_6_N001,ANGIOLA_6_N001,RTPD,MCE,LMP_ENE_PRC,ANGIOLA_6_N001,ALL,1,141.13702,4,3
2022-09-02T04:45:00-00:00,2022-09-02T05:00:00-00:00,2022-09-01,22,ANGIOLA_6_N001,ANGIOLA_6_N001,ANGIOLA_6_N001,RTPD,MCE,LMP_ENE_PRC,ANGIOLA_6_N001,ALL,1,126.76372,4,3
2022-09-02T05:45:00-00:00,2022-09-02T06:00:00-00:00,2022-09-01,23,ANGIOLA_6_N001,ANGIOLA_6_N001,ANGIOLA_6_N001,RTPD,MCE,LMP_ENE_PRC,ANGIOLA_6_N001,ALL,1,119.00958,4,3
2022-09-02T06:45:00-00:00,2022-09-02T07:00:00-00:00,2022-09-01,24,ANGIOLA_6_N001,ANGIOLA_6_N001,ANGIOLA_6_N001,RTPD,MCE,LMP_ENE_PRC,ANGIOLA_6_N001,ALL,1,109.20324,4,3
2022-09-01T07:00:00-00:00,2022-09-01T07:15:00-00:00,2022-09-01,01,ANGIOLA_6_N001,ANGIOLA_6_N001,ANGIOLA_6_N001,RTPD,MCL,LMP_LOSS_PRC,ANGIOLA_6_N001,ALL,1,11.11142,1,4
2022-09-01T08:00:00-00:00,2022-09-01T08:15:00-00:00,2022-09-01,02,ANGIOLA_6_N001,ANGIOLA_6_N001,ANGIOLA_6_N001,RTPD,MCL,LMP_LOSS_PRC,ANGIOLA_6_N001,ALL,1,0,1,4
2022-09-01T09:00:00-00:00,2022-09-01T09:15:00-00:00,2022-09-01,03,ANGIOLA_6_N001,ANGIOLA_6_N001,ANGIOLA_6_N001,RTPD,MCL,LMP_LOSS_PRC,ANGIOLA_6_N001,ALL,1,21.75125,1,4
2022-09-01T10:00:00-00:00,2022-09-01T10:15:00-00:00,2022-09-01,04,ANGIOLA_6_N001,ANGIOLA_6_N001,ANGIOLA_6_N001,RTPD,MCL,LMP_LOSS_PRC,ANGIOLA_6_N001,ALL,1,20.10328,1,4
2022-09-01T11:00:00-00:00,2022-09-01T11:15:00-00:00,2022-09-01,05,ANGIOLA_6_N001,ANGIOLA_6_N001,ANGIOLA_6_N001,RTPD,MCL,LMP_LOSS_PRC,ANGIOLA_6_N001,ALL,1,21.52915,1,4
2022-09-01T12:00:00-00:00,2022-09-01T12:15:00-00:00,2022-09-01,06,ANGIOLA_6_N001,ANGIOLA_6_N001,ANGIOLA_6_N001,RTPD,MCL,LMP_LOSS_PRC,ANGIOLA_6_N001,ALL,1,22.28894,1,4
2022-09-01T13:00:00-00:00,2022-09-01T13:15:00-00:00,2022-09-01,07,ANGIOLA_6_N001,ANGIOLA_6_N001,ANGIOLA_6_N001,RTPD,MCL,LMP_LOSS_PRC,ANGIOLA_6_N001,ALL,1,0,1,4
2022-09-01T14:00:00-00:00,2022-09-01T14:15:00-00:00,2022-09-01,08,ANGIOLA_6_N001,ANGIOLA_6_N001,ANGIOLA_6_N001,RTPD,MCL,LMP_LOSS_PRC,ANGIOLA_6_N001,ALL,1,19.20019,1,4
2022-09-01T15:00:00-00:00,2022-09-01T15:15:00-00:00,2022-09-01,09,ANGIOLA_6_N001,ANGIOLA_6_N001,ANGIOLA_6_N001,RTPD,MCL,LMP_LOSS_PRC,ANGIOLA_6_N001,ALL,1,0,1,4
2022-09-01T16:00:00-00:00,2022-09-01T16:15:00-00:00,2022-09-01,10,ANGIOLA_6_N001,ANGIOLA_6_N001,ANGIOLA_6_N001,RTPD,MCL,LMP_LOSS_PRC,ANGIOLA_6_N001,ALL,1,0,1,4
2022-09-01T17:00:00-00:00,2022-09-01T17:15:00-00:00,2022-09-01,11,ANGIOLA_6_N001,ANGIOLA_6_N001,ANGIOLA_6_N001,RTPD,MCL,LMP_LOSS_PRC,ANGIOLA_6_N001,ALL,1,0,1,4
2022-09-01T18:00:00-00:00,2022-09-01T18:15:00-00:00,2022-09-01,12,ANGIOLA_6_N001,ANGIOLA_6_N001,ANGIOLA_6_N001,RTPD,MCL,LMP_LOSS_PRC,ANGIOLA_6_N001,ALL,1,0,1,4
2022-09-01T19:00:00-00:00,2022-09-01T19:15:00-00:00,2022-09-01,13,ANGIOLA_6_N001,ANGIOLA_6_N001,ANGIOLA_6_N001,RTPD,MCL,LMP_LOSS_PRC,ANGIOLA_6_N001,ALL,1,0,1,4
2022-09-01T20:00:00-00:00,2022-09-01T20:15:00-00:00,2022-09-01,14,ANGIOLA_6_N001,ANGIOLA_6_N001,ANGIOLA_6_N001,RTPD,MCL,LMP_LOSS_PRC,ANGIOLA_6_N001,ALL,1,0,1,4
2022-09-01T21:00:00-00:00,2022-09-01T21:15:00-00:00,2022-09-01,15,ANGIOLA_6_N001,ANGIOLA_6_N001,ANGIOLA_6_N001,RTPD,MCL,LMP_LOSS_PRC,ANGIOLA_6_N001,ALL,1,0,1,4
2022-09-01T22:00:00-00:00,2022-09-01T22:15:00-00:00,2022-09-01,16,ANGIOLA_6_N001,ANGIOLA_6_N001,ANGIOLA_6_N001,RTPD,MCL,LMP_LOSS_PRC,ANGIOLA_6_N001,ALL,1,0,1,4
2022-09-01T23:00:00-00:00,2022-09-01T23:15:00-00:00,2022-09-01,17,ANGIOLA_6_N001,ANGIOLA_6_N001,ANGIOLA_6_N001,RTPD,MCL,LMP_LOSS_PRC,ANGIOLA_6_N001,ALL,1,0,1,4
2022-09-02T00:00:00-00:00,2022-09-02T00:15:00-00:00,2022-09-01,18,ANGIOLA_6_N001,ANGIOLA_6_N001,ANGIOLA_6_N001,RTPD,MCL,LMP_LOSS_PRC,ANGIOLA_6_N001,ALL,1,44.61666,1,4
2022-09-02T01:00:00-00:00,2022-09-02T01:15:00-00:00,2022-09-01,19,ANGIOLA_6_N001,ANGIOLA_6_N001,ANGIOLA_6_N001,RTPD,MCL,LMP_LOSS_PRC,ANGIOLA_6_N001,ALL,1,0,1,4
2022-09-02T02:00:00-00:00,2022-09-02T02:15:00-00:00,2022-09-01,20,ANGIOLA_6_N001,ANGIOLA_6_N001,ANGIOLA_6_N001,RTPD,MCL,LMP_LOSS_PRC,ANGIOLA_6_N001,ALL,1,0,1,4
2022-09-02T03:00:00-00:00,2022-09-02T03:15:00-00:00,2022-09-01,21,ANGIOLA_6_N001,ANGIOLA_6_N001,ANGIOLA_6_N001,RTPD,MCL,LMP_LOSS_PRC,ANGIOLA_6_N001,ALL,1,257.74002,1,4
2022-09-02T04:00:00-00:00,2022-09-02T04:15:00-00:00,2022-09-01,22,ANGIOLA_6_N001,ANGIOLA_6_N001,ANGIOLA_6_N001,RTPD,MCL,LMP_LOSS_PRC,ANGIOLA_6_N001,ALL,1,78.81864,1,4
2022-09-02T05:00:00-00:00,2022-09-02T05:15:00-00:00,2022-09-01,23,ANGIOLA_6_N001,ANGIOLA_6_N001,ANGIOLA_6_N001,RTPD,MCL,LMP_LOSS_PRC,ANGIOLA_6_N001,ALL,1,38.97655,1,4
2022-09-02T06:00:00-00:00,2022-09-02T06:15:00-00:00,2022-09-01,24,ANGIOLA_6_N001,ANGIOLA_6_N001,ANGIOLA_6_N001,RTPD,MCL,LMP_LOSS_PRC,ANGIOLA_6_N001,ALL,1,33.3303,1,4
2022-09-01T07:15:00-00:00,2022-09-01T07:30:00-00:00,2022-09-01,01,ANGIOLA_6_N001,ANGIOLA_6_N001,ANGIOLA_6_N001,RTPD,MCL,LMP_LOSS_PRC,ANGIOLA_6_N001,ALL,1,0,2,4
2022-09-01T08:15:00-00:00,2022-09-01T08:30:00-00:00,2022-09-01,02,ANGIOLA_6_N001,ANGIOLA_6_N001,ANGIOLA_6_N001,RTPD,MCL,LMP_LOSS_PRC,ANGIOLA_6_N001,ALL,1,0,2,4
2022-09-01T09:15:00-00:00,2022-09-01T09:30:00-00:00,2022-09-01,03,ANGIOLA_6_N001,ANGIOLA_6_N001,ANGIOLA_6_N001,RTPD,MCL,LMP_LOSS_PRC,ANGIOLA_6_N001,ALL,1,20.84075,2,4
2022-09-01T10:15:00-00:00,2022-09-01T10:30:00-00:00,2022-09-01,04,ANGIOLA_6_N001,ANGIOLA_6_N001,ANGIOLA_6_N001,RTPD,MCL,LMP_LOSS_PRC,ANGIOLA_6_N001,ALL,1,20.09982,2,4
2022-09-01T11:15:00-00:00,2022-09-01T11:30:00-00:00,2022-09-01,05,ANGIOLA_6_N001,ANGIOLA_6_N001,ANGIOLA_6_N001,RTPD,MCL,LMP_LOSS_PRC,ANGIOLA_6_N001,ALL,1,21.47377,2,4
2022-09-01T12:15:00-00:00,2022-09-01T12:30:00-00:00,2022-09-01,06,ANGIOLA_6_N001,ANGIOLA_6_N001,ANGIOLA_6_N001,RTPD,MCL,LMP_LOSS_PRC,ANGIOLA_6_N001,ALL,1,26.76203,2,4
2022-09-01T13:15:00-00:00,2022-09-01T13:30:00-00:00,2022-09-01,07,ANGIOLA_6_N001,ANGIOLA_6_N001,ANGIOLA_6_N001,RTPD,MCL,LMP_LOSS_PRC,ANGIOLA_6_N001,ALL,1,23.90472,2,4
2022-09-01T14:15:00-00:00,2022-09-01T14:30:00-00:00,2022-09-01,08,ANGIOLA_6_N001,ANGIOLA_6_N001,ANGIOLA_6_N001,RTPD,MCL,LMP_LOSS_PRC,ANGIOLA_6_N001,ALL,1,16.28397,2,4
2022-09-01T15:15:00-00:00,2022-09-01T15:30:00-00:00,2022-09-01,09,ANGIOLA_6_N001,ANGIOLA_6_N001,ANGIOLA_6_N001,RTPD,MCL,LMP_LOSS_PRC,ANGIOLA_6_N001,ALL,1,0,2,4
2022-09-01T16:15:00-00:00,2022-09-01T16:30:00-00:00,2022-09-01,10,ANGIOLA_6_N001,ANGIOLA_6_N001,ANGIOLA_6_N001,RTPD,MCL,LMP_LOSS_PRC,ANGIOLA_6_N001,ALL,1,0,2,4
2022-09-01T17:15:00-00:00,2022-09-01T17:30:00-00:00,2022-09-01,11,ANGIOLA_6_N001,ANGIOLA_6_N001,ANGIOLA_6_N001,RTPD,MCL,LMP_LOSS_PRC,ANGIOLA_6_N001,ALL,1,0,2,4
2022-09-01T18:15:00-00:00,2022-09-01T18:30:00-00:00,2022-09-01,12,ANGIOLA_6_N001,ANGIOLA_6_N001,ANGIOLA_6_N001,RTPD,MCL,LMP_LOSS_PRC,ANGIOLA_6_N001,ALL,1,0,2,4
2022-09-01T19:15:00-00:00,2022-09-01T19:30:00-00:00,2022-09-01,13,ANGIOLA_6_N001,ANGIOLA_6_N001,ANGIOLA_6_N001,RTPD,MCL,LMP_LOSS_PRC,ANGIOLA_6_N001,ALL,1,0,2,4
2022-09-01T20:15:00-00:00,2022-09-01T20:30:00-00:00,2022-09-01,14,ANGIOLA_6_N001,ANGIOLA_6_N001,ANGIOLA_6_N001,RTPD,MCL,LMP_LOSS_PRC,ANGIOLA_6_N001,ALL,1,0,2,4
2022-09-01T21:15:00-00:00,2022-09-01T21:30:00-00:00,2022-09-01,15,ANGIOLA_6_N001,ANGIOLA_6_N001,ANGIOLA_6_N001,RTPD,MCL,LMP_LOSS_PRC,ANGIOLA_6_N001,ALL,1,0,2,4
2022-09-01T22:15:00-00:00,2022-09-01T22:30:00-00:00,2022-09-01,16,ANGIOLA_6_N001,ANGIOLA_6_N001,ANGIOLA_6_N001,RTPD,MCL,LMP_LOSS_PRC,ANGIOLA_6_N001,ALL,1,0,2,4
2022-09-01T23:15:00-00:00,2022-09-01T23:30:00-00:00,2022-09-01,17,ANGIOLA_6_N001,ANGIOLA_6_N001,ANGIOLA_6_N001,RTPD,MCL,LMP_LOSS_PRC,ANGIOLA_6_N001,ALL,1,0,2,4
2022-09-02T00:15:00-00:00,2022-09-02T00:30:00-00:00,2022-09-01,18,ANGIOLA_6_N001,ANGIOLA_6_N001,ANGIOLA_6_N001,RTPD,MCL,LMP_LOSS_PRC,ANGIOLA_6_N001,ALL,1,46.93372,2,4
2022-09-02T01:15:00-00:00,2022-09-02T01:30:00-00:00,2022-09-01,19,ANGIOLA_6_N001,ANGIOLA_6_N001,ANGIOLA_6_N001,RTPD,MCL,LMP_LOSS_PRC,ANGIOLA_6_N001,ALL,1,0,2,4
2022-09-02T02:15:00-00:00,2022-09-02T02:30:00-00:00,2022-09-01,20,ANGIOLA_6_N001,ANGIOLA_6_N001,ANGIOLA_6_N001,RTPD,MCL,LMP_LOSS_PRC,ANGIOLA_6_N001,ALL,1,0,2,4
2022-09-02T03:15:00-00:00,2022-09-02T03:30:00-00:00,2022-09-01,21,ANGIOLA_6_N001,ANGIOLA_6_N001,ANGIOLA_6_N001,RTPD,MCL,LMP_LOSS_PRC,ANGIOLA_6_N001,ALL,1,106.70088,2,4
2022-09-02T04:15:00-00:00,2022-09-02T04:30:00-00:00,2022-09-01,22,ANGIOLA_6_N001,ANGIOLA_6_N001,ANGIOLA_6_N001,RTPD,MCL,LMP_LOSS_PRC,ANGIOLA_6_N001,ALL,1,66.95315,2,4
2022-09-02T05:15:00-00:00,2022-09-02T05:30:00-00:00,2022-09-01,23,ANGIOLA_6_N001,ANGIOLA_6_N001,ANGIOLA_6_N001,RTPD,MCL,LMP_LOSS_PRC,ANGIOLA_6_N001,ALL,1,38.63577,2,4
2022-09-02T06:15:00-00:00,2022-09-02T06:30:00-00:00,2022-09-01,24,ANGIOLA_6_N001,ANGIOLA_6_N001,ANGIOLA_6_N001,RTPD,MCL,LMP_LOSS_PRC,ANGIOLA_6_N001,ALL,1,28.6201,2,4
2022-09-01T07:30:00-00:00,2022-09-01T07:45:00-00:00,2022-09-01,01,ANGIOLA_6_N001,ANGIOLA_6_N001,ANGIOLA_6_N001,RTPD,MCL,LMP_LOSS_PRC,ANGIOLA_6_N001,ALL,1,0,3,4
2022-09-01T08:30:00-00:00,2022-09-01T08:45:00-00:00,2022-09-01,02,ANGIOLA_6_N001,ANGIOLA_6_N001,ANGIOLA_6_N001,RTPD,MCL,LMP_LOSS_PRC,ANGIOLA_6_N001,ALL,1,22.60026,3,4
2022-09-01T09:30:00-00:00,2022-09-01T09:45:00-00:00,2022-09-01,03,ANGIOLA_6_N001,ANGIOLA_6_N001,ANGIOLA_6_N001,RTPD,MCL,LMP_LOSS_PRC,ANGIOLA_6_N001,ALL,1,20.45702,3,4
2022-09-01T10:30:00-00:00,2022-09-01T10:45:00-00:00,2022-09-01,04,ANGIOLA_6_N001,ANGIOLA_6_N001,ANGIOLA_6_N001,RTPD,MCL,LMP_LOSS_PRC,ANGIOLA_6_N001,ALL,1,19.52299,3,4
2022-09-01T11:30:00-00:00,2022-09-01T11:45:00-00:00,2022-09-01,05,ANGIOLA_6_N001,ANGIOLA_6_N001,ANGIOLA_6_N001,RTPD,MCL,LMP_LOSS_PRC,ANGIOLA_6_N001,ALL,1,21.66363,3,4
2022-09-01T12:30:00-00:00,2022-09-01T12:45:00-00:00,2022-09-01,06,ANGIOLA_6_N001,ANGIOLA_6_N001,ANGIOLA_6_N001,RTPD,MCL,LMP_LOSS_PRC,ANGIOLA_6_N001,ALL,1,26.44003,3,4
2022-09-01T13:30:00-00:00,2022-09-01T13:45:00-00:00,2022-09-01,07,ANGIOLA_6_N001,ANGIOLA_6_N001,ANGIOLA_6_N001,RTPD,MCL,LMP_LOSS_PRC,ANGIOLA_6_N001,ALL,1,22.97317,3,4
2022-09-01T14:30:00-00:00,2022-09-01T14:45:00-00:00,2022-09-01,08,ANGIOLA_6_N001,ANGIOLA_6_N001,ANGIOLA_6_N001,RTPD,MCL,LMP_LOSS_PRC,ANGIOLA_6_N001,ALL,1,13.91056,3,4
2022-09-01T15:30:00-00:00,2022-09-01T15:45:00-00:00,2022-09-01,09,ANGIOLA_6_N001,ANGIOLA_6_N001,ANGIOLA_6_N001,RTPD,MCL,LMP_LOSS_PRC,ANGIOLA_6_N001,ALL,1,0,3,4
2022-09-01T16:30:00-00:00,2022-09-01T16:45:00-00:00,2022-09-01,10,ANGIOLA_6_N001,ANGIOLA_6_N001,ANGIOLA_6_N001,RTPD,MCL,LMP_LOSS_PRC,ANGIOLA_6_N001,ALL,1,0,3,4
2022-09-01T17:30:00-00:00,2022-09-01T17:45:00-00:00,2022-09-01,11,ANGIOLA_6_N001,ANGIOLA_6_N001,ANGIOLA_6_N001,RTPD,MCL,LMP_LOSS_PRC,ANGIOLA_6_N001,ALL,1,0,3,4
2022-09-01T18:30:00-00:00,2022-09-01T18:45:00-00:00,2022-09-01,12,ANGIOLA_6_N001,ANGIOLA_6_N001,ANGIOLA_6_N001,RTPD,MCL,LMP_LOSS_PRC,ANGIOLA_6_N001,ALL,1,0,3,4
2022-09-01T19:30:00-00:00,2022-09-01T19:45:00-00:00,2022-09-01,13,ANGIOLA_6_N001,ANGIOLA_6_N001,ANGIOLA_6_N001,RTPD,MCL,LMP_LOSS_PRC,ANGIOLA_6_N001,ALL,1,0,3,4
2022-09-01T20:30:00-00:00,2022-09-01T20:45:00-00:00,2022-09-01,14,ANGIOLA_6_N001,ANGIOLA_6_N001,ANGIOLA_6_N001,RTPD,MCL,LMP_LOSS_PRC,ANGIOLA_6_N001,ALL,1,0,3,4
2022-09-01T21:30:00-00:00,2022-09-01T21:45:00-00:00,2022-09-01,15,ANGIOLA_6_N001,ANGIOLA_6_N001,ANGIOLA_6_N001,RTPD,MCL,LMP_LOSS_PRC,ANGIOLA_6_N001,ALL,1,0,3,4
2022-09-01T22:30:00-00:00,2022-09-01T22:45:00-00:00,2022-09-01,16,ANGIOLA_6_N001,ANGIOLA_6_N001,ANGIOLA_6_N001,RTPD,MCL,LMP_LOSS_PRC,ANGIOLA_6_N001,ALL,1,0,3,4
2022-09-01T23:30:00-00:00,2022-09-01T23:45:00-00:00,2022-09-01,17,ANGIOLA_6_N001,ANGIOLA_6_N001,ANGIOLA_6_N001,RTPD,MCL,LMP_LOSS_PRC,ANGIOLA_6_N001,ALL,1,0,3,4
2022-09-02T00:30:00-00:00,2022-09-02T00:45:00-00:00,2022-09-01,18,ANGIOLA_6_N001,ANGIOLA_6_N001,ANGIOLA_6_N001,RTPD,MCL,LMP_LOSS_PRC,ANGIOLA_6_N001,ALL,1,0,3,4
2022-09-02T01:30:00-00:00,2022-09-02T01:45:00-00:00,2022-09-01,19,ANGIOLA_6_N001,ANGIOLA_6_N001,ANGIOLA_6_N001,RTPD,MCL,LMP_LOSS_PRC,ANGIOLA_6_N001,ALL,1,0,3,4
2022-09-02T02:30:00-00:00,2022-09-02T02:45:00-00:00,2022-09-01,20,ANGIOLA_6_N001,ANGIOLA_6_N001,ANGIOLA_6_N001,RTPD,MCL,LMP_LOSS_PRC,ANGIOLA_6_N001,ALL,1,0,3,4
2022-09-02T03:30:00-00:00,2022-09-02T03:45:00-00:00,2022-09-01,21,ANGIOLA_6_N001,ANGIOLA_6_N001,ANGIOLA_6_N001,RTPD,MCL,LMP_LOSS_PRC,ANGIOLA_6_N001,ALL,1,48.67003,3,4
2022-09-02T04:30:00-00:00,2022-09-02T04:45:00-00:00,2022-09-01,22,ANGIOLA_6_N001,ANGIOLA_6_N001,ANGIOLA_6_N001,RTPD,MCL,LMP_LOSS_PRC,ANGIOLA_6_N001,ALL,1,48.62051,3,4
2022-09-02T05:30:00-00:00,2022-09-02T05:45:00-00:00,2022-09-01,23,ANGIOLA_6_N001,ANGIOLA_6_N001,ANGIOLA_6_N001,RTPD,MCL,LMP_LOSS_PRC,ANGIOLA_6_N001,ALL,1,31.84486,3,4
2022-09-02T06:30:00-00:00,2022-09-02T06:45:00-00:00,2022-09-01,24,ANGIOLA_6_N001,ANGIOLA_6_N001,ANGIOLA_6_N001,RTPD,MCL,LMP_LOSS_PRC,ANGIOLA_6_N001,ALL,1,26.0296,3,4
2022-09-01T07:45:00-00:00,2022-09-01T08:00:00-00:00,2022-09-01,01,ANGIOLA_6_N001,ANGIOLA_6_N001,ANGIOLA_6_N001,RTPD,MCL,LMP_LOSS_PRC,ANGIOLA_6_N001,ALL,1,0,4,4
2022-09-01T08:45:00-00:00,2022-09-01T09:00:00-00:00,2022-09-01,02,ANGIOLA_6_N001,ANGIOLA_6_N001,ANGIOLA_6_N001,RTPD,MCL,LMP_LOSS_PRC,ANGIOLA_6_N001,ALL,1,18.38459,4,4
2022-09-01T09:45:00-00:00,2022-09-01T10:00:00-00:00,2022-09-01,03,ANGIOLA_6_N001,ANGIOLA_6_N001,ANGIOLA_6_N001,RTPD,MCL,LMP_LOSS_PRC,ANGIOLA_6_N001,ALL,1,18.77941,4,4
2022-09-01T10:45:00-00:00,2022-09-01T11:00:00-00:00,2022-09-01,04,ANGIOLA_6_N001,ANGIOLA_6_N001,ANGIOLA_6_N001,RTPD,MCL,LMP_LOSS_PRC,ANGIOLA_6_N001,ALL,1,18.1767,4,4
2022-09-01T11:45:00-00:00,2022-09-01T12:00:00-00:00,2022-09-01,05,ANGIOLA_6_N001,ANGIOLA_6_N001,ANGIOLA_6_N001,RTPD,MCL,LMP_LOSS_PRC,ANGIOLA_6_N001,ALL,1,0,4,4
2022-09-01T12:45:00-00:00,2022-09-01T13:00:00-00:00,2022-09-01,06,ANGIOLA_6_N001,ANGIOLA_6_N001,ANGIOLA_6_N001,RTPD,MCL,LMP_LOSS_PRC,ANGIOLA_6_N001,ALL,1,0,4,4
2022-09-01T13:45:00-00:00,2022-09-01T14:00:00-00:00,2022-09-01,07,ANGIOLA_6_N001,ANGIOLA_6_N001,ANGIOLA_6_N001,RTPD,MCL,LMP_LOSS_PRC,ANGIOLA_6_N001,ALL,1,0,4,4
2022-09-01T14:45:00-00:00,2022-09-01T15:00:00-00:00,2022-09-01,08,ANGIOLA_6_N001,ANGIOLA_6_N001,ANGIOLA_6_N001,RTPD,MCL,LMP_LOSS_PRC,ANGIOLA_6_N001,ALL,1,0,4,4
2022-09-01T15:45:00-00:00,2022-09-01T16:00:00-00:00,2022-09-01,09,ANGIOLA_6_N001,ANGIOLA_6_N001,ANGIOLA_6_N001,RTPD,MCL,LMP_LOSS_PRC,ANGIOLA_6_N001,ALL,1,0,4,4
2022-09-01T16:45:00-00:00,2022-09-01T17:00:00-00:00,2022-09-01,10,ANGIOLA_6_N001,ANGIOLA_6_N001,ANGIOLA_6_N001,RTPD,MCL,LMP_LOSS_PRC,ANGIOLA_6_N001,ALL,1,0,4,4
2022-09-01T17:45:00-00:00,2022-09-01T18:00:00-00:00,2022-09-01,11,ANGIOLA_6_N001,ANGIOLA_6_N001,ANGIOLA_6_N001,RTPD,MCL,LMP_LOSS_PRC,ANGIOLA_6_N001,ALL,1,0,4,4
2022-09-01T18:45:00-00:00,2022-09-01T19:00:00-00:00,2022-09-01,12,ANGIOLA_6_N001,ANGIOLA_6_N001,ANGIOLA_6_N001,RTPD,MCL,LMP_LOSS_PRC,ANGIOLA_6_N001,ALL,1,0,4,4
2022-09-01T19:45:00-00:00,2022-09-01T20:00:00-00:00,2022-09-01,13,ANGIOLA_6_N001,ANGIOLA_6_N001,ANGIOLA_6_N001,RTPD,MCL,LMP_LOSS_PRC,ANGIOLA_6_N001,ALL,1,0,4,4
2022-09-01T20:45:00-00:00,2022-09-01T21:00:00-00:00,2022-09-01,14,ANGIOLA_6_N001,ANGIOLA_6_N001,ANGIOLA_6_N001,RTPD,MCL,LMP_LOSS_PRC,ANGIOLA_6_N001,ALL,1,0,4,4
2022-09-01T21:45:00-00:00,2022-09-01T22:00:00-00:00,2022-09-01,15,ANGIOLA_6_N001,ANGIOLA_6_N001,ANGIOLA_6_N001,RTPD,MCL,LMP_LOSS_PRC,ANGIOLA_6_N001,ALL,1,0,4,4
2022-09-01T22:45:00-00:00,2022-09-01T23:00:00-00:00,2022-09-01,16,ANGIOLA_6_N001,ANGIOLA_6_N001,ANGIOLA_6_N001,RTPD,MCL,LMP_LOSS_PRC,ANGIOLA_6_N001,ALL,1,0,4,4
2022-09-01T23:45:00-00:00,2022-09-02T00:00:00-00:00,2022-09-01,17,ANGIOLA_6_N001,ANGIOLA_6_N001,ANGIOLA_6_N001,RTPD,MCL,LMP_LOSS_PRC,ANGIOLA_6_N001,ALL,1,0,4,4
2022-09-02T00:45:00-00:00,2022-09-02T01:00:00-00:00,2022-09-01,18,ANGIOLA_6_N001,ANGIOLA_6_N001,ANGIOLA_6_N001,RTPD,MCL,LMP_LOSS_PRC,ANGIOLA_6_N001,ALL,1,0,4,4
2022-09-02T01:45:00-00:00,2022-09-02T02:00:00-00:00,2022-09-01,19,ANGIOLA_6_N001,ANGIOLA_6_N001,ANGIOLA_6_N001,RTPD,MCL,LMP_LOSS_PRC,ANGIOLA_6_N001,ALL,1,0,4,4
2022-09-02T02:45:00-00:00,2022-09-02T03:00:00-00:00,2022-09-01,20,ANGIOLA_6_N001,ANGIOLA_6_N001,ANGIOLA_6_N001,RTPD,MCL,LMP_LOSS_PRC,ANGIOLA_6_N001,ALL,1,335.05014,4,4
2022-09-02T03:45:00-00:00,2022-09-02T04:00:00-00:00,2022-09-01,21,ANGIOLA_6_N001,ANGIOLA_6_N001,ANGIOLA_6_N001,RTPD,MCL,LMP_LOSS_PRC,ANGIOLA_6_N001,ALL,1,30.3868,4,4
2022-09-02T04:45:00-00:00,2022-09-02T05:00:00-00:00,2022-09-01,22,ANGIOLA_6_N001,ANGIOLA_6_N001,ANGIOLA_6_N001,RTPD,MCL,LMP_LOSS_PRC,ANGIOLA_6_N001,ALL,1,29.65003,4,4
2022-09-02T05:45:00-00:00,2022-09-02T06:00:00-00:00,2022-09-01,23,ANGIOLA_6_N001,ANGIOLA_6_N001,ANGIOLA_6_N001,RTPD,MCL,LMP_LOSS_PRC,ANGIOLA_6_N001,ALL,1,23.6353,4,4
2022-09-02T06:45:00-00:00,2022-09-02T07:00:00-00:00,2022-09-01,24,ANGIOLA_6_N001,ANGIOLA_6_N001,ANGIOLA_6_N001,RTPD,MCL,LMP_LOSS_PRC,ANGIOLA_6_N001,ALL,1,19.85315,4,4
2022-09-01T07:00:00-00:00,2022-09-01T07:15:00-00:00,2022-09-01,01,ANGIOLA_6_N001,ANGIOLA_6_N001,ANGIOLA_6_N001,RTPD,MGHG,LMP_GHG_PRC,ANGIOLA_6_N001,ALL,1,0,1,5
2022-09-01T08:00:00-00:00,2022-09-01T08:15:00-00:00,2022-09-01,02,ANGIOLA_6_N001,ANGIOLA_6_N001,ANGIOLA_6_N001,RTPD,MGHG,LMP_GHG_PRC,ANGIOLA_6_N001,ALL,1,0,1,5
2022-09-01T09:00:00-00:00,2022-09-01T09:15:00-00:00,2022-09-01,03,ANGIOLA_6_N001,ANGIOLA_6_N001,ANGIOLA_6_N001,RTPD,MGHG,LMP_GHG_PRC,ANGIOLA_6_N001,ALL,1,0,1,5
2022-09-01T10:00:00-00:00,2022-09-01T10:15:00-00:00,2022-09-01,04,ANGIOLA_6_N001,ANGIOLA_6_N001,ANGIOLA_6_N001,RTPD,MGHG,LMP_GHG_PRC,ANGIOLA_6_N001,ALL,1,0,1,5
2022-09-01T11:00:00-00:00,2022-09-01T11:15:00-00:00,2022-09-01,05,ANGIOLA_6_N001,ANGIOLA_6_N001,ANGIOLA_6_N001,RTPD,MGHG,LMP_GHG_PRC,ANGIOLA_6_N001,ALL,1,0,1,5
2022-09-01T12:00:00-00:00,2022-09-01T12:15:00-00:00,2022-09-01,06,ANGIOLA_6_N001,ANGIOLA_6_N001,ANGIOLA_6_N001,RTPD,MGHG,LMP_GHG_PRC,ANGIOLA_6_N001,ALL,1,0,1,5
2022-09-01T13:00:00-00:00,2022-09-01T13:15:00-00:00,2022-09-01,07,ANGIOLA_6_N001,ANGIOLA_6_N001,ANGIOLA_6_N001,RTPD,MGHG,LMP_GHG_PRC,ANGIOLA_6_N001,ALL,1,0,1,5
2022-09-01T14:00:00-00:00,2022-09-01T14:15:00-00:00,2022-09-01,08,ANGIOLA_6_N001,ANGIOLA_6_N001,ANGIOLA_6_N001,RTPD,MGHG,LMP_GHG_PRC,ANGIOLA_6_N001,ALL,1,0,1,5
2022-09-01T15:00:00-00:00,2022-09-01T15:15:00-00:00,2022-09-01,09,ANGIOLA_6_N001,ANGIOLA_6_N001,ANGIOLA_6_N001,RTPD,MGHG,LMP_GHG_PRC,ANGIOLA_6_N001,ALL,1,0,1,5
2022-09-01T16:00:00-00:00,2022-09-01T16:15:00-00:00,2022-09-01,10,ANGIOLA_6_N001,ANGIOLA_6_N001,ANGIOLA_6_N001,RTPD,MGHG,LMP_GHG_PRC,ANGIOLA_6_N001,ALL,1,0,1,5
2022-09-01T17:00:00-00:00,2022-09-01T17:15:00-00:00,2022-09-01,11,ANGIOLA_6_N001,ANGIOLA_6_N001,ANGIOLA_6_N001,RTPD,MGHG,LMP_GHG_PRC,ANGIOLA_6_N001,ALL,1,0,1,5
2022-09-01T18:00:00-00:00,2022-09-01T18:15:00-00:00,2022-09-01,12,ANGIOLA_6_N001,ANGIOLA_6_N001,ANGIOLA_6_N001,RTPD,MGHG,LMP_GHG_PRC,ANGIOLA_6_N001,ALL,1,0,1,5
2022-09-01T19:00:00-00:00,2022-09-01T19:15:00-00:00,2022-09-01,13,ANGIOLA_6_N001,ANGIOLA_6_N001,ANGIOLA_6_N001,RTPD,MGHG,LMP_GHG_PRC,ANGIOLA_6_N001,ALL,1,0,1,5
2022-09-01T20:00:00-00:00,2022-09-01T20:15:00-00:00,2022-09-01,14,ANGIOLA_6_N001,ANGIOLA_6_N001,ANGIOLA_6_N001,RTPD,MGHG,LMP_GHG_PRC,ANGIOLA_6_N001,ALL,1,0,1,5
2022-09-01T21:00:00-00:00,2022-09-01T21:15:00-00:00,2022-09-01,15,ANGIOLA_6_N001,ANGIOLA_6_N001,ANGIOLA_6_N001,RTPD,MGHG,LMP_GHG_PRC,ANGIOLA_6_N001,ALL,1,0,1,5
2022-09-01T22:00:00-00:00,2022-09-01T22:15:00-00:00,2022-09-01,16,ANGIOLA_6_N001,ANGIOLA_6_N001,ANGIOLA_6_N001,RTPD,MGHG,LMP_GHG_PRC,ANGIOLA_6_N001,ALL,1,0,1,5
2022-09-01T23:00:00-00:00,2022-09-01T23:15:00-00:00,2022-09-01,17,ANGIOLA_6_N001,ANGIOLA_6_N001,ANGIOLA_6_N001,RTPD,MGHG,LMP_GHG_PRC,ANGIOLA_6_N001,ALL,1,0,1,5
2022-09-02T00:00:00-00:00,2022-09-02T00:15:00-00:00,2022-09-01,18,ANGIOLA_6_N001,ANGIOLA_6_N001,ANGIOLA_6_N001,RTPD,MGHG,LMP_GHG_PRC,ANGIOLA_6_N001,ALL,1,0,1,5
2022-09-02T01:00:00-00:00,2022-09-02T01:15:00-00:00,2022-09-01,19,ANGIOLA_6_N001,ANGIOLA_6_N001,ANGIOLA_6_N001,RTPD,MGHG,LMP_GHG_PRC,ANGIOLA_6_N001,ALL,1,0,1,5
2022-09-02T02:00:00-00:00,2022-09-02T02:15:00-00:00,2022-09-01,20,ANGIOLA_6_N001,ANGIOLA_6_N001,ANGIOLA_6_N001,RTPD,MGHG,LMP_GHG_PRC,ANGIOLA_6_N001,ALL,1,0,1,5
2022-09-02T03:00:00-00:00,2022-09-02T03:15:00-00:00,2022-09-01,21,ANGIOLA_6_N001,ANGIOLA_6_N001,ANGIOLA_6_N001,RTPD,MGHG,LMP_GHG_PRC,ANGIOLA_6_N001,ALL,1,0,1,5
2022-09-02T04:00:00-00:00,2022-09-02T04:15:00-00:00,2022-09-01,22,ANGIOLA_6_N001,ANGIOLA_6_N001,ANGIOLA_6_N001,RTPD,MGHG,LMP_GHG_PRC,ANGIOLA_6_N001,ALL,1,0,1,5
2022-09-02T05:00:00-00:00,2022-09-02T05:15:00-00:00,2022-09-01,23,ANGIOLA_6_N001,ANGIOLA_6_N001,ANGIOLA_6_N001,RTPD,MGHG,LMP_GHG_PRC,ANGIOLA_6_N001,ALL,1,0,1,5
2022-09-02T06:00:00-00:00,2022-09-02T06:15:00-00:00,2022-09-01,24,ANGIOLA_6_N001,ANGIOLA_6_N001,ANGIOLA_6_N001,RTPD,MGHG,LMP_GHG_PRC,ANGIOLA_6_N001,ALL,1,0,1,5
2022-09-01T07:15:00-00:00,2022-09-01T07:30:00-00:00,2022-09-01,01,ANGIOLA_6_N001,ANGIOLA_6_N001,ANGIOLA_6_N001,RTPD,MGHG,LMP_GHG_PRC,ANGIOLA_6_N001,ALL,1,0,2,5
2022-09-01T08:15:00-00:00,2022-09-01T08:30:00-00:00,2022-09-01,02,ANGIOLA_6_N001,ANGIOLA_6_N001,ANGIOLA_6_N001,RTPD,MGHG,LMP_GHG_PRC,ANGIOLA_6_N001,ALL,1,0,2,5
2022-09-01T09:15:00-00:00,2022-09-01T09:30:00-00:00,2022-09-01,03,ANGIOLA_6_N001,ANGIOLA_6_N001,ANGIOLA_6_N001,RTPD,MGHG,LMP_GHG_PRC,ANGIOLA_6_N001,ALL,1,0,2,5
2022-09-01T10:15:00-00:00,2022-09-01T10:30:00-00:00,2022-09-01,04,ANGIOLA_6_N001,ANGIOLA_6_N001,ANGIOLA_6_N001,RTPD,MGHG,LMP_GHG_PRC,ANGIOLA_6_N001,ALL,1,0,2,5
2022-09-01T11:15:00-00:00,2022-09-01T11:30:00-00:00,2022-09-01,05,ANGIOLA_6_N001,ANGIOLA_6_N001,ANGIOLA_6_N001,RTPD,MGHG,LMP_GHG_PRC,ANGIOLA_6_N001,ALL,1,0,2,5
2022-09-01T12:15:00-00:00,2022-09-01T12:30:00-00:00,2022-09-01,06,ANGIOLA_6_N001,ANGIOLA_6_N001,ANGIOLA_6_N001,RTPD,MGHG,LMP_GHG_PRC,ANGIOLA_6_N001,ALL,1,0,2,5
2022-09-01T13:15:00-00:00,2022-09-01T13:30:00-00:00,2022-09-01,07,ANGIOLA_6_N001,ANGIOLA_6_N001,ANGIOLA_6_N001,RTPD,MGHG,LMP_GHG_PRC,ANGIOLA_6_N001,ALL,1,0,2,5
2022-09-01T14:15:00-00:00,2022-09-01T14:30:00-00:00,2022-09-01,08,ANGIOLA_6_N001,ANGIOLA_6_N001,ANGIOLA_6_N001,RTPD,MGHG,LMP_GHG_PRC,ANGIOLA_6_N001,ALL,1,0,2,5
2022-09-01T15:15:00-00:00,2022-09-01T15:30:00-00:00,2022-09-01,09,ANGIOLA_6_N001,ANGIOLA_6_N001,ANGIOLA_6_N001,RTPD,MGHG,LMP_GHG_PRC,ANGIOLA_6_N001,ALL,1,0,2,5
2022-09-01T16:15:00-00:00,2022-09-01T16:30:00-00:00,2022-09-01,10,ANGIOLA_6_N001,ANGIOLA_6_N001,ANGIOLA_6_N001,RTPD,MGHG,LMP_GHG_PRC,ANGIOLA_6_N001,ALL,1,0,2,5
2022-09-01T17:15:00-00:00,2022-09-01T17:30:00-00:00,2022-09-01,11,ANGIOLA_6_N001,ANGIOLA_6_N001,ANGIOLA_6_N001,RTPD,MGHG,LMP_GHG_PRC,ANGIOLA_6_N001,ALL,1,0,2,5
2022-09-01T18:15:00-00:00,2022-09-01T18:30:00-00:00,2022-09-01,12,ANGIOLA_6_N001,ANGIOLA_6_N001,ANGIOLA_6_N001,RTPD,MGHG,LMP_GHG_PRC,ANGIOLA_6_N001,ALL,1,0,2,5
2022-09-01T19:15:00-00:00,2022-09-01T19:30:00-00:00,2022-09-01,13,ANGIOLA_6_N001,ANGIOLA_6_N001,ANGIOLA_6_N001,RTPD,MGHG,LMP_GHG_PRC,ANGIOLA_6_N001,ALL,1,0,2,5
2022-09-01T20:15:00-00:00,2022-09-01T20:30:00-00:00,2022-09-01,14,ANGIOLA_6_N001,ANGIOLA_6_N001,ANGIOLA_6_N001,RTPD,MGHG,LMP_GHG_PRC,ANGIOLA_6_N001,ALL,1,0,2,5
2022-09-01T21:15:00-00:00,2022-09-01T21:30:00-00:00,2022-09-01,15,ANGIOLA_6_N001,ANGIOLA_6_N001,ANGIOLA_6_N001,RTPD,MGHG,LMP_GHG_PRC,ANGIOLA_6_N001,ALL,1,0,2,5
2022-09-01T22:15:00-00:00,2022-09-01T22:30:00-00:00,2022-09-01,16,ANGIOLA_6_N001,ANGIOLA_6_N001,ANGIOLA_6_N001,RTPD,MGHG,LMP_GHG_PRC,ANGIOLA_6_N001,ALL,1,0,2,5
2022-09-01T23:15:00-00:00,2022-09-01T23:30:00-00:00,2022-09-01,17,ANGIOLA_6_N001,ANGIOLA_6_N001,ANGIOLA_6_N001,RTPD,MGHG,LMP_GHG_PRC,ANGIOLA_6_N001,ALL,1,0,2,5
2022-09-02T00:15:00-00:00,2022-09-02T00:30:00-00:00,2022-09-01,18,ANGIOLA_6_N001,ANGIOLA_6_N001,ANGIOLA_6_N001,RTPD,MGHG,LMP_GHG_PRC,ANGIOLA_6_N001,ALL,1,0,2,5
2022-09-02T01:15:00-00:00,2022-09-02T01:30:00-00:00,2022-09-01,19,ANGIOLA_6_N001,ANGIOLA_6_N001,ANGIOLA_6_N001,RTPD,MGHG,LMP_GHG_PRC,ANGIOLA_6_N001,ALL,1,0,2,5
2022-09-02T02:15:00-00:00,2022-09-02T02:30:00-00:00,2022-09-01,20,ANGIOLA_6_N001,ANGIOLA_6_N001,ANGIOLA_6_N001,RTPD,MGHG,LMP_GHG_PRC,ANGIOLA_6_N001,ALL,1,0,2,5
2022-09-02T03:15:00-00:00,2022-09-02T03:30:00-00:00,2022-09-01,21,ANGIOLA_6_N001,ANGIOLA_6_N001,ANGIOLA_6_N001,RTPD,MGHG,LMP_GHG_PRC,ANGIOLA_6_N001,ALL,1,0,2,5
2022-09-02T04:15:00-00:00,2022-09-02T04:30:00-00:00,2022-09-01,22,ANGIOLA_6_N001,ANGIOLA_6_N001,ANGIOLA_6_N001,RTPD,MGHG,LMP_GHG_PRC,ANGIOLA_6_N001,ALL,1,0,2,5
2022-09-02T05:15:00-00:00,2022-09-02T05:30:00-00:00,2022-09-01,23,ANGIOLA_6_N001,ANGIOLA_6_N001,ANGIOLA_6_N001,RTPD,MGHG,LMP_GHG_PRC,ANGIOLA_6_N001,ALL,1,0,2,5
2022-09-02T06:15:00-00:00,2022-09-02T06:30:00-00:00,2022-09-01,24,ANGIOLA_6_N001,ANGIOLA_6_N001,ANGIOLA_6_N001,RTPD,MGHG,LMP_GHG_PRC,ANGIOLA_6_N001,ALL,1,0,2,5
2022-09-01T07:30:00-00:00,2022-09-01T07:45:00-00:00,2022-09-01,01,ANGIOLA_6_N001,ANGIOLA_6_N001,ANGIOLA_6_N001,RTPD,MGHG,LMP_GHG_PRC,ANGIOLA_6_N001,ALL,1,0,3,5
2022-09-01T08:30:00-00:00,2022-09-01T08:45:00-00:00,2022-09-01,02,ANGIOLA_6_N001,ANGIOLA_6_N001,ANGIOLA_6_N001,RTPD,MGHG,LMP_GHG_PRC,ANGIOLA_6_N001,ALL,1,0,3,5
2022-09-01T09:30:00-00:00,2022-09-01T09:45:00-00:00,2022-09-01,03,ANGIOLA_6_N001,ANGIOLA_6_N001,ANGIOLA_6_N001,RTPD,MGHG,LMP_GHG_PRC,ANGIOLA_6_N001,ALL,1,0,3,5
2022-09-01T10:30:00-00:00,2022-09-01T10:45:00-00:00,2022-09-01,04,ANGIOLA_6_N001,ANGIOLA_6_N001,ANGIOLA_6_N001,RTPD,MGHG,LMP_GHG_PRC,ANGIOLA_6_N001,ALL,1,0,3,5
2022-09-01T11:30:00-00:00,2022-09-01T11:45:00-00:00,2022-09-01,05,ANGIOLA_6_N001,ANGIOLA_6_N001,ANGIOLA_6_N001,RTPD,MGHG,LMP_GHG_PRC,ANGIOLA_6_N001,ALL,1,0,3,5
2022-09-01T12:30:00-00:00,2022-09-01T12:45:00-00:00,2022-09-01,06,ANGIOLA_6_N001,ANGIOLA_6_N001,ANGIOLA_6_N001,RTPD,MGHG,LMP_GHG_PRC,ANGIOLA_6_N001,ALL,1,0,3,5
2022-09-01T13:30:00-00:00,2022-09-01T13:45:00-00:00,2022-09-01,07,ANGIOLA_6_N001,ANGIOLA_6_N001,ANGIOLA_6_N001,RTPD,MGHG,LMP_GHG_PRC,ANGIOLA_6_N001,ALL,1,0,3,5
2022-09-01T14:30:00-00:00,2022-09-01T14:45:00-00:00,2022-09-01,08,ANGIOLA_6_N001,ANGIOLA_6_N001,ANGIOLA_6_N001,RTPD,MGHG,LMP_GHG_PRC,ANGIOLA_6_N001,ALL,1,0,3,5
2022-09-01T15:30:00-00:00,2022-09-01T15:45:00-00:00,2022-09-01,09,ANGIOLA_6_N001,ANGIOLA_6_N001,ANGIOLA_6_N001,RTPD,MGHG,LMP_GHG_PRC,ANGIOLA_6_N001,ALL,1,0,3,5
2022-09-01T16:30:00-00:00,2022-09-01T16:45:00-00:00,2022-09-01,10,ANGIOLA_6_N001,ANGIOLA_6_N001,ANGIOLA_6_N001,RTPD,MGHG,LMP_GHG_PRC,ANGIOLA_6_N001,ALL,1,0,3,5
2022-09-01T17:30:00-00:00,2022-09-01T17:45:00-00:00,2022-09-01,11,ANGIOLA_6_N001,ANGIOLA_6_N001,ANGIOLA_6_N001,RTPD,MGHG,LMP_GHG_PRC,ANGIOLA_6_N001,ALL,1,0,3,5
2022-09-01T18:30:00-00:00,2022-09-01T18:45:00-00:00,2022-09-01,12,ANGIOLA_6_N001,ANGIOLA_6_N001,ANGIOLA_6_N001,RTPD,MGHG,LMP_GHG_PRC,ANGIOLA_6_N001,ALL,1,0,3,5
2022-09-01T19:30:00-00:00,2022-09-01T19:45:00-00:00,2022-09-01,13,ANGIOLA_6_N001,ANGIOLA_6_N001,ANGIOLA_6_N001,RTPD,MGHG,LMP_GHG_PRC,ANGIOLA_6_N001,ALL,1,0,3,5
2022-09-01T20:30:00-00:00,2022-09-01T20:45:00-00:00,2022-09-01,14,ANGIOLA_6_N001,ANGIOLA_6_N001,ANGIOLA_6_N001,RTPD,MGHG,LMP_GHG_PRC,ANGIOLA_6_N001,ALL,1,0,3,5
2022-09-01T21:30:00-00:00,2022-09-01T21:45:00-00:00,2022-09-01,15,ANGIOLA_6_N001,ANGIOLA_6_N001,ANGIOLA_6_N001,RTPD,MGHG,LMP_GHG_PRC,ANGIOLA_6_N001,ALL,1,0,3,5
2022-09-01T22:30:00-00:00,2022-09-01T22:45:00-00:00,2022-09-01,16,ANGIOLA_6_N001,ANGIOLA_6_N001,ANGIOLA_6_N001,RTPD,MGHG,LMP_GHG_PRC,ANGIOLA_6_N001,ALL,1,0,3,5
2022-09-01T23:30:00-00:00,2022-09-01T23:45:00-00:00,2022-09-01,17,ANGIOLA_6_N001,ANGIOLA_6_N001,ANGIOLA_6_N001,RTPD,MGHG,LMP_GHG_PRC,ANGIOLA_6_N001,ALL,1,0,3,5
2022-09-02T00:30:00-00:00,2022-09-02T00:45:00-00:00,2022-09-01,18,ANGIOLA_6_N001,ANGIOLA_6_N001,ANGIOLA_6_N001,RTPD,MGHG,LMP_GHG_PRC,ANGIOLA_6_N001,ALL,1,0,3,5
2022-09-02T01:30:00-00:00,2022-09-02T01:45:00-00:00,2022-09-01,19,ANGIOLA_6_N001,ANGIOLA_6_N001,ANGIOLA_6_N001,RTPD,MGHG,LMP_GHG_PRC,ANGIOLA_6_N001,ALL,1,0,3,5
2022-09-02T02:30:00-00:00,2022-09-02T02:45:00-00:00,2022-09-01,20,ANGIOLA_6_N001,ANGIOLA_6_N001,ANGIOLA_6_N001,RTPD,MGHG,LMP_GHG_PRC,ANGIOLA_6_N001,ALL,1,0,3,5
2022-09-02T03:30:00-00:00,2022-09-02T03:45:00-00:00,2022-09-01,21,ANGIOLA_6_N001,ANGIOLA_6_N001,ANGIOLA_6_N001,RTPD,MGHG,LMP_GHG_PRC,ANGIOLA_6_N001,ALL,1,0,3,5
2022-09-02T04:30:00-00:00,2022-09-02T04:45:00-00:00,2022-09-01,22,ANGIOLA_6_N001,ANGIOLA_6_N001,ANGIOLA_6_N001,RTPD,MGHG,LMP_GHG_PRC,ANGIOLA_6_N001,ALL,1,0,3,5
2022-09-02T05:30:00-00:00,2022-09-02T05:45:00-00:00,2022-09-01,23,ANGIOLA_6_N001,ANGIOLA_6_N001,ANGIOLA_6_N001,RTPD,MGHG,LMP_GHG_PRC,ANGIOLA_6_N001,ALL,1,0,3,5
2022-09-02T06:30:00-00:00,2022-09-02T06:45:00-00:00,2022-09-01,24,ANGIOLA_6_N001,ANGIOLA_6_N001,ANGIOLA_6_N001,RTPD,MGHG,LMP_GHG_PRC,ANGIOLA_6_N001,ALL,1,0,3,5
2022-09-01T07:45:00-00:00,2022-09-01T08:00:00-00:00,2022-09-01,01,ANGIOLA_6_N001,ANGIOLA_6_N001,ANGIOLA_6_N001,RTPD,MGHG,LMP_GHG_PRC,ANGIOLA_6_N001,ALL,1,0,4,5
2022-09-01T08:45:00-00:00,2022-09-01T09:00:00-00:00,2022-09-01,02,ANGIOLA_6_N001,ANGIOLA_6_N001,ANGIOLA_6_N001,RTPD,MGHG,LMP_GHG_PRC,ANGIOLA_6_N001,ALL,1,0,4,5
2022-09-01T09:45:00-00:00,2022-09-01T10:00:00-00:00,2022-09-01,03,ANGIOLA_6_N001,ANGIOLA_6_N001,ANGIOLA_6_N001,RTPD,MGHG,LMP_GHG_PRC,ANGIOLA_6_N001,ALL,1,0,4,5
2022-09-01T10:45:00-00:00,2022-09-01T11:00:00-00:00,2022-09-01,04,ANGIOLA_6_N001,ANGIOLA_6_N001,ANGIOLA_6_N001,RTPD,MGHG,LMP_GHG_PRC,ANGIOLA_6_N001,ALL,1,0,4,5
2022-09-01T11:45:00-00:00,2022-09-01T12:00:00-00:00,2022-09-01,05,ANGIOLA_6_N001,ANGIOLA_6_N001,ANGIOLA_6_N001,RTPD,MGHG,LMP_GHG_PRC,ANGIOLA_6_N001,ALL,1,0,4,5
2022-09-01T12:45:00-00:00,2022-09-01T13:00:00-00:00,2022-09-01,06,ANGIOLA_6_N001,ANGIOLA_6_N001,ANGIOLA_6_N001,RTPD,MGHG,LMP_GHG_PRC,ANGIOLA_6_N001,ALL,1,0,4,5
2022-09-01T13:45:00-00:00,2022-09-01T14:00:00-00:00,2022-09-01,07,ANGIOLA_6_N001,ANGIOLA_6_N001,ANGIOLA_6_N001,RTPD,MGHG,LMP_GHG_PRC,ANGIOLA_6_N001,ALL,1,0,4,5
2022-09-01T14:45:00-00:00,2022-09-01T15:00:00-00:00,2022-09-01,08,ANGIOLA_6_N001,ANGIOLA_6_N001,ANGIOLA_6_N001,RTPD,MGHG,LMP_GHG_PRC,ANGIOLA_6_N001,ALL,1,0,4,5
2022-09-01T15:45:00-00:00,2022-09-01T16:00:00-00:00,2022-09-01,09,ANGIOLA_6_N001,ANGIOLA_6_N001,ANGIOLA_6_N001,RTPD,MGHG,LMP_GHG_PRC,ANGIOLA_6_N001,ALL,1,0,4,5
2022-09-01T16:45:00-00:00,2022-09-01T17:00:00-00:00,2022-09-01,10,ANGIOLA_6_N001,ANGIOLA_6_N001,ANGIOLA_6_N001,RTPD,MGHG,LMP_GHG_PRC,ANGIOLA_6_N001,ALL,1,0,4,5
2022-09-01T17:45:00-00:00,2022-09-01T18:00:00-00:00,2022-09-01,11,ANGIOLA_6_N001,ANGIOLA_6_N001,ANGIOLA_6_N001,RTPD,MGHG,LMP_GHG_PRC,ANGIOLA_6_N001,ALL,1,0,4,5
2022-09-01T18:45:00-00:00,2022-09-01T19:00:00-00:00,2022-09-01,12,ANGIOLA_6_N001,ANGIOLA_6_N001,ANGIOLA_6_N001,RTPD,MGHG,LMP_GHG_PRC,ANGIOLA_6_N001,ALL,1,0,4,5
2022-09-01T19:45:00-00:00,2022-09-01T20:00:00-00:00,2022-09-01,13,ANGIOLA_6_N001,ANGIOLA_6_N001,ANGIOLA_6_N001,RTPD,MGHG,LMP_GHG_PRC,ANGIOLA_6_N001,ALL,1,0,4,5
2022-09-01T20:45:00-00:00,2022-09-01T21:00:00-00:00,2022-09-01,14,ANGIOLA_6_N001,ANGIOLA_6_N001,ANGIOLA_6_N001,RTPD,MGHG,LMP_GHG_PRC,ANGIOLA_6_N001,ALL,1,0,4,5
2022-09-01T21:45:00-00:00,2022-09-01T22:00:00-00:00,2022-09-01,15,ANGIOLA_6_N001,ANGIOLA_6_N001,ANGIOLA_6_N001,RTPD,MGHG,LMP_GHG_PRC,ANGIOLA_6_N001,ALL,1,0,4,5
2022-09-01T22:45:00-00:00,2022-09-01T23:00:00-00:00,2022-09-01,16,ANGIOLA_6_N001,ANGIOLA_6_N001,ANGIOLA_6_N001,RTPD,MGHG,LMP_GHG_PRC,ANGIOLA_6_N001,ALL,1,0,4,5
2022-09-01T23:45:00-00:00,2022-09-02T00:00:00-00:00,2022-09-01,17,ANGIOLA_6_N001,ANGIOLA_6_N001,ANGIOLA_6_N001,RTPD,MGHG,LMP_GHG_PRC,ANGIOLA_6_N001,ALL,1,0,4,5
2022-09-02T00:45:00-00:00,2022-09-02T01:00:00-00:00,2022-09-01,18,ANGIOLA_6_N001,ANGIOLA_6_N001,ANGIOLA_6_N001,RTPD,MGHG,LMP_GHG_PRC,ANGIOLA_6_N001,ALL,1,0,4,5
2022-09-02T01:45:00-00:00,2022-09-02T02:00:00-00:00,2022-09-01,19,ANGIOLA_6_N001,ANGIOLA_6_N001,ANGIOLA_6_N001,RTPD,MGHG,LMP_GHG_PRC,ANGIOLA_6_N001,ALL,1,0,4,5
2022-09-02T02:45:00-00:00,2022-09-02T03:00:00-00:00,2022-09-01,20,ANGIOLA_6_N001,ANGIOLA_6_N001,ANGIOLA_6_N001,RTPD,MGHG,LMP_GHG_PRC,ANGIOLA_6_N001,ALL,1,0,4,5
2022-09-02T03:45:00-00:00,2022-09-02T04:00:00-00:00,2022-09-01,21,ANGIOLA_6_N001,ANGIOLA_6_N001,ANGIOLA_6_N001,RTPD,MGHG,LMP_GHG_PRC,ANGIOLA_6_N001,ALL,1,0,4,5
2022-09-02T04:45:00-00:00,2022-09-02T05:00:00-00:00,2022-09-01,22,ANGIOLA_6_N001,ANGIOLA_6_N001,ANGIOLA_6_N001,RTPD,MGHG,LMP_GHG_PRC,ANGIOLA_6_N001,ALL,1,0,4,5
2022-09-02T05:45:00-00:00,2022-09-02T06:00:00-00:00,2022-09-01,23,ANGIOLA_6_N001,ANGIOLA_6_N001,ANGIOLA_6_N001,RTPD,MGHG,LMP_GHG_PRC,ANGIOLA_6_N001,ALL,1,0,4,5
2022-09-02T06:45:00-00:00,2022-09-02T07:00:00-00:00,2022-09-01,24,ANGIOLA_6_N001,ANGIOLA_6_N001,ANGIOLA_6_N001,RTPD,MGHG,LMP_GHG_PRC,ANGIOLA_6_N001,ALL,1,0,4,5
