INTERVALSTARTTIME_GMT,INTERVALENDTIME_GMT,OPR_DT,OPR_HR,NODE_ID_XML,NODE_ID,NODE,MARKET_RUN_ID,LMP_TYPE,XML_DATA_ITEM,PNODE_RESMRID,GRP_TYPE,POS,PRC,OPR_INTERVAL,GROUP
2022-09-01T07:00:00-00:00,2022-09-01T07:15:00-00:00,2022-09-01,01,RPP2_6_CTG2GNODE,RPP2_6_CTG2GNODE,RPP2_6_CTG2GNODE,RTPD,LMP,LMP_PRC,RPP2_6_CTG2GNODE,ALL,1,86.73314,1,1
2022-09-01T08:00:00-00:00,2022-09-01T08:15:00-00:00,2022-09-01,02,RPP2_6_CTG2GNODE,RPP2_6_CTG2GNODE,RPP2_6_CTG2GNODE,RTPD,LMP,LMP_PRC,RPP2_6_CTG2GNODE,ALL,1,112.28317,1,1
2022-09-01T09:00:00-00:00,2022-09-01T09:15:00-00:00,2022-09-01,03,RPP2_6_CTG2GNODE,RPP2_6_CTG2GNODE,RPP2_6_CTG2GNODE,RTPD,LMP,LMP_PRC,RPP2_6_CTG2GNODE,ALL,1,95.16514,1,1
2022-09-01T10:00:00-00:00,2022-09-01T10:15:00-00:00,2022-09-01,04,RPP2_6_CTG2GNODE,RPP2_6_CTG2GNODE,RPP2_6_CTG2GNODE,RTPD,LMP,LMP_PRC,RPP2_6_CTG2GNODE,ALL,1,94.86985,1,1
2022-09-01T11:00:00-00:00,2022-09-01T11:15:00-00:00,2022-09-01,05,RPP2_6_CTG2GNODE,RPP2_6_CTG2GNODE,RPP2_6_CTG2GNODE,RTPD,LMP,LMP_PRC,RPP2_6_CTG2GNODE,ALL,1,102.50825,1,1
2022-09-01T12:00:00-00:00,2022-09-01T12:15:00-00:00,2022-09-01,06,RPP2_6_CTG2GNODE,RPP2_6_CTG2GNODE,RPP2_6_CTG2GNODE,RTPD,LMP,LMP_PRC,RPP2_6_CTG2GNODE,ALL,1,86.43124,1,1
2022-09-01T13:00:00-00:00,2022-09-01T13:15:00-00:00,2022-09-01,07,RPP2_6_CTG2GNODE,RPP2_6_CTG2GNODE,RPP2_6_CTG2GNODE,RTPD,LMP,LMP_PRC,RPP2_6_CTG2GNODE,ALL,1,88.92816,1,1
2022-09-01T14:00:00-00:00,2022-09-01T14:15:00-00:00,2022-09-01,08,RPP2_6_CTG2GNODE,RPP2_6_CTG2GNODE,RPP2_6_CTG2GNODE,RTPD,LMP,LMP_PRC,RPP2_6_CTG2GNODE,ALL,1,112.57765,1,1
2022-09-01T15:00:00-00:00,2022-09-01T15:15:00-00:00,2022-09-01,09,RPP2_6_CTG2GNODE,RPP2_6_CTG2GNODE,RPP2_6_CTG2GNODE,RTPD,LMP,LMP_PRC,RPP2_6_CTG2GNODE,ALL,1,97.4124,1,1
2022-09-01T16:00:00-00:00,2022-09-01T16:15:00-00:00,2022-09-01,10,RPP2_6_CTG2GNODE,RPP2_6_CTG2GNODE,RPP2_6_CTG2GNODE,RTPD,LMP,LMP_PRC,RPP2_6_CTG2GNODE,ALL,1,83.43645,1,1
2022-09-01T17:00:00-00:00,2022-09-01T17:15:00-00:00,2022-09-01,11,RPP2_6_CTG2GNODE,RPP2_6_CTG2GNODE,RPP2_6_CTG2GNODE,RTPD,LMP,LMP_PRC,RPP2_6_CTG2GNODE,ALL,1,80.58359,1,1
2022-09-01T18:00:00-00:00,2022-09-01T18:15:00-00:00,2022-09-01,12,RPP2_6_CTG2GNODE,RPP2_6_CTG2GNODE,RPP2_6_CTG2GNODE,RTPD,LMP,LMP_PRC,RPP2_6_CTG2GNODE,ALL,1,59.80451,1,1
2022-09-01T19:00:00-00:00,2022-09-01T19:15:00-00:00,2022-09-01,13,RPP2_6_CTG2GNODE,RPP2_6_CTG2GNODE,RPP2_6_CTG2GNODE,RTPD,LMP,LMP_PRC,RPP2_6_CTG2GNODE,ALL,1,74.09786,1,1
2022-09-01T20:00:00-00:00,2022-09-01T20:15:00-00:00,2022-09-01,14,RPP2_6_CTG2GNODE,RPP2_6_CTG2GNODE,RPP2_6_CTG2GNODE,RTPD,LMP,LMP_PRC,RPP2_6_CTG2GNODE,ALL,1,114.49385,1,1
2022-09-01T21:00:00-00:00,2022-09-01T21:15:00-00:00,2022-09-01,15,RPP2_6_CTG2GNODE,RPP2_6_CTG2GNODE,RPP2_6_CTG2GNODE,RTPD,LMP,LMP_PRC,RPP2_6_CTG2GNODE,ALL,1,128.81229,1,1
2022-09-01T22:00:00-00:00,2022-09-01T22:15:00-00:00,2022-09-01,16,RPP2_6_CTG2GNODE,RPP2_6_CTG2GNODE,RPP2_6_CTG2GNODE,RTPD,LMP,LMP_PRC,RPP2_6_CTG2GNODE,ALL,1,123.28042,1,1
2022-09-01T23:00:00-00:00,2022-09-01T23:15:00-00:00,2022-09-01,17,RPP2_6_CTG2GNODE,RPP2_6_CTG2GNODE,RPP2_6_CTG2GNODE,RTPD,LMP,LMP_PRC,RPP2_6_CTG2GNODE,ALL,1,219.81409,1,1
2022-09-02T00:00:00-00:00,2022-09-02T00:15:00-00:00,2022-09-01,18,RPP2_6_CTG2GNODE,RPP2_6_CTG2GNODE,RPP2_6_CTG2GNODE,RTPD,LMP,LMP_PRC,RPP2_6_CTG2GNODE,ALL,1,1123.3892,1,1
2022-09-02T01:00:00-00:00,2022-09-02T01:15:00-00:00,2022-09-01,19,RPP2_6_CTG2GNODE,RPP2_6_CTG2GNODE,RPP2_6_CTG2GNODE,RTPD,LMP,LMP_PRC,RPP2_6_CTG2GNODE,ALL,1,1234.1796,1,1
2022-09-02T02:00:00-00:00,2022-09-02T02:15:00-00:00,2022-09-01,20,RPP2_6_CTG2GNODE,RPP2_6_CTG2GNODE,RPP2_6_CTG2GNODE,RTPD,LMP,LMP_PRC,RPP2_6_CTG2GNODE,ALL,1,1991.671,1,1
2022-09-02T03:00:00-00:00,2022-09-02T03:15:00-00:00,2022-09-01,21,RPP2_6_CTG2GNODE,RPP2_6_CTG2GNODE,RPP2_6_CTG2GNODE,RTPD,LMP,LMP_PRC,RPP2_6_CTG2GNODE,ALL,1,1359.4506,1,1
2022-09-02T04:00:00-00:00,2022-09-02T04:15:00-00:00,2022-09-01,22,RPP2_6_CTG2GNODE,RPP2_6_CTG2GNODE,RPP2_6_CTG2GNODE,RTPD,LMP,LMP_PRC,RPP2_6_CTG2GNODE,ALL,1,264.3519,1,1
2022-09-02T05:00:00-00:00,2022-09-02T05:15:00-00:00,2022-09-01,23,RPP2_6_CTG2GNODE,RPP2_6_CTG2GNODE,RPP2_6_CTG2GNODE,RTPD,LMP,LMP_PRC,RPP2_6_CTG2GNODE,ALL,1,187.3342,1,1
2022-09-02T06:00:00-00:00,2022-09-02T06:15:00-00:00,2022-09-01,24,RPP2_6_CTG2GNODE,RPP2_6_CTG2GNODE,RPP2_6_CTG2GNODE,RTPD,LMP,LMP_PRC,RPP2_6_CTG2GNODE,ALL,1,161.12413,1,1
2022-09-01T07:15:00-00:00,2022-09-01T07:30:00-00:00,2022-09-01,01,RPP2_6_CTG2GNODE,RPP2_6_CTG2GNODE,RPP2_6_CTG2GNODE,RTPD,LMP,LMP_PRC,RPP2_6_CTG2GNODE,ALL,1,115.75621,2,1
2022-09-01T08:15:00-00:00,2022-09-01T08:30:00-00:00,2022-09-01,02,RPP2_6_CTG2GNODE,RPP2_6_CTG2GNODE,RPP2_6_CTG2GNODE,RTPD,LMP,LMP_PRC,RPP2_6_CTG2GNODE,ALL,1,114.64116,2,1
2022-09-01T09:15:00-00:00,2022-09-01T09:30:00-00:00,2022-09-01,03,RPP2_6_CTG2GNODE,RPP2_6_CTG2GNODE,RPP2_6_CTG2GNODE,RTPD,LMP,LMP_PRC,RPP2_6_CTG2GNODE,ALL,1,92.46444,2,1
2022-09-01T10:15:00-00:00,2022-09-01T10:30:00-00:00,2022-09-01,04,RPP2_6_CTG2GNODE,RPP2_6_CTG2GNODE,RPP2_6_CTG2GNODE,RTPD,LMP,LMP_PRC,RPP2_6_CTG2GNODE,ALL,1,91.57266,2,1
2022-09-01T11:15:00-00:00,2022-09-01T11:30:00-00:00,2022-09-01,05,RPP2_6_CTG2GNODE,RPP2_6_CTG2GNODE,RPP2_6_CTG2GNODE,RTPD,LMP,LMP_PRC,RPP2_6_CTG2GNODE,ALL,1,102.99901,2,1
2022-09-01T12:15:00-00:00,2022-09-01T12:30:00-00:00,2022-09-01,06,RPP2_6_CTG2GNODE,RPP2_6_CTG2GNODE,RPP2_6_CTG2GNODE,RTPD,LMP,LMP_PRC,RPP2_6_CTG2GNODE,ALL,1,102.60269,2,1
2022-09-01T13:15:00-00:00,2022-09-01T13:30:00-00:00,2022-09-01,07,RPP2_6_CTG2GNODE,RPP2_6_CTG2GNODE,RPP2_6_CTG2GNODE,RTPD,LMP,LMP_PRC,RPP2_6_CTG2GNODE,ALL,1,109.85961,2,1
2022-09-01T14:15:00-00:00,2022-09-01T14:30:00-00:00,2022-09-01,08,RPP2_6_CTG2GNODE,RPP2_6_CTG2GNODE,RPP2_6_CTG2GNODE,RTPD,LMP,LMP_PRC,RPP2_6_CTG2GNODE,ALL,1,106.22181,2,1
2022-09-01T15:15:00-00:00,2022-09-01T15:30:00-00:00,2022-09-01,09,RPP2_6_CTG2GNODE,RPP2_6_CTG2GNODE,RPP2_6_CTG2GNODE,RTPD,LMP,LMP_PRC,RPP2_6_CTG2GNODE,ALL,1,86.94,2,1
2022-09-01T16:15:00-00:00,2022-09-01T16:30:00-00:00,2022-09-01,10,RPP2_6_CTG2GNODE,RPP2_6_CTG2GNODE,RPP2_6_CTG2GNODE,RTPD,LMP,LMP_PRC,RPP2_6_CTG2GNODE,ALL,1,87.84767,2,1
2022-09-01T17:15:00-00:00,2022-09-01T17:30:00-00:00,2022-09-01,11,RPP2_6_CTG2GNODE,RPP2_6_CTG2GNODE,RPP2_6_CTG2GNODE,RTPD,LMP,LMP_PRC,RPP2_6_CTG2GNODE,ALL,1,79.41247,2,1
2022-09-01T18:15:00-00:00,2022-09-01T18:30:00-00:00,2022-09-01,12,RPP2_6_CTG2GNODE,RPP2_6_CTG2GNODE,RPP2_6_CTG2GNODE,RTPD,LMP,LMP_PRC,RPP2_6_CTG2GNODE,ALL,1,75.27382,2,1
2022-09-01T19:15:00-00:00,2022-09-01T19:30:00-00:00,2022-09-01,13,RPP2_6_CTG2GNODE,RPP2_6_CTG2GNODE,RPP2_6_CTG2GNODE,RTPD,LMP,LMP_PRC,RPP2_6_CTG2GNODE,ALL,1,76.40341,2,1
2022-09-01T20:15:00-00:00,2022-09-01T20:30:00-00:00,2022-09-01,14,RPP2_6_CTG2GNODE,RPP2_6_CTG2GNODE,RPP2_6_CTG2GNODE,RTPD,LMP,LMP_PRC,RPP2_6_CTG2GNODE,ALL,1,114.37106,2,1
2022-09-01T21:15:00-00:00,2022-09-01T21:30:00-00:00,2022-09-01,15,RPP2_6_CTG2GNODE,RPP2_6_CTG2GNODE,RPP2_6_CTG2GNODE,RTPD,LMP,LMP_PRC,RPP2_6_CTG2GNODE,ALL,1,120.78099,2,1
2022-09-01T22:15:00-00:00,2022-09-01T22:30:00-00:00,2022-09-01,16,RPP2_6_CTG2GNODE,RPP2_6_CTG2GNODE,RPP2_6_CTG2GNODE,RTPD,LMP,LMP_PRC,RPP2_6_CTG2GNODE,ALL,1,140.40775,2,1
2022-09-01T23:15:00-00:00,2022-09-01T23:30:00-00:00,2022-09-01,17,RPP2_6_CTG2GNODE,RPP2_6_CTG2GNODE,RPP2_6_CTG2GNODE,RTPD,LMP,LMP_PRC,RPP2_6_CTG2GNODE,ALL,1,264.75967,2,1
2022-09-02T00:15:00-00:00,2022-09-02T00:30:00-00:00,2022-09-01,18,RPP2_6_CTG2GNODE,RPP2_6_CTG2GNODE,RPP2_6_CTG2GNODE,RTPD,LMP,LMP_PRC,RPP2_6_CTG2GNODE,ALL,1,1033.6627,2,1
2022-09-02T01:15:00-00:00,2022-09-02T01:30:00-00:00,2022-09-01,19,RPP2_6_CTG2GNODE,RPP2_6_CTG2GNODE,RPP2_6_CTG2GNODE,RTPD,LMP,LMP_PRC,RPP2_6_CTG2GNODE,ALL,1,1999.9945,2,1
2022-09-02T02:15:00-00:00,2022-09-02T02:30:00-00:00,2022-09-01,20,RPP2_6_CTG2GNODE,RPP2_6_CTG2GNODE,RPP2_6_CTG2GNODE,RTPD,LMP,LMP_PRC,RPP2_6_CTG2GNODE,ALL,1,1991.671,2,1
2022-09-02T03:15:00-00:00,2022-09-02T03:30:00-00:00,2022-09-01,21,RPP2_6_CTG2GNODE,RPP2_6_CTG2GNODE,RPP2_6_CTG2GNODE,RTPD,LMP,LMP_PRC,RPP2_6_CTG2GNODE,ALL,1,559.99286,2,1
2022-09-02T04:15:00-00:00,2022-09-02T04:30:00-00:00,2022-09-01,22,RPP2_6_CTG2GNODE,RPP2_6_CTG2GNODE,RPP2_6_CTG2GNODE,RTPD,LMP,LMP_PRC,RPP2_6_CTG2GNODE,ALL,1,229.53638,2,1
2022-09-02T05:15:00-00:00,2022-09-02T05:30:00-00:00,2022-09-01,23,RPP2_6_CTG2GNODE,RPP2_6_CTG2GNODE,RPP2_6_CTG2GNODE,RTPD,LMP,LMP_PRC,RPP2_6_CTG2GNODE,ALL,1,160.09065,2,1
2022-09-02T06:15:00-00:00,2022-09-02T06:30:00-00:00,2022-09-01,24,RPP2_6_CTG2GNODE,RPP2_6_CTG2GNODE,RPP2_6_CTG2GNODE,RTPD,LMP,LMP_PRC,RPP2_6_CTG2GNODE,ALL,1,143.77428,2,1
2022-09-01T07:30:00-00:00,2022-09-01T07:45:00-00:00,2022-09-01,01,RPP2_6_CTG2GNODE,RPP2_6_CTG2GNODE,RPP2_6_CTG2GNODE,RTPD,LMP,LMP_PRC,RPP2_6_CTG2GNODE,ALL,1,103.24015,3,1
2022-09-01T08:30:00-00:00,2022-09-01T08:45:00-00:00,2022-09-01,02,RPP2_6_CTG2GNODE,RPP2_6_CTG2GNODE,RPP2_6_CTG2GNODE,RTPD,LMP,LMP_PRC,RPP2_6_CTG2GNODE,ALL,1,111.47944,3,1
2022-09-01T09:30:00-00:00,2022-09-01T09:45:00-00:00,2022-09-01,03,RPP2_6_CTG2GNODE,RPP2_6_CTG2GNODE,RPP2_6_CTG2GNODE,RTPD,LMP,LMP_PRC,RPP2_6_CTG2GNODE,ALL,1,92.22581,3,1
2022-09-01T10:30:00-00:00,2022-09-01T10:45:00-00:00,2022-09-01,04,RPP2_6_CTG2GNODE,RPP2_6_CTG2GNODE,RPP2_6_CTG2GNODE,RTPD,LMP,LMP_PRC,RPP2_6_CTG2GNODE,ALL,1,93.34526,3,1
2022-09-01T11:30:00-00:00,2022-09-01T11:45:00-00:00,2022-09-01,05,RPP2_6_CTG2GNODE,RPP2_6_CTG2GNODE,RPP2_6_CTG2GNODE,RTPD,LMP,LMP_PRC,RPP2_6_CTG2GNODE,ALL,1,102.91889,3,1
2022-09-01T12:30:00-00:00,2022-09-01T12:45:00-00:00,2022-09-01,06,RPP2_6_CTG2GNODE,RPP2_6_CTG2GNODE,RPP2_6_CTG2GNODE,RTPD,LMP,LMP_PRC,RPP2_6_CTG2GNODE,ALL,1,102.60674,3,1
2022-09-01T13:30:00-00:00,2022-09-01T13:45:00-00:00,2022-09-01,07,RPP2_6_CTG2GNODE,RPP2_6_CTG2GNODE,RPP2_6_CTG2GNODE,RTPD,LMP,LMP_PRC,RPP2_6_CTG2GNODE,ALL,1,111.19564,3,1
2022-09-01T14:30:00-00:00,2022-09-01T14:45:00-00:00,2022-09-01,08,RPP2_6_CTG2GNODE,RPP2_6_CTG2GNODE,RPP2_6_CTG2GNODE,RTPD,LMP,LMP_PRC,RPP2_6_CTG2GNODE,ALL,1,103.45223,3,1
2022-09-01T15:30:00-00:00,2022-09-01T15:45:00-00:00,2022-09-01,09,RPP2_6_CTG2GNODE,RPP2_6_CTG2GNODE,RPP2_6_CTG2GNODE,RTPD,LMP,LMP_PRC,RPP2_6_CTG2GNODE,ALL,1,86.14,3,1
2022-09-01T16:30:00-00:00,2022-09-01T16:45:00-00:00,2022-09-01,10,RPP2_6_CTG2GNODE,RPP2_6_CTG2GNODE,RPP2_6_CTG2GNODE,RTPD,LMP,LMP_PRC,RPP2_6_CTG2GNODE,ALL,1,75.38128,3,1
2022-09-01T17:30:00-00:00,2022-09-01T17:45:00-00:00,2022-09-01,11,RPP2_6_CTG2GNODE,RPP2_6_CTG2GNODE,RPP2_6_CTG2GNODE,RTPD,LMP,LMP_PRC,RPP2_6_CTG2GNODE,ALL,1,79.1204,3,1
2022-09-01T18:30:00-00:00,2022-09-01T18:45:00-00:00,2022-09-01,12,RPP2_6_CTG2GNODE,RPP2_6_CTG2GNODE,RPP2_6_CTG2GNODE,RTPD,LMP,LMP_PRC,RPP2_6_CTG2GNODE,ALL,1,80.06054,3,1
2022-09-01T19:30:00-00:00,2022-09-01T19:45:00-00:00,2022-09-01,13,RPP2_6_CTG2GNODE,RPP2_6_CTG2GNODE,RPP2_6_CTG2GNODE,RTPD,LMP,LMP_PRC,RPP2_6_CTG2GNODE,ALL,1,101.63908,3,1
2022-09-01T20:30:00-00:00,2022-09-01T20:45:00-00:00,2022-09-01,14,RPP2_6_CTG2GNODE,RPP2_6_CTG2GNODE,RPP2_6_CTG2GNODE,RTPD,LMP,LMP_PRC,RPP2_6_CTG2GNODE,ALL,1,117.21111,3,1
2022-09-01T21:30:00-00:00,2022-09-01T21:45:00-00:00,2022-09-01,15,RPP2_6_CTG2GNODE,RPP2_6_CTG2GNODE,RPP2_6_CTG2GNODE,RTPD,LMP,LMP_PRC,RPP2_6_CTG2GNODE,ALL,1,128.65002,3,1
2022-09-01T22:30:00-00:00,2022-09-01T22:45:00-00:00,2022-09-01,16,RPP2_6_CTG2GNODE,RPP2_6_CTG2GNODE,RPP2_6_CTG2GNODE,RTPD,LMP,LMP_PRC,RPP2_6_CTG2GNODE,ALL,1,158.26,3,1
2022-09-01T23:30:00-00:00,2022-09-01T23:45:00-00:00,2022-09-01,17,RPP2_6_CTG2GNODE,RPP2_6_CTG2GNODE,RPP2_6_CTG2GNODE,RTPD,LMP,LMP_PRC,RPP2_6_CTG2GNODE,ALL,1,566.4828,3,1
2022-09-02T00:30:00-00:00,2022-09-02T00:45:00-00:00,2022-09-01,18,RPP2_6_CTG2GNODE,RPP2_6_CTG2GNODE,RPP2_6_CTG2GNODE,RTPD,LMP,LMP_PRC,RPP2_6_CTG2GNODE,ALL,1,1770.7845,3,1
2022-09-02T01:30:00-00:00,2022-09-02T01:45:00-00:00,2022-09-01,19,RPP2_6_CTG2GNODE,RPP2_6_CTG2GNODE,RPP2_6_CTG2GNODE,RTPD,LMP,LMP_PRC,RPP2_6_CTG2GNODE,ALL,1,1999.9944,3,1
2022-09-02T02:30:00-00:00,2022-09-02T02:45:00-00:00,2022-09-01,20,RPP2_6_CTG2GNODE,RPP2_6_CTG2GNODE,RPP2_6_CTG2GNODE,RTPD,LMP,LMP_PRC,RPP2_6_CTG2GNODE,ALL,1,1991.6698,3,1
2022-09-02T03:30:00-00:00,2022-09-02T03:45:00-00:00,2022-09-01,21,RPP2_6_CTG2GNODE,RPP2_6_CTG2GNODE,RPP2_6_CTG2GNODE,RTPD,LMP,LMP_PRC,RPP2_6_CTG2GNODE,ALL,1,226.91685,3,1
2022-09-02T04:30:00-00:00,2022-09-02T04:45:00-00:00,2022-09-01,22,RPP2_6_CTG2GNODE,RPP2_6_CTG2GNODE,RPP2_6_CTG2GNODE,RTPD,LMP,LMP_PRC,RPP2_6_CTG2GNODE,ALL,1,182.48381,3,1
2022-09-02T05:30:00-00:00,2022-09-02T05:45:00-00:00,2022-09-01,23,RPP2_6_CTG2GNODE,RPP2_6_CTG2GNODE,RPP2_6_CTG2GNODE,RTPD,LMP,LMP_PRC,RPP2_6_CTG2GNODE,ALL,1,133.67587,3,1
2022-09-02T06:30:00-00:00,2022-09-02T06:45:00-00:00,2022-09-01,24,RPP2_6_CTG2GNODE,RPP2_6_CTG2GNODE,RPP2_6_CTG2GNODE,RTPD,LMP,LMP_PRC,RPP2_6_CTG2GNODE,ALL,1,130.08472,3,1
2022-09-01T07:45:00-00:00,2022-09-01T08:00:00-00:00,2022-09-01,01,RPP2_6_CTG2GNODE,RPP2_6_CTG2GNODE,RPP2_6_CTG2GNODE,RTPD,LMP,LMP_PRC,RPP2_6_CTG2GNODE,ALL,1,91.12069,4,1
2022-09-01T08:45:00-00:00,2022-09-01T09:00:00-00:00,2022-09-01,02,RPP2_6_CTG2GNODE,RPP2_6_CTG2GNODE,RPP2_6_CTG2GNODE,RTPD,LMP,LMP_PRC,RPP2_6_CTG2GNODE,ALL,1,94.55972,4,1
2022-09-01T09:45:00-00:00,2022-09-01T10:00:00-00:00,2022-09-01,03,RPP2_6_CTG2GNODE,RPP2_6_CTG2GNODE,RPP2_6_CTG2GNODE,RTPD,LMP,LMP_PRC,RPP2_6_CTG2GNODE,ALL,1,92.25588,4,1
2022-09-01T10:45:00-00:00,2022-09-01T11:00:00-00:00,2022-09-01,04,RPP2_6_CTG2GNODE,RPP2_6_CTG2GNODE,RPP2_6_CTG2GNODE,RTPD,LMP,LMP_PRC,RPP2_6_CTG2GNODE,ALL,1,93.51897,4,1
2022-09-01T11:45:00-00:00,2022-09-01T12:00:00-00:00,2022-09-01,05,RPP2_6_CTG2GNODE,RPP2_6_CTG2GNODE,RPP2_6_CTG2GNODE,RTPD,LMP,LMP_PRC,RPP2_6_CTG2GNODE,ALL,1,107.0112,4,1
2022-09-01T12:45:00-00:00,2022-09-01T13:00:00-00:00,2022-09-01,06,RPP2_6_CTG2GNODE,RPP2_6_CTG2GNODE,RPP2_6_CTG2GNODE,RTPD,LMP,LMP_PRC,RPP2_6_CTG2GNODE,ALL,1,114.19081,4,1
2022-09-01T13:45:00-00:00,2022-09-01T14:00:00-00:00,2022-09-01,07,RPP2_6_CTG2GNODE,RPP2_6_CTG2GNODE,RPP2_6_CTG2GNODE,RTPD,LMP,LMP_PRC,RPP2_6_CTG2GNODE,ALL,1,111.4088,4,1
2022-09-01T14:45:00-00:00,2022-09-01T15:00:00-00:00,2022-09-01,08,RPP2_6_CTG2GNODE,RPP2_6_CTG2GNODE,RPP2_6_CTG2GNODE,RTPD,LMP,LMP_PRC,RPP2_6_CTG2GNODE,ALL,1,86.14,4,1
2022-09-01T15:45:00-00:00,2022-09-01T16:00:00-00:00,2022-09-01,09,RPP2_6_CTG2GNODE,RPP2_6_CTG2GNODE,RPP2_6_CTG2GNODE,RTPD,LMP,LMP_PRC,RPP2_6_CTG2GNODE,ALL,1,78.70196,4,1
2022-09-01T16:45:00-00:00,2022-09-01T17:00:00-00:00,2022-09-01,10,RPP2_6_CTG2GNODE,RPP2_6_CTG2GNODE,RPP2_6_CTG2GNODE,RTPD,LMP,LMP_PRC,RPP2_6_CTG2GNODE,ALL,1,79.09975,4,1
2022-09-01T17:45:00-00:00,2022-09-01T18:00:00-00:00,2022-09-01,11,RPP2_6_CTG2GNODE,RPP2_6_CTG2GNODE,RPP2_6_CTG2GNODE,RTPD,LMP,LMP_PRC,RPP2_6_CTG2GNODE,ALL,1,79.50377,4,1
2022-09-01T18:45:00-00:00,2022-09-01T19:00:00-00:00,2022-09-01,12,RPP2_6_CTG2GNODE,RPP2_6_CTG2GNODE,RPP2_6_CTG2GNODE,RTPD,LMP,LMP_PRC,RPP2_6_CTG2GNODE,ALL,1,82.00197,4,1
2022-09-01T19:45:00-00:00,2022-09-01T20:00:00-00:00,2022-09-01,13,RPP2_6_CTG2GNODE,RPP2_6_CTG2GNODE,RPP2_6_CTG2GNODE,RTPD,LMP,LMP_PRC,RPP2_6_CTG2GNODE,ALL,1,106.76999,4,1
2022-09-01T20:45:00-00:00,2022-09-01T21:00:00-00:00,2022-09-01,14,RPP2_6_CTG2GNODE,RPP2_6_CTG2GNODE,RPP2_6_CTG2GNODE,RTPD,LMP,LMP_PRC,RPP2_6_CTG2GNODE,ALL,1,126.07186,4,1
2022-09-01T21:45:00-00:00,2022-09-01T22:00:00-00:00,2022-09-01,15,RPP2_6_CTG2GNODE,RPP2_6_CTG2GNODE,RPP2_6_CTG2GNODE,RTPD,LMP,LMP_PRC,RPP2_6_CTG2GNODE,ALL,1,212.07794,4,1
2022-09-01T22:45:00-00:00,2022-09-01T23:00:00-00:00,2022-09-01,16,RPP2_6_CTG2GNODE,RPP2_6_CTG2GNODE,RPP2_6_CTG2GNODE,RTPD,LMP,LMP_PRC,RPP2_6_CTG2GNODE,ALL,1,177.21016,4,1
2022-09-01T23:45:00-00:00,2022-09-02T00:00:00-00:00,2022-09-01,17,RPP2_6_CTG2GNODE,RPP2_6_CTG2GNODE,RPP2_6_CTG2GNODE,RTPD,LMP,LMP_PRC,RPP2_6_CTG2GNODE,ALL,1,1647.688,4,1
2022-09-02T00:45:00-00:00,2022-09-02T01:00:00-00:00,2022-09-01,18,RPP2_6_CTG2GNODE,RPP2_6_CTG2GNODE,RPP2_6_CTG2GNODE,RTPD,LMP,LMP_PRC,RPP2_6_CTG2GNODE,ALL,1,1797.23,4,1
2022-09-02T01:45:00-00:00,2022-09-02T02:00:00-00:00,2022-09-01,19,RPP2_6_CTG2GNODE,RPP2_6_CTG2GNODE,RPP2_6_CTG2GNODE,RTPD,LMP,LMP_PRC,RPP2_6_CTG2GNODE,ALL,1,1991.9325,4,1
2022-09-02T02:45:00-00:00,2022-09-02T03:00:00-00:00,2022-09-01,20,RPP2_6_CTG2GNODE,RPP2_6_CTG2GNODE,RPP2_6_CTG2GNODE,RTPD,LMP,LMP_PRC,RPP2_6_CTG2GNODE,ALL,1,1828.9393,4,1
2022-09-02T03:45:00-00:00,2022-09-02T04:00:00-00:00,2022-09-01,21,RPP2_6_CTG2GNODE,RPP2_6_CTG2GNODE,RPP2_6_CTG2GNODE,RTPD,LMP,LMP_PRC,RPP2_6_CTG2GNODE,ALL,1,164.97308,4,1
2022-09-02T04:45:00-00:00,2022-09-02T05:00:00-00:00,2022-09-01,22,RPP2_6_CTG2GNODE,RPP2_6_CTG2GNODE,RPP2_6_CTG2GNODE,RTPD,LMP,LMP_PRC,RPP2_6_CTG2GNODE,ALL,1,128.9326,4,1
2022-09-02T05:45:00-00:00,2022-09-02T06:00:00-00:00,2022-09-01,23,RPP2_6_CTG2GNODE,RPP2_6_CTG2GNODE,RPP2_6_CTG2GNODE,RTPD,LMP,LMP_PRC,RPP2_6_CTG2GNODE,ALL,1,116.57606,4,1
2022-09-02T06:45:00-00:00,2022-09-02T07:00:00-00:00,2022-09-01,24,RPP2_6_CTG2GNODE,RPP2_6_CTG2GNODE,RPP2_6_CTG2GNODE,RTPD,LMP,LMP_PRC,RPP2_6_CTG2GNODE,ALL,1,110.65686,4,1
2022-09-01T07:00:00-00:00,2022-09-01T07:15:00-00:00,2022-09-01,01,RPP2_6_CTG2GNODE,RPP2_6_CTG2GNODE,RPP2_6_CTG2GNODE,RTPD,MCC,LMP_CONG_PRC,RPP2_6_CTG2GNODE,ALL,1,-16.46963,1,2
2022-09-01T08:00:00-00:00,2022-09-01T08:15:00-00:00,2022-09-01,02,RPP2_6_CTG2GNODE,RPP2_6_CTG2GNODE,RPP2_6_CTG2GNODE,RTPD,MCC,LMP_CONG_PRC,RPP2_6_CTG2GNODE,ALL,1,-3.26562,1,2
2022-09-01T09:00:00-00:00,2022-09-01T09:15:00-00:00,2022-09-01,03,RPP2_6_CTG2GNODE,RPP2_6_CTG2GNODE,RPP2_6_CTG2GNODE,RTPD,MCC,LMP_CONG_PRC,RPP2_6_CTG2GNODE,ALL,1,-4.37598,1,2
2022-09-01T10:00:00-00:00,2022-09-01T10:15:00-00:00,2022-09-01,04,RPP2_6_CTG2GNODE,RPP2_6_CTG2GNODE,RPP2_6_CTG2GNODE,RTPD,MCC,LMP_CONG_PRC,RPP2_6_CTG2GNODE,ALL,1,-3.7921,1,2
2022-09-01T11:00:00-00:00,2022-09-01T11:15:00-00:00,2022-09-01,05,RPP2_6_CTG2GNODE,RPP2_6_CTG2GNODE,RPP2_6_CTG2GNODE,RTPD,MCC,LMP_CONG_PRC,RPP2_6_CTG2GNODE,ALL,1,0.0012,1,2
2022-09-01T12:00:00-00:00,2022-09-01T12:15:00-00:00,2022-09-01,06,RPP2_6_CTG2GNODE,RPP2_6_CTG2GNODE,RPP2_6_CTG2GNODE,RTPD,MCC,LMP_CONG_PRC,RPP2_6_CTG2GNODE,ALL,1,-9.74069,1,2
2022-09-01T13:00:00-00:00,2022-09-01T13:15:00-00:00,2022-09-01,07,RPP2_6_CTG2GNODE,RPP2_6_CTG2GNODE,RPP2_6_CTG2GNODE,RTPD,MCC,LMP_CONG_PRC,RPP2_6_CTG2GNODE,ALL,1,-12.88062,1,2
2022-09-01T14:00:00-00:00,2022-09-01T14:15:00-00:00,2022-09-01,08,RPP2_6_CTG2GNODE,RPP2_6_CTG2GNODE,RPP2_6_CTG2GNODE,RTPD,MCC,LMP_CONG_PRC,RPP2_6_CTG2GNODE,ALL,1,-0.0012,1,2
2022-09-01T15:00:00-00:00,2022-09-01T15:15:00-00:00,2022-09-01,09,RPP2_6_CTG2GNODE,RPP2_6_CTG2GNODE,RPP2_6_CTG2GNODE,RTPD,MCC,LMP_CONG_PRC,RPP2_6_CTG2GNODE,ALL,1,0.0012,1,2
2022-09-01T16:00:00-00:00,2022-09-01T16:15:00-00:00,2022-09-01,10,RPP2_6_CTG2GNODE,RPP2_6_CTG2GNODE,RPP2_6_CTG2GNODE,RTPD,MCC,LMP_CONG_PRC,RPP2_6_CTG2GNODE,ALL,1,0.0012,1,2
2022-09-01T17:00:00-00:00,2022-09-01T17:15:00-00:00,2022-09-01,11,RPP2_6_CTG2GNODE,RPP2_6_CTG2GNODE,RPP2_6_CTG2GNODE,RTPD,MCC,LMP_CONG_PRC,RPP2_6_CTG2GNODE,ALL,1,-16.36538,1,2
2022-09-01T18:00:00-00:00,2022-09-01T18:15:00-00:00,2022-09-01,12,RPP2_6_CTG2GNODE,RPP2_6_CTG2GNODE,RPP2_6_CTG2GNODE,RTPD,MCC,LMP_CONG_PRC,RPP2_6_CTG2GNODE,ALL,1,-31.7884,1,2
2022-09-01T19:00:00-00:00,2022-09-01T19:15:00-00:00,2022-09-01,13,RPP2_6_CTG2GNODE,RPP2_6_CTG2GNODE,RPP2_6_CTG2GNODE,RTPD,MCC,LMP_CONG_PRC,RPP2_6_CTG2GNODE,ALL,1,-35.09851,1,2
2022-09-01T20:00:00-00:00,2022-09-01T20:15:00-00:00,2022-09-01,14,RPP2_6_CTG2GNODE,RPP2_6_CTG2GNODE,RPP2_6_CTG2GNODE,RTPD,MCC,LMP_CONG_PRC,RPP2_6_CTG2GNODE,ALL,1,-3.44974,1,2
2022-09-01T21:00:00-00:00,2022-09-01T21:15:00-00:00,2022-09-01,15,RPP2_6_CTG2GNODE,RPP2_6_CTG2GNODE,RPP2_6_CTG2GNODE,RTPD,MCC,LMP_CONG_PRC,RPP2_6_CTG2GNODE,ALL,1,-97.80271,1,2
2022-09-01T22:00:00-00:00,2022-09-01T22:15:00-00:00,2022-09-01,16,RPP2_6_CTG2GNODE,RPP2_6_CTG2GNODE,RPP2_6_CTG2GNODE,RTPD,MCC,LMP_CONG_PRC,RPP2_6_CTG2GNODE,ALL,1,-105.90509,1,2
2022-09-01T23:00:00-00:00,2022-09-01T23:15:00-00:00,2022-09-01,17,RPP2_6_CTG2GNODE,RPP2_6_CTG2GNODE,RPP2_6_CTG2GNODE,RTPD,MCC,LMP_CONG_PRC,RPP2_6_CTG2GNODE,ALL,1,-166.9396,1,2
2022-09-02T00:00:00-00:00,2022-09-02T00:15:00-00:00,2022-09-01,18,RPP2_6_CTG2GNODE,RPP2_6_CTG2GNODE,RPP2_6_CTG2GNODE,RTPD,MCC,LMP_CONG_PRC,RPP2_6_CTG2GNODE,ALL,1,323.21744,1,2
2022-09-02T01:00:00-00:00,2022-09-02T01:15:00-00:00,2022-09-01,19,RPP2_6_CTG2GNODE,RPP2_6_CTG2GNODE,RPP2_6_CTG2GNODE,RTPD,MCC,LMP_CONG_PRC,RPP2_6_CTG2GNODE,ALL,1,317.90826,1,2
2022-09-02T02:00:00-00:00,2022-09-02T02:15:00-00:00,2022-09-01,20,RPP2_6_CTG2GNODE,RPP2_6_CTG2GNODE,RPP2_6_CTG2GNODE,RTPD,MCC,LMP_CONG_PRC,RPP2_6_CTG2GNODE,ALL,1,-0.0012,1,2
2022-09-02T03:00:00-00:00,2022-09-02T03:15:00-00:00,2022-09-01,21,RPP2_6_CTG2GNODE,RPP2_6_CTG2GNODE,RPP2_6_CTG2GNODE,RTPD,MCC,LMP_CONG_PRC,RPP2_6_CTG2GNODE,ALL,1,395.65527,1,2
2022-09-02T04:00:00-00:00,2022-09-02T04:15:00-00:00,2022-09-01,22,RPP2_6_CTG2GNODE,RPP2_6_CTG2GNODE,RPP2_6_CTG2GNODE,RTPD,MCC,LMP_CONG_PRC,RPP2_6_CTG2GNODE,ALL,1,-0.0012,1,2
2022-09-02T05:00:00-00:00,2022-09-02T05:15:00-00:00,2022-09-01,23,RPP2_6_CTG2GNODE,RPP2_6_CTG2GNODE,RPP2_6_CTG2GNODE,RTPD,MCC,LMP_CONG_PRC,RPP2_6_CTG2GNODE,ALL,1,0.0012,1,2
2022-09-02T06:00:00-00:00,2022-09-02T06:15:00-00:00,2022-09-01,24,RPP2_6_CTG2GNODE,RPP2_6_CTG2GNODE,RPP2_6_CTG2GNODE,RTPD,MCC,LMP_CONG_PRC,RPP2_6_CTG2GNODE,ALL,1,0.0012,1,2
2022-09-01T07:15:00-00:00,2022-09-01T07:30:00-00:00,2022-09-01,01,RPP2_6_CTG2GNODE,RPP2_6_CTG2GNODE,RPP2_6_CTG2GNODE,RTPD,MCC,LMP_CONG_PRC,RPP2_6_CTG2GNODE,ALL,1,-9.79523,2,2
2022-09-01T08:15:00-00:00,2022-09-01T08:30:00-00:00,2022-09-01,02,RPP2_6_CTG2GNODE,RPP2_6_CTG2GNODE,RPP2_6_CTG2GNODE,RTPD,MCC,LMP_CONG_PRC,RPP2_6_CTG2GNODE,ALL,1,-0.89049,2,2
2022-09-01T09:15:00-00:00,2022-09-01T09:30:00-00:00,2022-09-01,03,RPP2_6_CTG2GNODE,RPP2_6_CTG2GNODE,RPP2_6_CTG2GNODE,RTPD,MCC,LMP_CONG_PRC,RPP2_6_CTG2GNODE,ALL,1,-5.75252,2,2
2022-09-01T10:15:00-00:00,2022-09-01T10:30:00-00:00,2022-09-01,04,RPP2_6_CTG2GNODE,RPP2_6_CTG2GNODE,RPP2_6_CTG2GNODE,RTPD,MCC,LMP_CONG_PRC,RPP2_6_CTG2GNODE,ALL,1,-5.36628,2,2
2022-09-01T11:15:00-00:00,2022-09-01T11:30:00-00:00,2022-09-01,05,RPP2_6_CTG2GNODE,RPP2_6_CTG2GNODE,RPP2_6_CTG2GNODE,RTPD,MCC,LMP_CONG_PRC,RPP2_6_CTG2GNODE,ALL,1,0.0012,2,2
2022-09-01T12:15:00-00:00,2022-09-01T12:30:00-00:00,2022-09-01,06,RPP2_6_CTG2GNODE,RPP2_6_CTG2GNODE,RPP2_6_CTG2GNODE,RTPD,MCC,LMP_CONG_PRC,RPP2_6_CTG2GNODE,ALL,1,-5.95408,2,2
2022-09-01T13:15:00-00:00,2022-09-01T13:30:00-00:00,2022-09-01,07,RPP2_6_CTG2GNODE,RPP2_6_CTG2GNODE,RPP2_6_CTG2GNODE,RTPD,MCC,LMP_CONG_PRC,RPP2_6_CTG2GNODE,ALL,1,-0.55268,2,2
2022-09-01T14:15:00-00:00,2022-09-01T14:30:00-00:00,2022-09-01,08,RPP2_6_CTG2GNODE,RPP2_6_CTG2GNODE,RPP2_6_CTG2GNODE,RTPD,MCC,LMP_CONG_PRC,RPP2_6_CTG2GNODE,ALL,1,-0.0012,2,2
2022-09-01T15:15:00-00:00,2022-09-01T15:30:00-00:00,2022-09-01,09,RPP2_6_CTG2GNODE,RPP2_6_CTG2GNODE,RPP2_6_CTG2GNODE,RTPD,MCC,LMP_CONG_PRC,RPP2_6_CTG2GNODE,ALL,1,0.0012,2,2
2022-09-01T16:15:00-00:00,2022-09-01T16:30:00-00:00,2022-09-01,10,RPP2_6_CTG2GNODE,RPP2_6_CTG2GNODE,RPP2_6_CTG2GNODE,RTPD,MCC,LMP_CONG_PRC,RPP2_6_CTG2GNODE,ALL,1,-1.60091,2,2
2022-09-01T17:15:00-00:00,2022-09-01T17:30:00-00:00,2022-09-01,11,RPP2_6_CTG2GNODE,RPP2_6_CTG2GNODE,RPP2_6_CTG2GNODE,RTPD,MCC,LMP_CONG_PRC,RPP2_6_CTG2GNODE,ALL,1,-19.93426,2,2
2022-09-01T18:15:00-00:00,2022-09-01T18:30:00-00:00,2022-09-01,12,RPP2_6_CTG2GNODE,RPP2_6_CTG2GNODE,RPP2_6_CTG2GNODE,RTPD,MCC,LMP_CONG_PRC,RPP2_6_CTG2GNODE,ALL,1,-25.88519,2,2
2022-09-01T19:15:00-00:00,2022-09-01T19:30:00-00:00,2022-09-01,13,RPP2_6_CTG2GNODE,RPP2_6_CTG2GNODE,RPP2_6_CTG2GNODE,RTPD,MCC,LMP_CONG_PRC,RPP2_6_CTG2GNODE,ALL,1,-28.90246,2,2
2022-09-01T20:15:00-00:00,2022-09-01T20:30:00-00:00,2022-09-01,14,RPP2_6_CTG2GNODE,RPP2_6_CTG2GNODE,RPP2_6_CTG2GNODE,RTPD,MCC,LMP_CONG_PRC,RPP2_6_CTG2GNODE,ALL,1,-3.12315,2,2
2022-09-01T21:15:00-00:00,2022-09-01T21:30:00-00:00,2022-09-01,15,RPP2_6_CTG2GNODE,RPP2_6_CTG2GNODE,RPP2_6_CTG2GNODE,RTPD,MCC,LMP_CONG_PRC,RPP2_6_CTG2GNODE,ALL,1,-26.43086,2,2
2022-09-01T22:15:00-00:00,2022-09-01T22:30:00-00:00,2022-09-01,16,RPP2_6_CTG2GNODE,RPP2_6_CTG2GNODE,RPP2_6_CTG2GNODE,RTPD,MCC,LMP_CONG_PRC,RPP2_6_CTG2GNODE,ALL,1,-116.17958,2,2
2022-09-01T23:15:00-00:00,2022-09-01T23:30:00-00:00,2022-09-01,17,RPP2_6_CTG2GNODE,RPP2_6_CTG2GNODE,RPP2_6_CTG2GNODE,RTPD,MCC,LMP_CONG_PRC,RPP2_6_CTG2GNODE,ALL,1,-97.36441,2,2
2022-09-02T00:15:00-00:00,2022-09-02T00:30:00-00:00,2022-09-01,18,RPP2_6_CTG2GNODE,RPP2_6_CTG2GNODE,RPP2_6_CTG2GNODE,RTPD,MCC,LMP_CONG_PRC,RPP2_6_CTG2GNODE,ALL,1,314.5885,2,2
2022-09-02T01:15:00-00:00,2022-09-02T01:30:00-00:00,2022-09-01,19,RPP2_6_CTG2GNODE,RPP2_6_CTG2GNODE,RPP2_6_CTG2GNODE,RTPD,MCC,LMP_CONG_PRC,RPP2_6_CTG2GNODE,ALL,1,0.0012,2,2
2022-09-02T02:15:00-00:00,2022-09-02T02:30:00-00:00,2022-09-01,20,RPP2_6_CTG2GNODE,RPP2_6_CTG2GNODE,RPP2_6_CTG2GNODE,RTPD,MCC,LMP_CONG_PRC,RPP2_6_CTG2GNODE,ALL,1,-0.0012,2,2
2022-09-02T03:15:00-00:00,2022-09-02T03:30:00-00:00,2022-09-01,21,RPP2_6_CTG2GNODE,RPP2_6_CTG2GNODE,RPP2_6_CTG2GNODE,RTPD,MCC,LMP_CONG_PRC,RPP2_6_CTG2GNODE,ALL,1,138.71667,2,2
2022-09-02T04:15:00-00:00,2022-09-02T04:30:00-00:00,2022-09-01,22,RPP2_6_CTG2GNODE,RPP2_6_CTG2GNODE,RPP2_6_CTG2GNODE,RTPD,MCC,LMP_CONG_PRC,RPP2_6_CTG2GNODE,ALL,1,-0.0012,2,2
2022-09-02T05:15:00-00:00,2022-09-02T05:30:00-00:00,2022-09-01,23,RPP2_6_CTG2GNODE,RPP2_6_CTG2GNODE,RPP2_6_CTG2GNODE,RTPD,MCC,LMP_CONG_PRC,RPP2_6_CTG2GNODE,ALL,1,0.0012,2,2
2022-09-02T06:15:00-00:00,2022-09-02T06:30:00-00:00,2022-09-01,24,RPP2_6_CTG2GNODE,RPP2_6_CTG2GNODE,RPP2_6_CTG2GNODE,RTPD,MCC,LMP_CONG_PRC,RPP2_6_CTG2GNODE,ALL,1,0.0012,2,2
2022-09-01T07:30:00-00:00,2022-09-01T07:45:00-00:00,2022-09-01,01,RPP2_6_CTG2GNODE,RPP2_6_CTG2GNODE,RPP2_6_CTG2GNODE,RTPD,MCC,LMP_CONG_PRC,RPP2_6_CTG2GNODE,ALL,1,-15.79181,3,2
2022-09-01T08:30:00-00:00,2022-09-01T08:45:00-00:00,2022-09-01,02,RPP2_6_CTG2GNODE,RPP2_6_CTG2GNODE,RPP2_6_CTG2GNODE,RTPD,MCC,LMP_CONG_PRC,RPP2_6_CTG2GNODE,ALL,1,0.00036,3,2
2022-09-01T09:30:00-00:00,2022-09-01T09:45:00-00:00,2022-09-01,03,RPP2_6_CTG2GNODE,RPP2_6_CTG2GNODE,RPP2_6_CTG2GNODE,RTPD,MCC,LMP_CONG_PRC,RPP2_6_CTG2GNODE,ALL,1,-5.70088,3,2
2022-09-01T10:30:00-00:00,2022-09-01T10:45:00-00:00,2022-09-01,04,RPP2_6_CTG2GNODE,RPP2_6_CTG2GNODE,RPP2_6_CTG2GNODE,RTPD,MCC,LMP_CONG_PRC,RPP2_6_CTG2GNODE,ALL,1,-3.02664,3,2
2022-09-01T11:30:00-00:00,2022-09-01T11:45:00-00:00,2022-09-01,05,RPP2_6_CTG2GNODE,RPP2_6_CTG2GNODE,RPP2_6_CTG2GNODE,RTPD,MCC,LMP_CONG_PRC,RPP2_6_CTG2GNODE,ALL,1,0.0012,3,2
2022-09-01T12:30:00-00:00,2022-09-01T12:45:00-00:00,2022-09-01,06,RPP2_6_CTG2GNODE,RPP2_6_CTG2GNODE,RPP2_6_CTG2GNODE,RTPD,MCC,LMP_CONG_PRC,RPP2_6_CTG2GNODE,ALL,1,-10.28584,3,2
2022-09-01T13:30:00-00:00,2022-09-01T13:45:00-00:00,2022-09-01,07,RPP2_6_CTG2GNODE,RPP2_6_CTG2GNODE,RPP2_6_CTG2GNODE,RTPD,MCC,LMP_CONG_PRC,RPP2_6_CTG2GNODE,ALL,1,-0.0012,3,2
2022-09-01T14:30:00-00:00,2022-09-01T14:45:00-00:00,2022-09-01,08,RPP2_6_CTG2GNODE,RPP2_6_CTG2GNODE,RPP2_6_CTG2GNODE,RTPD,MCC,LMP_CONG_PRC,RPP2_6_CTG2GNODE,ALL,1,-0.0012,3,2
2022-09-01T15:30:00-00:00,2022-09-01T15:45:00-00:00,2022-09-01,09,RPP2_6_CTG2GNODE,RPP2_6_CTG2GNODE,RPP2_6_CTG2GNODE,RTPD,MCC,LMP_CONG_PRC,RPP2_6_CTG2GNODE,ALL,1,0.0012,3,2
2022-09-01T16:30:00-00:00,2022-09-01T16:45:00-00:00,2022-09-01,10,RPP2_6_CTG2GNODE,RPP2_6_CTG2GNODE,RPP2_6_CTG2GNODE,RTPD,MCC,LMP_CONG_PRC,RPP2_6_CTG2GNODE,ALL,1,-13.41516,3,2
2022-09-01T17:30:00-00:00,2022-09-01T17:45:00-00:00,2022-09-01,11,RPP2_6_CTG2GNODE,RPP2_6_CTG2GNODE,RPP2_6_CTG2GNODE,RTPD,MCC,LMP_CONG_PRC,RPP2_6_CTG2GNODE,ALL,1,-20.00973,3,2
2022-09-01T18:30:00-00:00,2022-09-01T18:45:00-00:00,2022-09-01,12,RPP2_6_CTG2GNODE,RPP2_6_CTG2GNODE,RPP2_6_CTG2GNODE,RTPD,MCC,LMP_CONG_PRC,RPP2_6_CTG2GNODE,ALL,1,-26.99663,3,2
2022-09-01T19:30:00-00:00,2022-09-01T19:45:00-00:00,2022-09-01,13,RPP2_6_CTG2GNODE,RPP2_6_CTG2GNODE,RPP2_6_CTG2GNODE,RTPD,MCC,LMP_CONG_PRC,RPP2_6_CTG2GNODE,ALL,1,-12.41997,3,2
2022-09-01T20:30:00-00:00,2022-09-01T20:45:00-00:00,2022-09-01,14,RPP2_6_CTG2GNODE,RPP2_6_CTG2GNODE,RPP2_6_CTG2GNODE,RTPD,MCC,LMP_CONG_PRC,RPP2_6_CTG2GNODE,ALL,1,-12.60493,3,2
2022-09-01T21:30:00-00:00,2022-09-01T21:45:00-00:00,2022-09-01,15,RPP2_6_CTG2GNODE,RPP2_6_CTG2GNODE,RPP2_6_CTG2GNODE,RTPD,MCC,LMP_CONG_PRC,RPP2_6_CTG2GNODE,ALL,1,-24.28055,3,2
2022-09-01T22:30:00-00:00,2022-09-01T22:45:00-00:00,2022-09-01,16,RPP2_6_CTG2GNODE,RPP2_6_CTG2GNODE,RPP2_6_CTG2GNODE,RTPD,MCC,LMP_CONG_PRC,RPP2_6_CTG2GNODE,ALL,1,-124.92181,3,2
2022-09-01T23:30:00-00:00,2022-09-01T23:45:00-00:00,2022-09-01,17,RPP2_6_CTG2GNODE,RPP2_6_CTG2GNODE,RPP2_6_CTG2GNODE,RTPD,MCC,LMP_CONG_PRC,RPP2_6_CTG2GNODE,ALL,1,0.0012,3,2
2022-09-02T00:30:00-00:00,2022-09-02T00:45:00-00:00,2022-09-01,18,RPP2_6_CTG2GNODE,RPP2_6_CTG2GNODE,RPP2_6_CTG2GNODE,RTPD,MCC,LMP_CONG_PRC,RPP2_6_CTG2GNODE,ALL,1,441.67194,3,2
2022-09-02T01:30:00-00:00,2022-09-02T01:45:00-00:00,2022-09-01,19,RPP2_6_CTG2GNODE,RPP2_6_CTG2GNODE,RPP2_6_CTG2GNODE,RTPD,MCC,LMP_CONG_PRC,RPP2_6_CTG2GNODE,ALL,1,-0.0012,3,2
2022-09-02T02:30:00-00:00,2022-09-02T02:45:00-00:00,2022-09-01,20,RPP2_6_CTG2GNODE,RPP2_6_CTG2GNODE,RPP2_6_CTG2GNODE,RTPD,MCC,LMP_CONG_PRC,RPP2_6_CTG2GNODE,ALL,1,-0.0012,3,2
2022-09-02T03:30:00-00:00,2022-09-02T03:45:00-00:00,2022-09-01,21,RPP2_6_CTG2GNODE,RPP2_6_CTG2GNODE,RPP2_6_CTG2GNODE,RTPD,MCC,LMP_CONG_PRC,RPP2_6_CTG2GNODE,ALL,1,31.21038,3,2
2022-09-02T04:30:00-00:00,2022-09-02T04:45:00-00:00,2022-09-01,22,RPP2_6_CTG2GNODE,RPP2_6_CTG2GNODE,RPP2_6_CTG2GNODE,RTPD,MCC,LMP_CONG_PRC,RPP2_6_CTG2GNODE,ALL,1,-0.0012,3,2
2022-09-02T05:30:00-00:00,2022-09-02T05:45:00-00:00,2022-09-01,23,RPP2_6_CTG2GNODE,RPP2_6_CTG2GNODE,RPP2_6_CTG2GNODE,RTPD,MCC,LMP_CONG_PRC,RPP2_6_CTG2GNODE,ALL,1,0.0012,3,2
2022-09-02T06:30:00-00:00,2022-09-02T06:45:00-00:00,2022-09-01,24,RPP2_6_CTG2GNODE,RPP2_6_CTG2GNODE,RPP2_6_CTG2GNODE,RTPD,MCC,LMP_CONG_PRC,RPP2_6_CTG2GNODE,ALL,1,0.0012,3,2
2022-09-01T07:45:00-00:00,2022-09-01T08:00:00-00:00,2022-09-01,01,RPP2_6_CTG2GNODE,RPP2_6_CTG2GNODE,RPP2_6_CTG2GNODE,RTPD,MCC,LMP_CONG_PRC,RPP2_6_CTG2GNODE,ALL,1,-18.00029,4,2
2022-09-01T08:45:00-00:00,2022-09-01T09:00:00-00:00,2022-09-01,02,RPP2_6_CTG2GNODE,RPP2_6_CTG2GNODE,RPP2_6_CTG2GNODE,RTPD,MCC,LMP_CONG_PRC,RPP2_6_CTG2GNODE,ALL,1,-4.39319,4,2
2022-09-01T09:45:00-00:00,2022-09-01T10:00:00-00:00,2022-09-01,03,RPP2_6_CTG2GNODE,RPP2_6_CTG2GNODE,RPP2_6_CTG2GNODE,RTPD,MCC,LMP_CONG_PRC,RPP2_6_CTG2GNODE,ALL,1,-5.07336,4,2
2022-09-01T10:45:00-00:00,2022-09-01T11:00:00-00:00,2022-09-01,04,RPP2_6_CTG2GNODE,RPP2_6_CTG2GNODE,RPP2_6_CTG2GNODE,RTPD,MCC,LMP_CONG_PRC,RPP2_6_CTG2GNODE,ALL,1,-1.19121,4,2
2022-09-01T11:45:00-00:00,2022-09-01T12:00:00-00:00,2022-09-01,05,RPP2_6_CTG2GNODE,RPP2_6_CTG2GNODE,RPP2_6_CTG2GNODE,RTPD,MCC,LMP_CONG_PRC,RPP2_6_CTG2GNODE,ALL,1,0.0012,4,2
2022-09-01T12:45:00-00:00,2022-09-01T13:00:00-00:00,2022-09-01,06,RPP2_6_CTG2GNODE,RPP2_6_CTG2GNODE,RPP2_6_CTG2GNODE,RTPD,MCC,LMP_CONG_PRC,RPP2_6_CTG2GNODE,ALL,1,-2.29399,4,2
2022-09-01T13:45:00-00:00,2022-09-01T14:00:00-00:00,2022-09-01,07,RPP2_6_CTG2GNODE,RPP2_6_CTG2GNODE,RPP2_6_CTG2GNODE,RTPD,MCC,LMP_CONG_PRC,RPP2_6_CTG2GNODE,ALL,1,-0.0012,4,2
2022-09-01T14:45:00-00:00,2022-09-01T15:00:00-00:00,2022-09-01,08,RPP2_6_CTG2GNODE,RPP2_6_CTG2GNODE,RPP2_6_CTG2GNODE,RTPD,MCC,LMP_CONG_PRC,RPP2_6_CTG2GNODE,ALL,1,0.0012,4,2
2022-09-01T15:45:00-00:00,2022-09-01T16:00:00-00:00,2022-09-01,09,RPP2_6_CTG2GNODE,RPP2_6_CTG2GNODE,RPP2_6_CTG2GNODE,RTPD,MCC,LMP_CONG_PRC,RPP2_6_CTG2GNODE,ALL,1,0.0012,4,2
2022-09-01T16:45:00-00:00,2022-09-01T17:00:00-00:00,2022-09-01,10,RPP2_6_CTG2GNODE,RPP2_6_CTG2GNODE,RPP2_6_CTG2GNODE,RTPD,MCC,LMP_CONG_PRC,RPP2_6_CTG2GNODE,ALL,1,-12.14958,4,2
2022-09-01T17:45:00-00:00,2022-09-01T18:00:00-00:00,2022-09-01,11,RPP2_6_CTG2GNODE,RPP2_6_CTG2GNODE,RPP2_6_CTG2GNODE,RTPD,MCC,LMP_CONG_PRC,RPP2_6_CTG2GNODE,ALL,1,-19.70166,4,2
2022-09-01T18:45:00-00:00,2022-09-01T19:00:00-00:00,2022-09-01,12,RPP2_6_CTG2GNODE,RPP2_6_CTG2GNODE,RPP2_6_CTG2GNODE,RTPD,MCC,LMP_CONG_PRC,RPP2_6_CTG2GNODE,ALL,1,-27.03867,4,2
2022-09-01T19:45:00-00:00,2022-09-01T20:00:00-00:00,2022-09-01,13,RPP2_6_CTG2GNODE,RPP2_6_CTG2GNODE,RPP2_6_CTG2GNODE,RTPD,MCC,LMP_CONG_PRC,RPP2_6_CTG2GNODE,ALL,1,-13.45492,4,2
2022-09-01T20:45:00-00:00,2022-09-01T21:00:00-00:00,2022-09-01,14,RPP2_6_CTG2GNODE,RPP2_6_CTG2GNODE,RPP2_6_CTG2GNODE,RTPD,MCC,LMP_CONG_PRC,RPP2_6_CTG2GNODE,ALL,1,-27.95323,4,2
2022-09-01T21:45:00-00:00,2022-09-01T22:00:00-00:00,2022-09-01,15,RPP2_6_CTG2GNODE,RPP2_6_CTG2GNODE,RPP2_6_CTG2GNODE,RTPD,MCC,LMP_CONG_PRC,RPP2_6_CTG2GNODE,ALL,1,-88.21582,4,2
2022-09-01T22:45:00-00:00,2022-09-01T23:00:00-00:00,2022-09-01,16,RPP2_6_CTG2GNODE,RPP2_6_CTG2GNODE,RPP2_6_CTG2GNODE,RTPD,MCC,LMP_CONG_PRC,RPP2_6_CTG2GNODE,ALL,1,-252.70354,4,2
2022-09-01T23:45:00-00:00,2022-09-02T00:00:00-00:00,2022-09-01,17,RPP2_6_CTG2GNODE,RPP2_6_CTG2GNODE,RPP2_6_CTG2GNODE,RTPD,MCC,LMP_CONG_PRC,RPP2_6_CTG2GNODE,ALL,1,386.47556,4,2
2022-09-02T00:45:00-00:00,2022-09-02T01:00:00-00:00,2022-09-01,18,RPP2_6_CTG2GNODE,RPP2_6_CTG2GNODE,RPP2_6_CTG2GNODE,RTPD,MCC,LMP_CONG_PRC,RPP2_6_CTG2GNODE,ALL,1,278.08096,4,2
2022-09-02T01:45:00-00:00,2022-09-02T02:00:00-00:00,2022-09-01,19,RPP2_6_CTG2GNODE,RPP2_6_CTG2GNODE,RPP2_6_CTG2GNODE,RTPD,MCC,LMP_CONG_PRC,RPP2_6_CTG2GNODE,ALL,1,-0.0012,4,2
2022-09-02T02:45:00-00:00,2022-09-02T03:00:00-00:00,2022-09-01,20,RPP2_6_CTG2GNODE,RPP2_6_CTG2GNODE,RPP2_6_CTG2GNODE,RTPD,MCC,LMP_CONG_PRC,RPP2_6_CTG2GNODE,ALL,1,126.6369,4,2
2022-09-02T03:45:00-00:00,2022-09-02T04:00:00-00:00,2022-09-01,21,RPP2_6_CTG2GNODE,RPP2_6_CTG2GNODE,RPP2_6_CTG2GNODE,RTPD,MCC,LMP_CONG_PRC,RPP2_6_CTG2GNODE,ALL,1,18.17652,4,2
2022-09-02T04:45:00-00:00,2022-09-02T05:00:00-00:00,2022-09-01,22,RPP2_6_CTG2GNODE,RPP2_6_CTG2GNODE,RPP2_6_CTG2GNODE,RTPD,MCC,LMP_CONG_PRC,RPP2_6_CTG2GNODE,ALL,1,0.0012,4,2
2022-09-02T05:45:00-00:00,2022-09-02T06:00:00-00:00,2022-09-01,23,RPP2_6_CTG2GNODE,RPP2_6_CTG2GNODE,RPP2_6_CTG2GNODE,RTPD,MCC,LMP_CONG_PRC,RPP2_6_CTG2GNODE,ALL,1,-4.24248,4,2
2022-09-02T06:45:00-00:00,2022-09-02T07:00:00-00:00,2022-09-01,24,RPP2_6_CTG2GNODE,RPP2_6_CTG2GNODE,RPP2_6_CTG2GNODE,RTPD,MCC,LMP_CONG_PRC,RPP2_6_CTG2GNODE,ALL,1,0.0012,4,2
2022-09-01T07:00:00-00:00,2022-09-01T07:15:00-00:00,2022-09-01,01,RPP2_6_CTG2GNODE,RPP2_6_CTG2GNODE,RPP2_6_CTG2GNODE,RTPD,MCE,LMP_ENE_PRC,RPP2_6_CTG2GNODE,ALL,1,104.23471,1,3
2022-09-01T08:00:00-00:00,2022-09-01T08:15:00-00:00,2022-09-01,02,RPP2_6_CTG2GNODE,RPP2_6_CTG2GNODE,RPP2_6_CTG2GNODE,RTPD,MCE,LMP_ENE_PRC,RPP2_6_CTG2GNODE,ALL,1,115.5488,1,3
2022-09-01T09:00:00-00:00,2022-09-01T09:15:00-00:00,2022-09-01,03,RPP2_6_CTG2GNODE,RPP2_6_CTG2GNODE,RPP2_6_CTG2GNODE,RTPD,MCE,LMP_ENE_PRC,RPP2_6_CTG2GNODE,ALL,1,99.73061,1,3
2022-09-01T10:00:00-00:00,2022-09-01T10:15:00-00:00,2022-09-01,04,RPP2_6_CTG2GNODE,RPP2_6_CTG2GNODE,RPP2_6_CTG2GNODE,RTPD,MCE,LMP_ENE_PRC,RPP2_6_CTG2GNODE,ALL,1,98.64222,1,3
2022-09-01T11:00:00-00:00,2022-09-01T11:15:00-00:00,2022-09-01,05,RPP2_6_CTG2GNODE,RPP2_6_CTG2GNODE,RPP2_6_CTG2GNODE,RTPD,MCE,LMP_ENE_PRC,RPP2_6_CTG2GNODE,ALL,1,102.56859,1,3
2022-09-01T12:00:00-00:00,2022-09-01T12:15:00-00:00,2022-09-01,06,RPP2_6_CTG2GNODE,RPP2_6_CTG2GNODE,RPP2_6_CTG2GNODE,RTPD,MCE,LMP_ENE_PRC,RPP2_6_CTG2GNODE,ALL,1,96.90845,1,3
2022-09-01T13:00:00-00:00,2022-09-01T13:15:00-00:00,2022-09-01,07,RPP2_6_CTG2GNODE,RPP2_6_CTG2GNODE,RPP2_6_CTG2GNODE,RTPD,MCE,LMP_ENE_PRC,RPP2_6_CTG2GNODE,ALL,1,101.80878,1,3
2022-09-01T14:00:00-00:00,2022-09-01T14:15:00-00:00,2022-09-01,08,RPP2_6_CTG2GNODE,RPP2_6_CTG2GNODE,RPP2_6_CTG2GNODE,RTPD,MCE,LMP_ENE_PRC,RPP2_6_CTG2GNODE,ALL,1,111.11219,1,3
2022-09-01T15:00:00-00:00,2022-09-01T15:15:00-00:00,2022-09-01,09,RPP2_6_CTG2GNODE,RPP2_6_CTG2GNODE,RPP2_6_CTG2GNODE,RTPD,MCE,LMP_ENE_PRC,RPP2_6_CTG2GNODE,ALL,1,97.4112,1,3
2022-09-01T16:00:00-00:00,2022-09-01T16:15:00-00:00,2022-09-01,10,RPP2_6_CTG2GNODE,RPP2_6_CTG2GNODE,RPP2_6_CTG2GNODE,RTPD,MCE,LMP_ENE_PRC,RPP2_6_CTG2GNODE,ALL,1,83.43525,1,3
2022-09-01T17:00:00-00:00,2022-09-01T17:15:00-00:00,2022-09-01,11,RPP2_6_CTG2GNODE,RPP2_6_CTG2GNODE,RPP2_6_CTG2GNODE,RTPD,MCE,LMP_ENE_PRC,RPP2_6_CTG2GNODE,ALL,1,96.94897,1,3
2022-09-01T18:00:00-00:00,2022-09-01T18:15:00-00:00,2022-09-01,12,RPP2_6_CTG2GNODE,RPP2_6_CTG2GNODE,RPP2_6_CTG2GNODE,RTPD,MCE,LMP_ENE_PRC,RPP2_6_CTG2GNODE,ALL,1,91.59291,1,3
2022-09-01T19:00:00-00:00,2022-09-01T19:15:00-00:00,2022-09-01,13,RPP2_6_CTG2GNODE,RPP2_6_CTG2GNODE,RPP2_6_CTG2GNODE,RTPD,MCE,LMP_ENE_PRC,RPP2_6_CTG2GNODE,ALL,1,109.19637,1,3
2022-09-01T20:00:00-00:00,2022-09-01T20:15:00-00:00,2022-09-01,14,RPP2_6_CTG2GNODE,RPP2_6_CTG2GNODE,RPP2_6_CTG2GNODE,RTPD,MCE,LMP_ENE_PRC,RPP2_6_CTG2GNODE,ALL,1,117.94359,1,3
2022-09-01T21:00:00-00:00,2022-09-01T21:15:00-00:00,2022-09-01,15,RPP2_6_CTG2GNODE,RPP2_6_CTG2GNODE,RPP2_6_CTG2GNODE,RTPD,MCE,LMP_ENE_PRC,RPP2_6_CTG2GNODE,ALL,1,226.61499,1,3
2022-09-01T22:00:00-00:00,2022-09-01T22:15:00-00:00,2022-09-01,16,RPP2_6_CTG2GNODE,RPP2_6_CTG2GNODE,RPP2_6_CTG2GNODE,RTPD,MCE,LMP_ENE_PRC,RPP2_6_CTG2GNODE,ALL,1,229.18552,1,3
2022-09-01T23:00:00-00:00,2022-09-01T23:15:00-00:00,2022-09-01,17,RPP2_6_CTG2GNODE,RPP2_6_CTG2GNODE,RPP2_6_CTG2GNODE,RTPD,MCE,LMP_ENE_PRC,RPP2_6_CTG2GNODE,ALL,1,386.7537,1,3
2022-09-02T00:00:00-00:00,2022-09-02T00:15:00-00:00,2022-09-01,18,RPP2_6_CTG2GNODE,RPP2_6_CTG2GNODE,RPP2_6_CTG2GNODE,RTPD,MCE,LMP_ENE_PRC,RPP2_6_CTG2GNODE,ALL,1,770.58136,1,3
2022-09-02T01:00:00-00:00,2022-09-02T01:15:00-00:00,2022-09-01,19,RPP2_6_CTG2GNODE,RPP2_6_CTG2GNODE,RPP2_6_CTG2GNODE,RTPD,MCE,LMP_ENE_PRC,RPP2_6_CTG2GNODE,ALL,1,916.27124,1,3
2022-09-02T02:00:00-00:00,2022-09-02T02:15:00-00:00,2022-09-01,20,RPP2_6_CTG2GNODE,RPP2_6_CTG2GNODE,RPP2_6_CTG2GNODE,RTPD,MCE,LMP_ENE_PRC,RPP2_6_CTG2GNODE,ALL,1,1991.6721,1,3
2022-09-02T03:00:00-00:00,2022-09-02T03:15:00-00:00,2022-09-01,21,RPP2_6_CTG2GNODE,RPP2_6_CTG2GNODE,RPP2_6_CTG2GNODE,RTPD,MCE,LMP_ENE_PRC,RPP2_6_CTG2GNODE,ALL,1,917.5508,1,3
2022-09-02T04:00:00-00:00,2022-09-02T04:15:00-00:00,2022-09-01,22,RPP2_6_CTG2GNODE,RPP2_6_CTG2GNODE,RPP2_6_CTG2GNODE,RTPD,MCE,LMP_ENE_PRC,RPP2_6_CTG2GNODE,ALL,1,257.83005,1,3
2022-09-02T05:00:00-00:00,2022-09-02T05:15:00-00:00,2022-09-01,23,RPP2_6_CTG2GNODE,RPP2_6_CTG2GNODE,RPP2_6_CTG2GNODE,RTPD,MCE,LMP_ENE_PRC,RPP2_6_CTG2GNODE,ALL,1,183.24657,1,3
2022-09-02T06:00:00-00:00,2022-09-02T06:15:00-00:00,2022-09-01,24,RPP2_6_CTG2GNODE,RPP2_6_CTG2GNODE,RPP2_6_CTG2GNODE,RTPD,MCE,LMP_ENE_PRC,RPP2_6_CTG2GNODE,ALL,1,158.867,1,3
2022-09-01T07:15:00-00:00,2022-09-01T07:30:00-00:00,2022-09-01,01,RPP2_6_CTG2GNODE,RPP2_6_CTG2GNODE,RPP2_6_CTG2GNODE,RTPD,MCE,LMP_ENE_PRC,RPP2_6_CTG2GNODE,ALL,1,125.55144,2,3
2022-09-01T08:15:00-00:00,2022-09-01T08:30:00-00:00,2022-09-01,02,RPP2_6_CTG2GNODE,RPP2_6_CTG2GNODE,RPP2_6_CTG2GNODE,RTPD,MCE,LMP_ENE_PRC,RPP2_6_CTG2GNODE,ALL,1,115.53165,2,3
2022-09-01T09:15:00-00:00,2022-09-01T09:30:00-00:00,2022-09-01,03,RPP2_6_CTG2GNODE,RPP2_6_CTG2GNODE,RPP2_6_CTG2GNODE,RTPD,MCE,LMP_ENE_PRC,RPP2_6_CTG2GNODE,ALL,1,98.30543,2,3
2022-09-01T10:15:00-00:00,2022-09-01T10:30:00-00:00,2022-09-01,04,RPP2_6_CTG2GNODE,RPP2_6_CTG2GNODE,RPP2_6_CTG2GNODE,RTPD,MCE,LMP_ENE_PRC,RPP2_6_CTG2GNODE,ALL,1,97.00684,2,3
2022-09-01T11:15:00-00:00,2022-09-01T11:30:00-00:00,2022-09-01,05,RPP2_6_CTG2GNODE,RPP2_6_CTG2GNODE,RPP2_6_CTG2GNODE,RTPD,MCE,LMP_ENE_PRC,RPP2_6_CTG2GNODE,ALL,1,103.09059,2,3
2022-09-01T12:15:00-00:00,2022-09-01T12:30:00-00:00,2022-09-01,06,RPP2_6_CTG2GNODE,RPP2_6_CTG2GNODE,RPP2_6_CTG2GNODE,RTPD,MCE,LMP_ENE_PRC,RPP2_6_CTG2GNODE,ALL,1,109.32203,2,3
2022-09-01T13:15:00-00:00,2022-09-01T13:30:00-00:00,2022-09-01,07,RPP2_6_CTG2GNODE,RPP2_6_CTG2GNODE,RPP2_6_CTG2GNODE,RTPD,MCE,LMP_ENE_PRC,RPP2_6_CTG2GNODE,ALL,1,110.97827,2,3
2022-09-01T14:15:00-00:00,2022-09-01T14:30:00-00:00,2022-09-01,08,RPP2_6_CTG2GNODE,RPP2_6_CTG2GNODE,RPP2_6_CTG2GNODE,RTPD,MCE,LMP_ENE_PRC,RPP2_6_CTG2GNODE,ALL,1,104.78743,2,3
2022-09-01T15:15:00-00:00,2022-09-01T15:30:00-00:00,2022-09-01,09,RPP2_6_CTG2GNODE,RPP2_6_CTG2GNODE,RPP2_6_CTG2GNODE,RTPD,MCE,LMP_ENE_PRC,RPP2_6_CTG2GNODE,ALL,1,86.9388,2,3
2022-09-01T16:15:00-00:00,2022-09-01T16:30:00-00:00,2022-09-01,10,RPP2_6_CTG2GNODE,RPP2_6_CTG2GNODE,RPP2_6_CTG2GNODE,RTPD,MCE,LMP_ENE_PRC,RPP2_6_CTG2GNODE,ALL,1,89.44858,2,3
2022-09-01T17:15:00-00:00,2022-09-01T17:30:00-00:00,2022-09-01,11,RPP2_6_CTG2GNODE,RPP2_6_CTG2GNODE,RPP2_6_CTG2GNODE,RTPD,MCE,LMP_ENE_PRC,RPP2_6_CTG2GNODE,ALL,1,99.34673,2,3
2022-09-01T18:15:00-00:00,2022-09-01T18:30:00-00:00,2022-09-01,12,RPP2_6_CTG2GNODE,RPP2_6_CTG2GNODE,RPP2_6_CTG2GNODE,RTPD,MCE,LMP_ENE_PRC,RPP2_6_CTG2GNODE,ALL,1,101.15901,2,3
2022-09-01T19:15:00-00:00,2022-09-01T19:30:00-00:00,2022-09-01,13,RPP2_6_CTG2GNODE,RPP2_6_CTG2GNODE,RPP2_6_CTG2GNODE,RTPD,MCE,LMP_ENE_PRC,RPP2_6_CTG2GNODE,ALL,1,105.30588,2,3
2022-09-01T20:15:00-00:00,2022-09-01T20:30:00-00:00,2022-09-01,14,RPP2_6_CTG2GNODE,RPP2_6_CTG2GNODE,RPP2_6_CTG2GNODE,RTPD,MCE,LMP_ENE_PRC,RPP2_6_CTG2GNODE,ALL,1,117.49421,2,3
2022-09-01T21:15:00-00:00,2022-09-01T21:30:00-00:00,2022-09-01,15,RPP2_6_CTG2GNODE,RPP2_6_CTG2GNODE,RPP2_6_CTG2GNODE,RTPD,MCE,LMP_ENE_PRC,RPP2_6_CTG2GNODE,ALL,1,147.21185,2,3
2022-09-01T22:15:00-00:00,2022-09-01T22:30:00-00:00,2022-09-01,16,RPP2_6_CTG2GNODE,RPP2_6_CTG2GNODE,RPP2_6_CTG2GNODE,RTPD,MCE,LMP_ENE_PRC,RPP2_6_CTG2GNODE,ALL,1,256.58734,2,3
2022-09-01T23:15:00-00:00,2022-09-01T23:30:00-00:00,2022-09-01,17,RPP2_6_CTG2GNODE,RPP2_6_CTG2GNODE,RPP2_6_CTG2GNODE,RTPD,MCE,LMP_ENE_PRC,RPP2_6_CTG2GNODE,ALL,1,362.12408,2,3
2022-09-02T00:15:00-00:00,2022-09-02T00:30:00-00:00,2022-09-01,18,RPP2_6_CTG2GNODE,RPP2_6_CTG2GNODE,RPP2_6_CTG2GNODE,RTPD,MCE,LMP_ENE_PRC,RPP2_6_CTG2GNODE,ALL,1,691.2182,2,3
2022-09-02T01:15:00-00:00,2022-09-02T01:30:00-00:00,2022-09-01,19,RPP2_6_CTG2GNODE,RPP2_6_CTG2GNODE,RPP2_6_CTG2GNODE,RTPD,MCE,LMP_ENE_PRC,RPP2_6_CTG2GNODE,ALL,1,1999.9933,2,3
2022-09-02T02:15:00-00:00,2022-09-02T02:30:00-00:00,2022-09-01,20,RPP2_6_CTG2GNODE,RPP2_6_CTG2GNODE,RPP2_6_CTG2GNODE,RTPD,MCE,LMP_ENE_PRC,RPP2_6_CTG2GNODE,ALL,1,1991.6721,2,3
2022-09-02T03:15:00-00:00,2022-09-02T03:30:00-00:00,2022-09-01,21,RPP2_6_CTG2GNODE,RPP2_6_CTG2GNODE,RPP2_6_CTG2GNODE,RTPD,MCE,LMP_ENE_PRC,RPP2_6_CTG2GNODE,ALL,1,400.52884,2,3
2022-09-02T04:15:00-00:00,2022-09-02T04:30:00-00:00,2022-09-01,22,RPP2_6_CTG2GNODE,RPP2_6_CTG2GNODE,RPP2_6_CTG2GNODE,RTPD,MCE,LMP_ENE_PRC,RPP2_6_CTG2GNODE,ALL,1,224.75041,2,3
2022-09-02T05:15:00-00:00,2022-09-02T05:30:00-00:00,2022-09-01,23,RPP2_6_CTG2GNODE,RPP2_6_CTG2GNODE,RPP2_6_CTG2GNODE,RTPD,MCE,LMP_ENE_PRC,RPP2_6_CTG2GNODE,ALL,1,157.11986,2,3
2022-09-02T06:15:00-00:00,2022-09-02T06:30:00-00:00,2022-09-01,24,RPP2_6_CTG2GNODE,RPP2_6_CTG2GNODE,RPP2_6_CTG2GNODE,RTPD,MCE,LMP_ENE_PRC,RPP2_6_CTG2GNODE,ALL,1,143.1005,2,3
2022-09-01T07:30:00-00:00,2022-09-01T07:45:00-00:00,2022-09-01,01,RPP2_6_CTG2GNODE,RPP2_6_CTG2GNODE,RPP2_6_CTG2GNODE,RTPD,MCE,LMP_ENE_PRC,RPP2_6_CTG2GNODE,ALL,1,119.03196,3,3
2022-09-01T08:30:00-00:00,2022-09-01T08:45:00-00:00,2022-09-01,02,RPP2_6_CTG2GNODE,RPP2_6_CTG2GNODE,RPP2_6_CTG2GNODE,RTPD,MCE,LMP_ENE_PRC,RPP2_6_CTG2GNODE,ALL,1,111.11241,3,3
2022-09-01T09:30:00-00:00,2022-09-01T09:45:00-00:00,2022-09-01,03,RPP2_6_CTG2GNODE,RPP2_6_CTG2GNODE,RPP2_6_CTG2GNODE,RTPD,MCE,LMP_ENE_PRC,RPP2_6_CTG2GNODE,ALL,1,98.16228,3,3
2022-09-01T10:30:00-00:00,2022-09-01T10:45:00-00:00,2022-09-01,04,RPP2_6_CTG2GNODE,RPP2_6_CTG2GNODE,RPP2_6_CTG2GNODE,RTPD,MCE,LMP_ENE_PRC,RPP2_6_CTG2GNODE,ALL,1,96.36226,3,3
2022-09-01T11:30:00-00:00,2022-09-01T11:45:00-00:00,2022-09-01,05,RPP2_6_CTG2GNODE,RPP2_6_CTG2GNODE,RPP2_6_CTG2GNODE,RTPD,MCE,LMP_ENE_PRC,RPP2_6_CTG2GNODE,ALL,1,103.06198,3,3
2022-09-01T12:30:00-00:00,2022-09-01T12:45:00-00:00,2022-09-01,06,RPP2_6_CTG2GNODE,RPP2_6_CTG2GNODE,RPP2_6_CTG2GNODE,RTPD,MCE,LMP_ENE_PRC,RPP2_6_CTG2GNODE,ALL,1,113.57403,3,3
2022-09-01T13:30:00-00:00,2022-09-01T13:45:00-00:00,2022-09-01,07,RPP2_6_CTG2GNODE,RPP2_6_CTG2GNODE,RPP2_6_CTG2GNODE,RTPD,MCE,LMP_ENE_PRC,RPP2_6_CTG2GNODE,ALL,1,111.52025,3,3
2022-09-01T14:30:00-00:00,2022-09-01T14:45:00-00:00,2022-09-01,08,RPP2_6_CTG2GNODE,RPP2_6_CTG2GNODE,RPP2_6_CTG2GNODE,RTPD,MCE,LMP_ENE_PRC,RPP2_6_CTG2GNODE,ALL,1,101.83428,3,3
2022-09-01T15:30:00-00:00,2022-09-01T15:45:00-00:00,2022-09-01,09,RPP2_6_CTG2GNODE,RPP2_6_CTG2GNODE,RPP2_6_CTG2GNODE,RTPD,MCE,LMP_ENE_PRC,RPP2_6_CTG2GNODE,ALL,1,86.1388,3,3
2022-09-01T16:30:00-00:00,2022-09-01T16:45:00-00:00,2022-09-01,10,RPP2_6_CTG2GNODE,RPP2_6_CTG2GNODE,RPP2_6_CTG2GNODE,RTPD,MCE,LMP_ENE_PRC,RPP2_6_CTG2GNODE,ALL,1,88.79644,3,3
2022-09-01T17:30:00-00:00,2022-09-01T17:45:00-00:00,2022-09-01,11,RPP2_6_CTG2GNODE,RPP2_6_CTG2GNODE,RPP2_6_CTG2GNODE,RTPD,MCE,LMP_ENE_PRC,RPP2_6_CTG2GNODE,ALL,1,99.13013,3,3
2022-09-01T18:30:00-00:00,2022-09-01T18:45:00-00:00,2022-09-01,12,RPP2_6_CTG2GNODE,RPP2_6_CTG2GNODE,RPP2_6_CTG2GNODE,RTPD,MCE,LMP_ENE_PRC,RPP2_6_CTG2GNODE,ALL,1,107.05718,3,3
2022-09-01T19:30:00-00:00,2022-09-01T19:45:00-00:00,2022-09-01,13,RPP2_6_CTG2GNODE,RPP2_6_CTG2GNODE,RPP2_6_CTG2GNODE,RTPD,MCE,LMP_ENE_PRC,RPP2_6_CTG2GNODE,ALL,1,114.05905,3,3
2022-09-01T20:30:00-00:00,2022-09-01T20:45:00-00:00,2022-09-01,14,RPP2_6_CTG2GNODE,RPP2_6_CTG2GNODE,RPP2_6_CTG2GNODE,RTPD,MCE,LMP_ENE_PRC,RPP2_6_CTG2GNODE,ALL,1,129.81606,3,3
2022-09-01T21:30:00-00:00,2022-09-01T21:45:00-00:00,2022-09-01,15,RPP2_6_CTG2GNODE,RPP2_6_CTG2GNODE,RPP2_6_CTG2GNODE,RTPD,MCE,LMP_ENE_PRC,RPP2_6_CTG2GNODE,ALL,1,152.93057,3,3
2022-09-01T22:30:00-00:00,2022-09-01T22:45:00-00:00,2022-09-01,16,RPP2_6_CTG2GNODE,RPP2_6_CTG2GNODE,RPP2_6_CTG2GNODE,RTPD,MCE,LMP_ENE_PRC,RPP2_6_CTG2GNODE,ALL,1,283.18182,3,3
2022-09-01T23:30:00-00:00,2022-09-01T23:45:00-00:00,2022-09-01,17,RPP2_6_CTG2GNODE,RPP2_6_CTG2GNODE,RPP2_6_CTG2GNODE,RTPD,MCE,LMP_ENE_PRC,RPP2_6_CTG2GNODE,ALL,1,566.48157,3,3
2022-09-02T00:30:00-00:00,2022-09-02T00:45:00-00:00,2022-09-01,18,RPP2_6_CTG2GNODE,RPP2_6_CTG2GNODE,RPP2_6_CTG2GNODE,RTPD,MCE,LMP_ENE_PRC,RPP2_6_CTG2GNODE,ALL,1,1329.1127,3,3
2022-09-02T01:30:00-00:00,2022-09-02T01:45:00-00:00,2022-09-01,19,RPP2_6_CTG2GNODE,RPP2_6_CTG2GNODE,RPP2_6_CTG2GNODE,RTPD,MCE,LMP_ENE_PRC,RPP2_6_CTG2GNODE,ALL,1,1999.9956,3,3
2022-09-02T02:30:00-00:00,2022-09-02T02:45:00-00:00,2022-09-01,20,RPP2_6_CTG2GNODE,RPP2_6_CTG2GNODE,RPP2_6_CTG2GNODE,RTPD,MCE,LMP_ENE_PRC,RPP2_6_CTG2GNODE,ALL,1,1991.671,3,3
2022-09-02T03:30:00-00:00,2022-09-02T03:45:00-00:00,2022-09-01,21,RPP2_6_CTG2GNODE,RPP2_6_CTG2GNODE,RPP2_6_CTG2GNODE,RTPD,MCE,LMP_ENE_PRC,RPP2_6_CTG2GNODE,ALL,1,186.61823,3,3
2022-09-02T04:30:00-00:00,2022-09-02T04:45:00-00:00,2022-09-01,22,RPP2_6_CTG2GNODE,RPP2_6_CTG2GNODE,RPP2_6_CTG2GNODE,RTPD,MCE,LMP_ENE_PRC,RPP2_6_CTG2GNODE,ALL,1,180.67824,3,3
2022-09-02T05:30:00-00:00,2022-09-02T05:45:00-00:00,2022-09-01,23,RPP2_6_CTG2GNODE,RPP2_6_CTG2GNODE,RPP2_6_CTG2GNODE,RTPD,MCE,LMP_ENE_PRC,RPP2_6_CTG2GNODE,ALL,1,131.69917,3,3
2022-09-02T06:30:00-00:00,2022-09-02T06:45:00-00:00,2022-09-01,24,RPP2_6_CTG2GNODE,RPP2_6_CTG2GNODE,RPP2_6_CTG2GNODE,RTPD,MCE,LMP_ENE_PRC,RPP2_6_CTG2GNODE,ALL,1,128.9871,3,3
2022-09-01T07:45:00-00:00,2022-09-01T08:00:00-00:00,2022-09-01,01,RPP2_6_CTG2GNODE,RPP2_6_CTG2GNODE,RPP2_6_CTG2GNODE,RTPD,MCE,LMP_ENE_PRC,RPP2_6_CTG2GNODE,ALL,1,109.12099,4,3
2022-09-01T08:45:00-00:00,2022-09-01T09:00:00-00:00,2022-09-01,02,RPP2_6_CTG2GNODE,RPP2_6_CTG2GNODE,RPP2_6_CTG2GNODE,RTPD,MCE,LMP_ENE_PRC,RPP2_6_CTG2GNODE,ALL,1,98.7357,4,3
2022-09-01T09:45:00-00:00,2022-09-01T10:00:00-00:00,2022-09-01,03,RPP2_6_CTG2GNODE,RPP2_6_CTG2GNODE,RPP2_6_CTG2GNODE,RTPD,MCE,LMP_ENE_PRC,RPP2_6_CTG2GNODE,ALL,1,97.50475,4,3
2022-09-01T10:45:00-00:00,2022-09-01T11:00:00-00:00,2022-09-01,04,RPP2_6_CTG2GNODE,RPP2_6_CTG2GNODE,RPP2_6_CTG2GNODE,RTPD,MCE,LMP_ENE_PRC,RPP2_6_CTG2GNODE,ALL,1,94.71966,4,3
2022-09-01T11:45:00-00:00,2022-09-01T12:00:00-00:00,2022-09-01,05,RPP2_6_CTG2GNODE,RPP2_6_CTG2GNODE,RPP2_6_CTG2GNODE,RTPD,MCE,LMP_ENE_PRC,RPP2_6_CTG2GNODE,ALL,1,107.01,4,3
2022-09-01T12:45:00-00:00,2022-09-01T13:00:00-00:00,2022-09-01,06,RPP2_6_CTG2GNODE,RPP2_6_CTG2GNODE,RPP2_6_CTG2GNODE,RTPD,MCE,LMP_ENE_PRC,RPP2_6_CTG2GNODE,ALL,1,116.4848,4,3
2022-09-01T13:45:00-00:00,2022-09-01T14:00:00-00:00,2022-09-01,07,RPP2_6_CTG2GNODE,RPP2_6_CTG2GNODE,RPP2_6_CTG2GNODE,RTPD,MCE,LMP_ENE_PRC,RPP2_6_CTG2GNODE,ALL,1,111.41,4,3
2022-09-01T14:45:00-00:00,2022-09-01T15:00:00-00:00,2022-09-01,08,RPP2_6_CTG2GNODE,RPP2_6_CTG2GNODE,RPP2_6_CTG2GNODE,RTPD,MCE,LMP_ENE_PRC,RPP2_6_CTG2GNODE,ALL,1,86.1388,4,3
2022-09-01T15:45:00-00:00,2022-09-01T16:00:00-00:00,2022-09-01,09,RPP2_6_CTG2GNODE,RPP2_6_CTG2GNODE,RPP2_6_CTG2GNODE,RTPD,MCE,LMP_ENE_PRC,RPP2_6_CTG2GNODE,ALL,1,78.70076,4,3
2022-09-01T16:45:00-00:00,2022-09-01T17:00:00-00:00,2022-09-01,10,RPP2_6_CTG2GNODE,RPP2_6_CTG2GNODE,RPP2_6_CTG2GNODE,RTPD,MCE,LMP_ENE_PRC,RPP2_6_CTG2GNODE,ALL,1,91.24933,4,3
2022-09-01T17:45:00-00:00,2022-09-01T18:00:00-00:00,2022-09-01,11,RPP2_6_CTG2GNODE,RPP2_6_CTG2GNODE,RPP2_6_CTG2GNODE,RTPD,MCE,LMP_ENE_PRC,RPP2_6_CTG2GNODE,ALL,1,99.20544,4,3
2022-09-01T18:45:00-00:00,2022-09-01T19:00:00-00:00,2022-09-01,12,RPP2_6_CTG2GNODE,RPP2_6_CTG2GNODE,RPP2_6_CTG2GNODE,RTPD,MCE,LMP_ENE_PRC,RPP2_6_CTG2GNODE,ALL,1,109.04064,4,3
2022-09-01T19:45:00-00:00,2022-09-01T20:00:00-00:00,2022-09-01,13,RPP2_6_CTG2GNODE,RPP2_6_CTG2GNODE,RPP2_6_CTG2GNODE,RTPD,MCE,LMP_ENE_PRC,RPP2_6_CTG2GNODE,ALL,1,120.22491,4,3
2022-09-01T20:45:00-00:00,2022-09-01T21:00:00-00:00,2022-09-01,14,RPP2_6_CTG2GNODE,RPP2_6_CTG2GNODE,RPP2_6_CTG2GNODE,RTPD,MCE,LMP_ENE_PRC,RPP2_6_CTG2GNODE,ALL,1,154.02509,4,3
2022-09-01T21:45:00-00:00,2022-09-01T22:00:00-00:00,2022-09-01,15,RPP2_6_CTG2GNODE,RPP2_6_CTG2GNODE,RPP2_6_CTG2GNODE,RTPD,MCE,LMP_ENE_PRC,RPP2_6_CTG2GNODE,ALL,1,300.29376,4,3
2022-09-01T22:45:00-00:00,2022-09-01T23:00:00-00:00,2022-09-01,16,RPP2_6_CTG2GNODE,RPP2_6_CTG2GNODE,RPP2_6_CTG2GNODE,RTPD,MCE,LMP_ENE_PRC,RPP2_6_CTG2GNODE,ALL,1,429.9137,4,3
2022-09-01T23:45:00-00:00,2022-09-02T00:00:00-00:00,2022-09-01,17,RPP2_6_CTG2GNODE,RPP2_6_CTG2GNODE,RPP2_6_CTG2GNODE,RTPD,MCE,LMP_ENE_PRC,RPP2_6_CTG2GNODE,ALL,1,1261.2124,4,3
2022-09-02T00:45:00-00:00,2022-09-02T01:00:00-00:00,2022-09-01,18,RPP2_6_CTG2GNODE,RPP2_6_CTG2GNODE,RPP2_6_CTG2GNODE,RTPD,MCE,LMP_ENE_PRC,RPP2_6_CTG2GNODE,ALL,1,1519.149,4,3
2022-09-02T01:45:00-00:00,2022-09-02T02:00:00-00:00,2022-09-01,19,RPP2_6_CTG2GNODE,RPP2_6_CTG2GNODE,RPP2_6_CTG2GNODE,RTPD,MCE,LMP_ENE_PRC,RPP2_6_CTG2GNODE,ALL,1,1991.9337,4,3
2022-09-02T02:45:00-00:00,2022-09-02T03:00:00-00:00,2022-09-01,20,RPP2_6_CTG2GNODE,RPP2_6_CTG2GNODE,RPP2_6_CTG2GNODE,RTPD,MCE,LMP_ENE_PRC,RPP2_6_CTG2GNODE,ALL,1,1629.6213,4,3
2022-09-02T03:45:00-00:00,2022-09-02T04:00:00-00:00,2022-09-01,21,RPP2_6_CTG2GNODE,RPP2_6_CTG2GNODE,RPP2_6_CTG2GNODE,RTPD,MCE,LMP_ENE_PRC,RPP2_6_CTG2GNODE,ALL,1,141.13702,4,3
2022-09-02T04:45:00-00:00,2022-09-02T05:00:00-00:00,2022-09-01,22,RPP2_6_CTG2GNODE,RPP2_6_CTG2GNODE,RPP2_6_CTG2GNODE,RTPD,MCE,LMP_ENE_PRC,RPP2_6_CTG2GNODE,ALL,1,126.76372,4,3
2022-09-02T05:45:00-00:00,2022-09-02T06:00:00-00:00,2022-09-01,23,RPP2_6_CTG2GNODE,RPP2_6_CTG2GNODE,RPP2_6_CTG2GNODE,RTPD,MCE,LMP_ENE_PRC,RPP2_6_CTG2GNODE,ALL,1,119.00958,4,3
2022-09-02T06:45:00-00:00,2022-09-02T07:00:00-00:00,2022-09-01,24,RPP2_6_CTG2GNODE,RPP2_6_CTG2GNODE,RPP2_6_CTG2GNODE,RTPD,MCE,LMP_ENE_PRC,RPP2_6_CTG2GNODE,ALL,1,109.20324,4,3
2022-09-01T07:00:00-00:00,2022-09-01T07:15:00-00:00,2022-09-01,01,RPP2_6_CTG2GNODE,RPP2_6_CTG2GNODE,RPP2_6_CTG2GNODE,RTPD,MCL,LMP_LOSS_PRC,RPP2_6_CTG2GNODE,ALL,1,-1.03194,1,4
2022-09-01T08:00:00-00:00,2022-09-01T08:15:00-00:00,2022-09-01,02,RPP2_6_CTG2GNODE,RPP2_6_CTG2GNODE,RPP2_6_CTG2GNODE,RTPD,MCL,LMP_LOSS_PRC,RPP2_6_CTG2GNODE,ALL,1,0,1,4
2022-09-01T09:00:00-00:00,2022-09-01T09:15:00-00:00,2022-09-01,03,RPP2_6_CTG2GNODE,RPP2_6_CTG2GNODE,RPP2_6_CTG2GNODE,RTPD,MCL,LMP_LOSS_PRC,RPP2_6_CTG2GNODE,ALL,1,-0.18949,1,4
2022-09-01T10:00:00-00:00,2022-09-01T10:15:00-00:00,2022-09-01,04,RPP2_6_CTG2GNODE,RPP2_6_CTG2GNODE,RPP2_6_CTG2GNODE,RTPD,MCL,LMP_LOSS_PRC,RPP2_6_CTG2GNODE,ALL,1,0.01973,1,4
2022-09-01T11:00:00-00:00,2022-09-01T11:15:00-00:00,2022-09-01,05,RPP2_6_CTG2GNODE,RPP2_6_CTG2GNODE,RPP2_6_CTG2GNODE,RTPD,MCL,LMP_LOSS_PRC,RPP2_6_CTG2GNODE,ALL,1,-0.06154,1,4
2022-09-01T12:00:00-00:00,2022-09-01T12:15:00-00:00,2022-09-01,06,RPP2_6_CTG2GNODE,RPP2_6_CTG2GNODE,RPP2_6_CTG2GNODE,RTPD,MCL,LMP_LOSS_PRC,RPP2_6_CTG2GNODE,ALL,1,-0.73651,1,4
2022-09-01T13:00:00-00:00,2022-09-01T13:15:00-00:00,2022-09-01,07,RPP2_6_CTG2GNODE,RPP2_6_CTG2GNODE,RPP2_6_CTG2GNODE,RTPD,MCL,LMP_LOSS_PRC,RPP2_6_CTG2GNODE,ALL,1,0,1,4
2022-09-01T14:00:00-00:00,2022-09-01T14:15:00-00:00,2022-09-01,08,RPP2_6_CTG2GNODE,RPP2_6_CTG2GNODE,RPP2_6_CTG2GNODE,RTPD,MCL,LMP_LOSS_PRC,RPP2_6_CTG2GNODE,ALL,1,1.46667,1,4
2022-09-01T15:00:00-00:00,2022-09-01T15:15:00-00:00,2022-09-01,09,RPP2_6_CTG2GNODE,RPP2_6_CTG2GNODE,RPP2_6_CTG2GNODE,RTPD,MCL,LMP_LOSS_PRC,RPP2_6_CTG2GNODE,ALL,1,0,1,4
2022-09-01T16:00:00-00:00,2022-09-01T16:15:00-00:00,2022-09-01,10,RPP2_6_CTG2GNODE,RPP2_6_CTG2GNODE,RPP2_6_CTG2GNODE,RTPD,MCL,LMP_LOSS_PRC,RPP2_6_CTG2GNODE,ALL,1,0,1,4
2022-09-01T17:00:00-00:00,2022-09-01T17:15:00-00:00,2022-09-01,11,RPP2_6_CTG2GNODE,RPP2_6_CTG2GNODE,RPP2_6_CTG2GNODE,RTPD,MCL,LMP_LOSS_PRC,RPP2_6_CTG2GNODE,ALL,1,0,1,4
2022-09-01T18:00:00-00:00,2022-09-01T18:15:00-00:00,2022-09-01,12,RPP2_6_CTG2GNODE,RPP2_6_CTG2GNODE,RPP2_6_CTG2GNODE,RTPD,MCL,LMP_LOSS_PRC,RPP2_6_CTG2GNODE,ALL,1,0,1,4
2022-09-01T19:00:00-00:00,2022-09-01T19:15:00-00:00,2022-09-01,13,RPP2_6_CTG2GNODE,RPP2_6_CTG2GNODE,RPP2_6_CTG2GNODE,RTPD,MCL,LMP_LOSS_PRC,RPP2_6_CTG2GNODE,ALL,1,0,1,4
2022-09-01T20:00:00-00:00,2022-09-01T20:15:00-00:00,2022-09-01,14,RPP2_6_CTG2GNODE,RPP2_6_CTG2GNODE,RPP2_6_CTG2GNODE,RTPD,MCL,LMP_LOSS_PRC,RPP2_6_CTG2GNODE,ALL,1,0,1,4
2022-09-01T21:00:00-00:00,2022-09-01T21:15:00-00:00,2022-09-01,15,RPP2_6_CTG2GNODE,RPP2_6_CTG2GNODE,RPP2_6_CTG2GNODE,RTPD,MCL,LMP_LOSS_PRC,RPP2_6_CTG2GNODE,ALL,1,0,1,4
2022-09-01T22:00:00-00:00,2022-09-01T22:15:00-00:00,2022-09-01,16,RPP2_6_CTG2GNODE,RPP2_6_CTG2GNODE,RPP2_6_CTG2GNODE,RTPD,MCL,LMP_LOSS_PRC,RPP2_6_CTG2GNODE,ALL,1,0,1,4
2022-09-01T23:00:00-00:00,2022-09-01T23:15:00-00:00,2022-09-01,17,RPP2_6_CTG2GNODE,RPP2_6_CTG2GNODE,RPP2_6_CTG2GNODE,RTPD,MCL,LMP_LOSS_PRC,RPP2_6_CTG2GNODE,ALL,1,0,1,4
2022-09-02T00:00:00-00:00,2022-09-02T00:15:00-00:00,2022-09-01,18,RPP2_6_CTG2GNODE,RPP2_6_CTG2GNODE,RPP2_6_CTG2GNODE,RTPD,MCL,LMP_LOSS_PRC,RPP2_6_CTG2GNODE,ALL,1,29.59028,1,4
2022-09-02T01:00:00-00:00,2022-09-02T01:15:00-00:00,2022-09-01,19,RPP2_6_CTG2GNODE,RPP2_6_CTG2GNODE,RPP2_6_CTG2GNODE,RTPD,MCL,LMP_LOSS_PRC,RPP2_6_CTG2GNODE,ALL,1,0,1,4
2022-09-02T02:00:00-00:00,2022-09-02T02:15:00-00:00,2022-09-01,20,RPP2_6_CTG2GNODE,RPP2_6_CTG2GNODE,RPP2_6_CTG2GNODE,RTPD,MCL,LMP_LOSS_PRC,RPP2_6_CTG2GNODE,ALL,1,0,1,4
2022-09-02T03:00:00-00:00,2022-09-02T03:15:00-00:00,2022-09-01,21,RPP2_6_CTG2GNODE,RPP2_6_CTG2GNODE,RPP2_6_CTG2GNODE,RTPD,MCL,LMP_LOSS_PRC,RPP2_6_CTG2GNODE,ALL,1,46.2445,1,4
2022-09-02T04:00:00-00:00,2022-09-02T04:15:00-00:00,2022-09-01,22,RPP2_6_CTG2GNODE,RPP2_6_CTG2GNODE,RPP2_6_CTG2GNODE,RTPD,MCL,LMP_LOSS_PRC,RPP2_6_CTG2GNODE,ALL,1,6.52307,1,4
2022-09-02T05:00:00-00:00,2022-09-02T05:15:00-00:00,2022-09-01,23,RPP2_6_CTG2GNODE,RPP2_6_CTG2GNODE,RPP2_6_CTG2GNODE,RTPD,MCL,LMP_LOSS_PRC,RPP2_6_CTG2GNODE,ALL,1,4.08643,1,4
2022-09-02T06:00:00-00:00,2022-09-02T06:15:00-00:00,2022-09-01,24,RPP2_6_CTG2GNODE,RPP2_6_CTG2GNODE,RPP2_6_CTG2GNODE,RTPD,MCL,LMP_LOSS_PRC,RPP2_6_CTG2GNODE,ALL,1,2.25593,1,4
2022-09-01T07:15:00-00:00,2022-09-01T07:30:00-00:00,2022-09-01,01,RPP2_6_CTG2GNODE,RPP2_6_CTG2GNODE,RPP2_6_CTG2GNODE,RTPD,MCL,LMP_LOSS_PRC,RPP2_6_CTG2GNODE,ALL,1,0,2,4
2022-09-01T08:15:00-00:00,2022-09-01T08:30:00-00:00,2022-09-01,02,RPP2_6_CTG2GNODE,RPP2_6_CTG2GNODE,RPP2_6_CTG2GNODE,RTPD,MCL,LMP_LOSS_PRC,RPP2_6_CTG2GNODE,ALL,1,0,2,4
2022-09-01T09:15:00-00:00,2022-09-01T09:30:00-00:00,2022-09-01,03,RPP2_6_CTG2GNODE,RPP2_6_CTG2GNODE,RPP2_6_CTG2GNODE,RTPD,MCL,LMP_LOSS_PRC,RPP2_6_CTG2GNODE,ALL,1,-0.08848,2,4
2022-09-01T10:15:00-00:00,2022-09-01T10:30:00-00:00,2022-09-01,04,RPP2_6_CTG2GNODE,RPP2_6_CTG2GNODE,RPP2_6_CTG2GNODE,RTPD,MCL,LMP_LOSS_PRC,RPP2_6_CTG2GNODE,ALL,1,-0.06791,2,4
2022-09-01T11:15:00-00:00,2022-09-01T11:30:00-00:00,2022-09-01,05,RPP2_6_CTG2GNODE,RPP2_6_CTG2GNODE,RPP2_6_CTG2GNODE,RTPD,MCL,LMP_LOSS_PRC,RPP2_6_CTG2GNODE,ALL,1,-0.09278,2,4
2022-09-01T12:15:00-00:00,2022-09-01T12:30:00-00:00,2022-09-01,06,RPP2_6_CTG2GNODE,RPP2_6_CTG2GNODE,RPP2_6_CTG2GNODE,RTPD,MCL,LMP_LOSS_PRC,RPP2_6_CTG2GNODE,ALL,1,-0.76526,2,4
2022-09-01T13:15:00-00:00,2022-09-01T13:30:00-00:00,2022-09-01,07,RPP2_6_CTG2GNODE,RPP2_6_CTG2GNODE,RPP2_6_CTG2GNODE,RTPD,MCL,LMP_LOSS_PRC,RPP2_6_CTG2GNODE,ALL,1,-0.56598,2,4
2022-09-01T14:15:00-00:00,2022-09-01T14:30:00-00:00,2022-09-01,08,RPP2_6_CTG2GNODE,RPP2_6_CTG2GNODE,RPP2_6_CTG2GNODE,RTPD,MCL,LMP_LOSS_PRC,RPP2_6_CTG2GNODE,ALL,1,1.43557,2,4
2022-09-01T15:15:00-00:00,2022-09-01T15:30:00-00:00,2022-09-01,09,RPP2_6_CTG2GNODE,RPP2_6_CTG2GNODE,RPP2_6_CTG2GNODE,RTPD,MCL,LMP_LOSS_PRC,RPP2_6_CTG2GNODE,ALL,1,0,2,4
2022-09-01T16:15:00-00:00,2022-09-01T16:30:00-00:00,2022-09-01,10,RPP2_6_CTG2GNODE,RPP2_6_CTG2GNODE,RPP2_6_CTG2GNODE,RTPD,MCL,LMP_LOSS_PRC,RPP2_6_CTG2GNODE,ALL,1,0,2,4
2022-09-01T17:15:00-00:00,2022-09-01T17:30:00-00:00,2022-09-01,11,RPP2_6_CTG2GNODE,RPP2_6_CTG2GNODE,RPP2_6_CTG2GNODE,RTPD,MCL,LMP_LOSS_PRC,RPP2_6_CTG2GNODE,ALL,1,0,2,4
2022-09-01T18:15:00-00:00,2022-09-01T18:30:00-00:00,2022-09-01,12,RPP2_6_CTG2GNODE,RPP2_6_CTG2GNODE,RPP2_6_CTG2GNODE,RTPD,MCL,LMP_LOSS_PRC,RPP2_6_CTG2GNODE,ALL,1,0,2,4
2022-09-01T19:15:00-00:00,2022-09-01T19:30:00-00:00,2022-09-01,13,RPP2_6_CTG2GNODE,RPP2_6_CTG2GNODE,RPP2_6_CTG2GNODE,RTPD,MCL,LMP_LOSS_PRC,RPP2_6_CTG2GNODE,ALL,1,0,2,4
2022-09-01T20:15:00-00:00,2022-09-01T20:30:00-00:00,2022-09-01,14,RPP2_6_CTG2GNODE,RPP2_6_CTG2GNODE,RPP2_6_CTG2GNODE,RTPD,MCL,LMP_LOSS_PRC,RPP2_6_CTG2GNODE,ALL,1,0,2,4
2022-09-01T21:15:00-00:00,2022-09-01T21:30:00-00:00,2022-09-01,15,RPP2_6_CTG2GNODE,RPP2_6_CTG2GNODE,RPP2_6_CTG2GNODE,RTPD,MCL,LMP_LOSS_PRC,RPP2_6_CTG2GNODE,ALL,1,0,2,4
2022-09-01T22:15:00-00:00,2022-09-01T22:30:00-00:00,2022-09-01,16,RPP2_6_CTG2GNODE,RPP2_6_CTG2GNODE,RPP2_6_CTG2GNODE,RTPD,MCL,LMP_LOSS_PRC,RPP2_6_CTG2GNODE,ALL,1,0,2,4
2022-09-01T23:15:00-00:00,2022-09-01T23:30:00-00:00,2022-09-01,17,RPP2_6_CTG2GNODE,RPP2_6_CTG2GNODE,RPP2_6_CTG2GNODE,RTPD,MCL,LMP_LOSS_PRC,RPP2_6_CTG2GNODE,ALL,1,0,2,4
2022-09-02T00:15:00-00:00,2022-09-02T00:30:00-00:00,2022-09-01,18,RPP2_6_CTG2GNODE,RPP2_6_CTG2GNODE,RPP2_6_CTG2GNODE,RTPD,MCL,LMP_LOSS_PRC,RPP2_6_CTG2GNODE,ALL,1,27.85605,2,4
2022-09-02T01:15:00-00:00,2022-09-02T01:30:00-00:00,2022-09-01,19,RPP2_6_CTG2GNODE,RPP2_6_CTG2GNODE,RPP2_6_CTG2GNODE,RTPD,MCL,LMP_LOSS_PRC,RPP2_6_CTG2GNODE,ALL,1,0,2,4
2022-09-02T02:15:00-00:00,2022-09-02T02:30:00-00:00,2022-09-01,20,RPP2_6_CTG2GNODE,RPP2_6_CTG2GNODE,RPP2_6_CTG2GNODE,RTPD,MCL,LMP_LOSS_PRC,RPP2_6_CTG2GNODE,ALL,1,0,2,4
2022-09-02T03:15:00-00:00,2022-09-02T03:30:00-00:00,2022-09-01,21,RPP2_6_CTG2GNODE,RPP2_6_CTG2GNODE,RPP2_6_CTG2GNODE,RTPD,MCL,LMP_LOSS_PRC,RPP2_6_CTG2GNODE,ALL,1,20.74733,2,4
2022-09-02T04:15:00-00:00,2022-09-02T04:30:00-00:00,2022-09-01,22,RPP2_6_CTG2GNODE,RPP2_6_CTG2GNODE,RPP2_6_CTG2GNODE,RTPD,MCL,LMP_LOSS_PRC,RPP2_6_CTG2GNODE,ALL,1,4.78716,2,4
2022-09-02T05:15:00-00:00,2022-09-02T05:30:00-00:00,2022-09-01,23,RPP2_6_CTG2GNODE,RPP2_6_CTG2GNODE,RPP2_6_CTG2GNODE,RTPD,MCL,LMP_LOSS_PRC,RPP2_6_CTG2GNODE,ALL,1,2.96959,2,4
2022-09-02T06:15:00-00:00,2022-09-02T06:30:00-00:00,2022-09-01,24,RPP2_6_CTG2GNODE,RPP2_6_CTG2GNODE,RPP2_6_CTG2GNODE,RTPD,MCL,LMP_LOSS_PRC,RPP2_6_CTG2GNODE,ALL,1,0.67258,2,4
2022-09-01T07:30:00-00:00,2022-09-01T07:45:00-00:00,2022-09-01,01,RPP2_6_CTG2GNODE,RPP2_6_CTG2GNODE,RPP2_6_CTG2GNODE,RTPD,MCL,LMP_LOSS_PRC,RPP2_6_CTG2GNODE,ALL,1,0,3,4
2022-09-01T08:30:00-00:00,2022-09-01T08:45:00-00:00,2022-09-01,02,RPP2_6_CTG2GNODE,RPP2_6_CTG2GNODE,RPP2_6_CTG2GNODE,RTPD,MCL,LMP_LOSS_PRC,RPP2_6_CTG2GNODE,ALL,1,0.36667,3,4
2022-09-01T09:30:00-00:00,2022-09-01T09:45:00-00:00,2022-09-01,03,RPP2_6_CTG2GNODE,RPP2_6_CTG2GNODE,RPP2_6_CTG2GNODE,RTPD,MCL,LMP_LOSS_PRC,RPP2_6_CTG2GNODE,ALL,1,-0.23559,3,4
2022-09-01T10:30:00-00:00,2022-09-01T10:45:00-00:00,2022-09-01,04,RPP2_6_CTG2GNODE,RPP2_6_CTG2GNODE,RPP2_6_CTG2GNODE,RTPD,MCL,LMP_LOSS_PRC,RPP2_6_CTG2GNODE,ALL,1,0.00964,3,4
2022-09-01T11:30:00-00:00,2022-09-01T11:45:00-00:00,2022-09-01,05,RPP2_6_CTG2GNODE,RPP2_6_CTG2GNODE,RPP2_6_CTG2GNODE,RTPD,MCL,LMP_LOSS_PRC,RPP2_6_CTG2GNODE,ALL,1,-0.14429,3,4
2022-09-01T12:30:00-00:00,2022-09-01T12:45:00-00:00,2022-09-01,06,RPP2_6_CTG2GNODE,RPP2_6_CTG2GNODE,RPP2_6_CTG2GNODE,RTPD,MCL,LMP_LOSS_PRC,RPP2_6_CTG2GNODE,ALL,1,-0.68145,3,4
2022-09-01T13:30:00-00:00,2022-09-01T13:45:00-00:00,2022-09-01,07,RPP2_6_CTG2GNODE,RPP2_6_CTG2GNODE,RPP2_6_CTG2GNODE,RTPD,MCL,LMP_LOSS_PRC,RPP2_6_CTG2GNODE,ALL,1,-0.32341,3,4
2022-09-01T14:30:00-00:00,2022-09-01T14:45:00-00:00,2022-09-01,08,RPP2_6_CTG2GNODE,RPP2_6_CTG2GNODE,RPP2_6_CTG2GNODE,RTPD,MCL,LMP_LOSS_PRC,RPP2_6_CTG2GNODE,ALL,1,1.61915,3,4
2022-09-01T15:30:00-00:00,2022-09-01T15:45:00-00:00,2022-09-01,09,RPP2_6_CTG2GNODE,RPP2_6_CTG2GNODE,RPP2_6_CTG2GNODE,RTPD,MCL,LMP_LOSS_PRC,RPP2_6_CTG2GNODE,ALL,1,0,3,4
2022-09-01T16:30:00-00:00,2022-09-01T16:45:00-00:00,2022-09-01,10,RPP2_6_CTG2GNODE,RPP2_6_CTG2GNODE,RPP2_6_CTG2GNODE,RTPD,MCL,LMP_LOSS_PRC,RPP2_6_CTG2GNODE,ALL,1,0,3,4
2022-09-01T17:30:00-00:00,2022-09-01T17:45:00-00:00,2022-09-01,11,RPP2_6_CTG2GNODE,RPP2_6_CTG2GNODE,RPP2_6_CTG2GNODE,RTPD,MCL,LMP_LOSS_PRC,RPP2_6_CTG2GNODE,ALL,1,0,3,4
2022-09-01T18:30:00-00:00,2022-09-01T18:45:00-00:00,2022-09-01,12,RPP2_6_CTG2GNODE,RPP2_6_CTG2GNODE,RPP2_6_CTG2GNODE,RTPD,MCL,LMP_LOSS_PRC,RPP2_6_CTG2GNODE,ALL,1,0,3,4
2022-09-01T19:30:00-00:00,2022-09-01T19:45:00-00:00,2022-09-01,13,RPP2_6_CTG2GNODE,RPP2_6_CTG2GNODE,RPP2_6_CTG2GNODE,RTPD,MCL,LMP_LOSS_PRC,RPP2_6_CTG2GNODE,ALL,1,0,3,4
2022-09-01T20:30:00-00:00,2022-09-01T20:45:00-00:00,2022-09-01,14,RPP2_6_CTG2GNODE,RPP2_6_CTG2GNODE,RPP2_6_CTG2GNODE,RTPD,MCL,LMP_LOSS_PRC,RPP2_6_CTG2GNODE,ALL,1,0,3,4
2022-09-01T21:30:00-00:00,2022-09-01T21:45:00-00:00,2022-09-01,15,RPP2_6_CTG2GNODE,RPP2_6_CTG2GNODE,RPP2_6_CTG2GNODE,RTPD,MCL,LMP_LOSS_PRC,RPP2_6_CTG2GNODE,ALL,1,0,3,4
2022-09-01T22:30:00-00:00,2022-09-01T22:45:00-00:00,2022-09-01,16,RPP2_6_CTG2GNODE,RPP2_6_CTG2GNODE,RPP2_6_CTG2GNODE,RTPD,MCL,LMP_LOSS_PRC,RPP2_6_CTG2GNODE,ALL,1,0,3,4
2022-09-01T23:30:00-00:00,2022-09-01T23:45:00-00:00,2022-09-01,17,RPP2_6_CTG2GNODE,RPP2_6_CTG2GNODE,RPP2_6_CTG2GNODE,RTPD,MCL,LMP_LOSS_PRC,RPP2_6_CTG2GNODE,ALL,1,0,3,4
2022-09-02T00:30:00-00:00,2022-09-02T00:45:00-00:00,2022-09-01,18,RPP2_6_CTG2GNODE,RPP2_6_CTG2GNODE,RPP2_6_CTG2GNODE,RTPD,MCL,LMP_LOSS_PRC,RPP2_6_CTG2GNODE,ALL,1,0,3,4
2022-09-02T01:30:00-00:00,2022-09-02T01:45:00-00:00,2022-09-01,19,RPP2_6_CTG2GNODE,RPP2_6_CTG2GNODE,RPP2_6_CTG2GNODE,RTPD,MCL,LMP_LOSS_PRC,RPP2_6_CTG2GNODE,ALL,1,0,3,4
2022-09-02T02:30:00-00:00,2022-09-02T02:45:00-00:00,2022-09-01,20,RPP2_6_CTG2GNODE,RPP2_6_CTG2GNODE,RPP2_6_CTG2GNODE,RTPD,MCL,LMP_LOSS_PRC,RPP2_6_CTG2GNODE,ALL,1,0,3,4
2022-09-02T03:30:00-00:00,2022-09-02T03:45:00-00:00,2022-09-01,21,RPP2_6_CTG2GNODE,RPP2_6_CTG2GNODE,RPP2_6_CTG2GNODE,RTPD,MCL,LMP_LOSS_PRC,RPP2_6_CTG2GNODE,ALL,1,9.08825,3,4
2022-09-02T04:30:00-00:00,2022-09-02T04:45:00-00:00,2022-09-01,22,RPP2_6_CTG2GNODE,RPP2_6_CTG2GNODE,RPP2_6_CTG2GNODE,RTPD,MCL,LMP_LOSS_PRC,RPP2_6_CTG2GNODE,ALL,1,1.80677,3,4
2022-09-02T05:30:00-00:00,2022-09-02T05:45:00-00:00,2022-09-01,23,RPP2_6_CTG2GNODE,RPP2_6_CTG2GNODE,RPP2_6_CTG2GNODE,RTPD,MCL,LMP_LOSS_PRC,RPP2_6_CTG2GNODE,ALL,1,1.97551,3,4
2022-09-02T06:30:00-00:00,2022-09-02T06:45:00-00:00,2022-09-01,24,RPP2_6_CTG2GNODE,RPP2_6_CTG2GNODE,RPP2_6_CTG2GNODE,RTPD,MCL,LMP_LOSS_PRC,RPP2_6_CTG2GNODE,ALL,1,1.0964,3,4
2022-09-01T07:45:00-00:00,2022-09-01T08:00:00-00:00,2022-09-01,01,RPP2_6_CTG2GNODE,RPP2_6_CTG2GNODE,RPP2_6_CTG2GNODE,RTPD,MCL,LMP_LOSS_PRC,RPP2_6_CTG2GNODE,ALL,1,0,4,4
2022-09-01T08:45:00-00:00,2022-09-01T09:00:00-00:00,2022-09-01,02,RPP2_6_CTG2GNODE,RPP2_6_CTG2GNODE,RPP2_6_CTG2GNODE,RTPD,MCL,LMP_LOSS_PRC,RPP2_6_CTG2GNODE,ALL,1,0.21722,4,4
2022-09-01T09:45:00-00:00,2022-09-01T10:00:00-00:00,2022-09-01,03,RPP2_6_CTG2GNODE,RPP2_6_CTG2GNODE,RPP2_6_CTG2GNODE,RTPD,MCL,LMP_LOSS_PRC,RPP2_6_CTG2GNODE,ALL,1,-0.17551,4,4
2022-09-01T10:45:00-00:00,2022-09-01T11:00:00-00:00,2022-09-01,04,RPP2_6_CTG2GNODE,RPP2_6_CTG2GNODE,RPP2_6_CTG2GNODE,RTPD,MCL,LMP_LOSS_PRC,RPP2_6_CTG2GNODE,ALL,1,-0.00947,4,4
2022-09-01T11:45:00-00:00,2022-09-01T12:00:00-00:00,2022-09-01,05,RPP2_6_CTG2GNODE,RPP2_6_CTG2GNODE,RPP2_6_CTG2GNODE,RTPD,MCL,LMP_LOSS_PRC,RPP2_6_CTG2GNODE,ALL,1,0,4,4
2022-09-01T12:45:00-00:00,2022-09-01T13:00:00-00:00,2022-09-01,06,RPP2_6_CTG2GNODE,RPP2_6_CTG2GNODE,RPP2_6_CTG2GNODE,RTPD,MCL,LMP_LOSS_PRC,RPP2_6_CTG2GNODE,ALL,1,0,4,4
2022-09-01T13:45:00-00:00,2022-09-01T14:00:00-00:00,2022-09-01,07,RPP2_6_CTG2GNODE,RPP2_6_CTG2GNODE,RPP2_6_CTG2GNODE,RTPD,MCL,LMP_LOSS_PRC,RPP2_6_CTG2GNODE,ALL,1,0,4,4
2022-09-01T14:45:00-00:00,2022-09-01T15:00:00-00:00,2022-09-01,08,RPP2_6_CTG2GNODE,RPP2_6_CTG2GNODE,RPP2_6_CTG2GNODE,RTPD,MCL,LMP_LOSS_PRC,RPP2_6_CTG2GNODE,ALL,1,0,4,4
2022-09-01T15:45:00-00:00,2022-09-01T16:00:00-00:00,2022-09-01,09,RPP2_6_CTG2GNODE,RPP2_6_CTG2GNODE,RPP2_6_CTG2GNODE,RTPD,MCL,LMP_LOSS_PRC,RPP2_6_CTG2GNODE,ALL,1,0,4,4
2022-09-01T16:45:00-00:00,2022-09-01T17:00:00-00:00,2022-09-01,10,RPP2_6_CTG2GNODE,RPP2_6_CTG2GNODE,RPP2_6_CTG2GNODE,RTPD,MCL,LMP_LOSS_PRC,RPP2_6_CTG2GNODE,ALL,1,0,4,4
2022-09-01T17:45:00-00:00,2022-09-01T18:00:00-00:00,2022-09-01,11,RPP2_6_CTG2GNODE,RPP2_6_CTG2GNODE,RPP2_6_CTG2GNODE,RTPD,MCL,LMP_LOSS_PRC,RPP2_6_CTG2GNODE,ALL,1,0,4,4
2022-09-01T18:45:00-00:00,2022-09-01T19:00:00-00:00,2022-09-01,12,RPP2_6_CTG2GNODE,RPP2_6_CTG2GNODE,RPP2_6_CTG2GNODE,RTPD,MCL,LMP_LOSS_PRC,RPP2_6_CTG2GNODE,ALL,1,0,4,4
2022-09-01T19:45:00-00:00,2022-09-01T20:00:00-00:00,2022-09-01,13,RPP2_6_CTG2GNODE,RPP2_6_CTG2GNODE,RPP2_6_CTG2GNODE,RTPD,MCL,LMP_LOSS_PRC,RPP2_6_CTG2GNODE,ALL,1,0,4,4
2022-09-01T20:45:00-00:00,2022-09-01T21:00:00-00:00,2022-09-01,14,RPP2_6_CTG2GNODE,RPP2_6_CTG2GNODE,RPP2_6_CTG2GNODE,RTPD,MCL,LMP_LOSS_PRC,RPP2_6_CTG2GNODE,ALL,1,0,4,4
2022-09-01T21:45:00-00:00,2022-09-01T22:00:00-00:00,2022-09-01,15,RPP2_6_CTG2GNODE,RPP2_6_CTG2GNODE,RPP2_6_CTG2GNODE,RTPD,MCL,LMP_LOSS_PRC,RPP2_6_CTG2GNODE,ALL,1,0,4,4
2022-09-01T22:45:00-00:00,2022-09-01T23:00:00-00:00,2022-09-01,16,RPP2_6_CTG2GNODE,RPP2_6_CTG2GNODE,RPP2_6_CTG2GNODE,RTPD,MCL,LMP_LOSS_PRC,RPP2_6_CTG2GNODE,ALL,1,0,4,4
2022-09-01T23:45:00-00:00,2022-09-02T00:00:00-00:00,2022-09-01,17,RPP2_6_CTG2GNODE,RPP2_6_CTG2GNODE,RPP2_6_CTG2GNODE,RTPD,MCL,LMP_LOSS_PRC,RPP2_6_CTG2GNODE,ALL,1,0,4,4
2022-09-02T00:45:00-00:00,2022-09-02T01:00:00-00:00,2022-09-01,18,RPP2_6_CTG2GNODE,RPP2_6_CTG2GNODE,RPP2_6_CTG2GNODE,RTPD,MCL,LMP_LOSS_PRC,RPP2_6_CTG2GNODE,ALL,1,0,4,4
2022-09-02T01:45:00-00:00,2022-09-02T02:00:00-00:00,2022-09-01,19,RPP2_6_CTG2GNODE,RPP2_6_CTG2GNODE,RPP2_6_CTG2GNODE,RTPD,MCL,LMP_LOSS_PRC,RPP2_6_CTG2GNODE,ALL,1,0,4,4
2022-09-02T02:45:00-00:00,2022-09-02T03:00:00-00:00,2022-09-01,20,RPP2_6_CTG2GNODE,RPP2_6_CTG2GNODE,RPP2_6_CTG2GNODE,RTPD,MCL,LMP_LOSS_PRC,RPP2_6_CTG2GNODE,ALL,1,72.68106,4,4
2022-09-02T03:45:00-00:00,2022-09-02T04:00:00-00:00,2022-09-01,21,RPP2_6_CTG2GNODE,RPP2_6_CTG2GNODE,RPP2_6_CTG2GNODE,RTPD,MCL,LMP_LOSS_PRC,RPP2_6_CTG2GNODE,ALL,1,5.65955,4,4
2022-09-02T04:45:00-00:00,2022-09-02T05:00:00-00:00,2022-09-01,22,RPP2_6_CTG2GNODE,RPP2_6_CTG2GNODE,RPP2_6_CTG2GNODE,RTPD,MCL,LMP_LOSS_PRC,RPP2_6_CTG2GNODE,ALL,1,2.16768,4,4
2022-09-02T05:45:00-00:00,2022-09-02T06:00:00-00:00,2022-09-01,23,RPP2_6_CTG2GNODE,RPP2_6_CTG2GNODE,RPP2_6_CTG2GNODE,RTPD,MCL,LMP_LOSS_PRC,RPP2_6_CTG2GNODE,ALL,1,1.80896,4,4
2022-09-02T06:45:00-00:00,2022-09-02T07:00:00-00:00,2022-09-01,24,RPP2_6_CTG2GNODE,RPP2_6_CTG2GNODE,RPP2_6_CTG2GNODE,RTPD,MCL,LMP_LOSS_PRC,RPP2_6_CTG2GNODE,ALL,1,1.45242,4,4
2022-09-01T07:00:00-00:00,2022-09-01T07:15:00-00:00,2022-09-01,01,RPP2_6_CTG2GNODE,RPP2_6_CTG2GNODE,RPP2_6_CTG2GNODE,RTPD,MGHG,LMP_GHG_PRC,RPP2_6_CTG2GNODE,ALL,1,0,1,5
2022-09-01T08:00:00-00:00,2022-09-01T08:15:00-00:00,2022-09-01,02,RPP2_6_CTG2GNODE,RPP2_6_CTG2GNODE,RPP2_6_CTG2GNODE,RTPD,MGHG,LMP_GHG_PRC,RPP2_6_CTG2GNODE,ALL,1,0,1,5
2022-09-01T09:00:00-00:00,2022-09-01T09:15:00-00:00,2022-09-01,03,RPP2_6_CTG2GNODE,RPP2_6_CTG2GNODE,RPP2_6_CTG2GNODE,RTPD,MGHG,LMP_GHG_PRC,RPP2_6_CTG2GNODE,ALL,1,0,1,5
2022-09-01T10:00:00-00:00,2022-09-01T10:15:00-00:00,2022-09-01,04,RPP2_6_CTG2GNODE,RPP2_6_CTG2GNODE,RPP2_6_CTG2GNODE,RTPD,MGHG,LMP_GHG_PRC,RPP2_6_CTG2GNODE,ALL,1,0,1,5
2022-09-01T11:00:00-00:00,2022-09-01T11:15:00-00:00,2022-09-01,05,RPP2_6_CTG2GNODE,RPP2_6_CTG2GNODE,RPP2_6_CTG2GNODE,RTPD,MGHG,LMP_GHG_PRC,RPP2_6_CTG2GNODE,ALL,1,0,1,5
2022-09-01T12:00:00-00:00,2022-09-01T12:15:00-00:00,2022-09-01,06,RPP2_6_CTG2GNODE,RPP2_6_CTG2GNODE,RPP2_6_CTG2GNODE,RTPD,MGHG,LMP_GHG_PRC,RPP2_6_CTG2GNODE,ALL,1,0,1,5
2022-09-01T13:00:00-00:00,2022-09-01T13:15:00-00:00,2022-09-01,07,RPP2_6_CTG2GNODE,RPP2_6_CTG2GNODE,RPP2_6_CTG2GNODE,RTPD,MGHG,LMP_GHG_PRC,RPP2_6_CTG2GNODE,ALL,1,0,1,5
2022-09-01T14:00:00-00:00,2022-09-01T14:15:00-00:00,2022-09-01,08,RPP2_6_CTG2GNODE,RPP2_6_CTG2GNODE,RPP2_6_CTG2GNODE,RTPD,MGHG,LMP_GHG_PRC,RPP2_6_CTG2GNODE,ALL,1,0,1,5
2022-09-01T15:00:00-00:00,2022-09-01T15:15:00-00:00,2022-09-01,09,RPP2_6_CTG2GNODE,RPP2_6_CTG2GNODE,RPP2_6_CTG2GNODE,RTPD,MGHG,LMP_GHG_PRC,RPP2_6_CTG2GNODE,ALL,1,0,1,5
2022-09-01T16:00:00-00:00,2022-09-01T16:15:00-00:00,2022-09-01,10,RPP2_6_CTG2GNODE,RPP2_6_CTG2GNODE,RPP2_6_CTG2GNODE,RTPD,MGHG,LMP_GHG_PRC,RPP2_6_CTG2GNODE,ALL,1,0,1,5
2022-09-01T17:00:00-00:00,2022-09-01T17:15:00-00:00,2022-09-01,11,RPP2_6_CTG2GNODE,RPP2_6_CTG2GNODE,RPP2_6_CTG2GNODE,RTPD,MGHG,LMP_GHG_PRC,RPP2_6_CTG2GNODE,ALL,1,0,1,5
2022-09-01T18:00:00-00:00,2022-09-01T18:15:00-00:00,2022-09-01,12,RPP2_6_CTG2GNODE,RPP2_6_CTG2GNODE,RPP2_6_CTG2GNODE,RTPD,MGHG,LMP_GHG_PRC,RPP2_6_CTG2GNODE,ALL,1,0,1,5
2022-09-01T19:00:00-00:00,2022-09-01T19:15:00-00:00,2022-09-01,13,RPP2_6_CTG2GNODE,RPP2_6_CTG2GNODE,RPP2_6_CTG2GNODE,RTPD,MGHG,LMP_GHG_PRC,RPP2_6_CTG2GNODE,ALL,1,0,1,5
2022-09-01T20:00:00-00:00,2022-09-01T20:15:00-00:00,2022-09-01,14,RPP2_6_CTG2GNODE,RPP2_6_CTG2GNODE,RPP2_6_CTG2GNODE,RTPD,MGHG,LMP_GHG_PRC,RPP2_6_CTG2GNODE,ALL,1,0,1,5
2022-09-01T21:00:00-00:00,2022-09-01T21:15:00-00:00,2022-09-01,15,RPP2_6_CTG2GNODE,RPP2_6_CTG2GNODE,RPP2_6_CTG2GNODE,RTPD,MGHG,LMP_GHG_PRC,RPP2_6_CTG2GNODE,ALL,1,0,1,5
2022-09-01T22:00:00-00:00,2022-09-01T22:15:00-00:00,2022-09-01,16,RPP2_6_CTG2GNODE,RPP2_6_CTG2GNODE,RPP2_6_CTG2GNODE,RTPD,MGHG,LMP_GHG_PRC,RPP2_6_CTG2GNODE,ALL,1,0,1,5
2022-09-01T23:00:00-00:00,2022-09-01T23:15:00-00:00,2022-09-01,17,RPP2_6_CTG2GNODE,RPP2_6_CTG2GNODE,RPP2_6_CTG2GNODE,RTPD,MGHG,LMP_GHG_PRC,RPP2_6_CTG2GNODE,ALL,1,0,1,5
2022-09-02T00:00:00-00:00,2022-09-02T00:15:00-00:00,2022-09-01,18,RPP2_6_CTG2GNODE,RPP2_6_CTG2GNODE,RPP2_6_CTG2GNODE,RTPD,MGHG,LMP_GHG_PRC,RPP2_6_CTG2GNODE,ALL,1,0,1,5
2022-09-02T01:00:00-00:00,2022-09-02T01:15:00-00:00,2022-09-01,19,RPP2_6_CTG2GNODE,RPP2_6_CTG2GNODE,RPP2_6_CTG2GNODE,RTPD,MGHG,LMP_GHG_PRC,RPP2_6_CTG2GNODE,ALL,1,0,1,5
2022-09-02T02:00:00-00:00,2022-09-02T02:15:00-00:00,2022-09-01,20,RPP2_6_CTG2GNODE,RPP2_6_CTG2GNODE,RPP2_6_CTG2GNODE,RTPD,MGHG,LMP_GHG_PRC,RPP2_6_CTG2GNODE,ALL,1,0,1,5
2022-09-02T03:00:00-00:00,2022-09-02T03:15:00-00:00,2022-09-01,21,RPP2_6_CTG2GNODE,RPP2_6_CTG2GNODE,RPP2_6_CTG2GNODE,RTPD,MGHG,LMP_GHG_PRC,RPP2_6_CTG2GNODE,ALL,1,0,1,5
2022-09-02T04:00:00-00:00,2022-09-02T04:15:00-00:00,2022-09-01,22,RPP2_6_CTG2GNODE,RPP2_6_CTG2GNODE,RPP2_6_CTG2GNODE,RTPD,MGHG,LMP_GHG_PRC,RPP2_6_CTG2GNODE,ALL,1,0,1,5
2022-09-02T05:00:00-00:00,2022-09-02T05:15:00-00:00,2022-09-01,23,RPP2_6_CTG2GNODE,RPP2_6_CTG2GNODE,RPP2_6_CTG2GNODE,RTPD,MGHG,LMP_GHG_PRC,RPP2_6_CTG2GNODE,ALL,1,0,1,5
2022-09-02T06:00:00-00:00,2022-09-02T06:15:00-00:00,2022-09-01,24,RPP2_6_CTG2GNODE,RPP2_6_CTG2GNODE,RPP2_6_CTG2GNODE,RTPD,MGHG,LMP_GHG_PRC,RPP2_6_CTG2GNODE,ALL,1,0,1,5
2022-09-01T07:15:00-00:00,2022-09-01T07:30:00-00:00,2022-09-01,01,RPP2_6_CTG2GNODE,RPP2_6_CTG2GNODE,RPP2_6_CTG2GNODE,RTPD,MGHG,LMP_GHG_PRC,RPP2_6_CTG2GNODE,ALL,1,0,2,5
2022-09-01T08:15:00-00:00,2022-09-01T08:30:00-00:00,2022-09-01,02,RPP2_6_CTG2GNODE,RPP2_6_CTG2GNODE,RPP2_6_CTG2GNODE,RTPD,MGHG,LMP_GHG_PRC,RPP2_6_CTG2GNODE,ALL,1,0,2,5
2022-09-01T09:15:00-00:00,2022-09-01T09:30:00-00:00,2022-09-01,03,RPP2_6_CTG2GNODE,RPP2_6_CTG2GNODE,RPP2_6_CTG2GNODE,RTPD,MGHG,LMP_GHG_PRC,RPP2_6_CTG2GNODE,ALL,1,0,2,5
2022-09-01T10:15:00-00:00,2022-09-01T10:30:00-00:00,2022-09-01,04,RPP2_6_CTG2GNODE,RPP2_6_CTG2GNODE,RPP2_6_CTG2GNODE,RTPD,MGHG,LMP_GHG_PRC,RPP2_6_CTG2GNODE,ALL,1,0,2,5
2022-09-01T11:15:00-00:00,2022-09-01T11:30:00-00:00,2022-09-01,05,RPP2_6_CTG2GNODE,RPP2_6_CTG2GNODE,RPP2_6_CTG2GNODE,RTPD,MGHG,LMP_GHG_PRC,RPP2_6_CTG2GNODE,ALL,1,0,2,5
2022-09-01T12:15:00-00:00,2022-09-01T12:30:00-00:00,2022-09-01,06,RPP2_6_CTG2GNODE,RPP2_6_CTG2GNODE,RPP2_6_CTG2GNODE,RTPD,MGHG,LMP_GHG_PRC,RPP2_6_CTG2GNODE,ALL,1,0,2,5
2022-09-01T13:15:00-00:00,2022-09-01T13:30:00-00:00,2022-09-01,07,RPP2_6_CTG2GNODE,RPP2_6_CTG2GNODE,RPP2_6_CTG2GNODE,RTPD,MGHG,LMP_GHG_PRC,RPP2_6_CTG2GNODE,ALL,1,0,2,5
2022-09-01T14:15:00-00:00,2022-09-01T14:30:00-00:00,2022-09-01,08,RPP2_6_CTG2GNODE,RPP2_6_CTG2GNODE,RPP2_6_CTG2GNODE,RTPD,MGHG,LMP_GHG_PRC,RPP2_6_CTG2GNODE,ALL,1,0,2,5
2022-09-01T15:15:00-00:00,2022-09-01T15:30:00-00:00,2022-09-01,09,RPP2_6_CTG2GNODE,RPP2_6_CTG2GNODE,RPP2_6_CTG2GNODE,RTPD,MGHG,LMP_GHG_PRC,RPP2_6_CTG2GNODE,ALL,1,0,2,5
2022-09-01T16:15:00-00:00,2022-09-01T16:30:00-00:00,2022-09-01,10,RPP2_6_CTG2GNODE,RPP2_6_CTG2GNODE,RPP2_6_CTG2GNODE,RTPD,MGHG,LMP_GHG_PRC,RPP2_6_CTG2GNODE,ALL,1,0,2,5
2022-09-01T17:15:00-00:00,2022-09-01T17:30:00-00:00,2022-09-01,11,RPP2_6_CTG2GNODE,RPP2_6_CTG2GNODE,RPP2_6_CTG2GNODE,RTPD,MGHG,LMP_GHG_PRC,RPP2_6_CTG2GNODE,ALL,1,0,2,5
2022-09-01T18:15:00-00:00,2022-09-01T18:30:00-00:00,2022-09-01,12,RPP2_6_CTG2GNODE,RPP2_6_CTG2GNODE,RPP2_6_CTG2GNODE,RTPD,MGHG,LMP_GHG_PRC,RPP2_6_CTG2GNODE,ALL,1,0,2,5
2022-09-01T19:15:00-00:00,2022-09-01T19:30:00-00:00,2022-09-01,13,RPP2_6_CTG2GNODE,RPP2_6_CTG2GNODE,RPP2_6_CTG2GNODE,RTPD,MGHG,LMP_GHG_PRC,RPP2_6_CTG2GNODE,ALL,1,0,2,5
2022-09-01T20:15:00-00:00,2022-09-01T20:30:00-00:00,2022-09-01,14,RPP2_6_CTG2GNODE,RPP2_6_CTG2GNODE,RPP2_6_CTG2GNODE,RTPD,MGHG,LMP_GHG_PRC,RPP2_6_CTG2GNODE,ALL,1,0,2,5
2022-09-01T21:15:00-00:00,2022-09-01T21:30:00-00:00,2022-09-01,15,RPP2_6_CTG2GNODE,RPP2_6_CTG2GNODE,RPP2_6_CTG2GNODE,RTPD,MGHG,LMP_GHG_PRC,RPP2_6_CTG2GNODE,ALL,1,0,2,5
2022-09-01T22:15:00-00:00,2022-09-01T22:30:00-00:00,2022-09-01,16,RPP2_6_CTG2GNODE,RPP2_6_CTG2GNODE,RPP2_6_CTG2GNODE,RTPD,MGHG,LMP_GHG_PRC,RPP2_6_CTG2GNODE,ALL,1,0,2,5
2022-09-01T23:15:00-00:00,2022-09-01T23:30:00-00:00,2022-09-01,17,RPP2_6_CTG2GNODE,RPP2_6_CTG2GNODE,RPP2_6_CTG2GNODE,RTPD,MGHG,LMP_GHG_PRC,RPP2_6_CTG2GNODE,ALL,1,0,2,5
2022-09-02T00:15:00-00:00,2022-09-02T00:30:00-00:00,2022-09-01,18,RPP2_6_CTG2GNODE,RPP2_6_CTG2GNODE,RPP2_6_CTG2GNODE,RTPD,MGHG,LMP_GHG_PRC,RPP2_6_CTG2GNODE,ALL,1,0,2,5
2022-09-02T01:15:00-00:00,2022-09-02T01:30:00-00:00,2022-09-01,19,RPP2_6_CTG2GNODE,RPP2_6_CTG2GNODE,RPP2_6_CTG2GNODE,RTPD,MGHG,LMP_GHG_PRC,RPP2_6_CTG2GNODE,ALL,1,0,2,5
2022-09-02T02:15:00-00:00,2022-09-02T02:30:00-00:00,2022-09-01,20,RPP2_6_CTG2GNODE,RPP2_6_CTG2GNODE,RPP2_6_CTG2GNODE,RTPD,MGHG,LMP_GHG_PRC,RPP2_6_CTG2GNODE,ALL,1,0,2,5
2022-09-02T03:15:00-00:00,2022-09-02T03:30:00-00:00,2022-09-01,21,RPP2_6_CTG2GNODE,RPP2_6_CTG2GNODE,RPP2_6_CTG2GNODE,RTPD,MGHG,LMP_GHG_PRC,RPP2_6_CTG2GNODE,ALL,1,0,2,5
2022-09-02T04:15:00-00:00,2022-09-02T04:30:00-00:00,2022-09-01,22,RPP2_6_CTG2GNODE,RPP2_6_CTG2GNODE,RPP2_6_CTG2GNODE,RTPD,MGHG,LMP_GHG_PRC,RPP2_6_CTG2GNODE,ALL,1,0,2,5
2022-09-02T05:15:00-00:00,2022-09-02T05:30:00-00:00,2022-09-01,23,RPP2_6_CTG2GNODE,RPP2_6_CTG2GNODE,RPP2_6_CTG2GNODE,RTPD,MGHG,LMP_GHG_PRC,RPP2_6_CTG2GNODE,ALL,1,0,2,5
2022-09-02T06:15:00-00:00,2022-09-02T06:30:00-00:00,2022-09-01,24,RPP2_6_CTG2GNODE,RPP2_6_CTG2GNODE,RPP2_6_CTG2GNODE,RTPD,MGHG,LMP_GHG_PRC,RPP2_6_CTG2GNODE,ALL,1,0,2,5
2022-09-01T07:30:00-00:00,2022-09-01T07:45:00-00:00,2022-09-01,01,RPP2_6_CTG2GNODE,RPP2_6_CTG2GNODE,RPP2_6_CTG2GNODE,RTPD,MGHG,LMP_GHG_PRC,RPP2_6_CTG2GNODE,ALL,1,0,3,5
2022-09-01T08:30:00-00:00,2022-09-01T08:45:00-00:00,2022-09-01,02,RPP2_6_CTG2GNODE,RPP2_6_CTG2GNODE,RPP2_6_CTG2GNODE,RTPD,MGHG,LMP_GHG_PRC,RPP2_6_CTG2GNODE,ALL,1,0,3,5
2022-09-01T09:30:00-00:00,2022-09-01T09:45:00-00:00,2022-09-01,03,RPP2_6_CTG2GNODE,RPP2_6_CTG2GNODE,RPP2_6_CTG2GNODE,RTPD,MGHG,LMP_GHG_PRC,RPP2_6_CTG2GNODE,ALL,1,0,3,5
2022-09-01T10:30:00-00:00,2022-09-01T10:45:00-00:00,2022-09-01,04,RPP2_6_CTG2GNODE,RPP2_6_CTG2GNODE,RPP2_6_CTG2GNODE,RTPD,MGHG,LMP_GHG_PRC,RPP2_6_CTG2GNODE,ALL,1,0,3,5
2022-09-01T11:30:00-00:00,2022-09-01T11:45:00-00:00,2022-09-01,05,RPP2_6_CTG2GNODE,RPP2_6_CTG2GNODE,RPP2_6_CTG2GNODE,RTPD,MGHG,LMP_GHG_PRC,RPP2_6_CTG2GNODE,ALL,1,0,3,5
2022-09-01T12:30:00-00:00,2022-09-01T12:45:00-00:00,2022-09-01,06,RPP2_6_CTG2GNODE,RPP2_6_CTG2GNODE,RPP2_6_CTG2GNODE,RTPD,MGHG,LMP_GHG_PRC,RPP2_6_CTG2GNODE,ALL,1,0,3,5
2022-09-01T13:30:00-00:00,2022-09-01T13:45:00-00:00,2022-09-01,07,RPP2_6_CTG2GNODE,RPP2_6_CTG2GNODE,RPP2_6_CTG2GNODE,RTPD,MGHG,LMP_GHG_PRC,RPP2_6_CTG2GNODE,ALL,1,0,3,5
2022-09-01T14:30:00-00:00,2022-09-01T14:45:00-00:00,2022-09-01,08,RPP2_6_CTG2GNODE,RPP2_6_CTG2GNODE,RPP2_6_CTG2GNODE,RTPD,MGHG,LMP_GHG_PRC,RPP2_6_CTG2GNODE,ALL,1,0,3,5
2022-09-01T15:30:00-00:00,2022-09-01T15:45:00-00:00,2022-09-01,09,RPP2_6_CTG2GNODE,RPP2_6_CTG2GNODE,RPP2_6_CTG2GNODE,RTPD,MGHG,LMP_GHG_PRC,RPP2_6_CTG2GNODE,ALL,1,0,3,5
2022-09-01T16:30:00-00:00,2022-09-01T16:45:00-00:00,2022-09-01,10,RPP2_6_CTG2GNODE,RPP2_6_CTG2GNODE,RPP2_6_CTG2GNODE,RTPD,MGHG,LMP_GHG_PRC,RPP2_6_CTG2GNODE,ALL,1,0,3,5
2022-09-01T17:30:00-00:00,2022-09-01T17:45:00-00:00,2022-09-01,11,RPP2_6_CTG2GNODE,RPP2_6_CTG2GNODE,RPP2_6_CTG2GNODE,RTPD,MGHG,LMP_GHG_PRC,RPP2_6_CTG2GNODE,ALL,1,0,3,5
2022-09-01T18:30:00-00:00,2022-09-01T18:45:00-00:00,2022-09-01,12,RPP2_6_CTG2GNODE,RPP2_6_CTG2GNODE,RPP2_6_CTG2GNODE,RTPD,MGHG,LMP_GHG_PRC,RPP2_6_CTG2GNODE,ALL,1,0,3,5
2022-09-01T19:30:00-00:00,2022-09-01T19:45:00-00:00,2022-09-01,13,RPP2_6_CTG2GNODE,RPP2_6_CTG2GNODE,RPP2_6_CTG2GNODE,RTPD,MGHG,LMP_GHG_PRC,RPP2_6_CTG2GNODE,ALL,1,0,3,5
2022-09-01T20:30:00-00:00,2022-09-01T20:45:00-00:00,2022-09-01,14,RPP2_6_CTG2GNODE,RPP2_6_CTG2GNODE,RPP2_6_CTG2GNODE,RTPD,MGHG,LMP_GHG_PRC,RPP2_6_CTG2GNODE,ALL,1,0,3,5
2022-09-01T21:30:00-00:00,2022-09-01T21:45:00-00:00,2022-09-01,15,RPP2_6_CTG2GNODE,RPP2_6_CTG2GNODE,RPP2_6_CTG2GNODE,RTPD,MGHG,LMP_GHG_PRC,RPP2_6_CTG2GNODE,ALL,1,0,3,5
2022-09-01T22:30:00-00:00,2022-09-01T22:45:00-00:00,2022-09-01,16,RPP2_6_CTG2GNODE,RPP2_6_CTG2GNODE,RPP2_6_CTG2GNODE,RTPD,MGHG,LMP_GHG_PRC,RPP2_6_CTG2GNODE,ALL,1,0,3,5
2022-09-01T23:30:00-00:00,2022-09-01T23:45:00-00:00,2022-09-01,17,RPP2_6_CTG2GNODE,RPP2_6_CTG2GNODE,RPP2_6_CTG2GNODE,RTPD,MGHG,LMP_GHG_PRC,RPP2_6_CTG2GNODE,ALL,1,0,3,5
2022-09-02T00:30:00-00:00,2022-09-02T00:45:00-00:00,2022-09-01,18,RPP2_6_CTG2GNODE,RPP2_6_CTG2GNODE,RPP2_6_CTG2GNODE,RTPD,MGHG,LMP_GHG_PRC,RPP2_6_CTG2GNODE,ALL,1,0,3,5
2022-09-02T01:30:00-00:00,2022-09-02T01:45:00-00:00,2022-09-01,19,RPP2_6_CTG2GNODE,RPP2_6_CTG2GNODE,RPP2_6_CTG2GNODE,RTPD,MGHG,LMP_GHG_PRC,RPP2_6_CTG2GNODE,ALL,1,0,3,5
2022-09-02T02:30:00-00:00,2022-09-02T02:45:00-00:00,2022-09-01,20,RPP2_6_CTG2GNODE,RPP2_6_CTG2GNODE,RPP2_6_CTG2GNODE,RTPD,MGHG,LMP_GHG_PRC,RPP2_6_CTG2GNODE,ALL,1,0,3,5
2022-09-02T03:30:00-00:00,2022-09-02T03:45:00-00:00,2022-09-01,21,RPP2_6_CTG2GNODE,RPP2_6_CTG2GNODE,RPP2_6_CTG2GNODE,RTPD,MGHG,LMP_GHG_PRC,RPP2_6_CTG2GNODE,ALL,1,0,3,5
2022-09-02T04:30:00-00:00,2022-09-02T04:45:00-00:00,2022-09-01,22,RPP2_6_CTG2GNODE,RPP2_6_CTG2GNODE,RPP2_6_CTG2GNODE,RTPD,MGHG,LMP_GHG_PRC,RPP2_6_CTG2GNODE,ALL,1,0,3,5
2022-09-02T05:30:00-00:00,2022-09-02T05:45:00-00:00,2022-09-01,23,RPP2_6_CTG2GNODE,RPP2_6_CTG2GNODE,RPP2_6_CTG2GNODE,RTPD,MGHG,LMP_GHG_PRC,RPP2_6_CTG2GNODE,ALL,1,0,3,5
2022-09-02T06:30:00-00:00,2022-09-02T06:45:00-00:00,2022-09-01,24,RPP2_6_CTG2GNODE,RPP2_6_CTG2GNODE,RPP2_6_CTG2GNODE,RTPD,MGHG,LMP_GHG_PRC,RPP2_6_CTG2GNODE,ALL,1,0,3,5
2022-09-01T07:45:00-00:00,2022-09-01T08:00:00-00:00,2022-09-01,01,RPP2_6_CTG2GNODE,RPP2_6_CTG2GNODE,RPP2_6_CTG2GNODE,RTPD,MGHG,LMP_GHG_PRC,RPP2_6_CTG2GNODE,ALL,1,0,4,5
2022-09-01T08:45:00-00:00,2022-09-01T09:00:00-00:00,2022-09-01,02,RPP2_6_CTG2GNODE,RPP2_6_CTG2GNODE,RPP2_6_CTG2GNODE,RTPD,MGHG,LMP_GHG_PRC,RPP2_6_CTG2GNODE,ALL,1,0,4,5
2022-09-01T09:45:00-00:00,2022-09-01T10:00:00-00:00,2022-09-01,03,RPP2_6_CTG2GNODE,RPP2_6_CTG2GNODE,RPP2_6_CTG2GNODE,RTPD,MGHG,LMP_GHG_PRC,RPP2_6_CTG2GNODE,ALL,1,0,4,5
2022-09-01T10:45:00-00:00,2022-09-01T11:00:00-00:00,2022-09-01,04,RPP2_6_CTG2GNODE,RPP2_6_CTG2GNODE,RPP2_6_CTG2GNODE,RTPD,MGHG,LMP_GHG_PRC,RPP2_6_CTG2GNODE,ALL,1,0,4,5
2022-09-01T11:45:00-00:00,2022-09-01T12:00:00-00:00,2022-09-01,05,RPP2_6_CTG2GNODE,RPP2_6_CTG2GNODE,RPP2_6_CTG2GNODE,RTPD,MGHG,LMP_GHG_PRC,RPP2_6_CTG2GNODE,ALL,1,0,4,5
2022-09-01T12:45:00-00:00,2022-09-01T13:00:00-00:00,2022-09-01,06,RPP2_6_CTG2GNODE,RPP2_6_CTG2GNODE,RPP2_6_CTG2GNODE,RTPD,MGHG,LMP_GHG_PRC,RPP2_6_CTG2GNODE,ALL,1,0,4,5
2022-09-01T13:45:00-00:00,2022-09-01T14:00:00-00:00,2022-09-01,07,RPP2_6_CTG2GNODE,RPP2_6_CTG2GNODE,RPP2_6_CTG2GNODE,RTPD,MGHG,LMP_GHG_PRC,RPP2_6_CTG2GNODE,ALL,1,0,4,5
2022-09-01T14:45:00-00:00,2022-09-01T15:00:00-00:00,2022-09-01,08,RPP2_6_CTG2GNODE,RPP2_6_CTG2GNODE,RPP2_6_CTG2GNODE,RTPD,MGHG,LMP_GHG_PRC,RPP2_6_CTG2GNODE,ALL,1,0,4,5
2022-09-01T15:45:00-00:00,2022-09-01T16:00:00-00:00,2022-09-01,09,RPP2_6_CTG2GNODE,RPP2_6_CTG2GNODE,RPP2_6_CTG2GNODE,RTPD,MGHG,LMP_GHG_PRC,RPP2_6_CTG2GNODE,ALL,1,0,4,5
2022-09-01T16:45:00-00:00,2022-09-01T17:00:00-00:00,2022-09-01,10,RPP2_6_CTG2GNODE,RPP2_6_CTG2GNODE,RPP2_6_CTG2GNODE,RTPD,MGHG,LMP_GHG_PRC,RPP2_6_CTG2GNODE,ALL,1,0,4,5
2022-09-01T17:45:00-00:00,2022-09-01T18:00:00-00:00,2022-09-01,11,RPP2_6_CTG2GNODE,RPP2_6_CTG2GNODE,RPP2_6_CTG2GNODE,RTPD,MGHG,LMP_GHG_PRC,RPP2_6_CTG2GNODE,ALL,1,0,4,5
2022-09-01T18:45:00-00:00,2022-09-01T19:00:00-00:00,2022-09-01,12,RPP2_6_CTG2GNODE,RPP2_6_CTG2GNODE,RPP2_6_CTG2GNODE,RTPD,MGHG,LMP_GHG_PRC,RPP2_6_CTG2GNODE,ALL,1,0,4,5
2022-09-01T19:45:00-00:00,2022-09-01T20:00:00-00:00,2022-09-01,13,RPP2_6_CTG2GNODE,RPP2_6_CTG2GNODE,RPP2_6_CTG2GNODE,RTPD,MGHG,LMP_GHG_PRC,RPP2_6_CTG2GNODE,ALL,1,0,4,5
2022-09-01T20:45:00-00:00,2022-09-01T21:00:00-00:00,2022-09-01,14,RPP2_6_CTG2GNODE,RPP2_6_CTG2GNODE,RPP2_6_CTG2GNODE,RTPD,MGHG,LMP_GHG_PRC,RPP2_6_CTG2GNODE,ALL,1,0,4,5
2022-09-01T21:45:00-00:00,2022-09-01T22:00:00-00:00,2022-09-01,15,RPP2_6_CTG2GNODE,RPP2_6_CTG2GNODE,RPP2_6_CTG2GNODE,RTPD,MGHG,LMP_GHG_PRC,RPP2_6_CTG2GNODE,ALL,1,0,4,5
2022-09-01T22:45:00-00:00,2022-09-01T23:00:00-00:00,2022-09-01,16,RPP2_6_CTG2GNODE,RPP2_6_CTG2GNODE,RPP2_6_CTG2GNODE,RTPD,MGHG,LMP_GHG_PRC,RPP2_6_CTG2GNODE,ALL,1,0,4,5
2022-09-01T23:45:00-00:00,2022-09-02T00:00:00-00:00,2022-09-01,17,RPP2_6_CTG2GNODE,RPP2_6_CTG2GNODE,RPP2_6_CTG2GNODE,RTPD,MGHG,LMP_GHG_PRC,RPP2_6_CTG2GNODE,ALL,1,0,4,5
2022-09-02T00:45:00-00:00,2022-09-02T01:00:00-00:00,2022-09-01,18,RPP2_6_CTG2GNODE,RPP2_6_CTG2GNODE,RPP2_6_CTG2GNODE,RTPD,MGHG,LMP_GHG_PRC,RPP2_6_CTG2GNODE,ALL,1,0,4,5
2022-09-02T01:45:00-00:00,2022-09-02T02:00:00-00:00,2022-09-01,19,RPP2_6_CTG2GNODE,RPP2_6_CTG2GNODE,RPP2_6_CTG2GNODE,RTPD,MGHG,LMP_GHG_PRC,RPP2_6_CTG2GNODE,ALL,1,0,4,5
2022-09-02T02:45:00-00:00,2022-09-02T03:00:00-00:00,2022-09-01,20,RPP2_6_CTG2GNODE,RPP2_6_CTG2GNODE,RPP2_6_CTG2GNODE,RTPD,MGHG,LMP_GHG_PRC,RPP2_6_CTG2GNODE,ALL,1,0,4,5
2022-09-02T03:45:00-00:00,2022-09-02T04:00:00-00:00,2022-09-01,21,RPP2_6_CTG2GNODE,RPP2_6_CTG2GNODE,RPP2_6_CTG2GNODE,RTPD,MGHG,LMP_GHG_PRC,RPP2_6_CTG2GNODE,ALL,1,0,4,5
2022-09-02T04:45:00-00:00,2022-09-02T05:00:00-00:00,2022-09-01,22,RPP2_6_CTG2GNODE,RPP2_6_CTG2GNODE,RPP2_6_CTG2GNODE,RTPD,MGHG,LMP_GHG_PRC,RPP2_6_CTG2GNODE,ALL,1,0,4,5
2022-09-02T05:45:00-00:00,2022-09-02T06:00:00-00:00,2022-09-01,23,RPP2_6_CTG2GNODE,RPP2_6_CTG2GNODE,RPP2_6_CTG2GNODE,RTPD,MGHG,LMP_GHG_PRC,RPP2_6_CTG2GNODE,ALL,1,0,4,5
2022-09-02T06:45:00-00:00,2022-09-02T07:00:00-00:00,2022-09-01,24,RPP2_6_CTG2GNODE,RPP2_6_CTG2GNODE,RPP2_6_CTG2GNODE,RTPD,MGHG,LMP_GHG_PRC,RPP2_6_CTG2GNODE,ALL,1,0,4,5
