INTERVALSTARTTIME_GMT,INTERVALENDTIME_GMT,OPR_DT,OPR_HR,NODE_ID_XML,NODE_ID,NODE,MARKET_RUN_ID,LMP_TYPE,XML_DATA_ITEM,PNODE_RESMRID,GRP_TYPE,POS,PRC,OPR_INTERVAL,GROUP
2022-09-01T07:00:00-00:00,2022-09-01T07:15:00-00:00,2022-09-01,01,REEVES_1_REEVES1GNODE,REEVES_1_REEVES1GNODE,REEVES_1_REEVES1GNODE,RTPD,LMP,LMP_PRC,REEVES_1_REEVES1GNODE,ALL,1,106.84637,1,1
2022-09-01T08:00:00-00:00,2022-09-01T08:15:00-00:00,2022-09-01,02,REEVES_1_REEVES1GNODE,REEVES_1_REEVES1GNODE,REEVES_1_REEVES1GNODE,RTPD,LMP,LMP_PRC,REEVES_1_REEVES1GNODE,ALL,1,103.606,1,1
2022-09-01T09:00:00-00:00,2022-09-01T09:15:00-00:00,2022-09-01,03,REEVES_1_REEVES1GNODE,REEVES_1_REEVES1GNODE,REEVES_1_REEVES1GNODE,RTPD,LMP,LMP_PRC,REEVES_1_REEVES1GNODE,ALL,1,88.42432,1,1
2022-09-01T10:00:00-00:00,2022-09-01T10:15:00-00:00,2022-09-01,04,REEVES_1_REEVES1GNODE,REEVES_1_REEVES1GNODE,REEVES_1_REEVES1GNODE,RTPD,LMP,LMP_PRC,REEVES_1_REEVES1GNODE,ALL,1,85.97734,1,1
2022-09-01T11:00:00-00:00,2022-09-01T11:15:00-00:00,2022-09-01,05,REEVES_1_REEVES1GNODE,REEVES_1_REEVES1GNODE,REEVES_1_REEVES1GNODE,RTPD,LMP,LMP_PRC,REEVES_1_REEVES1GNODE,ALL,1,87.05705,1,1
2022-09-01T12:00:00-00:00,2022-09-01T12:15:00-00:00,2022-09-01,06,REEVES_1_REEVES1GNODE,REEVES_1_REEVES1GNODE,REEVES_1_REEVES1GNODE,RTPD,LMP,LMP_PRC,REEVES_1_REEVES1GNODE,ALL,1,88.26567,1,1
2022-09-01T13:00:00-00:00,2022-09-01T13:15:00-00:00,2022-09-01,07,REEVES_1_REEVES1GNODE,REEVES_1_REEVES1GNODE,REEVES_1_REEVES1GNODE,RTPD,LMP,LMP_PRC,REEVES_1_REEVES1GNODE,ALL,1,96.16758,1,1
2022-09-01T14:00:00-00:00,2022-09-01T14:15:00-00:00,2022-09-01,08,REEVES_1_REEVES1GNODE,REEVES_1_REEVES1GNODE,REEVES_1_REEVES1GNODE,RTPD,LMP,LMP_PRC,REEVES_1_REEVES1GNODE,ALL,1,74.60999,1,1
2022-09-01T15:00:00-00:00,2022-09-01T15:15:00-00:00,2022-09-01,09,REEVES_1_REEVES1GNODE,REEVES_1_REEVES1GNODE,REEVES_1_REEVES1GNODE,RTPD,LMP,LMP_PRC,REEVES_1_REEVES1GNODE,ALL,1,39.6471,1,1
2022-09-01T16:00:00-00:00,2022-09-01T16:15:00-00:00,2022-09-01,10,REEVES_1_REEVES1GNODE,REEVES_1_REEVES1GNODE,REEVES_1_REEVES1GNODE,RTPD,LMP,LMP_PRC,REEVES_1_REEVES1GNODE,ALL,1,36.66131,1,1
2022-09-01T17:00:00-00:00,2022-09-01T17:15:00-00:00,2022-09-01,11,REEVES_1_REEVES1GNODE,REEVES_1_REEVES1GNODE,REEVES_1_REEVES1GNODE,RTPD,LMP,LMP_PRC,REEVES_1_REEVES1GNODE,ALL,1,66.78977,1,1
2022-09-01T18:00:00-00:00,2022-09-01T18:15:00-00:00,2022-09-01,12,REEVES_1_REEVES1GNODE,REEVES_1_REEVES1GNODE,REEVES_1_REEVES1GNODE,RTPD,LMP,LMP_PRC,REEVES_1_REEVES1GNODE,ALL,1,65.89496,1,1
2022-09-01T19:00:00-00:00,2022-09-01T19:15:00-00:00,2022-09-01,13,REEVES_1_REEVES1GNODE,REEVES_1_REEVES1GNODE,REEVES_1_REEVES1GNODE,RTPD,LMP,LMP_PRC,REEVES_1_REEVES1GNODE,ALL,1,63.05663,1,1
2022-09-01T20:00:00-00:00,2022-09-01T20:15:00-00:00,2022-09-01,14,REEVES_1_REEVES1GNODE,REEVES_1_REEVES1GNODE,REEVES_1_REEVES1GNODE,RTPD,LMP,LMP_PRC,REEVES_1_REEVES1GNODE,ALL,1,93.48671,1,1
2022-09-01T21:00:00-00:00,2022-09-01T21:15:00-00:00,2022-09-01,15,REEVES_1_REEVES1GNODE,REEVES_1_REEVES1GNODE,REEVES_1_REEVES1GNODE,RTPD,LMP,LMP_PRC,REEVES_1_REEVES1GNODE,ALL,1,80.64556,1,1
2022-09-01T22:00:00-00:00,2022-09-01T22:15:00-00:00,2022-09-01,16,REEVES_1_REEVES1GNODE,REEVES_1_REEVES1GNODE,REEVES_1_REEVES1GNODE,RTPD,LMP,LMP_PRC,REEVES_1_REEVES1GNODE,ALL,1,132.06512,1,1
2022-09-01T23:00:00-00:00,2022-09-01T23:15:00-00:00,2022-09-01,17,REEVES_1_REEVES1GNODE,REEVES_1_REEVES1GNODE,REEVES_1_REEVES1GNODE,RTPD,LMP,LMP_PRC,REEVES_1_REEVES1GNODE,ALL,1,185.80742,1,1
2022-09-02T00:00:00-00:00,2022-09-02T00:15:00-00:00,2022-09-01,18,REEVES_1_REEVES1GNODE,REEVES_1_REEVES1GNODE,REEVES_1_REEVES1GNODE,RTPD,LMP,LMP_PRC,REEVES_1_REEVES1GNODE,ALL,1,545.8773,1,1
2022-09-02T01:00:00-00:00,2022-09-02T01:15:00-00:00,2022-09-01,19,REEVES_1_REEVES1GNODE,REEVES_1_REEVES1GNODE,REEVES_1_REEVES1GNODE,RTPD,LMP,LMP_PRC,REEVES_1_REEVES1GNODE,ALL,1,953.187,1,1
2022-09-02T02:00:00-00:00,2022-09-02T02:15:00-00:00,2022-09-01,20,REEVES_1_REEVES1GNODE,REEVES_1_REEVES1GNODE,REEVES_1_REEVES1GNODE,RTPD,LMP,LMP_PRC,REEVES_1_REEVES1GNODE,ALL,1,1892.5872,1,1
2022-09-02T03:00:00-00:00,2022-09-02T03:15:00-00:00,2022-09-01,21,REEVES_1_REEVES1GNODE,REEVES_1_REEVES1GNODE,REEVES_1_REEVES1GNODE,RTPD,LMP,LMP_PRC,REEVES_1_REEVES1GNODE,ALL,1,108.7,1,1
2022-09-02T04:00:00-00:00,2022-09-02T04:15:00-00:00,2022-09-01,22,REEVES_1_REEVES1GNODE,REEVES_1_REEVES1GNODE,REEVES_1_REEVES1GNODE,RTPD,LMP,LMP_PRC,REEVES_1_REEVES1GNODE,ALL,1,-41.01412,1,1
2022-09-02T05:00:00-00:00,2022-09-02T05:15:00-00:00,2022-09-01,23,REEVES_1_REEVES1GNODE,REEVES_1_REEVES1GNODE,REEVES_1_REEVES1GNODE,RTPD,LMP,LMP_PRC,REEVES_1_REEVES1GNODE,ALL,1,-31.67985,1,1
2022-09-02T06:00:00-00:00,2022-09-02T06:15:00-00:00,2022-09-01,24,REEVES_1_REEVES1GNODE,REEVES_1_REEVES1GNODE,REEVES_1_REEVES1GNODE,RTPD,LMP,LMP_PRC,REEVES_1_REEVES1GNODE,ALL,1,16.80556,1,1
2022-09-01T07:15:00-00:00,2022-09-01T07:30:00-00:00,2022-09-01,01,REEVES_1_REEVES1GNODE,REEVES_1_REEVES1GNODE,REEVES_1_REEVES1GNODE,RTPD,LMP,LMP_PRC,REEVES_1_REEVES1GNODE,ALL,1,118.23908,2,1
2022-09-01T08:15:00-00:00,2022-09-01T08:30:00-00:00,2022-09-01,02,REEVES_1_REEVES1GNODE,REEVES_1_REEVES1GNODE,REEVES_1_REEVES1GNODE,RTPD,LMP,LMP_PRC,REEVES_1_REEVES1GNODE,ALL,1,101.37691,2,1
2022-09-01T09:15:00-00:00,2022-09-01T09:30:00-00:00,2022-09-01,03,REEVES_1_REEVES1GNODE,REEVES_1_REEVES1GNODE,REEVES_1_REEVES1GNODE,RTPD,LMP,LMP_PRC,REEVES_1_REEVES1GNODE,ALL,1,88.05659,2,1
2022-09-01T10:15:00-00:00,2022-09-01T10:30:00-00:00,2022-09-01,04,REEVES_1_REEVES1GNODE,REEVES_1_REEVES1GNODE,REEVES_1_REEVES1GNODE,RTPD,LMP,LMP_PRC,REEVES_1_REEVES1GNODE,ALL,1,85.08122,2,1
2022-09-01T11:15:00-00:00,2022-09-01T11:30:00-00:00,2022-09-01,05,REEVES_1_REEVES1GNODE,REEVES_1_REEVES1GNODE,REEVES_1_REEVES1GNODE,RTPD,LMP,LMP_PRC,REEVES_1_REEVES1GNODE,ALL,1,87.26208,2,1
2022-09-01T12:15:00-00:00,2022-09-01T12:30:00-00:00,2022-09-01,06,REEVES_1_REEVES1GNODE,REEVES_1_REEVES1GNODE,REEVES_1_REEVES1GNODE,RTPD,LMP,LMP_PRC,REEVES_1_REEVES1GNODE,ALL,1,96.40065,2,1
2022-09-01T13:15:00-00:00,2022-09-01T13:30:00-00:00,2022-09-01,07,REEVES_1_REEVES1GNODE,REEVES_1_REEVES1GNODE,REEVES_1_REEVES1GNODE,RTPD,LMP,LMP_PRC,REEVES_1_REEVES1GNODE,ALL,1,95.29231,2,1
2022-09-01T14:15:00-00:00,2022-09-01T14:30:00-00:00,2022-09-01,08,REEVES_1_REEVES1GNODE,REEVES_1_REEVES1GNODE,REEVES_1_REEVES1GNODE,RTPD,LMP,LMP_PRC,REEVES_1_REEVES1GNODE,ALL,1,65.19271,2,1
2022-09-01T15:15:00-00:00,2022-09-01T15:30:00-00:00,2022-09-01,09,REEVES_1_REEVES1GNODE,REEVES_1_REEVES1GNODE,REEVES_1_REEVES1GNODE,RTPD,LMP,LMP_PRC,REEVES_1_REEVES1GNODE,ALL,1,26.55639,2,1
2022-09-01T16:15:00-00:00,2022-09-01T16:30:00-00:00,2022-09-01,10,REEVES_1_REEVES1GNODE,REEVES_1_REEVES1GNODE,REEVES_1_REEVES1GNODE,RTPD,LMP,LMP_PRC,REEVES_1_REEVES1GNODE,ALL,1,46.42264,2,1
2022-09-01T17:15:00-00:00,2022-09-01T17:30:00-00:00,2022-09-01,11,REEVES_1_REEVES1GNODE,REEVES_1_REEVES1GNODE,REEVES_1_REEVES1GNODE,RTPD,LMP,LMP_PRC,REEVES_1_REEVES1GNODE,ALL,1,69.54011,2,1
2022-09-01T18:15:00-00:00,2022-09-01T18:30:00-00:00,2022-09-01,12,REEVES_1_REEVES1GNODE,REEVES_1_REEVES1GNODE,REEVES_1_REEVES1GNODE,RTPD,LMP,LMP_PRC,REEVES_1_REEVES1GNODE,ALL,1,65.36613,2,1
2022-09-01T19:15:00-00:00,2022-09-01T19:30:00-00:00,2022-09-01,13,REEVES_1_REEVES1GNODE,REEVES_1_REEVES1GNODE,REEVES_1_REEVES1GNODE,RTPD,LMP,LMP_PRC,REEVES_1_REEVES1GNODE,ALL,1,77.72545,2,1
2022-09-01T20:15:00-00:00,2022-09-01T20:30:00-00:00,2022-09-01,14,REEVES_1_REEVES1GNODE,REEVES_1_REEVES1GNODE,REEVES_1_REEVES1GNODE,RTPD,LMP,LMP_PRC,REEVES_1_REEVES1GNODE,ALL,1,100.73886,2,1
2022-09-01T21:15:00-00:00,2022-09-01T21:30:00-00:00,2022-09-01,15,REEVES_1_REEVES1GNODE,REEVES_1_REEVES1GNODE,REEVES_1_REEVES1GNODE,RTPD,LMP,LMP_PRC,REEVES_1_REEVES1GNODE,ALL,1,103.45256,2,1
2022-09-01T22:15:00-00:00,2022-09-01T22:30:00-00:00,2022-09-01,16,REEVES_1_REEVES1GNODE,REEVES_1_REEVES1GNODE,REEVES_1_REEVES1GNODE,RTPD,LMP,LMP_PRC,REEVES_1_REEVES1GNODE,ALL,1,153.83023,2,1
2022-09-01T23:15:00-00:00,2022-09-01T23:30:00-00:00,2022-09-01,17,REEVES_1_REEVES1GNODE,REEVES_1_REEVES1GNODE,REEVES_1_REEVES1GNODE,RTPD,LMP,LMP_PRC,REEVES_1_REEVES1GNODE,ALL,1,172.18204,2,1
2022-09-02T00:15:00-00:00,2022-09-02T00:30:00-00:00,2022-09-01,18,REEVES_1_REEVES1GNODE,REEVES_1_REEVES1GNODE,REEVES_1_REEVES1GNODE,RTPD,LMP,LMP_PRC,REEVES_1_REEVES1GNODE,ALL,1,494.29816,2,1
2022-09-02T01:15:00-00:00,2022-09-02T01:30:00-00:00,2022-09-01,19,REEVES_1_REEVES1GNODE,REEVES_1_REEVES1GNODE,REEVES_1_REEVES1GNODE,RTPD,LMP,LMP_PRC,REEVES_1_REEVES1GNODE,ALL,1,1867.3993,2,1
2022-09-02T02:15:00-00:00,2022-09-02T02:30:00-00:00,2022-09-01,20,REEVES_1_REEVES1GNODE,REEVES_1_REEVES1GNODE,REEVES_1_REEVES1GNODE,RTPD,LMP,LMP_PRC,REEVES_1_REEVES1GNODE,ALL,1,1974.5098,2,1
2022-09-02T03:15:00-00:00,2022-09-02T03:30:00-00:00,2022-09-01,21,REEVES_1_REEVES1GNODE,REEVES_1_REEVES1GNODE,REEVES_1_REEVES1GNODE,RTPD,LMP,LMP_PRC,REEVES_1_REEVES1GNODE,ALL,1,100.68421,2,1
2022-09-02T04:15:00-00:00,2022-09-02T04:30:00-00:00,2022-09-01,22,REEVES_1_REEVES1GNODE,REEVES_1_REEVES1GNODE,REEVES_1_REEVES1GNODE,RTPD,LMP,LMP_PRC,REEVES_1_REEVES1GNODE,ALL,1,-33.90949,2,1
2022-09-02T05:15:00-00:00,2022-09-02T05:30:00-00:00,2022-09-01,23,REEVES_1_REEVES1GNODE,REEVES_1_REEVES1GNODE,REEVES_1_REEVES1GNODE,RTPD,LMP,LMP_PRC,REEVES_1_REEVES1GNODE,ALL,1,-47.4903,2,1
2022-09-02T06:15:00-00:00,2022-09-02T06:30:00-00:00,2022-09-01,24,REEVES_1_REEVES1GNODE,REEVES_1_REEVES1GNODE,REEVES_1_REEVES1GNODE,RTPD,LMP,LMP_PRC,REEVES_1_REEVES1GNODE,ALL,1,61.19581,2,1
2022-09-01T07:30:00-00:00,2022-09-01T07:45:00-00:00,2022-09-01,01,REEVES_1_REEVES1GNODE,REEVES_1_REEVES1GNODE,REEVES_1_REEVES1GNODE,RTPD,LMP,LMP_PRC,REEVES_1_REEVES1GNODE,ALL,1,115.11519,3,1
2022-09-01T08:30:00-00:00,2022-09-01T08:45:00-00:00,2022-09-01,02,REEVES_1_REEVES1GNODE,REEVES_1_REEVES1GNODE,REEVES_1_REEVES1GNODE,RTPD,LMP,LMP_PRC,REEVES_1_REEVES1GNODE,ALL,1,93.64288,3,1
2022-09-01T09:30:00-00:00,2022-09-01T09:45:00-00:00,2022-09-01,03,REEVES_1_REEVES1GNODE,REEVES_1_REEVES1GNODE,REEVES_1_REEVES1GNODE,RTPD,LMP,LMP_PRC,REEVES_1_REEVES1GNODE,ALL,1,87.39672,3,1
2022-09-01T10:30:00-00:00,2022-09-01T10:45:00-00:00,2022-09-01,04,REEVES_1_REEVES1GNODE,REEVES_1_REEVES1GNODE,REEVES_1_REEVES1GNODE,RTPD,LMP,LMP_PRC,REEVES_1_REEVES1GNODE,ALL,1,82.88703,3,1
2022-09-01T11:30:00-00:00,2022-09-01T11:45:00-00:00,2022-09-01,05,REEVES_1_REEVES1GNODE,REEVES_1_REEVES1GNODE,REEVES_1_REEVES1GNODE,RTPD,LMP,LMP_PRC,REEVES_1_REEVES1GNODE,ALL,1,86.40828,3,1
2022-09-01T12:30:00-00:00,2022-09-01T12:45:00-00:00,2022-09-01,06,REEVES_1_REEVES1GNODE,REEVES_1_REEVES1GNODE,REEVES_1_REEVES1GNODE,RTPD,LMP,LMP_PRC,REEVES_1_REEVES1GNODE,ALL,1,104.25147,3,1
2022-09-01T13:30:00-00:00,2022-09-01T13:45:00-00:00,2022-09-01,07,REEVES_1_REEVES1GNODE,REEVES_1_REEVES1GNODE,REEVES_1_REEVES1GNODE,RTPD,LMP,LMP_PRC,REEVES_1_REEVES1GNODE,ALL,1,92.42936,3,1
2022-09-01T14:30:00-00:00,2022-09-01T14:45:00-00:00,2022-09-01,08,REEVES_1_REEVES1GNODE,REEVES_1_REEVES1GNODE,REEVES_1_REEVES1GNODE,RTPD,LMP,LMP_PRC,REEVES_1_REEVES1GNODE,ALL,1,68.60466,3,1
2022-09-01T15:30:00-00:00,2022-09-01T15:45:00-00:00,2022-09-01,09,REEVES_1_REEVES1GNODE,REEVES_1_REEVES1GNODE,REEVES_1_REEVES1GNODE,RTPD,LMP,LMP_PRC,REEVES_1_REEVES1GNODE,ALL,1,15.19421,3,1
2022-09-01T16:30:00-00:00,2022-09-01T16:45:00-00:00,2022-09-01,10,REEVES_1_REEVES1GNODE,REEVES_1_REEVES1GNODE,REEVES_1_REEVES1GNODE,RTPD,LMP,LMP_PRC,REEVES_1_REEVES1GNODE,ALL,1,61.71089,3,1
2022-09-01T17:30:00-00:00,2022-09-01T17:45:00-00:00,2022-09-01,11,REEVES_1_REEVES1GNODE,REEVES_1_REEVES1GNODE,REEVES_1_REEVES1GNODE,RTPD,LMP,LMP_PRC,REEVES_1_REEVES1GNODE,ALL,1,72.84152,3,1
2022-09-01T18:30:00-00:00,2022-09-01T18:45:00-00:00,2022-09-01,12,REEVES_1_REEVES1GNODE,REEVES_1_REEVES1GNODE,REEVES_1_REEVES1GNODE,RTPD,LMP,LMP_PRC,REEVES_1_REEVES1GNODE,ALL,1,72.89943,3,1
2022-09-01T19:30:00-00:00,2022-09-01T19:45:00-00:00,2022-09-01,13,REEVES_1_REEVES1GNODE,REEVES_1_REEVES1GNODE,REEVES_1_REEVES1GNODE,RTPD,LMP,LMP_PRC,REEVES_1_REEVES1GNODE,ALL,1,77.74824,3,1
2022-09-01T20:30:00-00:00,2022-09-01T20:45:00-00:00,2022-09-01,14,REEVES_1_REEVES1GNODE,REEVES_1_REEVES1GNODE,REEVES_1_REEVES1GNODE,RTPD,LMP,LMP_PRC,REEVES_1_REEVES1GNODE,ALL,1,117.6014,3,1
2022-09-01T21:30:00-00:00,2022-09-01T21:45:00-00:00,2022-09-01,15,REEVES_1_REEVES1GNODE,REEVES_1_REEVES1GNODE,REEVES_1_REEVES1GNODE,RTPD,LMP,LMP_PRC,REEVES_1_REEVES1GNODE,ALL,1,100.85163,3,1
2022-09-01T22:30:00-00:00,2022-09-01T22:45:00-00:00,2022-09-01,16,REEVES_1_REEVES1GNODE,REEVES_1_REEVES1GNODE,REEVES_1_REEVES1GNODE,RTPD,LMP,LMP_PRC,REEVES_1_REEVES1GNODE,ALL,1,153.76822,3,1
2022-09-01T23:30:00-00:00,2022-09-01T23:45:00-00:00,2022-09-01,17,REEVES_1_REEVES1GNODE,REEVES_1_REEVES1GNODE,REEVES_1_REEVES1GNODE,RTPD,LMP,LMP_PRC,REEVES_1_REEVES1GNODE,ALL,1,229.56105,3,1
2022-09-02T00:30:00-00:00,2022-09-02T00:45:00-00:00,2022-09-01,18,REEVES_1_REEVES1GNODE,REEVES_1_REEVES1GNODE,REEVES_1_REEVES1GNODE,RTPD,LMP,LMP_PRC,REEVES_1_REEVES1GNODE,ALL,1,1292.4884,3,1
2022-09-02T01:30:00-00:00,2022-09-02T01:45:00-00:00,2022-09-01,19,REEVES_1_REEVES1GNODE,REEVES_1_REEVES1GNODE,REEVES_1_REEVES1GNODE,RTPD,LMP,LMP_PRC,REEVES_1_REEVES1GNODE,ALL,1,1959.6525,3,1
2022-09-02T02:30:00-00:00,2022-09-02T02:45:00-00:00,2022-09-01,20,REEVES_1_REEVES1GNODE,REEVES_1_REEVES1GNODE,REEVES_1_REEVES1GNODE,RTPD,LMP,LMP_PRC,REEVES_1_REEVES1GNODE,ALL,1,1965.7886,3,1
2022-09-02T03:30:00-00:00,2022-09-02T03:45:00-00:00,2022-09-01,21,REEVES_1_REEVES1GNODE,REEVES_1_REEVES1GNODE,REEVES_1_REEVES1GNODE,RTPD,LMP,LMP_PRC,REEVES_1_REEVES1GNODE,ALL,1,84.66,3,1
2022-09-02T04:30:00-00:00,2022-09-02T04:45:00-00:00,2022-09-01,22,REEVES_1_REEVES1GNODE,REEVES_1_REEVES1GNODE,REEVES_1_REEVES1GNODE,RTPD,LMP,LMP_PRC,REEVES_1_REEVES1GNODE,ALL,1,-25.51003,3,1
2022-09-02T05:30:00-00:00,2022-09-02T05:45:00-00:00,2022-09-01,23,REEVES_1_REEVES1GNODE,REEVES_1_REEVES1GNODE,REEVES_1_REEVES1GNODE,RTPD,LMP,LMP_PRC,REEVES_1_REEVES1GNODE,ALL,1,-34.35572,3,1
2022-09-02T06:30:00-00:00,2022-09-02T06:45:00-00:00,2022-09-01,24,REEVES_1_REEVES1GNODE,REEVES_1_REEVES1GNODE,REEVES_1_REEVES1GNODE,RTPD,LMP,LMP_PRC,REEVES_1_REEVES1GNODE,ALL,1,-27.34377,3,1
2022-09-01T07:45:00-00:00,2022-09-01T08:00:00-00:00,2022-09-01,01,REEVES_1_REEVES1GNODE,REEVES_1_REEVES1GNODE,REEVES_1_REEVES1GNODE,RTPD,LMP,LMP_PRC,REEVES_1_REEVES1GNODE,ALL,1,107.18419,4,1
2022-09-01T08:45:00-00:00,2022-09-01T09:00:00-00:00,2022-09-01,02,REEVES_1_REEVES1GNODE,REEVES_1_REEVES1GNODE,REEVES_1_REEVES1GNODE,RTPD,LMP,LMP_PRC,REEVES_1_REEVES1GNODE,ALL,1,85.01673,4,1
2022-09-01T09:45:00-00:00,2022-09-01T10:00:00-00:00,2022-09-01,03,REEVES_1_REEVES1GNODE,REEVES_1_REEVES1GNODE,REEVES_1_REEVES1GNODE,RTPD,LMP,LMP_PRC,REEVES_1_REEVES1GNODE,ALL,1,86.53758,4,1
2022-09-01T10:45:00-00:00,2022-09-01T11:00:00-00:00,2022-09-01,04,REEVES_1_REEVES1GNODE,REEVES_1_REEVES1GNODE,REEVES_1_REEVES1GNODE,RTPD,LMP,LMP_PRC,REEVES_1_REEVES1GNODE,ALL,1,80.81373,4,1
2022-09-01T11:45:00-00:00,2022-09-01T12:00:00-00:00,2022-09-01,05,REEVES_1_REEVES1GNODE,REEVES_1_REEVES1GNODE,REEVES_1_REEVES1GNODE,RTPD,LMP,LMP_PRC,REEVES_1_REEVES1GNODE,ALL,1,92.2168,4,1
2022-09-01T12:45:00-00:00,2022-09-01T13:00:00-00:00,2022-09-01,06,REEVES_1_REEVES1GNODE,REEVES_1_REEVES1GNODE,REEVES_1_REEVES1GNODE,RTPD,LMP,LMP_PRC,REEVES_1_REEVES1GNODE,ALL,1,103.33102,4,1
2022-09-01T13:45:00-00:00,2022-09-01T14:00:00-00:00,2022-09-01,07,REEVES_1_REEVES1GNODE,REEVES_1_REEVES1GNODE,REEVES_1_REEVES1GNODE,RTPD,LMP,LMP_PRC,REEVES_1_REEVES1GNODE,ALL,1,88.916,4,1
2022-09-01T14:45:00-00:00,2022-09-01T15:00:00-00:00,2022-09-01,08,REEVES_1_REEVES1GNODE,REEVES_1_REEVES1GNODE,REEVES_1_REEVES1GNODE,RTPD,LMP,LMP_PRC,REEVES_1_REEVES1GNODE,ALL,1,58.05832,4,1
2022-09-01T15:45:00-00:00,2022-09-01T16:00:00-00:00,2022-09-01,09,REEVES_1_REEVES1GNODE,REEVES_1_REEVES1GNODE,REEVES_1_REEVES1GNODE,RTPD,LMP,LMP_PRC,REEVES_1_REEVES1GNODE,ALL,1,37.17667,4,1
2022-09-01T16:45:00-00:00,2022-09-01T17:00:00-00:00,2022-09-01,10,REEVES_1_REEVES1GNODE,REEVES_1_REEVES1GNODE,REEVES_1_REEVES1GNODE,RTPD,LMP,LMP_PRC,REEVES_1_REEVES1GNODE,ALL,1,63.50988,4,1
2022-09-01T17:45:00-00:00,2022-09-01T18:00:00-00:00,2022-09-01,11,REEVES_1_REEVES1GNODE,REEVES_1_REEVES1GNODE,REEVES_1_REEVES1GNODE,RTPD,LMP,LMP_PRC,REEVES_1_REEVES1GNODE,ALL,1,70.72976,4,1
2022-09-01T18:45:00-00:00,2022-09-01T19:00:00-00:00,2022-09-01,12,REEVES_1_REEVES1GNODE,REEVES_1_REEVES1GNODE,REEVES_1_REEVES1GNODE,RTPD,LMP,LMP_PRC,REEVES_1_REEVES1GNODE,ALL,1,72.4638,4,1
2022-09-01T19:45:00-00:00,2022-09-01T20:00:00-00:00,2022-09-01,13,REEVES_1_REEVES1GNODE,REEVES_1_REEVES1GNODE,REEVES_1_REEVES1GNODE,RTPD,LMP,LMP_PRC,REEVES_1_REEVES1GNODE,ALL,1,82.34134,4,1
2022-09-01T20:45:00-00:00,2022-09-01T21:00:00-00:00,2022-09-01,14,REEVES_1_REEVES1GNODE,REEVES_1_REEVES1GNODE,REEVES_1_REEVES1GNODE,RTPD,LMP,LMP_PRC,REEVES_1_REEVES1GNODE,ALL,1,114.82031,4,1
2022-09-01T21:45:00-00:00,2022-09-01T22:00:00-00:00,2022-09-01,15,REEVES_1_REEVES1GNODE,REEVES_1_REEVES1GNODE,REEVES_1_REEVES1GNODE,RTPD,LMP,LMP_PRC,REEVES_1_REEVES1GNODE,ALL,1,148.65768,4,1
2022-09-01T22:45:00-00:00,2022-09-01T23:00:00-00:00,2022-09-01,16,REEVES_1_REEVES1GNODE,REEVES_1_REEVES1GNODE,REEVES_1_REEVES1GNODE,RTPD,LMP,LMP_PRC,REEVES_1_REEVES1GNODE,ALL,1,254.72537,4,1
2022-09-01T23:45:00-00:00,2022-09-02T00:00:00-00:00,2022-09-01,17,REEVES_1_REEVES1GNODE,REEVES_1_REEVES1GNODE,REEVES_1_REEVES1GNODE,RTPD,LMP,LMP_PRC,REEVES_1_REEVES1GNODE,ALL,1,887.41284,4,1
2022-09-02T00:45:00-00:00,2022-09-02T01:00:00-00:00,2022-09-01,18,REEVES_1_REEVES1GNODE,REEVES_1_REEVES1GNODE,REEVES_1_REEVES1GNODE,RTPD,LMP,LMP_PRC,REEVES_1_REEVES1GNODE,ALL,1,749.5018,4,1
2022-09-02T01:45:00-00:00,2022-09-02T02:00:00-00:00,2022-09-01,19,REEVES_1_REEVES1GNODE,REEVES_1_REEVES1GNODE,REEVES_1_REEVES1GNODE,RTPD,LMP,LMP_PRC,REEVES_1_REEVES1GNODE,ALL,1,1976.3213,4,1
2022-09-02T02:45:00-00:00,2022-09-02T03:00:00-00:00,2022-09-01,20,REEVES_1_REEVES1GNODE,REEVES_1_REEVES1GNODE,REEVES_1_REEVES1GNODE,RTPD,LMP,LMP_PRC,REEVES_1_REEVES1GNODE,ALL,1,722.10565,4,1
2022-09-02T03:45:00-00:00,2022-09-02T04:00:00-00:00,2022-09-01,21,REEVES_1_REEVES1GNODE,REEVES_1_REEVES1GNODE,REEVES_1_REEVES1GNODE,RTPD,LMP,LMP_PRC,REEVES_1_REEVES1GNODE,ALL,1,49.43651,4,1
2022-09-02T04:45:00-00:00,2022-09-02T05:00:00-00:00,2022-09-01,22,REEVES_1_REEVES1GNODE,REEVES_1_REEVES1GNODE,REEVES_1_REEVES1GNODE,RTPD,LMP,LMP_PRC,REEVES_1_REEVES1GNODE,ALL,1,-39.68327,4,1
2022-09-02T05:45:00-00:00,2022-09-02T06:00:00-00:00,2022-09-01,23,REEVES_1_REEVES1GNODE,REEVES_1_REEVES1GNODE,REEVES_1_REEVES1GNODE,RTPD,LMP,LMP_PRC,REEVES_1_REEVES1GNODE,ALL,1,-72.15944,4,1
2022-09-02T06:45:00-00:00,2022-09-02T07:00:00-00:00,2022-09-01,24,REEVES_1_REEVES1GNODE,REEVES_1_REEVES1GNODE,REEVES_1_REEVES1GNODE,RTPD,LMP,LMP_PRC,REEVES_1_REEVES1GNODE,ALL,1,3.38844,4,1
2022-09-01T07:00:00-00:00,2022-09-01T07:15:00-00:00,2022-09-01,01,REEVES_1_REEVES1GNODE,REEVES_1_REEVES1GNODE,REEVES_1_REEVES1GNODE,RTPD,MCC,LMP_CONG_PRC,REEVES_1_REEVES1GNODE,ALL,1,14.53486,1,2
2022-09-01T08:00:00-00:00,2022-09-01T08:15:00-00:00,2022-09-01,02,REEVES_1_REEVES1GNODE,REEVES_1_REEVES1GNODE,REEVES_1_REEVES1GNODE,RTPD,MCC,LMP_CONG_PRC,REEVES_1_REEVES1GNODE,ALL,1,2.18721,1,2
2022-09-01T09:00:00-00:00,2022-09-01T09:15:00-00:00,2022-09-01,03,REEVES_1_REEVES1GNODE,REEVES_1_REEVES1GNODE,REEVES_1_REEVES1GNODE,RTPD,MCC,LMP_CONG_PRC,REEVES_1_REEVES1GNODE,ALL,1,2.93183,1,2
2022-09-01T10:00:00-00:00,2022-09-01T10:15:00-00:00,2022-09-01,04,REEVES_1_REEVES1GNODE,REEVES_1_REEVES1GNODE,REEVES_1_REEVES1GNODE,RTPD,MCC,LMP_CONG_PRC,REEVES_1_REEVES1GNODE,ALL,1,2.57846,1,2
2022-09-01T11:00:00-00:00,2022-09-01T11:15:00-00:00,2022-09-01,05,REEVES_1_REEVES1GNODE,REEVES_1_REEVES1GNODE,REEVES_1_REEVES1GNODE,RTPD,MCC,LMP_CONG_PRC,REEVES_1_REEVES1GNODE,ALL,1,-0.0032,1,2
2022-09-01T12:00:00-00:00,2022-09-01T12:15:00-00:00,2022-09-01,06,REEVES_1_REEVES1GNODE,REEVES_1_REEVES1GNODE,REEVES_1_REEVES1GNODE,RTPD,MCC,LMP_CONG_PRC,REEVES_1_REEVES1GNODE,ALL,1,6.79655,1,2
2022-09-01T13:00:00-00:00,2022-09-01T13:15:00-00:00,2022-09-01,07,REEVES_1_REEVES1GNODE,REEVES_1_REEVES1GNODE,REEVES_1_REEVES1GNODE,RTPD,MCC,LMP_CONG_PRC,REEVES_1_REEVES1GNODE,ALL,1,9.3588,1,2
2022-09-01T14:00:00-00:00,2022-09-01T14:15:00-00:00,2022-09-01,08,REEVES_1_REEVES1GNODE,REEVES_1_REEVES1GNODE,REEVES_1_REEVES1GNODE,RTPD,MCC,LMP_CONG_PRC,REEVES_1_REEVES1GNODE,ALL,1,-16.58523,1,2
2022-09-01T15:00:00-00:00,2022-09-01T15:15:00-00:00,2022-09-01,09,REEVES_1_REEVES1GNODE,REEVES_1_REEVES1GNODE,REEVES_1_REEVES1GNODE,RTPD,MCC,LMP_CONG_PRC,REEVES_1_REEVES1GNODE,ALL,1,-45.0641,1,2
2022-09-01T16:00:00-00:00,2022-09-01T16:15:00-00:00,2022-09-01,10,REEVES_1_REEVES1GNODE,REEVES_1_REEVES1GNODE,REEVES_1_REEVES1GNODE,RTPD,MCC,LMP_CONG_PRC,REEVES_1_REEVES1GNODE,ALL,1,-32.67394,1,2
2022-09-01T17:00:00-00:00,2022-09-01T17:15:00-00:00,2022-09-01,11,REEVES_1_REEVES1GNODE,REEVES_1_REEVES1GNODE,REEVES_1_REEVES1GNODE,RTPD,MCC,LMP_CONG_PRC,REEVES_1_REEVES1GNODE,ALL,1,-18.5292,1,2
2022-09-01T18:00:00-00:00,2022-09-01T18:15:00-00:00,2022-09-01,12,REEVES_1_REEVES1GNODE,REEVES_1_REEVES1GNODE,REEVES_1_REEVES1GNODE,RTPD,MCC,LMP_CONG_PRC,REEVES_1_REEVES1GNODE,ALL,1,-11.71795,1,2
2022-09-01T19:00:00-00:00,2022-09-01T19:15:00-00:00,2022-09-01,13,REEVES_1_REEVES1GNODE,REEVES_1_REEVES1GNODE,REEVES_1_REEVES1GNODE,RTPD,MCC,LMP_CONG_PRC,REEVES_1_REEVES1GNODE,ALL,1,-31.98974,1,2
2022-09-01T20:00:00-00:00,2022-09-01T20:15:00-00:00,2022-09-01,14,REEVES_1_REEVES1GNODE,REEVES_1_REEVES1GNODE,REEVES_1_REEVES1GNODE,RTPD,MCC,LMP_CONG_PRC,REEVES_1_REEVES1GNODE,ALL,1,1.70312,1,2
2022-09-01T21:00:00-00:00,2022-09-01T21:15:00-00:00,2022-09-01,15,REEVES_1_REEVES1GNODE,REEVES_1_REEVES1GNODE,REEVES_1_REEVES1GNODE,RTPD,MCC,LMP_CONG_PRC,REEVES_1_REEVES1GNODE,ALL,1,-130.96944,1,2
2022-09-01T22:00:00-00:00,2022-09-01T22:15:00-00:00,2022-09-01,16,REEVES_1_REEVES1GNODE,REEVES_1_REEVES1GNODE,REEVES_1_REEVES1GNODE,RTPD,MCC,LMP_CONG_PRC,REEVES_1_REEVES1GNODE,ALL,1,-79.76038,1,2
2022-09-01T23:00:00-00:00,2022-09-01T23:15:00-00:00,2022-09-01,17,REEVES_1_REEVES1GNODE,REEVES_1_REEVES1GNODE,REEVES_1_REEVES1GNODE,RTPD,MCC,LMP_CONG_PRC,REEVES_1_REEVES1GNODE,ALL,1,-174.78627,1,2
2022-09-02T00:00:00-00:00,2022-09-02T00:15:00-00:00,2022-09-01,18,REEVES_1_REEVES1GNODE,REEVES_1_REEVES1GNODE,REEVES_1_REEVES1GNODE,RTPD,MCC,LMP_CONG_PRC,REEVES_1_REEVES1GNODE,ALL,1,-130.72018,1,2
2022-09-02T01:00:00-00:00,2022-09-02T01:15:00-00:00,2022-09-01,19,REEVES_1_REEVES1GNODE,REEVES_1_REEVES1GNODE,REEVES_1_REEVES1GNODE,RTPD,MCC,LMP_CONG_PRC,REEVES_1_REEVES1GNODE,ALL,1,61.82577,1,2
2022-09-02T02:00:00-00:00,2022-09-02T02:15:00-00:00,2022-09-01,20,REEVES_1_REEVES1GNODE,REEVES_1_REEVES1GNODE,REEVES_1_REEVES1GNODE,RTPD,MCC,LMP_CONG_PRC,REEVES_1_REEVES1GNODE,ALL,1,-83.47502,1,2
2022-09-02T03:00:00-00:00,2022-09-02T03:15:00-00:00,2022-09-01,21,REEVES_1_REEVES1GNODE,REEVES_1_REEVES1GNODE,REEVES_1_REEVES1GNODE,RTPD,MCC,LMP_CONG_PRC,REEVES_1_REEVES1GNODE,ALL,1,-724.6893,1,2
2022-09-02T04:00:00-00:00,2022-09-02T04:15:00-00:00,2022-09-01,22,REEVES_1_REEVES1GNODE,REEVES_1_REEVES1GNODE,REEVES_1_REEVES1GNODE,RTPD,MCC,LMP_CONG_PRC,REEVES_1_REEVES1GNODE,ALL,1,-266.9814,1,2
2022-09-02T05:00:00-00:00,2022-09-02T05:15:00-00:00,2022-09-01,23,REEVES_1_REEVES1GNODE,REEVES_1_REEVES1GNODE,REEVES_1_REEVES1GNODE,RTPD,MCC,LMP_CONG_PRC,REEVES_1_REEVES1GNODE,ALL,1,-189.61482,1,2
2022-09-02T06:00:00-00:00,2022-09-02T06:15:00-00:00,2022-09-01,24,REEVES_1_REEVES1GNODE,REEVES_1_REEVES1GNODE,REEVES_1_REEVES1GNODE,RTPD,MCC,LMP_CONG_PRC,REEVES_1_REEVES1GNODE,ALL,1,-116.69437,1,2
2022-09-01T07:15:00-00:00,2022-09-01T07:30:00-00:00,2022-09-01,01,REEVES_1_REEVES1GNODE,REEVES_1_REEVES1GNODE,REEVES_1_REEVES1GNODE,RTPD,MCC,LMP_CONG_PRC,REEVES_1_REEVES1GNODE,ALL,1,6.44764,2,2
2022-09-01T08:15:00-00:00,2022-09-01T08:30:00-00:00,2022-09-01,02,REEVES_1_REEVES1GNODE,REEVES_1_REEVES1GNODE,REEVES_1_REEVES1GNODE,RTPD,MCC,LMP_CONG_PRC,REEVES_1_REEVES1GNODE,ALL,1,0.59526,2,2
2022-09-01T09:15:00-00:00,2022-09-01T09:30:00-00:00,2022-09-01,03,REEVES_1_REEVES1GNODE,REEVES_1_REEVES1GNODE,REEVES_1_REEVES1GNODE,RTPD,MCC,LMP_CONG_PRC,REEVES_1_REEVES1GNODE,ALL,1,3.87875,2,2
2022-09-01T10:15:00-00:00,2022-09-01T10:30:00-00:00,2022-09-01,04,REEVES_1_REEVES1GNODE,REEVES_1_REEVES1GNODE,REEVES_1_REEVES1GNODE,RTPD,MCC,LMP_CONG_PRC,REEVES_1_REEVES1GNODE,ALL,1,3.64849,2,2
2022-09-01T11:15:00-00:00,2022-09-01T11:30:00-00:00,2022-09-01,05,REEVES_1_REEVES1GNODE,REEVES_1_REEVES1GNODE,REEVES_1_REEVES1GNODE,RTPD,MCC,LMP_CONG_PRC,REEVES_1_REEVES1GNODE,ALL,1,-0.004,2,2
2022-09-01T12:15:00-00:00,2022-09-01T12:30:00-00:00,2022-09-01,06,REEVES_1_REEVES1GNODE,REEVES_1_REEVES1GNODE,REEVES_1_REEVES1GNODE,RTPD,MCC,LMP_CONG_PRC,REEVES_1_REEVES1GNODE,ALL,1,4.16568,2,2
2022-09-01T13:15:00-00:00,2022-09-01T13:30:00-00:00,2022-09-01,07,REEVES_1_REEVES1GNODE,REEVES_1_REEVES1GNODE,REEVES_1_REEVES1GNODE,RTPD,MCC,LMP_CONG_PRC,REEVES_1_REEVES1GNODE,ALL,1,0.39856,2,2
2022-09-01T14:15:00-00:00,2022-09-01T14:30:00-00:00,2022-09-01,08,REEVES_1_REEVES1GNODE,REEVES_1_REEVES1GNODE,REEVES_1_REEVES1GNODE,RTPD,MCC,LMP_CONG_PRC,REEVES_1_REEVES1GNODE,ALL,1,-21.14008,2,2
2022-09-01T15:15:00-00:00,2022-09-01T15:30:00-00:00,2022-09-01,09,REEVES_1_REEVES1GNODE,REEVES_1_REEVES1GNODE,REEVES_1_REEVES1GNODE,RTPD,MCC,LMP_CONG_PRC,REEVES_1_REEVES1GNODE,ALL,1,-47.68241,2,2
2022-09-01T16:15:00-00:00,2022-09-01T16:30:00-00:00,2022-09-01,10,REEVES_1_REEVES1GNODE,REEVES_1_REEVES1GNODE,REEVES_1_REEVES1GNODE,RTPD,MCC,LMP_CONG_PRC,REEVES_1_REEVES1GNODE,ALL,1,-29.68433,2,2
2022-09-01T17:15:00-00:00,2022-09-01T17:30:00-00:00,2022-09-01,11,REEVES_1_REEVES1GNODE,REEVES_1_REEVES1GNODE,REEVES_1_REEVES1GNODE,RTPD,MCC,LMP_CONG_PRC,REEVES_1_REEVES1GNODE,ALL,1,-17.91661,2,2
2022-09-01T18:15:00-00:00,2022-09-01T18:30:00-00:00,2022-09-01,12,REEVES_1_REEVES1GNODE,REEVES_1_REEVES1GNODE,REEVES_1_REEVES1GNODE,RTPD,MCC,LMP_CONG_PRC,REEVES_1_REEVES1GNODE,ALL,1,-21.00288,2,2
2022-09-01T19:15:00-00:00,2022-09-01T19:30:00-00:00,2022-09-01,13,REEVES_1_REEVES1GNODE,REEVES_1_REEVES1GNODE,REEVES_1_REEVES1GNODE,RTPD,MCC,LMP_CONG_PRC,REEVES_1_REEVES1GNODE,ALL,1,-12.79043,2,2
2022-09-01T20:15:00-00:00,2022-09-01T20:30:00-00:00,2022-09-01,14,REEVES_1_REEVES1GNODE,REEVES_1_REEVES1GNODE,REEVES_1_REEVES1GNODE,RTPD,MCC,LMP_CONG_PRC,REEVES_1_REEVES1GNODE,ALL,1,1.83465,2,2
2022-09-01T21:15:00-00:00,2022-09-01T21:30:00-00:00,2022-09-01,15,REEVES_1_REEVES1GNODE,REEVES_1_REEVES1GNODE,REEVES_1_REEVES1GNODE,RTPD,MCC,LMP_CONG_PRC,REEVES_1_REEVES1GNODE,ALL,1,-28.34929,2,2
2022-09-01T22:15:00-00:00,2022-09-01T22:30:00-00:00,2022-09-01,16,REEVES_1_REEVES1GNODE,REEVES_1_REEVES1GNODE,REEVES_1_REEVES1GNODE,RTPD,MCC,LMP_CONG_PRC,REEVES_1_REEVES1GNODE,ALL,1,-83.30895,2,2
2022-09-01T23:15:00-00:00,2022-09-01T23:30:00-00:00,2022-09-01,17,REEVES_1_REEVES1GNODE,REEVES_1_REEVES1GNODE,REEVES_1_REEVES1GNODE,RTPD,MCC,LMP_CONG_PRC,REEVES_1_REEVES1GNODE,ALL,1,-163.78204,2,2
2022-09-02T00:15:00-00:00,2022-09-02T00:30:00-00:00,2022-09-01,18,REEVES_1_REEVES1GNODE,REEVES_1_REEVES1GNODE,REEVES_1_REEVES1GNODE,RTPD,MCC,LMP_CONG_PRC,REEVES_1_REEVES1GNODE,ALL,1,-114.5745,2,2
2022-09-02T01:15:00-00:00,2022-09-02T01:30:00-00:00,2022-09-01,19,REEVES_1_REEVES1GNODE,REEVES_1_REEVES1GNODE,REEVES_1_REEVES1GNODE,RTPD,MCC,LMP_CONG_PRC,REEVES_1_REEVES1GNODE,ALL,1,-114.004,2,2
2022-09-02T02:15:00-00:00,2022-09-02T02:30:00-00:00,2022-09-01,20,REEVES_1_REEVES1GNODE,REEVES_1_REEVES1GNODE,REEVES_1_REEVES1GNODE,RTPD,MCC,LMP_CONG_PRC,REEVES_1_REEVES1GNODE,ALL,1,-0.0024,2,2
2022-09-02T03:15:00-00:00,2022-09-02T03:30:00-00:00,2022-09-01,21,REEVES_1_REEVES1GNODE,REEVES_1_REEVES1GNODE,REEVES_1_REEVES1GNODE,RTPD,MCC,LMP_CONG_PRC,REEVES_1_REEVES1GNODE,ALL,1,-255.62294,2,2
2022-09-02T04:15:00-00:00,2022-09-02T04:30:00-00:00,2022-09-01,22,REEVES_1_REEVES1GNODE,REEVES_1_REEVES1GNODE,REEVES_1_REEVES1GNODE,RTPD,MCC,LMP_CONG_PRC,REEVES_1_REEVES1GNODE,ALL,1,-228.039,2,2
2022-09-02T05:15:00-00:00,2022-09-02T05:30:00-00:00,2022-09-01,23,REEVES_1_REEVES1GNODE,REEVES_1_REEVES1GNODE,REEVES_1_REEVES1GNODE,RTPD,MCC,LMP_CONG_PRC,REEVES_1_REEVES1GNODE,ALL,1,-181.39236,2,2
2022-09-02T06:15:00-00:00,2022-09-02T06:30:00-00:00,2022-09-01,24,REEVES_1_REEVES1GNODE,REEVES_1_REEVES1GNODE,REEVES_1_REEVES1GNODE,RTPD,MCC,LMP_CONG_PRC,REEVES_1_REEVES1GNODE,ALL,1,-60.4152,2,2
2022-09-01T07:30:00-00:00,2022-09-01T07:45:00-00:00,2022-09-01,01,REEVES_1_REEVES1GNODE,REEVES_1_REEVES1GNODE,REEVES_1_REEVES1GNODE,RTPD,MCC,LMP_CONG_PRC,REEVES_1_REEVES1GNODE,ALL,1,10.54322,3,2
2022-09-01T08:30:00-00:00,2022-09-01T08:45:00-00:00,2022-09-01,02,REEVES_1_REEVES1GNODE,REEVES_1_REEVES1GNODE,REEVES_1_REEVES1GNODE,RTPD,MCC,LMP_CONG_PRC,REEVES_1_REEVES1GNODE,ALL,1,-0.00183,3,2
2022-09-01T09:30:00-00:00,2022-09-01T09:45:00-00:00,2022-09-01,03,REEVES_1_REEVES1GNODE,REEVES_1_REEVES1GNODE,REEVES_1_REEVES1GNODE,RTPD,MCC,LMP_CONG_PRC,REEVES_1_REEVES1GNODE,ALL,1,3.85717,3,2
2022-09-01T10:30:00-00:00,2022-09-01T10:45:00-00:00,2022-09-01,04,REEVES_1_REEVES1GNODE,REEVES_1_REEVES1GNODE,REEVES_1_REEVES1GNODE,RTPD,MCC,LMP_CONG_PRC,REEVES_1_REEVES1GNODE,ALL,1,2.07003,3,2
2022-09-01T11:30:00-00:00,2022-09-01T11:45:00-00:00,2022-09-01,05,REEVES_1_REEVES1GNODE,REEVES_1_REEVES1GNODE,REEVES_1_REEVES1GNODE,RTPD,MCC,LMP_CONG_PRC,REEVES_1_REEVES1GNODE,ALL,1,-0.004,3,2
2022-09-01T12:30:00-00:00,2022-09-01T12:45:00-00:00,2022-09-01,06,REEVES_1_REEVES1GNODE,REEVES_1_REEVES1GNODE,REEVES_1_REEVES1GNODE,RTPD,MCC,LMP_CONG_PRC,REEVES_1_REEVES1GNODE,ALL,1,7.26526,3,2
2022-09-01T13:30:00-00:00,2022-09-01T13:45:00-00:00,2022-09-01,07,REEVES_1_REEVES1GNODE,REEVES_1_REEVES1GNODE,REEVES_1_REEVES1GNODE,RTPD,MCC,LMP_CONG_PRC,REEVES_1_REEVES1GNODE,ALL,1,-1.62226,3,2
2022-09-01T14:30:00-00:00,2022-09-01T14:45:00-00:00,2022-09-01,08,REEVES_1_REEVES1GNODE,REEVES_1_REEVES1GNODE,REEVES_1_REEVES1GNODE,RTPD,MCC,LMP_CONG_PRC,REEVES_1_REEVES1GNODE,ALL,1,-15.48484,3,2
2022-09-01T15:30:00-00:00,2022-09-01T15:45:00-00:00,2022-09-01,09,REEVES_1_REEVES1GNODE,REEVES_1_REEVES1GNODE,REEVES_1_REEVES1GNODE,RTPD,MCC,LMP_CONG_PRC,REEVES_1_REEVES1GNODE,ALL,1,-58.89459,3,2
2022-09-01T16:30:00-00:00,2022-09-01T16:45:00-00:00,2022-09-01,10,REEVES_1_REEVES1GNODE,REEVES_1_REEVES1GNODE,REEVES_1_REEVES1GNODE,RTPD,MCC,LMP_CONG_PRC,REEVES_1_REEVES1GNODE,ALL,1,-15.95555,3,2
2022-09-01T17:30:00-00:00,2022-09-01T17:45:00-00:00,2022-09-01,11,REEVES_1_REEVES1GNODE,REEVES_1_REEVES1GNODE,REEVES_1_REEVES1GNODE,RTPD,MCC,LMP_CONG_PRC,REEVES_1_REEVES1GNODE,ALL,1,-14.65862,3,2
2022-09-01T18:30:00-00:00,2022-09-01T18:45:00-00:00,2022-09-01,12,REEVES_1_REEVES1GNODE,REEVES_1_REEVES1GNODE,REEVES_1_REEVES1GNODE,RTPD,MCC,LMP_CONG_PRC,REEVES_1_REEVES1GNODE,ALL,1,-19.77793,3,2
2022-09-01T19:30:00-00:00,2022-09-01T19:45:00-00:00,2022-09-01,13,REEVES_1_REEVES1GNODE,REEVES_1_REEVES1GNODE,REEVES_1_REEVES1GNODE,RTPD,MCC,LMP_CONG_PRC,REEVES_1_REEVES1GNODE,ALL,1,-21.52081,3,2
2022-09-01T20:30:00-00:00,2022-09-01T20:45:00-00:00,2022-09-01,14,REEVES_1_REEVES1GNODE,REEVES_1_REEVES1GNODE,REEVES_1_REEVES1GNODE,RTPD,MCC,LMP_CONG_PRC,REEVES_1_REEVES1GNODE,ALL,1,7.15535,3,2
2022-09-01T21:30:00-00:00,2022-09-01T21:45:00-00:00,2022-09-01,15,REEVES_1_REEVES1GNODE,REEVES_1_REEVES1GNODE,REEVES_1_REEVES1GNODE,RTPD,MCC,LMP_CONG_PRC,REEVES_1_REEVES1GNODE,ALL,1,-37.28894,3,2
2022-09-01T22:30:00-00:00,2022-09-01T22:45:00-00:00,2022-09-01,16,REEVES_1_REEVES1GNODE,REEVES_1_REEVES1GNODE,REEVES_1_REEVES1GNODE,RTPD,MCC,LMP_CONG_PRC,REEVES_1_REEVES1GNODE,ALL,1,-111.64359,3,2
2022-09-01T23:30:00-00:00,2022-09-01T23:45:00-00:00,2022-09-01,17,REEVES_1_REEVES1GNODE,REEVES_1_REEVES1GNODE,REEVES_1_REEVES1GNODE,RTPD,MCC,LMP_CONG_PRC,REEVES_1_REEVES1GNODE,ALL,1,-310.76056,3,2
2022-09-02T00:30:00-00:00,2022-09-02T00:45:00-00:00,2022-09-01,18,REEVES_1_REEVES1GNODE,REEVES_1_REEVES1GNODE,REEVES_1_REEVES1GNODE,RTPD,MCC,LMP_CONG_PRC,REEVES_1_REEVES1GNODE,ALL,1,-7.11427,3,2
2022-09-02T01:30:00-00:00,2022-09-02T01:45:00-00:00,2022-09-01,19,REEVES_1_REEVES1GNODE,REEVES_1_REEVES1GNODE,REEVES_1_REEVES1GNODE,RTPD,MCC,LMP_CONG_PRC,REEVES_1_REEVES1GNODE,ALL,1,-21.75306,3,2
2022-09-02T02:30:00-00:00,2022-09-02T02:45:00-00:00,2022-09-01,20,REEVES_1_REEVES1GNODE,REEVES_1_REEVES1GNODE,REEVES_1_REEVES1GNODE,RTPD,MCC,LMP_CONG_PRC,REEVES_1_REEVES1GNODE,ALL,1,-0.0024,3,2
2022-09-02T03:30:00-00:00,2022-09-02T03:45:00-00:00,2022-09-01,21,REEVES_1_REEVES1GNODE,REEVES_1_REEVES1GNODE,REEVES_1_REEVES1GNODE,RTPD,MCC,LMP_CONG_PRC,REEVES_1_REEVES1GNODE,ALL,1,-73.78299,3,2
2022-09-02T04:30:00-00:00,2022-09-02T04:45:00-00:00,2022-09-01,22,REEVES_1_REEVES1GNODE,REEVES_1_REEVES1GNODE,REEVES_1_REEVES1GNODE,RTPD,MCC,LMP_CONG_PRC,REEVES_1_REEVES1GNODE,ALL,1,-179.10619,3,2
2022-09-02T05:30:00-00:00,2022-09-02T05:45:00-00:00,2022-09-01,23,REEVES_1_REEVES1GNODE,REEVES_1_REEVES1GNODE,REEVES_1_REEVES1GNODE,RTPD,MCC,LMP_CONG_PRC,REEVES_1_REEVES1GNODE,ALL,1,-142.28627,3,2
2022-09-02T06:30:00-00:00,2022-09-02T06:45:00-00:00,2022-09-01,24,REEVES_1_REEVES1GNODE,REEVES_1_REEVES1GNODE,REEVES_1_REEVES1GNODE,RTPD,MCC,LMP_CONG_PRC,REEVES_1_REEVES1GNODE,ALL,1,-132.86201,3,2
2022-09-01T07:45:00-00:00,2022-09-01T08:00:00-00:00,2022-09-01,01,REEVES_1_REEVES1GNODE,REEVES_1_REEVES1GNODE,REEVES_1_REEVES1GNODE,RTPD,MCC,LMP_CONG_PRC,REEVES_1_REEVES1GNODE,ALL,1,12.0632,4,2
2022-09-01T08:45:00-00:00,2022-09-01T09:00:00-00:00,2022-09-01,02,REEVES_1_REEVES1GNODE,REEVES_1_REEVES1GNODE,REEVES_1_REEVES1GNODE,RTPD,MCC,LMP_CONG_PRC,REEVES_1_REEVES1GNODE,ALL,1,2.94297,4,2
2022-09-01T09:45:00-00:00,2022-09-01T10:00:00-00:00,2022-09-01,03,REEVES_1_REEVES1GNODE,REEVES_1_REEVES1GNODE,REEVES_1_REEVES1GNODE,RTPD,MCC,LMP_CONG_PRC,REEVES_1_REEVES1GNODE,ALL,1,3.48219,4,2
2022-09-01T10:45:00-00:00,2022-09-01T11:00:00-00:00,2022-09-01,04,REEVES_1_REEVES1GNODE,REEVES_1_REEVES1GNODE,REEVES_1_REEVES1GNODE,RTPD,MCC,LMP_CONG_PRC,REEVES_1_REEVES1GNODE,ALL,1,0.82103,4,2
2022-09-01T11:45:00-00:00,2022-09-01T12:00:00-00:00,2022-09-01,05,REEVES_1_REEVES1GNODE,REEVES_1_REEVES1GNODE,REEVES_1_REEVES1GNODE,RTPD,MCC,LMP_CONG_PRC,REEVES_1_REEVES1GNODE,ALL,1,-0.0032,4,2
2022-09-01T12:45:00-00:00,2022-09-01T13:00:00-00:00,2022-09-01,06,REEVES_1_REEVES1GNODE,REEVES_1_REEVES1GNODE,REEVES_1_REEVES1GNODE,RTPD,MCC,LMP_CONG_PRC,REEVES_1_REEVES1GNODE,ALL,1,1.63622,4,2
2022-09-01T13:45:00-00:00,2022-09-01T14:00:00-00:00,2022-09-01,07,REEVES_1_REEVES1GNODE,REEVES_1_REEVES1GNODE,REEVES_1_REEVES1GNODE,RTPD,MCC,LMP_CONG_PRC,REEVES_1_REEVES1GNODE,ALL,1,-7.704,4,2
2022-09-01T14:45:00-00:00,2022-09-01T15:00:00-00:00,2022-09-01,08,REEVES_1_REEVES1GNODE,REEVES_1_REEVES1GNODE,REEVES_1_REEVES1GNODE,RTPD,MCC,LMP_CONG_PRC,REEVES_1_REEVES1GNODE,ALL,1,-19.24048,4,2
2022-09-01T15:45:00-00:00,2022-09-01T16:00:00-00:00,2022-09-01,09,REEVES_1_REEVES1GNODE,REEVES_1_REEVES1GNODE,REEVES_1_REEVES1GNODE,RTPD,MCC,LMP_CONG_PRC,REEVES_1_REEVES1GNODE,ALL,1,-29.47408,4,2
2022-09-01T16:45:00-00:00,2022-09-01T17:00:00-00:00,2022-09-01,10,REEVES_1_REEVES1GNODE,REEVES_1_REEVES1GNODE,REEVES_1_REEVES1GNODE,RTPD,MCC,LMP_CONG_PRC,REEVES_1_REEVES1GNODE,ALL,1,-16.79945,4,2
2022-09-01T17:45:00-00:00,2022-09-01T18:00:00-00:00,2022-09-01,11,REEVES_1_REEVES1GNODE,REEVES_1_REEVES1GNODE,REEVES_1_REEVES1GNODE,RTPD,MCC,LMP_CONG_PRC,REEVES_1_REEVES1GNODE,ALL,1,-16.15389,4,2
2022-09-01T18:45:00-00:00,2022-09-01T19:00:00-00:00,2022-09-01,12,REEVES_1_REEVES1GNODE,REEVES_1_REEVES1GNODE,REEVES_1_REEVES1GNODE,RTPD,MCC,LMP_CONG_PRC,REEVES_1_REEVES1GNODE,ALL,1,-22.59684,4,2
2022-09-01T19:45:00-00:00,2022-09-01T20:00:00-00:00,2022-09-01,13,REEVES_1_REEVES1GNODE,REEVES_1_REEVES1GNODE,REEVES_1_REEVES1GNODE,RTPD,MCC,LMP_CONG_PRC,REEVES_1_REEVES1GNODE,ALL,1,-22.51357,4,2
2022-09-01T20:45:00-00:00,2022-09-01T21:00:00-00:00,2022-09-01,14,REEVES_1_REEVES1GNODE,REEVES_1_REEVES1GNODE,REEVES_1_REEVES1GNODE,RTPD,MCC,LMP_CONG_PRC,REEVES_1_REEVES1GNODE,ALL,1,-23.59478,4,2
2022-09-01T21:45:00-00:00,2022-09-01T22:00:00-00:00,2022-09-01,15,REEVES_1_REEVES1GNODE,REEVES_1_REEVES1GNODE,REEVES_1_REEVES1GNODE,RTPD,MCC,LMP_CONG_PRC,REEVES_1_REEVES1GNODE,ALL,1,-136.84607,4,2
2022-09-01T22:45:00-00:00,2022-09-01T23:00:00-00:00,2022-09-01,16,REEVES_1_REEVES1GNODE,REEVES_1_REEVES1GNODE,REEVES_1_REEVES1GNODE,RTPD,MCC,LMP_CONG_PRC,REEVES_1_REEVES1GNODE,ALL,1,-158.02832,4,2
2022-09-01T23:45:00-00:00,2022-09-02T00:00:00-00:00,2022-09-01,17,REEVES_1_REEVES1GNODE,REEVES_1_REEVES1GNODE,REEVES_1_REEVES1GNODE,RTPD,MCC,LMP_CONG_PRC,REEVES_1_REEVES1GNODE,ALL,1,-345.46957,4,2
2022-09-02T00:45:00-00:00,2022-09-02T01:00:00-00:00,2022-09-01,18,REEVES_1_REEVES1GNODE,REEVES_1_REEVES1GNODE,REEVES_1_REEVES1GNODE,RTPD,MCC,LMP_CONG_PRC,REEVES_1_REEVES1GNODE,ALL,1,-740.13727,4,2
2022-09-02T01:45:00-00:00,2022-09-02T02:00:00-00:00,2022-09-01,19,REEVES_1_REEVES1GNODE,REEVES_1_REEVES1GNODE,REEVES_1_REEVES1GNODE,RTPD,MCC,LMP_CONG_PRC,REEVES_1_REEVES1GNODE,ALL,1,-0.0024,4,2
2022-09-02T02:45:00-00:00,2022-09-02T03:00:00-00:00,2022-09-01,20,REEVES_1_REEVES1GNODE,REEVES_1_REEVES1GNODE,REEVES_1_REEVES1GNODE,RTPD,MCC,LMP_CONG_PRC,REEVES_1_REEVES1GNODE,ALL,1,-742.6166,4,2
2022-09-02T03:45:00-00:00,2022-09-02T04:00:00-00:00,2022-09-01,21,REEVES_1_REEVES1GNODE,REEVES_1_REEVES1GNODE,REEVES_1_REEVES1GNODE,RTPD,MCC,LMP_CONG_PRC,REEVES_1_REEVES1GNODE,ALL,1,-66.48829,4,2
2022-09-02T04:45:00-00:00,2022-09-02T05:00:00-00:00,2022-09-01,22,REEVES_1_REEVES1GNODE,REEVES_1_REEVES1GNODE,REEVES_1_REEVES1GNODE,RTPD,MCC,LMP_CONG_PRC,REEVES_1_REEVES1GNODE,ALL,1,-141.78922,4,2
2022-09-02T05:45:00-00:00,2022-09-02T06:00:00-00:00,2022-09-01,23,REEVES_1_REEVES1GNODE,REEVES_1_REEVES1GNODE,REEVES_1_REEVES1GNODE,RTPD,MCC,LMP_CONG_PRC,REEVES_1_REEVES1GNODE,ALL,1,-169.69855,4,2
2022-09-02T06:45:00-00:00,2022-09-02T07:00:00-00:00,2022-09-01,24,REEVES_1_REEVES1GNODE,REEVES_1_REEVES1GNODE,REEVES_1_REEVES1GNODE,RTPD,MCC,LMP_CONG_PRC,REEVES_1_REEVES1GNODE,ALL,1,-83.08084,4,2
2022-09-01T07:00:00-00:00,2022-09-01T07:15:00-00:00,2022-09-01,01,REEVES_1_REEVES1GNODE,REEVES_1_REEVES1GNODE,REEVES_1_REEVES1GNODE,RTPD,MCE,LMP_ENE_PRC,REEVES_1_REEVES1GNODE,ALL,1,104.23471,1,3
2022-09-01T08:00:00-00:00,2022-09-01T08:15:00-00:00,2022-09-01,02,REEVES_1_REEVES1GNODE,REEVES_1_REEVES1GNODE,REEVES_1_REEVES1GNODE,RTPD,MCE,LMP_ENE_PRC,REEVES_1_REEVES1GNODE,ALL,1,115.5488,1,3
2022-09-01T09:00:00-00:00,2022-09-01T09:15:00-00:00,2022-09-01,03,REEVES_1_REEVES1GNODE,REEVES_1_REEVES1GNODE,REEVES_1_REEVES1GNODE,RTPD,MCE,LMP_ENE_PRC,REEVES_1_REEVES1GNODE,ALL,1,99.73061,1,3
2022-09-01T10:00:00-00:00,2022-09-01T10:15:00-00:00,2022-09-01,04,REEVES_1_REEVES1GNODE,REEVES_1_REEVES1GNODE,REEVES_1_REEVES1GNODE,RTPD,MCE,LMP_ENE_PRC,REEVES_1_REEVES1GNODE,ALL,1,98.64222,1,3
2022-09-01T11:00:00-00:00,2022-09-01T11:15:00-00:00,2022-09-01,05,REEVES_1_REEVES1GNODE,REEVES_1_REEVES1GNODE,REEVES_1_REEVES1GNODE,RTPD,MCE,LMP_ENE_PRC,REEVES_1_REEVES1GNODE,ALL,1,102.56859,1,3
2022-09-01T12:00:00-00:00,2022-09-01T12:15:00-00:00,2022-09-01,06,REEVES_1_REEVES1GNODE,REEVES_1_REEVES1GNODE,REEVES_1_REEVES1GNODE,RTPD,MCE,LMP_ENE_PRC,REEVES_1_REEVES1GNODE,ALL,1,96.90845,1,3
2022-09-01T13:00:00-00:00,2022-09-01T13:15:00-00:00,2022-09-01,07,REEVES_1_REEVES1GNODE,REEVES_1_REEVES1GNODE,REEVES_1_REEVES1GNODE,RTPD,MCE,LMP_ENE_PRC,REEVES_1_REEVES1GNODE,ALL,1,101.80878,1,3
2022-09-01T14:00:00-00:00,2022-09-01T14:15:00-00:00,2022-09-01,08,REEVES_1_REEVES1GNODE,REEVES_1_REEVES1GNODE,REEVES_1_REEVES1GNODE,RTPD,MCE,LMP_ENE_PRC,REEVES_1_REEVES1GNODE,ALL,1,111.11219,1,3
2022-09-01T15:00:00-00:00,2022-09-01T15:15:00-00:00,2022-09-01,09,REEVES_1_REEVES1GNODE,REEVES_1_REEVES1GNODE,REEVES_1_REEVES1GNODE,RTPD,MCE,LMP_ENE_PRC,REEVES_1_REEVES1GNODE,ALL,1,97.4112,1,3
2022-09-01T16:00:00-00:00,2022-09-01T16:15:00-00:00,2022-09-01,10,REEVES_1_REEVES1GNODE,REEVES_1_REEVES1GNODE,REEVES_1_REEVES1GNODE,RTPD,MCE,LMP_ENE_PRC,REEVES_1_REEVES1GNODE,ALL,1,83.43525,1,3
2022-09-01T17:00:00-00:00,2022-09-01T17:15:00-00:00,2022-09-01,11,REEVES_1_REEVES1GNODE,REEVES_1_REEVES1GNODE,REEVES_1_REEVES1GNODE,RTPD,MCE,LMP_ENE_PRC,REEVES_1_REEVES1GNODE,ALL,1,96.94897,1,3
2022-09-01T18:00:00-00:00,2022-09-01T18:15:00-00:00,2022-09-01,12,REEVES_1_REEVES1GNODE,REEVES_1_REEVES1GNODE,REEVES_1_REEVES1GNODE,RTPD,MCE,LMP_ENE_PRC,REEVES_1_REEVES1GNODE,ALL,1,91.59291,1,3
2022-09-01T19:00:00-00:00,2022-09-01T19:15:00-00:00,2022-09-01,13,REEVES_1_REEVES1GNODE,REEVES_1_REEVES1GNODE,REEVES_1_REEVES1GNODE,RTPD,MCE,LMP_ENE_PRC,REEVES_1_REEVES1GNODE,ALL,1,109.19637,1,3
2022-09-01T20:00:00-00:00,2022-09-01T20:15:00-00:00,2022-09-01,14,REEVES_1_REEVES1GNODE,REEVES_1_REEVES1GNODE,REEVES_1_REEVES1GNODE,RTPD,MCE,LMP_ENE_PRC,REEVES_1_REEVES1GNODE,ALL,1,117.94359,1,3
2022-09-01T21:00:00-00:00,2022-09-01T21:15:00-00:00,2022-09-01,15,REEVES_1_REEVES1GNODE,REEVES_1_REEVES1GNODE,REEVES_1_REEVES1GNODE,RTPD,MCE,LMP_ENE_PRC,REEVES_1_REEVES1GNODE,ALL,1,226.61499,1,3
2022-09-01T22:00:00-00:00,2022-09-01T22:15:00-00:00,2022-09-01,16,REEVES_1_REEVES1GNODE,REEVES_1_REEVES1GNODE,REEVES_1_REEVES1GNODE,RTPD,MCE,LMP_ENE_PRC,REEVES_1_REEVES1GNODE,ALL,1,229.18552,1,3
2022-09-01T23:00:00-00:00,2022-09-01T23:15:00-00:00,2022-09-01,17,REEVES_1_REEVES1GNODE,REEVES_1_REEVES1GNODE,REEVES_1_REEVES1GNODE,RTPD,MCE,LMP_ENE_PRC,REEVES_1_REEVES1GNODE,ALL,1,386.7537,1,3
2022-09-02T00:00:00-00:00,2022-09-02T00:15:00-00:00,2022-09-01,18,REEVES_1_REEVES1GNODE,REEVES_1_REEVES1GNODE,REEVES_1_REEVES1GNODE,RTPD,MCE,LMP_ENE_PRC,REEVES_1_REEVES1GNODE,ALL,1,770.58136,1,3
2022-09-02T01:00:00-00:00,2022-09-02T01:15:00-00:00,2022-09-01,19,REEVES_1_REEVES1GNODE,REEVES_1_REEVES1GNODE,REEVES_1_REEVES1GNODE,RTPD,MCE,LMP_ENE_PRC,REEVES_1_REEVES1GNODE,ALL,1,916.27124,1,3
2022-09-02T02:00:00-00:00,2022-09-02T02:15:00-00:00,2022-09-01,20,REEVES_1_REEVES1GNODE,REEVES_1_REEVES1GNODE,REEVES_1_REEVES1GNODE,RTPD,MCE,LMP_ENE_PRC,REEVES_1_REEVES1GNODE,ALL,1,1991.6721,1,3
2022-09-02T03:00:00-00:00,2022-09-02T03:15:00-00:00,2022-09-01,21,REEVES_1_REEVES1GNODE,REEVES_1_REEVES1GNODE,REEVES_1_REEVES1GNODE,RTPD,MCE,LMP_ENE_PRC,REEVES_1_REEVES1GNODE,ALL,1,917.5508,1,3
2022-09-02T04:00:00-00:00,2022-09-02T04:15:00-00:00,2022-09-01,22,REEVES_1_REEVES1GNODE,REEVES_1_REEVES1GNODE,REEVES_1_REEVES1GNODE,RTPD,MCE,LMP_ENE_PRC,REEVES_1_REEVES1GNODE,ALL,1,257.83005,1,3
2022-09-02T05:00:00-00:00,2022-09-02T05:15:00-00:00,2022-09-01,23,REEVES_1_REEVES1GNODE,REEVES_1_REEVES1GNODE,REEVES_1_REEVES1GNODE,RTPD,MCE,LMP_ENE_PRC,REEVES_1_REEVES1GNODE,ALL,1,183.24657,1,3
2022-09-02T06:00:00-00:00,2022-09-02T06:15:00-00:00,2022-09-01,24,REEVES_1_REEVES1GNODE,REEVES_1_REEVES1GNODE,REEVES_1_REEVES1GNODE,RTPD,MCE,LMP_ENE_PRC,REEVES_1_REEVES1GNODE,ALL,1,158.867,1,3
2022-09-01T07:15:00-00:00,2022-09-01T07:30:00-00:00,2022-09-01,01,REEVES_1_REEVES1GNODE,REEVES_1_REEVES1GNODE,REEVES_1_REEVES1GNODE,RTPD,MCE,LMP_ENE_PRC,REEVES_1_REEVES1GNODE,ALL,1,125.55144,2,3
2022-09-01T08:15:00-00:00,2022-09-01T08:30:00-00:00,2022-09-01,02,REEVES_1_REEVES1GNODE,REEVES_1_REEVES1GNODE,REEVES_1_REEVES1GNODE,RTPD,MCE,LMP_ENE_PRC,REEVES_1_REEVES1GNODE,ALL,1,115.53165,2,3
2022-09-01T09:15:00-00:00,2022-09-01T09:30:00-00:00,2022-09-01,03,REEVES_1_REEVES1GNODE,REEVES_1_REEVES1GNODE,REEVES_1_REEVES1GNODE,RTPD,MCE,LMP_ENE_PRC,REEVES_1_REEVES1GNODE,ALL,1,98.30543,2,3
2022-09-01T10:15:00-00:00,2022-09-01T10:30:00-00:00,2022-09-01,04,REEVES_1_REEVES1GNODE,REEVES_1_REEVES1GNODE,REEVES_1_REEVES1GNODE,RTPD,MCE,LMP_ENE_PRC,REEVES_1_REEVES1GNODE,ALL,1,97.00684,2,3
2022-09-01T11:15:00-00:00,2022-09-01T11:30:00-00:00,2022-09-01,05,REEVES_1_REEVES1GNODE,REEVES_1_REEVES1GNODE,REEVES_1_REEVES1GNODE,RTPD,MCE,LMP_ENE_PRC,REEVES_1_REEVES1GNODE,ALL,1,103.09059,2,3
2022-09-01T12:15:00-00:00,2022-09-01T12:30:00-00:00,2022-09-01,06,REEVES_1_REEVES1GNODE,REEVES_1_REEVES1GNODE,REEVES_1_REEVES1GNODE,RTPD,MCE,LMP_ENE_PRC,REEVES_1_REEVES1GNODE,ALL,1,109.32203,2,3
2022-09-01T13:15:00-00:00,2022-09-01T13:30:00-00:00,2022-09-01,07,REEVES_1_REEVES1GNODE,REEVES_1_REEVES1GNODE,REEVES_1_REEVES1GNODE,RTPD,MCE,LMP_ENE_PRC,REEVES_1_REEVES1GNODE,ALL,1,110.97827,2,3
2022-09-01T14:15:00-00:00,2022-09-01T14:30:00-00:00,2022-09-01,08,REEVES_1_REEVES1GNODE,REEVES_1_REEVES1GNODE,REEVES_1_REEVES1GNODE,RTPD,MCE,LMP_ENE_PRC,REEVES_1_REEVES1GNODE,ALL,1,104.78743,2,3
2022-09-01T15:15:00-00:00,2022-09-01T15:30:00-00:00,2022-09-01,09,REEVES_1_REEVES1GNODE,REEVES_1_REEVES1GNODE,REEVES_1_REEVES1GNODE,RTPD,MCE,LMP_ENE_PRC,REEVES_1_REEVES1GNODE,ALL,1,86.9388,2,3
2022-09-01T16:15:00-00:00,2022-09-01T16:30:00-00:00,2022-09-01,10,REEVES_1_REEVES1GNODE,REEVES_1_REEVES1GNODE,REEVES_1_REEVES1GNODE,RTPD,MCE,LMP_ENE_PRC,REEVES_1_REEVES1GNODE,ALL,1,89.44858,2,3
2022-09-01T17:15:00-00:00,2022-09-01T17:30:00-00:00,2022-09-01,11,REEVES_1_REEVES1GNODE,REEVES_1_REEVES1GNODE,REEVES_1_REEVES1GNODE,RTPD,MCE,LMP_ENE_PRC,REEVES_1_REEVES1GNODE,ALL,1,99.34673,2,3
2022-09-01T18:15:00-00:00,2022-09-01T18:30:00-00:00,2022-09-01,12,REEVES_1_REEVES1GNODE,REEVES_1_REEVES1GNODE,REEVES_1_REEVES1GNODE,RTPD,MCE,LMP_ENE_PRC,REEVES_1_REEVES1GNODE,ALL,1,101.15901,2,3
2022-09-01T19:15:00-00:00,2022-09-01T19:30:00-00:00,2022-09-01,13,REEVES_1_REEVES1GNODE,REEVES_1_REEVES1GNODE,REEVES_1_REEVES1GNODE,RTPD,MCE,LMP_ENE_PRC,REEVES_1_REEVES1GNODE,ALL,1,105.30588,2,3
2022-09-01T20:15:00-00:00,2022-09-01T20:30:00-00:00,2022-09-01,14,REEVES_1_REEVES1GNODE,REEVES_1_REEVES1GNODE,REEVES_1_REEVES1GNODE,RTPD,MCE,LMP_ENE_PRC,REEVES_1_REEVES1GNODE,ALL,1,117.49421,2,3
2022-09-01T21:15:00-00:00,2022-09-01T21:30:00-00:00,2022-09-01,15,REEVES_1_REEVES1GNODE,REEVES_1_REEVES1GNODE,REEVES_1_REEVES1GNODE,RTPD,MCE,LMP_ENE_PRC,REEVES_1_REEVES1GNODE,ALL,1,147.21185,2,3
2022-09-01T22:15:00-00:00,2022-09-01T22:30:00-00:00,2022-09-01,16,REEVES_1_REEVES1GNODE,REEVES_1_REEVES1GNODE,REEVES_1_REEVES1GNODE,RTPD,MCE,LMP_ENE_PRC,REEVES_1_REEVES1GNODE,ALL,1,256.58734,2,3
2022-09-01T23:15:00-00:00,2022-09-01T23:30:00-00:00,2022-09-01,17,REEVES_1_REEVES1GNODE,REEVES_1_REEVES1GNODE,REEVES_1_REEVES1GNODE,RTPD,MCE,LMP_ENE_PRC,REEVES_1_REEVES1GNODE,ALL,1,362.12408,2,3
2022-09-02T00:15:00-00:00,2022-09-02T00:30:00-00:00,2022-09-01,18,REEVES_1_REEVES1GNODE,REEVES_1_REEVES1GNODE,REEVES_1_REEVES1GNODE,RTPD,MCE,LMP_ENE_PRC,REEVES_1_REEVES1GNODE,ALL,1,691.2182,2,3
2022-09-02T01:15:00-00:00,2022-09-02T01:30:00-00:00,2022-09-01,19,REEVES_1_REEVES1GNODE,REEVES_1_REEVES1GNODE,REEVES_1_REEVES1GNODE,RTPD,MCE,LMP_ENE_PRC,REEVES_1_REEVES1GNODE,ALL,1,1999.9933,2,3
2022-09-02T02:15:00-00:00,2022-09-02T02:30:00-00:00,2022-09-01,20,REEVES_1_REEVES1GNODE,REEVES_1_REEVES1GNODE,REEVES_1_REEVES1GNODE,RTPD,MCE,LMP_ENE_PRC,REEVES_1_REEVES1GNODE,ALL,1,1991.6721,2,3
2022-09-02T03:15:00-00:00,2022-09-02T03:30:00-00:00,2022-09-01,21,REEVES_1_REEVES1GNODE,REEVES_1_REEVES1GNODE,REEVES_1_REEVES1GNODE,RTPD,MCE,LMP_ENE_PRC,REEVES_1_REEVES1GNODE,ALL,1,400.52884,2,3
2022-09-02T04:15:00-00:00,2022-09-02T04:30:00-00:00,2022-09-01,22,REEVES_1_REEVES1GNODE,REEVES_1_REEVES1GNODE,REEVES_1_REEVES1GNODE,RTPD,MCE,LMP_ENE_PRC,REEVES_1_REEVES1GNODE,ALL,1,224.75041,2,3
2022-09-02T05:15:00-00:00,2022-09-02T05:30:00-00:00,2022-09-01,23,REEVES_1_REEVES1GNODE,REEVES_1_REEVES1GNODE,REEVES_1_REEVES1GNODE,RTPD,MCE,LMP_ENE_PRC,REEVES_1_REEVES1GNODE,ALL,1,157.11986,2,3
2022-09-02T06:15:00-00:00,2022-09-02T06:30:00-00:00,2022-09-01,24,REEVES_1_REEVES1GNODE,REEVES_1_REEVES1GNODE,REEVES_1_REEVES1GNODE,RTPD,MCE,LMP_ENE_PRC,REEVES_1_REEVES1GNODE,ALL,1,143.1005,2,3
2022-09-01T07:30:00-00:00,2022-09-01T07:45:00-00:00,2022-09-01,01,REEVES_1_REEVES1GNODE,REEVES_1_REEVES1GNODE,REEVES_1_REEVES1GNODE,RTPD,MCE,LMP_ENE_PRC,REEVES_1_REEVES1GNODE,ALL,1,119.03196,3,3
2022-09-01T08:30:00-00:00,2022-09-01T08:45:00-00:00,2022-09-01,02,REEVES_1_REEVES1GNODE,REEVES_1_REEVES1GNODE,REEVES_1_REEVES1GNODE,RTPD,MCE,LMP_ENE_PRC,REEVES_1_REEVES1GNODE,ALL,1,111.11241,3,3
2022-09-01T09:30:00-00:00,2022-09-01T09:45:00-00:00,2022-09-01,03,REEVES_1_REEVES1GNODE,REEVES_1_REEVES1GNODE,REEVES_1_REEVES1GNODE,RTPD,MCE,LMP_ENE_PRC,REEVES_1_REEVES1GNODE,ALL,1,98.16228,3,3
2022-09-01T10:30:00-00:00,2022-09-01T10:45:00-00:00,2022-09-01,04,REEVES_1_REEVES1GNODE,REEVES_1_REEVES1GNODE,REEVES_1_REEVES1GNODE,RTPD,MCE,LMP_ENE_PRC,REEVES_1_REEVES1GNODE,ALL,1,96.36226,3,3
2022-09-01T11:30:00-00:00,2022-09-01T11:45:00-00:00,2022-09-01,05,REEVES_1_REEVES1GNODE,REEVES_1_REEVES1GNODE,REEVES_1_REEVES1GNODE,RTPD,MCE,LMP_ENE_PRC,REEVES_1_REEVES1GNODE,ALL,1,103.06198,3,3
2022-09-01T12:30:00-00:00,2022-09-01T12:45:00-00:00,2022-09-01,06,REEVES_1_REEVES1GNODE,REEVES_1_REEVES1GNODE,REEVES_1_REEVES1GNODE,RTPD,MCE,LMP_ENE_PRC,REEVES_1_REEVES1GNODE,ALL,1,113.57403,3,3
2022-09-01T13:30:00-00:00,2022-09-01T13:45:00-00:00,2022-09-01,07,REEVES_1_REEVES1GNODE,REEVES_1_REEVES1GNODE,REEVES_1_REEVES1GNODE,RTPD,MCE,LMP_ENE_PRC,REEVES_1_REEVES1GNODE,ALL,1,111.52025,3,3
2022-09-01T14:30:00-00:00,2022-09-01T14:45:00-00:00,2022-09-01,08,REEVES_1_REEVES1GNODE,REEVES_1_REEVES1GNODE,REEVES_1_REEVES1GNODE,RTPD,MCE,LMP_ENE_PRC,REEVES_1_REEVES1GNODE,ALL,1,101.83428,3,3
2022-09-01T15:30:00-00:00,2022-09-01T15:45:00-00:00,2022-09-01,09,REEVES_1_REEVES1GNODE,REEVES_1_REEVES1GNODE,REEVES_1_REEVES1GNODE,RTPD,MCE,LMP_ENE_PRC,REEVES_1_REEVES1GNODE,ALL,1,86.1388,3,3
2022-09-01T16:30:00-00:00,2022-09-01T16:45:00-00:00,2022-09-01,10,REEVES_1_REEVES1GNODE,REEVES_1_REEVES1GNODE,REEVES_1_REEVES1GNODE,RTPD,MCE,LMP_ENE_PRC,REEVES_1_REEVES1GNODE,ALL,1,88.79644,3,3
2022-09-01T17:30:00-00:00,2022-09-01T17:45:00-00:00,2022-09-01,11,REEVES_1_REEVES1GNODE,REEVES_1_REEVES1GNODE,REEVES_1_REEVES1GNODE,RTPD,MCE,LMP_ENE_PRC,REEVES_1_REEVES1GNODE,ALL,1,99.13013,3,3
2022-09-01T18:30:00-00:00,2022-09-01T18:45:00-00:00,2022-09-01,12,REEVES_1_REEVES1GNODE,REEVES_1_REEVES1GNODE,REEVES_1_REEVES1GNODE,RTPD,MCE,LMP_ENE_PRC,REEVES_1_REEVES1GNODE,ALL,1,107.05718,3,3
2022-09-01T19:30:00-00:00,2022-09-01T19:45:00-00:00,2022-09-01,13,REEVES_1_REEVES1GNODE,REEVES_1_REEVES1GNODE,REEVES_1_REEVES1GNODE,RTPD,MCE,LMP_ENE_PRC,REEVES_1_REEVES1GNODE,ALL,1,114.05905,3,3
2022-09-01T20:30:00-00:00,2022-09-01T20:45:00-00:00,2022-09-01,14,REEVES_1_REEVES1GNODE,REEVES_1_REEVES1GNODE,REEVES_1_REEVES1GNODE,RTPD,MCE,LMP_ENE_PRC,REEVES_1_REEVES1GNODE,ALL,1,129.81606,3,3
2022-09-01T21:30:00-00:00,2022-09-01T21:45:00-00:00,2022-09-01,15,REEVES_1_REEVES1GNODE,REEVES_1_REEVES1GNODE,REEVES_1_REEVES1GNODE,RTPD,MCE,LMP_ENE_PRC,REEVES_1_REEVES1GNODE,ALL,1,152.93057,3,3
2022-09-01T22:30:00-00:00,2022-09-01T22:45:00-00:00,2022-09-01,16,REEVES_1_REEVES1GNODE,REEVES_1_REEVES1GNODE,REEVES_1_REEVES1GNODE,RTPD,MCE,LMP_ENE_PRC,REEVES_1_REEVES1GNODE,ALL,1,283.18182,3,3
2022-09-01T23:30:00-00:00,2022-09-01T23:45:00-00:00,2022-09-01,17,REEVES_1_REEVES1GNODE,REEVES_1_REEVES1GNODE,REEVES_1_REEVES1GNODE,RTPD,MCE,LMP_ENE_PRC,REEVES_1_REEVES1GNODE,ALL,1,566.48157,3,3
2022-09-02T00:30:00-00:00,2022-09-02T00:45:00-00:00,2022-09-01,18,REEVES_1_REEVES1GNODE,REEVES_1_REEVES1GNODE,REEVES_1_REEVES1GNODE,RTPD,MCE,LMP_ENE_PRC,REEVES_1_REEVES1GNODE,ALL,1,1329.1127,3,3
2022-09-02T01:30:00-00:00,2022-09-02T01:45:00-00:00,2022-09-01,19,REEVES_1_REEVES1GNODE,REEVES_1_REEVES1GNODE,REEVES_1_REEVES1GNODE,RTPD,MCE,LMP_ENE_PRC,REEVES_1_REEVES1GNODE,ALL,1,1999.9956,3,3
2022-09-02T02:30:00-00:00,2022-09-02T02:45:00-00:00,2022-09-01,20,REEVES_1_REEVES1GNODE,REEVES_1_REEVES1GNODE,REEVES_1_REEVES1GNODE,RTPD,MCE,LMP_ENE_PRC,REEVES_1_REEVES1GNODE,ALL,1,1991.671,3,3
2022-09-02T03:30:00-00:00,2022-09-02T03:45:00-00:00,2022-09-01,21,REEVES_1_REEVES1GNODE,REEVES_1_REEVES1GNODE,REEVES_1_REEVES1GNODE,RTPD,MCE,LMP_ENE_PRC,REEVES_1_REEVES1GNODE,ALL,1,186.61823,3,3
2022-09-02T04:30:00-00:00,2022-09-02T04:45:00-00:00,2022-09-01,22,REEVES_1_REEVES1GNODE,REEVES_1_REEVES1GNODE,REEVES_1_REEVES1GNODE,RTPD,MCE,LMP_ENE_PRC,REEVES_1_REEVES1GNODE,ALL,1,180.67824,3,3
2022-09-02T05:30:00-00:00,2022-09-02T05:45:00-00:00,2022-09-01,23,REEVES_1_REEVES1GNODE,REEVES_1_REEVES1GNODE,REEVES_1_REEVES1GNODE,RTPD,MCE,LMP_ENE_PRC,REEVES_1_REEVES1GNODE,ALL,1,131.69917,3,3
2022-09-02T06:30:00-00:00,2022-09-02T06:45:00-00:00,2022-09-01,24,REEVES_1_REEVES1GNODE,REEVES_1_REEVES1GNODE,REEVES_1_REEVES1GNODE,RTPD,MCE,LMP_ENE_PRC,REEVES_1_REEVES1GNODE,ALL,1,128.9871,3,3
2022-09-01T07:45:00-00:00,2022-09-01T08:00:00-00:00,2022-09-01,01,REEVES_1_REEVES1GNODE,REEVES_1_REEVES1GNODE,REEVES_1_REEVES1GNODE,RTPD,MCE,LMP_ENE_PRC,REEVES_1_REEVES1GNODE,ALL,1,109.12099,4,3
2022-09-01T08:45:00-00:00,2022-09-01T09:00:00-00:00,2022-09-01,02,REEVES_1_REEVES1GNODE,REEVES_1_REEVES1GNODE,REEVES_1_REEVES1GNODE,RTPD,MCE,LMP_ENE_PRC,REEVES_1_REEVES1GNODE,ALL,1,98.7357,4,3
2022-09-01T09:45:00-00:00,2022-09-01T10:00:00-00:00,2022-09-01,03,REEVES_1_REEVES1GNODE,REEVES_1_REEVES1GNODE,REEVES_1_REEVES1GNODE,RTPD,MCE,LMP_ENE_PRC,REEVES_1_REEVES1GNODE,ALL,1,97.50475,4,3
2022-09-01T10:45:00-00:00,2022-09-01T11:00:00-00:00,2022-09-01,04,REEVES_1_REEVES1GNODE,REEVES_1_REEVES1GNODE,REEVES_1_REEVES1GNODE,RTPD,MCE,LMP_ENE_PRC,REEVES_1_REEVES1GNODE,ALL,1,94.71966,4,3
2022-09-01T11:45:00-00:00,2022-09-01T12:00:00-00:00,2022-09-01,05,REEVES_1_REEVES1GNODE,REEVES_1_REEVES1GNODE,REEVES_1_REEVES1GNODE,RTPD,MCE,LMP_ENE_PRC,REEVES_1_REEVES1GNODE,ALL,1,107.01,4,3
2022-09-01T12:45:00-00:00,2022-09-01T13:00:00-00:00,2022-09-01,06,REEVES_1_REEVES1GNODE,REEVES_1_REEVES1GNODE,REEVES_1_REEVES1GNODE,RTPD,MCE,LMP_ENE_PRC,REEVES_1_REEVES1GNODE,ALL,1,116.4848,4,3
2022-09-01T13:45:00-00:00,2022-09-01T14:00:00-00:00,2022-09-01,07,REEVES_1_REEVES1GNODE,REEVES_1_REEVES1GNODE,REEVES_1_REEVES1GNODE,RTPD,MCE,LMP_ENE_PRC,REEVES_1_REEVES1GNODE,ALL,1,111.41,4,3
2022-09-01T14:45:00-00:00,2022-09-01T15:00:00-00:00,2022-09-01,08,REEVES_1_REEVES1GNODE,REEVES_1_REEVES1GNODE,REEVES_1_REEVES1GNODE,RTPD,MCE,LMP_ENE_PRC,REEVES_1_REEVES1GNODE,ALL,1,86.1388,4,3
2022-09-01T15:45:00-00:00,2022-09-01T16:00:00-00:00,2022-09-01,09,REEVES_1_REEVES1GNODE,REEVES_1_REEVES1GNODE,REEVES_1_REEVES1GNODE,RTPD,MCE,LMP_ENE_PRC,REEVES_1_REEVES1GNODE,ALL,1,78.70076,4,3
2022-09-01T16:45:00-00:00,2022-09-01T17:00:00-00:00,2022-09-01,10,REEVES_1_REEVES1GNODE,REEVES_1_REEVES1GNODE,REEVES_1_REEVES1GNODE,RTPD,MCE,LMP_ENE_PRC,REEVES_1_REEVES1GNODE,ALL,1,91.24933,4,3
2022-09-01T17:45:00-00:00,2022-09-01T18:00:00-00:00,2022-09-01,11,REEVES_1_REEVES1GNODE,REEVES_1_REEVES1GNODE,REEVES_1_REEVES1GNODE,RTPD,MCE,LMP_ENE_PRC,REEVES_1_REEVES1GNODE,ALL,1,99.20544,4,3
2022-09-01T18:45:00-00:00,2022-09-01T19:00:00-00:00,2022-09-01,12,REEVES_1_REEVES1GNODE,REEVES_1_REEVES1GNODE,REEVES_1_REEVES1GNODE,RTPD,MCE,LMP_ENE_PRC,REEVES_1_REEVES1GNODE,ALL,1,109.04064,4,3
2022-09-01T19:45:00-00:00,2022-09-01T20:00:00-00:00,2022-09-01,13,REEVES_1_REEVES1GNODE,REEVES_1_REEVES1GNODE,REEVES_1_REEVES1GNODE,RTPD,MCE,LMP_ENE_PRC,REEVES_1_REEVES1GNODE,ALL,1,120.22491,4,3
2022-09-01T20:45:00-00:00,2022-09-01T21:00:00-00:00,2022-09-01,14,REEVES_1_REEVES1GNODE,REEVES_1_REEVES1GNODE,REEVES_1_REEVES1GNODE,RTPD,MCE,LMP_ENE_PRC,REEVES_1_REEVES1GNODE,ALL,1,154.02509,4,3
2022-09-01T21:45:00-00:00,2022-09-01T22:00:00-00:00,2022-09-01,15,REEVES_1_REEVES1GNODE,REEVES_1_REEVES1GNODE,REEVES_1_REEVES1GNODE,RTPD,MCE,LMP_ENE_PRC,REEVES_1_REEVES1GNODE,ALL,1,300.29376,4,3
2022-09-01T22:45:00-00:00,2022-09-01T23:00:00-00:00,2022-09-01,16,REEVES_1_REEVES1GNODE,REEVES_1_REEVES1GNODE,REEVES_1_REEVES1GNODE,RTPD,MCE,LMP_ENE_PRC,REEVES_1_REEVES1GNODE,ALL,1,429.9137,4,3
2022-09-01T23:45:00-00:00,2022-09-02T00:00:00-00:00,2022-09-01,17,REEVES_1_REEVES1GNODE,REEVES_1_REEVES1GNODE,REEVES_1_REEVES1GNODE,RTPD,MCE,LMP_ENE_PRC,REEVES_1_REEVES1GNODE,ALL,1,1261.2124,4,3
2022-09-02T00:45:00-00:00,2022-09-02T01:00:00-00:00,2022-09-01,18,REEVES_1_REEVES1GNODE,REEVES_1_REEVES1GNODE,REEVES_1_REEVES1GNODE,RTPD,MCE,LMP_ENE_PRC,REEVES_1_REEVES1GNODE,ALL,1,1519.149,4,3
2022-09-02T01:45:00-00:00,2022-09-02T02:00:00-00:00,2022-09-01,19,REEVES_1_REEVES1GNODE,REEVES_1_REEVES1GNODE,REEVES_1_REEVES1GNODE,RTPD,MCE,LMP_ENE_PRC,REEVES_1_REEVES1GNODE,ALL,1,1991.9337,4,3
2022-09-02T02:45:00-00:00,2022-09-02T03:00:00-00:00,2022-09-01,20,REEVES_1_REEVES1GNODE,REEVES_1_REEVES1GNODE,REEVES_1_REEVES1GNODE,RTPD,MCE,LMP_ENE_PRC,REEVES_1_REEVES1GNODE,ALL,1,1629.6213,4,3
2022-09-02T03:45:00-00:00,2022-09-02T04:00:00-00:00,2022-09-01,21,REEVES_1_REEVES1GNODE,REEVES_1_REEVES1GNODE,REEVES_1_REEVES1GNODE,RTPD,MCE,LMP_ENE_PRC,REEVES_1_REEVES1GNODE,ALL,1,141.13702,4,3
2022-09-02T04:45:00-00:00,2022-09-02T05:00:00-00:00,2022-09-01,22,REEVES_1_REEVES1GNODE,REEVES_1_REEVES1GNODE,REEVES_1_REEVES1GNODE,RTPD,MCE,LMP_ENE_PRC,REEVES_1_REEVES1GNODE,ALL,1,126.76372,4,3
2022-09-02T05:45:00-00:00,2022-09-02T06:00:00-00:00,2022-09-01,23,REEVES_1_REEVES1GNODE,REEVES_1_REEVES1GNODE,REEVES_1_REEVES1GNODE,RTPD,MCE,LMP_ENE_PRC,REEVES_1_REEVES1GNODE,ALL,1,119.00958,4,3
2022-09-02T06:45:00-00:00,2022-09-02T07:00:00-00:00,2022-09-01,24,REEVES_1_REEVES1GNODE,REEVES_1_REEVES1GNODE,REEVES_1_REEVES1GNODE,RTPD,MCE,LMP_ENE_PRC,REEVES_1_REEVES1GNODE,ALL,1,109.20324,4,3
2022-09-01T07:00:00-00:00,2022-09-01T07:15:00-00:00,2022-09-01,01,REEVES_1_REEVES1GNODE,REEVES_1_REEVES1GNODE,REEVES_1_REEVES1GNODE,RTPD,MCL,LMP_LOSS_PRC,REEVES_1_REEVES1GNODE,ALL,1,-0.47319,1,4
2022-09-01T08:00:00-00:00,2022-09-01T08:15:00-00:00,2022-09-01,02,REEVES_1_REEVES1GNODE,REEVES_1_REEVES1GNODE,REEVES_1_REEVES1GNODE,RTPD,MCL,LMP_LOSS_PRC,REEVES_1_REEVES1GNODE,ALL,1,0,1,4
2022-09-01T09:00:00-00:00,2022-09-01T09:15:00-00:00,2022-09-01,03,REEVES_1_REEVES1GNODE,REEVES_1_REEVES1GNODE,REEVES_1_REEVES1GNODE,RTPD,MCL,LMP_LOSS_PRC,REEVES_1_REEVES1GNODE,ALL,1,-2.06634,1,4
2022-09-01T10:00:00-00:00,2022-09-01T10:15:00-00:00,2022-09-01,04,REEVES_1_REEVES1GNODE,REEVES_1_REEVES1GNODE,REEVES_1_REEVES1GNODE,RTPD,MCL,LMP_LOSS_PRC,REEVES_1_REEVES1GNODE,ALL,1,-1.69334,1,4
2022-09-01T11:00:00-00:00,2022-09-01T11:15:00-00:00,2022-09-01,05,REEVES_1_REEVES1GNODE,REEVES_1_REEVES1GNODE,REEVES_1_REEVES1GNODE,RTPD,MCL,LMP_LOSS_PRC,REEVES_1_REEVES1GNODE,ALL,1,-1.95834,1,4
2022-09-01T12:00:00-00:00,2022-09-01T12:15:00-00:00,2022-09-01,06,REEVES_1_REEVES1GNODE,REEVES_1_REEVES1GNODE,REEVES_1_REEVES1GNODE,RTPD,MCL,LMP_LOSS_PRC,REEVES_1_REEVES1GNODE,ALL,1,-1.72208,1,4
2022-09-01T13:00:00-00:00,2022-09-01T13:15:00-00:00,2022-09-01,07,REEVES_1_REEVES1GNODE,REEVES_1_REEVES1GNODE,REEVES_1_REEVES1GNODE,RTPD,MCL,LMP_LOSS_PRC,REEVES_1_REEVES1GNODE,ALL,1,0,1,4
2022-09-01T14:00:00-00:00,2022-09-01T14:15:00-00:00,2022-09-01,08,REEVES_1_REEVES1GNODE,REEVES_1_REEVES1GNODE,REEVES_1_REEVES1GNODE,RTPD,MCL,LMP_LOSS_PRC,REEVES_1_REEVES1GNODE,ALL,1,-4.30697,1,4
2022-09-01T15:00:00-00:00,2022-09-01T15:15:00-00:00,2022-09-01,09,REEVES_1_REEVES1GNODE,REEVES_1_REEVES1GNODE,REEVES_1_REEVES1GNODE,RTPD,MCL,LMP_LOSS_PRC,REEVES_1_REEVES1GNODE,ALL,1,0,1,4
2022-09-01T16:00:00-00:00,2022-09-01T16:15:00-00:00,2022-09-01,10,REEVES_1_REEVES1GNODE,REEVES_1_REEVES1GNODE,REEVES_1_REEVES1GNODE,RTPD,MCL,LMP_LOSS_PRC,REEVES_1_REEVES1GNODE,ALL,1,0,1,4
2022-09-01T17:00:00-00:00,2022-09-01T17:15:00-00:00,2022-09-01,11,REEVES_1_REEVES1GNODE,REEVES_1_REEVES1GNODE,REEVES_1_REEVES1GNODE,RTPD,MCL,LMP_LOSS_PRC,REEVES_1_REEVES1GNODE,ALL,1,0,1,4
2022-09-01T18:00:00-00:00,2022-09-01T18:15:00-00:00,2022-09-01,12,REEVES_1_REEVES1GNODE,REEVES_1_REEVES1GNODE,REEVES_1_REEVES1GNODE,RTPD,MCL,LMP_LOSS_PRC,REEVES_1_REEVES1GNODE,ALL,1,0,1,4
2022-09-01T19:00:00-00:00,2022-09-01T19:15:00-00:00,2022-09-01,13,REEVES_1_REEVES1GNODE,REEVES_1_REEVES1GNODE,REEVES_1_REEVES1GNODE,RTPD,MCL,LMP_LOSS_PRC,REEVES_1_REEVES1GNODE,ALL,1,0,1,4
2022-09-01T20:00:00-00:00,2022-09-01T20:15:00-00:00,2022-09-01,14,REEVES_1_REEVES1GNODE,REEVES_1_REEVES1GNODE,REEVES_1_REEVES1GNODE,RTPD,MCL,LMP_LOSS_PRC,REEVES_1_REEVES1GNODE,ALL,1,0,1,4
2022-09-01T21:00:00-00:00,2022-09-01T21:15:00-00:00,2022-09-01,15,REEVES_1_REEVES1GNODE,REEVES_1_REEVES1GNODE,REEVES_1_REEVES1GNODE,RTPD,MCL,LMP_LOSS_PRC,REEVES_1_REEVES1GNODE,ALL,1,0,1,4
2022-09-01T22:00:00-00:00,2022-09-01T22:15:00-00:00,2022-09-01,16,REEVES_1_REEVES1GNODE,REEVES_1_REEVES1GNODE,REEVES_1_REEVES1GNODE,RTPD,MCL,LMP_LOSS_PRC,REEVES_1_REEVES1GNODE,ALL,1,0,1,4
2022-09-01T23:00:00-00:00,2022-09-01T23:15:00-00:00,2022-09-01,17,REEVES_1_REEVES1GNODE,REEVES_1_REEVES1GNODE,REEVES_1_REEVES1GNODE,RTPD,MCL,LMP_LOSS_PRC,REEVES_1_REEVES1GNODE,ALL,1,0,1,4
2022-09-02T00:00:00-00:00,2022-09-02T00:15:00-00:00,2022-09-01,18,REEVES_1_REEVES1GNODE,REEVES_1_REEVES1GNODE,REEVES_1_REEVES1GNODE,RTPD,MCL,LMP_LOSS_PRC,REEVES_1_REEVES1GNODE,ALL,1,-65.77389,1,4
2022-09-02T01:00:00-00:00,2022-09-02T01:15:00-00:00,2022-09-01,19,REEVES_1_REEVES1GNODE,REEVES_1_REEVES1GNODE,REEVES_1_REEVES1GNODE,RTPD,MCL,LMP_LOSS_PRC,REEVES_1_REEVES1GNODE,ALL,1,0,1,4
2022-09-02T02:00:00-00:00,2022-09-02T02:15:00-00:00,2022-09-01,20,REEVES_1_REEVES1GNODE,REEVES_1_REEVES1GNODE,REEVES_1_REEVES1GNODE,RTPD,MCL,LMP_LOSS_PRC,REEVES_1_REEVES1GNODE,ALL,1,0,1,4
2022-09-02T03:00:00-00:00,2022-09-02T03:15:00-00:00,2022-09-01,21,REEVES_1_REEVES1GNODE,REEVES_1_REEVES1GNODE,REEVES_1_REEVES1GNODE,RTPD,MCL,LMP_LOSS_PRC,REEVES_1_REEVES1GNODE,ALL,1,-72.27154,1,4
2022-09-02T04:00:00-00:00,2022-09-02T04:15:00-00:00,2022-09-01,22,REEVES_1_REEVES1GNODE,REEVES_1_REEVES1GNODE,REEVES_1_REEVES1GNODE,RTPD,MCL,LMP_LOSS_PRC,REEVES_1_REEVES1GNODE,ALL,1,-17.11272,1,4
2022-09-02T05:00:00-00:00,2022-09-02T05:15:00-00:00,2022-09-01,23,REEVES_1_REEVES1GNODE,REEVES_1_REEVES1GNODE,REEVES_1_REEVES1GNODE,RTPD,MCL,LMP_LOSS_PRC,REEVES_1_REEVES1GNODE,ALL,1,-15.7916,1,4
2022-09-02T06:00:00-00:00,2022-09-02T06:15:00-00:00,2022-09-01,24,REEVES_1_REEVES1GNODE,REEVES_1_REEVES1GNODE,REEVES_1_REEVES1GNODE,RTPD,MCL,LMP_LOSS_PRC,REEVES_1_REEVES1GNODE,ALL,1,-13.73706,1,4
2022-09-01T07:15:00-00:00,2022-09-01T07:30:00-00:00,2022-09-01,01,REEVES_1_REEVES1GNODE,REEVES_1_REEVES1GNODE,REEVES_1_REEVES1GNODE,RTPD,MCL,LMP_LOSS_PRC,REEVES_1_REEVES1GNODE,ALL,1,0,2,4
2022-09-01T08:15:00-00:00,2022-09-01T08:30:00-00:00,2022-09-01,02,REEVES_1_REEVES1GNODE,REEVES_1_REEVES1GNODE,REEVES_1_REEVES1GNODE,RTPD,MCL,LMP_LOSS_PRC,REEVES_1_REEVES1GNODE,ALL,1,0,2,4
2022-09-01T09:15:00-00:00,2022-09-01T09:30:00-00:00,2022-09-01,03,REEVES_1_REEVES1GNODE,REEVES_1_REEVES1GNODE,REEVES_1_REEVES1GNODE,RTPD,MCL,LMP_LOSS_PRC,REEVES_1_REEVES1GNODE,ALL,1,-1.9376,2,4
2022-09-01T10:15:00-00:00,2022-09-01T10:30:00-00:00,2022-09-01,04,REEVES_1_REEVES1GNODE,REEVES_1_REEVES1GNODE,REEVES_1_REEVES1GNODE,RTPD,MCL,LMP_LOSS_PRC,REEVES_1_REEVES1GNODE,ALL,1,-1.59412,2,4
2022-09-01T11:15:00-00:00,2022-09-01T11:30:00-00:00,2022-09-01,05,REEVES_1_REEVES1GNODE,REEVES_1_REEVES1GNODE,REEVES_1_REEVES1GNODE,RTPD,MCL,LMP_LOSS_PRC,REEVES_1_REEVES1GNODE,ALL,1,-1.84451,2,4
2022-09-01T12:15:00-00:00,2022-09-01T12:30:00-00:00,2022-09-01,06,REEVES_1_REEVES1GNODE,REEVES_1_REEVES1GNODE,REEVES_1_REEVES1GNODE,RTPD,MCL,LMP_LOSS_PRC,REEVES_1_REEVES1GNODE,ALL,1,-2.29707,2,4
2022-09-01T13:15:00-00:00,2022-09-01T13:30:00-00:00,2022-09-01,07,REEVES_1_REEVES1GNODE,REEVES_1_REEVES1GNODE,REEVES_1_REEVES1GNODE,RTPD,MCL,LMP_LOSS_PRC,REEVES_1_REEVES1GNODE,ALL,1,-1.08452,2,4
2022-09-01T14:15:00-00:00,2022-09-01T14:30:00-00:00,2022-09-01,08,REEVES_1_REEVES1GNODE,REEVES_1_REEVES1GNODE,REEVES_1_REEVES1GNODE,RTPD,MCL,LMP_LOSS_PRC,REEVES_1_REEVES1GNODE,ALL,1,-4.22905,2,4
2022-09-01T15:15:00-00:00,2022-09-01T15:30:00-00:00,2022-09-01,09,REEVES_1_REEVES1GNODE,REEVES_1_REEVES1GNODE,REEVES_1_REEVES1GNODE,RTPD,MCL,LMP_LOSS_PRC,REEVES_1_REEVES1GNODE,ALL,1,0,2,4
2022-09-01T16:15:00-00:00,2022-09-01T16:30:00-00:00,2022-09-01,10,REEVES_1_REEVES1GNODE,REEVES_1_REEVES1GNODE,REEVES_1_REEVES1GNODE,RTPD,MCL,LMP_LOSS_PRC,REEVES_1_REEVES1GNODE,ALL,1,0,2,4
2022-09-01T17:15:00-00:00,2022-09-01T17:30:00-00:00,2022-09-01,11,REEVES_1_REEVES1GNODE,REEVES_1_REEVES1GNODE,REEVES_1_REEVES1GNODE,RTPD,MCL,LMP_LOSS_PRC,REEVES_1_REEVES1GNODE,ALL,1,0,2,4
2022-09-01T18:15:00-00:00,2022-09-01T18:30:00-00:00,2022-09-01,12,REEVES_1_REEVES1GNODE,REEVES_1_REEVES1GNODE,REEVES_1_REEVES1GNODE,RTPD,MCL,LMP_LOSS_PRC,REEVES_1_REEVES1GNODE,ALL,1,0,2,4
2022-09-01T19:15:00-00:00,2022-09-01T19:30:00-00:00,2022-09-01,13,REEVES_1_REEVES1GNODE,REEVES_1_REEVES1GNODE,REEVES_1_REEVES1GNODE,RTPD,MCL,LMP_LOSS_PRC,REEVES_1_REEVES1GNODE,ALL,1,0,2,4
2022-09-01T20:15:00-00:00,2022-09-01T20:30:00-00:00,2022-09-01,14,REEVES_1_REEVES1GNODE,REEVES_1_REEVES1GNODE,REEVES_1_REEVES1GNODE,RTPD,MCL,LMP_LOSS_PRC,REEVES_1_REEVES1GNODE,ALL,1,0,2,4
2022-09-01T21:15:00-00:00,2022-09-01T21:30:00-00:00,2022-09-01,15,REEVES_1_REEVES1GNODE,REEVES_1_REEVES1GNODE,REEVES_1_REEVES1GNODE,RTPD,MCL,LMP_LOSS_PRC,REEVES_1_REEVES1GNODE,ALL,1,0,2,4
2022-09-01T22:15:00-00:00,2022-09-01T22:30:00-00:00,2022-09-01,16,REEVES_1_REEVES1GNODE,REEVES_1_REEVES1GNODE,REEVES_1_REEVES1GNODE,RTPD,MCL,LMP_LOSS_PRC,REEVES_1_REEVES1GNODE,ALL,1,0,2,4
2022-09-01T23:15:00-00:00,2022-09-01T23:30:00-00:00,2022-09-01,17,REEVES_1_REEVES1GNODE,REEVES_1_REEVES1GNODE,REEVES_1_REEVES1GNODE,RTPD,MCL,LMP_LOSS_PRC,REEVES_1_REEVES1GNODE,ALL,1,0,2,4
2022-09-02T00:15:00-00:00,2022-09-02T00:30:00-00:00,2022-09-01,18,REEVES_1_REEVES1GNODE,REEVES_1_REEVES1GNODE,REEVES_1_REEVES1GNODE,RTPD,MCL,LMP_LOSS_PRC,REEVES_1_REEVES1GNODE,ALL,1,-57.43556,2,4
2022-09-02T01:15:00-00:00,2022-09-02T01:30:00-00:00,2022-09-01,19,REEVES_1_REEVES1GNODE,REEVES_1_REEVES1GNODE,REEVES_1_REEVES1GNODE,RTPD,MCL,LMP_LOSS_PRC,REEVES_1_REEVES1GNODE,ALL,1,0,2,4
2022-09-02T02:15:00-00:00,2022-09-02T02:30:00-00:00,2022-09-01,20,REEVES_1_REEVES1GNODE,REEVES_1_REEVES1GNODE,REEVES_1_REEVES1GNODE,RTPD,MCL,LMP_LOSS_PRC,REEVES_1_REEVES1GNODE,ALL,1,0,2,4
2022-09-02T03:15:00-00:00,2022-09-02T03:30:00-00:00,2022-09-01,21,REEVES_1_REEVES1GNODE,REEVES_1_REEVES1GNODE,REEVES_1_REEVES1GNODE,RTPD,MCL,LMP_LOSS_PRC,REEVES_1_REEVES1GNODE,ALL,1,-29.43169,2,4
2022-09-02T04:15:00-00:00,2022-09-02T04:30:00-00:00,2022-09-01,22,REEVES_1_REEVES1GNODE,REEVES_1_REEVES1GNODE,REEVES_1_REEVES1GNODE,RTPD,MCL,LMP_LOSS_PRC,REEVES_1_REEVES1GNODE,ALL,1,-15.83089,2,4
2022-09-02T05:15:00-00:00,2022-09-02T05:30:00-00:00,2022-09-01,23,REEVES_1_REEVES1GNODE,REEVES_1_REEVES1GNODE,REEVES_1_REEVES1GNODE,RTPD,MCL,LMP_LOSS_PRC,REEVES_1_REEVES1GNODE,ALL,1,-11.3278,2,4
2022-09-02T06:15:00-00:00,2022-09-02T06:30:00-00:00,2022-09-01,24,REEVES_1_REEVES1GNODE,REEVES_1_REEVES1GNODE,REEVES_1_REEVES1GNODE,RTPD,MCL,LMP_LOSS_PRC,REEVES_1_REEVES1GNODE,ALL,1,-10.3595,2,4
2022-09-01T07:30:00-00:00,2022-09-01T07:45:00-00:00,2022-09-01,01,REEVES_1_REEVES1GNODE,REEVES_1_REEVES1GNODE,REEVES_1_REEVES1GNODE,RTPD,MCL,LMP_LOSS_PRC,REEVES_1_REEVES1GNODE,ALL,1,0,3,4
2022-09-01T08:30:00-00:00,2022-09-01T08:45:00-00:00,2022-09-01,02,REEVES_1_REEVES1GNODE,REEVES_1_REEVES1GNODE,REEVES_1_REEVES1GNODE,RTPD,MCL,LMP_LOSS_PRC,REEVES_1_REEVES1GNODE,ALL,1,-2.6777,3,4
2022-09-01T09:30:00-00:00,2022-09-01T09:45:00-00:00,2022-09-01,03,REEVES_1_REEVES1GNODE,REEVES_1_REEVES1GNODE,REEVES_1_REEVES1GNODE,RTPD,MCL,LMP_LOSS_PRC,REEVES_1_REEVES1GNODE,ALL,1,-1.65273,3,4
2022-09-01T10:30:00-00:00,2022-09-01T10:45:00-00:00,2022-09-01,04,REEVES_1_REEVES1GNODE,REEVES_1_REEVES1GNODE,REEVES_1_REEVES1GNODE,RTPD,MCL,LMP_LOSS_PRC,REEVES_1_REEVES1GNODE,ALL,1,-1.56526,3,4
2022-09-01T11:30:00-00:00,2022-09-01T11:45:00-00:00,2022-09-01,05,REEVES_1_REEVES1GNODE,REEVES_1_REEVES1GNODE,REEVES_1_REEVES1GNODE,RTPD,MCL,LMP_LOSS_PRC,REEVES_1_REEVES1GNODE,ALL,1,-2.11572,3,4
2022-09-01T12:30:00-00:00,2022-09-01T12:45:00-00:00,2022-09-01,06,REEVES_1_REEVES1GNODE,REEVES_1_REEVES1GNODE,REEVES_1_REEVES1GNODE,RTPD,MCL,LMP_LOSS_PRC,REEVES_1_REEVES1GNODE,ALL,1,-1.79783,3,4
2022-09-01T13:30:00-00:00,2022-09-01T13:45:00-00:00,2022-09-01,07,REEVES_1_REEVES1GNODE,REEVES_1_REEVES1GNODE,REEVES_1_REEVES1GNODE,RTPD,MCL,LMP_LOSS_PRC,REEVES_1_REEVES1GNODE,ALL,1,-1.62646,3,4
2022-09-01T14:30:00-00:00,2022-09-01T14:45:00-00:00,2022-09-01,08,REEVES_1_REEVES1GNODE,REEVES_1_REEVES1GNODE,REEVES_1_REEVES1GNODE,RTPD,MCL,LMP_LOSS_PRC,REEVES_1_REEVES1GNODE,ALL,1,-5.04477,3,4
2022-09-01T15:30:00-00:00,2022-09-01T15:45:00-00:00,2022-09-01,09,REEVES_1_REEVES1GNODE,REEVES_1_REEVES1GNODE,REEVES_1_REEVES1GNODE,RTPD,MCL,LMP_LOSS_PRC,REEVES_1_REEVES1GNODE,ALL,1,0,3,4
2022-09-01T16:30:00-00:00,2022-09-01T16:45:00-00:00,2022-09-01,10,REEVES_1_REEVES1GNODE,REEVES_1_REEVES1GNODE,REEVES_1_REEVES1GNODE,RTPD,MCL,LMP_LOSS_PRC,REEVES_1_REEVES1GNODE,ALL,1,0,3,4
2022-09-01T17:30:00-00:00,2022-09-01T17:45:00-00:00,2022-09-01,11,REEVES_1_REEVES1GNODE,REEVES_1_REEVES1GNODE,REEVES_1_REEVES1GNODE,RTPD,MCL,LMP_LOSS_PRC,REEVES_1_REEVES1GNODE,ALL,1,0,3,4
2022-09-01T18:30:00-00:00,2022-09-01T18:45:00-00:00,2022-09-01,12,REEVES_1_REEVES1GNODE,REEVES_1_REEVES1GNODE,REEVES_1_REEVES1GNODE,RTPD,MCL,LMP_LOSS_PRC,REEVES_1_REEVES1GNODE,ALL,1,0,3,4
2022-09-01T19:30:00-00:00,2022-09-01T19:45:00-00:00,2022-09-01,13,REEVES_1_REEVES1GNODE,REEVES_1_REEVES1GNODE,REEVES_1_REEVES1GNODE,RTPD,MCL,LMP_LOSS_PRC,REEVES_1_REEVES1GNODE,ALL,1,0,3,4
2022-09-01T20:30:00-00:00,2022-09-01T20:45:00-00:00,2022-09-01,14,REEVES_1_REEVES1GNODE,REEVES_1_REEVES1GNODE,REEVES_1_REEVES1GNODE,RTPD,MCL,LMP_LOSS_PRC,REEVES_1_REEVES1GNODE,ALL,1,0,3,4
2022-09-01T21:30:00-00:00,2022-09-01T21:45:00-00:00,2022-09-01,15,REEVES_1_REEVES1GNODE,REEVES_1_REEVES1GNODE,REEVES_1_REEVES1GNODE,RTPD,MCL,LMP_LOSS_PRC,REEVES_1_REEVES1GNODE,ALL,1,0,3,4
2022-09-01T22:30:00-00:00,2022-09-01T22:45:00-00:00,2022-09-01,16,REEVES_1_REEVES1GNODE,REEVES_1_REEVES1GNODE,REEVES_1_REEVES1GNODE,RTPD,MCL,LMP_LOSS_PRC,REEVES_1_REEVES1GNODE,ALL,1,0,3,4
2022-09-01T23:30:00-00:00,2022-09-01T23:45:00-00:00,2022-09-01,17,REEVES_1_REEVES1GNODE,REEVES_1_REEVES1GNODE,REEVES_1_REEVES1GNODE,RTPD,MCL,LMP_LOSS_PRC,REEVES_1_REEVES1GNODE,ALL,1,0,3,4
2022-09-02T00:30:00-00:00,2022-09-02T00:45:00-00:00,2022-09-01,18,REEVES_1_REEVES1GNODE,REEVES_1_REEVES1GNODE,REEVES_1_REEVES1GNODE,RTPD,MCL,LMP_LOSS_PRC,REEVES_1_REEVES1GNODE,ALL,1,0,3,4
2022-09-02T01:30:00-00:00,2022-09-02T01:45:00-00:00,2022-09-01,19,REEVES_1_REEVES1GNODE,REEVES_1_REEVES1GNODE,REEVES_1_REEVES1GNODE,RTPD,MCL,LMP_LOSS_PRC,REEVES_1_REEVES1GNODE,ALL,1,0,3,4
2022-09-02T02:30:00-00:00,2022-09-02T02:45:00-00:00,2022-09-01,20,REEVES_1_REEVES1GNODE,REEVES_1_REEVES1GNODE,REEVES_1_REEVES1GNODE,RTPD,MCL,LMP_LOSS_PRC,REEVES_1_REEVES1GNODE,ALL,1,0,3,4
2022-09-02T03:30:00-00:00,2022-09-02T03:45:00-00:00,2022-09-01,21,REEVES_1_REEVES1GNODE,REEVES_1_REEVES1GNODE,REEVES_1_REEVES1GNODE,RTPD,MCL,LMP_LOSS_PRC,REEVES_1_REEVES1GNODE,ALL,1,-13.38523,3,4
2022-09-02T04:30:00-00:00,2022-09-02T04:45:00-00:00,2022-09-01,22,REEVES_1_REEVES1GNODE,REEVES_1_REEVES1GNODE,REEVES_1_REEVES1GNODE,RTPD,MCL,LMP_LOSS_PRC,REEVES_1_REEVES1GNODE,ALL,1,-11.47208,3,4
2022-09-02T05:30:00-00:00,2022-09-02T05:45:00-00:00,2022-09-01,23,REEVES_1_REEVES1GNODE,REEVES_1_REEVES1GNODE,REEVES_1_REEVES1GNODE,RTPD,MCL,LMP_LOSS_PRC,REEVES_1_REEVES1GNODE,ALL,1,-8.97862,3,4
2022-09-02T06:30:00-00:00,2022-09-02T06:45:00-00:00,2022-09-01,24,REEVES_1_REEVES1GNODE,REEVES_1_REEVES1GNODE,REEVES_1_REEVES1GNODE,RTPD,MCL,LMP_LOSS_PRC,REEVES_1_REEVES1GNODE,ALL,1,-8.67886,3,4
2022-09-01T07:45:00-00:00,2022-09-01T08:00:00-00:00,2022-09-01,01,REEVES_1_REEVES1GNODE,REEVES_1_REEVES1GNODE,REEVES_1_REEVES1GNODE,RTPD,MCL,LMP_LOSS_PRC,REEVES_1_REEVES1GNODE,ALL,1,0,4,4
2022-09-01T08:45:00-00:00,2022-09-01T09:00:00-00:00,2022-09-01,02,REEVES_1_REEVES1GNODE,REEVES_1_REEVES1GNODE,REEVES_1_REEVES1GNODE,RTPD,MCL,LMP_LOSS_PRC,REEVES_1_REEVES1GNODE,ALL,1,-1.87194,4,4
2022-09-01T09:45:00-00:00,2022-09-01T10:00:00-00:00,2022-09-01,03,REEVES_1_REEVES1GNODE,REEVES_1_REEVES1GNODE,REEVES_1_REEVES1GNODE,RTPD,MCL,LMP_LOSS_PRC,REEVES_1_REEVES1GNODE,ALL,1,-1.47936,4,4
2022-09-01T10:45:00-00:00,2022-09-01T11:00:00-00:00,2022-09-01,04,REEVES_1_REEVES1GNODE,REEVES_1_REEVES1GNODE,REEVES_1_REEVES1GNODE,RTPD,MCL,LMP_LOSS_PRC,REEVES_1_REEVES1GNODE,ALL,1,-1.17696,4,4
2022-09-01T11:45:00-00:00,2022-09-01T12:00:00-00:00,2022-09-01,05,REEVES_1_REEVES1GNODE,REEVES_1_REEVES1GNODE,REEVES_1_REEVES1GNODE,RTPD,MCL,LMP_LOSS_PRC,REEVES_1_REEVES1GNODE,ALL,1,0,4,4
2022-09-01T12:45:00-00:00,2022-09-01T13:00:00-00:00,2022-09-01,06,REEVES_1_REEVES1GNODE,REEVES_1_REEVES1GNODE,REEVES_1_REEVES1GNODE,RTPD,MCL,LMP_LOSS_PRC,REEVES_1_REEVES1GNODE,ALL,1,0,4,4
2022-09-01T13:45:00-00:00,2022-09-01T14:00:00-00:00,2022-09-01,07,REEVES_1_REEVES1GNODE,REEVES_1_REEVES1GNODE,REEVES_1_REEVES1GNODE,RTPD,MCL,LMP_LOSS_PRC,REEVES_1_REEVES1GNODE,ALL,1,0,4,4
2022-09-01T14:45:00-00:00,2022-09-01T15:00:00-00:00,2022-09-01,08,REEVES_1_REEVES1GNODE,REEVES_1_REEVES1GNODE,REEVES_1_REEVES1GNODE,RTPD,MCL,LMP_LOSS_PRC,REEVES_1_REEVES1GNODE,ALL,1,0,4,4
2022-09-01T15:45:00-00:00,2022-09-01T16:00:00-00:00,2022-09-01,09,REEVES_1_REEVES1GNODE,REEVES_1_REEVES1GNODE,REEVES_1_REEVES1GNODE,RTPD,MCL,LMP_LOSS_PRC,REEVES_1_REEVES1GNODE,ALL,1,0,4,4
2022-09-01T16:45:00-00:00,2022-09-01T17:00:00-00:00,2022-09-01,10,REEVES_1_REEVES1GNODE,REEVES_1_REEVES1GNODE,REEVES_1_REEVES1GNODE,RTPD,MCL,LMP_LOSS_PRC,REEVES_1_REEVES1GNODE,ALL,1,0,4,4
2022-09-01T17:45:00-00:00,2022-09-01T18:00:00-00:00,2022-09-01,11,REEVES_1_REEVES1GNODE,REEVES_1_REEVES1GNODE,REEVES_1_REEVES1GNODE,RTPD,MCL,LMP_LOSS_PRC,REEVES_1_REEVES1GNODE,ALL,1,0,4,4
2022-09-01T18:45:00-00:00,2022-09-01T19:00:00-00:00,2022-09-01,12,REEVES_1_REEVES1GNODE,REEVES_1_REEVES1GNODE,REEVES_1_REEVES1GNODE,RTPD,MCL,LMP_LOSS_PRC,REEVES_1_REEVES1GNODE,ALL,1,0,4,4
2022-09-01T19:45:00-00:00,2022-09-01T20:00:00-00:00,2022-09-01,13,REEVES_1_REEVES1GNODE,REEVES_1_REEVES1GNODE,REEVES_1_REEVES1GNODE,RTPD,MCL,LMP_LOSS_PRC,REEVES_1_REEVES1GNODE,ALL,1,0,4,4
2022-09-01T20:45:00-00:00,2022-09-01T21:00:00-00:00,2022-09-01,14,REEVES_1_REEVES1GNODE,REEVES_1_REEVES1GNODE,REEVES_1_REEVES1GNODE,RTPD,MCL,LMP_LOSS_PRC,REEVES_1_REEVES1GNODE,ALL,1,0,4,4
2022-09-01T21:45:00-00:00,2022-09-01T22:00:00-00:00,2022-09-01,15,REEVES_1_REEVES1GNODE,REEVES_1_REEVES1GNODE,REEVES_1_REEVES1GNODE,RTPD,MCL,LMP_LOSS_PRC,REEVES_1_REEVES1GNODE,ALL,1,0,4,4
2022-09-01T22:45:00-00:00,2022-09-01T23:00:00-00:00,2022-09-01,16,REEVES_1_REEVES1GNODE,REEVES_1_REEVES1GNODE,REEVES_1_REEVES1GNODE,RTPD,MCL,LMP_LOSS_PRC,REEVES_1_REEVES1GNODE,ALL,1,0,4,4
2022-09-01T23:45:00-00:00,2022-09-02T00:00:00-00:00,2022-09-01,17,REEVES_1_REEVES1GNODE,REEVES_1_REEVES1GNODE,REEVES_1_REEVES1GNODE,RTPD,MCL,LMP_LOSS_PRC,REEVES_1_REEVES1GNODE,ALL,1,0,4,4
2022-09-02T00:45:00-00:00,2022-09-02T01:00:00-00:00,2022-09-01,18,REEVES_1_REEVES1GNODE,REEVES_1_REEVES1GNODE,REEVES_1_REEVES1GNODE,RTPD,MCL,LMP_LOSS_PRC,REEVES_1_REEVES1GNODE,ALL,1,0,4,4
2022-09-02T01:45:00-00:00,2022-09-02T02:00:00-00:00,2022-09-01,19,REEVES_1_REEVES1GNODE,REEVES_1_REEVES1GNODE,REEVES_1_REEVES1GNODE,RTPD,MCL,LMP_LOSS_PRC,REEVES_1_REEVES1GNODE,ALL,1,0,4,4
2022-09-02T02:45:00-00:00,2022-09-02T03:00:00-00:00,2022-09-01,20,REEVES_1_REEVES1GNODE,REEVES_1_REEVES1GNODE,REEVES_1_REEVES1GNODE,RTPD,MCL,LMP_LOSS_PRC,REEVES_1_REEVES1GNODE,ALL,1,-134.31914,4,4
2022-09-02T03:45:00-00:00,2022-09-02T04:00:00-00:00,2022-09-01,21,REEVES_1_REEVES1GNODE,REEVES_1_REEVES1GNODE,REEVES_1_REEVES1GNODE,RTPD,MCL,LMP_LOSS_PRC,REEVES_1_REEVES1GNODE,ALL,1,-8.75221,4,4
2022-09-02T04:45:00-00:00,2022-09-02T05:00:00-00:00,2022-09-01,22,REEVES_1_REEVES1GNODE,REEVES_1_REEVES1GNODE,REEVES_1_REEVES1GNODE,RTPD,MCL,LMP_LOSS_PRC,REEVES_1_REEVES1GNODE,ALL,1,-9.04778,4,4
2022-09-02T05:45:00-00:00,2022-09-02T06:00:00-00:00,2022-09-01,23,REEVES_1_REEVES1GNODE,REEVES_1_REEVES1GNODE,REEVES_1_REEVES1GNODE,RTPD,MCL,LMP_LOSS_PRC,REEVES_1_REEVES1GNODE,ALL,1,-6.68047,4,4
2022-09-02T06:45:00-00:00,2022-09-02T07:00:00-00:00,2022-09-01,24,REEVES_1_REEVES1GNODE,REEVES_1_REEVES1GNODE,REEVES_1_REEVES1GNODE,RTPD,MCL,LMP_LOSS_PRC,REEVES_1_REEVES1GNODE,ALL,1,-7.73395,4,4
2022-09-01T07:00:00-00:00,2022-09-01T07:15:00-00:00,2022-09-01,01,REEVES_1_REEVES1GNODE,REEVES_1_REEVES1GNODE,REEVES_1_REEVES1GNODE,RTPD,MGHG,LMP_GHG_PRC,REEVES_1_REEVES1GNODE,ALL,1,-11.45,1,5
2022-09-01T08:00:00-00:00,2022-09-01T08:15:00-00:00,2022-09-01,02,REEVES_1_REEVES1GNODE,REEVES_1_REEVES1GNODE,REEVES_1_REEVES1GNODE,RTPD,MGHG,LMP_GHG_PRC,REEVES_1_REEVES1GNODE,ALL,1,-14.13,1,5
2022-09-01T09:00:00-00:00,2022-09-01T09:15:00-00:00,2022-09-01,03,REEVES_1_REEVES1GNODE,REEVES_1_REEVES1GNODE,REEVES_1_REEVES1GNODE,RTPD,MGHG,LMP_GHG_PRC,REEVES_1_REEVES1GNODE,ALL,1,-12.17178,1,5
2022-09-01T10:00:00-00:00,2022-09-01T10:15:00-00:00,2022-09-01,04,REEVES_1_REEVES1GNODE,REEVES_1_REEVES1GNODE,REEVES_1_REEVES1GNODE,RTPD,MGHG,LMP_GHG_PRC,REEVES_1_REEVES1GNODE,ALL,1,-13.55,1,5
2022-09-01T11:00:00-00:00,2022-09-01T11:15:00-00:00,2022-09-01,05,REEVES_1_REEVES1GNODE,REEVES_1_REEVES1GNODE,REEVES_1_REEVES1GNODE,RTPD,MGHG,LMP_GHG_PRC,REEVES_1_REEVES1GNODE,ALL,1,-13.55,1,5
2022-09-01T12:00:00-00:00,2022-09-01T12:15:00-00:00,2022-09-01,06,REEVES_1_REEVES1GNODE,REEVES_1_REEVES1GNODE,REEVES_1_REEVES1GNODE,RTPD,MGHG,LMP_GHG_PRC,REEVES_1_REEVES1GNODE,ALL,1,-13.71725,1,5
2022-09-01T13:00:00-00:00,2022-09-01T13:15:00-00:00,2022-09-01,07,REEVES_1_REEVES1GNODE,REEVES_1_REEVES1GNODE,REEVES_1_REEVES1GNODE,RTPD,MGHG,LMP_GHG_PRC,REEVES_1_REEVES1GNODE,ALL,1,-15,1,5
2022-09-01T14:00:00-00:00,2022-09-01T14:15:00-00:00,2022-09-01,08,REEVES_1_REEVES1GNODE,REEVES_1_REEVES1GNODE,REEVES_1_REEVES1GNODE,RTPD,MGHG,LMP_GHG_PRC,REEVES_1_REEVES1GNODE,ALL,1,-15.61,1,5
2022-09-01T15:00:00-00:00,2022-09-01T15:15:00-00:00,2022-09-01,09,REEVES_1_REEVES1GNODE,REEVES_1_REEVES1GNODE,REEVES_1_REEVES1GNODE,RTPD,MGHG,LMP_GHG_PRC,REEVES_1_REEVES1GNODE,ALL,1,-12.7,1,5
2022-09-01T16:00:00-00:00,2022-09-01T16:15:00-00:00,2022-09-01,10,REEVES_1_REEVES1GNODE,REEVES_1_REEVES1GNODE,REEVES_1_REEVES1GNODE,RTPD,MGHG,LMP_GHG_PRC,REEVES_1_REEVES1GNODE,ALL,1,-14.1,1,5
2022-09-01T17:00:00-00:00,2022-09-01T17:15:00-00:00,2022-09-01,11,REEVES_1_REEVES1GNODE,REEVES_1_REEVES1GNODE,REEVES_1_REEVES1GNODE,RTPD,MGHG,LMP_GHG_PRC,REEVES_1_REEVES1GNODE,ALL,1,-11.63,1,5
2022-09-01T18:00:00-00:00,2022-09-01T18:15:00-00:00,2022-09-01,12,REEVES_1_REEVES1GNODE,REEVES_1_REEVES1GNODE,REEVES_1_REEVES1GNODE,RTPD,MGHG,LMP_GHG_PRC,REEVES_1_REEVES1GNODE,ALL,1,-13.98,1,5
2022-09-01T19:00:00-00:00,2022-09-01T19:15:00-00:00,2022-09-01,13,REEVES_1_REEVES1GNODE,REEVES_1_REEVES1GNODE,REEVES_1_REEVES1GNODE,RTPD,MGHG,LMP_GHG_PRC,REEVES_1_REEVES1GNODE,ALL,1,-14.15,1,5
2022-09-01T20:00:00-00:00,2022-09-01T20:15:00-00:00,2022-09-01,14,REEVES_1_REEVES1GNODE,REEVES_1_REEVES1GNODE,REEVES_1_REEVES1GNODE,RTPD,MGHG,LMP_GHG_PRC,REEVES_1_REEVES1GNODE,ALL,1,-26.16,1,5
2022-09-01T21:00:00-00:00,2022-09-01T21:15:00-00:00,2022-09-01,15,REEVES_1_REEVES1GNODE,REEVES_1_REEVES1GNODE,REEVES_1_REEVES1GNODE,RTPD,MGHG,LMP_GHG_PRC,REEVES_1_REEVES1GNODE,ALL,1,-15,1,5
2022-09-01T22:00:00-00:00,2022-09-01T22:15:00-00:00,2022-09-01,16,REEVES_1_REEVES1GNODE,REEVES_1_REEVES1GNODE,REEVES_1_REEVES1GNODE,RTPD,MGHG,LMP_GHG_PRC,REEVES_1_REEVES1GNODE,ALL,1,-17.36,1,5
2022-09-01T23:00:00-00:00,2022-09-01T23:15:00-00:00,2022-09-01,17,REEVES_1_REEVES1GNODE,REEVES_1_REEVES1GNODE,REEVES_1_REEVES1GNODE,RTPD,MGHG,LMP_GHG_PRC,REEVES_1_REEVES1GNODE,ALL,1,-26.16,1,5
2022-09-02T00:00:00-00:00,2022-09-02T00:15:00-00:00,2022-09-01,18,REEVES_1_REEVES1GNODE,REEVES_1_REEVES1GNODE,REEVES_1_REEVES1GNODE,RTPD,MGHG,LMP_GHG_PRC,REEVES_1_REEVES1GNODE,ALL,1,-28.21,1,5
2022-09-02T01:00:00-00:00,2022-09-02T01:15:00-00:00,2022-09-01,19,REEVES_1_REEVES1GNODE,REEVES_1_REEVES1GNODE,REEVES_1_REEVES1GNODE,RTPD,MGHG,LMP_GHG_PRC,REEVES_1_REEVES1GNODE,ALL,1,-24.91,1,5
2022-09-02T02:00:00-00:00,2022-09-02T02:15:00-00:00,2022-09-01,20,REEVES_1_REEVES1GNODE,REEVES_1_REEVES1GNODE,REEVES_1_REEVES1GNODE,RTPD,MGHG,LMP_GHG_PRC,REEVES_1_REEVES1GNODE,ALL,1,-15.61,1,5
2022-09-02T03:00:00-00:00,2022-09-02T03:15:00-00:00,2022-09-01,21,REEVES_1_REEVES1GNODE,REEVES_1_REEVES1GNODE,REEVES_1_REEVES1GNODE,RTPD,MGHG,LMP_GHG_PRC,REEVES_1_REEVES1GNODE,ALL,1,-11.89,1,5
2022-09-02T04:00:00-00:00,2022-09-02T04:15:00-00:00,2022-09-01,22,REEVES_1_REEVES1GNODE,REEVES_1_REEVES1GNODE,REEVES_1_REEVES1GNODE,RTPD,MGHG,LMP_GHG_PRC,REEVES_1_REEVES1GNODE,ALL,1,-14.75,1,5
2022-09-02T05:00:00-00:00,2022-09-02T05:15:00-00:00,2022-09-01,23,REEVES_1_REEVES1GNODE,REEVES_1_REEVES1GNODE,REEVES_1_REEVES1GNODE,RTPD,MGHG,LMP_GHG_PRC,REEVES_1_REEVES1GNODE,ALL,1,-9.52,1,5
2022-09-02T06:00:00-00:00,2022-09-02T06:15:00-00:00,2022-09-01,24,REEVES_1_REEVES1GNODE,REEVES_1_REEVES1GNODE,REEVES_1_REEVES1GNODE,RTPD,MGHG,LMP_GHG_PRC,REEVES_1_REEVES1GNODE,ALL,1,-11.63,1,5
2022-09-01T07:15:00-00:00,2022-09-01T07:30:00-00:00,2022-09-01,01,REEVES_1_REEVES1GNODE,REEVES_1_REEVES1GNODE,REEVES_1_REEVES1GNODE,RTPD,MGHG,LMP_GHG_PRC,REEVES_1_REEVES1GNODE,ALL,1,-13.76,2,5
2022-09-01T08:15:00-00:00,2022-09-01T08:30:00-00:00,2022-09-01,02,REEVES_1_REEVES1GNODE,REEVES_1_REEVES1GNODE,REEVES_1_REEVES1GNODE,RTPD,MGHG,LMP_GHG_PRC,REEVES_1_REEVES1GNODE,ALL,1,-14.75,2,5
2022-09-01T09:15:00-00:00,2022-09-01T09:30:00-00:00,2022-09-01,03,REEVES_1_REEVES1GNODE,REEVES_1_REEVES1GNODE,REEVES_1_REEVES1GNODE,RTPD,MGHG,LMP_GHG_PRC,REEVES_1_REEVES1GNODE,ALL,1,-12.19,2,5
2022-09-01T10:15:00-00:00,2022-09-01T10:30:00-00:00,2022-09-01,04,REEVES_1_REEVES1GNODE,REEVES_1_REEVES1GNODE,REEVES_1_REEVES1GNODE,RTPD,MGHG,LMP_GHG_PRC,REEVES_1_REEVES1GNODE,ALL,1,-13.98,2,5
2022-09-01T11:15:00-00:00,2022-09-01T11:30:00-00:00,2022-09-01,05,REEVES_1_REEVES1GNODE,REEVES_1_REEVES1GNODE,REEVES_1_REEVES1GNODE,RTPD,MGHG,LMP_GHG_PRC,REEVES_1_REEVES1GNODE,ALL,1,-13.98,2,5
2022-09-01T12:15:00-00:00,2022-09-01T12:30:00-00:00,2022-09-01,06,REEVES_1_REEVES1GNODE,REEVES_1_REEVES1GNODE,REEVES_1_REEVES1GNODE,RTPD,MGHG,LMP_GHG_PRC,REEVES_1_REEVES1GNODE,ALL,1,-14.79,2,5
2022-09-01T13:15:00-00:00,2022-09-01T13:30:00-00:00,2022-09-01,07,REEVES_1_REEVES1GNODE,REEVES_1_REEVES1GNODE,REEVES_1_REEVES1GNODE,RTPD,MGHG,LMP_GHG_PRC,REEVES_1_REEVES1GNODE,ALL,1,-15,2,5
2022-09-01T14:15:00-00:00,2022-09-01T14:30:00-00:00,2022-09-01,08,REEVES_1_REEVES1GNODE,REEVES_1_REEVES1GNODE,REEVES_1_REEVES1GNODE,RTPD,MGHG,LMP_GHG_PRC,REEVES_1_REEVES1GNODE,ALL,1,-14.22559,2,5
2022-09-01T15:15:00-00:00,2022-09-01T15:30:00-00:00,2022-09-01,09,REEVES_1_REEVES1GNODE,REEVES_1_REEVES1GNODE,REEVES_1_REEVES1GNODE,RTPD,MGHG,LMP_GHG_PRC,REEVES_1_REEVES1GNODE,ALL,1,-12.7,2,5
2022-09-01T16:15:00-00:00,2022-09-01T16:30:00-00:00,2022-09-01,10,REEVES_1_REEVES1GNODE,REEVES_1_REEVES1GNODE,REEVES_1_REEVES1GNODE,RTPD,MGHG,LMP_GHG_PRC,REEVES_1_REEVES1GNODE,ALL,1,-13.34161,2,5
2022-09-01T17:15:00-00:00,2022-09-01T17:30:00-00:00,2022-09-01,11,REEVES_1_REEVES1GNODE,REEVES_1_REEVES1GNODE,REEVES_1_REEVES1GNODE,RTPD,MGHG,LMP_GHG_PRC,REEVES_1_REEVES1GNODE,ALL,1,-11.89,2,5
2022-09-01T18:15:00-00:00,2022-09-01T18:30:00-00:00,2022-09-01,12,REEVES_1_REEVES1GNODE,REEVES_1_REEVES1GNODE,REEVES_1_REEVES1GNODE,RTPD,MGHG,LMP_GHG_PRC,REEVES_1_REEVES1GNODE,ALL,1,-14.79,2,5
2022-09-01T19:15:00-00:00,2022-09-01T19:30:00-00:00,2022-09-01,13,REEVES_1_REEVES1GNODE,REEVES_1_REEVES1GNODE,REEVES_1_REEVES1GNODE,RTPD,MGHG,LMP_GHG_PRC,REEVES_1_REEVES1GNODE,ALL,1,-14.79,2,5
2022-09-01T20:15:00-00:00,2022-09-01T20:30:00-00:00,2022-09-01,14,REEVES_1_REEVES1GNODE,REEVES_1_REEVES1GNODE,REEVES_1_REEVES1GNODE,RTPD,MGHG,LMP_GHG_PRC,REEVES_1_REEVES1GNODE,ALL,1,-18.59,2,5
2022-09-01T21:15:00-00:00,2022-09-01T21:30:00-00:00,2022-09-01,15,REEVES_1_REEVES1GNODE,REEVES_1_REEVES1GNODE,REEVES_1_REEVES1GNODE,RTPD,MGHG,LMP_GHG_PRC,REEVES_1_REEVES1GNODE,ALL,1,-15.41,2,5
2022-09-01T22:15:00-00:00,2022-09-01T22:30:00-00:00,2022-09-01,16,REEVES_1_REEVES1GNODE,REEVES_1_REEVES1GNODE,REEVES_1_REEVES1GNODE,RTPD,MGHG,LMP_GHG_PRC,REEVES_1_REEVES1GNODE,ALL,1,-19.44814,2,5
2022-09-01T23:15:00-00:00,2022-09-01T23:30:00-00:00,2022-09-01,17,REEVES_1_REEVES1GNODE,REEVES_1_REEVES1GNODE,REEVES_1_REEVES1GNODE,RTPD,MGHG,LMP_GHG_PRC,REEVES_1_REEVES1GNODE,ALL,1,-26.16,2,5
2022-09-02T00:15:00-00:00,2022-09-02T00:30:00-00:00,2022-09-01,18,REEVES_1_REEVES1GNODE,REEVES_1_REEVES1GNODE,REEVES_1_REEVES1GNODE,RTPD,MGHG,LMP_GHG_PRC,REEVES_1_REEVES1GNODE,ALL,1,-24.91,2,5
2022-09-02T01:15:00-00:00,2022-09-02T01:30:00-00:00,2022-09-01,19,REEVES_1_REEVES1GNODE,REEVES_1_REEVES1GNODE,REEVES_1_REEVES1GNODE,RTPD,MGHG,LMP_GHG_PRC,REEVES_1_REEVES1GNODE,ALL,1,-18.59,2,5
2022-09-02T02:15:00-00:00,2022-09-02T02:30:00-00:00,2022-09-01,20,REEVES_1_REEVES1GNODE,REEVES_1_REEVES1GNODE,REEVES_1_REEVES1GNODE,RTPD,MGHG,LMP_GHG_PRC,REEVES_1_REEVES1GNODE,ALL,1,-17.16,2,5
2022-09-02T03:15:00-00:00,2022-09-02T03:30:00-00:00,2022-09-01,21,REEVES_1_REEVES1GNODE,REEVES_1_REEVES1GNODE,REEVES_1_REEVES1GNODE,RTPD,MGHG,LMP_GHG_PRC,REEVES_1_REEVES1GNODE,ALL,1,-14.79,2,5
2022-09-02T04:15:00-00:00,2022-09-02T04:30:00-00:00,2022-09-01,22,REEVES_1_REEVES1GNODE,REEVES_1_REEVES1GNODE,REEVES_1_REEVES1GNODE,RTPD,MGHG,LMP_GHG_PRC,REEVES_1_REEVES1GNODE,ALL,1,-14.79,2,5
2022-09-02T05:15:00-00:00,2022-09-02T05:30:00-00:00,2022-09-01,23,REEVES_1_REEVES1GNODE,REEVES_1_REEVES1GNODE,REEVES_1_REEVES1GNODE,RTPD,MGHG,LMP_GHG_PRC,REEVES_1_REEVES1GNODE,ALL,1,-11.89,2,5
2022-09-02T06:15:00-00:00,2022-09-02T06:30:00-00:00,2022-09-01,24,REEVES_1_REEVES1GNODE,REEVES_1_REEVES1GNODE,REEVES_1_REEVES1GNODE,RTPD,MGHG,LMP_GHG_PRC,REEVES_1_REEVES1GNODE,ALL,1,-11.13,2,5
2022-09-01T07:30:00-00:00,2022-09-01T07:45:00-00:00,2022-09-01,01,REEVES_1_REEVES1GNODE,REEVES_1_REEVES1GNODE,REEVES_1_REEVES1GNODE,RTPD,MGHG,LMP_GHG_PRC,REEVES_1_REEVES1GNODE,ALL,1,-14.46,3,5
2022-09-01T08:30:00-00:00,2022-09-01T08:45:00-00:00,2022-09-01,02,REEVES_1_REEVES1GNODE,REEVES_1_REEVES1GNODE,REEVES_1_REEVES1GNODE,RTPD,MGHG,LMP_GHG_PRC,REEVES_1_REEVES1GNODE,ALL,1,-14.79,3,5
2022-09-01T09:30:00-00:00,2022-09-01T09:45:00-00:00,2022-09-01,03,REEVES_1_REEVES1GNODE,REEVES_1_REEVES1GNODE,REEVES_1_REEVES1GNODE,RTPD,MGHG,LMP_GHG_PRC,REEVES_1_REEVES1GNODE,ALL,1,-12.97,3,5
2022-09-01T10:30:00-00:00,2022-09-01T10:45:00-00:00,2022-09-01,04,REEVES_1_REEVES1GNODE,REEVES_1_REEVES1GNODE,REEVES_1_REEVES1GNODE,RTPD,MGHG,LMP_GHG_PRC,REEVES_1_REEVES1GNODE,ALL,1,-13.98,3,5
2022-09-01T11:30:00-00:00,2022-09-01T11:45:00-00:00,2022-09-01,05,REEVES_1_REEVES1GNODE,REEVES_1_REEVES1GNODE,REEVES_1_REEVES1GNODE,RTPD,MGHG,LMP_GHG_PRC,REEVES_1_REEVES1GNODE,ALL,1,-14.53398,3,5
2022-09-01T12:30:00-00:00,2022-09-01T12:45:00-00:00,2022-09-01,06,REEVES_1_REEVES1GNODE,REEVES_1_REEVES1GNODE,REEVES_1_REEVES1GNODE,RTPD,MGHG,LMP_GHG_PRC,REEVES_1_REEVES1GNODE,ALL,1,-14.79,3,5
2022-09-01T13:30:00-00:00,2022-09-01T13:45:00-00:00,2022-09-01,07,REEVES_1_REEVES1GNODE,REEVES_1_REEVES1GNODE,REEVES_1_REEVES1GNODE,RTPD,MGHG,LMP_GHG_PRC,REEVES_1_REEVES1GNODE,ALL,1,-15.84217,3,5
2022-09-01T14:30:00-00:00,2022-09-01T14:45:00-00:00,2022-09-01,08,REEVES_1_REEVES1GNODE,REEVES_1_REEVES1GNODE,REEVES_1_REEVES1GNODE,RTPD,MGHG,LMP_GHG_PRC,REEVES_1_REEVES1GNODE,ALL,1,-12.7,3,5
2022-09-01T15:30:00-00:00,2022-09-01T15:45:00-00:00,2022-09-01,09,REEVES_1_REEVES1GNODE,REEVES_1_REEVES1GNODE,REEVES_1_REEVES1GNODE,RTPD,MGHG,LMP_GHG_PRC,REEVES_1_REEVES1GNODE,ALL,1,-12.05,3,5
2022-09-01T16:30:00-00:00,2022-09-01T16:45:00-00:00,2022-09-01,10,REEVES_1_REEVES1GNODE,REEVES_1_REEVES1GNODE,REEVES_1_REEVES1GNODE,RTPD,MGHG,LMP_GHG_PRC,REEVES_1_REEVES1GNODE,ALL,1,-11.13,3,5
2022-09-01T17:30:00-00:00,2022-09-01T17:45:00-00:00,2022-09-01,11,REEVES_1_REEVES1GNODE,REEVES_1_REEVES1GNODE,REEVES_1_REEVES1GNODE,RTPD,MGHG,LMP_GHG_PRC,REEVES_1_REEVES1GNODE,ALL,1,-11.63,3,5
2022-09-01T18:30:00-00:00,2022-09-01T18:45:00-00:00,2022-09-01,12,REEVES_1_REEVES1GNODE,REEVES_1_REEVES1GNODE,REEVES_1_REEVES1GNODE,RTPD,MGHG,LMP_GHG_PRC,REEVES_1_REEVES1GNODE,ALL,1,-14.37982,3,5
2022-09-01T19:30:00-00:00,2022-09-01T19:45:00-00:00,2022-09-01,13,REEVES_1_REEVES1GNODE,REEVES_1_REEVES1GNODE,REEVES_1_REEVES1GNODE,RTPD,MGHG,LMP_GHG_PRC,REEVES_1_REEVES1GNODE,ALL,1,-14.79,3,5
2022-09-01T20:30:00-00:00,2022-09-01T20:45:00-00:00,2022-09-01,14,REEVES_1_REEVES1GNODE,REEVES_1_REEVES1GNODE,REEVES_1_REEVES1GNODE,RTPD,MGHG,LMP_GHG_PRC,REEVES_1_REEVES1GNODE,ALL,1,-19.37,3,5
2022-09-01T21:30:00-00:00,2022-09-01T21:45:00-00:00,2022-09-01,15,REEVES_1_REEVES1GNODE,REEVES_1_REEVES1GNODE,REEVES_1_REEVES1GNODE,RTPD,MGHG,LMP_GHG_PRC,REEVES_1_REEVES1GNODE,ALL,1,-14.79,3,5
2022-09-01T22:30:00-00:00,2022-09-01T22:45:00-00:00,2022-09-01,16,REEVES_1_REEVES1GNODE,REEVES_1_REEVES1GNODE,REEVES_1_REEVES1GNODE,RTPD,MGHG,LMP_GHG_PRC,REEVES_1_REEVES1GNODE,ALL,1,-17.77,3,5
2022-09-01T23:30:00-00:00,2022-09-01T23:45:00-00:00,2022-09-01,17,REEVES_1_REEVES1GNODE,REEVES_1_REEVES1GNODE,REEVES_1_REEVES1GNODE,RTPD,MGHG,LMP_GHG_PRC,REEVES_1_REEVES1GNODE,ALL,1,-26.16,3,5
2022-09-02T00:30:00-00:00,2022-09-02T00:45:00-00:00,2022-09-01,18,REEVES_1_REEVES1GNODE,REEVES_1_REEVES1GNODE,REEVES_1_REEVES1GNODE,RTPD,MGHG,LMP_GHG_PRC,REEVES_1_REEVES1GNODE,ALL,1,-29.51,3,5
2022-09-02T01:30:00-00:00,2022-09-02T01:45:00-00:00,2022-09-01,19,REEVES_1_REEVES1GNODE,REEVES_1_REEVES1GNODE,REEVES_1_REEVES1GNODE,RTPD,MGHG,LMP_GHG_PRC,REEVES_1_REEVES1GNODE,ALL,1,-18.59,3,5
2022-09-02T02:30:00-00:00,2022-09-02T02:45:00-00:00,2022-09-01,20,REEVES_1_REEVES1GNODE,REEVES_1_REEVES1GNODE,REEVES_1_REEVES1GNODE,RTPD,MGHG,LMP_GHG_PRC,REEVES_1_REEVES1GNODE,ALL,1,-25.88,3,5
2022-09-02T03:30:00-00:00,2022-09-02T03:45:00-00:00,2022-09-01,21,REEVES_1_REEVES1GNODE,REEVES_1_REEVES1GNODE,REEVES_1_REEVES1GNODE,RTPD,MGHG,LMP_GHG_PRC,REEVES_1_REEVES1GNODE,ALL,1,-14.79,3,5
2022-09-02T04:30:00-00:00,2022-09-02T04:45:00-00:00,2022-09-01,22,REEVES_1_REEVES1GNODE,REEVES_1_REEVES1GNODE,REEVES_1_REEVES1GNODE,RTPD,MGHG,LMP_GHG_PRC,REEVES_1_REEVES1GNODE,ALL,1,-15.61,3,5
2022-09-02T05:30:00-00:00,2022-09-02T05:45:00-00:00,2022-09-01,23,REEVES_1_REEVES1GNODE,REEVES_1_REEVES1GNODE,REEVES_1_REEVES1GNODE,RTPD,MGHG,LMP_GHG_PRC,REEVES_1_REEVES1GNODE,ALL,1,-14.79,3,5
2022-09-02T06:30:00-00:00,2022-09-02T06:45:00-00:00,2022-09-01,24,REEVES_1_REEVES1GNODE,REEVES_1_REEVES1GNODE,REEVES_1_REEVES1GNODE,RTPD,MGHG,LMP_GHG_PRC,REEVES_1_REEVES1GNODE,ALL,1,-14.79,3,5
2022-09-01T07:45:00-00:00,2022-09-01T08:00:00-00:00,2022-09-01,01,REEVES_1_REEVES1GNODE,REEVES_1_REEVES1GNODE,REEVES_1_REEVES1GNODE,RTPD,MGHG,LMP_GHG_PRC,REEVES_1_REEVES1GNODE,ALL,1,-14,4,5
2022-09-01T08:45:00-00:00,2022-09-01T09:00:00-00:00,2022-09-01,02,REEVES_1_REEVES1GNODE,REEVES_1_REEVES1GNODE,REEVES_1_REEVES1GNODE,RTPD,MGHG,LMP_GHG_PRC,REEVES_1_REEVES1GNODE,ALL,1,-14.79,4,5
2022-09-01T09:45:00-00:00,2022-09-01T10:00:00-00:00,2022-09-01,03,REEVES_1_REEVES1GNODE,REEVES_1_REEVES1GNODE,REEVES_1_REEVES1GNODE,RTPD,MGHG,LMP_GHG_PRC,REEVES_1_REEVES1GNODE,ALL,1,-12.97,4,5
2022-09-01T10:45:00-00:00,2022-09-01T11:00:00-00:00,2022-09-01,04,REEVES_1_REEVES1GNODE,REEVES_1_REEVES1GNODE,REEVES_1_REEVES1GNODE,RTPD,MGHG,LMP_GHG_PRC,REEVES_1_REEVES1GNODE,ALL,1,-13.55,4,5
2022-09-01T11:45:00-00:00,2022-09-01T12:00:00-00:00,2022-09-01,05,REEVES_1_REEVES1GNODE,REEVES_1_REEVES1GNODE,REEVES_1_REEVES1GNODE,RTPD,MGHG,LMP_GHG_PRC,REEVES_1_REEVES1GNODE,ALL,1,-14.79,4,5
2022-09-01T12:45:00-00:00,2022-09-01T13:00:00-00:00,2022-09-01,06,REEVES_1_REEVES1GNODE,REEVES_1_REEVES1GNODE,REEVES_1_REEVES1GNODE,RTPD,MGHG,LMP_GHG_PRC,REEVES_1_REEVES1GNODE,ALL,1,-14.79,4,5
2022-09-01T13:45:00-00:00,2022-09-01T14:00:00-00:00,2022-09-01,07,REEVES_1_REEVES1GNODE,REEVES_1_REEVES1GNODE,REEVES_1_REEVES1GNODE,RTPD,MGHG,LMP_GHG_PRC,REEVES_1_REEVES1GNODE,ALL,1,-14.79,4,5
2022-09-01T14:45:00-00:00,2022-09-01T15:00:00-00:00,2022-09-01,08,REEVES_1_REEVES1GNODE,REEVES_1_REEVES1GNODE,REEVES_1_REEVES1GNODE,RTPD,MGHG,LMP_GHG_PRC,REEVES_1_REEVES1GNODE,ALL,1,-8.84,4,5
2022-09-01T15:45:00-00:00,2022-09-01T16:00:00-00:00,2022-09-01,09,REEVES_1_REEVES1GNODE,REEVES_1_REEVES1GNODE,REEVES_1_REEVES1GNODE,RTPD,MGHG,LMP_GHG_PRC,REEVES_1_REEVES1GNODE,ALL,1,-12.05,4,5
2022-09-01T16:45:00-00:00,2022-09-01T17:00:00-00:00,2022-09-01,10,REEVES_1_REEVES1GNODE,REEVES_1_REEVES1GNODE,REEVES_1_REEVES1GNODE,RTPD,MGHG,LMP_GHG_PRC,REEVES_1_REEVES1GNODE,ALL,1,-10.94,4,5
2022-09-01T17:45:00-00:00,2022-09-01T18:00:00-00:00,2022-09-01,11,REEVES_1_REEVES1GNODE,REEVES_1_REEVES1GNODE,REEVES_1_REEVES1GNODE,RTPD,MGHG,LMP_GHG_PRC,REEVES_1_REEVES1GNODE,ALL,1,-12.32178,4,5
2022-09-01T18:45:00-00:00,2022-09-01T19:00:00-00:00,2022-09-01,12,REEVES_1_REEVES1GNODE,REEVES_1_REEVES1GNODE,REEVES_1_REEVES1GNODE,RTPD,MGHG,LMP_GHG_PRC,REEVES_1_REEVES1GNODE,ALL,1,-13.98,4,5
2022-09-01T19:45:00-00:00,2022-09-01T20:00:00-00:00,2022-09-01,13,REEVES_1_REEVES1GNODE,REEVES_1_REEVES1GNODE,REEVES_1_REEVES1GNODE,RTPD,MGHG,LMP_GHG_PRC,REEVES_1_REEVES1GNODE,ALL,1,-15.37,4,5
2022-09-01T20:45:00-00:00,2022-09-01T21:00:00-00:00,2022-09-01,14,REEVES_1_REEVES1GNODE,REEVES_1_REEVES1GNODE,REEVES_1_REEVES1GNODE,RTPD,MGHG,LMP_GHG_PRC,REEVES_1_REEVES1GNODE,ALL,1,-15.61,4,5
2022-09-01T21:45:00-00:00,2022-09-01T22:00:00-00:00,2022-09-01,15,REEVES_1_REEVES1GNODE,REEVES_1_REEVES1GNODE,REEVES_1_REEVES1GNODE,RTPD,MGHG,LMP_GHG_PRC,REEVES_1_REEVES1GNODE,ALL,1,-14.79,4,5
2022-09-01T22:45:00-00:00,2022-09-01T23:00:00-00:00,2022-09-01,16,REEVES_1_REEVES1GNODE,REEVES_1_REEVES1GNODE,REEVES_1_REEVES1GNODE,RTPD,MGHG,LMP_GHG_PRC,REEVES_1_REEVES1GNODE,ALL,1,-17.16,4,5
2022-09-01T23:45:00-00:00,2022-09-02T00:00:00-00:00,2022-09-01,17,REEVES_1_REEVES1GNODE,REEVES_1_REEVES1GNODE,REEVES_1_REEVES1GNODE,RTPD,MGHG,LMP_GHG_PRC,REEVES_1_REEVES1GNODE,ALL,1,-28.33,4,5
2022-09-02T00:45:00-00:00,2022-09-02T01:00:00-00:00,2022-09-01,18,REEVES_1_REEVES1GNODE,REEVES_1_REEVES1GNODE,REEVES_1_REEVES1GNODE,RTPD,MGHG,LMP_GHG_PRC,REEVES_1_REEVES1GNODE,ALL,1,-29.51,4,5
2022-09-02T01:45:00-00:00,2022-09-02T02:00:00-00:00,2022-09-01,19,REEVES_1_REEVES1GNODE,REEVES_1_REEVES1GNODE,REEVES_1_REEVES1GNODE,RTPD,MGHG,LMP_GHG_PRC,REEVES_1_REEVES1GNODE,ALL,1,-15.61,4,5
2022-09-02T02:45:00-00:00,2022-09-02T03:00:00-00:00,2022-09-01,20,REEVES_1_REEVES1GNODE,REEVES_1_REEVES1GNODE,REEVES_1_REEVES1GNODE,RTPD,MGHG,LMP_GHG_PRC,REEVES_1_REEVES1GNODE,ALL,1,-30.58,4,5
2022-09-02T03:45:00-00:00,2022-09-02T04:00:00-00:00,2022-09-01,21,REEVES_1_REEVES1GNODE,REEVES_1_REEVES1GNODE,REEVES_1_REEVES1GNODE,RTPD,MGHG,LMP_GHG_PRC,REEVES_1_REEVES1GNODE,ALL,1,-16.46,4,5
2022-09-02T04:45:00-00:00,2022-09-02T05:00:00-00:00,2022-09-01,22,REEVES_1_REEVES1GNODE,REEVES_1_REEVES1GNODE,REEVES_1_REEVES1GNODE,RTPD,MGHG,LMP_GHG_PRC,REEVES_1_REEVES1GNODE,ALL,1,-15.61,4,5
2022-09-02T05:45:00-00:00,2022-09-02T06:00:00-00:00,2022-09-01,23,REEVES_1_REEVES1GNODE,REEVES_1_REEVES1GNODE,REEVES_1_REEVES1GNODE,RTPD,MGHG,LMP_GHG_PRC,REEVES_1_REEVES1GNODE,ALL,1,-14.79,4,5
2022-09-02T06:45:00-00:00,2022-09-02T07:00:00-00:00,2022-09-01,24,REEVES_1_REEVES1GNODE,REEVES_1_REEVES1GNODE,REEVES_1_REEVES1GNODE,RTPD,MGHG,LMP_GHG_PRC,REEVES_1_REEVES1GNODE,ALL,1,-15,4,5
