INTERVALSTARTTIME_GMT,INTERVALENDTIME_GMT,OPR_DT,OPR_HR,NODE_ID_XML,NODE_ID,NODE,MARKET_RUN_ID,LMP_TYPE,XML_DATA_ITEM,PNODE_RESMRID,GRP_TYPE,POS,PRC,OPR_INTERVAL,GROUP
2022-09-01T07:00:00-00:00,2022-09-01T07:15:00-00:00,2022-09-01,01,BAYMDWS_1_N001,BAYMDWS_1_N001,BAYMDWS_1_N001,RTPD,LMP,LMP_PRC,BAYMDWS_1_N001,ALL,1,82.50888,1,1
2022-09-01T08:00:00-00:00,2022-09-01T08:15:00-00:00,2022-09-01,02,BAYMDWS_1_N001,BAYMDWS_1_N001,BAYMDWS_1_N001,RTPD,LMP,LMP_PRC,BAYMDWS_1_N001,ALL,1,112.16594,1,1
2022-09-01T09:00:00-00:00,2022-09-01T09:15:00-00:00,2022-09-01,03,BAYMDWS_1_N001,BAYMDWS_1_N001,BAYMDWS_1_N001,RTPD,LMP,LMP_PRC,BAYMDWS_1_N001,ALL,1,96.63407,1,1
2022-09-01T10:00:00-00:00,2022-09-01T10:15:00-00:00,2022-09-01,04,BAYMDWS_1_N001,BAYMDWS_1_N001,BAYMDWS_1_N001,RTPD,LMP,LMP_PRC,BAYMDWS_1_N001,ALL,1,96.39038,1,1
2022-09-01T11:00:00-00:00,2022-09-01T11:15:00-00:00,2022-09-01,05,BAYMDWS_1_N001,BAYMDWS_1_N001,BAYMDWS_1_N001,RTPD,LMP,LMP_PRC,BAYMDWS_1_N001,ALL,1,104.35328,1,1
2022-09-01T12:00:00-00:00,2022-09-01T12:15:00-00:00,2022-09-01,06,BAYMDWS_1_N001,BAYMDWS_1_N001,BAYMDWS_1_N001,RTPD,LMP,LMP_PRC,BAYMDWS_1_N001,ALL,1,88.12211,1,1
2022-09-01T13:00:00-00:00,2022-09-01T13:15:00-00:00,2022-09-01,07,BAYMDWS_1_N001,BAYMDWS_1_N001,BAYMDWS_1_N001,RTPD,LMP,LMP_PRC,BAYMDWS_1_N001,ALL,1,88.45254,1,1
2022-09-01T14:00:00-00:00,2022-09-01T14:15:00-00:00,2022-09-01,08,BAYMDWS_1_N001,BAYMDWS_1_N001,BAYMDWS_1_N001,RTPD,LMP,LMP_PRC,BAYMDWS_1_N001,ALL,1,115.36778,1,1
2022-09-01T15:00:00-00:00,2022-09-01T15:15:00-00:00,2022-09-01,09,BAYMDWS_1_N001,BAYMDWS_1_N001,BAYMDWS_1_N001,RTPD,LMP,LMP_PRC,BAYMDWS_1_N001,ALL,1,97.4112,1,1
2022-09-01T16:00:00-00:00,2022-09-01T16:15:00-00:00,2022-09-01,10,BAYMDWS_1_N001,BAYMDWS_1_N001,BAYMDWS_1_N001,RTPD,LMP,LMP_PRC,BAYMDWS_1_N001,ALL,1,83.43525,1,1
2022-09-01T17:00:00-00:00,2022-09-01T17:15:00-00:00,2022-09-01,11,BAYMDWS_1_N001,BAYMDWS_1_N001,BAYMDWS_1_N001,RTPD,LMP,LMP_PRC,BAYMDWS_1_N001,ALL,1,80.03684,1,1
2022-09-01T18:00:00-00:00,2022-09-01T18:15:00-00:00,2022-09-01,12,BAYMDWS_1_N001,BAYMDWS_1_N001,BAYMDWS_1_N001,RTPD,LMP,LMP_PRC,BAYMDWS_1_N001,ALL,1,58.76669,1,1
2022-09-01T19:00:00-00:00,2022-09-01T19:15:00-00:00,2022-09-01,13,BAYMDWS_1_N001,BAYMDWS_1_N001,BAYMDWS_1_N001,RTPD,LMP,LMP_PRC,BAYMDWS_1_N001,ALL,1,72.96441,1,1
2022-09-01T20:00:00-00:00,2022-09-01T20:15:00-00:00,2022-09-01,14,BAYMDWS_1_N001,BAYMDWS_1_N001,BAYMDWS_1_N001,RTPD,LMP,LMP_PRC,BAYMDWS_1_N001,ALL,1,114.38133,1,1
2022-09-01T21:00:00-00:00,2022-09-01T21:15:00-00:00,2022-09-01,15,BAYMDWS_1_N001,BAYMDWS_1_N001,BAYMDWS_1_N001,RTPD,LMP,LMP_PRC,BAYMDWS_1_N001,ALL,1,126.06158,1,1
2022-09-01T22:00:00-00:00,2022-09-01T22:15:00-00:00,2022-09-01,16,BAYMDWS_1_N001,BAYMDWS_1_N001,BAYMDWS_1_N001,RTPD,LMP,LMP_PRC,BAYMDWS_1_N001,ALL,1,119.86288,1,1
2022-09-01T23:00:00-00:00,2022-09-01T23:15:00-00:00,2022-09-01,17,BAYMDWS_1_N001,BAYMDWS_1_N001,BAYMDWS_1_N001,RTPD,LMP,LMP_PRC,BAYMDWS_1_N001,ALL,1,215.17381,1,1
2022-09-02T00:00:00-00:00,2022-09-02T00:15:00-00:00,2022-09-01,18,BAYMDWS_1_N001,BAYMDWS_1_N001,BAYMDWS_1_N001,RTPD,LMP,LMP_PRC,BAYMDWS_1_N001,ALL,1,1167.0813,1,1
2022-09-02T01:00:00-00:00,2022-09-02T01:15:00-00:00,2022-09-01,19,BAYMDWS_1_N001,BAYMDWS_1_N001,BAYMDWS_1_N001,RTPD,LMP,LMP_PRC,BAYMDWS_1_N001,ALL,1,1256.0526,1,1
2022-09-02T02:00:00-00:00,2022-09-02T02:15:00-00:00,2022-09-01,20,BAYMDWS_1_N001,BAYMDWS_1_N001,BAYMDWS_1_N001,RTPD,LMP,LMP_PRC,BAYMDWS_1_N001,ALL,1,1991.6721,1,1
2022-09-02T03:00:00-00:00,2022-09-02T03:15:00-00:00,2022-09-01,21,BAYMDWS_1_N001,BAYMDWS_1_N001,BAYMDWS_1_N001,RTPD,LMP,LMP_PRC,BAYMDWS_1_N001,ALL,1,1392.4247,1,1
2022-09-02T04:00:00-00:00,2022-09-02T04:15:00-00:00,2022-09-01,22,BAYMDWS_1_N001,BAYMDWS_1_N001,BAYMDWS_1_N001,RTPD,LMP,LMP_PRC,BAYMDWS_1_N001,ALL,1,267.78226,1,1
2022-09-02T05:00:00-00:00,2022-09-02T05:15:00-00:00,2022-09-01,23,BAYMDWS_1_N001,BAYMDWS_1_N001,BAYMDWS_1_N001,RTPD,LMP,LMP_PRC,BAYMDWS_1_N001,ALL,1,189.14711,1,1
2022-09-02T06:00:00-00:00,2022-09-02T06:15:00-00:00,2022-09-01,24,BAYMDWS_1_N001,BAYMDWS_1_N001,BAYMDWS_1_N001,RTPD,LMP,LMP_PRC,BAYMDWS_1_N001,ALL,1,162.53683,1,1
2022-09-01T07:15:00-00:00,2022-09-01T07:30:00-00:00,2022-09-01,01,BAYMDWS_1_N001,BAYMDWS_1_N001,BAYMDWS_1_N001,RTPD,LMP,LMP_PRC,BAYMDWS_1_N001,ALL,1,115.39059,2,1
2022-09-01T08:15:00-00:00,2022-09-01T08:30:00-00:00,2022-09-01,02,BAYMDWS_1_N001,BAYMDWS_1_N001,BAYMDWS_1_N001,RTPD,LMP,LMP_PRC,BAYMDWS_1_N001,ALL,1,114.60622,2,1
2022-09-01T09:15:00-00:00,2022-09-01T09:30:00-00:00,2022-09-01,03,BAYMDWS_1_N001,BAYMDWS_1_N001,BAYMDWS_1_N001,RTPD,LMP,LMP_PRC,BAYMDWS_1_N001,ALL,1,93.77229,2,1
2022-09-01T10:15:00-00:00,2022-09-01T10:30:00-00:00,2022-09-01,04,BAYMDWS_1_N001,BAYMDWS_1_N001,BAYMDWS_1_N001,RTPD,LMP,LMP_PRC,BAYMDWS_1_N001,ALL,1,93.12166,2,1
2022-09-01T11:15:00-00:00,2022-09-01T11:30:00-00:00,2022-09-01,05,BAYMDWS_1_N001,BAYMDWS_1_N001,BAYMDWS_1_N001,RTPD,LMP,LMP_PRC,BAYMDWS_1_N001,ALL,1,104.86375,2,1
2022-09-01T12:15:00-00:00,2022-09-01T12:30:00-00:00,2022-09-01,06,BAYMDWS_1_N001,BAYMDWS_1_N001,BAYMDWS_1_N001,RTPD,LMP,LMP_PRC,BAYMDWS_1_N001,ALL,1,104.88936,2,1
2022-09-01T13:15:00-00:00,2022-09-01T13:30:00-00:00,2022-09-01,07,BAYMDWS_1_N001,BAYMDWS_1_N001,BAYMDWS_1_N001,RTPD,LMP,LMP_PRC,BAYMDWS_1_N001,ALL,1,112.53589,2,1
2022-09-01T14:15:00-00:00,2022-09-01T14:30:00-00:00,2022-09-01,08,BAYMDWS_1_N001,BAYMDWS_1_N001,BAYMDWS_1_N001,RTPD,LMP,LMP_PRC,BAYMDWS_1_N001,ALL,1,108.66457,2,1
2022-09-01T15:15:00-00:00,2022-09-01T15:30:00-00:00,2022-09-01,09,BAYMDWS_1_N001,BAYMDWS_1_N001,BAYMDWS_1_N001,RTPD,LMP,LMP_PRC,BAYMDWS_1_N001,ALL,1,86.9388,2,1
2022-09-01T16:15:00-00:00,2022-09-01T16:30:00-00:00,2022-09-01,10,BAYMDWS_1_N001,BAYMDWS_1_N001,BAYMDWS_1_N001,RTPD,LMP,LMP_PRC,BAYMDWS_1_N001,ALL,1,87.79185,2,1
2022-09-01T17:15:00-00:00,2022-09-01T17:30:00-00:00,2022-09-01,11,BAYMDWS_1_N001,BAYMDWS_1_N001,BAYMDWS_1_N001,RTPD,LMP,LMP_PRC,BAYMDWS_1_N001,ALL,1,78.75042,2,1
2022-09-01T18:15:00-00:00,2022-09-01T18:30:00-00:00,2022-09-01,12,BAYMDWS_1_N001,BAYMDWS_1_N001,BAYMDWS_1_N001,RTPD,LMP,LMP_PRC,BAYMDWS_1_N001,ALL,1,74.4285,2,1
2022-09-01T19:15:00-00:00,2022-09-01T19:30:00-00:00,2022-09-01,13,BAYMDWS_1_N001,BAYMDWS_1_N001,BAYMDWS_1_N001,RTPD,LMP,LMP_PRC,BAYMDWS_1_N001,ALL,1,75.46984,2,1
2022-09-01T20:15:00-00:00,2022-09-01T20:30:00-00:00,2022-09-01,14,BAYMDWS_1_N001,BAYMDWS_1_N001,BAYMDWS_1_N001,RTPD,LMP,LMP_PRC,BAYMDWS_1_N001,ALL,1,114.28632,2,1
2022-09-01T21:15:00-00:00,2022-09-01T21:30:00-00:00,2022-09-01,15,BAYMDWS_1_N001,BAYMDWS_1_N001,BAYMDWS_1_N001,RTPD,LMP,LMP_PRC,BAYMDWS_1_N001,ALL,1,120.03672,2,1
2022-09-01T22:15:00-00:00,2022-09-01T22:30:00-00:00,2022-09-01,16,BAYMDWS_1_N001,BAYMDWS_1_N001,BAYMDWS_1_N001,RTPD,LMP,LMP_PRC,BAYMDWS_1_N001,ALL,1,137.12724,2,1
2022-09-01T23:15:00-00:00,2022-09-01T23:30:00-00:00,2022-09-01,17,BAYMDWS_1_N001,BAYMDWS_1_N001,BAYMDWS_1_N001,RTPD,LMP,LMP_PRC,BAYMDWS_1_N001,ALL,1,263.02444,2,1
2022-09-02T00:15:00-00:00,2022-09-02T00:30:00-00:00,2022-09-01,18,BAYMDWS_1_N001,BAYMDWS_1_N001,BAYMDWS_1_N001,RTPD,LMP,LMP_PRC,BAYMDWS_1_N001,ALL,1,1072.1173,2,1
2022-09-02T01:15:00-00:00,2022-09-02T01:30:00-00:00,2022-09-01,19,BAYMDWS_1_N001,BAYMDWS_1_N001,BAYMDWS_1_N001,RTPD,LMP,LMP_PRC,BAYMDWS_1_N001,ALL,1,1999.9933,2,1
2022-09-02T02:15:00-00:00,2022-09-02T02:30:00-00:00,2022-09-01,20,BAYMDWS_1_N001,BAYMDWS_1_N001,BAYMDWS_1_N001,RTPD,LMP,LMP_PRC,BAYMDWS_1_N001,ALL,1,1991.6721,2,1
2022-09-02T03:15:00-00:00,2022-09-02T03:30:00-00:00,2022-09-01,21,BAYMDWS_1_N001,BAYMDWS_1_N001,BAYMDWS_1_N001,RTPD,LMP,LMP_PRC,BAYMDWS_1_N001,ALL,1,571.0873,2,1
2022-09-02T04:15:00-00:00,2022-09-02T04:30:00-00:00,2022-09-01,22,BAYMDWS_1_N001,BAYMDWS_1_N001,BAYMDWS_1_N001,RTPD,LMP,LMP_PRC,BAYMDWS_1_N001,ALL,1,232.8639,2,1
2022-09-02T05:15:00-00:00,2022-09-02T05:30:00-00:00,2022-09-01,23,BAYMDWS_1_N001,BAYMDWS_1_N001,BAYMDWS_1_N001,RTPD,LMP,LMP_PRC,BAYMDWS_1_N001,ALL,1,161.51923,2,1
2022-09-02T06:15:00-00:00,2022-09-02T06:30:00-00:00,2022-09-01,24,BAYMDWS_1_N001,BAYMDWS_1_N001,BAYMDWS_1_N001,RTPD,LMP,LMP_PRC,BAYMDWS_1_N001,ALL,1,145.18977,2,1
2022-09-01T07:30:00-00:00,2022-09-01T07:45:00-00:00,2022-09-01,01,BAYMDWS_1_N001,BAYMDWS_1_N001,BAYMDWS_1_N001,RTPD,LMP,LMP_PRC,BAYMDWS_1_N001,ALL,1,102.5767,3,1
2022-09-01T08:30:00-00:00,2022-09-01T08:45:00-00:00,2022-09-01,02,BAYMDWS_1_N001,BAYMDWS_1_N001,BAYMDWS_1_N001,RTPD,LMP,LMP_PRC,BAYMDWS_1_N001,ALL,1,112.856,3,1
2022-09-01T09:30:00-00:00,2022-09-01T09:45:00-00:00,2022-09-01,03,BAYMDWS_1_N001,BAYMDWS_1_N001,BAYMDWS_1_N001,RTPD,LMP,LMP_PRC,BAYMDWS_1_N001,ALL,1,93.50386,3,1
2022-09-01T10:30:00-00:00,2022-09-01T10:45:00-00:00,2022-09-01,04,BAYMDWS_1_N001,BAYMDWS_1_N001,BAYMDWS_1_N001,RTPD,LMP,LMP_PRC,BAYMDWS_1_N001,ALL,1,94.98158,3,1
2022-09-01T11:30:00-00:00,2022-09-01T11:45:00-00:00,2022-09-01,05,BAYMDWS_1_N001,BAYMDWS_1_N001,BAYMDWS_1_N001,RTPD,LMP,LMP_PRC,BAYMDWS_1_N001,ALL,1,104.97893,3,1
2022-09-01T12:30:00-00:00,2022-09-01T12:45:00-00:00,2022-09-01,06,BAYMDWS_1_N001,BAYMDWS_1_N001,BAYMDWS_1_N001,RTPD,LMP,LMP_PRC,BAYMDWS_1_N001,ALL,1,104.85578,3,1
2022-09-01T13:30:00-00:00,2022-09-01T13:45:00-00:00,2022-09-01,07,BAYMDWS_1_N001,BAYMDWS_1_N001,BAYMDWS_1_N001,RTPD,LMP,LMP_PRC,BAYMDWS_1_N001,ALL,1,113.94024,3,1
2022-09-01T14:30:00-00:00,2022-09-01T14:45:00-00:00,2022-09-01,08,BAYMDWS_1_N001,BAYMDWS_1_N001,BAYMDWS_1_N001,RTPD,LMP,LMP_PRC,BAYMDWS_1_N001,ALL,1,105.90765,3,1
2022-09-01T15:30:00-00:00,2022-09-01T15:45:00-00:00,2022-09-01,09,BAYMDWS_1_N001,BAYMDWS_1_N001,BAYMDWS_1_N001,RTPD,LMP,LMP_PRC,BAYMDWS_1_N001,ALL,1,86.1388,3,1
2022-09-01T16:30:00-00:00,2022-09-01T16:45:00-00:00,2022-09-01,10,BAYMDWS_1_N001,BAYMDWS_1_N001,BAYMDWS_1_N001,RTPD,LMP,LMP_PRC,BAYMDWS_1_N001,ALL,1,74.92529,3,1
2022-09-01T17:30:00-00:00,2022-09-01T17:45:00-00:00,2022-09-01,11,BAYMDWS_1_N001,BAYMDWS_1_N001,BAYMDWS_1_N001,RTPD,LMP,LMP_PRC,BAYMDWS_1_N001,ALL,1,78.4595,3,1
2022-09-01T18:30:00-00:00,2022-09-01T18:45:00-00:00,2022-09-01,12,BAYMDWS_1_N001,BAYMDWS_1_N001,BAYMDWS_1_N001,RTPD,LMP,LMP_PRC,BAYMDWS_1_N001,ALL,1,79.18374,3,1
2022-09-01T19:30:00-00:00,2022-09-01T19:45:00-00:00,2022-09-01,13,BAYMDWS_1_N001,BAYMDWS_1_N001,BAYMDWS_1_N001,RTPD,LMP,LMP_PRC,BAYMDWS_1_N001,ALL,1,101.23727,3,1
2022-09-01T20:30:00-00:00,2022-09-01T20:45:00-00:00,2022-09-01,14,BAYMDWS_1_N001,BAYMDWS_1_N001,BAYMDWS_1_N001,RTPD,LMP,LMP_PRC,BAYMDWS_1_N001,ALL,1,116.87285,3,1
2022-09-01T21:30:00-00:00,2022-09-01T21:45:00-00:00,2022-09-01,15,BAYMDWS_1_N001,BAYMDWS_1_N001,BAYMDWS_1_N001,RTPD,LMP,LMP_PRC,BAYMDWS_1_N001,ALL,1,127.96621,3,1
2022-09-01T22:30:00-00:00,2022-09-01T22:45:00-00:00,2022-09-01,16,BAYMDWS_1_N001,BAYMDWS_1_N001,BAYMDWS_1_N001,RTPD,LMP,LMP_PRC,BAYMDWS_1_N001,ALL,1,154.73276,3,1
2022-09-01T23:30:00-00:00,2022-09-01T23:45:00-00:00,2022-09-01,17,BAYMDWS_1_N001,BAYMDWS_1_N001,BAYMDWS_1_N001,RTPD,LMP,LMP_PRC,BAYMDWS_1_N001,ALL,1,566.48157,3,1
2022-09-02T00:30:00-00:00,2022-09-02T00:45:00-00:00,2022-09-01,18,BAYMDWS_1_N001,BAYMDWS_1_N001,BAYMDWS_1_N001,RTPD,LMP,LMP_PRC,BAYMDWS_1_N001,ALL,1,1801.1742,3,1
2022-09-02T01:30:00-00:00,2022-09-02T01:45:00-00:00,2022-09-01,19,BAYMDWS_1_N001,BAYMDWS_1_N001,BAYMDWS_1_N001,RTPD,LMP,LMP_PRC,BAYMDWS_1_N001,ALL,1,1999.9956,3,1
2022-09-02T02:30:00-00:00,2022-09-02T02:45:00-00:00,2022-09-01,20,BAYMDWS_1_N001,BAYMDWS_1_N001,BAYMDWS_1_N001,RTPD,LMP,LMP_PRC,BAYMDWS_1_N001,ALL,1,1991.671,3,1
2022-09-02T03:30:00-00:00,2022-09-02T03:45:00-00:00,2022-09-01,21,BAYMDWS_1_N001,BAYMDWS_1_N001,BAYMDWS_1_N001,RTPD,LMP,LMP_PRC,BAYMDWS_1_N001,ALL,1,230.33316,3,1
2022-09-02T04:30:00-00:00,2022-09-02T04:45:00-00:00,2022-09-01,22,BAYMDWS_1_N001,BAYMDWS_1_N001,BAYMDWS_1_N001,RTPD,LMP,LMP_PRC,BAYMDWS_1_N001,ALL,1,185.06873,3,1
2022-09-02T05:30:00-00:00,2022-09-02T05:45:00-00:00,2022-09-01,23,BAYMDWS_1_N001,BAYMDWS_1_N001,BAYMDWS_1_N001,RTPD,LMP,LMP_PRC,BAYMDWS_1_N001,ALL,1,134.93896,3,1
2022-09-02T06:30:00-00:00,2022-09-02T06:45:00-00:00,2022-09-01,24,BAYMDWS_1_N001,BAYMDWS_1_N001,BAYMDWS_1_N001,RTPD,LMP,LMP_PRC,BAYMDWS_1_N001,ALL,1,131.72163,3,1
2022-09-01T07:45:00-00:00,2022-09-01T08:00:00-00:00,2022-09-01,01,BAYMDWS_1_N001,BAYMDWS_1_N001,BAYMDWS_1_N001,RTPD,LMP,LMP_PRC,BAYMDWS_1_N001,ALL,1,90.43842,4,1
2022-09-01T08:45:00-00:00,2022-09-01T09:00:00-00:00,2022-09-01,02,BAYMDWS_1_N001,BAYMDWS_1_N001,BAYMDWS_1_N001,RTPD,LMP,LMP_PRC,BAYMDWS_1_N001,ALL,1,95.64621,4,1
2022-09-01T09:45:00-00:00,2022-09-01T10:00:00-00:00,2022-09-01,03,BAYMDWS_1_N001,BAYMDWS_1_N001,BAYMDWS_1_N001,RTPD,LMP,LMP_PRC,BAYMDWS_1_N001,ALL,1,93.46703,4,1
2022-09-01T10:45:00-00:00,2022-09-01T11:00:00-00:00,2022-09-01,04,BAYMDWS_1_N001,BAYMDWS_1_N001,BAYMDWS_1_N001,RTPD,LMP,LMP_PRC,BAYMDWS_1_N001,ALL,1,95.14208,4,1
2022-09-01T11:45:00-00:00,2022-09-01T12:00:00-00:00,2022-09-01,05,BAYMDWS_1_N001,BAYMDWS_1_N001,BAYMDWS_1_N001,RTPD,LMP,LMP_PRC,BAYMDWS_1_N001,ALL,1,107.01,4,1
2022-09-01T12:45:00-00:00,2022-09-01T13:00:00-00:00,2022-09-01,06,BAYMDWS_1_N001,BAYMDWS_1_N001,BAYMDWS_1_N001,RTPD,LMP,LMP_PRC,BAYMDWS_1_N001,ALL,1,114.10591,4,1
2022-09-01T13:45:00-00:00,2022-09-01T14:00:00-00:00,2022-09-01,07,BAYMDWS_1_N001,BAYMDWS_1_N001,BAYMDWS_1_N001,RTPD,LMP,LMP_PRC,BAYMDWS_1_N001,ALL,1,111.41,4,1
2022-09-01T14:45:00-00:00,2022-09-01T15:00:00-00:00,2022-09-01,08,BAYMDWS_1_N001,BAYMDWS_1_N001,BAYMDWS_1_N001,RTPD,LMP,LMP_PRC,BAYMDWS_1_N001,ALL,1,86.1388,4,1
2022-09-01T15:45:00-00:00,2022-09-01T16:00:00-00:00,2022-09-01,09,BAYMDWS_1_N001,BAYMDWS_1_N001,BAYMDWS_1_N001,RTPD,LMP,LMP_PRC,BAYMDWS_1_N001,ALL,1,78.70076,4,1
2022-09-01T16:45:00-00:00,2022-09-01T17:00:00-00:00,2022-09-01,10,BAYMDWS_1_N001,BAYMDWS_1_N001,BAYMDWS_1_N001,RTPD,LMP,LMP_PRC,BAYMDWS_1_N001,ALL,1,78.68898,4,1
2022-09-01T17:45:00-00:00,2022-09-01T18:00:00-00:00,2022-09-01,11,BAYMDWS_1_N001,BAYMDWS_1_N001,BAYMDWS_1_N001,RTPD,LMP,LMP_PRC,BAYMDWS_1_N001,ALL,1,78.85303,4,1
2022-09-01T18:45:00-00:00,2022-09-01T19:00:00-00:00,2022-09-01,12,BAYMDWS_1_N001,BAYMDWS_1_N001,BAYMDWS_1_N001,RTPD,LMP,LMP_PRC,BAYMDWS_1_N001,ALL,1,81.27389,4,1
2022-09-01T19:45:00-00:00,2022-09-01T20:00:00-00:00,2022-09-01,13,BAYMDWS_1_N001,BAYMDWS_1_N001,BAYMDWS_1_N001,RTPD,LMP,LMP_PRC,BAYMDWS_1_N001,ALL,1,106.33472,4,1
2022-09-01T20:45:00-00:00,2022-09-01T21:00:00-00:00,2022-09-01,14,BAYMDWS_1_N001,BAYMDWS_1_N001,BAYMDWS_1_N001,RTPD,LMP,LMP_PRC,BAYMDWS_1_N001,ALL,1,125.2848,4,1
2022-09-01T21:45:00-00:00,2022-09-01T22:00:00-00:00,2022-09-01,15,BAYMDWS_1_N001,BAYMDWS_1_N001,BAYMDWS_1_N001,RTPD,LMP,LMP_PRC,BAYMDWS_1_N001,ALL,1,209.59676,4,1
2022-09-01T22:45:00-00:00,2022-09-01T23:00:00-00:00,2022-09-01,16,BAYMDWS_1_N001,BAYMDWS_1_N001,BAYMDWS_1_N001,RTPD,LMP,LMP_PRC,BAYMDWS_1_N001,ALL,1,169.02419,4,1
2022-09-01T23:45:00-00:00,2022-09-02T00:00:00-00:00,2022-09-01,17,BAYMDWS_1_N001,BAYMDWS_1_N001,BAYMDWS_1_N001,RTPD,LMP,LMP_PRC,BAYMDWS_1_N001,ALL,1,1674.0399,4,1
2022-09-02T00:45:00-00:00,2022-09-02T01:00:00-00:00,2022-09-01,18,BAYMDWS_1_N001,BAYMDWS_1_N001,BAYMDWS_1_N001,RTPD,LMP,LMP_PRC,BAYMDWS_1_N001,ALL,1,1825.4362,4,1
2022-09-02T01:45:00-00:00,2022-09-02T02:00:00-00:00,2022-09-01,19,BAYMDWS_1_N001,BAYMDWS_1_N001,BAYMDWS_1_N001,RTPD,LMP,LMP_PRC,BAYMDWS_1_N001,ALL,1,1991.9337,4,1
2022-09-02T02:45:00-00:00,2022-09-02T03:00:00-00:00,2022-09-01,20,BAYMDWS_1_N001,BAYMDWS_1_N001,BAYMDWS_1_N001,RTPD,LMP,LMP_PRC,BAYMDWS_1_N001,ALL,1,1875.4216,4,1
2022-09-02T03:45:00-00:00,2022-09-02T04:00:00-00:00,2022-09-01,21,BAYMDWS_1_N001,BAYMDWS_1_N001,BAYMDWS_1_N001,RTPD,LMP,LMP_PRC,BAYMDWS_1_N001,ALL,1,167.25012,4,1
2022-09-02T04:45:00-00:00,2022-09-02T05:00:00-00:00,2022-09-01,22,BAYMDWS_1_N001,BAYMDWS_1_N001,BAYMDWS_1_N001,RTPD,LMP,LMP_PRC,BAYMDWS_1_N001,ALL,1,130.22437,4,1
2022-09-02T05:45:00-00:00,2022-09-02T06:00:00-00:00,2022-09-01,23,BAYMDWS_1_N001,BAYMDWS_1_N001,BAYMDWS_1_N001,RTPD,LMP,LMP_PRC,BAYMDWS_1_N001,ALL,1,117.70544,4,1
2022-09-02T06:45:00-00:00,2022-09-02T07:00:00-00:00,2022-09-01,24,BAYMDWS_1_N001,BAYMDWS_1_N001,BAYMDWS_1_N001,RTPD,LMP,LMP_PRC,BAYMDWS_1_N001,ALL,1,111.90056,4,1
2022-09-01T07:00:00-00:00,2022-09-01T07:15:00-00:00,2022-09-01,01,BAYMDWS_1_N001,BAYMDWS_1_N001,BAYMDWS_1_N001,RTPD,MCC,LMP_CONG_PRC,BAYMDWS_1_N001,ALL,1,-16.76426,1,2
2022-09-01T08:00:00-00:00,2022-09-01T08:15:00-00:00,2022-09-01,02,BAYMDWS_1_N001,BAYMDWS_1_N001,BAYMDWS_1_N001,RTPD,MCC,LMP_CONG_PRC,BAYMDWS_1_N001,ALL,1,-3.38286,1,2
2022-09-01T09:00:00-00:00,2022-09-01T09:15:00-00:00,2022-09-01,03,BAYMDWS_1_N001,BAYMDWS_1_N001,BAYMDWS_1_N001,RTPD,MCC,LMP_CONG_PRC,BAYMDWS_1_N001,ALL,1,-4.53266,1,2
2022-09-01T10:00:00-00:00,2022-09-01T10:15:00-00:00,2022-09-01,04,BAYMDWS_1_N001,BAYMDWS_1_N001,BAYMDWS_1_N001,RTPD,MCC,LMP_CONG_PRC,BAYMDWS_1_N001,ALL,1,-3.93862,1,2
2022-09-01T11:00:00-00:00,2022-09-01T11:15:00-00:00,2022-09-01,05,BAYMDWS_1_N001,BAYMDWS_1_N001,BAYMDWS_1_N001,RTPD,MCC,LMP_CONG_PRC,BAYMDWS_1_N001,ALL,1,0,1,2
2022-09-01T12:00:00-00:00,2022-09-01T12:15:00-00:00,2022-09-01,06,BAYMDWS_1_N001,BAYMDWS_1_N001,BAYMDWS_1_N001,RTPD,MCC,LMP_CONG_PRC,BAYMDWS_1_N001,ALL,1,-10.0946,1,2
2022-09-01T13:00:00-00:00,2022-09-01T13:15:00-00:00,2022-09-01,07,BAYMDWS_1_N001,BAYMDWS_1_N001,BAYMDWS_1_N001,RTPD,MCC,LMP_CONG_PRC,BAYMDWS_1_N001,ALL,1,-13.35624,1,2
2022-09-01T14:00:00-00:00,2022-09-01T14:15:00-00:00,2022-09-01,08,BAYMDWS_1_N001,BAYMDWS_1_N001,BAYMDWS_1_N001,RTPD,MCC,LMP_CONG_PRC,BAYMDWS_1_N001,ALL,1,0,1,2
2022-09-01T15:00:00-00:00,2022-09-01T15:15:00-00:00,2022-09-01,09,BAYMDWS_1_N001,BAYMDWS_1_N001,BAYMDWS_1_N001,RTPD,MCC,LMP_CONG_PRC,BAYMDWS_1_N001,ALL,1,0,1,2
2022-09-01T16:00:00-00:00,2022-09-01T16:15:00-00:00,2022-09-01,10,BAYMDWS_1_N001,BAYMDWS_1_N001,BAYMDWS_1_N001,RTPD,MCC,LMP_CONG_PRC,BAYMDWS_1_N001,ALL,1,0,1,2
2022-09-01T17:00:00-00:00,2022-09-01T17:15:00-00:00,2022-09-01,11,BAYMDWS_1_N001,BAYMDWS_1_N001,BAYMDWS_1_N001,RTPD,MCC,LMP_CONG_PRC,BAYMDWS_1_N001,ALL,1,-16.91213,1,2
2022-09-01T18:00:00-00:00,2022-09-01T18:15:00-00:00,2022-09-01,12,BAYMDWS_1_N001,BAYMDWS_1_N001,BAYMDWS_1_N001,RTPD,MCC,LMP_CONG_PRC,BAYMDWS_1_N001,ALL,1,-32.82622,1,2
2022-09-01T19:00:00-00:00,2022-09-01T19:15:00-00:00,2022-09-01,13,BAYMDWS_1_N001,BAYMDWS_1_N001,BAYMDWS_1_N001,RTPD,MCC,LMP_CONG_PRC,BAYMDWS_1_N001,ALL,1,-36.23196,1,2
2022-09-01T20:00:00-00:00,2022-09-01T20:15:00-00:00,2022-09-01,14,BAYMDWS_1_N001,BAYMDWS_1_N001,BAYMDWS_1_N001,RTPD,MCC,LMP_CONG_PRC,BAYMDWS_1_N001,ALL,1,-3.56226,1,2
2022-09-01T21:00:00-00:00,2022-09-01T21:15:00-00:00,2022-09-01,15,BAYMDWS_1_N001,BAYMDWS_1_N001,BAYMDWS_1_N001,RTPD,MCC,LMP_CONG_PRC,BAYMDWS_1_N001,ALL,1,-100.55342,1,2
2022-09-01T22:00:00-00:00,2022-09-01T22:15:00-00:00,2022-09-01,16,BAYMDWS_1_N001,BAYMDWS_1_N001,BAYMDWS_1_N001,RTPD,MCC,LMP_CONG_PRC,BAYMDWS_1_N001,ALL,1,-109.32262,1,2
2022-09-01T23:00:00-00:00,2022-09-01T23:15:00-00:00,2022-09-01,17,BAYMDWS_1_N001,BAYMDWS_1_N001,BAYMDWS_1_N001,RTPD,MCC,LMP_CONG_PRC,BAYMDWS_1_N001,ALL,1,-171.57988,1,2
2022-09-02T00:00:00-00:00,2022-09-02T00:15:00-00:00,2022-09-01,18,BAYMDWS_1_N001,BAYMDWS_1_N001,BAYMDWS_1_N001,RTPD,MCC,LMP_CONG_PRC,BAYMDWS_1_N001,ALL,1,345.25626,1,2
2022-09-02T01:00:00-00:00,2022-09-02T01:15:00-00:00,2022-09-01,19,BAYMDWS_1_N001,BAYMDWS_1_N001,BAYMDWS_1_N001,RTPD,MCC,LMP_CONG_PRC,BAYMDWS_1_N001,ALL,1,339.7814,1,2
2022-09-02T02:00:00-00:00,2022-09-02T02:15:00-00:00,2022-09-01,20,BAYMDWS_1_N001,BAYMDWS_1_N001,BAYMDWS_1_N001,RTPD,MCC,LMP_CONG_PRC,BAYMDWS_1_N001,ALL,1,0,1,2
2022-09-02T03:00:00-00:00,2022-09-02T03:15:00-00:00,2022-09-01,21,BAYMDWS_1_N001,BAYMDWS_1_N001,BAYMDWS_1_N001,RTPD,MCC,LMP_CONG_PRC,BAYMDWS_1_N001,ALL,1,422.39,1,2
2022-09-02T04:00:00-00:00,2022-09-02T04:15:00-00:00,2022-09-01,22,BAYMDWS_1_N001,BAYMDWS_1_N001,BAYMDWS_1_N001,RTPD,MCC,LMP_CONG_PRC,BAYMDWS_1_N001,ALL,1,0,1,2
2022-09-02T05:00:00-00:00,2022-09-02T05:15:00-00:00,2022-09-01,23,BAYMDWS_1_N001,BAYMDWS_1_N001,BAYMDWS_1_N001,RTPD,MCC,LMP_CONG_PRC,BAYMDWS_1_N001,ALL,1,0,1,2
2022-09-02T06:00:00-00:00,2022-09-02T06:15:00-00:00,2022-09-01,24,BAYMDWS_1_N001,BAYMDWS_1_N001,BAYMDWS_1_N001,RTPD,MCC,LMP_CONG_PRC,BAYMDWS_1_N001,ALL,1,0,1,2
2022-09-01T07:15:00-00:00,2022-09-01T07:30:00-00:00,2022-09-01,01,BAYMDWS_1_N001,BAYMDWS_1_N001,BAYMDWS_1_N001,RTPD,MCC,LMP_CONG_PRC,BAYMDWS_1_N001,ALL,1,-10.16085,2,2
2022-09-01T08:15:00-00:00,2022-09-01T08:30:00-00:00,2022-09-01,02,BAYMDWS_1_N001,BAYMDWS_1_N001,BAYMDWS_1_N001,RTPD,MCC,LMP_CONG_PRC,BAYMDWS_1_N001,ALL,1,-0.92543,2,2
2022-09-01T09:15:00-00:00,2022-09-01T09:30:00-00:00,2022-09-01,03,BAYMDWS_1_N001,BAYMDWS_1_N001,BAYMDWS_1_N001,RTPD,MCC,LMP_CONG_PRC,BAYMDWS_1_N001,ALL,1,-5.95856,2,2
2022-09-01T10:15:00-00:00,2022-09-01T10:30:00-00:00,2022-09-01,04,BAYMDWS_1_N001,BAYMDWS_1_N001,BAYMDWS_1_N001,RTPD,MCC,LMP_CONG_PRC,BAYMDWS_1_N001,ALL,1,-5.5731,2,2
2022-09-01T11:15:00-00:00,2022-09-01T11:30:00-00:00,2022-09-01,05,BAYMDWS_1_N001,BAYMDWS_1_N001,BAYMDWS_1_N001,RTPD,MCC,LMP_CONG_PRC,BAYMDWS_1_N001,ALL,1,0,2,2
2022-09-01T12:15:00-00:00,2022-09-01T12:30:00-00:00,2022-09-01,06,BAYMDWS_1_N001,BAYMDWS_1_N001,BAYMDWS_1_N001,RTPD,MCC,LMP_CONG_PRC,BAYMDWS_1_N001,ALL,1,-6.17089,2,2
2022-09-01T13:15:00-00:00,2022-09-01T13:30:00-00:00,2022-09-01,07,BAYMDWS_1_N001,BAYMDWS_1_N001,BAYMDWS_1_N001,RTPD,MCC,LMP_CONG_PRC,BAYMDWS_1_N001,ALL,1,-0.57317,2,2
2022-09-01T14:15:00-00:00,2022-09-01T14:30:00-00:00,2022-09-01,08,BAYMDWS_1_N001,BAYMDWS_1_N001,BAYMDWS_1_N001,RTPD,MCC,LMP_CONG_PRC,BAYMDWS_1_N001,ALL,1,0,2,2
2022-09-01T15:15:00-00:00,2022-09-01T15:30:00-00:00,2022-09-01,09,BAYMDWS_1_N001,BAYMDWS_1_N001,BAYMDWS_1_N001,RTPD,MCC,LMP_CONG_PRC,BAYMDWS_1_N001,ALL,1,0,2,2
2022-09-01T16:15:00-00:00,2022-09-01T16:30:00-00:00,2022-09-01,10,BAYMDWS_1_N001,BAYMDWS_1_N001,BAYMDWS_1_N001,RTPD,MCC,LMP_CONG_PRC,BAYMDWS_1_N001,ALL,1,-1.65672,2,2
2022-09-01T17:15:00-00:00,2022-09-01T17:30:00-00:00,2022-09-01,11,BAYMDWS_1_N001,BAYMDWS_1_N001,BAYMDWS_1_N001,RTPD,MCC,LMP_CONG_PRC,BAYMDWS_1_N001,ALL,1,-20.5963,2,2
2022-09-01T18:15:00-00:00,2022-09-01T18:30:00-00:00,2022-09-01,12,BAYMDWS_1_N001,BAYMDWS_1_N001,BAYMDWS_1_N001,RTPD,MCC,LMP_CONG_PRC,BAYMDWS_1_N001,ALL,1,-26.73051,2,2
2022-09-01T19:15:00-00:00,2022-09-01T19:30:00-00:00,2022-09-01,13,BAYMDWS_1_N001,BAYMDWS_1_N001,BAYMDWS_1_N001,RTPD,MCC,LMP_CONG_PRC,BAYMDWS_1_N001,ALL,1,-29.83604,2,2
2022-09-01T20:15:00-00:00,2022-09-01T20:30:00-00:00,2022-09-01,14,BAYMDWS_1_N001,BAYMDWS_1_N001,BAYMDWS_1_N001,RTPD,MCC,LMP_CONG_PRC,BAYMDWS_1_N001,ALL,1,-3.20789,2,2
2022-09-01T21:15:00-00:00,2022-09-01T21:30:00-00:00,2022-09-01,15,BAYMDWS_1_N001,BAYMDWS_1_N001,BAYMDWS_1_N001,RTPD,MCC,LMP_CONG_PRC,BAYMDWS_1_N001,ALL,1,-27.17513,2,2
2022-09-01T22:15:00-00:00,2022-09-01T22:30:00-00:00,2022-09-01,16,BAYMDWS_1_N001,BAYMDWS_1_N001,BAYMDWS_1_N001,RTPD,MCC,LMP_CONG_PRC,BAYMDWS_1_N001,ALL,1,-119.46008,2,2
2022-09-01T23:15:00-00:00,2022-09-01T23:30:00-00:00,2022-09-01,17,BAYMDWS_1_N001,BAYMDWS_1_N001,BAYMDWS_1_N001,RTPD,MCC,LMP_CONG_PRC,BAYMDWS_1_N001,ALL,1,-99.09966,2,2
2022-09-02T00:15:00-00:00,2022-09-02T00:30:00-00:00,2022-09-01,18,BAYMDWS_1_N001,BAYMDWS_1_N001,BAYMDWS_1_N001,RTPD,MCC,LMP_CONG_PRC,BAYMDWS_1_N001,ALL,1,336.03897,2,2
2022-09-02T01:15:00-00:00,2022-09-02T01:30:00-00:00,2022-09-01,19,BAYMDWS_1_N001,BAYMDWS_1_N001,BAYMDWS_1_N001,RTPD,MCC,LMP_CONG_PRC,BAYMDWS_1_N001,ALL,1,0,2,2
2022-09-02T02:15:00-00:00,2022-09-02T02:30:00-00:00,2022-09-01,20,BAYMDWS_1_N001,BAYMDWS_1_N001,BAYMDWS_1_N001,RTPD,MCC,LMP_CONG_PRC,BAYMDWS_1_N001,ALL,1,0,2,2
2022-09-02T03:15:00-00:00,2022-09-02T03:30:00-00:00,2022-09-01,21,BAYMDWS_1_N001,BAYMDWS_1_N001,BAYMDWS_1_N001,RTPD,MCC,LMP_CONG_PRC,BAYMDWS_1_N001,ALL,1,148.04868,2,2
2022-09-02T04:15:00-00:00,2022-09-02T04:30:00-00:00,2022-09-01,22,BAYMDWS_1_N001,BAYMDWS_1_N001,BAYMDWS_1_N001,RTPD,MCC,LMP_CONG_PRC,BAYMDWS_1_N001,ALL,1,0,2,2
2022-09-02T05:15:00-00:00,2022-09-02T05:30:00-00:00,2022-09-01,23,BAYMDWS_1_N001,BAYMDWS_1_N001,BAYMDWS_1_N001,RTPD,MCC,LMP_CONG_PRC,BAYMDWS_1_N001,ALL,1,0,2,2
2022-09-02T06:15:00-00:00,2022-09-02T06:30:00-00:00,2022-09-01,24,BAYMDWS_1_N001,BAYMDWS_1_N001,BAYMDWS_1_N001,RTPD,MCC,LMP_CONG_PRC,BAYMDWS_1_N001,ALL,1,0,2,2
2022-09-01T07:30:00-00:00,2022-09-01T07:45:00-00:00,2022-09-01,01,BAYMDWS_1_N001,BAYMDWS_1_N001,BAYMDWS_1_N001,RTPD,MCC,LMP_CONG_PRC,BAYMDWS_1_N001,ALL,1,-16.45527,3,2
2022-09-01T08:30:00-00:00,2022-09-01T08:45:00-00:00,2022-09-01,02,BAYMDWS_1_N001,BAYMDWS_1_N001,BAYMDWS_1_N001,RTPD,MCC,LMP_CONG_PRC,BAYMDWS_1_N001,ALL,1,-0.00088,3,2
2022-09-01T09:30:00-00:00,2022-09-01T09:45:00-00:00,2022-09-01,03,BAYMDWS_1_N001,BAYMDWS_1_N001,BAYMDWS_1_N001,RTPD,MCC,LMP_CONG_PRC,BAYMDWS_1_N001,ALL,1,-5.90508,3,2
2022-09-01T10:30:00-00:00,2022-09-01T10:45:00-00:00,2022-09-01,04,BAYMDWS_1_N001,BAYMDWS_1_N001,BAYMDWS_1_N001,RTPD,MCC,LMP_CONG_PRC,BAYMDWS_1_N001,ALL,1,-3.14411,3,2
2022-09-01T11:30:00-00:00,2022-09-01T11:45:00-00:00,2022-09-01,05,BAYMDWS_1_N001,BAYMDWS_1_N001,BAYMDWS_1_N001,RTPD,MCC,LMP_CONG_PRC,BAYMDWS_1_N001,ALL,1,0,3,2
2022-09-01T12:30:00-00:00,2022-09-01T12:45:00-00:00,2022-09-01,06,BAYMDWS_1_N001,BAYMDWS_1_N001,BAYMDWS_1_N001,RTPD,MCC,LMP_CONG_PRC,BAYMDWS_1_N001,ALL,1,-10.66037,3,2
2022-09-01T13:30:00-00:00,2022-09-01T13:45:00-00:00,2022-09-01,07,BAYMDWS_1_N001,BAYMDWS_1_N001,BAYMDWS_1_N001,RTPD,MCC,LMP_CONG_PRC,BAYMDWS_1_N001,ALL,1,0,3,2
2022-09-01T14:30:00-00:00,2022-09-01T14:45:00-00:00,2022-09-01,08,BAYMDWS_1_N001,BAYMDWS_1_N001,BAYMDWS_1_N001,RTPD,MCC,LMP_CONG_PRC,BAYMDWS_1_N001,ALL,1,0,3,2
2022-09-01T15:30:00-00:00,2022-09-01T15:45:00-00:00,2022-09-01,09,BAYMDWS_1_N001,BAYMDWS_1_N001,BAYMDWS_1_N001,RTPD,MCC,LMP_CONG_PRC,BAYMDWS_1_N001,ALL,1,0,3,2
2022-09-01T16:30:00-00:00,2022-09-01T16:45:00-00:00,2022-09-01,10,BAYMDWS_1_N001,BAYMDWS_1_N001,BAYMDWS_1_N001,RTPD,MCC,LMP_CONG_PRC,BAYMDWS_1_N001,ALL,1,-13.87115,3,2
2022-09-01T17:30:00-00:00,2022-09-01T17:45:00-00:00,2022-09-01,11,BAYMDWS_1_N001,BAYMDWS_1_N001,BAYMDWS_1_N001,RTPD,MCC,LMP_CONG_PRC,BAYMDWS_1_N001,ALL,1,-20.67064,3,2
2022-09-01T18:30:00-00:00,2022-09-01T18:45:00-00:00,2022-09-01,12,BAYMDWS_1_N001,BAYMDWS_1_N001,BAYMDWS_1_N001,RTPD,MCC,LMP_CONG_PRC,BAYMDWS_1_N001,ALL,1,-27.87344,3,2
2022-09-01T19:30:00-00:00,2022-09-01T19:45:00-00:00,2022-09-01,13,BAYMDWS_1_N001,BAYMDWS_1_N001,BAYMDWS_1_N001,RTPD,MCC,LMP_CONG_PRC,BAYMDWS_1_N001,ALL,1,-12.82178,3,2
2022-09-01T20:30:00-00:00,2022-09-01T20:45:00-00:00,2022-09-01,14,BAYMDWS_1_N001,BAYMDWS_1_N001,BAYMDWS_1_N001,RTPD,MCC,LMP_CONG_PRC,BAYMDWS_1_N001,ALL,1,-12.94319,3,2
2022-09-01T21:30:00-00:00,2022-09-01T21:45:00-00:00,2022-09-01,15,BAYMDWS_1_N001,BAYMDWS_1_N001,BAYMDWS_1_N001,RTPD,MCC,LMP_CONG_PRC,BAYMDWS_1_N001,ALL,1,-24.96437,3,2
2022-09-01T22:30:00-00:00,2022-09-01T22:45:00-00:00,2022-09-01,16,BAYMDWS_1_N001,BAYMDWS_1_N001,BAYMDWS_1_N001,RTPD,MCC,LMP_CONG_PRC,BAYMDWS_1_N001,ALL,1,-128.44907,3,2
2022-09-01T23:30:00-00:00,2022-09-01T23:45:00-00:00,2022-09-01,17,BAYMDWS_1_N001,BAYMDWS_1_N001,BAYMDWS_1_N001,RTPD,MCC,LMP_CONG_PRC,BAYMDWS_1_N001,ALL,1,0,3,2
2022-09-02T00:30:00-00:00,2022-09-02T00:45:00-00:00,2022-09-01,18,BAYMDWS_1_N001,BAYMDWS_1_N001,BAYMDWS_1_N001,RTPD,MCC,LMP_CONG_PRC,BAYMDWS_1_N001,ALL,1,472.06155,3,2
2022-09-02T01:30:00-00:00,2022-09-02T01:45:00-00:00,2022-09-01,19,BAYMDWS_1_N001,BAYMDWS_1_N001,BAYMDWS_1_N001,RTPD,MCC,LMP_CONG_PRC,BAYMDWS_1_N001,ALL,1,0,3,2
2022-09-02T02:30:00-00:00,2022-09-02T02:45:00-00:00,2022-09-01,20,BAYMDWS_1_N001,BAYMDWS_1_N001,BAYMDWS_1_N001,RTPD,MCC,LMP_CONG_PRC,BAYMDWS_1_N001,ALL,1,0,3,2
2022-09-02T03:30:00-00:00,2022-09-02T03:45:00-00:00,2022-09-01,21,BAYMDWS_1_N001,BAYMDWS_1_N001,BAYMDWS_1_N001,RTPD,MCC,LMP_CONG_PRC,BAYMDWS_1_N001,ALL,1,33.30164,3,2
2022-09-02T04:30:00-00:00,2022-09-02T04:45:00-00:00,2022-09-01,22,BAYMDWS_1_N001,BAYMDWS_1_N001,BAYMDWS_1_N001,RTPD,MCC,LMP_CONG_PRC,BAYMDWS_1_N001,ALL,1,0,3,2
2022-09-02T05:30:00-00:00,2022-09-02T05:45:00-00:00,2022-09-01,23,BAYMDWS_1_N001,BAYMDWS_1_N001,BAYMDWS_1_N001,RTPD,MCC,LMP_CONG_PRC,BAYMDWS_1_N001,ALL,1,0,3,2
2022-09-02T06:30:00-00:00,2022-09-02T06:45:00-00:00,2022-09-01,24,BAYMDWS_1_N001,BAYMDWS_1_N001,BAYMDWS_1_N001,RTPD,MCC,LMP_CONG_PRC,BAYMDWS_1_N001,ALL,1,0,3,2
2022-09-01T07:45:00-00:00,2022-09-01T08:00:00-00:00,2022-09-01,01,BAYMDWS_1_N001,BAYMDWS_1_N001,BAYMDWS_1_N001,RTPD,MCC,LMP_CONG_PRC,BAYMDWS_1_N001,ALL,1,-18.68257,4,2
2022-09-01T08:45:00-00:00,2022-09-01T09:00:00-00:00,2022-09-01,02,BAYMDWS_1_N001,BAYMDWS_1_N001,BAYMDWS_1_N001,RTPD,MCC,LMP_CONG_PRC,BAYMDWS_1_N001,ALL,1,-4.56065,4,2
2022-09-01T09:45:00-00:00,2022-09-01T10:00:00-00:00,2022-09-01,03,BAYMDWS_1_N001,BAYMDWS_1_N001,BAYMDWS_1_N001,RTPD,MCC,LMP_CONG_PRC,BAYMDWS_1_N001,ALL,1,-5.25653,4,2
2022-09-01T10:45:00-00:00,2022-09-01T11:00:00-00:00,2022-09-01,04,BAYMDWS_1_N001,BAYMDWS_1_N001,BAYMDWS_1_N001,RTPD,MCC,LMP_CONG_PRC,BAYMDWS_1_N001,ALL,1,-1.23517,4,2
2022-09-01T11:45:00-00:00,2022-09-01T12:00:00-00:00,2022-09-01,05,BAYMDWS_1_N001,BAYMDWS_1_N001,BAYMDWS_1_N001,RTPD,MCC,LMP_CONG_PRC,BAYMDWS_1_N001,ALL,1,0,4,2
2022-09-01T12:45:00-00:00,2022-09-01T13:00:00-00:00,2022-09-01,06,BAYMDWS_1_N001,BAYMDWS_1_N001,BAYMDWS_1_N001,RTPD,MCC,LMP_CONG_PRC,BAYMDWS_1_N001,ALL,1,-2.3789,4,2
2022-09-01T13:45:00-00:00,2022-09-01T14:00:00-00:00,2022-09-01,07,BAYMDWS_1_N001,BAYMDWS_1_N001,BAYMDWS_1_N001,RTPD,MCC,LMP_CONG_PRC,BAYMDWS_1_N001,ALL,1,0,4,2
2022-09-01T14:45:00-00:00,2022-09-01T15:00:00-00:00,2022-09-01,08,BAYMDWS_1_N001,BAYMDWS_1_N001,BAYMDWS_1_N001,RTPD,MCC,LMP_CONG_PRC,BAYMDWS_1_N001,ALL,1,0,4,2
2022-09-01T15:45:00-00:00,2022-09-01T16:00:00-00:00,2022-09-01,09,BAYMDWS_1_N001,BAYMDWS_1_N001,BAYMDWS_1_N001,RTPD,MCC,LMP_CONG_PRC,BAYMDWS_1_N001,ALL,1,0,4,2
2022-09-01T16:45:00-00:00,2022-09-01T17:00:00-00:00,2022-09-01,10,BAYMDWS_1_N001,BAYMDWS_1_N001,BAYMDWS_1_N001,RTPD,MCC,LMP_CONG_PRC,BAYMDWS_1_N001,ALL,1,-12.56035,4,2
2022-09-01T17:45:00-00:00,2022-09-01T18:00:00-00:00,2022-09-01,11,BAYMDWS_1_N001,BAYMDWS_1_N001,BAYMDWS_1_N001,RTPD,MCC,LMP_CONG_PRC,BAYMDWS_1_N001,ALL,1,-20.35241,4,2
2022-09-01T18:45:00-00:00,2022-09-01T19:00:00-00:00,2022-09-01,12,BAYMDWS_1_N001,BAYMDWS_1_N001,BAYMDWS_1_N001,RTPD,MCC,LMP_CONG_PRC,BAYMDWS_1_N001,ALL,1,-27.76675,4,2
2022-09-01T19:45:00-00:00,2022-09-01T20:00:00-00:00,2022-09-01,13,BAYMDWS_1_N001,BAYMDWS_1_N001,BAYMDWS_1_N001,RTPD,MCC,LMP_CONG_PRC,BAYMDWS_1_N001,ALL,1,-13.89019,4,2
2022-09-01T20:45:00-00:00,2022-09-01T21:00:00-00:00,2022-09-01,14,BAYMDWS_1_N001,BAYMDWS_1_N001,BAYMDWS_1_N001,RTPD,MCC,LMP_CONG_PRC,BAYMDWS_1_N001,ALL,1,-28.7403,4,2
2022-09-01T21:45:00-00:00,2022-09-01T22:00:00-00:00,2022-09-01,15,BAYMDWS_1_N001,BAYMDWS_1_N001,BAYMDWS_1_N001,RTPD,MCC,LMP_CONG_PRC,BAYMDWS_1_N001,ALL,1,-90.69702,4,2
2022-09-01T22:45:00-00:00,2022-09-01T23:00:00-00:00,2022-09-01,16,BAYMDWS_1_N001,BAYMDWS_1_N001,BAYMDWS_1_N001,RTPD,MCC,LMP_CONG_PRC,BAYMDWS_1_N001,ALL,1,-260.8895,4,2
2022-09-01T23:45:00-00:00,2022-09-02T00:00:00-00:00,2022-09-01,17,BAYMDWS_1_N001,BAYMDWS_1_N001,BAYMDWS_1_N001,RTPD,MCC,LMP_CONG_PRC,BAYMDWS_1_N001,ALL,1,412.82745,4,2
2022-09-02T00:45:00-00:00,2022-09-02T01:00:00-00:00,2022-09-01,18,BAYMDWS_1_N001,BAYMDWS_1_N001,BAYMDWS_1_N001,RTPD,MCC,LMP_CONG_PRC,BAYMDWS_1_N001,ALL,1,306.2871,4,2
2022-09-02T01:45:00-00:00,2022-09-02T02:00:00-00:00,2022-09-01,19,BAYMDWS_1_N001,BAYMDWS_1_N001,BAYMDWS_1_N001,RTPD,MCC,LMP_CONG_PRC,BAYMDWS_1_N001,ALL,1,0,4,2
2022-09-02T02:45:00-00:00,2022-09-02T03:00:00-00:00,2022-09-01,20,BAYMDWS_1_N001,BAYMDWS_1_N001,BAYMDWS_1_N001,RTPD,MCC,LMP_CONG_PRC,BAYMDWS_1_N001,ALL,1,135.31194,4,2
2022-09-02T03:45:00-00:00,2022-09-02T04:00:00-00:00,2022-09-01,21,BAYMDWS_1_N001,BAYMDWS_1_N001,BAYMDWS_1_N001,RTPD,MCC,LMP_CONG_PRC,BAYMDWS_1_N001,ALL,1,19.39498,4,2
2022-09-02T04:45:00-00:00,2022-09-02T05:00:00-00:00,2022-09-01,22,BAYMDWS_1_N001,BAYMDWS_1_N001,BAYMDWS_1_N001,RTPD,MCC,LMP_CONG_PRC,BAYMDWS_1_N001,ALL,1,0,4,2
2022-09-02T05:45:00-00:00,2022-09-02T06:00:00-00:00,2022-09-01,23,BAYMDWS_1_N001,BAYMDWS_1_N001,BAYMDWS_1_N001,RTPD,MCC,LMP_CONG_PRC,BAYMDWS_1_N001,ALL,1,-4.24368,4,2
2022-09-02T06:45:00-00:00,2022-09-02T07:00:00-00:00,2022-09-01,24,BAYMDWS_1_N001,BAYMDWS_1_N001,BAYMDWS_1_N001,RTPD,MCC,LMP_CONG_PRC,BAYMDWS_1_N001,ALL,1,0,4,2
2022-09-01T07:00:00-00:00,2022-09-01T07:15:00-00:00,2022-09-01,01,BAYMDWS_1_N001,BAYMDWS_1_N001,BAYMDWS_1_N001,RTPD,MCE,LMP_ENE_PRC,BAYMDWS_1_N001,ALL,1,104.23471,1,3
2022-09-01T08:00:00-00:00,2022-09-01T08:15:00-00:00,2022-09-01,02,BAYMDWS_1_N001,BAYMDWS_1_N001,BAYMDWS_1_N001,RTPD,MCE,LMP_ENE_PRC,BAYMDWS_1_N001,ALL,1,115.5488,1,3
2022-09-01T09:00:00-00:00,2022-09-01T09:15:00-00:00,2022-09-01,03,BAYMDWS_1_N001,BAYMDWS_1_N001,BAYMDWS_1_N001,RTPD,MCE,LMP_ENE_PRC,BAYMDWS_1_N001,ALL,1,99.73061,1,3
2022-09-01T10:00:00-00:00,2022-09-01T10:15:00-00:00,2022-09-01,04,BAYMDWS_1_N001,BAYMDWS_1_N001,BAYMDWS_1_N001,RTPD,MCE,LMP_ENE_PRC,BAYMDWS_1_N001,ALL,1,98.64222,1,3
2022-09-01T11:00:00-00:00,2022-09-01T11:15:00-00:00,2022-09-01,05,BAYMDWS_1_N001,BAYMDWS_1_N001,BAYMDWS_1_N001,RTPD,MCE,LMP_ENE_PRC,BAYMDWS_1_N001,ALL,1,102.56859,1,3
2022-09-01T12:00:00-00:00,2022-09-01T12:15:00-00:00,2022-09-01,06,BAYMDWS_1_N001,BAYMDWS_1_N001,BAYMDWS_1_N001,RTPD,MCE,LMP_ENE_PRC,BAYMDWS_1_N001,ALL,1,96.90845,1,3
2022-09-01T13:00:00-00:00,2022-09-01T13:15:00-00:00,2022-09-01,07,BAYMDWS_1_N001,BAYMDWS_1_N001,BAYMDWS_1_N001,RTPD,MCE,LMP_ENE_PRC,BAYMDWS_1_N001,ALL,1,101.80878,1,3
2022-09-01T14:00:00-00:00,2022-09-01T14:15:00-00:00,2022-09-01,08,BAYMDWS_1_N001,BAYMDWS_1_N001,BAYMDWS_1_N001,RTPD,MCE,LMP_ENE_PRC,BAYMDWS_1_N001,ALL,1,111.11219,1,3
2022-09-01T15:00:00-00:00,2022-09-01T15:15:00-00:00,2022-09-01,09,BAYMDWS_1_N001,BAYMDWS_1_N001,BAYMDWS_1_N001,RTPD,MCE,LMP_ENE_PRC,BAYMDWS_1_N001,ALL,1,97.4112,1,3
2022-09-01T16:00:00-00:00,2022-09-01T16:15:00-00:00,2022-09-01,10,BAYMDWS_1_N001,BAYMDWS_1_N001,BAYMDWS_1_N001,RTPD,MCE,LMP_ENE_PRC,BAYMDWS_1_N001,ALL,1,83.43525,1,3
2022-09-01T17:00:00-00:00,2022-09-01T17:15:00-00:00,2022-09-01,11,BAYMDWS_1_N001,BAYMDWS_1_N001,BAYMDWS_1_N001,RTPD,MCE,LMP_ENE_PRC,BAYMDWS_1_N001,ALL,1,96.94897,1,3
2022-09-01T18:00:00-00:00,2022-09-01T18:15:00-00:00,2022-09-01,12,BAYMDWS_1_N001,BAYMDWS_1_N001,BAYMDWS_1_N001,RTPD,MCE,LMP_ENE_PRC,BAYMDWS_1_N001,ALL,1,91.59291,1,3
2022-09-01T19:00:00-00:00,2022-09-01T19:15:00-00:00,2022-09-01,13,BAYMDWS_1_N001,BAYMDWS_1_N001,BAYMDWS_1_N001,RTPD,MCE,LMP_ENE_PRC,BAYMDWS_1_N001,ALL,1,109.19637,1,3
2022-09-01T20:00:00-00:00,2022-09-01T20:15:00-00:00,2022-09-01,14,BAYMDWS_1_N001,BAYMDWS_1_N001,BAYMDWS_1_N001,RTPD,MCE,LMP_ENE_PRC,BAYMDWS_1_N001,ALL,1,117.94359,1,3
2022-09-01T21:00:00-00:00,2022-09-01T21:15:00-00:00,2022-09-01,15,BAYMDWS_1_N001,BAYMDWS_1_N001,BAYMDWS_1_N001,RTPD,MCE,LMP_ENE_PRC,BAYMDWS_1_N001,ALL,1,226.61499,1,3
2022-09-01T22:00:00-00:00,2022-09-01T22:15:00-00:00,2022-09-01,16,BAYMDWS_1_N001,BAYMDWS_1_N001,BAYMDWS_1_N001,RTPD,MCE,LMP_ENE_PRC,BAYMDWS_1_N001,ALL,1,229.18552,1,3
2022-09-01T23:00:00-00:00,2022-09-01T23:15:00-00:00,2022-09-01,17,BAYMDWS_1_N001,BAYMDWS_1_N001,BAYMDWS_1_N001,RTPD,MCE,LMP_ENE_PRC,BAYMDWS_1_N001,ALL,1,386.7537,1,3
2022-09-02T00:00:00-00:00,2022-09-02T00:15:00-00:00,2022-09-01,18,BAYMDWS_1_N001,BAYMDWS_1_N001,BAYMDWS_1_N001,RTPD,MCE,LMP_ENE_PRC,BAYMDWS_1_N001,ALL,1,770.58136,1,3
2022-09-02T01:00:00-00:00,2022-09-02T01:15:00-00:00,2022-09-01,19,BAYMDWS_1_N001,BAYMDWS_1_N001,BAYMDWS_1_N001,RTPD,MCE,LMP_ENE_PRC,BAYMDWS_1_N001,ALL,1,916.27124,1,3
2022-09-02T02:00:00-00:00,2022-09-02T02:15:00-00:00,2022-09-01,20,BAYMDWS_1_N001,BAYMDWS_1_N001,BAYMDWS_1_N001,RTPD,MCE,LMP_ENE_PRC,BAYMDWS_1_N001,ALL,1,1991.6721,1,3
2022-09-02T03:00:00-00:00,2022-09-02T03:15:00-00:00,2022-09-01,21,BAYMDWS_1_N001,BAYMDWS_1_N001,BAYMDWS_1_N001,RTPD,MCE,LMP_ENE_PRC,BAYMDWS_1_N001,ALL,1,917.5508,1,3
2022-09-02T04:00:00-00:00,2022-09-02T04:15:00-00:00,2022-09-01,22,BAYMDWS_1_N001,BAYMDWS_1_N001,BAYMDWS_1_N001,RTPD,MCE,LMP_ENE_PRC,BAYMDWS_1_N001,ALL,1,257.83005,1,3
2022-09-02T05:00:00-00:00,2022-09-02T05:15:00-00:00,2022-09-01,23,BAYMDWS_1_N001,BAYMDWS_1_N001,BAYMDWS_1_N001,RTPD,MCE,LMP_ENE_PRC,BAYMDWS_1_N001,ALL,1,183.24657,1,3
2022-09-02T06:00:00-00:00,2022-09-02T06:15:00-00:00,2022-09-01,24,BAYMDWS_1_N001,BAYMDWS_1_N001,BAYMDWS_1_N001,RTPD,MCE,LMP_ENE_PRC,BAYMDWS_1_N001,ALL,1,158.867,1,3
2022-09-01T07:15:00-00:00,2022-09-01T07:30:00-00:00,2022-09-01,01,BAYMDWS_1_N001,BAYMDWS_1_N001,BAYMDWS_1_N001,RTPD,MCE,LMP_ENE_PRC,BAYMDWS_1_N001,ALL,1,125.55144,2,3
2022-09-01T08:15:00-00:00,2022-09-01T08:30:00-00:00,2022-09-01,02,BAYMDWS_1_N001,BAYMDWS_1_N001,BAYMDWS_1_N001,RTPD,MCE,LMP_ENE_PRC,BAYMDWS_1_N001,ALL,1,115.53165,2,3
2022-09-01T09:15:00-00:00,2022-09-01T09:30:00-00:00,2022-09-01,03,BAYMDWS_1_N001,BAYMDWS_1_N001,BAYMDWS_1_N001,RTPD,MCE,LMP_ENE_PRC,BAYMDWS_1_N001,ALL,1,98.30543,2,3
2022-09-01T10:15:00-00:00,2022-09-01T10:30:00-00:00,2022-09-01,04,BAYMDWS_1_N001,BAYMDWS_1_N001,BAYMDWS_1_N001,RTPD,MCE,LMP_ENE_PRC,BAYMDWS_1_N001,ALL,1,97.00684,2,3
2022-09-01T11:15:00-00:00,2022-09-01T11:30:00-00:00,2022-09-01,05,BAYMDWS_1_N001,BAYMDWS_1_N001,BAYMDWS_1_N001,RTPD,MCE,LMP_ENE_PRC,BAYMDWS_1_N001,ALL,1,103.09059,2,3
2022-09-01T12:15:00-00:00,2022-09-01T12:30:00-00:00,2022-09-01,06,BAYMDWS_1_N001,BAYMDWS_1_N001,BAYMDWS_1_N001,RTPD,MCE,LMP_ENE_PRC,BAYMDWS_1_N001,ALL,1,109.32203,2,3
2022-09-01T13:15:00-00:00,2022-09-01T13:30:00-00:00,2022-09-01,07,BAYMDWS_1_N001,BAYMDWS_1_N001,BAYMDWS_1_N001,RTPD,MCE,LMP_ENE_PRC,BAYMDWS_1_N001,ALL,1,110.97827,2,3
2022-09-01T14:15:00-00:00,2022-09-01T14:30:00-00:00,2022-09-01,08,BAYMDWS_1_N001,BAYMDWS_1_N001,BAYMDWS_1_N001,RTPD,MCE,LMP_ENE_PRC,BAYMDWS_1_N001,ALL,1,104.78743,2,3
2022-09-01T15:15:00-00:00,2022-09-01T15:30:00-00:00,2022-09-01,09,BAYMDWS_1_N001,BAYMDWS_1_N001,BAYMDWS_1_N001,RTPD,MCE,LMP_ENE_PRC,BAYMDWS_1_N001,ALL,1,86.9388,2,3
2022-09-01T16:15:00-00:00,2022-09-01T16:30:00-00:00,2022-09-01,10,BAYMDWS_1_N001,BAYMDWS_1_N001,BAYMDWS_1_N001,RTPD,MCE,LMP_ENE_PRC,BAYMDWS_1_N001,ALL,1,89.44858,2,3
2022-09-01T17:15:00-00:00,2022-09-01T17:30:00-00:00,2022-09-01,11,BAYMDWS_1_N001,BAYMDWS_1_N001,BAYMDWS_1_N001,RTPD,MCE,LMP_ENE_PRC,BAYMDWS_1_N001,ALL,1,99.34673,2,3
2022-09-01T18:15:00-00:00,2022-09-01T18:30:00-00:00,2022-09-01,12,BAYMDWS_1_N001,BAYMDWS_1_N001,BAYMDWS_1_N001,RTPD,MCE,LMP_ENE_PRC,BAYMDWS_1_N001,ALL,1,101.15901,2,3
2022-09-01T19:15:00-00:00,2022-09-01T19:30:00-00:00,2022-09-01,13,BAYMDWS_1_N001,BAYMDWS_1_N001,BAYMDWS_1_N001,RTPD,MCE,LMP_ENE_PRC,BAYMDWS_1_N001,ALL,1,105.30588,2,3
2022-09-01T20:15:00-00:00,2022-09-01T20:30:00-00:00,2022-09-01,14,BAYMDWS_1_N001,BAYMDWS_1_N001,BAYMDWS_1_N001,RTPD,MCE,LMP_ENE_PRC,BAYMDWS_1_N001,ALL,1,117.49421,2,3
2022-09-01T21:15:00-00:00,2022-09-01T21:30:00-00:00,2022-09-01,15,BAYMDWS_1_N001,BAYMDWS_1_N001,BAYMDWS_1_N001,RTPD,MCE,LMP_ENE_PRC,BAYMDWS_1_N001,ALL,1,147.21185,2,3
2022-09-01T22:15:00-00:00,2022-09-01T22:30:00-00:00,2022-09-01,16,BAYMDWS_1_N001,BAYMDWS_1_N001,BAYMDWS_1_N001,RTPD,MCE,LMP_ENE_PRC,BAYMDWS_1_N001,ALL,1,256.58734,2,3
2022-09-01T23:15:00-00:00,2022-09-01T23:30:00-00:00,2022-09-01,17,BAYMDWS_1_N001,BAYMDWS_1_N001,BAYMDWS_1_N001,RTPD,MCE,LMP_ENE_PRC,BAYMDWS_1_N001,ALL,1,362.12408,2,3
2022-09-02T00:15:00-00:00,2022-09-02T00:30:00-00:00,2022-09-01,18,BAYMDWS_1_N001,BAYMDWS_1_N001,BAYMDWS_1_N001,RTPD,MCE,LMP_ENE_PRC,BAYMDWS_1_N001,ALL,1,691.2182,2,3
2022-09-02T01:15:00-00:00,2022-09-02T01:30:00-00:00,2022-09-01,19,BAYMDWS_1_N001,BAYMDWS_1_N001,BAYMDWS_1_N001,RTPD,MCE,LMP_ENE_PRC,BAYMDWS_1_N001,ALL,1,1999.9933,2,3
2022-09-02T02:15:00-00:00,2022-09-02T02:30:00-00:00,2022-09-01,20,BAYMDWS_1_N001,BAYMDWS_1_N001,BAYMDWS_1_N001,RTPD,MCE,LMP_ENE_PRC,BAYMDWS_1_N001,ALL,1,1991.6721,2,3
2022-09-02T03:15:00-00:00,2022-09-02T03:30:00-00:00,2022-09-01,21,BAYMDWS_1_N001,BAYMDWS_1_N001,BAYMDWS_1_N001,RTPD,MCE,LMP_ENE_PRC,BAYMDWS_1_N001,ALL,1,400.52884,2,3
2022-09-02T04:15:00-00:00,2022-09-02T04:30:00-00:00,2022-09-01,22,BAYMDWS_1_N001,BAYMDWS_1_N001,BAYMDWS_1_N001,RTPD,MCE,LMP_ENE_PRC,BAYMDWS_1_N001,ALL,1,224.75041,2,3
2022-09-02T05:15:00-00:00,2022-09-02T05:30:00-00:00,2022-09-01,23,BAYMDWS_1_N001,BAYMDWS_1_N001,BAYMDWS_1_N001,RTPD,MCE,LMP_ENE_PRC,BAYMDWS_1_N001,ALL,1,157.11986,2,3
2022-09-02T06:15:00-00:00,2022-09-02T06:30:00-00:00,2022-09-01,24,BAYMDWS_1_N001,BAYMDWS_1_N001,BAYMDWS_1_N001,RTPD,MCE,LMP_ENE_PRC,BAYMDWS_1_N001,ALL,1,143.1005,2,3
2022-09-01T07:30:00-00:00,2022-09-01T07:45:00-00:00,2022-09-01,01,BAYMDWS_1_N001,BAYMDWS_1_N001,BAYMDWS_1_N001,RTPD,MCE,LMP_ENE_PRC,BAYMDWS_1_N001,ALL,1,119.03196,3,3
2022-09-01T08:30:00-00:00,2022-09-01T08:45:00-00:00,2022-09-01,02,BAYMDWS_1_N001,BAYMDWS_1_N001,BAYMDWS_1_N001,RTPD,MCE,LMP_ENE_PRC,BAYMDWS_1_N001,ALL,1,111.11241,3,3
2022-09-01T09:30:00-00:00,2022-09-01T09:45:00-00:00,2022-09-01,03,BAYMDWS_1_N001,BAYMDWS_1_N001,BAYMDWS_1_N001,RTPD,MCE,LMP_ENE_PRC,BAYMDWS_1_N001,ALL,1,98.16228,3,3
2022-09-01T10:30:00-00:00,2022-09-01T10:45:00-00:00,2022-09-01,04,BAYMDWS_1_N001,BAYMDWS_1_N001,BAYMDWS_1_N001,RTPD,MCE,LMP_ENE_PRC,BAYMDWS_1_N001,ALL,1,96.36226,3,3
2022-09-01T11:30:00-00:00,2022-09-01T11:45:00-00:00,2022-09-01,05,BAYMDWS_1_N001,BAYMDWS_1_N001,BAYMDWS_1_N001,RTPD,MCE,LMP_ENE_PRC,BAYMDWS_1_N001,ALL,1,103.06198,3,3
2022-09-01T12:30:00-00:00,2022-09-01T12:45:00-00:00,2022-09-01,06,BAYMDWS_1_N001,BAYMDWS_1_N001,BAYMDWS_1_N001,RTPD,MCE,LMP_ENE_PRC,BAYMDWS_1_N001,ALL,1,113.57403,3,3
2022-09-01T13:30:00-00:00,2022-09-01T13:45:00-00:00,2022-09-01,07,BAYMDWS_1_N001,BAYMDWS_1_N001,BAYMDWS_1_N001,RTPD,MCE,LMP_ENE_PRC,BAYMDWS_1_N001,ALL,1,111.52025,3,3
2022-09-01T14:30:00-00:00,2022-09-01T14:45:00-00:00,2022-09-01,08,BAYMDWS_1_N001,BAYMDWS_1_N001,BAYMDWS_1_N001,RTPD,MCE,LMP_ENE_PRC,BAYMDWS_1_N001,ALL,1,101.83428,3,3
2022-09-01T15:30:00-00:00,2022-09-01T15:45:00-00:00,2022-09-01,09,BAYMDWS_1_N001,BAYMDWS_1_N001,BAYMDWS_1_N001,RTPD,MCE,LMP_ENE_PRC,BAYMDWS_1_N001,ALL,1,86.1388,3,3
2022-09-01T16:30:00-00:00,2022-09-01T16:45:00-00:00,2022-09-01,10,BAYMDWS_1_N001,BAYMDWS_1_N001,BAYMDWS_1_N001,RTPD,MCE,LMP_ENE_PRC,BAYMDWS_1_N001,ALL,1,88.79644,3,3
2022-09-01T17:30:00-00:00,2022-09-01T17:45:00-00:00,2022-09-01,11,BAYMDWS_1_N001,BAYMDWS_1_N001,BAYMDWS_1_N001,RTPD,MCE,LMP_ENE_PRC,BAYMDWS_1_N001,ALL,1,99.13013,3,3
2022-09-01T18:30:00-00:00,2022-09-01T18:45:00-00:00,2022-09-01,12,BAYMDWS_1_N001,BAYMDWS_1_N001,BAYMDWS_1_N001,RTPD,MCE,LMP_ENE_PRC,BAYMDWS_1_N001,ALL,1,107.05718,3,3
2022-09-01T19:30:00-00:00,2022-09-01T19:45:00-00:00,2022-09-01,13,BAYMDWS_1_N001,BAYMDWS_1_N001,BAYMDWS_1_N001,RTPD,MCE,LMP_ENE_PRC,BAYMDWS_1_N001,ALL,1,114.05905,3,3
2022-09-01T20:30:00-00:00,2022-09-01T20:45:00-00:00,2022-09-01,14,BAYMDWS_1_N001,BAYMDWS_1_N001,BAYMDWS_1_N001,RTPD,MCE,LMP_ENE_PRC,BAYMDWS_1_N001,ALL,1,129.81606,3,3
2022-09-01T21:30:00-00:00,2022-09-01T21:45:00-00:00,2022-09-01,15,BAYMDWS_1_N001,BAYMDWS_1_N001,BAYMDWS_1_N001,RTPD,MCE,LMP_ENE_PRC,BAYMDWS_1_N001,ALL,1,152.93057,3,3
2022-09-01T22:30:00-00:00,2022-09-01T22:45:00-00:00,2022-09-01,16,BAYMDWS_1_N001,BAYMDWS_1_N001,BAYMDWS_1_N001,RTPD,MCE,LMP_ENE_PRC,BAYMDWS_1_N001,ALL,1,283.18182,3,3
2022-09-01T23:30:00-00:00,2022-09-01T23:45:00-00:00,2022-09-01,17,BAYMDWS_1_N001,BAYMDWS_1_N001,BAYMDWS_1_N001,RTPD,MCE,LMP_ENE_PRC,BAYMDWS_1_N001,ALL,1,566.48157,3,3
2022-09-02T00:30:00-00:00,2022-09-02T00:45:00-00:00,2022-09-01,18,BAYMDWS_1_N001,BAYMDWS_1_N001,BAYMDWS_1_N001,RTPD,MCE,LMP_ENE_PRC,BAYMDWS_1_N001,ALL,1,1329.1127,3,3
2022-09-02T01:30:00-00:00,2022-09-02T01:45:00-00:00,2022-09-01,19,BAYMDWS_1_N001,BAYMDWS_1_N001,BAYMDWS_1_N001,RTPD,MCE,LMP_ENE_PRC,BAYMDWS_1_N001,ALL,1,1999.9956,3,3
2022-09-02T02:30:00-00:00,2022-09-02T02:45:00-00:00,2022-09-01,20,BAYMDWS_1_N001,BAYMDWS_1_N001,BAYMDWS_1_N001,RTPD,MCE,LMP_ENE_PRC,BAYMDWS_1_N001,ALL,1,1991.671,3,3
2022-09-02T03:30:00-00:00,2022-09-02T03:45:00-00:00,2022-09-01,21,BAYMDWS_1_N001,BAYMDWS_1_N001,BAYMDWS_1_N001,RTPD,MCE,LMP_ENE_PRC,BAYMDWS_1_N001,ALL,1,186.61823,3,3
2022-09-02T04:30:00-00:00,2022-09-02T04:45:00-00:00,2022-09-01,22,BAYMDWS_1_N001,BAYMDWS_1_N001,BAYMDWS_1_N001,RTPD,MCE,LMP_ENE_PRC,BAYMDWS_1_N001,ALL,1,180.67824,3,3
2022-09-02T05:30:00-00:00,2022-09-02T05:45:00-00:00,2022-09-01,23,BAYMDWS_1_N001,BAYMDWS_1_N001,BAYMDWS_1_N001,RTPD,MCE,LMP_ENE_PRC,BAYMDWS_1_N001,ALL,1,131.69917,3,3
2022-09-02T06:30:00-00:00,2022-09-02T06:45:00-00:00,2022-09-01,24,BAYMDWS_1_N001,BAYMDWS_1_N001,BAYMDWS_1_N001,RTPD,MCE,LMP_ENE_PRC,BAYMDWS_1_N001,ALL,1,128.9871,3,3
2022-09-01T07:45:00-00:00,2022-09-01T08:00:00-00:00,2022-09-01,01,BAYMDWS_1_N001,BAYMDWS_1_N001,BAYMDWS_1_N001,RTPD,MCE,LMP_ENE_PRC,BAYMDWS_1_N001,ALL,1,109.12099,4,3
2022-09-01T08:45:00-00:00,2022-09-01T09:00:00-00:00,2022-09-01,02,BAYMDWS_1_N001,BAYMDWS_1_N001,BAYMDWS_1_N001,RTPD,MCE,LMP_ENE_PRC,BAYMDWS_1_N001,ALL,1,98.7357,4,3
2022-09-01T09:45:00-00:00,2022-09-01T10:00:00-00:00,2022-09-01,03,BAYMDWS_1_N001,BAYMDWS_1_N001,BAYMDWS_1_N001,RTPD,MCE,LMP_ENE_PRC,BAYMDWS_1_N001,ALL,1,97.50475,4,3
2022-09-01T10:45:00-00:00,2022-09-01T11:00:00-00:00,2022-09-01,04,BAYMDWS_1_N001,BAYMDWS_1_N001,BAYMDWS_1_N001,RTPD,MCE,LMP_ENE_PRC,BAYMDWS_1_N001,ALL,1,94.71966,4,3
2022-09-01T11:45:00-00:00,2022-09-01T12:00:00-00:00,2022-09-01,05,BAYMDWS_1_N001,BAYMDWS_1_N001,BAYMDWS_1_N001,RTPD,MCE,LMP_ENE_PRC,BAYMDWS_1_N001,ALL,1,107.01,4,3
2022-09-01T12:45:00-00:00,2022-09-01T13:00:00-00:00,2022-09-01,06,BAYMDWS_1_N001,BAYMDWS_1_N001,BAYMDWS_1_N001,RTPD,MCE,LMP_ENE_PRC,BAYMDWS_1_N001,ALL,1,116.4848,4,3
2022-09-01T13:45:00-00:00,2022-09-01T14:00:00-00:00,2022-09-01,07,BAYMDWS_1_N001,BAYMDWS_1_N001,BAYMDWS_1_N001,RTPD,MCE,LMP_ENE_PRC,BAYMDWS_1_N001,ALL,1,111.41,4,3
2022-09-01T14:45:00-00:00,2022-09-01T15:00:00-00:00,2022-09-01,08,BAYMDWS_1_N001,BAYMDWS_1_N001,BAYMDWS_1_N001,RTPD,MCE,LMP_ENE_PRC,BAYMDWS_1_N001,ALL,1,86.1388,4,3
2022-09-01T15:45:00-00:00,2022-09-01T16:00:00-00:00,2022-09-01,09,BAYMDWS_1_N001,BAYMDWS_1_N001,BAYMDWS_1_N001,RTPD,MCE,LMP_ENE_PRC,BAYMDWS_1_N001,ALL,1,78.70076,4,3
2022-09-01T16:45:00-00:00,2022-09-01T17:00:00-00:00,2022-09-01,10,BAYMDWS_1_N001,BAYMDWS_1_N001,BAYMDWS_1_N001,RTPD,MCE,LMP_ENE_PRC,BAYMDWS_1_N001,ALL,1,91.24933,4,3
2022-09-01T17:45:00-00:00,2022-09-01T18:00:00-00:00,2022-09-01,11,BAYMDWS_1_N001,BAYMDWS_1_N001,BAYMDWS_1_N001,RTPD,MCE,LMP_ENE_PRC,BAYMDWS_1_N001,ALL,1,99.20544,4,3
2022-09-01T18:45:00-00:00,2022-09-01T19:00:00-00:00,2022-09-01,12,BAYMDWS_1_N001,BAYMDWS_1_N001,BAYMDWS_1_N001,RTPD,MCE,LMP_ENE_PRC,BAYMDWS_1_N001,ALL,1,109.04064,4,3
2022-09-01T19:45:00-00:00,2022-09-01T20:00:00-00:00,2022-09-01,13,BAYMDWS_1_N001,BAYMDWS_1_N001,BAYMDWS_1_N001,RTPD,MCE,LMP_ENE_PRC,BAYMDWS_1_N001,ALL,1,120.22491,4,3
2022-09-01T20:45:00-00:00,2022-09-01T21:00:00-00:00,2022-09-01,14,BAYMDWS_1_N001,BAYMDWS_1_N001,BAYMDWS_1_N001,RTPD,MCE,LMP_ENE_PRC,BAYMDWS_1_N001,ALL,1,154.02509,4,3
2022-09-01T21:45:00-00:00,2022-09-01T22:00:00-00:00,2022-09-01,15,BAYMDWS_1_N001,BAYMDWS_1_N001,BAYMDWS_1_N001,RTPD,MCE,LMP_ENE_PRC,BAYMDWS_1_N001,ALL,1,300.29376,4,3
2022-09-01T22:45:00-00:00,2022-09-01T23:00:00-00:00,2022-09-01,16,BAYMDWS_1_N001,BAYMDWS_1_N001,BAYMDWS_1_N001,RTPD,MCE,LMP_ENE_PRC,BAYMDWS_1_N001,ALL,1,429.9137,4,3
2022-09-01T23:45:00-00:00,2022-09-02T00:00:00-00:00,2022-09-01,17,BAYMDWS_1_N001,BAYMDWS_1_N001,BAYMDWS_1_N001,RTPD,MCE,LMP_ENE_PRC,BAYMDWS_1_N001,ALL,1,1261.2124,4,3
2022-09-02T00:45:00-00:00,2022-09-02T01:00:00-00:00,2022-09-01,18,BAYMDWS_1_N001,BAYMDWS_1_N001,BAYMDWS_1_N001,RTPD,MCE,LMP_ENE_PRC,BAYMDWS_1_N001,ALL,1,1519.149,4,3
2022-09-02T01:45:00-00:00,2022-09-02T02:00:00-00:00,2022-09-01,19,BAYMDWS_1_N001,BAYMDWS_1_N001,BAYMDWS_1_N001,RTPD,MCE,LMP_ENE_PRC,BAYMDWS_1_N001,ALL,1,1991.9337,4,3
2022-09-02T02:45:00-00:00,2022-09-02T03:00:00-00:00,2022-09-01,20,BAYMDWS_1_N001,BAYMDWS_1_N001,BAYMDWS_1_N001,RTPD,MCE,LMP_ENE_PRC,BAYMDWS_1_N001,ALL,1,1629.6213,4,3
2022-09-02T03:45:00-00:00,2022-09-02T04:00:00-00:00,2022-09-01,21,BAYMDWS_1_N001,BAYMDWS_1_N001,BAYMDWS_1_N001,RTPD,MCE,LMP_ENE_PRC,BAYMDWS_1_N001,ALL,1,141.13702,4,3
2022-09-02T04:45:00-00:00,2022-09-02T05:00:00-00:00,2022-09-01,22,BAYMDWS_1_N001,BAYMDWS_1_N001,BAYMDWS_1_N001,RTPD,MCE,LMP_ENE_PRC,BAYMDWS_1_N001,ALL,1,126.76372,4,3
2022-09-02T05:45:00-00:00,2022-09-02T06:00:00-00:00,2022-09-01,23,BAYMDWS_1_N001,BAYMDWS_1_N001,BAYMDWS_1_N001,RTPD,MCE,LMP_ENE_PRC,BAYMDWS_1_N001,ALL,1,119.00958,4,3
2022-09-02T06:45:00-00:00,2022-09-02T07:00:00-00:00,2022-09-01,24,BAYMDWS_1_N001,BAYMDWS_1_N001,BAYMDWS_1_N001,RTPD,MCE,LMP_ENE_PRC,BAYMDWS_1_N001,ALL,1,109.20324,4,3
2022-09-01T07:00:00-00:00,2022-09-01T07:15:00-00:00,2022-09-01,01,BAYMDWS_1_N001,BAYMDWS_1_N001,BAYMDWS_1_N001,RTPD,MCL,LMP_LOSS_PRC,BAYMDWS_1_N001,ALL,1,-4.96157,1,4
2022-09-01T08:00:00-00:00,2022-09-01T08:15:00-00:00,2022-09-01,02,BAYMDWS_1_N001,BAYMDWS_1_N001,BAYMDWS_1_N001,RTPD,MCL,LMP_LOSS_PRC,BAYMDWS_1_N001,ALL,1,0,1,4
2022-09-01T09:00:00-00:00,2022-09-01T09:15:00-00:00,2022-09-01,03,BAYMDWS_1_N001,BAYMDWS_1_N001,BAYMDWS_1_N001,RTPD,MCL,LMP_LOSS_PRC,BAYMDWS_1_N001,ALL,1,1.43612,1,4
2022-09-01T10:00:00-00:00,2022-09-01T10:15:00-00:00,2022-09-01,04,BAYMDWS_1_N001,BAYMDWS_1_N001,BAYMDWS_1_N001,RTPD,MCL,LMP_LOSS_PRC,BAYMDWS_1_N001,ALL,1,1.68678,1,4
2022-09-01T11:00:00-00:00,2022-09-01T11:15:00-00:00,2022-09-01,05,BAYMDWS_1_N001,BAYMDWS_1_N001,BAYMDWS_1_N001,RTPD,MCL,LMP_LOSS_PRC,BAYMDWS_1_N001,ALL,1,1.78469,1,4
2022-09-01T12:00:00-00:00,2022-09-01T12:15:00-00:00,2022-09-01,06,BAYMDWS_1_N001,BAYMDWS_1_N001,BAYMDWS_1_N001,RTPD,MCL,LMP_LOSS_PRC,BAYMDWS_1_N001,ALL,1,1.30826,1,4
2022-09-01T13:00:00-00:00,2022-09-01T13:15:00-00:00,2022-09-01,07,BAYMDWS_1_N001,BAYMDWS_1_N001,BAYMDWS_1_N001,RTPD,MCL,LMP_LOSS_PRC,BAYMDWS_1_N001,ALL,1,0,1,4
2022-09-01T14:00:00-00:00,2022-09-01T14:15:00-00:00,2022-09-01,08,BAYMDWS_1_N001,BAYMDWS_1_N001,BAYMDWS_1_N001,RTPD,MCL,LMP_LOSS_PRC,BAYMDWS_1_N001,ALL,1,4.2556,1,4
2022-09-01T15:00:00-00:00,2022-09-01T15:15:00-00:00,2022-09-01,09,BAYMDWS_1_N001,BAYMDWS_1_N001,BAYMDWS_1_N001,RTPD,MCL,LMP_LOSS_PRC,BAYMDWS_1_N001,ALL,1,0,1,4
2022-09-01T16:00:00-00:00,2022-09-01T16:15:00-00:00,2022-09-01,10,BAYMDWS_1_N001,BAYMDWS_1_N001,BAYMDWS_1_N001,RTPD,MCL,LMP_LOSS_PRC,BAYMDWS_1_N001,ALL,1,0,1,4
2022-09-01T17:00:00-00:00,2022-09-01T17:15:00-00:00,2022-09-01,11,BAYMDWS_1_N001,BAYMDWS_1_N001,BAYMDWS_1_N001,RTPD,MCL,LMP_LOSS_PRC,BAYMDWS_1_N001,ALL,1,0,1,4
2022-09-01T18:00:00-00:00,2022-09-01T18:15:00-00:00,2022-09-01,12,BAYMDWS_1_N001,BAYMDWS_1_N001,BAYMDWS_1_N001,RTPD,MCL,LMP_LOSS_PRC,BAYMDWS_1_N001,ALL,1,0,1,4
2022-09-01T19:00:00-00:00,2022-09-01T19:15:00-00:00,2022-09-01,13,BAYMDWS_1_N001,BAYMDWS_1_N001,BAYMDWS_1_N001,RTPD,MCL,LMP_LOSS_PRC,BAYMDWS_1_N001,ALL,1,0,1,4
2022-09-01T20:00:00-00:00,2022-09-01T20:15:00-00:00,2022-09-01,14,BAYMDWS_1_N001,BAYMDWS_1_N001,BAYMDWS_1_N001,RTPD,MCL,LMP_LOSS_PRC,BAYMDWS_1_N001,ALL,1,0,1,4
2022-09-01T21:00:00-00:00,2022-09-01T21:15:00-00:00,2022-09-01,15,BAYMDWS_1_N001,BAYMDWS_1_N001,BAYMDWS_1_N001,RTPD,MCL,LMP_LOSS_PRC,BAYMDWS_1_N001,ALL,1,0,1,4
2022-09-01T22:00:00-00:00,2022-09-01T22:15:00-00:00,2022-09-01,16,BAYMDWS_1_N001,BAYMDWS_1_N001,BAYMDWS_1_N001,RTPD,MCL,LMP_LOSS_PRC,BAYMDWS_1_N001,ALL,1,0,1,4
2022-09-01T23:00:00-00:00,2022-09-01T23:15:00-00:00,2022-09-01,17,BAYMDWS_1_N001,BAYMDWS_1_N001,BAYMDWS_1_N001,RTPD,MCL,LMP_LOSS_PRC,BAYMDWS_1_N001,ALL,1,0,1,4
2022-09-02T00:00:00-00:00,2022-09-02T00:15:00-00:00,2022-09-01,18,BAYMDWS_1_N001,BAYMDWS_1_N001,BAYMDWS_1_N001,RTPD,MCL,LMP_LOSS_PRC,BAYMDWS_1_N001,ALL,1,51.24366,1,4
2022-09-02T01:00:00-00:00,2022-09-02T01:15:00-00:00,2022-09-01,19,BAYMDWS_1_N001,BAYMDWS_1_N001,BAYMDWS_1_N001,RTPD,MCL,LMP_LOSS_PRC,BAYMDWS_1_N001,ALL,1,0,1,4
2022-09-02T02:00:00-00:00,2022-09-02T02:15:00-00:00,2022-09-01,20,BAYMDWS_1_N001,BAYMDWS_1_N001,BAYMDWS_1_N001,RTPD,MCL,LMP_LOSS_PRC,BAYMDWS_1_N001,ALL,1,0,1,4
2022-09-02T03:00:00-00:00,2022-09-02T03:15:00-00:00,2022-09-01,21,BAYMDWS_1_N001,BAYMDWS_1_N001,BAYMDWS_1_N001,RTPD,MCL,LMP_LOSS_PRC,BAYMDWS_1_N001,ALL,1,52.4839,1,4
2022-09-02T04:00:00-00:00,2022-09-02T04:15:00-00:00,2022-09-01,22,BAYMDWS_1_N001,BAYMDWS_1_N001,BAYMDWS_1_N001,RTPD,MCL,LMP_LOSS_PRC,BAYMDWS_1_N001,ALL,1,9.95224,1,4
2022-09-02T05:00:00-00:00,2022-09-02T05:15:00-00:00,2022-09-01,23,BAYMDWS_1_N001,BAYMDWS_1_N001,BAYMDWS_1_N001,RTPD,MCL,LMP_LOSS_PRC,BAYMDWS_1_N001,ALL,1,5.90054,1,4
2022-09-02T06:00:00-00:00,2022-09-02T06:15:00-00:00,2022-09-01,24,BAYMDWS_1_N001,BAYMDWS_1_N001,BAYMDWS_1_N001,RTPD,MCL,LMP_LOSS_PRC,BAYMDWS_1_N001,ALL,1,3.66983,1,4
2022-09-01T07:15:00-00:00,2022-09-01T07:30:00-00:00,2022-09-01,01,BAYMDWS_1_N001,BAYMDWS_1_N001,BAYMDWS_1_N001,RTPD,MCL,LMP_LOSS_PRC,BAYMDWS_1_N001,ALL,1,0,2,4
2022-09-01T08:15:00-00:00,2022-09-01T08:30:00-00:00,2022-09-01,02,BAYMDWS_1_N001,BAYMDWS_1_N001,BAYMDWS_1_N001,RTPD,MCL,LMP_LOSS_PRC,BAYMDWS_1_N001,ALL,1,0,2,4
2022-09-01T09:15:00-00:00,2022-09-01T09:30:00-00:00,2022-09-01,03,BAYMDWS_1_N001,BAYMDWS_1_N001,BAYMDWS_1_N001,RTPD,MCL,LMP_LOSS_PRC,BAYMDWS_1_N001,ALL,1,1.42543,2,4
2022-09-01T10:15:00-00:00,2022-09-01T10:30:00-00:00,2022-09-01,04,BAYMDWS_1_N001,BAYMDWS_1_N001,BAYMDWS_1_N001,RTPD,MCL,LMP_LOSS_PRC,BAYMDWS_1_N001,ALL,1,1.68792,2,4
2022-09-01T11:15:00-00:00,2022-09-01T11:30:00-00:00,2022-09-01,05,BAYMDWS_1_N001,BAYMDWS_1_N001,BAYMDWS_1_N001,RTPD,MCL,LMP_LOSS_PRC,BAYMDWS_1_N001,ALL,1,1.77316,2,4
2022-09-01T12:15:00-00:00,2022-09-01T12:30:00-00:00,2022-09-01,06,BAYMDWS_1_N001,BAYMDWS_1_N001,BAYMDWS_1_N001,RTPD,MCL,LMP_LOSS_PRC,BAYMDWS_1_N001,ALL,1,1.73822,2,4
2022-09-01T13:15:00-00:00,2022-09-01T13:30:00-00:00,2022-09-01,07,BAYMDWS_1_N001,BAYMDWS_1_N001,BAYMDWS_1_N001,RTPD,MCL,LMP_LOSS_PRC,BAYMDWS_1_N001,ALL,1,2.13078,2,4
2022-09-01T14:15:00-00:00,2022-09-01T14:30:00-00:00,2022-09-01,08,BAYMDWS_1_N001,BAYMDWS_1_N001,BAYMDWS_1_N001,RTPD,MCL,LMP_LOSS_PRC,BAYMDWS_1_N001,ALL,1,3.87714,2,4
2022-09-01T15:15:00-00:00,2022-09-01T15:30:00-00:00,2022-09-01,09,BAYMDWS_1_N001,BAYMDWS_1_N001,BAYMDWS_1_N001,RTPD,MCL,LMP_LOSS_PRC,BAYMDWS_1_N001,ALL,1,0,2,4
2022-09-01T16:15:00-00:00,2022-09-01T16:30:00-00:00,2022-09-01,10,BAYMDWS_1_N001,BAYMDWS_1_N001,BAYMDWS_1_N001,RTPD,MCL,LMP_LOSS_PRC,BAYMDWS_1_N001,ALL,1,0,2,4
2022-09-01T17:15:00-00:00,2022-09-01T17:30:00-00:00,2022-09-01,11,BAYMDWS_1_N001,BAYMDWS_1_N001,BAYMDWS_1_N001,RTPD,MCL,LMP_LOSS_PRC,BAYMDWS_1_N001,ALL,1,0,2,4
2022-09-01T18:15:00-00:00,2022-09-01T18:30:00-00:00,2022-09-01,12,BAYMDWS_1_N001,BAYMDWS_1_N001,BAYMDWS_1_N001,RTPD,MCL,LMP_LOSS_PRC,BAYMDWS_1_N001,ALL,1,0,2,4
2022-09-01T19:15:00-00:00,2022-09-01T19:30:00-00:00,2022-09-01,13,BAYMDWS_1_N001,BAYMDWS_1_N001,BAYMDWS_1_N001,RTPD,MCL,LMP_LOSS_PRC,BAYMDWS_1_N001,ALL,1,0,2,4
2022-09-01T20:15:00-00:00,2022-09-01T20:30:00-00:00,2022-09-01,14,BAYMDWS_1_N001,BAYMDWS_1_N001,BAYMDWS_1_N001,RTPD,MCL,LMP_LOSS_PRC,BAYMDWS_1_N001,ALL,1,0,2,4
2022-09-01T21:15:00-00:00,2022-09-01T21:30:00-00:00,2022-09-01,15,BAYMDWS_1_N001,BAYMDWS_1_N001,BAYMDWS_1_N001,RTPD,MCL,LMP_LOSS_PRC,BAYMDWS_1_N001,ALL,1,0,2,4
2022-09-01T22:15:00-00:00,2022-09-01T22:30:00-00:00,2022-09-01,16,BAYMDWS_1_N001,BAYMDWS_1_N001,BAYMDWS_1_N001,RTPD,MCL,LMP_LOSS_PRC,BAYMDWS_1_N001,ALL,1,0,2,4
2022-09-01T23:15:00-00:00,2022-09-01T23:30:00-00:00,2022-09-01,17,BAYMDWS_1_N001,BAYMDWS_1_N001,BAYMDWS_1_N001,RTPD,MCL,LMP_LOSS_PRC,BAYMDWS_1_N001,ALL,1,0,2,4
2022-09-02T00:15:00-00:00,2022-09-02T00:30:00-00:00,2022-09-01,18,BAYMDWS_1_N001,BAYMDWS_1_N001,BAYMDWS_1_N001,RTPD,MCL,LMP_LOSS_PRC,BAYMDWS_1_N001,ALL,1,44.86006,2,4
2022-09-02T01:15:00-00:00,2022-09-02T01:30:00-00:00,2022-09-01,19,BAYMDWS_1_N001,BAYMDWS_1_N001,BAYMDWS_1_N001,RTPD,MCL,LMP_LOSS_PRC,BAYMDWS_1_N001,ALL,1,0,2,4
2022-09-02T02:15:00-00:00,2022-09-02T02:30:00-00:00,2022-09-01,20,BAYMDWS_1_N001,BAYMDWS_1_N001,BAYMDWS_1_N001,RTPD,MCL,LMP_LOSS_PRC,BAYMDWS_1_N001,ALL,1,0,2,4
2022-09-02T03:15:00-00:00,2022-09-02T03:30:00-00:00,2022-09-01,21,BAYMDWS_1_N001,BAYMDWS_1_N001,BAYMDWS_1_N001,RTPD,MCL,LMP_LOSS_PRC,BAYMDWS_1_N001,ALL,1,22.50972,2,4
2022-09-02T04:15:00-00:00,2022-09-02T04:30:00-00:00,2022-09-01,22,BAYMDWS_1_N001,BAYMDWS_1_N001,BAYMDWS_1_N001,RTPD,MCL,LMP_LOSS_PRC,BAYMDWS_1_N001,ALL,1,8.11349,2,4
2022-09-02T05:15:00-00:00,2022-09-02T05:30:00-00:00,2022-09-01,23,BAYMDWS_1_N001,BAYMDWS_1_N001,BAYMDWS_1_N001,RTPD,MCL,LMP_LOSS_PRC,BAYMDWS_1_N001,ALL,1,4.39936,2,4
2022-09-02T06:15:00-00:00,2022-09-02T06:30:00-00:00,2022-09-01,24,BAYMDWS_1_N001,BAYMDWS_1_N001,BAYMDWS_1_N001,RTPD,MCL,LMP_LOSS_PRC,BAYMDWS_1_N001,ALL,1,2.08927,2,4
2022-09-01T07:30:00-00:00,2022-09-01T07:45:00-00:00,2022-09-01,01,BAYMDWS_1_N001,BAYMDWS_1_N001,BAYMDWS_1_N001,RTPD,MCL,LMP_LOSS_PRC,BAYMDWS_1_N001,ALL,1,0,3,4
2022-09-01T08:30:00-00:00,2022-09-01T08:45:00-00:00,2022-09-01,02,BAYMDWS_1_N001,BAYMDWS_1_N001,BAYMDWS_1_N001,RTPD,MCL,LMP_LOSS_PRC,BAYMDWS_1_N001,ALL,1,1.74446,3,4
2022-09-01T09:30:00-00:00,2022-09-01T09:45:00-00:00,2022-09-01,03,BAYMDWS_1_N001,BAYMDWS_1_N001,BAYMDWS_1_N001,RTPD,MCL,LMP_LOSS_PRC,BAYMDWS_1_N001,ALL,1,1.24666,3,4
2022-09-01T10:30:00-00:00,2022-09-01T10:45:00-00:00,2022-09-01,04,BAYMDWS_1_N001,BAYMDWS_1_N001,BAYMDWS_1_N001,RTPD,MCL,LMP_LOSS_PRC,BAYMDWS_1_N001,ALL,1,1.76343,3,4
2022-09-01T11:30:00-00:00,2022-09-01T11:45:00-00:00,2022-09-01,05,BAYMDWS_1_N001,BAYMDWS_1_N001,BAYMDWS_1_N001,RTPD,MCL,LMP_LOSS_PRC,BAYMDWS_1_N001,ALL,1,1.91695,3,4
2022-09-01T12:30:00-00:00,2022-09-01T12:45:00-00:00,2022-09-01,06,BAYMDWS_1_N001,BAYMDWS_1_N001,BAYMDWS_1_N001,RTPD,MCL,LMP_LOSS_PRC,BAYMDWS_1_N001,ALL,1,1.94212,3,4
2022-09-01T13:30:00-00:00,2022-09-01T13:45:00-00:00,2022-09-01,07,BAYMDWS_1_N001,BAYMDWS_1_N001,BAYMDWS_1_N001,RTPD,MCL,LMP_LOSS_PRC,BAYMDWS_1_N001,ALL,1,2.41999,3,4
2022-09-01T14:30:00-00:00,2022-09-01T14:45:00-00:00,2022-09-01,08,BAYMDWS_1_N001,BAYMDWS_1_N001,BAYMDWS_1_N001,RTPD,MCL,LMP_LOSS_PRC,BAYMDWS_1_N001,ALL,1,4.07337,3,4
2022-09-01T15:30:00-00:00,2022-09-01T15:45:00-00:00,2022-09-01,09,BAYMDWS_1_N001,BAYMDWS_1_N001,BAYMDWS_1_N001,RTPD,MCL,LMP_LOSS_PRC,BAYMDWS_1_N001,ALL,1,0,3,4
2022-09-01T16:30:00-00:00,2022-09-01T16:45:00-00:00,2022-09-01,10,BAYMDWS_1_N001,BAYMDWS_1_N001,BAYMDWS_1_N001,RTPD,MCL,LMP_LOSS_PRC,BAYMDWS_1_N001,ALL,1,0,3,4
2022-09-01T17:30:00-00:00,2022-09-01T17:45:00-00:00,2022-09-01,11,BAYMDWS_1_N001,BAYMDWS_1_N001,BAYMDWS_1_N001,RTPD,MCL,LMP_LOSS_PRC,BAYMDWS_1_N001,ALL,1,0,3,4
2022-09-01T18:30:00-00:00,2022-09-01T18:45:00-00:00,2022-09-01,12,BAYMDWS_1_N001,BAYMDWS_1_N001,BAYMDWS_1_N001,RTPD,MCL,LMP_LOSS_PRC,BAYMDWS_1_N001,ALL,1,0,3,4
2022-09-01T19:30:00-00:00,2022-09-01T19:45:00-00:00,2022-09-01,13,BAYMDWS_1_N001,BAYMDWS_1_N001,BAYMDWS_1_N001,RTPD,MCL,LMP_LOSS_PRC,BAYMDWS_1_N001,ALL,1,0,3,4
2022-09-01T20:30:00-00:00,2022-09-01T20:45:00-00:00,2022-09-01,14,BAYMDWS_1_N001,BAYMDWS_1_N001,BAYMDWS_1_N001,RTPD,MCL,LMP_LOSS_PRC,BAYMDWS_1_N001,ALL,1,0,3,4
2022-09-01T21:30:00-00:00,2022-09-01T21:45:00-00:00,2022-09-01,15,BAYMDWS_1_N001,BAYMDWS_1_N001,BAYMDWS_1_N001,RTPD,MCL,LMP_LOSS_PRC,BAYMDWS_1_N001,ALL,1,0,3,4
2022-09-01T22:30:00-00:00,2022-09-01T22:45:00-00:00,2022-09-01,16,BAYMDWS_1_N001,BAYMDWS_1_N001,BAYMDWS_1_N001,RTPD,MCL,LMP_LOSS_PRC,BAYMDWS_1_N001,ALL,1,0,3,4
2022-09-01T23:30:00-00:00,2022-09-01T23:45:00-00:00,2022-09-01,17,BAYMDWS_1_N001,BAYMDWS_1_N001,BAYMDWS_1_N001,RTPD,MCL,LMP_LOSS_PRC,BAYMDWS_1_N001,ALL,1,0,3,4
2022-09-02T00:30:00-00:00,2022-09-02T00:45:00-00:00,2022-09-01,18,BAYMDWS_1_N001,BAYMDWS_1_N001,BAYMDWS_1_N001,RTPD,MCL,LMP_LOSS_PRC,BAYMDWS_1_N001,ALL,1,0,3,4
2022-09-02T01:30:00-00:00,2022-09-02T01:45:00-00:00,2022-09-01,19,BAYMDWS_1_N001,BAYMDWS_1_N001,BAYMDWS_1_N001,RTPD,MCL,LMP_LOSS_PRC,BAYMDWS_1_N001,ALL,1,0,3,4
2022-09-02T02:30:00-00:00,2022-09-02T02:45:00-00:00,2022-09-01,20,BAYMDWS_1_N001,BAYMDWS_1_N001,BAYMDWS_1_N001,RTPD,MCL,LMP_LOSS_PRC,BAYMDWS_1_N001,ALL,1,0,3,4
2022-09-02T03:30:00-00:00,2022-09-02T03:45:00-00:00,2022-09-01,21,BAYMDWS_1_N001,BAYMDWS_1_N001,BAYMDWS_1_N001,RTPD,MCL,LMP_LOSS_PRC,BAYMDWS_1_N001,ALL,1,10.4133,3,4
2022-09-02T04:30:00-00:00,2022-09-02T04:45:00-00:00,2022-09-01,22,BAYMDWS_1_N001,BAYMDWS_1_N001,BAYMDWS_1_N001,RTPD,MCL,LMP_LOSS_PRC,BAYMDWS_1_N001,ALL,1,4.39048,3,4
2022-09-02T05:30:00-00:00,2022-09-02T05:45:00-00:00,2022-09-01,23,BAYMDWS_1_N001,BAYMDWS_1_N001,BAYMDWS_1_N001,RTPD,MCL,LMP_LOSS_PRC,BAYMDWS_1_N001,ALL,1,3.2398,3,4
2022-09-02T06:30:00-00:00,2022-09-02T06:45:00-00:00,2022-09-01,24,BAYMDWS_1_N001,BAYMDWS_1_N001,BAYMDWS_1_N001,RTPD,MCL,LMP_LOSS_PRC,BAYMDWS_1_N001,ALL,1,2.73453,3,4
2022-09-01T07:45:00-00:00,2022-09-01T08:00:00-00:00,2022-09-01,01,BAYMDWS_1_N001,BAYMDWS_1_N001,BAYMDWS_1_N001,RTPD,MCL,LMP_LOSS_PRC,BAYMDWS_1_N001,ALL,1,0,4,4
2022-09-01T08:45:00-00:00,2022-09-01T09:00:00-00:00,2022-09-01,02,BAYMDWS_1_N001,BAYMDWS_1_N001,BAYMDWS_1_N001,RTPD,MCL,LMP_LOSS_PRC,BAYMDWS_1_N001,ALL,1,1.47116,4,4
2022-09-01T09:45:00-00:00,2022-09-01T10:00:00-00:00,2022-09-01,03,BAYMDWS_1_N001,BAYMDWS_1_N001,BAYMDWS_1_N001,RTPD,MCL,LMP_LOSS_PRC,BAYMDWS_1_N001,ALL,1,1.21881,4,4
2022-09-01T10:45:00-00:00,2022-09-01T11:00:00-00:00,2022-09-01,04,BAYMDWS_1_N001,BAYMDWS_1_N001,BAYMDWS_1_N001,RTPD,MCL,LMP_LOSS_PRC,BAYMDWS_1_N001,ALL,1,1.65759,4,4
2022-09-01T11:45:00-00:00,2022-09-01T12:00:00-00:00,2022-09-01,05,BAYMDWS_1_N001,BAYMDWS_1_N001,BAYMDWS_1_N001,RTPD,MCL,LMP_LOSS_PRC,BAYMDWS_1_N001,ALL,1,0,4,4
2022-09-01T12:45:00-00:00,2022-09-01T13:00:00-00:00,2022-09-01,06,BAYMDWS_1_N001,BAYMDWS_1_N001,BAYMDWS_1_N001,RTPD,MCL,LMP_LOSS_PRC,BAYMDWS_1_N001,ALL,1,0,4,4
2022-09-01T13:45:00-00:00,2022-09-01T14:00:00-00:00,2022-09-01,07,BAYMDWS_1_N001,BAYMDWS_1_N001,BAYMDWS_1_N001,RTPD,MCL,LMP_LOSS_PRC,BAYMDWS_1_N001,ALL,1,0,4,4
2022-09-01T14:45:00-00:00,2022-09-01T15:00:00-00:00,2022-09-01,08,BAYMDWS_1_N001,BAYMDWS_1_N001,BAYMDWS_1_N001,RTPD,MCL,LMP_LOSS_PRC,BAYMDWS_1_N001,ALL,1,0,4,4
2022-09-01T15:45:00-00:00,2022-09-01T16:00:00-00:00,2022-09-01,09,BAYMDWS_1_N001,BAYMDWS_1_N001,BAYMDWS_1_N001,RTPD,MCL,LMP_LOSS_PRC,BAYMDWS_1_N001,ALL,1,0,4,4
2022-09-01T16:45:00-00:00,2022-09-01T17:00:00-00:00,2022-09-01,10,BAYMDWS_1_N001,BAYMDWS_1_N001,BAYMDWS_1_N001,RTPD,MCL,LMP_LOSS_PRC,BAYMDWS_1_N001,ALL,1,0,4,4
2022-09-01T17:45:00-00:00,2022-09-01T18:00:00-00:00,2022-09-01,11,BAYMDWS_1_N001,BAYMDWS_1_N001,BAYMDWS_1_N001,RTPD,MCL,LMP_LOSS_PRC,BAYMDWS_1_N001,ALL,1,0,4,4
2022-09-01T18:45:00-00:00,2022-09-01T19:00:00-00:00,2022-09-01,12,BAYMDWS_1_N001,BAYMDWS_1_N001,BAYMDWS_1_N001,RTPD,MCL,LMP_LOSS_PRC,BAYMDWS_1_N001,ALL,1,0,4,4
2022-09-01T19:45:00-00:00,2022-09-01T20:00:00-00:00,2022-09-01,13,BAYMDWS_1_N001,BAYMDWS_1_N001,BAYMDWS_1_N001,RTPD,MCL,LMP_LOSS_PRC,BAYMDWS_1_N001,ALL,1,0,4,4
2022-09-01T20:45:00-00:00,2022-09-01T21:00:00-00:00,2022-09-01,14,BAYMDWS_1_N001,BAYMDWS_1_N001,BAYMDWS_1_N001,RTPD,MCL,LMP_LOSS_PRC,BAYMDWS_1_N001,ALL,1,0,4,4
2022-09-01T21:45:00-00:00,2022-09-01T22:00:00-00:00,2022-09-01,15,BAYMDWS_1_N001,BAYMDWS_1_N001,BAYMDWS_1_N001,RTPD,MCL,LMP_LOSS_PRC,BAYMDWS_1_N001,ALL,1,0,4,4
2022-09-01T22:45:00-00:00,2022-09-01T23:00:00-00:00,2022-09-01,16,BAYMDWS_1_N001,BAYMDWS_1_N001,BAYMDWS_1_N001,RTPD,MCL,LMP_LOSS_PRC,BAYMDWS_1_N001,ALL,1,0,4,4
2022-09-01T23:45:00-00:00,2022-09-02T00:00:00-00:00,2022-09-01,17,BAYMDWS_1_N001,BAYMDWS_1_N001,BAYMDWS_1_N001,RTPD,MCL,LMP_LOSS_PRC,BAYMDWS_1_N001,ALL,1,0,4,4
2022-09-02T00:45:00-00:00,2022-09-02T01:00:00-00:00,2022-09-01,18,BAYMDWS_1_N001,BAYMDWS_1_N001,BAYMDWS_1_N001,RTPD,MCL,LMP_LOSS_PRC,BAYMDWS_1_N001,ALL,1,0,4,4
2022-09-02T01:45:00-00:00,2022-09-02T02:00:00-00:00,2022-09-01,19,BAYMDWS_1_N001,BAYMDWS_1_N001,BAYMDWS_1_N001,RTPD,MCL,LMP_LOSS_PRC,BAYMDWS_1_N001,ALL,1,0,4,4
2022-09-02T02:45:00-00:00,2022-09-02T03:00:00-00:00,2022-09-01,20,BAYMDWS_1_N001,BAYMDWS_1_N001,BAYMDWS_1_N001,RTPD,MCL,LMP_LOSS_PRC,BAYMDWS_1_N001,ALL,1,110.48833,4,4
2022-09-02T03:45:00-00:00,2022-09-02T04:00:00-00:00,2022-09-01,21,BAYMDWS_1_N001,BAYMDWS_1_N001,BAYMDWS_1_N001,RTPD,MCL,LMP_LOSS_PRC,BAYMDWS_1_N001,ALL,1,6.71812,4,4
2022-09-02T04:45:00-00:00,2022-09-02T05:00:00-00:00,2022-09-01,22,BAYMDWS_1_N001,BAYMDWS_1_N001,BAYMDWS_1_N001,RTPD,MCL,LMP_LOSS_PRC,BAYMDWS_1_N001,ALL,1,3.46065,4,4
2022-09-02T05:45:00-00:00,2022-09-02T06:00:00-00:00,2022-09-01,23,BAYMDWS_1_N001,BAYMDWS_1_N001,BAYMDWS_1_N001,RTPD,MCL,LMP_LOSS_PRC,BAYMDWS_1_N001,ALL,1,2.93954,4,4
2022-09-02T06:45:00-00:00,2022-09-02T07:00:00-00:00,2022-09-01,24,BAYMDWS_1_N001,BAYMDWS_1_N001,BAYMDWS_1_N001,RTPD,MCL,LMP_LOSS_PRC,BAYMDWS_1_N001,ALL,1,2.69732,4,4
2022-09-01T07:00:00-00:00,2022-09-01T07:15:00-00:00,2022-09-01,01,BAYMDWS_1_N001,BAYMDWS_1_N001,BAYMDWS_1_N001,RTPD,MGHG,LMP_GHG_PRC,BAYMDWS_1_N001,ALL,1,0,1,5
2022-09-01T08:00:00-00:00,2022-09-01T08:15:00-00:00,2022-09-01,02,BAYMDWS_1_N001,BAYMDWS_1_N001,BAYMDWS_1_N001,RTPD,MGHG,LMP_GHG_PRC,BAYMDWS_1_N001,ALL,1,0,1,5
2022-09-01T09:00:00-00:00,2022-09-01T09:15:00-00:00,2022-09-01,03,BAYMDWS_1_N001,BAYMDWS_1_N001,BAYMDWS_1_N001,RTPD,MGHG,LMP_GHG_PRC,BAYMDWS_1_N001,ALL,1,0,1,5
2022-09-01T10:00:00-00:00,2022-09-01T10:15:00-00:00,2022-09-01,04,BAYMDWS_1_N001,BAYMDWS_1_N001,BAYMDWS_1_N001,RTPD,MGHG,LMP_GHG_PRC,BAYMDWS_1_N001,ALL,1,0,1,5
2022-09-01T11:00:00-00:00,2022-09-01T11:15:00-00:00,2022-09-01,05,BAYMDWS_1_N001,BAYMDWS_1_N001,BAYMDWS_1_N001,RTPD,MGHG,LMP_GHG_PRC,BAYMDWS_1_N001,ALL,1,0,1,5
2022-09-01T12:00:00-00:00,2022-09-01T12:15:00-00:00,2022-09-01,06,BAYMDWS_1_N001,BAYMDWS_1_N001,BAYMDWS_1_N001,RTPD,MGHG,LMP_GHG_PRC,BAYMDWS_1_N001,ALL,1,0,1,5
2022-09-01T13:00:00-00:00,2022-09-01T13:15:00-00:00,2022-09-01,07,BAYMDWS_1_N001,BAYMDWS_1_N001,BAYMDWS_1_N001,RTPD,MGHG,LMP_GHG_PRC,BAYMDWS_1_N001,ALL,1,0,1,5
2022-09-01T14:00:00-00:00,2022-09-01T14:15:00-00:00,2022-09-01,08,BAYMDWS_1_N001,BAYMDWS_1_N001,BAYMDWS_1_N001,RTPD,MGHG,LMP_GHG_PRC,BAYMDWS_1_N001,ALL,1,0,1,5
2022-09-01T15:00:00-00:00,2022-09-01T15:15:00-00:00,2022-09-01,09,BAYMDWS_1_N001,BAYMDWS_1_N001,BAYMDWS_1_N001,RTPD,MGHG,LMP_GHG_PRC,BAYMDWS_1_N001,ALL,1,0,1,5
2022-09-01T16:00:00-00:00,2022-09-01T16:15:00-00:00,2022-09-01,10,BAYMDWS_1_N001,BAYMDWS_1_N001,BAYMDWS_1_N001,RTPD,MGHG,LMP_GHG_PRC,BAYMDWS_1_N001,ALL,1,0,1,5
2022-09-01T17:00:00-00:00,2022-09-01T17:15:00-00:00,2022-09-01,11,BAYMDWS_1_N001,BAYMDWS_1_N001,BAYMDWS_1_N001,RTPD,MGHG,LMP_GHG_PRC,BAYMDWS_1_N001,ALL,1,0,1,5
2022-09-01T18:00:00-00:00,2022-09-01T18:15:00-00:00,2022-09-01,12,BAYMDWS_1_N001,BAYMDWS_1_N001,BAYMDWS_1_N001,RTPD,MGHG,LMP_GHG_PRC,BAYMDWS_1_N001,ALL,1,0,1,5
2022-09-01T19:00:00-00:00,2022-09-01T19:15:00-00:00,2022-09-01,13,BAYMDWS_1_N001,BAYMDWS_1_N001,BAYMDWS_1_N001,RTPD,MGHG,LMP_GHG_PRC,BAYMDWS_1_N001,ALL,1,0,1,5
2022-09-01T20:00:00-00:00,2022-09-01T20:15:00-00:00,2022-09-01,14,BAYMDWS_1_N001,BAYMDWS_1_N001,BAYMDWS_1_N001,RTPD,MGHG,LMP_GHG_PRC,BAYMDWS_1_N001,ALL,1,0,1,5
2022-09-01T21:00:00-00:00,2022-09-01T21:15:00-00:00,2022-09-01,15,BAYMDWS_1_N001,BAYMDWS_1_N001,BAYMDWS_1_N001,RTPD,MGHG,LMP_GHG_PRC,BAYMDWS_1_N001,ALL,1,0,1,5
2022-09-01T22:00:00-00:00,2022-09-01T22:15:00-00:00,2022-09-01,16,BAYMDWS_1_N001,BAYMDWS_1_N001,BAYMDWS_1_N001,RTPD,MGHG,LMP_GHG_PRC,BAYMDWS_1_N001,ALL,1,0,1,5
2022-09-01T23:00:00-00:00,2022-09-01T23:15:00-00:00,2022-09-01,17,BAYMDWS_1_N001,BAYMDWS_1_N001,BAYMDWS_1_N001,RTPD,MGHG,LMP_GHG_PRC,BAYMDWS_1_N001,ALL,1,0,1,5
2022-09-02T00:00:00-00:00,2022-09-02T00:15:00-00:00,2022-09-01,18,BAYMDWS_1_N001,BAYMDWS_1_N001,BAYMDWS_1_N001,RTPD,MGHG,LMP_GHG_PRC,BAYMDWS_1_N001,ALL,1,0,1,5
2022-09-02T01:00:00-00:00,2022-09-02T01:15:00-00:00,2022-09-01,19,BAYMDWS_1_N001,BAYMDWS_1_N001,BAYMDWS_1_N001,RTPD,MGHG,LMP_GHG_PRC,BAYMDWS_1_N001,ALL,1,0,1,5
2022-09-02T02:00:00-00:00,2022-09-02T02:15:00-00:00,2022-09-01,20,BAYMDWS_1_N001,BAYMDWS_1_N001,BAYMDWS_1_N001,RTPD,MGHG,LMP_GHG_PRC,BAYMDWS_1_N001,ALL,1,0,1,5
2022-09-02T03:00:00-00:00,2022-09-02T03:15:00-00:00,2022-09-01,21,BAYMDWS_1_N001,BAYMDWS_1_N001,BAYMDWS_1_N001,RTPD,MGHG,LMP_GHG_PRC,BAYMDWS_1_N001,ALL,1,0,1,5
2022-09-02T04:00:00-00:00,2022-09-02T04:15:00-00:00,2022-09-01,22,BAYMDWS_1_N001,BAYMDWS_1_N001,BAYMDWS_1_N001,RTPD,MGHG,LMP_GHG_PRC,BAYMDWS_1_N001,ALL,1,0,1,5
2022-09-02T05:00:00-00:00,2022-09-02T05:15:00-00:00,2022-09-01,23,BAYMDWS_1_N001,BAYMDWS_1_N001,BAYMDWS_1_N001,RTPD,MGHG,LMP_GHG_PRC,BAYMDWS_1_N001,ALL,1,0,1,5
2022-09-02T06:00:00-00:00,2022-09-02T06:15:00-00:00,2022-09-01,24,BAYMDWS_1_N001,BAYMDWS_1_N001,BAYMDWS_1_N001,RTPD,MGHG,LMP_GHG_PRC,BAYMDWS_1_N001,ALL,1,0,1,5
2022-09-01T07:15:00-00:00,2022-09-01T07:30:00-00:00,2022-09-01,01,BAYMDWS_1_N001,BAYMDWS_1_N001,BAYMDWS_1_N001,RTPD,MGHG,LMP_GHG_PRC,BAYMDWS_1_N001,ALL,1,0,2,5
2022-09-01T08:15:00-00:00,2022-09-01T08:30:00-00:00,2022-09-01,02,BAYMDWS_1_N001,BAYMDWS_1_N001,BAYMDWS_1_N001,RTPD,MGHG,LMP_GHG_PRC,BAYMDWS_1_N001,ALL,1,0,2,5
2022-09-01T09:15:00-00:00,2022-09-01T09:30:00-00:00,2022-09-01,03,BAYMDWS_1_N001,BAYMDWS_1_N001,BAYMDWS_1_N001,RTPD,MGHG,LMP_GHG_PRC,BAYMDWS_1_N001,ALL,1,0,2,5
2022-09-01T10:15:00-00:00,2022-09-01T10:30:00-00:00,2022-09-01,04,BAYMDWS_1_N001,BAYMDWS_1_N001,BAYMDWS_1_N001,RTPD,MGHG,LMP_GHG_PRC,BAYMDWS_1_N001,ALL,1,0,2,5
2022-09-01T11:15:00-00:00,2022-09-01T11:30:00-00:00,2022-09-01,05,BAYMDWS_1_N001,BAYMDWS_1_N001,BAYMDWS_1_N001,RTPD,MGHG,LMP_GHG_PRC,BAYMDWS_1_N001,ALL,1,0,2,5
2022-09-01T12:15:00-00:00,2022-09-01T12:30:00-00:00,2022-09-01,06,BAYMDWS_1_N001,BAYMDWS_1_N001,BAYMDWS_1_N001,RTPD,MGHG,LMP_GHG_PRC,BAYMDWS_1_N001,ALL,1,0,2,5
2022-09-01T13:15:00-00:00,2022-09-01T13:30:00-00:00,2022-09-01,07,BAYMDWS_1_N001,BAYMDWS_1_N001,BAYMDWS_1_N001,RTPD,MGHG,LMP_GHG_PRC,BAYMDWS_1_N001,ALL,1,0,2,5
2022-09-01T14:15:00-00:00,2022-09-01T14:30:00-00:00,2022-09-01,08,BAYMDWS_1_N001,BAYMDWS_1_N001,BAYMDWS_1_N001,RTPD,MGHG,LMP_GHG_PRC,BAYMDWS_1_N001,ALL,1,0,2,5
2022-09-01T15:15:00-00:00,2022-09-01T15:30:00-00:00,2022-09-01,09,BAYMDWS_1_N001,BAYMDWS_1_N001,BAYMDWS_1_N001,RTPD,MGHG,LMP_GHG_PRC,BAYMDWS_1_N001,ALL,1,0,2,5
2022-09-01T16:15:00-00:00,2022-09-01T16:30:00-00:00,2022-09-01,10,BAYMDWS_1_N001,BAYMDWS_1_N001,BAYMDWS_1_N001,RTPD,MGHG,LMP_GHG_PRC,BAYMDWS_1_N001,ALL,1,0,2,5
2022-09-01T17:15:00-00:00,2022-09-01T17:30:00-00:00,2022-09-01,11,BAYMDWS_1_N001,BAYMDWS_1_N001,BAYMDWS_1_N001,RTPD,MGHG,LMP_GHG_PRC,BAYMDWS_1_N001,ALL,1,0,2,5
2022-09-01T18:15:00-00:00,2022-09-01T18:30:00-00:00,2022-09-01,12,BAYMDWS_1_N001,BAYMDWS_1_N001,BAYMDWS_1_N001,RTPD,MGHG,LMP_GHG_PRC,BAYMDWS_1_N001,ALL,1,0,2,5
2022-09-01T19:15:00-00:00,2022-09-01T19:30:00-00:00,2022-09-01,13,BAYMDWS_1_N001,BAYMDWS_1_N001,BAYMDWS_1_N001,RTPD,MGHG,LMP_GHG_PRC,BAYMDWS_1_N001,ALL,1,0,2,5
2022-09-01T20:15:00-00:00,2022-09-01T20:30:00-00:00,2022-09-01,14,BAYMDWS_1_N001,BAYMDWS_1_N001,BAYMDWS_1_N001,RTPD,MGHG,LMP_GHG_PRC,BAYMDWS_1_N001,ALL,1,0,2,5
2022-09-01T21:15:00-00:00,2022-09-01T21:30:00-00:00,2022-09-01,15,BAYMDWS_1_N001,BAYMDWS_1_N001,BAYMDWS_1_N001,RTPD,MGHG,LMP_GHG_PRC,BAYMDWS_1_N001,ALL,1,0,2,5
2022-09-01T22:15:00-00:00,2022-09-01T22:30:00-00:00,2022-09-01,16,BAYMDWS_1_N001,BAYMDWS_1_N001,BAYMDWS_1_N001,RTPD,MGHG,LMP_GHG_PRC,BAYMDWS_1_N001,ALL,1,0,2,5
2022-09-01T23:15:00-00:00,2022-09-01T23:30:00-00:00,2022-09-01,17,BAYMDWS_1_N001,BAYMDWS_1_N001,BAYMDWS_1_N001,RTPD,MGHG,LMP_GHG_PRC,BAYMDWS_1_N001,ALL,1,0,2,5
2022-09-02T00:15:00-00:00,2022-09-02T00:30:00-00:00,2022-09-01,18,BAYMDWS_1_N001,BAYMDWS_1_N001,BAYMDWS_1_N001,RTPD,MGHG,LMP_GHG_PRC,BAYMDWS_1_N001,ALL,1,0,2,5
2022-09-02T01:15:00-00:00,2022-09-02T01:30:00-00:00,2022-09-01,19,BAYMDWS_1_N001,BAYMDWS_1_N001,BAYMDWS_1_N001,RTPD,MGHG,LMP_GHG_PRC,BAYMDWS_1_N001,ALL,1,0,2,5
2022-09-02T02:15:00-00:00,2022-09-02T02:30:00-00:00,2022-09-01,20,BAYMDWS_1_N001,BAYMDWS_1_N001,BAYMDWS_1_N001,RTPD,MGHG,LMP_GHG_PRC,BAYMDWS_1_N001,ALL,1,0,2,5
2022-09-02T03:15:00-00:00,2022-09-02T03:30:00-00:00,2022-09-01,21,BAYMDWS_1_N001,BAYMDWS_1_N001,BAYMDWS_1_N001,RTPD,MGHG,LMP_GHG_PRC,BAYMDWS_1_N001,ALL,1,0,2,5
2022-09-02T04:15:00-00:00,2022-09-02T04:30:00-00:00,2022-09-01,22,BAYMDWS_1_N001,BAYMDWS_1_N001,BAYMDWS_1_N001,RTPD,MGHG,LMP_GHG_PRC,BAYMDWS_1_N001,ALL,1,0,2,5
2022-09-02T05:15:00-00:00,2022-09-02T05:30:00-00:00,2022-09-01,23,BAYMDWS_1_N001,BAYMDWS_1_N001,BAYMDWS_1_N001,RTPD,MGHG,LMP_GHG_PRC,BAYMDWS_1_N001,ALL,1,0,2,5
2022-09-02T06:15:00-00:00,2022-09-02T06:30:00-00:00,2022-09-01,24,BAYMDWS_1_N001,BAYMDWS_1_N001,BAYMDWS_1_N001,RTPD,MGHG,LMP_GHG_PRC,BAYMDWS_1_N001,ALL,1,0,2,5
2022-09-01T07:30:00-00:00,2022-09-01T07:45:00-00:00,2022-09-01,01,BAYMDWS_1_N001,BAYMDWS_1_N001,BAYMDWS_1_N001,RTPD,MGHG,LMP_GHG_PRC,BAYMDWS_1_N001,ALL,1,0,3,5
2022-09-01T08:30:00-00:00,2022-09-01T08:45:00-00:00,2022-09-01,02,BAYMDWS_1_N001,BAYMDWS_1_N001,BAYMDWS_1_N001,RTPD,MGHG,LMP_GHG_PRC,BAYMDWS_1_N001,ALL,1,0,3,5
2022-09-01T09:30:00-00:00,2022-09-01T09:45:00-00:00,2022-09-01,03,BAYMDWS_1_N001,BAYMDWS_1_N001,BAYMDWS_1_N001,RTPD,MGHG,LMP_GHG_PRC,BAYMDWS_1_N001,ALL,1,0,3,5
2022-09-01T10:30:00-00:00,2022-09-01T10:45:00-00:00,2022-09-01,04,BAYMDWS_1_N001,BAYMDWS_1_N001,BAYMDWS_1_N001,RTPD,MGHG,LMP_GHG_PRC,BAYMDWS_1_N001,ALL,1,0,3,5
2022-09-01T11:30:00-00:00,2022-09-01T11:45:00-00:00,2022-09-01,05,BAYMDWS_1_N001,BAYMDWS_1_N001,BAYMDWS_1_N001,RTPD,MGHG,LMP_GHG_PRC,BAYMDWS_1_N001,ALL,1,0,3,5
2022-09-01T12:30:00-00:00,2022-09-01T12:45:00-00:00,2022-09-01,06,BAYMDWS_1_N001,BAYMDWS_1_N001,BAYMDWS_1_N001,RTPD,MGHG,LMP_GHG_PRC,BAYMDWS_1_N001,ALL,1,0,3,5
2022-09-01T13:30:00-00:00,2022-09-01T13:45:00-00:00,2022-09-01,07,BAYMDWS_1_N001,BAYMDWS_1_N001,BAYMDWS_1_N001,RTPD,MGHG,LMP_GHG_PRC,BAYMDWS_1_N001,ALL,1,0,3,5
2022-09-01T14:30:00-00:00,2022-09-01T14:45:00-00:00,2022-09-01,08,BAYMDWS_1_N001,BAYMDWS_1_N001,BAYMDWS_1_N001,RTPD,MGHG,LMP_GHG_PRC,BAYMDWS_1_N001,ALL,1,0,3,5
2022-09-01T15:30:00-00:00,2022-09-01T15:45:00-00:00,2022-09-01,09,BAYMDWS_1_N001,BAYMDWS_1_N001,BAYMDWS_1_N001,RTPD,MGHG,LMP_GHG_PRC,BAYMDWS_1_N001,ALL,1,0,3,5
2022-09-01T16:30:00-00:00,2022-09-01T16:45:00-00:00,2022-09-01,10,BAYMDWS_1_N001,BAYMDWS_1_N001,BAYMDWS_1_N001,RTPD,MGHG,LMP_GHG_PRC,BAYMDWS_1_N001,ALL,1,0,3,5
2022-09-01T17:30:00-00:00,2022-09-01T17:45:00-00:00,2022-09-01,11,BAYMDWS_1_N001,BAYMDWS_1_N001,BAYMDWS_1_N001,RTPD,MGHG,LMP_GHG_PRC,BAYMDWS_1_N001,ALL,1,0,3,5
2022-09-01T18:30:00-00:00,2022-09-01T18:45:00-00:00,2022-09-01,12,BAYMDWS_1_N001,BAYMDWS_1_N001,BAYMDWS_1_N001,RTPD,MGHG,LMP_GHG_PRC,BAYMDWS_1_N001,ALL,1,0,3,5
2022-09-01T19:30:00-00:00,2022-09-01T19:45:00-00:00,2022-09-01,13,BAYMDWS_1_N001,BAYMDWS_1_N001,BAYMDWS_1_N001,RTPD,MGHG,LMP_GHG_PRC,BAYMDWS_1_N001,ALL,1,0,3,5
2022-09-01T20:30:00-00:00,2022-09-01T20:45:00-00:00,2022-09-01,14,BAYMDWS_1_N001,BAYMDWS_1_N001,BAYMDWS_1_N001,RTPD,MGHG,LMP_GHG_PRC,BAYMDWS_1_N001,ALL,1,0,3,5
2022-09-01T21:30:00-00:00,2022-09-01T21:45:00-00:00,2022-09-01,15,BAYMDWS_1_N001,BAYMDWS_1_N001,BAYMDWS_1_N001,RTPD,MGHG,LMP_GHG_PRC,BAYMDWS_1_N001,ALL,1,0,3,5
2022-09-01T22:30:00-00:00,2022-09-01T22:45:00-00:00,2022-09-01,16,BAYMDWS_1_N001,BAYMDWS_1_N001,BAYMDWS_1_N001,RTPD,MGHG,LMP_GHG_PRC,BAYMDWS_1_N001,ALL,1,0,3,5
2022-09-01T23:30:00-00:00,2022-09-01T23:45:00-00:00,2022-09-01,17,BAYMDWS_1_N001,BAYMDWS_1_N001,BAYMDWS_1_N001,RTPD,MGHG,LMP_GHG_PRC,BAYMDWS_1_N001,ALL,1,0,3,5
2022-09-02T00:30:00-00:00,2022-09-02T00:45:00-00:00,2022-09-01,18,BAYMDWS_1_N001,BAYMDWS_1_N001,BAYMDWS_1_N001,RTPD,MGHG,LMP_GHG_PRC,BAYMDWS_1_N001,ALL,1,0,3,5
2022-09-02T01:30:00-00:00,2022-09-02T01:45:00-00:00,2022-09-01,19,BAYMDWS_1_N001,BAYMDWS_1_N001,BAYMDWS_1_N001,RTPD,MGHG,LMP_GHG_PRC,BAYMDWS_1_N001,ALL,1,0,3,5
2022-09-02T02:30:00-00:00,2022-09-02T02:45:00-00:00,2022-09-01,20,BAYMDWS_1_N001,BAYMDWS_1_N001,BAYMDWS_1_N001,RTPD,MGHG,LMP_GHG_PRC,BAYMDWS_1_N001,ALL,1,0,3,5
2022-09-02T03:30:00-00:00,2022-09-02T03:45:00-00:00,2022-09-01,21,BAYMDWS_1_N001,BAYMDWS_1_N001,BAYMDWS_1_N001,RTPD,MGHG,LMP_GHG_PRC,BAYMDWS_1_N001,ALL,1,0,3,5
2022-09-02T04:30:00-00:00,2022-09-02T04:45:00-00:00,2022-09-01,22,BAYMDWS_1_N001,BAYMDWS_1_N001,BAYMDWS_1_N001,RTPD,MGHG,LMP_GHG_PRC,BAYMDWS_1_N001,ALL,1,0,3,5
2022-09-02T05:30:00-00:00,2022-09-02T05:45:00-00:00,2022-09-01,23,BAYMDWS_1_N001,BAYMDWS_1_N001,BAYMDWS_1_N001,RTPD,MGHG,LMP_GHG_PRC,BAYMDWS_1_N001,ALL,1,0,3,5
2022-09-02T06:30:00-00:00,2022-09-02T06:45:00-00:00,2022-09-01,24,BAYMDWS_1_N001,BAYMDWS_1_N001,BAYMDWS_1_N001,RTPD,MGHG,LMP_GHG_PRC,BAYMDWS_1_N001,ALL,1,0,3,5
2022-09-01T07:45:00-00:00,2022-09-01T08:00:00-00:00,2022-09-01,01,BAYMDWS_1_N001,BAYMDWS_1_N001,BAYMDWS_1_N001,RTPD,MGHG,LMP_GHG_PRC,BAYMDWS_1_N001,ALL,1,0,4,5
2022-09-01T08:45:00-00:00,2022-09-01T09:00:00-00:00,2022-09-01,02,BAYMDWS_1_N001,BAYMDWS_1_N001,BAYMDWS_1_N001,RTPD,MGHG,LMP_GHG_PRC,BAYMDWS_1_N001,ALL,1,0,4,5
2022-09-01T09:45:00-00:00,2022-09-01T10:00:00-00:00,2022-09-01,03,BAYMDWS_1_N001,BAYMDWS_1_N001,BAYMDWS_1_N001,RTPD,MGHG,LMP_GHG_PRC,BAYMDWS_1_N001,ALL,1,0,4,5
2022-09-01T10:45:00-00:00,2022-09-01T11:00:00-00:00,2022-09-01,04,BAYMDWS_1_N001,BAYMDWS_1_N001,BAYMDWS_1_N001,RTPD,MGHG,LMP_GHG_PRC,BAYMDWS_1_N001,ALL,1,0,4,5
2022-09-01T11:45:00-00:00,2022-09-01T12:00:00-00:00,2022-09-01,05,BAYMDWS_1_N001,BAYMDWS_1_N001,BAYMDWS_1_N001,RTPD,MGHG,LMP_GHG_PRC,BAYMDWS_1_N001,ALL,1,0,4,5
2022-09-01T12:45:00-00:00,2022-09-01T13:00:00-00:00,2022-09-01,06,BAYMDWS_1_N001,BAYMDWS_1_N001,BAYMDWS_1_N001,RTPD,MGHG,LMP_GHG_PRC,BAYMDWS_1_N001,ALL,1,0,4,5
2022-09-01T13:45:00-00:00,2022-09-01T14:00:00-00:00,2022-09-01,07,BAYMDWS_1_N001,BAYMDWS_1_N001,BAYMDWS_1_N001,RTPD,MGHG,LMP_GHG_PRC,BAYMDWS_1_N001,ALL,1,0,4,5
2022-09-01T14:45:00-00:00,2022-09-01T15:00:00-00:00,2022-09-01,08,BAYMDWS_1_N001,BAYMDWS_1_N001,BAYMDWS_1_N001,RTPD,MGHG,LMP_GHG_PRC,BAYMDWS_1_N001,ALL,1,0,4,5
2022-09-01T15:45:00-00:00,2022-09-01T16:00:00-00:00,2022-09-01,09,BAYMDWS_1_N001,BAYMDWS_1_N001,BAYMDWS_1_N001,RTPD,MGHG,LMP_GHG_PRC,BAYMDWS_1_N001,ALL,1,0,4,5
2022-09-01T16:45:00-00:00,2022-09-01T17:00:00-00:00,2022-09-01,10,BAYMDWS_1_N001,BAYMDWS_1_N001,BAYMDWS_1_N001,RTPD,MGHG,LMP_GHG_PRC,BAYMDWS_1_N001,ALL,1,0,4,5
2022-09-01T17:45:00-00:00,2022-09-01T18:00:00-00:00,2022-09-01,11,BAYMDWS_1_N001,BAYMDWS_1_N001,BAYMDWS_1_N001,RTPD,MGHG,LMP_GHG_PRC,BAYMDWS_1_N001,ALL,1,0,4,5
2022-09-01T18:45:00-00:00,2022-09-01T19:00:00-00:00,2022-09-01,12,BAYMDWS_1_N001,BAYMDWS_1_N001,BAYMDWS_1_N001,RTPD,MGHG,LMP_GHG_PRC,BAYMDWS_1_N001,ALL,1,0,4,5
2022-09-01T19:45:00-00:00,2022-09-01T20:00:00-00:00,2022-09-01,13,BAYMDWS_1_N001,BAYMDWS_1_N001,BAYMDWS_1_N001,RTPD,MGHG,LMP_GHG_PRC,BAYMDWS_1_N001,ALL,1,0,4,5
2022-09-01T20:45:00-00:00,2022-09-01T21:00:00-00:00,2022-09-01,14,BAYMDWS_1_N001,BAYMDWS_1_N001,BAYMDWS_1_N001,RTPD,MGHG,LMP_GHG_PRC,BAYMDWS_1_N001,ALL,1,0,4,5
2022-09-01T21:45:00-00:00,2022-09-01T22:00:00-00:00,2022-09-01,15,BAYMDWS_1_N001,BAYMDWS_1_N001,BAYMDWS_1_N001,RTPD,MGHG,LMP_GHG_PRC,BAYMDWS_1_N001,ALL,1,0,4,5
2022-09-01T22:45:00-00:00,2022-09-01T23:00:00-00:00,2022-09-01,16,BAYMDWS_1_N001,BAYMDWS_1_N001,BAYMDWS_1_N001,RTPD,MGHG,LMP_GHG_PRC,BAYMDWS_1_N001,ALL,1,0,4,5
2022-09-01T23:45:00-00:00,2022-09-02T00:00:00-00:00,2022-09-01,17,BAYMDWS_1_N001,BAYMDWS_1_N001,BAYMDWS_1_N001,RTPD,MGHG,LMP_GHG_PRC,BAYMDWS_1_N001,ALL,1,0,4,5
2022-09-02T00:45:00-00:00,2022-09-02T01:00:00-00:00,2022-09-01,18,BAYMDWS_1_N001,BAYMDWS_1_N001,BAYMDWS_1_N001,RTPD,MGHG,LMP_GHG_PRC,BAYMDWS_1_N001,ALL,1,0,4,5
2022-09-02T01:45:00-00:00,2022-09-02T02:00:00-00:00,2022-09-01,19,BAYMDWS_1_N001,BAYMDWS_1_N001,BAYMDWS_1_N001,RTPD,MGHG,LMP_GHG_PRC,BAYMDWS_1_N001,ALL,1,0,4,5
2022-09-02T02:45:00-00:00,2022-09-02T03:00:00-00:00,2022-09-01,20,BAYMDWS_1_N001,BAYMDWS_1_N001,BAYMDWS_1_N001,RTPD,MGHG,LMP_GHG_PRC,BAYMDWS_1_N001,ALL,1,0,4,5
2022-09-02T03:45:00-00:00,2022-09-02T04:00:00-00:00,2022-09-01,21,BAYMDWS_1_N001,BAYMDWS_1_N001,BAYMDWS_1_N001,RTPD,MGHG,LMP_GHG_PRC,BAYMDWS_1_N001,ALL,1,0,4,5
2022-09-02T04:45:00-00:00,2022-09-02T05:00:00-00:00,2022-09-01,22,BAYMDWS_1_N001,BAYMDWS_1_N001,BAYMDWS_1_N001,RTPD,MGHG,LMP_GHG_PRC,BAYMDWS_1_N001,ALL,1,0,4,5
2022-09-02T05:45:00-00:00,2022-09-02T06:00:00-00:00,2022-09-01,23,BAYMDWS_1_N001,BAYMDWS_1_N001,BAYMDWS_1_N001,RTPD,MGHG,LMP_GHG_PRC,BAYMDWS_1_N001,ALL,1,0,4,5
2022-09-02T06:45:00-00:00,2022-09-02T07:00:00-00:00,2022-09-01,24,BAYMDWS_1_N001,BAYMDWS_1_N001,BAYMDWS_1_N001,RTPD,MGHG,LMP_GHG_PRC,BAYMDWS_1_N001,ALL,1,0,4,5
