INTERVALSTARTTIME_GMT,INTERVALENDTIME_GMT,OPR_DT,OPR_HR,NODE_ID_XML,NODE_ID,NODE,MARKET_RUN_ID,LMP_TYPE,XML_DATA_ITEM,PNODE_RESMRID,GRP_TYPE,POS,PRC,OPR_INTERVAL,GROUP
2022-09-01T07:00:00-00:00,2022-09-01T07:15:00-00:00,2022-09-01,01,BELDEN_7_B1,BELDEN_7_B1,BELDEN_7_B1,RTPD,LMP,LMP_PRC,BELDEN_7_B1,ALL,1,80.89472,1,1
2022-09-01T08:00:00-00:00,2022-09-01T08:15:00-00:00,2022-09-01,02,BELDEN_7_B1,BELDEN_7_B1,BELDEN_7_B1,RTPD,LMP,LMP_PRC,BELDEN_7_B1,ALL,1,112.36711,1,1
2022-09-01T09:00:00-00:00,2022-09-01T09:15:00-00:00,2022-09-01,03,BELDEN_7_B1,BELDEN_7_B1,BELDEN_7_B1,RTPD,LMP,LMP_PRC,BELDEN_7_B1,ALL,1,95.95619,1,1
2022-09-01T10:00:00-00:00,2022-09-01T10:15:00-00:00,2022-09-01,04,BELDEN_7_B1,BELDEN_7_B1,BELDEN_7_B1,RTPD,LMP,LMP_PRC,BELDEN_7_B1,ALL,1,95.44068,1,1
2022-09-01T11:00:00-00:00,2022-09-01T11:15:00-00:00,2022-09-01,05,BELDEN_7_B1,BELDEN_7_B1,BELDEN_7_B1,RTPD,LMP,LMP_PRC,BELDEN_7_B1,ALL,1,102.56859,1,1
2022-09-01T12:00:00-00:00,2022-09-01T12:15:00-00:00,2022-09-01,06,BELDEN_7_B1,BELDEN_7_B1,BELDEN_7_B1,RTPD,LMP,LMP_PRC,BELDEN_7_B1,ALL,1,85.64223,1,1
2022-09-01T13:00:00-00:00,2022-09-01T13:15:00-00:00,2022-09-01,07,BELDEN_7_B1,BELDEN_7_B1,BELDEN_7_B1,RTPD,LMP,LMP_PRC,BELDEN_7_B1,ALL,1,89.27504,1,1
2022-09-01T14:00:00-00:00,2022-09-01T14:15:00-00:00,2022-09-01,08,BELDEN_7_B1,BELDEN_7_B1,BELDEN_7_B1,RTPD,LMP,LMP_PRC,BELDEN_7_B1,ALL,1,112.2122,1,1
2022-09-01T15:00:00-00:00,2022-09-01T15:15:00-00:00,2022-09-01,09,BELDEN_7_B1,BELDEN_7_B1,BELDEN_7_B1,RTPD,LMP,LMP_PRC,BELDEN_7_B1,ALL,1,97.4112,1,1
2022-09-01T16:00:00-00:00,2022-09-01T16:15:00-00:00,2022-09-01,10,BELDEN_7_B1,BELDEN_7_B1,BELDEN_7_B1,RTPD,LMP,LMP_PRC,BELDEN_7_B1,ALL,1,64.80642,1,1
2022-09-01T17:00:00-00:00,2022-09-01T17:15:00-00:00,2022-09-01,11,BELDEN_7_B1,BELDEN_7_B1,BELDEN_7_B1,RTPD,LMP,LMP_PRC,BELDEN_7_B1,ALL,1,78.40708,1,1
2022-09-01T18:00:00-00:00,2022-09-01T18:15:00-00:00,2022-09-01,12,BELDEN_7_B1,BELDEN_7_B1,BELDEN_7_B1,RTPD,LMP,LMP_PRC,BELDEN_7_B1,ALL,1,57.30277,1,1
2022-09-01T19:00:00-00:00,2022-09-01T19:15:00-00:00,2022-09-01,13,BELDEN_7_B1,BELDEN_7_B1,BELDEN_7_B1,RTPD,LMP,LMP_PRC,BELDEN_7_B1,ALL,1,74.85149,1,1
2022-09-01T20:00:00-00:00,2022-09-01T20:15:00-00:00,2022-09-01,14,BELDEN_7_B1,BELDEN_7_B1,BELDEN_7_B1,RTPD,LMP,LMP_PRC,BELDEN_7_B1,ALL,1,114.56686,1,1
2022-09-01T21:00:00-00:00,2022-09-01T21:15:00-00:00,2022-09-01,15,BELDEN_7_B1,BELDEN_7_B1,BELDEN_7_B1,RTPD,LMP,LMP_PRC,BELDEN_7_B1,ALL,1,131.16782,1,1
2022-09-01T22:00:00-00:00,2022-09-01T22:15:00-00:00,2022-09-01,16,BELDEN_7_B1,BELDEN_7_B1,BELDEN_7_B1,RTPD,LMP,LMP_PRC,BELDEN_7_B1,ALL,1,125.84146,1,1
2022-09-01T23:00:00-00:00,2022-09-01T23:15:00-00:00,2022-09-01,17,BELDEN_7_B1,BELDEN_7_B1,BELDEN_7_B1,RTPD,LMP,LMP_PRC,BELDEN_7_B1,ALL,1,-151.04424,1,1
2022-09-02T00:00:00-00:00,2022-09-02T00:15:00-00:00,2022-09-01,18,BELDEN_7_B1,BELDEN_7_B1,BELDEN_7_B1,RTPD,LMP,LMP_PRC,BELDEN_7_B1,ALL,1,1088.0227,1,1
2022-09-02T01:00:00-00:00,2022-09-02T01:15:00-00:00,2022-09-01,19,BELDEN_7_B1,BELDEN_7_B1,BELDEN_7_B1,RTPD,LMP,LMP_PRC,BELDEN_7_B1,ALL,1,1302.7179,1,1
2022-09-02T02:00:00-00:00,2022-09-02T02:15:00-00:00,2022-09-01,20,BELDEN_7_B1,BELDEN_7_B1,BELDEN_7_B1,RTPD,LMP,LMP_PRC,BELDEN_7_B1,ALL,1,1991.6721,1,1
2022-09-02T03:00:00-00:00,2022-09-02T03:15:00-00:00,2022-09-01,21,BELDEN_7_B1,BELDEN_7_B1,BELDEN_7_B1,RTPD,LMP,LMP_PRC,BELDEN_7_B1,ALL,1,1345.4978,1,1
2022-09-02T04:00:00-00:00,2022-09-02T04:15:00-00:00,2022-09-01,22,BELDEN_7_B1,BELDEN_7_B1,BELDEN_7_B1,RTPD,LMP,LMP_PRC,BELDEN_7_B1,ALL,1,243.23686,1,1
2022-09-02T05:00:00-00:00,2022-09-02T05:15:00-00:00,2022-09-01,23,BELDEN_7_B1,BELDEN_7_B1,BELDEN_7_B1,RTPD,LMP,LMP_PRC,BELDEN_7_B1,ALL,1,173.47952,1,1
2022-09-02T06:00:00-00:00,2022-09-02T06:15:00-00:00,2022-09-01,24,BELDEN_7_B1,BELDEN_7_B1,BELDEN_7_B1,RTPD,LMP,LMP_PRC,BELDEN_7_B1,ALL,1,159.96318,1,1
2022-09-01T07:15:00-00:00,2022-09-01T07:30:00-00:00,2022-09-01,01,BELDEN_7_B1,BELDEN_7_B1,BELDEN_7_B1,RTPD,LMP,LMP_PRC,BELDEN_7_B1,ALL,1,116.00851,2,1
2022-09-01T08:15:00-00:00,2022-09-01T08:30:00-00:00,2022-09-01,02,BELDEN_7_B1,BELDEN_7_B1,BELDEN_7_B1,RTPD,LMP,LMP_PRC,BELDEN_7_B1,ALL,1,114.66319,2,1
2022-09-01T09:15:00-00:00,2022-09-01T09:30:00-00:00,2022-09-01,03,BELDEN_7_B1,BELDEN_7_B1,BELDEN_7_B1,RTPD,LMP,LMP_PRC,BELDEN_7_B1,ALL,1,93.32134,2,1
2022-09-01T10:15:00-00:00,2022-09-01T10:30:00-00:00,2022-09-01,04,BELDEN_7_B1,BELDEN_7_B1,BELDEN_7_B1,RTPD,LMP,LMP_PRC,BELDEN_7_B1,ALL,1,92.13229,2,1
2022-09-01T11:15:00-00:00,2022-09-01T11:30:00-00:00,2022-09-01,05,BELDEN_7_B1,BELDEN_7_B1,BELDEN_7_B1,RTPD,LMP,LMP_PRC,BELDEN_7_B1,ALL,1,103.03904,2,1
2022-09-01T12:15:00-00:00,2022-09-01T12:30:00-00:00,2022-09-01,06,BELDEN_7_B1,BELDEN_7_B1,BELDEN_7_B1,RTPD,LMP,LMP_PRC,BELDEN_7_B1,ALL,1,101.76798,2,1
2022-09-01T13:15:00-00:00,2022-09-01T13:30:00-00:00,2022-09-01,07,BELDEN_7_B1,BELDEN_7_B1,BELDEN_7_B1,RTPD,LMP,LMP_PRC,BELDEN_7_B1,ALL,1,108.21106,2,1
2022-09-01T14:15:00-00:00,2022-09-01T14:30:00-00:00,2022-09-01,08,BELDEN_7_B1,BELDEN_7_B1,BELDEN_7_B1,RTPD,LMP,LMP_PRC,BELDEN_7_B1,ALL,1,105.90866,2,1
2022-09-01T15:15:00-00:00,2022-09-01T15:30:00-00:00,2022-09-01,09,BELDEN_7_B1,BELDEN_7_B1,BELDEN_7_B1,RTPD,LMP,LMP_PRC,BELDEN_7_B1,ALL,1,86.9388,2,1
2022-09-01T16:15:00-00:00,2022-09-01T16:30:00-00:00,2022-09-01,10,BELDEN_7_B1,BELDEN_7_B1,BELDEN_7_B1,RTPD,LMP,LMP_PRC,BELDEN_7_B1,ALL,1,80.0853,2,1
2022-09-01T17:15:00-00:00,2022-09-01T17:30:00-00:00,2022-09-01,11,BELDEN_7_B1,BELDEN_7_B1,BELDEN_7_B1,RTPD,LMP,LMP_PRC,BELDEN_7_B1,ALL,1,77.28514,2,1
2022-09-01T18:15:00-00:00,2022-09-01T18:30:00-00:00,2022-09-01,12,BELDEN_7_B1,BELDEN_7_B1,BELDEN_7_B1,RTPD,LMP,LMP_PRC,BELDEN_7_B1,ALL,1,72.79979,2,1
2022-09-01T19:15:00-00:00,2022-09-01T19:30:00-00:00,2022-09-01,13,BELDEN_7_B1,BELDEN_7_B1,BELDEN_7_B1,RTPD,LMP,LMP_PRC,BELDEN_7_B1,ALL,1,77.0238,2,1
2022-09-01T20:15:00-00:00,2022-09-01T20:30:00-00:00,2022-09-01,14,BELDEN_7_B1,BELDEN_7_B1,BELDEN_7_B1,RTPD,LMP,LMP_PRC,BELDEN_7_B1,ALL,1,114.4534,2,1
2022-09-01T21:15:00-00:00,2022-09-01T21:30:00-00:00,2022-09-01,15,BELDEN_7_B1,BELDEN_7_B1,BELDEN_7_B1,RTPD,LMP,LMP_PRC,BELDEN_7_B1,ALL,1,121.4167,2,1
2022-09-01T22:15:00-00:00,2022-09-01T22:30:00-00:00,2022-09-01,16,BELDEN_7_B1,BELDEN_7_B1,BELDEN_7_B1,RTPD,LMP,LMP_PRC,BELDEN_7_B1,ALL,1,113.63954,2,1
2022-09-01T23:15:00-00:00,2022-09-01T23:30:00-00:00,2022-09-01,17,BELDEN_7_B1,BELDEN_7_B1,BELDEN_7_B1,RTPD,LMP,LMP_PRC,BELDEN_7_B1,ALL,1,-150.97774,2,1
2022-09-02T00:15:00-00:00,2022-09-02T00:30:00-00:00,2022-09-01,18,BELDEN_7_B1,BELDEN_7_B1,BELDEN_7_B1,RTPD,LMP,LMP_PRC,BELDEN_7_B1,ALL,1,1006.1274,2,1
2022-09-02T01:15:00-00:00,2022-09-02T01:30:00-00:00,2022-09-01,19,BELDEN_7_B1,BELDEN_7_B1,BELDEN_7_B1,RTPD,LMP,LMP_PRC,BELDEN_7_B1,ALL,1,1999.9933,2,1
2022-09-02T02:15:00-00:00,2022-09-02T02:30:00-00:00,2022-09-01,20,BELDEN_7_B1,BELDEN_7_B1,BELDEN_7_B1,RTPD,LMP,LMP_PRC,BELDEN_7_B1,ALL,1,1991.6721,2,1
2022-09-02T03:15:00-00:00,2022-09-02T03:30:00-00:00,2022-09-01,21,BELDEN_7_B1,BELDEN_7_B1,BELDEN_7_B1,RTPD,LMP,LMP_PRC,BELDEN_7_B1,ALL,1,542.6491,2,1
2022-09-02T04:15:00-00:00,2022-09-02T04:30:00-00:00,2022-09-01,22,BELDEN_7_B1,BELDEN_7_B1,BELDEN_7_B1,RTPD,LMP,LMP_PRC,BELDEN_7_B1,ALL,1,211.33281,2,1
2022-09-02T05:15:00-00:00,2022-09-02T05:30:00-00:00,2022-09-01,23,BELDEN_7_B1,BELDEN_7_B1,BELDEN_7_B1,RTPD,LMP,LMP_PRC,BELDEN_7_B1,ALL,1,148.05405,2,1
2022-09-02T06:15:00-00:00,2022-09-02T06:30:00-00:00,2022-09-01,24,BELDEN_7_B1,BELDEN_7_B1,BELDEN_7_B1,RTPD,LMP,LMP_PRC,BELDEN_7_B1,ALL,1,142.68552,2,1
2022-09-01T07:30:00-00:00,2022-09-01T07:45:00-00:00,2022-09-01,01,BELDEN_7_B1,BELDEN_7_B1,BELDEN_7_B1,RTPD,LMP,LMP_PRC,BELDEN_7_B1,ALL,1,103.65054,3,1
2022-09-01T08:30:00-00:00,2022-09-01T08:45:00-00:00,2022-09-01,02,BELDEN_7_B1,BELDEN_7_B1,BELDEN_7_B1,RTPD,LMP,LMP_PRC,BELDEN_7_B1,ALL,1,112.22271,3,1
2022-09-01T09:30:00-00:00,2022-09-01T09:45:00-00:00,2022-09-01,03,BELDEN_7_B1,BELDEN_7_B1,BELDEN_7_B1,RTPD,LMP,LMP_PRC,BELDEN_7_B1,ALL,1,93.04107,3,1
2022-09-01T10:30:00-00:00,2022-09-01T10:45:00-00:00,2022-09-01,04,BELDEN_7_B1,BELDEN_7_B1,BELDEN_7_B1,RTPD,LMP,LMP_PRC,BELDEN_7_B1,ALL,1,93.90553,3,1
2022-09-01T11:30:00-00:00,2022-09-01T11:45:00-00:00,2022-09-01,05,BELDEN_7_B1,BELDEN_7_B1,BELDEN_7_B1,RTPD,LMP,LMP_PRC,BELDEN_7_B1,ALL,1,102.74249,3,1
2022-09-01T12:30:00-00:00,2022-09-01T12:45:00-00:00,2022-09-01,06,BELDEN_7_B1,BELDEN_7_B1,BELDEN_7_B1,RTPD,LMP,LMP_PRC,BELDEN_7_B1,ALL,1,101.83457,3,1
2022-09-01T13:30:00-00:00,2022-09-01T13:45:00-00:00,2022-09-01,07,BELDEN_7_B1,BELDEN_7_B1,BELDEN_7_B1,RTPD,LMP,LMP_PRC,BELDEN_7_B1,ALL,1,109.52403,3,1
2022-09-01T14:30:00-00:00,2022-09-01T14:45:00-00:00,2022-09-01,08,BELDEN_7_B1,BELDEN_7_B1,BELDEN_7_B1,RTPD,LMP,LMP_PRC,BELDEN_7_B1,ALL,1,103.15813,3,1
2022-09-01T15:30:00-00:00,2022-09-01T15:45:00-00:00,2022-09-01,09,BELDEN_7_B1,BELDEN_7_B1,BELDEN_7_B1,RTPD,LMP,LMP_PRC,BELDEN_7_B1,ALL,1,86.1388,3,1
2022-09-01T16:30:00-00:00,2022-09-01T16:45:00-00:00,2022-09-01,10,BELDEN_7_B1,BELDEN_7_B1,BELDEN_7_B1,RTPD,LMP,LMP_PRC,BELDEN_7_B1,ALL,1,72.63422,3,1
2022-09-01T17:30:00-00:00,2022-09-01T17:45:00-00:00,2022-09-01,11,BELDEN_7_B1,BELDEN_7_B1,BELDEN_7_B1,RTPD,LMP,LMP_PRC,BELDEN_7_B1,ALL,1,73.82019,3,1
2022-09-01T18:30:00-00:00,2022-09-01T18:45:00-00:00,2022-09-01,12,BELDEN_7_B1,BELDEN_7_B1,BELDEN_7_B1,RTPD,LMP,LMP_PRC,BELDEN_7_B1,ALL,1,80.64308,3,1
2022-09-01T19:30:00-00:00,2022-09-01T19:45:00-00:00,2022-09-01,13,BELDEN_7_B1,BELDEN_7_B1,BELDEN_7_B1,RTPD,LMP,LMP_PRC,BELDEN_7_B1,ALL,1,71.43277,3,1
2022-09-01T20:30:00-00:00,2022-09-01T20:45:00-00:00,2022-09-01,14,BELDEN_7_B1,BELDEN_7_B1,BELDEN_7_B1,RTPD,LMP,LMP_PRC,BELDEN_7_B1,ALL,1,117.54698,3,1
2022-09-01T21:30:00-00:00,2022-09-01T21:45:00-00:00,2022-09-01,15,BELDEN_7_B1,BELDEN_7_B1,BELDEN_7_B1,RTPD,LMP,LMP_PRC,BELDEN_7_B1,ALL,1,129.23393,3,1
2022-09-01T22:30:00-00:00,2022-09-01T22:45:00-00:00,2022-09-01,16,BELDEN_7_B1,BELDEN_7_B1,BELDEN_7_B1,RTPD,LMP,LMP_PRC,BELDEN_7_B1,ALL,1,133.92519,3,1
2022-09-01T23:30:00-00:00,2022-09-01T23:45:00-00:00,2022-09-01,17,BELDEN_7_B1,BELDEN_7_B1,BELDEN_7_B1,RTPD,LMP,LMP_PRC,BELDEN_7_B1,ALL,1,-151.5295,3,1
2022-09-02T00:30:00-00:00,2022-09-02T00:45:00-00:00,2022-09-01,18,BELDEN_7_B1,BELDEN_7_B1,BELDEN_7_B1,RTPD,LMP,LMP_PRC,BELDEN_7_B1,ALL,1,1865.5741,3,1
2022-09-02T01:30:00-00:00,2022-09-02T01:45:00-00:00,2022-09-01,19,BELDEN_7_B1,BELDEN_7_B1,BELDEN_7_B1,RTPD,LMP,LMP_PRC,BELDEN_7_B1,ALL,1,1999.9956,3,1
2022-09-02T02:30:00-00:00,2022-09-02T02:45:00-00:00,2022-09-01,20,BELDEN_7_B1,BELDEN_7_B1,BELDEN_7_B1,RTPD,LMP,LMP_PRC,BELDEN_7_B1,ALL,1,1991.671,3,1
2022-09-02T03:30:00-00:00,2022-09-02T03:45:00-00:00,2022-09-01,21,BELDEN_7_B1,BELDEN_7_B1,BELDEN_7_B1,RTPD,LMP,LMP_PRC,BELDEN_7_B1,ALL,1,210.50423,3,1
2022-09-02T04:30:00-00:00,2022-09-02T04:45:00-00:00,2022-09-01,22,BELDEN_7_B1,BELDEN_7_B1,BELDEN_7_B1,RTPD,LMP,LMP_PRC,BELDEN_7_B1,ALL,1,168.1211,3,1
2022-09-02T05:30:00-00:00,2022-09-02T05:45:00-00:00,2022-09-01,23,BELDEN_7_B1,BELDEN_7_B1,BELDEN_7_B1,RTPD,LMP,LMP_PRC,BELDEN_7_B1,ALL,1,123.90258,3,1
2022-09-02T06:30:00-00:00,2022-09-02T06:45:00-00:00,2022-09-01,24,BELDEN_7_B1,BELDEN_7_B1,BELDEN_7_B1,RTPD,LMP,LMP_PRC,BELDEN_7_B1,ALL,1,129.1677,3,1
2022-09-01T07:45:00-00:00,2022-09-01T08:00:00-00:00,2022-09-01,01,BELDEN_7_B1,BELDEN_7_B1,BELDEN_7_B1,RTPD,LMP,LMP_PRC,BELDEN_7_B1,ALL,1,91.58864,4,1
2022-09-01T08:45:00-00:00,2022-09-01T09:00:00-00:00,2022-09-01,02,BELDEN_7_B1,BELDEN_7_B1,BELDEN_7_B1,RTPD,LMP,LMP_PRC,BELDEN_7_B1,ALL,1,95.31483,4,1
2022-09-01T09:45:00-00:00,2022-09-01T10:00:00-00:00,2022-09-01,03,BELDEN_7_B1,BELDEN_7_B1,BELDEN_7_B1,RTPD,LMP,LMP_PRC,BELDEN_7_B1,ALL,1,92.98298,4,1
2022-09-01T10:45:00-00:00,2022-09-01T11:00:00-00:00,2022-09-01,04,BELDEN_7_B1,BELDEN_7_B1,BELDEN_7_B1,RTPD,LMP,LMP_PRC,BELDEN_7_B1,ALL,1,94.0038,4,1
2022-09-01T11:45:00-00:00,2022-09-01T12:00:00-00:00,2022-09-01,05,BELDEN_7_B1,BELDEN_7_B1,BELDEN_7_B1,RTPD,LMP,LMP_PRC,BELDEN_7_B1,ALL,1,107.01,4,1
2022-09-01T12:45:00-00:00,2022-09-01T13:00:00-00:00,2022-09-01,06,BELDEN_7_B1,BELDEN_7_B1,BELDEN_7_B1,RTPD,LMP,LMP_PRC,BELDEN_7_B1,ALL,1,114.25648,4,1
2022-09-01T13:45:00-00:00,2022-09-01T14:00:00-00:00,2022-09-01,07,BELDEN_7_B1,BELDEN_7_B1,BELDEN_7_B1,RTPD,LMP,LMP_PRC,BELDEN_7_B1,ALL,1,111.41,4,1
2022-09-01T14:45:00-00:00,2022-09-01T15:00:00-00:00,2022-09-01,08,BELDEN_7_B1,BELDEN_7_B1,BELDEN_7_B1,RTPD,LMP,LMP_PRC,BELDEN_7_B1,ALL,1,86.1388,4,1
2022-09-01T15:45:00-00:00,2022-09-01T16:00:00-00:00,2022-09-01,09,BELDEN_7_B1,BELDEN_7_B1,BELDEN_7_B1,RTPD,LMP,LMP_PRC,BELDEN_7_B1,ALL,1,78.70076,4,1
2022-09-01T16:45:00-00:00,2022-09-01T17:00:00-00:00,2022-09-01,10,BELDEN_7_B1,BELDEN_7_B1,BELDEN_7_B1,RTPD,LMP,LMP_PRC,BELDEN_7_B1,ALL,1,76.6573,4,1
2022-09-01T17:45:00-00:00,2022-09-01T18:00:00-00:00,2022-09-01,11,BELDEN_7_B1,BELDEN_7_B1,BELDEN_7_B1,RTPD,LMP,LMP_PRC,BELDEN_7_B1,ALL,1,69.92081,4,1
2022-09-01T18:45:00-00:00,2022-09-01T19:00:00-00:00,2022-09-01,12,BELDEN_7_B1,BELDEN_7_B1,BELDEN_7_B1,RTPD,LMP,LMP_PRC,BELDEN_7_B1,ALL,1,81.39846,4,1
2022-09-01T19:45:00-00:00,2022-09-01T20:00:00-00:00,2022-09-01,13,BELDEN_7_B1,BELDEN_7_B1,BELDEN_7_B1,RTPD,LMP,LMP_PRC,BELDEN_7_B1,ALL,1,107.09434,4,1
2022-09-01T20:45:00-00:00,2022-09-01T21:00:00-00:00,2022-09-01,14,BELDEN_7_B1,BELDEN_7_B1,BELDEN_7_B1,RTPD,LMP,LMP_PRC,BELDEN_7_B1,ALL,1,126.74426,4,1
2022-09-01T21:45:00-00:00,2022-09-01T22:00:00-00:00,2022-09-01,15,BELDEN_7_B1,BELDEN_7_B1,BELDEN_7_B1,RTPD,LMP,LMP_PRC,BELDEN_7_B1,ALL,1,191.07925,4,1
2022-09-01T22:45:00-00:00,2022-09-01T23:00:00-00:00,2022-09-01,16,BELDEN_7_B1,BELDEN_7_B1,BELDEN_7_B1,RTPD,LMP,LMP_PRC,BELDEN_7_B1,ALL,1,157.7025,4,1
2022-09-01T23:45:00-00:00,2022-09-02T00:00:00-00:00,2022-09-01,17,BELDEN_7_B1,BELDEN_7_B1,BELDEN_7_B1,RTPD,LMP,LMP_PRC,BELDEN_7_B1,ALL,1,1730.2548,4,1
2022-09-02T00:45:00-00:00,2022-09-02T01:00:00-00:00,2022-09-01,18,BELDEN_7_B1,BELDEN_7_B1,BELDEN_7_B1,RTPD,LMP,LMP_PRC,BELDEN_7_B1,ALL,1,1856.9109,4,1
2022-09-02T01:45:00-00:00,2022-09-02T02:00:00-00:00,2022-09-01,19,BELDEN_7_B1,BELDEN_7_B1,BELDEN_7_B1,RTPD,LMP,LMP_PRC,BELDEN_7_B1,ALL,1,1991.9337,4,1
2022-09-02T02:45:00-00:00,2022-09-02T03:00:00-00:00,2022-09-01,20,BELDEN_7_B1,BELDEN_7_B1,BELDEN_7_B1,RTPD,LMP,LMP_PRC,BELDEN_7_B1,ALL,1,1679.2153,4,1
2022-09-02T03:45:00-00:00,2022-09-02T04:00:00-00:00,2022-09-01,21,BELDEN_7_B1,BELDEN_7_B1,BELDEN_7_B1,RTPD,LMP,LMP_PRC,BELDEN_7_B1,ALL,1,151.41798,4,1
2022-09-02T04:45:00-00:00,2022-09-02T05:00:00-00:00,2022-09-01,22,BELDEN_7_B1,BELDEN_7_B1,BELDEN_7_B1,RTPD,LMP,LMP_PRC,BELDEN_7_B1,ALL,1,124.5863,4,1
2022-09-02T05:45:00-00:00,2022-09-02T06:00:00-00:00,2022-09-01,23,BELDEN_7_B1,BELDEN_7_B1,BELDEN_7_B1,RTPD,LMP,LMP_PRC,BELDEN_7_B1,ALL,1,107.82764,4,1
2022-09-02T06:45:00-00:00,2022-09-02T07:00:00-00:00,2022-09-01,24,BELDEN_7_B1,BELDEN_7_B1,BELDEN_7_B1,RTPD,LMP,LMP_PRC,BELDEN_7_B1,ALL,1,110.10962,4,1
2022-09-01T07:00:00-00:00,2022-09-01T07:15:00-00:00,2022-09-01,01,BELDEN_7_B1,BELDEN_7_B1,BELDEN_7_B1,RTPD,MCC,LMP_CONG_PRC,BELDEN_7_B1,ALL,1,-11.90544,1,2
2022-09-01T08:00:00-00:00,2022-09-01T08:15:00-00:00,2022-09-01,02,BELDEN_7_B1,BELDEN_7_B1,BELDEN_7_B1,RTPD,MCC,LMP_CONG_PRC,BELDEN_7_B1,ALL,1,-3.18168,1,2
2022-09-01T09:00:00-00:00,2022-09-01T09:15:00-00:00,2022-09-01,03,BELDEN_7_B1,BELDEN_7_B1,BELDEN_7_B1,RTPD,MCC,LMP_CONG_PRC,BELDEN_7_B1,ALL,1,-4.2631,1,2
2022-09-01T10:00:00-00:00,2022-09-01T10:15:00-00:00,2022-09-01,04,BELDEN_7_B1,BELDEN_7_B1,BELDEN_7_B1,RTPD,MCC,LMP_CONG_PRC,BELDEN_7_B1,ALL,1,-3.68489,1,2
2022-09-01T11:00:00-00:00,2022-09-01T11:15:00-00:00,2022-09-01,05,BELDEN_7_B1,BELDEN_7_B1,BELDEN_7_B1,RTPD,MCC,LMP_CONG_PRC,BELDEN_7_B1,ALL,1,0,1,2
2022-09-01T12:00:00-00:00,2022-09-01T12:15:00-00:00,2022-09-01,06,BELDEN_7_B1,BELDEN_7_B1,BELDEN_7_B1,RTPD,MCC,LMP_CONG_PRC,BELDEN_7_B1,ALL,1,-9.48311,1,2
2022-09-01T13:00:00-00:00,2022-09-01T13:15:00-00:00,2022-09-01,07,BELDEN_7_B1,BELDEN_7_B1,BELDEN_7_B1,RTPD,MCC,LMP_CONG_PRC,BELDEN_7_B1,ALL,1,-12.53374,1,2
2022-09-01T14:00:00-00:00,2022-09-01T14:15:00-00:00,2022-09-01,08,BELDEN_7_B1,BELDEN_7_B1,BELDEN_7_B1,RTPD,MCC,LMP_CONG_PRC,BELDEN_7_B1,ALL,1,0,1,2
2022-09-01T15:00:00-00:00,2022-09-01T15:15:00-00:00,2022-09-01,09,BELDEN_7_B1,BELDEN_7_B1,BELDEN_7_B1,RTPD,MCC,LMP_CONG_PRC,BELDEN_7_B1,ALL,1,0,1,2
2022-09-01T16:00:00-00:00,2022-09-01T16:15:00-00:00,2022-09-01,10,BELDEN_7_B1,BELDEN_7_B1,BELDEN_7_B1,RTPD,MCC,LMP_CONG_PRC,BELDEN_7_B1,ALL,1,-18.62883,1,2
2022-09-01T17:00:00-00:00,2022-09-01T17:15:00-00:00,2022-09-01,11,BELDEN_7_B1,BELDEN_7_B1,BELDEN_7_B1,RTPD,MCC,LMP_CONG_PRC,BELDEN_7_B1,ALL,1,-18.54189,1,2
2022-09-01T18:00:00-00:00,2022-09-01T18:15:00-00:00,2022-09-01,12,BELDEN_7_B1,BELDEN_7_B1,BELDEN_7_B1,RTPD,MCC,LMP_CONG_PRC,BELDEN_7_B1,ALL,1,-34.29013,1,2
2022-09-01T19:00:00-00:00,2022-09-01T19:15:00-00:00,2022-09-01,13,BELDEN_7_B1,BELDEN_7_B1,BELDEN_7_B1,RTPD,MCC,LMP_CONG_PRC,BELDEN_7_B1,ALL,1,-34.34488,1,2
2022-09-01T20:00:00-00:00,2022-09-01T20:15:00-00:00,2022-09-01,14,BELDEN_7_B1,BELDEN_7_B1,BELDEN_7_B1,RTPD,MCC,LMP_CONG_PRC,BELDEN_7_B1,ALL,1,-3.37673,1,2
2022-09-01T21:00:00-00:00,2022-09-01T21:15:00-00:00,2022-09-01,15,BELDEN_7_B1,BELDEN_7_B1,BELDEN_7_B1,RTPD,MCC,LMP_CONG_PRC,BELDEN_7_B1,ALL,1,-95.44719,1,2
2022-09-01T22:00:00-00:00,2022-09-01T22:15:00-00:00,2022-09-01,16,BELDEN_7_B1,BELDEN_7_B1,BELDEN_7_B1,RTPD,MCC,LMP_CONG_PRC,BELDEN_7_B1,ALL,1,-103.34404,1,2
2022-09-01T23:00:00-00:00,2022-09-01T23:15:00-00:00,2022-09-01,17,BELDEN_7_B1,BELDEN_7_B1,BELDEN_7_B1,RTPD,MCC,LMP_CONG_PRC,BELDEN_7_B1,ALL,1,-537.7979,1,2
2022-09-02T00:00:00-00:00,2022-09-02T00:15:00-00:00,2022-09-01,18,BELDEN_7_B1,BELDEN_7_B1,BELDEN_7_B1,RTPD,MCC,LMP_CONG_PRC,BELDEN_7_B1,ALL,1,390.80072,1,2
2022-09-02T01:00:00-00:00,2022-09-02T01:15:00-00:00,2022-09-01,19,BELDEN_7_B1,BELDEN_7_B1,BELDEN_7_B1,RTPD,MCC,LMP_CONG_PRC,BELDEN_7_B1,ALL,1,386.44666,1,2
2022-09-02T02:00:00-00:00,2022-09-02T02:15:00-00:00,2022-09-01,20,BELDEN_7_B1,BELDEN_7_B1,BELDEN_7_B1,RTPD,MCC,LMP_CONG_PRC,BELDEN_7_B1,ALL,1,0,1,2
2022-09-02T03:00:00-00:00,2022-09-02T03:15:00-00:00,2022-09-01,21,BELDEN_7_B1,BELDEN_7_B1,BELDEN_7_B1,RTPD,MCC,LMP_CONG_PRC,BELDEN_7_B1,ALL,1,479.42157,1,2
2022-09-02T04:00:00-00:00,2022-09-02T04:15:00-00:00,2022-09-01,22,BELDEN_7_B1,BELDEN_7_B1,BELDEN_7_B1,RTPD,MCC,LMP_CONG_PRC,BELDEN_7_B1,ALL,1,0,1,2
2022-09-02T05:00:00-00:00,2022-09-02T05:15:00-00:00,2022-09-01,23,BELDEN_7_B1,BELDEN_7_B1,BELDEN_7_B1,RTPD,MCC,LMP_CONG_PRC,BELDEN_7_B1,ALL,1,0,1,2
2022-09-02T06:00:00-00:00,2022-09-02T06:15:00-00:00,2022-09-01,24,BELDEN_7_B1,BELDEN_7_B1,BELDEN_7_B1,RTPD,MCC,LMP_CONG_PRC,BELDEN_7_B1,ALL,1,0,1,2
2022-09-01T07:15:00-00:00,2022-09-01T07:30:00-00:00,2022-09-01,01,BELDEN_7_B1,BELDEN_7_B1,BELDEN_7_B1,RTPD,MCC,LMP_CONG_PRC,BELDEN_7_B1,ALL,1,-9.54293,2,2
2022-09-01T08:15:00-00:00,2022-09-01T08:30:00-00:00,2022-09-01,02,BELDEN_7_B1,BELDEN_7_B1,BELDEN_7_B1,RTPD,MCC,LMP_CONG_PRC,BELDEN_7_B1,ALL,1,-0.86846,2,2
2022-09-01T09:15:00-00:00,2022-09-01T09:30:00-00:00,2022-09-01,03,BELDEN_7_B1,BELDEN_7_B1,BELDEN_7_B1,RTPD,MCC,LMP_CONG_PRC,BELDEN_7_B1,ALL,1,-5.60342,2,2
2022-09-01T10:15:00-00:00,2022-09-01T10:30:00-00:00,2022-09-01,04,BELDEN_7_B1,BELDEN_7_B1,BELDEN_7_B1,RTPD,MCC,LMP_CONG_PRC,BELDEN_7_B1,ALL,1,-5.21407,2,2
2022-09-01T11:15:00-00:00,2022-09-01T11:30:00-00:00,2022-09-01,05,BELDEN_7_B1,BELDEN_7_B1,BELDEN_7_B1,RTPD,MCC,LMP_CONG_PRC,BELDEN_7_B1,ALL,1,0,2,2
2022-09-01T12:15:00-00:00,2022-09-01T12:30:00-00:00,2022-09-01,06,BELDEN_7_B1,BELDEN_7_B1,BELDEN_7_B1,RTPD,MCC,LMP_CONG_PRC,BELDEN_7_B1,ALL,1,-5.78303,2,2
2022-09-01T13:15:00-00:00,2022-09-01T13:30:00-00:00,2022-09-01,07,BELDEN_7_B1,BELDEN_7_B1,BELDEN_7_B1,RTPD,MCC,LMP_CONG_PRC,BELDEN_7_B1,ALL,1,-0.53654,2,2
2022-09-01T14:15:00-00:00,2022-09-01T14:30:00-00:00,2022-09-01,08,BELDEN_7_B1,BELDEN_7_B1,BELDEN_7_B1,RTPD,MCC,LMP_CONG_PRC,BELDEN_7_B1,ALL,1,0,2,2
2022-09-01T15:15:00-00:00,2022-09-01T15:30:00-00:00,2022-09-01,09,BELDEN_7_B1,BELDEN_7_B1,BELDEN_7_B1,RTPD,MCC,LMP_CONG_PRC,BELDEN_7_B1,ALL,1,0,2,2
2022-09-01T16:15:00-00:00,2022-09-01T16:30:00-00:00,2022-09-01,10,BELDEN_7_B1,BELDEN_7_B1,BELDEN_7_B1,RTPD,MCC,LMP_CONG_PRC,BELDEN_7_B1,ALL,1,-9.36328,2,2
2022-09-01T17:15:00-00:00,2022-09-01T17:30:00-00:00,2022-09-01,11,BELDEN_7_B1,BELDEN_7_B1,BELDEN_7_B1,RTPD,MCC,LMP_CONG_PRC,BELDEN_7_B1,ALL,1,-22.06159,2,2
2022-09-01T18:15:00-00:00,2022-09-01T18:30:00-00:00,2022-09-01,12,BELDEN_7_B1,BELDEN_7_B1,BELDEN_7_B1,RTPD,MCC,LMP_CONG_PRC,BELDEN_7_B1,ALL,1,-28.35922,2,2
2022-09-01T19:15:00-00:00,2022-09-01T19:30:00-00:00,2022-09-01,13,BELDEN_7_B1,BELDEN_7_B1,BELDEN_7_B1,RTPD,MCC,LMP_CONG_PRC,BELDEN_7_B1,ALL,1,-28.28208,2,2
2022-09-01T20:15:00-00:00,2022-09-01T20:30:00-00:00,2022-09-01,14,BELDEN_7_B1,BELDEN_7_B1,BELDEN_7_B1,RTPD,MCC,LMP_CONG_PRC,BELDEN_7_B1,ALL,1,-3.04081,2,2
2022-09-01T21:15:00-00:00,2022-09-01T21:30:00-00:00,2022-09-01,15,BELDEN_7_B1,BELDEN_7_B1,BELDEN_7_B1,RTPD,MCC,LMP_CONG_PRC,BELDEN_7_B1,ALL,1,-25.79515,2,2
2022-09-01T22:15:00-00:00,2022-09-01T22:30:00-00:00,2022-09-01,16,BELDEN_7_B1,BELDEN_7_B1,BELDEN_7_B1,RTPD,MCC,LMP_CONG_PRC,BELDEN_7_B1,ALL,1,-142.94778,2,2
2022-09-01T23:15:00-00:00,2022-09-01T23:30:00-00:00,2022-09-01,17,BELDEN_7_B1,BELDEN_7_B1,BELDEN_7_B1,RTPD,MCC,LMP_CONG_PRC,BELDEN_7_B1,ALL,1,-513.1018,2,2
2022-09-02T00:15:00-00:00,2022-09-02T00:30:00-00:00,2022-09-01,18,BELDEN_7_B1,BELDEN_7_B1,BELDEN_7_B1,RTPD,MCC,LMP_CONG_PRC,BELDEN_7_B1,ALL,1,380.36752,2,2
2022-09-02T01:15:00-00:00,2022-09-02T01:30:00-00:00,2022-09-01,19,BELDEN_7_B1,BELDEN_7_B1,BELDEN_7_B1,RTPD,MCC,LMP_CONG_PRC,BELDEN_7_B1,ALL,1,0,2,2
2022-09-02T02:15:00-00:00,2022-09-02T02:30:00-00:00,2022-09-01,20,BELDEN_7_B1,BELDEN_7_B1,BELDEN_7_B1,RTPD,MCC,LMP_CONG_PRC,BELDEN_7_B1,ALL,1,0,2,2
2022-09-02T03:15:00-00:00,2022-09-02T03:30:00-00:00,2022-09-01,21,BELDEN_7_B1,BELDEN_7_B1,BELDEN_7_B1,RTPD,MCC,LMP_CONG_PRC,BELDEN_7_B1,ALL,1,167.95439,2,2
2022-09-02T04:15:00-00:00,2022-09-02T04:30:00-00:00,2022-09-01,22,BELDEN_7_B1,BELDEN_7_B1,BELDEN_7_B1,RTPD,MCC,LMP_CONG_PRC,BELDEN_7_B1,ALL,1,0,2,2
2022-09-02T05:15:00-00:00,2022-09-02T05:30:00-00:00,2022-09-01,23,BELDEN_7_B1,BELDEN_7_B1,BELDEN_7_B1,RTPD,MCC,LMP_CONG_PRC,BELDEN_7_B1,ALL,1,0,2,2
2022-09-02T06:15:00-00:00,2022-09-02T06:30:00-00:00,2022-09-01,24,BELDEN_7_B1,BELDEN_7_B1,BELDEN_7_B1,RTPD,MCC,LMP_CONG_PRC,BELDEN_7_B1,ALL,1,0,2,2
2022-09-01T07:30:00-00:00,2022-09-01T07:45:00-00:00,2022-09-01,01,BELDEN_7_B1,BELDEN_7_B1,BELDEN_7_B1,RTPD,MCC,LMP_CONG_PRC,BELDEN_7_B1,ALL,1,-15.38142,3,2
2022-09-01T08:30:00-00:00,2022-09-01T08:45:00-00:00,2022-09-01,02,BELDEN_7_B1,BELDEN_7_B1,BELDEN_7_B1,RTPD,MCC,LMP_CONG_PRC,BELDEN_7_B1,ALL,1,-0.00082,3,2
2022-09-01T09:30:00-00:00,2022-09-01T09:45:00-00:00,2022-09-01,03,BELDEN_7_B1,BELDEN_7_B1,BELDEN_7_B1,RTPD,MCC,LMP_CONG_PRC,BELDEN_7_B1,ALL,1,-5.55313,3,2
2022-09-01T10:30:00-00:00,2022-09-01T10:45:00-00:00,2022-09-01,04,BELDEN_7_B1,BELDEN_7_B1,BELDEN_7_B1,RTPD,MCC,LMP_CONG_PRC,BELDEN_7_B1,ALL,1,-2.94818,3,2
2022-09-01T11:30:00-00:00,2022-09-01T11:45:00-00:00,2022-09-01,05,BELDEN_7_B1,BELDEN_7_B1,BELDEN_7_B1,RTPD,MCC,LMP_CONG_PRC,BELDEN_7_B1,ALL,1,0,3,2
2022-09-01T12:30:00-00:00,2022-09-01T12:45:00-00:00,2022-09-01,06,BELDEN_7_B1,BELDEN_7_B1,BELDEN_7_B1,RTPD,MCC,LMP_CONG_PRC,BELDEN_7_B1,ALL,1,-10.01313,3,2
2022-09-01T13:30:00-00:00,2022-09-01T13:45:00-00:00,2022-09-01,07,BELDEN_7_B1,BELDEN_7_B1,BELDEN_7_B1,RTPD,MCC,LMP_CONG_PRC,BELDEN_7_B1,ALL,1,0,3,2
2022-09-01T14:30:00-00:00,2022-09-01T14:45:00-00:00,2022-09-01,08,BELDEN_7_B1,BELDEN_7_B1,BELDEN_7_B1,RTPD,MCC,LMP_CONG_PRC,BELDEN_7_B1,ALL,1,0,3,2
2022-09-01T15:30:00-00:00,2022-09-01T15:45:00-00:00,2022-09-01,09,BELDEN_7_B1,BELDEN_7_B1,BELDEN_7_B1,RTPD,MCC,LMP_CONG_PRC,BELDEN_7_B1,ALL,1,0,3,2
2022-09-01T16:30:00-00:00,2022-09-01T16:45:00-00:00,2022-09-01,10,BELDEN_7_B1,BELDEN_7_B1,BELDEN_7_B1,RTPD,MCC,LMP_CONG_PRC,BELDEN_7_B1,ALL,1,-16.16222,3,2
2022-09-01T17:30:00-00:00,2022-09-01T17:45:00-00:00,2022-09-01,11,BELDEN_7_B1,BELDEN_7_B1,BELDEN_7_B1,RTPD,MCC,LMP_CONG_PRC,BELDEN_7_B1,ALL,1,-25.30995,3,2
2022-09-01T18:30:00-00:00,2022-09-01T18:45:00-00:00,2022-09-01,12,BELDEN_7_B1,BELDEN_7_B1,BELDEN_7_B1,RTPD,MCC,LMP_CONG_PRC,BELDEN_7_B1,ALL,1,-26.4141,3,2
2022-09-01T19:30:00-00:00,2022-09-01T19:45:00-00:00,2022-09-01,13,BELDEN_7_B1,BELDEN_7_B1,BELDEN_7_B1,RTPD,MCC,LMP_CONG_PRC,BELDEN_7_B1,ALL,1,-42.62628,3,2
2022-09-01T20:30:00-00:00,2022-09-01T20:45:00-00:00,2022-09-01,14,BELDEN_7_B1,BELDEN_7_B1,BELDEN_7_B1,RTPD,MCC,LMP_CONG_PRC,BELDEN_7_B1,ALL,1,-12.26907,3,2
2022-09-01T21:30:00-00:00,2022-09-01T21:45:00-00:00,2022-09-01,15,BELDEN_7_B1,BELDEN_7_B1,BELDEN_7_B1,RTPD,MCC,LMP_CONG_PRC,BELDEN_7_B1,ALL,1,-23.69665,3,2
2022-09-01T22:30:00-00:00,2022-09-01T22:45:00-00:00,2022-09-01,16,BELDEN_7_B1,BELDEN_7_B1,BELDEN_7_B1,RTPD,MCC,LMP_CONG_PRC,BELDEN_7_B1,ALL,1,-149.2566,3,2
2022-09-01T23:30:00-00:00,2022-09-01T23:45:00-00:00,2022-09-01,17,BELDEN_7_B1,BELDEN_7_B1,BELDEN_7_B1,RTPD,MCC,LMP_CONG_PRC,BELDEN_7_B1,ALL,1,-718.0111,3,2
2022-09-02T00:30:00-00:00,2022-09-02T00:45:00-00:00,2022-09-01,18,BELDEN_7_B1,BELDEN_7_B1,BELDEN_7_B1,RTPD,MCC,LMP_CONG_PRC,BELDEN_7_B1,ALL,1,536.4614,3,2
2022-09-02T01:30:00-00:00,2022-09-02T01:45:00-00:00,2022-09-01,19,BELDEN_7_B1,BELDEN_7_B1,BELDEN_7_B1,RTPD,MCC,LMP_CONG_PRC,BELDEN_7_B1,ALL,1,0,3,2
2022-09-02T02:30:00-00:00,2022-09-02T02:45:00-00:00,2022-09-01,20,BELDEN_7_B1,BELDEN_7_B1,BELDEN_7_B1,RTPD,MCC,LMP_CONG_PRC,BELDEN_7_B1,ALL,1,0,3,2
2022-09-02T03:30:00-00:00,2022-09-02T03:45:00-00:00,2022-09-01,21,BELDEN_7_B1,BELDEN_7_B1,BELDEN_7_B1,RTPD,MCC,LMP_CONG_PRC,BELDEN_7_B1,ALL,1,37.6211,3,2
2022-09-02T04:30:00-00:00,2022-09-02T04:45:00-00:00,2022-09-01,22,BELDEN_7_B1,BELDEN_7_B1,BELDEN_7_B1,RTPD,MCC,LMP_CONG_PRC,BELDEN_7_B1,ALL,1,0,3,2
2022-09-02T05:30:00-00:00,2022-09-02T05:45:00-00:00,2022-09-01,23,BELDEN_7_B1,BELDEN_7_B1,BELDEN_7_B1,RTPD,MCC,LMP_CONG_PRC,BELDEN_7_B1,ALL,1,0,3,2
2022-09-02T06:30:00-00:00,2022-09-02T06:45:00-00:00,2022-09-01,24,BELDEN_7_B1,BELDEN_7_B1,BELDEN_7_B1,RTPD,MCC,LMP_CONG_PRC,BELDEN_7_B1,ALL,1,0,3,2
2022-09-01T07:45:00-00:00,2022-09-01T08:00:00-00:00,2022-09-01,01,BELDEN_7_B1,BELDEN_7_B1,BELDEN_7_B1,RTPD,MCC,LMP_CONG_PRC,BELDEN_7_B1,ALL,1,-17.53234,4,2
2022-09-01T08:45:00-00:00,2022-09-01T09:00:00-00:00,2022-09-01,02,BELDEN_7_B1,BELDEN_7_B1,BELDEN_7_B1,RTPD,MCC,LMP_CONG_PRC,BELDEN_7_B1,ALL,1,-4.27987,4,2
2022-09-01T09:45:00-00:00,2022-09-01T10:00:00-00:00,2022-09-01,03,BELDEN_7_B1,BELDEN_7_B1,BELDEN_7_B1,RTPD,MCC,LMP_CONG_PRC,BELDEN_7_B1,ALL,1,-4.94104,4,2
2022-09-01T10:45:00-00:00,2022-09-01T11:00:00-00:00,2022-09-01,04,BELDEN_7_B1,BELDEN_7_B1,BELDEN_7_B1,RTPD,MCC,LMP_CONG_PRC,BELDEN_7_B1,ALL,1,-1.16104,4,2
2022-09-01T11:45:00-00:00,2022-09-01T12:00:00-00:00,2022-09-01,05,BELDEN_7_B1,BELDEN_7_B1,BELDEN_7_B1,RTPD,MCC,LMP_CONG_PRC,BELDEN_7_B1,ALL,1,0,4,2
2022-09-01T12:45:00-00:00,2022-09-01T13:00:00-00:00,2022-09-01,06,BELDEN_7_B1,BELDEN_7_B1,BELDEN_7_B1,RTPD,MCC,LMP_CONG_PRC,BELDEN_7_B1,ALL,1,-2.22832,4,2
2022-09-01T13:45:00-00:00,2022-09-01T14:00:00-00:00,2022-09-01,07,BELDEN_7_B1,BELDEN_7_B1,BELDEN_7_B1,RTPD,MCC,LMP_CONG_PRC,BELDEN_7_B1,ALL,1,0,4,2
2022-09-01T14:45:00-00:00,2022-09-01T15:00:00-00:00,2022-09-01,08,BELDEN_7_B1,BELDEN_7_B1,BELDEN_7_B1,RTPD,MCC,LMP_CONG_PRC,BELDEN_7_B1,ALL,1,0,4,2
2022-09-01T15:45:00-00:00,2022-09-01T16:00:00-00:00,2022-09-01,09,BELDEN_7_B1,BELDEN_7_B1,BELDEN_7_B1,RTPD,MCC,LMP_CONG_PRC,BELDEN_7_B1,ALL,1,0,4,2
2022-09-01T16:45:00-00:00,2022-09-01T17:00:00-00:00,2022-09-01,10,BELDEN_7_B1,BELDEN_7_B1,BELDEN_7_B1,RTPD,MCC,LMP_CONG_PRC,BELDEN_7_B1,ALL,1,-14.59204,4,2
2022-09-01T17:45:00-00:00,2022-09-01T18:00:00-00:00,2022-09-01,11,BELDEN_7_B1,BELDEN_7_B1,BELDEN_7_B1,RTPD,MCC,LMP_CONG_PRC,BELDEN_7_B1,ALL,1,-29.28463,4,2
2022-09-01T18:45:00-00:00,2022-09-01T19:00:00-00:00,2022-09-01,12,BELDEN_7_B1,BELDEN_7_B1,BELDEN_7_B1,RTPD,MCC,LMP_CONG_PRC,BELDEN_7_B1,ALL,1,-27.64218,4,2
2022-09-01T19:45:00-00:00,2022-09-01T20:00:00-00:00,2022-09-01,13,BELDEN_7_B1,BELDEN_7_B1,BELDEN_7_B1,RTPD,MCC,LMP_CONG_PRC,BELDEN_7_B1,ALL,1,-13.13057,4,2
2022-09-01T20:45:00-00:00,2022-09-01T21:00:00-00:00,2022-09-01,14,BELDEN_7_B1,BELDEN_7_B1,BELDEN_7_B1,RTPD,MCC,LMP_CONG_PRC,BELDEN_7_B1,ALL,1,-27.28083,4,2
2022-09-01T21:45:00-00:00,2022-09-01T22:00:00-00:00,2022-09-01,15,BELDEN_7_B1,BELDEN_7_B1,BELDEN_7_B1,RTPD,MCC,LMP_CONG_PRC,BELDEN_7_B1,ALL,1,-109.21451,4,2
2022-09-01T22:45:00-00:00,2022-09-01T23:00:00-00:00,2022-09-01,16,BELDEN_7_B1,BELDEN_7_B1,BELDEN_7_B1,RTPD,MCC,LMP_CONG_PRC,BELDEN_7_B1,ALL,1,-272.2112,4,2
2022-09-01T23:45:00-00:00,2022-09-02T00:00:00-00:00,2022-09-01,17,BELDEN_7_B1,BELDEN_7_B1,BELDEN_7_B1,RTPD,MCC,LMP_CONG_PRC,BELDEN_7_B1,ALL,1,469.04227,4,2
2022-09-02T00:45:00-00:00,2022-09-02T01:00:00-00:00,2022-09-01,18,BELDEN_7_B1,BELDEN_7_B1,BELDEN_7_B1,RTPD,MCC,LMP_CONG_PRC,BELDEN_7_B1,ALL,1,337.76187,4,2
2022-09-02T01:45:00-00:00,2022-09-02T02:00:00-00:00,2022-09-01,19,BELDEN_7_B1,BELDEN_7_B1,BELDEN_7_B1,RTPD,MCC,LMP_CONG_PRC,BELDEN_7_B1,ALL,1,0,4,2
2022-09-02T02:45:00-00:00,2022-09-02T03:00:00-00:00,2022-09-01,20,BELDEN_7_B1,BELDEN_7_B1,BELDEN_7_B1,RTPD,MCC,LMP_CONG_PRC,BELDEN_7_B1,ALL,1,153.23788,4,2
2022-09-02T03:45:00-00:00,2022-09-02T04:00:00-00:00,2022-09-01,21,BELDEN_7_B1,BELDEN_7_B1,BELDEN_7_B1,RTPD,MCC,LMP_CONG_PRC,BELDEN_7_B1,ALL,1,21.91065,4,2
2022-09-02T04:45:00-00:00,2022-09-02T05:00:00-00:00,2022-09-01,22,BELDEN_7_B1,BELDEN_7_B1,BELDEN_7_B1,RTPD,MCC,LMP_CONG_PRC,BELDEN_7_B1,ALL,1,5.63122,4,2
2022-09-02T05:45:00-00:00,2022-09-02T06:00:00-00:00,2022-09-01,23,BELDEN_7_B1,BELDEN_7_B1,BELDEN_7_B1,RTPD,MCC,LMP_CONG_PRC,BELDEN_7_B1,ALL,1,-4.24368,4,2
2022-09-02T06:45:00-00:00,2022-09-02T07:00:00-00:00,2022-09-01,24,BELDEN_7_B1,BELDEN_7_B1,BELDEN_7_B1,RTPD,MCC,LMP_CONG_PRC,BELDEN_7_B1,ALL,1,0,4,2
2022-09-01T07:00:00-00:00,2022-09-01T07:15:00-00:00,2022-09-01,01,BELDEN_7_B1,BELDEN_7_B1,BELDEN_7_B1,RTPD,MCE,LMP_ENE_PRC,BELDEN_7_B1,ALL,1,104.23471,1,3
2022-09-01T08:00:00-00:00,2022-09-01T08:15:00-00:00,2022-09-01,02,BELDEN_7_B1,BELDEN_7_B1,BELDEN_7_B1,RTPD,MCE,LMP_ENE_PRC,BELDEN_7_B1,ALL,1,115.5488,1,3
2022-09-01T09:00:00-00:00,2022-09-01T09:15:00-00:00,2022-09-01,03,BELDEN_7_B1,BELDEN_7_B1,BELDEN_7_B1,RTPD,MCE,LMP_ENE_PRC,BELDEN_7_B1,ALL,1,99.73061,1,3
2022-09-01T10:00:00-00:00,2022-09-01T10:15:00-00:00,2022-09-01,04,BELDEN_7_B1,BELDEN_7_B1,BELDEN_7_B1,RTPD,MCE,LMP_ENE_PRC,BELDEN_7_B1,ALL,1,98.64222,1,3
2022-09-01T11:00:00-00:00,2022-09-01T11:15:00-00:00,2022-09-01,05,BELDEN_7_B1,BELDEN_7_B1,BELDEN_7_B1,RTPD,MCE,LMP_ENE_PRC,BELDEN_7_B1,ALL,1,102.56859,1,3
2022-09-01T12:00:00-00:00,2022-09-01T12:15:00-00:00,2022-09-01,06,BELDEN_7_B1,BELDEN_7_B1,BELDEN_7_B1,RTPD,MCE,LMP_ENE_PRC,BELDEN_7_B1,ALL,1,96.90845,1,3
2022-09-01T13:00:00-00:00,2022-09-01T13:15:00-00:00,2022-09-01,07,BELDEN_7_B1,BELDEN_7_B1,BELDEN_7_B1,RTPD,MCE,LMP_ENE_PRC,BELDEN_7_B1,ALL,1,101.80878,1,3
2022-09-01T14:00:00-00:00,2022-09-01T14:15:00-00:00,2022-09-01,08,BELDEN_7_B1,BELDEN_7_B1,BELDEN_7_B1,RTPD,MCE,LMP_ENE_PRC,BELDEN_7_B1,ALL,1,111.11219,1,3
2022-09-01T15:00:00-00:00,2022-09-01T15:15:00-00:00,2022-09-01,09,BELDEN_7_B1,BELDEN_7_B1,BELDEN_7_B1,RTPD,MCE,LMP_ENE_PRC,BELDEN_7_B1,ALL,1,97.4112,1,3
2022-09-01T16:00:00-00:00,2022-09-01T16:15:00-00:00,2022-09-01,10,BELDEN_7_B1,BELDEN_7_B1,BELDEN_7_B1,RTPD,MCE,LMP_ENE_PRC,BELDEN_7_B1,ALL,1,83.43525,1,3
2022-09-01T17:00:00-00:00,2022-09-01T17:15:00-00:00,2022-09-01,11,BELDEN_7_B1,BELDEN_7_B1,BELDEN_7_B1,RTPD,MCE,LMP_ENE_PRC,BELDEN_7_B1,ALL,1,96.94897,1,3
2022-09-01T18:00:00-00:00,2022-09-01T18:15:00-00:00,2022-09-01,12,BELDEN_7_B1,BELDEN_7_B1,BELDEN_7_B1,RTPD,MCE,LMP_ENE_PRC,BELDEN_7_B1,ALL,1,91.59291,1,3
2022-09-01T19:00:00-00:00,2022-09-01T19:15:00-00:00,2022-09-01,13,BELDEN_7_B1,BELDEN_7_B1,BELDEN_7_B1,RTPD,MCE,LMP_ENE_PRC,BELDEN_7_B1,ALL,1,109.19637,1,3
2022-09-01T20:00:00-00:00,2022-09-01T20:15:00-00:00,2022-09-01,14,BELDEN_7_B1,BELDEN_7_B1,BELDEN_7_B1,RTPD,MCE,LMP_ENE_PRC,BELDEN_7_B1,ALL,1,117.94359,1,3
2022-09-01T21:00:00-00:00,2022-09-01T21:15:00-00:00,2022-09-01,15,BELDEN_7_B1,BELDEN_7_B1,BELDEN_7_B1,RTPD,MCE,LMP_ENE_PRC,BELDEN_7_B1,ALL,1,226.61499,1,3
2022-09-01T22:00:00-00:00,2022-09-01T22:15:00-00:00,2022-09-01,16,BELDEN_7_B1,BELDEN_7_B1,BELDEN_7_B1,RTPD,MCE,LMP_ENE_PRC,BELDEN_7_B1,ALL,1,229.18552,1,3
2022-09-01T23:00:00-00:00,2022-09-01T23:15:00-00:00,2022-09-01,17,BELDEN_7_B1,BELDEN_7_B1,BELDEN_7_B1,RTPD,MCE,LMP_ENE_PRC,BELDEN_7_B1,ALL,1,386.7537,1,3
2022-09-02T00:00:00-00:00,2022-09-02T00:15:00-00:00,2022-09-01,18,BELDEN_7_B1,BELDEN_7_B1,BELDEN_7_B1,RTPD,MCE,LMP_ENE_PRC,BELDEN_7_B1,ALL,1,770.58136,1,3
2022-09-02T01:00:00-00:00,2022-09-02T01:15:00-00:00,2022-09-01,19,BELDEN_7_B1,BELDEN_7_B1,BELDEN_7_B1,RTPD,MCE,LMP_ENE_PRC,BELDEN_7_B1,ALL,1,916.27124,1,3
2022-09-02T02:00:00-00:00,2022-09-02T02:15:00-00:00,2022-09-01,20,BELDEN_7_B1,BELDEN_7_B1,BELDEN_7_B1,RTPD,MCE,LMP_ENE_PRC,BELDEN_7_B1,ALL,1,1991.6721,1,3
2022-09-02T03:00:00-00:00,2022-09-02T03:15:00-00:00,2022-09-01,21,BELDEN_7_B1,BELDEN_7_B1,BELDEN_7_B1,RTPD,MCE,LMP_ENE_PRC,BELDEN_7_B1,ALL,1,917.5508,1,3
2022-09-02T04:00:00-00:00,2022-09-02T04:15:00-00:00,2022-09-01,22,BELDEN_7_B1,BELDEN_7_B1,BELDEN_7_B1,RTPD,MCE,LMP_ENE_PRC,BELDEN_7_B1,ALL,1,257.83005,1,3
2022-09-02T05:00:00-00:00,2022-09-02T05:15:00-00:00,2022-09-01,23,BELDEN_7_B1,BELDEN_7_B1,BELDEN_7_B1,RTPD,MCE,LMP_ENE_PRC,BELDEN_7_B1,ALL,1,183.24657,1,3
2022-09-02T06:00:00-00:00,2022-09-02T06:15:00-00:00,2022-09-01,24,BELDEN_7_B1,BELDEN_7_B1,BELDEN_7_B1,RTPD,MCE,LMP_ENE_PRC,BELDEN_7_B1,ALL,1,158.867,1,3
2022-09-01T07:15:00-00:00,2022-09-01T07:30:00-00:00,2022-09-01,01,BELDEN_7_B1,BELDEN_7_B1,BELDEN_7_B1,RTPD,MCE,LMP_ENE_PRC,BELDEN_7_B1,ALL,1,125.55144,2,3
2022-09-01T08:15:00-00:00,2022-09-01T08:30:00-00:00,2022-09-01,02,BELDEN_7_B1,BELDEN_7_B1,BELDEN_7_B1,RTPD,MCE,LMP_ENE_PRC,BELDEN_7_B1,ALL,1,115.53165,2,3
2022-09-01T09:15:00-00:00,2022-09-01T09:30:00-00:00,2022-09-01,03,BELDEN_7_B1,BELDEN_7_B1,BELDEN_7_B1,RTPD,MCE,LMP_ENE_PRC,BELDEN_7_B1,ALL,1,98.30543,2,3
2022-09-01T10:15:00-00:00,2022-09-01T10:30:00-00:00,2022-09-01,04,BELDEN_7_B1,BELDEN_7_B1,BELDEN_7_B1,RTPD,MCE,LMP_ENE_PRC,BELDEN_7_B1,ALL,1,97.00684,2,3
2022-09-01T11:15:00-00:00,2022-09-01T11:30:00-00:00,2022-09-01,05,BELDEN_7_B1,BELDEN_7_B1,BELDEN_7_B1,RTPD,MCE,LMP_ENE_PRC,BELDEN_7_B1,ALL,1,103.09059,2,3
2022-09-01T12:15:00-00:00,2022-09-01T12:30:00-00:00,2022-09-01,06,BELDEN_7_B1,BELDEN_7_B1,BELDEN_7_B1,RTPD,MCE,LMP_ENE_PRC,BELDEN_7_B1,ALL,1,109.32203,2,3
2022-09-01T13:15:00-00:00,2022-09-01T13:30:00-00:00,2022-09-01,07,BELDEN_7_B1,BELDEN_7_B1,BELDEN_7_B1,RTPD,MCE,LMP_ENE_PRC,BELDEN_7_B1,ALL,1,110.97827,2,3
2022-09-01T14:15:00-00:00,2022-09-01T14:30:00-00:00,2022-09-01,08,BELDEN_7_B1,BELDEN_7_B1,BELDEN_7_B1,RTPD,MCE,LMP_ENE_PRC,BELDEN_7_B1,ALL,1,104.78743,2,3
2022-09-01T15:15:00-00:00,2022-09-01T15:30:00-00:00,2022-09-01,09,BELDEN_7_B1,BELDEN_7_B1,BELDEN_7_B1,RTPD,MCE,LMP_ENE_PRC,BELDEN_7_B1,ALL,1,86.9388,2,3
2022-09-01T16:15:00-00:00,2022-09-01T16:30:00-00:00,2022-09-01,10,BELDEN_7_B1,BELDEN_7_B1,BELDEN_7_B1,RTPD,MCE,LMP_ENE_PRC,BELDEN_7_B1,ALL,1,89.44858,2,3
2022-09-01T17:15:00-00:00,2022-09-01T17:30:00-00:00,2022-09-01,11,BELDEN_7_B1,BELDEN_7_B1,BELDEN_7_B1,RTPD,MCE,LMP_ENE_PRC,BELDEN_7_B1,ALL,1,99.34673,2,3
2022-09-01T18:15:00-00:00,2022-09-01T18:30:00-00:00,2022-09-01,12,BELDEN_7_B1,BELDEN_7_B1,BELDEN_7_B1,RTPD,MCE,LMP_ENE_PRC,BELDEN_7_B1,ALL,1,101.15901,2,3
2022-09-01T19:15:00-00:00,2022-09-01T19:30:00-00:00,2022-09-01,13,BELDEN_7_B1,BELDEN_7_B1,BELDEN_7_B1,RTPD,MCE,LMP_ENE_PRC,BELDEN_7_B1,ALL,1,105.30588,2,3
2022-09-01T20:15:00-00:00,2022-09-01T20:30:00-00:00,2022-09-01,14,BELDEN_7_B1,BELDEN_7_B1,BELDEN_7_B1,RTPD,MCE,LMP_ENE_PRC,BELDEN_7_B1,ALL,1,117.49421,2,3
2022-09-01T21:15:00-00:00,2022-09-01T21:30:00-00:00,2022-09-01,15,BELDEN_7_B1,BELDEN_7_B1,BELDEN_7_B1,RTPD,MCE,LMP_ENE_PRC,BELDEN_7_B1,ALL,1,147.21185,2,3
2022-09-01T22:15:00-00:00,2022-09-01T22:30:00-00:00,2022-09-01,16,BELDEN_7_B1,BELDEN_7_B1,BELDEN_7_B1,RTPD,MCE,LMP_ENE_PRC,BELDEN_7_B1,ALL,1,256.58734,2,3
2022-09-01T23:15:00-00:00,2022-09-01T23:30:00-00:00,2022-09-01,17,BELDEN_7_B1,BELDEN_7_B1,BELDEN_7_B1,RTPD,MCE,LMP_ENE_PRC,BELDEN_7_B1,ALL,1,362.12408,2,3
2022-09-02T00:15:00-00:00,2022-09-02T00:30:00-00:00,2022-09-01,18,BELDEN_7_B1,BELDEN_7_B1,BELDEN_7_B1,RTPD,MCE,LMP_ENE_PRC,BELDEN_7_B1,ALL,1,691.2182,2,3
2022-09-02T01:15:00-00:00,2022-09-02T01:30:00-00:00,2022-09-01,19,BELDEN_7_B1,BELDEN_7_B1,BELDEN_7_B1,RTPD,MCE,LMP_ENE_PRC,BELDEN_7_B1,ALL,1,1999.9933,2,3
2022-09-02T02:15:00-00:00,2022-09-02T02:30:00-00:00,2022-09-01,20,BELDEN_7_B1,BELDEN_7_B1,BELDEN_7_B1,RTPD,MCE,LMP_ENE_PRC,BELDEN_7_B1,ALL,1,1991.6721,2,3
2022-09-02T03:15:00-00:00,2022-09-02T03:30:00-00:00,2022-09-01,21,BELDEN_7_B1,BELDEN_7_B1,BELDEN_7_B1,RTPD,MCE,LMP_ENE_PRC,BELDEN_7_B1,ALL,1,400.52884,2,3
2022-09-02T04:15:00-00:00,2022-09-02T04:30:00-00:00,2022-09-01,22,BELDEN_7_B1,BELDEN_7_B1,BELDEN_7_B1,RTPD,MCE,LMP_ENE_PRC,BELDEN_7_B1,ALL,1,224.75041,2,3
2022-09-02T05:15:00-00:00,2022-09-02T05:30:00-00:00,2022-09-01,23,BELDEN_7_B1,BELDEN_7_B1,BELDEN_7_B1,RTPD,MCE,LMP_ENE_PRC,BELDEN_7_B1,ALL,1,157.11986,2,3
2022-09-02T06:15:00-00:00,2022-09-02T06:30:00-00:00,2022-09-01,24,BELDEN_7_B1,BELDEN_7_B1,BELDEN_7_B1,RTPD,MCE,LMP_ENE_PRC,BELDEN_7_B1,ALL,1,143.1005,2,3
2022-09-01T07:30:00-00:00,2022-09-01T07:45:00-00:00,2022-09-01,01,BELDEN_7_B1,BELDEN_7_B1,BELDEN_7_B1,RTPD,MCE,LMP_ENE_PRC,BELDEN_7_B1,ALL,1,119.03196,3,3
2022-09-01T08:30:00-00:00,2022-09-01T08:45:00-00:00,2022-09-01,02,BELDEN_7_B1,BELDEN_7_B1,BELDEN_7_B1,RTPD,MCE,LMP_ENE_PRC,BELDEN_7_B1,ALL,1,111.11241,3,3
2022-09-01T09:30:00-00:00,2022-09-01T09:45:00-00:00,2022-09-01,03,BELDEN_7_B1,BELDEN_7_B1,BELDEN_7_B1,RTPD,MCE,LMP_ENE_PRC,BELDEN_7_B1,ALL,1,98.16228,3,3
2022-09-01T10:30:00-00:00,2022-09-01T10:45:00-00:00,2022-09-01,04,BELDEN_7_B1,BELDEN_7_B1,BELDEN_7_B1,RTPD,MCE,LMP_ENE_PRC,BELDEN_7_B1,ALL,1,96.36226,3,3
2022-09-01T11:30:00-00:00,2022-09-01T11:45:00-00:00,2022-09-01,05,BELDEN_7_B1,BELDEN_7_B1,BELDEN_7_B1,RTPD,MCE,LMP_ENE_PRC,BELDEN_7_B1,ALL,1,103.06198,3,3
2022-09-01T12:30:00-00:00,2022-09-01T12:45:00-00:00,2022-09-01,06,BELDEN_7_B1,BELDEN_7_B1,BELDEN_7_B1,RTPD,MCE,LMP_ENE_PRC,BELDEN_7_B1,ALL,1,113.57403,3,3
2022-09-01T13:30:00-00:00,2022-09-01T13:45:00-00:00,2022-09-01,07,BELDEN_7_B1,BELDEN_7_B1,BELDEN_7_B1,RTPD,MCE,LMP_ENE_PRC,BELDEN_7_B1,ALL,1,111.52025,3,3
2022-09-01T14:30:00-00:00,2022-09-01T14:45:00-00:00,2022-09-01,08,BELDEN_7_B1,BELDEN_7_B1,BELDEN_7_B1,RTPD,MCE,LMP_ENE_PRC,BELDEN_7_B1,ALL,1,101.83428,3,3
2022-09-01T15:30:00-00:00,2022-09-01T15:45:00-00:00,2022-09-01,09,BELDEN_7_B1,BELDEN_7_B1,BELDEN_7_B1,RTPD,MCE,LMP_ENE_PRC,BELDEN_7_B1,ALL,1,86.1388,3,3
2022-09-01T16:30:00-00:00,2022-09-01T16:45:00-00:00,2022-09-01,10,BELDEN_7_B1,BELDEN_7_B1,BELDEN_7_B1,RTPD,MCE,LMP_ENE_PRC,BELDEN_7_B1,ALL,1,88.79644,3,3
2022-09-01T17:30:00-00:00,2022-09-01T17:45:00-00:00,2022-09-01,11,BELDEN_7_B1,BELDEN_7_B1,BELDEN_7_B1,RTPD,MCE,LMP_ENE_PRC,BELDEN_7_B1,ALL,1,99.13013,3,3
2022-09-01T18:30:00-00:00,2022-09-01T18:45:00-00:00,2022-09-01,12,BELDEN_7_B1,BELDEN_7_B1,BELDEN_7_B1,RTPD,MCE,LMP_ENE_PRC,BELDEN_7_B1,ALL,1,107.05718,3,3
2022-09-01T19:30:00-00:00,2022-09-01T19:45:00-00:00,2022-09-01,13,BELDEN_7_B1,BELDEN_7_B1,BELDEN_7_B1,RTPD,MCE,LMP_ENE_PRC,BELDEN_7_B1,ALL,1,114.05905,3,3
2022-09-01T20:30:00-00:00,2022-09-01T20:45:00-00:00,2022-09-01,14,BELDEN_7_B1,BELDEN_7_B1,BELDEN_7_B1,RTPD,MCE,LMP_ENE_PRC,BELDEN_7_B1,ALL,1,129.81606,3,3
2022-09-01T21:30:00-00:00,2022-09-01T21:45:00-00:00,2022-09-01,15,BELDEN_7_B1,BELDEN_7_B1,BELDEN_7_B1,RTPD,MCE,LMP_ENE_PRC,BELDEN_7_B1,ALL,1,152.93057,3,3
2022-09-01T22:30:00-00:00,2022-09-01T22:45:00-00:00,2022-09-01,16,BELDEN_7_B1,BELDEN_7_B1,BELDEN_7_B1,RTPD,MCE,LMP_ENE_PRC,BELDEN_7_B1,ALL,1,283.18182,3,3
2022-09-01T23:30:00-00:00,2022-09-01T23:45:00-00:00,2022-09-01,17,BELDEN_7_B1,BELDEN_7_B1,BELDEN_7_B1,RTPD,MCE,LMP_ENE_PRC,BELDEN_7_B1,ALL,1,566.48157,3,3
2022-09-02T00:30:00-00:00,2022-09-02T00:45:00-00:00,2022-09-01,18,BELDEN_7_B1,BELDEN_7_B1,BELDEN_7_B1,RTPD,MCE,LMP_ENE_PRC,BELDEN_7_B1,ALL,1,1329.1127,3,3
2022-09-02T01:30:00-00:00,2022-09-02T01:45:00-00:00,2022-09-01,19,BELDEN_7_B1,BELDEN_7_B1,BELDEN_7_B1,RTPD,MCE,LMP_ENE_PRC,BELDEN_7_B1,ALL,1,1999.9956,3,3
2022-09-02T02:30:00-00:00,2022-09-02T02:45:00-00:00,2022-09-01,20,BELDEN_7_B1,BELDEN_7_B1,BELDEN_7_B1,RTPD,MCE,LMP_ENE_PRC,BELDEN_7_B1,ALL,1,1991.671,3,3
2022-09-02T03:30:00-00:00,2022-09-02T03:45:00-00:00,2022-09-01,21,BELDEN_7_B1,BELDEN_7_B1,BELDEN_7_B1,RTPD,MCE,LMP_ENE_PRC,BELDEN_7_B1,ALL,1,186.61823,3,3
2022-09-02T04:30:00-00:00,2022-09-02T04:45:00-00:00,2022-09-01,22,BELDEN_7_B1,BELDEN_7_B1,BELDEN_7_B1,RTPD,MCE,LMP_ENE_PRC,BELDEN_7_B1,ALL,1,180.67824,3,3
2022-09-02T05:30:00-00:00,2022-09-02T05:45:00-00:00,2022-09-01,23,BELDEN_7_B1,BELDEN_7_B1,BELDEN_7_B1,RTPD,MCE,LMP_ENE_PRC,BELDEN_7_B1,ALL,1,131.69917,3,3
2022-09-02T06:30:00-00:00,2022-09-02T06:45:00-00:00,2022-09-01,24,BELDEN_7_B1,BELDEN_7_B1,BELDEN_7_B1,RTPD,MCE,LMP_ENE_PRC,BELDEN_7_B1,ALL,1,128.9871,3,3
2022-09-01T07:45:00-00:00,2022-09-01T08:00:00-00:00,2022-09-01,01,BELDEN_7_B1,BELDEN_7_B1,BELDEN_7_B1,RTPD,MCE,LMP_ENE_PRC,BELDEN_7_B1,ALL,1,109.12099,4,3
2022-09-01T08:45:00-00:00,2022-09-01T09:00:00-00:00,2022-09-01,02,BELDEN_7_B1,BELDEN_7_B1,BELDEN_7_B1,RTPD,MCE,LMP_ENE_PRC,BELDEN_7_B1,ALL,1,98.7357,4,3
2022-09-01T09:45:00-00:00,2022-09-01T10:00:00-00:00,2022-09-01,03,BELDEN_7_B1,BELDEN_7_B1,BELDEN_7_B1,RTPD,MCE,LMP_ENE_PRC,BELDEN_7_B1,ALL,1,97.50475,4,3
2022-09-01T10:45:00-00:00,2022-09-01T11:00:00-00:00,2022-09-01,04,BELDEN_7_B1,BELDEN_7_B1,BELDEN_7_B1,RTPD,MCE,LMP_ENE_PRC,BELDEN_7_B1,ALL,1,94.71966,4,3
2022-09-01T11:45:00-00:00,2022-09-01T12:00:00-00:00,2022-09-01,05,BELDEN_7_B1,BELDEN_7_B1,BELDEN_7_B1,RTPD,MCE,LMP_ENE_PRC,BELDEN_7_B1,ALL,1,107.01,4,3
2022-09-01T12:45:00-00:00,2022-09-01T13:00:00-00:00,2022-09-01,06,BELDEN_7_B1,BELDEN_7_B1,BELDEN_7_B1,RTPD,MCE,LMP_ENE_PRC,BELDEN_7_B1,ALL,1,116.4848,4,3
2022-09-01T13:45:00-00:00,2022-09-01T14:00:00-00:00,2022-09-01,07,BELDEN_7_B1,BELDEN_7_B1,BELDEN_7_B1,RTPD,MCE,LMP_ENE_PRC,BELDEN_7_B1,ALL,1,111.41,4,3
2022-09-01T14:45:00-00:00,2022-09-01T15:00:00-00:00,2022-09-01,08,BELDEN_7_B1,BELDEN_7_B1,BELDEN_7_B1,RTPD,MCE,LMP_ENE_PRC,BELDEN_7_B1,ALL,1,86.1388,4,3
2022-09-01T15:45:00-00:00,2022-09-01T16:00:00-00:00,2022-09-01,09,BELDEN_7_B1,BELDEN_7_B1,BELDEN_7_B1,RTPD,MCE,LMP_ENE_PRC,BELDEN_7_B1,ALL,1,78.70076,4,3
2022-09-01T16:45:00-00:00,2022-09-01T17:00:00-00:00,2022-09-01,10,BELDEN_7_B1,BELDEN_7_B1,BELDEN_7_B1,RTPD,MCE,LMP_ENE_PRC,BELDEN_7_B1,ALL,1,91.24933,4,3
2022-09-01T17:45:00-00:00,2022-09-01T18:00:00-00:00,2022-09-01,11,BELDEN_7_B1,BELDEN_7_B1,BELDEN_7_B1,RTPD,MCE,LMP_ENE_PRC,BELDEN_7_B1,ALL,1,99.20544,4,3
2022-09-01T18:45:00-00:00,2022-09-01T19:00:00-00:00,2022-09-01,12,BELDEN_7_B1,BELDEN_7_B1,BELDEN_7_B1,RTPD,MCE,LMP_ENE_PRC,BELDEN_7_B1,ALL,1,109.04064,4,3
2022-09-01T19:45:00-00:00,2022-09-01T20:00:00-00:00,2022-09-01,13,BELDEN_7_B1,BELDEN_7_B1,BELDEN_7_B1,RTPD,MCE,LMP_ENE_PRC,BELDEN_7_B1,ALL,1,120.22491,4,3
2022-09-01T20:45:00-00:00,2022-09-01T21:00:00-00:00,2022-09-01,14,BELDEN_7_B1,BELDEN_7_B1,BELDEN_7_B1,RTPD,MCE,LMP_ENE_PRC,BELDEN_7_B1,ALL,1,154.02509,4,3
2022-09-01T21:45:00-00:00,2022-09-01T22:00:00-00:00,2022-09-01,15,BELDEN_7_B1,BELDEN_7_B1,BELDEN_7_B1,RTPD,MCE,LMP_ENE_PRC,BELDEN_7_B1,ALL,1,300.29376,4,3
2022-09-01T22:45:00-00:00,2022-09-01T23:00:00-00:00,2022-09-01,16,BELDEN_7_B1,BELDEN_7_B1,BELDEN_7_B1,RTPD,MCE,LMP_ENE_PRC,BELDEN_7_B1,ALL,1,429.9137,4,3
2022-09-01T23:45:00-00:00,2022-09-02T00:00:00-00:00,2022-09-01,17,BELDEN_7_B1,BELDEN_7_B1,BELDEN_7_B1,RTPD,MCE,LMP_ENE_PRC,BELDEN_7_B1,ALL,1,1261.2124,4,3
2022-09-02T00:45:00-00:00,2022-09-02T01:00:00-00:00,2022-09-01,18,BELDEN_7_B1,BELDEN_7_B1,BELDEN_7_B1,RTPD,MCE,LMP_ENE_PRC,BELDEN_7_B1,ALL,1,1519.149,4,3
2022-09-02T01:45:00-00:00,2022-09-02T02:00:00-00:00,2022-09-01,19,BELDEN_7_B1,BELDEN_7_B1,BELDEN_7_B1,RTPD,MCE,LMP_ENE_PRC,BELDEN_7_B1,ALL,1,1991.9337,4,3
2022-09-02T02:45:00-00:00,2022-09-02T03:00:00-00:00,2022-09-01,20,BELDEN_7_B1,BELDEN_7_B1,BELDEN_7_B1,RTPD,MCE,LMP_ENE_PRC,BELDEN_7_B1,ALL,1,1629.6213,4,3
2022-09-02T03:45:00-00:00,2022-09-02T04:00:00-00:00,2022-09-01,21,BELDEN_7_B1,BELDEN_7_B1,BELDEN_7_B1,RTPD,MCE,LMP_ENE_PRC,BELDEN_7_B1,ALL,1,141.13702,4,3
2022-09-02T04:45:00-00:00,2022-09-02T05:00:00-00:00,2022-09-01,22,BELDEN_7_B1,BELDEN_7_B1,BELDEN_7_B1,RTPD,MCE,LMP_ENE_PRC,BELDEN_7_B1,ALL,1,126.76372,4,3
2022-09-02T05:45:00-00:00,2022-09-02T06:00:00-00:00,2022-09-01,23,BELDEN_7_B1,BELDEN_7_B1,BELDEN_7_B1,RTPD,MCE,LMP_ENE_PRC,BELDEN_7_B1,ALL,1,119.00958,4,3
2022-09-02T06:45:00-00:00,2022-09-02T07:00:00-00:00,2022-09-01,24,BELDEN_7_B1,BELDEN_7_B1,BELDEN_7_B1,RTPD,MCE,LMP_ENE_PRC,BELDEN_7_B1,ALL,1,109.20324,4,3
2022-09-01T07:00:00-00:00,2022-09-01T07:15:00-00:00,2022-09-01,01,BELDEN_7_B1,BELDEN_7_B1,BELDEN_7_B1,RTPD,MCL,LMP_LOSS_PRC,BELDEN_7_B1,ALL,1,-11.43455,1,4
2022-09-01T08:00:00-00:00,2022-09-01T08:15:00-00:00,2022-09-01,02,BELDEN_7_B1,BELDEN_7_B1,BELDEN_7_B1,RTPD,MCL,LMP_LOSS_PRC,BELDEN_7_B1,ALL,1,0,1,4
2022-09-01T09:00:00-00:00,2022-09-01T09:15:00-00:00,2022-09-01,03,BELDEN_7_B1,BELDEN_7_B1,BELDEN_7_B1,RTPD,MCL,LMP_LOSS_PRC,BELDEN_7_B1,ALL,1,0.48868,1,4
2022-09-01T10:00:00-00:00,2022-09-01T10:15:00-00:00,2022-09-01,04,BELDEN_7_B1,BELDEN_7_B1,BELDEN_7_B1,RTPD,MCL,LMP_LOSS_PRC,BELDEN_7_B1,ALL,1,0.48335,1,4
2022-09-01T11:00:00-00:00,2022-09-01T11:15:00-00:00,2022-09-01,05,BELDEN_7_B1,BELDEN_7_B1,BELDEN_7_B1,RTPD,MCL,LMP_LOSS_PRC,BELDEN_7_B1,ALL,1,0,1,4
2022-09-01T12:00:00-00:00,2022-09-01T12:15:00-00:00,2022-09-01,06,BELDEN_7_B1,BELDEN_7_B1,BELDEN_7_B1,RTPD,MCL,LMP_LOSS_PRC,BELDEN_7_B1,ALL,1,-1.78312,1,4
2022-09-01T13:00:00-00:00,2022-09-01T13:15:00-00:00,2022-09-01,07,BELDEN_7_B1,BELDEN_7_B1,BELDEN_7_B1,RTPD,MCL,LMP_LOSS_PRC,BELDEN_7_B1,ALL,1,0,1,4
2022-09-01T14:00:00-00:00,2022-09-01T14:15:00-00:00,2022-09-01,08,BELDEN_7_B1,BELDEN_7_B1,BELDEN_7_B1,RTPD,MCL,LMP_LOSS_PRC,BELDEN_7_B1,ALL,1,1.10001,1,4
2022-09-01T15:00:00-00:00,2022-09-01T15:15:00-00:00,2022-09-01,09,BELDEN_7_B1,BELDEN_7_B1,BELDEN_7_B1,RTPD,MCL,LMP_LOSS_PRC,BELDEN_7_B1,ALL,1,0,1,4
2022-09-01T16:00:00-00:00,2022-09-01T16:15:00-00:00,2022-09-01,10,BELDEN_7_B1,BELDEN_7_B1,BELDEN_7_B1,RTPD,MCL,LMP_LOSS_PRC,BELDEN_7_B1,ALL,1,0,1,4
2022-09-01T17:00:00-00:00,2022-09-01T17:15:00-00:00,2022-09-01,11,BELDEN_7_B1,BELDEN_7_B1,BELDEN_7_B1,RTPD,MCL,LMP_LOSS_PRC,BELDEN_7_B1,ALL,1,0,1,4
2022-09-01T18:00:00-00:00,2022-09-01T18:15:00-00:00,2022-09-01,12,BELDEN_7_B1,BELDEN_7_B1,BELDEN_7_B1,RTPD,MCL,LMP_LOSS_PRC,BELDEN_7_B1,ALL,1,0,1,4
2022-09-01T19:00:00-00:00,2022-09-01T19:15:00-00:00,2022-09-01,13,BELDEN_7_B1,BELDEN_7_B1,BELDEN_7_B1,RTPD,MCL,LMP_LOSS_PRC,BELDEN_7_B1,ALL,1,0,1,4
2022-09-01T20:00:00-00:00,2022-09-01T20:15:00-00:00,2022-09-01,14,BELDEN_7_B1,BELDEN_7_B1,BELDEN_7_B1,RTPD,MCL,LMP_LOSS_PRC,BELDEN_7_B1,ALL,1,0,1,4
2022-09-01T21:00:00-00:00,2022-09-01T21:15:00-00:00,2022-09-01,15,BELDEN_7_B1,BELDEN_7_B1,BELDEN_7_B1,RTPD,MCL,LMP_LOSS_PRC,BELDEN_7_B1,ALL,1,0,1,4
2022-09-01T22:00:00-00:00,2022-09-01T22:15:00-00:00,2022-09-01,16,BELDEN_7_B1,BELDEN_7_B1,BELDEN_7_B1,RTPD,MCL,LMP_LOSS_PRC,BELDEN_7_B1,ALL,1,0,1,4
2022-09-01T23:00:00-00:00,2022-09-01T23:15:00-00:00,2022-09-01,17,BELDEN_7_B1,BELDEN_7_B1,BELDEN_7_B1,RTPD,MCL,LMP_LOSS_PRC,BELDEN_7_B1,ALL,1,0,1,4
2022-09-02T00:00:00-00:00,2022-09-02T00:15:00-00:00,2022-09-01,18,BELDEN_7_B1,BELDEN_7_B1,BELDEN_7_B1,RTPD,MCL,LMP_LOSS_PRC,BELDEN_7_B1,ALL,1,-73.35935,1,4
2022-09-02T01:00:00-00:00,2022-09-02T01:15:00-00:00,2022-09-01,19,BELDEN_7_B1,BELDEN_7_B1,BELDEN_7_B1,RTPD,MCL,LMP_LOSS_PRC,BELDEN_7_B1,ALL,1,0,1,4
2022-09-02T02:00:00-00:00,2022-09-02T02:15:00-00:00,2022-09-01,20,BELDEN_7_B1,BELDEN_7_B1,BELDEN_7_B1,RTPD,MCL,LMP_LOSS_PRC,BELDEN_7_B1,ALL,1,0,1,4
2022-09-02T03:00:00-00:00,2022-09-02T03:15:00-00:00,2022-09-01,21,BELDEN_7_B1,BELDEN_7_B1,BELDEN_7_B1,RTPD,MCL,LMP_LOSS_PRC,BELDEN_7_B1,ALL,1,-51.4746,1,4
2022-09-02T04:00:00-00:00,2022-09-02T04:15:00-00:00,2022-09-01,22,BELDEN_7_B1,BELDEN_7_B1,BELDEN_7_B1,RTPD,MCL,LMP_LOSS_PRC,BELDEN_7_B1,ALL,1,-14.59318,1,4
2022-09-02T05:00:00-00:00,2022-09-02T05:15:00-00:00,2022-09-01,23,BELDEN_7_B1,BELDEN_7_B1,BELDEN_7_B1,RTPD,MCL,LMP_LOSS_PRC,BELDEN_7_B1,ALL,1,-9.76704,1,4
2022-09-02T06:00:00-00:00,2022-09-02T06:15:00-00:00,2022-09-01,24,BELDEN_7_B1,BELDEN_7_B1,BELDEN_7_B1,RTPD,MCL,LMP_LOSS_PRC,BELDEN_7_B1,ALL,1,1.09618,1,4
2022-09-01T07:15:00-00:00,2022-09-01T07:30:00-00:00,2022-09-01,01,BELDEN_7_B1,BELDEN_7_B1,BELDEN_7_B1,RTPD,MCL,LMP_LOSS_PRC,BELDEN_7_B1,ALL,1,0,2,4
2022-09-01T08:15:00-00:00,2022-09-01T08:30:00-00:00,2022-09-01,02,BELDEN_7_B1,BELDEN_7_B1,BELDEN_7_B1,RTPD,MCL,LMP_LOSS_PRC,BELDEN_7_B1,ALL,1,0,2,4
2022-09-01T09:15:00-00:00,2022-09-01T09:30:00-00:00,2022-09-01,03,BELDEN_7_B1,BELDEN_7_B1,BELDEN_7_B1,RTPD,MCL,LMP_LOSS_PRC,BELDEN_7_B1,ALL,1,0.61932,2,4
2022-09-01T10:15:00-00:00,2022-09-01T10:30:00-00:00,2022-09-01,04,BELDEN_7_B1,BELDEN_7_B1,BELDEN_7_B1,RTPD,MCL,LMP_LOSS_PRC,BELDEN_7_B1,ALL,1,0.33952,2,4
2022-09-01T11:15:00-00:00,2022-09-01T11:30:00-00:00,2022-09-01,05,BELDEN_7_B1,BELDEN_7_B1,BELDEN_7_B1,RTPD,MCL,LMP_LOSS_PRC,BELDEN_7_B1,ALL,1,-0.05155,2,4
2022-09-01T12:15:00-00:00,2022-09-01T12:30:00-00:00,2022-09-01,06,BELDEN_7_B1,BELDEN_7_B1,BELDEN_7_B1,RTPD,MCL,LMP_LOSS_PRC,BELDEN_7_B1,ALL,1,-1.77102,2,4
2022-09-01T13:15:00-00:00,2022-09-01T13:30:00-00:00,2022-09-01,07,BELDEN_7_B1,BELDEN_7_B1,BELDEN_7_B1,RTPD,MCL,LMP_LOSS_PRC,BELDEN_7_B1,ALL,1,-2.23066,2,4
2022-09-01T14:15:00-00:00,2022-09-01T14:30:00-00:00,2022-09-01,08,BELDEN_7_B1,BELDEN_7_B1,BELDEN_7_B1,RTPD,MCL,LMP_LOSS_PRC,BELDEN_7_B1,ALL,1,1.12123,2,4
2022-09-01T15:15:00-00:00,2022-09-01T15:30:00-00:00,2022-09-01,09,BELDEN_7_B1,BELDEN_7_B1,BELDEN_7_B1,RTPD,MCL,LMP_LOSS_PRC,BELDEN_7_B1,ALL,1,0,2,4
2022-09-01T16:15:00-00:00,2022-09-01T16:30:00-00:00,2022-09-01,10,BELDEN_7_B1,BELDEN_7_B1,BELDEN_7_B1,RTPD,MCL,LMP_LOSS_PRC,BELDEN_7_B1,ALL,1,0,2,4
2022-09-01T17:15:00-00:00,2022-09-01T17:30:00-00:00,2022-09-01,11,BELDEN_7_B1,BELDEN_7_B1,BELDEN_7_B1,RTPD,MCL,LMP_LOSS_PRC,BELDEN_7_B1,ALL,1,0,2,4
2022-09-01T18:15:00-00:00,2022-09-01T18:30:00-00:00,2022-09-01,12,BELDEN_7_B1,BELDEN_7_B1,BELDEN_7_B1,RTPD,MCL,LMP_LOSS_PRC,BELDEN_7_B1,ALL,1,0,2,4
2022-09-01T19:15:00-00:00,2022-09-01T19:30:00-00:00,2022-09-01,13,BELDEN_7_B1,BELDEN_7_B1,BELDEN_7_B1,RTPD,MCL,LMP_LOSS_PRC,BELDEN_7_B1,ALL,1,0,2,4
2022-09-01T20:15:00-00:00,2022-09-01T20:30:00-00:00,2022-09-01,14,BELDEN_7_B1,BELDEN_7_B1,BELDEN_7_B1,RTPD,MCL,LMP_LOSS_PRC,BELDEN_7_B1,ALL,1,0,2,4
2022-09-01T21:15:00-00:00,2022-09-01T21:30:00-00:00,2022-09-01,15,BELDEN_7_B1,BELDEN_7_B1,BELDEN_7_B1,RTPD,MCL,LMP_LOSS_PRC,BELDEN_7_B1,ALL,1,0,2,4
2022-09-01T22:15:00-00:00,2022-09-01T22:30:00-00:00,2022-09-01,16,BELDEN_7_B1,BELDEN_7_B1,BELDEN_7_B1,RTPD,MCL,LMP_LOSS_PRC,BELDEN_7_B1,ALL,1,0,2,4
2022-09-01T23:15:00-00:00,2022-09-01T23:30:00-00:00,2022-09-01,17,BELDEN_7_B1,BELDEN_7_B1,BELDEN_7_B1,RTPD,MCL,LMP_LOSS_PRC,BELDEN_7_B1,ALL,1,0,2,4
2022-09-02T00:15:00-00:00,2022-09-02T00:30:00-00:00,2022-09-01,18,BELDEN_7_B1,BELDEN_7_B1,BELDEN_7_B1,RTPD,MCL,LMP_LOSS_PRC,BELDEN_7_B1,ALL,1,-65.45837,2,4
2022-09-02T01:15:00-00:00,2022-09-02T01:30:00-00:00,2022-09-01,19,BELDEN_7_B1,BELDEN_7_B1,BELDEN_7_B1,RTPD,MCL,LMP_LOSS_PRC,BELDEN_7_B1,ALL,1,0,2,4
2022-09-02T02:15:00-00:00,2022-09-02T02:30:00-00:00,2022-09-01,20,BELDEN_7_B1,BELDEN_7_B1,BELDEN_7_B1,RTPD,MCL,LMP_LOSS_PRC,BELDEN_7_B1,ALL,1,0,2,4
2022-09-02T03:15:00-00:00,2022-09-02T03:30:00-00:00,2022-09-01,21,BELDEN_7_B1,BELDEN_7_B1,BELDEN_7_B1,RTPD,MCL,LMP_LOSS_PRC,BELDEN_7_B1,ALL,1,-25.83411,2,4
2022-09-02T04:15:00-00:00,2022-09-02T04:30:00-00:00,2022-09-01,22,BELDEN_7_B1,BELDEN_7_B1,BELDEN_7_B1,RTPD,MCL,LMP_LOSS_PRC,BELDEN_7_B1,ALL,1,-13.4176,2,4
2022-09-02T05:15:00-00:00,2022-09-02T05:30:00-00:00,2022-09-01,23,BELDEN_7_B1,BELDEN_7_B1,BELDEN_7_B1,RTPD,MCL,LMP_LOSS_PRC,BELDEN_7_B1,ALL,1,-9.06582,2,4
2022-09-02T06:15:00-00:00,2022-09-02T06:30:00-00:00,2022-09-01,24,BELDEN_7_B1,BELDEN_7_B1,BELDEN_7_B1,RTPD,MCL,LMP_LOSS_PRC,BELDEN_7_B1,ALL,1,-0.41499,2,4
2022-09-01T07:30:00-00:00,2022-09-01T07:45:00-00:00,2022-09-01,01,BELDEN_7_B1,BELDEN_7_B1,BELDEN_7_B1,RTPD,MCL,LMP_LOSS_PRC,BELDEN_7_B1,ALL,1,0,3,4
2022-09-01T08:30:00-00:00,2022-09-01T08:45:00-00:00,2022-09-01,02,BELDEN_7_B1,BELDEN_7_B1,BELDEN_7_B1,RTPD,MCL,LMP_LOSS_PRC,BELDEN_7_B1,ALL,1,1.11112,3,4
2022-09-01T09:30:00-00:00,2022-09-01T09:45:00-00:00,2022-09-01,03,BELDEN_7_B1,BELDEN_7_B1,BELDEN_7_B1,RTPD,MCL,LMP_LOSS_PRC,BELDEN_7_B1,ALL,1,0.43191,3,4
2022-09-01T10:30:00-00:00,2022-09-01T10:45:00-00:00,2022-09-01,04,BELDEN_7_B1,BELDEN_7_B1,BELDEN_7_B1,RTPD,MCL,LMP_LOSS_PRC,BELDEN_7_B1,ALL,1,0.49145,3,4
2022-09-01T11:30:00-00:00,2022-09-01T11:45:00-00:00,2022-09-01,05,BELDEN_7_B1,BELDEN_7_B1,BELDEN_7_B1,RTPD,MCL,LMP_LOSS_PRC,BELDEN_7_B1,ALL,1,-0.31949,3,4
2022-09-01T12:30:00-00:00,2022-09-01T12:45:00-00:00,2022-09-01,06,BELDEN_7_B1,BELDEN_7_B1,BELDEN_7_B1,RTPD,MCL,LMP_LOSS_PRC,BELDEN_7_B1,ALL,1,-1.72633,3,4
2022-09-01T13:30:00-00:00,2022-09-01T13:45:00-00:00,2022-09-01,07,BELDEN_7_B1,BELDEN_7_B1,BELDEN_7_B1,RTPD,MCL,LMP_LOSS_PRC,BELDEN_7_B1,ALL,1,-1.99621,3,4
2022-09-01T14:30:00-00:00,2022-09-01T14:45:00-00:00,2022-09-01,08,BELDEN_7_B1,BELDEN_7_B1,BELDEN_7_B1,RTPD,MCL,LMP_LOSS_PRC,BELDEN_7_B1,ALL,1,1.32385,3,4
2022-09-01T15:30:00-00:00,2022-09-01T15:45:00-00:00,2022-09-01,09,BELDEN_7_B1,BELDEN_7_B1,BELDEN_7_B1,RTPD,MCL,LMP_LOSS_PRC,BELDEN_7_B1,ALL,1,0,3,4
2022-09-01T16:30:00-00:00,2022-09-01T16:45:00-00:00,2022-09-01,10,BELDEN_7_B1,BELDEN_7_B1,BELDEN_7_B1,RTPD,MCL,LMP_LOSS_PRC,BELDEN_7_B1,ALL,1,0,3,4
2022-09-01T17:30:00-00:00,2022-09-01T17:45:00-00:00,2022-09-01,11,BELDEN_7_B1,BELDEN_7_B1,BELDEN_7_B1,RTPD,MCL,LMP_LOSS_PRC,BELDEN_7_B1,ALL,1,0,3,4
2022-09-01T18:30:00-00:00,2022-09-01T18:45:00-00:00,2022-09-01,12,BELDEN_7_B1,BELDEN_7_B1,BELDEN_7_B1,RTPD,MCL,LMP_LOSS_PRC,BELDEN_7_B1,ALL,1,0,3,4
2022-09-01T19:30:00-00:00,2022-09-01T19:45:00-00:00,2022-09-01,13,BELDEN_7_B1,BELDEN_7_B1,BELDEN_7_B1,RTPD,MCL,LMP_LOSS_PRC,BELDEN_7_B1,ALL,1,0,3,4
2022-09-01T20:30:00-00:00,2022-09-01T20:45:00-00:00,2022-09-01,14,BELDEN_7_B1,BELDEN_7_B1,BELDEN_7_B1,RTPD,MCL,LMP_LOSS_PRC,BELDEN_7_B1,ALL,1,0,3,4
2022-09-01T21:30:00-00:00,2022-09-01T21:45:00-00:00,2022-09-01,15,BELDEN_7_B1,BELDEN_7_B1,BELDEN_7_B1,RTPD,MCL,LMP_LOSS_PRC,BELDEN_7_B1,ALL,1,0,3,4
2022-09-01T22:30:00-00:00,2022-09-01T22:45:00-00:00,2022-09-01,16,BELDEN_7_B1,BELDEN_7_B1,BELDEN_7_B1,RTPD,MCL,LMP_LOSS_PRC,BELDEN_7_B1,ALL,1,0,3,4
2022-09-01T23:30:00-00:00,2022-09-01T23:45:00-00:00,2022-09-01,17,BELDEN_7_B1,BELDEN_7_B1,BELDEN_7_B1,RTPD,MCL,LMP_LOSS_PRC,BELDEN_7_B1,ALL,1,0,3,4
2022-09-02T00:30:00-00:00,2022-09-02T00:45:00-00:00,2022-09-01,18,BELDEN_7_B1,BELDEN_7_B1,BELDEN_7_B1,RTPD,MCL,LMP_LOSS_PRC,BELDEN_7_B1,ALL,1,0,3,4
2022-09-02T01:30:00-00:00,2022-09-02T01:45:00-00:00,2022-09-01,19,BELDEN_7_B1,BELDEN_7_B1,BELDEN_7_B1,RTPD,MCL,LMP_LOSS_PRC,BELDEN_7_B1,ALL,1,0,3,4
2022-09-02T02:30:00-00:00,2022-09-02T02:45:00-00:00,2022-09-01,20,BELDEN_7_B1,BELDEN_7_B1,BELDEN_7_B1,RTPD,MCL,LMP_LOSS_PRC,BELDEN_7_B1,ALL,1,0,3,4
2022-09-02T03:30:00-00:00,2022-09-02T03:45:00-00:00,2022-09-01,21,BELDEN_7_B1,BELDEN_7_B1,BELDEN_7_B1,RTPD,MCL,LMP_LOSS_PRC,BELDEN_7_B1,ALL,1,-13.7351,3,4
2022-09-02T04:30:00-00:00,2022-09-02T04:45:00-00:00,2022-09-01,22,BELDEN_7_B1,BELDEN_7_B1,BELDEN_7_B1,RTPD,MCL,LMP_LOSS_PRC,BELDEN_7_B1,ALL,1,-12.55714,3,4
2022-09-02T05:30:00-00:00,2022-09-02T05:45:00-00:00,2022-09-01,23,BELDEN_7_B1,BELDEN_7_B1,BELDEN_7_B1,RTPD,MCL,LMP_LOSS_PRC,BELDEN_7_B1,ALL,1,-7.79659,3,4
2022-09-02T06:30:00-00:00,2022-09-02T06:45:00-00:00,2022-09-01,24,BELDEN_7_B1,BELDEN_7_B1,BELDEN_7_B1,RTPD,MCL,LMP_LOSS_PRC,BELDEN_7_B1,ALL,1,0.18058,3,4
2022-09-01T07:45:00-00:00,2022-09-01T08:00:00-00:00,2022-09-01,01,BELDEN_7_B1,BELDEN_7_B1,BELDEN_7_B1,RTPD,MCL,LMP_LOSS_PRC,BELDEN_7_B1,ALL,1,0,4,4
2022-09-01T08:45:00-00:00,2022-09-01T09:00:00-00:00,2022-09-01,02,BELDEN_7_B1,BELDEN_7_B1,BELDEN_7_B1,RTPD,MCL,LMP_LOSS_PRC,BELDEN_7_B1,ALL,1,0.859,4,4
2022-09-01T09:45:00-00:00,2022-09-01T10:00:00-00:00,2022-09-01,03,BELDEN_7_B1,BELDEN_7_B1,BELDEN_7_B1,RTPD,MCL,LMP_LOSS_PRC,BELDEN_7_B1,ALL,1,0.41927,4,4
2022-09-01T10:45:00-00:00,2022-09-01T11:00:00-00:00,2022-09-01,04,BELDEN_7_B1,BELDEN_7_B1,BELDEN_7_B1,RTPD,MCL,LMP_LOSS_PRC,BELDEN_7_B1,ALL,1,0.44518,4,4
2022-09-01T11:45:00-00:00,2022-09-01T12:00:00-00:00,2022-09-01,05,BELDEN_7_B1,BELDEN_7_B1,BELDEN_7_B1,RTPD,MCL,LMP_LOSS_PRC,BELDEN_7_B1,ALL,1,0,4,4
2022-09-01T12:45:00-00:00,2022-09-01T13:00:00-00:00,2022-09-01,06,BELDEN_7_B1,BELDEN_7_B1,BELDEN_7_B1,RTPD,MCL,LMP_LOSS_PRC,BELDEN_7_B1,ALL,1,0,4,4
2022-09-01T13:45:00-00:00,2022-09-01T14:00:00-00:00,2022-09-01,07,BELDEN_7_B1,BELDEN_7_B1,BELDEN_7_B1,RTPD,MCL,LMP_LOSS_PRC,BELDEN_7_B1,ALL,1,0,4,4
2022-09-01T14:45:00-00:00,2022-09-01T15:00:00-00:00,2022-09-01,08,BELDEN_7_B1,BELDEN_7_B1,BELDEN_7_B1,RTPD,MCL,LMP_LOSS_PRC,BELDEN_7_B1,ALL,1,0,4,4
2022-09-01T15:45:00-00:00,2022-09-01T16:00:00-00:00,2022-09-01,09,BELDEN_7_B1,BELDEN_7_B1,BELDEN_7_B1,RTPD,MCL,LMP_LOSS_PRC,BELDEN_7_B1,ALL,1,0,4,4
2022-09-01T16:45:00-00:00,2022-09-01T17:00:00-00:00,2022-09-01,10,BELDEN_7_B1,BELDEN_7_B1,BELDEN_7_B1,RTPD,MCL,LMP_LOSS_PRC,BELDEN_7_B1,ALL,1,0,4,4
2022-09-01T17:45:00-00:00,2022-09-01T18:00:00-00:00,2022-09-01,11,BELDEN_7_B1,BELDEN_7_B1,BELDEN_7_B1,RTPD,MCL,LMP_LOSS_PRC,BELDEN_7_B1,ALL,1,0,4,4
2022-09-01T18:45:00-00:00,2022-09-01T19:00:00-00:00,2022-09-01,12,BELDEN_7_B1,BELDEN_7_B1,BELDEN_7_B1,RTPD,MCL,LMP_LOSS_PRC,BELDEN_7_B1,ALL,1,0,4,4
2022-09-01T19:45:00-00:00,2022-09-01T20:00:00-00:00,2022-09-01,13,BELDEN_7_B1,BELDEN_7_B1,BELDEN_7_B1,RTPD,MCL,LMP_LOSS_PRC,BELDEN_7_B1,ALL,1,0,4,4
2022-09-01T20:45:00-00:00,2022-09-01T21:00:00-00:00,2022-09-01,14,BELDEN_7_B1,BELDEN_7_B1,BELDEN_7_B1,RTPD,MCL,LMP_LOSS_PRC,BELDEN_7_B1,ALL,1,0,4,4
2022-09-01T21:45:00-00:00,2022-09-01T22:00:00-00:00,2022-09-01,15,BELDEN_7_B1,BELDEN_7_B1,BELDEN_7_B1,RTPD,MCL,LMP_LOSS_PRC,BELDEN_7_B1,ALL,1,0,4,4
2022-09-01T22:45:00-00:00,2022-09-01T23:00:00-00:00,2022-09-01,16,BELDEN_7_B1,BELDEN_7_B1,BELDEN_7_B1,RTPD,MCL,LMP_LOSS_PRC,BELDEN_7_B1,ALL,1,0,4,4
2022-09-01T23:45:00-00:00,2022-09-02T00:00:00-00:00,2022-09-01,17,BELDEN_7_B1,BELDEN_7_B1,BELDEN_7_B1,RTPD,MCL,LMP_LOSS_PRC,BELDEN_7_B1,ALL,1,0,4,4
2022-09-02T00:45:00-00:00,2022-09-02T01:00:00-00:00,2022-09-01,18,BELDEN_7_B1,BELDEN_7_B1,BELDEN_7_B1,RTPD,MCL,LMP_LOSS_PRC,BELDEN_7_B1,ALL,1,0,4,4
2022-09-02T01:45:00-00:00,2022-09-02T02:00:00-00:00,2022-09-01,19,BELDEN_7_B1,BELDEN_7_B1,BELDEN_7_B1,RTPD,MCL,LMP_LOSS_PRC,BELDEN_7_B1,ALL,1,0,4,4
2022-09-02T02:45:00-00:00,2022-09-02T03:00:00-00:00,2022-09-01,20,BELDEN_7_B1,BELDEN_7_B1,BELDEN_7_B1,RTPD,MCL,LMP_LOSS_PRC,BELDEN_7_B1,ALL,1,-103.64392,4,4
2022-09-02T03:45:00-00:00,2022-09-02T04:00:00-00:00,2022-09-01,21,BELDEN_7_B1,BELDEN_7_B1,BELDEN_7_B1,RTPD,MCL,LMP_LOSS_PRC,BELDEN_7_B1,ALL,1,-11.62969,4,4
2022-09-02T04:45:00-00:00,2022-09-02T05:00:00-00:00,2022-09-01,22,BELDEN_7_B1,BELDEN_7_B1,BELDEN_7_B1,RTPD,MCL,LMP_LOSS_PRC,BELDEN_7_B1,ALL,1,-7.80865,4,4
2022-09-02T05:45:00-00:00,2022-09-02T06:00:00-00:00,2022-09-01,23,BELDEN_7_B1,BELDEN_7_B1,BELDEN_7_B1,RTPD,MCL,LMP_LOSS_PRC,BELDEN_7_B1,ALL,1,-6.93826,4,4
2022-09-02T06:45:00-00:00,2022-09-02T07:00:00-00:00,2022-09-01,24,BELDEN_7_B1,BELDEN_7_B1,BELDEN_7_B1,RTPD,MCL,LMP_LOSS_PRC,BELDEN_7_B1,ALL,1,0.90639,4,4
2022-09-01T07:00:00-00:00,2022-09-01T07:15:00-00:00,2022-09-01,01,BELDEN_7_B1,BELDEN_7_B1,BELDEN_7_B1,RTPD,MGHG,LMP_GHG_PRC,BELDEN_7_B1,ALL,1,0,1,5
2022-09-01T08:00:00-00:00,2022-09-01T08:15:00-00:00,2022-09-01,02,BELDEN_7_B1,BELDEN_7_B1,BELDEN_7_B1,RTPD,MGHG,LMP_GHG_PRC,BELDEN_7_B1,ALL,1,0,1,5
2022-09-01T09:00:00-00:00,2022-09-01T09:15:00-00:00,2022-09-01,03,BELDEN_7_B1,BELDEN_7_B1,BELDEN_7_B1,RTPD,MGHG,LMP_GHG_PRC,BELDEN_7_B1,ALL,1,0,1,5
2022-09-01T10:00:00-00:00,2022-09-01T10:15:00-00:00,2022-09-01,04,BELDEN_7_B1,BELDEN_7_B1,BELDEN_7_B1,RTPD,MGHG,LMP_GHG_PRC,BELDEN_7_B1,ALL,1,0,1,5
2022-09-01T11:00:00-00:00,2022-09-01T11:15:00-00:00,2022-09-01,05,BELDEN_7_B1,BELDEN_7_B1,BELDEN_7_B1,RTPD,MGHG,LMP_GHG_PRC,BELDEN_7_B1,ALL,1,0,1,5
2022-09-01T12:00:00-00:00,2022-09-01T12:15:00-00:00,2022-09-01,06,BELDEN_7_B1,BELDEN_7_B1,BELDEN_7_B1,RTPD,MGHG,LMP_GHG_PRC,BELDEN_7_B1,ALL,1,0,1,5
2022-09-01T13:00:00-00:00,2022-09-01T13:15:00-00:00,2022-09-01,07,BELDEN_7_B1,BELDEN_7_B1,BELDEN_7_B1,RTPD,MGHG,LMP_GHG_PRC,BELDEN_7_B1,ALL,1,0,1,5
2022-09-01T14:00:00-00:00,2022-09-01T14:15:00-00:00,2022-09-01,08,BELDEN_7_B1,BELDEN_7_B1,BELDEN_7_B1,RTPD,MGHG,LMP_GHG_PRC,BELDEN_7_B1,ALL,1,0,1,5
2022-09-01T15:00:00-00:00,2022-09-01T15:15:00-00:00,2022-09-01,09,BELDEN_7_B1,BELDEN_7_B1,BELDEN_7_B1,RTPD,MGHG,LMP_GHG_PRC,BELDEN_7_B1,ALL,1,0,1,5
2022-09-01T16:00:00-00:00,2022-09-01T16:15:00-00:00,2022-09-01,10,BELDEN_7_B1,BELDEN_7_B1,BELDEN_7_B1,RTPD,MGHG,LMP_GHG_PRC,BELDEN_7_B1,ALL,1,0,1,5
2022-09-01T17:00:00-00:00,2022-09-01T17:15:00-00:00,2022-09-01,11,BELDEN_7_B1,BELDEN_7_B1,BELDEN_7_B1,RTPD,MGHG,LMP_GHG_PRC,BELDEN_7_B1,ALL,1,0,1,5
2022-09-01T18:00:00-00:00,2022-09-01T18:15:00-00:00,2022-09-01,12,BELDEN_7_B1,BELDEN_7_B1,BELDEN_7_B1,RTPD,MGHG,LMP_GHG_PRC,BELDEN_7_B1,ALL,1,0,1,5
2022-09-01T19:00:00-00:00,2022-09-01T19:15:00-00:00,2022-09-01,13,BELDEN_7_B1,BELDEN_7_B1,BELDEN_7_B1,RTPD,MGHG,LMP_GHG_PRC,BELDEN_7_B1,ALL,1,0,1,5
2022-09-01T20:00:00-00:00,2022-09-01T20:15:00-00:00,2022-09-01,14,BELDEN_7_B1,BELDEN_7_B1,BELDEN_7_B1,RTPD,MGHG,LMP_GHG_PRC,BELDEN_7_B1,ALL,1,0,1,5
2022-09-01T21:00:00-00:00,2022-09-01T21:15:00-00:00,2022-09-01,15,BELDEN_7_B1,BELDEN_7_B1,BELDEN_7_B1,RTPD,MGHG,LMP_GHG_PRC,BELDEN_7_B1,ALL,1,0,1,5
2022-09-01T22:00:00-00:00,2022-09-01T22:15:00-00:00,2022-09-01,16,BELDEN_7_B1,BELDEN_7_B1,BELDEN_7_B1,RTPD,MGHG,LMP_GHG_PRC,BELDEN_7_B1,ALL,1,0,1,5
2022-09-01T23:00:00-00:00,2022-09-01T23:15:00-00:00,2022-09-01,17,BELDEN_7_B1,BELDEN_7_B1,BELDEN_7_B1,RTPD,MGHG,LMP_GHG_PRC,BELDEN_7_B1,ALL,1,0,1,5
2022-09-02T00:00:00-00:00,2022-09-02T00:15:00-00:00,2022-09-01,18,BELDEN_7_B1,BELDEN_7_B1,BELDEN_7_B1,RTPD,MGHG,LMP_GHG_PRC,BELDEN_7_B1,ALL,1,0,1,5
2022-09-02T01:00:00-00:00,2022-09-02T01:15:00-00:00,2022-09-01,19,BELDEN_7_B1,BELDEN_7_B1,BELDEN_7_B1,RTPD,MGHG,LMP_GHG_PRC,BELDEN_7_B1,ALL,1,0,1,5
2022-09-02T02:00:00-00:00,2022-09-02T02:15:00-00:00,2022-09-01,20,BELDEN_7_B1,BELDEN_7_B1,BELDEN_7_B1,RTPD,MGHG,LMP_GHG_PRC,BELDEN_7_B1,ALL,1,0,1,5
2022-09-02T03:00:00-00:00,2022-09-02T03:15:00-00:00,2022-09-01,21,BELDEN_7_B1,BELDEN_7_B1,BELDEN_7_B1,RTPD,MGHG,LMP_GHG_PRC,BELDEN_7_B1,ALL,1,0,1,5
2022-09-02T04:00:00-00:00,2022-09-02T04:15:00-00:00,2022-09-01,22,BELDEN_7_B1,BELDEN_7_B1,BELDEN_7_B1,RTPD,MGHG,LMP_GHG_PRC,BELDEN_7_B1,ALL,1,0,1,5
2022-09-02T05:00:00-00:00,2022-09-02T05:15:00-00:00,2022-09-01,23,BELDEN_7_B1,BELDEN_7_B1,BELDEN_7_B1,RTPD,MGHG,LMP_GHG_PRC,BELDEN_7_B1,ALL,1,0,1,5
2022-09-02T06:00:00-00:00,2022-09-02T06:15:00-00:00,2022-09-01,24,BELDEN_7_B1,BELDEN_7_B1,BELDEN_7_B1,RTPD,MGHG,LMP_GHG_PRC,BELDEN_7_B1,ALL,1,0,1,5
2022-09-01T07:15:00-00:00,2022-09-01T07:30:00-00:00,2022-09-01,01,BELDEN_7_B1,BELDEN_7_B1,BELDEN_7_B1,RTPD,MGHG,LMP_GHG_PRC,BELDEN_7_B1,ALL,1,0,2,5
2022-09-01T08:15:00-00:00,2022-09-01T08:30:00-00:00,2022-09-01,02,BELDEN_7_B1,BELDEN_7_B1,BELDEN_7_B1,RTPD,MGHG,LMP_GHG_PRC,BELDEN_7_B1,ALL,1,0,2,5
2022-09-01T09:15:00-00:00,2022-09-01T09:30:00-00:00,2022-09-01,03,BELDEN_7_B1,BELDEN_7_B1,BELDEN_7_B1,RTPD,MGHG,LMP_GHG_PRC,BELDEN_7_B1,ALL,1,0,2,5
2022-09-01T10:15:00-00:00,2022-09-01T10:30:00-00:00,2022-09-01,04,BELDEN_7_B1,BELDEN_7_B1,BELDEN_7_B1,RTPD,MGHG,LMP_GHG_PRC,BELDEN_7_B1,ALL,1,0,2,5
2022-09-01T11:15:00-00:00,2022-09-01T11:30:00-00:00,2022-09-01,05,BELDEN_7_B1,BELDEN_7_B1,BELDEN_7_B1,RTPD,MGHG,LMP_GHG_PRC,BELDEN_7_B1,ALL,1,0,2,5
2022-09-01T12:15:00-00:00,2022-09-01T12:30:00-00:00,2022-09-01,06,BELDEN_7_B1,BELDEN_7_B1,BELDEN_7_B1,RTPD,MGHG,LMP_GHG_PRC,BELDEN_7_B1,ALL,1,0,2,5
2022-09-01T13:15:00-00:00,2022-09-01T13:30:00-00:00,2022-09-01,07,BELDEN_7_B1,BELDEN_7_B1,BELDEN_7_B1,RTPD,MGHG,LMP_GHG_PRC,BELDEN_7_B1,ALL,1,0,2,5
2022-09-01T14:15:00-00:00,2022-09-01T14:30:00-00:00,2022-09-01,08,BELDEN_7_B1,BELDEN_7_B1,BELDEN_7_B1,RTPD,MGHG,LMP_GHG_PRC,BELDEN_7_B1,ALL,1,0,2,5
2022-09-01T15:15:00-00:00,2022-09-01T15:30:00-00:00,2022-09-01,09,BELDEN_7_B1,BELDEN_7_B1,BELDEN_7_B1,RTPD,MGHG,LMP_GHG_PRC,BELDEN_7_B1,ALL,1,0,2,5
2022-09-01T16:15:00-00:00,2022-09-01T16:30:00-00:00,2022-09-01,10,BELDEN_7_B1,BELDEN_7_B1,BELDEN_7_B1,RTPD,MGHG,LMP_GHG_PRC,BELDEN_7_B1,ALL,1,0,2,5
2022-09-01T17:15:00-00:00,2022-09-01T17:30:00-00:00,2022-09-01,11,BELDEN_7_B1,BELDEN_7_B1,BELDEN_7_B1,RTPD,MGHG,LMP_GHG_PRC,BELDEN_7_B1,ALL,1,0,2,5
2022-09-01T18:15:00-00:00,2022-09-01T18:30:00-00:00,2022-09-01,12,BELDEN_7_B1,BELDEN_7_B1,BELDEN_7_B1,RTPD,MGHG,LMP_GHG_PRC,BELDEN_7_B1,ALL,1,0,2,5
2022-09-01T19:15:00-00:00,2022-09-01T19:30:00-00:00,2022-09-01,13,BELDEN_7_B1,BELDEN_7_B1,BELDEN_7_B1,RTPD,MGHG,LMP_GHG_PRC,BELDEN_7_B1,ALL,1,0,2,5
2022-09-01T20:15:00-00:00,2022-09-01T20:30:00-00:00,2022-09-01,14,BELDEN_7_B1,BELDEN_7_B1,BELDEN_7_B1,RTPD,MGHG,LMP_GHG_PRC,BELDEN_7_B1,ALL,1,0,2,5
2022-09-01T21:15:00-00:00,2022-09-01T21:30:00-00:00,2022-09-01,15,BELDEN_7_B1,BELDEN_7_B1,BELDEN_7_B1,RTPD,MGHG,LMP_GHG_PRC,BELDEN_7_B1,ALL,1,0,2,5
2022-09-01T22:15:00-00:00,2022-09-01T22:30:00-00:00,2022-09-01,16,BELDEN_7_B1,BELDEN_7_B1,BELDEN_7_B1,RTPD,MGHG,LMP_GHG_PRC,BELDEN_7_B1,ALL,1,0,2,5
2022-09-01T23:15:00-00:00,2022-09-01T23:30:00-00:00,2022-09-01,17,BELDEN_7_B1,BELDEN_7_B1,BELDEN_7_B1,RTPD,MGHG,LMP_GHG_PRC,BELDEN_7_B1,ALL,1,0,2,5
2022-09-02T00:15:00-00:00,2022-09-02T00:30:00-00:00,2022-09-01,18,BELDEN_7_B1,BELDEN_7_B1,BELDEN_7_B1,RTPD,MGHG,LMP_GHG_PRC,BELDEN_7_B1,ALL,1,0,2,5
2022-09-02T01:15:00-00:00,2022-09-02T01:30:00-00:00,2022-09-01,19,BELDEN_7_B1,BELDEN_7_B1,BELDEN_7_B1,RTPD,MGHG,LMP_GHG_PRC,BELDEN_7_B1,ALL,1,0,2,5
2022-09-02T02:15:00-00:00,2022-09-02T02:30:00-00:00,2022-09-01,20,BELDEN_7_B1,BELDEN_7_B1,BELDEN_7_B1,RTPD,MGHG,LMP_GHG_PRC,BELDEN_7_B1,ALL,1,0,2,5
2022-09-02T03:15:00-00:00,2022-09-02T03:30:00-00:00,2022-09-01,21,BELDEN_7_B1,BELDEN_7_B1,BELDEN_7_B1,RTPD,MGHG,LMP_GHG_PRC,BELDEN_7_B1,ALL,1,0,2,5
2022-09-02T04:15:00-00:00,2022-09-02T04:30:00-00:00,2022-09-01,22,BELDEN_7_B1,BELDEN_7_B1,BELDEN_7_B1,RTPD,MGHG,LMP_GHG_PRC,BELDEN_7_B1,ALL,1,0,2,5
2022-09-02T05:15:00-00:00,2022-09-02T05:30:00-00:00,2022-09-01,23,BELDEN_7_B1,BELDEN_7_B1,BELDEN_7_B1,RTPD,MGHG,LMP_GHG_PRC,BELDEN_7_B1,ALL,1,0,2,5
2022-09-02T06:15:00-00:00,2022-09-02T06:30:00-00:00,2022-09-01,24,BELDEN_7_B1,BELDEN_7_B1,BELDEN_7_B1,RTPD,MGHG,LMP_GHG_PRC,BELDEN_7_B1,ALL,1,0,2,5
2022-09-01T07:30:00-00:00,2022-09-01T07:45:00-00:00,2022-09-01,01,BELDEN_7_B1,BELDEN_7_B1,BELDEN_7_B1,RTPD,MGHG,LMP_GHG_PRC,BELDEN_7_B1,ALL,1,0,3,5
2022-09-01T08:30:00-00:00,2022-09-01T08:45:00-00:00,2022-09-01,02,BELDEN_7_B1,BELDEN_7_B1,BELDEN_7_B1,RTPD,MGHG,LMP_GHG_PRC,BELDEN_7_B1,ALL,1,0,3,5
2022-09-01T09:30:00-00:00,2022-09-01T09:45:00-00:00,2022-09-01,03,BELDEN_7_B1,BELDEN_7_B1,BELDEN_7_B1,RTPD,MGHG,LMP_GHG_PRC,BELDEN_7_B1,ALL,1,0,3,5
2022-09-01T10:30:00-00:00,2022-09-01T10:45:00-00:00,2022-09-01,04,BELDEN_7_B1,BELDEN_7_B1,BELDEN_7_B1,RTPD,MGHG,LMP_GHG_PRC,BELDEN_7_B1,ALL,1,0,3,5
2022-09-01T11:30:00-00:00,2022-09-01T11:45:00-00:00,2022-09-01,05,BELDEN_7_B1,BELDEN_7_B1,BELDEN_7_B1,RTPD,MGHG,LMP_GHG_PRC,BELDEN_7_B1,ALL,1,0,3,5
2022-09-01T12:30:00-00:00,2022-09-01T12:45:00-00:00,2022-09-01,06,BELDEN_7_B1,BELDEN_7_B1,BELDEN_7_B1,RTPD,MGHG,LMP_GHG_PRC,BELDEN_7_B1,ALL,1,0,3,5
2022-09-01T13:30:00-00:00,2022-09-01T13:45:00-00:00,2022-09-01,07,BELDEN_7_B1,BELDEN_7_B1,BELDEN_7_B1,RTPD,MGHG,LMP_GHG_PRC,BELDEN_7_B1,ALL,1,0,3,5
2022-09-01T14:30:00-00:00,2022-09-01T14:45:00-00:00,2022-09-01,08,BELDEN_7_B1,BELDEN_7_B1,BELDEN_7_B1,RTPD,MGHG,LMP_GHG_PRC,BELDEN_7_B1,ALL,1,0,3,5
2022-09-01T15:30:00-00:00,2022-09-01T15:45:00-00:00,2022-09-01,09,BELDEN_7_B1,BELDEN_7_B1,BELDEN_7_B1,RTPD,MGHG,LMP_GHG_PRC,BELDEN_7_B1,ALL,1,0,3,5
2022-09-01T16:30:00-00:00,2022-09-01T16:45:00-00:00,2022-09-01,10,BELDEN_7_B1,BELDEN_7_B1,BELDEN_7_B1,RTPD,MGHG,LMP_GHG_PRC,BELDEN_7_B1,ALL,1,0,3,5
2022-09-01T17:30:00-00:00,2022-09-01T17:45:00-00:00,2022-09-01,11,BELDEN_7_B1,BELDEN_7_B1,BELDEN_7_B1,RTPD,MGHG,LMP_GHG_PRC,BELDEN_7_B1,ALL,1,0,3,5
2022-09-01T18:30:00-00:00,2022-09-01T18:45:00-00:00,2022-09-01,12,BELDEN_7_B1,BELDEN_7_B1,BELDEN_7_B1,RTPD,MGHG,LMP_GHG_PRC,BELDEN_7_B1,ALL,1,0,3,5
2022-09-01T19:30:00-00:00,2022-09-01T19:45:00-00:00,2022-09-01,13,BELDEN_7_B1,BELDEN_7_B1,BELDEN_7_B1,RTPD,MGHG,LMP_GHG_PRC,BELDEN_7_B1,ALL,1,0,3,5
2022-09-01T20:30:00-00:00,2022-09-01T20:45:00-00:00,2022-09-01,14,BELDEN_7_B1,BELDEN_7_B1,BELDEN_7_B1,RTPD,MGHG,LMP_GHG_PRC,BELDEN_7_B1,ALL,1,0,3,5
2022-09-01T21:30:00-00:00,2022-09-01T21:45:00-00:00,2022-09-01,15,BELDEN_7_B1,BELDEN_7_B1,BELDEN_7_B1,RTPD,MGHG,LMP_GHG_PRC,BELDEN_7_B1,ALL,1,0,3,5
2022-09-01T22:30:00-00:00,2022-09-01T22:45:00-00:00,2022-09-01,16,BELDEN_7_B1,BELDEN_7_B1,BELDEN_7_B1,RTPD,MGHG,LMP_GHG_PRC,BELDEN_7_B1,ALL,1,0,3,5
2022-09-01T23:30:00-00:00,2022-09-01T23:45:00-00:00,2022-09-01,17,BELDEN_7_B1,BELDEN_7_B1,BELDEN_7_B1,RTPD,MGHG,LMP_GHG_PRC,BELDEN_7_B1,ALL,1,0,3,5
2022-09-02T00:30:00-00:00,2022-09-02T00:45:00-00:00,2022-09-01,18,BELDEN_7_B1,BELDEN_7_B1,BELDEN_7_B1,RTPD,MGHG,LMP_GHG_PRC,BELDEN_7_B1,ALL,1,0,3,5
2022-09-02T01:30:00-00:00,2022-09-02T01:45:00-00:00,2022-09-01,19,BELDEN_7_B1,BELDEN_7_B1,BELDEN_7_B1,RTPD,MGHG,LMP_GHG_PRC,BELDEN_7_B1,ALL,1,0,3,5
2022-09-02T02:30:00-00:00,2022-09-02T02:45:00-00:00,2022-09-01,20,BELDEN_7_B1,BELDEN_7_B1,BELDEN_7_B1,RTPD,MGHG,LMP_GHG_PRC,BELDEN_7_B1,ALL,1,0,3,5
2022-09-02T03:30:00-00:00,2022-09-02T03:45:00-00:00,2022-09-01,21,BELDEN_7_B1,BELDEN_7_B1,BELDEN_7_B1,RTPD,MGHG,LMP_GHG_PRC,BELDEN_7_B1,ALL,1,0,3,5
2022-09-02T04:30:00-00:00,2022-09-02T04:45:00-00:00,2022-09-01,22,BELDEN_7_B1,BELDEN_7_B1,BELDEN_7_B1,RTPD,MGHG,LMP_GHG_PRC,BELDEN_7_B1,ALL,1,0,3,5
2022-09-02T05:30:00-00:00,2022-09-02T05:45:00-00:00,2022-09-01,23,BELDEN_7_B1,BELDEN_7_B1,BELDEN_7_B1,RTPD,MGHG,LMP_GHG_PRC,BELDEN_7_B1,ALL,1,0,3,5
2022-09-02T06:30:00-00:00,2022-09-02T06:45:00-00:00,2022-09-01,24,BELDEN_7_B1,BELDEN_7_B1,BELDEN_7_B1,RTPD,MGHG,LMP_GHG_PRC,BELDEN_7_B1,ALL,1,0,3,5
2022-09-01T07:45:00-00:00,2022-09-01T08:00:00-00:00,2022-09-01,01,BELDEN_7_B1,BELDEN_7_B1,BELDEN_7_B1,RTPD,MGHG,LMP_GHG_PRC,BELDEN_7_B1,ALL,1,0,4,5
2022-09-01T08:45:00-00:00,2022-09-01T09:00:00-00:00,2022-09-01,02,BELDEN_7_B1,BELDEN_7_B1,BELDEN_7_B1,RTPD,MGHG,LMP_GHG_PRC,BELDEN_7_B1,ALL,1,0,4,5
2022-09-01T09:45:00-00:00,2022-09-01T10:00:00-00:00,2022-09-01,03,BELDEN_7_B1,BELDEN_7_B1,BELDEN_7_B1,RTPD,MGHG,LMP_GHG_PRC,BELDEN_7_B1,ALL,1,0,4,5
2022-09-01T10:45:00-00:00,2022-09-01T11:00:00-00:00,2022-09-01,04,BELDEN_7_B1,BELDEN_7_B1,BELDEN_7_B1,RTPD,MGHG,LMP_GHG_PRC,BELDEN_7_B1,ALL,1,0,4,5
2022-09-01T11:45:00-00:00,2022-09-01T12:00:00-00:00,2022-09-01,05,BELDEN_7_B1,BELDEN_7_B1,BELDEN_7_B1,RTPD,MGHG,LMP_GHG_PRC,BELDEN_7_B1,ALL,1,0,4,5
2022-09-01T12:45:00-00:00,2022-09-01T13:00:00-00:00,2022-09-01,06,BELDEN_7_B1,BELDEN_7_B1,BELDEN_7_B1,RTPD,MGHG,LMP_GHG_PRC,BELDEN_7_B1,ALL,1,0,4,5
2022-09-01T13:45:00-00:00,2022-09-01T14:00:00-00:00,2022-09-01,07,BELDEN_7_B1,BELDEN_7_B1,BELDEN_7_B1,RTPD,MGHG,LMP_GHG_PRC,BELDEN_7_B1,ALL,1,0,4,5
2022-09-01T14:45:00-00:00,2022-09-01T15:00:00-00:00,2022-09-01,08,BELDEN_7_B1,BELDEN_7_B1,BELDEN_7_B1,RTPD,MGHG,LMP_GHG_PRC,BELDEN_7_B1,ALL,1,0,4,5
2022-09-01T15:45:00-00:00,2022-09-01T16:00:00-00:00,2022-09-01,09,BELDEN_7_B1,BELDEN_7_B1,BELDEN_7_B1,RTPD,MGHG,LMP_GHG_PRC,BELDEN_7_B1,ALL,1,0,4,5
2022-09-01T16:45:00-00:00,2022-09-01T17:00:00-00:00,2022-09-01,10,BELDEN_7_B1,BELDEN_7_B1,BELDEN_7_B1,RTPD,MGHG,LMP_GHG_PRC,BELDEN_7_B1,ALL,1,0,4,5
2022-09-01T17:45:00-00:00,2022-09-01T18:00:00-00:00,2022-09-01,11,BELDEN_7_B1,BELDEN_7_B1,BELDEN_7_B1,RTPD,MGHG,LMP_GHG_PRC,BELDEN_7_B1,ALL,1,0,4,5
2022-09-01T18:45:00-00:00,2022-09-01T19:00:00-00:00,2022-09-01,12,BELDEN_7_B1,BELDEN_7_B1,BELDEN_7_B1,RTPD,MGHG,LMP_GHG_PRC,BELDEN_7_B1,ALL,1,0,4,5
2022-09-01T19:45:00-00:00,2022-09-01T20:00:00-00:00,2022-09-01,13,BELDEN_7_B1,BELDEN_7_B1,BELDEN_7_B1,RTPD,MGHG,LMP_GHG_PRC,BELDEN_7_B1,ALL,1,0,4,5
2022-09-01T20:45:00-00:00,2022-09-01T21:00:00-00:00,2022-09-01,14,BELDEN_7_B1,BELDEN_7_B1,BELDEN_7_B1,RTPD,MGHG,LMP_GHG_PRC,BELDEN_7_B1,ALL,1,0,4,5
2022-09-01T21:45:00-00:00,2022-09-01T22:00:00-00:00,2022-09-01,15,BELDEN_7_B1,BELDEN_7_B1,BELDEN_7_B1,RTPD,MGHG,LMP_GHG_PRC,BELDEN_7_B1,ALL,1,0,4,5
2022-09-01T22:45:00-00:00,2022-09-01T23:00:00-00:00,2022-09-01,16,BELDEN_7_B1,BELDEN_7_B1,BELDEN_7_B1,RTPD,MGHG,LMP_GHG_PRC,BELDEN_7_B1,ALL,1,0,4,5
2022-09-01T23:45:00-00:00,2022-09-02T00:00:00-00:00,2022-09-01,17,BELDEN_7_B1,BELDEN_7_B1,BELDEN_7_B1,RTPD,MGHG,LMP_GHG_PRC,BELDEN_7_B1,ALL,1,0,4,5
2022-09-02T00:45:00-00:00,2022-09-02T01:00:00-00:00,2022-09-01,18,BELDEN_7_B1,BELDEN_7_B1,BELDEN_7_B1,RTPD,MGHG,LMP_GHG_PRC,BELDEN_7_B1,ALL,1,0,4,5
2022-09-02T01:45:00-00:00,2022-09-02T02:00:00-00:00,2022-09-01,19,BELDEN_7_B1,BELDEN_7_B1,BELDEN_7_B1,RTPD,MGHG,LMP_GHG_PRC,BELDEN_7_B1,ALL,1,0,4,5
2022-09-02T02:45:00-00:00,2022-09-02T03:00:00-00:00,2022-09-01,20,BELDEN_7_B1,BELDEN_7_B1,BELDEN_7_B1,RTPD,MGHG,LMP_GHG_PRC,BELDEN_7_B1,ALL,1,0,4,5
2022-09-02T03:45:00-00:00,2022-09-02T04:00:00-00:00,2022-09-01,21,BELDEN_7_B1,BELDEN_7_B1,BELDEN_7_B1,RTPD,MGHG,LMP_GHG_PRC,BELDEN_7_B1,ALL,1,0,4,5
2022-09-02T04:45:00-00:00,2022-09-02T05:00:00-00:00,2022-09-01,22,BELDEN_7_B1,BELDEN_7_B1,BELDEN_7_B1,RTPD,MGHG,LMP_GHG_PRC,BELDEN_7_B1,ALL,1,0,4,5
2022-09-02T05:45:00-00:00,2022-09-02T06:00:00-00:00,2022-09-01,23,BELDEN_7_B1,BELDEN_7_B1,BELDEN_7_B1,RTPD,MGHG,LMP_GHG_PRC,BELDEN_7_B1,ALL,1,0,4,5
2022-09-02T06:45:00-00:00,2022-09-02T07:00:00-00:00,2022-09-01,24,BELDEN_7_B1,BELDEN_7_B1,BELDEN_7_B1,RTPD,MGHG,LMP_GHG_PRC,BELDEN_7_B1,ALL,1,0,4,5
